Repo name,File name,Location,Content
linux,../repos/linux/lib/stackinit_kunit.c,"(28, 8)-(28, 16)",b'static volatile u8 forced_mask = 0xff;'
linux,../repos/linux/lib/strcat_kunit.c,"(11, 8)-(11, 16)",b'static volatile int unconst;'
linux,../repos/linux/lib/check_signature.c,"(16, 27)-(16, 35)",b'const volatile void __iomem *io_addr'
linux,../repos/linux/lib/crypto/aes.c,"(15, 8)-(15, 16)",b'static volatile const u8 __cacheline_aligned ...'
linux,../repos/linux/lib/crypto/aes.c,"(50, 8)-(50, 16)",b'static volatile const u8 __cacheline_aligned ...'
linux,../repos/linux/lib/test_ubsan.c,"(16, 2)-(16, 10)",b'volatile int val = 16;'
linux,../repos/linux/lib/test_ubsan.c,"(17, 2)-(17, 10)",b'volatile int val2 = 0;'
linux,../repos/linux/lib/test_ubsan.c,"(25, 2)-(25, 10)","b'volatile int neg = -1, wrap = 4;'"
linux,../repos/linux/lib/test_ubsan.c,"(38, 2)-(38, 10)","b'volatile int i = 4, j = 5, k = -1;'"
linux,../repos/linux/lib/test_ubsan.c,"(39, 2)-(39, 10)",b'volatile char above[4] = { };'
linux,../repos/linux/lib/test_ubsan.c,"(40, 2)-(40, 10)",b'volatile int arr[4];'
linux,../repos/linux/lib/test_ubsan.c,"(41, 2)-(41, 10)",b'volatile char below[4] = { };'
linux,../repos/linux/lib/test_ubsan.c,"(60, 2)-(60, 10)","b'volatile char *dst, *src;'"
linux,../repos/linux/lib/test_ubsan.c,"(84, 2)-(84, 10)",b'volatile char arr[5]'
linux,../repos/linux/lib/test_ubsan.c,"(85, 2)-(85, 10)","b'volatile int *ptr, val = 6;'"
linux,../repos/linux/lib/overflow_kunit.c,"(655, 2)-(655, 10)",b'volatile int unconst = 0;'
linux,../repos/linux/lib/fortify_kunit.c,"(41, 8)-(41, 16)",b'static volatile int pick;'
linux,../repos/linux/lib/fortify_kunit.c,"(116, 8)-(116, 16)",b'static volatile size_t zero_size;'
linux,../repos/linux/lib/fortify_kunit.c,"(117, 8)-(117, 16)",b'static volatile size_t unknown_size = 50;'
linux,../repos/linux/lib/logic_iomem.c,"(79, 26)-(79, 34)",b'volatile void __iomem *addr'
linux,../repos/linux/lib/logic_iomem.c,"(136, 16)-(136, 24)",b'const volatile void __iomem *addr'
linux,../repos/linux/lib/logic_iomem.c,"(152, 14)-(152, 22)",b'volatile void __iomem *addr'
linux,../repos/linux/lib/logic_iomem.c,"(195, 28)-(195, 36)",b'volatile void __iomem *addr'
linux,../repos/linux/lib/logic_iomem.c,"(201, 52)-(201, 60)",b'const volatile void __iomem *addr'
linux,../repos/linux/lib/logic_iomem.c,"(210, 30)-(210, 38)",b'volatile void __iomem *addr'
linux,../repos/linux/lib/logic_iomem.c,"(254, 16)-(254, 24)",b'volatile void __iomem *addr'
linux,../repos/linux/lib/logic_iomem.c,"(276, 40)-(276, 48)",b'const volatile void __iomem *addr'
linux,../repos/linux/lib/logic_iomem.c,"(300, 18)-(300, 26)",b'volatile void __iomem *addr'
linux,../repos/linux/lib/percpu_test.c,"(26, 2)-(26, 10)",b'volatile unsigned int ui_one = 1;'
linux,../repos/linux/lib/test_fpu.c,"(30, 2)-(30, 10)","b'volatile double a, b, c, d, e, f, g;'"
linux,../repos/linux/lib/trace_readwrite.c,"(16, 40)-(16, 48)",b'volatile void __iomem *addr'
linux,../repos/linux/lib/trace_readwrite.c,"(24, 45)-(24, 53)",b'volatile void __iomem *addr'
linux,../repos/linux/lib/trace_readwrite.c,"(32, 36)-(32, 44)",b'const volatile void __iomem *addr'
linux,../repos/linux/lib/trace_readwrite.c,"(40, 50)-(40, 58)",b'const volatile void __iomem *addr'
linux,../repos/linux/include/linux/cleanup.h,"(72, 7)-(72, 15)",b'static inline __must_check\nconst volatile voi...'
linux,../repos/linux/include/linux/cleanup.h,"(72, 45)-(72, 53)",b'const volatile void *val'
linux,../repos/linux/include/linux/nodemask.h,"(129, 50)-(129, 58)",b'volatile nodemask_t *dstp'
linux,../repos/linux/include/linux/nodemask.h,"(135, 43)-(135, 51)",b'volatile nodemask_t *dstp'
linux,../repos/linux/include/linux/compiler_types.h,"(35, 41)-(35, 49)",b'const volatile void __user *ptr'
linux,../repos/linux/include/linux/compiler_types.h,"(36, 39)-(36, 47)",b'const volatile void __iomem *ptr'
linux,../repos/linux/include/linux/spinlock_types_up.h,"(18, 2)-(18, 10)",b'volatile unsigned int slock;'
linux,../repos/linux/include/linux/parport.h,"(150, 2)-(150, 10)",b'volatile long int timeout;'
linux,../repos/linux/include/linux/parport.h,"(179, 2)-(179, 10)",b'volatile enum ieee1284_phase phase;'
linux,../repos/linux/include/linux/linkmode.h,"(46, 45)-(46, 53)",b'volatile unsigned long *addr'
linux,../repos/linux/include/linux/linkmode.h,"(51, 47)-(51, 55)",b'volatile unsigned long *addr'
linux,../repos/linux/include/linux/linkmode.h,"(56, 45)-(56, 53)",b'volatile unsigned long *addr'
linux,../repos/linux/include/linux/linkmode.h,"(65, 51)-(65, 59)",b'const volatile unsigned long *addr'
linux,../repos/linux/include/linux/instrumented.h,"(24, 51)-(24, 59)",b'const volatile void *v'
linux,../repos/linux/include/linux/instrumented.h,"(38, 52)-(38, 60)",b'const volatile void *v'
linux,../repos/linux/include/linux/instrumented.h,"(52, 57)-(52, 65)",b'const volatile void *v'
linux,../repos/linux/include/linux/instrumented.h,"(66, 58)-(66, 66)",b'const volatile void *v'
linux,../repos/linux/include/linux/instrumented.h,"(80, 59)-(80, 67)",b'const volatile void *v'
linux,../repos/linux/include/linux/instrumented.h,"(94, 64)-(94, 72)",b'const volatile void *v'
linux,../repos/linux/include/linux/mmiotrace.h,"(50, 31)-(50, 39)",b'volatile void __iomem *addr'
linux,../repos/linux/include/linux/mmiotrace.h,"(70, 38)-(70, 46)",b'volatile void __iomem *addr'
linux,../repos/linux/include/linux/mc6821.h,"(26, 3)-(26, 11)",b'volatile u_char pra;'
linux,../repos/linux/include/linux/mc6821.h,"(27, 3)-(27, 11)",b'volatile u_char ddra;'
linux,../repos/linux/include/linux/mc6821.h,"(30, 2)-(30, 10)",b'volatile u_char cra;'
linux,../repos/linux/include/linux/mc6821.h,"(33, 3)-(33, 11)",b'volatile u_char prb;'
linux,../repos/linux/include/linux/mc6821.h,"(34, 3)-(34, 11)",b'volatile u_char ddrb;'
linux,../repos/linux/include/linux/mc6821.h,"(37, 2)-(37, 10)",b'volatile u_char crb;'
linux,../repos/linux/include/linux/io-64-nonatomic-hi-lo.h,"(8, 39)-(8, 47)",b'const volatile void __iomem *addr'
linux,../repos/linux/include/linux/io-64-nonatomic-hi-lo.h,"(10, 8)-(10, 16)",b'const volatile u32 __iomem *p = addr;'
linux,../repos/linux/include/linux/io-64-nonatomic-hi-lo.h,"(19, 44)-(19, 52)",b'volatile void __iomem *addr'
linux,../repos/linux/include/linux/io-64-nonatomic-hi-lo.h,"(25, 47)-(25, 55)",b'const volatile void __iomem *addr'
linux,../repos/linux/include/linux/io-64-nonatomic-hi-lo.h,"(27, 8)-(27, 16)",b'const volatile u32 __iomem *p = addr;'
linux,../repos/linux/include/linux/io-64-nonatomic-hi-lo.h,"(36, 52)-(36, 60)",b'volatile void __iomem *addr'
linux,../repos/linux/include/linux/bitops.h,"(275, 49)-(275, 57)",b'volatile unsigned long *addr'
linux,../repos/linux/include/linux/bitops.h,"(284, 51)-(284, 59)",b'volatile unsigned long *addr'
linux,../repos/linux/include/linux/kcsan-checks.h,"(37, 33)-(37, 41)",b'const volatile void *ptr'
linux,../repos/linux/include/linux/kcsan-checks.h,"(142, 8)-(142, 16)",b'const volatile void *ptr;'
linux,../repos/linux/include/linux/kcsan-checks.h,"(173, 33)-(173, 41)",b'const volatile void *ptr'
linux,../repos/linux/include/linux/kcsan-checks.h,"(189, 47)-(189, 55)",b'const volatile void *ptr'
linux,../repos/linux/include/linux/kcsan-checks.h,"(209, 33)-(209, 41)",b'const volatile void *ptr'
linux,../repos/linux/include/linux/kcsan-checks.h,"(229, 45)-(229, 53)",b'const volatile void *ptr'
linux,../repos/linux/include/linux/jiffies.h,"(86, 22)-(86, 30)",b'extern unsigned long volatile __cacheline_ali...'
linux,../repos/linux/include/linux/io.h,"(63, 27)-(63, 35)",b'const volatile void __iomem *io_addr'
linux,../repos/linux/include/linux/kasan-checks.h,"(19, 31)-(19, 39)",b'const volatile void *p'
linux,../repos/linux/include/linux/kasan-checks.h,"(20, 32)-(20, 40)",b'const volatile void *p'
linux,../repos/linux/include/linux/kasan-checks.h,"(22, 45)-(22, 53)",b'const volatile void *p'
linux,../repos/linux/include/linux/kasan-checks.h,"(26, 46)-(26, 54)",b'const volatile void *p'
linux,../repos/linux/include/linux/kasan-checks.h,"(40, 43)-(40, 51)",b'const volatile void *p'
linux,../repos/linux/include/linux/kasan-checks.h,"(44, 44)-(44, 52)",b'const volatile void *p'
linux,../repos/linux/include/linux/io-64-nonatomic-lo-hi.h,"(8, 39)-(8, 47)",b'const volatile void __iomem *addr'
linux,../repos/linux/include/linux/io-64-nonatomic-lo-hi.h,"(10, 8)-(10, 16)",b'const volatile u32 __iomem *p = addr;'
linux,../repos/linux/include/linux/io-64-nonatomic-lo-hi.h,"(19, 44)-(19, 52)",b'volatile void __iomem *addr'
linux,../repos/linux/include/linux/io-64-nonatomic-lo-hi.h,"(25, 47)-(25, 55)",b'const volatile void __iomem *addr'
linux,../repos/linux/include/linux/io-64-nonatomic-lo-hi.h,"(27, 8)-(27, 16)",b'const volatile u32 __iomem *p = addr;'
linux,../repos/linux/include/linux/io-64-nonatomic-lo-hi.h,"(36, 52)-(36, 60)",b'volatile void __iomem *addr'
linux,../repos/linux/mm/gup.c,"(1103, 9)-(1103, 17)",b'static volatile unsigned long next_warn;'
linux,../repos/linux/mm/gup.c,"(1983, 2)-(1983, 10)",b'volatile char c;'
linux,../repos/linux/mm/page_alloc.c,"(185, 1)-(185, 9)",b'volatile unsigned long latent_entropy __laten...'
linux,../repos/linux/mm/kasan/shadow.c,"(29, 31)-(29, 39)",b'const volatile void *p'
linux,../repos/linux/mm/kasan/shadow.c,"(35, 32)-(35, 40)",b'const volatile void *p'
linux,../repos/linux/mm/kasan/kasan_test.c,"(262, 34)-(262, 42)",b'volatile char *'
linux,../repos/linux/mm/kasan/kasan_test.c,"(309, 34)-(309, 42)",b'volatile char *'
linux,../repos/linux/mm/kasan/kasan_test.c,"(429, 34)-(429, 42)",b'volatile char *'
linux,../repos/linux/mm/kasan/kasan_test.c,"(624, 34)-(624, 42)",b'volatile char *'
linux,../repos/linux/mm/kasan/kasan_test.c,"(671, 34)-(671, 42)",b'volatile char *'
linux,../repos/linux/mm/kasan/kasan_test.c,"(697, 34)-(697, 42)",b'volatile char *'
linux,../repos/linux/mm/kasan/kasan_test.c,"(733, 35)-(733, 43)",b'volatile char *'
linux,../repos/linux/mm/kasan/kasan_test.c,"(734, 34)-(734, 42)",b'volatile char *'
linux,../repos/linux/mm/kasan/kasan_test.c,"(735, 34)-(735, 42)",b'volatile char *'
linux,../repos/linux/mm/kasan/kasan_test.c,"(755, 34)-(755, 42)",b'volatile char *'
linux,../repos/linux/mm/kasan/kasan_test.c,"(756, 34)-(756, 42)",b'volatile char *'
linux,../repos/linux/mm/kasan/kasan_test.c,"(778, 4)-(778, 12)",b'volatile struct kasan_rcu_info *'
linux,../repos/linux/mm/kasan/kasan_test.c,"(817, 5)-(817, 13)",b'volatile struct work_struct *'
linux,../repos/linux/mm/kasan/kasan_test.c,"(1055, 6)-(1055, 14)",b'volatile char *'
linux,../repos/linux/mm/kasan/kasan_test.c,"(1058, 6)-(1058, 14)",b'volatile char *'
linux,../repos/linux/mm/kasan/kasan_test.c,"(1123, 34)-(1123, 42)",b'volatile char *'
linux,../repos/linux/mm/kasan/kasan_test.c,"(1298, 8)-(1298, 16)",b'*volatile array'
linux,../repos/linux/mm/kasan/kasan_test.c,"(1304, 34)-(1304, 42)",b'volatile char *'
linux,../repos/linux/mm/kasan/kasan_test.c,"(1309, 8)-(1309, 16)",b'*volatile array'
linux,../repos/linux/mm/kasan/kasan_test.c,"(1318, 34)-(1318, 42)",b'volatile char *'
linux,../repos/linux/mm/kasan/kasan_test.c,"(1325, 8)-(1325, 16)",b'*volatile array'
linux,../repos/linux/mm/kasan/kasan_test.c,"(1330, 34)-(1330, 42)",b'volatile char *'
linux,../repos/linux/mm/kasan/kasan_test.c,"(1335, 2)-(1335, 10)",b'volatile int i = 10;'
linux,../repos/linux/mm/kasan/kasan_test.c,"(1338, 8)-(1338, 16)",b'*volatile array'
linux,../repos/linux/mm/kasan/kasan_test.c,"(1345, 34)-(1345, 42)",b'volatile char *'
linux,../repos/linux/mm/kasan/kasan_test.c,"(1350, 2)-(1350, 10)",b'volatile int i = 10;'
linux,../repos/linux/mm/kasan/kasan_test.c,"(1353, 8)-(1353, 16)",b'*volatile array'
linux,../repos/linux/mm/kasan/kasan_test.c,"(1360, 34)-(1360, 42)",b'volatile char *'
linux,../repos/linux/mm/kasan/kasan_test.c,"(1592, 35)-(1592, 43)",b'volatile char *'
linux,../repos/linux/mm/kasan/kasan_test.c,"(1595, 34)-(1595, 42)",b'volatile char *'
linux,../repos/linux/mm/ioremap.c,"(60, 22)-(60, 30)",b'volatile void __iomem *addr'
linux,../repos/linux/mm/ioremap.c,"(69, 14)-(69, 22)",b'volatile void __iomem *addr'
linux,../repos/linux/mm/kmsan/kmsan_test.c,"(207, 2)-(207, 10)",b'volatile int cond;'
linux,../repos/linux/mm/kmsan/kmsan_test.c,"(218, 2)-(218, 10)",b'volatile int cond = 1;'
linux,../repos/linux/mm/kmsan/kmsan_test.c,"(257, 2)-(257, 10)","b'volatile int uninit, init = 1;'"
linux,../repos/linux/mm/kmsan/kmsan_test.c,"(277, 2)-(277, 10)","b'volatile char b = 3, c;'"
linux,../repos/linux/mm/kmsan/kmsan_test.c,"(278, 2)-(278, 10)",b'volatile int a;'
linux,../repos/linux/mm/kmsan/kmsan_test.c,"(288, 2)-(288, 10)",b'volatile char uninit;'
linux,../repos/linux/mm/kmsan/kmsan_test.c,"(301, 2)-(301, 10)",b'volatile char local_array[8];'
linux,../repos/linux/mm/kmsan/kmsan_test.c,"(368, 2)-(368, 10)",b'volatile int value;'
linux,../repos/linux/mm/kmsan/kmsan_test.c,"(369, 2)-(369, 10)",b'volatile int *var;'
linux,../repos/linux/mm/kmsan/kmsan_test.c,"(388, 2)-(388, 10)","b'volatile int uninit, check;'"
linux,../repos/linux/mm/kmsan/kmsan_test.c,"(414, 2)-(414, 10)",b'volatile int uninit;'
linux,../repos/linux/mm/kmsan/kmsan_test.c,"(422, 39)-(422, 47)",b'volatile void *dst'
linux,../repos/linux/mm/kmsan/kmsan_test.c,"(423, 17)-(423, 25)",b'const volatile void *src'
linux,../repos/linux/mm/kmsan/kmsan_test.c,"(432, 2)-(432, 10)",b'volatile long long src;'
linux,../repos/linux/mm/kmsan/kmsan_test.c,"(433, 2)-(433, 10)",b'volatile long long dst = 0;'
linux,../repos/linux/mm/kmsan/kmsan_test.c,"(451, 2)-(451, 10)",b'volatile int uninit_src;'
linux,../repos/linux/mm/kmsan/kmsan_test.c,"(452, 2)-(452, 10)",b'volatile int dst = 0;'
linux,../repos/linux/mm/kmsan/kmsan_test.c,"(473, 2)-(473, 10)",b'volatile int uninit_src;'
linux,../repos/linux/mm/kmsan/kmsan_test.c,"(474, 2)-(474, 10)",b'volatile char dst[8] = { 0 };'
linux,../repos/linux/mm/kmsan/kmsan_test.c,"(514, 2)-(514, 10)",b'volatile char uninit_src[12];'
linux,../repos/linux/mm/kmsan/kmsan_test.c,"(515, 2)-(515, 10)",b'volatile char dst[8] = { 0 };'
linux,../repos/linux/mm/kmsan/kmsan_test.c,"(571, 2)-(571, 10)",b'volatile int accum[KMSAN_MAX_ORIGIN_DEPTH * 2...'
linux,../repos/linux/kernel/rcu/refscale.c,"(497, 8)-(497, 16)",b'static volatile u64 stopopts;'
linux,../repos/linux/kernel/kcsan/core.c,"(210, 20)-(210, 28)",b'const volatile void *ptr'
linux,../repos/linux/kernel/kcsan/core.c,"(231, 40)-(231, 48)",b'const volatile void *ptr'
linux,../repos/linux/kernel/kcsan/core.c,"(268, 43)-(268, 51)",b'const volatile void *ptr'
linux,../repos/linux/kernel/kcsan/core.c,"(338, 59)-(338, 67)",b'const volatile void *ptr'
linux,../repos/linux/kernel/kcsan/core.c,"(350, 26)-(350, 34)",b'const volatile u8 *'
linux,../repos/linux/kernel/kcsan/core.c,"(351, 26)-(351, 34)",b'const volatile u16 *'
linux,../repos/linux/kernel/kcsan/core.c,"(352, 26)-(352, 34)",b'const volatile u32 *'
linux,../repos/linux/kernel/kcsan/core.c,"(353, 26)-(353, 34)",b'const volatile u64 *'
linux,../repos/linux/kernel/kcsan/core.c,"(401, 50)-(401, 58)",b'const volatile void *ptr'
linux,../repos/linux/kernel/kcsan/core.c,"(418, 49)-(418, 57)",b'const volatile void *ptr'
linux,../repos/linux/kernel/kcsan/core.c,"(455, 51)-(455, 59)",b'const volatile void *ptr'
linux,../repos/linux/kernel/kcsan/core.c,"(527, 30)-(527, 38)",b'const volatile void *ptr'
linux,../repos/linux/kernel/kcsan/core.c,"(719, 20)-(719, 28)",b'const volatile void *ptr'
linux,../repos/linux/kernel/kcsan/core.c,"(907, 33)-(907, 41)",b'const volatile void *ptr'
linux,../repos/linux/kernel/kcsan/core.c,"(956, 33)-(956, 41)",b'const volatile void *ptr'
linux,../repos/linux/kernel/kcsan/permissive.h,"(22, 56)-(22, 64)",b'const volatile void *ptr'
linux,../repos/linux/kernel/kcsan/report.c,"(30, 8)-(30, 16)",b'const volatile void\t*ptr;'
linux,../repos/linux/kernel/kcsan/report.c,"(637, 53)-(637, 61)",b'const volatile void *ptr'
linux,../repos/linux/kernel/kcsan/report.c,"(651, 34)-(651, 42)",b'const volatile void *ptr'
linux,../repos/linux/kernel/kcsan/report.c,"(666, 38)-(666, 46)",b'const volatile void *ptr'
linux,../repos/linux/kernel/kcsan/report.c,"(700, 40)-(700, 48)",b'const volatile void *ptr'
linux,../repos/linux/kernel/kcsan/kcsan.h,"(123, 34)-(123, 42)",b'const volatile void *ptr'
linux,../repos/linux/kernel/kcsan/kcsan.h,"(131, 38)-(131, 46)",b'const volatile void *ptr'
linux,../repos/linux/kernel/kcsan/kcsan.h,"(139, 40)-(139, 48)",b'const volatile void *ptr'
linux,../repos/linux/kernel/events/ring_buffer.c,"(46, 5)-(46, 13)",b'volatile unsigned int *'
