Repo name,File name,Location,Content
linux,../repos/linux/lib/vsprintf.c,"(2953, 13)-(2953, 59)","b'snprintf(char *buf, size_t size, const char *...'"
linux,../repos/linux/lib/vsprintf.c,"(2977, 14)-(2977, 60)","b'scnprintf(char *buf, size_t size, const char ...'"
linux,../repos/linux/lib/vsprintf.c,"(3022, 12)-(3022, 45)","b'sprintf(char *buf, const char *fmt, ...)'"
linux,../repos/linux/lib/vsprintf.c,"(3417, 12)-(3417, 61)","b'bprintf(u32 *bin_buf, size_t size, const char...'"
linux,../repos/linux/lib/vsprintf.c,"(3715, 11)-(3715, 50)","b'sscanf(const char *buf, const char *fmt, ...)'"
linux,../repos/linux/lib/dynamic_debug.c,"(861, 24)-(861, 74)",b'__dynamic_pr_debug(struct _ddebug *descriptor...'
linux,../repos/linux/lib/dynamic_debug.c,"(881, 23)-(882, 56)","b'__dynamic_dev_dbg(struct _ddebug *descriptor,...'"
linux,../repos/linux/lib/dynamic_debug.c,"(912, 26)-(913, 57)",b'__dynamic_netdev_dbg(struct _ddebug *descript...'
linux,../repos/linux/lib/dynamic_debug.c,"(951, 25)-(952, 57)",b'__dynamic_ibdev_dbg(struct _ddebug *descripto...'
linux,../repos/linux/lib/kobject.c,"(306, 21)-(306, 65)","b'kobject_set_name(struct kobject *kobj, const ...'"
linux,../repos/linux/lib/kobject.c,"(408, 16)-(409, 24)","b'kobject_add(struct kobject *kobj, struct kobj...'"
linux,../repos/linux/lib/kobject.c,"(446, 25)-(447, 50)","b'kobject_init_and_add(struct kobject *kobj, co...'"
linux,../repos/linux/lib/kasprintf.c,"(53, 16)-(53, 49)","b'kasprintf(gfp_t gfp, const char *fmt, ...)'"
linux,../repos/linux/lib/zstd/common/error_private.h,"(77, 30)-(77, 55)","b'_force_has_format_string(const char *format, ...)'"
linux,../repos/linux/lib/test_scanf.c,"(31, 6)-(32, 18)","b'_test(check_fn fn, const void *check_data, co...'"
linux,../repos/linux/lib/test_scanf.c,"(315, 11)-(315, 75)","b'append_fmt(char *buf, int *buf_pos, int buf_l...'"
linux,../repos/linux/lib/test_printf.c,"(106, 7)-(106, 59)","b'__test(const char *expect, int elen, const ch...'"
linux,../repos/linux/lib/seq_buf.c,"(83, 19)-(83, 60)","b'seq_buf_printf(struct seq_buf *s, const char ...'"
linux,../repos/linux/lib/dump_stack.c,"(30, 37)-(30, 59)","b'dump_stack_set_arch_desc(const char *fmt, ...)'"
linux,../repos/linux/lib/kunit/string-stream.c,"(90, 22)-(90, 74)",b'string_stream_add(struct string_stream *strea...'
linux,../repos/linux/lib/kunit/test.c,"(32, 51)-(32, 101)",b'__kunit_fail_current_test_impl(const char *fi...'
linux,../repos/linux/lib/kunit/test.c,"(68, 19)-(172, 29)","b'module_param_named(enable, enable_param, bool...'"
linux,../repos/linux/lib/kunit/test.c,"(69, 17)-(164, 39)","b'(enable, ""Enable KUnit tests"");\n\n/*\n * KUnit ...'"
linux,../repos/linux/lib/kunit/test.c,"(312, 33)-(317, 32)",b'__kunit_do_failed_assertion(struct kunit *tes...'
linux,../repos/linux/lib/kunit/hooks-impl.h,"(18, 51)-(20, 31)",b'__kunit_fail_current_test_impl(const char *fi...'
linux,../repos/linux/lib/kunit/string-stream.h,"(38, 37)-(39, 31)",b'string_stream_add(struct string_stream *strea...'
linux,../repos/linux/lib/kobject_uevent.c,"(654, 19)-(654, 73)","b'add_uevent_var(struct kobj_uevent_env *env, c...'"
linux,../repos/linux/include/linux/pmu.h,"(18, 23)-(19, 55)","b'pmu_request(struct adb_request *req,\n\t\tvoid (...'"
linux,../repos/linux/include/linux/soc/qcom/qcom_aoss.h,"(16, 13)-(16, 52)","b'qmp_send(struct qmp *qmp, const char *fmt, ...)'"
linux,../repos/linux/include/linux/soc/qcom/qcom_aoss.h,"(22, 27)-(22, 66)","b'qmp_send(struct qmp *qmp, const char *fmt, ...)'"
linux,../repos/linux/include/linux/intel-ish-client-if.h,"(19, 47)-(20, 37)","b'(2, 3) void (*ishtp_print_log)(struct ishtp_d...'"
linux,../repos/linux/include/linux/panic.h,"(12, 11)-(12, 33)","b'panic(const char *fmt, ...)'"
linux,../repos/linux/include/linux/printk.h,"(135, 18)-(135, 40)","b'early_printk(const char *fmt, ...)'"
linux,../repos/linux/include/linux/printk.h,"(138, 18)-(138, 38)","b'early_printk(const char *s, ...)'"
linux,../repos/linux/include/linux/printk.h,"(153, 12)-(153, 34)","b'_printk(const char *fmt, ...)'"
linux,../repos/linux/include/linux/printk.h,"(158, 43)-(158, 65)","b'_printk_deferred(const char *fmt, ...)'"
linux,../repos/linux/include/linux/printk.h,"(189, 45)-(189, 67)","b'dump_stack_set_arch_desc(const char *fmt, ...)'"
linux,../repos/linux/include/linux/printk.h,"(202, 12)-(202, 32)","b'_printk(const char *s, ...)'"
linux,../repos/linux/include/linux/printk.h,"(207, 21)-(207, 41)","b'_printk_deferred(const char *s, ...)'"
linux,../repos/linux/include/linux/printk.h,"(252, 59)-(252, 81)","b'dump_stack_set_arch_desc(const char *fmt, ...)'"
linux,../repos/linux/include/linux/ethtool.h,"(1090, 43)-(1090, 76)","b'ethtool_sprintf(u8 **data, const char *fmt, ...)'"
linux,../repos/linux/include/linux/workqueue.h,"(447, 16)-(447, 74)","b'alloc_workqueue(const char *fmt, unsigned int...'"
linux,../repos/linux/include/linux/workqueue.h,"(515, 43)-(515, 65)","b'set_worker_desc(const char *fmt, ...)'"
linux,../repos/linux/include/linux/quotaops.h,"(37, 19)-(38, 27)","b'__quota_error(struct super_block *sb, const c...'"
linux,../repos/linux/include/linux/backing-dev.h,"(30, 17)-(30, 69)","b'bdi_register(struct backing_dev_info *bdi, co...'"
linux,../repos/linux/include/linux/jbd2.h,"(57, 18)-(58, 45)","b'__jbd2_debug(int level, const char *file, con...'"
linux,../repos/linux/include/linux/cpu.h,"(80, 33)-(82, 27)","b'cpu_device_create(struct device *parent, void...'"
linux,../repos/linux/include/linux/kdb.h,"(180, 37)-(180, 56)","b'kdb_printf(const char *, ...)'"
linux,../repos/linux/include/linux/kdb.h,"(181, 43)-(181, 62)","b'(1, 2) int (*kdb_printf_t)(const char *, ...)'"
linux,../repos/linux/include/linux/kdb.h,"(214, 44)-(214, 66)","b'kdb_printf(const char *fmt, ...)'"
linux,../repos/linux/include/linux/firmware/xlnx-zynqmp.h,"(530, 24)-(530, 76)","b'zynqmp_pm_invoke_fn(u32 pm_api_id, u32 *ret_p...'"
linux,../repos/linux/include/linux/adb.h,"(55, 16)-(56, 30)","b'adb_request(struct adb_request *req, void (*d...'"
linux,../repos/linux/include/linux/string.h,"(240, 12)-(240, 61)","b'bprintf(u32 *bin_buf, size_t size, const char...'"
linux,../repos/linux/include/linux/trace.h,"(50, 23)-(51, 31)","b'trace_array_printk(struct trace_array *tr, un...'"
linux,../repos/linux/include/linux/trace.h,"(75, 37)-(76, 31)","b'trace_array_printk(struct trace_array *tr, un...'"
linux,../repos/linux/include/linux/dev_printk.h,"(38, 20)-(38, 79)","b'dev_printk_emit(int level, const struct devic...'"
linux,../repos/linux/include/linux/dev_printk.h,"(41, 17)-(42, 25)","b'_dev_printk(const char *level, const struct d...'"
linux,../repos/linux/include/linux/dev_printk.h,"(44, 16)-(44, 64)","b'_dev_emerg(const struct device *dev, const ch...'"
linux,../repos/linux/include/linux/dev_printk.h,"(46, 16)-(46, 64)","b'_dev_alert(const struct device *dev, const ch...'"
linux,../repos/linux/include/linux/dev_printk.h,"(48, 15)-(48, 63)","b'_dev_crit(const struct device *dev, const cha...'"
linux,../repos/linux/include/linux/dev_printk.h,"(50, 14)-(50, 62)","b'_dev_err(const struct device *dev, const char...'"
linux,../repos/linux/include/linux/dev_printk.h,"(52, 15)-(52, 63)","b'_dev_warn(const struct device *dev, const cha...'"
linux,../repos/linux/include/linux/dev_printk.h,"(54, 17)-(54, 65)","b'_dev_notice(const struct device *dev, const c...'"
linux,../repos/linux/include/linux/dev_printk.h,"(56, 15)-(56, 63)","b'_dev_info(const struct device *dev, const cha...'"
linux,../repos/linux/include/linux/dev_printk.h,"(65, 20)-(65, 79)","b'dev_printk_emit(int level, const struct devic...'"
linux,../repos/linux/include/linux/dev_printk.h,"(72, 17)-(73, 25)","b'_dev_printk(const char *level, const struct d...'"
linux,../repos/linux/include/linux/dev_printk.h,"(77, 16)-(77, 64)","b'_dev_emerg(const struct device *dev, const ch...'"
linux,../repos/linux/include/linux/dev_printk.h,"(80, 15)-(80, 63)","b'_dev_crit(const struct device *dev, const cha...'"
linux,../repos/linux/include/linux/dev_printk.h,"(83, 16)-(83, 64)","b'_dev_alert(const struct device *dev, const ch...'"
linux,../repos/linux/include/linux/dev_printk.h,"(86, 14)-(86, 62)","b'_dev_err(const struct device *dev, const char...'"
linux,../repos/linux/include/linux/dev_printk.h,"(89, 15)-(89, 63)","b'_dev_warn(const struct device *dev, const cha...'"
linux,../repos/linux/include/linux/dev_printk.h,"(92, 17)-(92, 65)","b'_dev_notice(const struct device *dev, const c...'"
linux,../repos/linux/include/linux/dev_printk.h,"(95, 15)-(95, 63)","b'_dev_info(const struct device *dev, const cha...'"
linux,../repos/linux/include/linux/dev_printk.h,"(277, 33)-(277, 90)","b'dev_err_probe(const struct device *dev, int e...'"
linux,../repos/linux/include/linux/dcache.h,"(279, 20)-(279, 52)","b'dynamic_dname(char *, int, const char *, ...)'"
linux,../repos/linux/include/linux/phy.h,"(1813, 24)-(1813, 73)","b'phy_attached_print(struct phy_device *phydev,...'"
linux,../repos/linux/include/linux/bpf_verifier.h,"(753, 43)-(754, 30)",b'bpf_verifier_log_write(struct bpf_verifier_en...'
linux,../repos/linux/include/linux/bpf_verifier.h,"(755, 28)-(756, 29)","b'bpf_log(struct bpf_verifier_log *log,\n\t\t\t    ...'"
linux,../repos/linux/include/linux/bpf_verifier.h,"(762, 34)-(764, 35)","b'verbose_linfo(struct bpf_verifier_env *env,\n\t...'"
linux,../repos/linux/include/linux/ceph/osdmap.h,"(134, 21)-(134, 71)","b'ceph_oid_printf(struct ceph_object_id *oid, c...'"
linux,../repos/linux/include/linux/ceph/osdmap.h,"(136, 21)-(137, 29)","b'ceph_oid_aprintf(struct ceph_object_id *oid, ...'"
linux,../repos/linux/include/linux/fs_context.h,"(183, 11)-(183, 85)","b'logfc(struct fc_log *log, const char *prefix,...'"
linux,../repos/linux/include/linux/crash_core.h,"(46, 27)-(46, 49)","b'vmcoreinfo_append_str(const char *fmt, ...)'"
linux,../repos/linux/include/linux/cuda.h,"(16, 24)-(17, 56)","b'cuda_request(struct adb_request *req,\n\t\t\tvoid...'"
linux,../repos/linux/include/linux/mmiotrace.h,"(53, 43)-(53, 65)","b'mmiotrace_printk(const char *fmt, ...)'"
linux,../repos/linux/include/linux/mmiotrace.h,"(74, 50)-(74, 72)","b'mmiotrace_printk(const char *fmt, ...)'"
linux,../repos/linux/include/linux/configfs.h,"(50, 25)-(50, 66)","b'config_item_set_name(struct config_item *, co...'"
linux,../repos/linux/include/linux/gameport.h,"(76, 23)-(76, 72)","b'gameport_set_phys(struct gameport *gameport, ...'"
linux,../repos/linux/include/linux/gameport.h,"(91, 23)-(91, 72)","b'gameport_set_phys(struct gameport *gameport, ...'"
linux,../repos/linux/include/linux/remoteproc.h,"(677, 21)-(681, 30)","b'rproc_mem_entry_init(struct device *dev,\n\t\t  ...'"
linux,../repos/linux/include/linux/remoteproc.h,"(684, 29)-(685, 39)",b'rproc_of_resm_mem_entry_init(struct device *d...'
linux,../repos/linux/include/linux/fs.h,"(2532, 25)-(2532, 65)","b'super_setup_bdi_name(struct super_block *sb, ...'"
linux,../repos/linux/include/linux/fs.h,"(3425, 32)-(3425, 54)","b'__simple_attr_check_format(const char *fmt, ...)'"
linux,../repos/linux/include/linux/kmod.h,"(24, 21)-(24, 55)","b'__request_module(bool wait, const char *name, ...)'"
linux,../repos/linux/include/linux/kmod.h,"(30, 33)-(30, 56)","b'request_module(const char *name, ...)'"
linux,../repos/linux/include/linux/kmod.h,"(31, 40)-(31, 63)","b'request_module_nowait(const char *name, ...)'"
linux,../repos/linux/include/linux/vbox_utils.h,"(16, 29)-(16, 51)","b'vbg_info(const char *fmt, ...)'"
linux,../repos/linux/include/linux/vbox_utils.h,"(17, 29)-(17, 51)","b'vbg_warn(const char *fmt, ...)'"
linux,../repos/linux/include/linux/vbox_utils.h,"(18, 28)-(18, 50)","b'vbg_err(const char *fmt, ...)'"
linux,../repos/linux/include/linux/vbox_utils.h,"(19, 40)-(19, 62)","b'vbg_err_ratelimited(const char *fmt, ...)'"
linux,../repos/linux/include/linux/vbox_utils.h,"(23, 30)-(23, 52)","b'vbg_debug(const char *fmt, ...)'"
linux,../repos/linux/include/linux/sysfs.h,"(359, 15)-(359, 48)","b'sysfs_emit(char *buf, const char *fmt, ...)'"
linux,../repos/linux/include/linux/sysfs.h,"(361, 18)-(361, 59)","b'sysfs_emit_at(char *buf, int at, const char *...'"
linux,../repos/linux/include/linux/sysfs.h,"(610, 29)-(610, 62)","b'sysfs_emit(char *buf, const char *fmt, ...)'"
linux,../repos/linux/include/linux/sysfs.h,"(616, 32)-(616, 73)","b'sysfs_emit_at(char *buf, int at, const char *...'"
linux,../repos/linux/include/linux/sprintf.h,"(10, 27)-(10, 61)","b'sprintf(char *buf, const char * fmt, ...)'"
linux,../repos/linux/include/linux/sprintf.h,"(12, 28)-(12, 74)","b'snprintf(char *buf, size_t size, const char *...'"
linux,../repos/linux/include/linux/sprintf.h,"(14, 29)-(14, 75)","b'scnprintf(char *buf, size_t size, const char ...'"
linux,../repos/linux/include/linux/sprintf.h,"(16, 40)-(16, 73)","b'kasprintf(gfp_t gfp, const char *fmt, ...)'"
linux,../repos/linux/include/linux/sprintf.h,"(20, 25)-(20, 58)","b'sscanf(const char *, const char *, ...)'"
linux,../repos/linux/include/linux/trace_events.h,"(60, 24)-(60, 75)",b'trace_event_printf(struct trace_iterator *ite...'
linux,../repos/linux/include/linux/trace_events.h,"(248, 22)-(248, 79)",b'trace_output_call(struct trace_iterator *iter...'
linux,../repos/linux/include/linux/trace_events.h,"(531, 39)-(533, 36)",b'__synth_event_gen_cmd_start(struct dynevent_c...'
linux,../repos/linux/include/linux/trace_events.h,"(578, 29)-(579, 34)",b'synth_event_trace(struct trace_event_file *fi...'
linux,../repos/linux/include/linux/trace_events.h,"(601, 40)-(604, 27)",b'__kprobe_event_gen_cmd_start(struct dynevent_...'
linux,../repos/linux/include/linux/trace_events.h,"(612, 37)-(612, 68)",b'__kprobe_event_add_fields(struct dynevent_cmd...'
linux,../repos/linux/include/linux/acpi.h,"(1174, 24)-(1175, 25)","b'acpi_handle_printk(const char *level, acpi_ha...'"
linux,../repos/linux/include/linux/acpi.h,"(1180, 19)-(1180, 74)","b'acpi_handle_printk(const char *level, void *h...'"
linux,../repos/linux/include/linux/acpi.h,"(1188, 25)-(1188, 95)",b'__acpi_handle_debug(struct _ddebug *descripto...'
linux,../repos/linux/include/linux/qed/qed_if.h,"(1205, 35)-(1205, 73)","b'(*mfw_report)(struct qed_dev *cdev, char *fmt...'"
linux,../repos/linux/include/linux/shrinker.h,"(135, 32)-(135, 74)","b'shrinker_alloc(unsigned int flags, const char...'"
linux,../repos/linux/include/linux/shrinker.h,"(151, 50)-(152, 30)",b'shrinker_debugfs_rename(struct shrinker *shri...'
linux,../repos/linux/include/linux/shrinker.h,"(155, 28)-(155, 77)",b'shrinker_debugfs_rename(struct shrinker *shri...'
linux,../repos/linux/include/linux/audit.h,"(159, 15)-(160, 30)","b'audit_log(struct audit_context *ctx, gfp_t gf...'"
linux,../repos/linux/include/linux/audit.h,"(164, 22)-(164, 69)","b'audit_log_format(struct audit_buffer *ab, con...'"
linux,../repos/linux/include/linux/audit.h,"(215, 15)-(216, 30)","b'audit_log(struct audit_context *ctx, gfp_t gf...'"
linux,../repos/linux/include/linux/audit.h,"(224, 22)-(224, 69)","b'audit_log_format(struct audit_buffer *ab, con...'"
linux,../repos/linux/include/linux/pci.h,"(1404, 35)-(1406, 24)","b'pci_request_irq(struct pci_dev *dev, unsigned...'"
linux,../repos/linux/include/linux/libata.h,"(1542, 25)-(1542, 72)","b'__ata_ehi_push_desc(struct ata_eh_info *ehi, ...'"
linux,../repos/linux/include/linux/libata.h,"(1544, 23)-(1544, 70)","b'ata_ehi_push_desc(struct ata_eh_info *ehi, co...'"
linux,../repos/linux/include/linux/libata.h,"(1559, 19)-(1559, 62)","b'ata_port_desc(struct ata_port *ap, const char...'"
linux,../repos/linux/include/linux/kernel.h,"(271, 35)-(271, 57)",b'____trace_printk_check_format(const char *fmt...'
linux,../repos/linux/include/linux/kernel.h,"(334, 20)-(334, 60)","b'__trace_bprintk(unsigned long ip, const char ...'"
linux,../repos/linux/include/linux/kernel.h,"(337, 19)-(337, 59)","b'__trace_printk(unsigned long ip, const char *...'"
linux,../repos/linux/include/linux/kernel.h,"(415, 17)-(415, 39)","b'trace_printk(const char *fmt, ...)'"
linux,../repos/linux/include/linux/iommu.h,"(643, 28)-(646, 29)",b'iommu_device_sysfs_add(struct iommu_device *i...'
linux,../repos/linux/include/linux/iommu.h,"(1217, 42)-(1220, 29)",b'iommu_device_sysfs_add(struct iommu_device *i...'
linux,../repos/linux/include/linux/mm.h,"(3210, 16)-(3210, 76)","b'warn_alloc(gfp_t gfp_mask, nodemask_t *nodema...'"
linux,../repos/linux/include/linux/kobject.h,"(84, 36)-(84, 81)","b'kobject_set_name(struct kobject *kobj, const ...'"
linux,../repos/linux/include/linux/kobject.h,"(93, 44)-(95, 31)","b'kobject_add(struct kobject *kobj,\n\t\t\t\t\t    st...'"
linux,../repos/linux/include/linux/kobject.h,"(96, 53)-(99, 33)","b'kobject_init_and_add(struct kobject *kobj,\n\t\t...'"
linux,../repos/linux/include/linux/kobject.h,"(220, 19)-(220, 73)","b'add_uevent_var(struct kobj_uevent_env *env, c...'"
linux,../repos/linux/include/linux/trace_seq.h,"(82, 22)-(82, 65)","b'trace_seq_printf(struct trace_seq *s, const c...'"
linux,../repos/linux/include/linux/trace_seq.h,"(107, 22)-(107, 65)","b'trace_seq_printf(struct trace_seq *s, const c...'"
linux,../repos/linux/include/linux/seq_file.h,"(119, 16)-(119, 58)","b'seq_printf(struct seq_file *m, const char *fm...'"
linux,../repos/linux/include/linux/kthread.h,"(11, 43)-(14, 35)",b'kthread_create_on_node(int (*threadfn)(void *...'
linux,../repos/linux/include/linux/kthread.h,"(191, 22)-(191, 69)","b'kthread_create_worker(unsigned int flags, con...'"
linux,../repos/linux/include/linux/kthread.h,"(194, 29)-(195, 35)","b'kthread_create_worker_on_cpu(int cpu, unsigne...'"
linux,../repos/linux/include/linux/dynamic_debug.h,"(141, 24)-(141, 74)",b'__dynamic_pr_debug(struct _ddebug *descriptor...'
linux,../repos/linux/include/linux/dynamic_debug.h,"(146, 23)-(147, 31)","b'__dynamic_dev_dbg(struct _ddebug *descriptor,...'"
linux,../repos/linux/include/linux/dynamic_debug.h,"(152, 26)-(154, 27)",b'__dynamic_netdev_dbg(struct _ddebug *descript...'
linux,../repos/linux/include/linux/dynamic_debug.h,"(159, 25)-(161, 26)",b'__dynamic_ibdev_dbg(struct _ddebug *descripto...'
linux,../repos/linux/include/linux/clkdev.h,"(36, 33)-(37, 27)","b'clkdev_create(struct clk *clk, const char *co...'"
linux,../repos/linux/include/linux/clkdev.h,"(38, 36)-(39, 27)","b'clkdev_hw_create(struct clk_hw *hw, const cha...'"
linux,../repos/linux/include/linux/seq_buf.h,"(150, 19)-(150, 60)","b'seq_buf_printf(struct seq_buf *s, const char ...'"
linux,../repos/linux/include/linux/device.h,"(309, 36)-(310, 30)","b'devm_kasprintf(struct device *dev, gfp_t gfp,...'"
linux,../repos/linux/include/linux/device.h,"(877, 32)-(877, 75)","b'dev_set_name(struct device *dev, const char *...'"
linux,../repos/linux/include/linux/device.h,"(1175, 14)-(1176, 44)","b'device_create(const struct class *cls, struct...'"
linux,../repos/linux/include/linux/device.h,"(1178, 26)-(1180, 27)",b'device_create_with_groups(const struct class ...'
linux,../repos/linux/include/linux/blktrace_api.h,"(33, 45)-(34, 57)",b'__blk_trace_note_message(struct blk_trace *bt...'
linux,../repos/linux/include/linux/iio/iio.h,"(747, 45)-(749, 32)",b'__devm_iio_trigger_alloc(struct device *paren...'
linux,../repos/linux/include/linux/iio/trigger.h,"(163, 40)-(165, 27)","b'__iio_trigger_alloc(struct device *parent,\n\t\t...'"
linux,../repos/linux/include/linux/iio/trigger_consumer.h,"(42, 20)-(47, 11)","b'iio_alloc_pollfunc(irqreturn_t (*h)(int irq, ...'"
linux,../repos/linux/mm/shrinker.c,"(676, 32)-(676, 74)","b'shrinker_alloc(unsigned int flags, const char...'"
linux,../repos/linux/mm/kfence/report.c,"(32, 27)-(32, 71)","b'seq_con_printf(struct seq_file *seq, const ch...'"
linux,../repos/linux/mm/backing-dev.c,"(1031, 17)-(1031, 69)","b'bdi_register(struct backing_dev_info *bdi, co...'"
linux,../repos/linux/mm/shrinker_debug.c,"(196, 28)-(196, 77)",b'shrinker_debugfs_rename(struct shrinker *shri...'
linux,../repos/linux/mm/slub.c,"(1017, 21)-(1017, 59)","b'slab_bug(struct kmem_cache *s, char *fmt, ...)'"
linux,../repos/linux/mm/slub.c,"(1032, 21)-(1032, 59)","b'slab_fix(struct kmem_cache *s, char *fmt, ...)'"
linux,../repos/linux/mm/slub.c,"(1114, 36)-(1115, 25)","b'slab_err(struct kmem_cache *s, struct slab *s...'"
linux,../repos/linux/mm/page_alloc.c,"(3368, 16)-(3368, 76)","b'warn_alloc(gfp_t gfp_mask, nodemask_t *nodema...'"
linux,../repos/linux/mm/internal.h,"(818, 34)-(819, 46)","b'mminit_dprintk(enum mminit_level level,\n\t\t\t\tc...'"
linux,../repos/linux/mm/kmemleak.c,"(249, 19)-(267, 28)","b'module_param_named(verbose, kmemleak_verbose,...'"
linux,../repos/linux/mm/kmemleak.c,"(256, 22)-(256, 28)",b'kmemleak_warn(x...)'
linux,../repos/linux/block/partitions/ldm.c,"(41, 17)-(41, 80)","b'_ldm_printk(const char *level, const char *fu...'"
linux,../repos/linux/security/tomoyo/common.h,"(1002, 22)-(1002, 75)",b'tomoyo_supervisor(struct tomoyo_request_info ...'
linux,../repos/linux/security/tomoyo/common.h,"(1065, 22)-(1065, 75)",b'tomoyo_write_log(struct tomoyo_request_info *...'
linux,../repos/linux/security/tomoyo/common.c,"(188, 29)-(188, 74)","b'tomoyo_addprintf(char *buffer, int len, const...'"
linux,../repos/linux/security/tomoyo/common.c,"(260, 29)-(261, 13)",b'tomoyo_io_printf(struct tomoyo_io_buffer *hea...'
linux,../repos/linux/security/tomoyo/common.c,"(269, 29)-(270, 13)",b'tomoyo_io_printf(struct tomoyo_io_buffer *hea...'
linux,../repos/linux/security/tomoyo/common.c,"(2051, 22)-(2051, 75)",b'tomoyo_supervisor(struct tomoyo_request_info ...'
linux,../repos/linux/security/tomoyo/audit.c,"(420, 22)-(420, 75)",b'tomoyo_write_log(struct tomoyo_request_info *...'
linux,../repos/linux/security/keys/trusted-keys/trusted_tpm1.c,"(68, 23)-(69, 35)","b'TSS_rawhmac(unsigned char *digest, const unsi...'"
linux,../repos/linux/security/keys/trusted-keys/trusted_tpm1.c,"(115, 17)-(117, 44)","b'TSS_authhmac(unsigned char *digest, const uns...'"
linux,../repos/linux/security/keys/trusted-keys/trusted_tpm1.c,"(170, 19)-(174, 31)","b'TSS_checkhmac1(unsigned char *buffer,\n\t\t\t  co...'"
linux,../repos/linux/security/keys/trusted-keys/trusted_tpm1.c,"(255, 26)-(261, 32)","b'TSS_checkhmac2(unsigned char *buffer,\n\t\t\t  co...'"
linux,../repos/linux/kernel/debug/debug_core.c,"(94, 13)-(201, 71)","b'module_param(kgdb_use_con, int, 0644);\nmodule...'"
linux,../repos/linux/kernel/debug/debug_core.c,"(95, 13)-(201, 71)","b'(kgdbreboot, int, 0644);\n\n/*\n * Holds informa...'"
linux,../repos/linux/kernel/debug/kdb/kdb_io.c,"(888, 15)-(888, 37)","b'kdb_printf(const char *fmt, ...)'"
linux,../repos/linux/kernel/params.c,"(238, 19)-(733, 39)","b'STANDARD_PARAM_DEF(uint,\tunsigned int,\t\t""%u"",...'"
linux,../repos/linux/kernel/params.c,"(239, 19)-(731, 65)","b'(long,\tlong,\t\t\t""%li"",\t\tkstrtol);\nSTANDARD_PAR...'"
linux,../repos/linux/kernel/params.c,"(240, 19)-(721, 40)","b'(ulong,\tunsigned long,\t\t""%lu"",\t\tkstrtoul);\nST...'"
linux,../repos/linux/kernel/params.c,"(727, 5)-(727, 14)","b'(ulong,\tunsigned long,\t\t""%lu"",\t\tkstrtoul);\nST...'"
linux,../repos/linux/kernel/params.c,"(732, 5)-(732, 10)","b'(long,\tlong,\t\t\t""%li"",\t\tkstrtol);\nSTANDARD_PAR...'"
linux,../repos/linux/kernel/module/kmod.c,"(132, 21)-(132, 54)","b'__request_module(bool wait, const char *fmt, ...)'"
linux,../repos/linux/kernel/printk/printk.c,"(94, 24)-(269, 31)","b'DEFINE_SEMAPHORE(console_sem, 1);\nHLIST_HEAD(...'"
linux,../repos/linux/kernel/printk/printk.c,"(183, 9)-(269, 31)","b'strcpy(devkmsg_log_str, ""off"");\n\t/* else ""rat...'"
linux,../repos/linux/kernel/printk/printk.c,"(710, 17)-(710, 64)","b'devkmsg_emit(int facility, int level, const c...'"
linux,../repos/linux/kernel/printk/printk.c,"(2322, 33)-(2322, 55)","b'_printk(const char *fmt, ...)'"
linux,../repos/linux/kernel/printk/printk.c,"(2356, 39)-(2356, 61)","b'early_printk(const char *fmt, ...)'"
linux,../repos/linux/kernel/printk/printk.c,"(3948, 21)-(3948, 43)","b'_printk_deferred(const char *fmt, ...)'"
linux,../repos/linux/kernel/trace/blktrace.c,"(148, 30)-(149, 57)",b'__blk_trace_note_message(struct blk_trace *bt...'
linux,../repos/linux/kernel/trace/trace_seq.c,"(78, 22)-(78, 65)","b'trace_seq_printf(struct trace_seq *s, const c...'"
linux,../repos/linux/kernel/trace/trace_boot.c,"(176, 14)-(176, 60)","b'append_printf(char **bufp, char *end, const c...'"
linux,../repos/linux/kernel/trace/trace_events_synth.c,"(1163, 32)-(1164, 29)",b'__synth_event_gen_cmd_start(struct dynevent_c...'
linux,../repos/linux/kernel/trace/trace_events_synth.c,"(1713, 22)-(1713, 79)",b'synth_event_trace(struct trace_event_file *fi...'
linux,../repos/linux/kernel/trace/trace.h,"(817, 27)-(818, 46)",b'trace_array_printk_buf(struct trace_buffer *b...'
linux,../repos/linux/kernel/trace/trace_printk.c,"(200, 20)-(200, 60)","b'__trace_bprintk(unsigned long ip, const char ...'"
linux,../repos/linux/kernel/trace/trace_printk.c,"(230, 19)-(230, 59)","b'__trace_printk(unsigned long ip, const char *...'"
linux,../repos/linux/kernel/trace/trace.c,"(3574, 23)-(3575, 49)","b'trace_array_printk(struct trace_array *tr,\n\t\t...'"
linux,../repos/linux/kernel/trace/trace.c,"(3619, 27)-(3620, 46)",b'trace_array_printk_buf(struct trace_buffer *b...'
linux,../repos/linux/kernel/trace/trace.c,"(3812, 33)-(3812, 55)","b'test_can_verify_check(const char *fmt, ...)'"
linux,../repos/linux/kernel/trace/trace_output.c,"(318, 24)-(318, 75)",b'trace_event_printf(struct trace_iterator *ite...'
linux,../repos/linux/kernel/trace/trace_output.c,"(340, 22)-(340, 79)",b'trace_output_call(struct trace_iterator *iter...'
linux,../repos/linux/kernel/trace/trace_kprobe.c,"(1043, 33)-(1044, 45)",b'__kprobe_event_gen_cmd_start(struct dynevent_...'
linux,../repos/linux/kernel/trace/trace_kprobe.c,"(1112, 30)-(1112, 61)",b'__kprobe_event_add_fields(struct dynevent_cmd...'
linux,../repos/linux/kernel/workqueue.c,"(4662, 41)-(4664, 27)","b'alloc_workqueue(const char *fmt,\n\t\t\t\t\t unsign...'"
linux,../repos/linux/kernel/workqueue.c,"(5005, 21)-(5005, 43)","b'set_worker_desc(const char *fmt, ...)'"
linux,../repos/linux/kernel/time/timer_list.c,"(31, 23)-(31, 65)","b'SEQ_printf(struct seq_file *m, const char *fm...'"
linux,../repos/linux/kernel/kthread.c,"(503, 43)-(506, 13)",b'kthread_create_on_node(int (*threadfn)(void *...'
linux,../repos/linux/kernel/kthread.c,"(901, 22)-(901, 69)","b'kthread_create_worker(unsigned int flags, con...'"
linux,../repos/linux/kernel/kthread.c,"(950, 29)-(951, 35)","b'kthread_create_worker_on_cpu(int cpu, unsigne...'"
linux,../repos/linux/kernel/panic.c,"(277, 11)-(277, 33)","b'panic(const char *fmt, ...)'"
linux,../repos/linux/kernel/panic.c,"(693, 23)-(694, 31)","b'warn_slowpath_fmt(const char *file, int line,...'"
linux,../repos/linux/kernel/panic.c,"(716, 19)-(716, 41)","b'__warn_printk(const char *fmt, ...)'"
linux,../repos/linux/kernel/rcu/rcutorture.c,"(80, 14)-(590, 41)","b'torture_param(int, fqs_holdoff, 0, ""Holdoff t...'"
linux,../repos/linux/kernel/rcu/rcutorture.c,"(81, 14)-(590, 41)","b'torture_param(int, fqs_stutter, 3, ""Wait time...'"
linux,../repos/linux/kernel/rcu/rcuscale.c,"(88, 14)-(444, 45)","b'torture_param(bool, gp_exp, false, ""Use exped...'"
linux,../repos/linux/kernel/rcu/rcuscale.c,"(89, 14)-(444, 44)","b'(int, holdoff, 10, ""Holdoff time before test ...'"
linux,../repos/linux/kernel/rcu/rcuscale.c,"(90, 14)-(442, 53)","b'torture_param(int, minruntime, 0, ""Minimum ru...'"
linux,../repos/linux/kernel/bpf/log.c,"(303, 43)-(304, 30)",b'bpf_verifier_log_write(struct bpf_verifier_en...'
linux,../repos/linux/kernel/bpf/log.c,"(317, 28)-(318, 29)","b'bpf_log(struct bpf_verifier_log *log,\n\t\t\t    ...'"
linux,../repos/linux/kernel/bpf/log.c,"(360, 34)-(362, 35)","b'verbose_linfo(struct bpf_verifier_env *env,\n\t...'"
linux,../repos/linux/kernel/bpf/verifier.c,"(352, 35)-(352, 77)","b'verbose(void *private_data, const char *fmt, ...)'"
linux,../repos/linux/kernel/bpf/btf.c,"(1116, 36)-(1116, 81)","b'btf_show(struct btf_show *show, const char *f...'"
linux,../repos/linux/kernel/bpf/btf.c,"(1384, 46)-(1385, 33)",b'__btf_verifier_log(struct bpf_verifier_log *l...'
linux,../repos/linux/kernel/bpf/btf.c,"(1394, 44)-(1395, 31)",b'btf_verifier_log(struct btf_verifier_env *env...'
linux,../repos/linux/kernel/bpf/btf.c,"(1408, 51)-(1411, 31)",b'__btf_verifier_log_type(struct btf_verifier_e...'
linux,../repos/linux/kernel/bpf/btf.c,"(1458, 36)-(1461, 30)",b'btf_verifier_log_member(struct btf_verifier_e...'
linux,../repos/linux/kernel/bpf/btf.c,"(1511, 33)-(1514, 27)",b'btf_verifier_log_vsi(struct btf_verifier_env ...'
linux,../repos/linux/kernel/bpf/disasm.h,"(22, 48)-(23, 25)","b'(2, 3) void (*bpf_insn_print_t)(void *private...'"
linux,../repos/linux/kernel/crash_core.c,"(690, 27)-(690, 49)","b'vmcoreinfo_append_str(const char *fmt, ...)'"
linux,../repos/linux/kernel/audit.c,"(2006, 22)-(2006, 69)","b'audit_log_format(struct audit_buffer *ab, con...'"
linux,../repos/linux/kernel/audit.c,"(2462, 15)-(2463, 30)","b'audit_log(struct audit_context *ctx, gfp_t gf...'"
