Repo name,File name,Location,Content
linux,../repos/linux/io_uring/sqpoll.c,"(167, 1)-(203, 2)",b'static int __io_sq_thread(struct io_ring_ctx ...'
linux,../repos/linux/io_uring/kbuf.c,"(61, 1)-(76, 2)",b'static int io_buffer_add_list(struct io_ring_...'
linux,../repos/linux/io_uring/io_uring.c,"(1878, 1)-(1919, 2)","b'static int io_issue_sqe(struct io_kiocb *req,...'"
linux,../repos/linux/io_uring/io_uring.c,"(1941, 1)-(2014, 2)",b'void io_wq_submit_work(struct io_wq_work *wor...'
linux,../repos/linux/io_uring/rw.c,"(380, 1)-(411, 2)","b'static int kiocb_done(struct io_kiocb *req, s...'"
linux,../repos/linux/lib/test_hmm.c,"(739, 1)-(775, 2)",b'static int dmirror_migrate_finalize_and_map(s...'
linux,../repos/linux/lib/test_hmm.c,"(900, 1)-(958, 2)",b'static int dmirror_migrate_to_system(struct d...'
linux,../repos/linux/lib/test_hmm.c,"(960, 1)-(1037, 2)",b'static int dmirror_migrate_to_device(struct d...'
linux,../repos/linux/lib/test_hmm.c,"(1220, 1)-(1255, 2)",b'static void dmirror_device_evict_chunk(struct...'
linux,../repos/linux/lib/test_hmm.c,"(1422, 1)-(1463, 2)",b'static vm_fault_t dmirror_devmem_fault(struct...'
linux,../repos/linux/lib/pldmfw/pldmfw.c,"(514, 1)-(534, 2)",b'static int pldm_verify_header_crc(struct pldm...'
linux,../repos/linux/lib/pldmfw/pldmfw.c,"(810, 1)-(816, 2)",b'static int pldm_finalize_update(struct pldmfw...'
linux,../repos/linux/lib/pldmfw/pldmfw.c,"(832, 1)-(874, 2)",b'int pldmfw_flash_image(struct pldmfw *context...'
linux,../repos/linux/lib/dynamic_debug.c,"(484, 1)-(531, 2)",b'static int ddebug_parse_flags(const char *str...'
linux,../repos/linux/lib/list_sort.c,"(51, 1)-(99, 2)","b'__attribute__((nonnull(2,3,4,5)))\nstatic void...'"
linux,../repos/linux/lib/list_sort.c,"(184, 1)-(252, 2)","b'__attribute__((nonnull(2,3)))\nvoid list_sort(...'"
linux,../repos/linux/lib/maple_tree.c,"(3138, 1)-(3162, 2)",b'static inline void mas_split_final_node(struc...'
linux,../repos/linux/lib/maple_tree.c,"(3247, 1)-(3307, 2)",b'static inline bool mas_push_data(struct ma_st...'
linux,../repos/linux/lib/maple_tree.c,"(3315, 1)-(3398, 2)","b'static int mas_split(struct ma_state *mas, st...'"
linux,../repos/linux/lib/maple_tree.c,"(5530, 1)-(5569, 2)",b'void mas_destroy(struct ma_state *mas)\n{\n\tstr...'
linux,../repos/linux/lib/math/rational.c,"(35, 1)-(107, 2)",b'void rational_best_approximation(\n\tunsigned l...'
linux,../repos/linux/lib/crypto/blake2s.c,"(48, 1)-(58, 2)",b'void blake2s_final(struct blake2s_state *stat...'
linux,../repos/linux/lib/crypto/sha256.c,"(140, 1)-(144, 2)",b'static void __sha256_final(struct sha256_stat...'
linux,../repos/linux/lib/crypto/sha256.c,"(146, 1)-(149, 2)","b'void sha256_final(struct sha256_state *sctx, ...'"
linux,../repos/linux/lib/crypto/sha256.c,"(152, 1)-(155, 2)","b'void sha224_final(struct sha256_state *sctx, ...'"
linux,../repos/linux/lib/crypto/sha256.c,"(158, 1)-(165, 2)","b'void sha256(const u8 *data, unsigned int len,...'"
linux,../repos/linux/lib/crypto/mpi/mpi-pow.c,"(24, 1)-(313, 2)","b'int mpi_powm(MPI res, MPI base, MPI exp, MPI ...'"
linux,../repos/linux/lib/crypto/chacha20poly1305.c,"(56, 1)-(88, 2)",b'static void\n__chacha20poly1305_encrypt(u8 *ds...'
linux,../repos/linux/lib/crypto/chacha20poly1305.c,"(124, 1)-(166, 2)",b'static bool\n__chacha20poly1305_decrypt(u8 *ds...'
linux,../repos/linux/lib/crypto/chacha20poly1305.c,"(207, 1)-(331, 2)",b'static\nbool chacha20poly1305_crypt_sg_inplace...'
linux,../repos/linux/lib/crypto/poly1305.c,"(63, 1)-(74, 2)",b'void poly1305_final_generic(struct poly1305_d...'
linux,../repos/linux/lib/crypto/chacha20poly1305-selftest.c,"(8827, 1)-(8859, 2)",b'static void __init\nchacha20poly1305_encrypt_b...'
linux,../repos/linux/lib/crypto/blake2s-selftest.c,"(548, 1)-(593, 2)",b'static bool __init noinline_for_stack blake2s...'
linux,../repos/linux/lib/group_cpus.c,"(130, 1)-(247, 2)",b'static void alloc_nodes_groups(unsigned int n...'
linux,../repos/linux/lib/zstd/common/entropy_common.c,"(58, 1)-(204, 2)",b'FORCE_INLINE_TEMPLATE\nsize_t FSE_readNCount_b...'
linux,../repos/linux/lib/zstd/compress/zstd_compress_internal.h,"(766, 1)-(779, 2)",b'MEM_STATIC size_t\nZSTD_count_2segments(const ...'
linux,../repos/linux/lib/zstd/compress/zstd_ldm.c,"(214, 1)-(228, 2)",b'static size_t ZSTD_ldm_countBackwardsMatch_2s...'
linux,../repos/linux/lib/zstd/compress/zstd_compress.c,"(995, 1)-(1007, 2)",b'size_t ZSTD_CCtx_setParametersUsingCCtxParams...'
linux,../repos/linux/lib/zstd/compress/zstd_compress.c,"(1319, 1)-(1330, 2)",b'static void ZSTD_overrideCParams(\n           ...'
linux,../repos/linux/lib/zstd/compress/zstd_compress.c,"(1332, 1)-(1345, 2)",b'ZSTD_compressionParameters ZSTD_getCParamsFro...'
linux,../repos/linux/lib/zstd/compress/zstd_compress.c,"(1961, 1)-(2020, 2)",b'static size_t\nZSTD_resetCCtx_byAttachingCDict...'
linux,../repos/linux/lib/zstd/compress/zstd_compress.c,"(3534, 1)-(3545, 2)",b'static size_t ZSTD_deriveBlockSplits(ZSTD_CCt...'
linux,../repos/linux/lib/zstd/compress/zstd_compress.c,"(3552, 1)-(3639, 2)",b'static size_t\nZSTD_compressBlock_splitBlock_i...'
linux,../repos/linux/lib/zstd/compress/zstd_compress.c,"(4775, 1)-(4823, 2)",b'ZSTD_CDict* ZSTD_createCDict_advanced2(\n     ...'
linux,../repos/linux/lib/zstd/compress/zstd_compress.c,"(5579, 1)-(5593, 2)",b'static U32 ZSTD_finalizeOffCode(U32 rawOffset...'
linux,../repos/linux/lib/zstd/compress/zstd_compress.c,"(5598, 1)-(5648, 2)",b'static size_t\nZSTD_copySequencesToSeqStoreExp...'
linux,../repos/linux/lib/zstd/compress/zstd_compress.c,"(5661, 1)-(5778, 2)",b'static size_t\nZSTD_copySequencesToSeqStoreNoB...'
linux,../repos/linux/lib/zstd/compress/huf_compress.c,"(169, 1)-(205, 2)","b'size_t HUF_writeCTable_wksp(void* dst, size_t...'"
linux,../repos/linux/lib/assoc_array.c,"(169, 1)-(290, 2)",b'static enum assoc_array_walk_status\nassoc_arr...'
linux,../repos/linux/lib/decompress_bunzip2.c,"(156, 1)-(514, 2)",b'static int INIT get_next_block(struct bunzip_...'
linux,../repos/linux/lib/digsig.c,"(199, 1)-(256, 2)","b'int digsig_verify(struct key *keyring, const ...'"
linux,../repos/linux/lib/bug.c,"(88, 1)-(115, 2)","b'void module_bug_finalize(const Elf_Ehdr *hdr,...'"
linux,../repos/linux/lib/bch.c,"(635, 1)-(663, 2)",b'static int find_poly_deg3_roots(struct bch_co...'
linux,../repos/linux/lib/test_maple_tree.c,"(2243, 1)-(2637, 2)",b'static noinline void __init check_fuzzer(stru...'
linux,../repos/linux/lib/test_objpool.c,"(539, 1)-(615, 2)",b'static int ot_start_async(struct ot_test *tes...'
linux,../repos/linux/lib/kunit/string-stream-test.c,"(348, 1)-(384, 2)",b'static void string_stream_append_auto_newline...'
linux,../repos/linux/lib/kunit/test.c,"(428, 1)-(443, 2)",b'static void kunit_try_run_case(void *data)\n{\n...'
linux,../repos/linux/virt/kvm/kvm_main.c,"(260, 1)-(286, 2)",b'static void kvm_make_vcpu_request(struct kvm_...'
linux,../repos/linux/virt/kvm/kvm_main.c,"(1723, 1)-(1774, 2)",b'static void kvm_commit_memory_region(struct k...'
linux,../repos/linux/virt/kvm/kvm_main.c,"(1898, 1)-(1991, 2)","b'static int kvm_set_memslot(struct kvm *kvm,\n\t...'"
linux,../repos/linux/virt/kvm/kvm_main.c,"(3812, 1)-(3828, 2)",b'static unsigned int kvm_vcpu_max_halt_poll_ns...'
linux,../repos/linux/virt/kvm/kvm_main.c,"(4967, 1)-(5033, 2)",b'static int kvm_vm_ioctl_enable_cap_generic(st...'
linux,../repos/linux/virt/kvm/kvm_main.c,"(5424, 1)-(5465, 2)",b'static int kvm_dev_ioctl_create_vm(unsigned l...'
linux,../repos/linux/crypto/xctr.c,"(34, 1)-(47, 2)",b'static void crypto_xctr_crypt_final(struct sk...'
linux,../repos/linux/crypto/xctr.c,"(100, 1)-(129, 2)",b'static int crypto_xctr_crypt(struct skcipher_...'
linux,../repos/linux/crypto/crypto_engine.c,"(40, 1)-(62, 2)",b'static void crypto_finalize_request(struct cr...'
linux,../repos/linux/crypto/crypto_engine.c,"(73, 1)-(220, 2)",b'static void crypto_pump_requests(struct crypt...'
linux,../repos/linux/crypto/crypto_engine.c,"(343, 1)-(347, 2)",b'void crypto_finalize_aead_request(struct cryp...'
linux,../repos/linux/crypto/crypto_engine.c,"(357, 1)-(361, 2)",b'void crypto_finalize_akcipher_request(struct ...'
linux,../repos/linux/crypto/crypto_engine.c,"(371, 1)-(375, 2)",b'void crypto_finalize_hash_request(struct cryp...'
linux,../repos/linux/crypto/crypto_engine.c,"(384, 1)-(388, 2)",b'void crypto_finalize_kpp_request(struct crypt...'
linux,../repos/linux/crypto/crypto_engine.c,"(398, 1)-(402, 2)",b'void crypto_finalize_skcipher_request(struct ...'
linux,../repos/linux/crypto/crct10dif_generic.c,"(60, 1)-(66, 2)",b'static int chksum_final(struct shash_desc *de...'
linux,../repos/linux/crypto/crc32c_generic.c,"(92, 1)-(98, 2)",b'static int chksum_final(struct shash_desc *de...'
linux,../repos/linux/crypto/wp512.c,"(1065, 1)-(1096, 2)",b'static int wp512_final(struct shash_desc *des...'
linux,../repos/linux/crypto/wp512.c,"(1098, 1)-(1107, 2)",b'static int wp384_final(struct shash_desc *des...'
linux,../repos/linux/crypto/wp512.c,"(1109, 1)-(1118, 2)",b'static int wp256_final(struct shash_desc *des...'
linux,../repos/linux/crypto/algif_hash.c,"(63, 1)-(176, 2)","b'static int hash_sendmsg(struct socket *sock, ...'"
linux,../repos/linux/crypto/algif_hash.c,"(178, 1)-(223, 2)","b'static int hash_recvmsg(struct socket *sock, ...'"
linux,../repos/linux/crypto/crypto_null.c,"(48, 1)-(51, 2)",b'static int null_final(struct shash_desc *desc...'
linux,../repos/linux/crypto/hmac.c,"(108, 1)-(120, 2)",b'static int hmac_final(struct shash_desc *pdes...'
linux,../repos/linux/crypto/hmac.c,"(177, 1)-(244, 2)",b'static int hmac_create(struct crypto_template...'
linux,../repos/linux/crypto/sm3_generic.c,"(37, 1)-(41, 2)",b'static int crypto_sm3_final(struct shash_desc...'
linux,../repos/linux/crypto/sm3_generic.c,"(43, 1)-(52, 2)",b'static int crypto_sm3_finup(struct shash_desc...'
linux,../repos/linux/crypto/md5.c,"(174, 1)-(200, 2)","b'static int md5_final(struct shash_desc *desc,...'"
linux,../repos/linux/crypto/cast5_generic.c,"(303, 1)-(350, 2)","b'void __cast5_encrypt(struct cast5_ctx *c, u8 ...'"
linux,../repos/linux/crypto/ecc.c,"(1280, 1)-(1337, 2)",b'static void ecc_point_mult(struct ecc_point *...'
linux,../repos/linux/crypto/af_alg.c,"(410, 1)-(468, 2)","b'int af_alg_accept(struct sock *sk, struct soc...'"
linux,../repos/linux/crypto/aegis128-core.c,"(344, 1)-(364, 2)",b'static void crypto_aegis128_final(struct aegi...'
linux,../repos/linux/crypto/aegis128-core.c,"(388, 1)-(408, 2)",b'static int crypto_aegis128_encrypt_generic(st...'
linux,../repos/linux/crypto/aegis128-core.c,"(410, 1)-(447, 2)",b'static int crypto_aegis128_decrypt_generic(st...'
linux,../repos/linux/crypto/aegis128-core.c,"(449, 1)-(472, 2)",b'static int crypto_aegis128_encrypt_simd(struc...'
linux,../repos/linux/crypto/aegis128-core.c,"(474, 1)-(504, 2)",b'static int crypto_aegis128_decrypt_simd(struc...'
linux,../repos/linux/crypto/streebog_generic.c,"(1036, 1)-(1047, 2)",b'static int streebog_final(struct shash_desc *...'
linux,../repos/linux/crypto/polyval-generic.c,"(193, 1)-(202, 2)",b'static int polyval_final(struct shash_desc *d...'
linux,../repos/linux/crypto/michael_mic.c,"(97, 1)-(126, 2)",b'static int michael_final(struct shash_desc *d...'
linux,../repos/linux/crypto/kdf_sp800108.c,"(17, 1)-(71, 2)",b'int crypto_kdf108_ctr_generate(struct crypto_...'
linux,../repos/linux/crypto/xxhash_generic.c,"(51, 1)-(58, 2)",b'static int xxhash64_final(struct shash_desc *...'
linux,../repos/linux/crypto/blake2b_generic.c,"(131, 1)-(134, 2)",b'static int crypto_blake2b_final_generic(struc...'
linux,../repos/linux/crypto/ahash.c,"(77, 1)-(95, 2)",b'int shash_ahash_finup(struct ahash_request *r...'
linux,../repos/linux/crypto/ahash.c,"(359, 1)-(371, 2)",b'int crypto_ahash_final(struct ahash_request *...'
linux,../repos/linux/crypto/ahash.c,"(431, 1)-(447, 2)",b'static int ahash_def_finup_finish1(struct aha...'
linux,../repos/linux/crypto/cmac.c,"(161, 1)-(192, 2)",b'static int crypto_cmac_digest_final(struct sh...'
linux,../repos/linux/crypto/cmac.c,"(232, 1)-(292, 2)",b'static int cmac_create(struct crypto_template...'
linux,../repos/linux/crypto/algapi.c,"(373, 1)-(438, 2)","b'void crypto_alg_tested(const char *name, int ...'"
linux,../repos/linux/crypto/algapi.c,"(441, 1)-(450, 2)",b'void crypto_remove_final(struct list_head *li...'
linux,../repos/linux/crypto/algapi.c,"(453, 1)-(479, 2)",b'int crypto_register_alg(struct crypto_alg *al...'
linux,../repos/linux/crypto/algapi.c,"(495, 1)-(514, 2)",b'void crypto_unregister_alg(struct crypto_alg ...'
linux,../repos/linux/crypto/algapi.c,"(586, 1)-(612, 2)",b'void crypto_unregister_template(struct crypto...'
linux,../repos/linux/crypto/algapi.c,"(650, 1)-(706, 2)",b'int crypto_register_instance(struct crypto_te...'
linux,../repos/linux/crypto/algapi.c,"(709, 1)-(721, 2)",b'void crypto_unregister_instance(struct crypto...'
linux,../repos/linux/crypto/sha256_generic.c,"(44, 1)-(51, 2)",b'static int crypto_sha256_final(struct shash_d...'
linux,../repos/linux/crypto/sha256_generic.c,"(53, 1)-(58, 2)",b'int crypto_sha256_finup(struct shash_desc *de...'
linux,../repos/linux/crypto/crypto_user_base.c,"(260, 1)-(294, 2)",b'static int crypto_update_alg(struct sk_buff *...'
linux,../repos/linux/crypto/aegis128-neon-inner.c,"(317, 1)-(345, 2)","b'int crypto_aegis128_final_neon(void *state, v...'"
linux,../repos/linux/crypto/hctr2.c,"(192, 1)-(227, 2)",b'static int hctr2_hash_message(struct skcipher...'
linux,../repos/linux/crypto/ccm.c,"(821, 1)-(834, 2)",b'static int crypto_cbcmac_digest_final(struct ...'
linux,../repos/linux/crypto/ccm.c,"(858, 1)-(909, 2)",b'static int cbcmac_create(struct crypto_templa...'
linux,../repos/linux/crypto/jitterentropy-kcapi.c,"(105, 1)-(171, 2)","b'int jent_hash_time(void *hash_state, __u64 ti...'"
linux,../repos/linux/crypto/jitterentropy-kcapi.c,"(173, 1)-(188, 2)","b'int jent_read_random_block(void *hash_state, ...'"
linux,../repos/linux/crypto/ecb.c,"(16, 1)-(32, 2)",b'static int crypto_ecb_crypt(struct crypto_cip...'
linux,../repos/linux/crypto/asymmetric_keys/verify_pefile.c,"(322, 1)-(388, 2)",b'static int pefile_digest_pe(const void *pebuf...'
linux,../repos/linux/crypto/poly1305_generic.c,"(106, 1)-(115, 2)",b'static int crypto_poly1305_final(struct shash...'
linux,../repos/linux/crypto/testmgr.c,"(44, 1)-(814, 2)","b'module_param(notests, bool, 0644);\nMODULE_PAR...'"
linux,../repos/linux/crypto/testmgr.c,"(1073, 1)-(1156, 2)",b'static void generate_random_testvec_config(st...'
linux,../repos/linux/crypto/testmgr.c,"(1268, 1)-(1413, 2)",b'static int test_shash_vec_cfg(const struct ha...'
linux,../repos/linux/crypto/testmgr.c,"(1432, 1)-(1448, 2)",b'static int check_nonfinal_ahash_op(const char...'
linux,../repos/linux/crypto/testmgr.c,"(1451, 1)-(1614, 2)",b'static int test_ahash_vec_cfg(const struct ha...'
linux,../repos/linux/crypto/testmgr.c,"(3720, 1)-(3771, 2)",b'static int alg_test_crc32c(const struct alg_t...'
linux,../repos/linux/crypto/vmac.c,"(535, 1)-(560, 2)",b'static u64 vhash_final(const struct vmac_tfm_...'
linux,../repos/linux/crypto/vmac.c,"(562, 1)-(595, 2)",b'static int vmac_final(struct shash_desc *desc...'
linux,../repos/linux/crypto/vmac.c,"(619, 1)-(672, 2)",b'static int vmac_create(struct crypto_template...'
linux,../repos/linux/crypto/sm2.c,"(268, 1)-(323, 2)",b'int sm2_compute_z_digest(struct shash_desc *d...'
linux,../repos/linux/crypto/ghash-generic.c,"(131, 1)-(141, 2)",b'static int ghash_final(struct shash_desc *des...'
linux,../repos/linux/crypto/md4.c,"(184, 1)-(210, 2)","b'static int md4_final(struct shash_desc *desc,...'"
linux,../repos/linux/crypto/cbc.c,"(53, 1)-(67, 2)",b'static int crypto_cbc_encrypt(struct crypto_l...'
linux,../repos/linux/crypto/cbc.c,"(122, 1)-(136, 2)",b'static int crypto_cbc_decrypt(struct crypto_l...'
linux,../repos/linux/crypto/xcbc.c,"(129, 1)-(160, 2)",b'static int crypto_xcbc_digest_final(struct sh...'
linux,../repos/linux/crypto/xcbc.c,"(184, 1)-(240, 2)",b'static int xcbc_create(struct crypto_template...'
linux,../repos/linux/crypto/aegis128-neon.c,"(55, 1)-(69, 2)",b'int crypto_aegis128_final_simd(struct aegis_s...'
linux,../repos/linux/crypto/xts.c,"(159, 1)-(197, 2)",b'static int xts_cts_final(struct skcipher_requ...'
linux,../repos/linux/crypto/xts.c,"(199, 1)-(217, 2)","b'static void xts_encrypt_done(void *data, int ...'"
linux,../repos/linux/crypto/xts.c,"(219, 1)-(237, 2)","b'static void xts_decrypt_done(void *data, int ...'"
linux,../repos/linux/crypto/xts.c,"(261, 1)-(276, 2)",b'static int xts_encrypt(struct skcipher_reques...'
linux,../repos/linux/crypto/xts.c,"(278, 1)-(293, 2)",b'static int xts_decrypt(struct skcipher_reques...'
linux,../repos/linux/crypto/crc32_generic.c,"(80, 1)-(86, 2)",b'static int crc32_final(struct shash_desc *des...'
linux,../repos/linux/crypto/cryptd.c,"(573, 1)-(583, 2)","b'static void cryptd_hash_final(void *data, int...'"
linux,../repos/linux/crypto/cryptd.c,"(585, 1)-(588, 2)",b'static int cryptd_hash_final_enqueue(struct a...'
linux,../repos/linux/crypto/cryptd.c,"(658, 1)-(717, 2)",b'static int cryptd_create_hash(struct crypto_t...'
linux,../repos/linux/crypto/sha3_generic.c,"(213, 1)-(237, 2)",b'int crypto_sha3_final(struct shash_desc *desc...'
linux,../repos/linux/crypto/dh.c,"(349, 1)-(454, 2)",b'static void *dh_safe_prime_gen_privkey(const ...'
linux,../repos/linux/crypto/sha512_generic.c,"(164, 1)-(168, 2)",b'static int sha512_final(struct shash_desc *de...'
linux,../repos/linux/crypto/sha512_generic.c,"(170, 1)-(175, 2)",b'int crypto_sha512_finup(struct shash_desc *de...'
linux,../repos/linux/crypto/drbg.c,"(1707, 1)-(1717, 2)",b'static int drbg_kcapi_hash(struct drbg_state ...'
linux,../repos/linux/crypto/shash.c,"(76, 1)-(87, 2)",b'int crypto_shash_final(struct shash_desc *des...'
linux,../repos/linux/crypto/shash.c,"(90, 1)-(97, 2)",b'static int shash_default_finup(struct shash_d...'
linux,../repos/linux/crypto/keywrap.c,"(193, 1)-(262, 2)",b'static int crypto_kw_encrypt(struct skcipher_...'
linux,../repos/linux/crypto/sha1_generic.c,"(49, 1)-(53, 2)",b'static int sha1_final(struct shash_desc *desc...'
linux,../repos/linux/crypto/sha1_generic.c,"(55, 1)-(60, 2)",b'int crypto_sha1_finup(struct shash_desc *desc...'
linux,../repos/linux/crypto/sm3.c,"(215, 1)-(242, 2)","b'void sm3_final(struct sm3_state *sctx, u8 *ou...'"
linux,../repos/linux/crypto/crc64_rocksoft_generic.c,"(27, 1)-(33, 2)",b'static int chksum_final(struct shash_desc *de...'
linux,../repos/linux/crypto/adiantum.c,"(247, 1)-(275, 2)",b'static int adiantum_hash_message(struct skcip...'
linux,../repos/linux/crypto/nhpoly1305.c,"(198, 1)-(215, 2)",b'int crypto_nhpoly1305_final_helper(struct sha...'
linux,../repos/linux/crypto/nhpoly1305.c,"(218, 1)-(221, 2)",b'int crypto_nhpoly1305_final(struct shash_desc...'
linux,../repos/linux/crypto/tcrypt.c,"(739, 1)-(769, 2)",b'static int test_ahash_jiffies(struct ahash_re...'
linux,../repos/linux/crypto/tcrypt.c,"(809, 1)-(864, 2)",b'static int test_ahash_cycles(struct ahash_req...'
linux,../repos/linux/crypto/ctr.c,"(28, 1)-(44, 2)",b'static void crypto_ctr_crypt_final(struct skc...'
linux,../repos/linux/crypto/ctr.c,"(99, 1)-(125, 2)",b'static int crypto_ctr_crypt(struct skcipher_r...'
linux,../repos/linux/crypto/rmd160.c,"(49, 1)-(254, 2)","b'static void rmd160_transform(u32 *state, cons...'"
linux,../repos/linux/crypto/rmd160.c,"(309, 1)-(335, 2)",b'static int rmd160_final(struct shash_desc *de...'
linux,../repos/linux/include/linux/can/dev.h,"(125, 1)-(143, 2)",b'static inline int __must_check can_set_static...'
linux,../repos/linux/include/linux/pti.h,"(9, 1)-(9, 42)",b'static inline void pti_finalize(void) { }'
linux,../repos/linux/include/linux/soc/mediatek/mtk-cmdq.h,"(382, 1)-(385, 2)",b'static inline int cmdq_pkt_finalize(struct cm...'
linux,../repos/linux/include/linux/cfi.h,"(43, 1)-(45, 34)",b'static inline void module_cfi_finalize(const ...'
linux,../repos/linux/include/linux/cpu.h,"(204, 1)-(204, 52)",b'static inline void arch_cpu_finalize_init(voi...'
linux,../repos/linux/include/linux/firmware/xlnx-zynqmp.h,"(717, 1)-(720, 2)",b'static inline int zynqmp_pm_init_finalize(voi...'
linux,../repos/linux/include/linux/sched/numa_balancing.h,"(47, 1)-(49, 2)",b'static inline void task_numa_free(struct task...'
linux,../repos/linux/include/linux/sunrpc/svcsock.h,"(51, 1)-(54, 2)",b'static inline u32 svc_sock_final_rec(struct s...'
linux,../repos/linux/include/linux/fortify-string.h,"(237, 1)-(290, 2)",b'__FORTIFY_INLINE ssize_t strscpy(char * const...'
linux,../repos/linux/include/linux/security.h,"(2155, 1)-(2158, 2)",b'static inline int security_uring_override_cre...'
linux,../repos/linux/include/linux/jhash.h,"(70, 1)-(108, 2)","b'static inline u32 jhash(const void *key, u32 ...'"
linux,../repos/linux/include/linux/jhash.h,"(117, 1)-(146, 2)","b'static inline u32 jhash2(const u32 *k, u32 le...'"
linux,../repos/linux/include/linux/jhash.h,"(150, 1)-(159, 2)","b'static inline u32 __jhash_nwords(u32 a, u32 b...'"
linux,../repos/linux/include/linux/rpmsg.h,"(204, 1)-(208, 2)",b'static inline int rpmsg_register_device_overr...'
linux,../repos/linux/include/linux/acpi.h,"(350, 1)-(353, 2)",b'static inline int acpi_get_override_irq(u32 g...'
linux,../repos/linux/include/linux/fscrypt.h,"(1060, 1)-(1068, 2)",b'static inline void fscrypt_finalize_bounce_pa...'
linux,../repos/linux/include/linux/module.h,"(880, 1)-(884, 2)",b'static inline void module_bug_finalize(const ...'
linux,../repos/linux/init/calibrate.c,"(251, 1)-(316, 2)","b'static DEFINE_PER_CPU(unsigned long, cpu_loop...'"
linux,../repos/linux/init/main.c,"(873, 1)-(1081, 2)",b'asmlinkage __visible __init __no_sanitize_add...'
linux,../repos/linux/init/main.c,"(1432, 1)-(1505, 2)",b'static int __ref kernel_init(void *unused)\n{\n...'
linux,../repos/linux/mm/memory.c,"(1864, 1)-(1877, 2)",b'static int insert_page_into_pte_locked(struct...'
linux,../repos/linux/mm/memory.c,"(2138, 1)-(2190, 2)",b'static vm_fault_t insert_pfn(struct vm_area_s...'
linux,../repos/linux/mm/memory.c,"(5303, 1)-(5354, 2)",b'static inline void mm_account_fault(struct mm...'
linux,../repos/linux/mm/vmalloc.c,"(4022, 1)-(4259, 2)",b'struct vm_struct **pcpu_get_vm_areas(const un...'
linux,../repos/linux/mm/vmalloc.c,"(4372, 1)-(4431, 2)","b'static int s_show(struct seq_file *m, void *p...'"
linux,../repos/linux/mm/gup.c,"(542, 1)-(577, 2)",b'static inline bool can_follow_write_pte(pte_t...'
linux,../repos/linux/mm/hugetlb.c,"(4497, 1)-(7801, 24)",b'static int __init hugetlb_init(void)\n{\n\tint i...'
linux,../repos/linux/mm/hugetlb.c,"(5719, 1)-(5744, 2)",b'void __hugetlb_zap_end(struct vm_area_struct ...'
linux,../repos/linux/mm/hugetlb.c,"(6856, 1)-(6997, 2)",b'long hugetlb_change_protection(struct vm_area...'
linux,../repos/linux/mm/hugetlb.c,"(7554, 1)-(7592, 2)",b'void move_hugetlb_state(struct folio *old_fol...'
linux,../repos/linux/mm/mprotect.c,"(680, 1)-(825, 2)",b'static int do_mprotect_pkey(unsigned long sta...'
linux,../repos/linux/mm/mprotect.c,"(753, 2)-(816, 3)","b'for_each_vma_range(vmi, vma, end) {\n\t\tunsigne...'"
linux,../repos/linux/mm/mmu_notifier.c,"(129, 1)-(164, 2)",b'static void mn_itree_inv_end(struct mmu_notif...'
linux,../repos/linux/mm/memcontrol.c,"(6929, 1)-(6969, 2)",b'static ssize_t memory_reclaim(struct kernfs_o...'
linux,../repos/linux/mm/slab_common.c,"(112, 1)-(134, 2)",b'static unsigned int calculate_alignment(slab_...'
linux,../repos/linux/mm/migrate_device.c,"(815, 1)-(859, 2)",b'void migrate_device_finalize(unsigned long *s...'
linux,../repos/linux/mm/migrate_device.c,"(873, 1)-(876, 2)",b'void migrate_vma_finalize(struct migrate_vma ...'
linux,../repos/linux/mm/migrate_device.c,"(931, 1)-(964, 2)",b'int migrate_device_coherent_page(struct page ...'
linux,../repos/linux/mm/filemap.c,"(148, 1)-(210, 2)",b'static void filemap_unaccount_folio(struct ad...'
linux,../repos/linux/mm/filemap.c,"(1195, 1)-(1329, 2)",b'static inline int folio_wait_bit_common(struc...'
linux,../repos/linux/mm/page_alloc.c,"(1072, 1)-(1081, 2)",b'static void kernel_init_pages(struct page *pa...'
linux,../repos/linux/mm/userfaultfd.c,"(556, 1)-(723, 2)",b'static __always_inline ssize_t mfill_atomic(s...'
linux,../repos/linux/mm/userfaultfd.c,"(1304, 1)-(1473, 2)",b'ssize_t move_pages(struct userfaultfd_ctx *ct...'
linux,../repos/linux/mm/mempolicy.c,"(2781, 1)-(2799, 2)",b'static int __init setup_numabalancing(char *s...'
linux,../repos/linux/mm/vmscan.c,"(2325, 1)-(2520, 2)",b'static void get_scan_count(struct lruvec *lru...'
linux,../repos/linux/mm/damon/sysfs.c,"(1515, 1)-(1525, 2)",b'static int damon_sysfs_turn_damon_off(struct ...'
linux,../repos/linux/mm/truncate.c,"(452, 1)-(475, 2)",b'void truncate_inode_pages_final(struct addres...'
linux,../repos/linux/mm/huge_memory.c,"(1619, 1)-(1654, 2)",b'static inline bool can_follow_write_pmd(pmd_t...'
linux,../repos/linux/mm/huge_memory.c,"(2399, 1)-(2606, 2)",b'static void __split_huge_pmd_locked(struct vm...'
linux,../repos/linux/mm/mmap.c,"(1921, 1)-(1953, 2)",b'static int acct_stack_growth(struct vm_area_s...'
linux,../repos/linux/block/bfq-wf2q.c,"(986, 1)-(1050, 2)",b'static void __bfq_requeue_entity(struct bfq_e...'
linux,../repos/linux/block/bfq-wf2q.c,"(1454, 1)-(1544, 2)",b'struct bfq_queue *bfq_get_next_queue(struct b...'
linux,../repos/linux/block/bfq-wf2q.c,"(1547, 1)-(1585, 2)",b'bool __bfq_bfqd_reset_in_service(struct bfq_d...'
linux,../repos/linux/block/sed-opal.c,"(847, 1)-(889, 2)","b'static int cmd_finalize(struct opal_dev *cmd,...'"
linux,../repos/linux/block/sed-opal.c,"(1187, 1)-(1206, 2)","b'static int cmd_start(struct opal_dev *dev, co...'"
linux,../repos/linux/block/sed-opal.c,"(1254, 1)-(1267, 2)",b'static int finalize_and_send(struct opal_dev ...'
linux,../repos/linux/block/sed-opal.c,"(1269, 1)-(1294, 2)",b'static int generic_get_columns(struct opal_de...'
linux,../repos/linux/block/sed-opal.c,"(1329, 1)-(1347, 2)","b'static int gen_key(struct opal_dev *dev, void...'"
linux,../repos/linux/block/sed-opal.c,"(1393, 1)-(1460, 2)",b'static int generic_table_write_data(struct op...'
linux,../repos/linux/block/sed-opal.c,"(1513, 1)-(1563, 2)",b'static int setup_locking_range(struct opal_de...'
linux,../repos/linux/block/sed-opal.c,"(1688, 1)-(1735, 2)",b'static int start_generic_opal_session(struct ...'
linux,../repos/linux/block/sed-opal.c,"(1785, 1)-(1829, 2)",b'static int start_auth_opal_session(struct opa...'
linux,../repos/linux/block/sed-opal.c,"(1831, 1)-(1843, 2)","b'static int revert_tper(struct opal_dev *dev, ...'"
linux,../repos/linux/block/sed-opal.c,"(1845, 1)-(1871, 2)",b'static int internal_activate_user(struct opal...'
linux,../repos/linux/block/sed-opal.c,"(1873, 1)-(1891, 2)","b'static int revert_lsp(struct opal_dev *dev, v...'"
linux,../repos/linux/block/sed-opal.c,"(1893, 1)-(1910, 2)",b'static int erase_locking_range(struct opal_de...'
linux,../repos/linux/block/sed-opal.c,"(1912, 1)-(1936, 2)","b'static int set_mbr_done(struct opal_dev *dev,...'"
linux,../repos/linux/block/sed-opal.c,"(1938, 1)-(1962, 2)",b'static int set_mbr_enable_disable(struct opal...'
linux,../repos/linux/block/sed-opal.c,"(1992, 1)-(2014, 2)","b'static int set_new_pw(struct opal_dev *dev, v...'"
linux,../repos/linux/block/sed-opal.c,"(2016, 1)-(2028, 2)",b'static int set_sid_cpin_pin(struct opal_dev *...'
linux,../repos/linux/block/sed-opal.c,"(2108, 1)-(2128, 2)",b'static int add_user_to_lr(struct opal_dev *de...'
linux,../repos/linux/block/sed-opal.c,"(2130, 1)-(2149, 2)",b'static int add_user_to_lr_ace(struct opal_dev...'
linux,../repos/linux/block/sed-opal.c,"(2151, 1)-(2204, 2)",b'static int lock_unlock_locking_range(struct o...'
linux,../repos/linux/block/sed-opal.c,"(2207, 1)-(2246, 2)",b'static int lock_unlock_locking_range_sum(stru...'
linux,../repos/linux/block/sed-opal.c,"(2248, 1)-(2282, 2)","b'static int activate_lsp(struct opal_dev *dev,...'"
linux,../repos/linux/block/sed-opal.c,"(2367, 1)-(2436, 2)",b'static int read_table_data(struct opal_dev *d...'
linux,../repos/linux/block/sed-opal.c,"(2438, 1)-(2450, 2)",b'static int end_opal_session(struct opal_dev *...'
linux,../repos/linux/block/bdev.c,"(339, 1)-(344, 2)",b'static void bdev_evict_inode(struct inode *in...'
linux,../repos/linux/block/ioctl.c,"(404, 1)-(428, 2)",b'static int blkdev_getgeo(struct block_device ...'
linux,../repos/linux/block/ioctl.c,"(438, 1)-(466, 2)",b'static int compat_hdio_getgeo(struct block_de...'
linux,../repos/linux/block/bfq-iosched.c,"(1382, 1)-(1446, 2)",b'static void bfq_handle_burst(struct bfq_data ...'
linux,../repos/linux/block/bfq-iosched.c,"(1584, 1)-(1642, 2)",b'static bool bfq_bfqq_update_budg_for_activati...'
linux,../repos/linux/block/bfq-iosched.c,"(2601, 1)-(2631, 2)",b'static void bfq_bfqq_end_wr(struct bfq_queue ...'
linux,../repos/linux/block/bfq-iosched.c,"(4801, 1)-(5033, 2)",b'static struct bfq_queue *bfq_select_queue(str...'
linux,../repos/linux/block/bfq-iosched.c,"(5753, 1)-(5829, 2)",b'static struct bfq_queue *bfq_do_or_sched_stab...'
linux,../repos/linux/block/bfq-iosched.c,"(5946, 1)-(6072, 2)",b'static void bfq_update_has_short_ttime(struct...'
linux,../repos/linux/block/bfq-iosched.c,"(6078, 1)-(6132, 2)",b'static void bfq_rq_enqueued(struct bfq_data *...'
linux,../repos/linux/block/bfq-iosched.c,"(6349, 1)-(6479, 2)",b'static void bfq_completed_request(struct bfq_...'
linux,../repos/linux/block/blk-iocost.c,"(1838, 1)-(2051, 2)",b'static void transfer_surpluses(struct list_he...'
linux,../repos/linux/security/selinux/hooks.c,"(5797, 1)-(5931, 2)",b'static unsigned int selinux_ip_postroute(void...'
linux,../repos/linux/security/selinux/hooks.c,"(7047, 1)-(7051, 2)",b'static int selinux_uring_override_creds(const...'
linux,../repos/linux/security/security.c,"(5552, 1)-(5555, 2)",b'int security_uring_override_creds(const struc...'
linux,../repos/linux/security/keys/trusted-keys/trusted_tpm1.c,"(68, 1)-(110, 2)","b'static int TSS_rawhmac(unsigned char *digest,...'"
linux,../repos/linux/security/keys/trusted-keys/trusted_tpm1.c,"(115, 1)-(164, 2)","b'int TSS_authhmac(unsigned char *digest, const...'"
linux,../repos/linux/security/keys/trusted-keys/trusted_tpm1.c,"(170, 1)-(249, 2)","b'int TSS_checkhmac1(unsigned char *buffer,\n\t\t\t...'"
linux,../repos/linux/security/keys/trusted-keys/trusted_tpm1.c,"(255, 1)-(351, 2)",b'static int TSS_checkhmac2(unsigned char *buff...'
linux,../repos/linux/security/keys/permission.c,"(26, 1)-(91, 2)",b'int key_task_permission(const key_ref_t key_r...'
linux,../repos/linux/security/integrity/ima/ima_policy.c,"(2284, 1)-(2330, 2)",b'bool ima_appraise_signature(enum kernel_read_...'
linux,../repos/linux/security/integrity/ima/ima_policy.c,"(2302, 2)-(2326, 3)","b'list_for_each_entry_rcu(entry, ima_rules_tmp,...'"
linux,../repos/linux/security/integrity/ima/ima_crypto.c,"(329, 1)-(438, 2)",b'static int ima_calc_file_hash_atfm(struct fil...'
linux,../repos/linux/security/integrity/ima/ima_crypto.c,"(456, 1)-(505, 2)",b'static int ima_calc_file_hash_tfm(struct file...'
linux,../repos/linux/security/integrity/ima/ima_crypto.c,"(583, 1)-(625, 2)",b'static int ima_calc_field_array_hash_tfm(stru...'
linux,../repos/linux/security/integrity/ima/ima_crypto.c,"(663, 1)-(701, 2)",b'static int calc_buffer_ahash_atfm(const void ...'
linux,../repos/linux/security/integrity/ima/ima_crypto.c,"(720, 1)-(748, 2)",b'static int calc_buffer_shash_tfm(const void *...'
linux,../repos/linux/security/integrity/ima/ima_crypto.c,"(800, 1)-(842, 2)",b'static int ima_calc_boot_aggregate_tfm(char *...'
linux,../repos/linux/security/integrity/evm/evm_crypto.c,"(142, 1)-(180, 2)",b'static void hmac_add_misc(struct shash_desc *...'
linux,../repos/linux/security/apparmor/crypto.c,"(28, 1)-(59, 2)","b'char *aa_calc_hash(void *data, size_t len)\n{\n...'"
linux,../repos/linux/security/apparmor/crypto.c,"(61, 1)-(100, 2)",b'int aa_calc_profile_hash(struct aa_profile *p...'
linux,../repos/linux/security/apparmor/lsm.c,"(594, 1)-(601, 2)",b'static const char *audit_uring_mask(u32 mask)...'
linux,../repos/linux/security/apparmor/lsm.c,"(659, 1)-(675, 2)",b'static int apparmor_uring_override_creds(cons...'
linux,../repos/linux/security/apparmor/domain.c,"(873, 1)-(1158, 2)",b'int apparmor_bprm_creds_for_exec(struct linux...'
linux,../repos/linux/security/smack/smack_lsm.c,"(1906, 1)-(1938, 2)",b'static int smack_file_send_sigiotask(struct t...'
linux,../repos/linux/security/smack/smack_lsm.c,"(3426, 1)-(3628, 2)",b'static void smack_d_instantiate(struct dentry...'
linux,../repos/linux/security/smack/smack_lsm.c,"(4936, 1)-(4952, 2)",b'static int smack_uring_override_creds(const s...'
linux,../repos/linux/security/smack/smack_access.c,"(218, 1)-(257, 2)","b'int smk_tskacc(struct task_smack *tsp, struct...'"
linux,../repos/linux/kernel/debug/kdb/kdb_main.c,"(1593, 1)-(1783, 2)","b'static int kdb_md(int argc, const char **argv...'"
linux,../repos/linux/kernel/module/main.c,"(78, 1)-(3369, 7)","b'static DECLARE_WORK(init_free_wq, do_free_ini...'"
linux,../repos/linux/kernel/module/main.c,"(2366, 1)-(2421, 2)",b'static struct module *layout_and_allocate(str...'
linux,../repos/linux/kernel/module/main.c,"(2432, 1)-(2437, 2)",b'int __weak module_finalize(const Elf_Ehdr *hd...'
linux,../repos/linux/kernel/module/main.c,"(2439, 1)-(2453, 2)",b'static int post_relocation(struct module *mod...'
linux,../repos/linux/kernel/module/main.c,"(2724, 1)-(2755, 2)",b'static int complete_formation(struct module *...'
linux,../repos/linux/kernel/module/main.c,"(2831, 1)-(3039, 2)",b'static int load_module(struct load_info *info...'
linux,../repos/linux/kernel/sched/core.c,"(1486, 1)-(1501, 2)",b'static void __uclamp_update_util_min_rt_defau...'
linux,../repos/linux/kernel/sched/core.c,"(3243, 1)-(3277, 2)",b'static int restrict_cpus_allowed_ptr(struct t...'
linux,../repos/linux/kernel/sched/core.c,"(3285, 1)-(3322, 2)",b'void force_compatible_cpus_allowed_ptr(struct...'
linux,../repos/linux/kernel/sched/core.c,"(6735, 1)-(6749, 2)",b'void __noreturn do_task_dead(void)\n{\n\t/* Caus...'
linux,../repos/linux/kernel/sched/core.c,"(8758, 1)-(8807, 2)",b'static void __sched_dynamic_update(int mode)\n...'
linux,../repos/linux/kernel/sched/core.c,"(8824, 1)-(8832, 2)",b'void sched_dynamic_klp_enable(void)\n{\n\tmutex_...'
linux,../repos/linux/kernel/sched/core.c,"(8834, 1)-(8842, 2)",b'void sched_dynamic_klp_disable(void)\n{\n\tmutex...'
linux,../repos/linux/kernel/sched/deadline.c,"(662, 1)-(730, 2)",b'static struct rq *dl_task_offline_migration(s...'
linux,../repos/linux/kernel/sched/deadline.c,"(1788, 1)-(1843, 2)","b'static void enqueue_task_dl(struct rq *rq, st...'"
linux,../repos/linux/kernel/sched/fair.c,"(384, 1)-(402, 2)",b'static inline void list_del_leaf_cfs_rq(struc...'
linux,../repos/linux/kernel/sched/fair.c,"(3029, 1)-(3060, 2)","b'void task_numa_free(struct task_struct *p, bo...'"
linux,../repos/linux/kernel/sched/fair.c,"(9972, 1)-(10114, 2)",b'static bool update_sd_pick_busiest(struct lb_...'
linux,../repos/linux/kernel/sched/fair.c,"(10314, 1)-(10478, 2)",b'static struct sched_group *\nfind_idlest_group...'
linux,../repos/linux/kernel/sched/fair.c,"(10480, 1)-(10549, 2)",b'static void update_idle_cpu_scan(struct lb_en...'
linux,../repos/linux/kernel/sched/fair.c,"(10636, 1)-(10804, 2)",b'static inline void calculate_imbalance(struct...'
linux,../repos/linux/kernel/sched/rt.c,"(1825, 1)-(1914, 2)",b'static int find_lowest_rq(struct task_struct ...'
linux,../repos/linux/kernel/cfi.c,"(48, 1)-(67, 2)","b'void module_cfi_finalize(const Elf_Ehdr *hdr,...'"
linux,../repos/linux/kernel/printk/printk.c,"(1094, 1)-(1117, 2)",b'static unsigned int __init add_to_rb(struct p...'
linux,../repos/linux/kernel/printk/printk.c,"(1480, 1)-(1495, 2)",b'static size_t get_record_print_text_size(stru...'
linux,../repos/linux/kernel/printk/printk.c,"(2149, 1)-(2260, 2)","b'int vprintk_store(int facility, int level,\n\t\t...'"
linux,../repos/linux/kernel/printk/nbcon.c,"(690, 1)-(733, 2)",b'static bool nbcon_context_can_proceed(struct ...'
linux,../repos/linux/kernel/printk/printk_ringbuffer.c,"(543, 1)-(553, 2)",b'static void desc_make_reusable(struct prb_des...'
linux,../repos/linux/kernel/printk/printk_ringbuffer.c,"(564, 1)-(625, 2)",b'static bool data_make_reusable(struct printk_...'
linux,../repos/linux/kernel/printk/printk_ringbuffer.c,"(767, 1)-(872, 2)",b'static bool desc_push_tail(struct printk_ring...'
linux,../repos/linux/kernel/printk/printk_ringbuffer.c,"(875, 1)-(999, 2)",b'static bool desc_reserve(struct printk_ringbu...'
linux,../repos/linux/kernel/printk/printk_ringbuffer.c,"(1448, 1)-(1458, 2)",b'static void desc_make_final(struct prb_desc_r...'
linux,../repos/linux/kernel/printk/printk_ringbuffer.c,"(1485, 1)-(1573, 2)",b'bool prb_reserve(struct prb_reserved_entry *e...'
linux,../repos/linux/kernel/printk/printk_ringbuffer.c,"(1576, 1)-(1614, 2)",b'static void _prb_commit(struct prb_reserved_e...'
linux,../repos/linux/kernel/printk/printk_ringbuffer.c,"(1632, 1)-(1647, 2)",b'void prb_commit(struct prb_reserved_entry *e)...'
linux,../repos/linux/kernel/printk/printk_ringbuffer.c,"(1664, 1)-(1672, 2)",b'void prb_final_commit(struct prb_reserved_ent...'
linux,../repos/linux/kernel/printk/printk_ringbuffer.c,"(1755, 1)-(1788, 2)",b'static int desc_read_finalized_seq(struct prb...'
linux,../repos/linux/kernel/printk/printk_ringbuffer.c,"(1796, 1)-(1832, 2)",b'static int prb_read(struct printk_ringbuffer ...'
linux,../repos/linux/kernel/printk/printk_ringbuffer.c,"(1835, 1)-(1876, 2)",b'static u64 prb_first_seq(struct printk_ringbu...'
linux,../repos/linux/kernel/printk/printk_ringbuffer.c,"(1885, 1)-(1912, 2)",b'static bool _prb_read_valid(struct printk_rin...'
linux,../repos/linux/kernel/printk/printk_ringbuffer.c,"(2017, 1)-(2056, 2)",b'u64 prb_next_seq(struct printk_ringbuffer *rb...'
linux,../repos/linux/kernel/printk/printk_ringbuffer.c,"(2075, 1)-(2103, 2)","b'void prb_init(struct printk_ringbuffer *rb,\n\t...'"
linux,../repos/linux/kernel/futex/core.c,"(221, 1)-(408, 2)","b'int get_futex_key(u32 __user *uaddr, unsigned...'"
linux,../repos/linux/kernel/futex/waitwake.c,"(539, 1)-(574, 2)",b'int futex_wait_multiple(struct futex_vector *...'
linux,../repos/linux/kernel/reboot.c,"(901, 1)-(906, 2)",b'void orderly_poweroff(bool force)\n{\n\tif (forc...'
linux,../repos/linux/kernel/trace/trace_events_user.c,"(767, 1)-(819, 2)",b'void user_event_mm_remove(struct task_struct ...'
linux,../repos/linux/kernel/trace/trace_events_user.c,"(1430, 1)-(1463, 2)",b'static int user_event_set_call_visible(struct...'
linux,../repos/linux/kernel/trace/trace_events_user.c,"(2548, 1)-(2588, 2)",b'static int user_events_release(struct inode *...'
linux,../repos/linux/kernel/trace/bpf_trace.c,"(158, 1)-(163, 2)","b'BPF_CALL_2(bpf_override_return, struct pt_reg...'"
linux,../repos/linux/kernel/trace/bpf_trace.c,"(1636, 1)-(1665, 2)",b'static const struct bpf_func_proto *\nkprobe_p...'
linux,../repos/linux/kernel/trace/bpf_trace.c,"(2233, 1)-(2275, 2)",b'int perf_event_attach_bpf_prog(struct perf_ev...'
linux,../repos/linux/kernel/trace/bpf_trace.c,"(2945, 1)-(3086, 2)",b'int bpf_kprobe_multi_link_attach(const union ...'
linux,../repos/linux/kernel/signal.c,"(403, 1)-(440, 2)",b'static struct sigqueue *\n__sigqueue_alloc(int...'
linux,../repos/linux/kernel/signal.c,"(1073, 1)-(1188, 2)","b'static int __send_signal_locked(int sig, stru...'"
linux,../repos/linux/kernel/sys.c,"(1280, 1)-(1304, 2)",b'static int override_release(char __user *rele...'
linux,../repos/linux/kernel/sys.c,"(1306, 1)-(1321, 2)","b'SYSCALL_DEFINE1(newuname, struct new_utsname ...'"
linux,../repos/linux/kernel/sys.c,"(1327, 1)-(1345, 2)","b'SYSCALL_DEFINE1(uname, struct old_utsname __u...'"
linux,../repos/linux/kernel/sys.c,"(1347, 1)-(1371, 2)","b'SYSCALL_DEFINE1(olduname, struct oldold_utsna...'"
linux,../repos/linux/kernel/sys.c,"(1926, 1)-(1985, 2)",b'static int validate_prctl_map_addr(struct prc...'
linux,../repos/linux/kernel/cgroup/cgroup.c,"(1778, 1)-(1890, 2)",b'int rebind_subsystems(struct cgroup_root *dst...'
linux,../repos/linux/kernel/cgroup/cgroup.c,"(1822, 2)-(1886, 3)","b'do_each_subsys_mask(ss, ssid, ss_mask) {\n\t\tst...'"
linux,../repos/linux/kernel/cgroup/cgroup.c,"(5138, 1)-(5183, 2)",b'static ssize_t __cgroup_procs_write(struct ke...'
linux,../repos/linux/kernel/kexec_core.c,"(340, 1)-(404, 2)",b'static struct page *kimage_alloc_normal_contr...'
linux,../repos/linux/kernel/kexec_core.c,"(406, 1)-(470, 2)",b'static struct page *kimage_alloc_crash_contro...'
linux,../repos/linux/kernel/kexec_core.c,"(598, 1)-(642, 2)",b'void kimage_free(struct kimage *image)\n{\n\tkim...'
linux,../repos/linux/kernel/kexec_core.c,"(1184, 1)-(1208, 2)","b'void crash_save_cpu(struct pt_regs *regs, int...'"
linux,../repos/linux/kernel/acct.c,"(492, 1)-(546, 2)",b'static void do_acct_process(struct bsd_acct_s...'
linux,../repos/linux/kernel/cpu.c,"(1822, 1)-(1842, 2)",b'static void __init cpuhp_bringup_mask(const s...'
linux,../repos/linux/kernel/cpu.c,"(1827, 2)-(1841, 3)","b'for_each_cpu(cpu, mask) {\n\t\tstruct cpuhp_cpu_...'"
linux,../repos/linux/kernel/time/clocksource.c,"(979, 1)-(1028, 2)",b'static void __clocksource_select(bool skipcur...'
linux,../repos/linux/kernel/time/clocksource.c,"(1351, 1)-(1366, 2)",b'static ssize_t current_clocksource_store(stru...'
linux,../repos/linux/kernel/time/clocksource.c,"(1479, 1)-(1486, 2)",b'static int __init boot_override_clocksource(c...'
linux,../repos/linux/kernel/time/clocksource.c,"(1497, 1)-(1505, 2)",b'static int __init boot_override_clock(char* s...'
linux,../repos/linux/kernel/time/sched_clock.c,"(237, 1)-(255, 2)",b'void __init generic_sched_clock_init(void)\n{\n...'
linux,../repos/linux/kernel/time/time.c,"(449, 1)-(467, 2)","b'time64_t mktime64(const unsigned int year0, c...'"
linux,../repos/linux/kernel/cred.c,"(486, 1)-(507, 2)",b'const struct cred *override_creds(const struc...'
linux,../repos/linux/kernel/cred.c,"(517, 1)-(526, 2)",b'void revert_creds(const struct cred *old)\n{\n\t...'
linux,../repos/linux/kernel/cred.c,"(688, 1)-(691, 2)","b'int set_security_override(struct cred *new, u...'"
linux,../repos/linux/kernel/cred.c,"(704, 1)-(714, 2)",b'int set_security_override_from_ctx(struct cre...'
linux,../repos/linux/kernel/tsacct.c,"(124, 1)-(146, 2)",b'static void __acct_update_integrals(struct ta...'
linux,../repos/linux/kernel/fork.c,"(580, 1)-(608, 2)",b'void free_task(struct task_struct *tsk)\n{\n#if...'
linux,../repos/linux/kernel/fork.c,"(860, 1)-(901, 2)",b'static void cleanup_lazy_tlbs(struct mm_struc...'
linux,../repos/linux/kernel/fork.c,"(1615, 1)-(1646, 2)",b'static void mm_release(struct task_struct *ts...'
linux,../repos/linux/kernel/locking/lockdep.c,"(881, 1)-(6715, 43)",b'static noinstr struct lock_class *\nlook_up_lo...'
linux,../repos/linux/kernel/locking/lockdep.c,"(1274, 1)-(3013, 2)",b'static struct lock_class *\nregister_lock_clas...'
linux,../repos/linux/kernel/locking/lockdep.c,"(2263, 1)-(2304, 2)",b'static inline bool usage_skip(struct lock_lis...'
linux,../repos/linux/kernel/locking/lockdep.c,"(4771, 1)-(4824, 2)",b'static int check_wait_context(struct task_str...'
linux,../repos/linux/kernel/rcu/tasks.h,"(936, 1)-(966, 2)",b'static void rcu_tasks_postscan(struct list_he...'
linux,../repos/linux/kernel/rcu/tasks.h,"(1013, 1)-(1036, 2)",b'static void rcu_tasks_postgp(struct rcu_tasks...'
linux,../repos/linux/kernel/rcu/tree_stall.h,"(719, 1)-(807, 2)",b'static void check_cpu_stall(struct rcu_data *...'
linux,../repos/linux/kernel/rcu/tree.c,"(79, 1)-(5142, 1)",b'static DEFINE_PER_CPU_SHARED_ALIGNED(struct r...'
linux,../repos/linux/kernel/rcu/tree_nocb.h,"(288, 1)-(317, 2)",b'static void wake_nocb_gp_defer(struct rcu_dat...'
linux,../repos/linux/kernel/rcu/tree_nocb.h,"(1230, 1)-(1289, 2)",b'static long rcu_nocb_rdp_offload(void *arg)\n{...'
linux,../repos/linux/kernel/kcsan/core.c,"(455, 1)-(524, 2)",b'static noinline void kcsan_found_watchpoint(c...'
linux,../repos/linux/kernel/irq/manage.c,"(1082, 1)-(1130, 2)",b'static void irq_finalize_oneshot(struct irq_d...'
linux,../repos/linux/kernel/irq/manage.c,"(1184, 1)-(1201, 2)",b'static irqreturn_t\nirq_forced_thread_fn(struc...'
linux,../repos/linux/kernel/irq/manage.c,"(1208, 1)-(1219, 2)",b'static irqreturn_t irq_thread_fn(struct irq_d...'
linux,../repos/linux/kernel/irq/manage.c,"(1227, 1)-(1252, 2)",b'static void irq_thread_dtor(struct callback_h...'
linux,../repos/linux/kernel/irq/manage.c,"(1504, 1)-(1866, 2)","b'static int\n__setup_irq(unsigned int irq, stru...'"
linux,../repos/linux/kernel/irq/manage.c,"(1872, 1)-(2003, 2)",b'static struct irqaction *__free_irq(struct ir...'
linux,../repos/linux/kernel/irq/msi.c,"(1208, 1)-(1245, 2)",b'static int msi_init_virq(struct irq_domain *d...'
linux,../repos/linux/kernel/irq/handle.c,"(61, 1)-(137, 2)","b'void __irq_wake_thread(struct irq_desc *desc,...'"
linux,../repos/linux/kernel/fail_function.c,"(169, 1)-(180, 2)",b'static int fei_kprobe_handler(struct kprobe *...'
linux,../repos/linux/kernel/auditsc.c,"(1125, 1)-(1297, 2)",b'static void audit_log_execve_info(struct audi...'
linux,../repos/linux/kernel/relay.c,"(283, 1)-(306, 2)",b'static void __relay_reset(struct rchan_buf *b...'
linux,../repos/linux/kernel/relay.c,"(425, 1)-(431, 2)",b'static void relay_close_buf(struct rchan_buf ...'
linux,../repos/linux/kernel/relay.c,"(842, 1)-(857, 2)",b'static __poll_t relay_file_poll(struct file *...'
linux,../repos/linux/kernel/bpf/log.c,"(225, 1)-(297, 2)",b'int bpf_vlog_finalize(struct bpf_verifier_log...'
linux,../repos/linux/kernel/bpf/memalloc.c,"(308, 1)-(335, 2)",b'static void do_call_rcu_ttrace(struct bpf_mem...'
linux,../repos/linux/kernel/bpf/core.c,"(624, 1)-(641, 2)",b'static __always_inline int bpf_tree_comp(void...'
linux,../repos/linux/kernel/bpf/core.c,"(1152, 1)-(1167, 2)",b'int bpf_jit_binary_pack_finalize(struct bpf_p...'
linux,../repos/linux/kernel/bpf/core.c,"(2274, 1)-(2308, 2)",b'bool bpf_prog_map_compatible(struct bpf_map *...'
linux,../repos/linux/kernel/bpf/core.c,"(2355, 1)-(2405, 2)",b'struct bpf_prog *bpf_prog_select_runtime(stru...'
linux,../repos/linux/kernel/bpf/cpumap.c,"(81, 1)-(112, 3)","b'static DEFINE_PER_CPU(struct list_head, cpu_m...'"
linux,../repos/linux/kernel/bpf/verifier.c,"(2983, 1)-(3029, 2)",b'static int mark_reg_read(struct bpf_verifier_...'
linux,../repos/linux/kernel/bpf/verifier.c,"(16913, 1)-(17245, 2)",b'static int is_state_visited(struct bpf_verifi...'
linux,../repos/linux/kernel/bpf/verifier.c,"(17946, 1)-(18130, 2)",b'static int resolve_pseudo_ldimm64(struct bpf_...'
linux,../repos/linux/kernel/bpf/verifier.c,"(18816, 1)-(19053, 2)",b'static int jit_subprogs(struct bpf_verifier_e...'
linux,../repos/linux/kernel/bpf/verifier.c,"(19284, 1)-(19846, 2)",b'static int do_misc_fixups(struct bpf_verifier...'
linux,../repos/linux/kernel/bpf/verifier.c,"(20735, 1)-(20977, 2)","b'int bpf_check(struct bpf_prog **prog, union b...'"
linux,../repos/linux/kernel/bpf/btf.c,"(5466, 1)-(5479, 2)",b'static int finalize_log(struct bpf_verifier_l...'
linux,../repos/linux/kernel/bpf/btf.c,"(5481, 1)-(5582, 2)",b'static struct btf *btf_parse(const union bpf_...'
linux,../repos/linux/kernel/bpf/btf.c,"(7737, 1)-(7849, 2)",b'static int btf_populate_kfunc_set(struct btf ...'
linux,../repos/linux/kernel/bpf/arraymap.c,"(1027, 1)-(1074, 2)",b'static void prog_array_map_poke_run(struct bp...'
linux,../repos/linux/kernel/bpf/ringbuf.c,"(470, 1)-(496, 2)","b'static void bpf_ringbuf_commit(void *sample, ...'"
linux,../repos/linux/kernel/bpf/cgroup.c,"(1696, 1)-(1754, 2)",b'int __cgroup_bpf_run_filter_sysctl(struct ctl...'
linux,../repos/linux/kernel/bpf/offload.c,"(328, 1)-(344, 2)",b'int bpf_prog_offload_finalize(struct bpf_veri...'
linux,../repos/linux/kernel/bpf/inode.c,"(143, 1)-(150, 2)",b'static void bpf_dentry_finalize(struct dentry...'
linux,../repos/linux/kernel/bpf/inode.c,"(152, 1)-(169, 2)","b'static int bpf_mkdir(struct mnt_idmap *idmap,...'"
linux,../repos/linux/kernel/bpf/inode.c,"(328, 1)-(343, 2)",b'static int bpf_mkobj_ops(struct dentry *dentr...'
linux,../repos/linux/kernel/bpf/inode.c,"(382, 1)-(402, 2)",b'static int bpf_symlink(struct mnt_idmap *idma...'
linux,../repos/linux/kernel/dma/debug.c,"(501, 1)-(518, 2)",b'static void active_cacheline_remove(struct dm...'
linux,../repos/linux/kernel/events/core.c,"(779, 1)-(797, 2)",b'static inline void update_cgrp_time_from_cpuc...'
linux,../repos/linux/kernel/events/core.c,"(1031, 1)-(1034, 2)",b'static inline void update_cgrp_time_from_cpuc...'
linux,../repos/linux/kernel/events/core.c,"(3196, 1)-(3236, 2)",b'static int perf_event_modify_attr(struct perf...'
linux,../repos/linux/kernel/events/core.c,"(4021, 1)-(4092, 2)",b'static u64 perf_calculate_period(struct perf_...'
linux,../repos/linux/kernel/events/core.c,"(9555, 1)-(9628, 2)",b'static int __perf_event_overflow(struct perf_...'
linux,../repos/linux/kernel/events/core.c,"(10539, 1)-(10576, 2)",b'int perf_event_set_bpf_prog(struct perf_event...'
linux,../repos/linux/kernel/crash_core.c,"(653, 1)-(656, 2)","b'void final_note(Elf_Word *buf)\n{\n\tmemset(buf,...'"
linux,../repos/linux/kernel/crash_core.c,"(658, 1)-(667, 2)",b'static void update_vmcoreinfo_note(void)\n{\n\tu...'
linux,../repos/linux/kernel/power/autosleep.c,"(27, 1)-(65, 2)",b'static void try_to_suspend(struct work_struct...'
linux,../repos/linux/kernel/power/swap.c,"(1059, 1)-(1109, 2)",b'static int load_image(struct swap_map_handle ...'
linux,../repos/linux/kernel/power/swap.c,"(1165, 1)-(1475, 2)",b'static int load_image_lzo(struct swap_map_han...'
linux,../repos/linux/kernel/power/user.c,"(249, 1)-(421, 2)","b'static long snapshot_ioctl(struct file *filp,...'"
linux,../repos/linux/kernel/power/snapshot.c,"(2861, 1)-(2870, 2)",b'void snapshot_write_finalize(struct snapshot_...'
linux,../repos/linux/kernel/kexec_file.c,"(687, 1)-(807, 2)",b'static int kexec_calculate_store_digests(stru...'
linux,../repos/linux/kernel/kexec_file.c,"(1111, 1)-(1128, 2)",b'void *kexec_purgatory_get_symbol_addr(struct ...'
