Repo name,File name,Location,Content
linux,../repos/linux/lib/llist.c,"(87, 16)-(87, 20)",b'this'
linux,../repos/linux/lib/zlib_inflate/inftrees.c,"(104, 9)-(104, 13)",b'this'
linux,../repos/linux/lib/zlib_inflate/inftrees.c,"(105, 9)-(105, 13)",b'this'
linux,../repos/linux/lib/zlib_inflate/inftrees.c,"(106, 9)-(106, 13)",b'this'
linux,../repos/linux/lib/zlib_inflate/inftrees.c,"(107, 23)-(107, 27)",b'this'
linux,../repos/linux/lib/zlib_inflate/inftrees.c,"(108, 23)-(108, 27)",b'this'
linux,../repos/linux/lib/zlib_inflate/inftrees.c,"(204, 9)-(204, 13)",b'this'
linux,../repos/linux/lib/zlib_inflate/inftrees.c,"(206, 13)-(206, 17)",b'this'
linux,../repos/linux/lib/zlib_inflate/inftrees.c,"(207, 13)-(207, 17)",b'this'
linux,../repos/linux/lib/zlib_inflate/inftrees.c,"(210, 13)-(210, 17)",b'this'
linux,../repos/linux/lib/zlib_inflate/inftrees.c,"(211, 13)-(211, 17)",b'this'
linux,../repos/linux/lib/zlib_inflate/inftrees.c,"(214, 13)-(214, 17)",b'this'
linux,../repos/linux/lib/zlib_inflate/inftrees.c,"(215, 13)-(215, 17)",b'this'
linux,../repos/linux/lib/zlib_inflate/inftrees.c,"(224, 43)-(224, 47)",b'this'
linux,../repos/linux/lib/zlib_inflate/inftrees.c,"(284, 5)-(284, 9)",b'this'
linux,../repos/linux/lib/zlib_inflate/inftrees.c,"(285, 5)-(285, 9)",b'this'
linux,../repos/linux/lib/zlib_inflate/inftrees.c,"(286, 5)-(286, 9)",b'this'
linux,../repos/linux/lib/zlib_inflate/inftrees.c,"(293, 13)-(293, 17)",b'this'
linux,../repos/linux/lib/zlib_inflate/inftrees.c,"(297, 30)-(297, 34)",b'this'
linux,../repos/linux/lib/zlib_inflate/inflate.c,"(508, 21)-(508, 25)",b'this'
linux,../repos/linux/lib/zlib_inflate/inflate.c,"(509, 36)-(509, 40)",b'this'
linux,../repos/linux/lib/zlib_inflate/inflate.c,"(512, 21)-(512, 25)",b'this'
linux,../repos/linux/lib/zlib_inflate/inflate.c,"(513, 30)-(513, 34)",b'this'
linux,../repos/linux/lib/zlib_inflate/inflate.c,"(514, 30)-(514, 34)",b'this'
linux,../repos/linux/lib/zlib_inflate/inflate.c,"(515, 50)-(515, 54)",b'this'
linux,../repos/linux/lib/zlib_inflate/inflate.c,"(518, 25)-(518, 29)",b'this'
linux,../repos/linux/lib/zlib_inflate/inflate.c,"(519, 34)-(519, 38)",b'this'
linux,../repos/linux/lib/zlib_inflate/inflate.c,"(520, 34)-(520, 38)",b'this'
linux,../repos/linux/lib/zlib_inflate/inflate.c,"(530, 30)-(530, 34)",b'this'
linux,../repos/linux/lib/zlib_inflate/inflate.c,"(531, 34)-(531, 38)",b'this'
linux,../repos/linux/lib/zlib_inflate/inflate.c,"(532, 34)-(532, 38)",b'this'
linux,../repos/linux/lib/zlib_inflate/inflate.c,"(538, 34)-(538, 38)",b'this'
linux,../repos/linux/lib/zlib_inflate/inflate.c,"(539, 34)-(539, 38)",b'this'
linux,../repos/linux/lib/zlib_inflate/inflate.c,"(587, 17)-(587, 21)",b'this'
linux,../repos/linux/lib/zlib_inflate/inflate.c,"(588, 32)-(588, 36)",b'this'
linux,../repos/linux/lib/zlib_inflate/inflate.c,"(591, 17)-(591, 21)",b'this'
linux,../repos/linux/lib/zlib_inflate/inflate.c,"(591, 29)-(591, 33)",b'this'
linux,../repos/linux/lib/zlib_inflate/inflate.c,"(592, 24)-(592, 28)",b'this'
linux,../repos/linux/lib/zlib_inflate/inflate.c,"(594, 21)-(594, 25)",b'this'
linux,../repos/linux/lib/zlib_inflate/inflate.c,"(596, 48)-(596, 52)",b'this'
linux,../repos/linux/lib/zlib_inflate/inflate.c,"(601, 22)-(601, 26)",b'this'
linux,../repos/linux/lib/zlib_inflate/inflate.c,"(602, 39)-(602, 43)",b'this'
linux,../repos/linux/lib/zlib_inflate/inflate.c,"(603, 23)-(603, 27)",b'this'
linux,../repos/linux/lib/zlib_inflate/inflate.c,"(607, 17)-(607, 21)",b'this'
linux,../repos/linux/lib/zlib_inflate/inflate.c,"(611, 17)-(611, 21)",b'this'
linux,../repos/linux/lib/zlib_inflate/inflate.c,"(616, 39)-(616, 43)",b'this'
linux,../repos/linux/lib/zlib_inflate/inflate.c,"(629, 17)-(629, 21)",b'this'
linux,../repos/linux/lib/zlib_inflate/inflate.c,"(630, 32)-(630, 36)",b'this'
linux,../repos/linux/lib/zlib_inflate/inflate.c,"(633, 18)-(633, 22)",b'this'
linux,../repos/linux/lib/zlib_inflate/inflate.c,"(634, 24)-(634, 28)",b'this'
linux,../repos/linux/lib/zlib_inflate/inflate.c,"(636, 21)-(636, 25)",b'this'
linux,../repos/linux/lib/zlib_inflate/inflate.c,"(638, 48)-(638, 52)",b'this'
linux,../repos/linux/lib/zlib_inflate/inflate.c,"(643, 22)-(643, 26)",b'this'
linux,../repos/linux/lib/zlib_inflate/inflate.c,"(644, 17)-(644, 21)",b'this'
linux,../repos/linux/lib/zlib_inflate/inflate.c,"(649, 39)-(649, 43)",b'this'
linux,../repos/linux/lib/zlib_inflate/inflate.c,"(650, 39)-(650, 43)",b'this'
linux,../repos/linux/lib/zlib_inflate/inffast.c,"(125, 9)-(125, 13)",b'this'
linux,../repos/linux/lib/zlib_inflate/inffast.c,"(127, 25)-(127, 29)",b'this'
linux,../repos/linux/lib/zlib_inflate/inffast.c,"(130, 25)-(130, 29)",b'this'
linux,../repos/linux/lib/zlib_inflate/inffast.c,"(132, 38)-(132, 42)",b'this'
linux,../repos/linux/lib/zlib_inflate/inffast.c,"(135, 30)-(135, 34)",b'this'
linux,../repos/linux/lib/zlib_inflate/inffast.c,"(152, 13)-(152, 17)",b'this'
linux,../repos/linux/lib/zlib_inflate/inffast.c,"(154, 29)-(154, 33)",b'this'
linux,../repos/linux/lib/zlib_inflate/inffast.c,"(157, 29)-(157, 33)",b'this'
linux,../repos/linux/lib/zlib_inflate/inffast.c,"(159, 35)-(159, 39)",b'this'
linux,../repos/linux/lib/zlib_inflate/inffast.c,"(286, 17)-(286, 21)",b'this'
linux,../repos/linux/lib/zlib_inflate/inffast.c,"(286, 30)-(286, 34)",b'this'
linux,../repos/linux/lib/zlib_inflate/inffast.c,"(296, 13)-(296, 17)",b'this'
linux,../repos/linux/lib/zlib_inflate/inffast.c,"(296, 26)-(296, 30)",b'this'
linux,../repos/linux/lib/lwq.c,"(26, 2)-(26, 6)",b'this'
linux,../repos/linux/lib/lwq.c,"(27, 7)-(27, 11)",b'this'
linux,../repos/linux/lib/lwq.c,"(30, 3)-(30, 7)",b'this'
linux,../repos/linux/lib/lwq.c,"(31, 8)-(31, 12)",b'this'
linux,../repos/linux/lib/lwq.c,"(34, 6)-(34, 10)",b'this'
linux,../repos/linux/lib/lwq.c,"(35, 25)-(35, 29)",b'this'
linux,../repos/linux/lib/lwq.c,"(37, 9)-(37, 13)",b'this'
linux,../repos/linux/lib/devres.c,"(331, 7)-(331, 11)",b'this'
linux,../repos/linux/lib/devres.c,"(332, 21)-(332, 25)",b'this'
linux,../repos/linux/lib/devres.c,"(566, 26)-(566, 30)",b'this'
linux,../repos/linux/lib/devres.c,"(566, 39)-(566, 43)",b'this'
linux,../repos/linux/lib/livepatch/test_klp_atomic_replace.c,"(18, 7)-(18, 11)",b'this'
linux,../repos/linux/virt/kvm/coalesced_mmio.c,"(68, 47)-(68, 51)",b'this'
linux,../repos/linux/virt/kvm/coalesced_mmio.c,"(98, 47)-(98, 51)",b'this'
linux,../repos/linux/virt/kvm/eventfd.c,"(770, 38)-(770, 42)",b'this'
linux,../repos/linux/virt/kvm/eventfd.c,"(786, 38)-(786, 42)",b'this'
linux,../repos/linux/mm/vmstat.c,"(121, 14)-(121, 18)",b'this'
linux,../repos/linux/mm/memblock.c,"(524, 7)-(524, 11)",b'this'
linux,../repos/linux/mm/memblock.c,"(524, 20)-(524, 24)",b'this'
linux,../repos/linux/mm/memblock.c,"(525, 32)-(525, 36)",b'this'
linux,../repos/linux/mm/memblock.c,"(527, 7)-(527, 11)",b'this'
linux,../repos/linux/mm/memblock.c,"(528, 11)-(528, 15)",b'this'
linux,../repos/linux/mm/memblock.c,"(528, 24)-(528, 28)",b'this'
linux,../repos/linux/mm/memblock.c,"(533, 3)-(533, 7)",b'this'
linux,../repos/linux/ipc/mqueue.c,"(1023, 12)-(1023, 16)",b'this'
linux,../repos/linux/ipc/mqueue.c,"(1024, 25)-(1024, 29)",b'this'
linux,../repos/linux/ipc/mqueue.c,"(1027, 21)-(1027, 25)",b'this'
linux,../repos/linux/security/device_cgroup.c,"(534, 21)-(534, 25)",b'this'
linux,../repos/linux/security/device_cgroup.c,"(535, 21)-(535, 25)",b'this'
linux,../repos/linux/security/landlock/ruleset.c,"(226, 7)-(226, 11)",b'this'
linux,../repos/linux/security/landlock/ruleset.c,"(228, 8)-(228, 12)",b'this'
linux,../repos/linux/security/landlock/ruleset.c,"(245, 21)-(245, 25)",b'this'
linux,../repos/linux/security/landlock/ruleset.c,"(247, 21)-(247, 25)",b'this'
linux,../repos/linux/security/landlock/ruleset.c,"(249, 4)-(249, 8)",b'this'
linux,../repos/linux/security/landlock/ruleset.c,"(253, 20)-(253, 24)",b'this'
linux,../repos/linux/security/landlock/ruleset.c,"(260, 31)-(260, 35)",b'this'
linux,../repos/linux/security/landlock/ruleset.c,"(260, 45)-(260, 49)",b'this'
linux,../repos/linux/security/landlock/ruleset.c,"(264, 20)-(264, 24)",b'this'
linux,../repos/linux/security/landlock/ruleset.c,"(265, 13)-(265, 17)",b'this'
linux,../repos/linux/security/landlock/ruleset.c,"(605, 7)-(605, 11)",b'this'
linux,../repos/linux/security/landlock/ruleset.c,"(606, 11)-(606, 15)",b'this'
linux,../repos/linux/security/landlock/ruleset.c,"(607, 7)-(607, 11)",b'this'
linux,../repos/linux/security/apparmor/label.c,"(682, 33)-(682, 37)",b'this'
linux,../repos/linux/security/apparmor/label.c,"(691, 36)-(691, 40)",b'this'
linux,../repos/linux/security/apparmor/label.c,"(692, 24)-(692, 28)",b'this'
linux,../repos/linux/security/apparmor/label.c,"(693, 13)-(693, 17)",b'this'
linux,../repos/linux/security/apparmor/label.c,"(695, 19)-(695, 23)",b'this'
linux,../repos/linux/security/apparmor/label.c,"(696, 28)-(696, 32)",b'this'
linux,../repos/linux/security/apparmor/label.c,"(735, 24)-(735, 28)",b'this'
linux,../repos/linux/security/apparmor/label.c,"(735, 35)-(735, 39)",b'this'
linux,../repos/linux/security/apparmor/label.c,"(742, 26)-(742, 30)",b'this'
linux,../repos/linux/security/apparmor/label.c,"(1158, 20)-(1158, 24)",b'this'
linux,../repos/linux/security/apparmor/label.c,"(1160, 38)-(1160, 42)",b'this'
linux,../repos/linux/security/apparmor/label.c,"(1167, 26)-(1167, 30)",b'this'
linux,../repos/linux/security/apparmor/label.c,"(1992, 20)-(1992, 24)",b'this'
linux,../repos/linux/security/apparmor/label.c,"(1994, 17)-(1994, 21)",b'this'
linux,../repos/linux/security/apparmor/label.c,"(1995, 19)-(1995, 23)",b'this'
linux,../repos/linux/security/apparmor/label.c,"(1996, 36)-(1996, 40)",b'this'
linux,../repos/linux/security/apparmor/label.c,"(1998, 19)-(1998, 23)",b'this'
linux,../repos/linux/kernel/resource.c,"(647, 6)-(647, 10)",b'this'
linux,../repos/linux/kernel/resource.c,"(647, 14)-(647, 18)",b'this'
linux,../repos/linux/kernel/resource.c,"(648, 16)-(648, 20)",b'this'
linux,../repos/linux/kernel/resource.c,"(648, 44)-(648, 48)",b'this'
linux,../repos/linux/kernel/resource.c,"(649, 3)-(649, 7)",b'this'
linux,../repos/linux/kernel/resource.c,"(649, 10)-(649, 14)",b'this'
linux,../repos/linux/kernel/resource.c,"(652, 7)-(652, 11)",b'this'
linux,../repos/linux/kernel/resource.c,"(653, 15)-(653, 19)",b'this'
linux,../repos/linux/kernel/resource.c,"(653, 31)-(653, 35)",b'this'
linux,../repos/linux/kernel/resource.c,"(653, 43)-(653, 47)",b'this'
linux,../repos/linux/kernel/resource.c,"(680, 13)-(680, 17)",b'this'
linux,../repos/linux/kernel/resource.c,"(680, 21)-(680, 25)",b'this'
linux,../repos/linux/kernel/resource.c,"(683, 7)-(683, 11)",b'this'
linux,../repos/linux/kernel/resource.c,"(684, 16)-(684, 20)",b'this'
linux,../repos/linux/kernel/resource.c,"(685, 3)-(685, 7)",b'this'
linux,../repos/linux/kernel/resource.c,"(685, 10)-(685, 14)",b'this'
linux,../repos/linux/kernel/resource.c,"(1599, 19)-(1599, 23)",b'this'
linux,../repos/linux/kernel/resource.c,"(1599, 33)-(1599, 37)",b'this'
linux,../repos/linux/kernel/resource.c,"(1599, 46)-(1599, 50)",b'this'
linux,../repos/linux/kernel/resource.c,"(1606, 9)-(1606, 13)",b'this'
linux,../repos/linux/kernel/resource.c,"(1607, 3)-(1607, 7)",b'this'
linux,../repos/linux/kernel/resource.c,"(1607, 34)-(1607, 38)",b'this'
linux,../repos/linux/kernel/sched/core.c,"(6327, 26)-(6327, 30)",b'this'
linux,../repos/linux/kernel/sched/core.c,"(6350, 26)-(6350, 30)",b'this'
linux,../repos/linux/kernel/sched/core.c,"(6361, 34)-(6361, 38)",b'this'
linux,../repos/linux/kernel/sched/core.c,"(6365, 19)-(6365, 23)",b'this'
linux,../repos/linux/kernel/futex/core.c,"(446, 23)-(446, 27)",b'this'
linux,../repos/linux/kernel/futex/core.c,"(447, 20)-(447, 24)",b'this'
linux,../repos/linux/kernel/futex/core.c,"(448, 11)-(448, 15)",b'this'
linux,../repos/linux/kernel/futex/waitwake.c,"(181, 28)-(181, 32)",b'this'
linux,../repos/linux/kernel/futex/waitwake.c,"(182, 21)-(182, 25)",b'this'
linux,../repos/linux/kernel/futex/waitwake.c,"(183, 8)-(183, 12)",b'this'
linux,../repos/linux/kernel/futex/waitwake.c,"(183, 26)-(183, 30)",b'this'
linux,../repos/linux/kernel/futex/waitwake.c,"(189, 10)-(189, 14)",b'this'
linux,../repos/linux/kernel/futex/waitwake.c,"(192, 4)-(192, 8)",b'this'
linux,../repos/linux/kernel/futex/waitwake.c,"(192, 24)-(192, 28)",b'this'
linux,../repos/linux/kernel/futex/waitwake.c,"(301, 28)-(301, 32)",b'this'
linux,../repos/linux/kernel/futex/waitwake.c,"(302, 21)-(302, 25)",b'this'
linux,../repos/linux/kernel/futex/waitwake.c,"(303, 8)-(303, 12)",b'this'
linux,../repos/linux/kernel/futex/waitwake.c,"(303, 26)-(303, 30)",b'this'
linux,../repos/linux/kernel/futex/waitwake.c,"(307, 4)-(307, 8)",b'this'
linux,../repos/linux/kernel/futex/waitwake.c,"(307, 24)-(307, 28)",b'this'
linux,../repos/linux/kernel/futex/waitwake.c,"(315, 29)-(315, 33)",b'this'
linux,../repos/linux/kernel/futex/waitwake.c,"(316, 22)-(316, 26)",b'this'
linux,../repos/linux/kernel/futex/waitwake.c,"(317, 9)-(317, 13)",b'this'
linux,../repos/linux/kernel/futex/waitwake.c,"(317, 27)-(317, 31)",b'this'
linux,../repos/linux/kernel/futex/waitwake.c,"(321, 5)-(321, 9)",b'this'
linux,../repos/linux/kernel/futex/waitwake.c,"(321, 25)-(321, 29)",b'this'
linux,../repos/linux/kernel/futex/requeue.c,"(574, 28)-(574, 32)",b'this'
linux,../repos/linux/kernel/futex/requeue.c,"(578, 21)-(578, 25)",b'this'
linux,../repos/linux/kernel/futex/requeue.c,"(588, 23)-(588, 27)",b'this'
linux,../repos/linux/kernel/futex/requeue.c,"(589, 23)-(589, 27)",b'this'
linux,../repos/linux/kernel/futex/requeue.c,"(590, 7)-(590, 11)",b'this'
linux,../repos/linux/kernel/futex/requeue.c,"(598, 5)-(598, 9)",b'this'
linux,../repos/linux/kernel/futex/requeue.c,"(598, 25)-(598, 29)",b'this'
linux,../repos/linux/kernel/futex/requeue.c,"(600, 19)-(600, 23)",b'this'
linux,../repos/linux/kernel/futex/requeue.c,"(605, 20)-(605, 24)",b'this'
linux,../repos/linux/kernel/futex/requeue.c,"(621, 33)-(621, 37)",b'this'
linux,../repos/linux/kernel/futex/requeue.c,"(632, 7)-(632, 11)",b'this'
linux,../repos/linux/kernel/futex/requeue.c,"(633, 7)-(633, 11)",b'this'
linux,../repos/linux/kernel/futex/requeue.c,"(644, 26)-(644, 30)",b'this'
linux,../repos/linux/kernel/futex/requeue.c,"(648, 18)-(648, 22)",b'this'
linux,../repos/linux/kernel/futex/requeue.c,"(649, 30)-(649, 34)",b'this'
linux,../repos/linux/kernel/futex/requeue.c,"(659, 4)-(659, 8)",b'this'
linux,../repos/linux/kernel/futex/requeue.c,"(661, 30)-(661, 34)",b'this'
linux,../repos/linux/kernel/trace/trace_stat.c,"(93, 3)-(93, 7)",b'this'
linux,../repos/linux/kernel/trace/trace_stat.c,"(94, 28)-(94, 32)",b'this'
linux,../repos/linux/kernel/locking/lockdep.c,"(1422, 17)-(1422, 21)",b'this'
linux,../repos/linux/kernel/locking/lockdep.c,"(2037, 2)-(2037, 6)",b'this'
linux,../repos/linux/kernel/locking/lockdep.c,"(2038, 7)-(2038, 11)",b'this'
linux,../repos/linux/kernel/locking/lockdep.c,"(2085, 17)-(2085, 21)",b'this'
linux,../repos/linux/kernel/locking/lockdep.c,"(2094, 19)-(2094, 23)",b'this'
linux,../repos/linux/kernel/locking/lockdep.c,"(2098, 38)-(2098, 42)",b'this'
linux,../repos/linux/kernel/locking/lockdep.c,"(2110, 18)-(2110, 22)",b'this'
linux,../repos/linux/kernel/locking/lockdep.c,"(2120, 19)-(2120, 23)",b'this'
linux,../repos/linux/kernel/locking/lockdep.c,"(2124, 39)-(2124, 43)",b'this'
linux,../repos/linux/kernel/locking/lockdep.c,"(2802, 18)-(2802, 22)",b'this'
linux,../repos/linux/kernel/locking/lockdep.c,"(2804, 25)-(2804, 29)",b'this'
linux,../repos/linux/kernel/locking/lockdep.c,"(2847, 30)-(2847, 34)",b'this'
linux,../repos/linux/kernel/locking/lockdep.c,"(2865, 34)-(2865, 38)",b'this'
linux,../repos/linux/kernel/locking/lockdep.c,"(3989, 13)-(3989, 17)",b'this'
linux,../repos/linux/kernel/locking/lockdep.c,"(3992, 31)-(3992, 35)",b'this'
linux,../repos/linux/kernel/locking/lockdep.c,"(3996, 27)-(3996, 31)",b'this'
linux,../repos/linux/kernel/locking/lockdep.c,"(4011, 27)-(4011, 31)",b'this'
linux,../repos/linux/kernel/locking/lockdep.c,"(4013, 25)-(4013, 29)",b'this'
linux,../repos/linux/kernel/locking/lockdep.c,"(4043, 13)-(4043, 17)",b'this'
linux,../repos/linux/kernel/locking/lockdep.c,"(4097, 23)-(4097, 27)",b'this'
linux,../repos/linux/kernel/locking/lockdep.c,"(4109, 6)-(4109, 10)",b'this'
linux,../repos/linux/kernel/locking/lockdep.c,"(4112, 6)-(4112, 10)",b'this'
linux,../repos/linux/kernel/locking/lockdep.c,"(4132, 24)-(4132, 28)",b'this'
linux,../repos/linux/kernel/locking/lockdep.c,"(4144, 6)-(4144, 10)",b'this'
linux,../repos/linux/kernel/locking/lockdep.c,"(4147, 6)-(4147, 10)",b'this'
linux,../repos/linux/kernel/locking/lockdep.c,"(4216, 25)-(4216, 29)",b'this'
linux,../repos/linux/kernel/locking/lockdep.c,"(4222, 34)-(4222, 38)",b'this'
linux,../repos/linux/kernel/locking/lockdep.c,"(4236, 36)-(4236, 40)",b'this'
linux,../repos/linux/kernel/locking/lockdep.c,"(4243, 35)-(4243, 39)",b'this'
linux,../repos/linux/kernel/locking/lockdep.c,"(4247, 41)-(4247, 45)",b'this'
linux,../repos/linux/kernel/locking/lockdep.c,"(4647, 30)-(4647, 34)",b'this'
linux,../repos/linux/kernel/locking/lockdep.c,"(4656, 25)-(4656, 29)",b'this'
linux,../repos/linux/kernel/locking/lockdep.c,"(4664, 27)-(4664, 31)",b'this'
linux,../repos/linux/kernel/locking/lockdep.c,"(4667, 19)-(4667, 23)",b'this'
linux,../repos/linux/kernel/locking/lockdep.c,"(4670, 14)-(4670, 18)",b'this'
linux,../repos/linux/kernel/locking/lockdep.c,"(4673, 21)-(4673, 25)",b'this'
linux,../repos/linux/kernel/locking/lockdep.c,"(4678, 29)-(4678, 33)",b'this'
linux,../repos/linux/kernel/locking/lockdep.c,"(4691, 14)-(4691, 18)",b'this'
linux,../repos/linux/kernel/irq/devres.c,"(22, 11)-(22, 15)",b'this'
linux,../repos/linux/kernel/irq/devres.c,"(22, 22)-(22, 26)",b'this'
linux,../repos/linux/kernel/irq/devres.c,"(29, 9)-(29, 13)",b'this'
linux,../repos/linux/kernel/irq/devres.c,"(29, 36)-(29, 40)",b'this'
linux,../repos/linux/kernel/irq/devres.c,"(158, 17)-(158, 21)",b'this'
linux,../repos/linux/kernel/irq/devres.c,"(158, 29)-(158, 33)",b'this'
linux,../repos/linux/kernel/irq/devres.c,"(244, 26)-(244, 30)",b'this'
linux,../repos/linux/kernel/irq/devres.c,"(244, 36)-(244, 40)",b'this'
linux,../repos/linux/kernel/irq/devres.c,"(244, 47)-(244, 51)",b'this'
linux,../repos/linux/kernel/irq/devres.c,"(244, 58)-(244, 62)",b'this'
linux,../repos/linux/kernel/bpf/local_storage.c,"(111, 3)-(111, 7)",b'this'
linux,../repos/linux/kernel/bpf/local_storage.c,"(114, 59)-(114, 63)",b'this'
linux,../repos/linux/kernel/dma/mapping.c,"(40, 22)-(40, 26)",b'this'
linux,../repos/linux/kernel/dma/mapping.c,"(40, 34)-(40, 38)",b'this'
linux,../repos/linux/kernel/dma/mapping.c,"(40, 47)-(40, 51)",b'this'
linux,../repos/linux/kernel/dma/mapping.c,"(41, 4)-(41, 8)",b'this'
linux,../repos/linux/kernel/dma/mapping.c,"(48, 6)-(48, 10)",b'this'
linux,../repos/linux/kernel/dma/mapping.c,"(49, 11)-(49, 15)",b'this'
linux,../repos/linux/kernel/dma/mapping.c,"(50, 4)-(50, 8)",b'this'
