Repo name,File name,Location,Content
src,../repos/FreeCAD/src/App/MappedElement.h,"(61, 42)-(61, 50)",b'MappedElement(MappedElement&& other) noexcept'
src,../repos/FreeCAD/src/App/MappedElement.h,"(66, 53)-(66, 61)",b'operator=(MappedElement&& other) noexcept'
src,../repos/FreeCAD/src/App/MappedName.h,"(140, 36)-(140, 44)",b'MappedName(MappedName&& other) noexcept'
src,../repos/FreeCAD/src/App/MappedName.h,"(240, 47)-(240, 55)",b'operator=(MappedName&& other) noexcept'
src,../repos/FreeCAD/src/App/MappedName.h,"(953, 42)-(953, 50)",b'MappedNameRef(MappedNameRef&& other) noexcept'
src,../repos/FreeCAD/src/App/MappedName.h,"(959, 58)-(959, 66)",b'operator=(const MappedNameRef& other) noexcept'
src,../repos/FreeCAD/src/App/MappedName.h,"(966, 53)-(966, 61)",b'operator=(MappedNameRef&& other) noexcept'
src,../repos/FreeCAD/src/App/StringHasher.h,"(134, 32)-(134, 40)",b'StringID(StringID&& other) noexcept'
src,../repos/FreeCAD/src/App/StringHasher.h,"(136, 41)-(136, 49)",b'operator=(StringID&& rhs) noexcept'
src,../repos/FreeCAD/src/App/StringHasher.h,"(360, 38)-(360, 46)",b'StringIDRef(StringIDRef&& other) noexcept'
src,../repos/FreeCAD/src/App/StringHasher.h,"(437, 52)-(437, 60)",b'operator=(StringIDRef&& stringID) noexcept'
src,../repos/FreeCAD/src/App/StringHasher.h,"(643, 34)-(643, 42)",b'StringHasher(StringHasher&&) noexcept'
src,../repos/FreeCAD/src/App/StringHasher.h,"(645, 51)-(645, 59)",b'operator=(StringHasher&& other) noexcept'
src,../repos/FreeCAD/src/App/IndexedName.h,"(289, 34)-(289, 42)",b'ByteArray(ByteArray&& other) noexcept'
src,../repos/FreeCAD/src/App/IndexedName.h,"(313, 46)-(313, 54)",b'operator= (ByteArray&& other) noexcept'
src,../repos/FreeCAD/src/App/DocumentObserver.h,"(297, 26)-(297, 34)",b'expired() const noexcept'
src,../repos/FreeCAD/src/App/DocumentObserver.h,"(302, 38)-(302, 46)",b'operator*() const noexcept'
src,../repos/FreeCAD/src/App/DocumentObserver.h,"(307, 39)-(307, 47)",b'operator->() const noexcept'
src,../repos/FreeCAD/src/App/DocumentObserver.h,"(336, 26)-(336, 34)",b'expired() const noexcept'
src,../repos/FreeCAD/src/App/DocumentObserver.h,"(346, 44)-(346, 52)",b'operator*() const noexcept'
src,../repos/FreeCAD/src/App/DocumentObserver.h,"(351, 45)-(351, 53)",b'operator->() const noexcept'
src,../repos/FreeCAD/src/App/DocumentObserver.h,"(356, 61)-(356, 69)",b'operator== (const DocumentObjectWeakPtrT& p) ...'
src,../repos/FreeCAD/src/App/DocumentObserver.h,"(361, 61)-(361, 69)",b'operator!= (const DocumentObjectWeakPtrT& p) ...'
src,../repos/FreeCAD/src/App/DocumentObserver.h,"(364, 27)-(364, 35)",b'get() const noexcept'
src,../repos/FreeCAD/src/App/DocumentObserver.h,"(444, 20)-(444, 28)",b'get() const noexcept'
src,../repos/FreeCAD/src/App/DocumentObserver.cpp,"(567, 56)-(567, 64)",b'DocumentWeakPtrT::DocumentWeakPtrT(App::Docum...'
src,../repos/FreeCAD/src/App/DocumentObserver.cpp,"(574, 32)-(574, 40)",b'DocumentWeakPtrT::reset() noexcept'
src,../repos/FreeCAD/src/App/DocumentObserver.cpp,"(579, 40)-(579, 48)",b'DocumentWeakPtrT::expired() const noexcept'
src,../repos/FreeCAD/src/App/DocumentObserver.cpp,"(584, 52)-(584, 60)",b'DocumentWeakPtrT::operator*() const noexcept'
src,../repos/FreeCAD/src/App/DocumentObserver.cpp,"(589, 53)-(589, 61)",b'DocumentWeakPtrT::operator->() const noexcept'
src,../repos/FreeCAD/src/App/DocumentObserver.cpp,"(607, 56)-(607, 64)",b'createdObject(const App::DocumentObject& obj)...'
src,../repos/FreeCAD/src/App/DocumentObserver.cpp,"(613, 56)-(613, 64)",b'deletedObject(const App::DocumentObject& obj)...'
src,../repos/FreeCAD/src/App/DocumentObserver.cpp,"(640, 38)-(640, 46)",b'get() const noexcept'
src,../repos/FreeCAD/src/App/DocumentObserver.cpp,"(659, 59)-(659, 67)",b'DocumentObjectWeakPtrT::_get() const noexcept'
src,../repos/FreeCAD/src/App/DocumentObserver.cpp,"(669, 46)-(669, 54)",b'DocumentObjectWeakPtrT::expired() const noexcept'
src,../repos/FreeCAD/src/App/DocumentObserver.cpp,"(681, 64)-(681, 72)",b'DocumentObjectWeakPtrT::operator*() const noexcept'
src,../repos/FreeCAD/src/App/DocumentObserver.cpp,"(686, 65)-(686, 73)",b'DocumentObjectWeakPtrT::operator->() const no...'
src,../repos/FreeCAD/src/App/DocumentObserver.cpp,"(691, 81)-(691, 89)",b'DocumentObjectWeakPtrT::operator== (const Doc...'
src,../repos/FreeCAD/src/App/DocumentObserver.cpp,"(696, 81)-(696, 89)",b'DocumentObjectWeakPtrT::operator!= (const Doc...'
src,../repos/FreeCAD/src/Base/Vector3D.h,"(121, 38)-(121, 46)",b'Vector3(Vector3<float_type>&& v) noexcept'
src,../repos/FreeCAD/src/Base/Vector3D.h,"(148, 49)-(148, 57)",b'operator=(Vector3<float_type>&& v) noexcept'
src,../repos/FreeCAD/src/Base/BoundBox.h,"(69, 44)-(69, 52)",b'BoundBox3(BoundBox3<Precision>&& rcBB) noexcept'
src,../repos/FreeCAD/src/Base/BoundBox.h,"(81, 76)-(81, 84)",b'operator=(BoundBox3<Precision>&& rcBound) noexcept'
src,../repos/FreeCAD/src/Base/Tools2D.h,"(185, 51)-(185, 59)",b'operator=(Polygon2d&& rclP) noexcept'
src,../repos/FreeCAD/src/Base/Tools2D.h,"(385, 58)-(385, 66)",b'Polygon2d::operator=(Polygon2d&& rclP) noexcept'
src,../repos/FreeCAD/src/Base/Exception.h,"(202, 44)-(202, 52)",b'operator=(Exception&& inst) noexcept'
src,../repos/FreeCAD/src/Base/Exception.h,"(204, 38)-(204, 46)",b'what() const noexcept'
src,../repos/FreeCAD/src/Base/Exception.h,"(254, 33)-(254, 41)",b'Exception(Exception&& inst) noexcept'
src,../repos/FreeCAD/src/Base/Exception.h,"(283, 23)-(283, 31)",b'~AbortException() noexcept override'
src,../repos/FreeCAD/src/Base/Exception.h,"(288, 30)-(288, 38)",b'what() const noexcept override'
src,../repos/FreeCAD/src/Base/Exception.h,"(308, 25)-(308, 33)",b'~XMLBaseException() noexcept override'
src,../repos/FreeCAD/src/Base/Exception.h,"(332, 26)-(332, 34)",b'~XMLParseException() noexcept override'
src,../repos/FreeCAD/src/Base/Exception.h,"(337, 30)-(337, 38)",b'what() const noexcept override'
src,../repos/FreeCAD/src/Base/Exception.h,"(358, 26)-(358, 34)",b'~XMLAttributeError() noexcept override'
src,../repos/FreeCAD/src/Base/Exception.h,"(363, 30)-(363, 38)",b'what() const noexcept override'
src,../repos/FreeCAD/src/Base/Exception.h,"(383, 22)-(383, 30)",b'~FileException() noexcept override'
src,../repos/FreeCAD/src/Base/Exception.h,"(389, 30)-(389, 38)",b'what() const noexcept override'
src,../repos/FreeCAD/src/Base/Exception.h,"(424, 24)-(424, 32)",b'~FileSystemError() noexcept override'
src,../repos/FreeCAD/src/Base/Exception.h,"(445, 23)-(445, 31)",b'~BadFormatError() noexcept override'
src,../repos/FreeCAD/src/Base/Exception.h,"(467, 45)-(467, 53)",b'MemoryException(MemoryException&& inst) noexcept'
src,../repos/FreeCAD/src/Base/Exception.h,"(469, 24)-(469, 32)",b'~MemoryException() noexcept override'
src,../repos/FreeCAD/src/Base/Exception.h,"(472, 56)-(472, 64)",b'operator=(MemoryException&& inst) noexcept'
src,../repos/FreeCAD/src/Base/Exception.h,"(475, 30)-(475, 38)",b'what() const noexcept override'
src,../repos/FreeCAD/src/Base/Exception.h,"(494, 24)-(494, 32)",b'~AccessViolation() noexcept override'
src,../repos/FreeCAD/src/Base/Exception.h,"(515, 35)-(515, 43)",b'~AbnormalProgramTermination() noexcept override'
src,../repos/FreeCAD/src/Base/Exception.h,"(535, 29)-(535, 37)",b'~UnknownProgramOption() noexcept override'
src,../repos/FreeCAD/src/Base/Exception.h,"(556, 27)-(556, 35)",b'~ProgramInformation() noexcept override'
src,../repos/FreeCAD/src/Base/Exception.h,"(575, 18)-(575, 26)",b'~TypeError() noexcept override'
src,../repos/FreeCAD/src/Base/Exception.h,"(595, 19)-(595, 27)",b'~ValueError() noexcept override'
src,../repos/FreeCAD/src/Base/Exception.h,"(615, 19)-(615, 27)",b'~IndexError() noexcept override'
src,../repos/FreeCAD/src/Base/Exception.h,"(631, 18)-(631, 26)",b'~NameError() noexcept override'
src,../repos/FreeCAD/src/Base/Exception.h,"(647, 20)-(647, 28)",b'~ImportError() noexcept override'
src,../repos/FreeCAD/src/Base/Exception.h,"(667, 23)-(667, 31)",b'~AttributeError() noexcept override'
src,../repos/FreeCAD/src/Base/Exception.h,"(687, 21)-(687, 29)",b'~RuntimeError() noexcept override'
src,../repos/FreeCAD/src/Base/Exception.h,"(707, 22)-(707, 30)",b'~BadGraphError() noexcept override'
src,../repos/FreeCAD/src/Base/Exception.h,"(727, 28)-(727, 36)",b'~NotImplementedError() noexcept override'
src,../repos/FreeCAD/src/Base/Exception.h,"(747, 26)-(747, 34)",b'~ZeroDivisionError() noexcept override'
src,../repos/FreeCAD/src/Base/Exception.h,"(767, 23)-(767, 31)",b'~ReferenceError() noexcept override'
src,../repos/FreeCAD/src/Base/Exception.h,"(788, 24)-(788, 32)",b'~ExpressionError() noexcept override'
src,../repos/FreeCAD/src/Base/Exception.h,"(808, 20)-(808, 28)",b'~ParserError() noexcept override'
src,../repos/FreeCAD/src/Base/Exception.h,"(828, 21)-(828, 29)",b'~UnicodeError() noexcept override'
src,../repos/FreeCAD/src/Base/Exception.h,"(848, 22)-(848, 30)",b'~OverflowError() noexcept override'
src,../repos/FreeCAD/src/Base/Exception.h,"(868, 23)-(868, 31)",b'~UnderflowError() noexcept override'
src,../repos/FreeCAD/src/Base/Exception.h,"(888, 27)-(888, 35)",b'~UnitsMismatchError() noexcept override'
src,../repos/FreeCAD/src/Base/Exception.h,"(909, 23)-(909, 31)",b'~CADKernelError() noexcept override'
src,../repos/FreeCAD/src/Base/Exception.h,"(932, 21)-(932, 29)",b'~RestoreError() noexcept override'
src,../repos/FreeCAD/src/Base/Interpreter.cpp,"(90, 29)-(90, 37)",b'PyException::~PyException() noexcept'
src,../repos/FreeCAD/src/Base/Tools3D.h,"(63, 25)-(63, 33)",b'Line3(Line3&& line) noexcept'
src,../repos/FreeCAD/src/Base/Tools3D.h,"(68, 36)-(68, 44)",b'operator=(Line3&& line) noexcept'
src,../repos/FreeCAD/src/Base/Tools3D.h,"(115, 43)-(115, 51)",b'Polygon3(Polygon3<float_type>&& poly) noexcept'
src,../repos/FreeCAD/src/Base/Tools3D.h,"(118, 54)-(118, 62)",b'operator=(Polygon3<float_type>&& poly) noexcept'
src,../repos/FreeCAD/src/Base/Exception.cpp,"(49, 40)-(49, 48)",b'Exception::Exception(Exception&& inst) noexcept'
src,../repos/FreeCAD/src/Base/Exception.cpp,"(75, 51)-(75, 59)",b'Exception::operator=(Exception&& inst) noexcept'
src,../repos/FreeCAD/src/Base/Exception.cpp,"(85, 37)-(85, 45)",b'Exception::what() const noexcept'
src,../repos/FreeCAD/src/Base/Exception.cpp,"(188, 42)-(188, 50)",b'AbortException::what() const noexcept'
src,../repos/FreeCAD/src/Base/Exception.cpp,"(231, 45)-(231, 53)",b'XMLParseException::what() const noexcept'
src,../repos/FreeCAD/src/Base/Exception.cpp,"(256, 45)-(256, 53)",b'XMLAttributeError::what() const noexcept'
src,../repos/FreeCAD/src/Base/Exception.cpp,"(303, 41)-(303, 49)",b'FileException::what() const noexcept'
src,../repos/FreeCAD/src/Base/Exception.cpp,"(408, 58)-(408, 66)",b'MemoryException::MemoryException(MemoryExcept...'
src,../repos/FreeCAD/src/Base/Exception.cpp,"(423, 69)-(423, 77)",b'MemoryException::operator=(MemoryException&& ...'
src,../repos/FreeCAD/src/Base/Exception.cpp,"(430, 43)-(430, 51)",b'MemoryException::what() const noexcept'
src,../repos/FreeCAD/src/Base/Interpreter.h,"(101, 20)-(101, 28)",b'~PyException() noexcept override'
src,../repos/FreeCAD/src/Base/Interpreter.h,"(164, 28)-(164, 36)",b'~SystemExitException() noexcept override'
src,../repos/FreeCAD/src/Gui/DocumentObserver.h,"(296, 20)-(296, 28)",b'get() const noexcept'
src,../repos/FreeCAD/src/Gui/DocumentObserver.cpp,"(256, 56)-(256, 64)",b'DocumentWeakPtrT::DocumentWeakPtrT(Gui::Docum...'
src,../repos/FreeCAD/src/Gui/DocumentObserver.cpp,"(263, 32)-(263, 40)",b'DocumentWeakPtrT::reset() noexcept'
src,../repos/FreeCAD/src/Gui/DocumentObserver.cpp,"(268, 40)-(268, 48)",b'DocumentWeakPtrT::expired() const noexcept'
src,../repos/FreeCAD/src/Gui/DocumentObserver.cpp,"(273, 52)-(273, 60)",b'DocumentWeakPtrT::operator*() const noexcept'
src,../repos/FreeCAD/src/Gui/DocumentObserver.cpp,"(278, 53)-(278, 61)",b'DocumentWeakPtrT::operator->() const noexcept'
src,../repos/FreeCAD/src/Gui/DocumentObserver.cpp,"(296, 54)-(296, 62)",b'createdObject(const Gui::ViewProvider& obj) n...'
src,../repos/FreeCAD/src/Gui/DocumentObserver.cpp,"(302, 54)-(302, 62)",b'deletedObject(const Gui::ViewProvider& obj) n...'
src,../repos/FreeCAD/src/Gui/DocumentObserver.cpp,"(355, 64)-(355, 72)",b'ViewProviderWeakPtrT::_get() const noexcept'
src,../repos/FreeCAD/src/Gui/DocumentObserver.cpp,"(365, 44)-(365, 52)",b'ViewProviderWeakPtrT::expired() const noexcept'
src,../repos/FreeCAD/src/Gui/DocumentObserver.cpp,"(377, 69)-(377, 77)",b'ViewProviderWeakPtrT::operator*() const noexcept'
src,../repos/FreeCAD/src/Gui/DocumentObserver.cpp,"(382, 70)-(382, 78)",b'ViewProviderWeakPtrT::operator->() const noexcept'
src,../repos/FreeCAD/src/Gui/DocumentObserver.cpp,"(387, 77)-(387, 85)",b'ViewProviderWeakPtrT::operator== (const ViewP...'
src,../repos/FreeCAD/src/Gui/DocumentObserver.cpp,"(392, 77)-(392, 85)",b'ViewProviderWeakPtrT::operator!= (const ViewP...'
