Repo name,File name,Location,Content
src,../repos/FreeCAD/src/Main/MainCmd.cpp,"(122, 11)-(122, 16)",b'catch (...) {\n        std::string appName = A...'
src,../repos/FreeCAD/src/Main/MainCmd.cpp,"(142, 11)-(142, 16)","b'catch (...) {\n        Console().Error(""Applic...'"
src,../repos/FreeCAD/src/Main/MainCmd.cpp,"(154, 10)-(154, 15)",b'catch(...) {\n    }'
src,../repos/FreeCAD/src/Main/FreeCADGuiPy.cpp,"(396, 11)-(396, 16)",b'catch (...) {\n        PyErr_SetString(PyExc_I...'
src,../repos/FreeCAD/src/Main/MainGui.cpp,"(254, 11)-(254, 16)",b'catch (...) {\n        // Popup an own dialog ...'
src,../repos/FreeCAD/src/Main/MainGui.cpp,"(293, 11)-(293, 16)","b'catch (...) {\n        Base::Console().Error(""...'"
src,../repos/FreeCAD/src/App/Application.cpp,"(815, 19)-(815, 24)",b'catch (...) {\n                if (errs) {\n   ...'
src,../repos/FreeCAD/src/App/Application.cpp,"(1020, 11)-(1020, 16)",b'catch (...) {\n        throw;\n    }'
src,../repos/FreeCAD/src/App/Application.cpp,"(1900, 11)-(1900, 16)",b'catch (...) {\n        // force the log to flu...'
src,../repos/FreeCAD/src/App/Application.cpp,"(2292, 11)-(2292, 16)",b'catch (...) {\n        std::stringstream str;\n...'
src,../repos/FreeCAD/src/App/Application.cpp,"(2802, 15)-(2802, 20)",b'catch (...) {\n            Base::Console().Err...'
src,../repos/FreeCAD/src/App/Application.cpp,"(2853, 15)-(2853, 20)",b'catch (...) {\n            Base::Console().Err...'
src,../repos/FreeCAD/src/App/PropertyLinks.cpp,"(255, 15)-(255, 20)",b'catch(...){\n            throw;\n        }'
src,../repos/FreeCAD/src/App/PropertyLinks.cpp,"(1380, 40)-(1381, 72)",b'updateLinkSubs(const App::DocumentObject *obj...'
src,../repos/FreeCAD/src/App/PropertyLinks.cpp,"(1988, 11)-(1988, 16)",b'catch (...) {}'
src,../repos/FreeCAD/src/App/PropertyLinks.cpp,"(1997, 11)-(1997, 16)",b'catch(...) {}'
src,../repos/FreeCAD/src/App/PropertyLinks.cpp,"(4052, 10)-(4052, 28)",b'catch(Base::Exception&){\n        throw Base::...'
src,../repos/FreeCAD/src/App/Expression.cpp,"(3740, 11)-(3740, 16)",b'catch (...) {\n        // Ignore all exception...'
src,../repos/FreeCAD/src/App/ObjectIdentifier.cpp,"(1926, 11)-(1926, 16)",b'catch(...) {}'
src,../repos/FreeCAD/src/App/Transactions.cpp,"(182, 11)-(182, 16)","b'catch(...) {\n        errMsg = ""Unknown except...'"
src,../repos/FreeCAD/src/App/Transactions.cpp,"(357, 21)-(357, 26)",b'catch (...)\n            {}'
src,../repos/FreeCAD/src/App/PropertyPythonObject.cpp,"(279, 11)-(279, 16)","b'catch (...) {\n        Base::Console().Error(""...'"
src,../repos/FreeCAD/src/App/PropertyContainer.cpp,"(320, 15)-(320, 20)",b'catch (...)'
src,../repos/FreeCAD/src/App/PropertyContainer.cpp,"(416, 15)-(416, 20)",b'catch (...)'
src,../repos/FreeCAD/src/App/AutoTransaction.cpp,"(85, 16)-(85, 21)",b'catch(...)\n        {}'
src,../repos/FreeCAD/src/App/AutoTransaction.cpp,"(214, 17)-(214, 22)",b'catch (...) {\n        }'
src,../repos/FreeCAD/src/App/DocumentPyImp.cpp,"(172, 13)-(172, 18)",b'catch (...) {\n        PyErr_Format(PyExc_IOEr...'
src,../repos/FreeCAD/src/App/DocumentPyImp.cpp,"(195, 13)-(195, 18)",b'catch (...) {\n        PyErr_Format(PyExc_IOEr...'
src,../repos/FreeCAD/src/App/MetadataPyImp.cpp,"(115, 15)-(115, 20)",b'catch (...) {\n            PyErr_SetString(Bas...'
src,../repos/FreeCAD/src/App/PropertyContainerPyImp.cpp,"(487, 11)-(487, 16)",b'catch (...) {\n       PyErr_SetString(PyExc_IO...'
src,../repos/FreeCAD/src/App/PropertyContainerPyImp.cpp,"(516, 11)-(516, 16)",b'catch (...) {\n        PyBuffer_Release(&buf);...'
src,../repos/FreeCAD/src/App/PropertyContainerPyImp.cpp,"(559, 10)-(559, 15)",b'catch(...) {\n        PyErr_SetString(PyExc_IO...'
src,../repos/FreeCAD/src/App/Link.cpp,"(386, 29)-(386, 34)",b'catch (...) {\n                    }'
src,../repos/FreeCAD/src/App/ExtensionContainer.cpp,"(342, 15)-(342, 20)",b'catch (...)'
src,../repos/FreeCAD/src/App/ExtensionContainer.cpp,"(409, 15)-(409, 20)",b'catch (...)'
src,../repos/FreeCAD/src/App/Property.h,"(386, 24)-(386, 29)",b'catch(...) {}'
src,../repos/FreeCAD/src/App/Property.h,"(535, 15)-(535, 20)",b'catch(...){}'
src,../repos/FreeCAD/src/App/Document.cpp,"(1786, 39)-(1786, 44)",b'catch (...) {\n                               ...'
src,../repos/FreeCAD/src/App/Document.cpp,"(1854, 23)-(1854, 28)",b'catch (...) {\n                    Base::Conso...'
src,../repos/FreeCAD/src/App/Document.cpp,"(2184, 15)-(2184, 20)",b'catch (...) {\n            d->addRecomputeLog(...'
src,../repos/FreeCAD/src/App/Document.cpp,"(3157, 11)-(3157, 16)",b'catch (...)'
src,../repos/FreeCAD/src/App/ComplexGeoDataPyImp.cpp,"(72, 11)-(72, 16)",b'catch (...) {\n        PyErr_SetString(PyExc_R...'
src,../repos/FreeCAD/src/App/ComplexGeoDataPyImp.cpp,"(92, 11)-(92, 16)",b'catch (...) {\n        PyErr_SetString(PyExc_R...'
src,../repos/FreeCAD/src/App/ComplexGeoDataPyImp.cpp,"(127, 11)-(127, 16)",b'catch (...) {\n        PyErr_SetString(PyExc_R...'
src,../repos/FreeCAD/src/App/ComplexGeoDataPyImp.cpp,"(159, 11)-(159, 16)",b'catch (...) {\n        PyErr_SetString(PyExc_R...'
src,../repos/FreeCAD/src/App/ComplexGeoDataPyImp.cpp,"(190, 11)-(190, 16)",b'catch (...) {\n        PyErr_SetString(PyExc_R...'
src,../repos/FreeCAD/src/App/ComplexGeoDataPyImp.cpp,"(222, 11)-(222, 16)",b'catch (...) {\n        PyErr_SetString(PyExc_R...'
src,../repos/FreeCAD/src/App/ComplexGeoDataPyImp.cpp,"(255, 11)-(255, 16)",b'catch (...) {\n        PyErr_SetString(PyExc_R...'
src,../repos/FreeCAD/src/App/ComplexGeoDataPyImp.cpp,"(272, 11)-(272, 16)",b'catch (...) {\n        PyErr_SetString(PyExc_R...'
src,../repos/FreeCAD/src/App/ComplexGeoDataPyImp.cpp,"(289, 11)-(289, 16)",b'catch (...) {\n        PyErr_SetString(PyExc_R...'
src,../repos/FreeCAD/src/Base/Observer.h,"(197, 19)-(197, 24)",b'catch (...) {\n                Base::Console()...'
src,../repos/FreeCAD/src/Base/PyTools.c,"(32, 14)-(34, 60)","b'PP_Run_Method(PyObject *pobject,  const char ...'"
src,../repos/FreeCAD/src/Base/PyTools.c,"(82, 14)-(83, 59)","b'PP_Set_Member(PyObject *pobject, const char *...'"
src,../repos/FreeCAD/src/Base/PyTools.c,"(111, 16)-(113, 61)","b'PP_Run_Function(const char *modname, const ch...'"
src,../repos/FreeCAD/src/Base/PyTools.c,"(169, 22)-(171, 60)","b'PP_Run_Known_Callable(PyObject *object,      ...'"
src,../repos/FreeCAD/src/Base/PyTools.c,"(394, 14)-(394, 95)","b'PP_Set_Global(const char *modname, const char...'"
src,../repos/FreeCAD/src/Base/Parameter.cpp,"(1755, 11)-(1755, 16)","b'catch (...) {\n        std::cerr << ""An error ...'"
src,../repos/FreeCAD/src/Base/Parameter.cpp,"(1799, 11)-(1799, 16)","b'catch (...) {\n        std::cerr << ""An error ...'"
src,../repos/FreeCAD/src/Base/PyWrapParseTupleAndKeywords.h,"(40, 35)-(44, 40)","b'Wrapped_ParseTupleAndKeywords(PyObject* args,...'"
src,../repos/FreeCAD/src/Base/Interpreter.cpp,"(666, 11)-(666, 16)",b'catch (...) {\n    }'
src,../repos/FreeCAD/src/Base/Interpreter.cpp,"(670, 40)-(670, 64)",b'InterpreterSingleton::runStringArg(const char...'
src,../repos/FreeCAD/src/Base/Interpreter.cpp,"(747, 37)-(752, 42)",b'InterpreterSingleton::runMethod(PyObject* pob...'
src,../repos/FreeCAD/src/Base/Console.h,"(724, 24)-(724, 58)","b'Message(const char* pMsg, Args&&... args)'"
src,../repos/FreeCAD/src/Base/Console.h,"(727, 24)-(727, 58)","b'Warning(const char* pMsg, Args&&... args)'"
src,../repos/FreeCAD/src/Base/Console.h,"(730, 22)-(730, 56)","b'Error(const char* pMsg, Args&&... args)'"
src,../repos/FreeCAD/src/Base/Console.h,"(733, 20)-(733, 54)","b'Log(const char* pMsg, Args&&... args)'"
src,../repos/FreeCAD/src/Base/Console.h,"(736, 25)-(736, 59)","b'Critical(const char* pMsg, Args&&... args)'"
src,../repos/FreeCAD/src/Base/Console.h,"(739, 33)-(739, 67)","b'UserNotification(const char* pMsg, Args&&... args)'"
src,../repos/FreeCAD/src/Base/Console.h,"(742, 43)-(742, 77)","b'UserTranslatedNotification(const char* pMsg, ...'"
src,../repos/FreeCAD/src/Base/Console.h,"(747, 24)-(747, 87)","b'Message(const std::string& notifier, const ch...'"
src,../repos/FreeCAD/src/Base/Console.h,"(750, 24)-(750, 87)","b'Warning(const std::string& notifier, const ch...'"
src,../repos/FreeCAD/src/Base/Console.h,"(752, 33)-(752, 96)","b'DeveloperWarning(const std::string& notifier,...'"
src,../repos/FreeCAD/src/Base/Console.h,"(754, 28)-(754, 91)","b'UserWarning(const std::string& notifier, cons...'"
src,../repos/FreeCAD/src/Base/Console.h,"(757, 26)-(757, 89)",b'TranslatedUserWarning(const std::string& noti...'
src,../repos/FreeCAD/src/Base/Console.h,"(760, 22)-(760, 85)","b'Error(const std::string& notifier, const char...'"
src,../repos/FreeCAD/src/Base/Console.h,"(762, 31)-(762, 94)","b'DeveloperError(const std::string& notifier, c...'"
src,../repos/FreeCAD/src/Base/Console.h,"(764, 26)-(764, 89)","b'UserError(const std::string& notifier, const ...'"
src,../repos/FreeCAD/src/Base/Console.h,"(766, 36)-(766, 99)",b'TranslatedUserError(const std::string& notifi...'
src,../repos/FreeCAD/src/Base/Console.h,"(769, 20)-(769, 83)","b'Log(const std::string& notifier, const char* ...'"
src,../repos/FreeCAD/src/Base/Console.h,"(772, 25)-(772, 88)","b'Critical(const std::string& notifier, const c...'"
src,../repos/FreeCAD/src/Base/Console.h,"(775, 33)-(775, 96)","b'UserNotification(const std::string& notifier,...'"
src,../repos/FreeCAD/src/Base/Console.h,"(779, 31)-(779, 94)",b'UserTranslatedNotification(const std::string&...'
src,../repos/FreeCAD/src/Base/Console.h,"(1009, 44)-(1009, 78)",b'Base::ConsoleSingleton::Message(const char* p...'
src,../repos/FreeCAD/src/Base/Console.h,"(1016, 32)-(1016, 95)",b'Base::ConsoleSingleton::Message(const std::st...'
src,../repos/FreeCAD/src/Base/Console.h,"(1022, 44)-(1022, 78)",b'Base::ConsoleSingleton::Warning(const char* p...'
src,../repos/FreeCAD/src/Base/Console.h,"(1029, 32)-(1029, 95)",b'Base::ConsoleSingleton::Warning(const std::st...'
src,../repos/FreeCAD/src/Base/Console.h,"(1035, 53)-(1037, 69)",b'Base::ConsoleSingleton::DeveloperWarning(cons...'
src,../repos/FreeCAD/src/Base/Console.h,"(1046, 36)-(1046, 99)",b'Base::ConsoleSingleton::UserWarning(const std...'
src,../repos/FreeCAD/src/Base/Console.h,"(1055, 58)-(1057, 74)",b'Base::ConsoleSingleton::TranslatedUserWarning...'
src,../repos/FreeCAD/src/Base/Console.h,"(1066, 42)-(1066, 76)",b'Base::ConsoleSingleton::Error(const char* pMs...'
src,../repos/FreeCAD/src/Base/Console.h,"(1073, 30)-(1073, 93)",b'Base::ConsoleSingleton::Error(const std::stri...'
src,../repos/FreeCAD/src/Base/Console.h,"(1079, 51)-(1081, 67)",b'Base::ConsoleSingleton::DeveloperError(const ...'
src,../repos/FreeCAD/src/Base/Console.h,"(1090, 34)-(1090, 97)",b'Base::ConsoleSingleton::UserError(const std::...'
src,../repos/FreeCAD/src/Base/Console.h,"(1099, 56)-(1101, 72)",b'Base::ConsoleSingleton::TranslatedUserError(c...'
src,../repos/FreeCAD/src/Base/Console.h,"(1110, 45)-(1110, 79)",b'Base::ConsoleSingleton::Critical(const char* ...'
src,../repos/FreeCAD/src/Base/Console.h,"(1117, 33)-(1117, 96)",b'Base::ConsoleSingleton::Critical(const std::s...'
src,../repos/FreeCAD/src/Base/Console.h,"(1123, 53)-(1123, 87)",b'Base::ConsoleSingleton::UserNotification(cons...'
src,../repos/FreeCAD/src/Base/Console.h,"(1129, 53)-(1131, 69)",b'Base::ConsoleSingleton::UserNotification(cons...'
src,../repos/FreeCAD/src/Base/Console.h,"(1139, 63)-(1139, 97)",b'Base::ConsoleSingleton::UserTranslatedNotific...'
src,../repos/FreeCAD/src/Base/Console.h,"(1145, 63)-(1147, 79)",b'Base::ConsoleSingleton::UserTranslatedNotific...'
src,../repos/FreeCAD/src/Base/Console.h,"(1155, 40)-(1155, 74)","b'Base::ConsoleSingleton::Log(const char* pMsg,...'"
src,../repos/FreeCAD/src/Base/Console.h,"(1162, 28)-(1162, 91)",b'Base::ConsoleSingleton::Log(const std::string...'
src,../repos/FreeCAD/src/Base/Console.h,"(1172, 29)-(1172, 96)",b'Base::ConsoleSingleton::Send(const std::strin...'
src,../repos/FreeCAD/src/Base/PyTools.h,"(112, 18)-(112, 93)","b'PP_Set_Global(const char *modname, const char...'"
src,../repos/FreeCAD/src/Base/PyTools.h,"(146, 20)-(148, 65)","b'PP_Run_Function(const char *modname, const ch...'"
src,../repos/FreeCAD/src/Base/PyTools.h,"(154, 26)-(156, 65)","b'PP_Run_Known_Callable(PyObject *object,      ...'"
src,../repos/FreeCAD/src/Base/PyTools.h,"(164, 18)-(166, 67)","b'PP_Run_Method(PyObject *pobject, const char *...'"
src,../repos/FreeCAD/src/Base/PyTools.h,"(173, 18)-(174, 67)","b'PP_Set_Member(PyObject *pobject, const char *...'"
src,../repos/FreeCAD/src/Base/ParameterPy.cpp,"(262, 11)-(262, 16)",b'catch (...) {\n    }'
src,../repos/FreeCAD/src/Base/ConsoleObserver.h,"(146, 11)-(146, 16)",b'catch (...) {\n    }'
src,../repos/FreeCAD/src/Base/PersistencePyImp.cpp,"(80, 11)-(80, 16)",b'catch (...) {\n        PyErr_SetString(PyExc_I...'
src,../repos/FreeCAD/src/Base/PersistencePyImp.cpp,"(109, 11)-(109, 16)",b'catch (...) {\n        PyBuffer_Release(&buf);...'
src,../repos/FreeCAD/src/Base/PersistencePyImp.cpp,"(147, 11)-(147, 16)",b'catch (...) {\n        PyErr_SetString(PyExc_I...'
src,../repos/FreeCAD/src/Base/Interpreter.h,"(269, 22)-(269, 46)","b'runStringArg(const char* psCom, ...)'"
src,../repos/FreeCAD/src/Base/Interpreter.h,"(275, 19)-(280, 24)","b'runMethod(PyObject* pobject,\n                ...'"
src,../repos/FreeCAD/src/Base/Reader.cpp,"(90, 11)-(90, 16)",b'catch (...)'
src,../repos/FreeCAD/src/Base/Reader.cpp,"(198, 11)-(198, 16)",b'catch (...) {\n        throw Base::XMLBaseExce...'
src,../repos/FreeCAD/src/Base/Reader.cpp,"(451, 19)-(451, 24)",b'catch (...) {\n                // For any exce...'
src,../repos/FreeCAD/src/Gui/Application.cpp,"(1037, 11)-(1037, 16)",b'catch (...) {\n        Base::Console().Error(\n...'
src,../repos/FreeCAD/src/Gui/Application.cpp,"(1870, 11)-(1870, 16)",b'catch (...) {\n        // force to flush the l...'
src,../repos/FreeCAD/src/Gui/Application.cpp,"(2449, 11)-(2449, 16)",b'catch (...) {\n        // catching nasty stuff...'
src,../repos/FreeCAD/src/Gui/CommandStd.cpp,"(103, 10)-(103, 15)",b'catch(...) {\n        QMessageBox::critical(ge...'
src,../repos/FreeCAD/src/Gui/SplitView3DInventor.cpp,"(361, 10)-(361, 15)","b'catch(...) {\n        throw Py::RuntimeError(""...'"
src,../repos/FreeCAD/src/Gui/SplitView3DInventor.cpp,"(381, 10)-(381, 15)","b'catch(...) {\n        throw Py::RuntimeError(""...'"
src,../repos/FreeCAD/src/Gui/SplitView3DInventor.cpp,"(402, 10)-(402, 15)","b'catch(...) {\n        throw Py::RuntimeError(""...'"
src,../repos/FreeCAD/src/Gui/SplitView3DInventor.cpp,"(423, 10)-(423, 15)","b'catch(...) {\n        throw Py::RuntimeError(""...'"
src,../repos/FreeCAD/src/Gui/SplitView3DInventor.cpp,"(444, 10)-(444, 15)","b'catch(...) {\n        throw Py::RuntimeError(""...'"
src,../repos/FreeCAD/src/Gui/SplitView3DInventor.cpp,"(465, 10)-(465, 15)","b'catch(...) {\n        throw Py::RuntimeError(""...'"
src,../repos/FreeCAD/src/Gui/SplitView3DInventor.cpp,"(486, 10)-(486, 15)","b'catch(...) {\n        throw Py::RuntimeError(""...'"
src,../repos/FreeCAD/src/Gui/SplitView3DInventor.cpp,"(507, 10)-(507, 15)","b'catch(...) {\n        throw Py::RuntimeError(""...'"
src,../repos/FreeCAD/src/Gui/SplitView3DInventor.cpp,"(536, 10)-(536, 15)","b'catch(...) {\n        throw Py::RuntimeError(""...'"
src,../repos/FreeCAD/src/Gui/DocumentRecovery.cpp,"(265, 19)-(265, 24)",b'catch (...) {\n                errorInfo = tr(...'
src,../repos/FreeCAD/src/Gui/AutoSaver.cpp,"(239, 19)-(239, 24)",b'catch (...) {\n                Base::Console()...'
src,../repos/FreeCAD/src/Gui/View3DPy.cpp,"(273, 11)-(273, 16)",b'catch (...) {\n        throw Py::RuntimeError(...'
src,../repos/FreeCAD/src/Gui/View3DPy.cpp,"(362, 11)-(362, 16)",b'catch (...) {\n        throw Py::RuntimeError(...'
src,../repos/FreeCAD/src/Gui/View3DPy.cpp,"(393, 11)-(393, 16)",b'catch (...) {\n        throw Py::RuntimeError(...'
src,../repos/FreeCAD/src/Gui/View3DPy.cpp,"(411, 11)-(411, 16)",b'catch (...) {\n        throw Py::RuntimeError(...'
src,../repos/FreeCAD/src/Gui/View3DPy.cpp,"(429, 11)-(429, 16)",b'catch (...) {\n        throw Py::RuntimeError(...'
src,../repos/FreeCAD/src/Gui/View3DPy.cpp,"(447, 11)-(447, 16)",b'catch (...) {\n        throw Py::RuntimeError(...'
src,../repos/FreeCAD/src/Gui/View3DPy.cpp,"(465, 11)-(465, 16)",b'catch (...) {\n        throw Py::RuntimeError(...'
src,../repos/FreeCAD/src/Gui/View3DPy.cpp,"(483, 11)-(483, 16)",b'catch (...) {\n        throw Py::RuntimeError(...'
src,../repos/FreeCAD/src/Gui/View3DPy.cpp,"(501, 11)-(501, 16)",b'catch (...) {\n        throw Py::RuntimeError(...'
src,../repos/FreeCAD/src/Gui/View3DPy.cpp,"(519, 11)-(519, 16)",b'catch (...) {\n        throw Py::RuntimeError(...'
src,../repos/FreeCAD/src/Gui/View3DPy.cpp,"(537, 11)-(537, 16)",b'catch (...) {\n        throw Py::RuntimeError(...'
src,../repos/FreeCAD/src/Gui/View3DPy.cpp,"(614, 11)-(614, 16)",b'catch (...) {\n        throw Py::RuntimeError(...'
src,../repos/FreeCAD/src/Gui/View3DPy.cpp,"(662, 11)-(662, 16)",b'catch (...) {\n        throw Py::RuntimeError(...'
src,../repos/FreeCAD/src/Gui/View3DPy.cpp,"(685, 11)-(685, 16)",b'catch (...) {\n        throw Py::RuntimeError(...'
src,../repos/FreeCAD/src/Gui/View3DPy.cpp,"(703, 11)-(703, 16)",b'catch (...) {\n        throw Py::RuntimeError(...'
src,../repos/FreeCAD/src/Gui/View3DPy.cpp,"(721, 11)-(721, 16)",b'catch (...) {\n        throw Py::RuntimeError(...'
src,../repos/FreeCAD/src/Gui/View3DPy.cpp,"(763, 10)-(763, 15)","b'catch(...) {\n        throw Py::RuntimeError(""...'"
src,../repos/FreeCAD/src/Gui/View3DPy.cpp,"(973, 11)-(973, 16)",b'catch (...) {\n        throw Py::RuntimeError(...'
src,../repos/FreeCAD/src/Gui/View3DPy.cpp,"(990, 11)-(990, 16)",b'catch (...) {\n        throw Py::RuntimeError(...'
src,../repos/FreeCAD/src/Gui/View3DPy.cpp,"(1008, 11)-(1008, 16)",b'catch (...) {\n        throw Py::RuntimeError(...'
src,../repos/FreeCAD/src/Gui/View3DPy.cpp,"(1042, 11)-(1042, 16)",b'catch (...) {\n        throw Py::RuntimeError(...'
src,../repos/FreeCAD/src/Gui/View3DPy.cpp,"(1067, 10)-(1067, 15)","b'catch(...) {\n        throw Py::RuntimeError(""...'"
src,../repos/FreeCAD/src/Gui/View3DPy.cpp,"(1139, 10)-(1139, 15)","b'catch(...) {\n        throw Py::RuntimeError(""...'"
src,../repos/FreeCAD/src/Gui/View3DPy.cpp,"(1161, 10)-(1161, 15)","b'catch(...) {\n        throw Py::RuntimeError(""...'"
src,../repos/FreeCAD/src/Gui/View3DPy.cpp,"(1222, 10)-(1222, 15)","b'catch(...) {\n        throw Py::RuntimeError(""...'"
src,../repos/FreeCAD/src/Gui/View3DPy.cpp,"(1241, 10)-(1241, 15)","b'catch(...) {\n        throw Py::RuntimeError(""...'"
src,../repos/FreeCAD/src/Gui/View3DPy.cpp,"(1262, 10)-(1262, 15)","b'catch(...) {\n        throw Py::RuntimeError(""...'"
src,../repos/FreeCAD/src/Gui/View3DPy.cpp,"(2430, 10)-(2430, 15)","b'catch(...) {\n        throw Py::RuntimeError(""...'"
src,../repos/FreeCAD/src/Gui/PreferencePackManager.cpp,"(85, 15)-(85, 20)",b'catch (...) {\n            Base::Console().Mes...'
src,../repos/FreeCAD/src/Gui/PreferencePackManager.cpp,"(97, 11)-(97, 16)",b'catch (...) {}'
src,../repos/FreeCAD/src/Gui/PreferencePackManager.cpp,"(109, 15)-(109, 20)",b'catch (...) {\n            Base::Console().Mes...'
src,../repos/FreeCAD/src/Gui/PreferencePackManager.cpp,"(239, 11)-(239, 16)",b'catch (...) {\n        // Failed to read the m...'
src,../repos/FreeCAD/src/Gui/PreferencePackManager.cpp,"(572, 23)-(572, 28)",b'catch (...) {}'
src,../repos/FreeCAD/src/Gui/InputField.cpp,"(540, 11)-(540, 16)",b'catch (...) {\n        // ignore exceptions\n    }'
src,../repos/FreeCAD/src/Gui/CommandDoc.cpp,"(1436, 13)-(1436, 18)",b'catch (...) {\n        QMessageBox::critical(g...'
src,../repos/FreeCAD/src/Gui/DlgPropertyLink.cpp,"(882, 12)-(882, 17)",b'catch(...)\n    {\n    }'
src,../repos/FreeCAD/src/Gui/DlgPreferencePackManagementImp.cpp,"(167, 15)-(167, 20)",b'catch (...) {\n            // Failed to read t...'
src,../repos/FreeCAD/src/Gui/CommandT.h,"(68, 29)-(68, 70)","b'toStr(boost::format& f, T&& t, Args&&... args)'"
src,../repos/FreeCAD/src/Gui/CommandT.h,"(256, 24)-(256, 90)","b'cmdAppDocumentArgs(const App::Document* doc, ...'"
src,../repos/FreeCAD/src/Gui/CommandT.h,"(379, 22)-(379, 94)",b'cmdAppObjectArgs(const App::DocumentObject* o...'
src,../repos/FreeCAD/src/Gui/CommandT.h,"(404, 22)-(404, 94)",b'cmdGuiObjectArgs(const App::DocumentObject* o...'
src,../repos/FreeCAD/src/Gui/CommandT.h,"(438, 16)-(438, 90)","b'doCommandT(Gui::Command::DoCmd_Type cmdType, ...'"
src,../repos/FreeCAD/src/Gui/CommandT.h,"(457, 17)-(457, 33)",b'copyVisualT(Args&&... args)'
src,../repos/FreeCAD/src/Gui/View3DInventorViewer.cpp,"(557, 13)-(557, 18)",b'catch (...) {\n        Base::Console().Warning...'
src,../repos/FreeCAD/src/Gui/View3DInventorViewer.cpp,"(1669, 11)-(1669, 16)",b'catch (...) {\n        root->unref();\n        ...'
src,../repos/FreeCAD/src/Gui/PythonDebugger.cpp,"(446, 11)-(446, 16)",b'catch (...) {\n        Base::Console().Warning...'
src,../repos/FreeCAD/src/Gui/ApplicationPy.cpp,"(940, 11)-(940, 16)",b'catch (...) {\n        std::stringstream err;\n...'
src,../repos/FreeCAD/src/Gui/ApplicationPy.cpp,"(1274, 11)-(1274, 16)",b'catch (...) {\n        PyErr_SetString(Base::P...'
src,../repos/FreeCAD/src/Gui/PythonConsole.cpp,"(400, 13)-(400, 18)",b'catch (...) {\n        // indication of unhand...'
src,../repos/FreeCAD/src/Gui/PythonConsole.cpp,"(920, 11)-(920, 16)",b'catch (...) {\n        QMessageBox::critical(t...'
src,../repos/FreeCAD/src/Gui/propertyeditor/PropertyEditor.cpp,"(357, 11)-(357, 16)","b'catch (...) {\n        Base::Console().Error(""...'"
src,../repos/FreeCAD/src/Gui/propertyeditor/PropertyItem.cpp,"(167, 15)-(167, 20)",b'catch (...) {\n        }'
src,../repos/FreeCAD/src/Gui/propertyeditor/PropertyItem.cpp,"(424, 13)-(424, 18)","b'catch (...) {\n        ss.str("""");\n        ss ...'"
src,../repos/FreeCAD/src/Gui/propertyeditor/PropertyItem.cpp,"(585, 11)-(585, 16)","b'catch (...) {\n        Base::Console().Error(""...'"
src,../repos/FreeCAD/src/Gui/Tree.cpp,"(838, 11)-(838, 16)","b'catch (...)\n    {\n        FC_TRACE(""item "" <<...'"
src,../repos/FreeCAD/src/Gui/Tree.cpp,"(1037, 15)-(1037, 20)","b'catch (...) {\n            FC_ERR(""Unknown exc...'"
src,../repos/FreeCAD/src/Gui/Tree.cpp,"(1616, 11)-(1616, 16)","b'catch (...) {\n        FC_ERR(""Unknown excepti...'"
src,../repos/FreeCAD/src/Gui/Tree.cpp,"(1780, 15)-(1780, 20)","b'catch (...) {\n            FC_ERR(""Unknown exc...'"
src,../repos/FreeCAD/src/Gui/Tree.cpp,"(2234, 15)-(2234, 20)","b'catch (...) {\n            FC_ERR(""Unknown exc...'"
src,../repos/FreeCAD/src/Gui/Tree.cpp,"(2430, 15)-(2430, 20)","b'catch (...) {\n            FC_ERR(""Unknown exc...'"
src,../repos/FreeCAD/src/Gui/Tree.cpp,"(2526, 11)-(2526, 16)","b'catch (...) {\n        FC_ERR(""Unknown excepti...'"
src,../repos/FreeCAD/src/Gui/GuiApplication.cpp,"(98, 11)-(98, 16)","b'catch (...) {\n        Base::Console().Error(""...'"
src,../repos/FreeCAD/src/Gui/GuiApplication.cpp,"(124, 11)-(124, 16)","b'catch (...) {\n        Base::Console().Log(""In...'"
src,../repos/FreeCAD/src/Gui/Command.cpp,"(497, 11)-(497, 16)",b'catch (...)'
src,../repos/FreeCAD/src/Gui/Command.cpp,"(658, 25)-(658, 94)","b'Command::_doCommand(const char *file, int lin...'"
src,../repos/FreeCAD/src/Gui/GestureNavigationStyle.cpp,"(1004, 13)-(1004, 18)","b'catch (...) {\n        Base::Console().Error(""...'"
src,../repos/FreeCAD/src/Gui/ExpressionBinding.cpp,"(151, 13)-(151, 18)",b'catch (...) {\n        if(no_throw)\n          ...'
src,../repos/FreeCAD/src/Gui/View3DViewerPy.cpp,"(143, 10)-(143, 15)","b'catch(...) {\n        throw Py::RuntimeError(""...'"
src,../repos/FreeCAD/src/Gui/View3DViewerPy.cpp,"(301, 10)-(301, 15)","b'catch(...) {\n        throw Py::RuntimeError(""...'"
src,../repos/FreeCAD/src/Gui/View3DViewerPy.cpp,"(323, 10)-(323, 15)","b'catch(...) {\n        throw Py::RuntimeError(""...'"
src,../repos/FreeCAD/src/Gui/View3DViewerPy.cpp,"(378, 10)-(378, 15)","b'catch(...) {\n        throw Py::RuntimeError(""...'"
src,../repos/FreeCAD/src/Gui/View3DViewerPy.cpp,"(412, 10)-(412, 15)","b'catch(...) {\n        throw Py::RuntimeError(""...'"
src,../repos/FreeCAD/src/Gui/View3DViewerPy.cpp,"(434, 10)-(434, 15)","b'catch(...) {\n        throw Py::RuntimeError(""...'"
src,../repos/FreeCAD/src/Gui/View3DViewerPy.cpp,"(464, 10)-(464, 15)","b'catch(...) {\n        throw Py::RuntimeError(""...'"
src,../repos/FreeCAD/src/Gui/View3DViewerPy.cpp,"(509, 10)-(509, 15)","b'catch(...) {\n        throw Py::RuntimeError(""...'"
src,../repos/FreeCAD/src/Gui/View3DViewerPy.cpp,"(540, 10)-(540, 15)","b'catch(...) {\n        throw Py::RuntimeError(""...'"
src,../repos/FreeCAD/src/Gui/ExpressionBindingPy.cpp,"(127, 11)-(127, 16)",b'catch (...) {\n        throw Py::RuntimeError(...'
src,../repos/FreeCAD/src/Gui/Document.cpp,"(703, 14)-(703, 19)",b'catch(...)'
src,../repos/FreeCAD/src/Gui/Document.cpp,"(821, 15)-(821, 20)","b'catch (...) {\n            FC_ERR(""Cannot upda...'"
src,../repos/FreeCAD/src/Gui/Command.h,"(473, 27)-(473, 94)","b'_doCommand(const char *file, int line, DoCmd_...'"
src,../repos/FreeCAD/src/Gui/MDIViewPy.cpp,"(184, 11)-(184, 16)",b'catch (...) {\n        throw Py::RuntimeError(...'
src,../repos/FreeCAD/src/Gui/MDIViewPy.cpp,"(207, 11)-(207, 16)",b'catch (...) {\n        throw Py::RuntimeError(...'
src,../repos/FreeCAD/src/Gui/MDIViewPy.cpp,"(227, 11)-(227, 16)",b'catch (...) {\n        throw Py::RuntimeError(...'
src,../repos/FreeCAD/src/Gui/ViewProviderPyImp.cpp,"(219, 18)-(219, 23)",b'catch(...) {\n                PyErr_SetString(...'
src,../repos/FreeCAD/src/Gui/ViewProviderPyImp.cpp,"(269, 18)-(269, 23)",b'catch(...) {\n                PyErr_SetString(...'
src,../repos/FreeCAD/src/Gui/ViewProviderPyImp.cpp,"(585, 11)-(585, 16)",b'catch (...) {\n        PyErr_Format(PyExc_Attr...'
src,../repos/FreeCAD/src/Gui/CommandTest.cpp,"(370, 11)-(370, 16)",b'catch (...)\n    {\n    }'
src,../repos/FreeCAD/src/Gui/CommandTest.cpp,"(413, 11)-(413, 16)",b'catch (...)\n    {\n    }'
src,../repos/FreeCAD/src/Gui/CommandTest.cpp,"(483, 11)-(483, 16)",b'catch (...)\n    {\n    }'
src,../repos/FreeCAD/src/Gui/CommandTest.cpp,"(538, 11)-(538, 16)",b'catch (...)\n    {\n    }'
src,../repos/FreeCAD/src/Gui/CommandTest.cpp,"(586, 15)-(586, 20)",b'catch (...)\n        {\n        }'
src,../repos/FreeCAD/src/Gui/WidgetFactory.cpp,"(93, 11)-(93, 16)",b'catch (...) {\n#ifdef FC_DEBUG\n        Base::C...'
src,../repos/FreeCAD/src/Gui/WidgetFactory.cpp,"(173, 11)-(173, 16)",b'catch (...) {\n#ifdef FC_DEBUG\n        Base::C...'
src,../repos/FreeCAD/src/Gui/WidgetFactory.cpp,"(466, 11)-(466, 16)",b'catch (...) {\n        throw Base::RuntimeErro...'
src,../repos/FreeCAD/src/Gui/Selection.cpp,"(158, 13)-(158, 18)","b'catch (...) {\n        FC_ERR(""Unhandled unkno...'"
src,../repos/FreeCAD/src/Gui/Placement.cpp,"(299, 11)-(299, 16)",b'catch (...) {\n    }'
src,../repos/FreeCAD/src/Gui/MainWindow.cpp,"(2479, 27)-(2479, 32)",b'catch (...) {\n                        delete ...'
src,../repos/FreeCAD/src/Gui/ExpressionCompleter.cpp,"(760, 15)-(760, 46)",b'catch (const Base::Exception& except) {\n     ...'
src,../repos/FreeCAD/src/Gui/ViewProvider.cpp,"(283, 11)-(283, 16)","b'catch (...) {\n        Base::Console().Error(""...'"
