Repo name,File name,Location,Content
src,../repos/FreeCAD/src/App/Application.cpp,"(474, 10)-(474, 20)",b'unique_ptr<Document>'
src,../repos/FreeCAD/src/App/Application.cpp,"(541, 10)-(541, 20)",b'unique_ptr<Document>'
src,../repos/FreeCAD/src/App/PropertyLinks.h,"(508, 50)-(508, 60)",b'unique_ptr<Property>'
src,../repos/FreeCAD/src/App/PropertyLinks.h,"(1357, 32)-(1357, 42)",b'unique_ptr<PropertyXLink>'
src,../repos/FreeCAD/src/App/PropertyLinks.h,"(1368, 10)-(1368, 20)",b'unique_ptr<std::vector<RestoreInfo> >'
src,../repos/FreeCAD/src/App/PropertyExpressionEngine.cpp,"(421, 22)-(421, 32)",b'shared_ptr<Expression>'
src,../repos/FreeCAD/src/App/PropertyExpressionEngine.cpp,"(677, 18)-(677, 28)",b'shared_ptr<App::Expression>'
src,../repos/FreeCAD/src/App/PropertyExpressionEngine.cpp,"(799, 10)-(799, 20)",b'shared_ptr<Expression>'
src,../repos/FreeCAD/src/App/PropertyExpressionEngine.cpp,"(965, 10)-(965, 20)",b'unique_ptr<PropertyExpressionEngine>'
src,../repos/FreeCAD/src/App/PropertyExpressionEngine.cpp,"(968, 14)-(968, 24)",b'shared_ptr<Expression>'
src,../repos/FreeCAD/src/App/PropertyExpressionEngine.cpp,"(970, 14)-(970, 24)",b'shared_ptr<Expression>'
src,../repos/FreeCAD/src/App/PropertyExpressionEngine.cpp,"(993, 10)-(993, 20)",b'unique_ptr<PropertyExpressionEngine>'
src,../repos/FreeCAD/src/App/PropertyExpressionEngine.cpp,"(996, 14)-(996, 24)",b'shared_ptr<Expression>'
src,../repos/FreeCAD/src/App/PropertyExpressionEngine.cpp,"(998, 14)-(998, 24)",b'shared_ptr<Expression>'
src,../repos/FreeCAD/src/App/PropertyExpressionEngine.cpp,"(1023, 10)-(1023, 20)",b'unique_ptr<PropertyExpressionEngine>'
src,../repos/FreeCAD/src/App/PropertyExpressionEngine.cpp,"(1026, 14)-(1026, 24)",b'shared_ptr<Expression>'
src,../repos/FreeCAD/src/App/PropertyExpressionEngine.cpp,"(1029, 14)-(1029, 24)",b'shared_ptr<Expression>'
src,../repos/FreeCAD/src/App/PropertyExpressionEngine.h,"(119, 59)-(119, 69)",b'shared_ptr<App::Expression>'
src,../repos/FreeCAD/src/App/PropertyExpressionEngine.h,"(147, 77)-(147, 87)",b'shared_ptr<const App::Expression>'
src,../repos/FreeCAD/src/App/PropertyExpressionEngine.h,"(184, 42)-(184, 52)",b'shared_ptr<Expression>'
src,../repos/FreeCAD/src/App/PropertyExpressionEngine.h,"(208, 10)-(208, 20)",b'unique_ptr<std::vector<RestoredExpression> >'
src,../repos/FreeCAD/src/App/PropertyExpressionEngine.h,"(211, 10)-(211, 20)",b'unique_ptr<Private>'
src,../repos/FreeCAD/src/App/PropertyFile.cpp,"(474, 10)-(474, 20)",b'unique_ptr<PropertyFileIncluded>'
src,../repos/FreeCAD/src/App/PropertyLinks.cpp,"(171, 42)-(171, 52)",b'unique_ptr<Property>'
src,../repos/FreeCAD/src/App/PropertyLinks.cpp,"(186, 14)-(186, 24)",b'unique_ptr<Property>'
src,../repos/FreeCAD/src/App/PropertyLinks.cpp,"(2271, 10)-(2271, 20)",b'unique_ptr<PropertyLinkSubList>'
src,../repos/FreeCAD/src/App/PropertyLinks.cpp,"(2313, 10)-(2313, 20)",b'unique_ptr<PropertyLinkSubList>'
src,../repos/FreeCAD/src/App/PropertyLinks.cpp,"(2378, 10)-(2378, 20)",b'unique_ptr<PropertyLinkSubList>'
src,../repos/FreeCAD/src/App/PropertyLinks.cpp,"(3423, 10)-(3423, 20)",b'unique_ptr<PropertyXLink>'
src,../repos/FreeCAD/src/App/PropertyLinks.cpp,"(3434, 10)-(3434, 20)",b'unique_ptr<PropertyXLink>'
src,../repos/FreeCAD/src/App/PropertyLinks.cpp,"(3448, 10)-(3448, 20)",b'unique_ptr<PropertyXLink>'
src,../repos/FreeCAD/src/App/PropertyLinks.cpp,"(3478, 10)-(3478, 20)",b'unique_ptr<PropertyXLink>'
src,../repos/FreeCAD/src/App/PropertyLinks.cpp,"(4114, 10)-(4114, 20)",b'unique_ptr<Property>'
src,../repos/FreeCAD/src/App/PropertyLinks.cpp,"(4122, 10)-(4122, 20)",b'unique_ptr<PropertyXLinkSubList>'
src,../repos/FreeCAD/src/App/PropertyLinks.cpp,"(4143, 10)-(4143, 20)",b'unique_ptr<Property>'
src,../repos/FreeCAD/src/App/PropertyLinks.cpp,"(4151, 10)-(4151, 20)",b'unique_ptr<PropertyXLinkSubList>'
src,../repos/FreeCAD/src/App/PropertyLinks.cpp,"(4172, 10)-(4172, 20)",b'unique_ptr<Property>'
src,../repos/FreeCAD/src/App/PropertyLinks.cpp,"(4189, 10)-(4189, 20)",b'unique_ptr<PropertyXLinkSubList>'
src,../repos/FreeCAD/src/App/Expression.cpp,"(2020, 10)-(2020, 20)",b'unique_ptr<Collector>'
src,../repos/FreeCAD/src/App/Expression.cpp,"(3273, 10)-(3273, 20)",b'unique_ptr<Expression>'
src,../repos/FreeCAD/src/App/DocumentObject.h,"(431, 68)-(431, 78)",b'shared_ptr<App::Expression>'
src,../repos/FreeCAD/src/App/MappedName.h,"(990, 14)-(990, 24)",b'unique_ptr<MappedNameRef>'
src,../repos/FreeCAD/src/App/MappedName.h,"(1016, 22)-(1016, 32)",b'unique_ptr<MappedNameRef>'
src,../repos/FreeCAD/src/App/MappedName.h,"(1023, 19)-(1023, 29)",b'unique_ptr<MappedNameRef>'
src,../repos/FreeCAD/src/App/MappedName.h,"(1025, 22)-(1025, 32)",b'unique_ptr<MappedNameRef>'
src,../repos/FreeCAD/src/App/ObjectIdentifier.cpp,"(1220, 10)-(1220, 20)",b'unique_ptr<Expression>'
src,../repos/FreeCAD/src/App/PropertyStandard.cpp,"(1314, 42)-(1314, 52)",b'unique_ptr<Property>'
src,../repos/FreeCAD/src/App/Metadata.h,"(378, 10)-(378, 20)",b'shared_ptr<XERCES_CPP_NAMESPACE::XercesDOMParser>'
src,../repos/FreeCAD/src/App/DocumentObjectPyImp.cpp,"(339, 14)-(339, 24)",b'shared_ptr<Expression>'
src,../repos/FreeCAD/src/App/Link.cpp,"(562, 18)-(562, 28)",b'unique_ptr<Property>'
src,../repos/FreeCAD/src/App/Link.cpp,"(627, 30)-(627, 40)",b'unique_ptr<App::Property>'
src,../repos/FreeCAD/src/App/Link.cpp,"(759, 18)-(759, 28)",b'unique_ptr<Property>'
src,../repos/FreeCAD/src/App/Link.cpp,"(793, 22)-(793, 32)",b'unique_ptr<Property>'
src,../repos/FreeCAD/src/App/Link.cpp,"(825, 18)-(825, 28)",b'unique_ptr<Property>'
src,../repos/FreeCAD/src/App/Link.cpp,"(840, 18)-(840, 28)",b'unique_ptr<Property>'
src,../repos/FreeCAD/src/App/Document.cpp,"(2842, 18)-(2842, 28)",b'unique_ptr<Base::SequencerLauncher>'
src,../repos/FreeCAD/src/App/Document.cpp,"(3531, 10)-(3531, 20)",b'unique_ptr<DocumentObject>'
src,../repos/FreeCAD/src/App/Document.cpp,"(3540, 18)-(3540, 28)",b'unique_ptr<DocumentObject>'
src,../repos/FreeCAD/src/App/Document.cpp,"(3753, 34)-(3753, 44)",b'unique_ptr<App::Property>'
src,../repos/FreeCAD/src/App/DocumentObserver.h,"(315, 10)-(315, 20)",b'unique_ptr<Private>'
src,../repos/FreeCAD/src/App/DocumentObserver.h,"(379, 10)-(379, 20)",b'unique_ptr<Private>'
src,../repos/FreeCAD/src/App/ComplexGeoDataPyImp.cpp,"(89, 14)-(89, 24)",b'unique_ptr<Data::Segment>'
src,../repos/FreeCAD/src/App/ComplexGeoDataPyImp.cpp,"(124, 14)-(124, 24)",b'unique_ptr<Data::Segment>'
src,../repos/FreeCAD/src/Base/Parameter.cpp,"(1862, 14)-(1862, 24)",b'unique_ptr<DOMPrintFilter>'
src,../repos/FreeCAD/src/Base/Parameter.cpp,"(1863, 14)-(1863, 24)",b'unique_ptr<DOMErrorHandler>'
src,../repos/FreeCAD/src/Base/BindingManager.h,"(57, 10)-(57, 20)",b'unique_ptr<BindingManagerPrivate>'
src,../repos/FreeCAD/src/Base/UnitsApiPy.cpp,"(170, 10)-(170, 20)",b'unique_ptr<UnitsSchema>'
src,../repos/FreeCAD/src/Base/XMLTools.cpp,"(31, 6)-(31, 16)",b'unique_ptr<XMLTranscoder>'
src,../repos/FreeCAD/src/Base/Reader.h,"(350, 10)-(350, 20)",b'unique_ptr<std::istream>'
src,../repos/FreeCAD/src/Base/Reader.h,"(360, 31)-(360, 41)",b'shared_ptr<Base::XMLReader>'
src,../repos/FreeCAD/src/Base/Reader.h,"(361, 10)-(361, 20)",b'shared_ptr<Base::XMLReader>'
src,../repos/FreeCAD/src/Base/Reader.h,"(367, 10)-(367, 20)",b'shared_ptr<Base::XMLReader>'
src,../repos/FreeCAD/src/Base/Base64Filter.h,"(261, 10)-(261, 20)",b'unique_ptr<std::ostream>'
src,../repos/FreeCAD/src/Base/Base64Filter.h,"(279, 10)-(279, 20)",b'unique_ptr<std::ostream>'
src,../repos/FreeCAD/src/Base/Base64Filter.h,"(301, 10)-(301, 20)",b'unique_ptr<std::istream>'
src,../repos/FreeCAD/src/Base/Base64Filter.h,"(327, 10)-(327, 20)",b'unique_ptr<std::istream>'
src,../repos/FreeCAD/src/Base/Translate.cpp,"(138, 10)-(138, 20)",b'shared_ptr<QTranslator>'
src,../repos/FreeCAD/src/Base/InputSource.h,"(82, 10)-(82, 20)",b'unique_ptr<TextCodec>'
src,../repos/FreeCAD/src/Gui/Application.cpp,"(226, 18)-(226, 28)",b'unique_ptr<Gui::ViewProviderDocumentObject>'
src,../repos/FreeCAD/src/Gui/Application.cpp,"(876, 5)-(876, 15)",b'unique_ptr<Document>'
src,../repos/FreeCAD/src/Gui/Application.cpp,"(2413, 14)-(2413, 24)",b'unique_ptr<boost::interprocess::file_lock>'
src,../repos/FreeCAD/src/Gui/SpinBox.h,"(46, 29)-(46, 39)",b'shared_ptr<App::Expression>'
src,../repos/FreeCAD/src/Gui/ViewProviderPlacement.cpp,"(79, 13)-(79, 23)",b'unique_ptr<AxisOrigin>'
src,../repos/FreeCAD/src/Gui/View3DPy.cpp,"(901, 10)-(901, 20)",b'unique_ptr<SoVectorizeAction>'
src,../repos/FreeCAD/src/Gui/PreferencePackManager.cpp,"(179, 10)-(179, 20)",b'unique_ptr<App::Metadata>'
src,../repos/FreeCAD/src/Gui/PreferencePackManager.cpp,"(366, 10)-(366, 20)",b'unique_ptr<App::Metadata>'
src,../repos/FreeCAD/src/Gui/Widgets.cpp,"(1605, 14)-(1605, 24)",b'unique_ptr<Expression>'
src,../repos/FreeCAD/src/Gui/Action.h,"(259, 10)-(259, 20)",b'unique_ptr<Private>'
src,../repos/FreeCAD/src/Gui/InputField.cpp,"(120, 14)-(120, 24)",b'shared_ptr<const Expression>'
src,../repos/FreeCAD/src/Gui/InputField.cpp,"(164, 14)-(164, 24)",b'shared_ptr<const Expression>'
src,../repos/FreeCAD/src/Gui/InputField.cpp,"(247, 18)-(247, 28)",b'shared_ptr<Expression>'
src,../repos/FreeCAD/src/Gui/InputField.cpp,"(251, 18)-(251, 28)",b'unique_ptr<Expression>'
src,../repos/FreeCAD/src/Gui/PrefWidgets.cpp,"(675, 10)-(675, 20)",b'unique_ptr<QMenu>'
src,../repos/FreeCAD/src/Gui/QuantitySpinBox.cpp,"(137, 18)-(137, 28)",b'shared_ptr<Expression>'
src,../repos/FreeCAD/src/Gui/QuantitySpinBox.cpp,"(140, 22)-(140, 32)",b'unique_ptr<Expression>'
src,../repos/FreeCAD/src/Gui/DlgExpressionInput.h,"(67, 75)-(67, 85)",b'shared_ptr<const App::Expression>'
src,../repos/FreeCAD/src/Gui/DlgExpressionInput.h,"(95, 10)-(95, 20)",b'shared_ptr<App::Expression>'
src,../repos/FreeCAD/src/Gui/InputVector.h,"(552, 14)-(552, 24)",b'shared_ptr<T>'
src,../repos/FreeCAD/src/Gui/InputVector.h,"(552, 56)-(552, 66)",b'shared_ptr<T>'
src,../repos/FreeCAD/src/Gui/NavigationStyle.cpp,"(1753, 18)-(1753, 28)",b'unique_ptr<UserNavigationStyle>'
src,../repos/FreeCAD/src/Gui/SoFCSelectionContext.h,"(60, 10)-(60, 20)",b'shared_ptr<int>'
src,../repos/FreeCAD/src/Gui/ParamHandler.h,"(133, 53)-(133, 63)",b'shared_ptr<ParamHandler>'
src,../repos/FreeCAD/src/Gui/ParamHandler.h,"(160, 14)-(160, 24)",b'shared_ptr<ParamHandler>'
src,../repos/FreeCAD/src/Gui/ParamHandler.h,"(167, 14)-(167, 24)",b'shared_ptr<ParamHandler>'
src,../repos/FreeCAD/src/Gui/ParamHandler.h,"(178, 14)-(178, 24)",b'shared_ptr<ParamHandler>'
src,../repos/FreeCAD/src/Gui/ParamHandler.h,"(188, 14)-(188, 24)",b'shared_ptr<ParamHandler>'
src,../repos/FreeCAD/src/Gui/ParamHandler.h,"(202, 14)-(202, 24)",b'shared_ptr<ParamHandler>'
src,../repos/FreeCAD/src/Gui/ParamHandler.h,"(216, 14)-(216, 24)",b'shared_ptr<ParamHandler>'
src,../repos/FreeCAD/src/Gui/ParamHandler.h,"(224, 19)-(224, 29)",b'shared_ptr<ParamHandler>'
src,../repos/FreeCAD/src/Gui/DlgAddProperty.h,"(50, 10)-(50, 20)",b'unique_ptr<Ui_DlgAddProperty>'
src,../repos/FreeCAD/src/Gui/Workbench.cpp,"(466, 10)-(466, 20)",b'unique_ptr<ToolBarItem>'
src,../repos/FreeCAD/src/Gui/Workbench.cpp,"(477, 10)-(477, 20)",b'unique_ptr<ToolBarItem>'
src,../repos/FreeCAD/src/Gui/Workbench.cpp,"(495, 10)-(495, 20)",b'unique_ptr<MenuItem>'
src,../repos/FreeCAD/src/Gui/Workbench.cpp,"(506, 10)-(506, 20)",b'unique_ptr<ToolBarItem>'
src,../repos/FreeCAD/src/Gui/NavigationAnimator.h,"(42, 27)-(42, 37)",b'shared_ptr<NavigationAnimation>'
src,../repos/FreeCAD/src/Gui/NavigationAnimator.h,"(43, 34)-(43, 44)",b'shared_ptr<NavigationAnimation>'
src,../repos/FreeCAD/src/Gui/ExpressionBinding.h,"(63, 10)-(63, 20)",b'shared_ptr<App::Expression>'
src,../repos/FreeCAD/src/Gui/ExpressionBinding.h,"(67, 37)-(67, 47)",b'shared_ptr<App::Expression>'
src,../repos/FreeCAD/src/Gui/ExpressionBinding.h,"(74, 10)-(74, 20)",b'shared_ptr<App::Expression>'
src,../repos/FreeCAD/src/Gui/View3DInventorViewer.cpp,"(1860, 14)-(1860, 24)",b'unique_ptr<SoVectorizeAction>'
src,../repos/FreeCAD/src/Gui/TaskView/TaskImage.cpp,"(509, 10)-(509, 20)",b'unique_ptr<SoPickedPoint>'
src,../repos/FreeCAD/src/Gui/TaskView/TaskImage.cpp,"(551, 14)-(551, 24)",b'unique_ptr<SoPickedPoint>'
src,../repos/FreeCAD/src/Gui/NavigationStyle.h,"(131, 36)-(131, 46)",b'shared_ptr<NavigationAnimation>'
src,../repos/FreeCAD/src/Gui/CommandView.cpp,"(2671, 6)-(2671, 16)",b'unique_ptr<SelectionCallbackHandler>'
src,../repos/FreeCAD/src/Gui/CommandView.cpp,"(2856, 22)-(2856, 32)",b'unique_ptr<Data::Segment>'
src,../repos/FreeCAD/src/Gui/View3DInventor.h,"(142, 10)-(142, 20)",b'unique_ptr<View3DSettings>'
src,../repos/FreeCAD/src/Gui/View3DInventor.h,"(143, 10)-(143, 20)",b'unique_ptr<NaviCubeSettings>'
src,../repos/FreeCAD/src/Gui/DlgPreferencePackManagementImp.h,"(77, 10)-(77, 20)",b'unique_ptr<Ui_DlgPreferencePackManagement>'
src,../repos/FreeCAD/src/Gui/ViewProviderDocumentObject.cpp,"(543, 14)-(543, 24)",b'unique_ptr<App::Property>'
src,../repos/FreeCAD/src/Gui/ViewProviderDocumentObject.cpp,"(563, 22)-(563, 32)",b'unique_ptr<App::Property>'
src,../repos/FreeCAD/src/Gui/propertyeditor/PropertyItem.cpp,"(730, 18)-(730, 28)",b'unique_ptr<App::Expression>'
src,../repos/FreeCAD/src/Gui/propertyeditor/PropertyItem.cpp,"(2887, 10)-(2887, 20)",b'shared_ptr<EnumItems>'
src,../repos/FreeCAD/src/Gui/SelectionFilter.h,"(91, 10)-(91, 20)",b'shared_ptr<Node_Block>'
src,../repos/FreeCAD/src/Gui/View3DInventorViewer.h,"(498, 10)-(498, 20)",b'unique_ptr<View3DInventorSelection>'
src,../repos/FreeCAD/src/Gui/Tree.cpp,"(86, 6)-(86, 16)",b'unique_ptr<QPixmap>'
src,../repos/FreeCAD/src/Gui/Tree.cpp,"(87, 6)-(87, 16)",b'unique_ptr<QPixmap>'
src,../repos/FreeCAD/src/Gui/Command.cpp,"(422, 14)-(422, 24)",b'unique_ptr<LogDisabler>'
src,../repos/FreeCAD/src/Gui/Widgets.h,"(216, 8)-(216, 18)",b'unique_ptr<Ui_DlgTreeWidget>'
src,../repos/FreeCAD/src/Gui/Widgets.h,"(583, 29)-(583, 39)",b'shared_ptr<App::Expression>'
src,../repos/FreeCAD/src/Gui/DlgRunExternal.h,"(64, 10)-(64, 20)",b'unique_ptr<Ui_DlgRunExternal>'
src,../repos/FreeCAD/src/Gui/PythonTracing.h,"(91, 10)-(91, 20)",b'unique_ptr<Private>'
src,../repos/FreeCAD/src/Gui/ViewProviderLink.h,"(178, 32)-(178, 42)",b'unique_ptr<SubInfo>'
src,../repos/FreeCAD/src/Gui/ViewProviderLink.h,"(181, 22)-(181, 32)",b'unique_ptr<Element>'
src,../repos/FreeCAD/src/Gui/ViewProviderLink.h,"(335, 10)-(335, 20)",b'unique_ptr<DraggerContext>'
src,../repos/FreeCAD/src/Gui/Document.cpp,"(1394, 10)-(1394, 20)",b'shared_ptr<Base::XMLReader>'
src,../repos/FreeCAD/src/Gui/Document.cpp,"(1637, 10)-(1637, 20)",b'shared_ptr<Base::XMLReader>'
src,../repos/FreeCAD/src/Gui/SplitView3DInventor.h,"(75, 10)-(75, 20)",b'unique_ptr<View3DSettings>'
src,../repos/FreeCAD/src/Gui/SpinBox.cpp,"(92, 10)-(92, 20)",b'unique_ptr<Expression>'
src,../repos/FreeCAD/src/Gui/Language/Translator.h,"(97, 10)-(97, 20)","b'unique_ptr<Translator, std::function<void(Tra...'"
src,../repos/FreeCAD/src/Gui/NotificationBox.cpp,"(104, 1)-(104, 32)",b'qobject_delete_later_unique_ptr<NotificationLabel>'
src,../repos/FreeCAD/src/Gui/UiLoader.cpp,"(502, 10)-(502, 20)",b'unique_ptr<UiLoader>'
src,../repos/FreeCAD/src/Gui/PreferencePages/DlgSettingsNavigation.cpp,"(253, 10)-(253, 20)",b'unique_ptr<UserNavigationStyle>'
src,../repos/FreeCAD/src/Gui/DlgExpressionInput.cpp,"(183, 14)-(183, 24)",b'shared_ptr<Expression>'
src,../repos/FreeCAD/src/Gui/DlgExpressionInput.cpp,"(191, 18)-(191, 28)",b'unique_ptr<Expression>'
