Repo name,File name,Location,Content
src,../repos/FreeCAD/src/Gui/Quarter/Mouse.cpp,"(82, 3)-(82, 25)",b'class SoLocation2Event'
src,../repos/FreeCAD/src/Gui/Quarter/Mouse.cpp,"(83, 3)-(83, 27)",b'class SoMouseButtonEvent'
src,../repos/FreeCAD/src/Gui/Quarter/Mouse.cpp,"(84, 3)-(84, 26)",b'class SoMouseWheelEvent'
src,../repos/FreeCAD/src/Gui/Quarter/QuarterP.h,"(50, 3)-(50, 22)",b'class SensorManager'
src,../repos/FreeCAD/src/Gui/Quarter/QuarterP.h,"(51, 3)-(51, 20)",b'class ImageReader'
src,../repos/FreeCAD/src/Gui/GestureNavigationStyle.h,"(53, 5)-(53, 16)",b'class Event'
src,../repos/FreeCAD/src/Gui/GestureNavigationStyle.h,"(55, 5)-(55, 22)",b'class NaviMachine'
src,../repos/FreeCAD/src/Gui/GestureNavigationStyle.h,"(57, 5)-(57, 20)",b'class IdleState'
src,../repos/FreeCAD/src/Gui/GestureNavigationStyle.h,"(59, 5)-(59, 24)",b'class InteractState'
src,../repos/FreeCAD/src/Gui/GestureNavigationStyle.h,"(61, 5)-(61, 28)",b'class AwaitingMoveState'
src,../repos/FreeCAD/src/Gui/GestureNavigationStyle.h,"(63, 5)-(63, 23)",b'class GestureState'
src,../repos/FreeCAD/src/Gui/GestureNavigationStyle.h,"(65, 5)-(65, 22)",b'class RotateState'
src,../repos/FreeCAD/src/Gui/GestureNavigationStyle.h,"(67, 5)-(67, 19)",b'class PanState'
src,../repos/FreeCAD/src/Gui/GestureNavigationStyle.h,"(69, 5)-(69, 25)",b'class StickyPanState'
src,../repos/FreeCAD/src/Gui/GestureNavigationStyle.h,"(71, 5)-(71, 20)",b'class TiltState'
src,../repos/FreeCAD/src/Gui/GestureNavigationStyle.h,"(73, 5)-(73, 31)",b'class AwaitingReleaseState'
src,../repos/FreeCAD/src/Gui/GestureNavigationStyle.h,"(75, 5)-(85, 6)",b'class EventQueue: public std::queue<SoMouseBu...'
src,../repos/FreeCAD/src/Gui/NotificationArea.h,"(49, 5)-(61, 6)",b'class ParameterObserver: public ParameterGrp:...'
src,../repos/FreeCAD/src/CXX/Python3/Objects.hxx,"(2932, 9)-(3039, 10)",b'class iterator\n        {\n            // : pub...'
src,../repos/FreeCAD/src/CXX/Python3/Objects.hxx,"(3051, 9)-(3146, 10)",b'class const_iterator\n        {\n        protec...'
src,../repos/FreeCAD/src/CXX/Python2/Objects.hxx,"(2937, 9)-(3030, 10)",b'class iterator\n        {\n            // : pub...'
src,../repos/FreeCAD/src/CXX/Python2/Objects.hxx,"(3042, 9)-(3122, 10)",b'class const_iterator\n        {\n        protec...'
