Repo name,File name,Location,Content
src,../repos/FreeCAD/src/App/ObjectIdentifier.h,"(80, 9)-(80, 39)",b'friend class ObjectIdentifier;'
src,../repos/FreeCAD/src/App/StringHasher.h,"(218, 9)-(225, 10)",b'friend std::ostream& operator<<(std::ostream&...'
src,../repos/FreeCAD/src/App/StringHasher.h,"(615, 5)-(615, 31)",b'friend class StringHasher;'
src,../repos/FreeCAD/src/App/Property.h,"(486, 5)-(486, 26)",b'friend atomic_change;'
src,../repos/FreeCAD/src/Base/Tools.h,"(73, 5)-(76, 6)",b'friend std::ostream& operator<<(std::ostream&...'
src,../repos/FreeCAD/src/Base/Builder3D.h,"(212, 5)-(218, 6)",b'friend std::ostream& operator<<(std::ostream&...'
src,../repos/FreeCAD/src/Gui/ProgressDialog.h,"(114, 5)-(114, 34)",b'friend class SequencerDialog;'
src,../repos/FreeCAD/src/Gui/View3DViewerPy.h,"(91, 5)-(91, 39)",b'friend class View3DInventorViewer;'
src,../repos/FreeCAD/src/Gui/MainWindow.h,"(394, 5)-(394, 29)",b'friend class MainWindow;'
src,../repos/FreeCAD/src/Gui/ProgressBar.h,"(206, 5)-(206, 31)",b'friend class SequencerBar;'
src,../repos/FreeCAD/src/Gui/WidgetFactory.h,"(243, 5)-(243, 62)",b'friend WidgetFactorySupplier &GetWidgetFactor...'
src,../repos/FreeCAD/src/Gui/DownloadManager.h,"(106, 5)-(106, 34)",b'friend class DownloadManager;'
src,../repos/FreeCAD/src/Gui/TaskView/TaskEditControl.h,"(52, 5)-(52, 27)",b'friend class TaskView;'
src,../repos/FreeCAD/src/Gui/TaskView/TaskDialog.h,"(164, 5)-(164, 31)",b'friend class TaskDialogPy;'
src,../repos/FreeCAD/src/Gui/TaskView/TaskDialog.h,"(165, 5)-(165, 27)",b'friend class TaskView;'
src,../repos/FreeCAD/src/Gui/propertyeditor/PropertyEditor.h,"(158, 5)-(158, 36)",b'friend class Gui::PropertyView;'
src,../repos/FreeCAD/src/Gui/propertyeditor/PropertyEditor.h,"(159, 5)-(159, 39)",b'friend class PropertyItemDelegate;'
src,../repos/FreeCAD/src/Gui/OverlayWidgets.h,"(339, 5)-(339, 37)",b'friend class OverlayProxyWidget;'
src,../repos/FreeCAD/src/Gui/OverlayWidgets.h,"(340, 5)-(340, 34)",b'friend class OverlayTitleBar;'
src,../repos/FreeCAD/src/Gui/OverlayWidgets.h,"(341, 5)-(341, 33)",b'friend class OverlayManager;'
src,../repos/FreeCAD/src/Gui/OverlayWidgets.h,"(342, 5)-(342, 42)",b'friend class OverlayManager::Private;'
src,../repos/FreeCAD/src/Gui/OverlayWidgets.h,"(343, 5)-(343, 40)",b'friend class OverlaySplitterHandle;'
src,../repos/FreeCAD/src/Gui/OverlayWidgets.h,"(344, 5)-(344, 34)",b'friend class OverlaySizeGrip;'
src,../repos/FreeCAD/src/Gui/QSint/actionpanel/taskheader_p.h,"(27, 3)-(27, 28)",b'friend class ActionGroup;'
src,../repos/FreeCAD/src/Gui/ViewProviderLink.cpp,"(322, 5)-(322, 58)",b'friend void Gui::intrusive_ptr_add_ref(LinkIn...'
src,../repos/FreeCAD/src/Gui/ViewProviderLink.cpp,"(323, 5)-(323, 58)",b'friend void Gui::intrusive_ptr_release(LinkIn...'
src,../repos/FreeCAD/src/Gui/ViewProviderLink.cpp,"(325, 5)-(325, 77)",b'friend inline void intrusive_ptr_add_ref(Link...'
src,../repos/FreeCAD/src/Gui/ViewProviderLink.cpp,"(326, 5)-(326, 78)",b'friend inline void intrusive_ptr_release(Link...'
src,../repos/FreeCAD/src/Gui/ViewProviderLink.cpp,"(778, 5)-(778, 21)",b'friend LinkView;'
src,../repos/FreeCAD/src/Gui/ViewProviderLink.cpp,"(837, 5)-(837, 21)",b'friend LinkView;'
src,../repos/FreeCAD/src/Gui/Tree.h,"(251, 5)-(251, 31)",b'friend class DocumentItem;'
src,../repos/FreeCAD/src/Gui/Tree.h,"(252, 5)-(252, 37)",b'friend class DocumentObjectItem;'
src,../repos/FreeCAD/src/Gui/Tree.h,"(253, 5)-(253, 29)",b'friend class TreeParams;'
src,../repos/FreeCAD/src/Gui/Tree.h,"(254, 5)-(254, 41)",b'friend class TreeWidgetItemDelegate;'
src,../repos/FreeCAD/src/Gui/Tree.h,"(374, 5)-(374, 29)",b'friend class TreeWidget;'
src,../repos/FreeCAD/src/Gui/Tree.h,"(375, 5)-(375, 37)",b'friend class DocumentObjectData;'
src,../repos/FreeCAD/src/Gui/Tree.h,"(376, 5)-(376, 37)",b'friend class DocumentObjectItem;'
src,../repos/FreeCAD/src/Gui/Tree.h,"(456, 5)-(456, 29)",b'friend class TreeWidget;'
src,../repos/FreeCAD/src/Gui/Tree.h,"(457, 5)-(457, 31)",b'friend class DocumentItem;'
src,../repos/FreeCAD/src/Gui/DocumentModel.cpp,"(130, 9)-(130, 40)",b'friend class ViewProviderIndex;'
src,../repos/FreeCAD/src/CXX/Python3/Objects.hxx,"(1447, 13)-(1447, 37)",b'friend class SeqBase<T>;'
src,../repos/FreeCAD/src/CXX/Python3/Objects.hxx,"(1606, 13)-(1606, 37)",b'friend class SeqBase<T>;'
src,../repos/FreeCAD/src/CXX/Python3/Objects.hxx,"(2942, 13)-(2942, 37)",b'friend class MapBase<T>;'
src,../repos/FreeCAD/src/CXX/Python3/Objects.hxx,"(3060, 13)-(3060, 37)",b'friend class MapBase<T>;'
src,../repos/FreeCAD/src/CXX/Python2/Objects.hxx,"(2947, 13)-(2947, 37)",b'friend class MapBase<T>;'
src,../repos/FreeCAD/src/CXX/Python2/Objects.hxx,"(3051, 13)-(3051, 37)",b'friend class MapBase<T>;'
src,../repos/FreeCAD/src/zipios++/simplesmartptr.h,"(102, 3)-(102, 44)",b'friend class SimpleSmartPointer< Type > ;'
src,../repos/FreeCAD/src/zipios++/simplesmartptr.h,"(103, 3)-(103, 50)",b'friend class SimpleSmartPointer< const Type > ;'
src,../repos/FreeCAD/src/zipios++/simplesmartptr.h,"(117, 3)-(117, 27)",b'friend class FileEntry ;'
src,../repos/FreeCAD/src/zipios++/simplesmartptr.h,"(118, 3)-(118, 23)",b'friend class Bogus ;'
src,../repos/FreeCAD/src/zipios++/ziphead.h,"(160, 3)-(160, 82)","b'friend ostream &operator<< ( ostream &os, con...'"
