Repo name,File name,Location,Content
src,../repos/FreeCAD/src/Main/MainCmd.cpp,"(50, 1)-(50, 21)",b'using Base::Console;'
src,../repos/FreeCAD/src/Main/MainCmd.cpp,"(51, 1)-(51, 24)",b'using App::Application;'
src,../repos/FreeCAD/src/App/Application.cpp,"(150, 1)-(150, 21)",b'using namespace App;'
src,../repos/FreeCAD/src/App/Application.cpp,"(151, 1)-(151, 22)",b'using namespace Base;'
src,../repos/FreeCAD/src/App/Application.cpp,"(152, 1)-(152, 21)",b'using namespace std;'
src,../repos/FreeCAD/src/App/Application.cpp,"(153, 1)-(153, 23)",b'using namespace boost;'
src,../repos/FreeCAD/src/App/Application.cpp,"(154, 1)-(154, 40)",b'using namespace boost::program_options;'
src,../repos/FreeCAD/src/App/Application.cpp,"(155, 1)-(155, 22)",b'using Base::FileInfo;'
src,../repos/FreeCAD/src/App/Graphviz.cpp,"(38, 1)-(38, 21)",b'using namespace App;'
src,../repos/FreeCAD/src/App/Graphviz.cpp,"(39, 1)-(39, 23)",b'using namespace boost;'
src,../repos/FreeCAD/src/App/ColorModel.cpp,"(34, 1)-(34, 21)",b'using namespace App;'
src,../repos/FreeCAD/src/App/PropertyGeo.cpp,"(46, 1)-(46, 21)",b'using namespace App;'
src,../repos/FreeCAD/src/App/PropertyGeo.cpp,"(47, 1)-(47, 22)",b'using namespace Base;'
src,../repos/FreeCAD/src/App/PropertyGeo.cpp,"(48, 1)-(48, 21)",b'using namespace std;'
src,../repos/FreeCAD/src/App/PropertyExpressionEngine.cpp,"(39, 1)-(39, 21)",b'using namespace App;'
src,../repos/FreeCAD/src/App/PropertyExpressionEngine.cpp,"(40, 1)-(40, 22)",b'using namespace Base;'
src,../repos/FreeCAD/src/App/PropertyExpressionEngine.cpp,"(41, 1)-(41, 23)",b'using namespace boost;'
src,../repos/FreeCAD/src/App/MaterialObject.cpp,"(29, 1)-(29, 21)",b'using namespace App;'
src,../repos/FreeCAD/src/App/PropertyStandard.h,"(818, 5)-(818, 32)",b'using inherited::setValues;'
src,../repos/FreeCAD/src/App/ExtensionContainerPyImp.cpp,"(36, 1)-(36, 21)",b'using namespace App;'
src,../repos/FreeCAD/src/App/TextDocument.cpp,"(30, 1)-(30, 21)",b'using namespace App;'
src,../repos/FreeCAD/src/App/FeaturePython.cpp,"(38, 1)-(38, 21)",b'using namespace App;'
src,../repos/FreeCAD/src/App/DocumentObjectFileIncluded.cpp,"(28, 1)-(28, 21)",b'using namespace App;'
src,../repos/FreeCAD/src/App/MappedElement.cpp,"(26, 1)-(26, 22)",b'using namespace Data;'
src,../repos/FreeCAD/src/App/MaterialPyImp.cpp,"(31, 1)-(31, 21)",b'using namespace App;'
src,../repos/FreeCAD/src/App/PropertyFile.cpp,"(39, 1)-(39, 21)",b'using namespace App;'
src,../repos/FreeCAD/src/App/PropertyFile.cpp,"(40, 1)-(40, 22)",b'using namespace Base;'
src,../repos/FreeCAD/src/App/PropertyFile.cpp,"(41, 1)-(41, 21)",b'using namespace std;'
src,../repos/FreeCAD/src/App/StringHasher.cpp,"(50, 1)-(50, 21)",b'using namespace App;'
src,../repos/FreeCAD/src/App/PropertyUnits.cpp,"(35, 1)-(35, 21)",b'using namespace App;'
src,../repos/FreeCAD/src/App/PropertyUnits.cpp,"(36, 1)-(36, 22)",b'using namespace Base;'
src,../repos/FreeCAD/src/App/PropertyUnits.cpp,"(37, 1)-(37, 21)",b'using namespace std;'
src,../repos/FreeCAD/src/App/GeoFeaturePyImp.cpp,"(32, 1)-(32, 21)",b'using namespace App;'
src,../repos/FreeCAD/src/App/GroupExtension.cpp,"(33, 1)-(33, 21)",b'using namespace App;'
src,../repos/FreeCAD/src/App/PropertyLinks.cpp,"(45, 1)-(45, 21)",b'using namespace App;'
src,../repos/FreeCAD/src/App/PropertyLinks.cpp,"(46, 1)-(46, 22)",b'using namespace Base;'
src,../repos/FreeCAD/src/App/PropertyLinks.cpp,"(47, 1)-(47, 21)",b'using namespace std;'
src,../repos/FreeCAD/src/App/OriginGroupExtensionPyImp.cpp,"(30, 1)-(30, 21)",b'using namespace App;'
src,../repos/FreeCAD/src/App/Expression.cpp,"(61, 1)-(61, 22)",b'using namespace Base;'
src,../repos/FreeCAD/src/App/Expression.cpp,"(62, 1)-(62, 21)",b'using namespace App;'
src,../repos/FreeCAD/src/App/Expression.cpp,"(3646, 5)-(3646, 43)",b'using namespace App::ExpressionParser;'
src,../repos/FreeCAD/src/App/Part.cpp,"(32, 1)-(32, 21)",b'using namespace App;'
src,../repos/FreeCAD/src/App/GeoFeatureGroupExtension.cpp,"(37, 1)-(37, 21)",b'using namespace App;'
src,../repos/FreeCAD/src/App/DocumentObject.cpp,"(50, 1)-(50, 21)",b'using namespace App;'
src,../repos/FreeCAD/src/App/OriginFeature.cpp,"(30, 1)-(30, 21)",b'using namespace App;'
src,../repos/FreeCAD/src/App/VRMLObject.cpp,"(35, 1)-(35, 21)",b'using namespace App;'
src,../repos/FreeCAD/src/App/ObjectIdentifier.cpp,"(50, 1)-(50, 21)",b'using namespace App;'
src,../repos/FreeCAD/src/App/ObjectIdentifier.cpp,"(51, 1)-(51, 22)",b'using namespace Base;'
src,../repos/FreeCAD/src/App/Transactions.cpp,"(44, 1)-(44, 21)",b'using namespace App;'
src,../repos/FreeCAD/src/App/Transactions.cpp,"(45, 1)-(45, 21)",b'using namespace std;'
src,../repos/FreeCAD/src/App/TransactionalObject.cpp,"(30, 1)-(30, 21)",b'using namespace App;'
src,../repos/FreeCAD/src/App/Annotation.cpp,"(28, 1)-(28, 21)",b'using namespace App;'
src,../repos/FreeCAD/src/App/DocumentObjectExtensionPyImp.cpp,"(30, 1)-(30, 21)",b'using namespace App;'
src,../repos/FreeCAD/src/App/ComplexGeoData.cpp,"(49, 1)-(49, 22)",b'using namespace Data;'
src,../repos/FreeCAD/src/App/ComplexGeoData.cpp,"(57, 1)-(57, 22)",b'using namespace Data;'
src,../repos/FreeCAD/src/App/DocumentObjectGroup.cpp,"(30, 1)-(30, 21)",b'using namespace App;'
src,../repos/FreeCAD/src/App/PropertyStandard.cpp,"(46, 1)-(46, 21)",b'using namespace App;'
src,../repos/FreeCAD/src/App/PropertyStandard.cpp,"(47, 1)-(47, 22)",b'using namespace Base;'
src,../repos/FreeCAD/src/App/PropertyStandard.cpp,"(48, 1)-(48, 21)",b'using namespace std;'
src,../repos/FreeCAD/src/App/Metadata.cpp,"(59, 1)-(59, 21)",b'using namespace App;'
src,../repos/FreeCAD/src/App/ExpressionTokenizer.cpp,"(32, 1)-(32, 21)",b'using namespace App;'
src,../repos/FreeCAD/src/App/PropertyPythonObject.cpp,"(39, 1)-(39, 21)",b'using namespace App;'
src,../repos/FreeCAD/src/App/Path.cpp,"(28, 1)-(28, 21)",b'using namespace App;'
src,../repos/FreeCAD/src/App/MeasureDistance.cpp,"(28, 1)-(28, 21)",b'using namespace App;'
src,../repos/FreeCAD/src/App/ApplicationPy.cpp,"(42, 1)-(42, 22)",b'using namespace Base;'
src,../repos/FreeCAD/src/App/ApplicationPy.cpp,"(43, 1)-(43, 21)",b'using namespace App;'
src,../repos/FreeCAD/src/App/PropertyContainer.cpp,"(37, 1)-(37, 21)",b'using namespace App;'
src,../repos/FreeCAD/src/App/PropertyContainer.cpp,"(38, 1)-(38, 22)",b'using namespace Base;'
src,../repos/FreeCAD/src/App/PropertyContainer.cpp,"(39, 1)-(39, 21)",b'using namespace std;'
src,../repos/FreeCAD/src/App/DocumentObjectPyImp.cpp,"(41, 1)-(41, 21)",b'using namespace App;'
src,../repos/FreeCAD/src/App/Material.cpp,"(32, 1)-(32, 21)",b'using namespace App;'
src,../repos/FreeCAD/src/App/LinkBaseExtensionPyImp.cpp,"(33, 1)-(33, 21)",b'using namespace App;'
src,../repos/FreeCAD/src/App/Extension.cpp,"(54, 1)-(54, 21)",b'using namespace App;'
src,../repos/FreeCAD/src/App/IndexedName.cpp,"(35, 1)-(35, 22)",b'using namespace Data;'
src,../repos/FreeCAD/src/App/GroupExtensionPyImp.cpp,"(34, 1)-(34, 21)",b'using namespace App;'
src,../repos/FreeCAD/src/App/AutoTransaction.cpp,"(35, 1)-(35, 21)",b'using namespace App;'
src,../repos/FreeCAD/src/App/ImagePlane.cpp,"(28, 1)-(28, 23)",b'using namespace Image;'
src,../repos/FreeCAD/src/App/DocumentPyImp.cpp,"(41, 1)-(41, 21)",b'using namespace App;'
src,../repos/FreeCAD/src/App/DynamicProperty.cpp,"(39, 1)-(39, 21)",b'using namespace App;'
src,../repos/FreeCAD/src/App/StringHasherPyImp.cpp,"(31, 1)-(31, 21)",b'using namespace App;'
src,../repos/FreeCAD/src/App/Origin.cpp,"(42, 1)-(42, 21)",b'using namespace App;'
src,../repos/FreeCAD/src/App/MetadataPyImp.cpp,"(32, 1)-(32, 22)",b'using namespace Base;'
src,../repos/FreeCAD/src/App/PropertyContainerPyImp.cpp,"(44, 1)-(44, 21)",b'using namespace App;'
src,../repos/FreeCAD/src/App/Link.cpp,"(48, 1)-(48, 21)",b'using namespace App;'
src,../repos/FreeCAD/src/App/Link.cpp,"(49, 1)-(49, 22)",b'using namespace Base;'
src,../repos/FreeCAD/src/App/PartPyImp.cpp,"(30, 1)-(30, 21)",b'using namespace App;'
src,../repos/FreeCAD/src/App/ExtensionPyImp.cpp,"(32, 1)-(32, 21)",b'using namespace App;'
src,../repos/FreeCAD/src/App/OriginGroupExtension.cpp,"(37, 1)-(37, 21)",b'using namespace App;'
src,../repos/FreeCAD/src/App/FeatureTest.cpp,"(45, 1)-(45, 21)",b'using namespace App;'
src,../repos/FreeCAD/src/App/GeoFeatureGroupExtensionPyImp.cpp,"(31, 1)-(31, 21)",b'using namespace App;'
src,../repos/FreeCAD/src/App/Color.cpp,"(33, 1)-(33, 21)",b'using namespace App;'
src,../repos/FreeCAD/src/App/ExtensionContainer.cpp,"(35, 1)-(35, 21)",b'using namespace App;'
src,../repos/FreeCAD/src/App/Document.cpp,"(121, 1)-(121, 21)",b'using Base::Console;'
src,../repos/FreeCAD/src/App/Document.cpp,"(122, 1)-(122, 19)",b'using Base::streq;'
src,../repos/FreeCAD/src/App/Document.cpp,"(123, 1)-(123, 20)",b'using Base::Writer;'
src,../repos/FreeCAD/src/App/Document.cpp,"(124, 1)-(124, 21)",b'using namespace App;'
src,../repos/FreeCAD/src/App/Document.cpp,"(125, 1)-(125, 21)",b'using namespace std;'
src,../repos/FreeCAD/src/App/Document.cpp,"(126, 1)-(126, 23)",b'using namespace boost;'
src,../repos/FreeCAD/src/App/Document.cpp,"(127, 1)-(127, 24)",b'using namespace zipios;'
src,../repos/FreeCAD/src/App/InventorObject.cpp,"(30, 1)-(30, 21)",b'using namespace App;'
src,../repos/FreeCAD/src/App/GeoFeature.cpp,"(33, 1)-(33, 21)",b'using namespace App;'
src,../repos/FreeCAD/src/App/DocumentObjectExtension.cpp,"(31, 1)-(31, 21)",b'using namespace App;'
src,../repos/FreeCAD/src/App/Branding.cpp,"(31, 1)-(31, 21)",b'using namespace App;'
src,../repos/FreeCAD/src/App/DocumentObserverPython.cpp,"(37, 1)-(37, 21)",b'using namespace App;'
src,../repos/FreeCAD/src/App/DocumentObjectGroupPyImp.cpp,"(32, 1)-(32, 21)",b'using namespace App;'
src,../repos/FreeCAD/src/App/Enumeration.cpp,"(33, 1)-(33, 21)",b'using namespace App;'
src,../repos/FreeCAD/src/App/Placement.cpp,"(30, 1)-(30, 21)",b'using namespace App;'
src,../repos/FreeCAD/src/App/ComplexGeoDataPyImp.cpp,"(40, 1)-(40, 22)",b'using namespace Data;'
src,../repos/FreeCAD/src/App/ComplexGeoDataPyImp.cpp,"(41, 1)-(41, 22)",b'using namespace Base;'
src,../repos/FreeCAD/src/App/DocumentObserver.cpp,"(34, 1)-(34, 21)",b'using namespace App;'
src,../repos/FreeCAD/src/App/Property.cpp,"(40, 1)-(40, 21)",b'using namespace App;'
src,../repos/FreeCAD/src/App/MergeDocuments.cpp,"(36, 1)-(36, 21)",b'using namespace App;'
src,../repos/FreeCAD/src/App/PropertyGeo.h,"(218, 5)-(218, 31)",b'using inherited::setValue;'
src,../repos/FreeCAD/src/App/Range.cpp,"(38, 1)-(38, 21)",b'using namespace App;'
src,../repos/FreeCAD/src/App/StringIDPyImp.cpp,"(30, 1)-(30, 21)",b'using namespace App;'
src,../repos/FreeCAD/src/Base/PlacementPyImp.cpp,"(38, 1)-(38, 22)",b'using namespace Base;'
src,../repos/FreeCAD/src/Base/UnitsSchemaFemMilliMeterNewton.cpp,"(35, 1)-(35, 22)",b'using namespace Base;'
src,../repos/FreeCAD/src/Base/Type.cpp,"(36, 1)-(36, 22)",b'using namespace Base;'
src,../repos/FreeCAD/src/Base/Type.cpp,"(37, 1)-(37, 21)",b'using namespace std;'
src,../repos/FreeCAD/src/Base/Matrix.cpp,"(34, 1)-(34, 22)",b'using namespace Base;'
src,../repos/FreeCAD/src/Base/UnitsSchemaImperial1.cpp,"(38, 1)-(38, 22)",b'using namespace Base;'
src,../repos/FreeCAD/src/Base/AxisPyImp.cpp,"(34, 1)-(34, 22)",b'using namespace Base;'
src,../repos/FreeCAD/src/Base/BindingManager.cpp,"(31, 1)-(31, 22)",b'using namespace Base;'
src,../repos/FreeCAD/src/Base/Debugger.cpp,"(34, 1)-(34, 22)",b'using namespace Base;'
src,../repos/FreeCAD/src/Base/Writer.cpp,"(41, 1)-(41, 22)",b'using namespace Base;'
src,../repos/FreeCAD/src/Base/Writer.cpp,"(42, 1)-(42, 21)",b'using namespace std;'
src,../repos/FreeCAD/src/Base/Writer.cpp,"(43, 1)-(43, 24)",b'using namespace zipios;'
src,../repos/FreeCAD/src/Base/Tools2D.cpp,"(35, 1)-(35, 22)",b'using namespace Base;'
src,../repos/FreeCAD/src/Base/PythonTypeExt.cpp,"(31, 1)-(31, 22)",b'using namespace Base;'
src,../repos/FreeCAD/src/Base/BaseClassPyImp.cpp,"(30, 1)-(30, 22)",b'using namespace Base;'
src,../repos/FreeCAD/src/Base/Quantity.cpp,"(51, 1)-(51, 22)",b'using namespace Base;'
src,../repos/FreeCAD/src/Base/TypePyImp.cpp,"(32, 1)-(32, 22)",b'using namespace Base;'
src,../repos/FreeCAD/src/Base/UnitsApiPy.cpp,"(37, 1)-(37, 22)",b'using namespace Base;'
src,../repos/FreeCAD/src/Base/ProgressIndicatorPy.cpp,"(29, 1)-(29, 22)",b'using namespace Base;'
src,../repos/FreeCAD/src/Base/RotationPyImp.cpp,"(36, 1)-(36, 22)",b'using namespace Base;'
src,../repos/FreeCAD/src/Base/Interpreter.cpp,"(44, 1)-(44, 22)",b'using namespace Base;'
src,../repos/FreeCAD/src/Base/PyObjectBase.cpp,"(37, 1)-(37, 22)",b'using namespace Base;'
src,../repos/FreeCAD/src/Base/ZipHeader.cpp,"(29, 1)-(29, 33)",b'using zipios::ConstEntryPointer;'
src,../repos/FreeCAD/src/Base/ZipHeader.cpp,"(30, 1)-(30, 30)",b'using zipios::FileCollection;'
src,../repos/FreeCAD/src/Base/ZipHeader.cpp,"(31, 1)-(31, 25)",b'using zipios::ZipHeader;'
src,../repos/FreeCAD/src/Base/UnitPyImp.cpp,"(32, 1)-(32, 22)",b'using namespace Base;'
src,../repos/FreeCAD/src/Base/CoordinateSystem.cpp,"(31, 1)-(31, 22)",b'using namespace Base;'
src,../repos/FreeCAD/src/Base/FileInfo.cpp,"(49, 1)-(49, 22)",b'using namespace Base;'
src,../repos/FreeCAD/src/Base/Vector3D.cpp,"(33, 1)-(33, 22)",b'using namespace Base;'
src,../repos/FreeCAD/src/Base/ViewProj.cpp,"(27, 1)-(27, 22)",b'using namespace Base;'
src,../repos/FreeCAD/src/Base/XMLTools.cpp,"(28, 1)-(28, 22)",b'using namespace Base;'
src,../repos/FreeCAD/src/Base/CoordinateSystemPyImp.cpp,"(33, 1)-(33, 22)",b'using namespace Base;'
src,../repos/FreeCAD/src/Base/QuantityPyImp.cpp,"(31, 1)-(31, 22)",b'using namespace Base;'
src,../repos/FreeCAD/src/Base/MatrixPyImp.cpp,"(35, 1)-(35, 22)",b'using namespace Base;'
src,../repos/FreeCAD/src/Base/Console.cpp,"(42, 1)-(42, 22)",b'using namespace Base;'
src,../repos/FreeCAD/src/Base/UnitsSchemaCentimeters.cpp,"(34, 1)-(34, 22)",b'using namespace Base;'
src,../repos/FreeCAD/src/Base/Rotation.cpp,"(35, 1)-(35, 22)",b'using namespace Base;'
src,../repos/FreeCAD/src/Base/Sequencer.cpp,"(34, 1)-(34, 22)",b'using namespace Base;'
src,../repos/FreeCAD/src/Base/Sequencer.cpp,"(212, 1)-(212, 30)",b'using Base::ConsoleSequencer;'
src,../repos/FreeCAD/src/Base/VectorPyImp.cpp,"(37, 1)-(37, 22)",b'using namespace Base;'
src,../repos/FreeCAD/src/Base/BaseClass.cpp,"(33, 1)-(33, 22)",b'using namespace Base;'
src,../repos/FreeCAD/src/Base/Factory.cpp,"(35, 1)-(35, 22)",b'using namespace Base;'
src,../repos/FreeCAD/src/Base/FutureWatcherProgress.cpp,"(28, 1)-(28, 22)",b'using namespace Base;'
src,../repos/FreeCAD/src/Base/PrecisionPyImp.cpp,"(29, 1)-(29, 23)",b'using Base::Precision;'
src,../repos/FreeCAD/src/Base/PrecisionPyImp.cpp,"(30, 1)-(30, 25)",b'using Base::PrecisionPy;'
src,../repos/FreeCAD/src/Base/PyExport.cpp,"(36, 1)-(36, 22)",b'using namespace Base;'
src,../repos/FreeCAD/src/Base/Tools.cpp,"(346, 1)-(346, 22)",b'using namespace Base;'
src,../repos/FreeCAD/src/Base/Builder3D.cpp,"(48, 1)-(48, 22)",b'using namespace Base;'
src,../repos/FreeCAD/src/Base/ConsoleObserver.cpp,"(40, 1)-(40, 22)",b'using namespace Base;'
src,../repos/FreeCAD/src/Base/ExceptionFactory.cpp,"(29, 1)-(29, 22)",b'using namespace Base;'
src,../repos/FreeCAD/src/Base/Axis.cpp,"(27, 1)-(27, 22)",b'using namespace Base;'
src,../repos/FreeCAD/src/Base/UnitsSchema.cpp,"(35, 1)-(35, 22)",b'using namespace Base;'
src,../repos/FreeCAD/src/Base/UnitsApi.cpp,"(56, 1)-(56, 22)",b'using namespace Base;'
src,../repos/FreeCAD/src/Base/BoundBoxPyImp.cpp,"(33, 1)-(33, 22)",b'using namespace Base;'
src,../repos/FreeCAD/src/Base/MemDebug.cpp,"(54, 1)-(54, 22)",b'using namespace Base;'
src,../repos/FreeCAD/src/Base/Exception.cpp,"(34, 1)-(34, 22)",b'using namespace Base;'
src,../repos/FreeCAD/src/Base/UnitsSchemaMKS.cpp,"(35, 1)-(35, 22)",b'using namespace Base;'
src,../repos/FreeCAD/src/Base/PersistencePyImp.cpp,"(36, 1)-(36, 22)",b'using namespace Base;'
src,../repos/FreeCAD/src/Base/Stream.cpp,"(41, 1)-(41, 22)",b'using namespace Base;'
src,../repos/FreeCAD/src/Base/Stream.cpp,"(465, 5)-(465, 23)",b'using std::memcpy;'
src,../repos/FreeCAD/src/Base/Persistence.cpp,"(38, 1)-(38, 22)",b'using namespace Base;'
src,../repos/FreeCAD/src/Base/Uuid.cpp,"(35, 1)-(35, 22)",b'using namespace Base;'
src,../repos/FreeCAD/src/Base/Unit.cpp,"(35, 1)-(35, 22)",b'using namespace Base;'
src,../repos/FreeCAD/src/Base/InputSource.cpp,"(42, 1)-(42, 21)",b'using namespace std;'
src,../repos/FreeCAD/src/Base/Translate.cpp,"(29, 1)-(29, 22)",b'using namespace Base;'
src,../repos/FreeCAD/src/Base/Handle.cpp,"(37, 1)-(37, 22)",b'using namespace Base;'
src,../repos/FreeCAD/src/Base/UnitsSchemaMeterDecimal.cpp,"(41, 1)-(41, 22)",b'using namespace Base;'
src,../repos/FreeCAD/src/Base/FileTemplate.cpp,"(29, 1)-(29, 22)",b'using namespace Base;'
src,../repos/FreeCAD/src/Base/Interpreter.h,"(89, 1)-(89, 19)",b'using std::string;'
src,../repos/FreeCAD/src/Base/Interpreter.h,"(90, 1)-(90, 19)",b'using std::vector;'
src,../repos/FreeCAD/src/Base/Placement.cpp,"(30, 1)-(30, 22)",b'using namespace Base;'
src,../repos/FreeCAD/src/Base/TimeInfo.cpp,"(37, 1)-(37, 22)",b'using namespace Base;'
src,../repos/FreeCAD/src/Base/UnitsSchemaInternal.cpp,"(35, 1)-(35, 22)",b'using namespace Base;'
src,../repos/FreeCAD/src/Base/UnitsSchemaMmMin.cpp,"(34, 1)-(34, 22)",b'using namespace Base;'
src,../repos/FreeCAD/src/Base/Tools3D.cpp,"(34, 1)-(34, 22)",b'using namespace Base;'
src,../repos/FreeCAD/src/Gui/ProjectView.cpp,"(30, 1)-(30, 21)",b'using namespace Gui;'
src,../repos/FreeCAD/src/Gui/SoFCDB.cpp,"(80, 1)-(80, 21)",b'using namespace Gui;'
src,../repos/FreeCAD/src/Gui/SoFCDB.cpp,"(81, 1)-(81, 31)",b'using namespace Gui::Inventor;'
src,../repos/FreeCAD/src/Gui/SoFCDB.cpp,"(82, 1)-(82, 37)",b'using namespace Gui::PropertyEditor;'
src,../repos/FreeCAD/src/Gui/DlgCustomizeImp.cpp,"(37, 1)-(37, 29)",b'using namespace Gui::Dialog;'
src,../repos/FreeCAD/src/Gui/DlgMaterialPropertiesImp.cpp,"(32, 1)-(32, 29)",b'using namespace Gui::Dialog;'
src,../repos/FreeCAD/src/Gui/Application.cpp,"(133, 1)-(133, 21)",b'using namespace Gui;'
src,../repos/FreeCAD/src/Gui/Application.cpp,"(134, 1)-(134, 30)",b'using namespace Gui::DockWnd;'
src,../repos/FreeCAD/src/Gui/Application.cpp,"(135, 1)-(135, 21)",b'using namespace std;'
src,../repos/FreeCAD/src/Gui/SelectionFilterPy.cpp,"(29, 1)-(29, 21)",b'using namespace Gui;'
src,../repos/FreeCAD/src/Gui/CommandStd.cpp,"(56, 1)-(56, 21)",b'using Base::Console;'
src,../repos/FreeCAD/src/Gui/CommandStd.cpp,"(57, 1)-(57, 23)",b'using Base::Sequencer;'
src,../repos/FreeCAD/src/Gui/CommandStd.cpp,"(58, 1)-(58, 21)",b'using namespace Gui;'
src,../repos/FreeCAD/src/Gui/SplitView3DInventor.cpp,"(46, 1)-(46, 21)",b'using namespace Gui;'
src,../repos/FreeCAD/src/Gui/Thumbnail.cpp,"(43, 1)-(43, 21)",b'using namespace Gui;'
src,../repos/FreeCAD/src/Gui/ViewProviderExtern.cpp,"(38, 1)-(38, 19)",b'using std::vector;'
src,../repos/FreeCAD/src/Gui/ViewProviderExtern.cpp,"(39, 1)-(39, 19)",b'using std::string;'
src,../repos/FreeCAD/src/Gui/ViewProviderExtern.cpp,"(42, 1)-(42, 21)",b'using namespace Gui;'
src,../repos/FreeCAD/src/Gui/ViewProviderImagePlane.cpp,"(51, 1)-(51, 21)",b'using namespace Gui;'
src,../repos/FreeCAD/src/Gui/DlgKeyboardImp.cpp,"(49, 1)-(49, 29)",b'using namespace Gui::Dialog;'
src,../repos/FreeCAD/src/Gui/ViewProviderMaterialObject.cpp,"(35, 1)-(35, 21)",b'using namespace Gui;'
src,../repos/FreeCAD/src/Gui/WorkbenchManipulatorPython.cpp,"(31, 1)-(31, 21)",b'using namespace Gui;'
src,../repos/FreeCAD/src/Gui/SoFCSelection.cpp,"(55, 1)-(55, 21)",b'using namespace Gui;'
src,../repos/FreeCAD/src/Gui/ViewProviderOriginFeature.cpp,"(45, 1)-(45, 21)",b'using namespace Gui;'
src,../repos/FreeCAD/src/Gui/SoFCUnifiedSelection.cpp,"(91, 1)-(91, 21)",b'using namespace Gui;'
src,../repos/FreeCAD/src/Gui/DocumentRecovery.cpp,"(66, 1)-(66, 21)",b'using namespace Gui;'
src,../repos/FreeCAD/src/Gui/DocumentRecovery.cpp,"(67, 1)-(67, 29)",b'using namespace Gui::Dialog;'
src,../repos/FreeCAD/src/Gui/View3DInventorSelection.cpp,"(42, 1)-(42, 21)",b'using namespace Gui;'
src,../repos/FreeCAD/src/Gui/NetworkRetriever.cpp,"(45, 1)-(45, 21)",b'using namespace Gui;'
src,../repos/FreeCAD/src/Gui/NetworkRetriever.cpp,"(46, 1)-(46, 29)",b'using namespace Gui::Dialog;'
src,../repos/FreeCAD/src/Gui/ViewProviderPlacement.cpp,"(38, 1)-(38, 21)",b'using namespace Gui;'
src,../repos/FreeCAD/src/Gui/InputVector.cpp,"(36, 1)-(36, 21)",b'using namespace Gui;'
src,../repos/FreeCAD/src/Gui/Clipping.cpp,"(40, 1)-(40, 29)",b'using namespace Gui::Dialog;'
src,../repos/FreeCAD/src/Gui/CommandStructure.cpp,"(38, 1)-(38, 21)",b'using namespace Gui;'
src,../repos/FreeCAD/src/Gui/SoFCColorLegend.cpp,"(41, 1)-(41, 21)",b'using namespace Gui;'
src,../repos/FreeCAD/src/Gui/DlgRunExternal.cpp,"(33, 1)-(33, 29)",b'using namespace Gui::Dialog;'
src,../repos/FreeCAD/src/Gui/ToolBarManager.cpp,"(38, 1)-(38, 21)",b'using namespace Gui;'
src,../repos/FreeCAD/src/Gui/PythonWrapper.cpp,"(160, 1)-(160, 21)",b'using namespace Gui;'
src,../repos/FreeCAD/src/Gui/AutoSaver.cpp,"(52, 1)-(52, 21)",b'using namespace Gui;'
src,../repos/FreeCAD/src/Gui/DlgProjectUtility.cpp,"(38, 1)-(38, 29)",b'using namespace Gui::Dialog;'
src,../repos/FreeCAD/src/Gui/GLBuffer.cpp,"(50, 1)-(50, 21)",b'using namespace Gui;'
src,../repos/FreeCAD/src/Gui/View3DPy.cpp,"(72, 1)-(72, 21)",b'using namespace Gui;'
src,../repos/FreeCAD/src/Gui/OpenSCADNavigationStyle.cpp,"(33, 1)-(33, 21)",b'using namespace Gui;'
src,../repos/FreeCAD/src/Gui/WorkbenchFactory.cpp,"(29, 1)-(29, 21)",b'using namespace Gui;'
src,../repos/FreeCAD/src/Gui/SoFCBackgroundGradient.cpp,"(56, 1)-(56, 21)",b'using namespace Gui;'
src,../repos/FreeCAD/src/Gui/ShortcutManager.cpp,"(38, 1)-(38, 21)",b'using namespace Gui;'
src,../repos/FreeCAD/src/Gui/DlgCreateNewPreferencePackImp.cpp,"(36, 1)-(36, 29)",b'using namespace Gui::Dialog;'
src,../repos/FreeCAD/src/Gui/CommandWindow.cpp,"(44, 1)-(44, 21)",b'using namespace Gui;'
src,../repos/FreeCAD/src/Gui/Macro.cpp,"(44, 1)-(44, 21)",b'using namespace Gui;'
src,../repos/FreeCAD/src/Gui/PreferencePackManager.cpp,"(48, 1)-(48, 21)",b'using namespace Gui;'
src,../repos/FreeCAD/src/Gui/PreferencePackManager.cpp,"(49, 1)-(49, 25)",b'using namespace xercesc;'
src,../repos/FreeCAD/src/Gui/DlgParameterImp.cpp,"(48, 1)-(48, 29)",b'using namespace Gui::Dialog;'
src,../repos/FreeCAD/src/Gui/ImageView.h,"(56, 5)-(56, 26)",b'using MDIView::print;'
src,../repos/FreeCAD/src/Gui/Widgets.cpp,"(60, 1)-(60, 21)",b'using namespace Gui;'
src,../repos/FreeCAD/src/Gui/Widgets.cpp,"(61, 1)-(61, 21)",b'using namespace App;'
src,../repos/FreeCAD/src/Gui/Widgets.cpp,"(62, 1)-(62, 22)",b'using namespace Base;'
src,../repos/FreeCAD/src/Gui/SoFCSelectionAction.cpp,"(69, 1)-(69, 21)",b'using namespace Gui;'
src,../repos/FreeCAD/src/Gui/SoAxisCrossKit.cpp,"(59, 1)-(59, 21)",b'using namespace Gui;'
src,../repos/FreeCAD/src/Gui/PythonWorkbenchPyImp.cpp,"(30, 1)-(30, 21)",b'using namespace Gui;'
src,../repos/FreeCAD/src/Gui/InputField.cpp,"(47, 1)-(47, 21)",b'using namespace Gui;'
src,../repos/FreeCAD/src/Gui/InputField.cpp,"(48, 1)-(48, 21)",b'using namespace App;'
src,../repos/FreeCAD/src/Gui/InputField.cpp,"(49, 1)-(49, 22)",b'using namespace Base;'
src,../repos/FreeCAD/src/Gui/DlgUndoRedo.cpp,"(36, 1)-(36, 29)",b'using namespace Gui::Dialog;'
src,../repos/FreeCAD/src/Gui/View.cpp,"(30, 1)-(30, 21)",b'using namespace Gui;'
src,../repos/FreeCAD/src/Gui/CommandDoc.cpp,"(73, 1)-(73, 21)",b'using namespace Gui;'
src,../repos/FreeCAD/src/Gui/MDIViewPyWrap.cpp,"(36, 1)-(36, 21)",b'using namespace Gui;'
src,../repos/FreeCAD/src/Gui/DownloadManager.cpp,"(44, 1)-(44, 29)",b'using namespace Gui::Dialog;'
src,../repos/FreeCAD/src/Gui/ComboView.cpp,"(35, 1)-(35, 21)",b'using namespace Gui;'
src,../repos/FreeCAD/src/Gui/ComboView.cpp,"(36, 1)-(36, 30)",b'using namespace Gui::DockWnd;'
src,../repos/FreeCAD/src/Gui/PrefWidgets.cpp,"(38, 1)-(38, 21)",b'using Base::Console;'
src,../repos/FreeCAD/src/Gui/PrefWidgets.cpp,"(39, 1)-(39, 21)",b'using namespace Gui;'
src,../repos/FreeCAD/src/Gui/TouchpadNavigationStyle.cpp,"(32, 1)-(32, 21)",b'using namespace Gui;'
src,../repos/FreeCAD/src/Gui/DlgPropertyLink.cpp,"(52, 1)-(52, 29)",b'using namespace Gui::Dialog;'
src,../repos/FreeCAD/src/Gui/UserSettings.cpp,"(32, 1)-(32, 21)",b'using namespace Gui;'
src,../repos/FreeCAD/src/Gui/ProgressBar.cpp,"(42, 1)-(42, 21)",b'using namespace Gui;'
src,../repos/FreeCAD/src/Gui/TextEdit.cpp,"(41, 1)-(41, 21)",b'using namespace Gui;'
src,../repos/FreeCAD/src/Gui/SoDatumLabel.cpp,"(58, 1)-(58, 21)",b'using namespace Gui;'
src,../repos/FreeCAD/src/Gui/ViewProviderPart.cpp,"(41, 1)-(41, 21)",b'using namespace Gui;'
src,../repos/FreeCAD/src/Gui/ViewProviderExtension.cpp,"(36, 1)-(36, 21)",b'using namespace Gui;'
src,../repos/FreeCAD/src/Gui/QuantitySpinBox.cpp,"(55, 1)-(55, 21)",b'using namespace Gui;'
src,../repos/FreeCAD/src/Gui/QuantitySpinBox.cpp,"(56, 1)-(56, 21)",b'using namespace App;'
src,../repos/FreeCAD/src/Gui/QuantitySpinBox.cpp,"(57, 1)-(57, 22)",b'using namespace Base;'
src,../repos/FreeCAD/src/Gui/DockWindow.cpp,"(28, 1)-(28, 21)",b'using namespace Gui;'
src,../repos/FreeCAD/src/Gui/BlenderNavigationStyle.cpp,"(34, 1)-(34, 21)",b'using namespace Gui;'
src,../repos/FreeCAD/src/Gui/SoTextLabel.cpp,"(69, 1)-(69, 21)",b'using namespace Gui;'
src,../repos/FreeCAD/src/Gui/DlgPreferencePackManagementImp.cpp,"(35, 1)-(35, 29)",b'using namespace Gui::Dialog;'
src,../repos/FreeCAD/src/Gui/TransactionObject.cpp,"(31, 1)-(31, 21)",b'using namespace Gui;'
src,../repos/FreeCAD/src/Gui/PropertyView.cpp,"(48, 1)-(48, 21)",b'using namespace std;'
src,../repos/FreeCAD/src/Gui/PropertyView.cpp,"(49, 1)-(49, 21)",b'using namespace Gui;'
src,../repos/FreeCAD/src/Gui/PropertyView.cpp,"(50, 1)-(50, 30)",b'using namespace Gui::DockWnd;'
src,../repos/FreeCAD/src/Gui/PropertyView.cpp,"(51, 1)-(51, 37)",b'using namespace Gui::PropertyEditor;'
src,../repos/FreeCAD/src/Gui/ViewProviderGeoFeatureGroup.cpp,"(29, 1)-(29, 21)",b'using namespace Gui;'
src,../repos/FreeCAD/src/Gui/MDIView.cpp,"(52, 1)-(52, 21)",b'using namespace Gui;'
src,../repos/FreeCAD/src/Gui/WaitCursor.cpp,"(38, 1)-(38, 21)",b'using namespace Gui;'
src,../repos/FreeCAD/src/Gui/ReportView.cpp,"(47, 1)-(47, 21)",b'using namespace Gui;'
src,../repos/FreeCAD/src/Gui/ReportView.cpp,"(48, 1)-(48, 30)",b'using namespace Gui::DockWnd;'
src,../repos/FreeCAD/src/Gui/ViewProviderLinkPyImp.cpp,"(36, 1)-(36, 21)",b'using namespace Gui;'
src,../repos/FreeCAD/src/Gui/NaviCube.cpp,"(61, 1)-(61, 23)",b'using namespace Eigen;'
src,../repos/FreeCAD/src/Gui/NaviCube.cpp,"(62, 1)-(62, 21)",b'using namespace std;'
src,../repos/FreeCAD/src/Gui/NaviCube.cpp,"(63, 1)-(63, 21)",b'using namespace Gui;'
src,../repos/FreeCAD/src/Gui/DlgUnitsCalculatorImp.cpp,"(35, 1)-(35, 29)",b'using namespace Gui::Dialog;'
src,../repos/FreeCAD/src/Gui/DlgToolbarsImp.cpp,"(48, 1)-(48, 29)",b'using namespace Gui::Dialog;'
src,../repos/FreeCAD/src/Gui/DlgRevertToBackupConfigImp.cpp,"(35, 1)-(35, 21)",b'using namespace Gui;'
src,../repos/FreeCAD/src/Gui/DlgRevertToBackupConfigImp.cpp,"(36, 1)-(36, 29)",b'using namespace Gui::Dialog;'
src,../repos/FreeCAD/src/Gui/TextureMapping.cpp,"(45, 1)-(45, 29)",b'using namespace Gui::Dialog;'
src,../repos/FreeCAD/src/Gui/DlgCustomizeSpNavSettings.cpp,"(31, 1)-(31, 29)",b'using namespace Gui::Dialog;'
src,../repos/FreeCAD/src/Gui/SoFCInteractiveElement.cpp,"(31, 1)-(31, 21)",b'using namespace Gui;'
src,../repos/FreeCAD/src/Gui/ViewProviderOriginGroupExtension.cpp,"(45, 1)-(45, 21)",b'using namespace Gui;'
src,../repos/FreeCAD/src/Gui/WorkbenchManager.cpp,"(34, 1)-(34, 21)",b'using namespace Gui;'
src,../repos/FreeCAD/src/Gui/QuantitySpinBox.h,"(136, 5)-(136, 36)",b'using ExpressionSpinBox::apply;'
src,../repos/FreeCAD/src/Gui/NavigationAnimation.cpp,"(28, 1)-(28, 21)",b'using namespace Gui;'
src,../repos/FreeCAD/src/Gui/FileDialog.cpp,"(53, 1)-(53, 21)",b'using namespace Gui;'
src,../repos/FreeCAD/src/Gui/GuiConsole.cpp,"(37, 1)-(37, 21)",b'using namespace Gui;'
src,../repos/FreeCAD/src/Gui/TaskCSysDragger.cpp,"(43, 1)-(43, 21)",b'using namespace Gui;'
src,../repos/FreeCAD/src/Gui/NavigationStyle.cpp,"(53, 1)-(53, 21)",b'using namespace Gui;'
src,../repos/FreeCAD/src/Gui/SoFCColorGradient.cpp,"(48, 1)-(48, 21)",b'using namespace Gui;'
src,../repos/FreeCAD/src/Gui/TaskElementColors.cpp,"(49, 1)-(49, 21)",b'using namespace Gui;'
src,../repos/FreeCAD/src/Gui/RevitNavigationStyle.cpp,"(33, 1)-(33, 21)",b'using namespace Gui;'
src,../repos/FreeCAD/src/Gui/View3DInventor.cpp,"(77, 1)-(77, 21)",b'using namespace Gui;'
src,../repos/FreeCAD/src/Gui/Window.cpp,"(34, 1)-(34, 21)",b'using namespace Gui;'
src,../repos/FreeCAD/src/Gui/Workbench.cpp,"(54, 1)-(54, 21)",b'using namespace Gui;'
src,../repos/FreeCAD/src/Gui/MainWindowPy.cpp,"(40, 1)-(40, 21)",b'using namespace Gui;'
src,../repos/FreeCAD/src/Gui/SpaceballEvent.cpp,"(28, 1)-(28, 27)",b'using namespace Spaceball;'
src,../repos/FreeCAD/src/Gui/ImageView.cpp,"(48, 1)-(48, 21)",b'using namespace Gui;'
src,../repos/FreeCAD/src/Gui/DlgMacroRecordImp.cpp,"(39, 1)-(39, 29)",b'using namespace Gui::Dialog;'
src,../repos/FreeCAD/src/Gui/Quarter/QtCoinCompatibility.cpp,"(40, 1)-(40, 38)",b'using namespace SIM::Coin3D::Quarter;'
src,../repos/FreeCAD/src/Gui/Quarter/DragDropHandler.cpp,"(73, 1)-(73, 38)",b'using namespace SIM::Coin3D::Quarter;'
src,../repos/FreeCAD/src/Gui/Quarter/Mouse.cpp,"(91, 1)-(91, 38)",b'using namespace SIM::Coin3D::Quarter;'
src,../repos/FreeCAD/src/Gui/Quarter/InputDevice.cpp,"(43, 1)-(43, 38)",b'using namespace SIM::Coin3D::Quarter;'
src,../repos/FreeCAD/src/Gui/Quarter/SpaceNavigatorDevice.cpp,"(82, 1)-(82, 38)",b'using namespace SIM::Coin3D::Quarter;'
src,../repos/FreeCAD/src/Gui/Quarter/QuarterWidgetP.cpp,"(61, 1)-(61, 38)",b'using namespace SIM::Coin3D::Quarter;'
src,../repos/FreeCAD/src/Gui/Quarter/ContextMenu.cpp,"(41, 1)-(41, 38)",b'using namespace SIM::Coin3D::Quarter;'
src,../repos/FreeCAD/src/Gui/Quarter/KeyboardP.cpp,"(39, 1)-(39, 38)",b'using namespace SIM::Coin3D::Quarter;'
src,../repos/FreeCAD/src/Gui/Quarter/SensorManager.cpp,"(45, 1)-(45, 38)",b'using namespace SIM::Coin3D::Quarter;'
src,../repos/FreeCAD/src/Gui/Quarter/FocusHandler.cpp,"(48, 1)-(48, 38)",b'using namespace SIM::Coin3D::Quarter;'
src,../repos/FreeCAD/src/Gui/Quarter/InteractionMode.cpp,"(45, 1)-(45, 38)",b'using namespace SIM::Coin3D::Quarter;'
src,../repos/FreeCAD/src/Gui/Quarter/NativeEvent.cpp,"(36, 1)-(36, 38)",b'using namespace SIM::Coin3D::Quarter;'
src,../repos/FreeCAD/src/Gui/Quarter/Quarter.cpp,"(153, 1)-(153, 38)",b'using namespace SIM::Coin3D::Quarter;'
src,../repos/FreeCAD/src/Gui/Quarter/QuarterWidget.cpp,"(103, 1)-(103, 38)",b'using namespace SIM::Coin3D::Quarter;'
src,../repos/FreeCAD/src/Gui/Quarter/EventFilter.cpp,"(88, 1)-(88, 38)",b'using namespace SIM::Coin3D::Quarter;'
src,../repos/FreeCAD/src/Gui/Quarter/Keyboard.cpp,"(52, 1)-(52, 38)",b'using namespace SIM::Coin3D::Quarter;'
src,../repos/FreeCAD/src/Gui/Quarter/QuarterP.cpp,"(39, 1)-(39, 38)",b'using namespace SIM::Coin3D::Quarter;'
src,../repos/FreeCAD/src/Gui/Quarter/ImageReader.cpp,"(40, 1)-(40, 38)",b'using namespace SIM::Coin3D::Quarter;'
src,../repos/FreeCAD/src/Gui/Quarter/SignalThread.cpp,"(37, 1)-(37, 38)",b'using namespace SIM::Coin3D::Quarter;'
src,../repos/FreeCAD/src/Gui/ViewProviderFeature.cpp,"(30, 1)-(30, 21)",b'using namespace Gui;'
src,../repos/FreeCAD/src/Gui/DlgPreferencesImp.cpp,"(57, 1)-(57, 29)",b'using namespace Gui::Dialog;'
src,../repos/FreeCAD/src/Gui/CommandLink.cpp,"(50, 1)-(50, 21)",b'using namespace Gui;'
src,../repos/FreeCAD/src/Gui/ViewParams.cpp,"(27, 1)-(27, 21)",b'using namespace Gui;'
src,../repos/FreeCAD/src/Gui/SoQtOffscreenRendererPy.cpp,"(29, 1)-(29, 21)",b'using namespace Gui;'
src,../repos/FreeCAD/src/Gui/DlgDisplayPropertiesImp.cpp,"(44, 1)-(44, 29)",b'using namespace Gui::Dialog;'
src,../repos/FreeCAD/src/Gui/DlgDisplayPropertiesImp.cpp,"(45, 1)-(45, 21)",b'using namespace std;'
src,../repos/FreeCAD/src/Gui/ViewProviderBuilder.cpp,"(36, 1)-(36, 21)",b'using namespace Gui;'
src,../repos/FreeCAD/src/Gui/ViewProviderGeoFeatureGroupExtension.cpp,"(40, 1)-(40, 21)",b'using namespace Gui;'
src,../repos/FreeCAD/src/Gui/ViewProviderMeasureDistance.cpp,"(58, 1)-(58, 21)",b'using namespace Gui;'
src,../repos/FreeCAD/src/Gui/ManualAlignment.cpp,"(64, 1)-(64, 21)",b'using namespace Gui;'
src,../repos/FreeCAD/src/Gui/ViewProviderInventorObject.cpp,"(40, 1)-(40, 21)",b'using namespace Gui;'
src,../repos/FreeCAD/src/Gui/View3DInventorViewer.cpp,"(130, 1)-(130, 21)",b'using namespace Gui;'
src,../repos/FreeCAD/src/Gui/Utilities.cpp,"(37, 1)-(37, 21)",b'using namespace Gui;'
src,../repos/FreeCAD/src/Gui/PropertyPage.cpp,"(38, 1)-(38, 29)",b'using namespace Gui::Dialog;'
src,../repos/FreeCAD/src/Gui/ProgressDialog.cpp,"(37, 1)-(37, 21)",b'using namespace Gui;'
src,../repos/FreeCAD/src/Gui/ViewProviderOrigin.cpp,"(44, 1)-(44, 21)",b'using namespace Gui;'
src,../repos/FreeCAD/src/Gui/GLPainter.cpp,"(32, 1)-(32, 21)",b'using namespace Gui;'
src,../repos/FreeCAD/src/Gui/FileHandler.cpp,"(42, 1)-(42, 21)",b'using namespace Gui;'
src,../repos/FreeCAD/src/Gui/CommandActionPy.cpp,"(35, 1)-(35, 21)",b'using namespace Gui;'
src,../repos/FreeCAD/src/Gui/ViewProviderGroupExtension.cpp,"(42, 1)-(42, 21)",b'using namespace Gui;'
src,../repos/FreeCAD/src/Gui/DlgOnlineHelpImp.cpp,"(35, 1)-(35, 29)",b'using namespace Gui::Dialog;'
src,../repos/FreeCAD/src/Gui/WorkbenchManipulator.cpp,"(28, 1)-(28, 21)",b'using namespace Gui;'
src,../repos/FreeCAD/src/Gui/View3DInventorRiftViewer.cpp,"(34, 1)-(34, 21)",b'using namespace Gui;'
src,../repos/FreeCAD/src/Gui/AxisOriginPyImp.cpp,"(34, 1)-(34, 21)",b'using namespace Gui;'
src,../repos/FreeCAD/src/Gui/TaskView/TaskSelectLinkProperty.cpp,"(36, 1)-(36, 31)",b'using namespace Gui::TaskView;'
src,../repos/FreeCAD/src/Gui/TaskView/TaskView.cpp,"(51, 1)-(51, 31)",b'using namespace Gui::TaskView;'
src,../repos/FreeCAD/src/Gui/TaskView/TaskWatcher.cpp,"(37, 1)-(37, 31)",b'using namespace Gui::TaskView;'
src,../repos/FreeCAD/src/Gui/TaskView/TaskEditControl.cpp,"(31, 1)-(31, 31)",b'using namespace Gui::TaskView;'
src,../repos/FreeCAD/src/Gui/TaskView/TaskAppearance.cpp,"(37, 1)-(37, 31)",b'using namespace Gui::TaskView;'
src,../repos/FreeCAD/src/Gui/TaskView/TaskImage.cpp,"(57, 1)-(57, 21)",b'using namespace Gui;'
src,../repos/FreeCAD/src/Gui/TaskView/TaskDialog.cpp,"(33, 1)-(33, 31)",b'using namespace Gui::TaskView;'
src,../repos/FreeCAD/src/Gui/TaskView/TaskDialogPython.cpp,"(44, 1)-(44, 21)",b'using namespace Gui;'
src,../repos/FreeCAD/src/Gui/TaskView/TaskDialogPython.cpp,"(45, 1)-(45, 31)",b'using namespace Gui::TaskView;'
src,../repos/FreeCAD/src/Gui/TaskView/TaskOrientation.cpp,"(40, 1)-(40, 21)",b'using namespace Gui;'
src,../repos/FreeCAD/src/Gui/ActionFunction.cpp,"(35, 1)-(35, 21)",b'using namespace Gui;'
src,../repos/FreeCAD/src/Gui/CADNavigationStyle.cpp,"(33, 1)-(33, 21)",b'using namespace Gui;'
src,../repos/FreeCAD/src/Gui/ViewProviderTextDocument.cpp,"(42, 1)-(42, 21)",b'using namespace Gui;'
src,../repos/FreeCAD/src/Gui/DlgActionsImp.cpp,"(46, 1)-(46, 29)",b'using namespace Gui::Dialog;'
src,../repos/FreeCAD/src/Gui/OverlayManager.cpp,"(71, 1)-(71, 21)",b'using namespace Gui;'
src,../repos/FreeCAD/src/Gui/PythonTracing.cpp,"(36, 1)-(36, 21)",b'using namespace Gui;'
src,../repos/FreeCAD/src/Gui/DlgObjectSelection.cpp,"(43, 1)-(43, 21)",b'using namespace Gui;'
src,../repos/FreeCAD/src/Gui/DockWindowManager.cpp,"(46, 1)-(46, 21)",b'using namespace Gui;'
src,../repos/FreeCAD/src/Gui/PythonDebugger.cpp,"(39, 1)-(39, 21)",b'using namespace Gui;'
src,../repos/FreeCAD/src/Gui/ApplicationPy.cpp,"(74, 1)-(74, 21)",b'using namespace Gui;'
src,../repos/FreeCAD/src/Gui/SoFCBoundingBox.cpp,"(41, 1)-(41, 21)",b'using namespace Gui;'
src,../repos/FreeCAD/src/Gui/PythonConsole.cpp,"(52, 1)-(52, 21)",b'using namespace Gui;'
src,../repos/FreeCAD/src/Gui/DAGView/DAGModelGraph.cpp,"(28, 1)-(28, 21)",b'using namespace Gui;'
src,../repos/FreeCAD/src/Gui/DAGView/DAGModelGraph.cpp,"(29, 1)-(29, 21)",b'using namespace DAG;'
src,../repos/FreeCAD/src/Gui/DAGView/DAGRectItem.cpp,"(34, 1)-(34, 21)",b'using namespace Gui;'
src,../repos/FreeCAD/src/Gui/DAGView/DAGRectItem.cpp,"(35, 1)-(35, 21)",b'using namespace DAG;'
src,../repos/FreeCAD/src/Gui/DAGView/DAGModel.cpp,"(56, 1)-(56, 21)",b'using namespace Gui;'
src,../repos/FreeCAD/src/Gui/DAGView/DAGModel.cpp,"(57, 1)-(57, 21)",b'using namespace DAG;'
src,../repos/FreeCAD/src/Gui/DAGView/DAGView.cpp,"(37, 1)-(37, 21)",b'using namespace Gui;'
src,../repos/FreeCAD/src/Gui/DAGView/DAGView.cpp,"(38, 1)-(38, 21)",b'using namespace DAG;'
src,../repos/FreeCAD/src/Gui/DAGView/DAGFilter.cpp,"(31, 1)-(31, 21)",b'using namespace Gui;'
src,../repos/FreeCAD/src/Gui/DAGView/DAGFilter.cpp,"(32, 1)-(32, 21)",b'using namespace DAG;'
src,../repos/FreeCAD/src/Gui/EditableDatumLabel.cpp,"(40, 1)-(40, 21)",b'using namespace Gui;'
src,../repos/FreeCAD/src/Gui/CommandView.cpp,"(91, 1)-(91, 21)",b'using namespace Gui;'
src,../repos/FreeCAD/src/Gui/CommandView.cpp,"(92, 1)-(92, 40)",b'using Gui::Dialog::DlgSettingsImageImp;'
src,../repos/FreeCAD/src/Gui/ViewProviderAnnotation.cpp,"(61, 1)-(61, 21)",b'using namespace Gui;'
src,../repos/FreeCAD/src/Gui/Assistant.cpp,"(40, 1)-(40, 21)",b'using namespace Gui;'
src,../repos/FreeCAD/src/Gui/ViewProviderGeometryObject.cpp,"(52, 1)-(52, 21)",b'using namespace Gui;'
src,../repos/FreeCAD/src/Gui/Flag.cpp,"(36, 1)-(36, 21)",b'using namespace Gui;'
src,../repos/FreeCAD/src/Gui/ViewProviderDocumentObjectGroup.cpp,"(33, 1)-(33, 21)",b'using namespace Gui;'
src,../repos/FreeCAD/src/Gui/CommandFeat.cpp,"(40, 1)-(40, 21)",b'using namespace Gui;'
src,../repos/FreeCAD/src/Gui/ViewProviderPlane.cpp,"(43, 1)-(43, 21)",b'using namespace Gui;'
src,../repos/FreeCAD/src/Gui/DocumentPyImp.cpp,"(50, 1)-(50, 21)",b'using namespace Gui;'
src,../repos/FreeCAD/src/Gui/SelectionView.cpp,"(49, 1)-(49, 21)",b'using namespace Gui;'
src,../repos/FreeCAD/src/Gui/SelectionView.cpp,"(50, 1)-(50, 30)",b'using namespace Gui::DockWnd;'
src,../repos/FreeCAD/src/Gui/DlgAddProperty.cpp,"(39, 1)-(39, 21)",b'using namespace Gui;'
src,../repos/FreeCAD/src/Gui/DlgAddProperty.cpp,"(40, 1)-(40, 29)",b'using namespace Gui::Dialog;'
src,../repos/FreeCAD/src/Gui/TaskDlgRelocation.cpp,"(32, 1)-(32, 21)",b'using namespace Gui;'
src,../repos/FreeCAD/src/Gui/SelectionObserverPython.cpp,"(31, 1)-(31, 21)",b'using namespace Gui;'
src,../repos/FreeCAD/src/Gui/VectorListEditor.cpp,"(30, 1)-(30, 21)",b'using namespace Gui;'
src,../repos/FreeCAD/src/Gui/MouseSelection.cpp,"(39, 1)-(39, 21)",b'using namespace Gui;'
src,../repos/FreeCAD/src/Gui/CallTips.cpp,"(79, 1)-(79, 21)",b'using namespace Gui;'
src,../repos/FreeCAD/src/Gui/ViewProviderDocumentObject.cpp,"(55, 1)-(55, 21)",b'using namespace Gui;'
src,../repos/FreeCAD/src/Gui/OnlineDocumentation.cpp,"(39, 1)-(39, 21)",b'using namespace Gui;'
src,../repos/FreeCAD/src/Gui/SoFCCSysDragger.cpp,"(84, 1)-(84, 21)",b'using namespace Gui;'
src,../repos/FreeCAD/src/Gui/propertyeditor/PropertyModel.cpp,"(34, 1)-(34, 21)",b'using namespace Gui;'
src,../repos/FreeCAD/src/Gui/propertyeditor/PropertyModel.cpp,"(35, 1)-(35, 37)",b'using namespace Gui::PropertyEditor;'
src,../repos/FreeCAD/src/Gui/propertyeditor/PropertyEditor.cpp,"(52, 1)-(52, 37)",b'using namespace Gui::PropertyEditor;'
src,../repos/FreeCAD/src/Gui/propertyeditor/PropertyItem.cpp,"(66, 1)-(66, 37)",b'using namespace Gui::PropertyEditor;'
src,../repos/FreeCAD/src/Gui/propertyeditor/PropertyItem.cpp,"(67, 1)-(67, 29)",b'using namespace Gui::Dialog;'
src,../repos/FreeCAD/src/Gui/propertyeditor/PropertyItemDelegate.cpp,"(43, 1)-(43, 37)",b'using namespace Gui::PropertyEditor;'
src,../repos/FreeCAD/src/Gui/LinkViewPyImp.cpp,"(35, 1)-(35, 21)",b'using namespace Gui;'
src,../repos/FreeCAD/src/Gui/ParamHandler.cpp,"(28, 1)-(28, 21)",b'using namespace Gui;'
src,../repos/FreeCAD/src/Gui/CommandCompleter.cpp,"(39, 1)-(39, 21)",b'using namespace Gui;'
src,../repos/FreeCAD/src/Gui/Tree.cpp,"(81, 1)-(81, 21)",b'using namespace Gui;'
src,../repos/FreeCAD/src/Gui/WorkbenchPyImp.cpp,"(33, 1)-(33, 21)",b'using namespace Gui;'
src,../repos/FreeCAD/src/Gui/GuiApplication.cpp,"(57, 1)-(57, 21)",b'using namespace Gui;'
src,../repos/FreeCAD/src/Gui/DlgSettingsColorGradientImp.cpp,"(40, 1)-(40, 29)",b'using namespace Gui::Dialog;'
src,../repos/FreeCAD/src/Gui/Command.cpp,"(72, 1)-(72, 25)",b'using Base::Interpreter;'
src,../repos/FreeCAD/src/Gui/Command.cpp,"(73, 1)-(73, 21)",b'using namespace Gui;'
src,../repos/FreeCAD/src/Gui/Command.cpp,"(74, 1)-(74, 29)",b'using namespace Gui::Dialog;'
src,../repos/FreeCAD/src/Gui/Command.cpp,"(75, 1)-(75, 30)",b'using namespace Gui::DockWnd;'
src,../repos/FreeCAD/src/Gui/SyntaxHighlighter.cpp,"(31, 1)-(31, 21)",b'using namespace Gui;'
src,../repos/FreeCAD/src/Gui/PythonConsolePy.cpp,"(29, 1)-(29, 21)",b'using namespace Gui;'
src,../repos/FreeCAD/src/Gui/SoFCColorBar.cpp,"(42, 1)-(42, 21)",b'using namespace Gui;'
src,../repos/FreeCAD/src/Gui/DownloadItem.cpp,"(53, 1)-(53, 29)",b'using namespace Gui::Dialog;'
src,../repos/FreeCAD/src/Gui/BitmapFactory.cpp,"(49, 1)-(49, 21)",b'using namespace Gui;'
src,../repos/FreeCAD/src/Gui/CommandMacro.cpp,"(39, 1)-(39, 21)",b'using namespace Gui;'
src,../repos/FreeCAD/src/Gui/WhatsThis.cpp,"(35, 1)-(35, 21)",b'using namespace Gui;'
src,../repos/FreeCAD/src/Gui/DemoMode.cpp,"(41, 1)-(41, 29)",b'using namespace Gui::Dialog;'
src,../repos/FreeCAD/src/Gui/TreeView.cpp,"(37, 1)-(37, 21)",b'using namespace Gui;'
src,../repos/FreeCAD/src/Gui/Splashscreen.cpp,"(59, 1)-(59, 21)",b'using namespace Gui;'
src,../repos/FreeCAD/src/Gui/Splashscreen.cpp,"(60, 1)-(60, 29)",b'using namespace Gui::Dialog;'
src,../repos/FreeCAD/src/Gui/DlgParameterFind.cpp,"(34, 1)-(34, 29)",b'using namespace Gui::Dialog;'
src,../repos/FreeCAD/src/Gui/DlgProjectInformationImp.cpp,"(56, 1)-(56, 29)",b'using namespace Gui::Dialog;'
src,../repos/FreeCAD/src/Gui/ViewProviderLink.cpp,"(80, 1)-(80, 21)",b'using namespace Gui;'
src,../repos/FreeCAD/src/Gui/ViewProviderLink.cpp,"(81, 1)-(81, 22)",b'using namespace Base;'
src,../repos/FreeCAD/src/Gui/ExpressionBinding.cpp,"(46, 1)-(46, 21)",b'using namespace Gui;'
src,../repos/FreeCAD/src/Gui/ExpressionBinding.cpp,"(47, 1)-(47, 21)",b'using namespace App;'
src,../repos/FreeCAD/src/Gui/DlgActivateWindowImp.cpp,"(35, 1)-(35, 29)",b'using namespace Gui::Dialog;'
src,../repos/FreeCAD/src/Gui/ToolBoxManager.cpp,"(38, 1)-(38, 21)",b'using namespace Gui;'
src,../repos/FreeCAD/src/Gui/ToolBoxManager.cpp,"(39, 1)-(39, 24)",b'using DockWnd::ToolBox;'
src,../repos/FreeCAD/src/Gui/MenuManager.cpp,"(37, 1)-(37, 21)",b'using namespace Gui;'
src,../repos/FreeCAD/src/Gui/OverlayWidgets.cpp,"(76, 1)-(76, 21)",b'using namespace Gui;'
src,../repos/FreeCAD/src/Gui/View3DViewerPy.cpp,"(38, 1)-(38, 21)",b'using namespace Gui;'
src,../repos/FreeCAD/src/Gui/TextDocumentEditorView.cpp,"(38, 1)-(38, 21)",b'using namespace Gui;'
src,../repos/FreeCAD/src/Gui/DlgEditFileIncludePropertyExternal.cpp,"(30, 1)-(30, 29)",b'using namespace Gui::Dialog;'
src,../repos/FreeCAD/src/Gui/Control.cpp,"(45, 1)-(45, 21)",b'using namespace Gui;'
src,../repos/FreeCAD/src/Gui/Control.cpp,"(46, 1)-(46, 21)",b'using namespace std;'
src,../repos/FreeCAD/src/Gui/ViewProviderLine.cpp,"(39, 1)-(39, 21)",b'using namespace Gui;'
src,../repos/FreeCAD/src/Gui/OpenCascadeNavigationStyle.cpp,"(33, 1)-(33, 21)",b'using namespace Gui;'
src,../repos/FreeCAD/src/Gui/DlgInputDialogImp.cpp,"(34, 1)-(34, 29)",b'using namespace Gui::Dialog;'
src,../repos/FreeCAD/src/Gui/SelectionFilter.cpp,"(41, 1)-(41, 21)",b'using namespace Gui;'
src,../repos/FreeCAD/src/Gui/ViewProviderDocumentObjectPyImp.cpp,"(37, 1)-(37, 21)",b'using namespace Gui;'
src,../repos/FreeCAD/src/Gui/Camera.cpp,"(29, 1)-(29, 21)",b'using namespace Gui;'
src,../repos/FreeCAD/src/Gui/InventorNavigationStyle.cpp,"(35, 1)-(35, 21)",b'using namespace Gui;'
src,../repos/FreeCAD/src/Gui/ViewProviderPythonFeature.cpp,"(52, 1)-(52, 21)",b'using namespace Gui;'
src,../repos/FreeCAD/src/Gui/ExpressionBindingPy.cpp,"(33, 1)-(33, 21)",b'using namespace Gui;'
src,../repos/FreeCAD/src/Gui/TinkerCADNavigationStyle.cpp,"(33, 1)-(33, 21)",b'using namespace Gui;'
src,../repos/FreeCAD/src/Gui/Document.cpp,"(72, 1)-(72, 21)",b'using namespace Gui;'
src,../repos/FreeCAD/src/Gui/ViewProviderExtensionPyImp.cpp,"(35, 1)-(35, 21)",b'using namespace Gui;'
src,../repos/FreeCAD/src/Gui/SoFCVectorizeSVGAction.cpp,"(37, 1)-(37, 21)",b'using namespace Gui;'
src,../repos/FreeCAD/src/Gui/Inventor/MarkerBitmaps.cpp,"(32, 1)-(32, 31)",b'using namespace Gui::Inventor;'
src,../repos/FreeCAD/src/Gui/Inventor/SoDrawingGrid.cpp,"(45, 1)-(45, 31)",b'using namespace Gui::Inventor;'
src,../repos/FreeCAD/src/Gui/Inventor/SoAutoZoomTranslation.cpp,"(41, 1)-(41, 21)",b'using namespace Gui;'
src,../repos/FreeCAD/src/Gui/Transform.cpp,"(41, 1)-(41, 29)",b'using namespace Gui::Dialog;'
src,../repos/FreeCAD/src/Gui/MDIViewPy.cpp,"(33, 1)-(33, 21)",b'using namespace Gui;'
src,../repos/FreeCAD/src/Gui/AxisOrigin.cpp,"(44, 1)-(44, 21)",b'using namespace Gui;'
src,../repos/FreeCAD/src/Gui/GraphvizView.cpp,"(51, 1)-(51, 21)",b'using namespace Gui;'
src,../repos/FreeCAD/src/Gui/SelectionObject.cpp,"(38, 1)-(38, 21)",b'using namespace Gui;'
src,../repos/FreeCAD/src/Gui/SceneInspector.cpp,"(39, 1)-(39, 29)",b'using namespace Gui::Dialog;'
src,../repos/FreeCAD/src/Gui/NotificationArea.cpp,"(55, 1)-(55, 21)",b'using namespace Gui;'
src,../repos/FreeCAD/src/Gui/NotificationArea.cpp,"(61, 1)-(61, 23)",b'using std::lock_guard;'
src,../repos/FreeCAD/src/Gui/ViewProviderPyImp.cpp,"(55, 1)-(55, 21)",b'using namespace Gui;'
src,../repos/FreeCAD/src/Gui/CommandTest.cpp,"(52, 1)-(52, 21)",b'using namespace Gui;'
src,../repos/FreeCAD/src/Gui/ToolBox.cpp,"(33, 1)-(33, 30)",b'using namespace Gui::DockWnd;'
src,../repos/FreeCAD/src/Gui/SelectionObjectPyImp.cpp,"(38, 1)-(38, 21)",b'using namespace Gui;'
src,../repos/FreeCAD/src/Gui/ViewProviderDragger.cpp,"(49, 1)-(49, 21)",b'using namespace Gui;'
src,../repos/FreeCAD/src/Gui/SpinBox.cpp,"(46, 1)-(46, 21)",b'using namespace Gui;'
src,../repos/FreeCAD/src/Gui/SpinBox.cpp,"(47, 1)-(47, 21)",b'using namespace App;'
src,../repos/FreeCAD/src/Gui/SpinBox.cpp,"(48, 1)-(48, 22)",b'using namespace Base;'
src,../repos/FreeCAD/src/Gui/DlgMacroExecuteImp.cpp,"(50, 1)-(50, 21)",b'using namespace Gui;'
src,../repos/FreeCAD/src/Gui/DlgMacroExecuteImp.cpp,"(51, 1)-(51, 29)",b'using namespace Gui::Dialog;'
src,../repos/FreeCAD/src/Gui/DlgCustomizeSpaceball.cpp,"(51, 1)-(51, 29)",b'using namespace Gui::Dialog;'
src,../repos/FreeCAD/src/Gui/WidgetFactory.cpp,"(50, 1)-(50, 21)",b'using namespace Gui;'
src,../repos/FreeCAD/src/Gui/WidgetFactory.cpp,"(264, 1)-(264, 29)",b'using namespace Gui::Dialog;'
src,../repos/FreeCAD/src/Gui/DocumentObserverPython.cpp,"(34, 1)-(34, 21)",b'using namespace Gui;'
src,../repos/FreeCAD/src/Gui/ViewProviderVRMLObject.cpp,"(55, 1)-(55, 21)",b'using namespace Gui;'
src,../repos/FreeCAD/src/Gui/SoFCSelectionContext.cpp,"(35, 1)-(35, 21)",b'using namespace Gui;'
src,../repos/FreeCAD/src/Gui/Language/Translator.cpp,"(40, 1)-(40, 21)",b'using namespace Gui;'
src,../repos/FreeCAD/src/Gui/ActiveObjectList.cpp,"(38, 1)-(38, 21)",b'using namespace Gui;'
src,../repos/FreeCAD/src/Gui/MayaGestureNavigationStyle.cpp,"(71, 1)-(71, 21)",b'using namespace Gui;'
src,../repos/FreeCAD/src/Gui/NotificationBox.cpp,"(40, 1)-(40, 21)",b'using namespace Gui;'
src,../repos/FreeCAD/src/Gui/DocumentModel.cpp,"(41, 1)-(41, 21)",b'using namespace Gui;'
src,../repos/FreeCAD/src/Gui/NavigationAnimator.cpp,"(29, 1)-(29, 21)",b'using namespace Gui;'
src,../repos/FreeCAD/src/Gui/Selection.cpp,"(59, 1)-(59, 21)",b'using namespace Gui;'
src,../repos/FreeCAD/src/Gui/Selection.cpp,"(60, 1)-(60, 21)",b'using namespace std;'
src,../repos/FreeCAD/src/Gui/Placement.cpp,"(50, 1)-(50, 29)",b'using namespace Gui::Dialog;'
src,../repos/FreeCAD/src/Gui/DocumentObserver.cpp,"(39, 1)-(39, 21)",b'using namespace Gui;'
src,../repos/FreeCAD/src/Gui/OverlayParams.cpp,"(36, 1)-(36, 21)",b'using namespace Gui;'
src,../repos/FreeCAD/src/Gui/MergeDocuments.cpp,"(39, 1)-(39, 21)",b'using namespace Gui;'
src,../repos/FreeCAD/src/Gui/ViewProviderOriginGroup.cpp,"(28, 1)-(28, 21)",b'using namespace Gui;'
src,../repos/FreeCAD/src/Gui/DlgSettingsImageImp.cpp,"(33, 1)-(33, 29)",b'using namespace Gui::Dialog;'
src,../repos/FreeCAD/src/Gui/DlgSettingsImageImp.cpp,"(34, 1)-(34, 21)",b'using namespace std;'
src,../repos/FreeCAD/src/Gui/PythonEditor.cpp,"(41, 1)-(41, 21)",b'using namespace Gui;'
src,../repos/FreeCAD/src/Gui/SoFCOffscreenRenderer.cpp,"(58, 1)-(58, 21)",b'using namespace Gui;'
src,../repos/FreeCAD/src/Gui/SoFCOffscreenRenderer.cpp,"(59, 1)-(59, 21)",b'using namespace std;'
src,../repos/FreeCAD/src/Gui/EditorView.cpp,"(61, 1)-(61, 21)",b'using namespace Gui;'
src,../repos/FreeCAD/src/Gui/MainWindow.cpp,"(119, 1)-(119, 21)",b'using namespace Gui;'
src,../repos/FreeCAD/src/Gui/MainWindow.cpp,"(120, 1)-(120, 30)",b'using namespace Gui::DockWnd;'
src,../repos/FreeCAD/src/Gui/MainWindow.cpp,"(121, 1)-(121, 21)",b'using namespace std;'
src,../repos/FreeCAD/src/Gui/resource.cpp,"(59, 1)-(59, 21)",b'using namespace Gui;'
src,../repos/FreeCAD/src/Gui/resource.cpp,"(60, 1)-(60, 29)",b'using namespace Gui::Dialog;'
src,../repos/FreeCAD/src/Gui/SoFCVectorizeU3DAction.cpp,"(38, 1)-(38, 21)",b'using namespace Gui;'
src,../repos/FreeCAD/src/Gui/UiLoader.cpp,"(42, 1)-(42, 21)",b'using namespace Gui;'
src,../repos/FreeCAD/src/Gui/View3DSettings.cpp,"(41, 1)-(41, 21)",b'using namespace Gui;'
src,../repos/FreeCAD/src/Gui/ExpressionCompleter.cpp,"(49, 1)-(49, 21)",b'using namespace App;'
src,../repos/FreeCAD/src/Gui/ExpressionCompleter.cpp,"(50, 1)-(50, 21)",b'using namespace Gui;'
src,../repos/FreeCAD/src/Gui/TreeParams.cpp,"(36, 1)-(36, 21)",b'using namespace Gui;'
src,../repos/FreeCAD/src/Gui/Action.cpp,"(67, 1)-(67, 21)",b'using namespace Gui;'
src,../repos/FreeCAD/src/Gui/Action.cpp,"(68, 1)-(68, 29)",b'using namespace Gui::Dialog;'
src,../repos/FreeCAD/src/Gui/PreferencePages/DlgSettingsPythonConsole.cpp,"(29, 1)-(29, 29)",b'using namespace Gui::Dialog;'
src,../repos/FreeCAD/src/Gui/PreferencePages/DlgSettingsNotificationArea.cpp,"(33, 1)-(33, 29)",b'using namespace Gui::Dialog;'
src,../repos/FreeCAD/src/Gui/PreferencePages/DlgSettingsSelection.cpp,"(31, 1)-(31, 29)",b'using namespace Gui::Dialog;'
src,../repos/FreeCAD/src/Gui/PreferencePages/DlgSettingsReportView.cpp,"(29, 1)-(29, 29)",b'using namespace Gui::Dialog;'
src,../repos/FreeCAD/src/Gui/PreferencePages/DlgSettingsNavigation.cpp,"(46, 1)-(46, 29)",b'using namespace Gui::Dialog;'
src,../repos/FreeCAD/src/Gui/PreferencePages/DlgSettingsLightSources.cpp,"(46, 1)-(46, 29)",b'using namespace Gui::Dialog;'
src,../repos/FreeCAD/src/Gui/PreferencePages/DlgSettingsDocumentImp.cpp,"(33, 1)-(33, 29)",b'using namespace Gui::Dialog;'
src,../repos/FreeCAD/src/Gui/PreferencePages/DlgSettings3DViewImp.cpp,"(39, 1)-(39, 29)",b'using namespace Gui::Dialog;'
src,../repos/FreeCAD/src/Gui/PreferencePages/DlgSettingsCacheDirectory.cpp,"(47, 1)-(47, 29)",b'using namespace Gui::Dialog;'
src,../repos/FreeCAD/src/Gui/PreferencePages/DlgSettingsEditor.cpp,"(37, 1)-(37, 21)",b'using namespace Gui;'
src,../repos/FreeCAD/src/Gui/PreferencePages/DlgSettingsEditor.cpp,"(38, 1)-(38, 29)",b'using namespace Gui::Dialog;'
src,../repos/FreeCAD/src/Gui/PreferencePages/DlgSettingsGeneral.cpp,"(59, 1)-(59, 21)",b'using namespace Gui;'
src,../repos/FreeCAD/src/Gui/PreferencePages/DlgSettingsGeneral.cpp,"(60, 1)-(60, 29)",b'using namespace Gui::Dialog;'
src,../repos/FreeCAD/src/Gui/PreferencePages/DlgSettingsGeneral.cpp,"(62, 1)-(62, 22)",b'using namespace Base;'
src,../repos/FreeCAD/src/Gui/PreferencePages/DlgSettingsUI.cpp,"(46, 1)-(46, 29)",b'using namespace Gui::Dialog;'
src,../repos/FreeCAD/src/Gui/PreferencePages/DlgSettingsWorkbenchesImp.cpp,"(44, 1)-(44, 29)",b'using namespace Gui::Dialog;'
src,../repos/FreeCAD/src/Gui/PreferencePages/DlgSettingsViewColor.cpp,"(32, 1)-(32, 29)",b'using namespace Gui::Dialog;'
src,../repos/FreeCAD/src/Gui/PreferencePages/DlgSettingsMacroImp.cpp,"(32, 1)-(32, 29)",b'using namespace Gui::Dialog;'
src,../repos/FreeCAD/src/Gui/PreferencePages/DlgSettingsTheme.cpp,"(35, 1)-(35, 29)",b'using namespace Gui::Dialog;'
src,../repos/FreeCAD/src/Gui/DlgExpressionInput.cpp,"(40, 1)-(40, 21)",b'using namespace App;'
src,../repos/FreeCAD/src/Gui/DlgExpressionInput.cpp,"(41, 1)-(41, 29)",b'using namespace Gui::Dialog;'
src,../repos/FreeCAD/src/Gui/ViewProvider.cpp,"(61, 1)-(61, 21)",b'using namespace std;'
src,../repos/FreeCAD/src/Gui/ViewProvider.cpp,"(62, 1)-(62, 21)",b'using namespace Gui;'
src,../repos/FreeCAD/src/zipios++/inflateinputstreambuf.h,"(15, 1)-(15, 20)",b'using std::vector ;'
src,../repos/FreeCAD/src/zipios++/zipinputstream.cpp,"(12, 1)-(12, 20)",b'using std::istream;'
src,../repos/FreeCAD/src/zipios++/fcollexceptions.cpp,"(10, 1)-(10, 18)",b'using std::cerr ;'
src,../repos/FreeCAD/src/zipios++/fcollexceptions.cpp,"(11, 1)-(11, 18)",b'using std::endl ;'
src,../repos/FreeCAD/src/zipios++/filepath.cpp,"(13, 1)-(13, 22)",b'using namespace std ;'
src,../repos/FreeCAD/src/zipios++/virtualseeker.h,"(11, 1)-(11, 18)",b'using std::ios  ;'
src,../repos/FreeCAD/src/zipios++/virtualseeker.h,"(12, 1)-(12, 18)",b'using std::cerr ;'
src,../repos/FreeCAD/src/zipios++/virtualseeker.h,"(13, 1)-(13, 18)",b'using std::endl ;'
src,../repos/FreeCAD/src/zipios++/filterinputstreambuf.h,"(10, 1)-(10, 23)",b'using std::streambuf ;'
src,../repos/FreeCAD/src/zipios++/zipinputstreambuf.cpp,"(14, 1)-(14, 17)",b'using std::ios ;'
src,../repos/FreeCAD/src/zipios++/zipinputstreambuf.cpp,"(15, 1)-(15, 18)",b'using std::cerr ;'
src,../repos/FreeCAD/src/zipios++/zipinputstreambuf.cpp,"(16, 1)-(16, 18)",b'using std::endl ;'
src,../repos/FreeCAD/src/zipios++/zipios_common.h,"(10, 1)-(10, 19)",b'using std::vector;'
src,../repos/FreeCAD/src/zipios++/fcoll.cpp,"(12, 1)-(12, 21)",b'using std::find_if ;'
src,../repos/FreeCAD/src/zipios++/collcoll.h,"(13, 1)-(13, 20)",b'using std::string ;'
src,../repos/FreeCAD/src/zipios++/inflateinputstreambuf.cpp,"(15, 1)-(15, 18)",b'using std::cerr ;'
src,../repos/FreeCAD/src/zipios++/inflateinputstreambuf.cpp,"(16, 1)-(16, 18)",b'using std::endl ;'
src,../repos/FreeCAD/src/zipios++/filepath.h,"(11, 1)-(11, 25)",b'using namespace std    ;'
src,../repos/FreeCAD/src/zipios++/zipoutputstreambuf.cpp,"(15, 1)-(15, 17)",b'using std::ios ;'
src,../repos/FreeCAD/src/zipios++/zipoutputstreambuf.cpp,"(16, 1)-(16, 18)",b'using std::cerr ;'
src,../repos/FreeCAD/src/zipios++/zipoutputstreambuf.cpp,"(17, 1)-(17, 18)",b'using std::endl ;'
src,../repos/FreeCAD/src/zipios++/zipoutputstreambuf.cpp,"(18, 1)-(18, 17)",b'using std::min ;'
src,../repos/FreeCAD/src/zipios++/zipoutputstreambuf.cpp,"(19, 1)-(19, 20)",b'using std::vector ;'
src,../repos/FreeCAD/src/zipios++/fcoll.h,"(14, 1)-(14, 19)",b'using std::vector;'
src,../repos/FreeCAD/src/zipios++/gzipoutputstream.cpp,"(9, 1)-(9, 20)",b'using std::ostream;'
src,../repos/FreeCAD/src/zipios++/deflateoutputstreambuf.h,"(17, 1)-(17, 20)",b'using std::vector ;'
src,../repos/FreeCAD/src/zipios++/zipfile.h,"(15, 1)-(15, 22)",b'using std::ifstream ;'
src,../repos/FreeCAD/src/zipios++/collcoll.cpp,"(11, 1)-(11, 22)",b'using std::ifstream ;'
src,../repos/FreeCAD/src/zipios++/fileentry.h,"(15, 1)-(15, 20)",b'using std::vector ;'
src,../repos/FreeCAD/src/zipios++/fileentry.h,"(16, 1)-(16, 21)",b'using std::ostream ;'
src,../repos/FreeCAD/src/zipios++/fileentry.h,"(17, 1)-(17, 21)",b'using std::istream ;'
src,../repos/FreeCAD/src/zipios++/fileentry.h,"(18, 1)-(18, 20)",b'using std::string ;'
src,../repos/FreeCAD/src/zipios++/zipoutputstream.cpp,"(12, 1)-(12, 20)",b'using std::ostream;'
src,../repos/FreeCAD/src/zipios++/fcollexceptions.h,"(11, 1)-(11, 20)",b'using std::string ;'
src,../repos/FreeCAD/src/zipios++/fcollexceptions.h,"(12, 1)-(12, 23)",b'using std::exception ;'
src,../repos/FreeCAD/src/zipios++/deflateoutputstreambuf.cpp,"(15, 1)-(15, 18)",b'using std::cerr ;'
src,../repos/FreeCAD/src/zipios++/deflateoutputstreambuf.cpp,"(16, 1)-(16, 18)",b'using std::endl ;'
src,../repos/FreeCAD/src/zipios++/ziphead.cpp,"(18, 1)-(18, 17)",b'using std::ios ;'
src,../repos/FreeCAD/src/zipios++/zipinputstream.h,"(14, 1)-(14, 22)",b'using std::ifstream ;'
src,../repos/FreeCAD/src/zipios++/backbuffer.h,"(19, 1)-(19, 17)",b'using std::ios ;'
src,../repos/FreeCAD/src/zipios++/backbuffer.h,"(20, 1)-(20, 18)",b'using std::cerr ;'
src,../repos/FreeCAD/src/zipios++/backbuffer.h,"(21, 1)-(21, 18)",b'using std::endl ;'
src,../repos/FreeCAD/src/zipios++/gzipoutputstreambuf.cpp,"(15, 1)-(15, 17)",b'using std::ios ;'
src,../repos/FreeCAD/src/zipios++/gzipoutputstreambuf.cpp,"(16, 1)-(16, 18)",b'using std::cerr ;'
src,../repos/FreeCAD/src/zipios++/gzipoutputstreambuf.cpp,"(17, 1)-(17, 18)",b'using std::endl ;'
src,../repos/FreeCAD/src/zipios++/filteroutputstreambuf.h,"(10, 1)-(10, 23)",b'using std::streambuf ;'
src,../repos/FreeCAD/src/zipios++/ziphead.h,"(15, 1)-(15, 23)",b'using std::streampos ;'
