Repo name,File name,Location,Content
src,../repos/FreeCAD/src/Main/MainGui.cpp,"(45, 10)-(45, 15)",b'#include <map>\n'
src,../repos/FreeCAD/src/App/PropertyLinks.h,"(27, 10)-(27, 16)",b'#include <list>\n'
src,../repos/FreeCAD/src/App/PropertyLinks.h,"(28, 10)-(28, 15)",b'#include <map>\n'
src,../repos/FreeCAD/src/App/PropertyLinks.h,"(30, 10)-(30, 18)",b'#include <vector>\n'
src,../repos/FreeCAD/src/App/PropertyExpressionEngine.h,"(32, 10)-(32, 15)",b'#include <set>\n'
src,../repos/FreeCAD/src/App/PropertyStandard.h,"(27, 10)-(27, 16)",b'#include <list>\n'
src,../repos/FreeCAD/src/App/PropertyStandard.h,"(30, 10)-(30, 18)",b'#include <vector>\n'
src,../repos/FreeCAD/src/App/MappedName.cpp,"(26, 11)-(26, 26)",b'# include <unordered_set>\n'
src,../repos/FreeCAD/src/App/ObjectIdentifier.h,"(28, 10)-(28, 15)",b'#include <map>\n'
src,../repos/FreeCAD/src/App/ObjectIdentifier.h,"(29, 10)-(29, 15)",b'#include <set>\n'
src,../repos/FreeCAD/src/App/ObjectIdentifier.h,"(31, 10)-(31, 18)",b'#include <vector>\n'
src,../repos/FreeCAD/src/App/StringHasher.cpp,"(27, 10)-(27, 17)",b'#include <deque>\n'
src,../repos/FreeCAD/src/App/ElementMap.cpp,"(3, 10)-(3, 25)",b'#include <unordered_map>\n'
src,../repos/FreeCAD/src/App/Expression.cpp,"(38, 10)-(38, 17)",b'#include <stack>\n'
src,../repos/FreeCAD/src/App/private/DocumentP.h,"(36, 10)-(36, 25)",b'#include <unordered_map>\n'
src,../repos/FreeCAD/src/App/private/DocumentP.h,"(37, 10)-(37, 25)",b'#include <unordered_set>\n'
src,../repos/FreeCAD/src/App/DocumentObject.h,"(35, 10)-(35, 25)",b'#include <unordered_map>\n'
src,../repos/FreeCAD/src/App/ProgramOptionsUtilities.h,"(28, 10)-(28, 17)",b'#include <array>\n'
src,../repos/FreeCAD/src/App/PropertyContainer.h,"(27, 10)-(27, 15)",b'#include <map>\n'
src,../repos/FreeCAD/src/App/DocumentObject.cpp,"(27, 10)-(27, 17)",b'#include <stack>\n'
src,../repos/FreeCAD/src/App/Link.h,"(26, 10)-(26, 25)",b'#include <unordered_set>\n'
src,../repos/FreeCAD/src/App/Application.h,"(29, 10)-(29, 17)",b'#include <deque>\n'
src,../repos/FreeCAD/src/App/Application.h,"(30, 10)-(30, 18)",b'#include <vector>\n'
src,../repos/FreeCAD/src/App/Metadata.h,"(30, 10)-(30, 15)",b'#include <map>\n'
src,../repos/FreeCAD/src/App/Metadata.h,"(33, 10)-(33, 18)",b'#include <vector>\n'
src,../repos/FreeCAD/src/App/IndexedName.cpp,"(30, 11)-(30, 26)",b'# include <unordered_set>\n'
src,../repos/FreeCAD/src/App/GroupExtension.h,"(30, 10)-(30, 18)",b'#include <vector>\n'
src,../repos/FreeCAD/src/App/Enumeration.h,"(29, 10)-(29, 18)",b'#include <vector>\n'
src,../repos/FreeCAD/src/App/GeoFeatureGroupExtension.h,"(28, 10)-(28, 25)",b'#include <unordered_set>\n'
src,../repos/FreeCAD/src/App/Transactions.h,"(28, 10)-(28, 25)",b'#include <unordered_map>\n'
src,../repos/FreeCAD/src/App/PreCompiled.h,"(75, 10)-(75, 16)",b'#include <list>\n'
src,../repos/FreeCAD/src/App/PreCompiled.h,"(76, 10)-(76, 15)",b'#include <map>\n'
src,../repos/FreeCAD/src/App/PreCompiled.h,"(78, 10)-(78, 17)",b'#include <queue>\n'
src,../repos/FreeCAD/src/App/PreCompiled.h,"(80, 10)-(80, 15)",b'#include <set>\n'
src,../repos/FreeCAD/src/App/PreCompiled.h,"(81, 10)-(81, 17)",b'#include <stack>\n'
src,../repos/FreeCAD/src/App/PreCompiled.h,"(84, 10)-(84, 25)",b'#include <unordered_map>\n'
src,../repos/FreeCAD/src/App/PreCompiled.h,"(85, 10)-(85, 25)",b'#include <unordered_set>\n'
src,../repos/FreeCAD/src/App/PreCompiled.h,"(86, 10)-(86, 18)",b'#include <vector>\n'
src,../repos/FreeCAD/src/App/Expression.h,"(26, 10)-(26, 17)",b'#include <deque>\n'
src,../repos/FreeCAD/src/App/Expression.h,"(27, 10)-(27, 15)",b'#include <set>\n'
src,../repos/FreeCAD/src/App/DocumentObserverPython.h,"(31, 10)-(31, 18)",b'#include <vector>\n'
src,../repos/FreeCAD/src/App/DynamicProperty.h,"(27, 10)-(27, 15)",b'#include <map>\n'
src,../repos/FreeCAD/src/App/DynamicProperty.h,"(29, 10)-(29, 18)",b'#include <vector>\n'
src,../repos/FreeCAD/src/App/License.h,"(26, 10)-(26, 17)",b'#include <array>\n'
src,../repos/FreeCAD/src/App/Document.cpp,"(62, 11)-(62, 18)",b'# include <stack>\n'
src,../repos/FreeCAD/src/App/Document.cpp,"(79, 10)-(79, 25)",b'#include <unordered_map>\n'
src,../repos/FreeCAD/src/App/Document.cpp,"(80, 10)-(80, 25)",b'#include <unordered_set>\n'
src,../repos/FreeCAD/src/App/ColorModel.h,"(31, 10)-(31, 17)",b'#include <deque>\n'
src,../repos/FreeCAD/src/App/ColorModel.h,"(33, 10)-(33, 18)",b'#include <vector>\n'
src,../repos/FreeCAD/src/App/IndexedName.h,"(32, 10)-(32, 18)",b'#include <vector>\n'
src,../repos/FreeCAD/src/App/DocumentObserver.h,"(30, 10)-(30, 15)",b'#include <set>\n'
src,../repos/FreeCAD/src/App/MergeDocuments.cpp,"(25, 11)-(25, 18)",b'# include <stack>\n'
src,../repos/FreeCAD/src/App/Document.h,"(36, 10)-(36, 15)",b'#include <map>\n'
src,../repos/FreeCAD/src/App/Document.h,"(37, 10)-(37, 18)",b'#include <vector>\n'
src,../repos/FreeCAD/src/App/ElementMap.h,"(36, 10)-(36, 17)",b'#include <deque>\n'
src,../repos/FreeCAD/src/App/ElementMap.h,"(38, 10)-(38, 15)",b'#include <map>\n'
src,../repos/FreeCAD/src/Base/Type.h,"(30, 10)-(30, 15)",b'#include <map>\n'
src,../repos/FreeCAD/src/Base/Type.h,"(31, 10)-(31, 15)",b'#include <set>\n'
src,../repos/FreeCAD/src/Base/Type.h,"(32, 10)-(32, 18)",b'#include <vector>\n'
src,../repos/FreeCAD/src/Base/Observer.h,"(30, 10)-(30, 15)",b'#include <set>\n'
src,../repos/FreeCAD/src/Base/BindingManager.cpp,"(26, 10)-(26, 25)",b'#include <unordered_map>\n'
src,../repos/FreeCAD/src/Base/Base64.h,"(34, 10)-(34, 17)",b'#include <array>\n'
src,../repos/FreeCAD/src/Base/Base64.h,"(37, 10)-(37, 18)",b'#include <vector>\n'
src,../repos/FreeCAD/src/Base/Tools2D.cpp,"(27, 10)-(27, 17)",b'#include <array>\n'
src,../repos/FreeCAD/src/Base/Tools2D.cpp,"(29, 10)-(29, 15)",b'#include <set>\n'
src,../repos/FreeCAD/src/Base/BoundBox.h,"(27, 10)-(27, 17)",b'#include <array>\n'
src,../repos/FreeCAD/src/Base/Quantity.cpp,"(28, 10)-(28, 17)",b'#include <array>\n'
src,../repos/FreeCAD/src/Base/Tools2D.h,"(30, 10)-(30, 16)",b'#include <list>\n'
src,../repos/FreeCAD/src/Base/Tools2D.h,"(31, 10)-(31, 18)",b'#include <vector>\n'
src,../repos/FreeCAD/src/Base/PyWrapParseTupleAndKeywords.h,"(28, 10)-(28, 17)",b'#include <array>\n'
src,../repos/FreeCAD/src/Base/Factory.h,"(28, 10)-(28, 16)",b'#include <list>\n'
src,../repos/FreeCAD/src/Base/Factory.h,"(29, 10)-(29, 15)",b'#include <map>\n'
src,../repos/FreeCAD/src/Base/Translate.h,"(31, 10)-(31, 16)",b'#include <list>\n'
src,../repos/FreeCAD/src/Base/Console.h,"(28, 10)-(28, 17)",b'#include <array>\n'
src,../repos/FreeCAD/src/Base/Console.h,"(30, 10)-(30, 15)",b'#include <map>\n'
src,../repos/FreeCAD/src/Base/Console.h,"(31, 10)-(31, 15)",b'#include <set>\n'
src,../repos/FreeCAD/src/Base/Stream.h,"(34, 10)-(34, 18)",b'#include <vector>\n'
src,../repos/FreeCAD/src/Base/FileInfo.h,"(30, 10)-(30, 18)",b'#include <vector>\n'
src,../repos/FreeCAD/src/Base/Matrix.h,"(28, 10)-(28, 17)",b'#include <array>\n'
src,../repos/FreeCAD/src/Base/Rotation.cpp,"(25, 10)-(25, 17)",b'#include <array>\n'
src,../repos/FreeCAD/src/Base/Tools3D.h,"(32, 10)-(32, 16)",b'#include <list>\n'
src,../repos/FreeCAD/src/Base/Tools3D.h,"(33, 10)-(33, 18)",b'#include <vector>\n'
src,../repos/FreeCAD/src/Base/Tools.h,"(34, 10)-(34, 18)",b'#include <vector>\n'
src,../repos/FreeCAD/src/Base/Factory.cpp,"(28, 10)-(28, 16)",b'#include <list>\n'
src,../repos/FreeCAD/src/Base/Reader.h,"(27, 10)-(27, 15)",b'#include <map>\n'
src,../repos/FreeCAD/src/Base/Builder3D.h,"(30, 10)-(30, 18)",b'#include <vector>\n'
src,../repos/FreeCAD/src/Base/ParameterPy.cpp,"(31, 10)-(31, 16)",b'#include <list>\n'
src,../repos/FreeCAD/src/Base/PreCompiled.h,"(68, 10)-(68, 16)",b'#include <list>\n'
src,../repos/FreeCAD/src/Base/PreCompiled.h,"(69, 10)-(69, 15)",b'#include <map>\n'
src,../repos/FreeCAD/src/Base/PreCompiled.h,"(70, 10)-(70, 25)",b'#include <unordered_map>\n'
src,../repos/FreeCAD/src/Base/PreCompiled.h,"(71, 10)-(71, 18)",b'#include <vector>\n'
src,../repos/FreeCAD/src/Base/PreCompiled.h,"(72, 10)-(72, 15)",b'#include <set>\n'
src,../repos/FreeCAD/src/Base/PreCompiled.h,"(73, 10)-(73, 17)",b'#include <stack>\n'
src,../repos/FreeCAD/src/Base/PreCompiled.h,"(74, 10)-(74, 17)",b'#include <queue>\n'
src,../repos/FreeCAD/src/Base/Writer.h,"(27, 10)-(27, 15)",b'#include <set>\n'
src,../repos/FreeCAD/src/Base/Writer.h,"(30, 10)-(30, 18)",b'#include <vector>\n'
src,../repos/FreeCAD/src/Base/Parameter.h,"(52, 10)-(52, 15)",b'#include <map>\n'
src,../repos/FreeCAD/src/Base/Parameter.h,"(53, 10)-(53, 18)",b'#include <vector>\n'
src,../repos/FreeCAD/src/Base/Interpreter.h,"(45, 10)-(45, 16)",b'#include <list>\n'
src,../repos/FreeCAD/src/Base/Tools3D.cpp,"(28, 10)-(28, 15)",b'#include <set>\n'
src,../repos/FreeCAD/src/Gui/DlgDisplayPropertiesImp.h,"(28, 10)-(28, 18)",b'#include <vector>\n'
src,../repos/FreeCAD/src/Gui/SoFCColorBar.h,"(27, 10)-(27, 18)",b'#include <vector>\n'
src,../repos/FreeCAD/src/Gui/PythonWrapper.cpp,"(26, 11)-(26, 26)",b'# include <unordered_map>\n'
src,../repos/FreeCAD/src/Gui/PythonWrapper.cpp,"(27, 11)-(27, 17)",b'# include <list>\n'
src,../repos/FreeCAD/src/Gui/SoFCBackgroundGradient.cpp,"(26, 10)-(26, 17)",b'#include <array>\n'
src,../repos/FreeCAD/src/Gui/PythonDebugger.h,"(28, 10)-(28, 15)",b'#include <set>\n'
src,../repos/FreeCAD/src/Gui/DocumentModel.h,"(28, 10)-(28, 18)",b'#include <vector>\n'
src,../repos/FreeCAD/src/Gui/MDIViewPyWrap.cpp,"(25, 11)-(25, 26)",b'# include <unordered_map>\n'
src,../repos/FreeCAD/src/Gui/Selection.h,"(27, 10)-(27, 17)",b'#include <deque>\n'
src,../repos/FreeCAD/src/Gui/Selection.h,"(28, 10)-(28, 16)",b'#include <list>\n'
src,../repos/FreeCAD/src/Gui/Selection.h,"(30, 10)-(30, 18)",b'#include <vector>\n'
src,../repos/FreeCAD/src/Gui/DlgMaterialPropertiesImp.h,"(29, 10)-(29, 18)",b'#include <vector>\n'
src,../repos/FreeCAD/src/Gui/View3DViewerPy.h,"(27, 10)-(27, 16)",b'#include <list>\n'
src,../repos/FreeCAD/src/Gui/MouseSelection.h,"(27, 10)-(27, 18)",b'#include <vector>\n'
src,../repos/FreeCAD/src/Gui/SoFCSelectionContext.h,"(27, 10)-(27, 15)",b'#include <map>\n'
src,../repos/FreeCAD/src/Gui/SoFCSelectionContext.h,"(29, 10)-(29, 15)",b'#include <set>\n'
src,../repos/FreeCAD/src/Gui/SoFCSelectionContext.h,"(30, 10)-(30, 18)",b'#include <vector>\n'
src,../repos/FreeCAD/src/Gui/ParamHandler.h,"(25, 10)-(25, 15)",b'#include <map>\n'
src,../repos/FreeCAD/src/Gui/DlgAddProperty.h,"(26, 10)-(26, 25)",b'#include <unordered_set>\n'
src,../repos/FreeCAD/src/Gui/MainWindowPy.cpp,"(26, 11)-(26, 17)",b'# include <list>\n'
src,../repos/FreeCAD/src/Gui/WidgetFactory.h,"(27, 10)-(27, 18)",b'#include <vector>\n'
src,../repos/FreeCAD/src/Gui/GLBuffer.h,"(28, 10)-(28, 15)",b'#include <map>\n'
src,../repos/FreeCAD/src/Gui/WorkbenchManager.h,"(27, 10)-(27, 16)",b'#include <list>\n'
src,../repos/FreeCAD/src/Gui/WorkbenchManager.h,"(28, 10)-(28, 15)",b'#include <map>\n'
src,../repos/FreeCAD/src/Gui/AutoSaver.h,"(29, 10)-(29, 15)",b'#include <map>\n'
src,../repos/FreeCAD/src/Gui/AutoSaver.h,"(30, 10)-(30, 15)",b'#include <set>\n'
src,../repos/FreeCAD/src/Gui/MergeDocuments.h,"(28, 10)-(28, 15)",b'#include <map>\n'
src,../repos/FreeCAD/src/Gui/MergeDocuments.h,"(29, 10)-(29, 18)",b'#include <vector>\n'
src,../repos/FreeCAD/src/Gui/SoFCSelectionAction.h,"(30, 10)-(30, 18)",b'#include <vector>\n'
src,../repos/FreeCAD/src/Gui/Transform.h,"(27, 10)-(27, 15)",b'#include <set>\n'
src,../repos/FreeCAD/src/Gui/TaskView/TaskWatcher.h,"(27, 10)-(27, 18)",b'#include <vector>\n'
src,../repos/FreeCAD/src/Gui/TaskView/TaskDialog.h,"(28, 10)-(28, 18)",b'#include <vector>\n'
src,../repos/FreeCAD/src/Gui/TaskView/TaskImage.cpp,"(30, 11)-(30, 16)",b'# include <map>\n'
src,../repos/FreeCAD/src/Gui/TaskView/TaskView.h,"(27, 10)-(27, 18)",b'#include <vector>\n'
src,../repos/FreeCAD/src/Gui/TaskView/TaskImage.h,"(33, 10)-(33, 18)",b'#include <vector>\n'
src,../repos/FreeCAD/src/Gui/TaskView/TaskOrientation.cpp,"(27, 11)-(27, 16)",b'# include <map>\n'
src,../repos/FreeCAD/src/Gui/OverlayManager.cpp,"(47, 10)-(47, 17)",b'#include <array>\n'
src,../repos/FreeCAD/src/Gui/OverlayManager.cpp,"(48, 10)-(48, 25)",b'#include <unordered_map>\n'
src,../repos/FreeCAD/src/Gui/DockWindowManager.cpp,"(26, 11)-(26, 18)",b'# include <array>\n'
src,../repos/FreeCAD/src/Gui/Application.h,"(28, 10)-(28, 15)",b'#include <map>\n'
src,../repos/FreeCAD/src/Gui/SoFCUnifiedSelection.h,"(26, 10)-(26, 16)",b'#include <list>\n'
src,../repos/FreeCAD/src/Gui/SoFCUnifiedSelection.h,"(27, 10)-(27, 25)",b'#include <unordered_map>\n'
src,../repos/FreeCAD/src/Gui/SoFCUnifiedSelection.h,"(28, 10)-(28, 25)",b'#include <unordered_set>\n'
src,../repos/FreeCAD/src/Gui/DAGView/DAGModel.h,"(27, 10)-(27, 18)",b'#include <vector>\n'
src,../repos/FreeCAD/src/Gui/GestureNavigationStyle.h,"(28, 10)-(28, 17)",b'#include <queue>\n'
src,../repos/FreeCAD/src/Gui/GuiApplicationNativeEventAware.h,"(27, 10)-(27, 18)",b'#include <vector>\n'
src,../repos/FreeCAD/src/Gui/SoFCColorGradient.h,"(26, 10)-(26, 18)",b'#include <vector>\n'
src,../repos/FreeCAD/src/Gui/propertyeditor/PropertyItem.h,"(32, 10)-(32, 18)",b'#include <vector>\n'
src,../repos/FreeCAD/src/Gui/propertyeditor/PropertyEditor.h,"(27, 10)-(27, 25)",b'#include <unordered_set>\n'
src,../repos/FreeCAD/src/Gui/propertyeditor/PropertyModel.h,"(29, 10)-(29, 15)",b'#include <map>\n'
src,../repos/FreeCAD/src/Gui/propertyeditor/PropertyModel.h,"(30, 10)-(30, 25)",b'#include <unordered_map>\n'
src,../repos/FreeCAD/src/Gui/propertyeditor/PropertyModel.h,"(31, 10)-(31, 18)",b'#include <vector>\n'
src,../repos/FreeCAD/src/Gui/Workbench.h,"(27, 10)-(27, 16)",b'#include <list>\n'
src,../repos/FreeCAD/src/Gui/View3DInventorViewer.h,"(27, 10)-(27, 16)",b'#include <list>\n'
src,../repos/FreeCAD/src/Gui/View3DInventorViewer.h,"(28, 10)-(28, 15)",b'#include <map>\n'
src,../repos/FreeCAD/src/Gui/View3DInventorViewer.h,"(30, 10)-(30, 15)",b'#include <set>\n'
src,../repos/FreeCAD/src/Gui/View3DInventorViewer.h,"(31, 10)-(31, 18)",b'#include <vector>\n'
src,../repos/FreeCAD/src/Gui/Control.h,"(31, 10)-(31, 17)",b'#include <stack>\n'
src,../repos/FreeCAD/src/Gui/ViewProviderBuilder.h,"(26, 10)-(26, 15)",b'#include <map>\n'
src,../repos/FreeCAD/src/Gui/ViewProviderBuilder.h,"(27, 10)-(27, 18)",b'#include <vector>\n'
src,../repos/FreeCAD/src/Gui/PreCompiled.h,"(68, 10)-(68, 18)",b'#include <vector>\n'
src,../repos/FreeCAD/src/Gui/PreCompiled.h,"(69, 10)-(69, 15)",b'#include <map>\n'
src,../repos/FreeCAD/src/Gui/PreCompiled.h,"(71, 10)-(71, 16)",b'#include <list>\n'
src,../repos/FreeCAD/src/Gui/PreCompiled.h,"(72, 10)-(72, 15)",b'#include <set>\n'
src,../repos/FreeCAD/src/Gui/PreCompiled.h,"(74, 10)-(74, 17)",b'#include <stack>\n'
src,../repos/FreeCAD/src/Gui/PreCompiled.h,"(75, 10)-(75, 17)",b'#include <queue>\n'
src,../repos/FreeCAD/src/Gui/PreCompiled.h,"(78, 10)-(78, 25)",b'#include <unordered_set>\n'
src,../repos/FreeCAD/src/Gui/PreCompiled.h,"(79, 10)-(79, 25)",b'#include <unordered_map>\n'
src,../repos/FreeCAD/src/Gui/WorkbenchManipulator.h,"(29, 10)-(29, 15)",b'#include <set>\n'
src,../repos/FreeCAD/src/Gui/WorkbenchManipulator.h,"(30, 10)-(30, 15)",b'#include <map>\n'
src,../repos/FreeCAD/src/Gui/DocumentObserverPython.h,"(31, 10)-(31, 18)",b'#include <vector>\n'
src,../repos/FreeCAD/src/Gui/Tree.h,"(27, 10)-(27, 25)",b'#include <unordered_map>\n'
src,../repos/FreeCAD/src/Gui/OverlayWidgets.cpp,"(50, 10)-(50, 17)",b'#include <array>\n'
src,../repos/FreeCAD/src/Gui/OverlayWidgets.cpp,"(51, 10)-(51, 25)",b'#include <unordered_map>\n'
src,../repos/FreeCAD/src/Gui/View3DInventorSelection.h,"(26, 10)-(26, 15)",b'#include <map>\n'
src,../repos/FreeCAD/src/Gui/ShortcutManager.h,"(26, 10)-(26, 25)",b'#include <unordered_map>\n'
src,../repos/FreeCAD/src/Gui/Command.h,"(27, 10)-(27, 16)",b'#include <list>\n'
src,../repos/FreeCAD/src/Gui/Command.h,"(28, 10)-(28, 15)",b'#include <map>\n'
src,../repos/FreeCAD/src/Gui/Command.h,"(30, 10)-(30, 18)",b'#include <vector>\n'
src,../repos/FreeCAD/src/Gui/Inventor/MarkerBitmaps.cpp,"(27, 11)-(27, 19)",b'# include <vector>\n'
src,../repos/FreeCAD/src/Gui/Inventor/MarkerBitmaps.h,"(26, 10)-(26, 16)",b'#include <list>\n'
src,../repos/FreeCAD/src/Gui/Inventor/MarkerBitmaps.h,"(27, 10)-(27, 15)",b'#include <map>\n'
src,../repos/FreeCAD/src/Gui/SplitView3DInventor.h,"(30, 10)-(30, 18)",b'#include <vector>\n'
src,../repos/FreeCAD/src/Gui/Utilities.h,"(26, 10)-(26, 18)",b'#include <vector>\n'
src,../repos/FreeCAD/src/Gui/WorkbenchFactory.h,"(27, 10)-(27, 16)",b'#include <list>\n'
src,../repos/FreeCAD/src/Gui/ActiveObjectList.h,"(28, 10)-(28, 15)",b'#include <map>\n'
src,../repos/FreeCAD/src/Gui/Language/Translator.h,"(27, 10)-(27, 16)",b'#include <list>\n'
src,../repos/FreeCAD/src/Gui/Language/Translator.h,"(28, 10)-(28, 15)",b'#include <map>\n'
src,../repos/FreeCAD/src/Gui/PreferencePackManager.h,"(26, 10)-(26, 18)",b'#include <vector>\n'
src,../repos/FreeCAD/src/Gui/OverlayParams.cpp,"(32, 10)-(32, 25)",b'#include <unordered_map>\n'
src,../repos/FreeCAD/src/Gui/MergeDocuments.cpp,"(25, 11)-(25, 18)",b'# include <stack>\n'
src,../repos/FreeCAD/src/Gui/ViewProvider.h,"(27, 10)-(27, 15)",b'#include <map>\n'
src,../repos/FreeCAD/src/Gui/ViewProvider.h,"(29, 10)-(29, 18)",b'#include <vector>\n'
src,../repos/FreeCAD/src/Gui/Document.h,"(26, 10)-(26, 16)",b'#include <list>\n'
src,../repos/FreeCAD/src/Gui/Document.h,"(27, 10)-(27, 15)",b'#include <map>\n'
src,../repos/FreeCAD/src/Gui/SoFCDB.h,"(27, 10)-(27, 15)",b'#include <map>\n'
src,../repos/FreeCAD/src/Gui/NotificationArea.h,"(29, 10)-(29, 15)",b'#include <map>\n'
src,../repos/FreeCAD/src/Gui/TreeParams.cpp,"(32, 10)-(32, 25)",b'#include <unordered_map>\n'
src,../repos/FreeCAD/src/Gui/PreferencePages/DlgSettingsCacheDirectory.cpp,"(35, 11)-(35, 19)",b'# include <vector>\n'
src,../repos/FreeCAD/src/Gui/3Dconnexion/GuiNativeEventLinuxX11.h,"(27, 10)-(27, 18)",b'#include <vector>\n'
src,../repos/FreeCAD/src/Gui/3Dconnexion/GuiNativeEventWin32.cpp,"(58, 10)-(58, 15)",b'#include <map>\n'
src,../repos/FreeCAD/src/Gui/3Dconnexion/GuiAbstractNativeEvent.h,"(27, 10)-(27, 18)",b'#include <vector>\n'
src,../repos/FreeCAD/src/Gui/3Dconnexion/GuiNativeEventWin32.h,"(30, 10)-(30, 15)",b'#include <map>\n'
src,../repos/FreeCAD/src/CXX/Python3/cxx_exceptions.cxx,"(7, 10)-(7, 15)",b'#include <map>\n'
src,../repos/FreeCAD/src/CXX/Python3/Extensions.hxx,"(56, 10)-(56, 18)",b'#include <vector>\n'
src,../repos/FreeCAD/src/CXX/Python3/Extensions.hxx,"(57, 10)-(57, 15)",b'#include <map>\n'
src,../repos/FreeCAD/src/CXX/Python3/PythonType.hxx,"(42, 10)-(42, 25)",b'#include <unordered_map>\n'
src,../repos/FreeCAD/src/CXX/Python2/Extensions.hxx,"(56, 10)-(56, 18)",b'#include <vector>\n'
src,../repos/FreeCAD/src/CXX/Python2/Extensions.hxx,"(57, 10)-(57, 15)",b'#include <map>\n'
src,../repos/FreeCAD/src/zipios++/inflateinputstreambuf.h,"(7, 10)-(7, 18)",b'#include <vector>\n'
src,../repos/FreeCAD/src/zipios++/gzipoutputstreambuf.h,"(6, 10)-(6, 18)",b'#include <vector>\n'
src,../repos/FreeCAD/src/zipios++/zipios_common.h,"(6, 10)-(6, 18)",b'#include <vector>\n'
src,../repos/FreeCAD/src/zipios++/fcoll.cpp,"(6, 10)-(6, 18)",b'#include <vector>\n'
src,../repos/FreeCAD/src/zipios++/collcoll.h,"(7, 10)-(7, 18)",b'#include <vector>\n'
src,../repos/FreeCAD/src/zipios++/zipoutputstreambuf.cpp,"(5, 10)-(5, 18)",b'#include <vector>\n'
src,../repos/FreeCAD/src/zipios++/fcoll.h,"(6, 10)-(6, 18)",b'#include <vector>\n'
src,../repos/FreeCAD/src/zipios++/deflateoutputstreambuf.h,"(7, 10)-(7, 18)",b'#include <vector>\n'
src,../repos/FreeCAD/src/zipios++/zipfile.h,"(6, 10)-(6, 18)",b'#include <vector>\n'
src,../repos/FreeCAD/src/zipios++/zipheadio.h,"(8, 10)-(8, 18)",b'#include <vector>\n'
src,../repos/FreeCAD/src/zipios++/fileentry.h,"(7, 10)-(7, 18)",b'#include <vector>\n'
src,../repos/FreeCAD/src/zipios++/zipoutputstreambuf.h,"(6, 10)-(6, 18)",b'#include <vector>\n'
src,../repos/FreeCAD/src/zipios++/backbuffer.h,"(9, 10)-(9, 18)",b'#include <vector>\n'
src,../repos/FreeCAD/src/zipios++/zipinputstreambuf.h,"(6, 10)-(6, 18)",b'#include <vector>\n'
src,../repos/FreeCAD/src/zipios++/ziphead.h,"(8, 10)-(8, 18)",b'#include <vector>\n'
