Repo name,File name,Location,Content
src,../repos/FreeCAD/src/App/Application.cpp,"(2973, 1)-(2978, 2)",b'template<class T>\nostream& operator<<(ostream...'
src,../repos/FreeCAD/src/App/PropertyLinks.h,"(256, 5)-(261, 6)",b'template<class T>\n    void getLinkedObjects(T...'
src,../repos/FreeCAD/src/App/PropertyLinks.h,"(603, 5)-(606, 6)",b'template <typename _type>\n    inline _type ge...'
src,../repos/FreeCAD/src/App/PropertyLinks.h,"(819, 5)-(822, 6)",b'template <typename _type>\n    inline _type ge...'
src,../repos/FreeCAD/src/App/PropertyExpressionEngine.cpp,"(511, 5)-(515, 6)","b'template <class Edge, class Graph>\n    void b...'"
src,../repos/FreeCAD/src/App/ComplexGeoData.h,"(48, 1)-(48, 45)",b'template <class _Precision> class BoundBox3;'
src,../repos/FreeCAD/src/App/ComplexGeoData.h,"(310, 5)-(323, 6)",b'template<typename Vec>\n    inline std::vector...'
src,../repos/FreeCAD/src/App/ComplexGeoData.h,"(332, 5)-(346, 6)",b'template<typename Vec>\n    std::vector<Base::...'
src,../repos/FreeCAD/src/App/ExtensionContainer.h,"(130, 5)-(133, 6)",b'template<typename ExtensionT>\n    ExtensionT*...'
src,../repos/FreeCAD/src/App/ExtensionContainer.h,"(137, 5)-(145, 6)",b'template<typename ExtensionT>\n    std::vector...'
src,../repos/FreeCAD/src/App/MaterialObject.cpp,"(45, 1)-(47, 2)",b'template<> const char* App::MaterialObjectPyt...'
src,../repos/FreeCAD/src/App/FeaturePython.cpp,"(609, 1)-(611, 2)",b'template<> const char* App::FeaturePython::ge...'
src,../repos/FreeCAD/src/App/FeaturePython.cpp,"(612, 1)-(618, 2)",b'template<> PyObject* App::FeaturePython::getP...'
src,../repos/FreeCAD/src/App/FeaturePython.cpp,"(627, 1)-(629, 2)",b'template<> const char* App::GeometryPython::g...'
src,../repos/FreeCAD/src/App/ObjectIdentifier.h,"(43, 1)-(46, 2)",b'template<class T>\ninline const T &any_cast(co...'
src,../repos/FreeCAD/src/App/ObjectIdentifier.h,"(48, 1)-(51, 2)",b'template<class T>\ninline T &any_cast(boost::a...'
src,../repos/FreeCAD/src/App/ObjectIdentifier.h,"(299, 5)-(300, 99)",b'template<typename C>\n    void addComponents(c...'
src,../repos/FreeCAD/src/App/ObjectIdentifier.h,"(517, 1)-(524, 3)",b'template<>\nstruct hash<App::ObjectIdentifier>...'
src,../repos/FreeCAD/src/App/PropertyLinks.cpp,"(1379, 1)-(1400, 2)","b'template<class Func, class... Args >\nstd::vec...'"
src,../repos/FreeCAD/src/App/Expression.cpp,"(132, 1)-(142, 2)","b'template<typename T>\nvoid copy_vector(T &dst,...'"
src,../repos/FreeCAD/src/App/Expression.cpp,"(159, 1)-(166, 2)",b'template<class T>\nstatic inline const T &cast...'
src,../repos/FreeCAD/src/App/Expression.cpp,"(168, 1)-(175, 2)",b'template<class T>\nstatic inline T &cast(App::...'
src,../repos/FreeCAD/src/App/Expression.cpp,"(177, 1)-(184, 2)",b'template<class T>\nstatic inline T &&cast(App:...'
src,../repos/FreeCAD/src/App/Expression.cpp,"(300, 1)-(305, 2)",b'template<class T>\nstatic inline bool essentia...'
src,../repos/FreeCAD/src/App/Expression.cpp,"(307, 1)-(310, 2)",b'template<class T>\ninline bool essentiallyZero...'
src,../repos/FreeCAD/src/App/Expression.cpp,"(312, 1)-(315, 2)",b'template<>\ninline bool essentiallyZero(double...'
src,../repos/FreeCAD/src/App/Expression.cpp,"(317, 1)-(320, 2)",b'template<>\ninline bool essentiallyZero(float ...'
src,../repos/FreeCAD/src/App/Expression.cpp,"(322, 1)-(327, 2)",b'template<class T>\nstatic inline bool definite...'
src,../repos/FreeCAD/src/App/Expression.cpp,"(329, 1)-(334, 2)",b'template<class T>\nstatic inline bool definite...'
src,../repos/FreeCAD/src/App/ExtensionPython.h,"(37, 1)-(55, 3)",b'template <class ExtensionT>\nclass ExtensionPy...'
src,../repos/FreeCAD/src/App/DocumentObjectGroup.cpp,"(58, 1)-(60, 2)",b'template<> const char* App::DocumentObjectGro...'
src,../repos/FreeCAD/src/App/DocumentObjectGroup.cpp,"(61, 1)-(67, 2)",b'template<> PyObject* App::DocumentObjectGroup...'
src,../repos/FreeCAD/src/App/ExpressionVisitors.h,"(35, 1)-(54, 3)",b'template<class P> class RenameObjectIdentifie...'
src,../repos/FreeCAD/src/App/ExpressionVisitors.h,"(56, 1)-(71, 3)",b'template<class P> class UpdateElementReferenc...'
src,../repos/FreeCAD/src/App/ExpressionVisitors.h,"(93, 1)-(107, 3)",b'template<class P> class MoveCellsExpressionVi...'
src,../repos/FreeCAD/src/App/ExpressionVisitors.h,"(109, 1)-(122, 3)",b'template<class P> class OffsetCellsExpression...'
src,../repos/FreeCAD/src/App/Color.h,"(91, 5)-(94, 6)",b'template <typename T>\n    static uint32_t asP...'
src,../repos/FreeCAD/src/App/Color.h,"(96, 5)-(99, 6)",b'template <typename T>\n    static T fromPacked...'
src,../repos/FreeCAD/src/App/Color.h,"(101, 5)-(104, 6)",b'template <typename T>\n    static uint32_t asP...'
src,../repos/FreeCAD/src/App/Color.h,"(106, 5)-(109, 6)",b'template <typename T>\n    static T fromPacked...'
src,../repos/FreeCAD/src/App/Color.h,"(113, 5)-(116, 6)",b'template <typename T>\n    void setValue(const...'
src,../repos/FreeCAD/src/App/Color.h,"(121, 5)-(124, 6)",b'template <typename T>\n    inline T asValue() ...'
src,../repos/FreeCAD/src/App/GroupExtension.h,"(140, 1)-(161, 3)",b'template<typename ExtensionT>\nclass GroupExte...'
src,../repos/FreeCAD/src/App/FeatureCustom.h,"(44, 1)-(94, 3)",b'template <class FeatureT>\nclass FeatureCustom...'
src,../repos/FreeCAD/src/App/Link.cpp,"(2261, 1)-(2263, 2)",b'template<> const char* App::LinkPython::getVi...'
src,../repos/FreeCAD/src/App/Link.cpp,"(2288, 1)-(2290, 2)",b'template<> const char* App::LinkElementPython...'
src,../repos/FreeCAD/src/App/Link.cpp,"(2307, 1)-(2309, 2)",b'template<> const char* App::LinkGroupPython::...'
src,../repos/FreeCAD/src/App/FeaturePython.h,"(167, 1)-(361, 3)",b'template <class FeatureT>\nclass FeaturePython...'
src,../repos/FreeCAD/src/App/Transactions.h,"(175, 1)-(193, 3)",b'template <class CLASS>\nclass TransactionProdu...'
src,../repos/FreeCAD/src/App/Expression.h,"(82, 1)-(108, 3)",b'template<class P> class ExpressionModifier : ...'
src,../repos/FreeCAD/src/App/Property.h,"(337, 1)-(416, 3)",b'template<class P> class AtomicPropertyChangeI...'
src,../repos/FreeCAD/src/App/Property.h,"(475, 1)-(581, 3)","b'template<class T, class ListT = std::vector<T...'"
src,../repos/FreeCAD/src/App/FeaturePythonPyImp.h,"(84, 1)-(105, 3)",b'template <class FeaturePyT>\nclass FeaturePyth...'
src,../repos/FreeCAD/src/App/DocumentObserver.h,"(363, 5)-(367, 6)",b'template<typename T>\n    inline T* get() cons...'
src,../repos/FreeCAD/src/App/DocumentObserver.h,"(385, 1)-(455, 3)",b'template <class T>\nclass WeakPtrT\n{\npublic:\n ...'
src,../repos/FreeCAD/src/App/Placement.cpp,"(49, 1)-(51, 2)",b'template<> const char* App::PlacementPython::...'
src,../repos/FreeCAD/src/App/Document.h,"(322, 5)-(322, 74)",b'template<typename T> inline std::vector<T*> g...'
src,../repos/FreeCAD/src/App/Document.h,"(605, 1)-(614, 2)",b'template<typename T>\ninline std::vector<T*> D...'
src,../repos/FreeCAD/src/Base/Vector3D.h,"(58, 1)-(61, 3)",b'template<class numT>\nstruct float_traits\n{\n};'
src,../repos/FreeCAD/src/Base/Vector3D.h,"(63, 1)-(79, 3)",b'template<>\nstruct float_traits<float>\n{\n    u...'
src,../repos/FreeCAD/src/Base/Vector3D.h,"(81, 1)-(97, 3)",b'template<>\nstruct float_traits<double>\n{\n    ...'
src,../repos/FreeCAD/src/Base/Vector3D.h,"(100, 1)-(252, 3)",b'template<class float_type>\nclass Vector3\n{\npu...'
src,../repos/FreeCAD/src/Base/Vector3D.h,"(257, 1)-(264, 2)",b'template<class float_type>\ninline float_type ...'
src,../repos/FreeCAD/src/Base/Vector3D.h,"(267, 1)-(274, 2)",b'template<class float_type>\ninline float_type ...'
src,../repos/FreeCAD/src/Base/Vector3D.h,"(277, 1)-(281, 2)",b'template<class float_type>\ninline Vector3<flo...'
src,../repos/FreeCAD/src/Base/Vector3D.h,"(283, 1)-(287, 2)","b'template<class Pr1, class Pr2>\ninline Vector3...'"
src,../repos/FreeCAD/src/Base/Observer.h,"(38, 1)-(39, 15)",b'template<class MessageType>\nclass Subject;'
src,../repos/FreeCAD/src/Base/Observer.h,"(105, 1)-(237, 3)",b'template<class MsgType>\nclass Subject\n{\npubli...'
src,../repos/FreeCAD/src/Base/Writer.cpp,"(53, 5)-(75, 6)",b'template<typename Device>\n    inline bool put...'
src,../repos/FreeCAD/src/Base/Base64.h,"(125, 1)-(133, 2)",b'template<typename T>\ninline std::size_t base6...'
src,../repos/FreeCAD/src/Base/Base64.h,"(142, 1)-(146, 2)",b'template<typename T>\ninline std::size_t base6...'
src,../repos/FreeCAD/src/Base/BoundBox.h,"(40, 1)-(270, 3)",b'template<class Precision>\nclass BoundBox3\n{\n ...'
src,../repos/FreeCAD/src/Base/BoundBox.h,"(273, 1)-(278, 2)",b'template<class Precision>\nbool BoundBox3<Prec...'
src,../repos/FreeCAD/src/Base/BoundBox.h,"(280, 1)-(285, 2)",b'template<class Precision>\nbool BoundBox3<Prec...'
src,../repos/FreeCAD/src/Base/BoundBox.h,"(288, 1)-(301, 3)",b'template<class Precision>\ninline BoundBox3<Pr...'
src,../repos/FreeCAD/src/Base/BoundBox.h,"(304, 1)-(323, 2)",b'template<class Precision>\ninline BoundBox3<Pr...'
src,../repos/FreeCAD/src/Base/BoundBox.h,"(325, 1)-(333, 3)",b'template<class Precision>\ninline BoundBox3<Pr...'
src,../repos/FreeCAD/src/Base/BoundBox.h,"(335, 1)-(336, 53)",b'template<class Precision>\ninline BoundBox3<Pr...'
src,../repos/FreeCAD/src/Base/BoundBox.h,"(338, 1)-(351, 2)",b'template<class Precision>\ninline bool BoundBo...'
src,../repos/FreeCAD/src/Base/BoundBox.h,"(353, 1)-(357, 2)",b'template<class Precision>\nbool BoundBox3<Prec...'
src,../repos/FreeCAD/src/Base/BoundBox.h,"(359, 1)-(369, 2)",b'template<class Precision>\ninline bool BoundBo...'
src,../repos/FreeCAD/src/Base/BoundBox.h,"(371, 1)-(375, 2)",b'template<class Precision>\ninline bool BoundBo...'
src,../repos/FreeCAD/src/Base/BoundBox.h,"(377, 1)-(391, 2)",b'template<class Precision>\ninline BoundBox3<Pr...'
src,../repos/FreeCAD/src/Base/BoundBox.h,"(393, 1)-(406, 2)",b'template<class Precision>\ninline BoundBox3<Pr...'
src,../repos/FreeCAD/src/Base/BoundBox.h,"(408, 1)-(417, 2)",b'template<class Precision>\ninline void BoundBo...'
src,../repos/FreeCAD/src/Base/BoundBox.h,"(419, 1)-(428, 2)",b'template<class Precision>\ninline void BoundBo...'
src,../repos/FreeCAD/src/Base/BoundBox.h,"(430, 1)-(443, 2)",b'template<class Precision>\ninline bool BoundBo...'
src,../repos/FreeCAD/src/Base/BoundBox.h,"(445, 1)-(458, 2)",b'template<class Precision>\ninline bool BoundBo...'
src,../repos/FreeCAD/src/Base/BoundBox.h,"(460, 1)-(470, 2)",b'template<class Precision>\ninline bool BoundBo...'
src,../repos/FreeCAD/src/Base/BoundBox.h,"(472, 1)-(476, 2)",b'template<class Precision>\ninline bool BoundBo...'
src,../repos/FreeCAD/src/Base/BoundBox.h,"(478, 1)-(498, 2)",b'template<class Precision>\ninline bool BoundBo...'
src,../repos/FreeCAD/src/Base/BoundBox.h,"(500, 1)-(556, 2)",b'template<class Precision>\ninline BoundBox3<Pr...'
src,../repos/FreeCAD/src/Base/BoundBox.h,"(558, 1)-(581, 2)",b'template<class Precision>\ninline Vector3<Prec...'
src,../repos/FreeCAD/src/Base/BoundBox.h,"(584, 1)-(623, 2)",b'template<class Precision>\ninline void BoundBo...'
src,../repos/FreeCAD/src/Base/BoundBox.h,"(625, 1)-(684, 2)",b'template<class Precision>\ninline bool BoundBo...'
src,../repos/FreeCAD/src/Base/BoundBox.h,"(686, 1)-(719, 2)",b'template<class Precision>\ninline bool BoundBo...'
src,../repos/FreeCAD/src/Base/BoundBox.h,"(721, 1)-(775, 2)",b'template<class Precision>\ninline bool BoundBo...'
src,../repos/FreeCAD/src/Base/BoundBox.h,"(777, 1)-(791, 2)",b'template<class Precision>\ninline bool BoundBo...'
src,../repos/FreeCAD/src/Base/BoundBox.h,"(794, 1)-(854, 2)",b'template<class Precision>\ninline bool BoundBo...'
src,../repos/FreeCAD/src/Base/BoundBox.h,"(857, 1)-(878, 2)",b'template<class Precision>\ninline bool BoundBo...'
src,../repos/FreeCAD/src/Base/BoundBox.h,"(880, 1)-(887, 2)",b'template<class Precision>\ninline typename Bou...'
src,../repos/FreeCAD/src/Base/BoundBox.h,"(889, 1)-(946, 2)",b'template<class Precision>\ninline typename Bou...'
src,../repos/FreeCAD/src/Base/BoundBox.h,"(948, 1)-(979, 2)",b'template<class Precision>\ninline Vector3<Prec...'
src,../repos/FreeCAD/src/Base/BoundBox.h,"(981, 1)-(994, 2)",b'template<class Precision>\ninline BoundBox2d B...'
src,../repos/FreeCAD/src/Base/BoundBox.h,"(996, 1)-(1005, 2)",b'template<class Precision>\ninline BoundBox3<Pr...'
src,../repos/FreeCAD/src/Base/BoundBox.h,"(1007, 1)-(1011, 2)",b'template<class Precision>\ninline Vector3<Prec...'
src,../repos/FreeCAD/src/Base/BoundBox.h,"(1013, 1)-(1017, 2)",b'template<class Precision>\ninline Vector3<Prec...'
src,../repos/FreeCAD/src/Base/BoundBox.h,"(1019, 1)-(1023, 2)",b'template<class Precision>\ninline Vector3<Prec...'
src,../repos/FreeCAD/src/Base/BoundBox.h,"(1025, 1)-(1031, 2)",b'template<class Precision>\ninline Precision Bo...'
src,../repos/FreeCAD/src/Base/BoundBox.h,"(1033, 1)-(1038, 2)",b'template<class Precision>\ninline void BoundBo...'
src,../repos/FreeCAD/src/Base/BoundBox.h,"(1040, 1)-(1049, 2)",b'template<class Precision>\ninline void BoundBo...'
src,../repos/FreeCAD/src/Base/BoundBox.h,"(1051, 1)-(1060, 2)",b'template<class Precision>\ninline void BoundBo...'
src,../repos/FreeCAD/src/Base/BoundBox.h,"(1062, 1)-(1066, 2)",b'template<class Precision>\ninline Precision Bo...'
src,../repos/FreeCAD/src/Base/BoundBox.h,"(1068, 1)-(1072, 2)",b'template<class Precision>\ninline Precision Bo...'
src,../repos/FreeCAD/src/Base/BoundBox.h,"(1074, 1)-(1078, 2)",b'template<class Precision>\ninline Precision Bo...'
src,../repos/FreeCAD/src/Base/BoundBox.h,"(1080, 1)-(1087, 2)",b'template<class Precision>\ninline Precision Bo...'
src,../repos/FreeCAD/src/Base/BoundBox.h,"(1089, 1)-(1094, 2)",b'template<class Precision>\ninline void BoundBo...'
src,../repos/FreeCAD/src/Base/BoundBox.h,"(1096, 1)-(1101, 2)",b'template<class Precision>\ninline void BoundBo...'
src,../repos/FreeCAD/src/Base/BoundBox.h,"(1103, 1)-(1108, 2)",b'template<class Precision>\ninline void BoundBo...'
src,../repos/FreeCAD/src/Base/BoundBox.h,"(1110, 1)-(1115, 2)",b'template<class Precision>\ninline void BoundBo...'
src,../repos/FreeCAD/src/Base/BoundBox.h,"(1117, 1)-(1122, 2)",b'template<class Precision>\ninline void BoundBo...'
src,../repos/FreeCAD/src/Base/BoundBox.h,"(1124, 1)-(1129, 2)",b'template<class Precision>\ninline void BoundBo...'
src,../repos/FreeCAD/src/Base/PyExport.h,"(113, 1)-(251, 3)",b'template<class HandledType>\nclass PyHandle  /...'
src,../repos/FreeCAD/src/Base/PyWrapParseTupleAndKeywords.h,"(39, 1)-(68, 2)",b'template<size_t arraySize>\nbool Wrapped_Parse...'
src,../repos/FreeCAD/src/Base/Console.h,"(723, 5)-(724, 59)",b'template<typename... Args>\n    inline void Me...'
src,../repos/FreeCAD/src/Base/Console.h,"(726, 5)-(727, 59)",b'template<typename... Args>\n    inline void Wa...'
src,../repos/FreeCAD/src/Base/Console.h,"(729, 5)-(730, 57)",b'template<typename... Args>\n    inline void Er...'
src,../repos/FreeCAD/src/Base/Console.h,"(732, 5)-(733, 55)",b'template<typename... Args>\n    inline void Lo...'
src,../repos/FreeCAD/src/Base/Console.h,"(735, 5)-(736, 60)",b'template<typename... Args>\n    inline void Cr...'
src,../repos/FreeCAD/src/Base/Console.h,"(738, 5)-(739, 68)",b'template<typename... Args>\n    inline void Us...'
src,../repos/FreeCAD/src/Base/Console.h,"(741, 5)-(742, 78)",b'template<typename... Args>\n    inline void Us...'
src,../repos/FreeCAD/src/Base/Console.h,"(746, 5)-(747, 88)",b'template<typename... Args>\n    inline void Me...'
src,../repos/FreeCAD/src/Base/Console.h,"(749, 5)-(750, 88)",b'template<typename... Args>\n    inline void Wa...'
src,../repos/FreeCAD/src/Base/Console.h,"(751, 5)-(752, 97)",b'template<typename... Args>\n    inline void De...'
src,../repos/FreeCAD/src/Base/Console.h,"(753, 5)-(754, 92)",b'template<typename... Args>\n    inline void Us...'
src,../repos/FreeCAD/src/Base/Console.h,"(755, 5)-(757, 90)",b'template<typename... Args>\n    inline void\n  ...'
src,../repos/FreeCAD/src/Base/Console.h,"(759, 5)-(760, 86)",b'template<typename... Args>\n    inline void Er...'
src,../repos/FreeCAD/src/Base/Console.h,"(761, 5)-(762, 95)",b'template<typename... Args>\n    inline void De...'
src,../repos/FreeCAD/src/Base/Console.h,"(763, 5)-(764, 90)",b'template<typename... Args>\n    inline void Us...'
src,../repos/FreeCAD/src/Base/Console.h,"(765, 5)-(766, 100)",b'template<typename... Args>\n    inline void Tr...'
src,../repos/FreeCAD/src/Base/Console.h,"(768, 5)-(769, 84)",b'template<typename... Args>\n    inline void Lo...'
src,../repos/FreeCAD/src/Base/Console.h,"(771, 5)-(772, 89)",b'template<typename... Args>\n    inline void Cr...'
src,../repos/FreeCAD/src/Base/Console.h,"(774, 5)-(775, 97)",b'template<typename... Args>\n    inline void Us...'
src,../repos/FreeCAD/src/Base/Console.h,"(777, 5)-(779, 95)",b'template<typename... Args>\n    inline void\n  ...'
src,../repos/FreeCAD/src/Base/Console.h,"(782, 5)-(785, 81)","b'template<Base::LogStyle,\n             Base::I...'"
src,../repos/FreeCAD/src/Base/Console.h,"(1008, 1)-(1012, 2)",b'template<typename... Args>\ninline void Base::...'
src,../repos/FreeCAD/src/Base/Console.h,"(1014, 1)-(1019, 2)",b'template<typename... Args>\ninline void\nBase::...'
src,../repos/FreeCAD/src/Base/Console.h,"(1021, 1)-(1025, 2)",b'template<typename... Args>\ninline void Base::...'
src,../repos/FreeCAD/src/Base/Console.h,"(1027, 1)-(1032, 2)",b'template<typename... Args>\ninline void\nBase::...'
src,../repos/FreeCAD/src/Base/Console.h,"(1034, 1)-(1042, 2)",b'template<typename... Args>\ninline void Base::...'
src,../repos/FreeCAD/src/Base/Console.h,"(1044, 1)-(1052, 2)",b'template<typename... Args>\ninline void\nBase::...'
src,../repos/FreeCAD/src/Base/Console.h,"(1054, 1)-(1063, 2)",b'template<typename... Args>\ninline void Base::...'
src,../repos/FreeCAD/src/Base/Console.h,"(1065, 1)-(1069, 2)",b'template<typename... Args>\ninline void Base::...'
src,../repos/FreeCAD/src/Base/Console.h,"(1071, 1)-(1076, 2)",b'template<typename... Args>\ninline void\nBase::...'
src,../repos/FreeCAD/src/Base/Console.h,"(1078, 1)-(1086, 2)",b'template<typename... Args>\ninline void Base::...'
src,../repos/FreeCAD/src/Base/Console.h,"(1088, 1)-(1096, 2)",b'template<typename... Args>\ninline void\nBase::...'
src,../repos/FreeCAD/src/Base/Console.h,"(1098, 1)-(1107, 2)",b'template<typename... Args>\ninline void Base::...'
src,../repos/FreeCAD/src/Base/Console.h,"(1109, 1)-(1113, 2)",b'template<typename... Args>\ninline void Base::...'
src,../repos/FreeCAD/src/Base/Console.h,"(1115, 1)-(1120, 2)",b'template<typename... Args>\ninline void\nBase::...'
src,../repos/FreeCAD/src/Base/Console.h,"(1122, 1)-(1126, 2)",b'template<typename... Args>\ninline void Base::...'
src,../repos/FreeCAD/src/Base/Console.h,"(1128, 1)-(1136, 2)",b'template<typename... Args>\ninline void Base::...'
src,../repos/FreeCAD/src/Base/Console.h,"(1138, 1)-(1142, 2)",b'template<typename... Args>\ninline void Base::...'
src,../repos/FreeCAD/src/Base/Console.h,"(1144, 1)-(1152, 2)",b'template<typename... Args>\ninline void Base::...'
src,../repos/FreeCAD/src/Base/Console.h,"(1154, 1)-(1158, 2)",b'template<typename... Args>\ninline void Base::...'
src,../repos/FreeCAD/src/Base/Console.h,"(1160, 1)-(1165, 2)",b'template<typename... Args>\ninline void\nBase::...'
src,../repos/FreeCAD/src/Base/Console.h,"(1167, 1)-(1185, 2)","b'template<Base::LogStyle category,\n         Ba...'"
src,../repos/FreeCAD/src/Base/Console.h,"(1187, 1)-(1193, 2)","b'template<Base::LogStyle category,\n         Ba...'"
src,../repos/FreeCAD/src/Base/ExceptionFactory.h,"(69, 1)-(85, 3)",b'template<class CLASS>\nclass ExceptionProducer...'
src,../repos/FreeCAD/src/Base/Vector3D.cpp,"(35, 1)-(40, 3)",b'template<class float_type>\nVector3<float_type...'
src,../repos/FreeCAD/src/Base/Vector3D.cpp,"(42, 1)-(54, 2)",b'template<class float_type>\nfloat_type& Vector...'
src,../repos/FreeCAD/src/Base/Vector3D.cpp,"(56, 1)-(68, 2)",b'template<class float_type>\nconst float_type& ...'
src,../repos/FreeCAD/src/Base/Vector3D.cpp,"(70, 1)-(78, 2)",b'template<class float_type>\nVector3<float_type...'
src,../repos/FreeCAD/src/Base/Vector3D.cpp,"(80, 1)-(88, 2)",b'template<class float_type>\nVector3<float_type...'
src,../repos/FreeCAD/src/Base/Vector3D.cpp,"(90, 1)-(98, 2)",b'template<class float_type>\nVector3<float_type...'
src,../repos/FreeCAD/src/Base/Vector3D.cpp,"(100, 1)-(104, 2)",b'template<class float_type>\nVector3<float_type...'
src,../repos/FreeCAD/src/Base/Vector3D.cpp,"(106, 1)-(113, 2)",b'template<class float_type>\nVector3<float_type...'
src,../repos/FreeCAD/src/Base/Vector3D.cpp,"(115, 1)-(122, 2)",b'template<class float_type>\nVector3<float_type...'
src,../repos/FreeCAD/src/Base/Vector3D.cpp,"(124, 1)-(131, 2)",b'template<class float_type>\nVector3<float_type...'
src,../repos/FreeCAD/src/Base/Vector3D.cpp,"(133, 1)-(140, 2)",b'template<class float_type>\nVector3<float_type...'
src,../repos/FreeCAD/src/Base/Vector3D.cpp,"(142, 1)-(146, 2)",b'template<class float_type>\nVector3<float_type...'
src,../repos/FreeCAD/src/Base/Vector3D.cpp,"(148, 1)-(152, 2)",b'template<class float_type>\nVector3<float_type...'
src,../repos/FreeCAD/src/Base/Vector3D.cpp,"(154, 1)-(158, 2)",b'template<class float_type>\nfloat_type Vector3...'
src,../repos/FreeCAD/src/Base/Vector3D.cpp,"(160, 1)-(164, 2)",b'template<class float_type>\nfloat_type Vector3...'
src,../repos/FreeCAD/src/Base/Vector3D.cpp,"(166, 1)-(174, 2)",b'template<class float_type>\nVector3<float_type...'
src,../repos/FreeCAD/src/Base/Vector3D.cpp,"(176, 1)-(184, 2)",b'template<class float_type>\nVector3<float_type...'
src,../repos/FreeCAD/src/Base/Vector3D.cpp,"(186, 1)-(208, 2)",b'template<class float_type>\nbool Vector3<float...'
src,../repos/FreeCAD/src/Base/Vector3D.cpp,"(210, 1)-(214, 2)",b'template<class float_type>\nbool Vector3<float...'
src,../repos/FreeCAD/src/Base/Vector3D.cpp,"(216, 1)-(222, 2)",b'template<class float_type>\nbool Vector3<float...'
src,../repos/FreeCAD/src/Base/Vector3D.cpp,"(224, 1)-(228, 2)",b'template<class float_type>\nbool Vector3<float...'
src,../repos/FreeCAD/src/Base/Vector3D.cpp,"(230, 1)-(238, 2)",b'template<class float_type>\nbool Vector3<float...'
src,../repos/FreeCAD/src/Base/Vector3D.cpp,"(240, 1)-(247, 2)",b'template<class float_type>\nbool Vector3<float...'
src,../repos/FreeCAD/src/Base/Vector3D.cpp,"(249, 1)-(256, 2)",b'template<class float_type>\nVector3<float_type...'
src,../repos/FreeCAD/src/Base/Vector3D.cpp,"(258, 1)-(265, 2)",b'template<class float_type>\nvoid Vector3<float...'
src,../repos/FreeCAD/src/Base/Vector3D.cpp,"(267, 1)-(272, 2)",b'template<class float_type>\nfloat_type Vector3...'
src,../repos/FreeCAD/src/Base/Vector3D.cpp,"(274, 1)-(278, 2)",b'template<class float_type>\nfloat_type Vector3...'
src,../repos/FreeCAD/src/Base/Vector3D.cpp,"(280, 1)-(287, 2)",b'template<class float_type>\nfloat_type Vector3...'
src,../repos/FreeCAD/src/Base/Vector3D.cpp,"(289, 1)-(304, 2)",b'template<class float_type>\nVector3<float_type...'
src,../repos/FreeCAD/src/Base/Vector3D.cpp,"(306, 1)-(311, 2)",b'template<class float_type>\nVector3<float_type...'
src,../repos/FreeCAD/src/Base/Vector3D.cpp,"(313, 1)-(319, 2)",b'template<class float_type>\nVector3<float_type...'
src,../repos/FreeCAD/src/Base/Vector3D.cpp,"(321, 1)-(325, 2)",b'template<class float_type>\nfloat_type Vector3...'
src,../repos/FreeCAD/src/Base/Vector3D.cpp,"(327, 1)-(333, 2)",b'template<class float_type>\nvoid Vector3<float...'
src,../repos/FreeCAD/src/Base/Vector3D.cpp,"(335, 1)-(339, 2)",b'template<class float_type>\nvoid Vector3<float...'
src,../repos/FreeCAD/src/Base/Vector3D.cpp,"(341, 1)-(345, 2)",b'template<class float_type>\nvoid Vector3<float...'
src,../repos/FreeCAD/src/Base/Vector3D.cpp,"(347, 1)-(351, 2)",b'template<class float_type>\nvoid Vector3<float...'
src,../repos/FreeCAD/src/Base/Vector3D.cpp,"(353, 1)-(359, 2)",b'template<class float_type>\nvoid Vector3<float...'
src,../repos/FreeCAD/src/Base/Vector3D.cpp,"(361, 1)-(365, 2)",b'template<class float_type>\nvoid Vector3<float...'
src,../repos/FreeCAD/src/Base/Vector3D.cpp,"(367, 1)-(371, 2)",b'template<class float_type>\nvoid Vector3<float...'
src,../repos/FreeCAD/src/Base/Vector3D.cpp,"(373, 1)-(377, 2)",b'template<class float_type>\nvoid Vector3<float...'
src,../repos/FreeCAD/src/Base/Vector3D.cpp,"(379, 1)-(385, 2)",b'template<class float_type>\nvoid Vector3<float...'
src,../repos/FreeCAD/src/Base/Vector3D.cpp,"(387, 1)-(396, 2)",b'template<class float_type>\nvoid Vector3<float...'
src,../repos/FreeCAD/src/Base/Vector3D.cpp,"(398, 1)-(407, 2)",b'template<class float_type>\nvoid Vector3<float...'
src,../repos/FreeCAD/src/Base/Vector3D.cpp,"(409, 1)-(418, 2)",b'template<class float_type>\nvoid Vector3<float...'
src,../repos/FreeCAD/src/Base/Vector3D.cpp,"(420, 1)-(430, 2)",b'template<class float_type>\nVector3<float_type...'
src,../repos/FreeCAD/src/Base/Vector3D.cpp,"(432, 1)-(437, 2)",b'template<class float_type>\nbool Vector3<float...'
src,../repos/FreeCAD/src/Base/Vector3D.cpp,"(439, 1)-(460, 2)",b'template<class float_type>\nfloat_type Vector3...'
src,../repos/FreeCAD/src/Base/Vector3D.cpp,"(462, 1)-(484, 2)",b'template<class float_type>\nvoid Vector3<float...'
src,../repos/FreeCAD/src/Base/ViewProj.cpp,"(116, 1)-(128, 2)",b'template<typename Vec>\nvoid perspectiveTransf...'
src,../repos/FreeCAD/src/Base/Tools3D.h,"(54, 1)-(101, 3)",b'template<class float_type>\nclass Line3\n{\npubl...'
src,../repos/FreeCAD/src/Base/Tools3D.h,"(108, 1)-(140, 3)",b'template<class float_type>\nclass Polygon3\n{\np...'
src,../repos/FreeCAD/src/Base/Tools.h,"(44, 1)-(58, 3)",b'template<class T>\nstruct iotaGen\n{\npublic:\n  ...'
src,../repos/FreeCAD/src/Base/Tools.h,"(62, 1)-(77, 3)",b'template<class T>\nclass manipulator\n{\n    T i...'
src,../repos/FreeCAD/src/Base/Tools.h,"(107, 1)-(111, 2)","b'template<class T>\ninline T clamp(T num, T low...'"
src,../repos/FreeCAD/src/Base/Tools.h,"(113, 1)-(121, 2)",b'template<class T>\ninline T sgn(T t)\n{\n    if ...'
src,../repos/FreeCAD/src/Base/Tools.h,"(127, 1)-(131, 2)",b'template<class T>\ninline T toRadians(T d)\n{\n ...'
src,../repos/FreeCAD/src/Base/Tools.h,"(133, 1)-(137, 2)",b'template<class T>\ninline T toDegrees(T r)\n{\n ...'
src,../repos/FreeCAD/src/Base/Tools.h,"(139, 1)-(144, 2)","b'template<class T>\ninline T fmod(T numerator, ...'"
src,../repos/FreeCAD/src/Base/Tools.h,"(172, 1)-(201, 3)",b'template<typename Flag = bool>\nstruct FlagTog...'
src,../repos/FreeCAD/src/Base/Tools.h,"(205, 1)-(225, 3)","b'template<typename Status, class Object>\nclass...'"
src,../repos/FreeCAD/src/Base/Tools.h,"(250, 1)-(270, 3)",b'template<typename T>\nclass BitsetLocker\n{\npub...'
src,../repos/FreeCAD/src/Base/Bitmask.h,"(50, 1)-(50, 48)",b'template<class T = void> struct enum_traits {};'
src,../repos/FreeCAD/src/Base/Bitmask.h,"(52, 1)-(64, 3)",b'template<> struct enum_traits<void> {\n    str...'
src,../repos/FreeCAD/src/Base/Bitmask.h,"(58, 5)-(60, 48)","b'template<class T, class R = T>\n    using t = ...'"
src,../repos/FreeCAD/src/Base/Bitmask.h,"(62, 5)-(63, 54)",b'template<class T>\n    using u = typename std:...'
src,../repos/FreeCAD/src/Base/Bitmask.h,"(66, 1)-(69, 2)",b'template<class T>\nconstexpr enum_traits<>::t<...'
src,../repos/FreeCAD/src/Base/Bitmask.h,"(70, 1)-(75, 2)",b'template<class T>\nconstexpr enum_traits<>::t<...'
src,../repos/FreeCAD/src/Base/Bitmask.h,"(76, 1)-(81, 2)",b'template<class T>\nconstexpr enum_traits<>::t<...'
src,../repos/FreeCAD/src/Base/Bitmask.h,"(82, 1)-(87, 2)",b'template<class T>\nconstexpr enum_traits<>::t<...'
src,../repos/FreeCAD/src/Base/Bitmask.h,"(88, 1)-(92, 2)",b'template<class T>\nconstexpr enum_traits<>::t<...'
src,../repos/FreeCAD/src/Base/Bitmask.h,"(93, 1)-(97, 2)",b'template<class T>\nconstexpr enum_traits<>::t<...'
src,../repos/FreeCAD/src/Base/Bitmask.h,"(98, 1)-(102, 2)",b'template<class T>\nconstexpr enum_traits<>::t<...'
src,../repos/FreeCAD/src/Base/Bitmask.h,"(110, 1)-(131, 3)",b'template <typename Enum>\nclass Flags {\n    st...'
src,../repos/FreeCAD/src/Base/Builder3D.cpp,"(208, 1)-(211, 3)",b'template<class type>\nstruct field_traits\n{\n};'
src,../repos/FreeCAD/src/Base/Builder3D.cpp,"(213, 1)-(222, 3)",b'template<>\nstruct field_traits<float>\n{\n    u...'
src,../repos/FreeCAD/src/Base/Builder3D.cpp,"(224, 1)-(233, 3)",b'template<>\nstruct field_traits<Vector3f>\n{\n  ...'
src,../repos/FreeCAD/src/Base/Builder3D.cpp,"(235, 1)-(244, 3)",b'template<>\nstruct field_traits<ColorRGB>\n{\n  ...'
src,../repos/FreeCAD/src/Base/Builder3D.cpp,"(253, 5)-(254, 99)",b'template<typename T>\n    void write(const cha...'
src,../repos/FreeCAD/src/Base/Builder3D.cpp,"(257, 1)-(280, 2)",b'template<typename T>\nvoid InventorFieldWriter...'
src,../repos/FreeCAD/src/Base/Builder3D.cpp,"(282, 1)-(311, 2)",b'template<>\nvoid InventorFieldWriter::write<in...'
src,../repos/FreeCAD/src/Base/Builder3D.cpp,"(1064, 1)-(1108, 2)",b'template<typename T>\nstd::vector<T> InventorL...'
src,../repos/FreeCAD/src/Base/Builder3D.h,"(826, 5)-(827, 48)",b'template<typename T>\n    std::vector<T> readD...'
src,../repos/FreeCAD/src/Base/Base64Filter.h,"(82, 5)-(98, 6)",b'template<typename Device>\n    void close(Devi...'
src,../repos/FreeCAD/src/Base/Base64Filter.h,"(100, 5)-(141, 6)",b'template<typename Device>\n    std::streamsize...'
src,../repos/FreeCAD/src/Base/Base64Filter.h,"(179, 5)-(238, 6)",b'template<typename Device>\n    std::streamsize...'
src,../repos/FreeCAD/src/Base/BaseClass.h,"(158, 5)-(162, 6)",b'template<typename T>\n    bool is() const\n    ...'
src,../repos/FreeCAD/src/Base/BaseClass.h,"(164, 5)-(168, 6)",b'template<typename T>\n    bool isDerivedFrom()...'
src,../repos/FreeCAD/src/Base/BaseClass.h,"(195, 1)-(203, 2)",b'template<typename T>\nT* freecad_dynamic_cast(...'
src,../repos/FreeCAD/src/Base/BaseClass.h,"(210, 1)-(218, 2)",b'template<typename T>\nconst T* freecad_dynamic...'
src,../repos/FreeCAD/src/Base/GeometryPyCXX.h,"(42, 1)-(55, 2)",b'template<typename T>\ninline Vector3<T> getVec...'
src,../repos/FreeCAD/src/Base/GeometryPyCXX.h,"(204, 1)-(278, 3)","b'template<class T, class PyT, T* (PyT::*valueP...'"
src,../repos/FreeCAD/src/Base/Handle.h,"(43, 1)-(164, 3)",b'template<class T>\nclass Reference\n{\npublic:\n ...'
src,../repos/FreeCAD/src/Base/Converter.h,"(35, 1)-(38, 3)",b'template<class vecT>\nstruct vec_traits\n{\n};'
src,../repos/FreeCAD/src/Base/Converter.h,"(40, 1)-(55, 3)",b'template<>\nstruct vec_traits<Vector3f>\n{\n    ...'
src,../repos/FreeCAD/src/Base/Converter.h,"(57, 1)-(72, 3)",b'template<>\nstruct vec_traits<Vector3d>\n{\n    ...'
src,../repos/FreeCAD/src/Base/Converter.h,"(74, 1)-(94, 3)",b'template<>\nstruct vec_traits<Rotation>\n{\n    ...'
src,../repos/FreeCAD/src/Base/Converter.h,"(97, 1)-(105, 2)","b'template<class Vec, typename float_type>\nVec ...'"
src,../repos/FreeCAD/src/Base/Converter.h,"(108, 1)-(117, 2)","b'template<class Vec, typename float_type>\nVec ...'"
src,../repos/FreeCAD/src/Base/Converter.h,"(119, 1)-(127, 2)","b'template<class Vec1, class Vec2>\ninline Vec1 ...'"
src,../repos/FreeCAD/src/Base/Tools3D.cpp,"(37, 1)-(41, 3)",b'template<typename float_type>\nLine3<float_typ...'
src,../repos/FreeCAD/src/Base/Tools3D.cpp,"(43, 1)-(47, 2)",b'template<typename float_type>\nbool Line3<floa...'
src,../repos/FreeCAD/src/Base/Tools3D.cpp,"(49, 1)-(53, 2)",b'template<typename float_type>\nfloat_type Line...'
src,../repos/FreeCAD/src/Base/Tools3D.cpp,"(55, 1)-(59, 2)",b'template<typename float_type>\nfloat_type Line...'
src,../repos/FreeCAD/src/Base/Tools3D.cpp,"(61, 1)-(68, 2)",b'template<typename float_type>\nBoundBox3<float...'
src,../repos/FreeCAD/src/Base/Tools3D.cpp,"(70, 1)-(74, 2)",b'template<typename float_type>\nVector3<float_t...'
src,../repos/FreeCAD/src/Base/Tools3D.cpp,"(76, 1)-(80, 2)",b'template<typename float_type>\nVector3<float_t...'
src,../repos/FreeCAD/src/Base/Tools3D.cpp,"(82, 1)-(87, 2)",b'template<typename float_type>\nvoid Line3<floa...'
src,../repos/FreeCAD/src/Base/Tools3D.cpp,"(89, 1)-(94, 2)",b'template<typename float_type>\nvoid Line3<floa...'
src,../repos/FreeCAD/src/Base/Tools3D.cpp,"(96, 1)-(101, 2)",b'template<typename float_type>\nvoid Line3<floa...'
src,../repos/FreeCAD/src/Base/Tools3D.cpp,"(103, 1)-(109, 2)",b'template<typename float_type>\nLine3<float_typ...'
src,../repos/FreeCAD/src/Base/Tools3D.cpp,"(111, 1)-(117, 2)",b'template<typename float_type>\nLine3<float_typ...'
src,../repos/FreeCAD/src/Base/Tools3D.cpp,"(119, 1)-(125, 2)",b'template<typename float_type>\nLine3<float_typ...'
src,../repos/FreeCAD/src/Base/Tools3D.cpp,"(127, 1)-(131, 2)",b'template<typename float_type>\nbool Line3<floa...'
src,../repos/FreeCAD/src/Base/Tools3D.cpp,"(133, 1)-(144, 2)",b'template<typename float_type>\nbool Line3<floa...'
src,../repos/FreeCAD/src/Base/Tools3D.cpp,"(146, 1)-(152, 2)",b'template<typename float_type>\nVector3<float_t...'
src,../repos/FreeCAD/src/Base/Tools3D.cpp,"(156, 1)-(160, 2)",b'template<typename float_type>\nsize_t Polygon3...'
src,../repos/FreeCAD/src/Base/Tools3D.cpp,"(162, 1)-(166, 2)",b'template<typename float_type>\nvoid Polygon3<f...'
src,../repos/FreeCAD/src/Base/Tools3D.cpp,"(168, 1)-(172, 2)",b'template<typename float_type>\nconst Vector3<f...'
src,../repos/FreeCAD/src/Base/Tools3D.cpp,"(174, 1)-(178, 2)",b'template<typename float_type>\nconst Vector3<f...'
src,../repos/FreeCAD/src/Base/Tools3D.cpp,"(180, 1)-(184, 2)",b'template<typename float_type>\nVector3<float_t...'
src,../repos/FreeCAD/src/Base/Tools3D.cpp,"(186, 1)-(190, 2)",b'template<typename float_type>\nVector3<float_t...'
src,../repos/FreeCAD/src/Base/Tools3D.cpp,"(192, 1)-(203, 2)",b'template<typename float_type>\nbool Polygon3<f...'
src,../repos/FreeCAD/src/Base/Tools3D.cpp,"(205, 1)-(209, 2)",b'template<typename float_type>\nvoid Polygon3<f...'
src,../repos/FreeCAD/src/Base/Tools3D.cpp,"(211, 1)-(219, 2)",b'template<typename float_type>\nBoundBox3<float...'
src,../repos/FreeCAD/src/Base/Tools3D.cpp,"(221, 1)-(227, 2)",b'template<typename float_type>\nvoid Polygon3<f...'
src,../repos/FreeCAD/src/Base/Tools3D.cpp,"(229, 1)-(235, 2)",b'template<typename float_type>\nvoid Polygon3<f...'
src,../repos/FreeCAD/src/Base/Tools3D.cpp,"(237, 1)-(243, 2)",b'template<typename float_type>\nvoid Polygon3<f...'
src,../repos/FreeCAD/src/Base/Tools3D.cpp,"(245, 1)-(251, 2)",b'template<typename float_type>\nPolygon3<float_...'
src,../repos/FreeCAD/src/Base/Tools3D.cpp,"(253, 1)-(259, 2)",b'template<typename float_type>\nPolygon3<float_...'
src,../repos/FreeCAD/src/Base/Tools3D.cpp,"(261, 1)-(267, 2)",b'template<typename float_type>\nPolygon3<float_...'
src,../repos/FreeCAD/src/Base/Swap.h,"(51, 1)-(61, 2)",b'template<class T>\nvoid SwapEndian(T& v)\n{\n   ...'
src,../repos/FreeCAD/src/Gui/PythonWrapper.cpp,"(247, 1)-(248, 44)",b'template<typename qttype>\nPyTypeObject *getPy...'
src,../repos/FreeCAD/src/Gui/PythonWrapper.cpp,"(357, 1)-(389, 2)",b'template<typename qttype>\nPy::Object qt_wrapI...'
src,../repos/FreeCAD/src/Gui/PythonWrapper.cpp,"(435, 1)-(452, 2)",b'template<typename qttype>\nPyTypeObject *getPy...'
src,../repos/FreeCAD/src/Gui/PythonWrapper.cpp,"(454, 1)-(471, 2)",b'template<typename qttype>\nqttype* qt_getCppTy...'
src,../repos/FreeCAD/src/Gui/Selection.h,"(419, 5)-(420, 101)",b'template<typename T> inline std::vector<T*> g...'
src,../repos/FreeCAD/src/Gui/Selection.h,"(730, 1)-(739, 2)",b'template<typename T>\ninline std::vector<T*> S...'
src,../repos/FreeCAD/src/Gui/ViewProviderExtensionPython.h,"(36, 1)-(54, 3)",b'template <class ExtensionT>\nclass ViewProvide...'
src,../repos/FreeCAD/src/Gui/Window.h,"(51, 5)-(52, 49)","b'template<typename S, typename T>\n    void set...'"
src,../repos/FreeCAD/src/Gui/Window.h,"(60, 1)-(68, 2)","b'template<typename S, typename T>\ninline void ...'"
src,../repos/FreeCAD/src/Gui/MDIView.h,"(129, 5)-(133, 6)",b'template<typename _T>\n    inline _T getActive...'
src,../repos/FreeCAD/src/Gui/ViewProviderVRMLObject.h,"(52, 5)-(52, 81)",b'template<typename T> void getResourceFile(SoN...'
src,../repos/FreeCAD/src/Gui/InputVector.h,"(112, 1)-(232, 3)",b'template <class Ui>\nclass LocationDialogUi : ...'
src,../repos/FreeCAD/src/Gui/InputVector.h,"(241, 1)-(350, 3)",b'template <class Ui>\nclass LocationUi : public...'
src,../repos/FreeCAD/src/Gui/InputVector.h,"(360, 1)-(394, 3)",b'template <class Ui>\nclass LocationDialogImp :...'
src,../repos/FreeCAD/src/Gui/InputVector.h,"(419, 1)-(534, 3)",b'template <class Ui>\nclass LocationImpUi : pub...'
src,../repos/FreeCAD/src/Gui/ParamHandler.h,"(74, 1)-(89, 3)",b'template<class Func>\nclass ParamHandlerT : pu...'
src,../repos/FreeCAD/src/Gui/ParamHandler.h,"(92, 1)-(110, 3)",b'template<class Func>\nclass ParamDelayedHandle...'
src,../repos/FreeCAD/src/Gui/ParamHandler.h,"(158, 5)-(163, 6)",b'template<class Func>\n    std::shared_ptr<Para...'
src,../repos/FreeCAD/src/Gui/ParamHandler.h,"(165, 5)-(170, 6)",b'template<class Func>\n    std::shared_ptr<Para...'
src,../repos/FreeCAD/src/Gui/ParamHandler.h,"(172, 5)-(181, 6)",b'template<class Func>\n    std::shared_ptr<Para...'
src,../repos/FreeCAD/src/Gui/ParamHandler.h,"(183, 5)-(191, 6)",b'template<class Func>\n    std::shared_ptr<Para...'
src,../repos/FreeCAD/src/Gui/ParamHandler.h,"(193, 5)-(206, 6)",b'template<class Func>\n    std::shared_ptr<Para...'
src,../repos/FreeCAD/src/Gui/ParamHandler.h,"(208, 5)-(220, 6)",b'template<class Func>\n    std::shared_ptr<Para...'
src,../repos/FreeCAD/src/Gui/Quarter/QuarterP.h,"(41, 1)-(41, 42)","b'template <class Key, class T> class QMap;'"
src,../repos/FreeCAD/src/Gui/Quarter/KeyboardP.h,"(41, 1)-(41, 42)","b'template <class Key, class T> class QMap;'"
src,../repos/FreeCAD/src/Gui/Quarter/QuarterWidgetP.h,"(53, 1)-(53, 42)","b'template <class Key, class T> class QMap;'"
src,../repos/FreeCAD/src/Gui/CommandT.h,"(67, 5)-(70, 6)","b'template<typename T, typename... Args>\n    st...'"
src,../repos/FreeCAD/src/Gui/CommandT.h,"(93, 1)-(101, 2)",b'template<typename T>\nvoid _cmdDocument(Gui::C...'
src,../repos/FreeCAD/src/Gui/CommandT.h,"(120, 1)-(128, 2)",b'template<typename T>\nvoid _cmdDocument(Gui::C...'
src,../repos/FreeCAD/src/Gui/CommandT.h,"(148, 1)-(151, 2)",b'template<typename T>\ninline void cmdAppDocume...'
src,../repos/FreeCAD/src/Gui/CommandT.h,"(171, 1)-(174, 2)",b'template<typename T>\ninline void cmdAppDocume...'
src,../repos/FreeCAD/src/Gui/CommandT.h,"(193, 1)-(196, 2)",b'template<typename T>\ninline void cmdGuiDocume...'
src,../repos/FreeCAD/src/Gui/CommandT.h,"(215, 1)-(218, 2)",b'template<typename T>\ninline void cmdGuiDocume...'
src,../repos/FreeCAD/src/Gui/CommandT.h,"(226, 1)-(229, 2)",b'template<typename T>\ninline void _cmdDocument...'
src,../repos/FreeCAD/src/Gui/CommandT.h,"(236, 1)-(239, 2)",b'template<typename T>\ninline void cmdAppDocume...'
src,../repos/FreeCAD/src/Gui/CommandT.h,"(255, 1)-(272, 2)",b'template<typename...Args>\nvoid cmdAppDocument...'
src,../repos/FreeCAD/src/Gui/CommandT.h,"(279, 1)-(282, 2)",b'template<typename T>\ninline void cmdGuiDocume...'
src,../repos/FreeCAD/src/Gui/CommandT.h,"(302, 1)-(311, 2)",b'template<typename T>\nvoid _cmdObject(Gui::Com...'
src,../repos/FreeCAD/src/Gui/CommandT.h,"(319, 1)-(322, 2)",b'template<typename T>\ninline void cmdAppObject...'
src,../repos/FreeCAD/src/Gui/CommandT.h,"(330, 1)-(333, 2)",b'template<typename T>\ninline void cmdGuiObject...'
src,../repos/FreeCAD/src/Gui/CommandT.h,"(378, 1)-(395, 2)",b'template<typename...Args>\nvoid cmdAppObjectAr...'
src,../repos/FreeCAD/src/Gui/CommandT.h,"(403, 1)-(420, 2)",b'template<typename...Args>\nvoid cmdGuiObjectAr...'
src,../repos/FreeCAD/src/Gui/CommandT.h,"(437, 1)-(452, 2)",b'template<typename...Args>\nvoid doCommandT(Gui...'
src,../repos/FreeCAD/src/Gui/CommandT.h,"(456, 1)-(460, 2)",b'template<typename...Args>\nvoid copyVisualT(Ar...'
src,../repos/FreeCAD/src/Gui/WidgetFactory.h,"(80, 1)-(102, 3)",b'template <class CLASS>\nclass WidgetProducer :...'
src,../repos/FreeCAD/src/Gui/WidgetFactory.h,"(111, 1)-(141, 3)",b'template <class CLASS>\nclass PrefPageProducer...'
src,../repos/FreeCAD/src/Gui/WidgetFactory.h,"(194, 1)-(224, 3)",b'template <class CLASS>\nclass CustomPageProduc...'
src,../repos/FreeCAD/src/Gui/PropertyPage.cpp,"(155, 1)-(161, 2)",b'template <typename PW>\nvoid PreferenceUiForm:...'
src,../repos/FreeCAD/src/Gui/PropertyPage.cpp,"(163, 1)-(169, 2)",b'template <typename PW>\nvoid PreferenceUiForm:...'
src,../repos/FreeCAD/src/Gui/ViewProviderPythonFeature.h,"(195, 1)-(623, 3)",b'template <class ViewProviderT>\nclass ViewProv...'
src,../repos/FreeCAD/src/Gui/Notifications.h,"(97, 1)-(100, 85)","b'template <Base::LogStyle, Base::IntendedRecip...'"
src,../repos/FreeCAD/src/Gui/Notifications.h,"(106, 1)-(107, 92)","b'template <typename TNotifier, typename TCapti...'"
src,../repos/FreeCAD/src/Gui/Notifications.h,"(109, 1)-(110, 96)","b'template <typename TNotifier, typename TCapti...'"
src,../repos/FreeCAD/src/Gui/Notifications.h,"(112, 1)-(113, 100)","b'template <typename TNotifier, typename TCapti...'"
src,../repos/FreeCAD/src/Gui/Notifications.h,"(119, 1)-(120, 90)","b'template <typename TNotifier, typename TCapti...'"
src,../repos/FreeCAD/src/Gui/Notifications.h,"(122, 1)-(123, 94)","b'template <typename TNotifier, typename TCapti...'"
src,../repos/FreeCAD/src/Gui/Notifications.h,"(125, 1)-(126, 98)","b'template <typename TNotifier, typename TCapti...'"
src,../repos/FreeCAD/src/Gui/Notifications.h,"(131, 1)-(132, 101)","b'template <typename TNotifier, typename TCapti...'"
src,../repos/FreeCAD/src/Gui/Notifications.h,"(138, 1)-(139, 91)","b'template <typename TNotifier, typename TCapti...'"
src,../repos/FreeCAD/src/Gui/Notifications.h,"(143, 1)-(273, 2)","b'template <Base::LogStyle type, Base::Intended...'"
src,../repos/FreeCAD/src/Gui/Notifications.h,"(275, 1)-(281, 2)","b'template <typename TNotifier, typename TCapti...'"
src,../repos/FreeCAD/src/Gui/Notifications.h,"(283, 1)-(291, 2)","b'template <typename TNotifier, typename TCapti...'"
src,../repos/FreeCAD/src/Gui/Notifications.h,"(293, 1)-(301, 2)","b'template <typename TNotifier, typename TCapti...'"
src,../repos/FreeCAD/src/Gui/Notifications.h,"(304, 1)-(312, 2)","b'template <typename TNotifier, typename TCapti...'"
src,../repos/FreeCAD/src/Gui/Notifications.h,"(314, 1)-(322, 2)","b'template <typename TNotifier, typename TCapti...'"
src,../repos/FreeCAD/src/Gui/Notifications.h,"(324, 1)-(332, 2)","b'template <typename TNotifier, typename TCapti...'"
src,../repos/FreeCAD/src/Gui/Notifications.h,"(335, 1)-(343, 2)","b'template <typename TNotifier, typename TCapti...'"
src,../repos/FreeCAD/src/Gui/Notifications.h,"(345, 1)-(353, 2)","b'template <typename TNotifier, typename TCapti...'"
src,../repos/FreeCAD/src/Gui/SoFCUnifiedSelection.h,"(207, 5)-(210, 6)",b'template<class T>\n    static std::shared_ptr<...'
src,../repos/FreeCAD/src/Gui/SoFCUnifiedSelection.h,"(239, 5)-(244, 6)",b'template<class T>\n    static std::shared_ptr<...'
src,../repos/FreeCAD/src/Gui/SoFCUnifiedSelection.h,"(260, 5)-(281, 6)",b'template<class T>\n    static std::shared_ptr<...'
src,../repos/FreeCAD/src/Gui/SoFCUnifiedSelection.h,"(287, 5)-(293, 6)",b'template<class T>\n    static std::shared_ptr<...'
src,../repos/FreeCAD/src/Gui/DAGView/DAGModelGraph.h,"(134, 5)-(147, 7)",b'template <class GraphEW>\n    class Edge_write...'
src,../repos/FreeCAD/src/Gui/DAGView/DAGModelGraph.h,"(138, 7)-(144, 8)",b'template <class EdgeW>\n      void operator()(...'
src,../repos/FreeCAD/src/Gui/DAGView/DAGModelGraph.h,"(149, 5)-(162, 7)",b'template <class GraphVW>\n    class Vertex_wri...'
src,../repos/FreeCAD/src/Gui/DAGView/DAGModelGraph.h,"(153, 7)-(159, 8)",b'template <class VertexW>\n      void operator(...'
src,../repos/FreeCAD/src/Gui/DAGView/DAGModelGraph.h,"(164, 5)-(170, 6)",b'template <class GraphIn>\n    void outputGraph...'
src,../repos/FreeCAD/src/Gui/DAGView/DAGModelGraph.h,"(173, 5)-(192, 7)",b'template <class GraphIn>\n    class RakeLeaves...'
src,../repos/FreeCAD/src/Gui/DAGView/DAGModelGraph.h,"(195, 5)-(214, 7)",b'template <class GraphIn>\n    class DigRoots\n ...'
src,../repos/FreeCAD/src/Gui/DAGView/DAGModelGraph.h,"(223, 7)-(228, 8)","b'template<typename TVertex, typename TGraph>\n ...'"
src,../repos/FreeCAD/src/Gui/CallTips.cpp,"(61, 1)-(75, 3)",b'template <typename TYPE>\nclass Temporary\n{\npu...'
src,../repos/FreeCAD/src/Gui/propertyeditor/PropertyItem.h,"(104, 1)-(115, 3)",b'template <class CLASS>\nclass PropertyItemProd...'
src,../repos/FreeCAD/src/Gui/PropertyPage.h,"(111, 5)-(112, 28)",b'template <typename PW>\n    void savePrefWidgets();'
src,../repos/FreeCAD/src/Gui/Utilities.h,"(42, 1)-(52, 3)",b'template <>\nstruct vec_traits<SbVec3f> {\n    ...'
src,../repos/FreeCAD/src/Gui/Utilities.h,"(55, 1)-(65, 3)",b'template <>\nstruct vec_traits<SbVec3d> {\n    ...'
src,../repos/FreeCAD/src/Gui/Utilities.h,"(68, 1)-(80, 3)",b'template <>\nstruct vec_traits<SbRotation> {\n ...'
src,../repos/FreeCAD/src/Gui/Utilities.h,"(83, 1)-(93, 3)",b'template <>\nstruct vec_traits<SbColor> {\n    ...'
src,../repos/FreeCAD/src/Gui/Utilities.h,"(96, 1)-(106, 3)",b'template <>\nstruct vec_traits<App::Color> {\n ...'
src,../repos/FreeCAD/src/Gui/WorkbenchFactory.h,"(75, 1)-(87, 3)",b'template <class CLASS>\nclass WorkbenchProduce...'
src,../repos/FreeCAD/src/Gui/ActiveObjectList.h,"(57, 9)-(63, 10)",b'template<typename _T>\n        inline _T getOb...'
src,../repos/FreeCAD/src/Gui/ViewProviderVRMLObject.cpp,"(96, 1)-(114, 2)",b'template<typename T>\nvoid ViewProviderVRMLObj...'
src,../repos/FreeCAD/src/Gui/ViewProviderVRMLObject.cpp,"(118, 1)-(157, 2)",b'template<>\nvoid ViewProviderVRMLObject::getRe...'
src,../repos/FreeCAD/src/Gui/NotificationBox.cpp,"(54, 1)-(55, 80)",b'template<typename T>\nusing qobject_delete_lat...'
src,../repos/FreeCAD/src/Gui/ViewProvider.h,"(91, 1)-(104, 3)",b'template<class T>\nclass CoinPtr: public boost...'
src,../repos/FreeCAD/src/Gui/ViewProvider.h,"(99, 5)-(99, 66)",b'template<class Y> CoinPtr(CoinPtr<Y> const &r...'
src,../repos/FreeCAD/src/Gui/MainWindow.cpp,"(528, 1)-(559, 2)",b'template<class T>\nstatic inline void _updateD...'
src,../repos/FreeCAD/src/CXX/Python3/ExtensionModule.hxx,"(85, 5)-(201, 7)",b'template<TEMPLATE_TYPENAME T>\n    class Exten...'
src,../repos/FreeCAD/src/CXX/Python3/Extensions.hxx,"(106, 5)-(179, 7)",b'template<class T>\n    class MethodDefExt\n    ...'
src,../repos/FreeCAD/src/CXX/Python3/ExtensionOldType.hxx,"(43, 5)-(358, 7)",b'template<TEMPLATE_TYPENAME T> class PythonExt...'
src,../repos/FreeCAD/src/CXX/Python3/ExtensionOldType.hxx,"(363, 5)-(410, 7)",b'template<TEMPLATE_TYPENAME T>\n    class Exten...'
src,../repos/FreeCAD/src/CXX/Python3/ExtensionType.hxx,"(192, 5)-(371, 7)",b'template<TEMPLATE_TYPENAME T> class PythonCla...'
src,../repos/FreeCAD/src/CXX/Python3/ExtensionType.hxx,"(376, 5)-(424, 7)",b'template<TEMPLATE_TYPENAME T>\n    class Pytho...'
src,../repos/FreeCAD/src/CXX/Python3/Objects.hxx,"(66, 5)-(66, 49)",b'template<TEMPLATE_TYPENAME T> class SeqBase;'
src,../repos/FreeCAD/src/CXX/Python3/Objects.hxx,"(70, 5)-(70, 49)",b'template<TEMPLATE_TYPENAME T> class MapBase;'
src,../repos/FreeCAD/src/CXX/Python3/Objects.hxx,"(1087, 5)-(1275, 7)",b'template<TEMPLATE_TYPENAME T>\n    class seqre...'
src,../repos/FreeCAD/src/CXX/Python3/Objects.hxx,"(1281, 5)-(1747, 7)",b'template<TEMPLATE_TYPENAME T>\n    class SeqBa...'
src,../repos/FreeCAD/src/CXX/Python3/Objects.hxx,"(1752, 5)-(1752, 159)",b'template <TEMPLATE_TYPENAME T> bool operator=...'
src,../repos/FreeCAD/src/CXX/Python3/Objects.hxx,"(1753, 5)-(1753, 159)",b'template <TEMPLATE_TYPENAME T> bool operator!...'
src,../repos/FreeCAD/src/CXX/Python3/Objects.hxx,"(1754, 5)-(1754, 159)",b'template <TEMPLATE_TYPENAME T> bool operator<...'
src,../repos/FreeCAD/src/CXX/Python3/Objects.hxx,"(1755, 5)-(1755, 159)",b'template <TEMPLATE_TYPENAME T> bool operator>...'
src,../repos/FreeCAD/src/CXX/Python3/Objects.hxx,"(1756, 5)-(1756, 159)",b'template <TEMPLATE_TYPENAME T> bool operator<...'
src,../repos/FreeCAD/src/CXX/Python3/Objects.hxx,"(1757, 5)-(1757, 159)",b'template <TEMPLATE_TYPENAME T> bool operator>...'
src,../repos/FreeCAD/src/CXX/Python3/Objects.hxx,"(1759, 5)-(1759, 171)",b'template <TEMPLATE_TYPENAME T> bool operator=...'
src,../repos/FreeCAD/src/CXX/Python3/Objects.hxx,"(1760, 5)-(1760, 171)",b'template <TEMPLATE_TYPENAME T> bool operator!...'
src,../repos/FreeCAD/src/CXX/Python3/Objects.hxx,"(1761, 5)-(1761, 171)",b'template <TEMPLATE_TYPENAME T> bool operator<...'
src,../repos/FreeCAD/src/CXX/Python3/Objects.hxx,"(1762, 5)-(1762, 171)",b'template <TEMPLATE_TYPENAME T> bool operator>...'
src,../repos/FreeCAD/src/CXX/Python3/Objects.hxx,"(1763, 5)-(1763, 171)",b'template <TEMPLATE_TYPENAME T> bool operator<...'
src,../repos/FreeCAD/src/CXX/Python3/Objects.hxx,"(1764, 5)-(1764, 171)",b'template <TEMPLATE_TYPENAME T> bool operator>...'
src,../repos/FreeCAD/src/CXX/Python3/Objects.hxx,"(2577, 5)-(2738, 7)",b'template<TEMPLATE_TYPENAME T>\n    class mapre...'
src,../repos/FreeCAD/src/CXX/Python3/Objects.hxx,"(2742, 5)-(2746, 6)",b'template< class T >\n    bool operator==( cons...'
src,../repos/FreeCAD/src/CXX/Python3/Objects.hxx,"(2748, 5)-(2752, 6)",b'template< class T >\n    bool operator!=( cons...'
src,../repos/FreeCAD/src/CXX/Python3/Objects.hxx,"(2755, 5)-(3158, 7)",b'template<TEMPLATE_TYPENAME T>\n    class MapBa...'
src,../repos/FreeCAD/src/CXX/Python3/Objects.hxx,"(3162, 5)-(3162, 159)",b'template <TEMPLATE_TYPENAME T> bool operator=...'
src,../repos/FreeCAD/src/CXX/Python3/Objects.hxx,"(3163, 5)-(3163, 159)",b'template <TEMPLATE_TYPENAME T> bool operator!...'
src,../repos/FreeCAD/src/CXX/Python3/Objects.hxx,"(3164, 5)-(3164, 171)",b'template <TEMPLATE_TYPENAME T> bool operator=...'
src,../repos/FreeCAD/src/CXX/Python3/Objects.hxx,"(3165, 5)-(3165, 171)",b'template <TEMPLATE_TYPENAME T> bool operator!...'
src,../repos/FreeCAD/src/CXX/Python3/Objects.hxx,"(3575, 5)-(3579, 6)",b'template<TEMPLATE_TYPENAME T>\n    String seqr...'
src,../repos/FreeCAD/src/CXX/Python3/Objects.hxx,"(3581, 5)-(3585, 6)",b'template<TEMPLATE_TYPENAME T>\n    String seqr...'
src,../repos/FreeCAD/src/CXX/Python2/ExtensionModule.hxx,"(86, 5)-(202, 7)",b'template<TEMPLATE_TYPENAME T>\n    class Exten...'
src,../repos/FreeCAD/src/CXX/Python2/Extensions.hxx,"(106, 5)-(179, 7)",b'template<class T>\n    class MethodDefExt : pu...'
src,../repos/FreeCAD/src/CXX/Python2/ExtensionOldType.hxx,"(43, 5)-(341, 7)",b'template<TEMPLATE_TYPENAME T> class PythonExt...'
src,../repos/FreeCAD/src/CXX/Python2/ExtensionOldType.hxx,"(346, 5)-(393, 7)",b'template<TEMPLATE_TYPENAME T>\n    class Exten...'
src,../repos/FreeCAD/src/CXX/Python2/ExtensionType.hxx,"(187, 5)-(346, 7)",b'template<TEMPLATE_TYPENAME T> class PythonCla...'
src,../repos/FreeCAD/src/CXX/Python2/ExtensionType.hxx,"(351, 5)-(399, 7)",b'template<TEMPLATE_TYPENAME T>\n    class Pytho...'
src,../repos/FreeCAD/src/CXX/Python2/Objects.hxx,"(62, 5)-(62, 49)",b'template<TEMPLATE_TYPENAME T> class SeqBase;'
src,../repos/FreeCAD/src/CXX/Python2/Objects.hxx,"(65, 5)-(65, 49)",b'template<TEMPLATE_TYPENAME T> class MapBase;'
src,../repos/FreeCAD/src/CXX/Python2/Objects.hxx,"(1124, 5)-(1308, 7)",b'template<TEMPLATE_TYPENAME T>\n    class seqre...'
src,../repos/FreeCAD/src/CXX/Python2/Objects.hxx,"(1314, 5)-(1719, 7)",b'template<TEMPLATE_TYPENAME T>\n    class SeqBa...'
src,../repos/FreeCAD/src/CXX/Python2/Objects.hxx,"(1724, 5)-(1724, 157)",b'template <TEMPLATE_TYPENAME T> bool operator=...'
src,../repos/FreeCAD/src/CXX/Python2/Objects.hxx,"(1725, 5)-(1725, 157)",b'template <TEMPLATE_TYPENAME T> bool operator!...'
src,../repos/FreeCAD/src/CXX/Python2/Objects.hxx,"(1726, 5)-(1726, 157)",b'template <TEMPLATE_TYPENAME T> bool operator<...'
src,../repos/FreeCAD/src/CXX/Python2/Objects.hxx,"(1727, 5)-(1727, 157)",b'template <TEMPLATE_TYPENAME T> bool operator>...'
src,../repos/FreeCAD/src/CXX/Python2/Objects.hxx,"(1728, 5)-(1728, 157)",b'template <TEMPLATE_TYPENAME T> bool operator<...'
src,../repos/FreeCAD/src/CXX/Python2/Objects.hxx,"(1729, 5)-(1729, 157)",b'template <TEMPLATE_TYPENAME T> bool operator>...'
src,../repos/FreeCAD/src/CXX/Python2/Objects.hxx,"(1731, 5)-(1731, 169)",b'template <TEMPLATE_TYPENAME T> bool operator=...'
src,../repos/FreeCAD/src/CXX/Python2/Objects.hxx,"(1732, 5)-(1732, 169)",b'template <TEMPLATE_TYPENAME T> bool operator!...'
src,../repos/FreeCAD/src/CXX/Python2/Objects.hxx,"(1733, 5)-(1733, 169)",b'template <TEMPLATE_TYPENAME T> bool operator<...'
src,../repos/FreeCAD/src/CXX/Python2/Objects.hxx,"(1734, 5)-(1734, 169)",b'template <TEMPLATE_TYPENAME T> bool operator>...'
src,../repos/FreeCAD/src/CXX/Python2/Objects.hxx,"(1735, 5)-(1735, 169)",b'template <TEMPLATE_TYPENAME T> bool operator<...'
src,../repos/FreeCAD/src/CXX/Python2/Objects.hxx,"(1736, 5)-(1736, 169)",b'template <TEMPLATE_TYPENAME T> bool operator>...'
src,../repos/FreeCAD/src/CXX/Python2/Objects.hxx,"(2590, 5)-(2623, 10)",b'template<TEMPLATE_TYPENAME T>\n    class mapre...'
src,../repos/FreeCAD/src/CXX/Python2/Objects.hxx,"(2752, 5)-(2756, 6)",b'template< class T >\n    bool operator==(const...'
src,../repos/FreeCAD/src/CXX/Python2/Objects.hxx,"(2758, 5)-(2762, 6)",b'template< class T >\n    bool operator!=(const...'
src,../repos/FreeCAD/src/CXX/Python2/Objects.hxx,"(2764, 5)-(3134, 7)",b'template<TEMPLATE_TYPENAME T>\n    class MapBa...'
src,../repos/FreeCAD/src/CXX/Python2/Objects.hxx,"(3138, 5)-(3138, 157)",b'template <TEMPLATE_TYPENAME T> bool operator=...'
src,../repos/FreeCAD/src/CXX/Python2/Objects.hxx,"(3139, 5)-(3139, 157)",b'template <TEMPLATE_TYPENAME T> bool operator!...'
src,../repos/FreeCAD/src/CXX/Python2/Objects.hxx,"(3140, 5)-(3140, 169)",b'template <TEMPLATE_TYPENAME T> bool operator=...'
src,../repos/FreeCAD/src/CXX/Python2/Objects.hxx,"(3141, 5)-(3141, 169)",b'template <TEMPLATE_TYPENAME T> bool operator!...'
src,../repos/FreeCAD/src/CXX/Python2/Objects.hxx,"(3482, 1)-(3486, 2)",b'template<TEMPLATE_TYPENAME T>\nString seqref<T...'
src,../repos/FreeCAD/src/CXX/Python2/Objects.hxx,"(3488, 1)-(3492, 2)",b'template<TEMPLATE_TYPENAME T>\nString seqref<T...'
src,../repos/FreeCAD/src/zipios++/zipios_common.h,"(14, 1)-(19, 2)",b'template< class Type >\nvoid operator += ( vec...'
src,../repos/FreeCAD/src/zipios++/zipios_common.h,"(21, 1)-(24, 2)",b'template< class T >\ninline const T& min( cons...'
src,../repos/FreeCAD/src/zipios++/simplesmartptr.h,"(14, 1)-(87, 3)",b'template< class Type >\nclass SimpleSmartPoint...'
src,../repos/FreeCAD/src/zipios++/simplesmartptr.h,"(23, 3)-(24, 34)",b'template< class T2 > SimpleSmartPointer( cons...'
src,../repos/FreeCAD/src/zipios++/simplesmartptr.h,"(32, 3)-(39, 4)",b'template< class T2 > \n  SimpleSmartPointer &o...'
src,../repos/FreeCAD/src/zipios++/simplesmartptr.h,"(71, 3)-(72, 56)",b'template< class T2 >\n  void ref( const T2 *pt...'
src,../repos/FreeCAD/src/zipios++/simplesmartptr.h,"(98, 1)-(144, 3)",b'template< class Type >\nclass ReferenceCount {...'
