Repo name,File name,Location,Content
src,../repos/FreeCAD/src/Main/FreeCADGuiPy.cpp,"(106, 27)-(117, 14)",b'[]() {\n                static int argc = 0;\n ...'
src,../repos/FreeCAD/src/App/Application.cpp,"(432, 28)-(459, 6)","b'[this](const char * Name, const char * UserNa...'"
src,../repos/FreeCAD/src/App/Application.cpp,"(3133, 25)-(3141, 6)",b'[](QString& path) {\n        if (!path.isEmpty...'
src,../repos/FreeCAD/src/App/Graphviz.cpp,"(616, 74)-(616, 116)","b'[&](Edge e) { return target(e, DepList); }'"
src,../repos/FreeCAD/src/App/Graphviz.cpp,"(623, 73)-(623, 115)","b'[&](Edge e) { return source(e, DepList); }'"
src,../repos/FreeCAD/src/App/PropertyGeo.cpp,"(592, 23)-(602, 6)","b'[=](int index, double coord) {\n        Base::...'"
src,../repos/FreeCAD/src/App/PropertyGeo.cpp,"(604, 31)-(627, 6)","b'[=](int index, double angle) {\n        Base::...'"
src,../repos/FreeCAD/src/App/PropertyGeo.cpp,"(659, 20)-(665, 6)",b'[](const Base::Placement& plm) {\n        Base...'
src,../repos/FreeCAD/src/App/PropertyGeo.cpp,"(667, 28)-(672, 6)",b'[](const Base::Placement& plm) {\n        Base...'
src,../repos/FreeCAD/src/App/PropertyGeo.cpp,"(709, 20)-(715, 6)",b'[](const Base::Placement& plm) {\n        Base...'
src,../repos/FreeCAD/src/App/PropertyGeo.cpp,"(717, 28)-(722, 6)",b'[](const Base::Placement& plm) {\n        Base...'
src,../repos/FreeCAD/src/App/PropertyGeo.cpp,"(1079, 23)-(1086, 6)","b'[=](int index, double coord) {\n        Base::...'"
src,../repos/FreeCAD/src/App/PropertyGeo.cpp,"(1109, 20)-(1114, 6)",b'[](const Base::Rotation& rot) {\n        Base:...'
src,../repos/FreeCAD/src/App/PropertyGeo.cpp,"(1137, 20)-(1142, 6)",b'[](const Base::Rotation& rot) {\n        Base:...'
src,../repos/FreeCAD/src/App/ComplexGeoData.h,"(316, 82)-(320, 10)",b'[&mat](const Vec& vec) {\n            return m...'
src,../repos/FreeCAD/src/App/ComplexGeoData.h,"(339, 82)-(343, 10)",b'[&mat](const Vec& vec) {\n            return m...'
src,../repos/FreeCAD/src/App/ElementMap.cpp,"(52, 13)-(54, 14)","b'[](const ::App::Document&, const std::string&...'"
src,../repos/FreeCAD/src/App/ElementMap.cpp,"(56, 13)-(58, 14)","b'[](const ::App::Document&, const std::string&...'"
src,../repos/FreeCAD/src/App/ElementMap.cpp,"(59, 68)-(61, 10)",b'[](const ::App::Document&) {\n            _idT...'
src,../repos/FreeCAD/src/App/ElementMap.cpp,"(62, 69)-(64, 10)",b'[](const ::App::Document&) {\n            _idT...'
src,../repos/FreeCAD/src/App/GeoFeatureGroupExtension.cpp,"(284, 63)-(287, 6)",b'[](App::DocumentObject* obj)->bool {\n        ...'
src,../repos/FreeCAD/src/App/OriginFeature.cpp,"(50, 66)-(53, 10)",b'[this] (DocumentObject *origin) {\n           ...'
src,../repos/FreeCAD/src/App/ObjectIdentifier.cpp,"(1673, 23)-(1702, 6)","b'[deps](DocumentObject *obj, Property *prop, c...'"
src,../repos/FreeCAD/src/App/Metadata.cpp,"(409, 55)-(411, 10)",b'[&itemName](const auto& check) -> bool {\n    ...'
src,../repos/FreeCAD/src/App/ExpressionTokenizer.cpp,"(43, 31)-(58, 6)",b'[](const QString& expr) {\n        std::vector...'
src,../repos/FreeCAD/src/App/ExpressionTokenizer.cpp,"(50, 24)-(56, 25)","b'[&](const std::tuple<int, int, std::string>& ...'"
src,../repos/FreeCAD/src/App/DocumentObjectPyImp.cpp,"(524, 31)-(550, 10)","b'[retEnum, pyMat](SubInfo& ret) -> Py::Object ...'"
src,../repos/FreeCAD/src/App/Origin.cpp,"(61, 13)-(64, 14)",b'[role] (App::DocumentObject *obj) {\n         ...'
src,../repos/FreeCAD/src/App/Link.cpp,"(788, 70)-(802, 10)",b'[parent](const Property &prop) {\n            ...'
src,../repos/FreeCAD/src/App/Link.cpp,"(903, 13)-(908, 14)","b'[this](const DocumentObject &, const Property...'"
src,../repos/FreeCAD/src/App/Link.cpp,"(1824, 17)-(1835, 18)","b'[this](const DocumentObject & obj, const Prop...'"
src,../repos/FreeCAD/src/App/Document.cpp,"(1921, 27)-(1948, 6)",b'[](const char* filename) {\n        try {\n#ifd...'
src,../repos/FreeCAD/src/App/Document.cpp,"(2987, 32)-(2989, 10)","b'[](pair< App::DocumentObject*, pair<int, int>...'"
src,../repos/FreeCAD/src/App/Document.cpp,"(3022, 32)-(3024, 10)","b'[](pair< App::DocumentObject*, pair<int, int>...'"
src,../repos/FreeCAD/src/App/Document.cpp,"(3078, 65)-(3080, 6)","b'[](pair < App::DocumentObject*, int > count)-...'"
src,../repos/FreeCAD/src/App/Document.cpp,"(3102, 64)-(3104, 10)","b'[](pair < App::DocumentObject*, int > count)-...'"
src,../repos/FreeCAD/src/App/Document.cpp,"(3289, 19)-(3289, 90)",b'[&]{ return static_cast<App::DocumentObject*>...'
src,../repos/FreeCAD/src/App/Document.h,"(527, 170)-(527, 218)",b'[](const App::DocumentObject *) { return true; }'
src,../repos/FreeCAD/src/Base/Matrix.cpp,"(909, 21)-(919, 6)","b'[&](double val_a, double val_b) {\n        dou...'"
src,../repos/FreeCAD/src/Base/BoundBox.h,"(806, 27)-(811, 6)","b'[&](Base::Vector3<Precision> p1, Base::Vector...'"
src,../repos/FreeCAD/src/Base/Parameter.cpp,"(1378, 62)-(1380, 6)",b'[](const auto& it) {\n        return it.second...'
src,../repos/FreeCAD/src/Base/FileInfo.cpp,"(334, 50)-(336, 6)",b'[this](const char* ext) {\n        return hasE...'
src,../repos/FreeCAD/src/Base/Console.cpp,"(526, 27)-(544, 6)",b'[](PyObject* pystr) {\n        PyObject* unico...'
src,../repos/FreeCAD/src/Base/Console.cpp,"(577, 9)-(582, 10)","b'[](const std::string& notifier, const char* m...'"
src,../repos/FreeCAD/src/Base/Console.cpp,"(589, 9)-(591, 10)","b'[](const std::string& notifier, const char* m...'"
src,../repos/FreeCAD/src/Base/Console.cpp,"(598, 9)-(603, 10)","b'[](const std::string& notifier, const char* m...'"
src,../repos/FreeCAD/src/Base/Console.cpp,"(610, 9)-(615, 10)","b'[](const std::string& notifier, const char* m...'"
src,../repos/FreeCAD/src/Base/Console.cpp,"(622, 9)-(627, 10)","b'[](const std::string& notifier, const char* m...'"
src,../repos/FreeCAD/src/Base/Console.cpp,"(634, 9)-(639, 10)","b'[](const std::string& notifier, const char* m...'"
src,../repos/FreeCAD/src/Base/Console.cpp,"(646, 9)-(651, 10)","b'[](const std::string& notifier, const char* m...'"
src,../repos/FreeCAD/src/Base/Console.cpp,"(658, 9)-(663, 10)","b'[](const std::string& notifier, const char* m...'"
src,../repos/FreeCAD/src/Base/Console.cpp,"(670, 9)-(675, 10)","b'[](const std::string& notifier, const char* m...'"
src,../repos/FreeCAD/src/Base/Console.cpp,"(682, 9)-(687, 10)","b'[](const std::string& notifier, const char* m...'"
src,../repos/FreeCAD/src/Base/Console.cpp,"(694, 9)-(699, 10)","b'[](const std::string& notifier, const char* m...'"
src,../repos/FreeCAD/src/Base/Console.cpp,"(706, 9)-(711, 10)","b'[](const std::string& notifier, const char* m...'"
src,../repos/FreeCAD/src/Base/Console.cpp,"(718, 9)-(723, 10)","b'[](const std::string& notifier, const char* m...'"
src,../repos/FreeCAD/src/Base/Rotation.cpp,"(553, 25)-(566, 6)",b'[&order](int index) {\n        int tmp {};\n   ...'
src,../repos/FreeCAD/src/Base/Builder3D.cpp,"(1241, 20)-(1252, 6)",b'[value](const Face& face) {\n        if (face....'
src,../repos/FreeCAD/src/Base/Builder3D.cpp,"(1254, 54)-(1256, 6)",b'[&inRange](const Face& face) {\n        return...'
src,../repos/FreeCAD/src/Base/ParameterPy.cpp,"(736, 59)-(760, 10)","b'[obs](ParameterGrp* Param,\n                  ...'"
src,../repos/FreeCAD/src/Base/Unit.cpp,"(40, 18)-(42, 6)",b'[](double value) {\n        return std::fabs(s...'
src,../repos/FreeCAD/src/Gui/SoFCDB.cpp,"(587, 26)-(597, 10)","b'[&out](const char* text, const SbVec3f& cnt,\n...'"
src,../repos/FreeCAD/src/Gui/SoFCDB.cpp,"(635, 20)-(637, 6)","b'[&out](const char* text) {\n        out << ""  ...'"
src,../repos/FreeCAD/src/Gui/CommandStd.cpp,"(879, 66)-(881, 6)",b'[this](int mode) {\n        this->updateIcon(m...'
src,../repos/FreeCAD/src/Gui/ViewProviderImagePlane.cpp,"(149, 27)-(151, 6)",b'[this](){\n        this->manipulateImage();\n    }'
src,../repos/FreeCAD/src/Gui/DlgKeyboardImp.cpp,"(88, 9)-(91, 10)",b'[](const char *cmdName) {\n            if (aut...'
src,../repos/FreeCAD/src/Gui/DlgKeyboardImp.cpp,"(105, 91)-(107, 6)",b'[=](int) {\n        timer->start(100);\n    }'
src,../repos/FreeCAD/src/Gui/DlgKeyboardImp.cpp,"(108, 47)-(110, 6)",b'[=]() {\n        ui->shortcutTimeout->onSave()...'
src,../repos/FreeCAD/src/Gui/DlgKeyboardImp.cpp,"(143, 9)-(165, 10)",b'[=](const QByteArray &name) {\n            Com...'
src,../repos/FreeCAD/src/Gui/DlgKeyboardImp.cpp,"(231, 47)-(234, 6)",b'[=](){\n        populateCommandGroups(combo);\n...'
src,../repos/FreeCAD/src/Gui/DlgKeyboardImp.cpp,"(236, 93)-(238, 6)",b'[timer]() {\n        timer->start(100);\n    }'
src,../repos/FreeCAD/src/Gui/DlgKeyboardImp.cpp,"(240, 75)-(242, 6)",b'[timer]() {\n        timer->start(100);\n    }'
src,../repos/FreeCAD/src/Gui/DlgKeyboardImp.cpp,"(244, 74)-(246, 6)",b'[timer](){\n        timer->start(100);\n    }'
src,../repos/FreeCAD/src/Gui/DlgKeyboardImp.cpp,"(260, 31)-(282, 6)",b'[priorityList](bool up) {\n        auto item =...'
src,../repos/FreeCAD/src/Gui/DlgKeyboardImp.cpp,"(284, 59)-(284, 91)",b'[=](){updatePriorityList(true);}'
src,../repos/FreeCAD/src/Gui/DlgKeyboardImp.cpp,"(285, 61)-(285, 94)",b'[=](){updatePriorityList(false);}'
src,../repos/FreeCAD/src/Gui/DlgKeyboardImp.cpp,"(287, 9)-(290, 10)",b'[=](QTreeWidgetItem *item){\n            butto...'
src,../repos/FreeCAD/src/Gui/DlgKeyboardImp.cpp,"(314, 79)-(316, 14)",b'[timer]() {\n                timer->start(200)...'
src,../repos/FreeCAD/src/Gui/DlgKeyboardImp.cpp,"(318, 72)-(320, 10)",b'[timer]() {\n            timer->start(200);\n  ...'
src,../repos/FreeCAD/src/Gui/DlgKeyboardImp.cpp,"(321, 97)-(323, 10)",b'[timer](){\n            timer->start(200);\n   ...'
src,../repos/FreeCAD/src/Gui/DlgKeyboardImp.cpp,"(324, 51)-(326, 10)",b'[=]() {\n            populatePriorityList(prio...'
src,../repos/FreeCAD/src/Gui/ToolBarManager.cpp,"(362, 23)-(378, 6)",b'[](QAction* action) {\n        // If the toggl...'
src,../repos/FreeCAD/src/Gui/ToolBarManager.cpp,"(512, 23)-(514, 6)","b'[hPref, name](bool defaultvalue) {\n        re...'"
src,../repos/FreeCAD/src/Gui/ToolBarManager.cpp,"(516, 27)-(518, 6)","b'[hPref, name](bool value) {\n        hPref->Se...'"
src,../repos/FreeCAD/src/Gui/ToolBarManager.cpp,"(520, 21)-(530, 6)","b'[visibility](QToolBar* toolbar, ToolBarItem::...'"
src,../repos/FreeCAD/src/Gui/PythonWrapper.cpp,"(288, 17)-(290, 18)",b'[pyobj](const Py::Object& py) {\n             ...'
src,../repos/FreeCAD/src/Gui/SoFCBackgroundGradient.cpp,"(41, 55)-(47, 21)",b'[]{\n    static const float pi2 = boost::math:...'
src,../repos/FreeCAD/src/Gui/SoFCBackgroundGradient.cpp,"(48, 55)-(54, 21)",b'[]{\n    static const float pi2 = boost::math:...'
src,../repos/FreeCAD/src/Gui/ShortcutManager.cpp,"(51, 48)-(51, 68)",b'[this](){onTimer();}'
src,../repos/FreeCAD/src/Gui/PreferencePackManager.cpp,"(328, 76)-(330, 10)","b'[addonName, preferencePackName](ParameterGrp:...'"
src,../repos/FreeCAD/src/Gui/PreferencePackManager.cpp,"(343, 76)-(345, 10)","b'[addonName,preferencePackName](ParameterGrp::...'"
src,../repos/FreeCAD/src/Gui/PreferencePackManager.cpp,"(503, 78)-(505, 22)","b'[groupName, name](const auto &rhs)->bool {\n  ...'"
src,../repos/FreeCAD/src/Gui/Widgets.cpp,"(813, 49)-(825, 6)",b'[&](int result) {\n        if (result == QDial...'
src,../repos/FreeCAD/src/Gui/Widgets.cpp,"(1507, 55)-(1511, 6)",b'[&] {\n        QString inputText = edit->toPla...'
src,../repos/FreeCAD/src/Gui/Widgets.cpp,"(1717, 13)-(1725, 6)",b'[=](QAbstractButton *button) {\n        if (ex...'
src,../repos/FreeCAD/src/Gui/CommandDoc.cpp,"(1558, 85)-(1560, 14)",b'[](App::DocumentObject* obj) {\n              ...'
src,../repos/FreeCAD/src/Gui/ViewProviderPart.cpp,"(76, 24)-(78, 6)",b'[this](){\n    this->toggleActivePart();\n    }'
src,../repos/FreeCAD/src/Gui/QuantitySpinBox.cpp,"(99, 30)-(109, 10)",b'[&](QString& tmp) -> QValidator::State {\n    ...'
src,../repos/FreeCAD/src/Gui/QuantitySpinBox.cpp,"(282, 19)-(284, 6)",b'[&]{\n        this->handlePendingEmit(true);\n    }'
src,../repos/FreeCAD/src/Gui/QuantitySpinBox.cpp,"(549, 71)-(557, 6)",b'[=]() {\n        if (box->result() == QDialog:...'
src,../repos/FreeCAD/src/Gui/DlgPreferencePackManagementImp.cpp,"(128, 52)-(130, 18)","b'[this, name, item]() {\n                this->...'"
src,../repos/FreeCAD/src/Gui/DlgPreferencePackManagementImp.cpp,"(135, 52)-(137, 18)","b'[this, item]() {\n                this->delete...'"
src,../repos/FreeCAD/src/Gui/DlgPreferencePackManagementImp.cpp,"(145, 52)-(147, 18)","b'[this, name, item]() {\n                this->...'"
src,../repos/FreeCAD/src/Gui/CommandPyImp.cpp,"(345, 62)-(347, 6)",b'[actionName](const Command* c) {\n        retu...'
src,../repos/FreeCAD/src/Gui/CommandPyImp.cpp,"(367, 62)-(372, 10)",b'[macroScriptName](const Command* c) {\n       ...'
src,../repos/FreeCAD/src/Gui/NaviCube.cpp,"(363, 23)-(381, 2)",b'[](int weight) -> QFont::Weight {\n    if (wei...'
src,../repos/FreeCAD/src/Gui/FileDialog.cpp,"(595, 18)-(604, 6)",b'[](const QFileInfo & info) {\n        QFileInf...'
src,../repos/FreeCAD/src/Gui/FileDialog.cpp,"(606, 27)-(610, 6)",b'[](const QString& filename) {\n        QString...'
src,../repos/FreeCAD/src/Gui/FileDialog.cpp,"(612, 25)-(620, 6)",b'[](const QString& filename) {\n        if (QFi...'
src,../repos/FreeCAD/src/Gui/SoFCColorGradient.cpp,"(331, 25)-(337, 6)","b'[&](const App::ColorGradientProfile& pro, int...'"
src,../repos/FreeCAD/src/Gui/SoFCColorGradient.cpp,"(339, 22)-(346, 6)",b'[&] {\n        try {\n            applyProfile(...'
src,../repos/FreeCAD/src/Gui/ParamHandler.h,"(175, 21)-(177, 10)","b'[hGrp, func]() {\n            func(hGrp);\n        }'"
src,../repos/FreeCAD/src/Gui/ParamHandler.h,"(185, 21)-(187, 10)","b'[hGrp, func]() {\n            func(hGrp);\n        }'"
src,../repos/FreeCAD/src/Gui/ParamHandler.h,"(199, 21)-(201, 10)","b'[hGrp, func]() {\n            func(hGrp);\n        }'"
src,../repos/FreeCAD/src/Gui/ParamHandler.h,"(213, 21)-(215, 10)","b'[hGrp, func]() {\n            func(hGrp);\n        }'"
src,../repos/FreeCAD/src/Gui/Window.cpp,"(74, 57)-(76, 6)",b'[prefGroup](auto item) {\n        return boost...'
src,../repos/FreeCAD/src/Gui/Workbench.cpp,"(373, 76)-(375, 6)","b'[cmd](const std::pair<std::string, std::strin...'"
src,../repos/FreeCAD/src/Gui/ImageView.cpp,"(256, 78)-(258, 6)",b'[suffix](const QByteArray& image) {\n        r...'
src,../repos/FreeCAD/src/Gui/DlgPreferencesImp.cpp,"(209, 26)-(215, 6)",b'[](std::string str) {\n        std::transform(...'
src,../repos/FreeCAD/src/Gui/DlgPreferencesImp.cpp,"(211, 24)-(213, 10)",b'[](unsigned char ch) {\n            return ch ...'
src,../repos/FreeCAD/src/Gui/DlgPreferencesImp.cpp,"(518, 42)-(518, 87)",b'[&] { restorePageDefaults(currentPageItem); }'
src,../repos/FreeCAD/src/Gui/DlgPreferencesImp.cpp,"(524, 43)-(524, 133)",b'[&] { restorePageDefaults(static_cast<Prefere...'
src,../repos/FreeCAD/src/Gui/DlgPreferencesImp.cpp,"(533, 37)-(538, 6)",b'[&menu](QAction* hover) {\n        QPoint pos ...'
src,../repos/FreeCAD/src/Gui/DlgPreferencesImp.cpp,"(706, 36)-(713, 14)",b'[]()\n            {\n                QStringLis...'
src,../repos/FreeCAD/src/Gui/DlgDisplayPropertiesImp.cpp,"(237, 28)-(237, 78)",b'[&obj](Gui::ViewProvider* v) { return v == &obj; }'
src,../repos/FreeCAD/src/Gui/FileHandler.cpp,"(128, 25)-(130, 6)",b'[ext](const QStringList& suffixes) {\n        ...'
src,../repos/FreeCAD/src/Gui/FileHandler.cpp,"(154, 58)-(156, 6)",b'[](const QByteArray& format) {\n        return...'
src,../repos/FreeCAD/src/Gui/TaskView/TaskView.cpp,"(415, 35)-(417, 18)",b'[doc](){\n                    doc->resetEdit()...'
src,../repos/FreeCAD/src/Gui/TaskView/TaskAppearance.cpp,"(126, 44)-(126, 94)",b'[&obj](Gui::ViewProvider* v) { return v == &obj; }'
src,../repos/FreeCAD/src/Gui/TaskView/TaskImage.cpp,"(297, 26)-(306, 6)",b'[=](bool& reverse) {\n        if (fabs(pitch) ...'
src,../repos/FreeCAD/src/Gui/TaskView/TaskImage.cpp,"(307, 26)-(316, 6)",b'[=](bool& reverse) {\n        if (fabs(roll - ...'
src,../repos/FreeCAD/src/Gui/TaskView/TaskImage.cpp,"(317, 26)-(326, 6)",b'[=](bool& reverse) {\n        if (fabs(roll - ...'
src,../repos/FreeCAD/src/Gui/TaskView/TaskDialogPython.cpp,"(481, 20)-(493, 2)","b'[](QDialogButtonBox* buttonBox, QDialogButton...'"
src,../repos/FreeCAD/src/Gui/TaskView/TaskOrientation.cpp,"(94, 23)-(98, 6)",b'[](Camera::Orientation type) {\n        return...'
src,../repos/FreeCAD/src/Gui/ViewProviderTextDocument.cpp,"(77, 24)-(79, 6)",b'[this](){\n        this->doubleClicked();\n    }'
src,../repos/FreeCAD/src/Gui/OverlayManager.cpp,"(269, 13)-(276, 14)","b'[this](ParameterGrp *Param, ParameterGrp::Par...'"
src,../repos/FreeCAD/src/Gui/OverlayManager.cpp,"(419, 44)-(419, 64)",b'[this](){onTimer();}'
src,../repos/FreeCAD/src/Gui/OverlayManager.cpp,"(423, 50)-(431, 10)",b'[this]() {\n            for (auto &o : _overla...'
src,../repos/FreeCAD/src/Gui/OverlayManager.cpp,"(435, 59)-(437, 10)",b'[this](const MDIView *) {\n            refresh...'
src,../repos/FreeCAD/src/Gui/OverlayManager.cpp,"(438, 53)-(440, 10)",b'[this](const ViewProviderDocumentObject &) {\n...'
src,../repos/FreeCAD/src/Gui/OverlayManager.cpp,"(441, 56)-(443, 10)",b'[this](const ViewProviderDocumentObject &) {\n...'
src,../repos/FreeCAD/src/Gui/OverlayManager.cpp,"(681, 28)-(689, 10)",b'[naviCubeSize](OverlayInfo &info) -> int {\n  ...'
src,../repos/FreeCAD/src/Gui/OverlayManager.cpp,"(771, 17)-(773, 18)","b'[](const QDockWidget *a, const QDockWidget *b...'"
src,../repos/FreeCAD/src/Gui/OverlayManager.cpp,"(1911, 23)-(1920, 6)","b'[](QWidget *w, const QPoint &pos) {\n        Q...'"
src,../repos/FreeCAD/src/Gui/DlgObjectSelection.cpp,"(100, 9)-(103, 10)",b'[this](bool checked) {\n            hGrp->SetB...'
src,../repos/FreeCAD/src/Gui/DockWindowManager.cpp,"(206, 9)-(221, 10)","b'[this](ParameterGrp *Param, ParameterGrp::Par...'"
src,../repos/FreeCAD/src/Gui/DockWindowManager.cpp,"(225, 43)-(233, 6)",b'[this](){\n        for(auto w : this->getDockW...'
src,../repos/FreeCAD/src/Gui/DockWindowManager.cpp,"(293, 58)-(297, 6)","b'[this, dw](){\n        Base::ConnectionBlocker...'"
src,../repos/FreeCAD/src/Gui/DockWindowManager.cpp,"(299, 15)-(299, 64)",b'[]() {getMainWindow()->saveWindowSettings(true);}'
src,../repos/FreeCAD/src/Gui/ApplicationPy.cpp,"(1452, 74)-(1454, 10)",b'[&marker_arg](const auto& it) {\n            r...'
src,../repos/FreeCAD/src/Gui/DAGView/DAGModel.cpp,"(342, 22)-(356, 4)",b'[this](const Vertex &vertexIn)\n  {\n    //is t...'
src,../repos/FreeCAD/src/Gui/DAGView/DAGModel.cpp,"(358, 31)-(369, 4)","b'[this, getAllEdges](const Vertex &vertexIn)\n ...'"
src,../repos/FreeCAD/src/Gui/DAGView/DAGModel.cpp,"(371, 32)-(379, 4)","b'[this, getAllEdges](const Vertex &vertexIn)\n ...'"
src,../repos/FreeCAD/src/Gui/DAGView/DAGModel.cpp,"(382, 25)-(391, 4)","b'[this, highlightConnectorOff]()\n  {\n    BGL_F...'"
src,../repos/FreeCAD/src/Gui/DAGView/DAGModel.cpp,"(394, 23)-(403, 4)",b'[this](const char *in)\n  {\n    assert(in);\n  ...'
src,../repos/FreeCAD/src/Gui/DAGView/DAGModel.cpp,"(902, 28)-(909, 4)",b'[this]()\n  {\n    if (currentPrehighlight)\n   ...'
src,../repos/FreeCAD/src/Gui/DAGView/DAGModel.cpp,"(931, 24)-(944, 4)","b'[this, event]()\n  {\n    QPointF currentPickPo...'"
src,../repos/FreeCAD/src/Gui/DAGView/DAGModel.cpp,"(946, 23)-(952, 4)","b'[](const App::DocumentObject *dObjectIn, Rect...'"
src,../repos/FreeCAD/src/Gui/DAGView/DAGModel.cpp,"(1178, 25)-(1190, 4)",b'[]()\n  {\n    std::vector<Base::Type> out;\n   ...'
src,../repos/FreeCAD/src/Gui/DAGView/DAGModel.cpp,"(1192, 23)-(1200, 4)","b'[](const App::DocumentObject *dObject, const ...'"
src,../repos/FreeCAD/src/Gui/EditableDatumLabel.cpp,"(109, 37)-(116, 6)","b'[](void* data, SoSensor* sensor) {\n        Q_...'"
src,../repos/FreeCAD/src/Gui/EditableDatumLabel.cpp,"(169, 15)-(173, 6)",b'[this](double value) {\n        this->isSet = ...'
src,../repos/FreeCAD/src/Gui/CommandView.cpp,"(657, 59)-(659, 6)",b'[this](auto view) {\n        this->updateIcon(...'
src,../repos/FreeCAD/src/Gui/CommandView.cpp,"(937, 17)-(952, 14)","b'[&addSubObjects](App::DocumentObject* obj, st...'"
src,../repos/FreeCAD/src/Gui/SelectionView.cpp,"(587, 69)-(589, 6)",b'[&]{\n        this->select(nullptr);\n    }'
src,../repos/FreeCAD/src/Gui/DlgAddProperty.cpp,"(59, 43)-(59, 122)","b'[](Base::Type a, Base::Type b) { return strcm...'"
src,../repos/FreeCAD/src/Gui/ViewProviderDocumentObject.cpp,"(273, 24)-(275, 6)",b'[this](){\n        this->startDefaultEditMode(...'
src,../repos/FreeCAD/src/Gui/propertyeditor/PropertyModel.cpp,"(381, 29)-(389, 10)",b'[&]() {\n            if (beginInsert < 0)\n    ...'
src,../repos/FreeCAD/src/Gui/propertyeditor/PropertyModel.cpp,"(391, 29)-(401, 10)",b'[&]() {\n            if (beginChange < 0)\n    ...'
src,../repos/FreeCAD/src/Gui/propertyeditor/PropertyEditor.cpp,"(700, 57)-(703, 17)",b'[](auto prop) {\n                    return pr...'
src,../repos/FreeCAD/src/Gui/propertyeditor/PropertyItem.cpp,"(486, 63)-(495, 6)",b'[this]() {\n        const auto &props = this->...'
src,../repos/FreeCAD/src/Gui/propertyeditor/PropertyItem.cpp,"(1555, 53)-(1558, 6)",b'[&] {\n        QVariant data = QVariant::fromV...'
src,../repos/FreeCAD/src/Gui/propertyeditor/PropertyItem.cpp,"(2911, 21)-(2913, 22)",b'[&field](const EnumItem &item) {\n            ...'
src,../repos/FreeCAD/src/Gui/propertyeditor/PropertyItem.cpp,"(2940, 55)-(2942, 6)",b'[=]() {\n        menu->setMinimumWidth(button-...'
src,../repos/FreeCAD/src/Gui/propertyeditor/PropertyItem.cpp,"(2943, 53)-(2946, 6)",b'[=](QAction *action) {\n        button->setTex...'
src,../repos/FreeCAD/src/Gui/ParamHandler.cpp,"(42, 13)-(50, 14)","b'[this](ParameterGrp *Param, ParameterGrp::Par...'"
src,../repos/FreeCAD/src/Gui/ParamHandler.cpp,"(53, 52)-(58, 10)",b'[this]() {\n            for (const auto &v : p...'
src,../repos/FreeCAD/src/Gui/CommandCompleter.cpp,"(64, 94)-(64, 119)",b'[]{_CommandRevision = 0;}'
src,../repos/FreeCAD/src/Gui/Tree.cpp,"(583, 68)-(588, 6)","b'[](int idx, int, int newSize) {\n        if (i...'"
src,../repos/FreeCAD/src/Gui/Tree.cpp,"(1020, 57)-(1025, 6)","b'[this, action, hGrp]() {\n        bool show = ...'"
src,../repos/FreeCAD/src/Gui/Tree.cpp,"(4781, 22)-(4787, 6)",b'[=](const QColor& col) {\n        if (set)\n   ...'
src,../repos/FreeCAD/src/Gui/DlgSettingsColorGradientImp.cpp,"(198, 21)-(208, 6)","b'[=](float value, int decimals) {\n        int ...'"
src,../repos/FreeCAD/src/Gui/Command.cpp,"(1303, 68)-(1305, 6)",b'[this]() {\n        this->onActionInit();\n    }'
src,../repos/FreeCAD/src/Gui/Command.cpp,"(1535, 68)-(1537, 6)",b'[this]() {\n        this->onActionInit();\n    }'
src,../repos/FreeCAD/src/Gui/GestureNavigationStyle.cpp,"(383, 23)-(387, 10)",b'[&]{\n            ns.postponedEvents.forwardAl...'
src,../repos/FreeCAD/src/Gui/GuiApplicationNativeEventAware.cpp,"(170, 65)-(170, 101)","b""[](char c) -> int { return c - '0';}"""
src,../repos/FreeCAD/src/Gui/ViewProviderLink.cpp,"(2434, 32)-(2488, 14)",b'[ext](){\n                try {\n              ...'
src,../repos/FreeCAD/src/Gui/ViewProviderLink.cpp,"(2498, 32)-(2506, 14)",b'[ext](){\n                try {\n              ...'
src,../repos/FreeCAD/src/Gui/ViewProviderLink.cpp,"(2512, 32)-(2520, 14)",b'[ext](){\n                try {\n              ...'
src,../repos/FreeCAD/src/Gui/ViewProviderLink.cpp,"(2530, 28)-(2538, 10)",b'[ext](){\n            try {\n                Ap...'
src,../repos/FreeCAD/src/Gui/ViewProviderLink.cpp,"(2549, 28)-(2557, 10)",b'[ext](){\n            try {\n                Ap...'
src,../repos/FreeCAD/src/Gui/ViewProviderLink.cpp,"(2575, 77)-(2583, 10)",b'[ext] {\n            try {\n                App...'
src,../repos/FreeCAD/src/Gui/View3DViewerPy.cpp,"(481, 25)-(489, 6)",b'[](PyObject* col) {\n        SbColor color;\n  ...'
src,../repos/FreeCAD/src/Gui/Document.cpp,"(1055, 20)-(1060, 6)",b'[](App::Document *doc) -> QString {\n        i...'
src,../repos/FreeCAD/src/Gui/NotificationArea.cpp,"(514, 29)-(516, 10)",b'[](auto* item) {\n            return item->isU...'
src,../repos/FreeCAD/src/Gui/NotificationArea.cpp,"(522, 29)-(524, 10)",b'[](auto* item) {\n            return item->isN...'
src,../repos/FreeCAD/src/Gui/NotificationArea.cpp,"(531, 29)-(533, 10)",b'[](auto* item) {\n            return item->isS...'
src,../repos/FreeCAD/src/Gui/NotificationArea.cpp,"(680, 68)-(710, 14)",b'[&](const QPoint& pos) {\n                auto...'
src,../repos/FreeCAD/src/Gui/NotificationArea.cpp,"(685, 67)-(689, 18)",b'[&]() {\n                    for (auto it : qA...'
src,../repos/FreeCAD/src/Gui/NotificationArea.cpp,"(760, 10)-(764, 11)",b'[this](const std::string& string) {\n         ...'
src,../repos/FreeCAD/src/Gui/NotificationArea.cpp,"(766, 10)-(769, 11)",b'[this](const std::string& string) {\n         ...'
src,../repos/FreeCAD/src/Gui/NotificationArea.cpp,"(771, 10)-(776, 11)",b'[this](const std::string& string) {\n         ...'
src,../repos/FreeCAD/src/Gui/NotificationArea.cpp,"(778, 10)-(783, 11)",b'[this](const std::string& string) {\n         ...'
src,../repos/FreeCAD/src/Gui/NotificationArea.cpp,"(785, 10)-(790, 11)",b'[this](const std::string& string) {\n         ...'
src,../repos/FreeCAD/src/Gui/NotificationArea.cpp,"(792, 10)-(797, 11)",b'[this](const std::string& string) {\n         ...'
src,../repos/FreeCAD/src/Gui/NotificationArea.cpp,"(799, 10)-(802, 11)",b'[this](const std::string& string) {\n         ...'
src,../repos/FreeCAD/src/Gui/NotificationArea.cpp,"(804, 10)-(809, 11)",b'[this](const std::string& string) {\n         ...'
src,../repos/FreeCAD/src/Gui/NotificationArea.cpp,"(811, 10)-(814, 11)",b'[this](const std::string& string) {\n         ...'
src,../repos/FreeCAD/src/Gui/NotificationArea.cpp,"(816, 10)-(819, 11)",b'[this](const std::string& string) {\n         ...'
src,../repos/FreeCAD/src/Gui/NotificationArea.cpp,"(821, 10)-(824, 11)",b'[this](const std::string& string) {\n         ...'
src,../repos/FreeCAD/src/Gui/NotificationArea.cpp,"(826, 10)-(829, 11)",b'[this](const std::string& string) {\n         ...'
src,../repos/FreeCAD/src/Gui/NotificationArea.cpp,"(889, 55)-(893, 6)",b'[&]() {\n        lock_guard<std::mutex> g(pImp...'
src,../repos/FreeCAD/src/Gui/NotificationArea.cpp,"(895, 55)-(941, 6)",b'[this]() {\n        // guard to avoid modifyin...'
src,../repos/FreeCAD/src/Gui/NotificationArea.cpp,"(925, 31)-(940, 10)",b'[&] {\n            QWidget* statusbar = static...'
src,../repos/FreeCAD/src/Gui/NotificationArea.cpp,"(955, 38)-(958, 6)","b'[this, na]() {\n        setText(QString::numbe...'"
src,../repos/FreeCAD/src/Gui/NotificationArea.cpp,"(978, 85)-(983, 10)",b'[&]() {\n            // guard to avoid modifyi...'
src,../repos/FreeCAD/src/Gui/NotificationArea.cpp,"(987, 60)-(992, 10)",b'[&]() {\n            // guard to avoid modifyi...'
src,../repos/FreeCAD/src/Gui/NotificationArea.cpp,"(1201, 74)-(1220, 22)","b'[this, item, repetitions = item->getRepetitio...'"
src,../repos/FreeCAD/src/Gui/ViewProviderDragger.cpp,"(265, 21)-(265, 94)",b'[&pMatrix]() {return Base::Vector3d(pMatrix[0...'
src,../repos/FreeCAD/src/Gui/ViewProviderDragger.cpp,"(266, 21)-(266, 94)",b'[&pMatrix]() {return Base::Vector3d(pMatrix[1...'
src,../repos/FreeCAD/src/Gui/ViewProviderDragger.cpp,"(267, 21)-(267, 95)",b'[&pMatrix]() {return Base::Vector3d(pMatrix[2...'
src,../repos/FreeCAD/src/Gui/SpinBox.cpp,"(55, 60)-(57, 6)",b'[=]() {\n        this->openFormulaDialog();\n    }'
src,../repos/FreeCAD/src/Gui/SpinBox.cpp,"(186, 71)-(193, 6)",b'[=]() {\n        if (box->result() == QDialog:...'
src,../repos/FreeCAD/src/Gui/Language/Translator.cpp,"(414, 13)-(416, 14)",b'[](Translator* evFilter) {\n                qA...'
src,../repos/FreeCAD/src/Gui/NotificationBox.cpp,"(126, 31)-(129, 6)",b'[this]() {\n        hideTimer.stop();\n        ...'
src,../repos/FreeCAD/src/Gui/NotificationBox.cpp,"(131, 29)-(134, 6)",b'[this]() {\n        expireTimer.stop();\n      ...'
src,../repos/FreeCAD/src/Gui/NavigationAnimator.cpp,"(51, 74)-(54, 6)",b'[this]() {\n        activeAnimation->onStop(tr...'
src,../repos/FreeCAD/src/Gui/NavigationAnimator.cpp,"(71, 72)-(74, 6)","b'[&finished, &loop]() {\n        finished = fal...'"
src,../repos/FreeCAD/src/Gui/MainWindow.cpp,"(181, 69)-(191, 10)",b'[this](QAction* action) {\n            int use...'
src,../repos/FreeCAD/src/Gui/MainWindow.cpp,"(392, 9)-(403, 10)","b'[this](ParameterGrp *Param, ParameterGrp::Par...'"
src,../repos/FreeCAD/src/Gui/MainWindow.cpp,"(408, 51)-(408, 88)",b'[this](){this->saveWindowSettings();}'
src,../repos/FreeCAD/src/Gui/MainWindow.cpp,"(411, 54)-(415, 6)",b'[this](){\n        d->restoreWindowState(QByte...'
src,../repos/FreeCAD/src/Gui/MainWindow.cpp,"(498, 19)-(500, 6)",b'[=](QObject* object) {\n        onSetActiveSub...'
src,../repos/FreeCAD/src/Gui/MainWindow.cpp,"(668, 13)-(678, 14)",b'[](QWidget *widget) {\n                if (wid...'
src,../repos/FreeCAD/src/Gui/MainWindow.cpp,"(694, 13)-(704, 14)",b'[](QWidget *widget) {\n                if (wid...'
src,../repos/FreeCAD/src/Gui/MainWindow.cpp,"(722, 13)-(730, 14)",b'[](QWidget *widget) {\n                if (wid...'
src,../repos/FreeCAD/src/Gui/MainWindow.cpp,"(746, 13)-(757, 14)",b'[](QWidget *widget) {\n                auto pc...'
src,../repos/FreeCAD/src/Gui/MainWindow.cpp,"(773, 13)-(782, 14)",b'[](QWidget *widget) {\n                if (wid...'
src,../repos/FreeCAD/src/Gui/MainWindow.cpp,"(1556, 40)-(1575, 10)",b'[]{\n            try {\n                Base::I...'
src,../repos/FreeCAD/src/Gui/View3DSettings.cpp,"(455, 9)-(457, 6)","b'[this](ParameterGrp*, ParameterGrp::ParamType...'"
src,../repos/FreeCAD/src/Gui/ExpressionCompleter.cpp,"(269, 47)-(271, 18)",b'[](const App::ObjectIdentifier& path) -> bool...'
src,../repos/FreeCAD/src/Gui/Action.cpp,"(467, 57)-(469, 14)","b'[this, menu]() {\n                Q_EMIT about...'"
src,../repos/FreeCAD/src/Gui/Action.cpp,"(471, 57)-(473, 14)","b'[this, menu]() {\n                Q_EMIT about...'"
src,../repos/FreeCAD/src/Gui/Action.cpp,"(485, 57)-(487, 14)","b'[this, menu]() {\n                Q_EMIT about...'"
src,../repos/FreeCAD/src/Gui/Action.cpp,"(489, 57)-(491, 14)","b'[this, menu]() {\n                Q_EMIT about...'"
src,../repos/FreeCAD/src/Gui/Action.cpp,"(670, 21)-(683, 6)",b'[&](WorkbenchComboBox* box) {\n        box->se...'
src,../repos/FreeCAD/src/Gui/Action.cpp,"(677, 63)-(679, 10)","b'[this, box](QAction* action) {\n            bo...'"
src,../repos/FreeCAD/src/Gui/Action.cpp,"(680, 75)-(682, 10)",b'[this](int index) {\n            actions()[ind...'
src,../repos/FreeCAD/src/Gui/Action.cpp,"(702, 70)-(705, 10)",b'[menu](QList<QAction*> actions) {\n           ...'
src,../repos/FreeCAD/src/Gui/PreferencePages/DlgSettingsNotificationArea.cpp,"(44, 68)-(51, 6)",b'[this](int state) {\n        bool enabled = st...'
src,../repos/FreeCAD/src/Gui/PreferencePages/DlgSettingsLightSources.cpp,"(115, 32)-(118, 6)","b'[] (void* ud, SoEventCallback* cb) {\n        ...'"
src,../repos/FreeCAD/src/Gui/PreferencePages/DlgSettingsDocumentImp.cpp,"(150, 16)-(153, 6)",b'[&](const char* what) {\n        ui->prefLicen...'
src,../repos/FreeCAD/src/Gui/PreferencePages/DlgSettingsGeneral.cpp,"(551, 54)-(551, 113)","b'[this, pack]() { onLoadPreferencePackClicked(...'"
src,../repos/FreeCAD/src/Gui/PreferencePages/DlgSettingsGeneral.cpp,"(571, 92)-(576, 6)",b'[this]() {\n        auto parentDialog = qobjec...'
src,../repos/FreeCAD/src/Gui/PreferencePages/DlgSettingsGeneral.cpp,"(585, 121)-(592, 6)",b'[selection](PreferencePackManager::TemplateFi...'
src,../repos/FreeCAD/src/Gui/PreferencePages/DlgSettingsUI.cpp,"(649, 68)-(652, 6)",b'[this]() {\n        if (animator1->state() != ...'
src,../repos/FreeCAD/src/Gui/PreferencePages/DlgSettingsUI.cpp,"(657, 47)-(662, 6)",b'[=]() {\n        if (animator1->state() != QAb...'
src,../repos/FreeCAD/src/Gui/PreferencePages/DlgSettingsWorkbenchesImp.cpp,"(95, 56)-(95, 102)",b'[this](bool checked) { onWbToggled(checked); }'
src,../repos/FreeCAD/src/Gui/PreferencePages/DlgSettingsWorkbenchesImp.cpp,"(151, 54)-(151, 83)",b'[this]() { onLoadClicked(); }'
src,../repos/FreeCAD/src/Gui/PreferencePages/DlgSettingsWorkbenchesImp.cpp,"(246, 73)-(248, 6)","b'[this, contextMenu](const QPoint& pos) {\n    ...'"
src,../repos/FreeCAD/src/Gui/PreferencePages/DlgSettingsWorkbenchesImp.cpp,"(265, 24)-(272, 6)","b'[](std::string wbName, std::ostringstream& os...'"
src,../repos/FreeCAD/src/Gui/ViewProvider.cpp,"(231, 43)-(233, 26)",b'[doc]() {\n                            doc->re...'
