Repo name,File name,Location,Content
src,../repos/FreeCAD/src/App/FeaturePython.cpp,"(49, 33)-(49, 35)",b'py_##_name = Py::None();'
src,../repos/FreeCAD/src/App/Expression.cpp,"(1436, 100)-(1436, 102)",b'case OperatorExpression::_op: {\\\n        int ...'
src,../repos/FreeCAD/src/App/Expression.cpp,"(1449, 39)-(1449, 41)",b'res = inplace?PyNumber_InPlace##_pyop(l.ptr()...'
src,../repos/FreeCAD/src/App/Expression.cpp,"(1449, 98)-(1449, 100)",b'res = inplace?PyNumber_InPlace##_pyop(l.ptr()...'
src,../repos/FreeCAD/src/App/Link.h,"(80, 99)-(80, 101)","b'(LinkPlacement, Base::Placement, App::Propert...'"
src,../repos/FreeCAD/src/App/Link.h,"(83, 165)-(83, 167)","b'(Placement, Base::Placement, App::PropertyPla...'"
src,../repos/FreeCAD/src/App/Link.h,"(87, 81)-(87, 83)","b'(LinkedObject, App::DocumentObject*, App::Pro...'"
src,../repos/FreeCAD/src/App/Link.h,"(90, 115)-(90, 117)","b'(LinkTransform, bool, App::PropertyBool, fals...'"
src,../repos/FreeCAD/src/App/Link.h,"(94, 100)-(94, 102)","b'(LinkClaimChild, bool, App::PropertyBool, fal...'"
src,../repos/FreeCAD/src/App/Link.h,"(98, 424)-(98, 426)","b'(LinkCopyOnChange, long, App::PropertyEnumera...'"
src,../repos/FreeCAD/src/App/Link.h,"(106, 110)-(106, 112)","b'(LinkCopyOnChangeSource, App::DocumentObject*...'"
src,../repos/FreeCAD/src/App/Link.h,"(109, 146)-(109, 148)","b'(LinkCopyOnChangeGroup, App::DocumentObject*,...'"
src,../repos/FreeCAD/src/App/Link.h,"(113, 123)-(113, 125)","b'(LinkCopyOnChangeTouched, bool, App::Property...'"
src,../repos/FreeCAD/src/App/Link.h,"(116, 62)-(116, 64)","b'(Scale, double, App::PropertyFloat, 1.0, ""Sca...'"
src,../repos/FreeCAD/src/App/Link.h,"(119, 96)-(119, 98)","b'(ScaleVector, Base::Vector3d, App::PropertyVe...'"
src,../repos/FreeCAD/src/App/Link.h,"(122, 157)-(122, 159)","b'(PlacementList, std::vector<Base::Placement>,...'"
src,../repos/FreeCAD/src/App/Link.h,"(126, 152)-(126, 154)","b'(ScaleList, std::vector<Base::Vector3d>, App:...'"
src,../repos/FreeCAD/src/App/Link.h,"(130, 149)-(130, 151)","b'(VisibilityList, boost::dynamic_bitset<>, App...'"
src,../repos/FreeCAD/src/App/Link.h,"(134, 72)-(134, 74)","b'(ElementCount, int, App::PropertyInteger, 0, ...'"
src,../repos/FreeCAD/src/App/Link.h,"(137, 153)-(137, 155)","b'(ElementList, std::vector<App::DocumentObject...'"
src,../repos/FreeCAD/src/App/Link.h,"(141, 78)-(141, 80)","b'(ShowElement, bool, App::PropertyBool, true, ...'"
src,../repos/FreeCAD/src/App/Link.h,"(144, 78)-(144, 80)","b'(LinkMode, long, App::PropertyEnumeration, ((...'"
src,../repos/FreeCAD/src/App/Link.h,"(147, 139)-(147, 141)","b'(LinkExecute, const char*, App::PropertyStrin...'"
src,../repos/FreeCAD/src/App/Link.h,"(151, 108)-(151, 110)","b'(ColoredElements, App::DocumentObject*, App::...'"
src,../repos/FreeCAD/src/App/Link.h,"(154, 40)-(154, 42)",b'(LINK_PARAM_##_param())'
src,../repos/FreeCAD/src/App/Link.h,"(466, 75)-(466, 77)",b'BOOST_PP_EXPAND(_LINK_PARAM_EXT LINK_PARAM_##...'
src,../repos/FreeCAD/src/App/Link.h,"(474, 54)-(474, 56)",b'BOOST_PP_EXPAND(_LINK_PARAM_EXT_ATYPE LINK_PA...'
src,../repos/FreeCAD/src/App/Link.h,"(482, 53)-(482, 55)",b'BOOST_PP_EXPAND(_LINK_PARAM_EXT_TYPE LINK_PAR...'
src,../repos/FreeCAD/src/App/Link.h,"(489, 92)-(489, 94)",b'BOOST_PP_EXPAND(_LINK_PARAM_EXT_NAME LINK_PAR...'
src,../repos/FreeCAD/src/App/FeaturePython.h,"(113, 19)-(113, 21)",b'Py::Object py_##_name;'
src,../repos/FreeCAD/src/App/FeaturePython.h,"(116, 39)-(116, 41)","b'FC_PY_GetCallable(pyobj,#_name,py_##_name);\\\n...'"
src,../repos/FreeCAD/src/App/FeaturePython.h,"(116, 61)-(116, 63)","b'FC_PY_GetCallable(pyobj,#_name,py_##_name);\\\n...'"
src,../repos/FreeCAD/src/App/FeaturePython.h,"(116, 291)-(116, 293)","b'FC_PY_GetCallable(pyobj,#_name,py_##_name);\\\n...'"
src,../repos/FreeCAD/src/App/FeaturePython.h,"(116, 367)-(116, 369)","b'FC_PY_GetCallable(pyobj,#_name,py_##_name);\\\n...'"
src,../repos/FreeCAD/src/App/FeaturePython.h,"(130, 17)-(130, 19)","b'FlagCalling_##_name,\\\n    FlagAllowRecursive_...'"
src,../repos/FreeCAD/src/App/FeaturePython.h,"(130, 50)-(130, 52)","b'FlagCalling_##_name,\\\n    FlagAllowRecursive_...'"
src,../repos/FreeCAD/src/App/FeaturePython.h,"(134, 41)-(134, 43)",b'if((!_Flags.test(FlagAllowRecursive_##_name) ...'
src,../repos/FreeCAD/src/App/FeaturePython.h,"(134, 95)-(134, 97)",b'if((!_Flags.test(FlagAllowRecursive_##_name) ...'
src,../repos/FreeCAD/src/App/FeaturePython.h,"(134, 121)-(134, 123)",b'if((!_Flags.test(FlagAllowRecursive_##_name) ...'
src,../repos/FreeCAD/src/App/FeaturePython.h,"(134, 226)-(134, 228)",b'if((!_Flags.test(FlagAllowRecursive_##_name) ...'
src,../repos/FreeCAD/src/App/DocumentObserverPython.cpp,"(64, 105)-(64, 107)","b'do {\\\n        FC_PY_GetCallable(obj.ptr(), ""s...'"
src,../repos/FreeCAD/src/App/DocumentObserverPython.cpp,"(64, 135)-(64, 137)","b'do {\\\n        FC_PY_GetCallable(obj.ptr(), ""s...'"
src,../repos/FreeCAD/src/App/DocumentObserverPython.cpp,"(64, 172)-(64, 174)","b'do {\\\n        FC_PY_GetCallable(obj.ptr(), ""s...'"
src,../repos/FreeCAD/src/App/DocumentObserverPython.cpp,"(64, 216)-(64, 218)","b'do {\\\n        FC_PY_GetCallable(obj.ptr(), ""s...'"
src,../repos/FreeCAD/src/App/DocumentObserverPython.cpp,"(64, 294)-(64, 296)","b'do {\\\n        FC_PY_GetCallable(obj.ptr(), ""s...'"
src,../repos/FreeCAD/src/App/DocumentObserverPython.cpp,"(73, 105)-(73, 107)","b'do {\\\n        FC_PY_GetCallable(obj.ptr(), ""s...'"
src,../repos/FreeCAD/src/App/DocumentObserverPython.cpp,"(73, 135)-(73, 137)","b'do {\\\n        FC_PY_GetCallable(obj.ptr(), ""s...'"
src,../repos/FreeCAD/src/App/DocumentObserverPython.cpp,"(73, 172)-(73, 174)","b'do {\\\n        FC_PY_GetCallable(obj.ptr(), ""s...'"
src,../repos/FreeCAD/src/App/DocumentObserverPython.cpp,"(73, 216)-(73, 218)","b'do {\\\n        FC_PY_GetCallable(obj.ptr(), ""s...'"
src,../repos/FreeCAD/src/App/DocumentObserverPython.cpp,"(73, 294)-(73, 296)","b'do {\\\n        FC_PY_GetCallable(obj.ptr(), ""s...'"
src,../repos/FreeCAD/src/App/DocumentObserverPython.cpp,"(82, 105)-(82, 107)","b'do {\\\n        FC_PY_GetCallable(obj.ptr(), ""s...'"
src,../repos/FreeCAD/src/App/DocumentObserverPython.cpp,"(82, 135)-(82, 137)","b'do {\\\n        FC_PY_GetCallable(obj.ptr(), ""s...'"
src,../repos/FreeCAD/src/App/DocumentObserverPython.cpp,"(82, 172)-(82, 174)","b'do {\\\n        FC_PY_GetCallable(obj.ptr(), ""s...'"
src,../repos/FreeCAD/src/App/DocumentObserverPython.cpp,"(82, 216)-(82, 218)","b'do {\\\n        FC_PY_GetCallable(obj.ptr(), ""s...'"
src,../repos/FreeCAD/src/App/DocumentObserverPython.cpp,"(82, 294)-(82, 296)","b'do {\\\n        FC_PY_GetCallable(obj.ptr(), ""s...'"
src,../repos/FreeCAD/src/App/Property.cpp,"(94, 73)-(94, 75)",b'do {\\\n        if(testStatus(App::Property::Pr...'
src,../repos/FreeCAD/src/App/Property.cpp,"(94, 94)-(94, 96)",b'do {\\\n        if(testStatus(App::Property::Pr...'
src,../repos/FreeCAD/src/App/Property.cpp,"(107, 55)-(107, 57)",b'do{\\\n        if(type & Prop_##_name) StatusBi...'
src,../repos/FreeCAD/src/App/Property.cpp,"(107, 91)-(107, 93)",b'do{\\\n        if(type & Prop_##_name) StatusBi...'
src,../repos/FreeCAD/src/Base/PyObjectBase.h,"(93, 53)-(93, 55)",b'PyMODINIT_FUNC PyInit_##name(void)'
src,../repos/FreeCAD/src/Base/PyObjectBase.h,"(374, 91)-(374, 93)",b'PyObject * DFUNC (PyObject *args);  \\\nstatic ...'
src,../repos/FreeCAD/src/Base/PyObjectBase.h,"(417, 56)-(417, 58)","b'{"""" #FUNC """",(PyCFunction) s##FUNC,Py_NEWARGS},'"
src,../repos/FreeCAD/src/Base/Console.h,"(352, 80)-(352, 82)","b'static Base::LogLevel _name(_tag, ##__VA_ARGS__);'"
src,../repos/FreeCAD/src/Base/Console.h,"(358, 80)-(358, 82)","b'_FC_LOG_LEVEL_INIT(FC_LOG_INSTANCE, _tag, ##_...'"
src,../repos/FreeCAD/src/Base/Console.h,"(407, 45)-(407, 47)","b'FC_##_l(_msg << "" time: "" << _d.count() << \'s\');'"
src,../repos/FreeCAD/src/Gui/SelectionObserverPython.h,"(75, 44)-(75, 46)",b'Py::Object py_##_name;'
src,../repos/FreeCAD/src/Gui/ViewParams.h,"(73, 15)-(73, 17)",b'_ctype get##_name() const { return _name; }\\\n...'
src,../repos/FreeCAD/src/Gui/ViewParams.h,"(73, 62)-(73, 64)",b'_ctype get##_name() const { return _name; }\\\n...'
src,../repos/FreeCAD/src/Gui/ViewParams.h,"(73, 94)-(73, 96)",b'_ctype get##_name() const { return _name; }\\\n...'
src,../repos/FreeCAD/src/Gui/ViewParams.cpp,"(35, 24)-(35, 26)","b'_name = handle->Get##_type(#_name,_def);'"
src,../repos/FreeCAD/src/Gui/ViewParams.cpp,"(47, 65)-(47, 67)","b'if(strcmp(sReason,#_name)==0) {\\\n        _nam...'"
src,../repos/FreeCAD/src/Gui/CommandView.cpp,"(3519, 23)-(3519, 25)",b'DEF_STD_CMD_AC(StdTree##_name) \\\nvoid StdTree...'
src,../repos/FreeCAD/src/Gui/CommandView.cpp,"(3519, 46)-(3519, 48)",b'DEF_STD_CMD_AC(StdTree##_name) \\\nvoid StdTree...'
src,../repos/FreeCAD/src/Gui/CommandView.cpp,"(3519, 183)-(3519, 185)",b'DEF_STD_CMD_AC(StdTree##_name) \\\nvoid StdTree...'
src,../repos/FreeCAD/src/Gui/CommandView.cpp,"(3519, 412)-(3519, 414)",b'DEF_STD_CMD_AC(StdTree##_name) \\\nvoid StdTree...'
src,../repos/FreeCAD/src/Gui/CommandView.cpp,"(3591, 23)-(3591, 25)",b'DEF_STD_CMD_AC(StdTree##_name) \\\nvoid StdTree...'
src,../repos/FreeCAD/src/Gui/CommandView.cpp,"(3591, 46)-(3591, 48)",b'DEF_STD_CMD_AC(StdTree##_name) \\\nvoid StdTree...'
src,../repos/FreeCAD/src/Gui/CommandView.cpp,"(3591, 108)-(3591, 110)",b'DEF_STD_CMD_AC(StdTree##_name) \\\nvoid StdTree...'
src,../repos/FreeCAD/src/Gui/CommandView.cpp,"(3591, 139)-(3591, 141)",b'DEF_STD_CMD_AC(StdTree##_name) \\\nvoid StdTree...'
src,../repos/FreeCAD/src/Gui/CommandView.cpp,"(3591, 233)-(3591, 235)",b'DEF_STD_CMD_AC(StdTree##_name) \\\nvoid StdTree...'
src,../repos/FreeCAD/src/Gui/CommandView.cpp,"(3591, 462)-(3591, 464)",b'DEF_STD_CMD_AC(StdTree##_name) \\\nvoid StdTree...'
src,../repos/FreeCAD/src/Gui/CommandView.cpp,"(3591, 519)-(3591, 521)",b'DEF_STD_CMD_AC(StdTree##_name) \\\nvoid StdTree...'
src,../repos/FreeCAD/src/Gui/SelectionObserverPython.cpp,"(39, 68)-(39, 70)","b'FC_PY_GetCallable(obj.ptr(),#_name,py_##_name);'"
src,../repos/FreeCAD/src/Gui/propertyeditor/PropertyEditor.cpp,"(729, 164)-(729, 166)",b'do {\\\n                text = tr(#_name);\\\n   ...'
src,../repos/FreeCAD/src/Gui/propertyeditor/PropertyEditor.cpp,"(737, 114)-(737, 116)",b'do {\\\n                _ACTION_SETUP(_name);\\\n...'
src,../repos/FreeCAD/src/Gui/propertyeditor/PropertyEditor.cpp,"(770, 13)-(770, 15)",b'case MA_##_name:\\\n        for(auto prop : pro...'
src,../repos/FreeCAD/src/Gui/Tree.cpp,"(122, 47)-(122, 49)",b'FC_DURATION_DECLARE(_name);\\\n    int _name##_...'
src,../repos/FreeCAD/src/Gui/Tree.cpp,"(130, 48)-(130, 50)",b'FC_DURATION_INIT(_name);\\\n        _name##_cou...'
src,../repos/FreeCAD/src/Gui/Tree.cpp,"(138, 77)-(138, 79)","b'FC_DURATION_MSG(_name, #_name "" count: "" << _...'"
src,../repos/FreeCAD/src/Gui/Tree.cpp,"(144, 15)-(144, 17)",b'void time_##_name(FC_TIME_POINT &t) {\\\n      ...'
src,../repos/FreeCAD/src/Gui/Tree.cpp,"(144, 59)-(144, 61)",b'void time_##_name(FC_TIME_POINT &t) {\\\n      ...'
src,../repos/FreeCAD/src/Gui/Tree.cpp,"(180, 43)-(180, 45)",b'++_Stats._name##_count; TimingInfo _tt##_idx(...'
src,../repos/FreeCAD/src/Gui/Tree.cpp,"(180, 67)-(180, 69)",b'++_Stats._name##_count; TimingInfo _tt##_idx(...'
src,../repos/FreeCAD/src/Gui/Tree.cpp,"(182, 36)-(182, 38)",b'_tt##_idx.stop();'
src,../repos/FreeCAD/src/Gui/ViewProviderPythonFeature.cpp,"(69, 33)-(69, 35)",b'py_##_name = Py::None();'
src,../repos/FreeCAD/src/Gui/Command.h,"(150, 290)-(150, 292)",b'do{\\\n    auto __obj = _obj;\\\n    if(__obj && ...'
src,../repos/FreeCAD/src/Gui/Command.h,"(163, 291)-(163, 293)",b'do{\\\n    auto __obj = _obj;\\\n    if(__obj && ...'
src,../repos/FreeCAD/src/Gui/Command.h,"(458, 65)-(458, 67)","b'_doCommand(__FILE__,__LINE__,_type,##__VA_ARGS__)'"
src,../repos/FreeCAD/src/Gui/AxisOrigin.cpp,"(103, 601)-(103, 603)",b'do{\\\n        const char *label=_key;\\\n       ...'
src,../repos/FreeCAD/src/Gui/AxisOrigin.cpp,"(103, 608)-(103, 610)",b'do{\\\n        const char *label=_key;\\\n       ...'
src,../repos/FreeCAD/src/Gui/DocumentObserverPython.cpp,"(62, 105)-(62, 107)","b'do {\\\n        FC_PY_GetCallable(obj.ptr(), ""s...'"
src,../repos/FreeCAD/src/Gui/DocumentObserverPython.cpp,"(62, 135)-(62, 137)","b'do {\\\n        FC_PY_GetCallable(obj.ptr(), ""s...'"
src,../repos/FreeCAD/src/Gui/DocumentObserverPython.cpp,"(62, 172)-(62, 174)","b'do {\\\n        FC_PY_GetCallable(obj.ptr(), ""s...'"
src,../repos/FreeCAD/src/Gui/DocumentObserverPython.cpp,"(62, 217)-(62, 219)","b'do {\\\n        FC_PY_GetCallable(obj.ptr(), ""s...'"
src,../repos/FreeCAD/src/Gui/DocumentObserverPython.cpp,"(62, 295)-(62, 297)","b'do {\\\n        FC_PY_GetCallable(obj.ptr(), ""s...'"
src,../repos/FreeCAD/src/Gui/DocumentObserverPython.cpp,"(70, 105)-(70, 107)","b'do {\\\n        FC_PY_GetCallable(obj.ptr(), ""s...'"
src,../repos/FreeCAD/src/Gui/DocumentObserverPython.cpp,"(70, 135)-(70, 137)","b'do {\\\n        FC_PY_GetCallable(obj.ptr(), ""s...'"
src,../repos/FreeCAD/src/Gui/DocumentObserverPython.cpp,"(70, 172)-(70, 174)","b'do {\\\n        FC_PY_GetCallable(obj.ptr(), ""s...'"
src,../repos/FreeCAD/src/Gui/DocumentObserverPython.cpp,"(70, 217)-(70, 219)","b'do {\\\n        FC_PY_GetCallable(obj.ptr(), ""s...'"
src,../repos/FreeCAD/src/Gui/DocumentObserverPython.cpp,"(70, 295)-(70, 297)","b'do {\\\n        FC_PY_GetCallable(obj.ptr(), ""s...'"
src,../repos/FreeCAD/src/CXX/Python3/Exception.hxx,"(106, 154)-(106, 156)",b'class PYCXX_EXPORT eclass : public bclass \\\n ...'
src,../repos/FreeCAD/src/CXX/Python3/Exception.hxx,"(106, 248)-(106, 250)",b'class PYCXX_EXPORT eclass : public bclass \\\n ...'
src,../repos/FreeCAD/src/CXX/Python3/Exception.hxx,"(106, 424)-(106, 426)",b'class PYCXX_EXPORT eclass : public bclass \\\n ...'
src,../repos/FreeCAD/src/CXX/Python3/IndirectPythonInterface.hxx,"(54, 34)-(54, 36)",b'PYCXX_EXPORT PyObject * _Exc_##eclass();'
src,../repos/FreeCAD/src/CXX/Python3/ExtensionType.hxx,"(41, 61)-(41, 63)",b'_callNoArgsMethod__##NAME'
src,../repos/FreeCAD/src/CXX/Python3/ExtensionType.hxx,"(42, 63)-(42, 65)",b'_callVarArgsMethod__##NAME'
src,../repos/FreeCAD/src/CXX/Python3/ExtensionType.hxx,"(43, 65)-(43, 67)",b'_callKeywordsMethod__##NAME'
src,../repos/FreeCAD/src/CXX/Python3/cxx_extensions.cxx,"(346, 46)-(346, 48)",b'if( methods_to_support&support_sequence_ ## s...'
src,../repos/FreeCAD/src/CXX/Python3/cxx_extensions.cxx,"(346, 82)-(346, 84)",b'if( methods_to_support&support_sequence_ ## s...'
src,../repos/FreeCAD/src/CXX/Python3/cxx_extensions.cxx,"(346, 130)-(346, 132)",b'if( methods_to_support&support_sequence_ ## s...'
src,../repos/FreeCAD/src/CXX/Python3/cxx_extensions.cxx,"(346, 138)-(346, 140)",b'if( methods_to_support&support_sequence_ ## s...'
src,../repos/FreeCAD/src/CXX/Python3/cxx_extensions.cxx,"(351, 46)-(351, 48)",b'if( methods_to_support&support_sequence_ ## s...'
src,../repos/FreeCAD/src/CXX/Python3/cxx_extensions.cxx,"(351, 88)-(351, 90)",b'if( methods_to_support&support_sequence_ ## s...'
src,../repos/FreeCAD/src/CXX/Python3/cxx_extensions.cxx,"(351, 108)-(351, 110)",b'if( methods_to_support&support_sequence_ ## s...'
src,../repos/FreeCAD/src/CXX/Python3/cxx_extensions.cxx,"(351, 116)-(351, 118)",b'if( methods_to_support&support_sequence_ ## s...'
src,../repos/FreeCAD/src/CXX/Python3/cxx_extensions.cxx,"(382, 45)-(382, 47)",b'if( methods_to_support&support_mapping_ ## sl...'
src,../repos/FreeCAD/src/CXX/Python3/cxx_extensions.cxx,"(382, 81)-(382, 83)",b'if( methods_to_support&support_mapping_ ## sl...'
src,../repos/FreeCAD/src/CXX/Python3/cxx_extensions.cxx,"(382, 128)-(382, 130)",b'if( methods_to_support&support_mapping_ ## sl...'
src,../repos/FreeCAD/src/CXX/Python3/cxx_extensions.cxx,"(382, 136)-(382, 138)",b'if( methods_to_support&support_mapping_ ## sl...'
src,../repos/FreeCAD/src/CXX/Python3/cxx_extensions.cxx,"(387, 45)-(387, 47)",b'if( methods_to_support&support_mapping_ ## sl...'
src,../repos/FreeCAD/src/CXX/Python3/cxx_extensions.cxx,"(387, 86)-(387, 88)",b'if( methods_to_support&support_mapping_ ## sl...'
src,../repos/FreeCAD/src/CXX/Python3/cxx_extensions.cxx,"(387, 105)-(387, 107)",b'if( methods_to_support&support_mapping_ ## sl...'
src,../repos/FreeCAD/src/CXX/Python3/cxx_extensions.cxx,"(387, 113)-(387, 115)",b'if( methods_to_support&support_mapping_ ## sl...'
src,../repos/FreeCAD/src/CXX/Python3/cxx_extensions.cxx,"(413, 44)-(413, 46)",b'if( methods_to_support&support_number_ ## slo...'
src,../repos/FreeCAD/src/CXX/Python3/cxx_extensions.cxx,"(413, 80)-(413, 82)",b'if( methods_to_support&support_number_ ## slo...'
src,../repos/FreeCAD/src/CXX/Python3/cxx_extensions.cxx,"(413, 126)-(413, 128)",b'if( methods_to_support&support_number_ ## slo...'
src,../repos/FreeCAD/src/CXX/Python3/cxx_extensions.cxx,"(413, 134)-(413, 136)",b'if( methods_to_support&support_number_ ## slo...'
src,../repos/FreeCAD/src/CXX/Python3/cxx_extensions.cxx,"(417, 52)-(417, 54)",b'if( inplace_methods_to_support&support_number...'
src,../repos/FreeCAD/src/CXX/Python3/cxx_extensions.cxx,"(417, 88)-(417, 90)",b'if( inplace_methods_to_support&support_number...'
src,../repos/FreeCAD/src/CXX/Python3/cxx_extensions.cxx,"(417, 134)-(417, 136)",b'if( inplace_methods_to_support&support_number...'
src,../repos/FreeCAD/src/CXX/Python3/cxx_extensions.cxx,"(417, 142)-(417, 144)",b'if( inplace_methods_to_support&support_number...'
src,../repos/FreeCAD/src/CXX/Python3/cxx_extensions.cxx,"(422, 44)-(422, 46)",b'if( methods_to_support&support_number_ ## slo...'
src,../repos/FreeCAD/src/CXX/Python3/cxx_extensions.cxx,"(422, 84)-(422, 86)",b'if( methods_to_support&support_number_ ## slo...'
src,../repos/FreeCAD/src/CXX/Python3/cxx_extensions.cxx,"(422, 102)-(422, 104)",b'if( methods_to_support&support_number_ ## slo...'
src,../repos/FreeCAD/src/CXX/Python3/cxx_extensions.cxx,"(422, 110)-(422, 112)",b'if( methods_to_support&support_number_ ## slo...'
src,../repos/FreeCAD/src/CXX/Python3/cxx_extensions.cxx,"(426, 52)-(426, 54)",b'if( inplace_methods_to_support&support_number...'
src,../repos/FreeCAD/src/CXX/Python3/cxx_extensions.cxx,"(426, 92)-(426, 94)",b'if( inplace_methods_to_support&support_number...'
src,../repos/FreeCAD/src/CXX/Python3/cxx_extensions.cxx,"(426, 110)-(426, 112)",b'if( inplace_methods_to_support&support_number...'
src,../repos/FreeCAD/src/CXX/Python3/cxx_extensions.cxx,"(426, 118)-(426, 120)",b'if( inplace_methods_to_support&support_number...'
src,../repos/FreeCAD/src/CXX/Python3/cxx_extensions.cxx,"(1200, 30)-(1200, 32)","b'extern ""C"" PyObject *number_ ## slot ## _hand...'"
src,../repos/FreeCAD/src/CXX/Python3/cxx_extensions.cxx,"(1200, 38)-(1200, 40)","b'extern ""C"" PyObject *number_ ## slot ## _hand...'"
src,../repos/FreeCAD/src/CXX/Python3/cxx_extensions.cxx,"(1200, 203)-(1200, 205)","b'extern ""C"" PyObject *number_ ## slot ## _hand...'"
src,../repos/FreeCAD/src/CXX/Python3/cxx_extensions.cxx,"(1214, 30)-(1214, 32)","b'extern ""C"" PyObject *number_ ## slot ## _hand...'"
src,../repos/FreeCAD/src/CXX/Python3/cxx_extensions.cxx,"(1214, 38)-(1214, 40)","b'extern ""C"" PyObject *number_ ## slot ## _hand...'"
src,../repos/FreeCAD/src/CXX/Python3/cxx_extensions.cxx,"(1214, 220)-(1214, 222)","b'extern ""C"" PyObject *number_ ## slot ## _hand...'"
src,../repos/FreeCAD/src/CXX/Python3/cxx_extensions.cxx,"(1227, 30)-(1227, 32)","b'extern ""C"" PyObject *number_ ## slot ## _hand...'"
src,../repos/FreeCAD/src/CXX/Python3/cxx_extensions.cxx,"(1227, 38)-(1227, 40)","b'extern ""C"" PyObject *number_ ## slot ## _hand...'"
src,../repos/FreeCAD/src/CXX/Python3/cxx_extensions.cxx,"(1227, 239)-(1227, 241)","b'extern ""C"" PyObject *number_ ## slot ## _hand...'"
src,../repos/FreeCAD/src/CXX/Python3/cxx_extensions.cxx,"(1544, 66)-(1544, 68)",b'Object PythonExtensionBase::number_ ## slot()...'
src,../repos/FreeCAD/src/CXX/Python3/cxx_extensions.cxx,"(1544, 108)-(1544, 110)",b'Object PythonExtensionBase::number_ ## slot()...'
src,../repos/FreeCAD/src/CXX/Python3/cxx_extensions.cxx,"(1546, 67)-(1546, 69)",b'Object PythonExtensionBase::number_ ## slot( ...'
src,../repos/FreeCAD/src/CXX/Python3/cxx_extensions.cxx,"(1546, 125)-(1546, 127)",b'Object PythonExtensionBase::number_ ## slot( ...'
src,../repos/FreeCAD/src/CXX/Python3/cxx_extensions.cxx,"(1548, 68)-(1548, 70)",b'Object PythonExtensionBase::number_ ## slot( ...'
src,../repos/FreeCAD/src/CXX/Python3/cxx_extensions.cxx,"(1548, 142)-(1548, 144)",b'Object PythonExtensionBase::number_ ## slot( ...'
src,../repos/FreeCAD/src/CXX/IndirectPythonInterface.cxx,"(85, 30)-(85, 32)",b'static PyObject *ptr_Exc_##eclass = NULL;'
src,../repos/FreeCAD/src/CXX/IndirectPythonInterface.cxx,"(470, 33)-(470, 35)",b'PYCXX_EXPORT PyObject *_Exc_##eclass() { retu...'
src,../repos/FreeCAD/src/CXX/IndirectPythonInterface.cxx,"(470, 61)-(470, 63)",b'PYCXX_EXPORT PyObject *_Exc_##eclass() { retu...'
src,../repos/FreeCAD/src/CXX/Python2/ExtensionType.hxx,"(41, 61)-(41, 63)",b'_callNoArgsMethod__##NAME'
src,../repos/FreeCAD/src/CXX/Python2/ExtensionType.hxx,"(42, 63)-(42, 65)",b'_callVarArgsMethod__##NAME'
src,../repos/FreeCAD/src/CXX/Python2/ExtensionType.hxx,"(43, 65)-(43, 67)",b'_callKeywordsMethod__##NAME'
