Repo name,File name,Location,Content
src,../repos/FreeCAD/src/App/PropertyStandard.h,"(86, 42)-(86, 56)",b'decltype(this)'
src,../repos/FreeCAD/src/App/PropertyStandard.h,"(134, 42)-(134, 56)",b'decltype(this)'
src,../repos/FreeCAD/src/App/PropertyStandard.h,"(236, 41)-(236, 55)",b'decltype(this)'
src,../repos/FreeCAD/src/App/PropertyStandard.h,"(415, 43)-(415, 57)",b'decltype(this)'
src,../repos/FreeCAD/src/App/PropertyStandard.h,"(475, 43)-(475, 57)",b'decltype(this)'
src,../repos/FreeCAD/src/App/PropertyStandard.h,"(531, 42)-(531, 56)",b'decltype(this)'
src,../repos/FreeCAD/src/App/PropertyStandard.h,"(720, 45)-(720, 59)",b'decltype(this)'
src,../repos/FreeCAD/src/App/PropertyStandard.h,"(770, 48)-(770, 62)",b'decltype(this)'
src,../repos/FreeCAD/src/App/PropertyStandard.h,"(794, 42)-(794, 56)",b'decltype(this)'
src,../repos/FreeCAD/src/App/PropertyStandard.h,"(881, 42)-(881, 56)",b'decltype(this)'
src,../repos/FreeCAD/src/App/PropertyStandard.h,"(962, 42)-(962, 56)",b'decltype(this)'
src,../repos/FreeCAD/src/App/PropertyStandard.h,"(1055, 42)-(1055, 56)",b'decltype(this)'
src,../repos/FreeCAD/src/App/PropertyFile.h,"(105, 45)-(105, 59)",b'decltype(this)'
src,../repos/FreeCAD/src/App/PropertyFile.h,"(106, 45)-(106, 59)",b'decltype(this)'
src,../repos/FreeCAD/src/App/PropertyFile.h,"(107, 39)-(107, 53)",b'decltype(this)'
src,../repos/FreeCAD/src/App/PropertyLinks.cpp,"(4351, 9)-(4351, 25)",b'decltype(_Links)'
src,../repos/FreeCAD/src/App/PropertyContainer.cpp,"(365, 13)-(365, 43)",b'decltype(Property::StatusBits)'
src,../repos/FreeCAD/src/App/PropertyContainer.cpp,"(367, 26)-(367, 42)",b'decltype(status)'
src,../repos/FreeCAD/src/App/PropertyUnits.h,"(70, 42)-(70, 56)",b'decltype(this)'
src,../repos/FreeCAD/src/App/PropertyUnits.h,"(71, 37)-(71, 51)",b'decltype(this)'
src,../repos/FreeCAD/src/App/Property.h,"(528, 48)-(528, 62)",b'decltype(this)'
src,../repos/FreeCAD/src/App/Document.cpp,"(2930, 9)-(2930, 40)",b'decltype(doc->d->pendingRemove)'
src,../repos/FreeCAD/src/App/Property.cpp,"(230, 32)-(230, 52)",b'decltype(StatusBits)'
src,../repos/FreeCAD/src/App/Property.cpp,"(275, 18)-(275, 38)",b'decltype(StatusBits)'
src,../repos/FreeCAD/src/App/PropertyGeo.h,"(112, 43)-(112, 57)",b'decltype(this)'
src,../repos/FreeCAD/src/App/PropertyGeo.h,"(289, 42)-(289, 56)",b'decltype(this)'
src,../repos/FreeCAD/src/App/PropertyGeo.h,"(363, 42)-(363, 56)",b'decltype(this)'
src,../repos/FreeCAD/src/Gui/Macro.cpp,"(286, 5)-(286, 33)",b'decltype(buffer.pendingLine)'
src,../repos/FreeCAD/src/Gui/ParamHandler.h,"(178, 72)-(178, 86)",b'decltype(wrap)'
src,../repos/FreeCAD/src/Gui/ParamHandler.h,"(188, 72)-(188, 86)",b'decltype(wrap)'
src,../repos/FreeCAD/src/Gui/ParamHandler.h,"(202, 72)-(202, 86)",b'decltype(wrap)'
src,../repos/FreeCAD/src/Gui/ParamHandler.h,"(216, 72)-(216, 86)",b'decltype(wrap)'
