Repo name,File name,Location,Content
src,../repos/FreeCAD/src/App/Origin.h,"(120, 12)-(120, 21)",b'static constexpr const char* AxisRoles[3] = {...'
src,../repos/FreeCAD/src/App/Origin.h,"(120, 22)-(120, 27)",b'static constexpr const char* AxisRoles[3] = {...'
src,../repos/FreeCAD/src/App/Origin.h,"(122, 12)-(122, 21)",b'static constexpr const char* PlaneRoles[3] = ...'
src,../repos/FreeCAD/src/App/Origin.h,"(122, 22)-(122, 27)",b'static constexpr const char* PlaneRoles[3] = ...'
src,../repos/FreeCAD/src/App/ProgramOptionsUtilities.h,"(60, 5)-(60, 14)","b'constexpr std::array knowns {""display"",\n     ...'"
src,../repos/FreeCAD/src/App/ElementNamingUtils.h,"(12, 1)-(12, 10)",b'constexpr const char* ELEMENT_MAP_PREFIX     ...'
src,../repos/FreeCAD/src/App/ElementNamingUtils.h,"(12, 11)-(12, 16)",b'constexpr const char* ELEMENT_MAP_PREFIX     ...'
src,../repos/FreeCAD/src/App/ElementNamingUtils.h,"(13, 1)-(13, 10)",b'constexpr size_t      ELEMENT_MAP_PREFIX_SIZE...'
src,../repos/FreeCAD/src/App/ElementNamingUtils.h,"(16, 1)-(16, 10)",b'constexpr const char* MISSING_PREFIX         ...'
src,../repos/FreeCAD/src/App/ElementNamingUtils.h,"(16, 11)-(16, 16)",b'constexpr const char* MISSING_PREFIX         ...'
src,../repos/FreeCAD/src/App/ElementNamingUtils.h,"(21, 1)-(21, 10)",b'constexpr const char* MAPPED_CHILD_ELEMENTS_P...'
src,../repos/FreeCAD/src/App/ElementNamingUtils.h,"(21, 11)-(21, 16)",b'constexpr const char* MAPPED_CHILD_ELEMENTS_P...'
src,../repos/FreeCAD/src/App/ElementNamingUtils.h,"(24, 1)-(24, 10)",b'constexpr const char* POSTFIX_TAG            ...'
src,../repos/FreeCAD/src/App/ElementNamingUtils.h,"(24, 11)-(24, 16)",b'constexpr const char* POSTFIX_TAG            ...'
src,../repos/FreeCAD/src/App/ElementNamingUtils.h,"(25, 1)-(25, 10)",b'constexpr size_t      POSTFIX_TAG_SIZE       ...'
src,../repos/FreeCAD/src/App/ElementNamingUtils.h,"(27, 1)-(27, 10)",b'constexpr const char* POSTFIX_DECIMAL_TAG    ...'
src,../repos/FreeCAD/src/App/ElementNamingUtils.h,"(27, 11)-(27, 16)",b'constexpr const char* POSTFIX_DECIMAL_TAG    ...'
src,../repos/FreeCAD/src/App/ElementNamingUtils.h,"(28, 1)-(28, 10)",b'constexpr const char* POSTFIX_EXTERNAL_TAG   ...'
src,../repos/FreeCAD/src/App/ElementNamingUtils.h,"(28, 11)-(28, 16)",b'constexpr const char* POSTFIX_EXTERNAL_TAG   ...'
src,../repos/FreeCAD/src/App/ElementNamingUtils.h,"(29, 1)-(29, 10)",b'constexpr const char* POSTFIX_CHILD          ...'
src,../repos/FreeCAD/src/App/ElementNamingUtils.h,"(29, 11)-(29, 16)",b'constexpr const char* POSTFIX_CHILD          ...'
src,../repos/FreeCAD/src/App/ElementNamingUtils.h,"(32, 1)-(32, 10)",b'constexpr const char* POSTFIX_INDEX          ...'
src,../repos/FreeCAD/src/App/ElementNamingUtils.h,"(32, 11)-(32, 16)",b'constexpr const char* POSTFIX_INDEX          ...'
src,../repos/FreeCAD/src/App/ElementNamingUtils.h,"(33, 1)-(33, 10)",b'constexpr const char* POSTFIX_UPPER          ...'
src,../repos/FreeCAD/src/App/ElementNamingUtils.h,"(33, 11)-(33, 16)",b'constexpr const char* POSTFIX_UPPER          ...'
src,../repos/FreeCAD/src/App/ElementNamingUtils.h,"(34, 1)-(34, 10)",b'constexpr const char* POSTFIX_LOWER          ...'
src,../repos/FreeCAD/src/App/ElementNamingUtils.h,"(34, 11)-(34, 16)",b'constexpr const char* POSTFIX_LOWER          ...'
src,../repos/FreeCAD/src/App/ElementNamingUtils.h,"(35, 1)-(35, 10)",b'constexpr const char* POSTFIX_MOD            ...'
src,../repos/FreeCAD/src/App/ElementNamingUtils.h,"(35, 11)-(35, 16)",b'constexpr const char* POSTFIX_MOD            ...'
src,../repos/FreeCAD/src/App/ElementNamingUtils.h,"(36, 1)-(36, 10)",b'constexpr const char* POSTFIX_GEN            ...'
src,../repos/FreeCAD/src/App/ElementNamingUtils.h,"(36, 11)-(36, 16)",b'constexpr const char* POSTFIX_GEN            ...'
src,../repos/FreeCAD/src/App/ElementNamingUtils.h,"(37, 1)-(37, 10)",b'constexpr const char* POSTFIX_MODGEN         ...'
src,../repos/FreeCAD/src/App/ElementNamingUtils.h,"(37, 11)-(37, 16)",b'constexpr const char* POSTFIX_MODGEN         ...'
src,../repos/FreeCAD/src/App/ElementNamingUtils.h,"(38, 1)-(38, 10)",b'constexpr const char* POSTFIX_DUPLICATE      ...'
src,../repos/FreeCAD/src/App/ElementNamingUtils.h,"(38, 11)-(38, 16)",b'constexpr const char* POSTFIX_DUPLICATE      ...'
src,../repos/FreeCAD/src/App/License.h,"(37, 1)-(37, 10)",b'constexpr int colsInArray = 3;'
src,../repos/FreeCAD/src/App/License.h,"(39, 1)-(39, 10)",b'constexpr int posnOfIdentifier = 0;'
src,../repos/FreeCAD/src/App/License.h,"(40, 1)-(40, 10)",b'constexpr int posnOfFullName = 1;'
src,../repos/FreeCAD/src/App/License.h,"(41, 1)-(41, 10)",b'constexpr int posnOfUrl = 2;'
src,../repos/FreeCAD/src/App/License.h,"(42, 1)-(42, 10)",b'constexpr int countOfLicenses {18};'
src,../repos/FreeCAD/src/App/License.h,"(44, 1)-(44, 10)","b'constexpr std::array<TLicenseArr, countOfLice...'"
src,../repos/FreeCAD/src/App/License.h,"(66, 5)-(66, 14)",b'int constexpr findLicense(const char* identif...'
src,../repos/FreeCAD/src/Base/Base64.h,"(48, 8)-(48, 17)",b'static constexpr size_t base64DecodeTableSize...'
src,../repos/FreeCAD/src/Base/Console.h,"(846, 12)-(846, 21)",b'inline constexpr FreeCAD_ConsoleMsgType getCo...'
src,../repos/FreeCAD/src/Base/Console.h,"(916, 8)-(916, 17)",b'inline constexpr ConsoleSingleton::FreeCAD_Co...'
src,../repos/FreeCAD/src/Base/Console.h,"(919, 5)-(919, 14)",b'constexpr std::array msgTypes {// In order of...'
src,../repos/FreeCAD/src/Base/Bitmask.h,"(54, 16)-(54, 25)",b'static constexpr bool allow_bitops = true;'
src,../repos/FreeCAD/src/Base/Bitmask.h,"(67, 1)-(67, 10)",b'constexpr enum_traits<>::t<T> operator~(T a) ...'
src,../repos/FreeCAD/src/Base/Bitmask.h,"(71, 1)-(71, 10)","b'constexpr enum_traits<>::t<T> operator|(T a, ...'"
src,../repos/FreeCAD/src/Base/Bitmask.h,"(77, 1)-(77, 10)","b'constexpr enum_traits<>::t<T> operator&(T a, ...'"
src,../repos/FreeCAD/src/Base/Bitmask.h,"(83, 1)-(83, 10)","b'constexpr enum_traits<>::t<T> operator^(T a, ...'"
src,../repos/FreeCAD/src/Base/Bitmask.h,"(89, 1)-(89, 10)","b'constexpr enum_traits<>::t<T, T&> operator|=(...'"
src,../repos/FreeCAD/src/Base/Bitmask.h,"(94, 1)-(94, 10)","b'constexpr enum_traits<>::t<T, T&> operator&=(...'"
src,../repos/FreeCAD/src/Base/Bitmask.h,"(99, 1)-(99, 10)","b'constexpr enum_traits<>::t<T, T&> operator^=(...'"
src,../repos/FreeCAD/src/Base/Bitmask.h,"(116, 5)-(116, 14)",b'constexpr inline Flags(Enum f) : i(f) {}'
src,../repos/FreeCAD/src/Base/Bitmask.h,"(117, 5)-(117, 14)",b'constexpr bool testFlag(Enum f) const {\n     ...'
src,../repos/FreeCAD/src/Base/Bitmask.h,"(121, 5)-(121, 14)","b'constexpr inline void setFlag(Enum f, bool on...'"
src,../repos/FreeCAD/src/Base/Bitmask.h,"(124, 5)-(124, 14)",b'constexpr bool isEqual(Flags f) const {\n     ...'
src,../repos/FreeCAD/src/Base/Builder3D.cpp,"(51, 1)-(51, 10)",b'constexpr float valueMinLegal {-1.0F};'
src,../repos/FreeCAD/src/Base/Builder3D.cpp,"(52, 1)-(52, 10)",b'constexpr float valueMaxLegal {1.0F};'
src,../repos/FreeCAD/src/Base/Base64Filter.h,"(51, 8)-(51, 17)",b'static constexpr int base64DefaultBufferSize {80};'
src,../repos/FreeCAD/src/Base/Base64Filter.h,"(77, 16)-(77, 25)",b'static constexpr int defaultBufferSize {1024};'
src,../repos/FreeCAD/src/Base/Base64Filter.h,"(174, 16)-(174, 25)",b'static constexpr int defaultBufferSize {1024};'
src,../repos/FreeCAD/src/Gui/PreferencePackManager.cpp,"(563, 5)-(563, 14)",b'constexpr auto oneWeek = 60.0 * 60.0 * 24.0 * 7.0;'
src,../repos/FreeCAD/src/Gui/DlgPreferencesImp.h,"(52, 12)-(52, 21)","b'static constexpr char const* PropertyName = ""...'"
src,../repos/FreeCAD/src/Gui/DlgPreferencesImp.h,"(52, 27)-(52, 32)","b'static constexpr char const* PropertyName = ""...'"
src,../repos/FreeCAD/src/Gui/Quarter/SoQTQuarterAdaptor.cpp,"(147, 1)-(147, 10)",b'constexpr const int defaultSize = 100;'
src,../repos/FreeCAD/src/Gui/Quarter/SoQTQuarterAdaptor.cpp,"(147, 11)-(147, 16)",b'constexpr const int defaultSize = 100;'
src,../repos/FreeCAD/src/Gui/Quarter/SoQTQuarterAdaptor.cpp,"(705, 5)-(705, 14)",b'constexpr const float mid = 0.5F;'
src,../repos/FreeCAD/src/Gui/Quarter/SoQTQuarterAdaptor.cpp,"(705, 15)-(705, 20)",b'constexpr const float mid = 0.5F;'
src,../repos/FreeCAD/src/Gui/Quarter/SoQTQuarterAdaptor.cpp,"(723, 5)-(723, 14)",b'constexpr const float delta = 0.1F;'
src,../repos/FreeCAD/src/Gui/Quarter/SoQTQuarterAdaptor.cpp,"(723, 15)-(723, 20)",b'constexpr const float delta = 0.1F;'
src,../repos/FreeCAD/src/Gui/Quarter/SoQTQuarterAdaptor.cpp,"(776, 5)-(776, 14)",b'constexpr const double FPS_FACTOR = 0.7;'
src,../repos/FreeCAD/src/Gui/Quarter/SoQTQuarterAdaptor.cpp,"(776, 15)-(776, 20)",b'constexpr const double FPS_FACTOR = 0.7;'
src,../repos/FreeCAD/src/Gui/Quarter/SoQTQuarterAdaptor.cpp,"(777, 5)-(777, 14)",b'constexpr const double FIVE_SECS = 5000.0;'
src,../repos/FreeCAD/src/Gui/Quarter/SoQTQuarterAdaptor.cpp,"(777, 15)-(777, 20)",b'constexpr const double FIVE_SECS = 5000.0;'
src,../repos/FreeCAD/src/Gui/Quarter/SoQTQuarterAdaptor.cpp,"(778, 5)-(778, 14)",b'constexpr const float ONE_SEC = 1000.0F;'
src,../repos/FreeCAD/src/Gui/Quarter/SoQTQuarterAdaptor.cpp,"(778, 15)-(778, 20)",b'constexpr const float ONE_SEC = 1000.0F;'
src,../repos/FreeCAD/src/Gui/View3DInventorViewer.cpp,"(263, 5)-(263, 10)",b'const SoEvent* translateEvent(QEvent* event) ...'
src,../repos/FreeCAD/src/Gui/View3DInventorViewer.cpp,"(282, 13)-(282, 22)",b'constexpr const float rotationConstant(.0001F);'
src,../repos/FreeCAD/src/Gui/View3DInventorViewer.cpp,"(282, 23)-(282, 28)",b'constexpr const float rotationConstant(.0001F);'
src,../repos/FreeCAD/src/Gui/View3DInventorViewer.cpp,"(2140, 5)-(2140, 14)",b'constexpr const int maxAlpha = 255;'
src,../repos/FreeCAD/src/Gui/View3DInventorViewer.cpp,"(2140, 15)-(2140, 20)",b'constexpr const int maxAlpha = 255;'
src,../repos/FreeCAD/src/Gui/ViewProviderOrigin.h,"(81, 12)-(81, 21)",b'static constexpr float axesScaling = 1.5f;'
src,../repos/FreeCAD/src/Gui/MainWindow.cpp,"(1931, 5)-(1931, 14)",b'constexpr float halfDensity (0.5);'
src,../repos/FreeCAD/src/Gui/MainWindow.cpp,"(1958, 5)-(1958, 14)",b'constexpr float lineExpansionFactor(2.3F);'
