Repo name,File name,Location,Content
src,../repos/FreeCAD/src/App/MaterialObject.h,"(52, 1)-(52, 66)",b'using MaterialObjectPython = App::FeaturePyth...'
src,../repos/FreeCAD/src/App/PropertyLinks.h,"(43, 1)-(43, 45)",b'using DocInfoPtr = std::shared_ptr<DocInfo>;'
src,../repos/FreeCAD/src/App/PropertyLinks.h,"(677, 5)-(677, 105)",b'using inherited = PropertyListsT<DocumentObje...'
src,../repos/FreeCAD/src/App/PropertyLinks.h,"(1201, 5)-(1201, 110)",b'using atomic_change = typename AtomicProperty...'
src,../repos/FreeCAD/src/App/Graphviz.cpp,"(77, 5)-(77, 67)",b'using GraphvizAttributes = std::map<std::stri...'
src,../repos/FreeCAD/src/App/Graphviz.cpp,"(78, 5)-(85, 29)",b'using Graph = boost::subgraph< adjacency_list...'
src,../repos/FreeCAD/src/App/Graphviz.cpp,"(541, 9)-(541, 63)",b'using EdgeMap = std::unordered_multimap<Verte...'
src,../repos/FreeCAD/src/App/ComplexGeoData.h,"(49, 1)-(49, 38)",b'using BoundBox3d = BoundBox3<double>;'
src,../repos/FreeCAD/src/App/PropertyExpressionEngine.h,"(45, 1)-(45, 51)",b'using ExpressionPtr = std::unique_ptr<Expression>;'
src,../repos/FreeCAD/src/App/PropertyExpressionEngine.h,"(80, 5)-(80, 136)",b'using ValidatorFunc = std::function<std::stri...'
src,../repos/FreeCAD/src/App/PropertyExpressionEngine.h,"(173, 5)-(173, 38)","b'using Edge = std::pair<int, int>;'"
src,../repos/FreeCAD/src/App/PropertyExpressionEngine.h,"(176, 5)-(176, 75)",b'using ExpressionMap = std::map<App::ObjectIde...'
src,../repos/FreeCAD/src/App/PropertyExpressionEngine.h,"(178, 5)-(178, 81)",b'using ExpressionMap = std::map<const App::Obj...'
src,../repos/FreeCAD/src/App/PropertyStandard.h,"(801, 5)-(801, 51)",b'using inherited = PropertyListsT<std::string>;'
src,../repos/FreeCAD/src/App/PropertyStandard.h,"(894, 5)-(894, 70)","b'using inherited = PropertyListsT<bool, boost:...'"
src,../repos/FreeCAD/src/App/PropertyStandard.h,"(1108, 5)-(1108, 38)",b'using inherited = PropertyString;'
src,../repos/FreeCAD/src/App/ObjectIdentifier.h,"(41, 1)-(41, 24)",b'using any = boost::any;'
src,../repos/FreeCAD/src/App/ObjectIdentifier.h,"(349, 5)-(349, 90)",b'using SubNameMap = std::map<std::pair<App::Do...'
src,../repos/FreeCAD/src/App/ObjectIdentifier.h,"(366, 5)-(366, 82)",b'using Dependencies = std::map<App::DocumentOb...'
src,../repos/FreeCAD/src/App/ObjectIdentifier.h,"(519, 5)-(519, 49)",b'using argument_type = App::ObjectIdentifier;'
src,../repos/FreeCAD/src/App/ObjectIdentifier.h,"(520, 5)-(520, 37)",b'using result_type = std::size_t;'
src,../repos/FreeCAD/src/App/OriginGroupExtension.h,"(89, 1)-(89, 98)",b'using OriginGroupExtensionPython = ExtensionP...'
src,../repos/FreeCAD/src/App/Branding.h,"(41, 5)-(41, 54)","b'using XmlConfig = QMap<std::string, std::string>;'"
src,../repos/FreeCAD/src/App/StringHasher.cpp,"(76, 1)-(78, 47)",b'using HashMapBase =\n    boost::bimap<boost::b...'
src,../repos/FreeCAD/src/App/PropertyLinks.cpp,"(2503, 1)-(2503, 50)","b'using DocInfoMap = std::map<QString, DocInfoPtr>;'"
src,../repos/FreeCAD/src/App/PropertyLinks.cpp,"(2510, 5)-(2510, 59)",b'using Connection = boost::signals2::scoped_co...'
src,../repos/FreeCAD/src/App/Expression.cpp,"(384, 5)-(384, 54)",b'using Pointer = std::shared_ptr<PyObjectWrapper>;'
src,../repos/FreeCAD/src/App/private/DocumentP.h,"(41, 1)-(49, 3)",b'using DependencyList = boost::adjacency_list ...'
src,../repos/FreeCAD/src/App/private/DocumentP.h,"(50, 1)-(50, 52)",b'using Traits = boost::graph_traits<Dependency...'
src,../repos/FreeCAD/src/App/private/DocumentP.h,"(51, 1)-(51, 42)",b'using Vertex = Traits::vertex_descriptor;'
src,../repos/FreeCAD/src/App/private/DocumentP.h,"(52, 1)-(52, 39)",b'using Edge =  Traits::edge_descriptor;'
src,../repos/FreeCAD/src/App/private/DocumentP.h,"(53, 1)-(53, 36)",b'using Node =  std::vector <size_t>;'
src,../repos/FreeCAD/src/App/private/DocumentP.h,"(54, 1)-(54, 36)",b'using Path =  std::vector <size_t>;'
src,../repos/FreeCAD/src/App/private/DocumentP.h,"(57, 1)-(57, 54)",b'using HasherMap = boost::bimap<StringHasherRe...'
src,../repos/FreeCAD/src/App/MappedName.h,"(929, 1)-(929, 51)",b'using ElementIDRefs = QVector<::App::StringIDRef>;'
src,../repos/FreeCAD/src/App/ExtensionPython.h,"(43, 5)-(43, 34)",b'using Inherited = ExtensionT;'
src,../repos/FreeCAD/src/App/ExtensionPython.h,"(57, 1)-(57, 58)",b'using ExtensionPython = ExtensionPythonT<App:...'
src,../repos/FreeCAD/src/App/Link.h,"(54, 5)-(54, 52)",b'using inherited = App::DocumentObjectExtension;'
src,../repos/FreeCAD/src/App/Link.h,"(220, 5)-(220, 57)","b'using PropInfoMap = std::map<std::string, Pro...'"
src,../repos/FreeCAD/src/App/Link.h,"(316, 5)-(316, 86)","b'using LinkPropMap = std::map<const Property*,...'"
src,../repos/FreeCAD/src/App/Link.h,"(403, 1)-(403, 69)",b'using LinkBaseExtensionPython = ExtensionPyth...'
src,../repos/FreeCAD/src/App/Link.h,"(410, 5)-(410, 41)",b'using inherited = LinkBaseExtension;'
src,../repos/FreeCAD/src/App/Link.h,"(514, 1)-(514, 61)",b'using LinkExtensionPython = ExtensionPythonT<...'
src,../repos/FreeCAD/src/App/Link.h,"(521, 5)-(521, 43)",b'using inherited = App::DocumentObject;'
src,../repos/FreeCAD/src/App/Link.h,"(561, 1)-(561, 46)",b'using LinkPython = App::FeaturePythonT<Link>;'
src,../repos/FreeCAD/src/App/Link.h,"(567, 5)-(567, 43)",b'using inherited = App::DocumentObject;'
src,../repos/FreeCAD/src/App/Link.h,"(604, 1)-(604, 60)",b'using LinkElementPython = App::FeaturePythonT...'
src,../repos/FreeCAD/src/App/Link.h,"(610, 5)-(610, 43)",b'using inherited = App::DocumentObject;'
src,../repos/FreeCAD/src/App/Link.h,"(635, 1)-(635, 56)",b'using LinkGroupPython = App::FeaturePythonT<L...'
src,../repos/FreeCAD/src/App/MergeDocuments.h,"(62, 5)-(62, 52)",b'using Connection = boost::signals2::connection;'
src,../repos/FreeCAD/src/App/TextDocument.h,"(38, 5)-(38, 44)",b'using TextSlot = TextSignal::slot_type;'
src,../repos/FreeCAD/src/App/Application.h,"(36, 1)-(36, 33)",b'using PyObject = struct _object;'
src,../repos/FreeCAD/src/App/Application.h,"(37, 1)-(37, 40)",b'using PyMethodDef = struct PyMethodDef;'
src,../repos/FreeCAD/src/App/LinkBaseExtensionPyImp.cpp,"(43, 1)-(43, 69)","b'using PropTmpMap = std::map<std::string, std:...'"
src,../repos/FreeCAD/src/App/LinkBaseExtensionPyImp.cpp,"(44, 1)-(44, 50)","b'using PropMap = std::map<std::string, Property*>;'"
src,../repos/FreeCAD/src/App/GroupExtension.h,"(41, 5)-(41, 47)",b'using inherited = DocumentObjectExtension;'
src,../repos/FreeCAD/src/App/GroupExtension.h,"(163, 1)-(163, 86)",b'using GroupExtensionPython = ExtensionPythonT...'
src,../repos/FreeCAD/src/App/StringHasher.h,"(54, 1)-(54, 55)",b'using StringHasherRef = Base::Reference<Strin...'
src,../repos/FreeCAD/src/App/StringHasher.h,"(112, 5)-(112, 37)",b'using Flags = Base::Flags<Flag>;'
src,../repos/FreeCAD/src/App/StringHasher.h,"(694, 5)-(694, 41)",b'using Options = Base::Flags<Option>;'
src,../repos/FreeCAD/src/App/GeoFeatureGroupExtension.h,"(54, 5)-(54, 43)",b'using inherited = App::GroupExtension;'
src,../repos/FreeCAD/src/App/GeoFeatureGroupExtension.h,"(142, 1)-(142, 106)",b'using GeoFeatureGroupExtensionPython = Extens...'
src,../repos/FreeCAD/src/App/PropertyContainerPyImp.cpp,"(555, 9)-(555, 67)",b'using Device = boost::iostreams::basic_array_...'
src,../repos/FreeCAD/src/App/Link.cpp,"(52, 1)-(52, 54)",b'using CharRange = boost::iterator_range<const...'
src,../repos/FreeCAD/src/App/FeaturePython.h,"(155, 5)-(155, 40)",b'using Flags = std::bitset<FlagMax>;'
src,../repos/FreeCAD/src/App/FeaturePython.h,"(364, 1)-(364, 55)",b'using FeaturePython  = FeaturePythonT<Documen...'
src,../repos/FreeCAD/src/App/FeaturePython.h,"(365, 1)-(365, 55)",b'using GeometryPython = FeaturePythonT<GeoFeat...'
src,../repos/FreeCAD/src/App/Transactions.h,"(92, 5)-(92, 76)",b'using Info = std::pair<const TransactionalObj...'
src,../repos/FreeCAD/src/App/Expression.h,"(48, 1)-(48, 51)",b'using ExpressionPtr = std::unique_ptr<Expression>;'
src,../repos/FreeCAD/src/App/Expression.h,"(55, 1)-(55, 111)",b'using ExpressionDeps = std::map<App::Document...'
src,../repos/FreeCAD/src/App/Expression.h,"(175, 5)-(175, 51)",b'using ComponentList = std::vector<Component*>;'
src,../repos/FreeCAD/src/App/DocumentObserverPython.h,"(124, 5)-(130, 7)",b'using Connection = struct PythonObject {\n    ...'
src,../repos/FreeCAD/src/App/DocumentObjectGroup.h,"(52, 1)-(52, 76)",b'using DocumentObjectGroupPython = App::Featur...'
src,../repos/FreeCAD/src/App/Property.h,"(480, 5)-(480, 61)",b'using const_reference = typename ListT::const...'
src,../repos/FreeCAD/src/App/Property.h,"(481, 5)-(481, 29)",b'using list_type = ListT;'
src,../repos/FreeCAD/src/App/Property.h,"(482, 5)-(482, 33)",b'using parent_type = ParentT;'
src,../repos/FreeCAD/src/App/Property.h,"(483, 5)-(484, 65)",b'using atomic_change = typename AtomicProperty...'
src,../repos/FreeCAD/src/App/License.h,"(38, 1)-(38, 58)","b'using TLicenseArr = std::array<const char*, c...'"
src,../repos/FreeCAD/src/App/Placement.h,"(51, 1)-(51, 61)",b'using PlacementPython = App::FeaturePythonT<A...'
src,../repos/FreeCAD/src/App/ColorModel.h,"(45, 1)-(45, 49)",b'using VisibilityFlags = Base::Flags<Visibility>;'
src,../repos/FreeCAD/src/App/DocumentObserver.h,"(506, 5)-(506, 52)",b'using Connection = boost::signals2::connection;'
src,../repos/FreeCAD/src/App/DocumentObserver.cpp,"(563, 5)-(563, 59)",b'using Connection = boost::signals2::scoped_co...'
src,../repos/FreeCAD/src/App/DocumentObserver.cpp,"(646, 5)-(646, 59)",b'using Connection = boost::signals2::scoped_co...'
src,../repos/FreeCAD/src/App/MergeDocuments.cpp,"(69, 5)-(69, 61)","b'using PropertyTag = std::pair<std::string, st...'"
src,../repos/FreeCAD/src/App/Document.h,"(54, 5)-(54, 59)",b'using StringHasherRef = Base::Reference<Strin...'
src,../repos/FreeCAD/src/App/PropertyGeo.h,"(202, 5)-(202, 54)",b'using inherited = PropertyListsT<Base::Vector3d>;'
src,../repos/FreeCAD/src/App/ElementMap.h,"(46, 1)-(46, 51)",b'using ElementMapPtr = std::shared_ptr<ElementMap>;'
src,../repos/FreeCAD/src/Base/Vector3D.h,"(66, 5)-(66, 30)",b'using float_type = float;'
src,../repos/FreeCAD/src/Base/Vector3D.h,"(84, 5)-(84, 31)",b'using float_type = double;'
src,../repos/FreeCAD/src/Base/Vector3D.h,"(104, 5)-(104, 33)",b'using num_type = float_type;'
src,../repos/FreeCAD/src/Base/Vector3D.h,"(105, 5)-(105, 48)",b'using traits_type = float_traits<num_type>;'
src,../repos/FreeCAD/src/Base/Vector3D.h,"(289, 1)-(289, 33)",b'using Vector3f = Vector3<float>;'
src,../repos/FreeCAD/src/Base/Vector3D.h,"(290, 1)-(290, 34)",b'using Vector3d = Vector3<double>;'
src,../repos/FreeCAD/src/Base/Type.h,"(96, 5)-(96, 45)",b'using instantiationMethod = void* (*)();'
src,../repos/FreeCAD/src/Base/Observer.h,"(109, 5)-(109, 44)",b'using ObserverType = Observer<MsgType>;'
src,../repos/FreeCAD/src/Base/Observer.h,"(110, 5)-(110, 33)",b'using MessageType = MsgType;'
src,../repos/FreeCAD/src/Base/Observer.h,"(111, 5)-(111, 42)",b'using SubjectType = Subject<MsgType>;'
src,../repos/FreeCAD/src/Base/Matrix.cpp,"(541, 1)-(541, 24)",b'using Matrix = double*;'
src,../repos/FreeCAD/src/Base/Writer.cpp,"(50, 5)-(50, 28)",b'using char_type = char;'
src,../repos/FreeCAD/src/Base/Writer.cpp,"(51, 5)-(51, 58)",b'using category = boost::iostreams::output_fil...'
src,../repos/FreeCAD/src/Base/BoundBox.h,"(48, 5)-(48, 32)",b'using num_type = Precision;'
src,../repos/FreeCAD/src/Base/BoundBox.h,"(49, 5)-(49, 48)",b'using traits_type = float_traits<num_type>;'
src,../repos/FreeCAD/src/Base/BoundBox.h,"(1131, 1)-(1131, 37)",b'using BoundBox3f = BoundBox3<float>;'
src,../repos/FreeCAD/src/Base/BoundBox.h,"(1132, 1)-(1132, 38)",b'using BoundBox3d = BoundBox3<double>;'
src,../repos/FreeCAD/src/Base/PyObjectBase.h,"(331, 5)-(331, 31)",b'using PointerType = void*;'
src,../repos/FreeCAD/src/Base/BindingManager.h,"(30, 1)-(30, 33)",b'using PyObject = struct _object;'
src,../repos/FreeCAD/src/Base/Exception.h,"(34, 1)-(34, 33)",b'using PyObject = struct _object;'
src,../repos/FreeCAD/src/Base/Console.h,"(39, 1)-(39, 33)",b'using PyObject = struct _object;'
src,../repos/FreeCAD/src/Base/Console.h,"(40, 1)-(40, 40)",b'using PyMethodDef = struct PyMethodDef;'
src,../repos/FreeCAD/src/Base/Console.h,"(486, 1)-(486, 38)",b'using ConsoleMsgFlags = unsigned int;'
src,../repos/FreeCAD/src/Base/Stream.h,"(41, 1)-(41, 33)",b'using PyObject = struct _object;'
src,../repos/FreeCAD/src/Base/Stream.h,"(276, 5)-(276, 47)",b'using int_type = std::streambuf::int_type;'
src,../repos/FreeCAD/src/Base/Stream.h,"(277, 5)-(277, 47)",b'using pos_type = std::streambuf::pos_type;'
src,../repos/FreeCAD/src/Base/Stream.h,"(278, 5)-(278, 47)",b'using off_type = std::streambuf::off_type;'
src,../repos/FreeCAD/src/Base/Stream.h,"(279, 5)-(279, 39)",b'using seekdir = std::ios::seekdir;'
src,../repos/FreeCAD/src/Base/Stream.h,"(280, 5)-(280, 41)",b'using openmode = std::ios::openmode;'
src,../repos/FreeCAD/src/Base/Matrix.h,"(53, 5)-(53, 46)",b'using traits_type = float_traits<double>;'
src,../repos/FreeCAD/src/Base/ExceptionFactory.h,"(32, 1)-(32, 33)",b'using PyObject = struct _object;'
src,../repos/FreeCAD/src/Base/PythonTypeExt.h,"(35, 1)-(35, 33)",b'using PyObject = struct _object;'
src,../repos/FreeCAD/src/Base/SmartPtrPy.h,"(30, 1)-(30, 33)",b'using PyObject = struct _object;'
src,../repos/FreeCAD/src/Base/Tools3D.h,"(142, 1)-(142, 29)",b'using Line3f = Line3<float>;'
src,../repos/FreeCAD/src/Base/Tools3D.h,"(143, 1)-(143, 30)",b'using Line3d = Line3<double>;'
src,../repos/FreeCAD/src/Base/Tools3D.h,"(145, 1)-(145, 35)",b'using Polygon3f = Polygon3<float>;'
src,../repos/FreeCAD/src/Base/Tools3D.h,"(146, 1)-(146, 36)",b'using Polygon3d = Polygon3<double>;'
src,../repos/FreeCAD/src/Base/Quantity.h,"(58, 5)-(58, 31)",b'using NumberOptions = int;'
src,../repos/FreeCAD/src/Base/Tools.h,"(276, 5)-(276, 52)",b'using Connection = boost::signals2::connection;'
src,../repos/FreeCAD/src/Base/Tools.h,"(277, 5)-(277, 70)",b'using ConnectionBlock = boost::signals2::shar...'
src,../repos/FreeCAD/src/Base/Bitmask.h,"(56, 5)-(56, 40)",b'using allow_bitops = _allow_bitops;'
src,../repos/FreeCAD/src/Base/Bitmask.h,"(59, 5)-(60, 48)",b'using t = typename std::enable_if<std::is_enu...'
src,../repos/FreeCAD/src/Base/Bitmask.h,"(63, 5)-(63, 54)",b'using u = typename std::underlying_type<T>::type;'
src,../repos/FreeCAD/src/Base/Bitmask.h,"(118, 9)-(118, 61)",b'using u = typename std::underlying_type<Enum>...'
src,../repos/FreeCAD/src/Base/Bitmask.h,"(125, 9)-(125, 61)",b'using u = typename std::underlying_type<Enum>...'
src,../repos/FreeCAD/src/Base/Builder3D.cpp,"(216, 5)-(216, 30)",b'using field_type = float;'
src,../repos/FreeCAD/src/Base/Builder3D.cpp,"(227, 5)-(227, 33)",b'using field_type = Vector3f;'
src,../repos/FreeCAD/src/Base/Builder3D.cpp,"(238, 5)-(238, 33)",b'using field_type = ColorRGB;'
src,../repos/FreeCAD/src/Base/Reader.h,"(138, 5)-(138, 51)",b'using category = boost::iostreams::source_tag;'
src,../repos/FreeCAD/src/Base/Reader.h,"(139, 5)-(139, 28)",b'using char_type = char;'
src,../repos/FreeCAD/src/Base/Reader.h,"(315, 5)-(315, 60)","b'using AttrMapType = std::map<std::string, std...'"
src,../repos/FreeCAD/src/Base/UnitsApi.h,"(33, 1)-(33, 33)",b'using PyObject = struct _object;'
src,../repos/FreeCAD/src/Base/UnitsApi.h,"(34, 1)-(34, 40)",b'using PyMethodDef = struct PyMethodDef;'
src,../repos/FreeCAD/src/Base/UnitsApi.h,"(38, 1)-(38, 53)",b'using UnitsSchemaPtr = std::unique_ptr<UnitsS...'
src,../repos/FreeCAD/src/Base/ParameterPy.cpp,"(101, 1)-(101, 67)",b'using ParameterGrpObserverList = std::list<Pa...'
src,../repos/FreeCAD/src/Base/Base64Filter.h,"(60, 5)-(60, 28)",b'using char_type = char;'
src,../repos/FreeCAD/src/Base/Base64Filter.h,"(157, 5)-(157, 28)",b'using char_type = char;'
src,../repos/FreeCAD/src/Base/PersistencePyImp.cpp,"(143, 9)-(143, 67)",b'using Device = boost::iostreams::basic_array_...'
src,../repos/FreeCAD/src/Base/BaseClass.h,"(30, 1)-(30, 33)",b'using PyObject = struct _object;'
src,../repos/FreeCAD/src/Base/GeometryPyCXX.h,"(130, 1)-(130, 54)",b'using Vector2d = PythonClassObject<Base::Vect...'
src,../repos/FreeCAD/src/Base/GeometryPyCXX.h,"(281, 1)-(282, 86)",b'using BoundingBox =\n    GeometryT<Base::Bound...'
src,../repos/FreeCAD/src/Base/GeometryPyCXX.h,"(283, 1)-(283, 89)","b'using Matrix = GeometryT<Base::Matrix4D, Base...'"
src,../repos/FreeCAD/src/Base/GeometryPyCXX.h,"(284, 1)-(284, 97)","b'using Rotation = GeometryT<Base::Rotation, Ba...'"
src,../repos/FreeCAD/src/Base/GeometryPyCXX.h,"(285, 1)-(286, 88)",b'using Placement =\n    GeometryT<Base::Placeme...'
src,../repos/FreeCAD/src/Base/Parameter.h,"(36, 1)-(36, 33)",b'using PyObject = struct _object;'
src,../repos/FreeCAD/src/Base/Parameter.h,"(131, 5)-(131, 50)",b'using handle = Base::Reference<ParameterGrp>;'
src,../repos/FreeCAD/src/Base/Converter.h,"(43, 5)-(43, 31)",b'using vec_type = Vector3f;'
src,../repos/FreeCAD/src/Base/Converter.h,"(44, 5)-(44, 30)",b'using float_type = float;'
src,../repos/FreeCAD/src/Base/Converter.h,"(60, 5)-(60, 31)",b'using vec_type = Vector3d;'
src,../repos/FreeCAD/src/Base/Converter.h,"(61, 5)-(61, 31)",b'using float_type = double;'
src,../repos/FreeCAD/src/Base/Converter.h,"(77, 5)-(77, 31)",b'using vec_type = Rotation;'
src,../repos/FreeCAD/src/Base/Converter.h,"(78, 5)-(78, 31)",b'using float_type = double;'
src,../repos/FreeCAD/src/Base/Converter.h,"(100, 5)-(100, 41)",b'using traits_type = vec_traits<Vec>;'
src,../repos/FreeCAD/src/Base/Converter.h,"(101, 5)-(101, 64)",b'using float_traits_type = typename traits_typ...'
src,../repos/FreeCAD/src/Base/Converter.h,"(111, 5)-(111, 41)",b'using traits_type = vec_traits<Vec>;'
src,../repos/FreeCAD/src/Base/Converter.h,"(112, 5)-(112, 64)",b'using float_traits_type = typename traits_typ...'
src,../repos/FreeCAD/src/Base/Converter.h,"(122, 5)-(122, 42)",b'using traits_type = vec_traits<Vec2>;'
src,../repos/FreeCAD/src/Base/Converter.h,"(123, 5)-(123, 57)",b'using float_type = typename traits_type::floa...'
src,../repos/FreeCAD/src/Gui/ViewProviderGroupExtension.h,"(59, 1)-(59, 104)",b'using ViewProviderGroupExtensionPython = View...'
src,../repos/FreeCAD/src/Gui/Application.cpp,"(1771, 1)-(1771, 94)",b'using _qt_msg_handler_old = void (*)(QtMsgTyp...'
src,../repos/FreeCAD/src/Gui/DlgKeyboardImp.cpp,"(52, 1)-(52, 67)",b'using GroupMap = std::vector< std::pair<QLati...'
src,../repos/FreeCAD/src/Gui/PropertyView.h,"(97, 5)-(97, 52)",b'using Connection = boost::signals2::connection;'
src,../repos/FreeCAD/src/Gui/SoFCUnifiedSelection.cpp,"(1026, 1)-(1030, 3)",b'using SoFCBBoxRenderInfo = struct {\n    SoGet...'
src,../repos/FreeCAD/src/Gui/DocumentRecovery.cpp,"(145, 5)-(145, 46)","b'using XmlConfig = QMap<QString, QString>;'"
src,../repos/FreeCAD/src/Gui/ViewProviderGeoFeatureGroupExtension.h,"(70, 1)-(70, 124)",b'using ViewProviderGeoFeatureGroupExtensionPyt...'
src,../repos/FreeCAD/src/Gui/SoFCCSysDragger.h,"(86, 5)-(86, 33)",b'using inherited = SoDragger;'
src,../repos/FreeCAD/src/Gui/SoFCCSysDragger.h,"(136, 5)-(136, 33)",b'using inherited = SoDragger;'
src,../repos/FreeCAD/src/Gui/SoFCCSysDragger.h,"(182, 5)-(182, 33)",b'using inherited = SoDragger;'
src,../repos/FreeCAD/src/Gui/SoFCCSysDragger.h,"(352, 5)-(352, 33)",b'using inherited = SoDragger;'
src,../repos/FreeCAD/src/Gui/Selection.h,"(39, 1)-(39, 33)",b'using PyObject = struct _object;'
src,../repos/FreeCAD/src/Gui/Selection.h,"(699, 5)-(699, 52)",b'using SelStackItem = std::set<App::SubObjectT>;'
src,../repos/FreeCAD/src/Gui/ViewProviderExtensionPython.h,"(42, 5)-(42, 34)",b'using Inherited = ExtensionT;'
src,../repos/FreeCAD/src/Gui/ViewProviderExtensionPython.h,"(56, 1)-(56, 94)",b'using ViewProviderExtensionPython = ViewProvi...'
src,../repos/FreeCAD/src/Gui/SoFCVectorizeSVGAction.h,"(53, 5)-(53, 41)",b'using inherited = SoReplacedElement;'
src,../repos/FreeCAD/src/Gui/SoAxisCrossKit.h,"(42, 5)-(42, 33)",b'using inherited = SoBaseKit;'
src,../repos/FreeCAD/src/Gui/SoAxisCrossKit.h,"(63, 5)-(63, 33)",b'using inherited = SoBaseKit;'
src,../repos/FreeCAD/src/Gui/SoAxisCrossKit.h,"(92, 5)-(92, 31)",b'using inherited = SoShape;'
src,../repos/FreeCAD/src/Gui/MDIView.h,"(184, 5)-(184, 52)",b'using Connection = boost::signals2::connection;'
src,../repos/FreeCAD/src/Gui/View3DPy.h,"(41, 5)-(41, 60)",b'using BaseType = Py::PythonExtension<View3DIn...'
src,../repos/FreeCAD/src/Gui/View3DPy.h,"(135, 5)-(135, 84)",b'using method_varargs_handler = PyObject* (*)(...'
src,../repos/FreeCAD/src/Gui/View3DViewerPy.h,"(84, 5)-(84, 84)",b'using method_varargs_handler = PyObject* (*)(...'
src,../repos/FreeCAD/src/Gui/ViewProviderPart.h,"(61, 1)-(61, 77)",b'using ViewProviderPartPython = ViewProviderPy...'
src,../repos/FreeCAD/src/Gui/NavigationStyle.cpp,"(56, 5)-(56, 46)",b'using inherited = SbSphereSheetProjector;'
src,../repos/FreeCAD/src/Gui/SoFCSelectionContext.h,"(41, 1)-(41, 79)",b'using SoFCSelectionContextBasePtr = std::shar...'
src,../repos/FreeCAD/src/Gui/SoFCSelectionContext.h,"(45, 5)-(48, 42)","b'using MergeFunc = int (int status,\n          ...'"
src,../repos/FreeCAD/src/Gui/SoFCSelectionContext.h,"(52, 1)-(52, 71)",b'using SoFCSelectionContextPtr = std::shared_p...'
src,../repos/FreeCAD/src/Gui/SoFCSelectionContext.h,"(104, 1)-(104, 75)",b'using SoFCSelectionContextExPtr = std::shared...'
src,../repos/FreeCAD/src/Gui/TaskElementColors.cpp,"(55, 5)-(55, 52)",b'using Connection = boost::signals2::connection;'
src,../repos/FreeCAD/src/Gui/SoFCSelection.h,"(60, 5)-(60, 31)",b'using inherited = SoGroup;'
src,../repos/FreeCAD/src/Gui/SoFCSelection.h,"(113, 5)-(113, 45)",b'using SelContext = SoFCSelectionContext;'
src,../repos/FreeCAD/src/Gui/SoFCSelection.h,"(114, 5)-(114, 55)",b'using SelContextPtr = std::shared_ptr<SelContext>;'
src,../repos/FreeCAD/src/Gui/Quarter/SoQTQuarterAdaptor.h,"(43, 1)-(43, 76)",b'using SoQTQuarterAdaptorCB = void (void* data...'
src,../repos/FreeCAD/src/Gui/ManualAlignment.h,"(252, 5)-(252, 52)",b'using Connection = boost::signals2::connection;'
src,../repos/FreeCAD/src/Gui/DlgDisplayPropertiesImp.cpp,"(57, 5)-(57, 76)",b'using DlgDisplayPropertiesImp_Connection = bo...'
src,../repos/FreeCAD/src/Gui/AutoSaver.h,"(57, 5)-(57, 52)",b'using Connection = boost::signals2::connection;'
src,../repos/FreeCAD/src/Gui/SoFCColorLegend.h,"(39, 3)-(39, 38)",b'using inherited = SoFCColorBarBase;'
src,../repos/FreeCAD/src/Gui/MergeDocuments.h,"(62, 5)-(62, 52)",b'using Connection = boost::signals2::connection;'
src,../repos/FreeCAD/src/Gui/SoFCSelectionAction.h,"(314, 5)-(314, 40)",b'using inherited = SoGLRenderAction;'
src,../repos/FreeCAD/src/Gui/ViewProviderPythonFeature.h,"(188, 5)-(188, 40)",b'using Flags = std::bitset<FlagMax>;'
src,../repos/FreeCAD/src/Gui/ViewProviderPythonFeature.h,"(626, 1)-(626, 91)",b'using ViewProviderPythonFeature  = ViewProvid...'
src,../repos/FreeCAD/src/Gui/ViewProviderPythonFeature.h,"(627, 1)-(627, 91)",b'using ViewProviderPythonGeometry = ViewProvid...'
src,../repos/FreeCAD/src/Gui/TaskView/TaskDialogPython.h,"(78, 5)-(78, 56)",b'using BaseType = Py::PythonExtension<TaskDial...'
src,../repos/FreeCAD/src/Gui/TaskView/TaskAppearance.h,"(40, 1)-(40, 63)",b'using TaskAppearance_Connection = boost::sign...'
src,../repos/FreeCAD/src/Gui/TaskView/TaskView.h,"(46, 1)-(46, 48)",b'using Connection = boost::signals2::connection;'
src,../repos/FreeCAD/src/Gui/SoFCUnifiedSelection.h,"(58, 5)-(58, 35)",b'using inherited = SoSeparator;'
src,../repos/FreeCAD/src/Gui/SoFCUnifiedSelection.h,"(132, 5)-(132, 35)",b'using inherited = SoSeparator;'
src,../repos/FreeCAD/src/Gui/SoFCUnifiedSelection.h,"(161, 5)-(161, 35)",b'using inherited = SoSeparator;'
src,../repos/FreeCAD/src/Gui/SoFCUnifiedSelection.h,"(185, 5)-(185, 37)",b'using inherited = SoFCSeparator;'
src,../repos/FreeCAD/src/Gui/SoFCUnifiedSelection.h,"(351, 5)-(351, 78)","b'using ContextMap = std::map<Stack,SoFCSelecti...'"
src,../repos/FreeCAD/src/Gui/SoFCUnifiedSelection.h,"(364, 5)-(364, 55)",b'using SelContextPtr = std::shared_ptr<SelContext>;'
src,../repos/FreeCAD/src/Gui/SoFCUnifiedSelection.h,"(365, 5)-(365, 45)",b'using ColorStack = std::vector<SbColor>;'
src,../repos/FreeCAD/src/Gui/DAGView/DAGModelGraph.cpp,"(52, 3)-(52, 76)",b'using List = GraphLinkContainer::index<GraphL...'
src,../repos/FreeCAD/src/Gui/DAGView/DAGModelGraph.cpp,"(60, 3)-(60, 75)",b'using List = GraphLinkContainer::index<GraphL...'
src,../repos/FreeCAD/src/Gui/DAGView/DAGModelGraph.cpp,"(69, 3)-(69, 76)",b'using List = GraphLinkContainer::index<GraphL...'
src,../repos/FreeCAD/src/Gui/DAGView/DAGModelGraph.cpp,"(78, 3)-(78, 78)",b'using List = GraphLinkContainer::index<GraphL...'
src,../repos/FreeCAD/src/Gui/DAGView/DAGModelGraph.cpp,"(87, 3)-(87, 77)",b'using List = GraphLinkContainer::index<GraphL...'
src,../repos/FreeCAD/src/Gui/DAGView/DAGModelGraph.cpp,"(96, 3)-(96, 79)",b'using List = GraphLinkContainer::index<GraphL...'
src,../repos/FreeCAD/src/Gui/DAGView/DAGModelGraph.cpp,"(105, 3)-(105, 78)",b'using List = GraphLinkContainer::index<GraphL...'
src,../repos/FreeCAD/src/Gui/DAGView/DAGModel.h,"(89, 7)-(89, 54)",b'using Connection = boost::signals2::connection;'
src,../repos/FreeCAD/src/Gui/DAGView/DAGModel.h,"(165, 7)-(165, 73)",b'using FilterContainer = std::vector<std::shar...'
src,../repos/FreeCAD/src/Gui/DAGView/DAGModelGraph.h,"(69, 5)-(69, 42)",b'using ColumnMask = std::bitset<1024>;'
src,../repos/FreeCAD/src/Gui/DAGView/DAGModelGraph.h,"(96, 5)-(100, 7)",b'using vertex_prop = boost::property\n    <\n   ...'
src,../repos/FreeCAD/src/Gui/DAGView/DAGModelGraph.h,"(121, 5)-(121, 87)",b'using edge_prop = boost::property<boost::edge...'
src,../repos/FreeCAD/src/Gui/DAGView/DAGModelGraph.h,"(123, 5)-(123, 115)",b'using Graph = boost::adjacency_list<boost::se...'
src,../repos/FreeCAD/src/Gui/DAGView/DAGModelGraph.h,"(124, 5)-(124, 66)",b'using Vertex = boost::graph_traits<Graph>::ve...'
src,../repos/FreeCAD/src/Gui/DAGView/DAGModelGraph.h,"(125, 5)-(125, 62)",b'using Edge = boost::graph_traits<Graph>::edge...'
src,../repos/FreeCAD/src/Gui/DAGView/DAGModelGraph.h,"(126, 5)-(126, 72)",b'using VertexIterator = boost::graph_traits<Gr...'
src,../repos/FreeCAD/src/Gui/DAGView/DAGModelGraph.h,"(127, 5)-(127, 68)",b'using EdgeIterator = boost::graph_traits<Grap...'
src,../repos/FreeCAD/src/Gui/DAGView/DAGModelGraph.h,"(128, 5)-(128, 73)",b'using InEdgeIterator = boost::graph_traits<Gr...'
src,../repos/FreeCAD/src/Gui/DAGView/DAGModelGraph.h,"(129, 5)-(129, 75)",b'using OutEdgeIterator = boost::graph_traits<G...'
src,../repos/FreeCAD/src/Gui/DAGView/DAGModelGraph.h,"(130, 5)-(130, 84)",b'using VertexAdjacencyIterator = boost::graph_...'
src,../repos/FreeCAD/src/Gui/DAGView/DAGModelGraph.h,"(131, 5)-(131, 63)",b'using GraphReversed = boost::reverse_graph<Gr...'
src,../repos/FreeCAD/src/Gui/DAGView/DAGModelGraph.h,"(132, 5)-(132, 38)",b'using Path = std::vector<Vertex>;'
src,../repos/FreeCAD/src/Gui/DAGView/DAGModelGraph.h,"(176, 7)-(176, 75)",b'using GraphInVertex = boost::graph_traits<Gra...'
src,../repos/FreeCAD/src/Gui/DAGView/DAGModelGraph.h,"(177, 7)-(177, 58)",b'using GraphInVertices = std::vector<GraphInVe...'
src,../repos/FreeCAD/src/Gui/DAGView/DAGModelGraph.h,"(198, 7)-(198, 75)",b'using GraphInVertex = boost::graph_traits<Gra...'
src,../repos/FreeCAD/src/Gui/DAGView/DAGModelGraph.h,"(199, 7)-(199, 58)",b'using GraphInVertices = std::vector<GraphInVe...'
src,../repos/FreeCAD/src/Gui/DAGView/DAGModelGraph.h,"(253, 5)-(284, 7)",b'using GraphLinkContainer = boost::multi_index...'
src,../repos/FreeCAD/src/Gui/DAGView/DAGView.h,"(58, 7)-(58, 80)",b'using ModelMap = std::map<const Gui::Document...'
src,../repos/FreeCAD/src/Gui/NavigationStyle.h,"(313, 5)-(313, 43)",b'using inherited = UserNavigationStyle;'
src,../repos/FreeCAD/src/Gui/NavigationStyle.h,"(328, 5)-(328, 43)",b'using inherited = UserNavigationStyle;'
src,../repos/FreeCAD/src/Gui/NavigationStyle.h,"(345, 5)-(345, 43)",b'using inherited = UserNavigationStyle;'
src,../repos/FreeCAD/src/Gui/NavigationStyle.h,"(362, 5)-(362, 43)",b'using inherited = UserNavigationStyle;'
src,../repos/FreeCAD/src/Gui/NavigationStyle.h,"(379, 5)-(379, 43)",b'using inherited = UserNavigationStyle;'
src,../repos/FreeCAD/src/Gui/NavigationStyle.h,"(403, 5)-(403, 43)",b'using inherited = UserNavigationStyle;'
src,../repos/FreeCAD/src/Gui/NavigationStyle.h,"(417, 5)-(417, 43)",b'using inherited = UserNavigationStyle;'
src,../repos/FreeCAD/src/Gui/NavigationStyle.h,"(431, 5)-(431, 43)",b'using inherited = UserNavigationStyle;'
src,../repos/FreeCAD/src/Gui/NavigationStyle.h,"(445, 5)-(445, 43)",b'using inherited = UserNavigationStyle;'
src,../repos/FreeCAD/src/Gui/CommandView.cpp,"(2580, 5)-(2580, 68)","b'using FnCb = void (*)(void * userdata, SoEven...'"
src,../repos/FreeCAD/src/Gui/CommandView.cpp,"(2799, 1)-(2799, 50)","b'using SelectionMode = enum { CENTER, INTERSECT };'"
src,../repos/FreeCAD/src/Gui/SoFCBackgroundGradient.h,"(38, 5)-(38, 30)",b'using inherited = SoNode;'
src,../repos/FreeCAD/src/Gui/SoFCVectorizeU3DAction.h,"(51, 5)-(51, 41)",b'using inherited = SoVectorizeAction;'
src,../repos/FreeCAD/src/Gui/GestureNavigationStyle.h,"(36, 5)-(36, 44)",b'using superclass = UserNavigationStyle;'
src,../repos/FreeCAD/src/Gui/GraphvizView.h,"(84, 5)-(84, 59)",b'using Connection = boost::signals2::scoped_co...'
src,../repos/FreeCAD/src/Gui/SoFCColorGradient.h,"(40, 3)-(40, 38)",b'using inherited = SoFCColorBarBase;'
src,../repos/FreeCAD/src/Gui/SelectionFilter.h,"(198, 1)-(198, 53)",b'using Node_ObjectPtr = std::shared_ptr<Node_O...'
src,../repos/FreeCAD/src/Gui/Tree.cpp,"(197, 1)-(197, 59)",b'using DocumentObjectItems = std::set<Document...'
src,../repos/FreeCAD/src/Gui/Tree.cpp,"(212, 5)-(212, 59)",b'using Connection = boost::signals2::scoped_co...'
src,../repos/FreeCAD/src/Gui/ViewProviderMaterialObject.h,"(52, 1)-(52, 97)",b'using ViewProviderMaterialObjectPython = View...'
src,../repos/FreeCAD/src/Gui/Command.cpp,"(141, 9)-(141, 51)",b'using StringList = std::list<std::string>;'
src,../repos/FreeCAD/src/Gui/Command.cpp,"(917, 5)-(917, 50)","b'using StringMap = std::map<int, std::string>;'"
src,../repos/FreeCAD/src/Gui/SoFCInteractiveElement.h,"(41, 3)-(41, 39)",b'using inherited = SoReplacedElement;'
src,../repos/FreeCAD/src/Gui/SoFCInteractiveElement.h,"(62, 3)-(62, 31)",b'using inherited = SoElement;'
src,../repos/FreeCAD/src/Gui/SoFCInteractiveElement.h,"(87, 3)-(87, 31)",b'using inherited = SoElement;'
src,../repos/FreeCAD/src/Gui/SoFCInteractiveElement.h,"(112, 5)-(112, 30)",b'using inherited = SoNode;'
src,../repos/FreeCAD/src/Gui/SoFCInteractiveElement.h,"(130, 3)-(130, 31)",b'using inherited = SoElement;'
src,../repos/FreeCAD/src/Gui/GestureNavigationStyle.cpp,"(223, 5)-(223, 74)",b'using superclass = sc::state_machine<NS::Navi...'
src,../repos/FreeCAD/src/Gui/GestureNavigationStyle.cpp,"(239, 5)-(239, 54)",b'using reactions = sc::custom_reaction<NS::Event>;'
src,../repos/FreeCAD/src/Gui/GestureNavigationStyle.cpp,"(342, 5)-(342, 54)",b'using reactions = sc::custom_reaction<NS::Event>;'
src,../repos/FreeCAD/src/Gui/GestureNavigationStyle.cpp,"(483, 5)-(483, 54)",b'using reactions = sc::custom_reaction<NS::Event>;'
src,../repos/FreeCAD/src/Gui/GestureNavigationStyle.cpp,"(526, 5)-(526, 54)",b'using reactions = sc::custom_reaction<NS::Event>;'
src,../repos/FreeCAD/src/Gui/GestureNavigationStyle.cpp,"(573, 5)-(573, 54)",b'using reactions = sc::custom_reaction<NS::Event>;'
src,../repos/FreeCAD/src/Gui/GestureNavigationStyle.cpp,"(620, 5)-(620, 54)",b'using reactions = sc::custom_reaction<NS::Event>;'
src,../repos/FreeCAD/src/Gui/GestureNavigationStyle.cpp,"(669, 5)-(669, 54)",b'using reactions = sc::custom_reaction<NS::Event>;'
src,../repos/FreeCAD/src/Gui/GestureNavigationStyle.cpp,"(755, 5)-(755, 54)",b'using reactions = sc::custom_reaction<NS::Event>;'
src,../repos/FreeCAD/src/Gui/GestureNavigationStyle.cpp,"(805, 5)-(805, 54)",b'using reactions = sc::custom_reaction<NS::Event>;'
src,../repos/FreeCAD/src/Gui/Widgets.h,"(191, 1)-(191, 44)","b'using CheckListItem = QPair<QString, bool>;'"
src,../repos/FreeCAD/src/Gui/ViewProviderDocumentObjectGroup.h,"(58, 1)-(58, 107)",b'using ViewProviderDocumentObjectGroupPython =...'
src,../repos/FreeCAD/src/Gui/DocumentObserverPython.h,"(89, 5)-(95, 7)",b'using Connection = struct PythonObject {\n    ...'
src,../repos/FreeCAD/src/Gui/ViewProviderLink.h,"(41, 1)-(41, 52)",b'using LinkInfoPtr = boost::intrusive_ptr<Link...'
src,../repos/FreeCAD/src/Gui/ViewProviderLink.h,"(190, 5)-(190, 50)",b'using inherited = ViewProviderDocumentObject;'
src,../repos/FreeCAD/src/Gui/ViewProviderLink.h,"(342, 1)-(342, 77)",b'using ViewProviderLinkPython = ViewProviderPy...'
src,../repos/FreeCAD/src/Gui/ViewProviderLink.cpp,"(83, 1)-(83, 54)",b'using CharRange = boost::iterator_range<const...'
src,../repos/FreeCAD/src/Gui/ViewProviderLink.cpp,"(113, 5)-(113, 59)",b'using Connection = boost::signals2::scoped_co...'
src,../repos/FreeCAD/src/Gui/ViewProviderLink.cpp,"(119, 5)-(119, 33)",b'using Pointer = LinkInfoPtr;'
src,../repos/FreeCAD/src/Gui/ViewProviderLink.cpp,"(132, 5)-(132, 59)","b'using NodeMap = std::unordered_map<SoNode *, ...'"
src,../repos/FreeCAD/src/Gui/Tree.h,"(48, 1)-(48, 67)",b'using DocumentObjectDataPtr = std::shared_ptr...'
src,../repos/FreeCAD/src/Gui/Tree.h,"(256, 5)-(256, 52)",b'using Connection = boost::signals2::connection;'
src,../repos/FreeCAD/src/Gui/Tree.h,"(313, 5)-(313, 55)",b'using ExpandInfoPtr = std::shared_ptr<ExpandInfo>;'
src,../repos/FreeCAD/src/Gui/Tree.h,"(348, 5)-(348, 111)",b'using ViewParentMap = std::unordered_map<cons...'
src,../repos/FreeCAD/src/Gui/Tree.h,"(361, 5)-(361, 52)",b'using Connection = boost::signals2::connection;'
src,../repos/FreeCAD/src/Gui/Tree.h,"(451, 5)-(451, 52)",b'using Connection = boost::signals2::connection;'
src,../repos/FreeCAD/src/Gui/SoTextLabel.h,"(45, 5)-(45, 31)",b'using inherited = SoText2;'
src,../repos/FreeCAD/src/Gui/SoTextLabel.h,"(67, 5)-(67, 31)",b'using inherited = SoText2;'
src,../repos/FreeCAD/src/Gui/SoTextLabel.h,"(80, 5)-(80, 30)",b'using inherited = SoNode;'
src,../repos/FreeCAD/src/Gui/SoTextLabel.h,"(99, 5)-(99, 31)",b'using inherited = SoImage;'
src,../repos/FreeCAD/src/Gui/SoFCBoundingBox.h,"(49, 5)-(49, 31)",b'using inherited = SoShape;'
src,../repos/FreeCAD/src/Gui/SoFCBoundingBox.h,"(82, 5)-(82, 31)",b'using inherited = SoGroup;'
src,../repos/FreeCAD/src/Gui/SoDatumLabel.h,"(44, 5)-(44, 31)",b'using inherited = SoShape;'
src,../repos/FreeCAD/src/Gui/ViewProviderGeoFeatureGroup.h,"(47, 1)-(47, 99)",b'using ViewProviderGeoFeatureGroupPython = Vie...'
src,../repos/FreeCAD/src/Gui/Document.cpp,"(109, 5)-(109, 52)",b'using Connection = boost::signals2::connection;'
src,../repos/FreeCAD/src/Gui/Document.cpp,"(134, 5)-(134, 70)",b'using ConnectionBlock = boost::signals2::shar...'
src,../repos/FreeCAD/src/Gui/Command.h,"(200, 1)-(200, 33)",b'using PyObject = struct _object;'
src,../repos/FreeCAD/src/Gui/Inventor/SoDrawingGrid.h,"(32, 5)-(32, 31)",b'using inherited = SoShape;'
src,../repos/FreeCAD/src/Gui/Inventor/SmSwitchboard.h,"(42, 3)-(42, 29)",b'using inherited = SoGroup;'
src,../repos/FreeCAD/src/Gui/Inventor/SoAutoZoomTranslation.h,"(34, 5)-(34, 40)",b'using inherited = SoTransformation;'
src,../repos/FreeCAD/src/Gui/SplitView3DInventor.h,"(81, 5)-(81, 63)",b'using BaseType = Py::PythonExtension<Abstract...'
src,../repos/FreeCAD/src/Gui/Utilities.h,"(44, 5)-(44, 30)",b'using vec_type = SbVec3f;'
src,../repos/FreeCAD/src/Gui/Utilities.h,"(45, 5)-(45, 30)",b'using float_type = float;'
src,../repos/FreeCAD/src/Gui/Utilities.h,"(57, 5)-(57, 30)",b'using vec_type = SbVec3d;'
src,../repos/FreeCAD/src/Gui/Utilities.h,"(58, 5)-(58, 31)",b'using float_type = double;'
src,../repos/FreeCAD/src/Gui/Utilities.h,"(70, 5)-(70, 33)",b'using vec_type = SbRotation;'
src,../repos/FreeCAD/src/Gui/Utilities.h,"(71, 5)-(71, 30)",b'using float_type = float;'
src,../repos/FreeCAD/src/Gui/Utilities.h,"(85, 5)-(85, 30)",b'using vec_type = SbColor;'
src,../repos/FreeCAD/src/Gui/Utilities.h,"(86, 5)-(86, 30)",b'using float_type = float;'
src,../repos/FreeCAD/src/Gui/Utilities.h,"(98, 5)-(98, 33)",b'using vec_type = App::Color;'
src,../repos/FreeCAD/src/Gui/Utilities.h,"(99, 5)-(99, 30)",b'using float_type = float;'
src,../repos/FreeCAD/src/Gui/NotificationArea.cpp,"(57, 1)-(57, 48)",b'using Connection = boost::signals2::connection;'
src,../repos/FreeCAD/src/Gui/DlgCustomizeSpaceball.cpp,"(49, 1)-(49, 65)",b'using GroupVector = std::vector<Base::Referen...'
src,../repos/FreeCAD/src/Gui/ViewProviderPlacement.h,"(70, 1)-(70, 87)",b'using ViewProviderPlacementPython = ViewProvi...'
src,../repos/FreeCAD/src/Gui/Language/Translator.h,"(38, 1)-(38, 44)",b'using TStringList = std::list<std::string>;'
src,../repos/FreeCAD/src/Gui/Language/Translator.h,"(39, 1)-(39, 55)","b'using TStringMap = std::map<std::string, std:...'"
src,../repos/FreeCAD/src/Gui/NotificationBox.cpp,"(55, 1)-(55, 80)",b'using qobject_delete_later_unique_ptr = std::...'
src,../repos/FreeCAD/src/Gui/DocumentModel.cpp,"(133, 9)-(133, 67)",b'using IndexSet = boost::unordered_set<ViewPro...'
src,../repos/FreeCAD/src/Gui/DocumentObserver.cpp,"(252, 5)-(252, 59)",b'using Connection = boost::signals2::scoped_co...'
src,../repos/FreeCAD/src/Gui/DocumentObserver.cpp,"(342, 5)-(342, 59)",b'using Connection = boost::signals2::scoped_co...'
src,../repos/FreeCAD/src/Gui/MergeDocuments.cpp,"(72, 5)-(72, 61)","b'using PropertyTag = std::pair<std::string, st...'"
src,../repos/FreeCAD/src/Gui/ViewProvider.h,"(96, 5)-(96, 47)",b'using inherited = boost::intrusive_ptr<T>;'
src,../repos/FreeCAD/src/Gui/ViewProviderOriginGroupExtension.h,"(62, 1)-(62, 116)",b'using ViewProviderOriginGroupExtensionPython ...'
src,../repos/FreeCAD/src/Gui/SelectionFilterPy.h,"(49, 9)-(49, 79)",b'using SelectionFilterClass = Py::PythonClassO...'
src,../repos/FreeCAD/src/Gui/3Dconnexion/GuiRawInputEventFilter.h,"(34, 9)-(34, 67)","b'using EventFilter = bool (*)(void *message, l...'"
src,../repos/FreeCAD/src/Gui/3Dconnexion/GuiRawInputEventFilter.h,"(36, 9)-(36, 70)","b'using EventFilter = bool (*)(void *message, q...'"
src,../repos/FreeCAD/src/Gui/ViewProvider.cpp,"(573, 1)-(581, 3)",b'using Graph = boost::adjacency_list <\n       ...'
src,../repos/FreeCAD/src/Gui/ViewProvider.cpp,"(582, 1)-(582, 62)",b'using Vertex = boost::graph_traits<Graph>::ve...'
src,../repos/FreeCAD/src/Gui/ViewProvider.cpp,"(583, 1)-(583, 58)",b'using Edge = boost::graph_traits<Graph>::edge...'
src,../repos/FreeCAD/src/CXX/Python3/Objects.hxx,"(1440, 13)-(1440, 71)",b'using iterator_category = std::random_access_...'
src,../repos/FreeCAD/src/CXX/Python3/Objects.hxx,"(1441, 13)-(1441, 42)",b'using value_type = seqref<T>;'
src,../repos/FreeCAD/src/CXX/Python3/Objects.hxx,"(1442, 13)-(1442, 41)",b'using difference_type = int;'
src,../repos/FreeCAD/src/CXX/Python3/Objects.hxx,"(1443, 13)-(1443, 41)",b'using pointer = value_type*;'
src,../repos/FreeCAD/src/CXX/Python3/Objects.hxx,"(1444, 13)-(1444, 43)",b'using reference = value_type&;'
src,../repos/FreeCAD/src/CXX/Python3/Objects.hxx,"(1599, 13)-(1599, 71)",b'using iterator_category = std::random_access_...'
src,../repos/FreeCAD/src/CXX/Python3/Objects.hxx,"(1600, 13)-(1600, 45)",b'using value_type = const Object;'
src,../repos/FreeCAD/src/CXX/Python3/Objects.hxx,"(1601, 13)-(1601, 41)",b'using difference_type = int;'
src,../repos/FreeCAD/src/CXX/Python3/Objects.hxx,"(1602, 13)-(1602, 41)",b'using pointer = value_type*;'
src,../repos/FreeCAD/src/CXX/Python3/Objects.hxx,"(1603, 13)-(1603, 43)",b'using reference = value_type&;'
