Repo name,File name,Location,Content
src,../repos/FreeCAD/src/Main/MainGui.cpp,"(315, 1)-(323, 5)",b'typedef BOOL (__stdcall *tMDWD)(\n  IN HANDLE ...'
src,../repos/FreeCAD/src/App/lex.ExpressionParser.c,"(303, 1)-(303, 28)",b'typedef int8_t flex_int8_t;'
src,../repos/FreeCAD/src/App/lex.ExpressionParser.c,"(304, 1)-(304, 30)",b'typedef uint8_t flex_uint8_t;'
src,../repos/FreeCAD/src/App/lex.ExpressionParser.c,"(305, 1)-(305, 30)",b'typedef int16_t flex_int16_t;'
src,../repos/FreeCAD/src/App/lex.ExpressionParser.c,"(306, 1)-(306, 32)",b'typedef uint16_t flex_uint16_t;'
src,../repos/FreeCAD/src/App/lex.ExpressionParser.c,"(307, 1)-(307, 30)",b'typedef int32_t flex_int32_t;'
src,../repos/FreeCAD/src/App/lex.ExpressionParser.c,"(308, 1)-(308, 32)",b'typedef uint32_t flex_uint32_t;'
src,../repos/FreeCAD/src/App/lex.ExpressionParser.c,"(310, 1)-(310, 33)",b'typedef signed char flex_int8_t;'
src,../repos/FreeCAD/src/App/lex.ExpressionParser.c,"(311, 1)-(311, 32)",b'typedef short int flex_int16_t;'
src,../repos/FreeCAD/src/App/lex.ExpressionParser.c,"(312, 1)-(312, 26)",b'typedef int flex_int32_t;'
src,../repos/FreeCAD/src/App/lex.ExpressionParser.c,"(313, 1)-(313, 36)",b'typedef unsigned char flex_uint8_t;'
src,../repos/FreeCAD/src/App/lex.ExpressionParser.c,"(314, 1)-(314, 42)",b'typedef unsigned short int flex_uint16_t;'
src,../repos/FreeCAD/src/App/lex.ExpressionParser.c,"(315, 1)-(315, 36)",b'typedef unsigned int flex_uint32_t;'
src,../repos/FreeCAD/src/App/lex.ExpressionParser.c,"(409, 1)-(409, 49)",b'typedef struct yy_buffer_state *YY_BUFFER_STATE;'
src,../repos/FreeCAD/src/App/lex.ExpressionParser.c,"(414, 1)-(414, 26)",b'typedef size_t yy_size_t;'
src,../repos/FreeCAD/src/App/lex.ExpressionParser.c,"(586, 1)-(586, 30)",b'typedef flex_uint8_t YY_CHAR;'
src,../repos/FreeCAD/src/App/lex.ExpressionParser.c,"(590, 1)-(590, 27)",b'typedef int yy_state_type;'
src,../repos/FreeCAD/src/App/ExpressionParser.tab.c,"(171, 1)-(171, 46)",b'typedef enum yysymbol_kind_t yysymbol_kind_t;'
src,../repos/FreeCAD/src/App/ExpressionParser.tab.c,"(198, 1)-(198, 41)",b'typedef __INT_LEAST8_TYPE__ yytype_int8;'
src,../repos/FreeCAD/src/App/ExpressionParser.tab.c,"(200, 1)-(200, 34)",b'typedef int_least8_t yytype_int8;'
src,../repos/FreeCAD/src/App/ExpressionParser.tab.c,"(202, 1)-(202, 33)",b'typedef signed char yytype_int8;'
src,../repos/FreeCAD/src/App/ExpressionParser.tab.c,"(206, 1)-(206, 43)",b'typedef __INT_LEAST16_TYPE__ yytype_int16;'
src,../repos/FreeCAD/src/App/ExpressionParser.tab.c,"(208, 1)-(208, 36)",b'typedef int_least16_t yytype_int16;'
src,../repos/FreeCAD/src/App/ExpressionParser.tab.c,"(210, 1)-(210, 28)",b'typedef short yytype_int16;'
src,../repos/FreeCAD/src/App/ExpressionParser.tab.c,"(226, 1)-(226, 43)",b'typedef __UINT_LEAST8_TYPE__ yytype_uint8;'
src,../repos/FreeCAD/src/App/ExpressionParser.tab.c,"(229, 1)-(229, 36)",b'typedef uint_least8_t yytype_uint8;'
src,../repos/FreeCAD/src/App/ExpressionParser.tab.c,"(231, 1)-(231, 36)",b'typedef unsigned char yytype_uint8;'
src,../repos/FreeCAD/src/App/ExpressionParser.tab.c,"(233, 1)-(233, 28)",b'typedef short yytype_uint8;'
src,../repos/FreeCAD/src/App/ExpressionParser.tab.c,"(237, 1)-(237, 45)",b'typedef __UINT_LEAST16_TYPE__ yytype_uint16;'
src,../repos/FreeCAD/src/App/ExpressionParser.tab.c,"(240, 1)-(240, 38)",b'typedef uint_least16_t yytype_uint16;'
src,../repos/FreeCAD/src/App/ExpressionParser.tab.c,"(242, 1)-(242, 38)",b'typedef unsigned short yytype_uint16;'
src,../repos/FreeCAD/src/App/ExpressionParser.tab.c,"(244, 1)-(244, 27)",b'typedef int yytype_uint16;'
src,../repos/FreeCAD/src/App/ExpressionParser.tab.c,"(286, 1)-(286, 33)",b'typedef yytype_uint8 yy_state_t;'
src,../repos/FreeCAD/src/App/ExpressionParser.tab.c,"(289, 1)-(289, 29)",b'typedef int yy_state_fast_t;'
src,../repos/FreeCAD/src/App/ExpressionParser.tab.h,"(82, 3)-(82, 43)",b'typedef enum yytokentype yytoken_kind_t;'
src,../repos/FreeCAD/src/Base/QuantityParser.c,"(137, 1)-(137, 21)",b'typedef int YYSTYPE;'
src,../repos/FreeCAD/src/Base/QuantityParser.c,"(158, 1)-(158, 35)",b'typedef YYTYPE_UINT8 yytype_uint8;'
src,../repos/FreeCAD/src/Base/QuantityParser.c,"(160, 1)-(160, 36)",b'typedef unsigned char yytype_uint8;'
src,../repos/FreeCAD/src/Base/QuantityParser.c,"(164, 1)-(164, 33)",b'typedef YYTYPE_INT8 yytype_int8;'
src,../repos/FreeCAD/src/Base/QuantityParser.c,"(166, 1)-(166, 33)",b'typedef signed char yytype_int8;'
src,../repos/FreeCAD/src/Base/QuantityParser.c,"(170, 1)-(170, 37)",b'typedef YYTYPE_UINT16 yytype_uint16;'
src,../repos/FreeCAD/src/Base/QuantityParser.c,"(172, 1)-(172, 42)",b'typedef unsigned short int yytype_uint16;'
src,../repos/FreeCAD/src/Base/QuantityParser.c,"(176, 1)-(176, 35)",b'typedef YYTYPE_INT16 yytype_int16;'
src,../repos/FreeCAD/src/Base/QuantityParser.c,"(178, 1)-(178, 32)",b'typedef short int yytype_int16;'
src,../repos/FreeCAD/src/Base/QuantityParser.h,"(74, 1)-(74, 21)",b'typedef int YYSTYPE;'
src,../repos/FreeCAD/src/Base/PyObjectBase.cpp,"(52, 1)-(56, 15)",b'typedef struct {            //NOLINT\n    PyOb...'
src,../repos/FreeCAD/src/Base/QuantityLexer.c,"(45, 1)-(45, 28)",b'typedef int8_t flex_int8_t;'
src,../repos/FreeCAD/src/Base/QuantityLexer.c,"(46, 1)-(46, 30)",b'typedef uint8_t flex_uint8_t;'
src,../repos/FreeCAD/src/Base/QuantityLexer.c,"(47, 1)-(47, 30)",b'typedef int16_t flex_int16_t;'
src,../repos/FreeCAD/src/Base/QuantityLexer.c,"(48, 1)-(48, 32)",b'typedef uint16_t flex_uint16_t;'
src,../repos/FreeCAD/src/Base/QuantityLexer.c,"(49, 1)-(49, 30)",b'typedef int32_t flex_int32_t;'
src,../repos/FreeCAD/src/Base/QuantityLexer.c,"(50, 1)-(50, 32)",b'typedef uint32_t flex_uint32_t;'
src,../repos/FreeCAD/src/Base/QuantityLexer.c,"(52, 1)-(52, 33)",b'typedef signed char flex_int8_t;'
src,../repos/FreeCAD/src/Base/QuantityLexer.c,"(53, 1)-(53, 32)",b'typedef short int flex_int16_t;'
src,../repos/FreeCAD/src/Base/QuantityLexer.c,"(54, 1)-(54, 26)",b'typedef int flex_int32_t;'
src,../repos/FreeCAD/src/Base/QuantityLexer.c,"(55, 1)-(55, 36)",b'typedef unsigned char flex_uint8_t;'
src,../repos/FreeCAD/src/Base/QuantityLexer.c,"(56, 1)-(56, 42)",b'typedef unsigned short int flex_uint16_t;'
src,../repos/FreeCAD/src/Base/QuantityLexer.c,"(57, 1)-(57, 36)",b'typedef unsigned int flex_uint32_t;'
src,../repos/FreeCAD/src/Base/QuantityLexer.c,"(151, 1)-(151, 49)",b'typedef struct yy_buffer_state *YY_BUFFER_STATE;'
src,../repos/FreeCAD/src/Base/QuantityLexer.c,"(156, 1)-(156, 26)",b'typedef size_t yy_size_t;'
src,../repos/FreeCAD/src/Base/QuantityLexer.c,"(328, 1)-(328, 30)",b'typedef flex_uint8_t YY_CHAR;'
src,../repos/FreeCAD/src/Base/QuantityLexer.c,"(332, 1)-(332, 27)",b'typedef int yy_state_type;'
src,../repos/FreeCAD/src/Base/StackWalker.cpp,"(295, 1)-(321, 24)",b'typedef struct IMAGEHLP_MODULE64_V3 {\n    DWO...'
src,../repos/FreeCAD/src/Base/StackWalker.cpp,"(323, 1)-(334, 24)",b'typedef struct IMAGEHLP_MODULE64_V2 {\n    DWO...'
src,../repos/FreeCAD/src/Base/StackWalker.cpp,"(339, 3)-(339, 55)",b'typedef BOOL (__stdcall *tSC)( IN HANDLE hPro...'
src,../repos/FreeCAD/src/Base/StackWalker.cpp,"(343, 3)-(343, 73)",b'typedef PVOID (__stdcall *tSFTA)( HANDLE hPro...'
src,../repos/FreeCAD/src/Base/StackWalker.cpp,"(347, 3)-(348, 61)",b'typedef BOOL (__stdcall *tSGLFA)( IN HANDLE h...'
src,../repos/FreeCAD/src/Base/StackWalker.cpp,"(352, 3)-(352, 79)",b'typedef DWORD64 (__stdcall *tSGMB)( IN HANDLE...'
src,../repos/FreeCAD/src/Base/StackWalker.cpp,"(356, 3)-(356, 114)",b'typedef BOOL (__stdcall *tSGMI)( IN HANDLE hP...'
src,../repos/FreeCAD/src/Base/StackWalker.cpp,"(360, 3)-(360, 43)",b'typedef DWORD (__stdcall *tSGO)( VOID );'
src,../repos/FreeCAD/src/Base/StackWalker.cpp,"(364, 3)-(365, 67)",b'typedef BOOL (__stdcall *tSGSFA)( IN HANDLE h...'
src,../repos/FreeCAD/src/Base/StackWalker.cpp,"(369, 3)-(369, 103)",b'typedef BOOL (__stdcall *tSI)( IN HANDLE hPro...'
src,../repos/FreeCAD/src/Base/StackWalker.cpp,"(373, 3)-(374, 87)",b'typedef DWORD64 (__stdcall *tSLM)( IN HANDLE ...'
src,../repos/FreeCAD/src/Base/StackWalker.cpp,"(378, 3)-(378, 58)",b'typedef DWORD (__stdcall *tSSO)( IN DWORD Sym...'
src,../repos/FreeCAD/src/Base/StackWalker.cpp,"(382, 3)-(391, 53)",b'typedef BOOL (__stdcall *tSW)(\n    DWORD Mach...'
src,../repos/FreeCAD/src/Base/StackWalker.cpp,"(395, 3)-(396, 44)",b'typedef DWORD (__stdcall WINAPI *tUDSN)( PCST...'
src,../repos/FreeCAD/src/Base/StackWalker.cpp,"(399, 3)-(399, 100)",b'typedef BOOL (__stdcall WINAPI *tSGSP)(HANDLE...'
src,../repos/FreeCAD/src/Base/StackWalker.cpp,"(408, 3)-(420, 19)",b'typedef struct tagMODULEENTRY32\n  {\n      DWO...'
src,../repos/FreeCAD/src/Base/StackWalker.cpp,"(421, 3)-(421, 43)",b'typedef MODULEENTRY32 *  PMODULEENTRY32;'
src,../repos/FreeCAD/src/Base/StackWalker.cpp,"(422, 3)-(422, 44)",b'typedef MODULEENTRY32 *  LPMODULEENTRY32;'
src,../repos/FreeCAD/src/Base/StackWalker.cpp,"(428, 5)-(428, 76)",b'typedef HANDLE (__stdcall *tCT32S)(DWORD dwFl...'
src,../repos/FreeCAD/src/Base/StackWalker.cpp,"(430, 5)-(430, 77)",b'typedef BOOL (__stdcall *tM32F)(HANDLE hSnaps...'
src,../repos/FreeCAD/src/Base/StackWalker.cpp,"(432, 5)-(432, 77)",b'typedef BOOL (__stdcall *tM32N)(HANDLE hSnaps...'
src,../repos/FreeCAD/src/Base/StackWalker.cpp,"(487, 3)-(491, 31)",b'typedef struct _MODULEINFO {\n      LPVOID lpB...'
src,../repos/FreeCAD/src/Base/StackWalker.cpp,"(496, 5)-(496, 104)",b'typedef BOOL (__stdcall *tEPM)(HANDLE hProces...'
src,../repos/FreeCAD/src/Base/StackWalker.cpp,"(498, 5)-(498, 105)",b'typedef DWORD (__stdcall *tGMFNE)(HANDLE hPro...'
src,../repos/FreeCAD/src/Base/StackWalker.cpp,"(500, 5)-(500, 104)",b'typedef DWORD (__stdcall *tGMBN)(HANDLE hProc...'
src,../repos/FreeCAD/src/Base/StackWalker.cpp,"(502, 5)-(502, 102)",b'typedef BOOL (__stdcall *tGMI)(HANDLE hProces...'
src,../repos/FreeCAD/src/Base/PyTools.h,"(84, 1)-(87, 17)",b'typedef enum {           //NOLINT\n     PP_EXP...'
src,../repos/FreeCAD/src/Base/StackWalker.h,"(91, 3)-(98, 7)",b'typedef BOOL (__stdcall *PReadProcessMemoryRo...'
src,../repos/FreeCAD/src/Gui/Quarter/QuarterWidget.h,"(62, 3)-(62, 35)",b'typedef QGraphicsView inherited;'
src,../repos/FreeCAD/src/Gui/Quarter/QuarterP.h,"(53, 3)-(53, 48)","b'typedef QMap<SbName, QCursor> StateCursorMap;'"
src,../repos/FreeCAD/src/Gui/Quarter/KeyboardP.h,"(56, 3)-(56, 54)","b'typedef QMap<Qt::Key, SoKeyboardEvent::Key> K...'"
src,../repos/FreeCAD/src/Gui/Tree.cpp,"(365, 5)-(365, 43)",b'typedef QStyledItemDelegate inherited;'
src,../repos/FreeCAD/src/Gui/QSint/actionpanel/actionpanel.h,"(41, 5)-(41, 30)",b'typedef QFrame BaseClass;'
src,../repos/FreeCAD/src/Gui/QSint/actionpanel/taskgroup_p.h,"(24, 3)-(24, 28)",b'typedef QFrame BaseClass;'
src,../repos/FreeCAD/src/Gui/lex.SelectionFilter.c,"(83, 1)-(83, 28)",b'typedef int8_t flex_int8_t;'
src,../repos/FreeCAD/src/Gui/lex.SelectionFilter.c,"(84, 1)-(84, 30)",b'typedef uint8_t flex_uint8_t;'
src,../repos/FreeCAD/src/Gui/lex.SelectionFilter.c,"(85, 1)-(85, 30)",b'typedef int16_t flex_int16_t;'
src,../repos/FreeCAD/src/Gui/lex.SelectionFilter.c,"(86, 1)-(86, 32)",b'typedef uint16_t flex_uint16_t;'
src,../repos/FreeCAD/src/Gui/lex.SelectionFilter.c,"(87, 1)-(87, 30)",b'typedef int32_t flex_int32_t;'
src,../repos/FreeCAD/src/Gui/lex.SelectionFilter.c,"(88, 1)-(88, 32)",b'typedef uint32_t flex_uint32_t;'
src,../repos/FreeCAD/src/Gui/lex.SelectionFilter.c,"(90, 1)-(90, 33)",b'typedef signed char flex_int8_t;'
src,../repos/FreeCAD/src/Gui/lex.SelectionFilter.c,"(91, 1)-(91, 32)",b'typedef short int flex_int16_t;'
src,../repos/FreeCAD/src/Gui/lex.SelectionFilter.c,"(92, 1)-(92, 26)",b'typedef int flex_int32_t;'
src,../repos/FreeCAD/src/Gui/lex.SelectionFilter.c,"(93, 1)-(93, 36)",b'typedef unsigned char flex_uint8_t;'
src,../repos/FreeCAD/src/Gui/lex.SelectionFilter.c,"(94, 1)-(94, 42)",b'typedef unsigned short int flex_uint16_t;'
src,../repos/FreeCAD/src/Gui/lex.SelectionFilter.c,"(95, 1)-(95, 36)",b'typedef unsigned int flex_uint32_t;'
src,../repos/FreeCAD/src/Gui/lex.SelectionFilter.c,"(201, 1)-(201, 49)",b'typedef struct yy_buffer_state *YY_BUFFER_STATE;'
src,../repos/FreeCAD/src/Gui/lex.SelectionFilter.c,"(206, 1)-(206, 26)",b'typedef size_t yy_size_t;'
src,../repos/FreeCAD/src/Gui/lex.SelectionFilter.c,"(385, 1)-(385, 31)",b'typedef unsigned char YY_CHAR;'
src,../repos/FreeCAD/src/Gui/lex.SelectionFilter.c,"(389, 1)-(389, 27)",b'typedef int yy_state_type;'
src,../repos/FreeCAD/src/Gui/SelectionFilter.tab.c,"(111, 1)-(128, 11)",b'typedef union YYSTYPE\n{\n\n/* Line 214 of yacc....'
src,../repos/FreeCAD/src/Gui/SelectionFilter.tab.c,"(146, 1)-(146, 35)",b'typedef YYTYPE_UINT8 yytype_uint8;'
src,../repos/FreeCAD/src/Gui/SelectionFilter.tab.c,"(148, 1)-(148, 36)",b'typedef unsigned char yytype_uint8;'
src,../repos/FreeCAD/src/Gui/SelectionFilter.tab.c,"(152, 1)-(152, 33)",b'typedef YYTYPE_INT8 yytype_int8;'
src,../repos/FreeCAD/src/Gui/SelectionFilter.tab.c,"(155, 1)-(155, 33)",b'typedef signed char yytype_int8;'
src,../repos/FreeCAD/src/Gui/SelectionFilter.tab.c,"(157, 1)-(157, 31)",b'typedef short int yytype_int8;'
src,../repos/FreeCAD/src/Gui/SelectionFilter.tab.c,"(161, 1)-(161, 37)",b'typedef YYTYPE_UINT16 yytype_uint16;'
src,../repos/FreeCAD/src/Gui/SelectionFilter.tab.c,"(163, 1)-(163, 42)",b'typedef unsigned short int yytype_uint16;'
src,../repos/FreeCAD/src/Gui/SelectionFilter.tab.c,"(167, 1)-(167, 35)",b'typedef YYTYPE_INT16 yytype_int16;'
src,../repos/FreeCAD/src/Gui/SelectionFilter.tab.c,"(169, 1)-(169, 32)",b'typedef short int yytype_int16;'
src,../repos/FreeCAD/src/Gui/3Dconnexion/GuiNativeEventWin32.cpp,"(76, 1)-(76, 32)",b'typedef unsigned __int64 QWORD;'
src,../repos/FreeCAD/src/Gui/3Dconnexion/GuiNativeEventWin32.cpp,"(526, 5)-(526, 63)",b'typedef BOOL(WINAPI * LPFN_ISWOW64PROCESS)(HA...'
src,../repos/FreeCAD/src/FCConfig.h,"(107, 1)-(107, 36)",b'typedef signed char         int8_t;'
src,../repos/FreeCAD/src/FCConfig.h,"(112, 1)-(112, 37)",b'typedef unsigned char       uint8_t;'
src,../repos/FreeCAD/src/FCConfig.h,"(117, 1)-(117, 37)",b'typedef short               int16_t;'
src,../repos/FreeCAD/src/FCConfig.h,"(122, 1)-(122, 38)",b'typedef unsigned short      uint16_t;'
src,../repos/FreeCAD/src/FCConfig.h,"(127, 1)-(127, 37)",b'typedef int                 int32_t;'
src,../repos/FreeCAD/src/FCConfig.h,"(132, 1)-(132, 38)",b'typedef unsigned int        uint32_t;'
src,../repos/FreeCAD/src/FCConfig.h,"(137, 1)-(137, 37)",b'typedef __int64             int64_t;'
src,../repos/FreeCAD/src/FCConfig.h,"(142, 1)-(142, 38)",b'typedef unsigned __int64    uint64_t;'
src,../repos/FreeCAD/src/CXX/Python3/ExtensionModule.hxx,"(96, 9)-(96, 57)",b'typedef Object (T::*method_noargs_function_t)();'
src,../repos/FreeCAD/src/CXX/Python3/ExtensionModule.hxx,"(97, 9)-(97, 77)",b'typedef Object (T::*method_varargs_function_t...'
src,../repos/FreeCAD/src/CXX/Python3/ExtensionModule.hxx,"(98, 9)-(98, 94)",b'typedef Object (T::*method_keyword_function_t...'
src,../repos/FreeCAD/src/CXX/Python3/ExtensionModule.hxx,"(99, 9)-(99, 71)","b'typedef std::map<std::string, MethodDefExt<T>...'"
src,../repos/FreeCAD/src/CXX/Python3/Exception.hxx,"(76, 5)-(76, 52)",b'typedef void (*throw_exception_func_t)( void );'
src,../repos/FreeCAD/src/CXX/Python3/cxx_exceptions.cxx,"(11, 1)-(11, 48)",b'typedef void (*throw_exception_func_t)( void );'
src,../repos/FreeCAD/src/CXX/Python3/Config.hxx,"(133, 1)-(133, 28)",b'typedef long int Py_hash_t;'
src,../repos/FreeCAD/src/CXX/Python3/Extensions.hxx,"(110, 9)-(110, 57)",b'typedef Object (T::*method_noargs_function_t)();'
src,../repos/FreeCAD/src/CXX/Python3/Extensions.hxx,"(111, 9)-(111, 77)",b'typedef Object (T::*method_varargs_function_t...'
src,../repos/FreeCAD/src/CXX/Python3/Extensions.hxx,"(112, 9)-(112, 94)",b'typedef Object (T::*method_keyword_function_t...'
src,../repos/FreeCAD/src/CXX/Python3/ExtensionOldType.hxx,"(112, 9)-(112, 57)",b'typedef Object (T::*method_noargs_function_t)();'
src,../repos/FreeCAD/src/CXX/Python3/ExtensionOldType.hxx,"(113, 9)-(113, 77)",b'typedef Object (T::*method_varargs_function_t...'
src,../repos/FreeCAD/src/CXX/Python3/ExtensionOldType.hxx,"(114, 9)-(114, 94)",b'typedef Object (T::*method_keyword_function_t...'
src,../repos/FreeCAD/src/CXX/Python3/ExtensionOldType.hxx,"(115, 9)-(115, 71)","b'typedef std::map<std::string, MethodDefExt<T>...'"
src,../repos/FreeCAD/src/CXX/Python3/Objects.hxx,"(60, 5)-(60, 44)",b'typedef Py_ssize_t sequence_index_type;'
src,../repos/FreeCAD/src/CXX/Python3/Objects.hxx,"(791, 5)-(791, 22)",b'typedef Long Int;'
src,../repos/FreeCAD/src/CXX/Python3/Objects.hxx,"(793, 5)-(793, 27)",b'typedef Long LongLong;'
src,../repos/FreeCAD/src/CXX/Python3/Objects.hxx,"(1286, 9)-(1286, 41)",b'typedef PyCxx_ssize_t size_type;'
src,../repos/FreeCAD/src/CXX/Python3/Objects.hxx,"(1287, 9)-(1287, 37)",b'typedef seqref<T> reference;'
src,../repos/FreeCAD/src/CXX/Python3/Objects.hxx,"(1288, 9)-(1288, 35)",b'typedef T const_reference;'
src,../repos/FreeCAD/src/CXX/Python3/Objects.hxx,"(1289, 9)-(1289, 36)",b'typedef seqref<T> *pointer;'
src,../repos/FreeCAD/src/CXX/Python3/Objects.hxx,"(1290, 9)-(1290, 37)",b'typedef int difference_type;'
src,../repos/FreeCAD/src/CXX/Python3/Objects.hxx,"(1291, 9)-(1291, 30)",b'typedef T value_type;'
src,../repos/FreeCAD/src/CXX/Python3/Objects.hxx,"(1750, 5)-(1750, 38)",b'typedef SeqBase<Object> Sequence;'
src,../repos/FreeCAD/src/CXX/Python3/Objects.hxx,"(1787, 5)-(1787, 57)",b'typedef std::basic_string<Py_UNICODE> unicode...'
src,../repos/FreeCAD/src/CXX/Python3/Objects.hxx,"(1790, 5)-(1790, 51)",b'typedef std::basic_string<Py_UCS4> ucs4string;'
src,../repos/FreeCAD/src/CXX/Python3/Objects.hxx,"(2767, 9)-(2767, 41)",b'typedef PyCxx_ssize_t size_type;'
src,../repos/FreeCAD/src/CXX/Python3/Objects.hxx,"(2768, 9)-(2768, 33)",b'typedef Object key_type;'
src,../repos/FreeCAD/src/CXX/Python3/Objects.hxx,"(2769, 9)-(2769, 37)",b'typedef mapref<T> data_type;'
src,../repos/FreeCAD/src/CXX/Python3/Objects.hxx,"(2770, 9)-(2770, 52)","b'typedef std::pair< const T, T > value_type;'"
src,../repos/FreeCAD/src/CXX/Python3/Objects.hxx,"(2771, 9)-(2771, 59)","b'typedef std::pair< const T, mapref<T> > reference;'"
src,../repos/FreeCAD/src/CXX/Python3/Objects.hxx,"(2772, 9)-(2772, 69)","b'typedef const std::pair< const T, const T > c...'"
src,../repos/FreeCAD/src/CXX/Python3/Objects.hxx,"(2773, 9)-(2773, 57)","b'typedef std::pair< const T, mapref<T> > pointer;'"
src,../repos/FreeCAD/src/CXX/Python3/Objects.hxx,"(2936, 13)-(2936, 65)",b'typedef std::forward_iterator_tag iterator_ca...'
src,../repos/FreeCAD/src/CXX/Python3/Objects.hxx,"(2937, 13)-(2937, 56)","b'typedef std::pair< const T, T > value_type;'"
src,../repos/FreeCAD/src/CXX/Python3/Objects.hxx,"(2938, 13)-(2938, 41)",b'typedef int difference_type;'
src,../repos/FreeCAD/src/CXX/Python3/Objects.hxx,"(2939, 13)-(2939, 64)","b'typedef std::pair< const T, mapref<T> >    po...'"
src,../repos/FreeCAD/src/CXX/Python3/Objects.hxx,"(2940, 13)-(2940, 66)","b'typedef std::pair< const T, mapref<T> >    re...'"
src,../repos/FreeCAD/src/CXX/Python3/Objects.hxx,"(3054, 13)-(3054, 65)",b'typedef std::forward_iterator_tag iterator_ca...'
src,../repos/FreeCAD/src/CXX/Python3/Objects.hxx,"(3055, 13)-(3055, 62)","b'typedef const std::pair< const T, T > value_type;'"
src,../repos/FreeCAD/src/CXX/Python3/Objects.hxx,"(3056, 13)-(3056, 41)",b'typedef int difference_type;'
src,../repos/FreeCAD/src/CXX/Python3/Objects.hxx,"(3057, 13)-(3057, 59)","b'typedef const std::pair< const T, T > pointer;'"
src,../repos/FreeCAD/src/CXX/Python3/Objects.hxx,"(3058, 13)-(3058, 61)","b'typedef const std::pair< const T, T > reference;'"
src,../repos/FreeCAD/src/CXX/Python3/Objects.hxx,"(3160, 5)-(3160, 37)",b'typedef MapBase<Object> Mapping;'
src,../repos/FreeCAD/src/CXX/Config.hxx,"(41, 5)-(41, 38)",b'typedef Py_ssize_t PyCxx_ssize_t;'
src,../repos/FreeCAD/src/CXX/Config.hxx,"(43, 5)-(43, 38)",b'typedef Py_ssize_t PyCxx_ssize_t;'
src,../repos/FreeCAD/src/CXX/Python2/ExtensionModule.hxx,"(97, 9)-(97, 57)",b'typedef Object (T::*method_noargs_function_t)();'
src,../repos/FreeCAD/src/CXX/Python2/ExtensionModule.hxx,"(98, 9)-(98, 77)",b'typedef Object (T::*method_varargs_function_t...'
src,../repos/FreeCAD/src/CXX/Python2/ExtensionModule.hxx,"(99, 9)-(99, 94)",b'typedef Object (T::*method_keyword_function_t...'
src,../repos/FreeCAD/src/CXX/Python2/ExtensionModule.hxx,"(100, 9)-(100, 71)","b'typedef std::map<std::string, MethodDefExt<T>...'"
src,../repos/FreeCAD/src/CXX/Python2/Config.hxx,"(115, 1)-(115, 24)",b'typedef int Py_ssize_t;'
src,../repos/FreeCAD/src/CXX/Python2/Extensions.hxx,"(110, 9)-(110, 57)",b'typedef Object (T::*method_noargs_function_t)();'
src,../repos/FreeCAD/src/CXX/Python2/Extensions.hxx,"(111, 9)-(111, 77)",b'typedef Object (T::*method_varargs_function_t...'
src,../repos/FreeCAD/src/CXX/Python2/Extensions.hxx,"(112, 9)-(112, 94)",b'typedef Object (T::*method_keyword_function_t...'
src,../repos/FreeCAD/src/CXX/Python2/ExtensionOldType.hxx,"(112, 9)-(112, 57)",b'typedef Object (T::*method_noargs_function_t)();'
src,../repos/FreeCAD/src/CXX/Python2/ExtensionOldType.hxx,"(113, 9)-(113, 77)",b'typedef Object (T::*method_varargs_function_t...'
src,../repos/FreeCAD/src/CXX/Python2/ExtensionOldType.hxx,"(114, 9)-(114, 94)",b'typedef Object (T::*method_keyword_function_t...'
src,../repos/FreeCAD/src/CXX/Python2/ExtensionOldType.hxx,"(115, 9)-(115, 71)","b'typedef std::map<std::string, MethodDefExt<T>...'"
src,../repos/FreeCAD/src/CXX/Python2/Objects.hxx,"(57, 5)-(57, 44)",b'typedef Py_ssize_t sequence_index_type;'
src,../repos/FreeCAD/src/CXX/Python2/Objects.hxx,"(1319, 9)-(1319, 38)",b'typedef Py_ssize_t size_type;'
src,../repos/FreeCAD/src/CXX/Python2/Objects.hxx,"(1320, 9)-(1320, 37)",b'typedef seqref<T> reference;'
src,../repos/FreeCAD/src/CXX/Python2/Objects.hxx,"(1321, 9)-(1321, 35)",b'typedef T const_reference;'
src,../repos/FreeCAD/src/CXX/Python2/Objects.hxx,"(1322, 9)-(1322, 36)",b'typedef seqref<T>* pointer;'
src,../repos/FreeCAD/src/CXX/Python2/Objects.hxx,"(1323, 9)-(1323, 37)",b'typedef int difference_type;'
src,../repos/FreeCAD/src/CXX/Python2/Objects.hxx,"(1324, 9)-(1324, 30)",b'typedef T value_type;'
src,../repos/FreeCAD/src/CXX/Python2/Objects.hxx,"(1722, 5)-(1722, 38)",b'typedef SeqBase<Object> Sequence;'
src,../repos/FreeCAD/src/CXX/Python2/Objects.hxx,"(1757, 5)-(1757, 57)",b'typedef std::basic_string<Py_UNICODE> unicode...'
src,../repos/FreeCAD/src/CXX/Python2/Objects.hxx,"(2776, 9)-(2776, 38)",b'typedef Py_ssize_t size_type;'
src,../repos/FreeCAD/src/CXX/Python2/Objects.hxx,"(2777, 9)-(2777, 33)",b'typedef Object key_type;'
src,../repos/FreeCAD/src/CXX/Python2/Objects.hxx,"(2778, 9)-(2778, 37)",b'typedef mapref<T> data_type;'
src,../repos/FreeCAD/src/CXX/Python2/Objects.hxx,"(2779, 9)-(2779, 52)","b'typedef std::pair< const T, T > value_type;'"
src,../repos/FreeCAD/src/CXX/Python2/Objects.hxx,"(2780, 9)-(2780, 59)","b'typedef std::pair< const T, mapref<T> > reference;'"
src,../repos/FreeCAD/src/CXX/Python2/Objects.hxx,"(2781, 9)-(2781, 69)","b'typedef const std::pair< const T, const T > c...'"
src,../repos/FreeCAD/src/CXX/Python2/Objects.hxx,"(2782, 9)-(2782, 57)","b'typedef std::pair< const T, mapref<T> > pointer;'"
src,../repos/FreeCAD/src/CXX/Python2/Objects.hxx,"(2941, 13)-(2941, 65)",b'typedef std::forward_iterator_tag iterator_ca...'
src,../repos/FreeCAD/src/CXX/Python2/Objects.hxx,"(2942, 13)-(2942, 56)","b'typedef std::pair< const T, T > value_type;'"
src,../repos/FreeCAD/src/CXX/Python2/Objects.hxx,"(2943, 13)-(2943, 41)",b'typedef int difference_type;'
src,../repos/FreeCAD/src/CXX/Python2/Objects.hxx,"(2944, 13)-(2944, 64)","b'typedef std::pair< const T, mapref<T> >    po...'"
src,../repos/FreeCAD/src/CXX/Python2/Objects.hxx,"(2945, 13)-(2945, 66)","b'typedef std::pair< const T, mapref<T> >    re...'"
src,../repos/FreeCAD/src/CXX/Python2/Objects.hxx,"(3045, 13)-(3045, 65)",b'typedef std::forward_iterator_tag iterator_ca...'
src,../repos/FreeCAD/src/CXX/Python2/Objects.hxx,"(3046, 13)-(3046, 62)","b'typedef const std::pair< const T, T > value_type;'"
src,../repos/FreeCAD/src/CXX/Python2/Objects.hxx,"(3047, 13)-(3047, 41)",b'typedef int difference_type;'
src,../repos/FreeCAD/src/CXX/Python2/Objects.hxx,"(3048, 13)-(3048, 59)","b'typedef const std::pair< const T, T > pointer;'"
src,../repos/FreeCAD/src/CXX/Python2/Objects.hxx,"(3049, 13)-(3049, 61)","b'typedef const std::pair< const T, T > reference;'"
src,../repos/FreeCAD/src/CXX/Python2/Objects.hxx,"(3136, 5)-(3136, 37)",b'typedef MapBase<Object> Mapping;'
src,../repos/FreeCAD/src/zipios++/outputstringstream.h,"(13, 1)-(13, 48)",b'typedef std::ostringstream OutputStringStream ;'
src,../repos/FreeCAD/src/zipios++/zipios_defs.h,"(8, 1)-(8, 26)",b'typedef uint16_t uint16 ;'
src,../repos/FreeCAD/src/zipios++/zipios_defs.h,"(9, 1)-(9, 26)",b'typedef uint32_t uint32 ;'
src,../repos/FreeCAD/src/zipios++/collcoll.h,"(106, 1)-(106, 37)",b'typedef CollectionCollection CColl ;'
src,../repos/FreeCAD/src/zipios++/fileentry.h,"(33, 1)-(33, 55)",b'typedef SimpleSmartPointer< FileEntry > Entry...'
src,../repos/FreeCAD/src/zipios++/fileentry.h,"(37, 1)-(37, 66)",b'typedef SimpleSmartPointer< const FileEntry >...'
src,../repos/FreeCAD/src/zipios++/fileentry.h,"(40, 1)-(40, 46)",b'typedef vector< EntryPointer >      Entries ;'
src,../repos/FreeCAD/src/zipios++/fileentry.h,"(43, 1)-(43, 46)",b'typedef vector< EntryPointer > ConstEntries ;'
