Repo name,File name,Location,Content
src,../repos/FreeCAD/src/App/ExpressionParser.tab.c,"(439, 1)-(443, 2)",b'#if (! defined yyoverflow \\\n     && (! define...'
src,../repos/FreeCAD/src/App/ExpressionParser.tab.c,"(1184, 9)-(1184, 22)",b'union yyalloc *yyptr =\n          YY_CAST (uni...'
src,../repos/FreeCAD/src/Base/QuantityParser.c,"(335, 1)-(339, 2)",b'#if (! defined yyoverflow \\\n     && (! define...'
src,../repos/FreeCAD/src/Base/QuantityParser.c,"(1175, 9)-(1175, 22)",b'union yyalloc *yyptr =\n          (union yyall...'
src,../repos/FreeCAD/src/Base/QuantityParser.c,"(1176, 12)-(1176, 25)",b'union yyalloc *'
src,../repos/FreeCAD/src/Gui/SelectionFilter.tab.c,"(111, 9)-(128, 2)",b'typedef union YYSTYPE\n{\n\n/* Line 214 of yacc....'
src,../repos/FreeCAD/src/Gui/SelectionFilter.tab.c,"(300, 1)-(304, 2)",b'#if (! defined yyoverflow \\\n     && (! define...'
src,../repos/FreeCAD/src/Gui/SelectionFilter.tab.c,"(1212, 2)-(1212, 15)",b'union yyalloc *yyptr =\n\t  (union yyalloc *) Y...'
src,../repos/FreeCAD/src/Gui/SelectionFilter.tab.c,"(1213, 5)-(1213, 18)",b'union yyalloc *'
src,../repos/FreeCAD/src/Gui/ExpressionCompleter.cpp,"(183, 5)-(236, 6)",b'union InfoPtrEncoding\n    {\n        quint64 d...'
