Repo name,File name,Location,Content
pcl,../repos/pcl/io/src/libpng_wrapper.cpp,"(94, 7)-(94, 15)",b'volatile int channels;'
pcl,../repos/pcl/gpu/features/include/pcl/gpu/features/device/eigen.hpp,"(209, 48)-(209, 56)",b'volatile float* mat_pkg_arg'
pcl,../repos/pcl/gpu/features/include/pcl/gpu/features/device/eigen.hpp,"(424, 13)-(424, 21)",b'volatile float* mat_pkg;'
pcl,../repos/pcl/gpu/utils/include/pcl/gpu/utils/device/reduce.hpp,"(45, 54)-(45, 62)",b'volatile T* data'
pcl,../repos/pcl/gpu/utils/include/pcl/gpu/utils/device/warp.hpp,"(145, 59)-(145, 67)",b'volatile T* buffer'
pcl,../repos/pcl/gpu/utils/include/pcl/gpu/utils/device/warp.hpp,"(161, 56)-(161, 64)",b'volatile T* buffer'
pcl,../repos/pcl/gpu/utils/include/pcl/gpu/utils/device/block.hpp,"(122, 50)-(122, 58)",b'volatile T* buffer'
pcl,../repos/pcl/gpu/utils/include/pcl/gpu/utils/device/block.hpp,"(144, 47)-(144, 55)",b'volatile T* buffer'
pcl,../repos/pcl/gpu/utils/include/pcl/gpu/utils/device/emulation.hpp,"(50, 64)-(50, 72)",b'volatile int* cta_buffer'
pcl,../repos/pcl/gpu/kinfu_large_scale/src/cuda/device.hpp,"(91, 19)-(91, 27)",b'volatile T *ptr'
pcl,../repos/pcl/gpu/kinfu_large_scale/src/cuda/utils.hpp,"(224, 17)-(224, 25)",b'volatile float* mat_pkg_arg'
pcl,../repos/pcl/gpu/kinfu_large_scale/src/cuda/utils.hpp,"(440, 9)-(440, 17)",b'volatile float* mat_pkg;'
pcl,../repos/pcl/gpu/kinfu_large_scale/src/cuda/utils.hpp,"(478, 59)-(478, 67)",b'volatile T* buffer'
pcl,../repos/pcl/gpu/kinfu_large_scale/src/cuda/utils.hpp,"(500, 56)-(500, 64)",b'volatile T* buffer'
pcl,../repos/pcl/gpu/kinfu_large_scale/src/cuda/utils.hpp,"(567, 23)-(567, 31)",b'volatile int *ptr'
pcl,../repos/pcl/gpu/kinfu_large_scale/src/cuda/utils.hpp,"(585, 31)-(585, 39)",b'volatile int* cta_buffer'
pcl,../repos/pcl/gpu/kinfu_large_scale/src/cuda/utils.hpp,"(596, 28)-(596, 36)",b'volatile int* cta_buffer'
pcl,../repos/pcl/gpu/people/src/cuda/nvidia/NCVAlg.hpp,"(66, 46)-(66, 54)",b'volatile T *dst'
pcl,../repos/pcl/gpu/people/src/cuda/nvidia/NCVAlg.hpp,"(66, 63)-(66, 71)",b'volatile T *src'
pcl,../repos/pcl/gpu/people/src/cuda/nvidia/NCVAlg.hpp,"(71, 46)-(71, 54)",b'volatile T &in1out'
pcl,../repos/pcl/gpu/people/src/cuda/nvidia/NCVAlg.hpp,"(71, 72)-(71, 80)",b'const volatile T &in2'
pcl,../repos/pcl/gpu/people/src/cuda/nvidia/NCVAlg.hpp,"(81, 46)-(81, 54)",b'volatile T *dst'
pcl,../repos/pcl/gpu/people/src/cuda/nvidia/NCVAlg.hpp,"(81, 63)-(81, 71)",b'volatile T *src'
pcl,../repos/pcl/gpu/people/src/cuda/nvidia/NCVAlg.hpp,"(86, 46)-(86, 54)",b'volatile T &in1out'
pcl,../repos/pcl/gpu/people/src/cuda/nvidia/NCVAlg.hpp,"(86, 72)-(86, 80)",b'const volatile T &in2'
pcl,../repos/pcl/gpu/people/src/cuda/nvidia/NCVAlg.hpp,"(96, 46)-(96, 54)",b'volatile T *dst'
pcl,../repos/pcl/gpu/people/src/cuda/nvidia/NCVAlg.hpp,"(96, 63)-(96, 71)",b'volatile T *src'
pcl,../repos/pcl/gpu/people/src/cuda/nvidia/NCVAlg.hpp,"(101, 46)-(101, 54)",b'volatile T &in1out'
pcl,../repos/pcl/gpu/people/src/cuda/nvidia/NCVAlg.hpp,"(101, 72)-(101, 80)",b'const volatile T &in2'
pcl,../repos/pcl/gpu/people/src/cuda/nvidia/NCVAlg.hpp,"(114, 5)-(114, 13)",b'volatile Tdata *reduceArr = _reduceArr;'
pcl,../repos/pcl/gpu/octree/src/utils/bitonic_sort.hpp,"(48, 57)-(48, 65)",b'volatile K* keys'
pcl,../repos/pcl/gpu/octree/src/utils/bitonic_sort.hpp,"(48, 75)-(48, 83)",b'volatile V* vals'
pcl,../repos/pcl/gpu/octree/src/utils/warp_reduce.hpp,"(46, 52)-(46, 60)",b'volatile T *ptr'
pcl,../repos/pcl/gpu/octree/src/utils/scan_block.hpp,"(48, 50)-(48, 58)",b'volatile T *ptr'
pcl,../repos/pcl/gpu/octree/src/utils/scan_block.hpp,"(65, 50)-(65, 58)",b'volatile T *ptr'
pcl,../repos/pcl/gpu/octree/src/utils/emulation.hpp,"(50, 64)-(50, 72)",b'volatile int* cta_buffer'
pcl,../repos/pcl/gpu/kinfu/src/cuda/device.hpp,"(87, 17)-(87, 25)",b'volatile T *ptr'
pcl,../repos/pcl/gpu/kinfu/src/cuda/utils.hpp,"(222, 16)-(222, 24)",b'volatile float* mat_pkg_arg'
pcl,../repos/pcl/gpu/kinfu/src/cuda/utils.hpp,"(438, 8)-(438, 16)",b'volatile float* mat_pkg;'
pcl,../repos/pcl/gpu/kinfu/src/cuda/utils.hpp,"(476, 50)-(476, 58)",b'volatile T* buffer'
pcl,../repos/pcl/gpu/kinfu/src/cuda/utils.hpp,"(498, 47)-(498, 55)",b'volatile T* buffer'
pcl,../repos/pcl/gpu/kinfu/src/cuda/utils.hpp,"(565, 21)-(565, 29)",b'volatile int *ptr'
pcl,../repos/pcl/gpu/kinfu/src/cuda/utils.hpp,"(583, 29)-(583, 37)",b'volatile int* cta_buffer'
pcl,../repos/pcl/gpu/kinfu/src/cuda/utils.hpp,"(594, 26)-(594, 34)",b'volatile int* cta_buffer'
