Repo name,File name,Location,Content
pcl,../repos/pcl/common/src/parse.cpp,"(107, 87)-(107, 95)","b'parse_argument (int argc, const char * const ...'"
pcl,../repos/pcl/common/src/parse.cpp,"(114, 92)-(114, 100)","b'parse_argument (int argc, const char * const ...'"
pcl,../repos/pcl/common/src/parse.cpp,"(121, 101)-(121, 109)","b'parse_argument (int argc, const char * const ...'"
pcl,../repos/pcl/common/src/parse.cpp,"(162, 80)-(162, 88)","b'parse_argument (int argc, const char * const ...'"
pcl,../repos/pcl/common/include/pcl/common/common.h,"(285, 61)-(285, 69)","b'computeMedian (IteratorT begin, IteratorT end...'"
pcl,../repos/pcl/common/include/pcl/common/common.h,"(309, 50)-(309, 58)","b'computeMedian (IteratorT begin, IteratorT end...'"
pcl,../repos/pcl/common/include/pcl/common/colors.h,"(102, 18)-(102, 26)","b'std::array<T, 1 << bits>\n  RGB2sRGB_LUT() noexcept'"
pcl,../repos/pcl/common/include/pcl/common/colors.h,"(148, 17)-(148, 25)","b'std::array<T, discretizations>&\n  XYZ2LAB_LUT...'"
pcl,../repos/pcl/common/include/pcl/common/io.h,"(356, 21)-(356, 29)",b'isSamePointType() noexcept'
pcl,../repos/pcl/common/include/pcl/common/point_tests.h,"(119, 30)-(119, 38)",b'isXYFinite (const PointT&) noexcept'
pcl,../repos/pcl/common/include/pcl/common/point_tests.h,"(125, 31)-(125, 39)",b'isXYZFinite (const PointT&) noexcept'
pcl,../repos/pcl/common/include/pcl/common/point_tests.h,"(131, 34)-(131, 42)",b'isNormalFinite (const PointT&) noexcept'
pcl,../repos/pcl/common/include/pcl/common/point_tests.h,"(138, 33)-(138, 41)",b'isXYFinite (const PointT& pt) noexcept'
pcl,../repos/pcl/common/include/pcl/common/point_tests.h,"(144, 34)-(144, 42)",b'isXYZFinite (const PointT& pt) noexcept'
pcl,../repos/pcl/common/include/pcl/common/point_tests.h,"(150, 37)-(150, 45)",b'isNormalFinite (const PointT& pt) noexcept'
pcl,../repos/pcl/common/include/pcl/console/parse.h,"(161, 91)-(161, 99)","b'parse_argument (int argc, const char * const ...'"
pcl,../repos/pcl/common/include/pcl/point_cloud.h,"(429, 32)-(429, 40)",b'begin () noexcept'
pcl,../repos/pcl/common/include/pcl/point_cloud.h,"(430, 30)-(430, 38)",b'end () noexcept'
pcl,../repos/pcl/common/include/pcl/point_cloud.h,"(431, 44)-(431, 52)",b'begin () const noexcept'
pcl,../repos/pcl/common/include/pcl/point_cloud.h,"(432, 42)-(432, 50)",b'end () const noexcept'
pcl,../repos/pcl/common/include/pcl/point_cloud.h,"(433, 45)-(433, 53)",b'cbegin () const noexcept'
pcl,../repos/pcl/common/include/pcl/point_cloud.h,"(434, 43)-(434, 51)",b'cend () const noexcept'
pcl,../repos/pcl/common/include/pcl/point_cloud.h,"(435, 41)-(435, 49)",b'rbegin () noexcept'
pcl,../repos/pcl/common/include/pcl/point_cloud.h,"(436, 39)-(436, 47)",b'rend () noexcept'
pcl,../repos/pcl/common/include/pcl/point_cloud.h,"(437, 53)-(437, 61)",b'rbegin () const noexcept'
pcl,../repos/pcl/common/include/pcl/point_cloud.h,"(438, 51)-(438, 59)",b'rend () const noexcept'
pcl,../repos/pcl/common/include/pcl/point_cloud.h,"(439, 54)-(439, 62)",b'crbegin () const noexcept'
pcl,../repos/pcl/common/include/pcl/point_cloud.h,"(440, 52)-(440, 60)",b'crend () const noexcept'
pcl,../repos/pcl/common/include/pcl/point_cloud.h,"(444, 39)-(444, 47)",b'max_size() const noexcept'
pcl,../repos/pcl/common/include/pcl/point_cloud.h,"(447, 29)-(447, 37)",b'data() noexcept'
pcl,../repos/pcl/common/include/pcl/point_cloud.h,"(448, 41)-(448, 49)",b'data() const noexcept'
pcl,../repos/pcl/common/include/pcl/exceptions.h,"(81, 28)-(81, 36)",b'getFileName () const noexcept'
pcl,../repos/pcl/common/include/pcl/exceptions.h,"(87, 32)-(87, 40)",b'getFunctionName () const noexcept'
pcl,../repos/pcl/common/include/pcl/exceptions.h,"(93, 30)-(93, 38)",b'getLineNumber () const noexcept'
pcl,../repos/pcl/common/include/pcl/exceptions.h,"(99, 32)-(99, 40)",b'detailedMessage () const noexcept'
pcl,../repos/pcl/registration/include/pcl/registration/ppf_registration.h,"(68, 46)-(68, 54)",b'operator()(const HashKeyStruct& s) const noexcept'
pcl,../repos/pcl/io/src/image_rgb24.cpp,"(58, 37)-(58, 45)",b'pcl::io::ImageRGB24::~ImageRGB24 () noexcept'
pcl,../repos/pcl/io/src/oni_grabber.cpp,"(134, 27)-(134, 35)",b'ONIGrabber::~ONIGrabber() noexcept'
pcl,../repos/pcl/io/src/openni2_grabber.cpp,"(131, 45)-(131, 53)",b'pcl::io::OpenNI2Grabber::~OpenNI2Grabber () n...'
pcl,../repos/pcl/io/src/openni_grabber.cpp,"(117, 39)-(117, 47)",b'pcl::OpenNIGrabber::~OpenNIGrabber () noexcept'
pcl,../repos/pcl/io/src/openni_camera/openni_image_yuv_422.cpp,"(50, 79)-(50, 87)",b'ImageYUV422::ImageYUV422 (pcl::shared_ptr<xn:...'
pcl,../repos/pcl/io/src/openni_camera/openni_image_yuv_422.cpp,"(55, 30)-(55, 38)",b'ImageYUV422::~ImageYUV422 () noexcept'
pcl,../repos/pcl/io/src/openni_camera/openni_device_primesense.cpp,"(85, 56)-(85, 64)",b'openni_wrapper::DevicePrimesense::~DevicePrim...'
pcl,../repos/pcl/io/src/openni_camera/openni_device_primesense.cpp,"(105, 35)-(105, 43)",b'openni_wrapper::DevicePrimesense::isImageResi...'
pcl,../repos/pcl/io/src/openni_camera/openni_device_primesense.cpp,"(112, 57)-(112, 65)",b'openni_wrapper::DevicePrimesense::enumAvailab...'
pcl,../repos/pcl/io/src/openni_camera/openni_device_primesense.cpp,"(173, 105)-(173, 113)",b'openni_wrapper::DevicePrimesense::getCurrentI...'
pcl,../repos/pcl/io/src/openni_camera/openni_device.cpp,"(273, 48)-(273, 56)",b'openni_wrapper::OpenNIDevice::~OpenNIDevice (...'
pcl,../repos/pcl/io/src/openni_camera/openni_device.cpp,"(614, 61)-(614, 69)",b'openni_wrapper::OpenNIDevice::isImageStreamRu...'
pcl,../repos/pcl/io/src/openni_camera/openni_device.cpp,"(622, 61)-(622, 69)",b'openni_wrapper::OpenNIDevice::isDepthStreamRu...'
pcl,../repos/pcl/io/src/openni_camera/openni_device.cpp,"(630, 58)-(630, 66)",b'openni_wrapper::OpenNIDevice::isIRStreamRunni...'
pcl,../repos/pcl/io/src/openni_camera/openni_device.cpp,"(638, 55)-(638, 63)",b'openni_wrapper::OpenNIDevice::hasImageStream ...'
pcl,../repos/pcl/io/src/openni_camera/openni_device.cpp,"(647, 55)-(647, 63)",b'openni_wrapper::OpenNIDevice::hasDepthStream ...'
pcl,../repos/pcl/io/src/openni_camera/openni_device.cpp,"(656, 52)-(656, 60)",b'openni_wrapper::OpenNIDevice::hasIRStream () ...'
pcl,../repos/pcl/io/src/openni_camera/openni_device.cpp,"(695, 58)-(695, 66)",b'openni_wrapper::OpenNIDevice::isDepthRegister...'
pcl,../repos/pcl/io/src/openni_camera/openni_device.cpp,"(711, 69)-(711, 77)",b'openni_wrapper::OpenNIDevice::isDepthRegistra...'
pcl,../repos/pcl/io/src/openni_camera/openni_device.cpp,"(721, 67)-(721, 75)",b'openni_wrapper::OpenNIDevice::isSynchronizati...'
pcl,../repos/pcl/io/src/openni_camera/openni_device.cpp,"(757, 55)-(757, 63)",b'openni_wrapper::OpenNIDevice::isSynchronized ...'
pcl,../repos/pcl/io/src/openni_camera/openni_device.cpp,"(772, 65)-(772, 73)",b'openni_wrapper::OpenNIDevice::isDepthCropping...'
pcl,../repos/pcl/io/src/openni_camera/openni_device.cpp,"(909, 89)-(909, 97)",b'openni_wrapper::OpenNIDevice::NewDepthDataAva...'
pcl,../repos/pcl/io/src/openni_camera/openni_device.cpp,"(917, 89)-(917, 97)",b'openni_wrapper::OpenNIDevice::NewImageDataAva...'
pcl,../repos/pcl/io/src/openni_camera/openni_device.cpp,"(925, 86)-(925, 94)",b'openni_wrapper::OpenNIDevice::NewIRDataAvaila...'
pcl,../repos/pcl/io/src/openni_camera/openni_device.cpp,"(933, 112)-(933, 120)",b'openni_wrapper::OpenNIDevice::registerImageCa...'
pcl,../repos/pcl/io/src/openni_camera/openni_device.cpp,"(941, 108)-(941, 116)",b'openni_wrapper::OpenNIDevice::unregisterImage...'
pcl,../repos/pcl/io/src/openni_camera/openni_device.cpp,"(948, 117)-(948, 125)",b'openni_wrapper::OpenNIDevice::registerDepthCa...'
pcl,../repos/pcl/io/src/openni_camera/openni_device.cpp,"(956, 108)-(956, 116)",b'openni_wrapper::OpenNIDevice::unregisterDepth...'
pcl,../repos/pcl/io/src/openni_camera/openni_device.cpp,"(963, 111)-(963, 119)",b'openni_wrapper::OpenNIDevice::registerIRCallb...'
pcl,../repos/pcl/io/src/openni_camera/openni_device.cpp,"(971, 105)-(971, 113)",b'openni_wrapper::OpenNIDevice::unregisterIRCal...'
pcl,../repos/pcl/io/src/openni_camera/openni_device.cpp,"(978, 56)-(978, 64)",b'openni_wrapper::OpenNIDevice::getSerialNumber...'
pcl,../repos/pcl/io/src/openni_camera/openni_device.cpp,"(985, 60)-(985, 68)",b'openni_wrapper::OpenNIDevice::getConnectionSt...'
pcl,../repos/pcl/io/src/openni_camera/openni_device.cpp,"(992, 52)-(992, 60)",b'openni_wrapper::OpenNIDevice::getVendorID () ...'
pcl,../repos/pcl/io/src/openni_camera/openni_device.cpp,"(1011, 53)-(1011, 61)",b'openni_wrapper::OpenNIDevice::getProductID ()...'
pcl,../repos/pcl/io/src/openni_camera/openni_device.cpp,"(1028, 47)-(1028, 55)",b'openni_wrapper::OpenNIDevice::getBus () const...'
pcl,../repos/pcl/io/src/openni_camera/openni_device.cpp,"(1042, 51)-(1042, 59)",b'openni_wrapper::OpenNIDevice::getAddress () c...'
pcl,../repos/pcl/io/src/openni_camera/openni_device.cpp,"(1056, 54)-(1056, 62)",b'openni_wrapper::OpenNIDevice::getVendorName (...'
pcl,../repos/pcl/io/src/openni_camera/openni_device.cpp,"(1064, 55)-(1064, 63)",b'openni_wrapper::OpenNIDevice::getProductName ...'
pcl,../repos/pcl/io/src/openni_camera/openni_device.cpp,"(1072, 121)-(1072, 129)",b'openni_wrapper::OpenNIDevice::findCompatibleI...'
pcl,../repos/pcl/io/src/openni_camera/openni_device.cpp,"(1101, 121)-(1101, 129)",b'openni_wrapper::OpenNIDevice::findCompatibleD...'
pcl,../repos/pcl/io/src/openni_camera/openni_device.cpp,"(1130, 95)-(1130, 103)",b'openni_wrapper::OpenNIDevice::isImageModeSupp...'
pcl,../repos/pcl/io/src/openni_camera/openni_device.cpp,"(1142, 95)-(1142, 103)",b'openni_wrapper::OpenNIDevice::isDepthModeSupp...'
pcl,../repos/pcl/io/src/openni_camera/openni_device.cpp,"(1154, 60)-(1154, 68)",b'openni_wrapper::OpenNIDevice::getDefaultImage...'
pcl,../repos/pcl/io/src/openni_camera/openni_device.cpp,"(1161, 60)-(1161, 68)",b'openni_wrapper::OpenNIDevice::getDefaultDepth...'
pcl,../repos/pcl/io/src/openni_camera/openni_device.cpp,"(1168, 57)-(1168, 65)",b'openni_wrapper::OpenNIDevice::getDefaultIRMod...'
pcl,../repos/pcl/io/src/openni_camera/openni_device_xtion.cpp,"(67, 52)-(67, 60)",b'openni_wrapper::DeviceXtionPro::~DeviceXtionP...'
pcl,../repos/pcl/io/src/openni_camera/openni_device_xtion.cpp,"(76, 103)-(76, 111)",b'openni_wrapper::DeviceXtionPro::isImageResize...'
pcl,../repos/pcl/io/src/openni_camera/openni_device_xtion.cpp,"(83, 55)-(83, 63)",b'openni_wrapper::DeviceXtionPro::enumAvailable...'
pcl,../repos/pcl/io/src/openni_camera/openni_device_xtion.cpp,"(118, 92)-(118, 100)",b'openni_wrapper::DeviceXtionPro::getCurrentIma...'
pcl,../repos/pcl/io/src/openni_camera/openni_exception.cpp,"(46, 149)-(46, 157)",b'OpenNIException::OpenNIException (const std::...'
pcl,../repos/pcl/io/src/openni_camera/openni_exception.cpp,"(57, 38)-(57, 46)",b'OpenNIException::~OpenNIException () noexcept'
pcl,../repos/pcl/io/src/openni_camera/openni_exception.cpp,"(59, 81)-(59, 89)",b'OpenNIException::operator = (const OpenNIExce...'
pcl,../repos/pcl/io/src/openni_camera/openni_exception.cpp,"(65, 44)-(65, 52)",b'OpenNIException::what () const noexcept'
pcl,../repos/pcl/io/src/openni_camera/openni_exception.cpp,"(70, 62)-(70, 70)",b'OpenNIException::getFunctionName () const noexcept'
pcl,../repos/pcl/io/src/openni_camera/openni_exception.cpp,"(75, 58)-(75, 66)",b'OpenNIException::getFileName () const noexcept'
pcl,../repos/pcl/io/src/openni_camera/openni_exception.cpp,"(80, 50)-(80, 58)",b'OpenNIException::getLineNumber () const noexcept'
pcl,../repos/pcl/io/src/openni_camera/openni_image_bayer_grbg.cpp,"(51, 126)-(51, 134)",b'openni_wrapper::ImageBayerGRBG::ImageBayerGRB...'
pcl,../repos/pcl/io/src/openni_camera/openni_image_bayer_grbg.cpp,"(58, 52)-(58, 60)",b'openni_wrapper::ImageBayerGRBG::~ImageBayerGR...'
pcl,../repos/pcl/io/src/openni_camera/openni_device_kinect.cpp,"(56, 67)-(56, 75)",b'openni_wrapper::DeviceKinect::isSynchronizati...'
pcl,../repos/pcl/io/src/openni_camera/openni_device_kinect.cpp,"(94, 48)-(94, 56)",b'openni_wrapper::DeviceKinect::~DeviceKinect (...'
pcl,../repos/pcl/io/src/openni_camera/openni_device_kinect.cpp,"(107, 153)-(107, 161)",b'openni_wrapper::DeviceKinect::isImageResizeSu...'
pcl,../repos/pcl/io/src/openni_camera/openni_device_kinect.cpp,"(114, 53)-(114, 61)",b'openni_wrapper::DeviceKinect::enumAvailableMo...'
pcl,../repos/pcl/io/src/openni_camera/openni_device_kinect.cpp,"(134, 101)-(134, 109)",b'openni_wrapper::DeviceKinect::getCurrentImage...'
pcl,../repos/pcl/io/src/openni_camera/openni_image_rgb24.cpp,"(9, 77)-(9, 85)",b'ImageRGB24::ImageRGB24 (pcl::shared_ptr<xn::I...'
pcl,../repos/pcl/io/src/openni_camera/openni_image_rgb24.cpp,"(14, 28)-(14, 36)",b'ImageRGB24::~ImageRGB24 () noexcept'
pcl,../repos/pcl/io/src/openni_camera/openni_device_oni.cpp,"(102, 41)-(102, 49)",b'openni_wrapper::DeviceONI::~DeviceONI() noexcept'
pcl,../repos/pcl/io/src/openni_camera/openni_device_oni.cpp,"(161, 58)-(161, 66)",b'openni_wrapper::DeviceONI::isImageStreamRunni...'
pcl,../repos/pcl/io/src/openni_camera/openni_device_oni.cpp,"(168, 58)-(168, 66)",b'openni_wrapper::DeviceONI::isDepthStreamRunni...'
pcl,../repos/pcl/io/src/openni_camera/openni_device_oni.cpp,"(175, 55)-(175, 63)",b'openni_wrapper::DeviceONI::isIRStreamRunning ...'
pcl,../repos/pcl/io/src/openni_camera/openni_device_oni.cpp,"(205, 49)-(205, 57)",b'openni_wrapper::DeviceONI::isStreaming () con...'
pcl,../repos/pcl/io/src/openni_camera/openni_device_oni.cpp,"(221, 89)-(221, 97)",b'openni_wrapper::DeviceONI::NewONIDepthDataAva...'
pcl,../repos/pcl/io/src/openni_camera/openni_device_oni.cpp,"(230, 89)-(230, 97)",b'openni_wrapper::DeviceONI::NewONIImageDataAva...'
pcl,../repos/pcl/io/src/openni_camera/openni_device_oni.cpp,"(239, 86)-(239, 94)",b'openni_wrapper::DeviceONI::NewONIIRDataAvaila...'
pcl,../repos/pcl/io/src/openni_camera/openni_device_oni.cpp,"(248, 102)-(248, 110)",b'openni_wrapper::DeviceONI::getCurrentImage(pc...'
pcl,../repos/pcl/io/src/openni_camera/openni_device_oni.cpp,"(255, 149)-(255, 157)",b'openni_wrapper::DeviceONI::isImageResizeSuppo...'
pcl,../repos/pcl/io/src/openni_camera/openni_driver.cpp,"(222, 48)-(222, 56)",b'openni_wrapper::OpenNIDriver::~OpenNIDriver (...'
pcl,../repos/pcl/io/src/openni_camera/openni_driver.cpp,"(333, 49)-(333, 57)",b'openni_wrapper::OpenNIDriver::getDeviceInfos ...'
pcl,../repos/pcl/io/src/openni_camera/openni_driver.cpp,"(409, 70)-(409, 78)",b'openni_wrapper::OpenNIDriver::getSerialNumber...'
pcl,../repos/pcl/io/src/openni_camera/openni_driver.cpp,"(460, 74)-(460, 82)",b'openni_wrapper::OpenNIDriver::getConnectionSt...'
pcl,../repos/pcl/io/src/openni_camera/openni_driver.cpp,"(467, 68)-(467, 76)",b'openni_wrapper::OpenNIDriver::getVendorName (...'
pcl,../repos/pcl/io/src/openni_camera/openni_driver.cpp,"(474, 69)-(474, 77)",b'openni_wrapper::OpenNIDriver::getProductName ...'
pcl,../repos/pcl/io/src/openni_camera/openni_driver.cpp,"(481, 66)-(481, 74)",b'openni_wrapper::OpenNIDriver::getVendorID (un...'
pcl,../repos/pcl/io/src/openni_camera/openni_driver.cpp,"(498, 67)-(498, 75)",b'openni_wrapper::OpenNIDriver::getProductID (u...'
pcl,../repos/pcl/io/src/openni_camera/openni_driver.cpp,"(515, 61)-(515, 69)",b'openni_wrapper::OpenNIDriver::getBus (unsigne...'
pcl,../repos/pcl/io/src/openni_camera/openni_driver.cpp,"(529, 65)-(529, 73)",b'openni_wrapper::OpenNIDriver::getAddress (uns...'
pcl,../repos/pcl/io/src/hdl_grabber.cpp,"(118, 33)-(118, 41)",b'pcl::HDLGrabber::~HDLGrabber () noexcept'
pcl,../repos/pcl/io/src/davidsdk_grabber.cpp,"(71, 43)-(71, 51)",b'pcl::DavidSDKGrabber::~DavidSDKGrabber () noexcept'
pcl,../repos/pcl/io/src/depth_sense_grabber.cpp,"(47, 47)-(47, 55)",b'pcl::DepthSenseGrabber::~DepthSenseGrabber ()...'
pcl,../repos/pcl/io/src/dinast_grabber.cpp,"(53, 39)-(53, 47)",b'pcl::DinastGrabber::~DinastGrabber () noexcept'
pcl,../repos/pcl/io/src/ensenso_grabber.cpp,"(85, 41)-(85, 49)",b'pcl::EnsensoGrabber::~EnsensoGrabber () noexcept'
pcl,../repos/pcl/io/src/io_exception.cpp,"(50, 39)-(50, 47)",b'pcl::io::IOException::~IOException () noexcept'
pcl,../repos/pcl/io/src/io_exception.cpp,"(60, 37)-(60, 45)",b'pcl::io::IOException::what () const noexcept'
pcl,../repos/pcl/io/src/image_grabber.cpp,"(825, 45)-(825, 53)",b'pcl::ImageGrabberBase::~ImageGrabberBase () n...'
pcl,../repos/pcl/io/src/image_yuv422.cpp,"(57, 39)-(57, 47)",b'pcl::io::ImageYUV422::~ImageYUV422 () noexcept'
pcl,../repos/pcl/io/src/pcd_grabber.cpp,"(366, 41)-(366, 49)",b'pcl::PCDGrabberBase::~PCDGrabberBase () noexcept'
pcl,../repos/pcl/io/src/vlp_grabber.cpp,"(61, 33)-(61, 41)",b'pcl::VLPGrabber::~VLPGrabber () noexcept'
pcl,../repos/pcl/io/src/depth_sense/depth_sense_grabber_impl.cpp,"(62, 72)-(62, 80)",b'pcl::io::depth_sense::DepthSenseGrabberImpl::...'
pcl,../repos/pcl/io/src/robot_eye_grabber.cpp,"(67, 43)-(67, 51)",b'pcl::RobotEyeGrabber::~RobotEyeGrabber () noexcept'
pcl,../repos/pcl/io/src/real_sense_grabber.cpp,"(133, 45)-(133, 53)",b'pcl::RealSenseGrabber::~RealSenseGrabber () n...'
pcl,../repos/pcl/io/src/tim_grabber.cpp,"(30, 33)-(30, 41)",b'pcl::TimGrabber::~TimGrabber () noexcept'
pcl,../repos/pcl/io/include/pcl/io/image_yuv422.h,"(58, 25)-(58, 33)",b'~ImageYUV422 () noexcept override'
pcl,../repos/pcl/io/include/pcl/io/image_ir.h,"(66, 21)-(66, 29)",b'~IRImage () noexcept'
pcl,../repos/pcl/io/include/pcl/io/davidsdk_grabber.h,"(91, 27)-(91, 35)",b'~DavidSDKGrabber () noexcept'
pcl,../repos/pcl/io/include/pcl/io/openni_camera/openni_image.h,"(76, 71)-(76, 79)",b'Image (pcl::shared_ptr<xn::ImageMetaData> ima...'
pcl,../repos/pcl/io/include/pcl/io/openni_camera/openni_image.h,"(82, 30)-(82, 38)",b'~Image () noexcept'
pcl,../repos/pcl/io/include/pcl/io/openni_camera/openni_image.h,"(119, 47)-(119, 55)",b'fillRaw (unsigned char* rgb_buffer) const noexcept'
pcl,../repos/pcl/io/include/pcl/io/openni_camera/openni_image.h,"(139, 39)-(139, 47)",b'getWidth () const noexcept'
pcl,../repos/pcl/io/include/pcl/io/openni_camera/openni_image.h,"(145, 40)-(145, 48)",b'getHeight () const noexcept'
pcl,../repos/pcl/io/include/pcl/io/openni_camera/openni_image.h,"(152, 41)-(152, 49)",b'getFrameID () const noexcept'
pcl,../repos/pcl/io/include/pcl/io/openni_camera/openni_image.h,"(159, 48)-(159, 56)",b'getTimeStamp () const noexcept'
pcl,../repos/pcl/io/include/pcl/io/openni_camera/openni_image.h,"(165, 58)-(165, 66)",b'getMetaData () const noexcept'
pcl,../repos/pcl/io/include/pcl/io/openni_camera/openni_image.h,"(171, 69)-(171, 77)",b'Image::Image (pcl::shared_ptr<xn::ImageMetaDa...'
pcl,../repos/pcl/io/include/pcl/io/openni_camera/openni_image.h,"(176, 20)-(176, 28)",b'Image::~Image () noexcept'
pcl,../repos/pcl/io/include/pcl/io/openni_camera/openni_image.h,"(179, 28)-(179, 36)",b'Image::getWidth () const noexcept'
pcl,../repos/pcl/io/include/pcl/io/openni_camera/openni_image.h,"(185, 29)-(185, 37)",b'Image::getHeight () const noexcept'
pcl,../repos/pcl/io/include/pcl/io/openni_camera/openni_image.h,"(191, 30)-(191, 38)",b'Image::getFrameID () const noexcept'
pcl,../repos/pcl/io/include/pcl/io/openni_camera/openni_image.h,"(197, 32)-(197, 40)",b'Image::getTimeStamp () const noexcept'
pcl,../repos/pcl/io/include/pcl/io/openni_camera/openni_image.h,"(203, 31)-(203, 39)",b'Image::getMetaData () const noexcept'
pcl,../repos/pcl/io/include/pcl/io/openni_camera/openni_device_kinect.h,"(61, 22)-(61, 30)",b'~DeviceKinect () noexcept override'
pcl,../repos/pcl/io/include/pcl/io/openni_camera/openni_device_kinect.h,"(63, 97)-(63, 105)",b'setDebayeringMethod (const ImageBayerGRBG::De...'
pcl,../repos/pcl/io/include/pcl/io/openni_camera/openni_device_kinect.h,"(64, 81)-(64, 89)",b'getDebayeringMethod () const noexcept'
pcl,../repos/pcl/io/include/pcl/io/openni_camera/openni_device_kinect.h,"(66, 46)-(66, 54)",b'isSynchronizationSupported () const noexcept ...'
pcl,../repos/pcl/io/include/pcl/io/openni_camera/openni_device_kinect.h,"(69, 91)-(69, 99)",b'getCurrentImage (pcl::shared_ptr<xn::ImageMet...'
pcl,../repos/pcl/io/include/pcl/io/openni_camera/openni_device_kinect.h,"(70, 32)-(70, 40)",b'enumAvailableModes () noexcept'
pcl,../repos/pcl/io/include/pcl/io/openni_camera/openni_device_kinect.h,"(71, 132)-(71, 140)","b'isImageResizeSupported (unsigned input_width,...'"
pcl,../repos/pcl/io/include/pcl/io/openni_camera/openni_device_kinect.h,"(76, 97)-(76, 105)",b'DeviceKinect::setDebayeringMethod (const Imag...'
pcl,../repos/pcl/io/include/pcl/io/openni_camera/openni_device_kinect.h,"(82, 46)-(82, 54)",b'DeviceKinect::getDebayeringMethod () const no...'
pcl,../repos/pcl/io/include/pcl/io/openni_camera/openni_depth_image.h,"(71, 163)-(71, 171)",b'DepthImage (pcl::shared_ptr<xn::DepthMetaData...'
pcl,../repos/pcl/io/include/pcl/io/openni_camera/openni_depth_image.h,"(74, 37)-(74, 45)",b'~DepthImage () noexcept'
pcl,../repos/pcl/io/include/pcl/io/openni_camera/openni_depth_image.h,"(80, 33)-(80, 41)",b'getDepthMetaData () const noexcept'
pcl,../repos/pcl/io/include/pcl/io/openni_camera/openni_depth_image.h,"(116, 28)-(116, 36)",b'getBaseline () const noexcept'
pcl,../repos/pcl/io/include/pcl/io/openni_camera/openni_depth_image.h,"(122, 31)-(122, 39)",b'getFocalLength () const noexcept'
pcl,../repos/pcl/io/include/pcl/io/openni_camera/openni_depth_image.h,"(128, 31)-(128, 39)",b'getShadowValue () const noexcept'
pcl,../repos/pcl/io/include/pcl/io/openni_camera/openni_depth_image.h,"(134, 33)-(134, 41)",b'getNoSampleValue () const noexcept'
pcl,../repos/pcl/io/include/pcl/io/openni_camera/openni_depth_image.h,"(138, 25)-(138, 33)",b'getWidth () const noexcept'
pcl,../repos/pcl/io/include/pcl/io/openni_camera/openni_depth_image.h,"(142, 26)-(142, 34)",b'getHeight () const noexcept'
pcl,../repos/pcl/io/include/pcl/io/openni_camera/openni_depth_image.h,"(148, 27)-(148, 35)",b'getFrameID () const noexcept'
pcl,../repos/pcl/io/include/pcl/io/openni_camera/openni_depth_image.h,"(155, 29)-(155, 37)",b'getTimeStamp () const noexcept'
pcl,../repos/pcl/io/include/pcl/io/openni_camera/openni_depth_image.h,"(165, 164)-(165, 172)",b'DepthImage::DepthImage (pcl::shared_ptr<xn::D...'
pcl,../repos/pcl/io/include/pcl/io/openni_camera/openni_depth_image.h,"(172, 30)-(172, 38)",b'DepthImage::~DepthImage () noexcept'
pcl,../repos/pcl/io/include/pcl/io/openni_camera/openni_depth_image.h,"(175, 41)-(175, 49)",b'DepthImage::getDepthMetaData () const noexcept'
pcl,../repos/pcl/io/include/pcl/io/openni_camera/openni_depth_image.h,"(181, 36)-(181, 44)",b'DepthImage::getBaseline () const noexcept'
pcl,../repos/pcl/io/include/pcl/io/openni_camera/openni_depth_image.h,"(187, 39)-(187, 47)",b'DepthImage::getFocalLength () const noexcept'
pcl,../repos/pcl/io/include/pcl/io/openni_camera/openni_depth_image.h,"(193, 39)-(193, 47)",b'DepthImage::getShadowValue () const noexcept'
pcl,../repos/pcl/io/include/pcl/io/openni_camera/openni_depth_image.h,"(199, 41)-(199, 49)",b'DepthImage::getNoSampleValue () const noexcept'
pcl,../repos/pcl/io/include/pcl/io/openni_camera/openni_depth_image.h,"(205, 33)-(205, 41)",b'DepthImage::getWidth () const noexcept'
pcl,../repos/pcl/io/include/pcl/io/openni_camera/openni_depth_image.h,"(211, 34)-(211, 42)",b'DepthImage::getHeight () const noexcept'
pcl,../repos/pcl/io/include/pcl/io/openni_camera/openni_depth_image.h,"(217, 35)-(217, 43)",b'DepthImage::getFrameID () const noexcept'
pcl,../repos/pcl/io/include/pcl/io/openni_camera/openni_depth_image.h,"(223, 37)-(223, 45)",b'DepthImage::getTimeStamp () const noexcept'
pcl,../repos/pcl/io/include/pcl/io/openni_camera/openni_device_oni.h,"(69, 19)-(69, 27)",b'~DeviceONI () noexcept override'
pcl,../repos/pcl/io/include/pcl/io/openni_camera/openni_device_oni.h,"(80, 40)-(80, 48)",b'isImageStreamRunning () const noexcept override'
pcl,../repos/pcl/io/include/pcl/io/openni_camera/openni_device_oni.h,"(81, 40)-(81, 48)",b'isDepthStreamRunning () const noexcept override'
pcl,../repos/pcl/io/include/pcl/io/openni_camera/openni_device_oni.h,"(82, 37)-(82, 45)",b'isIRStreamRunning () const noexcept override'
pcl,../repos/pcl/io/include/pcl/io/openni_camera/openni_device_oni.h,"(84, 132)-(84, 140)","b'isImageResizeSupported (unsigned input_width,...'"
pcl,../repos/pcl/io/include/pcl/io/openni_camera/openni_device_oni.h,"(92, 31)-(92, 39)",b'isStreaming () const noexcept'
pcl,../repos/pcl/io/include/pcl/io/openni_camera/openni_device_oni.h,"(102, 91)-(102, 99)",b'getCurrentImage (pcl::shared_ptr<xn::ImageMet...'
pcl,../repos/pcl/io/include/pcl/io/openni_camera/openni_device_oni.h,"(105, 93)-(105, 101)",b'NewONIDepthDataAvailable (xn::ProductionNode&...'
pcl,../repos/pcl/io/include/pcl/io/openni_camera/openni_device_oni.h,"(106, 93)-(106, 101)",b'NewONIImageDataAvailable (xn::ProductionNode&...'
pcl,../repos/pcl/io/include/pcl/io/openni_camera/openni_device_oni.h,"(107, 90)-(107, 98)",b'NewONIIRDataAvailable (xn::ProductionNode& no...'
pcl,../repos/pcl/io/include/pcl/io/openni_camera/openni_device.h,"(101, 98)-(101, 106)",b'findCompatibleImageMode (const XnMapOutputMod...'
pcl,../repos/pcl/io/include/pcl/io/openni_camera/openni_device.h,"(111, 98)-(111, 106)",b'findCompatibleDepthMode (const XnMapOutputMod...'
pcl,../repos/pcl/io/include/pcl/io/openni_camera/openni_device.h,"(118, 71)-(118, 79)",b'isImageModeSupported (const XnMapOutputMode& ...'
pcl,../repos/pcl/io/include/pcl/io/openni_camera/openni_device.h,"(125, 71)-(125, 79)",b'isDepthModeSupported (const XnMapOutputMode& ...'
pcl,../repos/pcl/io/include/pcl/io/openni_camera/openni_device.h,"(131, 36)-(131, 44)",b'getDefaultImageMode () const noexcept'
pcl,../repos/pcl/io/include/pcl/io/openni_camera/openni_device.h,"(137, 36)-(137, 44)",b'getDefaultDepthMode () const noexcept'
pcl,../repos/pcl/io/include/pcl/io/openni_camera/openni_device.h,"(143, 33)-(143, 41)",b'getDefaultIRMode () const noexcept'
pcl,../repos/pcl/io/include/pcl/io/openni_camera/openni_device.h,"(183, 34)-(183, 42)",b'isDepthRegistered () const noexcept'
pcl,../repos/pcl/io/include/pcl/io/openni_camera/openni_device.h,"(187, 45)-(187, 53)",b'isDepthRegistrationSupported () const noexcept'
pcl,../repos/pcl/io/include/pcl/io/openni_camera/openni_device.h,"(197, 31)-(197, 39)",b'isSynchronized () const noexcept'
pcl,../repos/pcl/io/include/pcl/io/openni_camera/openni_device.h,"(201, 43)-(201, 51)",b'isSynchronizationSupported () const noexcept'
pcl,../repos/pcl/io/include/pcl/io/openni_camera/openni_device.h,"(218, 41)-(218, 49)",b'isDepthCroppingSupported () const noexcept'
pcl,../repos/pcl/io/include/pcl/io/openni_camera/openni_device.h,"(224, 63)-(224, 71)",b'getImageFocalLength (int output_x_resolution ...'
pcl,../repos/pcl/io/include/pcl/io/openni_camera/openni_device.h,"(230, 63)-(230, 71)",b'getDepthFocalLength (int output_x_resolution ...'
pcl,../repos/pcl/io/include/pcl/io/openni_camera/openni_device.h,"(234, 28)-(234, 36)",b'getBaseline () const noexcept'
pcl,../repos/pcl/io/include/pcl/io/openni_camera/openni_device.h,"(262, 31)-(262, 39)",b'hasImageStream () const noexcept'
pcl,../repos/pcl/io/include/pcl/io/openni_camera/openni_device.h,"(266, 31)-(266, 39)",b'hasDepthStream () const noexcept'
pcl,../repos/pcl/io/include/pcl/io/openni_camera/openni_device.h,"(270, 28)-(270, 36)",b'hasIRStream () const noexcept'
pcl,../repos/pcl/io/include/pcl/io/openni_camera/openni_device.h,"(274, 37)-(274, 45)",b'isImageStreamRunning () const noexcept'
pcl,../repos/pcl/io/include/pcl/io/openni_camera/openni_device.h,"(278, 37)-(278, 45)",b'isDepthStreamRunning () const noexcept'
pcl,../repos/pcl/io/include/pcl/io/openni_camera/openni_device.h,"(282, 34)-(282, 42)",b'isIRStreamRunning () const noexcept'
pcl,../repos/pcl/io/include/pcl/io/openni_camera/openni_device.h,"(291, 93)-(291, 101)",b'registerImageCallback (const ImageCallbackFun...'
pcl,../repos/pcl/io/include/pcl/io/openni_camera/openni_device.h,"(302, 114)-(302, 122)",b'registerImageCallback (void (T::*callback)(Im...'
pcl,../repos/pcl/io/include/pcl/io/openni_camera/openni_device.h,"(309, 70)-(309, 78)",b'unregisterImageCallback (const CallbackHandle...'
pcl,../repos/pcl/io/include/pcl/io/openni_camera/openni_device.h,"(319, 98)-(319, 106)",b'registerDepthCallback (const DepthImageCallba...'
pcl,../repos/pcl/io/include/pcl/io/openni_camera/openni_device.h,"(330, 119)-(330, 127)",b'registerDepthCallback (void (T::*callback)(De...'
pcl,../repos/pcl/io/include/pcl/io/openni_camera/openni_device.h,"(337, 70)-(337, 78)",b'unregisterDepthCallback (const CallbackHandle...'
pcl,../repos/pcl/io/include/pcl/io/openni_camera/openni_device.h,"(346, 92)-(346, 100)",b'registerIRCallback (const IRImageCallbackFunc...'
pcl,../repos/pcl/io/include/pcl/io/openni_camera/openni_device.h,"(357, 113)-(357, 121)",b'registerIRCallback (void (T::*callback)(IRIma...'
pcl,../repos/pcl/io/include/pcl/io/openni_camera/openni_device.h,"(364, 67)-(364, 75)",b'unregisterIRCallback (const CallbackHandle& c...'
pcl,../repos/pcl/io/include/pcl/io/openni_camera/openni_device.h,"(370, 32)-(370, 40)",b'getSerialNumber () const noexcept'
pcl,../repos/pcl/io/include/pcl/io/openni_camera/openni_device.h,"(374, 36)-(374, 44)",b'getConnectionString () const noexcept'
pcl,../repos/pcl/io/include/pcl/io/openni_camera/openni_device.h,"(378, 30)-(378, 38)",b'getVendorName () const noexcept'
pcl,../repos/pcl/io/include/pcl/io/openni_camera/openni_device.h,"(382, 31)-(382, 39)",b'getProductName () const noexcept'
pcl,../repos/pcl/io/include/pcl/io/openni_camera/openni_device.h,"(386, 28)-(386, 36)",b'getVendorID () const noexcept'
pcl,../repos/pcl/io/include/pcl/io/openni_camera/openni_device.h,"(390, 29)-(390, 37)",b'getProductID () const noexcept'
pcl,../repos/pcl/io/include/pcl/io/openni_camera/openni_device.h,"(394, 23)-(394, 31)",b'getBus () const noexcept'
pcl,../repos/pcl/io/include/pcl/io/openni_camera/openni_device.h,"(398, 27)-(398, 35)",b'getAddress () const noexcept'
pcl,../repos/pcl/io/include/pcl/io/openni_camera/openni_device.h,"(456, 92)-(456, 100)","b'OpenNIDevice (xn::Context& context, const xn:...'"
pcl,../repos/pcl/io/include/pcl/io/openni_camera/openni_device.h,"(457, 92)-(457, 100)","b'OpenNIDevice (xn::Context& context, const xn:...'"
pcl,../repos/pcl/io/include/pcl/io/openni_camera/openni_device.h,"(458, 89)-(458, 97)","b'OpenNIDevice (xn::Context& context, const xn:...'"
pcl,../repos/pcl/io/include/pcl/io/openni_camera/openni_device.h,"(472, 130)-(472, 138)","b'isImageResizeSupported (unsigned input_width,...'"
pcl,../repos/pcl/io/include/pcl/io/openni_camera/openni_device.h,"(478, 77)-(478, 85)",b'getCurrentImage (pcl::shared_ptr<xn::ImageMet...'
pcl,../repos/pcl/io/include/pcl/io/openni_camera/openni_device.h,"(563, 69)-(563, 77)",b'OpenNIDevice::getImageFocalLength (int output...'
pcl,../repos/pcl/io/include/pcl/io/openni_camera/openni_device.h,"(574, 69)-(574, 77)",b'OpenNIDevice::getDepthFocalLength (int output...'
pcl,../repos/pcl/io/include/pcl/io/openni_camera/openni_device.h,"(587, 38)-(587, 46)",b'OpenNIDevice::getBaseline () const noexcept'
pcl,../repos/pcl/io/include/pcl/io/openni_camera/openni_device.h,"(594, 119)-(594, 127)",b'OpenNIDevice::registerImageCallback (void (T:...'
pcl,../repos/pcl/io/include/pcl/io/openni_camera/openni_device.h,"(602, 124)-(602, 132)",b'OpenNIDevice::registerDepthCallback (void (T:...'
pcl,../repos/pcl/io/include/pcl/io/openni_camera/openni_device.h,"(610, 118)-(610, 126)",b'OpenNIDevice::registerIRCallback (void (T::*c...'
pcl,../repos/pcl/io/include/pcl/io/openni_camera/openni_device_xtion.h,"(64, 24)-(64, 32)",b'~DeviceXtionPro () noexcept override'
pcl,../repos/pcl/io/include/pcl/io/openni_camera/openni_device_xtion.h,"(68, 91)-(68, 99)",b'getCurrentImage (pcl::shared_ptr<xn::ImageMet...'
pcl,../repos/pcl/io/include/pcl/io/openni_camera/openni_device_xtion.h,"(69, 32)-(69, 40)",b'enumAvailableModes () noexcept'
pcl,../repos/pcl/io/include/pcl/io/openni_camera/openni_device_xtion.h,"(70, 132)-(70, 140)","b'isImageResizeSupported (unsigned input_width,...'"
pcl,../repos/pcl/io/include/pcl/io/openni_camera/openni_exception.h,"(78, 136)-(78, 144)",b'OpenNIException (const std::string& function_...'
pcl,../repos/pcl/io/include/pcl/io/openni_camera/openni_exception.h,"(83, 25)-(83, 33)",b'~OpenNIException () noexcept override'
pcl,../repos/pcl/io/include/pcl/io/openni_camera/openni_exception.h,"(90, 68)-(90, 76)",b'operator= (const OpenNIException& exception) ...'
pcl,../repos/pcl/io/include/pcl/io/openni_camera/openni_exception.h,"(96, 31)-(96, 39)",b'what () const noexcept override'
pcl,../repos/pcl/io/include/pcl/io/openni_camera/openni_exception.h,"(101, 49)-(101, 57)",b'getFunctionName () const noexcept'
pcl,../repos/pcl/io/include/pcl/io/openni_camera/openni_exception.h,"(106, 45)-(106, 53)",b'getFileName () const noexcept'
pcl,../repos/pcl/io/include/pcl/io/openni_camera/openni_exception.h,"(111, 37)-(111, 45)",b'getLineNumber () const noexcept'
pcl,../repos/pcl/io/include/pcl/io/openni_camera/openni_ir_image.h,"(57, 65)-(57, 73)",b'IRImage (pcl::shared_ptr<xn::IRMetaData> ir_m...'
pcl,../repos/pcl/io/include/pcl/io/openni_camera/openni_ir_image.h,"(58, 30)-(58, 38)",b'~IRImage () noexcept'
pcl,../repos/pcl/io/include/pcl/io/openni_camera/openni_ir_image.h,"(62, 37)-(62, 45)",b'~IRImage () noexcept;\n\n  void fillRaw (unsign...'
pcl,../repos/pcl/io/include/pcl/io/openni_camera/openni_ir_image.h,"(63, 38)-(63, 46)",b'~IRImage () noexcept;\n\n  void fillRaw (unsign...'
pcl,../repos/pcl/io/include/pcl/io/openni_camera/openni_ir_image.h,"(64, 39)-(64, 47)",b'~IRImage () noexcept;\n\n  void fillRaw (unsign...'
pcl,../repos/pcl/io/include/pcl/io/openni_camera/openni_ir_image.h,"(65, 46)-(65, 54)",b'~IRImage () noexcept;\n\n  void fillRaw (unsign...'
pcl,../repos/pcl/io/include/pcl/io/openni_camera/openni_ir_image.h,"(66, 53)-(66, 61)",b'~IRImage () noexcept;\n\n  void fillRaw (unsign...'
pcl,../repos/pcl/io/include/pcl/io/openni_camera/openni_ir_image.h,"(77, 22)-(77, 30)",b'IRImage::~IRImage () noexcept'
pcl,../repos/pcl/io/include/pcl/io/openni_camera/openni_ir_image.h,"(79, 37)-(79, 45)",b'IRImage::getWidth () const noexcept'
pcl,../repos/pcl/io/include/pcl/io/openni_camera/openni_ir_image.h,"(84, 38)-(84, 46)",b'IRImage::getHeight () const noexcept'
pcl,../repos/pcl/io/include/pcl/io/openni_camera/openni_ir_image.h,"(89, 39)-(89, 47)",b'IRImage::getFrameID () const noexcept'
pcl,../repos/pcl/io/include/pcl/io/openni_camera/openni_ir_image.h,"(94, 46)-(94, 54)",b'IRImage::getTimeStamp () const noexcept'
pcl,../repos/pcl/io/include/pcl/io/openni_camera/openni_ir_image.h,"(99, 53)-(99, 61)",b'IRImage::getMetaData () const noexcept'
pcl,../repos/pcl/io/include/pcl/io/openni_camera/openni_image_yuv_422.h,"(59, 21)-(59, 29)",b'~ImageYUV422 () noexcept override'
pcl,../repos/pcl/io/include/pcl/io/openni_camera/openni_device_primesense.h,"(62, 24)-(62, 32)",b'~DevicePrimesense () noexcept override'
pcl,../repos/pcl/io/include/pcl/io/openni_camera/openni_device_primesense.h,"(66, 89)-(66, 97)",b'getCurrentImage (pcl::shared_ptr<xn::ImageMet...'
pcl,../repos/pcl/io/include/pcl/io/openni_camera/openni_device_primesense.h,"(67, 30)-(67, 38)",b'enumAvailableModes () noexcept'
pcl,../repos/pcl/io/include/pcl/io/openni_camera/openni_device_primesense.h,"(68, 130)-(68, 138)","b'isImageResizeSupported (unsigned input_width,...'"
pcl,../repos/pcl/io/include/pcl/io/openni_camera/openni_image_bayer_grbg.h,"(64, 100)-(64, 108)",b'ImageBayerGRBG (pcl::shared_ptr<xn::ImageMeta...'
pcl,../repos/pcl/io/include/pcl/io/openni_camera/openni_image_bayer_grbg.h,"(65, 26)-(65, 34)",b'~ImageBayerGRBG () noexcept override'
pcl,../repos/pcl/io/include/pcl/io/openni_camera/openni_image_bayer_grbg.h,"(76, 72)-(76, 80)",b'setDebayeringMethod (const DebayeringMethod& ...'
pcl,../repos/pcl/io/include/pcl/io/openni_camera/openni_image_bayer_grbg.h,"(77, 60)-(77, 68)",b'getDebayeringMethod () const noexcept'
pcl,../repos/pcl/io/include/pcl/io/openni_camera/openni_image_bayer_grbg.h,"(86, 88)-(86, 96)",b'ImageBayerGRBG::setDebayeringMethod (const Im...'
pcl,../repos/pcl/io/include/pcl/io/openni_camera/openni_image_bayer_grbg.h,"(92, 48)-(92, 56)",b'ImageBayerGRBG::getDebayeringMethod () const ...'
pcl,../repos/pcl/io/include/pcl/io/openni_camera/openni_driver.h,"(92, 47)-(92, 55)",b'getNumberDevices () const noexcept'
pcl,../repos/pcl/io/include/pcl/io/openni_camera/openni_driver.h,"(137, 56)-(137, 64)",b'getSerialNumber (unsigned index) const noexcept'
pcl,../repos/pcl/io/include/pcl/io/openni_camera/openni_driver.h,"(145, 60)-(145, 68)",b'getConnectionString (unsigned index) const no...'
pcl,../repos/pcl/io/include/pcl/io/openni_camera/openni_driver.h,"(153, 54)-(153, 62)",b'getVendorName (unsigned index) const noexcept'
pcl,../repos/pcl/io/include/pcl/io/openni_camera/openni_driver.h,"(161, 55)-(161, 63)",b'getProductName (unsigned index) const noexcept'
pcl,../repos/pcl/io/include/pcl/io/openni_camera/openni_driver.h,"(169, 55)-(169, 63)",b'getVendorID (unsigned index) const noexcept'
pcl,../repos/pcl/io/include/pcl/io/openni_camera/openni_driver.h,"(177, 56)-(177, 64)",b'getProductID (unsigned index) const noexcept'
pcl,../repos/pcl/io/include/pcl/io/openni_camera/openni_driver.h,"(185, 50)-(185, 58)",b'getBus (unsigned index) const noexcept'
pcl,../repos/pcl/io/include/pcl/io/openni_camera/openni_driver.h,"(193, 54)-(193, 62)",b'getAddress (unsigned index) const noexcept'
pcl,../repos/pcl/io/include/pcl/io/openni_camera/openni_driver.h,"(229, 28)-(229, 36)",b'getDeviceInfos () noexcept'
pcl,../repos/pcl/io/include/pcl/io/openni_camera/openni_driver.h,"(248, 43)-(248, 51)",b'OpenNIDriver::getNumberDevices () const noexcept'
pcl,../repos/pcl/io/include/pcl/io/openni_camera/openni_image_rgb24.h,"(60, 20)-(60, 28)",b'~ImageRGB24 () noexcept override'
pcl,../repos/pcl/io/include/pcl/io/depth_sense_grabber.h,"(95, 29)-(95, 37)",b'~DepthSenseGrabber () noexcept'
pcl,../repos/pcl/io/include/pcl/io/ensenso_grabber.h,"(89, 26)-(89, 34)",b'~EnsensoGrabber () noexcept override'
pcl,../repos/pcl/io/include/pcl/io/oni_grabber.h,"(89, 22)-(89, 30)",b'~ONIGrabber () noexcept override'
pcl,../repos/pcl/io/include/pcl/io/image_grabber.h,"(79, 26)-(79, 34)",b'~ImageGrabberBase () noexcept override'
pcl,../repos/pcl/io/include/pcl/io/image_grabber.h,"(220, 22)-(220, 30)",b'~ImageGrabber () noexcept override'
pcl,../repos/pcl/io/include/pcl/io/tim_grabber.h,"(78, 20)-(78, 28)",b'~TimGrabber () noexcept override'
pcl,../repos/pcl/io/include/pcl/io/pcd_grabber.h,"(81, 26)-(81, 34)",b'~PCDGrabberBase () noexcept override'
pcl,../repos/pcl/io/include/pcl/io/pcd_grabber.h,"(149, 22)-(149, 30)",b'~PCDGrabber () noexcept override'
pcl,../repos/pcl/io/include/pcl/io/image_rgb24.h,"(58, 24)-(58, 32)",b'~ImageRGB24 () noexcept override'
pcl,../repos/pcl/io/include/pcl/io/hdl_grabber.h,"(115, 22)-(115, 30)",b'~HDLGrabber () noexcept override'
pcl,../repos/pcl/io/include/pcl/io/real_sense_grabber.h,"(147, 28)-(147, 36)",b'~RealSenseGrabber () noexcept'
pcl,../repos/pcl/io/include/pcl/io/depth_sense/depth_sense_grabber_impl.h,"(108, 35)-(108, 43)",b'~DepthSenseGrabberImpl () noexcept'
pcl,../repos/pcl/io/include/pcl/io/openni2_grabber.h,"(148, 28)-(148, 36)",b'~OpenNI2Grabber () noexcept override'
pcl,../repos/pcl/io/include/pcl/io/openni_grabber.h,"(111, 25)-(111, 33)",b'~OpenNIGrabber () noexcept override'
pcl,../repos/pcl/io/include/pcl/io/vlp_grabber.h,"(73, 22)-(73, 30)",b'~VLPGrabber () noexcept override'
pcl,../repos/pcl/io/include/pcl/io/dinast_grabber.h,"(71, 25)-(71, 33)",b'~DinastGrabber () noexcept override'
pcl,../repos/pcl/io/include/pcl/io/robot_eye_grabber.h,"(76, 27)-(76, 35)",b'~RobotEyeGrabber () noexcept override'
pcl,../repos/pcl/io/include/pcl/io/grabber.h,"(88, 34)-(88, 42)",b'~Grabber () noexcept'
pcl,../repos/pcl/io/include/pcl/io/grabber.h,"(101, 33)-(101, 41)",b'providesCallback () const noexcept'
pcl,../repos/pcl/io/include/pcl/io/grabber.h,"(144, 28)-(144, 36)",b'find_signal () const noexcept'
pcl,../repos/pcl/io/include/pcl/io/grabber.h,"(147, 26)-(147, 34)",b'num_slots () const noexcept'
pcl,../repos/pcl/io/include/pcl/io/grabber.h,"(186, 33)-(186, 41)",b'Grabber::find_signal () const noexcept'
pcl,../repos/pcl/io/include/pcl/io/grabber.h,"(241, 31)-(241, 39)",b'Grabber::num_slots () const noexcept'
pcl,../repos/pcl/io/include/pcl/io/grabber.h,"(309, 38)-(309, 46)",b'Grabber::providesCallback () const noexcept'
pcl,../repos/pcl/io/include/pcl/io/io_exception.h,"(70, 25)-(70, 33)",b'~IOException () noexcept override'
pcl,../repos/pcl/io/include/pcl/io/io_exception.h,"(76, 23)-(76, 31)",b'what () const noexcept override'
pcl,../repos/pcl/stereo/src/stereo_grabber.cpp,"(154, 46)-(154, 54)",b'pcl::StereoGrabberBase::~StereoGrabberBase() ...'
pcl,../repos/pcl/stereo/include/pcl/stereo/stereo_grabber.h,"(76, 24)-(76, 32)",b'~StereoGrabberBase() noexcept override'
pcl,../repos/pcl/filters/include/pcl/filters/impl/box_clipper3D.hpp,"(55, 45)-(55, 53)",b'pcl::BoxClipper3D<PointT>::~BoxClipper3D () n...'
pcl,../repos/pcl/filters/include/pcl/filters/clipper3D.h,"(63, 29)-(63, 37)",b'~Clipper3D () noexcept'
pcl,../repos/pcl/filters/include/pcl/filters/experimental/functor_filter.h,"(72, 29)-(72, 37)",b'getFunctionObject() const noexcept'
pcl,../repos/pcl/filters/include/pcl/filters/experimental/functor_filter.h,"(78, 23)-(78, 31)",b'getFunctionObject() noexcept'
pcl,../repos/pcl/filters/include/pcl/filters/experimental/functor_filter.h,"(127, 60)-(127, 68)",b'setFunctionObject(FunctionObjectT function_ob...'
pcl,../repos/pcl/filters/include/pcl/filters/plane_clipper3D.h,"(66, 34)-(66, 42)",b'~PlaneClipper3D () noexcept'
pcl,../repos/pcl/filters/include/pcl/filters/box_clipper3D.h,"(94, 24)-(94, 32)",b'~BoxClipper3D () noexcept override'
