Repo name,File name,Location,Content
pcl,../repos/pcl/common/src/pcl_base.cpp,"(120, 5)-(128, 6)",b'try\n    {\n      indices_->resize (input_->wid...'
pcl,../repos/pcl/common/include/pcl/impl/pcl_base.hpp,"(158, 5)-(166, 6)",b'try\n    {\n      indices_->resize (input_->siz...'
pcl,../repos/pcl/common/include/pcl/common/impl/io.hpp,"(378, 9)-(424, 10)",b'try\n        {\n          std::vector<int> padd...'
pcl,../repos/pcl/registration/src/gicp6d.cpp,"(187, 5)-(210, 6)",b'try {\n      rigid_transformation_estimation_(...'
pcl,../repos/pcl/registration/include/pcl/registration/impl/gicp.hpp,"(828, 5)-(851, 6)",b'try {\n      rigid_transformation_estimation_(...'
pcl,../repos/pcl/io/src/real_sense_2_grabber.cpp,"(64, 5)-(73, 21)",b'try\n    {\n      stop ( );\n\n      disconnect_a...'
pcl,../repos/pcl/io/src/oni_grabber.cpp,"(136, 3)-(157, 4)",b'try\n  {\n    stop();\n    // unregister callbac...'
pcl,../repos/pcl/io/src/oni_grabber.cpp,"(166, 5)-(183, 6)",b'try\n    {\n      // check if we need to start/...'
pcl,../repos/pcl/io/src/oni_grabber.cpp,"(204, 5)-(220, 6)",b'try\n    {\n      if (device_->hasDepthStream()...'
pcl,../repos/pcl/io/src/openni2_grabber.cpp,"(133, 3)-(153, 4)",b'try\n  {\n    stop ();\n\n    // release the poin...'
pcl,../repos/pcl/io/src/openni2_grabber.cpp,"(204, 3)-(235, 4)",b'try\n  {\n    // check if we need to start/stop...'
pcl,../repos/pcl/io/src/openni2_grabber.cpp,"(244, 3)-(260, 4)",b'try\n  {\n    if (device_->hasDepthSensor () &&...'
pcl,../repos/pcl/io/src/openni2_grabber.cpp,"(300, 3)-(334, 4)",b'try\n  {\n    if (pcl_fs::exists (device_id))\n ...'
pcl,../repos/pcl/io/src/openni2_grabber.cpp,"(385, 3)-(394, 4)",b'try\n  {\n    if (device_->hasColorSensor () &&...'
pcl,../repos/pcl/io/src/openni2_grabber.cpp,"(401, 3)-(409, 4)",b'try\n  {\n    if (device_->isSynchronizationSup...'
pcl,../repos/pcl/io/src/openni_grabber.cpp,"(119, 3)-(151, 4)",b'try\n  {\n    stop ();\n\n    // unregister callb...'
pcl,../repos/pcl/io/src/openni_grabber.cpp,"(202, 3)-(233, 4)",b'try\n  {\n    // check if we need to start/stop...'
pcl,../repos/pcl/io/src/openni_grabber.cpp,"(243, 3)-(259, 4)",b'try\n  {\n    if (device_->hasDepthStream () &&...'
pcl,../repos/pcl/io/src/openni_grabber.cpp,"(311, 3)-(361, 4)",b'try\n  {\n    if (pcl_fs::exists (device_id))\n ...'
pcl,../repos/pcl/io/src/openni_grabber.cpp,"(410, 3)-(420, 4)",b'try\n  {\n    if (device_->isSynchronizationSup...'
pcl,../repos/pcl/io/src/openni_grabber.cpp,"(427, 3)-(435, 4)",b'try\n  {\n    if (device_->isSynchronizationSup...'
pcl,../repos/pcl/io/src/openni_camera/openni_driver.cpp,"(225, 3)-(231, 4)",b'try\n  {\n    stopAll ();\n  }\n  catch (...)\n  {\n  }'
pcl,../repos/pcl/io/src/hdl_grabber.cpp,"(203, 3)-(211, 4)","b'try\n  {\n    read_xml (correctionsFile, pt, bo...'"
pcl,../repos/pcl/io/src/hdl_grabber.cpp,"(495, 5)-(520, 6)",b'try\n    {\n      try\n      {\n        if (isAdd...'
pcl,../repos/pcl/io/src/hdl_grabber.cpp,"(497, 7)-(513, 8)",b'try\n      {\n        if (isAddressUnspecified ...'
pcl,../repos/pcl/io/src/hdl_grabber.cpp,"(541, 5)-(548, 6)",b'try\n    {\n      hdl_read_socket_->shutdown (b...'
pcl,../repos/pcl/io/src/hdl_grabber.cpp,"(662, 5)-(677, 6)",b'try\n    {\n      std::size_t length = hdl_read...'
pcl,../repos/pcl/io/src/ifs_io.cpp,"(122, 3)-(168, 4)",b'try\n  {\n    while (!fs.eof ())\n    {\n      //...'
pcl,../repos/pcl/io/src/ifs_io.cpp,"(203, 3)-(212, 4)","b'try\n  {\n    mapped_file.open (file_name, data...'"
pcl,../repos/pcl/io/src/ifs_io.cpp,"(254, 3)-(263, 4)","b'try\n  {\n    mapped_file.open (file_name, data...'"
pcl,../repos/pcl/io/src/ifs_io.cpp,"(387, 3)-(396, 4)",b'try\n  {\n    sink.open (params);\n  }\n  catch (...'
pcl,../repos/pcl/io/src/davidsdk_grabber.cpp,"(73, 3)-(86, 4)",b'try\n  {\n    stop ();\n\n    disconnect_all_slot...'
pcl,../repos/pcl/io/src/davidsdk_grabber.cpp,"(99, 3)-(107, 4)","b'try\n  {\n    david_.Connect (address, port);\n ...'"
pcl,../repos/pcl/io/src/davidsdk_grabber.cpp,"(119, 3)-(126, 4)",b'try\n  {\n    david_.Disconnect (stop_server);\n...'
pcl,../repos/pcl/io/src/davidsdk_grabber.cpp,"(255, 3)-(263, 4)",b'try\n  {\n    david_.sls ().Calibrate (grid_siz...'
pcl,../repos/pcl/io/src/davidsdk_grabber.cpp,"(274, 3)-(306, 4)",b'try\n  {\n    david_.sls ().Scan (false);\n    d...'
pcl,../repos/pcl/io/src/davidsdk_grabber.cpp,"(317, 3)-(347, 4)",b'try\n  {\n    david_.sls ().Scan (false);\n    d...'
pcl,../repos/pcl/io/src/davidsdk_grabber.cpp,"(366, 5)-(443, 6)",b'try\n    {\n      // Publish cloud / images\n   ...'
pcl,../repos/pcl/io/src/lzf_image_io.cpp,"(194, 3)-(199, 5)",b'try\n  {\n    boost::property_tree::xml_parser:...'
pcl,../repos/pcl/io/src/lzf_image_io.cpp,"(213, 3)-(218, 5)",b'try\n  {\n    boost::property_tree::xml_parser:...'
pcl,../repos/pcl/io/src/lzf_image_io.cpp,"(273, 3)-(278, 5)",b'try\n  {\n    boost::property_tree::xml_parser:...'
pcl,../repos/pcl/io/src/dinast_grabber.cpp,"(55, 3)-(71, 4)",b'try\n  {\n    stop ();\n\n    libusb_exit (contex...'
pcl,../repos/pcl/io/src/obj_io.cpp,"(77, 5)-(86, 6)",b'try\n    {\n      xyz[0] = boost::lexical_cast<...'
pcl,../repos/pcl/io/src/obj_io.cpp,"(91, 7)-(98, 8)",b'try\n      {\n        xyz[0] = xyz[1] = xyz[2] ...'
pcl,../repos/pcl/io/src/obj_io.cpp,"(113, 5)-(123, 6)",b'try\n    {\n      rgb.r = boost::lexical_cast<f...'
pcl,../repos/pcl/io/src/obj_io.cpp,"(128, 7)-(135, 8)",b'try\n      {\n        rgb.r = rgb.g = rgb.b = b...'
pcl,../repos/pcl/io/src/obj_io.cpp,"(215, 3)-(347, 4)",b'try\n  {\n    while (!mtl_file.eof ())\n    {\n  ...'
pcl,../repos/pcl/io/src/obj_io.cpp,"(279, 9)-(290, 10)",b'try\n        {\n          materials_.back ().te...'
pcl,../repos/pcl/io/src/obj_io.cpp,"(297, 9)-(310, 10)",b'try\n        {\n          materials_.back ().te...'
pcl,../repos/pcl/io/src/obj_io.cpp,"(316, 9)-(327, 10)",b'try\n        {\n          materials_.back ().te...'
pcl,../repos/pcl/io/src/obj_io.cpp,"(403, 3)-(459, 4)",b'try\n  {\n    while (!fs.eof ())\n    {\n      ge...'
pcl,../repos/pcl/io/src/obj_io.cpp,"(569, 3)-(645, 4)",b'try\n  {\n    uindex_t point_idx = 0;\n    uinde...'
pcl,../repos/pcl/io/src/obj_io.cpp,"(591, 9)-(606, 10)","b'try\n        {\n          for (int i = 1, f = 0...'"
pcl,../repos/pcl/io/src/obj_io.cpp,"(620, 9)-(635, 10)","b'try\n        {\n          for (int i = 1, f = n...'"
pcl,../repos/pcl/io/src/obj_io.cpp,"(708, 3)-(840, 4)",b'try\n  {\n    std::size_t vn_idx = 0;\n\n    whil...'
pcl,../repos/pcl/io/src/obj_io.cpp,"(728, 9)-(743, 10)","b'try\n        {\n          for (int i = 1, f = 0...'"
pcl,../repos/pcl/io/src/obj_io.cpp,"(749, 9)-(764, 10)","b'try\n        {\n          for (int i = 1, f = n...'"
pcl,../repos/pcl/io/src/obj_io.cpp,"(770, 9)-(784, 10)","b'try\n        {\n          Eigen::Vector3f c (0,...'"
pcl,../repos/pcl/io/src/obj_io.cpp,"(899, 3)-(984, 4)",b'try\n  {\n    std::size_t v_idx = 0;\n    std::s...'
pcl,../repos/pcl/io/src/obj_io.cpp,"(922, 9)-(937, 10)","b'try\n        {\n          for (int i = 1, f = 0...'"
pcl,../repos/pcl/io/src/obj_io.cpp,"(944, 9)-(959, 10)","b'try\n        {\n          for (int i = 1, f = n...'"
pcl,../repos/pcl/io/src/ascii_io.cpp,"(168, 4)-(176, 5)",b'try\n   {\n     for (std::size_t i = 0; i < fie...'
pcl,../repos/pcl/io/src/ensenso_grabber.cpp,"(72, 3)-(81, 4)",b'try\n  {\n    nxLibInitialize ();\n    root_.res...'
pcl,../repos/pcl/io/src/ensenso_grabber.cpp,"(87, 3)-(103, 4)",b'try\n  {\n    stop ();\n    root_.reset ();\n\n   ...'
pcl,../repos/pcl/io/src/ensenso_grabber.cpp,"(112, 3)-(140, 4)","b'try\n  {\n    NxLibItem cams = NxLibItem (""/Cam...'"
pcl,../repos/pcl/io/src/ensenso_grabber.cpp,"(154, 3)-(172, 4)",b'try\n  {\n    // Create a pointer referencing t...'
pcl,../repos/pcl/io/src/ensenso_grabber.cpp,"(188, 3)-(197, 4)",b'try\n  {\n    NxLibCommand (cmdClose).execute (...'
pcl,../repos/pcl/io/src/ensenso_grabber.cpp,"(270, 3)-(292, 4)",b'try\n  {\n    NxLibItem captureParams = camera_...'
pcl,../repos/pcl/io/src/ensenso_grabber.cpp,"(306, 3)-(345, 4)",b'try\n  {\n    NxLibCommand (cmdCapture).execute...'
pcl,../repos/pcl/io/src/ensenso_grabber.cpp,"(358, 3)-(373, 4)",b'try\n  {\n    if (!clearCalibrationPatternBuffe...'
pcl,../repos/pcl/io/src/ensenso_grabber.cpp,"(387, 3)-(395, 4)",b'try\n  {\n    NxLibCommand (cmdDiscardPatterns)...'
pcl,../repos/pcl/io/src/ensenso_grabber.cpp,"(409, 3)-(418, 4)",b'try\n  {\n    NxLibCommand (cmdCapture).execute...'
pcl,../repos/pcl/io/src/ensenso_grabber.cpp,"(433, 3)-(448, 4)",b'try\n  {\n    NxLibCommand estimate_pattern_pos...'
pcl,../repos/pcl/io/src/ensenso_grabber.cpp,"(464, 3)-(540, 4)","b'try\n  {\n    std::vector<Eigen::Affine3d, Eige...'"
pcl,../repos/pcl/io/src/ensenso_grabber.cpp,"(547, 3)-(557, 4)",b'try\n  {\n    NxLibCommand store (cmdStoreCalib...'
pcl,../repos/pcl/io/src/ensenso_grabber.cpp,"(564, 3)-(575, 4)","b'try\n  {\n    setExtrinsicCalibration("""");\n    ...'"
pcl,../repos/pcl/io/src/ensenso_grabber.cpp,"(591, 3)-(609, 4)",b'try\n  {\n    NxLibItem calibParams = camera_[i...'
pcl,../repos/pcl/io/src/ensenso_grabber.cpp,"(654, 3)-(663, 4)",b'try\n  {\n    nxLibOpenTcpPort (port);\n    tcp_...'
pcl,../repos/pcl/io/src/ensenso_grabber.cpp,"(671, 3)-(680, 4)",b'try\n  {\n    nxLibCloseTcpPort ();\n    tcp_ope...'
pcl,../repos/pcl/io/src/ensenso_grabber.cpp,"(688, 3)-(696, 4)",b'try\n  {\n    return (root_->asJson (pretty_for...'
pcl,../repos/pcl/io/src/ensenso_grabber.cpp,"(703, 3)-(713, 4)","b'try\n  {\n    NxLibCommand cmd ("""");\n    return...'"
pcl,../repos/pcl/io/src/ensenso_grabber.cpp,"(726, 3)-(748, 4)",b'try\n  {\n    NxLibCommand convert (cmdConvertT...'
pcl,../repos/pcl/io/src/ensenso_grabber.cpp,"(758, 3)-(777, 4)","b'try\n  {\n    NxLibItem tf (""/tmpTF"");\n    tf.s...'"
pcl,../repos/pcl/io/src/ensenso_grabber.cpp,"(785, 3)-(816, 4)",b'try\n  {\n    NxLibCommand convert_transformati...'
pcl,../repos/pcl/io/src/ensenso_grabber.cpp,"(830, 3)-(855, 4)",b'try\n  {\n    NxLibCommand chain (cmdChainTrans...'
pcl,../repos/pcl/io/src/ensenso_grabber.cpp,"(870, 3)-(891, 4)","b'try\n  {\n    NxLibItem tf (""/tmpTF"");\n    tf[i...'"
pcl,../repos/pcl/io/src/ensenso_grabber.cpp,"(900, 3)-(933, 4)",b'try\n  {\n    NxLibCommand convert_transformati...'
pcl,../repos/pcl/io/src/ensenso_grabber.cpp,"(965, 5)-(1073, 6)",b'try\n    {\n      // Publish cloud / images\n   ...'
pcl,../repos/pcl/io/src/ensenso_grabber.cpp,"(989, 11)-(999, 12)","b'try  // Try to collect calibration pattern, i...'"
pcl,../repos/pcl/io/src/ply_io.cpp,"(288, 5)-(298, 6)",b'try\n    {\n      unsetDenseFlagIfNotFinite(val...'
pcl,../repos/pcl/io/src/ply_io.cpp,"(319, 5)-(329, 6)",b'try\n    {\n      unsetDenseFlagIfNotFinite(val...'
pcl,../repos/pcl/io/src/ply_io.cpp,"(392, 5)-(401, 6)",b'try\n    {\n      cloud_->at<std::int32_t>(vert...'
pcl,../repos/pcl/io/src/depth_sense/depth_sense_device_manager.cpp,"(47, 3)-(55, 4)",b'try\n  {\n    context_ = DepthSense::Context::c...'
pcl,../repos/pcl/io/src/depth_sense/depth_sense_device_manager.cpp,"(60, 3)-(68, 4)",b'try\n  {\n    context_.quit();\n    depth_sense_...'
pcl,../repos/pcl/io/src/depth_sense/depth_sense_device_manager.cpp,"(131, 3)-(140, 4)",b'try\n  {\n    context_.registerNode (dev.depth_...'
pcl,../repos/pcl/io/src/depth_sense/depth_sense_device_manager.cpp,"(147, 3)-(157, 4)",b'try\n  {\n    context_.unregisterNode (dev.dept...'
pcl,../repos/pcl/io/src/robot_eye_grabber.cpp,"(317, 3)-(325, 4)",b'try\n  {\n    socket_.reset (new boost::asio::i...'
pcl,../repos/pcl/io/src/tim_grabber.cpp,"(185, 3)-(194, 4)",b'try {\n    boost::asio::ip::tcp::resolver reso...'
pcl,../repos/pcl/io/src/pcd_io.cpp,"(79, 3)-(90, 4)",b'try\n  {\n#if (__cplusplus >= 201703L)\n    pcl_...'
pcl,../repos/pcl/io/src/pcd_io.cpp,"(103, 3)-(114, 4)",b'try\n  {\n#if (__cplusplus >= 201703L)\n    pcl_...'
pcl,../repos/pcl/io/src/pcd_io.cpp,"(153, 3)-(350, 4)",b'try\n  {\n    while (!fs.eof ())\n    {\n      ge...'
pcl,../repos/pcl/io/src/pcd_io.cpp,"(479, 3)-(551, 4)",b'try\n  {\n    while (idx < nr_points && !fs.eof...'
pcl,../repos/pcl/io/include/pcl/io/ply/ply_parser.h,"(552, 5)-(559, 6)",b'try\n    {\n      value = static_cast<scalar_ty...'
pcl,../repos/pcl/io/include/pcl/io/ply/ply_parser.h,"(625, 7)-(632, 8)",b'try\n      {\n        value = static_cast<scala...'
pcl,../repos/pcl/gpu/kinfu_large_scale/tools/kinfuLS_app.cpp,"(1090, 9)-(1092, 104)","b'try { this->execute (depth_, rgb24_, has_data...'"
pcl,../repos/pcl/gpu/kinfu_large_scale/tools/kinfuLS_app.cpp,"(1346, 3)-(1404, 109)",b'try\n  {\n    #ifdef HAVE_OPENNI\n    if (pc::pa...'
pcl,../repos/pcl/gpu/kinfu_large_scale/tools/kinfuLS_app.cpp,"(1452, 3)-(1455, 81)","b'try { app.startMainLoop (triggered_capture, o...'"
pcl,../repos/pcl/gpu/kinfu_large_scale/tools/process_kinfu_large_scale_output.cpp,"(81, 3)-(116, 83)",b'try {\n\n    // Creating world model object\n   ...'
pcl,../repos/pcl/gpu/kinfu_large_scale/tools/kinfu_app_sim.cpp,"(1469, 3)-(1471, 81)","b'try { app.execute (argc, argv,plyfile); }\n  c...'"
pcl,../repos/pcl/gpu/people/src/face_detector.cpp,"(100, 3)-(118, 4)",b'try   // Fetch error loading the file\n  {\n   ...'
pcl,../repos/pcl/gpu/people/src/face_detector.cpp,"(128, 3)-(313, 4)",b'try   // Fetch all parsing errors\n  {\n    int...'
pcl,../repos/pcl/gpu/people/tools/people_app.cpp,"(297, 9)-(321, 87)",b'try \n        { \n          capture_.start ();\n...'
pcl,../repos/pcl/gpu/people/tools/people_app.cpp,"(395, 3)-(422, 109)","b'try\n  {\n    if (pc::parse_argument (argc, arg...'"
pcl,../repos/pcl/gpu/people/tools/people_app.cpp,"(447, 3)-(464, 95)",b'try\n  {\n    // loading trees\n    using RDFBod...'
pcl,../repos/pcl/gpu/kinfu/tools/kinfu_app.cpp,"(1016, 9)-(1018, 94)","b'try { this->execute (depth_, rgb24_, has_data...'"
pcl,../repos/pcl/gpu/kinfu/tools/kinfu_app.cpp,"(1262, 3)-(1303, 109)","b'try\n  {    \n    if (pc::parse_argument (argc,...'"
pcl,../repos/pcl/gpu/kinfu/tools/kinfu_app.cpp,"(1363, 3)-(1366, 81)",b'try { app.startMainLoop (triggered_capture); ...'
pcl,../repos/pcl/gpu/kinfu/tools/kinfu_app_sim.cpp,"(1444, 3)-(1446, 81)","b'try { app.execute (argc, argv,plyfile); }\n  c...'"
pcl,../repos/pcl/visualization/src/pcl_visualizer.cpp,"(4470, 5)-(4519, 6)",b'try\n    {\n      if (!pcl_fs::exists (parent_d...'
pcl,../repos/pcl/filters/src/voxel_grid_label.cpp,"(211, 5)-(232, 6)","b""try\n    { \n      // Resizing won't reset old ..."""
pcl,../repos/pcl/filters/src/voxel_grid.cpp,"(415, 5)-(436, 6)","b""try\n    {\n      // Resizing won't reset old e..."""
pcl,../repos/pcl/filters/include/pcl/filters/impl/voxel_grid.hpp,"(383, 5)-(404, 6)","b""try\n    { \n      // Resizing won't reset old ..."""
pcl,../repos/pcl/filters/include/pcl/filters/impl/convolution.hpp,"(94, 3)-(108, 4)",b'try\n  {\n    initCompute (output);\n    switch ...'
pcl,../repos/pcl/filters/include/pcl/filters/impl/convolution.hpp,"(114, 3)-(128, 4)",b'try\n  {\n    initCompute (output);\n    switch ...'
pcl,../repos/pcl/filters/include/pcl/filters/impl/convolution.hpp,"(136, 3)-(149, 4)",b'try\n  {\n    PointCloudInPtr tmp (new PointClo...'
pcl,../repos/pcl/filters/include/pcl/filters/impl/convolution.hpp,"(155, 3)-(166, 4)",b'try\n  {\n    PointCloudInPtr tmp (new PointClo...'
