Repo name,File name,Location,Content
pcl,../repos/pcl/common/src/print.cpp,"(173, 27)-(173, 84)","b'pcl::console::print_color (FILE *stream, int ...'"
pcl,../repos/pcl/common/src/print.cpp,"(187, 26)-(187, 51)","b'pcl::console::print_info (const char *format, ...)'"
pcl,../repos/pcl/common/src/print.cpp,"(202, 26)-(202, 65)","b'pcl::console::print_info (FILE *stream, const...'"
pcl,../repos/pcl/common/src/print.cpp,"(217, 31)-(217, 56)",b'pcl::console::print_highlight (const char *fo...'
pcl,../repos/pcl/common/src/print.cpp,"(234, 31)-(234, 70)","b'pcl::console::print_highlight (FILE *stream, ...'"
pcl,../repos/pcl/common/src/print.cpp,"(251, 27)-(251, 52)",b'pcl::console::print_error (const char *format...'
pcl,../repos/pcl/common/src/print.cpp,"(267, 27)-(267, 66)","b'pcl::console::print_error (FILE *stream, cons...'"
pcl,../repos/pcl/common/src/print.cpp,"(283, 26)-(283, 51)","b'pcl::console::print_warn (const char *format, ...)'"
pcl,../repos/pcl/common/src/print.cpp,"(299, 26)-(299, 65)","b'pcl::console::print_warn (FILE *stream, const...'"
pcl,../repos/pcl/common/src/print.cpp,"(315, 27)-(315, 52)",b'pcl::console::print_value (const char *format...'
pcl,../repos/pcl/common/src/print.cpp,"(331, 27)-(331, 66)","b'pcl::console::print_value (FILE *stream, cons...'"
pcl,../repos/pcl/common/src/print.cpp,"(347, 27)-(347, 52)",b'pcl::console::print_debug (const char *format...'
pcl,../repos/pcl/common/src/print.cpp,"(363, 27)-(363, 66)","b'pcl::console::print_debug (FILE *stream, cons...'"
pcl,../repos/pcl/common/src/print.cpp,"(461, 21)-(461, 97)",b'pcl::console::print (pcl::console::VERBOSITY_...'
pcl,../repos/pcl/common/src/print.cpp,"(493, 21)-(493, 83)",b'pcl::console::print (pcl::console::VERBOSITY_...'
pcl,../repos/pcl/common/include/pcl/common/utils.h,"(62, 11)-(62, 24)",b'ignore(const T&...)'
pcl,../repos/pcl/common/include/pcl/console/print.h,"(175, 17)-(175, 74)","b'print_color (FILE *stream, int attr, int fg, ...'"
pcl,../repos/pcl/common/include/pcl/console/print.h,"(181, 17)-(181, 42)","b'print_info  (const char *format, ...)'"
pcl,../repos/pcl/common/include/pcl/console/print.h,"(188, 17)-(188, 56)","b'print_info  (FILE *stream, const char *format...'"
pcl,../repos/pcl/common/include/pcl/console/print.h,"(194, 22)-(194, 47)","b'print_highlight  (const char *format, ...)'"
pcl,../repos/pcl/common/include/pcl/console/print.h,"(201, 22)-(201, 61)","b'print_highlight  (FILE *stream, const char *f...'"
pcl,../repos/pcl/common/include/pcl/console/print.h,"(207, 17)-(207, 42)","b'print_error (const char *format, ...)'"
pcl,../repos/pcl/common/include/pcl/console/print.h,"(214, 17)-(214, 56)","b'print_error (FILE *stream, const char *format...'"
pcl,../repos/pcl/common/include/pcl/console/print.h,"(220, 16)-(220, 41)","b'print_warn (const char *format, ...)'"
pcl,../repos/pcl/common/include/pcl/console/print.h,"(227, 16)-(227, 55)","b'print_warn (FILE *stream, const char *format, ...)'"
pcl,../repos/pcl/common/include/pcl/console/print.h,"(233, 17)-(233, 42)","b'print_debug (const char *format, ...)'"
pcl,../repos/pcl/common/include/pcl/console/print.h,"(240, 17)-(240, 56)","b'print_debug (FILE *stream, const char *format...'"
pcl,../repos/pcl/common/include/pcl/console/print.h,"(247, 17)-(247, 42)","b'print_value (const char *format, ...)'"
pcl,../repos/pcl/common/include/pcl/console/print.h,"(254, 17)-(254, 56)","b'print_value (FILE *stream, const char *format...'"
pcl,../repos/pcl/common/include/pcl/console/print.h,"(262, 11)-(262, 73)","b'print (VERBOSITY_LEVEL level, FILE *stream, c...'"
pcl,../repos/pcl/common/include/pcl/console/print.h,"(269, 11)-(269, 59)","b'print (VERBOSITY_LEVEL level, const char *for...'"
pcl,../repos/pcl/common/include/pcl/point_cloud.h,"(686, 20)-(686, 36)",b'emplace_back (Args&& ...args)'
pcl,../repos/pcl/common/include/pcl/point_cloud.h,"(700, 30)-(700, 46)",b'transient_emplace_back (Args&& ...args)'
pcl,../repos/pcl/common/include/pcl/point_cloud.h,"(793, 15)-(793, 50)","b'emplace (iterator position, Args&& ...args)'"
pcl,../repos/pcl/common/include/pcl/point_cloud.h,"(808, 25)-(808, 60)","b'transient_emplace (iterator position, Args&& ...'"
pcl,../repos/pcl/common/include/pcl/memory.h,"(111, 26)-(111, 42)",b'make_shared(Args&&... args)'
pcl,../repos/pcl/common/include/pcl/memory.h,"(116, 76)-(116, 92)",b'make_shared(Args&&... args)'
pcl,../repos/pcl/common/include/pcl/memory.h,"(122, 77)-(122, 93)",b'make_shared(Args&&... args)'
pcl,../repos/pcl/common/include/pcl/type_traits.h,"(281, 47)-(281, 56)",b'(Args...)'
pcl,../repos/pcl/common/include/pcl/type_traits.h,"(286, 44)-(286, 53)",b'(Args...)'
pcl,../repos/pcl/ml/src/svm.cpp,"(120, 5)-(120, 27)","b'info(const char* fmt, ...)'"
pcl,../repos/pcl/ml/src/svm.cpp,"(132, 5)-(132, 27)","b'info(const char* fmt, ...)'"
pcl,../repos/pcl/cuda/common/include/pcl/cuda/cutil_inline_runtime.h,"(213, 22)-(213, 51)","b'VSPrintf(FILE *file, LPCSTR fmt, ...)'"
pcl,../repos/pcl/io/src/real_sense_2_grabber.cpp,"(73, 11)-(73, 18)",b'catch ( ... ) {}'
pcl,../repos/pcl/io/src/oni_grabber.cpp,"(154, 9)-(154, 14)",b'catch (...)\n  {\n    // destructor never throws\n  }'
pcl,../repos/pcl/io/src/openni2_grabber.cpp,"(150, 9)-(150, 14)",b'catch (...)\n  {\n    // destructor never throws\n  }'
pcl,../repos/pcl/io/src/openni2_grabber.cpp,"(331, 9)-(331, 14)",b'catch (...)\n  {\n    PCL_THROW_EXCEPTION (pcl:...'
pcl,../repos/pcl/io/src/openni_grabber.cpp,"(148, 9)-(148, 14)",b'catch (...)\n  {\n    // destructor never throws\n  }'
pcl,../repos/pcl/io/src/openni_grabber.cpp,"(358, 9)-(358, 14)",b'catch (...)\n  {\n    PCL_THROW_EXCEPTION (pcl:...'
pcl,../repos/pcl/io/src/openni_camera/openni_driver.cpp,"(229, 9)-(229, 14)",b'catch (...)\n  {\n  }'
pcl,../repos/pcl/io/src/davidsdk_grabber.cpp,"(83, 9)-(83, 14)",b'catch (...)\n  {\n    // destructor never throws\n  }'
pcl,../repos/pcl/io/src/dinast_grabber.cpp,"(68, 9)-(68, 14)",b'catch (...)\n  {\n    // Destructor never throws\n  }'
pcl,../repos/pcl/io/src/ensenso_grabber.cpp,"(100, 9)-(100, 14)",b'catch (...)\n  {\n    // destructor never throws\n  }'
pcl,../repos/pcl/io/src/depth_sense/depth_sense_device_manager.cpp,"(52, 9)-(52, 14)","b'catch (...)\n  {\n    THROW_IO_EXCEPTION (""fail...'"
pcl,../repos/pcl/io/include/pcl/io/openni_camera/openni_exception.h,"(129, 24)-(129, 121)",b'throwOpenNIException (const char* function_na...'
pcl,../repos/pcl/io/include/pcl/io/io_exception.h,"(96, 22)-(96, 102)","b'throwIOException (const char* function, const...'"
pcl,../repos/pcl/gpu/kinfu_large_scale/tools/process_kinfu_large_scale_output.cpp,"(114, 9)-(114, 41)",b'catch (const pcl::PCLException& /*e*/) { PCL_...'
pcl,../repos/pcl/gpu/kinfu_large_scale/tools/process_kinfu_large_scale_output.cpp,"(115, 9)-(115, 38)",b'catch (const std::bad_alloc& /*e*/) { PCL_ERR...'
pcl,../repos/pcl/gpu/kinfu_large_scale/tools/process_kinfu_large_scale_output.cpp,"(116, 9)-(116, 38)",b'catch (const std::exception& /*e*/) { PCL_ERR...'
pcl,../repos/pcl/gpu/people/src/cuda/nvidia/NCVRuntimeTemplates.hpp,"(152, 25)-(152, 45)","b'call(Func *functor, ...)'"
pcl,../repos/pcl/gpu/people/src/face_detector.cpp,"(114, 9)-(114, 14)","b'catch (...)\n  {\n    PCL_DEBUG(""[pcl::gpu::peo...'"
pcl,../repos/pcl/gpu/people/src/face_detector.cpp,"(309, 9)-(309, 14)","b'catch (...)\n  {\n    PCL_DEBUG(""[pcl::gpu::peo...'"
