Repo name,File name,Location,Content
pcl,../repos/pcl/sample_consensus/include/pcl/sample_consensus/sac_model_cylinder.h,"(134, 7)-(134, 36)",b'~SampleConsensusModelCylinder () override'
pcl,../repos/pcl/sample_consensus/include/pcl/sample_consensus/sac_model_circle.h,"(121, 7)-(121, 36)",b'~SampleConsensusModelCircle2D () override'
pcl,../repos/pcl/sample_consensus/include/pcl/sample_consensus/sac_model_stick.h,"(115, 7)-(115, 33)",b'~SampleConsensusModelStick () override'
pcl,../repos/pcl/sample_consensus/include/pcl/sample_consensus/sac_model_registration_2d.h,"(108, 15)-(108, 50)",b'~SampleConsensusModelRegistration2D ()'
pcl,../repos/pcl/sample_consensus/include/pcl/sample_consensus/sac_model_circle3d.h,"(105, 7)-(105, 36)",b'~SampleConsensusModelCircle3D () override'
pcl,../repos/pcl/sample_consensus/include/pcl/sample_consensus/sac_model_sphere.h,"(117, 7)-(117, 34)",b'~SampleConsensusModelSphere () override'
pcl,../repos/pcl/sample_consensus/include/pcl/sample_consensus/sac_model_ellipse3d.h,"(85, 7)-(85, 37)",b'~SampleConsensusModelEllipse3D () override'
pcl,../repos/pcl/sample_consensus/include/pcl/sample_consensus/sac_model_normal_parallel_plane.h,"(145, 7)-(145, 47)",b'~SampleConsensusModelNormalParallelPlane () o...'
pcl,../repos/pcl/sample_consensus/include/pcl/sample_consensus/sac_model_registration.h,"(113, 7)-(113, 40)",b'~SampleConsensusModelRegistration () override'
pcl,../repos/pcl/sample_consensus/include/pcl/sample_consensus/sac_model_parallel_plane.h,"(112, 7)-(112, 41)",b'~SampleConsensusModelParallelPlane () override'
pcl,../repos/pcl/sample_consensus/include/pcl/sample_consensus/sac_model_perpendicular_plane.h,"(115, 7)-(115, 46)",b'~SampleConsensusModelPerpendicularPlane () ov...'
pcl,../repos/pcl/sample_consensus/include/pcl/sample_consensus/sac_model_normal_sphere.h,"(122, 7)-(122, 40)",b'~SampleConsensusModelNormalSphere () override'
pcl,../repos/pcl/sample_consensus/include/pcl/sample_consensus/sac_model_normal_plane.h,"(128, 7)-(128, 39)",b'~SampleConsensusModelNormalPlane () override'
pcl,../repos/pcl/sample_consensus/include/pcl/sample_consensus/sac_model_plane.h,"(186, 7)-(186, 33)",b'~SampleConsensusModelPlane () override'
pcl,../repos/pcl/sample_consensus/include/pcl/sample_consensus/sac_model_line.h,"(105, 7)-(105, 32)",b'~SampleConsensusModelLine () override'
pcl,../repos/pcl/sample_consensus/include/pcl/sample_consensus/sac.h,"(133, 15)-(133, 31)",b'~SampleConsensus ()'
pcl,../repos/pcl/sample_consensus/include/pcl/sample_consensus/sac_model_parallel_line.h,"(110, 7)-(110, 40)",b'~SampleConsensusModelParallelLine () override'
pcl,../repos/pcl/sample_consensus/include/pcl/sample_consensus/sac_model_cone.h,"(136, 7)-(136, 32)",b'~SampleConsensusModelCone () override'
pcl,../repos/pcl/sample_consensus/include/pcl/sample_consensus/sac_model.h,"(166, 15)-(166, 36)",b'~SampleConsensusModel ()'
pcl,../repos/pcl/sample_consensus/include/pcl/sample_consensus/sac_model.h,"(625, 15)-(625, 47)",b'~SampleConsensusModelFromNormals ()'
pcl,../repos/pcl/sample_consensus/include/pcl/sample_consensus/sac_model.h,"(700, 13)-(700, 21)",b'~Functor ()'
pcl,../repos/pcl/common/src/feature_histogram.cpp,"(67, 24)-(67, 41)",b'FeatureHistogram::~FeatureHistogram'
pcl,../repos/pcl/common/src/range_image_planar.cpp,"(50, 21)-(50, 38)",b'RangeImagePlanar::~RangeImagePlanar'
pcl,../repos/pcl/common/src/time_trigger.cpp,"(61, 19)-(61, 31)",b'TimeTrigger::~TimeTrigger'
pcl,../repos/pcl/common/include/pcl/impl/cloud_iterator.hpp,"(59, 7)-(59, 23)",b'~DefaultIterator ()'
pcl,../repos/pcl/common/include/pcl/impl/cloud_iterator.hpp,"(131, 15)-(131, 27)",b'~IteratorIdx ()'
pcl,../repos/pcl/common/include/pcl/impl/cloud_iterator.hpp,"(197, 7)-(197, 28)",b'~DefaultConstIterator () override'
pcl,../repos/pcl/common/include/pcl/impl/cloud_iterator.hpp,"(271, 7)-(271, 24)",b'~ConstIteratorIdx () override'
pcl,../repos/pcl/common/include/pcl/impl/cloud_iterator.hpp,"(370, 29)-(370, 43)",b'CloudIterator<PointT>::~CloudIterator'
pcl,../repos/pcl/common/include/pcl/impl/cloud_iterator.hpp,"(484, 34)-(484, 53)",b'ConstCloudIterator<PointT>::~ConstCloudIterator'
pcl,../repos/pcl/common/include/pcl/common/impl/bivariate_polynomial.hpp,"(69, 29)-(69, 50)",b'BivariatePolynomialT<real>::~BivariatePolynomialT'
pcl,../repos/pcl/common/include/pcl/common/time.h,"(113, 14)-(113, 24)",b'~ScopeTime ()'
pcl,../repos/pcl/common/include/pcl/common/bivariate_polynomial.h,"(62, 7)-(62, 28)",b'~BivariatePolynomialT ()'
pcl,../repos/pcl/common/include/pcl/common/feature_histogram.h,"(62, 15)-(62, 32)",b'~FeatureHistogram ()'
pcl,../repos/pcl/common/include/pcl/common/time_trigger.h,"(72, 7)-(72, 19)",b'~TimeTrigger ()'
pcl,../repos/pcl/common/include/pcl/cloud_iterator.h,"(62, 7)-(62, 21)",b'~CloudIterator ()'
pcl,../repos/pcl/common/include/pcl/cloud_iterator.h,"(92, 19)-(92, 28)",b'~Iterator ()'
pcl,../repos/pcl/common/include/pcl/cloud_iterator.h,"(131, 7)-(131, 26)",b'~ConstCloudIterator ()'
pcl,../repos/pcl/common/include/pcl/cloud_iterator.h,"(161, 19)-(161, 28)",b'~Iterator ()'
pcl,../repos/pcl/common/include/pcl/point_representation.h,"(82, 15)-(82, 35)",b'~PointRepresentation ()'
pcl,../repos/pcl/common/include/pcl/point_representation.h,"(217, 7)-(217, 34)",b'~DefaultPointRepresentation () override'
pcl,../repos/pcl/common/include/pcl/pcl_base.h,"(86, 15)-(86, 23)",b'~PCLBase ()'
pcl,../repos/pcl/common/include/pcl/pcl_base.h,"(195, 15)-(195, 23)",b'~PCLBase ()'
pcl,../repos/pcl/geometry/include/pcl/geometry/planar_polygon.h,"(70, 11)-(70, 25)",b'~PlanarPolygon()'
pcl,../repos/pcl/geometry/include/pcl/geometry/line_iterator.h,"(71, 3)-(71, 16)",b'~LineIterator() override'
pcl,../repos/pcl/geometry/include/pcl/geometry/line_iterator.h,"(164, 22)-(164, 35)",b'LineIterator::~LineIterator'
pcl,../repos/pcl/geometry/include/pcl/geometry/organized_index_iterator.h,"(53, 11)-(53, 34)",b'~OrganizedIndexIterator()'
pcl,../repos/pcl/geometry/include/pcl/geometry/organized_index_iterator.h,"(115, 32)-(115, 55)",b'OrganizedIndexIterator::~OrganizedIndexIterator'
pcl,../repos/pcl/segmentation/include/pcl/segmentation/rgb_plane_coefficient_comparator.h,"(87, 7)-(87, 37)",b'~RGBPlaneCoefficientComparator ()'
pcl,../repos/pcl/segmentation/include/pcl/segmentation/impl/min_cut_segmentation.hpp,"(54, 34)-(54, 53)",b'MinCutSegmentation<PointT>::~MinCutSegmentation'
pcl,../repos/pcl/segmentation/include/pcl/segmentation/impl/region_growing.hpp,"(61, 38)-(61, 52)","b'RegionGrowing<PointT, NormalT>::~RegionGrowing'"
pcl,../repos/pcl/segmentation/include/pcl/segmentation/impl/crf_normal_segmentation.hpp,"(54, 37)-(54, 59)",b'CrfNormalSegmentation<PointT>::~CrfNormalSegm...'
pcl,../repos/pcl/segmentation/include/pcl/segmentation/impl/region_growing_rgb.hpp,"(66, 41)-(66, 58)","b'RegionGrowingRGB<PointT, NormalT>::~RegionGro...'"
pcl,../repos/pcl/segmentation/include/pcl/segmentation/impl/supervoxel_clustering.hpp,"(60, 36)-(60, 57)",b'SupervoxelClustering<PointT>::~SupervoxelClus...'
pcl,../repos/pcl/segmentation/include/pcl/segmentation/impl/progressive_morphological_filter.hpp,"(55, 46)-(55, 77)",b'ProgressiveMorphologicalFilter<PointT>::~Prog...'
pcl,../repos/pcl/segmentation/include/pcl/segmentation/impl/crf_segmentation.hpp,"(66, 31)-(66, 47)",b'CrfSegmentation<PointT>::~CrfSegmentation'
pcl,../repos/pcl/segmentation/include/pcl/segmentation/impl/unary_classifier.hpp,"(59, 31)-(59, 47)",b'UnaryClassifier<PointT>::~UnaryClassifier'
pcl,../repos/pcl/segmentation/include/pcl/segmentation/impl/lccp_segmentation.hpp,"(57, 32)-(57, 49)",b'LCCPSegmentation<PointT>::~LCCPSegmentation'
pcl,../repos/pcl/segmentation/include/pcl/segmentation/impl/approximate_progressive_morphological_filter.hpp,"(56, 57)-(56, 99)",b'ApproximateProgressiveMorphologicalFilter<Poi...'
pcl,../repos/pcl/segmentation/include/pcl/segmentation/impl/cpc_segmentation.hpp,"(48, 31)-(48, 47)",b'CPCSegmentation<PointT>::~CPCSegmentation'
pcl,../repos/pcl/segmentation/include/pcl/segmentation/ground_plane_comparator.h,"(100, 7)-(100, 29)",b'~GroundPlaneComparator () override'
pcl,../repos/pcl/segmentation/include/pcl/segmentation/supervoxel_clustering.h,"(200, 7)-(200, 28)",b'~SupervoxelClustering () override'
pcl,../repos/pcl/segmentation/include/pcl/segmentation/planar_region.h,"(78, 7)-(78, 20)",b'~PlanarRegion () override'
pcl,../repos/pcl/segmentation/include/pcl/segmentation/region_3d.h,"(70, 15)-(70, 24)",b'~Region3D ()'
pcl,../repos/pcl/segmentation/include/pcl/segmentation/crf_segmentation.h,"(68, 7)-(68, 23)",b'~CrfSegmentation ()'
pcl,../repos/pcl/segmentation/include/pcl/segmentation/plane_coefficient_comparator.h,"(95, 7)-(95, 34)",b'~PlaneCoefficientComparator () override'
pcl,../repos/pcl/segmentation/include/pcl/segmentation/comparator.h,"(71, 7)-(71, 18)",b'~Comparator ()'
pcl,../repos/pcl/segmentation/include/pcl/segmentation/unary_classifier.h,"(67, 7)-(67, 23)",b'~UnaryClassifier ()'
pcl,../repos/pcl/segmentation/include/pcl/segmentation/progressive_morphological_filter.h,"(72, 7)-(72, 38)",b'~ProgressiveMorphologicalFilter () override'
pcl,../repos/pcl/segmentation/include/pcl/segmentation/plane_refinement_comparator.h,"(98, 7)-(98, 33)",b'~PlaneRefinementComparator () override'
pcl,../repos/pcl/segmentation/include/pcl/segmentation/edge_aware_plane_comparator.h,"(95, 7)-(95, 32)",b'~EdgeAwarePlaneComparator () override'
pcl,../repos/pcl/segmentation/include/pcl/segmentation/organized_connected_component_segmentation.h,"(89, 7)-(89, 47)",b'~OrganizedConnectedComponentSegmentation () o...'
pcl,../repos/pcl/segmentation/include/pcl/segmentation/crf_normal_segmentation.h,"(57, 7)-(57, 29)",b'~CrfNormalSegmentation ()'
pcl,../repos/pcl/segmentation/include/pcl/segmentation/min_cut_segmentation.h,"(115, 7)-(115, 26)",b'~MinCutSegmentation () override'
pcl,../repos/pcl/segmentation/include/pcl/segmentation/cpc_segmentation.h,"(91, 7)-(91, 23)",b'~CPCSegmentation () override'
pcl,../repos/pcl/segmentation/include/pcl/segmentation/approximate_progressive_morphological_filter.h,"(73, 7)-(73, 49)",b'~ApproximateProgressiveMorphologicalFilter ()...'
pcl,../repos/pcl/segmentation/include/pcl/segmentation/sac_segmentation.h,"(89, 7)-(89, 23)",b'~SACSegmentation () override'
pcl,../repos/pcl/segmentation/include/pcl/segmentation/region_growing_rgb.h,"(91, 7)-(91, 24)",b'~RegionGrowingRGB () override'
pcl,../repos/pcl/segmentation/include/pcl/segmentation/lccp_segmentation.h,"(91, 7)-(91, 24)",b'~LCCPSegmentation ()'
pcl,../repos/pcl/segmentation/include/pcl/segmentation/region_growing.h,"(84, 7)-(84, 21)",b'~RegionGrowing () override'
pcl,../repos/pcl/segmentation/include/pcl/segmentation/euclidean_plane_coefficient_comparator.h,"(75, 7)-(75, 43)",b'~EuclideanPlaneCoefficientComparator ()'
pcl,../repos/pcl/segmentation/include/pcl/segmentation/planar_polygon_fusion.h,"(58, 15)-(58, 35)",b'~PlanarPolygonFusion ()'
pcl,../repos/pcl/segmentation/include/pcl/segmentation/grabcut_segmentation.h,"(72, 19)-(72, 36)",b'~BoykovKolmogorov ()'
pcl,../repos/pcl/segmentation/include/pcl/segmentation/grabcut_segmentation.h,"(230, 11)-(230, 15)",b'~GMM ()'
pcl,../repos/pcl/segmentation/include/pcl/segmentation/grabcut_segmentation.h,"(332, 7)-(332, 15)",b'~GrabCut () override'
pcl,../repos/pcl/segmentation/include/pcl/segmentation/organized_multi_plane_segmentation.h,"(96, 7)-(96, 39)",b'~OrganizedMultiPlaneSegmentation () override'
pcl,../repos/pcl/ml/src/densecrf.cpp,"(49, 16)-(49, 25)",b'DenseCrf::~DenseCrf'
pcl,../repos/pcl/ml/src/svm.cpp,"(148, 3)-(148, 9)",b'~Cache()'
pcl,../repos/pcl/ml/src/svm.cpp,"(186, 8)-(186, 14)",b'Cache::~Cache'
pcl,../repos/pcl/ml/src/svm.cpp,"(306, 11)-(306, 19)",b'~QMatrix()'
pcl,../repos/pcl/ml/src/svm.cpp,"(314, 3)-(314, 10)",b'~Kernel() override'
pcl,../repos/pcl/ml/src/svm.cpp,"(418, 9)-(418, 16)",b'Kernel::~Kernel'
pcl,../repos/pcl/ml/src/svm.cpp,"(527, 11)-(527, 18)",b'~Solver()'
pcl,../repos/pcl/ml/src/svm.cpp,"(1485, 3)-(1485, 9)",b'~SVC_Q() override'
pcl,../repos/pcl/ml/src/svm.cpp,"(1539, 3)-(1539, 15)",b'~ONE_CLASS_Q() override'
pcl,../repos/pcl/ml/src/svm.cpp,"(1615, 3)-(1615, 9)",b'~SVR_Q() override'
pcl,../repos/pcl/ml/include/pcl/ml/impl/dt/decision_forest_trainer.hpp,"(58, 5)-(58, 27)","b'DecisionForestTrainer<FeatureType, DataSet, L...'"
pcl,../repos/pcl/ml/include/pcl/ml/impl/dt/decision_tree_trainer.hpp,"(56, 5)-(56, 25)","b'DecisionTreeTrainer<FeatureType, DataSet, Lab...'"
pcl,../repos/pcl/ml/include/pcl/ml/impl/dt/decision_tree_evaluator.hpp,"(63, 5)-(63, 27)","b'DecisionTreeEvaluator<FeatureType, DataSet, L...'"
pcl,../repos/pcl/ml/include/pcl/ml/impl/dt/decision_forest_evaluator.hpp,"(64, 5)-(64, 29)","b'DecisionForestEvaluator<FeatureType, DataSet,...'"
pcl,../repos/pcl/ml/include/pcl/ml/permutohedral.h,"(208, 3)-(208, 16)",b'~HashTableOLD()'
pcl,../repos/pcl/ml/include/pcl/ml/point_xy_32i.h,"(53, 18)-(53, 29)",b'~PointXY32i()'
pcl,../repos/pcl/ml/include/pcl/ml/point_xy_32f.h,"(52, 18)-(52, 29)",b'~PointXY32f()'
pcl,../repos/pcl/ml/include/pcl/ml/densecrf.h,"(54, 3)-(54, 12)",b'~DenseCrf()'
pcl,../repos/pcl/ml/include/pcl/ml/dt/decision_tree.h,"(55, 11)-(55, 24)",b'~DecisionTree()'
pcl,../repos/pcl/ml/include/pcl/ml/dt/decision_tree_trainer.h,"(63, 11)-(63, 31)",b'~DecisionTreeTrainer()'
pcl,../repos/pcl/ml/include/pcl/ml/dt/decision_forest_evaluator.h,"(62, 11)-(62, 35)",b'~DecisionForestEvaluator()'
pcl,../repos/pcl/ml/include/pcl/ml/dt/decision_forest_trainer.h,"(64, 11)-(64, 33)",b'~DecisionForestTrainer()'
pcl,../repos/pcl/ml/include/pcl/ml/dt/decision_forest.h,"(57, 11)-(57, 26)",b'~DecisionForest()'
pcl,../repos/pcl/ml/include/pcl/ml/dt/decision_tree_data_provider.h,"(73, 11)-(73, 43)",b'~DecisionTreeTrainerDataProvider()'
pcl,../repos/pcl/ml/include/pcl/ml/dt/decision_tree_evaluator.h,"(62, 11)-(62, 33)",b'~DecisionTreeEvaluator()'
pcl,../repos/pcl/ml/include/pcl/ml/branch_estimator.h,"(77, 10)-(77, 50)",b'~BinaryTreeThresholdBasedBranchEstimator() ov...'
pcl,../repos/pcl/ml/include/pcl/ml/branch_estimator.h,"(111, 10)-(111, 48)",b'~TernaryTreeMissingDataBranchEstimator() override'
pcl,../repos/pcl/ml/include/pcl/ml/svm_wrapper.h,"(184, 3)-(184, 7)",b'~SVM()'
pcl,../repos/pcl/ml/include/pcl/ml/svm_wrapper.h,"(275, 3)-(275, 12)",b'~SVMTrain()'
pcl,../repos/pcl/ml/include/pcl/ml/svm_wrapper.h,"(403, 3)-(403, 15)",b'~SVMClassify()'
pcl,../repos/pcl/ml/include/pcl/ml/multi_channel_2d_comparison_feature.h,"(55, 11)-(55, 43)",b'~MultiChannel2DComparisonFeature()'
pcl,../repos/pcl/ml/include/pcl/ml/pairwise_potential.h,"(57, 3)-(57, 21)",b'~PairwisePotential()'
pcl,../repos/pcl/search/include/pcl/search/kdtree.h,"(93, 9)-(93, 16)",b'~KdTree () override'
pcl,../repos/pcl/search/include/pcl/search/impl/flann_search.hpp,"(86, 50)-(86, 62)","b'FlannSearch<PointT, FlannDistance>::~FlannSearch'"
pcl,../repos/pcl/search/include/pcl/search/search.h,"(92, 9)-(92, 16)",b'~Search ()'
pcl,../repos/pcl/search/include/pcl/search/octree.h,"(99, 9)-(99, 16)",b'~Octree () override'
pcl,../repos/pcl/search/include/pcl/search/organized.h,"(100, 9)-(100, 27)",b'~OrganizedNeighbor () override'
pcl,../repos/pcl/search/include/pcl/search/flann_search.h,"(139, 21)-(139, 39)",b'~FlannIndexCreator ()'
pcl,../repos/pcl/search/include/pcl/search/flann_search.h,"(155, 13)-(155, 32)",b'~KdTreeIndexCreator () override'
pcl,../repos/pcl/search/include/pcl/search/flann_search.h,"(178, 21)-(178, 40)",b'~KMeansIndexCreator ()'
pcl,../repos/pcl/search/include/pcl/search/flann_search.h,"(200, 21)-(200, 45)",b'~KdTreeMultiIndexCreator ()'
pcl,../repos/pcl/search/include/pcl/search/flann_search.h,"(215, 9)-(215, 21)",b'~FlannSearch () override'
pcl,../repos/pcl/search/include/pcl/search/brute_force.h,"(94, 9)-(94, 20)",b'~BruteForce () override'
pcl,../repos/pcl/registration/include/pcl/registration/ia_kfpcs.h,"(79, 3)-(79, 25)",b'~KFPCSInitialAlignment() override'
pcl,../repos/pcl/registration/include/pcl/registration/transformation_estimation_point_to_plane.h,"(75, 3)-(75, 40)",b'~TransformationEstimationPointToPlane() override'
pcl,../repos/pcl/registration/include/pcl/registration/graph_registration.h,"(67, 11)-(67, 29)",b'~GraphRegistration()'
pcl,../repos/pcl/registration/include/pcl/registration/ia_fpcs.h,"(112, 3)-(112, 24)",b'~FPCSInitialAlignment() override'
pcl,../repos/pcl/registration/include/pcl/registration/ndt_2d.h,"(89, 3)-(89, 34)",b'~NormalDistributionsTransform2D() override'
pcl,../repos/pcl/registration/include/pcl/registration/transformation_estimation_dual_quaternion.h,"(68, 3)-(68, 42)",b'~TransformationEstimationDualQuaternion() override'
pcl,../repos/pcl/registration/include/pcl/registration/bfgs.h,"(18, 11)-(18, 28)",b'~PolynomialSolver()'
pcl,../repos/pcl/registration/include/pcl/registration/bfgs.h,"(90, 11)-(90, 28)",b'~BFGSDummyFunctor()'
pcl,../repos/pcl/registration/include/pcl/registration/graph_handler.h,"(106, 3)-(106, 16)",b'~GraphHandler()'
pcl,../repos/pcl/registration/include/pcl/registration/elch.h,"(96, 3)-(96, 8)",b'~ELCH() override'
pcl,../repos/pcl/registration/include/pcl/registration/transformation_estimation_point_to_plane_lls.h,"(75, 3)-(75, 43)",b'~TransformationEstimationPointToPlaneLLS() ov...'
pcl,../repos/pcl/registration/include/pcl/registration/transformation_estimation_lm.h,"(108, 3)-(108, 30)",b'~TransformationEstimationLM() override'
pcl,../repos/pcl/registration/include/pcl/registration/transformation_estimation_lm.h,"(243, 13)-(243, 21)",b'~Functor()'
pcl,../repos/pcl/registration/include/pcl/registration/transformation_estimation_lm.h,"(288, 5)-(288, 25)",b'~OptimizationFunctor() override'
pcl,../repos/pcl/registration/include/pcl/registration/transformation_estimation_lm.h,"(333, 5)-(333, 36)",b'~OptimizationFunctorWithIndices() override'
pcl,../repos/pcl/registration/include/pcl/registration/icp.h,"(176, 3)-(176, 25)",b'~IterativeClosestPoint() override'
pcl,../repos/pcl/registration/include/pcl/registration/icp.h,"(363, 3)-(363, 36)",b'~IterativeClosestPointWithNormals() override'
pcl,../repos/pcl/registration/include/pcl/registration/warp_point_rigid_6d.h,"(70, 3)-(70, 20)",b'~WarpPointRigid6D() override'
pcl,../repos/pcl/registration/include/pcl/registration/correspondence_rejection_distance.h,"(77, 3)-(77, 34)",b'~CorrespondenceRejectorDistance() override'
pcl,../repos/pcl/registration/include/pcl/registration/correspondence_rejection_features.h,"(74, 3)-(74, 34)",b'~CorrespondenceRejectorFeatures() override'
pcl,../repos/pcl/registration/include/pcl/registration/correspondence_rejection_features.h,"(165, 13)-(165, 39)",b'~FeatureContainerInterface()'
pcl,../repos/pcl/registration/include/pcl/registration/correspondence_rejection_features.h,"(204, 5)-(204, 22)",b'~FeatureContainer() override'
pcl,../repos/pcl/registration/include/pcl/registration/correspondence_estimation.h,"(104, 3)-(104, 32)",b'~CorrespondenceEstimationBase() override'
pcl,../repos/pcl/registration/include/pcl/registration/correspondence_estimation.h,"(450, 3)-(450, 28)",b'~CorrespondenceEstimation() override'
pcl,../repos/pcl/registration/include/pcl/registration/joint_icp.h,"(136, 3)-(136, 30)",b'~JointIterativeClosestPoint() override'
pcl,../repos/pcl/registration/include/pcl/registration/transformation_estimation_point_to_plane_weighted.h,"(119, 11)-(119, 56)",b'~TransformationEstimationPointToPlaneWeighted()'
pcl,../repos/pcl/registration/include/pcl/registration/transformation_estimation_point_to_plane_weighted.h,"(243, 13)-(243, 21)",b'~Functor()'
pcl,../repos/pcl/registration/include/pcl/registration/transformation_estimation_point_to_plane_weighted.h,"(289, 13)-(289, 33)",b'~OptimizationFunctor()'
pcl,../repos/pcl/registration/include/pcl/registration/transformation_estimation_point_to_plane_weighted.h,"(337, 13)-(337, 44)",b'~OptimizationFunctorWithIndices()'
pcl,../repos/pcl/registration/include/pcl/registration/warp_point_rigid_3d.h,"(69, 3)-(69, 20)",b'~WarpPointRigid3D() override'
pcl,../repos/pcl/registration/include/pcl/registration/correspondence_estimation_backprojection.h,"(108, 11)-(108, 50)",b'~CorrespondenceEstimationBackProjection()'
pcl,../repos/pcl/registration/include/pcl/registration/transformation_validation.h,"(84, 11)-(84, 36)",b'~TransformationValidation()'
pcl,../repos/pcl/registration/include/pcl/registration/ndt.h,"(107, 3)-(107, 32)",b'~NormalDistributionsTransform() override'
pcl,../repos/pcl/registration/include/pcl/registration/warp_point_rigid.h,"(74, 11)-(74, 26)",b'~WarpPointRigid()'
pcl,../repos/pcl/registration/include/pcl/registration/correspondence_estimation_normal_shooting.h,"(141, 3)-(141, 42)",b'~CorrespondenceEstimationNormalShooting() override'
pcl,../repos/pcl/registration/include/pcl/registration/incremental_registration.h,"(86, 11)-(86, 35)",b'~IncrementalRegistration()'
pcl,../repos/pcl/registration/include/pcl/registration/meta_registration.h,"(89, 11)-(89, 28)",b'~MetaRegistration()'
pcl,../repos/pcl/registration/include/pcl/registration/gicp6d.h,"(142, 5)-(142, 27)",b'~MyPointRepresentation() override'
pcl,../repos/pcl/registration/include/pcl/registration/ia_ransac.h,"(95, 13)-(95, 26)",b'~ErrorFunctor()'
pcl,../repos/pcl/registration/include/pcl/registration/ia_ransac.h,"(123, 5)-(123, 20)",b'~TruncatedError() override'
pcl,../repos/pcl/registration/include/pcl/registration/transformation_estimation_3point.h,"(74, 3)-(74, 34)",b'~TransformationEstimation3Point() override'
pcl,../repos/pcl/registration/include/pcl/registration/transformation_validation_euclidean.h,"(106, 11)-(106, 45)",b'~TransformationValidationEuclidean()'
pcl,../repos/pcl/registration/include/pcl/registration/transformation_validation_euclidean.h,"(249, 13)-(249, 35)",b'~MyPointRepresentation()'
pcl,../repos/pcl/registration/include/pcl/registration/correspondence_rejection_sample_consensus.h,"(76, 3)-(76, 41)",b'~CorrespondenceRejectorSampleConsensus() override'
pcl,../repos/pcl/registration/include/pcl/registration/correspondence_rejection.h,"(63, 11)-(63, 34)",b'~CorrespondenceRejector()'
pcl,../repos/pcl/registration/include/pcl/registration/correspondence_rejection.h,"(220, 11)-(220, 34)",b'~DataContainerInterface()'
pcl,../repos/pcl/registration/include/pcl/registration/correspondence_rejection.h,"(260, 3)-(260, 17)",b'~DataContainer() override'
pcl,../repos/pcl/registration/include/pcl/registration/transformation_estimation.h,"(67, 11)-(67, 36)",b'~TransformationEstimation()'
pcl,../repos/pcl/registration/include/pcl/registration/transformation_estimation_point_to_plane_lls_weighted.h,"(78, 11)-(78, 59)",b'~TransformationEstimationPointToPlaneLLSWeighted()'
pcl,../repos/pcl/registration/include/pcl/registration/graph_optimizer.h,"(62, 11)-(62, 26)",b'~GraphOptimizer()'
pcl,../repos/pcl/registration/include/pcl/registration/matching_candidate.h,"(67, 3)-(67, 21)",b'~MatchingCandidate()'
pcl,../repos/pcl/registration/include/pcl/registration/correspondence_rejection_trimmed.h,"(74, 3)-(74, 33)",b'~CorrespondenceRejectorTrimmed() override'
pcl,../repos/pcl/registration/include/pcl/registration/transformation_estimation_symmetric_point_to_plane_lls.h,"(75, 3)-(75, 52)",b'~TransformationEstimationSymmetricPointToPlan...'
pcl,../repos/pcl/registration/include/pcl/registration/default_convergence_criteria.h,"(103, 3)-(103, 30)",b'~DefaultConvergenceCriteria() override'
pcl,../repos/pcl/registration/include/pcl/registration/sample_consensus_prerejective.h,"(135, 3)-(135, 31)",b'~SampleConsensusPrerejective() override'
pcl,../repos/pcl/registration/include/pcl/registration/transformation_estimation_2D.h,"(69, 11)-(69, 38)",b'~TransformationEstimation2D()'
pcl,../repos/pcl/registration/include/pcl/registration/transformation_estimation_svd.h,"(72, 3)-(72, 31)",b'~TransformationEstimationSVD() override'
pcl,../repos/pcl/registration/include/pcl/registration/registration.h,"(125, 3)-(125, 16)",b'~Registration() override'
pcl,../repos/pcl/registration/include/pcl/registration/convergence_criteria.h,"(73, 11)-(73, 31)",b'~ConvergenceCriteria()'
pcl,../repos/pcl/cuda/sample_consensus/include/pcl/cuda/sample_consensus/sac.h,"(89, 17)-(89, 33)",b'~SampleConsensus()'
pcl,../repos/pcl/cuda/sample_consensus/include/pcl/cuda/sample_consensus/sac_model.h,"(147, 17)-(147, 38)",b'~SampleConsensusModel()'
pcl,../repos/pcl/cuda/common/include/pcl/cuda/time_cpu.h,"(71, 16)-(71, 29)",b'~ScopeTimeCPU ()'
pcl,../repos/pcl/cuda/common/include/pcl/cuda/time_cpu.h,"(132, 33)-(132, 46)",b'ScopeTimeCPU::~ScopeTimeCPU'
pcl,../repos/pcl/cuda/common/include/pcl/cuda/time_gpu.h,"(63, 16)-(63, 29)",b'~ScopeTimeGPU ()'
pcl,../repos/pcl/cuda/nn/organized_neighbor_search.h,"(77, 7)-(77, 31)",b'~OrganizedNeighborSearch()'
pcl,../repos/pcl/features/src/narf.cpp,"(64, 7)-(64, 12)",b'Narf::~Narf'
pcl,../repos/pcl/features/src/narf.cpp,"(607, 17)-(607, 32)",b'NarfDescriptor::~NarfDescriptor'
pcl,../repos/pcl/features/src/range_image_border_extractor.cpp,"(57, 28)-(57, 54)",b'RangeImageBorderExtractor::~RangeImageBorderE...'
pcl,../repos/pcl/features/include/pcl/features/integral_image_normal.h,"(122, 7)-(122, 37)",b'~IntegralImageNormalEstimation () override'
pcl,../repos/pcl/features/include/pcl/features/multiscale_feature_persistence.h,"(79, 7)-(79, 36)",b'~MultiscaleFeaturePersistence () override'
pcl,../repos/pcl/features/include/pcl/features/impl/integral_image_normal.hpp,"(45, 58)-(45, 88)","b'IntegralImageNormalEstimation<PointInT, Point...'"
pcl,../repos/pcl/features/include/pcl/features/impl/rops_estimation.hpp,"(60, 44)-(60, 59)","b'ROPSEstimation <PointInT, PointOutT>::~ROPSEs...'"
pcl,../repos/pcl/features/include/pcl/features/impl/linear_least_squares_normal.hpp,"(47, 63)-(47, 98)","b'LinearLeastSquaresNormalEstimation<PointInT, ...'"
pcl,../repos/pcl/features/include/pcl/features/impl/brisk_2d.hpp,"(83, 64)-(83, 82)","b'BRISK2DEstimation<PointInT, PointOutT, Keypoi...'"
pcl,../repos/pcl/features/include/pcl/features/impl/moment_of_inertia_estimation.hpp,"(67, 41)-(67, 67)",b'MomentOfInertiaEstimation<PointT>::~MomentOfI...'
pcl,../repos/pcl/features/include/pcl/features/3dsc.h,"(116, 7)-(116, 32)",b'~ShapeContext3DEstimation() override'
pcl,../repos/pcl/features/include/pcl/features/organized_edge_detection.h,"(84, 7)-(84, 25)",b'~OrganizedEdgeBase () override'
pcl,../repos/pcl/features/include/pcl/features/organized_edge_detection.h,"(210, 7)-(210, 28)",b'~OrganizedEdgeFromRGB () override'
pcl,../repos/pcl/features/include/pcl/features/organized_edge_detection.h,"(297, 7)-(297, 32)",b'~OrganizedEdgeFromNormals () override'
pcl,../repos/pcl/features/include/pcl/features/organized_edge_detection.h,"(404, 7)-(404, 35)",b'~OrganizedEdgeFromRGBNormals () override'
pcl,../repos/pcl/features/include/pcl/features/feature.h,"(451, 7)-(451, 39)",b'~FeatureWithLocalReferenceFrames()'
pcl,../repos/pcl/features/include/pcl/features/brisk_2d.h,"(85, 15)-(85, 33)",b'~BRISK2DEstimation ()'
pcl,../repos/pcl/features/include/pcl/features/integral_image2D.h,"(131, 7)-(131, 23)",b'~IntegralImage2D ()'
pcl,../repos/pcl/features/include/pcl/features/integral_image2D.h,"(256, 7)-(256, 23)",b'~IntegralImage2D ()'
pcl,../repos/pcl/features/include/pcl/features/linear_least_squares_normal.h,"(70, 7)-(70, 42)",b'~LinearLeastSquaresNormalEstimation () override'
pcl,../repos/pcl/features/include/pcl/features/range_image_border_extractor.h,"(108, 7)-(108, 33)",b'~RangeImageBorderExtractor () override'
pcl,../repos/pcl/features/include/pcl/features/usc.h,"(92, 7)-(92, 26)",b'~UniqueShapeContext() override'
pcl,../repos/pcl/features/include/pcl/features/narf_descriptor.h,"(75, 7)-(75, 22)",b'~NarfDescriptor() override'
pcl,../repos/pcl/features/include/pcl/features/don.h,"(89, 7)-(89, 37)",b'~DifferenceOfNormalsEstimation () override'
pcl,../repos/pcl/features/include/pcl/features/spin_image.h,"(127, 7)-(127, 27)",b'~SpinImageEstimation () override'
pcl,../repos/pcl/features/include/pcl/features/shot_lrf.h,"(77, 7)-(77, 41)",b'~SHOTLocalReferenceFrameEstimation () override'
pcl,../repos/pcl/features/include/pcl/features/shot.h,"(102, 7)-(102, 26)",b'~SHOTEstimationBase () override'
pcl,../repos/pcl/features/include/pcl/features/shot.h,"(246, 7)-(246, 22)",b'~SHOTEstimation () override'
pcl,../repos/pcl/features/include/pcl/features/shot.h,"(330, 7)-(330, 27)",b'~SHOTColorEstimation () override'
pcl,../repos/pcl/features/include/pcl/features/shot_lrf_omp.h,"(80, 5)-(80, 42)",b'~SHOTLocalReferenceFrameEstimationOMP () override'
pcl,../repos/pcl/features/include/pcl/features/rops_estimation.h,"(75, 7)-(75, 22)",b'~ROPSEstimation () override'
pcl,../repos/pcl/features/include/pcl/features/board.h,"(72, 7)-(72, 42)",b'~BOARDLocalReferenceFrameEstimation () override'
pcl,../repos/pcl/features/include/pcl/features/normal_3d.h,"(267, 7)-(267, 24)",b'~NormalEstimation () override'
pcl,../repos/pcl/features/include/pcl/features/moment_of_inertia_estimation.h,"(110, 7)-(110, 33)",b'~MomentOfInertiaEstimation () override'
pcl,../repos/pcl/features/include/pcl/features/narf.h,"(74, 7)-(74, 12)",b'~Narf()'
pcl,../repos/pcl/features/include/pcl/features/narf.h,"(244, 9)-(244, 36)",b'~FeaturePointRepresentation () override'
pcl,../repos/pcl/kdtree/include/pcl/kdtree/kdtree.h,"(125, 15)-(125, 22)",b'~KdTree ()'
pcl,../repos/pcl/kdtree/include/pcl/kdtree/kdtree_flann.h,"(203, 3)-(203, 15)",b'~KdTreeFLANN() override'
pcl,../repos/pcl/outofcore/src/outofcore_base_data.cpp,"(78, 34)-(78, 62)",b'OutofcoreOctreeBaseMetadata::~OutofcoreOctree...'
pcl,../repos/pcl/outofcore/src/outofcore_node_data.cpp,"(60, 34)-(60, 62)",b'OutofcoreOctreeNodeMetadata::~OutofcoreOctree...'
pcl,../repos/pcl/outofcore/include/pcl/outofcore/impl/octree_base_node.hpp,"(258, 50)-(258, 74)","b'OutofcoreOctreeBaseNode<ContainerT, PointT>::...'"
pcl,../repos/pcl/outofcore/include/pcl/outofcore/impl/octree_base.hpp,"(189, 46)-(189, 66)","b'OutofcoreOctreeBase<ContainerT, PointT>::~Out...'"
pcl,../repos/pcl/outofcore/include/pcl/outofcore/impl/outofcore_depth_first_iterator.hpp,"(60, 54)-(60, 82)","b'OutofcoreDepthFirstIterator<PointT, Container...'"
pcl,../repos/pcl/outofcore/include/pcl/outofcore/impl/outofcore_breadth_first_iterator.hpp,"(57, 56)-(57, 86)","b'OutofcoreBreadthFirstIterator<PointT, Contain...'"
pcl,../repos/pcl/outofcore/include/pcl/outofcore/impl/lru_cache.hpp,"(23, 3)-(23, 16)",b'~LRUCacheItem ()'
pcl,../repos/pcl/outofcore/include/pcl/outofcore/impl/octree_disk_container.hpp,"(159, 43)-(159, 72)",b'OutofcoreOctreeDiskContainer<PointT>::~Outofc...'
pcl,../repos/pcl/outofcore/include/pcl/outofcore/octree_disk_container.h,"(96, 9)-(96, 38)",b'~OutofcoreOctreeDiskContainer () override'
pcl,../repos/pcl/outofcore/include/pcl/outofcore/outofcore_base_data.h,"(108, 9)-(108, 37)",b'~OutofcoreOctreeBaseMetadata () override'
pcl,../repos/pcl/outofcore/include/pcl/outofcore/metadata.h,"(66, 7)-(66, 33)",b'~OutofcoreAbstractMetadata ()'
pcl,../repos/pcl/outofcore/include/pcl/outofcore/octree_base.h,"(236, 9)-(236, 29)",b'~OutofcoreOctreeBase ()'
pcl,../repos/pcl/outofcore/include/pcl/outofcore/octree_base_node.h,"(131, 9)-(131, 33)",b'~OutofcoreOctreeBaseNode () override'
pcl,../repos/pcl/outofcore/include/pcl/outofcore/outofcore_node_data.h,"(94, 9)-(94, 37)",b'~OutofcoreOctreeNodeMetadata ()'
pcl,../repos/pcl/outofcore/include/pcl/outofcore/outofcore_depth_first_iterator.h,"(66, 9)-(66, 37)",b'~OutofcoreDepthFirstIterator () override'
pcl,../repos/pcl/outofcore/include/pcl/outofcore/outofcore_iterator_base.h,"(84, 9)-(84, 31)",b'~OutofcoreIteratorBase ()'
pcl,../repos/pcl/outofcore/include/pcl/outofcore/octree_abstract_node_container.h,"(64, 9)-(64, 40)",b'~OutofcoreAbstractNodeContainer ()'
pcl,../repos/pcl/outofcore/include/pcl/outofcore/visualization/geometry.h,"(27, 3)-(27, 12)",b'~Geometry () override'
pcl,../repos/pcl/outofcore/include/pcl/outofcore/visualization/object.h,"(27, 3)-(27, 10)",b'~Object ()'
pcl,../repos/pcl/outofcore/include/pcl/outofcore/visualization/grid.h,"(27, 3)-(27, 8)",b'~Grid () override'
pcl,../repos/pcl/outofcore/include/pcl/outofcore/outofcore_breadth_first_iterator.h,"(71, 9)-(71, 39)",b'~OutofcoreBreadthFirstIterator () override'
pcl,../repos/pcl/tracking/include/pcl/tracking/pyramidal_klt.h,"(103, 3)-(103, 23)",b'~PyramidalKLTTracker() override'
pcl,../repos/pcl/tracking/include/pcl/tracking/coherence.h,"(25, 11)-(25, 26)",b'~PointCoherence()'
pcl,../repos/pcl/tracking/include/pcl/tracking/coherence.h,"(73, 11)-(73, 31)",b'~PointCloudCoherence()'
pcl,../repos/pcl/recognition/src/quantizable_modality.cpp,"(45, 27)-(45, 47)",b'QuantizableModality::~QuantizableModality'
pcl,../repos/pcl/recognition/src/quantizable_modality.cpp,"(67, 20)-(67, 33)",b'QuantizedMap::~QuantizedMap'
pcl,../repos/pcl/recognition/src/linemod.cpp,"(54, 15)-(54, 23)",b'LINEMOD::~LINEMOD'
pcl,../repos/pcl/recognition/src/dotmod.cpp,"(54, 1)-(54, 8)",b'DOTMOD::\n~DOTMOD'
pcl,../repos/pcl/recognition/include/pcl/recognition/ransac_based/hypothesis.h,"(68, 18)-(68, 33)",b'~HypothesisBase ()'
pcl,../repos/pcl/recognition/include/pcl/recognition/ransac_based/hypothesis.h,"(96, 9)-(96, 20)",b'~Hypothesis () override'
pcl,../repos/pcl/recognition/include/pcl/recognition/ransac_based/rigid_transform_space.h,"(141, 17)-(141, 35)",b'~RotationSpaceCell ()'
pcl,../repos/pcl/recognition/include/pcl/recognition/ransac_based/rigid_transform_space.h,"(177, 17)-(177, 42)",b'~RotationSpaceCellCreator ()'
pcl,../repos/pcl/recognition/include/pcl/recognition/ransac_based/rigid_transform_space.h,"(207, 17)-(207, 31)",b'~RotationSpace ()'
pcl,../repos/pcl/recognition/include/pcl/recognition/ransac_based/rigid_transform_space.h,"(297, 17)-(297, 38)",b'~RotationSpaceCreator()'
pcl,../repos/pcl/recognition/include/pcl/recognition/ransac_based/rigid_transform_space.h,"(341, 17)-(341, 37)",b'~RigidTransformSpace ()'
pcl,../repos/pcl/recognition/include/pcl/recognition/ransac_based/orr_graph.h,"(72, 21)-(72, 26)",b'~Node ()'
pcl,../repos/pcl/recognition/include/pcl/recognition/ransac_based/orr_graph.h,"(128, 17)-(128, 26)",b'~ORRGraph ()'
pcl,../repos/pcl/recognition/include/pcl/recognition/ransac_based/trimmed_icp.h,"(73, 9)-(73, 20)",b'~TrimmedICP () override'
pcl,../repos/pcl/recognition/include/pcl/recognition/ransac_based/voxel_structure.h,"(51, 22)-(51, 37)",b'~VoxelStructure ()'
pcl,../repos/pcl/recognition/include/pcl/recognition/ransac_based/orr_octree.h,"(92, 24)-(92, 30)",b'~ Data ()'
pcl,../repos/pcl/recognition/include/pcl/recognition/ransac_based/orr_octree.h,"(167, 20)-(167, 26)",b'~ Node ()'
pcl,../repos/pcl/recognition/include/pcl/recognition/ransac_based/orr_octree.h,"(269, 17)-(269, 27)",b'~ORROctree ()'
pcl,../repos/pcl/recognition/include/pcl/recognition/ransac_based/simple_octree.h,"(66, 20)-(66, 26)",b'~ Node ()'
pcl,../repos/pcl/recognition/include/pcl/recognition/ransac_based/simple_octree.h,"(151, 17)-(151, 30)",b'~SimpleOctree ()'
pcl,../repos/pcl/recognition/include/pcl/recognition/ransac_based/orr_octree_zprojection.h,"(118, 17)-(118, 38)",b'~ORROctreeZProjection ()'
pcl,../repos/pcl/recognition/include/pcl/recognition/ransac_based/model_library.h,"(123, 21)-(123, 27)",b'~Model ()'
pcl,../repos/pcl/recognition/include/pcl/recognition/ransac_based/model_library.h,"(178, 17)-(178, 30)",b'~ModelLibrary ()'
pcl,../repos/pcl/recognition/include/pcl/recognition/ransac_based/bvh.h,"(219, 17)-(219, 21)",b'~BVH()'
pcl,../repos/pcl/recognition/include/pcl/recognition/ransac_based/obj_rec_ransac.h,"(107, 21)-(107, 28)",b'~Output ()'
pcl,../repos/pcl/recognition/include/pcl/recognition/ransac_based/obj_rec_ransac.h,"(124, 23)-(124, 41)",b'~OrientedPointPair ()'
pcl,../repos/pcl/recognition/include/pcl/recognition/ransac_based/obj_rec_ransac.h,"(134, 21)-(134, 39)",b'~HypothesisCreator ()'
pcl,../repos/pcl/recognition/include/pcl/recognition/ransac_based/obj_rec_ransac.h,"(152, 17)-(152, 30)",b'~ObjRecRANSAC ()'
pcl,../repos/pcl/recognition/include/pcl/recognition/impl/ransac_based/simple_octree.hpp,"(29, 56)-(29, 61)",b'Node::~Node'
pcl,../repos/pcl/recognition/include/pcl/recognition/impl/ransac_based/simple_octree.hpp,"(187, 50)-(187, 63)","b'SimpleOctree<NodeData, NodeDataCreator, Scala...'"
pcl,../repos/pcl/recognition/include/pcl/recognition/impl/implicit_shape_model.hpp,"(56, 37)-(56, 49)",b'ISMVoteList<PointT>::~ISMVoteList'
pcl,../repos/pcl/recognition/include/pcl/recognition/impl/implicit_shape_model.hpp,"(335, 26)-(335, 35)",b'ISMModel::~ISMModel'
pcl,../repos/pcl/recognition/include/pcl/recognition/impl/implicit_shape_model.hpp,"(534, 71)-(534, 100)","b'ImplicitShapeModelEstimation<FeatureSize, Poi...'"
pcl,../repos/pcl/recognition/include/pcl/recognition/impl/hv/occlusion_reasoning.hpp,"(60, 55)-(60, 66)","b'ZBuffering<ModelT, SceneT>::~ZBuffering'"
pcl,../repos/pcl/recognition/include/pcl/recognition/implicit_shape_model.h,"(82, 9)-(82, 21)",b'~ISMVoteList ()'
pcl,../repos/pcl/recognition/include/pcl/recognition/implicit_shape_model.h,"(168, 7)-(168, 16)",b'~ISMModel ()'
pcl,../repos/pcl/recognition/include/pcl/recognition/implicit_shape_model.h,"(339, 9)-(339, 38)",b'~ImplicitShapeModelEstimation ()'
pcl,../repos/pcl/recognition/include/pcl/recognition/distance_map.h,"(52, 15)-(52, 27)",b'~DistanceMap ()'
pcl,../repos/pcl/recognition/include/pcl/recognition/color_modality.h,"(86, 15)-(86, 29)",b'~ColorModality ()'
pcl,../repos/pcl/recognition/include/pcl/recognition/face_detection/rf_face_utils.h,"(207, 9)-(207, 51)",b'~PoseClassRegressionVarianceStatsEstimator() ...'
pcl,../repos/pcl/recognition/include/pcl/recognition/face_detection/rf_face_detector_trainer.h,"(59, 15)-(59, 37)",b'~RFFaceDetectorTrainer()'
pcl,../repos/pcl/recognition/include/pcl/recognition/hv/hypotheses_verification.h,"(145, 5)-(145, 28)",b'~HypothesisVerification()'
pcl,../repos/pcl/recognition/include/pcl/recognition/hv/hv_go.h,"(176, 11)-(176, 24)",b'~move_manager()'
pcl,../repos/pcl/recognition/include/pcl/recognition/hv/occlusion_reasoning.h,"(63, 9)-(63, 20)",b'~ZBuffering ()'
pcl,../repos/pcl/recognition/include/pcl/recognition/quantized_map.h,"(53, 15)-(53, 28)",b'~QuantizedMap ()'
pcl,../repos/pcl/recognition/include/pcl/recognition/linemod/line_rgbd.h,"(107, 15)-(107, 24)",b'~LineRGBD ()'
pcl,../repos/pcl/recognition/include/pcl/recognition/cg/correspondence_grouping.h,"(65, 7)-(65, 30)",b'~CorrespondenceGrouping() override'
pcl,../repos/pcl/recognition/include/pcl/recognition/mask_map.h,"(51, 11)-(51, 19)",b'~MaskMap()'
pcl,../repos/pcl/recognition/include/pcl/recognition/quantizable_modality.h,"(59, 15)-(59, 35)",b'~QuantizableModality ()'
pcl,../repos/pcl/recognition/include/pcl/recognition/dotmod.h,"(71, 15)-(71, 22)",b'~DOTMOD ()'
pcl,../repos/pcl/recognition/include/pcl/recognition/color_gradient_modality.h,"(97, 7)-(97, 29)",b'~ColorGradientModality () override'
pcl,../repos/pcl/recognition/include/pcl/recognition/color_gradient_modality.h,"(285, 1)-(285, 23)",b'ColorGradientModality<PointInT>::\n~ColorGradi...'
pcl,../repos/pcl/recognition/include/pcl/recognition/linemod.h,"(60, 15)-(60, 26)",b'~EnergyMaps ()'
pcl,../repos/pcl/recognition/include/pcl/recognition/linemod.h,"(201, 15)-(201, 30)",b'~LinearizedMaps ()'
pcl,../repos/pcl/recognition/include/pcl/recognition/linemod.h,"(333, 15)-(333, 23)",b'~LINEMOD ()'
pcl,../repos/pcl/recognition/include/pcl/recognition/color_gradient_dot_modality.h,"(76, 15)-(76, 40)",b'~ColorGradientDOTModality ()'
pcl,../repos/pcl/recognition/include/pcl/recognition/surface_normal_modality.h,"(68, 14)-(68, 37)",b'~LINEMOD_OrientationMap ()'
pcl,../repos/pcl/recognition/include/pcl/recognition/surface_normal_modality.h,"(162, 5)-(162, 32)",b'~QuantizedNormalLookUpTable ()'
pcl,../repos/pcl/recognition/include/pcl/recognition/surface_normal_modality.h,"(336, 7)-(336, 29)",b'~SurfaceNormalModality () override'
pcl,../repos/pcl/recognition/include/pcl/recognition/surface_normal_modality.h,"(498, 39)-(498, 61)",b'SurfaceNormalModality<PointInT>::~SurfaceNorm...'
pcl,../repos/pcl/io/src/real_sense_2_grabber.cpp,"(62, 22)-(62, 40)",b'RealSense2Grabber::~RealSense2Grabber'
pcl,../repos/pcl/io/src/image_rgb24.cpp,"(58, 22)-(58, 33)",b'ImageRGB24::~ImageRGB24'
pcl,../repos/pcl/io/src/oni_grabber.cpp,"(134, 13)-(134, 24)",b'ONIGrabber::~ONIGrabber'
pcl,../repos/pcl/io/src/openni2_grabber.cpp,"(131, 26)-(131, 41)",b'OpenNI2Grabber::~OpenNI2Grabber'
pcl,../repos/pcl/io/src/openni_grabber.cpp,"(117, 21)-(117, 35)",b'OpenNIGrabber::~OpenNIGrabber'
pcl,../repos/pcl/io/src/openni_camera/openni_image_yuv_422.cpp,"(55, 14)-(55, 26)",b'ImageYUV422::~ImageYUV422'
pcl,../repos/pcl/io/src/openni_camera/openni_device_primesense.cpp,"(85, 35)-(85, 52)",b'DevicePrimesense::~DevicePrimesense'
pcl,../repos/pcl/io/src/openni_camera/openni_device.cpp,"(273, 31)-(273, 44)",b'OpenNIDevice::~OpenNIDevice'
pcl,../repos/pcl/io/src/openni_camera/openni_device_xtion.cpp,"(67, 33)-(67, 48)",b'DeviceXtionPro::~DeviceXtionPro'
pcl,../repos/pcl/io/src/openni_camera/openni_exception.cpp,"(57, 18)-(57, 34)",b'OpenNIException::~OpenNIException'
pcl,../repos/pcl/io/src/openni_camera/openni_image_bayer_grbg.cpp,"(58, 33)-(58, 48)",b'ImageBayerGRBG::~ImageBayerGRBG'
pcl,../repos/pcl/io/src/openni_camera/openni_device_kinect.cpp,"(94, 31)-(94, 44)",b'DeviceKinect::~DeviceKinect'
pcl,../repos/pcl/io/src/openni_camera/openni_image_rgb24.cpp,"(14, 13)-(14, 24)",b'ImageRGB24::~ImageRGB24'
pcl,../repos/pcl/io/src/openni_camera/openni_device_oni.cpp,"(102, 28)-(102, 38)",b'DeviceONI::~DeviceONI'
pcl,../repos/pcl/io/src/openni_camera/openni_driver.cpp,"(222, 31)-(222, 44)",b'OpenNIDriver::~OpenNIDriver'
pcl,../repos/pcl/io/src/hdl_grabber.cpp,"(118, 18)-(118, 29)",b'HDLGrabber::~HDLGrabber'
pcl,../repos/pcl/io/src/davidsdk_grabber.cpp,"(71, 23)-(71, 39)",b'DavidSDKGrabber::~DavidSDKGrabber'
pcl,../repos/pcl/io/src/depth_sense_grabber.cpp,"(47, 25)-(47, 43)",b'DepthSenseGrabber::~DepthSenseGrabber'
pcl,../repos/pcl/io/src/dinast_grabber.cpp,"(53, 21)-(53, 35)",b'DinastGrabber::~DinastGrabber'
pcl,../repos/pcl/io/src/ascii_io.cpp,"(88, 19)-(88, 31)",b'ASCIIReader::~ASCIIReader'
pcl,../repos/pcl/io/src/ensenso_grabber.cpp,"(85, 22)-(85, 37)",b'EnsensoGrabber::~EnsensoGrabber'
pcl,../repos/pcl/io/src/io_exception.cpp,"(50, 23)-(50, 35)",b'IOException::~IOException'
pcl,../repos/pcl/io/src/image_grabber.cpp,"(825, 24)-(825, 41)",b'ImageGrabberBase::~ImageGrabberBase'
pcl,../repos/pcl/io/src/image_yuv422.cpp,"(57, 23)-(57, 35)",b'ImageYUV422::~ImageYUV422'
pcl,../repos/pcl/io/src/openni2/openni2_device_manager.cpp,"(85, 11)-(85, 33)",b'~OpenNI2DeviceListener () override'
pcl,../repos/pcl/io/src/openni2/openni2_device_manager.cpp,"(192, 41)-(192, 62)",b'OpenNI2DeviceManager::~OpenNI2DeviceManager'
pcl,../repos/pcl/io/src/openni2/openni2_device.cpp,"(109, 34)-(109, 48)",b'OpenNI2Device::~OpenNI2Device'
pcl,../repos/pcl/io/src/openni2/openni2_timer_filter.cpp,"(47, 27)-(47, 46)",b'OpenNI2TimerFilter::~OpenNI2TimerFilter'
pcl,../repos/pcl/io/src/pcd_grabber.cpp,"(366, 22)-(366, 37)",b'PCDGrabberBase::~PCDGrabberBase'
pcl,../repos/pcl/io/src/vlp_grabber.cpp,"(61, 18)-(61, 29)",b'VLPGrabber::~VLPGrabber'
pcl,../repos/pcl/io/src/image_depth.cpp,"(68, 22)-(68, 33)",b'DepthImage::~DepthImage'
pcl,../repos/pcl/io/src/depth_sense/depth_sense_grabber_impl.cpp,"(62, 46)-(62, 68)",b'DepthSenseGrabberImpl::~DepthSenseGrabberImpl'
pcl,../repos/pcl/io/src/depth_sense/depth_sense_device_manager.cpp,"(58, 48)-(58, 72)",b'DepthSenseDeviceManager::~DepthSenseDeviceManager'
pcl,../repos/pcl/io/src/robot_eye_grabber.cpp,"(67, 23)-(67, 39)",b'RobotEyeGrabber::~RobotEyeGrabber'
pcl,../repos/pcl/io/src/real_sense_grabber.cpp,"(133, 24)-(133, 41)",b'RealSenseGrabber::~RealSenseGrabber'
pcl,../repos/pcl/io/src/tim_grabber.cpp,"(30, 18)-(30, 29)",b'TimGrabber::~TimGrabber'
pcl,../repos/pcl/io/include/pcl/compression/organized_pointcloud_compression.h,"(66, 17)-(66, 48)",b'~OrganizedPointCloudCompression ()'
pcl,../repos/pcl/io/include/pcl/compression/point_coding.h,"(67, 5)-(67, 17)",b'~PointCoding ()'
pcl,../repos/pcl/io/include/pcl/compression/octree_pointcloud_compression.h,"(120, 9)-(120, 37)",b'~OctreePointCloudCompression () override'
pcl,../repos/pcl/io/include/pcl/compression/entropy_range_coder.h,"(75, 5)-(75, 24)",b'~AdaptiveRangeCoder ()'
pcl,../repos/pcl/io/include/pcl/compression/entropy_range_coder.h,"(122, 7)-(122, 24)",b'~StaticRangeCoder ()'
pcl,../repos/pcl/io/include/pcl/compression/color_coding.h,"(71, 3)-(71, 15)",b'~ColorCoding ()'
pcl,../repos/pcl/io/include/pcl/io/file_io.h,"(62, 15)-(62, 26)",b'~FileReader()'
pcl,../repos/pcl/io/include/pcl/io/file_io.h,"(169, 15)-(169, 26)",b'~FileWriter ()'
pcl,../repos/pcl/io/include/pcl/io/image_depth.h,"(76, 9)-(76, 20)",b'~DepthImage ()'
pcl,../repos/pcl/io/include/pcl/io/impl/buffers.hpp,"(81, 12)-(81, 19)",b'Buffer<T>::~Buffer'
pcl,../repos/pcl/io/include/pcl/io/impl/buffers.hpp,"(92, 18)-(92, 31)",b'SingleBuffer<T>::~SingleBuffer'
pcl,../repos/pcl/io/include/pcl/io/impl/buffers.hpp,"(138, 18)-(138, 31)",b'MedianBuffer<T>::~MedianBuffer'
pcl,../repos/pcl/io/include/pcl/io/impl/buffers.hpp,"(247, 19)-(247, 33)",b'AverageBuffer<T>::~AverageBuffer'
pcl,../repos/pcl/io/include/pcl/io/image_yuv422.h,"(58, 9)-(58, 21)",b'~ImageYUV422 () noexcept override'
pcl,../repos/pcl/io/include/pcl/io/image_ir.h,"(66, 9)-(66, 17)",b'~IRImage () noexcept'
pcl,../repos/pcl/io/include/pcl/io/davidsdk_grabber.h,"(91, 7)-(91, 23)",b'~DavidSDKGrabber () noexcept'
pcl,../repos/pcl/io/include/pcl/io/image.h,"(85, 24)-(85, 30)",b'~Image ()'
pcl,../repos/pcl/io/include/pcl/io/openni_camera/openni_image.h,"(82, 20)-(82, 26)",b'~Image () noexcept'
pcl,../repos/pcl/io/include/pcl/io/openni_camera/openni_image.h,"(176, 10)-(176, 16)",b'Image::~Image'
pcl,../repos/pcl/io/include/pcl/io/openni_camera/openni_device_kinect.h,"(61, 5)-(61, 18)",b'~DeviceKinect () noexcept override'
pcl,../repos/pcl/io/include/pcl/io/openni_camera/openni_depth_image.h,"(74, 22)-(74, 33)",b'~DepthImage () noexcept'
pcl,../repos/pcl/io/include/pcl/io/openni_camera/openni_depth_image.h,"(172, 15)-(172, 26)",b'DepthImage::~DepthImage'
pcl,../repos/pcl/io/include/pcl/io/openni_camera/openni_device_oni.h,"(69, 5)-(69, 15)",b'~DeviceONI () noexcept override'
pcl,../repos/pcl/io/include/pcl/io/openni_camera/openni_device_xtion.h,"(64, 5)-(64, 20)",b'~DeviceXtionPro () noexcept override'
pcl,../repos/pcl/io/include/pcl/io/openni_camera/openni_exception.h,"(83, 5)-(83, 21)",b'~OpenNIException () noexcept override'
pcl,../repos/pcl/io/include/pcl/io/openni_camera/openni_ir_image.h,"(58, 18)-(58, 26)",b'~IRImage () noexcept'
pcl,../repos/pcl/io/include/pcl/io/openni_camera/openni_ir_image.h,"(77, 10)-(77, 18)",b'IRImage::~IRImage'
pcl,../repos/pcl/io/include/pcl/io/openni_camera/openni_image_yuv_422.h,"(59, 5)-(59, 17)",b'~ImageYUV422 () noexcept override'
pcl,../repos/pcl/io/include/pcl/io/openni_camera/openni_device_primesense.h,"(62, 3)-(62, 20)",b'~DevicePrimesense () noexcept override'
pcl,../repos/pcl/io/include/pcl/io/openni_camera/openni_shift_to_depth_conversion.h,"(60, 15)-(60, 37)",b'~ShiftToDepthConverter ()'
pcl,../repos/pcl/io/include/pcl/io/openni_camera/openni_image_bayer_grbg.h,"(65, 7)-(65, 22)",b'~ImageBayerGRBG () noexcept override'
pcl,../repos/pcl/io/include/pcl/io/openni_camera/openni_image_rgb24.h,"(60, 5)-(60, 16)",b'~ImageRGB24 () noexcept override'
pcl,../repos/pcl/io/include/pcl/io/depth_sense_grabber.h,"(95, 7)-(95, 25)",b'~DepthSenseGrabber () noexcept'
pcl,../repos/pcl/io/include/pcl/io/ensenso_grabber.h,"(89, 7)-(89, 22)",b'~EnsensoGrabber () noexcept override'
pcl,../repos/pcl/io/include/pcl/io/buffers.h,"(70, 9)-(70, 16)",b'~Buffer ()'
pcl,../repos/pcl/io/include/pcl/io/buffers.h,"(112, 9)-(112, 22)",b'~SingleBuffer () override'
pcl,../repos/pcl/io/include/pcl/io/buffers.h,"(156, 9)-(156, 22)",b'~MedianBuffer () override'
pcl,../repos/pcl/io/include/pcl/io/buffers.h,"(232, 9)-(232, 23)",b'~AverageBuffer () override'
pcl,../repos/pcl/io/include/pcl/io/image_metadata_wrapper.h,"(60, 9)-(60, 22)",b'~FrameWrapper()'
pcl,../repos/pcl/io/include/pcl/io/pcd_io.h,"(60, 7)-(60, 17)",b'~PCDReader () override'
pcl,../repos/pcl/io/include/pcl/io/pcd_io.h,"(302, 7)-(302, 17)",b'~PCDWriter() override'
pcl,../repos/pcl/io/include/pcl/io/ifs_io.h,"(58, 7)-(58, 17)",b'~IFSReader ()'
pcl,../repos/pcl/io/include/pcl/io/ifs_io.h,"(146, 7)-(146, 17)",b'~IFSWriter()'
pcl,../repos/pcl/io/include/pcl/io/oni_grabber.h,"(89, 7)-(89, 18)",b'~ONIGrabber () noexcept override'
pcl,../repos/pcl/io/include/pcl/io/image_grabber.h,"(79, 5)-(79, 22)",b'~ImageGrabberBase () noexcept override'
pcl,../repos/pcl/io/include/pcl/io/image_grabber.h,"(220, 5)-(220, 18)",b'~ImageGrabber () noexcept override'
pcl,../repos/pcl/io/include/pcl/io/ascii_io.h,"(59, 7)-(59, 19)",b'~ASCIIReader () override'
pcl,../repos/pcl/io/include/pcl/io/tim_grabber.h,"(78, 5)-(78, 16)",b'~TimGrabber () noexcept override'
pcl,../repos/pcl/io/include/pcl/io/pcd_grabber.h,"(81, 7)-(81, 22)",b'~PCDGrabberBase () noexcept override'
pcl,../repos/pcl/io/include/pcl/io/pcd_grabber.h,"(149, 7)-(149, 18)",b'~PCDGrabber () noexcept override'
pcl,../repos/pcl/io/include/pcl/io/image_rgb24.h,"(58, 9)-(58, 20)",b'~ImageRGB24 () noexcept override'
pcl,../repos/pcl/io/include/pcl/io/openni2/openni2_device_manager.h,"(57, 17)-(57, 38)",b'~OpenNI2DeviceManager ()'
pcl,../repos/pcl/io/include/pcl/io/openni2/openni2_device.h,"(87, 19)-(87, 33)",b'~OpenNI2Device ()'
pcl,../repos/pcl/io/include/pcl/io/openni2/openni2_timer_filter.h,"(49, 19)-(49, 38)",b'~OpenNI2TimerFilter ()'
pcl,../repos/pcl/io/include/pcl/io/openni2/openni2_frame_listener.h,"(64, 11)-(64, 32)",b'~OpenNI2FrameListener () override'
pcl,../repos/pcl/io/include/pcl/io/ply_io.h,"(111, 7)-(111, 17)",b'~PLYReader () override'
pcl,../repos/pcl/io/include/pcl/io/ply_io.h,"(539, 7)-(539, 17)",b'~PLYWriter () override'
pcl,../repos/pcl/io/include/pcl/io/hdl_grabber.h,"(115, 7)-(115, 18)",b'~HDLGrabber () noexcept override'
pcl,../repos/pcl/io/include/pcl/io/real_sense_grabber.h,"(147, 7)-(147, 24)",b'~RealSenseGrabber () noexcept'
pcl,../repos/pcl/io/include/pcl/io/real_sense/real_sense_device_manager.h,"(102, 11)-(102, 34)",b'~RealSenseDeviceManager ()'
pcl,../repos/pcl/io/include/pcl/io/depth_sense/depth_sense_device_manager.h,"(120, 11)-(120, 35)",b'~DepthSenseDeviceManager ()'
pcl,../repos/pcl/io/include/pcl/io/depth_sense/depth_sense_grabber_impl.h,"(108, 9)-(108, 31)",b'~DepthSenseGrabberImpl () noexcept'
pcl,../repos/pcl/io/include/pcl/io/openni2_grabber.h,"(148, 9)-(148, 24)",b'~OpenNI2Grabber () noexcept override'
pcl,../repos/pcl/io/include/pcl/io/openni_grabber.h,"(111, 7)-(111, 21)",b'~OpenNIGrabber () noexcept override'
pcl,../repos/pcl/io/include/pcl/io/real_sense_2_grabber.h,"(69, 5)-(69, 23)",b'~RealSense2Grabber () override'
pcl,../repos/pcl/io/include/pcl/io/vlp_grabber.h,"(73, 7)-(73, 18)",b'~VLPGrabber () noexcept override'
pcl,../repos/pcl/io/include/pcl/io/dinast_grabber.h,"(71, 7)-(71, 21)",b'~DinastGrabber () noexcept override'
pcl,../repos/pcl/io/include/pcl/io/robot_eye_grabber.h,"(76, 7)-(76, 23)",b'~RobotEyeGrabber () noexcept override'
pcl,../repos/pcl/io/include/pcl/io/obj_io.h,"(54, 15)-(54, 25)",b'~MTLReader()'
pcl,../repos/pcl/io/include/pcl/io/obj_io.h,"(99, 7)-(99, 17)",b'~OBJReader() override'
pcl,../repos/pcl/io/include/pcl/io/grabber.h,"(88, 22)-(88, 30)",b'~Grabber () noexcept'
pcl,../repos/pcl/io/include/pcl/io/io_exception.h,"(70, 9)-(70, 21)",b'~IOException () noexcept override'
pcl,../repos/pcl/io/include/pcl/io/point_cloud_image_extractors.h,"(90, 17)-(90, 42)",b'~PointCloudImageExtractor ()'
pcl,../repos/pcl/io/include/pcl/io/point_cloud_image_extractors.h,"(168, 9)-(168, 45)",b'~PointCloudImageExtractorWithScaling () override'
pcl,../repos/pcl/io/include/pcl/io/point_cloud_image_extractors.h,"(213, 9)-(213, 49)",b'~PointCloudImageExtractorFromNormalField () o...'
pcl,../repos/pcl/io/include/pcl/io/point_cloud_image_extractors.h,"(240, 9)-(240, 46)",b'~PointCloudImageExtractorFromRGBField () override'
pcl,../repos/pcl/io/include/pcl/io/point_cloud_image_extractors.h,"(285, 9)-(285, 48)",b'~PointCloudImageExtractorFromLabelField () ov...'
pcl,../repos/pcl/io/include/pcl/io/point_cloud_image_extractors.h,"(340, 9)-(340, 44)",b'~PointCloudImageExtractorFromZField () override'
pcl,../repos/pcl/io/include/pcl/io/point_cloud_image_extractors.h,"(382, 9)-(382, 52)",b'~PointCloudImageExtractorFromCurvatureField (...'
pcl,../repos/pcl/io/include/pcl/io/point_cloud_image_extractors.h,"(424, 9)-(424, 52)",b'~PointCloudImageExtractorFromIntensityField (...'
pcl,../repos/pcl/io/include/pcl/io/lzf_image_io.h,"(91, 17)-(91, 32)",b'~LZFImageReader ()'
pcl,../repos/pcl/io/include/pcl/io/lzf_image_io.h,"(195, 9)-(195, 31)",b'~LZFDepth16ImageReader () override'
pcl,../repos/pcl/io/include/pcl/io/lzf_image_io.h,"(245, 9)-(245, 29)",b'~LZFRGB24ImageReader () override'
pcl,../repos/pcl/io/include/pcl/io/lzf_image_io.h,"(292, 9)-(292, 30)",b'~LZFYUV422ImageReader () override'
pcl,../repos/pcl/io/include/pcl/io/lzf_image_io.h,"(330, 9)-(330, 30)",b'~LZFBayer8ImageReader () override'
pcl,../repos/pcl/io/include/pcl/io/lzf_image_io.h,"(380, 17)-(380, 32)",b'~LZFImageWriter ()'
pcl,../repos/pcl/io/include/pcl/io/lzf_image_io.h,"(484, 9)-(484, 31)",b'~LZFDepth16ImageWriter () override'
pcl,../repos/pcl/io/include/pcl/io/lzf_image_io.h,"(537, 9)-(537, 29)",b'~LZFRGB24ImageWriter () override'
pcl,../repos/pcl/io/include/pcl/io/lzf_image_io.h,"(579, 9)-(579, 30)",b'~LZFYUV422ImageWriter () override'
pcl,../repos/pcl/io/include/pcl/io/lzf_image_io.h,"(610, 9)-(610, 30)",b'~LZFBayer8ImageWriter () override'
pcl,../repos/pcl/people/src/hog.cpp,"(67, 19)-(67, 23)",b'HOG::~HOG'
pcl,../repos/pcl/people/include/pcl/people/ground_based_people_detection_app.h,"(80, 15)-(80, 45)",b'~GroundBasedPeopleDetectionApp ()'
pcl,../repos/pcl/people/include/pcl/people/impl/person_cluster.hpp,"(420, 37)-(420, 51)",b'PersonCluster<PointT>::~PersonCluster'
pcl,../repos/pcl/people/include/pcl/people/impl/ground_based_people_detection_app.hpp,"(419, 53)-(419, 83)",b'GroundBasedPeopleDetectionApp<PointT>::~Groun...'
pcl,../repos/pcl/people/include/pcl/people/impl/height_map_2d.hpp,"(307, 35)-(307, 47)",b'HeightMap2D<PointT>::~HeightMap2D'
pcl,../repos/pcl/people/include/pcl/people/impl/head_based_subcluster.hpp,"(334, 46)-(334, 69)",b'HeadBasedSubclustering<PointT>::~HeadBasedSub...'
pcl,../repos/pcl/people/include/pcl/people/impl/person_classifier.hpp,"(50, 40)-(50, 57)",b'PersonClassifier<PointT>::~PersonClassifier'
pcl,../repos/pcl/people/include/pcl/people/person_cluster.h,"(151, 15)-(151, 29)",b'~PersonCluster ()'
pcl,../repos/pcl/people/include/pcl/people/hog.h,"(62, 15)-(62, 19)",b'~HOG ()'
pcl,../repos/pcl/people/include/pcl/people/height_map_2d.h,"(69, 15)-(69, 27)",b'~HeightMap2D ()'
pcl,../repos/pcl/people/include/pcl/people/head_based_subcluster.h,"(70, 15)-(70, 38)",b'~HeadBasedSubclustering ()'
pcl,../repos/pcl/people/include/pcl/people/person_classifier.h,"(78, 15)-(78, 32)",b'~PersonClassifier ()'
pcl,../repos/pcl/octree/include/pcl/octree/impl/octree2buf_base.hpp,"(52, 51)-(52, 66)","b'Octree2BufBase<LeafContainerT, BranchContaine...'"
pcl,../repos/pcl/octree/include/pcl/octree/impl/octree_base.hpp,"(54, 47)-(54, 58)","b'OctreeBase<LeafContainerT, BranchContainerT>:...'"
pcl,../repos/pcl/octree/include/pcl/octree/octree_pointcloud_density.h,"(56, 3)-(56, 36)",b'~OctreePointCloudDensityContainer() override'
pcl,../repos/pcl/octree/include/pcl/octree/octree_pointcloud_density.h,"(129, 3)-(129, 27)",b'~OctreePointCloudDensity() override'
pcl,../repos/pcl/octree/include/pcl/octree/octree_pointcloud_voxelcentroid.h,"(58, 3)-(58, 42)",b'~OctreePointCloudVoxelCentroidContainer() override'
pcl,../repos/pcl/octree/include/pcl/octree/octree_pointcloud_voxelcentroid.h,"(153, 3)-(153, 33)",b'~OctreePointCloudVoxelCentroid() override'
pcl,../repos/pcl/octree/include/pcl/octree/octree_container.h,"(58, 11)-(58, 31)",b'~OctreeContainerBase()'
pcl,../repos/pcl/octree/include/pcl/octree/octree2buf_base.h,"(82, 3)-(82, 22)",b'~BufferedBranchNode() override'
pcl,../repos/pcl/octree/include/pcl/octree/octree2buf_base.h,"(327, 11)-(327, 26)",b'~Octree2BufBase()'
pcl,../repos/pcl/octree/include/pcl/octree/octree_base.h,"(314, 11)-(314, 22)",b'~OctreeBase()'
pcl,../repos/pcl/octree/include/pcl/octree/octree_node_pool.h,"(60, 11)-(60, 26)",b'~OctreeNodePool()'
pcl,../repos/pcl/octree/include/pcl/octree/octree_pointcloud_occupancy.h,"(97, 3)-(97, 29)",b'~OctreePointCloudOccupancy() override'
pcl,../repos/pcl/octree/include/pcl/octree/octree_iterator.h,"(134, 11)-(134, 30)",b'~OctreeIteratorBase()'
pcl,../repos/pcl/octree/include/pcl/octree/octree_pointcloud_adjacency_container.h,"(85, 3)-(85, 38)",b'~OctreePointCloudAdjacencyContainer() override'
pcl,../repos/pcl/octree/include/pcl/octree/octree_pointcloud_singlepoint.h,"(83, 3)-(83, 31)",b'~OctreePointCloudSinglePoint() override'
pcl,../repos/pcl/octree/include/pcl/octree/octree_nodes.h,"(63, 11)-(63, 22)",b'~OctreeNode()'
pcl,../repos/pcl/octree/include/pcl/octree/octree_nodes.h,"(93, 3)-(93, 18)",b'~OctreeLeafNode() override'
pcl,../repos/pcl/octree/include/pcl/octree/octree_nodes.h,"(216, 3)-(216, 20)",b'~OctreeBranchNode() override'
pcl,../repos/pcl/octree/include/pcl/octree/octree_pointcloud_pointvector.h,"(83, 3)-(83, 31)",b'~OctreePointCloudPointVector() override'
pcl,../repos/pcl/stereo/src/digital_elevation_map.cpp,"(43, 34)-(43, 61)",b'DigitalElevationMapBuilder::~DigitalElevation...'
pcl,../repos/pcl/stereo/src/stereo_grabber.cpp,"(154, 25)-(154, 43)",b'StereoGrabberBase::~StereoGrabberBase'
pcl,../repos/pcl/stereo/src/stereo_matching.cpp,"(70, 22)-(70, 37)",b'StereoMatching::~StereoMatching'
pcl,../repos/pcl/stereo/src/stereo_matching.cpp,"(334, 26)-(334, 45)",b'GrayStereoMatching::~GrayStereoMatching'
pcl,../repos/pcl/stereo/include/pcl/stereo/impl/disparity_map_converter.hpp,"(54, 37)-(54, 59)",b'DisparityMapConverter<PointT>::~DisparityMapC...'
pcl,../repos/pcl/stereo/include/pcl/stereo/disparity_map_converter.h,"(86, 11)-(86, 33)",b'~DisparityMapConverter()'
pcl,../repos/pcl/stereo/include/pcl/stereo/stereo_grabber.h,"(76, 3)-(76, 21)",b'~StereoGrabberBase() noexcept override'
pcl,../repos/pcl/stereo/include/pcl/stereo/digital_elevation_map.h,"(91, 3)-(91, 30)",b'~DigitalElevationMapBuilder() override'
pcl,../repos/pcl/stereo/include/pcl/stereo/stereo_matching.h,"(114, 11)-(114, 26)",b'~StereoMatching()'
pcl,../repos/pcl/stereo/include/pcl/stereo/stereo_matching.h,"(374, 3)-(374, 22)",b'~GrayStereoMatching() override'
pcl,../repos/pcl/stereo/include/pcl/stereo/stereo_matching.h,"(431, 3)-(431, 28)",b'~BlockBasedStereoMatching() override'
pcl,../repos/pcl/stereo/include/pcl/stereo/stereo_matching.h,"(468, 3)-(468, 32)",b'~AdaptiveCostSOStereoMatching() override'
pcl,../repos/pcl/simulation/src/range_likelihood.cpp,"(470, 35)-(470, 51)",b'RangeLikelihood::~RangeLikelihood'
pcl,../repos/pcl/simulation/src/sum_reduce.cpp,"(57, 29)-(57, 39)",b'SumReduce::~SumReduce'
pcl,../repos/pcl/simulation/src/model.cpp,"(103, 37)-(103, 55)",b'TriangleMeshModel::~TriangleMeshModel'
pcl,../repos/pcl/simulation/src/model.cpp,"(178, 36)-(178, 53)",b'PolygonMeshModel::~PolygonMeshModel'
pcl,../repos/pcl/simulation/src/model.cpp,"(225, 35)-(225, 51)",b'PointCloudModel::~PointCloudModel'
pcl,../repos/pcl/simulation/src/model.cpp,"(272, 24)-(272, 29)",b'Quad::~Quad'
pcl,../repos/pcl/simulation/src/model.cpp,"(316, 32)-(316, 45)",b'TexturedQuad::~TexturedQuad'
pcl,../repos/pcl/simulation/src/glsl_shader.cpp,"(35, 34)-(35, 42)",b'Program::~Program'
pcl,../repos/pcl/simulation/include/pcl/simulation/sum_reduce.h,"(42, 3)-(42, 13)",b'~SumReduce()'
pcl,../repos/pcl/simulation/include/pcl/simulation/range_likelihood.h,"(47, 3)-(47, 19)",b'~RangeLikelihood()'
pcl,../repos/pcl/simulation/include/pcl/simulation/glsl_shader.h,"(39, 3)-(39, 11)",b'~Program()'
pcl,../repos/pcl/simulation/include/pcl/simulation/model.h,"(74, 11)-(74, 29)",b'~TriangleMeshModel()'
pcl,../repos/pcl/simulation/include/pcl/simulation/model.h,"(90, 11)-(90, 28)",b'~PolygonMeshModel()'
pcl,../repos/pcl/simulation/include/pcl/simulation/model.h,"(122, 11)-(122, 27)",b'~PointCloudModel()'
pcl,../repos/pcl/simulation/include/pcl/simulation/model.h,"(160, 3)-(160, 8)",b'~Quad()'
pcl,../repos/pcl/simulation/include/pcl/simulation/model.h,"(176, 3)-(176, 16)",b'~TexturedQuad()'
pcl,../repos/pcl/keypoints/src/brisk_2d.cpp,"(65, 36)-(65, 47)",b'ScaleSpace::~ScaleSpace'
pcl,../repos/pcl/keypoints/src/narf_keypoint.cpp,"(58, 15)-(58, 28)",b'NarfKeypoint::~NarfKeypoint'
pcl,../repos/pcl/keypoints/include/pcl/keypoints/brisk_2d.h,"(99, 7)-(99, 23)",b'~BriskKeypoint2D () override'
pcl,../repos/pcl/keypoints/include/pcl/keypoints/brisk_2d.h,"(397, 11)-(397, 22)",b'~ScaleSpace ()'
pcl,../repos/pcl/keypoints/include/pcl/keypoints/susan.h,"(104, 7)-(104, 21)",b'~SUSANKeypoint () override'
pcl,../repos/pcl/keypoints/include/pcl/keypoints/keypoint.h,"(84, 7)-(84, 16)",b'~Keypoint () override'
pcl,../repos/pcl/keypoints/include/pcl/keypoints/harris_6d.h,"(86, 15)-(86, 32)",b'~HarrisKeypoint6D ()'
pcl,../repos/pcl/keypoints/include/pcl/keypoints/agast_2d.h,"(88, 19)-(88, 41)",b'~AbstractAgastDetector ()'
pcl,../repos/pcl/keypoints/include/pcl/keypoints/agast_2d.h,"(288, 11)-(288, 30)",b'~AgastDetector7_12s () override'
pcl,../repos/pcl/keypoints/include/pcl/keypoints/agast_2d.h,"(359, 11)-(359, 28)",b'~AgastDetector5_8 () override'
pcl,../repos/pcl/keypoints/include/pcl/keypoints/agast_2d.h,"(430, 11)-(430, 28)",b'~OastDetector9_16 () override'
pcl,../repos/pcl/keypoints/include/pcl/keypoints/agast_2d.h,"(580, 7)-(580, 27)",b'~AgastKeypoint2DBase () override'
pcl,../repos/pcl/keypoints/include/pcl/keypoints/agast_2d.h,"(738, 7)-(738, 23)",b'~AgastKeypoint2D () override'
pcl,../repos/pcl/keypoints/include/pcl/keypoints/agast_2d.h,"(787, 7)-(787, 23)",b'~AgastKeypoint2D () override'
pcl,../repos/pcl/keypoints/include/pcl/keypoints/iss_3d.h,"(123, 7)-(123, 21)",b'~ISSKeypoint3D () override'
pcl,../repos/pcl/keypoints/include/pcl/keypoints/harris_3d.h,"(94, 7)-(94, 24)",b'~HarrisKeypoint3D () override'
pcl,../repos/pcl/keypoints/include/pcl/keypoints/narf_keypoint.h,"(114, 5)-(114, 18)",b'~NarfKeypoint () override'
pcl,../repos/pcl/gpu/segmentation/include/pcl/gpu/segmentation/gpu_extract_clusters.h,"(85, 11)-(85, 38)",b'~EuclideanClusterExtraction()'
pcl,../repos/pcl/gpu/segmentation/include/pcl/gpu/segmentation/gpu_extract_labeled_clusters.h,"(86, 11)-(86, 45)",b'~EuclideanLabeledClusterExtraction()'
pcl,../repos/pcl/gpu/utils/include/pcl/gpu/utils/texture_binder.hpp,"(78, 7)-(78, 21)",b'~TextureBinder()'
pcl,../repos/pcl/gpu/utils/include/pcl/gpu/utils/timers_cuda.hpp,"(57, 13)-(57, 19)",b'~Timer()'
pcl,../repos/pcl/gpu/utils/include/pcl/gpu/utils/timers_cuda.hpp,"(84, 13)-(84, 24)",b'~ScopeTimer()'
pcl,../repos/pcl/gpu/kinfu_large_scale/tools/capture.cpp,"(97, 35)-(97, 49)",b'CaptureOpenNI::~CaptureOpenNI'
pcl,../repos/pcl/gpu/kinfu_large_scale/tools/kinfuLS_app.cpp,"(159, 3)-(159, 20)",b'~SampledScopeTime()'
pcl,../repos/pcl/gpu/kinfu_large_scale/tools/kinfuLS_app.cpp,"(763, 3)-(763, 14)",b'~KinFuLSApp()'
pcl,../repos/pcl/gpu/kinfu_large_scale/tools/openni_capture.h,"(69, 7)-(69, 21)",b'~CaptureOpenNI()'
pcl,../repos/pcl/gpu/kinfu_large_scale/tools/kinfu_app_sim.cpp,"(153, 3)-(153, 20)",b'~SampledScopeTime()'
pcl,../repos/pcl/gpu/kinfu_large_scale/tools/kinfu_app_sim.cpp,"(919, 3)-(919, 12)",b'~KinFuApp()'
pcl,../repos/pcl/gpu/people/src/cuda/nvidia/NCV.hpp,"(430, 13)-(430, 34)",b'~NCVMemStackAllocator()'
pcl,../repos/pcl/gpu/people/src/cuda/nvidia/NCV.hpp,"(463, 13)-(463, 35)",b'~NCVMemNativeAllocator()'
pcl,../repos/pcl/gpu/people/src/cuda/nvidia/NCV.hpp,"(590, 5)-(590, 20)",b'~NCVVectorAlloc()'
pcl,../repos/pcl/gpu/people/src/cuda/nvidia/NCV.hpp,"(817, 5)-(817, 20)",b'~NCVMatrixAlloc()'
pcl,../repos/pcl/gpu/people/src/cuda/nvidia/NCVPyramid.hpp,"(56, 5)-(56, 20)",b'~NCVMatrixStack()'
pcl,../repos/pcl/gpu/people/src/cuda/nvidia/NCVPyramid.hpp,"(81, 5)-(81, 21)",b'~NCVImagePyramid()'
pcl,../repos/pcl/gpu/people/src/cuda_async_copy.h,"(64, 7)-(64, 17)",b'~AsyncCopy()'
pcl,../repos/pcl/gpu/people/tools/people_app.cpp,"(99, 3)-(99, 20)",b'~SampledScopeTime()'
pcl,../repos/pcl/gpu/octree/src/octree.cpp,"(83, 19)-(83, 26)",b'Octree::~Octree'
pcl,../repos/pcl/gpu/octree/include/pcl/gpu/octree/octree.hpp,"(66, 21)-(66, 28)",b'~Octree()'
pcl,../repos/pcl/gpu/kinfu/tools/camera_pose.h,"(60, 13)-(60, 33)",b'~CameraPoseProcessor ()'
pcl,../repos/pcl/gpu/kinfu/tools/camera_pose.h,"(86, 5)-(86, 22)",b'~CameraPoseWriter ()'
pcl,../repos/pcl/gpu/kinfu/tools/capture.cpp,"(95, 26)-(95, 40)",b'CaptureOpenNI::~CaptureOpenNI'
pcl,../repos/pcl/gpu/kinfu/tools/openni_capture.h,"(67, 5)-(67, 19)",b'~CaptureOpenNI()'
pcl,../repos/pcl/gpu/kinfu/tools/kinfu_app.cpp,"(209, 3)-(209, 20)",b'~SampledScopeTime()'
pcl,../repos/pcl/gpu/kinfu/tools/kinfu_app.cpp,"(692, 3)-(692, 12)",b'~KinFuApp()'
pcl,../repos/pcl/gpu/kinfu/tools/kinfu_app_sim.cpp,"(156, 3)-(156, 20)",b'~SampledScopeTime()'
pcl,../repos/pcl/gpu/kinfu/tools/kinfu_app_sim.cpp,"(925, 3)-(925, 12)",b'~KinFuApp()'
pcl,../repos/pcl/gpu/containers/src/device_memory.cpp,"(60, 25)-(60, 38)",b'DeviceMemory::~DeviceMemory'
pcl,../repos/pcl/gpu/containers/src/device_memory.cpp,"(117, 27)-(117, 42)",b'DeviceMemory2D::~DeviceMemory2D'
pcl,../repos/pcl/gpu/containers/src/device_memory.cpp,"(193, 25)-(193, 38)",b'DeviceMemory::~DeviceMemory'
pcl,../repos/pcl/gpu/containers/src/device_memory.cpp,"(346, 27)-(346, 42)",b'DeviceMemory2D::~DeviceMemory2D'
pcl,../repos/pcl/gpu/containers/include/pcl/gpu/containers/device_memory.h,"(60, 3)-(60, 16)",b'~DeviceMemory()'
pcl,../repos/pcl/gpu/containers/include/pcl/gpu/containers/device_memory.h,"(189, 3)-(189, 18)",b'~DeviceMemory2D()'
pcl,../repos/pcl/visualization/src/window.cpp,"(148, 29)-(148, 36)",b'Window::~Window'
pcl,../repos/pcl/visualization/src/pcl_visualizer.cpp,"(489, 36)-(489, 50)",b'PCLVisualizer::~PCLVisualizer'
pcl,../repos/pcl/visualization/src/range_image_visualizer.cpp,"(43, 43)-(43, 64)",b'RangeImageVisualizer::~RangeImageVisualizer'
pcl,../repos/pcl/visualization/src/cloud_viewer.cpp,"(49, 13)-(49, 29)",b'~cloud_show_base()'
pcl,../repos/pcl/visualization/src/cloud_viewer.cpp,"(149, 3)-(149, 20)",b'~CloudViewer_impl ()'
pcl,../repos/pcl/visualization/src/cloud_viewer.cpp,"(268, 34)-(268, 46)",b'CloudViewer::~CloudViewer'
pcl,../repos/pcl/visualization/src/vtk/vtkFixedXRenderWindowInteractor.cxx,"(71, 3)-(71, 39)",b'~vtkXRenderWindowInteractorInternals()'
pcl,../repos/pcl/visualization/src/vtk/vtkFixedXRenderWindowInteractor.cxx,"(170, 29)-(170, 56)",b'vtkXRenderWindowInteractor::~vtkXRenderWindow...'
pcl,../repos/pcl/visualization/src/image_viewer.cpp,"(118, 34)-(118, 46)",b'ImageViewer::~ImageViewer'
pcl,../repos/pcl/visualization/src/pcl_plotter.cpp,"(93, 33)-(93, 44)",b'PCLPlotter::~PCLPlotter'
pcl,../repos/pcl/visualization/include/pcl/visualization/impl/registration_visualizer.hpp,"(61, 18)-(61, 25)",b'viewer_thread_.~thread'
pcl,../repos/pcl/visualization/include/pcl/visualization/common/actor_map.h,"(72, 17)-(72, 28)",b'~CloudActor ()'
pcl,../repos/pcl/visualization/include/pcl/visualization/range_image_visualizer.h,"(59, 9)-(59, 30)",b'~RangeImageVisualizer () override'
pcl,../repos/pcl/visualization/include/pcl/visualization/point_cloud_color_handlers.h,"(86, 17)-(86, 40)",b'~PointCloudColorHandler()'
pcl,../repos/pcl/visualization/include/pcl/visualization/point_cloud_color_handlers.h,"(541, 17)-(541, 40)",b'~PointCloudColorHandler()'
pcl,../repos/pcl/visualization/include/pcl/visualization/histogram_visualizer.h,"(65, 17)-(65, 40)",b'~PCLHistogramVisualizer ()'
pcl,../repos/pcl/visualization/include/pcl/visualization/cloud_viewer.h,"(72, 9)-(72, 21)",b'~CloudViewer ()'
pcl,../repos/pcl/visualization/include/pcl/visualization/point_picking_event.h,"(68, 9)-(68, 30)",b'~PointPickingCallback () override'
pcl,../repos/pcl/visualization/include/pcl/visualization/vtk/vtkFixedXRenderWindowInteractor.h,"(101, 3)-(101, 30)",b'~vtkXRenderWindowInteractor() override'
pcl,../repos/pcl/visualization/include/pcl/visualization/pcl_painter2D.h,"(99, 15)-(99, 24)",b'~Figure2D()'
pcl,../repos/pcl/visualization/include/pcl/visualization/window.h,"(68, 17)-(68, 24)",b'~Window ()'
pcl,../repos/pcl/visualization/include/pcl/visualization/pcl_visualizer.h,"(145, 17)-(145, 31)",b'~PCLVisualizer ()'
pcl,../repos/pcl/visualization/include/pcl/visualization/point_cloud_geometry_handlers.h,"(80, 17)-(80, 43)",b'~PointCloudGeometryHandler()'
pcl,../repos/pcl/visualization/include/pcl/visualization/point_cloud_geometry_handlers.h,"(343, 17)-(343, 43)",b'~PointCloudGeometryHandler()'
pcl,../repos/pcl/visualization/include/pcl/visualization/pcl_plotter.h,"(95, 9)-(95, 20)",b'~PCLPlotter()'
pcl,../repos/pcl/visualization/include/pcl/visualization/interactor_style.h,"(118, 9)-(118, 38)",b'~PCLVisualizerInteractorStyle () override'
pcl,../repos/pcl/visualization/include/pcl/visualization/image_viewer.h,"(130, 17)-(130, 29)",b'~ImageViewer ()'
pcl,../repos/pcl/visualization/include/pcl/visualization/registration_visualizer.h,"(69, 7)-(69, 30)",b'~RegistrationVisualizer ()'
pcl,../repos/pcl/filters/include/pcl/filters/convolution.h,"(93, 9)-(93, 21)",b'~Convolution ()'
pcl,../repos/pcl/filters/include/pcl/filters/impl/box_clipper3D.hpp,"(55, 28)-(55, 41)",b'BoxClipper3D<PointT>::~BoxClipper3D'
pcl,../repos/pcl/filters/include/pcl/filters/impl/conditional_removal.hpp,"(91, 31)-(91, 47)",b'FieldComparison<PointT>::~FieldComparison'
pcl,../repos/pcl/filters/include/pcl/filters/project_inliers.h,"(80, 7)-(80, 22)",b'~ProjectInliers () override'
pcl,../repos/pcl/filters/include/pcl/filters/project_inliers.h,"(183, 7)-(183, 22)",b'~ProjectInliers () override'
pcl,../repos/pcl/filters/include/pcl/filters/voxel_grid.h,"(208, 7)-(208, 17)",b'~VoxelGrid () override'
pcl,../repos/pcl/filters/include/pcl/filters/voxel_grid.h,"(528, 7)-(528, 17)",b'~VoxelGrid () override'
pcl,../repos/pcl/filters/include/pcl/filters/clipper3D.h,"(63, 15)-(63, 25)",b'~Clipper3D () noexcept'
pcl,../repos/pcl/filters/include/pcl/filters/grid_minimum.h,"(80, 7)-(80, 19)",b'~GridMinimum () override'
pcl,../repos/pcl/filters/include/pcl/filters/uniform_sampling.h,"(91, 7)-(91, 23)",b'~UniformSampling () override'
pcl,../repos/pcl/filters/include/pcl/filters/approximate_voxel_grid.h,"(155, 7)-(155, 28)",b'~ApproximateVoxelGrid () override'
pcl,../repos/pcl/filters/include/pcl/filters/voxel_grid_occlusion_estimation.h,"(88, 7)-(88, 36)",b'~VoxelGridOcclusionEstimation () override'
pcl,../repos/pcl/filters/include/pcl/filters/plane_clipper3D.h,"(66, 15)-(66, 30)",b'~PlaneClipper3D () noexcept'
pcl,../repos/pcl/filters/include/pcl/filters/convolution_3d.h,"(65, 17)-(65, 34)",b'~ConvolvingKernel()'
pcl,../repos/pcl/filters/include/pcl/filters/conditional_removal.h,"(99, 15)-(99, 30)",b'~ComparisonBase ()'
pcl,../repos/pcl/filters/include/pcl/filters/conditional_removal.h,"(168, 7)-(168, 23)",b'~FieldComparison () override'
pcl,../repos/pcl/filters/include/pcl/filters/conditional_removal.h,"(211, 7)-(211, 27)",b'~PackedRGBComparison () override'
pcl,../repos/pcl/filters/include/pcl/filters/conditional_removal.h,"(258, 7)-(258, 27)",b'~PackedHSIComparison () override'
pcl,../repos/pcl/filters/include/pcl/filters/conditional_removal.h,"(324, 7)-(324, 32)",b'~TfQuadraticXYZComparison () override'
pcl,../repos/pcl/filters/include/pcl/filters/conditional_removal.h,"(463, 15)-(463, 29)",b'~ConditionBase ()'
pcl,../repos/pcl/filters/include/pcl/filters/fast_bilateral.h,"(71, 7)-(71, 27)",b'~FastBilateralFilter () override'
pcl,../repos/pcl/filters/include/pcl/filters/box_clipper3D.h,"(94, 7)-(94, 20)",b'~BoxClipper3D () noexcept override'
