Repo name,File name,Location,Content
pcl,../repos/pcl/sample_consensus/include/pcl/sample_consensus/sac_model_cylinder.h,"(134, 7)-(134, 59)",b'~SampleConsensusModelCylinder () override = d...'
pcl,../repos/pcl/sample_consensus/include/pcl/sample_consensus/sac_model_cylinder.h,"(242, 7)-(243, 69)",b'inline pcl::SacModel \n      getModelType () c...'
pcl,../repos/pcl/sample_consensus/include/pcl/sample_consensus/sac_model_circle.h,"(121, 7)-(121, 59)",b'~SampleConsensusModelCircle2D () override = d...'
pcl,../repos/pcl/sample_consensus/include/pcl/sample_consensus/sac_model_circle.h,"(204, 7)-(205, 69)",b'inline pcl::SacModel \n      getModelType () c...'
pcl,../repos/pcl/sample_consensus/include/pcl/sample_consensus/sac_model_stick.h,"(115, 7)-(115, 56)",b'~SampleConsensusModelStick () override = default;'
pcl,../repos/pcl/sample_consensus/include/pcl/sample_consensus/sac_model_stick.h,"(189, 7)-(190, 66)",b'inline pcl::SacModel \n      getModelType () c...'
pcl,../repos/pcl/sample_consensus/include/pcl/sample_consensus/sac_model_circle3d.h,"(105, 7)-(105, 59)",b'~SampleConsensusModelCircle3D () override = d...'
pcl,../repos/pcl/sample_consensus/include/pcl/sample_consensus/sac_model_circle3d.h,"(198, 7)-(199, 69)",b'inline pcl::SacModel\n      getModelType () co...'
pcl,../repos/pcl/sample_consensus/include/pcl/sample_consensus/sac_model_sphere.h,"(117, 7)-(117, 57)",b'~SampleConsensusModelSphere () override = default;'
pcl,../repos/pcl/sample_consensus/include/pcl/sample_consensus/sac_model_sphere.h,"(212, 7)-(212, 88)",b'inline pcl::SacModel getModelType () const ov...'
pcl,../repos/pcl/sample_consensus/include/pcl/sample_consensus/sac_model_sphere.h,"(221, 7)-(237, 8)",b'bool\n      isModelValid (const Eigen::VectorX...'
pcl,../repos/pcl/sample_consensus/include/pcl/sample_consensus/sac_model_ellipse3d.h,"(85, 7)-(85, 60)",b'~SampleConsensusModelEllipse3D () override = ...'
pcl,../repos/pcl/sample_consensus/include/pcl/sample_consensus/sac_model_ellipse3d.h,"(178, 7)-(179, 70)",b'inline pcl::SacModel\n      getModelType () co...'
pcl,../repos/pcl/sample_consensus/include/pcl/sample_consensus/sac_model_normal_parallel_plane.h,"(145, 7)-(145, 70)",b'~SampleConsensusModelNormalParallelPlane () o...'
pcl,../repos/pcl/sample_consensus/include/pcl/sample_consensus/sac_model_normal_parallel_plane.h,"(189, 7)-(190, 82)",b'inline pcl::SacModel\n      getModelType () co...'
pcl,../repos/pcl/sample_consensus/include/pcl/sample_consensus/sac_model_registration.h,"(113, 7)-(113, 63)",b'~SampleConsensusModelRegistration () override...'
pcl,../repos/pcl/sample_consensus/include/pcl/sample_consensus/sac_model_registration.h,"(118, 7)-(124, 8)",b'inline void\n      setInputCloud (const PointC...'
pcl,../repos/pcl/sample_consensus/include/pcl/sample_consensus/sac_model_registration.h,"(205, 7)-(211, 8)",b'bool\n      doSamplesVerifyModel (const std::s...'
pcl,../repos/pcl/sample_consensus/include/pcl/sample_consensus/sac_model_registration.h,"(214, 7)-(215, 73)",b'inline pcl::SacModel\n      getModelType () co...'
pcl,../repos/pcl/sample_consensus/include/pcl/sample_consensus/sac_model_parallel_plane.h,"(112, 7)-(112, 64)",b'~SampleConsensusModelParallelPlane () overrid...'
pcl,../repos/pcl/sample_consensus/include/pcl/sample_consensus/sac_model_parallel_plane.h,"(164, 7)-(165, 75)",b'inline pcl::SacModel\n      getModelType () co...'
pcl,../repos/pcl/sample_consensus/include/pcl/sample_consensus/sac_model_perpendicular_plane.h,"(115, 7)-(115, 69)",b'~SampleConsensusModelPerpendicularPlane () ov...'
pcl,../repos/pcl/sample_consensus/include/pcl/sample_consensus/sac_model_perpendicular_plane.h,"(167, 7)-(168, 80)",b'inline pcl::SacModel \n      getModelType () c...'
pcl,../repos/pcl/sample_consensus/include/pcl/sample_consensus/sac_model_normal_sphere.h,"(122, 7)-(122, 63)",b'~SampleConsensusModelNormalSphere () override...'
pcl,../repos/pcl/sample_consensus/include/pcl/sample_consensus/sac_model_normal_sphere.h,"(152, 7)-(153, 74)",b'inline pcl::SacModel \n      getModelType () c...'
pcl,../repos/pcl/sample_consensus/include/pcl/sample_consensus/sac_model_normal_plane.h,"(128, 7)-(128, 62)",b'~SampleConsensusModelNormalPlane () override ...'
pcl,../repos/pcl/sample_consensus/include/pcl/sample_consensus/sac_model_normal_plane.h,"(159, 7)-(160, 73)",b'inline pcl::SacModel \n      getModelType () c...'
pcl,../repos/pcl/sample_consensus/include/pcl/sample_consensus/sac_model_plane.h,"(186, 7)-(186, 56)",b'~SampleConsensusModelPlane () override = default;'
pcl,../repos/pcl/sample_consensus/include/pcl/sample_consensus/sac_model_plane.h,"(260, 7)-(261, 66)",b'inline pcl::SacModel \n      getModelType () c...'
pcl,../repos/pcl/sample_consensus/include/pcl/sample_consensus/sac_model_line.h,"(105, 7)-(105, 55)",b'~SampleConsensusModelLine () override = default;'
pcl,../repos/pcl/sample_consensus/include/pcl/sample_consensus/sac_model_line.h,"(179, 7)-(180, 65)",b'inline pcl::SacModel \n      getModelType () c...'
pcl,../repos/pcl/sample_consensus/include/pcl/sample_consensus/sac_model_parallel_line.h,"(110, 7)-(110, 63)",b'~SampleConsensusModelParallelLine () override...'
pcl,../repos/pcl/sample_consensus/include/pcl/sample_consensus/sac_model_parallel_line.h,"(160, 7)-(161, 74)",b'inline pcl::SacModel\n      getModelType () co...'
pcl,../repos/pcl/sample_consensus/include/pcl/sample_consensus/sac_model_cone.h,"(136, 7)-(136, 55)",b'~SampleConsensusModelCone () override = default;'
pcl,../repos/pcl/sample_consensus/include/pcl/sample_consensus/sac_model_cone.h,"(270, 7)-(271, 65)",b'inline pcl::SacModel \n      getModelType () c...'
pcl,../repos/pcl/common/include/pcl/impl/cloud_iterator.hpp,"(197, 7)-(197, 51)",b'~DefaultConstIterator () override = default;'
pcl,../repos/pcl/common/include/pcl/impl/cloud_iterator.hpp,"(199, 7)-(202, 8)",b'void operator ++ () override\n      {\n        ...'
pcl,../repos/pcl/common/include/pcl/impl/cloud_iterator.hpp,"(204, 7)-(207, 8)",b'void operator ++ (int) override\n      {\n     ...'
pcl,../repos/pcl/common/include/pcl/impl/cloud_iterator.hpp,"(209, 7)-(212, 8)",b'const PointT& operator* () const override\n   ...'
pcl,../repos/pcl/common/include/pcl/impl/cloud_iterator.hpp,"(214, 7)-(217, 8)",b'const PointT* operator-> () const override\n  ...'
pcl,../repos/pcl/common/include/pcl/impl/cloud_iterator.hpp,"(219, 7)-(222, 8)",b'unsigned getCurrentPointIndex () const overri...'
pcl,../repos/pcl/common/include/pcl/impl/cloud_iterator.hpp,"(224, 7)-(227, 8)",b'unsigned getCurrentIndex () const override\n  ...'
pcl,../repos/pcl/common/include/pcl/impl/cloud_iterator.hpp,"(229, 7)-(232, 8)",b'std::size_t size () const override\n      {\n  ...'
pcl,../repos/pcl/common/include/pcl/impl/cloud_iterator.hpp,"(234, 7)-(237, 8)",b'void reset () override\n      {\n        iterat...'
pcl,../repos/pcl/common/include/pcl/impl/cloud_iterator.hpp,"(239, 7)-(242, 8)",b'bool isValid () const override\n      {\n      ...'
pcl,../repos/pcl/common/include/pcl/impl/cloud_iterator.hpp,"(271, 7)-(271, 47)",b'~ConstIteratorIdx () override = default;'
pcl,../repos/pcl/common/include/pcl/impl/cloud_iterator.hpp,"(273, 7)-(276, 8)",b'void operator ++ () override\n      {\n        ...'
pcl,../repos/pcl/common/include/pcl/impl/cloud_iterator.hpp,"(278, 7)-(281, 8)",b'void operator ++ (int) override\n      {\n     ...'
pcl,../repos/pcl/common/include/pcl/impl/cloud_iterator.hpp,"(283, 7)-(286, 8)",b'const PointT& operator* () const override\n   ...'
pcl,../repos/pcl/common/include/pcl/impl/cloud_iterator.hpp,"(288, 7)-(291, 8)",b'const PointT* operator-> () const override\n  ...'
pcl,../repos/pcl/common/include/pcl/impl/cloud_iterator.hpp,"(293, 7)-(296, 8)",b'unsigned getCurrentPointIndex () const overri...'
pcl,../repos/pcl/common/include/pcl/impl/cloud_iterator.hpp,"(298, 7)-(301, 8)",b'unsigned getCurrentIndex () const override\n  ...'
pcl,../repos/pcl/common/include/pcl/impl/cloud_iterator.hpp,"(303, 7)-(306, 8)",b'std::size_t size () const override\n      {\n  ...'
pcl,../repos/pcl/common/include/pcl/impl/cloud_iterator.hpp,"(308, 7)-(311, 8)",b'void reset () override\n      {\n        iterat...'
pcl,../repos/pcl/common/include/pcl/impl/cloud_iterator.hpp,"(313, 7)-(316, 8)",b'bool isValid () const override\n      {\n      ...'
pcl,../repos/pcl/common/include/pcl/common/pca.h,"(122, 7)-(127, 8)",b'inline void\n      setInputCloud (const PointC...'
pcl,../repos/pcl/common/include/pcl/common/pca.h,"(132, 7)-(137, 8)",b'void\n      setIndices (const IndicesPtr &indi...'
pcl,../repos/pcl/common/include/pcl/common/pca.h,"(142, 7)-(147, 8)",b'void\n      setIndices (const IndicesConstPtr ...'
pcl,../repos/pcl/common/include/pcl/common/pca.h,"(152, 7)-(157, 8)",b'void\n      setIndices (const PointIndicesCons...'
pcl,../repos/pcl/common/include/pcl/common/pca.h,"(167, 7)-(172, 8)","b'void\n      setIndices (std::size_t row_start,...'"
pcl,../repos/pcl/common/include/pcl/point_representation.h,"(217, 7)-(217, 57)",b'~DefaultPointRepresentation () override = default;'
pcl,../repos/pcl/common/include/pcl/point_representation.h,"(225, 7)-(231, 8)",b'void\n      copyToFloatArray (const PointDefau...'
pcl,../repos/pcl/common/include/pcl/point_representation.h,"(327, 7)-(331, 8)",b'void\n      copyToFloatArray (const PointDefau...'
pcl,../repos/pcl/common/include/pcl/point_representation.h,"(345, 7)-(351, 8)",b'void\n      copyToFloatArray (const PointXYZ &...'
pcl,../repos/pcl/common/include/pcl/point_representation.h,"(365, 7)-(372, 8)",b'void\n      copyToFloatArray (const PointXYZI ...'
pcl,../repos/pcl/common/include/pcl/point_representation.h,"(386, 7)-(392, 8)",b'void\n      copyToFloatArray (const PointNorma...'
pcl,../repos/pcl/common/include/pcl/point_representation.h,"(416, 7)-(423, 8)",b'void\n      copyToFloatArray (const PPFSignatu...'
pcl,../repos/pcl/common/include/pcl/point_representation.h,"(462, 7)-(467, 8)","b'void\n      copyToFloatArray (const Narf36 &p,...'"
pcl,../repos/pcl/common/include/pcl/point_representation.h,"(484, 7)-(489, 8)",b'void\n      copyToFloatArray (const ShapeConte...'
pcl,../repos/pcl/common/include/pcl/point_representation.h,"(502, 7)-(507, 8)",b'void\n      copyToFloatArray (const UniqueShap...'
pcl,../repos/pcl/common/include/pcl/point_representation.h,"(520, 7)-(525, 8)",b'void\n      copyToFloatArray (const SHOT352 &p...'
pcl,../repos/pcl/common/include/pcl/point_representation.h,"(538, 7)-(543, 8)",b'void\n      copyToFloatArray (const SHOT1344 &...'
pcl,../repos/pcl/common/include/pcl/point_representation.h,"(584, 7)-(590, 8)",b'void\n      copyToFloatArray (const PointDefau...'
pcl,../repos/pcl/common/include/pcl/range_image/range_image_planar.h,"(67, 7)-(68, 64)",b'RangeImage* \n      getNew () const override {...'
pcl,../repos/pcl/segmentation/include/pcl/segmentation/rgb_plane_coefficient_comparator.h,"(109, 7)-(124, 8)","b'bool\n      compare (int idx1, int idx2) const...'"
pcl,../repos/pcl/segmentation/include/pcl/segmentation/extract_clusters.h,"(102, 47)-(194, 4)",b'void \n  extractEuclideanClusters (\n      cons...'
pcl,../repos/pcl/segmentation/include/pcl/segmentation/extract_clusters.h,"(216, 3)-(313, 4)",b'void extractEuclideanClusters (\n      const P...'
pcl,../repos/pcl/segmentation/include/pcl/segmentation/impl/region_growing_rgb.hpp,"(361, 46)-(501, 2)","b'void\npcl::RegionGrowingRGB<PointT, NormalT>::...'"
pcl,../repos/pcl/segmentation/include/pcl/segmentation/impl/extract_clusters.hpp,"(45, 28)-(121, 2)",b'void\npcl::extractEuclideanClusters (const Poi...'
pcl,../repos/pcl/segmentation/include/pcl/segmentation/impl/extract_clusters.hpp,"(124, 28)-(217, 2)",b'void\npcl::extractEuclideanClusters (const Poi...'
pcl,../repos/pcl/segmentation/include/pcl/segmentation/ground_plane_comparator.h,"(100, 7)-(101, 17)",b'~GroundPlaneComparator () override\n      = de...'
pcl,../repos/pcl/segmentation/include/pcl/segmentation/ground_plane_comparator.h,"(105, 7)-(109, 8)",b'void \n      setInputCloud (const PointCloudCo...'
pcl,../repos/pcl/segmentation/include/pcl/segmentation/ground_plane_comparator.h,"(211, 7)-(233, 8)","b'bool\n      compare (int idx1, int idx2) const...'"
pcl,../repos/pcl/segmentation/include/pcl/segmentation/supervoxel_clustering.h,"(126, 3)-(515, 2)",b'class PCL_EXPORTS SupervoxelClustering : publ...'
pcl,../repos/pcl/segmentation/include/pcl/segmentation/planar_region.h,"(78, 7)-(78, 43)",b'~PlanarRegion () override = default;'
pcl,../repos/pcl/segmentation/include/pcl/segmentation/plane_coefficient_comparator.h,"(95, 7)-(95, 57)",b'~PlaneCoefficientComparator () override = default;'
pcl,../repos/pcl/segmentation/include/pcl/segmentation/plane_coefficient_comparator.h,"(97, 7)-(101, 8)",b'void\n      setInputCloud (const PointCloudCon...'
pcl,../repos/pcl/segmentation/include/pcl/segmentation/plane_coefficient_comparator.h,"(184, 7)-(197, 8)","b'bool\n      compare (int idx1, int idx2) const...'"
pcl,../repos/pcl/segmentation/include/pcl/segmentation/progressive_morphological_filter.h,"(55, 3)-(159, 4)",b'class PCL_EXPORTS ProgressiveMorphologicalFil...'
pcl,../repos/pcl/segmentation/include/pcl/segmentation/plane_refinement_comparator.h,"(98, 7)-(98, 56)",b'~PlaneRefinementComparator () override = default;'
pcl,../repos/pcl/segmentation/include/pcl/segmentation/plane_refinement_comparator.h,"(174, 7)-(203, 8)","b'bool\n      compare (int idx1, int idx2) const...'"
pcl,../repos/pcl/segmentation/include/pcl/segmentation/edge_aware_plane_comparator.h,"(95, 7)-(96, 17)",b'~EdgeAwarePlaneComparator () override\n      =...'
pcl,../repos/pcl/segmentation/include/pcl/segmentation/edge_aware_plane_comparator.h,"(168, 7)-(201, 8)","b'bool\n      compare (int idx1, int idx2) const...'"
pcl,../repos/pcl/segmentation/include/pcl/segmentation/organized_connected_component_segmentation.h,"(89, 7)-(89, 70)",b'~OrganizedConnectedComponentSegmentation () o...'
pcl,../repos/pcl/segmentation/include/pcl/segmentation/min_cut_segmentation.h,"(60, 3)-(325, 4)",b'class PCL_EXPORTS MinCutSegmentation : public...'
pcl,../repos/pcl/segmentation/include/pcl/segmentation/approximate_progressive_morphological_filter.h,"(56, 3)-(169, 4)",b'class PCL_EXPORTS ApproximateProgressiveMorph...'
pcl,../repos/pcl/segmentation/include/pcl/segmentation/sac_segmentation.h,"(89, 7)-(89, 46)",b'~SACSegmentation () override = default;'
pcl,../repos/pcl/segmentation/include/pcl/segmentation/sac_segmentation.h,"(413, 7)-(414, 80)",b'std::string \n      getClassName () const over...'
pcl,../repos/pcl/segmentation/include/pcl/segmentation/region_growing_rgb.h,"(56, 3)-(280, 4)",b'class PCL_EXPORTS RegionGrowingRGB : public R...'
pcl,../repos/pcl/segmentation/include/pcl/segmentation/euclidean_cluster_comparator.h,"(80, 7)-(86, 8)",b'void\n      setInputCloud (const PointCloudCon...'
pcl,../repos/pcl/segmentation/include/pcl/segmentation/euclidean_cluster_comparator.h,"(149, 7)-(178, 8)","b'bool\n      compare (int idx1, int idx2) const...'"
pcl,../repos/pcl/segmentation/include/pcl/segmentation/region_growing.h,"(60, 3)-(336, 4)",b'class PCL_EXPORTS RegionGrowing : public pcl:...'
pcl,../repos/pcl/segmentation/include/pcl/segmentation/euclidean_plane_coefficient_comparator.h,"(81, 7)-(91, 8)","b'bool\n      compare (int idx1, int idx2) const...'"
pcl,../repos/pcl/segmentation/include/pcl/segmentation/grabcut_segmentation.h,"(332, 7)-(332, 38)",b'~GrabCut () override = default;'
pcl,../repos/pcl/segmentation/include/pcl/segmentation/organized_multi_plane_segmentation.h,"(96, 7)-(96, 62)",b'~OrganizedMultiPlaneSegmentation () override ...'
pcl,../repos/pcl/ml/src/svm.cpp,"(322, 3)-(329, 4)","b'void\n  swap_index(int i, int j) const overrid...'"
pcl,../repos/pcl/ml/src/svm.cpp,"(1456, 3)-(1468, 4)","b'Qfloat*\n  get_Q(int i, int len) const overrid...'"
pcl,../repos/pcl/ml/src/svm.cpp,"(1470, 3)-(1474, 4)",b'double*\n  get_QD() const override\n  {\n    ret...'
pcl,../repos/pcl/ml/src/svm.cpp,"(1476, 3)-(1483, 4)","b'void\n  swap_index(int i, int j) const overrid...'"
pcl,../repos/pcl/ml/src/svm.cpp,"(1485, 3)-(1490, 4)",b'~SVC_Q() override\n  {\n    delete[] y;\n    del...'
pcl,../repos/pcl/ml/src/svm.cpp,"(1511, 3)-(1523, 4)","b'Qfloat*\n  get_Q(int i, int len) const overrid...'"
pcl,../repos/pcl/ml/src/svm.cpp,"(1525, 3)-(1529, 4)",b'double*\n  get_QD() const override\n  {\n    ret...'
pcl,../repos/pcl/ml/src/svm.cpp,"(1531, 3)-(1537, 4)","b'void\n  swap_index(int i, int j) const overrid...'"
pcl,../repos/pcl/ml/src/svm.cpp,"(1539, 3)-(1543, 4)",b'~ONE_CLASS_Q() override\n  {\n    delete cache;...'
pcl,../repos/pcl/ml/src/svm.cpp,"(1577, 3)-(1583, 4)","b'void\n  swap_index(int i, int j) const overrid...'"
pcl,../repos/pcl/ml/src/svm.cpp,"(1585, 3)-(1607, 4)","b'Qfloat*\n  get_Q(int i, int len) const overrid...'"
pcl,../repos/pcl/ml/src/svm.cpp,"(1609, 3)-(1613, 4)",b'double*\n  get_QD() const override\n  {\n    ret...'
pcl,../repos/pcl/ml/src/svm.cpp,"(1615, 3)-(1623, 4)",b'~SVR_Q() override\n  {\n    delete cache;\n    d...'
pcl,../repos/pcl/ml/include/pcl/ml/impl/ferns/fern_trainer.hpp,"(63, 1)-(283, 2)","b'void\nFernTrainer<FeatureType, DataSet, LabelT...'"
pcl,../repos/pcl/ml/include/pcl/ml/branch_estimator.h,"(72, 1)-(102, 2)",b'class PCL_EXPORTS BinaryTreeThresholdBasedBra...'
pcl,../repos/pcl/ml/include/pcl/ml/branch_estimator.h,"(77, 3)-(77, 72)",b'inline ~BinaryTreeThresholdBasedBranchEstimat...'
pcl,../repos/pcl/ml/include/pcl/ml/branch_estimator.h,"(80, 3)-(84, 4)",b'inline std::size_t\n  getNumOfBranches() const...'
pcl,../repos/pcl/ml/include/pcl/ml/branch_estimator.h,"(93, 3)-(101, 4)",b'inline void\n  computeBranchIndex(const float ...'
pcl,../repos/pcl/ml/include/pcl/ml/branch_estimator.h,"(106, 1)-(138, 2)",b'class PCL_EXPORTS TernaryTreeMissingDataBranc...'
pcl,../repos/pcl/ml/include/pcl/ml/branch_estimator.h,"(111, 3)-(111, 70)",b'inline ~TernaryTreeMissingDataBranchEstimator...'
pcl,../repos/pcl/ml/include/pcl/ml/branch_estimator.h,"(114, 3)-(118, 4)",b'inline std::size_t\n  getNumOfBranches() const...'
pcl,../repos/pcl/ml/include/pcl/ml/branch_estimator.h,"(127, 3)-(137, 4)",b'inline void\n  computeBranchIndex(const float ...'
pcl,../repos/pcl/search/include/pcl/search/kdtree.h,"(93, 9)-(93, 39)",b'~KdTree () override = default;'
pcl,../repos/pcl/search/include/pcl/search/impl/organized.hpp,"(332, 27)-(390, 2)",b'bool\npcl::search::OrganizedNeighbor<PointT>::...'
pcl,../repos/pcl/search/include/pcl/search/octree.h,"(99, 9)-(99, 39)",b'~Octree () override = default;'
pcl,../repos/pcl/search/include/pcl/search/octree.h,"(117, 9)-(126, 10)",b'inline bool\n        setInputCloud (const Poin...'
pcl,../repos/pcl/search/include/pcl/search/octree.h,"(137, 9)-(142, 10)",b'inline int\n        nearestKSearch (const Poin...'
pcl,../repos/pcl/search/include/pcl/search/octree.h,"(152, 9)-(157, 10)",b'inline int\n        nearestKSearch (const Poin...'
pcl,../repos/pcl/search/include/pcl/search/octree.h,"(170, 9)-(174, 10)",b'inline int\n        nearestKSearch (index_t in...'
pcl,../repos/pcl/search/include/pcl/search/octree.h,"(185, 9)-(197, 10)",b'inline int\n        radiusSearch (const PointC...'
pcl,../repos/pcl/search/include/pcl/search/octree.h,"(207, 9)-(218, 10)",b'inline int\n        radiusSearch (const PointT...'
pcl,../repos/pcl/search/include/pcl/search/octree.h,"(229, 9)-(237, 10)",b'inline int\n        radiusSearch (index_t inde...'
pcl,../repos/pcl/search/include/pcl/search/organized.h,"(100, 9)-(100, 50)",b'~OrganizedNeighbor () override = default;'
pcl,../repos/pcl/search/include/pcl/search/organized.h,"(128, 9)-(147, 10)",b'bool\n        setInputCloud (const PointCloudC...'
pcl,../repos/pcl/search/include/pcl/search/flann_search.h,"(155, 13)-(155, 55)",b'~KdTreeIndexCreator () override = default;'
pcl,../repos/pcl/search/include/pcl/search/brute_force.h,"(94, 9)-(94, 43)",b'~BruteForce () override = default;'
pcl,../repos/pcl/registration/src/gicp6d.cpp,"(100, 1)-(240, 2)",b'void\nGeneralizedIterativeClosestPoint6D::comp...'
pcl,../repos/pcl/registration/include/pcl/registration/ia_kfpcs.h,"(79, 3)-(79, 47)",b'~KFPCSInitialAlignment() override = default;'
pcl,../repos/pcl/registration/include/pcl/registration/transformation_estimation_point_to_plane.h,"(75, 3)-(75, 62)",b'~TransformationEstimationPointToPlane() overr...'
pcl,../repos/pcl/registration/include/pcl/registration/transformation_estimation_point_to_plane.h,"(78, 3)-(86, 4)",b'Scalar\n  computeDistance(const PointSource& p...'
pcl,../repos/pcl/registration/include/pcl/registration/transformation_estimation_point_to_plane.h,"(88, 3)-(95, 4)",b'Scalar\n  computeDistance(const Vector4& p_src...'
pcl,../repos/pcl/registration/include/pcl/registration/impl/sample_consensus_prerejective.hpp,"(153, 1)-(303, 2)","b'void\nSampleConsensusPrerejective<PointSource,...'"
pcl,../repos/pcl/registration/include/pcl/registration/impl/sample_consensus_prerejective.hpp,"(306, 1)-(345, 2)","b'void\nSampleConsensusPrerejective<PointSource,...'"
pcl,../repos/pcl/registration/include/pcl/registration/impl/ppf_registration.hpp,"(65, 1)-(241, 2)","b'void\npcl::PPFRegistration<PointSource, PointT...'"
pcl,../repos/pcl/registration/include/pcl/registration/impl/gicp.hpp,"(745, 1)-(899, 2)",b'inline void\nGeneralizedIterativeClosestPoint<...'
pcl,../repos/pcl/registration/include/pcl/registration/impl/pairwise_graph_registration.hpp,"(47, 1)-(89, 2)","b'void\nPairwiseGraphRegistration<GraphT, PointT...'"
pcl,../repos/pcl/registration/include/pcl/registration/impl/ndt_2d.hpp,"(391, 1)-(520, 2)",b'void\nNormalDistributionsTransform2D<PointSour...'
pcl,../repos/pcl/registration/include/pcl/registration/impl/ia_ransac.hpp,"(187, 1)-(268, 2)",b'void\nSampleConsensusInitialAlignment<PointSou...'
pcl,../repos/pcl/registration/include/pcl/registration/impl/ndt.hpp,"(67, 1)-(181, 2)",b'void\nNormalDistributionsTransform<PointSource...'
pcl,../repos/pcl/registration/include/pcl/registration/impl/ndt.hpp,"(649, 1)-(804, 2)",b'double\nNormalDistributionsTransform<PointSour...'
pcl,../repos/pcl/registration/include/pcl/registration/impl/ia_kfpcs.hpp,"(191, 1)-(226, 2)","b'void\nKFPCSInitialAlignment<PointSource, Point...'"
pcl,../repos/pcl/registration/include/pcl/registration/impl/icp.hpp,"(114, 1)-(268, 2)","b'void\nIterativeClosestPoint<PointSource, Point...'"
pcl,../repos/pcl/registration/include/pcl/registration/impl/ia_fpcs.hpp,"(139, 1)-(208, 2)",b'void\npcl::registration::FPCSInitialAlignment<...'
pcl,../repos/pcl/registration/include/pcl/registration/impl/ia_fpcs.hpp,"(876, 1)-(901, 2)",b'void\npcl::registration::FPCSInitialAlignment<...'
pcl,../repos/pcl/registration/include/pcl/registration/impl/registration.hpp,"(133, 1)-(162, 2)","b'inline double\nRegistration<PointSource, Point...'"
pcl,../repos/pcl/registration/include/pcl/registration/impl/registration.hpp,"(172, 1)-(215, 2)","b'inline void\nRegistration<PointSource, PointTa...'"
pcl,../repos/pcl/registration/include/pcl/registration/impl/joint_icp.hpp,"(48, 1)-(290, 2)","b'void\nJointIterativeClosestPoint<PointSource, ...'"
pcl,../repos/pcl/registration/include/pcl/registration/impl/transformation_validation_euclidean.hpp,"(49, 1)-(102, 2)",b'double\nTransformationValidationEuclidean<Poin...'
pcl,../repos/pcl/registration/include/pcl/registration/ia_fpcs.h,"(112, 3)-(112, 46)",b'~FPCSInitialAlignment() override = default;'
pcl,../repos/pcl/registration/include/pcl/registration/ndt_2d.h,"(89, 3)-(89, 56)",b'~NormalDistributionsTransform2D() override = ...'
pcl,../repos/pcl/registration/include/pcl/registration/transformation_estimation_dual_quaternion.h,"(68, 3)-(68, 64)",b'~TransformationEstimationDualQuaternion() ove...'
pcl,../repos/pcl/registration/include/pcl/registration/elch.h,"(96, 3)-(96, 30)",b'~ELCH() override = default;'
pcl,../repos/pcl/registration/include/pcl/registration/transformation_estimation_point_to_plane_lls.h,"(75, 3)-(75, 65)",b'~TransformationEstimationPointToPlaneLLS() ov...'
pcl,../repos/pcl/registration/include/pcl/registration/transformation_estimation_lm.h,"(108, 3)-(108, 52)",b'~TransformationEstimationLM() override = default;'
pcl,../repos/pcl/registration/include/pcl/registration/transformation_estimation_lm.h,"(288, 5)-(288, 47)",b'~OptimizationFunctor() override = default;'
pcl,../repos/pcl/registration/include/pcl/registration/transformation_estimation_lm.h,"(333, 5)-(333, 58)",b'~OptimizationFunctorWithIndices() override = ...'
pcl,../repos/pcl/registration/include/pcl/registration/correspondence_rejection_organized_boundary.h,"(58, 1)-(148, 2)",b'class PCL_EXPORTS CorrespondenceRejectionOrga...'
pcl,../repos/pcl/registration/include/pcl/registration/correspondence_rejection_organized_boundary.h,"(95, 3)-(99, 4)",b'bool\n  requiresSourcePoints() const override\n...'
pcl,../repos/pcl/registration/include/pcl/registration/correspondence_rejection_organized_boundary.h,"(102, 3)-(108, 4)",b'void\n  setSourcePoints(pcl::PCLPointCloud2::C...'
pcl,../repos/pcl/registration/include/pcl/registration/correspondence_rejection_organized_boundary.h,"(111, 3)-(115, 4)",b'bool\n  requiresTargetPoints() const override\n...'
pcl,../repos/pcl/registration/include/pcl/registration/correspondence_rejection_organized_boundary.h,"(118, 3)-(124, 4)",b'void\n  setTargetPoints(pcl::PCLPointCloud2::C...'
pcl,../repos/pcl/registration/include/pcl/registration/icp.h,"(176, 3)-(176, 47)",b'~IterativeClosestPoint() override = default;'
pcl,../repos/pcl/registration/include/pcl/registration/icp.h,"(198, 3)-(224, 4)",b'void\n  setInputSource(const PointCloudSourceC...'
pcl,../repos/pcl/registration/include/pcl/registration/icp.h,"(231, 3)-(244, 4)",b'void\n  setInputTarget(const PointCloudTargetC...'
pcl,../repos/pcl/registration/include/pcl/registration/icp.h,"(363, 3)-(363, 58)",b'~IterativeClosestPointWithNormals() override ...'
pcl,../repos/pcl/registration/include/pcl/registration/warp_point_rigid_6d.h,"(70, 3)-(70, 42)",b'~WarpPointRigid6D() override = default;'
pcl,../repos/pcl/registration/include/pcl/registration/warp_point_rigid_6d.h,"(76, 3)-(93, 4)",b'void\n  setParam(const VectorX& p) override\n  ...'
pcl,../repos/pcl/registration/include/pcl/registration/correspondence_rejection_distance.h,"(61, 1)-(202, 2)",b'class PCL_EXPORTS CorrespondenceRejectorDista...'
pcl,../repos/pcl/registration/include/pcl/registration/correspondence_rejection_distance.h,"(77, 3)-(77, 56)",b'~CorrespondenceRejectorDistance() override = ...'
pcl,../repos/pcl/registration/include/pcl/registration/correspondence_rejection_distance.h,"(134, 3)-(138, 4)",b'bool\n  requiresSourcePoints() const override\n...'
pcl,../repos/pcl/registration/include/pcl/registration/correspondence_rejection_distance.h,"(141, 3)-(147, 4)",b'void\n  setSourcePoints(pcl::PCLPointCloud2::C...'
pcl,../repos/pcl/registration/include/pcl/registration/correspondence_rejection_distance.h,"(150, 3)-(154, 4)",b'bool\n  requiresTargetPoints() const override\n...'
pcl,../repos/pcl/registration/include/pcl/registration/correspondence_rejection_distance.h,"(157, 3)-(163, 4)",b'void\n  setTargetPoints(pcl::PCLPointCloud2::C...'
pcl,../repos/pcl/registration/include/pcl/registration/correspondence_rejection_features.h,"(58, 1)-(311, 2)",b'class PCL_EXPORTS CorrespondenceRejectorFeatu...'
pcl,../repos/pcl/registration/include/pcl/registration/correspondence_rejection_features.h,"(74, 3)-(74, 56)",b'~CorrespondenceRejectorFeatures() override = ...'
pcl,../repos/pcl/registration/include/pcl/registration/correspondence_rejection_features.h,"(204, 5)-(204, 44)",b'~FeatureContainer() override = default;'
pcl,../repos/pcl/registration/include/pcl/registration/correspondence_rejection_features.h,"(236, 5)-(242, 6)",b'inline bool\n    isValid() override\n    {\n    ...'
pcl,../repos/pcl/registration/include/pcl/registration/correspondence_rejection_features.h,"(257, 5)-(288, 6)",b'inline double\n    getCorrespondenceScore(int ...'
pcl,../repos/pcl/registration/include/pcl/registration/correspondence_rejection_features.h,"(295, 5)-(299, 6)",b'inline bool\n    isCorrespondenceValid(int ind...'
pcl,../repos/pcl/registration/include/pcl/registration/correspondence_estimation.h,"(104, 3)-(104, 54)",b'~CorrespondenceEstimationBase() override = de...'
pcl,../repos/pcl/registration/include/pcl/registration/correspondence_estimation.h,"(450, 3)-(450, 50)",b'~CorrespondenceEstimation() override = default;'
pcl,../repos/pcl/registration/include/pcl/registration/correspondence_estimation.h,"(476, 3)-(481, 4)",b'typename CorrespondenceEstimationBase<PointSo...'
pcl,../repos/pcl/registration/include/pcl/registration/joint_icp.h,"(136, 3)-(136, 52)",b'~JointIterativeClosestPoint() override = default;'
pcl,../repos/pcl/registration/include/pcl/registration/joint_icp.h,"(141, 3)-(148, 4)",b'void\n  setInputSource(const PointCloudSourceC...'
pcl,../repos/pcl/registration/include/pcl/registration/joint_icp.h,"(167, 3)-(174, 4)",b'void\n  setInputTarget(const PointCloudTargetC...'
pcl,../repos/pcl/registration/include/pcl/registration/warp_point_rigid_3d.h,"(69, 3)-(69, 42)",b'~WarpPointRigid3D() override = default;'
pcl,../repos/pcl/registration/include/pcl/registration/warp_point_rigid_3d.h,"(74, 3)-(90, 4)",b'void\n  setParam(const VectorX& p) override\n  ...'
pcl,../repos/pcl/registration/include/pcl/registration/correspondence_rejection_poly.h,"(63, 1)-(378, 2)",b'class PCL_EXPORTS CorrespondenceRejectorPoly ...'
pcl,../repos/pcl/registration/include/pcl/registration/correspondence_rejection_poly.h,"(114, 3)-(118, 4)",b'bool\n  requiresSourcePoints() const override\n...'
pcl,../repos/pcl/registration/include/pcl/registration/correspondence_rejection_poly.h,"(121, 3)-(127, 4)",b'void\n  setSourcePoints(pcl::PCLPointCloud2::C...'
pcl,../repos/pcl/registration/include/pcl/registration/correspondence_rejection_poly.h,"(130, 3)-(134, 4)",b'bool\n  requiresTargetPoints() const override\n...'
pcl,../repos/pcl/registration/include/pcl/registration/correspondence_rejection_poly.h,"(137, 3)-(143, 4)",b'void\n  setTargetPoints(pcl::PCLPointCloud2::C...'
pcl,../repos/pcl/registration/include/pcl/registration/ndt.h,"(107, 3)-(107, 54)",b'~NormalDistributionsTransform() override = de...'
pcl,../repos/pcl/registration/include/pcl/registration/ndt.h,"(113, 3)-(118, 4)",b'inline void\n  setInputTarget(const PointCloud...'
pcl,../repos/pcl/registration/include/pcl/registration/correspondence_rejection_one_to_one.h,"(56, 1)-(89, 2)",b'class PCL_EXPORTS CorrespondenceRejectorOneTo...'
pcl,../repos/pcl/registration/include/pcl/registration/correspondence_estimation_normal_shooting.h,"(141, 3)-(141, 64)",b'~CorrespondenceEstimationNormalShooting() ove...'
pcl,../repos/pcl/registration/include/pcl/registration/correspondence_estimation_normal_shooting.h,"(161, 3)-(165, 4)",b'bool\n  requiresSourceNormals() const override...'
pcl,../repos/pcl/registration/include/pcl/registration/correspondence_estimation_normal_shooting.h,"(168, 3)-(174, 4)",b'void\n  setSourceNormals(pcl::PCLPointCloud2::...'
pcl,../repos/pcl/registration/include/pcl/registration/correspondence_estimation_normal_shooting.h,"(222, 3)-(230, 4)",b'typename CorrespondenceEstimationBase<PointSo...'
pcl,../repos/pcl/registration/include/pcl/registration/correspondence_rejection_median_distance.h,"(61, 1)-(208, 2)",b'class PCL_EXPORTS CorrespondenceRejectorMedia...'
pcl,../repos/pcl/registration/include/pcl/registration/correspondence_rejection_median_distance.h,"(120, 3)-(124, 4)",b'bool\n  requiresSourcePoints() const override\n...'
pcl,../repos/pcl/registration/include/pcl/registration/correspondence_rejection_median_distance.h,"(127, 3)-(133, 4)",b'void\n  setSourcePoints(pcl::PCLPointCloud2::C...'
pcl,../repos/pcl/registration/include/pcl/registration/correspondence_rejection_median_distance.h,"(136, 3)-(140, 4)",b'bool\n  requiresTargetPoints() const override\n...'
pcl,../repos/pcl/registration/include/pcl/registration/correspondence_rejection_median_distance.h,"(143, 3)-(149, 4)",b'void\n  setTargetPoints(pcl::PCLPointCloud2::C...'
pcl,../repos/pcl/registration/include/pcl/registration/gicp6d.h,"(65, 1)-(165, 2)",b'class PCL_EXPORTS GeneralizedIterativeClosest...'
pcl,../repos/pcl/registration/include/pcl/registration/gicp6d.h,"(142, 5)-(142, 49)",b'~MyPointRepresentation() override = default;'
pcl,../repos/pcl/registration/include/pcl/registration/gicp6d.h,"(150, 5)-(160, 6)",b'void\n    copyToFloatArray(const PointXYZLAB& ...'
pcl,../repos/pcl/registration/include/pcl/registration/ia_ransac.h,"(106, 5)-(112, 6)",b'float\n    operator()(float e) const override\n...'
pcl,../repos/pcl/registration/include/pcl/registration/ia_ransac.h,"(123, 5)-(123, 42)",b'~TruncatedError() override = default;'
pcl,../repos/pcl/registration/include/pcl/registration/ia_ransac.h,"(126, 5)-(132, 6)",b'float\n    operator()(float e) const override\n...'
pcl,../repos/pcl/registration/include/pcl/registration/correspondence_rejection_surface_normal.h,"(60, 1)-(351, 2)",b'class PCL_EXPORTS CorrespondenceRejectorSurfa...'
pcl,../repos/pcl/registration/include/pcl/registration/correspondence_rejection_surface_normal.h,"(262, 3)-(266, 4)",b'bool\n  requiresSourcePoints() const override\n...'
pcl,../repos/pcl/registration/include/pcl/registration/correspondence_rejection_surface_normal.h,"(269, 3)-(277, 4)",b'void\n  setSourcePoints(pcl::PCLPointCloud2::C...'
pcl,../repos/pcl/registration/include/pcl/registration/correspondence_rejection_surface_normal.h,"(280, 3)-(284, 4)",b'bool\n  requiresTargetPoints() const override\n...'
pcl,../repos/pcl/registration/include/pcl/registration/correspondence_rejection_surface_normal.h,"(287, 3)-(295, 4)",b'void\n  setTargetPoints(pcl::PCLPointCloud2::C...'
pcl,../repos/pcl/registration/include/pcl/registration/correspondence_rejection_surface_normal.h,"(298, 3)-(302, 4)",b'bool\n  requiresSourceNormals() const override...'
pcl,../repos/pcl/registration/include/pcl/registration/correspondence_rejection_surface_normal.h,"(305, 3)-(313, 4)",b'void\n  setSourceNormals(pcl::PCLPointCloud2::...'
pcl,../repos/pcl/registration/include/pcl/registration/correspondence_rejection_surface_normal.h,"(316, 3)-(320, 4)",b'bool\n  requiresTargetNormals() const override...'
pcl,../repos/pcl/registration/include/pcl/registration/correspondence_rejection_surface_normal.h,"(323, 3)-(331, 4)",b'void\n  setTargetNormals(pcl::PCLPointCloud2::...'
pcl,../repos/pcl/registration/include/pcl/registration/transformation_estimation_3point.h,"(74, 3)-(74, 56)",b'~TransformationEstimation3Point() override = ...'
pcl,../repos/pcl/registration/include/pcl/registration/correspondence_rejection_sample_consensus.h,"(76, 3)-(76, 63)",b'~CorrespondenceRejectorSampleConsensus() over...'
pcl,../repos/pcl/registration/include/pcl/registration/correspondence_rejection_sample_consensus.h,"(120, 3)-(124, 4)",b'bool\n  requiresSourcePoints() const override\n...'
pcl,../repos/pcl/registration/include/pcl/registration/correspondence_rejection_sample_consensus.h,"(127, 3)-(133, 4)",b'void\n  setSourcePoints(pcl::PCLPointCloud2::C...'
pcl,../repos/pcl/registration/include/pcl/registration/correspondence_rejection_sample_consensus.h,"(136, 3)-(140, 4)",b'bool\n  requiresTargetPoints() const override\n...'
pcl,../repos/pcl/registration/include/pcl/registration/correspondence_rejection_sample_consensus.h,"(143, 3)-(149, 4)",b'void\n  setTargetPoints(pcl::PCLPointCloud2::C...'
pcl,../repos/pcl/registration/include/pcl/registration/correspondence_rejection_sample_consensus.h,"(246, 3)-(250, 4)",b'inline void\n  applyRejection(pcl::Corresponde...'
pcl,../repos/pcl/registration/include/pcl/registration/correspondence_rejection.h,"(260, 3)-(260, 39)",b'~DataContainer() override = default;'
pcl,../repos/pcl/registration/include/pcl/registration/correspondence_rejection.h,"(347, 3)-(358, 4)",b'inline double\n  getCorrespondenceScore(int in...'
pcl,../repos/pcl/registration/include/pcl/registration/correspondence_rejection.h,"(363, 3)-(371, 4)",b'inline double\n  getCorrespondenceScore(const ...'
pcl,../repos/pcl/registration/include/pcl/registration/correspondence_rejection.h,"(377, 3)-(389, 4)",b'inline double\n  getCorrespondenceScoreFromNor...'
pcl,../repos/pcl/registration/include/pcl/registration/correspondence_rejection_trimmed.h,"(61, 1)-(139, 2)",b'class PCL_EXPORTS CorrespondenceRejectorTrimm...'
pcl,../repos/pcl/registration/include/pcl/registration/correspondence_rejection_trimmed.h,"(74, 3)-(74, 55)",b'~CorrespondenceRejectorTrimmed() override = d...'
pcl,../repos/pcl/registration/include/pcl/registration/transformation_estimation_symmetric_point_to_plane_lls.h,"(75, 3)-(75, 74)",b'~TransformationEstimationSymmetricPointToPlan...'
pcl,../repos/pcl/registration/include/pcl/registration/default_convergence_criteria.h,"(103, 3)-(103, 52)",b'~DefaultConvergenceCriteria() override = default;'
pcl,../repos/pcl/registration/include/pcl/registration/sample_consensus_prerejective.h,"(135, 3)-(135, 53)",b'~SampleConsensusPrerejective() override = default;'
pcl,../repos/pcl/registration/include/pcl/registration/gicp.h,"(141, 3)-(158, 4)",b'inline void\n  setInputSource(const PointCloud...'
pcl,../repos/pcl/registration/include/pcl/registration/gicp.h,"(175, 3)-(181, 4)",b'inline void\n  setInputTarget(const PointCloud...'
pcl,../repos/pcl/registration/include/pcl/registration/transformation_estimation_svd.h,"(72, 3)-(72, 53)",b'~TransformationEstimationSVD() override = default;'
pcl,../repos/pcl/registration/include/pcl/registration/registration.h,"(109, 3)-(122, 5)","b'Registration()\n  : tree_(new KdTree)\n  , tree...'"
pcl,../repos/pcl/registration/include/pcl/registration/registration.h,"(125, 3)-(125, 38)",b'~Registration() override = default;'
pcl,../repos/pcl/registration/include/pcl/registration/registration.h,"(258, 3)-(262, 4)",b'inline Matrix4\n  getFinalTransformation()\n  {...'
pcl,../repos/pcl/registration/include/pcl/registration/registration.h,"(687, 3)-(693, 4)",b'void\n  setInputCloud(const PointCloudSourceCo...'
pcl,../repos/pcl/registration/include/pcl/registration/correspondence_rejection_var_trimmed.h,"(65, 1)-(259, 2)",b'class PCL_EXPORTS CorrespondenceRejectorVarTr...'
pcl,../repos/pcl/registration/include/pcl/registration/correspondence_rejection_var_trimmed.h,"(124, 3)-(128, 4)",b'bool\n  requiresSourcePoints() const override\n...'
pcl,../repos/pcl/registration/include/pcl/registration/correspondence_rejection_var_trimmed.h,"(131, 3)-(137, 4)",b'void\n  setSourcePoints(pcl::PCLPointCloud2::C...'
pcl,../repos/pcl/registration/include/pcl/registration/correspondence_rejection_var_trimmed.h,"(140, 3)-(144, 4)",b'bool\n  requiresTargetPoints() const override\n...'
pcl,../repos/pcl/registration/include/pcl/registration/correspondence_rejection_var_trimmed.h,"(147, 3)-(153, 4)",b'void\n  setTargetPoints(pcl::PCLPointCloud2::C...'
pcl,../repos/pcl/cuda/segmentation/src/mssegmentation.cpp,"(58, 1)-(220, 2)","b'void meanShiftSegmentation(const GpuMat& src,...'"
pcl,../repos/pcl/features/include/pcl/features/integral_image_normal.h,"(214, 7)-(235, 8)",b'inline void\n      setInputCloud (const typena...'
pcl,../repos/pcl/features/include/pcl/features/multiscale_feature_persistence.h,"(79, 7)-(79, 59)",b'~MultiscaleFeaturePersistence () override = d...'
pcl,../repos/pcl/features/include/pcl/features/impl/normal_based_signature.hpp,"(45, 69)-(183, 2)",b'void\npcl::NormalBasedSignatureEstimation<Poin...'
pcl,../repos/pcl/features/include/pcl/features/impl/shot.hpp,"(627, 87)-(709, 2)","b'void\npcl::SHOTColorEstimation<PointInT, Point...'"
pcl,../repos/pcl/features/include/pcl/features/impl/shot.hpp,"(712, 87)-(737, 2)","b'void\npcl::SHOTEstimation<PointInT, PointNT, P...'"
pcl,../repos/pcl/features/include/pcl/features/impl/fpfh.hpp,"(109, 68)-(178, 2)","b'void\npcl::FPFHEstimation<PointInT, PointNT, P...'"
pcl,../repos/pcl/features/include/pcl/features/3dsc.h,"(116, 7)-(116, 54)",b'~ShapeContext3DEstimation() override = default;'
pcl,../repos/pcl/features/include/pcl/features/organized_edge_detection.h,"(84, 7)-(84, 48)",b'~OrganizedEdgeBase () override = default;'
pcl,../repos/pcl/features/include/pcl/features/organized_edge_detection.h,"(210, 7)-(210, 51)",b'~OrganizedEdgeFromRGB () override = default;'
pcl,../repos/pcl/features/include/pcl/features/organized_edge_detection.h,"(297, 7)-(297, 55)",b'~OrganizedEdgeFromNormals () override = default;'
pcl,../repos/pcl/features/include/pcl/features/organized_edge_detection.h,"(404, 7)-(404, 58)",b'~OrganizedEdgeFromRGBNormals () override = de...'
pcl,../repos/pcl/features/include/pcl/features/linear_least_squares_normal.h,"(112, 7)-(116, 8)",b'inline void \n      setInputCloud (const typen...'
pcl,../repos/pcl/features/include/pcl/features/range_image_border_extractor.h,"(55, 3)-(353, 4)",b'class PCL_EXPORTS RangeImageBorderExtractor :...'
pcl,../repos/pcl/features/include/pcl/features/usc.h,"(92, 7)-(92, 48)",b'~UniqueShapeContext() override = default;'
pcl,../repos/pcl/features/include/pcl/features/narf_descriptor.h,"(55, 3)-(100, 4)",b'class PCL_EXPORTS NarfDescriptor : public Fea...'
pcl,../repos/pcl/features/include/pcl/features/don.h,"(89, 7)-(89, 60)",b'~DifferenceOfNormalsEstimation () override = ...'
pcl,../repos/pcl/features/include/pcl/features/spin_image.h,"(127, 7)-(127, 50)",b'~SpinImageEstimation () override = default;'
pcl,../repos/pcl/features/include/pcl/features/shot_lrf.h,"(77, 7)-(77, 64)",b'~SHOTLocalReferenceFrameEstimation () overrid...'
pcl,../repos/pcl/features/include/pcl/features/shot.h,"(102, 7)-(102, 49)",b'~SHOTEstimationBase () override = default;'
pcl,../repos/pcl/features/include/pcl/features/shot.h,"(246, 7)-(246, 45)",b'~SHOTEstimation () override = default;'
pcl,../repos/pcl/features/include/pcl/features/shot.h,"(330, 7)-(330, 50)",b'~SHOTColorEstimation () override = default;'
pcl,../repos/pcl/features/include/pcl/features/shot_lrf_omp.h,"(80, 5)-(80, 65)",b'~SHOTLocalReferenceFrameEstimationOMP () over...'
pcl,../repos/pcl/features/include/pcl/features/rops_estimation.h,"(56, 3)-(227, 4)",b'class PCL_EXPORTS ROPSEstimation : public pcl...'
pcl,../repos/pcl/features/include/pcl/features/board.h,"(72, 7)-(72, 65)",b'~BOARDLocalReferenceFrameEstimation () overri...'
pcl,../repos/pcl/features/include/pcl/features/normal_3d.h,"(267, 7)-(267, 47)",b'~NormalEstimation () override = default;'
pcl,../repos/pcl/features/include/pcl/features/normal_3d.h,"(327, 7)-(337, 8)",b'inline void \n      setInputCloud (const Point...'
pcl,../repos/pcl/features/include/pcl/features/moment_of_inertia_estimation.h,"(54, 3)-(352, 4)",b'class PCL_EXPORTS MomentOfInertiaEstimation :...'
pcl,../repos/pcl/features/include/pcl/features/narf.h,"(65, 3)-(291, 4)",b'class PCL_EXPORTS Narf\n  {\n    public:\n      ...'
pcl,../repos/pcl/features/include/pcl/features/narf.h,"(244, 9)-(244, 59)",b'~FeaturePointRepresentation () override = default;'
pcl,../repos/pcl/features/include/pcl/features/narf.h,"(245, 9)-(248, 10)","b'void copyToFloatArray (const PointT& p, float...'"
pcl,../repos/pcl/kdtree/include/pcl/kdtree/kdtree_flann.h,"(203, 3)-(206, 4)",b'~KdTreeFLANN() override\n  {\n    cleanup();\n  }'
pcl,../repos/pcl/kdtree/include/pcl/kdtree/kdtree_flann.h,"(282, 3)-(286, 4)",b'std::string\n  getName() const override\n  {\n  ...'
pcl,../repos/pcl/outofcore/include/pcl/outofcore/octree_disk_container.h,"(178, 9)-(182, 10)",b'std::uint64_t\n        size () const override\n...'
pcl,../repos/pcl/outofcore/include/pcl/outofcore/octree_disk_container.h,"(186, 9)-(190, 10)",b'inline bool\n        empty () const override\n ...'
pcl,../repos/pcl/outofcore/include/pcl/outofcore/octree_disk_container.h,"(206, 9)-(216, 10)",b'inline void\n        clear () override\n       ...'
pcl,../repos/pcl/outofcore/include/pcl/outofcore/octree_disk_container.h,"(222, 9)-(259, 10)",b'void\n        convertToXYZ (const boost::files...'
pcl,../repos/pcl/outofcore/include/pcl/outofcore/outofcore_base_data.h,"(94, 5)-(219, 6)",b'class PCL_EXPORTS OutofcoreOctreeBaseMetadata...'
pcl,../repos/pcl/outofcore/include/pcl/outofcore/octree_base_node.h,"(251, 9)-(259, 10)",b'inline node_type_t\n        getNodeType () con...'
pcl,../repos/pcl/outofcore/include/pcl/outofcore/octree_base_node.h,"(262, 9)-(268, 10)",b'OutofcoreOctreeBaseNode* \n        deepCopy ()...'
pcl,../repos/pcl/outofcore/include/pcl/outofcore/visualization/geometry.h,"(27, 3)-(27, 35)",b'~Geometry () override = default;'
pcl,../repos/pcl/outofcore/include/pcl/outofcore/visualization/outofcore_cloud.h,"(94, 7)-(98, 8)",b'std::size_t\n      sizeOf() const override\n   ...'
pcl,../repos/pcl/outofcore/include/pcl/outofcore/visualization/grid.h,"(27, 3)-(27, 31)",b'~Grid () override = default;'
pcl,../repos/pcl/outofcore/include/pcl/outofcore/outofcore_breadth_first_iterator.h,"(84, 9)-(95, 10)",b'inline void\n        reset () override\n       ...'
pcl,../repos/pcl/outofcore/tools/outofcore_viewer.cpp,"(148, 3)-(200, 4)","b'void\n  Execute (vtkObject *caller, unsigned l...'"
pcl,../repos/pcl/tracking/include/pcl/tracking/pyramidal_klt.h,"(103, 3)-(103, 45)",b'~PyramidalKLTTracker() override = default;'
pcl,../repos/pcl/tracking/include/pcl/tracking/pyramidal_klt.h,"(286, 3)-(290, 4)",b'Eigen::Affine3f\n  getResult() const override\n...'
pcl,../repos/pcl/tracking/include/pcl/tracking/nearest_pair_point_cloud_coherence.h,"(59, 3)-(64, 4)",b'inline void\n  setTargetCloud(const PointCloud...'
pcl,../repos/pcl/tracking/include/pcl/tracking/particle_filter.h,"(214, 3)-(218, 4)",b'inline StateT\n  getResult() const override\n  ...'
pcl,../repos/pcl/recognition/src/cg/hough_3d.cpp,"(105, 1)-(201, 2)",b'int\npcl::recognition::HoughSpace3D::voteInt (...'
pcl,../repos/pcl/recognition/include/pcl/recognition/ransac_based/hypothesis.h,"(96, 9)-(96, 43)",b'~Hypothesis () override = default;'
pcl,../repos/pcl/recognition/include/pcl/recognition/ransac_based/rigid_transform_space.h,"(337, 5)-(406, 6)",b'class PCL_EXPORTS RigidTransformSpace\n    {\n ...'
pcl,../repos/pcl/recognition/include/pcl/recognition/ransac_based/rigid_transform_space.h,"(378, 9)-(401, 10)",b'inline bool\n        addRigidTransform (const ...'
pcl,../repos/pcl/recognition/include/pcl/recognition/ransac_based/trimmed_icp.h,"(62, 5)-(179, 6)",b'class PCL_EXPORTS TrimmedICP: public pcl::reg...'
pcl,../repos/pcl/recognition/include/pcl/recognition/ransac_based/trimmed_icp.h,"(73, 9)-(73, 43)",b'~TrimmedICP () override = default;'
pcl,../repos/pcl/recognition/include/pcl/recognition/impl/implicit_shape_model.hpp,"(1085, 63)-(1146, 2)",b'void\npcl::ism::ImplicitShapeModelEstimation<F...'
pcl,../repos/pcl/recognition/include/pcl/recognition/face_detection/rf_face_utils.h,"(94, 9)-(133, 10)",b'void createRandomFeatures(const std::size_t n...'
pcl,../repos/pcl/recognition/include/pcl/recognition/face_detection/rf_face_utils.h,"(142, 9)-(150, 10)","b'void evaluateFeature(const FT & feature, Data...'"
pcl,../repos/pcl/recognition/include/pcl/recognition/face_detection/rf_face_utils.h,"(159, 9)-(182, 10)","b'void evaluateFeature(const FT & feature, Data...'"
pcl,../repos/pcl/recognition/include/pcl/recognition/face_detection/rf_face_utils.h,"(188, 9)-(191, 10)",b'void generateCodeForEvaluation(const FT &/*fe...'
pcl,../repos/pcl/recognition/include/pcl/recognition/face_detection/rf_face_utils.h,"(207, 9)-(207, 73)",b'~PoseClassRegressionVarianceStatsEstimator() ...'
pcl,../repos/pcl/recognition/include/pcl/recognition/face_detection/rf_face_utils.h,"(210, 9)-(213, 10)",b'inline std::size_t getNumOfBranches() const o...'
pcl,../repos/pcl/recognition/include/pcl/recognition/face_detection/rf_face_utils.h,"(218, 9)-(221, 10)",b'inline LabelDataType getLabelOfNode(NodeType ...'
pcl,../repos/pcl/recognition/include/pcl/recognition/face_detection/rf_face_utils.h,"(319, 9)-(432, 10)",b'float computeInformationGain(DataSet & data_s...'
pcl,../repos/pcl/recognition/include/pcl/recognition/face_detection/rf_face_utils.h,"(440, 9)-(452, 10)",b'void computeBranchIndices(std::vector<float> ...'
pcl,../repos/pcl/recognition/include/pcl/recognition/face_detection/rf_face_utils.h,"(460, 9)-(463, 10)",b'inline void computeBranchIndex(const float re...'
pcl,../repos/pcl/recognition/include/pcl/recognition/face_detection/rf_face_utils.h,"(471, 9)-(508, 10)",b'void computeAndSetNodeStats(DataSet & data_se...'
pcl,../repos/pcl/recognition/include/pcl/recognition/face_detection/rf_face_utils.h,"(514, 9)-(517, 10)",b'void generateCodeForBranchIndexComputation(No...'
pcl,../repos/pcl/recognition/include/pcl/recognition/face_detection/rf_face_utils.h,"(523, 9)-(526, 10)",b'void generateCodeForOutput(NodeType & /*node*...'
pcl,../repos/pcl/recognition/include/pcl/recognition/hv/hv_papazov.h,"(55, 3)-(118, 4)",b'class PCL_EXPORTS PapazovHV : public Hypothes...'
pcl,../repos/pcl/recognition/include/pcl/recognition/hv/hv_go.h,"(36, 3)-(500, 4)",b'class PCL_EXPORTS GlobalHypothesesVerificatio...'
pcl,../repos/pcl/recognition/include/pcl/recognition/hv/hv_go.h,"(69, 11)-(72, 12)",b'mets::gol_type cost_function() const override...'
pcl,../repos/pcl/recognition/include/pcl/recognition/hv/hv_go.h,"(74, 11)-(80, 12)",b'void copy_from(const mets::copyable& o) overr...'
pcl,../repos/pcl/recognition/include/pcl/recognition/hv/hv_go.h,"(134, 11)-(137, 12)",b'mets::gol_type evaluate(const mets::feasible_...'
pcl,../repos/pcl/recognition/include/pcl/recognition/hv/hv_go.h,"(145, 11)-(147, 12)",b'void apply(mets::feasible_solution& /*s*/) co...'
pcl,../repos/pcl/recognition/include/pcl/recognition/hv/greedy_verification.h,"(53, 5)-(179, 6)",b'class PCL_EXPORTS GreedyVerification : public...'
pcl,../repos/pcl/recognition/include/pcl/recognition/cg/correspondence_grouping.h,"(65, 7)-(69, 8)",b'~CorrespondenceGrouping() override \n      {\n ...'
pcl,../repos/pcl/recognition/include/pcl/recognition/cg/hough_3d.h,"(174, 7)-(181, 8)",b'inline void\n      setInputCloud (const PointC...'
pcl,../repos/pcl/recognition/include/pcl/recognition/cg/hough_3d.h,"(213, 7)-(219, 8)",b'inline void\n      setSceneCloud (const SceneC...'
pcl,../repos/pcl/recognition/include/pcl/recognition/cg/hough_3d.h,"(252, 7)-(257, 8)",b'inline void\n      setModelSceneCorrespondence...'
pcl,../repos/pcl/recognition/include/pcl/recognition/color_gradient_modality.h,"(145, 7)-(149, 8)",b'inline QuantizedMap &\n      getQuantizedMap (...'
pcl,../repos/pcl/recognition/include/pcl/recognition/color_gradient_modality.h,"(152, 7)-(156, 8)",b'inline QuantizedMap &\n      getSpreadedQuanti...'
pcl,../repos/pcl/recognition/include/pcl/recognition/color_gradient_modality.h,"(189, 7)-(193, 8)",b'void \n      setInputCloud (const typename Poi...'
pcl,../repos/pcl/recognition/include/pcl/recognition/crh_alignment.h,"(90, 7)-(102, 8)",b'void\n      computeRollTransform (Eigen::Vecto...'
pcl,../repos/pcl/recognition/include/pcl/recognition/surface_normal_modality.h,"(371, 7)-(375, 8)",b'inline QuantizedMap &\n      getQuantizedMap (...'
pcl,../repos/pcl/recognition/include/pcl/recognition/surface_normal_modality.h,"(378, 7)-(382, 8)",b'inline QuantizedMap &\n      getSpreadedQuanti...'
pcl,../repos/pcl/recognition/include/pcl/recognition/surface_normal_modality.h,"(415, 7)-(419, 8)",b'void \n      setInputCloud (const typename Poi...'
pcl,../repos/pcl/io/src/lzf_image_io.cpp,"(118, 1)-(158, 2)",b'std::uint32_t\npcl::io::LZFImageWriter::compre...'
pcl,../repos/pcl/io/src/openni2/openni2_device_manager.cpp,"(85, 11)-(90, 12)",b'~OpenNI2DeviceListener () override\n          ...'
pcl,../repos/pcl/io/src/openni2/openni2_device_manager.cpp,"(92, 11)-(107, 12)",b'void\n          onDeviceStateChanged (const op...'
pcl,../repos/pcl/io/src/openni2/openni2_device_manager.cpp,"(109, 11)-(119, 12)",b'void\n          onDeviceConnected (const openn...'
pcl,../repos/pcl/io/src/openni2/openni2_device_manager.cpp,"(121, 11)-(128, 12)",b'void\n          onDeviceDisconnected (const op...'
pcl,../repos/pcl/io/include/pcl/compression/octree_pointcloud_compression.h,"(120, 9)-(120, 60)",b'~OctreePointCloudCompression () override = de...'
pcl,../repos/pcl/io/include/pcl/compression/octree_pointcloud_compression.h,"(156, 9)-(161, 10)",b'void\n        addPointIdx (const uindex_t poin...'
pcl,../repos/pcl/io/include/pcl/io/ply/ply_parser.h,"(320, 13)-(325, 14)","b'bool parse (class ply_parser& ply_parser, \n  ...'"
pcl,../repos/pcl/io/include/pcl/io/ply/ply_parser.h,"(346, 13)-(355, 14)","b'bool parse (class ply_parser& ply_parser, \n  ...'"
pcl,../repos/pcl/io/include/pcl/io/impl/pcd_io.hpp,"(240, 28)-(435, 2)",b'int\npcl::PCDWriter::writeBinaryCompressed (co...'
pcl,../repos/pcl/io/include/pcl/io/image_yuv422.h,"(52, 5)-(74, 6)",b'class PCL_EXPORTS ImageYUV422 : public pcl::i...'
pcl,../repos/pcl/io/include/pcl/io/image_yuv422.h,"(60, 9)-(64, 10)",b'inline Encoding\n        getEncoding () const ...'
pcl,../repos/pcl/io/include/pcl/io/openni_camera/openni_image_yuv_422.h,"(55, 3)-(71, 4)",b'class PCL_EXPORTS ImageYUV422 : public Image\n...'
pcl,../repos/pcl/io/include/pcl/io/openni_camera/openni_image_yuv_422.h,"(61, 5)-(65, 6)",b'inline Encoding\n    getEncoding () const over...'
pcl,../repos/pcl/io/include/pcl/io/openni_camera/openni_image_bayer_grbg.h,"(54, 3)-(83, 4)",b'class PCL_EXPORTS ImageBayerGRBG : public Ima...'
pcl,../repos/pcl/io/include/pcl/io/openni_camera/openni_image_bayer_grbg.h,"(67, 7)-(71, 8)",b'inline Encoding\n      getEncoding () const ov...'
pcl,../repos/pcl/io/include/pcl/io/openni_camera/openni_image_rgb24.h,"(55, 3)-(72, 4)",b'class PCL_EXPORTS ImageRGB24 : public Image\n ...'
pcl,../repos/pcl/io/include/pcl/io/openni_camera/openni_image_rgb24.h,"(62, 5)-(66, 6)",b'inline Encoding\n    getEncoding () const over...'
pcl,../repos/pcl/io/include/pcl/io/ensenso_grabber.h,"(66, 3)-(485, 4)",b'class PCL_EXPORTS EnsensoGrabber : public Gra...'
pcl,../repos/pcl/io/include/pcl/io/pcd_io.h,"(54, 3)-(799, 2)",b'class PCL_EXPORTS PCDReader : public FileRead...'
pcl,../repos/pcl/io/include/pcl/io/pcd_io.h,"(60, 7)-(60, 40)",b'~PCDReader () override = default;'
pcl,../repos/pcl/io/include/pcl/io/pcd_io.h,"(298, 3)-(619, 4)",b'class PCL_EXPORTS PCDWriter : public FileWrit...'
pcl,../repos/pcl/io/include/pcl/io/pcd_io.h,"(302, 7)-(302, 39)",b'~PCDWriter() override = default;'
pcl,../repos/pcl/io/include/pcl/io/pcd_io.h,"(464, 7)-(473, 8)",b'inline int\n      write (const std::string &fi...'
pcl,../repos/pcl/io/include/pcl/io/oni_grabber.h,"(67, 3)-(198, 4)",b'class PCL_EXPORTS ONIGrabber : public Grabber...'
pcl,../repos/pcl/io/include/pcl/io/image_grabber.h,"(59, 3)-(195, 4)",b'class PCL_EXPORTS ImageGrabberBase : public G...'
pcl,../repos/pcl/io/include/pcl/io/image_grabber.h,"(220, 5)-(220, 50)",b'~ImageGrabber () noexcept override = default;'
pcl,../repos/pcl/io/include/pcl/io/ascii_io.h,"(55, 3)-(152, 3)",b'class PCL_EXPORTS ASCIIReader : public FileRe...'
pcl,../repos/pcl/io/include/pcl/io/tim_grabber.h,"(71, 1)-(166, 2)",b'class PCL_EXPORTS TimGrabber : public Grabber...'
pcl,../repos/pcl/io/include/pcl/io/pcd_grabber.h,"(63, 3)-(135, 4)",b'class PCL_EXPORTS PCDGrabberBase : public Gra...'
pcl,../repos/pcl/io/include/pcl/io/pcd_grabber.h,"(149, 7)-(152, 8)",b'~PCDGrabber () noexcept override\n      {\n    ...'
pcl,../repos/pcl/io/include/pcl/io/image_rgb24.h,"(52, 5)-(84, 6)",b'class PCL_EXPORTS ImageRGB24 : public pcl::io...'
pcl,../repos/pcl/io/include/pcl/io/image_rgb24.h,"(60, 9)-(64, 10)",b'inline Encoding\n        getEncoding () const ...'
pcl,../repos/pcl/io/include/pcl/io/openni2/openni2_frame_listener.h,"(64, 11)-(64, 55)",b'~OpenNI2FrameListener () override = default;'
pcl,../repos/pcl/io/include/pcl/io/openni2/openni2_frame_listener.h,"(66, 11)-(71, 12)",b'inline void\n          onNewFrame (openni::Vid...'
pcl,../repos/pcl/io/include/pcl/io/openni2/openni2_metadata_wrapper.h,"(62, 11)-(66, 12)",b'inline const void*\n          getData () const...'
pcl,../repos/pcl/io/include/pcl/io/openni2/openni2_metadata_wrapper.h,"(68, 11)-(72, 12)",b'inline unsigned\n          getDataSize () cons...'
pcl,../repos/pcl/io/include/pcl/io/openni2/openni2_metadata_wrapper.h,"(74, 11)-(78, 12)",b'inline unsigned\n          getWidth () const o...'
pcl,../repos/pcl/io/include/pcl/io/openni2/openni2_metadata_wrapper.h,"(80, 11)-(84, 12)",b'inline unsigned\n          getHeight () const ...'
pcl,../repos/pcl/io/include/pcl/io/openni2/openni2_metadata_wrapper.h,"(86, 11)-(90, 12)",b'inline unsigned\n          getFrameID () const...'
pcl,../repos/pcl/io/include/pcl/io/openni2/openni2_metadata_wrapper.h,"(92, 11)-(96, 12)",b'inline std::uint64_t\n          getTimestamp (...'
pcl,../repos/pcl/io/include/pcl/io/ply_io.h,"(80, 3)-(526, 4)",b'class PCL_EXPORTS PLYReader : public FileRead...'
pcl,../repos/pcl/io/include/pcl/io/ply_io.h,"(111, 7)-(111, 53)",b'~PLYReader () override { delete range_grid_; }'
pcl,../repos/pcl/io/include/pcl/io/ply_io.h,"(532, 3)-(719, 4)",b'class PCL_EXPORTS PLYWriter : public FileWrit...'
pcl,../repos/pcl/io/include/pcl/io/ply_io.h,"(539, 7)-(539, 40)",b'~PLYWriter () override = default;'
pcl,../repos/pcl/io/include/pcl/io/ply_io.h,"(617, 7)-(626, 8)",b'inline int\n      write (const std::string &fi...'
pcl,../repos/pcl/io/include/pcl/io/hdl_grabber.h,"(61, 3)-(321, 4)",b'class PCL_EXPORTS HDLGrabber : public Grabber...'
pcl,../repos/pcl/io/include/pcl/io/openni2_grabber.h,"(73, 5)-(496, 6)",b'class PCL_EXPORTS OpenNI2Grabber : public Gra...'
pcl,../repos/pcl/io/include/pcl/io/openni_grabber.h,"(69, 3)-(493, 4)",b'class PCL_EXPORTS OpenNIGrabber : public Grab...'
pcl,../repos/pcl/io/include/pcl/io/real_sense_2_grabber.h,"(59, 3)-(217, 4)",b'class PCL_EXPORTS RealSense2Grabber : public ...'
pcl,../repos/pcl/io/include/pcl/io/real_sense_2_grabber.h,"(103, 5)-(105, 38)",b'std::string\n    getName () const override {\n ...'
pcl,../repos/pcl/io/include/pcl/io/vlp_grabber.h,"(56, 3)-(123, 4)",b'class PCL_EXPORTS VLPGrabber : public HDLGrab...'
pcl,../repos/pcl/io/include/pcl/io/dinast_grabber.h,"(59, 3)-(216, 4)",b'class PCL_EXPORTS DinastGrabber: public Grabb...'
pcl,../repos/pcl/io/include/pcl/io/dinast_grabber.h,"(82, 7)-(84, 36)",b'std::string\n      getName () const override\n ...'
pcl,../repos/pcl/io/include/pcl/io/robot_eye_grabber.h,"(59, 3)-(151, 4)",b'class PCL_EXPORTS RobotEyeGrabber : public Gr...'
pcl,../repos/pcl/io/include/pcl/io/obj_io.h,"(47, 3)-(347, 2)",b'class PCL_EXPORTS MTLReader\n  {\n    public:\n ...'
pcl,../repos/pcl/io/include/pcl/io/obj_io.h,"(93, 3)-(249, 4)",b'class PCL_EXPORTS OBJReader : public FileRead...'
pcl,../repos/pcl/io/include/pcl/io/obj_io.h,"(99, 7)-(99, 39)",b'~OBJReader() override = default;'
pcl,../repos/pcl/io/include/pcl/io/point_cloud_image_extractors.h,"(168, 9)-(168, 68)",b'~PointCloudImageExtractorWithScaling () overr...'
pcl,../repos/pcl/io/include/pcl/io/point_cloud_image_extractors.h,"(213, 9)-(213, 72)",b'~PointCloudImageExtractorFromNormalField () o...'
pcl,../repos/pcl/io/include/pcl/io/point_cloud_image_extractors.h,"(240, 9)-(240, 69)",b'~PointCloudImageExtractorFromRGBField () over...'
pcl,../repos/pcl/io/include/pcl/io/point_cloud_image_extractors.h,"(285, 9)-(285, 71)",b'~PointCloudImageExtractorFromLabelField () ov...'
pcl,../repos/pcl/io/include/pcl/io/point_cloud_image_extractors.h,"(340, 9)-(340, 67)",b'~PointCloudImageExtractorFromZField () overri...'
pcl,../repos/pcl/io/include/pcl/io/point_cloud_image_extractors.h,"(382, 9)-(382, 75)",b'~PointCloudImageExtractorFromCurvatureField (...'
pcl,../repos/pcl/io/include/pcl/io/point_cloud_image_extractors.h,"(424, 9)-(424, 75)",b'~PointCloudImageExtractorFromIntensityField (...'
pcl,../repos/pcl/io/include/pcl/io/lzf_image_io.h,"(186, 5)-(225, 6)",b'class PCL_EXPORTS LZFDepth16ImageReader : pub...'
pcl,../repos/pcl/io/include/pcl/io/lzf_image_io.h,"(195, 9)-(195, 54)",b'~LZFDepth16ImageReader () override = default;'
pcl,../repos/pcl/io/include/pcl/io/lzf_image_io.h,"(237, 5)-(625, 2)",b'class PCL_EXPORTS LZFRGB24ImageReader : publi...'
pcl,../repos/pcl/io/include/pcl/io/lzf_image_io.h,"(245, 9)-(245, 52)",b'~LZFRGB24ImageReader () override = default;'
pcl,../repos/pcl/io/include/pcl/io/lzf_image_io.h,"(284, 5)-(310, 6)",b'class PCL_EXPORTS LZFYUV422ImageReader : publ...'
pcl,../repos/pcl/io/include/pcl/io/lzf_image_io.h,"(292, 9)-(292, 53)",b'~LZFYUV422ImageReader () override = default;'
pcl,../repos/pcl/io/include/pcl/io/lzf_image_io.h,"(322, 5)-(348, 6)",b'class PCL_EXPORTS LZFBayer8ImageReader : publ...'
pcl,../repos/pcl/io/include/pcl/io/lzf_image_io.h,"(330, 9)-(330, 53)",b'~LZFBayer8ImageReader () override = default;'
pcl,../repos/pcl/io/include/pcl/io/lzf_image_io.h,"(477, 5)-(519, 6)",b'class PCL_EXPORTS LZFDepth16ImageWriter : pub...'
pcl,../repos/pcl/io/include/pcl/io/lzf_image_io.h,"(484, 9)-(484, 54)",b'~LZFDepth16ImageWriter () override = default;'
pcl,../repos/pcl/io/include/pcl/io/lzf_image_io.h,"(531, 5)-(624, 4)",b'class PCL_EXPORTS LZFRGB24ImageWriter : publi...'
pcl,../repos/pcl/io/include/pcl/io/lzf_image_io.h,"(537, 9)-(537, 52)",b'~LZFRGB24ImageWriter () override = default;'
pcl,../repos/pcl/io/include/pcl/io/lzf_image_io.h,"(573, 5)-(592, 6)",b'class PCL_EXPORTS LZFYUV422ImageWriter : publ...'
pcl,../repos/pcl/io/include/pcl/io/lzf_image_io.h,"(579, 9)-(579, 53)",b'~LZFYUV422ImageWriter () override = default;'
pcl,../repos/pcl/io/include/pcl/io/lzf_image_io.h,"(604, 5)-(623, 6)",b'class PCL_EXPORTS LZFBayer8ImageWriter : publ...'
pcl,../repos/pcl/io/include/pcl/io/lzf_image_io.h,"(610, 9)-(610, 53)",b'~LZFBayer8ImageWriter () override = default;'
pcl,../repos/pcl/people/src/hog.cpp,"(169, 1)-(329, 2)","b'void \npcl::people::HOG::gradHist( float *M, f...'"
pcl,../repos/pcl/octree/include/pcl/octree/octree_pointcloud_density.h,"(56, 3)-(56, 58)",b'~OctreePointCloudDensityContainer() override ...'
pcl,../repos/pcl/octree/include/pcl/octree/octree_pointcloud_density.h,"(68, 3)-(75, 4)",b'bool\n  operator==(const OctreeContainerBase& ...'
pcl,../repos/pcl/octree/include/pcl/octree/octree_pointcloud_density.h,"(79, 3)-(83, 4)",b'void\n  addPointIndex(index_t) override\n  {\n  ...'
pcl,../repos/pcl/octree/include/pcl/octree/octree_pointcloud_density.h,"(95, 3)-(99, 4)",b'void\n  reset() override\n  {\n    point_counter...'
pcl,../repos/pcl/octree/include/pcl/octree/octree_pointcloud_density.h,"(129, 3)-(129, 49)",b'~OctreePointCloudDensity() override = default;'
pcl,../repos/pcl/octree/include/pcl/octree/octree_pointcloud_voxelcentroid.h,"(58, 3)-(58, 64)",b'~OctreePointCloudVoxelCentroidContainer() ove...'
pcl,../repos/pcl/octree/include/pcl/octree/octree_pointcloud_voxelcentroid.h,"(70, 3)-(74, 4)",b'bool\n  operator==(const OctreeContainerBase&)...'
pcl,../repos/pcl/octree/include/pcl/octree/octree_pointcloud_voxelcentroid.h,"(107, 3)-(114, 4)",b'void\n  reset() override\n  {\n    using namespa...'
pcl,../repos/pcl/octree/include/pcl/octree/octree_pointcloud_voxelcentroid.h,"(153, 3)-(153, 55)",b'~OctreePointCloudVoxelCentroid() override = d...'
pcl,../repos/pcl/octree/include/pcl/octree/octree_pointcloud_voxelcentroid.h,"(158, 3)-(176, 4)",b'void\n  addPointIdx(const uindex_t pointIdx_ar...'
pcl,../repos/pcl/octree/include/pcl/octree/octree_container.h,"(141, 3)-(145, 4)",b'uindex_t\n  getSize() const override\n  {\n    r...'
pcl,../repos/pcl/octree/include/pcl/octree/octree_container.h,"(148, 3)-(150, 5)",b'void\n  reset() override\n  {}'
pcl,../repos/pcl/octree/include/pcl/octree/octree_container.h,"(155, 3)-(157, 5)",b'void\n  addPointIndex(index_t) override\n  {}'
pcl,../repos/pcl/octree/include/pcl/octree/octree_container.h,"(162, 3)-(168, 4)",b'index_t\n  getPointIndex() const override\n  {\n...'
pcl,../repos/pcl/octree/include/pcl/octree/octree_container.h,"(173, 3)-(175, 5)",b'void\n  getPointIndices(Indices&) const overri...'
pcl,../repos/pcl/octree/include/pcl/octree/octree_container.h,"(198, 3)-(204, 4)",b'bool\n  operator==(const OctreeContainerBase& ...'
pcl,../repos/pcl/octree/include/pcl/octree/octree_container.h,"(210, 3)-(214, 4)",b'void\n  addPointIndex(index_t data_arg) overri...'
pcl,../repos/pcl/octree/include/pcl/octree/octree_container.h,"(220, 3)-(224, 4)",b'index_t\n  getPointIndex() const override\n  {\n...'
pcl,../repos/pcl/octree/include/pcl/octree/octree_container.h,"(231, 3)-(236, 4)",b'void\n  getPointIndices(Indices& data_vector_a...'
pcl,../repos/pcl/octree/include/pcl/octree/octree_container.h,"(241, 3)-(245, 4)",b'uindex_t\n  getSize() const override\n  {\n    r...'
pcl,../repos/pcl/octree/include/pcl/octree/octree_container.h,"(248, 3)-(252, 4)",b'void\n  reset() override\n  {\n    data_ = stati...'
pcl,../repos/pcl/octree/include/pcl/octree/octree_container.h,"(276, 3)-(283, 4)",b'bool\n  operator==(const OctreeContainerBase& ...'
pcl,../repos/pcl/octree/include/pcl/octree/octree_container.h,"(289, 3)-(293, 4)",b'void\n  addPointIndex(index_t data_arg) overri...'
pcl,../repos/pcl/octree/include/pcl/octree/octree_container.h,"(299, 3)-(303, 4)",b'index_t\n  getPointIndex() const override\n  {\n...'
pcl,../repos/pcl/octree/include/pcl/octree/octree_container.h,"(310, 3)-(315, 4)",b'void\n  getPointIndices(Indices& data_vector_a...'
pcl,../repos/pcl/octree/include/pcl/octree/octree_container.h,"(330, 3)-(334, 4)",b'uindex_t\n  getSize() const override\n  {\n    r...'
pcl,../repos/pcl/octree/include/pcl/octree/octree_container.h,"(337, 3)-(341, 4)",b'void\n  reset() override\n  {\n    leafDataTVect...'
pcl,../repos/pcl/octree/include/pcl/octree/octree2buf_base.h,"(82, 3)-(82, 44)",b'~BufferedBranchNode() override = default;'
pcl,../repos/pcl/octree/include/pcl/octree/octree2buf_base.h,"(85, 3)-(89, 4)",b'BufferedBranchNode*\n  deepCopy() const overri...'
pcl,../repos/pcl/octree/include/pcl/octree/octree2buf_base.h,"(130, 3)-(134, 4)",b'node_type_t\n  getNodeType() const override\n  ...'
pcl,../repos/pcl/octree/include/pcl/octree/octree_pointcloud_occupancy.h,"(97, 3)-(97, 51)",b'~OctreePointCloudOccupancy() override = default;'
pcl,../repos/pcl/octree/include/pcl/octree/octree_iterator.h,"(752, 3)-(762, 4)",b'OctreeNode*\n  operator*() const override\n  {\n...'
pcl,../repos/pcl/octree/include/pcl/octree/octree_iterator.h,"(828, 3)-(838, 4)",b'OctreeNode*\n  operator*() const override\n  {\n...'
pcl,../repos/pcl/octree/include/pcl/octree/octree_pointcloud_adjacency_container.h,"(85, 3)-(85, 60)",b'~OctreePointCloudAdjacencyContainer() overrid...'
pcl,../repos/pcl/octree/include/pcl/octree/octree_pointcloud_adjacency_container.h,"(122, 3)-(126, 4)",b'uindex_t\n  getSize() const override\n  {\n    r...'
pcl,../repos/pcl/octree/include/pcl/octree/octree_pointcloud_adjacency_container.h,"(178, 3)-(184, 4)",b'void\n  reset() override\n  {\n    neighbors_.cl...'
pcl,../repos/pcl/octree/include/pcl/octree/octree_pointcloud_singlepoint.h,"(83, 3)-(83, 53)",b'~OctreePointCloudSinglePoint() override = default;'
pcl,../repos/pcl/octree/include/pcl/octree/octree_nodes.h,"(93, 3)-(93, 40)",b'~OctreeLeafNode() override = default;'
pcl,../repos/pcl/octree/include/pcl/octree/octree_nodes.h,"(96, 3)-(100, 4)",b'OctreeLeafNode<ContainerT>*\n  deepCopy() cons...'
pcl,../repos/pcl/octree/include/pcl/octree/octree_nodes.h,"(103, 3)-(107, 4)",b'node_type_t\n  getNodeType() const override\n  ...'
pcl,../repos/pcl/octree/include/pcl/octree/octree_nodes.h,"(208, 3)-(212, 4)",b'OctreeBranchNode*\n  deepCopy() const override...'
pcl,../repos/pcl/octree/include/pcl/octree/octree_nodes.h,"(216, 3)-(216, 42)",b'~OctreeBranchNode() override = default;'
pcl,../repos/pcl/octree/include/pcl/octree/octree_nodes.h,"(286, 3)-(290, 4)",b'node_type_t\n  getNodeType() const override\n  ...'
pcl,../repos/pcl/octree/include/pcl/octree/octree_pointcloud_pointvector.h,"(83, 3)-(83, 53)",b'~OctreePointCloudPointVector() override = default;'
pcl,../repos/pcl/stereo/include/pcl/stereo/stereo_grabber.h,"(51, 1)-(123, 2)",b'class PCL_EXPORTS StereoGrabberBase : public ...'
pcl,../repos/pcl/stereo/include/pcl/stereo/digital_elevation_map.h,"(76, 1)-(137, 2)",b'class PCL_EXPORTS DigitalElevationMapBuilder ...'
pcl,../repos/pcl/stereo/include/pcl/stereo/stereo_matching.h,"(371, 1)-(414, 2)",b'class PCL_EXPORTS GrayStereoMatching : public...'
pcl,../repos/pcl/stereo/include/pcl/stereo/stereo_matching.h,"(428, 1)-(448, 2)",b'class PCL_EXPORTS BlockBasedStereoMatching : ...'
pcl,../repos/pcl/stereo/include/pcl/stereo/stereo_matching.h,"(431, 3)-(431, 50)",b'~BlockBasedStereoMatching() override = default;'
pcl,../repos/pcl/stereo/include/pcl/stereo/stereo_matching.h,"(464, 1)-(533, 2)",b'class PCL_EXPORTS AdaptiveCostSOStereoMatchin...'
pcl,../repos/pcl/stereo/include/pcl/stereo/stereo_matching.h,"(468, 3)-(468, 54)",b'~AdaptiveCostSOStereoMatching() override = de...'
pcl,../repos/pcl/simulation/include/pcl/simulation/model.h,"(67, 1)-(85, 2)",b'class PCL_EXPORTS TriangleMeshModel : public ...'
pcl,../repos/pcl/simulation/include/pcl/simulation/model.h,"(87, 1)-(113, 2)",b'class PCL_EXPORTS PolygonMeshModel : public M...'
pcl,../repos/pcl/simulation/include/pcl/simulation/model.h,"(115, 1)-(145, 2)",b'class PCL_EXPORTS PointCloudModel : public Mo...'
pcl,../repos/pcl/keypoints/src/brisk_2d.cpp,"(90, 1)-(226, 2)",b'void \npcl::keypoints::brisk::ScaleSpace::getK...'
pcl,../repos/pcl/keypoints/include/pcl/keypoints/impl/sift_keypoint.hpp,"(97, 50)-(151, 2)","b'void \npcl::SIFTKeypoint<PointInT, PointOutT>:...'"
pcl,../repos/pcl/keypoints/include/pcl/keypoints/brisk_2d.h,"(99, 7)-(99, 46)",b'~BriskKeypoint2D () override = default;'
pcl,../repos/pcl/keypoints/include/pcl/keypoints/susan.h,"(104, 7)-(104, 44)",b'~SUSANKeypoint () override = default;'
pcl,../repos/pcl/keypoints/include/pcl/keypoints/keypoint.h,"(84, 7)-(84, 39)",b'~Keypoint () override = default;'
pcl,../repos/pcl/keypoints/include/pcl/keypoints/agast_2d.h,"(266, 7)-(327, 8)",b'class PCL_EXPORTS AgastDetector7_12s : public...'
pcl,../repos/pcl/keypoints/include/pcl/keypoints/agast_2d.h,"(288, 11)-(288, 53)",b'~AgastDetector7_12s () override = default;'
pcl,../repos/pcl/keypoints/include/pcl/keypoints/agast_2d.h,"(337, 7)-(398, 8)",b'class PCL_EXPORTS AgastDetector5_8 : public A...'
pcl,../repos/pcl/keypoints/include/pcl/keypoints/agast_2d.h,"(359, 11)-(359, 51)",b'~AgastDetector5_8 () override = default;'
pcl,../repos/pcl/keypoints/include/pcl/keypoints/agast_2d.h,"(408, 7)-(469, 8)",b'class PCL_EXPORTS OastDetector9_16 : public A...'
pcl,../repos/pcl/keypoints/include/pcl/keypoints/agast_2d.h,"(430, 11)-(430, 51)",b'~OastDetector9_16 () override = default;'
pcl,../repos/pcl/keypoints/include/pcl/keypoints/agast_2d.h,"(580, 7)-(580, 50)",b'~AgastKeypoint2DBase () override = default;'
pcl,../repos/pcl/keypoints/include/pcl/keypoints/agast_2d.h,"(738, 7)-(738, 46)",b'~AgastKeypoint2D () override = default;'
pcl,../repos/pcl/keypoints/include/pcl/keypoints/agast_2d.h,"(787, 7)-(787, 46)",b'~AgastKeypoint2D () override = default;'
pcl,../repos/pcl/keypoints/include/pcl/keypoints/iss_3d.h,"(123, 7)-(127, 8)",b'~ISSKeypoint3D () override\n      {\n        de...'
pcl,../repos/pcl/keypoints/include/pcl/keypoints/harris_3d.h,"(94, 7)-(94, 47)",b'~HarrisKeypoint3D () override = default;'
pcl,../repos/pcl/keypoints/include/pcl/keypoints/harris_3d.h,"(148, 7)-(149, 108)",b'void\n      setSearchSurface (const PointCloud...'
pcl,../repos/pcl/keypoints/include/pcl/keypoints/narf_keypoint.h,"(60, 1)-(185, 2)",b'class PCL_EXPORTS NarfKeypoint : public Keypo...'
pcl,../repos/pcl/gpu/kinfu_large_scale/tools/color_handler.h,"(66, 7)-(91, 8)",b'vtkSmartPointer<vtkDataArray>\n      getColor ...'
pcl,../repos/pcl/gpu/kinfu_large_scale/tools/color_handler.h,"(94, 7)-(94, 69)",b'std::string getFieldName () const override { ...'
pcl,../repos/pcl/gpu/kinfu_large_scale/tools/color_handler.h,"(95, 7)-(95, 97)",b'inline std::string getName () const override ...'
pcl,../repos/pcl/gpu/people/include/pcl/gpu/people/probability_processor.h,"(60, 7)-(110, 8)",b'class PCL_EXPORTS ProbabilityProcessor\n      ...'
pcl,../repos/pcl/gpu/people/include/pcl/gpu/people/bodyparts_detector.h,"(64, 7)-(154, 8)",b'class PCL_EXPORTS RDFBodyPartsDetector\n      ...'
pcl,../repos/pcl/gpu/people/tools/people_pcd_prob.cpp,"(120, 5)-(129, 6)","b'PeoplePCDApp () : counter_(0), cmap_device_(R...'"
pcl,../repos/pcl/gpu/people/tools/people_pcd_prob.cpp,"(159, 5)-(183, 6)",b'void\n    visualizeAndWrite(const pcl::PointCl...'
pcl,../repos/pcl/gpu/people/tools/people_pcd_prob.cpp,"(281, 1)-(382, 2)","b'int main(int argc, char** argv)\n{\n  PCL_INFO(...'"
pcl,../repos/pcl/gpu/people/tools/people_app.cpp,"(147, 5)-(174, 6)","b'PeoplePCDApp (pcl::Grabber& capture, bool wri...'"
pcl,../repos/pcl/gpu/people/tools/people_app.cpp,"(176, 5)-(215, 6)",b'void\n    visualizeAndWrite()\n    {\n      cons...'
pcl,../repos/pcl/gpu/people/tools/people_app.cpp,"(275, 5)-(326, 6)",b'void\n    startMainLoop ()\n    {         \n    ...'
pcl,../repos/pcl/gpu/octree/src/utils/scan_block.hpp,"(65, 9)-(107, 10)",b'__device__ __forceinline__ T scan_block( vola...'
pcl,../repos/pcl/gpu/kinfu/tools/camera_pose.h,"(95, 5)-(108, 6)",b'void\n    processPose (const Eigen::Affine3f &...'
pcl,../repos/pcl/gpu/kinfu/tools/kinfu_app.cpp,"(140, 9)-(166, 10)",b'vtkSmartPointer<vtkDataArray>\n        getColo...'
pcl,../repos/pcl/gpu/kinfu/tools/kinfu_app.cpp,"(169, 9)-(170, 70)",b'std::string \n        getFieldName () const ov...'
pcl,../repos/pcl/gpu/kinfu/tools/kinfu_app.cpp,"(171, 9)-(172, 81)",b'std::string \n        getName () const overrid...'
pcl,../repos/pcl/2d/include/pcl/2d/convolution.h,"(49, 1)-(142, 2)",b'struct EIGEN_ALIGN16 PointXYZIEdge {\n  PCL_AD...'
pcl,../repos/pcl/2d/include/pcl/2d/convolution.h,"(134, 3)-(136, 5)",b'void\n  applyFilter(pcl::PointCloud<PointT>&) ...'
pcl,../repos/pcl/visualization/src/pcl_visualizer.cpp,"(3551, 1)-(3959, 2)",b'void\npcl::visualization::PCLVisualizer::rende...'
pcl,../repos/pcl/visualization/src/cloud_viewer.cpp,"(90, 5)-(94, 6)",b'bool\n    popped () const override\n    {\n     ...'
pcl,../repos/pcl/visualization/src/interactor_style.cpp,"(522, 1)-(1161, 2)",b'void\npcl::visualization::PCLVisualizerInterac...'
pcl,../repos/pcl/visualization/include/pcl/visualization/range_image_visualizer.h,"(52, 5)-(111, 6)",b'class PCL_EXPORTS RangeImageVisualizer : publ...'
pcl,../repos/pcl/visualization/include/pcl/visualization/point_cloud_color_handlers.h,"(525, 5)-(584, 6)",b'class PCL_EXPORTS PointCloudColorHandler<pcl:...'
pcl,../repos/pcl/visualization/include/pcl/visualization/point_cloud_color_handlers.h,"(592, 5)-(619, 6)",b'class PCL_EXPORTS PointCloudColorHandlerRando...'
pcl,../repos/pcl/visualization/include/pcl/visualization/point_cloud_color_handlers.h,"(628, 5)-(658, 6)",b'class PCL_EXPORTS PointCloudColorHandlerCusto...'
pcl,../repos/pcl/visualization/include/pcl/visualization/point_cloud_color_handlers.h,"(667, 5)-(691, 6)",b'class PCL_EXPORTS PointCloudColorHandlerRGBFi...'
pcl,../repos/pcl/visualization/include/pcl/visualization/point_cloud_color_handlers.h,"(699, 5)-(729, 7)",b'class PCL_EXPORTS PointCloudColorHandlerHSVFi...'
pcl,../repos/pcl/visualization/include/pcl/visualization/point_cloud_color_handlers.h,"(738, 5)-(767, 6)",b'class PCL_EXPORTS PointCloudColorHandlerGener...'
pcl,../repos/pcl/visualization/include/pcl/visualization/point_cloud_color_handlers.h,"(776, 5)-(800, 6)",b'class PCL_EXPORTS PointCloudColorHandlerRGBAF...'
pcl,../repos/pcl/visualization/include/pcl/visualization/point_cloud_color_handlers.h,"(809, 5)-(837, 6)",b'class PCL_EXPORTS PointCloudColorHandlerLabel...'
pcl,../repos/pcl/visualization/include/pcl/visualization/histogram_visualizer.h,"(56, 5)-(250, 6)",b'class PCL_EXPORTS PCLHistogramVisualizer\n    ...'
pcl,../repos/pcl/visualization/include/pcl/visualization/point_picking_event.h,"(59, 5)-(90, 7)",b'class PCL_EXPORTS PointPickingCallback : publ...'
pcl,../repos/pcl/visualization/include/pcl/visualization/point_picking_event.h,"(68, 9)-(68, 53)",b'~PointPickingCallback () override = default;'
pcl,../repos/pcl/visualization/include/pcl/visualization/vtk/vtkFixedXRenderWindowInteractor.h,"(43, 1)-(156, 2)",b'class VTKRENDERINGUI_EXPORT vtkXRenderWindowI...'
pcl,../repos/pcl/visualization/include/pcl/visualization/vtk/pcl_context_item.h,"(59, 5)-(69, 6)",b'struct PCL_EXPORTS PCLContextItem : public vt...'
pcl,../repos/pcl/visualization/include/pcl/visualization/vtk/pcl_context_item.h,"(63, 7)-(63, 63)",b'bool Paint (vtkContext2D *) override { return...'
pcl,../repos/pcl/visualization/include/pcl/visualization/vtk/pcl_context_item.h,"(76, 5)-(86, 6)",b'struct PCL_EXPORTS PCLContextImageItem : publ...'
pcl,../repos/pcl/visualization/include/pcl/visualization/vtk/pcl_context_item.h,"(90, 7)-(96, 8)",b'struct PCL_EXPORTS Point : public PCLContextI...'
pcl,../repos/pcl/visualization/include/pcl/visualization/vtk/pcl_context_item.h,"(98, 7)-(104, 8)",b'struct PCL_EXPORTS Line : public PCLContextIt...'
pcl,../repos/pcl/visualization/include/pcl/visualization/vtk/pcl_context_item.h,"(106, 7)-(112, 8)",b'struct PCL_EXPORTS Circle : public PCLContext...'
pcl,../repos/pcl/visualization/include/pcl/visualization/vtk/pcl_context_item.h,"(114, 7)-(119, 8)",b'struct PCL_EXPORTS Disk : public Circle\n     ...'
pcl,../repos/pcl/visualization/include/pcl/visualization/vtk/pcl_context_item.h,"(121, 7)-(127, 8)",b'struct PCL_EXPORTS Rectangle : public PCLCont...'
pcl,../repos/pcl/visualization/include/pcl/visualization/vtk/pcl_context_item.h,"(129, 7)-(134, 8)",b'struct PCL_EXPORTS FilledRectangle : public R...'
pcl,../repos/pcl/visualization/include/pcl/visualization/vtk/pcl_context_item.h,"(136, 7)-(142, 8)",b'struct PCL_EXPORTS Points : public PCLContext...'
pcl,../repos/pcl/visualization/include/pcl/visualization/vtk/pcl_context_item.h,"(144, 7)-(149, 8)",b'struct PCL_EXPORTS Polygon : public Points\n  ...'
pcl,../repos/pcl/visualization/include/pcl/visualization/vtk/pcl_context_item.h,"(151, 7)-(158, 8)",b'struct PCL_EXPORTS Text : public PCLContextIt...'
pcl,../repos/pcl/visualization/include/pcl/visualization/vtk/pcl_context_item.h,"(160, 7)-(170, 8)",b'struct PCL_EXPORTS Markers : public Points\n  ...'
pcl,../repos/pcl/visualization/include/pcl/visualization/pcl_painter2D.h,"(123, 7)-(127, 8)",b'void draw (vtkContext2D * painter) override\n ...'
pcl,../repos/pcl/visualization/include/pcl/visualization/pcl_painter2D.h,"(137, 7)-(141, 8)",b'void draw (vtkContext2D * painter) override\n ...'
pcl,../repos/pcl/visualization/include/pcl/visualization/pcl_painter2D.h,"(151, 7)-(155, 8)",b'void draw (vtkContext2D * painter) override\n ...'
pcl,../repos/pcl/visualization/include/pcl/visualization/pcl_painter2D.h,"(165, 7)-(169, 8)",b'void draw (vtkContext2D * painter) override\n ...'
pcl,../repos/pcl/visualization/include/pcl/visualization/pcl_painter2D.h,"(190, 7)-(194, 8)",b'void draw (vtkContext2D * painter) override\n ...'
pcl,../repos/pcl/visualization/include/pcl/visualization/pcl_painter2D.h,"(203, 5)-(461, 6)",b'class PCL_EXPORTS PCLPainter2D: public vtkCon...'
pcl,../repos/pcl/visualization/include/pcl/visualization/pcl_painter2D.h,"(442, 11)-(454, 12)",b'void \n          Execute (vtkObject* vtkNotUse...'
pcl,../repos/pcl/visualization/include/pcl/visualization/pcl_visualizer.h,"(93, 5)-(2376, 6)",b'class PCL_EXPORTS PCLVisualizer\n    {\n      p...'
pcl,../repos/pcl/visualization/include/pcl/visualization/pcl_visualizer.h,"(2043, 9)-(2054, 10)",b'struct PCL_EXPORTS ExitMainLoopTimerCallback ...'
pcl,../repos/pcl/visualization/include/pcl/visualization/pcl_visualizer.h,"(2056, 9)-(2066, 10)",b'struct PCL_EXPORTS ExitCallback : public vtkC...'
pcl,../repos/pcl/visualization/include/pcl/visualization/pcl_visualizer.h,"(2069, 9)-(2084, 10)",b'struct PCL_EXPORTS FPSCallback : public vtkCo...'
pcl,../repos/pcl/visualization/include/pcl/visualization/pcl_plotter.h,"(75, 5)-(468, 6)",b'class PCL_EXPORTS PCLPlotter\n    {\n      publ...'
pcl,../repos/pcl/visualization/include/pcl/visualization/interactor_style.h,"(107, 5)-(395, 6)",b'class PCL_EXPORTS PCLVisualizerInteractorStyl...'
pcl,../repos/pcl/visualization/include/pcl/visualization/interactor_style.h,"(118, 9)-(118, 61)",b'~PCLVisualizerInteractorStyle () override = d...'
pcl,../repos/pcl/visualization/include/pcl/visualization/image_viewer.h,"(75, 5)-(95, 6)",b'class PCL_EXPORTS ImageViewerInteractorStyle ...'
pcl,../repos/pcl/visualization/include/pcl/visualization/image_viewer.h,"(81, 9)-(81, 48)",b'void OnMouseWheelForward () override {}'
pcl,../repos/pcl/visualization/include/pcl/visualization/image_viewer.h,"(82, 9)-(82, 49)",b'void OnMouseWheelBackward () override {}'
pcl,../repos/pcl/visualization/include/pcl/visualization/image_viewer.h,"(83, 9)-(83, 47)",b'void OnMiddleButtonDown () override {}'
pcl,../repos/pcl/visualization/include/pcl/visualization/image_viewer.h,"(84, 9)-(84, 46)",b'void OnRightButtonDown () override {}'
pcl,../repos/pcl/visualization/include/pcl/visualization/image_viewer.h,"(118, 5)-(941, 10)",b'class PCL_EXPORTS ImageViewer\n    {\n      pub...'
pcl,../repos/pcl/visualization/include/pcl/visualization/image_viewer.h,"(929, 11)-(938, 12)",b'void \n          Execute (vtkObject* vtkNotUse...'
pcl,../repos/pcl/visualization/include/pcl/visualization/image_viewer.h,"(950, 11)-(957, 12)","b'void \n          Execute (vtkObject*, unsigned...'"
pcl,../repos/pcl/filters/src/radius_outlier_removal.cpp,"(46, 1)-(154, 2)",b'void\npcl::RadiusOutlierRemoval<pcl::PCLPointC...'
pcl,../repos/pcl/filters/src/voxel_grid_label.cpp,"(44, 1)-(351, 2)",b'void\npcl::VoxelGridLabel::applyFilter (PointC...'
pcl,../repos/pcl/filters/src/voxel_grid.cpp,"(178, 1)-(527, 2)",b'void\npcl::VoxelGrid<pcl::PCLPointCloud2>::app...'
pcl,../repos/pcl/filters/include/pcl/filters/impl/voxel_grid.hpp,"(225, 28)-(443, 2)",b'void\npcl::VoxelGrid<PointT>::applyFilter (Poi...'
pcl,../repos/pcl/filters/include/pcl/filters/project_inliers.h,"(80, 7)-(80, 45)",b'~ProjectInliers () override = default;'
pcl,../repos/pcl/filters/include/pcl/filters/project_inliers.h,"(164, 3)-(270, 4)",b'class PCL_EXPORTS ProjectInliers<pcl::PCLPoin...'
pcl,../repos/pcl/filters/include/pcl/filters/project_inliers.h,"(183, 7)-(183, 45)",b'~ProjectInliers () override = default;'
pcl,../repos/pcl/filters/include/pcl/filters/voxel_grid.h,"(528, 7)-(528, 40)",b'~VoxelGrid () override = default;'
pcl,../repos/pcl/filters/include/pcl/filters/extract_indices.h,"(124, 7)-(128, 8)",b'void\n      applyFilter (Indices &indices) ove...'
pcl,../repos/pcl/filters/include/pcl/filters/extract_indices.h,"(160, 3)-(195, 4)",b'class PCL_EXPORTS ExtractIndices<pcl::PCLPoin...'
pcl,../repos/pcl/filters/include/pcl/filters/voxel_grid_label.h,"(50, 3)-(71, 4)",b'class PCL_EXPORTS VoxelGridLabel : public Vox...'
pcl,../repos/pcl/filters/include/pcl/filters/grid_minimum.h,"(80, 7)-(80, 42)",b'~GridMinimum () override = default;'
pcl,../repos/pcl/filters/include/pcl/filters/grid_minimum.h,"(113, 7)-(117, 8)",b'void\n      applyFilter (Indices &indices) ove...'
pcl,../repos/pcl/filters/include/pcl/filters/filter_indices.h,"(195, 3)-(284, 4)",b'class PCL_EXPORTS FilterIndices<pcl::PCLPoint...'
pcl,../repos/pcl/filters/include/pcl/filters/uniform_sampling.h,"(59, 3)-(94, 8)",b'class UniformSampling: public Filter<PointT>\n...'
pcl,../repos/pcl/filters/include/pcl/filters/approximate_voxel_grid.h,"(155, 7)-(158, 8)",b'~ApproximateVoxelGrid () override\n      {\n   ...'
pcl,../repos/pcl/filters/include/pcl/filters/passthrough.h,"(173, 7)-(177, 8)",b'void\n      applyFilter (Indices &indices) ove...'
pcl,../repos/pcl/filters/include/pcl/filters/passthrough.h,"(203, 3)-(279, 4)",b'class PCL_EXPORTS PassThrough<pcl::PCLPointCl...'
pcl,../repos/pcl/filters/include/pcl/filters/voxel_grid_occlusion_estimation.h,"(88, 7)-(88, 59)",b'~VoxelGridOcclusionEstimation () override = d...'
pcl,../repos/pcl/filters/include/pcl/filters/radius_outlier_removal.h,"(159, 7)-(163, 8)",b'void\n      applyFilter (Indices &indices) ove...'
pcl,../repos/pcl/filters/include/pcl/filters/radius_outlier_removal.h,"(189, 3)-(264, 4)",b'class PCL_EXPORTS RadiusOutlierRemoval<pcl::P...'
pcl,../repos/pcl/filters/include/pcl/filters/experimental/functor_filter.h,"(87, 3)-(106, 4)",b'void\n  applyFilter(Indices& indices) override...'
pcl,../repos/pcl/filters/include/pcl/filters/statistical_outlier_removal.h,"(163, 7)-(167, 8)",b'void\n      applyFilter (Indices &indices) ove...'
pcl,../repos/pcl/filters/include/pcl/filters/statistical_outlier_removal.h,"(197, 3)-(280, 4)",b'class PCL_EXPORTS StatisticalOutlierRemoval<p...'
pcl,../repos/pcl/filters/include/pcl/filters/random_sample.h,"(148, 3)-(231, 5)",b'class PCL_EXPORTS RandomSample<pcl::PCLPointC...'
pcl,../repos/pcl/filters/include/pcl/filters/local_maximum.h,"(111, 7)-(115, 8)",b'void\n      applyFilter (Indices &indices) ove...'
pcl,../repos/pcl/filters/include/pcl/filters/conditional_removal.h,"(211, 7)-(211, 50)",b'~PackedRGBComparison () override = default;'
pcl,../repos/pcl/filters/include/pcl/filters/conditional_removal.h,"(258, 7)-(258, 50)",b'~PackedHSIComparison () override = default;'
pcl,../repos/pcl/filters/include/pcl/filters/conditional_removal.h,"(324, 7)-(324, 55)",b'~TfQuadraticXYZComparison () override = default;'
pcl,../repos/pcl/filters/include/pcl/filters/model_outlier_removal.h,"(209, 7)-(213, 8)",b'void\n      applyFilter (Indices &indices) ove...'
pcl,../repos/pcl/filters/include/pcl/filters/fast_bilateral.h,"(71, 7)-(71, 50)",b'~FastBilateralFilter () override = default;'
