Repo name,File name,Location,Content
pcl,../repos/pcl/sample_consensus/include/pcl/sample_consensus/sac_model.h,"(612, 3)-(672, 4)",b'class SampleConsensusModelFromNormals //: pub...'
pcl,../repos/pcl/common/include/pcl/cloud_iterator.h,"(89, 7)-(112, 8)",b'class Iterator\n      {\n        public:\n      ...'
pcl,../repos/pcl/common/include/pcl/cloud_iterator.h,"(158, 7)-(181, 8)",b'class Iterator\n      {\n        public:\n      ...'
pcl,../repos/pcl/common/include/pcl/cloud_iterator.h,"(183, 7)-(183, 33)",b'class DefaultConstIterator'
pcl,../repos/pcl/common/include/pcl/cloud_iterator.h,"(184, 7)-(184, 29)",b'class ConstIteratorIdx'
pcl,../repos/pcl/segmentation/include/pcl/segmentation/cpc_segmentation.h,"(174, 7)-(273, 8)",b'class WeightedRandomSampleConsensus : public ...'
pcl,../repos/pcl/ml/include/pcl/ml/permutohedral.h,"(143, 1)-(266, 2)","b""class HashTableOLD {\n  // Don't copy!\n  HashT..."""
pcl,../repos/pcl/search/include/pcl/search/flann_search.h,"(128, 9)-(140, 10)",b'class FlannIndexCreator\n        {\n          p...'
pcl,../repos/pcl/search/include/pcl/search/flann_search.h,"(145, 9)-(164, 10)",b'class KdTreeIndexCreator: public FlannIndexCr...'
pcl,../repos/pcl/search/include/pcl/search/flann_search.h,"(168, 9)-(186, 10)",b'class KMeansIndexCreator: public FlannIndexCr...'
pcl,../repos/pcl/search/include/pcl/search/flann_search.h,"(192, 9)-(209, 10)",b'class KdTreeMultiIndexCreator: public FlannIn...'
pcl,../repos/pcl/registration/include/pcl/registration/ia_ransac.h,"(90, 3)-(98, 4)",b'class ErrorFunctor {\n  public:\n    using Ptr ...'
pcl,../repos/pcl/registration/include/pcl/registration/ia_ransac.h,"(100, 3)-(116, 4)",b'class HuberPenalty : public ErrorFunctor {\n  ...'
pcl,../repos/pcl/registration/include/pcl/registration/ia_ransac.h,"(118, 3)-(136, 4)",b'class TruncatedError : public ErrorFunctor {\n...'
pcl,../repos/pcl/registration/include/pcl/registration/transformation_validation_euclidean.h,"(234, 3)-(258, 4)",b'class MyPointRepresentation : public pcl::Poi...'
pcl,../repos/pcl/cuda/nn/organized_neighbor_search.h,"(203, 7)-(237, 8)",b'class radiusSearchLoopkupEntry\n      {\n      ...'
pcl,../repos/pcl/cuda/nn/organized_neighbor_search.h,"(246, 7)-(266, 8)",b'class nearestNeighborCandidate\n      {\n      ...'
pcl,../repos/pcl/features/include/pcl/features/feature.h,"(439, 3)-(488, 4)",b'class FeatureWithLocalReferenceFrames\n  {\n   ...'
pcl,../repos/pcl/outofcore/include/pcl/outofcore/visualization/outofcore_cloud.h,"(82, 5)-(102, 6)",b'class CloudDataCacheItem : public LRUCacheIte...'
pcl,../repos/pcl/recognition/include/pcl/recognition/ransac_based/rigid_transform_space.h,"(61, 9)-(137, 10)",b'class Entry\n        {\n          public:\n     ...'
pcl,../repos/pcl/recognition/include/pcl/recognition/ransac_based/orr_graph.h,"(62, 9)-(124, 10)",b'class Node\n        {\n          public:\n      ...'
pcl,../repos/pcl/recognition/include/pcl/recognition/face_detection/face_common.h,"(27, 5)-(71, 6)",b'class FeatureType\n    {\n      public:\n       ...'
pcl,../repos/pcl/recognition/include/pcl/recognition/face_detection/face_common.h,"(74, 5)-(165, 6)",b'class RFTreeNode\n    {\n      public:\n        ...'
pcl,../repos/pcl/octree/include/pcl/octree/octree_search.h,"(297, 3)-(328, 4)",b'class prioBranchQueueEntry {\n  public:\n    /*...'
pcl,../repos/pcl/octree/include/pcl/octree/octree_search.h,"(336, 3)-(363, 4)",b'class prioPointQueueEntry {\n  public:\n    /**...'
pcl,../repos/pcl/octree/include/pcl/octree/octree_nodes.h,"(179, 1)-(360, 2)",b'class OctreeBranchNode : public OctreeNode {\n...'
pcl,../repos/pcl/filters/include/pcl/filters/fast_bilateral.h,"(111, 7)-(180, 8)",b'class Array3D\n      {\n        public:\n       ...'
