Repo name,File name,Location,Content
pcl,../repos/pcl/sample_consensus/include/pcl/sample_consensus/sac_model.h,"(431, 7)-(431, 55)",b'friend class ProgressiveSampleConsensus<PointT>;'
pcl,../repos/pcl/common/include/pcl/impl/point_types.hpp,"(399, 5)-(399, 71)",b'friend std::ostream& operator << (std::ostrea...'
pcl,../repos/pcl/common/include/pcl/impl/point_types.hpp,"(418, 5)-(418, 77)",b'friend std::ostream& operator << (std::ostrea...'
pcl,../repos/pcl/common/include/pcl/impl/point_types.hpp,"(445, 5)-(445, 79)",b'friend std::ostream& operator << (std::ostrea...'
pcl,../repos/pcl/common/include/pcl/impl/point_types.hpp,"(464, 5)-(464, 80)",b'friend std::ostream& operator << (std::ostrea...'
pcl,../repos/pcl/common/include/pcl/impl/point_types.hpp,"(493, 5)-(493, 77)",b'friend std::ostream& operator << (std::ostrea...'
pcl,../repos/pcl/common/include/pcl/impl/point_types.hpp,"(513, 5)-(513, 77)",b'friend std::ostream& operator << (std::ostrea...'
pcl,../repos/pcl/common/include/pcl/impl/point_types.hpp,"(524, 5)-(524, 73)",b'friend std::ostream& operator << (std::ostrea...'
pcl,../repos/pcl/common/include/pcl/impl/point_types.hpp,"(697, 5)-(697, 79)",b'friend std::ostream& operator << (std::ostrea...'
pcl,../repos/pcl/common/include/pcl/impl/point_types.hpp,"(762, 5)-(762, 75)",b'friend std::ostream& operator << (std::ostrea...'
pcl,../repos/pcl/common/include/pcl/impl/point_types.hpp,"(780, 5)-(780, 75)",b'friend std::ostream& operator << (std::ostrea...'
pcl,../repos/pcl/common/include/pcl/impl/point_types.hpp,"(831, 5)-(831, 74)",b'friend std::ostream& operator << (std::ostrea...'
pcl,../repos/pcl/common/include/pcl/impl/point_types.hpp,"(890, 5)-(890, 79)",b'friend std::ostream& operator << (std::ostrea...'
pcl,../repos/pcl/common/include/pcl/impl/point_types.hpp,"(977, 5)-(977, 85)",b'friend std::ostream& operator << (std::ostrea...'
pcl,../repos/pcl/common/include/pcl/impl/point_types.hpp,"(1019, 5)-(1019, 83)",b'friend std::ostream& operator << (std::ostrea...'
pcl,../repos/pcl/common/include/pcl/impl/point_types.hpp,"(1062, 5)-(1062, 83)",b'friend std::ostream& operator << (std::ostrea...'
pcl,../repos/pcl/common/include/pcl/impl/point_types.hpp,"(1095, 5)-(1095, 82)",b'friend std::ostream& operator << (std::ostrea...'
pcl,../repos/pcl/common/include/pcl/impl/point_types.hpp,"(1145, 5)-(1145, 84)",b'friend std::ostream& operator << (std::ostrea...'
pcl,../repos/pcl/common/include/pcl/impl/point_types.hpp,"(1160, 5)-(1160, 85)",b'friend std::ostream& operator << (std::ostrea...'
pcl,../repos/pcl/common/include/pcl/impl/point_types.hpp,"(1180, 5)-(1180, 76)",b'friend std::ostream& operator << (std::ostrea...'
pcl,../repos/pcl/common/include/pcl/impl/point_types.hpp,"(1211, 5)-(1211, 87)",b'friend std::ostream& operator << (std::ostrea...'
pcl,../repos/pcl/common/include/pcl/impl/point_types.hpp,"(1225, 5)-(1225, 83)",b'friend std::ostream& operator << (std::ostrea...'
pcl,../repos/pcl/common/include/pcl/impl/point_types.hpp,"(1240, 5)-(1240, 86)",b'friend std::ostream& operator << (std::ostrea...'
pcl,../repos/pcl/common/include/pcl/impl/point_types.hpp,"(1257, 5)-(1257, 80)",b'friend std::ostream& operator << (std::ostrea...'
pcl,../repos/pcl/common/include/pcl/impl/point_types.hpp,"(1277, 5)-(1277, 81)",b'friend std::ostream& operator << (std::ostrea...'
pcl,../repos/pcl/common/include/pcl/impl/point_types.hpp,"(1298, 5)-(1298, 83)",b'friend std::ostream& operator << (std::ostrea...'
pcl,../repos/pcl/common/include/pcl/impl/point_types.hpp,"(1312, 5)-(1312, 90)",b'friend std::ostream& operator << (std::ostrea...'
pcl,../repos/pcl/common/include/pcl/impl/point_types.hpp,"(1327, 5)-(1327, 84)",b'friend std::ostream& operator << (std::ostrea...'
pcl,../repos/pcl/common/include/pcl/impl/point_types.hpp,"(1342, 5)-(1342, 90)",b'friend std::ostream& operator << (std::ostrea...'
pcl,../repos/pcl/common/include/pcl/impl/point_types.hpp,"(1357, 5)-(1357, 75)",b'friend std::ostream& operator << (std::ostrea...'
pcl,../repos/pcl/common/include/pcl/impl/point_types.hpp,"(1373, 5)-(1373, 76)",b'friend std::ostream& operator << (std::ostrea...'
pcl,../repos/pcl/common/include/pcl/impl/point_types.hpp,"(1442, 5)-(1442, 83)",b'friend std::ostream& operator << (std::ostrea...'
pcl,../repos/pcl/common/include/pcl/impl/point_types.hpp,"(1456, 5)-(1456, 83)",b'friend std::ostream& operator << (std::ostrea...'
pcl,../repos/pcl/common/include/pcl/impl/point_types.hpp,"(1470, 5)-(1470, 83)",b'friend std::ostream& operator << (std::ostrea...'
pcl,../repos/pcl/common/include/pcl/impl/point_types.hpp,"(1488, 5)-(1488, 85)",b'friend std::ostream& operator << (std::ostrea...'
pcl,../repos/pcl/common/include/pcl/impl/point_types.hpp,"(1502, 5)-(1502, 83)",b'friend std::ostream& operator << (std::ostrea...'
pcl,../repos/pcl/common/include/pcl/impl/point_types.hpp,"(1516, 5)-(1516, 84)",b'friend std::ostream& operator << (std::ostrea...'
pcl,../repos/pcl/common/include/pcl/impl/point_types.hpp,"(1530, 5)-(1530, 84)",b'friend std::ostream& operator << (std::ostrea...'
pcl,../repos/pcl/common/include/pcl/impl/point_types.hpp,"(1544, 5)-(1544, 85)",b'friend std::ostream& operator << (std::ostrea...'
pcl,../repos/pcl/common/include/pcl/impl/point_types.hpp,"(1558, 5)-(1558, 84)",b'friend std::ostream& operator << (std::ostrea...'
pcl,../repos/pcl/common/include/pcl/impl/point_types.hpp,"(1578, 5)-(1578, 74)",b'friend std::ostream& operator << (std::ostrea...'
pcl,../repos/pcl/common/include/pcl/impl/point_types.hpp,"(1595, 5)-(1595, 85)",b'friend std::ostream& operator << (std::ostrea...'
pcl,../repos/pcl/common/include/pcl/impl/point_types.hpp,"(1619, 5)-(1619, 85)",b'friend std::ostream& operator << (std::ostrea...'
pcl,../repos/pcl/common/include/pcl/impl/point_types.hpp,"(1669, 5)-(1669, 82)",b'friend std::ostream& operator << (std::ostrea...'
pcl,../repos/pcl/common/include/pcl/impl/point_types.hpp,"(1714, 5)-(1714, 79)",b'friend std::ostream& operator << (std::ostrea...'
pcl,../repos/pcl/common/include/pcl/impl/point_types.hpp,"(1743, 5)-(1743, 76)",b'friend std::ostream& operator << (std::ostrea...'
pcl,../repos/pcl/geometry/include/pcl/geometry/triangle_mesh.h,"(284, 3)-(285, 88)",b'friend class pcl::geometry::\n      MeshBase<T...'
pcl,../repos/pcl/geometry/include/pcl/geometry/mesh_elements.h,"(82, 3)-(82, 40)",b'friend class pcl::geometry::MeshBase;'
pcl,../repos/pcl/geometry/include/pcl/geometry/mesh_elements.h,"(85, 3)-(85, 38)",b'friend class pcl::geometry::MeshIO;'
pcl,../repos/pcl/geometry/include/pcl/geometry/mesh_elements.h,"(144, 3)-(144, 40)",b'friend class pcl::geometry::MeshBase;'
pcl,../repos/pcl/geometry/include/pcl/geometry/mesh_elements.h,"(147, 3)-(147, 38)",b'friend class pcl::geometry::MeshIO;'
pcl,../repos/pcl/geometry/include/pcl/geometry/mesh_elements.h,"(179, 3)-(179, 40)",b'friend class pcl::geometry::MeshBase;'
pcl,../repos/pcl/geometry/include/pcl/geometry/mesh_elements.h,"(182, 3)-(182, 38)",b'friend class pcl::geometry::MeshIO;'
pcl,../repos/pcl/geometry/include/pcl/geometry/mesh_base.h,"(2202, 3)-(2202, 38)",b'friend class pcl::geometry::MeshIO;'
pcl,../repos/pcl/geometry/include/pcl/geometry/mesh_indices.h,"(163, 3)-(164, 63)",b'friend std::istream&\n  operator>><>(std::istr...'
pcl,../repos/pcl/geometry/include/pcl/geometry/quad_mesh.h,"(149, 3)-(150, 80)",b'friend class pcl::geometry::\n      MeshBase<Q...'
pcl,../repos/pcl/geometry/include/pcl/geometry/polygon_mesh.h,"(182, 3)-(183, 86)",b'friend class pcl::geometry::\n      MeshBase<P...'
pcl,../repos/pcl/segmentation/include/pcl/segmentation/supervoxel_clustering.h,"(501, 7)-(501, 113)",b'friend void boost::checked_delete<> (const ty...'
pcl,../repos/pcl/segmentation/include/pcl/segmentation/supervoxel_clustering.h,"(503, 7)-(503, 114)",b'friend void boost::checked_delete<> (const ty...'
pcl,../repos/pcl/outofcore/include/pcl/outofcore/octree_base.h,"(151, 7)-(151, 64)",b'friend class OutofcoreOctreeBaseNode<Containe...'
pcl,../repos/pcl/outofcore/include/pcl/outofcore/octree_base.h,"(152, 7)-(152, 78)",b'friend class pcl::outofcore::OutofcoreIterato...'
pcl,../repos/pcl/outofcore/include/pcl/outofcore/octree_base_node.h,"(96, 7)-(96, 61)","b'friend class OutofcoreOctreeBase<ContainerT, ...'"
pcl,../repos/pcl/outofcore/include/pcl/outofcore/octree_base_node.h,"(99, 7)-(100, 132)","b'friend OutofcoreOctreeBaseNode<ContainerT, Po...'"
pcl,../repos/pcl/outofcore/include/pcl/outofcore/octree_base_node.h,"(102, 7)-(103, 217)",b'friend void\n      queryBBIntersects_noload<Co...'
pcl,../repos/pcl/outofcore/include/pcl/outofcore/octree_base_node.h,"(105, 7)-(106, 230)",b'friend void\n      queryBBIntersects_noload<Co...'
pcl,../repos/pcl/recognition/include/pcl/recognition/ransac_based/orr_graph.h,"(116, 13)-(116, 35)",b'friend class ORRGraph;'
pcl,../repos/pcl/io/include/pcl/io/ply/ply_parser.h,"(142, 15)-(143, 100)",b'friend typename scalar_property_definition_ca...'
pcl,../repos/pcl/io/include/pcl/io/ply/ply_parser.h,"(146, 15)-(147, 106)",b'friend const typename scalar_property_definit...'
pcl,../repos/pcl/io/include/pcl/io/ply/ply_parser.h,"(237, 15)-(238, 96)",b'friend typename list_property_definition_call...'
pcl,../repos/pcl/io/include/pcl/io/ply/ply_parser.h,"(241, 15)-(242, 102)",b'friend const typename list_property_definitio...'
pcl,../repos/pcl/io/include/pcl/io/openni_camera/openni_device_kinect.h,"(58, 5)-(58, 31)",b'friend class OpenNIDriver;'
pcl,../repos/pcl/io/include/pcl/io/openni_camera/openni_device_oni.h,"(62, 5)-(62, 31)",b'friend class OpenNIDriver;'
pcl,../repos/pcl/io/include/pcl/io/openni_camera/openni_device_xtion.h,"(61, 5)-(61, 31)",b'friend class OpenNIDriver;'
pcl,../repos/pcl/io/include/pcl/io/openni_camera/openni_device_primesense.h,"(59, 3)-(59, 29)",b'friend class OpenNIDriver;'
pcl,../repos/pcl/people/include/pcl/people/person_cluster.h,"(311, 7)-(311, 98)",b'friend bool operator< <>(const PersonCluster<...'
pcl,../repos/pcl/octree/include/pcl/octree/octree2buf_base.h,"(228, 3)-(228, 44)",b'friend class OctreeIteratorBase<OctreeT>;'
pcl,../repos/pcl/octree/include/pcl/octree/octree2buf_base.h,"(229, 3)-(229, 50)",b'friend class OctreeDepthFirstIterator<OctreeT>;'
pcl,../repos/pcl/octree/include/pcl/octree/octree2buf_base.h,"(230, 3)-(230, 52)",b'friend class OctreeBreadthFirstIterator<OctreeT>;'
pcl,../repos/pcl/octree/include/pcl/octree/octree2buf_base.h,"(231, 3)-(231, 58)",b'friend class OctreeLeafNodeDepthFirstIterator...'
pcl,../repos/pcl/octree/include/pcl/octree/octree2buf_base.h,"(232, 3)-(232, 60)",b'friend class OctreeLeafNodeBreadthFirstIterat...'
pcl,../repos/pcl/octree/include/pcl/octree/octree_base.h,"(100, 3)-(100, 44)",b'friend class OctreeIteratorBase<OctreeT>;'
pcl,../repos/pcl/octree/include/pcl/octree/octree_base.h,"(101, 3)-(101, 50)",b'friend class OctreeDepthFirstIterator<OctreeT>;'
pcl,../repos/pcl/octree/include/pcl/octree/octree_base.h,"(102, 3)-(102, 52)",b'friend class OctreeBreadthFirstIterator<OctreeT>;'
pcl,../repos/pcl/octree/include/pcl/octree/octree_base.h,"(103, 3)-(103, 50)",b'friend class OctreeFixedDepthIterator<OctreeT>;'
pcl,../repos/pcl/octree/include/pcl/octree/octree_base.h,"(104, 3)-(104, 58)",b'friend class OctreeLeafNodeDepthFirstIterator...'
pcl,../repos/pcl/octree/include/pcl/octree/octree_base.h,"(105, 3)-(105, 60)",b'friend class OctreeLeafNodeBreadthFirstIterat...'
pcl,../repos/pcl/octree/include/pcl/octree/octree_base.h,"(106, 3)-(106, 50)",b'friend class OctreeIteratorBase<const OctreeT>;'
pcl,../repos/pcl/octree/include/pcl/octree/octree_base.h,"(107, 3)-(107, 56)",b'friend class OctreeDepthFirstIterator<const O...'
pcl,../repos/pcl/octree/include/pcl/octree/octree_base.h,"(108, 3)-(108, 58)",b'friend class OctreeBreadthFirstIterator<const...'
pcl,../repos/pcl/octree/include/pcl/octree/octree_base.h,"(109, 3)-(109, 56)",b'friend class OctreeFixedDepthIterator<const O...'
pcl,../repos/pcl/octree/include/pcl/octree/octree_base.h,"(110, 3)-(110, 64)",b'friend class OctreeLeafNodeDepthFirstIterator...'
pcl,../repos/pcl/octree/include/pcl/octree/octree_base.h,"(111, 3)-(111, 66)",b'friend class OctreeLeafNodeBreadthFirstIterat...'
pcl,../repos/pcl/octree/include/pcl/octree/octree_pointcloud_adjacency_container.h,"(58, 3)-(58, 42)",b'friend class OctreePointCloudAdjacency;'
pcl,../repos/pcl/gpu/kinfu_large_scale/include/pcl/gpu/kinfu_large_scale/tsdf_volume.h,"(97, 11)-(102, 12)",b'friend inline std::ostream&\n          operato...'
pcl,../repos/pcl/gpu/kinfu_large_scale/include/pcl/gpu/kinfu_large_scale/device.h,"(95, 9)-(100, 10)",b'friend inline std::ostream&\n        operator ...'
pcl,../repos/pcl/gpu/kinfu/tools/tsdf_volume.h,"(92, 7)-(97, 8)",b'friend inline std::ostream&\n      operator <<...'
pcl,../repos/pcl/gpu/kinfu/tools/tsdf_volume.h,"(121, 7)-(126, 8)",b'friend inline std::ostream&\n      operator <<...'
