Repo name,File name,Location,Content
pcl,../repos/pcl/sample_consensus/include/pcl/sample_consensus/sac_model_registration.h,"(50, 10)-(50, 15)",b'#include <map>\n'
pcl,../repos/pcl/sample_consensus/include/pcl/sample_consensus/sac.h,"(51, 10)-(51, 15)",b'#include <set>\n'
pcl,../repos/pcl/sample_consensus/include/pcl/sample_consensus/sac_model.h,"(46, 10)-(46, 15)",b'#include <set>\n'
pcl,../repos/pcl/common/src/colors.cpp,"(42, 10)-(42, 17)",b'#include <array>\n'
pcl,../repos/pcl/common/src/PCLPointCloud2.cpp,"(41, 10)-(41, 18)",b'#include <vector>\n'
pcl,../repos/pcl/common/src/print.cpp,"(42, 10)-(42, 15)",b'#include <map>\n'
pcl,../repos/pcl/common/include/pcl/common/file_io.h,"(42, 10)-(42, 18)",b'#include <vector>\n'
pcl,../repos/pcl/common/include/pcl/common/impl/file_io.hpp,"(56, 10)-(56, 18)",b'#include <vector>\n'
pcl,../repos/pcl/common/include/pcl/common/impl/bivariate_polynomial.hpp,"(48, 10)-(48, 18)",b'#include <vector>\n'
pcl,../repos/pcl/common/include/pcl/common/impl/transforms.hpp,"(55, 10)-(55, 18)",b'#include <vector>\n'
pcl,../repos/pcl/common/include/pcl/common/impl/accumulators.hpp,"(41, 10)-(41, 15)",b'#include <map>\n'
pcl,../repos/pcl/common/include/pcl/common/impl/eigen.hpp,"(44, 10)-(44, 17)",b'#include <array>\n'
pcl,../repos/pcl/common/include/pcl/common/piecewise_linear_function.h,"(40, 10)-(40, 18)",b'#include <vector>\n'
pcl,../repos/pcl/common/include/pcl/common/time.h,"(43, 10)-(43, 17)",b'#include <queue>\n'
pcl,../repos/pcl/common/include/pcl/common/bivariate_polynomial.h,"(44, 10)-(44, 18)",b'#include <vector>\n'
pcl,../repos/pcl/common/include/pcl/common/colors.h,"(44, 10)-(44, 17)",b'#include <array>        // for std::array esp...'
pcl,../repos/pcl/common/include/pcl/common/feature_histogram.h,"(39, 10)-(39, 18)",b'#include <vector>\n'
pcl,../repos/pcl/common/include/pcl/common/synchronizer.h,"(38, 10)-(38, 17)",b'#include <deque>\n'
pcl,../repos/pcl/common/include/pcl/common/synchronizer.h,"(40, 10)-(40, 15)",b'#include <map>\n'
pcl,../repos/pcl/common/include/pcl/console/parse.h,"(41, 10)-(41, 18)",b'#include <vector>\n'
pcl,../repos/pcl/common/include/pcl/PCLPointCloud2.h,"(4, 10)-(4, 18)",b'#include <vector>\n'
pcl,../repos/pcl/common/include/pcl/point_cloud.h,"(56, 10)-(56, 18)",b'#include <vector>\n'
pcl,../repos/pcl/common/include/pcl/types.h,"(48, 10)-(48, 18)",b'#include <vector>\n'
pcl,../repos/pcl/common/include/pcl/PolygonMesh.h,"(4, 10)-(4, 18)",b'#include <vector>\n'
pcl,../repos/pcl/common/include/pcl/PCLImage.h,"(4, 10)-(4, 18)",b'#include <vector>   // for vector\n'
pcl,../repos/pcl/common/include/pcl/point_representation.h,"(43, 10)-(43, 18)",b'#include <vector>\n'
pcl,../repos/pcl/common/include/pcl/range_image/impl/range_image.hpp,"(47, 10)-(47, 18)",b'#include <vector>\n'
pcl,../repos/pcl/common/include/pcl/ModelCoefficients.h,"(3, 10)-(3, 18)",b'#include <vector>\n'
pcl,../repos/pcl/geometry/include/pcl/geometry/get_boundary.h,"(43, 10)-(43, 18)",b'#include <vector>\n'
pcl,../repos/pcl/geometry/include/pcl/geometry/mesh_base.h,"(53, 10)-(53, 18)",b'#include <vector>\n'
pcl,../repos/pcl/segmentation/src/grabcut_segmentation.cpp,"(43, 10)-(43, 18)",b'#include <vector>\n'
pcl,../repos/pcl/segmentation/src/grabcut_segmentation.cpp,"(44, 10)-(44, 15)",b'#include <map>\n'
pcl,../repos/pcl/segmentation/include/pcl/segmentation/impl/region_growing.hpp,"(51, 10)-(51, 17)",b'#include <queue>\n'
pcl,../repos/pcl/segmentation/include/pcl/segmentation/impl/region_growing_rgb.hpp,"(48, 10)-(48, 17)",b'#include <queue>\n'
pcl,../repos/pcl/segmentation/include/pcl/segmentation/min_cut_segmentation.h,"(48, 10)-(48, 15)",b'#include <set>\n'
pcl,../repos/pcl/segmentation/include/pcl/segmentation/euclidean_cluster_comparator.h,"(42, 10)-(42, 15)",b'#include <set> // for std::set\n'
pcl,../repos/pcl/segmentation/include/pcl/segmentation/planar_polygon_fusion.h,"(41, 10)-(41, 18)",b'#include <vector>\n'
pcl,../repos/pcl/segmentation/include/pcl/segmentation/grabcut_segmentation.h,"(42, 10)-(42, 17)",b'#include <deque> // for deque\n'
pcl,../repos/pcl/segmentation/include/pcl/segmentation/grabcut_segmentation.h,"(43, 10)-(43, 15)",b'#include <map> // for map\n'
pcl,../repos/pcl/ml/src/permutohedral.cpp,"(41, 10)-(41, 15)",b'#include <map> // for multimap\n'
pcl,../repos/pcl/ml/include/pcl/ml/kmeans.h,"(45, 10)-(45, 15)",b'#include <set>\n'
pcl,../repos/pcl/ml/include/pcl/ml/kmeans.h,"(46, 10)-(46, 18)",b'#include <vector> // for vector\n'
pcl,../repos/pcl/ml/include/pcl/ml/impl/ferns/fern_evaluator.hpp,"(45, 10)-(45, 18)",b'#include <vector>\n'
pcl,../repos/pcl/ml/include/pcl/ml/impl/dt/decision_tree_evaluator.hpp,"(45, 10)-(45, 18)",b'#include <vector>\n'
pcl,../repos/pcl/ml/include/pcl/ml/impl/dt/decision_forest_evaluator.hpp,"(46, 10)-(46, 18)",b'#include <vector>\n'
pcl,../repos/pcl/ml/include/pcl/ml/permutohedral.h,"(48, 10)-(48, 18)",b'#include <vector>\n'
pcl,../repos/pcl/ml/include/pcl/ml/stats_estimator.h,"(43, 10)-(43, 18)",b'#include <vector>\n'
pcl,../repos/pcl/ml/include/pcl/ml/ferns/fern_evaluator.h,"(45, 10)-(45, 18)",b'#include <vector>\n'
pcl,../repos/pcl/ml/include/pcl/ml/ferns/fern_trainer.h,"(45, 10)-(45, 18)",b'#include <vector>\n'
pcl,../repos/pcl/ml/include/pcl/ml/feature_handler.h,"(43, 10)-(43, 18)",b'#include <vector>\n'
pcl,../repos/pcl/ml/include/pcl/ml/dt/decision_tree_trainer.h,"(46, 10)-(46, 18)",b'#include <vector>\n'
pcl,../repos/pcl/ml/include/pcl/ml/dt/decision_forest_evaluator.h,"(46, 10)-(46, 18)",b'#include <vector>\n'
pcl,../repos/pcl/ml/include/pcl/ml/dt/decision_forest_trainer.h,"(47, 10)-(47, 18)",b'#include <vector>\n'
pcl,../repos/pcl/ml/include/pcl/ml/dt/decision_tree_evaluator.h,"(45, 10)-(45, 18)",b'#include <vector>\n'
pcl,../repos/pcl/ml/include/pcl/ml/svm_wrapper.h,"(49, 10)-(49, 18)",b'#include <vector>\n'
pcl,../repos/pcl/ml/include/pcl/ml/pairwise_potential.h,"(44, 10)-(44, 18)",b'#include <vector>\n'
pcl,../repos/pcl/search/include/pcl/search/impl/brute_force.hpp,"(42, 10)-(42, 17)",b'#include <queue>\n'
pcl,../repos/pcl/search/include/pcl/search/organized.h,"(49, 10)-(49, 18)",b'#include <vector>\n'
pcl,../repos/pcl/registration/include/pcl/registration/impl/correspondence_types.hpp,"(44, 10)-(44, 18)",b'#include <vector>\n'
pcl,../repos/pcl/registration/include/pcl/registration/impl/correspondence_rejection_sample_consensus_2d.hpp,"(45, 10)-(45, 25)",b'#include <unordered_map>\n'
pcl,../repos/pcl/registration/include/pcl/registration/impl/elch.hpp,"(50, 10)-(50, 16)",b'#include <list>\n'
pcl,../repos/pcl/registration/include/pcl/registration/impl/correspondence_rejection_sample_consensus.hpp,"(47, 10)-(47, 25)",b'#include <unordered_map>\n'
pcl,../repos/pcl/registration/include/pcl/registration/correspondence_rejection_features.h,"(47, 10)-(47, 25)",b'#include <unordered_map>\n'
pcl,../repos/pcl/registration/include/pcl/registration/ppf_registration.h,"(46, 10)-(46, 25)",b'#include <unordered_map>\n'
pcl,../repos/pcl/registration/include/pcl/registration/boost_graph.h,"(46, 10)-(46, 16)",b'#include <list>\n'
pcl,../repos/pcl/registration/include/pcl/registration/distances.h,"(47, 10)-(47, 18)",b'#include <vector>\n'
pcl,../repos/pcl/registration/include/pcl/registration/correspondence_rejection_var_trimmed.h,"(47, 10)-(47, 18)",b'#include <vector>\n'
pcl,../repos/pcl/cuda/segmentation/include/pcl/cuda/segmentation/mssegmentation.h,"(51, 10)-(51, 18)",b'#include <vector>\n'
pcl,../repos/pcl/cuda/nn/organized_neighbor_search.h,"(44, 10)-(44, 17)",b'#include <queue>\n'
pcl,../repos/pcl/cuda/nn/organized_neighbor_search.h,"(45, 10)-(45, 18)",b'#include <vector>\n'
pcl,../repos/pcl/features/src/narf.cpp,"(44, 10)-(44, 15)",b'#include <map> // for std::multimap\n'
pcl,../repos/pcl/features/include/pcl/features/multiscale_feature_persistence.h,"(46, 10)-(46, 16)",b'#include <list>\n'
pcl,../repos/pcl/features/include/pcl/features/pfh.h,"(45, 10)-(45, 15)",b'#include <map>\n'
pcl,../repos/pcl/features/include/pcl/features/pfh.h,"(46, 10)-(46, 17)",b'#include <queue> // for std::queue\n'
pcl,../repos/pcl/features/include/pcl/features/impl/rops_estimation.hpp,"(45, 10)-(45, 17)",b'#include <array>\n'
pcl,../repos/pcl/features/include/pcl/features/impl/esf.hpp,"(47, 10)-(47, 18)",b'#include <vector>\n'
pcl,../repos/pcl/features/include/pcl/features/impl/gasd.hpp,"(46, 10)-(46, 18)",b'#include <vector>\n'
pcl,../repos/pcl/features/include/pcl/features/impl/fpfh.hpp,"(48, 10)-(48, 15)",b'#include <set> // for std::set\n'
pcl,../repos/pcl/features/include/pcl/features/integral_image2D.h,"(44, 10)-(44, 18)",b'#include <vector>\n'
pcl,../repos/pcl/features/include/pcl/features/vfh.h,"(43, 10)-(43, 17)",b'#include <array>\n'
pcl,../repos/pcl/features/include/pcl/features/shot.h,"(45, 10)-(45, 17)","b'#include <array>  // for sRGB_LUT, sXYZ_LUT\n'"
pcl,../repos/pcl/features/include/pcl/features/esf.h,"(46, 10)-(46, 18)",b'#include <vector>\n'
pcl,../repos/pcl/features/include/pcl/features/rops_estimation.h,"(46, 10)-(46, 15)",b'#include <set>\n'
pcl,../repos/pcl/features/include/pcl/features/statistical_multiscale_interest_region_extraction.h,"(43, 10)-(43, 16)",b'#include <list>\n'
pcl,../repos/pcl/features/include/pcl/features/moment_of_inertia_estimation.h,"(42, 10)-(42, 18)",b'#include <vector>\n'
pcl,../repos/pcl/outofcore/include/pcl/outofcore/impl/monitor_queue.hpp,"(8, 10)-(8, 17)",b'#include <queue>\n'
pcl,../repos/pcl/outofcore/include/pcl/outofcore/impl/lru_cache.hpp,"(7, 10)-(7, 16)",b'#include <list>\n'
pcl,../repos/pcl/outofcore/include/pcl/outofcore/impl/lru_cache.hpp,"(8, 10)-(8, 15)",b'#include <map>\n'
pcl,../repos/pcl/outofcore/include/pcl/outofcore/metadata.h,"(42, 10)-(42, 18)",b'#include <vector>\n'
pcl,../repos/pcl/outofcore/include/pcl/outofcore/octree_abstract_node_container.h,"(44, 10)-(44, 18)",b'#include <vector>\n'
pcl,../repos/pcl/outofcore/include/pcl/outofcore/visualization/object.h,"(4, 10)-(4, 15)",b'#include <map>\n'
pcl,../repos/pcl/outofcore/include/pcl/outofcore/visualization/object.h,"(6, 10)-(6, 15)",b'#include <set>\n'
pcl,../repos/pcl/outofcore/include/pcl/outofcore/outofcore_breadth_first_iterator.h,"(43, 10)-(43, 17)",b'#include <deque>\n'
pcl,../repos/pcl/recognition/src/ransac_based/orr_octree.cpp,"(46, 10)-(46, 16)",b'#include <list>\n'
pcl,../repos/pcl/recognition/src/ransac_based/orr_octree_zprojection.cpp,"(47, 10)-(47, 17)",b'#include <array>\n'
pcl,../repos/pcl/recognition/src/ransac_based/orr_octree_zprojection.cpp,"(48, 10)-(48, 18)",b'#include <vector>\n'
pcl,../repos/pcl/recognition/include/pcl/recognition/ransac_based/rigid_transform_space.h,"(51, 10)-(51, 16)",b'#include <list>\n'
pcl,../repos/pcl/recognition/include/pcl/recognition/ransac_based/rigid_transform_space.h,"(52, 10)-(52, 15)",b'#include <map>\n'
pcl,../repos/pcl/recognition/include/pcl/recognition/ransac_based/orr_graph.h,"(50, 10)-(50, 16)",b'#include <list>\n'
pcl,../repos/pcl/recognition/include/pcl/recognition/ransac_based/orr_graph.h,"(51, 10)-(51, 15)",b'#include <set>\n'
pcl,../repos/pcl/recognition/include/pcl/recognition/ransac_based/orr_graph.h,"(52, 10)-(52, 18)",b'#include <vector>\n'
pcl,../repos/pcl/recognition/include/pcl/recognition/ransac_based/orr_octree.h,"(52, 10)-(52, 18)",b'#include <vector>\n'
pcl,../repos/pcl/recognition/include/pcl/recognition/ransac_based/orr_octree.h,"(53, 10)-(53, 16)",b'#include <list>\n'
pcl,../repos/pcl/recognition/include/pcl/recognition/ransac_based/orr_octree.h,"(54, 10)-(54, 15)",b'#include <set>\n'
pcl,../repos/pcl/recognition/include/pcl/recognition/ransac_based/simple_octree.h,"(50, 10)-(50, 15)",b'#include <set>\n'
pcl,../repos/pcl/recognition/include/pcl/recognition/ransac_based/simple_octree.h,"(51, 10)-(51, 18)",b'#include <vector>\n'
pcl,../repos/pcl/recognition/include/pcl/recognition/ransac_based/orr_octree_zprojection.h,"(50, 10)-(50, 15)",b'#include <set>\n'
pcl,../repos/pcl/recognition/include/pcl/recognition/ransac_based/model_library.h,"(50, 10)-(50, 16)",b'#include <list>\n'
pcl,../repos/pcl/recognition/include/pcl/recognition/ransac_based/model_library.h,"(51, 10)-(51, 15)",b'#include <map>\n'
pcl,../repos/pcl/recognition/include/pcl/recognition/ransac_based/bvh.h,"(51, 10)-(51, 18)",b'#include <vector>\n'
pcl,../repos/pcl/recognition/include/pcl/recognition/ransac_based/bvh.h,"(52, 10)-(52, 16)",b'#include <list>\n'
pcl,../repos/pcl/recognition/include/pcl/recognition/ransac_based/obj_rec_ransac.h,"(55, 10)-(55, 18)",b'#include <vector>\n'
pcl,../repos/pcl/recognition/include/pcl/recognition/ransac_based/obj_rec_ransac.h,"(56, 10)-(56, 16)",b'#include <list>\n'
pcl,../repos/pcl/recognition/include/pcl/recognition/implicit_shape_model.h,"(38, 10)-(38, 18)",b'#include <vector>\n'
pcl,../repos/pcl/recognition/include/pcl/recognition/color_modality.h,"(50, 10)-(50, 16)",b'#include <list>\n'
pcl,../repos/pcl/recognition/include/pcl/recognition/color_modality.h,"(51, 10)-(51, 18)",b'#include <vector>\n'
pcl,../repos/pcl/recognition/include/pcl/recognition/quantized_map.h,"(40, 10)-(40, 18)",b'#include <vector>\n'
pcl,../repos/pcl/recognition/include/pcl/recognition/dense_quantized_multi_mod_template.h,"(40, 10)-(40, 18)",b'#include <vector>\n'
pcl,../repos/pcl/recognition/include/pcl/recognition/sparse_quantized_multi_mod_template.h,"(40, 10)-(40, 18)",b'#include <vector>\n'
pcl,../repos/pcl/recognition/include/pcl/recognition/cg/hough_3d.h,"(47, 10)-(47, 25)",b'#include <unordered_map>\n'
pcl,../repos/pcl/recognition/include/pcl/recognition/mask_map.h,"(42, 10)-(42, 18)",b'#include <vector>\n'
pcl,../repos/pcl/recognition/include/pcl/recognition/quantizable_modality.h,"(40, 10)-(40, 18)",b'#include <vector>\n'
pcl,../repos/pcl/recognition/include/pcl/recognition/dotmod.h,"(40, 10)-(40, 18)",b'#include <vector>\n'
pcl,../repos/pcl/recognition/include/pcl/recognition/color_gradient_modality.h,"(48, 10)-(48, 16)",b'#include <list>\n'
pcl,../repos/pcl/recognition/include/pcl/recognition/linemod.h,"(40, 10)-(40, 18)",b'#include <vector>\n'
pcl,../repos/pcl/recognition/include/pcl/recognition/surface_normal_modality.h,"(53, 10)-(53, 16)",b'#include <list>\n'
pcl,../repos/pcl/recognition/include/pcl/recognition/surface_normal_modality.h,"(54, 10)-(54, 18)",b'#include <vector>\n'
pcl,../repos/pcl/io/src/libpng_wrapper.cpp,"(43, 10)-(43, 18)",b'#include <vector>\n'
pcl,../repos/pcl/io/src/openni_camera/openni_device.cpp,"(51, 10)-(51, 18)",b'#include <vector>\n'
pcl,../repos/pcl/io/src/openni_camera/openni_driver.cpp,"(59, 10)-(59, 15)",b'#include <map>\n'
pcl,../repos/pcl/io/src/openni2/openni2_device_manager.cpp,"(39, 10)-(39, 15)",b'#include <set>\n'
pcl,../repos/pcl/io/include/pcl/compression/impl/entropy_range_coder.hpp,"(45, 10)-(45, 18)",b'#include <vector>\n'
pcl,../repos/pcl/io/include/pcl/compression/impl/organized_pointcloud_compression.hpp,"(49, 10)-(49, 18)",b'#include <vector>\n'
pcl,../repos/pcl/io/include/pcl/compression/impl/octree_pointcloud_compression.hpp,"(45, 10)-(45, 18)",b'#include <vector>\n'
pcl,../repos/pcl/io/include/pcl/compression/organized_pointcloud_compression.h,"(46, 10)-(46, 18)",b'#include <vector>\n'
pcl,../repos/pcl/io/include/pcl/compression/organized_pointcloud_conversion.h,"(46, 10)-(46, 18)",b'#include <vector>\n'
pcl,../repos/pcl/io/include/pcl/compression/point_coding.h,"(42, 10)-(42, 18)",b'#include <vector>\n'
pcl,../repos/pcl/io/include/pcl/compression/libpng_wrapper.h,"(40, 10)-(40, 18)",b'#include <vector>\n'
pcl,../repos/pcl/io/include/pcl/compression/octree_pointcloud_compression.h,"(49, 10)-(49, 18)",b'#include <vector>\n'
pcl,../repos/pcl/io/include/pcl/compression/entropy_range_coder.h,"(44, 10)-(44, 18)",b'#include <vector>\n'
pcl,../repos/pcl/io/include/pcl/compression/color_coding.h,"(41, 10)-(41, 18)",b'#include <vector>\n'
pcl,../repos/pcl/io/include/pcl/io/ply/ply_parser.h,"(51, 10)-(51, 18)",b'#include <vector>\n'
pcl,../repos/pcl/io/include/pcl/io/impl/point_cloud_image_extractors.hpp,"(40, 10)-(40, 15)",b'#include <set>\n'
pcl,../repos/pcl/io/include/pcl/io/impl/point_cloud_image_extractors.hpp,"(41, 10)-(41, 15)",b'#include <map>\n'
pcl,../repos/pcl/io/include/pcl/io/impl/lzf_image_io.hpp,"(49, 10)-(49, 18)",b'#include <vector>\n'
pcl,../repos/pcl/io/include/pcl/io/impl/synchronized_queue.hpp,"(45, 10)-(45, 17)",b'#include <queue>\n'
pcl,../repos/pcl/io/include/pcl/io/openni_camera/openni_device.h,"(54, 10)-(54, 15)",b'#include <map>\n'
pcl,../repos/pcl/io/include/pcl/io/openni_camera/openni_device.h,"(57, 10)-(57, 18)",b'#include <vector>\n'
pcl,../repos/pcl/io/include/pcl/io/openni_camera/openni_shift_to_depth_conversion.h,"(46, 10)-(46, 18)",b'#include <vector>\n'
pcl,../repos/pcl/io/include/pcl/io/openni_camera/openni_driver.h,"(49, 10)-(49, 15)",b'#include <map>\n'
pcl,../repos/pcl/io/include/pcl/io/openni_camera/openni_driver.h,"(52, 10)-(52, 18)",b'#include <vector>\n'
pcl,../repos/pcl/io/include/pcl/io/buffers.h,"(41, 10)-(41, 18)",b'#include <vector>\n'
pcl,../repos/pcl/io/include/pcl/io/image_grabber.h,"(51, 10)-(51, 18)",b'#include <vector>\n'
pcl,../repos/pcl/io/include/pcl/io/tim_grabber.h,"(21, 10)-(21, 18)",b'#include <vector>\n'
pcl,../repos/pcl/io/include/pcl/io/pcd_grabber.h,"(56, 10)-(56, 18)",b'#include <vector>\n'
pcl,../repos/pcl/io/include/pcl/io/openni2/openni2_device_manager.h,"(42, 10)-(42, 18)",b'#include <vector>\n'
pcl,../repos/pcl/io/include/pcl/io/openni2/openni2_device.h,"(50, 10)-(50, 18)",b'#include <vector>\n'
pcl,../repos/pcl/io/include/pcl/io/openni2/openni2_timer_filter.h,"(34, 10)-(34, 17)",b'#include <deque>\n'
pcl,../repos/pcl/io/include/pcl/io/openni2/openni_shift_to_depth_conversion.h,"(45, 10)-(45, 18)",b'#include <vector>\n'
pcl,../repos/pcl/io/include/pcl/io/openni2/openni2_convert.h,"(40, 10)-(40, 18)",b'#include <vector>\n'
pcl,../repos/pcl/io/include/pcl/io/real_sense_grabber.h,"(51, 10)-(51, 18)",b'#include <vector>\n'
pcl,../repos/pcl/io/include/pcl/io/real_sense/real_sense_device_manager.h,"(52, 10)-(52, 18)",b'#include <vector>  // for std::vector\n'
pcl,../repos/pcl/io/include/pcl/io/grabber.h,"(40, 10)-(40, 15)",b'#include <map>\n'
pcl,../repos/pcl/io/include/pcl/io/grabber.h,"(46, 10)-(46, 18)",b'#include <vector>\n'
pcl,../repos/pcl/io/include/pcl/io/lzf_image_io.h,"(42, 10)-(42, 18)",b'#include <vector>\n'
pcl,../repos/pcl/octree/include/pcl/octree/impl/octree_base.hpp,"(42, 10)-(42, 18)",b'#include <vector>\n'
pcl,../repos/pcl/octree/include/pcl/octree/octree_container.h,"(46, 10)-(46, 18)",b'#include <vector>\n'
pcl,../repos/pcl/octree/include/pcl/octree/octree2buf_base.h,"(47, 10)-(47, 17)",b'#include <array>\n'
pcl,../repos/pcl/octree/include/pcl/octree/octree2buf_base.h,"(48, 10)-(48, 18)",b'#include <vector>\n'
pcl,../repos/pcl/octree/include/pcl/octree/octree_base.h,"(47, 10)-(47, 18)",b'#include <vector>\n'
pcl,../repos/pcl/octree/include/pcl/octree/octree_node_pool.h,"(42, 10)-(42, 18)",b'#include <vector>\n'
pcl,../repos/pcl/octree/include/pcl/octree/octree_pointcloud.h,"(45, 10)-(45, 18)",b'#include <vector>\n'
pcl,../repos/pcl/octree/include/pcl/octree/octree_iterator.h,"(46, 10)-(46, 17)",b'#include <deque>\n'
pcl,../repos/pcl/octree/include/pcl/octree/octree_iterator.h,"(48, 10)-(48, 18)",b'#include <vector>\n'
pcl,../repos/pcl/octree/include/pcl/octree/octree_pointcloud_adjacency_container.h,"(42, 10)-(42, 16)",b'#include <list> // for std::list\n'
pcl,../repos/pcl/octree/include/pcl/octree/octree_nodes.h,"(45, 10)-(45, 17)",b'#include <array>\n'
pcl,../repos/pcl/stereo/include/pcl/stereo/disparity_map_converter.h,"(43, 10)-(43, 18)",b'#include <vector>\n'
pcl,../repos/pcl/keypoints/src/narf_keypoint.cpp,"(37, 10)-(37, 18)",b'#include <vector>\n'
pcl,../repos/pcl/keypoints/include/pcl/keypoints/agast_2d.h,"(41, 10)-(41, 17)",b'#include <array>\n'
pcl,../repos/pcl/gpu/kinfu_large_scale/include/pcl/gpu/kinfu_large_scale/tsdf_volume.h,"(46, 10)-(46, 18)",b'#include <vector>\n'
pcl,../repos/pcl/gpu/kinfu_large_scale/include/pcl/gpu/kinfu_large_scale/kinfu.h,"(47, 10)-(47, 18)",b'#include <vector>\n'
pcl,../repos/pcl/gpu/people/src/colormap.cpp,"(38, 10)-(38, 18)",b'#include <vector>\n'
pcl,../repos/pcl/gpu/people/src/cuda/nvidia/NCVRuntimeTemplates.hpp,"(49, 10)-(49, 18)",b'#include <vector>\n'
pcl,../repos/pcl/gpu/people/src/cuda/nvidia/NCVPyramid.hpp,"(46, 10)-(46, 18)",b'#include <vector>\n'
pcl,../repos/pcl/gpu/people/include/pcl/gpu/people/organized_plane_detector.h,"(50, 10)-(50, 18)",b'#include <vector>\n'
pcl,../repos/pcl/gpu/people/include/pcl/gpu/people/tree.h,"(45, 10)-(45, 18)",b'#include <vector>\n'
pcl,../repos/pcl/gpu/people/include/pcl/gpu/people/label_segment.h,"(49, 10)-(49, 18)",b'#include <vector>\n'
pcl,../repos/pcl/gpu/people/include/pcl/gpu/people/person_attribs.h,"(4, 10)-(4, 18)",b'#include <vector>\n'
pcl,../repos/pcl/gpu/people/include/pcl/gpu/people/face_detector.h,"(46, 10)-(46, 18)",b'#include <vector>\n'
pcl,../repos/pcl/gpu/people/include/pcl/gpu/people/label_tree.h,"(50, 10)-(50, 18)",b'#include <vector>\n'
pcl,../repos/pcl/gpu/people/include/pcl/gpu/people/bodyparts_detector.h,"(50, 10)-(50, 18)",b'#include <vector>\n'
pcl,../repos/pcl/gpu/octree/include/pcl/gpu/octree/octree.hpp,"(41, 10)-(41, 18)",b'#include <vector>\n'
pcl,../repos/pcl/gpu/kinfu/include/pcl/gpu/kinfu/tsdf_volume.h,"(46, 10)-(46, 18)",b'#include <vector>\n'
pcl,../repos/pcl/gpu/kinfu/include/pcl/gpu/kinfu/kinfu.h,"(50, 10)-(50, 18)",b'#include <vector>\n'
pcl,../repos/pcl/gpu/kinfu/tools/kinfu_app.cpp,"(42, 10)-(42, 18)",b'#include <vector>\n'
pcl,../repos/pcl/gpu/containers/src/initialization.cpp,"(42, 10)-(42, 17)",b'#include <array> // replace c-style array wit...'
pcl,../repos/pcl/gpu/containers/include/pcl/gpu/containers/device_array.h,"(42, 10)-(42, 18)",b'#include <vector>\n'
pcl,../repos/pcl/visualization/src/vtk/vtkFixedXRenderWindowInteractor.cxx,"(42, 10)-(42, 15)",b'#include <map>\n'
pcl,../repos/pcl/visualization/src/vtk/vtkFixedXRenderWindowInteractor.cxx,"(43, 10)-(43, 15)",b'#include <set>\n'
pcl,../repos/pcl/visualization/src/interactor_style.cpp,"(40, 10)-(40, 16)",b'#include <list>\n'
pcl,../repos/pcl/visualization/include/pcl/visualization/impl/point_cloud_color_handlers.hpp,"(40, 10)-(40, 15)",b'#include <set>\n'
pcl,../repos/pcl/visualization/include/pcl/visualization/impl/point_cloud_color_handlers.hpp,"(41, 10)-(41, 15)",b'#include <map>\n'
pcl,../repos/pcl/visualization/include/pcl/visualization/common/ren_win_interact_map.h,"(41, 10)-(41, 15)",b'#include <map>\n'
pcl,../repos/pcl/visualization/include/pcl/visualization/common/actor_map.h,"(48, 10)-(48, 25)",b'#include <unordered_map>\n'
pcl,../repos/pcl/visualization/include/pcl/visualization/common/actor_map.h,"(49, 10)-(49, 18)",b'#include <vector>\n'
pcl,../repos/pcl/visualization/include/pcl/visualization/point_picking_event.h,"(49, 10)-(49, 15)",b'#include <map>\n'
pcl,../repos/pcl/visualization/include/pcl/visualization/point_picking_event.h,"(50, 10)-(50, 18)",b'#include <vector>\n'
pcl,../repos/pcl/visualization/include/pcl/visualization/vtk/pcl_context_item.h,"(44, 10)-(44, 18)",b'#include <vector>\n'
pcl,../repos/pcl/visualization/include/pcl/visualization/pcl_painter2D.h,"(41, 10)-(41, 18)",b'#include <vector>\n'
pcl,../repos/pcl/visualization/include/pcl/visualization/area_picking_event.h,"(43, 10)-(43, 15)",b'#include <map>\n'
pcl,../repos/pcl/visualization/include/pcl/visualization/pcl_plotter.h,"(42, 10)-(42, 18)",b'#include <vector>\n'
pcl,../repos/pcl/filters/src/voxel_grid_label.cpp,"(39, 10)-(39, 15)",b'#include <map>\n'
pcl,../repos/pcl/filters/src/voxel_grid.cpp,"(45, 10)-(45, 17)",b'#include <array>\n'
pcl,../repos/pcl/filters/include/pcl/filters/impl/frustum_culling.hpp,"(42, 10)-(42, 18)",b'#include <vector>\n'
pcl,../repos/pcl/filters/include/pcl/filters/impl/sampling_surface_normal.hpp,"(42, 10)-(42, 18)",b'#include <vector>\n'
pcl,../repos/pcl/filters/include/pcl/filters/impl/covariance_sampling.hpp,"(45, 10)-(45, 16)",b'#include <list>\n'
pcl,../repos/pcl/filters/include/pcl/filters/impl/normal_space.hpp,"(43, 10)-(43, 18)",b'#include <vector>\n'
pcl,../repos/pcl/filters/include/pcl/filters/impl/normal_space.hpp,"(44, 10)-(44, 16)",b'#include <list>\n'
pcl,../repos/pcl/filters/include/pcl/filters/impl/shadowpoints.hpp,"(43, 10)-(43, 18)",b'#include <vector>\n'
pcl,../repos/pcl/filters/include/pcl/filters/impl/convolution_3d.hpp,"(51, 10)-(51, 18)",b'#include <vector>\n'
pcl,../repos/pcl/filters/include/pcl/filters/clipper3D.h,"(43, 10)-(43, 18)",b'#include <vector>\n'
pcl,../repos/pcl/filters/include/pcl/filters/uniform_sampling.h,"(44, 10)-(44, 25)",b'#include <unordered_map>\n'
pcl,../repos/pcl/filters/include/pcl/filters/voxel_grid_covariance.h,"(41, 10)-(41, 15)",b'#include <map>\n'
