Repo name,File name,Location,Content
pcl,../repos/pcl/sample_consensus/include/pcl/sample_consensus/impl/lmeds.hpp,"(104, 137)-(104, 174)",b'[](double d){return !std::isnan (d);}'
pcl,../repos/pcl/sample_consensus/include/pcl/sample_consensus/sac_model.h,"(92, 38)-(92, 60)",b'[](auto){return true;}'
pcl,../repos/pcl/sample_consensus/include/pcl/sample_consensus/sac_model.h,"(115, 38)-(115, 60)",b'[](auto){return true;}'
pcl,../repos/pcl/sample_consensus/include/pcl/sample_consensus/sac_model.h,"(144, 38)-(144, 60)",b'[](auto){return true;}'
pcl,../repos/pcl/common/src/parse.cpp,"(109, 26)-(109, 97)","b'[](const char *str, char **str_end){ return s...'"
pcl,../repos/pcl/common/src/parse.cpp,"(116, 27)-(116, 99)","b'[](const char *str, char **str_end){ return s...'"
pcl,../repos/pcl/common/src/parse.cpp,"(186, 25)-(186, 92)","b'[](const char *str, char **str_end){ return s...'"
pcl,../repos/pcl/common/src/parse.cpp,"(196, 25)-(196, 92)","b'[](const char *str, char **str_end){ return s...'"
pcl,../repos/pcl/common/src/PCLPointCloud2.cpp,"(71, 19)-(77, 4)","b'[](const auto& field1, const auto& field2)\n  ...'"
pcl,../repos/pcl/common/src/pcl_base.cpp,"(76, 31)-(83, 4)",b'[](const auto& datatype) -> int\n  {\n    const...'
pcl,../repos/pcl/common/src/pcl_base.cpp,"(88, 18)-(91, 19)",b'[&sizeofDatatype](const auto& field)\n        ...'
pcl,../repos/pcl/common/src/common.cpp,"(55, 7)-(55, 76)",b'[&field_name](const auto& field) { return fie...'
pcl,../repos/pcl/common/include/pcl/impl/point_types.hpp,"(1754, 13)-(1754, 60)","b'[&os](const auto& hist) { os << "", "" << hist; }'"
pcl,../repos/pcl/common/include/pcl/common/impl/io.hpp,"(75, 7)-(75, 76)",b'[&field_name](const auto& field) { return fie...'
pcl,../repos/pcl/common/include/pcl/common/impl/io.hpp,"(270, 7)-(270, 84)","b'[](const auto& acc, const auto& index) { retu...'"
pcl,../repos/pcl/common/include/pcl/common/common.h,"(311, 39)-(311, 67)",b'[](const auto& x){return x;}'
pcl,../repos/pcl/common/include/pcl/common/colors.h,"(108, 34)-(125, 6)","b""[&]() {\n      // MSVC wouldn't take `size` he..."""
pcl,../repos/pcl/common/include/pcl/common/colors.h,"(152, 31)-(167, 6)","b'[&]() {\n      std::array<T, discretizations> ...'"
pcl,../repos/pcl/common/include/pcl/common/io.h,"(65, 9)-(65, 77)",b'[&field_name](const auto field) { return fiel...'
pcl,../repos/pcl/common/include/pcl/common/io.h,"(118, 11)-(118, 84)","b'[](const auto& acc, const auto& field) { retu...'"
pcl,../repos/pcl/common/include/pcl/conversions.h,"(341, 28)-(341, 81)",b'[](const auto& field) { return field.name == ...'
pcl,../repos/pcl/common/include/pcl/PolygonMesh.h,"(44, 22)-(54, 24)",b'[point_offset](auto polygon)\n                ...'
pcl,../repos/pcl/common/include/pcl/PolygonMesh.h,"(49, 40)-(52, 41)",b'[point_offset](auto& point_idx)\n             ...'
pcl,../repos/pcl/segmentation/include/pcl/segmentation/impl/supervoxel_clustering.hpp,"(187, 48)-(187, 93)",b'[this] (PointT &p) { transformFunction (p); }'
pcl,../repos/pcl/search/include/pcl/search/organized.h,"(227, 44)-(230, 91)",b'[&]{ queue.emplace (\n                        ...'
pcl,../repos/pcl/search/include/pcl/search/organized.h,"(229, 49)-(229, 110)","b'[](float dist, const Entry& ent){ return dist...'"
pcl,../repos/pcl/registration/include/pcl/registration/impl/ndt.hpp,"(240, 34)-(249, 4)","b'[](double angle, double& c, double& s) {\n    ...'"
pcl,../repos/pcl/registration/include/pcl/registration/gicp.h,"(128, 40)-(135, 6)","b'[this](const PointCloudSource& cloud_src,\n   ...'"
pcl,../repos/pcl/registration/include/pcl/registration/gicp.h,"(296, 40)-(303, 6)","b'[this](const PointCloudSource& cloud_src,\n   ...'"
pcl,../repos/pcl/cuda/apps/src/kinect_viewer_cuda.cpp,"(80, 13)-(80, 173)",b'[this](const openni_wrapper::Image::Ptr& imag...'
pcl,../repos/pcl/features/include/pcl/features/impl/integral_image_normal.hpp,"(480, 25)-(480, 158)","b'[this] (unsigned p1, unsigned p2, unsigned p3...'"
pcl,../repos/pcl/features/include/pcl/features/impl/integral_image_normal.hpp,"(509, 25)-(509, 152)","b'[this] (unsigned p1, unsigned p2, unsigned p3...'"
pcl,../repos/pcl/features/include/pcl/features/impl/integral_image_normal.hpp,"(511, 25)-(511, 153)","b'[this] (unsigned p1, unsigned p2, unsigned p3...'"
pcl,../repos/pcl/features/include/pcl/features/impl/integral_image_normal.hpp,"(553, 24)-(553, 156)","b'[this] (unsigned p1, unsigned p2, unsigned p3...'"
pcl,../repos/pcl/features/include/pcl/features/impl/integral_image_normal.hpp,"(555, 24)-(555, 156)","b'[this] (unsigned p1, unsigned p2, unsigned p3...'"
pcl,../repos/pcl/features/include/pcl/features/impl/integral_image_normal.hpp,"(567, 24)-(567, 150)","b'[this] (unsigned p1, unsigned p2, unsigned p3...'"
pcl,../repos/pcl/features/include/pcl/features/impl/integral_image_normal.hpp,"(569, 24)-(569, 150)","b'[this] (unsigned p1, unsigned p2, unsigned p3...'"
pcl,../repos/pcl/features/include/pcl/features/impl/integral_image_normal.hpp,"(650, 21)-(650, 156)","b'[this] (unsigned p1, unsigned p2, unsigned p3...'"
pcl,../repos/pcl/features/include/pcl/features/impl/integral_image_normal.hpp,"(667, 21)-(667, 150)","b'[this] (unsigned p1, unsigned p2, unsigned p3...'"
pcl,../repos/pcl/features/include/pcl/features/impl/rops_estimation.hpp,"(195, 48)-(197, 10)","b'[](const auto& sum, const auto& val) {\n      ...'"
pcl,../repos/pcl/features/include/pcl/features/impl/feature.hpp,"(148, 32)-(152, 8)","b'[this] (const PointCloudIn &cloud, int index,...'"
pcl,../repos/pcl/features/include/pcl/features/impl/feature.hpp,"(161, 32)-(165, 8)","b'[this] (const PointCloudIn &cloud, int index,...'"
pcl,../repos/pcl/features/include/pcl/features/impl/grsd.hpp,"(101, 5)-(103, 102)","b""[](const auto& point) {\n      // GCC 5.4 can'..."""
pcl,../repos/pcl/features/include/pcl/features/impl/board.hpp,"(435, 41)-(443, 4)",b'[](const auto& array) -> std::size_t {\n    if...'
pcl,../repos/pcl/features/include/pcl/features/impl/board.hpp,"(441, 38)-(441, 76)",b'[](const auto& x) -> bool { return x;}'
pcl,../repos/pcl/features/include/pcl/features/impl/multiscale_feature_persistence.hpp,"(153, 18)-(155, 19)",b'[factor](const auto& mean) {\n                ...'
pcl,../repos/pcl/features/include/pcl/features/impl/fpfh.hpp,"(169, 33)-(172, 6)",b'[](auto factor)\n    {\n      return [=](const ...'
pcl,../repos/pcl/features/include/pcl/features/impl/fpfh.hpp,"(171, 14)-(171, 61)",b'[=](const auto& data) { return data * factor; }'
pcl,../repos/pcl/kdtree/include/pcl/kdtree/impl/kdtree_flann.hpp,"(176, 18)-(176, 76)",b'[](const auto& x) { return static_cast<pcl::i...'
pcl,../repos/pcl/kdtree/include/pcl/kdtree/impl/kdtree_flann.hpp,"(313, 18)-(313, 76)",b'[](const auto& x) { return static_cast<pcl::i...'
pcl,../repos/pcl/outofcore/include/pcl/outofcore/impl/octree_ram_container.hpp,"(57, 61)-(57, 102)",b'[] {std::random_device rd; return rd(); }'
pcl,../repos/pcl/tracking/src/tracking.cpp,"(45, 27)-(48, 4)",b'[] {\n    std::random_device rd;\n    return rd...'
pcl,../repos/pcl/recognition/src/face_detection/rf_face_detector_trainer.cpp,"(197, 60)-(197, 129)","b'[] (const auto& p1, const auto& p2) { return ...'"
pcl,../repos/pcl/recognition/src/mask_map.cpp,"(70, 18)-(70, 83)","b'[](const char& b0, const char& b1) { return b...'"
pcl,../repos/pcl/recognition/include/pcl/recognition/impl/hv/hv_go.hpp,"(681, 9)-(681, 76)","b'[] (const auto& p1, const auto& p2) { return ...'"
pcl,../repos/pcl/recognition/include/pcl/recognition/impl/hv/hv_go.hpp,"(686, 13)-(686, 81)","b'[] (const auto& p1, const auto& p2) { return ...'"
pcl,../repos/pcl/io/src/ply/ply_parser.cpp,"(178, 13)-(178, 66)",b'[&name](const auto& ptr) { return ptr->name =...'
pcl,../repos/pcl/io/src/ply/ply_parser.cpp,"(220, 27)-(220, 80)",b'[&name](const auto& ptr) { return ptr->name =...'
pcl,../repos/pcl/io/src/ply/ply_parser.cpp,"(281, 27)-(281, 80)",b'[&name](const auto& ptr) { return ptr->name =...'
pcl,../repos/pcl/io/src/real_sense_2_grabber.cpp,"(227, 72)-(227, 126)","b'[]( pcl::PointXYZ&, const rs2::texture_coordi...'"
pcl,../repos/pcl/io/src/real_sense_2_grabber.cpp,"(233, 75)-(240, 6)","b'[&]( pcl::PointXYZRGB& p, const rs2::texture_...'"
pcl,../repos/pcl/io/src/real_sense_2_grabber.cpp,"(246, 76)-(253, 6)","b'[&]( pcl::PointXYZRGBA& p, const rs2::texture...'"
pcl,../repos/pcl/io/src/real_sense_2_grabber.cpp,"(261, 75)-(265, 8)","b'[&]( pcl::PointXYZI& p, const rs2::texture_co...'"
pcl,../repos/pcl/io/src/real_sense_2_grabber.cpp,"(269, 75)-(272, 8)","b'[&]( pcl::PointXYZI& p, const rs2::texture_co...'"
pcl,../repos/pcl/io/src/oni_grabber.cpp,"(105, 28)-(111, 6)",b'[this] (const openni_wrapper::Image::Ptr& ima...'
pcl,../repos/pcl/io/src/openni2_grabber.cpp,"(100, 25)-(106, 4)","b'[this] (const IRImage::Ptr& ir_image,\n       ...'"
pcl,../repos/pcl/io/src/openni2_grabber.cpp,"(115, 28)-(121, 6)","b'[this] (const Image::Ptr& image,\n            ...'"
pcl,../repos/pcl/io/src/openni2_grabber.cpp,"(125, 30)-(125, 98)",b'[this] (openni::VideoStream& stream) { proces...'
pcl,../repos/pcl/io/src/openni2_grabber.cpp,"(126, 30)-(126, 98)",b'[this] (openni::VideoStream& stream) { proces...'
pcl,../repos/pcl/io/src/openni2_grabber.cpp,"(127, 27)-(127, 92)",b'[this] (openni::VideoStream& stream) { proces...'
pcl,../repos/pcl/io/src/openni_grabber.cpp,"(85, 25)-(91, 4)",b'[this] (const openni_wrapper::IRImage::Ptr& i...'
pcl,../repos/pcl/io/src/openni_grabber.cpp,"(99, 28)-(105, 6)",b'[this] (const openni_wrapper::Image::Ptr& ima...'
pcl,../repos/pcl/io/src/openni_camera/openni_device.cpp,"(935, 53)-(935, 113)","b'[=] (const Image::Ptr& img) { callback (img, ...'"
pcl,../repos/pcl/io/src/openni_camera/openni_device.cpp,"(950, 53)-(950, 118)",b'[=] (const DepthImage::Ptr& img) { callback (...'
pcl,../repos/pcl/io/src/openni_camera/openni_device.cpp,"(965, 47)-(965, 109)",b'[=] (const IRImage::Ptr& img) { callback (img...'
pcl,../repos/pcl/io/src/image_grabber.cpp,"(191, 86)-(191, 108)",b'[this] { trigger (); }'
pcl,../repos/pcl/io/src/image_grabber.cpp,"(213, 86)-(213, 108)",b'[this] { trigger (); }'
pcl,../repos/pcl/io/src/image_grabber.cpp,"(227, 86)-(227, 108)",b'[this] { trigger (); }'
pcl,../repos/pcl/io/src/ply_io.cpp,"(78, 13)-(78, 46)",b'[this] { vertexBeginCallback(); }'
pcl,../repos/pcl/io/src/ply_io.cpp,"(78, 48)-(78, 79)",b'[this] { vertexEndCallback(); }'
pcl,../repos/pcl/io/src/ply_io.cpp,"(83, 13)-(83, 44)",b'[this] { faceBeginCallback(); }'
pcl,../repos/pcl/io/src/ply_io.cpp,"(83, 46)-(83, 75)",b'[this] { faceEndCallback(); }'
pcl,../repos/pcl/io/src/ply_io.cpp,"(93, 13)-(93, 49)",b'[this] { rangeGridBeginCallback(); }'
pcl,../repos/pcl/io/src/ply_io.cpp,"(93, 51)-(93, 85)",b'[this] { rangeGridEndCallback(); }'
pcl,../repos/pcl/io/src/ply_io.cpp,"(144, 15)-(144, 116)",b'[this] (pcl::io::ply::float32 value) { vertex...'
pcl,../repos/pcl/io/src/ply_io.cpp,"(150, 16)-(150, 72)",b'[this] (const float& value) { originXCallback...'
pcl,../repos/pcl/io/src/ply_io.cpp,"(154, 16)-(154, 72)",b'[this] (const float& value) { originYCallback...'
pcl,../repos/pcl/io/src/ply_io.cpp,"(158, 16)-(158, 72)",b'[this] (const float& value) { originZCallback...'
pcl,../repos/pcl/io/src/ply_io.cpp,"(162, 16)-(162, 82)",b'[this] (const float& value) { orientationXaxi...'
pcl,../repos/pcl/io/src/ply_io.cpp,"(166, 16)-(166, 82)",b'[this] (const float& value) { orientationXaxi...'
pcl,../repos/pcl/io/src/ply_io.cpp,"(170, 16)-(170, 82)",b'[this] (const float& value) { orientationXaxi...'
pcl,../repos/pcl/io/src/ply_io.cpp,"(174, 16)-(174, 82)",b'[this] (const float& value) { orientationYaxi...'
pcl,../repos/pcl/io/src/ply_io.cpp,"(178, 16)-(178, 82)",b'[this] (const float& value) { orientationYaxi...'
pcl,../repos/pcl/io/src/ply_io.cpp,"(182, 16)-(182, 82)",b'[this] (const float& value) { orientationYaxi...'
pcl,../repos/pcl/io/src/ply_io.cpp,"(186, 16)-(186, 82)",b'[this] (const float& value) { orientationZaxi...'
pcl,../repos/pcl/io/src/ply_io.cpp,"(190, 16)-(190, 82)",b'[this] (const float& value) { orientationZaxi...'
pcl,../repos/pcl/io/src/ply_io.cpp,"(194, 16)-(194, 82)",b'[this] (const float& value) { orientationZaxi...'
pcl,../repos/pcl/io/src/ply_io.cpp,"(210, 16)-(210, 113)","b'[this, property_name] (pcl::io::ply::uint8 co...'"
pcl,../repos/pcl/io/src/ply_io.cpp,"(223, 16)-(223, 83)",b'[this] (pcl::io::ply::uint8 alpha) { vertexAl...'
pcl,../repos/pcl/io/src/ply_io.cpp,"(228, 16)-(228, 95)",b'[this] (pcl::io::ply::uint8 intensity) { vert...'
pcl,../repos/pcl/io/src/ply_io.cpp,"(231, 15)-(231, 112)",b'[this] (pcl::io::ply::uint8 value) { vertexSc...'
pcl,../repos/pcl/io/src/ply_io.cpp,"(242, 15)-(242, 114)",b'[this] (pcl::io::ply::uint32 value) { vertexS...'
pcl,../repos/pcl/io/src/ply_io.cpp,"(248, 16)-(248, 73)",b'[this] (const int& width) { cloudWidthCallbac...'
pcl,../repos/pcl/io/src/ply_io.cpp,"(252, 16)-(252, 76)",b'[this] (const int& height) { cloudHeightCallb...'
pcl,../repos/pcl/io/src/ply_io.cpp,"(265, 15)-(265, 86)",b'[this] (Scalar value) { vertexScalarPropertyC...'
pcl,../repos/pcl/io/src/ply_io.cpp,"(339, 9)-(339, 79)",b'[this] (SizeType size) { rangeGridVertexIndic...'
pcl,../repos/pcl/io/src/ply_io.cpp,"(340, 9)-(340, 100)",b'[this] (ContentType vertex_index) { rangeGrid...'
pcl,../repos/pcl/io/src/ply_io.cpp,"(341, 9)-(341, 57)",b'[this] { rangeGridVertexIndicesEndCallback (); }'
pcl,../repos/pcl/io/src/ply_io.cpp,"(347, 9)-(347, 74)",b'[this] (SizeType size) { faceVertexIndicesBeg...'
pcl,../repos/pcl/io/src/ply_io.cpp,"(348, 9)-(348, 95)",b'[this] (ContentType vertex_index) { faceVerte...'
pcl,../repos/pcl/io/src/ply_io.cpp,"(349, 9)-(349, 52)",b'[this] { faceVertexIndicesEndCallback (); }'
pcl,../repos/pcl/io/src/ply_io.cpp,"(366, 9)-(366, 109)","b'[this, property_name](SizeType size) { this->...'"
pcl,../repos/pcl/io/src/ply_io.cpp,"(367, 9)-(367, 82)",b'[this] (ContentType value) { vertexListProper...'
pcl,../repos/pcl/io/src/ply_io.cpp,"(368, 9)-(368, 53)",b'[this] { vertexListPropertyEndCallback (); }'
pcl,../repos/pcl/io/src/ply_io.cpp,"(523, 29)-(523, 151)","b'[&, this] (std::size_t line_number, const std...'"
pcl,../repos/pcl/io/src/ply_io.cpp,"(524, 32)-(524, 157)","b'[&, this] (std::size_t line_number, const std...'"
pcl,../repos/pcl/io/src/ply_io.cpp,"(525, 30)-(525, 153)","b'[&, this] (std::size_t line_number, const std...'"
pcl,../repos/pcl/io/src/ply_io.cpp,"(527, 33)-(527, 93)",b'[this] (const std::string& line) { objInfoCal...'
pcl,../repos/pcl/io/src/ply_io.cpp,"(528, 43)-(528, 162)","b'[this] (const std::string& element_name, std:...'"
pcl,../repos/pcl/io/src/ply_io.cpp,"(529, 35)-(529, 74)",b'[this] { return endHeaderCallback (); }'
pcl,../repos/pcl/io/src/ply_io.cpp,"(532, 96)-(532, 268)","b'[this] (const std::string& element_name, cons...'"
pcl,../repos/pcl/io/src/ply_io.cpp,"(533, 96)-(533, 268)","b'[this] (const std::string& element_name, cons...'"
pcl,../repos/pcl/io/src/ply_io.cpp,"(534, 93)-(534, 262)","b'[this] (const std::string& element_name, cons...'"
pcl,../repos/pcl/io/src/ply_io.cpp,"(535, 94)-(535, 264)","b'[this] (const std::string& element_name, cons...'"
pcl,../repos/pcl/io/src/ply_io.cpp,"(536, 94)-(536, 264)","b'[this] (const std::string& element_name, cons...'"
pcl,../repos/pcl/io/src/ply_io.cpp,"(537, 95)-(537, 266)","b'[this] (const std::string& element_name, cons...'"
pcl,../repos/pcl/io/src/ply_io.cpp,"(538, 94)-(538, 264)","b'[this] (const std::string& element_name, cons...'"
pcl,../repos/pcl/io/src/ply_io.cpp,"(539, 95)-(539, 266)","b'[this] (const std::string& element_name, cons...'"
pcl,../repos/pcl/io/src/ply_io.cpp,"(543, 113)-(543, 302)","b'[this] (const std::string& element_name, cons...'"
pcl,../repos/pcl/io/src/ply_io.cpp,"(544, 114)-(544, 303)","b'[this] (const std::string& element_name, cons...'"
pcl,../repos/pcl/io/src/ply_io.cpp,"(545, 116)-(545, 308)","b'[this] (const std::string& element_name, cons...'"
pcl,../repos/pcl/io/src/ply_io.cpp,"(546, 116)-(546, 308)","b'[this] (const std::string& element_name, cons...'"
pcl,../repos/pcl/io/src/ply_io.cpp,"(547, 115)-(547, 306)","b'[this] (const std::string& element_name, cons...'"
pcl,../repos/pcl/io/src/ply_io.cpp,"(548, 114)-(548, 304)","b'[this] (const std::string& element_name, cons...'"
pcl,../repos/pcl/io/src/ply_io.cpp,"(549, 115)-(549, 306)","b'[this] (const std::string& element_name, cons...'"
pcl,../repos/pcl/io/src/ply_io.cpp,"(550, 114)-(550, 304)","b'[this] (const std::string& element_name, cons...'"
pcl,../repos/pcl/io/src/ply_io.cpp,"(551, 114)-(551, 304)","b'[this] (const std::string& element_name, cons...'"
pcl,../repos/pcl/io/src/ply_io.cpp,"(552, 113)-(552, 302)","b'[this] (const std::string& element_name, cons...'"
pcl,../repos/pcl/io/src/pcd_grabber.cpp,"(111, 86)-(111, 108)",b'[this] { trigger (); }'
pcl,../repos/pcl/io/src/pcd_grabber.cpp,"(130, 86)-(130, 108)",b'[this] { trigger (); }'
pcl,../repos/pcl/io/src/robot_eye_grabber.cpp,"(282, 5)-(284, 6)",b'[this] (const boost::system::error_code& erro...'
pcl,../repos/pcl/io/src/pcd_io.cpp,"(352, 37)-(352, 106)",b'[](const pcl::PCLPointField& field)->bool { r...'
pcl,../repos/pcl/io/src/pcd_io.cpp,"(465, 56)-(465, 121)","b'[](const auto& i, const auto& field){ return ...'"
pcl,../repos/pcl/io/src/pcd_io.cpp,"(972, 43)-(975, 44)","b'[](const auto& field_a, const auto& field_b)\n...'"
pcl,../repos/pcl/io/include/pcl/io/ply/ply_parser.h,"(379, 47)-(379, 84)","b'[](std::size_t, const std::string&){}'"
pcl,../repos/pcl/io/include/pcl/io/ply/ply_parser.h,"(380, 53)-(380, 90)","b'[](std::size_t, const std::string&){}'"
pcl,../repos/pcl/io/include/pcl/io/ply/ply_parser.h,"(381, 49)-(381, 86)","b'[](std::size_t, const std::string&){}'"
pcl,../repos/pcl/io/include/pcl/io/ply/ply_parser.h,"(383, 49)-(383, 55)",b'[](){}'
pcl,../repos/pcl/io/include/pcl/io/ply/ply_parser.h,"(384, 51)-(384, 88)","b'[](format_type, const std::string&){}'"
pcl,../repos/pcl/io/include/pcl/io/ply/ply_parser.h,"(385, 53)-(385, 77)",b'[](const std::string&){}'
pcl,../repos/pcl/io/include/pcl/io/ply/ply_parser.h,"(386, 55)-(386, 79)",b'[](const std::string&){}'
pcl,../repos/pcl/io/include/pcl/io/ply/ply_parser.h,"(387, 59)-(387, 77)",b'[](){return true;}'
pcl,../repos/pcl/io/include/pcl/io/ply/ply_parser.h,"(390, 15)-(393, 16)","b'[](const std::string&, std::size_t)\n         ...'"
pcl,../repos/pcl/io/include/pcl/io/ply/ply_parser.h,"(392, 42)-(392, 48)",b'[](){}'
pcl,../repos/pcl/io/include/pcl/io/ply/ply_parser.h,"(392, 50)-(392, 56)",b'[](){}'
pcl,../repos/pcl/io/include/pcl/io/openni_camera/openni_device.h,"(596, 55)-(596, 131)","b'[=, &instance] (Image::Ptr img) { (instance.*...'"
pcl,../repos/pcl/io/include/pcl/io/openni_camera/openni_device.h,"(604, 55)-(604, 136)","b'[=, &instance] (DepthImage::Ptr img) { (insta...'"
pcl,../repos/pcl/io/include/pcl/io/openni_camera/openni_device.h,"(612, 49)-(612, 127)","b'[=, &instance] (IRImage::Ptr img) { (instance...'"
pcl,../repos/pcl/people/apps/main_ground_based_people_detection.cpp,"(146, 81)-(149, 4)",b'[&] (const pcl::PointCloud<pcl::PointXYZRGBA>...'
pcl,../repos/pcl/people/src/hog.cpp,"(189, 23)-(192, 8)","b'[&H1, &O0, &O1, &M0, &M1](int y) {\n        H1...'"
pcl,../repos/pcl/people/src/hog.cpp,"(211, 27)-(222, 8)",b'[&]()\n      {\n          yd=yb-yb0;\n          ...'
pcl,../repos/pcl/people/src/hog.cpp,"(223, 23)-(227, 8)","b'[&H1](const auto&H, const auto&ma, const auto...'"
pcl,../repos/pcl/people/src/hog.cpp,"(278, 27)-(289, 8)",b'[&]()\n      {\n          yd=yb-yb0;\n          ...'
pcl,../repos/pcl/people/src/hog.cpp,"(344, 20)-(347, 6)","b'[&Gs, &H1, &N1, &y, &clip](const auto&a, cons...'"
pcl,../repos/pcl/people/src/hog.cpp,"(441, 22)-(444, 4)","b'[&Gy, &In, &Ip](const auto& r)\n  {\n      *Gy+...'"
pcl,../repos/pcl/people/src/hog.cpp,"(485, 22)-(488, 4)","b'[&Gy, &In, &Ip](const auto& r)\n  {\n      *Gy+...'"
pcl,../repos/pcl/stereo/src/stereo_grabber.cpp,"(83, 17)-(83, 38)",b'[this] { trigger(); }'
pcl,../repos/pcl/stereo/src/stereo_grabber.cpp,"(101, 17)-(101, 38)",b'[this] { trigger(); }'
pcl,../repos/pcl/keypoints/include/pcl/keypoints/impl/keypoint.hpp,"(86, 24)-(89, 8)","b'[this] (pcl::index_t index, double radius, pc...'"
pcl,../repos/pcl/keypoints/include/pcl/keypoints/impl/keypoint.hpp,"(94, 32)-(97, 8)","b'[this] (const PointCloudIn &cloud, pcl::index...'"
pcl,../repos/pcl/keypoints/include/pcl/keypoints/impl/keypoint.hpp,"(108, 26)-(111, 10)","b'[this] (pcl::index_t index, int k, pcl::Indic...'"
pcl,../repos/pcl/keypoints/include/pcl/keypoints/impl/keypoint.hpp,"(116, 34)-(119, 10)","b'[this] (const PointCloudIn &cloud, pcl::index...'"
pcl,../repos/pcl/keypoints/include/pcl/keypoints/impl/trajkovic_2d.hpp,"(229, 48)-(229, 119)","b'[this] (int p1, int p2) { return greaterCorne...'"
pcl,../repos/pcl/keypoints/include/pcl/keypoints/impl/harris_2d.hpp,"(250, 54)-(250, 124)","b'[this] (int p1, int p2) { return greaterInten...'"
pcl,../repos/pcl/keypoints/include/pcl/keypoints/impl/trajkovic_3d.hpp,"(244, 48)-(244, 119)","b'[this] (int p1, int p2) { return greaterCorne...'"
pcl,../repos/pcl/gpu/kinfu_large_scale/tools/kinfuLS_app.cpp,"(1007, 17)-(1010, 6)",b'[this] (const pcl::PointCloud<pcl::PointXYZRG...'
pcl,../repos/pcl/gpu/kinfu_large_scale/tools/kinfuLS_app.cpp,"(1022, 11)-(1025, 8)","b'[this] (const ImagePtr& img, const DepthImage...'"
pcl,../repos/pcl/gpu/kinfu_large_scale/tools/kinfuLS_app.cpp,"(1027, 11)-(1027, 82)",b'[this] (const DepthImagePtr& depth) { source_...'
pcl,../repos/pcl/gpu/kinfu_large_scale/tools/kinfuLS_app.cpp,"(1053, 11)-(1056, 8)","b'[this] (const ImagePtr& img, const DepthImage...'"
pcl,../repos/pcl/gpu/kinfu_large_scale/tools/kinfuLS_app.cpp,"(1058, 11)-(1058, 82)",b'[this] (const DepthImagePtr& depth) { source_...'
pcl,../repos/pcl/gpu/kinfu_large_scale/tools/record_maps_rgb.cpp,"(265, 35)-(270, 4)","b'[] (const openni_wrapper::Image::Ptr& img,\n  ...'"
pcl,../repos/pcl/gpu/people/tools/people_app.cpp,"(287, 89)-(287, 179)",b'[this] (const pcl::PointCloud<pcl::PointXYZRG...'
pcl,../repos/pcl/gpu/people/tools/people_app.cpp,"(288, 82)-(291, 8)","b'[this] (const ImagePtr& img, const DepthImage...'"
pcl,../repos/pcl/gpu/people/tools/people_tracking.cpp,"(63, 9)-(63, 97)",b'[this] (const pcl::PointCloud<pcl::PointXYZRG...'
pcl,../repos/pcl/gpu/kinfu/tools/kinfu_app.cpp,"(973, 84)-(976, 6)","b'[this] (const ImagePtr& img, const DepthImage...'"
pcl,../repos/pcl/gpu/kinfu/tools/kinfu_app.cpp,"(977, 60)-(977, 126)",b'[this] (const DepthImagePtr& depth) { source_...'
pcl,../repos/pcl/gpu/kinfu/tools/kinfu_app.cpp,"(979, 84)-(982, 6)","b'[this] (const ImagePtr& img, const DepthImage...'"
pcl,../repos/pcl/gpu/kinfu/tools/kinfu_app.cpp,"(983, 60)-(983, 123)",b'[this] (const DepthImagePtr& depth) { source_...'
pcl,../repos/pcl/gpu/kinfu/tools/kinfu_app.cpp,"(989, 88)-(992, 6)",b'[this] (const pcl::PointCloud<pcl::PointXYZRG...'
pcl,../repos/pcl/visualization/src/point_picking_event.cpp,"(74, 77)-(74, 168)",b'[this](const auto& cloud_actor) { return clou...'
pcl,../repos/pcl/visualization/src/point_picking_event.cpp,"(226, 85)-(226, 165)",b'[&actor] (const auto& cloud_actor) { return c...'
pcl,../repos/pcl/visualization/src/pcl_visualizer.cpp,"(185, 5)-(185, 85)","b'[](const auto& sum, const auto& vertex) { ret...'"
pcl,../repos/pcl/visualization/src/pcl_visualizer.cpp,"(543, 41)-(543, 122)",b'[=] (const pcl::visualization::PointPickingEv...'
pcl,../repos/pcl/visualization/src/pcl_visualizer.cpp,"(557, 40)-(557, 120)",b'[=] (const pcl::visualization::AreaPickingEve...'
pcl,../repos/pcl/visualization/include/pcl/visualization/cloud_viewer.h,"(141, 45)-(141, 122)",b'[=] (const pcl::visualization::KeyboardEvent&...'
pcl,../repos/pcl/visualization/include/pcl/visualization/cloud_viewer.h,"(153, 45)-(153, 142)","b'[=, &instance] (const pcl::visualization::Key...'"
pcl,../repos/pcl/visualization/include/pcl/visualization/cloud_viewer.h,"(164, 42)-(164, 116)",b'[=] (const pcl::visualization::MouseEvent& e)...'
pcl,../repos/pcl/visualization/include/pcl/visualization/cloud_viewer.h,"(176, 42)-(176, 136)","b'[=, &instance] (const pcl::visualization::Mou...'"
pcl,../repos/pcl/visualization/include/pcl/visualization/cloud_viewer.h,"(188, 49)-(188, 130)",b'[=] (const pcl::visualization::PointPickingEv...'
pcl,../repos/pcl/visualization/include/pcl/visualization/cloud_viewer.h,"(200, 49)-(200, 150)","b'[=, &instance] (const pcl::visualization::Poi...'"
pcl,../repos/pcl/visualization/include/pcl/visualization/window.h,"(96, 44)-(96, 121)",b'[=] (const pcl::visualization::KeyboardEvent&...'
pcl,../repos/pcl/visualization/include/pcl/visualization/window.h,"(110, 44)-(110, 141)","b'[=, &instance] (const pcl::visualization::Key...'"
pcl,../repos/pcl/visualization/include/pcl/visualization/window.h,"(123, 41)-(123, 115)",b'[=] (const pcl::visualization::MouseEvent& e)...'
pcl,../repos/pcl/visualization/include/pcl/visualization/window.h,"(137, 41)-(137, 135)","b'[=, &instance] (const pcl::visualization::Mou...'"
pcl,../repos/pcl/visualization/include/pcl/visualization/pcl_visualizer.h,"(184, 45)-(184, 122)",b'[=] (const pcl::visualization::KeyboardEvent&...'
pcl,../repos/pcl/visualization/include/pcl/visualization/pcl_visualizer.h,"(196, 45)-(196, 142)","b'[=, &instance] (const pcl::visualization::Key...'"
pcl,../repos/pcl/visualization/include/pcl/visualization/pcl_visualizer.h,"(214, 42)-(214, 116)",b'[=] (const pcl::visualization::MouseEvent& e)...'
pcl,../repos/pcl/visualization/include/pcl/visualization/pcl_visualizer.h,"(226, 42)-(226, 136)","b'[=, &instance] (const pcl::visualization::Mou...'"
pcl,../repos/pcl/visualization/include/pcl/visualization/pcl_visualizer.h,"(253, 49)-(253, 150)","b'[=, &instance] (const pcl::visualization::Poi...'"
pcl,../repos/pcl/visualization/include/pcl/visualization/pcl_visualizer.h,"(280, 48)-(280, 148)","b'[=, &instance] (const pcl::visualization::Are...'"
pcl,../repos/pcl/visualization/include/pcl/visualization/image_viewer.h,"(486, 45)-(486, 122)",b'[=] (const pcl::visualization::KeyboardEvent&...'
pcl,../repos/pcl/visualization/include/pcl/visualization/image_viewer.h,"(499, 45)-(499, 142)","b'[=, &instance] (const pcl::visualization::Key...'"
pcl,../repos/pcl/visualization/include/pcl/visualization/image_viewer.h,"(518, 42)-(518, 116)",b'[=] (const pcl::visualization::MouseEvent& e)...'
pcl,../repos/pcl/visualization/include/pcl/visualization/image_viewer.h,"(531, 42)-(531, 136)","b'[=, &instance] (const pcl::visualization::Mou...'"
pcl,../repos/pcl/visualization/include/pcl/visualization/registration_visualizer.h,"(89, 30)-(93, 10)",b'[this] (const pcl::PointCloud<PointSource>& c...'
pcl,../repos/pcl/filters/src/voxel_grid.cpp,"(382, 26)-(382, 111)","b'[](const cloud_point_index_idx &x, const unsi...'"
pcl,../repos/pcl/filters/include/pcl/filters/impl/voxel_grid.hpp,"(353, 26)-(353, 111)","b'[](const cloud_point_index_idx &x, const unsi...'"
pcl,../repos/pcl/filters/include/pcl/filters/impl/voxel_grid_covariance.hpp,"(461, 7)-(461, 81)",b'[this] (auto& l) { return (l.second.nr_points...'
pcl,../repos/pcl/filters/include/pcl/filters/model_outlier_removal.h,"(192, 31)-(192, 116)","b'[=, &instance] (double threshold) { return (i...'"
