Repo name,File name,Location,Content
pcl,../repos/pcl/common/src/bearing_angle_image.cpp,"(101, 8)-(101, 24)",b'decltype(height)'
pcl,../repos/pcl/common/src/bearing_angle_image.cpp,"(103, 10)-(103, 25)",b'decltype(width)'
pcl,../repos/pcl/common/include/pcl/common/common.h,"(287, 33)-(287, 49)",b'decltype(*begin)'
pcl,../repos/pcl/common/include/pcl/common/common.h,"(289, 28)-(289, 44)",b'decltype(*begin)'
pcl,../repos/pcl/features/include/pcl/features/impl/gfpfh.hpp,"(211, 20)-(211, 46)",b'decltype(descriptorSize())'
pcl,../repos/pcl/features/include/pcl/features/impl/fpfh_omp.hpp,"(97, 27)-(97, 53)",b'decltype(spfh_indices_vec)'
pcl,../repos/pcl/outofcore/include/pcl/outofcore/impl/octree_base.hpp,"(521, 50)-(521, 75)",b'decltype(lod_filter_ptr_)'
pcl,../repos/pcl/io/include/pcl/io/grabber.h,"(269, 16)-(269, 34)",b'decltype(signals_)'
