Repo name,File name,Location,Content
pcl,../repos/pcl/common/include/pcl/common/fft/kiss_fft.h,"(52, 1)-(55, 15)",b'typedef struct {\t// NOLINT\n    kiss_fft_scala...'
pcl,../repos/pcl/common/include/pcl/common/fft/kiss_fft.h,"(57, 1)-(57, 45)",b'typedef struct kiss_fft_state* kiss_fft_cfg;'
pcl,../repos/pcl/common/include/pcl/common/fft/kiss_fftr.h,"(17, 1)-(17, 47)",b'typedef struct kiss_fftr_state *kiss_fftr_cfg;'
pcl,../repos/pcl/outofcore/include/pcl/outofcore/cJSON.h,"(47, 1)-(58, 9)",b'typedef struct cJSON {\t// NOLINT\n\tstruct cJSO...'
pcl,../repos/pcl/outofcore/include/pcl/outofcore/cJSON.h,"(60, 1)-(63, 15)",b'typedef struct cJSON_Hooks {\t// NOLINT\n      ...'
