Repo name,File name,Location,Content
bitcoin,../bitcoin/src/util/threadnames.cpp,"(45, 8)-(45, 20)",b'static thread_local std::string g_thread_name;'
chromium-extensions,../chromium-extensions/renderer/worker_script_context_set.cc,"(38, 17)-(38, 29)",b'ABSL_CONST_INIT thread_local ContextVector* c...'
chromium-extensions,../chromium-extensions/renderer/worker_thread_dispatcher.cc,"(37, 17)-(37, 29)",b'ABSL_CONST_INIT thread_local extensions::Serv...'
QuantLib,../QuantLib/ql/patterns/singleton.hpp,"(92, 13)-(92, 25)",b'thread_local static T local_instance;'
godot,../godot/servers/rendering/rendering_device.cpp,"(330, 2)-(330, 14)",b'thread_local LocalVector<RDG::RecordedBufferC...'
godot,../godot/servers/rendering/rendering_device.cpp,"(1026, 2)-(1026, 14)",b'thread_local LocalVector<RDG::RecordedBufferT...'
godot,../godot/servers/rendering/rendering_device.cpp,"(1287, 3)-(1287, 15)",b'thread_local LocalVector<RDD::BufferTextureCo...'
godot,../godot/servers/rendering/rendering_device_graph.cpp,"(1732, 2)-(1732, 14)",b'thread_local LocalVector<RecordedCommandSort>...'
godot,../godot/servers/rendering/rendering_device_graph.cpp,"(1734, 3)-(1734, 15)",b'thread_local LocalVector<int64_t> command_stack;'
godot,../godot/servers/rendering/rendering_device_graph.cpp,"(1735, 3)-(1735, 15)",b'thread_local LocalVector<int32_t> sorted_comm...'
godot,../godot/servers/rendering/rendering_device_graph.cpp,"(1736, 3)-(1736, 15)",b'thread_local LocalVector<uint32_t> command_de...'
godot,../godot/servers/extensions/physics_server_2d_extension.cpp,"(37, 1)-(37, 13)",b'thread_local const HashSet<RID> *PhysicsDirec...'
godot,../godot/servers/extensions/physics_server_2d_extension.cpp,"(118, 1)-(118, 13)",b'thread_local const HashSet<RID> *PhysicsServe...'
godot,../godot/servers/extensions/physics_server_2d_extension.cpp,"(119, 1)-(119, 13)",b'thread_local const HashSet<ObjectID> *Physics...'
godot,../godot/servers/extensions/physics_server_2d_extension.h,"(124, 2)-(124, 14)",b'thread_local static const HashSet<RID> *exclude;'
godot,../godot/servers/extensions/physics_server_3d_extension.h,"(126, 2)-(126, 14)",b'thread_local static const HashSet<RID> *exclude;'
godot,../godot/servers/extensions/physics_server_3d_extension.h,"(388, 2)-(388, 14)",b'thread_local static const HashSet<RID> *exclu...'
godot,../godot/servers/extensions/physics_server_3d_extension.h,"(389, 2)-(389, 14)",b'thread_local static const HashSet<ObjectID> *...'
godot,../godot/servers/extensions/physics_server_3d_extension.cpp,"(37, 1)-(37, 13)",b'thread_local const HashSet<RID> *PhysicsDirec...'
godot,../godot/servers/extensions/physics_server_3d_extension.cpp,"(120, 1)-(120, 13)",b'thread_local const HashSet<RID> *PhysicsServe...'
godot,../godot/servers/extensions/physics_server_3d_extension.cpp,"(121, 1)-(121, 13)",b'thread_local const HashSet<ObjectID> *Physics...'
godot,../godot/scene/main/node.h,"(277, 9)-(277, 21)",b'static thread_local Node *current_process_thr...'
godot,../godot/scene/main/node.cpp,"(52, 1)-(52, 13)",b'thread_local Node *Node::current_process_thre...'
godot,../godot/core/object/message_queue.h,"(164, 9)-(164, 21)",b'static thread_local CallQueue *thread_singleton;'
godot,../godot/core/object/worker_thread_pool.cpp,"(47, 1)-(47, 13)",b'thread_local CommandQueueMT *WorkerThreadPool...'
godot,../godot/core/object/message_queue.cpp,"(551, 1)-(551, 13)",b'thread_local CallQueue *MessageQueue::thread_...'
godot,../godot/core/object/worker_thread_pool.h,"(155, 9)-(155, 21)",b'static thread_local CommandQueueMT *flushing_...'
godot,../godot/core/io/dir_access.cpp,"(39, 1)-(39, 13)",b'thread_local Error DirAccess::last_dir_open_e...'
godot,../godot/core/io/file_access.h,"(113, 2)-(113, 14)",b'thread_local static Error last_file_open_error;'
godot,../godot/core/io/resource_loader.cpp,"(1181, 1)-(1181, 13)",b'thread_local int ResourceLoader::load_nesting = 0;'
godot,../godot/core/io/resource_loader.cpp,"(1182, 1)-(1182, 13)",b'thread_local WorkerThreadPool::TaskID Resourc...'
godot,../godot/core/io/resource_loader.cpp,"(1183, 1)-(1183, 13)",b'thread_local Vector<String> *ResourceLoader::...'
godot,../godot/core/io/resource_loader.cpp,"(1186, 1)-(1186, 13)",b'thread_local uint32_t SafeBinaryMutex<Resourc...'
godot,../godot/core/io/dir_access.h,"(60, 2)-(60, 14)",b'thread_local static Error last_dir_open_error;'
godot,../godot/core/io/resource_loader.h,"(182, 9)-(182, 21)",b'static thread_local int load_nesting;'
godot,../godot/core/io/resource_loader.h,"(183, 9)-(183, 21)",b'static thread_local WorkerThreadPool::TaskID ...'
godot,../godot/core/io/resource_loader.h,"(184, 9)-(184, 21)",b'static thread_local Vector<String> *load_path...'
godot,../godot/core/io/file_access.cpp,"(46, 1)-(46, 13)",b'thread_local Error FileAccess::last_file_open...'
godot,../godot/core/debugger/script_debugger.cpp,"(35, 1)-(35, 13)",b'thread_local int ScriptDebugger::lines_left = -1;'
godot,../godot/core/debugger/script_debugger.cpp,"(36, 1)-(36, 13)",b'thread_local int ScriptDebugger::depth = -1;'
godot,../godot/core/debugger/script_debugger.cpp,"(37, 1)-(37, 13)",b'thread_local ScriptLanguage *ScriptDebugger::...'
godot,../godot/core/debugger/script_debugger.cpp,"(38, 1)-(38, 13)",b'thread_local Vector<ScriptDebugger::StackInfo...'
godot,../godot/core/debugger/script_debugger.h,"(47, 9)-(47, 21)",b'static thread_local int lines_left;'
godot,../godot/core/debugger/script_debugger.h,"(48, 9)-(48, 21)",b'static thread_local int depth;'
godot,../godot/core/debugger/script_debugger.h,"(49, 9)-(49, 21)",b'static thread_local ScriptLanguage *break_lang;'
godot,../godot/core/debugger/script_debugger.h,"(50, 9)-(50, 21)",b'static thread_local Vector<StackInfo> error_s...'
godot,../godot/core/os/thread_safe.cpp,"(36, 8)-(36, 20)",b'static thread_local bool current_thread_safe_...'
godot,../godot/core/os/thread.cpp,"(42, 1)-(42, 13)",b'thread_local Thread::ID Thread::caller_id = T...'
godot,../godot/core/os/thread.h,"(95, 9)-(95, 21)",b'static thread_local ID caller_id;'
godot,../godot/core/os/mutex.h,"(88, 9)-(88, 21)",b'static thread_local uint32_t count;'
godot,../godot/core/os/mutex.h,"(173, 9)-(173, 21)",b'static thread_local uint32_t count;'
godot,../godot/platform/android/thread_jandroid.cpp,"(38, 8)-(38, 20)",b'static thread_local JNIEnv *env = nullptr;'
godot,../godot/modules/mono/csharp_script.cpp,"(642, 9)-(642, 21)",b'static thread_local bool _recursion_flag_ = false;'
godot,../godot/modules/gdscript/gdscript.h,"(411, 9)-(411, 21)",b'static thread_local int _debug_parse_err_line;'
godot,../godot/modules/gdscript/gdscript.h,"(412, 9)-(412, 21)",b'static thread_local String _debug_parse_err_file;'
godot,../godot/modules/gdscript/gdscript.h,"(413, 9)-(413, 21)",b'static thread_local String _debug_error;'
godot,../godot/modules/gdscript/gdscript.h,"(429, 9)-(429, 21)",b'static thread_local CallStack _call_stack;'
godot,../godot/modules/gdscript/gdscript_vm.cpp,"(450, 9)-(450, 21)",b'static thread_local int call_depth = 0;'
godot,../godot/modules/gdscript/gdscript.cpp,"(2721, 1)-(2721, 13)",b'thread_local GDScriptLanguage::CallStack GDSc...'
godot,../godot/modules/gdscript/gdscript_editor.cpp,"(243, 1)-(243, 13)",b'thread_local int GDScriptLanguage::_debug_par...'
godot,../godot/modules/gdscript/gdscript_editor.cpp,"(244, 1)-(244, 13)",b'thread_local String GDScriptLanguage::_debug_...'
godot,../godot/modules/gdscript/gdscript_editor.cpp,"(245, 1)-(245, 13)",b'thread_local String GDScriptLanguage::_debug_...'
xacc,../xacc/tpls/armadillo/armadillo_bits/arma_rng.hpp,"(32, 10)-(32, 22)",b'extern thread_local arma_rng_cxx11 arma_rng_c...'
xacc,../xacc/quantum/plugins/ibm/aer/src/simulators/extended_stabilizer/ch_runner.hpp,"(53, 1)-(53, 13)","b'thread_local std::unordered_map<double, U1Sam...'"
xacc,../xacc/quantum/plugins/qpp/accelerator/src/include/qpp.h,"(176, 1)-(176, 13)",b'thread_local static RandomDevices& rdevs QPP_...'
xacc,../xacc/quantum/plugins/qpp/accelerator/src/include/internal/classes/singleton.h,"(107, 9)-(107, 21)",b'thread_local static T instance;'
