Repo name,File name,Location,Content
bitcoin,../bitcoin/src/bitcoin-cli.cpp,"(177, 5)-(182, 6)",b'try {\n        SelectBaseParams(gArgs.GetChain...'
bitcoin,../bitcoin/src/bitcoin-cli.cpp,"(875, 9)-(890, 10)","b'try {\n            response = CallRPC(rh, strM...'"
bitcoin,../bitcoin/src/bitcoin-cli.cpp,"(1127, 5)-(1234, 6)",b'try {\n        // Skip switches\n        while ...'
bitcoin,../bitcoin/src/bitcoin-cli.cpp,"(1255, 5)-(1266, 6)","b'try {\n        int ret = AppInitRPC(argc, argv...'"
bitcoin,../bitcoin/src/bitcoin-cli.cpp,"(1269, 5)-(1276, 6)","b'try {\n        ret = CommandLineRPC(argc, argv...'"
bitcoin,../bitcoin/src/net.cpp,"(714, 5)-(720, 6)",b'try {\n        hdrbuf >> hdr;\n    }\n    catch ...'
bitcoin,../bitcoin/src/coins.cpp,"(358, 5)-(370, 6)",b'try {\n        return func();\n    } catch(cons...'
bitcoin,../bitcoin/src/support/allocators/secure.h,"(76, 5)-(81, 6)",b'try {\n        return secure_unique_ptr<T>(new...'
bitcoin,../bitcoin/src/kernel/mempool_persist.cpp,"(58, 5)-(143, 6)",b'try {\n        uint64_t version;\n        file ...'
bitcoin,../bitcoin/src/kernel/mempool_persist.cpp,"(176, 5)-(214, 6)",b'try {\n        const uint64_t version{pool.m_p...'
bitcoin,../bitcoin/src/util/fs_helpers.cpp,"(275, 5)-(280, 6)",b'try {\n        return fs::create_directories(p...'
bitcoin,../bitcoin/src/util/thread.cpp,"(19, 5)-(29, 6)","b'try {\n        LogPrintf(""%s thread start\\n"", ...'"
bitcoin,../bitcoin/src/util/sock.cpp,"(82, 9)-(90, 10)",b'try {\n            sock = std::make_unique<Soc...'
bitcoin,../bitcoin/src/signet.cpp,"(100, 9)-(107, 10)",b'try {\n            SpanReader v{signet_solutio...'
bitcoin,../bitcoin/src/rpc/external_signer.cpp,"(47, 13)-(58, 14)",b'try {\n                std::vector<ExternalSig...'
bitcoin,../bitcoin/src/rpc/server.cpp,"(107, 9)-(131, 10)",b'try\n        {\n            UniValue unused_res...'
bitcoin,../bitcoin/src/rpc/server.cpp,"(365, 5)-(379, 6)",b'try {\n        jreq.parse(req);\n\n        UniVa...'
bitcoin,../bitcoin/src/rpc/server.cpp,"(533, 5)-(545, 6)",b'try {\n        RPCCommandExecution execution(r...'
bitcoin,../bitcoin/src/rpc/request.cpp,"(136, 5)-(143, 6)",b'try {\n        if (g_generated_cookie) {\n     ...'
bitcoin,../bitcoin/src/common/system.cpp,"(70, 5)-(74, 6)","b'try {\n        std::locale(""""); // Raises a ru...'"
bitcoin,../bitcoin/src/common/init.cpp,"(20, 5)-(111, 6)",b'try {\n        if (!CheckDataDirOption(args)) ...'
bitcoin,../bitcoin/src/i2p.cpp,"(142, 5)-(151, 6)",b'try {\n        LOCK(m_mutex);\n        CreateIf...'
bitcoin,../bitcoin/src/i2p.cpp,"(175, 9)-(180, 10)",b'try {\n            peer_dest = conn.sock->Recv...'
bitcoin,../bitcoin/src/i2p.cpp,"(183, 9)-(198, 10)",b'try {\n            peer_addr = DestB64ToAddr(p...'
bitcoin,../bitcoin/src/i2p.cpp,"(230, 5)-(270, 6)",b'try {\n        {\n            LOCK(m_mutex);\n  ...'
bitcoin,../bitcoin/src/qt/initexecutor.cpp,"(43, 9)-(53, 10)","b'try {\n            util::ThreadRename(""qt-init...'"
bitcoin,../bitcoin/src/qt/initexecutor.cpp,"(60, 9)-(69, 10)","b'try {\n            qDebug() << ""Running Shutdo...'"
bitcoin,../bitcoin/src/qt/walletmodel.cpp,"(210, 5)-(243, 6)",b'try {\n        CAmount nFeeRequired = 0;\n     ...'
bitcoin,../bitcoin/src/qt/walletmodel.cpp,"(573, 5)-(577, 6)",b'try {\n        res = m_wallet->displayAddress(...'
bitcoin,../bitcoin/src/qt/bitcoin.cpp,"(690, 5)-(712, 6)",b'try\n    {\n        app.createWindow(networkSty...'
bitcoin,../bitcoin/src/qt/walletcontroller.cpp,"(296, 5)-(300, 6)",b'try {\n        signers = node().listExternalSi...'
bitcoin,../bitcoin/src/qt/askpassphrasedialog.cpp,"(154, 9)-(177, 10)",b'try {\n            if (!model->setWalletLocked...'
bitcoin,../bitcoin/src/qt/sendcoinsdialog.cpp,"(447, 5)-(452, 6)",b'try {\n        err = model->wallet().fillPSBT(...'
bitcoin,../bitcoin/src/qt/guiutil.h,"(399, 17)-(419, 18)",b'try {\n                    (receiver->*method)...'
bitcoin,../bitcoin/src/qt/intro.cpp,"(91, 5)-(110, 6)",b'try {\n        freeBytesAvailable = fs::space(...'
bitcoin,../bitcoin/src/qt/intro.cpp,"(222, 9)-(226, 10)",b'try {\n            SelectParams(gArgs.GetChain...'
bitcoin,../bitcoin/src/qt/intro.cpp,"(242, 13)-(252, 14)",b'try {\n                if (TryCreateDirectorie...'
bitcoin,../bitcoin/src/qt/rpcconsole.cpp,"(413, 5)-(464, 6)",b'try\n    {\n        std::string result;\n       ...'
bitcoin,../bitcoin/src/qt/rpcconsole.cpp,"(450, 9)-(459, 10)",b'try // Nice formatting for standard-format er...'
bitcoin,../bitcoin/src/qt/rpcconsole.cpp,"(1019, 5)-(1028, 6)",b'try {\n        std::string dummy;\n        if (...'
bitcoin,../bitcoin/src/qt/optionsmodel.cpp,"(193, 9)-(201, 10)",b'try {\n            getOption(option);\n        ...'
bitcoin,../bitcoin/src/netbase.cpp,"(337, 5)-(444, 6)",b'try {\n        IntrRecvError recvr;\n        Lo...'
bitcoin,../bitcoin/src/wallet/wallettool.cpp,"(63, 5)-(68, 6)",b'try {\n        load_wallet_ret = wallet_instan...'
bitcoin,../bitcoin/src/wallet/wallet.cpp,"(266, 5)-(298, 6)",b'try {\n        std::unique_ptr<WalletDatabase>...'
bitcoin,../bitcoin/src/wallet/wallet.cpp,"(488, 5)-(508, 6)",b'try {\n        if (!fs::exists(backup_file)) {...'
bitcoin,../bitcoin/src/wallet/db.h,"(72, 9)-(77, 10)",b'try {\n            ssValue >> value;\n         ...'
bitcoin,../bitcoin/src/wallet/rpc/backup.cpp,"(1166, 5)-(1232, 6)",b'try {\n        const bool internal = data.exis...'
bitcoin,../bitcoin/src/wallet/rpc/backup.cpp,"(1457, 5)-(1587, 6)","b'try {\n        if (!data.exists(""desc"")) {\n   ...'"
bitcoin,../bitcoin/src/wallet/sqlite.cpp,"(138, 5)-(144, 6)",b'try {\n        Open();\n    } catch (const std:...'
bitcoin,../bitcoin/src/wallet/sqlite.cpp,"(639, 5)-(652, 6)",b'try {\n        fs::path data_file = SQLiteData...'
bitcoin,../bitcoin/src/wallet/db.cpp,"(35, 9)-(58, 10)",b'try {\n            const fs::path path{it->pat...'
bitcoin,../bitcoin/src/wallet/load.cpp,"(108, 5)-(141, 6)",b'try {\n        std::set<fs::path> wallet_paths...'
bitcoin,../bitcoin/src/wallet/scriptpubkeyman.h,"(138, 9)-(144, 10)",b'try {\n            s >> fInternal;\n        } c...'
bitcoin,../bitcoin/src/wallet/scriptpubkeyman.h,"(145, 9)-(151, 10)",b'try {\n            s >> m_pre_split;\n        }...'
bitcoin,../bitcoin/src/wallet/walletdb.cpp,"(305, 5)-(364, 6)",b'try {\n        CPubKey vchPubKey;\n        ssKe...'
bitcoin,../bitcoin/src/wallet/walletdb.cpp,"(324, 9)-(328, 49)",b'try\n        {\n            ssValue >> hash;\n  ...'
bitcoin,../bitcoin/src/wallet/walletdb.cpp,"(371, 5)-(403, 6)",b'try {\n        CPubKey vchPubKey;\n        ssKe...'
bitcoin,../bitcoin/src/wallet/walletdb.cpp,"(410, 5)-(430, 6)",b'try {\n        // Master encryption key is loa...'
bitcoin,../bitcoin/src/wallet/walletdb.cpp,"(437, 5)-(446, 6)",b'try {\n        CHDChain chain;\n        ssValue...'
bitcoin,../bitcoin/src/wallet/walletdb.cpp,"(734, 9)-(739, 10)",b'try {\n            value >> default_pubkey;\n  ...'
bitcoin,../bitcoin/src/wallet/walletdb.cpp,"(796, 9)-(806, 10)",b'try {\n            value >> desc;\n        } ca...'
bitcoin,../bitcoin/src/wallet/walletdb.cpp,"(830, 13)-(835, 27)",b'try\n            {\n                key >> der_...'
bitcoin,../bitcoin/src/wallet/walletdb.cpp,"(1089, 9)-(1094, 10)",b'try {\n            value >> pwallet->nOrderPos...'
bitcoin,../bitcoin/src/wallet/walletdb.cpp,"(1159, 5)-(1198, 6)",b'try {\n        if ((result = LoadMinVersion(pw...'
bitcoin,../bitcoin/src/wallet/walletdb.cpp,"(1216, 5)-(1220, 6)",b'try {\n        pwallet->UpgradeKeyMetadata();\n...'
bitcoin,../bitcoin/src/wallet/walletdb.cpp,"(1224, 5)-(1228, 6)",b'try {\n        pwallet->UpgradeDescriptorCache...'
bitcoin,../bitcoin/src/wallet/walletdb.cpp,"(1237, 5)-(1275, 6)",b'try {\n        int nMinVersion = 0;\n        if...'
bitcoin,../bitcoin/src/wallet/walletdb.cpp,"(1440, 5)-(1446, 6)",b'try {\n        exists = fs::symlink_status(pat...'
bitcoin,../bitcoin/src/wallet/bdb.cpp,"(681, 17)-(693, 18)",b'try {\n                    if (fs::exists(path...'
bitcoin,../bitcoin/src/node/blockstorage.cpp,"(711, 5)-(717, 6)",b'try {\n        verifier << index.pprev->GetBlo...'
bitcoin,../bitcoin/src/node/blockstorage.cpp,"(1034, 5)-(1038, 6)",b'try {\n        filein >> TX_WITH_WITNESS(block...'
bitcoin,../bitcoin/src/node/blockstorage.cpp,"(1076, 5)-(1097, 6)",b'try {\n        MessageStartChars blk_start;\n  ...'
bitcoin,../bitcoin/src/node/interfaces.cpp,"(486, 13)-(499, 14)",b'try {\n                return m_wrapped_comman...'
bitcoin,../bitcoin/src/index/blockfilterindex.cpp,"(160, 5)-(167, 6)",b'try {\n        filein >> block_hash >> encoded...'
bitcoin,../bitcoin/src/index/txindex.cpp,"(87, 5)-(95, 6)",b'try {\n        file >> header;\n        if (fse...'
bitcoin,../bitcoin/src/init.cpp,"(1537, 13)-(1542, 14)",b'try {\n                return f();\n           ...'
bitcoin,../bitcoin/src/logging.cpp,"(482, 5)-(484, 45)",b'try {\n        log_size = fs::file_size(m_file...'
bitcoin,../bitcoin/src/minisketch/src/minisketch.cpp,"(368, 5)-(374, 39)",b'try {\n        Sketch* sketch = Construct(bits...'
bitcoin,../bitcoin/src/minisketch/src/minisketch.cpp,"(379, 5)-(393, 6)",b'try {\n        Sketch* sketch = Construct(bits...'
bitcoin,../bitcoin/src/minisketch/src/minisketch.cpp,"(382, 13)-(387, 14)",b'try {\n                sketch->Init(capacity);...'
bitcoin,../bitcoin/src/minisketch/src/test.cpp,"(275, 9)-(281, 45)",b'try {\n            test_complexity = 0;\n      ...'
bitcoin,../bitcoin/src/bitcoind.cpp,"(170, 5)-(234, 6)",b'try\n    {\n        // -server defaults to true...'
bitcoin,../bitcoin/src/scheduler.cpp,"(32, 9)-(65, 10)",b'try {\n            while (!shouldStop() && tas...'
bitcoin,../bitcoin/src/httprpc.cpp,"(179, 5)-(239, 6)",b'try {\n        // Parse request\n        UniVal...'
bitcoin,../bitcoin/src/addrdb.cpp,"(38, 5)-(44, 6)",b'try {\n        HashedSourceWriter hashwriter{s...'
bitcoin,../bitcoin/src/addrdb.cpp,"(164, 5)-(169, 6)",b'try {\n        BanMapFromJson(settings[JSON_KE...'
bitcoin,../bitcoin/src/addrdb.cpp,"(192, 5)-(211, 6)","b'try {\n        DeserializeFileDB(path_addr, *a...'"
bitcoin,../bitcoin/src/addrdb.cpp,"(224, 5)-(229, 6)",b'try {\n        DeserializeFileDB(anchors_db_pa...'
bitcoin,../bitcoin/src/bench/bench_bitcoin.cpp,"(121, 5)-(138, 6)",b'try {\n        benchmark::Args args;\n        a...'
bitcoin,../bitcoin/src/bitcoin-util.cpp,"(77, 5)-(82, 6)",b'try {\n        SelectParams(args.GetChainType(...'
bitcoin,../bitcoin/src/bitcoin-util.cpp,"(156, 5)-(167, 6)","b'try {\n        int ret = AppInitUtil(args, arg...'"
bitcoin,../bitcoin/src/bitcoin-util.cpp,"(177, 5)-(187, 6)","b'try {\n        if (cmd->command == ""grind"") {\n...'"
bitcoin,../bitcoin/src/logging.h,"(227, 9)-(232, 10)","b'try {\n            log_msg = tfm::format(fmt, ...'"
bitcoin,../bitcoin/src/protocol.cpp,"(174, 5)-(178, 6)","b'try {\n        return strprintf(""%s %s"", GetCo...'"
bitcoin,../bitcoin/src/validation.cpp,"(2550, 5)-(2681, 6)",b'try {\n    {\n        bool fFlushForPrune = fal...'
bitcoin,../bitcoin/src/validation.cpp,"(4144, 5)-(4153, 6)",b'try {\n        FlatFilePos blockPos{m_blockman...'
bitcoin,../bitcoin/src/validation.cpp,"(4628, 5)-(4638, 6)",b'try {\n        const CBlock& block = params.Ge...'
bitcoin,../bitcoin/src/validation.cpp,"(4655, 5)-(4817, 6)","b'try {\n        BufferedFile blkdat{file_in, 2 ...'"
bitcoin,../bitcoin/src/validation.cpp,"(4667, 13)-(4684, 14)",b'try {\n                // locate a header\n    ...'
bitcoin,../bitcoin/src/validation.cpp,"(4685, 13)-(4813, 14)",b'try {\n                // read block header\n  ...'
bitcoin,../bitcoin/src/validation.cpp,"(5174, 9)-(5183, 10)",b'try {\n            bool existed = fs::remove(b...'
bitcoin,../bitcoin/src/validation.cpp,"(5407, 9)-(5414, 10)",b'try {\n            coins_file >> outpoint;\n   ...'
bitcoin,../bitcoin/src/validation.cpp,"(5472, 5)-(5477, 6)",b'try {\n        coins_file >> outpoint;\n    } c...'
bitcoin,../bitcoin/src/validation.cpp,"(5500, 5)-(5505, 6)",b'try {\n        maybe_stats = ComputeUTXOStats(...'
bitcoin,../bitcoin/src/validation.cpp,"(5674, 5)-(5682, 6)",b'try {\n        maybe_ibd_stats = ComputeUTXOSt...'
bitcoin,../bitcoin/src/validation.cpp,"(5875, 5)-(5889, 6)","b'try {\n        fs::rename(snapshot_datadir, in...'"
bitcoin,../bitcoin/src/validation.cpp,"(5987, 5)-(5992, 6)","b'try {\n        fs::rename(ibd_chainstate_path,...'"
bitcoin,../bitcoin/src/validation.cpp,"(5998, 5)-(6003, 6)",b'try {\n        fs::rename(snapshot_chainstate_...'
bitcoin,../bitcoin/src/core_read.cpp,"(145, 9)-(150, 10)",b'try {\n            ssData >> TX_WITH_WITNESS(t...'
bitcoin,../bitcoin/src/core_read.cpp,"(163, 9)-(168, 10)",b'try {\n            ssData >> TX_NO_WITNESS(tx_...'
bitcoin,../bitcoin/src/core_read.cpp,"(210, 5)-(214, 6)",b'try {\n        ser_header >> header;\n    } cat...'
bitcoin,../bitcoin/src/core_read.cpp,"(225, 5)-(230, 6)",b'try {\n        ssBlock >> TX_WITH_WITNESS(bloc...'
bitcoin,../bitcoin/src/net_processing.cpp,"(5062, 5)-(5079, 6)","b'try {\n        ProcessMessage(*pfrom, msg.m_ty...'"
bitcoin,../bitcoin/src/dbwrapper.h,"(158, 9)-(163, 10)",b'try {\n            DataStream ssKey{GetKeyImpl...'
bitcoin,../bitcoin/src/dbwrapper.h,"(168, 9)-(174, 10)",b'try {\n            DataStream ssValue{GetValue...'
bitcoin,../bitcoin/src/dbwrapper.h,"(230, 9)-(236, 10)",b'try {\n            DataStream ssValue{MakeByte...'
bitcoin,../bitcoin/src/rest.cpp,"(202, 9)-(206, 10)",b'try {\n            raw_count = req->GetQueryPa...'
bitcoin,../bitcoin/src/rest.cpp,"(376, 9)-(380, 10)",b'try {\n            raw_count = req->GetQueryPa...'
bitcoin,../bitcoin/src/rest.cpp,"(662, 13)-(666, 14)",b'try {\n                raw_verbose = req->GetQ...'
bitcoin,../bitcoin/src/rest.cpp,"(671, 13)-(675, 14)",b'try {\n                raw_mempool_sequence = ...'
bitcoin,../bitcoin/src/rest.cpp,"(816, 9)-(831, 10)",b'try {\n            //deserialize only if user ...'
bitcoin,../bitcoin/src/policy/fees.cpp,"(962, 5)-(981, 6)",b'try {\n        LOCK(m_cs_fee_estimator);\n     ...'
bitcoin,../bitcoin/src/policy/fees.cpp,"(987, 5)-(1043, 6)",b'try {\n        LOCK(m_cs_fee_estimator);\n     ...'
bitcoin,../bitcoin/src/script/solver.cpp,"(72, 9)-(76, 10)","b'try {\n            count = CScriptNum(data, /*...'"
bitcoin,../bitcoin/src/script/interpreter.cpp,"(436, 5)-(1228, 6)",b'try\n    {\n        for (; pc < pend; ++opcode_...'
bitcoin,../bitcoin/src/script/bitcoinconsensus.cpp,"(82, 5)-(116, 6)","b'try {\n        TxInputStream stream(txTo, txTo...'"
bitcoin,../bitcoin/src/script/miniscript.cpp,"(411, 9)-(413, 43)",b'try {\n            return CScriptNum(in.second...'
bitcoin,../bitcoin/src/bitcoin-wallet.cpp,"(115, 5)-(123, 6)",b'try {\n        if (const auto maybe_exit{Walle...'
bitcoin,../bitcoin/src/bitcoin-tx.cpp,"(96, 5)-(101, 6)",b'try {\n        SelectParams(gArgs.GetChainType...'
bitcoin,../bitcoin/src/bitcoin-tx.cpp,"(811, 5)-(862, 6)",b'try {\n        // Skip switches; Permit common...'
bitcoin,../bitcoin/src/bitcoin-tx.cpp,"(874, 5)-(885, 6)","b'try {\n        int ret = AppInitRawTx(argc, ar...'"
bitcoin,../bitcoin/src/bitcoin-tx.cpp,"(888, 5)-(895, 6)","b'try {\n        ret = CommandLineRawTx(argc, ar...'"
bitcoin,../bitcoin/src/psbt.cpp,"(549, 5)-(558, 6)",b'try {\n        ss_data >> psbt;\n        if (!s...'
bitcoin,../bitcoin/src/test/blockencodings_tests.cpp,"(362, 5)-(371, 6)",b'try {\n        stream >> req1;\n        // befo...'
bitcoin,../bitcoin/src/test/fuzz/process_messages.cpp,"(85, 13)-(88, 14)",b'try {\n                more_work = connman.Pro...'
bitcoin,../bitcoin/src/test/fuzz/script_flags.cpp,"(22, 5)-(70, 6)",b'try {\n        const CTransaction tx(deseriali...'
bitcoin,../bitcoin/src/test/fuzz/strprintf.cpp,"(51, 5)-(79, 6)",b'try {\n        CallOneOf(\n            fuzzed_d...'
bitcoin,../bitcoin/src/test/fuzz/strprintf.cpp,"(97, 5)-(133, 6)",b'try {\n        CallOneOf(\n            fuzzed_d...'
bitcoin,../bitcoin/src/test/fuzz/tx_in.cpp,"(18, 5)-(22, 6)",b'try {\n        ds >> tx_in;\n    } catch (const...'
bitcoin,../bitcoin/src/test/fuzz/deserialize.cpp,"(84, 5)-(88, 6)",b'try {\n        ds >> params(obj);\n    } catch ...'
bitcoin,../bitcoin/src/test/fuzz/deserialize.cpp,"(112, 5)-(116, 6)",b'try {\n        ds >> obj;\n    } catch (const s...'
bitcoin,../bitcoin/src/test/fuzz/autofile.cpp,"(31, 17)-(34, 18)",b'try {\n                    auto_file.read({arr...'
bitcoin,../bitcoin/src/test/fuzz/autofile.cpp,"(38, 17)-(41, 18)",b'try {\n                    auto_file.write({ar...'
bitcoin,../bitcoin/src/test/fuzz/autofile.cpp,"(44, 17)-(47, 18)",b'try {\n                    auto_file.ignore(fu...'
bitcoin,../bitcoin/src/test/fuzz/script_assets_test_minimizer.cpp,"(56, 5)-(60, 6)",b'try {\n        SpanReader{CheckedParseHex(str)...'
bitcoin,../bitcoin/src/test/fuzz/script_assets_test_minimizer.cpp,"(70, 9)-(74, 10)",b'try {\n            SpanReader{CheckedParseHex(...'
bitcoin,../bitcoin/src/test/fuzz/script_assets_test_minimizer.cpp,"(193, 5)-(196, 6)",b'try {\n        Test(str);\n    } catch (const s...'
bitcoin,../bitcoin/src/test/fuzz/system.cpp,"(92, 17)-(96, 18)",b'try {\n                    std::string error;\n...'
bitcoin,../bitcoin/src/test/fuzz/system.cpp,"(110, 5)-(113, 6)",b'try {\n        (void)args_manager.GetChainType...'
bitcoin,../bitcoin/src/test/fuzz/coins_view.cpp,"(67, 17)-(75, 18)",b'try {\n                    coins_view_cache.Ad...'
bitcoin,../bitcoin/src/test/fuzz/coins_view.cpp,"(144, 17)-(151, 18)",b'try {\n                    coins_view_cache.Ba...'
bitcoin,../bitcoin/src/test/fuzz/coins_view.cpp,"(185, 9)-(189, 10)",b'try {\n            (void)coins_view_cache.Curs...'
bitcoin,../bitcoin/src/test/fuzz/coins_view.cpp,"(226, 17)-(234, 18)",b'try {\n                    AddCoins(coins_view...'
bitcoin,../bitcoin/src/test/fuzz/utxo_snapshot.cpp,"(51, 9)-(55, 10)",b'try {\n            infile >> metadata;\n       ...'
bitcoin,../bitcoin/src/test/fuzz/pow.cpp,"(75, 13)-(78, 14)",b'try {\n                (void)GetBlockProofEqui...'
bitcoin,../bitcoin/src/test/fuzz/buffered_file.cpp,"(27, 5)-(30, 6)",b'try {\n        opt_buffered_file.emplace(fuzze...'
bitcoin,../bitcoin/src/test/fuzz/buffered_file.cpp,"(39, 21)-(42, 22)",b'try {\n                        opt_buffered_fi...'
bitcoin,../bitcoin/src/test/fuzz/buffered_file.cpp,"(57, 21)-(60, 22)",b'try {\n                        opt_buffered_fi...'
bitcoin,../bitcoin/src/test/fuzz/parse_script.cpp,"(12, 5)-(15, 6)",b'try {\n        (void)ParseScript(script_string...'
bitcoin,../bitcoin/src/test/fuzz/util.h,"(108, 5)-(112, 6)",b'try {\n        ds >> params(obj);\n    } catch ...'
bitcoin,../bitcoin/src/test/fuzz/util.h,"(122, 5)-(126, 6)",b'try {\n        ds >> obj;\n    } catch (const s...'
bitcoin,../bitcoin/src/test/fuzz/util.h,"(276, 9)-(292, 10)",b'try {\n            CallOneOf(\n                ...'
bitcoin,../bitcoin/src/test/fuzz/golomb_rice.cpp,"(85, 9)-(89, 10)",b'try {\n            n = static_cast<uint32_t>(R...'
bitcoin,../bitcoin/src/test/fuzz/golomb_rice.cpp,"(92, 13)-(95, 14)",b'try {\n                (void)GolombRiceDecode(...'
bitcoin,../bitcoin/src/test/fuzz/script_sign.cpp,"(41, 9)-(44, 10)",b'try {\n            DeserializeHDKeypaths(rando...'
bitcoin,../bitcoin/src/test/fuzz/script_sign.cpp,"(63, 9)-(66, 10)",b'try {\n            SerializeHDKeypaths(seriali...'
bitcoin,../bitcoin/src/test/fuzz/script_sign.cpp,"(68, 9)-(71, 10)",b'try {\n            DeserializeHDKeypaths(seria...'
bitcoin,../bitcoin/src/test/fuzz/parse_univalue.cpp,"(31, 5)-(35, 6)","b'try {\n        (void)ParseHashO(univalue, ""A"")...'"
bitcoin,../bitcoin/src/test/fuzz/parse_univalue.cpp,"(36, 5)-(40, 6)","b'try {\n        (void)ParseHashO(univalue, rand...'"
bitcoin,../bitcoin/src/test/fuzz/parse_univalue.cpp,"(41, 5)-(45, 6)","b'try {\n        (void)ParseHashV(univalue, ""A"")...'"
bitcoin,../bitcoin/src/test/fuzz/parse_univalue.cpp,"(46, 5)-(50, 6)","b'try {\n        (void)ParseHashV(univalue, rand...'"
bitcoin,../bitcoin/src/test/fuzz/parse_univalue.cpp,"(51, 5)-(54, 6)","b'try {\n        (void)ParseHexO(univalue, ""A"");...'"
bitcoin,../bitcoin/src/test/fuzz/parse_univalue.cpp,"(55, 5)-(58, 6)","b'try {\n        (void)ParseHexO(univalue, rando...'"
bitcoin,../bitcoin/src/test/fuzz/parse_univalue.cpp,"(59, 5)-(63, 6)","b'try {\n        (void)ParseHexV(univalue, ""A"");...'"
bitcoin,../bitcoin/src/test/fuzz/parse_univalue.cpp,"(64, 5)-(68, 6)","b'try {\n        (void)ParseHexV(univalue, rando...'"
bitcoin,../bitcoin/src/test/fuzz/parse_univalue.cpp,"(69, 5)-(72, 6)",b'try {\n        if (univalue.isNull() || unival...'
bitcoin,../bitcoin/src/test/fuzz/parse_univalue.cpp,"(73, 5)-(77, 6)",b'try {\n        (void)AmountFromValue(univalue)...'
bitcoin,../bitcoin/src/test/fuzz/parse_univalue.cpp,"(78, 5)-(83, 6)",b'try {\n        FlatSigningProvider provider;\n ...'
bitcoin,../bitcoin/src/test/fuzz/parse_univalue.cpp,"(84, 5)-(88, 6)",b'try {\n        (void)ParseConfirmTarget(unival...'
bitcoin,../bitcoin/src/test/fuzz/parse_univalue.cpp,"(89, 5)-(93, 6)",b'try {\n        (void)ParseDescriptorRange(univ...'
bitcoin,../bitcoin/src/test/fuzz/locale.cpp,"(29, 5)-(33, 6)",b'try {\n        (void)std::locale(locale_identi...'
bitcoin,../bitcoin/src/test/fuzz/string.cpp,"(72, 5)-(75, 6)",b'try {\n        (void)RPCConvertNamedValues(ran...'
bitcoin,../bitcoin/src/test/fuzz/string.cpp,"(76, 5)-(79, 6)",b'try {\n        (void)RPCConvertValues(random_s...'
bitcoin,../bitcoin/src/test/fuzz/string.cpp,"(96, 5)-(99, 6)",b'try {\n        throw scriptnum_error{random_st...'
bitcoin,../bitcoin/src/test/fuzz/string.cpp,"(106, 9)-(115, 10)",b'try {\n            data_stream >> limited_stri...'
bitcoin,../bitcoin/src/test/fuzz/protocol.cpp,"(22, 5)-(25, 6)",b'try {\n        (void)inv->GetCommand();\n    } ...'
bitcoin,../bitcoin/src/test/fuzz/addrman.cpp,"(55, 5)-(58, 6)","b'try {\n        ReadFromStream(addr_man, data_s...'"
bitcoin,../bitcoin/src/test/fuzz/addrman.cpp,"(245, 9)-(249, 10)",b'try {\n            ds >> *addr_man_ptr;\n      ...'
bitcoin,../bitcoin/src/test/fuzz/integer.cpp,"(252, 9)-(256, 10)",b'try {\n            const uint64_t deserialized...'
bitcoin,../bitcoin/src/test/fuzz/integer.cpp,"(259, 5)-(262, 6)",b'try {\n        CHECK_NONFATAL(b);\n    } catch ...'
bitcoin,../bitcoin/src/test/fuzz/hex.cpp,"(33, 5)-(36, 6)",b'try {\n        (void)HexToPubKey(random_hex_st...'
bitcoin,../bitcoin/src/test/fuzz/process_message.cpp,"(86, 9)-(89, 10)",b'try {\n            more_work = connman.Process...'
bitcoin,../bitcoin/src/test/fuzz/block.cpp,"(29, 5)-(33, 6)",b'try {\n        ds >> TX_WITH_WITNESS(block);\n ...'
bitcoin,../bitcoin/src/test/fuzz/rpc.cpp,"(50, 9)-(54, 10)",b'try {\n            request.params = RPCConvert...'
bitcoin,../bitcoin/src/test/fuzz/rpc.cpp,"(379, 5)-(387, 6)",b'try {\n        rpc_testing_setup->CallRPC(rpc_...'
bitcoin,../bitcoin/src/test/fuzz/transaction.cpp,"(34, 9)-(39, 10)",b'try {\n            return CTransaction(deseria...'
bitcoin,../bitcoin/src/test/fuzz/transaction.cpp,"(44, 5)-(48, 6)",b'try {\n        ds_mtx >> TX_WITH_WITNESS(mutab...'
bitcoin,../bitcoin/src/test/fuzz/transaction.cpp,"(70, 5)-(73, 6)",b'try {\n        (void)tx.GetValueOut();\n    } c...'
bitcoin,../bitcoin/src/test/fuzz/bitdeque.cpp,"(261, 17)-(267, 18)",b'try {\n                    auto& ref = deq.at(...'
bitcoin,../bitcoin/src/test/fuzz/bitdeque.cpp,"(268, 17)-(274, 18)",b'try {\n                    auto ref = bitdeq.a...'
bitcoin,../bitcoin/src/test/fuzz/bitdeque.cpp,"(284, 17)-(289, 18)",b'try {\n                    auto& ref = cdeq.at...'
bitcoin,../bitcoin/src/test/fuzz/bitdeque.cpp,"(290, 17)-(295, 18)",b'try {\n                    auto ref = cbitdeq....'
bitcoin,../bitcoin/src/test/fuzz/tx_out.cpp,"(17, 5)-(21, 6)",b'try {\n        ds >> tx_out;\n    } catch (cons...'
bitcoin,../bitcoin/src/test/rpc_tests.cpp,"(73, 5)-(79, 6)",b'try {\n        UniValue result = tableRPC.exec...'
bitcoin,../bitcoin/src/test/argsman_tests.cpp,"(985, 9)-(990, 10)",b'try {\n            desc += parser.GetChainType...'
bitcoin,../bitcoin/src/test/sock_tests.cpp,"(158, 9)-(162, 10)",b'try {\n            (void)sock_recv.RecvUntilTe...'
bitcoin,../bitcoin/src/test/sync_tests.cpp,"(22, 5)-(27, 6)","b'try {\n        LOCK2(mutex2, mutex1);\n    } ca...'"
bitcoin,../bitcoin/src/test/allocator_tests.cpp,"(38, 5)-(43, 6)",b'try { // Test exception on double-free\n      ...'
bitcoin,../bitcoin/src/test/allocator_tests.cpp,"(227, 5)-(232, 6)",b'try { // Test exception on double-free\n      ...'
bitcoin,../bitcoin/src/test/coins_tests.cpp,"(534, 5)-(539, 6)",b'try {\n        Coin cc4;\n        ss4 >> cc4;\n ...'
bitcoin,../bitcoin/src/test/coins_tests.cpp,"(547, 5)-(552, 6)",b'try {\n        Coin cc5;\n        ss5 >> cc5;\n ...'
bitcoin,../bitcoin/src/test/coins_tests.cpp,"(744, 5)-(753, 6)",b'try {\n        CTxOut output;\n        output.n...'
bitcoin,../bitcoin/src/test/coins_tests.cpp,"(807, 5)-(814, 6)","b'try {\n        WriteCoinsViewEntry(test.cache,...'"
bitcoin,../bitcoin/src/test/reverselock_tests.cpp,"(69, 5)-(73, 6)",b'try {\n        REVERSE_LOCK(lock);\n    } catch...'
bitcoin,../bitcoin/src/test/streams_tests.cpp,"(262, 5)-(268, 6)","b'try {\n        BufferedFile bfbad{file, 25, 25...'"
bitcoin,../bitcoin/src/test/streams_tests.cpp,"(298, 5)-(304, 6)",b'try {\n        bf >> i;\n        BOOST_CHECK(fa...'
bitcoin,../bitcoin/src/test/streams_tests.cpp,"(351, 5)-(357, 6)",b'try {\n        bf >> i;\n        BOOST_CHECK(fa...'
bitcoin,../bitcoin/src/test/streams_tests.cpp,"(414, 5)-(419, 6)",b'try {\n        bf.SkipTo(14);\n        BOOST_CH...'
bitcoin,../bitcoin/src/test/sighash_tests.cpp,"(182, 9)-(202, 10)",b'try {\n          // deserialize test data\n    ...'
bitcoin,../bitcoin/src/test/transaction_tests.cpp,"(124, 9)-(130, 10)",b'try {\n            tx_valid = VerifyScript(inp...'
bitcoin,../bitcoin/src/test/addrman_tests.cpp,"(998, 5)-(1004, 6)",b'try {\n        unsigned char pchMsgTmp[4];\n   ...'
bitcoin,../bitcoin/src/test/addrman_tests.cpp,"(1052, 5)-(1058, 6)",b'try {\n        unsigned char pchMsgTmp[4];\n   ...'
etl,../etl/test/test_set.cpp,"(615, 7)-(620, 9)",b'try\n      {\n        data_result = data.insert...'
etl,../etl/test/test_expected.cpp,"(553, 7)-(562, 8)",b'try\n      {\n        int i = *test_exp;\n      ...'
etl,../etl/test/test_shared_message.cpp,"(282, 7)-(289, 8)",b'try\n      {\n        prcm = message_pool.alloc...'
etl,../etl/test/test_shared_message.cpp,"(294, 7)-(301, 8)",b'try\n      {\n        message_pool.release(temp...'
etl,../etl/test/etl_error_handler/log_errors_and_exceptions/test_error_handler.cpp,"(128, 3)-(135, 4)",b'try\n  {\n    Assert(false);\n  }\n  catch (test_...'
etl,../etl/test/etl_error_handler/log_errors_and_exceptions/test_error_handler.cpp,"(137, 3)-(144, 4)",b'try\n  {\n    Assert(true);\n  }\n  catch (test_e...'
etl,../etl/test/etl_error_handler/log_errors_and_exceptions/test_error_handler.cpp,"(146, 3)-(153, 4)",b'try\n  {\n    AssertFail();\n  }\n  catch (test_e...'
etl,../etl/test/etl_error_handler/log_errors_and_exceptions/test_error_handler.cpp,"(155, 3)-(162, 4)",b'try\n  {\n    AssertAndReturn(false);\n  }\n  cat...'
etl,../etl/test/etl_error_handler/log_errors_and_exceptions/test_error_handler.cpp,"(164, 3)-(171, 4)",b'try\n  {\n    AssertAndReturn(true);\n  }\n  catc...'
etl,../etl/test/etl_error_handler/log_errors_and_exceptions/test_error_handler.cpp,"(173, 3)-(180, 4)",b'try\n  {\n    AssertFailAndReturn();\n  }\n  catc...'
etl,../etl/test/etl_error_handler/log_errors_and_exceptions/test_error_handler.cpp,"(182, 3)-(189, 4)",b'try\n  {\n    AssertAndReturnValue(false);\n  }\n...'
etl,../etl/test/etl_error_handler/log_errors_and_exceptions/test_error_handler.cpp,"(191, 3)-(198, 4)",b'try\n  {\n    AssertAndReturnValue(true);\n  }\n ...'
etl,../etl/test/etl_error_handler/log_errors_and_exceptions/test_error_handler.cpp,"(200, 3)-(207, 4)",b'try\n  {\n    AssertFailAndReturnValue();\n  }\n ...'
etl,../etl/test/etl_error_handler/exceptions/test_error_handler.cpp,"(109, 3)-(116, 4)",b'try\n  {\n    Assert(false);\n  }\n  catch (test_...'
etl,../etl/test/etl_error_handler/exceptions/test_error_handler.cpp,"(118, 3)-(125, 4)",b'try\n  {\n    Assert(true);\n  }\n  catch (test_e...'
etl,../etl/test/etl_error_handler/exceptions/test_error_handler.cpp,"(127, 3)-(134, 4)",b'try\n  {\n    AssertFail();\n  }\n  catch (test_e...'
etl,../etl/test/etl_error_handler/exceptions/test_error_handler.cpp,"(136, 3)-(143, 4)",b'try\n  {\n    AssertAndReturn(false);\n  }\n  cat...'
etl,../etl/test/etl_error_handler/exceptions/test_error_handler.cpp,"(145, 3)-(152, 4)",b'try\n  {\n    AssertAndReturn(true);\n  }\n  catc...'
etl,../etl/test/etl_error_handler/exceptions/test_error_handler.cpp,"(154, 3)-(161, 4)",b'try\n  {\n    AssertFailAndReturn();\n  }\n  catc...'
etl,../etl/test/etl_error_handler/exceptions/test_error_handler.cpp,"(163, 3)-(173, 4)",b'try\n  {\n    if (AssertAndReturnValue(false))\n...'
etl,../etl/test/etl_error_handler/exceptions/test_error_handler.cpp,"(175, 3)-(185, 4)",b'try\n  {\n    if (AssertAndReturnValue(true))\n ...'
etl,../etl/test/etl_error_handler/exceptions/test_error_handler.cpp,"(187, 3)-(197, 4)",b'try\n  {\n    if (AssertFailAndReturnValue())\n ...'
etl,../etl/test/test_exception.cpp,"(53, 7)-(62, 8)",b'try\n      {\n        throw e;\n      }\n      ca...'
gecko-dev-toolkit,../gecko-dev-toolkit/crashreporter/breakpad-client/mac/handler/exception_handler.cc,"(781, 3)-(791, 4)",b'try {\n#if USE_PROTECTED_ALLOCATIONS\n    previ...'
QuantLib,../QuantLib/Examples/EquityOption/EquityOption.cpp,"(48, 5)-(403, 6)",b'try {\n\n        std::cout << std::endl;\n\n     ...'
QuantLib,../QuantLib/Examples/GlobalOptimizer/GlobalOptimizer.cpp,"(349, 5)-(396, 6)",b'try {\n        std::cout << std::endl;\n\n      ...'
QuantLib,../QuantLib/Examples/MulticurveBootstrapping/MulticurveBootstrapping.cpp,"(59, 5)-(516, 6)",b'try {\n\n        std::cout << std::endl;\n\n     ...'
QuantLib,../QuantLib/Examples/BasketLosses/BasketLosses.cpp,"(44, 5)-(271, 6)",b'try {\n\n        std::cout << std::endl;\n\n     ...'
QuantLib,../QuantLib/Examples/DiscreteHedging/DiscreteHedging.cpp,"(162, 5)-(190, 6)",b'try {\n\n        std::cout << std::endl;\n\n     ...'
QuantLib,../QuantLib/Examples/CVAIRS/CVAIRS.cpp,"(52, 5)-(219, 6)",b'try {\n\n        std::cout << std::endl;\n\n     ...'
QuantLib,../QuantLib/Examples/Gaussian1dModels/Gaussian1dModels.cpp,"(123, 5)-(659, 6)","b'try {\n\n        std::cout << ""\\nGaussian1dMode...'"
QuantLib,../QuantLib/Examples/BermudanSwaption/BermudanSwaption.cpp,"(93, 5)-(363, 6)",b'try {\n\n        std::cout << std::endl;\n\n     ...'
QuantLib,../QuantLib/Examples/FittedBondCurve/FittedBondCurve.cpp,"(81, 5)-(676, 6)",b'try {\n\n        const Size numberOfBonds = 15;...'
QuantLib,../QuantLib/Examples/MarketModels/MarketModels.cpp,"(794, 5)-(805, 6)",b'try {\n        for (Size i=5; i < 10; ++i)\n   ...'
QuantLib,../QuantLib/Examples/CDS/CDS.cpp,"(609, 5)-(638, 6)",b'try {\n        Size example = 0;\n        if (a...'
QuantLib,../QuantLib/Examples/Repo/Repo.cpp,"(52, 5)-(213, 6)",b'try {\n\n        std::cout << std::endl;\n\n     ...'
QuantLib,../QuantLib/Examples/Bonds/Bonds.cpp,"(51, 5)-(557, 6)",b'try {\n\n        std::cout << std::endl;\n\n     ...'
QuantLib,../QuantLib/Examples/ConvertibleBonds/ConvertibleBonds.cpp,"(40, 5)-(259, 6)",b'try {\n\n        std::cout << std::endl;\n\n     ...'
QuantLib,../QuantLib/Examples/FRA/FRA.cpp,"(43, 5)-(274, 6)",b'try {\n\n        std::cout << std::endl;\n\n     ...'
QuantLib,../QuantLib/Examples/CallableBonds/CallableBonds.cpp,"(73, 5)-(311, 6)","b'try {\n\n\n        Date today = Date(16,October,...'"
QuantLib,../QuantLib/Examples/Replication/Replication.cpp,"(49, 5)-(344, 6)",b'try {\n\n        std::cout << std::endl;\n\n     ...'
QuantLib,../QuantLib/Examples/MultidimIntegral/MultidimIntegral.cpp,"(49, 3)-(100, 4)",b'try {\n\n    std::cout << std::endl;\n\n    /* \n ...'
QuantLib,../QuantLib/ql/quotes/impliedstddevquote.cpp,"(54, 9)-(63, 10)",b'try {\n            impliedStdev_ = blackFormul...'
QuantLib,../QuantLib/ql/quotes/forwardswapquote.cpp,"(79, 9)-(83, 10)",b'try {\n            swap_->recalculate();\n     ...'
QuantLib,../QuantLib/ql/settings.cpp,"(56, 9)-(67, 10)",b'try {\n            if (Settings::instance().ev...'
QuantLib,../QuantLib/ql/experimental/credit/randomdefaultmodel.cpp,"(80, 17)-(90, 18)",b'try {\n                    // try bracketing t...'
QuantLib,../QuantLib/ql/experimental/volatility/noarbsabrsmilesection.cpp,"(79, 5)-(90, 6)",b'try {\n        Option::Type type;\n        if (...'
QuantLib,../QuantLib/ql/experimental/volatility/zabrsmilesection.hpp,"(309, 5)-(320, 6)",b'try {\n        Option::Type type;\n        if (...'
QuantLib,../QuantLib/ql/experimental/volatility/noarbsabr.cpp,"(99, 5)-(110, 6)",b'try {\n        Brent b;\n        Real start = s...'
QuantLib,../QuantLib/ql/experimental/inflation/interpolatedyoyoptionletstripper.hpp,"(209, 13)-(217, 14)",b'try{\n                found = solver.solve(\n  ...'
QuantLib,../QuantLib/ql/experimental/inflation/yoycapfloortermpricesurface.hpp,"(446, 17)-(450, 18)",b'try{\n                    kI = solver.solve(  ...'
QuantLib,../QuantLib/ql/experimental/commodities/energycommodity.cpp,"(144, 13)-(168, 14)",b'try {\n                for (SecondaryCosts::co...'
QuantLib,../QuantLib/ql/experimental/commodities/energyvanillaswap.cpp,"(58, 9)-(268, 10)",b'try {\n            if (index_->empty()) {\n    ...'
QuantLib,../QuantLib/ql/experimental/commodities/energybasisswap.cpp,"(55, 9)-(308, 10)",b'try {\n\n            if (payIndex_->empty()) {\n...'
QuantLib,../QuantLib/ql/experimental/commodities/commoditycurve.hpp,"(164, 9)-(169, 10)",b'try {\n            priceValue = priceImpl(t);\n...'
QuantLib,../QuantLib/ql/experimental/commodities/commoditycurve.hpp,"(196, 13)-(203, 14)",b'try {\n                basisCurvePriceValue =\n...'
QuantLib,../QuantLib/ql/experimental/commodities/commodityindex.hpp,"(157, 9)-(164, 10)",b'try {\n            Real forwardPrice =\n       ...'
QuantLib,../QuantLib/ql/experimental/commodities/unitofmeasureconversionmanager.cpp,"(171, 9)-(175, 10)",b'try {\n            return directLookup(commodi...'
QuantLib,../QuantLib/ql/experimental/commodities/unitofmeasureconversionmanager.cpp,"(188, 21)-(196, 22)",b'try {\n                        UnitOfMeasureCo...'
QuantLib,../QuantLib/ql/experimental/averageois/averageoiscouponpricer.cpp,"(65, 13)-(78, 14)",b'try {\n                Rate pastFixing = Index...'
QuantLib,../QuantLib/ql/experimental/risk/sensitivityanalysis.cpp,"(81, 9)-(113, 10)",b'try {\n            for (Size i=0; i<n; ++i)\n  ...'
QuantLib,../QuantLib/ql/experimental/risk/sensitivityanalysis.cpp,"(135, 9)-(159, 10)",b'try {\n            quote->setValue(quoteValue+...'
QuantLib,../QuantLib/ql/experimental/risk/sensitivityanalysis.cpp,"(201, 9)-(249, 10)",b'try {\n            switch (type) {\n           ...'
QuantLib,../QuantLib/ql/experimental/swaptions/irregularswap.cpp,"(121, 13)-(125, 14)",b'try {\n                arguments->floatingCoup...'
QuantLib,../QuantLib/ql/experimental/math/hybridsimulatedannealing.hpp,"(146, 13)-(178, 14)",b'try{\n                //Evaluate new point\n   ...'
QuantLib,../QuantLib/ql/models/volatility/garch.cpp,"(294, 13)-(311, 14)",b'try {\n                FitAcfConstraint c(gamm...'
QuantLib,../QuantLib/ql/models/volatility/garch.cpp,"(350, 13)-(367, 14)",b'try {\n                FitAcfConstraint c(gamm...'
QuantLib,../QuantLib/ql/models/volatility/garch.cpp,"(446, 13)-(460, 14)","b'try {\n                ret = calibrate_r2(r2, ...'"
QuantLib,../QuantLib/ql/models/volatility/garch.cpp,"(463, 13)-(473, 14)","b'try {\n                ret1 = calibrate_r2(r2,...'"
QuantLib,../QuantLib/ql/models/volatility/garch.cpp,"(475, 13)-(485, 14)","b'try {\n                ret2 = calibrate_r2(r2,...'"
QuantLib,../QuantLib/ql/models/marketmodels/historicalforwardratesanalysis.hpp,"(149, 13)-(163, 14)",b'try {\n                // update the quotes......'
QuantLib,../QuantLib/ql/models/marketmodels/historicalforwardratesanalysis.hpp,"(165, 13)-(178, 14)",b'try {\n                for (Size i=0; i<nRates...'
QuantLib,../QuantLib/ql/models/marketmodels/historicalratesanalysis.cpp,"(54, 13)-(63, 14)",b'try {\n                for (Size i=0; i<nRates...'
QuantLib,../QuantLib/ql/models/shortrate/onefactormodels/markovfunctional.cpp,"(654, 21)-(665, 22)",b'try {\n                        marketRawCall.p...'
QuantLib,../QuantLib/ql/utilities/dataparsers.cpp,"(80, 9)-(85, 10)",b'try {\n            n = std::stoi(str.substr(nP...'
QuantLib,../QuantLib/ql/pricingengines/vanilla/analyticdividendeuropeanengine.cpp,"(121, 9)-(126, 10)",b'try {\n            results_.theta = black.thet...'
QuantLib,../QuantLib/ql/pricingengines/vanilla/analytichestonengine.cpp,"(390, 9)-(403, 10)","b'try {\n            const std::pair<Real, Real>...'"
QuantLib,../QuantLib/ql/pricingengines/vanilla/analytichestonengine.cpp,"(1055, 9)-(1064, 10)",b'try {\n            const Real uHatMaxGuess = s...'
QuantLib,../QuantLib/ql/pricingengines/vanilla/analyticeuropeanengine.cpp,"(95, 9)-(102, 10)",b'try {\n            results_.theta = black.thet...'
QuantLib,../QuantLib/ql/pricingengines/asian/analytic_cont_geom_av_price.cpp,"(94, 9)-(98, 10)",b'try {\n            results_.theta = black.thet...'
QuantLib,../QuantLib/ql/pricingengines/asian/mcdiscreteasianenginebase.hpp,"(78, 13)-(88, 14)","b'try {\n                McSimulation<MC,RNG,S>:...'"
QuantLib,../QuantLib/ql/pricingengines/swap/discountingswapengine.cpp,"(79, 13)-(109, 14)",b'try {\n                const YieldTermStructur...'
QuantLib,../QuantLib/ql/currencies/exchangeratemanager.cpp,"(175, 25)-(183, 26)",b'try {\n                            ExchangeRat...'
QuantLib,../QuantLib/ql/legacy/libormarketmodels/lfmcovarproxy.cpp,"(111, 13)-(121, 14)",b'try {\n                // if all objects suppo...'
QuantLib,../QuantLib/ql/cashflows/conundrumpricer.cpp,"(966, 13)-(976, 14)",b'try {\n                calibratedShift_ = solv...'
QuantLib,../QuantLib/ql/cashflows/overnightindexedcoupon.cpp,"(78, 21)-(91, 22)",b'try {\n                        Rate fixing = p...'
QuantLib,../QuantLib/ql/cashflows/iborcoupon.cpp,"(113, 9)-(121, 10)",b'try {\n            Rate result = index_->pastF...'
QuantLib,../QuantLib/ql/cashflows/couponpricer.cpp,"(407, 21)-(412, 22)",b'try {\n                        i->accept(sette...'
QuantLib,../QuantLib/ql/cashflows/lineartsrpricer.cpp,"(217, 9)-(222, 10)","b'try {\n            k = solver.solve(h, 1.0E-5,...'"
QuantLib,../QuantLib/ql/cashflows/lineartsrpricer.cpp,"(248, 9)-(253, 10)","b'try {\n            k = solver.solve(h, 1.0E-5,...'"
QuantLib,../QuantLib/ql/instruments/bonds/amortizingfixedratebond.cpp,"(106, 13)-(116, 14)",b'try {\n                for(Integer i=lowRatio;...'
QuantLib,../QuantLib/ql/instruments/bonds/btp.cpp,"(229, 9)-(234, 10)",b'try {\n            value();\n            return...'
QuantLib,../QuantLib/ql/instruments/bonds/btp.cpp,"(242, 9)-(247, 10)",b'try {\n            value();\n            return...'
QuantLib,../QuantLib/ql/instruments/floatfloatswap.cpp,"(443, 17)-(448, 18)",b'try {\n                    arguments->leg1Coup...'
QuantLib,../QuantLib/ql/instruments/floatfloatswap.cpp,"(489, 17)-(494, 18)",b'try {\n                    arguments->leg2Coup...'
QuantLib,../QuantLib/ql/instruments/nonstandardswap.cpp,"(302, 17)-(307, 18)",b'try {\n                    arguments->floating...'
QuantLib,../QuantLib/ql/instruments/yearonyearinflationswap.cpp,"(126, 13)-(130, 14)",b'try {\n                arguments->yoyCoupons[i...'
QuantLib,../QuantLib/ql/instruments/vanillaswap.cpp,"(74, 13)-(78, 14)",b'try {\n                args->floatingCoupons[i...'
QuantLib,../QuantLib/ql/instruments/overnightindexedswap.cpp,"(161, 13)-(165, 14)",b'try {\n                args->floatingCoupons[i...'
QuantLib,../QuantLib/ql/indexes/interestrateindex.cpp,"(85, 9)-(94, 10)",b'try {\n            // might have been fixed\n  ...'
QuantLib,../QuantLib/ql/termstructures/volatility/gaussian1dsmilesection.cpp,"(99, 5)-(105, 6)",b'try {\n        Option::Type type = strike >= a...'
QuantLib,../QuantLib/ql/termstructures/volatility/equityfx/noexceptlocalvolsurface.hpp,"(53, 13)-(57, 14)",b'try {\n                vol = LocalVolSurface::...'
QuantLib,../QuantLib/ql/termstructures/volatility/smilesection.cpp,"(130, 13)-(138, 14)",b'try {\n                return blackFormulaImpl...'
QuantLib,../QuantLib/ql/termstructures/volatility/kahalesmilesection.cpp,"(81, 13)-(119, 14)",b'try {\n                Real k1 = k_[leftIndex_...'
QuantLib,../QuantLib/ql/termstructures/volatility/kahalesmilesection.cpp,"(150, 17)-(166, 18)",b'try {\n                    a = brent.solve(\n  ...'
QuantLib,../QuantLib/ql/termstructures/volatility/kahalesmilesection.cpp,"(181, 13)-(213, 14)",b'try {\n                Real k0 = k_[rightIndex...'
QuantLib,../QuantLib/ql/termstructures/volatility/kahalesmilesection.cpp,"(251, 9)-(259, 10)",b'try {\n            Option::Type type = shifted...'
QuantLib,../QuantLib/ql/termstructures/volatility/optionlet/optionletstripper1.cpp,"(142, 17)-(171, 18)",b'try {\n                  if (volatilityType_ =...'
QuantLib,../QuantLib/ql/termstructures/iterativebootstrap.hpp,"(306, 21)-(318, 22)",b'try { // extend interpolation a point at a ti...'
QuantLib,../QuantLib/ql/termstructures/iterativebootstrap.hpp,"(322, 17)-(363, 18)",b'try {\n                    if (validData)\n    ...'
QuantLib,../QuantLib/ql/termstructures/yieldtermstructure.cpp,"(177, 9)-(194, 10)",b'try {\n            newReference = referenceDat...'
QuantLib,../QuantLib/ql/methods/finitedifferences/utilities/fdminnervaluecalculator.cpp,"(95, 9)-(103, 10)",b'try {\n            const Real acc\n            ...'
QuantLib,../QuantLib/ql/methods/finitedifferences/utilities/cevrndcalculator.cpp,"(112, 13)-(122, 14)",b'try {\n                Brent brent;\n          ...'
QuantLib,../QuantLib/ql/methods/finitedifferences/meshers/fdmhestonvariancemesher.cpp,"(59, 9)-(120, 10)",b'try {\n            std::multiset<std::pair<Rea...'
QuantLib,../QuantLib/ql/methods/finitedifferences/operators/fdmblackscholesfwdop.cpp,"(64, 21)-(68, 22)",b'try {\n                        v[i] = squared(...'
QuantLib,../QuantLib/ql/methods/finitedifferences/operators/fdm2dblackscholesop.cpp,"(81, 21)-(85, 22)",b'try {\n                        vol1[i] = local...'
QuantLib,../QuantLib/ql/methods/finitedifferences/operators/fdm2dblackscholesop.cpp,"(86, 21)-(90, 22)",b'try {\n                        vol2[i] = local...'
QuantLib,../QuantLib/ql/methods/finitedifferences/operators/fdmblackscholesop.cpp,"(64, 21)-(68, 22)",b'try {\n                        v[i] = squared(...'
QuantLib,../QuantLib/ql/math/optimization/differentialevolution.cpp,"(297, 13)-(301, 14)",b'try {\n                population[popIter].cos...'
QuantLib,../QuantLib/ql/math/matrix.cpp,"(55, 9)-(61, 10)","b'try {\n            singular = lu_factorize(a, ...'"
QuantLib,../QuantLib/ql/math/matrix.cpp,"(68, 9)-(72, 10)",b'try {\n            boost::numeric::ublas::lu_s...'
QuantLib,../QuantLib/ql/patterns/observable.cpp,"(38, 17)-(45, 18)",b'try {\n                    deferredObserver->u...'
QuantLib,../QuantLib/ql/patterns/observable.cpp,"(65, 17)-(79, 18)",b'try {\n                    observer->update();...'
QuantLib,../QuantLib/ql/patterns/observable.hpp,"(459, 17)-(468, 18)",b'try {\n                    const ext::shared_p...'
QuantLib,../QuantLib/ql/patterns/lazyobject.hpp,"(221, 9)-(227, 10)",b'try {\n            calculate();\n        } catc...'
QuantLib,../QuantLib/ql/patterns/lazyobject.hpp,"(257, 13)-(262, 14)",b'try {\n                performCalculations();\n...'
QuantLib,../QuantLib/test-suite/europeanoption.cpp,"(891, 37)-(906, 38)",b'try {\n                                       ...'
QuantLib,../QuantLib/test-suite/europeanoption.cpp,"(1005, 37)-(1020, 38)",b'try {\n                                       ...'
QuantLib,../QuantLib/test-suite/inflation.cpp,"(688, 5)-(693, 24)",b'try {\n        fixing = euhicp.fixing(sample_d...'
QuantLib,../QuantLib/test-suite/daycounters.cpp,"(998, 5)-(1005, 6)",b'try {\n        // no reference period\n        ...'
QuantLib,../QuantLib/test-suite/daycounters.cpp,"(1007, 5)-(1016, 6)",b'try {\n        // reference period shorter tha...'
QuantLib,../QuantLib/test-suite/daycounters.cpp,"(1069, 5)-(1073, 6)","b'try {\n        dayCounter.yearFraction(today, ...'"
QuantLib,../QuantLib/test-suite/schedule.cpp,"(933, 5)-(943, 6)",b'try {\n        Schedule s =\n            MakeSc...'
QuantLib,../QuantLib/test-suite/cashflows.cpp,"(217, 5)-(222, 6)",b'try {\n        // this caused an access violat...'
QuantLib,../QuantLib/test-suite/forwardoption.cpp,"(405, 4)-(420, 5)",b'try\n   {\n      delta = ctrloption.delta();\n  ...'
QuantLib,../QuantLib/test-suite/forwardoption.cpp,"(412, 7)-(418, 8)",b'try\n      {\n         delta   = option.delta()...'
QuantLib,../QuantLib/test-suite/forwardoption.cpp,"(423, 4)-(438, 5)",b'try\n   {\n      rho = ctrloption.rho();\n   }\n ...'
QuantLib,../QuantLib/test-suite/forwardoption.cpp,"(430, 7)-(436, 8)",b'try\n      {\n         rho = option.rho();\n    ...'
QuantLib,../QuantLib/test-suite/forwardoption.cpp,"(441, 4)-(456, 5)",b'try\n   {\n      divRho = ctrloption.dividendRh...'
QuantLib,../QuantLib/test-suite/forwardoption.cpp,"(448, 7)-(454, 8)",b'try\n      {\n         divRho = option.dividend...'
QuantLib,../QuantLib/test-suite/forwardoption.cpp,"(459, 4)-(474, 5)",b'try\n   {\n      vega = ctrloption.vega();\n   }...'
QuantLib,../QuantLib/test-suite/forwardoption.cpp,"(466, 7)-(472, 8)",b'try\n      {\n         vega = option.vega();\n  ...'
QuantLib,../QuantLib/test-suite/asianoptions.cpp,"(1668, 5)-(1672, 6)",b'try {\n        option1.NPV();\n    } catch (det...'
QuantLib,../QuantLib/test-suite/asianoptions.cpp,"(1678, 5)-(1682, 6)",b'try {\n        option1.NPV();\n    } catch (det...'
QuantLib,../QuantLib/test-suite/asianoptions.cpp,"(1688, 5)-(1692, 6)",b'try {\n        option2.NPV();\n    } catch (det...'
QuantLib,../QuantLib/test-suite/asianoptions.cpp,"(1702, 5)-(1706, 6)",b'try {\n        option1.NPV();\n    } catch (det...'
QuantLib,../QuantLib/test-suite/asianoptions.cpp,"(1712, 5)-(1716, 6)",b'try {\n        option1.NPV();\n    } catch (det...'
QuantLib,../QuantLib/test-suite/asianoptions.cpp,"(1722, 5)-(1726, 6)",b'try {\n        option2.NPV();\n    } catch (det...'
QuantLib,../QuantLib/test-suite/capfloor.cpp,"(486, 25)-(511, 26)",b'try {\n                            implVol =\n ...'
QuantLib,../QuantLib/test-suite/paralleltestrunner.hpp,"(191, 5)-(476, 6)",b'try {\n        unsigned int priority;\n        ...'
QuantLib,../QuantLib/test-suite/hestonslvmodel.cpp,"(476, 13)-(480, 14)",b'try {\n                (*surface)[i][j] = loca...'
QuantLib,../QuantLib/test-suite/convertiblebonds.cpp,"(431, 5)-(440, 6)",b'try {\n        Real x = bond.NPV();  // should...'
QuantLib,../QuantLib/test-suite/nthorderderivativeop.cpp,"(686, 9)-(692, 10)","b'try {\n            return priceReport(g, strik...'"
QuantLib,../QuantLib/test-suite/period.cpp,"(220, 13)-(224, 14)",b'try {\n                comparison = (p1 == p2)...'
QuantLib,../QuantLib/test-suite/swaption.cpp,"(818, 29)-(846, 30)",b'try {\n                                implVol...'
QuantLib,../QuantLib/test-suite/interpolations.cpp,"(946, 5)-(955, 6)","b'try {\n        std::transform(std::begin(x2), ...'"
QuantLib,../QuantLib/test-suite/interpolations.cpp,"(1729, 5)-(1734, 19)",b'try {\n        RichardsonExtrapolation(GF(16.0...'
QuantLib,../QuantLib/fuzz-test-suite/dateparserfuzzer.cpp,"(17, 5)-(22, 6)",b'try {\n        (void)QuantLib::DateParser::par...'
xacc,../xacc/xacc/accelerator/AcceleratorBuffer.cpp,"(645, 11)-(649, 12)",b'try {\n            key = std::stoi(itr2->name....'
xacc,../xacc/xacc/accelerator/remote/RemoteAccelerator.cpp,"(114, 5)-(128, 6)",b'try {\n      postResponse = restClient->post(_...'
xacc,../xacc/xacc/accelerator/remote/RemoteAccelerator.cpp,"(151, 5)-(170, 6)",b'try {\n      getResponse = restClient->get(_ur...'
xacc,../xacc/xacc/service/ServiceRegistry.cpp,"(79, 7)-(83, 8)",b'try {\n        b.Start();\n      } catch (std::...'
xacc,../xacc/xacc/service/xacc_service.cpp,"(47, 5)-(53, 6)",b'try {\n      serviceRegistry->initialize(rootP...'
xacc,../xacc/xacc/service/ServiceRegistry.hpp,"(147, 7)-(152, 8)",b'try {\n        auto tmp =\n            runtimeC...'
xacc,../xacc/xacc/compiler/xacc_internal_compiler.cpp,"(79, 9)-(89, 10)",b'try {\n          auto i = std::stoi(value);\n  ...'
xacc,../xacc/xacc/compiler/xacc_internal_compiler.cpp,"(83, 11)-(88, 12)",b'try {\n            auto d = std::stod(value);\n...'
xacc,../xacc/xacc/xacc.cpp,"(860, 7)-(865, 8)",b'try {\n        td->tearDown();\n      } catch (...'
xacc,../xacc/xacc/optimizer/nlopt-optimizers/nlopt_optimizer.cpp,"(171, 3)-(176, 4)","b'try {\n    r = _opt.optimize(x, optF);\n  } cat...'"
xacc,../xacc/xacc/utils/heterogeneous.hpp,"(150, 5)-(164, 6)",b'try {\n      return std::any_cast<T>(items.at(...'
xacc,../xacc/xacc/utils/heterogeneous.hpp,"(240, 7)-(248, 8)",b'try {\n        std::any_cast<T>(items.at(key))...'
xacc,../xacc/xacc/utils/heterogeneous.hpp,"(294, 7)-(298, 8)","b'try {\n        visitor(element.first, std::any...'"
xacc,../xacc/xacc/utils/heterogeneous.hpp,"(303, 7)-(306, 8)","b'try {\n        visitor(element.first, std::any...'"
xacc,../xacc/xacc/utils/heterogeneous.hpp,"(368, 5)-(386, 6)",b'try {\n      // First off just try to get it\n ...'
xacc,../xacc/xacc/utils/heterogeneous.hpp,"(405, 5)-(409, 6)",b'try {\n      mpark::get<std::string>(*this);\n ...'
xacc,../xacc/xacc/utils/Utils.cpp,"(263, 5)-(268, 6)",b'try {\n      callback(level);\n    }\n    catch ...'
xacc,../xacc/xacc/utils/ini_config_parsing/ini_config_parser.cpp,"(24, 3)-(31, 4)",b'try {\n    T val = in_ptree.get<T>(in_fieldPat...'
xacc,../xacc/xacc/utils/ini_config_parsing/ini_config_parser.cpp,"(78, 3)-(84, 4)",b'try {\n    auto array = to_array<T>(in_ptree.g...'
xacc,../xacc/docker/ci/alpine/patch_Error.cpp,"(116, 3)-(127, 4)",b'try\n  {\n    std::rethrow_exception(exc);\n  }\n...'
xacc,../xacc/tpls/exprtk/exprtk.hpp,"(6338, 16)-(6347, 18)",b'try\n               {\n                  result...'
xacc,../xacc/tpls/exprtk/exprtk.hpp,"(6399, 16)-(6408, 18)",b'try\n               {\n                  result...'
xacc,../xacc/tpls/exprtk/exprtk.hpp,"(6483, 19)-(6492, 21)",b'try\n                  {\n                     ...'
xacc,../xacc/tpls/exprtk/exprtk.hpp,"(6501, 19)-(6510, 21)",b'try\n                  {\n                     ...'
xacc,../xacc/tpls/exprtk/exprtk.hpp,"(11828, 13)-(11839, 14)",b'try\n            {\n               return_invok...'
xacc,../xacc/tpls/antlr/runtime/src/Lexer.cpp,"(80, 7)-(86, 8)",b'try {\n        ttype = getInterpreter<atn::Lex...'
xacc,../xacc/tpls/antlr/runtime/src/support/CPPUtils.cpp,"(141, 5)-(146, 6)",b'try {\n      return nullptr;\n    }\n    catch (...'
xacc,../xacc/tpls/antlr/runtime/src/support/CPPUtils.cpp,"(151, 5)-(157, 6)",b'try {\n      auto nested = dynamic_cast<const ...'
xacc,../xacc/tpls/antlr/runtime/src/support/CPPUtils.cpp,"(170, 7)-(187, 8)",b'try {\n        std::exception_ptr yeptr;\n     ...'
xacc,../xacc/tpls/antlr/runtime/src/UnbufferedCharStream.cpp,"(59, 5)-(70, 6)",b'try {\n      char32_t c = nextChar();\n      ad...'
xacc,../xacc/tpls/antlr/runtime/src/BailErrorStrategy.cpp,"(24, 3)-(33, 4)",b'try {\n    std::rethrow_exception(e); // Throw...'
xacc,../xacc/tpls/antlr/runtime/src/BailErrorStrategy.cpp,"(48, 3)-(57, 4)",b'try {\n    throw e;\n#if defined(_MSC_FULL_VER)...'
xacc,../xacc/tpls/antlr/runtime/src/tree/xpath/XPath.cpp,"(38, 3)-(44, 4)",b'try {\n    tokenStream.fill();\n  } catch (Lexe...'
xacc,../xacc/tpls/antlr/runtime/src/tree/pattern/ParseTreePatternMatcher.cpp,"(94, 3)-(114, 4)",b'try {\n    parserInterp.setErrorHandler(std::m...'
xacc,../xacc/tpls/antlr/runtime/src/ParserInterpreter.cpp,"(124, 9)-(132, 10)",b'try {\n          visitState(p);\n        }\n    ...'
xacc,../xacc/tpls/armadillo/armadillo_bits/fn_spsolve.hpp,"(82, 5)-(93, 8)",b'try\n      {\n      Mat<eT> tmp(A.get_ref());  ...'
xacc,../xacc/tpls/armadillo/armadillo_bits/arma_rng.hpp,"(103, 5)-(111, 18)",b'try\n      {\n      std::random_device rd;\n    ...'
xacc,../xacc/tpls/armadillo/armadillo_bits/arma_rng.hpp,"(118, 5)-(139, 18)",b'try\n      {\n      union\n        {\n        see...'
xacc,../xacc/tpls/armadillo/armadillo_bits/fn_interp1.hpp,"(192, 3)-(192, 59)","b'try { X_indices = find_unique(X,false); } cat...'"
xacc,../xacc/tpls/armadillo/armadillo_bits/sp_auxlib_meat.hpp,"(138, 5)-(179, 8)",b'try\n      {\n      if(form_val == form_lm)\n   ...'
xacc,../xacc/tpls/armadillo/armadillo_bits/sp_auxlib_meat.hpp,"(381, 5)-(440, 8)",b'try\n      {\n      if(form_val == form_lm)\n   ...'
xacc,../xacc/tpls/armadillo/armadillo_bits/fn_inv.hpp,"(145, 3)-(152, 6)",b'try\n    {\n    out = inv(X);\n    }\n  catch(std...'
xacc,../xacc/tpls/armadillo/armadillo_bits/fn_inv.hpp,"(268, 3)-(275, 6)",b'try\n    {\n    out = inv_sympd(X);\n    }\n  cat...'
xacc,../xacc/tpls/rapidjson/include/rapidjson/schema.h,"(1015, 13)-(1019, 14)",b'try {\n                return new (allocator_-...'
xacc,../xacc/tpls/mpark-variant/variant.hpp,"(2134, 11)-(2141, 12)",b'try {\n            this->generic_construct(*rh...'
xacc,../xacc/quantum/observable/pauli/generated/PauliOperatorParser.cpp,"(82, 3)-(106, 4)","b'try {\n    enterOuterAlt(_localctx, 1);\n    se...'"
xacc,../xacc/quantum/observable/pauli/generated/PauliOperatorParser.cpp,"(142, 3)-(161, 4)","b'try {\n    enterOuterAlt(_localctx, 1);\n    se...'"
xacc,../xacc/quantum/observable/pauli/generated/PauliOperatorParser.cpp,"(209, 3)-(244, 4)","b'try {\n    enterOuterAlt(_localctx, 1);\n    se...'"
xacc,../xacc/quantum/observable/pauli/generated/PauliOperatorParser.cpp,"(284, 3)-(325, 4)",b'try {\n    setState(41);\n    _errHandler->sync...'
xacc,../xacc/quantum/observable/pauli/generated/PauliOperatorParser.cpp,"(368, 3)-(398, 4)",b'try {\n    setState(45);\n    _errHandler->sync...'
xacc,../xacc/quantum/observable/pauli/generated/PauliOperatorParser.cpp,"(457, 3)-(515, 4)","b'try {\n    enterOuterAlt(_localctx, 1);\n    se...'"
xacc,../xacc/quantum/observable/pauli/generated/PauliOperatorParser.cpp,"(558, 3)-(583, 4)",b'try {\n    setState(63);\n    _errHandler->sync...'
xacc,../xacc/quantum/observable/pauli/generated/PauliOperatorParser.cpp,"(622, 3)-(632, 4)","b'try {\n    enterOuterAlt(_localctx, 1);\n    se...'"
xacc,../xacc/quantum/observable/pauli/generated/PauliOperatorParser.cpp,"(680, 3)-(729, 4)","b'try {\n    enterOuterAlt(_localctx, 1);\n    se...'"
xacc,../xacc/quantum/observable/fermion/generated/FermionOperatorParser.cpp,"(82, 3)-(106, 4)","b'try {\n    enterOuterAlt(_localctx, 1);\n    se...'"
xacc,../xacc/quantum/observable/fermion/generated/FermionOperatorParser.cpp,"(142, 3)-(161, 4)","b'try {\n    enterOuterAlt(_localctx, 1);\n    se...'"
xacc,../xacc/quantum/observable/fermion/generated/FermionOperatorParser.cpp,"(209, 3)-(238, 4)","b'try {\n    enterOuterAlt(_localctx, 1);\n    se...'"
xacc,../xacc/quantum/observable/fermion/generated/FermionOperatorParser.cpp,"(277, 3)-(287, 4)","b'try {\n    enterOuterAlt(_localctx, 1);\n    se...'"
xacc,../xacc/quantum/observable/fermion/generated/FermionOperatorParser.cpp,"(331, 3)-(349, 4)","b'try {\n    enterOuterAlt(_localctx, 1);\n    se...'"
xacc,../xacc/quantum/observable/fermion/generated/FermionOperatorParser.cpp,"(384, 3)-(394, 4)","b'try {\n    enterOuterAlt(_localctx, 1);\n    se...'"
xacc,../xacc/quantum/observable/fermion/generated/FermionOperatorParser.cpp,"(437, 3)-(467, 4)",b'try {\n    setState(52);\n    _errHandler->sync...'
xacc,../xacc/quantum/observable/fermion/generated/FermionOperatorParser.cpp,"(526, 3)-(584, 4)","b'try {\n    enterOuterAlt(_localctx, 1);\n    se...'"
xacc,../xacc/quantum/observable/fermion/generated/FermionOperatorParser.cpp,"(627, 3)-(652, 4)",b'try {\n    setState(70);\n    _errHandler->sync...'
xacc,../xacc/quantum/observable/fermion/generated/FermionOperatorParser.cpp,"(691, 3)-(701, 4)","b'try {\n    enterOuterAlt(_localctx, 1);\n    se...'"
xacc,../xacc/quantum/observable/fermion/generated/FermionOperatorParser.cpp,"(749, 3)-(798, 4)","b'try {\n    enterOuterAlt(_localctx, 1);\n    se...'"
xacc,../xacc/quantum/plugins/rigetti/compiler/QuilCompiler.cpp,"(53, 3)-(58, 4)",b'try {\n    tree::ParseTree *tree = parser.xacc...'
xacc,../xacc/quantum/plugins/rigetti/compiler/generated/QuilParser.cpp,"(69, 3)-(79, 4)","b'try {\n    enterOuterAlt(_localctx, 1);\n    se...'"
xacc,../xacc/quantum/plugins/rigetti/compiler/generated/QuilParser.cpp,"(147, 3)-(185, 4)","b'try {\n    enterOuterAlt(_localctx, 1);\n    se...'"
xacc,../xacc/quantum/plugins/rigetti/compiler/generated/QuilParser.cpp,"(233, 3)-(264, 4)","b'try {\n    enterOuterAlt(_localctx, 1);\n    se...'"
xacc,../xacc/quantum/plugins/rigetti/compiler/generated/QuilParser.cpp,"(303, 3)-(313, 4)","b'try {\n    enterOuterAlt(_localctx, 1);\n    se...'"
xacc,../xacc/quantum/plugins/rigetti/compiler/generated/QuilParser.cpp,"(365, 3)-(456, 4)",b'try {\n    setState(152);\n    _errHandler->syn...'
xacc,../xacc/quantum/plugins/rigetti/compiler/generated/QuilParser.cpp,"(495, 3)-(505, 4)","b'try {\n    enterOuterAlt(_localctx, 1);\n    se...'"
xacc,../xacc/quantum/plugins/rigetti/compiler/generated/QuilParser.cpp,"(565, 3)-(599, 4)","b'try {\n    enterOuterAlt(_localctx, 1);\n    se...'"
xacc,../xacc/quantum/plugins/rigetti/compiler/generated/QuilParser.cpp,"(651, 3)-(721, 4)",b'try {\n    size_t alt;\n    enterOuterAlt(_loca...'
xacc,../xacc/quantum/plugins/rigetti/compiler/generated/QuilParser.cpp,"(772, 3)-(811, 4)",b'try {\n    setState(194);\n    _errHandler->syn...'
xacc,../xacc/quantum/plugins/rigetti/compiler/generated/QuilParser.cpp,"(902, 3)-(1018, 4)",b'try {\n    setState(210);\n    _errHandler->syn...'
xacc,../xacc/quantum/plugins/rigetti/compiler/generated/QuilParser.cpp,"(1090, 3)-(1134, 4)","b'try {\n    enterOuterAlt(_localctx, 1);\n    se...'"
xacc,../xacc/quantum/plugins/rigetti/compiler/generated/QuilParser.cpp,"(1173, 3)-(1183, 4)","b'try {\n    enterOuterAlt(_localctx, 1);\n    se...'"
xacc,../xacc/quantum/plugins/rigetti/compiler/generated/QuilParser.cpp,"(1222, 3)-(1232, 4)","b'try {\n    enterOuterAlt(_localctx, 1);\n    se...'"
xacc,../xacc/quantum/plugins/rigetti/compiler/generated/QuilParser.cpp,"(1271, 3)-(1281, 4)","b'try {\n    enterOuterAlt(_localctx, 1);\n    se...'"
xacc,../xacc/quantum/plugins/rigetti/compiler/generated/QuilParser.cpp,"(1361, 3)-(1403, 4)","b'try {\n    enterOuterAlt(_localctx, 1);\n    se...'"
xacc,../xacc/quantum/plugins/rigetti/compiler/generated/QuilParser.cpp,"(1446, 3)-(1458, 4)","b'try {\n    enterOuterAlt(_localctx, 1);\n    se...'"
xacc,../xacc/quantum/plugins/rigetti/compiler/generated/QuilParser.cpp,"(1509, 3)-(1534, 4)",b'try {\n    size_t alt;\n    enterOuterAlt(_loca...'
xacc,../xacc/quantum/plugins/rigetti/compiler/generated/QuilParser.cpp,"(1590, 3)-(1614, 4)","b'try {\n    enterOuterAlt(_localctx, 1);\n    se...'"
xacc,../xacc/quantum/plugins/rigetti/compiler/generated/QuilParser.cpp,"(1702, 3)-(1754, 4)","b'try {\n    enterOuterAlt(_localctx, 1);\n    se...'"
xacc,../xacc/quantum/plugins/rigetti/compiler/generated/QuilParser.cpp,"(1793, 3)-(1803, 4)","b'try {\n    enterOuterAlt(_localctx, 1);\n    se...'"
xacc,../xacc/quantum/plugins/rigetti/compiler/generated/QuilParser.cpp,"(1846, 3)-(1873, 4)",b'try {\n    setState(307);\n    _errHandler->syn...'
xacc,../xacc/quantum/plugins/rigetti/compiler/generated/QuilParser.cpp,"(1945, 3)-(1991, 4)","b'try {\n    enterOuterAlt(_localctx, 1);\n    se...'"
xacc,../xacc/quantum/plugins/rigetti/compiler/generated/QuilParser.cpp,"(2034, 3)-(2059, 4)",b'try {\n    setState(330);\n    _errHandler->syn...'
xacc,../xacc/quantum/plugins/rigetti/compiler/generated/QuilParser.cpp,"(2118, 3)-(2147, 4)",b'try {\n    size_t alt;\n    enterOuterAlt(_loca...'
xacc,../xacc/quantum/plugins/rigetti/compiler/generated/QuilParser.cpp,"(2195, 3)-(2217, 4)","b'try {\n    enterOuterAlt(_localctx, 1);\n    se...'"
xacc,../xacc/quantum/plugins/rigetti/compiler/generated/QuilParser.cpp,"(2269, 3)-(2291, 4)","b'try {\n    enterOuterAlt(_localctx, 1);\n    se...'"
xacc,../xacc/quantum/plugins/rigetti/compiler/generated/QuilParser.cpp,"(2335, 3)-(2353, 4)","b'try {\n    enterOuterAlt(_localctx, 1);\n    se...'"
xacc,../xacc/quantum/plugins/rigetti/compiler/generated/QuilParser.cpp,"(2396, 3)-(2408, 4)","b'try {\n    enterOuterAlt(_localctx, 1);\n    se...'"
xacc,../xacc/quantum/plugins/rigetti/compiler/generated/QuilParser.cpp,"(2451, 3)-(2463, 4)","b'try {\n    enterOuterAlt(_localctx, 1);\n    se...'"
xacc,../xacc/quantum/plugins/rigetti/compiler/generated/QuilParser.cpp,"(2502, 3)-(2512, 4)","b'try {\n    enterOuterAlt(_localctx, 1);\n    se...'"
xacc,../xacc/quantum/plugins/rigetti/compiler/generated/QuilParser.cpp,"(2555, 3)-(2567, 4)","b'try {\n    enterOuterAlt(_localctx, 1);\n    se...'"
xacc,../xacc/quantum/plugins/rigetti/compiler/generated/QuilParser.cpp,"(2614, 3)-(2628, 4)","b'try {\n    enterOuterAlt(_localctx, 1);\n    se...'"
xacc,../xacc/quantum/plugins/rigetti/compiler/generated/QuilParser.cpp,"(2675, 3)-(2689, 4)","b'try {\n    enterOuterAlt(_localctx, 1);\n    se...'"
xacc,../xacc/quantum/plugins/rigetti/compiler/generated/QuilParser.cpp,"(2728, 3)-(2738, 4)","b'try {\n    enterOuterAlt(_localctx, 1);\n    se...'"
xacc,../xacc/quantum/plugins/rigetti/compiler/generated/QuilParser.cpp,"(2777, 3)-(2787, 4)","b'try {\n    enterOuterAlt(_localctx, 1);\n    se...'"
xacc,../xacc/quantum/plugins/rigetti/compiler/generated/QuilParser.cpp,"(2839, 3)-(2861, 4)","b'try {\n    enterOuterAlt(_localctx, 1);\n    se...'"
xacc,../xacc/quantum/plugins/rigetti/compiler/generated/QuilParser.cpp,"(2921, 3)-(2946, 4)","b'try {\n    enterOuterAlt(_localctx, 1);\n    se...'"
xacc,../xacc/quantum/plugins/rigetti/compiler/generated/QuilParser.cpp,"(2985, 3)-(2995, 4)","b'try {\n    enterOuterAlt(_localctx, 1);\n    se...'"
xacc,../xacc/quantum/plugins/rigetti/compiler/generated/QuilParser.cpp,"(3038, 3)-(3050, 4)","b'try {\n    enterOuterAlt(_localctx, 1);\n    se...'"
xacc,../xacc/quantum/plugins/rigetti/compiler/generated/QuilParser.cpp,"(3106, 3)-(3138, 4)","b'try {\n    enterOuterAlt(_localctx, 1);\n    se...'"
xacc,../xacc/quantum/plugins/rigetti/compiler/generated/QuilParser.cpp,"(3182, 3)-(3201, 4)","b'try {\n    enterOuterAlt(_localctx, 1);\n    se...'"
xacc,../xacc/quantum/plugins/rigetti/compiler/generated/QuilParser.cpp,"(3506, 3)-(3698, 4)",b'try {\n    size_t alt;\n    enterOuterAlt(_loca...'
xacc,../xacc/quantum/plugins/rigetti/compiler/generated/QuilParser.cpp,"(3752, 3)-(3770, 4)","b'try {\n    enterOuterAlt(_localctx, 1);\n    se...'"
xacc,../xacc/quantum/plugins/rigetti/compiler/generated/QuilParser.cpp,"(3826, 3)-(3848, 4)","b'try {\n    enterOuterAlt(_localctx, 1);\n    se...'"
xacc,../xacc/quantum/plugins/rigetti/compiler/generated/QuilParser.cpp,"(3892, 3)-(3911, 4)","b'try {\n    enterOuterAlt(_localctx, 1);\n    se...'"
xacc,../xacc/quantum/plugins/rigetti/compiler/generated/QuilParser.cpp,"(3962, 3)-(4001, 4)",b'try {\n    setState(461);\n    _errHandler->syn...'
xacc,../xacc/quantum/plugins/rigetti/compiler/generated/QuilParser.cpp,"(4044, 3)-(4056, 4)","b'try {\n    enterOuterAlt(_localctx, 1);\n    se...'"
xacc,../xacc/quantum/plugins/rigetti/compiler/generated/QuilParser.cpp,"(4100, 3)-(4119, 4)","b'try {\n    enterOuterAlt(_localctx, 1);\n    se...'"
xacc,../xacc/quantum/plugins/rigetti/qcs/QCSAccelerator.cpp,"(67, 3)-(74, 4)","b'try {\n    py::exec(py_src_get_native, py::glo...'"
xacc,../xacc/quantum/plugins/rigetti/qcs/QCSAccelerator.cpp,"(296, 3)-(303, 4)","b'try {\n    py::exec(py_src, py::globals(), loc...'"
xacc,../xacc/quantum/plugins/rigetti/qcs/QCSAccelerator.cpp,"(356, 5)-(370, 6)",b'try {\n      postResponse = restClient->post(_...'
xacc,../xacc/quantum/plugins/rigetti/qcs/QCSAccelerator.cpp,"(393, 5)-(412, 6)",b'try {\n      getResponse = restClient->get(_ur...'
xacc,../xacc/quantum/plugins/ibm/accelerator/LocalIBMAccelerator.cpp,"(149, 3)-(160, 4)",b'try {\n    QISKIT::Simulator sim;\n    sim.load...'
xacc,../xacc/quantum/plugins/ibm/accelerator/IBMAccelerator.cpp,"(1182, 5)-(1196, 6)",b'try {\n      postResponse = restClient->post(_...'
xacc,../xacc/quantum/plugins/ibm/accelerator/IBMAccelerator.cpp,"(1217, 5)-(1231, 6)","b'try {\n      restClient->put(_url, postStr, he...'"
xacc,../xacc/quantum/plugins/ibm/accelerator/IBMAccelerator.cpp,"(1373, 5)-(1392, 6)",b'try {\n      getResponse = restClient->get(_ur...'
xacc,../xacc/quantum/plugins/ibm/compiler/generated/OQASM2Parser.cpp,"(69, 3)-(79, 4)","b'try {\n    enterOuterAlt(_localctx, 1);\n    se...'"
xacc,../xacc/quantum/plugins/ibm/compiler/generated/OQASM2Parser.cpp,"(135, 3)-(175, 4)","b'try {\n    enterOuterAlt(_localctx, 1);\n    se...'"
xacc,../xacc/quantum/plugins/ibm/compiler/generated/OQASM2Parser.cpp,"(218, 3)-(230, 4)","b'try {\n    enterOuterAlt(_localctx, 1);\n    se...'"
xacc,../xacc/quantum/plugins/ibm/compiler/generated/OQASM2Parser.cpp,"(266, 3)-(286, 4)","b'try {\n    enterOuterAlt(_localctx, 1);\n    se...'"
xacc,../xacc/quantum/plugins/ibm/compiler/generated/OQASM2Parser.cpp,"(334, 3)-(368, 4)","b'try {\n    enterOuterAlt(_localctx, 1);\n    se...'"
xacc,../xacc/quantum/plugins/ibm/compiler/generated/OQASM2Parser.cpp,"(424, 3)-(488, 4)",b'try {\n    setState(142);\n    _errHandler->syn...'
xacc,../xacc/quantum/plugins/ibm/compiler/generated/OQASM2Parser.cpp,"(532, 3)-(564, 4)","b'try {\n    enterOuterAlt(_localctx, 1);\n    se...'"
xacc,../xacc/quantum/plugins/ibm/compiler/generated/OQASM2Parser.cpp,"(627, 3)-(715, 4)",b'try {\n    size_t alt;\n    setState(164);\n    ...'
xacc,../xacc/quantum/plugins/ibm/compiler/generated/OQASM2Parser.cpp,"(774, 3)-(837, 4)",b'try {\n    setState(182);\n    _errHandler->syn...'
xacc,../xacc/quantum/plugins/ibm/compiler/generated/OQASM2Parser.cpp,"(876, 3)-(886, 4)","b'try {\n    enterOuterAlt(_localctx, 1);\n    se...'"
xacc,../xacc/quantum/plugins/ibm/compiler/generated/OQASM2Parser.cpp,"(925, 3)-(939, 4)","b'try {\n    enterOuterAlt(_localctx, 1);\n    se...'"
xacc,../xacc/quantum/plugins/ibm/compiler/generated/OQASM2Parser.cpp,"(978, 3)-(988, 4)","b'try {\n    enterOuterAlt(_localctx, 1);\n    se...'"
xacc,../xacc/quantum/plugins/ibm/compiler/generated/OQASM2Parser.cpp,"(1039, 3)-(1070, 4)",b'try {\n    setState(198);\n    _errHandler->syn...'
xacc,../xacc/quantum/plugins/ibm/compiler/generated/OQASM2Parser.cpp,"(1113, 3)-(1144, 4)",b'try {\n    setState(206);\n    _errHandler->syn...'
xacc,../xacc/quantum/plugins/ibm/compiler/generated/OQASM2Parser.cpp,"(1187, 3)-(1218, 4)",b'try {\n    setState(214);\n    _errHandler->syn...'
xacc,../xacc/quantum/plugins/ibm/compiler/generated/OQASM2Parser.cpp,"(1257, 3)-(1267, 4)","b'try {\n    enterOuterAlt(_localctx, 1);\n    se...'"
xacc,../xacc/quantum/plugins/ibm/compiler/generated/OQASM2Parser.cpp,"(1319, 3)-(1341, 4)","b'try {\n    enterOuterAlt(_localctx, 1);\n    se...'"
xacc,../xacc/quantum/plugins/ibm/compiler/generated/OQASM2Parser.cpp,"(1385, 3)-(1422, 4)",b'try {\n    setState(232);\n    _errHandler->syn...'
xacc,../xacc/quantum/plugins/ibm/compiler/generated/OQASM2Parser.cpp,"(1466, 3)-(1488, 4)","b'try {\n    enterOuterAlt(_localctx, 1);\n    se...'"
xacc,../xacc/quantum/plugins/ibm/compiler/generated/OQASM2Parser.cpp,"(1531, 3)-(1562, 4)",b'try {\n    setState(248);\n    _errHandler->syn...'
xacc,../xacc/quantum/plugins/ibm/compiler/generated/OQASM2Parser.cpp,"(1601, 3)-(1615, 4)","b'try {\n    enterOuterAlt(_localctx, 1);\n    se...'"
xacc,../xacc/quantum/plugins/ibm/compiler/generated/OQASM2Parser.cpp,"(1659, 3)-(1680, 4)","b'try {\n    enterOuterAlt(_localctx, 1);\n    se...'"
xacc,../xacc/quantum/plugins/ibm/compiler/generated/OQASM2Parser.cpp,"(1719, 3)-(1731, 4)","b'try {\n    enterOuterAlt(_localctx, 1);\n    se...'"
xacc,../xacc/quantum/plugins/ibm/compiler/generated/OQASM2Parser.cpp,"(1775, 3)-(1795, 4)","b'try {\n    enterOuterAlt(_localctx, 1);\n    se...'"
xacc,../xacc/quantum/plugins/ibm/compiler/generated/OQASM2Parser.cpp,"(1834, 3)-(1844, 4)","b'try {\n    enterOuterAlt(_localctx, 1);\n    se...'"
xacc,../xacc/quantum/plugins/ibm/compiler/generated/OQASM2Parser.cpp,"(1891, 3)-(1905, 4)","b'try {\n    enterOuterAlt(_localctx, 1);\n    se...'"
xacc,../xacc/quantum/plugins/ibm/compiler/generated/OQASM2Parser.cpp,"(1949, 3)-(1986, 4)",b'try {\n    setState(282);\n    _errHandler->syn...'
xacc,../xacc/quantum/plugins/ibm/compiler/generated/OQASM2Parser.cpp,"(2030, 3)-(2050, 4)","b'try {\n    enterOuterAlt(_localctx, 1);\n    se...'"
xacc,../xacc/quantum/plugins/ibm/compiler/generated/OQASM2Parser.cpp,"(2093, 3)-(2109, 4)","b'try {\n    enterOuterAlt(_localctx, 1);\n    se...'"
xacc,../xacc/quantum/plugins/ibm/compiler/generated/OQASM2Parser.cpp,"(2160, 3)-(2203, 4)",b'try {\n    setState(298);\n    _errHandler->syn...'
xacc,../xacc/quantum/plugins/ibm/compiler/generated/OQASM2Parser.cpp,"(2301, 3)-(2384, 4)",b'try {\n    setState(321);\n    _errHandler->syn...'
xacc,../xacc/quantum/plugins/ibm/compiler/generated/OQASM2Parser.cpp,"(2431, 3)-(2453, 4)","b'try {\n    enterOuterAlt(_localctx, 1);\n    se...'"
xacc,../xacc/quantum/plugins/ibm/compiler/generated/OQASM2Parser.cpp,"(2492, 3)-(2502, 4)","b'try {\n    enterOuterAlt(_localctx, 1);\n    se...'"
xacc,../xacc/quantum/plugins/ibm/compiler/generated/OQASM2Parser.cpp,"(2546, 3)-(2568, 4)","b'try {\n    enterOuterAlt(_localctx, 1);\n    se...'"
xacc,../xacc/quantum/plugins/ibm/compiler/generated/OQASM2Parser.cpp,"(2639, 3)-(2795, 4)",b'try {\n    size_t alt;\n    enterOuterAlt(_loca...'
xacc,../xacc/quantum/plugins/ibm/compiler/generated/OQASM2Parser.cpp,"(2830, 3)-(2853, 4)","b'try {\n    enterOuterAlt(_localctx, 1);\n    se...'"
xacc,../xacc/quantum/plugins/ibm/compiler/generated/OQASM2Parser.cpp,"(2892, 3)-(2902, 4)","b'try {\n    enterOuterAlt(_localctx, 1);\n    se...'"
xacc,../xacc/quantum/plugins/ibm/compiler/generated/OQASM2Parser.cpp,"(2941, 3)-(2951, 4)","b'try {\n    enterOuterAlt(_localctx, 1);\n    se...'"
xacc,../xacc/quantum/plugins/ibm/compiler/generated/OQASM2Parser.cpp,"(2990, 3)-(3000, 4)","b'try {\n    enterOuterAlt(_localctx, 1);\n    se...'"
xacc,../xacc/quantum/plugins/ibm/compiler/generated/OQASM2Parser.cpp,"(3055, 3)-(3099, 4)","b'try {\n    enterOuterAlt(_localctx, 1);\n    se...'"
xacc,../xacc/quantum/plugins/ibm/compiler/generated/OQASM2Parser.cpp,"(3150, 3)-(3182, 4)","b'try {\n    enterOuterAlt(_localctx, 1);\n    se...'"
xacc,../xacc/quantum/plugins/ibm/compiler/generated/OQASM2Parser.cpp,"(3225, 3)-(3237, 4)","b'try {\n    enterOuterAlt(_localctx, 1);\n    se...'"
xacc,../xacc/quantum/plugins/ibm/compiler/generated/OQASM2Parser.cpp,"(3276, 3)-(3286, 4)","b'try {\n    enterOuterAlt(_localctx, 1);\n    se...'"
xacc,../xacc/quantum/plugins/ibm/compiler/generated/OQASM2Parser.cpp,"(3325, 3)-(3335, 4)","b'try {\n    enterOuterAlt(_localctx, 1);\n    se...'"
xacc,../xacc/quantum/plugins/ibm/compiler/generated/OQASM2Parser.cpp,"(3374, 3)-(3384, 4)","b'try {\n    enterOuterAlt(_localctx, 1);\n    se...'"
xacc,../xacc/quantum/plugins/ibm/aer/src/open_pulse/eval_hamiltonian.hpp,"(99, 5)-(104, 6)",b'try{\n        mup::Value result = parser->pars...'
xacc,../xacc/quantum/plugins/ibm/aer/src/controllers/aer_controller.hpp,"(869, 3)-(905, 4)",b'try {\n    // Start QOBJ timer\n    auto timer_...'
xacc,../xacc/quantum/plugins/ibm/aer/src/controllers/aer_controller.hpp,"(927, 3)-(1041, 4)",b'try {\n    //check if multi-chunk distribution...'
xacc,../xacc/quantum/plugins/ibm/aer/src/controllers/aer_controller.hpp,"(942, 5)-(948, 6)",b'try {\n      // catch exception raised by requ...'
xacc,../xacc/quantum/plugins/ibm/aer/src/controllers/aer_controller.hpp,"(1307, 3)-(1402, 4)",b'try {\n    // Rng engine (this one is used to ...'
xacc,../xacc/quantum/plugins/ibm/aer/src/framework/json.hpp,"(169, 5)-(173, 6)",b'try {\n      ifile.open(name);\n    } catch (st...'
xacc,../xacc/quantum/plugins/ibm/aer/py-aer/aer_python_adapter.in.cpp,"(20, 5)-(27, 6)",b'try {\n      // This is implemented as a free-...'
xacc,../xacc/quantum/plugins/ibm/aer/py-aer/aer_python_adapter.in.cpp,"(101, 3)-(108, 4)","b'try {\n    pybind11::module::import(""qiskit"");...'"
xacc,../xacc/quantum/plugins/ibm/aer/py-aer/aer_python_adapter.in.cpp,"(131, 3)-(137, 4)","b'try {\n    pybind11::module::import(""qiskit"");...'"
xacc,../xacc/quantum/plugins/ibm/aer/py-aer/aer_python_adapter.in.cpp,"(152, 3)-(158, 4)","b'try {\n    pybind11::exec(py_src, pybind11::gl...'"
xacc,../xacc/quantum/plugins/atos_qlm/accelerator/QlmAccelerator.in.cpp,"(351, 5)-(354, 6)",b'try {\n      pybind11::initialize_interpreter(...'
xacc,../xacc/quantum/plugins/atos_qlm/accelerator/QlmAccelerator.in.cpp,"(362, 5)-(378, 6)","b'try {\n      pybind11::module::import(""qat.qpu...'"
xacc,../xacc/quantum/plugins/atos_qlm/accelerator/QlmAccelerator.in.cpp,"(370, 7)-(377, 8)","b'try {\n        pybind11::module::import(""qat.q...'"
xacc,../xacc/quantum/plugins/atos_qlm/accelerator/QlmAccelerator.in.cpp,"(955, 5)-(962, 6)","b'try {\n      measureQubits = job.attr(""qubits""...'"
xacc,../xacc/quantum/plugins/qpp/accelerator/src/include/classes/reversible.h,"(690, 9)-(697, 10)","b'try {\n            if (name == ""X"")\n          ...'"
xacc,../xacc/quantum/plugins/qpp/accelerator/src/include/classes/reversible.h,"(713, 9)-(717, 10)",b'try {\n            result = count_.at(__FILE__...'
xacc,../xacc/quantum/plugins/qpp/accelerator/src/include/classes/reversible.h,"(734, 9)-(741, 10)","b'try {\n            if (name == ""X"")\n          ...'"
xacc,../xacc/quantum/plugins/qpp/accelerator/src/include/classes/reversible.h,"(757, 9)-(761, 10)",b'try {\n            result = depth_.at(__FILE__...'
xacc,../xacc/quantum/plugins/qpp/accelerator/src/include/classes/noise.h,"(297, 9)-(304, 10)","b'try {\n\n            compute_probs_(state, std:...'"
xacc,../xacc/quantum/plugins/qpp/accelerator/src/include/classes/noise.h,"(320, 9)-(326, 10)","b'try {\n            compute_probs_(state, std::...'"
xacc,../xacc/quantum/plugins/qpp/accelerator/src/include/classes/noise.h,"(343, 9)-(349, 10)","b'try {\n            compute_probs_(state, targe...'"
xacc,../xacc/quantum/plugins/qpp/accelerator/src/include/classes/circuits/circuits.h,"(931, 9)-(935, 10)",b'try {\n            result = count_.at(name);\n ...'
xacc,../xacc/quantum/plugins/qpp/accelerator/src/include/classes/circuits/circuits.h,"(1135, 9)-(1139, 10)",b'try {\n            result = measurement_count_...'
xacc,../xacc/quantum/plugins/qpp/accelerator/src/include/classes/circuits/circuits.h,"(1301, 9)-(1318, 10)",b'try {\n            // check valid target\n     ...'
xacc,../xacc/quantum/plugins/qpp/accelerator/src/include/classes/circuits/circuits.h,"(1345, 9)-(1361, 10)",b'try {\n            // check valid target\n     ...'
xacc,../xacc/quantum/plugins/qpp/accelerator/src/include/classes/circuits/circuits.h,"(1389, 9)-(1406, 10)",b'try {\n            // check valid target\n     ...'
xacc,../xacc/quantum/plugins/qpp/accelerator/src/include/classes/circuits/circuits.h,"(1436, 9)-(1462, 10)",b'try {\n            // check valid target\n     ...'
xacc,../xacc/quantum/plugins/qpp/accelerator/src/include/classes/circuits/circuits.h,"(1506, 9)-(1517, 10)",b'try {\n            // check square matrix for ...'
xacc,../xacc/quantum/plugins/qpp/accelerator/src/include/classes/circuits/circuits.h,"(1548, 9)-(1575, 10)",b'try {\n            // check valid target\n     ...'
xacc,../xacc/quantum/plugins/qpp/accelerator/src/include/classes/circuits/circuits.h,"(1601, 9)-(1619, 10)",b'try {\n            // check valid target\n     ...'
xacc,../xacc/quantum/plugins/qpp/accelerator/src/include/classes/circuits/circuits.h,"(1707, 9)-(1725, 10)",b'try {\n            // check valid target\n     ...'
xacc,../xacc/quantum/plugins/qpp/accelerator/src/include/classes/circuits/circuits.h,"(1818, 9)-(1838, 10)",b'try {\n            // check valid ctrl and tar...'
xacc,../xacc/quantum/plugins/qpp/accelerator/src/include/classes/circuits/circuits.h,"(1874, 9)-(1914, 10)",b'try {\n            // check valid ctrl\n       ...'
xacc,../xacc/quantum/plugins/qpp/accelerator/src/include/classes/circuits/circuits.h,"(1950, 9)-(1992, 10)",b'try {\n            // check valid ctrl\n       ...'
xacc,../xacc/quantum/plugins/qpp/accelerator/src/include/classes/circuits/circuits.h,"(2030, 9)-(2082, 10)",b'try {\n            // check valid ctrl\n       ...'
xacc,../xacc/quantum/plugins/qpp/accelerator/src/include/classes/circuits/circuits.h,"(2124, 9)-(2177, 10)",b'try {\n            // check valid ctrl\n       ...'
xacc,../xacc/quantum/plugins/qpp/accelerator/src/include/classes/circuits/circuits.h,"(2212, 9)-(2232, 10)",b'try {\n            // check valid ctrl_dit and...'
xacc,../xacc/quantum/plugins/qpp/accelerator/src/include/classes/circuits/circuits.h,"(2270, 9)-(2303, 10)",b'try {\n            // check valid ctrl_dit\n   ...'
xacc,../xacc/quantum/plugins/qpp/accelerator/src/include/classes/circuits/circuits.h,"(2340, 9)-(2375, 10)",b'try {\n            // check valid ctrl_dits\n  ...'
xacc,../xacc/quantum/plugins/qpp/accelerator/src/include/classes/circuits/circuits.h,"(2413, 9)-(2455, 10)",b'try {\n            // check valid ctrl_dits\n  ...'
xacc,../xacc/quantum/plugins/qpp/accelerator/src/include/classes/circuits/circuits.h,"(2497, 9)-(2543, 10)",b'try {\n            // check valid ctrl_dits\n  ...'
xacc,../xacc/quantum/plugins/qpp/accelerator/src/include/classes/circuits/circuits.h,"(2575, 9)-(2589, 10)",b'try {\n            // measuring non-existing q...'
xacc,../xacc/quantum/plugins/qpp/accelerator/src/include/classes/circuits/circuits.h,"(2628, 9)-(2647, 10)",b'try {\n            // check valid target\n     ...'
xacc,../xacc/quantum/plugins/qpp/accelerator/src/include/classes/circuits/circuits.h,"(2690, 9)-(2704, 10)",b'try {\n            // measuring non-existing q...'
xacc,../xacc/quantum/plugins/qpp/accelerator/src/include/classes/circuits/circuits.h,"(2745, 9)-(2772, 10)",b'try {\n            // check valid target\n     ...'
xacc,../xacc/quantum/plugins/qpp/accelerator/src/include/classes/circuits/circuits.h,"(2806, 9)-(2817, 10)",b'try {\n            // discarding non-existing ...'
xacc,../xacc/quantum/plugins/qpp/accelerator/src/include/classes/circuits/circuits.h,"(2845, 9)-(2861, 10)",b'try {\n            // check valid target\n     ...'
xacc,../xacc/quantum/plugins/qpp/accelerator/src/include/classes/circuits/circuits.h,"(2906, 9)-(2916, 10)",b'try {\n            // resetting non-existing q...'
xacc,../xacc/quantum/plugins/qpp/accelerator/src/include/classes/circuits/circuits.h,"(2943, 9)-(2959, 10)",b'try {\n            // check valid target\n     ...'
xacc,../xacc/quantum/plugins/qpp/accelerator/src/include/functions.h,"(284, 9)-(290, 10)",b'try {\n            if (normA == 0)\n           ...'
xacc,../xacc/quantum/plugins/qpp/accelerator/src/include/functions.h,"(294, 9)-(300, 10)",b'try {\n            if (std::abs(traceA) == 0)\n...'
xacc,../xacc/quantum/plugins/qpp/accelerator/QppAccelerator.cpp,"(264, 21)-(269, 22)",b'try {\n                        nextInst->accep...'
xacc,../xacc/quantum/plugins/qpp/accelerator/QppAccelerator.cpp,"(414, 13)-(421, 14)",b'try {\n                m_visitor->applyGate(*g...'
xacc,../xacc/quantum/plugins/xasm/xasm_compiler.cpp,"(56, 3)-(61, 4)",b'try {\n    tree::ParseTree *tree = parser.xacc...'
xacc,../xacc/quantum/plugins/xasm/xasm_listener.cpp,"(57, 11)-(63, 12)",b'try {\n            auto vector_idx = std::stoi...'
xacc,../xacc/quantum/plugins/xasm/generated/xasmParser.cpp,"(73, 3)-(100, 4)",b'try {\n    setState(56);\n    _errHandler->sync...'
xacc,../xacc/quantum/plugins/xasm/generated/xasmParser.cpp,"(152, 3)-(201, 4)","b'try {\n    enterOuterAlt(_localctx, 1);\n    se...'"
xacc,../xacc/quantum/plugins/xasm/generated/xasmParser.cpp,"(249, 3)-(315, 4)","b'try {\n    enterOuterAlt(_localctx, 1);\n    se...'"
xacc,../xacc/quantum/plugins/xasm/generated/xasmParser.cpp,"(359, 3)-(390, 4)","b'try {\n    enterOuterAlt(_localctx, 1);\n    se...'"
xacc,../xacc/quantum/plugins/xasm/generated/xasmParser.cpp,"(429, 3)-(439, 4)","b'try {\n    enterOuterAlt(_localctx, 1);\n    se...'"
xacc,../xacc/quantum/plugins/xasm/generated/xasmParser.cpp,"(487, 3)-(585, 4)",b'try {\n    setState(136);\n    _errHandler->syn...'
xacc,../xacc/quantum/plugins/xasm/generated/xasmParser.cpp,"(624, 3)-(634, 4)","b'try {\n    enterOuterAlt(_localctx, 1);\n    se...'"
xacc,../xacc/quantum/plugins/xasm/generated/xasmParser.cpp,"(678, 3)-(701, 4)","b'try {\n    enterOuterAlt(_localctx, 1);\n    se...'"
xacc,../xacc/quantum/plugins/xasm/generated/xasmParser.cpp,"(748, 3)-(795, 4)",b'try {\n    size_t alt;\n    setState(151);\n    ...'
xacc,../xacc/quantum/plugins/xasm/generated/xasmParser.cpp,"(846, 3)-(898, 4)",b'try {\n    setState(163);\n    _errHandler->syn...'
xacc,../xacc/quantum/plugins/xasm/generated/xasmParser.cpp,"(937, 3)-(947, 4)","b'try {\n    enterOuterAlt(_localctx, 1);\n    se...'"
xacc,../xacc/quantum/plugins/xasm/generated/xasmParser.cpp,"(1003, 3)-(1076, 4)","b'try {\n    enterOuterAlt(_localctx, 1);\n    se...'"
xacc,../xacc/quantum/plugins/xasm/generated/xasmParser.cpp,"(1123, 3)-(1151, 4)","b'try {\n    enterOuterAlt(_localctx, 1);\n    se...'"
xacc,../xacc/quantum/plugins/xasm/generated/xasmParser.cpp,"(1199, 3)-(1225, 4)","b'try {\n    enterOuterAlt(_localctx, 1);\n    se...'"
xacc,../xacc/quantum/plugins/xasm/generated/xasmParser.cpp,"(1268, 3)-(1291, 4)","b'try {\n    enterOuterAlt(_localctx, 1);\n    se...'"
xacc,../xacc/quantum/plugins/xasm/generated/xasmParser.cpp,"(1334, 3)-(1359, 4)",b'try {\n    size_t alt;\n    enterOuterAlt(_loca...'
xacc,../xacc/quantum/plugins/xasm/generated/xasmParser.cpp,"(1398, 3)-(1408, 4)","b'try {\n    enterOuterAlt(_localctx, 1);\n    se...'"
xacc,../xacc/quantum/plugins/xasm/generated/xasmParser.cpp,"(1460, 3)-(1499, 4)","b'try {\n    enterOuterAlt(_localctx, 1);\n    se...'"
xacc,../xacc/quantum/plugins/xasm/generated/xasmParser.cpp,"(1542, 3)-(1559, 4)","b'try {\n    enterOuterAlt(_localctx, 1);\n    se...'"
xacc,../xacc/quantum/plugins/xasm/generated/xasmParser.cpp,"(1603, 3)-(1629, 4)","b'try {\n    enterOuterAlt(_localctx, 1);\n    se...'"
xacc,../xacc/quantum/plugins/xasm/generated/xasmParser.cpp,"(1672, 3)-(1690, 4)","b'try {\n    enterOuterAlt(_localctx, 1);\n    se...'"
xacc,../xacc/quantum/plugins/xasm/generated/xasmParser.cpp,"(1734, 3)-(1756, 4)","b'try {\n    enterOuterAlt(_localctx, 1);\n    se...'"
xacc,../xacc/quantum/plugins/xasm/generated/xasmParser.cpp,"(1835, 3)-(2012, 4)",b'try {\n    size_t alt;\n    enterOuterAlt(_loca...'
xacc,../xacc/quantum/plugins/xasm/generated/xasmParser.cpp,"(2047, 3)-(2070, 4)","b'try {\n    enterOuterAlt(_localctx, 1);\n    se...'"
xacc,../xacc/quantum/plugins/xasm/generated/xasmParser.cpp,"(2109, 3)-(2119, 4)","b'try {\n    enterOuterAlt(_localctx, 1);\n    se...'"
xacc,../xacc/quantum/plugins/xasm/generated/xasmParser.cpp,"(2158, 3)-(2168, 4)","b'try {\n    enterOuterAlt(_localctx, 1);\n    se...'"
xacc,../xacc/quantum/plugins/xasm/generated/xasmParser.cpp,"(2207, 3)-(2217, 4)","b'try {\n    enterOuterAlt(_localctx, 1);\n    se...'"
xacc,../xacc/quantum/plugins/circuits/hwe/hwe.cpp,"(34, 3)-(47, 4)",b'try {\n    nQubits = parameters.get_with_throw...'
xacc,../xacc/quantum/plugins/circuits/py-qsearch/py_qsearch.in.cpp,"(201, 3)-(208, 4)","b'try {\n    py::exec(py_src, py::globals(), loc...'"
xacc,../xacc/quantum/plugins/circuits/py-qfactor/py_qfactor.in.cpp,"(165, 3)-(172, 4)","b'try {\n    py::exec(py_src, py::globals(), loc...'"
xacc,../xacc/quantum/plugins/staq/compiler/staq_compiler.cpp,"(204, 3)-(209, 4)",b'try {\n    auto prog = parser::parse_string(_s...'
xacc,../xacc/quantum/plugins/staq/compiler/staq_compiler.cpp,"(315, 3)-(326, 4)",b'try {\n    prog = parser::parse_string(_src);\n...'
xacc,../xacc/quantum/plugins/staq/transformations/staq_swap_short.cpp,"(84, 3)-(102, 4)",b'try {\n    prog = parser::parse_string(src);\n ...'
xacc,../xacc/quantum/plugins/honeywell/honeywell.cpp,"(408, 5)-(422, 6)",b'try {\n      postResponse = restClient->post(_...'
xacc,../xacc/quantum/plugins/honeywell/honeywell.cpp,"(445, 5)-(464, 6)",b'try {\n      getResponse = restClient->get(_ur...'
xacc,../xacc/python/compiler/generated/pyxasmParser.cpp,"(69, 3)-(79, 4)","b'try {\n    enterOuterAlt(_localctx, 1);\n    se...'"
xacc,../xacc/python/compiler/generated/pyxasmParser.cpp,"(135, 3)-(169, 4)","b'try {\n    enterOuterAlt(_localctx, 1);\n    se...'"
xacc,../xacc/python/compiler/generated/pyxasmParser.cpp,"(208, 3)-(218, 4)","b'try {\n    enterOuterAlt(_localctx, 1);\n    se...'"
xacc,../xacc/python/compiler/generated/pyxasmParser.cpp,"(257, 3)-(267, 4)","b'try {\n    enterOuterAlt(_localctx, 1);\n    se...'"
xacc,../xacc/python/compiler/generated/pyxasmParser.cpp,"(311, 3)-(332, 4)","b'try {\n    enterOuterAlt(_localctx, 1);\n    se...'"
xacc,../xacc/python/compiler/generated/pyxasmParser.cpp,"(379, 3)-(424, 4)",b'try {\n    size_t alt;\n    setState(70);\n    _...'
xacc,../xacc/python/compiler/generated/pyxasmParser.cpp,"(463, 3)-(490, 4)",b'try {\n    setState(74);\n    _errHandler->sync...'
xacc,../xacc/python/compiler/generated/pyxasmParser.cpp,"(529, 3)-(539, 4)","b'try {\n    enterOuterAlt(_localctx, 1);\n    se...'"
xacc,../xacc/python/compiler/generated/pyxasmParser.cpp,"(587, 3)-(614, 4)","b'try {\n    enterOuterAlt(_localctx, 1);\n    se...'"
xacc,../xacc/python/compiler/generated/pyxasmParser.cpp,"(657, 3)-(674, 4)","b'try {\n    enterOuterAlt(_localctx, 1);\n    se...'"
xacc,../xacc/python/compiler/generated/pyxasmParser.cpp,"(726, 3)-(784, 4)",b'try {\n    setState(106);\n    _errHandler->syn...'
xacc,../xacc/python/compiler/generated/pyxasmParser.cpp,"(828, 3)-(854, 4)","b'try {\n    enterOuterAlt(_localctx, 1);\n    se...'"
xacc,../xacc/python/compiler/generated/pyxasmParser.cpp,"(897, 3)-(911, 4)","b'try {\n    enterOuterAlt(_localctx, 1);\n    se...'"
xacc,../xacc/python/compiler/generated/pyxasmParser.cpp,"(954, 3)-(979, 4)",b'try {\n    size_t alt;\n    enterOuterAlt(_loca...'
xacc,../xacc/python/compiler/generated/pyxasmParser.cpp,"(1058, 3)-(1219, 4)",b'try {\n    size_t alt;\n    enterOuterAlt(_loca...'
xacc,../xacc/python/compiler/generated/pyxasmParser.cpp,"(1254, 3)-(1277, 4)","b'try {\n    enterOuterAlt(_localctx, 1);\n    se...'"
xacc,../xacc/python/compiler/generated/pyxasmParser.cpp,"(1316, 3)-(1326, 4)","b'try {\n    enterOuterAlt(_localctx, 1);\n    se...'"
xacc,../xacc/python/compiler/generated/pyxasmParser.cpp,"(1365, 3)-(1375, 4)","b'try {\n    enterOuterAlt(_localctx, 1);\n    se...'"
xacc,../xacc/python/compiler/generated/pyxasmParser.cpp,"(1414, 3)-(1424, 4)","b'try {\n    enterOuterAlt(_localctx, 1);\n    se...'"
xacc,../xacc/python/plugins/py_plugin_loader.in.cpp,"(27, 3)-(35, 4)",b'try {\n    py::module sys = py::module::import...'
xacc,../xacc/python/plugins/scikit-quant/scikit_quant_optimizer.in.cpp,"(148, 3)-(155, 4)","b'try {\n    py::exec(py_src, py::globals(), loc...'"
