Repo name,File name,Location,Content
rocksdb,../repos/rocksdb/db_stress_tool/multi_ops_txns_stress.cc,"(1335, 3)-(1335, 15)",b'thread_local Random rand(static_cast<uint32_t...'
rocksdb,../repos/rocksdb/db_stress_tool/db_stress_shared_state.h,"(50, 10)-(50, 22)",b'static thread_local bool ignore_read_error;'
rocksdb,../repos/rocksdb/db_stress_tool/db_stress_test_base.cc,"(691, 3)-(691, 15)",b'thread_local Random rand(static_cast<uint32_t...'
rocksdb,../repos/rocksdb/db_stress_tool/db_stress_shared_state.cc,"(15, 1)-(15, 13)",b'thread_local bool SharedState::ignore_read_error;'
rocksdb,../repos/rocksdb/monitoring/perf_level.cc,"(13, 1)-(13, 13)",b'thread_local PerfLevel perf_level = kEnableCount;'
rocksdb,../repos/rocksdb/monitoring/thread_status_updater.h,"(195, 10)-(195, 22)",b'static thread_local ThreadStatusData* thread_...'
rocksdb,../repos/rocksdb/monitoring/perf_context.cc,"(166, 1)-(166, 13)",b'thread_local PerfContext perf_context;'
rocksdb,../repos/rocksdb/monitoring/thread_status_updater.cc,"(19, 1)-(19, 13)",b'thread_local ThreadStatusData* ThreadStatusUp...'
rocksdb,../repos/rocksdb/monitoring/iostats_context.cc,"(18, 1)-(18, 13)",b'thread_local IOStatsContext iostats_context;'
rocksdb,../repos/rocksdb/monitoring/thread_status_util.cc,"(15, 1)-(15, 13)",b'thread_local ThreadStatusUpdater*\n    ThreadS...'
rocksdb,../repos/rocksdb/monitoring/thread_status_util.cc,"(17, 1)-(17, 13)",b'thread_local bool ThreadStatusUtil::thread_up...'
rocksdb,../repos/rocksdb/monitoring/thread_status_util.h,"(103, 10)-(103, 22)",b'static thread_local bool thread_updater_initi...'
rocksdb,../repos/rocksdb/monitoring/thread_status_util.h,"(118, 10)-(118, 22)",b'static thread_local ThreadStatusUpdater* thre...'
rocksdb,../repos/rocksdb/monitoring/perf_context_imp.h,"(16, 8)-(16, 20)",b'extern thread_local PerfContext perf_context_;'
rocksdb,../repos/rocksdb/monitoring/perf_context_imp.h,"(19, 8)-(19, 20)",b'extern thread_local PerfContext perf_context;'
rocksdb,../repos/rocksdb/monitoring/instrumented_mutex.cc,"(40, 5)-(40, 17)",b'thread_local Random rnd(301);'
rocksdb,../repos/rocksdb/monitoring/iostats_context_imp.h,"(12, 8)-(12, 20)",b'extern thread_local IOStatsContext iostats_co...'
rocksdb,../repos/rocksdb/monitoring/perf_level_imp.h,"(12, 8)-(12, 20)",b'extern thread_local PerfLevel perf_level;'
rocksdb,../repos/rocksdb/util/thread_local.cc,"(143, 10)-(143, 22)",b'static thread_local ThreadData* tls_;'
rocksdb,../repos/rocksdb/util/thread_local.cc,"(150, 1)-(150, 13)",b'thread_local ThreadData* ThreadLocalPtr::Stat...'
rocksdb,../repos/rocksdb/db/merge_test.cc,"(329, 5)-(329, 17)",b'thread_local int thread_id{cnt++};'
rocksdb,../repos/rocksdb/memory/jemalloc_nodump_allocator.cc,"(126, 3)-(126, 15)",b'thread_local Random tl_random(next_seed.fetch...'
rocksdb,../repos/rocksdb/memory/concurrent_arena.cc,"(19, 1)-(19, 13)",b'thread_local size_t ConcurrentArena::tls_cpui...'
rocksdb,../repos/rocksdb/memory/concurrent_arena.h,"(101, 10)-(101, 22)",b'static thread_local size_t tls_cpuid;'
rocksdb,../repos/rocksdb/utilities/agg_merge/agg_merge.cc,"(174, 10)-(174, 22)",b'static thread_local Accumulator tls_acc;'
rocksdb,../repos/rocksdb/env/env_test.cc,"(3201, 7)-(3201, 19)",b'thread_local UnpredictableUniqueIdGen gen{\n  ...'
