Repo name,File name,Location,Content
rocksdb,../repos/rocksdb/util/thread_local_test.cc,"(562, 3)-(569, 4)",b'try {\n    ROCKSDB_NAMESPACE::port::Thread th(...'
rocksdb,../repos/rocksdb/third-party/gtest-1.8.1/fused-src/gtest/gtest-all.cc,"(3934, 5)-(3951, 6)",b'try {\n      return HandleSehExceptionsInMetho...'
rocksdb,../repos/rocksdb/port/win/env_win.cc,"(1301, 3)-(1310, 4)","b'try {\n    Thread th(&StartThreadWrapper, stat...'"
rocksdb,../repos/rocksdb/java/rocksjni/rocksjni.cc,"(617, 3)-(624, 4)",b'try {\n    ROCKSDB_NAMESPACE::JByteArraySlice ...'
rocksdb,../repos/rocksdb/java/rocksjni/rocksjni.cc,"(650, 3)-(658, 4)",b'try {\n    ROCKSDB_NAMESPACE::JByteArraySlice ...'
rocksdb,../repos/rocksdb/java/rocksjni/rocksjni.cc,"(676, 3)-(683, 4)",b'try {\n    ROCKSDB_NAMESPACE::JByteArraySlice ...'
rocksdb,../repos/rocksdb/java/rocksjni/rocksjni.cc,"(706, 3)-(713, 4)",b'try {\n    ROCKSDB_NAMESPACE::JByteArraySlice ...'
rocksdb,../repos/rocksdb/java/rocksjni/rocksjni.cc,"(1304, 3)-(1311, 4)",b'try {\n    ROCKSDB_NAMESPACE::JByteArraySlice ...'
rocksdb,../repos/rocksdb/java/rocksjni/rocksjni.cc,"(1329, 5)-(1337, 6)",b'try {\n      ROCKSDB_NAMESPACE::JByteArraySlic...'
rocksdb,../repos/rocksdb/java/rocksjni/rocksjni.cc,"(1357, 3)-(1364, 4)",b'try {\n    ROCKSDB_NAMESPACE::JByteArraySlice ...'
rocksdb,../repos/rocksdb/java/rocksjni/rocksjni.cc,"(1382, 5)-(1390, 6)",b'try {\n      ROCKSDB_NAMESPACE::JByteArraySlic...'
rocksdb,../repos/rocksdb/java/rocksjni/transaction.cc,"(177, 3)-(186, 4)",b'try {\n    ROCKSDB_NAMESPACE::JByteArraySlice ...'
rocksdb,../repos/rocksdb/java/rocksjni/transaction.cc,"(200, 3)-(208, 4)",b'try {\n    ROCKSDB_NAMESPACE::JByteArraySlice ...'
rocksdb,../repos/rocksdb/java/rocksjni/transaction.cc,"(226, 3)-(236, 4)",b'try {\n    ROCKSDB_NAMESPACE::JByteArraySlice ...'
rocksdb,../repos/rocksdb/java/rocksjni/transaction.cc,"(257, 3)-(268, 4)",b'try {\n    ROCKSDB_NAMESPACE::JDirectBufferSli...'
rocksdb,../repos/rocksdb/java/rocksjni/transaction.cc,"(467, 3)-(477, 4)",b'try {\n    ROCKSDB_NAMESPACE::JByteArraySlice ...'
rocksdb,../repos/rocksdb/java/rocksjni/transaction.cc,"(496, 3)-(507, 4)",b'try {\n    ROCKSDB_NAMESPACE::JByteArraySlice ...'
rocksdb,../repos/rocksdb/java/rocksjni/transaction.cc,"(527, 3)-(539, 4)",b'try {\n    ROCKSDB_NAMESPACE::JDirectBufferSli...'
rocksdb,../repos/rocksdb/java/rocksjni/transaction.cc,"(622, 3)-(630, 4)",b'try {\n    ROCKSDB_NAMESPACE::JByteArraySlice ...'
rocksdb,../repos/rocksdb/java/rocksjni/transaction.cc,"(643, 3)-(650, 4)",b'try {\n    ROCKSDB_NAMESPACE::JByteArraySlice ...'
rocksdb,../repos/rocksdb/java/rocksjni/transaction.cc,"(666, 3)-(675, 4)",b'try {\n    ROCKSDB_NAMESPACE::JDirectBufferSli...'
rocksdb,../repos/rocksdb/java/rocksjni/transaction.cc,"(687, 3)-(695, 4)",b'try {\n    ROCKSDB_NAMESPACE::JDirectBufferSli...'
rocksdb,../repos/rocksdb/java/rocksjni/transaction.cc,"(856, 3)-(864, 4)",b'try {\n    ROCKSDB_NAMESPACE::JByteArraySlice ...'
rocksdb,../repos/rocksdb/java/rocksjni/transaction.cc,"(877, 3)-(884, 4)",b'try {\n    ROCKSDB_NAMESPACE::JByteArraySlice ...'
rocksdb,../repos/rocksdb/java/rocksjni/transaction.cc,"(901, 3)-(910, 4)",b'try {\n    ROCKSDB_NAMESPACE::JDirectBufferSli...'
rocksdb,../repos/rocksdb/java/rocksjni/transaction.cc,"(923, 3)-(931, 4)",b'try {\n    ROCKSDB_NAMESPACE::JDirectBufferSli...'
rocksdb,../repos/rocksdb/java/rocksjni/transaction.cc,"(1182, 3)-(1190, 4)",b'try {\n    ROCKSDB_NAMESPACE::JByteArraySlice ...'
rocksdb,../repos/rocksdb/java/rocksjni/transaction.cc,"(1202, 3)-(1209, 4)",b'try {\n    ROCKSDB_NAMESPACE::JByteArraySlice ...'
rocksdb,../repos/rocksdb/java/rocksjni/transaction.cc,"(1266, 3)-(1274, 4)",b'try {\n    ROCKSDB_NAMESPACE::JByteArraySlice ...'
rocksdb,../repos/rocksdb/java/rocksjni/transaction.cc,"(1290, 3)-(1299, 4)",b'try {\n    ROCKSDB_NAMESPACE::JDirectBufferSli...'
rocksdb,../repos/rocksdb/tools/ldb_cmd.cc,"(601, 5)-(610, 6)",b'try {\n      value = std::stod(itr->second);\n ...'
rocksdb,../repos/rocksdb/tools/ldb_cmd.cc,"(642, 5)-(651, 6)",b'try {\n      value = std::stoi(itr->second);\n ...'
rocksdb,../repos/rocksdb/tools/ldb_cmd.cc,"(2013, 5)-(2025, 6)",b'try {\n#if defined(CYGWIN)\n      max_keys_ = s...'
rocksdb,../repos/rocksdb/tools/ldb_cmd.cc,"(3089, 5)-(3101, 6)",b'try {\n#if defined(CYGWIN)\n      max_keys_scan...'
rocksdb,../repos/rocksdb/tools/ldb_cmd.cc,"(4308, 5)-(4320, 6)",b'try {\n#if defined(CYGWIN)\n      max_keys_ = s...'
rocksdb,../repos/rocksdb/tools/ldb_cmd_test.cc,"(85, 5)-(90, 6)",b'try {\n      ROCKSDB_NAMESPACE::LDBCommand::He...'
rocksdb,../repos/rocksdb/tools/sst_dump_tool.cc,"(258, 7)-(265, 8)",b'try {\n        in_key = ROCKSDB_NAMESPACE::LDB...'
rocksdb,../repos/rocksdb/options/options_helper.cc,"(892, 3)-(932, 4)",b'try {\n    const std::string& opt_value = conf...'
rocksdb,../repos/rocksdb/utilities/backup/backup_engine.cc,"(1530, 7)-(1539, 8)",b'try {\n        options.exclude_files_callback(...'
rocksdb,../repos/rocksdb/utilities/backup/backup_engine.cc,"(2261, 9)-(2270, 10)",b'try {\n          progress_callback();\n        ...'
