Repo name,File name,Location,Content
rocksdb,../repos/rocksdb/db_stress_tool/multi_ops_txns_stress.h,"(145, 10)-(145, 47)",b'bool operator==(const Record& other) const {\n...'
rocksdb,../repos/rocksdb/db_stress_tool/multi_ops_txns_stress.h,"(149, 10)-(149, 47)",b'bool operator!=(const Record& other) const { ...'
rocksdb,../repos/rocksdb/test_util/sync_point.h,"(79, 14)-(79, 41)",b'& operator=(const SyncPoint&)'
rocksdb,../repos/rocksdb/trace_replay/block_cache_tracer.h,"(124, 30)-(124, 73)",b'& operator=(const BlockCacheTraceWriterImpl&)'
rocksdb,../repos/rocksdb/trace_replay/block_cache_tracer.h,"(127, 30)-(127, 68)",b'& operator=(BlockCacheTraceWriterImpl&&)'
rocksdb,../repos/rocksdb/trace_replay/block_cache_tracer.h,"(171, 26)-(171, 65)",b'& operator=(const BlockCacheTraceReader&)'
rocksdb,../repos/rocksdb/trace_replay/block_cache_tracer.h,"(173, 26)-(173, 60)",b'& operator=(BlockCacheTraceReader&&)'
rocksdb,../repos/rocksdb/trace_replay/block_cache_tracer.h,"(209, 21)-(209, 55)",b'& operator=(const BlockCacheTracer&)'
rocksdb,../repos/rocksdb/trace_replay/block_cache_tracer.h,"(211, 21)-(211, 50)",b'& operator=(BlockCacheTracer&&)'
rocksdb,../repos/rocksdb/trace_replay/io_tracer.h,"(109, 18)-(109, 49)",b'& operator=(const IOTraceWriter&)'
rocksdb,../repos/rocksdb/trace_replay/io_tracer.h,"(111, 18)-(111, 44)",b'& operator=(IOTraceWriter&&)'
rocksdb,../repos/rocksdb/trace_replay/io_tracer.h,"(132, 18)-(132, 49)",b'& operator=(const IOTraceReader&)'
rocksdb,../repos/rocksdb/trace_replay/io_tracer.h,"(134, 18)-(134, 44)",b'& operator=(IOTraceReader&&)'
rocksdb,../repos/rocksdb/trace_replay/io_tracer.h,"(152, 13)-(152, 39)",b'& operator=(const IOTracer&)'
rocksdb,../repos/rocksdb/trace_replay/io_tracer.h,"(154, 13)-(154, 34)",b'& operator=(IOTracer&&)'
rocksdb,../repos/rocksdb/monitoring/statistics_impl.h,"(96, 11)-(96, 33)",b'* operator new(size_t s)'
rocksdb,../repos/rocksdb/monitoring/statistics_impl.h,"(97, 11)-(97, 35)",b'* operator new[](size_t s)'
rocksdb,../repos/rocksdb/monitoring/statistics_impl.h,"(98, 10)-(98, 34)",b'void operator delete(void* p) { port::cacheli...'
rocksdb,../repos/rocksdb/monitoring/statistics_impl.h,"(99, 10)-(99, 36)",b'void operator delete[](void* p) { port::cache...'
rocksdb,../repos/rocksdb/monitoring/histogram_windowing.h,"(24, 27)-(24, 67)",b'& operator=(const HistogramWindowingImpl&)'
rocksdb,../repos/rocksdb/monitoring/histogram.h,"(51, 18)-(51, 49)",b'& operator=(const HistogramStat&)'
rocksdb,../repos/rocksdb/monitoring/histogram.h,"(115, 18)-(115, 49)",b'& operator=(const HistogramImpl&)'
rocksdb,../repos/rocksdb/monitoring/persistent_stats_history.h,"(69, 8)-(69, 56)",b'void operator=(const PersistentStatsHistoryIt...'
rocksdb,../repos/rocksdb/monitoring/persistent_stats_history.h,"(71, 35)-(71, 78)",b'& operator=(PersistentStatsHistoryIterator&&)'
rocksdb,../repos/rocksdb/monitoring/in_memory_stats_history.h,"(39, 8)-(39, 54)",b'void operator=(const InMemoryStatsHistoryIter...'
rocksdb,../repos/rocksdb/monitoring/in_memory_stats_history.h,"(41, 33)-(41, 74)",b'& operator=(InMemoryStatsHistoryIterator&&)'
rocksdb,../repos/rocksdb/monitoring/instrumented_mutex.h,"(82, 8)-(82, 47)",b'void operator=(const InstrumentedMutexLock&) ...'
rocksdb,../repos/rocksdb/monitoring/instrumented_mutex.h,"(98, 8)-(98, 49)",b'void operator=(const InstrumentedMutexUnlock&...'
rocksdb,../repos/rocksdb/cache/cache_reservation_manager.h,"(94, 32)-(94, 78)",b'&operator=(const CacheReservationManagerImpl &)'
rocksdb,../repos/rocksdb/cache/cache_reservation_manager.h,"(97, 32)-(97, 73)",b'&operator=(CacheReservationManagerImpl &&)'
rocksdb,../repos/rocksdb/cache/cache_reservation_manager.h,"(256, 38)-(257, 49)",b'&operator=(\n      const ConcurrentCacheReserv...'
rocksdb,../repos/rocksdb/cache/cache_reservation_manager.h,"(260, 38)-(261, 44)",b'&operator=(\n      ConcurrentCacheReservationM...'
rocksdb,../repos/rocksdb/cache/cache_helpers.h,"(47, 21)-(47, 55)",b'& operator=(const CacheHandleGuard&)'
rocksdb,../repos/rocksdb/cache/cache_helpers.h,"(56, 21)-(56, 63)",b'& operator=(CacheHandleGuard&& rhs) noexcept'
rocksdb,../repos/rocksdb/cache/compressed_secondary_cache.h,"(31, 41)-(32, 51)",b'& operator=(\n      const CompressedSecondaryC...'
rocksdb,../repos/rocksdb/util/compression_context_cache.cc,"(39, 19)-(39, 51)",b'& operator=(const ZSTDCachedData&)'
rocksdb,../repos/rocksdb/util/compression.h,"(94, 29)-(94, 71)",b'& operator=(const ZSTDUncompressCachedData&)'
rocksdb,../repos/rocksdb/util/compression.h,"(99, 29)-(99, 77)",b'& operator=(ZSTDUncompressCachedData&& o) noexcept'
rocksdb,../repos/rocksdb/util/compression.h,"(144, 29)-(144, 71)",b'& operator=(const ZSTDUncompressCachedData&)'
rocksdb,../repos/rocksdb/util/compression.h,"(146, 29)-(146, 75)",b'& operator=(ZSTDUncompressCachedData&&) noexcept'
rocksdb,../repos/rocksdb/util/compression.h,"(224, 20)-(224, 53)",b'& operator=(const CompressionDict&)'
rocksdb,../repos/rocksdb/util/compression.h,"(226, 20)-(226, 48)",b'& operator=(CompressionDict&&)'
rocksdb,../repos/rocksdb/util/compression.h,"(306, 22)-(306, 56)",b'& operator=(UncompressionDict&& rhs)'
rocksdb,../repos/rocksdb/util/compression.h,"(365, 22)-(365, 55)",b'& operator=(const CompressionDict&)'
rocksdb,../repos/rocksdb/util/compression.h,"(437, 23)-(437, 59)",b'& operator=(const CompressionContext&)'
rocksdb,../repos/rocksdb/util/compression.h,"(485, 25)-(485, 63)",b'& operator=(const UncompressionContext&)'
rocksdb,../repos/rocksdb/util/compression_context_cache.h,"(33, 28)-(33, 69)",b'& operator=(const CompressionContextCache&)'
rocksdb,../repos/rocksdb/util/timer.h,"(318, 10)-(318, 68)","b'bool operator()(const FunctionInfo* f1, const...'"
rocksdb,../repos/rocksdb/util/channel.h,"(23, 8)-(23, 33)",b'void operator=(const channel&) = delete;'
rocksdb,../repos/rocksdb/util/timer_queue.h,"(146, 15)-(146, 43)",b'& operator=(const TimerQueue&)'
rocksdb,../repos/rocksdb/util/timer_queue.h,"(219, 10)-(219, 48)",b'bool operator>(const WorkItem& other) const {...'
rocksdb,../repos/rocksdb/util/mutexlock.h,"(40, 8)-(40, 36)",b'void operator=(const MutexLock &) = delete;'
rocksdb,../repos/rocksdb/util/mutexlock.h,"(58, 8)-(58, 35)",b'void operator=(const ReadLock &) = delete;'
rocksdb,../repos/rocksdb/util/mutexlock.h,"(74, 15)-(74, 44)",b'&operator=(const ReadUnlock &)'
rocksdb,../repos/rocksdb/util/mutexlock.h,"(92, 8)-(92, 36)",b'void operator=(const WriteLock &) = delete;'
rocksdb,../repos/rocksdb/util/concurrent_task_limiter_impl.h,"(27, 30)-(27, 73)",b'& operator=(const ConcurrentTaskLimiterImpl&)'
rocksdb,../repos/rocksdb/util/concurrent_task_limiter_impl.h,"(64, 8)-(64, 42)",b'void operator=(const TaskLimiterToken&) = delete;'
rocksdb,../repos/rocksdb/util/ribbon_test.cc,"(90, 19)-(90, 31)",b'& operator++()'
rocksdb,../repos/rocksdb/util/ribbon_test.cc,"(95, 19)-(95, 41)",b'& operator+=(uint64_t i)'
rocksdb,../repos/rocksdb/util/ribbon_test.cc,"(100, 22)-(100, 33)",b'& operator*()'
rocksdb,../repos/rocksdb/util/ribbon_test.cc,"(107, 8)-(107, 53)",b'bool operator==(const StandardKeyGen& other) ...'
rocksdb,../repos/rocksdb/util/ribbon_test.cc,"(111, 8)-(111, 53)",b'bool operator!=(const StandardKeyGen& other) ...'
rocksdb,../repos/rocksdb/util/ribbon_test.cc,"(132, 16)-(132, 28)",b'& operator++()'
rocksdb,../repos/rocksdb/util/ribbon_test.cc,"(137, 16)-(137, 38)",b'& operator+=(uint64_t i)'
rocksdb,../repos/rocksdb/util/ribbon_test.cc,"(142, 22)-(142, 33)",b'& operator*()'
rocksdb,../repos/rocksdb/util/ribbon_test.cc,"(147, 8)-(147, 50)",b'bool operator==(const SmallKeyGen& other) con...'
rocksdb,../repos/rocksdb/util/ribbon_test.cc,"(148, 8)-(148, 50)",b'bool operator!=(const SmallKeyGen& other) con...'
rocksdb,../repos/rocksdb/util/ribbon_test.cc,"(158, 12)-(158, 23)",b'uint32_t operator*() {\n    auto& key = *stati...'
rocksdb,../repos/rocksdb/util/ribbon_test.cc,"(169, 12)-(169, 23)",b'uint64_t operator*() {\n    auto& key = *stati...'
rocksdb,../repos/rocksdb/util/ribbon_test.cc,"(1056, 17)-(1056, 29)",b'& operator++()'
rocksdb,../repos/rocksdb/util/ribbon_test.cc,"(1061, 42)-(1061, 53)",b'& operator*()'
rocksdb,../repos/rocksdb/util/ribbon_test.cc,"(1070, 42)-(1070, 54)",b'* operator->()'
rocksdb,../repos/rocksdb/util/ribbon_test.cc,"(1072, 8)-(1072, 51)",b'bool operator==(const PhsfInputGen& other) co...'
rocksdb,../repos/rocksdb/util/ribbon_test.cc,"(1076, 8)-(1076, 51)",b'bool operator!=(const PhsfInputGen& other) co...'
rocksdb,../repos/rocksdb/util/vector_iterator.h,"(98, 10)-(98, 46)","b'bool operator()(size_t a, size_t b) const {\n ...'"
rocksdb,../repos/rocksdb/util/vector_iterator.h,"(102, 10)-(102, 52)","b'bool operator()(size_t a, const Slice& b) con...'"
rocksdb,../repos/rocksdb/util/vector_iterator.h,"(106, 10)-(106, 52)","b'bool operator()(const Slice& a, size_t b) con...'"
rocksdb,../repos/rocksdb/util/murmurhash.h,"(39, 10)-(39, 46)",b'size_t operator()(const Slice& slice) const {...'
rocksdb,../repos/rocksdb/util/crc32c.cc,"(1192, 48)-(1193, 34)","b'constexpr std::array<uint32_t, sizeof...(i)> ...'"
rocksdb,../repos/rocksdb/util/work_queue_test.cc,"(39, 8)-(39, 20)",b'void operator()() {\n    int result;\n    while...'
rocksdb,../repos/rocksdb/util/aligned_buffer.h,"(70, 18)-(70, 55)",b'& operator=(AlignedBuffer&& o) noexcept'
rocksdb,../repos/rocksdb/util/aligned_buffer.h,"(81, 18)-(81, 49)",b'& operator=(const AlignedBuffer&)'
rocksdb,../repos/rocksdb/util/udt_util.h,"(114, 29)-(114, 71)",b'& operator=(const TimestampRecoveryHandler&)'
rocksdb,../repos/rocksdb/util/udt_util.h,"(115, 29)-(115, 66)",b'& operator=(TimestampRecoveryHandler&&)'
rocksdb,../repos/rocksdb/util/autovector.h,"(67, 20)-(67, 51)",b'& operator=(const iterator_impl&)'
rocksdb,../repos/rocksdb/util/autovector.h,"(71, 16)-(71, 28)",b'& operator++()'
rocksdb,../repos/rocksdb/util/autovector.h,"(77, 15)-(77, 30)",b'self_type operator++(int) {\n      auto old = ...'
rocksdb,../repos/rocksdb/util/autovector.h,"(84, 16)-(84, 28)",b'& operator--()'
rocksdb,../repos/rocksdb/util/autovector.h,"(90, 15)-(90, 30)",b'self_type operator--(int) {\n      auto old = ...'
rocksdb,../repos/rocksdb/util/autovector.h,"(96, 15)-(96, 51)",b'self_type operator-(difference_type len) cons...'
rocksdb,../repos/rocksdb/util/autovector.h,"(100, 21)-(100, 60)",b'difference_type operator-(const self_type& ot...'
rocksdb,../repos/rocksdb/util/autovector.h,"(105, 15)-(105, 51)",b'self_type operator+(difference_type len) cons...'
rocksdb,../repos/rocksdb/util/autovector.h,"(109, 16)-(109, 47)",b'& operator+=(difference_type len)'
rocksdb,../repos/rocksdb/util/autovector.h,"(114, 16)-(114, 47)",b'& operator-=(difference_type len)'
rocksdb,../repos/rocksdb/util/autovector.h,"(120, 15)-(120, 32)",b'reference operator*() const {\n      assert(ve...'
rocksdb,../repos/rocksdb/util/autovector.h,"(125, 13)-(125, 31)",b'pointer operator->() const {\n      assert(vec...'
rocksdb,../repos/rocksdb/util/autovector.h,"(130, 15)-(130, 52)",b'reference operator[](difference_type len) con...'
rocksdb,../repos/rocksdb/util/autovector.h,"(133, 10)-(133, 50)",b'bool operator==(const self_type& other) const...'
rocksdb,../repos/rocksdb/util/autovector.h,"(138, 10)-(138, 50)",b'bool operator!=(const self_type& other) const...'
rocksdb,../repos/rocksdb/util/autovector.h,"(140, 10)-(140, 49)",b'bool operator>(const self_type& other) const ...'
rocksdb,../repos/rocksdb/util/autovector.h,"(145, 10)-(145, 49)",b'bool operator<(const self_type& other) const ...'
rocksdb,../repos/rocksdb/util/autovector.h,"(150, 10)-(150, 50)",b'bool operator>=(const self_type& other) const...'
rocksdb,../repos/rocksdb/util/autovector.h,"(155, 10)-(155, 50)",b'bool operator<=(const self_type& other) const...'
rocksdb,../repos/rocksdb/util/autovector.h,"(222, 19)-(222, 48)",b'const_reference operator[](size_type n) const...'
rocksdb,../repos/rocksdb/util/autovector.h,"(230, 13)-(230, 36)",b'reference operator[](size_type n) {\n    asser...'
rocksdb,../repos/rocksdb/util/autovector.h,"(329, 15)-(329, 49)",b'& operator=(const autovector& other)'
rocksdb,../repos/rocksdb/util/autovector.h,"(332, 15)-(332, 44)",b'& operator=(autovector&& other)'
rocksdb,../repos/rocksdb/util/hash.h,"(133, 12)-(133, 44)",b'uint32_t operator()(const Slice& s) const { r...'
rocksdb,../repos/rocksdb/util/hash.h,"(136, 12)-(136, 63)","b'uint64_t operator()(const Slice& s, uint64_t ...'"
rocksdb,../repos/rocksdb/util/set_comparator.h,"(17, 8)-(17, 60)","b'bool operator()(const Slice& lhs, const Slice...'"
rocksdb,../repos/rocksdb/util/defer.h,"(49, 10)-(49, 33)",b'& operator=(const Defer&)'
rocksdb,../repos/rocksdb/util/defer.h,"(75, 19)-(75, 51)",b'& operator=(const SaveAndRestore&)'
rocksdb,../repos/rocksdb/util/math128.h,"(53, 20)-(53, 70)",b'inline Unsigned128 operator<<(const Unsigned1...'
rocksdb,../repos/rocksdb/util/math128.h,"(70, 21)-(70, 66)","b'& operator<<=(Unsigned128& lhs, unsigned shift)'"
rocksdb,../repos/rocksdb/util/math128.h,"(75, 20)-(75, 70)",b'inline Unsigned128 operator>>(const Unsigned1...'
rocksdb,../repos/rocksdb/util/math128.h,"(91, 21)-(91, 66)","b'& operator>>=(Unsigned128& lhs, unsigned shift)'"
rocksdb,../repos/rocksdb/util/math128.h,"(96, 20)-(96, 77)",b'inline Unsigned128 operator&(const Unsigned12...'
rocksdb,../repos/rocksdb/util/math128.h,"(100, 21)-(100, 73)","b'& operator&=(Unsigned128& lhs, const Unsigned...'"
rocksdb,../repos/rocksdb/util/math128.h,"(105, 20)-(105, 77)",b'inline Unsigned128 operator|(const Unsigned12...'
rocksdb,../repos/rocksdb/util/math128.h,"(109, 21)-(109, 73)","b'& operator|=(Unsigned128& lhs, const Unsigned...'"
rocksdb,../repos/rocksdb/util/math128.h,"(114, 20)-(114, 77)",b'inline Unsigned128 operator^(const Unsigned12...'
rocksdb,../repos/rocksdb/util/math128.h,"(118, 21)-(118, 73)","b'& operator^=(Unsigned128& lhs, const Unsigned...'"
rocksdb,../repos/rocksdb/util/math128.h,"(123, 20)-(123, 51)",b'inline Unsigned128 operator~(const Unsigned12...'
rocksdb,../repos/rocksdb/util/math128.h,"(127, 13)-(127, 71)",b'inline bool operator==(const Unsigned128& lhs...'
rocksdb,../repos/rocksdb/util/math128.h,"(131, 13)-(131, 71)",b'inline bool operator!=(const Unsigned128& lhs...'
rocksdb,../repos/rocksdb/util/math128.h,"(135, 13)-(135, 70)","b'inline bool operator>(const Unsigned128& lhs,...'"
rocksdb,../repos/rocksdb/util/math128.h,"(139, 13)-(139, 70)","b'inline bool operator<(const Unsigned128& lhs,...'"
rocksdb,../repos/rocksdb/util/math128.h,"(143, 13)-(143, 71)",b'inline bool operator>=(const Unsigned128& lhs...'
rocksdb,../repos/rocksdb/util/math128.h,"(147, 13)-(147, 71)",b'inline bool operator<=(const Unsigned128& lhs...'
rocksdb,../repos/rocksdb/util/kv_map.h,"(21, 8)-(21, 68)","b'bool operator()(const std::string& a, const s...'"
rocksdb,../repos/rocksdb/util/kv_map.h,"(24, 8)-(24, 56)","b'bool operator()(const Slice& a, const Slice& ...'"
rocksdb,../repos/rocksdb/util/thread_local.h,"(49, 19)-(49, 51)",b'& operator=(const ThreadLocalPtr&)'
rocksdb,../repos/rocksdb/util/threadpool_imp.h,"(25, 19)-(25, 46)",b'& operator=(ThreadPoolImpl&&)'
rocksdb,../repos/rocksdb/util/thread_guard.h,"(23, 16)-(23, 45)",b'& operator=(const ThreadGuard&)'
rocksdb,../repos/rocksdb/util/thread_guard.h,"(26, 16)-(26, 49)",b'& operator=(ThreadGuard&&) noexcept'
rocksdb,../repos/rocksdb/third-party/gtest-1.8.1/fused-src/gtest/gtest.h,"(1179, 10)-(1179, 41)",b'& operator=(const tuple& /* t */)'
rocksdb,../repos/rocksdb/third-party/gtest-1.8.1/fused-src/gtest/gtest.h,"(1196, 10)-(1196, 35)",b'& operator=(const tuple& t)'
rocksdb,../repos/rocksdb/third-party/gtest-1.8.1/fused-src/gtest/gtest.h,"(1199, 10)-(1199, 47)",b'& operator=(const GTEST_1_TUPLE_(U)& t)'
rocksdb,../repos/rocksdb/third-party/gtest-1.8.1/fused-src/gtest/gtest.h,"(1231, 10)-(1231, 35)",b'& operator=(const tuple& t)'
rocksdb,../repos/rocksdb/third-party/gtest-1.8.1/fused-src/gtest/gtest.h,"(1234, 10)-(1234, 47)",b'& operator=(const GTEST_2_TUPLE_(U)& t)'
rocksdb,../repos/rocksdb/third-party/gtest-1.8.1/fused-src/gtest/gtest.h,"(1238, 10)-(1238, 49)","b'& operator=(const ::std::pair<U0, U1>& p)'"
rocksdb,../repos/rocksdb/third-party/gtest-1.8.1/fused-src/gtest/gtest.h,"(1272, 10)-(1272, 35)",b'& operator=(const tuple& t)'
rocksdb,../repos/rocksdb/third-party/gtest-1.8.1/fused-src/gtest/gtest.h,"(1275, 10)-(1275, 47)",b'& operator=(const GTEST_3_TUPLE_(U)& t)'
rocksdb,../repos/rocksdb/third-party/gtest-1.8.1/fused-src/gtest/gtest.h,"(1311, 10)-(1311, 35)",b'& operator=(const tuple& t)'
rocksdb,../repos/rocksdb/third-party/gtest-1.8.1/fused-src/gtest/gtest.h,"(1314, 10)-(1314, 47)",b'& operator=(const GTEST_4_TUPLE_(U)& t)'
rocksdb,../repos/rocksdb/third-party/gtest-1.8.1/fused-src/gtest/gtest.h,"(1353, 10)-(1353, 35)",b'& operator=(const tuple& t)'
rocksdb,../repos/rocksdb/third-party/gtest-1.8.1/fused-src/gtest/gtest.h,"(1356, 10)-(1356, 47)",b'& operator=(const GTEST_5_TUPLE_(U)& t)'
rocksdb,../repos/rocksdb/third-party/gtest-1.8.1/fused-src/gtest/gtest.h,"(1398, 10)-(1398, 35)",b'& operator=(const tuple& t)'
rocksdb,../repos/rocksdb/third-party/gtest-1.8.1/fused-src/gtest/gtest.h,"(1401, 10)-(1401, 47)",b'& operator=(const GTEST_6_TUPLE_(U)& t)'
rocksdb,../repos/rocksdb/third-party/gtest-1.8.1/fused-src/gtest/gtest.h,"(1445, 10)-(1445, 35)",b'& operator=(const tuple& t)'
rocksdb,../repos/rocksdb/third-party/gtest-1.8.1/fused-src/gtest/gtest.h,"(1448, 10)-(1448, 47)",b'& operator=(const GTEST_7_TUPLE_(U)& t)'
rocksdb,../repos/rocksdb/third-party/gtest-1.8.1/fused-src/gtest/gtest.h,"(1495, 10)-(1495, 35)",b'& operator=(const tuple& t)'
rocksdb,../repos/rocksdb/third-party/gtest-1.8.1/fused-src/gtest/gtest.h,"(1498, 10)-(1498, 47)",b'& operator=(const GTEST_8_TUPLE_(U)& t)'
rocksdb,../repos/rocksdb/third-party/gtest-1.8.1/fused-src/gtest/gtest.h,"(1547, 10)-(1547, 35)",b'& operator=(const tuple& t)'
rocksdb,../repos/rocksdb/third-party/gtest-1.8.1/fused-src/gtest/gtest.h,"(1550, 10)-(1550, 47)",b'& operator=(const GTEST_9_TUPLE_(U)& t)'
rocksdb,../repos/rocksdb/third-party/gtest-1.8.1/fused-src/gtest/gtest.h,"(1603, 10)-(1603, 35)",b'& operator=(const tuple& t)'
rocksdb,../repos/rocksdb/third-party/gtest-1.8.1/fused-src/gtest/gtest.h,"(1606, 10)-(1606, 48)",b'& operator=(const GTEST_10_TUPLE_(U)& t)'
rocksdb,../repos/rocksdb/third-party/gtest-1.8.1/fused-src/gtest/gtest.h,"(1944, 13)-(1945, 52)",b'inline bool operator==(const GTEST_10_TUPLE_(...'
rocksdb,../repos/rocksdb/third-party/gtest-1.8.1/fused-src/gtest/gtest.h,"(1952, 13)-(1953, 52)",b'inline bool operator!=(const GTEST_10_TUPLE_(...'
rocksdb,../repos/rocksdb/third-party/gtest-1.8.1/fused-src/gtest/gtest.h,"(4040, 6)-(4040, 55)",b'void operator<<(const testing::internal::Secr...'
rocksdb,../repos/rocksdb/third-party/gtest-1.8.1/fused-src/gtest/gtest.h,"(4093, 19)-(4093, 46)",b'& operator <<(const T& value)'
rocksdb,../repos/rocksdb/third-party/gtest-1.8.1/fused-src/gtest/gtest.h,"(4100, 19)-(4100, 44)",b'& operator <<(const T& val)'
rocksdb,../repos/rocksdb/third-party/gtest-1.8.1/fused-src/gtest/gtest.h,"(4134, 19)-(4134, 49)",b'& operator <<(T* const& pointer)'
rocksdb,../repos/rocksdb/third-party/gtest-1.8.1/fused-src/gtest/gtest.h,"(4150, 12)-(4150, 47)",b'& operator <<(BasicNarrowIoManip val)'
rocksdb,../repos/rocksdb/third-party/gtest-1.8.1/fused-src/gtest/gtest.h,"(4156, 12)-(4156, 31)",b'& operator <<(bool b)'
rocksdb,../repos/rocksdb/third-party/gtest-1.8.1/fused-src/gtest/gtest.h,"(4162, 12)-(4162, 50)",b'& operator <<(const wchar_t* wide_c_str)'
rocksdb,../repos/rocksdb/third-party/gtest-1.8.1/fused-src/gtest/gtest.h,"(4163, 12)-(4163, 44)",b'& operator <<(wchar_t* wide_c_str)'
rocksdb,../repos/rocksdb/third-party/gtest-1.8.1/fused-src/gtest/gtest.h,"(4168, 12)-(4168, 51)",b'& operator <<(const ::std::wstring& wstr)'
rocksdb,../repos/rocksdb/third-party/gtest-1.8.1/fused-src/gtest/gtest.h,"(4174, 12)-(4174, 46)",b'& operator <<(const ::wstring& wstr)'
rocksdb,../repos/rocksdb/third-party/gtest-1.8.1/fused-src/gtest/gtest.h,"(4212, 8)-(4212, 33)",b'void operator=(const Message&);'
rocksdb,../repos/rocksdb/third-party/gtest-1.8.1/fused-src/gtest/gtest.h,"(4216, 22)-(4216, 70)","b'& operator <<(std::ostream& os, const Message& sb)'"
rocksdb,../repos/rocksdb/third-party/gtest-1.8.1/fused-src/gtest/gtest.h,"(4472, 13)-(4472, 43)",b'& operator=(const FilePath& rhs)'
rocksdb,../repos/rocksdb/third-party/gtest-1.8.1/fused-src/gtest/gtest.h,"(9051, 8)-(9051, 48)",b'bool operator==(const NativeArray& rhs) const...'
rocksdb,../repos/rocksdb/third-party/gtest-1.8.1/fused-src/gtest/gtest.h,"(9695, 8)-(9695, 41)",b'bool operator()(int exit_status) const;'
rocksdb,../repos/rocksdb/third-party/gtest-1.8.1/fused-src/gtest/gtest.h,"(9710, 8)-(9710, 41)",b'bool operator()(int exit_status) const;'
rocksdb,../repos/rocksdb/third-party/gtest-1.8.1/fused-src/gtest/gtest.h,"(10236, 37)-(10236, 72)",b'& operator=(linked_ptr<U> const& ptr)'
rocksdb,../repos/rocksdb/third-party/gtest-1.8.1/fused-src/gtest/gtest.h,"(10242, 15)-(10242, 47)",b'& operator=(linked_ptr const& ptr)'
rocksdb,../repos/rocksdb/third-party/gtest-1.8.1/fused-src/gtest/gtest.h,"(10256, 6)-(10256, 24)",b'* operator->() const'
rocksdb,../repos/rocksdb/third-party/gtest-1.8.1/fused-src/gtest/gtest.h,"(10257, 6)-(10257, 23)",b'& operator*() const'
rocksdb,../repos/rocksdb/third-party/gtest-1.8.1/fused-src/gtest/gtest.h,"(10259, 8)-(10259, 30)",b'bool operator==(T* p) const { return value_ =...'
rocksdb,../repos/rocksdb/third-party/gtest-1.8.1/fused-src/gtest/gtest.h,"(10260, 8)-(10260, 30)",b'bool operator!=(T* p) const { return value_ !...'
rocksdb,../repos/rocksdb/third-party/gtest-1.8.1/fused-src/gtest/gtest.h,"(10262, 8)-(10262, 50)",b'bool operator==(linked_ptr<U> const& ptr) con...'
rocksdb,../repos/rocksdb/third-party/gtest-1.8.1/fused-src/gtest/gtest.h,"(10266, 8)-(10266, 50)",b'bool operator!=(linked_ptr<U> const& ptr) con...'
rocksdb,../repos/rocksdb/third-party/gtest-1.8.1/fused-src/gtest/gtest.h,"(10296, 6)-(10296, 48)","b'inline\nbool operator==(T* ptr, const linked_p...'"
rocksdb,../repos/rocksdb/third-party/gtest-1.8.1/fused-src/gtest/gtest.h,"(10301, 6)-(10301, 48)","b'inline\nbool operator!=(T* ptr, const linked_p...'"
rocksdb,../repos/rocksdb/third-party/gtest-1.8.1/fused-src/gtest/gtest.h,"(10546, 41)-(10547, 60)","b'& operator<<(\n    ::std::basic_ostream<Char, ...'"
rocksdb,../repos/rocksdb/third-party/gtest-1.8.1/fused-src/gtest/gtest.h,"(11120, 10)-(11120, 38)",b'void operator()(const U& u) const {\n      *os...'
rocksdb,../repos/rocksdb/third-party/gtest-1.8.1/fused-src/gtest/gtest.h,"(11481, 15)-(11481, 69)",b'std::string operator()(const TestParamInfo<Pa...'
rocksdb,../repos/rocksdb/third-party/gtest-1.8.1/fused-src/gtest/gtest.h,"(11541, 18)-(11541, 55)",b'& operator=(const ParamIterator& other)'
rocksdb,../repos/rocksdb/third-party/gtest-1.8.1/fused-src/gtest/gtest.h,"(11547, 12)-(11547, 29)",b'& operator*() const'
rocksdb,../repos/rocksdb/third-party/gtest-1.8.1/fused-src/gtest/gtest.h,"(11548, 12)-(11548, 30)",b'* operator->() const'
rocksdb,../repos/rocksdb/third-party/gtest-1.8.1/fused-src/gtest/gtest.h,"(11550, 18)-(11550, 30)",b'& operator++()'
rocksdb,../repos/rocksdb/third-party/gtest-1.8.1/fused-src/gtest/gtest.h,"(11555, 17)-(11555, 43)",b'ParamIterator operator++(int /*unused*/) {\n  ...'
rocksdb,../repos/rocksdb/third-party/gtest-1.8.1/fused-src/gtest/gtest.h,"(11560, 8)-(11560, 52)",b'bool operator==(const ParamIterator& other) c...'
rocksdb,../repos/rocksdb/third-party/gtest-1.8.1/fused-src/gtest/gtest.h,"(11563, 8)-(11563, 52)",b'bool operator!=(const ParamIterator& other) c...'
rocksdb,../repos/rocksdb/third-party/gtest-1.8.1/fused-src/gtest/gtest.h,"(11600, 19)-(11600, 57)",b'& operator=(const ParamGenerator& other)'
rocksdb,../repos/rocksdb/third-party/gtest-1.8.1/fused-src/gtest/gtest.h,"(11668, 10)-(11668, 42)",b'void operator=(const Iterator& other);'
rocksdb,../repos/rocksdb/third-party/gtest-1.8.1/fused-src/gtest/gtest.h,"(11686, 8)-(11686, 46)",b'void operator=(const RangeGenerator& other);'
rocksdb,../repos/rocksdb/third-party/gtest-1.8.1/fused-src/gtest/gtest.h,"(11777, 8)-(11777, 62)",b'void operator=(const ValuesInIteratorRangeGen...'
rocksdb,../repos/rocksdb/third-party/gtest-1.8.1/fused-src/gtest/gtest.h,"(12223, 8)-(12223, 43)",b'void operator=(const ValueArray1& other);'
rocksdb,../repos/rocksdb/third-party/gtest-1.8.1/fused-src/gtest/gtest.h,"(12243, 8)-(12243, 43)",b'void operator=(const ValueArray2& other);'
rocksdb,../repos/rocksdb/third-party/gtest-1.8.1/fused-src/gtest/gtest.h,"(12266, 8)-(12266, 43)",b'void operator=(const ValueArray3& other);'
rocksdb,../repos/rocksdb/third-party/gtest-1.8.1/fused-src/gtest/gtest.h,"(12291, 8)-(12291, 43)",b'void operator=(const ValueArray4& other);'
rocksdb,../repos/rocksdb/third-party/gtest-1.8.1/fused-src/gtest/gtest.h,"(12317, 8)-(12317, 43)",b'void operator=(const ValueArray5& other);'
rocksdb,../repos/rocksdb/third-party/gtest-1.8.1/fused-src/gtest/gtest.h,"(12346, 8)-(12346, 43)",b'void operator=(const ValueArray6& other);'
rocksdb,../repos/rocksdb/third-party/gtest-1.8.1/fused-src/gtest/gtest.h,"(12377, 8)-(12377, 43)",b'void operator=(const ValueArray7& other);'
rocksdb,../repos/rocksdb/third-party/gtest-1.8.1/fused-src/gtest/gtest.h,"(12410, 8)-(12410, 43)",b'void operator=(const ValueArray8& other);'
rocksdb,../repos/rocksdb/third-party/gtest-1.8.1/fused-src/gtest/gtest.h,"(12445, 8)-(12445, 43)",b'void operator=(const ValueArray9& other);'
rocksdb,../repos/rocksdb/third-party/gtest-1.8.1/fused-src/gtest/gtest.h,"(12481, 8)-(12481, 44)",b'void operator=(const ValueArray10& other);'
rocksdb,../repos/rocksdb/third-party/gtest-1.8.1/fused-src/gtest/gtest.h,"(12520, 8)-(12520, 44)",b'void operator=(const ValueArray11& other);'
rocksdb,../repos/rocksdb/third-party/gtest-1.8.1/fused-src/gtest/gtest.h,"(12561, 8)-(12561, 44)",b'void operator=(const ValueArray12& other);'
rocksdb,../repos/rocksdb/third-party/gtest-1.8.1/fused-src/gtest/gtest.h,"(12604, 8)-(12604, 44)",b'void operator=(const ValueArray13& other);'
rocksdb,../repos/rocksdb/third-party/gtest-1.8.1/fused-src/gtest/gtest.h,"(12648, 8)-(12648, 44)",b'void operator=(const ValueArray14& other);'
rocksdb,../repos/rocksdb/third-party/gtest-1.8.1/fused-src/gtest/gtest.h,"(12695, 8)-(12695, 44)",b'void operator=(const ValueArray15& other);'
rocksdb,../repos/rocksdb/third-party/gtest-1.8.1/fused-src/gtest/gtest.h,"(12745, 8)-(12745, 44)",b'void operator=(const ValueArray16& other);'
rocksdb,../repos/rocksdb/third-party/gtest-1.8.1/fused-src/gtest/gtest.h,"(12796, 8)-(12796, 44)",b'void operator=(const ValueArray17& other);'
rocksdb,../repos/rocksdb/third-party/gtest-1.8.1/fused-src/gtest/gtest.h,"(12849, 8)-(12849, 44)",b'void operator=(const ValueArray18& other);'
rocksdb,../repos/rocksdb/third-party/gtest-1.8.1/fused-src/gtest/gtest.h,"(12904, 8)-(12904, 44)",b'void operator=(const ValueArray19& other);'
rocksdb,../repos/rocksdb/third-party/gtest-1.8.1/fused-src/gtest/gtest.h,"(12961, 8)-(12961, 44)",b'void operator=(const ValueArray20& other);'
rocksdb,../repos/rocksdb/third-party/gtest-1.8.1/fused-src/gtest/gtest.h,"(13021, 8)-(13021, 44)",b'void operator=(const ValueArray21& other);'
rocksdb,../repos/rocksdb/third-party/gtest-1.8.1/fused-src/gtest/gtest.h,"(13082, 8)-(13082, 44)",b'void operator=(const ValueArray22& other);'
rocksdb,../repos/rocksdb/third-party/gtest-1.8.1/fused-src/gtest/gtest.h,"(13146, 8)-(13146, 44)",b'void operator=(const ValueArray23& other);'
rocksdb,../repos/rocksdb/third-party/gtest-1.8.1/fused-src/gtest/gtest.h,"(13212, 8)-(13212, 44)",b'void operator=(const ValueArray24& other);'
rocksdb,../repos/rocksdb/third-party/gtest-1.8.1/fused-src/gtest/gtest.h,"(13279, 8)-(13279, 44)",b'void operator=(const ValueArray25& other);'
rocksdb,../repos/rocksdb/third-party/gtest-1.8.1/fused-src/gtest/gtest.h,"(13348, 8)-(13348, 44)",b'void operator=(const ValueArray26& other);'
rocksdb,../repos/rocksdb/third-party/gtest-1.8.1/fused-src/gtest/gtest.h,"(13421, 8)-(13421, 44)",b'void operator=(const ValueArray27& other);'
rocksdb,../repos/rocksdb/third-party/gtest-1.8.1/fused-src/gtest/gtest.h,"(13495, 8)-(13495, 44)",b'void operator=(const ValueArray28& other);'
rocksdb,../repos/rocksdb/third-party/gtest-1.8.1/fused-src/gtest/gtest.h,"(13570, 8)-(13570, 44)",b'void operator=(const ValueArray29& other);'
rocksdb,../repos/rocksdb/third-party/gtest-1.8.1/fused-src/gtest/gtest.h,"(13648, 8)-(13648, 44)",b'void operator=(const ValueArray30& other);'
rocksdb,../repos/rocksdb/third-party/gtest-1.8.1/fused-src/gtest/gtest.h,"(13729, 8)-(13729, 44)",b'void operator=(const ValueArray31& other);'
rocksdb,../repos/rocksdb/third-party/gtest-1.8.1/fused-src/gtest/gtest.h,"(13811, 8)-(13811, 44)",b'void operator=(const ValueArray32& other);'
rocksdb,../repos/rocksdb/third-party/gtest-1.8.1/fused-src/gtest/gtest.h,"(13896, 8)-(13896, 44)",b'void operator=(const ValueArray33& other);'
rocksdb,../repos/rocksdb/third-party/gtest-1.8.1/fused-src/gtest/gtest.h,"(13982, 8)-(13982, 44)",b'void operator=(const ValueArray34& other);'
rocksdb,../repos/rocksdb/third-party/gtest-1.8.1/fused-src/gtest/gtest.h,"(14070, 8)-(14070, 44)",b'void operator=(const ValueArray35& other);'
rocksdb,../repos/rocksdb/third-party/gtest-1.8.1/fused-src/gtest/gtest.h,"(14161, 8)-(14161, 44)",b'void operator=(const ValueArray36& other);'
rocksdb,../repos/rocksdb/third-party/gtest-1.8.1/fused-src/gtest/gtest.h,"(14254, 8)-(14254, 44)",b'void operator=(const ValueArray37& other);'
rocksdb,../repos/rocksdb/third-party/gtest-1.8.1/fused-src/gtest/gtest.h,"(14348, 8)-(14348, 44)",b'void operator=(const ValueArray38& other);'
rocksdb,../repos/rocksdb/third-party/gtest-1.8.1/fused-src/gtest/gtest.h,"(14445, 8)-(14445, 44)",b'void operator=(const ValueArray39& other);'
rocksdb,../repos/rocksdb/third-party/gtest-1.8.1/fused-src/gtest/gtest.h,"(14544, 8)-(14544, 44)",b'void operator=(const ValueArray40& other);'
rocksdb,../repos/rocksdb/third-party/gtest-1.8.1/fused-src/gtest/gtest.h,"(14645, 8)-(14645, 44)",b'void operator=(const ValueArray41& other);'
rocksdb,../repos/rocksdb/third-party/gtest-1.8.1/fused-src/gtest/gtest.h,"(14748, 8)-(14748, 44)",b'void operator=(const ValueArray42& other);'
rocksdb,../repos/rocksdb/third-party/gtest-1.8.1/fused-src/gtest/gtest.h,"(14853, 8)-(14853, 44)",b'void operator=(const ValueArray43& other);'
rocksdb,../repos/rocksdb/third-party/gtest-1.8.1/fused-src/gtest/gtest.h,"(14960, 8)-(14960, 44)",b'void operator=(const ValueArray44& other);'
rocksdb,../repos/rocksdb/third-party/gtest-1.8.1/fused-src/gtest/gtest.h,"(15069, 8)-(15069, 44)",b'void operator=(const ValueArray45& other);'
rocksdb,../repos/rocksdb/third-party/gtest-1.8.1/fused-src/gtest/gtest.h,"(15180, 8)-(15180, 44)",b'void operator=(const ValueArray46& other);'
rocksdb,../repos/rocksdb/third-party/gtest-1.8.1/fused-src/gtest/gtest.h,"(15294, 8)-(15294, 44)",b'void operator=(const ValueArray47& other);'
rocksdb,../repos/rocksdb/third-party/gtest-1.8.1/fused-src/gtest/gtest.h,"(15410, 8)-(15410, 44)",b'void operator=(const ValueArray48& other);'
rocksdb,../repos/rocksdb/third-party/gtest-1.8.1/fused-src/gtest/gtest.h,"(15527, 8)-(15527, 44)",b'void operator=(const ValueArray49& other);'
rocksdb,../repos/rocksdb/third-party/gtest-1.8.1/fused-src/gtest/gtest.h,"(15645, 8)-(15645, 44)",b'void operator=(const ValueArray50& other);'
rocksdb,../repos/rocksdb/third-party/gtest-1.8.1/fused-src/gtest/gtest.h,"(15798, 10)-(15798, 42)",b'void operator=(const Iterator& other);'
rocksdb,../repos/rocksdb/third-party/gtest-1.8.1/fused-src/gtest/gtest.h,"(15813, 8)-(15813, 58)",b'void operator=(const CartesianProductGenerato...'
rocksdb,../repos/rocksdb/third-party/gtest-1.8.1/fused-src/gtest/gtest.h,"(15926, 10)-(15926, 42)",b'void operator=(const Iterator& other);'
rocksdb,../repos/rocksdb/third-party/gtest-1.8.1/fused-src/gtest/gtest.h,"(15944, 8)-(15944, 58)",b'void operator=(const CartesianProductGenerato...'
rocksdb,../repos/rocksdb/third-party/gtest-1.8.1/fused-src/gtest/gtest.h,"(16073, 10)-(16073, 42)",b'void operator=(const Iterator& other);'
rocksdb,../repos/rocksdb/third-party/gtest-1.8.1/fused-src/gtest/gtest.h,"(16094, 8)-(16094, 58)",b'void operator=(const CartesianProductGenerato...'
rocksdb,../repos/rocksdb/third-party/gtest-1.8.1/fused-src/gtest/gtest.h,"(16236, 10)-(16236, 42)",b'void operator=(const Iterator& other);'
rocksdb,../repos/rocksdb/third-party/gtest-1.8.1/fused-src/gtest/gtest.h,"(16260, 8)-(16260, 58)",b'void operator=(const CartesianProductGenerato...'
rocksdb,../repos/rocksdb/third-party/gtest-1.8.1/fused-src/gtest/gtest.h,"(16418, 10)-(16418, 42)",b'void operator=(const Iterator& other);'
rocksdb,../repos/rocksdb/third-party/gtest-1.8.1/fused-src/gtest/gtest.h,"(16445, 8)-(16445, 58)",b'void operator=(const CartesianProductGenerato...'
rocksdb,../repos/rocksdb/third-party/gtest-1.8.1/fused-src/gtest/gtest.h,"(16617, 10)-(16617, 42)",b'void operator=(const Iterator& other);'
rocksdb,../repos/rocksdb/third-party/gtest-1.8.1/fused-src/gtest/gtest.h,"(16647, 8)-(16647, 58)",b'void operator=(const CartesianProductGenerato...'
rocksdb,../repos/rocksdb/third-party/gtest-1.8.1/fused-src/gtest/gtest.h,"(16835, 10)-(16835, 42)",b'void operator=(const Iterator& other);'
rocksdb,../repos/rocksdb/third-party/gtest-1.8.1/fused-src/gtest/gtest.h,"(16868, 8)-(16868, 58)",b'void operator=(const CartesianProductGenerato...'
rocksdb,../repos/rocksdb/third-party/gtest-1.8.1/fused-src/gtest/gtest.h,"(17070, 10)-(17070, 42)",b'void operator=(const Iterator& other);'
rocksdb,../repos/rocksdb/third-party/gtest-1.8.1/fused-src/gtest/gtest.h,"(17106, 8)-(17106, 58)",b'void operator=(const CartesianProductGenerato...'
rocksdb,../repos/rocksdb/third-party/gtest-1.8.1/fused-src/gtest/gtest.h,"(17322, 10)-(17322, 42)",b'void operator=(const Iterator& other);'
rocksdb,../repos/rocksdb/third-party/gtest-1.8.1/fused-src/gtest/gtest.h,"(17361, 8)-(17361, 59)",b'void operator=(const CartesianProductGenerato...'
rocksdb,../repos/rocksdb/third-party/gtest-1.8.1/fused-src/gtest/gtest.h,"(17397, 8)-(17397, 55)",b'void operator=(const CartesianProductHolder2&...'
rocksdb,../repos/rocksdb/third-party/gtest-1.8.1/fused-src/gtest/gtest.h,"(17420, 8)-(17420, 55)",b'void operator=(const CartesianProductHolder3&...'
rocksdb,../repos/rocksdb/third-party/gtest-1.8.1/fused-src/gtest/gtest.h,"(17446, 8)-(17446, 55)",b'void operator=(const CartesianProductHolder4&...'
rocksdb,../repos/rocksdb/third-party/gtest-1.8.1/fused-src/gtest/gtest.h,"(17474, 8)-(17474, 55)",b'void operator=(const CartesianProductHolder5&...'
rocksdb,../repos/rocksdb/third-party/gtest-1.8.1/fused-src/gtest/gtest.h,"(17506, 8)-(17506, 55)",b'void operator=(const CartesianProductHolder6&...'
rocksdb,../repos/rocksdb/third-party/gtest-1.8.1/fused-src/gtest/gtest.h,"(17541, 8)-(17541, 55)",b'void operator=(const CartesianProductHolder7&...'
rocksdb,../repos/rocksdb/third-party/gtest-1.8.1/fused-src/gtest/gtest.h,"(17580, 8)-(17580, 55)",b'void operator=(const CartesianProductHolder8&...'
rocksdb,../repos/rocksdb/third-party/gtest-1.8.1/fused-src/gtest/gtest.h,"(17623, 8)-(17623, 55)",b'void operator=(const CartesianProductHolder9&...'
rocksdb,../repos/rocksdb/third-party/gtest-1.8.1/fused-src/gtest/gtest.h,"(17669, 8)-(17669, 56)",b'void operator=(const CartesianProductHolder10...'
rocksdb,../repos/rocksdb/third-party/gtest-1.8.1/fused-src/gtest/gtest.h,"(19114, 15)-(19114, 73)","b'& operator<<(std::ostream& os, const TestPart...'"
rocksdb,../repos/rocksdb/third-party/gtest-1.8.1/fused-src/gtest/gtest.h,"(19723, 20)-(19723, 52)",b'& operator=(AssertionResult other)'
rocksdb,../repos/rocksdb/third-party/gtest-1.8.1/fused-src/gtest/gtest.h,"(19732, 19)-(19732, 36)",b'AssertionResult operator!() const;'
rocksdb,../repos/rocksdb/third-party/gtest-1.8.1/fused-src/gtest/gtest.h,"(19746, 42)-(19746, 68)",b'& operator<<(const T& value)'
rocksdb,../repos/rocksdb/third-party/gtest-1.8.1/fused-src/gtest/gtest.h,"(19753, 20)-(19754, 68)",b'& operator<<(\n      ::std::ostream& (*basic_m...'
rocksdb,../repos/rocksdb/third-party/gtest-1.8.1/fused-src/gtest/gtest.h,"(21499, 8)-(21499, 47)",b'void operator=(const Message& message) const;'
rocksdb,../repos/rocksdb/third-party/gtest-1.8.1/fused-src/gtest/gtest-all.cc,"(755, 8)-(755, 59)",b'bool operator()(const TestProperty& test_prop...'
rocksdb,../repos/rocksdb/third-party/gtest-1.8.1/fused-src/gtest/gtest-all.cc,"(4097, 8)-(4097, 52)",b'bool operator()(const TestInfo * test_info) c...'
rocksdb,../repos/rocksdb/third-party/gtest-1.8.1/fused-src/gtest/gtest-all.cc,"(6471, 8)-(6471, 51)",b'bool operator()(const TestCase* test_case) co...'
rocksdb,../repos/rocksdb/third-party/gtest-1.8.1/fused-src/gtest/gtest-all.cc,"(11226, 15)-(11226, 73)","b'& operator<<(std::ostream& os, const TestPart...'"
rocksdb,../repos/rocksdb/include/rocksdb/transaction_log.h,"(70, 16)-(70, 45)",b'& operator=(const BatchResult&)'
rocksdb,../repos/rocksdb/include/rocksdb/transaction_log.h,"(76, 16)-(76, 48)",b'& operator=(BatchResult&& bResult)'
rocksdb,../repos/rocksdb/include/rocksdb/comparator.h,"(52, 15)-(52, 47)",b'& operator=(const Comparator& rhs)'
rocksdb,../repos/rocksdb/include/rocksdb/env.h,"(167, 8)-(167, 29)",b'void operator=(const Env&) = delete;'
rocksdb,../repos/rocksdb/include/rocksdb/env.h,"(884, 8)-(884, 38)",b'void operator=(const WritableFile&) = delete;'
rocksdb,../repos/rocksdb/include/rocksdb/env.h,"(1102, 17)-(1102, 47)",b'& operator=(const RandomRWFile&)'
rocksdb,../repos/rocksdb/include/rocksdb/env.h,"(1161, 27)-(1161, 67)",b'& operator=(const MemoryMappedFileBuffer&)'
rocksdb,../repos/rocksdb/include/rocksdb/env.h,"(1216, 8)-(1216, 32)",b'void operator=(const Logger&) = delete;'
rocksdb,../repos/rocksdb/include/rocksdb/env.h,"(1281, 8)-(1281, 34)",b'void operator=(const FileLock&) = delete;'
rocksdb,../repos/rocksdb/include/rocksdb/write_buffer_manager.h,"(55, 23)-(55, 59)",b'& operator=(const WriteBufferManager&)'
rocksdb,../repos/rocksdb/include/rocksdb/data_structure.h,"(52, 8)-(52, 50)",b'bool operator==(const SmallEnumSet& that) con...'
rocksdb,../repos/rocksdb/include/rocksdb/data_structure.h,"(55, 8)-(55, 50)",b'bool operator!=(const SmallEnumSet& that) con...'
rocksdb,../repos/rocksdb/include/rocksdb/data_structure.h,"(74, 21)-(74, 58)",b'& operator=(const const_iterator& that)'
rocksdb,../repos/rocksdb/include/rocksdb/data_structure.h,"(78, 21)-(78, 62)",b'& operator=(const_iterator&& that) noexcept'
rocksdb,../repos/rocksdb/include/rocksdb/data_structure.h,"(81, 10)-(81, 54)",b'bool operator==(const const_iterator& that) c...'
rocksdb,../repos/rocksdb/include/rocksdb/data_structure.h,"(86, 10)-(86, 54)",b'bool operator!=(const const_iterator& that) c...'
rocksdb,../repos/rocksdb/include/rocksdb/data_structure.h,"(91, 21)-(91, 33)",b'& operator++()'
rocksdb,../repos/rocksdb/include/rocksdb/data_structure.h,"(101, 20)-(101, 35)",b'const_iterator operator++(int) {\n      auto o...'
rocksdb,../repos/rocksdb/include/rocksdb/data_structure.h,"(107, 15)-(107, 32)",b'ENUM_TYPE operator*() const {\n      assert(po...'
rocksdb,../repos/rocksdb/include/rocksdb/perf_context.h,"(281, 16)-(281, 45)",b'& operator=(const PerfContext&)'
rocksdb,../repos/rocksdb/include/rocksdb/db.h,"(359, 8)-(359, 28)",b'void operator=(const DB&) = delete;'
rocksdb,../repos/rocksdb/include/rocksdb/db.h,"(2040, 35)-(2041, 76)",b'inline DB::SizeApproximationFlags operator&(D...'
rocksdb,../repos/rocksdb/include/rocksdb/db.h,"(2045, 35)-(2046, 76)",b'inline DB::SizeApproximationFlags operator|(D...'
rocksdb,../repos/rocksdb/include/rocksdb/table.h,"(118, 8)-(118, 60)",b'bool operator==(const CacheEntryRoleOptions& ...'
rocksdb,../repos/rocksdb/include/rocksdb/advanced_cache.h,"(188, 10)-(188, 33)",b'& operator=(const Cache&)'
rocksdb,../repos/rocksdb/include/rocksdb/advanced_cache.h,"(474, 23)-(474, 58)",b'AsyncLookupHandle operator=(const AsyncLookup...'
rocksdb,../repos/rocksdb/include/rocksdb/advanced_cache.h,"(476, 23)-(476, 53)",b'AsyncLookupHandle operator=(AsyncLookupHandle...'
rocksdb,../repos/rocksdb/include/rocksdb/cleanable.h,"(20, 14)-(20, 35)",b'& operator=(Cleanable&)'
rocksdb,../repos/rocksdb/include/rocksdb/cleanable.h,"(27, 14)-(27, 45)",b'& operator=(Cleanable&&) noexcept'
rocksdb,../repos/rocksdb/include/rocksdb/cleanable.h,"(96, 23)-(96, 64)",b'& operator=(const SharedCleanablePtr& from)'
rocksdb,../repos/rocksdb/include/rocksdb/cleanable.h,"(97, 23)-(97, 68)",b'& operator=(SharedCleanablePtr&& from) noexcept'
rocksdb,../repos/rocksdb/include/rocksdb/cleanable.h,"(106, 14)-(106, 25)",b'& operator*()'
rocksdb,../repos/rocksdb/include/rocksdb/cleanable.h,"(107, 14)-(107, 26)",b'* operator->()'
rocksdb,../repos/rocksdb/include/rocksdb/write_batch.h,"(448, 15)-(448, 47)",b'& operator=(const WriteBatch& src)'
rocksdb,../repos/rocksdb/include/rocksdb/write_batch.h,"(449, 15)-(449, 42)",b'& operator=(WriteBatch&& src)'
rocksdb,../repos/rocksdb/include/rocksdb/status.h,"(58, 11)-(58, 37)",b'& operator=(const Status& s)'
rocksdb,../repos/rocksdb/include/rocksdb/status.h,"(60, 11)-(60, 41)",b'& operator=(Status&& s) noexcept'
rocksdb,../repos/rocksdb/include/rocksdb/status.h,"(61, 8)-(61, 43)",b'bool operator==(const Status& rhs) const;'
rocksdb,../repos/rocksdb/include/rocksdb/status.h,"(62, 8)-(62, 43)",b'bool operator!=(const Status& rhs) const;'
rocksdb,../repos/rocksdb/include/rocksdb/memtablerep.h,"(77, 17)-(78, 62)",b'virtual int operator()(const char* prefix_len...'
rocksdb,../repos/rocksdb/include/rocksdb/memtablerep.h,"(80, 17)-(81, 51)",b'virtual int operator()(const char* prefix_len...'
rocksdb,../repos/rocksdb/include/rocksdb/utilities/ldb_cmd_execute_result.h,"(71, 8)-(71, 50)",b'bool operator==(const LDBCommandExecuteResult&);'
rocksdb,../repos/rocksdb/include/rocksdb/utilities/ldb_cmd_execute_result.h,"(72, 8)-(72, 50)",b'bool operator!=(const LDBCommandExecuteResult&);'
rocksdb,../repos/rocksdb/include/rocksdb/utilities/transaction.h,"(141, 8)-(141, 37)",b'void operator=(const Transaction&) = delete;'
rocksdb,../repos/rocksdb/include/rocksdb/utilities/write_batch_with_index.h,"(104, 24)-(104, 56)",b'& operator=(WriteBatchWithIndex&&)'
rocksdb,../repos/rocksdb/include/rocksdb/utilities/optimistic_transaction_db.h,"(122, 8)-(122, 49)",b'void operator=(const OptimisticTransactionDB&...'
rocksdb,../repos/rocksdb/include/rocksdb/utilities/sim_cache.h,"(90, 13)-(90, 39)",b'& operator=(const SimCache&)'
rocksdb,../repos/rocksdb/include/rocksdb/utilities/backup_engine.h,"(256, 46)-(258, 47)",b'inline BackupEngineOptions::ShareFilesNaming ...'
rocksdb,../repos/rocksdb/include/rocksdb/utilities/backup_engine.h,"(266, 46)-(268, 47)",b'inline BackupEngineOptions::ShareFilesNaming ...'
rocksdb,../repos/rocksdb/include/rocksdb/utilities/options_type.h,"(115, 24)-(116, 59)",b'inline OptionTypeFlags operator|(const Option...'
rocksdb,../repos/rocksdb/include/rocksdb/utilities/options_type.h,"(121, 24)-(122, 59)",b'inline OptionTypeFlags operator&(const Option...'
rocksdb,../repos/rocksdb/include/rocksdb/utilities/transaction_db.h,"(502, 8)-(502, 39)",b'void operator=(const TransactionDB&) = delete;'
rocksdb,../repos/rocksdb/include/rocksdb/iterator.h,"(35, 8)-(35, 34)",b'void operator=(const Iterator&) = delete;'
rocksdb,../repos/rocksdb/include/rocksdb/io_status.h,"(46, 13)-(46, 41)",b'& operator=(const IOStatus& s)'
rocksdb,../repos/rocksdb/include/rocksdb/io_status.h,"(48, 13)-(48, 45)",b'& operator=(IOStatus&& s) noexcept'
rocksdb,../repos/rocksdb/include/rocksdb/io_status.h,"(49, 8)-(49, 45)",b'bool operator==(const IOStatus& rhs) const;'
rocksdb,../repos/rocksdb/include/rocksdb/io_status.h,"(50, 8)-(50, 45)",b'bool operator!=(const IOStatus& rhs) const;'
rocksdb,../repos/rocksdb/include/rocksdb/wide_columns.h,"(68, 13)-(68, 69)","b'inline bool operator==(const WideColumn& lhs,...'"
rocksdb,../repos/rocksdb/include/rocksdb/wide_columns.h,"(72, 13)-(72, 69)","b'inline bool operator!=(const WideColumn& lhs,...'"
rocksdb,../repos/rocksdb/include/rocksdb/wide_columns.h,"(76, 22)-(76, 76)","b'& operator<<(std::ostream& os, const WideColu...'"
rocksdb,../repos/rocksdb/include/rocksdb/wide_columns.h,"(213, 13)-(214, 55)",b'inline bool operator==(const PinnableWideColu...'
rocksdb,../repos/rocksdb/include/rocksdb/wide_columns.h,"(218, 13)-(219, 55)",b'inline bool operator!=(const PinnableWideColu...'
rocksdb,../repos/rocksdb/include/rocksdb/file_system.h,"(189, 16)-(189, 45)",b'& operator=(const FileOptions&)'
rocksdb,../repos/rocksdb/include/rocksdb/file_system.h,"(703, 8)-(703, 36)",b'void operator=(const FileSystem&);'
rocksdb,../repos/rocksdb/include/rocksdb/file_system.h,"(1238, 8)-(1238, 40)",b'void operator=(const FSWritableFile&);'
rocksdb,../repos/rocksdb/include/rocksdb/file_system.h,"(1308, 19)-(1308, 49)",b'& operator=(const RandomRWFile&)'
rocksdb,../repos/rocksdb/include/rocksdb/file_system.h,"(1323, 29)-(1323, 71)",b'& operator=(const FSMemoryMappedFileBuffer&)'
rocksdb,../repos/rocksdb/include/rocksdb/slice.h,"(67, 8)-(67, 34)",b'char operator[](size_t n) const {\n    assert(...'
rocksdb,../repos/rocksdb/include/rocksdb/slice.h,"(144, 18)-(144, 50)",b'& operator=(PinnableSlice&& other)'
rocksdb,../repos/rocksdb/include/rocksdb/slice.h,"(148, 18)-(148, 43)",b'& operator=(PinnableSlice&)'
rocksdb,../repos/rocksdb/include/rocksdb/slice.h,"(235, 13)-(235, 55)","b'inline bool operator==(const Slice& x, const ...'"
rocksdb,../repos/rocksdb/include/rocksdb/slice.h,"(240, 13)-(240, 55)","b'inline bool operator!=(const Slice& x, const ...'"
rocksdb,../repos/rocksdb/port/mmap.h,"(45, 15)-(45, 43)",b'& operator=(const MemMapping&)'
rocksdb,../repos/rocksdb/port/mmap.h,"(48, 15)-(48, 47)",b'& operator=(MemMapping&&) noexcept'
rocksdb,../repos/rocksdb/port/mmap.h,"(79, 20)-(79, 54)",b'& operator=(MemMapping&& v) noexcept'
rocksdb,../repos/rocksdb/port/mmap.h,"(87, 13)-(87, 43)",b'& operator[](size_t index) const'
rocksdb,../repos/rocksdb/port/port_posix.h,"(103, 8)-(103, 31)",b'void operator=(const Mutex&) = delete;'
rocksdb,../repos/rocksdb/port/port_posix.h,"(134, 8)-(134, 33)",b'void operator=(const RWMutex&) = delete;'
rocksdb,../repos/rocksdb/port/win/port_win.h,"(133, 8)-(133, 31)",b'void operator=(const Mutex&) = delete;'
rocksdb,../repos/rocksdb/port/win/port_win.h,"(151, 8)-(151, 33)",b'void operator=(const RWMutex&) = delete;'
rocksdb,../repos/rocksdb/port/win/port_win.h,"(183, 12)-(183, 37)",b'& operator=(const CondVar&)'
rocksdb,../repos/rocksdb/port/win/port_win.h,"(186, 12)-(186, 32)",b'& operator=(CondVar&&)'
rocksdb,../repos/rocksdb/port/win/port_win.h,"(210, 13)-(210, 39)",b'& operator=(const OnceType&)'
rocksdb,../repos/rocksdb/port/win/win_thread.h,"(87, 18)-(87, 49)",b'& operator=(const WindowsThread&)'
rocksdb,../repos/rocksdb/port/win/win_thread.h,"(91, 18)-(91, 53)",b'& operator=(WindowsThread&&) noexcept'
rocksdb,../repos/rocksdb/port/win/port_win.cc,"(149, 8)-(149, 29)",b'& operator=(const DIR&)'
rocksdb,../repos/rocksdb/port/win/win_thread.cc,"(37, 9)-(37, 31)",b'& operator=(const Data&)'
rocksdb,../repos/rocksdb/port/win/io_win.h,"(100, 16)-(100, 45)",b'& operator=(const WinFileData&)'
rocksdb,../repos/rocksdb/port/win/io_win.h,"(116, 22)-(116, 57)",b'& operator=(const WinSequentialFile&)'
rocksdb,../repos/rocksdb/port/win/io_win.h,"(148, 24)-(148, 61)",b'& operator=(const WinMmapReadableFile&)'
rocksdb,../repos/rocksdb/port/win/io_win.h,"(207, 16)-(207, 45)",b'& operator=(const WinMmapFile&)'
rocksdb,../repos/rocksdb/port/win/io_win.h,"(271, 24)-(271, 61)",b'& operator=(const WinRandomAccessImpl&)'
rocksdb,../repos/rocksdb/port/win/io_win.h,"(355, 20)-(355, 53)",b'& operator=(const WinWritableImpl&)'
rocksdb,../repos/rocksdb/port/win/win_jemalloc.cc,"(52, 7)-(52, 32)",b'* operator new(size_t size)'
rocksdb,../repos/rocksdb/port/win/win_jemalloc.cc,"(60, 7)-(60, 34)",b'* operator new[](size_t size)'
rocksdb,../repos/rocksdb/port/win/win_jemalloc.cc,"(68, 6)-(68, 30)",b'void operator delete(void* p) {\n  if (p) {\n  ...'
rocksdb,../repos/rocksdb/port/win/win_jemalloc.cc,"(74, 6)-(74, 32)",b'void operator delete[](void* p) {\n  if (p) {\n...'
rocksdb,../repos/rocksdb/port/win/env_win.h,"(47, 18)-(47, 49)",b'& operator=(const WinEnvThreads&)'
rocksdb,../repos/rocksdb/port/win/win_logger.h,"(36, 14)-(36, 41)",b'& operator=(const WinLogger&)'
rocksdb,../repos/rocksdb/logging/event_logger.h,"(105, 15)-(105, 42)",b'& operator<<(const char* val)'
rocksdb,../repos/rocksdb/logging/event_logger.h,"(114, 15)-(114, 49)",b'& operator<<(const std::string& val)'
rocksdb,../repos/rocksdb/logging/event_logger.h,"(119, 15)-(119, 39)",b'& operator<<(const T& val)'
rocksdb,../repos/rocksdb/logging/event_logger.h,"(141, 22)-(141, 46)",b'& operator<<(const T& val)'
rocksdb,../repos/rocksdb/db/range_del_aggregator_bench.cc,"(70, 15)-(70, 59)","b'& operator<<(std::ostream& os, const Stats& s)'"
rocksdb,../repos/rocksdb/db/range_del_aggregator_bench.cc,"(122, 29)-(122, 73)",b'& operator=(const PersistentRangeTombstone& t)'
rocksdb,../repos/rocksdb/db/range_del_aggregator_bench.cc,"(132, 29)-(132, 68)",b'& operator=(PersistentRangeTombstone&& t)'
rocksdb,../repos/rocksdb/db/range_del_aggregator_bench.cc,"(144, 8)-(144, 74)","b'bool operator()(const RangeTombstone& a, cons...'"
rocksdb,../repos/rocksdb/db/lookup_key.h,"(61, 8)-(61, 35)",b'void operator=(const LookupKey&);'
rocksdb,../repos/rocksdb/db/range_del_aggregator.h,"(109, 8)-(110, 60)",b'bool operator()(const TruncatedRangeDelIterat...'
rocksdb,../repos/rocksdb/db/range_del_aggregator.h,"(118, 8)-(119, 60)",b'bool operator()(const TruncatedRangeDelIterat...'
rocksdb,../repos/rocksdb/db/range_del_aggregator.h,"(150, 10)-(151, 65)",b'bool operator()(const ActiveSeqSet::const_ite...'
rocksdb,../repos/rocksdb/db/range_del_aggregator.h,"(227, 10)-(228, 62)",b'bool operator()(const TruncatedRangeDelIterat...'
rocksdb,../repos/rocksdb/db/range_del_aggregator.h,"(237, 10)-(238, 65)",b'bool operator()(const ActiveSeqSet::const_ite...'
rocksdb,../repos/rocksdb/db/periodic_task_scheduler.h,"(42, 26)-(42, 65)",b'& operator=(const PeriodicTaskScheduler&)'
rocksdb,../repos/rocksdb/db/periodic_task_scheduler.h,"(43, 26)-(43, 60)",b'& operator=(PeriodicTaskScheduler&&)'
rocksdb,../repos/rocksdb/db/db_impl/db_impl.h,"(181, 8)-(181, 32)",b'void operator=(const DBImpl&) = delete;'
rocksdb,../repos/rocksdb/db/db_impl/db_impl_secondary.h,"(284, 8)-(284, 41)",b'void operator=(const DBImplSecondary&);'
rocksdb,../repos/rocksdb/db/db_impl/db_impl.cc,"(3084, 15)-(3084, 71)","b'inline bool operator()(const KeyContext* lhs,...'"
rocksdb,../repos/rocksdb/db/db_impl/db_impl_readonly.h,"(22, 8)-(22, 40)",b'void operator=(const DBImplReadOnly&) = delete;'
rocksdb,../repos/rocksdb/db/db_impl/compacted_db_impl.h,"(20, 8)-(20, 41)",b'void operator=(const CompactedDBImpl&) = delete;'
rocksdb,../repos/rocksdb/db/write_batch_internal.h,"(395, 21)-(395, 55)",b'& operator=(const TimestampUpdater&)'
rocksdb,../repos/rocksdb/db/write_batch_internal.h,"(396, 21)-(396, 50)",b'& operator=(TimestampUpdater&&)'
rocksdb,../repos/rocksdb/db/memtable.h,"(93, 17)-(94, 71)",b'virtual int operator()(const char* prefix_len...'
rocksdb,../repos/rocksdb/db/memtable.h,"(95, 17)-(96, 66)",b'virtual int operator()(const char* prefix_len...'
rocksdb,../repos/rocksdb/db/memtable.h,"(115, 13)-(115, 39)",b'& operator=(const MemTable&)'
rocksdb,../repos/rocksdb/db/prefix_test.cc,"(134, 8)-(134, 60)","b'bool operator()(const TestKey& a, const TestK...'"
rocksdb,../repos/rocksdb/db/job_context.h,"(50, 8)-(50, 51)",b'void operator=(const SuperVersionContext& oth...'
rocksdb,../repos/rocksdb/db/job_context.h,"(141, 10)-(141, 58)",b'bool operator==(const CandidateFileInfo& othe...'
rocksdb,../repos/rocksdb/db/db_iter.h,"(126, 8)-(126, 32)",b'void operator=(const DBIter&) = delete;'
rocksdb,../repos/rocksdb/db/db_kv_checksum_test.cc,"(23, 18)-(23, 64)",b'WriteBatchOpType operator+(WriteBatchOpType l...'
rocksdb,../repos/rocksdb/db/db_kv_checksum_test.cc,"(42, 11)-(42, 50)","b'WriteMode operator+(WriteMode lhs, const int ...'"
rocksdb,../repos/rocksdb/db/column_family.h,"(678, 15)-(678, 27)",b'& operator++()'
rocksdb,../repos/rocksdb/db/column_family.h,"(682, 10)-(682, 49)",b'bool operator!=(const iterator& other) const ...'
rocksdb,../repos/rocksdb/db/column_family.h,"(685, 23)-(685, 34)",b'* operator*()'
rocksdb,../repos/rocksdb/db/column_family.h,"(808, 22)-(808, 34)",b'& operator++()'
rocksdb,../repos/rocksdb/db/column_family.h,"(816, 17)-(816, 56)",b'inline bool operator!=(const iterator& other)...'
rocksdb,../repos/rocksdb/db/column_family.h,"(819, 30)-(819, 41)",b'* operator*()'
rocksdb,../repos/rocksdb/db/compaction/compaction_outputs.h,"(387, 36)-(387, 53)",b'& operator*() const'
rocksdb,../repos/rocksdb/db/compaction/compaction_outputs.h,"(391, 19)-(391, 31)",b'& operator++()'
rocksdb,../repos/rocksdb/db/compaction/compaction_outputs.h,"(401, 8)-(401, 55)",b'bool operator!=(const OutputIterator& /*rhs*/...'
rocksdb,../repos/rocksdb/db/compaction/compaction.h,"(72, 24)-(72, 50)",b'* operator[](size_t i) const'
rocksdb,../repos/rocksdb/db/compaction/compaction.h,"(112, 8)-(112, 36)",b'void operator=(const Compaction&) = delete;'
rocksdb,../repos/rocksdb/db/compaction/subcompaction_state.h,"(123, 23)-(123, 59)",b'& operator=(const SubcompactionState&)'
rocksdb,../repos/rocksdb/db/compaction/compaction_picker_universal.cc,"(266, 8)-(266, 60)","b'bool operator()(InputFileInfo i1, InputFileIn...'"
rocksdb,../repos/rocksdb/db/compaction/compaction_iterator_test.cc,"(106, 10)-(106, 45)",b'bool operator==(const Action& rhs) const {\n  ...'
rocksdb,../repos/rocksdb/db/compaction/compaction_job.h,"(176, 18)-(176, 53)",b'& operator=(const CompactionJob& job)'
rocksdb,../repos/rocksdb/db/write_batch.cc,"(1939, 21)-(1939, 55)",b'& operator=(const MemTableInserter&)'
rocksdb,../repos/rocksdb/db/write_batch.cc,"(3086, 26)-(3086, 65)",b'& operator=(const ProtectionInfoUpdater&)'
rocksdb,../repos/rocksdb/db/write_batch.cc,"(3087, 26)-(3087, 60)",b'& operator=(ProtectionInfoUpdater&&)'
rocksdb,../repos/rocksdb/db/blob/blob_file_garbage.cc,"(106, 6)-(106, 72)","b'bool operator==(const BlobFileGarbage& lhs, c...'"
rocksdb,../repos/rocksdb/db/blob/blob_file_garbage.cc,"(112, 6)-(112, 72)","b'bool operator!=(const BlobFileGarbage& lhs, c...'"
rocksdb,../repos/rocksdb/db/blob/blob_file_garbage.cc,"(116, 15)-(117, 67)","b'& operator<<(std::ostream& os,\n              ...'"
rocksdb,../repos/rocksdb/db/blob/blob_file_garbage.cc,"(125, 13)-(126, 65)","b'& operator<<(JSONWriter& jw,\n                ...'"
rocksdb,../repos/rocksdb/db/blob/blob_log_writer.h,"(39, 18)-(39, 49)",b'& operator=(const BlobLogWriter&)'
rocksdb,../repos/rocksdb/db/blob/blob_source.h,"(39, 15)-(39, 43)",b'& operator=(const BlobSource&)'
rocksdb,../repos/rocksdb/db/blob/blob_index.h,"(56, 14)-(56, 41)",b'& operator=(const BlobIndex&)'
rocksdb,../repos/rocksdb/db/blob/blob_read_request.h,"(51, 20)-(51, 59)",b'& operator=(const BlobReadRequest& other)'
rocksdb,../repos/rocksdb/db/blob/blob_log_sequential_reader.h,"(45, 28)-(45, 69)",b'& operator=(const BlobLogSequentialReader&)'
rocksdb,../repos/rocksdb/db/blob/blob_file_addition.cc,"(120, 6)-(120, 74)","b'bool operator==(const BlobFileAddition& lhs, ...'"
rocksdb,../repos/rocksdb/db/blob/blob_file_addition.cc,"(128, 6)-(128, 74)","b'bool operator!=(const BlobFileAddition& lhs, ...'"
rocksdb,../repos/rocksdb/db/blob/blob_file_addition.cc,"(132, 15)-(133, 69)","b'& operator<<(std::ostream& os,\n              ...'"
rocksdb,../repos/rocksdb/db/blob/blob_file_addition.cc,"(144, 13)-(145, 67)","b'& operator<<(JSONWriter& jw,\n                ...'"
rocksdb,../repos/rocksdb/db/blob/blob_file_meta.h,"(49, 27)-(49, 67)",b'& operator=(const SharedBlobFileMetaData&)'
rocksdb,../repos/rocksdb/db/blob/blob_file_meta.h,"(52, 27)-(52, 62)",b'& operator=(SharedBlobFileMetaData&&)'
rocksdb,../repos/rocksdb/db/blob/blob_file_meta.h,"(82, 15)-(83, 68)","b'& operator<<(std::ostream& os,\n              ...'"
rocksdb,../repos/rocksdb/db/blob/blob_file_meta.h,"(107, 21)-(107, 55)",b'& operator=(const BlobFileMetaData&)'
rocksdb,../repos/rocksdb/db/blob/blob_file_meta.h,"(110, 21)-(110, 50)",b'& operator=(BlobFileMetaData&&)'
rocksdb,../repos/rocksdb/db/blob/blob_file_meta.h,"(168, 15)-(168, 73)","b'& operator<<(std::ostream& os, const BlobFile...'"
rocksdb,../repos/rocksdb/db/blob/blob_file_addition.h,"(59, 6)-(59, 74)","b'bool operator==(const BlobFileAddition& lhs, ...'"
rocksdb,../repos/rocksdb/db/blob/blob_file_addition.h,"(60, 6)-(60, 74)","b'bool operator!=(const BlobFileAddition& lhs, ...'"
rocksdb,../repos/rocksdb/db/blob/blob_file_addition.h,"(62, 15)-(63, 69)","b'& operator<<(std::ostream& os,\n              ...'"
rocksdb,../repos/rocksdb/db/blob/blob_file_addition.h,"(64, 13)-(65, 67)","b'& operator<<(JSONWriter& jw,\n                ...'"
rocksdb,../repos/rocksdb/db/blob/blob_file_meta.cc,"(26, 15)-(27, 68)","b'& operator<<(std::ostream& os,\n              ...'"
rocksdb,../repos/rocksdb/db/blob/blob_file_meta.cc,"(45, 15)-(45, 73)","b'& operator<<(std::ostream& os, const BlobFile...'"
rocksdb,../repos/rocksdb/db/blob/blob_file_builder.h,"(68, 20)-(68, 53)",b'& operator=(const BlobFileBuilder&)'
rocksdb,../repos/rocksdb/db/blob/blob_file_reader.h,"(41, 19)-(41, 51)",b'& operator=(const BlobFileReader&)'
rocksdb,../repos/rocksdb/db/blob/blob_file_builder_test.cc,"(34, 12)-(34, 24)",b'uint64_t operator()() { return ++next_file_nu...'
rocksdb,../repos/rocksdb/db/blob/blob_file_cache.h,"(33, 18)-(33, 49)",b'& operator=(const BlobFileCache&)'
rocksdb,../repos/rocksdb/db/blob/blob_file_garbage.h,"(49, 6)-(49, 72)","b'bool operator==(const BlobFileGarbage& lhs, c...'"
rocksdb,../repos/rocksdb/db/blob/blob_file_garbage.h,"(50, 6)-(50, 72)","b'bool operator!=(const BlobFileGarbage& lhs, c...'"
rocksdb,../repos/rocksdb/db/blob/blob_file_garbage.h,"(52, 15)-(53, 67)","b'& operator<<(std::ostream& os,\n              ...'"
rocksdb,../repos/rocksdb/db/blob/blob_file_garbage.h,"(54, 13)-(55, 65)","b'& operator<<(JSONWriter& jw,\n                ...'"
rocksdb,../repos/rocksdb/db/blob/blob_contents.h,"(25, 17)-(25, 47)",b'& operator=(const BlobContents&)'
rocksdb,../repos/rocksdb/db/blob/blob_contents.h,"(28, 17)-(28, 42)",b'& operator=(BlobContents&&)'
rocksdb,../repos/rocksdb/db/post_memtable_callback.h,"(22, 18)-(22, 71)","b'virtual Status operator()(SequenceNumber seq,...'"
rocksdb,../repos/rocksdb/db/internal_stats.h,"(302, 22)-(302, 57)",b'& operator=(const CompactionStats& c)'
rocksdb,../repos/rocksdb/db/transaction_log_impl.h,"(46, 8)-(46, 44)",b'bool operator<(const LogFile& that) const {\n ...'
rocksdb,../repos/rocksdb/db/wal_edit.cc,"(59, 13)-(59, 63)","b'& operator<<(JSONWriter& jw, const WalAdditio...'"
rocksdb,../repos/rocksdb/db/wal_edit.cc,"(65, 15)-(65, 67)","b'& operator<<(std::ostream& os, const WalAddit...'"
rocksdb,../repos/rocksdb/db/wal_edit.cc,"(91, 13)-(91, 63)","b'& operator<<(JSONWriter& jw, const WalDeletio...'"
rocksdb,../repos/rocksdb/db/wal_edit.cc,"(96, 15)-(96, 67)","b'& operator<<(std::ostream& os, const WalDelet...'"
rocksdb,../repos/rocksdb/db/version_set.h,"(143, 8)-(143, 44)",b'void operator=(const VersionStorageInfo&) = d...'
rocksdb,../repos/rocksdb/db/version_set.h,"(357, 10)-(357, 51)",b'bool operator==(const FileLocation& rhs) cons...'
rocksdb,../repos/rocksdb/db/version_set.h,"(361, 10)-(361, 51)",b'bool operator!=(const FileLocation& rhs) cons...'
rocksdb,../repos/rocksdb/db/version_set.h,"(802, 21)-(802, 55)",b'& operator=(const ObsoleteFileInfo&)'
rocksdb,../repos/rocksdb/db/version_set.h,"(808, 21)-(808, 63)",b'& operator=(ObsoleteFileInfo&& rhs) noexcept'
rocksdb,../repos/rocksdb/db/version_set.h,"(1127, 8)-(1127, 33)",b'void operator=(const Version&) = delete;'
rocksdb,../repos/rocksdb/db/version_set.h,"(1166, 8)-(1166, 36)",b'void operator=(const VersionSet&) = delete;'
rocksdb,../repos/rocksdb/db/version_set.h,"(1777, 23)-(1777, 59)",b'& operator=(const ReactiveVersionSet&)'
rocksdb,../repos/rocksdb/db/forward_iterator.h,"(34, 8)-(34, 60)","b'bool operator()(InternalIterator* a, Internal...'"
rocksdb,../repos/rocksdb/db/pinned_iterators_manager.h,"(30, 27)-(30, 77)",b'& operator=(PinnedIteratorsManager&& other) n...'
rocksdb,../repos/rocksdb/db/seqno_to_time_mapping.cc,"(135, 10)-(135, 56)",b'bool operator>(const RemovalCandidate& other)...'
rocksdb,../repos/rocksdb/db/seqno_to_time_mapping.h,"(103, 10)-(103, 53)",b'bool operator<(const SeqnoTimePair& other) co...'
rocksdb,../repos/rocksdb/db/seqno_to_time_mapping.h,"(107, 10)-(107, 54)",b'bool operator==(const SeqnoTimePair& other) c...'
rocksdb,../repos/rocksdb/db/memtable.cc,"(391, 8)-(391, 42)",b'void operator=(const MemTableIterator&) = delete;'
rocksdb,../repos/rocksdb/db/range_tombstone_fragmenter.h,"(265, 10)-(266, 56)","b'bool operator()(const RangeTombstoneStack& a,...'"
rocksdb,../repos/rocksdb/db/range_tombstone_fragmenter.h,"(270, 10)-(270, 72)","b'bool operator()(const RangeTombstoneStack& a,...'"
rocksdb,../repos/rocksdb/db/range_tombstone_fragmenter.h,"(274, 10)-(274, 72)","b'bool operator()(const Slice& a, const RangeTo...'"
rocksdb,../repos/rocksdb/db/range_tombstone_fragmenter.h,"(284, 10)-(285, 56)","b'bool operator()(const RangeTombstoneStack& a,...'"
rocksdb,../repos/rocksdb/db/range_tombstone_fragmenter.h,"(289, 10)-(289, 72)","b'bool operator()(const RangeTombstoneStack& a,...'"
rocksdb,../repos/rocksdb/db/range_tombstone_fragmenter.h,"(293, 10)-(293, 72)","b'bool operator()(const Slice& a, const RangeTo...'"
rocksdb,../repos/rocksdb/db/version_builder.h,"(77, 8)-(77, 74)","b'bool operator()(const FileMetaData* lhs, cons...'"
rocksdb,../repos/rocksdb/db/wal_edit.h,"(45, 15)-(45, 73)","b'bool operator==(const WalMetadata& lhs, const...'"
rocksdb,../repos/rocksdb/db/wal_edit.h,"(46, 15)-(46, 73)","b'bool operator!=(const WalMetadata& lhs, const...'"
rocksdb,../repos/rocksdb/db/wal_edit.h,"(56, 13)-(56, 71)",b'inline bool operator==(const WalMetadata& lhs...'
rocksdb,../repos/rocksdb/db/wal_edit.h,"(60, 13)-(60, 71)",b'inline bool operator!=(const WalMetadata& lhs...'
rocksdb,../repos/rocksdb/db/wal_edit.h,"(98, 15)-(98, 67)","b'& operator<<(std::ostream& os, const WalAddit...'"
rocksdb,../repos/rocksdb/db/wal_edit.h,"(99, 13)-(99, 63)","b'& operator<<(JSONWriter& jw, const WalAdditio...'"
rocksdb,../repos/rocksdb/db/wal_edit.h,"(128, 15)-(128, 67)","b'& operator<<(std::ostream& os, const WalDelet...'"
rocksdb,../repos/rocksdb/db/wal_edit.h,"(129, 13)-(129, 63)","b'& operator<<(JSONWriter& jw, const WalDeletio...'"
rocksdb,../repos/rocksdb/db/db_iter_stress_test.cc,"(52, 8)-(52, 39)",b'bool operator<(const Entry& e) const {\n    if...'
rocksdb,../repos/rocksdb/db/write_thread.h,"(94, 15)-(94, 32)",b'* operator*() const'
rocksdb,../repos/rocksdb/db/write_thread.h,"(96, 17)-(96, 29)",b'& operator++()'
rocksdb,../repos/rocksdb/db/write_thread.h,"(106, 12)-(106, 51)",b'bool operator!=(const Iterator& other) const ...'
rocksdb,../repos/rocksdb/db/log_reader.h,"(63, 8)-(63, 32)",b'void operator=(const Reader&) = delete;'
rocksdb,../repos/rocksdb/db/log_reader.h,"(238, 8)-(238, 48)",b'void operator=(const FragmentBufferedReader&);'
rocksdb,../repos/rocksdb/db/dbformat.h,"(522, 8)-(522, 33)",b'void operator=(const IterKey&) = delete;'
rocksdb,../repos/rocksdb/db/dbformat.h,"(1031, 8)-(1032, 52)","b'bool operator()(const ParsedInternalKey& a,\n ...'"
rocksdb,../repos/rocksdb/db/write_controller.h,"(124, 8)-(124, 46)",b'void operator=(const WriteControllerToken&) =...'
rocksdb,../repos/rocksdb/db/version_edit.h,"(146, 19)-(146, 54)",b'& operator=(const FileDescriptor& fd)'
rocksdb,../repos/rocksdb/db/version_edit.h,"(168, 21)-(168, 61)",b'& operator=(const FileSampledStats& other)'
rocksdb,../repos/rocksdb/db/log_writer.h,"(85, 8)-(85, 32)",b'void operator=(const Writer&) = delete;'
rocksdb,../repos/rocksdb/db/version_builder.cc,"(45, 10)-(45, 76)","b'bool operator()(const FileMetaData* lhs, cons...'"
rocksdb,../repos/rocksdb/db/version_builder.cc,"(60, 10)-(60, 76)","b'bool operator()(const FileMetaData* lhs, cons...'"
rocksdb,../repos/rocksdb/tools/block_cache_analyzer/block_cache_trace_analyzer.h,"(156, 28)-(156, 69)",b'& operator=(const BlockCacheTraceAnalyzer&)'
rocksdb,../repos/rocksdb/tools/block_cache_analyzer/block_cache_trace_analyzer.h,"(158, 28)-(158, 64)",b'& operator=(BlockCacheTraceAnalyzer&&)'
rocksdb,../repos/rocksdb/tools/trace_analyzer_tool.h,"(138, 15)-(138, 43)",b'& operator=(const TraceStats&)'
rocksdb,../repos/rocksdb/tools/trace_analyzer_tool.h,"(140, 15)-(140, 38)",b'& operator=(TraceStats&&)'
rocksdb,../repos/rocksdb/tools/trace_analyzer_tool.h,"(154, 13)-(154, 39)",b'& operator=(const TypeUnit&)'
rocksdb,../repos/rocksdb/tools/trace_analyzer_tool.h,"(156, 13)-(156, 34)",b'& operator=(TypeUnit&&)'
rocksdb,../repos/rocksdb/table/block_based/full_filter_block.h,"(46, 8)-(46, 48)",b'void operator=(const FullFilterBlockBuilder&)...'
rocksdb,../repos/rocksdb/table/block_based/block.cc,"(38, 22)-(40, 56)","b'* operator()(const char* p, const char* limit...'"
rocksdb,../repos/rocksdb/table/block_based/block.cc,"(73, 22)-(75, 56)","b'* operator()(const char* p, const char* limit...'"
rocksdb,../repos/rocksdb/table/block_based/block.cc,"(108, 22)-(109, 72)","b'* operator()(const char* p, const char* limit...'"
rocksdb,../repos/rocksdb/table/block_based/block.cc,"(119, 22)-(120, 72)","b'* operator()(const char* p, const char* limit...'"
rocksdb,../repos/rocksdb/table/block_based/block.cc,"(145, 22)-(147, 56)","b'* operator()(const char* p, const char* limit...'"
rocksdb,../repos/rocksdb/table/block_based/block_based_table_builder.h,"(50, 27)-(50, 67)",b'& operator=(const BlockBasedTableBuilder&)'
rocksdb,../repos/rocksdb/table/block_based/block.h,"(162, 8)-(162, 31)",b'void operator=(const Block&) = delete;'
rocksdb,../repos/rocksdb/table/block_based/block_builder.h,"(24, 8)-(24, 38)",b'void operator=(const BlockBuilder&) = delete;'
rocksdb,../repos/rocksdb/table/block_based/filter_policy.cc,"(322, 8)-(322, 51)",b'void operator=(const FastLocalBloomBitsBuilde...'
rocksdb,../repos/rocksdb/table/block_based/filter_policy.cc,"(526, 8)-(526, 50)",b'void operator=(const FastLocalBloomBitsReader...'
rocksdb,../repos/rocksdb/table/block_based/filter_policy.cc,"(607, 8)-(607, 54)",b'void operator=(const Standard128RibbonBitsBui...'
rocksdb,../repos/rocksdb/table/block_based/filter_policy.cc,"(968, 8)-(968, 53)",b'void operator=(const Standard128RibbonBitsRea...'
rocksdb,../repos/rocksdb/table/block_based/filter_policy.cc,"(1017, 8)-(1017, 48)",b'void operator=(const LegacyBloomBitsBuilder&)...'
rocksdb,../repos/rocksdb/table/block_based/filter_policy.cc,"(1221, 8)-(1221, 47)",b'void operator=(const LegacyBloomBitsReader&) ...'
rocksdb,../repos/rocksdb/table/block_based/block_based_table_reader.h,"(326, 8)-(326, 37)",b'void operator=(const TableReader&) = delete;'
rocksdb,../repos/rocksdb/table/block_based/cachable_entry.h,"(61, 18)-(61, 49)",b'& operator=(const CachableEntry&)'
rocksdb,../repos/rocksdb/table/block_based/cachable_entry.h,"(76, 18)-(76, 57)",b'& operator=(CachableEntry&& rhs) noexcept'
rocksdb,../repos/rocksdb/table/block_based/filter_block.h,"(51, 8)-(51, 44)",b'void operator=(const FilterBlockBuilder&) = d...'
rocksdb,../repos/rocksdb/table/block_based/filter_block.h,"(100, 22)-(100, 57)",b'& operator=(const FilterBlockReader&)'
rocksdb,../repos/rocksdb/table/block_based/block_based_table_builder.cc,"(630, 8)-(630, 29)",b'& operator=(const Rep&)'
rocksdb,../repos/rocksdb/table/block_based/block_based_table_builder.cc,"(665, 18)-(665, 40)",b'& operator[](size_t idx)'
rocksdb,../repos/rocksdb/table/internal_iterator.h,"(42, 25)-(42, 63)",b'& operator=(const InternalIteratorBase&)'
rocksdb,../repos/rocksdb/table/plain/plain_table_builder.h,"(53, 8)-(53, 43)",b'void operator=(const PlainTableBuilder&) = delete;'
rocksdb,../repos/rocksdb/table/plain/plain_table_reader.cc,"(55, 8)-(55, 34)",b'void operator=(const Iterator&) = delete;'
rocksdb,../repos/rocksdb/table/plain/plain_table_reader.h,"(241, 8)-(241, 37)",b'void operator=(const TableReader&) = delete;'
rocksdb,../repos/rocksdb/table/scoped_arena_iterator.h,"(27, 24)-(27, 61)",b'& operator=(const ScopedArenaIterator&)'
rocksdb,../repos/rocksdb/table/scoped_arena_iterator.h,"(34, 24)-(34, 67)",b'& operator=(ScopedArenaIterator&& o) noexcept'
rocksdb,../repos/rocksdb/table/scoped_arena_iterator.h,"(40, 21)-(40, 33)",b'* operator->()'
rocksdb,../repos/rocksdb/table/cuckoo/cuckoo_table_reader.cc,"(217, 8)-(217, 34)",b'void operator=(const Iterator&) = delete;'
rocksdb,../repos/rocksdb/table/cuckoo/cuckoo_table_reader.cc,"(241, 10)-(241, 71)","b'bool operator()(const uint32_t first, const u...'"
rocksdb,../repos/rocksdb/table/cuckoo/cuckoo_table_builder.h,"(37, 8)-(37, 44)",b'void operator=(const CuckooTableBuilder&) = d...'
rocksdb,../repos/rocksdb/table/meta_blocks.h,"(43, 21)-(43, 55)",b'& operator=(const MetaIndexBuilder&)'
rocksdb,../repos/rocksdb/table/meta_blocks.h,"(61, 25)-(61, 63)",b'& operator=(const PropertyBlockBuilder&)'
rocksdb,../repos/rocksdb/table/compaction_merging_iterator.cc,"(171, 10)-(171, 52)","b'bool operator()(HeapItem* a, HeapItem* b) con...'"
rocksdb,../repos/rocksdb/table/iter_heap.h,"(21, 8)-(21, 64)","b'bool operator()(IteratorWrapper* a, IteratorW...'"
rocksdb,../repos/rocksdb/table/iter_heap.h,"(36, 8)-(36, 64)","b'bool operator()(IteratorWrapper* a, IteratorW...'"
rocksdb,../repos/rocksdb/table/table_test.cc,"(300, 8)-(300, 47)",b'void operator=(const KeyConvertingIterator&) ...'
rocksdb,../repos/rocksdb/table/table_test.cc,"(648, 15)-(648, 65)","b'& operator<<(std::ostream& os, const TestArgs...'"
rocksdb,../repos/rocksdb/table/table_test.cc,"(1421, 13)-(1421, 63)","b'inline bool operator==(const TestIds& lhs, co...'"
rocksdb,../repos/rocksdb/table/table_test.cc,"(1426, 15)-(1426, 63)","b'& operator<<(std::ostream& os, const TestIds& ids)'"
rocksdb,../repos/rocksdb/table/merging_iterator.cc,"(516, 10)-(516, 52)","b'bool operator()(HeapItem* a, HeapItem* b) con...'"
rocksdb,../repos/rocksdb/table/merging_iterator.cc,"(541, 10)-(541, 52)","b'bool operator()(HeapItem* a, HeapItem* b) con...'"
rocksdb,../repos/rocksdb/table/multiget_context.h,"(216, 17)-(216, 43)",b'& operator=(const Iterator&)'
rocksdb,../repos/rocksdb/table/multiget_context.h,"(218, 17)-(218, 29)",b'& operator++()'
rocksdb,../repos/rocksdb/table/multiget_context.h,"(227, 12)-(227, 44)",b'bool operator==(Iterator other) const {\n     ...'
rocksdb,../repos/rocksdb/table/multiget_context.h,"(232, 12)-(232, 44)",b'bool operator!=(Iterator other) const {\n     ...'
rocksdb,../repos/rocksdb/table/multiget_context.h,"(237, 19)-(237, 30)",b'& operator*()'
rocksdb,../repos/rocksdb/table/multiget_context.h,"(242, 19)-(242, 31)",b'* operator->()'
rocksdb,../repos/rocksdb/table/multiget_context.h,"(329, 12)-(329, 40)",b'& operator+=(const Range& rhs)'
rocksdb,../repos/rocksdb/table/multiget_context.h,"(349, 12)-(349, 40)",b'& operator-=(const Range& rhs)'
rocksdb,../repos/rocksdb/table/multiget_context.h,"(359, 11)-(359, 22)",b'Range operator~() {\n      Range res = *this;\n...'
rocksdb,../repos/rocksdb/table/format.h,"(71, 15)-(71, 55)",b'inline bool operator==(const BlockHandle& rhs...'
rocksdb,../repos/rocksdb/table/format.h,"(74, 15)-(74, 55)",b'inline bool operator!=(const BlockHandle& rhs...'
rocksdb,../repos/rocksdb/table/format.h,"(387, 18)-(387, 50)",b'& operator=(BlockContents&& other)'
rocksdb,../repos/rocksdb/file/readahead_raf.cc,"(37, 30)-(37, 73)",b'& operator=(const ReadaheadRandomAccessFile&)'
rocksdb,../repos/rocksdb/file/sequence_file_reader.cc,"(169, 28)-(169, 69)",b'& operator=(const ReadaheadSequentialFile&)'
rocksdb,../repos/rocksdb/file/sequence_file_reader.h,"(94, 25)-(94, 63)",b'& operator=(const SequentialFileReader&)'
rocksdb,../repos/rocksdb/file/writable_file_writer.h,"(234, 23)-(234, 59)",b'& operator=(const WritableFileWriter&)'
rocksdb,../repos/rocksdb/file/random_access_file_reader.h,"(155, 27)-(155, 67)",b'& operator=(const RandomAccessFileReader&)'
rocksdb,../repos/rocksdb/file/line_file_reader.h,"(38, 19)-(38, 51)",b'& operator=(const LineFileReader&)'
rocksdb,../repos/rocksdb/memory/allocator.h,"(39, 8)-(39, 38)",b'void operator=(const AllocTracker&) = delete;'
rocksdb,../repos/rocksdb/memory/memory_allocator_impl.h,"(18, 8)-(18, 35)",b'void operator()(char* ptr) const {\n    if (al...'
rocksdb,../repos/rocksdb/memory/concurrent_arena.h,"(212, 20)-(212, 53)",b'& operator=(const ConcurrentArena&)'
rocksdb,../repos/rocksdb/memory/arena.h,"(29, 8)-(29, 31)",b'void operator=(const Arena&) = delete;'
rocksdb,../repos/rocksdb/utilities/cassandra/format.h,"(155, 13)-(155, 48)",b'& operator=(const RowValue& /*that*/)'
rocksdb,../repos/rocksdb/utilities/cassandra/format.h,"(156, 13)-(156, 43)",b'& operator=(RowValue&& /*that*/)'
rocksdb,../repos/rocksdb/utilities/backup/backup_engine.cc,"(215, 15)-(215, 41)",b'& operator=(const FileInfo&)'
rocksdb,../repos/rocksdb/utilities/backup/backup_engine.cc,"(385, 17)-(385, 45)",b'& operator=(const BackupMeta&)'
rocksdb,../repos/rocksdb/utilities/backup/backup_engine.cc,"(660, 27)-(660, 65)",b'& operator=(const CopyOrCreateWorkItem&)'
rocksdb,../repos/rocksdb/utilities/backup/backup_engine.cc,"(666, 27)-(666, 71)",b'& operator=(CopyOrCreateWorkItem&& o) noexcept'
rocksdb,../repos/rocksdb/utilities/backup/backup_engine.cc,"(742, 38)-(743, 54)",b'& operator=(\n        BackupAfterCopyOrCreateW...'
rocksdb,../repos/rocksdb/utilities/backup/backup_engine.cc,"(790, 39)-(791, 55)",b'& operator=(\n        RestoreAfterCopyOrCreate...'
rocksdb,../repos/rocksdb/utilities/blob_db/blob_db_impl.h,"(55, 8)-(56, 62)",b'bool operator()(const std::shared_ptr<BlobFil...'
rocksdb,../repos/rocksdb/utilities/blob_db/blob_db_impl.h,"(60, 8)-(61, 62)",b'bool operator()(const std::shared_ptr<BlobFil...'
rocksdb,../repos/rocksdb/utilities/persistent_cache/hash_table_bench.cc,"(260, 14)-(260, 42)",b'uint64_t operator()(const Node& node) {\n     ...'
rocksdb,../repos/rocksdb/utilities/persistent_cache/hash_table_bench.cc,"(266, 10)-(266, 54)","b'bool operator()(const Node& lhs, const Node& ...'"
rocksdb,../repos/rocksdb/utilities/persistent_cache/volatile_tier_impl.h,"(94, 14)-(94, 52)",b'uint64_t operator()(const CacheData* obj) con...'
rocksdb,../repos/rocksdb/utilities/persistent_cache/volatile_tier_impl.h,"(101, 10)-(101, 70)","b'bool operator()(const CacheData* lhs, const C...'"
rocksdb,../repos/rocksdb/utilities/persistent_cache/block_cache_tier_file.h,"(262, 9)-(262, 29)",b'& operator=(const IO&)'
rocksdb,../repos/rocksdb/utilities/persistent_cache/hash_table_test.cc,"(36, 10)-(36, 54)","b'bool operator()(const Node& lhs, const Node& ...'"
rocksdb,../repos/rocksdb/utilities/persistent_cache/hash_table_test.cc,"(42, 14)-(42, 42)",b'uint64_t operator()(const Node& node) {\n     ...'
rocksdb,../repos/rocksdb/utilities/persistent_cache/hash_table_test.cc,"(68, 10)-(68, 54)","b'bool operator()(const Node* lhs, const Node* ...'"
rocksdb,../repos/rocksdb/utilities/persistent_cache/hash_table_test.cc,"(74, 14)-(74, 42)",b'uint64_t operator()(const Node* node) {\n     ...'
rocksdb,../repos/rocksdb/utilities/persistent_cache/block_cache_tier.h,"(95, 15)-(95, 40)",b'& operator=(InsertOp&& rhs)'
rocksdb,../repos/rocksdb/utilities/persistent_cache/block_cache_tier_metadata.h,"(85, 14)-(85, 51)",b'uint64_t operator()(const BlockCacheFile* rec...'
rocksdb,../repos/rocksdb/utilities/persistent_cache/block_cache_tier_metadata.h,"(91, 14)-(91, 78)",b'uint64_t operator()(const BlockCacheFile* lhs...'
rocksdb,../repos/rocksdb/utilities/persistent_cache/block_cache_tier_metadata.h,"(104, 12)-(104, 45)",b'size_t operator()(BlockInfo* node) const {\n  ...'
rocksdb,../repos/rocksdb/utilities/persistent_cache/block_cache_tier_metadata.h,"(110, 12)-(110, 60)","b'size_t operator()(BlockInfo* lhs, BlockInfo* ...'"
rocksdb,../repos/rocksdb/utilities/write_batch_with_index/write_batch_with_index_internal.h,"(163, 7)-(164, 59)",b'int operator()(const WriteBatchIndexEntry* en...'
rocksdb,../repos/rocksdb/utilities/transactions/pessimistic_transaction.h,"(44, 8)-(44, 48)",b'void operator=(const PessimisticTransaction&)...'
rocksdb,../repos/rocksdb/utilities/transactions/pessimistic_transaction.h,"(225, 8)-(225, 43)",b'void operator=(const WriteCommittedTxn&) = delete;'
rocksdb,../repos/rocksdb/utilities/transactions/write_prepared_txn_db.h,"(345, 10)-(345, 50)",b'bool operator==(const CommitEntry& rhs) const...'
rocksdb,../repos/rocksdb/utilities/transactions/optimistic_transaction.h,"(35, 8)-(35, 47)",b'void operator=(const OptimisticTransaction&) ...'
rocksdb,../repos/rocksdb/utilities/transactions/lock/range/range_tree/lib/ft/comparator.h,"(114, 7)-(114, 51)","b'int operator()(const DBT *a, const DBT *b) co...'"
rocksdb,../repos/rocksdb/utilities/transactions/lock/range/range_tree/range_tree_lock_tracker.h,"(68, 25)-(68, 63)",b'& operator=(const RangeTreeLockTracker&)'
rocksdb,../repos/rocksdb/utilities/transactions/lock/point/point_lock_manager.cc,"(40, 8)-(40, 44)",b'void operator=(const LockInfo& lock_info) {\n ...'
rocksdb,../repos/rocksdb/utilities/transactions/lock/point/point_lock_tracker.h,"(46, 21)-(46, 55)",b'& operator=(const PointLockTracker&)'
rocksdb,../repos/rocksdb/utilities/transactions/lock/point/point_lock_manager.h,"(116, 21)-(116, 55)",b'& operator=(const PointLockManager&)'
rocksdb,../repos/rocksdb/utilities/transactions/write_prepared_txn.h,"(46, 8)-(46, 42)",b'void operator=(const WritePreparedTxn&) = delete;'
rocksdb,../repos/rocksdb/utilities/transactions/pessimistic_transaction_db.h,"(305, 10)-(305, 72)","b'Status operator()(SequenceNumber seq, bool di...'"
rocksdb,../repos/rocksdb/utilities/simulator_cache/cache_simulator.h,"(23, 8)-(23, 53)",b'bool operator==(const CacheConfiguration& o) ...'
rocksdb,../repos/rocksdb/utilities/simulator_cache/cache_simulator.h,"(27, 8)-(27, 52)",b'bool operator<(const CacheConfiguration& o) c...'
rocksdb,../repos/rocksdb/utilities/simulator_cache/cache_simulator.h,"(89, 15)-(89, 43)",b'& operator=(const GhostCache&)'
rocksdb,../repos/rocksdb/utilities/simulator_cache/cache_simulator.h,"(91, 15)-(91, 38)",b'& operator=(GhostCache&&)'
rocksdb,../repos/rocksdb/utilities/simulator_cache/cache_simulator.h,"(109, 19)-(109, 51)",b'& operator=(const CacheSimulator&)'
rocksdb,../repos/rocksdb/utilities/simulator_cache/cache_simulator.h,"(111, 19)-(111, 46)",b'& operator=(CacheSimulator&&)'
rocksdb,../repos/rocksdb/utilities/simulator_cache/cache_simulator.h,"(206, 29)-(206, 71)",b'& operator=(const BlockCacheTraceSimulator&)'
rocksdb,../repos/rocksdb/utilities/simulator_cache/cache_simulator.h,"(208, 29)-(208, 66)",b'& operator=(BlockCacheTraceSimulator&&)'
rocksdb,../repos/rocksdb/memtable/skiplist_test.cc,"(25, 7)-(25, 51)","b'int operator()(const Key& a, const Key& b) co...'"
rocksdb,../repos/rocksdb/memtable/inlineskiplist.h,"(81, 19)-(81, 51)",b'& operator=(const InlineSkipList&)'
rocksdb,../repos/rocksdb/memtable/skiplist.h,"(58, 8)-(58, 34)",b'void operator=(const SkipList&) = delete;'
rocksdb,../repos/rocksdb/memtable/hash_linklist_rep.cc,"(91, 9)-(91, 31)",b'& operator=(const Node&)'
rocksdb,../repos/rocksdb/memtable/memtablerep_bench.cc,"(215, 16)-(215, 28)",b'virtual void operator()() = 0;'
rocksdb,../repos/rocksdb/memtable/memtablerep_bench.cc,"(258, 8)-(258, 29)",b'void operator()() override {\n    for (unsigne...'
rocksdb,../repos/rocksdb/memtable/memtablerep_bench.cc,"(277, 8)-(277, 29)",b'void operator()() override {\n    // # of read...'
rocksdb,../repos/rocksdb/memtable/memtablerep_bench.cc,"(328, 8)-(328, 29)",b'void operator()() override {\n    for (unsigne...'
rocksdb,../repos/rocksdb/memtable/memtablerep_bench.cc,"(353, 8)-(353, 29)",b'void operator()() override {\n    for (unsigne...'
rocksdb,../repos/rocksdb/memtable/memtablerep_bench.cc,"(372, 8)-(372, 29)",b'void operator()() override {\n    for (unsigne...'
rocksdb,../repos/rocksdb/memtable/memtablerep_bench.cc,"(395, 8)-(395, 29)",b'void operator()() override {\n    for (unsigne...'
rocksdb,../repos/rocksdb/memtable/stl_wrappers.h,"(27, 15)-(27, 61)","b'inline bool operator()(const char* a, const c...'"
rocksdb,../repos/rocksdb/memtable/inlineskiplist_test.cc,"(41, 7)-(41, 53)","b'int operator()(const char* a, const char* b) ...'"
rocksdb,../repos/rocksdb/memtable/inlineskiplist_test.cc,"(51, 7)-(51, 59)","b'int operator()(const char* a, const DecodedTy...'"
rocksdb,../repos/rocksdb/env/mock_env.cc,"(98, 8)-(98, 33)",b'void operator=(const MemFile&) = delete;'
rocksdb,../repos/rocksdb/env/file_system_tracer.h,"(108, 31)-(108, 49)",b'std::shared_ptr<FileSystem> operator->() cons...'
rocksdb,../repos/rocksdb/env/file_system_tracer.h,"(180, 21)-(180, 39)",b'* operator->() const'
rocksdb,../repos/rocksdb/env/file_system_tracer.h,"(267, 23)-(267, 41)",b'* operator->() const'
rocksdb,../repos/rocksdb/env/file_system_tracer.h,"(357, 19)-(357, 37)",b'* operator->() const'
rocksdb,../repos/rocksdb/env/file_system_tracer.h,"(440, 19)-(440, 37)",b'* operator->() const'
rocksdb,../repos/rocksdb/env/env_test.cc,"(81, 8)-(81, 29)",b'void operator()(void* ptr) {\n    assert(fn_);...'
rocksdb,../repos/rocksdb/env/env_test.cc,"(2997, 15)-(2998, 61)",b'std::size_t operator()(\n      std::pair<uint6...'
