Repo name,File name,Location,Content
rocksdb,../repos/rocksdb/db_stress_tool/db_stress_common.h,"(31, 10)-(31, 17)",b'#include <array>\n'
rocksdb,../repos/rocksdb/db_stress_tool/db_stress_common.h,"(35, 10)-(35, 17)",b'#include <queue>\n'
rocksdb,../repos/rocksdb/db_stress_tool/db_stress_stat.h,"(9, 10)-(9, 17)",b'#include <queue>\n'
rocksdb,../repos/rocksdb/db_stress_tool/db_stress_stat.h,"(10, 10)-(10, 25)",b'#include <unordered_set>\n'
rocksdb,../repos/rocksdb/db_stress_tool/db_stress_listener.h,"(10, 10)-(10, 25)",b'#include <unordered_set>\n'
rocksdb,../repos/rocksdb/test_util/sync_point_impl.h,"(14, 10)-(14, 25)",b'#include <unordered_map>\n'
rocksdb,../repos/rocksdb/test_util/sync_point_impl.h,"(15, 10)-(15, 25)",b'#include <unordered_set>\n'
rocksdb,../repos/rocksdb/test_util/secondary_cache_test_util.cc,"(8, 10)-(8, 17)",b'#include <array>\n'
rocksdb,../repos/rocksdb/test_util/sync_point.h,"(13, 10)-(13, 18)",b'#include <vector>\n'
rocksdb,../repos/rocksdb/test_util/testutil.h,"(12, 10)-(12, 17)",b'#include <deque>\n'
rocksdb,../repos/rocksdb/test_util/testutil.h,"(14, 10)-(14, 18)",b'#include <vector>\n'
rocksdb,../repos/rocksdb/test_util/testutil.cc,"(15, 10)-(15, 17)",b'#include <array>\n'
rocksdb,../repos/rocksdb/trace_replay/trace_replay.h,"(11, 10)-(11, 25)",b'#include <unordered_map>\n'
rocksdb,../repos/rocksdb/trace_replay/trace_record_handler.h,"(9, 10)-(9, 25)",b'#include <unordered_map>\n'
rocksdb,../repos/rocksdb/trace_replay/trace_record_handler.h,"(10, 10)-(10, 18)",b'#include <vector>\n'
rocksdb,../repos/rocksdb/monitoring/stats_history_test.cc,"(13, 10)-(13, 25)",b'#include <unordered_map>\n'
rocksdb,../repos/rocksdb/monitoring/statistics_impl.h,"(8, 10)-(8, 15)",b'#include <map>\n'
rocksdb,../repos/rocksdb/monitoring/statistics_impl.h,"(10, 10)-(10, 18)",b'#include <vector>\n'
rocksdb,../repos/rocksdb/monitoring/thread_status_updater.h,"(31, 10)-(31, 16)",b'#include <list>\n'
rocksdb,../repos/rocksdb/monitoring/thread_status_updater.h,"(35, 10)-(35, 25)",b'#include <unordered_map>\n'
rocksdb,../repos/rocksdb/monitoring/thread_status_updater.h,"(36, 10)-(36, 25)",b'#include <unordered_set>\n'
rocksdb,../repos/rocksdb/monitoring/thread_status_updater.h,"(37, 10)-(37, 18)",b'#include <vector>\n'
rocksdb,../repos/rocksdb/monitoring/histogram.h,"(12, 10)-(12, 15)",b'#include <map>\n'
rocksdb,../repos/rocksdb/monitoring/histogram.h,"(15, 10)-(15, 18)",b'#include <vector>\n'
rocksdb,../repos/rocksdb/cache/compressed_secondary_cache_test.cc,"(8, 10)-(8, 17)",b'#include <array>\n'
rocksdb,../repos/rocksdb/cache/cache_bench_tool.cc,"(12, 10)-(12, 15)",b'#include <set>\n'
rocksdb,../repos/rocksdb/cache/cache_test.cc,"(12, 10)-(12, 24)",b'#include <forward_list>\n'
rocksdb,../repos/rocksdb/cache/cache_test.cc,"(16, 10)-(16, 18)",b'#include <vector>\n'
rocksdb,../repos/rocksdb/cache/cache_reservation_manager.h,"(17, 10)-(17, 18)",b'#include <vector>\n'
rocksdb,../repos/rocksdb/cache/cache_entry_roles.h,"(8, 10)-(8, 17)",b'#include <array>\n'
rocksdb,../repos/rocksdb/cache/lru_cache_test.cc,"(10, 10)-(10, 18)",b'#include <vector>\n'
rocksdb,../repos/rocksdb/cache/clock_cache.h,"(12, 10)-(12, 17)",b'#include <array>\n'
rocksdb,../repos/rocksdb/cache/cache_entry_stats.h,"(8, 10)-(8, 17)",b'#include <array>\n'
rocksdb,../repos/rocksdb/cache/compressed_secondary_cache.h,"(8, 10)-(8, 17)",b'#include <array>\n'
rocksdb,../repos/rocksdb/util/core_local.h,"(12, 10)-(12, 18)",b'#include <vector>\n'
rocksdb,../repos/rocksdb/util/file_checksum_helper.cc,"(12, 10)-(12, 25)",b'#include <unordered_set>\n'
rocksdb,../repos/rocksdb/util/string_util.cc,"(18, 10)-(18, 18)",b'#include <vector>\n'
rocksdb,../repos/rocksdb/util/work_queue.h,"(22, 10)-(22, 17)",b'#include <queue>\n'
rocksdb,../repos/rocksdb/util/rate_limiter_impl.h,"(15, 10)-(15, 17)",b'#include <deque>\n'
rocksdb,../repos/rocksdb/util/dynamic_bloom_test.cc,"(20, 10)-(20, 18)",b'#include <vector>\n'
rocksdb,../repos/rocksdb/util/timer.h,"(11, 10)-(11, 17)",b'#include <queue>\n'
rocksdb,../repos/rocksdb/util/timer.h,"(12, 10)-(12, 25)",b'#include <unordered_map>\n'
rocksdb,../repos/rocksdb/util/timer.h,"(14, 10)-(14, 18)",b'#include <vector>\n'
rocksdb,../repos/rocksdb/util/filter_bench.cc,"(17, 10)-(17, 18)",b'#include <vector>\n'
rocksdb,../repos/rocksdb/util/channel.h,"(10, 10)-(10, 17)",b'#include <queue>\n'
rocksdb,../repos/rocksdb/util/timer_queue.h,"(30, 10)-(30, 17)",b'#include <queue>\n'
rocksdb,../repos/rocksdb/util/timer_queue.h,"(33, 10)-(33, 18)",b'#include <vector>\n'
rocksdb,../repos/rocksdb/util/dynamic_bloom.h,"(8, 10)-(8, 17)",b'#include <array>\n'
rocksdb,../repos/rocksdb/util/hash_map.h,"(10, 10)-(10, 17)",b'#include <array>\n'
rocksdb,../repos/rocksdb/util/vector_iterator.h,"(6, 10)-(6, 18)",b'#include <vector>\n'
rocksdb,../repos/rocksdb/util/hash_containers.h,"(35, 10)-(35, 25)",b'#include <unordered_map>\n'
rocksdb,../repos/rocksdb/util/hash_containers.h,"(36, 10)-(36, 25)",b'#include <unordered_set>\n'
rocksdb,../repos/rocksdb/util/filelock_test.cc,"(17, 10)-(17, 18)",b'#include <vector>\n'
rocksdb,../repos/rocksdb/util/file_reader_writer_test.cc,"(7, 10)-(7, 18)",b'#include <vector>\n'
rocksdb,../repos/rocksdb/util/write_batch_util.h,"(8, 10)-(8, 25)",b'#include <unordered_set>\n'
rocksdb,../repos/rocksdb/util/write_batch_util.h,"(9, 10)-(9, 18)",b'#include <vector>\n'
rocksdb,../repos/rocksdb/util/crc32c.cc,"(14, 10)-(14, 17)",b'#include <array>\n'
rocksdb,../repos/rocksdb/util/work_queue_test.cc,"(22, 10)-(22, 18)",b'#include <vector>\n'
rocksdb,../repos/rocksdb/util/threadpool_imp.cc,"(26, 10)-(26, 17)",b'#include <deque>\n'
rocksdb,../repos/rocksdb/util/threadpool_imp.cc,"(30, 10)-(30, 18)",b'#include <vector>\n'
rocksdb,../repos/rocksdb/util/udt_util.h,"(11, 10)-(11, 25)",b'#include <unordered_map>\n'
rocksdb,../repos/rocksdb/util/udt_util.h,"(12, 10)-(12, 18)",b'#include <vector>\n'
rocksdb,../repos/rocksdb/util/autovector.h,"(12, 10)-(12, 18)",b'#include <vector>\n'
rocksdb,../repos/rocksdb/util/hash_test.cc,"(14, 10)-(14, 18)",b'#include <vector>\n'
rocksdb,../repos/rocksdb/util/ribbon_config.h,"(8, 10)-(8, 17)",b'#include <array>\n'
rocksdb,../repos/rocksdb/util/ribbon_alg.h,"(8, 10)-(8, 17)",b'#include <array>\n'
rocksdb,../repos/rocksdb/util/kv_map.h,"(7, 10)-(7, 15)",b'#include <map>\n'
rocksdb,../repos/rocksdb/util/file_checksum_helper.h,"(8, 10)-(8, 25)",b'#include <unordered_map>\n'
rocksdb,../repos/rocksdb/util/random_test.cc,"(13, 10)-(13, 18)",b'#include <vector>\n'
rocksdb,../repos/rocksdb/util/single_thread_executor.h,"(11, 10)-(11, 17)",b'#include <queue>\n'
rocksdb,../repos/rocksdb/util/thread_local.h,"(15, 10)-(15, 25)",b'#include <unordered_map>\n'
rocksdb,../repos/rocksdb/util/thread_local.h,"(16, 10)-(16, 18)",b'#include <vector>\n'
rocksdb,../repos/rocksdb/util/bloom_test.cc,"(18, 10)-(18, 17)",b'#include <array>\n'
rocksdb,../repos/rocksdb/util/bloom_test.cc,"(20, 10)-(20, 18)",b'#include <vector>\n'
rocksdb,../repos/rocksdb/util/heap_test.cc,"(11, 10)-(11, 17)",b'#include <queue>\n'
rocksdb,../repos/rocksdb/util/string_util.h,"(12, 10)-(12, 25)",b'#include <unordered_map>\n'
rocksdb,../repos/rocksdb/util/string_util.h,"(13, 10)-(13, 18)",b'#include <vector>\n'
rocksdb,../repos/rocksdb/third-party/gtest-1.8.1/fused-src/gtest/gtest.h,"(58, 10)-(58, 18)",b'#include <vector>\n'
rocksdb,../repos/rocksdb/third-party/gtest-1.8.1/fused-src/gtest/gtest.h,"(386, 10)-(386, 18)",b'#include <vector>  // NOLINT\n'
rocksdb,../repos/rocksdb/third-party/gtest-1.8.1/fused-src/gtest/gtest.h,"(3978, 10)-(3978, 15)",b'#include <map>\n'
rocksdb,../repos/rocksdb/third-party/gtest-1.8.1/fused-src/gtest/gtest.h,"(3979, 10)-(3979, 15)",b'#include <set>\n'
rocksdb,../repos/rocksdb/third-party/gtest-1.8.1/fused-src/gtest/gtest.h,"(3981, 10)-(3981, 18)",b'#include <vector>\n'
rocksdb,../repos/rocksdb/third-party/gtest-1.8.1/fused-src/gtest/gtest.h,"(10071, 10)-(10071, 15)",b'#include <set>\n'
rocksdb,../repos/rocksdb/third-party/gtest-1.8.1/fused-src/gtest/gtest.h,"(10073, 10)-(10073, 18)",b'#include <vector>\n'
rocksdb,../repos/rocksdb/third-party/gtest-1.8.1/fused-src/gtest/gtest.h,"(10423, 10)-(10423, 18)",b'#include <vector>\n'
rocksdb,../repos/rocksdb/third-party/gtest-1.8.1/fused-src/gtest/gtest.h,"(19030, 10)-(19030, 18)",b'#include <vector>\n'
rocksdb,../repos/rocksdb/third-party/gtest-1.8.1/fused-src/gtest/gtest-all.cc,"(322, 10)-(322, 16)",b'#include <list>\n'
rocksdb,../repos/rocksdb/third-party/gtest-1.8.1/fused-src/gtest/gtest-all.cc,"(323, 10)-(323, 15)",b'#include <map>\n'
rocksdb,../repos/rocksdb/third-party/gtest-1.8.1/fused-src/gtest/gtest-all.cc,"(326, 10)-(326, 18)",b'#include <vector>\n'
rocksdb,../repos/rocksdb/third-party/gtest-1.8.1/fused-src/gtest/gtest-all.cc,"(453, 10)-(453, 18)",b'#include <vector>\n'
rocksdb,../repos/rocksdb/third-party/gtest-1.8.1/fused-src/gtest/gtest-all.cc,"(9455, 11)-(9455, 16)",b'# include <map>  // Used in ThreadLocal.\n'
rocksdb,../repos/rocksdb/include/rocksdb/listener.h,"(12, 10)-(12, 25)",b'#include <unordered_map>\n'
rocksdb,../repos/rocksdb/include/rocksdb/listener.h,"(13, 10)-(13, 18)",b'#include <vector>\n'
rocksdb,../repos/rocksdb/include/rocksdb/universal_compaction.h,"(10, 10)-(10, 18)",b'#include <vector>\n'
rocksdb,../repos/rocksdb/include/rocksdb/transaction_log.h,"(9, 10)-(9, 18)",b'#include <vector>\n'
rocksdb,../repos/rocksdb/include/rocksdb/metadata.h,"(12, 10)-(12, 18)",b'#include <vector>\n'
rocksdb,../repos/rocksdb/include/rocksdb/trace_record.h,"(10, 10)-(10, 18)",b'#include <vector>\n'
rocksdb,../repos/rocksdb/include/rocksdb/env.h,"(26, 10)-(26, 18)",b'#include <vector>\n'
rocksdb,../repos/rocksdb/include/rocksdb/convenience.h,"(9, 10)-(9, 25)",b'#include <unordered_map>\n'
rocksdb,../repos/rocksdb/include/rocksdb/convenience.h,"(10, 10)-(10, 18)",b'#include <vector>\n'
rocksdb,../repos/rocksdb/include/rocksdb/merge_operator.h,"(8, 10)-(8, 17)",b'#include <deque>\n'
rocksdb,../repos/rocksdb/include/rocksdb/merge_operator.h,"(13, 10)-(13, 18)",b'#include <vector>\n'
rocksdb,../repos/rocksdb/include/rocksdb/thread_status.h,"(18, 10)-(18, 15)",b'#include <map>\n'
rocksdb,../repos/rocksdb/include/rocksdb/thread_status.h,"(21, 10)-(21, 18)",b'#include <vector>\n'
rocksdb,../repos/rocksdb/include/rocksdb/write_buffer_manager.h,"(18, 10)-(18, 16)",b'#include <list>\n'
rocksdb,../repos/rocksdb/include/rocksdb/version.h,"(8, 10)-(8, 25)",b'#include <unordered_map>\n'
rocksdb,../repos/rocksdb/include/rocksdb/data_structure.h,"(12, 10)-(12, 18)",b'#include <vector>\n'
rocksdb,../repos/rocksdb/include/rocksdb/filter_policy.h,"(28, 10)-(28, 18)",b'#include <vector>\n'
rocksdb,../repos/rocksdb/include/rocksdb/perf_context.h,"(10, 10)-(10, 15)",b'#include <map>\n'
rocksdb,../repos/rocksdb/include/rocksdb/types.h,"(11, 10)-(11, 25)",b'#include <unordered_map>\n'
rocksdb,../repos/rocksdb/include/rocksdb/trace_record_result.h,"(9, 10)-(9, 18)",b'#include <vector>\n'
rocksdb,../repos/rocksdb/include/rocksdb/db.h,"(14, 10)-(14, 15)",b'#include <map>\n'
rocksdb,../repos/rocksdb/include/rocksdb/db.h,"(17, 10)-(17, 25)",b'#include <unordered_map>\n'
rocksdb,../repos/rocksdb/include/rocksdb/db.h,"(18, 10)-(18, 18)",b'#include <vector>\n'
rocksdb,../repos/rocksdb/include/rocksdb/table.h,"(23, 10)-(23, 25)",b'#include <unordered_map>\n'
rocksdb,../repos/rocksdb/include/rocksdb/configurable.h,"(13, 10)-(13, 25)",b'#include <unordered_map>\n'
rocksdb,../repos/rocksdb/include/rocksdb/configurable.h,"(14, 10)-(14, 25)",b'#include <unordered_set>\n'
rocksdb,../repos/rocksdb/include/rocksdb/configurable.h,"(15, 10)-(15, 18)",b'#include <vector>\n'
rocksdb,../repos/rocksdb/include/rocksdb/ldb_tool.h,"(7, 10)-(7, 18)",b'#include <vector>\n'
rocksdb,../repos/rocksdb/include/rocksdb/stats_history.h,"(11, 10)-(11, 15)",b'#include <map>\n'
rocksdb,../repos/rocksdb/include/rocksdb/sst_file_manager.h,"(10, 10)-(10, 25)",b'#include <unordered_map>\n'
rocksdb,../repos/rocksdb/include/rocksdb/sst_file_manager.h,"(11, 10)-(11, 18)",b'#include <vector>\n'
rocksdb,../repos/rocksdb/include/rocksdb/table_properties.h,"(9, 10)-(9, 15)",b'#include <map>\n'
rocksdb,../repos/rocksdb/include/rocksdb/write_batch.h,"(33, 10)-(33, 18)",b'#include <vector>\n'
rocksdb,../repos/rocksdb/include/rocksdb/wal_filter.h,"(8, 10)-(8, 15)",b'#include <map>\n'
rocksdb,../repos/rocksdb/include/rocksdb/memtablerep.h,"(43, 10)-(43, 25)",b'#include <unordered_set>\n'
rocksdb,../repos/rocksdb/include/rocksdb/compaction_filter.h,"(15, 10)-(15, 18)",b'#include <vector>\n'
rocksdb,../repos/rocksdb/include/rocksdb/file_checksum.h,"(12, 10)-(12, 15)",b'#include <map>\n'
rocksdb,../repos/rocksdb/include/rocksdb/file_checksum.h,"(15, 10)-(15, 18)",b'#include <vector>\n'
rocksdb,../repos/rocksdb/include/rocksdb/utilities/object_registry.h,"(10, 10)-(10, 15)",b'#include <map>\n'
rocksdb,../repos/rocksdb/include/rocksdb/utilities/object_registry.h,"(14, 10)-(14, 25)",b'#include <unordered_map>\n'
rocksdb,../repos/rocksdb/include/rocksdb/utilities/object_registry.h,"(15, 10)-(15, 25)",b'#include <unordered_set>\n'
rocksdb,../repos/rocksdb/include/rocksdb/utilities/object_registry.h,"(16, 10)-(16, 18)",b'#include <vector>\n'
rocksdb,../repos/rocksdb/include/rocksdb/utilities/stackable_db.h,"(7, 10)-(7, 15)",b'#include <map>\n'
rocksdb,../repos/rocksdb/include/rocksdb/utilities/cache_dump_load.h,"(8, 10)-(8, 15)",b'#include <set>\n'
rocksdb,../repos/rocksdb/include/rocksdb/utilities/transaction.h,"(11, 10)-(11, 18)",b'#include <vector>\n'
rocksdb,../repos/rocksdb/include/rocksdb/utilities/checkpoint.h,"(11, 10)-(11, 18)",b'#include <vector>\n'
rocksdb,../repos/rocksdb/include/rocksdb/utilities/lua/rocks_lua_util.h,"(16, 10)-(16, 18)",b'#include <vector>\n'
rocksdb,../repos/rocksdb/include/rocksdb/utilities/agg_merge.h,"(9, 10)-(9, 18)",b'#include <vector>\n'
rocksdb,../repos/rocksdb/include/rocksdb/utilities/write_batch_with_index.h,"(15, 10)-(15, 18)",b'#include <vector>\n'
rocksdb,../repos/rocksdb/include/rocksdb/utilities/optimistic_transaction_db.h,"(10, 10)-(10, 18)",b'#include <vector>\n'
rocksdb,../repos/rocksdb/include/rocksdb/utilities/backup_engine.h,"(13, 10)-(13, 24)",b'#include <forward_list>\n'
rocksdb,../repos/rocksdb/include/rocksdb/utilities/backup_engine.h,"(15, 10)-(15, 15)",b'#include <map>\n'
rocksdb,../repos/rocksdb/include/rocksdb/utilities/backup_engine.h,"(17, 10)-(17, 18)",b'#include <vector>\n'
rocksdb,../repos/rocksdb/include/rocksdb/utilities/options_type.h,"(19, 10)-(19, 25)",b'#include <unordered_map>\n'
rocksdb,../repos/rocksdb/include/rocksdb/utilities/db_ttl.h,"(9, 10)-(9, 18)",b'#include <vector>\n'
rocksdb,../repos/rocksdb/include/rocksdb/utilities/env_mirror.h,"(24, 10)-(24, 18)",b'#include <vector>\n'
rocksdb,../repos/rocksdb/include/rocksdb/utilities/options_util.h,"(11, 10)-(11, 18)",b'#include <vector>\n'
rocksdb,../repos/rocksdb/include/rocksdb/utilities/transaction_db.h,"(10, 10)-(10, 18)",b'#include <vector>\n'
rocksdb,../repos/rocksdb/include/rocksdb/utilities/info_log_finder.h,"(9, 10)-(9, 18)",b'#include <vector>\n'
rocksdb,../repos/rocksdb/include/rocksdb/utilities/ldb_cmd.h,"(14, 10)-(14, 15)",b'#include <map>\n'
rocksdb,../repos/rocksdb/include/rocksdb/utilities/ldb_cmd.h,"(17, 10)-(17, 18)",b'#include <vector>\n'
rocksdb,../repos/rocksdb/include/rocksdb/utilities/customizable_util.h,"(17, 10)-(17, 25)",b'#include <unordered_map>\n'
rocksdb,../repos/rocksdb/include/rocksdb/utilities/memory_util.h,"(9, 10)-(9, 15)",b'#include <map>\n'
rocksdb,../repos/rocksdb/include/rocksdb/utilities/memory_util.h,"(11, 10)-(11, 25)",b'#include <unordered_set>\n'
rocksdb,../repos/rocksdb/include/rocksdb/utilities/memory_util.h,"(12, 10)-(12, 18)",b'#include <vector>\n'
rocksdb,../repos/rocksdb/include/rocksdb/options.h,"(18, 10)-(18, 25)",b'#include <unordered_map>\n'
rocksdb,../repos/rocksdb/include/rocksdb/options.h,"(19, 10)-(19, 18)",b'#include <vector>\n'
rocksdb,../repos/rocksdb/include/rocksdb/statistics.h,"(11, 10)-(11, 15)",b'#include <map>\n'
rocksdb,../repos/rocksdb/include/rocksdb/statistics.h,"(14, 10)-(14, 18)",b'#include <vector>\n'
rocksdb,../repos/rocksdb/include/rocksdb/wide_columns.h,"(11, 10)-(11, 18)",b'#include <vector>\n'
rocksdb,../repos/rocksdb/include/rocksdb/file_system.h,"(28, 10)-(28, 25)",b'#include <unordered_map>\n'
rocksdb,../repos/rocksdb/include/rocksdb/file_system.h,"(29, 10)-(29, 18)",b'#include <vector>\n'
rocksdb,../repos/rocksdb/port/win/env_win.h,"(23, 10)-(23, 18)",b'#include <vector>\n'
rocksdb,../repos/rocksdb/java/rocksjni/backupenginejni.cc,"(11, 10)-(11, 18)",b'#include <vector>\n'
rocksdb,../repos/rocksdb/java/rocksjni/event_listener_jnicallback.h,"(15, 10)-(15, 15)",b'#include <set>\n'
rocksdb,../repos/rocksdb/java/rocksjni/options.cc,"(16, 10)-(16, 18)",b'#include <vector>\n'
rocksdb,../repos/rocksdb/java/rocksjni/portal.h,"(22, 10)-(22, 15)",b'#include <set>\n'
rocksdb,../repos/rocksdb/java/rocksjni/portal.h,"(25, 10)-(25, 18)",b'#include <vector>\n'
rocksdb,../repos/rocksdb/java/rocksjni/backup_engine_options.cc,"(15, 10)-(15, 18)",b'#include <vector>\n'
rocksdb,../repos/rocksdb/java/rocksjni/statisticsjni.h,"(13, 10)-(13, 15)",b'#include <set>\n'
rocksdb,../repos/rocksdb/java/rocksjni/statistics.cc,"(14, 10)-(14, 15)",b'#include <set>\n'
rocksdb,../repos/rocksdb/java/rocksjni/rocksjni.cc,"(18, 10)-(18, 18)",b'#include <vector>\n'
rocksdb,../repos/rocksdb/java/rocksjni/ttl.cc,"(16, 10)-(16, 18)",b'#include <vector>\n'
rocksdb,../repos/rocksdb/java/rocksjni/env.cc,"(13, 10)-(13, 18)",b'#include <vector>\n'
rocksdb,../repos/rocksdb/java/rocksjni/wal_filter_jnicallback.h,"(14, 10)-(14, 15)",b'#include <map>\n'
rocksdb,../repos/rocksdb/java/rocksjni/memory_util.cc,"(10, 10)-(10, 15)",b'#include <map>\n'
rocksdb,../repos/rocksdb/java/rocksjni/memory_util.cc,"(12, 10)-(12, 25)",b'#include <unordered_set>\n'
rocksdb,../repos/rocksdb/java/rocksjni/memory_util.cc,"(13, 10)-(13, 18)",b'#include <vector>\n'
rocksdb,../repos/rocksdb/logging/auto_roll_logger_test.cc,"(19, 10)-(19, 18)",b'#include <vector>\n'
rocksdb,../repos/rocksdb/logging/auto_roll_logger.h,"(10, 10)-(10, 16)",b'#include <list>\n'
rocksdb,../repos/rocksdb/logging/auto_roll_logger.h,"(11, 10)-(11, 17)",b'#include <queue>\n'
rocksdb,../repos/rocksdb/db/comparator_db_test.cc,"(5, 10)-(5, 17)",b'#include <array>\n'
rocksdb,../repos/rocksdb/db/comparator_db_test.cc,"(6, 10)-(6, 15)",b'#include <map>\n'
rocksdb,../repos/rocksdb/db/table_properties_collector_test.cc,"(8, 10)-(8, 15)",b'#include <map>\n'
rocksdb,../repos/rocksdb/db/table_properties_collector_test.cc,"(12, 10)-(12, 18)",b'#include <vector>\n'
rocksdb,../repos/rocksdb/db/range_del_aggregator_bench.cc,"(18, 10)-(18, 15)",b'#include <set>\n'
rocksdb,../repos/rocksdb/db/range_del_aggregator_bench.cc,"(20, 10)-(20, 18)",b'#include <vector>\n'
rocksdb,../repos/rocksdb/db/db_table_properties_test.cc,"(11, 10)-(11, 25)",b'#include <unordered_set>\n'
rocksdb,../repos/rocksdb/db/db_table_properties_test.cc,"(12, 10)-(12, 18)",b'#include <vector>\n'
rocksdb,../repos/rocksdb/db/builder.h,"(11, 10)-(11, 18)",b'#include <vector>\n'
rocksdb,../repos/rocksdb/db/range_del_aggregator.h,"(10, 10)-(10, 16)",b'#include <list>\n'
rocksdb,../repos/rocksdb/db/range_del_aggregator.h,"(11, 10)-(11, 15)",b'#include <map>\n'
rocksdb,../repos/rocksdb/db/range_del_aggregator.h,"(12, 10)-(12, 15)",b'#include <set>\n'
rocksdb,../repos/rocksdb/db/range_del_aggregator.h,"(14, 10)-(14, 18)",b'#include <vector>\n'
rocksdb,../repos/rocksdb/db/merge_helper_test.cc,"(10, 10)-(10, 18)",b'#include <vector>\n'
rocksdb,../repos/rocksdb/db/file_indexer.h,"(14, 10)-(14, 18)",b'#include <vector>\n'
rocksdb,../repos/rocksdb/db/db_impl/db_impl.h,"(12, 10)-(12, 17)",b'#include <deque>\n'
rocksdb,../repos/rocksdb/db/db_impl/db_impl.h,"(15, 10)-(15, 16)",b'#include <list>\n'
rocksdb,../repos/rocksdb/db/db_impl/db_impl.h,"(16, 10)-(16, 15)",b'#include <map>\n'
rocksdb,../repos/rocksdb/db/db_impl/db_impl.h,"(17, 10)-(17, 15)",b'#include <set>\n'
rocksdb,../repos/rocksdb/db/db_impl/db_impl.h,"(19, 10)-(19, 25)",b'#include <unordered_map>\n'
rocksdb,../repos/rocksdb/db/db_impl/db_impl.h,"(21, 10)-(21, 18)",b'#include <vector>\n'
rocksdb,../repos/rocksdb/db/db_impl/db_impl_secondary.h,"(10, 10)-(10, 18)",b'#include <vector>\n'
rocksdb,../repos/rocksdb/db/db_impl/db_impl.cc,"(18, 10)-(18, 15)",b'#include <map>\n'
rocksdb,../repos/rocksdb/db/db_impl/db_impl.cc,"(19, 10)-(19, 15)",b'#include <set>\n'
rocksdb,../repos/rocksdb/db/db_impl/db_impl.cc,"(23, 10)-(23, 25)",b'#include <unordered_map>\n'
rocksdb,../repos/rocksdb/db/db_impl/db_impl.cc,"(25, 10)-(25, 18)",b'#include <vector>\n'
rocksdb,../repos/rocksdb/db/db_impl/db_impl_compaction_flush.cc,"(10, 10)-(10, 17)",b'#include <deque>\n'
rocksdb,../repos/rocksdb/db/db_impl/db_impl_files.cc,"(10, 10)-(10, 15)",b'#include <set>\n'
rocksdb,../repos/rocksdb/db/db_impl/db_impl_files.cc,"(11, 10)-(11, 25)",b'#include <unordered_set>\n'
rocksdb,../repos/rocksdb/db/db_impl/db_impl_readonly.h,"(10, 10)-(10, 18)",b'#include <vector>\n'
rocksdb,../repos/rocksdb/db/db_impl/compacted_db_impl.h,"(8, 10)-(8, 18)",b'#include <vector>\n'
rocksdb,../repos/rocksdb/db/db_impl/db_impl_experimental.cc,"(11, 10)-(11, 18)",b'#include <vector>\n'
rocksdb,../repos/rocksdb/db/db_block_cache_test.cc,"(12, 10)-(12, 25)",b'#include <unordered_set>\n'
rocksdb,../repos/rocksdb/db/memtable_list.h,"(8, 10)-(8, 17)",b'#include <deque>\n'
rocksdb,../repos/rocksdb/db/memtable_list.h,"(10, 10)-(10, 16)",b'#include <list>\n'
rocksdb,../repos/rocksdb/db/memtable_list.h,"(11, 10)-(11, 15)",b'#include <set>\n'
rocksdb,../repos/rocksdb/db/memtable_list.h,"(13, 10)-(13, 18)",b'#include <vector>\n'
rocksdb,../repos/rocksdb/db/snapshot_impl.h,"(11, 10)-(11, 18)",b'#include <vector>\n'
rocksdb,../repos/rocksdb/db/obsolete_files_test.cc,"(12, 10)-(12, 15)",b'#include <map>\n'
rocksdb,../repos/rocksdb/db/obsolete_files_test.cc,"(14, 10)-(14, 18)",b'#include <vector>\n'
rocksdb,../repos/rocksdb/db/compact_files_test.cc,"(10, 10)-(10, 18)",b'#include <vector>\n'
rocksdb,../repos/rocksdb/db/db_iter_test.cc,"(11, 10)-(11, 18)",b'#include <vector>\n'
rocksdb,../repos/rocksdb/db/plain_table_db_test.cc,"(12, 10)-(12, 15)",b'#include <set>\n'
rocksdb,../repos/rocksdb/db/write_batch_internal.h,"(11, 10)-(11, 17)",b'#include <array>\n'
rocksdb,../repos/rocksdb/db/write_batch_internal.h,"(12, 10)-(12, 18)",b'#include <vector>\n'
rocksdb,../repos/rocksdb/db/memtable.h,"(12, 10)-(12, 17)",b'#include <deque>\n'
rocksdb,../repos/rocksdb/db/memtable.h,"(16, 10)-(16, 25)",b'#include <unordered_set>\n'
rocksdb,../repos/rocksdb/db/memtable.h,"(17, 10)-(17, 18)",b'#include <vector>\n'
rocksdb,../repos/rocksdb/db/prefix_test.cc,"(17, 10)-(17, 18)",b'#include <vector>\n'
rocksdb,../repos/rocksdb/db/job_context.h,"(13, 10)-(13, 18)",b'#include <vector>\n'
rocksdb,../repos/rocksdb/db/wal_manager.h,"(12, 10)-(12, 17)",b'#include <deque>\n'
rocksdb,../repos/rocksdb/db/wal_manager.h,"(15, 10)-(15, 15)",b'#include <set>\n'
rocksdb,../repos/rocksdb/db/wal_manager.h,"(18, 10)-(18, 18)",b'#include <vector>\n'
rocksdb,../repos/rocksdb/db/flush_job_test.cc,"(9, 10)-(9, 17)",b'#include <array>\n'
rocksdb,../repos/rocksdb/db/flush_job_test.cc,"(10, 10)-(10, 15)",b'#include <map>\n'
rocksdb,../repos/rocksdb/db/wal_manager.cc,"(15, 10)-(15, 18)",b'#include <vector>\n'
rocksdb,../repos/rocksdb/db/builder.cc,"(13, 10)-(13, 17)",b'#include <deque>\n'
rocksdb,../repos/rocksdb/db/builder.cc,"(14, 10)-(14, 18)",b'#include <vector>\n'
rocksdb,../repos/rocksdb/db/db_test_util.h,"(16, 10)-(16, 15)",b'#include <map>\n'
rocksdb,../repos/rocksdb/db/db_test_util.h,"(18, 10)-(18, 15)",b'#include <set>\n'
rocksdb,../repos/rocksdb/db/db_test_util.h,"(21, 10)-(21, 25)",b'#include <unordered_set>\n'
rocksdb,../repos/rocksdb/db/db_test_util.h,"(23, 10)-(23, 18)",b'#include <vector>\n'
rocksdb,../repos/rocksdb/db/merge_context.h,"(10, 10)-(10, 18)",b'#include <vector>\n'
rocksdb,../repos/rocksdb/db/forward_iterator_bench.cc,"(25, 10)-(25, 17)",b'#include <queue>\n'
rocksdb,../repos/rocksdb/db/column_family.h,"(14, 10)-(14, 25)",b'#include <unordered_map>\n'
rocksdb,../repos/rocksdb/db/column_family.h,"(15, 10)-(15, 18)",b'#include <vector>\n'
rocksdb,../repos/rocksdb/db/compaction/compaction_picker.h,"(13, 10)-(13, 15)",b'#include <set>\n'
rocksdb,../repos/rocksdb/db/compaction/compaction_picker.h,"(15, 10)-(15, 25)",b'#include <unordered_set>\n'
rocksdb,../repos/rocksdb/db/compaction/compaction_picker.h,"(16, 10)-(16, 18)",b'#include <vector>\n'
rocksdb,../repos/rocksdb/db/compaction/clipping_iterator_test.cc,"(11, 10)-(11, 18)",b'#include <vector>\n'
rocksdb,../repos/rocksdb/db/compaction/compaction_picker_level.cc,"(14, 10)-(14, 18)",b'#include <vector>\n'
rocksdb,../repos/rocksdb/db/compaction/compaction_job_test.cc,"(10, 10)-(10, 17)",b'#include <array>\n'
rocksdb,../repos/rocksdb/db/compaction/compaction_job_test.cc,"(12, 10)-(12, 15)",b'#include <map>\n'
rocksdb,../repos/rocksdb/db/compaction/compaction_picker_universal.cc,"(14, 10)-(14, 17)",b'#include <queue>\n'
rocksdb,../repos/rocksdb/db/compaction/compaction_iterator_test.cc,"(9, 10)-(9, 18)",b'#include <vector>\n'
rocksdb,../repos/rocksdb/db/compaction/compaction_iterator.h,"(9, 10)-(9, 17)",b'#include <deque>\n'
rocksdb,../repos/rocksdb/db/compaction/compaction_iterator.h,"(11, 10)-(11, 25)",b'#include <unordered_set>\n'
rocksdb,../repos/rocksdb/db/compaction/compaction_iterator.h,"(12, 10)-(12, 18)",b'#include <vector>\n'
rocksdb,../repos/rocksdb/db/compaction/compaction_picker.cc,"(14, 10)-(14, 17)",b'#include <queue>\n'
rocksdb,../repos/rocksdb/db/compaction/compaction_picker.cc,"(17, 10)-(17, 18)",b'#include <vector>\n'
rocksdb,../repos/rocksdb/db/compaction/compaction.cc,"(13, 10)-(13, 18)",b'#include <vector>\n'
rocksdb,../repos/rocksdb/db/compaction/compaction_job.cc,"(16, 10)-(16, 15)",b'#include <set>\n'
rocksdb,../repos/rocksdb/db/compaction/compaction_job.cc,"(18, 10)-(18, 18)",b'#include <vector>\n'
rocksdb,../repos/rocksdb/db/compaction/compaction_picker_fifo.cc,"(14, 10)-(14, 18)",b'#include <vector>\n'
rocksdb,../repos/rocksdb/db/compaction/compaction_job_stats_test.cc,"(14, 10)-(14, 17)",b'#include <queue>\n'
rocksdb,../repos/rocksdb/db/compaction/compaction_job_stats_test.cc,"(15, 10)-(15, 15)",b'#include <set>\n'
rocksdb,../repos/rocksdb/db/compaction/compaction_job_stats_test.cc,"(17, 10)-(17, 25)",b'#include <unordered_set>\n'
rocksdb,../repos/rocksdb/db/compaction/compaction_job.h,"(12, 10)-(12, 17)",b'#include <deque>\n'
rocksdb,../repos/rocksdb/db/compaction/compaction_job.h,"(15, 10)-(15, 15)",b'#include <set>\n'
rocksdb,../repos/rocksdb/db/compaction/compaction_job.h,"(18, 10)-(18, 18)",b'#include <vector>\n'
rocksdb,../repos/rocksdb/db/table_cache.h,"(15, 10)-(15, 18)",b'#include <vector>\n'
rocksdb,../repos/rocksdb/db/memtable_list.cc,"(11, 10)-(11, 17)",b'#include <queue>\n'
rocksdb,../repos/rocksdb/db/db_filesnapshot.cc,"(12, 10)-(12, 18)",b'#include <vector>\n'
rocksdb,../repos/rocksdb/db/external_sst_file_ingestion_job.h,"(8, 10)-(8, 25)",b'#include <unordered_set>\n'
rocksdb,../repos/rocksdb/db/external_sst_file_ingestion_job.h,"(9, 10)-(9, 18)",b'#include <vector>\n'
rocksdb,../repos/rocksdb/db/write_callback_test.cc,"(13, 10)-(13, 18)",b'#include <vector>\n'
rocksdb,../repos/rocksdb/db/write_batch.cc,"(44, 10)-(44, 15)",b'#include <map>\n'
rocksdb,../repos/rocksdb/db/write_batch.cc,"(45, 10)-(45, 17)",b'#include <stack>\n'
rocksdb,../repos/rocksdb/db/write_batch.cc,"(48, 10)-(48, 25)",b'#include <unordered_map>\n'
rocksdb,../repos/rocksdb/db/write_batch.cc,"(49, 10)-(49, 18)",b'#include <vector>\n'
rocksdb,../repos/rocksdb/db/deletefile_test.cc,"(11, 10)-(11, 15)",b'#include <map>\n'
rocksdb,../repos/rocksdb/db/deletefile_test.cc,"(13, 10)-(13, 18)",b'#include <vector>\n'
rocksdb,../repos/rocksdb/db/blob/blob_counting_iterator_test.cc,"(9, 10)-(9, 18)",b'#include <vector>\n'
rocksdb,../repos/rocksdb/db/blob/blob_garbage_meter.h,"(10, 10)-(10, 25)",b'#include <unordered_map>\n'
rocksdb,../repos/rocksdb/db/blob/blob_garbage_meter_test.cc,"(9, 10)-(9, 18)",b'#include <vector>\n'
rocksdb,../repos/rocksdb/db/blob/db_blob_index_test.cc,"(13, 10)-(13, 18)",b'#include <vector>\n'
rocksdb,../repos/rocksdb/db/blob/blob_file_meta.h,"(12, 10)-(12, 25)",b'#include <unordered_set>\n'
rocksdb,../repos/rocksdb/db/blob/prefetch_buffer_collection.h,"(11, 10)-(11, 25)",b'#include <unordered_map>\n'
rocksdb,../repos/rocksdb/db/blob/blob_file_builder.h,"(11, 10)-(11, 18)",b'#include <vector>\n'
rocksdb,../repos/rocksdb/db/blob/blob_file_builder_test.cc,"(12, 10)-(12, 18)",b'#include <vector>\n'
rocksdb,../repos/rocksdb/db/blob/db_blob_basic_test.cc,"(6, 10)-(6, 17)",b'#include <array>\n'
rocksdb,../repos/rocksdb/db/flush_job.h,"(12, 10)-(12, 17)",b'#include <deque>\n'
rocksdb,../repos/rocksdb/db/flush_job.h,"(14, 10)-(14, 16)",b'#include <list>\n'
rocksdb,../repos/rocksdb/db/flush_job.h,"(15, 10)-(15, 15)",b'#include <set>\n'
rocksdb,../repos/rocksdb/db/flush_job.h,"(18, 10)-(18, 18)",b'#include <vector>\n'
rocksdb,../repos/rocksdb/db/db_merge_operator_test.cc,"(6, 10)-(6, 18)",b'#include <vector>\n'
rocksdb,../repos/rocksdb/db/internal_stats.h,"(13, 10)-(13, 15)",b'#include <map>\n'
rocksdb,../repos/rocksdb/db/internal_stats.h,"(16, 10)-(16, 18)",b'#include <vector>\n'
rocksdb,../repos/rocksdb/db/transaction_log_impl.h,"(7, 10)-(7, 18)",b'#include <vector>\n'
rocksdb,../repos/rocksdb/db/merge_helper.h,"(8, 10)-(8, 17)",b'#include <deque>\n'
rocksdb,../repos/rocksdb/db/merge_helper.h,"(10, 10)-(10, 18)",b'#include <vector>\n'
rocksdb,../repos/rocksdb/db/history_trimming_iterator.h,"(8, 10)-(8, 18)",b'#include <vector>\n'
rocksdb,../repos/rocksdb/db/db_test.cc,"(16, 10)-(16, 15)",b'#include <set>\n'
rocksdb,../repos/rocksdb/db/db_test.cc,"(18, 10)-(18, 25)",b'#include <unordered_set>\n'
rocksdb,../repos/rocksdb/db/version_set.h,"(23, 10)-(23, 17)",b'#include <deque>\n'
rocksdb,../repos/rocksdb/db/version_set.h,"(25, 10)-(25, 15)",b'#include <map>\n'
rocksdb,../repos/rocksdb/db/version_set.h,"(28, 10)-(28, 15)",b'#include <set>\n'
rocksdb,../repos/rocksdb/db/version_set.h,"(30, 10)-(30, 25)",b'#include <unordered_set>\n'
rocksdb,../repos/rocksdb/db/version_set.h,"(32, 10)-(32, 18)",b'#include <vector>\n'
rocksdb,../repos/rocksdb/db/wide/db_wide_basic_test.cc,"(6, 10)-(6, 17)",b'#include <array>\n'
rocksdb,../repos/rocksdb/db/forward_iterator.h,"(9, 10)-(9, 17)",b'#include <queue>\n'
rocksdb,../repos/rocksdb/db/forward_iterator.h,"(11, 10)-(11, 18)",b'#include <vector>\n'
rocksdb,../repos/rocksdb/db/column_family.cc,"(17, 10)-(17, 18)",b'#include <vector>\n'
rocksdb,../repos/rocksdb/db/pinned_iterators_manager.h,"(10, 10)-(10, 18)",b'#include <vector>\n'
rocksdb,../repos/rocksdb/db/seqno_to_time_mapping.cc,"(12, 10)-(12, 17)",b'#include <deque>\n'
rocksdb,../repos/rocksdb/db/seqno_to_time_mapping.cc,"(14, 10)-(14, 17)",b'#include <queue>\n'
rocksdb,../repos/rocksdb/db/seqno_to_time_mapping.cc,"(15, 10)-(15, 18)",b'#include <vector>\n'
rocksdb,../repos/rocksdb/db/seqno_to_time_mapping.h,"(12, 10)-(12, 17)",b'#include <deque>\n'
rocksdb,../repos/rocksdb/db/memtable.cc,"(13, 10)-(13, 17)",b'#include <array>\n'
rocksdb,../repos/rocksdb/db/db_info_dumper.cc,"(12, 10)-(12, 18)",b'#include <vector>\n'
rocksdb,../repos/rocksdb/db/range_tombstone_fragmenter.h,"(8, 10)-(8, 16)",b'#include <list>\n'
rocksdb,../repos/rocksdb/db/range_tombstone_fragmenter.h,"(10, 10)-(10, 15)",b'#include <set>\n'
rocksdb,../repos/rocksdb/db/range_tombstone_fragmenter.h,"(12, 10)-(12, 18)",b'#include <vector>\n'
rocksdb,../repos/rocksdb/db/range_tombstone_fragmenter.cc,"(12, 10)-(12, 15)",b'#include <set>\n'
rocksdb,../repos/rocksdb/db/write_stall_stats.h,"(8, 10)-(8, 17)",b'#include <array>\n'
rocksdb,../repos/rocksdb/db/wal_edit.h,"(12, 10)-(12, 15)",b'#include <map>\n'
rocksdb,../repos/rocksdb/db/wal_edit.h,"(15, 10)-(15, 25)",b'#include <unordered_map>\n'
rocksdb,../repos/rocksdb/db/wal_edit.h,"(16, 10)-(16, 18)",b'#include <vector>\n'
rocksdb,../repos/rocksdb/db/logs_with_prep_tracker.h,"(12, 10)-(12, 25)",b'#include <unordered_map>\n'
rocksdb,../repos/rocksdb/db/logs_with_prep_tracker.h,"(13, 10)-(13, 18)",b'#include <vector>\n'
rocksdb,../repos/rocksdb/db/event_helpers.h,"(9, 10)-(9, 18)",b'#include <vector>\n'
rocksdb,../repos/rocksdb/db/write_thread.h,"(15, 10)-(15, 18)",b'#include <vector>\n'
rocksdb,../repos/rocksdb/db/internal_stats.cc,"(20, 10)-(20, 18)",b'#include <vector>\n'
rocksdb,../repos/rocksdb/db/log_reader.h,"(14, 10)-(14, 25)",b'#include <unordered_map>\n'
rocksdb,../repos/rocksdb/db/log_reader.h,"(15, 10)-(15, 18)",b'#include <vector>\n'
rocksdb,../repos/rocksdb/db/external_sst_file_ingestion_job.cc,"(12, 10)-(12, 25)",b'#include <unordered_set>\n'
rocksdb,../repos/rocksdb/db/external_sst_file_ingestion_job.cc,"(13, 10)-(13, 18)",b'#include <vector>\n'
rocksdb,../repos/rocksdb/db/perf_context_test.cc,"(11, 10)-(11, 18)",b'#include <vector>\n'
rocksdb,../repos/rocksdb/db/wal_manager_test.cc,"(9, 10)-(9, 15)",b'#include <map>\n'
rocksdb,../repos/rocksdb/db/version_edit.h,"(13, 10)-(13, 15)",b'#include <set>\n'
rocksdb,../repos/rocksdb/db/version_edit.h,"(16, 10)-(16, 18)",b'#include <vector>\n'
rocksdb,../repos/rocksdb/db/log_writer.h,"(13, 10)-(13, 25)",b'#include <unordered_map>\n'
rocksdb,../repos/rocksdb/db/log_writer.h,"(14, 10)-(14, 18)",b'#include <vector>\n'
rocksdb,../repos/rocksdb/db/c.cc,"(13, 10)-(13, 15)",b'#include <map>\n'
rocksdb,../repos/rocksdb/db/c.cc,"(14, 10)-(14, 25)",b'#include <unordered_set>\n'
rocksdb,../repos/rocksdb/db/c.cc,"(15, 10)-(15, 18)",b'#include <vector>\n'
rocksdb,../repos/rocksdb/db/table_properties_collector.h,"(11, 10)-(11, 18)",b'#include <vector>\n'
rocksdb,../repos/rocksdb/db/memtable_list_test.cc,"(10, 10)-(10, 18)",b'#include <vector>\n'
rocksdb,../repos/rocksdb/db/import_column_family_job.cc,"(14, 10)-(14, 18)",b'#include <vector>\n'
rocksdb,../repos/rocksdb/db/column_family_test.cc,"(14, 10)-(14, 18)",b'#include <vector>\n'
rocksdb,../repos/rocksdb/db/flush_job.cc,"(14, 10)-(14, 18)",b'#include <vector>\n'
rocksdb,../repos/rocksdb/db/import_column_family_job.h,"(9, 10)-(9, 25)",b'#include <unordered_set>\n'
rocksdb,../repos/rocksdb/db/import_column_family_job.h,"(10, 10)-(10, 18)",b'#include <vector>\n'
rocksdb,../repos/rocksdb/db/db_options_test.cc,"(11, 10)-(11, 25)",b'#include <unordered_map>\n'
rocksdb,../repos/rocksdb/db/db_write_test.cc,"(11, 10)-(11, 18)",b'#include <vector>\n'
rocksdb,../repos/rocksdb/db/flush_scheduler.h,"(11, 10)-(11, 15)",b'#include <set>\n'
rocksdb,../repos/rocksdb/db/write_controller_test.cc,"(8, 10)-(8, 17)",b'#include <array>\n'
rocksdb,../repos/rocksdb/db/range_del_aggregator_test.cc,"(10, 10)-(10, 18)",b'#include <vector>\n'
rocksdb,../repos/rocksdb/db/repair_test.cc,"(8, 10)-(8, 18)",b'#include <vector>\n'
rocksdb,../repos/rocksdb/db/version_set.cc,"(13, 10)-(13, 17)",b'#include <array>\n'
rocksdb,../repos/rocksdb/db/version_set.cc,"(16, 10)-(16, 16)",b'#include <list>\n'
rocksdb,../repos/rocksdb/db/version_set.cc,"(17, 10)-(17, 15)",b'#include <map>\n'
rocksdb,../repos/rocksdb/db/version_set.cc,"(18, 10)-(18, 15)",b'#include <set>\n'
rocksdb,../repos/rocksdb/db/version_set.cc,"(20, 10)-(20, 25)",b'#include <unordered_map>\n'
rocksdb,../repos/rocksdb/db/version_set.cc,"(21, 10)-(21, 18)",b'#include <vector>\n'
rocksdb,../repos/rocksdb/db/version_builder.cc,"(16, 10)-(16, 15)",b'#include <map>\n'
rocksdb,../repos/rocksdb/db/version_builder.cc,"(18, 10)-(18, 15)",b'#include <set>\n'
rocksdb,../repos/rocksdb/db/version_builder.cc,"(21, 10)-(21, 25)",b'#include <unordered_map>\n'
rocksdb,../repos/rocksdb/db/version_builder.cc,"(22, 10)-(22, 25)",b'#include <unordered_set>\n'
rocksdb,../repos/rocksdb/db/version_builder.cc,"(24, 10)-(24, 18)",b'#include <vector>\n'
rocksdb,../repos/rocksdb/fuzz/db_map_fuzzer.cc,"(8, 10)-(8, 15)",b'#include <map>\n'
rocksdb,../repos/rocksdb/tools/io_tracer_parser_test.cc,"(16, 10)-(16, 18)",b'#include <vector>\n'
rocksdb,../repos/rocksdb/tools/ldb_cmd_impl.h,"(8, 10)-(8, 15)",b'#include <map>\n'
rocksdb,../repos/rocksdb/tools/ldb_cmd_impl.h,"(11, 10)-(11, 18)",b'#include <vector>\n'
rocksdb,../repos/rocksdb/tools/blob_dump.cc,"(10, 10)-(10, 25)",b'#include <unordered_map>\n'
rocksdb,../repos/rocksdb/tools/db_sanity_test.cc,"(9, 10)-(9, 18)",b'#include <vector>\n'
rocksdb,../repos/rocksdb/tools/block_cache_analyzer/block_cache_trace_analyzer.h,"(8, 10)-(8, 15)",b'#include <map>\n'
rocksdb,../repos/rocksdb/tools/block_cache_analyzer/block_cache_trace_analyzer.h,"(9, 10)-(9, 15)",b'#include <set>\n'
rocksdb,../repos/rocksdb/tools/block_cache_analyzer/block_cache_trace_analyzer.h,"(10, 10)-(10, 18)",b'#include <vector>\n'
rocksdb,../repos/rocksdb/tools/block_cache_analyzer/block_cache_trace_analyzer_test.cc,"(17, 10)-(17, 15)",b'#include <map>\n'
rocksdb,../repos/rocksdb/tools/block_cache_analyzer/block_cache_trace_analyzer_test.cc,"(18, 10)-(18, 18)",b'#include <vector>\n'
rocksdb,../repos/rocksdb/tools/write_stress.cc,"(62, 10)-(62, 15)",b'#include <set>\n'
rocksdb,../repos/rocksdb/tools/db_bench_tool.cc,"(38, 10)-(38, 17)",b'#include <queue>\n'
rocksdb,../repos/rocksdb/tools/db_bench_tool.cc,"(40, 10)-(40, 25)",b'#include <unordered_map>\n'
rocksdb,../repos/rocksdb/tools/trace_analyzer_tool.h,"(8, 10)-(8, 16)",b'#include <list>\n'
rocksdb,../repos/rocksdb/tools/trace_analyzer_tool.h,"(9, 10)-(9, 15)",b'#include <map>\n'
rocksdb,../repos/rocksdb/tools/trace_analyzer_tool.h,"(10, 10)-(10, 17)",b'#include <queue>\n'
rocksdb,../repos/rocksdb/tools/trace_analyzer_tool.h,"(11, 10)-(11, 15)",b'#include <set>\n'
rocksdb,../repos/rocksdb/tools/trace_analyzer_tool.h,"(13, 10)-(13, 18)",b'#include <vector>\n'
rocksdb,../repos/rocksdb/examples/rocksdb_backup_restore_example.cc,"(8, 10)-(8, 18)",b'#include <vector>\n'
rocksdb,../repos/rocksdb/examples/column_families_example.cc,"(7, 10)-(7, 18)",b'#include <vector>\n'
rocksdb,../repos/rocksdb/examples/options_file_example.cc,"(11, 10)-(11, 18)",b'#include <vector>\n'
rocksdb,../repos/rocksdb/examples/multi_processes_example.cc,"(24, 10)-(24, 18)",b'#include <vector>\n'
rocksdb,../repos/rocksdb/table/block_based/block_based_table_reader.cc,"(12, 10)-(12, 17)",b'#include <array>\n'
rocksdb,../repos/rocksdb/table/block_based/block_based_table_reader.cc,"(18, 10)-(18, 25)",b'#include <unordered_set>\n'
rocksdb,../repos/rocksdb/table/block_based/block_based_table_reader.cc,"(20, 10)-(20, 18)",b'#include <vector>\n'
rocksdb,../repos/rocksdb/table/block_based/full_filter_block.h,"(13, 10)-(13, 18)",b'#include <vector>\n'
rocksdb,../repos/rocksdb/table/block_based/data_block_hash_index.cc,"(8, 10)-(8, 18)",b'#include <vector>\n'
rocksdb,../repos/rocksdb/table/block_based/filter_policy_internal.h,"(14, 10)-(14, 18)",b'#include <vector>\n'
rocksdb,../repos/rocksdb/table/block_based/block_prefix_index.cc,"(8, 10)-(8, 18)",b'#include <vector>\n'
rocksdb,../repos/rocksdb/table/block_based/block_based_table_iterator.h,"(10, 10)-(10, 17)",b'#include <deque>\n'
rocksdb,../repos/rocksdb/table/block_based/partitioned_filter_block.h,"(8, 10)-(8, 17)",b'#include <deque>\n'
rocksdb,../repos/rocksdb/table/block_based/partitioned_filter_block.h,"(9, 10)-(9, 16)",b'#include <list>\n'
rocksdb,../repos/rocksdb/table/block_based/partitioned_filter_block.h,"(11, 10)-(11, 25)",b'#include <unordered_map>\n'
rocksdb,../repos/rocksdb/table/block_based/block.cc,"(16, 10)-(16, 25)",b'#include <unordered_map>\n'
rocksdb,../repos/rocksdb/table/block_based/block.cc,"(17, 10)-(17, 18)",b'#include <vector>\n'
rocksdb,../repos/rocksdb/table/block_based/data_block_hash_index_test.cc,"(10, 10)-(10, 25)",b'#include <unordered_map>\n'
rocksdb,../repos/rocksdb/table/block_based/index_builder.cc,"(14, 10)-(14, 16)",b'#include <list>\n'
rocksdb,../repos/rocksdb/table/block_based/block_based_table_builder.h,"(13, 10)-(13, 17)",b'#include <array>\n'
rocksdb,../repos/rocksdb/table/block_based/block_based_table_builder.h,"(17, 10)-(17, 18)",b'#include <vector>\n'
rocksdb,../repos/rocksdb/table/block_based/block_test.cc,"(11, 10)-(11, 15)",b'#include <set>\n'
rocksdb,../repos/rocksdb/table/block_based/block_test.cc,"(13, 10)-(13, 25)",b'#include <unordered_set>\n'
rocksdb,../repos/rocksdb/table/block_based/block_test.cc,"(15, 10)-(15, 18)",b'#include <vector>\n'
rocksdb,../repos/rocksdb/table/block_based/block.h,"(15, 10)-(15, 18)",b'#include <vector>\n'
rocksdb,../repos/rocksdb/table/block_based/block_builder.h,"(13, 10)-(13, 18)",b'#include <vector>\n'
rocksdb,../repos/rocksdb/table/block_based/index_builder.h,"(13, 10)-(13, 16)",b'#include <list>\n'
rocksdb,../repos/rocksdb/table/block_based/index_builder.h,"(15, 10)-(15, 25)",b'#include <unordered_map>\n'
rocksdb,../repos/rocksdb/table/block_based/data_block_hash_index.h,"(10, 10)-(10, 18)",b'#include <vector>\n'
rocksdb,../repos/rocksdb/table/block_based/full_filter_block.cc,"(8, 10)-(8, 17)",b'#include <array>\n'
rocksdb,../repos/rocksdb/table/block_based/filter_policy.cc,"(12, 10)-(12, 17)",b'#include <array>\n'
rocksdb,../repos/rocksdb/table/block_based/filter_policy.cc,"(16, 10)-(16, 17)",b'#include <deque>\n'
rocksdb,../repos/rocksdb/table/block_based/full_filter_block_test.cc,"(8, 10)-(8, 15)",b'#include <set>\n'
rocksdb,../repos/rocksdb/table/block_based/partitioned_filter_block_test.cc,"(8, 10)-(8, 15)",b'#include <map>\n'
rocksdb,../repos/rocksdb/table/block_based/filter_block.h,"(21, 10)-(21, 18)",b'#include <vector>\n'
rocksdb,../repos/rocksdb/table/block_based/block_based_table_builder.cc,"(15, 10)-(15, 16)",b'#include <list>\n'
rocksdb,../repos/rocksdb/table/block_based/block_based_table_builder.cc,"(16, 10)-(16, 15)",b'#include <map>\n'
rocksdb,../repos/rocksdb/table/block_based/block_based_table_builder.cc,"(20, 10)-(20, 25)",b'#include <unordered_map>\n'
rocksdb,../repos/rocksdb/table/meta_blocks.cc,"(7, 10)-(7, 15)",b'#include <map>\n'
rocksdb,../repos/rocksdb/table/sst_file_writer.cc,"(8, 10)-(8, 18)",b'#include <vector>\n'
rocksdb,../repos/rocksdb/table/plain/plain_table_bloom.h,"(9, 10)-(9, 18)",b'#include <vector>\n'
rocksdb,../repos/rocksdb/table/plain/plain_table_builder.cc,"(10, 10)-(10, 15)",b'#include <map>\n'
rocksdb,../repos/rocksdb/table/plain/plain_table_builder.h,"(11, 10)-(11, 18)",b'#include <vector>\n'
rocksdb,../repos/rocksdb/table/plain/plain_table_index.h,"(10, 10)-(10, 18)",b'#include <vector>\n'
rocksdb,../repos/rocksdb/table/plain/plain_table_key_coding.h,"(9, 10)-(9, 17)",b'#include <array>\n'
rocksdb,../repos/rocksdb/table/plain/plain_table_reader.cc,"(10, 10)-(10, 18)",b'#include <vector>\n'
rocksdb,../repos/rocksdb/table/plain/plain_table_reader.h,"(12, 10)-(12, 25)",b'#include <unordered_map>\n'
rocksdb,../repos/rocksdb/table/plain/plain_table_reader.h,"(13, 10)-(13, 18)",b'#include <vector>\n'
rocksdb,../repos/rocksdb/table/sst_file_dumper.cc,"(12, 10)-(12, 15)",b'#include <map>\n'
rocksdb,../repos/rocksdb/table/sst_file_dumper.cc,"(15, 10)-(15, 18)",b'#include <vector>\n'
rocksdb,../repos/rocksdb/table/unique_id_impl.h,"(8, 10)-(8, 17)",b'#include <array>\n'
rocksdb,../repos/rocksdb/table/cuckoo/cuckoo_table_reader.cc,"(16, 10)-(16, 18)",b'#include <vector>\n'
rocksdb,../repos/rocksdb/table/cuckoo/cuckoo_table_builder.h,"(12, 10)-(12, 18)",b'#include <vector>\n'
rocksdb,../repos/rocksdb/table/cuckoo/cuckoo_table_reader_test.cc,"(16, 10)-(16, 15)",b'#include <map>\n'
rocksdb,../repos/rocksdb/table/cuckoo/cuckoo_table_reader_test.cc,"(18, 10)-(18, 18)",b'#include <vector>\n'
rocksdb,../repos/rocksdb/table/cuckoo/cuckoo_table_reader.h,"(14, 10)-(14, 18)",b'#include <vector>\n'
rocksdb,../repos/rocksdb/table/cuckoo/cuckoo_table_builder.cc,"(12, 10)-(12, 18)",b'#include <vector>\n'
rocksdb,../repos/rocksdb/table/cuckoo/cuckoo_table_builder_test.cc,"(9, 10)-(9, 15)",b'#include <map>\n'
rocksdb,../repos/rocksdb/table/cuckoo/cuckoo_table_builder_test.cc,"(12, 10)-(12, 18)",b'#include <vector>\n'
rocksdb,../repos/rocksdb/table/table_builder.h,"(16, 10)-(16, 18)",b'#include <vector>\n'
rocksdb,../repos/rocksdb/table/meta_blocks.h,"(7, 10)-(7, 15)",b'#include <map>\n'
rocksdb,../repos/rocksdb/table/meta_blocks.h,"(10, 10)-(10, 18)",b'#include <vector>\n'
rocksdb,../repos/rocksdb/table/merger_test.cc,"(7, 10)-(7, 18)",b'#include <vector>\n'
rocksdb,../repos/rocksdb/table/table_test.cc,"(18, 10)-(18, 15)",b'#include <map>\n'
rocksdb,../repos/rocksdb/table/table_test.cc,"(21, 10)-(21, 25)",b'#include <unordered_set>\n'
rocksdb,../repos/rocksdb/table/table_test.cc,"(22, 10)-(22, 18)",b'#include <vector>\n'
rocksdb,../repos/rocksdb/table/mock_table.h,"(9, 10)-(9, 15)",b'#include <map>\n'
rocksdb,../repos/rocksdb/table/mock_table.h,"(11, 10)-(11, 15)",b'#include <set>\n'
rocksdb,../repos/rocksdb/table/multiget_context.h,"(8, 10)-(8, 17)",b'#include <array>\n'
rocksdb,../repos/rocksdb/table/format.h,"(12, 10)-(12, 17)",b'#include <array>\n'
rocksdb,../repos/rocksdb/table/iterator_wrapper.h,"(12, 10)-(12, 15)",b'#include <set>\n'
rocksdb,../repos/rocksdb/file/delete_scheduler_test.cc,"(11, 10)-(11, 18)",b'#include <vector>\n'
rocksdb,../repos/rocksdb/file/file_prefetch_buffer.h,"(14, 10)-(14, 17)",b'#include <deque>\n'
rocksdb,../repos/rocksdb/file/filename.h,"(16, 10)-(16, 25)",b'#include <unordered_map>\n'
rocksdb,../repos/rocksdb/file/filename.h,"(17, 10)-(17, 18)",b'#include <vector>\n'
rocksdb,../repos/rocksdb/file/delete_scheduler.h,"(9, 10)-(9, 15)",b'#include <map>\n'
rocksdb,../repos/rocksdb/file/delete_scheduler.h,"(10, 10)-(10, 17)",b'#include <queue>\n'
rocksdb,../repos/rocksdb/file/delete_scheduler.cc,"(11, 10)-(11, 18)",b'#include <vector>\n'
rocksdb,../repos/rocksdb/file/filename.cc,"(14, 10)-(14, 18)",b'#include <vector>\n'
rocksdb,../repos/rocksdb/file/sst_file_manager_impl.cc,"(9, 10)-(9, 18)",b'#include <vector>\n'
rocksdb,../repos/rocksdb/file/line_file_reader.h,"(7, 10)-(7, 17)",b'#include <array>\n'
rocksdb,../repos/rocksdb/options/options_helper.cc,"(11, 10)-(11, 15)",b'#include <set>\n'
rocksdb,../repos/rocksdb/options/options_helper.cc,"(12, 10)-(12, 25)",b'#include <unordered_set>\n'
rocksdb,../repos/rocksdb/options/options_helper.cc,"(13, 10)-(13, 18)",b'#include <vector>\n'
rocksdb,../repos/rocksdb/options/configurable_helper.h,"(8, 10)-(8, 15)",b'#include <map>\n'
rocksdb,../repos/rocksdb/options/configurable_helper.h,"(11, 10)-(11, 18)",b'#include <vector>\n'
rocksdb,../repos/rocksdb/options/options_parser.cc,"(10, 10)-(10, 15)",b'#include <map>\n'
rocksdb,../repos/rocksdb/options/options_parser.cc,"(13, 10)-(13, 18)",b'#include <vector>\n'
rocksdb,../repos/rocksdb/options/customizable_test.cc,"(15, 10)-(15, 25)",b'#include <unordered_map>\n'
rocksdb,../repos/rocksdb/options/customizable_test.cc,"(16, 10)-(16, 25)",b'#include <unordered_set>\n'
rocksdb,../repos/rocksdb/options/options_helper.h,"(8, 10)-(8, 15)",b'#include <map>\n'
rocksdb,../repos/rocksdb/options/options_helper.h,"(11, 10)-(11, 18)",b'#include <vector>\n'
rocksdb,../repos/rocksdb/options/cf_options.h,"(9, 10)-(9, 18)",b'#include <vector>\n'
rocksdb,../repos/rocksdb/options/db_options.h,"(9, 10)-(9, 18)",b'#include <vector>\n'
rocksdb,../repos/rocksdb/options/configurable_test.cc,"(15, 10)-(15, 25)",b'#include <unordered_map>\n'
rocksdb,../repos/rocksdb/options/configurable_test.h,"(13, 10)-(13, 25)",b'#include <unordered_map>\n'
rocksdb,../repos/rocksdb/options/options_parser.h,"(8, 10)-(8, 15)",b'#include <map>\n'
rocksdb,../repos/rocksdb/options/options_parser.h,"(10, 10)-(10, 18)",b'#include <vector>\n'
rocksdb,../repos/rocksdb/options/options_test.cc,"(13, 10)-(13, 25)",b'#include <unordered_map>\n'
rocksdb,../repos/rocksdb/memory/memory_usage.h,"(9, 10)-(9, 25)",b'#include <unordered_map>\n'
rocksdb,../repos/rocksdb/memory/jemalloc_nodump_allocator.h,"(9, 10)-(9, 18)",b'#include <vector>\n'
rocksdb,../repos/rocksdb/memory/arena.h,"(17, 10)-(17, 17)",b'#include <deque>\n'
rocksdb,../repos/rocksdb/utilities/cassandra/format.cc,"(9, 10)-(9, 15)",b'#include <map>\n'
rocksdb,../repos/rocksdb/utilities/cassandra/format.h,"(60, 10)-(60, 18)",b'#include <vector>\n'
rocksdb,../repos/rocksdb/utilities/backup/backup_engine_test.cc,"(15, 10)-(15, 17)",b'#include <array>\n'
rocksdb,../repos/rocksdb/utilities/backup/backup_engine.cc,"(19, 10)-(19, 15)",b'#include <map>\n'
rocksdb,../repos/rocksdb/utilities/backup/backup_engine.cc,"(25, 10)-(25, 25)",b'#include <unordered_map>\n'
rocksdb,../repos/rocksdb/utilities/backup/backup_engine.cc,"(26, 10)-(26, 25)",b'#include <unordered_set>\n'
rocksdb,../repos/rocksdb/utilities/backup/backup_engine.cc,"(27, 10)-(27, 18)",b'#include <vector>\n'
rocksdb,../repos/rocksdb/utilities/checkpoint/checkpoint_impl.cc,"(17, 10)-(17, 25)",b'#include <unordered_set>\n'
rocksdb,../repos/rocksdb/utilities/checkpoint/checkpoint_impl.cc,"(18, 10)-(18, 18)",b'#include <vector>\n'
rocksdb,../repos/rocksdb/utilities/fault_injection_fs.h,"(20, 10)-(20, 15)",b'#include <map>\n'
rocksdb,../repos/rocksdb/utilities/fault_injection_fs.h,"(21, 10)-(21, 15)",b'#include <set>\n'
rocksdb,../repos/rocksdb/utilities/trace/replayer_impl.h,"(12, 10)-(12, 25)",b'#include <unordered_map>\n'
rocksdb,../repos/rocksdb/utilities/blob_db/blob_db.h,"(12, 10)-(12, 18)",b'#include <vector>\n'
rocksdb,../repos/rocksdb/utilities/blob_db/blob_db_test.cc,"(13, 10)-(13, 15)",b'#include <map>\n'
rocksdb,../repos/rocksdb/utilities/blob_db/blob_db_test.cc,"(17, 10)-(17, 18)",b'#include <vector>\n'
rocksdb,../repos/rocksdb/utilities/blob_db/blob_compaction_filter.h,"(7, 10)-(7, 25)",b'#include <unordered_set>\n'
rocksdb,../repos/rocksdb/utilities/blob_db/blob_file.h,"(10, 10)-(10, 25)",b'#include <unordered_set>\n'
rocksdb,../repos/rocksdb/utilities/blob_db/blob_db_impl.h,"(12, 10)-(12, 16)",b'#include <list>\n'
rocksdb,../repos/rocksdb/utilities/blob_db/blob_db_impl.h,"(14, 10)-(14, 15)",b'#include <set>\n'
rocksdb,../repos/rocksdb/utilities/blob_db/blob_db_impl.h,"(17, 10)-(17, 25)",b'#include <unordered_map>\n'
rocksdb,../repos/rocksdb/utilities/blob_db/blob_db_impl.h,"(19, 10)-(19, 18)",b'#include <vector>\n'
rocksdb,../repos/rocksdb/utilities/fault_injection_env.h,"(16, 10)-(16, 15)",b'#include <map>\n'
rocksdb,../repos/rocksdb/utilities/fault_injection_env.h,"(17, 10)-(17, 15)",b'#include <set>\n'
rocksdb,../repos/rocksdb/utilities/persistent_cache/hash_table_bench.cc,"(20, 10)-(20, 25)",b'#include <unordered_map>\n'
rocksdb,../repos/rocksdb/utilities/persistent_cache/persistent_cache_util.h,"(8, 10)-(8, 16)",b'#include <list>\n'
rocksdb,../repos/rocksdb/utilities/persistent_cache/volatile_tier_impl.h,"(13, 10)-(13, 18)",b'#include <vector>\n'
rocksdb,../repos/rocksdb/utilities/persistent_cache/block_cache_tier_file.h,"(8, 10)-(8, 16)",b'#include <list>\n'
rocksdb,../repos/rocksdb/utilities/persistent_cache/block_cache_tier_file.h,"(11, 10)-(11, 18)",b'#include <vector>\n'
rocksdb,../repos/rocksdb/utilities/persistent_cache/hash_table.h,"(11, 10)-(11, 16)",b'#include <list>\n'
rocksdb,../repos/rocksdb/utilities/persistent_cache/hash_table.h,"(12, 10)-(12, 18)",b'#include <vector>\n'
rocksdb,../repos/rocksdb/utilities/persistent_cache/block_cache_tier.cc,"(9, 10)-(9, 18)",b'#include <vector>\n'
rocksdb,../repos/rocksdb/utilities/persistent_cache/hash_table_test.cc,"(11, 10)-(11, 15)",b'#include <set>\n'
rocksdb,../repos/rocksdb/utilities/persistent_cache/block_cache_tier.h,"(13, 10)-(13, 16)",b'#include <list>\n'
rocksdb,../repos/rocksdb/utilities/persistent_cache/block_cache_tier.h,"(15, 10)-(15, 15)",b'#include <set>\n'
rocksdb,../repos/rocksdb/utilities/persistent_cache/block_cache_tier_file.cc,"(13, 10)-(13, 18)",b'#include <vector>\n'
rocksdb,../repos/rocksdb/utilities/persistent_cache/persistent_cache_bench.cc,"(15, 10)-(15, 25)",b'#include <unordered_map>\n'
rocksdb,../repos/rocksdb/utilities/persistent_cache/persistent_cache_test.h,"(14, 10)-(14, 16)",b'#include <list>\n'
rocksdb,../repos/rocksdb/utilities/persistent_cache/persistent_cache_test.h,"(18, 10)-(18, 18)",b'#include <vector>\n'
rocksdb,../repos/rocksdb/utilities/persistent_cache/persistent_cache_tier.h,"(10, 10)-(10, 16)",b'#include <list>\n'
rocksdb,../repos/rocksdb/utilities/persistent_cache/persistent_cache_tier.h,"(11, 10)-(11, 15)",b'#include <map>\n'
rocksdb,../repos/rocksdb/utilities/persistent_cache/persistent_cache_tier.h,"(13, 10)-(13, 18)",b'#include <vector>\n'
rocksdb,../repos/rocksdb/utilities/persistent_cache/block_cache_tier_metadata.h,"(10, 10)-(10, 25)",b'#include <unordered_map>\n'
rocksdb,../repos/rocksdb/utilities/persistent_cache/block_cache_tier_file_buffer.h,"(7, 10)-(7, 16)",b'#include <list>\n'
rocksdb,../repos/rocksdb/utilities/cache_dump_load_impl.h,"(8, 10)-(8, 25)",b'#include <unordered_map>\n'
rocksdb,../repos/rocksdb/utilities/ttl/db_ttl_impl.h,"(8, 10)-(8, 17)",b'#include <deque>\n'
rocksdb,../repos/rocksdb/utilities/ttl/db_ttl_impl.h,"(10, 10)-(10, 18)",b'#include <vector>\n'
rocksdb,../repos/rocksdb/utilities/ttl/ttl_test.cc,"(7, 10)-(7, 15)",b'#include <map>\n'
rocksdb,../repos/rocksdb/utilities/write_batch_with_index/write_batch_with_index_internal.h,"(9, 10)-(9, 18)",b'#include <vector>\n'
rocksdb,../repos/rocksdb/utilities/write_batch_with_index/write_batch_with_index_test.cc,"(12, 10)-(12, 15)",b'#include <map>\n'
rocksdb,../repos/rocksdb/utilities/options/options_util_test.cc,"(11, 10)-(11, 25)",b'#include <unordered_map>\n'
rocksdb,../repos/rocksdb/utilities/table_properties_collectors/compact_on_deletion_collector_test.cc,"(14, 10)-(14, 18)",b'#include <vector>\n'
rocksdb,../repos/rocksdb/utilities/merge_operators/string_append/stringappend_test.cc,"(18, 10)-(18, 15)",b'#include <map>\n'
rocksdb,../repos/rocksdb/utilities/merge_operators/string_append/stringappend2.h,"(15, 10)-(15, 17)",b'#include <deque>\n'
rocksdb,../repos/rocksdb/utilities/option_change_migration/option_change_migration_test.cc,"(12, 10)-(12, 15)",b'#include <set>\n'
rocksdb,../repos/rocksdb/utilities/transactions/pessimistic_transaction.h,"(12, 10)-(12, 17)",b'#include <stack>\n'
rocksdb,../repos/rocksdb/utilities/transactions/pessimistic_transaction.h,"(14, 10)-(14, 25)",b'#include <unordered_map>\n'
rocksdb,../repos/rocksdb/utilities/transactions/pessimistic_transaction.h,"(15, 10)-(15, 18)",b'#include <vector>\n'
rocksdb,../repos/rocksdb/utilities/transactions/optimistic_transaction_db_impl.h,"(11, 10)-(11, 18)",b'#include <vector>\n'
rocksdb,../repos/rocksdb/utilities/transactions/write_prepared_txn_db.cc,"(12, 10)-(12, 25)",b'#include <unordered_set>\n'
rocksdb,../repos/rocksdb/utilities/transactions/write_prepared_txn_db.cc,"(13, 10)-(13, 18)",b'#include <vector>\n'
rocksdb,../repos/rocksdb/utilities/transactions/write_prepared_txn_db.h,"(10, 10)-(10, 17)",b'#include <queue>\n'
rocksdb,../repos/rocksdb/utilities/transactions/write_prepared_txn_db.h,"(11, 10)-(11, 15)",b'#include <set>\n'
rocksdb,../repos/rocksdb/utilities/transactions/write_prepared_txn_db.h,"(13, 10)-(13, 25)",b'#include <unordered_map>\n'
rocksdb,../repos/rocksdb/utilities/transactions/write_prepared_txn_db.h,"(14, 10)-(14, 18)",b'#include <vector>\n'
rocksdb,../repos/rocksdb/utilities/transactions/optimistic_transaction.h,"(9, 10)-(9, 17)",b'#include <stack>\n'
rocksdb,../repos/rocksdb/utilities/transactions/optimistic_transaction.h,"(11, 10)-(11, 25)",b'#include <unordered_map>\n'
rocksdb,../repos/rocksdb/utilities/transactions/optimistic_transaction.h,"(12, 10)-(12, 18)",b'#include <vector>\n'
rocksdb,../repos/rocksdb/utilities/transactions/transaction_util.cc,"(11, 10)-(11, 18)",b'#include <vector>\n'
rocksdb,../repos/rocksdb/utilities/transactions/lock/range/range_tree/lib/portability/txn_subst.h,"(10, 10)-(10, 15)",b'#include <set>\n'
rocksdb,../repos/rocksdb/utilities/transactions/lock/range/range_tree/range_tree_lock_tracker.h,"(10, 10)-(10, 25)",b'#include <unordered_map>\n'
rocksdb,../repos/rocksdb/utilities/transactions/lock/point/point_lock_tracker.h,"(10, 10)-(10, 25)",b'#include <unordered_map>\n'
rocksdb,../repos/rocksdb/utilities/transactions/lock/point/point_lock_manager.h,"(10, 10)-(10, 25)",b'#include <unordered_map>\n'
rocksdb,../repos/rocksdb/utilities/transactions/lock/point/point_lock_manager.h,"(12, 10)-(12, 18)",b'#include <vector>\n'
rocksdb,../repos/rocksdb/utilities/transactions/write_prepared_txn.cc,"(10, 10)-(10, 15)",b'#include <map>\n'
rocksdb,../repos/rocksdb/utilities/transactions/write_prepared_txn.cc,"(11, 10)-(11, 15)",b'#include <set>\n'
rocksdb,../repos/rocksdb/utilities/transactions/write_prepared_txn.h,"(12, 10)-(12, 17)",b'#include <stack>\n'
rocksdb,../repos/rocksdb/utilities/transactions/write_prepared_txn.h,"(14, 10)-(14, 25)",b'#include <unordered_map>\n'
rocksdb,../repos/rocksdb/utilities/transactions/write_prepared_txn.h,"(15, 10)-(15, 18)",b'#include <vector>\n'
rocksdb,../repos/rocksdb/utilities/transactions/transaction_util.h,"(10, 10)-(10, 25)",b'#include <unordered_map>\n'
rocksdb,../repos/rocksdb/utilities/transactions/optimistic_transaction_db_impl.cc,"(10, 10)-(10, 18)",b'#include <vector>\n'
rocksdb,../repos/rocksdb/utilities/transactions/pessimistic_transaction.cc,"(9, 10)-(9, 15)",b'#include <map>\n'
rocksdb,../repos/rocksdb/utilities/transactions/pessimistic_transaction.cc,"(10, 10)-(10, 15)",b'#include <set>\n'
rocksdb,../repos/rocksdb/utilities/transactions/pessimistic_transaction.cc,"(12, 10)-(12, 18)",b'#include <vector>\n'
rocksdb,../repos/rocksdb/utilities/transactions/pessimistic_transaction_db.h,"(9, 10)-(9, 17)",b'#include <queue>\n'
rocksdb,../repos/rocksdb/utilities/transactions/pessimistic_transaction_db.h,"(10, 10)-(10, 15)",b'#include <set>\n'
rocksdb,../repos/rocksdb/utilities/transactions/pessimistic_transaction_db.h,"(12, 10)-(12, 25)",b'#include <unordered_map>\n'
rocksdb,../repos/rocksdb/utilities/transactions/pessimistic_transaction_db.h,"(13, 10)-(13, 18)",b'#include <vector>\n'
rocksdb,../repos/rocksdb/utilities/transactions/write_unprepared_txn.h,"(9, 10)-(9, 15)",b'#include <set>\n'
rocksdb,../repos/rocksdb/utilities/transactions/transaction_base.h,"(9, 10)-(9, 17)",b'#include <stack>\n'
rocksdb,../repos/rocksdb/utilities/transactions/transaction_base.h,"(11, 10)-(11, 18)",b'#include <vector>\n'
rocksdb,../repos/rocksdb/utilities/transactions/pessimistic_transaction_db.cc,"(12, 10)-(12, 25)",b'#include <unordered_set>\n'
rocksdb,../repos/rocksdb/utilities/transactions/pessimistic_transaction_db.cc,"(13, 10)-(13, 18)",b'#include <vector>\n'
rocksdb,../repos/rocksdb/utilities/simulator_cache/cache_simulator.h,"(8, 10)-(8, 25)",b'#include <unordered_map>\n'
rocksdb,../repos/rocksdb/utilities/agg_merge/test_agg_merge.h,"(10, 10)-(10, 25)",b'#include <unordered_map>\n'
rocksdb,../repos/rocksdb/utilities/agg_merge/test_agg_merge.cc,"(10, 10)-(10, 17)",b'#include <deque>\n'
rocksdb,../repos/rocksdb/utilities/agg_merge/test_agg_merge.cc,"(11, 10)-(11, 18)",b'#include <vector>\n'
rocksdb,../repos/rocksdb/utilities/agg_merge/agg_merge_impl.h,"(10, 10)-(10, 25)",b'#include <unordered_map>\n'
rocksdb,../repos/rocksdb/utilities/agg_merge/agg_merge.cc,"(10, 10)-(10, 17)",b'#include <deque>\n'
rocksdb,../repos/rocksdb/utilities/agg_merge/agg_merge.cc,"(14, 10)-(14, 18)",b'#include <vector>\n'
rocksdb,../repos/rocksdb/memtable/skiplist_test.cc,"(12, 10)-(12, 15)",b'#include <set>\n'
rocksdb,../repos/rocksdb/memtable/vectorrep.cc,"(8, 10)-(8, 15)",b'#include <set>\n'
rocksdb,../repos/rocksdb/memtable/vectorrep.cc,"(10, 10)-(10, 25)",b'#include <unordered_set>\n'
rocksdb,../repos/rocksdb/memtable/memtablerep_bench.cc,"(23, 10)-(23, 18)",b'#include <vector>\n'
rocksdb,../repos/rocksdb/memtable/stl_wrappers.h,"(7, 10)-(7, 15)",b'#include <map>\n'
rocksdb,../repos/rocksdb/memtable/inlineskiplist_test.cc,"(12, 10)-(12, 15)",b'#include <set>\n'
rocksdb,../repos/rocksdb/memtable/inlineskiplist_test.cc,"(13, 10)-(13, 25)",b'#include <unordered_set>\n'
rocksdb,../repos/rocksdb/env/unique_id_gen.cc,"(9, 10)-(9, 17)",b'#include <array>\n'
rocksdb,../repos/rocksdb/env/fs_posix.cc,"(46, 10)-(46, 17)",b'#include <deque>\n'
rocksdb,../repos/rocksdb/env/fs_posix.cc,"(47, 10)-(47, 15)",b'#include <set>\n'
rocksdb,../repos/rocksdb/env/fs_posix.cc,"(48, 10)-(48, 18)",b'#include <vector>\n'
rocksdb,../repos/rocksdb/env/io_posix.h,"(19, 10)-(19, 15)",b'#include <map>\n'
rocksdb,../repos/rocksdb/env/env_posix.cc,"(54, 10)-(54, 17)",b'#include <deque>\n'
rocksdb,../repos/rocksdb/env/env_posix.cc,"(55, 10)-(55, 15)",b'#include <set>\n'
rocksdb,../repos/rocksdb/env/env_posix.cc,"(56, 10)-(56, 18)",b'#include <vector>\n'
rocksdb,../repos/rocksdb/env/unique_id_gen.h,"(15, 10)-(15, 17)",b'#include <array>\n'
rocksdb,../repos/rocksdb/env/mock_env.h,"(12, 10)-(12, 15)",b'#include <map>\n'
rocksdb,../repos/rocksdb/env/mock_env.h,"(14, 10)-(14, 18)",b'#include <vector>\n'
rocksdb,../repos/rocksdb/env/env_test.cc,"(22, 10)-(22, 16)",b'#include <list>\n'
rocksdb,../repos/rocksdb/env/env_test.cc,"(24, 10)-(24, 25)",b'#include <unordered_set>\n'
rocksdb,../repos/rocksdb/env/env_basic_test.cc,"(10, 10)-(10, 18)",b'#include <vector>\n'
