Repo name,File name,Location,Content
rocksdb,../repos/rocksdb/util/xxhash.h,"(1972, 9)-(1972, 55)",b'typedef union { xxh_u32 u32; } __attribute__(...'
rocksdb,../repos/rocksdb/util/xxhash.h,"(2039, 11)-(2039, 44)",b'const union { xxh_u32 u; xxh_u8 c[4]; } one =...'
rocksdb,../repos/rocksdb/util/xxhash.h,"(2639, 9)-(2639, 68)",b'typedef union { xxh_u32 u32; xxh_u64 u64; } _...'
rocksdb,../repos/rocksdb/util/xxph3.h,"(459, 9)-(459, 55)",b'typedef union { xxh_u32 u32; } __attribute__(...'
rocksdb,../repos/rocksdb/util/xxph3.h,"(491, 11)-(491, 44)",b'const union { xxh_u32 u; xxh_u8 c[4]; } one =...'
rocksdb,../repos/rocksdb/util/xxph3.h,"(589, 9)-(589, 68)",b'typedef union { xxh_u32 u32; xxh_u64 u64; } _...'
rocksdb,../repos/rocksdb/util/bloom_test.cc,"(1082, 3)-(1085, 4)",b'{\n  union {\n    uint64_t key_value = 0;\n    c...'
rocksdb,../repos/rocksdb/third-party/gtest-1.8.1/fused-src/gtest/gtest.h,"(8250, 3)-(8253, 4)",b'union FloatingPointUnion {\n    RawType value_...'
rocksdb,../repos/rocksdb/utilities/transactions/lock/range/range_tree/lib/util/omt.h,"(651, 3)-(654, 4)",b'union {\n    struct omt_array a;\n    struct om...'
rocksdb,../repos/rocksdb/utilities/transactions/lock/range/range_tree/lib/db.h,"(49, 3)-(55, 4)",b'union {\n    double dnum;\n    uint64_t num;\n  ...'
