Repo name,File name,Location,Content
rocksdb,../repos/rocksdb/util/hash_test.cc,"(590, 34)-(590, 45)",b'decltype(a)'
rocksdb,../repos/rocksdb/util/hash_test.cc,"(593, 34)-(593, 45)",b'decltype(a)'
rocksdb,../repos/rocksdb/third-party/gtest-1.8.1/fused-src/gtest/gtest.h,"(8840, 28)-(8840, 72)",b'decltype(::std::declval<const C&>().begin())'
rocksdb,../repos/rocksdb/third-party/gtest-1.8.1/fused-src/gtest/gtest.h,"(8841, 19)-(8841, 61)",b'decltype(::std::declval<const C&>().end())'
rocksdb,../repos/rocksdb/third-party/gtest-1.8.1/fused-src/gtest/gtest.h,"(8842, 19)-(8842, 58)",b'decltype(++::std::declval<Iterator&>())'
rocksdb,../repos/rocksdb/third-party/gtest-1.8.1/fused-src/gtest/gtest.h,"(8843, 19)-(8843, 56)",b'decltype(*::std::declval<Iterator>())'
rocksdb,../repos/rocksdb/port/win/env_win.cc,"(59, 52)-(59, 77)",b'decltype(CloseHandleFunc)'
rocksdb,../repos/rocksdb/port/win/env_win.cc,"(62, 50)-(62, 73)",b'decltype(FindCloseFunc)'
rocksdb,../repos/rocksdb/port/win/xpress_win.cc,"(73, 25)-(73, 53)",b'decltype(CloseCompressorFun)'
rocksdb,../repos/rocksdb/port/win/xpress_win.cc,"(154, 25)-(154, 55)",b'decltype(CloseDecompressorFun)'
rocksdb,../repos/rocksdb/db/write_batch.cc,"(1669, 20)-(1669, 40)",b'decltype(ts_sz_func)'
rocksdb,../repos/rocksdb/db/merge_operator.cc,"(45, 36)-(45, 54)",b'decltype(existing)'
rocksdb,../repos/rocksdb/db/version_set.cc,"(1716, 10)-(1716, 21)",b'decltype(n)'
rocksdb,../repos/rocksdb/db/version_set.cc,"(4833, 41)-(4833, 58)",b'decltype(ikey_lt)'
rocksdb,../repos/rocksdb/utilities/transactions/lock/range/range_tree/range_tree_lock_manager.cc,"(58, 17)-(58, 48)",b'decltype(EndpointStruct::slice)'
rocksdb,../repos/rocksdb/memtable/vectorrep.cc,"(129, 40)-(129, 58)",b'decltype(*bucket_)'
rocksdb,../repos/rocksdb/env/io_posix.cc,"(1655, 54)-(1655, 74)",b'decltype(buf.f_type)'
