Repo name,File name,Location,Content
rocksdb,../repos/rocksdb/db_stress_tool/multi_ops_txns_stress.h,"(302, 3)-(302, 37)",b'using KeySet = std::set<uint32_t>;'
rocksdb,../repos/rocksdb/test_util/secondary_cache_test_util.cc,"(15, 1)-(15, 42)",b'using TestItem = WithCacheType::TestItem;'
rocksdb,../repos/rocksdb/test_util/testutil.cc,"(257, 3)-(257, 55)",b'using IndexType = BlockBasedTableOptions::Ind...'
rocksdb,../repos/rocksdb/cache/compressed_secondary_cache_test.cc,"(630, 5)-(630, 71)",b'using CacheValueChunk = CompressedSecondaryCa...'
rocksdb,../repos/rocksdb/cache/compressed_secondary_cache_test.cc,"(655, 5)-(655, 71)",b'using CacheValueChunk = CompressedSecondaryCa...'
rocksdb,../repos/rocksdb/cache/compressed_secondary_cache_test.cc,"(714, 5)-(714, 71)",b'using CacheValueChunk = CompressedSecondaryCa...'
rocksdb,../repos/rocksdb/cache/cache_test.cc,"(640, 1)-(640, 59)",b'using SharedCache = BasicTypedSharedCacheInte...'
rocksdb,../repos/rocksdb/cache/cache_test.cc,"(641, 1)-(641, 46)",b'using TypedHandle = SharedCache::TypedHandle;'
rocksdb,../repos/rocksdb/cache/cache_reservation_manager.h,"(214, 3)-(214, 61)",b'using CacheInterface = PlaceholderSharedCache...'
rocksdb,../repos/rocksdb/cache/lru_cache_test.cc,"(377, 3)-(377, 44)",b'using Shard = typename ClockCache::Shard;'
rocksdb,../repos/rocksdb/cache/lru_cache_test.cc,"(378, 3)-(378, 39)",b'using Table = typename Shard::Table;'
rocksdb,../repos/rocksdb/cache/lru_cache_test.cc,"(379, 3)-(379, 42)",b'using TableOpts = typename Table::Opts;'
rocksdb,../repos/rocksdb/cache/lru_cache_test.cc,"(470, 1)-(471, 65)",b'using ClockCacheTypes =\n    ::testing::Types<...'
rocksdb,../repos/rocksdb/cache/lru_cache_test.cc,"(501, 3)-(501, 76)",b'using HandleImpl = typename ClockCacheTest<Ty...'
rocksdb,../repos/rocksdb/cache/lru_cache_test.cc,"(696, 3)-(696, 76)",b'using HandleImpl = typename ClockCacheTest<Ty...'
rocksdb,../repos/rocksdb/cache/lru_cache_test.cc,"(757, 3)-(757, 76)",b'using HandleImpl = typename ClockCacheTest<Ty...'
rocksdb,../repos/rocksdb/cache/lru_cache_test.cc,"(796, 3)-(796, 76)",b'using HandleImpl = typename ClockCacheTest<Ty...'
rocksdb,../repos/rocksdb/cache/lru_cache_test.cc,"(854, 3)-(854, 76)",b'using HandleImpl = typename ClockCacheTest<Ty...'
rocksdb,../repos/rocksdb/cache/lru_cache_test.cc,"(1040, 3)-(1040, 65)",b'using ResultMap = std::unordered_map<std::str...'
rocksdb,../repos/rocksdb/cache/lru_cache_test.cc,"(1203, 3)-(1204, 69)",b'using SharedCache =\n      BasicTypedSharedCac...'
rocksdb,../repos/rocksdb/cache/lru_cache_test.cc,"(1205, 3)-(1205, 48)",b'using TypedHandle = SharedCache::TypedHandle;'
rocksdb,../repos/rocksdb/cache/clock_cache.cc,"(586, 3)-(586, 49)",b'using HandleImpl = typename Table::HandleImpl;'
rocksdb,../repos/rocksdb/cache/clock_cache.cc,"(1816, 3)-(1816, 54)",b'using HandleImpl = AutoHyperClockTable::Handl...'
rocksdb,../repos/rocksdb/cache/clock_cache.cc,"(1863, 3)-(1863, 54)",b'using HandleImpl = AutoHyperClockTable::Handl...'
rocksdb,../repos/rocksdb/cache/clock_cache.cc,"(2625, 1)-(2625, 32)",b'using PurgeLockedOpData = void;'
rocksdb,../repos/rocksdb/cache/clock_cache.cc,"(2631, 1)-(2632, 50)",b'using ClockUpdateChainLockedOpData =\n    auto...'
rocksdb,../repos/rocksdb/cache/clock_cache.cc,"(2760, 1)-(2760, 40)",b'using PurgeOpData = const UniqueId64x2;'
rocksdb,../repos/rocksdb/cache/clock_cache.cc,"(2765, 1)-(2765, 61)",b'using ClockUpdateChainOpData = ClockUpdateCha...'
rocksdb,../repos/rocksdb/cache/clock_cache.h,"(1006, 3)-(1006, 49)",b'using HandleImpl = typename Table::HandleImpl;'
rocksdb,../repos/rocksdb/cache/clock_cache.h,"(1008, 3)-(1008, 32)",b'using HashVal = UniqueId64x2;'
rocksdb,../repos/rocksdb/cache/clock_cache.h,"(1009, 3)-(1009, 35)",b'using HashCref = const HashVal&;'
rocksdb,../repos/rocksdb/cache/clock_cache.h,"(1119, 3)-(1119, 40)",b'using Shard = ClockCacheShard<Table>;'
rocksdb,../repos/rocksdb/cache/clock_cache.h,"(1120, 3)-(1120, 32)",b'using Handle = Cache::Handle;'
rocksdb,../repos/rocksdb/cache/clock_cache.h,"(1121, 3)-(1121, 50)",b'using CacheItemHelper = Cache::CacheItemHelper;'
rocksdb,../repos/rocksdb/cache/typed_cache.h,"(97, 1)-(98, 62)",b'using PlaceholderSharedCacheInterface =\n    P...'
rocksdb,../repos/rocksdb/cache/typed_cache.h,"(105, 3)-(105, 51)",b'using TValuePtr = std::remove_extent_t<TValue>*;'
rocksdb,../repos/rocksdb/cache/typed_cache.h,"(206, 1)-(207, 69)",b'using BasicTypedSharedCacheInterface =\n    Ba...'
rocksdb,../repos/rocksdb/cache/typed_cache.h,"(375, 1)-(377, 53)",b'using FullTypedSharedCacheInterface =\n    Ful...'
rocksdb,../repos/rocksdb/cache/lru_cache.h,"(278, 3)-(278, 28)",b'using HashVal = uint32_t;'
rocksdb,../repos/rocksdb/cache/lru_cache.h,"(279, 3)-(279, 29)",b'using HashCref = uint32_t;'
rocksdb,../repos/rocksdb/cache/lru_cache.h,"(463, 1)-(463, 38)",b'using LRUCache = lru_cache::LRUCache;'
rocksdb,../repos/rocksdb/cache/lru_cache.h,"(464, 1)-(464, 40)",b'using LRUHandle = lru_cache::LRUHandle;'
rocksdb,../repos/rocksdb/cache/lru_cache.h,"(465, 1)-(465, 48)",b'using LRUCacheShard = lru_cache::LRUCacheShard;'
rocksdb,../repos/rocksdb/cache/tiered_secondary_cache_test.cc,"(169, 3)-(170, 69)",b'using SharedCache =\n      BasicTypedSharedCac...'
rocksdb,../repos/rocksdb/cache/tiered_secondary_cache_test.cc,"(171, 3)-(171, 48)",b'using TypedHandle = SharedCache::TypedHandle;'
rocksdb,../repos/rocksdb/cache/sharded_cache.h,"(30, 3)-(30, 38)",b'using DeleterFn = Cache::DeleterFn;'
rocksdb,../repos/rocksdb/cache/sharded_cache.h,"(35, 3)-(35, 28)",b'using HashVal = uint64_t;'
rocksdb,../repos/rocksdb/cache/sharded_cache.h,"(36, 3)-(36, 29)",b'using HashCref = uint64_t;'
rocksdb,../repos/rocksdb/cache/sharded_cache.h,"(136, 3)-(136, 48)",b'using HashVal = typename CacheShard::HashVal;'
rocksdb,../repos/rocksdb/cache/sharded_cache.h,"(137, 3)-(137, 50)",b'using HashCref = typename CacheShard::HashCref;'
rocksdb,../repos/rocksdb/cache/sharded_cache.h,"(138, 3)-(138, 54)",b'using HandleImpl = typename CacheShard::Handl...'
rocksdb,../repos/rocksdb/util/slice_test.cc,"(197, 1)-(197, 66)",b'using MyEnumClassSet = SmallEnumSet<MyEnumCla...'
rocksdb,../repos/rocksdb/util/compression.h,"(90, 3)-(90, 40)",b'using ZSTDNativeContext = ZSTD_DCtx*;'
rocksdb,../repos/rocksdb/util/compression.h,"(141, 3)-(141, 35)",b'using ZSTDNativeContext = void*;'
rocksdb,../repos/rocksdb/util/autovector_test.cc,"(63, 3)-(63, 50)","b'using ValType = std::pair<size_t, std::string>;'"
rocksdb,../repos/rocksdb/util/string_util.cc,"(208, 1)-(208, 39)","b'using CharMap = std::pair<char, char>;'"
rocksdb,../repos/rocksdb/util/timer_queue.h,"(144, 3)-(144, 43)",b'using Clock = std::chrono::steady_clock;'
rocksdb,../repos/rocksdb/util/mutexlock.h,"(147, 3)-(147, 18)",b'using type = T;'
rocksdb,../repos/rocksdb/util/mutexlock.h,"(152, 3)-(152, 18)",b'using type = T;'
rocksdb,../repos/rocksdb/util/mutexlock.h,"(171, 3)-(171, 46)",b'using Unwrapped = typename Unwrap<T>::type;'
rocksdb,../repos/rocksdb/util/timer_queue_test.cc,"(33, 1)-(33, 50)",b'using Clock = std::chrono::high_resolution_clock;'
rocksdb,../repos/rocksdb/util/ribbon_impl.h,"(92, 3)-(92, 39)","b'using T = std::pair<Key, ResultRow>;'"
rocksdb,../repos/rocksdb/util/ribbon_impl.h,"(98, 3)-(98, 17)",b'using T = Key;'
rocksdb,../repos/rocksdb/util/ribbon_impl.h,"(111, 3)-(111, 26)",b'using QueryInput = Key;'
rocksdb,../repos/rocksdb/util/ribbon_impl.h,"(112, 3)-(113, 55)",b'using AddInput = typename ROCKSDB_NAMESPACE::...'
rocksdb,../repos/rocksdb/util/ribbon_impl.h,"(418, 3)-(418, 56)",b'using Hash = typename RehasherTypesAndSetting...'
rocksdb,../repos/rocksdb/util/ribbon_impl.h,"(419, 3)-(419, 20)",b'using Key = Hash;'
rocksdb,../repos/rocksdb/util/ribbon_impl.h,"(420, 3)-(420, 56)",b'using Seed = typename RehasherTypesAndSetting...'
rocksdb,../repos/rocksdb/util/ribbon_impl.h,"(440, 1)-(441, 71)",b'using StandardRehasher =\n    StandardHasher<S...'
rocksdb,../repos/rocksdb/util/ribbon_test.cc,"(195, 3)-(195, 51)",b'using CoeffRow = ROCKSDB_NAMESPACE::Unsigned128;'
rocksdb,../repos/rocksdb/util/ribbon_test.cc,"(196, 3)-(196, 29)",b'using ResultRow = uint8_t;'
rocksdb,../repos/rocksdb/util/ribbon_test.cc,"(197, 3)-(197, 26)",b'using Index = uint32_t;'
rocksdb,../repos/rocksdb/util/ribbon_test.cc,"(198, 3)-(198, 25)",b'using Hash = uint64_t;'
rocksdb,../repos/rocksdb/util/ribbon_test.cc,"(199, 3)-(199, 25)",b'using Seed = uint32_t;'
rocksdb,../repos/rocksdb/util/ribbon_test.cc,"(200, 3)-(200, 40)",b'using Key = ROCKSDB_NAMESPACE::Slice;'
rocksdb,../repos/rocksdb/util/ribbon_test.cc,"(213, 3)-(213, 33)",b'using KeyGen = StandardKeyGen;'
rocksdb,../repos/rocksdb/util/ribbon_test.cc,"(219, 1)-(219, 59)",b'using TypesAndSettings_Coeff128 = DefaultType...'
rocksdb,../repos/rocksdb/util/ribbon_test.cc,"(224, 3)-(224, 29)",b'using CoeffRow = uint64_t;'
rocksdb,../repos/rocksdb/util/ribbon_test.cc,"(238, 3)-(238, 29)",b'using ResultRow = uint8_t;'
rocksdb,../repos/rocksdb/util/ribbon_test.cc,"(252, 3)-(252, 29)",b'using CoeffRow = uint64_t;'
rocksdb,../repos/rocksdb/util/ribbon_test.cc,"(269, 3)-(269, 30)",b'using ResultRow = uint16_t;'
rocksdb,../repos/rocksdb/util/ribbon_test.cc,"(272, 3)-(272, 30)",b'using ResultRow = uint32_t;'
rocksdb,../repos/rocksdb/util/ribbon_test.cc,"(275, 3)-(275, 24)",b'using Index = size_t;'
rocksdb,../repos/rocksdb/util/ribbon_test.cc,"(278, 3)-(278, 25)",b'using Hash = uint32_t;'
rocksdb,../repos/rocksdb/util/ribbon_test.cc,"(287, 3)-(287, 30)",b'using ResultRow = uint16_t;'
rocksdb,../repos/rocksdb/util/ribbon_test.cc,"(290, 3)-(290, 27)",b'using Key = std::string;'
rocksdb,../repos/rocksdb/util/ribbon_test.cc,"(296, 3)-(296, 24)",b'using Seed = uint8_t;'
rocksdb,../repos/rocksdb/util/ribbon_test.cc,"(305, 3)-(305, 25)",b'using Seed = uint64_t;'
rocksdb,../repos/rocksdb/util/ribbon_test.cc,"(309, 3)-(309, 54)",b'using KeyGen = Hash64KeyGenWrapper<StandardKe...'
rocksdb,../repos/rocksdb/util/ribbon_test.cc,"(312, 3)-(312, 30)",b'using ResultRow = uint16_t;'
rocksdb,../repos/rocksdb/util/ribbon_test.cc,"(315, 3)-(315, 30)",b'using ResultRow = uint32_t;'
rocksdb,../repos/rocksdb/util/ribbon_test.cc,"(319, 3)-(319, 54)",b'using KeyGen = Hash64KeyGenWrapper<StandardKe...'
rocksdb,../repos/rocksdb/util/ribbon_test.cc,"(324, 3)-(324, 54)",b'using KeyGen = Hash32KeyGenWrapper<StandardKe...'
rocksdb,../repos/rocksdb/util/ribbon_test.cc,"(328, 3)-(328, 29)",b'using CoeffRow = uint64_t;'
rocksdb,../repos/rocksdb/util/ribbon_test.cc,"(332, 3)-(332, 30)",b'using KeyGen = SmallKeyGen;'
rocksdb,../repos/rocksdb/util/ribbon_test.cc,"(336, 3)-(336, 30)",b'using KeyGen = SmallKeyGen;'
rocksdb,../repos/rocksdb/util/ribbon_test.cc,"(339, 3)-(339, 29)",b'using CoeffRow = uint32_t;'
rocksdb,../repos/rocksdb/util/ribbon_test.cc,"(345, 3)-(345, 29)",b'using CoeffRow = uint16_t;'
rocksdb,../repos/rocksdb/util/ribbon_test.cc,"(351, 1)-(367, 36)",b'using TestTypesAndSettings = ::testing::Types...'
rocksdb,../repos/rocksdb/util/ribbon_test.cc,"(410, 3)-(410, 45)",b'using KeyGen = typename TypeParam::KeyGen;'
rocksdb,../repos/rocksdb/util/ribbon_test.cc,"(411, 3)-(412, 65)",b'using ConfigHelper =\n      ROCKSDB_NAMESPACE:...'
rocksdb,../repos/rocksdb/util/ribbon_test.cc,"(888, 3)-(888, 45)",b'using KeyGen = typename TypeParam::KeyGen;'
rocksdb,../repos/rocksdb/util/ribbon_test.cc,"(970, 3)-(970, 33)",b'using KeyGen = StandardKeyGen;'
rocksdb,../repos/rocksdb/util/ribbon_test.cc,"(1125, 3)-(1125, 45)",b'using KeyGen = typename TypeParam::KeyGen;'
rocksdb,../repos/rocksdb/util/ribbon_test.cc,"(1238, 3)-(1238, 45)",b'using KeyGen = typename TypeParam::KeyGen;'
rocksdb,../repos/rocksdb/util/duplicate_detector.h,"(45, 3)-(45, 49)","b'using CFKeys = std::set<Slice, SetComparator>;'"
rocksdb,../repos/rocksdb/util/distributed_mutex.h,"(33, 1)-(33, 61)",b'using DMutexLock = std::lock_guard<folly::Dis...'
rocksdb,../repos/rocksdb/util/distributed_mutex.h,"(45, 1)-(45, 28)",b'using DMutex = port::Mutex;'
rocksdb,../repos/rocksdb/util/distributed_mutex.h,"(46, 1)-(46, 44)",b'using DMutexLock = std::lock_guard<DMutex>;'
rocksdb,../repos/rocksdb/util/hash_containers.h,"(23, 1)-(23, 46)","b'using UnorderedMap = folly::F14FastMap<K, V>;'"
rocksdb,../repos/rocksdb/util/hash_containers.h,"(26, 1)-(26, 50)","b'using UnorderedMapH = folly::F14FastMap<K, V, H>;'"
rocksdb,../repos/rocksdb/util/hash_containers.h,"(29, 1)-(29, 43)",b'using UnorderedSet = folly::F14FastSet<K>;'
rocksdb,../repos/rocksdb/util/hash_containers.h,"(41, 1)-(41, 47)","b'using UnorderedMap = std::unordered_map<K, V>;'"
rocksdb,../repos/rocksdb/util/hash_containers.h,"(44, 1)-(44, 51)","b'using UnorderedMapH = std::unordered_map<K, V, H>;'"
rocksdb,../repos/rocksdb/util/hash_containers.h,"(47, 1)-(47, 44)",b'using UnorderedSet = std::unordered_set<K>;'
rocksdb,../repos/rocksdb/util/murmurhash.h,"(21, 1)-(21, 27)",b'using murmur_t = uint64_t;'
rocksdb,../repos/rocksdb/util/murmurhash.h,"(27, 1)-(27, 31)",b'using murmur_t = unsigned int;'
rocksdb,../repos/rocksdb/util/murmurhash.h,"(33, 1)-(33, 31)",b'using murmur_t = unsigned int;'
rocksdb,../repos/rocksdb/util/crc32c.cc,"(317, 1)-(317, 62)","b'using Function = uint32_t (*)(uint32_t, const...'"
rocksdb,../repos/rocksdb/util/crc32c.cc,"(1174, 3)-(1174, 24)",b'using value_type = T;'
rocksdb,../repos/rocksdb/util/crc32c.cc,"(1185, 1)-(1185, 67)",b'using make_index_sequence = make_integer_sequ...'
rocksdb,../repos/rocksdb/util/crc32c.cc,"(1190, 3)-(1190, 57)",b'using index_sequence = integer_sequence<size_...'
rocksdb,../repos/rocksdb/util/threadpool_imp.cc,"(154, 3)-(154, 38)",b'using BGQueue = std::deque<BGItem>;'
rocksdb,../repos/rocksdb/util/autovector.h,"(43, 3)-(43, 24)",b'using value_type = T;'
rocksdb,../repos/rocksdb/util/autovector.h,"(44, 3)-(44, 68)",b'using difference_type = typename std::vector<...'
rocksdb,../repos/rocksdb/util/autovector.h,"(45, 3)-(45, 56)",b'using size_type = typename std::vector<T>::si...'
rocksdb,../repos/rocksdb/util/autovector.h,"(46, 3)-(46, 33)",b'using reference = value_type&;'
rocksdb,../repos/rocksdb/util/autovector.h,"(47, 3)-(47, 45)",b'using const_reference = const value_type&;'
rocksdb,../repos/rocksdb/util/autovector.h,"(48, 3)-(48, 31)",b'using pointer = value_type*;'
rocksdb,../repos/rocksdb/util/autovector.h,"(49, 3)-(49, 43)",b'using const_pointer = const value_type*;'
rocksdb,../repos/rocksdb/util/autovector.h,"(56, 5)-(56, 62)","b'using self_type = iterator_impl<TAutoVector, ...'"
rocksdb,../repos/rocksdb/util/autovector.h,"(57, 5)-(57, 35)",b'using value_type = TValueType;'
rocksdb,../repos/rocksdb/util/autovector.h,"(58, 5)-(58, 35)",b'using reference = TValueType&;'
rocksdb,../repos/rocksdb/util/autovector.h,"(59, 5)-(59, 33)",b'using pointer = TValueType*;'
rocksdb,../repos/rocksdb/util/autovector.h,"(60, 5)-(60, 67)",b'using difference_type = typename TAutoVector:...'
rocksdb,../repos/rocksdb/util/autovector.h,"(61, 5)-(61, 63)",b'using iterator_category = std::random_access_...'
rocksdb,../repos/rocksdb/util/autovector.h,"(165, 3)-(165, 58)","b'using iterator = iterator_impl<autovector, va...'"
rocksdb,../repos/rocksdb/util/autovector.h,"(166, 3)-(166, 76)",b'using const_iterator = iterator_impl<const au...'
rocksdb,../repos/rocksdb/util/autovector.h,"(167, 3)-(167, 60)",b'using reverse_iterator = std::reverse_iterato...'
rocksdb,../repos/rocksdb/util/autovector.h,"(168, 3)-(168, 72)",b'using const_reverse_iterator = std::reverse_i...'
rocksdb,../repos/rocksdb/util/ribbon_config.cc,"(368, 3)-(368, 77)",b'using Data = detail::BandingConfigHelperData<...'
rocksdb,../repos/rocksdb/util/ribbon_config.cc,"(408, 3)-(408, 77)",b'using Data = detail::BandingConfigHelperData<...'
rocksdb,../repos/rocksdb/util/ribbon_config.h,"(143, 9)-(143, 71)","b'using H1 = BandingConfigHelper1TS<kOneIn20, T...'"
rocksdb,../repos/rocksdb/util/ribbon_config.h,"(147, 9)-(147, 70)","b'using H1 = BandingConfigHelper1TS<kOneIn2, Ty...'"
rocksdb,../repos/rocksdb/util/ribbon_config.h,"(151, 9)-(151, 73)","b'using H1 = BandingConfigHelper1TS<kOneIn1000,...'"
rocksdb,../repos/rocksdb/util/ribbon_config.h,"(165, 9)-(165, 71)","b'using H1 = BandingConfigHelper1TS<kOneIn20, T...'"
rocksdb,../repos/rocksdb/util/ribbon_config.h,"(169, 9)-(169, 70)","b'using H1 = BandingConfigHelper1TS<kOneIn2, Ty...'"
rocksdb,../repos/rocksdb/util/ribbon_config.h,"(173, 9)-(173, 73)","b'using H1 = BandingConfigHelper1TS<kOneIn1000,...'"
rocksdb,../repos/rocksdb/util/cast_util.h,"(47, 3)-(47, 64)",b'using FromValue = typename std::remove_refere...'
rocksdb,../repos/rocksdb/util/ribbon_alg.h,"(552, 3)-(552, 54)",b'using CoeffRow = typename BandingStorage::Coe...'
rocksdb,../repos/rocksdb/util/ribbon_alg.h,"(553, 3)-(553, 56)",b'using ResultRow = typename BandingStorage::Re...'
rocksdb,../repos/rocksdb/util/ribbon_alg.h,"(554, 3)-(554, 48)",b'using Index = typename BandingStorage::Index;'
rocksdb,../repos/rocksdb/util/ribbon_alg.h,"(614, 3)-(614, 54)",b'using CoeffRow = typename BandingStorage::Coe...'
rocksdb,../repos/rocksdb/util/ribbon_alg.h,"(615, 3)-(615, 48)",b'using Index = typename BandingStorage::Index;'
rocksdb,../repos/rocksdb/util/ribbon_alg.h,"(616, 3)-(616, 56)",b'using ResultRow = typename BandingStorage::Re...'
rocksdb,../repos/rocksdb/util/ribbon_alg.h,"(617, 3)-(617, 45)",b'using Hash = typename BandingHasher::Hash;'
rocksdb,../repos/rocksdb/util/ribbon_alg.h,"(708, 3)-(708, 48)",b'using Index = typename BandingStorage::Index;'
rocksdb,../repos/rocksdb/util/ribbon_alg.h,"(758, 3)-(758, 54)",b'using CoeffRow = typename BandingStorage::Coe...'
rocksdb,../repos/rocksdb/util/ribbon_alg.h,"(759, 3)-(759, 48)",b'using Index = typename BandingStorage::Index;'
rocksdb,../repos/rocksdb/util/ribbon_alg.h,"(760, 3)-(760, 56)",b'using ResultRow = typename BandingStorage::Re...'
rocksdb,../repos/rocksdb/util/ribbon_alg.h,"(819, 3)-(819, 61)",b'using CoeffRow = typename SimpleSolutionStora...'
rocksdb,../repos/rocksdb/util/ribbon_alg.h,"(820, 3)-(820, 63)",b'using ResultRow = typename SimpleSolutionStor...'
rocksdb,../repos/rocksdb/util/ribbon_alg.h,"(975, 3)-(975, 54)",b'using CoeffRow = typename BandingStorage::Coe...'
rocksdb,../repos/rocksdb/util/ribbon_alg.h,"(976, 3)-(976, 48)",b'using Index = typename BandingStorage::Index;'
rocksdb,../repos/rocksdb/util/ribbon_alg.h,"(977, 3)-(977, 56)",b'using ResultRow = typename BandingStorage::Re...'
rocksdb,../repos/rocksdb/util/ribbon_alg.h,"(1009, 3)-(1009, 54)",b'using CoeffRow = typename BandingStorage::Coe...'
rocksdb,../repos/rocksdb/util/ribbon_alg.h,"(1010, 3)-(1010, 48)",b'using Index = typename BandingStorage::Index;'
rocksdb,../repos/rocksdb/util/ribbon_alg.h,"(1093, 3)-(1093, 47)",b'using Hash = typename PhsfQueryHasher::Hash;'
rocksdb,../repos/rocksdb/util/ribbon_alg.h,"(1094, 3)-(1094, 66)",b'using CoeffRow = typename InterleavedSolution...'
rocksdb,../repos/rocksdb/util/ribbon_alg.h,"(1095, 3)-(1095, 60)",b'using Index = typename InterleavedSolutionSto...'
rocksdb,../repos/rocksdb/util/ribbon_alg.h,"(1135, 3)-(1135, 66)",b'using CoeffRow = typename InterleavedSolution...'
rocksdb,../repos/rocksdb/util/ribbon_alg.h,"(1136, 3)-(1136, 60)",b'using Index = typename InterleavedSolutionSto...'
rocksdb,../repos/rocksdb/util/ribbon_alg.h,"(1137, 3)-(1137, 68)",b'using ResultRow = typename InterleavedSolutio...'
rocksdb,../repos/rocksdb/util/ribbon_alg.h,"(1174, 3)-(1174, 66)",b'using CoeffRow = typename InterleavedSolution...'
rocksdb,../repos/rocksdb/util/ribbon_alg.h,"(1175, 3)-(1175, 60)",b'using Index = typename InterleavedSolutionSto...'
rocksdb,../repos/rocksdb/util/ribbon_alg.h,"(1176, 3)-(1176, 68)",b'using ResultRow = typename InterleavedSolutio...'
rocksdb,../repos/rocksdb/util/math128.h,"(21, 1)-(21, 33)",b'using Unsigned128 = __uint128_t;'
rocksdb,../repos/rocksdb/util/kv_map.h,"(31, 1)-(31, 68)","b'using KVMap = std::map<std::string, std::stri...'"
rocksdb,../repos/rocksdb/util/thread_local.h,"(34, 1)-(34, 42)",b'using UnrefHandler = void (*)(void* ptr);'
rocksdb,../repos/rocksdb/util/thread_local.h,"(72, 3)-(72, 54)","b'using FoldFunc = std::function<void(void*, vo...'"
rocksdb,../repos/rocksdb/util/math.h,"(347, 3)-(347, 67)",b'using Smaller = std::conditional_t<sizeof(A) ...'
rocksdb,../repos/rocksdb/util/heap_test.cc,"(31, 1)-(31, 32)",b'using HeapTestValue = uint64_t;'
rocksdb,../repos/rocksdb/util/heap_test.cc,"(32, 1)-(32, 59)","b'using Params = std::tuple<size_t, HeapTestVal...'"
rocksdb,../repos/rocksdb/third-party/gtest-1.8.1/fused-src/gtest/gtest.h,"(2448, 1)-(2448, 39)",b'using scoped_ptr = std::unique_ptr<T>;'
rocksdb,../repos/rocksdb/include/rocksdb/listener.h,"(26, 1)-(27, 77)",b'using TablePropertiesCollection =\n    std::un...'
rocksdb,../repos/rocksdb/include/rocksdb/listener.h,"(259, 3)-(259, 45)",b'using Duration = std::chrono::nanoseconds;'
rocksdb,../repos/rocksdb/include/rocksdb/listener.h,"(260, 3)-(261, 68)",b'using SteadyTimePoint =\n      std::chrono::ti...'
rocksdb,../repos/rocksdb/include/rocksdb/listener.h,"(262, 3)-(263, 68)",b'using SystemTimePoint =\n      std::chrono::ti...'
rocksdb,../repos/rocksdb/include/rocksdb/listener.h,"(264, 3)-(264, 70)",b'using StartTimePoint = std::pair<SystemTimePo...'
rocksdb,../repos/rocksdb/include/rocksdb/listener.h,"(265, 3)-(265, 43)",b'using FinishTimePoint = SteadyTimePoint;'
rocksdb,../repos/rocksdb/include/rocksdb/transaction_log.h,"(18, 1)-(18, 60)",b'using VectorLogPtr = std::vector<std::unique_...'
rocksdb,../repos/rocksdb/include/rocksdb/env.h,"(481, 5)-(481, 44)",b'using FWType = FunctorWrapper<Args...>;'
rocksdb,../repos/rocksdb/include/rocksdb/advanced_options.h,"(671, 3)-(672, 69)",b'using TablePropertiesCollectorFactories =\n   ...'
rocksdb,../repos/rocksdb/include/rocksdb/merge_operator.h,"(165, 5)-(165, 76)",b'using ExistingValue = std::variant<std::monos...'
rocksdb,../repos/rocksdb/include/rocksdb/merge_operator.h,"(166, 5)-(166, 44)",b'using OperandList = std::vector<Slice>;'
rocksdb,../repos/rocksdb/include/rocksdb/merge_operator.h,"(190, 5)-(190, 73)",b'using NewColumns = std::vector<std::pair<std:...'
rocksdb,../repos/rocksdb/include/rocksdb/merge_operator.h,"(191, 5)-(191, 67)","b'using NewValue = std::variant<std::string, Ne...'"
rocksdb,../repos/rocksdb/include/rocksdb/functor_wrapper.h,"(26, 3)-(26, 39)",b'using type = IndexSequence<Next...>;'
rocksdb,../repos/rocksdb/include/rocksdb/functor_wrapper.h,"(30, 1)-(30, 67)",b'using make_index_sequence = typename IndexSeq...'
rocksdb,../repos/rocksdb/include/rocksdb/data_structure.h,"(28, 3)-(28, 27)",b'using StateT = uint64_t;'
rocksdb,../repos/rocksdb/include/rocksdb/types.h,"(19, 1)-(19, 33)",b'using ColumnFamilyId = uint32_t;'
rocksdb,../repos/rocksdb/include/rocksdb/types.h,"(22, 1)-(22, 33)",b'using SequenceNumber = uint64_t;'
rocksdb,../repos/rocksdb/include/rocksdb/types.h,"(25, 1)-(26, 77)",b'using TablePropertiesCollection =\n    std::un...'
rocksdb,../repos/rocksdb/include/rocksdb/db.h,"(149, 1)-(150, 77)",b'using TablePropertiesCollection =\n    std::un...'
rocksdb,../repos/rocksdb/include/rocksdb/advanced_cache.h,"(52, 3)-(52, 27)",b'using ObjectPtr = void*;'
rocksdb,../repos/rocksdb/include/rocksdb/advanced_cache.h,"(97, 3)-(97, 50)",b'using SizeCallback = size_t (*)(ObjectPtr obj);'
rocksdb,../repos/rocksdb/include/rocksdb/advanced_cache.h,"(103, 3)-(104, 67)",b'using SaveToCallback = Status (*)(ObjectPtr f...'
rocksdb,../repos/rocksdb/include/rocksdb/advanced_cache.h,"(112, 3)-(112, 73)","b'using DeleterFn = void (*)(ObjectPtr obj, Mem...'"
rocksdb,../repos/rocksdb/include/rocksdb/advanced_cache.h,"(124, 3)-(127, 77)",b'using CreateCallback = Status (*)(const Slice...'
rocksdb,../repos/rocksdb/include/rocksdb/advanced_cache.h,"(539, 3)-(540, 70)",b'using EvictionCallback =\n      std::function<...'
rocksdb,../repos/rocksdb/include/rocksdb/cache.h,"(46, 1)-(46, 26)",b'using BlockCache = Cache;'
rocksdb,../repos/rocksdb/include/rocksdb/cache.h,"(47, 1)-(47, 24)",b'using RowCache = Cache;'
rocksdb,../repos/rocksdb/include/rocksdb/cache.h,"(96, 1)-(96, 79)",b'using CacheEntryRoleSet = SmallEnumSet<CacheE...'
rocksdb,../repos/rocksdb/include/rocksdb/cleanable.h,"(34, 3)-(34, 60)","b'using CleanupFunction = void (*)(void* arg1, ...'"
rocksdb,../repos/rocksdb/include/rocksdb/table_properties.h,"(33, 1)-(33, 68)",b'using UserCollectedProperties = std::map<std:...'
rocksdb,../repos/rocksdb/include/rocksdb/memtablerep.h,"(57, 1)-(57, 25)",b'using KeyHandle = void*;'
rocksdb,../repos/rocksdb/include/rocksdb/memtablerep.h,"(67, 5)-(67, 50)",b'using DecodedType = ROCKSDB_NAMESPACE::Slice;'
rocksdb,../repos/rocksdb/include/rocksdb/utilities/object_registry.h,"(28, 1)-(29, 78)",b'using FactoryFunc =\n    std::function<T*(cons...'
rocksdb,../repos/rocksdb/include/rocksdb/utilities/object_registry.h,"(38, 1)-(38, 78)",b'using RegistrarFunc = std::function<int(Objec...'
rocksdb,../repos/rocksdb/include/rocksdb/utilities/object_registry.h,"(41, 1)-(41, 49)",b'using ConfigureFunc = std::function<Status(T*)>;'
rocksdb,../repos/rocksdb/include/rocksdb/utilities/transaction.h,"(23, 1)-(23, 37)",b'using TransactionName = std::string;'
rocksdb,../repos/rocksdb/include/rocksdb/utilities/transaction.h,"(25, 1)-(25, 32)",b'using TransactionID = uint64_t;'
rocksdb,../repos/rocksdb/include/rocksdb/utilities/transaction.h,"(27, 1)-(27, 31)",b'using TxnTimestamp = uint64_t;'
rocksdb,../repos/rocksdb/include/rocksdb/utilities/backup_engine.h,"(357, 1)-(357, 27)",b'using BackupID = uint32_t;'
rocksdb,../repos/rocksdb/include/rocksdb/utilities/backup_engine.h,"(359, 1)-(359, 40)",b'using BackupFileInfo = FileStorageInfo;'
rocksdb,../repos/rocksdb/include/rocksdb/utilities/options_type.h,"(203, 1)-(205, 52)",b'using ParseFunc = std::function<Status(\n    c...'
rocksdb,../repos/rocksdb/include/rocksdb/utilities/options_type.h,"(214, 1)-(216, 52)",b'using SerializeFunc = std::function<Status(\n ...'
rocksdb,../repos/rocksdb/include/rocksdb/utilities/options_type.h,"(226, 1)-(228, 75)",b'using EqualsFunc = std::function<bool(\n    co...'
rocksdb,../repos/rocksdb/include/rocksdb/utilities/options_type.h,"(231, 1)-(233, 72)",b'using PrepareFunc =\n    std::function<Status(...'
rocksdb,../repos/rocksdb/include/rocksdb/utilities/options_type.h,"(236, 1)-(238, 57)",b'using ValidateFunc = std::function<Status(\n  ...'
rocksdb,../repos/rocksdb/include/rocksdb/utilities/transaction_db.h,"(96, 3)-(97, 62)",b'using RangeLockStatus =\n      std::unordered_...'
rocksdb,../repos/rocksdb/include/rocksdb/utilities/transaction_db.h,"(108, 3)-(109, 65)",b'using EscalationBarrierFunc =\n      std::func...'
rocksdb,../repos/rocksdb/include/rocksdb/persistent_cache.h,"(28, 3)-(28, 64)",b'using StatsType = std::vector<std::map<std::s...'
rocksdb,../repos/rocksdb/include/rocksdb/options.h,"(64, 1)-(64, 65)","b'using FileTypeSet = SmallEnumSet<FileType, Fi...'"
rocksdb,../repos/rocksdb/include/rocksdb/io_status.h,"(30, 3)-(30, 29)",b'using Code = Status::Code;'
rocksdb,../repos/rocksdb/include/rocksdb/io_status.h,"(31, 3)-(31, 35)",b'using SubCode = Status::SubCode;'
rocksdb,../repos/rocksdb/include/rocksdb/wide_columns.h,"(96, 1)-(96, 45)",b'using WideColumns = std::vector<WideColumn>;'
rocksdb,../repos/rocksdb/include/rocksdb/wide_columns.h,"(242, 1)-(242, 53)",b'using AttributeGroups = std::vector<Attribute...'
rocksdb,../repos/rocksdb/include/rocksdb/wide_columns.h,"(278, 1)-(278, 69)",b'using PinnableAttributeGroups = std::vector<P...'
rocksdb,../repos/rocksdb/include/rocksdb/file_system.h,"(53, 1)-(53, 55)",b'using AccessPattern = RandomAccessFile::Acces...'
rocksdb,../repos/rocksdb/include/rocksdb/file_system.h,"(54, 1)-(54, 44)",b'using FileAttributes = Env::FileAttributes;'
rocksdb,../repos/rocksdb/include/rocksdb/file_system.h,"(248, 1)-(248, 52)",b'using IOHandleDeleter = std::function<void(vo...'
rocksdb,../repos/rocksdb/port/sys_time.h,"(49, 1)-(49, 32)",b'using TimeVal = struct timeval;'
rocksdb,../repos/rocksdb/port/port_example.h,"(73, 1)-(73, 27)",b'using OnceType = intptr_t;'
rocksdb,../repos/rocksdb/port/port_posix.h,"(166, 1)-(166, 28)",b'using Thread = std::thread;'
rocksdb,../repos/rocksdb/port/port_posix.h,"(184, 1)-(184, 33)",b'using OnceType = pthread_once_t;'
rocksdb,../repos/rocksdb/port/port_posix.h,"(235, 1)-(235, 24)",b'using ThreadId = pid_t;'
rocksdb,../repos/rocksdb/port/win/port_win.h,"(50, 1)-(50, 25)",b'using ssize_t = SSIZE_T;'
rocksdb,../repos/rocksdb/port/win/port_win.h,"(194, 1)-(194, 28)",b'using Thread = std::thread;'
rocksdb,../repos/rocksdb/port/win/port_win.h,"(198, 1)-(198, 30)",b'using Thread = WindowsThread;'
rocksdb,../repos/rocksdb/port/win/port_win.h,"(259, 1)-(259, 29)",b'using pthread_key_t = DWORD;'
rocksdb,../repos/rocksdb/port/win/port_win.h,"(310, 1)-(310, 22)",b'using ThreadId = int;'
rocksdb,../repos/rocksdb/port/win/win_thread.h,"(40, 3)-(40, 36)",b'using native_handle_type = void*;'
rocksdb,../repos/rocksdb/port/win/env_win.cc,"(59, 1)-(59, 79)",b'using UniqueCloseHandlePtr = std::unique_ptr<...'
rocksdb,../repos/rocksdb/port/win/env_win.cc,"(62, 1)-(62, 75)",b'using UniqueFindClosePtr = std::unique_ptr<vo...'
rocksdb,../repos/rocksdb/port/win/env_win.h,"(105, 3)-(105, 70)",b'using FnGetSystemTimePreciseAsFileTime = VOID...'
rocksdb,../repos/rocksdb/java/rocksjni/portal.h,"(2535, 3)-(2536, 81)",b'using FnMapKV =\n      std::function<std::uniq...'
rocksdb,../repos/rocksdb/db/db_bloom_filter_test.cc,"(894, 1)-(894, 54)",b'using FilterConstructionReserveMemoryHash = u...'
rocksdb,../repos/rocksdb/db/range_del_aggregator.cc,"(161, 3)-(163, 68)",b'using FragmentedIterPair =\n      std::pair<co...'
rocksdb,../repos/rocksdb/db/range_del_aggregator.h,"(144, 3)-(145, 67)",b'using ActiveSeqSet =\n      std::multiset<Trun...'
rocksdb,../repos/rocksdb/db/range_del_aggregator.h,"(221, 3)-(222, 67)",b'using ActiveSeqSet =\n      std::multiset<Trun...'
rocksdb,../repos/rocksdb/db/periodic_task_scheduler.h,"(15, 1)-(15, 48)",b'using PeriodicTaskFunc = std::function<void()>;'
rocksdb,../repos/rocksdb/db/db_impl/db_impl.cc,"(4270, 1)-(4270, 50)","b'using CfdList = autovector<ColumnFamilyData*, 2>;'"
rocksdb,../repos/rocksdb/db/memtable.h,"(74, 1)-(74, 46)",b'using MultiGetRange = MultiGetContext::Range;'
rocksdb,../repos/rocksdb/db/db_kv_checksum_test.cc,"(24, 3)-(24, 58)",b'using T = std::underlying_type<WriteBatchOpTy...'
rocksdb,../repos/rocksdb/db/db_kv_checksum_test.cc,"(43, 3)-(43, 51)",b'using T = std::underlying_type<WriteMode>::type;'
rocksdb,../repos/rocksdb/db/compaction/compaction_outputs.h,"(22, 1)-(22, 74)",b'using CompactionFileOpenFunc = std::function<...'
rocksdb,../repos/rocksdb/db/compaction/compaction_outputs.h,"(23, 1)-(24, 76)",b'using CompactionFileCloseFunc =\n    std::func...'
rocksdb,../repos/rocksdb/db/compaction/compaction_picker_universal.cc,"(275, 1)-(277, 52)",b'using SmallestKeyHeap =\n    std::priority_que...'
rocksdb,../repos/rocksdb/db/compaction/compaction_iterator_test.cc,"(529, 3)-(529, 50)",b'using A = LoggingForwardVectorIterator::Action;'
rocksdb,../repos/rocksdb/db/compaction/compaction_iterator_test.cc,"(530, 3)-(530, 21)",b'using T = A::Type;'
rocksdb,../repos/rocksdb/db/table_cache.h,"(61, 3)-(62, 68)",b'using CacheInterface =\n      BasicTypedCacheI...'
rocksdb,../repos/rocksdb/db/table_cache.h,"(63, 3)-(63, 51)",b'using TypedHandle = CacheInterface::TypedHandle;'
rocksdb,../repos/rocksdb/db/table_cache.h,"(66, 3)-(67, 68)",b'using RowCacheInterface =\n      BasicTypedCac...'
rocksdb,../repos/rocksdb/db/table_cache.h,"(68, 3)-(68, 52)",b'using RowHandle = RowCacheInterface::TypedHandle;'
rocksdb,../repos/rocksdb/db/write_batch.cc,"(1793, 3)-(1793, 71)","b'using MemPostInfoMap = std::map<MemTable*, Me...'"
rocksdb,../repos/rocksdb/db/write_batch.cc,"(1794, 3)-(1794, 74)",b'using PostMapType = std::aligned_storage<size...'
rocksdb,../repos/rocksdb/db/write_batch.cc,"(1808, 3)-(1808, 77)",b'using DupDetector = std::aligned_storage<size...'
rocksdb,../repos/rocksdb/db/write_batch.cc,"(1815, 3)-(1815, 56)","b'using HintMap = std::unordered_map<MemTable*,...'"
rocksdb,../repos/rocksdb/db/write_batch.cc,"(1816, 3)-(1816, 67)",b'using HintMapType = std::aligned_storage<size...'
rocksdb,../repos/rocksdb/db/blob/blob_log_format.h,"(23, 1)-(23, 55)","b'using ExpirationRange = std::pair<uint64_t, u...'"
rocksdb,../repos/rocksdb/db/blob/blob_source.cc,"(301, 3)-(301, 25)",b'using Mask = uint64_t;'
rocksdb,../repos/rocksdb/db/blob/blob_source.h,"(113, 3)-(114, 72)",b'using SharedCacheInterface =\n      FullTypedS...'
rocksdb,../repos/rocksdb/db/blob/blob_source.h,"(115, 3)-(115, 57)",b'using TypedHandle = SharedCacheInterface::Typ...'
rocksdb,../repos/rocksdb/db/blob/blob_read_request.h,"(54, 1)-(56, 45)",b'using BlobFileReadRequests =\n    std::tuple<u...'
rocksdb,../repos/rocksdb/db/blob/blob_file_meta.h,"(95, 3)-(95, 51)",b'using LinkedSsts = std::unordered_set<uint64_t>;'
rocksdb,../repos/rocksdb/db/blob/blob_file_reader.h,"(86, 3)-(86, 42)",b'using Buffer = std::unique_ptr<char[]>;'
rocksdb,../repos/rocksdb/db/blob/blob_file_cache.h,"(40, 3)-(41, 71)",b'using CacheInterface =\n      BasicTypedCacheI...'
rocksdb,../repos/rocksdb/db/blob/blob_file_cache.h,"(42, 3)-(42, 51)",b'using TypedHandle = CacheInterface::TypedHandle;'
rocksdb,../repos/rocksdb/db/version_edit_handler.h,"(95, 1)-(95, 74)",b'using VersionBuilderUPtr = std::unique_ptr<Ba...'
rocksdb,../repos/rocksdb/db/db_test.cc,"(3001, 1)-(3001, 50)","b'using KVMap = std::map<std::string, std::string>;'"
rocksdb,../repos/rocksdb/db/version_set.h,"(95, 1)-(95, 39)",b'using VersionEditParams = VersionEdit;'
rocksdb,../repos/rocksdb/db/version_set.h,"(399, 3)-(399, 68)",b'using BlobFiles = std::vector<std::shared_ptr...'
rocksdb,../repos/rocksdb/db/version_set.h,"(657, 3)-(657, 62)","b'using FileLocations = UnorderedMap<uint64_t, ...'"
rocksdb,../repos/rocksdb/db/version_set.h,"(844, 1)-(844, 46)",b'using MultiGetRange = MultiGetContext::Range;'
rocksdb,../repos/rocksdb/db/version_set.h,"(929, 3)-(929, 57)",b'using BlobReadContexts = std::vector<BlobRead...'
rocksdb,../repos/rocksdb/db/forward_iterator.h,"(42, 1)-(44, 44)",b'using MinIterHeap =\n    std::priority_queue<I...'
rocksdb,../repos/rocksdb/db/pinned_iterators_manager.h,"(51, 3)-(51, 48)",b'using ReleaseFunction = void (*)(void* arg1);'
rocksdb,../repos/rocksdb/db/seqno_to_time_mapping.cc,"(147, 3)-(147, 31)",b'using RC = RemovalCandidate;'
rocksdb,../repos/rocksdb/db/seqno_to_time_mapping.cc,"(148, 3)-(148, 73)","b'using PQ = std::priority_queue<RC, std::vecto...'"
rocksdb,../repos/rocksdb/db/kv_checksum.h,"(53, 1)-(53, 51)",b'using ProtectionInfo64 = ProtectionInfo<uint64_t>;'
rocksdb,../repos/rocksdb/db/kv_checksum.h,"(54, 1)-(54, 57)",b'using ProtectionInfoKVO64 = ProtectionInfoKVO...'
rocksdb,../repos/rocksdb/db/kv_checksum.h,"(55, 1)-(55, 59)",b'using ProtectionInfoKVOC64 = ProtectionInfoKV...'
rocksdb,../repos/rocksdb/db/kv_checksum.h,"(56, 1)-(56, 59)",b'using ProtectionInfoKVOS64 = ProtectionInfoKV...'
rocksdb,../repos/rocksdb/db/seqno_to_time_mapping.h,"(252, 3)-(253, 69)",b'using pair_const_iterator =\n      std::deque<...'
rocksdb,../repos/rocksdb/db/range_tombstone_fragmenter.h,"(260, 3)-(260, 81)",b'using RangeTombstoneStack = FragmentedRangeTo...'
rocksdb,../repos/rocksdb/db/merge_operator.cc,"(45, 13)-(45, 56)",b'using T = std::decay_t<decltype(existing)>;'
rocksdb,../repos/rocksdb/db/wal_edit.h,"(28, 1)-(28, 28)",b'using WalNumber = uint64_t;'
rocksdb,../repos/rocksdb/db/wal_edit.h,"(101, 1)-(101, 47)",b'using WalAdditions = std::vector<WalAddition>;'
rocksdb,../repos/rocksdb/db/version_edit.h,"(467, 3)-(467, 59)","b'using DeletedFiles = std::set<std::pair<int, ...'"
rocksdb,../repos/rocksdb/db/version_edit.h,"(511, 3)-(511, 62)","b'using NewFiles = std::vector<std::pair<int, F...'"
rocksdb,../repos/rocksdb/db/version_edit.h,"(517, 3)-(517, 67)",b'using CompactCursors = std::vector<std::pair<...'
rocksdb,../repos/rocksdb/db/version_edit.h,"(551, 3)-(551, 59)",b'using BlobFileAdditions = std::vector<BlobFil...'
rocksdb,../repos/rocksdb/db/version_edit.h,"(580, 3)-(580, 57)",b'using BlobFileGarbages = std::vector<BlobFile...'
rocksdb,../repos/rocksdb/db/table_properties_collector.h,"(53, 1)-(54, 62)",b'using IntTblPropCollectorFactories =\n    std:...'
rocksdb,../repos/rocksdb/db/seqno_time_test.cc,"(1019, 3)-(1019, 47)",b'using P = SeqnoToTimeMapping::SeqnoTimePair;'
rocksdb,../repos/rocksdb/db/version_builder.cc,"(316, 3)-(317, 66)",b'using ExpectedLinkedSsts =\n      std::unorder...'
rocksdb,../repos/rocksdb/tools/blob_dump.cc,"(18, 3)-(18, 49)",b'using DisplayType = BlobDumpTool::DisplayType;'
rocksdb,../repos/rocksdb/table/merging_iterator.h,"(25, 1)-(25, 54)",b'using InternalIterator = InternalIteratorBase...'
rocksdb,../repos/rocksdb/table/block_based/partitioned_filter_block.h,"(147, 3)-(150, 40)",b'using FilterFunction = bool (FullFilterBlockR...'
rocksdb,../repos/rocksdb/table/block_based/partitioned_filter_block.h,"(156, 3)-(159, 40)",b'using FilterManyFunction = void (FullFilterBl...'
rocksdb,../repos/rocksdb/table/block_based/block_based_table_reader_impl.h,"(24, 1)-(25, 54)",b'using IterPlaceholderCacheInterface =\n    Pla...'
rocksdb,../repos/rocksdb/table/block_based/block_based_table_reader_impl.h,"(32, 3)-(32, 37)",b'using IterBlocklike = Block_kData;'
rocksdb,../repos/rocksdb/table/block_based/block_based_table_reader_impl.h,"(37, 3)-(37, 38)",b'using IterBlocklike = Block_kIndex;'
rocksdb,../repos/rocksdb/table/block_based/block_based_table_reader_impl.h,"(53, 3)-(53, 72)",b'using IterBlocklike = typename IterTraits<TBl...'
rocksdb,../repos/rocksdb/table/block_based/block_based_table_reader_sync_and_async.h,"(323, 1)-(323, 46)",b'using MultiGetRange = MultiGetContext::Range;'
rocksdb,../repos/rocksdb/table/block_based/block_based_table_reader_sync_and_async.h,"(401, 9)-(401, 54)",b'using BCI = BlockCacheInterface<Block_kData>;'
rocksdb,../repos/rocksdb/table/block_based/filter_policy.cc,"(575, 3)-(575, 51)",b'using CoeffRow = ROCKSDB_NAMESPACE::Unsigned128;'
rocksdb,../repos/rocksdb/table/block_based/filter_policy.cc,"(576, 3)-(576, 25)",b'using Hash = uint64_t;'
rocksdb,../repos/rocksdb/table/block_based/filter_policy.cc,"(577, 3)-(577, 25)",b'using Seed = uint32_t;'
rocksdb,../repos/rocksdb/table/block_based/filter_policy.cc,"(580, 3)-(580, 26)",b'using Index = uint32_t;'
rocksdb,../repos/rocksdb/table/block_based/filter_policy.cc,"(581, 3)-(581, 30)",b'using ResultRow = uint32_t;'
rocksdb,../repos/rocksdb/table/block_based/filter_policy.cc,"(586, 1)-(587, 80)",b'using Standard128RibbonTypesAndSettings =\n   ...'
rocksdb,../repos/rocksdb/table/block_based/filter_policy.cc,"(924, 3)-(924, 48)",b'using TS = Standard128RibbonTypesAndSettings;'
rocksdb,../repos/rocksdb/table/block_based/filter_policy.cc,"(925, 3)-(925, 64)",b'using SolnType = ribbon::SerializableInterlea...'
rocksdb,../repos/rocksdb/table/block_based/filter_policy.cc,"(926, 3)-(926, 51)",b'using BandingType = ribbon::StandardBanding<TS>;'
rocksdb,../repos/rocksdb/table/block_based/filter_policy.cc,"(927, 3)-(927, 77)",b'using ConfigHelper = ribbon::BandingConfigHel...'
rocksdb,../repos/rocksdb/table/block_based/filter_policy.cc,"(1002, 3)-(1002, 48)",b'using TS = Standard128RibbonTypesAndSettings;'
rocksdb,../repos/rocksdb/table/block_based/filter_policy.cc,"(1009, 1)-(1009, 73)",b'using LegacyBloomImpl = LegacyLocalityBloomIm...'
rocksdb,../repos/rocksdb/table/block_based/block_based_table_reader.h,"(55, 1)-(55, 70)",b'using KVPairBlock = std::vector<std::pair<std...'
rocksdb,../repos/rocksdb/table/block_based/block_cache.h,"(140, 1)-(141, 61)",b'using BlockCacheInterface =\n    FullTypedCach...'
rocksdb,../repos/rocksdb/table/block_based/block_cache.h,"(145, 1)-(146, 59)",b'using BlockCacheTypedHandle =\n    typename Bl...'
rocksdb,../repos/rocksdb/table/block_based/block_cache.h,"(156, 1)-(157, 73)",b'using WithBlocklikeCheck = std::enable_if_t<\n...'
rocksdb,../repos/rocksdb/table/block_based/filter_block.h,"(38, 1)-(38, 46)",b'using MultiGetRange = MultiGetContext::Range;'
rocksdb,../repos/rocksdb/table/block_based/block_based_table_builder.cc,"(695, 3)-(695, 48)",b'using BlockRepBuffer = std::vector<BlockRep>;'
rocksdb,../repos/rocksdb/table/block_based/block_based_table_builder.cc,"(699, 3)-(699, 45)",b'using BlockRepPool = WorkQueue<BlockRep*>;'
rocksdb,../repos/rocksdb/table/block_based/block_based_table_builder.cc,"(723, 3)-(723, 46)",b'using CompressQueue = WorkQueue<BlockRep*>;'
rocksdb,../repos/rocksdb/table/block_based/block_based_table_builder.cc,"(731, 3)-(731, 47)",b'using WriteQueue = WorkQueue<BlockRepSlot*>;'
rocksdb,../repos/rocksdb/table/internal_iterator.h,"(219, 1)-(219, 54)",b'using InternalIterator = InternalIteratorBase...'
rocksdb,../repos/rocksdb/table/unique_id_impl.h,"(15, 1)-(15, 46)","b'using UniqueId64x2 = std::array<uint64_t, 2>;'"
rocksdb,../repos/rocksdb/table/unique_id_impl.h,"(22, 1)-(22, 46)","b'using UniqueId64x3 = std::array<uint64_t, 3>;'"
rocksdb,../repos/rocksdb/table/compaction_merging_iterator.cc,"(187, 3)-(187, 81)",b'using CompactionMinHeap = BinaryHeap<HeapItem...'
rocksdb,../repos/rocksdb/table/table_test.cc,"(1523, 3)-(1523, 21)",b'using T = TestIds;'
rocksdb,../repos/rocksdb/table/mock_table.h,"(30, 1)-(30, 52)","b'using KVPair = std::pair<std::string, std::st...'"
rocksdb,../repos/rocksdb/table/mock_table.h,"(31, 1)-(31, 38)",b'using KVVector = std::vector<KVPair>;'
rocksdb,../repos/rocksdb/table/merging_iterator.cc,"(561, 3)-(561, 74)",b'using MergerMinIterHeap = BinaryHeap<HeapItem...'
rocksdb,../repos/rocksdb/table/merging_iterator.cc,"(562, 3)-(562, 74)",b'using MergerMaxIterHeap = BinaryHeap<HeapItem...'
rocksdb,../repos/rocksdb/table/multiget_context.h,"(107, 3)-(107, 25)",b'using Mask = uint64_t;'
rocksdb,../repos/rocksdb/table/multiget_context.h,"(194, 7)-(194, 34)",b'using self_type = Iterator;'
rocksdb,../repos/rocksdb/table/multiget_context.h,"(195, 7)-(195, 37)",b'using value_type = KeyContext;'
rocksdb,../repos/rocksdb/table/multiget_context.h,"(196, 7)-(196, 37)",b'using reference = KeyContext&;'
rocksdb,../repos/rocksdb/table/multiget_context.h,"(197, 7)-(197, 35)",b'using pointer = KeyContext*;'
rocksdb,../repos/rocksdb/table/multiget_context.h,"(198, 7)-(198, 35)",b'using difference_type = int;'
rocksdb,../repos/rocksdb/table/multiget_context.h,"(199, 7)-(199, 59)",b'using iterator_category = std::forward_iterat...'
rocksdb,../repos/rocksdb/table/iterator_wrapper.h,"(212, 1)-(212, 52)",b'using IteratorWrapper = IteratorWrapperBase<S...'
rocksdb,../repos/rocksdb/file/random_access_file_reader.h,"(28, 1)-(28, 44)",b'using AlignedBuf = std::unique_ptr<char[]>;'
rocksdb,../repos/rocksdb/options/options_settable_test.cc,"(44, 1)-(44, 58)",b'using OffsetGap = std::vector<std::pair<size_...'
rocksdb,../repos/rocksdb/options/configurable_test.cc,"(91, 1)-(91, 62)",b'using ConfigTestFactoryFunc = std::function<C...'
rocksdb,../repos/rocksdb/memory/memory_usage.h,"(23, 3)-(23, 52)","b'using Map = std::unordered_map<Key, Value, Hash>;'"
rocksdb,../repos/rocksdb/memory/memory_allocator_impl.h,"(29, 1)-(29, 67)",b'using CacheAllocationPtr = std::unique_ptr<ch...'
rocksdb,../repos/rocksdb/utilities/cassandra/format.h,"(145, 1)-(145, 58)",b'using Columns = std::vector<std::shared_ptr<C...'
rocksdb,../repos/rocksdb/utilities/backup/backup_engine_test.cc,"(57, 1)-(57, 64)",b'using ShareFilesNaming = BackupEngineOptions:...'
rocksdb,../repos/rocksdb/utilities/backup/backup_engine.cc,"(60, 1)-(60, 64)",b'using ShareFilesNaming = BackupEngineOptions:...'
rocksdb,../repos/rocksdb/utilities/backup/backup_engine.cc,"(768, 3)-(769, 72)",b'using BackupWorkItemPair =\n      std::pair<Co...'
rocksdb,../repos/rocksdb/utilities/persistent_cache/volatile_tier_impl.h,"(125, 3)-(126, 68)",b'using IndexType =\n      EvictableHashTable<Ca...'
rocksdb,../repos/rocksdb/utilities/persistent_cache/block_cache_tier_file.h,"(64, 1)-(64, 33)",b'using LBA = LogicalBlockAddress;'
rocksdb,../repos/rocksdb/utilities/persistent_cache/persistent_cache_tier.h,"(237, 3)-(237, 53)",b'using Tier = std::shared_ptr<PersistentCacheTier>;'
rocksdb,../repos/rocksdb/utilities/persistent_cache/block_cache_tier_metadata.h,"(96, 3)-(98, 47)",b'using CacheFileIndexType =\n      EvictableHas...'
rocksdb,../repos/rocksdb/utilities/persistent_cache/block_cache_tier_metadata.h,"(115, 3)-(115, 61)","b'using BlockIndexType = HashTable<BlockInfo*, ...'"
rocksdb,../repos/rocksdb/utilities/persistent_cache/hash_table_evictable.h,"(26, 3)-(26, 49)","b'using hash_table = HashTable<T*, Hash, Equal>;'"
rocksdb,../repos/rocksdb/utilities/persistent_cache/hash_table_evictable.h,"(143, 3)-(143, 34)",b'using LRUListType = LRUList<T>;'
rocksdb,../repos/rocksdb/utilities/ttl/ttl_test.cc,"(27, 1)-(27, 50)","b'using KVMap = std::map<std::string, std::string>;'"
rocksdb,../repos/rocksdb/utilities/write_batch_with_index/write_batch_with_index_internal.h,"(190, 1)-(191, 71)",b'using WriteBatchEntrySkipList =\n    SkipList<...'
rocksdb,../repos/rocksdb/utilities/write_batch_with_index/write_batch_with_index_test.cc,"(79, 1)-(79, 50)","b'using KVMap = std::map<std::string, std::string>;'"
rocksdb,../repos/rocksdb/utilities/merge_operators/string_append/stringappend_test.cc,"(141, 3)-(141, 67)",b'using OpenFuncPtr = std::shared_ptr<DB> (*)(c...'
rocksdb,../repos/rocksdb/utilities/transactions/write_prepared_transaction_test.cc,"(43, 1)-(43, 53)",b'using CommitEntry = WritePreparedTxnDB::Commi...'
rocksdb,../repos/rocksdb/utilities/transactions/write_prepared_transaction_test.cc,"(44, 1)-(44, 59)",b'using CommitEntry64b = WritePreparedTxnDB::Co...'
rocksdb,../repos/rocksdb/utilities/transactions/write_prepared_transaction_test.cc,"(45, 1)-(45, 71)",b'using CommitEntry64bFormat = WritePreparedTxn...'
rocksdb,../repos/rocksdb/utilities/transactions/optimistic_transaction_db_impl.h,"(39, 3)-(40, 45)","b'using M = std::conditional_t<cache_aligned, C...'"
rocksdb,../repos/rocksdb/utilities/transactions/write_prepared_txn_db.h,"(1072, 3)-(1072, 49)","b'using CFKeys = std::set<Slice, SetComparator>;'"
rocksdb,../repos/rocksdb/utilities/transactions/lock/range/range_tree/range_tree_lock_manager.h,"(107, 3)-(108, 75)",b'using LockTreeMap =\n      std::unordered_map<...'
rocksdb,../repos/rocksdb/utilities/transactions/lock/point/point_lock_tracker.h,"(36, 1)-(36, 73)",b'using TrackedKeyInfos = std::unordered_map<st...'
rocksdb,../repos/rocksdb/utilities/transactions/lock/point/point_lock_tracker.h,"(38, 1)-(38, 73)",b'using TrackedKeys = std::unordered_map<Column...'
rocksdb,../repos/rocksdb/utilities/transactions/lock/point/point_lock_manager_test.h,"(86, 1)-(86, 53)",b'using init_func_t = void (*)(PointLockManager...'
rocksdb,../repos/rocksdb/utilities/transactions/lock/point/point_lock_manager.h,"(101, 1)-(101, 66)",b'using DeadlockInfoBuffer = DeadlockInfoBuffer...'
rocksdb,../repos/rocksdb/utilities/transactions/lock/point/point_lock_manager.h,"(175, 3)-(175, 69)","b'using LockMaps = UnorderedMap<uint32_t, std::...'"
rocksdb,../repos/rocksdb/utilities/transactions/lock/lock_manager.h,"(61, 3)-(61, 80)",b'using PointLockStatus = std::unordered_multim...'
rocksdb,../repos/rocksdb/utilities/transactions/lock/lock_manager.h,"(64, 3)-(65, 62)",b'using RangeLockStatus =\n      std::unordered_...'
rocksdb,../repos/rocksdb/utilities/transactions/write_prepared_txn.cc,"(320, 5)-(320, 51)","b'using CFKeys = std::set<Slice, SetComparator>;'"
rocksdb,../repos/rocksdb/utilities/transactions/write_unprepared_txn.h,"(338, 3)-(338, 73)","b'using KeySet = std::unordered_map<uint32_t, s...'"
rocksdb,../repos/rocksdb/utilities/transactions/write_unprepared_txn_db.cc,"(74, 7)-(74, 53)","b'using CFKeys = std::set<Slice, SetComparator>;'"
rocksdb,../repos/rocksdb/memtable/skiplist_test.cc,"(22, 1)-(22, 22)",b'using Key = uint64_t;'
rocksdb,../repos/rocksdb/memtable/inlineskiplist.h,"(67, 3)-(68, 69)",b'using DecodedKey =\n      typename std::remove...'
rocksdb,../repos/rocksdb/memtable/hash_linklist_rep.cc,"(25, 1)-(25, 25)",b'using Key = const char*;'
rocksdb,../repos/rocksdb/memtable/hash_linklist_rep.cc,"(26, 1)-(26, 75)","b'using MemtableSkipList = SkipList<Key, const ...'"
rocksdb,../repos/rocksdb/memtable/hash_linklist_rep.cc,"(27, 1)-(27, 36)",b'using Pointer = std::atomic<void*>;'
rocksdb,../repos/rocksdb/memtable/vectorrep.cc,"(99, 3)-(99, 43)",b'using Bucket = std::vector<const char*>;'
rocksdb,../repos/rocksdb/memtable/inlineskiplist_test.cc,"(24, 1)-(24, 22)",b'using Key = uint64_t;'
rocksdb,../repos/rocksdb/memtable/inlineskiplist_test.cc,"(37, 3)-(37, 27)",b'using DecodedType = Key;'
rocksdb,../repos/rocksdb/memtable/inlineskiplist_test.cc,"(62, 1)-(62, 59)",b'using TestInlineSkipList = InlineSkipList<Tes...'
rocksdb,../repos/rocksdb/memtable/hash_skiplist_rep.cc,"(47, 3)-(47, 75)","b'using Bucket = SkipList<const char*, const Me...'"
rocksdb,../repos/rocksdb/env/unique_id_gen.cc,"(92, 3)-(92, 52)",b'using RandType = std::random_device::result_type;'
rocksdb,../repos/rocksdb/env/env_test.cc,"(2995, 1)-(2995, 53)","b'using uint64_pair_t = std::pair<uint64_t, uin...'"
rocksdb,../repos/rocksdb/env/env_basic_test.cc,"(21, 1)-(21, 30)",b'using CreateEnvFunc = Env*();'
