Repo name,File name,Location,Content
spdlog,../repos/spdlog/src/bundled_fmtlib_format.cpp,"(16, 54)-(16, 62)",b'dragonbox::to_decimal(float x) noexcept -> dr...'
spdlog,../repos/spdlog/src/bundled_fmtlib_format.cpp,"(17, 55)-(17, 63)",b'dragonbox::to_decimal(double x) noexcept -> d...'
spdlog,../repos/spdlog/include/spdlog/fmt/bundled/os.h,"(142, 54)-(142, 62)",b'system_category() noexcept'
spdlog,../repos/spdlog/include/spdlog/fmt/bundled/os.h,"(166, 56)-(166, 64)","b'format_windows_error(buffer<char>& out, int e...'"
spdlog,../repos/spdlog/include/spdlog/fmt/bundled/os.h,"(208, 72)-(208, 80)","b'report_windows_error(int error_code, const ch...'"
spdlog,../repos/spdlog/include/spdlog/fmt/bundled/os.h,"(210, 53)-(210, 61)",b'system_category() noexcept'
spdlog,../repos/spdlog/include/spdlog/fmt/bundled/os.h,"(237, 19)-(237, 27)",b'buffered_file() noexcept'
spdlog,../repos/spdlog/include/spdlog/fmt/bundled/os.h,"(240, 28)-(240, 36)",b'~buffered_file() noexcept'
spdlog,../repos/spdlog/include/spdlog/fmt/bundled/os.h,"(243, 40)-(243, 48)",b'buffered_file(buffered_file&& other) noexcept'
spdlog,../repos/spdlog/include/spdlog/fmt/bundled/os.h,"(261, 21)-(261, 29)",b'get() const noexcept'
spdlog,../repos/spdlog/include/spdlog/fmt/bundled/os.h,"(301, 10)-(301, 18)",b'file() noexcept'
spdlog,../repos/spdlog/include/spdlog/fmt/bundled/os.h,"(310, 22)-(310, 30)",b'file(file&& other) noexcept'
spdlog,../repos/spdlog/include/spdlog/fmt/bundled/os.h,"(321, 11)-(321, 19)",b'~file() noexcept'
spdlog,../repos/spdlog/include/spdlog/fmt/bundled/os.h,"(324, 26)-(324, 34)",b'descriptor() const noexcept'
spdlog,../repos/spdlog/include/spdlog/fmt/bundled/os.h,"(349, 42)-(349, 50)","b'dup2(int fd, std::error_code& ec) noexcept'"
spdlog,../repos/spdlog/include/spdlog/fmt/bundled/ranges.h,"(231, 58)-(231, 66)","b'for_each(index_sequence<Is...>, Tuple&& tup, ...'"
spdlog,../repos/spdlog/include/spdlog/fmt/bundled/chrono.h,"(969, 23)-(969, 31)",b'tm_sec() const noexcept -> int'
spdlog,../repos/spdlog/include/spdlog/fmt/bundled/chrono.h,"(973, 23)-(973, 31)",b'tm_min() const noexcept -> int'
spdlog,../repos/spdlog/include/spdlog/fmt/bundled/chrono.h,"(977, 24)-(977, 32)",b'tm_hour() const noexcept -> int'
spdlog,../repos/spdlog/include/spdlog/fmt/bundled/chrono.h,"(981, 24)-(981, 32)",b'tm_mday() const noexcept -> int'
spdlog,../repos/spdlog/include/spdlog/fmt/bundled/chrono.h,"(985, 23)-(985, 31)",b'tm_mon() const noexcept -> int'
spdlog,../repos/spdlog/include/spdlog/fmt/bundled/chrono.h,"(989, 24)-(989, 32)",b'tm_year() const noexcept -> long long'
spdlog,../repos/spdlog/include/spdlog/fmt/bundled/chrono.h,"(990, 24)-(990, 32)",b'tm_wday() const noexcept -> int'
spdlog,../repos/spdlog/include/spdlog/fmt/bundled/chrono.h,"(994, 24)-(994, 32)",b'tm_yday() const noexcept -> int'
spdlog,../repos/spdlog/include/spdlog/fmt/bundled/chrono.h,"(999, 26)-(999, 34)",b'tm_hour12() const noexcept -> int'
spdlog,../repos/spdlog/include/spdlog/fmt/bundled/chrono.h,"(1009, 47)-(1009, 55)",b'split_year_lower(long long year) const noexce...'
spdlog,../repos/spdlog/include/spdlog/fmt/bundled/chrono.h,"(1017, 50)-(1017, 58)",b'iso_year_weeks(long long curr_year) const noe...'
spdlog,../repos/spdlog/include/spdlog/fmt/bundled/chrono.h,"(1027, 53)-(1027, 61)","b'iso_week_num(int tm_yday, int tm_wday) const ...'"
spdlog,../repos/spdlog/include/spdlog/fmt/bundled/chrono.h,"(1031, 33)-(1031, 41)",b'tm_iso_week_year() const noexcept -> long long'
spdlog,../repos/spdlog/include/spdlog/fmt/bundled/chrono.h,"(1038, 36)-(1038, 44)",b'tm_iso_week_of_year() const noexcept -> int'
spdlog,../repos/spdlog/include/spdlog/fmt/bundled/chrono.h,"(1848, 43)-(1848, 51)",b'weekday(unsigned wd) noexcept'
spdlog,../repos/spdlog/include/spdlog/fmt/bundled/chrono.h,"(1850, 41)-(1850, 49)",b'c_encoding() const noexcept'
spdlog,../repos/spdlog/include/spdlog/fmt/bundled/core.h,"(463, 56)-(463, 64)",b'basic_string_view(\n      const std::basic_str...'
spdlog,../repos/spdlog/include/spdlog/fmt/bundled/core.h,"(468, 40)-(468, 48)",b'basic_string_view(S s) noexcept'
spdlog,../repos/spdlog/include/spdlog/fmt/bundled/core.h,"(472, 31)-(472, 39)",b'data() const noexcept -> const Char*'
spdlog,../repos/spdlog/include/spdlog/fmt/bundled/core.h,"(475, 31)-(475, 39)",b'size() const noexcept -> size_t'
spdlog,../repos/spdlog/include/spdlog/fmt/bundled/core.h,"(477, 32)-(477, 40)",b'begin() const noexcept -> iterator'
spdlog,../repos/spdlog/include/spdlog/fmt/bundled/core.h,"(478, 30)-(478, 38)",b'end() const noexcept -> iterator'
spdlog,../repos/spdlog/include/spdlog/fmt/bundled/core.h,"(480, 47)-(480, 55)",b'operator[](size_t pos) const noexcept -> cons...'
spdlog,../repos/spdlog/include/spdlog/fmt/bundled/core.h,"(484, 46)-(484, 54)",b'remove_prefix(size_t n) noexcept'
spdlog,../repos/spdlog/include/spdlog/fmt/bundled/core.h,"(674, 32)-(674, 40)",b'begin() const noexcept -> iterator'
spdlog,../repos/spdlog/include/spdlog/fmt/bundled/core.h,"(681, 30)-(681, 38)",b'end() const noexcept -> iterator'
spdlog,../repos/spdlog/include/spdlog/fmt/bundled/core.h,"(873, 73)-(873, 81)","b'buffer(T* p = nullptr, size_t sz = 0, size_t ...'"
spdlog,../repos/spdlog/include/spdlog/fmt/bundled/core.h,"(880, 60)-(880, 68)","b'set(T* buf_data, size_t buf_capacity) noexcept'"
spdlog,../repos/spdlog/include/spdlog/fmt/bundled/core.h,"(895, 16)-(895, 24)",b'begin() noexcept -> T*'
spdlog,../repos/spdlog/include/spdlog/fmt/bundled/core.h,"(896, 14)-(896, 22)",b'end() noexcept -> T*'
spdlog,../repos/spdlog/include/spdlog/fmt/bundled/core.h,"(898, 22)-(898, 30)",b'begin() const noexcept -> const T*'
spdlog,../repos/spdlog/include/spdlog/fmt/bundled/core.h,"(899, 20)-(899, 28)",b'end() const noexcept -> const T*'
spdlog,../repos/spdlog/include/spdlog/fmt/bundled/core.h,"(902, 31)-(902, 39)",b'size() const noexcept -> size_t'
spdlog,../repos/spdlog/include/spdlog/fmt/bundled/core.h,"(905, 35)-(905, 43)",b'capacity() const noexcept -> size_t'
spdlog,../repos/spdlog/include/spdlog/fmt/bundled/core.h,"(908, 29)-(908, 37)",b'data() noexcept -> T*'
spdlog,../repos/spdlog/include/spdlog/fmt/bundled/core.h,"(911, 35)-(911, 43)",b'data() const noexcept -> const T*'
spdlog,../repos/spdlog/include/spdlog/fmt/bundled/core.h,"(1553, 21)-(1553, 29)",b'appender(base it) noexcept'
spdlog,../repos/spdlog/include/spdlog/fmt/bundled/core.h,"(1556, 21)-(1556, 29)",b'operator++() noexcept -> appender&'
spdlog,../repos/spdlog/include/spdlog/fmt/bundled/core.h,"(1557, 24)-(1557, 32)",b'operator++(int) noexcept -> appender'
spdlog,../repos/spdlog/include/spdlog/fmt/bundled/core.h,"(1603, 44)-(1603, 52)",b'() const noexcept'
spdlog,../repos/spdlog/include/spdlog/fmt/bundled/core.h,"(1718, 34)-(1718, 42)",b'() const noexcept'
spdlog,../repos/spdlog/include/spdlog/fmt/bundled/core.h,"(2337, 59)-(2337, 67)","b'parse_nonnegative_int(const Char*& begin, con...'"
spdlog,../repos/spdlog/include/spdlog/fmt/bundled/color.h,"(210, 30)-(210, 38)",b'color_type() noexcept'
spdlog,../repos/spdlog/include/spdlog/fmt/bundled/color.h,"(211, 45)-(211, 53)",b'color_type(color rgb_color) noexcept'
spdlog,../repos/spdlog/include/spdlog/fmt/bundled/color.h,"(214, 43)-(214, 51)",b'color_type(rgb rgb_color) noexcept'
spdlog,../repos/spdlog/include/spdlog/fmt/bundled/color.h,"(218, 55)-(218, 63)",b'color_type(terminal_color term_color) noexcept'
spdlog,../repos/spdlog/include/spdlog/fmt/bundled/color.h,"(266, 45)-(266, 53)",b'has_foreground() const noexcept'
spdlog,../repos/spdlog/include/spdlog/fmt/bundled/color.h,"(269, 45)-(269, 53)",b'has_background() const noexcept'
spdlog,../repos/spdlog/include/spdlog/fmt/bundled/color.h,"(272, 43)-(272, 51)",b'has_emphasis() const noexcept'
spdlog,../repos/spdlog/include/spdlog/fmt/bundled/color.h,"(275, 59)-(275, 67)",b'detail::color_type get_foreground() const noexcept'
spdlog,../repos/spdlog/include/spdlog/fmt/bundled/color.h,"(279, 59)-(279, 67)",b'detail::color_type get_background() const noexcept'
spdlog,../repos/spdlog/include/spdlog/fmt/bundled/color.h,"(283, 47)-(283, 55)",b'get_emphasis() const noexcept'
spdlog,../repos/spdlog/include/spdlog/fmt/bundled/color.h,"(301, 69)-(301, 77)",b'fg(detail::color_type foreground) noexcept'
spdlog,../repos/spdlog/include/spdlog/fmt/bundled/color.h,"(303, 69)-(303, 77)",b'bg(detail::color_type background) noexcept'
spdlog,../repos/spdlog/include/spdlog/fmt/bundled/color.h,"(313, 67)-(313, 75)",b'fg(detail::color_type foreground) noexcept'
spdlog,../repos/spdlog/include/spdlog/fmt/bundled/color.h,"(318, 67)-(318, 75)",b'bg(detail::color_type background) noexcept'
spdlog,../repos/spdlog/include/spdlog/fmt/bundled/color.h,"(322, 71)-(322, 79)","b'operator|(emphasis lhs, emphasis rhs) noexcept'"
spdlog,../repos/spdlog/include/spdlog/fmt/bundled/color.h,"(330, 52)-(330, 60)",b'ansi_color_escape(detail::color_type text_col...'
spdlog,../repos/spdlog/include/spdlog/fmt/bundled/color.h,"(365, 48)-(365, 56)",b'ansi_color_escape(emphasis em) noexcept'
spdlog,../repos/spdlog/include/spdlog/fmt/bundled/color.h,"(388, 43)-(388, 51)",b'begin() const noexcept'
spdlog,../repos/spdlog/include/spdlog/fmt/bundled/color.h,"(389, 53)-(389, 61)",b'end() const noexcept'
spdlog,../repos/spdlog/include/spdlog/fmt/bundled/color.h,"(398, 52)-(398, 60)","b'to_esc(uint8_t c, Char* out,\n                ...'"
spdlog,../repos/spdlog/include/spdlog/fmt/bundled/color.h,"(404, 70)-(404, 78)","b'has_emphasis(emphasis em, emphasis mask) noexcept'"
spdlog,../repos/spdlog/include/spdlog/fmt/bundled/color.h,"(411, 36)-(411, 44)",b'ansi_color_escape<Char> make_foreground_color...'
spdlog,../repos/spdlog/include/spdlog/fmt/bundled/color.h,"(417, 36)-(417, 44)",b'ansi_color_escape<Char> make_background_color...'
spdlog,../repos/spdlog/include/spdlog/fmt/bundled/color.h,"(422, 66)-(422, 74)",b'ansi_color_escape<Char> make_emphasis(emphasi...'
spdlog,../repos/spdlog/include/spdlog/fmt/bundled/format.h,"(326, 59)-(326, 67)","b'umul128(uint64_t x, uint64_t y) noexcept'"
spdlog,../repos/spdlog/include/spdlog/fmt/bundled/format.h,"(332, 35)-(332, 43)",b'high() const noexcept'
spdlog,../repos/spdlog/include/spdlog/fmt/bundled/format.h,"(333, 34)-(333, 42)",b'low() const noexcept'
spdlog,../repos/spdlog/include/spdlog/fmt/bundled/format.h,"(401, 60)-(401, 68)",b'operator+=(uint64_t n) noexcept'
spdlog,../repos/spdlog/include/spdlog/fmt/bundled/format.h,"(874, 68)-(874, 76)",b'basic_memory_buffer(basic_memory_buffer&& oth...'
spdlog,../repos/spdlog/include/spdlog/fmt/bundled/format.h,"(883, 47)-(883, 55)",b'operator=(basic_memory_buffer&& other) noexce...'
spdlog,../repos/spdlog/include/spdlog/fmt/bundled/format.h,"(958, 19)-(958, 27)",b'~format_error() noexcept override'
spdlog,../repos/spdlog/include/spdlog/fmt/bundled/format.h,"(1154, 51)-(1154, 59)",b'digits10() noexcept -> int'
spdlog,../repos/spdlog/include/spdlog/fmt/bundled/format.h,"(1157, 51)-(1157, 59)",b'digits10<int128_opt>() noexcept -> int'
spdlog,../repos/spdlog/include/spdlog/fmt/bundled/format.h,"(1158, 50)-(1158, 58)",b'digits10<uint128_t>() noexcept -> int'
spdlog,../repos/spdlog/include/spdlog/fmt/bundled/format.h,"(1336, 52)-(1336, 60)",b'to_decimal(T x) noexcept -> decimal_fp<T>'
spdlog,../repos/spdlog/include/spdlog/fmt/bundled/format.h,"(3595, 53)-(3595, 61)","b'format_error_code(buffer<char>& out, int erro...'"
spdlog,../repos/spdlog/include/spdlog/fmt/bundled/format.h,"(3598, 48)-(3598, 56)","b'report_error(format_func func, int error_code...'"
spdlog,../repos/spdlog/include/spdlog/fmt/bundled/format.h,"(3644, 55)-(3644, 63)",b'format_system_error(detail::buffer<char>& out...'
spdlog,../repos/spdlog/include/spdlog/fmt/bundled/format.h,"(3648, 71)-(3648, 79)","b'report_system_error(int error_code, const cha...'"
spdlog,../repos/spdlog/include/spdlog/fmt/bundled/format.h,"(3830, 35)-(3830, 43)",b'underlying(Enum e) noexcept -> underlying_t<Enum>'
spdlog,../repos/spdlog/include/spdlog/fmt/bundled/format.h,"(3836, 34)-(3836, 42)",b'format_as(Enum e) noexcept -> underlying_t<Enum>'
spdlog,../repos/spdlog/include/spdlog/fmt/bundled/format-inl.h,"(48, 54)-(48, 62)","b'format_error_code(detail::buffer<char>& out, ...'"
spdlog,../repos/spdlog/include/spdlog/fmt/bundled/format-inl.h,"(71, 49)-(71, 57)","b'report_error(format_func func, int error_code...'"
spdlog,../repos/spdlog/include/spdlog/fmt/bundled/format-inl.h,"(121, 48)-(121, 56)",b'format_error::~format_error() noexcept'
spdlog,../repos/spdlog/include/spdlog/fmt/bundled/format-inl.h,"(137, 60)-(137, 68)","b'rotr(uint32_t n, uint32_t r) noexcept'"
spdlog,../repos/spdlog/include/spdlog/fmt/bundled/format-inl.h,"(141, 60)-(141, 68)","b'rotr(uint64_t n, uint32_t r) noexcept'"
spdlog,../repos/spdlog/include/spdlog/fmt/bundled/format-inl.h,"(147, 57)-(147, 65)","b'umul128(uint64_t x, uint64_t y) noexcept'"
spdlog,../repos/spdlog/include/spdlog/fmt/bundled/format-inl.h,"(178, 57)-(178, 65)","b'umul128_upper64(uint64_t x, uint64_t y) noexcept'"
spdlog,../repos/spdlog/include/spdlog/fmt/bundled/format-inl.h,"(192, 62)-(192, 70)","b'umul192_upper128(uint64_t x,\n                ...'"
spdlog,../repos/spdlog/include/spdlog/fmt/bundled/format-inl.h,"(200, 56)-(200, 64)","b'umul96_upper64(uint32_t x, uint64_t y) noexcept'"
spdlog,../repos/spdlog/include/spdlog/fmt/bundled/format-inl.h,"(207, 62)-(207, 70)","b'umul192_lower128(uint64_t x,\n                ...'"
spdlog,../repos/spdlog/include/spdlog/fmt/bundled/format-inl.h,"(215, 56)-(215, 64)","b'umul96_lower64(uint32_t x, uint64_t y) noexcept'"
spdlog,../repos/spdlog/include/spdlog/fmt/bundled/format-inl.h,"(221, 36)-(221, 44)",b'floor_log10_pow2(int e) noexcept'
spdlog,../repos/spdlog/include/spdlog/fmt/bundled/format-inl.h,"(228, 36)-(228, 44)",b'floor_log2_pow10(int e) noexcept'
spdlog,../repos/spdlog/include/spdlog/fmt/bundled/format-inl.h,"(232, 57)-(232, 65)",b'floor_log10_pow2_minus_log10_4_over_3(int e) ...'
spdlog,../repos/spdlog/include/spdlog/fmt/bundled/format-inl.h,"(246, 58)-(246, 66)",b'check_divisibility_and_divide_by_pow10(uint32...'
spdlog,../repos/spdlog/include/spdlog/fmt/bundled/format-inl.h,"(271, 63)-(271, 71)",b'small_division_by_pow10(uint32_t n) noexcept'
spdlog,../repos/spdlog/include/spdlog/fmt/bundled/format-inl.h,"(280, 58)-(280, 66)",b'divide_by_10_to_kappa_plus_1(uint32_t n) noexcept'
spdlog,../repos/spdlog/include/spdlog/fmt/bundled/format-inl.h,"(285, 58)-(285, 66)",b'divide_by_10_to_kappa_plus_1(uint64_t n) noexcept'
spdlog,../repos/spdlog/include/spdlog/fmt/bundled/format-inl.h,"(297, 43)-(297, 51)",b'get_cached_power(int k) noexcept'
spdlog,../repos/spdlog/include/spdlog/fmt/bundled/format-inl.h,"(340, 54)-(340, 62)","b'compute_mul(\n      carrier_uint u, const cach...'"
spdlog,../repos/spdlog/include/spdlog/fmt/bundled/format-inl.h,"(347, 43)-(347, 51)","b'compute_delta(const cache_entry_type& cache,\n...'"
spdlog,../repos/spdlog/include/spdlog/fmt/bundled/format-inl.h,"(352, 68)-(352, 76)","b'compute_mul_parity(\n      carrier_uint two_f,...'"
spdlog,../repos/spdlog/include/spdlog/fmt/bundled/format-inl.h,"(362, 48)-(362, 56)",b'compute_left_endpoint_for_shorter_interval_ca...'
spdlog,../repos/spdlog/include/spdlog/fmt/bundled/format-inl.h,"(369, 48)-(369, 56)",b'compute_right_endpoint_for_shorter_interval_c...'
spdlog,../repos/spdlog/include/spdlog/fmt/bundled/format-inl.h,"(376, 48)-(376, 56)",b'compute_round_up_for_shorter_interval_case(\n ...'
spdlog,../repos/spdlog/include/spdlog/fmt/bundled/format-inl.h,"(388, 51)-(388, 59)",b'get_cached_power(int k) noexcept'
spdlog,../repos/spdlog/include/spdlog/fmt/bundled/format-inl.h,"(1099, 54)-(1099, 62)","b'compute_mul(\n      carrier_uint u, const cach...'"
spdlog,../repos/spdlog/include/spdlog/fmt/bundled/format-inl.h,"(1105, 43)-(1105, 51)","b'compute_delta(cache_entry_type const& cache,\n...'"
spdlog,../repos/spdlog/include/spdlog/fmt/bundled/format-inl.h,"(1110, 68)-(1110, 76)","b'compute_mul_parity(\n      carrier_uint two_f,...'"
spdlog,../repos/spdlog/include/spdlog/fmt/bundled/format-inl.h,"(1120, 48)-(1120, 56)",b'compute_left_endpoint_for_shorter_interval_ca...'
spdlog,../repos/spdlog/include/spdlog/fmt/bundled/format-inl.h,"(1127, 48)-(1127, 56)",b'compute_right_endpoint_for_shorter_interval_c...'
spdlog,../repos/spdlog/include/spdlog/fmt/bundled/format-inl.h,"(1134, 48)-(1134, 56)",b'compute_round_up_for_shorter_interval_case(\n ...'
spdlog,../repos/spdlog/include/spdlog/fmt/bundled/format-inl.h,"(1143, 62)-(1143, 70)",b'is_left_endpoint_integer_shorter_interval(int...'
spdlog,../repos/spdlog/include/spdlog/fmt/bundled/format-inl.h,"(1151, 51)-(1151, 59)",b'remove_trailing_zeros(uint32_t& n) noexcept'
spdlog,../repos/spdlog/include/spdlog/fmt/bundled/format-inl.h,"(1173, 51)-(1173, 59)",b'remove_trailing_zeros(uint64_t& n) noexcept'
spdlog,../repos/spdlog/include/spdlog/fmt/bundled/format-inl.h,"(1227, 62)-(1227, 70)",b'decimal_fp<T> shorter_interval_case(int expon...'
spdlog,../repos/spdlog/include/spdlog/fmt/bundled/format-inl.h,"(1273, 53)-(1273, 61)",b'to_decimal(T x) noexcept'
spdlog,../repos/spdlog/include/spdlog/fmt/bundled/format-inl.h,"(1453, 56)-(1453, 64)",b'format_system_error(detail::buffer<char>& out...'
spdlog,../repos/spdlog/include/spdlog/fmt/bundled/format-inl.h,"(1464, 56)-(1464, 64)","b'report_system_error(int error_code,\n         ...'"
