Repo name,File name,Location,Content
spdlog,../repos/spdlog/example/example.cpp,"(69, 5)-(104, 6)",b'try {\n        stdout_logger_example();\n      ...'
spdlog,../repos/spdlog/include/spdlog/sinks/mongo_sink.h,"(33, 70)-(37, 6)",b'try\n        : mongo_sink(std::make_shared<mon...'
spdlog,../repos/spdlog/include/spdlog/sinks/mongo_sink.h,"(46, 9)-(50, 10)",b'try {\n            client_ = spdlog::details::...'
spdlog,../repos/spdlog/include/spdlog/sinks/win_eventlog_sink.h,"(241, 9)-(246, 10)",b'try {\n            current_user_sid_ = interna...'
spdlog,../repos/spdlog/include/spdlog/sinks/kafka_sink.h,"(43, 9)-(69, 10)",b'try {\n            std::string errstr;\n       ...'
spdlog,../repos/spdlog/bench/bench.cpp,"(124, 5)-(143, 6)",b'try {\n        if (argc > 1) {\n            ite...'
spdlog,../repos/spdlog/bench/async_bench.cpp,"(74, 5)-(136, 6)","b'try {\n        spdlog::set_pattern(""[%^%l%$] %...'"
