Repo name,File name,Location,Content
spdlog,../repos/spdlog/include/spdlog/pattern_formatter.h,"(81, 10)-(81, 20)",b'unique_ptr<formatter>'
spdlog,../repos/spdlog/include/spdlog/pattern_formatter.h,"(99, 22)-(99, 32)",b'unique_ptr<details::flag_formatter>'
spdlog,../repos/spdlog/include/spdlog/async_logger.h,"(58, 10)-(58, 20)",b'shared_ptr<logger>'
spdlog,../repos/spdlog/include/spdlog/details/registry.h,"(33, 31)-(33, 41)",b'shared_ptr<logger>'
spdlog,../repos/spdlog/include/spdlog/details/registry.h,"(34, 33)-(34, 43)",b'shared_ptr<logger>'
spdlog,../repos/spdlog/include/spdlog/details/registry.h,"(35, 10)-(35, 20)",b'shared_ptr<logger>'
spdlog,../repos/spdlog/include/spdlog/details/registry.h,"(36, 10)-(36, 20)",b'shared_ptr<logger>'
spdlog,../repos/spdlog/include/spdlog/details/registry.h,"(47, 34)-(47, 44)",b'shared_ptr<logger>'
spdlog,../repos/spdlog/include/spdlog/details/registry.h,"(49, 22)-(49, 32)",b'shared_ptr<thread_pool>'
spdlog,../repos/spdlog/include/spdlog/details/registry.h,"(51, 10)-(51, 20)",b'shared_ptr<thread_pool>'
spdlog,../repos/spdlog/include/spdlog/details/registry.h,"(54, 29)-(54, 39)",b'unique_ptr<formatter>'
spdlog,../repos/spdlog/include/spdlog/details/registry.h,"(73, 56)-(73, 66)",b'shared_ptr<logger>'
spdlog,../repos/spdlog/include/spdlog/details/registry.h,"(93, 39)-(93, 49)",b'shared_ptr<logger>'
spdlog,../repos/spdlog/include/spdlog/details/registry.h,"(100, 32)-(100, 42)",b'shared_ptr<logger>'
spdlog,../repos/spdlog/include/spdlog/details/registry.h,"(104, 42)-(104, 52)",b'shared_ptr<logger>'
spdlog,../repos/spdlog/include/spdlog/details/registry.h,"(106, 10)-(106, 20)",b'unique_ptr<formatter>'
spdlog,../repos/spdlog/include/spdlog/details/registry.h,"(110, 10)-(110, 20)",b'shared_ptr<thread_pool>'
spdlog,../repos/spdlog/include/spdlog/details/registry.h,"(111, 10)-(111, 20)",b'unique_ptr<periodic_worker>'
spdlog,../repos/spdlog/include/spdlog/details/registry.h,"(112, 10)-(112, 20)",b'shared_ptr<logger>'
spdlog,../repos/spdlog/include/spdlog/pattern_formatter-inl.h,"(1235, 10)-(1235, 20)",b'unique_ptr<details::aggregate_formatter>'
spdlog,../repos/spdlog/include/spdlog/sinks/stdout_sinks.h,"(69, 6)-(69, 16)",b'shared_ptr<logger>'
spdlog,../repos/spdlog/include/spdlog/sinks/stdout_sinks.h,"(72, 6)-(72, 16)",b'shared_ptr<logger>'
spdlog,../repos/spdlog/include/spdlog/sinks/stdout_sinks.h,"(75, 6)-(75, 16)",b'shared_ptr<logger>'
spdlog,../repos/spdlog/include/spdlog/sinks/stdout_sinks.h,"(78, 6)-(78, 16)",b'shared_ptr<logger>'
spdlog,../repos/spdlog/include/spdlog/sinks/stdout_color_sinks.h,"(30, 6)-(30, 16)",b'shared_ptr<logger>'
spdlog,../repos/spdlog/include/spdlog/sinks/stdout_color_sinks.h,"(34, 6)-(34, 16)",b'shared_ptr<logger>'
spdlog,../repos/spdlog/include/spdlog/sinks/stdout_color_sinks.h,"(38, 6)-(38, 16)",b'shared_ptr<logger>'
spdlog,../repos/spdlog/include/spdlog/sinks/stdout_color_sinks.h,"(42, 6)-(42, 16)",b'shared_ptr<logger>'
spdlog,../repos/spdlog/include/spdlog/sinks/sink.h,"(18, 37)-(18, 47)",b'unique_ptr<spdlog::formatter>'
spdlog,../repos/spdlog/include/spdlog/sinks/base_sink.h,"(34, 29)-(34, 39)",b'unique_ptr<spdlog::formatter>'
spdlog,../repos/spdlog/include/spdlog/sinks/base_sink.h,"(44, 38)-(44, 48)",b'unique_ptr<spdlog::formatter>'
spdlog,../repos/spdlog/include/spdlog/sinks/base_sink-inl.h,"(22, 10)-(22, 20)",b'unique_ptr<spdlog::formatter>'
spdlog,../repos/spdlog/include/spdlog/fmt/bundled/args.h,"(36, 10)-(36, 20)",b'unique_ptr<node<>>'
spdlog,../repos/spdlog/include/spdlog/fmt/bundled/args.h,"(50, 8)-(50, 18)",b'unique_ptr<node<>>'
spdlog,../repos/spdlog/include/spdlog/fmt/bundled/args.h,"(138, 10)-(138, 20)",b'unique_ptr<std::vector<basic_format_arg<Conte...'
spdlog,../repos/spdlog/include/spdlog/logger.h,"(277, 29)-(277, 39)",b'unique_ptr<formatter>'
spdlog,../repos/spdlog/include/spdlog/logger.h,"(305, 18)-(305, 28)",b'shared_ptr<logger>'
spdlog,../repos/spdlog/include/spdlog/spdlog.h,"(47, 40)-(47, 50)",b'shared_ptr<logger>'
spdlog,../repos/spdlog/include/spdlog/spdlog.h,"(52, 17)-(52, 27)",b'shared_ptr<logger>'
spdlog,../repos/spdlog/include/spdlog/spdlog.h,"(55, 36)-(55, 46)",b'unique_ptr<spdlog::formatter>'
spdlog,../repos/spdlog/include/spdlog/spdlog.h,"(94, 38)-(94, 48)",b'shared_ptr<logger>'
spdlog,../repos/spdlog/include/spdlog/spdlog.h,"(99, 57)-(99, 67)",b'shared_ptr<logger>'
spdlog,../repos/spdlog/include/spdlog/spdlog.h,"(128, 17)-(128, 27)",b'shared_ptr<spdlog::logger>'
spdlog,../repos/spdlog/include/spdlog/spdlog.h,"(132, 41)-(132, 51)",b'shared_ptr<spdlog::logger>'
spdlog,../repos/spdlog/include/spdlog/spdlog.h,"(141, 46)-(141, 56)",b'shared_ptr<logger>'
spdlog,../repos/spdlog/tests/test_custom_callbacks.cpp,"(21, 10)-(21, 20)",b'shared_ptr<spdlog::sinks::test_sink_st>'
spdlog,../repos/spdlog/tests/test_time_point.cpp,"(6, 10)-(6, 20)",b'shared_ptr<spdlog::sinks::test_sink_st>'
spdlog,../repos/spdlog/tests/test_async.cpp,"(196, 10)-(196, 20)",b'shared_ptr<spdlog::details::thread_pool>'
spdlog,../repos/spdlog/bench/bench.cpp,"(30, 30)-(30, 40)",b'shared_ptr<spdlog::logger>'
spdlog,../repos/spdlog/bench/bench.cpp,"(31, 33)-(31, 43)",b'shared_ptr<spdlog::logger>'
spdlog,../repos/spdlog/bench/async_bench.cpp,"(34, 33)-(34, 43)",b'shared_ptr<spdlog::logger>'
