Repo name,File name,Location,Content
spdlog,../repos/spdlog/include/spdlog/pattern_formatter.h,"(79, 24)-(79, 65)",b'&operator=(const pattern_formatter &other)'
spdlog,../repos/spdlog/include/spdlog/details/log_msg_buffer.h,"(23, 21)-(23, 59)",b'&operator=(const log_msg_buffer &other)'
spdlog,../repos/spdlog/include/spdlog/details/log_msg_buffer.h,"(24, 21)-(24, 54)",b'&operator=(log_msg_buffer &&other)'
spdlog,../repos/spdlog/include/spdlog/details/registry.h,"(31, 15)-(31, 42)",b'&operator=(const registry &)'
spdlog,../repos/spdlog/include/spdlog/details/backtracer.h,"(28, 17)-(28, 44)",b'&operator=(backtracer other)'
spdlog,../repos/spdlog/include/spdlog/details/file_helper.h,"(22, 18)-(22, 48)",b'&operator=(const file_helper &)'
spdlog,../repos/spdlog/include/spdlog/details/periodic_worker.h,"(42, 22)-(42, 56)",b'&operator=(const periodic_worker &)'
spdlog,../repos/spdlog/include/spdlog/details/thread_pool.h,"(44, 16)-(44, 44)",b'&operator=(async_msg &&other)'
spdlog,../repos/spdlog/include/spdlog/details/thread_pool.h,"(52, 16)-(52, 39)",b'&operator=(async_msg &&)'
spdlog,../repos/spdlog/include/spdlog/details/thread_pool.h,"(86, 18)-(86, 43)",b'&operator=(thread_pool &&)'
spdlog,../repos/spdlog/include/spdlog/details/log_msg.h,"(21, 14)-(21, 45)",b'&operator=(const log_msg &other)'
spdlog,../repos/spdlog/include/spdlog/details/circular_q.h,"(32, 17)-(32, 46)",b'&operator=(const circular_q &)'
spdlog,../repos/spdlog/include/spdlog/details/circular_q.h,"(38, 17)-(38, 46)",b'&operator=(circular_q &&other)'
spdlog,../repos/spdlog/include/spdlog/pattern_formatter-inl.h,"(513, 18)-(513, 48)",b'&operator=(const z_formatter &)'
spdlog,../repos/spdlog/include/spdlog/sinks/stdout_sinks.h,"(29, 23)-(29, 63)",b'&operator=(const stdout_sink_base &other)'
spdlog,../repos/spdlog/include/spdlog/sinks/stdout_sinks.h,"(30, 23)-(30, 58)",b'&operator=(stdout_sink_base &&other)'
spdlog,../repos/spdlog/include/spdlog/sinks/win_eventlog_sink.h,"(59, 20)-(59, 52)",b'&operator=(local_alloc_t const &)'
spdlog,../repos/spdlog/include/spdlog/sinks/syslog_sink.h,"(39, 18)-(39, 48)",b'&operator=(const syslog_sink &)'
spdlog,../repos/spdlog/include/spdlog/sinks/base_sink.h,"(28, 16)-(28, 44)",b'&operator=(const base_sink &)'
spdlog,../repos/spdlog/include/spdlog/sinks/base_sink.h,"(29, 16)-(29, 39)",b'&operator=(base_sink &&)'
spdlog,../repos/spdlog/include/spdlog/sinks/wincolor_sink.h,"(30, 20)-(30, 57)",b'&operator=(const wincolor_sink &other)'
spdlog,../repos/spdlog/include/spdlog/sinks/ostream_sink.h,"(21, 19)-(21, 50)",b'&operator=(const ostream_sink &)'
spdlog,../repos/spdlog/include/spdlog/sinks/dist_sink.h,"(30, 16)-(30, 44)",b'&operator=(const dist_sink &)'
spdlog,../repos/spdlog/include/spdlog/sinks/systemd_sink.h,"(40, 19)-(40, 50)",b'&operator=(const systemd_sink &)'
spdlog,../repos/spdlog/include/spdlog/sinks/ansicolor_sink.h,"(34, 21)-(34, 59)",b'&operator=(const ansicolor_sink &other)'
spdlog,../repos/spdlog/include/spdlog/sinks/ansicolor_sink.h,"(35, 21)-(35, 54)",b'&operator=(ansicolor_sink &&other)'
spdlog,../repos/spdlog/include/spdlog/fmt/bundled/os.h,"(234, 8)-(234, 39)",b'void operator=(const buffered_file&) = delete;'
spdlog,../repos/spdlog/include/spdlog/fmt/bundled/os.h,"(247, 18)-(247, 50)",b'& operator=(buffered_file&& other)'
spdlog,../repos/spdlog/include/spdlog/fmt/bundled/os.h,"(308, 8)-(308, 30)",b'operator=(const file&) = delete'
spdlog,../repos/spdlog/include/spdlog/fmt/bundled/os.h,"(313, 9)-(313, 32)",b'& operator=(file&& other)'
spdlog,../repos/spdlog/include/spdlog/fmt/bundled/os.h,"(368, 15)-(368, 42)",b'buffer_size operator=(size_t val) const {\n   ...'
spdlog,../repos/spdlog/include/spdlog/fmt/bundled/ranges.h,"(337, 32)-(337, 54)",b'void operator()(const T& v) {\n      if (i > 0...'
spdlog,../repos/spdlog/include/spdlog/fmt/bundled/printf.h,"(82, 7)-(82, 26)",b'int operator()(T value) {\n    if (!int_checke...'
spdlog,../repos/spdlog/include/spdlog/fmt/bundled/printf.h,"(89, 7)-(89, 20)",b'int operator()(T) {\n    FMT_THROW(format_erro...'
spdlog,../repos/spdlog/include/spdlog/fmt/bundled/printf.h,"(99, 8)-(99, 27)",b'bool operator()(T value) {\n    return value =...'
spdlog,../repos/spdlog/include/spdlog/fmt/bundled/printf.h,"(104, 8)-(104, 21)",b'bool operator()(T) {\n    return false;\n  }'
spdlog,../repos/spdlog/include/spdlog/fmt/bundled/printf.h,"(124, 8)-(124, 30)",b'void operator()(bool value) {\n    if (type_ !...'
spdlog,../repos/spdlog/include/spdlog/fmt/bundled/printf.h,"(129, 8)-(129, 27)",b'void operator()(U value) {\n    bool is_signed...'
spdlog,../repos/spdlog/include/spdlog/fmt/bundled/printf.h,"(156, 8)-(156, 21)",b'void operator()(U) {}'
spdlog,../repos/spdlog/include/spdlog/fmt/bundled/printf.h,"(177, 8)-(177, 27)",b'void operator()(T value) {\n    arg_ = detail:...'
spdlog,../repos/spdlog/include/spdlog/fmt/bundled/printf.h,"(183, 8)-(183, 21)",b'void operator()(T) {}'
spdlog,../repos/spdlog/include/spdlog/fmt/bundled/printf.h,"(189, 37)-(189, 50)",b'* operator()(T)'
spdlog,../repos/spdlog/include/spdlog/fmt/bundled/printf.h,"(190, 15)-(190, 40)",b'* operator()(const Char* s)'
spdlog,../repos/spdlog/include/spdlog/fmt/bundled/printf.h,"(205, 12)-(205, 31)",b'unsigned operator()(T value) {\n    auto width...'
spdlog,../repos/spdlog/include/spdlog/fmt/bundled/printf.h,"(217, 12)-(217, 25)",b'unsigned operator()(T) {\n    FMT_THROW(format...'
spdlog,../repos/spdlog/include/spdlog/fmt/bundled/printf.h,"(243, 12)-(243, 39)",b'OutputIt operator()(monostate value) { return...'
spdlog,../repos/spdlog/include/spdlog/fmt/bundled/printf.h,"(246, 12)-(246, 31)",b'OutputIt operator()(T value) {\n    // MSVC201...'
spdlog,../repos/spdlog/include/spdlog/fmt/bundled/printf.h,"(268, 12)-(268, 31)",b'OutputIt operator()(T value) {\n    return bas...'
spdlog,../repos/spdlog/include/spdlog/fmt/bundled/printf.h,"(273, 12)-(273, 41)",b'OutputIt operator()(const char* value) {\n    ...'
spdlog,../repos/spdlog/include/spdlog/fmt/bundled/printf.h,"(279, 12)-(279, 44)",b'OutputIt operator()(const wchar_t* value) {\n ...'
spdlog,../repos/spdlog/include/spdlog/fmt/bundled/printf.h,"(284, 12)-(284, 53)",b'OutputIt operator()(basic_string_view<Char> v...'
spdlog,../repos/spdlog/include/spdlog/fmt/bundled/printf.h,"(289, 12)-(289, 41)",b'OutputIt operator()(const void* value) {\n    ...'
spdlog,../repos/spdlog/include/spdlog/fmt/bundled/printf.h,"(294, 12)-(294, 78)",b'OutputIt operator()(typename basic_format_arg...'
spdlog,../repos/spdlog/include/spdlog/fmt/bundled/xchar.h,"(52, 36)-(52, 75)","b'constexpr detail::udl_arg<wchar_t> operator""""...'"
spdlog,../repos/spdlog/include/spdlog/fmt/bundled/compile.h,"(65, 24)-(65, 36)",b'& operator++()'
spdlog,../repos/spdlog/include/spdlog/fmt/bundled/compile.h,"(70, 23)-(70, 38)",b'truncating_iterator operator++(int) {\n    aut...'
spdlog,../repos/spdlog/include/spdlog/fmt/bundled/compile.h,"(76, 15)-(76, 32)",b'& operator*() const'
spdlog,../repos/spdlog/include/spdlog/fmt/bundled/compile.h,"(90, 46)-(90, 62)",b'& operator=(T val)'
spdlog,../repos/spdlog/include/spdlog/fmt/bundled/compile.h,"(95, 24)-(95, 36)",b'& operator++()'
spdlog,../repos/spdlog/include/spdlog/fmt/bundled/compile.h,"(96, 24)-(96, 39)",b'& operator++(int)'
spdlog,../repos/spdlog/include/spdlog/fmt/bundled/compile.h,"(97, 24)-(97, 35)",b'& operator*()'
spdlog,../repos/spdlog/include/spdlog/fmt/bundled/compile.h,"(351, 17)-(351, 29)",b'constexpr int operator()() {\n    FMT_ASSERT(f...'
spdlog,../repos/spdlog/include/spdlog/fmt/bundled/compile.h,"(355, 17)-(355, 35)",b'constexpr int operator()(int id) {\n    arg_id...'
spdlog,../repos/spdlog/include/spdlog/fmt/bundled/compile.h,"(359, 17)-(359, 55)",b'constexpr int operator()(basic_string_view<Ch...'
spdlog,../repos/spdlog/include/spdlog/fmt/bundled/compile.h,"(600, 61)-(600, 76)","b'constexpr auto operator""""_cf() {\n  using char...'"
spdlog,../repos/spdlog/include/spdlog/fmt/bundled/core.h,"(480, 18)-(480, 70)",b'constexpr auto operator[](size_t pos) const n...'
spdlog,../repos/spdlog/include/spdlog/fmt/bundled/core.h,"(498, 41)-(500, 14)",b'FMT_CONSTEXPR_CHAR_TRAITS friend auto operato...'
spdlog,../repos/spdlog/include/spdlog/fmt/bundled/core.h,"(503, 15)-(503, 79)","b'friend auto operator!=(basic_string_view lhs,...'"
spdlog,../repos/spdlog/include/spdlog/fmt/bundled/core.h,"(506, 15)-(506, 78)","b'friend auto operator<(basic_string_view lhs, ...'"
spdlog,../repos/spdlog/include/spdlog/fmt/bundled/core.h,"(509, 15)-(509, 79)","b'friend auto operator<=(basic_string_view lhs,...'"
spdlog,../repos/spdlog/include/spdlog/fmt/bundled/core.h,"(512, 15)-(512, 78)","b'friend auto operator>(basic_string_view lhs, ...'"
spdlog,../repos/spdlog/include/spdlog/fmt/bundled/core.h,"(515, 15)-(515, 79)","b'friend auto operator>=(basic_string_view lhs,...'"
spdlog,../repos/spdlog/include/spdlog/fmt/bundled/core.h,"(893, 8)-(893, 32)",b'void operator=(const buffer&) = delete;'
spdlog,../repos/spdlog/include/spdlog/fmt/bundled/core.h,"(939, 46)-(939, 73)",b'FMT_CONSTEXPR auto operator[](Idx index) -> T...'
spdlog,../repos/spdlog/include/spdlog/fmt/bundled/core.h,"(943, 22)-(943, 61)",b'FMT_CONSTEXPR auto operator[](Idx index) cons...'
spdlog,../repos/spdlog/include/spdlog/fmt/bundled/core.h,"(1556, 8)-(1556, 42)",b'auto operator++() noexcept -> appender& { ret...'
spdlog,../repos/spdlog/include/spdlog/fmt/bundled/core.h,"(1557, 8)-(1557, 44)",b'auto operator++(int) noexcept -> appender { r...'
spdlog,../repos/spdlog/include/spdlog/fmt/bundled/core.h,"(1806, 8)-(1806, 46)",b'operator=(const basic_format_context&) = delete'
spdlog,../repos/spdlog/include/spdlog/fmt/bundled/core.h,"(2103, 22)-(2103, 55)",b'FMT_CONSTEXPR auto operator[](size_t index) -...'
spdlog,../repos/spdlog/include/spdlog/fmt/bundled/core.h,"(2104, 22)-(2104, 67)",b'FMT_CONSTEXPR auto operator[](size_t index) c...'
spdlog,../repos/spdlog/include/spdlog/fmt/bundled/core.h,"(2169, 22)-(2169, 52)",b'FMT_CONSTEXPR auto operator=(int idx) -> arg_...'
spdlog,../repos/spdlog/include/spdlog/fmt/bundled/core.h,"(2449, 24)-(2449, 36)",b'FMT_CONSTEXPR void operator()() { handler.on_...'
spdlog,../repos/spdlog/include/spdlog/fmt/bundled/core.h,"(2450, 24)-(2450, 42)",b'FMT_CONSTEXPR void operator()(int id) { handl...'
spdlog,../repos/spdlog/include/spdlog/fmt/bundled/core.h,"(2451, 24)-(2451, 62)",b'FMT_CONSTEXPR void operator()(basic_string_vi...'
spdlog,../repos/spdlog/include/spdlog/fmt/bundled/core.h,"(2483, 24)-(2483, 36)",b'FMT_CONSTEXPR void operator()() { handler.on_...'
spdlog,../repos/spdlog/include/spdlog/fmt/bundled/core.h,"(2484, 24)-(2484, 42)",b'FMT_CONSTEXPR void operator()(int id) { handl...'
spdlog,../repos/spdlog/include/spdlog/fmt/bundled/core.h,"(2485, 24)-(2485, 62)",b'FMT_CONSTEXPR void operator()(basic_string_vi...'
spdlog,../repos/spdlog/include/spdlog/fmt/bundled/core.h,"(2640, 24)-(2640, 36)",b'FMT_CONSTEXPR void operator()() { arg_id = ha...'
spdlog,../repos/spdlog/include/spdlog/fmt/bundled/core.h,"(2641, 24)-(2641, 42)",b'FMT_CONSTEXPR void operator()(int id) { arg_i...'
spdlog,../repos/spdlog/include/spdlog/fmt/bundled/core.h,"(2642, 24)-(2642, 62)",b'FMT_CONSTEXPR void operator()(basic_string_vi...'
spdlog,../repos/spdlog/include/spdlog/fmt/bundled/core.h,"(2700, 24)-(2700, 68)",b'FMT_CONSTEXPR void operator()(const Char* fro...'
spdlog,../repos/spdlog/include/spdlog/fmt/bundled/color.h,"(237, 29)-(237, 62)",b'& operator|=(const text_style& rhs)'
spdlog,../repos/spdlog/include/spdlog/fmt/bundled/color.h,"(261, 35)-(262, 67)",b'friend FMT_CONSTEXPR text_style operator|(tex...'
spdlog,../repos/spdlog/include/spdlog/fmt/bundled/color.h,"(322, 33)-(322, 79)","b'operator|(emphasis lhs, emphasis rhs) noexcep...'"
spdlog,../repos/spdlog/include/spdlog/fmt/bundled/format.h,"(340, 25)-(341, 72)",b'constexpr auto operator==(const uint128_fallb...'
spdlog,../repos/spdlog/include/spdlog/fmt/bundled/format.h,"(344, 25)-(345, 72)",b'constexpr auto operator!=(const uint128_fallb...'
spdlog,../repos/spdlog/include/spdlog/fmt/bundled/format.h,"(348, 25)-(349, 71)",b'constexpr auto operator>(const uint128_fallba...'
spdlog,../repos/spdlog/include/spdlog/fmt/bundled/format.h,"(352, 25)-(354, 26)",b'constexpr auto operator|(const uint128_fallba...'
spdlog,../repos/spdlog/include/spdlog/fmt/bundled/format.h,"(357, 25)-(359, 26)",b'constexpr auto operator&(const uint128_fallba...'
spdlog,../repos/spdlog/include/spdlog/fmt/bundled/format.h,"(362, 15)-(363, 73)","b'auto operator+(const uint128_fallback& lhs,\n ...'"
spdlog,../repos/spdlog/include/spdlog/fmt/bundled/format.h,"(368, 15)-(369, 26)","b'auto operator*(const uint128_fallback& lhs, u...'"
spdlog,../repos/spdlog/include/spdlog/fmt/bundled/format.h,"(376, 15)-(377, 26)","b'auto operator-(const uint128_fallback& lhs, u...'"
spdlog,../repos/spdlog/include/spdlog/fmt/bundled/format.h,"(380, 22)-(380, 69)",b'FMT_CONSTEXPR auto operator>>(int shift) cons...'
spdlog,../repos/spdlog/include/spdlog/fmt/bundled/format.h,"(385, 22)-(385, 69)",b'FMT_CONSTEXPR auto operator<<(int shift) cons...'
spdlog,../repos/spdlog/include/spdlog/fmt/bundled/format.h,"(390, 22)-(390, 65)",b'FMT_CONSTEXPR auto operator>>=(int shift) -> ...'
spdlog,../repos/spdlog/include/spdlog/fmt/bundled/format.h,"(393, 22)-(393, 52)",b'FMT_CONSTEXPR void operator+=(uint128_fallbac...'
spdlog,../repos/spdlog/include/spdlog/fmt/bundled/format.h,"(401, 37)-(401, 68)",b'& operator+=(uint64_t n) noexcept'
spdlog,../repos/spdlog/include/spdlog/fmt/bundled/format.h,"(685, 24)-(685, 74)","b'FMT_CONSTEXPR auto operator()(uint32_t cp, st...'"
spdlog,../repos/spdlog/include/spdlog/fmt/bundled/format.h,"(883, 8)-(883, 79)",b'auto operator=(basic_memory_buffer&& other) n...'
spdlog,../repos/spdlog/include/spdlog/fmt/bundled/format.h,"(955, 17)-(955, 47)",b'& operator=(const format_error&)'
spdlog,../repos/spdlog/include/spdlog/fmt/bundled/format.h,"(957, 17)-(957, 42)",b'& operator=(format_error&&)'
spdlog,../repos/spdlog/include/spdlog/fmt/bundled/format.h,"(1474, 25)-(1474, 46)","b'FMT_CONSTEXPR inline fp operator*(fp x, fp y)...'"
spdlog,../repos/spdlog/include/spdlog/fmt/bundled/format.h,"(2150, 46)-(2150, 65)",b'FMT_CONSTEXPR void operator=(const T&) {}'
spdlog,../repos/spdlog/include/spdlog/fmt/bundled/format.h,"(2157, 36)-(2157, 48)",b'& operator++()'
spdlog,../repos/spdlog/include/spdlog/fmt/bundled/format.h,"(2161, 35)-(2161, 50)",b'operator++(int) {\n    auto it = *this;\n    ++...'
spdlog,../repos/spdlog/include/spdlog/fmt/bundled/format.h,"(2167, 42)-(2168, 70)",b'counting_iterator operator+(counting_iterator...'
spdlog,../repos/spdlog/include/spdlog/fmt/bundled/format.h,"(2173, 28)-(2173, 45)",b'operator*() const { return {}; }'
spdlog,../repos/spdlog/include/spdlog/fmt/bundled/format.h,"(2717, 25)-(2717, 52)",b'FMT_CONSTEXPR20 bigit operator[](int index) c...'
spdlog,../repos/spdlog/include/spdlog/fmt/bundled/format.h,"(2720, 26)-(2720, 47)",b'& operator[](int index)'
spdlog,../repos/spdlog/include/spdlog/fmt/bundled/format.h,"(2801, 8)-(2801, 32)",b'void operator=(const bigint&) = delete;'
spdlog,../repos/spdlog/include/spdlog/fmt/bundled/format.h,"(2811, 48)-(2811, 64)",b'FMT_CONSTEXPR20 void operator=(Int n) {\n    F...'
spdlog,../repos/spdlog/include/spdlog/fmt/bundled/format.h,"(2820, 40)-(2820, 62)",b'& operator<<=(int shift)'
spdlog,../repos/spdlog/include/spdlog/fmt/bundled/format.h,"(2835, 51)-(2835, 72)",b'& operator*=(Int value)'
spdlog,../repos/spdlog/include/spdlog/fmt/bundled/format.h,"(3373, 30)-(3373, 61)",b'auto operator()(T value) -> iterator {\n    re...'
spdlog,../repos/spdlog/include/spdlog/fmt/bundled/format.h,"(3376, 8)-(3376, 76)",b'auto operator()(typename basic_format_arg<con...'
spdlog,../repos/spdlog/include/spdlog/fmt/bundled/format.h,"(3393, 33)-(3393, 64)",b'FMT_CONSTEXPR FMT_INLINE auto operator()(T va...'
spdlog,../repos/spdlog/include/spdlog/fmt/bundled/format.h,"(3396, 8)-(3396, 74)",b'auto operator()(typename basic_format_arg<con...'
spdlog,../repos/spdlog/include/spdlog/fmt/bundled/format.h,"(3407, 8)-(3408, 71)",b'void operator()(\n      typename basic_format_...'
spdlog,../repos/spdlog/include/spdlog/fmt/bundled/format.h,"(3411, 30)-(3411, 49)",b'void operator()(T) const {}'
spdlog,../repos/spdlog/include/spdlog/fmt/bundled/format.h,"(3425, 22)-(3425, 63)",b'FMT_CONSTEXPR auto operator()(T value) -> uns...'
spdlog,../repos/spdlog/include/spdlog/fmt/bundled/format.h,"(3431, 22)-(3431, 57)",b'FMT_CONSTEXPR auto operator()(T) -> unsigned ...'
spdlog,../repos/spdlog/include/spdlog/fmt/bundled/format.h,"(3445, 22)-(3445, 63)",b'FMT_CONSTEXPR auto operator()(T value) -> uns...'
spdlog,../repos/spdlog/include/spdlog/fmt/bundled/format.h,"(3451, 22)-(3451, 57)",b'FMT_CONSTEXPR auto operator()(T) -> unsigned ...'
spdlog,../repos/spdlog/include/spdlog/fmt/bundled/format.h,"(3541, 8)-(3541, 64)",b'auto operator()(T&&... args) const -> std::ba...'
spdlog,../repos/spdlog/include/spdlog/fmt/bundled/format.h,"(3568, 30)-(3568, 56)",b'auto operator=(T&& value) const {\n    return ...'
spdlog,../repos/spdlog/include/spdlog/fmt/bundled/format.h,"(3576, 30)-(3576, 78)",b'auto operator=(T&& value) const -> named_arg<...'
spdlog,../repos/spdlog/include/spdlog/fmt/bundled/format.h,"(4163, 61)-(4163, 75)",b'extern template FMT_API auto thousands_sep_im...'
spdlog,../repos/spdlog/include/spdlog/fmt/bundled/format.h,"(4168, 16)-(4168, 77)","b'constexpr auto operator"""" _a(const char* s, s...'"
spdlog,../repos/spdlog/include/spdlog/fmt/bundled/format-inl.h,"(132, 35)-(132, 75)","b'inline bool operator==(basic_fp<F> x, basic_f...'"
spdlog,../repos/spdlog/include/spdlog/logger.h,"(75, 13)-(75, 36)",b'&operator=(logger other)'
