Repo name,File name,Location,Content
spdlog,../repos/spdlog/example/example.cpp,"(322, 5)-(327, 6)","b'void format(const spdlog::details::log_msg &,...'"
spdlog,../repos/spdlog/example/example.cpp,"(329, 5)-(331, 6)",b'std::unique_ptr<custom_flag_formatter> clone(...'
spdlog,../repos/spdlog/include/spdlog/pattern_formatter.h,"(65, 1)-(113, 2)",b'class SPDLOG_API pattern_formatter final : pu...'
spdlog,../repos/spdlog/include/spdlog/details/file_helper-inl.h,"(131, 1)-(149, 2)","b'SPDLOG_INLINE std::tuple<filename_t, filename...'"
spdlog,../repos/spdlog/include/spdlog/pattern_formatter-inl.h,"(101, 5)-(104, 6)","b'void format(const details::log_msg &msg, cons...'"
spdlog,../repos/spdlog/include/spdlog/pattern_formatter-inl.h,"(114, 5)-(118, 6)","b'void format(const details::log_msg &msg, cons...'"
spdlog,../repos/spdlog/include/spdlog/pattern_formatter-inl.h,"(128, 5)-(132, 6)","b'void format(const details::log_msg &msg, cons...'"
spdlog,../repos/spdlog/include/spdlog/pattern_formatter-inl.h,"(152, 5)-(156, 6)","b'void format(const details::log_msg &, const s...'"
spdlog,../repos/spdlog/include/spdlog/pattern_formatter-inl.h,"(169, 5)-(173, 6)","b'void format(const details::log_msg &, const s...'"
spdlog,../repos/spdlog/include/spdlog/pattern_formatter-inl.h,"(186, 5)-(190, 6)","b'void format(const details::log_msg &, const s...'"
spdlog,../repos/spdlog/include/spdlog/pattern_formatter-inl.h,"(204, 5)-(208, 6)","b'void format(const details::log_msg &, const s...'"
spdlog,../repos/spdlog/include/spdlog/pattern_formatter-inl.h,"(218, 5)-(237, 6)","b'void format(const details::log_msg &, const s...'"
spdlog,../repos/spdlog/include/spdlog/pattern_formatter-inl.h,"(247, 5)-(251, 6)","b'void format(const details::log_msg &, const s...'"
spdlog,../repos/spdlog/include/spdlog/pattern_formatter-inl.h,"(261, 5)-(270, 6)","b'void format(const details::log_msg &, const s...'"
spdlog,../repos/spdlog/include/spdlog/pattern_formatter-inl.h,"(280, 5)-(284, 6)","b'void format(const details::log_msg &, const s...'"
spdlog,../repos/spdlog/include/spdlog/pattern_formatter-inl.h,"(294, 5)-(298, 6)","b'void format(const details::log_msg &, const s...'"
spdlog,../repos/spdlog/include/spdlog/pattern_formatter-inl.h,"(308, 5)-(312, 6)","b'void format(const details::log_msg &, const s...'"
spdlog,../repos/spdlog/include/spdlog/pattern_formatter-inl.h,"(322, 5)-(326, 6)","b'void format(const details::log_msg &, const s...'"
spdlog,../repos/spdlog/include/spdlog/pattern_formatter-inl.h,"(336, 5)-(340, 6)","b'void format(const details::log_msg &, const s...'"
spdlog,../repos/spdlog/include/spdlog/pattern_formatter-inl.h,"(350, 5)-(354, 6)","b'void format(const details::log_msg &, const s...'"
spdlog,../repos/spdlog/include/spdlog/pattern_formatter-inl.h,"(364, 5)-(368, 6)","b'void format(const details::log_msg &, const s...'"
spdlog,../repos/spdlog/include/spdlog/pattern_formatter-inl.h,"(378, 5)-(383, 6)","b'void format(const details::log_msg &msg, cons...'"
spdlog,../repos/spdlog/include/spdlog/pattern_formatter-inl.h,"(393, 5)-(399, 6)","b'void format(const details::log_msg &msg, cons...'"
spdlog,../repos/spdlog/include/spdlog/pattern_formatter-inl.h,"(409, 5)-(414, 6)","b'void format(const details::log_msg &msg, cons...'"
spdlog,../repos/spdlog/include/spdlog/pattern_formatter-inl.h,"(424, 5)-(430, 6)","b'void format(const details::log_msg &msg, cons...'"
spdlog,../repos/spdlog/include/spdlog/pattern_formatter-inl.h,"(440, 5)-(444, 6)","b'void format(const details::log_msg &, const s...'"
spdlog,../repos/spdlog/include/spdlog/pattern_formatter-inl.h,"(454, 5)-(465, 6)","b'void format(const details::log_msg &, const s...'"
spdlog,../repos/spdlog/include/spdlog/pattern_formatter-inl.h,"(475, 5)-(482, 6)","b'void format(const details::log_msg &, const s...'"
spdlog,../repos/spdlog/include/spdlog/pattern_formatter-inl.h,"(492, 5)-(501, 6)","b'void format(const details::log_msg &, const s...'"
spdlog,../repos/spdlog/include/spdlog/pattern_formatter-inl.h,"(515, 5)-(531, 6)","b'void format(const details::log_msg &msg, cons...'"
spdlog,../repos/spdlog/include/spdlog/pattern_formatter-inl.h,"(554, 5)-(558, 6)","b'void format(const details::log_msg &msg, cons...'"
spdlog,../repos/spdlog/include/spdlog/pattern_formatter-inl.h,"(568, 5)-(573, 6)","b'void format(const details::log_msg &, const s...'"
spdlog,../repos/spdlog/include/spdlog/pattern_formatter-inl.h,"(582, 5)-(585, 6)","b'void format(const details::log_msg &msg, cons...'"
spdlog,../repos/spdlog/include/spdlog/pattern_formatter-inl.h,"(593, 5)-(595, 6)","b'void format(const details::log_msg &, const s...'"
spdlog,../repos/spdlog/include/spdlog/pattern_formatter-inl.h,"(607, 5)-(609, 6)","b'void format(const details::log_msg &, const s...'"
spdlog,../repos/spdlog/include/spdlog/pattern_formatter-inl.h,"(621, 5)-(623, 6)","b'void format(const details::log_msg &msg, cons...'"
spdlog,../repos/spdlog/include/spdlog/pattern_formatter-inl.h,"(631, 5)-(633, 6)","b'void format(const details::log_msg &msg, cons...'"
spdlog,../repos/spdlog/include/spdlog/pattern_formatter-inl.h,"(643, 5)-(662, 6)","b'void format(const details::log_msg &msg, cons...'"
spdlog,../repos/spdlog/include/spdlog/pattern_formatter-inl.h,"(672, 5)-(681, 6)","b'void format(const details::log_msg &msg, cons...'"
spdlog,../repos/spdlog/include/spdlog/pattern_formatter-inl.h,"(713, 5)-(722, 6)","b'void format(const details::log_msg &msg, cons...'"
spdlog,../repos/spdlog/include/spdlog/pattern_formatter-inl.h,"(731, 5)-(740, 6)","b'void format(const details::log_msg &msg, cons...'"
spdlog,../repos/spdlog/include/spdlog/pattern_formatter-inl.h,"(750, 5)-(759, 6)","b'void format(const details::log_msg &msg, cons...'"
spdlog,../repos/spdlog/include/spdlog/pattern_formatter-inl.h,"(772, 5)-(780, 6)","b'void format(const details::log_msg &msg, cons...'"
spdlog,../repos/spdlog/include/spdlog/pattern_formatter-inl.h,"(793, 5)-(863, 6)","b'void format(const details::log_msg &msg, cons...'"
spdlog,../repos/spdlog/include/spdlog/common.h,"(302, 1)-(310, 2)",b'class SPDLOG_API spdlog_ex : public std::exce...'
spdlog,../repos/spdlog/include/spdlog/sinks/mongo_sink.h,"(56, 5)-(70, 6)",b'void sink_it_(const details::log_msg &msg) ov...'
spdlog,../repos/spdlog/include/spdlog/sinks/mongo_sink.h,"(72, 5)-(72, 30)",b'void flush_() override {}'
spdlog,../repos/spdlog/include/spdlog/sinks/callback_sink.h,"(29, 5)-(29, 76)",b'void sink_it_(const details::log_msg &msg) ov...'
spdlog,../repos/spdlog/include/spdlog/sinks/null_sink.h,"(18, 5)-(18, 56)",b'void sink_it_(const details::log_msg &) overr...'
spdlog,../repos/spdlog/include/spdlog/sinks/null_sink.h,"(19, 5)-(19, 30)",b'void flush_() override {}'
spdlog,../repos/spdlog/include/spdlog/sinks/qt_sinks.h,"(43, 5)-(50, 6)",b'void sink_it_(const details::log_msg &msg) ov...'
spdlog,../repos/spdlog/include/spdlog/sinks/qt_sinks.h,"(52, 5)-(52, 30)",b'void flush_() override {}'
spdlog,../repos/spdlog/include/spdlog/sinks/qt_sinks.h,"(150, 5)-(180, 6)",b'void sink_it_(const details::log_msg &msg) ov...'
spdlog,../repos/spdlog/include/spdlog/sinks/qt_sinks.h,"(182, 5)-(182, 30)",b'void flush_() override {}'
spdlog,../repos/spdlog/include/spdlog/sinks/stdout_sinks.h,"(24, 5)-(24, 44)",b'~stdout_sink_base() override = default;'
spdlog,../repos/spdlog/include/spdlog/sinks/dup_filter_sink.h,"(55, 5)-(79, 6)",b'void sink_it_(const details::log_msg &msg) ov...'
spdlog,../repos/spdlog/include/spdlog/sinks/win_eventlog_sink.h,"(206, 5)-(232, 6)",b'void sink_it_(const details::log_msg &msg) ov...'
spdlog,../repos/spdlog/include/spdlog/sinks/win_eventlog_sink.h,"(234, 5)-(234, 30)",b'void flush_() override {}'
spdlog,../repos/spdlog/include/spdlog/sinks/msvc_sink.h,"(38, 5)-(52, 6)",b'void sink_it_(const details::log_msg &msg) ov...'
spdlog,../repos/spdlog/include/spdlog/sinks/msvc_sink.h,"(54, 5)-(54, 30)",b'void flush_() override {}'
spdlog,../repos/spdlog/include/spdlog/sinks/ringbuffer_sink.h,"(53, 5)-(55, 6)",b'void sink_it_(const details::log_msg &msg) ov...'
spdlog,../repos/spdlog/include/spdlog/sinks/ringbuffer_sink.h,"(56, 5)-(56, 30)",b'void flush_() override {}'
spdlog,../repos/spdlog/include/spdlog/sinks/android_sink.h,"(41, 5)-(67, 6)",b'void sink_it_(const details::log_msg &msg) ov...'
spdlog,../repos/spdlog/include/spdlog/sinks/android_sink.h,"(69, 5)-(69, 30)",b'void flush_() override {}'
spdlog,../repos/spdlog/include/spdlog/sinks/syslog_sink.h,"(36, 5)-(36, 46)",b'~syslog_sink() override { ::closelog(); }'
spdlog,../repos/spdlog/include/spdlog/sinks/syslog_sink.h,"(42, 5)-(59, 6)",b'void sink_it_(const details::log_msg &msg) ov...'
spdlog,../repos/spdlog/include/spdlog/sinks/syslog_sink.h,"(61, 5)-(61, 30)",b'void flush_() override {}'
spdlog,../repos/spdlog/include/spdlog/sinks/kafka_sink.h,"(75, 5)-(78, 6)",b'void sink_it_(const details::log_msg &msg) ov...'
spdlog,../repos/spdlog/include/spdlog/sinks/kafka_sink.h,"(80, 5)-(80, 75)",b'void flush_() override { producer_->flush(con...'
spdlog,../repos/spdlog/include/spdlog/sinks/base_sink.h,"(19, 1)-(45, 2)",b'class SPDLOG_API base_sink : public sink {\npu...'
spdlog,../repos/spdlog/include/spdlog/sinks/base_sink.h,"(22, 5)-(23, 37)",b'explicit base_sink(std::unique_ptr<spdlog::fo...'
spdlog,../repos/spdlog/include/spdlog/sinks/daily_file_sink.h,"(104, 5)-(120, 6)",b'void sink_it_(const details::log_msg &msg) ov...'
spdlog,../repos/spdlog/include/spdlog/sinks/daily_file_sink.h,"(122, 5)-(122, 53)",b'void flush_() override { file_helper_.flush(); }'
spdlog,../repos/spdlog/include/spdlog/sinks/udp_sink.h,"(42, 5)-(42, 36)",b'~udp_sink() override = default;'
spdlog,../repos/spdlog/include/spdlog/sinks/udp_sink.h,"(45, 5)-(49, 6)",b'void sink_it_(const spdlog::details::log_msg ...'
spdlog,../repos/spdlog/include/spdlog/sinks/udp_sink.h,"(51, 5)-(51, 30)",b'void flush_() override {}'
spdlog,../repos/spdlog/include/spdlog/sinks/ostream_sink.h,"(24, 5)-(31, 6)",b'void sink_it_(const details::log_msg &msg) ov...'
spdlog,../repos/spdlog/include/spdlog/sinks/ostream_sink.h,"(33, 5)-(33, 49)",b'void flush_() override { ostream_.flush(); }'
spdlog,../repos/spdlog/include/spdlog/sinks/dist_sink.h,"(50, 5)-(56, 6)",b'void sink_it_(const details::log_msg &msg) ov...'
spdlog,../repos/spdlog/include/spdlog/sinks/dist_sink.h,"(58, 5)-(62, 6)",b'void flush_() override {\n        for (auto &s...'
spdlog,../repos/spdlog/include/spdlog/sinks/dist_sink.h,"(64, 5)-(66, 6)",b'void set_pattern_(const std::string &pattern)...'
spdlog,../repos/spdlog/include/spdlog/sinks/dist_sink.h,"(68, 5)-(73, 6)",b'void set_formatter_(std::unique_ptr<spdlog::f...'
spdlog,../repos/spdlog/include/spdlog/sinks/tcp_sink.h,"(54, 5)-(54, 36)",b'~tcp_sink() override = default;'
spdlog,../repos/spdlog/include/spdlog/sinks/tcp_sink.h,"(57, 5)-(64, 6)",b'void sink_it_(const spdlog::details::log_msg ...'
spdlog,../repos/spdlog/include/spdlog/sinks/tcp_sink.h,"(66, 5)-(66, 30)",b'void flush_() override {}'
spdlog,../repos/spdlog/include/spdlog/sinks/systemd_sink.h,"(37, 5)-(37, 32)",b'~systemd_sink() override {}'
spdlog,../repos/spdlog/include/spdlog/sinks/systemd_sink.h,"(48, 5)-(94, 6)",b'void sink_it_(const details::log_msg &msg) ov...'
spdlog,../repos/spdlog/include/spdlog/sinks/systemd_sink.h,"(100, 5)-(100, 30)",b'void flush_() override {}'
spdlog,../repos/spdlog/include/spdlog/sinks/ansicolor_sink.h,"(29, 5)-(29, 42)",b'~ansicolor_sink() override = default;'
spdlog,../repos/spdlog/include/spdlog/sinks/hourly_file_sink.h,"(73, 5)-(94, 6)",b'void sink_it_(const details::log_msg &msg) ov...'
spdlog,../repos/spdlog/include/spdlog/sinks/hourly_file_sink.h,"(96, 5)-(96, 53)",b'void flush_() override { file_helper_.flush(); }'
spdlog,../repos/spdlog/include/spdlog/fmt/bundled/os.h,"(407, 1)-(452, 2)",b'class FMT_API ostream final : private detail:...'
spdlog,../repos/spdlog/include/spdlog/fmt/bundled/core.h,"(978, 3)-(980, 4)",b'FMT_CONSTEXPR20 void grow(size_t) override {\n...'
spdlog,../repos/spdlog/include/spdlog/fmt/bundled/core.h,"(1012, 3)-(1014, 4)",b'FMT_CONSTEXPR20 void grow(size_t) override {\n...'
spdlog,../repos/spdlog/include/spdlog/fmt/bundled/core.h,"(1050, 3)-(1050, 48)",b'FMT_CONSTEXPR20 void grow(size_t) override {}'
spdlog,../repos/spdlog/include/spdlog/fmt/bundled/core.h,"(1068, 3)-(1071, 4)",b'FMT_CONSTEXPR20 void grow(size_t capacity) ov...'
spdlog,../repos/spdlog/include/spdlog/fmt/bundled/core.h,"(1092, 3)-(1096, 4)",b'FMT_CONSTEXPR20 void grow(size_t) override {\n...'
spdlog,../repos/spdlog/include/spdlog/fmt/bundled/format.h,"(283, 3)-(287, 4)",b'auto overflow(int_type ch) -> int_type overri...'
spdlog,../repos/spdlog/include/spdlog/fmt/bundled/format.h,"(289, 3)-(292, 4)","b'auto xsputn(const char_type* s, streamsize co...'"
spdlog,../repos/spdlog/include/spdlog/fmt/bundled/format.h,"(948, 1)-(959, 2)",b'FMT_CLASS_API\nclass FMT_API format_error : pu...'
spdlog,../repos/spdlog/tests/test_errors.cpp,"(14, 5)-(16, 6)",b'void sink_it_(const spdlog::details::log_msg ...'
spdlog,../repos/spdlog/tests/test_errors.cpp,"(18, 5)-(18, 90)",b'void flush_() final { throw std::runtime_erro...'
spdlog,../repos/spdlog/tests/test_pattern_formatter.cpp,"(333, 5)-(346, 6)","b'void format(const spdlog::details::log_msg &,...'"
spdlog,../repos/spdlog/tests/test_pattern_formatter.cpp,"(351, 5)-(353, 6)",b'std::unique_ptr<custom_flag_formatter> clone(...'
spdlog,../repos/spdlog/tests/test_sink.h,"(45, 5)-(55, 6)",b'void sink_it_(const details::log_msg &msg) ov...'
spdlog,../repos/spdlog/tests/test_sink.h,"(57, 5)-(57, 49)",b'void flush_() override { flush_counter_++; }'
