Repo name,File name,Location,Content
spdlog,../repos/spdlog/example/example.cpp,"(335, 5)-(335, 40)",b'using spdlog::details::make_unique;'
spdlog,../repos/spdlog/include/spdlog/details/fmt_helper.h,"(132, 5)-(132, 38)",b'using std::chrono::duration_cast;'
spdlog,../repos/spdlog/include/spdlog/details/fmt_helper.h,"(133, 5)-(133, 32)",b'using std::chrono::seconds;'
spdlog,../repos/spdlog/include/spdlog/pattern_formatter-inl.h,"(794, 9)-(794, 42)",b'using std::chrono::duration_cast;'
spdlog,../repos/spdlog/include/spdlog/pattern_formatter-inl.h,"(795, 9)-(795, 41)",b'using std::chrono::milliseconds;'
spdlog,../repos/spdlog/include/spdlog/pattern_formatter-inl.h,"(796, 9)-(796, 36)",b'using std::chrono::seconds;'
spdlog,../repos/spdlog/include/spdlog/pattern_formatter-inl.h,"(1190, 5)-(1190, 33)",b'using details::padding_info;'
spdlog,../repos/spdlog/include/spdlog/pattern_formatter-inl.h,"(1191, 5)-(1191, 34)",b'using details::scoped_padder;'
spdlog,../repos/spdlog/include/spdlog/common.h,"(382, 1)-(382, 24)",b'using std::enable_if_t;'
spdlog,../repos/spdlog/include/spdlog/common.h,"(383, 1)-(383, 24)",b'using std::make_unique;'
spdlog,../repos/spdlog/include/spdlog/logger-inl.h,"(156, 5)-(156, 28)",b'using details::log_msg;'
spdlog,../repos/spdlog/include/spdlog/logger-inl.h,"(175, 9)-(175, 41)",b'using std::chrono::system_clock;'
spdlog,../repos/spdlog/include/spdlog/sinks/mongo_sink.h,"(57, 9)-(57, 50)",b'using bsoncxx::builder::stream::document;'
spdlog,../repos/spdlog/include/spdlog/sinks/mongo_sink.h,"(58, 9)-(58, 50)",b'using bsoncxx::builder::stream::finalize;'
spdlog,../repos/spdlog/include/spdlog/sinks/win_eventlog_sink.h,"(207, 9)-(207, 34)",b'using namespace internal;'
spdlog,../repos/spdlog/include/spdlog/sinks/rotating_file_sink-inl.h,"(104, 5)-(104, 40)",b'using details::os::filename_to_str;'
spdlog,../repos/spdlog/include/spdlog/sinks/rotating_file_sink-inl.h,"(105, 5)-(105, 36)",b'using details::os::path_exists;'
spdlog,../repos/spdlog/include/spdlog/sinks/daily_file_sink.h,"(126, 9)-(126, 40)",b'using details::os::path_exists;'
spdlog,../repos/spdlog/include/spdlog/sinks/daily_file_sink.h,"(165, 9)-(165, 44)",b'using details::os::filename_to_str;'
spdlog,../repos/spdlog/include/spdlog/sinks/daily_file_sink.h,"(166, 9)-(166, 45)",b'using details::os::remove_if_exists;'
spdlog,../repos/spdlog/include/spdlog/sinks/hourly_file_sink.h,"(100, 9)-(100, 40)",b'using details::os::path_exists;'
spdlog,../repos/spdlog/include/spdlog/sinks/hourly_file_sink.h,"(138, 9)-(138, 44)",b'using details::os::filename_to_str;'
spdlog,../repos/spdlog/include/spdlog/sinks/hourly_file_sink.h,"(139, 9)-(139, 45)",b'using details::os::remove_if_exists;'
spdlog,../repos/spdlog/include/spdlog/fmt/bundled/ostream.h,"(187, 3)-(187, 47)",b'using basic_ostream_formatter<Char>::format;'
spdlog,../repos/spdlog/include/spdlog/fmt/bundled/ranges.h,"(232, 3)-(232, 18)",b'using std::get;'
spdlog,../repos/spdlog/include/spdlog/fmt/bundled/printf.h,"(23, 3)-(23, 70)",b'using basic_format_parse_context<Char>::basic...'
spdlog,../repos/spdlog/include/spdlog/fmt/bundled/printf.h,"(454, 5)-(454, 31)",b'using detail::convert_arg;'
spdlog,../repos/spdlog/include/spdlog/fmt/bundled/chrono.h,"(459, 7)-(459, 35)",b'using namespace fmt::detail;'
spdlog,../repos/spdlog/include/spdlog/fmt/bundled/chrono.h,"(466, 7)-(466, 35)",b'using namespace fmt::detail;'
spdlog,../repos/spdlog/include/spdlog/fmt/bundled/chrono.h,"(474, 7)-(474, 35)",b'using namespace fmt::detail;'
spdlog,../repos/spdlog/include/spdlog/fmt/bundled/chrono.h,"(505, 7)-(505, 35)",b'using namespace fmt::detail;'
spdlog,../repos/spdlog/include/spdlog/fmt/bundled/chrono.h,"(512, 7)-(512, 35)",b'using namespace fmt::detail;'
spdlog,../repos/spdlog/include/spdlog/fmt/bundled/core.h,"(755, 3)-(755, 28)",b'using base::check_arg_id;'
spdlog,../repos/spdlog/include/spdlog/fmt/bundled/core.h,"(834, 5)-(834, 27)",b'using base::container;'
spdlog,../repos/spdlog/include/spdlog/fmt/bundled/core.h,"(2445, 3)-(2445, 25)",b'using detail::auto_id;'
spdlog,../repos/spdlog/include/spdlog/fmt/bundled/core.h,"(2479, 3)-(2479, 25)",b'using detail::auto_id;'
spdlog,../repos/spdlog/include/spdlog/fmt/bundled/core.h,"(2677, 3)-(2677, 22)",b'using detail::find;'
spdlog,../repos/spdlog/include/spdlog/fmt/bundled/core.h,"(3213, 3)-(3213, 28)",b'using detail::get_buffer;'
spdlog,../repos/spdlog/include/spdlog/fmt/bundled/format.h,"(903, 3)-(903, 35)",b'using detail::buffer<T>::append;'
spdlog,../repos/spdlog/include/spdlog/fmt/bundled/format.h,"(4063, 3)-(4063, 33)",b'using detail::buffer_appender;'
spdlog,../repos/spdlog/include/spdlog/fmt/bundled/format.h,"(4064, 3)-(4064, 34)",b'using detail::custom_formatter;'
spdlog,../repos/spdlog/include/spdlog/fmt/bundled/format.h,"(4065, 3)-(4065, 39)",b'using detail::default_arg_formatter;'
spdlog,../repos/spdlog/include/spdlog/fmt/bundled/format.h,"(4066, 3)-(4066, 25)",b'using detail::get_arg;'
spdlog,../repos/spdlog/include/spdlog/fmt/bundled/format.h,"(4067, 3)-(4067, 28)",b'using detail::locale_ref;'
spdlog,../repos/spdlog/include/spdlog/fmt/bundled/format.h,"(4068, 3)-(4068, 36)",b'using detail::parse_format_specs;'
spdlog,../repos/spdlog/include/spdlog/fmt/bundled/format.h,"(4069, 3)-(4069, 31)",b'using detail::specs_checker;'
spdlog,../repos/spdlog/include/spdlog/fmt/bundled/format.h,"(4070, 3)-(4070, 31)",b'using detail::specs_handler;'
spdlog,../repos/spdlog/include/spdlog/fmt/bundled/format.h,"(4071, 3)-(4071, 29)",b'using detail::to_unsigned;'
spdlog,../repos/spdlog/include/spdlog/fmt/bundled/format.h,"(4072, 3)-(4072, 22)",b'using detail::type;'
spdlog,../repos/spdlog/include/spdlog/fmt/bundled/format.h,"(4073, 3)-(4073, 23)",b'using detail::write;'
spdlog,../repos/spdlog/include/spdlog/fmt/bundled/format.h,"(4193, 3)-(4193, 28)",b'using detail::get_buffer;'
spdlog,../repos/spdlog/tests/test_misc.cpp,"(75, 5)-(75, 39)",b'using spdlog::sinks::test_sink_mt;'
spdlog,../repos/spdlog/tests/test_misc.cpp,"(87, 5)-(87, 39)",b'using spdlog::sinks::test_sink_mt;'
spdlog,../repos/spdlog/tests/test_misc.cpp,"(108, 5)-(108, 39)",b'using spdlog::sinks::test_sink_st;'
spdlog,../repos/spdlog/tests/test_fmt_helper.cpp,"(4, 1)-(4, 28)",b'using spdlog::memory_buf_t;'
spdlog,../repos/spdlog/tests/test_fmt_helper.cpp,"(5, 1)-(5, 39)",b'using spdlog::details::to_string_view;'
spdlog,../repos/spdlog/tests/test_macros.cpp,"(26, 5)-(26, 44)",b'using spdlog::details::os::default_eol;'
spdlog,../repos/spdlog/tests/test_errors.cpp,"(32, 5)-(32, 44)",b'using spdlog::details::os::default_eol;'
spdlog,../repos/spdlog/tests/test_backtrace.cpp,"(6, 5)-(6, 39)",b'using spdlog::sinks::test_sink_st;'
spdlog,../repos/spdlog/tests/test_backtrace.cpp,"(32, 5)-(32, 39)",b'using spdlog::sinks::test_sink_st;'
spdlog,../repos/spdlog/tests/test_backtrace.cpp,"(44, 5)-(44, 39)",b'using spdlog::sinks::test_sink_mt;'
spdlog,../repos/spdlog/tests/test_backtrace.cpp,"(46, 5)-(46, 49)",b'using spdlog::details::os::sleep_for_millis;'
spdlog,../repos/spdlog/tests/test_file_helper.cpp,"(9, 1)-(9, 36)",b'using spdlog::details::file_helper;'
spdlog,../repos/spdlog/tests/test_mpmc_q.cpp,"(3, 1)-(3, 33)",b'using std::chrono::milliseconds;'
spdlog,../repos/spdlog/tests/test_file_logging.cpp,"(22, 5)-(22, 44)",b'using spdlog::details::os::default_eol;'
spdlog,../repos/spdlog/tests/test_file_logging.cpp,"(42, 5)-(42, 44)",b'using spdlog::details::os::default_eol;'
spdlog,../repos/spdlog/tests/test_stopwatch.cpp,"(6, 5)-(6, 37)",b'using std::chrono::milliseconds;'
spdlog,../repos/spdlog/tests/test_stopwatch.cpp,"(20, 5)-(20, 39)",b'using spdlog::sinks::test_sink_st;'
spdlog,../repos/spdlog/tests/test_stopwatch.cpp,"(21, 5)-(21, 38)",b'using std::chrono::duration_cast;'
spdlog,../repos/spdlog/tests/test_stopwatch.cpp,"(22, 5)-(22, 37)",b'using std::chrono::milliseconds;'
spdlog,../repos/spdlog/tests/test_dup_filter.cpp,"(6, 5)-(6, 45)",b'using spdlog::sinks::dup_filter_sink_st;'
spdlog,../repos/spdlog/tests/test_dup_filter.cpp,"(7, 5)-(7, 39)",b'using spdlog::sinks::test_sink_mt;'
spdlog,../repos/spdlog/tests/test_dup_filter.cpp,"(21, 5)-(21, 45)",b'using spdlog::sinks::dup_filter_sink_st;'
spdlog,../repos/spdlog/tests/test_dup_filter.cpp,"(22, 5)-(22, 39)",b'using spdlog::sinks::test_sink_mt;'
spdlog,../repos/spdlog/tests/test_dup_filter.cpp,"(37, 5)-(37, 45)",b'using spdlog::sinks::dup_filter_sink_st;'
spdlog,../repos/spdlog/tests/test_dup_filter.cpp,"(38, 5)-(38, 39)",b'using spdlog::sinks::test_sink_mt;'
spdlog,../repos/spdlog/tests/test_dup_filter.cpp,"(53, 5)-(53, 45)",b'using spdlog::sinks::dup_filter_sink_mt;'
spdlog,../repos/spdlog/tests/test_dup_filter.cpp,"(54, 5)-(54, 39)",b'using spdlog::sinks::test_sink_mt;'
spdlog,../repos/spdlog/tests/test_dup_filter.cpp,"(67, 5)-(67, 45)",b'using spdlog::sinks::dup_filter_sink_mt;'
spdlog,../repos/spdlog/tests/test_dup_filter.cpp,"(68, 5)-(68, 39)",b'using spdlog::sinks::test_sink_mt;'
spdlog,../repos/spdlog/tests/test_create_dir.cpp,"(7, 1)-(7, 39)",b'using spdlog::details::os::create_dir;'
spdlog,../repos/spdlog/tests/test_create_dir.cpp,"(8, 1)-(8, 40)",b'using spdlog::details::os::path_exists;'
spdlog,../repos/spdlog/tests/test_create_dir.cpp,"(52, 5)-(52, 41)",b'using spdlog::details::os::dir_name;'
spdlog,../repos/spdlog/tests/test_daily_logger.cpp,"(132, 5)-(132, 29)",b'using spdlog::log_clock;'
spdlog,../repos/spdlog/tests/test_daily_logger.cpp,"(139, 5)-(139, 29)",b'using spdlog::log_clock;'
spdlog,../repos/spdlog/tests/test_daily_logger.cpp,"(140, 5)-(140, 36)",b'using spdlog::details::log_msg;'
spdlog,../repos/spdlog/tests/test_daily_logger.cpp,"(141, 5)-(141, 45)",b'using spdlog::sinks::daily_file_sink_st;'
spdlog,../repos/spdlog/tests/test_pattern_formatter.cpp,"(4, 1)-(4, 28)",b'using spdlog::memory_buf_t;'
spdlog,../repos/spdlog/tests/test_pattern_formatter.cpp,"(5, 1)-(5, 39)",b'using spdlog::details::to_string_view;'
spdlog,../repos/spdlog/tests/test_pattern_formatter.cpp,"(313, 5)-(313, 37)",b'using spdlog::pattern_time_type;'
spdlog,../repos/spdlog/tests/test_cfg.cpp,"(8, 1)-(8, 37)",b'using spdlog::cfg::load_argv_levels;'
spdlog,../repos/spdlog/tests/test_cfg.cpp,"(9, 1)-(9, 36)",b'using spdlog::cfg::load_env_levels;'
spdlog,../repos/spdlog/tests/test_cfg.cpp,"(10, 1)-(10, 35)",b'using spdlog::sinks::test_sink_st;'
spdlog,../repos/spdlog/tests/test_eventlog.cpp,"(13, 5)-(13, 33)",b'using namespace std::chrono;'
spdlog,../repos/spdlog/tests/test_eventlog.cpp,"(52, 5)-(52, 28)",b'using namespace spdlog;'
spdlog,../repos/spdlog/tests/test_async.cpp,"(172, 5)-(172, 44)",b'using spdlog::details::os::default_eol;'
spdlog,../repos/spdlog/bench/latency.cpp,"(85, 5)-(85, 39)",b'using spdlog::sinks::null_sink_mt;'
spdlog,../repos/spdlog/bench/latency.cpp,"(86, 5)-(86, 39)",b'using spdlog::sinks::null_sink_st;'
spdlog,../repos/spdlog/bench/bench.cpp,"(148, 5)-(148, 33)",b'using std::chrono::duration;'
spdlog,../repos/spdlog/bench/bench.cpp,"(149, 5)-(149, 38)",b'using std::chrono::duration_cast;'
spdlog,../repos/spdlog/bench/bench.cpp,"(150, 5)-(150, 46)",b'using std::chrono::high_resolution_clock;'
spdlog,../repos/spdlog/bench/bench.cpp,"(167, 5)-(167, 33)",b'using std::chrono::duration;'
spdlog,../repos/spdlog/bench/bench.cpp,"(168, 5)-(168, 38)",b'using std::chrono::duration_cast;'
spdlog,../repos/spdlog/bench/bench.cpp,"(169, 5)-(169, 46)",b'using std::chrono::high_resolution_clock;'
spdlog,../repos/spdlog/bench/async_bench.cpp,"(28, 1)-(28, 21)",b'using namespace std;'
spdlog,../repos/spdlog/bench/async_bench.cpp,"(29, 1)-(29, 29)",b'using namespace std::chrono;'
spdlog,../repos/spdlog/bench/async_bench.cpp,"(30, 1)-(30, 24)",b'using namespace spdlog;'
spdlog,../repos/spdlog/bench/async_bench.cpp,"(31, 1)-(31, 31)",b'using namespace spdlog::sinks;'
spdlog,../repos/spdlog/bench/async_bench.cpp,"(32, 1)-(32, 23)",b'using namespace utils;'
spdlog,../repos/spdlog/bench/async_bench.cpp,"(147, 5)-(147, 46)",b'using std::chrono::high_resolution_clock;'
