Repo name,File name,Location,Content
spdlog,../repos/spdlog/include/spdlog/fmt/bundled/os.h,"(228, 3)-(228, 21)",b'friend class file;'
spdlog,../repos/spdlog/include/spdlog/fmt/bundled/os.h,"(437, 3)-(437, 62)","b'friend ostream output_file(cstring_view path,...'"
spdlog,../repos/spdlog/include/spdlog/fmt/bundled/ostream.h,"(67, 3)-(67, 77)",b'friend auto get_file(BufType& obj) -> FILE* {...'
spdlog,../repos/spdlog/include/spdlog/fmt/bundled/core.h,"(1547, 3)-(1549, 4)",b'friend auto get_buffer(appender out) -> detai...'
spdlog,../repos/spdlog/include/spdlog/fmt/bundled/core.h,"(1568, 3)-(1569, 40)",b'friend FMT_CONSTEXPR auto detail::make_arg(T&...'
spdlog,../repos/spdlog/include/spdlog/fmt/bundled/core.h,"(1572, 3)-(1574, 27)",b'friend FMT_CONSTEXPR auto visit_format_arg(Vi...'
spdlog,../repos/spdlog/include/spdlog/fmt/bundled/core.h,"(1576, 3)-(1576, 43)",b'friend class basic_format_args<Context>;'
spdlog,../repos/spdlog/include/spdlog/fmt/bundled/core.h,"(1577, 3)-(1577, 50)",b'friend class dynamic_format_arg_store<Context>;'
spdlog,../repos/spdlog/include/spdlog/fmt/bundled/core.h,"(1582, 3)-(1582, 34)",b'friend struct detail::arg_data;'
spdlog,../repos/spdlog/include/spdlog/fmt/bundled/format.h,"(326, 3)-(326, 68)","b'friend uint128_fallback umul128(uint64_t x, u...'"
spdlog,../repos/spdlog/include/spdlog/fmt/bundled/format.h,"(340, 3)-(343, 4)",b'friend constexpr auto operator==(const uint12...'
spdlog,../repos/spdlog/include/spdlog/fmt/bundled/format.h,"(344, 3)-(347, 4)",b'friend constexpr auto operator!=(const uint12...'
spdlog,../repos/spdlog/include/spdlog/fmt/bundled/format.h,"(348, 3)-(351, 4)",b'friend constexpr auto operator>(const uint128...'
spdlog,../repos/spdlog/include/spdlog/fmt/bundled/format.h,"(352, 3)-(356, 4)",b'friend constexpr auto operator|(const uint128...'
spdlog,../repos/spdlog/include/spdlog/fmt/bundled/format.h,"(357, 3)-(361, 4)",b'friend constexpr auto operator&(const uint128...'
spdlog,../repos/spdlog/include/spdlog/fmt/bundled/format.h,"(362, 3)-(367, 4)",b'friend auto operator+(const uint128_fallback&...'
spdlog,../repos/spdlog/include/spdlog/fmt/bundled/format.h,"(368, 3)-(375, 4)",b'friend auto operator*(const uint128_fallback&...'
spdlog,../repos/spdlog/include/spdlog/fmt/bundled/format.h,"(376, 3)-(379, 4)",b'friend auto operator-(const uint128_fallback&...'
spdlog,../repos/spdlog/include/spdlog/fmt/bundled/format.h,"(2726, 3)-(2726, 35)",b'friend struct formatter<bigint>;'
spdlog,../repos/spdlog/include/spdlog/fmt/bundled/format.h,"(2841, 3)-(2855, 4)",b'friend FMT_CONSTEXPR20 int compare(const bigi...'
spdlog,../repos/spdlog/include/spdlog/fmt/bundled/format.h,"(2858, 3)-(2881, 4)",b'friend FMT_CONSTEXPR20 int add_compare(const ...'
spdlog,../repos/spdlog/include/spdlog/fmt/bundled/format.h,"(3844, 3)-(3844, 34)",b'friend struct formatter<bytes>;'
