Repo name,File name,Location,Content
spdlog,../repos/spdlog/example/example.cpp,"(93, 27)-(93, 97)",b'[&](std::shared_ptr<spdlog::logger> l) { l->i...'
spdlog,../repos/spdlog/example/example.cpp,"(139, 46)-(141, 47)",b'[](const spdlog::details::log_msg & /*msg*/) ...'
spdlog,../repos/spdlog/example/example.cpp,"(292, 31)-(294, 6)","b'[](const std::string &msg) {\n        printf(""...'"
spdlog,../repos/spdlog/example/example.cpp,"(345, 28)-(347, 6)",b'[](spdlog::filename_t filename) {\n        spd...'
spdlog,../repos/spdlog/example/example.cpp,"(348, 27)-(351, 6)","b'[](spdlog::filename_t filename, std::FILE *fs...'"
spdlog,../repos/spdlog/example/example.cpp,"(352, 29)-(355, 6)","b'[](spdlog::filename_t filename, std::FILE *fs...'"
spdlog,../repos/spdlog/example/example.cpp,"(356, 28)-(358, 6)",b'[](spdlog::filename_t filename) {\n        spd...'
spdlog,../repos/spdlog/include/spdlog/cfg/helpers-inl.h,"(25, 57)-(27, 6)",b'[](char ch) {\n        return static_cast<char...'
spdlog,../repos/spdlog/include/spdlog/details/mpmc_blocking_q.h,"(34, 32)-(34, 67)",b'[this] { return !this->q_.full(); }'
spdlog,../repos/spdlog/include/spdlog/details/mpmc_blocking_q.h,"(71, 57)-(71, 93)",b'[this] { return !this->q_.empty(); }'
spdlog,../repos/spdlog/include/spdlog/details/mpmc_blocking_q.h,"(85, 33)-(85, 69)",b'[this] { return !this->q_.empty(); }'
spdlog,../repos/spdlog/include/spdlog/details/mpmc_blocking_q.h,"(99, 28)-(99, 63)",b'[this] { return !this->q_.full(); }'
spdlog,../repos/spdlog/include/spdlog/details/mpmc_blocking_q.h,"(130, 53)-(130, 89)",b'[this] { return !this->q_.empty(); }'
spdlog,../repos/spdlog/include/spdlog/details/mpmc_blocking_q.h,"(142, 29)-(142, 65)",b'[this] { return !this->q_.empty(); }'
spdlog,../repos/spdlog/include/spdlog/details/thread_pool-inl.h,"(27, 31)-(31, 10)","b'[this, on_thread_start, on_thread_stop] {\n   ...'"
spdlog,../repos/spdlog/include/spdlog/details/thread_pool-inl.h,"(38, 60)-(38, 65)",b'[] {}'
spdlog,../repos/spdlog/include/spdlog/details/thread_pool-inl.h,"(42, 35)-(42, 40)",b'[] {}'
spdlog,../repos/spdlog/include/spdlog/details/thread_pool-inl.h,"(42, 42)-(42, 47)",b'[] {}'
spdlog,../repos/spdlog/include/spdlog/details/registry.h,"(67, 21)-(67, 52)",b'[this]() { this->flush_all(); }'
spdlog,../repos/spdlog/include/spdlog/details/periodic_worker.h,"(31, 38)-(39, 10)","b'[this, callback_fun, interval]() {\n          ...'"
spdlog,../repos/spdlog/include/spdlog/details/periodic_worker.h,"(34, 56)-(34, 89)",b'[this] { return !this->active_; }'
spdlog,../repos/spdlog/include/spdlog/details/os-inl.h,"(406, 32)-(424, 6)",b'[]() {\n        const char *env_colorterm_p = ...'
spdlog,../repos/spdlog/include/spdlog/details/os-inl.h,"(421, 56)-(423, 10)",b'[&](const char *term) {\n            return st...'
spdlog,../repos/spdlog/include/spdlog/async.h,"(88, 61)-(88, 66)",b'[] {}'
spdlog,../repos/spdlog/include/spdlog/async.h,"(93, 31)-(93, 36)",b'[] {}'
spdlog,../repos/spdlog/include/spdlog/async.h,"(93, 38)-(93, 43)",b'[] {}'
spdlog,../repos/spdlog/include/spdlog/logger-inl.h,"(160, 29)-(160, 80)",b'[this](const log_msg &msg) { this->sink_it_(m...'
spdlog,../repos/spdlog/include/spdlog/sinks/qt_sinks.h,"(179, 28)-(179, 66)",b'[params]() { invoke_method_(params); }'
spdlog,../repos/spdlog/include/spdlog/fmt/bundled/printf.h,"(378, 18)-(384, 4)",b'[&](int arg_index) {\n    if (arg_index < 0)\n ...'
spdlog,../repos/spdlog/include/spdlog/fmt/bundled/args.h,"(135, 20)-(137, 6)",b'[](std::vector<basic_format_arg<Context>>* da...'
spdlog,../repos/spdlog/include/spdlog/fmt/bundled/chrono.h,"(952, 22)-(955, 4)",b'[]() -> bool {\n    _tzset();\n    return true;\n  }'
spdlog,../repos/spdlog/include/spdlog/fmt/bundled/std.h,"(160, 9)-(162, 10)",b'[&](const auto& v) {\n          out = detail::...'
spdlog,../repos/spdlog/include/spdlog/fmt/bundled/format.h,"(645, 17)-(652, 4)","b'[f](const char* buf_ptr, const char* ptr) {\n ...'"
spdlog,../repos/spdlog/include/spdlog/fmt/bundled/format.h,"(1110, 10)-(1116, 4)",b'[](UInt m) {\n    int num_digits = 0;\n    do {...'
spdlog,../repos/spdlog/include/spdlog/fmt/bundled/format.h,"(1682, 33)-(1685, 8)",b'[bytes](reserve_iterator<OutputIt> it) {\n    ...'
spdlog,../repos/spdlog/include/spdlog/fmt/bundled/format.h,"(1693, 16)-(1697, 4)",b'[=](reserve_iterator<OutputIt> it) {\n    *it+...'
spdlog,../repos/spdlog/include/spdlog/fmt/bundled/format.h,"(1738, 22)-(1744, 23)","b'[&](uint32_t cp, string_view sv) {\n          ...'"
spdlog,../repos/spdlog/include/spdlog/fmt/bundled/format.h,"(1866, 38)-(1870, 4)",b'[=](reserve_iterator<OutputIt> it) {\n    if (...'
spdlog,../repos/spdlog/include/spdlog/fmt/bundled/format.h,"(1923, 30)-(1928, 8)",b'[=](reserve_iterator<OutputIt> it) {\n        ...'
spdlog,../repos/spdlog/include/spdlog/fmt/bundled/format.h,"(2004, 31)-(2010, 8)",b'[&](reserve_iterator<OutputIt> it) {\n        ...'
spdlog,../repos/spdlog/include/spdlog/fmt/bundled/format.h,"(2065, 41)-(2067, 10)",b'[=](reserve_iterator<OutputIt> it) {\n        ...'
spdlog,../repos/spdlog/include/spdlog/fmt/bundled/format.h,"(2076, 41)-(2078, 10)",b'[=](reserve_iterator<OutputIt> it) {\n        ...'
spdlog,../repos/spdlog/include/spdlog/fmt/bundled/format.h,"(2087, 22)-(2089, 23)",b'[=](reserve_iterator<OutputIt> it) {\n        ...'
spdlog,../repos/spdlog/include/spdlog/fmt/bundled/format.h,"(2098, 22)-(2100, 23)",b'[=](reserve_iterator<OutputIt> it) {\n        ...'
spdlog,../repos/spdlog/include/spdlog/fmt/bundled/format.h,"(2192, 23)-(2195, 24)",b'[=](reserve_iterator<OutputIt> it) {\n        ...'
spdlog,../repos/spdlog/include/spdlog/fmt/bundled/format.h,"(2249, 41)-(2252, 4)",b'[=](reserve_iterator<OutputIt> it) {\n    if (...'
spdlog,../repos/spdlog/include/spdlog/fmt/bundled/format.h,"(2376, 25)-(2384, 4)",b'[=]() {\n    if (fspecs.format == float_format...'
spdlog,../repos/spdlog/include/spdlog/fmt/bundled/format.h,"(2400, 18)-(2408, 6)",b'[=](iterator it) {\n      if (sign) *it++ = de...'
spdlog,../repos/spdlog/include/spdlog/fmt/bundled/format.h,"(2426, 57)-(2433, 6)",b'[&](iterator it) {\n      if (sign) *it++ = de...'
spdlog,../repos/spdlog/include/spdlog/fmt/bundled/format.h,"(2440, 57)-(2445, 6)",b'[&](iterator it) {\n      if (sign) *it++ = de...'
spdlog,../repos/spdlog/include/spdlog/fmt/bundled/format.h,"(2455, 55)-(2462, 4)",b'[&](iterator it) {\n    if (sign) *it++ = deta...'
spdlog,../repos/spdlog/include/spdlog/fmt/bundled/format.h,"(2647, 28)-(2650, 6)",b'[&](uint32_t divisor) {\n      digit = integra...'
spdlog,../repos/spdlog/include/spdlog/fmt/bundled/format.h,"(2860, 20)-(2860, 62)","b'[](int a, int b) { return a < b ? a : b; }'"
spdlog,../repos/spdlog/include/spdlog/fmt/bundled/format.h,"(2861, 20)-(2861, 62)","b'[](int a, int b) { return a > b ? a : b; }'"
spdlog,../repos/spdlog/include/spdlog/fmt/bundled/format.h,"(2866, 22)-(2868, 6)","b'[](const bigint& n, int i) -> bigit {\n      r...'"
spdlog,../repos/spdlog/include/spdlog/fmt/bundled/format-inl.h,"(1438, 25)-(1448, 4)","b'[this](uint32_t cp, string_view) {\n    if (cp...'"
spdlog,../repos/spdlog/tests/test_custom_callbacks.cpp,"(15, 59)-(20, 10)",b'[&](const spdlog::details::log_msg &msg) {\n  ...'
spdlog,../repos/spdlog/tests/test_errors.cpp,"(42, 31)-(42, 78)",b'[=](const std::string &) { throw custom_ex(); }'
spdlog,../repos/spdlog/tests/test_errors.cpp,"(54, 31)-(54, 78)",b'[=](const std::string &) { throw custom_ex(); }'
spdlog,../repos/spdlog/tests/test_errors.cpp,"(61, 31)-(61, 78)",b'[=](const std::string &) { throw custom_ex(); }'
spdlog,../repos/spdlog/tests/test_errors.cpp,"(75, 35)-(81, 10)",b'[=](const std::string &) {\n            std::o...'
spdlog,../repos/spdlog/tests/test_errors.cpp,"(101, 35)-(105, 10)",b'[=](const std::string &) {\n            std::o...'
spdlog,../repos/spdlog/tests/test_file_helper.cpp,"(120, 28)-(123, 6)",b'[&](spdlog::filename_t filename) {\n        RE...'
spdlog,../repos/spdlog/tests/test_file_helper.cpp,"(124, 27)-(129, 6)","b'[&](spdlog::filename_t filename, std::FILE *f...'"
spdlog,../repos/spdlog/tests/test_file_helper.cpp,"(130, 29)-(135, 6)","b'[&](spdlog::filename_t filename, std::FILE *f...'"
spdlog,../repos/spdlog/tests/test_file_helper.cpp,"(136, 28)-(139, 6)",b'[&](spdlog::filename_t filename) {\n        RE...'
spdlog,../repos/spdlog/tests/test_registry.cpp,"(38, 23)-(38, 81)",b'[&counter](std::shared_ptr<spdlog::logger>) {...'
spdlog,../repos/spdlog/tests/test_registry.cpp,"(43, 23)-(46, 6)",b'[&counter](std::shared_ptr<spdlog::logger> l)...'
spdlog,../repos/spdlog/tests/test_eventlog.cpp,"(61, 23)-(61, 89)",b'[&test_logger](std::string const &msg) { test...'
spdlog,../repos/spdlog/tests/test_eventlog.cpp,"(63, 23)-(63, 89)",b'[&test_logger](std::string const &msg) { test...'
spdlog,../repos/spdlog/tests/test_eventlog.cpp,"(65, 23)-(65, 88)",b'[&test_logger](std::string const &msg) { test...'
spdlog,../repos/spdlog/tests/test_eventlog.cpp,"(67, 23)-(67, 88)",b'[&test_logger](std::string const &msg) { test...'
spdlog,../repos/spdlog/tests/test_eventlog.cpp,"(69, 23)-(69, 89)",b'[&test_logger](std::string const &msg) { test...'
spdlog,../repos/spdlog/tests/test_eventlog.cpp,"(71, 23)-(71, 92)",b'[&test_logger](std::string const &msg) { test...'
spdlog,../repos/spdlog/tests/test_async.cpp,"(137, 34)-(141, 14)","b'[logger, messages] {\n                for (siz...'"
spdlog,../repos/spdlog/bench/bench.cpp,"(175, 30)-(179, 10)",b'[&]() {\n            for (int j = 0; j < howma...'
