Repo name,File name,Location,Content
spdlog,../repos/spdlog/include/spdlog/pattern_formatter.h,"(19, 1)-(114, 2)",b'namespace spdlog {\nnamespace details {\n\n// pa...'
spdlog,../repos/spdlog/include/spdlog/pattern_formatter.h,"(20, 1)-(54, 2)",b'namespace details {\n\n// padding information.\n...'
spdlog,../repos/spdlog/include/spdlog/spdlog-inl.h,"(13, 1)-(92, 2)",b'namespace spdlog {\n\nSPDLOG_INLINE void initia...'
spdlog,../repos/spdlog/include/spdlog/cfg/env.h,"(26, 1)-(36, 2)",b'namespace spdlog {\nnamespace cfg {\ninline voi...'
spdlog,../repos/spdlog/include/spdlog/cfg/env.h,"(27, 1)-(35, 2)",b'namespace cfg {\ninline void load_env_levels()...'
spdlog,../repos/spdlog/include/spdlog/cfg/helpers-inl.h,"(19, 1)-(107, 2)",b'namespace spdlog {\nnamespace cfg {\nnamespace ...'
spdlog,../repos/spdlog/include/spdlog/cfg/helpers-inl.h,"(20, 1)-(106, 2)",b'namespace cfg {\nnamespace helpers {\n\n// inpla...'
spdlog,../repos/spdlog/include/spdlog/cfg/helpers-inl.h,"(21, 1)-(105, 2)",b'namespace helpers {\n\n// inplace convert to lo...'
spdlog,../repos/spdlog/include/spdlog/cfg/helpers.h,"(9, 1)-(25, 2)",b'namespace spdlog {\nnamespace cfg {\nnamespace ...'
spdlog,../repos/spdlog/include/spdlog/cfg/helpers.h,"(10, 1)-(24, 2)",b'namespace cfg {\nnamespace helpers {\n//\n// Ini...'
spdlog,../repos/spdlog/include/spdlog/cfg/helpers.h,"(11, 1)-(22, 2)",b'namespace helpers {\n//\n// Init levels from gi...'
spdlog,../repos/spdlog/include/spdlog/cfg/argv.h,"(20, 1)-(40, 2)",b'namespace spdlog {\nnamespace cfg {\n\n// search...'
spdlog,../repos/spdlog/include/spdlog/cfg/argv.h,"(21, 1)-(39, 2)",b'namespace cfg {\n\n// search for SPDLOG_LEVEL= ...'
spdlog,../repos/spdlog/include/spdlog/async_logger.h,"(19, 1)-(69, 2)",b'namespace spdlog {\n\n// Async overflow policy ...'
spdlog,../repos/spdlog/include/spdlog/async_logger.h,"(29, 1)-(31, 2)",b'namespace details {\nclass thread_pool;\n}'
spdlog,../repos/spdlog/include/spdlog/details/os.h,"(9, 1)-(119, 2)",b'namespace spdlog {\nnamespace details {\nnamesp...'
spdlog,../repos/spdlog/include/spdlog/details/os.h,"(10, 1)-(118, 2)",b'namespace details {\nnamespace os {\n\nSPDLOG_AP...'
spdlog,../repos/spdlog/include/spdlog/details/os.h,"(11, 1)-(117, 2)",b'namespace os {\n\nSPDLOG_API spdlog::log_clock:...'
spdlog,../repos/spdlog/include/spdlog/details/mpmc_blocking_q.h,"(19, 1)-(177, 2)",b'namespace spdlog {\nnamespace details {\n\ntempl...'
spdlog,../repos/spdlog/include/spdlog/details/mpmc_blocking_q.h,"(20, 1)-(176, 2)",b'namespace details {\n\ntemplate <typename T>\ncl...'
spdlog,../repos/spdlog/include/spdlog/details/registry-inl.h,"(30, 1)-(265, 2)",b'namespace spdlog {\nnamespace details {\n\nSPDLO...'
spdlog,../repos/spdlog/include/spdlog/details/registry-inl.h,"(31, 1)-(264, 2)",b'namespace details {\n\nSPDLOG_INLINE registry::...'
spdlog,../repos/spdlog/include/spdlog/details/periodic_worker-inl.h,"(10, 1)-(26, 2)",b'namespace spdlog {\nnamespace details {\n\n// st...'
spdlog,../repos/spdlog/include/spdlog/details/periodic_worker-inl.h,"(11, 1)-(25, 2)",b'namespace details {\n\n// stop the worker threa...'
spdlog,../repos/spdlog/include/spdlog/details/log_msg_buffer.h,"(8, 1)-(28, 2)",b'namespace spdlog {\nnamespace details {\n\n// Ex...'
spdlog,../repos/spdlog/include/spdlog/details/log_msg_buffer.h,"(9, 1)-(27, 2)",b'namespace details {\n\n// Extend log_msg with i...'
spdlog,../repos/spdlog/include/spdlog/details/registry.h,"(21, 1)-(118, 2)",b'namespace spdlog {\nclass logger;\n\nnamespace d...'
spdlog,../repos/spdlog/include/spdlog/details/registry.h,"(24, 1)-(117, 2)",b'namespace details {\nclass thread_pool;\n\nclass...'
spdlog,../repos/spdlog/include/spdlog/details/backtracer.h,"(16, 1)-(41, 2)",b'namespace spdlog {\nnamespace details {\nclass ...'
spdlog,../repos/spdlog/include/spdlog/details/backtracer.h,"(17, 1)-(40, 2)",b'namespace details {\nclass SPDLOG_API backtrac...'
spdlog,../repos/spdlog/include/spdlog/details/udp_client-windows.h,"(24, 1)-(98, 2)",b'namespace spdlog {\nnamespace details {\nclass ...'
spdlog,../repos/spdlog/include/spdlog/details/udp_client-windows.h,"(25, 1)-(97, 2)",b'namespace details {\nclass udp_client {\n    st...'
spdlog,../repos/spdlog/include/spdlog/details/file_helper.h,"(9, 1)-(57, 2)",b'namespace spdlog {\nnamespace details {\n\n// He...'
spdlog,../repos/spdlog/include/spdlog/details/file_helper.h,"(10, 1)-(56, 2)",b'namespace details {\n\n// Helper class for file...'
spdlog,../repos/spdlog/include/spdlog/details/periodic_worker.h,"(18, 1)-(53, 2)",b'namespace spdlog {\nnamespace details {\n\nclass...'
spdlog,../repos/spdlog/include/spdlog/details/periodic_worker.h,"(19, 1)-(52, 2)",b'namespace details {\n\nclass SPDLOG_API periodi...'
spdlog,../repos/spdlog/include/spdlog/details/tcp_client-windows.h,"(22, 1)-(135, 2)",b'namespace spdlog {\nnamespace details {\nclass ...'
spdlog,../repos/spdlog/include/spdlog/details/tcp_client-windows.h,"(23, 1)-(134, 2)",b'namespace details {\nclass tcp_client {\n    SO...'
spdlog,../repos/spdlog/include/spdlog/details/udp_client.h,"(25, 1)-(81, 2)",b'namespace spdlog {\nnamespace details {\n\nclass...'
spdlog,../repos/spdlog/include/spdlog/details/udp_client.h,"(26, 1)-(80, 2)",b'namespace details {\n\nclass udp_client {\n    s...'
spdlog,../repos/spdlog/include/spdlog/details/tcp_client.h,"(23, 1)-(127, 2)",b'namespace spdlog {\nnamespace details {\nclass ...'
spdlog,../repos/spdlog/include/spdlog/details/tcp_client.h,"(24, 1)-(126, 2)",b'namespace details {\nclass tcp_client {\n    in...'
spdlog,../repos/spdlog/include/spdlog/details/null_mutex.h,"(10, 1)-(35, 2)",b'namespace spdlog {\nnamespace details {\nstruct...'
spdlog,../repos/spdlog/include/spdlog/details/null_mutex.h,"(11, 1)-(34, 2)",b'namespace details {\nstruct null_mutex {\n    v...'
spdlog,../repos/spdlog/include/spdlog/details/thread_pool.h,"(16, 1)-(113, 2)",b'namespace spdlog {\nclass async_logger;\n\nnames...'
spdlog,../repos/spdlog/include/spdlog/details/thread_pool.h,"(19, 1)-(112, 2)",b'namespace details {\n\nusing async_logger_ptr =...'
spdlog,../repos/spdlog/include/spdlog/details/log_msg.h,"(9, 1)-(36, 2)",b'namespace spdlog {\nnamespace details {\nstruct...'
spdlog,../repos/spdlog/include/spdlog/details/log_msg.h,"(10, 1)-(35, 2)",b'namespace details {\nstruct SPDLOG_API log_msg...'
spdlog,../repos/spdlog/include/spdlog/details/file_helper-inl.h,"(20, 1)-(152, 2)",b'namespace spdlog {\nnamespace details {\n\nSPDLO...'
spdlog,../repos/spdlog/include/spdlog/details/file_helper-inl.h,"(21, 1)-(151, 2)",b'namespace details {\n\nSPDLOG_INLINE file_helpe...'
spdlog,../repos/spdlog/include/spdlog/details/log_msg-inl.h,"(12, 1)-(44, 2)",b'namespace spdlog {\nnamespace details {\n\nSPDLO...'
spdlog,../repos/spdlog/include/spdlog/details/log_msg-inl.h,"(13, 1)-(43, 2)",b'namespace details {\n\nSPDLOG_INLINE log_msg::l...'
spdlog,../repos/spdlog/include/spdlog/details/console_globals.h,"(9, 1)-(28, 2)",b'namespace spdlog {\nnamespace details {\n\nstruc...'
spdlog,../repos/spdlog/include/spdlog/details/console_globals.h,"(10, 1)-(27, 2)",b'namespace details {\n\nstruct console_mutex {\n ...'
spdlog,../repos/spdlog/include/spdlog/details/circular_q.h,"(10, 1)-(113, 2)",b'namespace spdlog {\nnamespace details {\ntempla...'
spdlog,../repos/spdlog/include/spdlog/details/circular_q.h,"(11, 1)-(112, 2)",b'namespace details {\ntemplate <typename T>\ncla...'
spdlog,../repos/spdlog/include/spdlog/details/backtracer-inl.h,"(9, 1)-(63, 2)",b'namespace spdlog {\nnamespace details {\nSPDLOG...'
spdlog,../repos/spdlog/include/spdlog/details/backtracer-inl.h,"(10, 1)-(62, 2)",b'namespace details {\nSPDLOG_INLINE backtracer:...'
spdlog,../repos/spdlog/include/spdlog/details/log_msg_buffer-inl.h,"(10, 1)-(53, 2)",b'namespace spdlog {\nnamespace details {\n\nSPDLO...'
spdlog,../repos/spdlog/include/spdlog/details/log_msg_buffer-inl.h,"(11, 1)-(46, 2)",b'namespace details {\n\nSPDLOG_INLINE log_msg_bu...'
spdlog,../repos/spdlog/include/spdlog/details/synchronous_factory.h,"(8, 1)-(22, 2)",b'namespace spdlog {\n\n// Default logger factory...'
spdlog,../repos/spdlog/include/spdlog/details/fmt_helper.h,"(17, 1)-(141, 2)",b'namespace spdlog {\nnamespace details {\nnamesp...'
spdlog,../repos/spdlog/include/spdlog/details/fmt_helper.h,"(18, 1)-(140, 2)",b'namespace details {\nnamespace fmt_helper {\n\ni...'
spdlog,../repos/spdlog/include/spdlog/details/fmt_helper.h,"(19, 1)-(139, 2)",b'namespace fmt_helper {\n\ninline void append_st...'
spdlog,../repos/spdlog/include/spdlog/details/os-inl.h,"(72, 1)-(585, 2)",b'namespace spdlog {\nnamespace details {\nnamesp...'
spdlog,../repos/spdlog/include/spdlog/details/os-inl.h,"(73, 1)-(584, 2)",b'namespace details {\nnamespace os {\n\nSPDLOG_IN...'
spdlog,../repos/spdlog/include/spdlog/details/os-inl.h,"(74, 1)-(583, 2)",b'namespace os {\n\nSPDLOG_INLINE spdlog::log_clo...'
spdlog,../repos/spdlog/include/spdlog/common-inl.h,"(13, 1)-(68, 23)",b'namespace spdlog {\nnamespace level {\n\n#if __c...'
spdlog,../repos/spdlog/include/spdlog/common-inl.h,"(14, 1)-(68, 2)",b'namespace level {\n\n#if __cplusplus >= 201703L...'
spdlog,../repos/spdlog/include/spdlog/pattern_formatter-inl.h,"(30, 1)-(884, 2)",b'namespace spdlog {\nnamespace details {\n\n/////...'
spdlog,../repos/spdlog/include/spdlog/pattern_formatter-inl.h,"(31, 1)-(870, 2)",b'namespace details {\n\n////////////////////////...'
spdlog,../repos/spdlog/include/spdlog/common.h,"(123, 1)-(326, 2)",b'namespace spdlog {\n\nclass formatter;\n\nnamespa...'
spdlog,../repos/spdlog/include/spdlog/common.h,"(127, 1)-(129, 2)",b'namespace sinks {\nclass sink;\n}'
spdlog,../repos/spdlog/include/spdlog/common.h,"(244, 1)-(283, 2)",b'namespace level {\nenum level_enum : int {\n   ...'
spdlog,../repos/spdlog/include/spdlog/common.h,"(341, 1)-(406, 2)",b'namespace details {\n\n// to_string_view\n\nSPDLO...'
spdlog,../repos/spdlog/include/spdlog/async.h,"(25, 1)-(100, 2)",b'namespace spdlog {\n\nnamespace details {\nstati...'
spdlog,../repos/spdlog/include/spdlog/async.h,"(27, 1)-(29, 2)",b'namespace details {\nstatic const size_t defau...'
spdlog,../repos/spdlog/include/spdlog/logger-inl.h,"(16, 1)-(40, 2)",b'namespace spdlog {\n\n// public methods\nSPDLOG_...'
spdlog,../repos/spdlog/include/spdlog/stopwatch.h,"(29, 1)-(44, 2)",b'namespace spdlog {\nclass stopwatch {\n    usin...'
spdlog,../repos/spdlog/include/spdlog/sinks/mongo_sink.h,"(26, 1)-(108, 2)",b'namespace spdlog {\nnamespace sinks {\ntemplate...'
spdlog,../repos/spdlog/include/spdlog/sinks/mongo_sink.h,"(27, 1)-(86, 2)",b'namespace sinks {\ntemplate <typename Mutex>\nc...'
spdlog,../repos/spdlog/include/spdlog/sinks/callback_sink.h,"(13, 1)-(56, 2)",b'namespace spdlog {\n\n// callbacks type\ntypedef...'
spdlog,../repos/spdlog/include/spdlog/sinks/callback_sink.h,"(18, 1)-(39, 2)",b'namespace sinks {\n/*\n * Trivial callback sink...'
spdlog,../repos/spdlog/include/spdlog/sinks/null_sink.h,"(12, 1)-(41, 2)",b'namespace spdlog {\nnamespace sinks {\n\ntemplat...'
spdlog,../repos/spdlog/include/spdlog/sinks/null_sink.h,"(13, 1)-(25, 2)",b'namespace sinks {\n\ntemplate <typename Mutex>\n...'
spdlog,../repos/spdlog/include/spdlog/sinks/qt_sinks.h,"(27, 1)-(304, 2)",b'namespace spdlog {\nnamespace sinks {\ntemplate...'
spdlog,../repos/spdlog/include/spdlog/sinks/qt_sinks.h,"(28, 1)-(235, 2)",b'namespace sinks {\ntemplate <typename Mutex>\nc...'
spdlog,../repos/spdlog/include/spdlog/sinks/stdout_sinks.h,"(15, 1)-(80, 2)",b'namespace spdlog {\n\nnamespace sinks {\n\ntempla...'
spdlog,../repos/spdlog/include/spdlog/sinks/stdout_sinks.h,"(17, 1)-(65, 2)",b'namespace sinks {\n\ntemplate <typename Console...'
spdlog,../repos/spdlog/include/spdlog/sinks/stdout_color_sinks.h,"(14, 1)-(45, 2)",b'namespace spdlog {\nnamespace sinks {\n#ifdef _...'
spdlog,../repos/spdlog/include/spdlog/sinks/stdout_color_sinks.h,"(15, 1)-(27, 2)",b'namespace sinks {\n#ifdef _WIN32\nusing stdout_...'
spdlog,../repos/spdlog/include/spdlog/sinks/stdout_sinks-inl.h,"(27, 1)-(104, 2)",b'namespace spdlog {\n\nnamespace sinks {\n\ntempla...'
spdlog,../repos/spdlog/include/spdlog/sinks/stdout_sinks-inl.h,"(29, 1)-(48, 2)",b'namespace sinks {\n\ntemplate <typename Console...'
spdlog,../repos/spdlog/include/spdlog/sinks/dup_filter_sink.h,"(37, 1)-(92, 2)",b'namespace spdlog {\nnamespace sinks {\ntemplate...'
spdlog,../repos/spdlog/include/spdlog/sinks/dup_filter_sink.h,"(38, 1)-(91, 2)",b'namespace sinks {\ntemplate <typename Mutex>\nc...'
spdlog,../repos/spdlog/include/spdlog/sinks/ansicolor_sink-inl.h,"(13, 1)-(134, 2)",b'namespace spdlog {\nnamespace sinks {\n\ntemplat...'
spdlog,../repos/spdlog/include/spdlog/sinks/ansicolor_sink-inl.h,"(14, 1)-(31, 2)",b'namespace sinks {\n\ntemplate <typename Console...'
spdlog,../repos/spdlog/include/spdlog/sinks/stdout_color_sinks-inl.h,"(13, 1)-(38, 2)",b'namespace spdlog {\n\ntemplate <typename Factor...'
spdlog,../repos/spdlog/include/spdlog/sinks/win_eventlog_sink.h,"(46, 1)-(260, 2)",b'namespace spdlog {\nnamespace sinks {\n\nnamespa...'
spdlog,../repos/spdlog/include/spdlog/sinks/win_eventlog_sink.h,"(47, 1)-(259, 2)",b'namespace sinks {\n\nnamespace win_eventlog {\n\n...'
spdlog,../repos/spdlog/include/spdlog/sinks/win_eventlog_sink.h,"(49, 1)-(254, 2)",b'namespace win_eventlog {\n\nnamespace internal ...'
spdlog,../repos/spdlog/include/spdlog/sinks/win_eventlog_sink.h,"(51, 1)-(181, 2)",b'namespace internal {\n\nstruct local_alloc_t {\n...'
spdlog,../repos/spdlog/include/spdlog/sinks/sink.h,"(9, 1)-(30, 2)",b'namespace spdlog {\n\nnamespace sinks {\nclass S...'
spdlog,../repos/spdlog/include/spdlog/sinks/sink.h,"(11, 1)-(29, 2)",b'namespace sinks {\nclass SPDLOG_API sink {\npub...'
spdlog,../repos/spdlog/include/spdlog/sinks/msvc_sink.h,"(25, 1)-(66, 2)",b'namespace spdlog {\nnamespace sinks {\n/*\n * MS...'
spdlog,../repos/spdlog/include/spdlog/sinks/msvc_sink.h,"(26, 1)-(65, 2)",b'namespace sinks {\n/*\n * MSVC sink (logging us...'
spdlog,../repos/spdlog/include/spdlog/sinks/ringbuffer_sink.h,"(15, 1)-(67, 2)",b'namespace spdlog {\nnamespace sinks {\n/*\n * Ri...'
spdlog,../repos/spdlog/include/spdlog/sinks/ringbuffer_sink.h,"(16, 1)-(65, 2)",b'namespace sinks {\n/*\n * Ring buffer sink\n */\n...'
spdlog,../repos/spdlog/include/spdlog/sinks/android_sink.h,"(25, 1)-(135, 2)",b'namespace spdlog {\nnamespace sinks {\n\n/*\n * A...'
spdlog,../repos/spdlog/include/spdlog/sinks/android_sink.h,"(26, 1)-(119, 2)",b'namespace sinks {\n\n/*\n * Android sink\n * (log...'
spdlog,../repos/spdlog/include/spdlog/sinks/syslog_sink.h,"(14, 1)-(103, 2)",b'namespace spdlog {\nnamespace sinks {\n/**\n * S...'
spdlog,../repos/spdlog/include/spdlog/sinks/syslog_sink.h,"(15, 1)-(81, 2)",b'namespace sinks {\n/**\n * Sink that write to s...'
spdlog,../repos/spdlog/include/spdlog/sinks/kafka_sink.h,"(24, 1)-(119, 2)",b'namespace spdlog {\nnamespace sinks {\n\nstruct ...'
spdlog,../repos/spdlog/include/spdlog/sinks/kafka_sink.h,"(25, 1)-(93, 2)",b'namespace sinks {\n\nstruct kafka_sink_config {...'
spdlog,../repos/spdlog/include/spdlog/sinks/rotating_file_sink-inl.h,"(23, 1)-(144, 2)",b'namespace spdlog {\nnamespace sinks {\n\ntemplat...'
spdlog,../repos/spdlog/include/spdlog/sinks/rotating_file_sink-inl.h,"(24, 1)-(143, 2)",b'namespace sinks {\n\ntemplate <typename Mutex>\n...'
spdlog,../repos/spdlog/include/spdlog/sinks/basic_file_sink.h,"(14, 1)-(61, 2)",b'namespace spdlog {\nnamespace sinks {\n/*\n * Tr...'
spdlog,../repos/spdlog/include/spdlog/sinks/basic_file_sink.h,"(15, 1)-(38, 2)",b'namespace sinks {\n/*\n * Trivial file sink wit...'
spdlog,../repos/spdlog/include/spdlog/sinks/base_sink.h,"(16, 1)-(47, 2)",b'namespace spdlog {\nnamespace sinks {\ntemplate...'
spdlog,../repos/spdlog/include/spdlog/sinks/base_sink.h,"(17, 1)-(46, 2)",b'namespace sinks {\ntemplate <typename Mutex>\nc...'
spdlog,../repos/spdlog/include/spdlog/sinks/wincolor_sink.h,"(17, 1)-(78, 2)",b'namespace spdlog {\nnamespace sinks {\n/*\n * Wi...'
spdlog,../repos/spdlog/include/spdlog/sinks/wincolor_sink.h,"(18, 1)-(77, 2)",b'namespace sinks {\n/*\n * Windows color console...'
spdlog,../repos/spdlog/include/spdlog/sinks/daily_file_sink.h,"(23, 1)-(252, 2)",b'namespace spdlog {\nnamespace sinks {\n\n/*\n * G...'
spdlog,../repos/spdlog/include/spdlog/sinks/daily_file_sink.h,"(24, 1)-(198, 2)",b'namespace sinks {\n\n/*\n * Generator of daily l...'
spdlog,../repos/spdlog/include/spdlog/sinks/basic_file_sink-inl.h,"(13, 1)-(42, 2)",b'namespace spdlog {\nnamespace sinks {\n\ntemplat...'
spdlog,../repos/spdlog/include/spdlog/sinks/basic_file_sink-inl.h,"(14, 1)-(41, 2)",b'namespace sinks {\n\ntemplate <typename Mutex>\n...'
spdlog,../repos/spdlog/include/spdlog/sinks/rotating_file_sink.h,"(15, 1)-(85, 2)",b'namespace spdlog {\nnamespace sinks {\n\n//\n// R...'
spdlog,../repos/spdlog/include/spdlog/sinks/rotating_file_sink.h,"(16, 1)-(58, 2)",b'namespace sinks {\n\n//\n// Rotating file sink b...'
spdlog,../repos/spdlog/include/spdlog/sinks/wincolor_sink-inl.h,"(16, 1)-(162, 2)",b'namespace spdlog {\nnamespace sinks {\ntemplate...'
spdlog,../repos/spdlog/include/spdlog/sinks/wincolor_sink-inl.h,"(17, 1)-(35, 2)",b'namespace sinks {\ntemplate <typename ConsoleM...'
spdlog,../repos/spdlog/include/spdlog/sinks/udp_sink.h,"(23, 1)-(69, 2)",b'namespace spdlog {\nnamespace sinks {\n\nstruct ...'
spdlog,../repos/spdlog/include/spdlog/sinks/udp_sink.h,"(24, 1)-(58, 2)",b'namespace sinks {\n\nstruct udp_sink_config {\n ...'
spdlog,../repos/spdlog/include/spdlog/sinks/ostream_sink.h,"(12, 1)-(43, 2)",b'namespace spdlog {\nnamespace sinks {\ntemplate...'
spdlog,../repos/spdlog/include/spdlog/sinks/ostream_sink.h,"(13, 1)-(42, 2)",b'namespace sinks {\ntemplate <typename Mutex>\nc...'
spdlog,../repos/spdlog/include/spdlog/sinks/dist_sink.h,"(19, 1)-(81, 2)",b'namespace spdlog {\nnamespace sinks {\n\ntemplat...'
spdlog,../repos/spdlog/include/spdlog/sinks/dist_sink.h,"(20, 1)-(80, 2)",b'namespace sinks {\n\ntemplate <typename Mutex>\n...'
spdlog,../repos/spdlog/include/spdlog/sinks/tcp_sink.h,"(28, 1)-(75, 2)",b'namespace spdlog {\nnamespace sinks {\n\nstruct ...'
spdlog,../repos/spdlog/include/spdlog/sinks/tcp_sink.h,"(29, 1)-(74, 2)",b'namespace sinks {\n\nstruct tcp_sink_config {\n ...'
spdlog,../repos/spdlog/include/spdlog/sinks/systemd_sink.h,"(17, 1)-(121, 2)",b'namespace spdlog {\nnamespace sinks {\n\n/**\n * ...'
spdlog,../repos/spdlog/include/spdlog/sinks/systemd_sink.h,"(18, 1)-(105, 2)",b'namespace sinks {\n\n/**\n * Sink that write to ...'
spdlog,../repos/spdlog/include/spdlog/sinks/ansicolor_sink.h,"(14, 1)-(111, 2)",b'namespace spdlog {\nnamespace sinks {\n\n/**\n * ...'
spdlog,../repos/spdlog/include/spdlog/sinks/ansicolor_sink.h,"(15, 1)-(110, 2)",b'namespace sinks {\n\n/**\n * This sink prefixes ...'
spdlog,../repos/spdlog/include/spdlog/sinks/hourly_file_sink.h,"(21, 1)-(191, 2)",b'namespace spdlog {\nnamespace sinks {\n\n/*\n * G...'
spdlog,../repos/spdlog/include/spdlog/sinks/hourly_file_sink.h,"(22, 1)-(167, 2)",b'namespace sinks {\n\n/*\n * Generator of Hourly ...'
spdlog,../repos/spdlog/include/spdlog/fmt/bin_to_hex.h,"(39, 1)-(93, 2)",b'namespace spdlog {\nnamespace details {\n\ntempl...'
spdlog,../repos/spdlog/include/spdlog/fmt/bin_to_hex.h,"(40, 1)-(59, 2)",b'namespace details {\n\ntemplate <typename It>\nc...'
spdlog,../repos/spdlog/include/spdlog/fmt/bundled/ostream.h,"(62, 1)-(64, 2)",b'namespace {\nstruct file_access_tag {};\n}'
spdlog,../repos/spdlog/include/spdlog/fmt/bundled/ostream.h,"(181, 1)-(197, 2)",b'namespace detail {\n\n// Formats an object of t...'
spdlog,../repos/spdlog/include/spdlog/fmt/bundled/ranges.h,"(383, 1)-(421, 2)",b'namespace detail {\ntemplate <typename Context...'
spdlog,../repos/spdlog/include/spdlog/fmt/bundled/ranges.h,"(522, 1)-(573, 2)",b'namespace detail {\ntemplate <typename T> stru...'
spdlog,../repos/spdlog/include/spdlog/fmt/bundled/xchar.h,"(50, 1)-(56, 2)",b'inline namespace literals {\n#if FMT_USE_USER_...'
spdlog,../repos/spdlog/include/spdlog/fmt/bundled/compile.h,"(599, 1)-(605, 2)",b'inline namespace literals {\ntemplate <detail_...'
spdlog,../repos/spdlog/include/spdlog/fmt/bundled/chrono.h,"(51, 1)-(296, 2)",b'namespace safe_duration_cast {\n\ntemplate <typ...'
spdlog,../repos/spdlog/include/spdlog/fmt/bundled/chrono.h,"(303, 1)-(442, 2)",b'namespace detail {\ntemplate <typename T = voi...'
spdlog,../repos/spdlog/include/spdlog/fmt/bundled/core.h,"(2073, 1)-(2076, 2)",b'namespace align {\nenum type FMT_ENUM_UNDERLYI...'
spdlog,../repos/spdlog/include/spdlog/fmt/bundled/core.h,"(2078, 1)-(2080, 2)",b'namespace sign {\nenum type FMT_ENUM_UNDERLYIN...'
spdlog,../repos/spdlog/include/spdlog/fmt/bundled/std.h,"(97, 1)-(132, 2)",b'namespace detail {\n\ntemplate <typename T>\nusi...'
spdlog,../repos/spdlog/include/spdlog/fmt/bundled/format.h,"(940, 1)-(945, 2)",b'namespace detail {\n#ifdef _WIN32\nFMT_API bool...'
spdlog,../repos/spdlog/include/spdlog/fmt/bundled/format.h,"(961, 1)-(985, 2)",b'namespace detail_exported {\n#if FMT_USE_NONTY...'
spdlog,../repos/spdlog/include/spdlog/fmt/bundled/format.h,"(1286, 1)-(1337, 2)",b'namespace dragonbox {\n\n// Type-specific infor...'
spdlog,../repos/spdlog/include/spdlog/fmt/bundled/format.h,"(3834, 1)-(3839, 2)","b'namespace enums {\ntemplate <typename Enum, FM...'"
spdlog,../repos/spdlog/include/spdlog/fmt/bundled/format-inl.h,"(130, 1)-(1408, 2)",b'namespace detail {\n\ntemplate <typename F> inl...'
spdlog,../repos/spdlog/include/spdlog/fmt/bundled/format-inl.h,"(176, 1)-(1396, 2)",b'namespace dragonbox {\n// Computes upper 64 bi...'
spdlog,../repos/spdlog/include/spdlog/fmt/bundled/format-inl.h,"(1476, 1)-(1507, 2)",b'namespace detail {\n#ifdef _WIN32\nusing dword ...'
spdlog,../repos/spdlog/include/spdlog/fmt/bundled/format-inl.h,"(1530, 1)-(1719, 2)",b'namespace detail {\n\nstruct singleton {\n  unsi...'
spdlog,../repos/spdlog/include/spdlog/formatter.h,"(9, 1)-(17, 2)",b'namespace spdlog {\n\nclass formatter {\npublic:...'
spdlog,../repos/spdlog/include/spdlog/fwd.h,"(6, 1)-(18, 2)",b'namespace spdlog {\nclass logger;\nclass format...'
spdlog,../repos/spdlog/include/spdlog/fwd.h,"(10, 1)-(12, 2)",b'namespace sinks {\nclass sink;\n}'
spdlog,../repos/spdlog/include/spdlog/fwd.h,"(14, 1)-(16, 2)",b'namespace level {\nenum level_enum : int;\n}'
spdlog,../repos/spdlog/include/spdlog/logger.h,"(48, 1)-(371, 2)",b'namespace spdlog {\n\nclass SPDLOG_API logger {...'
spdlog,../repos/spdlog/include/spdlog/spdlog.h,"(23, 1)-(271, 2)",b'namespace spdlog {\n\nusing default_factory = s...'
spdlog,../repos/spdlog/tests/test_sink.h,"(15, 1)-(69, 2)",b'namespace spdlog {\nnamespace sinks {\n\ntemplat...'
spdlog,../repos/spdlog/tests/test_sink.h,"(16, 1)-(68, 2)",b'namespace sinks {\n\ntemplate <class Mutex>\ncla...'
spdlog,../repos/spdlog/bench/utils.h,"(12, 1)-(32, 2)",b'namespace utils {\n\ntemplate <typename T>\ninli...'
