Repo name,File name,Location,Content
spdlog,../repos/spdlog/include/spdlog/pattern_formatter.h,"(16, 10)-(16, 25)",b'#include <unordered_map>\n'
spdlog,../repos/spdlog/include/spdlog/pattern_formatter.h,"(17, 10)-(17, 18)",b'#include <vector>\n'
spdlog,../repos/spdlog/include/spdlog/cfg/helpers.h,"(7, 10)-(7, 25)",b'#include <unordered_map>\n'
spdlog,../repos/spdlog/include/spdlog/details/registry-inl.h,"(28, 10)-(28, 25)",b'#include <unordered_map>\n'
spdlog,../repos/spdlog/include/spdlog/details/registry.h,"(19, 10)-(19, 25)",b'#include <unordered_map>\n'
spdlog,../repos/spdlog/include/spdlog/details/thread_pool.h,"(14, 10)-(14, 18)",b'#include <vector>\n'
spdlog,../repos/spdlog/include/spdlog/details/circular_q.h,"(8, 10)-(8, 18)",b'#include <vector>\n'
spdlog,../repos/spdlog/include/spdlog/details/os-inl.h,"(13, 10)-(13, 17)",b'#include <array>\n'
spdlog,../repos/spdlog/include/spdlog/pattern_formatter-inl.h,"(17, 10)-(17, 17)",b'#include <array>\n'
spdlog,../repos/spdlog/include/spdlog/pattern_formatter-inl.h,"(28, 10)-(28, 18)",b'#include <vector>\n'
spdlog,../repos/spdlog/include/spdlog/sinks/qt_sinks.h,"(19, 10)-(19, 17)",b'#include <array>\n'
spdlog,../repos/spdlog/include/spdlog/sinks/win_eventlog_sink.h,"(44, 10)-(44, 18)",b'#include <vector>\n'
spdlog,../repos/spdlog/include/spdlog/sinks/ringbuffer_sink.h,"(13, 10)-(13, 18)",b'#include <vector>\n'
spdlog,../repos/spdlog/include/spdlog/sinks/syslog_sink.h,"(10, 10)-(10, 17)",b'#include <array>\n'
spdlog,../repos/spdlog/include/spdlog/sinks/wincolor_sink.h,"(11, 10)-(11, 17)",b'#include <array>\n'
spdlog,../repos/spdlog/include/spdlog/sinks/dist_sink.h,"(14, 10)-(14, 18)",b'#include <vector>\n'
spdlog,../repos/spdlog/include/spdlog/sinks/systemd_sink.h,"(11, 10)-(11, 17)",b'#include <array>\n'
spdlog,../repos/spdlog/include/spdlog/sinks/ansicolor_sink.h,"(6, 10)-(6, 17)",b'#include <array>\n'
spdlog,../repos/spdlog/include/spdlog/fmt/bundled/args.h,"(13, 10)-(13, 18)",b'#include <vector>\n'
spdlog,../repos/spdlog/include/spdlog/logger.h,"(28, 10)-(28, 18)",b'#include <vector>\n'
