Repo name,File name,Location,Content
spdlog,../repos/spdlog/include/spdlog/fmt/bundled/chrono.h,"(1553, 3)-(1555, 4)",b'union {\n    std::locale locale_;\n  };'
spdlog,../repos/spdlog/include/spdlog/fmt/bundled/core.h,"(1244, 3)-(1261, 4)",b'union {\n    monostate no_value;\n    int int_v...'
spdlog,../repos/spdlog/include/spdlog/fmt/bundled/core.h,"(1959, 3)-(1967, 4)",b'union {\n    // If is_packed() returns true th...'
spdlog,../repos/spdlog/include/spdlog/fmt/bundled/core.h,"(2176, 3)-(2182, 4)",b'union value {\n    FMT_CONSTEXPR value(int id ...'
spdlog,../repos/spdlog/include/spdlog/fmt/bundled/color.h,"(223, 3)-(226, 4)",b'union color_union {\n    uint8_t term_color;\n ...'
