Repo name,File name,Location,Content
spdlog,../repos/spdlog/include/spdlog/details/udp_client-windows.h,"(27, 12)-(27, 21)",b'static constexpr int TX_BUFFER_SIZE = 1024 * 10;'
spdlog,../repos/spdlog/include/spdlog/details/udp_client.h,"(29, 12)-(29, 21)",b'static constexpr int TX_BUFFER_SIZE = 1024 * 10;'
spdlog,../repos/spdlog/include/spdlog/details/os-inl.h,"(406, 12)-(406, 17)",b'static const bool result = []() {\n        con...'
spdlog,../repos/spdlog/include/spdlog/details/os-inl.h,"(412, 16)-(412, 25)","b'static constexpr std::array<const char *, 16>...'"
spdlog,../repos/spdlog/include/spdlog/common-inl.h,"(17, 1)-(17, 10)",b'constexpr\n#endif\n    static string_view_t lev...'
spdlog,../repos/spdlog/include/spdlog/common.h,"(397, 1)-(397, 10)",b'constexpr T conditional_static_cast(U value) ...'
spdlog,../repos/spdlog/include/spdlog/common.h,"(402, 1)-(402, 10)",b'constexpr T conditional_static_cast(U value) ...'
spdlog,../repos/spdlog/include/spdlog/fmt/bundled/os.h,"(404, 1)-(404, 10)",b'FMT_END_DETAIL_NAMESPACE\n\n// Added {} below t...'
spdlog,../repos/spdlog/include/spdlog/fmt/bundled/ranges.h,"(58, 10)-(58, 19)",b'static constexpr const bool value =\n      is_...'
spdlog,../repos/spdlog/include/spdlog/fmt/bundled/ranges.h,"(58, 20)-(58, 25)",b'static constexpr const bool value =\n      is_...'
spdlog,../repos/spdlog/include/spdlog/fmt/bundled/ranges.h,"(73, 10)-(73, 19)",b'static constexpr const bool value = false;'
spdlog,../repos/spdlog/include/spdlog/fmt/bundled/ranges.h,"(73, 20)-(73, 25)",b'static constexpr const bool value = false;'
spdlog,../repos/spdlog/include/spdlog/fmt/bundled/ranges.h,"(75, 10)-(75, 19)",b'static constexpr const bool value =\n      !st...'
spdlog,../repos/spdlog/include/spdlog/fmt/bundled/ranges.h,"(75, 20)-(75, 25)",b'static constexpr const bool value =\n      !st...'
spdlog,../repos/spdlog/include/spdlog/fmt/bundled/ranges.h,"(86, 10)-(86, 19)",b'static constexpr const bool value = false;'
spdlog,../repos/spdlog/include/spdlog/fmt/bundled/ranges.h,"(86, 20)-(86, 25)",b'static constexpr const bool value = false;'
spdlog,../repos/spdlog/include/spdlog/fmt/bundled/ranges.h,"(88, 10)-(88, 19)",b'static constexpr const bool value =\n      !st...'
spdlog,../repos/spdlog/include/spdlog/fmt/bundled/ranges.h,"(88, 20)-(88, 25)",b'static constexpr const bool value =\n      !st...'
spdlog,../repos/spdlog/include/spdlog/fmt/bundled/ranges.h,"(177, 10)-(177, 19)",b'static constexpr const bool value =\n      !st...'
spdlog,../repos/spdlog/include/spdlog/fmt/bundled/ranges.h,"(177, 20)-(177, 25)",b'static constexpr const bool value =\n      !st...'
spdlog,../repos/spdlog/include/spdlog/fmt/bundled/ranges.h,"(211, 10)-(211, 19)",b'static constexpr const bool value = false;'
spdlog,../repos/spdlog/include/spdlog/fmt/bundled/ranges.h,"(211, 20)-(211, 25)",b'static constexpr const bool value = false;'
spdlog,../repos/spdlog/include/spdlog/fmt/bundled/ranges.h,"(226, 10)-(226, 19)",b'static constexpr const bool value =\n      dec...'
spdlog,../repos/spdlog/include/spdlog/fmt/bundled/ranges.h,"(226, 20)-(226, 25)",b'static constexpr const bool value =\n      dec...'
spdlog,../repos/spdlog/include/spdlog/fmt/bundled/ranges.h,"(315, 10)-(315, 19)",b'static constexpr const bool value =\n      det...'
spdlog,../repos/spdlog/include/spdlog/fmt/bundled/ranges.h,"(315, 20)-(315, 25)",b'static constexpr const bool value =\n      det...'
spdlog,../repos/spdlog/include/spdlog/fmt/bundled/ranges.h,"(320, 10)-(320, 19)",b'static constexpr const bool value =\n      det...'
spdlog,../repos/spdlog/include/spdlog/fmt/bundled/ranges.h,"(320, 20)-(320, 25)",b'static constexpr const bool value =\n      det...'
spdlog,../repos/spdlog/include/spdlog/fmt/bundled/ranges.h,"(377, 10)-(377, 19)",b'static constexpr const bool value =\n      det...'
spdlog,../repos/spdlog/include/spdlog/fmt/bundled/ranges.h,"(377, 20)-(377, 25)",b'static constexpr const bool value =\n      det...'
spdlog,../repos/spdlog/include/spdlog/fmt/bundled/ranges.h,"(524, 10)-(524, 19)",b'static constexpr auto value = std::is_same<ra...'
spdlog,../repos/spdlog/include/spdlog/fmt/bundled/xchar.h,"(45, 1)-(45, 10)","b'constexpr format_arg_store<wformat_context, A...'"
spdlog,../repos/spdlog/include/spdlog/fmt/bundled/xchar.h,"(52, 1)-(52, 10)","b'constexpr detail::udl_arg<wchar_t> operator""""...'"
spdlog,../repos/spdlog/include/spdlog/fmt/bundled/compile.h,"(131, 12)-(131, 21)",b'explicit constexpr operator basic_string_view...'
spdlog,../repos/spdlog/include/spdlog/fmt/bundled/compile.h,"(147, 1)-(147, 10)",b'constexpr const auto& get([[maybe_unused]] co...'
spdlog,../repos/spdlog/include/spdlog/fmt/bundled/compile.h,"(147, 11)-(147, 16)",b'constexpr const auto& get([[maybe_unused]] co...'
spdlog,../repos/spdlog/include/spdlog/fmt/bundled/compile.h,"(157, 1)-(157, 10)",b'constexpr int get_arg_index_by_name(basic_str...'
spdlog,../repos/spdlog/include/spdlog/fmt/bundled/compile.h,"(179, 3)-(179, 12)","b'constexpr OutputIt format(OutputIt out, const...'"
spdlog,../repos/spdlog/include/spdlog/fmt/bundled/compile.h,"(188, 1)-(188, 10)",b'constexpr text<Char> make_text(basic_string_v...'
spdlog,../repos/spdlog/include/spdlog/fmt/bundled/compile.h,"(198, 3)-(198, 12)","b'constexpr OutputIt format(OutputIt out, const...'"
spdlog,../repos/spdlog/include/spdlog/fmt/bundled/compile.h,"(205, 1)-(205, 10)",b'constexpr const T& get_arg_checked(const Args...'
spdlog,../repos/spdlog/include/spdlog/fmt/bundled/compile.h,"(205, 11)-(205, 16)",b'constexpr const T& get_arg_checked(const Args...'
spdlog,../repos/spdlog/include/spdlog/fmt/bundled/compile.h,"(222, 3)-(222, 12)","b'constexpr OutputIt format(OutputIt out, const...'"
spdlog,../repos/spdlog/include/spdlog/fmt/bundled/compile.h,"(236, 3)-(236, 12)",b'constexpr static bool try_format_argument(\n  ...'
spdlog,../repos/spdlog/include/spdlog/fmt/bundled/compile.h,"(250, 3)-(250, 12)","b'constexpr OutputIt format(OutputIt out, const...'"
spdlog,../repos/spdlog/include/spdlog/fmt/bundled/compile.h,"(268, 3)-(268, 12)",b'constexpr FMT_INLINE OutputIt format(OutputIt...'
spdlog,../repos/spdlog/include/spdlog/fmt/bundled/compile.h,"(286, 3)-(286, 12)","b'constexpr OutputIt format(OutputIt out, const...'"
spdlog,../repos/spdlog/include/spdlog/fmt/bundled/compile.h,"(296, 1)-(296, 10)","b'constexpr concat<L, R> make_concat(L lhs, R r...'"
spdlog,../repos/spdlog/include/spdlog/fmt/bundled/compile.h,"(303, 1)-(303, 10)",b'constexpr size_t parse_text(basic_string_view...'
spdlog,../repos/spdlog/include/spdlog/fmt/bundled/compile.h,"(311, 1)-(311, 10)",b'constexpr auto compile_format_string(S format...'
spdlog,../repos/spdlog/include/spdlog/fmt/bundled/compile.h,"(314, 1)-(314, 10)","b'constexpr auto parse_tail(T head, S format_st...'"
spdlog,../repos/spdlog/include/spdlog/fmt/bundled/compile.h,"(317, 5)-(317, 14)",b'constexpr auto tail = compile_format_string<A...'
spdlog,../repos/spdlog/include/spdlog/fmt/bundled/compile.h,"(334, 1)-(334, 10)",b'constexpr int manual_indexing_id = -1;'
spdlog,../repos/spdlog/include/spdlog/fmt/bundled/compile.h,"(337, 1)-(337, 10)","b'constexpr parse_specs_result<T, Char> parse_s...'"
spdlog,../repos/spdlog/include/spdlog/fmt/bundled/compile.h,"(351, 3)-(351, 12)",b'constexpr int operator()() {\n    FMT_ASSERT(f...'
spdlog,../repos/spdlog/include/spdlog/fmt/bundled/compile.h,"(355, 3)-(355, 12)",b'constexpr int operator()(int id) {\n    arg_id...'
spdlog,../repos/spdlog/include/spdlog/fmt/bundled/compile.h,"(359, 3)-(359, 12)",b'constexpr int operator()(basic_string_view<Ch...'
spdlog,../repos/spdlog/include/spdlog/fmt/bundled/compile.h,"(364, 3)-(364, 12)",b'constexpr void on_error(const char* message) ...'
spdlog,../repos/spdlog/include/spdlog/fmt/bundled/compile.h,"(375, 1)-(375, 10)",b'constexpr auto parse_arg_id(const Char* begin...'
spdlog,../repos/spdlog/include/spdlog/fmt/bundled/compile.h,"(392, 1)-(392, 10)",b'constexpr auto parse_replacement_field_then_t...'
spdlog,../repos/spdlog/include/spdlog/fmt/bundled/compile.h,"(394, 3)-(394, 12)",b'constexpr auto str = basic_string_view<char_t...'
spdlog,../repos/spdlog/include/spdlog/fmt/bundled/compile.h,"(395, 3)-(395, 12)",b'constexpr char_type c = END_POS != str.size()...'
spdlog,../repos/spdlog/include/spdlog/fmt/bundled/compile.h,"(403, 5)-(403, 14)",b'constexpr auto result = parse_specs<typename ...'
spdlog,../repos/spdlog/include/spdlog/fmt/bundled/compile.h,"(420, 1)-(420, 10)",b'constexpr auto compile_format_string(S format...'
spdlog,../repos/spdlog/include/spdlog/fmt/bundled/compile.h,"(422, 3)-(422, 12)",b'constexpr auto str = basic_string_view<char_t...'
spdlog,../repos/spdlog/include/spdlog/fmt/bundled/compile.h,"(431, 7)-(431, 16)",b'constexpr auto next_id =\n          ID != manu...'
spdlog,../repos/spdlog/include/spdlog/fmt/bundled/compile.h,"(437, 7)-(437, 16)",b'constexpr auto arg_id_result =\n          pars...'
spdlog,../repos/spdlog/include/spdlog/fmt/bundled/compile.h,"(439, 7)-(439, 16)",b'constexpr auto arg_id_end_pos = arg_id_result...'
spdlog,../repos/spdlog/include/spdlog/fmt/bundled/compile.h,"(440, 7)-(440, 16)",b'constexpr char_type c =\n          arg_id_end_...'
spdlog,../repos/spdlog/include/spdlog/fmt/bundled/compile.h,"(447, 9)-(447, 18)",b'constexpr auto arg_index = arg_id_result.arg_...'
spdlog,../repos/spdlog/include/spdlog/fmt/bundled/compile.h,"(453, 9)-(453, 18)",b'constexpr auto arg_index =\n            get_ar...'
spdlog,../repos/spdlog/include/spdlog/fmt/bundled/compile.h,"(456, 11)-(456, 20)",b'constexpr auto next_id =\n              ID != ...'
spdlog,../repos/spdlog/include/spdlog/fmt/bundled/compile.h,"(477, 5)-(477, 14)","b'constexpr auto end = parse_text(str, POS + 1);'"
spdlog,../repos/spdlog/include/spdlog/fmt/bundled/compile.h,"(490, 1)-(490, 10)",b'constexpr auto compile(S format_str) {\n  cons...'
spdlog,../repos/spdlog/include/spdlog/fmt/bundled/compile.h,"(491, 3)-(491, 12)",b'constexpr auto str = basic_string_view<typena...'
spdlog,../repos/spdlog/include/spdlog/fmt/bundled/compile.h,"(495, 5)-(495, 14)",b'constexpr auto result =\n        detail::compi...'
spdlog,../repos/spdlog/include/spdlog/fmt/bundled/compile.h,"(520, 1)-(520, 10)",b'constexpr FMT_INLINE OutputIt format_to(Outpu...'
spdlog,../repos/spdlog/include/spdlog/fmt/bundled/compile.h,"(530, 5)-(530, 14)",b'constexpr auto str = basic_string_view<typena...'
spdlog,../repos/spdlog/include/spdlog/fmt/bundled/compile.h,"(541, 3)-(541, 12)",b'constexpr auto compiled = detail::compile<Arg...'
spdlog,../repos/spdlog/include/spdlog/fmt/bundled/compile.h,"(555, 3)-(555, 12)",b'constexpr auto compiled = detail::compile<Arg...'
spdlog,../repos/spdlog/include/spdlog/fmt/bundled/compile.h,"(600, 46)-(600, 55)","b'constexpr auto operator""""_cf() {\n  using char...'"
spdlog,../repos/spdlog/include/spdlog/fmt/bundled/args.h,"(84, 12)-(84, 21)",b'static constexpr detail::type mapped_type =\n ...'
spdlog,../repos/spdlog/include/spdlog/fmt/bundled/args.h,"(131, 7)-(131, 16)",b'constexpr const detail::named_arg_info<char_t...'
spdlog,../repos/spdlog/include/spdlog/fmt/bundled/args.h,"(131, 17)-(131, 22)",b'constexpr const detail::named_arg_info<char_t...'
spdlog,../repos/spdlog/include/spdlog/fmt/bundled/chrono.h,"(266, 5)-(266, 14)",b'constexpr auto max1 = detail::max_value<Inter...'
spdlog,../repos/spdlog/include/spdlog/fmt/bundled/chrono.h,"(272, 5)-(272, 14)",b'constexpr auto min1 = std::numeric_limits<Int...'
spdlog,../repos/spdlog/include/spdlog/fmt/bundled/chrono.h,"(316, 10)-(316, 19)",b'static constexpr const size_t max_size = 32;'
spdlog,../repos/spdlog/include/spdlog/fmt/bundled/chrono.h,"(316, 20)-(316, 25)",b'static constexpr const size_t max_size = 32;'
spdlog,../repos/spdlog/include/spdlog/fmt/bundled/chrono.h,"(321, 1)-(321, 10)",b'constexpr const size_t codecvt_result<CodeUni...'
spdlog,../repos/spdlog/include/spdlog/fmt/bundled/chrono.h,"(321, 11)-(321, 16)",b'constexpr const size_t codecvt_result<CodeUni...'
spdlog,../repos/spdlog/include/spdlog/fmt/bundled/chrono.h,"(563, 3)-(563, 12)",b'constexpr const size_t len = 8;'
spdlog,../repos/spdlog/include/spdlog/fmt/bundled/chrono.h,"(563, 13)-(563, 18)",b'constexpr const size_t len = 8;'
spdlog,../repos/spdlog/include/spdlog/fmt/bundled/chrono.h,"(912, 8)-(912, 13)",b'inline const char* tm_wday_full_name(int wday...'
spdlog,../repos/spdlog/include/spdlog/fmt/bundled/chrono.h,"(913, 10)-(913, 19)",b'static constexpr const char* full_name_list[]...'
spdlog,../repos/spdlog/include/spdlog/fmt/bundled/chrono.h,"(913, 20)-(913, 25)",b'static constexpr const char* full_name_list[]...'
spdlog,../repos/spdlog/include/spdlog/fmt/bundled/chrono.h,"(918, 8)-(918, 13)",b'inline const char* tm_wday_short_name(int wda...'
spdlog,../repos/spdlog/include/spdlog/fmt/bundled/chrono.h,"(919, 10)-(919, 19)",b'static constexpr const char* short_name_list[...'
spdlog,../repos/spdlog/include/spdlog/fmt/bundled/chrono.h,"(919, 20)-(919, 25)",b'static constexpr const char* short_name_list[...'
spdlog,../repos/spdlog/include/spdlog/fmt/bundled/chrono.h,"(924, 8)-(924, 13)",b'inline const char* tm_mon_full_name(int mon) ...'
spdlog,../repos/spdlog/include/spdlog/fmt/bundled/chrono.h,"(925, 10)-(925, 19)",b'static constexpr const char* full_name_list[]...'
spdlog,../repos/spdlog/include/spdlog/fmt/bundled/chrono.h,"(925, 20)-(925, 25)",b'static constexpr const char* full_name_list[]...'
spdlog,../repos/spdlog/include/spdlog/fmt/bundled/chrono.h,"(930, 8)-(930, 13)",b'inline const char* tm_mon_short_name(int mon)...'
spdlog,../repos/spdlog/include/spdlog/fmt/bundled/chrono.h,"(931, 10)-(931, 19)",b'static constexpr const char* short_name_list[...'
spdlog,../repos/spdlog/include/spdlog/fmt/bundled/chrono.h,"(931, 20)-(931, 25)",b'static constexpr const char* short_name_list[...'
spdlog,../repos/spdlog/include/spdlog/fmt/bundled/chrono.h,"(962, 10)-(962, 19)",b'static constexpr int days_per_week = 7;'
spdlog,../repos/spdlog/include/spdlog/fmt/bundled/chrono.h,"(1472, 10)-(1472, 19)",b'static constexpr int value =\n      Num % Den ...'
spdlog,../repos/spdlog/include/spdlog/fmt/bundled/chrono.h,"(1480, 10)-(1480, 19)",b'static constexpr int value = (Num % Den == 0)...'
spdlog,../repos/spdlog/include/spdlog/fmt/bundled/chrono.h,"(1483, 1)-(1483, 10)",b'constexpr long long pow10(std::uint32_t n) {\n...'
spdlog,../repos/spdlog/include/spdlog/fmt/bundled/chrono.h,"(1489, 1)-(1489, 10)","b'constexpr std::chrono::duration<Rep, Period> ...'"
spdlog,../repos/spdlog/include/spdlog/fmt/bundled/chrono.h,"(1502, 1)-(1502, 10)","b'constexpr std::chrono::duration<Rep, Period> ...'"
spdlog,../repos/spdlog/include/spdlog/fmt/bundled/chrono.h,"(1669, 5)-(1669, 14)",b'constexpr auto num_fractional_digits =\n      ...'
spdlog,../repos/spdlog/include/spdlog/fmt/bundled/chrono.h,"(1774, 9)-(1774, 18)",b'constexpr auto num_fractional_digits =\n      ...'
spdlog,../repos/spdlog/include/spdlog/fmt/bundled/chrono.h,"(1848, 12)-(1848, 21)",b'explicit constexpr weekday(unsigned wd) noexc...'
spdlog,../repos/spdlog/include/spdlog/fmt/bundled/chrono.h,"(1850, 3)-(1850, 12)",b'constexpr unsigned c_encoding() const noexcep...'
spdlog,../repos/spdlog/include/spdlog/fmt/bundled/core.h,"(326, 3)-(326, 12)",b'constexpr monostate() {}'
spdlog,../repos/spdlog/include/spdlog/fmt/bundled/core.h,"(413, 34)-(413, 43)","b'constexpr unsigned char micro[] = ""\\u00B5"";'"
spdlog,../repos/spdlog/include/spdlog/fmt/bundled/core.h,"(415, 1)-(415, 10)",b'constexpr auto is_utf8() -> bool {\n  // Avoid...'
spdlog,../repos/spdlog/include/spdlog/fmt/bundled/core.h,"(472, 3)-(472, 12)",b'constexpr auto data() const noexcept -> const...'
spdlog,../repos/spdlog/include/spdlog/fmt/bundled/core.h,"(475, 3)-(475, 12)",b'constexpr auto size() const noexcept -> size_...'
spdlog,../repos/spdlog/include/spdlog/fmt/bundled/core.h,"(477, 3)-(477, 12)",b'constexpr auto begin() const noexcept -> iter...'
spdlog,../repos/spdlog/include/spdlog/fmt/bundled/core.h,"(478, 3)-(478, 12)",b'constexpr auto end() const noexcept -> iterat...'
spdlog,../repos/spdlog/include/spdlog/fmt/bundled/core.h,"(480, 3)-(480, 12)",b'constexpr auto operator[](size_t pos) const n...'
spdlog,../repos/spdlog/include/spdlog/fmt/bundled/core.h,"(545, 1)-(545, 10)",b'constexpr auto to_string_view(basic_string_vi...'
spdlog,../repos/spdlog/include/spdlog/fmt/bundled/core.h,"(555, 1)-(555, 10)",b'constexpr auto to_string_view(const S& s)\n   ...'
spdlog,../repos/spdlog/include/spdlog/fmt/bundled/core.h,"(622, 1)-(622, 10)",b'constexpr bool is_integral_type(type t) {\n  r...'
spdlog,../repos/spdlog/include/spdlog/fmt/bundled/core.h,"(626, 1)-(626, 10)",b'constexpr bool is_arithmetic_type(type t) {\n ...'
spdlog,../repos/spdlog/include/spdlog/fmt/bundled/core.h,"(633, 3)-(633, 12)",b'constexpr error_handler() = default;'
spdlog,../repos/spdlog/include/spdlog/fmt/bundled/core.h,"(634, 3)-(634, 12)",b'constexpr error_handler(const error_handler&)...'
spdlog,../repos/spdlog/include/spdlog/fmt/bundled/core.h,"(665, 12)-(665, 21)",b'explicit constexpr basic_format_parse_context...'
spdlog,../repos/spdlog/include/spdlog/fmt/bundled/core.h,"(674, 3)-(674, 12)",b'constexpr auto begin() const noexcept -> iter...'
spdlog,../repos/spdlog/include/spdlog/fmt/bundled/core.h,"(681, 3)-(681, 12)",b'constexpr auto end() const noexcept -> iterat...'
spdlog,../repos/spdlog/include/spdlog/fmt/bundled/core.h,"(721, 3)-(721, 12)",b'constexpr auto error_handler() const -> Error...'
spdlog,../repos/spdlog/include/spdlog/fmt/bundled/core.h,"(742, 3)-(742, 12)",b'constexpr auto num_args() const -> int { retu...'
spdlog,../repos/spdlog/include/spdlog/fmt/bundled/core.h,"(743, 3)-(743, 12)",b'constexpr auto arg_type(int id) const -> type...'
spdlog,../repos/spdlog/include/spdlog/fmt/bundled/core.h,"(819, 1)-(819, 10)",b'constexpr auto has_const_formatter_impl(...) ...'
spdlog,../repos/spdlog/include/spdlog/fmt/bundled/core.h,"(823, 1)-(823, 10)",b'constexpr auto has_const_formatter() -> bool ...'
spdlog,../repos/spdlog/include/spdlog/fmt/bundled/core.h,"(902, 3)-(902, 12)",b'constexpr auto size() const noexcept -> size_...'
spdlog,../repos/spdlog/include/spdlog/fmt/bundled/core.h,"(905, 3)-(905, 12)",b'constexpr auto capacity() const noexcept -> s...'
spdlog,../repos/spdlog/include/spdlog/fmt/bundled/core.h,"(1204, 27)-(1204, 36)",b'constexpr auto count() -> size_t { return B ?...'
spdlog,../repos/spdlog/include/spdlog/fmt/bundled/core.h,"(1205, 43)-(1205, 52)",b'constexpr auto count() -> size_t {\n  return (...'
spdlog,../repos/spdlog/include/spdlog/fmt/bundled/core.h,"(1209, 29)-(1209, 38)",b'constexpr auto count_named_args() -> size_t {...'
spdlog,../repos/spdlog/include/spdlog/fmt/bundled/core.h,"(1214, 1)-(1214, 10)",b'constexpr auto count_statically_named_args() ...'
spdlog,../repos/spdlog/include/spdlog/fmt/bundled/core.h,"(1263, 3)-(1263, 12)",b'constexpr FMT_INLINE value() : no_value() {}'
spdlog,../repos/spdlog/include/spdlog/fmt/bundled/core.h,"(1264, 3)-(1264, 12)",b'constexpr FMT_INLINE value(int val) : int_val...'
spdlog,../repos/spdlog/include/spdlog/fmt/bundled/core.h,"(1265, 3)-(1265, 12)",b'constexpr FMT_INLINE value(unsigned val) : ui...'
spdlog,../repos/spdlog/include/spdlog/fmt/bundled/core.h,"(1266, 3)-(1266, 12)",b'constexpr FMT_INLINE value(long long val) : l...'
spdlog,../repos/spdlog/include/spdlog/fmt/bundled/core.h,"(1267, 3)-(1267, 12)",b'constexpr FMT_INLINE value(unsigned long long...'
spdlog,../repos/spdlog/include/spdlog/fmt/bundled/core.h,"(1270, 3)-(1270, 12)",b'constexpr FMT_INLINE value(float val) : float...'
spdlog,../repos/spdlog/include/spdlog/fmt/bundled/core.h,"(1271, 3)-(1271, 12)",b'constexpr FMT_INLINE value(double val) : doub...'
spdlog,../repos/spdlog/include/spdlog/fmt/bundled/core.h,"(1273, 3)-(1273, 12)",b'constexpr FMT_INLINE value(bool val) : bool_v...'
spdlog,../repos/spdlog/include/spdlog/fmt/bundled/core.h,"(1274, 3)-(1274, 12)",b'constexpr FMT_INLINE value(char_type val) : c...'
spdlog,../repos/spdlog/include/spdlog/fmt/bundled/core.h,"(1601, 3)-(1601, 12)",b'constexpr basic_format_arg() : type_(detail::...'
spdlog,../repos/spdlog/include/spdlog/fmt/bundled/core.h,"(1603, 3)-(1603, 12)",b'constexpr explicit operator bool() const noex...'
spdlog,../repos/spdlog/include/spdlog/fmt/bundled/core.h,"(1715, 3)-(1715, 12)",b'constexpr locale_ref() : locale_(nullptr) {}'
spdlog,../repos/spdlog/include/spdlog/fmt/bundled/core.h,"(1723, 21)-(1723, 30)",b'constexpr auto encode_types() -> unsigned lon...'
spdlog,../repos/spdlog/include/spdlog/fmt/bundled/core.h,"(1728, 1)-(1728, 10)",b'constexpr auto encode_types() -> unsigned lon...'
spdlog,../repos/spdlog/include/spdlog/fmt/bundled/core.h,"(1737, 3)-(1737, 12)",b'constexpr bool formattable_char =\n      !std:...'
spdlog,../repos/spdlog/include/spdlog/fmt/bundled/core.h,"(1741, 3)-(1741, 12)",b'constexpr bool formattable_const =\n      !std...'
spdlog,../repos/spdlog/include/spdlog/fmt/bundled/core.h,"(1749, 3)-(1749, 12)",b'constexpr bool formattable_pointer =\n      !s...'
spdlog,../repos/spdlog/include/spdlog/fmt/bundled/core.h,"(1754, 3)-(1754, 12)",b'constexpr bool formattable =\n      !std::is_s...'
spdlog,../repos/spdlog/include/spdlog/fmt/bundled/core.h,"(1811, 3)-(1811, 12)",b'constexpr basic_format_context(\n      OutputI...'
spdlog,../repos/spdlog/include/spdlog/fmt/bundled/core.h,"(1816, 3)-(1816, 12)",b'constexpr auto arg(int id) const -> format_ar...'
spdlog,../repos/spdlog/include/spdlog/fmt/bundled/core.h,"(1885, 10)-(1885, 19)",b'static constexpr unsigned long long desc =\n  ...'
spdlog,../repos/spdlog/include/spdlog/fmt/bundled/core.h,"(1916, 1)-(1916, 10)",b'constexpr auto make_format_args(Args&&... arg...'
spdlog,../repos/spdlog/include/spdlog/fmt/bundled/core.h,"(1969, 3)-(1969, 12)",b'constexpr auto is_packed() const -> bool {\n  ...'
spdlog,../repos/spdlog/include/spdlog/fmt/bundled/core.h,"(1982, 3)-(1982, 12)",b'constexpr FMT_INLINE basic_format_args(unsign...'
spdlog,../repos/spdlog/include/spdlog/fmt/bundled/core.h,"(1985, 3)-(1985, 12)",b'constexpr basic_format_args(unsigned long lon...'
spdlog,../repos/spdlog/include/spdlog/fmt/bundled/core.h,"(1989, 3)-(1989, 12)","b'constexpr basic_format_args() : desc_(0), arg...'"
spdlog,../repos/spdlog/include/spdlog/fmt/bundled/core.h,"(1997, 3)-(1997, 12)",b'constexpr FMT_INLINE basic_format_args(\n     ...'
spdlog,../repos/spdlog/include/spdlog/fmt/bundled/core.h,"(2100, 3)-(2100, 12)",b'constexpr auto size() const -> size_t { retur...'
spdlog,../repos/spdlog/include/spdlog/fmt/bundled/core.h,"(2101, 3)-(2101, 12)",b'constexpr auto data() const -> const Char* { ...'
spdlog,../repos/spdlog/include/spdlog/fmt/bundled/core.h,"(2144, 3)-(2144, 12)",b'constexpr basic_format_specs()\n      : width(...'
spdlog,../repos/spdlog/include/spdlog/fmt/bundled/core.h,"(2286, 26)-(2286, 35)",b'constexpr bool is_ascii_letter(Char c) {\n  re...'
spdlog,../repos/spdlog/include/spdlog/fmt/bundled/core.h,"(2292, 1)-(2292, 10)",b'constexpr auto to_ascii(Char c) -> Char {\n  r...'
spdlog,../repos/spdlog/include/spdlog/fmt/bundled/core.h,"(2296, 1)-(2296, 10)",b'constexpr auto to_ascii(Char c) -> underlying...'
spdlog,../repos/spdlog/include/spdlog/fmt/bundled/core.h,"(2909, 1)-(2909, 10)",b'constexpr int invalid_arg_index = -1;'
spdlog,../repos/spdlog/include/spdlog/fmt/bundled/core.h,"(2913, 1)-(2913, 10)",b'constexpr auto get_arg_index_by_name(basic_st...'
spdlog,../repos/spdlog/include/spdlog/fmt/bundled/core.h,"(2941, 10)-(2941, 19)",b'static constexpr int num_args = sizeof...(Args);'
spdlog,../repos/spdlog/include/spdlog/fmt/bundled/std.h,"(118, 10)-(118, 19)",b'static constexpr const bool value =\n      dec...'
spdlog,../repos/spdlog/include/spdlog/fmt/bundled/std.h,"(118, 20)-(118, 25)",b'static constexpr const bool value =\n      dec...'
spdlog,../repos/spdlog/include/spdlog/fmt/bundled/std.h,"(135, 10)-(135, 19)",b'static constexpr const bool value = detail::i...'
spdlog,../repos/spdlog/include/spdlog/fmt/bundled/std.h,"(135, 20)-(135, 25)",b'static constexpr const bool value = detail::i...'
spdlog,../repos/spdlog/include/spdlog/fmt/bundled/std.h,"(139, 10)-(139, 19)",b'static constexpr const bool value =\n      det...'
spdlog,../repos/spdlog/include/spdlog/fmt/bundled/std.h,"(139, 20)-(139, 25)",b'static constexpr const bool value =\n      det...'
spdlog,../repos/spdlog/include/spdlog/fmt/bundled/color.h,"(394, 10)-(394, 19)",b'static constexpr size_t num_emphases = 8;'
spdlog,../repos/spdlog/include/spdlog/fmt/bundled/format.h,"(253, 10)-(253, 19)",b'static constexpr CharT value[sizeof...(C)] = ...'
spdlog,../repos/spdlog/include/spdlog/fmt/bundled/format.h,"(254, 3)-(254, 12)",b'constexpr operator basic_string_view<CharT>()...'
spdlog,../repos/spdlog/include/spdlog/fmt/bundled/format.h,"(261, 1)-(261, 10)","b'constexpr CharT string_literal<CharT, C...>::...'"
spdlog,../repos/spdlog/include/spdlog/fmt/bundled/format.h,"(329, 3)-(329, 12)","b'constexpr uint128_fallback(uint64_t hi, uint6...'"
spdlog,../repos/spdlog/include/spdlog/fmt/bundled/format.h,"(330, 3)-(330, 12)",b'constexpr uint128_fallback(uint64_t value = 0...'
spdlog,../repos/spdlog/include/spdlog/fmt/bundled/format.h,"(332, 3)-(332, 12)",b'constexpr uint64_t high() const noexcept { re...'
spdlog,../repos/spdlog/include/spdlog/fmt/bundled/format.h,"(333, 3)-(333, 12)",b'constexpr uint64_t low() const noexcept { ret...'
spdlog,../repos/spdlog/include/spdlog/fmt/bundled/format.h,"(336, 3)-(336, 12)",b'constexpr explicit operator T() const {\n    r...'
spdlog,../repos/spdlog/include/spdlog/fmt/bundled/format.h,"(340, 10)-(340, 19)",b'constexpr auto operator==(const uint128_fallb...'
spdlog,../repos/spdlog/include/spdlog/fmt/bundled/format.h,"(344, 10)-(344, 19)",b'constexpr auto operator!=(const uint128_fallb...'
spdlog,../repos/spdlog/include/spdlog/fmt/bundled/format.h,"(348, 10)-(348, 19)",b'constexpr auto operator>(const uint128_fallba...'
spdlog,../repos/spdlog/include/spdlog/fmt/bundled/format.h,"(352, 10)-(352, 19)",b'constexpr auto operator|(const uint128_fallba...'
spdlog,../repos/spdlog/include/spdlog/fmt/bundled/format.h,"(357, 10)-(357, 19)",b'constexpr auto operator&(const uint128_fallba...'
spdlog,../repos/spdlog/include/spdlog/fmt/bundled/format.h,"(437, 23)-(437, 32)",b'constexpr auto max_value() -> T {\n  return (s...'
spdlog,../repos/spdlog/include/spdlog/fmt/bundled/format.h,"(440, 23)-(440, 32)",b'constexpr auto num_bits() -> int {\n  return s...'
spdlog,../repos/spdlog/include/spdlog/fmt/bundled/format.h,"(444, 13)-(444, 22)",b'constexpr auto num_bits<int128_opt>() -> int ...'
spdlog,../repos/spdlog/include/spdlog/fmt/bundled/format.h,"(445, 13)-(445, 22)",b'constexpr auto num_bits<uint128_t>() -> int {...'
spdlog,../repos/spdlog/include/spdlog/fmt/bundled/format.h,"(451, 3)-(451, 12)",b'constexpr auto size = static_cast<int>(sizeof...'
spdlog,../repos/spdlog/include/spdlog/fmt/bundled/format.h,"(492, 1)-(492, 10)","b'constexpr auto make_checked(T* p, size_t size...'"
spdlog,../repos/spdlog/include/spdlog/fmt/bundled/format.h,"(497, 23)-(497, 32)","b'constexpr auto make_checked(T* p, size_t) -> ...'"
spdlog,../repos/spdlog/include/spdlog/fmt/bundled/format.h,"(525, 1)-(525, 10)","b'constexpr auto reserve(Iterator& it, size_t) ...'"
spdlog,../repos/spdlog/include/spdlog/fmt/bundled/format.h,"(534, 1)-(534, 10)","b'constexpr auto to_pointer(OutputIt, size_t) -...'"
spdlog,../repos/spdlog/include/spdlog/fmt/bundled/format.h,"(553, 1)-(553, 10)","b'constexpr auto base_iterator(Iterator, Iterat...'"
spdlog,../repos/spdlog/include/spdlog/fmt/bundled/format.h,"(605, 3)-(605, 12)","b'constexpr const int masks[] = {0x00, 0x7f, 0x...'"
spdlog,../repos/spdlog/include/spdlog/fmt/bundled/format.h,"(605, 13)-(605, 18)","b'constexpr const int masks[] = {0x00, 0x7f, 0x...'"
spdlog,../repos/spdlog/include/spdlog/fmt/bundled/format.h,"(606, 3)-(606, 12)","b'constexpr const uint32_t mins[] = {4194304, 0...'"
spdlog,../repos/spdlog/include/spdlog/fmt/bundled/format.h,"(606, 13)-(606, 18)","b'constexpr const uint32_t mins[] = {4194304, 0...'"
spdlog,../repos/spdlog/include/spdlog/fmt/bundled/format.h,"(607, 3)-(607, 12)","b'constexpr const int shiftc[] = {0, 18, 12, 6, 0};'"
spdlog,../repos/spdlog/include/spdlog/fmt/bundled/format.h,"(607, 13)-(607, 18)","b'constexpr const int shiftc[] = {0, 18, 12, 6, 0};'"
spdlog,../repos/spdlog/include/spdlog/fmt/bundled/format.h,"(608, 3)-(608, 12)","b'constexpr const int shifte[] = {0, 6, 4, 2, 0};'"
spdlog,../repos/spdlog/include/spdlog/fmt/bundled/format.h,"(608, 13)-(608, 18)","b'constexpr const int shifte[] = {0, 6, 4, 2, 0};'"
spdlog,../repos/spdlog/include/spdlog/fmt/bundled/format.h,"(639, 1)-(639, 10)",b'constexpr uint32_t invalid_code_point = ~uint...'
spdlog,../repos/spdlog/include/spdlog/fmt/bundled/format.h,"(964, 3)-(964, 12)",b'constexpr fixed_string(const Char (&str)[N]) ...'
spdlog,../repos/spdlog/include/spdlog/fmt/bundled/format.h,"(974, 1)-(974, 10)",b'constexpr auto compile_string_to_view(const C...'
spdlog,../repos/spdlog/include/spdlog/fmt/bundled/format.h,"(981, 1)-(981, 10)",b'constexpr auto compile_string_to_view(detail:...'
spdlog,../repos/spdlog/include/spdlog/fmt/bundled/format.h,"(1001, 1)-(1001, 10)",b'constexpr auto is_negative(T value) -> bool {...'
spdlog,../repos/spdlog/include/spdlog/fmt/bundled/format.h,"(1005, 1)-(1005, 10)",b'constexpr auto is_negative(T) -> bool {\n  ret...'
spdlog,../repos/spdlog/include/spdlog/fmt/bundled/format.h,"(1033, 1)-(1033, 10)",b'constexpr const char* digits2(size_t value) {...'
spdlog,../repos/spdlog/include/spdlog/fmt/bundled/format.h,"(1033, 11)-(1033, 16)",b'constexpr const char* digits2(size_t value) {...'
spdlog,../repos/spdlog/include/spdlog/fmt/bundled/format.h,"(1043, 41)-(1043, 50)",b'constexpr Char sign(Sign s) {\n#if !FMT_GCC_VE...'
spdlog,../repos/spdlog/include/spdlog/fmt/bundled/format.h,"(1078, 10)-(1078, 19)",b'static constexpr uint8_t bsr2log10[] = {\n    ...'
spdlog,../repos/spdlog/include/spdlog/fmt/bundled/format.h,"(1084, 10)-(1084, 19)",b'static constexpr const uint64_t zero_or_power...'
spdlog,../repos/spdlog/include/spdlog/fmt/bundled/format.h,"(1084, 20)-(1084, 25)",b'static constexpr const uint64_t zero_or_power...'
spdlog,../repos/spdlog/include/spdlog/fmt/bundled/format.h,"(1126, 10)-(1126, 19)",b'static constexpr uint64_t table[] = {\n      F...'
spdlog,../repos/spdlog/include/spdlog/fmt/bundled/format.h,"(1154, 25)-(1154, 34)",b'constexpr auto digits10() noexcept -> int {\n ...'
spdlog,../repos/spdlog/include/spdlog/fmt/bundled/format.h,"(1157, 13)-(1157, 22)",b'constexpr auto digits10<int128_opt>() noexcep...'
spdlog,../repos/spdlog/include/spdlog/fmt/bundled/format.h,"(1158, 13)-(1158, 22)",b'constexpr auto digits10<uint128_t>() noexcept...'
spdlog,../repos/spdlog/include/spdlog/fmt/bundled/format.h,"(1340, 27)-(1340, 36)",b'constexpr bool has_implicit_bit() {\n  // An 8...'
spdlog,../repos/spdlog/include/spdlog/fmt/bundled/format.h,"(1347, 27)-(1347, 36)",b'constexpr int num_significand_bits() {\n  // s...'
spdlog,../repos/spdlog/include/spdlog/fmt/bundled/format.h,"(1355, 1)-(1355, 10)",b'constexpr auto exponent_mask() ->\n    typenam...'
spdlog,../repos/spdlog/include/spdlog/fmt/bundled/format.h,"(1361, 27)-(1361, 36)",b'constexpr auto exponent_bias() -> int {\n  // ...'
spdlog,../repos/spdlog/include/spdlog/fmt/bundled/format.h,"(1394, 10)-(1394, 19)",b'static constexpr const int num_significand_bi...'
spdlog,../repos/spdlog/include/spdlog/fmt/bundled/format.h,"(1394, 20)-(1394, 25)",b'static constexpr const int num_significand_bi...'
spdlog,../repos/spdlog/include/spdlog/fmt/bundled/format.h,"(1397, 3)-(1397, 12)","b'constexpr basic_fp() : f(0), e(0) {}'"
spdlog,../repos/spdlog/include/spdlog/fmt/bundled/format.h,"(1398, 3)-(1398, 12)","b'constexpr basic_fp(uint64_t f_val, int e_val)...'"
spdlog,../repos/spdlog/include/spdlog/fmt/bundled/format.h,"(1481, 10)-(1481, 19)",b'static constexpr uint64_t pow10_significands[...'
spdlog,../repos/spdlog/include/spdlog/fmt/bundled/format.h,"(1519, 10)-(1519, 19)",b'static constexpr int16_t pow10_exponents[87] ...'
spdlog,../repos/spdlog/include/spdlog/fmt/bundled/format.h,"(1532, 10)-(1532, 19)",b'static constexpr uint64_t power_of_10_64[20] ...'
spdlog,../repos/spdlog/include/spdlog/fmt/bundled/format.h,"(1538, 23)-(1538, 32)",b'constexpr uint64_t basic_data<T>::pow10_signi...'
spdlog,../repos/spdlog/include/spdlog/fmt/bundled/format.h,"(1539, 23)-(1539, 32)",b'constexpr int16_t basic_data<T>::pow10_expone...'
spdlog,../repos/spdlog/include/spdlog/fmt/bundled/format.h,"(1540, 23)-(1540, 32)",b'constexpr uint64_t basic_data<T>::power_of_10...'
spdlog,../repos/spdlog/include/spdlog/fmt/bundled/format.h,"(1632, 1)-(1632, 10)",b'constexpr auto convert_float(T value) -> conv...'
spdlog,../repos/spdlog/include/spdlog/fmt/bundled/format.h,"(1672, 1)-(1672, 10)","b'constexpr auto write_padded(OutputIt out, con...'"
spdlog,../repos/spdlog/include/spdlog/fmt/bundled/format.h,"(2041, 5)-(2041, 14)","b'constexpr const unsigned prefixes[4] = {0, 0,...'"
spdlog,../repos/spdlog/include/spdlog/fmt/bundled/format.h,"(2041, 15)-(2041, 20)","b'constexpr const unsigned prefixes[4] = {0, 0,...'"
spdlog,../repos/spdlog/include/spdlog/fmt/bundled/format.h,"(2242, 3)-(2242, 12)",b'constexpr size_t str_size = 3;'
spdlog,../repos/spdlog/include/spdlog/fmt/bundled/format.h,"(2262, 1)-(2262, 10)",b'constexpr auto get_significand_size(const big...'
spdlog,../repos/spdlog/include/spdlog/fmt/bundled/format.h,"(2271, 1)-(2271, 10)",b'constexpr auto write_significand(OutputIt out...'
spdlog,../repos/spdlog/include/spdlog/fmt/bundled/format.h,"(2467, 3)-(2467, 12)","b'constexpr fallback_digit_grouping(locale_ref,...'"
spdlog,../repos/spdlog/include/spdlog/fmt/bundled/format.h,"(2469, 3)-(2469, 12)",b'constexpr Char separator() const { return Cha...'
spdlog,../repos/spdlog/include/spdlog/fmt/bundled/format.h,"(2471, 3)-(2471, 12)",b'constexpr int count_separators(int) const { r...'
spdlog,../repos/spdlog/include/spdlog/fmt/bundled/format.h,"(2474, 3)-(2474, 12)","b'constexpr Out apply(Out out, basic_string_vie...'"
spdlog,../repos/spdlog/include/spdlog/fmt/bundled/format.h,"(2493, 23)-(2493, 32)",b'constexpr bool isnan(T value) {\n  return !(va...'
spdlog,../repos/spdlog/include/spdlog/fmt/bundled/format.h,"(2507, 3)-(2507, 12)",b'constexpr T inf = T(std::numeric_limits<doubl...'
spdlog,../repos/spdlog/include/spdlog/fmt/bundled/format.h,"(2724, 10)-(2724, 19)",b'static constexpr const int bigit_bits = num_b...'
spdlog,../repos/spdlog/include/spdlog/fmt/bundled/format.h,"(2724, 20)-(2724, 25)",b'static constexpr const int bigit_bits = num_b...'
spdlog,../repos/spdlog/include/spdlog/fmt/bundled/format.h,"(3249, 3)-(3249, 12)",b'constexpr auto specs = basic_format_specs<Char>();'
spdlog,../repos/spdlog/include/spdlog/fmt/bundled/format.h,"(3284, 1)-(3284, 10)","b'constexpr auto write(OutputIt out, const T& v...'"
spdlog,../repos/spdlog/include/spdlog/fmt/bundled/format.h,"(3550, 10)-(3550, 19)",b'static constexpr auto name = Str.data;'
spdlog,../repos/spdlog/include/spdlog/fmt/bundled/format.h,"(3830, 1)-(3830, 10)",b'constexpr auto underlying(Enum e) noexcept ->...'
spdlog,../repos/spdlog/include/spdlog/fmt/bundled/format.h,"(3836, 1)-(3836, 10)",b'constexpr auto format_as(Enum e) noexcept -> ...'
spdlog,../repos/spdlog/include/spdlog/fmt/bundled/format.h,"(4039, 3)-(4039, 12)",b'constexpr int max_size = detail::digits10<T>(...'
spdlog,../repos/spdlog/include/spdlog/fmt/bundled/format.h,"(4163, 46)-(4163, 55)",b'extern template FMT_API auto thousands_sep_im...'
spdlog,../repos/spdlog/include/spdlog/fmt/bundled/format.h,"(4168, 1)-(4168, 10)","b'constexpr auto operator"""" _a(const char* s, s...'"
spdlog,../repos/spdlog/include/spdlog/fmt/bundled/format-inl.h,"(237, 8)-(237, 17)",b'static constexpr struct {\n  uint32_t divisor;...'
spdlog,../repos/spdlog/include/spdlog/fmt/bundled/format-inl.h,"(258, 3)-(258, 12)",b'constexpr auto info = div_small_pow10_infos[N...'
spdlog,../repos/spdlog/include/spdlog/fmt/bundled/format-inl.h,"(260, 3)-(260, 12)",b'constexpr uint32_t magic_number =\n      (1u <...'
spdlog,../repos/spdlog/include/spdlog/fmt/bundled/format-inl.h,"(272, 3)-(272, 12)",b'constexpr auto info = div_small_pow10_infos[N...'
spdlog,../repos/spdlog/include/spdlog/fmt/bundled/format-inl.h,"(274, 3)-(274, 12)",b'constexpr uint32_t magic_number =\n      (1u <...'
spdlog,../repos/spdlog/include/spdlog/fmt/bundled/format-inl.h,"(300, 12)-(300, 21)",b'static constexpr const uint64_t pow10_signifi...'
spdlog,../repos/spdlog/include/spdlog/fmt/bundled/format-inl.h,"(300, 22)-(300, 27)",b'static constexpr const uint64_t pow10_signifi...'
spdlog,../repos/spdlog/include/spdlog/fmt/bundled/format-inl.h,"(392, 12)-(392, 21)",b'static constexpr const uint128_fallback pow10...'
spdlog,../repos/spdlog/include/spdlog/fmt/bundled/format-inl.h,"(392, 22)-(392, 27)",b'static constexpr const uint128_fallback pow10...'
spdlog,../repos/spdlog/include/spdlog/fmt/bundled/format-inl.h,"(1045, 12)-(1045, 21)",b'static constexpr const uint64_t powers_of_5_6...'
spdlog,../repos/spdlog/include/spdlog/fmt/bundled/format-inl.h,"(1045, 22)-(1045, 27)",b'static constexpr const uint64_t powers_of_5_6...'
spdlog,../repos/spdlog/include/spdlog/fmt/bundled/format-inl.h,"(1177, 3)-(1177, 12)",b'constexpr uint64_t magic_number = 12379400392...'
spdlog,../repos/spdlog/include/spdlog/fmt/bundled/format-inl.h,"(1570, 10)-(1570, 19)",b'static constexpr singleton singletons0[] = {\n...'
spdlog,../repos/spdlog/include/spdlog/fmt/bundled/format-inl.h,"(1579, 10)-(1579, 19)",b'static constexpr unsigned char singletons0_lo...'
spdlog,../repos/spdlog/include/spdlog/fmt/bundled/format-inl.h,"(1606, 10)-(1606, 19)",b'static constexpr singleton singletons1[] = {\n...'
spdlog,../repos/spdlog/include/spdlog/fmt/bundled/format-inl.h,"(1615, 10)-(1615, 19)",b'static constexpr unsigned char singletons1_lo...'
spdlog,../repos/spdlog/include/spdlog/fmt/bundled/format-inl.h,"(1632, 10)-(1632, 19)",b'static constexpr unsigned char normal0[] = {\n...'
spdlog,../repos/spdlog/include/spdlog/fmt/bundled/format-inl.h,"(1660, 10)-(1660, 19)",b'static constexpr unsigned char normal1[] = {\n...'
