Repo name,File name,Location,Content
spdlog,../repos/spdlog/include/spdlog/details/mpmc_blocking_q.h,"(25, 5)-(25, 25)",b'using item_type = T;'
spdlog,../repos/spdlog/include/spdlog/details/thread_pool.h,"(21, 1)-(21, 64)",b'using async_logger_ptr = std::shared_ptr<spdl...'
spdlog,../repos/spdlog/include/spdlog/details/thread_pool.h,"(73, 5)-(73, 60)",b'using q_type = details::mpmc_blocking_queue<i...'
spdlog,../repos/spdlog/include/spdlog/details/console_globals.h,"(13, 5)-(13, 32)",b'using mutex_t = std::mutex;'
spdlog,../repos/spdlog/include/spdlog/details/console_globals.h,"(21, 5)-(21, 32)",b'using mutex_t = null_mutex;'
spdlog,../repos/spdlog/include/spdlog/details/circular_q.h,"(21, 5)-(21, 26)",b'using value_type = T;'
spdlog,../repos/spdlog/include/spdlog/details/fmt_helper.h,"(67, 5)-(68, 93)",b'using count_type =\n        typename std::cond...'
spdlog,../repos/spdlog/include/spdlog/pattern_formatter-inl.h,"(766, 5)-(766, 33)",b'using DurationUnits = Units;'
spdlog,../repos/spdlog/include/spdlog/common.h,"(132, 1)-(132, 33)",b'using filename_t = std::wstring;'
spdlog,../repos/spdlog/include/spdlog/common.h,"(137, 1)-(137, 32)",b'using filename_t = std::string;'
spdlog,../repos/spdlog/include/spdlog/common.h,"(141, 1)-(141, 45)",b'using log_clock = std::chrono::system_clock;'
spdlog,../repos/spdlog/include/spdlog/common.h,"(142, 1)-(142, 47)",b'using sink_ptr = std::shared_ptr<sinks::sink>;'
spdlog,../repos/spdlog/include/spdlog/common.h,"(143, 1)-(143, 57)",b'using sinks_init_list = std::initializer_list...'
spdlog,../repos/spdlog/include/spdlog/common.h,"(144, 1)-(144, 69)",b'using err_handler = std::function<void(const ...'
spdlog,../repos/spdlog/include/spdlog/common.h,"(148, 1)-(148, 40)",b'using string_view_t = std::string_view;'
spdlog,../repos/spdlog/include/spdlog/common.h,"(149, 1)-(149, 34)",b'using memory_buf_t = std::string;'
spdlog,../repos/spdlog/include/spdlog/common.h,"(153, 1)-(153, 53)",b'using format_string_t = std::format_string<Ar...'
spdlog,../repos/spdlog/include/spdlog/common.h,"(155, 1)-(155, 42)",b'using format_string_t = std::string_view;'
spdlog,../repos/spdlog/include/spdlog/common.h,"(163, 1)-(163, 42)",b'using wstring_view_t = std::wstring_view;'
spdlog,../repos/spdlog/include/spdlog/common.h,"(164, 1)-(164, 36)",b'using wmemory_buf_t = std::wstring;'
spdlog,../repos/spdlog/include/spdlog/common.h,"(168, 1)-(168, 55)",b'using wformat_string_t = std::wformat_string<...'
spdlog,../repos/spdlog/include/spdlog/common.h,"(170, 1)-(170, 44)",b'using wformat_string_t = std::wstring_view;'
spdlog,../repos/spdlog/include/spdlog/common.h,"(177, 1)-(177, 52)",b'using string_view_t = fmt::basic_string_view<...'
spdlog,../repos/spdlog/include/spdlog/common.h,"(178, 1)-(178, 58)",b'using memory_buf_t = fmt::basic_memory_buffer...'
spdlog,../repos/spdlog/include/spdlog/common.h,"(181, 1)-(181, 53)",b'using format_string_t = fmt::format_string<Ar...'
spdlog,../repos/spdlog/include/spdlog/common.h,"(184, 1)-(184, 95)",b'using remove_cvref_t = typename std::remove_c...'
spdlog,../repos/spdlog/include/spdlog/common.h,"(188, 1)-(188, 61)",b'using fmt_runtime_string = fmt::runtime_forma...'
spdlog,../repos/spdlog/include/spdlog/common.h,"(190, 1)-(190, 53)",b'using fmt_runtime_string = fmt::basic_runtime...'
spdlog,../repos/spdlog/include/spdlog/common.h,"(204, 1)-(204, 56)",b'using wstring_view_t = fmt::basic_string_view...'
spdlog,../repos/spdlog/include/spdlog/common.h,"(205, 1)-(205, 62)",b'using wmemory_buf_t = fmt::basic_memory_buffe...'
spdlog,../repos/spdlog/include/spdlog/common.h,"(208, 1)-(208, 55)",b'using wformat_string_t = fmt::wformat_string<...'
spdlog,../repos/spdlog/include/spdlog/common.h,"(226, 1)-(226, 42)",b'using level_t = details::null_atomic_int;'
spdlog,../repos/spdlog/include/spdlog/common.h,"(228, 1)-(228, 34)",b'using level_t = std::atomic<int>;'
spdlog,../repos/spdlog/include/spdlog/common.h,"(386, 1)-(386, 57)",b'using enable_if_t = typename std::enable_if<B...'
spdlog,../repos/spdlog/include/spdlog/async.h,"(58, 1)-(58, 72)",b'using async_factory = async_factory_impl<asyn...'
spdlog,../repos/spdlog/include/spdlog/async.h,"(59, 1)-(59, 90)",b'using async_factory_nonblock = async_factory_...'
spdlog,../repos/spdlog/include/spdlog/stopwatch.h,"(31, 5)-(31, 45)",b'using clock = std::chrono::steady_clock;'
spdlog,../repos/spdlog/include/spdlog/sinks/mongo_sink.h,"(83, 1)-(83, 46)",b'using mongo_sink_mt = mongo_sink<std::mutex>;'
spdlog,../repos/spdlog/include/spdlog/sinks/mongo_sink.h,"(84, 1)-(84, 63)",b'using mongo_sink_st = mongo_sink<spdlog::deta...'
spdlog,../repos/spdlog/include/spdlog/sinks/callback_sink.h,"(36, 1)-(36, 52)",b'using callback_sink_mt = callback_sink<std::m...'
spdlog,../repos/spdlog/include/spdlog/sinks/callback_sink.h,"(37, 1)-(37, 61)",b'using callback_sink_st = callback_sink<detail...'
spdlog,../repos/spdlog/include/spdlog/sinks/null_sink.h,"(22, 1)-(22, 53)",b'using null_sink_mt = null_sink<details::null_...'
spdlog,../repos/spdlog/include/spdlog/sinks/null_sink.h,"(23, 1)-(23, 53)",b'using null_sink_st = null_sink<details::null_...'
spdlog,../repos/spdlog/include/spdlog/sinks/qt_sinks.h,"(231, 1)-(231, 40)",b'using qt_sink_mt = qt_sink<std::mutex>;'
spdlog,../repos/spdlog/include/spdlog/sinks/qt_sinks.h,"(232, 1)-(232, 49)",b'using qt_sink_st = qt_sink<details::null_mutex>;'
spdlog,../repos/spdlog/include/spdlog/sinks/qt_sinks.h,"(233, 1)-(233, 52)",b'using qt_color_sink_mt = qt_color_sink<std::m...'
spdlog,../repos/spdlog/include/spdlog/sinks/qt_sinks.h,"(234, 1)-(234, 61)",b'using qt_color_sink_st = qt_color_sink<detail...'
spdlog,../repos/spdlog/include/spdlog/sinks/stdout_sinks.h,"(22, 5)-(22, 52)",b'using mutex_t = typename ConsoleMutex::mutex_t;'
spdlog,../repos/spdlog/include/spdlog/sinks/stdout_sinks.h,"(59, 1)-(59, 60)",b'using stdout_sink_mt = stdout_sink<details::c...'
spdlog,../repos/spdlog/include/spdlog/sinks/stdout_sinks.h,"(60, 1)-(60, 64)",b'using stdout_sink_st = stdout_sink<details::c...'
spdlog,../repos/spdlog/include/spdlog/sinks/stdout_sinks.h,"(62, 1)-(62, 60)",b'using stderr_sink_mt = stderr_sink<details::c...'
spdlog,../repos/spdlog/include/spdlog/sinks/stdout_sinks.h,"(63, 1)-(63, 64)",b'using stderr_sink_st = stderr_sink<details::c...'
spdlog,../repos/spdlog/include/spdlog/sinks/stdout_color_sinks.h,"(17, 1)-(17, 54)",b'using stdout_color_sink_mt = wincolor_stdout_...'
spdlog,../repos/spdlog/include/spdlog/sinks/stdout_color_sinks.h,"(18, 1)-(18, 54)",b'using stdout_color_sink_st = wincolor_stdout_...'
spdlog,../repos/spdlog/include/spdlog/sinks/stdout_color_sinks.h,"(19, 1)-(19, 54)",b'using stderr_color_sink_mt = wincolor_stderr_...'
spdlog,../repos/spdlog/include/spdlog/sinks/stdout_color_sinks.h,"(20, 1)-(20, 54)",b'using stderr_color_sink_st = wincolor_stderr_...'
spdlog,../repos/spdlog/include/spdlog/sinks/stdout_color_sinks.h,"(22, 1)-(22, 55)",b'using stdout_color_sink_mt = ansicolor_stdout...'
spdlog,../repos/spdlog/include/spdlog/sinks/stdout_color_sinks.h,"(23, 1)-(23, 55)",b'using stdout_color_sink_st = ansicolor_stdout...'
spdlog,../repos/spdlog/include/spdlog/sinks/stdout_color_sinks.h,"(24, 1)-(24, 55)",b'using stderr_color_sink_mt = ansicolor_stderr...'
spdlog,../repos/spdlog/include/spdlog/sinks/stdout_color_sinks.h,"(25, 1)-(25, 55)",b'using stderr_color_sink_st = ansicolor_stderr...'
spdlog,../repos/spdlog/include/spdlog/sinks/dup_filter_sink.h,"(88, 1)-(88, 56)",b'using dup_filter_sink_mt = dup_filter_sink<st...'
spdlog,../repos/spdlog/include/spdlog/sinks/dup_filter_sink.h,"(89, 1)-(89, 65)",b'using dup_filter_sink_st = dup_filter_sink<de...'
spdlog,../repos/spdlog/include/spdlog/sinks/win_eventlog_sink.h,"(256, 1)-(256, 74)",b'using win_eventlog_sink_mt = win_eventlog::wi...'
spdlog,../repos/spdlog/include/spdlog/sinks/win_eventlog_sink.h,"(257, 1)-(257, 83)",b'using win_eventlog_sink_st = win_eventlog::wi...'
spdlog,../repos/spdlog/include/spdlog/sinks/msvc_sink.h,"(59, 1)-(59, 44)",b'using msvc_sink_mt = msvc_sink<std::mutex>;'
spdlog,../repos/spdlog/include/spdlog/sinks/msvc_sink.h,"(60, 1)-(60, 53)",b'using msvc_sink_st = msvc_sink<details::null_...'
spdlog,../repos/spdlog/include/spdlog/sinks/msvc_sink.h,"(62, 1)-(62, 39)",b'using windebug_sink_mt = msvc_sink_mt;'
spdlog,../repos/spdlog/include/spdlog/sinks/msvc_sink.h,"(63, 1)-(63, 39)",b'using windebug_sink_st = msvc_sink_st;'
spdlog,../repos/spdlog/include/spdlog/sinks/ringbuffer_sink.h,"(62, 1)-(62, 56)",b'using ringbuffer_sink_mt = ringbuffer_sink<st...'
spdlog,../repos/spdlog/include/spdlog/sinks/ringbuffer_sink.h,"(63, 1)-(63, 65)",b'using ringbuffer_sink_st = ringbuffer_sink<de...'
spdlog,../repos/spdlog/include/spdlog/sinks/android_sink.h,"(111, 1)-(111, 50)",b'using android_sink_mt = android_sink<std::mutex>;'
spdlog,../repos/spdlog/include/spdlog/sinks/android_sink.h,"(112, 1)-(112, 59)",b'using android_sink_st = android_sink<details:...'
spdlog,../repos/spdlog/include/spdlog/sinks/android_sink.h,"(115, 1)-(115, 64)",b'using android_sink_buf_mt = android_sink<std:...'
spdlog,../repos/spdlog/include/spdlog/sinks/android_sink.h,"(117, 1)-(117, 73)",b'using android_sink_buf_st = android_sink<deta...'
spdlog,../repos/spdlog/include/spdlog/sinks/syslog_sink.h,"(72, 5)-(72, 45)","b'using levels_array = std::array<int, 7>;'"
spdlog,../repos/spdlog/include/spdlog/sinks/syslog_sink.h,"(79, 1)-(79, 48)",b'using syslog_sink_mt = syslog_sink<std::mutex>;'
spdlog,../repos/spdlog/include/spdlog/sinks/syslog_sink.h,"(80, 1)-(80, 57)",b'using syslog_sink_st = syslog_sink<details::n...'
spdlog,../repos/spdlog/include/spdlog/sinks/kafka_sink.h,"(90, 1)-(90, 46)",b'using kafka_sink_mt = kafka_sink<std::mutex>;'
spdlog,../repos/spdlog/include/spdlog/sinks/kafka_sink.h,"(91, 1)-(91, 63)",b'using kafka_sink_st = kafka_sink<spdlog::deta...'
spdlog,../repos/spdlog/include/spdlog/sinks/basic_file_sink.h,"(35, 1)-(35, 56)",b'using basic_file_sink_mt = basic_file_sink<st...'
spdlog,../repos/spdlog/include/spdlog/sinks/basic_file_sink.h,"(36, 1)-(36, 65)",b'using basic_file_sink_st = basic_file_sink<de...'
spdlog,../repos/spdlog/include/spdlog/sinks/wincolor_sink.h,"(41, 5)-(41, 52)",b'using mutex_t = typename ConsoleMutex::mutex_t;'
spdlog,../repos/spdlog/include/spdlog/sinks/wincolor_sink.h,"(72, 1)-(72, 78)",b'using wincolor_stdout_sink_mt = wincolor_stdo...'
spdlog,../repos/spdlog/include/spdlog/sinks/wincolor_sink.h,"(73, 1)-(73, 82)",b'using wincolor_stdout_sink_st = wincolor_stdo...'
spdlog,../repos/spdlog/include/spdlog/sinks/wincolor_sink.h,"(75, 1)-(75, 78)",b'using wincolor_stderr_sink_mt = wincolor_stde...'
spdlog,../repos/spdlog/include/spdlog/sinks/wincolor_sink.h,"(76, 1)-(76, 82)",b'using wincolor_stderr_sink_st = wincolor_stde...'
spdlog,../repos/spdlog/include/spdlog/sinks/daily_file_sink.h,"(192, 1)-(192, 56)",b'using daily_file_sink_mt = daily_file_sink<st...'
spdlog,../repos/spdlog/include/spdlog/sinks/daily_file_sink.h,"(193, 1)-(193, 65)",b'using daily_file_sink_st = daily_file_sink<de...'
spdlog,../repos/spdlog/include/spdlog/sinks/daily_file_sink.h,"(194, 1)-(194, 97)",b'using daily_file_format_sink_mt = daily_file_...'
spdlog,../repos/spdlog/include/spdlog/sinks/daily_file_sink.h,"(195, 1)-(196, 76)",b'using daily_file_format_sink_st =\n    daily_f...'
spdlog,../repos/spdlog/include/spdlog/sinks/rotating_file_sink.h,"(55, 1)-(55, 62)",b'using rotating_file_sink_mt = rotating_file_s...'
spdlog,../repos/spdlog/include/spdlog/sinks/rotating_file_sink.h,"(56, 1)-(56, 71)",b'using rotating_file_sink_st = rotating_file_s...'
spdlog,../repos/spdlog/include/spdlog/sinks/udp_sink.h,"(55, 1)-(55, 42)",b'using udp_sink_mt = udp_sink<std::mutex>;'
spdlog,../repos/spdlog/include/spdlog/sinks/udp_sink.h,"(56, 1)-(56, 59)",b'using udp_sink_st = udp_sink<spdlog::details:...'
spdlog,../repos/spdlog/include/spdlog/sinks/ostream_sink.h,"(39, 1)-(39, 50)",b'using ostream_sink_mt = ostream_sink<std::mutex>;'
spdlog,../repos/spdlog/include/spdlog/sinks/ostream_sink.h,"(40, 1)-(40, 59)",b'using ostream_sink_st = ostream_sink<details:...'
spdlog,../repos/spdlog/include/spdlog/sinks/dist_sink.h,"(77, 1)-(77, 44)",b'using dist_sink_mt = dist_sink<std::mutex>;'
spdlog,../repos/spdlog/include/spdlog/sinks/dist_sink.h,"(78, 1)-(78, 53)",b'using dist_sink_st = dist_sink<details::null_...'
spdlog,../repos/spdlog/include/spdlog/sinks/tcp_sink.h,"(71, 1)-(71, 42)",b'using tcp_sink_mt = tcp_sink<std::mutex>;'
spdlog,../repos/spdlog/include/spdlog/sinks/tcp_sink.h,"(72, 1)-(72, 59)",b'using tcp_sink_st = tcp_sink<spdlog::details:...'
spdlog,../repos/spdlog/include/spdlog/sinks/systemd_sink.h,"(45, 5)-(45, 45)","b'using levels_array = std::array<int, 7>;'"
spdlog,../repos/spdlog/include/spdlog/sinks/systemd_sink.h,"(103, 1)-(103, 50)",b'using systemd_sink_mt = systemd_sink<std::mutex>;'
spdlog,../repos/spdlog/include/spdlog/sinks/systemd_sink.h,"(104, 1)-(104, 59)",b'using systemd_sink_st = systemd_sink<details:...'
spdlog,../repos/spdlog/include/spdlog/sinks/ansicolor_sink.h,"(27, 5)-(27, 52)",b'using mutex_t = typename ConsoleMutex::mutex_t;'
spdlog,../repos/spdlog/include/spdlog/sinks/ansicolor_sink.h,"(104, 1)-(104, 80)",b'using ansicolor_stdout_sink_mt = ansicolor_st...'
spdlog,../repos/spdlog/include/spdlog/sinks/ansicolor_sink.h,"(105, 1)-(105, 84)",b'using ansicolor_stdout_sink_st = ansicolor_st...'
spdlog,../repos/spdlog/include/spdlog/sinks/ansicolor_sink.h,"(107, 1)-(107, 80)",b'using ansicolor_stderr_sink_mt = ansicolor_st...'
spdlog,../repos/spdlog/include/spdlog/sinks/ansicolor_sink.h,"(108, 1)-(108, 84)",b'using ansicolor_stderr_sink_st = ansicolor_st...'
spdlog,../repos/spdlog/include/spdlog/sinks/hourly_file_sink.h,"(164, 1)-(164, 58)",b'using hourly_file_sink_mt = hourly_file_sink<...'
spdlog,../repos/spdlog/include/spdlog/sinks/hourly_file_sink.h,"(165, 1)-(165, 67)",b'using hourly_file_sink_st = hourly_file_sink<...'
spdlog,../repos/spdlog/include/spdlog/fmt/bin_to_hex.h,"(67, 5)-(67, 53)",b'using Iter = typename Container::const_iterator;'
spdlog,../repos/spdlog/include/spdlog/fmt/bin_to_hex.h,"(76, 5)-(76, 48)","b'using Container = std::span<Value, Extent>;'"
spdlog,../repos/spdlog/include/spdlog/fmt/bin_to_hex.h,"(79, 5)-(79, 47)",b'using Iter = typename Container::iterator;'
spdlog,../repos/spdlog/include/spdlog/fmt/bundled/os.h,"(120, 1)-(120, 47)",b'using cstring_view = basic_cstring_view<char>;'
spdlog,../repos/spdlog/include/spdlog/fmt/bundled/os.h,"(121, 1)-(121, 51)",b'using wcstring_view = basic_cstring_view<wchar_t>;'
spdlog,../repos/spdlog/include/spdlog/fmt/bundled/ostream.h,"(39, 3)-(39, 39)",b'using result = decltype(test<T>(0));'
spdlog,../repos/spdlog/include/spdlog/fmt/bundled/ostream.h,"(112, 3)-(112, 73)",b'using unsigned_streamsize = std::make_unsigne...'
spdlog,../repos/spdlog/include/spdlog/fmt/bundled/ostream.h,"(154, 1)-(154, 57)",b'using ostream_formatter = basic_ostream_forma...'
spdlog,../repos/spdlog/include/spdlog/fmt/bundled/ranges.h,"(184, 1)-(184, 57)",b'using integer_sequence = std::integer_sequenc...'
spdlog,../repos/spdlog/include/spdlog/fmt/bundled/ranges.h,"(185, 24)-(185, 73)",b'using index_sequence = std::index_sequence<N...>;'
spdlog,../repos/spdlog/include/spdlog/fmt/bundled/ranges.h,"(186, 21)-(186, 77)",b'using make_index_sequence = std::make_index_s...'
spdlog,../repos/spdlog/include/spdlog/fmt/bundled/ranges.h,"(189, 3)-(189, 24)",b'using value_type = T;'
spdlog,../repos/spdlog/include/spdlog/fmt/bundled/ranges.h,"(194, 24)-(194, 78)",b'using index_sequence = integer_sequence<size_...'
spdlog,../repos/spdlog/include/spdlog/fmt/bundled/ranges.h,"(202, 1)-(202, 62)",b'using make_index_sequence = make_integer_sequ...'
spdlog,../repos/spdlog/include/spdlog/fmt/bundled/ranges.h,"(206, 1)-(206, 77)",b'using tuple_index_sequence = make_index_seque...'
spdlog,../repos/spdlog/include/spdlog/fmt/bundled/ranges.h,"(252, 3)-(252, 67)",b'using type = decltype(*detail::range_begin(st...'
spdlog,../repos/spdlog/include/spdlog/fmt/bundled/ranges.h,"(256, 3)-(256, 19)",b'using type = T&;'
spdlog,../repos/spdlog/include/spdlog/fmt/bundled/ranges.h,"(260, 1)-(260, 74)",b'using range_reference_type = typename range_r...'
spdlog,../repos/spdlog/include/spdlog/fmt/bundled/ranges.h,"(263, 1)-(264, 60)",b'using range_reference_type =\n    decltype(*de...'
spdlog,../repos/spdlog/include/spdlog/fmt/bundled/ranges.h,"(270, 1)-(270, 66)",b'using uncvref_type = remove_cvref_t<range_ref...'
spdlog,../repos/spdlog/include/spdlog/fmt/bundled/ranges.h,"(273, 1)-(274, 81)",b'using uncvref_first_type =\n    remove_cvref_t...'
spdlog,../repos/spdlog/include/spdlog/fmt/bundled/ranges.h,"(277, 1)-(278, 67)",b'using uncvref_second_type = remove_cvref_t<\n ...'
spdlog,../repos/spdlog/include/spdlog/fmt/bundled/ranges.h,"(385, 3)-(385, 38)",b'using mapper = arg_mapper<Context>;'
spdlog,../repos/spdlog/include/spdlog/fmt/bundled/ranges.h,"(401, 1)-(406, 40)",b'using range_formatter_type = conditional_t<\n ...'
spdlog,../repos/spdlog/include/spdlog/fmt/bundled/ranges.h,"(409, 1)-(410, 62)",b'using maybe_const_range =\n    conditional_t<h...'
spdlog,../repos/spdlog/include/spdlog/fmt/bundled/ranges.h,"(535, 1)-(535, 71)",b'using range_format_constant = std::integral_c...'
spdlog,../repos/spdlog/include/spdlog/fmt/bundled/ranges.h,"(542, 3)-(542, 51)",b'using range_type = detail::maybe_const_range<R>;'
spdlog,../repos/spdlog/include/spdlog/fmt/bundled/ranges.h,"(605, 1)-(605, 52)","b'using tuple_arg_join = tuple_join_view<Char, ...'"
spdlog,../repos/spdlog/include/spdlog/fmt/bundled/printf.h,"(32, 3)-(32, 26)",b'using char_type = Char;'
spdlog,../repos/spdlog/include/spdlog/fmt/bundled/printf.h,"(33, 3)-(33, 61)",b'using format_arg = basic_format_arg<basic_pri...'
spdlog,../repos/spdlog/include/spdlog/fmt/bundled/printf.h,"(34, 3)-(34, 63)",b'using parse_context_type = basic_printf_parse...'
spdlog,../repos/spdlog/include/spdlog/fmt/bundled/printf.h,"(35, 25)-(35, 68)",b'using formatter_type = printf_formatter<T>;'
spdlog,../repos/spdlog/include/spdlog/fmt/bundled/printf.h,"(111, 50)-(111, 68)",b'using type = bool;'
spdlog,../repos/spdlog/include/spdlog/fmt/bundled/printf.h,"(115, 3)-(115, 49)",b'using char_type = typename Context::char_type;'
spdlog,../repos/spdlog/include/spdlog/fmt/bundled/printf.h,"(131, 5)-(131, 75)",b'using target_type = conditional_t<std::is_sam...'
spdlog,../repos/spdlog/include/spdlog/fmt/bundled/printf.h,"(138, 9)-(138, 81)",b'using unsigned_type = typename make_unsigned_...'
spdlog,../repos/spdlog/include/spdlog/fmt/bundled/printf.h,"(197, 3)-(197, 49)",b'using format_specs = basic_format_specs<Char>;'
spdlog,../repos/spdlog/include/spdlog/fmt/bundled/printf.h,"(227, 3)-(227, 36)",b'using base = arg_formatter<Char>;'
spdlog,../repos/spdlog/include/spdlog/fmt/bundled/printf.h,"(228, 3)-(228, 61)",b'using context_type = basic_printf_context<Out...'
spdlog,../repos/spdlog/include/spdlog/fmt/bundled/printf.h,"(229, 3)-(229, 49)",b'using format_specs = basic_format_specs<Char>;'
spdlog,../repos/spdlog/include/spdlog/fmt/bundled/printf.h,"(371, 3)-(371, 42)",b'using OutputIt = buffer_appender<Char>;'
spdlog,../repos/spdlog/include/spdlog/fmt/bundled/printf.h,"(527, 1)-(527, 53)",b'using printf_context = basic_printf_context_t...'
spdlog,../repos/spdlog/include/spdlog/fmt/bundled/printf.h,"(528, 1)-(528, 57)",b'using wprintf_context = basic_printf_context_...'
spdlog,../repos/spdlog/include/spdlog/fmt/bundled/printf.h,"(530, 1)-(530, 55)",b'using printf_args = basic_format_args<printf_...'
spdlog,../repos/spdlog/include/spdlog/fmt/bundled/printf.h,"(531, 1)-(531, 57)",b'using wprintf_args = basic_format_args<wprint...'
spdlog,../repos/spdlog/include/spdlog/fmt/bundled/printf.h,"(579, 3)-(579, 48)",b'using context = basic_printf_context_t<Char>;'
spdlog,../repos/spdlog/include/spdlog/fmt/bundled/printf.h,"(608, 3)-(608, 48)",b'using context = basic_printf_context_t<Char>;'
spdlog,../repos/spdlog/include/spdlog/fmt/bundled/xchar.h,"(18, 1)-(18, 69)",b'using is_exotic_char = bool_constant<!std::is...'
spdlog,../repos/spdlog/include/spdlog/fmt/bundled/xchar.h,"(24, 1)-(24, 67)",b'using wformat_parse_context = basic_format_pa...'
spdlog,../repos/spdlog/include/spdlog/fmt/bundled/xchar.h,"(25, 1)-(25, 49)",b'using wformat_context = buffer_context<wchar_t>;'
spdlog,../repos/spdlog/include/spdlog/fmt/bundled/xchar.h,"(26, 1)-(26, 57)",b'using wformat_args = basic_format_args<wforma...'
spdlog,../repos/spdlog/include/spdlog/fmt/bundled/xchar.h,"(27, 1)-(27, 53)",b'using wmemory_buffer = basic_memory_buffer<wc...'
spdlog,../repos/spdlog/include/spdlog/fmt/bundled/xchar.h,"(31, 29)-(31, 65)",b'using wformat_string = wstring_view;'
spdlog,../repos/spdlog/include/spdlog/fmt/bundled/xchar.h,"(35, 1)-(35, 79)",b'using wformat_string = basic_format_string<wc...'
spdlog,../repos/spdlog/include/spdlog/fmt/bundled/compile.h,"(34, 3)-(34, 54)",b'using iterator_category = std::output_iterato...'
spdlog,../repos/spdlog/include/spdlog/fmt/bundled/compile.h,"(35, 3)-(35, 74)",b'using value_type = typename std::iterator_tra...'
spdlog,../repos/spdlog/include/spdlog/fmt/bundled/compile.h,"(36, 3)-(36, 42)",b'using difference_type = std::ptrdiff_t;'
spdlog,../repos/spdlog/include/spdlog/fmt/bundled/compile.h,"(37, 3)-(37, 24)",b'using pointer = void;'
spdlog,../repos/spdlog/include/spdlog/fmt/bundled/compile.h,"(38, 3)-(38, 26)",b'using reference = void;'
spdlog,../repos/spdlog/include/spdlog/fmt/bundled/compile.h,"(58, 3)-(58, 78)",b'using value_type = typename truncating_iterat...'
spdlog,../repos/spdlog/include/spdlog/fmt/bundled/compile.h,"(130, 3)-(130, 26)",b'using char_type = Char;'
spdlog,../repos/spdlog/include/spdlog/fmt/bundled/compile.h,"(165, 3)-(166, 73)",b'using type =\n      remove_cvref_t<decltype(de...'
spdlog,../repos/spdlog/include/spdlog/fmt/bundled/compile.h,"(170, 1)-(170, 53)","b'using get_type = typename get_type_impl<N, T>...'"
spdlog,../repos/spdlog/include/spdlog/fmt/bundled/compile.h,"(176, 3)-(176, 26)",b'using char_type = Char;'
spdlog,../repos/spdlog/include/spdlog/fmt/bundled/compile.h,"(195, 3)-(195, 26)",b'using char_type = Char;'
spdlog,../repos/spdlog/include/spdlog/fmt/bundled/compile.h,"(219, 3)-(219, 26)",b'using char_type = Char;'
spdlog,../repos/spdlog/include/spdlog/fmt/bundled/compile.h,"(232, 3)-(232, 26)",b'using char_type = Char;'
spdlog,../repos/spdlog/include/spdlog/fmt/bundled/compile.h,"(264, 3)-(264, 26)",b'using char_type = Char;'
spdlog,../repos/spdlog/include/spdlog/fmt/bundled/compile.h,"(283, 3)-(283, 43)",b'using char_type = typename L::char_type;'
spdlog,../repos/spdlog/include/spdlog/fmt/bundled/compile.h,"(382, 3)-(382, 34)",b'using type = remove_cvref_t<T>;'
spdlog,../repos/spdlog/include/spdlog/fmt/bundled/compile.h,"(387, 3)-(387, 51)",b'using type = remove_cvref_t<decltype(T::value)>;'
spdlog,../repos/spdlog/include/spdlog/fmt/bundled/compile.h,"(393, 3)-(393, 43)",b'using char_type = typename S::char_type;'
spdlog,../repos/spdlog/include/spdlog/fmt/bundled/compile.h,"(421, 3)-(421, 43)",b'using char_type = typename S::char_type;'
spdlog,../repos/spdlog/include/spdlog/fmt/bundled/compile.h,"(601, 3)-(601, 56)",b'using char_t = remove_cvref_t<decltype(Str.da...'
spdlog,../repos/spdlog/include/spdlog/fmt/bundled/args.h,"(98, 3)-(101, 40)",b'using stored_type = conditional_t<\n      std:...'
spdlog,../repos/spdlog/include/spdlog/fmt/bundled/chrono.h,"(59, 3)-(59, 39)",b'using F = std::numeric_limits<From>;'
spdlog,../repos/spdlog/include/spdlog/fmt/bundled/chrono.h,"(60, 3)-(60, 37)",b'using T = std::numeric_limits<To>;'
spdlog,../repos/spdlog/include/spdlog/fmt/bundled/chrono.h,"(88, 3)-(88, 39)",b'using F = std::numeric_limits<From>;'
spdlog,../repos/spdlog/include/spdlog/fmt/bundled/chrono.h,"(89, 3)-(89, 37)",b'using T = std::numeric_limits<To>;'
spdlog,../repos/spdlog/include/spdlog/fmt/bundled/chrono.h,"(141, 3)-(141, 37)",b'using T = std::numeric_limits<To>;'
spdlog,../repos/spdlog/include/spdlog/fmt/bundled/chrono.h,"(175, 3)-(175, 59)","b'using From = std::chrono::duration<FromRep, F...'"
spdlog,../repos/spdlog/include/spdlog/fmt/bundled/chrono.h,"(189, 3)-(191, 62)",b'using IntermediateRep =\n      typename std::c...'
spdlog,../repos/spdlog/include/spdlog/fmt/bundled/chrono.h,"(226, 3)-(226, 59)","b'using From = std::chrono::duration<FromRep, F...'"
spdlog,../repos/spdlog/include/spdlog/fmt/bundled/chrono.h,"(252, 3)-(254, 62)",b'using IntermediateRep =\n      typename std::c...'
spdlog,../repos/spdlog/include/spdlog/fmt/bundled/chrono.h,"(283, 5)-(283, 81)",b'using common_t = typename std::common_type<In...'
spdlog,../repos/spdlog/include/spdlog/fmt/bundled/chrono.h,"(288, 3)-(288, 34)",b'using ToRep = typename To::rep;'
spdlog,../repos/spdlog/include/spdlog/fmt/bundled/chrono.h,"(352, 5)-(352, 31)",b'using code_unit = wchar_t;'
spdlog,../repos/spdlog/include/spdlog/fmt/bundled/chrono.h,"(354, 5)-(354, 32)",b'using code_unit = char32_t;'
spdlog,../repos/spdlog/include/spdlog/fmt/bundled/chrono.h,"(357, 5)-(357, 46)",b'using unit_t = codecvt_result<code_unit>;'
spdlog,../repos/spdlog/include/spdlog/fmt/bundled/chrono.h,"(418, 3)-(418, 51)",b'using iterator = std::ostreambuf_iterator<Char>;'
spdlog,../repos/spdlog/include/spdlog/fmt/bundled/chrono.h,"(1425, 3)-(1425, 18)",b'using type = T;'
spdlog,../repos/spdlog/include/spdlog/fmt/bundled/chrono.h,"(1429, 3)-(1429, 53)",b'using type = typename std::make_unsigned<T>::type;'
spdlog,../repos/spdlog/include/spdlog/fmt/bundled/chrono.h,"(1450, 3)-(1451, 74)",b'using CommonSecondsType =\n      typename std:...'
spdlog,../repos/spdlog/include/spdlog/fmt/bundled/chrono.h,"(1579, 3)-(1581, 79)",b'using rep =\n      conditional_t<std::is_integ...'
spdlog,../repos/spdlog/include/spdlog/fmt/bundled/chrono.h,"(1583, 3)-(1583, 46)",b'using seconds = std::chrono::duration<rep>;'
spdlog,../repos/spdlog/include/spdlog/fmt/bundled/chrono.h,"(1585, 3)-(1585, 63)",b'using milliseconds = std::chrono::duration<re...'
spdlog,../repos/spdlog/include/spdlog/fmt/bundled/chrono.h,"(1588, 3)-(1588, 55)",b'using char_type = typename FormatContext::cha...'
spdlog,../repos/spdlog/include/spdlog/fmt/bundled/chrono.h,"(1589, 3)-(1589, 57)","b'using tm_writer_type = tm_writer<OutputIt, ch...'"
spdlog,../repos/spdlog/include/spdlog/fmt/bundled/chrono.h,"(1673, 5)-(1676, 62)",b'using subsecond_precision = std::chrono::dura...'
spdlog,../repos/spdlog/include/spdlog/fmt/bundled/chrono.h,"(1839, 1)-(1839, 38)",b'using weekday = std::chrono::weekday;'
spdlog,../repos/spdlog/include/spdlog/fmt/bundled/chrono.h,"(1888, 3)-(1888, 46)",b'using arg_ref_type = detail::arg_ref<Char>;'
spdlog,../repos/spdlog/include/spdlog/fmt/bundled/chrono.h,"(1893, 3)-(1893, 55)","b'using duration = std::chrono::duration<Rep, P...'"
spdlog,../repos/spdlog/include/spdlog/fmt/bundled/chrono.h,"(1934, 3)-(1934, 72)",b'using iterator = typename basic_format_parse_...'
spdlog,../repos/spdlog/include/spdlog/fmt/bundled/core.h,"(300, 1)-(300, 64)",b'using conditional_t = typename std::condition...'
spdlog,../repos/spdlog/include/spdlog/fmt/bundled/core.h,"(301, 19)-(301, 73)",b'using bool_constant = std::integral_constant<...'
spdlog,../repos/spdlog/include/spdlog/fmt/bundled/core.h,"(303, 1)-(303, 68)",b'using remove_reference_t = typename std::remo...'
spdlog,../repos/spdlog/include/spdlog/fmt/bundled/core.h,"(305, 1)-(305, 60)",b'using remove_const_t = typename std::remove_c...'
spdlog,../repos/spdlog/include/spdlog/fmt/bundled/core.h,"(307, 1)-(307, 77)",b'using remove_cvref_t = typename std::remove_c...'
spdlog,../repos/spdlog/include/spdlog/fmt/bundled/core.h,"(308, 46)-(308, 61)",b'using type = T;'
spdlog,../repos/spdlog/include/spdlog/fmt/bundled/core.h,"(309, 23)-(309, 79)",b'using type_identity_t = typename type_identit...'
spdlog,../repos/spdlog/include/spdlog/fmt/bundled/core.h,"(311, 1)-(311, 61)",b'using underlying_t = typename std::underlying...'
spdlog,../repos/spdlog/include/spdlog/fmt/bundled/core.h,"(377, 26)-(377, 79)",b'using std_string_view = std::basic_string_vie...'
spdlog,../repos/spdlog/include/spdlog/fmt/bundled/core.h,"(380, 1)-(380, 68)",b'using std_string_view = std::experimental::ba...'
spdlog,../repos/spdlog/include/spdlog/fmt/bundled/core.h,"(390, 1)-(390, 31)",b'using int128_opt = __int128_t;'
spdlog,../repos/spdlog/include/spdlog/fmt/bundled/core.h,"(391, 1)-(391, 33)",b'using uint128_opt = __uint128_t;'
spdlog,../repos/spdlog/include/spdlog/fmt/bundled/core.h,"(417, 3)-(417, 31)",b'using uchar = unsigned char;'
spdlog,../repos/spdlog/include/spdlog/fmt/bundled/core.h,"(520, 1)-(520, 45)",b'using string_view = basic_string_view<char>;'
spdlog,../repos/spdlog/include/spdlog/fmt/bundled/core.h,"(571, 3)-(571, 62)",b'using result = decltype(to_string_view(std::d...'
spdlog,../repos/spdlog/include/spdlog/fmt/bundled/core.h,"(572, 3)-(572, 44)",b'using type = typename result::value_type;'
spdlog,../repos/spdlog/include/spdlog/fmt/bundled/core.h,"(662, 3)-(662, 26)",b'using char_type = Char;'
spdlog,../repos/spdlog/include/spdlog/fmt/bundled/core.h,"(663, 3)-(663, 63)",b'using iterator = typename basic_string_view<C...'
spdlog,../repos/spdlog/include/spdlog/fmt/bundled/core.h,"(724, 1)-(724, 63)",b'using format_parse_context = basic_format_par...'
spdlog,../repos/spdlog/include/spdlog/fmt/bundled/core.h,"(734, 3)-(734, 63)","b'using base = basic_format_parse_context<Char,...'"
spdlog,../repos/spdlog/include/spdlog/fmt/bundled/core.h,"(770, 5)-(770, 71)",b'using context = detail::compile_parse_context...'
spdlog,../repos/spdlog/include/spdlog/fmt/bundled/core.h,"(780, 5)-(780, 71)",b'using context = detail::compile_parse_context...'
spdlog,../repos/spdlog/include/spdlog/fmt/bundled/core.h,"(799, 1)-(800, 73)",b'using has_formatter =\n    std::is_constructib...'
spdlog,../repos/spdlog/include/spdlog/fmt/bundled/core.h,"(831, 3)-(831, 53)",b'using base = std::back_insert_iterator<Container>;'
spdlog,../repos/spdlog/include/spdlog/fmt/bundled/core.h,"(889, 3)-(889, 24)",b'using value_type = T;'
spdlog,../repos/spdlog/include/spdlog/fmt/bundled/core.h,"(890, 3)-(890, 36)",b'using const_reference = const T&;'
spdlog,../repos/spdlog/include/spdlog/fmt/bundled/core.h,"(1105, 1)-(1106, 77)",b'using buffer_appender = conditional_t<std::is...'
spdlog,../repos/spdlog/include/spdlog/fmt/bundled/core.h,"(1129, 1)-(1131, 56)",b'using has_fallback_formatter =\n#ifdef FMT_DEP...'
spdlog,../repos/spdlog/include/spdlog/fmt/bundled/core.h,"(1234, 3)-(1234, 62)",b'using parse_context = typename Context::parse...'
spdlog,../repos/spdlog/include/spdlog/fmt/bundled/core.h,"(1242, 3)-(1242, 49)",b'using char_type = typename Context::char_type;'
spdlog,../repos/spdlog/include/spdlog/fmt/bundled/core.h,"(1288, 5)-(1288, 42)",b'using value_type = remove_cvref_t<T>;'
spdlog,../repos/spdlog/include/spdlog/fmt/bundled/core.h,"(1312, 5)-(1313, 70)",b'using qualified_type =\n        conditional_t<...'
spdlog,../repos/spdlog/include/spdlog/fmt/bundled/core.h,"(1324, 1)-(1324, 61)","b'using long_type = conditional_t<long_short, i...'"
spdlog,../repos/spdlog/include/spdlog/fmt/bundled/core.h,"(1325, 1)-(1325, 76)","b'using ulong_type = conditional_t<long_short, ...'"
spdlog,../repos/spdlog/include/spdlog/fmt/bundled/core.h,"(1346, 3)-(1346, 49)",b'using char_type = typename Context::char_type;'
spdlog,../repos/spdlog/include/spdlog/fmt/bundled/core.h,"(1529, 1)-(1531, 48)",b'using mapped_type_constant =\n    type_constan...'
spdlog,../repos/spdlog/include/spdlog/fmt/bundled/core.h,"(1544, 3)-(1544, 64)",b'using base = std::back_insert_iterator<detail...'
spdlog,../repos/spdlog/include/spdlog/fmt/bundled/core.h,"(1579, 3)-(1579, 49)",b'using char_type = typename Context::char_type;'
spdlog,../repos/spdlog/include/spdlog/fmt/bundled/core.h,"(1653, 5)-(1653, 63)",b'using sv = basic_string_view<typename Context...'
spdlog,../repos/spdlog/include/spdlog/fmt/bundled/core.h,"(1678, 48)-(1678, 66)",b'using type = void;'
spdlog,../repos/spdlog/include/spdlog/fmt/bundled/core.h,"(1680, 1)-(1680, 58)",b'using void_t = typename detail::void_t_impl<T...'
spdlog,../repos/spdlog/include/spdlog/fmt/bundled/core.h,"(1682, 24)-(1682, 44)",b'using void_t = void;'
spdlog,../repos/spdlog/include/spdlog/fmt/bundled/core.h,"(1800, 3)-(1800, 61)",b'using format_arg = basic_format_arg<basic_for...'
spdlog,../repos/spdlog/include/spdlog/fmt/bundled/core.h,"(1801, 3)-(1801, 63)",b'using parse_context_type = basic_format_parse...'
spdlog,../repos/spdlog/include/spdlog/fmt/bundled/core.h,"(1802, 25)-(1802, 72)","b'using formatter_type = formatter<T, char_type>;'"
spdlog,../repos/spdlog/include/spdlog/fmt/bundled/core.h,"(1842, 1)-(1843, 63)",b'using buffer_context =\n    basic_format_conte...'
spdlog,../repos/spdlog/include/spdlog/fmt/bundled/core.h,"(1844, 1)-(1844, 45)",b'using format_context = buffer_context<char>;'
spdlog,../repos/spdlog/include/spdlog/fmt/bundled/core.h,"(1851, 1)-(1855, 54)",b'using is_formattable = bool_constant<\n    !st...'
spdlog,../repos/spdlog/include/spdlog/fmt/bundled/core.h,"(1876, 3)-(1877, 63)","b'using value_type = conditional_t<is_packed, d...'"
spdlog,../repos/spdlog/include/spdlog/fmt/bundled/core.h,"(1950, 3)-(1950, 25)",b'using size_type = int;'
spdlog,../repos/spdlog/include/spdlog/fmt/bundled/core.h,"(1951, 3)-(1951, 48)",b'using format_arg = basic_format_arg<Context>;'
spdlog,../repos/spdlog/include/spdlog/fmt/bundled/core.h,"(2062, 1)-(2062, 55)",b'using format_args = basic_format_args<format_...'
spdlog,../repos/spdlog/include/spdlog/fmt/bundled/core.h,"(2077, 1)-(2077, 29)",b'using align_t = align::type;'
spdlog,../repos/spdlog/include/spdlog/fmt/bundled/core.h,"(2081, 1)-(2081, 27)",b'using sign_t = sign::type;'
spdlog,../repos/spdlog/include/spdlog/fmt/bundled/core.h,"(2154, 1)-(2154, 47)",b'using format_specs = basic_format_specs<char>;'
spdlog,../repos/spdlog/include/spdlog/fmt/bundled/core.h,"(2236, 3)-(2236, 54)",b'using char_type = typename ParseContext::char...'
spdlog,../repos/spdlog/include/spdlog/fmt/bundled/core.h,"(2263, 3)-(2263, 43)",b'using arg_ref_type = arg_ref<char_type>;'
spdlog,../repos/spdlog/include/spdlog/fmt/bundled/core.h,"(2727, 3)-(2727, 18)",b'using type = T;'
spdlog,../repos/spdlog/include/spdlog/fmt/bundled/core.h,"(2730, 3)-(2730, 51)",b'using type = remove_cvref_t<decltype(T::value)>;'
spdlog,../repos/spdlog/include/spdlog/fmt/bundled/core.h,"(2736, 3)-(2736, 54)",b'using char_type = typename ParseContext::char...'
spdlog,../repos/spdlog/include/spdlog/fmt/bundled/core.h,"(2737, 3)-(2737, 45)",b'using context = buffer_context<char_type>;'
spdlog,../repos/spdlog/include/spdlog/fmt/bundled/core.h,"(2738, 3)-(2738, 59)",b'using stripped_type = typename strip_named_ar...'
spdlog,../repos/spdlog/include/spdlog/fmt/bundled/core.h,"(2739, 3)-(2742, 22)",b'using mapped_type = conditional_t<\n      mapp...'
spdlog,../repos/spdlog/include/spdlog/fmt/bundled/core.h,"(2940, 3)-(2940, 72)",b'using parse_context_type = compile_parse_cont...'
spdlog,../repos/spdlog/include/spdlog/fmt/bundled/core.h,"(2944, 3)-(2944, 59)",b'using parse_func = const Char* (*)(parse_cont...'
spdlog,../repos/spdlog/include/spdlog/fmt/bundled/core.h,"(3005, 3)-(3006, 66)",b'using checker = format_string_checker<typenam...'
spdlog,../repos/spdlog/include/spdlog/fmt/bundled/core.h,"(3040, 5)-(3040, 70)",b'using handler_type = detail::dynamic_specs_ha...'
spdlog,../repos/spdlog/include/spdlog/fmt/bundled/core.h,"(3157, 7)-(3158, 78)",b'using checker = detail::format_string_checker...'
spdlog,../repos/spdlog/include/spdlog/fmt/bundled/core.h,"(3172, 24)-(3172, 58)",b'using format_string = string_view;'
spdlog,../repos/spdlog/include/spdlog/fmt/bundled/core.h,"(3176, 1)-(3176, 75)",b'using format_string = basic_format_string<cha...'
spdlog,../repos/spdlog/include/spdlog/fmt/bundled/core.h,"(3249, 3)-(3249, 46)",b'using traits = detail::fixed_buffer_traits;'
spdlog,../repos/spdlog/include/spdlog/fmt/bundled/std.h,"(100, 1)-(101, 59)",b'using variant_index_sequence =\n    std::make_...'
spdlog,../repos/spdlog/include/spdlog/fmt/bundled/format.h,"(266, 3)-(266, 51)",b'using char_type = typename Streambuf::char_type;'
spdlog,../repos/spdlog/include/spdlog/fmt/bundled/format.h,"(267, 3)-(267, 76)",b'using streamsize = decltype(std::declval<Stre...'
spdlog,../repos/spdlog/include/spdlog/fmt/bundled/format.h,"(268, 3)-(268, 49)",b'using int_type = typename Streambuf::int_type;'
spdlog,../repos/spdlog/include/spdlog/fmt/bundled/format.h,"(269, 3)-(269, 55)",b'using traits_type = typename Streambuf::trait...'
spdlog,../repos/spdlog/include/spdlog/fmt/bundled/format.h,"(427, 1)-(427, 80)",b'using uint128_t = conditional_t<FMT_USE_INT12...'
spdlog,../repos/spdlog/include/spdlog/fmt/bundled/format.h,"(430, 1)-(430, 31)",b'using uintptr_t = ::uintptr_t;'
spdlog,../repos/spdlog/include/spdlog/fmt/bundled/format.h,"(432, 1)-(432, 29)",b'using uintptr_t = uint128_t;'
spdlog,../repos/spdlog/include/spdlog/fmt/bundled/format.h,"(475, 1)-(475, 61)",b'using iterator_t = decltype(std::begin(std::d...'
spdlog,../repos/spdlog/include/spdlog/fmt/bundled/format.h,"(476, 23)-(476, 81)",b'using sentinel_t = decltype(std::end(std::dec...'
spdlog,../repos/spdlog/include/spdlog/fmt/bundled/format.h,"(490, 23)-(490, 78)",b'using checked_ptr = stdext::checked_array_ite...'
spdlog,../repos/spdlog/include/spdlog/fmt/bundled/format.h,"(496, 23)-(496, 46)",b'using checked_ptr = T*;'
spdlog,../repos/spdlog/include/spdlog/fmt/bundled/format.h,"(530, 1)-(531, 73)",b'using reserve_iterator =\n    remove_reference...'
spdlog,../repos/spdlog/include/spdlog/fmt/bundled/format.h,"(575, 1)-(575, 28)",b'using char8_type = char8_t;'
spdlog,../repos/spdlog/include/spdlog/fmt/bundled/format.h,"(616, 3)-(616, 31)",b'using uchar = unsigned char;'
spdlog,../repos/spdlog/include/spdlog/fmt/bundled/format.h,"(748, 1)-(748, 29)",b'using float128 = __float128;'
spdlog,../repos/spdlog/include/spdlog/fmt/bundled/format.h,"(750, 1)-(750, 23)",b'using float128 = void;'
spdlog,../repos/spdlog/include/spdlog/fmt/bundled/format.h,"(752, 23)-(752, 69)","b'using is_float128 = std::is_same<T, float128>;'"
spdlog,../repos/spdlog/include/spdlog/fmt/bundled/format.h,"(755, 1)-(756, 78)",b'using is_floating_point =\n    bool_constant<s...'
spdlog,../repos/spdlog/include/spdlog/fmt/bundled/format.h,"(764, 1)-(764, 79)",b'using is_double_double = bool_constant<std::n...'
spdlog,../repos/spdlog/include/spdlog/fmt/bundled/format.h,"(836, 3)-(836, 24)",b'using value_type = T;'
spdlog,../repos/spdlog/include/spdlog/fmt/bundled/format.h,"(837, 3)-(837, 36)",b'using const_reference = const T&;'
spdlog,../repos/spdlog/include/spdlog/fmt/bundled/format.h,"(934, 1)-(934, 49)",b'using memory_buffer = basic_memory_buffer<char>;'
spdlog,../repos/spdlog/include/spdlog/fmt/bundled/format.h,"(994, 1)-(996, 74)",b'using is_signed =\n    std::integral_constant<...'
spdlog,../repos/spdlog/include/spdlog/fmt/bundled/format.h,"(1020, 1)-(1023, 76)",b'using uint32_or_64_or_128_t =\n    conditional...'
spdlog,../repos/spdlog/include/spdlog/fmt/bundled/format.h,"(1025, 1)-(1025, 81)",b'using uint64_or_128_t = conditional_t<num_bit...'
spdlog,../repos/spdlog/include/spdlog/fmt/bundled/format.h,"(1292, 3)-(1292, 33)",b'using carrier_uint = uint32_t;'
spdlog,../repos/spdlog/include/spdlog/fmt/bundled/format.h,"(1304, 3)-(1304, 33)",b'using carrier_uint = uint64_t;'
spdlog,../repos/spdlog/include/spdlog/fmt/bundled/format.h,"(1320, 3)-(1320, 42)",b'using carrier_uint = detail::uint128_t;'
spdlog,../repos/spdlog/include/spdlog/fmt/bundled/format.h,"(1327, 3)-(1327, 42)",b'using carrier_uint = detail::uint128_t;'
spdlog,../repos/spdlog/include/spdlog/fmt/bundled/format.h,"(1331, 3)-(1331, 65)",b'using significand_type = typename float_info<...'
spdlog,../repos/spdlog/include/spdlog/fmt/bundled/format.h,"(1357, 3)-(1357, 68)",b'using uint = typename dragonbox::float_info<F...'
spdlog,../repos/spdlog/include/spdlog/fmt/bundled/format.h,"(1408, 5)-(1408, 78)",b'using carrier_uint = typename dragonbox::floa...'
spdlog,../repos/spdlog/include/spdlog/fmt/bundled/format.h,"(1436, 1)-(1436, 41)",b'using fp = basic_fp<unsigned long long>;'
spdlog,../repos/spdlog/include/spdlog/fmt/bundled/format.h,"(1627, 1)-(1629, 30)",b'using convert_float_result =\n    conditional_...'
spdlog,../repos/spdlog/include/spdlog/fmt/bundled/format.h,"(1717, 1)-(1720, 59)",b'using make_unsigned_char =\n    typename condi...'
spdlog,../repos/spdlog/include/spdlog/fmt/bundled/format.h,"(1753, 7)-(1753, 78)",b'using char_type FMT_MAYBE_UNUSED = fmt::remov...'
spdlog,../repos/spdlog/include/spdlog/fmt/bundled/format.h,"(2143, 3)-(2143, 54)",b'using iterator_category = std::output_iterato...'
spdlog,../repos/spdlog/include/spdlog/fmt/bundled/format.h,"(2144, 3)-(2144, 42)",b'using difference_type = std::ptrdiff_t;'
spdlog,../repos/spdlog/include/spdlog/fmt/bundled/format.h,"(2145, 3)-(2145, 24)",b'using pointer = void;'
spdlog,../repos/spdlog/include/spdlog/fmt/bundled/format.h,"(2146, 3)-(2146, 26)",b'using reference = void;'
spdlog,../repos/spdlog/include/spdlog/fmt/bundled/format.h,"(2370, 3)-(2370, 47)",b'using iterator = reserve_iterator<OutputIt>;'
spdlog,../repos/spdlog/include/spdlog/fmt/bundled/format.h,"(2711, 3)-(2711, 26)",b'using bigit = uint32_t;'
spdlog,../repos/spdlog/include/spdlog/fmt/bundled/format.h,"(2712, 3)-(2712, 33)",b'using double_bigit = uint64_t;'
spdlog,../repos/spdlog/include/spdlog/fmt/bundled/format.h,"(2766, 5)-(2767, 81)",b'using half_uint =\n        conditional_t<std::...'
spdlog,../repos/spdlog/include/spdlog/fmt/bundled/format.h,"(3121, 5)-(3121, 67)",b'using info = dragonbox::float_info<decltype(c...'
spdlog,../repos/spdlog/include/spdlog/fmt/bundled/format.h,"(3250, 3)-(3250, 80)","b'using floaty = conditional_t<std::is_same<T, ...'"
spdlog,../repos/spdlog/include/spdlog/fmt/bundled/format.h,"(3251, 3)-(3251, 69)",b'using uint = typename dragonbox::float_info<f...'
spdlog,../repos/spdlog/include/spdlog/fmt/bundled/format.h,"(3355, 3)-(3358, 50)",b'using formatter_type =\n      conditional_t<ha...'
spdlog,../repos/spdlog/include/spdlog/fmt/bundled/format.h,"(3366, 3)-(3366, 42)",b'using iterator = buffer_appender<Char>;'
spdlog,../repos/spdlog/include/spdlog/fmt/bundled/format.h,"(3367, 3)-(3367, 40)",b'using context = buffer_context<Char>;'
spdlog,../repos/spdlog/include/spdlog/fmt/bundled/format.h,"(3385, 3)-(3385, 42)",b'using iterator = buffer_appender<Char>;'
spdlog,../repos/spdlog/include/spdlog/fmt/bundled/format.h,"(3386, 3)-(3386, 40)",b'using context = buffer_context<Char>;'
spdlog,../repos/spdlog/include/spdlog/fmt/bundled/format.h,"(3415, 1)-(3418, 53)",b'using is_integer =\n    bool_constant<is_integ...'
spdlog,../repos/spdlog/include/spdlog/fmt/bundled/format.h,"(3483, 3)-(3483, 61)",b'using format_arg = basic_format_arg<buffer_co...'
spdlog,../repos/spdlog/include/spdlog/fmt/bundled/format.h,"(3592, 1)-(3592, 71)",b'using format_func = void (*)(detail::buffer<c...'
spdlog,../repos/spdlog/include/spdlog/fmt/bundled/format.h,"(3857, 5)-(3857, 70)",b'using handler_type = detail::dynamic_specs_ha...'
spdlog,../repos/spdlog/include/spdlog/fmt/bundled/format.h,"(3900, 5)-(3900, 70)",b'using handler_type = detail::dynamic_specs_ha...'
spdlog,../repos/spdlog/include/spdlog/fmt/bundled/format.h,"(3940, 3)-(3940, 40)",b'using context = buffer_context<Char>;'
spdlog,../repos/spdlog/include/spdlog/fmt/bundled/format.h,"(3941, 3)-(3941, 46)",b'using mapper = detail::arg_mapper<context>;'
spdlog,../repos/spdlog/include/spdlog/fmt/bundled/format.h,"(3952, 3)-(3957, 67)",b'using formatter_type =\n      conditional_t<is...'
spdlog,../repos/spdlog/include/spdlog/fmt/bundled/format.h,"(4164, 3)-(4164, 56)",b'using char_t = remove_cvref_t<decltype(Str.da...'
spdlog,../repos/spdlog/include/spdlog/fmt/bundled/format-inl.h,"(294, 3)-(294, 56)",b'using carrier_uint = float_info<float>::carri...'
spdlog,../repos/spdlog/include/spdlog/fmt/bundled/format-inl.h,"(295, 3)-(295, 37)",b'using cache_entry_type = uint64_t;'
spdlog,../repos/spdlog/include/spdlog/fmt/bundled/format-inl.h,"(385, 3)-(385, 57)",b'using carrier_uint = float_info<double>::carr...'
spdlog,../repos/spdlog/include/spdlog/fmt/bundled/format-inl.h,"(386, 3)-(386, 45)",b'using cache_entry_type = uint128_fallback;'
spdlog,../repos/spdlog/include/spdlog/fmt/bundled/format-inl.h,"(1234, 3)-(1234, 73)",b'using cache_entry_type = typename cache_acces...'
spdlog,../repos/spdlog/include/spdlog/fmt/bundled/format-inl.h,"(1276, 3)-(1276, 61)",b'using carrier_uint = typename float_info<T>::...'
spdlog,../repos/spdlog/include/spdlog/fmt/bundled/format-inl.h,"(1277, 3)-(1277, 73)",b'using cache_entry_type = typename cache_acces...'
spdlog,../repos/spdlog/include/spdlog/fmt/bundled/format-inl.h,"(1478, 1)-(1478, 73)",b'using dword = conditional_t<sizeof(long) == 4...'
spdlog,../repos/spdlog/include/spdlog/spdlog.h,"(25, 1)-(25, 45)",b'using default_factory = synchronous_factory;'
spdlog,../repos/spdlog/tests/test_circular_q.cpp,"(4, 1)-(4, 52)",b'using q_type = spdlog::details::circular_q<si...'
spdlog,../repos/spdlog/tests/test_mpmc_q.cpp,"(4, 1)-(4, 55)",b'using test_clock = std::chrono::high_resoluti...'
spdlog,../repos/spdlog/tests/test_stopwatch.cpp,"(7, 5)-(7, 45)",b'using clock = std::chrono::steady_clock;'
spdlog,../repos/spdlog/tests/test_stopwatch.cpp,"(23, 5)-(23, 45)",b'using clock = std::chrono::steady_clock;'
spdlog,../repos/spdlog/tests/test_daily_logger.cpp,"(8, 1)-(8, 81)",b'using filename_memory_buf_t = std::basic_stri...'
spdlog,../repos/spdlog/tests/test_daily_logger.cpp,"(10, 1)-(10, 93)",b'using filename_memory_buf_t = fmt::basic_memo...'
spdlog,../repos/spdlog/tests/test_daily_logger.cpp,"(26, 5)-(27, 94)",b'using sink_type =\n        spdlog::sinks::dail...'
spdlog,../repos/spdlog/tests/test_daily_logger.cpp,"(59, 5)-(59, 101)",b'using sink_type = spdlog::sinks::daily_file_s...'
spdlog,../repos/spdlog/tests/test_sink.h,"(65, 1)-(65, 44)",b'using test_sink_mt = test_sink<std::mutex>;'
spdlog,../repos/spdlog/tests/test_sink.h,"(66, 1)-(66, 53)",b'using test_sink_st = test_sink<details::null_...'
