Repo name,File name,Location,Content
crypto,../repos/openssl/crypto/bn/bn_exp.c,"(547, 5)-(547, 13)",b'volatile BN_ULONG *table = (volatile BN_ULONG...'
crypto,../repos/openssl/crypto/bn/bn_exp.c,"(547, 33)-(547, 41)",b'volatile BN_ULONG *'
crypto,../repos/openssl/crypto/bn/bn_mod.c,"(90, 11)-(90, 19)",b'volatile BN_ULONG *'
crypto,../repos/openssl/crypto/bn/bn_asm.c,"(859, 5)-(859, 13)",b'volatile BN_ULONG *vp;'
crypto,../repos/openssl/crypto/bn/bn_asm.c,"(997, 5)-(997, 13)",b'volatile BN_ULONG *vp;'
crypto,../repos/openssl/crypto/cpuid.c,"(187, 11)-(187, 19)",b'const volatile unsigned char *a = in_a;'
crypto,../repos/openssl/crypto/cpuid.c,"(188, 11)-(188, 19)",b'const volatile unsigned char *b = in_b;'
crypto,../repos/openssl/crypto/aes/aes_x86core.c,"(66, 5)-(66, 13)","b'volatile unsigned long *t = (void *)table, ret;'"
crypto,../repos/openssl/crypto/dh/dh_key.c,"(117, 5)-(117, 13)","b'volatile size_t npad = 0, mask = 1;'"
crypto,../repos/openssl/crypto/mem_clr.c,"(20, 8)-(20, 16)",b'static volatile memset_t memset_func = memset;'
crypto,../repos/openssl/crypto/ui/ui_openssl.c,"(273, 8)-(273, 16)",b'static volatile sig_atomic_t intr_signal;'
crypto,../repos/openssl/crypto/threads_win.c,"(136, 10)-(136, 18)",b'LONG volatile *lock = (LONG *)once;'
crypto,../repos/openssl/crypto/threads_win.c,"(215, 46)-(215, 54)",b'long volatile *'
crypto,../repos/openssl/crypto/threads_win.c,"(233, 46)-(233, 54)",b'LONG64 volatile *'
crypto,../repos/openssl/crypto/threads_win.c,"(249, 46)-(249, 54)",b'LONG64 volatile *'
crypto,../repos/openssl/crypto/threads_win.c,"(266, 37)-(266, 45)",b'LONG volatile *'
crypto,../repos/openssl/crypto/threads_pthread.c,"(207, 35)-(207, 43)",b'volatile unsigned int *'
crypto,../repos/openssl/crypto/armcap.c,"(238, 56)-(238, 64)",b'volatile unsigned int value'
