Repo name,File name,Location,Content
crypto,../repos/openssl/crypto/cryptlib.c,"(106, 23)-(106, 46)","b'OPENSSL_showfatal(const char *fmta, ...)'"
crypto,../repos/openssl/crypto/cryptlib.c,"(238, 23)-(238, 46)","b'OPENSSL_showfatal(const char *fmta, ...)'"
crypto,../repos/openssl/crypto/store/store_lib.c,"(248, 20)-(248, 55)","b'OSSL_STORE_ctrl(OSSL_STORE_CTX *ctx, int cmd, ...)'"
crypto,../repos/openssl/crypto/rand/randfile.c,"(72, 39)-(72, 72)","b'(*const vms_fopen)(const char *, const char *...'"
crypto,../repos/openssl/crypto/rand/randfile.c,"(73, 26)-(73, 59)","b'(*)(const char *, const char *, ...)'"
crypto,../repos/openssl/crypto/err/err_blocks.c,"(40, 19)-(40, 62)","b'ERR_set_error(int lib, int reason, const char...'"
crypto,../repos/openssl/crypto/err/err.c,"(812, 24)-(812, 38)","b'ERR_add_error_data(int num, ...)'"
crypto,../repos/openssl/crypto/evp/evp_lib.c,"(1197, 28)-(1198, 51)","b'EVP_PKEY_Q_keygen(OSSL_LIB_CTX *libctx, const...'"
crypto,../repos/openssl/crypto/bio/bio_print.c,"(878, 15)-(878, 50)","b'BIO_printf(BIO *bio, const char *format, ...)'"
crypto,../repos/openssl/crypto/bio/bio_print.c,"(924, 17)-(924, 63)","b'BIO_snprintf(char *buf, size_t n, const char ...'"
crypto,../repos/openssl/crypto/cmp/cmp_local.h,"(789, 23)-(791, 71)","b'ossl_cmp_print_log(OSSL_CMP_severity level, c...'"
crypto,../repos/openssl/crypto/cmp/cmp_ctx.c,"(342, 23)-(344, 71)","b'ossl_cmp_print_log(OSSL_CMP_severity level, c...'"
