Repo name,File name,Location,Content
crypto,../repos/openssl/crypto/bn/bn_lib.c,"(152, 1)-(176, 2)",b'static ossl_inline\nint bn_num_bits_consttime(...'
crypto,../repos/openssl/crypto/bn/bn_gf2m.c,"(292, 1)-(382, 2)","b'int BN_GF2m_mod_arr(BIGNUM *r, const BIGNUM *...'"
crypto,../repos/openssl/crypto/bn/bn_rsa_fips186_4.c,"(275, 1)-(406, 2)",b'int ossl_bn_rsa_fips186_4_derive_prime(BIGNUM...'
crypto,../repos/openssl/crypto/bn/rsaz_exp_x2.c,"(288, 1)-(519, 2)","b'int RSAZ_mod_exp_x2_ifma256(BN_ULONG *out,\n  ...'"
crypto,../repos/openssl/crypto/encode_decode/encoder_lib.c,"(389, 1)-(672, 2)",b'static int encoder_process(struct encoder_pro...'
crypto,../repos/openssl/crypto/provider_child.c,"(92, 1)-(155, 2)",b'static int provider_create_child_cb(const OSS...'
crypto,../repos/openssl/crypto/x509/x509_vfy.c,"(462, 1)-(507, 2)","b'static int check_purpose(X509_STORE_CTX *ctx,...'"
crypto,../repos/openssl/crypto/x509/x509_vfy.c,"(513, 1)-(684, 2)",b'static int check_extensions(X509_STORE_CTX *c...'
crypto,../repos/openssl/crypto/x509/x509_vfy.c,"(2314, 1)-(2321, 2)",b'int X509_STORE_CTX_set_trust(X509_STORE_CTX *...'
crypto,../repos/openssl/crypto/x509/x509_vfy.c,"(3204, 1)-(3549, 2)",b'static int build_chain(X509_STORE_CTX *ctx)\n{...'
crypto,../repos/openssl/crypto/x509/v3_asid.c,"(366, 1)-(503, 2)",b'static int ASIdentifierChoice_canonize(ASIden...'
crypto,../repos/openssl/crypto/x509/v3_utl.c,"(742, 1)-(803, 2)",b'static const unsigned char *valid_star(const ...'
crypto,../repos/openssl/crypto/x509/v3_utl.c,"(1185, 1)-(1247, 2)","b'static int ipv6_from_asc(unsigned char *v6, c...'"
crypto,../repos/openssl/crypto/x509/v3_utl.c,"(1249, 1)-(1283, 2)","b'static int ipv6_cb(const char *elem, int len,...'"
crypto,../repos/openssl/crypto/x509/x509_vpm.c,"(36, 1)-(80, 2)",b'static int int_x509_param_set_hosts(X509_VERI...'
crypto,../repos/openssl/crypto/x509/v3_addr.c,"(833, 1)-(906, 2)",b'static int IPAddressOrRanges_canonize(IPAddre...'
crypto,../repos/openssl/crypto/rand/rand_lib.c,"(534, 1)-(621, 2)",b'static EVP_RAND_CTX *rand_new_seed(OSSL_LIB_C...'
crypto,../repos/openssl/crypto/rand/randfile.c,"(84, 1)-(179, 2)","b'int RAND_load_file(const char *file, long byt...'"
crypto,../repos/openssl/crypto/rand/randfile.c,"(181, 1)-(256, 2)",b'int RAND_write_file(const char *file)\n{\n    u...'
crypto,../repos/openssl/crypto/rsa/rsa_backend.c,"(346, 1)-(447, 2)",b'int ossl_rsa_pss_params_30_fromdata(RSA_PSS_P...'
crypto,../repos/openssl/crypto/rsa/rsa_pss.c,"(154, 1)-(270, 2)","b'int RSA_padding_add_PKCS1_PSS_mgf1(RSA *rsa, ...'"
crypto,../repos/openssl/crypto/modes/siv128.c,"(89, 1)-(126, 2)",b'__owur static ossl_inline int siv128_do_s2v_p...'
crypto,../repos/openssl/crypto/modes/siv128.c,"(163, 1)-(216, 2)","b'int ossl_siv128_init(SIV128_CONTEXT *ctx, con...'"
crypto,../repos/openssl/crypto/modes/siv128.c,"(246, 1)-(268, 2)","b'int ossl_siv128_aad(SIV128_CONTEXT *ctx, cons...'"
crypto,../repos/openssl/crypto/modes/siv128.c,"(273, 1)-(295, 2)","b'int ossl_siv128_encrypt(SIV128_CONTEXT *ctx,\n...'"
crypto,../repos/openssl/crypto/modes/siv128.c,"(300, 1)-(331, 2)","b'int ossl_siv128_decrypt(SIV128_CONTEXT *ctx,\n...'"
crypto,../repos/openssl/crypto/modes/siv128.c,"(336, 1)-(339, 2)",b'int ossl_siv128_finish(SIV128_CONTEXT *ctx)\n{...'
crypto,../repos/openssl/crypto/modes/siv128.c,"(370, 1)-(385, 2)",b'int ossl_siv128_cleanup(SIV128_CONTEXT *ctx)\n...'
crypto,../repos/openssl/crypto/modes/wrap128.c,"(183, 1)-(234, 2)","b'size_t CRYPTO_128_wrap_pad(void *key, const u...'"
crypto,../repos/openssl/crypto/modes/gcm128.c,"(768, 1)-(991, 2)",b'int CRYPTO_gcm128_encrypt(GCM128_CONTEXT *ctx...'
crypto,../repos/openssl/crypto/modes/gcm128.c,"(993, 1)-(1224, 2)",b'int CRYPTO_gcm128_decrypt(GCM128_CONTEXT *ctx...'
crypto,../repos/openssl/crypto/modes/gcm128.c,"(1226, 1)-(1378, 2)",b'int CRYPTO_gcm128_encrypt_ctr32(GCM128_CONTEX...'
crypto,../repos/openssl/crypto/modes/gcm128.c,"(1380, 1)-(1539, 2)",b'int CRYPTO_gcm128_decrypt_ctr32(GCM128_CONTEX...'
crypto,../repos/openssl/crypto/cms/cms_lib.c,"(216, 1)-(266, 2)","b'int ossl_cms_DataFinal(CMS_ContentInfo *cms, ...'"
crypto,../repos/openssl/crypto/cms/cms_dd.c,"(59, 1)-(102, 2)",b'int ossl_cms_DigestedData_do_final(const CMS_...'
crypto,../repos/openssl/crypto/cms/cms_sd.c,"(804, 1)-(821, 2)",b'int ossl_cms_SignedData_final(CMS_ContentInfo...'
crypto,../repos/openssl/crypto/cms/cms_smime.c,"(121, 1)-(134, 2)","b'CMS_ContentInfo *CMS_data_create_ex(BIO *in, ...'"
crypto,../repos/openssl/crypto/cms/cms_smime.c,"(141, 1)-(164, 2)","b'int CMS_digest_verify(CMS_ContentInfo *cms, B...'"
crypto,../repos/openssl/crypto/cms/cms_smime.c,"(166, 1)-(190, 2)",b'CMS_ContentInfo *CMS_digest_create_ex(BIO *in...'
crypto,../repos/openssl/crypto/cms/cms_smime.c,"(223, 1)-(250, 2)",b'CMS_ContentInfo *CMS_EncryptedData_encrypt_ex...'
crypto,../repos/openssl/crypto/cms/cms_smime.c,"(890, 1)-(918, 2)","b'int CMS_final(CMS_ContentInfo *cms, BIO *data...'"
crypto,../repos/openssl/crypto/cms/cms_smime.c,"(920, 1)-(943, 2)","b'int CMS_final_digest(CMS_ContentInfo *cms,\n  ...'"
crypto,../repos/openssl/crypto/cms/cms_smime.c,"(969, 1)-(987, 2)","b'CMS_ContentInfo *CMS_compress(BIO *in, int co...'"
crypto,../repos/openssl/crypto/cms/cms_env.c,"(1172, 1)-(1207, 2)",b'static BIO *cms_EnvelopedData_Encryption_init...'
crypto,../repos/openssl/crypto/cms/cms_env.c,"(1220, 1)-(1259, 2)",b'BIO *ossl_cms_AuthEnvelopedData_init_bio(CMS_...'
crypto,../repos/openssl/crypto/cms/cms_env.c,"(1261, 1)-(1301, 2)",b'int ossl_cms_EnvelopedData_final(CMS_ContentI...'
crypto,../repos/openssl/crypto/cms/cms_env.c,"(1303, 1)-(1334, 2)",b'int ossl_cms_AuthEnvelopedData_final(CMS_Cont...'
crypto,../repos/openssl/crypto/http/http_client.c,"(532, 1)-(890, 2)",b'int OSSL_HTTP_REQ_CTX_nbio(OSSL_HTTP_REQ_CTX ...'
crypto,../repos/openssl/crypto/ct/ct_prn.c,"(29, 1)-(48, 2)",b'static void timestamp_print(uint64_t timestam...'
crypto,../repos/openssl/crypto/property/property_query.c,"(67, 1)-(81, 2)",b'int ossl_property_is_enabled(OSSL_LIB_CTX *ct...'
crypto,../repos/openssl/crypto/ec/ecp_nistp224.c,"(526, 1)-(588, 2)","b'static void felem_reduce(felem out, const wid...'"
crypto,../repos/openssl/crypto/ec/ecp_nistp521.c,"(1205, 1)-(1392, 2)","b'static void point_add(felem x3, felem y3, fel...'"
crypto,../repos/openssl/crypto/ec/ecp_nistp384.c,"(855, 1)-(981, 2)","b'static void felem_contract(felem out, const f...'"
crypto,../repos/openssl/crypto/ec/ec_mult.c,"(139, 1)-(379, 2)",b'int ossl_ec_scalar_mul_ladder(const EC_GROUP ...'
crypto,../repos/openssl/crypto/sha/sha3.c,"(97, 1)-(122, 2)","b'int ossl_sha3_final(KECCAK1600_CTX *ctx, unsi...'"
crypto,../repos/openssl/crypto/sha/sha3.c,"(134, 1)-(201, 2)","b'int ossl_sha3_squeeze(KECCAK1600_CTX *ctx, un...'"
crypto,../repos/openssl/crypto/sha/keccak1600.c,"(1163, 1)-(1259, 2)",b'int main(void)\n{\n    /*\n     * This is 5-bit ...'
crypto,../repos/openssl/crypto/sha/sha1dgst.c,"(28, 1)-(80, 2)","b'int ossl_sha1_ctrl(SHA_CTX *sha1, int cmd, in...'"
crypto,../repos/openssl/crypto/md5/md5_sha1.c,"(34, 1)-(39, 2)","b'int ossl_md5_sha1_final(unsigned char *md, MD...'"
crypto,../repos/openssl/crypto/md5/md5_sha1.c,"(41, 1)-(108, 2)","b'int ossl_md5_sha1_ctrl(MD5_SHA1_CTX *mctx, in...'"
crypto,../repos/openssl/crypto/pkcs7/pk7_smime.c,"(74, 1)-(99, 2)","b'int PKCS7_final(PKCS7 *p7, BIO *data, int fla...'"
crypto,../repos/openssl/crypto/siphash/siphash.c,"(197, 1)-(255, 2)","b'int SipHash_Final(SIPHASH *ctx, unsigned char...'"
crypto,../repos/openssl/crypto/asn1/ameth_lib.c,"(81, 1)-(104, 2)",b'const EVP_PKEY_ASN1_METHOD *EVP_PKEY_asn1_fin...'
crypto,../repos/openssl/crypto/asn1/tasn_dec.c,"(698, 1)-(827, 2)",b'static int asn1_d2i_ex_primitive(ASN1_VALUE *...'
crypto,../repos/openssl/crypto/asn1/a_time.c,"(76, 1)-(265, 2)","b'int ossl_asn1_time_to_tm(struct tm *tm, const...'"
crypto,../repos/openssl/crypto/asn1/tasn_utl.c,"(224, 1)-(288, 2)",b'const ASN1_TEMPLATE *ossl_asn1_do_adb(const A...'
crypto,../repos/openssl/crypto/asn1/asn_mime.c,"(341, 1)-(389, 2)","b'static int asn1_output_data(BIO *out, BIO *da...'"
crypto,../repos/openssl/crypto/comp/c_brotli.c,"(149, 1)-(182, 2)",b'static ossl_ssize_t brotli_stateful_compress_...'
crypto,../repos/openssl/crypto/comp/c_zstd.c,"(185, 1)-(242, 2)",b'static ossl_ssize_t zstd_stateful_compress_bl...'
crypto,../repos/openssl/crypto/evp/evp_enc.c,"(720, 1)-(804, 2)","b'int EVP_EncryptFinal_ex(EVP_CIPHER_CTX *ctx, ...'"
crypto,../repos/openssl/crypto/evp/evp_enc.c,"(806, 1)-(931, 2)","b'int EVP_DecryptUpdate(EVP_CIPHER_CTX *ctx, un...'"
crypto,../repos/openssl/crypto/evp/evp_enc.c,"(940, 1)-(1040, 2)","b'int EVP_DecryptFinal_ex(EVP_CIPHER_CTX *ctx, ...'"
crypto,../repos/openssl/crypto/evp/evp_enc.c,"(1565, 1)-(1701, 2)",b'static void *evp_cipher_from_algorithm(const ...'
crypto,../repos/openssl/crypto/evp/signature.c,"(39, 1)-(274, 2)",b'static void *evp_signature_from_algorithm(int...'
crypto,../repos/openssl/crypto/evp/m_null.c,"(27, 1)-(30, 2)","b'static int final(EVP_MD_CTX *ctx, unsigned ch...'"
crypto,../repos/openssl/crypto/evp/e_des3.c,"(318, 1)-(360, 2)",b'static int des_ede3_unwrap(EVP_CIPHER_CTX *ct...'
crypto,../repos/openssl/crypto/evp/e_chacha20_poly1305.c,"(364, 1)-(486, 2)",b'static int chacha20_poly1305_cipher(EVP_CIPHE...'
crypto,../repos/openssl/crypto/evp/mac_meth.c,"(57, 1)-(164, 2)",b'static void *evp_mac_from_algorithm(int name_...'
crypto,../repos/openssl/crypto/evp/keymgmt_lib.c,"(440, 1)-(506, 2)","b'int evp_keymgmt_util_copy(EVP_PKEY *to, EVP_P...'"
crypto,../repos/openssl/crypto/evp/e_aes_cbc_hmac_sha256.c,"(155, 1)-(419, 2)",b'static size_t tls1_1_multi_block_encrypt(EVP_...'
crypto,../repos/openssl/crypto/evp/digest.c,"(43, 1)-(73, 2)","b'void evp_md_ctx_clear_digest(EVP_MD_CTX *ctx,...'"
crypto,../repos/openssl/crypto/evp/digest.c,"(441, 1)-(503, 2)","b'int EVP_DigestFinal_ex(EVP_MD_CTX *ctx, unsig...'"
crypto,../repos/openssl/crypto/evp/digest.c,"(506, 1)-(560, 2)","b'int EVP_DigestFinalXOF(EVP_MD_CTX *ctx, unsig...'"
crypto,../repos/openssl/crypto/evp/digest.c,"(1005, 1)-(1134, 2)",b'static void *evp_md_from_algorithm(int name_i...'
crypto,../repos/openssl/crypto/evp/mac_lib.c,"(126, 1)-(169, 2)","b'static int evp_mac_final(EVP_MAC_CTX *ctx, in...'"
crypto,../repos/openssl/crypto/evp/mac_lib.c,"(171, 1)-(175, 2)","b'int EVP_MAC_final(EVP_MAC_CTX *ctx,\n         ...'"
crypto,../repos/openssl/crypto/evp/mac_lib.c,"(177, 1)-(180, 2)","b'int EVP_MAC_finalXOF(EVP_MAC_CTX *ctx, unsign...'"
crypto,../repos/openssl/crypto/evp/mac_lib.c,"(239, 1)-(300, 2)",b'unsigned char *EVP_Q_mac(OSSL_LIB_CTX *libctx...'
crypto,../repos/openssl/crypto/evp/m_sigver.c,"(473, 1)-(577, 2)","b'int EVP_DigestSignFinal(EVP_MD_CTX *ctx, unsi...'"
crypto,../repos/openssl/crypto/evp/m_sigver.c,"(612, 1)-(686, 2)","b'int EVP_DigestVerifyFinal(EVP_MD_CTX *ctx, co...'"
crypto,../repos/openssl/crypto/evp/e_aes.c,"(3699, 1)-(3756, 2)",b'static int aes_wrap_cipher(EVP_CIPHER_CTX *ct...'
crypto,../repos/openssl/crypto/evp/bio_ok.c,"(319, 1)-(403, 2)","b'static long ok_ctrl(BIO *b, int cmd, long num...'"
crypto,../repos/openssl/crypto/evp/bio_enc.c,"(104, 1)-(230, 2)","b'static int enc_read(BIO *b, char *out, int ou...'"
crypto,../repos/openssl/crypto/evp/bio_enc.c,"(292, 1)-(393, 2)","b'static long enc_ctrl(BIO *b, int cmd, long nu...'"
crypto,../repos/openssl/crypto/evp/p_lib.c,"(127, 1)-(224, 2)","b'int EVP_PKEY_copy_parameters(EVP_PKEY *to, co...'"
crypto,../repos/openssl/crypto/evp/evp_lib.c,"(403, 1)-(435, 2)","b'int EVP_Cipher(EVP_CIPHER_CTX *ctx, unsigned ...'"
crypto,../repos/openssl/crypto/evp/evp_lib.c,"(930, 1)-(938, 2)","b'int EVP_MD_meth_set_final(EVP_MD *md, int (*f...'"
crypto,../repos/openssl/crypto/evp/evp_lib.c,"(992, 1)-(996, 2)",b'int (*EVP_MD_meth_get_final(const EVP_MD *md)...'
crypto,../repos/openssl/crypto/evp/e_aes_cbc_hmac_sha1.c,"(161, 1)-(406, 2)",b'static size_t tls1_1_multi_block_encrypt(EVP_...'
crypto,../repos/openssl/crypto/evp/bio_b64.c,"(434, 1)-(518, 2)","b'static long b64_ctrl(BIO *b, int cmd, long nu...'"
crypto,../repos/openssl/crypto/engine/eng_openssl.c,"(342, 1)-(348, 2)","b'static int test_sha1_final(EVP_MD_CTX *ctx, u...'"
crypto,../repos/openssl/crypto/engine/eng_openssl.c,"(351, 1)-(371, 2)",b'static const EVP_MD *test_sha_md(void)\n{\n    ...'
crypto,../repos/openssl/crypto/cmac/cmac.c,"(162, 1)-(229, 2)","b'int CMAC_Update(CMAC_CTX *ctx, const void *in...'"
crypto,../repos/openssl/crypto/cmac/cmac.c,"(262, 1)-(274, 2)",b'int CMAC_resume(CMAC_CTX *ctx)\n{\n    if (ctx-...'
crypto,../repos/openssl/crypto/bio/bss_dgram.c,"(1155, 1)-(1282, 2)","b'static int pack_local(BIO *b, MSGHDR_TYPE *mh...'"
crypto,../repos/openssl/crypto/cmp/cmp_client.c,"(139, 1)-(260, 2)",b'static int send_receive_check(OSSL_CMP_CTX *c...'
crypto,../repos/openssl/crypto/cmp/cmp_client.c,"(278, 1)-(393, 2)",b'static int poll_for_response(OSSL_CMP_CTX *ct...'
crypto,../repos/openssl/crypto/cmp/cmp_client.c,"(395, 1)-(409, 2)",b'static int save_senderNonce_if_waiting(OSSL_C...'
crypto,../repos/openssl/crypto/cmp/cmp_msg.c,"(271, 1)-(374, 2)",b'OSSL_CRMF_MSG *OSSL_CMP_CTX_setup_CRM(OSSL_CM...'
crypto,../repos/openssl/crypto/cmp/cmp_vfy.c,"(703, 1)-(874, 2)",b'int ossl_cmp_msg_check_update(OSSL_CMP_CTX *c...'
