Repo name,File name,Location,Content
crypto,../repos/openssl/crypto/bn/bn_dh.c,"(1007, 37)-(1007, 39)",b'extern const BIGNUM ossl_bignum_##x; \\\n    co...'
crypto,../repos/openssl/crypto/bn/bn_dh.c,"(1007, 73)-(1007, 75)",b'extern const BIGNUM ossl_bignum_##x; \\\n    co...'
crypto,../repos/openssl/crypto/bn/bn_srp.c,"(20, 38)-(20, 40)",b'((a1##UI64<<48)|(a2##UI64<<32)|(a3##UI64<<16)...'
crypto,../repos/openssl/crypto/bn/bn_srp.c,"(20, 53)-(20, 55)",b'((a1##UI64<<48)|(a2##UI64<<32)|(a3##UI64<<16)...'
crypto,../repos/openssl/crypto/bn/bn_srp.c,"(20, 68)-(20, 70)",b'((a1##UI64<<48)|(a2##UI64<<32)|(a3##UI64<<16)...'
crypto,../repos/openssl/crypto/bn/bn_srp.c,"(20, 82)-(20, 84)",b'((a1##UI64<<48)|(a2##UI64<<32)|(a3##UI64<<16)...'
crypto,../repos/openssl/crypto/bn/bn_srp.c,"(22, 38)-(22, 40)",b'((a1##UL<<48)|(a2##UL<<32)|(a3##UL<<16)|a4##UL)'
crypto,../repos/openssl/crypto/bn/bn_srp.c,"(22, 51)-(22, 53)",b'((a1##UL<<48)|(a2##UL<<32)|(a3##UL<<16)|a4##UL)'
crypto,../repos/openssl/crypto/bn/bn_srp.c,"(22, 64)-(22, 66)",b'((a1##UL<<48)|(a2##UL<<32)|(a3##UL<<16)|a4##UL)'
crypto,../repos/openssl/crypto/bn/bn_srp.c,"(22, 76)-(22, 78)",b'((a1##UL<<48)|(a2##UL<<32)|(a3##UL<<16)|a4##UL)'
crypto,../repos/openssl/crypto/bn/bn_srp.c,"(24, 38)-(24, 40)",b'((a1##ULL<<48)|(a2##ULL<<32)|(a3##ULL<<16)|a4...'
crypto,../repos/openssl/crypto/bn/bn_srp.c,"(24, 52)-(24, 54)",b'((a1##ULL<<48)|(a2##ULL<<32)|(a3##ULL<<16)|a4...'
crypto,../repos/openssl/crypto/bn/bn_srp.c,"(24, 66)-(24, 68)",b'((a1##ULL<<48)|(a2##ULL<<32)|(a3##ULL<<16)|a4...'
crypto,../repos/openssl/crypto/bn/bn_srp.c,"(24, 79)-(24, 81)",b'((a1##ULL<<48)|(a2##ULL<<32)|(a3##ULL<<16)|a4...'
crypto,../repos/openssl/crypto/bn/bn_srp.c,"(27, 38)-(27, 40)","b'((a3##UL<<16)|a4##UL), ((a1##UL<<16)|a2##UL)'"
crypto,../repos/openssl/crypto/bn/bn_srp.c,"(27, 50)-(27, 52)","b'((a3##UL<<16)|a4##UL), ((a1##UL<<16)|a2##UL)'"
crypto,../repos/openssl/crypto/bn/bn_srp.c,"(27, 61)-(27, 63)","b'((a3##UL<<16)|a4##UL), ((a1##UL<<16)|a2##UL)'"
crypto,../repos/openssl/crypto/bn/bn_srp.c,"(27, 73)-(27, 75)","b'((a3##UL<<16)|a4##UL), ((a1##UL<<16)|a2##UL)'"
crypto,../repos/openssl/crypto/aes/aes_core.c,"(56, 19)-(56, 21)",b'C##UI64'
crypto,../repos/openssl/crypto/aes/aes_core.c,"(58, 19)-(58, 21)",b'C##UL'
crypto,../repos/openssl/crypto/aes/aes_core.c,"(60, 19)-(60, 21)",b'C##ULL'
crypto,../repos/openssl/crypto/aes/aes_x86core.c,"(84, 18)-(84, 20)",b'C##UI64'
crypto,../repos/openssl/crypto/aes/aes_x86core.c,"(86, 18)-(86, 20)",b'C##UL'
crypto,../repos/openssl/crypto/aes/aes_x86core.c,"(88, 18)-(88, 20)",b'C##ULL'
crypto,../repos/openssl/crypto/md4/md4_dgst.c,"(51, 20)-(51, 22)",b'XX##i'
crypto,../repos/openssl/crypto/cryptlib.c,"(278, 39)-(278, 41)",b'x##_CRYPTO'
crypto,../repos/openssl/crypto/dh/dh_rfc5114.c,"(29, 12)-(29, 14)",b'DH *DH_get_##x(void) \\\n{ \\\n    DH *dh = DH_ne...'
crypto,../repos/openssl/crypto/dh/dh_rfc5114.c,"(29, 141)-(29, 143)",b'DH *DH_get_##x(void) \\\n{ \\\n    DH *dh = DH_ne...'
crypto,../repos/openssl/crypto/dh/dh_rfc5114.c,"(29, 144)-(29, 146)",b'DH *DH_get_##x(void) \\\n{ \\\n    DH *dh = DH_ne...'
crypto,../repos/openssl/crypto/dh/dh_rfc5114.c,"(29, 194)-(29, 196)",b'DH *DH_get_##x(void) \\\n{ \\\n    DH *dh = DH_ne...'
crypto,../repos/openssl/crypto/dh/dh_rfc5114.c,"(29, 197)-(29, 199)",b'DH *DH_get_##x(void) \\\n{ \\\n    DH *dh = DH_ne...'
crypto,../repos/openssl/crypto/dh/dh_rfc5114.c,"(29, 247)-(29, 249)",b'DH *DH_get_##x(void) \\\n{ \\\n    DH *dh = DH_ne...'
crypto,../repos/openssl/crypto/dh/dh_rfc5114.c,"(29, 250)-(29, 252)",b'DH *DH_get_##x(void) \\\n{ \\\n    DH *dh = DH_ne...'
crypto,../repos/openssl/crypto/rsa/rsa_sign.c,"(78, 39)-(78, 41)",b'static const unsigned char digestinfo_##name#...'
crypto,../repos/openssl/crypto/rsa/rsa_sign.c,"(78, 45)-(78, 47)",b'static const unsigned char digestinfo_##name#...'
crypto,../repos/openssl/crypto/rsa/rsa_sign.c,"(88, 39)-(88, 41)",b'static const unsigned char digestinfo_##name#...'
crypto,../repos/openssl/crypto/rsa/rsa_sign.c,"(88, 45)-(88, 47)",b'static const unsigned char digestinfo_##name#...'
crypto,../repos/openssl/crypto/rsa/rsa_sign.c,"(149, 14)-(149, 16)",b'case NID_##name:                             ...'
crypto,../repos/openssl/crypto/rsa/rsa_sign.c,"(149, 115)-(149, 117)",b'case NID_##name:                             ...'
crypto,../repos/openssl/crypto/rsa/rsa_sign.c,"(149, 121)-(149, 123)",b'case NID_##name:                             ...'
crypto,../repos/openssl/crypto/rsa/rsa_sign.c,"(149, 189)-(149, 191)",b'case NID_##name:                             ...'
crypto,../repos/openssl/crypto/rsa/rsa_sign.c,"(149, 195)-(149, 197)",b'case NID_##name:                             ...'
crypto,../repos/openssl/crypto/rsa/rsa_sign.c,"(190, 14)-(190, 16)",b'case NID_##name:                             ...'
crypto,../repos/openssl/crypto/err/err_all_legacy.c,"(48, 18)-(48, 20)",b'int ERR_load_##lib##_strings(void)          \\...'
crypto,../repos/openssl/crypto/err/err_all_legacy.c,"(48, 23)-(48, 25)",b'int ERR_load_##lib##_strings(void)          \\...'
crypto,../repos/openssl/crypto/err/err_all_legacy.c,"(54, 18)-(54, 20)",b'int ERR_load_##lib##_strings(void)          \\...'
crypto,../repos/openssl/crypto/err/err_all_legacy.c,"(54, 23)-(54, 25)",b'int ERR_load_##lib##_strings(void)          \\...'
crypto,../repos/openssl/crypto/err/err_all_legacy.c,"(54, 130)-(54, 132)",b'int ERR_load_##lib##_strings(void)          \\...'
crypto,../repos/openssl/crypto/err/err_all_legacy.c,"(54, 135)-(54, 137)",b'int ERR_load_##lib##_strings(void)          \\...'
crypto,../repos/openssl/crypto/crmf/crmf_lib.c,"(47, 26)-(47, 28)",b'valt *OSSL_CRMF_MSG_get0_##ctrlinf##_##atyp(c...'
crypto,../repos/openssl/crypto/crmf/crmf_lib.c,"(47, 35)-(47, 37)",b'valt *OSSL_CRMF_MSG_get0_##ctrlinf##_##atyp(c...'
crypto,../repos/openssl/crypto/crmf/crmf_lib.c,"(47, 38)-(47, 40)",b'valt *OSSL_CRMF_MSG_get0_##ctrlinf##_##atyp(c...'
crypto,../repos/openssl/crypto/crmf/crmf_lib.c,"(47, 916)-(47, 918)",b'valt *OSSL_CRMF_MSG_get0_##ctrlinf##_##atyp(c...'
crypto,../repos/openssl/crypto/crmf/crmf_lib.c,"(47, 925)-(47, 927)",b'valt *OSSL_CRMF_MSG_get0_##ctrlinf##_##atyp(c...'
crypto,../repos/openssl/crypto/crmf/crmf_lib.c,"(47, 928)-(47, 930)",b'valt *OSSL_CRMF_MSG_get0_##ctrlinf##_##atyp(c...'
crypto,../repos/openssl/crypto/crmf/crmf_lib.c,"(47, 1291)-(47, 1293)",b'valt *OSSL_CRMF_MSG_get0_##ctrlinf##_##atyp(c...'
crypto,../repos/openssl/crypto/crmf/crmf_lib.c,"(47, 1300)-(47, 1302)",b'valt *OSSL_CRMF_MSG_get0_##ctrlinf##_##atyp(c...'
crypto,../repos/openssl/crypto/crmf/crmf_lib.c,"(47, 1303)-(47, 1305)",b'valt *OSSL_CRMF_MSG_get0_##ctrlinf##_##atyp(c...'
crypto,../repos/openssl/crypto/crmf/crmf_lib.c,"(47, 1921)-(47, 1923)",b'valt *OSSL_CRMF_MSG_get0_##ctrlinf##_##atyp(c...'
crypto,../repos/openssl/crypto/crmf/crmf_lib.c,"(47, 1930)-(47, 1932)",b'valt *OSSL_CRMF_MSG_get0_##ctrlinf##_##atyp(c...'
crypto,../repos/openssl/crypto/crmf/crmf_lib.c,"(47, 1933)-(47, 1935)",b'valt *OSSL_CRMF_MSG_get0_##ctrlinf##_##atyp(c...'
crypto,../repos/openssl/crypto/crmf/crmf_lib.c,"(47, 2064)-(47, 2066)",b'valt *OSSL_CRMF_MSG_get0_##ctrlinf##_##atyp(c...'
crypto,../repos/openssl/crypto/crmf/crmf_lib.c,"(47, 2213)-(47, 2215)",b'valt *OSSL_CRMF_MSG_get0_##ctrlinf##_##atyp(c...'
crypto,../repos/openssl/crypto/ec/ec_local.h,"(285, 28)-(285, 30)","b'g->pre_comp_type = PCT_##type, g->pre_comp.ty...'"
crypto,../repos/openssl/crypto/ec/ec_local.h,"(287, 29)-(287, 31)",b'g->pre_comp_type == PCT_##type && g->pre_comp...'
crypto,../repos/openssl/crypto/ec/ecp_s390x_nistp.c,"(286, 30)-(286, 32)",b'static int ec_GFp_s390x_nistp##bits##_mul(con...'
crypto,../repos/openssl/crypto/ec/ecp_s390x_nistp.c,"(286, 36)-(286, 38)",b'static int ec_GFp_s390x_nistp##bits##_mul(con...'
crypto,../repos/openssl/crypto/ec/ecp_s390x_nistp.c,"(286, 798)-(286, 800)",b'static int ec_GFp_s390x_nistp##bits##_mul(con...'
crypto,../repos/openssl/crypto/ec/ecp_s390x_nistp.c,"(286, 861)-(286, 863)",b'static int ec_GFp_s390x_nistp##bits##_mul(con...'
crypto,../repos/openssl/crypto/ec/ecp_s390x_nistp.c,"(286, 1072)-(286, 1074)",b'static int ec_GFp_s390x_nistp##bits##_mul(con...'
crypto,../repos/openssl/crypto/ec/ecp_s390x_nistp.c,"(286, 1078)-(286, 1080)",b'static int ec_GFp_s390x_nistp##bits##_mul(con...'
crypto,../repos/openssl/crypto/ec/ecp_s390x_nistp.c,"(286, 1685)-(286, 1687)",b'static int ec_GFp_s390x_nistp##bits##_mul(con...'
crypto,../repos/openssl/crypto/ec/ecp_s390x_nistp.c,"(286, 1753)-(286, 1755)",b'static int ec_GFp_s390x_nistp##bits##_mul(con...'
crypto,../repos/openssl/crypto/ec/ecp_s390x_nistp.c,"(286, 1953)-(286, 1955)",b'static int ec_GFp_s390x_nistp##bits##_mul(con...'
crypto,../repos/openssl/crypto/ec/ecp_s390x_nistp.c,"(286, 1959)-(286, 1961)",b'static int ec_GFp_s390x_nistp##bits##_mul(con...'
crypto,../repos/openssl/crypto/ec/ecp_s390x_nistp.c,"(286, 2503)-(286, 2505)",b'static int ec_GFp_s390x_nistp##bits##_mul(con...'
crypto,../repos/openssl/crypto/ec/ecp_s390x_nistp.c,"(286, 2569)-(286, 2571)",b'static int ec_GFp_s390x_nistp##bits##_mul(con...'
crypto,../repos/openssl/crypto/ec/ecp_s390x_nistp.c,"(286, 2774)-(286, 2776)",b'static int ec_GFp_s390x_nistp##bits##_mul(con...'
crypto,../repos/openssl/crypto/ec/ecp_s390x_nistp.c,"(286, 2780)-(286, 2782)",b'static int ec_GFp_s390x_nistp##bits##_mul(con...'
crypto,../repos/openssl/crypto/ec/ecp_s390x_nistp.c,"(286, 2932)-(286, 2934)",b'static int ec_GFp_s390x_nistp##bits##_mul(con...'
crypto,../repos/openssl/crypto/ec/ecp_s390x_nistp.c,"(286, 2938)-(286, 2940)",b'static int ec_GFp_s390x_nistp##bits##_mul(con...'
crypto,../repos/openssl/crypto/ec/ecp_s390x_nistp.c,"(378, 640)-(378, 642)","b',                           \\\n        ossl_ec...'"
crypto,../repos/openssl/crypto/ec/ecp_s390x_nistp.c,"(378, 788)-(378, 790)","b',                           \\\n        ossl_ec...'"
crypto,../repos/openssl/crypto/ec/ecp_s390x_nistp.c,"(378, 934)-(378, 936)","b',                           \\\n        ossl_ec...'"
crypto,../repos/openssl/crypto/ec/ecp_s390x_nistp.c,"(378, 996)-(378, 998)","b',                           \\\n        ossl_ec...'"
crypto,../repos/openssl/crypto/ec/ecp_s390x_nistp.c,"(378, 1002)-(378, 1004)","b',                           \\\n        ossl_ec...'"
crypto,../repos/openssl/crypto/sha/sha512.c,"(71, 22)-(71, 24)",b'C##UI64'
crypto,../repos/openssl/crypto/sha/sha512.c,"(73, 22)-(73, 24)",b'C##UL'
crypto,../repos/openssl/crypto/sha/sha512.c,"(75, 22)-(75, 24)",b'C##ULL'
crypto,../repos/openssl/crypto/sha/sha_local.h,"(126, 20)-(126, 22)",b'XX##i'
crypto,../repos/openssl/crypto/pem/pem_local.h,"(43, 182)-(43, 184)",b'int ret = 0;                                 ...'
crypto,../repos/openssl/crypto/pem/pem_local.h,"(43, 206)-(43, 208)",b'int ret = 0;                                 ...'
crypto,../repos/openssl/crypto/pem/pem_local.h,"(43, 283)-(43, 285)",b'int ret = 0;                                 ...'
crypto,../repos/openssl/crypto/pem/pem_local.h,"(82, 27)-(82, 29)","b'ret = OSSL_ENCODER_to_##outtype(ctx, out);   ...'"
crypto,../repos/openssl/crypto/pem/pem_local.h,"(87, 95)-(87, 97)",b'legacy:                                      ...'
crypto,../repos/openssl/crypto/pem/pem_local.h,"(87, 126)-(87, 128)",b'legacy:                                      ...'
crypto,../repos/openssl/crypto/pem/pem_local.h,"(92, 95)-(92, 97)",b'legacy:                                      ...'
crypto,../repos/openssl/crypto/pem/pem_local.h,"(92, 106)-(92, 108)",b'legacy:                                      ...'
crypto,../repos/openssl/crypto/pem/pem_local.h,"(92, 128)-(92, 130)",b'legacy:                                      ...'
crypto,../repos/openssl/crypto/md5/md5_dgst.c,"(51, 20)-(51, 22)",b'XX##i'
crypto,../repos/openssl/crypto/trace.c,"(120, 66)-(120, 68)","b'{ #name, OSSL_TRACE_CATEGORY_##name }'"
crypto,../repos/openssl/crypto/ffc/ffc_dh.c,"(16, 95)-(16, 97)",b'{                                            ...'
crypto,../repos/openssl/crypto/ffc/ffc_dh.c,"(16, 110)-(16, 112)",b'{                                            ...'
crypto,../repos/openssl/crypto/ffc/ffc_dh.c,"(16, 339)-(16, 341)",b'{                                            ...'
crypto,../repos/openssl/crypto/ffc/ffc_dh.c,"(16, 343)-(16, 345)",b'{                                            ...'
crypto,../repos/openssl/crypto/ffc/ffc_dh.c,"(16, 367)-(16, 369)",b'{                                            ...'
crypto,../repos/openssl/crypto/ffc/ffc_dh.c,"(16, 371)-(16, 373)",b'{                                            ...'
crypto,../repos/openssl/crypto/ffc/ffc_dh.c,"(24, 95)-(24, 97)",b'{                                            ...'
crypto,../repos/openssl/crypto/ffc/ffc_dh.c,"(24, 110)-(24, 112)",b'{                                            ...'
crypto,../repos/openssl/crypto/ffc/ffc_dh.c,"(24, 339)-(24, 341)",b'{                                            ...'
crypto,../repos/openssl/crypto/ffc/ffc_dh.c,"(24, 343)-(24, 345)",b'{                                            ...'
crypto,../repos/openssl/crypto/ffc/ffc_dh.c,"(24, 367)-(24, 369)",b'{                                            ...'
crypto,../repos/openssl/crypto/ffc/ffc_dh.c,"(24, 371)-(24, 373)",b'{                                            ...'
crypto,../repos/openssl/crypto/ffc/ffc_dh.c,"(32, 336)-(32, 338)",b'{                                      \\\n    ...'
crypto,../repos/openssl/crypto/ffc/ffc_dh.c,"(32, 341)-(32, 343)",b'{                                      \\\n    ...'
crypto,../repos/openssl/crypto/ffc/ffc_dh.c,"(32, 362)-(32, 364)",b'{                                      \\\n    ...'
crypto,../repos/openssl/crypto/ffc/ffc_dh.c,"(32, 367)-(32, 369)",b'{                                      \\\n    ...'
crypto,../repos/openssl/crypto/ffc/ffc_dh.c,"(32, 414)-(32, 416)",b'{                                      \\\n    ...'
crypto,../repos/openssl/crypto/ffc/ffc_dh.c,"(32, 419)-(32, 421)",b'{                                      \\\n    ...'
crypto,../repos/openssl/crypto/ffc/ffc_dh.c,"(42, 51)-(42, 53)","b'{ SN_ffdhe##sz, NID_ffdhe##sz }'"
crypto,../repos/openssl/crypto/ffc/ffc_dh.c,"(42, 66)-(42, 68)","b'{ SN_ffdhe##sz, NID_ffdhe##sz }'"
crypto,../repos/openssl/crypto/ffc/ffc_dh.c,"(43, 51)-(43, 53)","b'{ SN_modp_##sz, NID_modp_##sz }'"
crypto,../repos/openssl/crypto/ffc/ffc_dh.c,"(43, 66)-(43, 68)","b'{ SN_modp_##sz, NID_modp_##sz }'"
crypto,../repos/openssl/crypto/ripemd/rmd_dgst.c,"(51, 20)-(51, 22)",b'XX##i'
crypto,../repos/openssl/crypto/asn1/n_pkey.c,"(20, 36)-(20, 38)","b'static const ASN1_AUX tname##_aux = {NULL, AS...'"
crypto,../repos/openssl/crypto/asn1/tasn_typ.c,"(17, 111)-(17, 113)",b'IMPLEMENT_ASN1_TYPE(sname) \\\n    IMPLEMENT_AS...'
crypto,../repos/openssl/crypto/asn1/tasn_typ.c,"(17, 164)-(17, 166)",b'IMPLEMENT_ASN1_TYPE(sname) \\\n    IMPLEMENT_AS...'
crypto,../repos/openssl/crypto/asn1/tasn_typ.c,"(17, 190)-(17, 192)",b'IMPLEMENT_ASN1_TYPE(sname) \\\n    IMPLEMENT_AS...'
crypto,../repos/openssl/crypto/evp/legacy_meth.h,"(11, 14)-(11, 16)",b'static int nm##_init(EVP_MD_CTX *ctx)        ...'
crypto,../repos/openssl/crypto/evp/legacy_meth.h,"(11, 176)-(11, 178)",b'static int nm##_init(EVP_MD_CTX *ctx)        ...'
crypto,../repos/openssl/crypto/evp/legacy_meth.h,"(11, 338)-(11, 340)",b'static int nm##_init(EVP_MD_CTX *ctx)        ...'
crypto,../repos/openssl/crypto/evp/legacy_meth.h,"(11, 500)-(11, 502)",b'static int nm##_init(EVP_MD_CTX *ctx)        ...'
crypto,../repos/openssl/crypto/evp/legacy_meth.h,"(11, 662)-(11, 664)",b'static int nm##_init(EVP_MD_CTX *ctx)        ...'
crypto,../repos/openssl/crypto/evp/legacy_meth.h,"(11, 824)-(11, 826)",b'static int nm##_init(EVP_MD_CTX *ctx)        ...'
crypto,../repos/openssl/crypto/evp/legacy_meth.h,"(25, 14)-(25, 16)",b'static int nm##_init(EVP_MD_CTX *ctx)        ...'
crypto,../repos/openssl/crypto/evp/legacy_meth.h,"(25, 176)-(25, 178)",b'static int nm##_init(EVP_MD_CTX *ctx)        ...'
crypto,../repos/openssl/crypto/evp/legacy_meth.h,"(25, 338)-(25, 340)",b'static int nm##_init(EVP_MD_CTX *ctx)        ...'
crypto,../repos/openssl/crypto/evp/legacy_meth.h,"(25, 500)-(25, 502)",b'static int nm##_init(EVP_MD_CTX *ctx)        ...'
crypto,../repos/openssl/crypto/evp/legacy_meth.h,"(25, 662)-(25, 664)",b'static int nm##_init(EVP_MD_CTX *ctx)        ...'
crypto,../repos/openssl/crypto/evp/legacy_meth.h,"(25, 824)-(25, 826)",b'static int nm##_init(EVP_MD_CTX *ctx)        ...'
crypto,../repos/openssl/crypto/evp/e_sm4.c,"(37, 29)-(37, 31)",b'static const EVP_CIPHER sm4_##mode = { \\\n    ...'
crypto,../repos/openssl/crypto/evp/e_sm4.c,"(37, 53)-(37, 55)",b'static const EVP_CIPHER sm4_##mode = { \\\n    ...'
crypto,../repos/openssl/crypto/evp/e_sm4.c,"(37, 56)-(37, 58)",b'static const EVP_CIPHER sm4_##mode = { \\\n    ...'
crypto,../repos/openssl/crypto/evp/e_sm4.c,"(37, 112)-(37, 114)",b'static const EVP_CIPHER sm4_##mode = { \\\n    ...'
crypto,../repos/openssl/crypto/evp/e_sm4.c,"(37, 118)-(37, 120)",b'static const EVP_CIPHER sm4_##mode = { \\\n    ...'
crypto,../repos/openssl/crypto/evp/e_sm4.c,"(37, 227)-(37, 229)",b'static const EVP_CIPHER sm4_##mode = { \\\n    ...'
crypto,../repos/openssl/crypto/evp/e_sm4.c,"(37, 233)-(37, 235)",b'static const EVP_CIPHER sm4_##mode = { \\\n    ...'
crypto,../repos/openssl/crypto/evp/e_sm4.c,"(37, 400)-(37, 402)",b'static const EVP_CIPHER sm4_##mode = { \\\n    ...'
crypto,../repos/openssl/crypto/evp/e_sm4.c,"(37, 429)-(37, 431)",b'static const EVP_CIPHER sm4_##mode = { \\\n    ...'
crypto,../repos/openssl/crypto/evp/e_camellia.c,"(143, 33)-(143, 35)",b'static const EVP_CIPHER cmll_t4_##keylen##_##...'
crypto,../repos/openssl/crypto/evp/e_camellia.c,"(143, 41)-(143, 43)",b'static const EVP_CIPHER cmll_t4_##keylen##_##...'
crypto,../repos/openssl/crypto/evp/e_camellia.c,"(143, 44)-(143, 46)",b'static const EVP_CIPHER cmll_t4_##keylen##_##...'
crypto,../repos/openssl/crypto/evp/e_camellia.c,"(143, 68)-(143, 70)",b'static const EVP_CIPHER cmll_t4_##keylen##_##...'
crypto,../repos/openssl/crypto/evp/e_camellia.c,"(143, 71)-(143, 73)",b'static const EVP_CIPHER cmll_t4_##keylen##_##...'
crypto,../repos/openssl/crypto/evp/e_camellia.c,"(143, 79)-(143, 81)",b'static const EVP_CIPHER cmll_t4_##keylen##_##...'
crypto,../repos/openssl/crypto/evp/e_camellia.c,"(143, 82)-(143, 84)",b'static const EVP_CIPHER cmll_t4_##keylen##_##...'
crypto,../repos/openssl/crypto/evp/e_camellia.c,"(143, 141)-(143, 143)",b'static const EVP_CIPHER cmll_t4_##keylen##_##...'
crypto,../repos/openssl/crypto/evp/e_camellia.c,"(143, 147)-(143, 149)",b'static const EVP_CIPHER cmll_t4_##keylen##_##...'
crypto,../repos/openssl/crypto/evp/e_camellia.c,"(143, 260)-(143, 262)",b'static const EVP_CIPHER cmll_t4_##keylen##_##...'
crypto,../repos/openssl/crypto/evp/e_camellia.c,"(143, 266)-(143, 268)",b'static const EVP_CIPHER cmll_t4_##keylen##_##...'
crypto,../repos/openssl/crypto/evp/e_camellia.c,"(143, 436)-(143, 438)",b'static const EVP_CIPHER cmll_t4_##keylen##_##...'
crypto,../repos/openssl/crypto/evp/e_camellia.c,"(143, 444)-(143, 446)",b'static const EVP_CIPHER cmll_t4_##keylen##_##...'
crypto,../repos/openssl/crypto/evp/e_camellia.c,"(143, 447)-(143, 449)",b'static const EVP_CIPHER cmll_t4_##keylen##_##...'
crypto,../repos/openssl/crypto/evp/e_camellia.c,"(143, 471)-(143, 473)",b'static const EVP_CIPHER cmll_t4_##keylen##_##...'
crypto,../repos/openssl/crypto/evp/e_camellia.c,"(143, 474)-(143, 476)",b'static const EVP_CIPHER cmll_t4_##keylen##_##...'
crypto,../repos/openssl/crypto/evp/e_camellia.c,"(143, 482)-(143, 484)",b'static const EVP_CIPHER cmll_t4_##keylen##_##...'
crypto,../repos/openssl/crypto/evp/e_camellia.c,"(143, 485)-(143, 487)",b'static const EVP_CIPHER cmll_t4_##keylen##_##...'
crypto,../repos/openssl/crypto/evp/e_camellia.c,"(143, 559)-(143, 561)",b'static const EVP_CIPHER cmll_t4_##keylen##_##...'
crypto,../repos/openssl/crypto/evp/e_camellia.c,"(143, 565)-(143, 567)",b'static const EVP_CIPHER cmll_t4_##keylen##_##...'
crypto,../repos/openssl/crypto/evp/e_camellia.c,"(143, 679)-(143, 681)",b'static const EVP_CIPHER cmll_t4_##keylen##_##...'
crypto,../repos/openssl/crypto/evp/e_camellia.c,"(143, 685)-(143, 687)",b'static const EVP_CIPHER cmll_t4_##keylen##_##...'
crypto,../repos/openssl/crypto/evp/e_camellia.c,"(143, 852)-(143, 854)",b'static const EVP_CIPHER cmll_t4_##keylen##_##...'
crypto,../repos/openssl/crypto/evp/e_camellia.c,"(143, 860)-(143, 862)",b'static const EVP_CIPHER cmll_t4_##keylen##_##...'
crypto,../repos/openssl/crypto/evp/e_camellia.c,"(143, 863)-(143, 865)",b'static const EVP_CIPHER cmll_t4_##keylen##_##...'
crypto,../repos/openssl/crypto/evp/e_camellia.c,"(143, 915)-(143, 917)",b'static const EVP_CIPHER cmll_t4_##keylen##_##...'
crypto,../repos/openssl/crypto/evp/e_camellia.c,"(143, 923)-(143, 925)",b'static const EVP_CIPHER cmll_t4_##keylen##_##...'
crypto,../repos/openssl/crypto/evp/e_camellia.c,"(143, 926)-(143, 928)",b'static const EVP_CIPHER cmll_t4_##keylen##_##...'
crypto,../repos/openssl/crypto/evp/e_camellia.c,"(143, 943)-(143, 945)",b'static const EVP_CIPHER cmll_t4_##keylen##_##...'
crypto,../repos/openssl/crypto/evp/e_camellia.c,"(143, 951)-(143, 953)",b'static const EVP_CIPHER cmll_t4_##keylen##_##...'
crypto,../repos/openssl/crypto/evp/e_camellia.c,"(143, 954)-(143, 956)",b'static const EVP_CIPHER cmll_t4_##keylen##_##...'
crypto,../repos/openssl/crypto/evp/e_camellia.c,"(168, 34)-(168, 36)",b'static const EVP_CIPHER camellia_##keylen##_#...'
crypto,../repos/openssl/crypto/evp/e_camellia.c,"(168, 42)-(168, 44)",b'static const EVP_CIPHER camellia_##keylen##_#...'
crypto,../repos/openssl/crypto/evp/e_camellia.c,"(168, 45)-(168, 47)",b'static const EVP_CIPHER camellia_##keylen##_#...'
crypto,../repos/openssl/crypto/evp/e_camellia.c,"(168, 69)-(168, 71)",b'static const EVP_CIPHER camellia_##keylen##_#...'
crypto,../repos/openssl/crypto/evp/e_camellia.c,"(168, 72)-(168, 74)",b'static const EVP_CIPHER camellia_##keylen##_#...'
crypto,../repos/openssl/crypto/evp/e_camellia.c,"(168, 80)-(168, 82)",b'static const EVP_CIPHER camellia_##keylen##_#...'
crypto,../repos/openssl/crypto/evp/e_camellia.c,"(168, 83)-(168, 85)",b'static const EVP_CIPHER camellia_##keylen##_#...'
crypto,../repos/openssl/crypto/evp/e_camellia.c,"(168, 142)-(168, 144)",b'static const EVP_CIPHER camellia_##keylen##_#...'
crypto,../repos/openssl/crypto/evp/e_camellia.c,"(168, 148)-(168, 150)",b'static const EVP_CIPHER camellia_##keylen##_#...'
crypto,../repos/openssl/crypto/evp/e_camellia.c,"(168, 262)-(168, 264)",b'static const EVP_CIPHER camellia_##keylen##_#...'
crypto,../repos/openssl/crypto/evp/e_camellia.c,"(168, 268)-(168, 270)",b'static const EVP_CIPHER camellia_##keylen##_#...'
crypto,../repos/openssl/crypto/evp/e_camellia.c,"(168, 435)-(168, 437)",b'static const EVP_CIPHER camellia_##keylen##_#...'
crypto,../repos/openssl/crypto/evp/e_camellia.c,"(168, 443)-(168, 445)",b'static const EVP_CIPHER camellia_##keylen##_#...'
crypto,../repos/openssl/crypto/evp/e_camellia.c,"(168, 446)-(168, 448)",b'static const EVP_CIPHER camellia_##keylen##_#...'
crypto,../repos/openssl/crypto/evp/e_camellia.c,"(168, 480)-(168, 482)",b'static const EVP_CIPHER camellia_##keylen##_#...'
crypto,../repos/openssl/crypto/evp/e_camellia.c,"(168, 488)-(168, 490)",b'static const EVP_CIPHER camellia_##keylen##_#...'
crypto,../repos/openssl/crypto/evp/e_camellia.c,"(168, 491)-(168, 493)",b'static const EVP_CIPHER camellia_##keylen##_#...'
crypto,../repos/openssl/crypto/evp/e_aria.c,"(163, 30)-(163, 32)",b'static const EVP_CIPHER aria_##keylen##_##mod...'
crypto,../repos/openssl/crypto/evp/e_aria.c,"(163, 38)-(163, 40)",b'static const EVP_CIPHER aria_##keylen##_##mod...'
crypto,../repos/openssl/crypto/evp/e_aria.c,"(163, 41)-(163, 43)",b'static const EVP_CIPHER aria_##keylen##_##mod...'
crypto,../repos/openssl/crypto/evp/e_aria.c,"(163, 65)-(163, 67)",b'static const EVP_CIPHER aria_##keylen##_##mod...'
crypto,../repos/openssl/crypto/evp/e_aria.c,"(163, 68)-(163, 70)",b'static const EVP_CIPHER aria_##keylen##_##mod...'
crypto,../repos/openssl/crypto/evp/e_aria.c,"(163, 76)-(163, 78)",b'static const EVP_CIPHER aria_##keylen##_##mod...'
crypto,../repos/openssl/crypto/evp/e_aria.c,"(163, 79)-(163, 81)",b'static const EVP_CIPHER aria_##keylen##_##mod...'
crypto,../repos/openssl/crypto/evp/e_aria.c,"(163, 138)-(163, 140)",b'static const EVP_CIPHER aria_##keylen##_##mod...'
crypto,../repos/openssl/crypto/evp/e_aria.c,"(163, 144)-(163, 146)",b'static const EVP_CIPHER aria_##keylen##_##mod...'
crypto,../repos/openssl/crypto/evp/e_aria.c,"(163, 254)-(163, 256)",b'static const EVP_CIPHER aria_##keylen##_##mod...'
crypto,../repos/openssl/crypto/evp/e_aria.c,"(163, 260)-(163, 262)",b'static const EVP_CIPHER aria_##keylen##_##mod...'
crypto,../repos/openssl/crypto/evp/e_aria.c,"(163, 436)-(163, 438)",b'static const EVP_CIPHER aria_##keylen##_##mod...'
crypto,../repos/openssl/crypto/evp/e_aria.c,"(163, 444)-(163, 446)",b'static const EVP_CIPHER aria_##keylen##_##mod...'
crypto,../repos/openssl/crypto/evp/e_aria.c,"(163, 447)-(163, 449)",b'static const EVP_CIPHER aria_##keylen##_##mod...'
crypto,../repos/openssl/crypto/evp/e_aria.c,"(163, 477)-(163, 479)",b'static const EVP_CIPHER aria_##keylen##_##mod...'
crypto,../repos/openssl/crypto/evp/e_aria.c,"(163, 485)-(163, 487)",b'static const EVP_CIPHER aria_##keylen##_##mod...'
crypto,../repos/openssl/crypto/evp/e_aria.c,"(163, 488)-(163, 490)",b'static const EVP_CIPHER aria_##keylen##_##mod...'
crypto,../repos/openssl/crypto/evp/e_aria.c,"(765, 30)-(765, 32)",b'static const EVP_CIPHER aria_##keylen##_##mod...'
crypto,../repos/openssl/crypto/evp/e_aria.c,"(765, 38)-(765, 40)",b'static const EVP_CIPHER aria_##keylen##_##mod...'
crypto,../repos/openssl/crypto/evp/e_aria.c,"(765, 41)-(765, 43)",b'static const EVP_CIPHER aria_##keylen##_##mod...'
crypto,../repos/openssl/crypto/evp/e_aria.c,"(765, 71)-(765, 73)",b'static const EVP_CIPHER aria_##keylen##_##mod...'
crypto,../repos/openssl/crypto/evp/e_aria.c,"(765, 79)-(765, 81)",b'static const EVP_CIPHER aria_##keylen##_##mod...'
crypto,../repos/openssl/crypto/evp/e_aria.c,"(765, 82)-(765, 84)",b'static const EVP_CIPHER aria_##keylen##_##mod...'
crypto,../repos/openssl/crypto/evp/e_aria.c,"(765, 193)-(765, 195)",b'static const EVP_CIPHER aria_##keylen##_##mod...'
crypto,../repos/openssl/crypto/evp/e_aria.c,"(765, 199)-(765, 201)",b'static const EVP_CIPHER aria_##keylen##_##mod...'
crypto,../repos/openssl/crypto/evp/e_aria.c,"(765, 279)-(765, 281)",b'static const EVP_CIPHER aria_##keylen##_##mod...'
crypto,../repos/openssl/crypto/evp/e_aria.c,"(765, 285)-(765, 287)",b'static const EVP_CIPHER aria_##keylen##_##mod...'
crypto,../repos/openssl/crypto/evp/e_aria.c,"(765, 332)-(765, 334)",b'static const EVP_CIPHER aria_##keylen##_##mod...'
crypto,../repos/openssl/crypto/evp/e_aria.c,"(765, 338)-(765, 340)",b'static const EVP_CIPHER aria_##keylen##_##mod...'
crypto,../repos/openssl/crypto/evp/e_aria.c,"(765, 385)-(765, 387)",b'static const EVP_CIPHER aria_##keylen##_##mod...'
crypto,../repos/openssl/crypto/evp/e_aria.c,"(765, 391)-(765, 393)",b'static const EVP_CIPHER aria_##keylen##_##mod...'
crypto,../repos/openssl/crypto/evp/e_aria.c,"(765, 449)-(765, 451)",b'static const EVP_CIPHER aria_##keylen##_##mod...'
crypto,../repos/openssl/crypto/evp/e_aria.c,"(765, 455)-(765, 457)",b'static const EVP_CIPHER aria_##keylen##_##mod...'
crypto,../repos/openssl/crypto/evp/e_aria.c,"(765, 501)-(765, 503)",b'static const EVP_CIPHER aria_##keylen##_##mod...'
crypto,../repos/openssl/crypto/evp/e_aria.c,"(765, 507)-(765, 509)",b'static const EVP_CIPHER aria_##keylen##_##mod...'
crypto,../repos/openssl/crypto/evp/e_aria.c,"(765, 558)-(765, 560)",b'static const EVP_CIPHER aria_##keylen##_##mod...'
crypto,../repos/openssl/crypto/evp/e_aria.c,"(765, 566)-(765, 568)",b'static const EVP_CIPHER aria_##keylen##_##mod...'
crypto,../repos/openssl/crypto/evp/e_aria.c,"(765, 569)-(765, 571)",b'static const EVP_CIPHER aria_##keylen##_##mod...'
crypto,../repos/openssl/crypto/evp/e_aria.c,"(765, 612)-(765, 614)",b'static const EVP_CIPHER aria_##keylen##_##mod...'
crypto,../repos/openssl/crypto/evp/e_aria.c,"(765, 620)-(765, 622)",b'static const EVP_CIPHER aria_##keylen##_##mod...'
crypto,../repos/openssl/crypto/evp/e_aria.c,"(765, 623)-(765, 625)",b'static const EVP_CIPHER aria_##keylen##_##mod...'
crypto,../repos/openssl/crypto/evp/ctrl_params_translate.c,"(1969, 96)-(1969, 98)",b'static int                                   ...'
crypto,../repos/openssl/crypto/evp/ctrl_params_translate.c,"(1981, 96)-(1981, 98)",b'static int                                   ...'
crypto,../repos/openssl/crypto/evp/ctrl_params_translate.c,"(1994, 96)-(1994, 98)",b'static int                                   ...'
crypto,../repos/openssl/crypto/evp/e_aes.c,"(423, 31)-(423, 33)",b'static const EVP_CIPHER aesni_##keylen##_##mo...'
crypto,../repos/openssl/crypto/evp/e_aes.c,"(423, 39)-(423, 41)",b'static const EVP_CIPHER aesni_##keylen##_##mo...'
crypto,../repos/openssl/crypto/evp/e_aes.c,"(423, 42)-(423, 44)",b'static const EVP_CIPHER aesni_##keylen##_##mo...'
crypto,../repos/openssl/crypto/evp/e_aes.c,"(423, 66)-(423, 68)",b'static const EVP_CIPHER aesni_##keylen##_##mo...'
crypto,../repos/openssl/crypto/evp/e_aes.c,"(423, 69)-(423, 71)",b'static const EVP_CIPHER aesni_##keylen##_##mo...'
crypto,../repos/openssl/crypto/evp/e_aes.c,"(423, 77)-(423, 79)",b'static const EVP_CIPHER aesni_##keylen##_##mo...'
crypto,../repos/openssl/crypto/evp/e_aes.c,"(423, 80)-(423, 82)",b'static const EVP_CIPHER aesni_##keylen##_##mo...'
crypto,../repos/openssl/crypto/evp/e_aes.c,"(423, 139)-(423, 141)",b'static const EVP_CIPHER aesni_##keylen##_##mo...'
crypto,../repos/openssl/crypto/evp/e_aes.c,"(423, 145)-(423, 147)",b'static const EVP_CIPHER aesni_##keylen##_##mo...'
crypto,../repos/openssl/crypto/evp/e_aes.c,"(423, 256)-(423, 258)",b'static const EVP_CIPHER aesni_##keylen##_##mo...'
crypto,../repos/openssl/crypto/evp/e_aes.c,"(423, 262)-(423, 264)",b'static const EVP_CIPHER aesni_##keylen##_##mo...'
crypto,../repos/openssl/crypto/evp/e_aes.c,"(423, 429)-(423, 431)",b'static const EVP_CIPHER aesni_##keylen##_##mo...'
crypto,../repos/openssl/crypto/evp/e_aes.c,"(423, 437)-(423, 439)",b'static const EVP_CIPHER aesni_##keylen##_##mo...'
crypto,../repos/openssl/crypto/evp/e_aes.c,"(423, 440)-(423, 442)",b'static const EVP_CIPHER aesni_##keylen##_##mo...'
crypto,../repos/openssl/crypto/evp/e_aes.c,"(423, 464)-(423, 466)",b'static const EVP_CIPHER aesni_##keylen##_##mo...'
crypto,../repos/openssl/crypto/evp/e_aes.c,"(423, 467)-(423, 469)",b'static const EVP_CIPHER aesni_##keylen##_##mo...'
crypto,../repos/openssl/crypto/evp/e_aes.c,"(423, 475)-(423, 477)",b'static const EVP_CIPHER aesni_##keylen##_##mo...'
crypto,../repos/openssl/crypto/evp/e_aes.c,"(423, 478)-(423, 480)",b'static const EVP_CIPHER aesni_##keylen##_##mo...'
crypto,../repos/openssl/crypto/evp/e_aes.c,"(423, 568)-(423, 570)",b'static const EVP_CIPHER aesni_##keylen##_##mo...'
crypto,../repos/openssl/crypto/evp/e_aes.c,"(423, 574)-(423, 576)",b'static const EVP_CIPHER aesni_##keylen##_##mo...'
crypto,../repos/openssl/crypto/evp/e_aes.c,"(423, 684)-(423, 686)",b'static const EVP_CIPHER aesni_##keylen##_##mo...'
crypto,../repos/openssl/crypto/evp/e_aes.c,"(423, 690)-(423, 692)",b'static const EVP_CIPHER aesni_##keylen##_##mo...'
crypto,../repos/openssl/crypto/evp/e_aes.c,"(423, 857)-(423, 859)",b'static const EVP_CIPHER aesni_##keylen##_##mo...'
crypto,../repos/openssl/crypto/evp/e_aes.c,"(423, 865)-(423, 867)",b'static const EVP_CIPHER aesni_##keylen##_##mo...'
crypto,../repos/openssl/crypto/evp/e_aes.c,"(423, 868)-(423, 870)",b'static const EVP_CIPHER aesni_##keylen##_##mo...'
crypto,../repos/openssl/crypto/evp/e_aes.c,"(423, 913)-(423, 915)",b'static const EVP_CIPHER aesni_##keylen##_##mo...'
crypto,../repos/openssl/crypto/evp/e_aes.c,"(423, 921)-(423, 923)",b'static const EVP_CIPHER aesni_##keylen##_##mo...'
crypto,../repos/openssl/crypto/evp/e_aes.c,"(423, 924)-(423, 926)",b'static const EVP_CIPHER aesni_##keylen##_##mo...'
crypto,../repos/openssl/crypto/evp/e_aes.c,"(423, 936)-(423, 938)",b'static const EVP_CIPHER aesni_##keylen##_##mo...'
crypto,../repos/openssl/crypto/evp/e_aes.c,"(423, 944)-(423, 946)",b'static const EVP_CIPHER aesni_##keylen##_##mo...'
crypto,../repos/openssl/crypto/evp/e_aes.c,"(423, 947)-(423, 949)",b'static const EVP_CIPHER aesni_##keylen##_##mo...'
crypto,../repos/openssl/crypto/evp/e_aes.c,"(446, 31)-(446, 33)",b'static const EVP_CIPHER aesni_##keylen##_##mo...'
crypto,../repos/openssl/crypto/evp/e_aes.c,"(446, 39)-(446, 41)",b'static const EVP_CIPHER aesni_##keylen##_##mo...'
crypto,../repos/openssl/crypto/evp/e_aes.c,"(446, 42)-(446, 44)",b'static const EVP_CIPHER aesni_##keylen##_##mo...'
crypto,../repos/openssl/crypto/evp/e_aes.c,"(446, 66)-(446, 68)",b'static const EVP_CIPHER aesni_##keylen##_##mo...'
crypto,../repos/openssl/crypto/evp/e_aes.c,"(446, 69)-(446, 71)",b'static const EVP_CIPHER aesni_##keylen##_##mo...'
crypto,../repos/openssl/crypto/evp/e_aes.c,"(446, 77)-(446, 79)",b'static const EVP_CIPHER aesni_##keylen##_##mo...'
crypto,../repos/openssl/crypto/evp/e_aes.c,"(446, 80)-(446, 82)",b'static const EVP_CIPHER aesni_##keylen##_##mo...'
crypto,../repos/openssl/crypto/evp/e_aes.c,"(446, 118)-(446, 120)",b'static const EVP_CIPHER aesni_##keylen##_##mo...'
crypto,../repos/openssl/crypto/evp/e_aes.c,"(446, 124)-(446, 126)",b'static const EVP_CIPHER aesni_##keylen##_##mo...'
crypto,../repos/openssl/crypto/evp/e_aes.c,"(446, 161)-(446, 163)",b'static const EVP_CIPHER aesni_##keylen##_##mo...'
crypto,../repos/openssl/crypto/evp/e_aes.c,"(446, 167)-(446, 169)",b'static const EVP_CIPHER aesni_##keylen##_##mo...'
crypto,../repos/openssl/crypto/evp/e_aes.c,"(446, 276)-(446, 278)",b'static const EVP_CIPHER aesni_##keylen##_##mo...'
crypto,../repos/openssl/crypto/evp/e_aes.c,"(446, 282)-(446, 284)",b'static const EVP_CIPHER aesni_##keylen##_##mo...'
crypto,../repos/openssl/crypto/evp/e_aes.c,"(446, 351)-(446, 353)",b'static const EVP_CIPHER aesni_##keylen##_##mo...'
crypto,../repos/openssl/crypto/evp/e_aes.c,"(446, 357)-(446, 359)",b'static const EVP_CIPHER aesni_##keylen##_##mo...'
crypto,../repos/openssl/crypto/evp/e_aes.c,"(446, 393)-(446, 395)",b'static const EVP_CIPHER aesni_##keylen##_##mo...'
crypto,../repos/openssl/crypto/evp/e_aes.c,"(446, 399)-(446, 401)",b'static const EVP_CIPHER aesni_##keylen##_##mo...'
crypto,../repos/openssl/crypto/evp/e_aes.c,"(446, 433)-(446, 435)",b'static const EVP_CIPHER aesni_##keylen##_##mo...'
crypto,../repos/openssl/crypto/evp/e_aes.c,"(446, 439)-(446, 441)",b'static const EVP_CIPHER aesni_##keylen##_##mo...'
crypto,../repos/openssl/crypto/evp/e_aes.c,"(446, 486)-(446, 488)",b'static const EVP_CIPHER aesni_##keylen##_##mo...'
crypto,../repos/openssl/crypto/evp/e_aes.c,"(446, 492)-(446, 494)",b'static const EVP_CIPHER aesni_##keylen##_##mo...'
crypto,../repos/openssl/crypto/evp/e_aes.c,"(446, 527)-(446, 529)",b'static const EVP_CIPHER aesni_##keylen##_##mo...'
crypto,../repos/openssl/crypto/evp/e_aes.c,"(446, 533)-(446, 535)",b'static const EVP_CIPHER aesni_##keylen##_##mo...'
crypto,../repos/openssl/crypto/evp/e_aes.c,"(446, 579)-(446, 581)",b'static const EVP_CIPHER aesni_##keylen##_##mo...'
crypto,../repos/openssl/crypto/evp/e_aes.c,"(446, 587)-(446, 589)",b'static const EVP_CIPHER aesni_##keylen##_##mo...'
crypto,../repos/openssl/crypto/evp/e_aes.c,"(446, 590)-(446, 592)",b'static const EVP_CIPHER aesni_##keylen##_##mo...'
crypto,../repos/openssl/crypto/evp/e_aes.c,"(446, 614)-(446, 616)",b'static const EVP_CIPHER aesni_##keylen##_##mo...'
crypto,../repos/openssl/crypto/evp/e_aes.c,"(446, 617)-(446, 619)",b'static const EVP_CIPHER aesni_##keylen##_##mo...'
crypto,../repos/openssl/crypto/evp/e_aes.c,"(446, 625)-(446, 627)",b'static const EVP_CIPHER aesni_##keylen##_##mo...'
crypto,../repos/openssl/crypto/evp/e_aes.c,"(446, 628)-(446, 630)",b'static const EVP_CIPHER aesni_##keylen##_##mo...'
crypto,../repos/openssl/crypto/evp/e_aes.c,"(446, 666)-(446, 668)",b'static const EVP_CIPHER aesni_##keylen##_##mo...'
crypto,../repos/openssl/crypto/evp/e_aes.c,"(446, 672)-(446, 674)",b'static const EVP_CIPHER aesni_##keylen##_##mo...'
crypto,../repos/openssl/crypto/evp/e_aes.c,"(446, 709)-(446, 711)",b'static const EVP_CIPHER aesni_##keylen##_##mo...'
crypto,../repos/openssl/crypto/evp/e_aes.c,"(446, 715)-(446, 717)",b'static const EVP_CIPHER aesni_##keylen##_##mo...'
crypto,../repos/openssl/crypto/evp/e_aes.c,"(446, 824)-(446, 826)",b'static const EVP_CIPHER aesni_##keylen##_##mo...'
crypto,../repos/openssl/crypto/evp/e_aes.c,"(446, 830)-(446, 832)",b'static const EVP_CIPHER aesni_##keylen##_##mo...'
crypto,../repos/openssl/crypto/evp/e_aes.c,"(446, 897)-(446, 899)",b'static const EVP_CIPHER aesni_##keylen##_##mo...'
crypto,../repos/openssl/crypto/evp/e_aes.c,"(446, 903)-(446, 905)",b'static const EVP_CIPHER aesni_##keylen##_##mo...'
crypto,../repos/openssl/crypto/evp/e_aes.c,"(446, 939)-(446, 941)",b'static const EVP_CIPHER aesni_##keylen##_##mo...'
crypto,../repos/openssl/crypto/evp/e_aes.c,"(446, 945)-(446, 947)",b'static const EVP_CIPHER aesni_##keylen##_##mo...'
crypto,../repos/openssl/crypto/evp/e_aes.c,"(446, 981)-(446, 983)",b'static const EVP_CIPHER aesni_##keylen##_##mo...'
crypto,../repos/openssl/crypto/evp/e_aes.c,"(446, 987)-(446, 989)",b'static const EVP_CIPHER aesni_##keylen##_##mo...'
crypto,../repos/openssl/crypto/evp/e_aes.c,"(446, 1034)-(446, 1036)",b'static const EVP_CIPHER aesni_##keylen##_##mo...'
crypto,../repos/openssl/crypto/evp/e_aes.c,"(446, 1040)-(446, 1042)",b'static const EVP_CIPHER aesni_##keylen##_##mo...'
crypto,../repos/openssl/crypto/evp/e_aes.c,"(446, 1075)-(446, 1077)",b'static const EVP_CIPHER aesni_##keylen##_##mo...'
crypto,../repos/openssl/crypto/evp/e_aes.c,"(446, 1081)-(446, 1083)",b'static const EVP_CIPHER aesni_##keylen##_##mo...'
crypto,../repos/openssl/crypto/evp/e_aes.c,"(446, 1125)-(446, 1127)",b'static const EVP_CIPHER aesni_##keylen##_##mo...'
crypto,../repos/openssl/crypto/evp/e_aes.c,"(446, 1133)-(446, 1135)",b'static const EVP_CIPHER aesni_##keylen##_##mo...'
crypto,../repos/openssl/crypto/evp/e_aes.c,"(446, 1136)-(446, 1138)",b'static const EVP_CIPHER aesni_##keylen##_##mo...'
crypto,../repos/openssl/crypto/evp/e_aes.c,"(446, 1181)-(446, 1183)",b'static const EVP_CIPHER aesni_##keylen##_##mo...'
crypto,../repos/openssl/crypto/evp/e_aes.c,"(446, 1189)-(446, 1191)",b'static const EVP_CIPHER aesni_##keylen##_##mo...'
crypto,../repos/openssl/crypto/evp/e_aes.c,"(446, 1192)-(446, 1194)",b'static const EVP_CIPHER aesni_##keylen##_##mo...'
crypto,../repos/openssl/crypto/evp/e_aes.c,"(446, 1204)-(446, 1206)",b'static const EVP_CIPHER aesni_##keylen##_##mo...'
crypto,../repos/openssl/crypto/evp/e_aes.c,"(446, 1212)-(446, 1214)",b'static const EVP_CIPHER aesni_##keylen##_##mo...'
crypto,../repos/openssl/crypto/evp/e_aes.c,"(446, 1215)-(446, 1217)",b'static const EVP_CIPHER aesni_##keylen##_##mo...'
crypto,../repos/openssl/crypto/evp/e_aes.c,"(809, 32)-(809, 34)",b'static const EVP_CIPHER aes_t4_##keylen##_##m...'
crypto,../repos/openssl/crypto/evp/e_aes.c,"(809, 40)-(809, 42)",b'static const EVP_CIPHER aes_t4_##keylen##_##m...'
crypto,../repos/openssl/crypto/evp/e_aes.c,"(809, 43)-(809, 45)",b'static const EVP_CIPHER aes_t4_##keylen##_##m...'
crypto,../repos/openssl/crypto/evp/e_aes.c,"(809, 67)-(809, 69)",b'static const EVP_CIPHER aes_t4_##keylen##_##m...'
crypto,../repos/openssl/crypto/evp/e_aes.c,"(809, 70)-(809, 72)",b'static const EVP_CIPHER aes_t4_##keylen##_##m...'
crypto,../repos/openssl/crypto/evp/e_aes.c,"(809, 78)-(809, 80)",b'static const EVP_CIPHER aes_t4_##keylen##_##m...'
crypto,../repos/openssl/crypto/evp/e_aes.c,"(809, 81)-(809, 83)",b'static const EVP_CIPHER aes_t4_##keylen##_##m...'
crypto,../repos/openssl/crypto/evp/e_aes.c,"(809, 140)-(809, 142)",b'static const EVP_CIPHER aes_t4_##keylen##_##m...'
crypto,../repos/openssl/crypto/evp/e_aes.c,"(809, 146)-(809, 148)",b'static const EVP_CIPHER aes_t4_##keylen##_##m...'
crypto,../repos/openssl/crypto/evp/e_aes.c,"(809, 258)-(809, 260)",b'static const EVP_CIPHER aes_t4_##keylen##_##m...'
crypto,../repos/openssl/crypto/evp/e_aes.c,"(809, 264)-(809, 266)",b'static const EVP_CIPHER aes_t4_##keylen##_##m...'
crypto,../repos/openssl/crypto/evp/e_aes.c,"(809, 430)-(809, 432)",b'static const EVP_CIPHER aes_t4_##keylen##_##m...'
crypto,../repos/openssl/crypto/evp/e_aes.c,"(809, 438)-(809, 440)",b'static const EVP_CIPHER aes_t4_##keylen##_##m...'
crypto,../repos/openssl/crypto/evp/e_aes.c,"(809, 441)-(809, 443)",b'static const EVP_CIPHER aes_t4_##keylen##_##m...'
crypto,../repos/openssl/crypto/evp/e_aes.c,"(809, 465)-(809, 467)",b'static const EVP_CIPHER aes_t4_##keylen##_##m...'
crypto,../repos/openssl/crypto/evp/e_aes.c,"(809, 468)-(809, 470)",b'static const EVP_CIPHER aes_t4_##keylen##_##m...'
crypto,../repos/openssl/crypto/evp/e_aes.c,"(809, 476)-(809, 478)",b'static const EVP_CIPHER aes_t4_##keylen##_##m...'
crypto,../repos/openssl/crypto/evp/e_aes.c,"(809, 479)-(809, 481)",b'static const EVP_CIPHER aes_t4_##keylen##_##m...'
crypto,../repos/openssl/crypto/evp/e_aes.c,"(809, 553)-(809, 555)",b'static const EVP_CIPHER aes_t4_##keylen##_##m...'
crypto,../repos/openssl/crypto/evp/e_aes.c,"(809, 559)-(809, 561)",b'static const EVP_CIPHER aes_t4_##keylen##_##m...'
crypto,../repos/openssl/crypto/evp/e_aes.c,"(809, 668)-(809, 670)",b'static const EVP_CIPHER aes_t4_##keylen##_##m...'
crypto,../repos/openssl/crypto/evp/e_aes.c,"(809, 674)-(809, 676)",b'static const EVP_CIPHER aes_t4_##keylen##_##m...'
crypto,../repos/openssl/crypto/evp/e_aes.c,"(809, 841)-(809, 843)",b'static const EVP_CIPHER aes_t4_##keylen##_##m...'
crypto,../repos/openssl/crypto/evp/e_aes.c,"(809, 849)-(809, 851)",b'static const EVP_CIPHER aes_t4_##keylen##_##m...'
crypto,../repos/openssl/crypto/evp/e_aes.c,"(809, 852)-(809, 854)",b'static const EVP_CIPHER aes_t4_##keylen##_##m...'
crypto,../repos/openssl/crypto/evp/e_aes.c,"(809, 902)-(809, 904)",b'static const EVP_CIPHER aes_t4_##keylen##_##m...'
crypto,../repos/openssl/crypto/evp/e_aes.c,"(809, 910)-(809, 912)",b'static const EVP_CIPHER aes_t4_##keylen##_##m...'
crypto,../repos/openssl/crypto/evp/e_aes.c,"(809, 913)-(809, 915)",b'static const EVP_CIPHER aes_t4_##keylen##_##m...'
crypto,../repos/openssl/crypto/evp/e_aes.c,"(809, 925)-(809, 927)",b'static const EVP_CIPHER aes_t4_##keylen##_##m...'
crypto,../repos/openssl/crypto/evp/e_aes.c,"(809, 933)-(809, 935)",b'static const EVP_CIPHER aes_t4_##keylen##_##m...'
crypto,../repos/openssl/crypto/evp/e_aes.c,"(809, 936)-(809, 938)",b'static const EVP_CIPHER aes_t4_##keylen##_##m...'
crypto,../repos/openssl/crypto/evp/e_aes.c,"(832, 32)-(832, 34)",b'static const EVP_CIPHER aes_t4_##keylen##_##m...'
crypto,../repos/openssl/crypto/evp/e_aes.c,"(832, 40)-(832, 42)",b'static const EVP_CIPHER aes_t4_##keylen##_##m...'
crypto,../repos/openssl/crypto/evp/e_aes.c,"(832, 43)-(832, 45)",b'static const EVP_CIPHER aes_t4_##keylen##_##m...'
crypto,../repos/openssl/crypto/evp/e_aes.c,"(832, 67)-(832, 69)",b'static const EVP_CIPHER aes_t4_##keylen##_##m...'
crypto,../repos/openssl/crypto/evp/e_aes.c,"(832, 70)-(832, 72)",b'static const EVP_CIPHER aes_t4_##keylen##_##m...'
crypto,../repos/openssl/crypto/evp/e_aes.c,"(832, 78)-(832, 80)",b'static const EVP_CIPHER aes_t4_##keylen##_##m...'
crypto,../repos/openssl/crypto/evp/e_aes.c,"(832, 81)-(832, 83)",b'static const EVP_CIPHER aes_t4_##keylen##_##m...'
crypto,../repos/openssl/crypto/evp/e_aes.c,"(832, 119)-(832, 121)",b'static const EVP_CIPHER aes_t4_##keylen##_##m...'
crypto,../repos/openssl/crypto/evp/e_aes.c,"(832, 125)-(832, 127)",b'static const EVP_CIPHER aes_t4_##keylen##_##m...'
crypto,../repos/openssl/crypto/evp/e_aes.c,"(832, 162)-(832, 164)",b'static const EVP_CIPHER aes_t4_##keylen##_##m...'
crypto,../repos/openssl/crypto/evp/e_aes.c,"(832, 168)-(832, 170)",b'static const EVP_CIPHER aes_t4_##keylen##_##m...'
crypto,../repos/openssl/crypto/evp/e_aes.c,"(832, 277)-(832, 279)",b'static const EVP_CIPHER aes_t4_##keylen##_##m...'
crypto,../repos/openssl/crypto/evp/e_aes.c,"(832, 283)-(832, 285)",b'static const EVP_CIPHER aes_t4_##keylen##_##m...'
crypto,../repos/openssl/crypto/evp/e_aes.c,"(832, 353)-(832, 355)",b'static const EVP_CIPHER aes_t4_##keylen##_##m...'
crypto,../repos/openssl/crypto/evp/e_aes.c,"(832, 359)-(832, 361)",b'static const EVP_CIPHER aes_t4_##keylen##_##m...'
crypto,../repos/openssl/crypto/evp/e_aes.c,"(832, 395)-(832, 397)",b'static const EVP_CIPHER aes_t4_##keylen##_##m...'
crypto,../repos/openssl/crypto/evp/e_aes.c,"(832, 401)-(832, 403)",b'static const EVP_CIPHER aes_t4_##keylen##_##m...'
crypto,../repos/openssl/crypto/evp/e_aes.c,"(832, 434)-(832, 436)",b'static const EVP_CIPHER aes_t4_##keylen##_##m...'
crypto,../repos/openssl/crypto/evp/e_aes.c,"(832, 440)-(832, 442)",b'static const EVP_CIPHER aes_t4_##keylen##_##m...'
crypto,../repos/openssl/crypto/evp/e_aes.c,"(832, 487)-(832, 489)",b'static const EVP_CIPHER aes_t4_##keylen##_##m...'
crypto,../repos/openssl/crypto/evp/e_aes.c,"(832, 493)-(832, 495)",b'static const EVP_CIPHER aes_t4_##keylen##_##m...'
crypto,../repos/openssl/crypto/evp/e_aes.c,"(832, 528)-(832, 530)",b'static const EVP_CIPHER aes_t4_##keylen##_##m...'
crypto,../repos/openssl/crypto/evp/e_aes.c,"(832, 534)-(832, 536)",b'static const EVP_CIPHER aes_t4_##keylen##_##m...'
crypto,../repos/openssl/crypto/evp/e_aes.c,"(832, 580)-(832, 582)",b'static const EVP_CIPHER aes_t4_##keylen##_##m...'
crypto,../repos/openssl/crypto/evp/e_aes.c,"(832, 588)-(832, 590)",b'static const EVP_CIPHER aes_t4_##keylen##_##m...'
crypto,../repos/openssl/crypto/evp/e_aes.c,"(832, 591)-(832, 593)",b'static const EVP_CIPHER aes_t4_##keylen##_##m...'
crypto,../repos/openssl/crypto/evp/e_aes.c,"(832, 615)-(832, 617)",b'static const EVP_CIPHER aes_t4_##keylen##_##m...'
crypto,../repos/openssl/crypto/evp/e_aes.c,"(832, 618)-(832, 620)",b'static const EVP_CIPHER aes_t4_##keylen##_##m...'
crypto,../repos/openssl/crypto/evp/e_aes.c,"(832, 626)-(832, 628)",b'static const EVP_CIPHER aes_t4_##keylen##_##m...'
crypto,../repos/openssl/crypto/evp/e_aes.c,"(832, 629)-(832, 631)",b'static const EVP_CIPHER aes_t4_##keylen##_##m...'
crypto,../repos/openssl/crypto/evp/e_aes.c,"(832, 667)-(832, 669)",b'static const EVP_CIPHER aes_t4_##keylen##_##m...'
crypto,../repos/openssl/crypto/evp/e_aes.c,"(832, 673)-(832, 675)",b'static const EVP_CIPHER aes_t4_##keylen##_##m...'
crypto,../repos/openssl/crypto/evp/e_aes.c,"(832, 710)-(832, 712)",b'static const EVP_CIPHER aes_t4_##keylen##_##m...'
crypto,../repos/openssl/crypto/evp/e_aes.c,"(832, 716)-(832, 718)",b'static const EVP_CIPHER aes_t4_##keylen##_##m...'
crypto,../repos/openssl/crypto/evp/e_aes.c,"(832, 825)-(832, 827)",b'static const EVP_CIPHER aes_t4_##keylen##_##m...'
crypto,../repos/openssl/crypto/evp/e_aes.c,"(832, 831)-(832, 833)",b'static const EVP_CIPHER aes_t4_##keylen##_##m...'
crypto,../repos/openssl/crypto/evp/e_aes.c,"(832, 898)-(832, 900)",b'static const EVP_CIPHER aes_t4_##keylen##_##m...'
crypto,../repos/openssl/crypto/evp/e_aes.c,"(832, 904)-(832, 906)",b'static const EVP_CIPHER aes_t4_##keylen##_##m...'
crypto,../repos/openssl/crypto/evp/e_aes.c,"(832, 940)-(832, 942)",b'static const EVP_CIPHER aes_t4_##keylen##_##m...'
crypto,../repos/openssl/crypto/evp/e_aes.c,"(832, 946)-(832, 948)",b'static const EVP_CIPHER aes_t4_##keylen##_##m...'
crypto,../repos/openssl/crypto/evp/e_aes.c,"(832, 982)-(832, 984)",b'static const EVP_CIPHER aes_t4_##keylen##_##m...'
crypto,../repos/openssl/crypto/evp/e_aes.c,"(832, 988)-(832, 990)",b'static const EVP_CIPHER aes_t4_##keylen##_##m...'
crypto,../repos/openssl/crypto/evp/e_aes.c,"(832, 1035)-(832, 1037)",b'static const EVP_CIPHER aes_t4_##keylen##_##m...'
crypto,../repos/openssl/crypto/evp/e_aes.c,"(832, 1041)-(832, 1043)",b'static const EVP_CIPHER aes_t4_##keylen##_##m...'
crypto,../repos/openssl/crypto/evp/e_aes.c,"(832, 1076)-(832, 1078)",b'static const EVP_CIPHER aes_t4_##keylen##_##m...'
crypto,../repos/openssl/crypto/evp/e_aes.c,"(832, 1082)-(832, 1084)",b'static const EVP_CIPHER aes_t4_##keylen##_##m...'
crypto,../repos/openssl/crypto/evp/e_aes.c,"(832, 1126)-(832, 1128)",b'static const EVP_CIPHER aes_t4_##keylen##_##m...'
crypto,../repos/openssl/crypto/evp/e_aes.c,"(832, 1134)-(832, 1136)",b'static const EVP_CIPHER aes_t4_##keylen##_##m...'
crypto,../repos/openssl/crypto/evp/e_aes.c,"(832, 1137)-(832, 1139)",b'static const EVP_CIPHER aes_t4_##keylen##_##m...'
crypto,../repos/openssl/crypto/evp/e_aes.c,"(832, 1187)-(832, 1189)",b'static const EVP_CIPHER aes_t4_##keylen##_##m...'
crypto,../repos/openssl/crypto/evp/e_aes.c,"(832, 1195)-(832, 1197)",b'static const EVP_CIPHER aes_t4_##keylen##_##m...'
crypto,../repos/openssl/crypto/evp/e_aes.c,"(832, 1198)-(832, 1200)",b'static const EVP_CIPHER aes_t4_##keylen##_##m...'
crypto,../repos/openssl/crypto/evp/e_aes.c,"(832, 1210)-(832, 1212)",b'static const EVP_CIPHER aes_t4_##keylen##_##m...'
crypto,../repos/openssl/crypto/evp/e_aes.c,"(832, 1218)-(832, 1220)",b'static const EVP_CIPHER aes_t4_##keylen##_##m...'
crypto,../repos/openssl/crypto/evp/e_aes.c,"(832, 1221)-(832, 1223)",b'static const EVP_CIPHER aes_t4_##keylen##_##m...'
crypto,../repos/openssl/crypto/evp/e_aes.c,"(2287, 35)-(2287, 37)",b'static const EVP_CIPHER s390x_aes_##keylen##_...'
crypto,../repos/openssl/crypto/evp/e_aes.c,"(2287, 43)-(2287, 45)",b'static const EVP_CIPHER s390x_aes_##keylen##_...'
crypto,../repos/openssl/crypto/evp/e_aes.c,"(2287, 46)-(2287, 48)",b'static const EVP_CIPHER s390x_aes_##keylen##_...'
crypto,../repos/openssl/crypto/evp/e_aes.c,"(2287, 82)-(2287, 84)",b'static const EVP_CIPHER s390x_aes_##keylen##_...'
crypto,../repos/openssl/crypto/evp/e_aes.c,"(2287, 85)-(2287, 87)",b'static const EVP_CIPHER s390x_aes_##keylen##_...'
crypto,../repos/openssl/crypto/evp/e_aes.c,"(2287, 93)-(2287, 95)",b'static const EVP_CIPHER s390x_aes_##keylen##_...'
crypto,../repos/openssl/crypto/evp/e_aes.c,"(2287, 96)-(2287, 98)",b'static const EVP_CIPHER s390x_aes_##keylen##_...'
crypto,../repos/openssl/crypto/evp/e_aes.c,"(2287, 318)-(2287, 320)",b'static const EVP_CIPHER s390x_aes_##keylen##_...'
crypto,../repos/openssl/crypto/evp/e_aes.c,"(2287, 324)-(2287, 326)",b'static const EVP_CIPHER s390x_aes_##keylen##_...'
crypto,../repos/openssl/crypto/evp/e_aes.c,"(2287, 459)-(2287, 461)",b'static const EVP_CIPHER s390x_aes_##keylen##_...'
crypto,../repos/openssl/crypto/evp/e_aes.c,"(2287, 465)-(2287, 467)",b'static const EVP_CIPHER s390x_aes_##keylen##_...'
crypto,../repos/openssl/crypto/evp/e_aes.c,"(2287, 533)-(2287, 535)",b'static const EVP_CIPHER s390x_aes_##keylen##_...'
crypto,../repos/openssl/crypto/evp/e_aes.c,"(2287, 539)-(2287, 541)",b'static const EVP_CIPHER s390x_aes_##keylen##_...'
crypto,../repos/openssl/crypto/evp/e_aes.c,"(2287, 688)-(2287, 690)",b'static const EVP_CIPHER s390x_aes_##keylen##_...'
crypto,../repos/openssl/crypto/evp/e_aes.c,"(2287, 694)-(2287, 696)",b'static const EVP_CIPHER s390x_aes_##keylen##_...'
crypto,../repos/openssl/crypto/evp/e_aes.c,"(2287, 1139)-(2287, 1141)",b'static const EVP_CIPHER s390x_aes_##keylen##_...'
crypto,../repos/openssl/crypto/evp/e_aes.c,"(2287, 1147)-(2287, 1149)",b'static const EVP_CIPHER s390x_aes_##keylen##_...'
crypto,../repos/openssl/crypto/evp/e_aes.c,"(2287, 1150)-(2287, 1152)",b'static const EVP_CIPHER s390x_aes_##keylen##_...'
crypto,../repos/openssl/crypto/evp/e_aes.c,"(2287, 1192)-(2287, 1194)",b'static const EVP_CIPHER s390x_aes_##keylen##_...'
crypto,../repos/openssl/crypto/evp/e_aes.c,"(2287, 1195)-(2287, 1197)",b'static const EVP_CIPHER s390x_aes_##keylen##_...'
crypto,../repos/openssl/crypto/evp/e_aes.c,"(2287, 1203)-(2287, 1205)",b'static const EVP_CIPHER s390x_aes_##keylen##_...'
crypto,../repos/openssl/crypto/evp/e_aes.c,"(2287, 1206)-(2287, 1208)",b'static const EVP_CIPHER s390x_aes_##keylen##_...'
crypto,../repos/openssl/crypto/evp/e_aes.c,"(2287, 1502)-(2287, 1504)",b'static const EVP_CIPHER s390x_aes_##keylen##_...'
crypto,../repos/openssl/crypto/evp/e_aes.c,"(2287, 1508)-(2287, 1510)",b'static const EVP_CIPHER s390x_aes_##keylen##_...'
crypto,../repos/openssl/crypto/evp/e_aes.c,"(2287, 1711)-(2287, 1713)",b'static const EVP_CIPHER s390x_aes_##keylen##_...'
crypto,../repos/openssl/crypto/evp/e_aes.c,"(2287, 1717)-(2287, 1719)",b'static const EVP_CIPHER s390x_aes_##keylen##_...'
crypto,../repos/openssl/crypto/evp/e_aes.c,"(2287, 2321)-(2287, 2323)",b'static const EVP_CIPHER s390x_aes_##keylen##_...'
crypto,../repos/openssl/crypto/evp/e_aes.c,"(2287, 2329)-(2287, 2331)",b'static const EVP_CIPHER s390x_aes_##keylen##_...'
crypto,../repos/openssl/crypto/evp/e_aes.c,"(2287, 2332)-(2287, 2334)",b'static const EVP_CIPHER s390x_aes_##keylen##_...'
crypto,../repos/openssl/crypto/evp/e_aes.c,"(2287, 2464)-(2287, 2466)",b'static const EVP_CIPHER s390x_aes_##keylen##_...'
crypto,../repos/openssl/crypto/evp/e_aes.c,"(2287, 2472)-(2287, 2474)",b'static const EVP_CIPHER s390x_aes_##keylen##_...'
crypto,../repos/openssl/crypto/evp/e_aes.c,"(2287, 2475)-(2287, 2477)",b'static const EVP_CIPHER s390x_aes_##keylen##_...'
crypto,../repos/openssl/crypto/evp/e_aes.c,"(2287, 2481)-(2287, 2483)",b'static const EVP_CIPHER s390x_aes_##keylen##_...'
crypto,../repos/openssl/crypto/evp/e_aes.c,"(2287, 2539)-(2287, 2541)",b'static const EVP_CIPHER s390x_aes_##keylen##_...'
crypto,../repos/openssl/crypto/evp/e_aes.c,"(2287, 2547)-(2287, 2549)",b'static const EVP_CIPHER s390x_aes_##keylen##_...'
crypto,../repos/openssl/crypto/evp/e_aes.c,"(2287, 2550)-(2287, 2552)",b'static const EVP_CIPHER s390x_aes_##keylen##_...'
crypto,../repos/openssl/crypto/evp/e_aes.c,"(2287, 2564)-(2287, 2566)",b'static const EVP_CIPHER s390x_aes_##keylen##_...'
crypto,../repos/openssl/crypto/evp/e_aes.c,"(2287, 2572)-(2287, 2574)",b'static const EVP_CIPHER s390x_aes_##keylen##_...'
crypto,../repos/openssl/crypto/evp/e_aes.c,"(2287, 2575)-(2287, 2577)",b'static const EVP_CIPHER s390x_aes_##keylen##_...'
crypto,../repos/openssl/crypto/evp/e_aes.c,"(2325, 35)-(2325, 37)",b'static const EVP_CIPHER s390x_aes_##keylen##_...'
crypto,../repos/openssl/crypto/evp/e_aes.c,"(2325, 43)-(2325, 45)",b'static const EVP_CIPHER s390x_aes_##keylen##_...'
crypto,../repos/openssl/crypto/evp/e_aes.c,"(2325, 46)-(2325, 48)",b'static const EVP_CIPHER s390x_aes_##keylen##_...'
crypto,../repos/openssl/crypto/evp/e_aes.c,"(2325, 82)-(2325, 84)",b'static const EVP_CIPHER s390x_aes_##keylen##_...'
crypto,../repos/openssl/crypto/evp/e_aes.c,"(2325, 85)-(2325, 87)",b'static const EVP_CIPHER s390x_aes_##keylen##_...'
crypto,../repos/openssl/crypto/evp/e_aes.c,"(2325, 93)-(2325, 95)",b'static const EVP_CIPHER s390x_aes_##keylen##_...'
crypto,../repos/openssl/crypto/evp/e_aes.c,"(2325, 96)-(2325, 98)",b'static const EVP_CIPHER s390x_aes_##keylen##_...'
crypto,../repos/openssl/crypto/evp/e_aes.c,"(2325, 237)-(2325, 239)",b'static const EVP_CIPHER s390x_aes_##keylen##_...'
crypto,../repos/openssl/crypto/evp/e_aes.c,"(2325, 243)-(2325, 245)",b'static const EVP_CIPHER s390x_aes_##keylen##_...'
crypto,../repos/openssl/crypto/evp/e_aes.c,"(2325, 280)-(2325, 282)",b'static const EVP_CIPHER s390x_aes_##keylen##_...'
crypto,../repos/openssl/crypto/evp/e_aes.c,"(2325, 286)-(2325, 288)",b'static const EVP_CIPHER s390x_aes_##keylen##_...'
crypto,../repos/openssl/crypto/evp/e_aes.c,"(2325, 440)-(2325, 442)",b'static const EVP_CIPHER s390x_aes_##keylen##_...'
crypto,../repos/openssl/crypto/evp/e_aes.c,"(2325, 446)-(2325, 448)",b'static const EVP_CIPHER s390x_aes_##keylen##_...'
crypto,../repos/openssl/crypto/evp/e_aes.c,"(2325, 581)-(2325, 583)",b'static const EVP_CIPHER s390x_aes_##keylen##_...'
crypto,../repos/openssl/crypto/evp/e_aes.c,"(2325, 587)-(2325, 589)",b'static const EVP_CIPHER s390x_aes_##keylen##_...'
crypto,../repos/openssl/crypto/evp/e_aes.c,"(2325, 655)-(2325, 657)",b'static const EVP_CIPHER s390x_aes_##keylen##_...'
crypto,../repos/openssl/crypto/evp/e_aes.c,"(2325, 661)-(2325, 663)",b'static const EVP_CIPHER s390x_aes_##keylen##_...'
crypto,../repos/openssl/crypto/evp/e_aes.c,"(2325, 729)-(2325, 731)",b'static const EVP_CIPHER s390x_aes_##keylen##_...'
crypto,../repos/openssl/crypto/evp/e_aes.c,"(2325, 735)-(2325, 737)",b'static const EVP_CIPHER s390x_aes_##keylen##_...'
crypto,../repos/openssl/crypto/evp/e_aes.c,"(2325, 810)-(2325, 812)",b'static const EVP_CIPHER s390x_aes_##keylen##_...'
crypto,../repos/openssl/crypto/evp/e_aes.c,"(2325, 816)-(2325, 818)",b'static const EVP_CIPHER s390x_aes_##keylen##_...'
crypto,../repos/openssl/crypto/evp/e_aes.c,"(2325, 1025)-(2325, 1027)",b'static const EVP_CIPHER s390x_aes_##keylen##_...'
crypto,../repos/openssl/crypto/evp/e_aes.c,"(2325, 1031)-(2325, 1033)",b'static const EVP_CIPHER s390x_aes_##keylen##_...'
crypto,../repos/openssl/crypto/evp/e_aes.c,"(2325, 1261)-(2325, 1263)",b'static const EVP_CIPHER s390x_aes_##keylen##_...'
crypto,../repos/openssl/crypto/evp/e_aes.c,"(2325, 1269)-(2325, 1271)",b'static const EVP_CIPHER s390x_aes_##keylen##_...'
crypto,../repos/openssl/crypto/evp/e_aes.c,"(2325, 1272)-(2325, 1274)",b'static const EVP_CIPHER s390x_aes_##keylen##_...'
crypto,../repos/openssl/crypto/evp/e_aes.c,"(2325, 1314)-(2325, 1316)",b'static const EVP_CIPHER s390x_aes_##keylen##_...'
crypto,../repos/openssl/crypto/evp/e_aes.c,"(2325, 1317)-(2325, 1319)",b'static const EVP_CIPHER s390x_aes_##keylen##_...'
crypto,../repos/openssl/crypto/evp/e_aes.c,"(2325, 1325)-(2325, 1327)",b'static const EVP_CIPHER s390x_aes_##keylen##_...'
crypto,../repos/openssl/crypto/evp/e_aes.c,"(2325, 1328)-(2325, 1330)",b'static const EVP_CIPHER s390x_aes_##keylen##_...'
crypto,../repos/openssl/crypto/evp/e_aes.c,"(2325, 1395)-(2325, 1397)",b'static const EVP_CIPHER s390x_aes_##keylen##_...'
crypto,../repos/openssl/crypto/evp/e_aes.c,"(2325, 1401)-(2325, 1403)",b'static const EVP_CIPHER s390x_aes_##keylen##_...'
crypto,../repos/openssl/crypto/evp/e_aes.c,"(2325, 1438)-(2325, 1440)",b'static const EVP_CIPHER s390x_aes_##keylen##_...'
crypto,../repos/openssl/crypto/evp/e_aes.c,"(2325, 1444)-(2325, 1446)",b'static const EVP_CIPHER s390x_aes_##keylen##_...'
crypto,../repos/openssl/crypto/evp/e_aes.c,"(2325, 1598)-(2325, 1600)",b'static const EVP_CIPHER s390x_aes_##keylen##_...'
crypto,../repos/openssl/crypto/evp/e_aes.c,"(2325, 1604)-(2325, 1606)",b'static const EVP_CIPHER s390x_aes_##keylen##_...'
crypto,../repos/openssl/crypto/evp/e_aes.c,"(2325, 1733)-(2325, 1735)",b'static const EVP_CIPHER s390x_aes_##keylen##_...'
crypto,../repos/openssl/crypto/evp/e_aes.c,"(2325, 1739)-(2325, 1741)",b'static const EVP_CIPHER s390x_aes_##keylen##_...'
crypto,../repos/openssl/crypto/evp/e_aes.c,"(2325, 1807)-(2325, 1809)",b'static const EVP_CIPHER s390x_aes_##keylen##_...'
crypto,../repos/openssl/crypto/evp/e_aes.c,"(2325, 1813)-(2325, 1815)",b'static const EVP_CIPHER s390x_aes_##keylen##_...'
crypto,../repos/openssl/crypto/evp/e_aes.c,"(2325, 1881)-(2325, 1883)",b'static const EVP_CIPHER s390x_aes_##keylen##_...'
crypto,../repos/openssl/crypto/evp/e_aes.c,"(2325, 1887)-(2325, 1889)",b'static const EVP_CIPHER s390x_aes_##keylen##_...'
crypto,../repos/openssl/crypto/evp/e_aes.c,"(2325, 1966)-(2325, 1968)",b'static const EVP_CIPHER s390x_aes_##keylen##_...'
crypto,../repos/openssl/crypto/evp/e_aes.c,"(2325, 1972)-(2325, 1974)",b'static const EVP_CIPHER s390x_aes_##keylen##_...'
crypto,../repos/openssl/crypto/evp/e_aes.c,"(2325, 2177)-(2325, 2179)",b'static const EVP_CIPHER s390x_aes_##keylen##_...'
crypto,../repos/openssl/crypto/evp/e_aes.c,"(2325, 2183)-(2325, 2185)",b'static const EVP_CIPHER s390x_aes_##keylen##_...'
crypto,../repos/openssl/crypto/evp/e_aes.c,"(2325, 2417)-(2325, 2419)",b'static const EVP_CIPHER s390x_aes_##keylen##_...'
crypto,../repos/openssl/crypto/evp/e_aes.c,"(2325, 2425)-(2325, 2427)",b'static const EVP_CIPHER s390x_aes_##keylen##_...'
crypto,../repos/openssl/crypto/evp/e_aes.c,"(2325, 2428)-(2325, 2430)",b'static const EVP_CIPHER s390x_aes_##keylen##_...'
crypto,../repos/openssl/crypto/evp/e_aes.c,"(2325, 2560)-(2325, 2562)",b'static const EVP_CIPHER s390x_aes_##keylen##_...'
crypto,../repos/openssl/crypto/evp/e_aes.c,"(2325, 2568)-(2325, 2570)",b'static const EVP_CIPHER s390x_aes_##keylen##_...'
crypto,../repos/openssl/crypto/evp/e_aes.c,"(2325, 2571)-(2325, 2573)",b'static const EVP_CIPHER s390x_aes_##keylen##_...'
crypto,../repos/openssl/crypto/evp/e_aes.c,"(2325, 2577)-(2325, 2579)",b'static const EVP_CIPHER s390x_aes_##keylen##_...'
crypto,../repos/openssl/crypto/evp/e_aes.c,"(2325, 2635)-(2325, 2637)",b'static const EVP_CIPHER s390x_aes_##keylen##_...'
crypto,../repos/openssl/crypto/evp/e_aes.c,"(2325, 2643)-(2325, 2645)",b'static const EVP_CIPHER s390x_aes_##keylen##_...'
crypto,../repos/openssl/crypto/evp/e_aes.c,"(2325, 2646)-(2325, 2648)",b'static const EVP_CIPHER s390x_aes_##keylen##_...'
crypto,../repos/openssl/crypto/evp/e_aes.c,"(2325, 2660)-(2325, 2662)",b'static const EVP_CIPHER s390x_aes_##keylen##_...'
crypto,../repos/openssl/crypto/evp/e_aes.c,"(2325, 2668)-(2325, 2670)",b'static const EVP_CIPHER s390x_aes_##keylen##_...'
crypto,../repos/openssl/crypto/evp/e_aes.c,"(2325, 2671)-(2325, 2673)",b'static const EVP_CIPHER s390x_aes_##keylen##_...'
crypto,../repos/openssl/crypto/evp/e_aes.c,"(2365, 29)-(2365, 31)",b'static const EVP_CIPHER aes_##keylen##_##mode...'
crypto,../repos/openssl/crypto/evp/e_aes.c,"(2365, 37)-(2365, 39)",b'static const EVP_CIPHER aes_##keylen##_##mode...'
crypto,../repos/openssl/crypto/evp/e_aes.c,"(2365, 40)-(2365, 42)",b'static const EVP_CIPHER aes_##keylen##_##mode...'
crypto,../repos/openssl/crypto/evp/e_aes.c,"(2365, 64)-(2365, 66)",b'static const EVP_CIPHER aes_##keylen##_##mode...'
crypto,../repos/openssl/crypto/evp/e_aes.c,"(2365, 67)-(2365, 69)",b'static const EVP_CIPHER aes_##keylen##_##mode...'
crypto,../repos/openssl/crypto/evp/e_aes.c,"(2365, 75)-(2365, 77)",b'static const EVP_CIPHER aes_##keylen##_##mode...'
crypto,../repos/openssl/crypto/evp/e_aes.c,"(2365, 78)-(2365, 80)",b'static const EVP_CIPHER aes_##keylen##_##mode...'
crypto,../repos/openssl/crypto/evp/e_aes.c,"(2365, 137)-(2365, 139)",b'static const EVP_CIPHER aes_##keylen##_##mode...'
crypto,../repos/openssl/crypto/evp/e_aes.c,"(2365, 143)-(2365, 145)",b'static const EVP_CIPHER aes_##keylen##_##mode...'
crypto,../repos/openssl/crypto/evp/e_aes.c,"(2365, 252)-(2365, 254)",b'static const EVP_CIPHER aes_##keylen##_##mode...'
crypto,../repos/openssl/crypto/evp/e_aes.c,"(2365, 258)-(2365, 260)",b'static const EVP_CIPHER aes_##keylen##_##mode...'
crypto,../repos/openssl/crypto/evp/e_aes.c,"(2365, 425)-(2365, 427)",b'static const EVP_CIPHER aes_##keylen##_##mode...'
crypto,../repos/openssl/crypto/evp/e_aes.c,"(2365, 433)-(2365, 435)",b'static const EVP_CIPHER aes_##keylen##_##mode...'
crypto,../repos/openssl/crypto/evp/e_aes.c,"(2365, 436)-(2365, 438)",b'static const EVP_CIPHER aes_##keylen##_##mode...'
crypto,../repos/openssl/crypto/evp/e_aes.c,"(2365, 465)-(2365, 467)",b'static const EVP_CIPHER aes_##keylen##_##mode...'
crypto,../repos/openssl/crypto/evp/e_aes.c,"(2365, 473)-(2365, 475)",b'static const EVP_CIPHER aes_##keylen##_##mode...'
crypto,../repos/openssl/crypto/evp/e_aes.c,"(2365, 476)-(2365, 478)",b'static const EVP_CIPHER aes_##keylen##_##mode...'
crypto,../repos/openssl/crypto/evp/e_aes.c,"(2378, 29)-(2378, 31)",b'static const EVP_CIPHER aes_##keylen##_##mode...'
crypto,../repos/openssl/crypto/evp/e_aes.c,"(2378, 37)-(2378, 39)",b'static const EVP_CIPHER aes_##keylen##_##mode...'
crypto,../repos/openssl/crypto/evp/e_aes.c,"(2378, 40)-(2378, 42)",b'static const EVP_CIPHER aes_##keylen##_##mode...'
crypto,../repos/openssl/crypto/evp/e_aes.c,"(2378, 64)-(2378, 66)",b'static const EVP_CIPHER aes_##keylen##_##mode...'
crypto,../repos/openssl/crypto/evp/e_aes.c,"(2378, 67)-(2378, 69)",b'static const EVP_CIPHER aes_##keylen##_##mode...'
crypto,../repos/openssl/crypto/evp/e_aes.c,"(2378, 75)-(2378, 77)",b'static const EVP_CIPHER aes_##keylen##_##mode...'
crypto,../repos/openssl/crypto/evp/e_aes.c,"(2378, 78)-(2378, 80)",b'static const EVP_CIPHER aes_##keylen##_##mode...'
crypto,../repos/openssl/crypto/evp/e_aes.c,"(2378, 116)-(2378, 118)",b'static const EVP_CIPHER aes_##keylen##_##mode...'
crypto,../repos/openssl/crypto/evp/e_aes.c,"(2378, 122)-(2378, 124)",b'static const EVP_CIPHER aes_##keylen##_##mode...'
crypto,../repos/openssl/crypto/evp/e_aes.c,"(2378, 159)-(2378, 161)",b'static const EVP_CIPHER aes_##keylen##_##mode...'
crypto,../repos/openssl/crypto/evp/e_aes.c,"(2378, 165)-(2378, 167)",b'static const EVP_CIPHER aes_##keylen##_##mode...'
crypto,../repos/openssl/crypto/evp/e_aes.c,"(2378, 274)-(2378, 276)",b'static const EVP_CIPHER aes_##keylen##_##mode...'
crypto,../repos/openssl/crypto/evp/e_aes.c,"(2378, 280)-(2378, 282)",b'static const EVP_CIPHER aes_##keylen##_##mode...'
crypto,../repos/openssl/crypto/evp/e_aes.c,"(2378, 347)-(2378, 349)",b'static const EVP_CIPHER aes_##keylen##_##mode...'
crypto,../repos/openssl/crypto/evp/e_aes.c,"(2378, 353)-(2378, 355)",b'static const EVP_CIPHER aes_##keylen##_##mode...'
crypto,../repos/openssl/crypto/evp/e_aes.c,"(2378, 389)-(2378, 391)",b'static const EVP_CIPHER aes_##keylen##_##mode...'
crypto,../repos/openssl/crypto/evp/e_aes.c,"(2378, 395)-(2378, 397)",b'static const EVP_CIPHER aes_##keylen##_##mode...'
crypto,../repos/openssl/crypto/evp/e_aes.c,"(2378, 431)-(2378, 433)",b'static const EVP_CIPHER aes_##keylen##_##mode...'
crypto,../repos/openssl/crypto/evp/e_aes.c,"(2378, 437)-(2378, 439)",b'static const EVP_CIPHER aes_##keylen##_##mode...'
crypto,../repos/openssl/crypto/evp/e_aes.c,"(2378, 484)-(2378, 486)",b'static const EVP_CIPHER aes_##keylen##_##mode...'
crypto,../repos/openssl/crypto/evp/e_aes.c,"(2378, 490)-(2378, 492)",b'static const EVP_CIPHER aes_##keylen##_##mode...'
crypto,../repos/openssl/crypto/evp/e_aes.c,"(2378, 525)-(2378, 527)",b'static const EVP_CIPHER aes_##keylen##_##mode...'
crypto,../repos/openssl/crypto/evp/e_aes.c,"(2378, 531)-(2378, 533)",b'static const EVP_CIPHER aes_##keylen##_##mode...'
crypto,../repos/openssl/crypto/evp/e_aes.c,"(2378, 575)-(2378, 577)",b'static const EVP_CIPHER aes_##keylen##_##mode...'
crypto,../repos/openssl/crypto/evp/e_aes.c,"(2378, 583)-(2378, 585)",b'static const EVP_CIPHER aes_##keylen##_##mode...'
crypto,../repos/openssl/crypto/evp/e_aes.c,"(2378, 586)-(2378, 588)",b'static const EVP_CIPHER aes_##keylen##_##mode...'
crypto,../repos/openssl/crypto/evp/e_aes.c,"(2378, 615)-(2378, 617)",b'static const EVP_CIPHER aes_##keylen##_##mode...'
crypto,../repos/openssl/crypto/evp/e_aes.c,"(2378, 623)-(2378, 625)",b'static const EVP_CIPHER aes_##keylen##_##mode...'
crypto,../repos/openssl/crypto/evp/e_aes.c,"(2378, 626)-(2378, 628)",b'static const EVP_CIPHER aes_##keylen##_##mode...'
crypto,../repos/openssl/crypto/evp/legacy_sha.c,"(30, 14)-(30, 16)",b'static int nm##_init(EVP_MD_CTX *ctx)        ...'
crypto,../repos/openssl/crypto/evp/legacy_sha.c,"(30, 176)-(30, 178)",b'static int nm##_init(EVP_MD_CTX *ctx)        ...'
crypto,../repos/openssl/crypto/evp/legacy_sha.c,"(30, 342)-(30, 344)",b'static int nm##_init(EVP_MD_CTX *ctx)        ...'
crypto,../repos/openssl/crypto/evp/legacy_sha.c,"(30, 504)-(30, 506)",b'static int nm##_init(EVP_MD_CTX *ctx)        ...'
crypto,../repos/openssl/crypto/evp/legacy_sha.c,"(30, 666)-(30, 668)",b'static int nm##_init(EVP_MD_CTX *ctx)        ...'
crypto,../repos/openssl/crypto/evp/legacy_sha.c,"(30, 909)-(30, 911)",b'static int nm##_init(EVP_MD_CTX *ctx)        ...'
crypto,../repos/openssl/crypto/evp/legacy_sha.c,"(44, 14)-(44, 16)",b'static int nm##_init(EVP_MD_CTX *ctx)        ...'
crypto,../repos/openssl/crypto/evp/legacy_sha.c,"(44, 176)-(44, 178)",b'static int nm##_init(EVP_MD_CTX *ctx)        ...'
crypto,../repos/openssl/crypto/evp/legacy_sha.c,"(198, 24)-(198, 26)",b'const EVP_MD *EVP_sha3_##bitlen(void)        ...'
crypto,../repos/openssl/crypto/evp/legacy_sha.c,"(198, 192)-(198, 194)",b'const EVP_MD *EVP_sha3_##bitlen(void)        ...'
crypto,../repos/openssl/crypto/evp/legacy_sha.c,"(198, 200)-(198, 202)",b'const EVP_MD *EVP_sha3_##bitlen(void)        ...'
crypto,../repos/openssl/crypto/evp/legacy_sha.c,"(198, 261)-(198, 263)",b'const EVP_MD *EVP_sha3_##bitlen(void)        ...'
crypto,../repos/openssl/crypto/evp/legacy_sha.c,"(198, 346)-(198, 348)",b'const EVP_MD *EVP_sha3_##bitlen(void)        ...'
crypto,../repos/openssl/crypto/evp/legacy_sha.c,"(198, 990)-(198, 992)",b'const EVP_MD *EVP_sha3_##bitlen(void)        ...'
crypto,../repos/openssl/crypto/evp/legacy_sha.c,"(198, 998)-(198, 1000)",b'const EVP_MD *EVP_sha3_##bitlen(void)        ...'
crypto,../repos/openssl/crypto/evp/legacy_sha.c,"(213, 24)-(213, 26)",b'const EVP_MD *EVP_shake##bitlen(void)        ...'
crypto,../repos/openssl/crypto/evp/legacy_sha.c,"(213, 192)-(213, 194)",b'const EVP_MD *EVP_shake##bitlen(void)        ...'
crypto,../repos/openssl/crypto/evp/legacy_sha.c,"(213, 200)-(213, 202)",b'const EVP_MD *EVP_shake##bitlen(void)        ...'
crypto,../repos/openssl/crypto/evp/legacy_sha.c,"(213, 261)-(213, 263)",b'const EVP_MD *EVP_shake##bitlen(void)        ...'
crypto,../repos/openssl/crypto/evp/legacy_sha.c,"(213, 909)-(213, 911)",b'const EVP_MD *EVP_shake##bitlen(void)        ...'
crypto,../repos/openssl/crypto/evp/legacy_sha.c,"(213, 917)-(213, 919)",b'const EVP_MD *EVP_shake##bitlen(void)        ...'
crypto,../repos/openssl/crypto/evp/p_lib.c,"(905, 33)-(905, 35)",b'ECX_KEY *ossl_evp_pkey_get1_##NAME(EVP_PKEY *...'
crypto,../repos/openssl/crypto/evp/p_lib.c,"(905, 201)-(905, 203)",b'ECX_KEY *ossl_evp_pkey_get1_##NAME(EVP_PKEY *...'
crypto,../repos/openssl/crypto/cmp/cmp_local.h,"(793, 37)-(793, 39)","b'ossl_cmp_print_log(OSSL_CMP_LOG_##level, ctx,...'"
crypto,../repos/openssl/crypto/cmp/cmp_local.h,"(796, 37)-(796, 39)","b'ossl_cmp_print_log(OSSL_CMP_LOG_##level, ctx,...'"
crypto,../repos/openssl/crypto/cmp/cmp_local.h,"(799, 37)-(799, 39)","b'ossl_cmp_print_log(OSSL_CMP_LOG_##level, ctx,...'"
crypto,../repos/openssl/crypto/cmp/cmp_local.h,"(802, 37)-(802, 39)","b'ossl_cmp_print_log(OSSL_CMP_LOG_##level, ctx,...'"
crypto,../repos/openssl/crypto/cmp/cmp_local.h,"(805, 37)-(805, 39)","b'ossl_cmp_print_log(OSSL_CMP_LOG_##level, ctx,...'"
crypto,../repos/openssl/crypto/cmp/cmp_ctx.c,"(26, 25)-(26, 27)",b'TYPE *OSSL_CMP_CTX_get0_##NAME(const OSSL_CMP...'
crypto,../repos/openssl/crypto/cmp/cmp_ctx.c,"(43, 11)-(43, 13)","b'int PREFIX##_set0##_##NAME(OSSL_CMP_CTX *ctx,...'"
crypto,../repos/openssl/crypto/cmp/cmp_ctx.c,"(43, 18)-(43, 20)","b'int PREFIX##_set0##_##NAME(OSSL_CMP_CTX *ctx,...'"
crypto,../repos/openssl/crypto/cmp/cmp_ctx.c,"(43, 21)-(43, 23)","b'int PREFIX##_set0##_##NAME(OSSL_CMP_CTX *ctx,...'"
crypto,../repos/openssl/crypto/cmp/cmp_ctx.c,"(43, 180)-(43, 182)","b'int PREFIX##_set0##_##NAME(OSSL_CMP_CTX *ctx,...'"
crypto,../repos/openssl/crypto/cmp/cmp_ctx.c,"(256, 11)-(256, 13)","b'int PREFIX##_set_##FIELD(OSSL_CMP_CTX *ctx, T...'"
crypto,../repos/openssl/crypto/cmp/cmp_ctx.c,"(256, 18)-(256, 20)","b'int PREFIX##_set_##FIELD(OSSL_CMP_CTX *ctx, T...'"
crypto,../repos/openssl/crypto/cmp/cmp_ctx.c,"(269, 12)-(269, 14)",b'TYPE PREFIX##_get_##FIELD(const OSSL_CMP_CTX ...'
crypto,../repos/openssl/crypto/cmp/cmp_ctx.c,"(269, 19)-(269, 21)",b'TYPE PREFIX##_get_##FIELD(const OSSL_CMP_CTX ...'
crypto,../repos/openssl/crypto/cmp/cmp_ctx.c,"(455, 35)-(455, 37)",b'STACK_OF(X509) *OSSL_CMP_CTX_get1_##FIELD(con...'
crypto,../repos/openssl/crypto/cmp/cmp_ctx.c,"(468, 11)-(468, 13)","b'int PREFIX##_set1_##FIELD(OSSL_CMP_CTX *ctx, ...'"
crypto,../repos/openssl/crypto/cmp/cmp_ctx.c,"(468, 19)-(468, 21)","b'int PREFIX##_set1_##FIELD(OSSL_CMP_CTX *ctx, ...'"
crypto,../repos/openssl/crypto/cmp/cmp_ctx.c,"(567, 23)-(567, 25)",b'int OSSL_CMP_CTX_set1_##FIELD(OSSL_CMP_CTX *c...'
crypto,../repos/openssl/crypto/cmp/cmp_ctx.c,"(567, 259)-(567, 261)",b'int OSSL_CMP_CTX_set1_##FIELD(OSSL_CMP_CTX *c...'
crypto,../repos/openssl/crypto/cmp/cmp_ctx.c,"(567, 311)-(567, 313)",b'int OSSL_CMP_CTX_set1_##FIELD(OSSL_CMP_CTX *c...'
crypto,../repos/openssl/crypto/cmp/cmp_ctx.c,"(587, 11)-(587, 13)","b'int PREFIX##_set1_##FIELD(OSSL_CMP_CTX *ctx, ...'"
crypto,../repos/openssl/crypto/cmp/cmp_ctx.c,"(587, 19)-(587, 21)","b'int PREFIX##_set1_##FIELD(OSSL_CMP_CTX *ctx, ...'"
crypto,../repos/openssl/crypto/cmp/cmp_ctx.c,"(801, 11)-(801, 13)","b'int PREFIX##_set1_##FIELD(OSSL_CMP_CTX *ctx, ...'"
crypto,../repos/openssl/crypto/cmp/cmp_ctx.c,"(801, 19)-(801, 21)","b'int PREFIX##_set1_##FIELD(OSSL_CMP_CTX *ctx, ...'"
