Repo name,File name,Location,Content
crypto,../repos/openssl/crypto/bn/bn_ctx.c,"(24, 1)-(29, 16)",b'typedef struct bignum_pool_item {\n    /* The ...'
crypto,../repos/openssl/crypto/bn/bn_ctx.c,"(31, 1)-(36, 11)",b'typedef struct bignum_pool {\n    /* Linked-li...'
crypto,../repos/openssl/crypto/bn/bn_ctx.c,"(47, 1)-(52, 12)",b'typedef struct bignum_ctx_stack {\n    /* Arra...'
crypto,../repos/openssl/crypto/bn/bn_rand.c,"(19, 1)-(21, 15)","b'typedef enum bnrand_flag_e {\n    NORMAL, TEST...'"
crypto,../repos/openssl/crypto/bn/bn_lib.c,"(429, 1)-(429, 41)","b'typedef enum {BIG, LITTLE} endianness_t;'"
crypto,../repos/openssl/crypto/bn/bn_lib.c,"(430, 1)-(430, 46)","b'typedef enum {SIGNED, UNSIGNED} signedness_t;'"
crypto,../repos/openssl/crypto/bn/bn_prime.h,"(13, 1)-(13, 32)",b'typedef unsigned short prime_t;'
crypto,../repos/openssl/crypto/bn/bn_exp.c,"(787, 9)-(789, 61)","b'typedef int (*bn_pwr5_mont_f) (BN_ULONG *tp, ...'"
crypto,../repos/openssl/crypto/bn/bn_exp.c,"(808, 9)-(810, 59)","b'typedef int (*bn_mul_mont_f) (BN_ULONG *rp, c...'"
crypto,../repos/openssl/crypto/bn/bn_sparc.c,"(30, 13)-(33, 63)","b'typedef int (*bn_mul_mont_f) (BN_ULONG *rp, c...'"
crypto,../repos/openssl/crypto/bn/rsaz_exp_x2.c,"(145, 5)-(146, 76)","b'typedef void (*AMM)(BN_ULONG *res, const BN_U...'"
crypto,../repos/openssl/crypto/bn/rsaz_exp_x2.c,"(296, 5)-(298, 48)","b'typedef void (*DAMM)(BN_ULONG *res, const BN_...'"
crypto,../repos/openssl/crypto/bn/rsaz_exp_x2.c,"(299, 5)-(300, 62)","b'typedef void (*DEXTRACT)(BN_ULONG *res, const...'"
crypto,../repos/openssl/crypto/bn/bn_nist.c,"(473, 1)-(474, 57)","b'typedef BN_ULONG (*bn_addsub_f) (BN_ULONG *, ...'"
crypto,../repos/openssl/crypto/encode_decode/decoder_pkey.c,"(588, 1)-(595, 23)",b'typedef struct {\n    char *input_type;\n    ch...'
crypto,../repos/openssl/crypto/encode_decode/decoder_pkey.c,"(599, 1)-(602, 17)",b'typedef struct {\n    CRYPTO_RWLOCK *lock;\n   ...'
crypto,../repos/openssl/crypto/cpuid.c,"(31, 1)-(31, 28)",b'typedef WCHAR variant_char;'
crypto,../repos/openssl/crypto/cpuid.c,"(46, 1)-(46, 27)",b'typedef char variant_char;'
crypto,../repos/openssl/crypto/cpuid.c,"(93, 1)-(93, 26)",b'typedef uint64_t IA32CAP;'
crypto,../repos/openssl/crypto/aes/aes_core.c,"(63, 1)-(67, 7)",b'typedef union {\n    unsigned char b[8];\n    u...'
crypto,../repos/openssl/crypto/aes/aes_local.h,"(27, 1)-(27, 22)",b'typedef uint64_t u64;'
crypto,../repos/openssl/crypto/aes/aes_local.h,"(29, 1)-(29, 27)",b'typedef unsigned long u32;'
crypto,../repos/openssl/crypto/aes/aes_local.h,"(31, 1)-(31, 26)",b'typedef unsigned int u32;'
crypto,../repos/openssl/crypto/aes/aes_local.h,"(33, 1)-(33, 28)",b'typedef unsigned short u16;'
crypto,../repos/openssl/crypto/aes/aes_local.h,"(34, 1)-(34, 26)",b'typedef unsigned char u8;'
crypto,../repos/openssl/crypto/x509/pcy_local.h,"(10, 1)-(10, 53)",b'typedef struct X509_POLICY_DATA_st X509_POLIC...'
crypto,../repos/openssl/crypto/x509/x509_local.h,"(151, 1)-(151, 49)",b'typedef struct lookup_dir_hashes_st BY_DIR_HASH;'
crypto,../repos/openssl/crypto/x509/x509_local.h,"(152, 1)-(152, 49)",b'typedef struct lookup_dir_entry_st BY_DIR_ENTRY;'
crypto,../repos/openssl/crypto/x509/x509_local.h,"(155, 1)-(155, 34)",b'typedef STACK_OF(X509_NAME_ENTRY)'
crypto,../repos/openssl/crypto/x509/v3_utl.c,"(575, 1)-(577, 46)",b'typedef int (*equal_fn) (const unsigned char ...'
crypto,../repos/openssl/crypto/x509/v3_utl.c,"(1174, 1)-(1183, 13)",b'typedef struct {\n    /* Temporary store for I...'
crypto,../repos/openssl/crypto/x509/by_dir.c,"(45, 1)-(49, 10)",b'typedef struct lookup_dir_st {\n    BUF_MEM *b...'
crypto,../repos/openssl/crypto/x509/v3_tlsf.c,"(44, 1)-(47, 20)",b'typedef struct {\n    long num;\n    const char...'
crypto,../repos/openssl/crypto/dsa/dsa_pmeth.c,"(27, 1)-(36, 16)",b'typedef struct {\n    /* Parameter gen paramet...'
crypto,../repos/openssl/crypto/dh/dh_pmeth.c,"(29, 1)-(52, 15)",b'typedef struct {\n    /* Parameter gen paramet...'
crypto,../repos/openssl/crypto/dh/dh_asn1.c,"(61, 1)-(64, 17)",b'typedef struct {\n    ASN1_BIT_STRING *seed;\n ...'
crypto,../repos/openssl/crypto/dh/dh_asn1.c,"(66, 1)-(72, 17)",b'typedef struct {\n    BIGNUM *p;\n    BIGNUM *q...'
crypto,../repos/openssl/crypto/provider_conf.c,"(25, 1)-(28, 24)",b'typedef struct {\n    CRYPTO_RWLOCK *lock;\n   ...'
crypto,../repos/openssl/crypto/mem_clr.c,"(18, 1)-(18, 48)","b'typedef void *(*memset_t)(void *, int, size_t);'"
crypto,../repos/openssl/crypto/whrlpool/wp_block.c,"(49, 1)-(49, 26)",b'typedef unsigned char u8;'
crypto,../repos/openssl/crypto/whrlpool/wp_block.c,"(51, 1)-(51, 30)",b'typedef unsigned __int64 u64;'
crypto,../repos/openssl/crypto/whrlpool/wp_block.c,"(53, 1)-(53, 27)",b'typedef unsigned long u64;'
crypto,../repos/openssl/crypto/whrlpool/wp_block.c,"(55, 1)-(55, 32)",b'typedef unsigned long long u64;'
crypto,../repos/openssl/crypto/whrlpool/wp_block.c,"(75, 1)-(75, 19)",b'typedef u64 u64_a1'
crypto,../repos/openssl/crypto/whrlpool/wp_block.c,"(77, 1)-(77, 20)",b'typedef u64 u64_a1;'
crypto,../repos/openssl/crypto/whrlpool/wp_block.c,"(82, 1)-(82, 19)",b'typedef u64 u64_aX'
crypto,../repos/openssl/crypto/whrlpool/wp_block.c,"(84, 1)-(84, 20)",b'typedef u64 u64_aX;'
crypto,../repos/openssl/crypto/poly1305/poly1305_base2_44.c,"(18, 1)-(18, 26)",b'typedef unsigned char u8;'
crypto,../repos/openssl/crypto/poly1305/poly1305_base2_44.c,"(19, 1)-(19, 26)",b'typedef unsigned int u32;'
crypto,../repos/openssl/crypto/poly1305/poly1305_base2_44.c,"(20, 1)-(20, 27)",b'typedef unsigned long u64;'
crypto,../repos/openssl/crypto/poly1305/poly1305_base2_44.c,"(21, 1)-(21, 24)",b'typedef uint128_t u128;'
crypto,../repos/openssl/crypto/poly1305/poly1305_base2_44.c,"(23, 1)-(27, 21)",b'typedef struct {\n    u64 h[3];\n    u64 s[2];\n...'
crypto,../repos/openssl/crypto/poly1305/poly1305.c,"(66, 1)-(66, 26)",b'typedef unsigned int u32;'
crypto,../repos/openssl/crypto/poly1305/poly1305.c,"(99, 1)-(99, 27)",b'typedef unsigned long u64;'
crypto,../repos/openssl/crypto/poly1305/poly1305.c,"(100, 1)-(100, 24)",b'typedef uint128_t u128;'
crypto,../repos/openssl/crypto/poly1305/poly1305.c,"(102, 1)-(105, 21)",b'typedef struct {\n    u64 h[3];\n    u64 r[2];\n...'
crypto,../repos/openssl/crypto/poly1305/poly1305.c,"(250, 1)-(250, 30)",b'typedef unsigned __int64 u64;'
crypto,../repos/openssl/crypto/poly1305/poly1305.c,"(252, 1)-(252, 27)",b'typedef unsigned long u64;'
crypto,../repos/openssl/crypto/poly1305/poly1305.c,"(254, 1)-(254, 32)",b'typedef unsigned long long u64;'
crypto,../repos/openssl/crypto/poly1305/poly1305.c,"(257, 1)-(260, 21)",b'typedef struct {\n    u32 h[5];\n    u32 r[4];\n...'
crypto,../repos/openssl/crypto/poly1305/poly1305_ieee754.c,"(55, 1)-(55, 26)",b'typedef unsigned char u8;'
crypto,../repos/openssl/crypto/poly1305/poly1305_ieee754.c,"(56, 1)-(56, 26)",b'typedef unsigned int u32;'
crypto,../repos/openssl/crypto/poly1305/poly1305_ieee754.c,"(57, 1)-(57, 32)",b'typedef unsigned long long u64;'
crypto,../repos/openssl/crypto/poly1305/poly1305_ieee754.c,"(58, 1)-(58, 43)",b'typedef union { double d; u64 u; } elem64;'
crypto,../repos/openssl/crypto/poly1305/poly1305_ieee754.c,"(89, 1)-(93, 21)",b'typedef struct {\n    elem64 h[4];\n    double ...'
crypto,../repos/openssl/crypto/ocsp/ocsp_prn.c,"(33, 1)-(36, 15)",b'typedef struct {\n    long t;\n    const char *...'
crypto,../repos/openssl/crypto/thread/arch/thread_win.c,"(282, 1)-(298, 18)",b'typedef struct legacy_condvar_st {\n    CRYPTO...'
crypto,../repos/openssl/crypto/store/store_local.h,"(125, 1)-(125, 63)",b'typedef struct ossl_store_loader_ctx_st OSSL_...'
crypto,../repos/openssl/crypto/store/store_result.c,"(302, 1)-(302, 56)",b'typedef OSSL_STORE_INFO *store_info_new_fn(EV...'
crypto,../repos/openssl/crypto/initthread.c,"(35, 1)-(35, 61)",b'typedef struct thread_event_handler_st THREAD...'
crypto,../repos/openssl/crypto/initthread.c,"(48, 1)-(48, 65)",b'typedef struct global_tevent_register_st GLOB...'
crypto,../repos/openssl/crypto/rand/rand_lib.c,"(392, 1)-(447, 15)",b'typedef struct rand_global_st {\n    /*\n     *...'
crypto,../repos/openssl/crypto/async/async_local.h,"(26, 1)-(26, 39)",b'typedef struct async_ctx_st async_ctx;'
crypto,../repos/openssl/crypto/async/async_local.h,"(27, 1)-(27, 41)",b'typedef struct async_pool_st async_pool;'
crypto,../repos/openssl/crypto/async/arch/async_posix.h,"(56, 1)-(62, 15)",b'typedef struct async_fibre_st {\n    ucontext_...'
crypto,../repos/openssl/crypto/async/arch/async_null.h,"(20, 1)-(22, 15)",b'typedef struct async_fibre_st {\n    int dummy...'
crypto,../repos/openssl/crypto/async/arch/async_win.h,"(22, 1)-(25, 15)",b'typedef struct async_fibre_st {\n    LPVOID fi...'
crypto,../repos/openssl/crypto/threads_win.c,"(34, 1)-(37, 21)",b'typedef struct {\n    SRWLOCK lock;\n    int ex...'
crypto,../repos/openssl/crypto/rsa/rsa_local.h,"(18, 1)-(25, 18)",b'typedef struct rsa_prime_info_st {\n    BIGNUM...'
crypto,../repos/openssl/crypto/rsa/rsa_pmeth.c,"(33, 1)-(57, 16)",b'typedef struct {\n    /* Key gen parameters */...'
crypto,../repos/openssl/crypto/param_build.c,"(24, 1)-(41, 22)",b'typedef struct {\n    const char *key;\n    int...'
crypto,../repos/openssl/crypto/err/err.c,"(161, 1)-(163, 18)","b'typedef enum ERR_GET_ACTION_e {\n    EV_POP, E...'"
crypto,../repos/openssl/crypto/modes/cbc128.c,"(19, 1)-(19, 25)",b'typedef size_t size_t_aX'
crypto,../repos/openssl/crypto/modes/cbc128.c,"(21, 1)-(21, 26)",b'typedef size_t size_t_aX;'
crypto,../repos/openssl/crypto/modes/ccm128.c,"(16, 1)-(16, 19)",b'typedef u64 u64_a1'
crypto,../repos/openssl/crypto/modes/ccm128.c,"(18, 1)-(18, 20)",b'typedef u64 u64_a1;'
crypto,../repos/openssl/crypto/modes/xts128gb.c,"(17, 1)-(17, 19)",b'typedef u64 u64_a1'
crypto,../repos/openssl/crypto/modes/xts128gb.c,"(19, 1)-(19, 20)",b'typedef u64 u64_a1;'
crypto,../repos/openssl/crypto/modes/ctr128.c,"(16, 1)-(16, 25)",b'typedef size_t size_t_aX'
crypto,../repos/openssl/crypto/modes/ctr128.c,"(18, 1)-(18, 26)",b'typedef size_t size_t_aX;'
crypto,../repos/openssl/crypto/modes/gcm128.c,"(17, 1)-(17, 25)",b'typedef size_t size_t_aX'
crypto,../repos/openssl/crypto/modes/gcm128.c,"(19, 1)-(19, 26)",b'typedef size_t size_t_aX;'
crypto,../repos/openssl/crypto/modes/xts128.c,"(17, 1)-(17, 19)",b'typedef u64 u64_a1'
crypto,../repos/openssl/crypto/modes/xts128.c,"(19, 1)-(19, 20)",b'typedef u64 u64_a1;'
crypto,../repos/openssl/crypto/modes/cfb128.c,"(15, 1)-(15, 25)",b'typedef size_t size_t_aX'
crypto,../repos/openssl/crypto/modes/cfb128.c,"(17, 1)-(17, 26)",b'typedef size_t size_t_aX;'
crypto,../repos/openssl/crypto/modes/ofb128.c,"(15, 1)-(15, 25)",b'typedef size_t size_t_aX'
crypto,../repos/openssl/crypto/modes/ofb128.c,"(17, 1)-(17, 26)",b'typedef size_t size_t_aX;'
crypto,../repos/openssl/crypto/chacha/chacha_enc.c,"(18, 1)-(18, 26)",b'typedef unsigned int u32;'
crypto,../repos/openssl/crypto/chacha/chacha_enc.c,"(19, 1)-(19, 26)",b'typedef unsigned char u8;'
crypto,../repos/openssl/crypto/chacha/chacha_enc.c,"(20, 1)-(23, 14)",b'typedef union {\n    u32 u[16];\n    u8 c[64];\n...'
crypto,../repos/openssl/crypto/dso/dso_win32.c,"(489, 1)-(489, 65)",b'typedef HANDLE(WINAPI *CREATETOOLHELP32SNAPSH...'
crypto,../repos/openssl/crypto/dso/dso_win32.c,"(490, 1)-(490, 56)",b'typedef BOOL(WINAPI *CLOSETOOLHELP32SNAPSHOT)...'
crypto,../repos/openssl/crypto/dso/dso_win32.c,"(491, 1)-(491, 58)","b'typedef BOOL(WINAPI *MODULE32) (HANDLE, MODUL...'"
crypto,../repos/openssl/crypto/dso/dso_dlfcn.c,"(293, 1)-(301, 11)",b'typedef struct Dl_info {\n    const char *dli_...'
crypto,../repos/openssl/crypto/dso/dso_dlfcn.c,"(303, 1)-(303, 32)",b'typedef struct Dl_info Dl_info;'
crypto,../repos/openssl/crypto/dso/dso_dlfcn.c,"(325, 1)-(327, 11)",b'typedef struct Dl_info {\n    const char *dli_...'
crypto,../repos/openssl/crypto/dso/dso_vms.c,"(77, 1)-(90, 20)",b'typedef struct dso_internal_st {\n    /*\n     ...'
crypto,../repos/openssl/crypto/params_dup.c,"(22, 1)-(27, 18)",b'typedef struct {\n    OSSL_PARAM_ALIGNED_BLOCK...'
crypto,../repos/openssl/crypto/mem_sec.c,"(324, 1)-(328, 11)",b'typedef struct sh_list_st\n{\n    struct sh_lis...'
crypto,../repos/openssl/crypto/mem_sec.c,"(330, 1)-(342, 6)",b'typedef struct sh_st\n{\n    char* map_result;\n...'
crypto,../repos/openssl/crypto/cms/cms_local.h,"(21, 1)-(21, 71)",b'typedef struct CMS_IssuerAndSerialNumber_st C...'
crypto,../repos/openssl/crypto/cms/cms_local.h,"(22, 1)-(22, 75)",b'typedef struct CMS_EncapsulatedContentInfo_st...'
crypto,../repos/openssl/crypto/cms/cms_local.h,"(23, 1)-(23, 61)",b'typedef struct CMS_SignerIdentifier_st CMS_Si...'
crypto,../repos/openssl/crypto/cms/cms_local.h,"(24, 1)-(24, 79)",b'typedef struct CMS_OtherRevocationInfoFormat_...'
crypto,../repos/openssl/crypto/cms/cms_local.h,"(25, 1)-(25, 57)",b'typedef struct CMS_OriginatorInfo_st CMS_Orig...'
crypto,../repos/openssl/crypto/cms/cms_local.h,"(26, 1)-(26, 69)",b'typedef struct CMS_EncryptedContentInfo_st CM...'
crypto,../repos/openssl/crypto/cms/cms_local.h,"(27, 1)-(27, 53)",b'typedef struct CMS_DigestedData_st CMS_Digest...'
crypto,../repos/openssl/crypto/cms/cms_local.h,"(28, 1)-(28, 55)",b'typedef struct CMS_EncryptedData_st CMS_Encry...'
crypto,../repos/openssl/crypto/cms/cms_local.h,"(29, 1)-(29, 63)",b'typedef struct CMS_AuthenticatedData_st CMS_A...'
crypto,../repos/openssl/crypto/cms/cms_local.h,"(30, 1)-(30, 63)",b'typedef struct CMS_AuthEnvelopedData_st CMS_A...'
crypto,../repos/openssl/crypto/cms/cms_local.h,"(31, 1)-(31, 57)",b'typedef struct CMS_CompressedData_st CMS_Comp...'
crypto,../repos/openssl/crypto/cms/cms_local.h,"(32, 1)-(32, 73)",b'typedef struct CMS_OtherCertificateFormat_st ...'
crypto,../repos/openssl/crypto/cms/cms_local.h,"(33, 1)-(33, 71)",b'typedef struct CMS_KeyTransRecipientInfo_st C...'
crypto,../repos/openssl/crypto/cms/cms_local.h,"(34, 1)-(34, 67)",b'typedef struct CMS_OriginatorPublicKey_st CMS...'
crypto,../repos/openssl/crypto/cms/cms_local.h,"(35, 1)-(35, 79)",b'typedef struct CMS_OriginatorIdentifierOrKey_...'
crypto,../repos/openssl/crypto/cms/cms_local.h,"(36, 1)-(36, 71)",b'typedef struct CMS_KeyAgreeRecipientInfo_st C...'
crypto,../repos/openssl/crypto/cms/cms_local.h,"(37, 1)-(37, 73)",b'typedef struct CMS_RecipientKeyIdentifier_st ...'
crypto,../repos/openssl/crypto/cms/cms_local.h,"(38, 1)-(39, 37)",b'typedef struct CMS_KeyAgreeRecipientIdentifie...'
crypto,../repos/openssl/crypto/cms/cms_local.h,"(40, 1)-(40, 55)",b'typedef struct CMS_KEKIdentifier_st CMS_KEKId...'
crypto,../repos/openssl/crypto/cms/cms_local.h,"(41, 1)-(41, 61)",b'typedef struct CMS_KEKRecipientInfo_st CMS_KE...'
crypto,../repos/openssl/crypto/cms/cms_local.h,"(42, 1)-(42, 71)",b'typedef struct CMS_PasswordRecipientInfo_st C...'
crypto,../repos/openssl/crypto/cms/cms_local.h,"(43, 1)-(43, 65)",b'typedef struct CMS_OtherRecipientInfo_st CMS_...'
crypto,../repos/openssl/crypto/cms/cms_local.h,"(44, 1)-(44, 53)",b'typedef struct CMS_ReceiptsFrom_st CMS_Receip...'
crypto,../repos/openssl/crypto/cms/cms_local.h,"(45, 1)-(45, 35)",b'typedef struct CMS_CTX_st CMS_CTX;'
crypto,../repos/openssl/crypto/cms/cms_local.h,"(153, 1)-(153, 54)",b'typedef CMS_SignerIdentifier CMS_RecipientIde...'
crypto,../repos/openssl/crypto/cms/cms_asn1.c,"(376, 1)-(380, 18)",b'typedef struct {\n    X509_ALGOR *keyInfo;\n   ...'
crypto,../repos/openssl/crypto/crmf/crmf_local.h,"(65, 1)-(70, 28)",b'typedef struct ossl_crmf_privatekeyinfo_st {\n...'
crypto,../repos/openssl/crypto/crmf/crmf_local.h,"(85, 1)-(91, 37)",b'typedef struct ossl_crmf_enckeywithid_identif...'
crypto,../repos/openssl/crypto/crmf/crmf_local.h,"(94, 1)-(98, 26)",b'typedef struct ossl_crmf_enckeywithid_st {\n  ...'
crypto,../repos/openssl/crypto/crmf/crmf_local.h,"(127, 1)-(127, 42)",b'typedef STACK_OF(OSSL_CRMF_SINGLEPUBINFO)'
crypto,../repos/openssl/crypto/crmf/crmf_local.h,"(154, 1)-(157, 24)",b'typedef struct ossl_crmf_pkmacvalue_st {\n    ...'
crypto,../repos/openssl/crypto/crmf/crmf_local.h,"(183, 1)-(193, 25)",b'typedef struct ossl_crmf_popoprivkey_st {\n   ...'
crypto,../repos/openssl/crypto/crmf/crmf_local.h,"(230, 1)-(236, 42)",b'typedef struct ossl_crmf_poposigningkeyinput_...'
crypto,../repos/openssl/crypto/crmf/crmf_local.h,"(239, 1)-(242, 33)",b'typedef struct ossl_crmf_poposigningkeyinput_...'
crypto,../repos/openssl/crypto/crmf/crmf_local.h,"(269, 1)-(277, 18)",b'typedef struct ossl_crmf_popo_st {\n    int ty...'
crypto,../repos/openssl/crypto/camellia/cmll_local.h,"(28, 1)-(28, 26)",b'typedef unsigned int u32;'
crypto,../repos/openssl/crypto/camellia/cmll_local.h,"(29, 1)-(29, 26)",b'typedef unsigned char u8;'
crypto,../repos/openssl/crypto/self_test_core.c,"(16, 1)-(20, 16)",b'typedef struct self_test_cb_st\n{\n    OSSL_CAL...'
crypto,../repos/openssl/crypto/seed/seed_local.h,"(42, 1)-(42, 33)",b'typedef unsigned long seed_word;'
crypto,../repos/openssl/crypto/seed/seed_local.h,"(44, 1)-(44, 32)",b'typedef unsigned int seed_word;'
crypto,../repos/openssl/crypto/hpke/hpke_util.c,"(37, 1)-(40, 17)",b'typedef struct {\n    uint16_t id;\n    char *s...'
crypto,../repos/openssl/crypto/ct/ct_vfy.c,"(19, 1)-(23, 22)",b'typedef enum sct_signature_type_t {\n    SIGNA...'
crypto,../repos/openssl/crypto/ct/ct_log.c,"(43, 1)-(47, 24)",b'typedef struct ctlog_store_load_ctx_st {\n    ...'
crypto,../repos/openssl/crypto/property/property_string.c,"(29, 1)-(33, 19)",b'typedef struct {\n    const char *s;\n    OSSL_...'
crypto,../repos/openssl/crypto/property/property_string.c,"(36, 1)-(36, 34)",b'typedef LHASH_OF(PROPERTY_STRING)'
crypto,../repos/openssl/crypto/property/property_string.c,"(38, 1)-(48, 24)",b'typedef struct {\n    CRYPTO_RWLOCK *lock;\n   ...'
crypto,../repos/openssl/crypto/property/property_local.h,"(14, 1)-(14, 31)",b'typedef int OSSL_PROPERTY_IDX;'
crypto,../repos/openssl/crypto/property/property_local.h,"(16, 1)-(18, 22)","b'typedef enum {\n    OSSL_PROPERTY_OPER_EQ, OSS...'"
crypto,../repos/openssl/crypto/property/defn_cache.c,"(26, 1)-(30, 22)",b'typedef struct {\n    const char *prop;\n    OS...'
crypto,../repos/openssl/crypto/property/property.c,"(35, 1)-(39, 10)",b'typedef struct {\n    void *method;\n    int (*...'
crypto,../repos/openssl/crypto/property/property.c,"(41, 1)-(45, 18)",b'typedef struct {\n    const OSSL_PROVIDER *pro...'
crypto,../repos/openssl/crypto/property/property.c,"(49, 1)-(54, 9)",b'typedef struct {\n    const OSSL_PROVIDER *pro...'
crypto,../repos/openssl/crypto/property/property.c,"(58, 1)-(62, 13)",b'typedef struct {\n    int nid;\n    STACK_OF(IM...'
crypto,../repos/openssl/crypto/property/property.c,"(90, 1)-(95, 20)",b'typedef struct {\n    LHASH_OF(QUERY) *cache;\n...'
crypto,../repos/openssl/crypto/property/property.c,"(99, 1)-(104, 26)",b'typedef struct ossl_global_properties_st {\n  ...'
crypto,../repos/openssl/crypto/ec/ec_ameth.c,"(277, 1)-(281, 14)","b'typedef enum {\n    EC_KEY_PRINT_PRIVATE,\n    ...'"
crypto,../repos/openssl/crypto/ec/ecp_nistp224.c,"(52, 1)-(52, 20)",b'typedef uint8_t u8;'
crypto,../repos/openssl/crypto/ec/ecp_nistp224.c,"(53, 1)-(53, 22)",b'typedef uint64_t u64;'
crypto,../repos/openssl/crypto/ec/ecp_nistp224.c,"(75, 1)-(75, 23)",b'typedef uint64_t limb;'
crypto,../repos/openssl/crypto/ec/ecp_nistp224.c,"(76, 1)-(76, 25)",b'typedef uint64_t limb_aX'
crypto,../repos/openssl/crypto/ec/ecp_nistp224.c,"(77, 1)-(77, 28)",b'typedef uint128_t widelimb;'
crypto,../repos/openssl/crypto/ec/ecp_nistp224.c,"(79, 1)-(79, 23)",b'typedef limb felem[4];'
crypto,../repos/openssl/crypto/ec/ecp_nistp224.c,"(80, 1)-(80, 31)",b'typedef widelimb widefelem[7];'
crypto,../repos/openssl/crypto/ec/ecp_nistp224.c,"(87, 1)-(87, 32)",b'typedef u8 felem_bytearray[28];'
crypto,../repos/openssl/crypto/ec/ec_local.h,"(35, 1)-(35, 39)",b'typedef struct ec_method_st EC_METHOD;'
crypto,../repos/openssl/crypto/ec/ec_local.h,"(204, 1)-(204, 55)",b'typedef struct nistp224_pre_comp_st NISTP224_...'
crypto,../repos/openssl/crypto/ec/ec_local.h,"(205, 1)-(205, 55)",b'typedef struct nistp256_pre_comp_st NISTP256_...'
crypto,../repos/openssl/crypto/ec/ec_local.h,"(206, 1)-(206, 55)",b'typedef struct nistp384_pre_comp_st NISTP384_...'
crypto,../repos/openssl/crypto/ec/ec_local.h,"(207, 1)-(207, 55)",b'typedef struct nistp521_pre_comp_st NISTP521_...'
crypto,../repos/openssl/crypto/ec/ec_local.h,"(208, 1)-(208, 55)",b'typedef struct nistz256_pre_comp_st NISTZ256_...'
crypto,../repos/openssl/crypto/ec/ec_local.h,"(209, 1)-(209, 43)",b'typedef struct ec_pre_comp_st EC_PRE_COMP;'
crypto,../repos/openssl/crypto/ec/ec_asn1.c,"(28, 1)-(32, 21)",b'typedef struct x9_62_pentanomial_st {\n    int...'
crypto,../repos/openssl/crypto/ec/ec_asn1.c,"(34, 1)-(48, 28)",b'typedef struct x9_62_characteristic_two_st {\n...'
crypto,../repos/openssl/crypto/ec/ec_asn1.c,"(50, 1)-(61, 17)",b'typedef struct x9_62_fieldid_st {\n    ASN1_OB...'
crypto,../repos/openssl/crypto/ec/ec_asn1.c,"(63, 1)-(67, 15)",b'typedef struct x9_62_curve_st {\n    ASN1_OCTE...'
crypto,../repos/openssl/crypto/ec/ec_asn1.c,"(78, 1)-(82, 26)",b'typedef enum {\n    ECPKPARAMETERS_TYPE_NAMED ...'
crypto,../repos/openssl/crypto/ec/ec_asn1.c,"(94, 1)-(99, 17)",b'typedef struct ec_privatekey_st {\n    int32_t...'
crypto,../repos/openssl/crypto/ec/ec_curve.c,"(25, 1)-(30, 17)","b'typedef struct {\n    int field_type,         ...'"
crypto,../repos/openssl/crypto/ec/ec_curve.c,"(2819, 1)-(2824, 19)",b'typedef struct _ec_list_element_st {\n    int ...'
crypto,../repos/openssl/crypto/ec/ecp_sm2p256.c,"(30, 1)-(34, 14)",b'typedef struct {\n    BN_ULONG X[P256_LIMBS];\n...'
crypto,../repos/openssl/crypto/ec/ecp_sm2p256.c,"(36, 1)-(39, 21)",b'typedef struct {\n    BN_ULONG X[P256_LIMBS];\n...'
crypto,../repos/openssl/crypto/ec/ecp_nistp521.c,"(52, 1)-(52, 20)",b'typedef uint8_t u8;'
crypto,../repos/openssl/crypto/ec/ecp_nistp521.c,"(53, 1)-(53, 22)",b'typedef uint64_t u64;'
crypto,../repos/openssl/crypto/ec/ecp_nistp521.c,"(61, 1)-(61, 32)",b'typedef u8 felem_bytearray[66];'
crypto,../repos/openssl/crypto/ec/ecp_nistp521.c,"(131, 1)-(131, 23)",b'typedef uint64_t limb;'
crypto,../repos/openssl/crypto/ec/ecp_nistp521.c,"(132, 1)-(132, 21)",b'typedef limb limb_aX'
crypto,../repos/openssl/crypto/ec/ecp_nistp521.c,"(133, 1)-(133, 28)",b'typedef limb felem[NLIMBS];'
crypto,../repos/openssl/crypto/ec/ecp_nistp521.c,"(134, 1)-(134, 38)",b'typedef uint128_t largefelem[NLIMBS];'
crypto,../repos/openssl/crypto/ec/ecp_nistz256.c,"(43, 1)-(43, 28)",b'typedef unsigned short u16;'
crypto,../repos/openssl/crypto/ec/ecp_nistz256.c,"(45, 1)-(49, 14)",b'typedef struct {\n    BN_ULONG X[P256_LIMBS];\n...'
crypto,../repos/openssl/crypto/ec/ecp_nistz256.c,"(51, 1)-(54, 21)",b'typedef struct {\n    BN_ULONG X[P256_LIMBS];\n...'
crypto,../repos/openssl/crypto/ec/ecp_nistz256.c,"(56, 1)-(56, 46)",b'typedef P256_POINT_AFFINE PRECOMP256_ROW[64];'
crypto,../repos/openssl/crypto/ec/curve25519.c,"(29, 1)-(29, 26)",b'typedef uint64_t fe64[4];'
crypto,../repos/openssl/crypto/ec/curve25519.c,"(277, 1)-(277, 26)",b'typedef uint64_t fe51[5];'
crypto,../repos/openssl/crypto/ec/curve25519.c,"(398, 1)-(398, 24)",b'typedef uint128_t u128;'
crypto,../repos/openssl/crypto/ec/curve25519.c,"(771, 1)-(771, 24)",b'typedef int32_t fe[10];'
crypto,../repos/openssl/crypto/ec/curve25519.c,"(1798, 1)-(1802, 9)",b'typedef struct {\n    fe X;\n    fe Y;\n    fe Z...'
crypto,../repos/openssl/crypto/ec/curve25519.c,"(1804, 1)-(1809, 9)",b'typedef struct {\n    fe X;\n    fe Y;\n    fe Z...'
crypto,../repos/openssl/crypto/ec/curve25519.c,"(1811, 1)-(1816, 11)",b'typedef struct {\n    fe X;\n    fe Y;\n    fe Z...'
crypto,../repos/openssl/crypto/ec/curve25519.c,"(1818, 1)-(1822, 14)",b'typedef struct {\n    fe yplusx;\n    fe yminus...'
crypto,../repos/openssl/crypto/ec/curve25519.c,"(1824, 1)-(1829, 13)",b'typedef struct {\n    fe YplusX;\n    fe Yminus...'
crypto,../repos/openssl/crypto/ec/ecp_nistp256.c,"(53, 1)-(53, 20)",b'typedef uint8_t u8;'
crypto,../repos/openssl/crypto/ec/ecp_nistp256.c,"(54, 1)-(54, 22)",b'typedef uint32_t u32;'
crypto,../repos/openssl/crypto/ec/ecp_nistp256.c,"(55, 1)-(55, 22)",b'typedef uint64_t u64;'
crypto,../repos/openssl/crypto/ec/ecp_nistp256.c,"(63, 1)-(63, 32)",b'typedef u8 felem_bytearray[32];'
crypto,../repos/openssl/crypto/ec/ecp_nistp256.c,"(115, 1)-(115, 24)",b'typedef uint128_t limb;'
crypto,../repos/openssl/crypto/ec/ecp_nistp256.c,"(116, 1)-(116, 28)",b'typedef limb felem[NLIMBS];'
crypto,../repos/openssl/crypto/ec/ecp_nistp256.c,"(117, 1)-(117, 36)",b'typedef limb longfelem[NLIMBS * 2];'
crypto,../repos/openssl/crypto/ec/ecp_nistp256.c,"(118, 1)-(118, 32)",b'typedef u64 smallfelem[NLIMBS];'
crypto,../repos/openssl/crypto/ec/ec_pmeth.c,"(27, 1)-(45, 15)",b'typedef struct {\n    /* Key and paramgen grou...'
crypto,../repos/openssl/crypto/ec/curve448/word.h,"(29, 1)-(29, 33)","b'typedef uint64_t word_t, mask_t;'"
crypto,../repos/openssl/crypto/ec/curve448/word.h,"(30, 1)-(30, 27)",b'typedef uint128_t dword_t;'
crypto,../repos/openssl/crypto/ec/curve448/word.h,"(31, 1)-(31, 26)",b'typedef int32_t hsword_t;'
crypto,../repos/openssl/crypto/ec/curve448/word.h,"(32, 1)-(32, 25)",b'typedef int64_t sword_t;'
crypto,../repos/openssl/crypto/ec/curve448/word.h,"(33, 1)-(33, 27)",b'typedef int128_t dsword_t;'
crypto,../repos/openssl/crypto/ec/curve448/word.h,"(35, 1)-(35, 33)","b'typedef uint32_t word_t, mask_t;'"
crypto,../repos/openssl/crypto/ec/curve448/word.h,"(36, 1)-(36, 26)",b'typedef uint64_t dword_t;'
crypto,../repos/openssl/crypto/ec/curve448/word.h,"(37, 1)-(37, 26)",b'typedef int16_t hsword_t;'
crypto,../repos/openssl/crypto/ec/curve448/word.h,"(38, 1)-(38, 25)",b'typedef int32_t sword_t;'
crypto,../repos/openssl/crypto/ec/curve448/word.h,"(39, 1)-(39, 26)",b'typedef int64_t dsword_t;'
crypto,../repos/openssl/crypto/ec/curve448/point_448.h,"(25, 1)-(27, 23)","b'typedef struct {\n    gf a, b, c;\n} niels_s, n...'"
crypto,../repos/openssl/crypto/ec/curve448/point_448.h,"(28, 1)-(31, 15)",b'typedef struct {\n    niels_t n;\n    gf z;\n} p...'
crypto,../repos/openssl/crypto/ec/curve448/point_448.h,"(56, 1)-(58, 23)","b'typedef struct curve448_point_s {\n    gf x, y...'"
crypto,../repos/openssl/crypto/ec/curve448/point_448.h,"(64, 1)-(64, 62)",b'typedef struct curve448_precomputed_s curve44...'
crypto,../repos/openssl/crypto/ec/curve448/point_448.h,"(67, 1)-(69, 24)",b'typedef struct curve448_scalar_s {\n    c448_w...'
crypto,../repos/openssl/crypto/ec/curve448/field.h,"(35, 1)-(37, 23)",b'typedef struct gf_s {\n    word_t limb[NLIMBS]...'
crypto,../repos/openssl/crypto/ec/curve448/curve448utils.h,"(40, 1)-(40, 30)",b'typedef uint64_t c448_word_t;'
crypto,../repos/openssl/crypto/ec/curve448/curve448utils.h,"(42, 1)-(42, 30)",b'typedef int64_t c448_sword_t;'
crypto,../repos/openssl/crypto/ec/curve448/curve448utils.h,"(44, 1)-(44, 30)",b'typedef uint64_t c448_bool_t;'
crypto,../repos/openssl/crypto/ec/curve448/curve448utils.h,"(46, 1)-(46, 32)",b'typedef uint128_t c448_dword_t;'
crypto,../repos/openssl/crypto/ec/curve448/curve448utils.h,"(48, 1)-(48, 32)",b'typedef int128_t c448_dsword_t;'
crypto,../repos/openssl/crypto/ec/curve448/curve448utils.h,"(51, 1)-(51, 30)",b'typedef uint32_t c448_word_t;'
crypto,../repos/openssl/crypto/ec/curve448/curve448utils.h,"(53, 1)-(53, 30)",b'typedef int32_t c448_sword_t;'
crypto,../repos/openssl/crypto/ec/curve448/curve448utils.h,"(55, 1)-(55, 30)",b'typedef uint32_t c448_bool_t;'
crypto,../repos/openssl/crypto/ec/curve448/curve448utils.h,"(57, 1)-(57, 31)",b'typedef uint64_t c448_dword_t;'
crypto,../repos/openssl/crypto/ec/curve448/curve448utils.h,"(59, 1)-(59, 31)",b'typedef int64_t c448_dsword_t;'
crypto,../repos/openssl/crypto/ec/curve448/curve448utils.h,"(71, 1)-(74, 16)","b'typedef enum {\n    C448_SUCCESS = -1, /**< Th...'"
crypto,../repos/openssl/crypto/ec/ecp_nistp384.c,"(44, 1)-(44, 20)",b'typedef uint8_t u8;'
crypto,../repos/openssl/crypto/ec/ecp_nistp384.c,"(45, 1)-(45, 22)",b'typedef uint64_t u64;'
crypto,../repos/openssl/crypto/ec/ecp_nistp384.c,"(53, 1)-(53, 32)",b'typedef u8 felem_bytearray[48];'
crypto,../repos/openssl/crypto/ec/ecp_nistp384.c,"(107, 1)-(107, 23)",b'typedef uint64_t limb;'
crypto,../repos/openssl/crypto/ec/ecp_nistp384.c,"(108, 1)-(108, 28)",b'typedef uint128_t widelimb;'
crypto,../repos/openssl/crypto/ec/ecp_nistp384.c,"(109, 1)-(109, 21)",b'typedef limb limb_aX'
crypto,../repos/openssl/crypto/ec/ecp_nistp384.c,"(110, 1)-(110, 28)",b'typedef limb felem[NLIMBS];'
crypto,../repos/openssl/crypto/ec/ecp_nistp384.c,"(111, 1)-(111, 40)",b'typedef widelimb widefelem[2*NLIMBS-1];'
crypto,../repos/openssl/crypto/init.c,"(40, 1)-(40, 52)",b'typedef struct ossl_init_stop_st OPENSSL_INIT...'
crypto,../repos/openssl/crypto/provider_local.h,"(12, 1)-(15, 12)",b'typedef struct {\n    char *name;\n    char *va...'
crypto,../repos/openssl/crypto/provider_local.h,"(18, 1)-(24, 22)",b'typedef struct {\n    char *name;\n    char *pa...'
crypto,../repos/openssl/crypto/conf/conf_api.c,"(132, 1)-(132, 29)",b'typedef LHASH_OF(CONF_VALUE)'
crypto,../repos/openssl/crypto/conf/conf_lib.c,"(223, 1)-(223, 34)",b'typedef STACK_OF(OPENSSL_CSTRING)'
crypto,../repos/openssl/crypto/objects/obj_local.h,"(10, 1)-(10, 41)",b'typedef struct name_funcs_st NAME_FUNCS;'
crypto,../repos/openssl/crypto/objects/obj_local.h,"(13, 1)-(13, 39)",b'typedef struct added_obj_st ADDED_OBJ;'
crypto,../repos/openssl/crypto/objects/obj_xref.h,"(14, 1)-(18, 14)",b'typedef struct {\n    int sign_id;\n    int has...'
crypto,../repos/openssl/crypto/objects/o_names.c,"(277, 1)-(281, 13)",b'typedef struct {\n    int type;\n    void (*fn)...'
crypto,../repos/openssl/crypto/provider_core.c,"(129, 1)-(135, 26)",b'typedef struct {\n    OSSL_PROVIDER *prov;\n   ...'
crypto,../repos/openssl/crypto/sm2/sm2_crypt.c,"(28, 1)-(28, 49)",b'typedef struct SM2_Ciphertext_st SM2_Ciphertext;'
crypto,../repos/openssl/crypto/core_namemap.c,"(21, 1)-(24, 17)",b'typedef struct {\n    char *name;\n    int numb...'
crypto,../repos/openssl/crypto/core_namemap.c,"(110, 1)-(114, 20)",b'typedef struct doall_names_data_st {\n    int ...'
crypto,../repos/openssl/crypto/asn1/ameth_lib.c,"(23, 1)-(23, 72)",b'typedef int sk_cmp_fn_type(const char *const ...'
crypto,../repos/openssl/crypto/asn1/evp_asn1.c,"(82, 1)-(85, 16)",b'typedef struct {\n    int32_t num;\n    ASN1_OC...'
crypto,../repos/openssl/crypto/asn1/evp_asn1.c,"(134, 1)-(137, 16)",b'typedef struct {\n    ASN1_OCTET_STRING *oct;\n...'
crypto,../repos/openssl/crypto/asn1/bio_ndef.c,"(31, 1)-(43, 16)",b'typedef struct ndef_aux_st {\n    /* ASN1 stru...'
crypto,../repos/openssl/crypto/asn1/n_pkey.c,"(25, 1)-(29, 17)",b'typedef struct netscape_pkey_st {\n    int32_t...'
crypto,../repos/openssl/crypto/asn1/n_pkey.c,"(31, 1)-(38, 27)",b'typedef struct netscape_encrypted_pkey_st {\n ...'
crypto,../repos/openssl/crypto/asn1/a_strex.c,"(58, 1)-(58, 59)","b'typedef int char_io (void *arg, const void *b...'"
crypto,../repos/openssl/crypto/asn1/tasn_enc.c,"(380, 1)-(384, 11)",b'typedef struct {\n    unsigned char *data;\n   ...'
crypto,../repos/openssl/crypto/asn1/asn1_local.h,"(14, 1)-(14, 43)",b'typedef const ASN1_VALUE const_ASN1_VALUE;'
crypto,../repos/openssl/crypto/asn1/asn1_local.h,"(45, 1)-(45, 41)",b'typedef struct mime_param_st MIME_PARAM;'
crypto,../repos/openssl/crypto/asn1/asn1_local.h,"(47, 1)-(47, 43)",b'typedef struct mime_header_st MIME_HEADER;'
crypto,../repos/openssl/crypto/asn1/asn1_gen.c,"(48, 1)-(54, 16)",b'typedef struct {\n    int exp_tag;\n    int exp...'
crypto,../repos/openssl/crypto/asn1/asn1_gen.c,"(56, 1)-(64, 15)",b'typedef struct {\n    int imp_tag;\n    int imp...'
crypto,../repos/openssl/crypto/asn1/bio_asn1.c,"(24, 1)-(32, 20)","b'typedef enum {\n    ASN1_STATE_START,\n    ASN1...'"
crypto,../repos/openssl/crypto/asn1/bio_asn1.c,"(34, 1)-(37, 21)",b'typedef struct BIO_ASN1_EX_FUNCS_st {\n    asn...'
crypto,../repos/openssl/crypto/asn1/bio_asn1.c,"(39, 1)-(60, 20)",b'typedef struct BIO_ASN1_BUF_CTX_t {\n    /* In...'
crypto,../repos/openssl/crypto/comp/c_brotli.c,"(57, 1)-(57, 92)",b'typedef BrotliEncoderState *(*encode_init_ft)...'
crypto,../repos/openssl/crypto/comp/c_brotli.c,"(58, 1)-(58, 147)",b'typedef BROTLI_BOOL (*encode_stream_ft)(Brotl...'
crypto,../repos/openssl/crypto/comp/c_brotli.c,"(59, 1)-(59, 65)",b'typedef BROTLI_BOOL (*encode_has_more_ft)(Bro...'
crypto,../repos/openssl/crypto/comp/c_brotli.c,"(60, 1)-(60, 53)",b'typedef void (*encode_end_ft)(BrotliEncoderSt...'
crypto,../repos/openssl/crypto/comp/c_brotli.c,"(61, 1)-(61, 124)","b'typedef BROTLI_BOOL (*encode_oneshot_ft)(int,...'"
crypto,../repos/openssl/crypto/comp/c_brotli.c,"(63, 1)-(63, 92)",b'typedef BrotliDecoderState *(*decode_init_ft)...'
crypto,../repos/openssl/crypto/comp/c_brotli.c,"(64, 1)-(64, 123)",b'typedef BROTLI_BOOL (*decode_stream_ft)(Brotl...'
crypto,../repos/openssl/crypto/comp/c_brotli.c,"(65, 1)-(65, 65)",b'typedef BROTLI_BOOL (*decode_has_more_ft)(Bro...'
crypto,../repos/openssl/crypto/comp/c_brotli.c,"(66, 1)-(66, 53)",b'typedef void (*decode_end_ft)(BrotliDecoderSt...'
crypto,../repos/openssl/crypto/comp/c_brotli.c,"(67, 1)-(67, 73)",b'typedef BrotliDecoderErrorCode (*decode_error...'
crypto,../repos/openssl/crypto/comp/c_brotli.c,"(68, 1)-(68, 71)",b'typedef const char *(*decode_error_string_ft)...'
crypto,../repos/openssl/crypto/comp/c_brotli.c,"(69, 1)-(69, 68)",b'typedef BROTLI_BOOL (*decode_is_finished_ft)(...'
crypto,../repos/openssl/crypto/comp/c_brotli.c,"(70, 1)-(70, 103)",b'typedef BrotliDecoderResult (*decode_oneshot_...'
crypto,../repos/openssl/crypto/comp/c_brotli.c,"(379, 1)-(402, 18)",b'typedef struct {\n    struct { /* input struct...'
crypto,../repos/openssl/crypto/comp/c_zstd.c,"(79, 1)-(79, 49)",b'typedef ZSTD_CStream* (*createCStream_ft)(void);'
crypto,../repos/openssl/crypto/comp/c_zstd.c,"(80, 1)-(80, 54)",b'typedef size_t (*initCStream_ft)(ZSTD_CStream...'
crypto,../repos/openssl/crypto/comp/c_zstd.c,"(81, 1)-(81, 49)",b'typedef size_t (*freeCStream_ft)(ZSTD_CStream*);'
crypto,../repos/openssl/crypto/comp/c_zstd.c,"(82, 1)-(82, 102)",b'typedef size_t (*compressStream2_ft)(ZSTD_CCt...'
crypto,../repos/openssl/crypto/comp/c_zstd.c,"(83, 1)-(83, 66)",b'typedef size_t (*flushStream_ft)(ZSTD_CStream...'
crypto,../repos/openssl/crypto/comp/c_zstd.c,"(84, 1)-(84, 64)","b'typedef size_t (*endStream_ft)(ZSTD_CStream*,...'"
crypto,../repos/openssl/crypto/comp/c_zstd.c,"(85, 1)-(85, 72)","b'typedef size_t (*compress_ft)(void*, size_t, ...'"
crypto,../repos/openssl/crypto/comp/c_zstd.c,"(86, 1)-(86, 49)",b'typedef ZSTD_DStream* (*createDStream_ft)(void);'
crypto,../repos/openssl/crypto/comp/c_zstd.c,"(87, 1)-(87, 49)",b'typedef size_t (*initDStream_ft)(ZSTD_DStream*);'
crypto,../repos/openssl/crypto/comp/c_zstd.c,"(88, 1)-(88, 49)",b'typedef size_t (*freeDStream_ft)(ZSTD_DStream*);'
crypto,../repos/openssl/crypto/comp/c_zstd.c,"(89, 1)-(89, 87)",b'typedef size_t (*decompressStream_ft)(ZSTD_DS...'
crypto,../repos/openssl/crypto/comp/c_zstd.c,"(90, 1)-(90, 69)","b'typedef size_t (*decompress_ft)(void*, size_t...'"
crypto,../repos/openssl/crypto/comp/c_zstd.c,"(91, 1)-(91, 40)",b'typedef unsigned (*isError_ft)(size_t);'
crypto,../repos/openssl/crypto/comp/c_zstd.c,"(92, 1)-(92, 48)",b'typedef const char* (*getErrorName_ft)(size_t);'
crypto,../repos/openssl/crypto/comp/c_zstd.c,"(93, 1)-(93, 42)",b'typedef size_t (*DStreamInSize_ft)(void);'
crypto,../repos/openssl/crypto/comp/c_zstd.c,"(94, 1)-(94, 42)",b'typedef size_t (*CStreamInSize_ft)(void);'
crypto,../repos/openssl/crypto/comp/c_zstd.c,"(455, 1)-(468, 16)",b'typedef struct {\n    struct { /* input struct...'
crypto,../repos/openssl/crypto/comp/c_zlib.c,"(77, 1)-(78, 67)","b'typedef int (*compress_ft) (Bytef *dest, uLon...'"
crypto,../repos/openssl/crypto/comp/c_zlib.c,"(79, 1)-(80, 69)","b'typedef int (*uncompress_ft) (Bytef *dest, uL...'"
crypto,../repos/openssl/crypto/comp/c_zlib.c,"(81, 1)-(81, 47)",b'typedef int (*inflateEnd_ft) (z_streamp strm);'
crypto,../repos/openssl/crypto/comp/c_zlib.c,"(82, 1)-(82, 55)","b'typedef int (*inflate_ft) (z_streamp strm, in...'"
crypto,../repos/openssl/crypto/comp/c_zlib.c,"(83, 1)-(84, 71)",b'typedef int (*inflateInit__ft) (z_streamp str...'
crypto,../repos/openssl/crypto/comp/c_zlib.c,"(85, 1)-(85, 47)",b'typedef int (*deflateEnd_ft) (z_streamp strm);'
crypto,../repos/openssl/crypto/comp/c_zlib.c,"(86, 1)-(86, 55)","b'typedef int (*deflate_ft) (z_streamp strm, in...'"
crypto,../repos/openssl/crypto/comp/c_zlib.c,"(87, 1)-(88, 71)",b'typedef int (*deflateInit__ft) (z_streamp str...'
crypto,../repos/openssl/crypto/comp/c_zlib.c,"(89, 1)-(89, 45)",b'typedef const char *(*zError__ft) (int err);'
crypto,../repos/openssl/crypto/comp/c_zlib.c,"(347, 1)-(358, 16)",b'typedef struct {\n    unsigned char *ibuf;    ...'
crypto,../repos/openssl/crypto/evp/dh_support.c,"(15, 1)-(19, 22)",b'typedef struct dh_name2id_st{\n    const char ...'
crypto,../repos/openssl/crypto/evp/e_des3.c,"(26, 1)-(35, 15)",b'typedef struct {\n    union {\n        OSSL_UNI...'
crypto,../repos/openssl/crypto/evp/e_sm4.c,"(23, 1)-(34, 15)",b'typedef struct {\n    union {\n        OSSL_UNI...'
crypto,../repos/openssl/crypto/evp/e_bf.c,"(28, 1)-(30, 14)",b'typedef struct {\n    BF_KEY ks;\n} EVP_BF_KEY;'
crypto,../repos/openssl/crypto/evp/ec_support.c,"(15, 1)-(18, 15)",b'typedef struct ec_name2nid_st {\n    const cha...'
crypto,../repos/openssl/crypto/evp/e_camellia.c,"(32, 1)-(39, 20)",b'typedef struct {\n    CAMELLIA_KEY ks;\n    blo...'
crypto,../repos/openssl/crypto/evp/e_chacha20_poly1305.c,"(22, 1)-(30, 18)",b'typedef struct {\n    union {\n        OSSL_UNI...'
crypto,../repos/openssl/crypto/evp/e_chacha20_poly1305.c,"(153, 1)-(161, 23)",b'typedef struct {\n    EVP_CHACHA_KEY key;\n    ...'
crypto,../repos/openssl/crypto/evp/e_xcbc_d.c,"(32, 1)-(36, 16)",b'typedef struct {\n    DES_key_schedule ks;    ...'
crypto,../repos/openssl/crypto/evp/e_rc4.c,"(27, 1)-(29, 15)",b'typedef struct {\n    RC4_KEY ks;             ...'
crypto,../repos/openssl/crypto/evp/e_rc5.c,"(31, 1)-(34, 15)",b'typedef struct {\n    int rounds;             ...'
crypto,../repos/openssl/crypto/evp/e_aes_cbc_hmac_sha256.c,"(31, 1)-(39, 23)",b'typedef struct {\n    AES_KEY ks;\n    SHA256_C...'
crypto,../repos/openssl/crypto/evp/e_aes_cbc_hmac_sha256.c,"(136, 1)-(138, 17)","b'typedef struct {\n    unsigned int A[8], B[8],...'"
crypto,../repos/openssl/crypto/evp/e_aes_cbc_hmac_sha256.c,"(139, 1)-(142, 13)",b'typedef struct {\n    const unsigned char *ptr...'
crypto,../repos/openssl/crypto/evp/e_aes_cbc_hmac_sha256.c,"(146, 1)-(151, 13)",b'typedef struct {\n    const unsigned char *inp...'
crypto,../repos/openssl/crypto/evp/e_aria.c,"(24, 1)-(26, 16)",b'typedef struct {\n    ARIA_KEY ks;\n} EVP_ARIA_KEY;'
crypto,../repos/openssl/crypto/evp/e_aria.c,"(29, 1)-(42, 20)",b'typedef struct {\n    union {\n        OSSL_UNI...'
crypto,../repos/openssl/crypto/evp/e_aria.c,"(45, 1)-(58, 20)",b'typedef struct {\n    union {\n        OSSL_UNI...'
crypto,../repos/openssl/crypto/evp/ctrl_params_translate.c,"(155, 1)-(157, 59)","b'typedef int fixup_args_fn(enum state state,\n ...'"
crypto,../repos/openssl/crypto/evp/ctrl_params_translate.c,"(158, 1)-(160, 61)","b'typedef int cleanup_args_fn(enum state state,...'"
crypto,../repos/openssl/crypto/evp/pmeth_lib.c,"(48, 1)-(48, 50)",b'typedef const EVP_PKEY_METHOD *(*pmeth_fn)(void);'
crypto,../repos/openssl/crypto/evp/pmeth_lib.c,"(49, 1)-(49, 72)",b'typedef int sk_cmp_fn_type(const char *const ...'
crypto,../repos/openssl/crypto/evp/e_aes.c,"(32, 1)-(42, 15)",b'typedef struct {\n    union {\n        OSSL_UNI...'
crypto,../repos/openssl/crypto/evp/e_aes.c,"(44, 1)-(60, 19)",b'typedef struct {\n    union {\n        OSSL_UNI...'
crypto,../repos/openssl/crypto/evp/e_aes.c,"(62, 1)-(72, 19)",b'typedef struct {\n    union {\n        OSSL_UNI...'
crypto,../repos/openssl/crypto/evp/e_aes.c,"(80, 1)-(93, 19)",b'typedef struct {\n    union {\n        OSSL_UNI...'
crypto,../repos/openssl/crypto/evp/e_aes.c,"(96, 1)-(116, 19)",b'typedef struct {\n    union {\n        OSSL_UNI...'
crypto,../repos/openssl/crypto/evp/e_aes.c,"(859, 1)-(872, 21)",b'typedef struct {\n    union {\n        OSSL_UNI...'
crypto,../repos/openssl/crypto/evp/e_aes.c,"(874, 1)-(888, 21)",b'typedef struct {\n    union {\n        OSSL_UNI...'
crypto,../repos/openssl/crypto/evp/e_aes.c,"(890, 1)-(904, 21)",b'typedef struct {\n    union {\n        OSSL_UNI...'
crypto,../repos/openssl/crypto/evp/e_aes.c,"(906, 1)-(953, 21)",b'typedef struct {\n    union {\n        OSSL_UNI...'
crypto,../repos/openssl/crypto/evp/e_aes.c,"(955, 1)-(1005, 21)",b'typedef struct {\n    union {\n        OSSL_UNI...'
crypto,../repos/openssl/crypto/evp/e_aes.c,"(3659, 1)-(3666, 20)",b'typedef struct {\n    union {\n        OSSL_UNI...'
crypto,../repos/openssl/crypto/evp/bio_ok.c,"(98, 1)-(109, 14)",b'typedef struct ok_struct {\n    size_t buf_len...'
crypto,../repos/openssl/crypto/evp/e_cast.c,"(29, 1)-(31, 16)",b'typedef struct {\n    CAST_KEY ks;\n} EVP_CAST_KEY;'
crypto,../repos/openssl/crypto/evp/e_des.c,"(26, 1)-(35, 15)",b'typedef struct {\n    union {\n        OSSL_UNI...'
crypto,../repos/openssl/crypto/evp/bio_enc.c,"(29, 1)-(42, 15)",b'typedef struct enc_struct {\n    int buf_len;\n...'
crypto,../repos/openssl/crypto/evp/e_seed.c,"(28, 1)-(30, 16)",b'typedef struct {\n    SEED_KEY_SCHEDULE ks;\n} ...'
crypto,../repos/openssl/crypto/evp/e_idea.c,"(29, 1)-(31, 16)",b'typedef struct {\n    IDEA_KEY_SCHEDULE ks;\n} ...'
crypto,../repos/openssl/crypto/evp/e_rc2.c,"(35, 1)-(38, 15)",b'typedef struct {\n    int key_bits;           ...'
crypto,../repos/openssl/crypto/evp/evp_local.h,"(259, 1)-(259, 39)",b'typedef struct evp_pbe_st EVP_PBE_CTL;'
crypto,../repos/openssl/crypto/evp/e_aes_cbc_hmac_sha1.c,"(31, 1)-(39, 21)",b'typedef struct {\n    AES_KEY ks;\n    SHA_CTX ...'
crypto,../repos/openssl/crypto/evp/e_aes_cbc_hmac_sha1.c,"(142, 1)-(144, 15)","b'typedef struct {\n    unsigned int A[8], B[8],...'"
crypto,../repos/openssl/crypto/evp/e_aes_cbc_hmac_sha1.c,"(145, 1)-(148, 13)",b'typedef struct {\n    const unsigned char *ptr...'
crypto,../repos/openssl/crypto/evp/e_aes_cbc_hmac_sha1.c,"(152, 1)-(157, 13)",b'typedef struct {\n    const unsigned char *inp...'
crypto,../repos/openssl/crypto/evp/e_rc4_hmac_md5.c,"(31, 1)-(35, 20)",b'typedef struct {\n    RC4_KEY ks;\n    MD5_CTX ...'
crypto,../repos/openssl/crypto/evp/bio_b64.c,"(30, 1)-(44, 15)",b'typedef struct b64_struct {\n    /*\n     * BIO...'
crypto,../repos/openssl/crypto/engine/eng_table.c,"(35, 1)-(38, 21)",b'typedef struct st_engine_pile_doall {\n    eng...'
crypto,../repos/openssl/crypto/engine/tb_asnmth.c,"(161, 1)-(166, 19)",b'typedef struct {\n    ENGINE *e;\n    const EVP...'
crypto,../repos/openssl/crypto/engine/eng_local.h,"(44, 1)-(44, 41)",b'typedef void (ENGINE_CLEANUP_CB) (void);'
crypto,../repos/openssl/crypto/engine/eng_local.h,"(45, 1)-(47, 23)",b'typedef struct st_engine_cleanup_item {\n    E...'
crypto,../repos/openssl/crypto/engine/eng_local.h,"(59, 1)-(59, 45)",b'typedef struct st_engine_table ENGINE_TABLE;'
crypto,../repos/openssl/crypto/engine/eng_local.h,"(67, 1)-(68, 63)",b'typedef void (engine_table_doall_cb) (int nid...'
crypto,../repos/openssl/crypto/engine/eng_local.h,"(102, 1)-(102, 41)",b'typedef void (*ENGINE_DYNAMIC_ID)(void);'
crypto,../repos/openssl/crypto/engine/eng_local.h,"(157, 1)-(157, 43)",b'typedef struct st_engine_pile ENGINE_PILE;'
crypto,../repos/openssl/crypto/engine/eng_openssl.c,"(200, 1)-(203, 16)",b'typedef struct {\n    unsigned char key[TEST_R...'
crypto,../repos/openssl/crypto/engine/eng_openssl.c,"(443, 1)-(447, 22)",b'typedef struct {\n    const EVP_MD *md;       ...'
crypto,../repos/openssl/crypto/engine/eng_dyn.c,"(29, 1)-(29, 53)",b'typedef struct st_dynamic_data_ctx dynamic_da...'
crypto,../repos/openssl/crypto/bio/bss_conn.c,"(19, 1)-(48, 15)",b'typedef struct bio_connect_st {\n    int state...'
crypto,../repos/openssl/crypto/bio/bss_dgram.c,"(205, 1)-(215, 18)",b'typedef struct bio_dgram_data_st {\n    BIO_AD...'
crypto,../repos/openssl/crypto/bio/bss_dgram.c,"(218, 1)-(222, 31)",b'typedef struct bio_dgram_sctp_save_message_st...'
crypto,../repos/openssl/crypto/bio/bss_dgram.c,"(229, 1)-(241, 23)",b'typedef struct bio_dgram_sctp_data_st {\n    b...'
crypto,../repos/openssl/crypto/bio/bf_prefix.c,"(45, 1)-(50, 14)",b'typedef struct prefix_ctx_st {\n    char *pref...'
crypto,../repos/openssl/crypto/bio/bss_mem.c,"(62, 1)-(65, 15)",b'typedef struct bio_buf_mem_st {\n    struct bu...'
crypto,../repos/openssl/crypto/bio/bf_lbuf.c,"(50, 1)-(54, 22)",b'typedef struct bio_linebuffer_ctx_struct {\n  ...'
crypto,../repos/openssl/crypto/bio/bss_acpt.c,"(18, 1)-(36, 14)",b'typedef struct bio_accept_st {\n    int state;...'
crypto,../repos/openssl/crypto/bio/bf_nbio.c,"(28, 1)-(32, 13)",b'typedef struct nbio_test_st {\n    /* only set...'
crypto,../repos/openssl/crypto/bio/bio_local.h,"(75, 1)-(96, 20)",b'typedef struct bio_f_buffer_ctx_struct {\n    ...'
crypto,../repos/openssl/crypto/bio/bio_local.h,"(123, 1)-(123, 32)",b'typedef unsigned int socklen_t;'
crypto,../repos/openssl/crypto/bio/bss_core.c,"(15, 1)-(23, 20)",b'typedef struct {\n    OSSL_FUNC_BIO_read_ex_fn...'
crypto,../repos/openssl/crypto/cmp/cmp_local.h,"(157, 1)-(163, 26)",b'typedef struct ossl_cmp_revanncontent_st {\n  ...'
crypto,../repos/openssl/crypto/cmp/cmp_local.h,"(190, 1)-(194, 22)",b'typedef struct ossl_cmp_challenge_st {\n    X5...'
crypto,../repos/openssl/crypto/cmp/cmp_local.h,"(204, 1)-(208, 31)",b'typedef struct ossl_cmp_cakeyupdanncontent_st...'
crypto,../repos/openssl/crypto/cmp/cmp_local.h,"(211, 1)-(211, 69)",b'typedef struct ossl_cmp_rootcakeyupdate_st OS...'
crypto,../repos/openssl/crypto/cmp/cmp_local.h,"(218, 1)-(218, 31)",b'typedef STACK_OF(OSSL_CMP_MSG)'
crypto,../repos/openssl/crypto/cmp/cmp_local.h,"(273, 1)-(279, 26)",b'typedef struct ossl_cmp_certorenccert_st {\n  ...'
crypto,../repos/openssl/crypto/cmp/cmp_local.h,"(290, 1)-(294, 29)",b'typedef struct ossl_cmp_certifiedkeypair_st {...'
crypto,../repos/openssl/crypto/cmp/cmp_local.h,"(322, 1)-(322, 59)",b'typedef struct ossl_cmp_revdetails_st OSSL_CM...'
crypto,../repos/openssl/crypto/cmp/cmp_local.h,"(356, 1)-(361, 29)",b'typedef struct ossl_cmp_keyrecrepcontent_st {...'
crypto,../repos/openssl/crypto/cmp/cmp_local.h,"(373, 1)-(377, 28)",b'typedef struct ossl_cmp_errormsgcontent_st {\n...'
crypto,../repos/openssl/crypto/cmp/cmp_local.h,"(400, 1)-(400, 38)",b'typedef STACK_OF(OSSL_CMP_CERTSTATUS)'
crypto,../repos/openssl/crypto/cmp/cmp_local.h,"(442, 1)-(444, 20)",b'typedef struct ossl_cmp_pollreq_st {\n    ASN1...'
crypto,../repos/openssl/crypto/cmp/cmp_local.h,"(447, 1)-(447, 35)",b'typedef STACK_OF(OSSL_CMP_POLLREQ)'
crypto,../repos/openssl/crypto/cmp/cmp_local.h,"(516, 1)-(516, 37)",b'typedef STACK_OF(OSSL_CMP_CHALLENGE)'
crypto,../repos/openssl/crypto/cmp/cmp_local.h,"(518, 1)-(518, 31)",b'typedef STACK_OF(ASN1_INTEGER)'
crypto,../repos/openssl/crypto/cmp/cmp_local.h,"(520, 1)-(520, 38)",b'typedef STACK_OF(OSSL_CMP_REVDETAILS)'
crypto,../repos/openssl/crypto/cmp/cmp_local.h,"(522, 1)-(522, 27)",b'typedef STACK_OF(X509_CRL)'
crypto,../repos/openssl/crypto/cmp/cmp_local.h,"(524, 1)-(524, 32)",b'typedef STACK_OF(OSSL_CMP_ITAV)'
crypto,../repos/openssl/crypto/cmp/cmp_local.h,"(526, 1)-(526, 32)",b'typedef STACK_OF(OSSL_CMP_ITAV)'
crypto,../repos/openssl/crypto/cmp/cmp_local.h,"(560, 1)-(670, 20)",b'typedef struct ossl_cmp_pkibody_st {\n    int ...'
crypto,../repos/openssl/crypto/cmp/cmp_local.h,"(704, 1)-(707, 26)",b'typedef struct ossl_cmp_protectedpart_st {\n  ...'
crypto,../repos/openssl/crypto/cmp/cmp_local.h,"(955, 1)-(957, 81)",b'typedef int (*ossl_cmp_allow_unprotected_cb_t...'
