Repo name,File name,Location,Content
arrow-main,../repos/arrow-main/go/arrow/compute/internal/kernels/_lib/types.h,"(134, 66)-(134, 74)",b'volatile _Tp'
arrow-main,../repos/arrow-main/go/arrow/compute/internal/kernels/_lib/types.h,"(468, 66)-(468, 74)",b'_Tp volatile'
arrow-main,../repos/arrow-main/go/arrow/compute/internal/kernels/_lib/types.h,"(532, 13)-(532, 21)",b'typedef volatile _Up type;'
arrow-main,../repos/arrow-main/go/arrow/compute/internal/kernels/_lib/types.h,"(538, 19)-(538, 27)",b'typedef const volatile _Up type;'
arrow-main,../repos/arrow-main/go/arrow/compute/internal/kernels/_lib/types.h,"(556, 13)-(556, 21)",b'typedef volatile _Up& type;'
arrow-main,../repos/arrow-main/go/arrow/compute/internal/kernels/_lib/types.h,"(562, 19)-(562, 27)",b'typedef const volatile _Up& type;'
arrow-main,../repos/arrow-main/cpp/src/arrow/vendored/fast_float/parse_number.h,"(95, 10)-(95, 18)",b'static volatile float fmin = std::numeric_lim...'
arrow-main,../repos/arrow-main/cpp/src/arrow/util/logging_test.cc,"(81, 3)-(81, 11)",b'volatile bool cond = true;'
arrow-main,../repos/arrow-main/cpp/src/arrow/util/logging_test.cc,"(89, 3)-(89, 11)",b'volatile bool cond = false;'
arrow-main,../repos/arrow-main/cpp/src/arrow/testing/gtest_util.cc,"(689, 1)-(689, 9)",b'volatile int throw_away = 0;'
