Repo name,File name,Location,Content
arrow-main,../repos/arrow-main/ruby/red-arrow/ext/arrow/raw-records.cpp,"(279, 5)-(284, 6)",b'try {\n      RawRecordsBuilder builder(records...'
arrow-main,../repos/arrow-main/ruby/red-arrow/ext/arrow/raw-records.cpp,"(297, 5)-(302, 6)",b'try {\n      RawRecordsBuilder builder(records...'
arrow-main,../repos/arrow-main/ruby/red-arrow/ext/arrow/raw-records.cpp,"(313, 5)-(318, 6)",b'try {\n      RawRecordsProducer producer;\n    ...'
arrow-main,../repos/arrow-main/ruby/red-arrow/ext/arrow/raw-records.cpp,"(329, 5)-(334, 6)",b'try {\n      RawRecordsProducer producer;\n    ...'
arrow-main,../repos/arrow-main/ruby/red-arrow/ext/arrow/values.cpp,"(129, 5)-(134, 6)",b'try {\n      ValuesBuilder builder(values);\n  ...'
arrow-main,../repos/arrow-main/ruby/red-arrow/ext/arrow/values.cpp,"(148, 5)-(153, 6)",b'try {\n      ValuesBuilder builder(values);\n  ...'
arrow-main,../repos/arrow-main/cpp/src/arrow/type_benchmark.cc,"(396, 7)-(399, 8)","b'try {\n        total = Accumulate(total, Error...'"
arrow-main,../repos/arrow-main/cpp/src/arrow/type_benchmark.cc,"(414, 7)-(417, 8)","b'try {\n        total = Accumulate(total, Error...'"
arrow-main,../repos/arrow-main/cpp/src/arrow/config.cc,"(91, 5)-(96, 6)",b'try {\n      arrow_vendored::date::set_install...'
arrow-main,../repos/arrow-main/cpp/src/arrow/filesystem/azurefs.cc,"(510, 5)-(522, 6)",b'try {\n      auto properties = blob_client_->G...'
arrow-main,../repos/arrow-main/cpp/src/arrow/filesystem/azurefs.cc,"(593, 5)-(602, 6)",b'try {\n      return blob_client_\n          ->D...'
arrow-main,../repos/arrow-main/cpp/src/arrow/filesystem/azurefs.cc,"(647, 3)-(654, 4)",b'try {\n    block_blob_client.UploadFrom(nullpt...'
arrow-main,../repos/arrow-main/cpp/src/arrow/filesystem/azurefs.cc,"(660, 3)-(666, 4)",b'try {\n    return block_blob_client->GetBlockL...'
arrow-main,../repos/arrow-main/cpp/src/arrow/filesystem/azurefs.cc,"(674, 3)-(684, 4)",b'try {\n    // CommitBlockList puts all block_i...'
arrow-main,../repos/arrow-main/cpp/src/arrow/filesystem/azurefs.cc,"(716, 7)-(730, 8)",b'try {\n        auto properties = block_blob_cl...'
arrow-main,../repos/arrow-main/cpp/src/arrow/filesystem/azurefs.cc,"(818, 5)-(825, 6)",b'try {\n      block_blob_client_->StageBlock(ne...'
arrow-main,../repos/arrow-main/cpp/src/arrow/filesystem/azurefs.cc,"(856, 3)-(900, 4)",b'try {\n    auto directory_client = adlfs_clien...'
arrow-main,../repos/arrow-main/cpp/src/arrow/filesystem/azurefs.cc,"(924, 3)-(936, 4)",b'try {\n    auto properties = container_client....'
arrow-main,../repos/arrow-main/cpp/src/arrow/filesystem/azurefs.cc,"(942, 3)-(948, 4)",b'try {\n    container_client.CreateIfNotExists(...'
arrow-main,../repos/arrow-main/cpp/src/arrow/filesystem/azurefs.cc,"(1057, 5)-(1083, 6)",b'try {\n      FileInfo info{location.all};\n    ...'
arrow-main,../repos/arrow-main/cpp/src/arrow/filesystem/azurefs.cc,"(1098, 5)-(1137, 6)",b'try {\n      FileInfo info{location.all};\n    ...'
arrow-main,../repos/arrow-main/cpp/src/arrow/filesystem/azurefs.cc,"(1163, 5)-(1174, 6)",b'try {\n      auto container_list_response =\n  ...'
arrow-main,../repos/arrow-main/cpp/src/arrow/filesystem/azurefs.cc,"(1238, 5)-(1292, 6)",b'try {\n      auto list_response =\n          co...'
arrow-main,../repos/arrow-main/cpp/src/arrow/filesystem/azurefs.cc,"(1395, 5)-(1416, 6)",b'try {\n      create_if_not_exists(container_cl...'
arrow-main,../repos/arrow-main/cpp/src/arrow/filesystem/azurefs.cc,"(1400, 9)-(1412, 10)",b'try {\n          if (recursive) {\n            ...'
arrow-main,../repos/arrow-main/cpp/src/arrow/filesystem/azurefs.cc,"(1500, 5)-(1507, 6)",b'try {\n      EnsureEmptyDirExistsImplThatThrow...'
arrow-main,../repos/arrow-main/cpp/src/arrow/filesystem/azurefs.cc,"(1516, 5)-(1532, 6)",b'try {\n      auto response = container_client....'
arrow-main,../repos/arrow-main/cpp/src/arrow/filesystem/azurefs.cc,"(1571, 5)-(1646, 6)",b'try {\n      auto list_response = container_cl...'
arrow-main,../repos/arrow-main/cpp/src/arrow/filesystem/azurefs.cc,"(1596, 9)-(1616, 10)",b'try {\n          // Before submitting the batc...'
arrow-main,../repos/arrow-main/cpp/src/arrow/filesystem/azurefs.cc,"(1620, 11)-(1625, 12)",b'try {\n            auto delete_result = deferr...'
arrow-main,../repos/arrow-main/cpp/src/arrow/filesystem/azurefs.cc,"(1657, 5)-(1668, 6)",b'try {\n      auto response = directory_client....'
arrow-main,../repos/arrow-main/cpp/src/arrow/filesystem/azurefs.cc,"(1676, 5)-(1709, 6)",b'try {\n      auto list_response = directory_cl...'
arrow-main,../repos/arrow-main/cpp/src/arrow/filesystem/azurefs.cc,"(1682, 13)-(1688, 14)",b'try {\n              sub_directory_client.Dele...'
arrow-main,../repos/arrow-main/cpp/src/arrow/filesystem/azurefs.cc,"(1691, 13)-(1697, 14)",b'try {\n              sub_file_client.Delete();...'
arrow-main,../repos/arrow-main/cpp/src/arrow/filesystem/azurefs.cc,"(1723, 5)-(1728, 6)",b'try {\n      dest_blob_client.CopyFromUri(src_...'
arrow-main,../repos/arrow-main/cpp/src/arrow/filesystem/s3_test_util.cc,"(124, 3)-(131, 4)",b'try {\n    // NOTE: --quiet makes startup fast...'
arrow-main,../repos/arrow-main/cpp/src/arrow/vendored/datetime/tz.cpp,"(1209, 5)-(1268, 6)",b'try\n    {\n        using namespace date;\n     ...'
arrow-main,../repos/arrow-main/cpp/src/arrow/vendored/datetime/tz.cpp,"(2343, 5)-(2358, 6)",b'try\n    {\n        using namespace date;\n     ...'
arrow-main,../repos/arrow-main/cpp/src/arrow/vendored/datetime/tz.cpp,"(2395, 5)-(2409, 6)",b'try\n    {\n        std::istringstream in(s);\n ...'
arrow-main,../repos/arrow-main/cpp/src/arrow/vendored/datetime/tz.cpp,"(2463, 17)-(2483, 18)",b'try\n                {\n                    usi...'
arrow-main,../repos/arrow-main/cpp/src/arrow/util/thread_pool.cc,"(698, 3)-(702, 4)","b'try {\n    return std::max(0, std::stoi(str));...'"
arrow-main,../repos/arrow-main/cpp/src/arrow/util/reflection_test.cc,"(110, 5)-(116, 6)",b'try {\n      std::stringstream ss{std::string{...'
arrow-main,../repos/arrow-main/cpp/src/arrow/util/utf8.cc,"(164, 3)-(168, 4)",b'try {\n    return UTF8ToWideStringInternal(sou...'
arrow-main,../repos/arrow-main/cpp/src/arrow/util/utf8.cc,"(172, 3)-(176, 4)",b'try {\n    return WideStringToUTF8Internal(sou...'
arrow-main,../repos/arrow-main/cpp/src/arrow/util/utf8.cc,"(180, 3)-(184, 4)",b'try {\n    return UTF16StringToUTF8Internal(so...'
arrow-main,../repos/arrow-main/cpp/src/arrow/util/utf8.cc,"(188, 3)-(192, 4)",b'try {\n    return UTF8StringToUTF16Internal(so...'
arrow-main,../repos/arrow-main/cpp/src/arrow/flight/test_util.cc,"(130, 3)-(148, 4)",b'try {\n    if (unix_sock_.empty()) {\n      ser...'
arrow-main,../repos/arrow-main/cpp/src/arrow/flight/test_util.cc,"(813, 5)-(836, 6)",b'try {\n      std::stringstream cert_path;\n    ...'
arrow-main,../repos/arrow-main/cpp/src/arrow/flight/test_util.cc,"(848, 3)-(860, 4)",b'try {\n    std::ifstream cert_file(path.str())...'
arrow-main,../repos/arrow-main/cpp/src/arrow/flight/transport.cc,"(241, 3)-(247, 4)",b'try {\n    code_int = std::stoi(code_str);\n  }...'
arrow-main,../repos/arrow-main/cpp/src/arrow/flight/transport.cc,"(330, 3)-(361, 4)",b'try {\n    const auto code_int = std::stoi(cod...'
arrow-main,../repos/arrow-main/cpp/src/arrow/flight/transport/ucx/ucx_client.cc,"(293, 5)-(297, 6)",b'try {\n      driver_thread_.join();\n    } catc...'
arrow-main,../repos/arrow-main/cpp/src/arrow/flight/transport/ucx/ucx_server.cc,"(340, 5)-(347, 6)",b'try {\n      listener_thread_.join();\n    } ca...'
arrow-main,../repos/arrow-main/cpp/src/arrow/flight/cookie_internal.cc,"(103, 7)-(107, 8)",b'try {\n        max_age = std::stoi(cookie_attr...'
arrow-main,../repos/arrow-main/cpp/src/arrow/testing/gtest_util.cc,"(620, 3)-(625, 4)",b'try {\n    std::locale loc(locale);\n    return...'
arrow-main,../repos/arrow-main/cpp/src/arrow/testing/gtest_util.cc,"(631, 5)-(635, 6)",b'try {\n      std::locale::global(std::locale(n...'
arrow-main,../repos/arrow-main/cpp/src/arrow/engine/simple_extension_type_internal.h,"(137, 7)-(143, 8)",b'try {\n        std::stringstream ss{std::strin...'
arrow-main,../repos/arrow-main/cpp/src/arrow/compute/kernels/scalar_temporal_unary.cc,"(1156, 3)-(1160, 4)",b'try {\n    return std::locale(locale.c_str());...'
arrow-main,../repos/arrow-main/cpp/src/arrow/compute/kernels/scalar_temporal_unary.cc,"(1377, 5)-(1409, 6)","b'try {\n      return get_local_time<T, Arg0>(ar...'"
arrow-main,../repos/arrow-main/cpp/src/arrow/compute/kernels/temporal_internal.h,"(48, 3)-(52, 4)",b'try {\n    return locate_zone(timezone);\n  } c...'
arrow-main,../repos/arrow-main/cpp/src/arrow/compute/kernels/temporal_internal.h,"(75, 3)-(79, 4)",b'try {\n    return std::locale(locale.c_str());...'
arrow-main,../repos/arrow-main/cpp/src/arrow/compute/kernels/temporal_internal.h,"(112, 5)-(122, 6)","b'try {\n      return zoned_time<Duration>{tz, l...'"
arrow-main,../repos/arrow-main/cpp/src/arrow/compute/kernels/temporal_internal.h,"(145, 5)-(150, 6)",b'try {\n      arrow_vendored::date::to_stream(b...'
arrow-main,../repos/arrow-main/cpp/src/arrow/io/interfaces.cc,"(397, 7)-(400, 8)",b'try {\n        threads = std::stoi(str);\n     ...'
arrow-main,../repos/arrow-main/cpp/src/arrow/stl_allocator.h,"(108, 5)-(112, 6)",b'try {\n      *out = alloc_.allocate(size);\n   ...'
arrow-main,../repos/arrow-main/cpp/src/arrow/stl_allocator.h,"(120, 5)-(124, 6)",b'try {\n      *ptr = alloc_.allocate(new_size);...'
arrow-main,../repos/arrow-main/cpp/src/gandiva/gdv_function_stubs.cc,"(331, 3)-(337, 4)",b'try {\n    *out_len = gandiva::aes_encrypt(dat...'
arrow-main,../repos/arrow-main/cpp/src/gandiva/gdv_function_stubs.cc,"(362, 3)-(368, 4)",b'try {\n    *out_len = gandiva::aes_decrypt(dat...'
arrow-main,../repos/arrow-main/cpp/src/gandiva/gdv_function_stubs.cc,"(753, 3)-(761, 4)",b'try {\n    const auto local_tz = locate_zone(s...'
arrow-main,../repos/arrow-main/cpp/src/gandiva/gdv_function_stubs.cc,"(773, 3)-(781, 4)",b'try {\n    const zoned_time<milliseconds> loca...'
arrow-main,../repos/arrow-main/cpp/src/gandiva/cast_time.cc,"(68, 3)-(81, 4)",b'try {\n    const time_zone* tz = locate_zone(s...'
arrow-main,../repos/arrow-main/cpp/src/gandiva/interval_holder.cc,"(77, 3)-(84, 4)",b'try {\n    period_in_millis = std::stol(number...'
arrow-main,../repos/arrow-main/cpp/src/gandiva/interval_holder.cc,"(104, 3)-(112, 4)",b'try {\n    qty_weeks = std::stod(number_as_str...'
arrow-main,../repos/arrow-main/cpp/src/gandiva/interval_holder.cc,"(138, 5)-(146, 6)",b'try {\n      std::replace(days_in_period.begin...'
arrow-main,../repos/arrow-main/cpp/src/gandiva/interval_holder.cc,"(150, 5)-(158, 6)",b'try {\n      std::replace(hours_in_period.begi...'
arrow-main,../repos/arrow-main/cpp/src/gandiva/interval_holder.cc,"(162, 5)-(170, 6)",b'try {\n      std::replace(minutes_in_period.be...'
arrow-main,../repos/arrow-main/cpp/src/gandiva/interval_holder.cc,"(174, 5)-(182, 6)",b'try {\n      std::replace(seconds_in_period.be...'
arrow-main,../repos/arrow-main/cpp/src/gandiva/interval_holder.cc,"(345, 3)-(353, 4)",b'try {\n    number_of_months = std::stoi(number...'
arrow-main,../repos/arrow-main/cpp/src/gandiva/interval_holder.cc,"(368, 5)-(376, 6)",b'try {\n      qty_yrs = std::stof(yrs_in_period...'
arrow-main,../repos/arrow-main/cpp/src/gandiva/interval_holder.cc,"(382, 5)-(388, 6)",b'try {\n      qty_months = std::stof(months_in_...'
arrow-main,../repos/arrow-main/cpp/src/parquet/properties_test.cc,"(120, 3)-(128, 4)",b'try {\n    ARROW_UNUSED(props.GetStream(reader...'
arrow-main,../repos/arrow-main/cpp/src/parquet/column_reader.cc,"(442, 7)-(462, 8)",b'try {\n        if (crypto_ctx_.meta_decryptor ...'
arrow-main,../repos/arrow-main/cpp/src/parquet/encryption/internal_file_decryptor.cc,"(80, 5)-(86, 6)",b'try {\n      footer_key = properties_->key_ret...'
arrow-main,../repos/arrow-main/cpp/src/parquet/encryption/internal_file_decryptor.cc,"(125, 5)-(131, 6)",b'try {\n      footer_key = properties_->key_ret...'
arrow-main,../repos/arrow-main/cpp/src/parquet/encryption/internal_file_decryptor.cc,"(191, 5)-(197, 6)",b'try {\n      column_key = properties_->key_ret...'
arrow-main,../repos/arrow-main/cpp/src/parquet/encryption/crypto_factory.cc,"(51, 5)-(58, 6)",b'try {\n      key_material_store =\n          Fi...'
arrow-main,../repos/arrow-main/cpp/src/parquet/encryption/key_wrapping_test.cc,"(57, 7)-(64, 8)",b'try {\n        key_material_store =\n          ...'
arrow-main,../repos/arrow-main/cpp/src/parquet/page_index.cc,"(560, 5)-(565, 6)",b'try {\n      comparator = MakeComparator<DType...'
arrow-main,../repos/arrow-main/cpp/src/parquet/file_reader.cc,"(312, 5)-(315, 6)",b'try {\n      Close();\n    } catch (...) {\n    }'
arrow-main,../repos/arrow-main/cpp/src/parquet/file_reader.cc,"(758, 3)-(761, 4)",b'try {\n    Close();\n  } catch (...) {\n  }'
arrow-main,../repos/arrow-main/cpp/src/parquet/bloom_filter.cc,"(128, 3)-(136, 4)",b'try {\n    deserializer.DeserializeMessage(rei...'
arrow-main,../repos/arrow-main/cpp/src/parquet/thrift_internal.h,"(454, 5)-(460, 6)",b'try {\n      deserialized_msg->read(tproto.get...'
arrow-main,../repos/arrow-main/cpp/src/parquet/thrift_internal.h,"(515, 5)-(522, 6)",b'try {\n      mem_buffer_->resetBuffer();\n     ...'
arrow-main,../repos/arrow-main/cpp/src/parquet/file_writer.cc,"(417, 5)-(420, 6)",b'try {\n      FileSerializer::Close();\n    } ca...'
arrow-main,../repos/arrow-main/cpp/src/parquet/file_writer.cc,"(543, 3)-(546, 4)",b'try {\n    Close();\n  } catch (...) {\n  }'
arrow-main,../repos/arrow-main/cpp/examples/parquet/low_level_api/encryption_reader_writer_all_crypto_options.cc,"(283, 5)-(349, 6)",b'try {\n      // Create a local file output str...'
arrow-main,../repos/arrow-main/cpp/examples/parquet/low_level_api/encryption_reader_writer_all_crypto_options.cc,"(424, 7)-(551, 8)","b'try {\n        std::cout << ""--> Read file "" <...'"
arrow-main,../repos/arrow-main/cpp/examples/parquet/low_level_api/reader_writer.cc,"(55, 3)-(173, 4)",b'try {\n    // Create a local file output strea...'
arrow-main,../repos/arrow-main/cpp/examples/parquet/low_level_api/reader_writer.cc,"(179, 3)-(408, 4)",b'try {\n    // Create a ParquetReader instance\n...'
arrow-main,../repos/arrow-main/cpp/examples/parquet/low_level_api/encryption_reader_writer.cc,"(51, 3)-(196, 4)",b'try {\n    // Create a local file output strea...'
arrow-main,../repos/arrow-main/cpp/examples/parquet/low_level_api/encryption_reader_writer.cc,"(214, 3)-(447, 4)",b'try {\n    parquet::ReaderProperties reader_pr...'
arrow-main,../repos/arrow-main/cpp/examples/parquet/low_level_api/reader_writer2.cc,"(56, 3)-(194, 4)",b'try {\n    // Create a local file output strea...'
arrow-main,../repos/arrow-main/cpp/examples/parquet/low_level_api/reader_writer2.cc,"(200, 3)-(429, 4)",b'try {\n    // Create a ParquetReader instance\n...'
arrow-main,../repos/arrow-main/cpp/tools/parquet/parquet_reader.cc,"(66, 3)-(79, 4)",b'try {\n    std::unique_ptr<parquet::ParquetFil...'
arrow-main,../repos/arrow-main/cpp/tools/parquet/parquet_dump_schema.cc,"(42, 3)-(49, 4)",b'try {\n    std::unique_ptr<parquet::ParquetFil...'
arrow-main,../repos/arrow-main/cpp/tools/parquet/parquet_scan.cc,"(58, 3)-(73, 4)",b'try {\n    double total_time;\n    std::clock_t...'
arrow-main,../repos/arrow-main/java/dataset/src/main/cpp/jni_wrapper.cc,"(293, 5)-(299, 6)",b'try {\n      memory_address = std::stol(JStrin...'
arrow-main,../repos/arrow-main/java/gandiva/src/main/cpp/config_holder.h,"(51, 5)-(54, 6)",b'try {\n      result = configuration_map_.at(co...'
arrow-main,../repos/arrow-main/java/gandiva/src/main/cpp/id_to_module_map.h,"(49, 5)-(52, 6)",b'try {\n      result = map_.at(module_id);\n    ...'
arrow-main,../repos/arrow-main/java/c/src/main/cpp/jni_wrapper.cc,"(169, 3)-(184, 4)",b'try {\n    JNIEnvGuard guard(private_data->vm_...'
arrow-main,../repos/arrow-main/java/c/src/main/cpp/jni_wrapper.cc,"(293, 3)-(306, 4)",b'try {\n    JNIEnvGuard guard(private_data->vm_...'
arrow-main,../repos/arrow-main/r/src/safe-call-into-r.h,"(235, 7)-(246, 8)",b'try {\n        WithoutSignalHandlerContext con...'
arrow-main,../repos/arrow-main/r/src/r_to_arrow.cpp,"(277, 5)-(299, 6)",b'try {\n      cpp11::sexp as_array_result = cpp...'
