Repo name,File name,Location,Content
arrow-main,../repos/arrow-main/go/arrow/compute/internal/kernels/_lib/types.h,"(702, 52)-(702, 60)",b'__make_unsigned_t<_Tp> __to_unsigned_like(_Tp...'
arrow-main,../repos/arrow-main/cpp/src/arrow/acero/asof_join_node.cc,"(1006, 14)-(1006, 22)",b'~Defer() noexcept'
arrow-main,../repos/arrow-main/cpp/src/arrow/acero/sorted_merge_node.cc,"(43, 12)-(43, 20)",b'~Defer() noexcept'
arrow-main,../repos/arrow-main/cpp/src/arrow/status.h,"(119, 52)-(119, 60)",b'operator==(const StatusDetail& other) const n...'
arrow-main,../repos/arrow-main/cpp/src/arrow/status.h,"(154, 29)-(154, 37)",b'Status(Status&& s) noexcept'
arrow-main,../repos/arrow-main/cpp/src/arrow/status.h,"(155, 40)-(155, 48)",b'operator=(Status&& s) noexcept'
arrow-main,../repos/arrow-main/cpp/src/arrow/status.h,"(160, 50)-(160, 58)",b'operator&(const Status& s) const noexcept'
arrow-main,../repos/arrow-main/cpp/src/arrow/status.h,"(161, 45)-(161, 53)",b'operator&(Status&& s) const noexcept'
arrow-main,../repos/arrow-main/cpp/src/arrow/status.h,"(162, 46)-(162, 54)",b'operator&=(const Status& s) noexcept'
arrow-main,../repos/arrow-main/cpp/src/arrow/status.h,"(163, 41)-(163, 49)",b'operator&=(Status&& s) noexcept'
arrow-main,../repos/arrow-main/cpp/src/arrow/status.h,"(402, 28)-(402, 36)",b'Status::Status(Status&& s) noexcept'
arrow-main,../repos/arrow-main/cpp/src/arrow/status.h,"(404, 39)-(404, 47)",b'Status::operator=(Status&& s) noexcept'
arrow-main,../repos/arrow-main/cpp/src/arrow/status.h,"(431, 49)-(431, 57)",b'Status::operator&(const Status& s) const noexcept'
arrow-main,../repos/arrow-main/cpp/src/arrow/status.h,"(439, 44)-(439, 52)",b'Status::operator&(Status&& s) const noexcept'
arrow-main,../repos/arrow-main/cpp/src/arrow/status.h,"(447, 45)-(447, 53)",b'Status::operator&=(const Status& s) noexcept'
arrow-main,../repos/arrow-main/cpp/src/arrow/status.h,"(454, 40)-(454, 48)",b'Status::operator&=(Status&& s) noexcept'
arrow-main,../repos/arrow-main/cpp/src/arrow/config.h,"(96, 49)-(96, 57)",b'Initialize(const GlobalOptions& options) noexcept'
arrow-main,../repos/arrow-main/cpp/src/arrow/array/data.h,"(139, 32)-(139, 40)",b'ArrayData(ArrayData&& other) noexcept'
arrow-main,../repos/arrow-main/cpp/src/arrow/array/data.h,"(150, 37)-(150, 45)",b'ArrayData(const ArrayData& other) noexcept'
arrow-main,../repos/arrow-main/cpp/src/arrow/config.cc,"(88, 49)-(88, 57)",b'Initialize(const GlobalOptions& options) noexcept'
arrow-main,../repos/arrow-main/cpp/src/arrow/filesystem/mockfs.cc,"(84, 32)-(84, 40)",b'Directory(Directory&& other) noexcept'
arrow-main,../repos/arrow-main/cpp/src/arrow/filesystem/mockfs.cc,"(89, 43)-(89, 51)",b'operator=(Directory&& other) noexcept'
arrow-main,../repos/arrow-main/cpp/src/arrow/filesystem/azurefs.cc,"(1210, 56)-(1210, 64)",b'(const std::string& blob_prefix) noexcept -> ...'
arrow-main,../repos/arrow-main/cpp/src/arrow/filesystem/azurefs.cc,"(1224, 66)-(1224, 74)",b'(const Blobs::Models::BlobItem& blob) noexcept'
arrow-main,../repos/arrow-main/cpp/src/arrow/filesystem/azurefs.cc,"(1232, 58)-(1232, 66)",b'(const std::string& prefix) noexcept -> Status'
arrow-main,../repos/arrow-main/cpp/src/arrow/stl_iterator.h,"(148, 26)-(148, 34)",b'ChunkedArrayIterator() noexcept'
arrow-main,../repos/arrow-main/cpp/src/arrow/stl_iterator.h,"(151, 52)-(151, 60)",b'ChunkedArrayIterator(const ChunkedArray& chun...'
arrow-main,../repos/arrow-main/cpp/src/arrow/chunk_resolver.h,"(42, 40)-(42, 48)",b'ChunkResolver(ChunkResolver&& other) noexcept'
arrow-main,../repos/arrow-main/cpp/src/arrow/vendored/fast_float/fast_float.h,"(53, 83)-(53, 91)","b'from_chars(const char *first, const char *las...'"
arrow-main,../repos/arrow-main/cpp/src/arrow/vendored/fast_float/fast_float.h,"(60, 73)-(60, 81)","b'from_chars_advanced(const char *first, const ...'"
arrow-main,../repos/arrow-main/cpp/src/arrow/vendored/fast_float/digit_comparison.h,"(28, 56)-(28, 64)",b'scientific_exponent(parsed_number_string& num...'
arrow-main,../repos/arrow-main/cpp/src/arrow/vendored/fast_float/digit_comparison.h,"(48, 64)-(48, 72)",b'adjusted_mantissa to_extended(T value) noexcept'
arrow-main,../repos/arrow-main/cpp/src/arrow/vendored/fast_float/digit_comparison.h,"(76, 72)-(76, 80)",b'adjusted_mantissa to_extended_halfway(T value...'
arrow-main,../repos/arrow-main/cpp/src/arrow/vendored/fast_float/digit_comparison.h,"(87, 48)-(87, 56)","b'round(adjusted_mantissa& am, callback cb) noexcept'"
arrow-main,../repos/arrow-main/cpp/src/arrow/vendored/fast_float/digit_comparison.h,"(117, 80)-(117, 88)","b'round_nearest_tie_even(adjusted_mantissa& am,...'"
arrow-main,../repos/arrow-main/cpp/src/arrow/vendored/fast_float/digit_comparison.h,"(143, 55)-(143, 63)","b'round_down(adjusted_mantissa& am, int32_t shi...'"
arrow-main,../repos/arrow-main/cpp/src/arrow/vendored/fast_float/digit_comparison.h,"(152, 79)-(152, 87)","b'skip_zeros(const char*& first, const char* la...'"
arrow-main,../repos/arrow-main/cpp/src/arrow/vendored/fast_float/digit_comparison.h,"(171, 80)-(171, 88)","b'is_truncated(const char* first, const char* l...'"
arrow-main,../repos/arrow-main/cpp/src/arrow/vendored/fast_float/digit_comparison.h,"(190, 56)-(190, 64)",b'is_truncated(byte_span s) noexcept'
arrow-main,../repos/arrow-main/cpp/src/arrow/vendored/fast_float/digit_comparison.h,"(195, 86)-(195, 94)","b'parse_eight_digits(const char*& p, limb& valu...'"
arrow-main,../repos/arrow-main/cpp/src/arrow/vendored/fast_float/digit_comparison.h,"(203, 83)-(203, 91)","b'parse_one_digit(const char*& p, limb& value, ...'"
arrow-main,../repos/arrow-main/cpp/src/arrow/vendored/fast_float/digit_comparison.h,"(211, 54)-(211, 62)","b'add_native(bigint& big, limb power, limb valu...'"
arrow-main,../repos/arrow-main/cpp/src/arrow/vendored/fast_float/digit_comparison.h,"(216, 74)-(216, 82)","b'round_up_bigint(bigint& big, size_t& count) n...'"
arrow-main,../repos/arrow-main/cpp/src/arrow/vendored/fast_float/digit_comparison.h,"(224, 106)-(224, 114)","b'parse_mantissa(bigint& result, parsed_number_...'"
arrow-main,../repos/arrow-main/cpp/src/arrow/vendored/fast_float/digit_comparison.h,"(304, 81)-(304, 89)","b'positive_digit_comp(bigint& bigmant, int32_t ...'"
arrow-main,../repos/arrow-main/cpp/src/arrow/vendored/fast_float/digit_comparison.h,"(327, 103)-(327, 111)","b'negative_digit_comp(bigint& bigmant, adjusted...'"
arrow-main,../repos/arrow-main/cpp/src/arrow/vendored/fast_float/digit_comparison.h,"(387, 86)-(387, 94)","b'digit_comp(parsed_number_string& num, adjuste...'"
arrow-main,../repos/arrow-main/cpp/src/arrow/vendored/fast_float/float_common.h,"(162, 32)-(162, 40)",b'len() const noexcept'
arrow-main,../repos/arrow-main/cpp/src/arrow/vendored/fast_float/float_common.h,"(166, 65)-(166, 73)",b'operator[](size_t index) const noexcept'
arrow-main,../repos/arrow-main/cpp/src/arrow/vendored/fast_float/ascii_number.h,"(16, 59)-(16, 67)",b'is_integer(char c) noexcept'
arrow-main,../repos/arrow-main/cpp/src/arrow/vendored/fast_float/ascii_number.h,"(61, 82)-(61, 90)",b'parse_eight_digits_unrolled(const char *chars...'
arrow-main,../repos/arrow-main/cpp/src/arrow/vendored/fast_float/ascii_number.h,"(66, 84)-(66, 92)",b'is_made_of_eight_digits_fast(uint64_t val)  n...'
arrow-main,../repos/arrow-main/cpp/src/arrow/vendored/fast_float/ascii_number.h,"(71, 79)-(71, 87)",b'is_made_of_eight_digits_fast(const char *char...'
arrow-main,../repos/arrow-main/cpp/src/arrow/vendored/fast_float/ascii_number.h,"(92, 98)-(92, 106)",b'parsed_number_string parse_number_string(cons...'
arrow-main,../repos/arrow-main/cpp/src/arrow/vendored/fast_float/parse_number.h,"(24, 80)-(24, 88)","b'parse_infnan(const char *first, const char *l...'"
arrow-main,../repos/arrow-main/cpp/src/arrow/vendored/fast_float/parse_number.h,"(74, 50)-(74, 58)",b'rounds_to_nearest() noexcept'
arrow-main,../repos/arrow-main/cpp/src/arrow/vendored/fast_float/parse_number.h,"(137, 87)-(137, 95)","b'from_chars(const char *first, const char *las...'"
arrow-main,../repos/arrow-main/cpp/src/arrow/vendored/fast_float/parse_number.h,"(143, 73)-(143, 81)","b'from_chars_advanced(const char *first, const ...'"
arrow-main,../repos/arrow-main/cpp/src/arrow/vendored/fast_float/bigint.h,"(58, 56)-(58, 64)",b'operator[](size_t index) noexcept'
arrow-main,../repos/arrow-main/cpp/src/arrow/vendored/fast_float/bigint.h,"(62, 68)-(62, 76)",b'operator[](size_t index) const noexcept'
arrow-main,../repos/arrow-main/cpp/src/arrow/vendored/fast_float/bigint.h,"(67, 64)-(67, 72)",b'rindex(size_t index) const noexcept'
arrow-main,../repos/arrow-main/cpp/src/arrow/vendored/fast_float/bigint.h,"(74, 50)-(74, 58)",b'set_len(size_t len) noexcept'
arrow-main,../repos/arrow-main/cpp/src/arrow/vendored/fast_float/bigint.h,"(77, 32)-(77, 40)",b'len() const noexcept'
arrow-main,../repos/arrow-main/cpp/src/arrow/vendored/fast_float/bigint.h,"(80, 35)-(80, 43)",b'is_empty() const noexcept'
arrow-main,../repos/arrow-main/cpp/src/arrow/vendored/fast_float/bigint.h,"(83, 37)-(83, 45)",b'capacity() const noexcept'
arrow-main,../repos/arrow-main/cpp/src/arrow/vendored/fast_float/bigint.h,"(87, 57)-(87, 65)",b'push_unchecked(limb value) noexcept'
arrow-main,../repos/arrow-main/cpp/src/arrow/vendored/fast_float/bigint.h,"(92, 51)-(92, 59)",b'try_push(limb value) noexcept'
arrow-main,../repos/arrow-main/cpp/src/arrow/vendored/fast_float/bigint.h,"(101, 60)-(101, 68)",b'extend_unchecked(limb_span s) noexcept'
arrow-main,../repos/arrow-main/cpp/src/arrow/vendored/fast_float/bigint.h,"(107, 54)-(107, 62)",b'try_extend(limb_span s) noexcept'
arrow-main,../repos/arrow-main/cpp/src/arrow/vendored/fast_float/bigint.h,"(119, 53)-(119, 61)","b'resize_unchecked(size_t new_len, limb value) ...'"
arrow-main,../repos/arrow-main/cpp/src/arrow/vendored/fast_float/bigint.h,"(131, 69)-(131, 77)","b'try_resize(size_t new_len, limb value) noexcept'"
arrow-main,../repos/arrow-main/cpp/src/arrow/vendored/fast_float/bigint.h,"(142, 58)-(142, 66)",b'nonzero(size_t index) const noexcept'
arrow-main,../repos/arrow-main/cpp/src/arrow/vendored/fast_float/bigint.h,"(152, 42)-(152, 50)",b'normalize() noexcept'
arrow-main,../repos/arrow-main/cpp/src/arrow/vendored/fast_float/bigint.h,"(160, 38)-(160, 46)",b'empty_hi64(bool& truncated) noexcept'
arrow-main,../repos/arrow-main/cpp/src/arrow/vendored/fast_float/bigint.h,"(166, 52)-(166, 60)","b'uint64_hi64(uint64_t r0, bool& truncated) noexcept'"
arrow-main,../repos/arrow-main/cpp/src/arrow/vendored/fast_float/bigint.h,"(173, 65)-(173, 73)","b'uint64_hi64(uint64_t r0, uint64_t r1, bool& t...'"
arrow-main,../repos/arrow-main/cpp/src/arrow/vendored/fast_float/bigint.h,"(186, 52)-(186, 60)","b'uint32_hi64(uint32_t r0, bool& truncated) noexcept'"
arrow-main,../repos/arrow-main/cpp/src/arrow/vendored/fast_float/bigint.h,"(191, 65)-(191, 73)","b'uint32_hi64(uint32_t r0, uint32_t r1, bool& t...'"
arrow-main,../repos/arrow-main/cpp/src/arrow/vendored/fast_float/bigint.h,"(198, 78)-(198, 86)","b'uint32_hi64(uint32_t r0, uint32_t r1, uint32_...'"
arrow-main,../repos/arrow-main/cpp/src/arrow/vendored/fast_float/bigint.h,"(210, 49)-(210, 57)","b'scalar_add(limb x, limb y, bool& overflow) no...'"
arrow-main,../repos/arrow-main/cpp/src/arrow/vendored/fast_float/bigint.h,"(230, 46)-(230, 54)","b'scalar_mul(limb x, limb y, limb& carry) noexcept'"
arrow-main,../repos/arrow-main/cpp/src/arrow/vendored/fast_float/bigint.h,"(258, 64)-(258, 72)","b'small_add_from(stackvec<size>& vec, limb y, s...'"
arrow-main,../repos/arrow-main/cpp/src/arrow/vendored/fast_float/bigint.h,"(276, 45)-(276, 53)","b'small_add(stackvec<size>& vec, limb y) noexcept'"
arrow-main,../repos/arrow-main/cpp/src/arrow/vendored/fast_float/bigint.h,"(283, 45)-(283, 53)","b'small_mul(stackvec<size>& vec, limb y) noexcept'"
arrow-main,../repos/arrow-main/cpp/src/arrow/vendored/fast_float/bigint.h,"(298, 67)-(298, 75)","b'large_add_from(stackvec<size>& x, limb_span y...'"
arrow-main,../repos/arrow-main/cpp/src/arrow/vendored/fast_float/bigint.h,"(329, 53)-(329, 61)","b'large_add_from(stackvec<size>& x, limb_span y...'"
arrow-main,../repos/arrow-main/cpp/src/arrow/vendored/fast_float/bigint.h,"(336, 47)-(336, 55)","b'long_mul(stackvec<size>& x, limb_span y) noexcept'"
arrow-main,../repos/arrow-main/cpp/src/arrow/vendored/fast_float/bigint.h,"(365, 48)-(365, 56)","b'large_mul(stackvec<size>& x, limb_span y) noexcept'"
arrow-main,../repos/arrow-main/cpp/src/arrow/vendored/fast_float/bigint.h,"(431, 62)-(431, 70)",b'hi64(bool& truncated) const noexcept'
arrow-main,../repos/arrow-main/cpp/src/arrow/vendored/fast_float/bigint.h,"(463, 64)-(463, 72)",b'compare(const bigint& other) const noexcept'
arrow-main,../repos/arrow-main/cpp/src/arrow/vendored/fast_float/bigint.h,"(484, 49)-(484, 57)",b'shl_bits(size_t n) noexcept'
arrow-main,../repos/arrow-main/cpp/src/arrow/vendored/fast_float/bigint.h,"(510, 50)-(510, 58)",b'shl_limbs(size_t n) noexcept'
arrow-main,../repos/arrow-main/cpp/src/arrow/vendored/fast_float/bigint.h,"(531, 44)-(531, 52)",b'shl(size_t n) noexcept'
arrow-main,../repos/arrow-main/cpp/src/arrow/vendored/fast_float/bigint.h,"(544, 42)-(544, 50)",b'ctlz() const noexcept'
arrow-main,../repos/arrow-main/cpp/src/arrow/vendored/fast_float/bigint.h,"(559, 48)-(559, 56)",b'bit_length() const noexcept'
arrow-main,../repos/arrow-main/cpp/src/arrow/vendored/fast_float/bigint.h,"(564, 42)-(564, 50)",b'mul(limb y) noexcept'
arrow-main,../repos/arrow-main/cpp/src/arrow/vendored/fast_float/bigint.h,"(568, 42)-(568, 50)",b'add(limb y) noexcept'
arrow-main,../repos/arrow-main/cpp/src/arrow/vendored/fast_float/bigint.h,"(573, 49)-(573, 57)",b'pow2(uint32_t exp) noexcept'
arrow-main,../repos/arrow-main/cpp/src/arrow/vendored/fast_float/bigint.h,"(578, 49)-(578, 57)",b'pow5(uint32_t exp) noexcept'
arrow-main,../repos/arrow-main/cpp/src/arrow/vendored/fast_float/bigint.h,"(605, 50)-(605, 58)",b'pow10(uint32_t exp) noexcept'
arrow-main,../repos/arrow-main/cpp/src/arrow/vendored/fast_float/decimal_to_binary.h,"(59, 63)-(59, 71)",b'power(int32_t q)  noexcept'
arrow-main,../repos/arrow-main/cpp/src/arrow/vendored/fast_float/decimal_to_binary.h,"(68, 71)-(68, 79)","b'compute_error_scaled(int64_t q, uint64_t w, i...'"
arrow-main,../repos/arrow-main/cpp/src/arrow/vendored/fast_float/decimal_to_binary.h,"(81, 57)-(81, 65)","b'adjusted_mantissa compute_error(int64_t q, ui...'"
arrow-main,../repos/arrow-main/cpp/src/arrow/vendored/fast_float/decimal_to_binary.h,"(95, 57)-(95, 65)","b'adjusted_mantissa compute_float(int64_t q, ui...'"
arrow-main,../repos/arrow-main/cpp/src/arrow/util/small_vector.h,"(43, 18)-(43, 26)",b'destroy() noexcept'
arrow-main,../repos/arrow-main/cpp/src/arrow/util/small_vector.h,"(53, 30)-(53, 38)",b'~StaticVectorStorageBase() noexcept'
arrow-main,../repos/arrow-main/cpp/src/arrow/util/small_vector.h,"(55, 18)-(55, 26)",b'destroy() noexcept'
arrow-main,../repos/arrow-main/cpp/src/arrow/util/small_vector.h,"(66, 25)-(66, 33)",b'StaticVectorStorage() noexcept'
arrow-main,../repos/arrow-main/cpp/src/arrow/util/small_vector.h,"(90, 52)-(90, 60)",b'move_construct(StaticVectorStorage&& other) n...'
arrow-main,../repos/arrow-main/cpp/src/arrow/util/small_vector.h,"(119, 24)-(119, 32)",b'SmallVectorStorage() noexcept'
arrow-main,../repos/arrow-main/cpp/src/arrow/util/small_vector.h,"(150, 18)-(150, 26)",b'destroy() noexcept'
arrow-main,../repos/arrow-main/cpp/src/arrow/util/small_vector.h,"(157, 51)-(157, 59)",b'move_construct(SmallVectorStorage&& other) no...'
arrow-main,../repos/arrow-main/cpp/src/arrow/util/small_vector.h,"(231, 32)-(231, 40)",b'StaticVectorImpl() noexcept'
arrow-main,../repos/arrow-main/cpp/src/arrow/util/small_vector.h,"(234, 46)-(234, 54)",b'StaticVectorImpl(StaticVectorImpl&& other) no...'
arrow-main,../repos/arrow-main/cpp/src/arrow/util/small_vector.h,"(238, 57)-(238, 65)",b'operator=(StaticVectorImpl&& other) noexcept'
arrow-main,../repos/arrow-main/cpp/src/arrow/util/small_vector.h,"(251, 62)-(251, 70)",b'operator=(const StaticVectorImpl& other) noexcept'
arrow-main,../repos/arrow-main/cpp/src/arrow/util/small_vector.h,"(263, 44)-(263, 52)",b'StaticVectorImpl(std::vector<T>&& other) noexcept'
arrow-main,../repos/arrow-main/cpp/src/arrow/util/small_vector.h,"(272, 55)-(272, 63)",b'operator=(std::vector<T>&& other) noexcept'
arrow-main,../repos/arrow-main/cpp/src/arrow/util/checked_cast.h,"(43, 63)-(43, 71)",b'checked_pointer_cast(std::shared_ptr<U> r) no...'
arrow-main,../repos/arrow-main/cpp/src/arrow/util/checked_cast.h,"(52, 63)-(52, 71)",b'checked_pointer_cast(std::unique_ptr<U> r) no...'
arrow-main,../repos/arrow-main/cpp/src/arrow/util/decimal.h,"(59, 54)-(59, 62)",b'Decimal128(const BasicDecimal128& value) noexcept'
arrow-main,../repos/arrow-main/cpp/src/arrow/util/decimal.h,"(67, 26)-(67, 34)",b'Decimal128() noexcept'
arrow-main,../repos/arrow-main/cpp/src/arrow/util/decimal.h,"(187, 54)-(187, 62)",b'Decimal256(const BasicDecimal256& value) noexcept'
arrow-main,../repos/arrow-main/cpp/src/arrow/util/decimal.h,"(195, 26)-(195, 34)",b'Decimal256() noexcept'
arrow-main,../repos/arrow-main/cpp/src/arrow/util/bit_block_counter.cc,"(30, 65)-(30, 73)",b'BitBlockCounter::GetBlockSlow(int64_t block_s...'
arrow-main,../repos/arrow-main/cpp/src/arrow/util/launder.h,"(29, 28)-(29, 36)",b'launder(T* p) noexcept'
arrow-main,../repos/arrow-main/cpp/src/arrow/util/tracing_internal.cc,"(74, 58)-(74, 66)",b'MakeRecordable() noexcept override'
arrow-main,../repos/arrow-main/cpp/src/arrow/util/tracing_internal.cc,"(79, 72)-(79, 80)",b'Export(\n      const nostd::span<std::unique_p...'
arrow-main,../repos/arrow-main/cpp/src/arrow/util/tracing_internal.cc,"(96, 51)-(96, 59)",b'Shutdown(std::chrono::microseconds timeout =\n...'
arrow-main,../repos/arrow-main/cpp/src/arrow/util/tracing_internal.cc,"(109, 60)-(109, 68)",b'OnEnd(std::unique_ptr<sdktrace::Recordable>&&...'
arrow-main,../repos/arrow-main/cpp/src/arrow/util/tracing.cc,"(32, 14)-(32, 22)",b'Span::Span() noexcept'
arrow-main,../repos/arrow-main/cpp/src/arrow/util/tracing.cc,"(44, 14)-(44, 22)",b'Span::Span() noexcept'
arrow-main,../repos/arrow-main/cpp/src/arrow/util/aligned_storage.h,"(35, 22)-(35, 30)",b'get() noexcept'
arrow-main,../repos/arrow-main/cpp/src/arrow/util/aligned_storage.h,"(39, 34)-(39, 42)",b'get() const noexcept'
arrow-main,../repos/arrow-main/cpp/src/arrow/util/aligned_storage.h,"(44, 18)-(44, 26)",b'destroy() noexcept'
arrow-main,../repos/arrow-main/cpp/src/arrow/util/aligned_storage.h,"(51, 31)-(51, 39)",b'construct(A&&... args) noexcept'
arrow-main,../repos/arrow-main/cpp/src/arrow/util/aligned_storage.h,"(56, 22)-(56, 30)",b'assign(V&& v) noexcept'
arrow-main,../repos/arrow-main/cpp/src/arrow/util/aligned_storage.h,"(60, 46)-(60, 54)",b'move_construct(AlignedStorage* other) noexcept'
arrow-main,../repos/arrow-main/cpp/src/arrow/util/aligned_storage.h,"(64, 43)-(64, 51)",b'move_assign(AlignedStorage* other) noexcept'
arrow-main,../repos/arrow-main/cpp/src/arrow/util/basic_decimal.h,"(65, 35)-(65, 43)",b'GenericBasicDecimal() noexcept'
arrow-main,../repos/arrow-main/cpp/src/arrow/util/basic_decimal.h,"(70, 66)-(70, 74)",b'GenericBasicDecimal(const WordArray& array) n...'
arrow-main,../repos/arrow-main/cpp/src/arrow/util/basic_decimal.h,"(76, 69)-(76, 77)","b'GenericBasicDecimal(LittleEndianArrayTag, con...'"
arrow-main,../repos/arrow-main/cpp/src/arrow/util/basic_decimal.h,"(83, 42)-(83, 50)",b'GenericBasicDecimal(T value) noexcept'
arrow-main,../repos/arrow-main/cpp/src/arrow/util/basic_decimal.h,"(152, 52)-(152, 60)",b'SignExtend(T low_bits) noexcept'
arrow-main,../repos/arrow-main/cpp/src/arrow/util/basic_decimal.h,"(180, 31)-(180, 39)",b'BasicDecimal128() noexcept'
arrow-main,../repos/arrow-main/cpp/src/arrow/util/basic_decimal.h,"(184, 57)-(184, 65)","b'BasicDecimal128(int64_t high, uint64_t low) n...'"
arrow-main,../repos/arrow-main/cpp/src/arrow/util/basic_decimal.h,"(187, 57)-(187, 65)","b'BasicDecimal128(int64_t high, uint64_t low) n...'"
arrow-main,../repos/arrow-main/cpp/src/arrow/util/basic_decimal.h,"(344, 31)-(344, 39)",b'BasicDecimal256() noexcept'
arrow-main,../repos/arrow-main/cpp/src/arrow/util/basic_decimal.h,"(346, 58)-(346, 66)",b'BasicDecimal256(const BasicDecimal128& value)...'
arrow-main,../repos/arrow-main/cpp/src/arrow/flight/client_tracing_middleware.cc,"(42, 68)-(42, 76)",b'Get(otel::nostd::string_view key) const noexc...'
arrow-main,../repos/arrow-main/cpp/src/arrow/flight/client_tracing_middleware.cc,"(47, 44)-(47, 52)","b'Set(otel::nostd::string_view key,\n           ...'"
arrow-main,../repos/arrow-main/cpp/src/arrow/flight/server_tracing_middleware.cc,"(64, 68)-(64, 76)",b'Get(otel::nostd::string_view key) const noexc...'
arrow-main,../repos/arrow-main/cpp/src/arrow/flight/server_tracing_middleware.cc,"(72, 64)-(72, 72)","b'Set(otel::nostd::string_view, otel::nostd::st...'"
arrow-main,../repos/arrow-main/cpp/src/arrow/flight/server_tracing_middleware.cc,"(80, 68)-(80, 76)",b'Get(otel::nostd::string_view key) const noexc...'
arrow-main,../repos/arrow-main/cpp/src/arrow/flight/server_tracing_middleware.cc,"(84, 44)-(84, 52)","b'Set(otel::nostd::string_view key,\n           ...'"
arrow-main,../repos/arrow-main/cpp/src/arrow/result.h,"(114, 21)-(114, 29)",b'Result() noexcept'
arrow-main,../repos/arrow-main/cpp/src/arrow/result.h,"(117, 13)-(117, 21)",b'~Result() noexcept'
arrow-main,../repos/arrow-main/cpp/src/arrow/result.h,"(129, 32)-(129, 40)",b'Result(const Status& status) noexcept'
arrow-main,../repos/arrow-main/cpp/src/arrow/result.h,"(162, 21)-(162, 29)",b'Result(U&& value) noexcept'
arrow-main,../repos/arrow-main/cpp/src/arrow/result.h,"(177, 21)-(177, 29)",b'Result(T&& value) noexcept'
arrow-main,../repos/arrow-main/cpp/src/arrow/result.h,"(191, 31)-(191, 39)",b'Result(const Result& other) noexcept'
arrow-main,../repos/arrow-main/cpp/src/arrow/result.h,"(206, 34)-(206, 42)",b'Result(const Result<U>& other) noexcept'
arrow-main,../repos/arrow-main/cpp/src/arrow/result.h,"(215, 42)-(215, 50)",b'operator=(const Result& other) noexcept'
arrow-main,../repos/arrow-main/cpp/src/arrow/result.h,"(239, 29)-(239, 37)",b'Result(Result<U>&& other) noexcept'
arrow-main,../repos/arrow-main/cpp/src/arrow/result.h,"(256, 37)-(256, 45)",b'operator=(Result&& other) noexcept'
arrow-main,../repos/arrow-main/cpp/src/arrow/result.h,"(434, 30)-(434, 38)",b'ConstructValue(U&& u) noexcept'
arrow-main,../repos/arrow-main/cpp/src/arrow/result.h,"(438, 18)-(438, 26)",b'Destroy() noexcept'
arrow-main,../repos/arrow-main/cpp/src/arrow/gpu/cuda_context.h,"(155, 49)-(155, 57)",b'value() const noexcept'
arrow-main,../repos/arrow-main/cpp/src/arrow/gpu/cuda_context.h,"(161, 31)-(161, 39)",b'() const noexcept'
arrow-main,../repos/arrow-main/cpp/src/arrow/gpu/cuda_context.h,"(163, 33)-(163, 41)",b'get_raw() const noexcept override'
arrow-main,../repos/arrow-main/cpp/src/arrow/gpu/cuda_context.h,"(206, 30)-(206, 38)",b'() const noexcept'
arrow-main,../repos/arrow-main/cpp/src/arrow/stl_allocator.h,"(51, 15)-(51, 23)",b'allocator() noexcept'
arrow-main,../repos/arrow-main/cpp/src/arrow/stl_allocator.h,"(53, 40)-(53, 48)",b'allocator(MemoryPool* pool) noexcept'
arrow-main,../repos/arrow-main/cpp/src/arrow/stl_allocator.h,"(56, 38)-(56, 46)",b'allocator(const allocator<U>& rhs) noexcept'
arrow-main,../repos/arrow-main/cpp/src/arrow/stl_allocator.h,"(60, 38)-(60, 46)",b'address(reference r) const noexcept'
arrow-main,../repos/arrow-main/cpp/src/arrow/stl_allocator.h,"(62, 50)-(62, 58)",b'address(const_reference r) const noexcept'
arrow-main,../repos/arrow-main/cpp/src/arrow/stl_allocator.h,"(75, 30)-(75, 38)",b'size_max() const noexcept'
arrow-main,../repos/arrow-main/cpp/src/arrow/stl_allocator.h,"(87, 28)-(87, 36)",b'pool() const noexcept'
arrow-main,../repos/arrow-main/cpp/src/arrow/stl_allocator.h,"(154, 69)-(154, 77)","b'operator==(const allocator<T1>& lhs, const al...'"
arrow-main,../repos/arrow-main/cpp/src/arrow/stl_allocator.h,"(159, 69)-(159, 77)","b'operator!=(const allocator<T1>& lhs, const al...'"
arrow-main,../repos/arrow-main/cpp/src/generated/parquet_types.cpp,"(618, 35)-(618, 43)",b'SizeStatistics::~SizeStatistics() noexcept'
arrow-main,../repos/arrow-main/cpp/src/generated/parquet_types.cpp,"(779, 58)-(779, 66)",b'SizeStatistics::SizeStatistics(SizeStatistics...'
arrow-main,../repos/arrow-main/cpp/src/generated/parquet_types.cpp,"(792, 69)-(792, 77)",b'SizeStatistics::operator=(SizeStatistics&& ot...'
arrow-main,../repos/arrow-main/cpp/src/generated/parquet_types.cpp,"(809, 27)-(809, 35)",b'Statistics::~Statistics() noexcept'
arrow-main,../repos/arrow-main/cpp/src/generated/parquet_types.cpp,"(1030, 46)-(1030, 54)",b'Statistics::Statistics(Statistics&& other17) ...'
arrow-main,../repos/arrow-main/cpp/src/generated/parquet_types.cpp,"(1053, 57)-(1053, 65)",b'Statistics::operator=(Statistics&& other19) n...'
arrow-main,../repos/arrow-main/cpp/src/generated/parquet_types.cpp,"(1080, 27)-(1080, 35)",b'StringType::~StringType() noexcept'
arrow-main,../repos/arrow-main/cpp/src/generated/parquet_types.cpp,"(1134, 51)-(1134, 59)",b'StringType::StringType(const StringType& othe...'
arrow-main,../repos/arrow-main/cpp/src/generated/parquet_types.cpp,"(1137, 46)-(1137, 54)",b'StringType::StringType(StringType&& other21) ...'
arrow-main,../repos/arrow-main/cpp/src/generated/parquet_types.cpp,"(1140, 62)-(1140, 70)",b'StringType::operator=(const StringType& other...'
arrow-main,../repos/arrow-main/cpp/src/generated/parquet_types.cpp,"(1144, 57)-(1144, 65)",b'StringType::operator=(StringType&& other23) n...'
arrow-main,../repos/arrow-main/cpp/src/generated/parquet_types.cpp,"(1155, 23)-(1155, 31)",b'UUIDType::~UUIDType() noexcept'
arrow-main,../repos/arrow-main/cpp/src/generated/parquet_types.cpp,"(1209, 45)-(1209, 53)",b'UUIDType::UUIDType(const UUIDType& other24) n...'
arrow-main,../repos/arrow-main/cpp/src/generated/parquet_types.cpp,"(1212, 40)-(1212, 48)",b'UUIDType::UUIDType(UUIDType&& other25) noexcept'
arrow-main,../repos/arrow-main/cpp/src/generated/parquet_types.cpp,"(1215, 56)-(1215, 64)",b'UUIDType::operator=(const UUIDType& other26) ...'
arrow-main,../repos/arrow-main/cpp/src/generated/parquet_types.cpp,"(1219, 51)-(1219, 59)",b'UUIDType::operator=(UUIDType&& other27) noexcept'
arrow-main,../repos/arrow-main/cpp/src/generated/parquet_types.cpp,"(1230, 21)-(1230, 29)",b'MapType::~MapType() noexcept'
arrow-main,../repos/arrow-main/cpp/src/generated/parquet_types.cpp,"(1284, 42)-(1284, 50)",b'MapType::MapType(const MapType& other28) noexcept'
arrow-main,../repos/arrow-main/cpp/src/generated/parquet_types.cpp,"(1287, 37)-(1287, 45)",b'MapType::MapType(MapType&& other29) noexcept'
arrow-main,../repos/arrow-main/cpp/src/generated/parquet_types.cpp,"(1290, 53)-(1290, 61)",b'MapType::operator=(const MapType& other30) no...'
arrow-main,../repos/arrow-main/cpp/src/generated/parquet_types.cpp,"(1294, 48)-(1294, 56)",b'MapType::operator=(MapType&& other31) noexcept'
arrow-main,../repos/arrow-main/cpp/src/generated/parquet_types.cpp,"(1305, 23)-(1305, 31)",b'ListType::~ListType() noexcept'
arrow-main,../repos/arrow-main/cpp/src/generated/parquet_types.cpp,"(1359, 45)-(1359, 53)",b'ListType::ListType(const ListType& other32) n...'
arrow-main,../repos/arrow-main/cpp/src/generated/parquet_types.cpp,"(1362, 40)-(1362, 48)",b'ListType::ListType(ListType&& other33) noexcept'
arrow-main,../repos/arrow-main/cpp/src/generated/parquet_types.cpp,"(1365, 56)-(1365, 64)",b'ListType::operator=(const ListType& other34) ...'
arrow-main,../repos/arrow-main/cpp/src/generated/parquet_types.cpp,"(1369, 51)-(1369, 59)",b'ListType::operator=(ListType&& other35) noexcept'
arrow-main,../repos/arrow-main/cpp/src/generated/parquet_types.cpp,"(1380, 23)-(1380, 31)",b'EnumType::~EnumType() noexcept'
arrow-main,../repos/arrow-main/cpp/src/generated/parquet_types.cpp,"(1434, 45)-(1434, 53)",b'EnumType::EnumType(const EnumType& other36) n...'
arrow-main,../repos/arrow-main/cpp/src/generated/parquet_types.cpp,"(1437, 40)-(1437, 48)",b'EnumType::EnumType(EnumType&& other37) noexcept'
arrow-main,../repos/arrow-main/cpp/src/generated/parquet_types.cpp,"(1440, 56)-(1440, 64)",b'EnumType::operator=(const EnumType& other38) ...'
arrow-main,../repos/arrow-main/cpp/src/generated/parquet_types.cpp,"(1444, 51)-(1444, 59)",b'EnumType::operator=(EnumType&& other39) noexcept'
arrow-main,../repos/arrow-main/cpp/src/generated/parquet_types.cpp,"(1455, 23)-(1455, 31)",b'DateType::~DateType() noexcept'
arrow-main,../repos/arrow-main/cpp/src/generated/parquet_types.cpp,"(1509, 45)-(1509, 53)",b'DateType::DateType(const DateType& other40) n...'
arrow-main,../repos/arrow-main/cpp/src/generated/parquet_types.cpp,"(1512, 40)-(1512, 48)",b'DateType::DateType(DateType&& other41) noexcept'
arrow-main,../repos/arrow-main/cpp/src/generated/parquet_types.cpp,"(1515, 56)-(1515, 64)",b'DateType::operator=(const DateType& other42) ...'
arrow-main,../repos/arrow-main/cpp/src/generated/parquet_types.cpp,"(1519, 51)-(1519, 59)",b'DateType::operator=(DateType&& other43) noexcept'
arrow-main,../repos/arrow-main/cpp/src/generated/parquet_types.cpp,"(1530, 29)-(1530, 37)",b'Float16Type::~Float16Type() noexcept'
arrow-main,../repos/arrow-main/cpp/src/generated/parquet_types.cpp,"(1584, 54)-(1584, 62)",b'Float16Type::Float16Type(const Float16Type& o...'
arrow-main,../repos/arrow-main/cpp/src/generated/parquet_types.cpp,"(1587, 49)-(1587, 57)",b'Float16Type::Float16Type(Float16Type&& other4...'
arrow-main,../repos/arrow-main/cpp/src/generated/parquet_types.cpp,"(1590, 65)-(1590, 73)",b'Float16Type::operator=(const Float16Type& oth...'
arrow-main,../repos/arrow-main/cpp/src/generated/parquet_types.cpp,"(1594, 60)-(1594, 68)",b'Float16Type::operator=(Float16Type&& other47)...'
arrow-main,../repos/arrow-main/cpp/src/generated/parquet_types.cpp,"(1605, 23)-(1605, 31)",b'NullType::~NullType() noexcept'
arrow-main,../repos/arrow-main/cpp/src/generated/parquet_types.cpp,"(1659, 45)-(1659, 53)",b'NullType::NullType(const NullType& other48) n...'
arrow-main,../repos/arrow-main/cpp/src/generated/parquet_types.cpp,"(1662, 40)-(1662, 48)",b'NullType::NullType(NullType&& other49) noexcept'
arrow-main,../repos/arrow-main/cpp/src/generated/parquet_types.cpp,"(1665, 56)-(1665, 64)",b'NullType::operator=(const NullType& other50) ...'
arrow-main,../repos/arrow-main/cpp/src/generated/parquet_types.cpp,"(1669, 51)-(1669, 59)",b'NullType::operator=(NullType&& other51) noexcept'
arrow-main,../repos/arrow-main/cpp/src/generated/parquet_types.cpp,"(1680, 29)-(1680, 37)",b'DecimalType::~DecimalType() noexcept'
arrow-main,../repos/arrow-main/cpp/src/generated/parquet_types.cpp,"(1777, 54)-(1777, 62)",b'DecimalType::DecimalType(const DecimalType& o...'
arrow-main,../repos/arrow-main/cpp/src/generated/parquet_types.cpp,"(1781, 49)-(1781, 57)",b'DecimalType::DecimalType(DecimalType&& other5...'
arrow-main,../repos/arrow-main/cpp/src/generated/parquet_types.cpp,"(1785, 65)-(1785, 73)",b'DecimalType::operator=(const DecimalType& oth...'
arrow-main,../repos/arrow-main/cpp/src/generated/parquet_types.cpp,"(1790, 60)-(1790, 68)",b'DecimalType::operator=(DecimalType&& other55)...'
arrow-main,../repos/arrow-main/cpp/src/generated/parquet_types.cpp,"(1804, 31)-(1804, 39)",b'MilliSeconds::~MilliSeconds() noexcept'
arrow-main,../repos/arrow-main/cpp/src/generated/parquet_types.cpp,"(1858, 57)-(1858, 65)",b'MilliSeconds::MilliSeconds(const MilliSeconds...'
arrow-main,../repos/arrow-main/cpp/src/generated/parquet_types.cpp,"(1861, 52)-(1861, 60)",b'MilliSeconds::MilliSeconds(MilliSeconds&& oth...'
arrow-main,../repos/arrow-main/cpp/src/generated/parquet_types.cpp,"(1864, 68)-(1864, 76)",b'MilliSeconds::operator=(const MilliSeconds& o...'
arrow-main,../repos/arrow-main/cpp/src/generated/parquet_types.cpp,"(1868, 63)-(1868, 71)",b'MilliSeconds::operator=(MilliSeconds&& other5...'
arrow-main,../repos/arrow-main/cpp/src/generated/parquet_types.cpp,"(1879, 31)-(1879, 39)",b'MicroSeconds::~MicroSeconds() noexcept'
arrow-main,../repos/arrow-main/cpp/src/generated/parquet_types.cpp,"(1933, 57)-(1933, 65)",b'MicroSeconds::MicroSeconds(const MicroSeconds...'
arrow-main,../repos/arrow-main/cpp/src/generated/parquet_types.cpp,"(1936, 52)-(1936, 60)",b'MicroSeconds::MicroSeconds(MicroSeconds&& oth...'
arrow-main,../repos/arrow-main/cpp/src/generated/parquet_types.cpp,"(1939, 68)-(1939, 76)",b'MicroSeconds::operator=(const MicroSeconds& o...'
arrow-main,../repos/arrow-main/cpp/src/generated/parquet_types.cpp,"(1943, 63)-(1943, 71)",b'MicroSeconds::operator=(MicroSeconds&& other6...'
arrow-main,../repos/arrow-main/cpp/src/generated/parquet_types.cpp,"(1954, 29)-(1954, 37)",b'NanoSeconds::~NanoSeconds() noexcept'
arrow-main,../repos/arrow-main/cpp/src/generated/parquet_types.cpp,"(2008, 54)-(2008, 62)",b'NanoSeconds::NanoSeconds(const NanoSeconds& o...'
arrow-main,../repos/arrow-main/cpp/src/generated/parquet_types.cpp,"(2011, 49)-(2011, 57)",b'NanoSeconds::NanoSeconds(NanoSeconds&& other6...'
arrow-main,../repos/arrow-main/cpp/src/generated/parquet_types.cpp,"(2014, 65)-(2014, 73)",b'NanoSeconds::operator=(const NanoSeconds& oth...'
arrow-main,../repos/arrow-main/cpp/src/generated/parquet_types.cpp,"(2018, 60)-(2018, 68)",b'NanoSeconds::operator=(NanoSeconds&& other67)...'
arrow-main,../repos/arrow-main/cpp/src/generated/parquet_types.cpp,"(2029, 23)-(2029, 31)",b'TimeUnit::~TimeUnit() noexcept'
arrow-main,../repos/arrow-main/cpp/src/generated/parquet_types.cpp,"(2144, 45)-(2144, 53)",b'TimeUnit::TimeUnit(const TimeUnit& other68) n...'
arrow-main,../repos/arrow-main/cpp/src/generated/parquet_types.cpp,"(2150, 40)-(2150, 48)",b'TimeUnit::TimeUnit(TimeUnit&& other69) noexcept'
arrow-main,../repos/arrow-main/cpp/src/generated/parquet_types.cpp,"(2156, 56)-(2156, 64)",b'TimeUnit::operator=(const TimeUnit& other70) ...'
arrow-main,../repos/arrow-main/cpp/src/generated/parquet_types.cpp,"(2163, 51)-(2163, 59)",b'TimeUnit::operator=(TimeUnit&& other71) noexcept'
arrow-main,../repos/arrow-main/cpp/src/generated/parquet_types.cpp,"(2180, 33)-(2180, 41)",b'TimestampType::~TimestampType() noexcept'
arrow-main,../repos/arrow-main/cpp/src/generated/parquet_types.cpp,"(2277, 60)-(2277, 68)",b'TimestampType::TimestampType(const TimestampT...'
arrow-main,../repos/arrow-main/cpp/src/generated/parquet_types.cpp,"(2281, 55)-(2281, 63)",b'TimestampType::TimestampType(TimestampType&& ...'
arrow-main,../repos/arrow-main/cpp/src/generated/parquet_types.cpp,"(2285, 71)-(2285, 79)",b'TimestampType::operator=(const TimestampType&...'
arrow-main,../repos/arrow-main/cpp/src/generated/parquet_types.cpp,"(2290, 66)-(2290, 74)",b'TimestampType::operator=(TimestampType&& othe...'
arrow-main,../repos/arrow-main/cpp/src/generated/parquet_types.cpp,"(2304, 23)-(2304, 31)",b'TimeType::~TimeType() noexcept'
arrow-main,../repos/arrow-main/cpp/src/generated/parquet_types.cpp,"(2401, 45)-(2401, 53)",b'TimeType::TimeType(const TimeType& other76) n...'
arrow-main,../repos/arrow-main/cpp/src/generated/parquet_types.cpp,"(2405, 40)-(2405, 48)",b'TimeType::TimeType(TimeType&& other77) noexcept'
arrow-main,../repos/arrow-main/cpp/src/generated/parquet_types.cpp,"(2409, 56)-(2409, 64)",b'TimeType::operator=(const TimeType& other78) ...'
arrow-main,../repos/arrow-main/cpp/src/generated/parquet_types.cpp,"(2414, 51)-(2414, 59)",b'TimeType::operator=(TimeType&& other79) noexcept'
arrow-main,../repos/arrow-main/cpp/src/generated/parquet_types.cpp,"(2428, 21)-(2428, 29)",b'IntType::~IntType() noexcept'
arrow-main,../repos/arrow-main/cpp/src/generated/parquet_types.cpp,"(2525, 42)-(2525, 50)",b'IntType::IntType(const IntType& other80) noexcept'
arrow-main,../repos/arrow-main/cpp/src/generated/parquet_types.cpp,"(2529, 37)-(2529, 45)",b'IntType::IntType(IntType&& other81) noexcept'
arrow-main,../repos/arrow-main/cpp/src/generated/parquet_types.cpp,"(2533, 53)-(2533, 61)",b'IntType::operator=(const IntType& other82) no...'
arrow-main,../repos/arrow-main/cpp/src/generated/parquet_types.cpp,"(2538, 48)-(2538, 56)",b'IntType::operator=(IntType&& other83) noexcept'
arrow-main,../repos/arrow-main/cpp/src/generated/parquet_types.cpp,"(2552, 23)-(2552, 31)",b'JsonType::~JsonType() noexcept'
arrow-main,../repos/arrow-main/cpp/src/generated/parquet_types.cpp,"(2606, 45)-(2606, 53)",b'JsonType::JsonType(const JsonType& other84) n...'
arrow-main,../repos/arrow-main/cpp/src/generated/parquet_types.cpp,"(2609, 40)-(2609, 48)",b'JsonType::JsonType(JsonType&& other85) noexcept'
arrow-main,../repos/arrow-main/cpp/src/generated/parquet_types.cpp,"(2612, 56)-(2612, 64)",b'JsonType::operator=(const JsonType& other86) ...'
arrow-main,../repos/arrow-main/cpp/src/generated/parquet_types.cpp,"(2616, 51)-(2616, 59)",b'JsonType::operator=(JsonType&& other87) noexcept'
arrow-main,../repos/arrow-main/cpp/src/generated/parquet_types.cpp,"(2627, 23)-(2627, 31)",b'BsonType::~BsonType() noexcept'
arrow-main,../repos/arrow-main/cpp/src/generated/parquet_types.cpp,"(2681, 45)-(2681, 53)",b'BsonType::BsonType(const BsonType& other88) n...'
arrow-main,../repos/arrow-main/cpp/src/generated/parquet_types.cpp,"(2684, 40)-(2684, 48)",b'BsonType::BsonType(BsonType&& other89) noexcept'
arrow-main,../repos/arrow-main/cpp/src/generated/parquet_types.cpp,"(2687, 56)-(2687, 64)",b'BsonType::operator=(const BsonType& other90) ...'
arrow-main,../repos/arrow-main/cpp/src/generated/parquet_types.cpp,"(2691, 51)-(2691, 59)",b'BsonType::operator=(BsonType&& other91) noexcept'
arrow-main,../repos/arrow-main/cpp/src/generated/parquet_types.cpp,"(2702, 29)-(2702, 37)",b'LogicalType::~LogicalType() noexcept'
arrow-main,../repos/arrow-main/cpp/src/generated/parquet_types.cpp,"(3026, 54)-(3026, 62)",b'LogicalType::LogicalType(const LogicalType& o...'
arrow-main,../repos/arrow-main/cpp/src/generated/parquet_types.cpp,"(3043, 49)-(3043, 57)",b'LogicalType::LogicalType(LogicalType&& other9...'
arrow-main,../repos/arrow-main/cpp/src/generated/parquet_types.cpp,"(3060, 65)-(3060, 73)",b'LogicalType::operator=(const LogicalType& oth...'
arrow-main,../repos/arrow-main/cpp/src/generated/parquet_types.cpp,"(3078, 60)-(3078, 68)",b'LogicalType::operator=(LogicalType&& other95)...'
arrow-main,../repos/arrow-main/cpp/src/generated/parquet_types.cpp,"(3117, 33)-(3117, 41)",b'SchemaElement::~SchemaElement() noexcept'
arrow-main,../repos/arrow-main/cpp/src/generated/parquet_types.cpp,"(3385, 56)-(3385, 64)",b'SchemaElement::SchemaElement(SchemaElement&& ...'
arrow-main,../repos/arrow-main/cpp/src/generated/parquet_types.cpp,"(3412, 67)-(3412, 75)",b'SchemaElement::operator=(SchemaElement&& othe...'
arrow-main,../repos/arrow-main/cpp/src/generated/parquet_types.cpp,"(3443, 35)-(3443, 43)",b'DataPageHeader::~DataPageHeader() noexcept'
arrow-main,../repos/arrow-main/cpp/src/generated/parquet_types.cpp,"(3614, 59)-(3614, 67)",b'DataPageHeader::DataPageHeader(DataPageHeader...'
arrow-main,../repos/arrow-main/cpp/src/generated/parquet_types.cpp,"(3631, 70)-(3631, 78)",b'DataPageHeader::operator=(DataPageHeader&& ot...'
arrow-main,../repos/arrow-main/cpp/src/generated/parquet_types.cpp,"(3652, 37)-(3652, 45)",b'IndexPageHeader::~IndexPageHeader() noexcept'
arrow-main,../repos/arrow-main/cpp/src/generated/parquet_types.cpp,"(3706, 67)-(3706, 75)",b'IndexPageHeader::IndexPageHeader(const IndexP...'
arrow-main,../repos/arrow-main/cpp/src/generated/parquet_types.cpp,"(3709, 62)-(3709, 70)",b'IndexPageHeader::IndexPageHeader(IndexPageHea...'
arrow-main,../repos/arrow-main/cpp/src/generated/parquet_types.cpp,"(3712, 78)-(3712, 86)",b'IndexPageHeader::operator=(const IndexPageHea...'
arrow-main,../repos/arrow-main/cpp/src/generated/parquet_types.cpp,"(3716, 73)-(3716, 81)",b'IndexPageHeader::operator=(IndexPageHeader&& ...'
arrow-main,../repos/arrow-main/cpp/src/generated/parquet_types.cpp,"(3727, 47)-(3727, 55)",b'DictionaryPageHeader::~DictionaryPageHeader()...'
arrow-main,../repos/arrow-main/cpp/src/generated/parquet_types.cpp,"(3846, 82)-(3846, 90)",b'DictionaryPageHeader::DictionaryPageHeader(co...'
arrow-main,../repos/arrow-main/cpp/src/generated/parquet_types.cpp,"(3852, 77)-(3852, 85)",b'DictionaryPageHeader::DictionaryPageHeader(Di...'
arrow-main,../repos/arrow-main/cpp/src/generated/parquet_types.cpp,"(3858, 93)-(3858, 101)",b'DictionaryPageHeader::operator=(const Diction...'
arrow-main,../repos/arrow-main/cpp/src/generated/parquet_types.cpp,"(3865, 88)-(3865, 96)",b'DictionaryPageHeader::operator=(DictionaryPag...'
arrow-main,../repos/arrow-main/cpp/src/generated/parquet_types.cpp,"(3882, 39)-(3882, 47)",b'DataPageHeaderV2::~DataPageHeaderV2() noexcept'
arrow-main,../repos/arrow-main/cpp/src/generated/parquet_types.cpp,"(4111, 65)-(4111, 73)",b'DataPageHeaderV2::DataPageHeaderV2(DataPageHe...'
arrow-main,../repos/arrow-main/cpp/src/generated/parquet_types.cpp,"(4134, 76)-(4134, 84)",b'DataPageHeaderV2::operator=(DataPageHeaderV2&...'
arrow-main,../repos/arrow-main/cpp/src/generated/parquet_types.cpp,"(4161, 45)-(4161, 53)",b'SplitBlockAlgorithm::~SplitBlockAlgorithm() n...'
arrow-main,../repos/arrow-main/cpp/src/generated/parquet_types.cpp,"(4215, 79)-(4215, 87)",b'SplitBlockAlgorithm::SplitBlockAlgorithm(cons...'
arrow-main,../repos/arrow-main/cpp/src/generated/parquet_types.cpp,"(4218, 74)-(4218, 82)",b'SplitBlockAlgorithm::SplitBlockAlgorithm(Spli...'
arrow-main,../repos/arrow-main/cpp/src/generated/parquet_types.cpp,"(4221, 90)-(4221, 98)",b'SplitBlockAlgorithm::operator=(const SplitBlo...'
arrow-main,../repos/arrow-main/cpp/src/generated/parquet_types.cpp,"(4225, 85)-(4225, 93)",b'SplitBlockAlgorithm::operator=(SplitBlockAlgo...'
arrow-main,../repos/arrow-main/cpp/src/generated/parquet_types.cpp,"(4236, 47)-(4236, 55)",b'BloomFilterAlgorithm::~BloomFilterAlgorithm()...'
arrow-main,../repos/arrow-main/cpp/src/generated/parquet_types.cpp,"(4313, 82)-(4313, 90)",b'BloomFilterAlgorithm::BloomFilterAlgorithm(co...'
arrow-main,../repos/arrow-main/cpp/src/generated/parquet_types.cpp,"(4317, 77)-(4317, 85)",b'BloomFilterAlgorithm::BloomFilterAlgorithm(Bl...'
arrow-main,../repos/arrow-main/cpp/src/generated/parquet_types.cpp,"(4321, 93)-(4321, 101)",b'BloomFilterAlgorithm::operator=(const BloomFi...'
arrow-main,../repos/arrow-main/cpp/src/generated/parquet_types.cpp,"(4326, 88)-(4326, 96)",b'BloomFilterAlgorithm::operator=(BloomFilterAl...'
arrow-main,../repos/arrow-main/cpp/src/generated/parquet_types.cpp,"(4339, 19)-(4339, 27)",b'XxHash::~XxHash() noexcept'
arrow-main,../repos/arrow-main/cpp/src/generated/parquet_types.cpp,"(4393, 40)-(4393, 48)",b'XxHash::XxHash(const XxHash& other132) noexcept'
arrow-main,../repos/arrow-main/cpp/src/generated/parquet_types.cpp,"(4396, 35)-(4396, 43)",b'XxHash::XxHash(XxHash&& other133) noexcept'
arrow-main,../repos/arrow-main/cpp/src/generated/parquet_types.cpp,"(4399, 51)-(4399, 59)",b'XxHash::operator=(const XxHash& other134) noexcept'
arrow-main,../repos/arrow-main/cpp/src/generated/parquet_types.cpp,"(4403, 46)-(4403, 54)",b'XxHash::operator=(XxHash&& other135) noexcept'
arrow-main,../repos/arrow-main/cpp/src/generated/parquet_types.cpp,"(4414, 37)-(4414, 45)",b'BloomFilterHash::~BloomFilterHash() noexcept'
arrow-main,../repos/arrow-main/cpp/src/generated/parquet_types.cpp,"(4491, 67)-(4491, 75)",b'BloomFilterHash::BloomFilterHash(const BloomF...'
arrow-main,../repos/arrow-main/cpp/src/generated/parquet_types.cpp,"(4495, 62)-(4495, 70)",b'BloomFilterHash::BloomFilterHash(BloomFilterH...'
arrow-main,../repos/arrow-main/cpp/src/generated/parquet_types.cpp,"(4499, 78)-(4499, 86)",b'BloomFilterHash::operator=(const BloomFilterH...'
arrow-main,../repos/arrow-main/cpp/src/generated/parquet_types.cpp,"(4504, 73)-(4504, 81)",b'BloomFilterHash::operator=(BloomFilterHash&& ...'
arrow-main,../repos/arrow-main/cpp/src/generated/parquet_types.cpp,"(4517, 31)-(4517, 39)",b'Uncompressed::~Uncompressed() noexcept'
arrow-main,../repos/arrow-main/cpp/src/generated/parquet_types.cpp,"(4571, 58)-(4571, 66)",b'Uncompressed::Uncompressed(const Uncompressed...'
arrow-main,../repos/arrow-main/cpp/src/generated/parquet_types.cpp,"(4574, 53)-(4574, 61)",b'Uncompressed::Uncompressed(Uncompressed&& oth...'
arrow-main,../repos/arrow-main/cpp/src/generated/parquet_types.cpp,"(4577, 69)-(4577, 77)",b'Uncompressed::operator=(const Uncompressed& o...'
arrow-main,../repos/arrow-main/cpp/src/generated/parquet_types.cpp,"(4581, 64)-(4581, 72)",b'Uncompressed::operator=(Uncompressed&& other1...'
arrow-main,../repos/arrow-main/cpp/src/generated/parquet_types.cpp,"(4592, 51)-(4592, 59)",b'BloomFilterCompression::~BloomFilterCompressi...'
arrow-main,../repos/arrow-main/cpp/src/generated/parquet_types.cpp,"(4669, 88)-(4669, 96)",b'BloomFilterCompression::BloomFilterCompressio...'
arrow-main,../repos/arrow-main/cpp/src/generated/parquet_types.cpp,"(4673, 83)-(4673, 91)",b'BloomFilterCompression::BloomFilterCompressio...'
arrow-main,../repos/arrow-main/cpp/src/generated/parquet_types.cpp,"(4677, 99)-(4677, 107)",b'BloomFilterCompression::operator=(const Bloom...'
arrow-main,../repos/arrow-main/cpp/src/generated/parquet_types.cpp,"(4682, 94)-(4682, 102)",b'BloomFilterCompression::operator=(BloomFilter...'
arrow-main,../repos/arrow-main/cpp/src/generated/parquet_types.cpp,"(4695, 41)-(4695, 49)",b'BloomFilterHeader::~BloomFilterHeader() noexcept'
arrow-main,../repos/arrow-main/cpp/src/generated/parquet_types.cpp,"(4832, 73)-(4832, 81)",b'BloomFilterHeader::BloomFilterHeader(const Bl...'
arrow-main,../repos/arrow-main/cpp/src/generated/parquet_types.cpp,"(4838, 68)-(4838, 76)",b'BloomFilterHeader::BloomFilterHeader(BloomFil...'
arrow-main,../repos/arrow-main/cpp/src/generated/parquet_types.cpp,"(4844, 84)-(4844, 92)",b'BloomFilterHeader::operator=(const BloomFilte...'
arrow-main,../repos/arrow-main/cpp/src/generated/parquet_types.cpp,"(4851, 79)-(4851, 87)",b'BloomFilterHeader::operator=(BloomFilterHeade...'
arrow-main,../repos/arrow-main/cpp/src/generated/parquet_types.cpp,"(4869, 27)-(4869, 35)",b'PageHeader::~PageHeader() noexcept'
arrow-main,../repos/arrow-main/cpp/src/generated/parquet_types.cpp,"(5095, 47)-(5095, 55)",b'PageHeader::PageHeader(PageHeader&& other154)...'
arrow-main,../repos/arrow-main/cpp/src/generated/parquet_types.cpp,"(5118, 58)-(5118, 66)",b'PageHeader::operator=(PageHeader&& other156) ...'
arrow-main,../repos/arrow-main/cpp/src/generated/parquet_types.cpp,"(5145, 23)-(5145, 31)",b'KeyValue::~KeyValue() noexcept'
arrow-main,../repos/arrow-main/cpp/src/generated/parquet_types.cpp,"(5247, 41)-(5247, 49)",b'KeyValue::KeyValue(KeyValue&& other158) noexcept'
arrow-main,../repos/arrow-main/cpp/src/generated/parquet_types.cpp,"(5258, 52)-(5258, 60)",b'KeyValue::operator=(KeyValue&& other160) noexcept'
arrow-main,../repos/arrow-main/cpp/src/generated/parquet_types.cpp,"(5273, 33)-(5273, 41)",b'SortingColumn::~SortingColumn() noexcept'
arrow-main,../repos/arrow-main/cpp/src/generated/parquet_types.cpp,"(5390, 61)-(5390, 69)",b'SortingColumn::SortingColumn(const SortingCol...'
arrow-main,../repos/arrow-main/cpp/src/generated/parquet_types.cpp,"(5395, 56)-(5395, 64)",b'SortingColumn::SortingColumn(SortingColumn&& ...'
arrow-main,../repos/arrow-main/cpp/src/generated/parquet_types.cpp,"(5400, 72)-(5400, 80)",b'SortingColumn::operator=(const SortingColumn&...'
arrow-main,../repos/arrow-main/cpp/src/generated/parquet_types.cpp,"(5406, 67)-(5406, 75)",b'SortingColumn::operator=(SortingColumn&& othe...'
arrow-main,../repos/arrow-main/cpp/src/generated/parquet_types.cpp,"(5422, 41)-(5422, 49)",b'PageEncodingStats::~PageEncodingStats() noexcept'
arrow-main,../repos/arrow-main/cpp/src/generated/parquet_types.cpp,"(5543, 73)-(5543, 81)",b'PageEncodingStats::PageEncodingStats(const Pa...'
arrow-main,../repos/arrow-main/cpp/src/generated/parquet_types.cpp,"(5548, 68)-(5548, 76)",b'PageEncodingStats::PageEncodingStats(PageEnco...'
arrow-main,../repos/arrow-main/cpp/src/generated/parquet_types.cpp,"(5553, 84)-(5553, 92)",b'PageEncodingStats::operator=(const PageEncodi...'
arrow-main,../repos/arrow-main/cpp/src/generated/parquet_types.cpp,"(5559, 79)-(5559, 87)",b'PageEncodingStats::operator=(PageEncodingStat...'
arrow-main,../repos/arrow-main/cpp/src/generated/parquet_types.cpp,"(5575, 35)-(5575, 43)",b'ColumnMetaData::~ColumnMetaData() noexcept'
arrow-main,../repos/arrow-main/cpp/src/generated/parquet_types.cpp,"(6050, 59)-(6050, 67)",b'ColumnMetaData::ColumnMetaData(ColumnMetaData...'
arrow-main,../repos/arrow-main/cpp/src/generated/parquet_types.cpp,"(6089, 70)-(6089, 78)",b'ColumnMetaData::operator=(ColumnMetaData&& ot...'
arrow-main,../repos/arrow-main/cpp/src/generated/parquet_types.cpp,"(6132, 53)-(6132, 61)",b'EncryptionWithFooterKey::~EncryptionWithFoote...'
arrow-main,../repos/arrow-main/cpp/src/generated/parquet_types.cpp,"(6186, 91)-(6186, 99)",b'EncryptionWithFooterKey::EncryptionWithFooter...'
arrow-main,../repos/arrow-main/cpp/src/generated/parquet_types.cpp,"(6189, 86)-(6189, 94)",b'EncryptionWithFooterKey::EncryptionWithFooter...'
arrow-main,../repos/arrow-main/cpp/src/generated/parquet_types.cpp,"(6192, 102)-(6192, 110)",b'EncryptionWithFooterKey::operator=(const Encr...'
arrow-main,../repos/arrow-main/cpp/src/generated/parquet_types.cpp,"(6196, 97)-(6196, 105)",b'EncryptionWithFooterKey::operator=(Encryption...'
arrow-main,../repos/arrow-main/cpp/src/generated/parquet_types.cpp,"(6207, 53)-(6207, 61)",b'EncryptionWithColumnKey::~EncryptionWithColum...'
arrow-main,../repos/arrow-main/cpp/src/generated/parquet_types.cpp,"(6329, 86)-(6329, 94)",b'EncryptionWithColumnKey::EncryptionWithColumn...'
arrow-main,../repos/arrow-main/cpp/src/generated/parquet_types.cpp,"(6340, 97)-(6340, 105)",b'EncryptionWithColumnKey::operator=(Encryption...'
arrow-main,../repos/arrow-main/cpp/src/generated/parquet_types.cpp,"(6355, 47)-(6355, 55)",b'ColumnCryptoMetaData::~ColumnCryptoMetaData()...'
arrow-main,../repos/arrow-main/cpp/src/generated/parquet_types.cpp,"(6456, 77)-(6456, 85)",b'ColumnCryptoMetaData::ColumnCryptoMetaData(Co...'
arrow-main,../repos/arrow-main/cpp/src/generated/parquet_types.cpp,"(6467, 88)-(6467, 96)",b'ColumnCryptoMetaData::operator=(ColumnCryptoM...'
arrow-main,../repos/arrow-main/cpp/src/generated/parquet_types.cpp,"(6482, 29)-(6482, 37)",b'ColumnChunk::~ColumnChunk() noexcept'
arrow-main,../repos/arrow-main/cpp/src/generated/parquet_types.cpp,"(6724, 50)-(6724, 58)",b'ColumnChunk::ColumnChunk(ColumnChunk&& other2...'
arrow-main,../repos/arrow-main/cpp/src/generated/parquet_types.cpp,"(6749, 61)-(6749, 69)",b'ColumnChunk::operator=(ColumnChunk&& other223...'
arrow-main,../repos/arrow-main/cpp/src/generated/parquet_types.cpp,"(6778, 23)-(6778, 31)",b'RowGroup::~RowGroup() noexcept'
arrow-main,../repos/arrow-main/cpp/src/generated/parquet_types.cpp,"(7022, 41)-(7022, 49)",b'RowGroup::RowGroup(RowGroup&& other237) noexcept'
arrow-main,../repos/arrow-main/cpp/src/generated/parquet_types.cpp,"(7043, 52)-(7043, 60)",b'RowGroup::operator=(RowGroup&& other239) noexcept'
arrow-main,../repos/arrow-main/cpp/src/generated/parquet_types.cpp,"(7068, 39)-(7068, 47)",b'TypeDefinedOrder::~TypeDefinedOrder() noexcept'
arrow-main,../repos/arrow-main/cpp/src/generated/parquet_types.cpp,"(7122, 70)-(7122, 78)",b'TypeDefinedOrder::TypeDefinedOrder(const Type...'
arrow-main,../repos/arrow-main/cpp/src/generated/parquet_types.cpp,"(7125, 65)-(7125, 73)",b'TypeDefinedOrder::TypeDefinedOrder(TypeDefine...'
arrow-main,../repos/arrow-main/cpp/src/generated/parquet_types.cpp,"(7128, 81)-(7128, 89)",b'TypeDefinedOrder::operator=(const TypeDefined...'
arrow-main,../repos/arrow-main/cpp/src/generated/parquet_types.cpp,"(7132, 76)-(7132, 84)",b'TypeDefinedOrder::operator=(TypeDefinedOrder&...'
arrow-main,../repos/arrow-main/cpp/src/generated/parquet_types.cpp,"(7143, 29)-(7143, 37)",b'ColumnOrder::~ColumnOrder() noexcept'
arrow-main,../repos/arrow-main/cpp/src/generated/parquet_types.cpp,"(7220, 55)-(7220, 63)",b'ColumnOrder::ColumnOrder(const ColumnOrder& o...'
arrow-main,../repos/arrow-main/cpp/src/generated/parquet_types.cpp,"(7224, 50)-(7224, 58)",b'ColumnOrder::ColumnOrder(ColumnOrder&& other2...'
arrow-main,../repos/arrow-main/cpp/src/generated/parquet_types.cpp,"(7228, 66)-(7228, 74)",b'ColumnOrder::operator=(const ColumnOrder& oth...'
arrow-main,../repos/arrow-main/cpp/src/generated/parquet_types.cpp,"(7233, 61)-(7233, 69)",b'ColumnOrder::operator=(ColumnOrder&& other247...'
arrow-main,../repos/arrow-main/cpp/src/generated/parquet_types.cpp,"(7246, 31)-(7246, 39)",b'PageLocation::~PageLocation() noexcept'
arrow-main,../repos/arrow-main/cpp/src/generated/parquet_types.cpp,"(7363, 58)-(7363, 66)",b'PageLocation::PageLocation(const PageLocation...'
arrow-main,../repos/arrow-main/cpp/src/generated/parquet_types.cpp,"(7368, 53)-(7368, 61)",b'PageLocation::PageLocation(PageLocation&& oth...'
arrow-main,../repos/arrow-main/cpp/src/generated/parquet_types.cpp,"(7373, 69)-(7373, 77)",b'PageLocation::operator=(const PageLocation& o...'
arrow-main,../repos/arrow-main/cpp/src/generated/parquet_types.cpp,"(7379, 64)-(7379, 72)",b'PageLocation::operator=(PageLocation&& other2...'
arrow-main,../repos/arrow-main/cpp/src/generated/parquet_types.cpp,"(7395, 29)-(7395, 37)",b'OffsetIndex::~OffsetIndex() noexcept'
arrow-main,../repos/arrow-main/cpp/src/generated/parquet_types.cpp,"(7537, 50)-(7537, 58)",b'OffsetIndex::OffsetIndex(OffsetIndex&& other2...'
arrow-main,../repos/arrow-main/cpp/src/generated/parquet_types.cpp,"(7548, 61)-(7548, 69)",b'OffsetIndex::operator=(OffsetIndex&& other267...'
arrow-main,../repos/arrow-main/cpp/src/generated/parquet_types.cpp,"(7563, 29)-(7563, 37)",b'ColumnIndex::~ColumnIndex() noexcept'
arrow-main,../repos/arrow-main/cpp/src/generated/parquet_types.cpp,"(7890, 50)-(7890, 58)",b'ColumnIndex::ColumnIndex(ColumnIndex&& other3...'
arrow-main,../repos/arrow-main/cpp/src/generated/parquet_types.cpp,"(7911, 61)-(7911, 69)",b'ColumnIndex::operator=(ColumnIndex&& other308...'
arrow-main,../repos/arrow-main/cpp/src/generated/parquet_types.cpp,"(7936, 23)-(7936, 31)",b'AesGcmV1::~AesGcmV1() noexcept'
arrow-main,../repos/arrow-main/cpp/src/generated/parquet_types.cpp,"(8057, 41)-(8057, 49)",b'AesGcmV1::AesGcmV1(AesGcmV1&& other310) noexcept'
arrow-main,../repos/arrow-main/cpp/src/generated/parquet_types.cpp,"(8070, 52)-(8070, 60)",b'AesGcmV1::operator=(AesGcmV1&& other312) noexcept'
arrow-main,../repos/arrow-main/cpp/src/generated/parquet_types.cpp,"(8087, 29)-(8087, 37)",b'AesGcmCtrV1::~AesGcmCtrV1() noexcept'
arrow-main,../repos/arrow-main/cpp/src/generated/parquet_types.cpp,"(8208, 50)-(8208, 58)",b'AesGcmCtrV1::AesGcmCtrV1(AesGcmCtrV1&& other3...'
arrow-main,../repos/arrow-main/cpp/src/generated/parquet_types.cpp,"(8221, 61)-(8221, 69)",b'AesGcmCtrV1::operator=(AesGcmCtrV1&& other316...'
arrow-main,../repos/arrow-main/cpp/src/generated/parquet_types.cpp,"(8238, 45)-(8238, 53)",b'EncryptionAlgorithm::~EncryptionAlgorithm() n...'
arrow-main,../repos/arrow-main/cpp/src/generated/parquet_types.cpp,"(8339, 74)-(8339, 82)",b'EncryptionAlgorithm::EncryptionAlgorithm(Encr...'
arrow-main,../repos/arrow-main/cpp/src/generated/parquet_types.cpp,"(8350, 85)-(8350, 93)",b'EncryptionAlgorithm::operator=(EncryptionAlgo...'
arrow-main,../repos/arrow-main/cpp/src/generated/parquet_types.cpp,"(8365, 31)-(8365, 39)",b'FileMetaData::~FileMetaData() noexcept'
arrow-main,../repos/arrow-main/cpp/src/generated/parquet_types.cpp,"(8690, 53)-(8690, 61)",b'FileMetaData::FileMetaData(FileMetaData&& oth...'
arrow-main,../repos/arrow-main/cpp/src/generated/parquet_types.cpp,"(8715, 64)-(8715, 72)",b'FileMetaData::operator=(FileMetaData&& other3...'
arrow-main,../repos/arrow-main/cpp/src/generated/parquet_types.cpp,"(8744, 43)-(8744, 51)",b'FileCryptoMetaData::~FileCryptoMetaData() noexcept'
arrow-main,../repos/arrow-main/cpp/src/generated/parquet_types.cpp,"(8846, 71)-(8846, 79)",b'FileCryptoMetaData::FileCryptoMetaData(FileCr...'
arrow-main,../repos/arrow-main/cpp/src/generated/parquet_types.cpp,"(8857, 82)-(8857, 90)",b'FileCryptoMetaData::operator=(FileCryptoMetaD...'
arrow-main,../repos/arrow-main/cpp/src/generated/parquet_types.h,"(473, 36)-(473, 44)",b'SizeStatistics(SizeStatistics&&) noexcept'
arrow-main,../repos/arrow-main/cpp/src/generated/parquet_types.h,"(475, 47)-(475, 55)",b'operator=(SizeStatistics&&) noexcept'
arrow-main,../repos/arrow-main/cpp/src/generated/parquet_types.h,"(476, 20)-(476, 28)",b'SizeStatistics() noexcept'
arrow-main,../repos/arrow-main/cpp/src/generated/parquet_types.h,"(480, 29)-(480, 37)",b'~SizeStatistics() noexcept'
arrow-main,../repos/arrow-main/cpp/src/generated/parquet_types.h,"(579, 28)-(579, 36)",b'Statistics(Statistics&&) noexcept'
arrow-main,../repos/arrow-main/cpp/src/generated/parquet_types.h,"(581, 39)-(581, 47)",b'operator=(Statistics&&) noexcept'
arrow-main,../repos/arrow-main/cpp/src/generated/parquet_types.h,"(582, 16)-(582, 24)",b'Statistics() noexcept'
arrow-main,../repos/arrow-main/cpp/src/generated/parquet_types.h,"(593, 25)-(593, 33)",b'~Statistics() noexcept'
arrow-main,../repos/arrow-main/cpp/src/generated/parquet_types.h,"(717, 33)-(717, 41)",b'StringType(const StringType&) noexcept'
arrow-main,../repos/arrow-main/cpp/src/generated/parquet_types.h,"(718, 28)-(718, 36)",b'StringType(StringType&&) noexcept'
arrow-main,../repos/arrow-main/cpp/src/generated/parquet_types.h,"(719, 44)-(719, 52)",b'operator=(const StringType&) noexcept'
arrow-main,../repos/arrow-main/cpp/src/generated/parquet_types.h,"(720, 39)-(720, 47)",b'operator=(StringType&&) noexcept'
arrow-main,../repos/arrow-main/cpp/src/generated/parquet_types.h,"(721, 16)-(721, 24)",b'StringType() noexcept'
arrow-main,../repos/arrow-main/cpp/src/generated/parquet_types.h,"(724, 25)-(724, 33)",b'~StringType() noexcept'
arrow-main,../repos/arrow-main/cpp/src/generated/parquet_types.h,"(750, 29)-(750, 37)",b'UUIDType(const UUIDType&) noexcept'
arrow-main,../repos/arrow-main/cpp/src/generated/parquet_types.h,"(751, 24)-(751, 32)",b'UUIDType(UUIDType&&) noexcept'
arrow-main,../repos/arrow-main/cpp/src/generated/parquet_types.h,"(752, 40)-(752, 48)",b'operator=(const UUIDType&) noexcept'
arrow-main,../repos/arrow-main/cpp/src/generated/parquet_types.h,"(753, 35)-(753, 43)",b'operator=(UUIDType&&) noexcept'
arrow-main,../repos/arrow-main/cpp/src/generated/parquet_types.h,"(754, 14)-(754, 22)",b'UUIDType() noexcept'
arrow-main,../repos/arrow-main/cpp/src/generated/parquet_types.h,"(757, 23)-(757, 31)",b'~UUIDType() noexcept'
arrow-main,../repos/arrow-main/cpp/src/generated/parquet_types.h,"(783, 27)-(783, 35)",b'MapType(const MapType&) noexcept'
arrow-main,../repos/arrow-main/cpp/src/generated/parquet_types.h,"(784, 22)-(784, 30)",b'MapType(MapType&&) noexcept'
arrow-main,../repos/arrow-main/cpp/src/generated/parquet_types.h,"(785, 38)-(785, 46)",b'operator=(const MapType&) noexcept'
arrow-main,../repos/arrow-main/cpp/src/generated/parquet_types.h,"(786, 33)-(786, 41)",b'operator=(MapType&&) noexcept'
arrow-main,../repos/arrow-main/cpp/src/generated/parquet_types.h,"(787, 13)-(787, 21)",b'MapType() noexcept'
arrow-main,../repos/arrow-main/cpp/src/generated/parquet_types.h,"(790, 22)-(790, 30)",b'~MapType() noexcept'
arrow-main,../repos/arrow-main/cpp/src/generated/parquet_types.h,"(816, 29)-(816, 37)",b'ListType(const ListType&) noexcept'
arrow-main,../repos/arrow-main/cpp/src/generated/parquet_types.h,"(817, 24)-(817, 32)",b'ListType(ListType&&) noexcept'
arrow-main,../repos/arrow-main/cpp/src/generated/parquet_types.h,"(818, 40)-(818, 48)",b'operator=(const ListType&) noexcept'
arrow-main,../repos/arrow-main/cpp/src/generated/parquet_types.h,"(819, 35)-(819, 43)",b'operator=(ListType&&) noexcept'
arrow-main,../repos/arrow-main/cpp/src/generated/parquet_types.h,"(820, 14)-(820, 22)",b'ListType() noexcept'
arrow-main,../repos/arrow-main/cpp/src/generated/parquet_types.h,"(823, 23)-(823, 31)",b'~ListType() noexcept'
arrow-main,../repos/arrow-main/cpp/src/generated/parquet_types.h,"(849, 29)-(849, 37)",b'EnumType(const EnumType&) noexcept'
arrow-main,../repos/arrow-main/cpp/src/generated/parquet_types.h,"(850, 24)-(850, 32)",b'EnumType(EnumType&&) noexcept'
arrow-main,../repos/arrow-main/cpp/src/generated/parquet_types.h,"(851, 40)-(851, 48)",b'operator=(const EnumType&) noexcept'
arrow-main,../repos/arrow-main/cpp/src/generated/parquet_types.h,"(852, 35)-(852, 43)",b'operator=(EnumType&&) noexcept'
arrow-main,../repos/arrow-main/cpp/src/generated/parquet_types.h,"(853, 14)-(853, 22)",b'EnumType() noexcept'
arrow-main,../repos/arrow-main/cpp/src/generated/parquet_types.h,"(856, 23)-(856, 31)",b'~EnumType() noexcept'
arrow-main,../repos/arrow-main/cpp/src/generated/parquet_types.h,"(882, 29)-(882, 37)",b'DateType(const DateType&) noexcept'
arrow-main,../repos/arrow-main/cpp/src/generated/parquet_types.h,"(883, 24)-(883, 32)",b'DateType(DateType&&) noexcept'
arrow-main,../repos/arrow-main/cpp/src/generated/parquet_types.h,"(884, 40)-(884, 48)",b'operator=(const DateType&) noexcept'
arrow-main,../repos/arrow-main/cpp/src/generated/parquet_types.h,"(885, 35)-(885, 43)",b'operator=(DateType&&) noexcept'
arrow-main,../repos/arrow-main/cpp/src/generated/parquet_types.h,"(886, 14)-(886, 22)",b'DateType() noexcept'
arrow-main,../repos/arrow-main/cpp/src/generated/parquet_types.h,"(889, 23)-(889, 31)",b'~DateType() noexcept'
arrow-main,../repos/arrow-main/cpp/src/generated/parquet_types.h,"(915, 35)-(915, 43)",b'Float16Type(const Float16Type&) noexcept'
arrow-main,../repos/arrow-main/cpp/src/generated/parquet_types.h,"(916, 30)-(916, 38)",b'Float16Type(Float16Type&&) noexcept'
arrow-main,../repos/arrow-main/cpp/src/generated/parquet_types.h,"(917, 46)-(917, 54)",b'operator=(const Float16Type&) noexcept'
arrow-main,../repos/arrow-main/cpp/src/generated/parquet_types.h,"(918, 41)-(918, 49)",b'operator=(Float16Type&&) noexcept'
arrow-main,../repos/arrow-main/cpp/src/generated/parquet_types.h,"(919, 17)-(919, 25)",b'Float16Type() noexcept'
arrow-main,../repos/arrow-main/cpp/src/generated/parquet_types.h,"(922, 26)-(922, 34)",b'~Float16Type() noexcept'
arrow-main,../repos/arrow-main/cpp/src/generated/parquet_types.h,"(955, 29)-(955, 37)",b'NullType(const NullType&) noexcept'
arrow-main,../repos/arrow-main/cpp/src/generated/parquet_types.h,"(956, 24)-(956, 32)",b'NullType(NullType&&) noexcept'
arrow-main,../repos/arrow-main/cpp/src/generated/parquet_types.h,"(957, 40)-(957, 48)",b'operator=(const NullType&) noexcept'
arrow-main,../repos/arrow-main/cpp/src/generated/parquet_types.h,"(958, 35)-(958, 43)",b'operator=(NullType&&) noexcept'
arrow-main,../repos/arrow-main/cpp/src/generated/parquet_types.h,"(959, 14)-(959, 22)",b'NullType() noexcept'
arrow-main,../repos/arrow-main/cpp/src/generated/parquet_types.h,"(962, 23)-(962, 31)",b'~NullType() noexcept'
arrow-main,../repos/arrow-main/cpp/src/generated/parquet_types.h,"(999, 35)-(999, 43)",b'DecimalType(const DecimalType&) noexcept'
arrow-main,../repos/arrow-main/cpp/src/generated/parquet_types.h,"(1000, 30)-(1000, 38)",b'DecimalType(DecimalType&&) noexcept'
arrow-main,../repos/arrow-main/cpp/src/generated/parquet_types.h,"(1001, 46)-(1001, 54)",b'operator=(const DecimalType&) noexcept'
arrow-main,../repos/arrow-main/cpp/src/generated/parquet_types.h,"(1002, 41)-(1002, 49)",b'operator=(DecimalType&&) noexcept'
arrow-main,../repos/arrow-main/cpp/src/generated/parquet_types.h,"(1003, 17)-(1003, 25)",b'DecimalType() noexcept'
arrow-main,../repos/arrow-main/cpp/src/generated/parquet_types.h,"(1008, 26)-(1008, 34)",b'~DecimalType() noexcept'
arrow-main,../repos/arrow-main/cpp/src/generated/parquet_types.h,"(1047, 37)-(1047, 45)",b'MilliSeconds(const MilliSeconds&) noexcept'
arrow-main,../repos/arrow-main/cpp/src/generated/parquet_types.h,"(1048, 32)-(1048, 40)",b'MilliSeconds(MilliSeconds&&) noexcept'
arrow-main,../repos/arrow-main/cpp/src/generated/parquet_types.h,"(1049, 48)-(1049, 56)",b'operator=(const MilliSeconds&) noexcept'
arrow-main,../repos/arrow-main/cpp/src/generated/parquet_types.h,"(1050, 43)-(1050, 51)",b'operator=(MilliSeconds&&) noexcept'
arrow-main,../repos/arrow-main/cpp/src/generated/parquet_types.h,"(1051, 18)-(1051, 26)",b'MilliSeconds() noexcept'
arrow-main,../repos/arrow-main/cpp/src/generated/parquet_types.h,"(1054, 27)-(1054, 35)",b'~MilliSeconds() noexcept'
arrow-main,../repos/arrow-main/cpp/src/generated/parquet_types.h,"(1080, 37)-(1080, 45)",b'MicroSeconds(const MicroSeconds&) noexcept'
arrow-main,../repos/arrow-main/cpp/src/generated/parquet_types.h,"(1081, 32)-(1081, 40)",b'MicroSeconds(MicroSeconds&&) noexcept'
arrow-main,../repos/arrow-main/cpp/src/generated/parquet_types.h,"(1082, 48)-(1082, 56)",b'operator=(const MicroSeconds&) noexcept'
arrow-main,../repos/arrow-main/cpp/src/generated/parquet_types.h,"(1083, 43)-(1083, 51)",b'operator=(MicroSeconds&&) noexcept'
arrow-main,../repos/arrow-main/cpp/src/generated/parquet_types.h,"(1084, 18)-(1084, 26)",b'MicroSeconds() noexcept'
arrow-main,../repos/arrow-main/cpp/src/generated/parquet_types.h,"(1087, 27)-(1087, 35)",b'~MicroSeconds() noexcept'
arrow-main,../repos/arrow-main/cpp/src/generated/parquet_types.h,"(1113, 35)-(1113, 43)",b'NanoSeconds(const NanoSeconds&) noexcept'
arrow-main,../repos/arrow-main/cpp/src/generated/parquet_types.h,"(1114, 30)-(1114, 38)",b'NanoSeconds(NanoSeconds&&) noexcept'
arrow-main,../repos/arrow-main/cpp/src/generated/parquet_types.h,"(1115, 46)-(1115, 54)",b'operator=(const NanoSeconds&) noexcept'
arrow-main,../repos/arrow-main/cpp/src/generated/parquet_types.h,"(1116, 41)-(1116, 49)",b'operator=(NanoSeconds&&) noexcept'
arrow-main,../repos/arrow-main/cpp/src/generated/parquet_types.h,"(1117, 17)-(1117, 25)",b'NanoSeconds() noexcept'
arrow-main,../repos/arrow-main/cpp/src/generated/parquet_types.h,"(1120, 26)-(1120, 34)",b'~NanoSeconds() noexcept'
arrow-main,../repos/arrow-main/cpp/src/generated/parquet_types.h,"(1152, 29)-(1152, 37)",b'TimeUnit(const TimeUnit&) noexcept'
arrow-main,../repos/arrow-main/cpp/src/generated/parquet_types.h,"(1153, 24)-(1153, 32)",b'TimeUnit(TimeUnit&&) noexcept'
arrow-main,../repos/arrow-main/cpp/src/generated/parquet_types.h,"(1154, 40)-(1154, 48)",b'operator=(const TimeUnit&) noexcept'
arrow-main,../repos/arrow-main/cpp/src/generated/parquet_types.h,"(1155, 35)-(1155, 43)",b'operator=(TimeUnit&&) noexcept'
arrow-main,../repos/arrow-main/cpp/src/generated/parquet_types.h,"(1156, 14)-(1156, 22)",b'TimeUnit() noexcept'
arrow-main,../repos/arrow-main/cpp/src/generated/parquet_types.h,"(1159, 23)-(1159, 31)",b'~TimeUnit() noexcept'
arrow-main,../repos/arrow-main/cpp/src/generated/parquet_types.h,"(1213, 39)-(1213, 47)",b'TimestampType(const TimestampType&) noexcept'
arrow-main,../repos/arrow-main/cpp/src/generated/parquet_types.h,"(1214, 34)-(1214, 42)",b'TimestampType(TimestampType&&) noexcept'
arrow-main,../repos/arrow-main/cpp/src/generated/parquet_types.h,"(1215, 50)-(1215, 58)",b'operator=(const TimestampType&) noexcept'
arrow-main,../repos/arrow-main/cpp/src/generated/parquet_types.h,"(1216, 45)-(1216, 53)",b'operator=(TimestampType&&) noexcept'
arrow-main,../repos/arrow-main/cpp/src/generated/parquet_types.h,"(1217, 19)-(1217, 27)",b'TimestampType() noexcept'
arrow-main,../repos/arrow-main/cpp/src/generated/parquet_types.h,"(1221, 28)-(1221, 36)",b'~TimestampType() noexcept'
arrow-main,../repos/arrow-main/cpp/src/generated/parquet_types.h,"(1262, 29)-(1262, 37)",b'TimeType(const TimeType&) noexcept'
arrow-main,../repos/arrow-main/cpp/src/generated/parquet_types.h,"(1263, 24)-(1263, 32)",b'TimeType(TimeType&&) noexcept'
arrow-main,../repos/arrow-main/cpp/src/generated/parquet_types.h,"(1264, 40)-(1264, 48)",b'operator=(const TimeType&) noexcept'
arrow-main,../repos/arrow-main/cpp/src/generated/parquet_types.h,"(1265, 35)-(1265, 43)",b'operator=(TimeType&&) noexcept'
arrow-main,../repos/arrow-main/cpp/src/generated/parquet_types.h,"(1266, 14)-(1266, 22)",b'TimeType() noexcept'
arrow-main,../repos/arrow-main/cpp/src/generated/parquet_types.h,"(1270, 23)-(1270, 31)",b'~TimeType() noexcept'
arrow-main,../repos/arrow-main/cpp/src/generated/parquet_types.h,"(1313, 27)-(1313, 35)",b'IntType(const IntType&) noexcept'
arrow-main,../repos/arrow-main/cpp/src/generated/parquet_types.h,"(1314, 22)-(1314, 30)",b'IntType(IntType&&) noexcept'
arrow-main,../repos/arrow-main/cpp/src/generated/parquet_types.h,"(1315, 38)-(1315, 46)",b'operator=(const IntType&) noexcept'
arrow-main,../repos/arrow-main/cpp/src/generated/parquet_types.h,"(1316, 33)-(1316, 41)",b'operator=(IntType&&) noexcept'
arrow-main,../repos/arrow-main/cpp/src/generated/parquet_types.h,"(1317, 13)-(1317, 21)",b'IntType() noexcept'
arrow-main,../repos/arrow-main/cpp/src/generated/parquet_types.h,"(1322, 22)-(1322, 30)",b'~IntType() noexcept'
arrow-main,../repos/arrow-main/cpp/src/generated/parquet_types.h,"(1363, 29)-(1363, 37)",b'JsonType(const JsonType&) noexcept'
arrow-main,../repos/arrow-main/cpp/src/generated/parquet_types.h,"(1364, 24)-(1364, 32)",b'JsonType(JsonType&&) noexcept'
arrow-main,../repos/arrow-main/cpp/src/generated/parquet_types.h,"(1365, 40)-(1365, 48)",b'operator=(const JsonType&) noexcept'
arrow-main,../repos/arrow-main/cpp/src/generated/parquet_types.h,"(1366, 35)-(1366, 43)",b'operator=(JsonType&&) noexcept'
arrow-main,../repos/arrow-main/cpp/src/generated/parquet_types.h,"(1367, 14)-(1367, 22)",b'JsonType() noexcept'
arrow-main,../repos/arrow-main/cpp/src/generated/parquet_types.h,"(1370, 23)-(1370, 31)",b'~JsonType() noexcept'
arrow-main,../repos/arrow-main/cpp/src/generated/parquet_types.h,"(1401, 29)-(1401, 37)",b'BsonType(const BsonType&) noexcept'
arrow-main,../repos/arrow-main/cpp/src/generated/parquet_types.h,"(1402, 24)-(1402, 32)",b'BsonType(BsonType&&) noexcept'
arrow-main,../repos/arrow-main/cpp/src/generated/parquet_types.h,"(1403, 40)-(1403, 48)",b'operator=(const BsonType&) noexcept'
arrow-main,../repos/arrow-main/cpp/src/generated/parquet_types.h,"(1404, 35)-(1404, 43)",b'operator=(BsonType&&) noexcept'
arrow-main,../repos/arrow-main/cpp/src/generated/parquet_types.h,"(1405, 14)-(1405, 22)",b'BsonType() noexcept'
arrow-main,../repos/arrow-main/cpp/src/generated/parquet_types.h,"(1408, 23)-(1408, 31)",b'~BsonType() noexcept'
arrow-main,../repos/arrow-main/cpp/src/generated/parquet_types.h,"(1458, 35)-(1458, 43)",b'LogicalType(const LogicalType&) noexcept'
arrow-main,../repos/arrow-main/cpp/src/generated/parquet_types.h,"(1459, 30)-(1459, 38)",b'LogicalType(LogicalType&&) noexcept'
arrow-main,../repos/arrow-main/cpp/src/generated/parquet_types.h,"(1460, 46)-(1460, 54)",b'operator=(const LogicalType&) noexcept'
arrow-main,../repos/arrow-main/cpp/src/generated/parquet_types.h,"(1461, 41)-(1461, 49)",b'operator=(LogicalType&&) noexcept'
arrow-main,../repos/arrow-main/cpp/src/generated/parquet_types.h,"(1462, 17)-(1462, 25)",b'LogicalType() noexcept'
arrow-main,../repos/arrow-main/cpp/src/generated/parquet_types.h,"(1465, 26)-(1465, 34)",b'~LogicalType() noexcept'
arrow-main,../repos/arrow-main/cpp/src/generated/parquet_types.h,"(1610, 34)-(1610, 42)",b'SchemaElement(SchemaElement&&) noexcept'
arrow-main,../repos/arrow-main/cpp/src/generated/parquet_types.h,"(1612, 45)-(1612, 53)",b'operator=(SchemaElement&&) noexcept'
arrow-main,../repos/arrow-main/cpp/src/generated/parquet_types.h,"(1613, 19)-(1613, 27)",b'SchemaElement() noexcept'
arrow-main,../repos/arrow-main/cpp/src/generated/parquet_types.h,"(1625, 28)-(1625, 36)",b'~SchemaElement() noexcept'
arrow-main,../repos/arrow-main/cpp/src/generated/parquet_types.h,"(1779, 36)-(1779, 44)",b'DataPageHeader(DataPageHeader&&) noexcept'
arrow-main,../repos/arrow-main/cpp/src/generated/parquet_types.h,"(1781, 47)-(1781, 55)",b'operator=(DataPageHeader&&) noexcept'
arrow-main,../repos/arrow-main/cpp/src/generated/parquet_types.h,"(1782, 20)-(1782, 28)",b'DataPageHeader() noexcept'
arrow-main,../repos/arrow-main/cpp/src/generated/parquet_types.h,"(1789, 29)-(1789, 37)",b'~DataPageHeader() noexcept'
arrow-main,../repos/arrow-main/cpp/src/generated/parquet_types.h,"(1865, 43)-(1865, 51)",b'IndexPageHeader(const IndexPageHeader&) noexcept'
arrow-main,../repos/arrow-main/cpp/src/generated/parquet_types.h,"(1866, 38)-(1866, 46)",b'IndexPageHeader(IndexPageHeader&&) noexcept'
arrow-main,../repos/arrow-main/cpp/src/generated/parquet_types.h,"(1867, 54)-(1867, 62)",b'operator=(const IndexPageHeader&) noexcept'
arrow-main,../repos/arrow-main/cpp/src/generated/parquet_types.h,"(1868, 49)-(1868, 57)",b'operator=(IndexPageHeader&&) noexcept'
arrow-main,../repos/arrow-main/cpp/src/generated/parquet_types.h,"(1869, 21)-(1869, 29)",b'IndexPageHeader() noexcept'
arrow-main,../repos/arrow-main/cpp/src/generated/parquet_types.h,"(1872, 30)-(1872, 38)",b'~IndexPageHeader() noexcept'
arrow-main,../repos/arrow-main/cpp/src/generated/parquet_types.h,"(1908, 53)-(1908, 61)",b'DictionaryPageHeader(const DictionaryPageHead...'
arrow-main,../repos/arrow-main/cpp/src/generated/parquet_types.h,"(1909, 48)-(1909, 56)",b'DictionaryPageHeader(DictionaryPageHeader&&) ...'
arrow-main,../repos/arrow-main/cpp/src/generated/parquet_types.h,"(1910, 64)-(1910, 72)",b'operator=(const DictionaryPageHeader&) noexcept'
arrow-main,../repos/arrow-main/cpp/src/generated/parquet_types.h,"(1911, 59)-(1911, 67)",b'operator=(DictionaryPageHeader&&) noexcept'
arrow-main,../repos/arrow-main/cpp/src/generated/parquet_types.h,"(1912, 26)-(1912, 34)",b'DictionaryPageHeader() noexcept'
arrow-main,../repos/arrow-main/cpp/src/generated/parquet_types.h,"(1918, 35)-(1918, 43)",b'~DictionaryPageHeader() noexcept'
arrow-main,../repos/arrow-main/cpp/src/generated/parquet_types.h,"(1986, 40)-(1986, 48)",b'DataPageHeaderV2(DataPageHeaderV2&&) noexcept'
arrow-main,../repos/arrow-main/cpp/src/generated/parquet_types.h,"(1988, 51)-(1988, 59)",b'operator=(DataPageHeaderV2&&) noexcept'
arrow-main,../repos/arrow-main/cpp/src/generated/parquet_types.h,"(1989, 22)-(1989, 30)",b'DataPageHeaderV2() noexcept'
arrow-main,../repos/arrow-main/cpp/src/generated/parquet_types.h,"(1999, 31)-(1999, 39)",b'~DataPageHeaderV2() noexcept'
arrow-main,../repos/arrow-main/cpp/src/generated/parquet_types.h,"(2105, 51)-(2105, 59)",b'SplitBlockAlgorithm(const SplitBlockAlgorithm...'
arrow-main,../repos/arrow-main/cpp/src/generated/parquet_types.h,"(2106, 46)-(2106, 54)",b'SplitBlockAlgorithm(SplitBlockAlgorithm&&) no...'
arrow-main,../repos/arrow-main/cpp/src/generated/parquet_types.h,"(2107, 62)-(2107, 70)",b'operator=(const SplitBlockAlgorithm&) noexcept'
arrow-main,../repos/arrow-main/cpp/src/generated/parquet_types.h,"(2108, 57)-(2108, 65)",b'operator=(SplitBlockAlgorithm&&) noexcept'
arrow-main,../repos/arrow-main/cpp/src/generated/parquet_types.h,"(2109, 25)-(2109, 33)",b'SplitBlockAlgorithm() noexcept'
arrow-main,../repos/arrow-main/cpp/src/generated/parquet_types.h,"(2112, 34)-(2112, 42)",b'~SplitBlockAlgorithm() noexcept'
arrow-main,../repos/arrow-main/cpp/src/generated/parquet_types.h,"(2145, 53)-(2145, 61)",b'BloomFilterAlgorithm(const BloomFilterAlgorit...'
arrow-main,../repos/arrow-main/cpp/src/generated/parquet_types.h,"(2146, 48)-(2146, 56)",b'BloomFilterAlgorithm(BloomFilterAlgorithm&&) ...'
arrow-main,../repos/arrow-main/cpp/src/generated/parquet_types.h,"(2147, 64)-(2147, 72)",b'operator=(const BloomFilterAlgorithm&) noexcept'
arrow-main,../repos/arrow-main/cpp/src/generated/parquet_types.h,"(2148, 59)-(2148, 67)",b'operator=(BloomFilterAlgorithm&&) noexcept'
arrow-main,../repos/arrow-main/cpp/src/generated/parquet_types.h,"(2149, 26)-(2149, 34)",b'BloomFilterAlgorithm() noexcept'
arrow-main,../repos/arrow-main/cpp/src/generated/parquet_types.h,"(2152, 35)-(2152, 43)",b'~BloomFilterAlgorithm() noexcept'
arrow-main,../repos/arrow-main/cpp/src/generated/parquet_types.h,"(2195, 25)-(2195, 33)",b'XxHash(const XxHash&) noexcept'
arrow-main,../repos/arrow-main/cpp/src/generated/parquet_types.h,"(2196, 20)-(2196, 28)",b'XxHash(XxHash&&) noexcept'
arrow-main,../repos/arrow-main/cpp/src/generated/parquet_types.h,"(2197, 36)-(2197, 44)",b'operator=(const XxHash&) noexcept'
arrow-main,../repos/arrow-main/cpp/src/generated/parquet_types.h,"(2198, 31)-(2198, 39)",b'operator=(XxHash&&) noexcept'
arrow-main,../repos/arrow-main/cpp/src/generated/parquet_types.h,"(2199, 12)-(2199, 20)",b'XxHash() noexcept'
arrow-main,../repos/arrow-main/cpp/src/generated/parquet_types.h,"(2202, 21)-(2202, 29)",b'~XxHash() noexcept'
arrow-main,../repos/arrow-main/cpp/src/generated/parquet_types.h,"(2237, 43)-(2237, 51)",b'BloomFilterHash(const BloomFilterHash&) noexcept'
arrow-main,../repos/arrow-main/cpp/src/generated/parquet_types.h,"(2238, 38)-(2238, 46)",b'BloomFilterHash(BloomFilterHash&&) noexcept'
arrow-main,../repos/arrow-main/cpp/src/generated/parquet_types.h,"(2239, 54)-(2239, 62)",b'operator=(const BloomFilterHash&) noexcept'
arrow-main,../repos/arrow-main/cpp/src/generated/parquet_types.h,"(2240, 49)-(2240, 57)",b'operator=(BloomFilterHash&&) noexcept'
arrow-main,../repos/arrow-main/cpp/src/generated/parquet_types.h,"(2241, 21)-(2241, 29)",b'BloomFilterHash() noexcept'
arrow-main,../repos/arrow-main/cpp/src/generated/parquet_types.h,"(2244, 30)-(2244, 38)",b'~BloomFilterHash() noexcept'
arrow-main,../repos/arrow-main/cpp/src/generated/parquet_types.h,"(2286, 37)-(2286, 45)",b'Uncompressed(const Uncompressed&) noexcept'
arrow-main,../repos/arrow-main/cpp/src/generated/parquet_types.h,"(2287, 32)-(2287, 40)",b'Uncompressed(Uncompressed&&) noexcept'
arrow-main,../repos/arrow-main/cpp/src/generated/parquet_types.h,"(2288, 48)-(2288, 56)",b'operator=(const Uncompressed&) noexcept'
arrow-main,../repos/arrow-main/cpp/src/generated/parquet_types.h,"(2289, 43)-(2289, 51)",b'operator=(Uncompressed&&) noexcept'
arrow-main,../repos/arrow-main/cpp/src/generated/parquet_types.h,"(2290, 18)-(2290, 26)",b'Uncompressed() noexcept'
arrow-main,../repos/arrow-main/cpp/src/generated/parquet_types.h,"(2293, 27)-(2293, 35)",b'~Uncompressed() noexcept'
arrow-main,../repos/arrow-main/cpp/src/generated/parquet_types.h,"(2323, 57)-(2323, 65)",b'BloomFilterCompression(const BloomFilterCompr...'
arrow-main,../repos/arrow-main/cpp/src/generated/parquet_types.h,"(2324, 52)-(2324, 60)",b'BloomFilterCompression(BloomFilterCompression...'
arrow-main,../repos/arrow-main/cpp/src/generated/parquet_types.h,"(2325, 68)-(2325, 76)",b'operator=(const BloomFilterCompression&) noexcept'
arrow-main,../repos/arrow-main/cpp/src/generated/parquet_types.h,"(2326, 63)-(2326, 71)",b'operator=(BloomFilterCompression&&) noexcept'
arrow-main,../repos/arrow-main/cpp/src/generated/parquet_types.h,"(2327, 28)-(2327, 36)",b'BloomFilterCompression() noexcept'
arrow-main,../repos/arrow-main/cpp/src/generated/parquet_types.h,"(2330, 37)-(2330, 45)",b'~BloomFilterCompression() noexcept'
arrow-main,../repos/arrow-main/cpp/src/generated/parquet_types.h,"(2370, 47)-(2370, 55)",b'BloomFilterHeader(const BloomFilterHeader&) n...'
arrow-main,../repos/arrow-main/cpp/src/generated/parquet_types.h,"(2371, 42)-(2371, 50)",b'BloomFilterHeader(BloomFilterHeader&&) noexcept'
arrow-main,../repos/arrow-main/cpp/src/generated/parquet_types.h,"(2372, 58)-(2372, 66)",b'operator=(const BloomFilterHeader&) noexcept'
arrow-main,../repos/arrow-main/cpp/src/generated/parquet_types.h,"(2373, 53)-(2373, 61)",b'operator=(BloomFilterHeader&&) noexcept'
arrow-main,../repos/arrow-main/cpp/src/generated/parquet_types.h,"(2374, 23)-(2374, 31)",b'BloomFilterHeader() noexcept'
arrow-main,../repos/arrow-main/cpp/src/generated/parquet_types.h,"(2378, 32)-(2378, 40)",b'~BloomFilterHeader() noexcept'
arrow-main,../repos/arrow-main/cpp/src/generated/parquet_types.h,"(2445, 28)-(2445, 36)",b'PageHeader(PageHeader&&) noexcept'
arrow-main,../repos/arrow-main/cpp/src/generated/parquet_types.h,"(2447, 39)-(2447, 47)",b'operator=(PageHeader&&) noexcept'
arrow-main,../repos/arrow-main/cpp/src/generated/parquet_types.h,"(2448, 16)-(2448, 24)",b'PageHeader() noexcept'
arrow-main,../repos/arrow-main/cpp/src/generated/parquet_types.h,"(2455, 25)-(2455, 33)",b'~PageHeader() noexcept'
arrow-main,../repos/arrow-main/cpp/src/generated/parquet_types.h,"(2570, 24)-(2570, 32)",b'KeyValue(KeyValue&&) noexcept'
arrow-main,../repos/arrow-main/cpp/src/generated/parquet_types.h,"(2572, 35)-(2572, 43)",b'operator=(KeyValue&&) noexcept'
arrow-main,../repos/arrow-main/cpp/src/generated/parquet_types.h,"(2573, 14)-(2573, 22)",b'KeyValue() noexcept'
arrow-main,../repos/arrow-main/cpp/src/generated/parquet_types.h,"(2578, 23)-(2578, 31)",b'~KeyValue() noexcept'
arrow-main,../repos/arrow-main/cpp/src/generated/parquet_types.h,"(2621, 39)-(2621, 47)",b'SortingColumn(const SortingColumn&) noexcept'
arrow-main,../repos/arrow-main/cpp/src/generated/parquet_types.h,"(2622, 34)-(2622, 42)",b'SortingColumn(SortingColumn&&) noexcept'
arrow-main,../repos/arrow-main/cpp/src/generated/parquet_types.h,"(2623, 50)-(2623, 58)",b'operator=(const SortingColumn&) noexcept'
arrow-main,../repos/arrow-main/cpp/src/generated/parquet_types.h,"(2624, 45)-(2624, 53)",b'operator=(SortingColumn&&) noexcept'
arrow-main,../repos/arrow-main/cpp/src/generated/parquet_types.h,"(2625, 19)-(2625, 27)",b'SortingColumn() noexcept'
arrow-main,../repos/arrow-main/cpp/src/generated/parquet_types.h,"(2631, 28)-(2631, 36)",b'~SortingColumn() noexcept'
arrow-main,../repos/arrow-main/cpp/src/generated/parquet_types.h,"(2685, 47)-(2685, 55)",b'PageEncodingStats(const PageEncodingStats&) n...'
arrow-main,../repos/arrow-main/cpp/src/generated/parquet_types.h,"(2686, 42)-(2686, 50)",b'PageEncodingStats(PageEncodingStats&&) noexcept'
arrow-main,../repos/arrow-main/cpp/src/generated/parquet_types.h,"(2687, 58)-(2687, 66)",b'operator=(const PageEncodingStats&) noexcept'
arrow-main,../repos/arrow-main/cpp/src/generated/parquet_types.h,"(2688, 53)-(2688, 61)",b'operator=(PageEncodingStats&&) noexcept'
arrow-main,../repos/arrow-main/cpp/src/generated/parquet_types.h,"(2689, 23)-(2689, 31)",b'PageEncodingStats() noexcept'
arrow-main,../repos/arrow-main/cpp/src/generated/parquet_types.h,"(2695, 32)-(2695, 40)",b'~PageEncodingStats() noexcept'
arrow-main,../repos/arrow-main/cpp/src/generated/parquet_types.h,"(2764, 36)-(2764, 44)",b'ColumnMetaData(ColumnMetaData&&) noexcept'
arrow-main,../repos/arrow-main/cpp/src/generated/parquet_types.h,"(2766, 47)-(2766, 55)",b'operator=(ColumnMetaData&&) noexcept'
arrow-main,../repos/arrow-main/cpp/src/generated/parquet_types.h,"(2767, 20)-(2767, 28)",b'ColumnMetaData() noexcept'
arrow-main,../repos/arrow-main/cpp/src/generated/parquet_types.h,"(2780, 29)-(2780, 37)",b'~ColumnMetaData() noexcept'
arrow-main,../repos/arrow-main/cpp/src/generated/parquet_types.h,"(2967, 59)-(2967, 67)",b'EncryptionWithFooterKey(const EncryptionWithF...'
arrow-main,../repos/arrow-main/cpp/src/generated/parquet_types.h,"(2968, 54)-(2968, 62)",b'EncryptionWithFooterKey(EncryptionWithFooterK...'
arrow-main,../repos/arrow-main/cpp/src/generated/parquet_types.h,"(2969, 70)-(2969, 78)",b'operator=(const EncryptionWithFooterKey&) noexcept'
arrow-main,../repos/arrow-main/cpp/src/generated/parquet_types.h,"(2970, 65)-(2970, 73)",b'operator=(EncryptionWithFooterKey&&) noexcept'
arrow-main,../repos/arrow-main/cpp/src/generated/parquet_types.h,"(2971, 29)-(2971, 37)",b'EncryptionWithFooterKey() noexcept'
arrow-main,../repos/arrow-main/cpp/src/generated/parquet_types.h,"(2974, 38)-(2974, 46)",b'~EncryptionWithFooterKey() noexcept'
arrow-main,../repos/arrow-main/cpp/src/generated/parquet_types.h,"(3005, 54)-(3005, 62)",b'EncryptionWithColumnKey(EncryptionWithColumnK...'
arrow-main,../repos/arrow-main/cpp/src/generated/parquet_types.h,"(3007, 65)-(3007, 73)",b'operator=(EncryptionWithColumnKey&&) noexcept'
arrow-main,../repos/arrow-main/cpp/src/generated/parquet_types.h,"(3008, 29)-(3008, 37)",b'EncryptionWithColumnKey() noexcept'
arrow-main,../repos/arrow-main/cpp/src/generated/parquet_types.h,"(3012, 38)-(3012, 46)",b'~EncryptionWithColumnKey() noexcept'
arrow-main,../repos/arrow-main/cpp/src/generated/parquet_types.h,"(3064, 48)-(3064, 56)",b'ColumnCryptoMetaData(ColumnCryptoMetaData&&) ...'
arrow-main,../repos/arrow-main/cpp/src/generated/parquet_types.h,"(3066, 59)-(3066, 67)",b'operator=(ColumnCryptoMetaData&&) noexcept'
arrow-main,../repos/arrow-main/cpp/src/generated/parquet_types.h,"(3067, 26)-(3067, 34)",b'ColumnCryptoMetaData() noexcept'
arrow-main,../repos/arrow-main/cpp/src/generated/parquet_types.h,"(3070, 35)-(3070, 43)",b'~ColumnCryptoMetaData() noexcept'
arrow-main,../repos/arrow-main/cpp/src/generated/parquet_types.h,"(3124, 30)-(3124, 38)",b'ColumnChunk(ColumnChunk&&) noexcept'
arrow-main,../repos/arrow-main/cpp/src/generated/parquet_types.h,"(3126, 41)-(3126, 49)",b'operator=(ColumnChunk&&) noexcept'
arrow-main,../repos/arrow-main/cpp/src/generated/parquet_types.h,"(3127, 17)-(3127, 25)",b'ColumnChunk() noexcept'
arrow-main,../repos/arrow-main/cpp/src/generated/parquet_types.h,"(3137, 26)-(3137, 34)",b'~ColumnChunk() noexcept'
arrow-main,../repos/arrow-main/cpp/src/generated/parquet_types.h,"(3266, 24)-(3266, 32)",b'RowGroup(RowGroup&&) noexcept'
arrow-main,../repos/arrow-main/cpp/src/generated/parquet_types.h,"(3268, 35)-(3268, 43)",b'operator=(RowGroup&&) noexcept'
arrow-main,../repos/arrow-main/cpp/src/generated/parquet_types.h,"(3269, 14)-(3269, 22)",b'RowGroup() noexcept'
arrow-main,../repos/arrow-main/cpp/src/generated/parquet_types.h,"(3277, 23)-(3277, 31)",b'~RowGroup() noexcept'
arrow-main,../repos/arrow-main/cpp/src/generated/parquet_types.h,"(3377, 45)-(3377, 53)",b'TypeDefinedOrder(const TypeDefinedOrder&) noexcept'
arrow-main,../repos/arrow-main/cpp/src/generated/parquet_types.h,"(3378, 40)-(3378, 48)",b'TypeDefinedOrder(TypeDefinedOrder&&) noexcept'
arrow-main,../repos/arrow-main/cpp/src/generated/parquet_types.h,"(3379, 56)-(3379, 64)",b'operator=(const TypeDefinedOrder&) noexcept'
arrow-main,../repos/arrow-main/cpp/src/generated/parquet_types.h,"(3380, 51)-(3380, 59)",b'operator=(TypeDefinedOrder&&) noexcept'
arrow-main,../repos/arrow-main/cpp/src/generated/parquet_types.h,"(3381, 22)-(3381, 30)",b'TypeDefinedOrder() noexcept'
arrow-main,../repos/arrow-main/cpp/src/generated/parquet_types.h,"(3384, 31)-(3384, 39)",b'~TypeDefinedOrder() noexcept'
arrow-main,../repos/arrow-main/cpp/src/generated/parquet_types.h,"(3426, 35)-(3426, 43)",b'ColumnOrder(const ColumnOrder&) noexcept'
arrow-main,../repos/arrow-main/cpp/src/generated/parquet_types.h,"(3427, 30)-(3427, 38)",b'ColumnOrder(ColumnOrder&&) noexcept'
arrow-main,../repos/arrow-main/cpp/src/generated/parquet_types.h,"(3428, 46)-(3428, 54)",b'operator=(const ColumnOrder&) noexcept'
arrow-main,../repos/arrow-main/cpp/src/generated/parquet_types.h,"(3429, 41)-(3429, 49)",b'operator=(ColumnOrder&&) noexcept'
arrow-main,../repos/arrow-main/cpp/src/generated/parquet_types.h,"(3430, 17)-(3430, 25)",b'ColumnOrder() noexcept'
arrow-main,../repos/arrow-main/cpp/src/generated/parquet_types.h,"(3433, 26)-(3433, 34)",b'~ColumnOrder() noexcept'
arrow-main,../repos/arrow-main/cpp/src/generated/parquet_types.h,"(3518, 37)-(3518, 45)",b'PageLocation(const PageLocation&) noexcept'
arrow-main,../repos/arrow-main/cpp/src/generated/parquet_types.h,"(3519, 32)-(3519, 40)",b'PageLocation(PageLocation&&) noexcept'
arrow-main,../repos/arrow-main/cpp/src/generated/parquet_types.h,"(3520, 48)-(3520, 56)",b'operator=(const PageLocation&) noexcept'
arrow-main,../repos/arrow-main/cpp/src/generated/parquet_types.h,"(3521, 43)-(3521, 51)",b'operator=(PageLocation&&) noexcept'
arrow-main,../repos/arrow-main/cpp/src/generated/parquet_types.h,"(3522, 18)-(3522, 26)",b'PageLocation() noexcept'
arrow-main,../repos/arrow-main/cpp/src/generated/parquet_types.h,"(3528, 27)-(3528, 35)",b'~PageLocation() noexcept'
arrow-main,../repos/arrow-main/cpp/src/generated/parquet_types.h,"(3585, 30)-(3585, 38)",b'OffsetIndex(OffsetIndex&&) noexcept'
arrow-main,../repos/arrow-main/cpp/src/generated/parquet_types.h,"(3587, 41)-(3587, 49)",b'operator=(OffsetIndex&&) noexcept'
arrow-main,../repos/arrow-main/cpp/src/generated/parquet_types.h,"(3588, 17)-(3588, 25)",b'OffsetIndex() noexcept'
arrow-main,../repos/arrow-main/cpp/src/generated/parquet_types.h,"(3591, 26)-(3591, 34)",b'~OffsetIndex() noexcept'
arrow-main,../repos/arrow-main/cpp/src/generated/parquet_types.h,"(3652, 30)-(3652, 38)",b'ColumnIndex(ColumnIndex&&) noexcept'
arrow-main,../repos/arrow-main/cpp/src/generated/parquet_types.h,"(3654, 41)-(3654, 49)",b'operator=(ColumnIndex&&) noexcept'
arrow-main,../repos/arrow-main/cpp/src/generated/parquet_types.h,"(3655, 17)-(3655, 25)",b'ColumnIndex() noexcept'
arrow-main,../repos/arrow-main/cpp/src/generated/parquet_types.h,"(3659, 26)-(3659, 34)",b'~ColumnIndex() noexcept'
arrow-main,../repos/arrow-main/cpp/src/generated/parquet_types.h,"(3780, 24)-(3780, 32)",b'AesGcmV1(AesGcmV1&&) noexcept'
arrow-main,../repos/arrow-main/cpp/src/generated/parquet_types.h,"(3782, 35)-(3782, 43)",b'operator=(AesGcmV1&&) noexcept'
arrow-main,../repos/arrow-main/cpp/src/generated/parquet_types.h,"(3783, 14)-(3783, 22)",b'AesGcmV1() noexcept'
arrow-main,../repos/arrow-main/cpp/src/generated/parquet_types.h,"(3789, 23)-(3789, 31)",b'~AesGcmV1() noexcept'
arrow-main,../repos/arrow-main/cpp/src/generated/parquet_types.h,"(3855, 30)-(3855, 38)",b'AesGcmCtrV1(AesGcmCtrV1&&) noexcept'
arrow-main,../repos/arrow-main/cpp/src/generated/parquet_types.h,"(3857, 41)-(3857, 49)",b'operator=(AesGcmCtrV1&&) noexcept'
arrow-main,../repos/arrow-main/cpp/src/generated/parquet_types.h,"(3858, 17)-(3858, 25)",b'AesGcmCtrV1() noexcept'
arrow-main,../repos/arrow-main/cpp/src/generated/parquet_types.h,"(3864, 26)-(3864, 34)",b'~AesGcmCtrV1() noexcept'
arrow-main,../repos/arrow-main/cpp/src/generated/parquet_types.h,"(3929, 46)-(3929, 54)",b'EncryptionAlgorithm(EncryptionAlgorithm&&) no...'
arrow-main,../repos/arrow-main/cpp/src/generated/parquet_types.h,"(3931, 57)-(3931, 65)",b'operator=(EncryptionAlgorithm&&) noexcept'
arrow-main,../repos/arrow-main/cpp/src/generated/parquet_types.h,"(3932, 25)-(3932, 33)",b'EncryptionAlgorithm() noexcept'
arrow-main,../repos/arrow-main/cpp/src/generated/parquet_types.h,"(3935, 34)-(3935, 42)",b'~EncryptionAlgorithm() noexcept'
arrow-main,../repos/arrow-main/cpp/src/generated/parquet_types.h,"(3989, 32)-(3989, 40)",b'FileMetaData(FileMetaData&&) noexcept'
arrow-main,../repos/arrow-main/cpp/src/generated/parquet_types.h,"(3991, 43)-(3991, 51)",b'operator=(FileMetaData&&) noexcept'
arrow-main,../repos/arrow-main/cpp/src/generated/parquet_types.h,"(3992, 18)-(3992, 26)",b'FileMetaData() noexcept'
arrow-main,../repos/arrow-main/cpp/src/generated/parquet_types.h,"(3999, 27)-(3999, 35)",b'~FileMetaData() noexcept'
arrow-main,../repos/arrow-main/cpp/src/generated/parquet_types.h,"(4141, 44)-(4141, 52)",b'FileCryptoMetaData(FileCryptoMetaData&&) noexcept'
arrow-main,../repos/arrow-main/cpp/src/generated/parquet_types.h,"(4143, 55)-(4143, 63)",b'operator=(FileCryptoMetaData&&) noexcept'
arrow-main,../repos/arrow-main/cpp/src/generated/parquet_types.h,"(4144, 24)-(4144, 32)",b'FileCryptoMetaData() noexcept'
arrow-main,../repos/arrow-main/cpp/src/generated/parquet_types.h,"(4148, 33)-(4148, 41)",b'~FileCryptoMetaData() noexcept'
arrow-main,../repos/arrow-main/cpp/src/gandiva/decimal_scalar.h,"(44, 44)-(44, 52)",b'DecimalScalar128(\n      const BasicDecimalSca...'
arrow-main,../repos/arrow-main/cpp/src/gandiva/decimal_scalar.h,"(64, 68)-(64, 76)",b'operator()(gandiva::DecimalScalar128 const& s...'
arrow-main,../repos/arrow-main/cpp/src/parquet/encoding.cc,"(2949, 32)-(2949, 40)",b'MaxRleBufferSize() const noexcept'
arrow-main,../repos/arrow-main/cpp/src/parquet/exception.h,"(114, 28)-(114, 36)",b'what() const noexcept override'
arrow-main,../repos/arrow-main/cpp/src/parquet/types.cc,"(568, 19)-(568, 27)",b'~Impl() noexcept'
arrow-main,../repos/arrow-main/cpp/src/parquet/types.cc,"(610, 29)-(610, 37)",b'LogicalType::~LogicalType() noexcept'
arrow-main,../repos/arrow-main/cpp/src/parquet/types.h,"(282, 26)-(282, 34)",b'~LogicalType() noexcept'
arrow-main,../repos/arrow-main/cpp/thirdparty/flatbuffers/include/flatbuffers/flatbuffer_builder.h,"(120, 56)-(120, 64)",b'FlatBufferBuilderImpl(FlatBufferBuilderImpl &...'
arrow-main,../repos/arrow-main/cpp/thirdparty/flatbuffers/include/flatbuffers/flatbuffer_builder.h,"(141, 67)-(141, 75)",b'operator=(FlatBufferBuilderImpl &&other) noexcept'
arrow-main,../repos/arrow-main/cpp/thirdparty/flatbuffers/include/flatbuffers/detached_buffer.h,"(54, 42)-(54, 50)",b'DetachedBuffer(DetachedBuffer &&other) noexcept'
arrow-main,../repos/arrow-main/cpp/thirdparty/flatbuffers/include/flatbuffers/detached_buffer.h,"(64, 53)-(64, 61)",b'operator=(DetachedBuffer &&other) noexcept'
arrow-main,../repos/arrow-main/cpp/thirdparty/flatbuffers/include/flatbuffers/array.h,"(254, 46)-(254, 54)","b'operator==(const Array<T, length> &lhs,\n     ...'"
arrow-main,../repos/arrow-main/cpp/thirdparty/flatbuffers/include/flatbuffers/vector_downward.h,"(58, 44)-(58, 52)",b'vector_downward(vector_downward &&other) noexcept'
arrow-main,../repos/arrow-main/cpp/thirdparty/flatbuffers/include/flatbuffers/vector_downward.h,"(80, 55)-(80, 63)",b'operator=(vector_downward &&other) noexcept'
