Repo name,File name,Location,Content
arrow-main,../repos/arrow-main/cpp/src/arrow/acero/exec_plan.h,"(87, 20)-(87, 36)",b'EmplaceNode(Args&&... args)'
arrow-main,../repos/arrow-main/cpp/src/arrow/acero/asof_join_node.cc,"(199, 20)-(199, 36)",b'insert(Args&&... args)'
arrow-main,../repos/arrow-main/cpp/src/arrow/acero/hash_join_benchmark.cc,"(226, 38)-(228, 49)",b'BM_HashJoinBasic_KeyTypes(benchmark::State& s...'
arrow-main,../repos/arrow-main/cpp/src/arrow/acero/hash_join_benchmark.cc,"(248, 41)-(250, 52)",b'BM_HashJoinBasic_Selectivity(benchmark::State...'
arrow-main,../repos/arrow-main/cpp/src/arrow/acero/hash_join_benchmark.cc,"(262, 38)-(263, 49)",b'BM_HashJoinBasic_JoinType(benchmark::State& s...'
arrow-main,../repos/arrow-main/cpp/src/arrow/dataset/scanner_test.cc,"(1132, 50)-(1433, 35)","b'(FieldRef(""nested"", ""right"", ""f64""))},\n      ...'"
arrow-main,../repos/arrow-main/cpp/src/arrow/dataset/scanner_test.cc,"(1132, 59)-(1432, 41)","b'(""nested"", ""right"", ""f64""))},\n               ...'"
arrow-main,../repos/arrow-main/cpp/src/arrow/dataset/scanner.cc,"(467, 36)-(467, 41)",b'(...)'
arrow-main,../repos/arrow-main/cpp/src/arrow/status.h,"(169, 25)-(169, 58)","b'FromArgs(StatusCode code, Args&&... args)'"
arrow-main,../repos/arrow-main/cpp/src/arrow/status.h,"(174, 34)-(175, 50)","b'FromDetailAndArgs(StatusCode code, std::share...'"
arrow-main,../repos/arrow-main/cpp/src/arrow/status.h,"(182, 28)-(182, 44)",b'OutOfMemory(Args&&... args)'
arrow-main,../repos/arrow-main/cpp/src/arrow/status.h,"(188, 25)-(188, 41)",b'KeyError(Args&&... args)'
arrow-main,../repos/arrow-main/cpp/src/arrow/status.h,"(194, 26)-(194, 42)",b'TypeError(Args&&... args)'
arrow-main,../repos/arrow-main/cpp/src/arrow/status.h,"(200, 29)-(200, 45)",b'UnknownError(Args&&... args)'
arrow-main,../repos/arrow-main/cpp/src/arrow/status.h,"(207, 31)-(207, 47)",b'NotImplemented(Args&&... args)'
arrow-main,../repos/arrow-main/cpp/src/arrow/status.h,"(213, 24)-(213, 40)",b'Invalid(Args&&... args)'
arrow-main,../repos/arrow-main/cpp/src/arrow/status.h,"(219, 26)-(219, 42)",b'Cancelled(Args&&... args)'
arrow-main,../repos/arrow-main/cpp/src/arrow/status.h,"(225, 27)-(225, 43)",b'IndexError(Args&&... args)'
arrow-main,../repos/arrow-main/cpp/src/arrow/status.h,"(231, 30)-(231, 46)",b'CapacityError(Args&&... args)'
arrow-main,../repos/arrow-main/cpp/src/arrow/status.h,"(237, 24)-(237, 40)",b'IOError(Args&&... args)'
arrow-main,../repos/arrow-main/cpp/src/arrow/status.h,"(243, 35)-(243, 51)",b'SerializationError(Args&&... args)'
arrow-main,../repos/arrow-main/cpp/src/arrow/status.h,"(248, 23)-(248, 39)",b'RError(Args&&... args)'
arrow-main,../repos/arrow-main/cpp/src/arrow/status.h,"(253, 29)-(253, 45)",b'CodeGenError(Args&&... args)'
arrow-main,../repos/arrow-main/cpp/src/arrow/status.h,"(258, 42)-(258, 58)",b'ExpressionValidationError(Args&&... args)'
arrow-main,../repos/arrow-main/cpp/src/arrow/status.h,"(264, 31)-(264, 47)",b'ExecutionError(Args&&... args)'
arrow-main,../repos/arrow-main/cpp/src/arrow/status.h,"(269, 30)-(269, 46)",b'AlreadyExists(Args&&... args)'
arrow-main,../repos/arrow-main/cpp/src/arrow/status.h,"(352, 21)-(352, 37)",b'WithMessage(Args&&... args) const'
arrow-main,../repos/arrow-main/cpp/src/arrow/array/diff.cc,"(620, 32)-(620, 75)","b'VisitTypeInline(const DataType&, VISITOR*, AR...'"
arrow-main,../repos/arrow-main/cpp/src/arrow/visit_array_inline.h,"(53, 31)-(53, 85)","b'VisitArrayInline(const Array& array, VISITOR*...'"
arrow-main,../repos/arrow-main/cpp/src/arrow/visit_type_inline.h,"(52, 30)-(52, 86)","b'VisitTypeInline(const DataType& type, VISITOR...'"
arrow-main,../repos/arrow-main/cpp/src/arrow/visit_type_inline.h,"(81, 22)-(81, 79)","b'VisitType(const DataType& type, VISITOR&& vis...'"
arrow-main,../repos/arrow-main/cpp/src/arrow/visit_type_inline.h,"(106, 32)-(106, 81)","b'VisitTypeIdInline(Type::type id, VISITOR* vis...'"
arrow-main,../repos/arrow-main/cpp/src/arrow/scalar_test.cc,"(60, 22)-(60, 72)","b'AssertMakeScalar(const Scalar& expected, Make...'"
arrow-main,../repos/arrow-main/cpp/src/arrow/scalar_test.cc,"(61, 23)-(61, 87)","b'ASSERT_OK_AND_ASSIGN(auto scalar, MakeScalar(...'"
arrow-main,../repos/arrow-main/cpp/src/arrow/filesystem/s3_internal.h,"(196, 21)-(197, 68)",b'ErrorToStatus(const std::tuple<Args&...>& pre...'
arrow-main,../repos/arrow-main/cpp/src/arrow/filesystem/s3_internal.h,"(220, 23)-(221, 77)",b'OutcomeToStatus(const std::tuple<Args&...>& p...'
arrow-main,../repos/arrow-main/cpp/src/arrow/filesystem/azurefs.cc,"(284, 25)-(285, 54)",b'ExceptionToStatus(const Storage::StorageExcep...'
arrow-main,../repos/arrow-main/cpp/src/arrow/filesystem/azurefs.cc,"(866, 11)-(866, 55)",b'catch (const Storage::StorageException& excep...'
arrow-main,../repos/arrow-main/cpp/src/arrow/scalar.h,"(718, 32)-(718, 37)",b'CheckBufferLength(...)'
arrow-main,../repos/arrow-main/cpp/src/arrow/ipc/json_simple_test.cc,"(88, 23)-(88, 72)","b'JSONArrayInternal(std::ostream* ss, Value&& v...'"
arrow-main,../repos/arrow-main/cpp/src/arrow/ipc/json_simple_test.cc,"(95, 22)-(95, 38)",b'JSONArray(Args&&... args)'
arrow-main,../repos/arrow-main/cpp/src/arrow/json/reader.cc,"(179, 65)-(179, 81)",b'Make(Args&&... args)'
arrow-main,../repos/arrow-main/cpp/src/arrow/json/reader.cc,"(223, 44)-(224, 60)",b'MakeChunkingIterator(Iterator<std::shared_ptr...'
arrow-main,../repos/arrow-main/cpp/src/arrow/json/reader.cc,"(232, 51)-(233, 68)",b'MakeChunkingGenerator(\n    AsyncGenerator<std...'
arrow-main,../repos/arrow-main/cpp/src/arrow/json/converter.cc,"(44, 30)-(44, 68)","b'GenericConversionError(const DataType& type, ...'"
arrow-main,../repos/arrow-main/cpp/src/arrow/json/reader_test.cc,"(458, 54)-(458, 70)",b'MakeReader(Args&&... args)'
arrow-main,../repos/arrow-main/cpp/src/arrow/json/reader_test.cc,"(467, 69)-(467, 85)",b'MakeGenerator(Args&&... args)'
arrow-main,../repos/arrow-main/cpp/src/arrow/json/reader_test.cc,"(468, 26)-(468, 80)","b'ARROW_ASSIGN_OR_RAISE(auto reader, MakeReader...'"
arrow-main,../repos/arrow-main/cpp/src/arrow/json/parser.cc,"(54, 25)-(54, 35)",b'ParseError(T&&... t)'
arrow-main,../repos/arrow-main/cpp/src/arrow/json/parser.cc,"(689, 17)-(689, 59)","b'RawNumber(const char* data, rj::SizeType size...'"
arrow-main,../repos/arrow-main/cpp/src/arrow/json/parser.cc,"(699, 14)-(699, 56)","b'String(const char* data, rj::SizeType size, ...)'"
arrow-main,../repos/arrow-main/cpp/src/arrow/json/parser.cc,"(714, 17)-(714, 22)",b'EndObject(...)'
arrow-main,../repos/arrow-main/cpp/src/arrow/json/parser.cc,"(961, 11)-(961, 51)","b'Key(const char* key, rj::SizeType len, ...)'"
arrow-main,../repos/arrow-main/cpp/src/arrow/json/parser.cc,"(997, 17)-(997, 59)","b'RawNumber(const char* data, rj::SizeType size...'"
arrow-main,../repos/arrow-main/cpp/src/arrow/json/parser.cc,"(1004, 14)-(1004, 56)","b'String(const char* data, rj::SizeType size, ...)'"
arrow-main,../repos/arrow-main/cpp/src/arrow/json/parser.cc,"(1022, 11)-(1022, 51)","b'Key(const char* key, rj::SizeType len, ...)'"
arrow-main,../repos/arrow-main/cpp/src/arrow/json/parser.cc,"(1039, 17)-(1039, 22)",b'EndObject(...)'
arrow-main,../repos/arrow-main/cpp/src/arrow/json/parser.cc,"(1091, 17)-(1091, 59)","b'RawNumber(const char* data, rj::SizeType size...'"
arrow-main,../repos/arrow-main/cpp/src/arrow/json/parser.cc,"(1098, 14)-(1098, 56)","b'String(const char* data, rj::SizeType size, ...)'"
arrow-main,../repos/arrow-main/cpp/src/arrow/json/parser.cc,"(1118, 11)-(1118, 51)","b'Key(const char* key, rj::SizeType len, ...)'"
arrow-main,../repos/arrow-main/cpp/src/arrow/vendored/ProducerConsumerQueue.h,"(110, 13)-(110, 35)",b'Write(Args&&... recordArgs)'
arrow-main,../repos/arrow-main/cpp/src/arrow/vendored/pcg/pcg_random.hpp,"(150, 20)-(410, 46)","b'PCG_DEFINE_CONSTANT(uint8_t,  default, multip...'"
arrow-main,../repos/arrow-main/cpp/src/arrow/vendored/pcg/pcg_random.hpp,"(151, 20)-(410, 45)","b'(uint8_t,  default, increment,  77U)\n\nPCG_DEF...'"
arrow-main,../repos/arrow-main/cpp/src/arrow/vendored/pcg/pcg_random.hpp,"(153, 20)-(408, 39)","b'(uint16_t, default, multiplier, 12829U)\nPCG_D...'"
arrow-main,../repos/arrow-main/cpp/src/arrow/vendored/pcg/pcg_random.hpp,"(154, 20)-(405, 32)","b'(uint16_t, default, increment,  47989U)\n\nPCG_...'"
arrow-main,../repos/arrow-main/cpp/src/arrow/vendored/pcg/pcg_random.hpp,"(156, 20)-(403, 39)","b'(uint32_t, default, multiplier, 747796405U)\nP...'"
arrow-main,../repos/arrow-main/cpp/src/arrow/vendored/pcg/pcg_random.hpp,"(157, 20)-(335, 40)","b'(uint32_t, default, increment,  2891336453U)\n...'"
arrow-main,../repos/arrow-main/cpp/src/arrow/vendored/pcg/pcg_random.hpp,"(159, 20)-(330, 19)","b'(uint64_t, default, multiplier, 6364136223846...'"
arrow-main,../repos/arrow-main/cpp/src/arrow/vendored/pcg/pcg_random.hpp,"(160, 20)-(326, 32)","b'(uint64_t, default, increment,  1442695040888...'"
arrow-main,../repos/arrow-main/cpp/src/arrow/vendored/pcg/pcg_random.hpp,"(286, 20)-(286, 25)",b'set_stream(...)'
arrow-main,../repos/arrow-main/cpp/src/arrow/vendored/pcg/pcg_random.hpp,"(337, 17)-(397, 34)","b'(uint32_t, default, increment,  2891336453U)\n...'"
arrow-main,../repos/arrow-main/cpp/src/arrow/vendored/pcg/pcg_random.hpp,"(529, 14)-(529, 30)",b'seed(Args&&... args)'
arrow-main,../repos/arrow-main/cpp/src/arrow/vendored/pcg/pcg_random.hpp,"(1384, 14)-(1384, 30)",b'seed(Args&&... args)'
arrow-main,../repos/arrow-main/cpp/src/arrow/vendored/pcg/pcg_extras.hpp,"(593, 18)-(593, 34)",b'seed_seq_from(Args&&... args)'
arrow-main,../repos/arrow-main/cpp/src/arrow/vendored/datetime/tz.h,"(2669, 8)-(2669, 54)","b'cc_impl(const time_point<SrcClock, Duration>&...'"
arrow-main,../repos/arrow-main/cpp/src/arrow/vendored/datetime/tz.h,"(2679, 8)-(2679, 54)","b'cc_impl(const time_point<SrcClock, Duration>&...'"
arrow-main,../repos/arrow-main/cpp/src/arrow/vendored/datetime/date.h,"(6452, 5)-(6452, 70)","b'read(std::basic_istream<CharT, Traits>& is, C...'"
arrow-main,../repos/arrow-main/cpp/src/arrow/vendored/datetime/date.h,"(6456, 5)-(6456, 67)","b'read(std::basic_istream<CharT, Traits>& is, r...'"
arrow-main,../repos/arrow-main/cpp/src/arrow/vendored/datetime/date.h,"(6460, 5)-(6460, 67)","b'read(std::basic_istream<CharT, Traits>& is, r...'"
arrow-main,../repos/arrow-main/cpp/src/arrow/vendored/datetime/date.h,"(6464, 5)-(6464, 68)","b'read(std::basic_istream<CharT, Traits>& is, i...'"
arrow-main,../repos/arrow-main/cpp/src/arrow/vendored/datetime/date.h,"(6468, 5)-(6468, 68)","b'read(std::basic_istream<CharT, Traits>& is, r...'"
arrow-main,../repos/arrow-main/cpp/src/arrow/vendored/datetime/date.h,"(6472, 5)-(6472, 70)","b'read(std::basic_istream<CharT, Traits>& is, C...'"
arrow-main,../repos/arrow-main/cpp/src/arrow/vendored/datetime/date.h,"(6495, 5)-(6495, 67)","b'read(std::basic_istream<CharT, Traits>& is, r...'"
arrow-main,../repos/arrow-main/cpp/src/arrow/vendored/datetime/date.h,"(6506, 5)-(6506, 67)","b'read(std::basic_istream<CharT, Traits>& is, r...'"
arrow-main,../repos/arrow-main/cpp/src/arrow/vendored/datetime/date.h,"(6517, 5)-(6517, 68)","b'read(std::basic_istream<CharT, Traits>& is, i...'"
arrow-main,../repos/arrow-main/cpp/src/arrow/vendored/datetime/date.h,"(6539, 5)-(6539, 68)","b'read(std::basic_istream<CharT, Traits>& is, r...'"
arrow-main,../repos/arrow-main/cpp/src/arrow/vendored/datetime/tz.cpp,"(1263, 11)-(1263, 16)","b""catch (...)\n    {\n        std::cerr << s << '..."""
arrow-main,../repos/arrow-main/cpp/src/arrow/vendored/datetime/tz.cpp,"(2352, 11)-(2352, 16)","b""catch (...)\n    {\n        std::cerr << s << '..."""
arrow-main,../repos/arrow-main/cpp/src/arrow/vendored/datetime/tz.cpp,"(2403, 11)-(2403, 16)","b""catch (...)\n    {\n        std::cerr << s << '..."""
arrow-main,../repos/arrow-main/cpp/src/arrow/vendored/datetime/tz.cpp,"(2479, 23)-(2479, 28)",b'catch (...)\n                {\n               ...'
arrow-main,../repos/arrow-main/cpp/src/arrow/util/functional.h,"(44, 44)-(44, 53)",b'is_overloaded_impl(R(A...))'
arrow-main,../repos/arrow-main/cpp/src/arrow/util/functional.h,"(44, 46)-(44, 52)",b'(A...)'
arrow-main,../repos/arrow-main/cpp/src/arrow/util/functional.h,"(50, 43)-(50, 48)",b'is_overloaded_impl(...)'
arrow-main,../repos/arrow-main/cpp/src/arrow/util/functional.h,"(126, 15)-(126, 21)",b'(A...)'
arrow-main,../repos/arrow-main/cpp/src/arrow/util/functional.h,"(138, 15)-(138, 23)",b'operator()(A... a) &&'
arrow-main,../repos/arrow-main/cpp/src/arrow/util/functional.h,"(146, 21)-(146, 31)",b'invoke(A&&... a)'
arrow-main,../repos/arrow-main/cpp/src/arrow/util/functional.h,"(152, 13)-(152, 23)",b'invoke(A&&... a) override'
arrow-main,../repos/arrow-main/cpp/src/arrow/util/thread_pool.h,"(143, 29)-(143, 42)",b'(Args && ...)'
arrow-main,../repos/arrow-main/cpp/src/arrow/util/thread_pool.h,"(144, 28)-(145, 44)","b'Submit(TaskHints hints, StopToken stop_token,...'"
arrow-main,../repos/arrow-main/cpp/src/arrow/util/thread_pool.h,"(169, 29)-(169, 42)",b'(Args && ...)'
arrow-main,../repos/arrow-main/cpp/src/arrow/util/thread_pool.h,"(170, 28)-(170, 83)","b'Submit(StopToken stop_token, Function&& func,...'"
arrow-main,../repos/arrow-main/cpp/src/arrow/util/thread_pool.h,"(177, 29)-(177, 42)",b'(Args && ...)'
arrow-main,../repos/arrow-main/cpp/src/arrow/util/thread_pool.h,"(178, 28)-(178, 78)","b'Submit(TaskHints hints, Function&& func, Args...'"
arrow-main,../repos/arrow-main/cpp/src/arrow/util/thread_pool.h,"(185, 29)-(185, 42)",b'(Args && ...)'
arrow-main,../repos/arrow-main/cpp/src/arrow/util/thread_pool.h,"(186, 28)-(186, 61)","b'Submit(Function&& func, Args&&... args)'"
arrow-main,../repos/arrow-main/cpp/src/arrow/util/small_vector.h,"(386, 20)-(386, 36)",b'emplace_back(Args&&... args)'
arrow-main,../repos/arrow-main/cpp/src/arrow/util/io_util.h,"(275, 23)-(275, 68)","b'StatusFromErrno(int errnum, StatusCode code, ...'"
arrow-main,../repos/arrow-main/cpp/src/arrow/util/io_util.h,"(281, 24)-(281, 52)","b'IOErrorFromErrno(int errnum, Args&&... args)'"
arrow-main,../repos/arrow-main/cpp/src/arrow/util/io_util.h,"(287, 26)-(287, 71)","b'StatusFromWinError(int errnum, StatusCode cod...'"
arrow-main,../repos/arrow-main/cpp/src/arrow/util/io_util.h,"(293, 27)-(293, 55)","b'IOErrorFromWinError(int errnum, Args&&... args)'"
arrow-main,../repos/arrow-main/cpp/src/arrow/util/io_util.h,"(299, 24)-(299, 69)","b'StatusFromSignal(int signum, StatusCode code,...'"
arrow-main,../repos/arrow-main/cpp/src/arrow/util/io_util.h,"(305, 27)-(305, 55)","b'CancelledFromSignal(int signum, Args&&... args)'"
arrow-main,../repos/arrow-main/cpp/src/arrow/util/reflection_internal.h,"(43, 28)-(44, 55)",b'ForEachTupleMemberImpl(const std::tuple<T...>...'
arrow-main,../repos/arrow-main/cpp/src/arrow/util/reflection_internal.h,"(49, 24)-(49, 62)",b'ForEachTupleMember(const std::tuple<T...>& tu...'
arrow-main,../repos/arrow-main/cpp/src/arrow/util/reflection_internal.h,"(114, 44)-(114, 65)",b'MakeProperties(Properties... props)'
arrow-main,../repos/arrow-main/cpp/src/arrow/util/string.h,"(137, 20)-(137, 45)","b'ToChars(T value, Args&&... args)'"
arrow-main,../repos/arrow-main/cpp/src/arrow/util/string.h,"(166, 20)-(166, 45)","b'ToChars(T value, Args&&... args)'"
arrow-main,../repos/arrow-main/cpp/src/arrow/util/future.h,"(57, 20)-(57, 26)",b'(A...)'
arrow-main,../repos/arrow-main/cpp/src/arrow/util/future.h,"(129, 67)-(129, 80)",b'(Args && ...)'
arrow-main,../repos/arrow-main/cpp/src/arrow/util/future.h,"(131, 80)-(132, 54)","b'operator()(\n      NextFuture next, ContinueFu...'"
arrow-main,../repos/arrow-main/cpp/src/arrow/util/future.h,"(144, 67)-(144, 80)",b'(Args && ...)'
arrow-main,../repos/arrow-main/cpp/src/arrow/util/future.h,"(149, 13)-(149, 61)","b'operator()(NextFuture next, ContinueFunc&& f,...'"
arrow-main,../repos/arrow-main/cpp/src/arrow/util/future.h,"(161, 67)-(161, 80)",b'(Args && ...)'
arrow-main,../repos/arrow-main/cpp/src/arrow/util/future.h,"(166, 13)-(166, 61)","b'operator()(NextFuture next, ContinueFunc&& f,...'"
arrow-main,../repos/arrow-main/cpp/src/arrow/util/future.h,"(174, 67)-(174, 80)",b'(Args && ...)'
arrow-main,../repos/arrow-main/cpp/src/arrow/util/future.h,"(176, 77)-(177, 54)","b'operator()(\n      NextFuture next, ContinueFu...'"
arrow-main,../repos/arrow-main/cpp/src/arrow/util/future.h,"(186, 22)-(187, 33)","b'IgnoringArgsIf(std::true_type, NextFuture&& n...'"
arrow-main,../repos/arrow-main/cpp/src/arrow/util/future.h,"(191, 22)-(192, 35)","b'IgnoringArgsIf(std::false_type, NextFuture&& ...'"
arrow-main,../repos/arrow-main/cpp/src/arrow/util/future.h,"(193, 15)-(194, 41)","b'operator()(std::forward<NextFuture>(next), st...'"
arrow-main,../repos/arrow-main/cpp/src/arrow/util/range.h,"(192, 4)-(192, 17)",b'Zip(Ranges&&...) -> Zip<std::tuple<Ranges...>...'
arrow-main,../repos/arrow-main/cpp/src/arrow/util/range.h,"(196, 15)-(196, 33)",b'Zip(Ranges... ranges)'
arrow-main,../repos/arrow-main/cpp/src/arrow/util/compare.h,"(41, 14)-(41, 65)","b'Equals(const std::shared_ptr<T>& other, Extra...'"
arrow-main,../repos/arrow-main/cpp/src/arrow/util/print.h,"(49, 16)-(49, 62)","b'PrintTuple(OStream* os, const std::tuple<Args...'"
arrow-main,../repos/arrow-main/cpp/src/arrow/util/thread_pool.cc,"(700, 11)-(700, 16)",b'catch (...) {\n    return 0;\n  }'
arrow-main,../repos/arrow-main/cpp/src/arrow/util/reflection_test.cc,"(114, 13)-(114, 18)",b'catch (...) {\n      return Fail();\n    }'
arrow-main,../repos/arrow-main/cpp/src/arrow/util/string_builder.h,"(53, 28)-(53, 79)","b'StringBuilderRecursive(std::ostream& stream, ...'"
arrow-main,../repos/arrow-main/cpp/src/arrow/util/string_builder.h,"(59, 26)-(59, 42)",b'StringBuilder(Args&&... args)'
arrow-main,../repos/arrow-main/cpp/src/arrow/util/aligned_storage.h,"(51, 17)-(51, 30)",b'construct(A&&... args) noexcept'
arrow-main,../repos/arrow-main/cpp/src/arrow/util/value_parsing.h,"(85, 30)-(85, 35)",b'Test(...)'
arrow-main,../repos/arrow-main/cpp/src/arrow/util/formatting.h,"(55, 30)-(55, 35)",b'Test(...)'
arrow-main,../repos/arrow-main/cpp/src/arrow/util/time.h,"(54, 14)-(54, 70)","b'VisitDuration(TimeUnit::type unit, Visitor&& ...'"
arrow-main,../repos/arrow-main/cpp/src/arrow/flight/test_util.cc,"(140, 11)-(140, 16)",b'catch (...) {\n    std::stringstream ss;\n    s...'
arrow-main,../repos/arrow-main/cpp/src/arrow/flight/transport.cc,"(243, 11)-(243, 16)",b'catch (...) {\n    return TransportStatus{\n   ...'
arrow-main,../repos/arrow-main/cpp/src/arrow/flight/transport.cc,"(358, 11)-(358, 16)","b'catch (...) {\n    status_message << "". Also, ...'"
arrow-main,../repos/arrow-main/cpp/src/arrow/flight/cookie_internal.cc,"(105, 15)-(105, 20)",b'catch (...) {\n        // stoi throws an excep...'
arrow-main,../repos/arrow-main/cpp/src/arrow/flight/test_util.h,"(105, 18)-(109, 41)","b'MakeServer(const Location& location, std::uni...'"
arrow-main,../repos/arrow-main/cpp/src/arrow/flight/test_util.h,"(125, 18)-(129, 41)",b'MakeServer(std::unique_ptr<FlightServerBase>*...'
arrow-main,../repos/arrow-main/cpp/src/arrow/flight/test_util.h,"(131, 23)-(133, 59)","b'MakeServer<T>(location, server, client, std::...'"
arrow-main,../repos/arrow-main/cpp/src/arrow/compare.cc,"(479, 64)-(479, 69)",b'(...)'
arrow-main,../repos/arrow-main/cpp/src/arrow/csv/parser.cc,"(41, 18)-(41, 34)",b'ParseError(Args&&... args)'
arrow-main,../repos/arrow-main/cpp/src/arrow/engine/substrait/type_internal.cc,"(51, 65)-(52, 78)","b'FromProtoImpl(const TypeMessage& type,\n      ...'"
arrow-main,../repos/arrow-main/cpp/src/arrow/engine/substrait/type_internal.cc,"(59, 65)-(60, 88)","b'FromProtoImpl(\n    const TypeMessage& type, s...'"
arrow-main,../repos/arrow-main/cpp/src/arrow/engine/substrait/type_internal.cc,"(60, 68)-(60, 74)",b'type_factory(A...)'
arrow-main,../repos/arrow-main/cpp/src/arrow/engine/simple_extension_type_internal.h,"(141, 15)-(141, 20)",b'catch (...) {\n        return Fail();\n      }'
arrow-main,../repos/arrow-main/cpp/src/arrow/compute/function_internal.h,"(656, 50)-(656, 83)",b'GetFunctionOptionsType(const Properties&... p...'
arrow-main,../repos/arrow-main/cpp/src/arrow/compute/function_internal.h,"(659, 25)-(659, 89)",b'OptionsType(const arrow::internal::PropertyTu...'
arrow-main,../repos/arrow-main/cpp/src/arrow/compute/function_internal.h,"(697, 13)-(697, 61)",b'instance(arrow::internal::MakeProperties(prop...'
arrow-main,../repos/arrow-main/cpp/src/arrow/compute/function_internal.h,"(697, 45)-(697, 60)",b'(properties...)'
arrow-main,../repos/arrow-main/cpp/src/arrow/compute/kernels/scalar_arithmetic_test.cc,"(409, 22)-(409, 44)",b'MakeArray(Elements... elements)'
arrow-main,../repos/arrow-main/cpp/src/arrow/compute/kernels/test_util.cc,"(51, 24)-(51, 76)","b'SliceArrays(const DatumVector& inputs, SliceA...'"
arrow-main,../repos/arrow-main/cpp/src/arrow/compute/kernels/scalar_nested_test.cc,"(824, 27)-(825, 47)","b'operator()(std::vector<Datum> args, std::vect...'"
arrow-main,../repos/arrow-main/cpp/src/arrow/compute/kernels/temporal_internal.h,"(171, 24)-(171, 71)","b'AddTemporalKernels(Factory* fac, WithDates, W...'"
arrow-main,../repos/arrow-main/cpp/src/arrow/compute/kernels/temporal_internal.h,"(178, 24)-(178, 71)","b'AddTemporalKernels(Factory* fac, WithTimes, W...'"
arrow-main,../repos/arrow-main/cpp/src/arrow/compute/kernels/temporal_internal.h,"(187, 24)-(187, 76)","b'AddTemporalKernels(Factory* fac, WithTimestam...'"
arrow-main,../repos/arrow-main/cpp/src/arrow/compute/kernels/temporal_internal.h,"(200, 24)-(200, 77)","b'AddTemporalKernels(Factory* fac, WithStringTy...'"
arrow-main,../repos/arrow-main/cpp/src/arrow/compute/kernels/temporal_internal.h,"(218, 32)-(219, 86)","b'ExecWithOptions(KernelContext* ctx, const Opt...'"
arrow-main,../repos/arrow-main/cpp/src/arrow/compute/kernels/temporal_internal.h,"(314, 21)-(315, 35)","b'Exec(KernelContext* ctx, const ExecSpan& batc...'"
arrow-main,../repos/arrow-main/cpp/src/arrow/compute/kernels/vector_rank.cc,"(224, 18)-(224, 34)",b'Ranker(Args&&... args)'
arrow-main,../repos/arrow-main/cpp/src/arrow/compute/kernels/scalar_round.cc,"(69, 15)-(69, 51)",b'Visit(const NumericScalar<Ts...>& scalar)'
arrow-main,../repos/arrow-main/cpp/src/arrow/compute/kernels/scalar_round.cc,"(74, 15)-(74, 51)",b'Visit(const DecimalScalar<Ts...>& scalar)'
arrow-main,../repos/arrow-main/cpp/src/arrow/compute/kernels/scalar_string_utf8.cc,"(81, 48)-(83, 74)",b'HasAnyUnicodeGeneralCategory(uint32_t codepoi...'
arrow-main,../repos/arrow-main/cpp/src/arrow/compute/kernels/scalar_string_utf8.cc,"(88, 48)-(90, 74)",b'HasAnyUnicodeGeneralCategory(uint32_t codepoi...'
arrow-main,../repos/arrow-main/cpp/src/arrow/compute/kernels/scalar_cast_temporal.cc,"(123, 23)-(124, 37)","b'ExtractTemporal(KernelContext* ctx, const Exe...'"
arrow-main,../repos/arrow-main/cpp/src/arrow/compute/expression.cc,"(830, 9)-(830, 31)","b'(Expression expr, ...) -> Result<Expression>'"
arrow-main,../repos/arrow-main/cpp/src/arrow/compute/expression.cc,"(1007, 9)-(1007, 31)","b'(Expression expr, ...)'"
arrow-main,../repos/arrow-main/cpp/src/arrow/compute/expression.cc,"(1133, 9)-(1133, 31)","b'(Expression expr, ...)'"
arrow-main,../repos/arrow-main/cpp/src/arrow/compute/expression.cc,"(1317, 10)-(1317, 32)","b'(Expression expr, ...) -> Result<Expression>'"
arrow-main,../repos/arrow-main/cpp/src/arrow/compute/expression.cc,"(1356, 28)-(1361, 36)","b'ARROW_ASSIGN_OR_RAISE(auto simplified,\n      ...'"
arrow-main,../repos/arrow-main/cpp/src/arrow/compute/expression.cc,"(1357, 45)-(1361, 35)",b'(\n                                std::move(e...'
arrow-main,../repos/arrow-main/cpp/src/arrow/compute/expression.cc,"(1359, 36)-(1359, 58)","b'[&](Expression expr, ...) -> Result<Expression>'"
arrow-main,../repos/arrow-main/cpp/src/arrow/compute/expression.cc,"(1363, 10)-(1363, 39)","b'ARROW_ASSIGN_OR_RAISE(auto simplified,\n      ...'"
arrow-main,../repos/arrow-main/cpp/src/arrow/compute/expression.cc,"(1402, 23)-(1402, 45)","b'(Expression expr, ...)'"
arrow-main,../repos/arrow-main/cpp/src/arrow/type.h,"(2025, 11)-(2025, 39)","b'FieldRef(A0&& a0, A1&& a1, A&&... a)'"
arrow-main,../repos/arrow-main/cpp/src/arrow/io/util_internal.h,"(56, 14)-(56, 65)","b'SubmitIO(IOContext io_context, SubmitArgs&&.....'"
arrow-main,../repos/arrow-main/cpp/src/arrow/io/interfaces.cc,"(399, 15)-(399, 20)",b'catch (...) {\n      }'
arrow-main,../repos/arrow-main/cpp/src/arrow/visit_scalar_inline.h,"(56, 32)-(56, 88)","b'VisitScalarInline(const Scalar& scalar, VISIT...'"
arrow-main,../repos/arrow-main/cpp/src/arrow/stl_allocator.h,"(78, 17)-(78, 39)","b'construct(U* p, Args&&... args)'"
arrow-main,../repos/arrow-main/cpp/src/skyhook/protocol/rados_protocol.cc,"(28, 38)-(28, 64)","b'GetStatusFromReturnCode(int code, Args&&... args)'"
arrow-main,../repos/arrow-main/cpp/src/gandiva/gdv_function_stubs.cc,"(757, 11)-(757, 16)",b'catch (...) {\n    std::string e_msg = std::st...'
arrow-main,../repos/arrow-main/cpp/src/gandiva/gdv_function_stubs.cc,"(777, 11)-(777, 16)",b'catch (...) {\n    std::string e_msg = std::st...'
arrow-main,../repos/arrow-main/cpp/src/gandiva/cast_time.cc,"(79, 11)-(79, 16)",b'catch (...) {\n    return EINVAL;\n  }'
arrow-main,../repos/arrow-main/cpp/src/gandiva/interval_holder.cc,"(79, 11)-(79, 16)","b'catch (...) {\n    std::string cause(""Error co...'"
arrow-main,../repos/arrow-main/cpp/src/gandiva/interval_holder.cc,"(106, 11)-(106, 16)",b'catch (...) {\n    // Error converting double ...'
arrow-main,../repos/arrow-main/cpp/src/gandiva/interval_holder.cc,"(141, 13)-(141, 18)","b'catch (...) {\n      std::string cause(""Invali...'"
arrow-main,../repos/arrow-main/cpp/src/gandiva/interval_holder.cc,"(153, 13)-(153, 18)","b'catch (...) {\n      std::string cause(""Invali...'"
arrow-main,../repos/arrow-main/cpp/src/gandiva/interval_holder.cc,"(165, 13)-(165, 18)","b'catch (...) {\n      std::string cause(""Invali...'"
arrow-main,../repos/arrow-main/cpp/src/gandiva/interval_holder.cc,"(177, 13)-(177, 18)","b'catch (...) {\n      std::string cause(""Invali...'"
arrow-main,../repos/arrow-main/cpp/src/gandiva/interval_holder.cc,"(347, 11)-(347, 16)",b'catch (...) {\n    // Error converting the val...'
arrow-main,../repos/arrow-main/cpp/src/gandiva/interval_holder.cc,"(370, 13)-(370, 18)",b'catch (...) {\n      // Error converting the f...'
arrow-main,../repos/arrow-main/cpp/src/gandiva/interval_holder.cc,"(384, 13)-(384, 18)",b'catch (...) {\n      // Error converting the f...'
arrow-main,../repos/arrow-main/cpp/src/parquet/exception.h,"(102, 28)-(102, 44)",b'ParquetException(Args&&... args)'
arrow-main,../repos/arrow-main/cpp/src/parquet/exception.h,"(148, 50)-(148, 75)",b'ParquetInvalidOrCorruptedFileException(Arg ar...'
arrow-main,../repos/arrow-main/cpp/src/parquet/file_reader.cc,"(314, 13)-(314, 18)",b'catch (...) {\n    }'
arrow-main,../repos/arrow-main/cpp/src/parquet/file_reader.cc,"(760, 11)-(760, 16)",b'catch (...) {\n  }'
arrow-main,../repos/arrow-main/cpp/src/parquet/file_writer.cc,"(419, 13)-(419, 18)",b'catch (...) {\n    }'
arrow-main,../repos/arrow-main/cpp/src/parquet/file_writer.cc,"(545, 11)-(545, 16)",b'catch (...) {\n  }'
arrow-main,../repos/arrow-main/java/dataset/src/main/cpp/jni_wrapper.cc,"(297, 13)-(297, 18)","b'catch (...) {\n      JniThrow(""Failed to parse...'"
arrow-main,../repos/arrow-main/r/src/memorypool.cpp,"(82, 56)-(82, 61)",b'(...)'
arrow-main,../repos/arrow-main/r/src/compute-exec.cpp,"(62, 9)-(62, 14)",b'(...)'
arrow-main,../repos/arrow-main/python/pyarrow/src/arrow/python/common.h,"(250, 16)-(250, 32)",b'SmartPtrNoGIL(Args&&... args)'
arrow-main,../repos/arrow-main/python/pyarrow/src/arrow/python/common.h,"(255, 13)-(255, 29)",b'reset(Args&&... args)'
arrow-main,../repos/arrow-main/python/pyarrow/src/arrow/python/common.h,"(290, 26)-(290, 46)","b'(PyObject*, Args...)'"
arrow-main,../repos/arrow-main/python/pyarrow/src/arrow/python/common.h,"(293, 23)-(293, 43)","b'(PyObject*, Args...)'"
arrow-main,../repos/arrow-main/python/pyarrow/src/arrow/python/common.h,"(294, 23)-(294, 32)",b'(Args...)'
arrow-main,../repos/arrow-main/python/pyarrow/src/arrow/python/common.h,"(299, 16)-(299, 30)",b'Invoke(Args... args) const'
arrow-main,../repos/arrow-main/python/pyarrow/src/arrow/python/common.h,"(311, 28)-(311, 48)","b'(PyObject*, Args...)'"
arrow-main,../repos/arrow-main/python/pyarrow/src/arrow/python/common.h,"(315, 25)-(315, 45)","b'(PyObject*, Args...)'"
arrow-main,../repos/arrow-main/python/pyarrow/src/arrow/python/common.h,"(316, 31)-(316, 40)",b'(Args...)'
arrow-main,../repos/arrow-main/python/pyarrow/src/arrow/python/common.h,"(321, 24)-(321, 38)",b'Invoke(Args... args) const'
arrow-main,../repos/arrow-main/python/pyarrow/src/arrow/python/common.h,"(333, 34)-(334, 55)","b'BindFunction(Return (*unbound)(PyObject*, Arg...'"
arrow-main,../repos/arrow-main/python/pyarrow/src/arrow/python/common.h,"(333, 52)-(333, 72)","b'(*unbound)(PyObject*, Args...)'"
arrow-main,../repos/arrow-main/python/pyarrow/src/arrow/python/common.h,"(335, 34)-(335, 54)","b'(PyObject*, Args...)'"
arrow-main,../repos/arrow-main/python/pyarrow/src/arrow/python/common.h,"(343, 17)-(343, 31)",b'(Args... args)'
arrow-main,../repos/arrow-main/python/pyarrow/src/arrow/python/common.h,"(451, 48)-(452, 87)","b'cpp_PyObject_CallMethod(PyObject* obj, const ...'"
arrow-main,../repos/arrow-main/c_glib/arrow-dataset-glib/dataset.hpp,"(31, 26)-(34, 7)",b'gadataset_dataset_new_raw(\n  std::shared_ptr<...'
arrow-main,../repos/arrow-main/c_glib/arrow-dataset-glib/dataset.cpp,"(693, 26)-(696, 7)",b'gadataset_dataset_new_raw(\n  std::shared_ptr<...'
arrow-main,../repos/arrow-main/c_glib/arrow-glib/basic-array.hpp,"(32, 21)-(34, 26)",b'garrow_array_new_raw(std::shared_ptr<arrow::A...'
arrow-main,../repos/arrow-main/c_glib/arrow-glib/scalar.hpp,"(29, 22)-(31, 27)",b'garrow_scalar_new_raw(std::shared_ptr<arrow::...'
arrow-main,../repos/arrow-main/c_glib/arrow-glib/basic-array.cpp,"(3520, 21)-(3522, 26)",b'garrow_array_new_raw(std::shared_ptr<arrow::A...'
arrow-main,../repos/arrow-main/c_glib/arrow-glib/scalar.cpp,"(2556, 22)-(2558, 27)",b'garrow_scalar_new_raw(std::shared_ptr<arrow::...'
