Repo name,File name,Location,Content
arrow-main,../repos/arrow-main/matlab/src/cpp/arrow/matlab/tabular/proxy/record_batch.h,"(30, 21)-(30, 33)",b'~RecordBatch()'
arrow-main,../repos/arrow-main/matlab/src/cpp/arrow/matlab/tabular/proxy/schema.h,"(31, 21)-(31, 28)",b'~Schema()'
arrow-main,../repos/arrow-main/matlab/src/cpp/arrow/matlab/tabular/proxy/table.h,"(30, 21)-(30, 27)",b'~Table()'
arrow-main,../repos/arrow-main/matlab/src/cpp/arrow/matlab/type/proxy/field.h,"(30, 17)-(30, 23)",b'~Field()'
arrow-main,../repos/arrow-main/matlab/src/cpp/arrow/matlab/type/proxy/timestamp_type.h,"(30, 9)-(30, 23)",b'~TimestampType()'
arrow-main,../repos/arrow-main/matlab/src/cpp/arrow/matlab/type/proxy/time32_type.h,"(29, 9)-(29, 20)",b'~Time32Type()'
arrow-main,../repos/arrow-main/matlab/src/cpp/arrow/matlab/type/proxy/date64_type.h,"(29, 13)-(29, 24)",b'~Date64Type()'
arrow-main,../repos/arrow-main/matlab/src/cpp/arrow/matlab/type/proxy/date_type.h,"(29, 9)-(29, 18)",b'~DateType()'
arrow-main,../repos/arrow-main/matlab/src/cpp/arrow/matlab/type/proxy/fixed_width_type.h,"(27, 17)-(27, 32)",b'~FixedWidthType()'
arrow-main,../repos/arrow-main/matlab/src/cpp/arrow/matlab/type/proxy/time64_type.h,"(29, 9)-(29, 20)",b'~Time64Type()'
arrow-main,../repos/arrow-main/matlab/src/cpp/arrow/matlab/type/proxy/list_type.h,"(29, 9)-(29, 18)",b'~ListType()'
arrow-main,../repos/arrow-main/matlab/src/cpp/arrow/matlab/type/proxy/struct_type.h,"(29, 9)-(29, 20)",b'~StructType()'
arrow-main,../repos/arrow-main/matlab/src/cpp/arrow/matlab/type/proxy/date32_type.h,"(29, 13)-(29, 24)",b'~Date32Type()'
arrow-main,../repos/arrow-main/matlab/src/cpp/arrow/matlab/type/proxy/string_type.h,"(29, 9)-(29, 20)",b'~StringType()'
arrow-main,../repos/arrow-main/matlab/src/cpp/arrow/matlab/type/proxy/type.h,"(30, 17)-(30, 22)",b'~Type()'
arrow-main,../repos/arrow-main/matlab/src/cpp/arrow/matlab/type/proxy/time_type.h,"(29, 9)-(29, 18)",b'~TimeType()'
arrow-main,../repos/arrow-main/matlab/src/cpp/arrow/matlab/type/proxy/primitive_ctype.h,"(46, 9)-(46, 24)",b'~PrimitiveCType()'
arrow-main,../repos/arrow-main/matlab/src/cpp/arrow/matlab/array/proxy/array.h,"(31, 17)-(31, 23)",b'~Array()'
arrow-main,../repos/arrow-main/matlab/src/cpp/arrow/matlab/array/proxy/chunked_array.h,"(30, 9)-(30, 22)",b'~ChunkedArray()'
arrow-main,../repos/arrow-main/matlab/src/cpp/arrow/matlab/array/proxy/struct_array.h,"(28, 9)-(28, 21)",b'~StructArray()'
arrow-main,../repos/arrow-main/matlab/src/cpp/arrow/matlab/array/proxy/list_array.h,"(28, 9)-(28, 19)",b'~ListArray()'
arrow-main,../repos/arrow-main/matlab/src/cpp/arrow/matlab/io/feather/proxy/writer.h,"(30, 13)-(30, 20)",b'~Writer()'
arrow-main,../repos/arrow-main/matlab/src/cpp/arrow/matlab/io/feather/proxy/reader.h,"(28, 21)-(28, 28)",b'~Reader()'
arrow-main,../repos/arrow-main/matlab/src/cpp/arrow/matlab/io/csv/proxy/table_reader.h,"(27, 13)-(27, 25)",b'~TableReader()'
arrow-main,../repos/arrow-main/matlab/src/cpp/arrow/matlab/io/csv/proxy/table_writer.h,"(27, 13)-(27, 25)",b'~TableWriter()'
arrow-main,../repos/arrow-main/matlab/src/cpp/arrow/matlab/buffer/proxy/buffer.h,"(30, 9)-(30, 16)",b'~Buffer()'
arrow-main,../repos/arrow-main/go/arrow/compute/internal/kernels/_lib/types.h,"(580, 5)-(580, 11)",b'~__nat()'
arrow-main,../repos/arrow-main/cpp/src/arrow/acero/exec_plan.cc,"(66, 3)-(66, 16)",b'~ExecPlanImpl() override'
arrow-main,../repos/arrow-main/cpp/src/arrow/acero/exec_plan.cc,"(947, 3)-(947, 18)",b'~BatchConverter()'
arrow-main,../repos/arrow-main/cpp/src/arrow/acero/partition_util.cc,"(26, 17)-(26, 32)",b'PartitionLocks::~PartitionLocks'
arrow-main,../repos/arrow-main/cpp/src/arrow/acero/exec_plan.h,"(60, 11)-(60, 20)",b'~ExecPlan()'
arrow-main,../repos/arrow-main/cpp/src/arrow/acero/exec_plan.h,"(129, 11)-(129, 20)",b'~ExecNode()'
arrow-main,../repos/arrow-main/cpp/src/arrow/acero/exec_plan.h,"(358, 11)-(358, 31)",b'~ExecFactoryRegistry()'
arrow-main,../repos/arrow-main/cpp/src/arrow/acero/tpch_node.cc,"(522, 11)-(522, 30)",b'~TpchTableGenerator()'
arrow-main,../repos/arrow-main/cpp/src/arrow/acero/sink_node.cc,"(144, 3)-(144, 12)",b'~SinkNode() override'
arrow-main,../repos/arrow-main/cpp/src/arrow/acero/hash_join.h,"(50, 11)-(50, 24)",b'~HashJoinImpl()'
arrow-main,../repos/arrow-main/cpp/src/arrow/acero/concurrent_queue_internal.h,"(116, 5)-(116, 14)",b'~DoHandle()'
arrow-main,../repos/arrow-main/cpp/src/arrow/acero/test_nodes.h,"(63, 11)-(63, 16)",b'~Gate()'
arrow-main,../repos/arrow-main/cpp/src/arrow/acero/order_by_impl.h,"(38, 11)-(38, 23)",b'~OrderByImpl()'
arrow-main,../repos/arrow-main/cpp/src/arrow/acero/accumulation_queue.h,"(39, 3)-(39, 21)",b'~AccumulationQueue()'
arrow-main,../repos/arrow-main/cpp/src/arrow/acero/accumulation_queue.h,"(95, 11)-(95, 27)",b'~SequencingQueue()'
arrow-main,../repos/arrow-main/cpp/src/arrow/acero/accumulation_queue.h,"(144, 11)-(144, 33)",b'~SerialSequencingQueue()'
arrow-main,../repos/arrow-main/cpp/src/arrow/acero/partition_util.h,"(94, 3)-(94, 18)",b'~PartitionLocks()'
arrow-main,../repos/arrow-main/cpp/src/arrow/acero/partition_util.h,"(154, 11)-(154, 27)",b'~AutoReleaseLock()'
arrow-main,../repos/arrow-main/cpp/src/arrow/acero/asof_join_node.cc,"(1006, 5)-(1006, 11)",b'~Defer() noexcept'
arrow-main,../repos/arrow-main/cpp/src/arrow/acero/asof_join_node.cc,"(1118, 11)-(1118, 24)",b'~AsofJoinNode()'
arrow-main,../repos/arrow-main/cpp/src/arrow/acero/task_util.h,"(65, 11)-(65, 25)",b'~TaskScheduler()'
arrow-main,../repos/arrow-main/cpp/src/arrow/acero/test_nodes.cc,"(254, 7)-(254, 12)",b'Gate::~Gate'
arrow-main,../repos/arrow-main/cpp/src/arrow/acero/query_context.h,"(128, 5)-(128, 20)",b'~TempFileIOMark()'
arrow-main,../repos/arrow-main/cpp/src/arrow/acero/sorted_merge_node.cc,"(43, 3)-(43, 9)",b'~Defer() noexcept'
arrow-main,../repos/arrow-main/cpp/src/arrow/acero/sorted_merge_node.cc,"(270, 3)-(270, 19)",b'~SortedMergeNode() override'
arrow-main,../repos/arrow-main/cpp/src/arrow/adapters/orc/adapter.cc,"(191, 3)-(191, 8)",b'~Impl()'
arrow-main,../repos/arrow-main/cpp/src/arrow/adapters/orc/adapter.cc,"(540, 16)-(540, 30)",b'ORCFileReader::~ORCFileReader'
arrow-main,../repos/arrow-main/cpp/src/arrow/adapters/orc/adapter.cc,"(804, 16)-(804, 30)",b'ORCFileWriter::~ORCFileWriter'
arrow-main,../repos/arrow-main/cpp/src/arrow/dataset/dataset_writer.h,"(58, 3)-(58, 17)",b'~DatasetWriter()'
arrow-main,../repos/arrow-main/cpp/src/arrow/dataset/file_base.h,"(154, 11)-(154, 22)",b'~FileFormat()'
arrow-main,../repos/arrow-main/cpp/src/arrow/dataset/dataset_writer.cc,"(688, 16)-(688, 30)",b'DatasetWriter::~DatasetWriter'
arrow-main,../repos/arrow-main/cpp/src/arrow/dataset/discovery.h,"(109, 11)-(109, 26)",b'~DatasetFactory()'
arrow-main,../repos/arrow-main/cpp/src/arrow/dataset/dataset.h,"(75, 11)-(75, 29)",b'~FragmentSelection()'
arrow-main,../repos/arrow-main/cpp/src/arrow/dataset/dataset.h,"(202, 11)-(202, 20)",b'~Fragment()'
arrow-main,../repos/arrow-main/cpp/src/arrow/dataset/dataset.h,"(228, 11)-(228, 31)",b'~FragmentScanOptions()'
arrow-main,../repos/arrow-main/cpp/src/arrow/dataset/dataset.h,"(385, 11)-(385, 19)",b'~Dataset()'
arrow-main,../repos/arrow-main/cpp/src/arrow/scalar.cc,"(657, 22)-(657, 42)",b'RunEndEncodedScalar::~RunEndEncodedScalar'
arrow-main,../repos/arrow-main/cpp/src/arrow/extension_type.h,"(135, 11)-(135, 33)",b'~ExtensionTypeRegistry()'
arrow-main,../repos/arrow-main/cpp/src/arrow/buffer.h,"(105, 11)-(105, 18)",b'~Buffer()'
arrow-main,../repos/arrow-main/cpp/src/arrow/device.cc,"(30, 16)-(30, 30)",b'MemoryManager::~MemoryManager'
arrow-main,../repos/arrow-main/cpp/src/arrow/device.cc,"(41, 9)-(41, 16)",b'Device::~Device'
arrow-main,../repos/arrow-main/cpp/src/arrow/memory_pool.h,"(156, 3)-(156, 21)",b'~LoggingMemoryPool() override'
arrow-main,../repos/arrow-main/cpp/src/arrow/memory_pool.h,"(188, 3)-(188, 19)",b'~ProxyMemoryPool() override'
arrow-main,../repos/arrow-main/cpp/src/arrow/array/builder_dict.h,"(79, 3)-(79, 23)",b'~DictionaryMemoTable()'
arrow-main,../repos/arrow-main/cpp/src/arrow/array/builder_dict.h,"(248, 3)-(248, 25)",b'~DictionaryBuilderBase() override'
arrow-main,../repos/arrow-main/cpp/src/arrow/array/diff.cc,"(109, 11)-(109, 27)",b'~ValueComparator()'
arrow-main,../repos/arrow-main/cpp/src/arrow/array/diff.cc,"(152, 3)-(152, 26)",b'~DefaultValueComparator() override'
arrow-main,../repos/arrow-main/cpp/src/arrow/array/diff.cc,"(184, 3)-(184, 22)",b'~REEValueComparator() override'
arrow-main,../repos/arrow-main/cpp/src/arrow/array/builder_nested.h,"(69, 3)-(69, 28)",b'~VarLengthListLikeBuilder() override'
arrow-main,../repos/arrow-main/cpp/src/arrow/array/builder_nested.h,"(278, 3)-(278, 19)",b'~BaseListBuilder() override'
arrow-main,../repos/arrow-main/cpp/src/arrow/array/builder_nested.h,"(416, 3)-(416, 23)",b'~BaseListViewBuilder() override'
arrow-main,../repos/arrow-main/cpp/src/arrow/array/builder_run_end.h,"(65, 3)-(65, 24)",b'~RunCompressorBuilder() override'
arrow-main,../repos/arrow-main/cpp/src/arrow/array/builder_run_end.h,"(187, 5)-(187, 21)",b'~ValueRunBuilder() override'
arrow-main,../repos/arrow-main/cpp/src/arrow/array/builder_binary.h,"(902, 11)-(902, 32)",b'~ChunkedBinaryBuilder()'
arrow-main,../repos/arrow-main/cpp/src/arrow/array/builder_run_end.cc,"(40, 23)-(40, 44)",b'RunCompressorBuilder::~RunCompressorBuilder'
arrow-main,../repos/arrow-main/cpp/src/arrow/array/builder_dict.cc,"(161, 22)-(161, 42)",b'DictionaryMemoTable::~DictionaryMemoTable'
arrow-main,../repos/arrow-main/cpp/src/arrow/array/builder_base.h,"(104, 11)-(104, 24)",b'~ArrayBuilder()'
arrow-main,../repos/arrow-main/cpp/src/arrow/integration/json_integration.cc,"(107, 24)-(107, 46)",b'IntegrationJsonWriter::~IntegrationJsonWriter'
arrow-main,../repos/arrow-main/cpp/src/arrow/integration/json_integration.cc,"(175, 24)-(175, 46)",b'IntegrationJsonReader::~IntegrationJsonReader'
arrow-main,../repos/arrow-main/cpp/src/arrow/filesystem/s3fs.cc,"(1399, 3)-(1399, 22)",b'~ObjectOutputStream() override'
arrow-main,../repos/arrow-main/cpp/src/arrow/filesystem/s3fs.cc,"(2574, 15)-(2574, 28)",b'S3FileSystem::~S3FileSystem'
arrow-main,../repos/arrow-main/cpp/src/arrow/filesystem/s3fs.cc,"(2891, 3)-(2891, 15)",b'~AwsInstance()'
arrow-main,../repos/arrow-main/cpp/src/arrow/filesystem/mockfs.cc,"(198, 3)-(198, 22)",b'~MockFSOutputStream() override'
arrow-main,../repos/arrow-main/cpp/src/arrow/filesystem/mockfs.cc,"(431, 17)-(431, 32)",b'MockFileSystem::~MockFileSystem'
arrow-main,../repos/arrow-main/cpp/src/arrow/filesystem/s3fs_benchmark.cc,"(200, 3)-(200, 26)",b'~S3BenchmarkEnvironment()'
arrow-main,../repos/arrow-main/cpp/src/arrow/filesystem/localfs.h,"(80, 3)-(80, 19)",b'~LocalFileSystem() override'
arrow-main,../repos/arrow-main/cpp/src/arrow/filesystem/test_util.cc,"(190, 22)-(190, 42)",b'GatedMockFilesystem::~GatedMockFilesystem'
arrow-main,../repos/arrow-main/cpp/src/arrow/filesystem/test_util.cc,"(211, 24)-(211, 46)",b'GenericFileSystemTest::~GenericFileSystemTest'
arrow-main,../repos/arrow-main/cpp/src/arrow/filesystem/s3_test_util.h,"(41, 3)-(41, 19)",b'~MinioTestServer()'
arrow-main,../repos/arrow-main/cpp/src/arrow/filesystem/s3_test_util.h,"(64, 3)-(64, 24)",b'~MinioTestEnvironment()'
arrow-main,../repos/arrow-main/cpp/src/arrow/filesystem/gcsfs_test.cc,"(140, 3)-(140, 16)",b'~GcsTestbench() override'
arrow-main,../repos/arrow-main/cpp/src/arrow/filesystem/azurefs.cc,"(61, 15)-(61, 28)",b'AzureOptions::~AzureOptions'
arrow-main,../repos/arrow-main/cpp/src/arrow/filesystem/azurefs.cc,"(705, 3)-(705, 22)",b'~ObjectAppendStream() override'
arrow-main,../repos/arrow-main/cpp/src/arrow/filesystem/gcsfs.cc,"(102, 3)-(102, 18)",b'~GcsInputStream() override'
arrow-main,../repos/arrow-main/cpp/src/arrow/filesystem/gcsfs.cc,"(178, 3)-(178, 19)",b'~GcsOutputStream()'
arrow-main,../repos/arrow-main/cpp/src/arrow/filesystem/gcsfs.cc,"(238, 3)-(238, 23)",b'~GcsRandomAccessFile() override'
arrow-main,../repos/arrow-main/cpp/src/arrow/filesystem/mockfs.h,"(64, 3)-(64, 18)",b'~MockFileSystem() override'
arrow-main,../repos/arrow-main/cpp/src/arrow/filesystem/filesystem.h,"(352, 3)-(352, 21)",b'~SubTreeFileSystem() override'
arrow-main,../repos/arrow-main/cpp/src/arrow/filesystem/azurefs_test.cc,"(178, 3)-(178, 14)",b'~AzuriteEnv() override'
arrow-main,../repos/arrow-main/cpp/src/arrow/filesystem/hdfs.h,"(34, 3)-(34, 15)",b'~HdfsOptions()'
arrow-main,../repos/arrow-main/cpp/src/arrow/filesystem/filesystem.cc,"(131, 13)-(131, 24)",b'FileSystem::~FileSystem'
arrow-main,../repos/arrow-main/cpp/src/arrow/filesystem/filesystem.cc,"(282, 20)-(282, 38)",b'SubTreeFileSystem::~SubTreeFileSystem'
arrow-main,../repos/arrow-main/cpp/src/arrow/filesystem/localfs.cc,"(263, 18)-(263, 34)",b'LocalFileSystem::~LocalFileSystem'
arrow-main,../repos/arrow-main/cpp/src/arrow/filesystem/localfs.cc,"(338, 5)-(338, 20)",b'~DiscoveryState()'
arrow-main,../repos/arrow-main/cpp/src/arrow/filesystem/test_util.h,"(55, 3)-(55, 23)",b'~GatedMockFilesystem() override'
arrow-main,../repos/arrow-main/cpp/src/arrow/filesystem/azurefs.h,"(124, 3)-(124, 16)",b'~AzureOptions()'
arrow-main,../repos/arrow-main/cpp/src/arrow/filesystem/s3_test_util.cc,"(83, 18)-(83, 34)",b'MinioTestServer::~MinioTestServer'
arrow-main,../repos/arrow-main/cpp/src/arrow/filesystem/s3_test_util.cc,"(161, 23)-(161, 44)",b'MinioTestEnvironment::~MinioTestEnvironment'
arrow-main,../repos/arrow-main/cpp/src/arrow/filesystem/hdfs.cc,"(51, 3)-(51, 8)",b'~Impl()'
arrow-main,../repos/arrow-main/cpp/src/arrow/filesystem/hdfs.cc,"(450, 19)-(450, 36)",b'HadoopFileSystem::~HadoopFileSystem'
arrow-main,../repos/arrow-main/cpp/src/arrow/filesystem/path_util.cc,"(383, 10)-(383, 18)",b'Globber::~Globber'
arrow-main,../repos/arrow-main/cpp/src/arrow/scalar.h,"(644, 3)-(644, 23)",b'~RunEndEncodedScalar() override'
arrow-main,../repos/arrow-main/cpp/src/arrow/ipc/reader.cc,"(2082, 16)-(2082, 30)",b'StreamDecoder::~StreamDecoder'
arrow-main,../repos/arrow-main/cpp/src/arrow/ipc/dictionary.h,"(74, 3)-(74, 25)",b'~DictionaryFieldMapper()'
arrow-main,../repos/arrow-main/cpp/src/arrow/ipc/dictionary.h,"(110, 3)-(110, 18)",b'~DictionaryMemo()'
arrow-main,../repos/arrow-main/cpp/src/arrow/ipc/dictionary.cc,"(131, 24)-(131, 46)",b'DictionaryFieldMapper::~DictionaryFieldMapper'
arrow-main,../repos/arrow-main/cpp/src/arrow/ipc/dictionary.cc,"(218, 17)-(218, 32)",b'DictionaryMemo::~DictionaryMemo'
arrow-main,../repos/arrow-main/cpp/src/arrow/ipc/reader.h,"(321, 11)-(321, 27)",b'~CollectListener()'
arrow-main,../repos/arrow-main/cpp/src/arrow/ipc/reader.h,"(403, 11)-(403, 25)",b'~StreamDecoder()'
arrow-main,../repos/arrow-main/cpp/src/arrow/ipc/message.h,"(54, 3)-(54, 11)",b'~Message()'
arrow-main,../repos/arrow-main/cpp/src/arrow/ipc/message.h,"(220, 11)-(220, 40)",b'~AssignMessageDecoderListener()'
arrow-main,../repos/arrow-main/cpp/src/arrow/ipc/message.h,"(292, 11)-(292, 26)",b'~MessageDecoder()'
arrow-main,../repos/arrow-main/cpp/src/arrow/ipc/writer.cc,"(144, 11)-(144, 33)",b'~RecordBatchSerializer()'
arrow-main,../repos/arrow-main/cpp/src/arrow/ipc/writer.cc,"(947, 3)-(947, 26)",b'~SparseTensorSerializer()'
arrow-main,../repos/arrow-main/cpp/src/arrow/ipc/writer.cc,"(1113, 20)-(1113, 38)",b'RecordBatchWriter::~RecordBatchWriter'
arrow-main,../repos/arrow-main/cpp/src/arrow/ipc/writer.cc,"(1151, 19)-(1151, 36)",b'IpcPayloadWriter::~IpcPayloadWriter'
arrow-main,../repos/arrow-main/cpp/src/arrow/ipc/writer.cc,"(1397, 3)-(1397, 23)",b'~PayloadStreamWriter() override'
arrow-main,../repos/arrow-main/cpp/src/arrow/ipc/writer.cc,"(1429, 3)-(1429, 21)",b'~PayloadFileWriter() override'
arrow-main,../repos/arrow-main/cpp/src/arrow/ipc/message.cc,"(136, 10)-(136, 18)",b'Message::~Message'
arrow-main,../repos/arrow-main/cpp/src/arrow/ipc/message.cc,"(974, 17)-(974, 32)",b'MessageDecoder::~MessageDecoder'
arrow-main,../repos/arrow-main/cpp/src/arrow/ipc/message.cc,"(1005, 3)-(1005, 28)",b'~InputStreamMessageReader()'
arrow-main,../repos/arrow-main/cpp/src/arrow/ipc/json_simple.cc,"(95, 11)-(95, 21)",b'~Converter()'
arrow-main,../repos/arrow-main/cpp/src/arrow/type.cc,"(292, 8)-(292, 14)",b'Field::~Field'
arrow-main,../repos/arrow-main/cpp/src/arrow/type.cc,"(889, 11)-(889, 20)",b'DataType::~DataType'
arrow-main,../repos/arrow-main/cpp/src/arrow/type.cc,"(947, 17)-(947, 32)",b'FixedWidthType::~FixedWidthType'
arrow-main,../repos/arrow-main/cpp/src/arrow/type.cc,"(949, 17)-(949, 32)",b'PrimitiveCType::~PrimitiveCType'
arrow-main,../repos/arrow-main/cpp/src/arrow/type.cc,"(951, 13)-(951, 24)",b'NumberType::~NumberType'
arrow-main,../repos/arrow-main/cpp/src/arrow/type.cc,"(953, 14)-(953, 26)",b'IntegerType::~IntegerType'
arrow-main,../repos/arrow-main/cpp/src/arrow/type.cc,"(955, 20)-(955, 38)",b'FloatingPointType::~FloatingPointType'
arrow-main,../repos/arrow-main/cpp/src/arrow/type.cc,"(981, 13)-(981, 24)",b'NestedType::~NestedType'
arrow-main,../repos/arrow-main/cpp/src/arrow/type.cc,"(983, 17)-(983, 32)",b'BaseBinaryType::~BaseBinaryType'
arrow-main,../repos/arrow-main/cpp/src/arrow/type.cc,"(985, 15)-(985, 28)",b'BaseListType::~BaseListType'
arrow-main,../repos/arrow-main/cpp/src/arrow/type.cc,"(1114, 15)-(1114, 28)",b'TemporalType::~TemporalType'
arrow-main,../repos/arrow-main/cpp/src/arrow/type.cc,"(1292, 20)-(1292, 38)",b'RunEndEncodedType::~RunEndEncodedType'
arrow-main,../repos/arrow-main/cpp/src/arrow/type.cc,"(1351, 13)-(1351, 24)",b'StructType::~StructType'
arrow-main,../repos/arrow-main/cpp/src/arrow/type.cc,"(2243, 9)-(2243, 16)",b'Schema::~Schema'
arrow-main,../repos/arrow-main/cpp/src/arrow/type.cc,"(2555, 16)-(2555, 30)",b'SchemaBuilder::~SchemaBuilder'
arrow-main,../repos/arrow-main/cpp/src/arrow/type.cc,"(2662, 18)-(2662, 34)",b'Fingerprintable::~Fingerprintable'
arrow-main,../repos/arrow-main/cpp/src/arrow/json/object_writer.h,"(34, 3)-(34, 16)",b'~ObjectWriter()'
arrow-main,../repos/arrow-main/cpp/src/arrow/json/object_parser.cc,"(89, 15)-(89, 28)",b'ObjectParser::~ObjectParser'
arrow-main,../repos/arrow-main/cpp/src/arrow/json/reader_test.cc,"(439, 11)-(439, 35)",b'~StreamingReaderTestBase()'
arrow-main,../repos/arrow-main/cpp/src/arrow/json/object_writer.cc,"(67, 15)-(67, 28)",b'ObjectWriter::~ObjectWriter'
arrow-main,../repos/arrow-main/cpp/src/arrow/json/object_parser.h,"(36, 3)-(36, 16)",b'~ObjectParser()'
arrow-main,../repos/arrow-main/cpp/src/arrow/vendored/ProducerConsumerQueue.h,"(91, 3)-(91, 25)",b'~ProducerConsumerQueue()'
arrow-main,../repos/arrow-main/cpp/src/arrow/vendored/ProducerConsumerQueue.h,"(99, 29)-(99, 31)",b'records_[readIndex].~T'
arrow-main,../repos/arrow-main/cpp/src/arrow/vendored/ProducerConsumerQueue.h,"(139, 27)-(139, 29)",b'records_[currentRead].~T'
arrow-main,../repos/arrow-main/cpp/src/arrow/vendored/ProducerConsumerQueue.h,"(164, 27)-(164, 29)",b'records_[currentRead].~T'
arrow-main,../repos/arrow-main/cpp/src/arrow/vendored/double-conversion/utils.h,"(304, 3)-(304, 17)",b'~StringBuilder()'
arrow-main,../repos/arrow-main/cpp/src/arrow/vendored/datetime/tz_private.h,"(238, 9)-(238, 11)",b'~U()'
arrow-main,../repos/arrow-main/cpp/src/arrow/vendored/datetime/tz_private.h,"(255, 5)-(255, 13)",b'~zonelet()'
arrow-main,../repos/arrow-main/cpp/src/arrow/vendored/datetime/tz.h,"(1220, 5)-(1220, 15)",b'~tzdb_list()'
arrow-main,../repos/arrow-main/cpp/src/arrow/vendored/datetime/date.h,"(1033, 5)-(1033, 18)",b'~save_istream()'
arrow-main,../repos/arrow-main/cpp/src/arrow/vendored/datetime/date.h,"(1065, 5)-(1065, 18)",b'~save_ostream()'
arrow-main,../repos/arrow-main/cpp/src/arrow/vendored/datetime/tz.cpp,"(335, 5)-(335, 20)",b'~file_streambuf()'
arrow-main,../repos/arrow-main/cpp/src/arrow/vendored/datetime/tz.cpp,"(528, 12)-(528, 22)",b'tzdb_list::~tzdb_list'
arrow-main,../repos/arrow-main/cpp/src/arrow/vendored/datetime/tz.cpp,"(1784, 18)-(1784, 26)",b'zonelet::~zonelet'
arrow-main,../repos/arrow-main/cpp/src/arrow/vendored/datetime/tz.cpp,"(1790, 17)-(1790, 25)",b'u.save_.~minutes'
arrow-main,../repos/arrow-main/cpp/src/arrow/vendored/datetime/tz.cpp,"(1792, 17)-(1792, 24)",b'u.rule_.~string'
arrow-main,../repos/arrow-main/cpp/src/arrow/vendored/datetime/tz.cpp,"(2470, 31)-(2470, 38)",b'z.u.rule_.~string'
arrow-main,../repos/arrow-main/cpp/src/arrow/vendored/datetime/tz.cpp,"(2966, 5)-(2966, 34)",b'~curl_global_init_and_cleanup()'
arrow-main,../repos/arrow-main/cpp/src/arrow/result_test.cc,"(88, 3)-(88, 20)",b'~MoveOnlyDataType()'
arrow-main,../repos/arrow-main/cpp/src/arrow/result_test.cc,"(137, 3)-(137, 23)",b'~HeapAllocatedObject()'
arrow-main,../repos/arrow-main/cpp/src/arrow/util/cancel.cc,"(55, 13)-(55, 24)",b'StopSource::~StopSource'
arrow-main,../repos/arrow-main/cpp/src/arrow/util/cancel.cc,"(176, 3)-(176, 19)",b'~SignalStopState()'
arrow-main,../repos/arrow-main/cpp/src/arrow/util/functional.h,"(145, 13)-(145, 18)",b'~Impl()'
arrow-main,../repos/arrow-main/cpp/src/arrow/util/task_group.h,"(96, 11)-(96, 21)",b'~TaskGroup()'
arrow-main,../repos/arrow-main/cpp/src/arrow/util/logging.h,"(179, 3)-(179, 12)",b'~ArrowLog() override'
arrow-main,../repos/arrow-main/cpp/src/arrow/util/compression.h,"(117, 11)-(117, 24)",b'~CodecOptions()'
arrow-main,../repos/arrow-main/cpp/src/arrow/util/async_util.cc,"(41, 3)-(41, 16)",b'~ThrottleImpl()'
arrow-main,../repos/arrow-main/cpp/src/arrow/util/async_util.cc,"(159, 3)-(159, 26)",b'~AsyncTaskSchedulerImpl()'
arrow-main,../repos/arrow-main/cpp/src/arrow/util/async_util.cc,"(295, 3)-(295, 35)",b'~ThrottledAsyncTaskSchedulerImpl()'
arrow-main,../repos/arrow-main/cpp/src/arrow/util/async_util.cc,"(409, 3)-(409, 22)",b'~AsyncTaskGroupImpl()'
arrow-main,../repos/arrow-main/cpp/src/arrow/util/logging.cc,"(66, 11)-(66, 19)",b'~CerrLog()'
arrow-main,../repos/arrow-main/cpp/src/arrow/util/logging.cc,"(249, 11)-(249, 20)",b'ArrowLog::~ArrowLog'
arrow-main,../repos/arrow-main/cpp/src/arrow/util/thread_pool.h,"(80, 11)-(80, 20)",b'~Executor()'
arrow-main,../repos/arrow-main/cpp/src/arrow/util/thread_pool.h,"(279, 3)-(279, 18)",b'~SerialExecutor() override'
arrow-main,../repos/arrow-main/cpp/src/arrow/util/thread_pool.h,"(327, 7)-(327, 22)",b'~SerialIterator()'
arrow-main,../repos/arrow-main/cpp/src/arrow/util/thread_pool.h,"(456, 3)-(456, 14)",b'~ThreadPool() override'
arrow-main,../repos/arrow-main/cpp/src/arrow/util/thread_pool.h,"(534, 3)-(534, 14)",b'~ThreadPool() override'
arrow-main,../repos/arrow-main/cpp/src/arrow/util/async_generator.h,"(1730, 5)-(1730, 13)",b'~Cleanup()'
arrow-main,../repos/arrow-main/cpp/src/arrow/util/small_vector.h,"(53, 3)-(53, 27)",b'~StaticVectorStorageBase() noexcept'
arrow-main,../repos/arrow-main/cpp/src/arrow/util/small_vector.h,"(121, 3)-(121, 22)",b'~SmallVectorStorage()'
arrow-main,../repos/arrow-main/cpp/src/arrow/util/io_util.h,"(55, 3)-(55, 20)",b'~PlatformFilename()'
arrow-main,../repos/arrow-main/cpp/src/arrow/util/io_util.h,"(141, 3)-(141, 18)",b'~FileDescriptor()'
arrow-main,../repos/arrow-main/cpp/src/arrow/util/io_util.h,"(209, 11)-(209, 20)",b'~SelfPipe()'
arrow-main,../repos/arrow-main/cpp/src/arrow/util/future_test.cc,"(1334, 3)-(1334, 24)",b'~MoveTrackingCallable()'
arrow-main,../repos/arrow-main/cpp/src/arrow/util/compression_bz2.cc,"(96, 3)-(96, 19)",b'~BZ2Decompressor() override'
arrow-main,../repos/arrow-main/cpp/src/arrow/util/compression_bz2.cc,"(159, 3)-(159, 17)",b'~BZ2Compressor() override'
arrow-main,../repos/arrow-main/cpp/src/arrow/util/formatting.cc,"(69, 25)-(69, 48)",b'FloatToStringFormatter::~FloatToStringFormatter'
arrow-main,../repos/arrow-main/cpp/src/arrow/util/uri.cc,"(116, 3)-(116, 8)",b'~Impl()'
arrow-main,../repos/arrow-main/cpp/src/arrow/util/uri.cc,"(144, 6)-(144, 10)",b'Uri::~Uri'
arrow-main,../repos/arrow-main/cpp/src/arrow/util/string_builder.cc,"(31, 22)-(31, 42)",b'StringStreamWrapper::~StringStreamWrapper'
arrow-main,../repos/arrow-main/cpp/src/arrow/util/bit_util_test.cc,"(1272, 11)-(1272, 27)",b'~BitmapOperation()'
arrow-main,../repos/arrow-main/cpp/src/arrow/util/async_util.h,"(80, 13)-(80, 18)",b'~Task()'
arrow-main,../repos/arrow-main/cpp/src/arrow/util/async_util.h,"(233, 13)-(233, 22)",b'~Throttle()'
arrow-main,../repos/arrow-main/cpp/src/arrow/util/range_test.cc,"(107, 5)-(107, 13)",b'~Counted()'
arrow-main,../repos/arrow-main/cpp/src/arrow/util/checked_cast_test.cc,"(30, 11)-(30, 15)",b'~Foo()'
arrow-main,../repos/arrow-main/cpp/src/arrow/util/tdigest.cc,"(362, 10)-(362, 18)",b'TDigest::~TDigest'
arrow-main,../repos/arrow-main/cpp/src/arrow/util/counting_semaphore.cc,"(112, 20)-(112, 38)",b'CountingSemaphore::~CountingSemaphore'
arrow-main,../repos/arrow-main/cpp/src/arrow/util/compression_lz4.cc,"(71, 3)-(71, 19)",b'~LZ4Decompressor() override'
arrow-main,../repos/arrow-main/cpp/src/arrow/util/compression_lz4.cc,"(138, 3)-(138, 17)",b'~LZ4Compressor() override'
arrow-main,../repos/arrow-main/cpp/src/arrow/util/cancel.h,"(40, 3)-(40, 14)",b'~StopSource()'
arrow-main,../repos/arrow-main/cpp/src/arrow/util/async_generator_test.cc,"(171, 3)-(171, 25)",b'~ReentrantCheckerGuard()'
arrow-main,../repos/arrow-main/cpp/src/arrow/util/async_generator_test.cc,"(192, 3)-(192, 24)",b'~GeneratorTestFixture() override'
arrow-main,../repos/arrow-main/cpp/src/arrow/util/async_generator_test.cc,"(231, 11)-(231, 33)",b'~ManualIteratorControl()'
arrow-main,../repos/arrow-main/cpp/src/arrow/util/async_generator_test.cc,"(240, 11)-(240, 24)",b'~PushIterator()'
arrow-main,../repos/arrow-main/cpp/src/arrow/util/tdigest.h,"(42, 3)-(42, 11)",b'~TDigest()'
arrow-main,../repos/arrow-main/cpp/src/arrow/util/converter.h,"(46, 11)-(46, 21)",b'~Converter()'
arrow-main,../repos/arrow-main/cpp/src/arrow/util/basic_decimal.cc,"(1025, 27)-(1025, 31)",b'~arr[0]'
arrow-main,../repos/arrow-main/cpp/src/arrow/util/future.h,"(261, 11)-(261, 22)",b'~FutureImpl()'
arrow-main,../repos/arrow-main/cpp/src/arrow/util/compression_zlib.cc,"(102, 3)-(102, 20)",b'~GZipDecompressor() override'
arrow-main,../repos/arrow-main/cpp/src/arrow/util/compression_zlib.cc,"(186, 3)-(186, 18)",b'~GZipCompressor() override'
arrow-main,../repos/arrow-main/cpp/src/arrow/util/compression_zlib.cc,"(322, 3)-(322, 13)",b'~GZipCodec() override'
arrow-main,../repos/arrow-main/cpp/src/arrow/util/tracing_internal.h,"(111, 3)-(111, 12)",b'~SpanImpl() override'
arrow-main,../repos/arrow-main/cpp/src/arrow/util/tracing_internal.h,"(223, 20)-(223, 26)",b'~Scope()'
arrow-main,../repos/arrow-main/cpp/src/arrow/util/compression_zstd.cc,"(50, 3)-(50, 20)",b'~ZSTDDecompressor() override'
arrow-main,../repos/arrow-main/cpp/src/arrow/util/compression_zstd.cc,"(102, 3)-(102, 18)",b'~ZSTDCompressor() override'
arrow-main,../repos/arrow-main/cpp/src/arrow/util/delimiting.cc,"(24, 17)-(24, 32)",b'BoundaryFinder::~BoundaryFinder'
arrow-main,../repos/arrow-main/cpp/src/arrow/util/delimiting.cc,"(103, 10)-(103, 18)",b'Chunker::~Chunker'
arrow-main,../repos/arrow-main/cpp/src/arrow/util/tracing_internal.cc,"(173, 3)-(173, 12)",b'~FlushLog()'
arrow-main,../repos/arrow-main/cpp/src/arrow/util/compare.h,"(33, 3)-(33, 22)",b'~EqualityComparable()'
arrow-main,../repos/arrow-main/cpp/src/arrow/util/hashing.h,"(392, 11)-(392, 21)",b'~MemoTable()'
arrow-main,../repos/arrow-main/cpp/src/arrow/util/counting_semaphore.h,"(37, 3)-(37, 21)",b'~CountingSemaphore()'
arrow-main,../repos/arrow-main/cpp/src/arrow/util/benchmark_util.h,"(77, 3)-(77, 20)",b'~GenericItemsArgs()'
arrow-main,../repos/arrow-main/cpp/src/arrow/util/benchmark_util.h,"(127, 3)-(127, 18)",b'~RegressionArgs()'
arrow-main,../repos/arrow-main/cpp/src/arrow/util/io_util.cc,"(534, 19)-(534, 36)",b'PlatformFilename::~PlatformFilename'
arrow-main,../repos/arrow-main/cpp/src/arrow/util/io_util.cc,"(1014, 17)-(1014, 32)",b'FileDescriptor::~FileDescriptor'
arrow-main,../repos/arrow-main/cpp/src/arrow/util/io_util.cc,"(1316, 3)-(1316, 16)",b'~SelfPipeImpl()'
arrow-main,../repos/arrow-main/cpp/src/arrow/util/io_util.cc,"(1378, 11)-(1378, 20)",b'SelfPipe::~SelfPipe'
arrow-main,../repos/arrow-main/cpp/src/arrow/util/io_util.cc,"(1968, 15)-(1968, 28)",b'TemporaryDir::~TemporaryDir'
arrow-main,../repos/arrow-main/cpp/src/arrow/util/thread_pool.cc,"(40, 11)-(40, 20)",b'Executor::~Executor'
arrow-main,../repos/arrow-main/cpp/src/arrow/util/thread_pool.cc,"(107, 17)-(107, 32)",b'SerialExecutor::~SerialExecutor'
arrow-main,../repos/arrow-main/cpp/src/arrow/util/thread_pool.cc,"(534, 13)-(534, 24)",b'ThreadPool::~ThreadPool'
arrow-main,../repos/arrow-main/cpp/src/arrow/util/thread_pool.cc,"(774, 13)-(774, 24)",b'ThreadPool::~ThreadPool'
arrow-main,../repos/arrow-main/cpp/src/arrow/util/string_builder.h,"(35, 3)-(35, 23)",b'~StringStreamWrapper()'
arrow-main,../repos/arrow-main/cpp/src/arrow/util/string_builder.h,"(69, 3)-(69, 23)",b'~ToStringOstreamable()'
arrow-main,../repos/arrow-main/cpp/src/arrow/util/aligned_storage.h,"(46, 14)-(46, 16)",b'get()->~T'
arrow-main,../repos/arrow-main/cpp/src/arrow/util/delimiting.h,"(36, 11)-(36, 26)",b'~BoundaryFinder()'
arrow-main,../repos/arrow-main/cpp/src/arrow/util/delimiting.h,"(86, 3)-(86, 11)",b'~Chunker()'
arrow-main,../repos/arrow-main/cpp/src/arrow/util/uri.h,"(37, 3)-(37, 7)",b'~Uri()'
arrow-main,../repos/arrow-main/cpp/src/arrow/util/cpu_info.cc,"(542, 10)-(542, 18)",b'CpuInfo::~CpuInfo'
arrow-main,../repos/arrow-main/cpp/src/arrow/util/async_util_test.cc,"(170, 7)-(170, 14)",b'~MyTask()'
arrow-main,../repos/arrow-main/cpp/src/arrow/util/async_util_test.cc,"(213, 5)-(213, 25)",b'~DestroyTrackingTask() override'
arrow-main,../repos/arrow-main/cpp/src/arrow/util/task_group.cc,"(86, 3)-(86, 21)",b'~ThreadedTaskGroup() override'
arrow-main,../repos/arrow-main/cpp/src/arrow/util/compression_brotli.cc,"(41, 3)-(41, 22)",b'~BrotliDecompressor() override'
arrow-main,../repos/arrow-main/cpp/src/arrow/util/compression_brotli.cc,"(98, 3)-(98, 20)",b'~BrotliCompressor() override'
arrow-main,../repos/arrow-main/cpp/src/arrow/record_batch.h,"(243, 11)-(243, 29)",b'~RecordBatchReader()'
arrow-main,../repos/arrow-main/cpp/src/arrow/flight/server.cc,"(81, 3)-(81, 23)",b'~ServerSignalHandler()'
arrow-main,../repos/arrow-main/cpp/src/arrow/flight/server.cc,"(147, 22)-(147, 42)",b'FlightServerOptions::~FlightServerOptions'
arrow-main,../repos/arrow-main/cpp/src/arrow/flight/server.cc,"(151, 19)-(151, 36)",b'FlightServerBase::~FlightServerBase'
arrow-main,../repos/arrow-main/cpp/src/arrow/flight/server.cc,"(352, 23)-(352, 44)",b'FlightMetadataWriter::~FlightMetadataWriter'
arrow-main,../repos/arrow-main/cpp/src/arrow/flight/server.cc,"(354, 19)-(354, 36)",b'FlightDataStream::~FlightDataStream'
arrow-main,../repos/arrow-main/cpp/src/arrow/flight/server.cc,"(362, 20)-(362, 38)",b'RecordBatchStream::~RecordBatchStream'
arrow-main,../repos/arrow-main/cpp/src/arrow/flight/server_auth.cc,"(23, 20)-(23, 38)",b'ServerAuthHandler::~ServerAuthHandler'
arrow-main,../repos/arrow-main/cpp/src/arrow/flight/server_auth.cc,"(25, 18)-(25, 34)",b'NoOpAuthHandler::~NoOpAuthHandler'
arrow-main,../repos/arrow-main/cpp/src/arrow/flight/test_util.cc,"(708, 24)-(708, 46)",b'TestServerAuthHandler::~TestServerAuthHandler'
arrow-main,../repos/arrow-main/cpp/src/arrow/flight/test_util.cc,"(738, 29)-(738, 56)",b'TestServerBasicAuthHandler::~TestServerBasicA...'
arrow-main,../repos/arrow-main/cpp/src/arrow/flight/test_util.cc,"(768, 24)-(768, 46)",b'TestClientAuthHandler::~TestClientAuthHandler'
arrow-main,../repos/arrow-main/cpp/src/arrow/flight/test_util.cc,"(792, 29)-(792, 56)",b'TestClientBasicAuthHandler::~TestClientBasicA...'
arrow-main,../repos/arrow-main/cpp/src/arrow/flight/transport.cc,"(160, 20)-(160, 38)",b'TransportRegistry::~TransportRegistry'
arrow-main,../repos/arrow-main/cpp/src/arrow/flight/transport/grpc/grpc_server.cc,"(176, 3)-(176, 24)",b'~GrpcAddServerHeaders() override'
arrow-main,../repos/arrow-main/cpp/src/arrow/flight/transport/grpc/grpc_client.cc,"(101, 3)-(101, 24)",b'~GrpcAddClientHeaders() override'
arrow-main,../repos/arrow-main/cpp/src/arrow/flight/transport/grpc/grpc_client.cc,"(502, 3)-(502, 20)",b'~GrpcResultStream() override'
arrow-main,../repos/arrow-main/cpp/src/arrow/flight/transport/grpc/grpc_client.cc,"(563, 3)-(563, 16)",b'~FinishedFlag()'
arrow-main,../repos/arrow-main/cpp/src/arrow/flight/transport/grpc/serialization_internal.cc,"(93, 3)-(93, 14)",b'~GrpcBuffer() override'
arrow-main,../repos/arrow-main/cpp/src/arrow/flight/transport/ucx/ucx_internal.cc,"(112, 3)-(112, 17)",b'~UcxDataBuffer()'
arrow-main,../repos/arrow-main/cpp/src/arrow/flight/transport/ucx/ucx_internal.cc,"(444, 3)-(444, 8)",b'~Impl()'
arrow-main,../repos/arrow-main/cpp/src/arrow/flight/transport/ucx/ucx_internal.cc,"(823, 13)-(823, 27)",b'~PendingAmSend()'
arrow-main,../repos/arrow-main/cpp/src/arrow/flight/transport/ucx/ucx_internal.cc,"(834, 13)-(834, 31)",b'~PendingContigSend()'
arrow-main,../repos/arrow-main/cpp/src/arrow/flight/transport/ucx/ucx_internal.cc,"(846, 13)-(846, 28)",b'~PendingIovSend()'
arrow-main,../repos/arrow-main/cpp/src/arrow/flight/transport/ucx/ucx_internal.cc,"(862, 5)-(862, 19)",b'~PendingAmRecv()'
arrow-main,../repos/arrow-main/cpp/src/arrow/flight/transport/ucx/ucx_internal.cc,"(1041, 16)-(1041, 30)",b'UcpCallDriver::~UcpCallDriver'
arrow-main,../repos/arrow-main/cpp/src/arrow/flight/transport/ucx/ucx_client.cc,"(78, 3)-(78, 20)",b'~ClientConnection()'
arrow-main,../repos/arrow-main/cpp/src/arrow/flight/transport/ucx/ucx_client.cc,"(518, 3)-(518, 17)",b'~UcxClientImpl() override'
arrow-main,../repos/arrow-main/cpp/src/arrow/flight/transport/ucx/ucx_internal.h,"(81, 3)-(81, 14)",b'~UcpContext()'
arrow-main,../repos/arrow-main/cpp/src/arrow/flight/transport/ucx/ucx_internal.h,"(100, 3)-(100, 13)",b'~UcpWorker()'
arrow-main,../repos/arrow-main/cpp/src/arrow/flight/transport/ucx/ucx_internal.h,"(296, 3)-(296, 17)",b'~UcpCallDriver()'
arrow-main,../repos/arrow-main/cpp/src/arrow/flight/transport/ucx/ucx_server.cc,"(195, 11)-(195, 25)",b'~UcxServerImpl()'
arrow-main,../repos/arrow-main/cpp/src/arrow/flight/server.h,"(72, 3)-(72, 21)",b'~RecordBatchStream() override'
arrow-main,../repos/arrow-main/cpp/src/arrow/flight/server.h,"(149, 3)-(149, 23)",b'~FlightServerOptions()'
arrow-main,../repos/arrow-main/cpp/src/arrow/flight/server.h,"(189, 11)-(189, 28)",b'~FlightServerBase()'
arrow-main,../repos/arrow-main/cpp/src/arrow/flight/types.cc,"(1050, 20)-(1050, 38)",b'AsyncListenerBase::~AsyncListenerBase'
arrow-main,../repos/arrow-main/cpp/src/arrow/flight/sql/example/sqlite_server.h,"(61, 3)-(61, 25)",b'~SQLiteFlightSqlServer() override'
arrow-main,../repos/arrow-main/cpp/src/arrow/flight/sql/example/sqlite_statement.cc,"(147, 18)-(147, 34)",b'SqliteStatement::~SqliteStatement'
arrow-main,../repos/arrow-main/cpp/src/arrow/flight/sql/example/sqlite_statement.h,"(49, 3)-(49, 19)",b'~SqliteStatement()'
arrow-main,../repos/arrow-main/cpp/src/arrow/flight/sql/example/sqlite_server.cc,"(271, 3)-(271, 8)",b'~Impl()'
arrow-main,../repos/arrow-main/cpp/src/arrow/flight/sql/client.h,"(56, 11)-(56, 27)",b'~FlightSqlClient()'
arrow-main,../repos/arrow-main/cpp/src/arrow/flight/sql/client.h,"(398, 3)-(398, 21)",b'~PreparedStatement()'
arrow-main,../repos/arrow-main/cpp/src/arrow/flight/sql/client.cc,"(149, 20)-(149, 38)",b'PreparedStatement::~PreparedStatement'
arrow-main,../repos/arrow-main/cpp/src/arrow/flight/transport_server.h,"(61, 11)-(61, 27)",b'~ServerTransport()'
arrow-main,../repos/arrow-main/cpp/src/arrow/flight/client.cc,"(285, 23)-(285, 44)",b'FlightMetadataReader::~FlightMetadataReader'
arrow-main,../repos/arrow-main/cpp/src/arrow/flight/client.cc,"(406, 3)-(406, 22)",b'~ClientStreamWriter()'
arrow-main,../repos/arrow-main/cpp/src/arrow/flight/client.cc,"(542, 15)-(542, 28)",b'FlightClient::~FlightClient'
arrow-main,../repos/arrow-main/cpp/src/arrow/flight/test_util.h,"(206, 3)-(206, 25)",b'~TestServerAuthHandler() override'
arrow-main,../repos/arrow-main/cpp/src/arrow/flight/test_util.h,"(221, 3)-(221, 30)",b'~TestServerBasicAuthHandler() override'
arrow-main,../repos/arrow-main/cpp/src/arrow/flight/test_util.h,"(235, 3)-(235, 25)",b'~TestClientAuthHandler() override'
arrow-main,../repos/arrow-main/cpp/src/arrow/flight/test_util.h,"(248, 3)-(248, 30)",b'~TestClientBasicAuthHandler() override'
arrow-main,../repos/arrow-main/cpp/src/arrow/flight/types_async.h,"(39, 11)-(39, 29)",b'~AsyncListenerBase()'
arrow-main,../repos/arrow-main/cpp/src/arrow/flight/client_tracing_middleware.cc,"(58, 11)-(58, 35)",b'~TracingClientMiddleware()'
arrow-main,../repos/arrow-main/cpp/src/arrow/flight/client_tracing_middleware.cc,"(77, 11)-(77, 42)",b'~TracingClientMiddlewareFactory()'
arrow-main,../repos/arrow-main/cpp/src/arrow/flight/client_tracing_middleware.cc,"(91, 11)-(91, 42)",b'~TracingClientMiddlewareFactory()'
arrow-main,../repos/arrow-main/cpp/src/arrow/flight/transport.h,"(223, 3)-(223, 21)",b'~TransportRegistry()'
arrow-main,../repos/arrow-main/cpp/src/arrow/flight/server_tracing_middleware.cc,"(125, 11)-(125, 42)",b'~TracingServerMiddlewareFactory()'
arrow-main,../repos/arrow-main/cpp/src/arrow/flight/server_tracing_middleware.cc,"(170, 11)-(170, 42)",b'~TracingServerMiddlewareFactory()'
arrow-main,../repos/arrow-main/cpp/src/arrow/flight/server_tracing_middleware.cc,"(184, 26)-(184, 50)",b'TracingServerMiddleware::~TracingServerMiddleware'
arrow-main,../repos/arrow-main/cpp/src/arrow/flight/flight_internals_test.cc,"(484, 5)-(484, 21)",b'~TestCallHeaders()'
arrow-main,../repos/arrow-main/cpp/src/arrow/testing/gtest_util.cc,"(638, 3)-(638, 8)",b'~Impl()'
arrow-main,../repos/arrow-main/cpp/src/arrow/testing/gtest_util.cc,"(646, 14)-(646, 26)",b'LocaleGuard::~LocaleGuard'
arrow-main,../repos/arrow-main/cpp/src/arrow/testing/gtest_util.cc,"(660, 14)-(660, 26)",b'EnvVarGuard::~EnvVarGuard'
arrow-main,../repos/arrow-main/cpp/src/arrow/testing/gtest_util.cc,"(675, 3)-(675, 8)",b'~Impl()'
arrow-main,../repos/arrow-main/cpp/src/arrow/testing/gtest_util.cc,"(684, 21)-(684, 40)",b'SignalHandlerGuard::~SignalHandlerGuard'
arrow-main,../repos/arrow-main/cpp/src/arrow/testing/extension_type.h,"(202, 3)-(202, 22)",b'~ExtensionTypeGuard()'
arrow-main,../repos/arrow-main/cpp/src/arrow/testing/gtest_util.h,"(411, 3)-(411, 15)",b'~LocaleGuard()'
arrow-main,../repos/arrow-main/cpp/src/arrow/testing/gtest_util.h,"(421, 3)-(421, 15)",b'~EnvVarGuard()'
arrow-main,../repos/arrow-main/cpp/src/arrow/testing/gtest_util.h,"(439, 3)-(439, 22)",b'~SignalHandlerGuard()'
arrow-main,../repos/arrow-main/cpp/src/arrow/testing/gtest_util.h,"(484, 3)-(484, 20)",b'~MoveOnlyDataType()'
arrow-main,../repos/arrow-main/cpp/src/arrow/testing/gtest_util.h,"(524, 3)-(524, 14)",b'~GatingTask()'
arrow-main,../repos/arrow-main/cpp/src/arrow/csv/reader.cc,"(1045, 3)-(1045, 28)",b'~AsyncThreadedTableReader() override'
arrow-main,../repos/arrow-main/cpp/src/arrow/csv/parser.h,"(167, 3)-(167, 15)",b'~BlockParser()'
arrow-main,../repos/arrow-main/cpp/src/arrow/csv/converter.h,"(38, 11)-(38, 21)",b'~Converter()'
arrow-main,../repos/arrow-main/cpp/src/arrow/csv/writer.cc,"(122, 11)-(122, 27)",b'~ColumnPopulator()'
arrow-main,../repos/arrow-main/cpp/src/arrow/csv/reader_test.cc,"(49, 11)-(49, 40)",b'~StreamingReaderAsTableReader()'
arrow-main,../repos/arrow-main/cpp/src/arrow/csv/parser.cc,"(652, 14)-(652, 26)",b'BlockParser::~BlockParser'
arrow-main,../repos/arrow-main/cpp/src/arrow/csv/column_decoder_test.cc,"(53, 3)-(53, 16)",b'~ThreadJoiner()'
arrow-main,../repos/arrow-main/cpp/src/arrow/engine/substrait/ext_test.cc,"(61, 11)-(61, 46)",b'~DefaultExtensionIdRegistryProvider()'
arrow-main,../repos/arrow-main/cpp/src/arrow/engine/substrait/ext_test.cc,"(66, 11)-(66, 45)",b'~NestedExtensionIdRegistryProvider()'
arrow-main,../repos/arrow-main/cpp/src/arrow/engine/substrait/extension_set.cc,"(375, 11)-(375, 35)",b'~ExtensionIdRegistryImpl()'
arrow-main,../repos/arrow-main/cpp/src/arrow/result.h,"(117, 3)-(117, 10)",b'~Result() noexcept'
arrow-main,../repos/arrow-main/cpp/src/arrow/tensor.h,"(104, 11)-(104, 18)",b'~Tensor()'
arrow-main,../repos/arrow-main/cpp/src/arrow/compute/function.cc,"(195, 11)-(195, 32)",b'~FunctionExecutorImpl()'
arrow-main,../repos/arrow-main/cpp/src/arrow/compute/function.h,"(170, 11)-(170, 20)",b'~Function()'
arrow-main,../repos/arrow-main/cpp/src/arrow/compute/kernel.h,"(55, 11)-(55, 23)",b'~KernelState()'
arrow-main,../repos/arrow-main/cpp/src/arrow/compute/kernel.h,"(107, 11)-(107, 23)",b'~TypeMatcher()'
arrow-main,../repos/arrow-main/cpp/src/arrow/compute/kernel.cc,"(280, 3)-(280, 24)",b'~RunEndIntegerMatcher() override'
arrow-main,../repos/arrow-main/cpp/src/arrow/compute/kernel.cc,"(303, 3)-(303, 24)",b'~RunEndEncodedMatcher() override'
arrow-main,../repos/arrow-main/cpp/src/arrow/compute/kernels/vector_sort_benchmark.cc,"(331, 3)-(331, 30)",b'~RecordBatchSortIndicesArgs()'
arrow-main,../repos/arrow-main/cpp/src/arrow/compute/kernels/vector_sort_benchmark.cc,"(357, 3)-(357, 24)",b'~TableSortIndicesArgs()'
arrow-main,../repos/arrow-main/cpp/src/arrow/compute/kernels/scalar_string_ascii.cc,"(147, 11)-(147, 37)",b'~StringBinaryTransformBase()'
arrow-main,../repos/arrow-main/cpp/src/arrow/compute/kernels/vector_selection_internal.cc,"(226, 11)-(226, 21)",b'~Selection()'
arrow-main,../repos/arrow-main/cpp/src/arrow/compute/kernels/vector_run_end_encode.cc,"(37, 3)-(37, 23)",b'~RunEndEncodingState() override'
arrow-main,../repos/arrow-main/cpp/src/arrow/compute/kernels/row_encoder_internal.h,"(39, 11)-(39, 22)",b'~KeyEncoder()'
arrow-main,../repos/arrow-main/cpp/src/arrow/compute/kernels/vector_sort_internal.h,"(588, 11)-(588, 28)",b'~ColumnComparator()'
arrow-main,../repos/arrow-main/cpp/src/arrow/compute/kernels/vector_selection_benchmark.cc,"(91, 3)-(91, 14)",b'~FilterArgs()'
arrow-main,../repos/arrow-main/cpp/src/arrow/compute/kernels/vector_sort.cc,"(229, 11)-(229, 35)",b'~RecordBatchColumnSorter()'
arrow-main,../repos/arrow-main/cpp/src/arrow/compute/kernels/scalar_string_internal.h,"(35, 11)-(35, 31)",b'~StringTransformBase()'
arrow-main,../repos/arrow-main/cpp/src/arrow/compute/kernels/scalar_string_internal.h,"(283, 11)-(283, 33)",b'~StringSplitFinderBase()'
arrow-main,../repos/arrow-main/cpp/src/arrow/compute/kernels/scalar_if_else_benchmark.cc,"(395, 3)-(395, 16)",b'~CoalesceArgs()'
arrow-main,../repos/arrow-main/cpp/src/arrow/compute/registry.cc,"(40, 3)-(40, 24)",b'~FunctionRegistryImpl()'
arrow-main,../repos/arrow-main/cpp/src/arrow/compute/registry.cc,"(223, 19)-(223, 36)",b'FunctionRegistry::~FunctionRegistry'
arrow-main,../repos/arrow-main/cpp/src/arrow/compute/row/grouper.cc,"(598, 3)-(598, 19)",b'~GrouperFastImpl()'
arrow-main,../repos/arrow-main/cpp/src/arrow/compute/light_array.h,"(290, 3)-(290, 22)",b'~ResizableArrayData()'
arrow-main,../repos/arrow-main/cpp/src/arrow/compute/key_map.h,"(44, 3)-(44, 14)",b'~SwissTable()'
arrow-main,../repos/arrow-main/cpp/src/arrow/compute/util.h,"(127, 3)-(127, 20)",b'~TempVectorHolder()'
arrow-main,../repos/arrow-main/cpp/src/arrow/memory_pool.cc,"(456, 3)-(456, 22)",b'~BaseMemoryPoolImpl() override'
arrow-main,../repos/arrow-main/cpp/src/arrow/memory_pool.cc,"(592, 3)-(592, 15)",b'~GlobalState()'
arrow-main,../repos/arrow-main/cpp/src/arrow/memory_pool.cc,"(799, 18)-(799, 34)",b'ProxyMemoryPool::~ProxyMemoryPool'
arrow-main,../repos/arrow-main/cpp/src/arrow/memory_pool.cc,"(844, 3)-(844, 14)",b'~PoolBuffer() override'
arrow-main,../repos/arrow-main/cpp/src/arrow/type.h,"(141, 3)-(141, 12)",b'~DataType() override'
arrow-main,../repos/arrow-main/cpp/src/arrow/type.h,"(303, 3)-(303, 18)",b'~FixedWidthType() override'
arrow-main,../repos/arrow-main/cpp/src/arrow/type.h,"(312, 3)-(312, 18)",b'~PrimitiveCType() override'
arrow-main,../repos/arrow-main/cpp/src/arrow/type.h,"(321, 3)-(321, 14)",b'~NumberType() override'
arrow-main,../repos/arrow-main/cpp/src/arrow/type.h,"(330, 3)-(330, 15)",b'~IntegerType() override'
arrow-main,../repos/arrow-main/cpp/src/arrow/type.h,"(340, 3)-(340, 21)",b'~FloatingPointType() override'
arrow-main,../repos/arrow-main/cpp/src/arrow/type.h,"(353, 3)-(353, 14)",b'~NestedType() override'
arrow-main,../repos/arrow-main/cpp/src/arrow/type.h,"(374, 3)-(374, 9)",b'~Field() override'
arrow-main,../repos/arrow-main/cpp/src/arrow/type.h,"(745, 3)-(745, 18)",b'~BaseBinaryType() override'
arrow-main,../repos/arrow-main/cpp/src/arrow/type.h,"(1106, 3)-(1106, 16)",b'~BaseListType() override'
arrow-main,../repos/arrow-main/cpp/src/arrow/type.h,"(1332, 3)-(1332, 14)",b'~StructType() override'
arrow-main,../repos/arrow-main/cpp/src/arrow/type.h,"(1481, 3)-(1481, 21)",b'~RunEndEncodedType() override'
arrow-main,../repos/arrow-main/cpp/src/arrow/type.h,"(1516, 3)-(1516, 16)",b'~TemporalType() override'
arrow-main,../repos/arrow-main/cpp/src/arrow/type.h,"(2261, 3)-(2261, 10)",b'~Schema() override'
arrow-main,../repos/arrow-main/cpp/src/arrow/device.h,"(115, 13)-(115, 20)",b'~Stream()'
arrow-main,../repos/arrow-main/cpp/src/arrow/device.h,"(162, 13)-(162, 23)",b'~SyncEvent()'
arrow-main,../repos/arrow-main/cpp/src/arrow/io/concurrency.h,"(38, 3)-(38, 19)",b'~SharedLockGuard()'
arrow-main,../repos/arrow-main/cpp/src/arrow/io/concurrency.h,"(49, 3)-(49, 22)",b'~ExclusiveLockGuard()'
arrow-main,../repos/arrow-main/cpp/src/arrow/io/memory.h,"(52, 3)-(52, 22)",b'~BufferOutputStream() override'
arrow-main,../repos/arrow-main/cpp/src/arrow/io/memory.h,"(121, 3)-(121, 25)",b'~FixedSizeBufferWriter() override'
arrow-main,../repos/arrow-main/cpp/src/arrow/io/caching.h,"(128, 3)-(128, 18)",b'~ReadRangeCache()'
arrow-main,../repos/arrow-main/cpp/src/arrow/io/transform.h,"(39, 3)-(39, 24)",b'~TransformInputStream() override'
arrow-main,../repos/arrow-main/cpp/src/arrow/io/caching.cc,"(157, 11)-(157, 16)",b'~Impl()'
arrow-main,../repos/arrow-main/cpp/src/arrow/io/caching.cc,"(265, 11)-(265, 20)",b'~LazyImpl()'
arrow-main,../repos/arrow-main/cpp/src/arrow/io/caching.cc,"(318, 17)-(318, 32)",b'ReadRangeCache::~ReadRangeCache'
arrow-main,../repos/arrow-main/cpp/src/arrow/io/file.cc,"(293, 15)-(293, 28)",b'ReadableFile::~ReadableFile'
arrow-main,../repos/arrow-main/cpp/src/arrow/io/file.cc,"(354, 19)-(354, 36)",b'FileOutputStream::~FileOutputStream'
arrow-main,../repos/arrow-main/cpp/src/arrow/io/file.cc,"(398, 5)-(398, 12)",b'~Region()'
arrow-main,../repos/arrow-main/cpp/src/arrow/io/file.cc,"(413, 3)-(413, 13)",b'~MemoryMap()'
arrow-main,../repos/arrow-main/cpp/src/arrow/io/file.cc,"(601, 19)-(601, 36)",b'MemoryMappedFile::~MemoryMappedFile'
arrow-main,../repos/arrow-main/cpp/src/arrow/io/buffered.cc,"(214, 23)-(214, 44)",b'BufferedOutputStream::~BufferedOutputStream'
arrow-main,../repos/arrow-main/cpp/src/arrow/io/buffered.cc,"(448, 22)-(448, 42)",b'BufferedInputStream::~BufferedInputStream'
arrow-main,../repos/arrow-main/cpp/src/arrow/io/memory.cc,"(71, 21)-(71, 40)",b'BufferOutputStream::~BufferOutputStream'
arrow-main,../repos/arrow-main/cpp/src/arrow/io/memory.cc,"(230, 24)-(230, 46)",b'FixedSizeBufferWriter::~FixedSizeBufferWriter'
arrow-main,../repos/arrow-main/cpp/src/arrow/io/transform.cc,"(64, 23)-(64, 44)",b'TransformInputStream::~TransformInputStream'
arrow-main,../repos/arrow-main/cpp/src/arrow/io/file_benchmark.cc,"(79, 3)-(79, 20)",b'~BackgroundReader()'
arrow-main,../repos/arrow-main/cpp/src/arrow/io/compressed.cc,"(209, 25)-(209, 48)",b'CompressedOutputStream::~CompressedOutputStream'
arrow-main,../repos/arrow-main/cpp/src/arrow/io/compressed.cc,"(422, 24)-(422, 46)",b'CompressedInputStream::~CompressedInputStream'
arrow-main,../repos/arrow-main/cpp/src/arrow/io/slow.cc,"(42, 3)-(42, 24)",b'~LatencyGeneratorImpl() override'
arrow-main,../repos/arrow-main/cpp/src/arrow/io/slow.cc,"(61, 19)-(61, 36)",b'LatencyGenerator::~LatencyGenerator'
arrow-main,../repos/arrow-main/cpp/src/arrow/io/slow.cc,"(80, 18)-(80, 34)",b'SlowInputStream::~SlowInputStream'
arrow-main,../repos/arrow-main/cpp/src/arrow/io/slow.cc,"(107, 23)-(107, 44)",b'SlowRandomAccessFile::~SlowRandomAccessFile'
arrow-main,../repos/arrow-main/cpp/src/arrow/io/interfaces.cc,"(68, 16)-(68, 30)",b'FileInterface::~FileInterface'
arrow-main,../repos/arrow-main/cpp/src/arrow/io/interfaces.cc,"(148, 19)-(148, 36)",b'RandomAccessFile::~RandomAccessFile'
arrow-main,../repos/arrow-main/cpp/src/arrow/io/hdfs.cc,"(231, 19)-(231, 36)",b'HdfsReadableFile::~HdfsReadableFile'
arrow-main,../repos/arrow-main/cpp/src/arrow/io/hdfs.cc,"(319, 19)-(319, 36)",b'HdfsOutputStream::~HdfsOutputStream'
arrow-main,../repos/arrow-main/cpp/src/arrow/io/hdfs.cc,"(596, 19)-(596, 36)",b'HadoopFileSystem::~HadoopFileSystem'
arrow-main,../repos/arrow-main/cpp/src/arrow/io/stdio.h,"(32, 3)-(32, 16)",b'~StdoutStream() override'
arrow-main,../repos/arrow-main/cpp/src/arrow/io/stdio.h,"(49, 3)-(49, 16)",b'~StderrStream() override'
arrow-main,../repos/arrow-main/cpp/src/arrow/io/stdio.h,"(66, 3)-(66, 15)",b'~StdinStream() override'
arrow-main,../repos/arrow-main/cpp/src/arrow/record_batch.cc,"(432, 20)-(432, 38)",b'RecordBatchReader::~RecordBatchReader'
arrow-main,../repos/arrow-main/cpp/src/arrow/sparse_tensor.h,"(77, 11)-(77, 23)",b'~SparseIndex()'
arrow-main,../repos/arrow-main/cpp/src/arrow/sparse_tensor.h,"(547, 11)-(547, 28)",b'~SparseTensorImpl()'
arrow-main,../repos/arrow-main/cpp/src/arrow/c/bridge_test.cc,"(1281, 3)-(1281, 12)",b'~MyBuffer() override'
arrow-main,../repos/arrow-main/cpp/src/arrow/c/bridge_test.cc,"(1313, 5)-(1313, 17)",b'~MySyncEvent() override'
arrow-main,../repos/arrow-main/cpp/src/arrow/c/bridge.cc,"(1449, 3)-(1449, 21)",b'~ImportedArrayData()'
arrow-main,../repos/arrow-main/cpp/src/arrow/c/bridge.cc,"(1467, 3)-(1467, 18)",b'~ImportedBuffer() override'
arrow-main,../repos/arrow-main/cpp/src/arrow/c/bridge.cc,"(2104, 3)-(2104, 26)",b'~ArrayStreamBatchReader() override'
arrow-main,../repos/arrow-main/cpp/src/arrow/c/util_internal.h,"(61, 3)-(61, 15)",b'~ExportGuard()'
arrow-main,../repos/arrow-main/cpp/src/arrow/gpu/cuda_internal.h,"(53, 3)-(53, 16)",b'~ContextSaver()'
arrow-main,../repos/arrow-main/cpp/src/arrow/gpu/cuda_memory.h,"(50, 3)-(50, 14)",b'~CudaBuffer()'
arrow-main,../repos/arrow-main/cpp/src/arrow/gpu/cuda_memory.h,"(116, 3)-(116, 18)",b'~CudaHostBuffer()'
arrow-main,../repos/arrow-main/cpp/src/arrow/gpu/cuda_memory.h,"(206, 3)-(206, 20)",b'~CudaBufferWriter() override'
arrow-main,../repos/arrow-main/cpp/src/arrow/gpu/cuda_memory.cc,"(72, 19)-(72, 36)",b'CudaIpcMemHandle::~CudaIpcMemHandle'
arrow-main,../repos/arrow-main/cpp/src/arrow/gpu/cuda_memory.cc,"(113, 13)-(113, 24)",b'CudaBuffer::~CudaBuffer'
arrow-main,../repos/arrow-main/cpp/src/arrow/gpu/cuda_memory.cc,"(206, 17)-(206, 32)",b'CudaHostBuffer::~CudaHostBuffer'
arrow-main,../repos/arrow-main/cpp/src/arrow/gpu/cuda_memory.cc,"(428, 19)-(428, 36)",b'CudaBufferWriter::~CudaBufferWriter'
arrow-main,../repos/arrow-main/cpp/src/arrow/gpu/cuda_context.cc,"(641, 14)-(641, 26)",b'CudaContext::~CudaContext'
arrow-main,../repos/arrow-main/cpp/src/arrow/stl_allocator.h,"(58, 3)-(58, 13)",b'~allocator()'
arrow-main,../repos/arrow-main/cpp/src/arrow/stl_allocator.h,"(84, 8)-(84, 10)",b'p->~U'
arrow-main,../repos/arrow-main/cpp/src/generated/parquet_types.cpp,"(618, 17)-(618, 32)",b'SizeStatistics::~SizeStatistics'
arrow-main,../repos/arrow-main/cpp/src/generated/parquet_types.cpp,"(809, 13)-(809, 24)",b'Statistics::~Statistics'
arrow-main,../repos/arrow-main/cpp/src/generated/parquet_types.cpp,"(1080, 13)-(1080, 24)",b'StringType::~StringType'
arrow-main,../repos/arrow-main/cpp/src/generated/parquet_types.cpp,"(1155, 11)-(1155, 20)",b'UUIDType::~UUIDType'
arrow-main,../repos/arrow-main/cpp/src/generated/parquet_types.cpp,"(1230, 10)-(1230, 18)",b'MapType::~MapType'
arrow-main,../repos/arrow-main/cpp/src/generated/parquet_types.cpp,"(1305, 11)-(1305, 20)",b'ListType::~ListType'
arrow-main,../repos/arrow-main/cpp/src/generated/parquet_types.cpp,"(1380, 11)-(1380, 20)",b'EnumType::~EnumType'
arrow-main,../repos/arrow-main/cpp/src/generated/parquet_types.cpp,"(1455, 11)-(1455, 20)",b'DateType::~DateType'
arrow-main,../repos/arrow-main/cpp/src/generated/parquet_types.cpp,"(1530, 14)-(1530, 26)",b'Float16Type::~Float16Type'
arrow-main,../repos/arrow-main/cpp/src/generated/parquet_types.cpp,"(1605, 11)-(1605, 20)",b'NullType::~NullType'
arrow-main,../repos/arrow-main/cpp/src/generated/parquet_types.cpp,"(1680, 14)-(1680, 26)",b'DecimalType::~DecimalType'
arrow-main,../repos/arrow-main/cpp/src/generated/parquet_types.cpp,"(1804, 15)-(1804, 28)",b'MilliSeconds::~MilliSeconds'
arrow-main,../repos/arrow-main/cpp/src/generated/parquet_types.cpp,"(1879, 15)-(1879, 28)",b'MicroSeconds::~MicroSeconds'
arrow-main,../repos/arrow-main/cpp/src/generated/parquet_types.cpp,"(1954, 14)-(1954, 26)",b'NanoSeconds::~NanoSeconds'
arrow-main,../repos/arrow-main/cpp/src/generated/parquet_types.cpp,"(2029, 11)-(2029, 20)",b'TimeUnit::~TimeUnit'
arrow-main,../repos/arrow-main/cpp/src/generated/parquet_types.cpp,"(2180, 16)-(2180, 30)",b'TimestampType::~TimestampType'
arrow-main,../repos/arrow-main/cpp/src/generated/parquet_types.cpp,"(2304, 11)-(2304, 20)",b'TimeType::~TimeType'
arrow-main,../repos/arrow-main/cpp/src/generated/parquet_types.cpp,"(2428, 10)-(2428, 18)",b'IntType::~IntType'
arrow-main,../repos/arrow-main/cpp/src/generated/parquet_types.cpp,"(2552, 11)-(2552, 20)",b'JsonType::~JsonType'
arrow-main,../repos/arrow-main/cpp/src/generated/parquet_types.cpp,"(2627, 11)-(2627, 20)",b'BsonType::~BsonType'
arrow-main,../repos/arrow-main/cpp/src/generated/parquet_types.cpp,"(2702, 14)-(2702, 26)",b'LogicalType::~LogicalType'
arrow-main,../repos/arrow-main/cpp/src/generated/parquet_types.cpp,"(3117, 16)-(3117, 30)",b'SchemaElement::~SchemaElement'
arrow-main,../repos/arrow-main/cpp/src/generated/parquet_types.cpp,"(3443, 17)-(3443, 32)",b'DataPageHeader::~DataPageHeader'
arrow-main,../repos/arrow-main/cpp/src/generated/parquet_types.cpp,"(3652, 18)-(3652, 34)",b'IndexPageHeader::~IndexPageHeader'
arrow-main,../repos/arrow-main/cpp/src/generated/parquet_types.cpp,"(3727, 23)-(3727, 44)",b'DictionaryPageHeader::~DictionaryPageHeader'
arrow-main,../repos/arrow-main/cpp/src/generated/parquet_types.cpp,"(3882, 19)-(3882, 36)",b'DataPageHeaderV2::~DataPageHeaderV2'
arrow-main,../repos/arrow-main/cpp/src/generated/parquet_types.cpp,"(4161, 22)-(4161, 42)",b'SplitBlockAlgorithm::~SplitBlockAlgorithm'
arrow-main,../repos/arrow-main/cpp/src/generated/parquet_types.cpp,"(4236, 23)-(4236, 44)",b'BloomFilterAlgorithm::~BloomFilterAlgorithm'
arrow-main,../repos/arrow-main/cpp/src/generated/parquet_types.cpp,"(4339, 9)-(4339, 16)",b'XxHash::~XxHash'
arrow-main,../repos/arrow-main/cpp/src/generated/parquet_types.cpp,"(4414, 18)-(4414, 34)",b'BloomFilterHash::~BloomFilterHash'
arrow-main,../repos/arrow-main/cpp/src/generated/parquet_types.cpp,"(4517, 15)-(4517, 28)",b'Uncompressed::~Uncompressed'
arrow-main,../repos/arrow-main/cpp/src/generated/parquet_types.cpp,"(4592, 25)-(4592, 48)",b'BloomFilterCompression::~BloomFilterCompression'
arrow-main,../repos/arrow-main/cpp/src/generated/parquet_types.cpp,"(4695, 20)-(4695, 38)",b'BloomFilterHeader::~BloomFilterHeader'
arrow-main,../repos/arrow-main/cpp/src/generated/parquet_types.cpp,"(4869, 13)-(4869, 24)",b'PageHeader::~PageHeader'
arrow-main,../repos/arrow-main/cpp/src/generated/parquet_types.cpp,"(5145, 11)-(5145, 20)",b'KeyValue::~KeyValue'
arrow-main,../repos/arrow-main/cpp/src/generated/parquet_types.cpp,"(5273, 16)-(5273, 30)",b'SortingColumn::~SortingColumn'
arrow-main,../repos/arrow-main/cpp/src/generated/parquet_types.cpp,"(5422, 20)-(5422, 38)",b'PageEncodingStats::~PageEncodingStats'
arrow-main,../repos/arrow-main/cpp/src/generated/parquet_types.cpp,"(5575, 17)-(5575, 32)",b'ColumnMetaData::~ColumnMetaData'
arrow-main,../repos/arrow-main/cpp/src/generated/parquet_types.cpp,"(6132, 26)-(6132, 50)",b'EncryptionWithFooterKey::~EncryptionWithFooterKey'
arrow-main,../repos/arrow-main/cpp/src/generated/parquet_types.cpp,"(6207, 26)-(6207, 50)",b'EncryptionWithColumnKey::~EncryptionWithColumnKey'
arrow-main,../repos/arrow-main/cpp/src/generated/parquet_types.cpp,"(6355, 23)-(6355, 44)",b'ColumnCryptoMetaData::~ColumnCryptoMetaData'
arrow-main,../repos/arrow-main/cpp/src/generated/parquet_types.cpp,"(6482, 14)-(6482, 26)",b'ColumnChunk::~ColumnChunk'
arrow-main,../repos/arrow-main/cpp/src/generated/parquet_types.cpp,"(6778, 11)-(6778, 20)",b'RowGroup::~RowGroup'
arrow-main,../repos/arrow-main/cpp/src/generated/parquet_types.cpp,"(7068, 19)-(7068, 36)",b'TypeDefinedOrder::~TypeDefinedOrder'
arrow-main,../repos/arrow-main/cpp/src/generated/parquet_types.cpp,"(7143, 14)-(7143, 26)",b'ColumnOrder::~ColumnOrder'
arrow-main,../repos/arrow-main/cpp/src/generated/parquet_types.cpp,"(7246, 15)-(7246, 28)",b'PageLocation::~PageLocation'
arrow-main,../repos/arrow-main/cpp/src/generated/parquet_types.cpp,"(7395, 14)-(7395, 26)",b'OffsetIndex::~OffsetIndex'
arrow-main,../repos/arrow-main/cpp/src/generated/parquet_types.cpp,"(7563, 14)-(7563, 26)",b'ColumnIndex::~ColumnIndex'
arrow-main,../repos/arrow-main/cpp/src/generated/parquet_types.cpp,"(7936, 11)-(7936, 20)",b'AesGcmV1::~AesGcmV1'
arrow-main,../repos/arrow-main/cpp/src/generated/parquet_types.cpp,"(8087, 14)-(8087, 26)",b'AesGcmCtrV1::~AesGcmCtrV1'
arrow-main,../repos/arrow-main/cpp/src/generated/parquet_types.cpp,"(8238, 22)-(8238, 42)",b'EncryptionAlgorithm::~EncryptionAlgorithm'
arrow-main,../repos/arrow-main/cpp/src/generated/parquet_types.cpp,"(8365, 15)-(8365, 28)",b'FileMetaData::~FileMetaData'
arrow-main,../repos/arrow-main/cpp/src/generated/parquet_types.cpp,"(8744, 21)-(8744, 40)",b'FileCryptoMetaData::~FileCryptoMetaData'
arrow-main,../repos/arrow-main/cpp/src/generated/parquet_types.h,"(480, 11)-(480, 26)",b'~SizeStatistics() noexcept'
arrow-main,../repos/arrow-main/cpp/src/generated/parquet_types.h,"(593, 11)-(593, 22)",b'~Statistics() noexcept'
arrow-main,../repos/arrow-main/cpp/src/generated/parquet_types.h,"(724, 11)-(724, 22)",b'~StringType() noexcept'
arrow-main,../repos/arrow-main/cpp/src/generated/parquet_types.h,"(757, 11)-(757, 20)",b'~UUIDType() noexcept'
arrow-main,../repos/arrow-main/cpp/src/generated/parquet_types.h,"(790, 11)-(790, 19)",b'~MapType() noexcept'
arrow-main,../repos/arrow-main/cpp/src/generated/parquet_types.h,"(823, 11)-(823, 20)",b'~ListType() noexcept'
arrow-main,../repos/arrow-main/cpp/src/generated/parquet_types.h,"(856, 11)-(856, 20)",b'~EnumType() noexcept'
arrow-main,../repos/arrow-main/cpp/src/generated/parquet_types.h,"(889, 11)-(889, 20)",b'~DateType() noexcept'
arrow-main,../repos/arrow-main/cpp/src/generated/parquet_types.h,"(922, 11)-(922, 23)",b'~Float16Type() noexcept'
arrow-main,../repos/arrow-main/cpp/src/generated/parquet_types.h,"(962, 11)-(962, 20)",b'~NullType() noexcept'
arrow-main,../repos/arrow-main/cpp/src/generated/parquet_types.h,"(1008, 11)-(1008, 23)",b'~DecimalType() noexcept'
arrow-main,../repos/arrow-main/cpp/src/generated/parquet_types.h,"(1054, 11)-(1054, 24)",b'~MilliSeconds() noexcept'
arrow-main,../repos/arrow-main/cpp/src/generated/parquet_types.h,"(1087, 11)-(1087, 24)",b'~MicroSeconds() noexcept'
arrow-main,../repos/arrow-main/cpp/src/generated/parquet_types.h,"(1120, 11)-(1120, 23)",b'~NanoSeconds() noexcept'
arrow-main,../repos/arrow-main/cpp/src/generated/parquet_types.h,"(1159, 11)-(1159, 20)",b'~TimeUnit() noexcept'
arrow-main,../repos/arrow-main/cpp/src/generated/parquet_types.h,"(1221, 11)-(1221, 25)",b'~TimestampType() noexcept'
arrow-main,../repos/arrow-main/cpp/src/generated/parquet_types.h,"(1270, 11)-(1270, 20)",b'~TimeType() noexcept'
arrow-main,../repos/arrow-main/cpp/src/generated/parquet_types.h,"(1322, 11)-(1322, 19)",b'~IntType() noexcept'
arrow-main,../repos/arrow-main/cpp/src/generated/parquet_types.h,"(1370, 11)-(1370, 20)",b'~JsonType() noexcept'
arrow-main,../repos/arrow-main/cpp/src/generated/parquet_types.h,"(1408, 11)-(1408, 20)",b'~BsonType() noexcept'
arrow-main,../repos/arrow-main/cpp/src/generated/parquet_types.h,"(1465, 11)-(1465, 23)",b'~LogicalType() noexcept'
arrow-main,../repos/arrow-main/cpp/src/generated/parquet_types.h,"(1625, 11)-(1625, 25)",b'~SchemaElement() noexcept'
arrow-main,../repos/arrow-main/cpp/src/generated/parquet_types.h,"(1789, 11)-(1789, 26)",b'~DataPageHeader() noexcept'
arrow-main,../repos/arrow-main/cpp/src/generated/parquet_types.h,"(1872, 11)-(1872, 27)",b'~IndexPageHeader() noexcept'
arrow-main,../repos/arrow-main/cpp/src/generated/parquet_types.h,"(1918, 11)-(1918, 32)",b'~DictionaryPageHeader() noexcept'
arrow-main,../repos/arrow-main/cpp/src/generated/parquet_types.h,"(1999, 11)-(1999, 28)",b'~DataPageHeaderV2() noexcept'
arrow-main,../repos/arrow-main/cpp/src/generated/parquet_types.h,"(2112, 11)-(2112, 31)",b'~SplitBlockAlgorithm() noexcept'
arrow-main,../repos/arrow-main/cpp/src/generated/parquet_types.h,"(2152, 11)-(2152, 32)",b'~BloomFilterAlgorithm() noexcept'
arrow-main,../repos/arrow-main/cpp/src/generated/parquet_types.h,"(2202, 11)-(2202, 18)",b'~XxHash() noexcept'
arrow-main,../repos/arrow-main/cpp/src/generated/parquet_types.h,"(2244, 11)-(2244, 27)",b'~BloomFilterHash() noexcept'
arrow-main,../repos/arrow-main/cpp/src/generated/parquet_types.h,"(2293, 11)-(2293, 24)",b'~Uncompressed() noexcept'
arrow-main,../repos/arrow-main/cpp/src/generated/parquet_types.h,"(2330, 11)-(2330, 34)",b'~BloomFilterCompression() noexcept'
arrow-main,../repos/arrow-main/cpp/src/generated/parquet_types.h,"(2378, 11)-(2378, 29)",b'~BloomFilterHeader() noexcept'
arrow-main,../repos/arrow-main/cpp/src/generated/parquet_types.h,"(2455, 11)-(2455, 22)",b'~PageHeader() noexcept'
arrow-main,../repos/arrow-main/cpp/src/generated/parquet_types.h,"(2578, 11)-(2578, 20)",b'~KeyValue() noexcept'
arrow-main,../repos/arrow-main/cpp/src/generated/parquet_types.h,"(2631, 11)-(2631, 25)",b'~SortingColumn() noexcept'
arrow-main,../repos/arrow-main/cpp/src/generated/parquet_types.h,"(2695, 11)-(2695, 29)",b'~PageEncodingStats() noexcept'
arrow-main,../repos/arrow-main/cpp/src/generated/parquet_types.h,"(2780, 11)-(2780, 26)",b'~ColumnMetaData() noexcept'
arrow-main,../repos/arrow-main/cpp/src/generated/parquet_types.h,"(2974, 11)-(2974, 35)",b'~EncryptionWithFooterKey() noexcept'
arrow-main,../repos/arrow-main/cpp/src/generated/parquet_types.h,"(3012, 11)-(3012, 35)",b'~EncryptionWithColumnKey() noexcept'
arrow-main,../repos/arrow-main/cpp/src/generated/parquet_types.h,"(3070, 11)-(3070, 32)",b'~ColumnCryptoMetaData() noexcept'
arrow-main,../repos/arrow-main/cpp/src/generated/parquet_types.h,"(3137, 11)-(3137, 23)",b'~ColumnChunk() noexcept'
arrow-main,../repos/arrow-main/cpp/src/generated/parquet_types.h,"(3277, 11)-(3277, 20)",b'~RowGroup() noexcept'
arrow-main,../repos/arrow-main/cpp/src/generated/parquet_types.h,"(3384, 11)-(3384, 28)",b'~TypeDefinedOrder() noexcept'
arrow-main,../repos/arrow-main/cpp/src/generated/parquet_types.h,"(3433, 11)-(3433, 23)",b'~ColumnOrder() noexcept'
arrow-main,../repos/arrow-main/cpp/src/generated/parquet_types.h,"(3528, 11)-(3528, 24)",b'~PageLocation() noexcept'
arrow-main,../repos/arrow-main/cpp/src/generated/parquet_types.h,"(3591, 11)-(3591, 23)",b'~OffsetIndex() noexcept'
arrow-main,../repos/arrow-main/cpp/src/generated/parquet_types.h,"(3659, 11)-(3659, 23)",b'~ColumnIndex() noexcept'
arrow-main,../repos/arrow-main/cpp/src/generated/parquet_types.h,"(3789, 11)-(3789, 20)",b'~AesGcmV1() noexcept'
arrow-main,../repos/arrow-main/cpp/src/generated/parquet_types.h,"(3864, 11)-(3864, 23)",b'~AesGcmCtrV1() noexcept'
arrow-main,../repos/arrow-main/cpp/src/generated/parquet_types.h,"(3935, 11)-(3935, 31)",b'~EncryptionAlgorithm() noexcept'
arrow-main,../repos/arrow-main/cpp/src/generated/parquet_types.h,"(3999, 11)-(3999, 24)",b'~FileMetaData() noexcept'
arrow-main,../repos/arrow-main/cpp/src/generated/parquet_types.h,"(4148, 11)-(4148, 30)",b'~FileCryptoMetaData() noexcept'
arrow-main,../repos/arrow-main/cpp/src/skyhook/protocol/rados_protocol.h,"(90, 3)-(90, 13)",b'~RadosConn()'
arrow-main,../repos/arrow-main/cpp/src/skyhook/protocol/skyhook_protocol.h,"(78, 3)-(78, 29)",b'~SkyhookDirectObjectAccess()'
arrow-main,../repos/arrow-main/cpp/src/skyhook/protocol/rados_protocol.cc,"(78, 12)-(78, 22)",b'RadosConn::~RadosConn'
arrow-main,../repos/arrow-main/cpp/src/skyhook/cls/cls_skyhook.cc,"(50, 3)-(50, 22)",b'~RandomAccessObject() override'
arrow-main,../repos/arrow-main/cpp/src/skyhook/client/file_skyhook.h,"(64, 3)-(64, 21)",b'~SkyhookFileFormat() override'
arrow-main,../repos/arrow-main/cpp/src/skyhook/client/file_skyhook.cc,"(36, 3)-(36, 8)",b'~Impl()'
arrow-main,../repos/arrow-main/cpp/src/skyhook/client/file_skyhook.cc,"(138, 20)-(138, 38)",b'SkyhookFileFormat::~SkyhookFileFormat'
arrow-main,../repos/arrow-main/cpp/src/gandiva/projector.cc,"(40, 12)-(40, 22)",b'Projector::~Projector'
arrow-main,../repos/arrow-main/cpp/src/gandiva/tests/generate_data.h,"(32, 11)-(32, 25)",b'~DataGenerator()'
arrow-main,../repos/arrow-main/cpp/src/gandiva/tests/timed_evaluate.h,"(47, 11)-(47, 25)",b'~BaseEvaluator()'
arrow-main,../repos/arrow-main/cpp/src/gandiva/simple_arena.h,"(46, 3)-(46, 15)",b'~SimpleArena()'
arrow-main,../repos/arrow-main/cpp/src/gandiva/simple_arena.h,"(100, 21)-(100, 33)",b'SimpleArena::~SimpleArena'
arrow-main,../repos/arrow-main/cpp/src/gandiva/lvalue.h,"(35, 11)-(35, 18)",b'~LValue()'
arrow-main,../repos/arrow-main/cpp/src/gandiva/node.h,"(42, 11)-(42, 16)",b'~Node()'
arrow-main,../repos/arrow-main/cpp/src/gandiva/expression.h,"(33, 11)-(33, 22)",b'~Expression()'
arrow-main,../repos/arrow-main/cpp/src/gandiva/expression_registry.h,"(43, 3)-(43, 22)",b'~ExpressionRegistry()'
arrow-main,../repos/arrow-main/cpp/src/gandiva/expression_registry.cc,"(29, 21)-(29, 40)",b'ExpressionRegistry::~ExpressionRegistry'
arrow-main,../repos/arrow-main/cpp/src/gandiva/dex.h,"(43, 11)-(43, 15)",b'~Dex()'
arrow-main,../repos/arrow-main/cpp/src/gandiva/engine.cc,"(287, 9)-(287, 16)",b'Engine::~Engine'
arrow-main,../repos/arrow-main/cpp/src/gandiva/filter.h,"(48, 3)-(48, 10)",b'~Filter()'
arrow-main,../repos/arrow-main/cpp/src/gandiva/filter.cc,"(38, 9)-(38, 16)",b'Filter::~Filter'
arrow-main,../repos/arrow-main/cpp/src/gandiva/lru_cache.h,"(47, 3)-(47, 12)",b'~LruCache()'
arrow-main,../repos/arrow-main/cpp/src/gandiva/condition.h,"(34, 11)-(34, 21)",b'~Condition()'
arrow-main,../repos/arrow-main/cpp/src/gandiva/function_ir_builder.h,"(35, 11)-(35, 29)",b'~FunctionIRBuilder()'
arrow-main,../repos/arrow-main/cpp/src/gandiva/gandiva_object_cache.h,"(44, 3)-(44, 22)",b'~GandivaObjectCache()'
arrow-main,../repos/arrow-main/cpp/src/gandiva/exported_funcs.h,"(31, 11)-(31, 29)",b'~ExportedFuncsBase()'
arrow-main,../repos/arrow-main/cpp/src/parquet/encoding.cc,"(445, 3)-(445, 19)",b'~DictEncoderImpl()'
arrow-main,../repos/arrow-main/cpp/src/parquet/metadata.cc,"(170, 23)-(170, 44)",b'ColumnCryptoMetaData::~ColumnCryptoMetaData'
arrow-main,../repos/arrow-main/cpp/src/parquet/metadata.cc,"(384, 22)-(384, 42)",b'ColumnChunkMetaData::~ColumnChunkMetaData'
arrow-main,../repos/arrow-main/cpp/src/parquet/metadata.cc,"(564, 19)-(564, 36)",b'RowGroupMetaData::~RowGroupMetaData'
arrow-main,../repos/arrow-main/cpp/src/parquet/metadata.cc,"(901, 15)-(901, 28)",b'FileMetaData::~FileMetaData'
arrow-main,../repos/arrow-main/cpp/src/parquet/metadata.cc,"(1043, 21)-(1043, 40)",b'FileCryptoMetaData::~FileCryptoMetaData'
arrow-main,../repos/arrow-main/cpp/src/parquet/metadata.cc,"(1626, 29)-(1626, 56)",b'ColumnChunkMetaDataBuilder::~ColumnChunkMetaD...'
arrow-main,../repos/arrow-main/cpp/src/parquet/metadata.cc,"(1763, 26)-(1763, 50)",b'RowGroupMetaDataBuilder::~RowGroupMetaDataBuilder'
arrow-main,../repos/arrow-main/cpp/src/parquet/metadata.cc,"(1973, 22)-(1973, 42)",b'FileMetaDataBuilder::~FileMetaDataBuilder'
arrow-main,../repos/arrow-main/cpp/src/parquet/column_reader.cc,"(108, 15)-(108, 28)",b'LevelDecoder::~LevelDecoder'
arrow-main,../repos/arrow-main/cpp/src/parquet/column_reader.cc,"(662, 11)-(662, 32)",b'~ColumnReaderImplBase()'
arrow-main,../repos/arrow-main/cpp/src/parquet/encryption/encryption_internal.h,"(61, 3)-(61, 16)",b'~AesEncryptor()'
arrow-main,../repos/arrow-main/cpp/src/parquet/encryption/encryption_internal.h,"(104, 3)-(104, 16)",b'~AesDecryptor()'
arrow-main,../repos/arrow-main/cpp/src/parquet/encryption/kms_client_factory.h,"(29, 11)-(29, 28)",b'~KmsClientFactory()'
arrow-main,../repos/arrow-main/cpp/src/parquet/encryption/file_key_material_store.h,"(54, 11)-(54, 32)",b'~FileKeyMaterialStore()'
arrow-main,../repos/arrow-main/cpp/src/parquet/encryption/encryption.h,"(50, 11)-(50, 34)",b'~DecryptionKeyRetriever()'
arrow-main,../repos/arrow-main/cpp/src/parquet/encryption/encryption.h,"(243, 11)-(243, 29)",b'~AADPrefixVerifier()'
arrow-main,../repos/arrow-main/cpp/src/parquet/encryption/encryption_internal.cc,"(58, 3)-(58, 20)",b'~AesEncryptorImpl()'
arrow-main,../repos/arrow-main/cpp/src/parquet/encryption/encryption_internal.cc,"(291, 15)-(291, 28)",b'AesEncryptor::~AesEncryptor'
arrow-main,../repos/arrow-main/cpp/src/parquet/encryption/encryption_internal.cc,"(321, 3)-(321, 20)",b'~AesDecryptorImpl()'
arrow-main,../repos/arrow-main/cpp/src/parquet/encryption/encryption_internal.cc,"(361, 15)-(361, 28)",b'AesDecryptor::~AesDecryptor'
arrow-main,../repos/arrow-main/cpp/src/parquet/encryption/kms_client.h,"(90, 11)-(90, 21)",b'~KmsClient()'
arrow-main,../repos/arrow-main/cpp/src/parquet/encryption/encryption_internal_nossl.cc,"(30, 15)-(30, 28)",b'AesEncryptor::~AesEncryptor'
arrow-main,../repos/arrow-main/cpp/src/parquet/encryption/encryption_internal_nossl.cc,"(70, 15)-(70, 28)",b'AesDecryptor::~AesDecryptor'
arrow-main,../repos/arrow-main/cpp/src/parquet/arrow/reader.cc,"(389, 3)-(389, 29)",b'~RowGroupRecordBatchReader() override'
arrow-main,../repos/arrow-main/cpp/src/parquet/arrow/path_internal.h,"(137, 11)-(137, 33)",b'~MultipathLevelBuilder()'
arrow-main,../repos/arrow-main/cpp/src/parquet/arrow/writer.h,"(143, 11)-(143, 22)",b'~FileWriter()'
arrow-main,../repos/arrow-main/cpp/src/parquet/arrow/reader.h,"(277, 11)-(277, 22)",b'~FileReader()'
arrow-main,../repos/arrow-main/cpp/src/parquet/arrow/reader.h,"(282, 11)-(282, 26)",b'~RowGroupReader()'
arrow-main,../repos/arrow-main/cpp/src/parquet/arrow/reader.h,"(294, 11)-(294, 29)",b'~ColumnChunkReader()'
arrow-main,../repos/arrow-main/cpp/src/parquet/arrow/writer.cc,"(504, 13)-(504, 24)",b'FileWriter::~FileWriter'
arrow-main,../repos/arrow-main/cpp/src/parquet/arrow/reader_internal.h,"(71, 11)-(71, 30)",b'~FileColumnIterator()'
arrow-main,../repos/arrow-main/cpp/src/parquet/properties.h,"(256, 13)-(256, 21)",b'~Builder()'
arrow-main,../repos/arrow-main/cpp/src/parquet/properties.h,"(976, 13)-(976, 21)",b'~Builder()'
arrow-main,../repos/arrow-main/cpp/src/parquet/file_reader.h,"(119, 13)-(119, 22)",b'~Contents()'
arrow-main,../repos/arrow-main/cpp/src/parquet/file_reader.h,"(129, 3)-(129, 21)",b'~ParquetFileReader()'
arrow-main,../repos/arrow-main/cpp/src/parquet/column_scanner.h,"(57, 11)-(57, 19)",b'~Scanner()'
arrow-main,../repos/arrow-main/cpp/src/parquet/column_scanner.h,"(103, 11)-(103, 24)",b'~TypedScanner()'
arrow-main,../repos/arrow-main/cpp/src/parquet/file_reader.cc,"(311, 3)-(311, 18)",b'~SerializedFile() override'
arrow-main,../repos/arrow-main/cpp/src/parquet/file_reader.cc,"(757, 20)-(757, 38)",b'ParquetFileReader::~ParquetFileReader'
arrow-main,../repos/arrow-main/cpp/src/parquet/stream_reader.h,"(70, 3)-(70, 16)",b'~StreamReader()'
arrow-main,../repos/arrow-main/cpp/src/parquet/types.cc,"(568, 11)-(568, 16)",b'~Impl() noexcept'
arrow-main,../repos/arrow-main/cpp/src/parquet/types.cc,"(610, 14)-(610, 26)",b'LogicalType::~LogicalType'
arrow-main,../repos/arrow-main/cpp/src/parquet/types.h,"(282, 11)-(282, 23)",b'~LogicalType() noexcept'
arrow-main,../repos/arrow-main/cpp/src/parquet/metadata.h,"(96, 3)-(96, 24)",b'~ColumnCryptoMetaData()'
arrow-main,../repos/arrow-main/cpp/src/parquet/metadata.h,"(145, 3)-(145, 23)",b'~ColumnChunkMetaData()'
arrow-main,../repos/arrow-main/cpp/src/parquet/metadata.h,"(210, 3)-(210, 20)",b'~RowGroupMetaData()'
arrow-main,../repos/arrow-main/cpp/src/parquet/metadata.h,"(281, 3)-(281, 16)",b'~FileMetaData()'
arrow-main,../repos/arrow-main/cpp/src/parquet/metadata.h,"(421, 3)-(421, 22)",b'~FileCryptoMetaData()'
arrow-main,../repos/arrow-main/cpp/src/parquet/metadata.h,"(450, 3)-(450, 30)",b'~ColumnChunkMetaDataBuilder()'
arrow-main,../repos/arrow-main/cpp/src/parquet/metadata.h,"(494, 3)-(494, 27)",b'~RowGroupMetaDataBuilder()'
arrow-main,../repos/arrow-main/cpp/src/parquet/metadata.h,"(540, 3)-(540, 23)",b'~FileMetaDataBuilder()'
arrow-main,../repos/arrow-main/cpp/src/parquet/column_page.h,"(73, 11)-(73, 20)",b'~DataPage()'
arrow-main,../repos/arrow-main/cpp/src/parquet/hasher.h,"(128, 11)-(128, 18)",b'~Hasher()'
arrow-main,../repos/arrow-main/cpp/src/parquet/encoding.h,"(169, 11)-(169, 19)",b'~Encoder()'
arrow-main,../repos/arrow-main/cpp/src/parquet/encoding.h,"(254, 11)-(254, 19)",b'~Decoder()'
arrow-main,../repos/arrow-main/cpp/src/parquet/stream_writer.h,"(74, 3)-(74, 16)",b'~StreamWriter()'
arrow-main,../repos/arrow-main/cpp/src/parquet/printer.h,"(35, 3)-(35, 22)",b'~ParquetFilePrinter()'
arrow-main,../repos/arrow-main/cpp/src/parquet/schema.h,"(102, 11)-(102, 16)",b'~Node()'
arrow-main,../repos/arrow-main/cpp/src/parquet/schema.h,"(140, 13)-(140, 21)",b'~Visitor()'
arrow-main,../repos/arrow-main/cpp/src/parquet/schema.h,"(146, 13)-(146, 26)",b'~ConstVisitor()'
arrow-main,../repos/arrow-main/cpp/src/parquet/schema.h,"(420, 3)-(420, 20)",b'~SchemaDescriptor()'
arrow-main,../repos/arrow-main/cpp/src/parquet/column_reader.h,"(82, 3)-(82, 16)",b'~LevelDecoder()'
arrow-main,../repos/arrow-main/cpp/src/parquet/column_reader.h,"(326, 11)-(326, 24)",b'~RecordReader()'
arrow-main,../repos/arrow-main/cpp/src/parquet/column_writer.cc,"(160, 15)-(160, 28)",b'LevelEncoder::~LevelEncoder'
arrow-main,../repos/arrow-main/cpp/src/parquet/column_writer.cc,"(760, 11)-(760, 28)",b'~ColumnWriterImpl()'
arrow-main,../repos/arrow-main/cpp/src/parquet/test_util.h,"(395, 3)-(395, 25)",b'~DictionaryPageBuilder()'
arrow-main,../repos/arrow-main/cpp/src/parquet/bloom_filter.h,"(168, 11)-(168, 23)",b'~BloomFilter()'
arrow-main,../repos/arrow-main/cpp/src/parquet/file_writer.cc,"(416, 3)-(416, 18)",b'~FileSerializer() override'
arrow-main,../repos/arrow-main/cpp/src/parquet/file_writer.cc,"(542, 20)-(542, 38)",b'ParquetFileWriter::~ParquetFileWriter'
arrow-main,../repos/arrow-main/cpp/src/parquet/column_writer.h,"(59, 3)-(59, 16)",b'~LevelEncoder()'
arrow-main,../repos/arrow-main/cpp/src/parquet/file_writer.h,"(146, 13)-(146, 22)",b'~Contents()'
arrow-main,../repos/arrow-main/cpp/src/parquet/file_writer.h,"(179, 3)-(179, 21)",b'~ParquetFileWriter()'
arrow-main,../repos/arrow-main/cpp/src/parquet/page_index.h,"(42, 11)-(42, 23)",b'~ColumnIndex()'
arrow-main,../repos/arrow-main/cpp/src/parquet/page_index.h,"(128, 11)-(128, 23)",b'~OffsetIndex()'
arrow-main,../repos/arrow-main/cpp/src/parquet/page_index.h,"(261, 11)-(261, 30)",b'~ColumnIndexBuilder()'
arrow-main,../repos/arrow-main/cpp/src/parquet/page_index.h,"(300, 11)-(300, 30)",b'~OffsetIndexBuilder()'
arrow-main,../repos/arrow-main/cpp/src/parquet/page_index.h,"(339, 11)-(339, 28)",b'~PageIndexBuilder()'
arrow-main,../repos/arrow-main/cpp/thirdparty/flatbuffers/include/flatbuffers/flatbuffer_builder.h,"(162, 3)-(162, 25)",b'~FlatBufferBuilderImpl()'
arrow-main,../repos/arrow-main/cpp/thirdparty/flatbuffers/include/flatbuffers/allocator.h,"(34, 11)-(34, 21)",b'~Allocator()'
arrow-main,../repos/arrow-main/cpp/thirdparty/flatbuffers/include/flatbuffers/detached_buffer.h,"(81, 3)-(81, 18)",b'~DetachedBuffer()'
arrow-main,../repos/arrow-main/cpp/thirdparty/flatbuffers/include/flatbuffers/buffer_ref.h,"(41, 3)-(41, 13)",b'~BufferRef()'
arrow-main,../repos/arrow-main/cpp/thirdparty/flatbuffers/include/flatbuffers/vector_downward.h,"(87, 3)-(87, 19)",b'~vector_downward()'
arrow-main,../repos/arrow-main/java/dataset/src/main/cpp/jni_util.h,"(101, 11)-(101, 27)",b'~JavaErrorDetail()'
arrow-main,../repos/arrow-main/java/dataset/src/main/cpp/jni_util.h,"(119, 11)-(119, 31)",b'~ReservationListener()'
arrow-main,../repos/arrow-main/java/dataset/src/main/cpp/jni_util.h,"(144, 3)-(144, 35)",b'~ReservationListenableMemoryPool()'
arrow-main,../repos/arrow-main/java/dataset/src/main/cpp/jni_util.cc,"(181, 34)-(181, 66)",b'ReservationListenableMemoryPool::~Reservation...'
arrow-main,../repos/arrow-main/java/dataset/src/main/cpp/jni_util.cc,"(244, 18)-(244, 34)",b'JavaErrorDetail::~JavaErrorDetail'
arrow-main,../repos/arrow-main/java/c/src/main/cpp/jni_wrapper.cc,"(128, 3)-(128, 15)",b'~JNIEnvGuard()'
arrow-main,../repos/arrow-main/r/src/io.cpp,"(446, 3)-(446, 17)",b'~RIconvWrapper()'
arrow-main,../repos/arrow-main/r/src/compute-exec.cpp,"(156, 3)-(156, 18)",b'~ExecPlanReader()'
arrow-main,../repos/arrow-main/r/src/safe-call-into-r.h,"(170, 3)-(170, 28)",b'~WithSignalHandlerContext()'
arrow-main,../repos/arrow-main/r/src/safe-call-into-r.h,"(191, 3)-(191, 31)",b'~WithoutSignalHandlerContext()'
arrow-main,../repos/arrow-main/r/src/array_to_vector.cpp,"(46, 11)-(46, 21)",b'~Converter()'
arrow-main,../repos/arrow-main/python/pyarrow/src/arrow/python/arrow_to_pandas.cc,"(363, 11)-(363, 24)",b'~PandasWriter()'
arrow-main,../repos/arrow-main/python/pyarrow/src/arrow/python/arrow_to_pandas.cc,"(2234, 11)-(2234, 30)",b'~PandasBlockCreator()'
arrow-main,../repos/arrow-main/python/pyarrow/src/arrow/python/udf.cc,"(49, 3)-(49, 24)",b'~PythonUdfKernelState()'
arrow-main,../repos/arrow-main/python/pyarrow/src/arrow/python/udf.cc,"(66, 3)-(66, 23)",b'~PythonUdfKernelInit()'
arrow-main,../repos/arrow-main/python/pyarrow/src/arrow/python/udf.cc,"(134, 3)-(134, 28)",b'~PythonTableUdfKernelInit()'
arrow-main,../repos/arrow-main/python/pyarrow/src/arrow/python/udf.cc,"(175, 3)-(175, 33)",b'~PythonUdfScalarAggregatorImpl() override'
arrow-main,../repos/arrow-main/python/pyarrow/src/arrow/python/udf.cc,"(272, 3)-(272, 31)",b'~PythonUdfHashAggregatorImpl() override'
arrow-main,../repos/arrow-main/python/pyarrow/src/arrow/python/numpy_internal.h,"(50, 3)-(50, 20)",b'~Ndarray1DIndexer()'
arrow-main,../repos/arrow-main/python/pyarrow/src/arrow/python/numpy_convert.h,"(45, 11)-(45, 23)",b'~NumPyBuffer()'
arrow-main,../repos/arrow-main/python/pyarrow/src/arrow/python/numpy_convert.cc,"(55, 14)-(55, 26)",b'NumPyBuffer::~NumPyBuffer'
arrow-main,../repos/arrow-main/python/pyarrow/src/arrow/python/io.cc,"(188, 17)-(188, 32)",b'PyReadableFile::~PyReadableFile'
arrow-main,../repos/arrow-main/python/pyarrow/src/arrow/python/io.cc,"(291, 17)-(291, 32)",b'PyOutputStream::~PyOutputStream'
arrow-main,../repos/arrow-main/python/pyarrow/src/arrow/python/common.h,"(112, 3)-(112, 16)",b'~PyAcquireGIL()'
arrow-main,../repos/arrow-main/python/pyarrow/src/arrow/python/common.h,"(194, 3)-(194, 12)",b'~OwnedRef()'
arrow-main,../repos/arrow-main/python/pyarrow/src/arrow/python/common.h,"(235, 3)-(235, 17)",b'~OwnedRefNoGIL()'
arrow-main,../repos/arrow-main/python/pyarrow/src/arrow/python/common.h,"(252, 3)-(252, 17)",b'~SmartPtrNoGIL()'
arrow-main,../repos/arrow-main/python/pyarrow/src/arrow/python/filesystem.h,"(78, 3)-(78, 16)",b'~PyFileSystem() override'
arrow-main,../repos/arrow-main/python/pyarrow/src/arrow/python/filesystem.cc,"(34, 15)-(34, 28)",b'PyFileSystem::~PyFileSystem'
arrow-main,../repos/arrow-main/python/pyarrow/src/arrow/python/io.h,"(36, 3)-(36, 18)",b'~PyReadableFile() override'
arrow-main,../repos/arrow-main/python/pyarrow/src/arrow/python/io.h,"(64, 3)-(64, 18)",b'~PyOutputStream() override'
arrow-main,../repos/arrow-main/python/pyarrow/src/arrow/python/parquet_encryption.cc,"(31, 14)-(31, 26)",b'PyKmsClient::~PyKmsClient'
arrow-main,../repos/arrow-main/python/pyarrow/src/arrow/python/parquet_encryption.cc,"(64, 21)-(64, 40)",b'PyKmsClientFactory::~PyKmsClientFactory'
arrow-main,../repos/arrow-main/python/pyarrow/src/arrow/python/common.cc,"(238, 11)-(238, 20)",b'PyBuffer::~PyBuffer'
arrow-main,../repos/arrow-main/python/pyarrow/src/arrow/python/parquet_encryption.h,"(72, 3)-(72, 15)",b'~PyKmsClient() override'
arrow-main,../repos/arrow-main/python/pyarrow/src/arrow/python/parquet_encryption.h,"(100, 3)-(100, 22)",b'~PyKmsClientFactory() override'
arrow-main,../repos/arrow-main/c_glib/arrow-dataset-glib/partitioning.cpp,"(276, 22)-(276, 33)",b'priv->partitioning.~shared_ptr'
arrow-main,../repos/arrow-main/c_glib/arrow-dataset-glib/scanner.cpp,"(64, 17)-(64, 28)",b'priv->scanner.~shared_ptr'
arrow-main,../repos/arrow-main/c_glib/arrow-dataset-glib/scanner.cpp,"(157, 25)-(157, 36)",b'priv->scanner_builder.~shared_ptr'
arrow-main,../repos/arrow-main/c_glib/arrow-dataset-glib/fragment.cpp,"(64, 18)-(64, 29)",b'priv->fragment.~shared_ptr'
arrow-main,../repos/arrow-main/c_glib/arrow-dataset-glib/dataset-factory.cpp,"(72, 17)-(72, 31)",b'priv->options.~FinishOptions'
arrow-main,../repos/arrow-main/c_glib/arrow-dataset-glib/dataset-factory.cpp,"(265, 17)-(265, 28)",b'priv->factory.~shared_ptr'
arrow-main,../repos/arrow-main/c_glib/arrow-dataset-glib/dataset-factory.cpp,"(406, 17)-(406, 42)",b'priv->options.~FileSystemFactoryOptions'
arrow-main,../repos/arrow-main/c_glib/arrow-dataset-glib/dataset.cpp,"(69, 17)-(69, 28)",b'priv->dataset.~shared_ptr'
arrow-main,../repos/arrow-main/c_glib/arrow-dataset-glib/dataset.cpp,"(220, 17)-(220, 47)",b'priv->options.~FileSystemDatasetWriteOptions'
arrow-main,../repos/arrow-main/c_glib/arrow-dataset-glib/file-format.cpp,"(74, 17)-(74, 28)",b'priv->options.~shared_ptr'
arrow-main,../repos/arrow-main/c_glib/arrow-dataset-glib/file-format.cpp,"(145, 16)-(145, 27)",b'priv->writer.~shared_ptr'
arrow-main,../repos/arrow-main/c_glib/arrow-dataset-glib/file-format.cpp,"(280, 16)-(280, 27)",b'priv->format.~shared_ptr'
arrow-main,../repos/arrow-main/c_glib/arrow-flight-glib/common.cpp,"(108, 18)-(108, 27)",b'priv->criteria.~Criteria'
arrow-main,../repos/arrow-main/c_glib/arrow-flight-glib/common.cpp,"(228, 18)-(228, 27)",b'priv->location.~Location'
arrow-main,../repos/arrow-main/c_glib/arrow-flight-glib/common.cpp,"(350, 20)-(350, 37)",b'priv->descriptor.~FlightDescriptor'
arrow-main,../repos/arrow-main/c_glib/arrow-flight-glib/common.cpp,"(592, 16)-(592, 23)",b'priv->ticket.~Ticket'
arrow-main,../repos/arrow-main/c_glib/arrow-flight-glib/common.cpp,"(755, 18)-(755, 33)",b'priv->endpoint.~FlightEndpoint'
arrow-main,../repos/arrow-main/c_glib/arrow-flight-glib/common.cpp,"(900, 14)-(900, 25)",b'priv->info.~FlightInfo'
arrow-main,../repos/arrow-main/c_glib/arrow-flight-glib/common.cpp,"(1140, 15)-(1140, 33)",b'priv->chunk.~FlightStreamChunk'
arrow-main,../repos/arrow-main/c_glib/arrow-flight-glib/server.hpp,"(82, 5)-(82, 16)",b'~DataStream() override'
arrow-main,../repos/arrow-main/c_glib/arrow-flight-glib/client.cpp,"(77, 17)-(77, 35)",b'priv->options.~FlightCallOptions'
arrow-main,../repos/arrow-main/c_glib/arrow-flight-glib/client.cpp,"(196, 17)-(196, 37)",b'priv->options.~FlightClientOptions'
arrow-main,../repos/arrow-main/c_glib/arrow-flight-glib/client.cpp,"(428, 16)-(428, 27)",b'priv->client.~shared_ptr'
arrow-main,../repos/arrow-main/c_glib/arrow-flight-glib/server.cpp,"(319, 37)-(319, 50)",b'priv->current_incoming_header_key.~basic_string'
arrow-main,../repos/arrow-main/c_glib/arrow-flight-glib/server.cpp,"(320, 39)-(320, 52)",b'priv->current_incoming_header_value.~basic_string'
arrow-main,../repos/arrow-main/c_glib/arrow-flight-glib/server.cpp,"(584, 17)-(584, 28)",b'priv->handler.~shared_ptr'
arrow-main,../repos/arrow-main/c_glib/arrow-flight-glib/server.cpp,"(844, 17)-(844, 37)",b'priv->options.~FlightServerOptions'
arrow-main,../repos/arrow-main/c_glib/arrow-flight-glib/server.cpp,"(990, 5)-(990, 12)",b'~Server() override'
arrow-main,../repos/arrow-main/c_glib/arrow-flight-glib/server.cpp,"(1121, 16)-(1121, 23)",b'priv->server.~Server'
arrow-main,../repos/arrow-main/c_glib/arrow-cuda-glib/cuda.cpp,"(174, 17)-(174, 28)",b'priv->context.~shared_ptr'
arrow-main,../repos/arrow-main/c_glib/gandiva-glib/projector.cpp,"(87, 19)-(87, 30)",b'priv->projector.~shared_ptr'
arrow-main,../repos/arrow-main/c_glib/gandiva-glib/selection-vector.cpp,"(70, 26)-(70, 37)",b'priv->selection_vector.~shared_ptr'
arrow-main,../repos/arrow-main/c_glib/gandiva-glib/node.cpp,"(142, 14)-(142, 25)",b'priv->node.~shared_ptr'
arrow-main,../repos/arrow-main/c_glib/gandiva-glib/function-registry.cpp,"(58, 27)-(58, 38)",b'priv->function_registry.~shared_ptr'
arrow-main,../repos/arrow-main/c_glib/gandiva-glib/filter.cpp,"(88, 16)-(88, 27)",b'priv->filter.~shared_ptr'
arrow-main,../repos/arrow-main/c_glib/gandiva-glib/expression.cpp,"(84, 20)-(84, 31)",b'priv->expression.~shared_ptr'
arrow-main,../repos/arrow-main/c_glib/parquet-glib/statistics.cpp,"(75, 20)-(75, 31)",b'priv->statistics.~shared_ptr'
arrow-main,../repos/arrow-main/c_glib/parquet-glib/arrow-file-writer.cpp,"(57, 20)-(57, 31)",b'priv->properties.~shared_ptr'
arrow-main,../repos/arrow-main/c_glib/parquet-glib/metadata.cpp,"(479, 18)-(479, 29)",b'priv->metadata.~shared_ptr'
arrow-main,../repos/arrow-main/c_glib/arrow-flight-sql-glib/client.cpp,"(76, 19)-(76, 30)",b'priv->statement.~shared_ptr'
arrow-main,../repos/arrow-main/c_glib/arrow-flight-sql-glib/server.cpp,"(381, 16)-(381, 52)",b'priv->result.~ActionCreatePreparedStatementResult'
arrow-main,../repos/arrow-main/c_glib/arrow-flight-sql-glib/server.cpp,"(615, 5)-(615, 12)",b'~Server() override'
arrow-main,../repos/arrow-main/c_glib/arrow-flight-sql-glib/server.cpp,"(812, 16)-(812, 23)",b'priv->server.~Server'
arrow-main,../repos/arrow-main/c_glib/arrow-glib/file-system.cpp,"(89, 19)-(89, 28)",b'priv->file_info.~FileInfo'
arrow-main,../repos/arrow-main/c_glib/arrow-glib/file-system.cpp,"(410, 23)-(410, 36)",b'priv->file_selector.~FileSelector'
arrow-main,../repos/arrow-main/c_glib/arrow-glib/file-system.cpp,"(583, 21)-(583, 32)",b'priv->file_system.~shared_ptr'
arrow-main,../repos/arrow-main/c_glib/arrow-glib/file-system.cpp,"(1405, 17)-(1405, 33)",b'priv->options.~S3GlobalOptions'
arrow-main,../repos/arrow-main/c_glib/arrow-glib/schema.cpp,"(61, 16)-(61, 27)",b'priv->schema.~shared_ptr'
arrow-main,../repos/arrow-main/c_glib/arrow-glib/tensor.cpp,"(73, 16)-(73, 27)",b'priv->tensor.~shared_ptr'
arrow-main,../repos/arrow-main/c_glib/arrow-glib/codec.cpp,"(56, 15)-(56, 26)",b'priv->codec.~shared_ptr'
arrow-main,../repos/arrow-main/c_glib/arrow-glib/record-batch.cpp,"(74, 22)-(74, 33)",b'priv->record_batch.~shared_ptr'
arrow-main,../repos/arrow-main/c_glib/arrow-glib/record-batch.cpp,"(549, 18)-(549, 27)",b'priv->iterator.~Iterator'
arrow-main,../repos/arrow-main/c_glib/arrow-glib/local-file-system.cpp,"(60, 35)-(60, 58)",b'priv->local_file_system_options.~LocalFileSys...'
arrow-main,../repos/arrow-main/c_glib/arrow-glib/table.cpp,"(74, 17)-(74, 42)",b'priv->options.~ConcatenateTablesOptions'
arrow-main,../repos/arrow-main/c_glib/arrow-glib/table.cpp,"(220, 15)-(220, 26)",b'priv->table.~shared_ptr'
arrow-main,../repos/arrow-main/c_glib/arrow-glib/table.cpp,"(808, 20)-(808, 36)",b'priv->properties.~WriteProperties'
arrow-main,../repos/arrow-main/c_glib/arrow-glib/basic-data-type.hpp,"(42, 5)-(42, 20)",b'~GExtensionType()'
arrow-main,../repos/arrow-main/c_glib/arrow-glib/buffer.cpp,"(83, 16)-(83, 27)",b'priv->buffer.~shared_ptr'
arrow-main,../repos/arrow-main/c_glib/arrow-glib/input-stream.cpp,"(121, 22)-(121, 33)",b'priv->input_stream.~shared_ptr'
arrow-main,../repos/arrow-main/c_glib/arrow-glib/input-stream.cpp,"(766, 5)-(766, 20)",b'~GIOInputStream()'
arrow-main,../repos/arrow-main/c_glib/arrow-glib/compute.cpp,"(263, 17)-(263, 29)",b'priv->context.~ExecContext'
arrow-main,../repos/arrow-main/c_glib/arrow-glib/compute.cpp,"(533, 18)-(533, 29)",b'priv->function.~shared_ptr'
arrow-main,../repos/arrow-main/c_glib/arrow-glib/compute.cpp,"(1496, 19)-(1496, 28)",b'priv->generator.~function'
arrow-main,../repos/arrow-main/c_glib/arrow-glib/compute.cpp,"(1853, 14)-(1853, 25)",b'priv->plan.~shared_ptr'
arrow-main,../repos/arrow-main/c_glib/arrow-glib/compute.cpp,"(3005, 18)-(3005, 26)",b'priv->sort_key.~SortKey'
arrow-main,../repos/arrow-main/c_glib/arrow-glib/reader.cpp,"(86, 29)-(86, 40)",b'priv->record_batch_reader.~shared_ptr'
arrow-main,../repos/arrow-main/c_glib/arrow-glib/reader.cpp,"(499, 34)-(499, 45)",b'priv->record_batch_file_reader.~shared_ptr'
arrow-main,../repos/arrow-main/c_glib/arrow-glib/reader.cpp,"(710, 24)-(710, 35)",b'priv->feather_reader.~shared_ptr'
arrow-main,../repos/arrow-main/c_glib/arrow-glib/reader.cpp,"(1693, 16)-(1693, 27)",b'priv->reader.~shared_ptr'
arrow-main,../repos/arrow-main/c_glib/arrow-glib/reader.cpp,"(2115, 16)-(2115, 27)",b'priv->reader.~shared_ptr'
arrow-main,../repos/arrow-main/c_glib/arrow-glib/basic-data-type.cpp,"(150, 19)-(150, 30)",b'priv->data_type.~shared_ptr'
arrow-main,../repos/arrow-main/c_glib/arrow-glib/basic-data-type.cpp,"(1841, 19)-(1841, 34)",b'GExtensionType::~GExtensionType'
arrow-main,../repos/arrow-main/c_glib/arrow-glib/basic-data-type.cpp,"(1943, 18)-(1943, 29)",b'priv->registry.~shared_ptr'
arrow-main,../repos/arrow-main/c_glib/arrow-glib/chunked-array.cpp,"(75, 23)-(75, 34)",b'priv->chunked_array.~shared_ptr'
arrow-main,../repos/arrow-main/c_glib/arrow-glib/expression.cpp,"(62, 20)-(62, 31)",b'priv->expression.~Expression'
arrow-main,../repos/arrow-main/c_glib/arrow-glib/ipc-options.cpp,"(61, 17)-(61, 32)",b'priv->options.~IpcReadOptions'
arrow-main,../repos/arrow-main/c_glib/arrow-glib/ipc-options.cpp,"(62, 25)-(62, 40)",b'priv->dictionary_memo.~DictionaryMemo'
arrow-main,../repos/arrow-main/c_glib/arrow-glib/ipc-options.cpp,"(281, 17)-(281, 33)",b'priv->options.~IpcWriteOptions'
arrow-main,../repos/arrow-main/c_glib/arrow-glib/writer.cpp,"(71, 29)-(71, 40)",b'priv->record_batch_writer.~shared_ptr'
arrow-main,../repos/arrow-main/c_glib/arrow-glib/basic-array.cpp,"(212, 17)-(212, 30)",b'priv->options.~EqualOptions'
arrow-main,../repos/arrow-main/c_glib/arrow-glib/basic-array.cpp,"(442, 15)-(442, 26)",b'priv->array.~shared_ptr'
arrow-main,../repos/arrow-main/c_glib/arrow-glib/array-builder.cpp,"(507, 23)-(507, 34)",b'priv->array_builder.~shared_ptr'
arrow-main,../repos/arrow-main/c_glib/arrow-glib/output-stream.cpp,"(114, 23)-(114, 34)",b'priv->output_stream.~shared_ptr'
arrow-main,../repos/arrow-main/c_glib/arrow-glib/output-stream.cpp,"(362, 5)-(362, 21)",b'~GIOOutputStream()'
arrow-main,../repos/arrow-main/c_glib/arrow-glib/decimal.cpp,"(335, 20)-(335, 31)",b'priv->decimal128.~shared_ptr'
arrow-main,../repos/arrow-main/c_glib/arrow-glib/decimal.cpp,"(743, 20)-(743, 31)",b'priv->decimal256.~shared_ptr'
arrow-main,../repos/arrow-main/c_glib/arrow-glib/datum.cpp,"(68, 15)-(68, 21)",b'priv->datum.~Datum'
arrow-main,../repos/arrow-main/c_glib/arrow-glib/field.cpp,"(75, 15)-(75, 26)",b'priv->field.~shared_ptr'
arrow-main,../repos/arrow-main/c_glib/arrow-glib/scalar.cpp,"(170, 16)-(170, 27)",b'priv->scalar.~shared_ptr'
