Repo name,File name,Location,Content
arrow-main,../repos/arrow-main/cpp/src/arrow/filesystem/localfs.cc,"(381, 3)-(483, 4)",b'class DiscoveryImplIterator {\n    const Platf...'
arrow-main,../repos/arrow-main/cpp/src/arrow/util/async_generator.h,"(363, 3)-(412, 4)",b'class Callback {\n   public:\n    explicit Call...'
arrow-main,../repos/arrow-main/cpp/src/arrow/util/async_generator.h,"(839, 3)-(912, 4)",b'class Producer {\n   public:\n    explicit Prod...'
arrow-main,../repos/arrow-main/cpp/src/arrow/util/ree_util.h,"(245, 3)-(324, 4)",b'class Iterator {\n   public:\n    Iterator(Priv...'
arrow-main,../repos/arrow-main/cpp/src/arrow/util/range.h,"(76, 3)-(137, 4)",b'class RangeIter {\n   public:\n    using differ...'
arrow-main,../repos/arrow-main/cpp/src/arrow/util/iterator_test.cc,"(55, 3)-(103, 4)",b'class State {\n   public:\n    const std::vecto...'
arrow-main,../repos/arrow-main/cpp/src/arrow/util/iterator.h,"(134, 3)-(170, 4)",b'class RangeIterator {\n   public:\n    RangeIte...'
arrow-main,../repos/arrow-main/cpp/src/arrow/flight/transport/ucx/ucx_internal.cc,"(821, 3)-(827, 4)",b'class PendingAmSend {\n   public:\n    virtual ...'
arrow-main,../repos/arrow-main/cpp/src/arrow/flight/transport/ucx/ucx_internal.cc,"(829, 3)-(837, 4)",b'class PendingContigSend : public PendingAmSen...'
arrow-main,../repos/arrow-main/cpp/src/arrow/flight/transport/ucx/ucx_internal.cc,"(839, 3)-(852, 4)",b'class PendingIovSend : public PendingAmSend {...'
arrow-main,../repos/arrow-main/cpp/src/arrow/flight/sql/example/sqlite_server.h,"(152, 3)-(152, 13)",b'class Impl'
arrow-main,../repos/arrow-main/cpp/src/arrow/flight/client_cookie_middleware.cc,"(34, 3)-(54, 4)",b'class ClientCookieMiddleware : public ClientM...'
arrow-main,../repos/arrow-main/cpp/src/arrow/flight/flight_internals_test.cc,"(481, 3)-(497, 4)",b'class TestCallHeaders : public AddCallHeaders...'
arrow-main,../repos/arrow-main/cpp/src/arrow/compute/kernels/vector_run_end_encode.cc,"(308, 1)-(380, 2)",b'class RunEndDecodingLoop {\n public:\n  using R...'
arrow-main,../repos/arrow-main/cpp/src/arrow/compute/kernels/vector_run_end_encode.cc,"(383, 1)-(424, 2)",b'class RunEndDecodeImpl {\n private:\n  KernelCo...'
arrow-main,../repos/arrow-main/cpp/src/skyhook/client/file_skyhook.h,"(98, 3)-(98, 13)",b'class Impl'
arrow-main,../repos/arrow-main/cpp/src/gandiva/decimal_ir.h,"(49, 3)-(62, 4)",b'class ValueFull {\n   public:\n    ValueFull(ll...'
arrow-main,../repos/arrow-main/cpp/src/gandiva/decimal_ir.h,"(65, 3)-(82, 4)",b'class ValueWithOverflow {\n   public:\n    Valu...'
arrow-main,../repos/arrow-main/cpp/src/gandiva/decimal_ir.h,"(85, 3)-(104, 4)",b'class ValueSplit {\n   public:\n    ValueSplit(...'
arrow-main,../repos/arrow-main/cpp/src/parquet/encryption/encryption_internal.h,"(80, 3)-(80, 25)",b'class AesEncryptorImpl'
arrow-main,../repos/arrow-main/cpp/src/parquet/types.cc,"(570, 3)-(570, 19)",b'class Compatible'
arrow-main,../repos/arrow-main/cpp/src/parquet/types.cc,"(571, 3)-(571, 25)",b'class SimpleCompatible'
arrow-main,../repos/arrow-main/cpp/src/parquet/types.cc,"(572, 3)-(572, 21)",b'class Incompatible'
arrow-main,../repos/arrow-main/cpp/src/parquet/types.cc,"(574, 3)-(574, 19)",b'class Applicable'
arrow-main,../repos/arrow-main/cpp/src/parquet/types.cc,"(575, 3)-(575, 25)",b'class SimpleApplicable'
arrow-main,../repos/arrow-main/cpp/src/parquet/types.cc,"(576, 3)-(576, 29)",b'class TypeLengthApplicable'
arrow-main,../repos/arrow-main/cpp/src/parquet/types.cc,"(577, 3)-(577, 28)",b'class UniversalApplicable'
arrow-main,../repos/arrow-main/cpp/src/parquet/types.cc,"(578, 3)-(578, 21)",b'class Inapplicable'
arrow-main,../repos/arrow-main/cpp/src/parquet/types.cc,"(580, 3)-(580, 15)",b'class String'
arrow-main,../repos/arrow-main/cpp/src/parquet/types.cc,"(581, 3)-(581, 12)",b'class Map'
arrow-main,../repos/arrow-main/cpp/src/parquet/types.cc,"(582, 3)-(582, 13)",b'class List'
arrow-main,../repos/arrow-main/cpp/src/parquet/types.cc,"(583, 3)-(583, 13)",b'class Enum'
arrow-main,../repos/arrow-main/cpp/src/parquet/types.cc,"(584, 3)-(584, 16)",b'class Decimal'
arrow-main,../repos/arrow-main/cpp/src/parquet/types.cc,"(585, 3)-(585, 13)",b'class Date'
arrow-main,../repos/arrow-main/cpp/src/parquet/types.cc,"(586, 3)-(586, 13)",b'class Time'
arrow-main,../repos/arrow-main/cpp/src/parquet/types.cc,"(587, 3)-(587, 18)",b'class Timestamp'
arrow-main,../repos/arrow-main/cpp/src/parquet/types.cc,"(588, 3)-(588, 17)",b'class Interval'
arrow-main,../repos/arrow-main/cpp/src/parquet/types.cc,"(589, 3)-(589, 12)",b'class Int'
arrow-main,../repos/arrow-main/cpp/src/parquet/types.cc,"(590, 3)-(590, 13)",b'class Null'
arrow-main,../repos/arrow-main/cpp/src/parquet/types.cc,"(591, 3)-(591, 13)",b'class JSON'
arrow-main,../repos/arrow-main/cpp/src/parquet/types.cc,"(592, 3)-(592, 13)",b'class BSON'
arrow-main,../repos/arrow-main/cpp/src/parquet/types.cc,"(593, 3)-(593, 13)",b'class UUID'
arrow-main,../repos/arrow-main/cpp/src/parquet/types.cc,"(594, 3)-(594, 16)",b'class Float16'
arrow-main,../repos/arrow-main/cpp/src/parquet/types.cc,"(595, 3)-(595, 11)",b'class No'
arrow-main,../repos/arrow-main/cpp/src/parquet/types.cc,"(596, 3)-(596, 18)",b'class Undefined'
