Repo name,File name,Location,Content
arrow-main,../repos/arrow-main/cpp/src/arrow/stl.h,"(27, 10)-(27, 18)",b'#include <vector>\n'
arrow-main,../repos/arrow-main/cpp/src/arrow/pretty_print_test.cc,"(28, 10)-(28, 18)",b'#include <vector>\n'
arrow-main,../repos/arrow-main/cpp/src/arrow/acero/aggregate_benchmark.cc,"(20, 10)-(20, 18)",b'#include <vector>\n'
arrow-main,../repos/arrow-main/cpp/src/arrow/acero/hash_join_dict.h,"(21, 10)-(21, 25)",b'#include <unordered_map>\n'
arrow-main,../repos/arrow-main/cpp/src/arrow/acero/bloom_filter_test.cc,"(24, 10)-(24, 25)",b'#include <unordered_set>\n'
arrow-main,../repos/arrow-main/cpp/src/arrow/acero/map_node.cc,"(24, 10)-(24, 18)",b'#include <vector>\n'
arrow-main,../repos/arrow-main/cpp/src/arrow/acero/asof_join_node_test.cc,"(31, 10)-(31, 25)",b'#include <unordered_set>\n'
arrow-main,../repos/arrow-main/cpp/src/arrow/acero/exec_plan.cc,"(23, 10)-(23, 25)",b'#include <unordered_map>\n'
arrow-main,../repos/arrow-main/cpp/src/arrow/acero/exec_plan.cc,"(24, 10)-(24, 25)",b'#include <unordered_set>\n'
arrow-main,../repos/arrow-main/cpp/src/arrow/acero/groupby_aggregate_node.cc,"(21, 10)-(21, 25)",b'#include <unordered_map>\n'
arrow-main,../repos/arrow-main/cpp/src/arrow/acero/groupby_aggregate_node.cc,"(22, 10)-(22, 25)",b'#include <unordered_set>\n'
arrow-main,../repos/arrow-main/cpp/src/arrow/acero/map_node.h,"(23, 10)-(23, 18)",b'#include <vector>\n'
arrow-main,../repos/arrow-main/cpp/src/arrow/acero/hash_join_dict.cc,"(23, 10)-(23, 25)",b'#include <unordered_map>\n'
arrow-main,../repos/arrow-main/cpp/src/arrow/acero/hash_join_dict.cc,"(24, 10)-(24, 18)",b'#include <vector>\n'
arrow-main,../repos/arrow-main/cpp/src/arrow/acero/aggregate_internal.cc,"(21, 10)-(21, 25)",b'#include <unordered_set>\n'
arrow-main,../repos/arrow-main/cpp/src/arrow/acero/order_by_node.cc,"(23, 10)-(23, 18)",b'#include <vector>\n'
arrow-main,../repos/arrow-main/cpp/src/arrow/acero/test_util_internal.cc,"(30, 10)-(30, 25)",b'#include <unordered_set>\n'
arrow-main,../repos/arrow-main/cpp/src/arrow/acero/test_util_internal.cc,"(32, 10)-(32, 18)",b'#include <vector>\n'
arrow-main,../repos/arrow-main/cpp/src/arrow/acero/exec_plan.h,"(27, 10)-(27, 18)",b'#include <vector>\n'
arrow-main,../repos/arrow-main/cpp/src/arrow/acero/hash_join.cc,"(25, 10)-(25, 25)",b'#include <unordered_map>\n'
arrow-main,../repos/arrow-main/cpp/src/arrow/acero/hash_join.cc,"(26, 10)-(26, 18)",b'#include <vector>\n'
arrow-main,../repos/arrow-main/cpp/src/arrow/acero/tpch_node.h,"(23, 10)-(23, 18)",b'#include <vector>\n'
arrow-main,../repos/arrow-main/cpp/src/arrow/acero/tpch_node.cc,"(25, 10)-(25, 17)",b'#include <queue>\n'
arrow-main,../repos/arrow-main/cpp/src/arrow/acero/tpch_node.cc,"(27, 10)-(27, 25)",b'#include <unordered_map>\n'
arrow-main,../repos/arrow-main/cpp/src/arrow/acero/tpch_node.cc,"(28, 10)-(28, 25)",b'#include <unordered_set>\n'
arrow-main,../repos/arrow-main/cpp/src/arrow/acero/tpch_node.cc,"(29, 10)-(29, 18)",b'#include <vector>\n'
arrow-main,../repos/arrow-main/cpp/src/arrow/acero/hash_join_node_test.cc,"(23, 10)-(23, 25)",b'#include <unordered_set>\n'
arrow-main,../repos/arrow-main/cpp/src/arrow/acero/tpch_node_test.cc,"(24, 10)-(24, 25)",b'#include <unordered_set>\n'
arrow-main,../repos/arrow-main/cpp/src/arrow/acero/aggregate_node.h,"(23, 10)-(23, 18)",b'#include <vector>\n'
arrow-main,../repos/arrow-main/cpp/src/arrow/acero/hash_join_node.cc,"(20, 10)-(20, 25)",b'#include <unordered_set>\n'
arrow-main,../repos/arrow-main/cpp/src/arrow/acero/hash_aggregate_test.cc,"(24, 10)-(24, 25)",b'#include <unordered_map>\n'
arrow-main,../repos/arrow-main/cpp/src/arrow/acero/hash_aggregate_test.cc,"(26, 10)-(26, 18)",b'#include <vector>\n'
arrow-main,../repos/arrow-main/cpp/src/arrow/acero/test_util_internal.h,"(28, 10)-(28, 18)",b'#include <vector>\n'
arrow-main,../repos/arrow-main/cpp/src/arrow/acero/aggregate_internal.h,"(22, 10)-(22, 24)",b'#include <forward_list>\n'
arrow-main,../repos/arrow-main/cpp/src/arrow/acero/aggregate_internal.h,"(26, 10)-(26, 25)",b'#include <unordered_map>\n'
arrow-main,../repos/arrow-main/cpp/src/arrow/acero/aggregate_internal.h,"(27, 10)-(27, 25)",b'#include <unordered_set>\n'
arrow-main,../repos/arrow-main/cpp/src/arrow/acero/hash_join.h,"(22, 10)-(22, 18)",b'#include <vector>\n'
arrow-main,../repos/arrow-main/cpp/src/arrow/acero/hash_join_node.h,"(20, 10)-(20, 18)",b'#include <vector>\n'
arrow-main,../repos/arrow-main/cpp/src/arrow/acero/concurrent_queue_internal.h,"(22, 10)-(22, 17)",b'#include <queue>\n'
arrow-main,../repos/arrow-main/cpp/src/arrow/acero/order_by_impl.h,"(22, 10)-(22, 18)",b'#include <vector>\n'
arrow-main,../repos/arrow-main/cpp/src/arrow/acero/accumulation_queue.h,"(23, 10)-(23, 18)",b'#include <vector>\n'
arrow-main,../repos/arrow-main/cpp/src/arrow/acero/order_by_impl.cc,"(23, 10)-(23, 18)",b'#include <vector>\n'
arrow-main,../repos/arrow-main/cpp/src/arrow/acero/options.h,"(24, 10)-(24, 18)",b'#include <vector>\n'
arrow-main,../repos/arrow-main/cpp/src/arrow/acero/schema_util.h,"(23, 10)-(23, 18)",b'#include <vector>\n'
arrow-main,../repos/arrow-main/cpp/src/arrow/acero/pivot_longer_node.cc,"(23, 10)-(23, 18)",b'#include <vector>\n'
arrow-main,../repos/arrow-main/cpp/src/arrow/acero/asof_join_node.cc,"(30, 10)-(30, 25)",b'#include <unordered_map>\n'
arrow-main,../repos/arrow-main/cpp/src/arrow/acero/asof_join_node.cc,"(31, 10)-(31, 25)",b'#include <unordered_set>\n'
arrow-main,../repos/arrow-main/cpp/src/arrow/acero/task_util.h,"(23, 10)-(23, 18)",b'#include <vector>\n'
arrow-main,../repos/arrow-main/cpp/src/arrow/acero/accumulation_queue.cc,"(22, 10)-(22, 17)",b'#include <queue>\n'
arrow-main,../repos/arrow-main/cpp/src/arrow/acero/accumulation_queue.cc,"(23, 10)-(23, 18)",b'#include <vector>\n'
arrow-main,../repos/arrow-main/cpp/src/arrow/acero/test_nodes.cc,"(20, 10)-(20, 17)",b'#include <deque>\n'
arrow-main,../repos/arrow-main/cpp/src/arrow/acero/test_nodes.cc,"(24, 10)-(24, 18)",b'#include <vector>\n'
arrow-main,../repos/arrow-main/cpp/src/arrow/acero/benchmark_util.h,"(22, 10)-(22, 18)",b'#include <vector>\n'
arrow-main,../repos/arrow-main/cpp/src/arrow/acero/asof_join_node.h,"(18, 10)-(18, 18)",b'#include <vector>\n'
arrow-main,../repos/arrow-main/cpp/src/arrow/acero/scalar_aggregate_node.cc,"(20, 10)-(20, 25)",b'#include <unordered_set>\n'
arrow-main,../repos/arrow-main/cpp/src/arrow/acero/sorted_merge_node.cc,"(24, 10)-(24, 25)",b'#include <unordered_map>\n'
arrow-main,../repos/arrow-main/cpp/src/arrow/acero/sorted_merge_node.cc,"(25, 10)-(25, 18)",b'#include <vector>\n'
arrow-main,../repos/arrow-main/cpp/src/arrow/acero/unmaterialized_table.h,"(21, 10)-(21, 18)",b'#include <vector>\n'
arrow-main,../repos/arrow-main/cpp/src/arrow/acero/util.h,"(24, 10)-(24, 25)",b'#include <unordered_map>\n'
arrow-main,../repos/arrow-main/cpp/src/arrow/acero/util.h,"(25, 10)-(25, 18)",b'#include <vector>\n'
arrow-main,../repos/arrow-main/cpp/src/arrow/adapters/orc/util.cc,"(23, 10)-(23, 18)",b'#include <vector>\n'
arrow-main,../repos/arrow-main/cpp/src/arrow/adapters/orc/adapter.cc,"(23, 10)-(23, 16)",b'#include <list>\n'
arrow-main,../repos/arrow-main/cpp/src/arrow/adapters/orc/adapter.cc,"(28, 10)-(28, 18)",b'#include <vector>\n'
arrow-main,../repos/arrow-main/cpp/src/arrow/adapters/orc/adapter.h,"(22, 10)-(22, 18)",b'#include <vector>\n'
arrow-main,../repos/arrow-main/cpp/src/arrow/adapters/orc/options.h,"(20, 10)-(20, 18)",b'#include <vector>\n'
arrow-main,../repos/arrow-main/cpp/src/arrow/buffer_test.cc,"(25, 10)-(25, 18)",b'#include <vector>\n'
arrow-main,../repos/arrow-main/cpp/src/arrow/pretty_print.cc,"(31, 10)-(31, 18)",b'#include <vector>\n'
arrow-main,../repos/arrow-main/cpp/src/arrow/type_test.cc,"(25, 10)-(25, 25)",b'#include <unordered_set>\n'
arrow-main,../repos/arrow-main/cpp/src/arrow/type_test.cc,"(26, 10)-(26, 18)",b'#include <vector>\n'
arrow-main,../repos/arrow-main/cpp/src/arrow/chunked_array_test.cc,"(24, 10)-(24, 18)",b'#include <vector>\n'
arrow-main,../repos/arrow-main/cpp/src/arrow/dataset/file_ipc_test.cc,"(22, 10)-(22, 18)",b'#include <vector>\n'
arrow-main,../repos/arrow-main/cpp/src/arrow/dataset/file_parquet.h,"(25, 10)-(25, 25)",b'#include <unordered_set>\n'
arrow-main,../repos/arrow-main/cpp/src/arrow/dataset/file_parquet.h,"(27, 10)-(27, 18)",b'#include <vector>\n'
arrow-main,../repos/arrow-main/cpp/src/arrow/dataset/file_base.h,"(26, 10)-(26, 18)",b'#include <vector>\n'
arrow-main,../repos/arrow-main/cpp/src/arrow/dataset/partition.cc,"(24, 10)-(24, 18)",b'#include <vector>\n'
arrow-main,../repos/arrow-main/cpp/src/arrow/dataset/scan_node.cc,"(19, 10)-(19, 16)",b'#include <list>\n'
arrow-main,../repos/arrow-main/cpp/src/arrow/dataset/scan_node.cc,"(24, 10)-(24, 18)",b'#include <vector>\n'
arrow-main,../repos/arrow-main/cpp/src/arrow/dataset/partition_test.cc,"(27, 10)-(27, 18)",b'#include <vector>\n'
arrow-main,../repos/arrow-main/cpp/src/arrow/dataset/file_test.cc,"(22, 10)-(22, 18)",b'#include <vector>\n'
arrow-main,../repos/arrow-main/cpp/src/arrow/dataset/test_util_internal.cc,"(30, 10)-(30, 25)",b'#include <unordered_set>\n'
arrow-main,../repos/arrow-main/cpp/src/arrow/dataset/test_util_internal.cc,"(32, 10)-(32, 18)",b'#include <vector>\n'
arrow-main,../repos/arrow-main/cpp/src/arrow/dataset/dataset_writer.cc,"(20, 10)-(20, 17)",b'#include <deque>\n'
arrow-main,../repos/arrow-main/cpp/src/arrow/dataset/dataset_writer.cc,"(23, 10)-(23, 25)",b'#include <unordered_map>\n'
arrow-main,../repos/arrow-main/cpp/src/arrow/dataset/dataset_writer.cc,"(24, 10)-(24, 25)",b'#include <unordered_set>\n'
arrow-main,../repos/arrow-main/cpp/src/arrow/dataset/forest_internal.h,"(22, 10)-(22, 18)",b'#include <vector>\n'
arrow-main,../repos/arrow-main/cpp/src/arrow/dataset/partition.h,"(27, 10)-(27, 25)",b'#include <unordered_map>\n'
arrow-main,../repos/arrow-main/cpp/src/arrow/dataset/partition.h,"(29, 10)-(29, 18)",b'#include <vector>\n'
arrow-main,../repos/arrow-main/cpp/src/arrow/dataset/discovery.h,"(29, 10)-(29, 18)",b'#include <vector>\n'
arrow-main,../repos/arrow-main/cpp/src/arrow/dataset/subtree_internal.h,"(23, 10)-(23, 25)",b'#include <unordered_map>\n'
arrow-main,../repos/arrow-main/cpp/src/arrow/dataset/subtree_internal.h,"(24, 10)-(24, 25)",b'#include <unordered_set>\n'
arrow-main,../repos/arrow-main/cpp/src/arrow/dataset/subtree_internal.h,"(25, 10)-(25, 18)",b'#include <vector>\n'
arrow-main,../repos/arrow-main/cpp/src/arrow/dataset/test_util_internal.h,"(26, 10)-(26, 25)",b'#include <unordered_map>\n'
arrow-main,../repos/arrow-main/cpp/src/arrow/dataset/test_util_internal.h,"(27, 10)-(27, 25)",b'#include <unordered_set>\n'
arrow-main,../repos/arrow-main/cpp/src/arrow/dataset/test_util_internal.h,"(29, 10)-(29, 18)",b'#include <vector>\n'
arrow-main,../repos/arrow-main/cpp/src/arrow/dataset/discovery.cc,"(23, 10)-(23, 25)",b'#include <unordered_set>\n'
arrow-main,../repos/arrow-main/cpp/src/arrow/dataset/discovery.cc,"(25, 10)-(25, 18)",b'#include <vector>\n'
arrow-main,../repos/arrow-main/cpp/src/arrow/dataset/scanner.cc,"(25, 10)-(25, 15)",b'#include <set>\n'
arrow-main,../repos/arrow-main/cpp/src/arrow/dataset/file_csv.cc,"(24, 10)-(24, 25)",b'#include <unordered_set>\n'
arrow-main,../repos/arrow-main/cpp/src/arrow/dataset/file_parquet_test.cc,"(23, 10)-(23, 18)",b'#include <vector>\n'
arrow-main,../repos/arrow-main/cpp/src/arrow/dataset/dataset_writer_test.cc,"(23, 10)-(23, 18)",b'#include <vector>\n'
arrow-main,../repos/arrow-main/cpp/src/arrow/dataset/file_parquet.cc,"(22, 10)-(22, 25)",b'#include <unordered_map>\n'
arrow-main,../repos/arrow-main/cpp/src/arrow/dataset/file_parquet.cc,"(23, 10)-(23, 25)",b'#include <unordered_set>\n'
arrow-main,../repos/arrow-main/cpp/src/arrow/dataset/file_parquet.cc,"(25, 10)-(25, 18)",b'#include <vector>\n'
arrow-main,../repos/arrow-main/cpp/src/arrow/dataset/file_json.cc,"(21, 10)-(21, 25)",b'#include <unordered_set>\n'
arrow-main,../repos/arrow-main/cpp/src/arrow/dataset/file_json.cc,"(22, 10)-(22, 18)",b'#include <vector>\n'
arrow-main,../repos/arrow-main/cpp/src/arrow/dataset/file_base.cc,"(25, 10)-(25, 25)",b'#include <unordered_map>\n'
arrow-main,../repos/arrow-main/cpp/src/arrow/dataset/file_base.cc,"(27, 10)-(27, 18)",b'#include <vector>\n'
arrow-main,../repos/arrow-main/cpp/src/arrow/dataset/dataset.h,"(27, 10)-(27, 18)",b'#include <vector>\n'
arrow-main,../repos/arrow-main/cpp/src/arrow/dataset/dataset_internal.h,"(23, 10)-(23, 18)",b'#include <vector>\n'
arrow-main,../repos/arrow-main/cpp/src/arrow/dataset/subtree_test.cc,"(22, 10)-(22, 18)",b'#include <vector>\n'
arrow-main,../repos/arrow-main/cpp/src/arrow/dataset/file_ipc.cc,"(23, 10)-(23, 18)",b'#include <vector>\n'
arrow-main,../repos/arrow-main/cpp/src/arrow/dataset/type_fwd.h,"(23, 10)-(23, 18)",b'#include <vector>\n'
arrow-main,../repos/arrow-main/cpp/src/arrow/dataset/file_csv_test.cc,"(22, 10)-(22, 18)",b'#include <vector>\n'
arrow-main,../repos/arrow-main/cpp/src/arrow/dataset/scanner.h,"(26, 10)-(26, 18)",b'#include <vector>\n'
arrow-main,../repos/arrow-main/cpp/src/arrow/table_builder.h,"(22, 10)-(22, 18)",b'#include <vector>\n'
arrow-main,../repos/arrow-main/cpp/src/arrow/buffer.h,"(27, 10)-(27, 18)",b'#include <vector>\n'
arrow-main,../repos/arrow-main/cpp/src/arrow/type_benchmark.cc,"(24, 10)-(24, 18)",b'#include <vector>\n'
arrow-main,../repos/arrow-main/cpp/src/arrow/array/array_run_end.h,"(26, 10)-(26, 18)",b'#include <vector>\n'
arrow-main,../repos/arrow-main/cpp/src/arrow/array/builder_union.h,"(23, 10)-(23, 18)",b'#include <vector>\n'
arrow-main,../repos/arrow-main/cpp/src/arrow/array/builder_base.cc,"(22, 10)-(22, 18)",b'#include <vector>\n'
arrow-main,../repos/arrow-main/cpp/src/arrow/array/dict_internal.h,"(28, 10)-(28, 18)",b'#include <vector>\n'
arrow-main,../repos/arrow-main/cpp/src/arrow/array/validate.cc,"(20, 10)-(20, 18)",b'#include <vector>\n'
arrow-main,../repos/arrow-main/cpp/src/arrow/array/util.cc,"(21, 10)-(21, 17)",b'#include <array>\n'
arrow-main,../repos/arrow-main/cpp/src/arrow/array/util.cc,"(28, 10)-(28, 18)",b'#include <vector>\n'
arrow-main,../repos/arrow-main/cpp/src/arrow/array/array_list_test.cc,"(21, 10)-(21, 18)",b'#include <vector>\n'
arrow-main,../repos/arrow-main/cpp/src/arrow/array/array_nested.cc,"(26, 10)-(26, 18)",b'#include <vector>\n'
arrow-main,../repos/arrow-main/cpp/src/arrow/array/diff.cc,"(30, 10)-(30, 18)",b'#include <vector>\n'
arrow-main,../repos/arrow-main/cpp/src/arrow/array/builder_binary.cc,"(27, 10)-(27, 18)",b'#include <vector>\n'
arrow-main,../repos/arrow-main/cpp/src/arrow/array/builder_primitive.cc,"(25, 10)-(25, 18)",b'#include <vector>\n'
arrow-main,../repos/arrow-main/cpp/src/arrow/array/builder_nested.h,"(24, 10)-(24, 18)",b'#include <vector>\n'
arrow-main,../repos/arrow-main/cpp/src/arrow/array/array_binary.h,"(28, 10)-(28, 18)",b'#include <vector>\n'
arrow-main,../repos/arrow-main/cpp/src/arrow/array/builder_run_end.h,"(24, 10)-(24, 18)",b'#include <vector>\n'
arrow-main,../repos/arrow-main/cpp/src/arrow/array/data.h,"(25, 10)-(25, 18)",b'#include <vector>\n'
arrow-main,../repos/arrow-main/cpp/src/arrow/array/builder_nested.cc,"(23, 10)-(23, 18)",b'#include <vector>\n'
arrow-main,../repos/arrow-main/cpp/src/arrow/array/builder_binary.h,"(20, 10)-(20, 17)",b'#include <array>\n'
arrow-main,../repos/arrow-main/cpp/src/arrow/array/builder_binary.h,"(29, 10)-(29, 18)",b'#include <vector>\n'
arrow-main,../repos/arrow-main/cpp/src/arrow/array/concatenate.cc,"(26, 10)-(26, 18)",b'#include <vector>\n'
arrow-main,../repos/arrow-main/cpp/src/arrow/array/builder_run_end.cc,"(24, 10)-(24, 18)",b'#include <vector>\n'
arrow-main,../repos/arrow-main/cpp/src/arrow/array/builder_primitive.h,"(22, 10)-(22, 18)",b'#include <vector>\n'
arrow-main,../repos/arrow-main/cpp/src/arrow/array/array_struct_test.cc,"(23, 10)-(23, 18)",b'#include <vector>\n'
arrow-main,../repos/arrow-main/cpp/src/arrow/array/array_base.h,"(24, 10)-(24, 18)",b'#include <vector>\n'
arrow-main,../repos/arrow-main/cpp/src/arrow/array/array_test.cc,"(31, 10)-(31, 18)",b'#include <vector>\n'
arrow-main,../repos/arrow-main/cpp/src/arrow/array/array_dict.cc,"(25, 10)-(25, 18)",b'#include <vector>\n'
arrow-main,../repos/arrow-main/cpp/src/arrow/array/array_nested.h,"(27, 10)-(27, 18)",b'#include <vector>\n'
arrow-main,../repos/arrow-main/cpp/src/arrow/array/data.cc,"(26, 10)-(26, 18)",b'#include <vector>\n'
arrow-main,../repos/arrow-main/cpp/src/arrow/array/array_dict_test.cc,"(18, 10)-(18, 17)",b'#include <array>\n'
arrow-main,../repos/arrow-main/cpp/src/arrow/array/array_dict_test.cc,"(23, 10)-(23, 18)",b'#include <vector>\n'
arrow-main,../repos/arrow-main/cpp/src/arrow/array/diff_test.cc,"(26, 10)-(26, 18)",b'#include <vector>\n'
arrow-main,../repos/arrow-main/cpp/src/arrow/array/concatenate_test.cc,"(19, 10)-(19, 17)",b'#include <array>\n'
arrow-main,../repos/arrow-main/cpp/src/arrow/array/concatenate_test.cc,"(30, 10)-(30, 18)",b'#include <vector>\n'
arrow-main,../repos/arrow-main/cpp/src/arrow/array/builder_base.h,"(25, 10)-(25, 18)",b'#include <vector>\n'
arrow-main,../repos/arrow-main/cpp/src/arrow/array/array_run_end_test.cc,"(25, 10)-(25, 18)",b'#include <vector>\n'
arrow-main,../repos/arrow-main/cpp/src/arrow/array/array_binary_test.cc,"(23, 10)-(23, 18)",b'#include <vector>\n'
arrow-main,../repos/arrow-main/cpp/src/arrow/array/util.h,"(22, 10)-(22, 18)",b'#include <vector>\n'
arrow-main,../repos/arrow-main/cpp/src/arrow/sparse_tensor_test.cc,"(25, 10)-(25, 18)",b'#include <vector>\n'
arrow-main,../repos/arrow-main/cpp/src/arrow/tensor/csx_converter.cc,"(23, 10)-(23, 18)",b'#include <vector>\n'
arrow-main,../repos/arrow-main/cpp/src/arrow/tensor/coo_converter.cc,"(24, 10)-(24, 18)",b'#include <vector>\n'
arrow-main,../repos/arrow-main/cpp/src/arrow/tensor/csf_converter.cc,"(24, 10)-(24, 18)",b'#include <vector>\n'
arrow-main,../repos/arrow-main/cpp/src/arrow/builder_benchmark.cc,"(25, 10)-(25, 18)",b'#include <vector>\n'
arrow-main,../repos/arrow-main/cpp/src/arrow/integration/json_internal.cc,"(28, 10)-(28, 18)",b'#include <vector>\n'
arrow-main,../repos/arrow-main/cpp/src/arrow/integration/json_integration_test.cc,"(26, 10)-(26, 18)",b'#include <vector>\n'
arrow-main,../repos/arrow-main/cpp/src/arrow/scalar_test.cc,"(23, 10)-(23, 25)",b'#include <unordered_set>\n'
arrow-main,../repos/arrow-main/cpp/src/arrow/scalar_test.cc,"(25, 10)-(25, 18)",b'#include <vector>\n'
arrow-main,../repos/arrow-main/cpp/src/arrow/table_test.cc,"(25, 10)-(25, 18)",b'#include <vector>\n'
arrow-main,../repos/arrow-main/cpp/src/arrow/filesystem/s3fs.h,"(22, 10)-(22, 18)",b'#include <vector>\n'
arrow-main,../repos/arrow-main/cpp/src/arrow/filesystem/s3fs.cc,"(31, 10)-(31, 25)",b'#include <unordered_map>\n'
arrow-main,../repos/arrow-main/cpp/src/arrow/filesystem/s3fs.cc,"(32, 10)-(32, 25)",b'#include <unordered_set>\n'
arrow-main,../repos/arrow-main/cpp/src/arrow/filesystem/mockfs.cc,"(20, 10)-(20, 15)",b'#include <map>\n'
arrow-main,../repos/arrow-main/cpp/src/arrow/filesystem/mockfs.cc,"(27, 10)-(27, 18)",b'#include <vector>\n'
arrow-main,../repos/arrow-main/cpp/src/arrow/filesystem/gcsfs_internal.cc,"(26, 10)-(26, 25)",b'#include <unordered_map>\n'
arrow-main,../repos/arrow-main/cpp/src/arrow/filesystem/gcsfs_internal.cc,"(27, 10)-(27, 18)",b'#include <vector>\n'
arrow-main,../repos/arrow-main/cpp/src/arrow/filesystem/localfs.h,"(22, 10)-(22, 18)",b'#include <vector>\n'
arrow-main,../repos/arrow-main/cpp/src/arrow/filesystem/test_util.cc,"(23, 10)-(23, 18)",b'#include <vector>\n'
arrow-main,../repos/arrow-main/cpp/src/arrow/filesystem/s3fs_test.cc,"(24, 10)-(24, 18)",b'#include <vector>\n'
arrow-main,../repos/arrow-main/cpp/src/arrow/filesystem/gcsfs_test.cc,"(48, 10)-(48, 17)",b'#include <array>\n'
arrow-main,../repos/arrow-main/cpp/src/arrow/filesystem/gcsfs_internal.h,"(29, 10)-(29, 18)",b'#include <vector>\n'
arrow-main,../repos/arrow-main/cpp/src/arrow/filesystem/mockfs.h,"(24, 10)-(24, 18)",b'#include <vector>\n'
arrow-main,../repos/arrow-main/cpp/src/arrow/filesystem/filesystem.h,"(27, 10)-(27, 18)",b'#include <vector>\n'
arrow-main,../repos/arrow-main/cpp/src/arrow/filesystem/path_util.h,"(24, 10)-(24, 18)",b'#include <vector>\n'
arrow-main,../repos/arrow-main/cpp/src/arrow/filesystem/gcsfs.h,"(23, 10)-(23, 18)",b'#include <vector>\n'
arrow-main,../repos/arrow-main/cpp/src/arrow/filesystem/hdfs.h,"(22, 10)-(22, 18)",b'#include <vector>\n'
arrow-main,../repos/arrow-main/cpp/src/arrow/filesystem/test_util.h,"(23, 10)-(23, 18)",b'#include <vector>\n'
arrow-main,../repos/arrow-main/cpp/src/arrow/filesystem/azurefs.h,"(22, 10)-(22, 18)",b'#include <vector>\n'
arrow-main,../repos/arrow-main/cpp/src/arrow/filesystem/filesystem_test.cc,"(21, 10)-(21, 18)",b'#include <vector>\n'
arrow-main,../repos/arrow-main/cpp/src/arrow/filesystem/localfs_test.cc,"(24, 10)-(24, 18)",b'#include <vector>\n'
arrow-main,../repos/arrow-main/cpp/src/arrow/filesystem/hdfs.cc,"(20, 10)-(20, 25)",b'#include <unordered_map>\n'
arrow-main,../repos/arrow-main/cpp/src/arrow/scalar.h,"(29, 10)-(29, 18)",b'#include <vector>\n'
arrow-main,../repos/arrow-main/cpp/src/arrow/chunk_resolver.cc,"(23, 10)-(23, 18)",b'#include <vector>\n'
arrow-main,../repos/arrow-main/cpp/src/arrow/ipc/reader.cc,"(27, 10)-(27, 25)",b'#include <unordered_map>\n'
arrow-main,../repos/arrow-main/cpp/src/arrow/ipc/reader.cc,"(28, 10)-(28, 25)",b'#include <unordered_set>\n'
arrow-main,../repos/arrow-main/cpp/src/arrow/ipc/reader.cc,"(30, 10)-(30, 18)",b'#include <vector>\n'
arrow-main,../repos/arrow-main/cpp/src/arrow/ipc/feather.h,"(26, 10)-(26, 18)",b'#include <vector>\n'
arrow-main,../repos/arrow-main/cpp/src/arrow/ipc/dictionary.h,"(25, 10)-(25, 18)",b'#include <vector>\n'
arrow-main,../repos/arrow-main/cpp/src/arrow/ipc/dictionary.cc,"(23, 10)-(23, 15)",b'#include <set>\n'
arrow-main,../repos/arrow-main/cpp/src/arrow/ipc/dictionary.cc,"(24, 10)-(24, 25)",b'#include <unordered_map>\n'
arrow-main,../repos/arrow-main/cpp/src/arrow/ipc/dictionary.cc,"(26, 10)-(26, 18)",b'#include <vector>\n'
arrow-main,../repos/arrow-main/cpp/src/arrow/ipc/metadata_internal.h,"(27, 10)-(27, 18)",b'#include <vector>\n'
arrow-main,../repos/arrow-main/cpp/src/arrow/ipc/read_write_test.cc,"(25, 10)-(25, 25)",b'#include <unordered_set>\n'
arrow-main,../repos/arrow-main/cpp/src/arrow/ipc/writer.h,"(24, 10)-(24, 18)",b'#include <vector>\n'
arrow-main,../repos/arrow-main/cpp/src/arrow/ipc/json_simple_test.cc,"(28, 10)-(28, 18)",b'#include <vector>\n'
arrow-main,../repos/arrow-main/cpp/src/arrow/ipc/reader.h,"(26, 10)-(26, 18)",b'#include <vector>\n'
arrow-main,../repos/arrow-main/cpp/src/arrow/ipc/metadata_internal.cc,"(23, 10)-(23, 25)",b'#include <unordered_map>\n'
arrow-main,../repos/arrow-main/cpp/src/arrow/ipc/writer.cc,"(29, 10)-(29, 25)",b'#include <unordered_map>\n'
arrow-main,../repos/arrow-main/cpp/src/arrow/ipc/writer.cc,"(31, 10)-(31, 18)",b'#include <vector>\n'
arrow-main,../repos/arrow-main/cpp/src/arrow/ipc/options.h,"(22, 10)-(22, 18)",b'#include <vector>\n'
arrow-main,../repos/arrow-main/cpp/src/arrow/ipc/feather.cc,"(28, 10)-(28, 18)",b'#include <vector>\n'
arrow-main,../repos/arrow-main/cpp/src/arrow/ipc/test_common.cc,"(25, 10)-(25, 18)",b'#include <vector>\n'
arrow-main,../repos/arrow-main/cpp/src/arrow/ipc/generate_fuzz_corpus.cc,"(26, 10)-(26, 18)",b'#include <vector>\n'
arrow-main,../repos/arrow-main/cpp/src/arrow/ipc/generate_tensor_fuzz_corpus.cc,"(26, 10)-(26, 18)",b'#include <vector>\n'
arrow-main,../repos/arrow-main/cpp/src/arrow/ipc/message.cc,"(26, 10)-(26, 18)",b'#include <vector>\n'
arrow-main,../repos/arrow-main/cpp/src/arrow/ipc/test_common.h,"(22, 10)-(22, 18)",b'#include <vector>\n'
arrow-main,../repos/arrow-main/cpp/src/arrow/ipc/reader_internal.h,"(21, 10)-(21, 18)",b'#include <vector>\n'
arrow-main,../repos/arrow-main/cpp/src/arrow/ipc/json_simple.cc,"(23, 10)-(23, 18)",b'#include <vector>\n'
arrow-main,../repos/arrow-main/cpp/src/arrow/ipc/tensor_test.cc,"(23, 10)-(23, 25)",b'#include <unordered_set>\n'
arrow-main,../repos/arrow-main/cpp/src/arrow/datum.h,"(26, 10)-(26, 18)",b'#include <vector>\n'
arrow-main,../repos/arrow-main/cpp/src/arrow/type.cc,"(30, 10)-(30, 25)",b'#include <unordered_map>\n'
arrow-main,../repos/arrow-main/cpp/src/arrow/type.cc,"(31, 10)-(31, 25)",b'#include <unordered_set>\n'
arrow-main,../repos/arrow-main/cpp/src/arrow/type.cc,"(33, 10)-(33, 18)",b'#include <vector>\n'
arrow-main,../repos/arrow-main/cpp/src/arrow/json/reader.cc,"(22, 10)-(22, 18)",b'#include <vector>\n'
arrow-main,../repos/arrow-main/cpp/src/arrow/json/chunked_builder.cc,"(22, 10)-(22, 25)",b'#include <unordered_map>\n'
arrow-main,../repos/arrow-main/cpp/src/arrow/json/chunked_builder.cc,"(24, 10)-(24, 18)",b'#include <vector>\n'
arrow-main,../repos/arrow-main/cpp/src/arrow/json/chunked_builder_test.cc,"(21, 10)-(21, 18)",b'#include <vector>\n'
arrow-main,../repos/arrow-main/cpp/src/arrow/json/parser_benchmark.cc,"(20, 10)-(20, 25)",b'#include <unordered_set>\n'
arrow-main,../repos/arrow-main/cpp/src/arrow/json/parser_test.cc,"(26, 10)-(26, 18)",b'#include <vector>\n'
arrow-main,../repos/arrow-main/cpp/src/arrow/json/chunked_builder.h,"(21, 10)-(21, 18)",b'#include <vector>\n'
arrow-main,../repos/arrow-main/cpp/src/arrow/json/chunker_test.cc,"(23, 10)-(23, 18)",b'#include <vector>\n'
arrow-main,../repos/arrow-main/cpp/src/arrow/json/reader_test.cc,"(20, 10)-(20, 18)",b'#include <vector>\n'
arrow-main,../repos/arrow-main/cpp/src/arrow/json/object_parser.h,"(22, 10)-(22, 25)",b'#include <unordered_map>\n'
arrow-main,../repos/arrow-main/cpp/src/arrow/json/parser.cc,"(25, 10)-(25, 25)",b'#include <unordered_map>\n'
arrow-main,../repos/arrow-main/cpp/src/arrow/json/parser.cc,"(26, 10)-(26, 25)",b'#include <unordered_set>\n'
arrow-main,../repos/arrow-main/cpp/src/arrow/json/parser.cc,"(28, 10)-(28, 18)",b'#include <vector>\n'
arrow-main,../repos/arrow-main/cpp/src/arrow/json/test_common.h,"(26, 10)-(26, 18)",b'#include <vector>\n'
arrow-main,../repos/arrow-main/cpp/src/arrow/json/chunker.cc,"(23, 10)-(23, 18)",b'#include <vector>\n'
arrow-main,../repos/arrow-main/cpp/src/arrow/chunk_resolver.h,"(22, 10)-(22, 18)",b'#include <vector>\n'
arrow-main,../repos/arrow-main/cpp/src/arrow/vendored/datetime/tz_private.h,"(34, 10)-(34, 18)",b'#include <vector>\n'
arrow-main,../repos/arrow-main/cpp/src/arrow/vendored/datetime/tz.h,"(125, 10)-(125, 18)",b'#include <vector>\n'
arrow-main,../repos/arrow-main/cpp/src/arrow/vendored/datetime/tz.cpp,"(113, 12)-(113, 19)",b'#  include <queue>\n'
arrow-main,../repos/arrow-main/cpp/src/arrow/vendored/datetime/tz.cpp,"(118, 10)-(118, 18)",b'#include <vector>\n'
arrow-main,../repos/arrow-main/cpp/src/arrow/result_test.cc,"(23, 10)-(23, 18)",b'#include <vector>\n'
arrow-main,../repos/arrow-main/cpp/src/arrow/util/byte_size_test.cc,"(22, 10)-(22, 25)",b'#include <unordered_map>\n'
arrow-main,../repos/arrow-main/cpp/src/arrow/util/key_value_metadata.h,"(23, 10)-(23, 25)",b'#include <unordered_map>\n'
arrow-main,../repos/arrow-main/cpp/src/arrow/util/key_value_metadata.h,"(25, 10)-(25, 18)",b'#include <vector>\n'
arrow-main,../repos/arrow-main/cpp/src/arrow/util/bitset_stack.h,"(21, 10)-(21, 17)",b'#include <array>\n'
arrow-main,../repos/arrow-main/cpp/src/arrow/util/bitset_stack.h,"(31, 10)-(31, 18)",b'#include <vector>\n'
arrow-main,../repos/arrow-main/cpp/src/arrow/util/async_util.cc,"(26, 10)-(26, 16)",b'#include <list>\n'
arrow-main,../repos/arrow-main/cpp/src/arrow/util/logging.cc,"(29, 10)-(29, 18)",b'#include <vector>\n'
arrow-main,../repos/arrow-main/cpp/src/arrow/util/thread_pool.h,"(22, 10)-(22, 17)",b'#include <queue>\n'
arrow-main,../repos/arrow-main/cpp/src/arrow/util/thread_pool.h,"(24, 10)-(24, 25)",b'#include <unordered_set>\n'
arrow-main,../repos/arrow-main/cpp/src/arrow/util/vector.h,"(22, 10)-(22, 18)",b'#include <vector>\n'
arrow-main,../repos/arrow-main/cpp/src/arrow/util/float16_test.cc,"(18, 10)-(18, 17)",b'#include <array>\n'
arrow-main,../repos/arrow-main/cpp/src/arrow/util/async_generator.h,"(23, 10)-(23, 17)",b'#include <deque>\n'
arrow-main,../repos/arrow-main/cpp/src/arrow/util/async_generator.h,"(26, 10)-(26, 17)",b'#include <queue>\n'
arrow-main,../repos/arrow-main/cpp/src/arrow/util/io_util.h,"(28, 10)-(28, 18)",b'#include <vector>\n'
arrow-main,../repos/arrow-main/cpp/src/arrow/util/int_util_test.cc,"(24, 10)-(24, 18)",b'#include <vector>\n'
arrow-main,../repos/arrow-main/cpp/src/arrow/util/hashing_test.cc,"(24, 10)-(24, 25)",b'#include <unordered_map>\n'
arrow-main,../repos/arrow-main/cpp/src/arrow/util/hashing_test.cc,"(25, 10)-(25, 25)",b'#include <unordered_set>\n'
arrow-main,../repos/arrow-main/cpp/src/arrow/util/hashing_test.cc,"(26, 10)-(26, 18)",b'#include <vector>\n'
arrow-main,../repos/arrow-main/cpp/src/arrow/util/key_value_metadata.cc,"(24, 10)-(24, 25)",b'#include <unordered_map>\n'
arrow-main,../repos/arrow-main/cpp/src/arrow/util/key_value_metadata.cc,"(25, 10)-(25, 25)",b'#include <unordered_set>\n'
arrow-main,../repos/arrow-main/cpp/src/arrow/util/key_value_metadata.cc,"(27, 10)-(27, 18)",b'#include <vector>\n'
arrow-main,../repos/arrow-main/cpp/src/arrow/util/future_test.cc,"(30, 10)-(30, 25)",b'#include <unordered_set>\n'
arrow-main,../repos/arrow-main/cpp/src/arrow/util/future_test.cc,"(31, 10)-(31, 18)",b'#include <vector>\n'
arrow-main,../repos/arrow-main/cpp/src/arrow/util/small_vector_benchmark.cc,"(24, 10)-(24, 18)",b'#include <vector>\n'
arrow-main,../repos/arrow-main/cpp/src/arrow/util/byte_stream_split_test.cc,"(28, 10)-(28, 18)",b'#include <vector>\n'
arrow-main,../repos/arrow-main/cpp/src/arrow/util/uri.cc,"(24, 10)-(24, 18)",b'#include <vector>\n'
arrow-main,../repos/arrow-main/cpp/src/arrow/util/queue_benchmark.cc,"(21, 10)-(21, 18)",b'#include <vector>\n'
arrow-main,../repos/arrow-main/cpp/src/arrow/util/concurrent_map.h,"(20, 10)-(20, 25)",b'#include <unordered_map>\n'
arrow-main,../repos/arrow-main/cpp/src/arrow/util/bit_util_test.cc,"(19, 10)-(19, 17)",b'#include <array>\n'
arrow-main,../repos/arrow-main/cpp/src/arrow/util/bit_util_test.cc,"(28, 10)-(28, 18)",b'#include <vector>\n'
arrow-main,../repos/arrow-main/cpp/src/arrow/util/thread_pool_test.cc,"(31, 10)-(31, 18)",b'#include <vector>\n'
arrow-main,../repos/arrow-main/cpp/src/arrow/util/rle_encoding.h,"(26, 10)-(26, 18)",b'#include <vector>\n'
arrow-main,../repos/arrow-main/cpp/src/arrow/util/async_util.h,"(22, 10)-(22, 16)",b'#include <list>\n'
arrow-main,../repos/arrow-main/cpp/src/arrow/util/value_parsing_benchmark.cc,"(29, 10)-(29, 18)",b'#include <vector>\n'
arrow-main,../repos/arrow-main/cpp/src/arrow/util/range_test.cc,"(21, 10)-(21, 18)",b'#include <vector>\n'
arrow-main,../repos/arrow-main/cpp/src/arrow/util/decimal_internal.h,"(20, 10)-(20, 17)",b'#include <array>\n'
arrow-main,../repos/arrow-main/cpp/src/arrow/util/stl_util_test.cc,"(19, 10)-(19, 18)",b'#include <vector>\n'
arrow-main,../repos/arrow-main/cpp/src/arrow/util/trie_test.cc,"(22, 10)-(22, 25)",b'#include <unordered_map>\n'
arrow-main,../repos/arrow-main/cpp/src/arrow/util/trie_test.cc,"(24, 10)-(24, 18)",b'#include <vector>\n'
arrow-main,../repos/arrow-main/cpp/src/arrow/util/dispatch.h,"(21, 10)-(21, 18)",b'#include <vector>\n'
arrow-main,../repos/arrow-main/cpp/src/arrow/util/string.h,"(26, 10)-(26, 18)",b'#include <vector>\n'
arrow-main,../repos/arrow-main/cpp/src/arrow/util/tdigest.cc,"(24, 10)-(24, 17)",b'#include <queue>\n'
arrow-main,../repos/arrow-main/cpp/src/arrow/util/tdigest.cc,"(26, 10)-(26, 18)",b'#include <vector>\n'
arrow-main,../repos/arrow-main/cpp/src/arrow/util/bitmap.h,"(21, 10)-(21, 17)",b'#include <array>\n'
arrow-main,../repos/arrow-main/cpp/src/arrow/util/utf8_util_test.cc,"(21, 10)-(21, 18)",b'#include <vector>\n'
arrow-main,../repos/arrow-main/cpp/src/arrow/util/rows_to_batches_test.cc,"(18, 10)-(18, 18)",b'#include <vector>\n'
arrow-main,../repos/arrow-main/cpp/src/arrow/util/range_benchmark.cc,"(20, 10)-(20, 18)",b'#include <vector>\n'
arrow-main,../repos/arrow-main/cpp/src/arrow/util/cancel.h,"(23, 10)-(23, 18)",b'#include <vector>\n'
arrow-main,../repos/arrow-main/cpp/src/arrow/util/int_util_benchmark.cc,"(21, 10)-(21, 18)",b'#include <vector>\n'
arrow-main,../repos/arrow-main/cpp/src/arrow/util/atfork_internal.cc,"(23, 10)-(23, 18)",b'#include <vector>\n'
arrow-main,../repos/arrow-main/cpp/src/arrow/util/async_generator_test.cc,"(25, 10)-(25, 25)",b'#include <unordered_set>\n'
arrow-main,../repos/arrow-main/cpp/src/arrow/util/bit_util_benchmark.cc,"(20, 10)-(20, 17)",b'#include <array>\n'
arrow-main,../repos/arrow-main/cpp/src/arrow/util/tdigest.h,"(27, 10)-(27, 18)",b'#include <vector>\n'
arrow-main,../repos/arrow-main/cpp/src/arrow/util/converter.h,"(21, 10)-(21, 18)",b'#include <vector>\n'
arrow-main,../repos/arrow-main/cpp/src/arrow/util/cache_internal.h,"(21, 10)-(21, 16)",b'#include <list>\n'
arrow-main,../repos/arrow-main/cpp/src/arrow/util/cache_internal.h,"(25, 10)-(25, 25)",b'#include <unordered_map>\n'
arrow-main,../repos/arrow-main/cpp/src/arrow/util/cache_internal.h,"(27, 10)-(27, 18)",b'#include <vector>\n'
arrow-main,../repos/arrow-main/cpp/src/arrow/util/compression_test.cc,"(25, 10)-(25, 18)",b'#include <vector>\n'
arrow-main,../repos/arrow-main/cpp/src/arrow/util/basic_decimal.cc,"(21, 10)-(21, 17)",b'#include <array>\n'
arrow-main,../repos/arrow-main/cpp/src/arrow/util/future.h,"(27, 10)-(27, 18)",b'#include <vector>\n'
arrow-main,../repos/arrow-main/cpp/src/arrow/util/trie_benchmark.cc,"(22, 10)-(22, 18)",b'#include <vector>\n'
arrow-main,../repos/arrow-main/cpp/src/arrow/util/hashing_benchmark.cc,"(23, 10)-(23, 18)",b'#include <vector>\n'
arrow-main,../repos/arrow-main/cpp/src/arrow/util/byte_size.cc,"(21, 10)-(21, 25)",b'#include <unordered_set>\n'
arrow-main,../repos/arrow-main/cpp/src/arrow/util/trie.h,"(28, 10)-(28, 18)",b'#include <vector>\n'
arrow-main,../repos/arrow-main/cpp/src/arrow/util/range.h,"(26, 10)-(26, 18)",b'#include <vector>\n'
arrow-main,../repos/arrow-main/cpp/src/arrow/util/decimal_benchmark.cc,"(21, 10)-(21, 18)",b'#include <vector>\n'
arrow-main,../repos/arrow-main/cpp/src/arrow/util/sort.h,"(25, 10)-(25, 18)",b'#include <vector>\n'
arrow-main,../repos/arrow-main/cpp/src/arrow/util/atfork_test.cc,"(25, 10)-(25, 18)",b'#include <vector>\n'
arrow-main,../repos/arrow-main/cpp/src/arrow/util/thread_pool_benchmark.cc,"(28, 10)-(28, 18)",b'#include <vector>\n'
arrow-main,../repos/arrow-main/cpp/src/arrow/util/string_test.cc,"(23, 10)-(23, 18)",b'#include <vector>\n'
arrow-main,../repos/arrow-main/cpp/src/arrow/util/machine_benchmark.cc,"(25, 10)-(25, 18)",b'#include <vector>\n'
arrow-main,../repos/arrow-main/cpp/src/arrow/util/memory.cc,"(18, 10)-(18, 18)",b'#include <vector>\n'
arrow-main,../repos/arrow-main/cpp/src/arrow/util/cancel_test.cc,"(26, 10)-(26, 18)",b'#include <vector>\n'
arrow-main,../repos/arrow-main/cpp/src/arrow/util/value_parsing_test.cc,"(21, 10)-(21, 18)",b'#include <vector>\n'
arrow-main,../repos/arrow-main/cpp/src/arrow/util/iterator_test.cc,"(26, 10)-(26, 25)",b'#include <unordered_set>\n'
arrow-main,../repos/arrow-main/cpp/src/arrow/util/iterator_test.cc,"(27, 10)-(27, 18)",b'#include <vector>\n'
arrow-main,../repos/arrow-main/cpp/src/arrow/util/parallel.h,"(21, 10)-(21, 18)",b'#include <vector>\n'
arrow-main,../repos/arrow-main/cpp/src/arrow/util/io_util_test.cc,"(27, 10)-(27, 18)",b'#include <vector>\n'
arrow-main,../repos/arrow-main/cpp/src/arrow/util/key_value_metadata_test.cc,"(21, 10)-(21, 25)",b'#include <unordered_map>\n'
arrow-main,../repos/arrow-main/cpp/src/arrow/util/key_value_metadata_test.cc,"(22, 10)-(22, 18)",b'#include <vector>\n'
arrow-main,../repos/arrow-main/cpp/src/arrow/util/tdigest_test.cc,"(29, 10)-(29, 18)",b'#include <vector>\n'
arrow-main,../repos/arrow-main/cpp/src/arrow/util/hashing.h,"(32, 10)-(32, 18)",b'#include <vector>\n'
arrow-main,../repos/arrow-main/cpp/src/arrow/util/uri_test.cc,"(21, 10)-(21, 18)",b'#include <vector>\n'
arrow-main,../repos/arrow-main/cpp/src/arrow/util/align_util_test.cc,"(21, 10)-(21, 18)",b'#include <vector>\n'
arrow-main,../repos/arrow-main/cpp/src/arrow/util/io_util.cc,"(37, 10)-(37, 17)",b'#include <array>\n'
arrow-main,../repos/arrow-main/cpp/src/arrow/util/io_util.cc,"(51, 10)-(51, 18)",b'#include <vector>\n'
arrow-main,../repos/arrow-main/cpp/src/arrow/util/task_group_test.cc,"(27, 10)-(27, 18)",b'#include <vector>\n'
arrow-main,../repos/arrow-main/cpp/src/arrow/util/counting_semaphore_test.cc,"(22, 10)-(22, 18)",b'#include <vector>\n'
arrow-main,../repos/arrow-main/cpp/src/arrow/util/thread_pool.cc,"(22, 10)-(22, 17)",b'#include <deque>\n'
arrow-main,../repos/arrow-main/cpp/src/arrow/util/thread_pool.cc,"(23, 10)-(23, 16)",b'#include <list>\n'
arrow-main,../repos/arrow-main/cpp/src/arrow/util/thread_pool.cc,"(27, 10)-(27, 18)",b'#include <vector>\n'
arrow-main,../repos/arrow-main/cpp/src/arrow/util/bitmap_builders.h,"(22, 10)-(22, 18)",b'#include <vector>\n'
arrow-main,../repos/arrow-main/cpp/src/arrow/util/utf8_util_benchmark.cc,"(22, 10)-(22, 18)",b'#include <vector>\n'
arrow-main,../repos/arrow-main/cpp/src/arrow/util/uri.h,"(25, 10)-(25, 18)",b'#include <vector>\n'
arrow-main,../repos/arrow-main/cpp/src/arrow/util/formatting.h,"(22, 10)-(22, 17)",b'#include <array>\n'
arrow-main,../repos/arrow-main/cpp/src/arrow/util/list_util.cc,"(19, 10)-(19, 18)",b'#include <vector>\n'
arrow-main,../repos/arrow-main/cpp/src/arrow/util/iterator.h,"(27, 10)-(27, 18)",b'#include <vector>\n'
arrow-main,../repos/arrow-main/cpp/src/arrow/util/cpu_info.cc,"(37, 10)-(37, 17)",b'#include <array>\n'
arrow-main,../repos/arrow-main/cpp/src/arrow/util/compression_benchmark.cc,"(26, 10)-(26, 18)",b'#include <vector>\n'
arrow-main,../repos/arrow-main/cpp/src/arrow/util/decimal.cc,"(19, 10)-(19, 17)",b'#include <array>\n'
arrow-main,../repos/arrow-main/cpp/src/arrow/util/endian.h,"(56, 10)-(56, 17)",b'#include <array>\n'
arrow-main,../repos/arrow-main/cpp/src/arrow/util/decimal_test.cc,"(19, 10)-(19, 17)",b'#include <array>\n'
arrow-main,../repos/arrow-main/cpp/src/arrow/util/decimal_test.cc,"(28, 10)-(28, 18)",b'#include <vector>\n'
arrow-main,../repos/arrow-main/cpp/src/arrow/util/crc32_test.cc,"(18, 10)-(18, 17)",b'#include <array>\n'
arrow-main,../repos/arrow-main/cpp/src/arrow/util/async_util_test.cc,"(20, 10)-(20, 17)",b'#include <deque>\n'
arrow-main,../repos/arrow-main/cpp/src/arrow/util/async_util_test.cc,"(22, 10)-(22, 16)",b'#include <list>\n'
arrow-main,../repos/arrow-main/cpp/src/arrow/util/async_util_test.cc,"(25, 10)-(25, 17)",b'#include <queue>\n'
arrow-main,../repos/arrow-main/cpp/src/arrow/util/async_util_test.cc,"(27, 10)-(27, 25)",b'#include <unordered_set>\n'
arrow-main,../repos/arrow-main/cpp/src/arrow/util/rle_encoding_test.cc,"(23, 10)-(23, 18)",b'#include <vector>\n'
arrow-main,../repos/arrow-main/cpp/src/arrow/util/cache_benchmark.cc,"(22, 10)-(22, 18)",b'#include <vector>\n'
arrow-main,../repos/arrow-main/cpp/src/arrow/util/basic_decimal.h,"(20, 10)-(20, 17)",b'#include <array>\n'
arrow-main,../repos/arrow-main/cpp/src/arrow/util/float16.h,"(20, 10)-(20, 17)",b'#include <array>\n'
arrow-main,../repos/arrow-main/cpp/src/arrow/record_batch.h,"(23, 10)-(23, 18)",b'#include <vector>\n'
arrow-main,../repos/arrow-main/cpp/src/arrow/datum.cc,"(23, 10)-(23, 18)",b'#include <vector>\n'
arrow-main,../repos/arrow-main/cpp/src/arrow/flight/transport.cc,"(22, 10)-(22, 25)",b'#include <unordered_map>\n'
arrow-main,../repos/arrow-main/cpp/src/arrow/flight/transport_server.cc,"(20, 10)-(20, 25)",b'#include <unordered_map>\n'
arrow-main,../repos/arrow-main/cpp/src/arrow/flight/transport/grpc/grpc_server.cc,"(25, 10)-(25, 25)",b'#include <unordered_map>\n'
arrow-main,../repos/arrow-main/cpp/src/arrow/flight/transport/grpc/grpc_client.cc,"(21, 10)-(21, 17)",b'#include <deque>\n'
arrow-main,../repos/arrow-main/cpp/src/arrow/flight/transport/grpc/grpc_client.cc,"(22, 10)-(22, 15)",b'#include <map>\n'
arrow-main,../repos/arrow-main/cpp/src/arrow/flight/transport/grpc/grpc_client.cc,"(28, 10)-(28, 25)",b'#include <unordered_map>\n'
arrow-main,../repos/arrow-main/cpp/src/arrow/flight/transport/grpc/util_internal.cc,"(21, 10)-(21, 15)",b'#include <map>\n'
arrow-main,../repos/arrow-main/cpp/src/arrow/flight/transport/grpc/serialization_internal.cc,"(26, 10)-(26, 18)",b'#include <vector>\n'
arrow-main,../repos/arrow-main/cpp/src/arrow/flight/transport/ucx/ucx_internal.cc,"(20, 10)-(20, 17)",b'#include <array>\n'
arrow-main,../repos/arrow-main/cpp/src/arrow/flight/transport/ucx/ucx_internal.cc,"(24, 10)-(24, 25)",b'#include <unordered_map>\n'
arrow-main,../repos/arrow-main/cpp/src/arrow/flight/transport/ucx/ucx_client.cc,"(35, 10)-(35, 17)",b'#include <deque>\n'
arrow-main,../repos/arrow-main/cpp/src/arrow/flight/transport/ucx/ucx_internal.h,"(22, 10)-(22, 17)",b'#include <array>\n'
arrow-main,../repos/arrow-main/cpp/src/arrow/flight/transport/ucx/ucx_internal.h,"(26, 10)-(26, 18)",b'#include <vector>\n'
arrow-main,../repos/arrow-main/cpp/src/arrow/flight/transport/ucx/util_internal.cc,"(27, 10)-(27, 25)",b'#include <unordered_map>\n'
arrow-main,../repos/arrow-main/cpp/src/arrow/flight/transport/ucx/ucx_server.cc,"(23, 10)-(23, 17)",b'#include <queue>\n'
arrow-main,../repos/arrow-main/cpp/src/arrow/flight/transport/ucx/ucx_server.cc,"(25, 10)-(25, 25)",b'#include <unordered_map>\n'
arrow-main,../repos/arrow-main/cpp/src/arrow/flight/server.h,"(28, 10)-(28, 18)",b'#include <vector>\n'
arrow-main,../repos/arrow-main/cpp/src/arrow/flight/types.h,"(25, 10)-(25, 15)",b'#include <map>\n'
arrow-main,../repos/arrow-main/cpp/src/arrow/flight/types.h,"(31, 10)-(31, 18)",b'#include <vector>\n'
arrow-main,../repos/arrow-main/cpp/src/arrow/flight/sql/example/acero_server.cc,"(21, 10)-(21, 17)",b'#include <deque>\n'
arrow-main,../repos/arrow-main/cpp/src/arrow/flight/sql/example/acero_server.cc,"(23, 10)-(23, 25)",b'#include <unordered_map>\n'
arrow-main,../repos/arrow-main/cpp/src/arrow/flight/sql/example/sqlite_server.cc,"(25, 10)-(25, 25)",b'#include <unordered_map>\n'
arrow-main,../repos/arrow-main/cpp/src/arrow/flight/sql/server.h,"(27, 10)-(27, 25)",b'#include <unordered_map>\n'
arrow-main,../repos/arrow-main/cpp/src/arrow/flight/sql/types.h,"(24, 10)-(24, 25)",b'#include <unordered_map>\n'
arrow-main,../repos/arrow-main/cpp/src/arrow/flight/sql/types.h,"(26, 10)-(26, 18)",b'#include <vector>\n'
arrow-main,../repos/arrow-main/cpp/src/arrow/flight/cookie_internal.h,"(27, 10)-(27, 25)",b'#include <unordered_map>\n'
arrow-main,../repos/arrow-main/cpp/src/arrow/flight/test_definitions.cc,"(23, 10)-(23, 25)",b'#include <unordered_map>\n'
arrow-main,../repos/arrow-main/cpp/src/arrow/flight/cookie_internal.cc,"(38, 10)-(38, 15)",b'#include <map>\n'
arrow-main,../repos/arrow-main/cpp/src/arrow/flight/client.h,"(28, 10)-(28, 18)",b'#include <vector>\n'
arrow-main,../repos/arrow-main/cpp/src/arrow/flight/flight_test.cc,"(32, 10)-(32, 18)",b'#include <vector>\n'
arrow-main,../repos/arrow-main/cpp/src/arrow/flight/test_definitions.h,"(31, 10)-(31, 18)",b'#include <vector>\n'
arrow-main,../repos/arrow-main/cpp/src/arrow/flight/flight_benchmark.cc,"(22, 10)-(22, 18)",b'#include <vector>\n'
arrow-main,../repos/arrow-main/cpp/src/arrow/flight/server_tracing_middleware.h,"(24, 10)-(24, 18)",b'#include <vector>\n'
arrow-main,../repos/arrow-main/cpp/src/arrow/flight/test_util.h,"(28, 10)-(28, 18)",b'#include <vector>\n'
arrow-main,../repos/arrow-main/cpp/src/arrow/flight/client_tracing_middleware.cc,"(23, 10)-(23, 18)",b'#include <vector>\n'
arrow-main,../repos/arrow-main/cpp/src/arrow/flight/transport.h,"(64, 10)-(64, 18)",b'#include <vector>\n'
arrow-main,../repos/arrow-main/cpp/src/arrow/flight/server_tracing_middleware.cc,"(24, 10)-(24, 18)",b'#include <vector>\n'
arrow-main,../repos/arrow-main/cpp/src/arrow/flight/integration_tests/test_integration.cc,"(23, 10)-(23, 25)",b'#include <unordered_map>\n'
arrow-main,../repos/arrow-main/cpp/src/arrow/flight/integration_tests/test_integration.cc,"(25, 10)-(25, 18)",b'#include <vector>\n'
arrow-main,../repos/arrow-main/cpp/src/arrow/compare.cc,"(30, 10)-(30, 18)",b'#include <vector>\n'
arrow-main,../repos/arrow-main/cpp/src/arrow/testing/gtest_util.cc,"(46, 10)-(46, 18)",b'#include <vector>\n'
arrow-main,../repos/arrow-main/cpp/src/arrow/testing/extension_type.h,"(22, 10)-(22, 18)",b'#include <vector>\n'
arrow-main,../repos/arrow-main/cpp/src/arrow/testing/random.h,"(26, 10)-(26, 18)",b'#include <vector>\n'
arrow-main,../repos/arrow-main/cpp/src/arrow/testing/builder.h,"(23, 10)-(23, 18)",b'#include <vector>\n'
arrow-main,../repos/arrow-main/cpp/src/arrow/testing/generator.h,"(23, 10)-(23, 18)",b'#include <vector>\n'
arrow-main,../repos/arrow-main/cpp/src/arrow/testing/gtest_util.h,"(31, 10)-(31, 18)",b'#include <vector>\n'
arrow-main,../repos/arrow-main/cpp/src/arrow/testing/random.cc,"(23, 10)-(23, 17)",b'#include <array>\n'
arrow-main,../repos/arrow-main/cpp/src/arrow/testing/random.cc,"(30, 10)-(30, 18)",b'#include <vector>\n'
arrow-main,../repos/arrow-main/cpp/src/arrow/testing/util.h,"(30, 10)-(30, 18)",b'#include <vector>\n'
arrow-main,../repos/arrow-main/cpp/src/arrow/testing/generator.cc,"(23, 10)-(23, 18)",b'#include <vector>\n'
arrow-main,../repos/arrow-main/cpp/src/arrow/csv/reader.cc,"(28, 10)-(28, 25)",b'#include <unordered_map>\n'
arrow-main,../repos/arrow-main/cpp/src/arrow/csv/reader.cc,"(30, 10)-(30, 18)",b'#include <vector>\n'
arrow-main,../repos/arrow-main/cpp/src/arrow/csv/column_builder_test.cc,"(24, 10)-(24, 18)",b'#include <vector>\n'
arrow-main,../repos/arrow-main/cpp/src/arrow/csv/parser.h,"(25, 10)-(25, 18)",b'#include <vector>\n'
arrow-main,../repos/arrow-main/cpp/src/arrow/csv/column_builder.cc,"(25, 10)-(25, 18)",b'#include <vector>\n'
arrow-main,../repos/arrow-main/cpp/src/arrow/csv/parser_test.cc,"(22, 10)-(22, 18)",b'#include <vector>\n'
arrow-main,../repos/arrow-main/cpp/src/arrow/csv/converter.cc,"(20, 10)-(20, 17)",b'#include <array>\n'
arrow-main,../repos/arrow-main/cpp/src/arrow/csv/converter.cc,"(26, 10)-(26, 18)",b'#include <vector>\n'
arrow-main,../repos/arrow-main/cpp/src/arrow/csv/reader_test.cc,"(27, 10)-(27, 18)",b'#include <vector>\n'
arrow-main,../repos/arrow-main/cpp/src/arrow/csv/options.h,"(23, 10)-(23, 25)",b'#include <unordered_map>\n'
arrow-main,../repos/arrow-main/cpp/src/arrow/csv/options.h,"(24, 10)-(24, 18)",b'#include <vector>\n'
arrow-main,../repos/arrow-main/cpp/src/arrow/csv/converter_test.cc,"(24, 10)-(24, 15)",b'#include <set>\n'
arrow-main,../repos/arrow-main/cpp/src/arrow/csv/converter_test.cc,"(26, 10)-(26, 18)",b'#include <vector>\n'
arrow-main,../repos/arrow-main/cpp/src/arrow/csv/test_common.h,"(23, 10)-(23, 18)",b'#include <vector>\n'
arrow-main,../repos/arrow-main/cpp/src/arrow/csv/writer_test.cc,"(23, 10)-(23, 18)",b'#include <vector>\n'
arrow-main,../repos/arrow-main/cpp/src/arrow/csv/column_decoder_test.cc,"(21, 10)-(21, 18)",b'#include <vector>\n'
arrow-main,../repos/arrow-main/cpp/src/arrow/engine/substrait/plan_internal.cc,"(24, 10)-(24, 25)",b'#include <unordered_map>\n'
arrow-main,../repos/arrow-main/cpp/src/arrow/engine/substrait/test_util.cc,"(30, 10)-(30, 25)",b'#include <unordered_set>\n'
arrow-main,../repos/arrow-main/cpp/src/arrow/engine/substrait/test_util.cc,"(32, 10)-(32, 18)",b'#include <vector>\n'
arrow-main,../repos/arrow-main/cpp/src/arrow/engine/substrait/extension_set.h,"(29, 10)-(29, 25)",b'#include <unordered_map>\n'
arrow-main,../repos/arrow-main/cpp/src/arrow/engine/substrait/extension_set.h,"(31, 10)-(31, 18)",b'#include <vector>\n'
arrow-main,../repos/arrow-main/cpp/src/arrow/engine/substrait/relation_internal.cc,"(29, 10)-(29, 18)",b'#include <vector>\n'
arrow-main,../repos/arrow-main/cpp/src/arrow/engine/substrait/ext_test.cc,"(24, 10)-(24, 18)",b'#include <vector>\n'
arrow-main,../repos/arrow-main/cpp/src/arrow/engine/substrait/util_internal.h,"(20, 10)-(20, 25)",b'#include <unordered_map>\n'
arrow-main,../repos/arrow-main/cpp/src/arrow/engine/substrait/type_internal.cc,"(20, 10)-(20, 17)",b'#include <array>\n'
arrow-main,../repos/arrow-main/cpp/src/arrow/engine/substrait/type_internal.cc,"(27, 10)-(27, 18)",b'#include <vector>\n'
arrow-main,../repos/arrow-main/cpp/src/arrow/engine/substrait/test_plan_builder.h,"(30, 10)-(30, 25)",b'#include <unordered_map>\n'
arrow-main,../repos/arrow-main/cpp/src/arrow/engine/substrait/test_plan_builder.h,"(31, 10)-(31, 18)",b'#include <vector>\n'
arrow-main,../repos/arrow-main/cpp/src/arrow/engine/substrait/options.h,"(24, 10)-(24, 18)",b'#include <vector>\n'
arrow-main,../repos/arrow-main/cpp/src/arrow/engine/substrait/serde.h,"(26, 10)-(26, 18)",b'#include <vector>\n'
arrow-main,../repos/arrow-main/cpp/src/arrow/engine/substrait/expression_internal.cc,"(23, 10)-(23, 17)",b'#include <array>\n'
arrow-main,../repos/arrow-main/cpp/src/arrow/engine/substrait/expression_internal.cc,"(33, 10)-(33, 18)",b'#include <vector>\n'
arrow-main,../repos/arrow-main/cpp/src/arrow/engine/substrait/test_util.h,"(27, 10)-(27, 18)",b'#include <vector>\n'
arrow-main,../repos/arrow-main/cpp/src/arrow/engine/substrait/function_test.cc,"(23, 10)-(23, 25)",b'#include <unordered_map>\n'
arrow-main,../repos/arrow-main/cpp/src/arrow/engine/substrait/function_test.cc,"(25, 10)-(25, 18)",b'#include <vector>\n'
arrow-main,../repos/arrow-main/cpp/src/arrow/engine/substrait/extension_set.cc,"(22, 10)-(22, 16)",b'#include <list>\n'
arrow-main,../repos/arrow-main/cpp/src/arrow/engine/substrait/extension_set.cc,"(25, 10)-(25, 25)",b'#include <unordered_set>\n'
arrow-main,../repos/arrow-main/cpp/src/arrow/engine/substrait/util.h,"(23, 10)-(23, 18)",b'#include <vector>\n'
arrow-main,../repos/arrow-main/cpp/src/arrow/engine/simple_extension_type_internal.h,"(25, 10)-(25, 18)",b'#include <vector>\n'
arrow-main,../repos/arrow-main/cpp/src/arrow/tensor.h,"(23, 10)-(23, 18)",b'#include <vector>\n'
arrow-main,../repos/arrow-main/cpp/src/arrow/chunked_array.h,"(24, 10)-(24, 18)",b'#include <vector>\n'
arrow-main,../repos/arrow-main/cpp/src/arrow/compute/kernel_test.cc,"(20, 10)-(20, 18)",b'#include <vector>\n'
arrow-main,../repos/arrow-main/cpp/src/arrow/compute/function.h,"(25, 10)-(25, 18)",b'#include <vector>\n'
arrow-main,../repos/arrow-main/cpp/src/arrow/compute/key_hash_test.cc,"(21, 10)-(21, 15)",b'#include <map>\n'
arrow-main,../repos/arrow-main/cpp/src/arrow/compute/key_hash_test.cc,"(23, 10)-(23, 25)",b'#include <unordered_set>\n'
arrow-main,../repos/arrow-main/cpp/src/arrow/compute/kernel.h,"(29, 10)-(29, 18)",b'#include <vector>\n'
arrow-main,../repos/arrow-main/cpp/src/arrow/compute/function_internal.h,"(22, 10)-(22, 18)",b'#include <vector>\n'
arrow-main,../repos/arrow-main/cpp/src/arrow/compute/kernels/aggregate_test.cc,"(22, 10)-(22, 25)",b'#include <unordered_map>\n'
arrow-main,../repos/arrow-main/cpp/src/arrow/compute/kernels/aggregate_test.cc,"(23, 10)-(23, 25)",b'#include <unordered_set>\n'
arrow-main,../repos/arrow-main/cpp/src/arrow/compute/kernels/vector_selection_internal.h,"(22, 10)-(22, 18)",b'#include <vector>\n'
arrow-main,../repos/arrow-main/cpp/src/arrow/compute/kernels/scalar_set_lookup_test.cc,"(27, 10)-(27, 18)",b'#include <vector>\n'
arrow-main,../repos/arrow-main/cpp/src/arrow/compute/kernels/vector_cumulative_ops_test.cc,"(20, 10)-(20, 18)",b'#include <vector>\n'
arrow-main,../repos/arrow-main/cpp/src/arrow/compute/kernels/vector_selection_internal.cc,"(22, 10)-(22, 18)",b'#include <vector>\n'
arrow-main,../repos/arrow-main/cpp/src/arrow/compute/kernels/scalar_compare_test.cc,"(23, 10)-(23, 18)",b'#include <vector>\n'
arrow-main,../repos/arrow-main/cpp/src/arrow/compute/kernels/scalar_cast_test.cc,"(23, 10)-(23, 18)",b'#include <vector>\n'
arrow-main,../repos/arrow-main/cpp/src/arrow/compute/kernels/aggregate_quantile.cc,"(20, 10)-(20, 18)",b'#include <vector>\n'
arrow-main,../repos/arrow-main/cpp/src/arrow/compute/kernels/scalar_compare_benchmark.cc,"(20, 10)-(20, 18)",b'#include <vector>\n'
arrow-main,../repos/arrow-main/cpp/src/arrow/compute/kernels/scalar_cast_benchmark.cc,"(20, 10)-(20, 18)",b'#include <vector>\n'
arrow-main,../repos/arrow-main/cpp/src/arrow/compute/kernels/vector_selection_filter_internal.cc,"(23, 10)-(23, 18)",b'#include <vector>\n'
arrow-main,../repos/arrow-main/cpp/src/arrow/compute/kernels/vector_select_k.cc,"(18, 10)-(18, 17)",b'#include <queue>\n'
arrow-main,../repos/arrow-main/cpp/src/arrow/compute/kernels/hash_aggregate.cc,"(24, 10)-(24, 25)",b'#include <unordered_map>\n'
arrow-main,../repos/arrow-main/cpp/src/arrow/compute/kernels/hash_aggregate.cc,"(25, 10)-(25, 18)",b'#include <vector>\n'
arrow-main,../repos/arrow-main/cpp/src/arrow/compute/kernels/scalar_boolean_benchmark.cc,"(20, 10)-(20, 18)",b'#include <vector>\n'
arrow-main,../repos/arrow-main/cpp/src/arrow/compute/kernels/scalar_round_benchmark.cc,"(20, 10)-(20, 18)",b'#include <vector>\n'
arrow-main,../repos/arrow-main/cpp/src/arrow/compute/kernels/scalar_arithmetic.cc,"(23, 10)-(23, 18)",b'#include <vector>\n'
arrow-main,../repos/arrow-main/cpp/src/arrow/compute/kernels/aggregate_mode.cc,"(19, 10)-(19, 17)",b'#include <queue>\n'
arrow-main,../repos/arrow-main/cpp/src/arrow/compute/kernels/scalar_arithmetic_benchmark.cc,"(20, 10)-(20, 18)",b'#include <vector>\n'
arrow-main,../repos/arrow-main/cpp/src/arrow/compute/kernels/vector_sort_test.cc,"(25, 10)-(25, 18)",b'#include <vector>\n'
arrow-main,../repos/arrow-main/cpp/src/arrow/compute/kernels/vector_hash_benchmark.cc,"(20, 10)-(20, 18)",b'#include <vector>\n'
arrow-main,../repos/arrow-main/cpp/src/arrow/compute/kernels/vector_hash_test.cc,"(27, 10)-(27, 18)",b'#include <vector>\n'
arrow-main,../repos/arrow-main/cpp/src/arrow/compute/kernels/select_k_test.cc,"(23, 10)-(23, 18)",b'#include <vector>\n'
arrow-main,../repos/arrow-main/cpp/src/arrow/compute/kernels/scalar_boolean_test.cc,"(21, 10)-(21, 18)",b'#include <vector>\n'
arrow-main,../repos/arrow-main/cpp/src/arrow/compute/kernels/codegen_internal.h,"(27, 10)-(27, 18)",b'#include <vector>\n'
arrow-main,../repos/arrow-main/cpp/src/arrow/compute/kernels/scalar_string_test.cc,"(21, 10)-(21, 18)",b'#include <vector>\n'
arrow-main,../repos/arrow-main/cpp/src/arrow/compute/kernels/test_util.h,"(26, 10)-(26, 18)",b'#include <vector>\n'
arrow-main,../repos/arrow-main/cpp/src/arrow/compute/kernels/vector_sort.cc,"(18, 10)-(18, 25)",b'#include <unordered_set>\n'
arrow-main,../repos/arrow-main/cpp/src/arrow/compute/kernels/scalar_boolean.cc,"(18, 10)-(18, 17)",b'#include <array>\n'
arrow-main,../repos/arrow-main/cpp/src/arrow/compute/kernels/vector_selection_test.cc,"(24, 10)-(24, 18)",b'#include <vector>\n'
arrow-main,../repos/arrow-main/cpp/src/arrow/compute/kernels/scalar_cast_nested.cc,"(22, 10)-(22, 18)",b'#include <vector>\n'
arrow-main,../repos/arrow-main/cpp/src/arrow/compute/kernels/codegen_internal.cc,"(24, 10)-(24, 18)",b'#include <vector>\n'
arrow-main,../repos/arrow-main/cpp/src/arrow/compute/kernels/common_internal.h,"(28, 10)-(28, 18)",b'#include <vector>\n'
arrow-main,../repos/arrow-main/cpp/src/arrow/compute/kernels/vector_selection_take_internal.cc,"(22, 10)-(22, 18)",b'#include <vector>\n'
arrow-main,../repos/arrow-main/cpp/src/arrow/compute/kernels/chunked_internal.h,"(23, 10)-(23, 18)",b'#include <vector>\n'
arrow-main,../repos/arrow-main/cpp/src/arrow/compute/kernels/scalar_round.cc,"(23, 10)-(23, 18)",b'#include <vector>\n'
arrow-main,../repos/arrow-main/cpp/src/arrow/compute/registry.cc,"(23, 10)-(23, 25)",b'#include <unordered_map>\n'
arrow-main,../repos/arrow-main/cpp/src/arrow/compute/expression_test.cc,"(24, 10)-(24, 25)",b'#include <unordered_set>\n'
arrow-main,../repos/arrow-main/cpp/src/arrow/compute/expression_test.cc,"(25, 10)-(25, 18)",b'#include <vector>\n'
arrow-main,../repos/arrow-main/cpp/src/arrow/compute/api_vector.cc,"(24, 10)-(24, 18)",b'#include <vector>\n'
arrow-main,../repos/arrow-main/cpp/src/arrow/compute/expression.h,"(26, 10)-(26, 18)",b'#include <vector>\n'
arrow-main,../repos/arrow-main/cpp/src/arrow/compute/row/row_internal.h,"(20, 10)-(20, 18)",b'#include <vector>\n'
arrow-main,../repos/arrow-main/cpp/src/arrow/compute/row/grouper.h,"(21, 10)-(21, 18)",b'#include <vector>\n'
arrow-main,../repos/arrow-main/cpp/src/arrow/compute/row/encode_internal.h,"(22, 10)-(22, 18)",b'#include <vector>\n'
arrow-main,../repos/arrow-main/cpp/src/arrow/compute/expression_internal.h,"(20, 10)-(20, 25)",b'#include <unordered_map>\n'
arrow-main,../repos/arrow-main/cpp/src/arrow/compute/expression_internal.h,"(21, 10)-(21, 25)",b'#include <unordered_set>\n'
arrow-main,../repos/arrow-main/cpp/src/arrow/compute/expression_internal.h,"(22, 10)-(22, 18)",b'#include <vector>\n'
arrow-main,../repos/arrow-main/cpp/src/arrow/compute/exec_test.cc,"(20, 10)-(20, 18)",b'#include <vector>\n'
arrow-main,../repos/arrow-main/cpp/src/arrow/compute/expression.cc,"(22, 10)-(22, 25)",b'#include <unordered_map>\n'
arrow-main,../repos/arrow-main/cpp/src/arrow/compute/expression.cc,"(23, 10)-(23, 25)",b'#include <unordered_set>\n'
arrow-main,../repos/arrow-main/cpp/src/arrow/compute/exec_internal.h,"(24, 10)-(24, 18)",b'#include <vector>\n'
arrow-main,../repos/arrow-main/cpp/src/arrow/compute/cast.h,"(22, 10)-(22, 18)",b'#include <vector>\n'
arrow-main,../repos/arrow-main/cpp/src/arrow/compute/ordering.h,"(21, 10)-(21, 18)",b'#include <vector>\n'
arrow-main,../repos/arrow-main/cpp/src/arrow/compute/function_test.cc,"(24, 10)-(24, 18)",b'#include <vector>\n'
arrow-main,../repos/arrow-main/cpp/src/arrow/compute/cast.cc,"(23, 10)-(23, 25)",b'#include <unordered_map>\n'
arrow-main,../repos/arrow-main/cpp/src/arrow/compute/cast.cc,"(24, 10)-(24, 25)",b'#include <unordered_set>\n'
arrow-main,../repos/arrow-main/cpp/src/arrow/compute/cast.cc,"(26, 10)-(26, 18)",b'#include <vector>\n'
arrow-main,../repos/arrow-main/cpp/src/arrow/compute/cast_internal.h,"(21, 10)-(21, 18)",b'#include <vector>\n'
arrow-main,../repos/arrow-main/cpp/src/arrow/compute/exec.cc,"(26, 10)-(26, 18)",b'#include <vector>\n'
arrow-main,../repos/arrow-main/cpp/src/arrow/compute/exec.h,"(30, 10)-(30, 18)",b'#include <vector>\n'
arrow-main,../repos/arrow-main/cpp/src/arrow/compute/util.h,"(24, 10)-(24, 25)",b'#include <unordered_map>\n'
arrow-main,../repos/arrow-main/cpp/src/arrow/compute/util.h,"(25, 10)-(25, 18)",b'#include <vector>\n'
arrow-main,../repos/arrow-main/cpp/src/arrow/compute/api_aggregate.h,"(23, 10)-(23, 18)",b'#include <vector>\n'
arrow-main,../repos/arrow-main/cpp/src/arrow/compute/registry.h,"(25, 10)-(25, 18)",b'#include <vector>\n'
arrow-main,../repos/arrow-main/cpp/src/arrow/compute/registry_test.cc,"(20, 10)-(20, 18)",b'#include <vector>\n'
arrow-main,../repos/arrow-main/cpp/src/arrow/compare_benchmark.cc,"(20, 10)-(20, 18)",b'#include <vector>\n'
arrow-main,../repos/arrow-main/cpp/src/arrow/stl_test.cc,"(25, 10)-(25, 18)",b'#include <vector>\n'
arrow-main,../repos/arrow-main/cpp/src/arrow/type.h,"(30, 10)-(30, 18)",b'#include <vector>\n'
arrow-main,../repos/arrow-main/cpp/src/arrow/extension_type.cc,"(24, 10)-(24, 25)",b'#include <unordered_map>\n'
arrow-main,../repos/arrow-main/cpp/src/arrow/io/hdfs_test.cc,"(27, 10)-(27, 18)",b'#include <vector>\n'
arrow-main,../repos/arrow-main/cpp/src/arrow/io/memory.h,"(25, 10)-(25, 18)",b'#include <vector>\n'
arrow-main,../repos/arrow-main/cpp/src/arrow/io/caching.h,"(24, 10)-(24, 18)",b'#include <vector>\n'
arrow-main,../repos/arrow-main/cpp/src/arrow/io/interfaces.h,"(24, 10)-(24, 18)",b'#include <vector>\n'
arrow-main,../repos/arrow-main/cpp/src/arrow/io/file_test.cc,"(32, 10)-(32, 18)",b'#include <vector>\n'
arrow-main,../repos/arrow-main/cpp/src/arrow/io/caching.cc,"(23, 10)-(23, 18)",b'#include <vector>\n'
arrow-main,../repos/arrow-main/cpp/src/arrow/io/file.h,"(25, 10)-(25, 18)",b'#include <vector>\n'
arrow-main,../repos/arrow-main/cpp/src/arrow/io/memory_test.cc,"(28, 10)-(28, 18)",b'#include <vector>\n'
arrow-main,../repos/arrow-main/cpp/src/arrow/io/util_internal.h,"(22, 10)-(22, 18)",b'#include <vector>\n'
arrow-main,../repos/arrow-main/cpp/src/arrow/io/buffered_test.cc,"(34, 10)-(34, 18)",b'#include <vector>\n'
arrow-main,../repos/arrow-main/cpp/src/arrow/io/hdfs_internal.cc,"(39, 10)-(39, 18)",b'#include <vector>\n'
arrow-main,../repos/arrow-main/cpp/src/arrow/io/hdfs.h,"(23, 10)-(23, 25)",b'#include <unordered_map>\n'
arrow-main,../repos/arrow-main/cpp/src/arrow/io/hdfs.h,"(24, 10)-(24, 18)",b'#include <vector>\n'
arrow-main,../repos/arrow-main/cpp/src/arrow/io/test_common.cc,"(23, 10)-(23, 18)",b'#include <vector>\n'
arrow-main,../repos/arrow-main/cpp/src/arrow/io/compressed_test.cc,"(24, 10)-(24, 18)",b'#include <vector>\n'
arrow-main,../repos/arrow-main/cpp/src/arrow/io/test_common.h,"(22, 10)-(22, 18)",b'#include <vector>\n'
arrow-main,../repos/arrow-main/cpp/src/arrow/io/interfaces.cc,"(23, 10)-(23, 16)",b'#include <list>\n'
arrow-main,../repos/arrow-main/cpp/src/arrow/io/hdfs.cc,"(27, 10)-(27, 25)",b'#include <unordered_map>\n'
arrow-main,../repos/arrow-main/cpp/src/arrow/io/hdfs.cc,"(29, 10)-(29, 18)",b'#include <vector>\n'
arrow-main,../repos/arrow-main/cpp/src/arrow/tensor.cc,"(28, 10)-(28, 18)",b'#include <vector>\n'
arrow-main,../repos/arrow-main/cpp/src/arrow/type_fwd.h,"(23, 10)-(23, 18)",b'#include <vector>\n'
arrow-main,../repos/arrow-main/cpp/src/arrow/table.h,"(23, 10)-(23, 18)",b'#include <vector>\n'
arrow-main,../repos/arrow-main/cpp/src/arrow/field_ref_test.cc,"(18, 10)-(18, 17)",b'#include <array>\n'
arrow-main,../repos/arrow-main/cpp/src/arrow/field_ref_test.cc,"(22, 10)-(22, 18)",b'#include <vector>\n'
arrow-main,../repos/arrow-main/cpp/src/arrow/builder.cc,"(23, 10)-(23, 18)",b'#include <vector>\n'
arrow-main,../repos/arrow-main/cpp/src/arrow/table_builder_test.cc,"(22, 10)-(22, 18)",b'#include <vector>\n'
arrow-main,../repos/arrow-main/cpp/src/arrow/sparse_tensor.h,"(25, 10)-(25, 18)",b'#include <vector>\n'
arrow-main,../repos/arrow-main/cpp/src/arrow/c/bridge_test.cc,"(19, 10)-(19, 17)",b'#include <deque>\n'
arrow-main,../repos/arrow-main/cpp/src/arrow/c/bridge_test.cc,"(25, 10)-(25, 18)",b'#include <vector>\n'
arrow-main,../repos/arrow-main/cpp/src/arrow/c/bridge.cc,"(27, 10)-(27, 18)",b'#include <vector>\n'
arrow-main,../repos/arrow-main/cpp/src/arrow/gpu/cuda_benchmark.cc,"(22, 10)-(22, 18)",b'#include <vector>\n'
arrow-main,../repos/arrow-main/cpp/src/arrow/gpu/cuda_context.cc,"(27, 10)-(27, 18)",b'#include <vector>\n'
arrow-main,../repos/arrow-main/cpp/src/arrow/gpu/cuda_arrow_ipc.cc,"(23, 10)-(23, 18)",b'#include <vector>\n'
arrow-main,../repos/arrow-main/cpp/src/arrow/record_batch_test.cc,"(25, 10)-(25, 18)",b'#include <vector>\n'
arrow-main,../repos/arrow-main/cpp/src/arrow/tensor_test.cc,"(25, 10)-(25, 18)",b'#include <vector>\n'
arrow-main,../repos/arrow-main/cpp/src/arrow/type_traits.h,"(23, 10)-(23, 18)",b'#include <vector>\n'
arrow-main,../repos/arrow-main/cpp/src/skyhook/protocol/rados_protocol.cc,"(22, 10)-(22, 18)",b'#include <vector>\n'
arrow-main,../repos/arrow-main/cpp/src/gandiva/expression_registry_test.cc,"(21, 10)-(21, 18)",b'#include <vector>\n'
arrow-main,../repos/arrow-main/cpp/src/gandiva/expr_validator.h,"(21, 10)-(21, 25)",b'#include <unordered_map>\n'
arrow-main,../repos/arrow-main/cpp/src/gandiva/func_descriptor.h,"(21, 10)-(21, 18)",b'#include <vector>\n'
arrow-main,../repos/arrow-main/cpp/src/gandiva/llvm_generator_test.cc,"(21, 10)-(21, 18)",b'#include <vector>\n'
arrow-main,../repos/arrow-main/cpp/src/gandiva/exported_funcs_registry.h,"(21, 10)-(21, 18)",b'#include <vector>\n'
arrow-main,../repos/arrow-main/cpp/src/gandiva/selection_vector.cc,"(23, 10)-(23, 18)",b'#include <vector>\n'
arrow-main,../repos/arrow-main/cpp/src/gandiva/function_registry_string.h,"(20, 10)-(20, 18)",b'#include <vector>\n'
arrow-main,../repos/arrow-main/cpp/src/gandiva/projector.cc,"(22, 10)-(22, 18)",b'#include <vector>\n'
arrow-main,../repos/arrow-main/cpp/src/gandiva/function_registry_hash.h,"(20, 10)-(20, 18)",b'#include <vector>\n'
arrow-main,../repos/arrow-main/cpp/src/gandiva/function_registry.h,"(23, 10)-(23, 18)",b'#include <vector>\n'
arrow-main,../repos/arrow-main/cpp/src/gandiva/function_registry_datetime.h,"(20, 10)-(20, 18)",b'#include <vector>\n'
arrow-main,../repos/arrow-main/cpp/src/gandiva/tests/timed_evaluate.h,"(19, 10)-(19, 18)",b'#include <vector>\n'
arrow-main,../repos/arrow-main/cpp/src/gandiva/tests/test_util.h,"(21, 10)-(21, 18)",b'#include <vector>\n'
arrow-main,../repos/arrow-main/cpp/src/gandiva/native_function.h,"(22, 10)-(22, 18)",b'#include <vector>\n'
arrow-main,../repos/arrow-main/cpp/src/gandiva/simple_arena.h,"(23, 10)-(23, 18)",b'#include <vector>\n'
arrow-main,../repos/arrow-main/cpp/src/gandiva/selection_vector_test.cc,"(22, 10)-(22, 18)",b'#include <vector>\n'
arrow-main,../repos/arrow-main/cpp/src/gandiva/expr_decomposer.h,"(22, 10)-(22, 17)",b'#include <stack>\n'
arrow-main,../repos/arrow-main/cpp/src/gandiva/llvm_types.h,"(20, 10)-(20, 15)",b'#include <map>\n'
arrow-main,../repos/arrow-main/cpp/src/gandiva/llvm_types.h,"(21, 10)-(21, 18)",b'#include <vector>\n'
arrow-main,../repos/arrow-main/cpp/src/gandiva/function_registry_math_ops.h,"(20, 10)-(20, 18)",b'#include <vector>\n'
arrow-main,../repos/arrow-main/cpp/src/gandiva/decimal_ir.h,"(22, 10)-(22, 18)",b'#include <vector>\n'
arrow-main,../repos/arrow-main/cpp/src/gandiva/arrow.h,"(21, 10)-(21, 18)",b'#include <vector>\n'
arrow-main,../repos/arrow-main/cpp/src/gandiva/lvalue.h,"(20, 10)-(20, 18)",b'#include <vector>\n'
arrow-main,../repos/arrow-main/cpp/src/gandiva/gandiva_aliases.h,"(22, 10)-(22, 25)",b'#include <unordered_set>\n'
arrow-main,../repos/arrow-main/cpp/src/gandiva/gandiva_aliases.h,"(23, 10)-(23, 18)",b'#include <vector>\n'
arrow-main,../repos/arrow-main/cpp/src/gandiva/local_bitmaps_holder.h,"(22, 10)-(22, 18)",b'#include <vector>\n'
arrow-main,../repos/arrow-main/cpp/src/gandiva/to_date_holder.h,"(22, 10)-(22, 25)",b'#include <unordered_map>\n'
arrow-main,../repos/arrow-main/cpp/src/gandiva/projector.h,"(23, 10)-(23, 18)",b'#include <vector>\n'
arrow-main,../repos/arrow-main/cpp/src/gandiva/tree_expr_builder.h,"(23, 10)-(23, 25)",b'#include <unordered_set>\n'
arrow-main,../repos/arrow-main/cpp/src/gandiva/tree_expr_builder.h,"(24, 10)-(24, 18)",b'#include <vector>\n'
arrow-main,../repos/arrow-main/cpp/src/gandiva/compiled_expr.h,"(20, 10)-(20, 18)",b'#include <vector>\n'
arrow-main,../repos/arrow-main/cpp/src/gandiva/llvm_generator.cc,"(22, 10)-(22, 18)",b'#include <vector>\n'
arrow-main,../repos/arrow-main/cpp/src/gandiva/function_registry_common.h,"(22, 10)-(22, 25)",b'#include <unordered_map>\n'
arrow-main,../repos/arrow-main/cpp/src/gandiva/function_registry_common.h,"(23, 10)-(23, 18)",b'#include <vector>\n'
arrow-main,../repos/arrow-main/cpp/src/gandiva/bitmap_accumulator.h,"(20, 10)-(20, 18)",b'#include <vector>\n'
arrow-main,../repos/arrow-main/cpp/src/gandiva/date_utils.cc,"(22, 10)-(22, 18)",b'#include <vector>\n'
arrow-main,../repos/arrow-main/cpp/src/gandiva/node.h,"(22, 10)-(22, 25)",b'#include <unordered_set>\n'
arrow-main,../repos/arrow-main/cpp/src/gandiva/node.h,"(23, 10)-(23, 18)",b'#include <vector>\n'
arrow-main,../repos/arrow-main/cpp/src/gandiva/expr_validator.cc,"(19, 10)-(19, 18)",b'#include <vector>\n'
arrow-main,../repos/arrow-main/cpp/src/gandiva/in_holder.h,"(21, 10)-(21, 25)",b'#include <unordered_set>\n'
arrow-main,../repos/arrow-main/cpp/src/gandiva/gdv_function_stubs.cc,"(24, 10)-(24, 18)",b'#include <vector>\n'
arrow-main,../repos/arrow-main/cpp/src/gandiva/bitmap_accumulator.cc,"(20, 10)-(20, 18)",b'#include <vector>\n'
arrow-main,../repos/arrow-main/cpp/src/gandiva/expression_registry.h,"(21, 10)-(21, 18)",b'#include <vector>\n'
arrow-main,../repos/arrow-main/cpp/src/gandiva/function_signature.cc,"(24, 10)-(24, 18)",b'#include <vector>\n'
arrow-main,../repos/arrow-main/cpp/src/gandiva/value_validity_pair.h,"(20, 10)-(20, 18)",b'#include <vector>\n'
arrow-main,../repos/arrow-main/cpp/src/gandiva/precompiled/decimal_ops_test.cc,"(23, 10)-(23, 18)",b'#include <vector>\n'
arrow-main,../repos/arrow-main/cpp/src/gandiva/dex.h,"(22, 10)-(22, 25)",b'#include <unordered_set>\n'
arrow-main,../repos/arrow-main/cpp/src/gandiva/dex.h,"(23, 10)-(23, 18)",b'#include <vector>\n'
arrow-main,../repos/arrow-main/cpp/src/gandiva/engine.cc,"(31, 10)-(31, 25)",b'#include <unordered_set>\n'
arrow-main,../repos/arrow-main/cpp/src/gandiva/expr_decomposer.cc,"(21, 10)-(21, 17)",b'#include <stack>\n'
arrow-main,../repos/arrow-main/cpp/src/gandiva/expr_decomposer.cc,"(23, 10)-(23, 25)",b'#include <unordered_set>\n'
arrow-main,../repos/arrow-main/cpp/src/gandiva/expr_decomposer.cc,"(24, 10)-(24, 18)",b'#include <vector>\n'
arrow-main,../repos/arrow-main/cpp/src/gandiva/annotator.h,"(20, 10)-(20, 16)",b'#include <list>\n'
arrow-main,../repos/arrow-main/cpp/src/gandiva/annotator.h,"(22, 10)-(22, 25)",b'#include <unordered_map>\n'
arrow-main,../repos/arrow-main/cpp/src/gandiva/annotator.h,"(23, 10)-(23, 18)",b'#include <vector>\n'
arrow-main,../repos/arrow-main/cpp/src/gandiva/filter.h,"(23, 10)-(23, 18)",b'#include <vector>\n'
arrow-main,../repos/arrow-main/cpp/src/gandiva/function_registry_test.cc,"(24, 10)-(24, 25)",b'#include <unordered_set>\n'
arrow-main,../repos/arrow-main/cpp/src/gandiva/hash_utils_test.cc,"(19, 10)-(19, 25)",b'#include <unordered_set>\n'
arrow-main,../repos/arrow-main/cpp/src/gandiva/function_registry.cc,"(21, 10)-(21, 18)",b'#include <vector>\n'
arrow-main,../repos/arrow-main/cpp/src/gandiva/function_signature.h,"(21, 10)-(21, 18)",b'#include <vector>\n'
arrow-main,../repos/arrow-main/cpp/src/gandiva/decimal_ir.cc,"(19, 10)-(19, 25)",b'#include <unordered_set>\n'
arrow-main,../repos/arrow-main/cpp/src/gandiva/lru_cache.h,"(20, 10)-(20, 16)",b'#include <list>\n'
arrow-main,../repos/arrow-main/cpp/src/gandiva/lru_cache.h,"(22, 10)-(22, 25)",b'#include <unordered_map>\n'
arrow-main,../repos/arrow-main/cpp/src/gandiva/gdv_string_function_stubs.cc,"(23, 10)-(23, 25)",b'#include <unordered_map>\n'
arrow-main,../repos/arrow-main/cpp/src/gandiva/gdv_string_function_stubs.cc,"(24, 10)-(24, 18)",b'#include <vector>\n'
arrow-main,../repos/arrow-main/cpp/src/gandiva/date_utils.h,"(22, 10)-(22, 25)",b'#include <unordered_map>\n'
arrow-main,../repos/arrow-main/cpp/src/gandiva/date_utils.h,"(23, 10)-(23, 18)",b'#include <vector>\n'
arrow-main,../repos/arrow-main/cpp/src/gandiva/function_holder_maker_registry.h,"(22, 10)-(22, 25)",b'#include <unordered_map>\n'
arrow-main,../repos/arrow-main/cpp/src/gandiva/function_registry_timestamp_arithmetic.h,"(20, 10)-(20, 18)",b'#include <vector>\n'
arrow-main,../repos/arrow-main/cpp/src/gandiva/decimal_xlarge.cc,"(29, 10)-(29, 18)",b'#include <vector>\n'
arrow-main,../repos/arrow-main/cpp/src/gandiva/regex_util.h,"(20, 10)-(20, 15)",b'#include <set>\n'
arrow-main,../repos/arrow-main/cpp/src/gandiva/engine.h,"(24, 10)-(24, 15)",b'#include <set>\n'
arrow-main,../repos/arrow-main/cpp/src/gandiva/engine.h,"(26, 10)-(26, 18)",b'#include <vector>\n'
arrow-main,../repos/arrow-main/cpp/src/gandiva/bitmap_accumulator_test.cc,"(21, 10)-(21, 18)",b'#include <vector>\n'
arrow-main,../repos/arrow-main/cpp/src/gandiva/function_registry_arithmetic.h,"(20, 10)-(20, 18)",b'#include <vector>\n'
arrow-main,../repos/arrow-main/cpp/src/gandiva/function_ir_builder.h,"(23, 10)-(23, 18)",b'#include <vector>\n'
arrow-main,../repos/arrow-main/cpp/src/gandiva/lru_cache_test.cc,"(20, 10)-(20, 15)",b'#include <map>\n'
arrow-main,../repos/arrow-main/cpp/src/gandiva/llvm_generator.h,"(25, 10)-(25, 18)",b'#include <vector>\n'
arrow-main,../repos/arrow-main/cpp/src/gandiva/exported_funcs.h,"(20, 10)-(20, 18)",b'#include <vector>\n'
arrow-main,../repos/arrow-main/cpp/src/parquet/encoding.cc,"(28, 10)-(28, 18)",b'#include <vector>\n'
arrow-main,../repos/arrow-main/cpp/src/parquet/column_scanner_test.cc,"(26, 10)-(26, 18)",b'#include <vector>\n'
arrow-main,../repos/arrow-main/cpp/src/parquet/bloom_filter_test.cc,"(26, 10)-(26, 18)",b'#include <vector>\n'
arrow-main,../repos/arrow-main/cpp/src/parquet/metadata.cc,"(27, 10)-(27, 18)",b'#include <vector>\n'
arrow-main,../repos/arrow-main/cpp/src/parquet/level_conversion_test.cc,"(27, 10)-(27, 18)",b'#include <vector>\n'
arrow-main,../repos/arrow-main/cpp/src/parquet/schema_internal.h,"(23, 10)-(23, 18)",b'#include <vector>\n'
arrow-main,../repos/arrow-main/cpp/src/parquet/printer.cc,"(25, 10)-(25, 18)",b'#include <vector>\n'
arrow-main,../repos/arrow-main/cpp/src/parquet/statistics_test.cc,"(21, 10)-(21, 17)",b'#include <array>\n'
arrow-main,../repos/arrow-main/cpp/src/parquet/statistics_test.cc,"(27, 10)-(27, 18)",b'#include <vector>\n'
arrow-main,../repos/arrow-main/cpp/src/parquet/column_reader.cc,"(28, 10)-(28, 25)",b'#include <unordered_map>\n'
arrow-main,../repos/arrow-main/cpp/src/parquet/column_reader.cc,"(30, 10)-(30, 18)",b'#include <vector>\n'
arrow-main,../repos/arrow-main/cpp/src/parquet/encryption/test_in_memory_kms.h,"(20, 10)-(20, 25)",b'#include <unordered_map>\n'
arrow-main,../repos/arrow-main/cpp/src/parquet/encryption/internal_file_encryptor.h,"(20, 10)-(20, 15)",b'#include <map>\n'
arrow-main,../repos/arrow-main/cpp/src/parquet/encryption/internal_file_encryptor.h,"(23, 10)-(23, 18)",b'#include <vector>\n'
arrow-main,../repos/arrow-main/cpp/src/parquet/encryption/two_level_cache_with_expiration.h,"(21, 10)-(21, 25)",b'#include <unordered_map>\n'
arrow-main,../repos/arrow-main/cpp/src/parquet/encryption/key_encryption_key.h,"(21, 10)-(21, 18)",b'#include <vector>\n'
arrow-main,../repos/arrow-main/cpp/src/parquet/encryption/encryption.cc,"(22, 10)-(22, 15)",b'#include <map>\n'
arrow-main,../repos/arrow-main/cpp/src/parquet/encryption/key_management_test.cc,"(23, 10)-(23, 25)",b'#include <unordered_map>\n'
arrow-main,../repos/arrow-main/cpp/src/parquet/encryption/encryption_internal.h,"(22, 10)-(22, 18)",b'#include <vector>\n'
arrow-main,../repos/arrow-main/cpp/src/parquet/encryption/test_encryption_util.h,"(26, 10)-(26, 25)",b'#include <unordered_map>\n'
arrow-main,../repos/arrow-main/cpp/src/parquet/encryption/openssl_internal.h,"(22, 10)-(22, 18)",b'#include <vector>\n'
arrow-main,../repos/arrow-main/cpp/src/parquet/encryption/file_key_material_store.h,"(20, 10)-(20, 15)",b'#include <set>\n'
arrow-main,../repos/arrow-main/cpp/src/parquet/encryption/file_key_material_store.h,"(22, 10)-(22, 25)",b'#include <unordered_map>\n'
arrow-main,../repos/arrow-main/cpp/src/parquet/encryption/file_key_wrapper.h,"(22, 10)-(22, 25)",b'#include <unordered_map>\n'
arrow-main,../repos/arrow-main/cpp/src/parquet/encryption/file_system_key_material_store.h,"(20, 10)-(20, 15)",b'#include <set>\n'
arrow-main,../repos/arrow-main/cpp/src/parquet/encryption/file_system_key_material_store.h,"(22, 10)-(22, 25)",b'#include <unordered_map>\n'
arrow-main,../repos/arrow-main/cpp/src/parquet/encryption/encryption.h,"(20, 10)-(20, 15)",b'#include <map>\n'
arrow-main,../repos/arrow-main/cpp/src/parquet/encryption/encryption_internal.cc,"(29, 10)-(29, 18)",b'#include <vector>\n'
arrow-main,../repos/arrow-main/cpp/src/parquet/encryption/kms_client.h,"(22, 10)-(22, 25)",b'#include <unordered_map>\n'
arrow-main,../repos/arrow-main/cpp/src/parquet/encryption/local_wrap_kms_client.h,"(20, 10)-(20, 25)",b'#include <unordered_map>\n'
arrow-main,../repos/arrow-main/cpp/src/parquet/encryption/local_wrap_kms_client.h,"(21, 10)-(21, 18)",b'#include <vector>\n'
arrow-main,../repos/arrow-main/cpp/src/parquet/encryption/internal_file_decryptor.h,"(20, 10)-(20, 15)",b'#include <map>\n'
arrow-main,../repos/arrow-main/cpp/src/parquet/encryption/internal_file_decryptor.h,"(23, 10)-(23, 18)",b'#include <vector>\n'
arrow-main,../repos/arrow-main/cpp/src/parquet/arrow/reader.cc,"(23, 10)-(23, 25)",b'#include <unordered_set>\n'
arrow-main,../repos/arrow-main/cpp/src/parquet/arrow/reader.cc,"(25, 10)-(25, 18)",b'#include <vector>\n'
arrow-main,../repos/arrow-main/cpp/src/parquet/arrow/path_internal_test.cc,"(22, 10)-(22, 18)",b'#include <vector>\n'
arrow-main,../repos/arrow-main/cpp/src/parquet/arrow/arrow_reader_writer_test.cc,"(29, 10)-(29, 15)",b'#include <set>\n'
arrow-main,../repos/arrow-main/cpp/src/parquet/arrow/arrow_reader_writer_test.cc,"(31, 10)-(31, 18)",b'#include <vector>\n'
arrow-main,../repos/arrow-main/cpp/src/parquet/arrow/reader_internal.cc,"(28, 10)-(28, 18)",b'#include <vector>\n'
arrow-main,../repos/arrow-main/cpp/src/parquet/arrow/path_internal.h,"(23, 10)-(23, 18)",b'#include <vector>\n'
arrow-main,../repos/arrow-main/cpp/src/parquet/arrow/reader.h,"(24, 10)-(24, 18)",b'#include <vector>\n'
arrow-main,../repos/arrow-main/cpp/src/parquet/arrow/reconstruct_internal_test.cc,"(23, 10)-(23, 18)",b'#include <vector>\n'
arrow-main,../repos/arrow-main/cpp/src/parquet/arrow/writer.cc,"(21, 10)-(21, 17)",b'#include <deque>\n'
arrow-main,../repos/arrow-main/cpp/src/parquet/arrow/writer.cc,"(26, 10)-(26, 18)",b'#include <vector>\n'
arrow-main,../repos/arrow-main/cpp/src/parquet/arrow/schema.h,"(22, 10)-(22, 25)",b'#include <unordered_map>\n'
arrow-main,../repos/arrow-main/cpp/src/parquet/arrow/schema.h,"(23, 10)-(23, 25)",b'#include <unordered_set>\n'
arrow-main,../repos/arrow-main/cpp/src/parquet/arrow/schema.h,"(24, 10)-(24, 18)",b'#include <vector>\n'
arrow-main,../repos/arrow-main/cpp/src/parquet/arrow/test_util.h,"(25, 10)-(25, 18)",b'#include <vector>\n'
arrow-main,../repos/arrow-main/cpp/src/parquet/arrow/generate_fuzz_corpus.cc,"(26, 10)-(26, 18)",b'#include <vector>\n'
arrow-main,../repos/arrow-main/cpp/src/parquet/arrow/reader_internal.h,"(22, 10)-(22, 17)",b'#include <deque>\n'
arrow-main,../repos/arrow-main/cpp/src/parquet/arrow/reader_internal.h,"(25, 10)-(25, 25)",b'#include <unordered_set>\n'
arrow-main,../repos/arrow-main/cpp/src/parquet/arrow/reader_internal.h,"(27, 10)-(27, 18)",b'#include <vector>\n'
arrow-main,../repos/arrow-main/cpp/src/parquet/arrow/arrow_schema_test.cc,"(19, 10)-(19, 18)",b'#include <vector>\n'
arrow-main,../repos/arrow-main/cpp/src/parquet/arrow/path_internal.cc,"(93, 10)-(93, 18)",b'#include <vector>\n'
arrow-main,../repos/arrow-main/cpp/src/parquet/arrow/reader_writer_benchmark.cc,"(20, 10)-(20, 17)",b'#include <array>\n'
arrow-main,../repos/arrow-main/cpp/src/parquet/arrow/schema.cc,"(22, 10)-(22, 18)",b'#include <vector>\n'
arrow-main,../repos/arrow-main/cpp/src/parquet/test_util.cc,"(31, 10)-(31, 18)",b'#include <vector>\n'
arrow-main,../repos/arrow-main/cpp/src/parquet/properties.h,"(22, 10)-(22, 25)",b'#include <unordered_map>\n'
arrow-main,../repos/arrow-main/cpp/src/parquet/properties.h,"(23, 10)-(23, 25)",b'#include <unordered_set>\n'
arrow-main,../repos/arrow-main/cpp/src/parquet/stream_reader.cc,"(21, 10)-(21, 15)",b'#include <set>\n'
arrow-main,../repos/arrow-main/cpp/src/parquet/file_reader.h,"(23, 10)-(23, 18)",b'#include <vector>\n'
arrow-main,../repos/arrow-main/cpp/src/parquet/column_scanner.h,"(27, 10)-(27, 18)",b'#include <vector>\n'
arrow-main,../repos/arrow-main/cpp/src/parquet/file_reader.cc,"(26, 10)-(26, 25)",b'#include <unordered_map>\n'
arrow-main,../repos/arrow-main/cpp/src/parquet/column_writer_test.cc,"(19, 10)-(19, 18)",b'#include <vector>\n'
arrow-main,../repos/arrow-main/cpp/src/parquet/schema_test.cc,"(26, 10)-(26, 18)",b'#include <vector>\n'
arrow-main,../repos/arrow-main/cpp/src/parquet/stream_reader.h,"(20, 10)-(20, 17)",b'#include <array>\n'
arrow-main,../repos/arrow-main/cpp/src/parquet/stream_reader.h,"(27, 10)-(27, 18)",b'#include <vector>\n'
arrow-main,../repos/arrow-main/cpp/src/parquet/level_comparison.cc,"(24, 10)-(24, 18)",b'#include <vector>\n'
arrow-main,../repos/arrow-main/cpp/src/parquet/thrift_internal.h,"(30, 10)-(30, 18)",b'#include <vector>\n'
arrow-main,../repos/arrow-main/cpp/src/parquet/encoding_test.cc,"(24, 10)-(24, 18)",b'#include <vector>\n'
arrow-main,../repos/arrow-main/cpp/src/parquet/metadata.h,"(21, 10)-(21, 15)",b'#include <map>\n'
arrow-main,../repos/arrow-main/cpp/src/parquet/metadata.h,"(26, 10)-(26, 18)",b'#include <vector>\n'
arrow-main,../repos/arrow-main/cpp/src/parquet/encoding.h,"(23, 10)-(23, 18)",b'#include <vector>\n'
arrow-main,../repos/arrow-main/cpp/src/parquet/stream_writer.h,"(20, 10)-(20, 17)",b'#include <array>\n'
arrow-main,../repos/arrow-main/cpp/src/parquet/stream_writer.h,"(27, 10)-(27, 18)",b'#include <vector>\n'
arrow-main,../repos/arrow-main/cpp/src/parquet/page_index_benchmark.cc,"(19, 10)-(19, 18)",b'#include <vector>\n'
arrow-main,../repos/arrow-main/cpp/src/parquet/printer.h,"(21, 10)-(21, 16)",b'#include <list>\n'
arrow-main,../repos/arrow-main/cpp/src/parquet/schema.h,"(27, 10)-(27, 25)",b'#include <unordered_map>\n'
arrow-main,../repos/arrow-main/cpp/src/parquet/schema.h,"(29, 10)-(29, 18)",b'#include <vector>\n'
arrow-main,../repos/arrow-main/cpp/src/parquet/column_reader.h,"(23, 10)-(23, 18)",b'#include <vector>\n'
arrow-main,../repos/arrow-main/cpp/src/parquet/level_conversion_benchmark.cc,"(19, 10)-(19, 18)",b'#include <vector>\n'
arrow-main,../repos/arrow-main/cpp/src/parquet/column_writer.cc,"(23, 10)-(23, 15)",b'#include <map>\n'
arrow-main,../repos/arrow-main/cpp/src/parquet/column_writer.cc,"(26, 10)-(26, 18)",b'#include <vector>\n'
arrow-main,../repos/arrow-main/cpp/src/parquet/test_util.h,"(30, 10)-(30, 18)",b'#include <vector>\n'
arrow-main,../repos/arrow-main/cpp/src/parquet/file_writer.cc,"(24, 10)-(24, 18)",b'#include <vector>\n'
arrow-main,../repos/arrow-main/cpp/src/parquet/column_reader_test.cc,"(28, 10)-(28, 18)",b'#include <vector>\n'
arrow-main,../repos/arrow-main/cpp/src/parquet/benchmark_util.h,"(22, 10)-(22, 18)",b'#include <vector>\n'
arrow-main,../repos/arrow-main/cpp/src/parquet/page_index.h,"(25, 10)-(25, 18)",b'#include <vector>\n'
arrow-main,../repos/arrow-main/cpp/examples/arrow/dataset_documentation_example.cc,"(36, 10)-(36, 18)",b'#include <vector>\n'
arrow-main,../repos/arrow-main/cpp/examples/arrow/compute_and_write_csv_example.cc,"(27, 10)-(27, 18)",b'#include <vector>\n'
arrow-main,../repos/arrow-main/cpp/examples/arrow/join_example.cc,"(43, 10)-(43, 18)",b'#include <vector>\n'
arrow-main,../repos/arrow-main/cpp/examples/arrow/row_wise_conversion_example.cc,"(24, 10)-(24, 18)",b'#include <vector>\n'
arrow-main,../repos/arrow-main/cpp/examples/arrow/engine_substrait_consumption.cc,"(25, 10)-(25, 18)",b'#include <vector>\n'
arrow-main,../repos/arrow-main/cpp/examples/arrow/udf_example.cc,"(27, 10)-(27, 18)",b'#include <vector>\n'
arrow-main,../repos/arrow-main/cpp/examples/arrow/rapidjson_row_converter.cc,"(34, 10)-(34, 18)",b'#include <vector>\n'
arrow-main,../repos/arrow-main/cpp/thirdparty/flatbuffers/include/flatbuffers/stl_emulation.h,"(25, 10)-(25, 18)",b'#include <vector>\n'
arrow-main,../repos/arrow-main/cpp/thirdparty/flatbuffers/include/flatbuffers/stl_emulation.h,"(60, 12)-(60, 19)",b'#include <array>\n'
arrow-main,../repos/arrow-main/cpp/thirdparty/flatbuffers/include/flatbuffers/stl_emulation.h,"(68, 14)-(68, 21)",b'#include <array>\n'
arrow-main,../repos/arrow-main/cpp/thirdparty/flatbuffers/include/flatbuffers/base.h,"(49, 10)-(49, 18)",b'#include <vector>\n'
arrow-main,../repos/arrow-main/cpp/thirdparty/flatbuffers/include/flatbuffers/base.h,"(50, 10)-(50, 15)",b'#include <set>\n'
arrow-main,../repos/arrow-main/cpp/tools/parquet/parquet_reader.cc,"(19, 10)-(19, 16)",b'#include <list>\n'
arrow-main,../repos/arrow-main/cpp/tools/parquet/parquet_scan.cc,"(20, 10)-(20, 16)",b'#include <list>\n'
arrow-main,../repos/arrow-main/java/dataset/src/main/cpp/jni_wrapper.cc,"(20, 10)-(20, 25)",b'#include <unordered_map>\n'
arrow-main,../repos/arrow-main/java/adapter/orc/src/main/cpp/concurrent_map.h,"(22, 10)-(22, 25)",b'#include <unordered_map>\n'
arrow-main,../repos/arrow-main/java/gandiva/src/main/cpp/jni_common.cc,"(20, 10)-(20, 15)",b'#include <map>\n'
arrow-main,../repos/arrow-main/java/gandiva/src/main/cpp/jni_common.cc,"(26, 10)-(26, 18)",b'#include <vector>\n'
arrow-main,../repos/arrow-main/java/gandiva/src/main/cpp/config_holder.h,"(22, 10)-(22, 25)",b'#include <unordered_map>\n'
arrow-main,../repos/arrow-main/java/gandiva/src/main/cpp/id_to_module_map.h,"(22, 10)-(22, 25)",b'#include <unordered_map>\n'
arrow-main,../repos/arrow-main/r/src/arrow_cpp11.h,"(22, 10)-(22, 18)",b'#include <vector>\n'
arrow-main,../repos/arrow-main/python/pyarrow/src/arrow/python/arrow_to_pandas.cc,"(30, 10)-(30, 25)",b'#include <unordered_map>\n'
arrow-main,../repos/arrow-main/python/pyarrow/src/arrow/python/arrow_to_pandas.cc,"(32, 10)-(32, 18)",b'#include <vector>\n'
arrow-main,../repos/arrow-main/python/pyarrow/src/arrow/python/deserialize.h,"(22, 10)-(22, 18)",b'#include <vector>\n'
arrow-main,../repos/arrow-main/python/pyarrow/src/arrow/python/numpy_to_arrow.cc,"(31, 10)-(31, 18)",b'#include <vector>\n'
arrow-main,../repos/arrow-main/python/pyarrow/src/arrow/python/flight.h,"(22, 10)-(22, 18)",b'#include <vector>\n'
arrow-main,../repos/arrow-main/python/pyarrow/src/arrow/python/arrow_to_pandas.h,"(27, 10)-(27, 25)",b'#include <unordered_set>\n'
arrow-main,../repos/arrow-main/python/pyarrow/src/arrow/python/numpy_convert.h,"(27, 10)-(27, 18)",b'#include <vector>\n'
arrow-main,../repos/arrow-main/python/pyarrow/src/arrow/python/numpy_convert.cc,"(25, 10)-(25, 18)",b'#include <vector>\n'
arrow-main,../repos/arrow-main/python/pyarrow/src/arrow/python/serialize.cc,"(26, 10)-(26, 18)",b'#include <vector>\n'
arrow-main,../repos/arrow-main/python/pyarrow/src/arrow/python/filesystem.h,"(22, 10)-(22, 18)",b'#include <vector>\n'
arrow-main,../repos/arrow-main/python/pyarrow/src/arrow/python/csv.h,"(23, 10)-(23, 18)",b'#include <vector>\n'
arrow-main,../repos/arrow-main/python/pyarrow/src/arrow/python/python_test.h,"(22, 10)-(22, 18)",b'#include <vector>\n'
arrow-main,../repos/arrow-main/python/pyarrow/src/arrow/python/serialize.h,"(21, 10)-(21, 18)",b'#include <vector>\n'
arrow-main,../repos/arrow-main/python/pyarrow/src/arrow/python/inference.cc,"(25, 10)-(25, 15)",b'#include <map>\n'
arrow-main,../repos/arrow-main/python/pyarrow/src/arrow/python/inference.cc,"(28, 10)-(28, 18)",b'#include <vector>\n'
arrow-main,../repos/arrow-main/python/pyarrow/src/arrow/python/python_to_arrow.cc,"(28, 10)-(28, 18)",b'#include <vector>\n'
arrow-main,../repos/arrow-main/python/pyarrow/src/arrow/python/deserialize.cc,"(26, 10)-(26, 18)",b'#include <vector>\n'
arrow-main,../repos/arrow-main/ci/conan/all/test_package/test_package.cpp,"(20, 10)-(20, 18)",b'#include <vector>\n'
