Repo name,File name,Location,Content
arrow-main,../repos/arrow-main/cpp/src/arrow/ipc/metadata_internal.cc,"(909, 3)-(912, 4)",b'union {\n    uint32_t i;\n    char c[4];\n  } bi...'
arrow-main,../repos/arrow-main/cpp/src/arrow/vendored/pcg/pcg_uint128.hpp,"(307, 5)-(326, 6)",b'union {\n#if PCG_LITTLE_ENDIAN\n        struct ...'
arrow-main,../repos/arrow-main/cpp/src/arrow/vendored/xxhash/xxhash.h,"(2298, 9)-(2298, 55)",b'typedef union { xxh_u32 u32; } __attribute__(...'
arrow-main,../repos/arrow-main/cpp/src/arrow/vendored/xxhash/xxhash.h,"(2365, 11)-(2365, 44)",b'const union { xxh_u32 u; xxh_u8 c[4]; } one =...'
arrow-main,../repos/arrow-main/cpp/src/arrow/vendored/xxhash/xxhash.h,"(2990, 9)-(2990, 68)",b'typedef union { xxh_u32 u32; xxh_u64 u64; } _...'
arrow-main,../repos/arrow-main/cpp/src/arrow/vendored/datetime/tz_private.h,"(76, 5)-(76, 12)",b'union U'
arrow-main,../repos/arrow-main/cpp/src/arrow/vendored/datetime/tz_private.h,"(230, 5)-(230, 12)",b'union U'
arrow-main,../repos/arrow-main/cpp/src/arrow/util/bitmap_writer.h,"(262, 3)-(270, 4)",b'union {\n    Word word_;\n    struct {\n#if ARRO...'
arrow-main,../repos/arrow-main/cpp/src/arrow/util/bitmap_reader.h,"(242, 3)-(250, 4)",b'union {\n    Word word_;\n    struct {\n#if ARRO...'
arrow-main,../repos/arrow-main/cpp/src/arrow/type.h,"(823, 3)-(856, 4)",b'{\n public:\n  static constexpr Type::type type...'
arrow-main,../repos/arrow-main/cpp/src/arrow/tensor_test.cc,"(413, 5)-(419, 6)",b'union {\n      int64_t i64;\n      struct {\n   ...'
arrow-main,../repos/arrow-main/cpp/thirdparty/flatbuffers/include/flatbuffers/base.h,"(403, 5)-(403, 31)",b'union { T t; uint16_t i; } u = { t };'
arrow-main,../repos/arrow-main/cpp/thirdparty/flatbuffers/include/flatbuffers/base.h,"(407, 5)-(407, 31)",b'union { T t; uint32_t i; } u = { t };'
arrow-main,../repos/arrow-main/cpp/thirdparty/flatbuffers/include/flatbuffers/base.h,"(411, 5)-(411, 31)",b'union { T t; uint64_t i; } u = { t };'
