Repo name,File name,Location,Content
arrow-main,../repos/arrow-main/go/arrow/compute/internal/kernels/_lib/base_arithmetic.cc,"(123, 29)-(123, 58)",b'decltype(int8_t() * int8_t())'
arrow-main,../repos/arrow-main/go/arrow/compute/internal/kernels/_lib/base_arithmetic.cc,"(124, 29)-(124, 60)",b'decltype(uint8_t() * uint8_t())'
arrow-main,../repos/arrow-main/go/arrow/compute/internal/kernels/_lib/base_arithmetic.cc,"(125, 29)-(125, 60)",b'decltype(int16_t() * int16_t())'
arrow-main,../repos/arrow-main/go/arrow/compute/internal/kernels/_lib/base_arithmetic.cc,"(126, 29)-(126, 62)",b'decltype(uint16_t() * uint16_t())'
arrow-main,../repos/arrow-main/go/arrow/compute/internal/kernels/_lib/base_arithmetic.cc,"(127, 29)-(127, 60)",b'decltype(int32_t() * int32_t())'
arrow-main,../repos/arrow-main/go/arrow/compute/internal/kernels/_lib/base_arithmetic.cc,"(128, 29)-(128, 62)",b'decltype(uint32_t() * uint32_t())'
arrow-main,../repos/arrow-main/go/arrow/compute/internal/kernels/_lib/base_arithmetic.cc,"(129, 29)-(129, 60)",b'decltype(int64_t() * int64_t())'
arrow-main,../repos/arrow-main/go/arrow/compute/internal/kernels/_lib/base_arithmetic.cc,"(130, 29)-(130, 62)",b'decltype(uint64_t() * uint64_t())'
arrow-main,../repos/arrow-main/cpp/src/arrow/stl.h,"(58, 53)-(58, 81)",b'decltype(*std::declval<T>())'
arrow-main,../repos/arrow-main/cpp/src/arrow/stl.h,"(192, 46)-(192, 81)",b'decltype(*std::declval<Optional>())'
arrow-main,../repos/arrow-main/cpp/src/arrow/stl.h,"(194, 27)-(194, 62)",b'decltype(*std::declval<Optional>())'
arrow-main,../repos/arrow-main/cpp/src/arrow/stl.h,"(407, 50)-(407, 76)",b'decltype(std::begin(rows))'
arrow-main,../repos/arrow-main/cpp/src/arrow/stl.h,"(434, 40)-(434, 68)",b'decltype(*std::begin(*rows))'
arrow-main,../repos/arrow-main/cpp/src/arrow/array/builder_union.cc,"(89, 19)-(89, 49)",b'decltype(type_id_to_children_)'
arrow-main,../repos/arrow-main/cpp/src/arrow/array/builder_union.cc,"(135, 19)-(135, 49)",b'decltype(type_id_to_children_)'
arrow-main,../repos/arrow-main/cpp/src/arrow/array/util.cc,"(383, 38)-(383, 80)",b'decltype(TypeTraits<T>::bytes_required(0))'
arrow-main,../repos/arrow-main/cpp/src/arrow/array/array_nested.cc,"(1293, 19)-(1293, 42)",b'decltype(boxed_fields_)'
arrow-main,../repos/arrow-main/cpp/src/arrow/array/diff.cc,"(61, 56)-(61, 86)",b'decltype(array.GetView(index))'
arrow-main,../repos/arrow-main/cpp/src/arrow/array/diff.cc,"(635, 18)-(635, 48)",b'decltype(numeric.Value(index))'
arrow-main,../repos/arrow-main/cpp/src/arrow/array/data.cc,"(505, 24)-(505, 41)",b'decltype(run_end)'
arrow-main,../repos/arrow-main/cpp/src/arrow/visit_type_inline.h,"(82, 8)-(82, 63)","b'decltype(std::forward<VISITOR>(visitor)(type,...'"
arrow-main,../repos/arrow-main/cpp/src/arrow/filesystem/filesystem.cc,"(150, 8)-(151, 83)",b'decltype(DeferNotOk(\n        fs->io_context()...'
arrow-main,../repos/arrow-main/cpp/src/arrow/scalar.h,"(750, 29)-(751, 75)","b'decltype(ScalarType(std::declval<Value>(),\n  ...'"
arrow-main,../repos/arrow-main/cpp/src/arrow/ipc/dictionary.cc,"(179, 10)-(179, 37)",b'decltype(id_to_dictionary_)'
arrow-main,../repos/arrow-main/cpp/src/arrow/ipc/metadata_internal.cc,"(1459, 10)-(1459, 24)",b'decltype(ndim)'
arrow-main,../repos/arrow-main/cpp/src/arrow/stl_iterator.h,"(39, 21)-(39, 67)",b'decltype(std::declval<ArrayType>().GetView(0))'
arrow-main,../repos/arrow-main/cpp/src/arrow/json/test_common.h,"(273, 29)-(273, 70)",b'decltype(std::to_string(*values.begin()))'
arrow-main,../repos/arrow-main/cpp/src/arrow/vendored/pcg/pcg_extras.hpp,"(145, 34)-(145, 56)",b'decltype(desired_base)'
arrow-main,../repos/arrow-main/cpp/src/arrow/vendored/datetime/tz.h,"(356, 23)-(356, 64)",b'decltype(zoned_traits<T>::default_zone())'
arrow-main,../repos/arrow-main/cpp/src/arrow/vendored/datetime/tz.h,"(362, 23)-(362, 64)",b'decltype(zoned_traits<T>::default_zone())'
arrow-main,../repos/arrow-main/cpp/src/arrow/vendored/datetime/tz.h,"(374, 23)-(374, 81)",b'decltype(zoned_traits<T>::locate_zone(std::st...'
arrow-main,../repos/arrow-main/cpp/src/arrow/vendored/datetime/tz.h,"(386, 23)-(386, 76)",b'decltype(zoned_traits<T>::locate_zone(std::st...'
arrow-main,../repos/arrow-main/cpp/src/arrow/vendored/datetime/tz.h,"(409, 23)-(409, 83)",b'decltype(std::declval<T&>()->to_sys(local_tim...'
arrow-main,../repos/arrow-main/cpp/src/arrow/vendored/datetime/tz.h,"(422, 23)-(423, 77)",b'decltype(std::declval<T&>()->to_sys(local_tim...'
arrow-main,../repos/arrow-main/cpp/src/arrow/vendored/datetime/tz.h,"(454, 23)-(454, 81)",b'decltype(zoned_traits<T>::locate_zone(std::st...'
arrow-main,../repos/arrow-main/cpp/src/arrow/vendored/datetime/tz.h,"(466, 23)-(466, 81)",b'decltype(zoned_traits<T>::locate_zone(std::st...'
arrow-main,../repos/arrow-main/cpp/src/arrow/vendored/datetime/tz.h,"(478, 23)-(478, 81)",b'decltype(zoned_traits<T>::locate_zone(std::st...'
arrow-main,../repos/arrow-main/cpp/src/arrow/vendored/datetime/tz.h,"(493, 31)-(493, 89)",b'decltype(zoned_traits<T>::locate_zone(std::st...'
arrow-main,../repos/arrow-main/cpp/src/arrow/vendored/datetime/tz.h,"(507, 31)-(507, 89)",b'decltype(zoned_traits<T>::locate_zone(std::st...'
arrow-main,../repos/arrow-main/cpp/src/arrow/vendored/datetime/tz.h,"(523, 23)-(523, 76)",b'decltype(zoned_traits<T>::locate_zone(std::st...'
arrow-main,../repos/arrow-main/cpp/src/arrow/vendored/datetime/tz.h,"(537, 23)-(537, 76)",b'decltype(zoned_traits<T>::locate_zone(std::st...'
arrow-main,../repos/arrow-main/cpp/src/arrow/vendored/datetime/tz.h,"(551, 23)-(551, 76)",b'decltype(zoned_traits<T>::locate_zone(std::st...'
arrow-main,../repos/arrow-main/cpp/src/arrow/vendored/datetime/tz.h,"(565, 23)-(565, 76)",b'decltype(zoned_traits<T>::locate_zone(std::st...'
arrow-main,../repos/arrow-main/cpp/src/arrow/vendored/datetime/tz.h,"(579, 23)-(579, 76)",b'decltype(zoned_traits<T>::locate_zone(std::st...'
arrow-main,../repos/arrow-main/cpp/src/arrow/vendored/datetime/tz.h,"(594, 23)-(594, 76)",b'decltype(zoned_traits<T>::locate_zone(std::st...'
arrow-main,../repos/arrow-main/cpp/src/arrow/vendored/datetime/tz.h,"(611, 31)-(611, 84)",b'decltype(zoned_traits<T>::locate_zone(std::st...'
arrow-main,../repos/arrow-main/cpp/src/arrow/vendored/datetime/tz.h,"(629, 31)-(629, 84)",b'decltype(zoned_traits<T>::locate_zone(std::st...'
arrow-main,../repos/arrow-main/cpp/src/arrow/vendored/datetime/tz.h,"(647, 31)-(647, 84)",b'decltype(zoned_traits<T>::locate_zone(std::st...'
arrow-main,../repos/arrow-main/cpp/src/arrow/vendored/datetime/tz.h,"(667, 31)-(667, 84)",b'decltype(zoned_traits<T>::locate_zone(std::st...'
arrow-main,../repos/arrow-main/cpp/src/arrow/vendored/datetime/tz.h,"(1338, 8)-(1338, 56)",b'decltype(detail::to_raw_pointer(p.operator->()))'
arrow-main,../repos/arrow-main/cpp/src/arrow/vendored/datetime/tz.h,"(1704, 21)-(1704, 84)",b'decltype(*detail::to_raw_pointer(std::declval...'
arrow-main,../repos/arrow-main/cpp/src/arrow/vendored/datetime/tz.h,"(1730, 47)-(1730, 86)",b'decltype(*std::declval<TimeZonePtr&>())'
arrow-main,../repos/arrow-main/cpp/src/arrow/vendored/datetime/tz.h,"(1748, 47)-(1748, 86)",b'decltype(*std::declval<TimeZonePtr&>())'
arrow-main,../repos/arrow-main/cpp/src/arrow/vendored/datetime/tz.h,"(1816, 47)-(1816, 86)",b'decltype(*std::declval<TimeZonePtr&>())'
arrow-main,../repos/arrow-main/cpp/src/arrow/vendored/datetime/tz.h,"(2442, 12)-(2442, 90)",b'decltype(Clock::to_sys(declval<time_point<Clo...'
arrow-main,../repos/arrow-main/cpp/src/arrow/vendored/datetime/tz.h,"(2447, 11)-(2447, 81)",b'decltype(Clock::to_sys(declval<time_point<Clo...'
arrow-main,../repos/arrow-main/cpp/src/arrow/vendored/datetime/tz.h,"(2460, 12)-(2461, 28)",b'decltype(Clock::from_sys(declval<time_point<s...'
arrow-main,../repos/arrow-main/cpp/src/arrow/vendored/datetime/tz.h,"(2466, 11)-(2466, 90)",b'decltype(Clock::from_sys(declval<time_point<s...'
arrow-main,../repos/arrow-main/cpp/src/arrow/vendored/datetime/tz.h,"(2479, 12)-(2479, 90)",b'decltype(Clock::to_utc(declval<time_point<Clo...'
arrow-main,../repos/arrow-main/cpp/src/arrow/vendored/datetime/tz.h,"(2484, 11)-(2484, 81)",b'decltype(Clock::to_utc(declval<time_point<Clo...'
arrow-main,../repos/arrow-main/cpp/src/arrow/vendored/datetime/tz.h,"(2496, 12)-(2497, 28)",b'decltype(Clock::from_utc(declval<time_point<u...'
arrow-main,../repos/arrow-main/cpp/src/arrow/vendored/datetime/tz.h,"(2502, 11)-(2502, 87)",b'decltype(Clock::from_utc(declval<time_point<u...'
arrow-main,../repos/arrow-main/cpp/src/arrow/vendored/datetime/tz.h,"(2515, 11)-(2516, 27)",b'decltype(Clock::to_local(declval<time_point<C...'
arrow-main,../repos/arrow-main/cpp/src/arrow/vendored/datetime/tz.h,"(2521, 12)-(2521, 84)",b'decltype(Clock::to_local(declval<time_point<C...'
arrow-main,../repos/arrow-main/cpp/src/arrow/vendored/datetime/tz.h,"(2534, 12)-(2535, 28)",b'decltype(Clock::from_local(declval<time_point...'
arrow-main,../repos/arrow-main/cpp/src/arrow/vendored/datetime/tz.h,"(2540, 12)-(2540, 88)",b'decltype(Clock::from_local(declval<time_point...'
arrow-main,../repos/arrow-main/cpp/src/arrow/vendored/datetime/tz.h,"(2629, 8)-(2629, 78)",b'decltype(std::declval<clock_time_conversion<D...'
arrow-main,../repos/arrow-main/cpp/src/arrow/vendored/datetime/tz.h,"(2639, 8)-(2639, 41)",b'decltype(conv_clock<DstClock>(t))'
arrow-main,../repos/arrow-main/cpp/src/arrow/vendored/datetime/tz.h,"(2649, 8)-(2649, 67)",b'decltype(conv_clock<DstClock>(conv_clock<syst...'
arrow-main,../repos/arrow-main/cpp/src/arrow/vendored/datetime/tz.h,"(2659, 8)-(2659, 18)",b'decltype(0'
arrow-main,../repos/arrow-main/cpp/src/arrow/vendored/datetime/tz.h,"(2670, 8)-(2670, 90)",b'decltype(conv_clock<DstClock>(conv_clock<utc_...'
arrow-main,../repos/arrow-main/cpp/src/arrow/vendored/datetime/tz.h,"(2680, 8)-(2680, 18)",b'decltype(0'
arrow-main,../repos/arrow-main/cpp/src/arrow/vendored/datetime/tz.h,"(2692, 8)-(2692, 63)",b'decltype(clock_cast_detail::cc_impl<DstClock>...'
arrow-main,../repos/arrow-main/cpp/src/arrow/vendored/datetime/date.h,"(166, 24)-(166, 63)","b'decltype(std::ratio_multiply<R1, R2>{})'"
arrow-main,../repos/arrow-main/cpp/src/arrow/vendored/datetime/date.h,"(169, 22)-(169, 59)","b'decltype(std::ratio_divide<R1, R2>{})'"
arrow-main,../repos/arrow-main/cpp/src/arrow/vendored/datetime/date.h,"(1003, 32)-(1003, 50)",b'decltype(T::now())'
arrow-main,../repos/arrow-main/cpp/src/arrow/vendored/datetime/date.h,"(1005, 32)-(1005, 54)",b'decltype(T::is_steady)'
arrow-main,../repos/arrow-main/cpp/src/arrow/vendored/datetime/date.h,"(1321, 44)-(1321, 55)",b'decltype(d)'
arrow-main,../repos/arrow-main/cpp/src/arrow/vendored/datetime/date.h,"(1420, 65)-(1420, 77)",b'decltype(d_)'
arrow-main,../repos/arrow-main/cpp/src/arrow/vendored/datetime/date.h,"(1541, 69)-(1541, 81)",b'decltype(m_)'
arrow-main,../repos/arrow-main/cpp/src/arrow/vendored/datetime/date.h,"(1683, 62)-(1683, 74)",b'decltype(y_)'
arrow-main,../repos/arrow-main/cpp/src/arrow/vendored/datetime/date.h,"(1834, 23)-(1834, 36)",b'decltype(wd_)'
arrow-main,../repos/arrow-main/cpp/src/arrow/vendored/datetime/date.h,"(2067, 23)-(2067, 36)",b'decltype(wd_)'
arrow-main,../repos/arrow-main/cpp/src/arrow/vendored/datetime/date.h,"(2068, 26)-(2068, 42)",b'decltype(index_)'
arrow-main,../repos/arrow-main/cpp/src/arrow/vendored/datetime/date.h,"(4684, 5)-(4684, 60)",b'decltype(msl<CharT>(p) + string_literal<CharT...'
arrow-main,../repos/arrow-main/cpp/src/arrow/vendored/datetime/date.h,"(5577, 57)-(5577, 68)",b'decltype(d)'
arrow-main,../repos/arrow-main/cpp/src/arrow/vendored/datetime/date.h,"(6252, 8)-(6252, 79)",b'decltype(to_stream(std::declval<std::basic_os...'
arrow-main,../repos/arrow-main/cpp/src/arrow/vendored/datetime/date.h,"(6265, 8)-(6265, 79)",b'decltype(to_stream(std::declval<std::basic_os...'
arrow-main,../repos/arrow-main/cpp/src/arrow/vendored/datetime/date.h,"(6278, 8)-(6278, 95)",b'decltype(to_stream(std::declval<std::basic_os...'
arrow-main,../repos/arrow-main/cpp/src/arrow/vendored/datetime/date.h,"(6291, 8)-(6291, 95)",b'decltype(to_stream(std::declval<std::basic_os...'
arrow-main,../repos/arrow-main/cpp/src/arrow/vendored/datetime/date.h,"(7187, 42)-(7187, 54)",b'decltype(tp)'
arrow-main,../repos/arrow-main/cpp/src/arrow/vendored/datetime/date.h,"(8123, 8)-(8124, 48)",b'decltype(date::from_stream(std::declval<std::...'
arrow-main,../repos/arrow-main/cpp/src/arrow/vendored/datetime/date.h,"(8135, 8)-(8136, 57)",b'decltype(date::from_stream(std::declval<std::...'
arrow-main,../repos/arrow-main/cpp/src/arrow/vendored/datetime/date.h,"(8147, 8)-(8150, 37)",b'decltype(date::from_stream(std::declval<std::...'
arrow-main,../repos/arrow-main/cpp/src/arrow/vendored/datetime/date.h,"(8161, 8)-(8162, 66)",b'decltype(date::from_stream(std::declval<std::...'
arrow-main,../repos/arrow-main/cpp/src/arrow/vendored/datetime/date.h,"(8174, 8)-(8174, 90)",b'decltype(date::from_stream(std::declval<std::...'
arrow-main,../repos/arrow-main/cpp/src/arrow/vendored/datetime/date.h,"(8184, 8)-(8185, 41)",b'decltype(date::from_stream(std::declval<std::...'
arrow-main,../repos/arrow-main/cpp/src/arrow/vendored/datetime/date.h,"(8195, 8)-(8196, 84)",b'decltype(date::from_stream(std::declval<std::...'
arrow-main,../repos/arrow-main/cpp/src/arrow/vendored/datetime/date.h,"(8207, 8)-(8208, 50)",b'decltype(date::from_stream(std::declval<std::...'
arrow-main,../repos/arrow-main/cpp/src/arrow/vendored/datetime/tz.cpp,"(3049, 5)-(3049, 44)",b'decltype(curl_easy_perform(curl.get()))'
arrow-main,../repos/arrow-main/cpp/src/arrow/util/span_test.cc,"(49, 52)-(49, 65)",b'decltype(arr)'
arrow-main,../repos/arrow-main/cpp/src/arrow/util/span_test.cc,"(50, 53)-(50, 72)",b'decltype(const_arr)'
arrow-main,../repos/arrow-main/cpp/src/arrow/util/span_test.cc,"(52, 58)-(52, 71)",b'decltype(arr)'
arrow-main,../repos/arrow-main/cpp/src/arrow/util/span_test.cc,"(53, 58)-(53, 77)",b'decltype(const_arr)'
arrow-main,../repos/arrow-main/cpp/src/arrow/util/span_test.cc,"(68, 64)-(68, 83)",b'decltype(const_arr)'
arrow-main,../repos/arrow-main/cpp/src/arrow/util/span_test.cc,"(69, 65)-(69, 84)",b'decltype(const_arr)'
arrow-main,../repos/arrow-main/cpp/src/arrow/util/span_test.cc,"(77, 32)-(77, 51)",b'decltype(span(arr))'
arrow-main,../repos/arrow-main/cpp/src/arrow/util/span_test.cc,"(78, 32)-(78, 51)",b'decltype(span(vec))'
arrow-main,../repos/arrow-main/cpp/src/arrow/util/span_test.cc,"(79, 32)-(79, 57)",b'decltype(span(const_arr))'
arrow-main,../repos/arrow-main/cpp/src/arrow/util/span_test.cc,"(80, 32)-(80, 57)",b'decltype(span(const_vec))'
arrow-main,../repos/arrow-main/cpp/src/arrow/util/functional.h,"(47, 45)-(47, 69)",b'decltype(&F::operator())'
arrow-main,../repos/arrow-main/cpp/src/arrow/util/functional.h,"(85, 7)-(85, 74)",b'decltype(is_overloaded_impl<typename std::dec...'
arrow-main,../repos/arrow-main/cpp/src/arrow/util/functional.h,"(97, 25)-(97, 90)",b'decltype(argument_type_impl<I>(&std::decay<F>...'
arrow-main,../repos/arrow-main/cpp/src/arrow/util/functional.h,"(100, 26)-(100, 89)",b'decltype(argument_count_impl(&std::decay<F>::...'
arrow-main,../repos/arrow-main/cpp/src/arrow/util/functional.h,"(103, 23)-(103, 83)",b'decltype(return_type_impl(&std::decay<F>::typ...'
arrow-main,../repos/arrow-main/cpp/src/arrow/util/functional.h,"(132, 17)-(132, 69)",b'decltype(std::declval<Fn&&>()(std::declval<A>...'
arrow-main,../repos/arrow-main/cpp/src/arrow/util/vector.h,"(88, 25)-(88, 75)",b'decltype(std::declval<Fn>()(std::declval<From>()))'
arrow-main,../repos/arrow-main/cpp/src/arrow/util/vector.h,"(98, 25)-(98, 75)",b'decltype(std::declval<Fn>()(std::declval<From>()))'
arrow-main,../repos/arrow-main/cpp/src/arrow/util/future_test.cc,"(1530, 46)-(1530, 58)",b'decltype(fn)'
arrow-main,../repos/arrow-main/cpp/src/arrow/util/future_test.cc,"(1531, 46)-(1531, 58)",b'decltype(fn)'
arrow-main,../repos/arrow-main/cpp/src/arrow/util/future_test.cc,"(1532, 46)-(1532, 58)",b'decltype(fn)'
arrow-main,../repos/arrow-main/cpp/src/arrow/util/byte_stream_split_test.cc,"(64, 46)-(64, 80)",b'decltype(ByteStreamSplitEncode<T>)'
arrow-main,../repos/arrow-main/cpp/src/arrow/util/byte_stream_split_test.cc,"(65, 46)-(65, 80)",b'decltype(ByteStreamSplitDecode<T>)'
arrow-main,../repos/arrow-main/cpp/src/arrow/util/uri.cc,"(233, 34)-(233, 62)",b'decltype(&uriFreeQueryListA)'
arrow-main,../repos/arrow-main/cpp/src/arrow/util/range_test.cc,"(84, 24)-(84, 39)",b'decltype(tuple)'
arrow-main,../repos/arrow-main/cpp/src/arrow/util/range_test.cc,"(123, 36)-(123, 47)",b'decltype(e)'
arrow-main,../repos/arrow-main/cpp/src/arrow/util/range_test.cc,"(137, 36)-(137, 47)",b'decltype(e)'
arrow-main,../repos/arrow-main/cpp/src/arrow/util/range_test.cc,"(150, 36)-(150, 47)",b'decltype(e)'
arrow-main,../repos/arrow-main/cpp/src/arrow/util/range_test.cc,"(159, 36)-(159, 47)",b'decltype(e)'
arrow-main,../repos/arrow-main/cpp/src/arrow/util/range_test.cc,"(159, 49)-(159, 60)",b'decltype(v)'
arrow-main,../repos/arrow-main/cpp/src/arrow/util/range_test.cc,"(160, 36)-(160, 47)",b'decltype(e)'
arrow-main,../repos/arrow-main/cpp/src/arrow/util/range_test.cc,"(160, 49)-(160, 63)",b'decltype(v[0])'
arrow-main,../repos/arrow-main/cpp/src/arrow/util/range_test.cc,"(161, 42)-(161, 53)",b'decltype(e)'
arrow-main,../repos/arrow-main/cpp/src/arrow/util/range_test.cc,"(183, 34)-(183, 45)",b'decltype(s)'
arrow-main,../repos/arrow-main/cpp/src/arrow/util/string.h,"(117, 20)-(118, 87)","b'decltype(std::to_chars(std::declval<char*>(),...'"
arrow-main,../repos/arrow-main/cpp/src/arrow/util/tdigest.cc,"(198, 29)-(198, 50)",b'decltype(centroid_gt)'
arrow-main,../repos/arrow-main/cpp/src/arrow/util/cache_internal.h,"(191, 8)-(192, 51)","b'decltype(detail::Memoize<LruCache, detail::Th...'"
arrow-main,../repos/arrow-main/cpp/src/arrow/util/cache_internal.h,"(203, 8)-(204, 51)","b'decltype(detail::Memoize<LruCache, detail::Th...'"
arrow-main,../repos/arrow-main/cpp/src/arrow/util/bitmap_generate.h,"(65, 30)-(65, 67)",b'decltype(std::declval<Generator>()())'
arrow-main,../repos/arrow-main/cpp/src/arrow/util/map.h,"(33, 8)-(33, 79)",b'decltype(map->begin()->second = gen(map->begi...'
arrow-main,../repos/arrow-main/cpp/src/arrow/util/map.h,"(34, 3)-(34, 37)",b'decltype(gen(map->begin()->first))'
arrow-main,../repos/arrow-main/cpp/src/arrow/util/map.h,"(48, 15)-(48, 84)",b'decltype(map->begin()->second = gen(map->begi...'
arrow-main,../repos/arrow-main/cpp/src/arrow/util/map.h,"(50, 3)-(50, 50)",b'decltype(gen(map->begin()->first).ValueOrDie())'
arrow-main,../repos/arrow-main/cpp/src/arrow/util/future.h,"(58, 35)-(58, 85)",b'decltype(std::declval<Fn>()(std::declval<A>()...))'
arrow-main,../repos/arrow-main/cpp/src/arrow/util/future.h,"(59, 16)-(59, 66)",b'decltype(std::declval<Fn>()(std::declval<A>()...))'
arrow-main,../repos/arrow-main/cpp/src/arrow/util/future.h,"(879, 16)-(879, 53)",b'decltype(ToFuture(std::declval<T>()))'
arrow-main,../repos/arrow-main/cpp/src/arrow/util/range.h,"(67, 23)-(67, 47)",b'decltype(gen_static_(0))'
arrow-main,../repos/arrow-main/cpp/src/arrow/util/range.h,"(69, 23)-(69, 40)",b'decltype(gen_(0))'
arrow-main,../repos/arrow-main/cpp/src/arrow/util/range.h,"(200, 31)-(200, 71)",b'decltype(std::end(std::get<I>(ranges_)))'
arrow-main,../repos/arrow-main/cpp/src/arrow/util/range.h,"(203, 32)-(203, 74)",b'decltype(std::begin(std::get<I>(ranges_)))'
arrow-main,../repos/arrow-main/cpp/src/arrow/util/range.h,"(204, 22)-(204, 64)",b'decltype(std::begin(std::get<I>(ranges_)))'
arrow-main,../repos/arrow-main/cpp/src/arrow/util/range.h,"(207, 25)-(207, 54)",b'decltype(*std::get<I>(*this))'
arrow-main,../repos/arrow-main/cpp/src/arrow/util/cache_test.cc,"(186, 32)-(186, 77)","b'decltype(MemoizeLru(std::declval<Func>(), 0))'"
arrow-main,../repos/arrow-main/cpp/src/arrow/util/cache_test.cc,"(194, 32)-(194, 89)",b'decltype(MemoizeLruThreadUnsafe(std::declval<...'
arrow-main,../repos/arrow-main/cpp/src/arrow/util/rows_to_batches.h,"(35, 32)-(35, 53)",b'decltype(std::ref(x))'
arrow-main,../repos/arrow-main/cpp/src/arrow/util/rows_to_batches.h,"(44, 32)-(44, 71)",b'decltype(std::begin(std::declval<T>()))'
arrow-main,../repos/arrow-main/cpp/src/arrow/util/rows_to_batches.h,"(45, 32)-(45, 69)",b'decltype(std::end(std::declval<T>()))'
arrow-main,../repos/arrow-main/cpp/src/arrow/util/rows_to_batches.h,"(54, 31)-(54, 73)",b'decltype(detail::MakeDefaultRowAccessor())'
arrow-main,../repos/arrow-main/cpp/src/arrow/util/rows_to_batches.h,"(114, 31)-(114, 73)",b'decltype(detail::MakeDefaultRowAccessor())'
arrow-main,../repos/arrow-main/cpp/src/arrow/util/rows_to_batches.h,"(140, 40)-(140, 53)",b'decltype(row)'
arrow-main,../repos/arrow-main/cpp/src/arrow/util/ree_util_test.cc,"(196, 30)-(196, 53)",b'decltype(left_ree_span)'
arrow-main,../repos/arrow-main/cpp/src/arrow/util/ree_util_test.cc,"(196, 55)-(196, 79)",b'decltype(right_ree_span)'
arrow-main,../repos/arrow-main/cpp/src/arrow/util/ree_util_test.cc,"(238, 30)-(238, 54)",b'decltype(right_ree_span)'
arrow-main,../repos/arrow-main/cpp/src/arrow/util/ree_util_test.cc,"(238, 56)-(238, 79)",b'decltype(left_ree_span)'
arrow-main,../repos/arrow-main/cpp/src/arrow/util/ree_util_test.cc,"(279, 30)-(279, 53)",b'decltype(left_ree_span)'
arrow-main,../repos/arrow-main/cpp/src/arrow/util/ree_util_test.cc,"(279, 55)-(279, 78)",b'decltype(left_ree_span)'
arrow-main,../repos/arrow-main/cpp/src/arrow/util/ree_util_test.cc,"(342, 30)-(342, 54)",b'decltype(right_ree_span)'
arrow-main,../repos/arrow-main/cpp/src/arrow/util/ree_util_test.cc,"(342, 56)-(342, 80)",b'decltype(right_ree_span)'
arrow-main,../repos/arrow-main/cpp/src/arrow/util/compare.h,"(35, 22)-(35, 87)",b'decltype(std::declval<const T>().Equals(std::...'
arrow-main,../repos/arrow-main/cpp/src/arrow/util/span.h,"(62, 11)-(62, 88)",b'decltype(span<T>(std::data(std::declval<R>())...'
arrow-main,../repos/arrow-main/cpp/src/arrow/util/span.h,"(64, 46)-(64, 84)",b'decltype(std::data(std::declval<R>()))'
arrow-main,../repos/arrow-main/cpp/src/arrow/util/span.h,"(117, 46)-(117, 72)",b'decltype(std::data(range))'
arrow-main,../repos/arrow-main/cpp/src/arrow/util/benchmark_util.h,"(46, 32)-(46, 79)",b'decltype(&benchmark::internal::Benchmark::Args)'
arrow-main,../repos/arrow-main/cpp/src/arrow/util/io_util.cc,"(707, 27)-(707, 55)",b'decltype(&FindHandleDeleter)'
arrow-main,../repos/arrow-main/cpp/src/arrow/util/io_util.cc,"(776, 24)-(776, 45)",b'decltype(dir_deleter)'
arrow-main,../repos/arrow-main/cpp/src/arrow/util/string_builder.h,"(71, 22)-(71, 66)",b'decltype(std::declval<const T>().ToString())'
arrow-main,../repos/arrow-main/cpp/src/arrow/util/bpacking.cc,"(153, 24)-(153, 51)",b'decltype(&unpack32_default)'
arrow-main,../repos/arrow-main/cpp/src/arrow/util/value_parsing.h,"(87, 33)-(87, 59)",b'decltype(Test<T>(NULLPTR))'
arrow-main,../repos/arrow-main/cpp/src/arrow/util/formatting.h,"(57, 33)-(57, 59)",b'decltype(Test<T>(NULLPTR))'
arrow-main,../repos/arrow-main/cpp/src/arrow/util/formatting.h,"(64, 16)-(64, 70)",b'decltype(std::declval<Appender>()(std::string...'
arrow-main,../repos/arrow-main/cpp/src/arrow/util/regex.h,"(36, 22)-(36, 46)",b'decltype(target.begin())'
arrow-main,../repos/arrow-main/cpp/src/arrow/util/time.h,"(53, 1)-(53, 85)",b'decltype(std::declval<Visitor>()(std::chrono:...'
arrow-main,../repos/arrow-main/cpp/src/arrow/compare.cc,"(977, 19)-(977, 39)",b'decltype(left.value)'
arrow-main,../repos/arrow-main/cpp/src/arrow/testing/builder.h,"(168, 24)-(168, 82)",b'decltype(std::declval<Fn>()(std::declval<Buil...'
arrow-main,../repos/arrow-main/cpp/src/arrow/csv/writer.cc,"(376, 31)-(376, 45)",b'decltype(type)'
arrow-main,../repos/arrow-main/cpp/src/arrow/engine/substrait/extension_types.cc,"(45, 38)-(45, 78)",b'decltype(kUuidExtensionParamsProperties)'
arrow-main,../repos/arrow-main/cpp/src/arrow/engine/substrait/extension_types.cc,"(60, 25)-(60, 70)",b'decltype(kFixedCharExtensionParamsProperties)'
arrow-main,../repos/arrow-main/cpp/src/arrow/engine/substrait/extension_types.cc,"(75, 25)-(75, 68)",b'decltype(kVarCharExtensionParamsProperties)'
arrow-main,../repos/arrow-main/cpp/src/arrow/engine/substrait/extension_types.cc,"(87, 25)-(87, 73)",b'decltype(kIntervalYearExtensionParamsProperties)'
arrow-main,../repos/arrow-main/cpp/src/arrow/engine/substrait/extension_types.cc,"(99, 25)-(99, 72)",b'decltype(kIntervalDayExtensionParamsProperties)'
arrow-main,../repos/arrow-main/cpp/src/arrow/result.h,"(380, 25)-(380, 75)",b'decltype(std::declval<M&&>()(std::declval<T&&>()))'
arrow-main,../repos/arrow-main/cpp/src/arrow/result.h,"(391, 25)-(391, 80)",b'decltype(std::declval<M&&>()(std::declval<con...'
arrow-main,../repos/arrow-main/cpp/src/arrow/compute/function_internal.h,"(253, 15)-(253, 89)",b'decltype(TypeTraits<typename CTypeTraits<T>::...'
arrow-main,../repos/arrow-main/cpp/src/arrow/compute/function_internal.h,"(282, 22)-(282, 61)",b'decltype(MakeScalar(std::declval<T>()))'
arrow-main,../repos/arrow-main/cpp/src/arrow/compute/function_internal.h,"(386, 15)-(386, 50)",b'decltype(MakeScalar(value.value()))'
arrow-main,../repos/arrow-main/cpp/src/arrow/compute/kernels/base_arithmetic_internal.h,"(287, 30)-(287, 59)",b'decltype(int8_t() * int8_t())'
arrow-main,../repos/arrow-main/cpp/src/arrow/compute/kernels/base_arithmetic_internal.h,"(288, 30)-(288, 61)",b'decltype(uint8_t() * uint8_t())'
arrow-main,../repos/arrow-main/cpp/src/arrow/compute/kernels/base_arithmetic_internal.h,"(289, 30)-(289, 61)",b'decltype(int16_t() * int16_t())'
arrow-main,../repos/arrow-main/cpp/src/arrow/compute/kernels/base_arithmetic_internal.h,"(290, 30)-(290, 63)",b'decltype(uint16_t() * uint16_t())'
arrow-main,../repos/arrow-main/cpp/src/arrow/compute/kernels/base_arithmetic_internal.h,"(291, 30)-(291, 61)",b'decltype(int32_t() * int32_t())'
arrow-main,../repos/arrow-main/cpp/src/arrow/compute/kernels/base_arithmetic_internal.h,"(292, 30)-(292, 63)",b'decltype(uint32_t() * uint32_t())'
arrow-main,../repos/arrow-main/cpp/src/arrow/compute/kernels/base_arithmetic_internal.h,"(293, 30)-(293, 61)",b'decltype(int64_t() * int64_t())'
arrow-main,../repos/arrow-main/cpp/src/arrow/compute/kernels/base_arithmetic_internal.h,"(294, 30)-(294, 63)",b'decltype(uint64_t() * uint64_t())'
arrow-main,../repos/arrow-main/cpp/src/arrow/compute/kernels/vector_select_k.cc,"(129, 62)-(129, 75)",b'decltype(cmp)'
arrow-main,../repos/arrow-main/cpp/src/arrow/compute/kernels/vector_select_k.cc,"(215, 62)-(215, 75)",b'decltype(cmp)'
arrow-main,../repos/arrow-main/cpp/src/arrow/compute/kernels/vector_select_k.cc,"(350, 62)-(350, 75)",b'decltype(cmp)'
arrow-main,../repos/arrow-main/cpp/src/arrow/compute/kernels/vector_select_k.cc,"(522, 62)-(522, 75)",b'decltype(cmp)'
arrow-main,../repos/arrow-main/cpp/src/arrow/compute/kernels/aggregate_mode.cc,"(88, 68)-(88, 80)",b'decltype(gt)'
arrow-main,../repos/arrow-main/cpp/src/arrow/compute/kernels/vector_sort_test.cc,"(79, 8)-(79, 38)",b'decltype(array.GetView(index))'
arrow-main,../repos/arrow-main/cpp/src/arrow/compute/kernels/vector_array_sort.cc,"(524, 38)-(524, 68)",b'decltype(ArraySorter<T>::impl)'
arrow-main,../repos/arrow-main/cpp/src/arrow/compute/kernels/aggregate_basic_internal.h,"(225, 36)-(225, 55)",b'decltype(this->sum)'
arrow-main,../repos/arrow-main/cpp/src/arrow/compute/row/grouper.cc,"(53, 38)-(53, 58)",b'decltype(kNoGroupId)'
arrow-main,../repos/arrow-main/cpp/src/arrow/stl_test.cc,"(57, 23)-(57, 55)",b'decltype(ARROW_CUSTOM_TYPE_TIED)'
arrow-main,../repos/arrow-main/cpp/src/arrow/stl_test.cc,"(254, 15)-(254, 38)",b'decltype(rows[0].tie())'
arrow-main,../repos/arrow-main/cpp/src/arrow/type.h,"(254, 19)-(254, 36)",b'decltype(NULLPTR)'
arrow-main,../repos/arrow-main/cpp/src/arrow/type.h,"(2154, 19)-(2154, 90)",b'decltype(std::declval<FieldPath>().Get(std::d...'
arrow-main,../repos/arrow-main/cpp/src/arrow/io/memory_benchmark.cc,"(246, 17)-(246, 31)",b'decltype(Read)'
arrow-main,../repos/arrow-main/cpp/src/arrow/io/util_internal.h,"(57, 8)-(57, 86)",b'decltype(std::declval<::arrow::internal::Exec...'
arrow-main,../repos/arrow-main/cpp/src/arrow/io/slow.cc,"(45, 26)-(45, 40)",b'decltype(gen_)'
arrow-main,../repos/arrow-main/cpp/src/parquet/level_comparison.cc,"(43, 24)-(43, 52)",b'decltype(&GreaterThanBitmap)'
arrow-main,../repos/arrow-main/cpp/src/parquet/level_comparison.cc,"(56, 24)-(56, 45)",b'decltype(&FindMinMax)'
arrow-main,../repos/arrow-main/cpp/src/parquet/thrift_internal.h,"(213, 19)-(213, 38)",b'decltype(raw_value)'
arrow-main,../repos/arrow-main/cpp/src/parquet/thrift_internal.h,"(215, 19)-(215, 38)",b'decltype(raw_value)'
arrow-main,../repos/arrow-main/r/src/arrow_types.h,"(120, 33)-(120, 79)",b'decltype(std::forward<R>(result).ValueOrDie())'
arrow-main,../repos/arrow-main/r/src/parquet.cpp,"(271, 10)-(271, 21)",b'decltype(n)'
arrow-main,../repos/arrow-main/r/src/parquet.cpp,"(285, 10)-(285, 21)",b'decltype(n)'
arrow-main,../repos/arrow-main/r/src/parquet.cpp,"(304, 10)-(304, 21)",b'decltype(n)'
arrow-main,../repos/arrow-main/r/src/parquet.cpp,"(327, 10)-(327, 21)",b'decltype(n)'
arrow-main,../repos/arrow-main/python/pyarrow/src/arrow/python/helpers.cc,"(238, 50)-(238, 65)",b'decltype(value)'
arrow-main,../repos/arrow-main/python/pyarrow/src/arrow/python/helpers.cc,"(247, 50)-(247, 65)",b'decltype(value)'
arrow-main,../repos/arrow-main/python/pyarrow/src/arrow/python/common.h,"(91, 43)-(91, 82)",b'decltype(py_wrapper(std::declval<T>()))'
arrow-main,../repos/arrow-main/python/pyarrow/src/arrow/python/common.h,"(146, 34)-(146, 63)",b'decltype(&unique_ptr_deleter)'
arrow-main,../repos/arrow-main/python/pyarrow/src/arrow/python/common.h,"(152, 45)-(152, 61)",b'decltype(func())'
arrow-main,../repos/arrow-main/python/pyarrow/src/arrow/python/common.h,"(169, 49)-(169, 65)",b'decltype(func())'
arrow-main,../repos/arrow-main/c_glib/arrow-glib/compute.cpp,"(69, 34)-(69, 79)",b'decltype(garrow_type_new_raw(arrow::Datum()))'
