Repo name,File name,Location,Content
flatbuffers,../repos/flatbuffers/include/flatbuffers/array.h,"(248, 46)-(248, 54)","b'operator==(const Array<T, length> &lhs,\n     ...'"
flatbuffers,../repos/flatbuffers/include/flatbuffers/detached_buffer.h,"(48, 42)-(48, 50)",b'DetachedBuffer(DetachedBuffer &&other) noexcept'
flatbuffers,../repos/flatbuffers/include/flatbuffers/detached_buffer.h,"(58, 53)-(58, 61)",b'operator=(DetachedBuffer &&other) noexcept'
flatbuffers,../repos/flatbuffers/include/flatbuffers/flatbuffer_builder.h,"(114, 56)-(114, 64)",b'FlatBufferBuilderImpl(FlatBufferBuilderImpl &...'
flatbuffers,../repos/flatbuffers/include/flatbuffers/flatbuffer_builder.h,"(135, 67)-(135, 75)",b'operator=(FlatBufferBuilderImpl &&other) noexcept'
flatbuffers,../repos/flatbuffers/include/flatbuffers/vector_downward.h,"(51, 44)-(51, 52)",b'vector_downward(vector_downward &&other) noexcept'
flatbuffers,../repos/flatbuffers/include/flatbuffers/vector_downward.h,"(73, 55)-(73, 63)",b'operator=(vector_downward &&other) noexcept'
