Repo name,File name,Location,Content
flatbuffers,../repos/flatbuffers/src/idl_gen_json_schema.h,"(28, 6)-(28, 16)",b'unique_ptr<CodeGenerator>'
flatbuffers,../repos/flatbuffers/src/idl_gen_dart.h,"(25, 6)-(25, 16)",b'unique_ptr<CodeGenerator>'
flatbuffers,../repos/flatbuffers/src/bfbs_gen_nim.h,"(28, 6)-(28, 16)",b'unique_ptr<CodeGenerator>'
flatbuffers,../repos/flatbuffers/src/idl_gen_php.h,"(25, 6)-(25, 16)",b'unique_ptr<CodeGenerator>'
flatbuffers,../repos/flatbuffers/src/idl_gen_python.h,"(25, 6)-(25, 16)",b'unique_ptr<CodeGenerator>'
flatbuffers,../repos/flatbuffers/src/idl_gen_kotlin.h,"(25, 6)-(25, 16)",b'unique_ptr<CodeGenerator>'
flatbuffers,../repos/flatbuffers/src/idl_gen_kotlin.h,"(28, 6)-(28, 16)",b'unique_ptr<CodeGenerator>'
flatbuffers,../repos/flatbuffers/src/idl_gen_ts.h,"(28, 6)-(28, 16)",b'unique_ptr<CodeGenerator>'
flatbuffers,../repos/flatbuffers/src/idl_gen_go.h,"(25, 6)-(25, 16)",b'unique_ptr<CodeGenerator>'
flatbuffers,../repos/flatbuffers/src/idl_gen_rust.h,"(25, 6)-(25, 16)",b'unique_ptr<CodeGenerator>'
flatbuffers,../repos/flatbuffers/src/idl_gen_csharp.h,"(25, 6)-(25, 16)",b'unique_ptr<CodeGenerator>'
flatbuffers,../repos/flatbuffers/src/idl_gen_fbs.h,"(24, 6)-(24, 16)",b'unique_ptr<CodeGenerator>'
flatbuffers,../repos/flatbuffers/src/idl_gen_cpp.h,"(25, 6)-(25, 16)",b'unique_ptr<CodeGenerator>'
flatbuffers,../repos/flatbuffers/src/idl_gen_binary.h,"(28, 6)-(28, 16)",b'unique_ptr<CodeGenerator>'
flatbuffers,../repos/flatbuffers/src/bfbs_gen_lua.h,"(28, 6)-(28, 16)",b'unique_ptr<CodeGenerator>'
flatbuffers,../repos/flatbuffers/src/idl_gen_swift.h,"(25, 6)-(25, 16)",b'unique_ptr<CodeGenerator>'
flatbuffers,../repos/flatbuffers/src/idl_gen_java.h,"(25, 6)-(25, 16)",b'unique_ptr<CodeGenerator>'
flatbuffers,../repos/flatbuffers/src/flatc.cpp,"(686, 14)-(686, 24)",b'shared_ptr<CodeGenerator>'
flatbuffers,../repos/flatbuffers/src/flatc.cpp,"(755, 8)-(755, 18)",b'unique_ptr<Parser>'
flatbuffers,../repos/flatbuffers/src/flatc.cpp,"(991, 8)-(991, 18)",b'unique_ptr<Parser>'
flatbuffers,../repos/flatbuffers/src/idl_gen_text.h,"(25, 6)-(25, 16)",b'unique_ptr<CodeGenerator>'
flatbuffers,../repos/flatbuffers/src/idl_gen_lobster.h,"(25, 6)-(25, 16)",b'unique_ptr<CodeGenerator>'
flatbuffers,../repos/flatbuffers/benchmarks/cpp/benchmark_main.cpp,"(46, 8)-(46, 18)",b'unique_ptr<Bench>'
flatbuffers,../repos/flatbuffers/benchmarks/cpp/benchmark_main.cpp,"(56, 8)-(56, 18)",b'unique_ptr<Bench>'
flatbuffers,../repos/flatbuffers/benchmarks/cpp/benchmark_main.cpp,"(66, 8)-(66, 18)",b'unique_ptr<Bench>'
flatbuffers,../repos/flatbuffers/benchmarks/cpp/benchmark_main.cpp,"(75, 8)-(75, 18)",b'unique_ptr<Bench>'
flatbuffers,../repos/flatbuffers/benchmarks/cpp/benchmark_main.cpp,"(84, 8)-(84, 18)",b'unique_ptr<Bench>'
flatbuffers,../repos/flatbuffers/benchmarks/cpp/benchmark_main.cpp,"(93, 8)-(93, 18)",b'unique_ptr<Bench>'
flatbuffers,../repos/flatbuffers/benchmarks/cpp/flatbuffers/fb_bench.h,"(20, 6)-(20, 16)",b'unique_ptr<Bench>'
flatbuffers,../repos/flatbuffers/benchmarks/cpp/raw/raw_bench.h,"(8, 6)-(8, 16)",b'unique_ptr<Bench>'
flatbuffers,../repos/flatbuffers/tests/monster_test_generated.grpc.fb.cc,"(26, 8)-(26, 18)",b'unique_ptr< MonsterStorage::Stub>'
flatbuffers,../repos/flatbuffers/tests/monster_test_suffix/filesuffix_only/monster_test.grpc.fb.cc,"(27, 8)-(27, 18)",b'unique_ptr< MonsterStorage::Stub>'
flatbuffers,../repos/flatbuffers/tests/monster_test_suffix/filesuffix_only/monster_test.grpc.fb.h,"(87, 21)-(87, 31)",b'shared_ptr< ::grpc::ChannelInterface>'
flatbuffers,../repos/flatbuffers/tests/monster_test_suffix/ext_only/monster_test.grpc.fb.cc,"(27, 8)-(27, 18)",b'unique_ptr< MonsterStorage::Stub>'
flatbuffers,../repos/flatbuffers/tests/monster_test_suffix/ext_only/monster_test.grpc.fb.h,"(87, 21)-(87, 31)",b'shared_ptr< ::grpc::ChannelInterface>'
flatbuffers,../repos/flatbuffers/tests/monster_test_suffix/monster_test.grpc.fb.cc,"(27, 8)-(27, 18)",b'unique_ptr< MonsterStorage::Stub>'
flatbuffers,../repos/flatbuffers/tests/monster_test_suffix/monster_test.grpc.fb.h,"(87, 21)-(87, 31)",b'shared_ptr< ::grpc::ChannelInterface>'
flatbuffers,../repos/flatbuffers/tests/proto_test.cpp,"(20, 8)-(20, 18)",b'unique_ptr<CodeGenerator>'
flatbuffers,../repos/flatbuffers/tests/proto_test.cpp,"(234, 8)-(234, 18)",b'unique_ptr<CodeGenerator>'
flatbuffers,../repos/flatbuffers/tests/monster_test.grpc.fb.cc,"(27, 8)-(27, 18)",b'unique_ptr< MonsterStorage::Stub>'
flatbuffers,../repos/flatbuffers/tests/test_builder.h,"(62, 8)-(62, 18)",b'shared_ptr<uint8_t>'
flatbuffers,../repos/flatbuffers/tests/monster_test_generated.grpc.fb.h,"(87, 21)-(87, 31)",b'shared_ptr< ::grpc::ChannelInterface>'
flatbuffers,../repos/flatbuffers/tests/monster_test.grpc.fb.h,"(87, 21)-(87, 31)",b'shared_ptr< ::grpc::ChannelInterface>'
flatbuffers,../repos/flatbuffers/grpc/src/compiler/java_generator.cc,"(708, 20)-(708, 30)",b'unique_ptr<const grpc_generator::Method>'
flatbuffers,../repos/flatbuffers/grpc/samples/greeter/server.cpp,"(72, 8)-(72, 18)",b'unique_ptr<grpc::Server>'
