Repo name,File name,Location,Content
flatbuffers,../repos/flatbuffers/src/bfbs_gen.h,"(101, 11)-(101, 29)",b'~BaseBfbsGenerator()'
flatbuffers,../repos/flatbuffers/src/namer.h,"(111, 11)-(111, 17)",b'~Namer()'
flatbuffers,../repos/flatbuffers/src/idl_parser.cpp,"(417, 3)-(417, 19)",b'~ParseDepthGuard()'
flatbuffers,../repos/flatbuffers/src/idl_parser.cpp,"(2468, 3)-(2468, 18)",b'~EnumValBuilder()'
flatbuffers,../repos/flatbuffers/src/util.cpp,"(409, 18)-(409, 32)",b'ClassicLocale::~ClassicLocale'
flatbuffers,../repos/flatbuffers/src/util.cpp,"(413, 18)-(413, 32)",b'ClassicLocale::~ClassicLocale'
flatbuffers,../repos/flatbuffers/include/flatbuffers/idl.h,"(238, 3)-(238, 15)",b'~SymbolTable()'
flatbuffers,../repos/flatbuffers/include/flatbuffers/idl.h,"(900, 3)-(900, 16)",b'~CheckedError()'
flatbuffers,../repos/flatbuffers/include/flatbuffers/idl.h,"(983, 3)-(983, 10)",b'~Parser()'
flatbuffers,../repos/flatbuffers/include/flatbuffers/allocator.h,"(28, 11)-(28, 21)",b'~Allocator()'
flatbuffers,../repos/flatbuffers/include/flatbuffers/detached_buffer.h,"(75, 3)-(75, 18)",b'~DetachedBuffer()'
flatbuffers,../repos/flatbuffers/include/flatbuffers/code_generators.h,"(114, 11)-(114, 25)",b'~BaseGenerator()'
flatbuffers,../repos/flatbuffers/include/flatbuffers/code_generators.h,"(166, 11)-(166, 34)",b'~FloatConstantGenerator()'
flatbuffers,../repos/flatbuffers/include/flatbuffers/minireflect.h,"(69, 11)-(69, 28)",b'~IterationVisitor()'
flatbuffers,../repos/flatbuffers/include/flatbuffers/flatbuffer_builder.h,"(156, 3)-(156, 25)",b'~FlatBufferBuilderImpl()'
flatbuffers,../repos/flatbuffers/include/flatbuffers/file_manager.h,"(32, 11)-(32, 23)",b'~FileManager()'
flatbuffers,../repos/flatbuffers/include/flatbuffers/buffer_ref.h,"(35, 3)-(35, 13)",b'~BufferRef()'
flatbuffers,../repos/flatbuffers/include/flatbuffers/code_generator.h,"(34, 11)-(34, 25)",b'~CodeGenerator()'
flatbuffers,../repos/flatbuffers/include/flatbuffers/util.h,"(215, 5)-(215, 19)",b'~ClassicLocale()'
flatbuffers,../repos/flatbuffers/include/flatbuffers/vector_downward.h,"(80, 3)-(80, 19)",b'~vector_downward()'
flatbuffers,../repos/flatbuffers/include/flatbuffers/grpc.h,"(98, 11)-(98, 26)",b'~SliceAllocator()'
flatbuffers,../repos/flatbuffers/include/flatbuffers/grpc.h,"(219, 3)-(219, 18)",b'~MessageBuilder()'
flatbuffers,../repos/flatbuffers/benchmarks/cpp/bench.h,"(7, 11)-(7, 17)",b'~Bench()'
flatbuffers,../repos/flatbuffers/tests/monster_test_generated.h,"(317, 3)-(317, 12)",b'~AnyUnion()'
flatbuffers,../repos/flatbuffers/tests/monster_test_generated.h,"(473, 3)-(473, 25)",b'~AnyUniqueAliasesUnion()'
flatbuffers,../repos/flatbuffers/tests/monster_test_generated.h,"(597, 3)-(597, 28)",b'~AnyAmbiguousAliasesUnion()'
flatbuffers,../repos/flatbuffers/tests/monster_test_generated.grpc.fb.cc,"(108, 26)-(108, 34)",b'Service::~Service'
flatbuffers,../repos/flatbuffers/tests/namespace_test/namespace_test1_generated.h,"(93, 3)-(93, 24)",b'~UnionInNestedNSUnion()'
flatbuffers,../repos/flatbuffers/tests/fuzzer/flatbuffers_scalar_fuzzer.cc,"(70, 11)-(70, 24)",b'~RegexMatcher()'
flatbuffers,../repos/flatbuffers/tests/fuzzer/flatbuffers_scalar_fuzzer.cc,"(132, 11)-(132, 24)",b'~IntegerRegex()'
flatbuffers,../repos/flatbuffers/tests/fuzzer/flatbuffers_scalar_fuzzer.cc,"(150, 11)-(150, 25)",b'~UIntegerRegex()'
flatbuffers,../repos/flatbuffers/tests/fuzzer/flatbuffers_scalar_fuzzer.cc,"(162, 11)-(162, 24)",b'~BooleanRegex()'
flatbuffers,../repos/flatbuffers/tests/fuzzer/flatbuffers_scalar_fuzzer.cc,"(186, 11)-(186, 22)",b'~FloatRegex()'
flatbuffers,../repos/flatbuffers/tests/monster_test_suffix/filesuffix_only/monster_test_suffix.h,"(314, 3)-(314, 12)",b'~AnyUnion()'
flatbuffers,../repos/flatbuffers/tests/monster_test_suffix/filesuffix_only/monster_test_suffix.h,"(470, 3)-(470, 25)",b'~AnyUniqueAliasesUnion()'
flatbuffers,../repos/flatbuffers/tests/monster_test_suffix/filesuffix_only/monster_test_suffix.h,"(594, 3)-(594, 28)",b'~AnyAmbiguousAliasesUnion()'
flatbuffers,../repos/flatbuffers/tests/monster_test_suffix/filesuffix_only/monster_test.grpc.fb.cc,"(109, 26)-(109, 34)",b'Service::~Service'
flatbuffers,../repos/flatbuffers/tests/monster_test_suffix/filesuffix_only/monster_test.grpc.fb.h,"(37, 13)-(37, 27)",b'~StubInterface()'
flatbuffers,../repos/flatbuffers/tests/monster_test_suffix/filesuffix_only/monster_test.grpc.fb.h,"(146, 13)-(146, 21)",b'~Service()'
flatbuffers,../repos/flatbuffers/tests/monster_test_suffix/filesuffix_only/monster_test.grpc.fb.h,"(160, 5)-(160, 27)",b'~WithAsyncMethod_Store() override'
flatbuffers,../repos/flatbuffers/tests/monster_test_suffix/filesuffix_only/monster_test.grpc.fb.h,"(180, 5)-(180, 30)",b'~WithAsyncMethod_Retrieve() override'
flatbuffers,../repos/flatbuffers/tests/monster_test_suffix/filesuffix_only/monster_test.grpc.fb.h,"(200, 5)-(200, 36)",b'~WithAsyncMethod_GetMaxHitPoint() override'
flatbuffers,../repos/flatbuffers/tests/monster_test_suffix/filesuffix_only/monster_test.grpc.fb.h,"(220, 5)-(220, 40)",b'~WithAsyncMethod_GetMinMaxHitPoints() override'
flatbuffers,../repos/flatbuffers/tests/monster_test_suffix/filesuffix_only/monster_test.grpc.fb.h,"(241, 5)-(241, 29)",b'~WithGenericMethod_Store() override'
flatbuffers,../repos/flatbuffers/tests/monster_test_suffix/filesuffix_only/monster_test.grpc.fb.h,"(258, 5)-(258, 32)",b'~WithGenericMethod_Retrieve() override'
flatbuffers,../repos/flatbuffers/tests/monster_test_suffix/filesuffix_only/monster_test.grpc.fb.h,"(275, 5)-(275, 38)",b'~WithGenericMethod_GetMaxHitPoint() override'
flatbuffers,../repos/flatbuffers/tests/monster_test_suffix/filesuffix_only/monster_test.grpc.fb.h,"(292, 5)-(292, 42)",b'~WithGenericMethod_GetMinMaxHitPoints() override'
flatbuffers,../repos/flatbuffers/tests/monster_test_suffix/filesuffix_only/monster_test.grpc.fb.h,"(310, 5)-(310, 35)",b'~WithStreamedUnaryMethod_Store() override'
flatbuffers,../repos/flatbuffers/tests/monster_test_suffix/filesuffix_only/monster_test.grpc.fb.h,"(331, 5)-(331, 39)",b'~WithSplitStreamingMethod_Retrieve() override'
flatbuffers,../repos/flatbuffers/tests/monster_test_suffix/monster_test_suffix.hpp,"(314, 3)-(314, 12)",b'~AnyUnion()'
flatbuffers,../repos/flatbuffers/tests/monster_test_suffix/monster_test_suffix.hpp,"(470, 3)-(470, 25)",b'~AnyUniqueAliasesUnion()'
flatbuffers,../repos/flatbuffers/tests/monster_test_suffix/monster_test_suffix.hpp,"(594, 3)-(594, 28)",b'~AnyAmbiguousAliasesUnion()'
flatbuffers,../repos/flatbuffers/tests/monster_test_suffix/ext_only/monster_test.grpc.fb.cc,"(109, 26)-(109, 34)",b'Service::~Service'
flatbuffers,../repos/flatbuffers/tests/monster_test_suffix/ext_only/monster_test.grpc.fb.h,"(37, 13)-(37, 27)",b'~StubInterface()'
flatbuffers,../repos/flatbuffers/tests/monster_test_suffix/ext_only/monster_test.grpc.fb.h,"(146, 13)-(146, 21)",b'~Service()'
flatbuffers,../repos/flatbuffers/tests/monster_test_suffix/ext_only/monster_test.grpc.fb.h,"(160, 5)-(160, 27)",b'~WithAsyncMethod_Store() override'
flatbuffers,../repos/flatbuffers/tests/monster_test_suffix/ext_only/monster_test.grpc.fb.h,"(180, 5)-(180, 30)",b'~WithAsyncMethod_Retrieve() override'
flatbuffers,../repos/flatbuffers/tests/monster_test_suffix/ext_only/monster_test.grpc.fb.h,"(200, 5)-(200, 36)",b'~WithAsyncMethod_GetMaxHitPoint() override'
flatbuffers,../repos/flatbuffers/tests/monster_test_suffix/ext_only/monster_test.grpc.fb.h,"(220, 5)-(220, 40)",b'~WithAsyncMethod_GetMinMaxHitPoints() override'
flatbuffers,../repos/flatbuffers/tests/monster_test_suffix/ext_only/monster_test.grpc.fb.h,"(241, 5)-(241, 29)",b'~WithGenericMethod_Store() override'
flatbuffers,../repos/flatbuffers/tests/monster_test_suffix/ext_only/monster_test.grpc.fb.h,"(258, 5)-(258, 32)",b'~WithGenericMethod_Retrieve() override'
flatbuffers,../repos/flatbuffers/tests/monster_test_suffix/ext_only/monster_test.grpc.fb.h,"(275, 5)-(275, 38)",b'~WithGenericMethod_GetMaxHitPoint() override'
flatbuffers,../repos/flatbuffers/tests/monster_test_suffix/ext_only/monster_test.grpc.fb.h,"(292, 5)-(292, 42)",b'~WithGenericMethod_GetMinMaxHitPoints() override'
flatbuffers,../repos/flatbuffers/tests/monster_test_suffix/ext_only/monster_test.grpc.fb.h,"(310, 5)-(310, 35)",b'~WithStreamedUnaryMethod_Store() override'
flatbuffers,../repos/flatbuffers/tests/monster_test_suffix/ext_only/monster_test.grpc.fb.h,"(331, 5)-(331, 39)",b'~WithSplitStreamingMethod_Retrieve() override'
flatbuffers,../repos/flatbuffers/tests/monster_test_suffix/ext_only/monster_test_generated.hpp,"(314, 3)-(314, 12)",b'~AnyUnion()'
flatbuffers,../repos/flatbuffers/tests/monster_test_suffix/ext_only/monster_test_generated.hpp,"(470, 3)-(470, 25)",b'~AnyUniqueAliasesUnion()'
flatbuffers,../repos/flatbuffers/tests/monster_test_suffix/ext_only/monster_test_generated.hpp,"(594, 3)-(594, 28)",b'~AnyAmbiguousAliasesUnion()'
flatbuffers,../repos/flatbuffers/tests/monster_test_suffix/monster_test.grpc.fb.cc,"(109, 26)-(109, 34)",b'Service::~Service'
flatbuffers,../repos/flatbuffers/tests/monster_test_suffix/monster_test.grpc.fb.h,"(37, 13)-(37, 27)",b'~StubInterface()'
flatbuffers,../repos/flatbuffers/tests/monster_test_suffix/monster_test.grpc.fb.h,"(146, 13)-(146, 21)",b'~Service()'
flatbuffers,../repos/flatbuffers/tests/monster_test_suffix/monster_test.grpc.fb.h,"(160, 5)-(160, 27)",b'~WithAsyncMethod_Store() override'
flatbuffers,../repos/flatbuffers/tests/monster_test_suffix/monster_test.grpc.fb.h,"(180, 5)-(180, 30)",b'~WithAsyncMethod_Retrieve() override'
flatbuffers,../repos/flatbuffers/tests/monster_test_suffix/monster_test.grpc.fb.h,"(200, 5)-(200, 36)",b'~WithAsyncMethod_GetMaxHitPoint() override'
flatbuffers,../repos/flatbuffers/tests/monster_test_suffix/monster_test.grpc.fb.h,"(220, 5)-(220, 40)",b'~WithAsyncMethod_GetMinMaxHitPoints() override'
flatbuffers,../repos/flatbuffers/tests/monster_test_suffix/monster_test.grpc.fb.h,"(241, 5)-(241, 29)",b'~WithGenericMethod_Store() override'
flatbuffers,../repos/flatbuffers/tests/monster_test_suffix/monster_test.grpc.fb.h,"(258, 5)-(258, 32)",b'~WithGenericMethod_Retrieve() override'
flatbuffers,../repos/flatbuffers/tests/monster_test_suffix/monster_test.grpc.fb.h,"(275, 5)-(275, 38)",b'~WithGenericMethod_GetMaxHitPoint() override'
flatbuffers,../repos/flatbuffers/tests/monster_test_suffix/monster_test.grpc.fb.h,"(292, 5)-(292, 42)",b'~WithGenericMethod_GetMinMaxHitPoints() override'
flatbuffers,../repos/flatbuffers/tests/monster_test_suffix/monster_test.grpc.fb.h,"(310, 5)-(310, 35)",b'~WithStreamedUnaryMethod_Store() override'
flatbuffers,../repos/flatbuffers/tests/monster_test_suffix/monster_test.grpc.fb.h,"(331, 5)-(331, 39)",b'~WithSplitStreamingMethod_Retrieve() override'
flatbuffers,../repos/flatbuffers/tests/cpp17/generated_cpp17/monster_test_generated.h,"(283, 3)-(283, 12)",b'~AnyUnion()'
flatbuffers,../repos/flatbuffers/tests/cpp17/generated_cpp17/monster_test_generated.h,"(410, 3)-(410, 25)",b'~AnyUniqueAliasesUnion()'
flatbuffers,../repos/flatbuffers/tests/cpp17/generated_cpp17/monster_test_generated.h,"(505, 3)-(505, 28)",b'~AnyAmbiguousAliasesUnion()'
flatbuffers,../repos/flatbuffers/tests/cpp17/generated_cpp17/union_vector_generated.h,"(104, 3)-(104, 18)",b'~CharacterUnion()'
flatbuffers,../repos/flatbuffers/tests/cpp17/generated_cpp17/union_vector_generated.h,"(234, 3)-(234, 15)",b'~GadgetUnion()'
flatbuffers,../repos/flatbuffers/tests/union_vector/union_vector_generated.h,"(117, 3)-(117, 18)",b'~CharacterUnion()'
flatbuffers,../repos/flatbuffers/tests/union_vector/union_vector_generated.h,"(288, 3)-(288, 15)",b'~GadgetUnion()'
flatbuffers,../repos/flatbuffers/tests/monster_test.grpc.fb.cc,"(109, 26)-(109, 34)",b'Service::~Service'
flatbuffers,../repos/flatbuffers/tests/monster_test_generated.grpc.fb.h,"(37, 13)-(37, 27)",b'~StubInterface()'
flatbuffers,../repos/flatbuffers/tests/monster_test_generated.grpc.fb.h,"(146, 13)-(146, 21)",b'~Service()'
flatbuffers,../repos/flatbuffers/tests/monster_test_generated.grpc.fb.h,"(160, 5)-(160, 27)",b'~WithAsyncMethod_Store() override'
flatbuffers,../repos/flatbuffers/tests/monster_test_generated.grpc.fb.h,"(180, 5)-(180, 30)",b'~WithAsyncMethod_Retrieve() override'
flatbuffers,../repos/flatbuffers/tests/monster_test_generated.grpc.fb.h,"(200, 5)-(200, 36)",b'~WithAsyncMethod_GetMaxHitPoint() override'
flatbuffers,../repos/flatbuffers/tests/monster_test_generated.grpc.fb.h,"(220, 5)-(220, 40)",b'~WithAsyncMethod_GetMinMaxHitPoints() override'
flatbuffers,../repos/flatbuffers/tests/monster_test_generated.grpc.fb.h,"(241, 5)-(241, 29)",b'~WithGenericMethod_Store() override'
flatbuffers,../repos/flatbuffers/tests/monster_test_generated.grpc.fb.h,"(258, 5)-(258, 32)",b'~WithGenericMethod_Retrieve() override'
flatbuffers,../repos/flatbuffers/tests/monster_test_generated.grpc.fb.h,"(275, 5)-(275, 38)",b'~WithGenericMethod_GetMaxHitPoint() override'
flatbuffers,../repos/flatbuffers/tests/monster_test_generated.grpc.fb.h,"(292, 5)-(292, 42)",b'~WithGenericMethod_GetMinMaxHitPoints() override'
flatbuffers,../repos/flatbuffers/tests/monster_test_generated.grpc.fb.h,"(310, 5)-(310, 35)",b'~WithStreamedUnaryMethod_Store() override'
flatbuffers,../repos/flatbuffers/tests/monster_test_generated.grpc.fb.h,"(331, 5)-(331, 39)",b'~WithSplitStreamingMethod_Retrieve() override'
flatbuffers,../repos/flatbuffers/tests/union_underlying_type_test_generated.h,"(125, 3)-(125, 12)",b'~ABCUnion()'
flatbuffers,../repos/flatbuffers/tests/monster_test.grpc.fb.h,"(37, 13)-(37, 27)",b'~StubInterface()'
flatbuffers,../repos/flatbuffers/tests/monster_test.grpc.fb.h,"(146, 13)-(146, 21)",b'~Service()'
flatbuffers,../repos/flatbuffers/tests/monster_test.grpc.fb.h,"(160, 5)-(160, 27)",b'~WithAsyncMethod_Store() override'
flatbuffers,../repos/flatbuffers/tests/monster_test.grpc.fb.h,"(180, 5)-(180, 30)",b'~WithAsyncMethod_Retrieve() override'
flatbuffers,../repos/flatbuffers/tests/monster_test.grpc.fb.h,"(200, 5)-(200, 36)",b'~WithAsyncMethod_GetMaxHitPoint() override'
flatbuffers,../repos/flatbuffers/tests/monster_test.grpc.fb.h,"(220, 5)-(220, 40)",b'~WithAsyncMethod_GetMinMaxHitPoints() override'
flatbuffers,../repos/flatbuffers/tests/monster_test.grpc.fb.h,"(241, 5)-(241, 29)",b'~WithGenericMethod_Store() override'
flatbuffers,../repos/flatbuffers/tests/monster_test.grpc.fb.h,"(258, 5)-(258, 32)",b'~WithGenericMethod_Retrieve() override'
flatbuffers,../repos/flatbuffers/tests/monster_test.grpc.fb.h,"(275, 5)-(275, 38)",b'~WithGenericMethod_GetMaxHitPoint() override'
flatbuffers,../repos/flatbuffers/tests/monster_test.grpc.fb.h,"(292, 5)-(292, 42)",b'~WithGenericMethod_GetMinMaxHitPoints() override'
flatbuffers,../repos/flatbuffers/tests/monster_test.grpc.fb.h,"(310, 5)-(310, 35)",b'~WithStreamedUnaryMethod_Store() override'
flatbuffers,../repos/flatbuffers/tests/monster_test.grpc.fb.h,"(331, 5)-(331, 39)",b'~WithSplitStreamingMethod_Retrieve() override'
flatbuffers,../repos/flatbuffers/samples/monster_generated.h,"(134, 3)-(134, 18)",b'~EquipmentUnion()'
flatbuffers,../repos/flatbuffers/grpc/src/compiler/schema_interface.h,"(42, 11)-(42, 25)",b'~CommentHolder()'
flatbuffers,../repos/flatbuffers/grpc/src/compiler/schema_interface.h,"(50, 11)-(50, 18)",b'~Method()'
flatbuffers,../repos/flatbuffers/grpc/src/compiler/schema_interface.h,"(79, 11)-(79, 19)",b'~Service()'
flatbuffers,../repos/flatbuffers/grpc/src/compiler/schema_interface.h,"(90, 11)-(90, 19)",b'~Printer()'
flatbuffers,../repos/flatbuffers/grpc/src/compiler/schema_interface.h,"(103, 11)-(103, 16)",b'~File()'
flatbuffers,../repos/flatbuffers/grpc/src/compiler/java_generator.h,"(47, 3)-(47, 13)",b'~LogHelper()'
