Repo name,File name,Location,Content
flatbuffers,../repos/flatbuffers/src/idl_gen_rust.cpp,"(59, 1)-(142, 2)",b'static std::set<std::string> RustKeywords() {...'
flatbuffers,../repos/flatbuffers/src/idl_gen_rust.cpp,"(351, 3)-(359, 4)","b'RustGenerator(const Parser &parser, const std...'"
flatbuffers,../repos/flatbuffers/src/idl_gen_rust.cpp,"(431, 3)-(500, 4)",b'bool GenerateOneFile() {\n    code_.Clear();\n ...'
flatbuffers,../repos/flatbuffers/src/idl_gen_rust.cpp,"(3058, 3)-(3062, 4)","b'Status GenerateCode(const Parser &parser, con...'"
flatbuffers,../repos/flatbuffers/src/idl_gen_rust.cpp,"(3064, 3)-(3067, 4)","b'Status GenerateCode(const uint8_t *, int64_t,...'"
flatbuffers,../repos/flatbuffers/src/idl_gen_rust.cpp,"(3069, 3)-(3074, 4)","b'Status GenerateMakeRule(const Parser &parser,...'"
flatbuffers,../repos/flatbuffers/src/idl_gen_rust.cpp,"(3076, 3)-(3082, 4)","b'Status GenerateGrpcCode(const Parser &parser,...'"
flatbuffers,../repos/flatbuffers/src/idl_gen_rust.cpp,"(3084, 3)-(3088, 4)","b'Status GenerateRootFile(const Parser &parser,...'"
flatbuffers,../repos/flatbuffers/src/idl_gen_rust.cpp,"(3090, 3)-(3090, 54)",b'bool IsSchemaOnly() const override { return t...'
flatbuffers,../repos/flatbuffers/src/idl_gen_rust.cpp,"(3092, 3)-(3092, 65)",b'bool SupportsBfbsGeneration() const override ...'
flatbuffers,../repos/flatbuffers/src/idl_gen_rust.cpp,"(3094, 3)-(3094, 68)",b'bool SupportsRootFileGeneration() const overr...'
flatbuffers,../repos/flatbuffers/src/idl_gen_rust.cpp,"(3096, 3)-(3096, 79)",b'IDLOptions::Language Language() const overrid...'
flatbuffers,../repos/flatbuffers/src/idl_gen_rust.cpp,"(3098, 3)-(3098, 63)",b'std::string LanguageName() const override { r...'
flatbuffers,../repos/flatbuffers/src/bfbs_gen_lua.cpp,"(95, 3)-(98, 4)","b'Status GenerateCode(const Parser &, const std...'"
flatbuffers,../repos/flatbuffers/src/bfbs_gen_lua.cpp,"(100, 3)-(108, 4)","b'Status GenerateMakeRule(const Parser &parser,...'"
flatbuffers,../repos/flatbuffers/src/bfbs_gen_lua.cpp,"(110, 3)-(116, 4)","b'Status GenerateGrpcCode(const Parser &parser,...'"
flatbuffers,../repos/flatbuffers/src/bfbs_gen_lua.cpp,"(118, 3)-(123, 4)","b'Status GenerateRootFile(const Parser &parser,...'"
flatbuffers,../repos/flatbuffers/src/bfbs_gen_lua.cpp,"(125, 3)-(125, 54)",b'bool IsSchemaOnly() const override { return t...'
flatbuffers,../repos/flatbuffers/src/bfbs_gen_lua.cpp,"(127, 3)-(127, 64)",b'bool SupportsBfbsGeneration() const override ...'
flatbuffers,../repos/flatbuffers/src/bfbs_gen_lua.cpp,"(129, 3)-(129, 69)",b'bool SupportsRootFileGeneration() const overr...'
flatbuffers,../repos/flatbuffers/src/bfbs_gen_lua.cpp,"(131, 3)-(131, 78)",b'IDLOptions::Language Language() const overrid...'
flatbuffers,../repos/flatbuffers/src/bfbs_gen_lua.cpp,"(133, 3)-(133, 62)",b'std::string LanguageName() const override { r...'
flatbuffers,../repos/flatbuffers/src/bfbs_gen_lua.cpp,"(541, 3)-(559, 4)",b'std::string GenerateType(const r::BaseType ba...'
flatbuffers,../repos/flatbuffers/src/idl_gen_dart.cpp,"(58, 1)-(74, 2)",b'static std::set<std::string> DartKeywords() {...'
flatbuffers,../repos/flatbuffers/src/idl_gen_dart.cpp,"(208, 3)-(289, 4)","b'void GenEnum(EnumDef &enum_def, namespace_cod...'"
flatbuffers,../repos/flatbuffers/src/idl_gen_dart.cpp,"(291, 3)-(304, 4)","b'void GenEnumReader(EnumDef &enum_def, const s...'"
flatbuffers,../repos/flatbuffers/src/idl_gen_dart.cpp,"(447, 3)-(519, 4)","b'void GenStruct(const StructDef &struct_def,\n ...'"
flatbuffers,../repos/flatbuffers/src/idl_gen_dart.cpp,"(624, 3)-(635, 4)",b'std::string GenStructObjectAPIPack(\n      con...'
flatbuffers,../repos/flatbuffers/src/idl_gen_dart.cpp,"(736, 3)-(759, 4)",b'std::string GenToString(\n      const std::str...'
flatbuffers,../repos/flatbuffers/src/idl_gen_dart.cpp,"(783, 3)-(805, 4)","b'void GenReader(const StructDef &struct_def, c...'"
flatbuffers,../repos/flatbuffers/src/idl_gen_dart.cpp,"(807, 3)-(824, 4)",b'void GenBuilder(\n      const StructDef &struc...'
flatbuffers,../repos/flatbuffers/src/idl_gen_dart.cpp,"(914, 3)-(975, 4)",b'void GenObjectBuilder(\n      const StructDef ...'
flatbuffers,../repos/flatbuffers/src/idl_gen_dart.cpp,"(977, 3)-(1050, 4)",b'std::string GenObjectBuilderImplementation(\n ...'
flatbuffers,../repos/flatbuffers/src/idl_gen_dart.cpp,"(1149, 3)-(1153, 4)","b'Status GenerateCode(const Parser &parser, con...'"
flatbuffers,../repos/flatbuffers/src/idl_gen_dart.cpp,"(1155, 3)-(1158, 4)","b'Status GenerateCode(const uint8_t *, int64_t,...'"
flatbuffers,../repos/flatbuffers/src/idl_gen_dart.cpp,"(1160, 3)-(1165, 4)","b'Status GenerateMakeRule(const Parser &parser,...'"
flatbuffers,../repos/flatbuffers/src/idl_gen_dart.cpp,"(1167, 3)-(1173, 4)","b'Status GenerateGrpcCode(const Parser &parser,...'"
flatbuffers,../repos/flatbuffers/src/idl_gen_dart.cpp,"(1175, 3)-(1180, 4)","b'Status GenerateRootFile(const Parser &parser,...'"
flatbuffers,../repos/flatbuffers/src/idl_gen_dart.cpp,"(1182, 3)-(1182, 54)",b'bool IsSchemaOnly() const override { return t...'
flatbuffers,../repos/flatbuffers/src/idl_gen_dart.cpp,"(1184, 3)-(1184, 65)",b'bool SupportsBfbsGeneration() const override ...'
flatbuffers,../repos/flatbuffers/src/idl_gen_dart.cpp,"(1186, 3)-(1186, 69)",b'bool SupportsRootFileGeneration() const overr...'
flatbuffers,../repos/flatbuffers/src/idl_gen_dart.cpp,"(1188, 3)-(1188, 79)",b'IDLOptions::Language Language() const overrid...'
flatbuffers,../repos/flatbuffers/src/idl_gen_dart.cpp,"(1190, 3)-(1190, 63)",b'std::string LanguageName() const override { r...'
flatbuffers,../repos/flatbuffers/src/file_binary_writer.cpp,"(27, 3)-(33, 4)",b'bool SaveFile(const std::string &absolute_fil...'
flatbuffers,../repos/flatbuffers/src/idl_gen_binary.cpp,"(76, 3)-(80, 4)","b'Status GenerateCode(const Parser &parser, con...'"
flatbuffers,../repos/flatbuffers/src/idl_gen_binary.cpp,"(84, 3)-(87, 4)","b'Status GenerateCode(const uint8_t *, int64_t,...'"
flatbuffers,../repos/flatbuffers/src/idl_gen_binary.cpp,"(89, 3)-(94, 4)","b'Status GenerateMakeRule(const Parser &parser,...'"
flatbuffers,../repos/flatbuffers/src/idl_gen_binary.cpp,"(96, 3)-(102, 4)","b'Status GenerateGrpcCode(const Parser &parser,...'"
flatbuffers,../repos/flatbuffers/src/idl_gen_binary.cpp,"(104, 3)-(109, 4)","b'Status GenerateRootFile(const Parser &parser,...'"
flatbuffers,../repos/flatbuffers/src/idl_gen_binary.cpp,"(111, 3)-(111, 55)",b'bool IsSchemaOnly() const override { return f...'
flatbuffers,../repos/flatbuffers/src/idl_gen_binary.cpp,"(113, 3)-(113, 65)",b'bool SupportsBfbsGeneration() const override ...'
flatbuffers,../repos/flatbuffers/src/idl_gen_binary.cpp,"(115, 3)-(115, 69)",b'bool SupportsRootFileGeneration() const overr...'
flatbuffers,../repos/flatbuffers/src/idl_gen_binary.cpp,"(117, 3)-(117, 81)",b'IDLOptions::Language Language() const overrid...'
flatbuffers,../repos/flatbuffers/src/idl_gen_binary.cpp,"(119, 3)-(119, 65)",b'std::string LanguageName() const override { r...'
flatbuffers,../repos/flatbuffers/src/idl_gen_csharp.cpp,"(47, 3)-(142, 4)","b'CSharpGenerator(const Parser &parser, const s...'"
flatbuffers,../repos/flatbuffers/src/idl_gen_csharp.cpp,"(391, 3)-(438, 4)","b'void GenEnum(EnumDef &enum_def, std::string *...'"
flatbuffers,../repos/flatbuffers/src/idl_gen_csharp.cpp,"(818, 3)-(1565, 4)","b'void GenStruct(StructDef &struct_def, std::st...'"
flatbuffers,../repos/flatbuffers/src/idl_gen_csharp.cpp,"(1686, 3)-(1845, 4)","b'void GenEnum_ObjectAPI(EnumDef &enum_def, std...'"
flatbuffers,../repos/flatbuffers/src/idl_gen_csharp.cpp,"(2533, 3)-(2537, 4)","b'Status GenerateCode(const Parser &parser, con...'"
flatbuffers,../repos/flatbuffers/src/idl_gen_csharp.cpp,"(2539, 3)-(2542, 4)","b'Status GenerateCode(const uint8_t *, int64_t,...'"
flatbuffers,../repos/flatbuffers/src/idl_gen_csharp.cpp,"(2544, 3)-(2549, 4)","b'Status GenerateMakeRule(const Parser &parser,...'"
flatbuffers,../repos/flatbuffers/src/idl_gen_csharp.cpp,"(2551, 3)-(2557, 4)","b'Status GenerateGrpcCode(const Parser &parser,...'"
flatbuffers,../repos/flatbuffers/src/idl_gen_csharp.cpp,"(2559, 3)-(2564, 4)","b'Status GenerateRootFile(const Parser &parser,...'"
flatbuffers,../repos/flatbuffers/src/idl_gen_csharp.cpp,"(2566, 3)-(2566, 54)",b'bool IsSchemaOnly() const override { return t...'
flatbuffers,../repos/flatbuffers/src/idl_gen_csharp.cpp,"(2568, 3)-(2568, 65)",b'bool SupportsBfbsGeneration() const override ...'
flatbuffers,../repos/flatbuffers/src/idl_gen_csharp.cpp,"(2570, 3)-(2570, 69)",b'bool SupportsRootFileGeneration() const overr...'
flatbuffers,../repos/flatbuffers/src/idl_gen_csharp.cpp,"(2572, 3)-(2572, 81)",b'IDLOptions::Language Language() const overrid...'
flatbuffers,../repos/flatbuffers/src/idl_gen_csharp.cpp,"(2574, 3)-(2574, 65)",b'std::string LanguageName() const override { r...'
flatbuffers,../repos/flatbuffers/src/idl_gen_grpc.cpp,"(425, 3)-(441, 4)",b'bool generate() {\n    code_.Clear();\n    code...'
flatbuffers,../repos/flatbuffers/src/idl_gen_grpc.cpp,"(477, 3)-(489, 4)",b'bool generate() {\n    code_.Clear();\n    code...'
flatbuffers,../repos/flatbuffers/src/idl_gen_php.cpp,"(952, 3)-(956, 4)","b'Status GenerateCode(const Parser &parser, con...'"
flatbuffers,../repos/flatbuffers/src/idl_gen_php.cpp,"(958, 3)-(961, 4)","b'Status GenerateCode(const uint8_t *, int64_t,...'"
flatbuffers,../repos/flatbuffers/src/idl_gen_php.cpp,"(963, 3)-(971, 4)","b'Status GenerateMakeRule(const Parser &parser,...'"
flatbuffers,../repos/flatbuffers/src/idl_gen_php.cpp,"(973, 3)-(979, 4)","b'Status GenerateGrpcCode(const Parser &parser,...'"
flatbuffers,../repos/flatbuffers/src/idl_gen_php.cpp,"(981, 3)-(986, 4)","b'Status GenerateRootFile(const Parser &parser,...'"
flatbuffers,../repos/flatbuffers/src/idl_gen_php.cpp,"(988, 3)-(988, 54)",b'bool IsSchemaOnly() const override { return t...'
flatbuffers,../repos/flatbuffers/src/idl_gen_php.cpp,"(990, 3)-(990, 65)",b'bool SupportsBfbsGeneration() const override ...'
flatbuffers,../repos/flatbuffers/src/idl_gen_php.cpp,"(992, 3)-(992, 69)",b'bool SupportsRootFileGeneration() const overr...'
flatbuffers,../repos/flatbuffers/src/idl_gen_php.cpp,"(994, 3)-(994, 78)",b'IDLOptions::Language Language() const overrid...'
flatbuffers,../repos/flatbuffers/src/idl_gen_php.cpp,"(996, 3)-(996, 62)",b'std::string LanguageName() const override { r...'
flatbuffers,../repos/flatbuffers/src/idl_gen_go.cpp,"(1644, 3)-(1648, 4)","b'Status GenerateCode(const Parser &parser, con...'"
flatbuffers,../repos/flatbuffers/src/idl_gen_go.cpp,"(1650, 3)-(1653, 4)","b'Status GenerateCode(const uint8_t *, int64_t,...'"
flatbuffers,../repos/flatbuffers/src/idl_gen_go.cpp,"(1655, 3)-(1663, 4)","b'Status GenerateMakeRule(const Parser &parser,...'"
flatbuffers,../repos/flatbuffers/src/idl_gen_go.cpp,"(1665, 3)-(1669, 4)","b'Status GenerateGrpcCode(const Parser &parser,...'"
flatbuffers,../repos/flatbuffers/src/idl_gen_go.cpp,"(1671, 3)-(1676, 4)","b'Status GenerateRootFile(const Parser &parser,...'"
flatbuffers,../repos/flatbuffers/src/idl_gen_go.cpp,"(1678, 3)-(1678, 54)",b'bool IsSchemaOnly() const override { return t...'
flatbuffers,../repos/flatbuffers/src/idl_gen_go.cpp,"(1680, 3)-(1680, 65)",b'bool SupportsBfbsGeneration() const override ...'
flatbuffers,../repos/flatbuffers/src/idl_gen_go.cpp,"(1682, 3)-(1682, 69)",b'bool SupportsRootFileGeneration() const overr...'
flatbuffers,../repos/flatbuffers/src/idl_gen_go.cpp,"(1684, 3)-(1684, 77)",b'IDLOptions::Language Language() const overrid...'
flatbuffers,../repos/flatbuffers/src/idl_gen_go.cpp,"(1686, 3)-(1686, 61)",b'std::string LanguageName() const override { r...'
flatbuffers,../repos/flatbuffers/src/idl_gen_fbs.cpp,"(396, 3)-(400, 4)","b'Status GenerateCode(const Parser &parser, con...'"
flatbuffers,../repos/flatbuffers/src/idl_gen_fbs.cpp,"(402, 3)-(406, 4)",b'Status GenerateCodeString(const Parser &parse...'
flatbuffers,../repos/flatbuffers/src/idl_gen_fbs.cpp,"(410, 3)-(413, 4)","b'Status GenerateCode(const uint8_t *, int64_t,...'"
flatbuffers,../repos/flatbuffers/src/idl_gen_fbs.cpp,"(415, 3)-(423, 4)","b'Status GenerateMakeRule(const Parser &parser,...'"
flatbuffers,../repos/flatbuffers/src/idl_gen_fbs.cpp,"(425, 3)-(431, 4)","b'Status GenerateGrpcCode(const Parser &parser,...'"
flatbuffers,../repos/flatbuffers/src/idl_gen_fbs.cpp,"(433, 3)-(438, 4)","b'Status GenerateRootFile(const Parser &parser,...'"
flatbuffers,../repos/flatbuffers/src/idl_gen_fbs.cpp,"(440, 3)-(440, 55)",b'bool IsSchemaOnly() const override { return f...'
flatbuffers,../repos/flatbuffers/src/idl_gen_fbs.cpp,"(442, 3)-(442, 65)",b'bool SupportsBfbsGeneration() const override ...'
flatbuffers,../repos/flatbuffers/src/idl_gen_fbs.cpp,"(444, 3)-(444, 69)",b'bool SupportsRootFileGeneration() const overr...'
flatbuffers,../repos/flatbuffers/src/idl_gen_fbs.cpp,"(446, 3)-(446, 80)",b'IDLOptions::Language Language() const overrid...'
flatbuffers,../repos/flatbuffers/src/idl_gen_fbs.cpp,"(448, 3)-(448, 64)",b'std::string LanguageName() const override { r...'
flatbuffers,../repos/flatbuffers/src/idl_gen_python.cpp,"(41, 1)-(48, 2)",b'static std::set<std::string> PythonKeywords()...'
flatbuffers,../repos/flatbuffers/src/idl_gen_python.cpp,"(2163, 3)-(2167, 4)","b'Status GenerateCode(const Parser &parser, con...'"
flatbuffers,../repos/flatbuffers/src/idl_gen_python.cpp,"(2169, 3)-(2172, 4)","b'Status GenerateCode(const uint8_t *, int64_t,...'"
flatbuffers,../repos/flatbuffers/src/idl_gen_python.cpp,"(2174, 3)-(2182, 4)","b'Status GenerateMakeRule(const Parser &parser,...'"
flatbuffers,../repos/flatbuffers/src/idl_gen_python.cpp,"(2184, 3)-(2188, 4)","b'Status GenerateGrpcCode(const Parser &parser,...'"
flatbuffers,../repos/flatbuffers/src/idl_gen_python.cpp,"(2190, 3)-(2195, 4)","b'Status GenerateRootFile(const Parser &parser,...'"
flatbuffers,../repos/flatbuffers/src/idl_gen_python.cpp,"(2197, 3)-(2197, 54)",b'bool IsSchemaOnly() const override { return t...'
flatbuffers,../repos/flatbuffers/src/idl_gen_python.cpp,"(2199, 3)-(2199, 65)",b'bool SupportsBfbsGeneration() const override ...'
flatbuffers,../repos/flatbuffers/src/idl_gen_python.cpp,"(2200, 3)-(2200, 69)",b'bool SupportsRootFileGeneration() const overr...'
flatbuffers,../repos/flatbuffers/src/idl_gen_python.cpp,"(2202, 3)-(2202, 81)",b'IDLOptions::Language Language() const overrid...'
flatbuffers,../repos/flatbuffers/src/idl_gen_python.cpp,"(2204, 3)-(2204, 65)",b'std::string LanguageName() const override { r...'
flatbuffers,../repos/flatbuffers/src/idl_gen_java.cpp,"(57, 1)-(70, 2)",b'static std::set<std::string> JavaKeywords() {...'
flatbuffers,../repos/flatbuffers/src/idl_gen_java.cpp,"(405, 3)-(473, 4)","b'void GenEnum(EnumDef &enum_def, std::string &...'"
flatbuffers,../repos/flatbuffers/src/idl_gen_java.cpp,"(672, 3)-(1288, 4)","b'void GenStruct(StructDef &struct_def, std::st...'"
flatbuffers,../repos/flatbuffers/src/idl_gen_java.cpp,"(1297, 3)-(1354, 4)",b'void GenVectorAccessObject(StructDef &struct_...'
flatbuffers,../repos/flatbuffers/src/idl_gen_java.cpp,"(2204, 3)-(2208, 4)","b'Status GenerateCode(const Parser &parser, con...'"
flatbuffers,../repos/flatbuffers/src/idl_gen_java.cpp,"(2210, 3)-(2213, 4)","b'Status GenerateCode(const uint8_t *, int64_t,...'"
flatbuffers,../repos/flatbuffers/src/idl_gen_java.cpp,"(2215, 3)-(2220, 4)","b'Status GenerateMakeRule(const Parser &parser,...'"
flatbuffers,../repos/flatbuffers/src/idl_gen_java.cpp,"(2222, 3)-(2226, 4)","b'Status GenerateGrpcCode(const Parser &parser,...'"
flatbuffers,../repos/flatbuffers/src/idl_gen_java.cpp,"(2228, 3)-(2233, 4)","b'Status GenerateRootFile(const Parser &parser,...'"
flatbuffers,../repos/flatbuffers/src/idl_gen_java.cpp,"(2235, 3)-(2235, 54)",b'bool IsSchemaOnly() const override { return t...'
flatbuffers,../repos/flatbuffers/src/idl_gen_java.cpp,"(2237, 3)-(2237, 65)",b'bool SupportsBfbsGeneration() const override ...'
flatbuffers,../repos/flatbuffers/src/idl_gen_java.cpp,"(2239, 3)-(2239, 69)",b'bool SupportsRootFileGeneration() const overr...'
flatbuffers,../repos/flatbuffers/src/idl_gen_java.cpp,"(2241, 3)-(2241, 79)",b'IDLOptions::Language Language() const overrid...'
flatbuffers,../repos/flatbuffers/src/idl_gen_java.cpp,"(2243, 3)-(2243, 63)",b'std::string LanguageName() const override { r...'
flatbuffers,../repos/flatbuffers/src/idl_gen_json_schema.cpp,"(331, 3)-(335, 4)","b'Status GenerateCode(const Parser &parser, con...'"
flatbuffers,../repos/flatbuffers/src/idl_gen_json_schema.cpp,"(337, 3)-(340, 4)","b'Status GenerateCode(const uint8_t *, int64_t,...'"
flatbuffers,../repos/flatbuffers/src/idl_gen_json_schema.cpp,"(342, 3)-(350, 4)","b'Status GenerateMakeRule(const Parser &parser,...'"
flatbuffers,../repos/flatbuffers/src/idl_gen_json_schema.cpp,"(352, 3)-(358, 4)","b'Status GenerateGrpcCode(const Parser &parser,...'"
flatbuffers,../repos/flatbuffers/src/idl_gen_json_schema.cpp,"(360, 3)-(365, 4)","b'Status GenerateRootFile(const Parser &parser,...'"
flatbuffers,../repos/flatbuffers/src/idl_gen_json_schema.cpp,"(366, 3)-(366, 54)",b'bool IsSchemaOnly() const override { return t...'
flatbuffers,../repos/flatbuffers/src/idl_gen_json_schema.cpp,"(368, 3)-(368, 65)",b'bool SupportsBfbsGeneration() const override ...'
flatbuffers,../repos/flatbuffers/src/idl_gen_json_schema.cpp,"(370, 3)-(370, 69)",b'bool SupportsRootFileGeneration() const overr...'
flatbuffers,../repos/flatbuffers/src/idl_gen_json_schema.cpp,"(372, 3)-(374, 4)",b'IDLOptions::Language Language() const overrid...'
flatbuffers,../repos/flatbuffers/src/idl_gen_json_schema.cpp,"(376, 3)-(376, 69)",b'std::string LanguageName() const override { r...'
flatbuffers,../repos/flatbuffers/src/idl_gen_kotlin.cpp,"(1513, 3)-(1522, 4)",b'static void GenerateOverrideFun(CodeWriter &w...'
flatbuffers,../repos/flatbuffers/src/idl_gen_kotlin.cpp,"(1524, 3)-(1538, 4)",b'static void GenerateOverrideFunOneLine(CodeWr...'
flatbuffers,../repos/flatbuffers/src/idl_gen_kotlin.cpp,"(1606, 3)-(1610, 4)","b'Status GenerateCode(const Parser &parser, con...'"
flatbuffers,../repos/flatbuffers/src/idl_gen_kotlin.cpp,"(1612, 3)-(1615, 4)","b'Status GenerateCode(const uint8_t *, int64_t,...'"
flatbuffers,../repos/flatbuffers/src/idl_gen_kotlin.cpp,"(1617, 3)-(1625, 4)","b'Status GenerateMakeRule(const Parser &parser,...'"
flatbuffers,../repos/flatbuffers/src/idl_gen_kotlin.cpp,"(1627, 3)-(1633, 4)","b'Status GenerateGrpcCode(const Parser &parser,...'"
flatbuffers,../repos/flatbuffers/src/idl_gen_kotlin.cpp,"(1635, 3)-(1640, 4)","b'Status GenerateRootFile(const Parser &parser,...'"
flatbuffers,../repos/flatbuffers/src/idl_gen_kotlin.cpp,"(1641, 3)-(1641, 54)",b'bool IsSchemaOnly() const override { return t...'
flatbuffers,../repos/flatbuffers/src/idl_gen_kotlin.cpp,"(1643, 3)-(1643, 65)",b'bool SupportsBfbsGeneration() const override ...'
flatbuffers,../repos/flatbuffers/src/idl_gen_kotlin.cpp,"(1645, 3)-(1645, 69)",b'bool SupportsRootFileGeneration() const overr...'
flatbuffers,../repos/flatbuffers/src/idl_gen_kotlin.cpp,"(1647, 3)-(1647, 81)",b'IDLOptions::Language Language() const overrid...'
flatbuffers,../repos/flatbuffers/src/idl_gen_kotlin.cpp,"(1649, 3)-(1649, 65)",b'std::string LanguageName() const override { r...'
flatbuffers,../repos/flatbuffers/src/idl_gen_lobster.cpp,"(420, 3)-(424, 4)","b'Status GenerateCode(const Parser &parser, con...'"
flatbuffers,../repos/flatbuffers/src/idl_gen_lobster.cpp,"(426, 3)-(429, 4)","b'Status GenerateCode(const uint8_t *, int64_t,...'"
flatbuffers,../repos/flatbuffers/src/idl_gen_lobster.cpp,"(431, 3)-(439, 4)","b'Status GenerateMakeRule(const Parser &parser,...'"
flatbuffers,../repos/flatbuffers/src/idl_gen_lobster.cpp,"(441, 3)-(447, 4)","b'Status GenerateGrpcCode(const Parser &parser,...'"
flatbuffers,../repos/flatbuffers/src/idl_gen_lobster.cpp,"(449, 3)-(454, 4)","b'Status GenerateRootFile(const Parser &parser,...'"
flatbuffers,../repos/flatbuffers/src/idl_gen_lobster.cpp,"(456, 3)-(456, 54)",b'bool IsSchemaOnly() const override { return t...'
flatbuffers,../repos/flatbuffers/src/idl_gen_lobster.cpp,"(458, 3)-(458, 65)",b'bool SupportsBfbsGeneration() const override ...'
flatbuffers,../repos/flatbuffers/src/idl_gen_lobster.cpp,"(460, 3)-(460, 69)",b'bool SupportsRootFileGeneration() const overr...'
flatbuffers,../repos/flatbuffers/src/idl_gen_lobster.cpp,"(462, 3)-(464, 4)",b'IDLOptions::Language Language() const overrid...'
flatbuffers,../repos/flatbuffers/src/idl_gen_lobster.cpp,"(466, 3)-(466, 66)",b'std::string LanguageName() const override { r...'
flatbuffers,../repos/flatbuffers/src/idl_gen_swift.cpp,"(57, 1)-(139, 2)",b'static std::set<std::string> SwiftKeywords() ...'
flatbuffers,../repos/flatbuffers/src/idl_gen_swift.cpp,"(169, 3)-(213, 4)",b'bool generate() {\n    code_.Clear();\n    code...'
flatbuffers,../repos/flatbuffers/src/idl_gen_swift.cpp,"(1883, 3)-(1898, 4)","b'std::string GenTypeBasic(const Type &type, bo...'"
flatbuffers,../repos/flatbuffers/src/idl_gen_swift.cpp,"(1916, 3)-(1920, 4)","b'Status GenerateCode(const Parser &parser, con...'"
flatbuffers,../repos/flatbuffers/src/idl_gen_swift.cpp,"(1922, 3)-(1925, 4)","b'Status GenerateCode(const uint8_t *, int64_t,...'"
flatbuffers,../repos/flatbuffers/src/idl_gen_swift.cpp,"(1927, 3)-(1931, 4)","b'Status GenerateGrpcCode(const Parser &parser,...'"
flatbuffers,../repos/flatbuffers/src/idl_gen_swift.cpp,"(1933, 3)-(1941, 4)","b'Status GenerateMakeRule(const Parser &parser,...'"
flatbuffers,../repos/flatbuffers/src/idl_gen_swift.cpp,"(1943, 3)-(1948, 4)","b'Status GenerateRootFile(const Parser &parser,...'"
flatbuffers,../repos/flatbuffers/src/idl_gen_swift.cpp,"(1950, 3)-(1950, 54)",b'bool IsSchemaOnly() const override { return t...'
flatbuffers,../repos/flatbuffers/src/idl_gen_swift.cpp,"(1952, 3)-(1952, 65)",b'bool SupportsBfbsGeneration() const override ...'
flatbuffers,../repos/flatbuffers/src/idl_gen_swift.cpp,"(1954, 3)-(1954, 69)",b'bool SupportsRootFileGeneration() const overr...'
flatbuffers,../repos/flatbuffers/src/idl_gen_swift.cpp,"(1956, 3)-(1956, 80)",b'IDLOptions::Language Language() const overrid...'
flatbuffers,../repos/flatbuffers/src/idl_gen_swift.cpp,"(1958, 3)-(1958, 64)",b'std::string LanguageName() const override { r...'
flatbuffers,../repos/flatbuffers/src/idl_parser.cpp,"(2238, 1)-(2284, 2)",b'StructDef *Parser::LookupCreateStruct(const s...'
flatbuffers,../repos/flatbuffers/src/file_writer.cpp,"(27, 3)-(33, 4)",b'bool SaveFile(const std::string &absolute_fil...'
flatbuffers,../repos/flatbuffers/src/idl_gen_kotlin_kmp.cpp,"(1489, 3)-(1498, 4)",b'static void GenerateOverrideFun(CodeWriter &w...'
flatbuffers,../repos/flatbuffers/src/idl_gen_kotlin_kmp.cpp,"(1500, 3)-(1514, 4)",b'static void GenerateOverrideFunOneLine(CodeWr...'
flatbuffers,../repos/flatbuffers/src/idl_gen_kotlin_kmp.cpp,"(1566, 3)-(1570, 4)","b'Status GenerateCode(const Parser &parser, con...'"
flatbuffers,../repos/flatbuffers/src/idl_gen_kotlin_kmp.cpp,"(1572, 3)-(1575, 4)","b'Status GenerateCode(const uint8_t *, int64_t,...'"
flatbuffers,../repos/flatbuffers/src/idl_gen_kotlin_kmp.cpp,"(1577, 3)-(1585, 4)","b'Status GenerateMakeRule(const Parser &parser,...'"
flatbuffers,../repos/flatbuffers/src/idl_gen_kotlin_kmp.cpp,"(1587, 3)-(1593, 4)","b'Status GenerateGrpcCode(const Parser &parser,...'"
flatbuffers,../repos/flatbuffers/src/idl_gen_kotlin_kmp.cpp,"(1595, 3)-(1600, 4)","b'Status GenerateRootFile(const Parser &parser,...'"
flatbuffers,../repos/flatbuffers/src/idl_gen_kotlin_kmp.cpp,"(1601, 3)-(1601, 54)",b'bool IsSchemaOnly() const override { return t...'
flatbuffers,../repos/flatbuffers/src/idl_gen_kotlin_kmp.cpp,"(1603, 3)-(1603, 65)",b'bool SupportsBfbsGeneration() const override ...'
flatbuffers,../repos/flatbuffers/src/idl_gen_kotlin_kmp.cpp,"(1605, 3)-(1605, 69)",b'bool SupportsRootFileGeneration() const overr...'
flatbuffers,../repos/flatbuffers/src/idl_gen_kotlin_kmp.cpp,"(1607, 3)-(1609, 4)",b'IDLOptions::Language Language() const overrid...'
flatbuffers,../repos/flatbuffers/src/idl_gen_kotlin_kmp.cpp,"(1611, 3)-(1611, 65)",b'std::string LanguageName() const override { r...'
flatbuffers,../repos/flatbuffers/src/bfbs_gen_nim.cpp,"(41, 1)-(55, 2)",b'std::set<std::string> NimKeywords() {\n  retur...'
flatbuffers,../repos/flatbuffers/src/bfbs_gen_nim.cpp,"(115, 3)-(121, 4)","b'Status GenerateCode(const Parser &parser, con...'"
flatbuffers,../repos/flatbuffers/src/bfbs_gen_nim.cpp,"(123, 3)-(131, 4)","b'Status GenerateMakeRule(const Parser &parser,...'"
flatbuffers,../repos/flatbuffers/src/bfbs_gen_nim.cpp,"(133, 3)-(139, 4)","b'Status GenerateGrpcCode(const Parser &parser,...'"
flatbuffers,../repos/flatbuffers/src/bfbs_gen_nim.cpp,"(141, 3)-(146, 4)","b'Status GenerateRootFile(const Parser &parser,...'"
flatbuffers,../repos/flatbuffers/src/bfbs_gen_nim.cpp,"(148, 3)-(148, 54)",b'bool IsSchemaOnly() const override { return t...'
flatbuffers,../repos/flatbuffers/src/bfbs_gen_nim.cpp,"(150, 3)-(150, 64)",b'bool SupportsBfbsGeneration() const override ...'
flatbuffers,../repos/flatbuffers/src/bfbs_gen_nim.cpp,"(152, 3)-(152, 69)",b'bool SupportsRootFileGeneration() const overr...'
flatbuffers,../repos/flatbuffers/src/bfbs_gen_nim.cpp,"(154, 3)-(154, 78)",b'IDLOptions::Language Language() const overrid...'
flatbuffers,../repos/flatbuffers/src/bfbs_gen_nim.cpp,"(156, 3)-(156, 62)",b'std::string LanguageName() const override { r...'
flatbuffers,../repos/flatbuffers/src/file_name_saving_file_manager.cpp,"(30, 3)-(37, 4)",b'bool SaveFile(const std::string &absolute_fil...'
flatbuffers,../repos/flatbuffers/src/idl_gen_text.cpp,"(467, 3)-(475, 4)","b'Status GenerateCode(const Parser &parser, con...'"
flatbuffers,../repos/flatbuffers/src/idl_gen_text.cpp,"(479, 3)-(482, 4)","b'Status GenerateCode(const uint8_t *, int64_t,...'"
flatbuffers,../repos/flatbuffers/src/idl_gen_text.cpp,"(484, 3)-(489, 4)","b'Status GenerateMakeRule(const Parser &parser,...'"
flatbuffers,../repos/flatbuffers/src/idl_gen_text.cpp,"(491, 3)-(497, 4)","b'Status GenerateGrpcCode(const Parser &parser,...'"
flatbuffers,../repos/flatbuffers/src/idl_gen_text.cpp,"(499, 3)-(504, 4)","b'Status GenerateRootFile(const Parser &parser,...'"
flatbuffers,../repos/flatbuffers/src/idl_gen_text.cpp,"(506, 3)-(506, 55)",b'bool IsSchemaOnly() const override { return f...'
flatbuffers,../repos/flatbuffers/src/idl_gen_text.cpp,"(508, 3)-(508, 65)",b'bool SupportsBfbsGeneration() const override ...'
flatbuffers,../repos/flatbuffers/src/idl_gen_text.cpp,"(510, 3)-(510, 69)",b'bool SupportsRootFileGeneration() const overr...'
flatbuffers,../repos/flatbuffers/src/idl_gen_text.cpp,"(512, 3)-(512, 79)",b'IDLOptions::Language Language() const overrid...'
flatbuffers,../repos/flatbuffers/src/idl_gen_text.cpp,"(514, 3)-(514, 63)",b'std::string LanguageName() const override { r...'
flatbuffers,../repos/flatbuffers/src/idl_gen_cpp.cpp,"(360, 3)-(425, 4)",b'bool generate_bfbs_embed() {\n    code_.Clear(...'
flatbuffers,../repos/flatbuffers/src/idl_gen_cpp.cpp,"(429, 3)-(726, 4)",b'bool generate() {\n    // Check if we require ...'
flatbuffers,../repos/flatbuffers/src/idl_gen_cpp.cpp,"(4134, 3)-(4138, 4)","b'Status GenerateCode(const Parser &parser, con...'"
flatbuffers,../repos/flatbuffers/src/idl_gen_cpp.cpp,"(4142, 3)-(4145, 4)","b'Status GenerateCode(const uint8_t *, int64_t,...'"
flatbuffers,../repos/flatbuffers/src/idl_gen_cpp.cpp,"(4147, 3)-(4152, 4)","b'Status GenerateMakeRule(const Parser &parser,...'"
flatbuffers,../repos/flatbuffers/src/idl_gen_cpp.cpp,"(4154, 3)-(4158, 4)","b'Status GenerateGrpcCode(const Parser &parser,...'"
flatbuffers,../repos/flatbuffers/src/idl_gen_cpp.cpp,"(4160, 3)-(4165, 4)","b'Status GenerateRootFile(const Parser &parser,...'"
flatbuffers,../repos/flatbuffers/src/idl_gen_cpp.cpp,"(4167, 3)-(4167, 54)",b'bool IsSchemaOnly() const override { return t...'
flatbuffers,../repos/flatbuffers/src/idl_gen_cpp.cpp,"(4169, 3)-(4169, 65)",b'bool SupportsBfbsGeneration() const override ...'
flatbuffers,../repos/flatbuffers/src/idl_gen_cpp.cpp,"(4171, 3)-(4171, 69)",b'bool SupportsRootFileGeneration() const overr...'
flatbuffers,../repos/flatbuffers/src/idl_gen_cpp.cpp,"(4173, 3)-(4173, 78)",b'IDLOptions::Language Language() const overrid...'
flatbuffers,../repos/flatbuffers/src/idl_gen_cpp.cpp,"(4175, 3)-(4175, 62)",b'std::string LanguageName() const override { r...'
flatbuffers,../repos/flatbuffers/src/idl_gen_ts.cpp,"(77, 1)-(90, 2)",b'std::set<std::string> TypescriptKeywords() {\n...'
flatbuffers,../repos/flatbuffers/src/idl_gen_ts.cpp,"(2204, 3)-(2208, 4)","b'Status GenerateCode(const Parser &parser, con...'"
flatbuffers,../repos/flatbuffers/src/idl_gen_ts.cpp,"(2210, 3)-(2213, 4)","b'Status GenerateCode(const uint8_t *, int64_t,...'"
flatbuffers,../repos/flatbuffers/src/idl_gen_ts.cpp,"(2215, 3)-(2220, 4)","b'Status GenerateMakeRule(const Parser &parser,...'"
flatbuffers,../repos/flatbuffers/src/idl_gen_ts.cpp,"(2222, 3)-(2226, 4)","b'Status GenerateGrpcCode(const Parser &parser,...'"
flatbuffers,../repos/flatbuffers/src/idl_gen_ts.cpp,"(2228, 3)-(2233, 4)","b'Status GenerateRootFile(const Parser &parser,...'"
flatbuffers,../repos/flatbuffers/src/idl_gen_ts.cpp,"(2234, 3)-(2234, 54)",b'bool IsSchemaOnly() const override { return t...'
flatbuffers,../repos/flatbuffers/src/idl_gen_ts.cpp,"(2236, 3)-(2236, 65)",b'bool SupportsBfbsGeneration() const override ...'
flatbuffers,../repos/flatbuffers/src/idl_gen_ts.cpp,"(2237, 3)-(2237, 69)",b'bool SupportsRootFileGeneration() const overr...'
flatbuffers,../repos/flatbuffers/src/idl_gen_ts.cpp,"(2239, 3)-(2239, 77)",b'IDLOptions::Language Language() const overrid...'
flatbuffers,../repos/flatbuffers/src/idl_gen_ts.cpp,"(2241, 3)-(2241, 61)",b'std::string LanguageName() const override { r...'
flatbuffers,../repos/flatbuffers/include/flatbuffers/grpc.h,"(100, 3)-(104, 4)",b'virtual uint8_t *allocate(size_t size) overri...'
flatbuffers,../repos/flatbuffers/include/flatbuffers/grpc.h,"(106, 3)-(110, 4)","b'virtual void deallocate(uint8_t *p, size_t si...'"
flatbuffers,../repos/flatbuffers/include/flatbuffers/grpc.h,"(112, 3)-(125, 4)",b'virtual uint8_t *reallocate_downward(uint8_t ...'
flatbuffers,../repos/flatbuffers/benchmarks/cpp/flatbuffers/fb_bench.cpp,"(19, 3)-(41, 4)","b'uint8_t *Encode(void *, int64_t &len) overrid...'"
flatbuffers,../repos/flatbuffers/benchmarks/cpp/flatbuffers/fb_bench.cpp,"(43, 3)-(66, 4)",b'int64_t Use(void *decoded) override {\n    sum...'
flatbuffers,../repos/flatbuffers/benchmarks/cpp/flatbuffers/fb_bench.cpp,"(68, 3)-(68, 66)","b'void *Decode(void *buffer, int64_t) override ...'"
flatbuffers,../repos/flatbuffers/benchmarks/cpp/flatbuffers/fb_bench.h,"(13, 3)-(13, 57)",b'uint8_t *allocate(size_t) override { return b...'
flatbuffers,../repos/flatbuffers/benchmarks/cpp/flatbuffers/fb_bench.h,"(15, 3)-(15, 49)","b'void deallocate(uint8_t *, size_t) override {}'"
flatbuffers,../repos/flatbuffers/benchmarks/cpp/raw/raw_bench.cpp,"(48, 3)-(75, 4)","b'uint8_t *Encode(void *buf, int64_t &len) over...'"
flatbuffers,../repos/flatbuffers/benchmarks/cpp/raw/raw_bench.cpp,"(77, 3)-(99, 4)",b'int64_t Use(void *decoded) override {\n    aut...'
flatbuffers,../repos/flatbuffers/benchmarks/cpp/raw/raw_bench.cpp,"(101, 3)-(101, 60)","b'void *Decode(void *buf, int64_t) override { r...'"
flatbuffers,../repos/flatbuffers/tests/monster_test.cpp,"(194, 1)-(394, 2)",b'void AccessFlatBufferTest(const uint8_t *flat...'
flatbuffers,../repos/flatbuffers/tests/fuzzer/flatbuffers_scalar_fuzzer.cc,"(120, 3)-(128, 4)",b'bool MatchNumber(const std::string &input) co...'
flatbuffers,../repos/flatbuffers/tests/fuzzer/flatbuffers_scalar_fuzzer.cc,"(137, 3)-(146, 4)",b'bool MatchNumber(const std::string &input) co...'
flatbuffers,../repos/flatbuffers/tests/fuzzer/flatbuffers_scalar_fuzzer.cc,"(155, 3)-(158, 4)",b'bool MatchNumber(const std::string &input) co...'
flatbuffers,../repos/flatbuffers/tests/fuzzer/flatbuffers_scalar_fuzzer.cc,"(167, 3)-(182, 4)",b'bool MatchNumber(const std::string &input) co...'
flatbuffers,../repos/flatbuffers/tests/monster_test_suffix/filesuffix_only/monster_test.grpc.fb.h,"(160, 5)-(162, 6)",b'~WithAsyncMethod_Store() override {\n      Bas...'
flatbuffers,../repos/flatbuffers/tests/monster_test_suffix/filesuffix_only/monster_test.grpc.fb.h,"(164, 5)-(167, 6)",b'::grpc::Status Store(::grpc::ServerContext* /...'
flatbuffers,../repos/flatbuffers/tests/monster_test_suffix/filesuffix_only/monster_test.grpc.fb.h,"(180, 5)-(182, 6)",b'~WithAsyncMethod_Retrieve() override {\n      ...'
flatbuffers,../repos/flatbuffers/tests/monster_test_suffix/filesuffix_only/monster_test.grpc.fb.h,"(184, 5)-(187, 6)",b'::grpc::Status Retrieve(::grpc::ServerContext...'
flatbuffers,../repos/flatbuffers/tests/monster_test_suffix/filesuffix_only/monster_test.grpc.fb.h,"(200, 5)-(202, 6)",b'~WithAsyncMethod_GetMaxHitPoint() override {\n...'
flatbuffers,../repos/flatbuffers/tests/monster_test_suffix/filesuffix_only/monster_test.grpc.fb.h,"(204, 5)-(207, 6)",b'::grpc::Status GetMaxHitPoint(::grpc::ServerC...'
flatbuffers,../repos/flatbuffers/tests/monster_test_suffix/filesuffix_only/monster_test.grpc.fb.h,"(220, 5)-(222, 6)",b'~WithAsyncMethod_GetMinMaxHitPoints() overrid...'
flatbuffers,../repos/flatbuffers/tests/monster_test_suffix/filesuffix_only/monster_test.grpc.fb.h,"(224, 5)-(227, 6)",b'::grpc::Status GetMinMaxHitPoints(::grpc::Ser...'
flatbuffers,../repos/flatbuffers/tests/monster_test_suffix/filesuffix_only/monster_test.grpc.fb.h,"(241, 5)-(243, 6)",b'~WithGenericMethod_Store() override {\n      B...'
flatbuffers,../repos/flatbuffers/tests/monster_test_suffix/filesuffix_only/monster_test.grpc.fb.h,"(245, 5)-(248, 6)",b'::grpc::Status Store(::grpc::ServerContext* /...'
flatbuffers,../repos/flatbuffers/tests/monster_test_suffix/filesuffix_only/monster_test.grpc.fb.h,"(258, 5)-(260, 6)",b'~WithGenericMethod_Retrieve() override {\n    ...'
flatbuffers,../repos/flatbuffers/tests/monster_test_suffix/filesuffix_only/monster_test.grpc.fb.h,"(262, 5)-(265, 6)",b'::grpc::Status Retrieve(::grpc::ServerContext...'
flatbuffers,../repos/flatbuffers/tests/monster_test_suffix/filesuffix_only/monster_test.grpc.fb.h,"(275, 5)-(277, 6)",b'~WithGenericMethod_GetMaxHitPoint() override ...'
flatbuffers,../repos/flatbuffers/tests/monster_test_suffix/filesuffix_only/monster_test.grpc.fb.h,"(279, 5)-(282, 6)",b'::grpc::Status GetMaxHitPoint(::grpc::ServerC...'
flatbuffers,../repos/flatbuffers/tests/monster_test_suffix/filesuffix_only/monster_test.grpc.fb.h,"(292, 5)-(294, 6)",b'~WithGenericMethod_GetMinMaxHitPoints() overr...'
flatbuffers,../repos/flatbuffers/tests/monster_test_suffix/filesuffix_only/monster_test.grpc.fb.h,"(296, 5)-(299, 6)",b'::grpc::Status GetMinMaxHitPoints(::grpc::Ser...'
flatbuffers,../repos/flatbuffers/tests/monster_test_suffix/filesuffix_only/monster_test.grpc.fb.h,"(310, 5)-(312, 6)",b'~WithStreamedUnaryMethod_Store() override {\n ...'
flatbuffers,../repos/flatbuffers/tests/monster_test_suffix/filesuffix_only/monster_test.grpc.fb.h,"(314, 5)-(317, 6)",b'::grpc::Status Store(::grpc::ServerContext* /...'
flatbuffers,../repos/flatbuffers/tests/monster_test_suffix/filesuffix_only/monster_test.grpc.fb.h,"(331, 5)-(333, 6)",b'~WithSplitStreamingMethod_Retrieve() override...'
flatbuffers,../repos/flatbuffers/tests/monster_test_suffix/filesuffix_only/monster_test.grpc.fb.h,"(335, 5)-(338, 6)",b'::grpc::Status Retrieve(::grpc::ServerContext...'
flatbuffers,../repos/flatbuffers/tests/monster_test_suffix/ext_only/monster_test.grpc.fb.h,"(160, 5)-(162, 6)",b'~WithAsyncMethod_Store() override {\n      Bas...'
flatbuffers,../repos/flatbuffers/tests/monster_test_suffix/ext_only/monster_test.grpc.fb.h,"(164, 5)-(167, 6)",b'::grpc::Status Store(::grpc::ServerContext* /...'
flatbuffers,../repos/flatbuffers/tests/monster_test_suffix/ext_only/monster_test.grpc.fb.h,"(180, 5)-(182, 6)",b'~WithAsyncMethod_Retrieve() override {\n      ...'
flatbuffers,../repos/flatbuffers/tests/monster_test_suffix/ext_only/monster_test.grpc.fb.h,"(184, 5)-(187, 6)",b'::grpc::Status Retrieve(::grpc::ServerContext...'
flatbuffers,../repos/flatbuffers/tests/monster_test_suffix/ext_only/monster_test.grpc.fb.h,"(200, 5)-(202, 6)",b'~WithAsyncMethod_GetMaxHitPoint() override {\n...'
flatbuffers,../repos/flatbuffers/tests/monster_test_suffix/ext_only/monster_test.grpc.fb.h,"(204, 5)-(207, 6)",b'::grpc::Status GetMaxHitPoint(::grpc::ServerC...'
flatbuffers,../repos/flatbuffers/tests/monster_test_suffix/ext_only/monster_test.grpc.fb.h,"(220, 5)-(222, 6)",b'~WithAsyncMethod_GetMinMaxHitPoints() overrid...'
flatbuffers,../repos/flatbuffers/tests/monster_test_suffix/ext_only/monster_test.grpc.fb.h,"(224, 5)-(227, 6)",b'::grpc::Status GetMinMaxHitPoints(::grpc::Ser...'
flatbuffers,../repos/flatbuffers/tests/monster_test_suffix/ext_only/monster_test.grpc.fb.h,"(241, 5)-(243, 6)",b'~WithGenericMethod_Store() override {\n      B...'
flatbuffers,../repos/flatbuffers/tests/monster_test_suffix/ext_only/monster_test.grpc.fb.h,"(245, 5)-(248, 6)",b'::grpc::Status Store(::grpc::ServerContext* /...'
flatbuffers,../repos/flatbuffers/tests/monster_test_suffix/ext_only/monster_test.grpc.fb.h,"(258, 5)-(260, 6)",b'~WithGenericMethod_Retrieve() override {\n    ...'
flatbuffers,../repos/flatbuffers/tests/monster_test_suffix/ext_only/monster_test.grpc.fb.h,"(262, 5)-(265, 6)",b'::grpc::Status Retrieve(::grpc::ServerContext...'
flatbuffers,../repos/flatbuffers/tests/monster_test_suffix/ext_only/monster_test.grpc.fb.h,"(275, 5)-(277, 6)",b'~WithGenericMethod_GetMaxHitPoint() override ...'
flatbuffers,../repos/flatbuffers/tests/monster_test_suffix/ext_only/monster_test.grpc.fb.h,"(279, 5)-(282, 6)",b'::grpc::Status GetMaxHitPoint(::grpc::ServerC...'
flatbuffers,../repos/flatbuffers/tests/monster_test_suffix/ext_only/monster_test.grpc.fb.h,"(292, 5)-(294, 6)",b'~WithGenericMethod_GetMinMaxHitPoints() overr...'
flatbuffers,../repos/flatbuffers/tests/monster_test_suffix/ext_only/monster_test.grpc.fb.h,"(296, 5)-(299, 6)",b'::grpc::Status GetMinMaxHitPoints(::grpc::Ser...'
flatbuffers,../repos/flatbuffers/tests/monster_test_suffix/ext_only/monster_test.grpc.fb.h,"(310, 5)-(312, 6)",b'~WithStreamedUnaryMethod_Store() override {\n ...'
flatbuffers,../repos/flatbuffers/tests/monster_test_suffix/ext_only/monster_test.grpc.fb.h,"(314, 5)-(317, 6)",b'::grpc::Status Store(::grpc::ServerContext* /...'
flatbuffers,../repos/flatbuffers/tests/monster_test_suffix/ext_only/monster_test.grpc.fb.h,"(331, 5)-(333, 6)",b'~WithSplitStreamingMethod_Retrieve() override...'
flatbuffers,../repos/flatbuffers/tests/monster_test_suffix/ext_only/monster_test.grpc.fb.h,"(335, 5)-(338, 6)",b'::grpc::Status Retrieve(::grpc::ServerContext...'
flatbuffers,../repos/flatbuffers/tests/monster_test_suffix/monster_test.grpc.fb.h,"(160, 5)-(162, 6)",b'~WithAsyncMethod_Store() override {\n      Bas...'
flatbuffers,../repos/flatbuffers/tests/monster_test_suffix/monster_test.grpc.fb.h,"(164, 5)-(167, 6)",b'::grpc::Status Store(::grpc::ServerContext* /...'
flatbuffers,../repos/flatbuffers/tests/monster_test_suffix/monster_test.grpc.fb.h,"(180, 5)-(182, 6)",b'~WithAsyncMethod_Retrieve() override {\n      ...'
flatbuffers,../repos/flatbuffers/tests/monster_test_suffix/monster_test.grpc.fb.h,"(184, 5)-(187, 6)",b'::grpc::Status Retrieve(::grpc::ServerContext...'
flatbuffers,../repos/flatbuffers/tests/monster_test_suffix/monster_test.grpc.fb.h,"(200, 5)-(202, 6)",b'~WithAsyncMethod_GetMaxHitPoint() override {\n...'
flatbuffers,../repos/flatbuffers/tests/monster_test_suffix/monster_test.grpc.fb.h,"(204, 5)-(207, 6)",b'::grpc::Status GetMaxHitPoint(::grpc::ServerC...'
flatbuffers,../repos/flatbuffers/tests/monster_test_suffix/monster_test.grpc.fb.h,"(220, 5)-(222, 6)",b'~WithAsyncMethod_GetMinMaxHitPoints() overrid...'
flatbuffers,../repos/flatbuffers/tests/monster_test_suffix/monster_test.grpc.fb.h,"(224, 5)-(227, 6)",b'::grpc::Status GetMinMaxHitPoints(::grpc::Ser...'
flatbuffers,../repos/flatbuffers/tests/monster_test_suffix/monster_test.grpc.fb.h,"(241, 5)-(243, 6)",b'~WithGenericMethod_Store() override {\n      B...'
flatbuffers,../repos/flatbuffers/tests/monster_test_suffix/monster_test.grpc.fb.h,"(245, 5)-(248, 6)",b'::grpc::Status Store(::grpc::ServerContext* /...'
flatbuffers,../repos/flatbuffers/tests/monster_test_suffix/monster_test.grpc.fb.h,"(258, 5)-(260, 6)",b'~WithGenericMethod_Retrieve() override {\n    ...'
flatbuffers,../repos/flatbuffers/tests/monster_test_suffix/monster_test.grpc.fb.h,"(262, 5)-(265, 6)",b'::grpc::Status Retrieve(::grpc::ServerContext...'
flatbuffers,../repos/flatbuffers/tests/monster_test_suffix/monster_test.grpc.fb.h,"(275, 5)-(277, 6)",b'~WithGenericMethod_GetMaxHitPoint() override ...'
flatbuffers,../repos/flatbuffers/tests/monster_test_suffix/monster_test.grpc.fb.h,"(279, 5)-(282, 6)",b'::grpc::Status GetMaxHitPoint(::grpc::ServerC...'
flatbuffers,../repos/flatbuffers/tests/monster_test_suffix/monster_test.grpc.fb.h,"(292, 5)-(294, 6)",b'~WithGenericMethod_GetMinMaxHitPoints() overr...'
flatbuffers,../repos/flatbuffers/tests/monster_test_suffix/monster_test.grpc.fb.h,"(296, 5)-(299, 6)",b'::grpc::Status GetMinMaxHitPoints(::grpc::Ser...'
flatbuffers,../repos/flatbuffers/tests/monster_test_suffix/monster_test.grpc.fb.h,"(310, 5)-(312, 6)",b'~WithStreamedUnaryMethod_Store() override {\n ...'
flatbuffers,../repos/flatbuffers/tests/monster_test_suffix/monster_test.grpc.fb.h,"(314, 5)-(317, 6)",b'::grpc::Status Store(::grpc::ServerContext* /...'
flatbuffers,../repos/flatbuffers/tests/monster_test_suffix/monster_test.grpc.fb.h,"(331, 5)-(333, 6)",b'~WithSplitStreamingMethod_Retrieve() override...'
flatbuffers,../repos/flatbuffers/tests/monster_test_suffix/monster_test.grpc.fb.h,"(335, 5)-(338, 6)",b'::grpc::Status Retrieve(::grpc::ServerContext...'
flatbuffers,../repos/flatbuffers/tests/monster_test_generated.grpc.fb.h,"(160, 5)-(162, 6)",b'~WithAsyncMethod_Store() override {\n      Bas...'
flatbuffers,../repos/flatbuffers/tests/monster_test_generated.grpc.fb.h,"(164, 5)-(167, 6)",b'::grpc::Status Store(::grpc::ServerContext* /...'
flatbuffers,../repos/flatbuffers/tests/monster_test_generated.grpc.fb.h,"(180, 5)-(182, 6)",b'~WithAsyncMethod_Retrieve() override {\n      ...'
flatbuffers,../repos/flatbuffers/tests/monster_test_generated.grpc.fb.h,"(184, 5)-(187, 6)",b'::grpc::Status Retrieve(::grpc::ServerContext...'
flatbuffers,../repos/flatbuffers/tests/monster_test_generated.grpc.fb.h,"(200, 5)-(202, 6)",b'~WithAsyncMethod_GetMaxHitPoint() override {\n...'
flatbuffers,../repos/flatbuffers/tests/monster_test_generated.grpc.fb.h,"(204, 5)-(207, 6)",b'::grpc::Status GetMaxHitPoint(::grpc::ServerC...'
flatbuffers,../repos/flatbuffers/tests/monster_test_generated.grpc.fb.h,"(220, 5)-(222, 6)",b'~WithAsyncMethod_GetMinMaxHitPoints() overrid...'
flatbuffers,../repos/flatbuffers/tests/monster_test_generated.grpc.fb.h,"(224, 5)-(227, 6)",b'::grpc::Status GetMinMaxHitPoints(::grpc::Ser...'
flatbuffers,../repos/flatbuffers/tests/monster_test_generated.grpc.fb.h,"(241, 5)-(243, 6)",b'~WithGenericMethod_Store() override {\n      B...'
flatbuffers,../repos/flatbuffers/tests/monster_test_generated.grpc.fb.h,"(245, 5)-(248, 6)",b'::grpc::Status Store(::grpc::ServerContext* /...'
flatbuffers,../repos/flatbuffers/tests/monster_test_generated.grpc.fb.h,"(258, 5)-(260, 6)",b'~WithGenericMethod_Retrieve() override {\n    ...'
flatbuffers,../repos/flatbuffers/tests/monster_test_generated.grpc.fb.h,"(262, 5)-(265, 6)",b'::grpc::Status Retrieve(::grpc::ServerContext...'
flatbuffers,../repos/flatbuffers/tests/monster_test_generated.grpc.fb.h,"(275, 5)-(277, 6)",b'~WithGenericMethod_GetMaxHitPoint() override ...'
flatbuffers,../repos/flatbuffers/tests/monster_test_generated.grpc.fb.h,"(279, 5)-(282, 6)",b'::grpc::Status GetMaxHitPoint(::grpc::ServerC...'
flatbuffers,../repos/flatbuffers/tests/monster_test_generated.grpc.fb.h,"(292, 5)-(294, 6)",b'~WithGenericMethod_GetMinMaxHitPoints() overr...'
flatbuffers,../repos/flatbuffers/tests/monster_test_generated.grpc.fb.h,"(296, 5)-(299, 6)",b'::grpc::Status GetMinMaxHitPoints(::grpc::Ser...'
flatbuffers,../repos/flatbuffers/tests/monster_test_generated.grpc.fb.h,"(310, 5)-(312, 6)",b'~WithStreamedUnaryMethod_Store() override {\n ...'
flatbuffers,../repos/flatbuffers/tests/monster_test_generated.grpc.fb.h,"(314, 5)-(317, 6)",b'::grpc::Status Store(::grpc::ServerContext* /...'
flatbuffers,../repos/flatbuffers/tests/monster_test_generated.grpc.fb.h,"(331, 5)-(333, 6)",b'~WithSplitStreamingMethod_Retrieve() override...'
flatbuffers,../repos/flatbuffers/tests/monster_test_generated.grpc.fb.h,"(335, 5)-(338, 6)",b'::grpc::Status Retrieve(::grpc::ServerContext...'
flatbuffers,../repos/flatbuffers/tests/monster_test.grpc.fb.h,"(160, 5)-(162, 6)",b'~WithAsyncMethod_Store() override {\n      Bas...'
flatbuffers,../repos/flatbuffers/tests/monster_test.grpc.fb.h,"(164, 5)-(167, 6)",b'::grpc::Status Store(::grpc::ServerContext* /...'
flatbuffers,../repos/flatbuffers/tests/monster_test.grpc.fb.h,"(180, 5)-(182, 6)",b'~WithAsyncMethod_Retrieve() override {\n      ...'
flatbuffers,../repos/flatbuffers/tests/monster_test.grpc.fb.h,"(184, 5)-(187, 6)",b'::grpc::Status Retrieve(::grpc::ServerContext...'
flatbuffers,../repos/flatbuffers/tests/monster_test.grpc.fb.h,"(200, 5)-(202, 6)",b'~WithAsyncMethod_GetMaxHitPoint() override {\n...'
flatbuffers,../repos/flatbuffers/tests/monster_test.grpc.fb.h,"(204, 5)-(207, 6)",b'::grpc::Status GetMaxHitPoint(::grpc::ServerC...'
flatbuffers,../repos/flatbuffers/tests/monster_test.grpc.fb.h,"(220, 5)-(222, 6)",b'~WithAsyncMethod_GetMinMaxHitPoints() overrid...'
flatbuffers,../repos/flatbuffers/tests/monster_test.grpc.fb.h,"(224, 5)-(227, 6)",b'::grpc::Status GetMinMaxHitPoints(::grpc::Ser...'
flatbuffers,../repos/flatbuffers/tests/monster_test.grpc.fb.h,"(241, 5)-(243, 6)",b'~WithGenericMethod_Store() override {\n      B...'
flatbuffers,../repos/flatbuffers/tests/monster_test.grpc.fb.h,"(245, 5)-(248, 6)",b'::grpc::Status Store(::grpc::ServerContext* /...'
flatbuffers,../repos/flatbuffers/tests/monster_test.grpc.fb.h,"(258, 5)-(260, 6)",b'~WithGenericMethod_Retrieve() override {\n    ...'
flatbuffers,../repos/flatbuffers/tests/monster_test.grpc.fb.h,"(262, 5)-(265, 6)",b'::grpc::Status Retrieve(::grpc::ServerContext...'
flatbuffers,../repos/flatbuffers/tests/monster_test.grpc.fb.h,"(275, 5)-(277, 6)",b'~WithGenericMethod_GetMaxHitPoint() override ...'
flatbuffers,../repos/flatbuffers/tests/monster_test.grpc.fb.h,"(279, 5)-(282, 6)",b'::grpc::Status GetMaxHitPoint(::grpc::ServerC...'
flatbuffers,../repos/flatbuffers/tests/monster_test.grpc.fb.h,"(292, 5)-(294, 6)",b'~WithGenericMethod_GetMinMaxHitPoints() overr...'
flatbuffers,../repos/flatbuffers/tests/monster_test.grpc.fb.h,"(296, 5)-(299, 6)",b'::grpc::Status GetMinMaxHitPoints(::grpc::Ser...'
flatbuffers,../repos/flatbuffers/tests/monster_test.grpc.fb.h,"(310, 5)-(312, 6)",b'~WithStreamedUnaryMethod_Store() override {\n ...'
flatbuffers,../repos/flatbuffers/tests/monster_test.grpc.fb.h,"(314, 5)-(317, 6)",b'::grpc::Status Store(::grpc::ServerContext* /...'
flatbuffers,../repos/flatbuffers/tests/monster_test.grpc.fb.h,"(331, 5)-(333, 6)",b'~WithSplitStreamingMethod_Retrieve() override...'
flatbuffers,../repos/flatbuffers/tests/monster_test.grpc.fb.h,"(335, 5)-(338, 6)",b'::grpc::Status Retrieve(::grpc::ServerContext...'
flatbuffers,../repos/flatbuffers/grpc/src/compiler/java_generator.cc,"(323, 1)-(432, 2)","b'static void PrintMethodFields(Printer *p, VAR...'"
flatbuffers,../repos/flatbuffers/grpc/src/compiler/java_generator.cc,"(450, 1)-(695, 2)","b'static void PrintStub(Printer *p, VARS &vars,...'"
flatbuffers,../repos/flatbuffers/grpc/src/compiler/java_generator.cc,"(705, 1)-(804, 2)",b'static void PrintMethodHandlerClass(Printer *...'
flatbuffers,../repos/flatbuffers/grpc/src/compiler/java_generator.cc,"(806, 1)-(897, 2)",b'static void PrintGetServiceDescriptorMethod(P...'
flatbuffers,../repos/flatbuffers/grpc/src/compiler/java_generator.cc,"(952, 1)-(1031, 2)","b'static void PrintService(Printer *p, VARS &va...'"
flatbuffers,../repos/flatbuffers/grpc/src/compiler/swift_generator.cc,"(210, 1)-(236, 2)",b'void GenerateClientClass(grpc_generator::Prin...'
flatbuffers,../repos/flatbuffers/grpc/src/compiler/cpp_generator.cc,"(69, 1)-(99, 2)",b'grpc::string GetHeaderPrologue(grpc_generator...'
flatbuffers,../repos/flatbuffers/grpc/src/compiler/cpp_generator.cc,"(101, 1)-(141, 2)",b'grpc::string GetHeaderIncludes(grpc_generator...'
flatbuffers,../repos/flatbuffers/grpc/src/compiler/cpp_generator.cc,"(362, 1)-(563, 2)",b'static void PrintHeaderClientMethod(grpc_gene...'
flatbuffers,../repos/flatbuffers/grpc/src/compiler/cpp_generator.cc,"(607, 1)-(721, 2)",b'static void PrintHeaderServerMethodAsync(grpc...'
flatbuffers,../repos/flatbuffers/grpc/src/compiler/cpp_generator.cc,"(723, 1)-(772, 2)",b'static void PrintHeaderServerMethodStreamedUn...'
flatbuffers,../repos/flatbuffers/grpc/src/compiler/cpp_generator.cc,"(774, 1)-(825, 2)",b'static void PrintHeaderServerMethodSplitStrea...'
flatbuffers,../repos/flatbuffers/grpc/src/compiler/cpp_generator.cc,"(827, 1)-(896, 2)",b'static void PrintHeaderServerMethodGeneric(\n ...'
flatbuffers,../repos/flatbuffers/grpc/src/compiler/cpp_generator.cc,"(898, 1)-(1067, 2)",b'static void PrintHeaderService(grpc_generator...'
flatbuffers,../repos/flatbuffers/grpc/src/compiler/cpp_generator.cc,"(1071, 1)-(1098, 2)",b'grpc::string GetHeaderServices(grpc_generator...'
flatbuffers,../repos/flatbuffers/grpc/src/compiler/cpp_generator.cc,"(1100, 1)-(1127, 2)",b'grpc::string GetHeaderEpilogue(grpc_generator...'
flatbuffers,../repos/flatbuffers/grpc/src/compiler/cpp_generator.cc,"(1129, 1)-(1152, 2)",b'grpc::string GetSourcePrologue(grpc_generator...'
flatbuffers,../repos/flatbuffers/grpc/src/compiler/cpp_generator.cc,"(1154, 1)-(1187, 2)",b'grpc::string GetSourceIncludes(grpc_generator...'
flatbuffers,../repos/flatbuffers/grpc/src/compiler/cpp_generator.cc,"(1504, 1)-(1529, 2)",b'grpc::string GetSourceServices(grpc_generator...'
flatbuffers,../repos/flatbuffers/grpc/src/compiler/cpp_generator.cc,"(1549, 1)-(1573, 2)",b'grpc::string GetMockPrologue(grpc_generator::...'
flatbuffers,../repos/flatbuffers/grpc/src/compiler/cpp_generator.cc,"(1576, 1)-(1604, 2)",b'grpc::string GetMockIncludes(grpc_generator::...'
flatbuffers,../repos/flatbuffers/grpc/src/compiler/cpp_generator.cc,"(1719, 1)-(1746, 2)",b'grpc::string GetMockServices(grpc_generator::...'
flatbuffers,../repos/flatbuffers/grpc/tests/grpctest.cpp,"(35, 3)-(47, 4)",b'virtual ::grpc::Status Store(\n      ::grpc::S...'
flatbuffers,../repos/flatbuffers/grpc/tests/grpctest.cpp,"(48, 3)-(69, 4)",b'virtual ::grpc::Status Retrieve(\n      ::grpc...'
flatbuffers,../repos/flatbuffers/grpc/samples/greeter/server.cpp,"(11, 3)-(39, 4)",b'virtual grpc::Status SayHello(\n      grpc::Se...'
flatbuffers,../repos/flatbuffers/grpc/samples/greeter/server.cpp,"(41, 3)-(60, 4)",b'virtual grpc::Status SayManyHellos(\n      grp...'
