Repo name,File name,Location,Content
flatbuffers,../repos/flatbuffers/tests/monster_test_suffix/filesuffix_only/monster_test.grpc.fb.h,"(35, 3)-(84, 4)",b'class StubInterface {\n   public:\n    virtual ...'
flatbuffers,../repos/flatbuffers/tests/monster_test_suffix/filesuffix_only/monster_test.grpc.fb.h,"(85, 3)-(140, 4)",b'class Stub final : public StubInterface {\n   ...'
flatbuffers,../repos/flatbuffers/tests/monster_test_suffix/filesuffix_only/monster_test.grpc.fb.h,"(143, 3)-(151, 4)",b'class Service : public ::grpc::Service {\n   p...'
flatbuffers,../repos/flatbuffers/tests/monster_test_suffix/filesuffix_only/monster_test.grpc.fb.h,"(153, 3)-(171, 4)",b'class WithAsyncMethod_Store : public BaseClas...'
flatbuffers,../repos/flatbuffers/tests/monster_test_suffix/filesuffix_only/monster_test.grpc.fb.h,"(173, 3)-(191, 4)",b'class WithAsyncMethod_Retrieve : public BaseC...'
flatbuffers,../repos/flatbuffers/tests/monster_test_suffix/filesuffix_only/monster_test.grpc.fb.h,"(193, 3)-(211, 4)",b'class WithAsyncMethod_GetMaxHitPoint : public...'
flatbuffers,../repos/flatbuffers/tests/monster_test_suffix/filesuffix_only/monster_test.grpc.fb.h,"(213, 3)-(231, 4)",b'class WithAsyncMethod_GetMinMaxHitPoints : pu...'
flatbuffers,../repos/flatbuffers/tests/monster_test_suffix/filesuffix_only/monster_test.grpc.fb.h,"(234, 3)-(249, 4)",b'class WithGenericMethod_Store : public BaseCl...'
flatbuffers,../repos/flatbuffers/tests/monster_test_suffix/filesuffix_only/monster_test.grpc.fb.h,"(251, 3)-(266, 4)",b'class WithGenericMethod_Retrieve : public Bas...'
flatbuffers,../repos/flatbuffers/tests/monster_test_suffix/filesuffix_only/monster_test.grpc.fb.h,"(268, 3)-(283, 4)",b'class WithGenericMethod_GetMaxHitPoint : publ...'
flatbuffers,../repos/flatbuffers/tests/monster_test_suffix/filesuffix_only/monster_test.grpc.fb.h,"(285, 3)-(300, 4)",b'class WithGenericMethod_GetMinMaxHitPoints : ...'
flatbuffers,../repos/flatbuffers/tests/monster_test_suffix/filesuffix_only/monster_test.grpc.fb.h,"(302, 3)-(320, 4)",b'class WithStreamedUnaryMethod_Store : public ...'
flatbuffers,../repos/flatbuffers/tests/monster_test_suffix/filesuffix_only/monster_test.grpc.fb.h,"(323, 3)-(341, 4)",b'class WithSplitStreamingMethod_Retrieve : pub...'
flatbuffers,../repos/flatbuffers/tests/monster_test_suffix/ext_only/monster_test.grpc.fb.h,"(35, 3)-(84, 4)",b'class StubInterface {\n   public:\n    virtual ...'
flatbuffers,../repos/flatbuffers/tests/monster_test_suffix/ext_only/monster_test.grpc.fb.h,"(85, 3)-(140, 4)",b'class Stub final : public StubInterface {\n   ...'
flatbuffers,../repos/flatbuffers/tests/monster_test_suffix/ext_only/monster_test.grpc.fb.h,"(143, 3)-(151, 4)",b'class Service : public ::grpc::Service {\n   p...'
flatbuffers,../repos/flatbuffers/tests/monster_test_suffix/ext_only/monster_test.grpc.fb.h,"(153, 3)-(171, 4)",b'class WithAsyncMethod_Store : public BaseClas...'
flatbuffers,../repos/flatbuffers/tests/monster_test_suffix/ext_only/monster_test.grpc.fb.h,"(173, 3)-(191, 4)",b'class WithAsyncMethod_Retrieve : public BaseC...'
flatbuffers,../repos/flatbuffers/tests/monster_test_suffix/ext_only/monster_test.grpc.fb.h,"(193, 3)-(211, 4)",b'class WithAsyncMethod_GetMaxHitPoint : public...'
flatbuffers,../repos/flatbuffers/tests/monster_test_suffix/ext_only/monster_test.grpc.fb.h,"(213, 3)-(231, 4)",b'class WithAsyncMethod_GetMinMaxHitPoints : pu...'
flatbuffers,../repos/flatbuffers/tests/monster_test_suffix/ext_only/monster_test.grpc.fb.h,"(234, 3)-(249, 4)",b'class WithGenericMethod_Store : public BaseCl...'
flatbuffers,../repos/flatbuffers/tests/monster_test_suffix/ext_only/monster_test.grpc.fb.h,"(251, 3)-(266, 4)",b'class WithGenericMethod_Retrieve : public Bas...'
flatbuffers,../repos/flatbuffers/tests/monster_test_suffix/ext_only/monster_test.grpc.fb.h,"(268, 3)-(283, 4)",b'class WithGenericMethod_GetMaxHitPoint : publ...'
flatbuffers,../repos/flatbuffers/tests/monster_test_suffix/ext_only/monster_test.grpc.fb.h,"(285, 3)-(300, 4)",b'class WithGenericMethod_GetMinMaxHitPoints : ...'
flatbuffers,../repos/flatbuffers/tests/monster_test_suffix/ext_only/monster_test.grpc.fb.h,"(302, 3)-(320, 4)",b'class WithStreamedUnaryMethod_Store : public ...'
flatbuffers,../repos/flatbuffers/tests/monster_test_suffix/ext_only/monster_test.grpc.fb.h,"(323, 3)-(341, 4)",b'class WithSplitStreamingMethod_Retrieve : pub...'
flatbuffers,../repos/flatbuffers/tests/monster_test_suffix/monster_test.grpc.fb.h,"(35, 3)-(84, 4)",b'class StubInterface {\n   public:\n    virtual ...'
flatbuffers,../repos/flatbuffers/tests/monster_test_suffix/monster_test.grpc.fb.h,"(85, 3)-(140, 4)",b'class Stub final : public StubInterface {\n   ...'
flatbuffers,../repos/flatbuffers/tests/monster_test_suffix/monster_test.grpc.fb.h,"(143, 3)-(151, 4)",b'class Service : public ::grpc::Service {\n   p...'
flatbuffers,../repos/flatbuffers/tests/monster_test_suffix/monster_test.grpc.fb.h,"(153, 3)-(171, 4)",b'class WithAsyncMethod_Store : public BaseClas...'
flatbuffers,../repos/flatbuffers/tests/monster_test_suffix/monster_test.grpc.fb.h,"(173, 3)-(191, 4)",b'class WithAsyncMethod_Retrieve : public BaseC...'
flatbuffers,../repos/flatbuffers/tests/monster_test_suffix/monster_test.grpc.fb.h,"(193, 3)-(211, 4)",b'class WithAsyncMethod_GetMaxHitPoint : public...'
flatbuffers,../repos/flatbuffers/tests/monster_test_suffix/monster_test.grpc.fb.h,"(213, 3)-(231, 4)",b'class WithAsyncMethod_GetMinMaxHitPoints : pu...'
flatbuffers,../repos/flatbuffers/tests/monster_test_suffix/monster_test.grpc.fb.h,"(234, 3)-(249, 4)",b'class WithGenericMethod_Store : public BaseCl...'
flatbuffers,../repos/flatbuffers/tests/monster_test_suffix/monster_test.grpc.fb.h,"(251, 3)-(266, 4)",b'class WithGenericMethod_Retrieve : public Bas...'
flatbuffers,../repos/flatbuffers/tests/monster_test_suffix/monster_test.grpc.fb.h,"(268, 3)-(283, 4)",b'class WithGenericMethod_GetMaxHitPoint : publ...'
flatbuffers,../repos/flatbuffers/tests/monster_test_suffix/monster_test.grpc.fb.h,"(285, 3)-(300, 4)",b'class WithGenericMethod_GetMinMaxHitPoints : ...'
flatbuffers,../repos/flatbuffers/tests/monster_test_suffix/monster_test.grpc.fb.h,"(302, 3)-(320, 4)",b'class WithStreamedUnaryMethod_Store : public ...'
flatbuffers,../repos/flatbuffers/tests/monster_test_suffix/monster_test.grpc.fb.h,"(323, 3)-(341, 4)",b'class WithSplitStreamingMethod_Retrieve : pub...'
flatbuffers,../repos/flatbuffers/tests/monster_test_generated.grpc.fb.h,"(35, 3)-(84, 4)",b'class StubInterface {\n   public:\n    virtual ...'
flatbuffers,../repos/flatbuffers/tests/monster_test_generated.grpc.fb.h,"(85, 3)-(140, 4)",b'class Stub final : public StubInterface {\n   ...'
flatbuffers,../repos/flatbuffers/tests/monster_test_generated.grpc.fb.h,"(143, 3)-(151, 4)",b'class Service : public ::grpc::Service {\n   p...'
flatbuffers,../repos/flatbuffers/tests/monster_test_generated.grpc.fb.h,"(153, 3)-(171, 4)",b'class WithAsyncMethod_Store : public BaseClas...'
flatbuffers,../repos/flatbuffers/tests/monster_test_generated.grpc.fb.h,"(173, 3)-(191, 4)",b'class WithAsyncMethod_Retrieve : public BaseC...'
flatbuffers,../repos/flatbuffers/tests/monster_test_generated.grpc.fb.h,"(193, 3)-(211, 4)",b'class WithAsyncMethod_GetMaxHitPoint : public...'
flatbuffers,../repos/flatbuffers/tests/monster_test_generated.grpc.fb.h,"(213, 3)-(231, 4)",b'class WithAsyncMethod_GetMinMaxHitPoints : pu...'
flatbuffers,../repos/flatbuffers/tests/monster_test_generated.grpc.fb.h,"(234, 3)-(249, 4)",b'class WithGenericMethod_Store : public BaseCl...'
flatbuffers,../repos/flatbuffers/tests/monster_test_generated.grpc.fb.h,"(251, 3)-(266, 4)",b'class WithGenericMethod_Retrieve : public Bas...'
flatbuffers,../repos/flatbuffers/tests/monster_test_generated.grpc.fb.h,"(268, 3)-(283, 4)",b'class WithGenericMethod_GetMaxHitPoint : publ...'
flatbuffers,../repos/flatbuffers/tests/monster_test_generated.grpc.fb.h,"(285, 3)-(300, 4)",b'class WithGenericMethod_GetMinMaxHitPoints : ...'
flatbuffers,../repos/flatbuffers/tests/monster_test_generated.grpc.fb.h,"(302, 3)-(320, 4)",b'class WithStreamedUnaryMethod_Store : public ...'
flatbuffers,../repos/flatbuffers/tests/monster_test_generated.grpc.fb.h,"(323, 3)-(341, 4)",b'class WithSplitStreamingMethod_Retrieve : pub...'
flatbuffers,../repos/flatbuffers/tests/monster_test.grpc.fb.h,"(35, 3)-(84, 4)",b'class StubInterface {\n   public:\n    virtual ...'
flatbuffers,../repos/flatbuffers/tests/monster_test.grpc.fb.h,"(85, 3)-(140, 4)",b'class Stub final : public StubInterface {\n   ...'
flatbuffers,../repos/flatbuffers/tests/monster_test.grpc.fb.h,"(143, 3)-(151, 4)",b'class Service : public ::grpc::Service {\n   p...'
flatbuffers,../repos/flatbuffers/tests/monster_test.grpc.fb.h,"(153, 3)-(171, 4)",b'class WithAsyncMethod_Store : public BaseClas...'
flatbuffers,../repos/flatbuffers/tests/monster_test.grpc.fb.h,"(173, 3)-(191, 4)",b'class WithAsyncMethod_Retrieve : public BaseC...'
flatbuffers,../repos/flatbuffers/tests/monster_test.grpc.fb.h,"(193, 3)-(211, 4)",b'class WithAsyncMethod_GetMaxHitPoint : public...'
flatbuffers,../repos/flatbuffers/tests/monster_test.grpc.fb.h,"(213, 3)-(231, 4)",b'class WithAsyncMethod_GetMinMaxHitPoints : pu...'
flatbuffers,../repos/flatbuffers/tests/monster_test.grpc.fb.h,"(234, 3)-(249, 4)",b'class WithGenericMethod_Store : public BaseCl...'
flatbuffers,../repos/flatbuffers/tests/monster_test.grpc.fb.h,"(251, 3)-(266, 4)",b'class WithGenericMethod_Retrieve : public Bas...'
flatbuffers,../repos/flatbuffers/tests/monster_test.grpc.fb.h,"(268, 3)-(283, 4)",b'class WithGenericMethod_GetMaxHitPoint : publ...'
flatbuffers,../repos/flatbuffers/tests/monster_test.grpc.fb.h,"(285, 3)-(300, 4)",b'class WithGenericMethod_GetMinMaxHitPoints : ...'
flatbuffers,../repos/flatbuffers/tests/monster_test.grpc.fb.h,"(302, 3)-(320, 4)",b'class WithStreamedUnaryMethod_Store : public ...'
flatbuffers,../repos/flatbuffers/tests/monster_test.grpc.fb.h,"(323, 3)-(341, 4)",b'class WithSplitStreamingMethod_Retrieve : pub...'
