Repo name,File name,Location,Content
flatbuffers,../repos/flatbuffers/src/bfbs_gen_lua.cpp,"(93, 3)-(93, 41)",b'using BaseBfbsGenerator::GenerateCode;'
flatbuffers,../repos/flatbuffers/src/idl_namer.h,"(15, 3)-(15, 25)",b'using Namer::Constant;'
flatbuffers,../repos/flatbuffers/src/idl_namer.h,"(16, 3)-(16, 28)",b'using Namer::Directories;'
flatbuffers,../repos/flatbuffers/src/idl_namer.h,"(17, 3)-(17, 22)",b'using Namer::Field;'
flatbuffers,../repos/flatbuffers/src/idl_namer.h,"(18, 3)-(18, 21)",b'using Namer::File;'
flatbuffers,../repos/flatbuffers/src/idl_namer.h,"(19, 3)-(19, 25)",b'using Namer::Function;'
flatbuffers,../repos/flatbuffers/src/idl_namer.h,"(20, 3)-(20, 23)",b'using Namer::Method;'
flatbuffers,../repos/flatbuffers/src/idl_namer.h,"(21, 3)-(21, 26)",b'using Namer::Namespace;'
flatbuffers,../repos/flatbuffers/src/idl_namer.h,"(22, 3)-(22, 31)",b'using Namer::NamespacedType;'
flatbuffers,../repos/flatbuffers/src/idl_namer.h,"(23, 3)-(23, 27)",b'using Namer::ObjectType;'
flatbuffers,../repos/flatbuffers/src/idl_namer.h,"(24, 3)-(24, 21)",b'using Namer::Type;'
flatbuffers,../repos/flatbuffers/src/idl_namer.h,"(25, 3)-(25, 25)",b'using Namer::Variable;'
flatbuffers,../repos/flatbuffers/src/idl_namer.h,"(26, 3)-(26, 24)",b'using Namer::Variant;'
flatbuffers,../repos/flatbuffers/src/bfbs_namer.h,"(15, 3)-(15, 25)",b'using Namer::Constant;'
flatbuffers,../repos/flatbuffers/src/bfbs_namer.h,"(16, 3)-(16, 28)",b'using Namer::Denamespace;'
flatbuffers,../repos/flatbuffers/src/bfbs_namer.h,"(17, 3)-(17, 28)",b'using Namer::Directories;'
flatbuffers,../repos/flatbuffers/src/bfbs_namer.h,"(18, 3)-(18, 22)",b'using Namer::Field;'
flatbuffers,../repos/flatbuffers/src/bfbs_namer.h,"(19, 3)-(19, 21)",b'using Namer::File;'
flatbuffers,../repos/flatbuffers/src/bfbs_namer.h,"(20, 3)-(20, 25)",b'using Namer::Function;'
flatbuffers,../repos/flatbuffers/src/bfbs_namer.h,"(21, 3)-(21, 23)",b'using Namer::Method;'
flatbuffers,../repos/flatbuffers/src/bfbs_namer.h,"(22, 3)-(22, 26)",b'using Namer::Namespace;'
flatbuffers,../repos/flatbuffers/src/bfbs_namer.h,"(23, 3)-(23, 31)",b'using Namer::NamespacedType;'
flatbuffers,../repos/flatbuffers/src/bfbs_namer.h,"(24, 3)-(24, 27)",b'using Namer::ObjectType;'
flatbuffers,../repos/flatbuffers/src/bfbs_namer.h,"(25, 3)-(25, 21)",b'using Namer::Type;'
flatbuffers,../repos/flatbuffers/src/bfbs_namer.h,"(26, 3)-(26, 25)",b'using Namer::Variable;'
flatbuffers,../repos/flatbuffers/src/bfbs_namer.h,"(27, 3)-(27, 24)",b'using Namer::Variant;'
flatbuffers,../repos/flatbuffers/src/bfbs_gen_nim.cpp,"(113, 3)-(113, 41)",b'using BaseBfbsGenerator::GenerateCode;'
flatbuffers,../repos/flatbuffers/android/app/src/main/cpp/animals.cpp,"(22, 1)-(22, 31)",b'using namespace com::fbs::app;'
flatbuffers,../repos/flatbuffers/android/app/src/main/cpp/animals.cpp,"(23, 1)-(23, 29)",b'using namespace flatbuffers;'
flatbuffers,../repos/flatbuffers/include/flatbuffers/flatbuffer_builder.h,"(143, 5)-(143, 21)",b'using std::swap;'
flatbuffers,../repos/flatbuffers/include/flatbuffers/vector_downward.h,"(232, 5)-(232, 21)",b'using std::swap;'
flatbuffers,../repos/flatbuffers/include/flatbuffers/vector_downward.h,"(246, 5)-(246, 21)",b'using std::swap;'
flatbuffers,../repos/flatbuffers/include/flatbuffers/grpc.h,"(94, 5)-(94, 21)",b'using std::swap;'
flatbuffers,../repos/flatbuffers/benchmarks/cpp/flatbuffers/fb_bench.cpp,"(10, 1)-(10, 29)",b'using namespace flatbuffers;'
flatbuffers,../repos/flatbuffers/benchmarks/cpp/flatbuffers/fb_bench.cpp,"(11, 1)-(11, 40)",b'using namespace benchmarks_flatbuffers;'
flatbuffers,../repos/flatbuffers/tests/monster_test.cpp,"(24, 1)-(24, 33)",b'using namespace MyGame::Example;'
flatbuffers,../repos/flatbuffers/tests/monster_test.cpp,"(618, 3)-(618, 31)",b'using namespace flatbuffers;'
flatbuffers,../repos/flatbuffers/tests/monster_test.cpp,"(619, 3)-(619, 26)",b'using namespace MyGame;'
flatbuffers,../repos/flatbuffers/tests/monster_test.cpp,"(735, 3)-(735, 31)",b'using namespace flatbuffers;'
flatbuffers,../repos/flatbuffers/tests/test.cpp,"(83, 1)-(83, 33)",b'using namespace MyGame::Example;'
flatbuffers,../repos/flatbuffers/tests/test.cpp,"(602, 3)-(602, 52)",b'using flatbuffers::internal::is_span_convertible;'
flatbuffers,../repos/flatbuffers/tests/test.cpp,"(611, 3)-(611, 27)",b'using flatbuffers::span;'
flatbuffers,../repos/flatbuffers/tests/test.cpp,"(1553, 5)-(1553, 41)",b'using namespace UnionUnderlyingType;'
flatbuffers,../repos/flatbuffers/tests/test_builder.cpp,"(7, 1)-(7, 33)",b'using namespace MyGame::Example;'
flatbuffers,../repos/flatbuffers/tests/test_builder.cpp,"(8, 1)-(8, 29)",b'using namespace flatbuffers;'
flatbuffers,../repos/flatbuffers/tests/test_builder.cpp,"(125, 3)-(125, 40)",b'using flatbuffers::FlatBufferBuilder;'
flatbuffers,../repos/flatbuffers/tests/key_field_test.cpp,"(13, 1)-(13, 34)",b'using namespace keyfield::sample;'
flatbuffers,../repos/flatbuffers/tests/parser_test.cpp,"(907, 3)-(907, 29)",b'using flatbuffers::Parser;'
flatbuffers,../repos/flatbuffers/tests/cpp17/test_cpp17.cpp,"(44, 1)-(44, 41)",b'using ::cpp17::MyGame::Example::Monster;'
flatbuffers,../repos/flatbuffers/tests/cpp17/test_cpp17.cpp,"(45, 1)-(45, 38)",b'using ::cpp17::MyGame::Example::Vec3;'
flatbuffers,../repos/flatbuffers/tests/cpp17/test_cpp17.cpp,"(52, 3)-(52, 41)",b'using ::cpp17::MyGame::Example::Color;'
flatbuffers,../repos/flatbuffers/tests/cpp17/test_cpp17.cpp,"(53, 3)-(53, 50)",b'using ::cpp17::MyGame::Example::MonsterBuilder;'
flatbuffers,../repos/flatbuffers/tests/cpp17/test_cpp17.cpp,"(54, 3)-(54, 40)",b'using ::cpp17::MyGame::Example::Test;'
flatbuffers,../repos/flatbuffers/tests/json_test.cpp,"(13, 1)-(13, 33)",b'using namespace MyGame::Example;'
flatbuffers,../repos/flatbuffers/tests/test_builder.h,"(11, 1)-(11, 30)",b'using MyGame::Example::Color;'
flatbuffers,../repos/flatbuffers/tests/test_builder.h,"(12, 1)-(12, 32)",b'using MyGame::Example::Monster;'
flatbuffers,../repos/flatbuffers/tests/reflection_test.cpp,"(15, 1)-(15, 33)",b'using namespace MyGame::Example;'
flatbuffers,../repos/flatbuffers/samples/sample_text.cpp,"(21, 1)-(21, 32)",b'using namespace MyGame::Sample;'
flatbuffers,../repos/flatbuffers/samples/sample_bfbs.cpp,"(21, 1)-(21, 32)",b'using namespace MyGame::Sample;'
flatbuffers,../repos/flatbuffers/samples/sample_binary.cpp,"(19, 1)-(19, 32)",b'using namespace MyGame::Sample;'
flatbuffers,../repos/flatbuffers/grpc/tests/message_builder_test.cpp,"(6, 1)-(6, 33)",b'using MyGame::Example::Any_NONE;'
flatbuffers,../repos/flatbuffers/grpc/tests/message_builder_test.cpp,"(7, 1)-(7, 35)",b'using MyGame::Example::CreateStat;'
flatbuffers,../repos/flatbuffers/grpc/tests/message_builder_test.cpp,"(8, 1)-(8, 29)",b'using MyGame::Example::Vec3;'
flatbuffers,../repos/flatbuffers/grpc/tests/message_builder_test.cpp,"(335, 3)-(335, 40)",b'using flatbuffers::FlatBufferBuilder;'
flatbuffers,../repos/flatbuffers/grpc/tests/message_builder_test.cpp,"(336, 3)-(336, 43)",b'using flatbuffers::grpc::MessageBuilder;'
flatbuffers,../repos/flatbuffers/grpc/tests/grpctest.cpp,"(26, 1)-(26, 33)",b'using namespace MyGame::Example;'
flatbuffers,../repos/flatbuffers/grpc/tests/grpctest.cpp,"(27, 1)-(27, 38)",b'using flatbuffers::FlatBufferBuilder;'
flatbuffers,../repos/flatbuffers/grpc/tests/grpctest.cpp,"(28, 1)-(28, 41)",b'using flatbuffers::grpc::MessageBuilder;'
