Repo name,File name,Location,Content
flatbuffers,../repos/flatbuffers/include/flatbuffers/idl.h,"(454, 3)-(454, 18)",b'friend EnumDef;'
flatbuffers,../repos/flatbuffers/include/flatbuffers/idl.h,"(455, 3)-(455, 25)",b'friend EnumValBuilder;'
flatbuffers,../repos/flatbuffers/include/flatbuffers/idl.h,"(456, 3)-(456, 66)","b'friend bool operator==(const EnumVal &lhs, co...'"
flatbuffers,../repos/flatbuffers/include/flatbuffers/idl.h,"(512, 3)-(512, 25)",b'friend EnumValBuilder;'
flatbuffers,../repos/flatbuffers/include/flatbuffers/stl_emulation.h,"(327, 5)-(327, 111)",b'friend bool operator== (const SpanIterator& l...'
flatbuffers,../repos/flatbuffers/include/flatbuffers/stl_emulation.h,"(328, 5)-(328, 111)",b'friend bool operator!= (const SpanIterator& l...'
flatbuffers,../repos/flatbuffers/include/flatbuffers/flexbuffers.h,"(303, 3)-(303, 20)",b'friend Reference;'
flatbuffers,../repos/flatbuffers/include/flatbuffers/flexbuffers.h,"(308, 3)-(308, 14)",b'friend Map;'
flatbuffers,../repos/flatbuffers/include/flatbuffers/flexbuffers.h,"(817, 3)-(817, 25)",b'friend class Verifier;'
flatbuffers,../repos/flatbuffers/include/flatbuffers/grpc.h,"(136, 3)-(136, 31)",b'friend class MessageBuilder;'
