Repo name,File name,Location,Content
flatbuffers,../repos/flatbuffers/src/binary_annotator.cpp,"(355, 42)-(436, 4)",b'[&](const reflection::Field *field) {\n    con...'
flatbuffers,../repos/flatbuffers/src/binary_annotator.cpp,"(579, 20)-(581, 21)","b'[](const VTable::Entry &a, const VTable::Entr...'"
flatbuffers,../repos/flatbuffers/src/binary_annotator.cpp,"(865, 43)-(968, 4)",b'[&](const reflection::Field *field) {\n    if ...'
flatbuffers,../repos/flatbuffers/src/idl_gen_rust.cpp,"(410, 32)-(410, 75)",b'[&](const EnumDef &e) { this->GenEnum(e); }'
flatbuffers,../repos/flatbuffers/src/idl_gen_rust.cpp,"(412, 34)-(424, 17)",b'[&](const StructDef &s) {\n                 if...'
flatbuffers,../repos/flatbuffers/src/idl_gen_rust.cpp,"(699, 52)-(702, 6)",b'[&](const EnumVal &unused) {\n      (void)unus...'
flatbuffers,../repos/flatbuffers/src/idl_gen_rust.cpp,"(734, 35)-(737, 8)",b'[&](const EnumVal &ev) {\n        this->GenCom...'
flatbuffers,../repos/flatbuffers/src/idl_gen_rust.cpp,"(764, 35)-(766, 8)",b'[&](const EnumVal &ev) {\n        code_ += nam...'
flatbuffers,../repos/flatbuffers/src/idl_gen_rust.cpp,"(781, 35)-(784, 8)",b'[&](const EnumVal &ev) {\n        this->GenCom...'
flatbuffers,../repos/flatbuffers/src/idl_gen_rust.cpp,"(790, 34)-(790, 76)","b'[&]() { code_ += ""  Self::{{VARIANT}},""; }'"
flatbuffers,../repos/flatbuffers/src/idl_gen_rust.cpp,"(795, 34)-(797, 8)","b'[&]() {\n        code_ += ""    Self::{{VARIANT...'"
flatbuffers,../repos/flatbuffers/src/idl_gen_rust.cpp,"(964, 52)-(966, 6)","b'[&] {\n      code_ += ""{{NATIVE_VARIANT}}(Box<...'"
flatbuffers,../repos/flatbuffers/src/idl_gen_rust.cpp,"(983, 52)-(987, 6)","b'[&] {\n      code_ +=\n          ""    Self::{{N...'"
flatbuffers,../repos/flatbuffers/src/idl_gen_rust.cpp,"(998, 52)-(1001, 6)","b'[&] {\n      code_ += ""    Self::{{NATIVE_VARI...'"
flatbuffers,../repos/flatbuffers/src/idl_gen_rust.cpp,"(1006, 52)-(1047, 6)",b'[&] {\n      // Move accessor.\n      code_ +=\n...'
flatbuffers,../repos/flatbuffers/src/idl_gen_rust.cpp,"(1150, 23)-(1152, 6)",b'[&](std::string s) {\n      return IsOptionalT...'
flatbuffers,../repos/flatbuffers/src/idl_gen_rust.cpp,"(1153, 23)-(1156, 6)",b'[&](std::string ty) {\n      return WrapOption...'
flatbuffers,../repos/flatbuffers/src/idl_gen_rust.cpp,"(1157, 31)-(1159, 6)",b'[&](std::string ty) {\n      return WrapVector...'
flatbuffers,../repos/flatbuffers/src/idl_gen_rust.cpp,"(1442, 29)-(1444, 6)",b'[&](std::string s) {\n      return field.IsOpt...'
flatbuffers,../repos/flatbuffers/src/idl_gen_rust.cpp,"(1518, 38)-(1520, 6)",b'[](std::string ty) -> std::string {\n      ret...'
flatbuffers,../repos/flatbuffers/src/idl_gen_rust.cpp,"(1521, 29)-(1523, 6)",b'[&](std::string ty) -> std::string {\n      re...'
flatbuffers,../repos/flatbuffers/src/idl_gen_rust.cpp,"(1524, 28)-(1527, 6)","b'[&](std::string ty, uint16_t length) -> std::...'"
flatbuffers,../repos/flatbuffers/src/idl_gen_rust.cpp,"(1645, 15)-(1655, 6)",b'[&](const FieldDef &field) {\n      if (field....'
flatbuffers,../repos/flatbuffers/src/idl_gen_rust.cpp,"(1696, 35)-(1701, 6)",b'[&](const FieldDef &unused) {\n      (void)unu...'
flatbuffers,../repos/flatbuffers/src/idl_gen_rust.cpp,"(1734, 11)-(1745, 12)",b'[&](const FieldDef &field) {\n            if (...'
flatbuffers,../repos/flatbuffers/src/idl_gen_rust.cpp,"(1757, 43)-(1845, 8)",b'[&](const FieldDef &field) {\n        const Ty...'
flatbuffers,../repos/flatbuffers/src/idl_gen_rust.cpp,"(1777, 60)-(1787, 14)",b'[&] {\n              code_ +=\n                ...'
flatbuffers,../repos/flatbuffers/src/idl_gen_rust.cpp,"(1847, 43)-(1850, 8)",b'[&](const FieldDef &field) {\n        if (fiel...'
flatbuffers,../repos/flatbuffers/src/idl_gen_rust.cpp,"(1868, 35)-(1922, 6)",b'[&](const FieldDef &field) {\n      code_.SetV...'
flatbuffers,../repos/flatbuffers/src/idl_gen_rust.cpp,"(1925, 35)-(1975, 6)",b'[&](const FieldDef &field) {\n      if (field....'
flatbuffers,../repos/flatbuffers/src/idl_gen_rust.cpp,"(1928, 39)-(1974, 12)",b'[&](const EnumVal &unused) {\n            (voi...'
flatbuffers,../repos/flatbuffers/src/idl_gen_rust.cpp,"(1989, 35)-(2024, 6)",b'[&](const FieldDef &field) {\n      if (GetFul...'
flatbuffers,../repos/flatbuffers/src/idl_gen_rust.cpp,"(2014, 49)-(2020, 8)",b'[&](const EnumVal &unused) {\n        (void)un...'
flatbuffers,../repos/flatbuffers/src/idl_gen_rust.cpp,"(2034, 35)-(2037, 6)",b'[&](const FieldDef &field) {\n      code_.SetV...'
flatbuffers,../repos/flatbuffers/src/idl_gen_rust.cpp,"(2045, 35)-(2048, 6)","b'[&](const FieldDef &field) {\n      code_ += ""...'"
flatbuffers,../repos/flatbuffers/src/idl_gen_rust.cpp,"(2072, 37)-(2116, 8)",b'[&](const FieldDef &field) {\n        const Ty...'
flatbuffers,../repos/flatbuffers/src/idl_gen_rust.cpp,"(2084, 60)-(2095, 14)","b'[&] {\n              code_.SetValue(""FIELD"", n...'"
flatbuffers,../repos/flatbuffers/src/idl_gen_rust.cpp,"(2138, 35)-(2167, 6)",b'[&](const FieldDef &field) {\n      const bool...'
flatbuffers,../repos/flatbuffers/src/idl_gen_rust.cpp,"(2189, 35)-(2194, 6)",b'[&](const FieldDef &field) {\n      if (!field...'
flatbuffers,../repos/flatbuffers/src/idl_gen_rust.cpp,"(2205, 35)-(2237, 6)",b'[&](const FieldDef &field) {\n      if (GetFul...'
flatbuffers,../repos/flatbuffers/src/idl_gen_rust.cpp,"(2215, 41)-(2227, 14)",b'[&](const EnumVal &unused) {\n              (v...'
flatbuffers,../repos/flatbuffers/src/idl_gen_rust.cpp,"(2251, 36)-(2256, 6)",b'[&](const FieldDef &field) {\n      // Union o...'
flatbuffers,../repos/flatbuffers/src/idl_gen_rust.cpp,"(2262, 36)-(2266, 6)",b'[&](const FieldDef &field) {\n      if (field....'
flatbuffers,../repos/flatbuffers/src/idl_gen_rust.cpp,"(2282, 36)-(2369, 6)",b'[&](const FieldDef &field) {\n      const Type...'
flatbuffers,../repos/flatbuffers/src/idl_gen_rust.cpp,"(2371, 36)-(2374, 6)",b'[&](const FieldDef &field) {\n      (void)fiel...'
flatbuffers,../repos/flatbuffers/src/idl_gen_rust.cpp,"(2670, 36)-(2673, 6)",b'[&](const FieldDef &unused) {\n      (void)unu...'
flatbuffers,../repos/flatbuffers/src/idl_gen_rust.cpp,"(2740, 38)-(2745, 8)",b'[&](const FieldDef &unused) {\n        (void)u...'
flatbuffers,../repos/flatbuffers/src/idl_gen_rust.cpp,"(2756, 36)-(2759, 6)",b'[&](const FieldDef &unused) {\n      (void)unu...'
flatbuffers,../repos/flatbuffers/src/idl_gen_rust.cpp,"(2762, 36)-(2765, 6)",b'[&](const FieldDef &unused) {\n      (void)unu...'
flatbuffers,../repos/flatbuffers/src/idl_gen_rust.cpp,"(2775, 36)-(2879, 6)",b'[&](const FieldDef &field) {\n      this->GenC...'
flatbuffers,../repos/flatbuffers/src/idl_gen_rust.cpp,"(2886, 38)-(2900, 8)",b'[&](const FieldDef &field) {\n        if (IsAr...'
flatbuffers,../repos/flatbuffers/src/idl_gen_rust.cpp,"(2913, 38)-(2916, 8)",b'[&](const FieldDef &field) {\n        (void)fi...'
flatbuffers,../repos/flatbuffers/src/idl_gen_rust.cpp,"(2923, 38)-(2937, 8)",b'[&](const FieldDef &field) {\n        if (IsSt...'
flatbuffers,../repos/flatbuffers/src/bfbs_gen_lua.cpp,"(142, 24)-(163, 6)",b'[&](const r::Enum *enum_def) {\n      std::str...'
flatbuffers,../repos/flatbuffers/src/bfbs_gen_lua.cpp,"(154, 34)-(158, 8)",b'[&](const reflection::EnumVal *enum_val) {\n  ...'
flatbuffers,../repos/flatbuffers/src/bfbs_gen_lua.cpp,"(170, 28)-(452, 6)",b'[&](const r::Object *object) {\n      std::str...'
flatbuffers,../repos/flatbuffers/src/bfbs_gen_lua.cpp,"(218, 47)-(393, 8)",b'[&](const r::Field *field) {\n        // Skip ...'
flatbuffers,../repos/flatbuffers/src/bfbs_gen_lua.cpp,"(411, 49)-(443, 10)",b'[&](const r::Field *field) {\n          if (fi...'
flatbuffers,../repos/flatbuffers/src/bfbs_gen_lua.cpp,"(462, 24)-(464, 10)",b'[&](const flatbuffers::String *str) {\n       ...'
flatbuffers,../repos/flatbuffers/src/bfbs_gen_lua.cpp,"(470, 45)-(478, 6)",b'[&](const r::Field *field) {\n      if (IsStru...'
flatbuffers,../repos/flatbuffers/src/bfbs_gen_lua.cpp,"(490, 44)-(503, 6)",b'[&](const r::Field *field) {\n      const int3...'
flatbuffers,../repos/flatbuffers/src/idl_gen_csharp.cpp,"(1637, 36)-(1673, 8)","b'[&]() {\n        ret += ""    switch(("" + enum_...'"
flatbuffers,../repos/flatbuffers/src/idl_gen_go.cpp,"(553, 22)-(555, 23)",b'[&](FieldDef *vector_struct_field) {\n        ...'
flatbuffers,../repos/flatbuffers/src/idl_gen_fbs.cpp,"(227, 7)-(229, 8)","b'[](const ProtoIdFieldNamePair &rhs, const Pro...'"
flatbuffers,../repos/flatbuffers/src/idl_gen_json_schema.cpp,"(186, 39)-(186, 73)",b'[](char c) { return !isspace(c); }'
flatbuffers,../repos/flatbuffers/src/idl_gen_json_schema.cpp,"(188, 68)-(190, 12)",b'[](char c) {\n            return !isspace(c);\n...'
flatbuffers,../repos/flatbuffers/src/idl_gen_json_schema.cpp,"(283, 20)-(283, 75)",b'[](FieldDef const *prop) { return prop->IsReq...'
flatbuffers,../repos/flatbuffers/src/idl_gen_kotlin.cpp,"(295, 37)-(345, 6)",b'[&]() {\n      // Write all properties\n      a...'
flatbuffers,../repos/flatbuffers/src/idl_gen_kotlin.cpp,"(322, 67)-(334, 10)","b'[&]() {\n          writer += ""arrayOf(\\\\"";\n   ...'"
flatbuffers,../repos/flatbuffers/src/idl_gen_kotlin.cpp,"(337, 13)-(342, 14)","b'[&]() {\n              writer += ""names[e\\\\"";\n...'"
flatbuffers,../repos/flatbuffers/src/idl_gen_kotlin.cpp,"(505, 19)-(505, 58)","b'[&]() { writer += ""__reset(_i, _bb)""; }'"
flatbuffers,../repos/flatbuffers/src/idl_gen_kotlin.cpp,"(509, 44)-(512, 20)","b'[&]() {\n                    writer += ""__init...'"
flatbuffers,../repos/flatbuffers/src/idl_gen_kotlin.cpp,"(518, 39)-(570, 8)",b'[&]() {\n        if (!struct_def.fixed) {\n    ...'
flatbuffers,../repos/flatbuffers/src/idl_gen_kotlin.cpp,"(527, 15)-(527, 69)","b'[&]() { writer += ""Constants.FLATBUFFERS_23_5...'"
flatbuffers,../repos/flatbuffers/src/idl_gen_kotlin.cpp,"(588, 23)-(634, 6)",b'[&]() {\n      auto base_type = key_field->val...'
flatbuffers,../repos/flatbuffers/src/idl_gen_kotlin.cpp,"(650, 9)-(650, 76)","b'[&]() { writer += ""builder.finishSizePrefixed...'"
flatbuffers,../repos/flatbuffers/src/idl_gen_kotlin.cpp,"(663, 9)-(663, 64)","b'[&]() { writer += ""builder.finish(offset"" + i...'"
flatbuffers,../repos/flatbuffers/src/idl_gen_kotlin.cpp,"(677, 9)-(688, 10)","b'[&]() {\n          writer += ""val o = builder....'"
flatbuffers,../repos/flatbuffers/src/idl_gen_kotlin.cpp,"(709, 9)-(717, 10)","b'[&]() {\n          writer += ""builder.startVec...'"
flatbuffers,../repos/flatbuffers/src/idl_gen_kotlin.cpp,"(732, 9)-(734, 10)","b'[&]() {\n          writer += ""builder.startVec...'"
flatbuffers,../repos/flatbuffers/src/idl_gen_kotlin.cpp,"(743, 20)-(761, 6)",b'[&]() {\n      auto method = GenMethod(field.v...'
flatbuffers,../repos/flatbuffers/src/idl_gen_kotlin.cpp,"(816, 9)-(819, 10)","b'[&]() {\n          code += ""builder.startTable...'"
flatbuffers,../repos/flatbuffers/src/idl_gen_kotlin.cpp,"(865, 11)-(897, 12)","b'[&]() {\n            writer.SetValue(""vec_size...'"
flatbuffers,../repos/flatbuffers/src/idl_gen_kotlin.cpp,"(910, 9)-(912, 10)","b'[&]() {\n          writer += ""__has_identifier...'"
flatbuffers,../repos/flatbuffers/src/idl_gen_kotlin.cpp,"(952, 64)-(954, 10)","b'[&]() {\n          writer += ""{{field_name}}({...'"
flatbuffers,../repos/flatbuffers/src/idl_gen_kotlin.cpp,"(960, 71)-(962, 10)","b'[&]() {\n          writer += ""{{field_name}}({...'"
flatbuffers,../repos/flatbuffers/src/idl_gen_kotlin.cpp,"(967, 66)-(969, 12)","b'[&]() {\n            writer += ""{{bbgetter}}(b...'"
flatbuffers,../repos/flatbuffers/src/idl_gen_kotlin.cpp,"(971, 59)-(977, 12)","b'[&]() {\n            writer += ""val o = __offs...'"
flatbuffers,../repos/flatbuffers/src/idl_gen_kotlin.cpp,"(989, 19)-(989, 79)","b'[&]() { writer += ""obj.__assign(bb_pos + {{of...'"
flatbuffers,../repos/flatbuffers/src/idl_gen_kotlin.cpp,"(1003, 74)-(1019, 20)",b'[&]() {\n                    auto fixed = fiel...'
flatbuffers,../repos/flatbuffers/src/idl_gen_kotlin.cpp,"(1009, 25)-(1009, 74)","b'[&]() { writer += ""obj.__assign({{seek}}, bb)""; }'"
flatbuffers,../repos/flatbuffers/src/idl_gen_kotlin.cpp,"(1010, 25)-(1018, 26)",b'[&]() {\n                          if (field.I...'
flatbuffers,../repos/flatbuffers/src/idl_gen_kotlin.cpp,"(1035, 61)-(1052, 14)","b'[&]() {\n              writer += ""val o = __of...'"
flatbuffers,../repos/flatbuffers/src/idl_gen_kotlin.cpp,"(1073, 66)-(1098, 14)",b'[&]() {\n              auto inline_size = NumT...'
flatbuffers,../repos/flatbuffers/src/idl_gen_kotlin.cpp,"(1096, 39)-(1096, 65)",b'[&]() { writer += found; }'
flatbuffers,../repos/flatbuffers/src/idl_gen_kotlin.cpp,"(1097, 19)-(1097, 49)",b'[&]() { writer += not_found; }'
flatbuffers,../repos/flatbuffers/src/idl_gen_kotlin.cpp,"(1103, 72)-(1106, 18)",b'[&]() {\n                  writer += OffsetWra...'
flatbuffers,../repos/flatbuffers/src/idl_gen_kotlin.cpp,"(1114, 62)-(1116, 10)",b'[&]() {\n          writer += OffsetWrapperOneL...'
flatbuffers,../repos/flatbuffers/src/idl_gen_kotlin.cpp,"(1130, 56)-(1138, 16)",b'[&]() {\n                OffsetWrapper(\n      ...'
flatbuffers,../repos/flatbuffers/src/idl_gen_kotlin.cpp,"(1133, 21)-(1136, 22)",b'[&]() {\n                      writer += quali...'
flatbuffers,../repos/flatbuffers/src/idl_gen_kotlin.cpp,"(1137, 21)-(1137, 48)","b'[&]() { writer += ""null""; }'"
flatbuffers,../repos/flatbuffers/src/idl_gen_kotlin.cpp,"(1142, 56)-(1150, 16)",b'[&]() {\n                OffsetWrapper(\n      ...'
flatbuffers,../repos/flatbuffers/src/idl_gen_kotlin.cpp,"(1145, 21)-(1148, 22)",b'[&]() {\n                      writer += quali...'
flatbuffers,../repos/flatbuffers/src/idl_gen_kotlin.cpp,"(1149, 21)-(1149, 48)","b'[&]() { writer += ""null""; }'"
flatbuffers,../repos/flatbuffers/src/idl_gen_kotlin.cpp,"(1171, 64)-(1174, 14)","b'[&]() {\n              writer.SetValue(""end"", ...'"
flatbuffers,../repos/flatbuffers/src/idl_gen_kotlin.cpp,"(1182, 27)-(1185, 14)","b'[&]() {\n              writer.SetValue(""end"", ...'"
flatbuffers,../repos/flatbuffers/src/idl_gen_kotlin.cpp,"(1198, 65)-(1200, 14)",b'[&]() {\n              writer += nested_method...'
flatbuffers,../repos/flatbuffers/src/idl_gen_kotlin.cpp,"(1203, 45)-(1211, 22)",b'[&]() {\n                      OffsetWrapper(\n...'
flatbuffers,../repos/flatbuffers/src/idl_gen_kotlin.cpp,"(1206, 27)-(1209, 28)",b'[&]() {\n                            writer +=...'
flatbuffers,../repos/flatbuffers/src/idl_gen_kotlin.cpp,"(1210, 27)-(1210, 54)","b'[&]() { writer += ""null""; }'"
flatbuffers,../repos/flatbuffers/src/idl_gen_kotlin.cpp,"(1241, 29)-(1257, 12)","b'[&]() {\n            writer.SetValue(""bbsetter...'"
flatbuffers,../repos/flatbuffers/src/idl_gen_kotlin.cpp,"(1251, 19)-(1254, 20)","b'[&]() {\n                    writer += ""{{bbse...'"
flatbuffers,../repos/flatbuffers/src/idl_gen_kotlin.cpp,"(1255, 19)-(1255, 47)","b'[&]() { writer += ""false""; }'"
flatbuffers,../repos/flatbuffers/src/idl_gen_kotlin.cpp,"(1271, 11)-(1285, 12)",b'[&]() {\n            if (IsString(key_field->v...'
flatbuffers,../repos/flatbuffers/src/idl_gen_kotlin.cpp,"(1399, 9)-(1402, 10)","b'[&]() {\n          GenStructBody(struct_def, c...'"
flatbuffers,../repos/flatbuffers/src/idl_parser.cpp,"(1500, 7)-(1551, 8)","b'[&](const std::string &name, size_t &fieldn,\n...'"
flatbuffers,../repos/flatbuffers/src/idl_parser.cpp,"(1705, 43)-(1711, 4)",b'[&](size_t &) -> CheckedError {\n    Value val...'
flatbuffers,../repos/flatbuffers/src/idl_parser.cpp,"(1788, 11)-(1790, 12)","b'[offset, key](const uint8_t *a, const uint8_t...'"
flatbuffers,../repos/flatbuffers/src/idl_parser.cpp,"(1791, 11)-(1794, 12)","b'[struct_size](uint8_t *a, uint8_t *b) {\n     ...'"
flatbuffers,../repos/flatbuffers/src/idl_parser.cpp,"(1804, 13)-(1806, 14)","b'[key](const Offset<Table> *_a, const Offset<T...'"
flatbuffers,../repos/flatbuffers/src/idl_parser.cpp,"(1811, 13)-(1813, 14)","b'[key](const Offset<Table> *_a, const Offset<T...'"
flatbuffers,../repos/flatbuffers/src/idl_parser.cpp,"(1827, 43)-(1837, 4)",b'[&](size_t &) -> CheckedError {\n    stack.emp...'
flatbuffers,../repos/flatbuffers/src/idl_parser.cpp,"(2334, 35)-(2339, 6)","b'[](const EnumVal *e1, const EnumVal *e2) {\n  ...'"
flatbuffers,../repos/flatbuffers/src/idl_parser.cpp,"(2341, 35)-(2344, 6)","b'[](const EnumVal *e1, const EnumVal *e2) {\n  ...'"
flatbuffers,../repos/flatbuffers/src/idl_parser.cpp,"(3340, 35)-(3345, 36)","b'[&](const std::string &, size_t &fieldn,\n    ...'"
flatbuffers,../repos/flatbuffers/src/idl_parser.cpp,"(3350, 18)-(3350, 78)",b'[&](size_t &) -> CheckedError { return SkipAn...'
flatbuffers,../repos/flatbuffers/src/idl_parser.cpp,"(3384, 32)-(3390, 33)","b'[&](const std::string &name, size_t &fieldn,\n...'"
flatbuffers,../repos/flatbuffers/src/idl_parser.cpp,"(3400, 43)-(3402, 8)",b'[&](size_t &) -> CheckedError {\n        retur...'
flatbuffers,../repos/flatbuffers/src/idl_gen_kotlin_kmp.cpp,"(391, 37)-(440, 6)",b'[&]() {\n      // Write all properties\n      a...'
flatbuffers,../repos/flatbuffers/src/idl_gen_kotlin_kmp.cpp,"(415, 67)-(427, 10)","b'[&]() {\n          writer += ""arrayOf(\\\\"";\n   ...'"
flatbuffers,../repos/flatbuffers/src/idl_gen_kotlin_kmp.cpp,"(431, 13)-(437, 14)","b'[&]() {\n              writer += ""names[e.valu...'"
flatbuffers,../repos/flatbuffers/src/idl_gen_kotlin_kmp.cpp,"(616, 36)-(616, 75)","b'[&]() { writer += ""reset(i, buffer)""; }'"
flatbuffers,../repos/flatbuffers/src/idl_gen_kotlin_kmp.cpp,"(623, 39)-(686, 8)",b'[&]() {\n        if (!struct_def.fixed) {\n    ...'
flatbuffers,../repos/flatbuffers/src/idl_gen_kotlin_kmp.cpp,"(632, 15)-(632, 51)","b'[&]() { writer += ""VERSION_2_0_8""; }'"
flatbuffers,../repos/flatbuffers/src/idl_gen_kotlin_kmp.cpp,"(704, 23)-(747, 6)",b'[&]() {\n      auto base_type = key_field->val...'
flatbuffers,../repos/flatbuffers/src/idl_gen_kotlin_kmp.cpp,"(764, 9)-(764, 76)","b'[&]() { writer += ""builder.finishSizePrefixed...'"
flatbuffers,../repos/flatbuffers/src/idl_gen_kotlin_kmp.cpp,"(778, 9)-(778, 64)","b'[&]() { writer += ""builder.finish(offset"" + i...'"
flatbuffers,../repos/flatbuffers/src/idl_gen_kotlin_kmp.cpp,"(792, 9)-(804, 10)","b'[&]() {\n          writer += ""val o: "" + retur...'"
flatbuffers,../repos/flatbuffers/src/idl_gen_kotlin_kmp.cpp,"(822, 9)-(830, 10)","b'[&]() {\n          writer += ""builder.startVec...'"
flatbuffers,../repos/flatbuffers/src/idl_gen_kotlin_kmp.cpp,"(845, 9)-(847, 10)","b'[&]() {\n          writer += ""builder.startVec...'"
flatbuffers,../repos/flatbuffers/src/idl_gen_kotlin_kmp.cpp,"(856, 20)-(881, 6)",b'[&]() {\n      auto method = GenMethod(field.v...'
flatbuffers,../repos/flatbuffers/src/idl_gen_kotlin_kmp.cpp,"(899, 9)-(902, 10)","b'[&]() {\n          code += ""builder.startTable...'"
flatbuffers,../repos/flatbuffers/src/idl_gen_kotlin_kmp.cpp,"(948, 11)-(981, 12)","b'[&]() {\n            writer.SetValue(""vec_size...'"
flatbuffers,../repos/flatbuffers/src/idl_gen_kotlin_kmp.cpp,"(995, 9)-(997, 10)","b'[&]() {\n          writer += ""hasIdentifier(bu...'"
flatbuffers,../repos/flatbuffers/src/idl_gen_kotlin_kmp.cpp,"(1034, 64)-(1036, 10)","b'[&]() {\n          writer += ""{{field_name}}({...'"
flatbuffers,../repos/flatbuffers/src/idl_gen_kotlin_kmp.cpp,"(1042, 71)-(1044, 10)","b'[&]() {\n          writer += ""{{field_name}}({...'"
flatbuffers,../repos/flatbuffers/src/idl_gen_kotlin_kmp.cpp,"(1049, 66)-(1052, 12)","b'[&]() {\n            std::string found = ""{{bb...'"
flatbuffers,../repos/flatbuffers/src/idl_gen_kotlin_kmp.cpp,"(1054, 66)-(1059, 12)","b'[&]() {\n            std::string found = ""{{bb...'"
flatbuffers,../repos/flatbuffers/src/idl_gen_kotlin_kmp.cpp,"(1070, 74)-(1072, 20)","b'[&]() {\n                    writer += ""obj.in...'"
flatbuffers,../repos/flatbuffers/src/idl_gen_kotlin_kmp.cpp,"(1086, 74)-(1092, 20)",b'[&]() {\n                    auto fixed = fiel...'
flatbuffers,../repos/flatbuffers/src/idl_gen_kotlin_kmp.cpp,"(1104, 68)-(1107, 14)",b'[&]() {\n              writer += LookupFieldOn...'
flatbuffers,../repos/flatbuffers/src/idl_gen_kotlin_kmp.cpp,"(1128, 73)-(1155, 14)",b'[&]() {\n              auto inline_size = NumT...'
flatbuffers,../repos/flatbuffers/src/idl_gen_kotlin_kmp.cpp,"(1160, 72)-(1163, 18)",b'[&]() {\n                  writer += LookupFie...'
flatbuffers,../repos/flatbuffers/src/idl_gen_kotlin_kmp.cpp,"(1171, 69)-(1173, 10)",b'[&]() {\n          writer += LookupFieldOneLin...'
flatbuffers,../repos/flatbuffers/src/idl_gen_kotlin_kmp.cpp,"(1187, 63)-(1192, 16)",b'[&]() {\n                writer += LookupField...'
flatbuffers,../repos/flatbuffers/src/idl_gen_kotlin_kmp.cpp,"(1196, 63)-(1201, 16)",b'[&]() {\n                writer += LookupField...'
flatbuffers,../repos/flatbuffers/src/idl_gen_kotlin_kmp.cpp,"(1222, 64)-(1225, 14)","b'[&]() {\n              writer.SetValue(""end"", ...'"
flatbuffers,../repos/flatbuffers/src/idl_gen_kotlin_kmp.cpp,"(1238, 65)-(1240, 14)",b'[&]() {\n              writer += nested_method...'
flatbuffers,../repos/flatbuffers/src/idl_gen_kotlin_kmp.cpp,"(1244, 37)-(1247, 14)",b'[&]() {\n              writer += LookupFieldOn...'
flatbuffers,../repos/flatbuffers/src/idl_gen_kotlin_kmp.cpp,"(1257, 11)-(1271, 12)",b'[&]() {\n            if (IsString(key_field->v...'
flatbuffers,../repos/flatbuffers/src/idl_gen_kotlin_kmp.cpp,"(1338, 24)-(1338, 76)","b'[&]() { writer += ""asRoot(buffer, {{gr_name}}...'"
flatbuffers,../repos/flatbuffers/src/idl_gen_kotlin_kmp.cpp,"(1345, 22)-(1348, 10)","b'[&]() {\n          writer +=\n              ""ob...'"
flatbuffers,../repos/flatbuffers/src/idl_gen_kotlin_kmp.cpp,"(1358, 9)-(1361, 10)","b'[&]() {\n          GenStructBody(struct_def, c...'"
flatbuffers,../repos/flatbuffers/src/bfbs_gen_nim.cpp,"(102, 34)-(105, 6)",b'[&](const r::Enum *enum_def) {\n      StartCod...'
flatbuffers,../repos/flatbuffers/src/bfbs_gen_nim.cpp,"(106, 38)-(109, 6)",b'[&](const r::Object *object) {\n      StartCod...'
flatbuffers,../repos/flatbuffers/src/bfbs_gen_nim.cpp,"(175, 32)-(179, 6)",b'[&](const reflection::EnumVal *enum_val) {\n  ...'
flatbuffers,../repos/flatbuffers/src/bfbs_gen_nim.cpp,"(196, 45)-(295, 6)",b'[&](const r::Field *field) {\n      // Skip wr...'
flatbuffers,../repos/flatbuffers/src/bfbs_gen_nim.cpp,"(312, 47)-(340, 8)",b'[&](const r::Field *field) {\n        if (fiel...'
flatbuffers,../repos/flatbuffers/src/bfbs_gen_nim.cpp,"(355, 24)-(357, 10)",b'[&](const flatbuffers::String *str) {\n       ...'
flatbuffers,../repos/flatbuffers/src/bfbs_gen_nim.cpp,"(363, 45)-(372, 6)",b'[&](const r::Field *field) {\n      if (IsStru...'
flatbuffers,../repos/flatbuffers/src/bfbs_gen_nim.cpp,"(384, 44)-(396, 6)",b'[&](const r::Field *field) {\n      const int3...'
flatbuffers,../repos/flatbuffers/src/flatc.cpp,"(263, 12)-(263, 80)","b'[](FlatCOption a, FlatCOption b) { return a.l...'"
flatbuffers,../repos/flatbuffers/src/idl_gen_cpp.cpp,"(2664, 9)-(2664, 65)",b'[](const FieldDef *field) { return !field->de...'
flatbuffers,../repos/flatbuffers/src/idl_gen_cpp.cpp,"(2734, 36)-(2738, 8)",b'[&]() {\n        if (IsStruct(type)) { return ...'
flatbuffers,../repos/flatbuffers/src/idl_gen_cpp.cpp,"(3081, 47)-(3144, 8)",b'[&](const FieldDef *field) {\n        if (fiel...'
flatbuffers,../repos/flatbuffers/src/idl_gen_cpp.cpp,"(3959, 9)-(3959, 67)",b'[](const FieldDef *fd) { return IsArray(fd->v...'
flatbuffers,../repos/flatbuffers/src/idl_gen_ts.cpp,"(780, 24)-(782, 25)",b'[](const EnumVal *ev) {\n                     ...'
flatbuffers,../repos/flatbuffers/src/idl_gen_ts.cpp,"(1001, 36)-(1027, 8)",b'[&](const std::string &accessor_str) {\n      ...'
flatbuffers,../repos/flatbuffers/src/idl_gen_ts.cpp,"(1542, 24)-(1545, 25)",b'[](const FieldDef *f) -> bool {\n             ...'
flatbuffers,../repos/flatbuffers/include/flatbuffers/verifier.h,"(53, 32)-(59, 10)",b'[&] {\n          Options opts;\n          opts....'
flatbuffers,../repos/flatbuffers/include/flatbuffers/flexbuffers.h,"(1193, 27)-(1208, 10)","b'[&](const TwoValue &a, const TwoValue &b) -> ...'"
flatbuffers,../repos/flatbuffers/tests/monster_test.cpp,"(49, 10)-(49, 59)","b'[&](size_t i, Test *s) -> void { *s = tests[i]; }'"
flatbuffers,../repos/flatbuffers/tests/monster_test.cpp,"(72, 11)-(76, 12)","b'[](size_t i, flatbuffers::FlatBufferBuilder *...'"
flatbuffers,../repos/flatbuffers/tests/monster_test.cpp,"(474, 7)-(478, 8)","b'[](void **pointer_adr, flatbuffers::hash_valu...'"
flatbuffers,../repos/flatbuffers/tests/monster_test.cpp,"(480, 7)-(483, 8)",b'[](void *pointer) -> flatbuffers::hash_value_...'
flatbuffers,../repos/flatbuffers/tests/test.cpp,"(252, 20)-(279, 4)",b'[](const Movie *movie) {\n    TEST_EQ(movie->m...'
flatbuffers,../repos/flatbuffers/tests/64bit/test_64bit_generated.h,"(448, 152)-(448, 281)","b'[](std::unique_ptr<WrapperTableT> const &a, s...'"
flatbuffers,../repos/flatbuffers/tests/64bit/test_64bit_generated.h,"(522, 131)-(522, 259)","b'[](size_t i, _VectorArgs *__va) { return Crea...'"
flatbuffers,../repos/flatbuffers/tests/monster_test_generated.h,"(2874, 177)-(2874, 330)",b'[](std::unique_ptr<MyGame::Example::MonsterT>...'
flatbuffers,../repos/flatbuffers/tests/monster_test_generated.h,"(2898, 197)-(2898, 356)",b'[](std::unique_ptr<MyGame::Example::Referrabl...'
flatbuffers,../repos/flatbuffers/tests/monster_test_generated.h,"(2901, 232)-(2901, 391)",b'[](std::unique_ptr<MyGame::Example::Referrabl...'
flatbuffers,../repos/flatbuffers/tests/monster_test_generated.h,"(2911, 212)-(2911, 359)",b'[](std::unique_ptr<MyGame::Example::StatT> co...'
flatbuffers,../repos/flatbuffers/tests/monster_test_generated.h,"(3148, 158)-(3148, 286)","b'[](size_t i, _VectorArgs *__va) { return Crea...'"
flatbuffers,../repos/flatbuffers/tests/monster_test_generated.h,"(3172, 173)-(3172, 308)","b'[](size_t i, _VectorArgs *__va) { return Crea...'"
flatbuffers,../repos/flatbuffers/tests/monster_test_generated.h,"(3174, 142)-(3174, 292)","b'[](size_t i, _VectorArgs *__va) { return __va...'"
flatbuffers,../repos/flatbuffers/tests/monster_test_generated.h,"(3175, 194)-(3175, 336)","b'[](size_t i, _VectorArgs *__va) { return Crea...'"
flatbuffers,../repos/flatbuffers/tests/monster_test_generated.h,"(3177, 157)-(3177, 318)","b'[](size_t i, _VectorArgs *__va) { return __va...'"
flatbuffers,../repos/flatbuffers/tests/monster_test_generated.h,"(3179, 160)-(3179, 316)","b'[](size_t i, _VectorArgs *__va) { return __va...'"
flatbuffers,../repos/flatbuffers/tests/monster_test_generated.h,"(3187, 176)-(3187, 308)","b'[](size_t i, _VectorArgs *__va) { return Crea...'"
flatbuffers,../repos/flatbuffers/tests/native_inline_table_test_generated.h,"(228, 103)-(228, 222)","b'[](size_t i, _VectorArgs *__va) { return Crea...'"
flatbuffers,../repos/flatbuffers/tests/monster_test_suffix/filesuffix_only/monster_test_suffix.h,"(2864, 177)-(2864, 330)",b'[](std::unique_ptr<MyGame::Example::MonsterT>...'
flatbuffers,../repos/flatbuffers/tests/monster_test_suffix/filesuffix_only/monster_test_suffix.h,"(2888, 197)-(2888, 356)",b'[](std::unique_ptr<MyGame::Example::Referrabl...'
flatbuffers,../repos/flatbuffers/tests/monster_test_suffix/filesuffix_only/monster_test_suffix.h,"(2891, 232)-(2891, 391)",b'[](std::unique_ptr<MyGame::Example::Referrabl...'
flatbuffers,../repos/flatbuffers/tests/monster_test_suffix/filesuffix_only/monster_test_suffix.h,"(2901, 212)-(2901, 359)",b'[](std::unique_ptr<MyGame::Example::StatT> co...'
flatbuffers,../repos/flatbuffers/tests/monster_test_suffix/filesuffix_only/monster_test_suffix.h,"(3138, 158)-(3138, 286)","b'[](size_t i, _VectorArgs *__va) { return Crea...'"
flatbuffers,../repos/flatbuffers/tests/monster_test_suffix/filesuffix_only/monster_test_suffix.h,"(3162, 173)-(3162, 308)","b'[](size_t i, _VectorArgs *__va) { return Crea...'"
flatbuffers,../repos/flatbuffers/tests/monster_test_suffix/filesuffix_only/monster_test_suffix.h,"(3164, 142)-(3164, 292)","b'[](size_t i, _VectorArgs *__va) { return __va...'"
flatbuffers,../repos/flatbuffers/tests/monster_test_suffix/filesuffix_only/monster_test_suffix.h,"(3165, 194)-(3165, 336)","b'[](size_t i, _VectorArgs *__va) { return Crea...'"
flatbuffers,../repos/flatbuffers/tests/monster_test_suffix/filesuffix_only/monster_test_suffix.h,"(3167, 157)-(3167, 318)","b'[](size_t i, _VectorArgs *__va) { return __va...'"
flatbuffers,../repos/flatbuffers/tests/monster_test_suffix/filesuffix_only/monster_test_suffix.h,"(3169, 160)-(3169, 316)","b'[](size_t i, _VectorArgs *__va) { return __va...'"
flatbuffers,../repos/flatbuffers/tests/monster_test_suffix/filesuffix_only/monster_test_suffix.h,"(3177, 176)-(3177, 308)","b'[](size_t i, _VectorArgs *__va) { return Crea...'"
flatbuffers,../repos/flatbuffers/tests/monster_test_suffix/monster_test_suffix.hpp,"(2864, 177)-(2864, 330)",b'[](std::unique_ptr<MyGame::Example::MonsterT>...'
flatbuffers,../repos/flatbuffers/tests/monster_test_suffix/monster_test_suffix.hpp,"(2888, 197)-(2888, 356)",b'[](std::unique_ptr<MyGame::Example::Referrabl...'
flatbuffers,../repos/flatbuffers/tests/monster_test_suffix/monster_test_suffix.hpp,"(2891, 232)-(2891, 391)",b'[](std::unique_ptr<MyGame::Example::Referrabl...'
flatbuffers,../repos/flatbuffers/tests/monster_test_suffix/monster_test_suffix.hpp,"(2901, 212)-(2901, 359)",b'[](std::unique_ptr<MyGame::Example::StatT> co...'
flatbuffers,../repos/flatbuffers/tests/monster_test_suffix/monster_test_suffix.hpp,"(3138, 158)-(3138, 286)","b'[](size_t i, _VectorArgs *__va) { return Crea...'"
flatbuffers,../repos/flatbuffers/tests/monster_test_suffix/monster_test_suffix.hpp,"(3162, 173)-(3162, 308)","b'[](size_t i, _VectorArgs *__va) { return Crea...'"
flatbuffers,../repos/flatbuffers/tests/monster_test_suffix/monster_test_suffix.hpp,"(3164, 142)-(3164, 292)","b'[](size_t i, _VectorArgs *__va) { return __va...'"
flatbuffers,../repos/flatbuffers/tests/monster_test_suffix/monster_test_suffix.hpp,"(3165, 194)-(3165, 336)","b'[](size_t i, _VectorArgs *__va) { return Crea...'"
flatbuffers,../repos/flatbuffers/tests/monster_test_suffix/monster_test_suffix.hpp,"(3167, 157)-(3167, 318)","b'[](size_t i, _VectorArgs *__va) { return __va...'"
flatbuffers,../repos/flatbuffers/tests/monster_test_suffix/monster_test_suffix.hpp,"(3169, 160)-(3169, 316)","b'[](size_t i, _VectorArgs *__va) { return __va...'"
flatbuffers,../repos/flatbuffers/tests/monster_test_suffix/monster_test_suffix.hpp,"(3177, 176)-(3177, 308)","b'[](size_t i, _VectorArgs *__va) { return Crea...'"
flatbuffers,../repos/flatbuffers/tests/monster_test_suffix/ext_only/monster_test_generated.hpp,"(2864, 177)-(2864, 330)",b'[](std::unique_ptr<MyGame::Example::MonsterT>...'
flatbuffers,../repos/flatbuffers/tests/monster_test_suffix/ext_only/monster_test_generated.hpp,"(2888, 197)-(2888, 356)",b'[](std::unique_ptr<MyGame::Example::Referrabl...'
flatbuffers,../repos/flatbuffers/tests/monster_test_suffix/ext_only/monster_test_generated.hpp,"(2891, 232)-(2891, 391)",b'[](std::unique_ptr<MyGame::Example::Referrabl...'
flatbuffers,../repos/flatbuffers/tests/monster_test_suffix/ext_only/monster_test_generated.hpp,"(2901, 212)-(2901, 359)",b'[](std::unique_ptr<MyGame::Example::StatT> co...'
flatbuffers,../repos/flatbuffers/tests/monster_test_suffix/ext_only/monster_test_generated.hpp,"(3138, 158)-(3138, 286)","b'[](size_t i, _VectorArgs *__va) { return Crea...'"
flatbuffers,../repos/flatbuffers/tests/monster_test_suffix/ext_only/monster_test_generated.hpp,"(3162, 173)-(3162, 308)","b'[](size_t i, _VectorArgs *__va) { return Crea...'"
flatbuffers,../repos/flatbuffers/tests/monster_test_suffix/ext_only/monster_test_generated.hpp,"(3164, 142)-(3164, 292)","b'[](size_t i, _VectorArgs *__va) { return __va...'"
flatbuffers,../repos/flatbuffers/tests/monster_test_suffix/ext_only/monster_test_generated.hpp,"(3165, 194)-(3165, 336)","b'[](size_t i, _VectorArgs *__va) { return Crea...'"
flatbuffers,../repos/flatbuffers/tests/monster_test_suffix/ext_only/monster_test_generated.hpp,"(3167, 157)-(3167, 318)","b'[](size_t i, _VectorArgs *__va) { return __va...'"
flatbuffers,../repos/flatbuffers/tests/monster_test_suffix/ext_only/monster_test_generated.hpp,"(3169, 160)-(3169, 316)","b'[](size_t i, _VectorArgs *__va) { return __va...'"
flatbuffers,../repos/flatbuffers/tests/monster_test_suffix/ext_only/monster_test_generated.hpp,"(3177, 176)-(3177, 308)","b'[](size_t i, _VectorArgs *__va) { return Crea...'"
flatbuffers,../repos/flatbuffers/tests/cpp17/generated_cpp17/monster_test_generated.h,"(3207, 158)-(3207, 286)","b'[](size_t i, _VectorArgs *__va) { return Crea...'"
flatbuffers,../repos/flatbuffers/tests/cpp17/generated_cpp17/monster_test_generated.h,"(3231, 173)-(3231, 308)","b'[](size_t i, _VectorArgs *__va) { return Crea...'"
flatbuffers,../repos/flatbuffers/tests/cpp17/generated_cpp17/monster_test_generated.h,"(3233, 142)-(3233, 292)","b'[](size_t i, _VectorArgs *__va) { return __va...'"
flatbuffers,../repos/flatbuffers/tests/cpp17/generated_cpp17/monster_test_generated.h,"(3234, 194)-(3234, 336)","b'[](size_t i, _VectorArgs *__va) { return Crea...'"
flatbuffers,../repos/flatbuffers/tests/cpp17/generated_cpp17/monster_test_generated.h,"(3236, 157)-(3236, 318)","b'[](size_t i, _VectorArgs *__va) { return __va...'"
flatbuffers,../repos/flatbuffers/tests/cpp17/generated_cpp17/monster_test_generated.h,"(3238, 160)-(3238, 316)","b'[](size_t i, _VectorArgs *__va) { return __va...'"
flatbuffers,../repos/flatbuffers/tests/cpp17/generated_cpp17/monster_test_generated.h,"(3246, 176)-(3246, 308)","b'[](size_t i, _VectorArgs *__va) { return Crea...'"
flatbuffers,../repos/flatbuffers/tests/cpp17/generated_cpp17/union_vector_generated.h,"(784, 103)-(784, 176)","b'[](size_t i, _VectorArgs *__va) { return __va...'"
flatbuffers,../repos/flatbuffers/tests/cpp17/generated_cpp17/union_vector_generated.h,"(785, 116)-(785, 221)","b'[](size_t i, _VectorArgs *__va) { return __va...'"
flatbuffers,../repos/flatbuffers/tests/cpp17/test_cpp17.cpp,"(199, 3)-(206, 4)",b'[&builder] {\n    auto id_str = builder.Create...'
flatbuffers,../repos/flatbuffers/tests/union_vector/union_vector_generated.h,"(810, 101)-(810, 196)","b'[](size_t i, _VectorArgs *__va) { return stat...'"
flatbuffers,../repos/flatbuffers/tests/union_vector/union_vector_generated.h,"(811, 116)-(811, 221)","b'[](size_t i, _VectorArgs *__va) { return __va...'"
flatbuffers,../repos/flatbuffers/tests/evolution_test.cpp,"(86, 23)-(98, 4)","b'[](const char *ref, const char *test,\n       ...'"
flatbuffers,../repos/flatbuffers/tests/flexbuffers_test.cpp,"(25, 11)-(46, 4)","b'[&]() {\n    slb.Vector(""vec"", [&]() {\n      s...'"
flatbuffers,../repos/flatbuffers/tests/flexbuffers_test.cpp,"(26, 23)-(35, 6)",b'[&]() {\n      slb += -100;  // Equivalent to ...'
flatbuffers,../repos/flatbuffers/tests/flexbuffers_test.cpp,"(43, 22)-(45, 6)","b'[&]() {\n      slb.String(""foo"", ""Fred"");  // ...'"
flatbuffers,../repos/flatbuffers/tests/flexbuffers_test.cpp,"(143, 14)-(149, 4)",b'[&]() {\n    for (int i = 0; i < 130; ++i) slb...'
flatbuffers,../repos/flatbuffers/tests/flexbuffers_test.cpp,"(145, 16)-(148, 6)",b'[&]() {\n      for (int i = 0; i < 130; ++i) s...'
flatbuffers,../repos/flatbuffers/tests/flexbuffers_test.cpp,"(147, 18)-(147, 23)",b'[] {}'
flatbuffers,../repos/flatbuffers/tests/flexbuffers_test.cpp,"(156, 11)-(159, 4)","b'[&]() {\n    slb.Vector(""vec"", [&]() {});\n    ...'"
flatbuffers,../repos/flatbuffers/tests/flexbuffers_test.cpp,"(157, 23)-(157, 31)",b'[&]() {}'
flatbuffers,../repos/flatbuffers/tests/test_builder.h,"(63, 11)-(65, 8)",b'[size](uint8_t *ptr) {\n        flatbuffers::D...'
flatbuffers,../repos/flatbuffers/tests/union_underlying_type_test_generated.h,"(669, 127)-(669, 210)","b'[](size_t i, _VectorArgs *__va) { return __va...'"
flatbuffers,../repos/flatbuffers/tests/union_underlying_type_test_generated.h,"(670, 146)-(670, 261)","b'[](size_t i, _VectorArgs *__va) { return __va...'"
flatbuffers,../repos/flatbuffers/samples/monster_generated.h,"(559, 127)-(559, 276)",b'[](std::unique_ptr<MyGame::Sample::WeaponT> c...'
flatbuffers,../repos/flatbuffers/samples/monster_generated.h,"(630, 126)-(630, 243)","b'[](size_t i, _VectorArgs *__va) { return Crea...'"
flatbuffers,../repos/flatbuffers/grpc/samples/greeter/client.cpp,"(80, 46)-(82, 4)",b'[](const std::string &message) {\n    std::cer...'
