Repo name,File name,Location,Content
flatbuffers,../repos/flatbuffers/src/idl_gen_rust.cpp,"(369, 3)-(404, 4)",b'template<typename T>\n  bool GenerateSymbols(c...'
flatbuffers,../repos/flatbuffers/src/idl_gen_dart.cpp,"(91, 3)-(109, 4)",b'template<typename T>\n  void import_generator(...'
flatbuffers,../repos/flatbuffers/src/namer.h,"(113, 3)-(115, 4)",b'template<typename T> std::string Method(const...'
flatbuffers,../repos/flatbuffers/src/namer.h,"(142, 3)-(145, 4)",b'template<typename T>\n  std::string Variable(c...'
flatbuffers,../repos/flatbuffers/src/namer.h,"(179, 3)-(182, 4)",b'template<typename T>\n  std::string File(const...'
flatbuffers,../repos/flatbuffers/src/code_generators.cpp,"(218, 1)-(233, 2)",b'template<typename T>\nstd::string FloatConstan...'
flatbuffers,../repos/flatbuffers/src/binary_annotator.h,"(54, 1)-(60, 2)",b'template<typename T>\nstatic inline std::strin...'
flatbuffers,../repos/flatbuffers/src/binary_annotator.h,"(310, 3)-(312, 4)",b'template<typename T> inline bool IsValidRead(...'
flatbuffers,../repos/flatbuffers/src/binary_annotator.h,"(324, 3)-(329, 4)",b'template<typename T>\n  flatbuffers::Optional<...'
flatbuffers,../repos/flatbuffers/src/idl_gen_json_schema.cpp,"(33, 1)-(41, 2)",b'template<class T> static std::string GenFullN...'
flatbuffers,../repos/flatbuffers/src/idl_gen_json_schema.cpp,"(43, 1)-(45, 2)",b'template<class T> static std::string GenTypeR...'
flatbuffers,../repos/flatbuffers/src/idl_parser.cpp,"(94, 1)-(97, 2)",b'template<typename T> static std::string TypeT...'
flatbuffers,../repos/flatbuffers/src/idl_parser.cpp,"(100, 1)-(103, 2)",b'template<typename T>\nstatic bool atot_scalar(...'
flatbuffers,../repos/flatbuffers/src/idl_parser.cpp,"(105, 1)-(111, 2)",b'template<typename T>\nstatic bool atot_scalar(...'
flatbuffers,../repos/flatbuffers/src/idl_parser.cpp,"(113, 1)-(122, 2)",b'template<typename T>\nstatic CheckedError atot...'
flatbuffers,../repos/flatbuffers/src/idl_parser.cpp,"(123, 1)-(129, 2)",b'template<>\nCheckedError atot<Offset<void>>(co...'
flatbuffers,../repos/flatbuffers/src/idl_parser.cpp,"(131, 1)-(137, 2)",b'template<>\nCheckedError atot<Offset64<void>>(...'
flatbuffers,../repos/flatbuffers/src/idl_parser.cpp,"(139, 1)-(162, 2)",b'template<typename T>\nstatic T *LookupTableByN...'
flatbuffers,../repos/flatbuffers/src/idl_parser.cpp,"(270, 1)-(288, 2)","b'template<typename T, typename F, typename S>\n...'"
flatbuffers,../repos/flatbuffers/src/idl_parser.cpp,"(290, 1)-(293, 2)",b'template<typename T> static inline void Singl...'
flatbuffers,../repos/flatbuffers/src/idl_parser.cpp,"(306, 1)-(311, 2)",b'template<typename T> static uint64_t EnumDist...'
flatbuffers,../repos/flatbuffers/src/idl_parser.cpp,"(357, 1)-(360, 2)",b'template<typename T> static bool compareName(...'
flatbuffers,../repos/flatbuffers/src/idl_parser.cpp,"(362, 1)-(367, 2)",b'template<typename T> static void AssignIndice...'
flatbuffers,../repos/flatbuffers/src/idl_parser.cpp,"(1451, 1)-(1490, 2)",b'template<typename F>\nCheckedError Parser::Par...'
flatbuffers,../repos/flatbuffers/src/idl_parser.cpp,"(1670, 1)-(1682, 2)",b'template<typename F>\nCheckedError Parser::Par...'
flatbuffers,../repos/flatbuffers/src/idl_parser.cpp,"(2370, 1)-(2372, 2)",b'template<typename T> void EnumDef::ChangeEnum...'
flatbuffers,../repos/flatbuffers/src/idl_parser.cpp,"(2375, 1)-(2377, 3)",b'template<BaseType E> struct EnumValType {\n  t...'
flatbuffers,../repos/flatbuffers/src/idl_parser.cpp,"(2378, 1)-(2380, 3)",b'template<> struct EnumValType<BASE_TYPE_ULONG...'
flatbuffers,../repos/flatbuffers/src/idl_parser.cpp,"(2430, 3)-(2444, 4)","b'template<BaseType E, typename CTYPE>\n  inline...'"
flatbuffers,../repos/flatbuffers/src/reflection.cpp,"(458, 3)-(464, 4)","b'template<typename T, int D>\n  void Straddle(c...'"
flatbuffers,../repos/flatbuffers/src/bfbs_namer.h,"(29, 3)-(33, 4)",b'template<typename T>\n  std::string Denamespac...'
flatbuffers,../repos/flatbuffers/src/bfbs_namer.h,"(35, 3)-(38, 4)",b'template<typename T>\n  std::string Denamespac...'
flatbuffers,../repos/flatbuffers/src/idl_gen_text.cpp,"(33, 1)-(35, 3)",b'template<typename T> struct PrintTag {\n  type...'
flatbuffers,../repos/flatbuffers/src/idl_gen_text.cpp,"(36, 1)-(38, 3)",b'template<> struct PrintTag<const void *> {\n  ...'
flatbuffers,../repos/flatbuffers/src/idl_gen_text.cpp,"(61, 3)-(101, 4)",b'template<typename T>\n  void PrintScalar(T val...'
flatbuffers,../repos/flatbuffers/src/idl_gen_text.cpp,"(109, 3)-(127, 4)","b'template<typename Container, typename SizeT =...'"
flatbuffers,../repos/flatbuffers/src/idl_gen_text.cpp,"(131, 3)-(156, 4)","b'template<typename Container, typename SizeT =...'"
flatbuffers,../repos/flatbuffers/src/idl_gen_text.cpp,"(158, 3)-(166, 4)","b'template<typename T, typename SizeT = uoffset...'"
flatbuffers,../repos/flatbuffers/src/idl_gen_text.cpp,"(169, 3)-(177, 4)",b'template<typename T>\n  const char *PrintArray...'
flatbuffers,../repos/flatbuffers/src/idl_gen_text.cpp,"(247, 3)-(253, 4)",b'template<typename T> static T GetFieldDefault...'
flatbuffers,../repos/flatbuffers/src/idl_gen_text.cpp,"(256, 3)-(274, 4)",b'template<typename T>\n  void GenField(const Fi...'
flatbuffers,../repos/flatbuffers/src/annotated_binary_text_gen.cpp,"(54, 1)-(62, 2)",b'template<typename T> std::string ToString(T v...'
flatbuffers,../repos/flatbuffers/src/annotated_binary_text_gen.cpp,"(64, 1)-(77, 2)",b'template<typename T>\nstd::string ToValueStrin...'
flatbuffers,../repos/flatbuffers/src/annotated_binary_text_gen.cpp,"(79, 1)-(84, 2)",b'template<>\nstd::string ToValueString<std::str...'
flatbuffers,../repos/flatbuffers/src/idl_gen_ts.cpp,"(94, 1)-(94, 68)",b'template<typename T> struct SupportsObjectAPI...'
flatbuffers,../repos/flatbuffers/src/idl_gen_ts.cpp,"(96, 1)-(96, 68)",b'template<> struct SupportsObjectAPI<StructDef...'
flatbuffers,../repos/flatbuffers/src/idl_gen_ts.cpp,"(599, 3)-(601, 4)",b'template<typename T> static std::string Maybe...'
flatbuffers,../repos/flatbuffers/src/idl_gen_ts.cpp,"(603, 3)-(605, 4)",b'template<typename T> static std::string Maybe...'
flatbuffers,../repos/flatbuffers/src/idl_gen_ts.cpp,"(877, 3)-(933, 4)",b'template<typename DefinitionT>\n  ImportDefini...'
flatbuffers,../repos/flatbuffers/include/flatbuffers/buffer.h,"(28, 1)-(37, 3)",b'template<typename T = void> struct Offset {\n ...'
flatbuffers,../repos/flatbuffers/include/flatbuffers/buffer.h,"(40, 1)-(49, 3)",b'template<typename T = void> struct Offset64 {...'
flatbuffers,../repos/flatbuffers/include/flatbuffers/buffer.h,"(63, 1)-(75, 2)",b'template<typename T> FLATBUFFERS_CONSTEXPR si...'
flatbuffers,../repos/flatbuffers/include/flatbuffers/buffer.h,"(93, 1)-(105, 3)",b'template<typename T> struct IndirectHelper {\n...'
flatbuffers,../repos/flatbuffers/include/flatbuffers/buffer.h,"(108, 1)-(135, 3)","b'template<typename T, template<typename> class...'"
flatbuffers,../repos/flatbuffers/include/flatbuffers/buffer.h,"(138, 1)-(151, 3)",b'template<typename T> struct IndirectHelper<co...'
flatbuffers,../repos/flatbuffers/include/flatbuffers/buffer.h,"(175, 1)-(181, 2)",b'template<typename T> T *GetMutableRoot(void *...'
flatbuffers,../repos/flatbuffers/include/flatbuffers/buffer.h,"(183, 1)-(186, 2)","b'template<typename T, typename SizeT = uoffset...'"
flatbuffers,../repos/flatbuffers/include/flatbuffers/buffer.h,"(188, 1)-(190, 2)",b'template<typename T> const T *GetRoot(const v...'
flatbuffers,../repos/flatbuffers/include/flatbuffers/buffer.h,"(192, 1)-(195, 2)","b'template<typename T, typename SizeT = uoffset...'"
flatbuffers,../repos/flatbuffers/include/flatbuffers/idl.h,"(236, 1)-(269, 3)",b'template<typename T> class SymbolTable {\n pub...'
flatbuffers,../repos/flatbuffers/include/flatbuffers/idl.h,"(472, 3)-(472, 69)",b'template<typename T> void ChangeEnumValue(Enu...'
flatbuffers,../repos/flatbuffers/include/flatbuffers/idl.h,"(1086, 3)-(1089, 58)",b'template<typename F>\n  FLATBUFFERS_CHECKED_ER...'
flatbuffers,../repos/flatbuffers/include/flatbuffers/idl.h,"(1095, 3)-(1096, 74)",b'template<typename F>\n  FLATBUFFERS_CHECKED_ER...'
flatbuffers,../repos/flatbuffers/include/flatbuffers/idl.h,"(1166, 3)-(1166, 50)",b'template<typename F> CheckedError Recurse(F f);'
flatbuffers,../repos/flatbuffers/include/flatbuffers/vector.h,"(30, 1)-(121, 3)","b'template<typename T, typename IT, typename Da...'"
flatbuffers,../repos/flatbuffers/include/flatbuffers/vector.h,"(123, 1)-(124, 75)","b'template<typename T, typename IT, typename Si...'"
flatbuffers,../repos/flatbuffers/include/flatbuffers/vector.h,"(126, 1)-(144, 3)",b'template<typename Iterator>\nstruct VectorReve...'
flatbuffers,../repos/flatbuffers/include/flatbuffers/vector.h,"(148, 1)-(302, 3)","b'template<typename T, typename SizeT = uoffset...'"
flatbuffers,../repos/flatbuffers/include/flatbuffers/vector.h,"(185, 3)-(187, 4)",b'template<typename E> E GetEnum(SizeT i) const...'
flatbuffers,../repos/flatbuffers/include/flatbuffers/vector.h,"(191, 3)-(193, 4)",b'template<typename U> const U *GetAs(SizeT i) ...'
flatbuffers,../repos/flatbuffers/include/flatbuffers/vector.h,"(263, 3)-(274, 4)",b'template<typename K> return_type LookupByKey(...'
flatbuffers,../repos/flatbuffers/include/flatbuffers/vector.h,"(276, 3)-(278, 4)",b'template<typename K> mutable_return_type Muta...'
flatbuffers,../repos/flatbuffers/include/flatbuffers/vector.h,"(293, 3)-(301, 4)",b'template<typename K> static int KeyCompare(co...'
flatbuffers,../repos/flatbuffers/include/flatbuffers/vector.h,"(304, 1)-(304, 62)",b'template<typename T> using Vector64 = Vector<...'
flatbuffers,../repos/flatbuffers/include/flatbuffers/vector.h,"(306, 1)-(312, 2)",b'template<class U>\nFLATBUFFERS_CONSTEXPR_CPP11...'
flatbuffers,../repos/flatbuffers/include/flatbuffers/vector.h,"(314, 1)-(320, 2)",b'template<class U>\nFLATBUFFERS_CONSTEXPR_CPP11...'
flatbuffers,../repos/flatbuffers/include/flatbuffers/vector.h,"(322, 1)-(328, 2)",b'template<class U>\nFLATBUFFERS_CONSTEXPR_CPP11...'
flatbuffers,../repos/flatbuffers/include/flatbuffers/vector.h,"(330, 1)-(336, 2)",b'template<class U>\nFLATBUFFERS_CONSTEXPR_CPP11...'
flatbuffers,../repos/flatbuffers/include/flatbuffers/vector.h,"(340, 1)-(346, 2)",b'template<class U>\nFLATBUFFERS_CONSTEXPR_CPP11...'
flatbuffers,../repos/flatbuffers/include/flatbuffers/vector.h,"(348, 1)-(354, 2)",b'template<class U>\nFLATBUFFERS_CONSTEXPR_CPP11...'
flatbuffers,../repos/flatbuffers/include/flatbuffers/vector.h,"(377, 1)-(381, 2)","b'template<typename T, typename U>\nVector<Offse...'"
flatbuffers,../repos/flatbuffers/include/flatbuffers/vector.h,"(383, 1)-(387, 2)","b'template<typename T, typename U>\nconst Vector...'"
flatbuffers,../repos/flatbuffers/include/flatbuffers/vector.h,"(391, 1)-(393, 2)",b'template<typename T> static inline size_t Vec...'
flatbuffers,../repos/flatbuffers/include/flatbuffers/stl_emulation.h,"(71, 3)-(72, 49)",b'template <typename T>\n  using numeric_limits ...'
flatbuffers,../repos/flatbuffers/include/flatbuffers/stl_emulation.h,"(74, 3)-(75, 38)",b'template <typename T> class numeric_limits :\n...'
flatbuffers,../repos/flatbuffers/include/flatbuffers/stl_emulation.h,"(79, 3)-(79, 61)",b'template <typename T> using is_scalar = std::...'
flatbuffers,../repos/flatbuffers/include/flatbuffers/stl_emulation.h,"(80, 3)-(80, 71)","b'template <typename T, typename U> using is_sa...'"
flatbuffers,../repos/flatbuffers/include/flatbuffers/stl_emulation.h,"(81, 3)-(81, 77)",b'template <typename T> using is_floating_point...'
flatbuffers,../repos/flatbuffers/include/flatbuffers/stl_emulation.h,"(82, 3)-(82, 65)",b'template <typename T> using is_unsigned = std...'
flatbuffers,../repos/flatbuffers/include/flatbuffers/stl_emulation.h,"(83, 3)-(83, 57)",b'template <typename T> using is_enum = std::is...'
flatbuffers,../repos/flatbuffers/include/flatbuffers/stl_emulation.h,"(84, 3)-(84, 69)",b'template <typename T> using make_unsigned = s...'
flatbuffers,../repos/flatbuffers/include/flatbuffers/stl_emulation.h,"(85, 3)-(86, 49)","b'template<bool B, class T, class F>\n  using co...'"
flatbuffers,../repos/flatbuffers/include/flatbuffers/stl_emulation.h,"(87, 3)-(88, 58)","b'template<class T, T v>\n  using integral_const...'"
flatbuffers,../repos/flatbuffers/include/flatbuffers/stl_emulation.h,"(89, 3)-(90, 52)",b'template <bool B>\n  using bool_constant = int...'
flatbuffers,../repos/flatbuffers/include/flatbuffers/stl_emulation.h,"(95, 3)-(95, 72)",b'template <typename T> struct is_scalar : publ...'
flatbuffers,../repos/flatbuffers/include/flatbuffers/stl_emulation.h,"(96, 3)-(96, 82)","b'template <typename T, typename U> struct is_s...'"
flatbuffers,../repos/flatbuffers/include/flatbuffers/stl_emulation.h,"(97, 3)-(98, 45)",b'template <typename T> struct is_floating_poin...'
flatbuffers,../repos/flatbuffers/include/flatbuffers/stl_emulation.h,"(99, 3)-(99, 76)",b'template <typename T> struct is_unsigned : pu...'
flatbuffers,../repos/flatbuffers/include/flatbuffers/stl_emulation.h,"(100, 3)-(100, 68)",b'template <typename T> struct is_enum : public...'
flatbuffers,../repos/flatbuffers/include/flatbuffers/stl_emulation.h,"(101, 3)-(101, 80)",b'template <typename T> struct make_unsigned : ...'
flatbuffers,../repos/flatbuffers/include/flatbuffers/stl_emulation.h,"(102, 3)-(103, 60)","b'template<bool B, class T, class F>\n  struct c...'"
flatbuffers,../repos/flatbuffers/include/flatbuffers/stl_emulation.h,"(104, 3)-(105, 69)","b'template<class T, T v>\n  struct integral_cons...'"
flatbuffers,../repos/flatbuffers/include/flatbuffers/stl_emulation.h,"(106, 3)-(107, 63)",b'template <bool B>\n  struct bool_constant : pu...'
flatbuffers,../repos/flatbuffers/include/flatbuffers/stl_emulation.h,"(113, 3)-(113, 60)",b'template <class T> using unique_ptr = std::un...'
flatbuffers,../repos/flatbuffers/include/flatbuffers/stl_emulation.h,"(120, 3)-(137, 5)",b'template <class T> class unique_ptr : public ...'
flatbuffers,../repos/flatbuffers/include/flatbuffers/stl_emulation.h,"(141, 1)-(142, 35)",b'template<class T>\nusing Optional = std::optio...'
flatbuffers,../repos/flatbuffers/include/flatbuffers/stl_emulation.h,"(158, 5)-(160, 7)",b'template <class> struct nullopt_holder {\n    ...'
flatbuffers,../repos/flatbuffers/include/flatbuffers/stl_emulation.h,"(161, 5)-(162, 58)",b'template<class Dummy>\n    constexpr nullopt_t...'
flatbuffers,../repos/flatbuffers/include/flatbuffers/stl_emulation.h,"(168, 5)-(170, 7)",b'template <class> struct nullopt_holder {\n    ...'
flatbuffers,../repos/flatbuffers/include/flatbuffers/stl_emulation.h,"(171, 5)-(172, 70)",b'template<class Dummy>\n    const nullopt_t nul...'
flatbuffers,../repos/flatbuffers/include/flatbuffers/stl_emulation.h,"(178, 1)-(251, 2)",b'template<class T>\nclass Optional FLATBUFFERS_...'
flatbuffers,../repos/flatbuffers/include/flatbuffers/stl_emulation.h,"(253, 1)-(256, 2)",b'template<class T>\nFLATBUFFERS_CONSTEXPR_CPP11...'
flatbuffers,../repos/flatbuffers/include/flatbuffers/stl_emulation.h,"(257, 1)-(260, 2)",b'template<class T>\nFLATBUFFERS_CONSTEXPR_CPP11...'
flatbuffers,../repos/flatbuffers/include/flatbuffers/stl_emulation.h,"(262, 1)-(265, 2)","b'template<class T, class U>\nFLATBUFFERS_CONSTE...'"
flatbuffers,../repos/flatbuffers/include/flatbuffers/stl_emulation.h,"(267, 1)-(270, 2)","b'template<class T, class U>\nFLATBUFFERS_CONSTE...'"
flatbuffers,../repos/flatbuffers/include/flatbuffers/stl_emulation.h,"(272, 1)-(277, 2)","b'template<class T, class U>\nFLATBUFFERS_CONSTE...'"
flatbuffers,../repos/flatbuffers/include/flatbuffers/stl_emulation.h,"(284, 3)-(285, 37)","b'template<class T, std::size_t Extent = std::d...'"
flatbuffers,../repos/flatbuffers/include/flatbuffers/stl_emulation.h,"(299, 3)-(305, 5)","b'template<class To, std::size_t Extent, class ...'"
flatbuffers,../repos/flatbuffers/include/flatbuffers/stl_emulation.h,"(307, 3)-(332, 5)",b'template<typename T>\n  struct SpanIterator {\n...'
flatbuffers,../repos/flatbuffers/include/flatbuffers/stl_emulation.h,"(339, 1)-(471, 2)","b'template<class T, std::size_t Extent = dynami...'"
flatbuffers,../repos/flatbuffers/include/flatbuffers/stl_emulation.h,"(421, 3)-(423, 37)","b'template<std::size_t N = 0,\n    typename inte...'"
flatbuffers,../repos/flatbuffers/include/flatbuffers/stl_emulation.h,"(434, 3)-(436, 59)","b'template<std::size_t N,\n    typename internal...'"
flatbuffers,../repos/flatbuffers/include/flatbuffers/stl_emulation.h,"(439, 3)-(441, 58)","b'template<class U, std::size_t N,\n    typename...'"
flatbuffers,../repos/flatbuffers/include/flatbuffers/stl_emulation.h,"(449, 3)-(451, 64)","b'template<class U, std::size_t N,\n    typename...'"
flatbuffers,../repos/flatbuffers/include/flatbuffers/stl_emulation.h,"(459, 3)-(461, 69)","b'template<class U, std::size_t N,\n    typename...'"
flatbuffers,../repos/flatbuffers/include/flatbuffers/stl_emulation.h,"(475, 1)-(479, 2)","b'template<class ElementType, std::size_t Exten...'"
flatbuffers,../repos/flatbuffers/include/flatbuffers/stl_emulation.h,"(481, 1)-(485, 2)","b'template<class ElementType, std::size_t Exten...'"
flatbuffers,../repos/flatbuffers/include/flatbuffers/stl_emulation.h,"(487, 1)-(491, 2)","b'template<class ElementType, std::size_t Exten...'"
flatbuffers,../repos/flatbuffers/include/flatbuffers/stl_emulation.h,"(493, 1)-(497, 2)","b'template<class ElementType, std::size_t Exten...'"
flatbuffers,../repos/flatbuffers/include/flatbuffers/stl_emulation.h,"(499, 1)-(503, 2)","b'template<class ElementType, std::size_t Exten...'"
flatbuffers,../repos/flatbuffers/include/flatbuffers/stl_emulation.h,"(505, 1)-(509, 2)","b'template<class ElementType, std::size_t Exten...'"
flatbuffers,../repos/flatbuffers/include/flatbuffers/verifier.h,"(92, 3)-(94, 4)",b'template<typename T> bool Verify(const size_t...'
flatbuffers,../repos/flatbuffers/include/flatbuffers/verifier.h,"(107, 3)-(112, 4)",b'template<typename T>\n  bool VerifyField(const...'
flatbuffers,../repos/flatbuffers/include/flatbuffers/verifier.h,"(115, 3)-(117, 4)",b'template<typename T> bool VerifyTable(const T...'
flatbuffers,../repos/flatbuffers/include/flatbuffers/verifier.h,"(120, 3)-(124, 4)","b'template<int &..., typename T, typename LenT>...'"
flatbuffers,../repos/flatbuffers/include/flatbuffers/verifier.h,"(127, 3)-(130, 4)","b'template<int &..., typename T, typename LenT>...'"
flatbuffers,../repos/flatbuffers/include/flatbuffers/verifier.h,"(142, 3)-(157, 4)",b'template<typename LenT = uoffset_t>\n  bool Ve...'
flatbuffers,../repos/flatbuffers/include/flatbuffers/verifier.h,"(170, 3)-(178, 4)",b'template<typename T>\n  bool VerifyVectorOfTab...'
flatbuffers,../repos/flatbuffers/include/flatbuffers/verifier.h,"(198, 3)-(221, 4)",b'template<typename T>\n  bool VerifyBufferFromS...'
flatbuffers,../repos/flatbuffers/include/flatbuffers/verifier.h,"(223, 3)-(237, 4)","b'template<typename T, int &..., typename SizeT...'"
flatbuffers,../repos/flatbuffers/include/flatbuffers/verifier.h,"(240, 3)-(240, 80)",b'template<typename T> bool VerifyBuffer() { re...'
flatbuffers,../repos/flatbuffers/include/flatbuffers/verifier.h,"(242, 3)-(244, 4)",b'template<typename T> bool VerifyBuffer(const ...'
flatbuffers,../repos/flatbuffers/include/flatbuffers/verifier.h,"(246, 3)-(253, 4)","b'template<typename T, typename SizeT = uoffset...'"
flatbuffers,../repos/flatbuffers/include/flatbuffers/verifier.h,"(255, 3)-(267, 4)","b'template<typename OffsetT = uoffset_t, typena...'"
flatbuffers,../repos/flatbuffers/include/flatbuffers/verifier.h,"(269, 3)-(272, 4)",b'template<typename OffsetT = uoffset_t>\n  size...'
flatbuffers,../repos/flatbuffers/include/flatbuffers/verifier.h,"(325, 1)-(328, 2)",b'template<>\ninline size_t Verifier::VerifyOffs...'
flatbuffers,../repos/flatbuffers/include/flatbuffers/array.h,"(30, 1)-(158, 3)","b'template<typename T, uint16_t length> class A...'"
flatbuffers,../repos/flatbuffers/include/flatbuffers/array.h,"(61, 3)-(63, 4)",b'template<typename E> E GetEnum(uoffset_t i) c...'
flatbuffers,../repos/flatbuffers/include/flatbuffers/array.h,"(162, 1)-(185, 3)","b'template<typename T, uint16_t length, templat...'"
flatbuffers,../repos/flatbuffers/include/flatbuffers/array.h,"(187, 1)-(194, 2)","b'template<class U, uint16_t N>\nFLATBUFFERS_CON...'"
flatbuffers,../repos/flatbuffers/include/flatbuffers/array.h,"(196, 1)-(203, 2)","b'template<class U, uint16_t N>\nFLATBUFFERS_CON...'"
flatbuffers,../repos/flatbuffers/include/flatbuffers/array.h,"(205, 1)-(211, 2)","b'template<class U, uint16_t N>\nFLATBUFFERS_CON...'"
flatbuffers,../repos/flatbuffers/include/flatbuffers/array.h,"(213, 1)-(219, 2)","b'template<class U, uint16_t N>\nFLATBUFFERS_CON...'"
flatbuffers,../repos/flatbuffers/include/flatbuffers/array.h,"(224, 1)-(227, 2)","b'template<typename T, uint16_t length>\nArray<T...'"
flatbuffers,../repos/flatbuffers/include/flatbuffers/array.h,"(229, 1)-(232, 2)","b'template<typename T, uint16_t length>\nconst A...'"
flatbuffers,../repos/flatbuffers/include/flatbuffers/array.h,"(234, 1)-(238, 2)","b'template<typename E, typename T, uint16_t len...'"
flatbuffers,../repos/flatbuffers/include/flatbuffers/array.h,"(240, 1)-(244, 2)","b'template<typename E, typename T, uint16_t len...'"
flatbuffers,../repos/flatbuffers/include/flatbuffers/array.h,"(246, 1)-(252, 2)","b'template<typename T, uint16_t length>\nbool op...'"
flatbuffers,../repos/flatbuffers/include/flatbuffers/table.h,"(45, 3)-(48, 4)",b'template<typename T> T GetField(voffset_t fie...'
flatbuffers,../repos/flatbuffers/include/flatbuffers/table.h,"(50, 3)-(56, 4)","b'template<typename P, typename OffsetSize = uo...'"
flatbuffers,../repos/flatbuffers/include/flatbuffers/table.h,"(57, 3)-(60, 4)","b'template<typename P, typename OffsetSize = uo...'"
flatbuffers,../repos/flatbuffers/include/flatbuffers/table.h,"(62, 3)-(64, 4)",b'template<typename P> P GetPointer64(voffset_t...'
flatbuffers,../repos/flatbuffers/include/flatbuffers/table.h,"(66, 3)-(68, 4)",b'template<typename P> P GetPointer64(voffset_t...'
flatbuffers,../repos/flatbuffers/include/flatbuffers/table.h,"(70, 3)-(74, 4)",b'template<typename P> P GetStruct(voffset_t fi...'
flatbuffers,../repos/flatbuffers/include/flatbuffers/table.h,"(76, 3)-(82, 4)","b'template<typename Raw, typename Face>\n  flatb...'"
flatbuffers,../repos/flatbuffers/include/flatbuffers/table.h,"(84, 3)-(89, 4)",b'template<typename T> bool SetField(voffset_t ...'
flatbuffers,../repos/flatbuffers/include/flatbuffers/table.h,"(90, 3)-(95, 4)",b'template<typename T> bool SetField(voffset_t ...'
flatbuffers,../repos/flatbuffers/include/flatbuffers/table.h,"(124, 3)-(132, 4)",b'template<typename T>\n  bool VerifyField(const...'
flatbuffers,../repos/flatbuffers/include/flatbuffers/table.h,"(135, 3)-(141, 4)",b'template<typename T>\n  bool VerifyFieldRequir...'
flatbuffers,../repos/flatbuffers/include/flatbuffers/table.h,"(144, 3)-(148, 4)",b'template<typename OffsetT = uoffset_t>\n  bool...'
flatbuffers,../repos/flatbuffers/include/flatbuffers/table.h,"(150, 3)-(155, 4)",b'template<typename OffsetT = uoffset_t>\n  bool...'
flatbuffers,../repos/flatbuffers/include/flatbuffers/table.h,"(177, 1)-(184, 2)",b'template<>\ninline flatbuffers::Optional<bool>...'
flatbuffers,../repos/flatbuffers/include/flatbuffers/base.h,"(108, 7)-(108, 65)",b'template<class T> inline operator T*() const ...'
flatbuffers,../repos/flatbuffers/include/flatbuffers/base.h,"(295, 3)-(297, 4)",b'template<typename T> FLATBUFFERS_CONSTEXPR in...'
flatbuffers,../repos/flatbuffers/include/flatbuffers/base.h,"(370, 1)-(409, 2)",b'template<typename T> T EndianSwap(T t) {\n  #i...'
flatbuffers,../repos/flatbuffers/include/flatbuffers/base.h,"(416, 1)-(422, 2)",b'template<typename T> T EndianScalar(T t) {\n  ...'
flatbuffers,../repos/flatbuffers/include/flatbuffers/base.h,"(424, 1)-(426, 40)",b'template<typename T>\n// UBSAN: C++ aliasing t...'
flatbuffers,../repos/flatbuffers/include/flatbuffers/base.h,"(438, 1)-(440, 40)",b'template<typename T>\n// UBSAN: C++ aliasing t...'
flatbuffers,../repos/flatbuffers/include/flatbuffers/base.h,"(445, 1)-(445, 36)",b'template<typename T> struct Offset;'
flatbuffers,../repos/flatbuffers/include/flatbuffers/base.h,"(465, 1)-(465, 78)",b'template<typename T> inline bool IsTheSameAs(...'
flatbuffers,../repos/flatbuffers/include/flatbuffers/base.h,"(470, 1)-(472, 2)",b'template<typename T> inline bool IsFloatTheSa...'
flatbuffers,../repos/flatbuffers/include/flatbuffers/base.h,"(473, 1)-(475, 2)",b'template<> inline bool IsTheSameAs<float>(flo...'
flatbuffers,../repos/flatbuffers/include/flatbuffers/base.h,"(476, 1)-(478, 2)",b'template<> inline bool IsTheSameAs<double>(do...'
flatbuffers,../repos/flatbuffers/include/flatbuffers/base.h,"(484, 1)-(487, 2)",b'template<typename T>\ninline bool IsOutRange(c...'
flatbuffers,../repos/flatbuffers/include/flatbuffers/base.h,"(490, 1)-(493, 2)",b'template<typename T>\ninline bool IsInRange(co...'
flatbuffers,../repos/flatbuffers/include/flatbuffers/code_generators.h,"(178, 3)-(179, 65)",b'template<typename T>\n  std::string GenFloatCo...'
flatbuffers,../repos/flatbuffers/include/flatbuffers/minireflect.h,"(108, 1)-(116, 2)",b'template<typename T> const char *EnumName(T t...'
flatbuffers,../repos/flatbuffers/include/flatbuffers/minireflect.h,"(348, 3)-(356, 4)","b'template<typename T> void Named(T x, const ch...'"
flatbuffers,../repos/flatbuffers/include/flatbuffers/flatbuffer_builder.h,"(52, 1)-(58, 2)","b'template<typename T, typename Alloc = std::al...'"
flatbuffers,../repos/flatbuffers/include/flatbuffers/flatbuffer_builder.h,"(59, 1)-(65, 2)","b'template<typename T, typename Alloc = std::al...'"
flatbuffers,../repos/flatbuffers/include/flatbuffers/flatbuffer_builder.h,"(76, 1)-(1422, 3)",b'template<bool Is64Aware = false> class FlatBu...'
flatbuffers,../repos/flatbuffers/include/flatbuffers/flatbuffer_builder.h,"(184, 3)-(195, 4)",b'template<bool is_64 = Is64Aware>\n  // Only en...'
flatbuffers,../repos/flatbuffers/include/flatbuffers/flatbuffer_builder.h,"(197, 3)-(202, 4)",b'template<bool is_64 = Is64Aware>\n  // Only en...'
flatbuffers,../repos/flatbuffers/include/flatbuffers/flatbuffer_builder.h,"(302, 3)-(305, 4)",b'template<typename T> void AssertScalarT() {\n ...'
flatbuffers,../repos/flatbuffers/include/flatbuffers/flatbuffer_builder.h,"(308, 3)-(314, 4)","b'template<typename T, typename ReturnT = uoffs...'"
flatbuffers,../repos/flatbuffers/include/flatbuffers/flatbuffer_builder.h,"(316, 3)-(320, 4)","b'template<typename T, template<typename> class...'"
flatbuffers,../repos/flatbuffers/include/flatbuffers/flatbuffer_builder.h,"(332, 3)-(336, 4)",b'template<typename T> void AddElement(voffset_...'
flatbuffers,../repos/flatbuffers/include/flatbuffers/flatbuffer_builder.h,"(338, 3)-(340, 4)",b'template<typename T> void AddElement(voffset_...'
flatbuffers,../repos/flatbuffers/include/flatbuffers/flatbuffer_builder.h,"(342, 3)-(345, 4)",b'template<typename T> void AddOffset(voffset_t...'
flatbuffers,../repos/flatbuffers/include/flatbuffers/flatbuffer_builder.h,"(347, 3)-(350, 4)",b'template<typename T> void AddOffset(voffset_t...'
flatbuffers,../repos/flatbuffers/include/flatbuffers/flatbuffer_builder.h,"(352, 3)-(357, 4)",b'template<typename T> void AddStruct(voffset_t...'
flatbuffers,../repos/flatbuffers/include/flatbuffers/flatbuffer_builder.h,"(382, 3)-(385, 4)","b'template<typename T, typename T2> T ReferTo(c...'"
flatbuffers,../repos/flatbuffers/include/flatbuffers/flatbuffer_builder.h,"(387, 3)-(390, 4)","b'template<typename T> T ReferTo(const T off, c...'"
flatbuffers,../repos/flatbuffers/include/flatbuffers/flatbuffer_builder.h,"(492, 3)-(498, 4)",b'template<typename T> void Required(Offset<T> ...'
flatbuffers,../repos/flatbuffers/include/flatbuffers/flatbuffer_builder.h,"(523, 3)-(526, 4)",b'template<typename AlignT> void PreAlign(size_...'
flatbuffers,../repos/flatbuffers/include/flatbuffers/flatbuffer_builder.h,"(533, 3)-(538, 4)",b'template<template<typename> class OffsetT = O...'
flatbuffers,../repos/flatbuffers/include/flatbuffers/flatbuffer_builder.h,"(543, 3)-(546, 4)",b'template<template<typename> class OffsetT = O...'
flatbuffers,../repos/flatbuffers/include/flatbuffers/flatbuffer_builder.h,"(551, 3)-(554, 4)",b'template<template<typename> class OffsetT = O...'
flatbuffers,../repos/flatbuffers/include/flatbuffers/flatbuffer_builder.h,"(559, 3)-(562, 4)",b'template<template<typename> class OffsetT = O...'
flatbuffers,../repos/flatbuffers/include/flatbuffers/flatbuffer_builder.h,"(569, 3)-(572, 4)",b'template<template <typename> class OffsetT = ...'
flatbuffers,../repos/flatbuffers/include/flatbuffers/flatbuffer_builder.h,"(579, 3)-(582, 4)",b'template<template<typename> class OffsetT = O...'
flatbuffers,../repos/flatbuffers/include/flatbuffers/flatbuffer_builder.h,"(588, 3)-(594, 4)",b'template<template<typename> class OffsetT = O...'
flatbuffers,../repos/flatbuffers/include/flatbuffers/flatbuffer_builder.h,"(668, 3)-(673, 4)","b'template<typename LenT = uoffset_t, typename ...'"
flatbuffers,../repos/flatbuffers/include/flatbuffers/flatbuffer_builder.h,"(675, 3)-(683, 4)",b'template<template<typename> class OffsetT = O...'
flatbuffers,../repos/flatbuffers/include/flatbuffers/flatbuffer_builder.h,"(685, 3)-(689, 4)","b'template<typename T, template<typename> class...'"
flatbuffers,../repos/flatbuffers/include/flatbuffers/flatbuffer_builder.h,"(703, 3)-(715, 4)",b'template<bool is_64 = Is64Aware>\n  typename s...'
flatbuffers,../repos/flatbuffers/include/flatbuffers/flatbuffer_builder.h,"(735, 3)-(761, 4)","b'template<typename T, template<typename...> cl...'"
flatbuffers,../repos/flatbuffers/include/flatbuffers/flatbuffer_builder.h,"(770, 3)-(772, 4)","b'template<typename T, class C> Offset<Vector<T...'"
flatbuffers,../repos/flatbuffers/include/flatbuffers/flatbuffer_builder.h,"(779, 3)-(782, 4)",b'template<typename T>\n  Offset<Vector<T>> Crea...'
flatbuffers,../repos/flatbuffers/include/flatbuffers/flatbuffer_builder.h,"(784, 3)-(789, 4)",b'template<typename T>\n  Offset<Vector<Offset<T...'
flatbuffers,../repos/flatbuffers/include/flatbuffers/flatbuffer_builder.h,"(797, 3)-(800, 4)","b'template<typename T, typename Alloc = std::al...'"
flatbuffers,../repos/flatbuffers/include/flatbuffers/flatbuffer_builder.h,"(802, 3)-(806, 4)",b'template<template<typename...> class VectorT ...'
flatbuffers,../repos/flatbuffers/include/flatbuffers/flatbuffer_builder.h,"(826, 3)-(833, 4)",b'template<typename T>\n  Offset<Vector<T>> Crea...'
flatbuffers,../repos/flatbuffers/include/flatbuffers/flatbuffer_builder.h,"(846, 3)-(852, 4)","b'template<typename T, typename F, typename S>\n...'"
flatbuffers,../repos/flatbuffers/include/flatbuffers/flatbuffer_builder.h,"(862, 3)-(867, 4)","b'template<typename StringType = std::string,\n ...'"
flatbuffers,../repos/flatbuffers/include/flatbuffers/flatbuffer_builder.h,"(875, 3)-(897, 4)",b'template<class It>\n  Offset<Vector<Offset<Str...'
flatbuffers,../repos/flatbuffers/include/flatbuffers/flatbuffer_builder.h,"(906, 3)-(918, 4)","b'template<typename T, template<typename...> cl...'"
flatbuffers,../repos/flatbuffers/include/flatbuffers/flatbuffer_builder.h,"(928, 3)-(937, 4)",b'template<typename T>\n  Offset<Vector<const T ...'
flatbuffers,../repos/flatbuffers/include/flatbuffers/flatbuffer_builder.h,"(948, 3)-(957, 4)","b'template<typename T, typename F, typename S>\n...'"
flatbuffers,../repos/flatbuffers/include/flatbuffers/flatbuffer_builder.h,"(965, 3)-(971, 4)","b'template<typename T, template<typename...> cl...'"
flatbuffers,../repos/flatbuffers/include/flatbuffers/flatbuffer_builder.h,"(973, 3)-(977, 4)",b'template<template<typename...> class VectorT ...'
flatbuffers,../repos/flatbuffers/include/flatbuffers/flatbuffer_builder.h,"(989, 3)-(996, 4)","b'template<typename T, typename S>\n  Offset<Vec...'"
flatbuffers,../repos/flatbuffers/include/flatbuffers/flatbuffer_builder.h,"(1006, 3)-(1011, 4)","b'template<typename T, typename S>\n  Offset<Vec...'"
flatbuffers,../repos/flatbuffers/include/flatbuffers/flatbuffer_builder.h,"(1023, 3)-(1027, 4)","b'template<typename T, typename S, typename All...'"
flatbuffers,../repos/flatbuffers/include/flatbuffers/flatbuffer_builder.h,"(1037, 3)-(1041, 4)","b'template<typename T, typename S, typename All...'"
flatbuffers,../repos/flatbuffers/include/flatbuffers/flatbuffer_builder.h,"(1044, 3)-(1048, 5)",b'template<typename T> struct StructKeyComparat...'
flatbuffers,../repos/flatbuffers/include/flatbuffers/flatbuffer_builder.h,"(1058, 3)-(1062, 4)","b'template<typename T, typename Alloc = std::al...'"
flatbuffers,../repos/flatbuffers/include/flatbuffers/flatbuffer_builder.h,"(1072, 3)-(1076, 4)","b'template<typename T, typename S, typename All...'"
flatbuffers,../repos/flatbuffers/include/flatbuffers/flatbuffer_builder.h,"(1086, 3)-(1090, 4)",b'template<typename T>\n  Offset<Vector<const T ...'
flatbuffers,../repos/flatbuffers/include/flatbuffers/flatbuffer_builder.h,"(1101, 3)-(1109, 4)","b'template<typename T, typename S>\n  Offset<Vec...'"
flatbuffers,../repos/flatbuffers/include/flatbuffers/flatbuffer_builder.h,"(1112, 3)-(1125, 5)",b'template<typename T> struct TableKeyComparato...'
flatbuffers,../repos/flatbuffers/include/flatbuffers/flatbuffer_builder.h,"(1136, 3)-(1141, 4)",b'template<typename T>\n  Offset<Vector<Offset<T...'
flatbuffers,../repos/flatbuffers/include/flatbuffers/flatbuffer_builder.h,"(1150, 3)-(1154, 4)","b'template<typename T, typename Alloc = std::al...'"
flatbuffers,../repos/flatbuffers/include/flatbuffers/flatbuffer_builder.h,"(1188, 3)-(1193, 4)",b'template<typename T>\n  Offset<Vector<T>> Crea...'
flatbuffers,../repos/flatbuffers/include/flatbuffers/flatbuffer_builder.h,"(1195, 3)-(1200, 4)",b'template<typename T>\n  Offset<Vector<const T ...'
flatbuffers,../repos/flatbuffers/include/flatbuffers/flatbuffer_builder.h,"(1205, 3)-(1212, 4)","b'template<typename T, typename U>\n  Offset<Vec...'"
flatbuffers,../repos/flatbuffers/include/flatbuffers/flatbuffer_builder.h,"(1215, 3)-(1221, 4)",b'template<typename T> Offset<const T *> Create...'
flatbuffers,../repos/flatbuffers/include/flatbuffers/flatbuffer_builder.h,"(1226, 3)-(1229, 4)",b'template<typename T>\n  void Finish(Offset<T> ...'
flatbuffers,../repos/flatbuffers/include/flatbuffers/flatbuffer_builder.h,"(1238, 3)-(1242, 4)",b'template<typename T>\n  void FinishSizePrefixe...'
flatbuffers,../repos/flatbuffers/include/flatbuffers/flatbuffer_builder.h,"(1384, 3)-(1388, 4)","b'template<typename T, template<typename> class...'"
flatbuffers,../repos/flatbuffers/include/flatbuffers/flatbuffer_builder.h,"(1392, 3)-(1398, 4)","b'template<typename T, template<typename> class...'"
flatbuffers,../repos/flatbuffers/include/flatbuffers/flatbuffer_builder.h,"(1400, 3)-(1406, 4)",b'template<typename T>\n  typename std::enable_i...'
flatbuffers,../repos/flatbuffers/include/flatbuffers/flatbuffer_builder.h,"(1410, 3)-(1421, 4)",b'template<typename T>\n  typename std::enable_i...'
flatbuffers,../repos/flatbuffers/include/flatbuffers/flatbuffer_builder.h,"(1432, 1)-(1440, 2)",b'template<>\ntemplate<>\ninline Offset64<String>...'
flatbuffers,../repos/flatbuffers/include/flatbuffers/flatbuffer_builder.h,"(1433, 1)-(1440, 2)",b'template<>\ninline Offset64<String> FlatBuffer...'
flatbuffers,../repos/flatbuffers/include/flatbuffers/flatbuffer_builder.h,"(1443, 1)-(1443, 51)",b'template<typename T = void> struct EmptyOffset {};'
flatbuffers,../repos/flatbuffers/include/flatbuffers/flatbuffer_builder.h,"(1446, 1)-(1452, 2)",b'template<>\ntemplate<>\ninline void FlatBufferB...'
flatbuffers,../repos/flatbuffers/include/flatbuffers/flatbuffer_builder.h,"(1447, 1)-(1452, 2)",b'template<>\ninline void FlatBufferBuilder64::S...'
flatbuffers,../repos/flatbuffers/include/flatbuffers/flatbuffer_builder.h,"(1454, 1)-(1460, 2)",b'template<>\ntemplate<>\ninline void FlatBufferB...'
flatbuffers,../repos/flatbuffers/include/flatbuffers/flatbuffer_builder.h,"(1455, 1)-(1460, 2)",b'template<>\ninline void FlatBufferBuilder64::S...'
flatbuffers,../repos/flatbuffers/include/flatbuffers/flatbuffer_builder.h,"(1465, 1)-(1469, 2)",b'template<typename T>\nT *GetMutableTemporaryPo...'
flatbuffers,../repos/flatbuffers/include/flatbuffers/flatbuffer_builder.h,"(1471, 1)-(1474, 2)",b'template<typename T>\nconst T *GetTemporaryPoi...'
flatbuffers,../repos/flatbuffers/include/flatbuffers/struct.h,"(34, 3)-(36, 4)",b'template<typename T> T GetStruct(uoffset_t o)...'
flatbuffers,../repos/flatbuffers/include/flatbuffers/hash.h,"(27, 1)-(30, 3)",b'template<typename T> struct FnvTraits {\n  sta...'
flatbuffers,../repos/flatbuffers/include/flatbuffers/hash.h,"(32, 1)-(35, 3)",b'template<> struct FnvTraits<uint32_t> {\n  sta...'
flatbuffers,../repos/flatbuffers/include/flatbuffers/hash.h,"(37, 1)-(40, 3)",b'template<> struct FnvTraits<uint64_t> {\n  sta...'
flatbuffers,../repos/flatbuffers/include/flatbuffers/hash.h,"(42, 1)-(49, 2)",b'template<typename T> T HashFnv1(const char *i...'
flatbuffers,../repos/flatbuffers/include/flatbuffers/hash.h,"(51, 1)-(58, 2)",b'template<typename T> T HashFnv1a(const char *...'
flatbuffers,../repos/flatbuffers/include/flatbuffers/hash.h,"(60, 1)-(63, 2)",b'template<> inline uint16_t HashFnv1<uint16_t>...'
flatbuffers,../repos/flatbuffers/include/flatbuffers/hash.h,"(65, 1)-(68, 2)",b'template<> inline uint16_t HashFnv1a<uint16_t...'
flatbuffers,../repos/flatbuffers/include/flatbuffers/hash.h,"(70, 1)-(75, 3)",b'template<typename T> struct NamedHashFunction...'
flatbuffers,../repos/flatbuffers/include/flatbuffers/buffer_ref.h,"(30, 1)-(49, 3)",b'template<typename T> struct BufferRef : Buffe...'
flatbuffers,../repos/flatbuffers/include/flatbuffers/reflection.h,"(109, 1)-(112, 2)",b'template<typename T> T GetFieldDefaultI(const...'
flatbuffers,../repos/flatbuffers/include/flatbuffers/reflection.h,"(115, 1)-(118, 2)",b'template<typename T> T GetFieldDefaultF(const...'
flatbuffers,../repos/flatbuffers/include/flatbuffers/reflection.h,"(121, 1)-(126, 2)",b'template<typename T>\nT GetFieldI(const Table ...'
flatbuffers,../repos/flatbuffers/include/flatbuffers/reflection.h,"(129, 1)-(134, 2)",b'template<typename T>\nT GetFieldF(const Table ...'
flatbuffers,../repos/flatbuffers/include/flatbuffers/reflection.h,"(144, 1)-(149, 2)",b'template<typename T>\nVector<T> *GetFieldV(con...'
flatbuffers,../repos/flatbuffers/include/flatbuffers/reflection.h,"(263, 1)-(267, 2)",b'template<typename T>\nT *GetAnyVectorElemPoint...'
flatbuffers,../repos/flatbuffers/include/flatbuffers/reflection.h,"(274, 1)-(278, 2)",b'template<typename T>\nT *GetAnyVectorElemAddre...'
flatbuffers,../repos/flatbuffers/include/flatbuffers/reflection.h,"(281, 1)-(284, 2)",b'template<typename T>\nT *GetAnyFieldAddressOf(...'
flatbuffers,../repos/flatbuffers/include/flatbuffers/reflection.h,"(287, 1)-(290, 2)",b'template<typename T>\nT *GetAnyFieldAddressOf(...'
flatbuffers,../repos/flatbuffers/include/flatbuffers/reflection.h,"(301, 1)-(314, 2)",b'template<typename T>\nbool SetField(Table *tab...'
flatbuffers,../repos/flatbuffers/include/flatbuffers/reflection.h,"(394, 1)-(410, 3)","b'template<typename T, typename U> class pointe...'"
flatbuffers,../repos/flatbuffers/include/flatbuffers/reflection.h,"(413, 1)-(416, 2)","b'template<typename T, typename U>\npointer_insi...'"
flatbuffers,../repos/flatbuffers/include/flatbuffers/reflection.h,"(453, 1)-(471, 2)",b'template<typename T>\nvoid ResizeVector(const ...'
flatbuffers,../repos/flatbuffers/include/flatbuffers/flatbuffers.h,"(79, 1)-(82, 2)",b'template<typename SizeT = uoffset_t>\ninline S...'
flatbuffers,../repos/flatbuffers/include/flatbuffers/flatbuffers.h,"(90, 1)-(93, 2)",b'template<typename SizeT = uoffset_t>\ninline S...'
flatbuffers,../repos/flatbuffers/include/flatbuffers/flatbuffers.h,"(120, 1)-(125, 2)",b'template<typename T>\nbool IsFieldPresent(cons...'
flatbuffers,../repos/flatbuffers/include/flatbuffers/flexbuffers.h,"(138, 1)-(147, 2)","b'template<typename R, typename T1, typename T2...'"
flatbuffers,../repos/flatbuffers/include/flatbuffers/flexbuffers.h,"(184, 1)-(186, 2)",b'template<typename T> const uint8_t *Indirect(...'
flatbuffers,../repos/flatbuffers/include/flatbuffers/flexbuffers.h,"(368, 1)-(389, 2)",b'template<typename T>\nvoid AppendToString(std:...'
flatbuffers,../repos/flatbuffers/include/flatbuffers/flexbuffers.h,"(391, 1)-(394, 2)",b'template<typename T>\nvoid AppendToString(std:...'
flatbuffers,../repos/flatbuffers/include/flatbuffers/flexbuffers.h,"(711, 3)-(711, 37)",b'template<typename T> T As() const;'
flatbuffers,../repos/flatbuffers/include/flatbuffers/flexbuffers.h,"(794, 3)-(804, 4)",b'template<typename T>\n  bool Mutate(const uint...'
flatbuffers,../repos/flatbuffers/include/flatbuffers/flexbuffers.h,"(806, 3)-(815, 4)",b'template<typename T>\n  bool MutateF(const uin...'
flatbuffers,../repos/flatbuffers/include/flatbuffers/flexbuffers.h,"(826, 1)-(826, 72)",b'template<> inline bool Reference::As<bool>() ...'
flatbuffers,../repos/flatbuffers/include/flatbuffers/flexbuffers.h,"(828, 1)-(828, 76)",b'template<> inline int8_t Reference::As<int8_t...'
flatbuffers,../repos/flatbuffers/include/flatbuffers/flexbuffers.h,"(829, 1)-(829, 79)",b'template<> inline int16_t Reference::As<int16...'
flatbuffers,../repos/flatbuffers/include/flatbuffers/flexbuffers.h,"(830, 1)-(830, 79)",b'template<> inline int32_t Reference::As<int32...'
flatbuffers,../repos/flatbuffers/include/flatbuffers/flexbuffers.h,"(831, 1)-(831, 79)",b'template<> inline int64_t Reference::As<int64...'
flatbuffers,../repos/flatbuffers/include/flatbuffers/flexbuffers.h,"(833, 1)-(833, 79)",b'template<> inline uint8_t Reference::As<uint8...'
flatbuffers,../repos/flatbuffers/include/flatbuffers/flexbuffers.h,"(834, 1)-(836, 2)",b'template<> inline uint16_t Reference::As<uint...'
flatbuffers,../repos/flatbuffers/include/flatbuffers/flexbuffers.h,"(837, 1)-(839, 2)",b'template<> inline uint32_t Reference::As<uint...'
flatbuffers,../repos/flatbuffers/include/flatbuffers/flexbuffers.h,"(840, 1)-(842, 2)",b'template<> inline uint64_t Reference::As<uint...'
flatbuffers,../repos/flatbuffers/include/flatbuffers/flexbuffers.h,"(844, 1)-(844, 78)",b'template<> inline double Reference::As<double...'
flatbuffers,../repos/flatbuffers/include/flatbuffers/flexbuffers.h,"(845, 1)-(845, 75)",b'template<> inline float Reference::As<float>(...'
flatbuffers,../repos/flatbuffers/include/flatbuffers/flexbuffers.h,"(847, 1)-(847, 78)",b'template<> inline String Reference::As<String...'
flatbuffers,../repos/flatbuffers/include/flatbuffers/flexbuffers.h,"(848, 1)-(850, 2)",b'template<> inline std::string Reference::As<s...'
flatbuffers,../repos/flatbuffers/include/flatbuffers/flexbuffers.h,"(852, 1)-(852, 72)",b'template<> inline Blob Reference::As<Blob>() ...'
flatbuffers,../repos/flatbuffers/include/flatbuffers/flexbuffers.h,"(853, 1)-(853, 78)",b'template<> inline Vector Reference::As<Vector...'
flatbuffers,../repos/flatbuffers/include/flatbuffers/flexbuffers.h,"(854, 1)-(856, 2)",b'template<> inline TypedVector Reference::As<T...'
flatbuffers,../repos/flatbuffers/include/flatbuffers/flexbuffers.h,"(857, 1)-(859, 2)",b'template<> inline FixedTypedVector Reference:...'
flatbuffers,../repos/flatbuffers/include/flatbuffers/flexbuffers.h,"(860, 1)-(860, 69)",b'template<> inline Map Reference::As<Map>() co...'
flatbuffers,../repos/flatbuffers/include/flatbuffers/flexbuffers.h,"(896, 1)-(901, 2)",b'template<typename T> int KeyCompare(const voi...'
flatbuffers,../repos/flatbuffers/include/flatbuffers/flexbuffers.h,"(1224, 3)-(1228, 4)",b'template<typename F> size_t Vector(F f) {\n   ...'
flatbuffers,../repos/flatbuffers/include/flatbuffers/flexbuffers.h,"(1229, 3)-(1233, 4)","b'template<typename F, typename T> size_t Vecto...'"
flatbuffers,../repos/flatbuffers/include/flatbuffers/flexbuffers.h,"(1234, 3)-(1238, 4)",b'template<typename F> size_t Vector(const char...'
flatbuffers,../repos/flatbuffers/include/flatbuffers/flexbuffers.h,"(1239, 3)-(1244, 4)","b'template<typename F, typename T>\n  size_t Vec...'"
flatbuffers,../repos/flatbuffers/include/flatbuffers/flexbuffers.h,"(1246, 3)-(1255, 4)",b'template<typename T> void Vector(const T *ele...'
flatbuffers,../repos/flatbuffers/include/flatbuffers/flexbuffers.h,"(1256, 3)-(1260, 4)",b'template<typename T>\n  void Vector(const char...'
flatbuffers,../repos/flatbuffers/include/flatbuffers/flexbuffers.h,"(1261, 3)-(1263, 4)",b'template<typename T> void Vector(const std::v...'
flatbuffers,../repos/flatbuffers/include/flatbuffers/flexbuffers.h,"(1265, 3)-(1269, 4)",b'template<typename F> size_t TypedVector(F f) ...'
flatbuffers,../repos/flatbuffers/include/flatbuffers/flexbuffers.h,"(1270, 3)-(1274, 4)","b'template<typename F, typename T> size_t Typed...'"
flatbuffers,../repos/flatbuffers/include/flatbuffers/flexbuffers.h,"(1275, 3)-(1279, 4)",b'template<typename F> size_t TypedVector(const...'
flatbuffers,../repos/flatbuffers/include/flatbuffers/flexbuffers.h,"(1280, 3)-(1285, 4)","b'template<typename F, typename T>\n  size_t Typ...'"
flatbuffers,../repos/flatbuffers/include/flatbuffers/flexbuffers.h,"(1287, 3)-(1294, 4)",b'template<typename T> size_t FixedTypedVector(...'
flatbuffers,../repos/flatbuffers/include/flatbuffers/flexbuffers.h,"(1296, 3)-(1300, 4)",b'template<typename T>\n  size_t FixedTypedVecto...'
flatbuffers,../repos/flatbuffers/include/flatbuffers/flexbuffers.h,"(1302, 3)-(1306, 4)",b'template<typename F> size_t Map(F f) {\n    au...'
flatbuffers,../repos/flatbuffers/include/flatbuffers/flexbuffers.h,"(1307, 3)-(1311, 4)","b'template<typename F, typename T> size_t Map(F...'"
flatbuffers,../repos/flatbuffers/include/flatbuffers/flexbuffers.h,"(1312, 3)-(1316, 4)",b'template<typename F> size_t Map(const char *k...'
flatbuffers,../repos/flatbuffers/include/flatbuffers/flexbuffers.h,"(1317, 3)-(1321, 4)","b'template<typename F, typename T> size_t Map(c...'"
flatbuffers,../repos/flatbuffers/include/flatbuffers/flexbuffers.h,"(1322, 3)-(1327, 4)",b'template<typename T> void Map(const std::map<...'
flatbuffers,../repos/flatbuffers/include/flatbuffers/flexbuffers.h,"(1377, 3)-(1377, 76)",b'template<typename T> void Add(const std::vect...'
flatbuffers,../repos/flatbuffers/include/flatbuffers/flexbuffers.h,"(1379, 3)-(1382, 4)",b'template<typename T> void Add(const char *key...'
flatbuffers,../repos/flatbuffers/include/flatbuffers/flexbuffers.h,"(1384, 3)-(1386, 4)",b'template<typename T> void Add(const std::map<...'
flatbuffers,../repos/flatbuffers/include/flatbuffers/flexbuffers.h,"(1388, 3)-(1388, 63)",b'template<typename T> void operator+=(const T ...'
flatbuffers,../repos/flatbuffers/include/flatbuffers/flexbuffers.h,"(1437, 3)-(1441, 4)","b'template<typename T> void Write(T val, size_t...'"
flatbuffers,../repos/flatbuffers/include/flatbuffers/flexbuffers.h,"(1459, 3)-(1464, 4)","b'template<typename T> void PushIndirect(T val,...'"
flatbuffers,../repos/flatbuffers/include/flatbuffers/flexbuffers.h,"(1476, 3)-(1482, 4)",b'template<typename T> static Type GetScalarTyp...'
flatbuffers,../repos/flatbuffers/include/flatbuffers/flexbuffers.h,"(1580, 3)-(1599, 4)",b'template<typename T>\n  size_t ScalarVector(co...'
flatbuffers,../repos/flatbuffers/include/flatbuffers/util.h,"(93, 1)-(106, 2)",b'template<typename T> size_t IntToDigitCount(T...'
flatbuffers,../repos/flatbuffers/include/flatbuffers/util.h,"(108, 1)-(113, 2)",b'template<typename T> size_t NumToStringWidth(...'
flatbuffers,../repos/flatbuffers/include/flatbuffers/util.h,"(115, 1)-(122, 2)",b'template<typename T>\nstd::string NumToStringI...'
flatbuffers,../repos/flatbuffers/include/flatbuffers/util.h,"(128, 1)-(140, 2)",b'template<typename T> std::string NumToString(...'
flatbuffers,../repos/flatbuffers/include/flatbuffers/util.h,"(142, 1)-(144, 2)",b'template<> inline std::string NumToString<sig...'
flatbuffers,../repos/flatbuffers/include/flatbuffers/util.h,"(145, 1)-(147, 2)",b'template<> inline std::string NumToString<uns...'
flatbuffers,../repos/flatbuffers/include/flatbuffers/util.h,"(148, 1)-(150, 2)",b'template<> inline std::string NumToString<cha...'
flatbuffers,../repos/flatbuffers/include/flatbuffers/util.h,"(153, 1)-(178, 2)",b'template<typename T> std::string FloatToStrin...'
flatbuffers,../repos/flatbuffers/include/flatbuffers/util.h,"(180, 1)-(182, 2)",b'template<> inline std::string NumToString<dou...'
flatbuffers,../repos/flatbuffers/include/flatbuffers/util.h,"(183, 1)-(185, 2)",b'template<> inline std::string NumToString<flo...'
flatbuffers,../repos/flatbuffers/include/flatbuffers/util.h,"(282, 1)-(307, 2)",b'template<typename T>\ninline bool StringToInte...'
flatbuffers,../repos/flatbuffers/include/flatbuffers/util.h,"(309, 1)-(319, 2)",b'template<typename T>\ninline bool StringToFloa...'
flatbuffers,../repos/flatbuffers/include/flatbuffers/util.h,"(327, 1)-(352, 2)",b'template<typename T> inline bool StringToNumb...'
flatbuffers,../repos/flatbuffers/include/flatbuffers/util.h,"(354, 1)-(356, 2)",b'template<> inline bool StringToNumber<int64_t...'
flatbuffers,../repos/flatbuffers/include/flatbuffers/util.h,"(358, 1)-(378, 2)",b'template<>\ninline bool StringToNumber<uint64_...'
flatbuffers,../repos/flatbuffers/include/flatbuffers/util.h,"(380, 1)-(382, 2)",b'template<> inline bool StringToNumber(const c...'
flatbuffers,../repos/flatbuffers/include/flatbuffers/util.h,"(384, 1)-(386, 2)",b'template<> inline bool StringToNumber(const c...'
flatbuffers,../repos/flatbuffers/include/flatbuffers/vector_downward.h,"(35, 1)-(285, 3)",b'template<typename SizeT = uoffset_t> class ve...'
flatbuffers,../repos/flatbuffers/include/flatbuffers/vector_downward.h,"(200, 3)-(203, 4)",b'template<typename T> void push_small(const T ...'
flatbuffers,../repos/flatbuffers/include/flatbuffers/vector_downward.h,"(205, 3)-(209, 4)",b'template<typename T> void scratch_push_small(...'
flatbuffers,../repos/flatbuffers/include/flatbuffers/grpc.h,"(33, 1)-(67, 3)",b'template<class T> class Message {\n public:\n  ...'
flatbuffers,../repos/flatbuffers/include/flatbuffers/grpc.h,"(224, 3)-(244, 4)",b'template<class T> Message<T> GetMessage() {\n ...'
flatbuffers,../repos/flatbuffers/include/flatbuffers/grpc.h,"(246, 3)-(250, 4)",b'template<class T> Message<T> ReleaseMessage()...'
flatbuffers,../repos/flatbuffers/include/flatbuffers/grpc.h,"(261, 1)-(295, 3)",b'template<class T> class SerializationTraits<f...'
flatbuffers,../repos/flatbuffers/tests/util_test.cpp,"(10, 1)-(22, 2)",b'template<typename T>\nvoid NumericUtilsTestInt...'
flatbuffers,../repos/flatbuffers/tests/util_test.cpp,"(24, 1)-(34, 2)",b'template<typename T>\nvoid NumericUtilsTestFlo...'
flatbuffers,../repos/flatbuffers/tests/evolution_test/evolution_v2_generated.h,"(105, 1)-(107, 3)",b'template<typename T> struct UnionTraits {\n  s...'
flatbuffers,../repos/flatbuffers/tests/evolution_test/evolution_v2_generated.h,"(109, 1)-(111, 3)",b'template<> struct UnionTraits<Evolution::V2::...'
flatbuffers,../repos/flatbuffers/tests/evolution_test/evolution_v2_generated.h,"(113, 1)-(115, 3)",b'template<> struct UnionTraits<Evolution::V2::...'
flatbuffers,../repos/flatbuffers/tests/evolution_test/evolution_v2_generated.h,"(117, 1)-(119, 3)",b'template<> struct UnionTraits<Evolution::V2::...'
flatbuffers,../repos/flatbuffers/tests/evolution_test/evolution_v2_generated.h,"(366, 3)-(366, 46)",b'template<typename T> const T *c_as() const;'
flatbuffers,../repos/flatbuffers/tests/evolution_test/evolution_v2_generated.h,"(423, 1)-(425, 2)",b'template<> inline const Evolution::V2::TableA...'
flatbuffers,../repos/flatbuffers/tests/evolution_test/evolution_v2_generated.h,"(427, 1)-(429, 2)",b'template<> inline const Evolution::V2::TableB...'
flatbuffers,../repos/flatbuffers/tests/evolution_test/evolution_v2_generated.h,"(431, 1)-(433, 2)",b'template<> inline const Evolution::V2::TableC...'
flatbuffers,../repos/flatbuffers/tests/evolution_test/evolution_v1_generated.h,"(93, 1)-(95, 3)",b'template<typename T> struct UnionTraits {\n  s...'
flatbuffers,../repos/flatbuffers/tests/evolution_test/evolution_v1_generated.h,"(97, 1)-(99, 3)",b'template<> struct UnionTraits<Evolution::V1::...'
flatbuffers,../repos/flatbuffers/tests/evolution_test/evolution_v1_generated.h,"(101, 1)-(103, 3)",b'template<> struct UnionTraits<Evolution::V1::...'
flatbuffers,../repos/flatbuffers/tests/evolution_test/evolution_v1_generated.h,"(267, 3)-(267, 46)",b'template<typename T> const T *c_as() const;'
flatbuffers,../repos/flatbuffers/tests/evolution_test/evolution_v1_generated.h,"(298, 3)-(298, 46)",b'template<typename T> const T *j_as() const;'
flatbuffers,../repos/flatbuffers/tests/evolution_test/evolution_v1_generated.h,"(329, 1)-(331, 2)",b'template<> inline const Evolution::V1::TableA...'
flatbuffers,../repos/flatbuffers/tests/evolution_test/evolution_v1_generated.h,"(333, 1)-(335, 2)",b'template<> inline const Evolution::V1::TableB...'
flatbuffers,../repos/flatbuffers/tests/evolution_test/evolution_v1_generated.h,"(337, 1)-(339, 2)",b'template<> inline const Evolution::V1::TableA...'
flatbuffers,../repos/flatbuffers/tests/evolution_test/evolution_v1_generated.h,"(341, 1)-(343, 2)",b'template<> inline const Evolution::V1::TableB...'
flatbuffers,../repos/flatbuffers/tests/test.cpp,"(1114, 1)-(1126, 2)",b'template<typename T> void EmbeddedSchemaAcces...'
flatbuffers,../repos/flatbuffers/tests/test.cpp,"(1232, 1)-(1252, 2)","b'template<class T, class Container>\nvoid TestI...'"
flatbuffers,../repos/flatbuffers/tests/monster_test_generated.h,"(272, 1)-(274, 3)",b'template<typename T> struct AnyTraits {\n  sta...'
flatbuffers,../repos/flatbuffers/tests/monster_test_generated.h,"(276, 1)-(278, 3)",b'template<> struct AnyTraits<MyGame::Example::...'
flatbuffers,../repos/flatbuffers/tests/monster_test_generated.h,"(280, 1)-(282, 3)",b'template<> struct AnyTraits<MyGame::Example::...'
flatbuffers,../repos/flatbuffers/tests/monster_test_generated.h,"(284, 1)-(286, 3)",b'template<> struct AnyTraits<MyGame::Example2:...'
flatbuffers,../repos/flatbuffers/tests/monster_test_generated.h,"(288, 1)-(290, 3)",b'template<typename T> struct AnyUnionTraits {\n...'
flatbuffers,../repos/flatbuffers/tests/monster_test_generated.h,"(292, 1)-(294, 3)",b'template<> struct AnyUnionTraits<MyGame::Exam...'
flatbuffers,../repos/flatbuffers/tests/monster_test_generated.h,"(296, 1)-(298, 3)",b'template<> struct AnyUnionTraits<MyGame::Exam...'
flatbuffers,../repos/flatbuffers/tests/monster_test_generated.h,"(300, 1)-(302, 3)",b'template<> struct AnyUnionTraits<MyGame::Exam...'
flatbuffers,../repos/flatbuffers/tests/monster_test_generated.h,"(321, 3)-(329, 4)",b'template <typename T>\n  void Set(T&& val) {\n ...'
flatbuffers,../repos/flatbuffers/tests/monster_test_generated.h,"(428, 1)-(430, 3)",b'template<typename T> struct AnyUniqueAliasesT...'
flatbuffers,../repos/flatbuffers/tests/monster_test_generated.h,"(432, 1)-(434, 3)",b'template<> struct AnyUniqueAliasesTraits<MyGa...'
flatbuffers,../repos/flatbuffers/tests/monster_test_generated.h,"(436, 1)-(438, 3)",b'template<> struct AnyUniqueAliasesTraits<MyGa...'
flatbuffers,../repos/flatbuffers/tests/monster_test_generated.h,"(440, 1)-(442, 3)",b'template<> struct AnyUniqueAliasesTraits<MyGa...'
flatbuffers,../repos/flatbuffers/tests/monster_test_generated.h,"(444, 1)-(446, 3)",b'template<typename T> struct AnyUniqueAliasesU...'
flatbuffers,../repos/flatbuffers/tests/monster_test_generated.h,"(448, 1)-(450, 3)",b'template<> struct AnyUniqueAliasesUnionTraits...'
flatbuffers,../repos/flatbuffers/tests/monster_test_generated.h,"(452, 1)-(454, 3)",b'template<> struct AnyUniqueAliasesUnionTraits...'
flatbuffers,../repos/flatbuffers/tests/monster_test_generated.h,"(456, 1)-(458, 3)",b'template<> struct AnyUniqueAliasesUnionTraits...'
flatbuffers,../repos/flatbuffers/tests/monster_test_generated.h,"(477, 3)-(485, 4)",b'template <typename T>\n  void Set(T&& val) {\n ...'
flatbuffers,../repos/flatbuffers/tests/monster_test_generated.h,"(1453, 3)-(1453, 49)",b'template<typename T> const T *test_as() const;'
flatbuffers,../repos/flatbuffers/tests/monster_test_generated.h,"(1688, 3)-(1688, 55)",b'template<typename T> const T *any_unique_as()...'
flatbuffers,../repos/flatbuffers/tests/monster_test_generated.h,"(1920, 1)-(1922, 2)",b'template<> inline const MyGame::Example::Mons...'
flatbuffers,../repos/flatbuffers/tests/monster_test_generated.h,"(1924, 1)-(1926, 2)",b'template<> inline const MyGame::Example::Test...'
flatbuffers,../repos/flatbuffers/tests/monster_test_generated.h,"(1928, 1)-(1930, 2)",b'template<> inline const MyGame::Example2::Mon...'
flatbuffers,../repos/flatbuffers/tests/monster_test_generated.h,"(1932, 1)-(1934, 2)",b'template<> inline const MyGame::Example::Mons...'
flatbuffers,../repos/flatbuffers/tests/monster_test_generated.h,"(1936, 1)-(1938, 2)",b'template<> inline const MyGame::Example::Test...'
flatbuffers,../repos/flatbuffers/tests/monster_test_generated.h,"(1940, 1)-(1942, 2)",b'template<> inline const MyGame::Example2::Mon...'
flatbuffers,../repos/flatbuffers/tests/is_quiet_nan.h,"(13, 1)-(18, 2)","b'template<typename T, typename U, U qnan_base>...'"
flatbuffers,../repos/flatbuffers/tests/fuzz_test.cpp,"(23, 1)-(28, 2)",b'template<typename T>\nstatic void CompareTable...'
flatbuffers,../repos/flatbuffers/tests/namespace_test/namespace_test1_generated.h,"(64, 1)-(66, 3)",b'template<typename T> struct UnionInNestedNSTr...'
flatbuffers,../repos/flatbuffers/tests/namespace_test/namespace_test1_generated.h,"(68, 1)-(70, 3)",b'template<> struct UnionInNestedNSTraits<Names...'
flatbuffers,../repos/flatbuffers/tests/namespace_test/namespace_test1_generated.h,"(72, 1)-(74, 3)",b'template<typename T> struct UnionInNestedNSUn...'
flatbuffers,../repos/flatbuffers/tests/namespace_test/namespace_test1_generated.h,"(76, 1)-(78, 3)",b'template<> struct UnionInNestedNSUnionTraits<...'
flatbuffers,../repos/flatbuffers/tests/namespace_test/namespace_test1_generated.h,"(97, 3)-(105, 4)",b'template <typename T>\n  void Set(T&& val) {\n ...'
flatbuffers,../repos/flatbuffers/tests/namespace_test/namespace_test2_generated.h,"(116, 3)-(116, 54)",b'template<typename T> const T *foo_union_as() ...'
flatbuffers,../repos/flatbuffers/tests/namespace_test/namespace_test2_generated.h,"(145, 1)-(147, 2)",b'template<> inline const NamespaceA::Namespace...'
flatbuffers,../repos/flatbuffers/tests/fuzzer/flatbuffers_64bit_fuzzer.cc,"(26, 1)-(29, 2)","b'template<typename T, typename = std::enable_i...'"
flatbuffers,../repos/flatbuffers/tests/fuzzer/flatbuffers_64bit_fuzzer.cc,"(49, 1)-(53, 2)",b'template<typename T> uint64_t Hash(const Vect...'
flatbuffers,../repos/flatbuffers/tests/fuzzer/flatbuffers_64bit_fuzzer.cc,"(55, 1)-(59, 2)",b'template<typename T> uint64_t Hash(const Vect...'
flatbuffers,../repos/flatbuffers/tests/monster_test_suffix/filesuffix_only/monster_test_suffix.h,"(269, 1)-(271, 3)",b'template<typename T> struct AnyTraits {\n  sta...'
flatbuffers,../repos/flatbuffers/tests/monster_test_suffix/filesuffix_only/monster_test_suffix.h,"(273, 1)-(275, 3)",b'template<> struct AnyTraits<MyGame::Example::...'
flatbuffers,../repos/flatbuffers/tests/monster_test_suffix/filesuffix_only/monster_test_suffix.h,"(277, 1)-(279, 3)",b'template<> struct AnyTraits<MyGame::Example::...'
flatbuffers,../repos/flatbuffers/tests/monster_test_suffix/filesuffix_only/monster_test_suffix.h,"(281, 1)-(283, 3)",b'template<> struct AnyTraits<MyGame::Example2:...'
flatbuffers,../repos/flatbuffers/tests/monster_test_suffix/filesuffix_only/monster_test_suffix.h,"(285, 1)-(287, 3)",b'template<typename T> struct AnyUnionTraits {\n...'
flatbuffers,../repos/flatbuffers/tests/monster_test_suffix/filesuffix_only/monster_test_suffix.h,"(289, 1)-(291, 3)",b'template<> struct AnyUnionTraits<MyGame::Exam...'
flatbuffers,../repos/flatbuffers/tests/monster_test_suffix/filesuffix_only/monster_test_suffix.h,"(293, 1)-(295, 3)",b'template<> struct AnyUnionTraits<MyGame::Exam...'
flatbuffers,../repos/flatbuffers/tests/monster_test_suffix/filesuffix_only/monster_test_suffix.h,"(297, 1)-(299, 3)",b'template<> struct AnyUnionTraits<MyGame::Exam...'
flatbuffers,../repos/flatbuffers/tests/monster_test_suffix/filesuffix_only/monster_test_suffix.h,"(318, 3)-(326, 4)",b'template <typename T>\n  void Set(T&& val) {\n ...'
flatbuffers,../repos/flatbuffers/tests/monster_test_suffix/filesuffix_only/monster_test_suffix.h,"(425, 1)-(427, 3)",b'template<typename T> struct AnyUniqueAliasesT...'
flatbuffers,../repos/flatbuffers/tests/monster_test_suffix/filesuffix_only/monster_test_suffix.h,"(429, 1)-(431, 3)",b'template<> struct AnyUniqueAliasesTraits<MyGa...'
flatbuffers,../repos/flatbuffers/tests/monster_test_suffix/filesuffix_only/monster_test_suffix.h,"(433, 1)-(435, 3)",b'template<> struct AnyUniqueAliasesTraits<MyGa...'
flatbuffers,../repos/flatbuffers/tests/monster_test_suffix/filesuffix_only/monster_test_suffix.h,"(437, 1)-(439, 3)",b'template<> struct AnyUniqueAliasesTraits<MyGa...'
flatbuffers,../repos/flatbuffers/tests/monster_test_suffix/filesuffix_only/monster_test_suffix.h,"(441, 1)-(443, 3)",b'template<typename T> struct AnyUniqueAliasesU...'
flatbuffers,../repos/flatbuffers/tests/monster_test_suffix/filesuffix_only/monster_test_suffix.h,"(445, 1)-(447, 3)",b'template<> struct AnyUniqueAliasesUnionTraits...'
flatbuffers,../repos/flatbuffers/tests/monster_test_suffix/filesuffix_only/monster_test_suffix.h,"(449, 1)-(451, 3)",b'template<> struct AnyUniqueAliasesUnionTraits...'
flatbuffers,../repos/flatbuffers/tests/monster_test_suffix/filesuffix_only/monster_test_suffix.h,"(453, 1)-(455, 3)",b'template<> struct AnyUniqueAliasesUnionTraits...'
flatbuffers,../repos/flatbuffers/tests/monster_test_suffix/filesuffix_only/monster_test_suffix.h,"(474, 3)-(482, 4)",b'template <typename T>\n  void Set(T&& val) {\n ...'
flatbuffers,../repos/flatbuffers/tests/monster_test_suffix/filesuffix_only/monster_test_suffix.h,"(1444, 3)-(1444, 49)",b'template<typename T> const T *test_as() const;'
flatbuffers,../repos/flatbuffers/tests/monster_test_suffix/filesuffix_only/monster_test_suffix.h,"(1679, 3)-(1679, 55)",b'template<typename T> const T *any_unique_as()...'
flatbuffers,../repos/flatbuffers/tests/monster_test_suffix/filesuffix_only/monster_test_suffix.h,"(1911, 1)-(1913, 2)",b'template<> inline const MyGame::Example::Mons...'
flatbuffers,../repos/flatbuffers/tests/monster_test_suffix/filesuffix_only/monster_test_suffix.h,"(1915, 1)-(1917, 2)",b'template<> inline const MyGame::Example::Test...'
flatbuffers,../repos/flatbuffers/tests/monster_test_suffix/filesuffix_only/monster_test_suffix.h,"(1919, 1)-(1921, 2)",b'template<> inline const MyGame::Example2::Mon...'
flatbuffers,../repos/flatbuffers/tests/monster_test_suffix/filesuffix_only/monster_test_suffix.h,"(1923, 1)-(1925, 2)",b'template<> inline const MyGame::Example::Mons...'
flatbuffers,../repos/flatbuffers/tests/monster_test_suffix/filesuffix_only/monster_test_suffix.h,"(1927, 1)-(1929, 2)",b'template<> inline const MyGame::Example::Test...'
flatbuffers,../repos/flatbuffers/tests/monster_test_suffix/filesuffix_only/monster_test_suffix.h,"(1931, 1)-(1933, 2)",b'template<> inline const MyGame::Example2::Mon...'
flatbuffers,../repos/flatbuffers/tests/monster_test_suffix/filesuffix_only/monster_test.grpc.fb.h,"(152, 3)-(171, 5)",b'template <class BaseClass>\n  class WithAsyncM...'
flatbuffers,../repos/flatbuffers/tests/monster_test_suffix/filesuffix_only/monster_test.grpc.fb.h,"(172, 3)-(191, 5)",b'template <class BaseClass>\n  class WithAsyncM...'
flatbuffers,../repos/flatbuffers/tests/monster_test_suffix/filesuffix_only/monster_test.grpc.fb.h,"(192, 3)-(211, 5)",b'template <class BaseClass>\n  class WithAsyncM...'
flatbuffers,../repos/flatbuffers/tests/monster_test_suffix/filesuffix_only/monster_test.grpc.fb.h,"(212, 3)-(231, 5)",b'template <class BaseClass>\n  class WithAsyncM...'
flatbuffers,../repos/flatbuffers/tests/monster_test_suffix/filesuffix_only/monster_test.grpc.fb.h,"(233, 3)-(249, 5)",b'template <class BaseClass>\n  class WithGeneri...'
flatbuffers,../repos/flatbuffers/tests/monster_test_suffix/filesuffix_only/monster_test.grpc.fb.h,"(250, 3)-(266, 5)",b'template <class BaseClass>\n  class WithGeneri...'
flatbuffers,../repos/flatbuffers/tests/monster_test_suffix/filesuffix_only/monster_test.grpc.fb.h,"(267, 3)-(283, 5)",b'template <class BaseClass>\n  class WithGeneri...'
flatbuffers,../repos/flatbuffers/tests/monster_test_suffix/filesuffix_only/monster_test.grpc.fb.h,"(284, 3)-(300, 5)",b'template <class BaseClass>\n  class WithGeneri...'
flatbuffers,../repos/flatbuffers/tests/monster_test_suffix/filesuffix_only/monster_test.grpc.fb.h,"(301, 3)-(320, 5)",b'template <class BaseClass>\n  class WithStream...'
flatbuffers,../repos/flatbuffers/tests/monster_test_suffix/filesuffix_only/monster_test.grpc.fb.h,"(322, 3)-(341, 5)",b'template <class BaseClass>\n  class WithSplitS...'
flatbuffers,../repos/flatbuffers/tests/monster_test_suffix/monster_test_suffix.hpp,"(269, 1)-(271, 3)",b'template<typename T> struct AnyTraits {\n  sta...'
flatbuffers,../repos/flatbuffers/tests/monster_test_suffix/monster_test_suffix.hpp,"(273, 1)-(275, 3)",b'template<> struct AnyTraits<MyGame::Example::...'
flatbuffers,../repos/flatbuffers/tests/monster_test_suffix/monster_test_suffix.hpp,"(277, 1)-(279, 3)",b'template<> struct AnyTraits<MyGame::Example::...'
flatbuffers,../repos/flatbuffers/tests/monster_test_suffix/monster_test_suffix.hpp,"(281, 1)-(283, 3)",b'template<> struct AnyTraits<MyGame::Example2:...'
flatbuffers,../repos/flatbuffers/tests/monster_test_suffix/monster_test_suffix.hpp,"(285, 1)-(287, 3)",b'template<typename T> struct AnyUnionTraits {\n...'
flatbuffers,../repos/flatbuffers/tests/monster_test_suffix/monster_test_suffix.hpp,"(289, 1)-(291, 3)",b'template<> struct AnyUnionTraits<MyGame::Exam...'
flatbuffers,../repos/flatbuffers/tests/monster_test_suffix/monster_test_suffix.hpp,"(293, 1)-(295, 3)",b'template<> struct AnyUnionTraits<MyGame::Exam...'
flatbuffers,../repos/flatbuffers/tests/monster_test_suffix/monster_test_suffix.hpp,"(297, 1)-(299, 3)",b'template<> struct AnyUnionTraits<MyGame::Exam...'
flatbuffers,../repos/flatbuffers/tests/monster_test_suffix/monster_test_suffix.hpp,"(318, 3)-(326, 4)",b'template <typename T>\n  void Set(T&& val) {\n ...'
flatbuffers,../repos/flatbuffers/tests/monster_test_suffix/monster_test_suffix.hpp,"(425, 1)-(427, 3)",b'template<typename T> struct AnyUniqueAliasesT...'
flatbuffers,../repos/flatbuffers/tests/monster_test_suffix/monster_test_suffix.hpp,"(429, 1)-(431, 3)",b'template<> struct AnyUniqueAliasesTraits<MyGa...'
flatbuffers,../repos/flatbuffers/tests/monster_test_suffix/monster_test_suffix.hpp,"(433, 1)-(435, 3)",b'template<> struct AnyUniqueAliasesTraits<MyGa...'
flatbuffers,../repos/flatbuffers/tests/monster_test_suffix/monster_test_suffix.hpp,"(437, 1)-(439, 3)",b'template<> struct AnyUniqueAliasesTraits<MyGa...'
flatbuffers,../repos/flatbuffers/tests/monster_test_suffix/monster_test_suffix.hpp,"(441, 1)-(443, 3)",b'template<typename T> struct AnyUniqueAliasesU...'
flatbuffers,../repos/flatbuffers/tests/monster_test_suffix/monster_test_suffix.hpp,"(445, 1)-(447, 3)",b'template<> struct AnyUniqueAliasesUnionTraits...'
flatbuffers,../repos/flatbuffers/tests/monster_test_suffix/monster_test_suffix.hpp,"(449, 1)-(451, 3)",b'template<> struct AnyUniqueAliasesUnionTraits...'
flatbuffers,../repos/flatbuffers/tests/monster_test_suffix/monster_test_suffix.hpp,"(453, 1)-(455, 3)",b'template<> struct AnyUniqueAliasesUnionTraits...'
flatbuffers,../repos/flatbuffers/tests/monster_test_suffix/monster_test_suffix.hpp,"(474, 3)-(482, 4)",b'template <typename T>\n  void Set(T&& val) {\n ...'
flatbuffers,../repos/flatbuffers/tests/monster_test_suffix/monster_test_suffix.hpp,"(1444, 3)-(1444, 49)",b'template<typename T> const T *test_as() const;'
flatbuffers,../repos/flatbuffers/tests/monster_test_suffix/monster_test_suffix.hpp,"(1679, 3)-(1679, 55)",b'template<typename T> const T *any_unique_as()...'
flatbuffers,../repos/flatbuffers/tests/monster_test_suffix/monster_test_suffix.hpp,"(1911, 1)-(1913, 2)",b'template<> inline const MyGame::Example::Mons...'
flatbuffers,../repos/flatbuffers/tests/monster_test_suffix/monster_test_suffix.hpp,"(1915, 1)-(1917, 2)",b'template<> inline const MyGame::Example::Test...'
flatbuffers,../repos/flatbuffers/tests/monster_test_suffix/monster_test_suffix.hpp,"(1919, 1)-(1921, 2)",b'template<> inline const MyGame::Example2::Mon...'
flatbuffers,../repos/flatbuffers/tests/monster_test_suffix/monster_test_suffix.hpp,"(1923, 1)-(1925, 2)",b'template<> inline const MyGame::Example::Mons...'
flatbuffers,../repos/flatbuffers/tests/monster_test_suffix/monster_test_suffix.hpp,"(1927, 1)-(1929, 2)",b'template<> inline const MyGame::Example::Test...'
flatbuffers,../repos/flatbuffers/tests/monster_test_suffix/monster_test_suffix.hpp,"(1931, 1)-(1933, 2)",b'template<> inline const MyGame::Example2::Mon...'
flatbuffers,../repos/flatbuffers/tests/monster_test_suffix/ext_only/monster_test.grpc.fb.h,"(152, 3)-(171, 5)",b'template <class BaseClass>\n  class WithAsyncM...'
flatbuffers,../repos/flatbuffers/tests/monster_test_suffix/ext_only/monster_test.grpc.fb.h,"(172, 3)-(191, 5)",b'template <class BaseClass>\n  class WithAsyncM...'
flatbuffers,../repos/flatbuffers/tests/monster_test_suffix/ext_only/monster_test.grpc.fb.h,"(192, 3)-(211, 5)",b'template <class BaseClass>\n  class WithAsyncM...'
flatbuffers,../repos/flatbuffers/tests/monster_test_suffix/ext_only/monster_test.grpc.fb.h,"(212, 3)-(231, 5)",b'template <class BaseClass>\n  class WithAsyncM...'
flatbuffers,../repos/flatbuffers/tests/monster_test_suffix/ext_only/monster_test.grpc.fb.h,"(233, 3)-(249, 5)",b'template <class BaseClass>\n  class WithGeneri...'
flatbuffers,../repos/flatbuffers/tests/monster_test_suffix/ext_only/monster_test.grpc.fb.h,"(250, 3)-(266, 5)",b'template <class BaseClass>\n  class WithGeneri...'
flatbuffers,../repos/flatbuffers/tests/monster_test_suffix/ext_only/monster_test.grpc.fb.h,"(267, 3)-(283, 5)",b'template <class BaseClass>\n  class WithGeneri...'
flatbuffers,../repos/flatbuffers/tests/monster_test_suffix/ext_only/monster_test.grpc.fb.h,"(284, 3)-(300, 5)",b'template <class BaseClass>\n  class WithGeneri...'
flatbuffers,../repos/flatbuffers/tests/monster_test_suffix/ext_only/monster_test.grpc.fb.h,"(301, 3)-(320, 5)",b'template <class BaseClass>\n  class WithStream...'
flatbuffers,../repos/flatbuffers/tests/monster_test_suffix/ext_only/monster_test.grpc.fb.h,"(322, 3)-(341, 5)",b'template <class BaseClass>\n  class WithSplitS...'
flatbuffers,../repos/flatbuffers/tests/monster_test_suffix/ext_only/monster_test_generated.hpp,"(269, 1)-(271, 3)",b'template<typename T> struct AnyTraits {\n  sta...'
flatbuffers,../repos/flatbuffers/tests/monster_test_suffix/ext_only/monster_test_generated.hpp,"(273, 1)-(275, 3)",b'template<> struct AnyTraits<MyGame::Example::...'
flatbuffers,../repos/flatbuffers/tests/monster_test_suffix/ext_only/monster_test_generated.hpp,"(277, 1)-(279, 3)",b'template<> struct AnyTraits<MyGame::Example::...'
flatbuffers,../repos/flatbuffers/tests/monster_test_suffix/ext_only/monster_test_generated.hpp,"(281, 1)-(283, 3)",b'template<> struct AnyTraits<MyGame::Example2:...'
flatbuffers,../repos/flatbuffers/tests/monster_test_suffix/ext_only/monster_test_generated.hpp,"(285, 1)-(287, 3)",b'template<typename T> struct AnyUnionTraits {\n...'
flatbuffers,../repos/flatbuffers/tests/monster_test_suffix/ext_only/monster_test_generated.hpp,"(289, 1)-(291, 3)",b'template<> struct AnyUnionTraits<MyGame::Exam...'
flatbuffers,../repos/flatbuffers/tests/monster_test_suffix/ext_only/monster_test_generated.hpp,"(293, 1)-(295, 3)",b'template<> struct AnyUnionTraits<MyGame::Exam...'
flatbuffers,../repos/flatbuffers/tests/monster_test_suffix/ext_only/monster_test_generated.hpp,"(297, 1)-(299, 3)",b'template<> struct AnyUnionTraits<MyGame::Exam...'
flatbuffers,../repos/flatbuffers/tests/monster_test_suffix/ext_only/monster_test_generated.hpp,"(318, 3)-(326, 4)",b'template <typename T>\n  void Set(T&& val) {\n ...'
flatbuffers,../repos/flatbuffers/tests/monster_test_suffix/ext_only/monster_test_generated.hpp,"(425, 1)-(427, 3)",b'template<typename T> struct AnyUniqueAliasesT...'
flatbuffers,../repos/flatbuffers/tests/monster_test_suffix/ext_only/monster_test_generated.hpp,"(429, 1)-(431, 3)",b'template<> struct AnyUniqueAliasesTraits<MyGa...'
flatbuffers,../repos/flatbuffers/tests/monster_test_suffix/ext_only/monster_test_generated.hpp,"(433, 1)-(435, 3)",b'template<> struct AnyUniqueAliasesTraits<MyGa...'
flatbuffers,../repos/flatbuffers/tests/monster_test_suffix/ext_only/monster_test_generated.hpp,"(437, 1)-(439, 3)",b'template<> struct AnyUniqueAliasesTraits<MyGa...'
flatbuffers,../repos/flatbuffers/tests/monster_test_suffix/ext_only/monster_test_generated.hpp,"(441, 1)-(443, 3)",b'template<typename T> struct AnyUniqueAliasesU...'
flatbuffers,../repos/flatbuffers/tests/monster_test_suffix/ext_only/monster_test_generated.hpp,"(445, 1)-(447, 3)",b'template<> struct AnyUniqueAliasesUnionTraits...'
flatbuffers,../repos/flatbuffers/tests/monster_test_suffix/ext_only/monster_test_generated.hpp,"(449, 1)-(451, 3)",b'template<> struct AnyUniqueAliasesUnionTraits...'
flatbuffers,../repos/flatbuffers/tests/monster_test_suffix/ext_only/monster_test_generated.hpp,"(453, 1)-(455, 3)",b'template<> struct AnyUniqueAliasesUnionTraits...'
flatbuffers,../repos/flatbuffers/tests/monster_test_suffix/ext_only/monster_test_generated.hpp,"(474, 3)-(482, 4)",b'template <typename T>\n  void Set(T&& val) {\n ...'
flatbuffers,../repos/flatbuffers/tests/monster_test_suffix/ext_only/monster_test_generated.hpp,"(1444, 3)-(1444, 49)",b'template<typename T> const T *test_as() const;'
flatbuffers,../repos/flatbuffers/tests/monster_test_suffix/ext_only/monster_test_generated.hpp,"(1679, 3)-(1679, 55)",b'template<typename T> const T *any_unique_as()...'
flatbuffers,../repos/flatbuffers/tests/monster_test_suffix/ext_only/monster_test_generated.hpp,"(1911, 1)-(1913, 2)",b'template<> inline const MyGame::Example::Mons...'
flatbuffers,../repos/flatbuffers/tests/monster_test_suffix/ext_only/monster_test_generated.hpp,"(1915, 1)-(1917, 2)",b'template<> inline const MyGame::Example::Test...'
flatbuffers,../repos/flatbuffers/tests/monster_test_suffix/ext_only/monster_test_generated.hpp,"(1919, 1)-(1921, 2)",b'template<> inline const MyGame::Example2::Mon...'
flatbuffers,../repos/flatbuffers/tests/monster_test_suffix/ext_only/monster_test_generated.hpp,"(1923, 1)-(1925, 2)",b'template<> inline const MyGame::Example::Mons...'
flatbuffers,../repos/flatbuffers/tests/monster_test_suffix/ext_only/monster_test_generated.hpp,"(1927, 1)-(1929, 2)",b'template<> inline const MyGame::Example::Test...'
flatbuffers,../repos/flatbuffers/tests/monster_test_suffix/ext_only/monster_test_generated.hpp,"(1931, 1)-(1933, 2)",b'template<> inline const MyGame::Example2::Mon...'
flatbuffers,../repos/flatbuffers/tests/monster_test_suffix/monster_test.grpc.fb.h,"(152, 3)-(171, 5)",b'template <class BaseClass>\n  class WithAsyncM...'
flatbuffers,../repos/flatbuffers/tests/monster_test_suffix/monster_test.grpc.fb.h,"(172, 3)-(191, 5)",b'template <class BaseClass>\n  class WithAsyncM...'
flatbuffers,../repos/flatbuffers/tests/monster_test_suffix/monster_test.grpc.fb.h,"(192, 3)-(211, 5)",b'template <class BaseClass>\n  class WithAsyncM...'
flatbuffers,../repos/flatbuffers/tests/monster_test_suffix/monster_test.grpc.fb.h,"(212, 3)-(231, 5)",b'template <class BaseClass>\n  class WithAsyncM...'
flatbuffers,../repos/flatbuffers/tests/monster_test_suffix/monster_test.grpc.fb.h,"(233, 3)-(249, 5)",b'template <class BaseClass>\n  class WithGeneri...'
flatbuffers,../repos/flatbuffers/tests/monster_test_suffix/monster_test.grpc.fb.h,"(250, 3)-(266, 5)",b'template <class BaseClass>\n  class WithGeneri...'
flatbuffers,../repos/flatbuffers/tests/monster_test_suffix/monster_test.grpc.fb.h,"(267, 3)-(283, 5)",b'template <class BaseClass>\n  class WithGeneri...'
flatbuffers,../repos/flatbuffers/tests/monster_test_suffix/monster_test.grpc.fb.h,"(284, 3)-(300, 5)",b'template <class BaseClass>\n  class WithGeneri...'
flatbuffers,../repos/flatbuffers/tests/monster_test_suffix/monster_test.grpc.fb.h,"(301, 3)-(320, 5)",b'template <class BaseClass>\n  class WithStream...'
flatbuffers,../repos/flatbuffers/tests/monster_test_suffix/monster_test.grpc.fb.h,"(322, 3)-(341, 5)",b'template <class BaseClass>\n  class WithSplitS...'
flatbuffers,../repos/flatbuffers/tests/parser_test.cpp,"(465, 1)-(494, 2)",b'template<typename T>\nT TestValue(const char *...'
flatbuffers,../repos/flatbuffers/tests/cpp17/generated_cpp17/monster_test_generated.h,"(238, 1)-(240, 3)",b'template<typename T> struct AnyTraits {\n  sta...'
flatbuffers,../repos/flatbuffers/tests/cpp17/generated_cpp17/monster_test_generated.h,"(242, 1)-(244, 3)",b'template<> struct AnyTraits<MyGame::Example::...'
flatbuffers,../repos/flatbuffers/tests/cpp17/generated_cpp17/monster_test_generated.h,"(246, 1)-(248, 3)",b'template<> struct AnyTraits<MyGame::Example::...'
flatbuffers,../repos/flatbuffers/tests/cpp17/generated_cpp17/monster_test_generated.h,"(250, 1)-(252, 3)",b'template<> struct AnyTraits<MyGame::Example2:...'
flatbuffers,../repos/flatbuffers/tests/cpp17/generated_cpp17/monster_test_generated.h,"(254, 1)-(256, 3)",b'template<typename T> struct AnyUnionTraits {\n...'
flatbuffers,../repos/flatbuffers/tests/cpp17/generated_cpp17/monster_test_generated.h,"(258, 1)-(260, 3)",b'template<> struct AnyUnionTraits<MyGame::Exam...'
flatbuffers,../repos/flatbuffers/tests/cpp17/generated_cpp17/monster_test_generated.h,"(262, 1)-(264, 3)",b'template<> struct AnyUnionTraits<MyGame::Exam...'
flatbuffers,../repos/flatbuffers/tests/cpp17/generated_cpp17/monster_test_generated.h,"(266, 1)-(268, 3)",b'template<> struct AnyUnionTraits<MyGame::Exam...'
flatbuffers,../repos/flatbuffers/tests/cpp17/generated_cpp17/monster_test_generated.h,"(287, 3)-(295, 4)",b'template <typename T>\n  void Set(T&& val) {\n ...'
flatbuffers,../repos/flatbuffers/tests/cpp17/generated_cpp17/monster_test_generated.h,"(365, 1)-(367, 3)",b'template<typename T> struct AnyUniqueAliasesT...'
flatbuffers,../repos/flatbuffers/tests/cpp17/generated_cpp17/monster_test_generated.h,"(369, 1)-(371, 3)",b'template<> struct AnyUniqueAliasesTraits<MyGa...'
flatbuffers,../repos/flatbuffers/tests/cpp17/generated_cpp17/monster_test_generated.h,"(373, 1)-(375, 3)",b'template<> struct AnyUniqueAliasesTraits<MyGa...'
flatbuffers,../repos/flatbuffers/tests/cpp17/generated_cpp17/monster_test_generated.h,"(377, 1)-(379, 3)",b'template<> struct AnyUniqueAliasesTraits<MyGa...'
flatbuffers,../repos/flatbuffers/tests/cpp17/generated_cpp17/monster_test_generated.h,"(381, 1)-(383, 3)",b'template<typename T> struct AnyUniqueAliasesU...'
flatbuffers,../repos/flatbuffers/tests/cpp17/generated_cpp17/monster_test_generated.h,"(385, 1)-(387, 3)",b'template<> struct AnyUniqueAliasesUnionTraits...'
flatbuffers,../repos/flatbuffers/tests/cpp17/generated_cpp17/monster_test_generated.h,"(389, 1)-(391, 3)",b'template<> struct AnyUniqueAliasesUnionTraits...'
flatbuffers,../repos/flatbuffers/tests/cpp17/generated_cpp17/monster_test_generated.h,"(393, 1)-(395, 3)",b'template<> struct AnyUniqueAliasesUnionTraits...'
flatbuffers,../repos/flatbuffers/tests/cpp17/generated_cpp17/monster_test_generated.h,"(414, 3)-(422, 4)",b'template <typename T>\n  void Set(T&& val) {\n ...'
flatbuffers,../repos/flatbuffers/tests/cpp17/generated_cpp17/monster_test_generated.h,"(576, 3)-(581, 4)",b'template<size_t Index>\n  auto get_field() con...'
flatbuffers,../repos/flatbuffers/tests/cpp17/generated_cpp17/monster_test_generated.h,"(594, 3)-(595, 71)",b'template<size_t Index>\n  using FieldType = de...'
flatbuffers,../repos/flatbuffers/tests/cpp17/generated_cpp17/monster_test_generated.h,"(679, 3)-(688, 4)",b'template<size_t Index>\n  auto get_field() con...'
flatbuffers,../repos/flatbuffers/tests/cpp17/generated_cpp17/monster_test_generated.h,"(705, 3)-(706, 71)",b'template<size_t Index>\n  using FieldType = de...'
flatbuffers,../repos/flatbuffers/tests/cpp17/generated_cpp17/monster_test_generated.h,"(745, 3)-(750, 4)",b'template<size_t Index>\n  auto get_field() con...'
flatbuffers,../repos/flatbuffers/tests/cpp17/generated_cpp17/monster_test_generated.h,"(763, 3)-(764, 71)",b'template<size_t Index>\n  using FieldType = de...'
flatbuffers,../repos/flatbuffers/tests/cpp17/generated_cpp17/monster_test_generated.h,"(806, 3)-(812, 4)",b'template<size_t Index>\n  auto get_field() con...'
flatbuffers,../repos/flatbuffers/tests/cpp17/generated_cpp17/monster_test_generated.h,"(826, 3)-(827, 71)",b'template<size_t Index>\n  using FieldType = de...'
flatbuffers,../repos/flatbuffers/tests/cpp17/generated_cpp17/monster_test_generated.h,"(851, 3)-(855, 4)",b'template<size_t Index>\n  auto get_field() con...'
flatbuffers,../repos/flatbuffers/tests/cpp17/generated_cpp17/monster_test_generated.h,"(867, 3)-(868, 71)",b'template<size_t Index>\n  using FieldType = de...'
flatbuffers,../repos/flatbuffers/tests/cpp17/generated_cpp17/monster_test_generated.h,"(1004, 3)-(1008, 4)",b'template<size_t Index>\n  auto get_field() con...'
flatbuffers,../repos/flatbuffers/tests/cpp17/generated_cpp17/monster_test_generated.h,"(1054, 3)-(1055, 71)",b'template<size_t Index>\n  using FieldType = de...'
flatbuffers,../repos/flatbuffers/tests/cpp17/generated_cpp17/monster_test_generated.h,"(1103, 3)-(1109, 4)",b'template<size_t Index>\n  auto get_field() con...'
flatbuffers,../repos/flatbuffers/tests/cpp17/generated_cpp17/monster_test_generated.h,"(1170, 3)-(1171, 71)",b'template<size_t Index>\n  using FieldType = de...'
flatbuffers,../repos/flatbuffers/tests/cpp17/generated_cpp17/monster_test_generated.h,"(1216, 3)-(1220, 4)",b'template<size_t Index>\n  auto get_field() con...'
flatbuffers,../repos/flatbuffers/tests/cpp17/generated_cpp17/monster_test_generated.h,"(1266, 3)-(1267, 71)",b'template<size_t Index>\n  using FieldType = de...'
flatbuffers,../repos/flatbuffers/tests/cpp17/generated_cpp17/monster_test_generated.h,"(1457, 3)-(1457, 49)",b'template<typename T> const T *test_as() const;'
flatbuffers,../repos/flatbuffers/tests/cpp17/generated_cpp17/monster_test_generated.h,"(1692, 3)-(1692, 55)",b'template<typename T> const T *any_unique_as()...'
flatbuffers,../repos/flatbuffers/tests/cpp17/generated_cpp17/monster_test_generated.h,"(1818, 3)-(1882, 4)",b'template<size_t Index>\n  auto get_field() con...'
flatbuffers,../repos/flatbuffers/tests/cpp17/generated_cpp17/monster_test_generated.h,"(1989, 1)-(1991, 2)",b'template<> inline const MyGame::Example::Mons...'
flatbuffers,../repos/flatbuffers/tests/cpp17/generated_cpp17/monster_test_generated.h,"(1993, 1)-(1995, 2)",b'template<> inline const MyGame::Example::Test...'
flatbuffers,../repos/flatbuffers/tests/cpp17/generated_cpp17/monster_test_generated.h,"(1997, 1)-(1999, 2)",b'template<> inline const MyGame::Example2::Mon...'
flatbuffers,../repos/flatbuffers/tests/cpp17/generated_cpp17/monster_test_generated.h,"(2001, 1)-(2003, 2)",b'template<> inline const MyGame::Example::Mons...'
flatbuffers,../repos/flatbuffers/tests/cpp17/generated_cpp17/monster_test_generated.h,"(2005, 1)-(2007, 2)",b'template<> inline const MyGame::Example::Test...'
flatbuffers,../repos/flatbuffers/tests/cpp17/generated_cpp17/monster_test_generated.h,"(2009, 1)-(2011, 2)",b'template<> inline const MyGame::Example2::Mon...'
flatbuffers,../repos/flatbuffers/tests/cpp17/generated_cpp17/monster_test_generated.h,"(2409, 3)-(2410, 71)",b'template<size_t Index>\n  using FieldType = de...'
flatbuffers,../repos/flatbuffers/tests/cpp17/generated_cpp17/monster_test_generated.h,"(2673, 3)-(2688, 4)",b'template<size_t Index>\n  auto get_field() con...'
flatbuffers,../repos/flatbuffers/tests/cpp17/generated_cpp17/monster_test_generated.h,"(2813, 3)-(2814, 71)",b'template<size_t Index>\n  using FieldType = de...'
flatbuffers,../repos/flatbuffers/tests/cpp17/generated_cpp17/optional_scalars_generated.h,"(358, 3)-(397, 4)",b'template<size_t Index>\n  auto get_field() con...'
flatbuffers,../repos/flatbuffers/tests/cpp17/generated_cpp17/optional_scalars_generated.h,"(688, 3)-(689, 71)",b'template<size_t Index>\n  using FieldType = de...'
flatbuffers,../repos/flatbuffers/tests/cpp17/generated_cpp17/union_vector_generated.h,"(197, 1)-(199, 3)",b'template<typename T> struct GadgetTraits {\n  ...'
flatbuffers,../repos/flatbuffers/tests/cpp17/generated_cpp17/union_vector_generated.h,"(201, 1)-(203, 3)",b'template<> struct GadgetTraits<FallingTub> {\n...'
flatbuffers,../repos/flatbuffers/tests/cpp17/generated_cpp17/union_vector_generated.h,"(205, 1)-(207, 3)",b'template<> struct GadgetTraits<HandFan> {\n  s...'
flatbuffers,../repos/flatbuffers/tests/cpp17/generated_cpp17/union_vector_generated.h,"(209, 1)-(211, 3)",b'template<typename T> struct GadgetUnionTraits...'
flatbuffers,../repos/flatbuffers/tests/cpp17/generated_cpp17/union_vector_generated.h,"(213, 1)-(215, 3)",b'template<> struct GadgetUnionTraits<FallingTu...'
flatbuffers,../repos/flatbuffers/tests/cpp17/generated_cpp17/union_vector_generated.h,"(217, 1)-(219, 3)",b'template<> struct GadgetUnionTraits<HandFanT>...'
flatbuffers,../repos/flatbuffers/tests/cpp17/generated_cpp17/union_vector_generated.h,"(238, 3)-(246, 4)",b'template <typename T>\n  void Set(T&& val) {\n ...'
flatbuffers,../repos/flatbuffers/tests/cpp17/generated_cpp17/union_vector_generated.h,"(293, 3)-(297, 4)",b'template<size_t Index>\n  auto get_field() con...'
flatbuffers,../repos/flatbuffers/tests/cpp17/generated_cpp17/union_vector_generated.h,"(309, 3)-(310, 71)",b'template<size_t Index>\n  using FieldType = de...'
flatbuffers,../repos/flatbuffers/tests/cpp17/generated_cpp17/union_vector_generated.h,"(334, 3)-(338, 4)",b'template<size_t Index>\n  auto get_field() con...'
flatbuffers,../repos/flatbuffers/tests/cpp17/generated_cpp17/union_vector_generated.h,"(350, 3)-(351, 71)",b'template<size_t Index>\n  using FieldType = de...'
flatbuffers,../repos/flatbuffers/tests/cpp17/generated_cpp17/union_vector_generated.h,"(375, 3)-(379, 4)",b'template<size_t Index>\n  auto get_field() con...'
flatbuffers,../repos/flatbuffers/tests/cpp17/generated_cpp17/union_vector_generated.h,"(391, 3)-(392, 71)",b'template<size_t Index>\n  using FieldType = de...'
flatbuffers,../repos/flatbuffers/tests/cpp17/generated_cpp17/union_vector_generated.h,"(416, 3)-(420, 4)",b'template<size_t Index>\n  auto get_field() con...'
flatbuffers,../repos/flatbuffers/tests/cpp17/generated_cpp17/union_vector_generated.h,"(466, 3)-(467, 71)",b'template<size_t Index>\n  using FieldType = de...'
flatbuffers,../repos/flatbuffers/tests/cpp17/generated_cpp17/union_vector_generated.h,"(493, 3)-(497, 4)",b'template<size_t Index>\n  auto get_field() con...'
flatbuffers,../repos/flatbuffers/tests/cpp17/generated_cpp17/union_vector_generated.h,"(543, 3)-(544, 71)",b'template<size_t Index>\n  using FieldType = de...'
flatbuffers,../repos/flatbuffers/tests/cpp17/generated_cpp17/union_vector_generated.h,"(607, 3)-(614, 4)",b'template<size_t Index>\n  auto get_field() con...'
flatbuffers,../repos/flatbuffers/tests/cpp17/generated_cpp17/union_vector_generated.h,"(685, 3)-(686, 71)",b'template<size_t Index>\n  using FieldType = de...'
flatbuffers,../repos/flatbuffers/tests/cpp17/stringify_util.h,"(35, 1)-(37, 46)",b'template<typename T>\nstd::optional<std::strin...'
flatbuffers,../repos/flatbuffers/tests/cpp17/stringify_util.h,"(44, 1)-(45, 60)","b'template<typename FBS, typename = void>\nstruc...'"
flatbuffers,../repos/flatbuffers/tests/cpp17/stringify_util.h,"(48, 1)-(50, 25)",b'template<typename FBS>\nstruct is_flatbuffers_...'
flatbuffers,../repos/flatbuffers/tests/cpp17/stringify_util.h,"(52, 1)-(54, 48)",b'template<typename FBS>\ninline constexpr bool ...'
flatbuffers,../repos/flatbuffers/tests/cpp17/stringify_util.h,"(56, 1)-(56, 72)",b'template<typename T> struct is_flatbuffers_ve...'
flatbuffers,../repos/flatbuffers/tests/cpp17/stringify_util.h,"(58, 1)-(59, 74)",b'template<typename T>\nstruct is_flatbuffers_ve...'
flatbuffers,../repos/flatbuffers/tests/cpp17/stringify_util.h,"(61, 1)-(62, 81)",b'template<typename T>\ninline constexpr bool is...'
flatbuffers,../repos/flatbuffers/tests/cpp17/stringify_util.h,"(67, 1)-(74, 2)","b'template<size_t Index, typename FBS>\nstd::str...'"
flatbuffers,../repos/flatbuffers/tests/cpp17/stringify_util.h,"(76, 1)-(82, 2)","b'template<typename FBS, size_t... Indexes>\nstd...'"
flatbuffers,../repos/flatbuffers/tests/cpp17/stringify_util.h,"(84, 1)-(97, 2)",b'template<typename FBS>\nstd::string StringifyT...'
flatbuffers,../repos/flatbuffers/tests/cpp17/stringify_util.h,"(99, 1)-(116, 2)",b'template<typename T>\nstd::string StringifyVec...'
flatbuffers,../repos/flatbuffers/tests/cpp17/stringify_util.h,"(118, 1)-(120, 2)",b'template<typename T> std::string StringifyAri...'
flatbuffers,../repos/flatbuffers/tests/cpp17/stringify_util.h,"(127, 1)-(187, 2)",b'template<typename T>\nstd::optional<std::strin...'
flatbuffers,../repos/flatbuffers/tests/union_vector/union_vector_generated.h,"(251, 1)-(253, 3)",b'template<typename T> struct GadgetTraits {\n  ...'
flatbuffers,../repos/flatbuffers/tests/union_vector/union_vector_generated.h,"(255, 1)-(257, 3)",b'template<> struct GadgetTraits<FallingTub> {\n...'
flatbuffers,../repos/flatbuffers/tests/union_vector/union_vector_generated.h,"(259, 1)-(261, 3)",b'template<> struct GadgetTraits<HandFan> {\n  s...'
flatbuffers,../repos/flatbuffers/tests/union_vector/union_vector_generated.h,"(263, 1)-(265, 3)",b'template<typename T> struct GadgetUnionTraits...'
flatbuffers,../repos/flatbuffers/tests/union_vector/union_vector_generated.h,"(267, 1)-(269, 3)",b'template<> struct GadgetUnionTraits<FallingTu...'
flatbuffers,../repos/flatbuffers/tests/union_vector/union_vector_generated.h,"(271, 1)-(273, 3)",b'template<> struct GadgetUnionTraits<HandFanT>...'
flatbuffers,../repos/flatbuffers/tests/union_vector/union_vector_generated.h,"(292, 3)-(300, 4)",b'template <typename T>\n  void Set(T&& val) {\n ...'
flatbuffers,../repos/flatbuffers/tests/test_assert.h,"(69, 1)-(73, 3)","b'template<typename T, bool is_enum_type = flat...'"
flatbuffers,../repos/flatbuffers/tests/test_assert.h,"(75, 1)-(84, 3)",b'template<typename T> struct underlying_of_sca...'
flatbuffers,../repos/flatbuffers/tests/test_assert.h,"(86, 1)-(89, 2)",b'template<typename T>\ntypename underlying_of_s...'
flatbuffers,../repos/flatbuffers/tests/test_assert.h,"(91, 1)-(99, 2)","b'template<typename T, typename U>\nvoid TestEq(...'"
flatbuffers,../repos/flatbuffers/tests/test_assert.h,"(101, 1)-(109, 2)","b'template<>\ninline void TestEq<std::string, st...'"
flatbuffers,../repos/flatbuffers/tests/test_assert.h,"(111, 1)-(119, 2)","b'template<typename T, typename U>\nvoid TestNe(...'"
flatbuffers,../repos/flatbuffers/tests/test_assert.h,"(121, 1)-(129, 2)","b'template<>\ninline void TestNe<std::string, st...'"
flatbuffers,../repos/flatbuffers/tests/test_builder.h,"(55, 1)-(75, 2)",b'template<class Builder>\nvoid builder_move_ass...'
flatbuffers,../repos/flatbuffers/tests/test_builder.h,"(80, 1)-(216, 3)","b'template<class DestBuilder, class SrcBuilder ...'"
flatbuffers,../repos/flatbuffers/tests/test_builder.h,"(229, 1)-(298, 3)","b'template<class DestBuilder, class SrcBuilder>...'"
flatbuffers,../repos/flatbuffers/tests/monster_test_generated.grpc.fb.h,"(152, 3)-(171, 5)",b'template <class BaseClass>\n  class WithAsyncM...'
flatbuffers,../repos/flatbuffers/tests/monster_test_generated.grpc.fb.h,"(172, 3)-(191, 5)",b'template <class BaseClass>\n  class WithAsyncM...'
flatbuffers,../repos/flatbuffers/tests/monster_test_generated.grpc.fb.h,"(192, 3)-(211, 5)",b'template <class BaseClass>\n  class WithAsyncM...'
flatbuffers,../repos/flatbuffers/tests/monster_test_generated.grpc.fb.h,"(212, 3)-(231, 5)",b'template <class BaseClass>\n  class WithAsyncM...'
flatbuffers,../repos/flatbuffers/tests/monster_test_generated.grpc.fb.h,"(233, 3)-(249, 5)",b'template <class BaseClass>\n  class WithGeneri...'
flatbuffers,../repos/flatbuffers/tests/monster_test_generated.grpc.fb.h,"(250, 3)-(266, 5)",b'template <class BaseClass>\n  class WithGeneri...'
flatbuffers,../repos/flatbuffers/tests/monster_test_generated.grpc.fb.h,"(267, 3)-(283, 5)",b'template <class BaseClass>\n  class WithGeneri...'
flatbuffers,../repos/flatbuffers/tests/monster_test_generated.grpc.fb.h,"(284, 3)-(300, 5)",b'template <class BaseClass>\n  class WithGeneri...'
flatbuffers,../repos/flatbuffers/tests/monster_test_generated.grpc.fb.h,"(301, 3)-(320, 5)",b'template <class BaseClass>\n  class WithStream...'
flatbuffers,../repos/flatbuffers/tests/monster_test_generated.grpc.fb.h,"(322, 3)-(341, 5)",b'template <class BaseClass>\n  class WithSplitS...'
flatbuffers,../repos/flatbuffers/tests/union_underlying_type_test_generated.h,"(80, 1)-(82, 3)",b'template<typename T> struct ABCTraits {\n  sta...'
flatbuffers,../repos/flatbuffers/tests/union_underlying_type_test_generated.h,"(84, 1)-(86, 3)",b'template<> struct ABCTraits<UnionUnderlyingTy...'
flatbuffers,../repos/flatbuffers/tests/union_underlying_type_test_generated.h,"(88, 1)-(90, 3)",b'template<> struct ABCTraits<UnionUnderlyingTy...'
flatbuffers,../repos/flatbuffers/tests/union_underlying_type_test_generated.h,"(92, 1)-(94, 3)",b'template<> struct ABCTraits<UnionUnderlyingTy...'
flatbuffers,../repos/flatbuffers/tests/union_underlying_type_test_generated.h,"(96, 1)-(98, 3)",b'template<typename T> struct ABCUnionTraits {\n...'
flatbuffers,../repos/flatbuffers/tests/union_underlying_type_test_generated.h,"(100, 1)-(102, 3)",b'template<> struct ABCUnionTraits<UnionUnderly...'
flatbuffers,../repos/flatbuffers/tests/union_underlying_type_test_generated.h,"(104, 1)-(106, 3)",b'template<> struct ABCUnionTraits<UnionUnderly...'
flatbuffers,../repos/flatbuffers/tests/union_underlying_type_test_generated.h,"(108, 1)-(110, 3)",b'template<> struct ABCUnionTraits<UnionUnderly...'
flatbuffers,../repos/flatbuffers/tests/union_underlying_type_test_generated.h,"(129, 3)-(137, 4)",b'template <typename T>\n  void Set(T&& val) {\n ...'
flatbuffers,../repos/flatbuffers/tests/union_underlying_type_test_generated.h,"(408, 3)-(408, 55)",b'template<typename T> const T *test_union_as()...'
flatbuffers,../repos/flatbuffers/tests/union_underlying_type_test_generated.h,"(450, 1)-(452, 2)",b'template<> inline const UnionUnderlyingType::...'
flatbuffers,../repos/flatbuffers/tests/union_underlying_type_test_generated.h,"(454, 1)-(456, 2)",b'template<> inline const UnionUnderlyingType::...'
flatbuffers,../repos/flatbuffers/tests/union_underlying_type_test_generated.h,"(458, 1)-(460, 2)",b'template<> inline const UnionUnderlyingType::...'
flatbuffers,../repos/flatbuffers/tests/monster_test.grpc.fb.h,"(152, 3)-(171, 5)",b'template <class BaseClass>\n  class WithAsyncM...'
flatbuffers,../repos/flatbuffers/tests/monster_test.grpc.fb.h,"(172, 3)-(191, 5)",b'template <class BaseClass>\n  class WithAsyncM...'
flatbuffers,../repos/flatbuffers/tests/monster_test.grpc.fb.h,"(192, 3)-(211, 5)",b'template <class BaseClass>\n  class WithAsyncM...'
flatbuffers,../repos/flatbuffers/tests/monster_test.grpc.fb.h,"(212, 3)-(231, 5)",b'template <class BaseClass>\n  class WithAsyncM...'
flatbuffers,../repos/flatbuffers/tests/monster_test.grpc.fb.h,"(233, 3)-(249, 5)",b'template <class BaseClass>\n  class WithGeneri...'
flatbuffers,../repos/flatbuffers/tests/monster_test.grpc.fb.h,"(250, 3)-(266, 5)",b'template <class BaseClass>\n  class WithGeneri...'
flatbuffers,../repos/flatbuffers/tests/monster_test.grpc.fb.h,"(267, 3)-(283, 5)",b'template <class BaseClass>\n  class WithGeneri...'
flatbuffers,../repos/flatbuffers/tests/monster_test.grpc.fb.h,"(284, 3)-(300, 5)",b'template <class BaseClass>\n  class WithGeneri...'
flatbuffers,../repos/flatbuffers/tests/monster_test.grpc.fb.h,"(301, 3)-(320, 5)",b'template <class BaseClass>\n  class WithStream...'
flatbuffers,../repos/flatbuffers/tests/monster_test.grpc.fb.h,"(322, 3)-(341, 5)",b'template <class BaseClass>\n  class WithSplitS...'
flatbuffers,../repos/flatbuffers/samples/monster_generated.h,"(105, 1)-(107, 3)",b'template<typename T> struct EquipmentTraits {...'
flatbuffers,../repos/flatbuffers/samples/monster_generated.h,"(109, 1)-(111, 3)",b'template<> struct EquipmentTraits<MyGame::Sam...'
flatbuffers,../repos/flatbuffers/samples/monster_generated.h,"(113, 1)-(115, 3)",b'template<typename T> struct EquipmentUnionTra...'
flatbuffers,../repos/flatbuffers/samples/monster_generated.h,"(117, 1)-(119, 3)",b'template<> struct EquipmentUnionTraits<MyGame...'
flatbuffers,../repos/flatbuffers/samples/monster_generated.h,"(138, 3)-(146, 4)",b'template <typename T>\n  void Set(T&& val) {\n ...'
flatbuffers,../repos/flatbuffers/samples/monster_generated.h,"(321, 3)-(321, 53)",b'template<typename T> const T *equipped_as() const;'
flatbuffers,../repos/flatbuffers/samples/monster_generated.h,"(359, 1)-(361, 2)",b'template<> inline const MyGame::Sample::Weapo...'
flatbuffers,../repos/flatbuffers/grpc/src/compiler/java_generator.cc,"(126, 1)-(158, 2)",b'template<typename ITR>\nstatic void GrpcSplitS...'
flatbuffers,../repos/flatbuffers/grpc/src/compiler/cpp_generator.cc,"(13, 1)-(18, 2)",b'template<class T>\nstatic grpc::string as_stri...'
flatbuffers,../repos/flatbuffers/grpc/src/compiler/cpp_generator.cc,"(44, 1)-(45, 57)","b'template<class T, size_t N>\nstatic T *array_e...'"
flatbuffers,../repos/flatbuffers/grpc/src/compiler/go_generator.cc,"(7, 1)-(11, 2)",b'template<class T> grpc::string as_string(T x)...'
flatbuffers,../repos/flatbuffers/grpc/tests/message_builder_test.cpp,"(44, 1)-(166, 3)",b'template<class SrcBuilder>\nstruct BuilderReus...'
flatbuffers,../repos/flatbuffers/grpc/tests/grpctest.cpp,"(101, 1)-(120, 2)",b'template<class Builder> void StoreRPC(Monster...'
flatbuffers,../repos/flatbuffers/grpc/tests/grpctest.cpp,"(122, 1)-(136, 2)",b'template<class Builder> void RetrieveRPC(Mons...'
