Repo name,File name,Location,Content
flatbuffers,../repos/flatbuffers/src/idl_parser.cpp,"(177, 57)-(177, 59)","b'kToken ## NAME = VALUE,'"
flatbuffers,../repos/flatbuffers/src/idl_parser.cpp,"(208, 18)-(208, 20)",b'case BASE_TYPE_##ENUM: {                     ...'
flatbuffers,../repos/flatbuffers/src/idl_parser.cpp,"(1595, 29)-(1595, 31)",b'case BASE_TYPE_ ## ENUM: \\\n              buil...'
flatbuffers,../repos/flatbuffers/src/idl_parser.cpp,"(1619, 29)-(1619, 31)",b'case BASE_TYPE_ ## ENUM: \\\n              buil...'
flatbuffers,../repos/flatbuffers/src/idl_parser.cpp,"(1738, 25)-(1738, 27)",b'case BASE_TYPE_ ## ENUM: \\\n          if (IsSt...'
flatbuffers,../repos/flatbuffers/src/idl_parser.cpp,"(1846, 25)-(1846, 27)",b'case BASE_TYPE_ ## ENUM: \\\n          if (IsSt...'
flatbuffers,../repos/flatbuffers/src/idl_parser.cpp,"(2224, 23)-(2224, 25)",b'case BASE_TYPE_ ## ENUM: {\\\n          CTYPE v...'
flatbuffers,../repos/flatbuffers/src/idl_parser.cpp,"(2450, 22)-(2450, 24)",b'case BASE_TYPE_##ENUM: {                     ...'
flatbuffers,../repos/flatbuffers/src/idl_parser.cpp,"(2450, 108)-(2450, 110)",b'case BASE_TYPE_##ENUM: {                     ...'
flatbuffers,../repos/flatbuffers/src/idl_parser.cpp,"(2450, 187)-(2450, 189)",b'case BASE_TYPE_##ENUM: {                     ...'
flatbuffers,../repos/flatbuffers/src/idl_gen_text.cpp,"(214, 27)-(214, 29)",b'case BASE_TYPE_ ## ENUM: { \\\n            auto...'
flatbuffers,../repos/flatbuffers/src/idl_gen_text.cpp,"(230, 27)-(230, 29)",b'case BASE_TYPE_ ## ENUM: { \\\n            auto...'
flatbuffers,../repos/flatbuffers/src/idl_gen_text.cpp,"(335, 27)-(335, 29)",b'case BASE_TYPE_ ## ENUM: { \\\n            GenF...'
flatbuffers,../repos/flatbuffers/src/idl_gen_text.cpp,"(342, 27)-(342, 29)",b'case BASE_TYPE_ ## ENUM:'
flatbuffers,../repos/flatbuffers/include/flatbuffers/idl.h,"(155, 20)-(155, 22)",b'case BASE_TYPE_##ENUM: return sizeof(CTYPE);'
flatbuffers,../repos/flatbuffers/include/flatbuffers/idl.h,"(166, 20)-(166, 22)",b'case BASE_TYPE_##ENUM: return IDLTYPE;'
flatbuffers,../repos/flatbuffers/include/flatbuffers/idl.h,"(177, 20)-(177, 22)",b'case BASE_TYPE_##ENUM: return #CTYPE;'
flatbuffers,../repos/flatbuffers/include/flatbuffers/flexbuffers.h,"(190, 138)-(190, 140)",b'{                                            ...'
