Repo name,File name,Location,Content
flatbuffers,../repos/flatbuffers/src/binary_annotator.cpp,"(15, 1)-(1519, 2)",b'namespace flatbuffers {\nnamespace {\n\nstatic b...'
flatbuffers,../repos/flatbuffers/src/binary_annotator.cpp,"(16, 1)-(120, 2)",b'namespace {\n\nstatic bool BinaryRegionSort(con...'
flatbuffers,../repos/flatbuffers/src/idl_gen_rust.cpp,"(29, 1)-(3106, 2)",b'namespace flatbuffers {\nnamespace {\n\nstatic N...'
flatbuffers,../repos/flatbuffers/src/idl_gen_rust.cpp,"(30, 1)-(280, 2)",b'namespace {\n\nstatic Namer::Config RustDefault...'
flatbuffers,../repos/flatbuffers/src/idl_gen_rust.cpp,"(347, 1)-(3031, 2)",b'namespace rust {\n\nclass RustGenerator : publi...'
flatbuffers,../repos/flatbuffers/src/idl_gen_rust.cpp,"(3054, 1)-(3100, 2)",b'namespace {\n\nclass RustCodeGenerator : public...'
flatbuffers,../repos/flatbuffers/src/bfbs_gen_lua.cpp,"(35, 1)-(680, 2)",b'namespace flatbuffers {\nnamespace {\n\n// To re...'
flatbuffers,../repos/flatbuffers/src/bfbs_gen_lua.cpp,"(36, 1)-(673, 2)",b'namespace {\n\n// To reduce typing\nnamespace r ...'
flatbuffers,../repos/flatbuffers/src/idl_gen_json_schema.h,"(25, 1)-(30, 2)",b'namespace flatbuffers {\n\n// Constructs a new ...'
flatbuffers,../repos/flatbuffers/src/idl_gen_dart.cpp,"(29, 1)-(1198, 2)",b'namespace flatbuffers {\n\nnamespace dart {\n\nna...'
flatbuffers,../repos/flatbuffers/src/idl_gen_dart.cpp,"(31, 1)-(1123, 2)",b'namespace dart {\n\nnamespace {\n\nstatic Namer::...'
flatbuffers,../repos/flatbuffers/src/idl_gen_dart.cpp,"(33, 1)-(75, 2)",b'namespace {\n\nstatic Namer::Config DartDefault...'
flatbuffers,../repos/flatbuffers/src/idl_gen_dart.cpp,"(1145, 1)-(1192, 2)",b'namespace {\n\nclass DartCodeGenerator : public...'
flatbuffers,../repos/flatbuffers/src/file_binary_writer.cpp,"(23, 1)-(49, 2)",b'namespace flatbuffers {\n\nclass FileBinaryWrit...'
flatbuffers,../repos/flatbuffers/src/bfbs_gen.h,"(25, 1)-(204, 2)",b'namespace flatbuffers {\n\nnamespace {\n\nstatic ...'
flatbuffers,../repos/flatbuffers/src/bfbs_gen.h,"(27, 1)-(95, 2)",b'namespace {\n\nstatic void ForAllEnums(\n    con...'
flatbuffers,../repos/flatbuffers/src/idl_gen_dart.h,"(22, 1)-(27, 2)",b'namespace flatbuffers {\n\n// Constructs a new ...'
flatbuffers,../repos/flatbuffers/src/idl_namer.h,"(7, 1)-(177, 2)",b'namespace flatbuffers {\n\n// Provides Namer ca...'
flatbuffers,../repos/flatbuffers/src/bfbs_gen_nim.h,"(25, 1)-(31, 2)",b'namespace flatbuffers {\n\n// Constructs a new ...'
flatbuffers,../repos/flatbuffers/src/idl_gen_php.h,"(22, 1)-(27, 2)",b'namespace flatbuffers {\n\n// Constructs a new ...'
flatbuffers,../repos/flatbuffers/src/idl_gen_binary.cpp,"(33, 1)-(128, 2)",b'namespace flatbuffers {\nnamespace {\n\nstatic s...'
flatbuffers,../repos/flatbuffers/src/idl_gen_binary.cpp,"(34, 1)-(122, 2)",b'namespace {\n\nstatic std::string BinaryFileNam...'
flatbuffers,../repos/flatbuffers/src/idl_gen_python.h,"(22, 1)-(27, 2)",b'namespace flatbuffers {\n\n// Constructs a new ...'
flatbuffers,../repos/flatbuffers/src/idl_gen_csharp.cpp,"(28, 1)-(2582, 2)",b'namespace flatbuffers {\n\nstatic TypedFloatCon...'
flatbuffers,../repos/flatbuffers/src/idl_gen_csharp.cpp,"(39, 1)-(2521, 2)",b'namespace csharp {\nclass CSharpGenerator : pu...'
flatbuffers,../repos/flatbuffers/src/idl_gen_csharp.cpp,"(2529, 1)-(2576, 2)",b'namespace {\n\nclass CSharpCodeGenerator : publ...'
flatbuffers,../repos/flatbuffers/src/idl_gen_kotlin.h,"(22, 1)-(29, 2)",b'namespace flatbuffers {\n\n// Constructs a new ...'
flatbuffers,../repos/flatbuffers/src/idl_gen_grpc.cpp,"(36, 1)-(556, 2)",b'namespace flatbuffers {\n\nclass FlatBufMethod ...'
flatbuffers,../repos/flatbuffers/src/namer.h,"(6, 1)-(268, 2)",b'namespace flatbuffers {\n\n// Options for Namer...'
flatbuffers,../repos/flatbuffers/src/code_generators.cpp,"(31, 1)-(335, 2)",b'namespace flatbuffers {\n\nstd::string JavaCSha...'
flatbuffers,../repos/flatbuffers/src/idl_gen_php.cpp,"(28, 1)-(1004, 2)",b'namespace flatbuffers {\nnamespace php {\n// Ha...'
flatbuffers,../repos/flatbuffers/src/idl_gen_php.cpp,"(29, 1)-(940, 2)",b'namespace php {\n// Hardcode spaces per indent...'
flatbuffers,../repos/flatbuffers/src/idl_gen_php.cpp,"(948, 1)-(998, 2)",b'namespace {\n\nclass PhpCodeGenerator : public ...'
flatbuffers,../repos/flatbuffers/src/idl_gen_go.cpp,"(42, 1)-(1694, 2)",b'namespace flatbuffers {\n\nnamespace go {\n\nname...'
flatbuffers,../repos/flatbuffers/src/idl_gen_go.cpp,"(44, 1)-(1632, 2)",b'namespace go {\n\nnamespace {\n\n// see https://g...'
flatbuffers,../repos/flatbuffers/src/idl_gen_go.cpp,"(46, 1)-(85, 2)",b'namespace {\n\n// see https://golang.org/ref/sp...'
flatbuffers,../repos/flatbuffers/src/idl_gen_go.cpp,"(1640, 1)-(1688, 2)",b'namespace {\n\nclass GoCodeGenerator : public C...'
flatbuffers,../repos/flatbuffers/src/binary_annotator.h,"(30, 1)-(404, 2)",b'namespace flatbuffers {\n\nenum class BinaryReg...'
flatbuffers,../repos/flatbuffers/src/idl_gen_fbs.cpp,"(30, 1)-(460, 2)",b'namespace flatbuffers {\nnamespace {\n\nstatic s...'
flatbuffers,../repos/flatbuffers/src/idl_gen_fbs.cpp,"(31, 1)-(454, 2)",b'namespace {\n\nstatic std::string GenType(const...'
flatbuffers,../repos/flatbuffers/src/annotated_binary_text_gen.h,"(26, 1)-(73, 2)",b'namespace flatbuffers {\n\nclass AnnotatedBinar...'
flatbuffers,../repos/flatbuffers/src/idl_gen_python.cpp,"(33, 1)-(2212, 2)",b'namespace flatbuffers {\nnamespace python {\n\nn...'
flatbuffers,../repos/flatbuffers/src/idl_gen_python.cpp,"(34, 1)-(2151, 2)",b'namespace python {\n\nnamespace {\n\ntypedef std:...'
flatbuffers,../repos/flatbuffers/src/idl_gen_python.cpp,"(36, 1)-(77, 2)","b'namespace {\n\ntypedef std::pair<std::string, s...'"
flatbuffers,../repos/flatbuffers/src/idl_gen_python.cpp,"(2159, 1)-(2206, 2)",b'namespace {\n\nclass PythonCodeGenerator : publ...'
flatbuffers,../repos/flatbuffers/src/idl_gen_java.cpp,"(27, 1)-(2251, 2)",b'namespace flatbuffers {\nnamespace java {\n\nnam...'
flatbuffers,../repos/flatbuffers/src/idl_gen_java.cpp,"(28, 1)-(2191, 2)",b'namespace java {\n\nnamespace {\n\nstatic Namer::...'
flatbuffers,../repos/flatbuffers/src/idl_gen_java.cpp,"(30, 1)-(83, 2)",b'namespace {\n\nstatic Namer::Config JavaDefault...'
flatbuffers,../repos/flatbuffers/src/idl_gen_java.cpp,"(2200, 1)-(2245, 2)",b'namespace {\n\nclass JavaCodeGenerator : public...'
flatbuffers,../repos/flatbuffers/src/idl_gen_ts.h,"(25, 1)-(30, 2)",b'namespace flatbuffers {\n\n// Constructs a new ...'
flatbuffers,../repos/flatbuffers/src/idl_gen_go.h,"(22, 1)-(27, 2)",b'namespace flatbuffers {\n\n// Constructs a new ...'
flatbuffers,../repos/flatbuffers/src/idl_gen_json_schema.cpp,"(27, 1)-(384, 2)",b'namespace flatbuffers {\n\nnamespace jsons {\n\nn...'
flatbuffers,../repos/flatbuffers/src/idl_gen_json_schema.cpp,"(29, 1)-(318, 2)",b'namespace jsons {\n\nnamespace {\n\ntemplate<clas...'
flatbuffers,../repos/flatbuffers/src/idl_gen_json_schema.cpp,"(31, 1)-(145, 2)",b'namespace {\n\ntemplate<class T> static std::st...'
flatbuffers,../repos/flatbuffers/src/idl_gen_json_schema.cpp,"(327, 1)-(378, 2)",b'namespace {\n\nclass JsonSchemaCodeGenerator : ...'
flatbuffers,../repos/flatbuffers/src/idl_gen_rust.h,"(22, 1)-(27, 2)",b'namespace flatbuffers {\n\n// Constructs a new ...'
flatbuffers,../repos/flatbuffers/src/idl_gen_kotlin.cpp,"(30, 1)-(1657, 2)",b'namespace flatbuffers {\n\nnamespace kotlin {\n\n...'
flatbuffers,../repos/flatbuffers/src/idl_gen_kotlin.cpp,"(32, 1)-(1594, 2)",b'namespace kotlin {\n\nnamespace {\n\ntypedef std:...'
flatbuffers,../repos/flatbuffers/src/idl_gen_kotlin.cpp,"(34, 1)-(73, 2)","b'namespace {\n\ntypedef std::map<std::string, st...'"
flatbuffers,../repos/flatbuffers/src/idl_gen_kotlin.cpp,"(1602, 1)-(1651, 2)",b'namespace {\n\nclass KotlinCodeGenerator : publ...'
flatbuffers,../repos/flatbuffers/src/idl_gen_lobster.cpp,"(27, 1)-(474, 2)",b'namespace flatbuffers {\nnamespace lobster {\n\n...'
flatbuffers,../repos/flatbuffers/src/idl_gen_lobster.cpp,"(28, 1)-(408, 2)",b'namespace lobster {\n\nclass LobsterGenerator :...'
flatbuffers,../repos/flatbuffers/src/idl_gen_lobster.cpp,"(416, 1)-(468, 2)",b'namespace {\n\nclass LobsterCodeGenerator : pub...'
flatbuffers,../repos/flatbuffers/src/idl_gen_swift.cpp,"(28, 1)-(1966, 2)",b'namespace flatbuffers {\n\nnamespace swift {\n\nn...'
flatbuffers,../repos/flatbuffers/src/idl_gen_swift.cpp,"(30, 1)-(1904, 2)",b'namespace swift {\n\nnamespace {\n\nstatic Namer:...'
flatbuffers,../repos/flatbuffers/src/idl_gen_swift.cpp,"(32, 1)-(151, 2)",b'namespace {\n\nstatic Namer::Config SwiftDefaul...'
flatbuffers,../repos/flatbuffers/src/idl_gen_swift.cpp,"(1912, 1)-(1960, 2)",b'namespace {\n\nclass SwiftCodeGenerator : publi...'
flatbuffers,../repos/flatbuffers/src/idl_gen_csharp.h,"(22, 1)-(27, 2)",b'namespace flatbuffers {\n\n// Constructs a new ...'
flatbuffers,../repos/flatbuffers/src/idl_gen_fbs.h,"(22, 1)-(26, 2)",b'namespace flatbuffers {\n\nstd::unique_ptr<Code...'
flatbuffers,../repos/flatbuffers/src/idl_parser.cpp,"(30, 1)-(1668, 2)",b'namespace flatbuffers {\n\n// Reflects the vers...'
flatbuffers,../repos/flatbuffers/src/idl_parser.cpp,"(42, 1)-(369, 2)",b'namespace {\n\nstatic const double kPi = 3.1415...'
flatbuffers,../repos/flatbuffers/src/idl_parser.cpp,"(2374, 1)-(2381, 2)",b'namespace EnumHelper {\ntemplate<BaseType E> s...'
flatbuffers,../repos/flatbuffers/src/reflection.cpp,"(23, 1)-(768, 2)",b'namespace flatbuffers {\n\nnamespace {\n\nstatic ...'
flatbuffers,../repos/flatbuffers/src/reflection.cpp,"(25, 1)-(260, 2)",b'namespace {\n\nstatic void CopyInline(FlatBuffe...'
flatbuffers,../repos/flatbuffers/src/idl_gen_cpp.h,"(22, 1)-(27, 2)",b'namespace flatbuffers {\n\n// Constructs a new ...'
flatbuffers,../repos/flatbuffers/src/bfbs_namer.h,"(7, 1)-(49, 2)",b'namespace flatbuffers {\n\n// Provides Namer ca...'
flatbuffers,../repos/flatbuffers/src/idl_gen_binary.h,"(25, 1)-(30, 2)",b'namespace flatbuffers {\n\n// Constructs a new ...'
flatbuffers,../repos/flatbuffers/src/flatc_main.cpp,"(62, 1)-(70, 2)",b'namespace flatbuffers {\nvoid LogCompilerWarn(...'
flatbuffers,../repos/flatbuffers/src/util.cpp,"(57, 1)-(475, 28)",b'namespace flatbuffers {\n\nnamespace {\n\nstatic ...'
flatbuffers,../repos/flatbuffers/src/util.cpp,"(59, 1)-(213, 2)",b'namespace {\n\nstatic bool FileExistsRaw(const ...'
flatbuffers,../repos/flatbuffers/src/bfbs_gen_lua.h,"(25, 1)-(31, 2)",b'namespace flatbuffers {\n\n// Constructs a new ...'
flatbuffers,../repos/flatbuffers/src/idl_gen_swift.h,"(22, 1)-(27, 2)",b'namespace flatbuffers {\n\n// Constructs a new ...'
flatbuffers,../repos/flatbuffers/src/file_writer.cpp,"(23, 1)-(47, 2)",b'namespace flatbuffers {\n\nclass FileWriter : p...'
flatbuffers,../repos/flatbuffers/src/idl_gen_kotlin_kmp.cpp,"(28, 1)-(1619, 2)",b'namespace flatbuffers {\n\nnamespace kotlin {\n\n...'
flatbuffers,../repos/flatbuffers/src/idl_gen_kotlin_kmp.cpp,"(30, 1)-(1554, 2)",b'namespace kotlin {\n\nnamespace {\n\ntypedef std:...'
flatbuffers,../repos/flatbuffers/src/idl_gen_kotlin_kmp.cpp,"(32, 1)-(71, 2)","b'namespace {\n\ntypedef std::map<std::string, st...'"
flatbuffers,../repos/flatbuffers/src/idl_gen_kotlin_kmp.cpp,"(1562, 1)-(1613, 2)",b'namespace {\n\nclass KotlinKMPCodeGenerator : p...'
flatbuffers,../repos/flatbuffers/src/idl_gen_java.h,"(22, 1)-(27, 2)",b'namespace flatbuffers {\n\n// Constructs a new ...'
flatbuffers,../repos/flatbuffers/src/bfbs_gen_nim.cpp,"(35, 1)-(698, 2)",b'namespace flatbuffers {\nnamespace {\n\n// To re...'
flatbuffers,../repos/flatbuffers/src/bfbs_gen_nim.cpp,"(36, 1)-(691, 2)",b'namespace {\n\n// To reduce typing\nnamespace r ...'
flatbuffers,../repos/flatbuffers/src/file_name_saving_file_manager.cpp,"(23, 1)-(49, 2)",b'namespace flatbuffers {\n\nclass FileNameSaving...'
flatbuffers,../repos/flatbuffers/src/idl_gen_text.cpp,"(29, 1)-(523, 2)",b'namespace flatbuffers {\n\nstruct PrintScalarTa...'
flatbuffers,../repos/flatbuffers/src/idl_gen_text.cpp,"(463, 1)-(517, 2)",b'namespace {\n\nclass TextCodeGenerator : public...'
flatbuffers,../repos/flatbuffers/src/flatc.cpp,"(31, 1)-(1031, 2)",b'namespace flatbuffers {\n\nstatic const char *F...'
flatbuffers,../repos/flatbuffers/src/idl_gen_text.h,"(22, 1)-(27, 2)",b'namespace flatbuffers {\n\n// Constructs a new ...'
flatbuffers,../repos/flatbuffers/src/idl_gen_lobster.h,"(22, 1)-(27, 2)",b'namespace flatbuffers {\n\n// Constructs a new ...'
flatbuffers,../repos/flatbuffers/src/annotated_binary_text_gen.cpp,"(14, 1)-(461, 2)",b'namespace flatbuffers {\nnamespace {\n\nstruct O...'
flatbuffers,../repos/flatbuffers/src/annotated_binary_text_gen.cpp,"(15, 1)-(402, 2)",b'namespace {\n\nstruct OutputConfig {\n  size_t l...'
flatbuffers,../repos/flatbuffers/src/idl_gen_cpp.cpp,"(34, 1)-(4184, 2)",b'namespace flatbuffers {\n\n// Make numerical li...'
flatbuffers,../repos/flatbuffers/src/idl_gen_cpp.cpp,"(89, 1)-(4076, 2)",b'namespace cpp {\n\nenum CppStandard { CPP_STD_X...'
flatbuffers,../repos/flatbuffers/src/idl_gen_cpp.cpp,"(4130, 1)-(4178, 2)",b'namespace {\n\nclass CppCodeGenerator : public ...'
flatbuffers,../repos/flatbuffers/src/idl_gen_ts.cpp,"(33, 1)-(2249, 2)",b'namespace flatbuffers {\nnamespace {\nstruct Im...'
flatbuffers,../repos/flatbuffers/src/idl_gen_ts.cpp,"(34, 1)-(98, 2)",b'namespace {\nstruct ImportDefinition {\n  std::...'
flatbuffers,../repos/flatbuffers/src/idl_gen_ts.cpp,"(100, 1)-(2177, 2)",b'namespace ts {\n// Iterate through all definit...'
flatbuffers,../repos/flatbuffers/src/idl_gen_ts.cpp,"(2200, 1)-(2243, 2)",b'namespace {\n\nclass TsCodeGenerator : public C...'
flatbuffers,../repos/flatbuffers/android/app/src/main/cpp/generated/animal_generated.h,"(16, 1)-(132, 2)",b'namespace com {\nnamespace fbs {\nnamespace app...'
flatbuffers,../repos/flatbuffers/android/app/src/main/cpp/generated/animal_generated.h,"(17, 1)-(131, 2)",b'namespace fbs {\nnamespace app {\n\nstruct Anima...'
flatbuffers,../repos/flatbuffers/android/app/src/main/cpp/generated/animal_generated.h,"(18, 1)-(130, 2)",b'namespace app {\n\nstruct Animal;\nstruct Animal...'
flatbuffers,../repos/flatbuffers/include/flatbuffers/buffer.h,"(24, 1)-(197, 2)",b'namespace flatbuffers {\n\n// Wrapper for uoffs...'
flatbuffers,../repos/flatbuffers/include/flatbuffers/idl.h,"(41, 1)-(1270, 2)",b'namespace flatbuffers {\n\n// The order of thes...'
flatbuffers,../repos/flatbuffers/include/flatbuffers/default_allocator.h,"(23, 1)-(62, 2)",b'namespace flatbuffers {\n\n// DefaultAllocator ...'
flatbuffers,../repos/flatbuffers/include/flatbuffers/vector.h,"(24, 1)-(395, 2)",b'namespace flatbuffers {\n\nstruct String;\n\n// A...'
flatbuffers,../repos/flatbuffers/include/flatbuffers/stl_emulation.h,"(68, 1)-(512, 2)",b'namespace flatbuffers {\n\n#if defined(FLATBUFF...'
flatbuffers,../repos/flatbuffers/include/flatbuffers/stl_emulation.h,"(157, 3)-(163, 4)",b'namespace internal {\n    template <class> str...'
flatbuffers,../repos/flatbuffers/include/flatbuffers/stl_emulation.h,"(167, 3)-(173, 4)",b'namespace internal {\n    template <class> str...'
flatbuffers,../repos/flatbuffers/include/flatbuffers/stl_emulation.h,"(293, 1)-(333, 2)",b'namespace internal {\n  // This is SFINAE help...'
flatbuffers,../repos/flatbuffers/include/flatbuffers/verifier.h,"(23, 1)-(322, 2)",b'namespace flatbuffers {\n\n// Helper class to v...'
flatbuffers,../repos/flatbuffers/include/flatbuffers/allocator.h,"(22, 1)-(66, 2)",b'namespace flatbuffers {\n\n// Allocator interfa...'
flatbuffers,../repos/flatbuffers/include/flatbuffers/string.h,"(23, 1)-(67, 2)",b'namespace flatbuffers {\n\nstruct String : publ...'
flatbuffers,../repos/flatbuffers/include/flatbuffers/registry.h,"(23, 1)-(128, 2)",b'namespace flatbuffers {\n\n// Convenience class...'
flatbuffers,../repos/flatbuffers/include/flatbuffers/array.h,"(27, 1)-(254, 2)",b'namespace flatbuffers {\n\n// This is used as a...'
flatbuffers,../repos/flatbuffers/include/flatbuffers/flatc.h,"(31, 1)-(129, 2)",b'namespace flatbuffers {\n\nextern void LogCompi...'
flatbuffers,../repos/flatbuffers/include/flatbuffers/detached_buffer.h,"(24, 1)-(112, 2)",b'namespace flatbuffers {\n\n// DetachedBuffer is...'
flatbuffers,../repos/flatbuffers/include/flatbuffers/table.h,"(23, 1)-(186, 2)","b'namespace flatbuffers {\n\n// ""tables"" use an o...'"
flatbuffers,../repos/flatbuffers/include/flatbuffers/base.h,"(147, 1)-(150, 2)",b'namespace flatbuffers {\n  // Returns version ...'
flatbuffers,../repos/flatbuffers/include/flatbuffers/base.h,"(225, 7)-(227, 8)",b'namespace flatbuffers {\n        typedef std::...'
flatbuffers,../repos/flatbuffers/include/flatbuffers/base.h,"(232, 7)-(234, 8)",b'namespace flatbuffers {\n        typedef std::...'
flatbuffers,../repos/flatbuffers/include/flatbuffers/base.h,"(243, 9)-(245, 10)",b'namespace flatbuffers {\n          typedef abs...'
flatbuffers,../repos/flatbuffers/include/flatbuffers/base.h,"(292, 1)-(298, 2)",b'namespace flatbuffers {\n  // This is constexp...'
flatbuffers,../repos/flatbuffers/include/flatbuffers/base.h,"(322, 1)-(495, 2)",b'namespace flatbuffers {\n\n/// @cond FLATBUFFER...'
flatbuffers,../repos/flatbuffers/include/flatbuffers/code_generators.h,"(25, 1)-(236, 2)",b'namespace flatbuffers {\n\n// Utility class to ...'
flatbuffers,../repos/flatbuffers/include/flatbuffers/minireflect.h,"(23, 1)-(419, 2)",b'namespace flatbuffers {\n\n// Utilities that ca...'
flatbuffers,../repos/flatbuffers/include/flatbuffers/flatbuffer_builder.h,"(41, 1)-(1476, 2)",b'namespace flatbuffers {\n\n// Converts a Field ...'
flatbuffers,../repos/flatbuffers/include/flatbuffers/struct.h,"(22, 1)-(51, 2)","b'namespace flatbuffers {\n\n// ""structs"" are fla...'"
flatbuffers,../repos/flatbuffers/include/flatbuffers/file_manager.h,"(25, 1)-(46, 2)",b'namespace flatbuffers {\n\n// A File interface ...'
flatbuffers,../repos/flatbuffers/include/flatbuffers/hash.h,"(25, 1)-(125, 2)",b'namespace flatbuffers {\n\ntemplate<typename T>...'
flatbuffers,../repos/flatbuffers/include/flatbuffers/reflection_generated.h,"(16, 1)-(1485, 2)",b'namespace reflection {\n\nstruct Type;\nstruct T...'
flatbuffers,../repos/flatbuffers/include/flatbuffers/buffer_ref.h,"(23, 1)-(51, 2)",b'namespace flatbuffers {\n\n// Convenient way to...'
flatbuffers,../repos/flatbuffers/include/flatbuffers/reflection.h,"(29, 1)-(521, 2)",b'namespace flatbuffers {\n\n// -----------------...'
flatbuffers,../repos/flatbuffers/include/flatbuffers/code_generator.h,"(24, 1)-(95, 2)",b'namespace flatbuffers {\n\nstruct CodeGenOption...'
flatbuffers,../repos/flatbuffers/include/flatbuffers/flatbuffers.h,"(38, 1)-(200, 2)",b'namespace flatbuffers {\n\n/// @brief This can ...'
flatbuffers,../repos/flatbuffers/include/flatbuffers/flexbuffers.h,"(36, 1)-(1556, 4)",b'namespace flexbuffers {\n\nclass Reference;\ncla...'
flatbuffers,../repos/flatbuffers/include/flatbuffers/util.h,"(38, 1)-(735, 2)",b'namespace flatbuffers {\n\n// @locale-independe...'
flatbuffers,../repos/flatbuffers/include/flatbuffers/flex_flat_util.h,"(23, 1)-(34, 2)",b'namespace flexbuffers {\n\n// Verifies the `nes...'
flatbuffers,../repos/flatbuffers/include/flatbuffers/vector_downward.h,"(27, 1)-(287, 2)",b'namespace flatbuffers {\n\n// This is a minimal...'
flatbuffers,../repos/flatbuffers/include/flatbuffers/grpc.h,"(26, 1)-(257, 2)",b'namespace flatbuffers {\nnamespace grpc {\n\n// ...'
flatbuffers,../repos/flatbuffers/include/flatbuffers/grpc.h,"(27, 1)-(256, 2)",b'namespace grpc {\n\n// Message is a typed wrapp...'
flatbuffers,../repos/flatbuffers/include/flatbuffers/grpc.h,"(142, 1)-(146, 2)",b'namespace detail {\nstruct SliceAllocatorMembe...'
flatbuffers,../repos/flatbuffers/include/flatbuffers/grpc.h,"(259, 1)-(297, 2)",b'namespace grpc {\n\ntemplate<class T> class Ser...'
flatbuffers,../repos/flatbuffers/benchmarks/cpp/flatbuffers/bench_generated.h,"(16, 1)-(142, 2)",b'namespace benchmarks_flatbuffers {\n\nstruct Fo...'
flatbuffers,../repos/flatbuffers/benchmarks/cpp/flatbuffers/fb_bench.cpp,"(13, 1)-(74, 2)",b'namespace {\n\nstruct FlatBufferBench : Bench {...'
flatbuffers,../repos/flatbuffers/benchmarks/cpp/raw/raw_bench.cpp,"(9, 1)-(105, 2)",b'namespace {\nconst int64_t kStringLength = 32;...'
flatbuffers,../repos/flatbuffers/tests/monster_test.h,"(9, 1)-(36, 2)",b'namespace flatbuffers {\nnamespace tests {\n\nfl...'
flatbuffers,../repos/flatbuffers/tests/monster_test.h,"(10, 1)-(35, 2)",b'namespace tests {\n\nflatbuffers::DetachedBuffe...'
flatbuffers,../repos/flatbuffers/tests/native_type_test_generated.h,"(18, 1)-(336, 2)",b'namespace Geometry {\n\nstruct Vector3D;\n\nstruc...'
flatbuffers,../repos/flatbuffers/tests/monster_test.cpp,"(17, 1)-(874, 2)",b'namespace flatbuffers {\nnamespace tests {\n\n//...'
flatbuffers,../repos/flatbuffers/tests/monster_test.cpp,"(18, 1)-(873, 2)",b'namespace tests {\n\n// Shortcuts for the infin...'
flatbuffers,../repos/flatbuffers/tests/reflection_test.h,"(7, 1)-(15, 2)",b'namespace flatbuffers {\nnamespace tests {\n\nvo...'
flatbuffers,../repos/flatbuffers/tests/reflection_test.h,"(8, 1)-(14, 2)",b'namespace tests {\n\nvoid ReflectionTest(const ...'
flatbuffers,../repos/flatbuffers/tests/optional_scalars_test.cpp,"(10, 1)-(102, 2)",b'namespace flatbuffers {\nnamespace tests {\n\nvo...'
flatbuffers,../repos/flatbuffers/tests/optional_scalars_test.cpp,"(11, 1)-(101, 2)",b'namespace tests {\n\nvoid OptionalScalarsTest()...'
flatbuffers,../repos/flatbuffers/tests/util_test.cpp,"(6, 1)-(175, 2)",b'namespace flatbuffers {\nnamespace tests {\nnam...'
flatbuffers,../repos/flatbuffers/tests/util_test.cpp,"(7, 1)-(174, 2)",b'namespace tests {\nnamespace {\n\ntemplate<typen...'
flatbuffers,../repos/flatbuffers/tests/util_test.cpp,"(8, 1)-(35, 2)",b'namespace {\n\ntemplate<typename T>\nvoid Numeri...'
flatbuffers,../repos/flatbuffers/tests/evolution_test/evolution_v2_generated.h,"(16, 1)-(605, 2)",b'namespace Evolution {\nnamespace V2 {\n\nstruct ...'
flatbuffers,../repos/flatbuffers/tests/evolution_test/evolution_v2_generated.h,"(17, 1)-(604, 2)",b'namespace V2 {\n\nstruct TableA;\nstruct TableAB...'
flatbuffers,../repos/flatbuffers/tests/evolution_test/evolution_v1_generated.h,"(16, 1)-(518, 2)",b'namespace Evolution {\nnamespace V1 {\n\nstruct ...'
flatbuffers,../repos/flatbuffers/tests/evolution_test/evolution_v1_generated.h,"(17, 1)-(517, 2)",b'namespace V1 {\n\nstruct TableA;\nstruct TableAB...'
flatbuffers,../repos/flatbuffers/tests/alignment_test.cpp,"(8, 1)-(76, 2)",b'namespace flatbuffers {\nnamespace tests {\n\nvo...'
flatbuffers,../repos/flatbuffers/tests/alignment_test.cpp,"(9, 1)-(75, 2)",b'namespace tests {\n\nvoid AlignmentTest() {\n  F...'
flatbuffers,../repos/flatbuffers/tests/test.cpp,"(64, 1)-(1718, 2)",b'namespace flatbuffers {\nnamespace tests {\nnam...'
flatbuffers,../repos/flatbuffers/tests/test.cpp,"(65, 1)-(1717, 2)",b'namespace tests {\nnamespace {\n\n// clang-forma...'
flatbuffers,../repos/flatbuffers/tests/test.cpp,"(66, 1)-(1716, 2)",b'namespace {\n\n// clang-format off\n// Check tha...'
flatbuffers,../repos/flatbuffers/tests/64bit/evolution/v1_generated.h,"(16, 1)-(217, 2)",b'namespace v1 {\n\nstruct RootTable;\nstruct Root...'
flatbuffers,../repos/flatbuffers/tests/64bit/evolution/v2_generated.h,"(16, 1)-(241, 2)",b'namespace v2 {\n\nstruct RootTable;\nstruct Root...'
flatbuffers,../repos/flatbuffers/tests/64bit/offset64_test.cpp,"(19, 1)-(458, 2)",b'namespace flatbuffers {\nnamespace tests {\n\nvo...'
flatbuffers,../repos/flatbuffers/tests/64bit/offset64_test.cpp,"(20, 1)-(457, 2)",b'namespace tests {\n\nvoid Offset64Test() {\n  Fl...'
flatbuffers,../repos/flatbuffers/tests/64bit/offset64_test.h,"(4, 1)-(18, 2)",b'namespace flatbuffers {\nnamespace tests {\n\nvo...'
flatbuffers,../repos/flatbuffers/tests/64bit/offset64_test.h,"(5, 1)-(17, 2)",b'namespace tests {\n\nvoid Offset64Test();\nvoid ...'
flatbuffers,../repos/flatbuffers/tests/alignment_test.h,"(4, 1)-(10, 2)",b'namespace flatbuffers {\nnamespace tests {\n\nvo...'
flatbuffers,../repos/flatbuffers/tests/alignment_test.h,"(5, 1)-(9, 2)",b'namespace tests {\n\nvoid AlignmentTest();\n\n}'
flatbuffers,../repos/flatbuffers/tests/monster_test_generated.h,"(21, 1)-(4240, 2)",b'namespace MyGame {\n\nstruct InParentNamespace;...'
flatbuffers,../repos/flatbuffers/tests/monster_test_generated.h,"(27, 1)-(33, 2)",b'namespace Example2 {\n\nstruct Monster;\nstruct ...'
flatbuffers,../repos/flatbuffers/tests/monster_test_generated.h,"(35, 1)-(67, 2)",b'namespace Example {\n\nstruct Test;\n\nstruct Tes...'
flatbuffers,../repos/flatbuffers/tests/monster_test_generated.h,"(71, 1)-(75, 2)",b'namespace Example2 {\n\nbool operator==(const M...'
flatbuffers,../repos/flatbuffers/tests/monster_test_generated.h,"(77, 1)-(100, 2)",b'namespace Example {\n\nbool operator==(const Te...'
flatbuffers,../repos/flatbuffers/tests/monster_test_generated.h,"(104, 1)-(108, 2)",b'namespace Example2 {\n\ninline const ::flatbuff...'
flatbuffers,../repos/flatbuffers/tests/monster_test_generated.h,"(110, 1)-(943, 2)",b'namespace Example {\n\ninline const ::flatbuffe...'
flatbuffers,../repos/flatbuffers/tests/monster_test_generated.h,"(988, 1)-(1033, 2)",b'namespace Example2 {\n\nstruct MonsterT : publi...'
flatbuffers,../repos/flatbuffers/tests/monster_test_generated.h,"(1035, 1)-(2669, 2)",b'namespace Example {\n\nstruct TestSimpleTableWi...'
flatbuffers,../repos/flatbuffers/tests/monster_test_generated.h,"(2704, 1)-(2739, 2)",b'namespace Example2 {\n\n\ninline bool operator==...'
flatbuffers,../repos/flatbuffers/tests/monster_test_generated.h,"(2741, 1)-(3819, 2)",b'namespace Example {\n\n\ninline bool operator==(...'
flatbuffers,../repos/flatbuffers/tests/monster_test_generated.h,"(3828, 1)-(3837, 2)",b'namespace Example2 {\n\ninline const ::flatbuff...'
flatbuffers,../repos/flatbuffers/tests/monster_test_generated.h,"(3839, 1)-(4239, 2)",b'namespace Example {\n\ninline const ::flatbuffe...'
flatbuffers,../repos/flatbuffers/tests/evolution_test.h,"(6, 1)-(14, 2)",b'namespace flatbuffers {\nnamespace tests {\n\nvo...'
flatbuffers,../repos/flatbuffers/tests/evolution_test.h,"(7, 1)-(13, 2)",b'namespace tests {\n\nvoid EvolutionTest(const s...'
flatbuffers,../repos/flatbuffers/tests/parser_test.h,"(4, 1)-(31, 2)",b'namespace flatbuffers {\nnamespace tests {\n\nvo...'
flatbuffers,../repos/flatbuffers/tests/parser_test.h,"(5, 1)-(30, 2)",b'namespace tests {\n\nvoid ErrorTest();\nvoid Enu...'
flatbuffers,../repos/flatbuffers/tests/fuzz_test.h,"(4, 1)-(11, 2)",b'namespace flatbuffers {\nnamespace tests {\n\nvo...'
flatbuffers,../repos/flatbuffers/tests/fuzz_test.h,"(5, 1)-(10, 2)",b'namespace tests {\n\nvoid FuzzTest1();\nvoid Fuz...'
flatbuffers,../repos/flatbuffers/tests/is_quiet_nan.h,"(4, 1)-(39, 2)",b'namespace flatbuffers {\nnamespace tests {\n\n#i...'
flatbuffers,../repos/flatbuffers/tests/is_quiet_nan.h,"(5, 1)-(38, 2)",b'namespace tests {\n\n#if defined(FLATBUFFERS_HA...'
flatbuffers,../repos/flatbuffers/tests/util_test.h,"(4, 1)-(13, 2)",b'namespace flatbuffers {\nnamespace tests {\n\nvo...'
flatbuffers,../repos/flatbuffers/tests/util_test.h,"(5, 1)-(12, 2)",b'namespace tests {\n\nvoid NumericUtilsTest();\nv...'
flatbuffers,../repos/flatbuffers/tests/fuzz_test.cpp,"(9, 1)-(306, 2)",b'namespace flatbuffers {\nnamespace tests {\nnam...'
flatbuffers,../repos/flatbuffers/tests/fuzz_test.cpp,"(10, 1)-(305, 2)",b'namespace tests {\nnamespace {\n\n// Include sim...'
flatbuffers,../repos/flatbuffers/tests/fuzz_test.cpp,"(11, 1)-(30, 2)",b'namespace {\n\n// Include simple random number ...'
flatbuffers,../repos/flatbuffers/tests/monster_test_generated.grpc.fb.cc,"(15, 1)-(129, 2)",b'namespace MyGame {\nnamespace Example {\n\nstati...'
flatbuffers,../repos/flatbuffers/tests/monster_test_generated.grpc.fb.cc,"(16, 1)-(128, 2)",b'namespace Example {\n\nstatic const char* Monst...'
flatbuffers,../repos/flatbuffers/tests/monster_extra_generated.h,"(16, 1)-(415, 2)",b'namespace MyGame {\n\nstruct MonsterExtra;\nstru...'
flatbuffers,../repos/flatbuffers/tests/optional_scalars_generated.h,"(16, 1)-(959, 2)",b'namespace optional_scalars {\n\nstruct ScalarSt...'
flatbuffers,../repos/flatbuffers/tests/namespace_test/namespace_test1_generated.h,"(16, 1)-(463, 2)",b'namespace NamespaceA {\nnamespace NamespaceB {...'
flatbuffers,../repos/flatbuffers/tests/namespace_test/namespace_test1_generated.h,"(17, 1)-(462, 2)",b'namespace NamespaceB {\n\nstruct TableInNestedN...'
flatbuffers,../repos/flatbuffers/tests/namespace_test/namespace_test2_generated.h,"(16, 1)-(22, 2)",b'namespace NamespaceA {\n\nstruct TableInFirstNS...'
flatbuffers,../repos/flatbuffers/tests/namespace_test/namespace_test2_generated.h,"(24, 1)-(30, 2)",b'namespace NamespaceC {\n\nstruct TableInC;\nstru...'
flatbuffers,../repos/flatbuffers/tests/namespace_test/namespace_test2_generated.h,"(32, 1)-(40, 2)",b'namespace NamespaceA {\n\nstruct SecondTableInA...'
flatbuffers,../repos/flatbuffers/tests/namespace_test/namespace_test2_generated.h,"(42, 1)-(46, 2)",b'namespace NamespaceC {\n\nbool operator==(const...'
flatbuffers,../repos/flatbuffers/tests/namespace_test/namespace_test2_generated.h,"(48, 1)-(55, 2)",b'namespace NamespaceA {\n\nbool operator==(const...'
flatbuffers,../repos/flatbuffers/tests/namespace_test/namespace_test2_generated.h,"(57, 1)-(61, 2)",b'namespace NamespaceC {\n\ninline const ::flatbu...'
flatbuffers,../repos/flatbuffers/tests/namespace_test/namespace_test2_generated.h,"(63, 1)-(197, 2)",b'namespace NamespaceA {\n\ninline const ::flatbu...'
flatbuffers,../repos/flatbuffers/tests/namespace_test/namespace_test2_generated.h,"(199, 1)-(285, 2)",b'namespace NamespaceC {\n\nstruct TableInCT : pu...'
flatbuffers,../repos/flatbuffers/tests/namespace_test/namespace_test2_generated.h,"(287, 1)-(425, 2)",b'namespace NamespaceA {\n\nstruct SecondTableInA...'
flatbuffers,../repos/flatbuffers/tests/namespace_test/namespace_test2_generated.h,"(427, 1)-(481, 2)",b'namespace NamespaceC {\n\n\ninline bool operator...'
flatbuffers,../repos/flatbuffers/tests/namespace_test/namespace_test2_generated.h,"(483, 1)-(558, 2)",b'namespace NamespaceA {\n\n\ninline bool operator...'
flatbuffers,../repos/flatbuffers/tests/namespace_test/namespace_test2_generated.h,"(560, 1)-(581, 2)",b'namespace NamespaceC {\n\ninline const ::flatbu...'
flatbuffers,../repos/flatbuffers/tests/namespace_test/namespace_test2_generated.h,"(583, 1)-(601, 2)",b'namespace NamespaceA {\n\ninline const ::flatbu...'
flatbuffers,../repos/flatbuffers/tests/key_field_test.h,"(4, 1)-(14, 2)",b'namespace flatbuffers {\nnamespace tests {\n\nvo...'
flatbuffers,../repos/flatbuffers/tests/key_field_test.h,"(5, 1)-(13, 2)",b'namespace tests {\n\nvoid FixedSizedScalarKeyIn...'
flatbuffers,../repos/flatbuffers/tests/key_field_test.cpp,"(10, 1)-(224, 2)",b'namespace flatbuffers {\nnamespace tests {\n\nus...'
flatbuffers,../repos/flatbuffers/tests/key_field_test.cpp,"(11, 1)-(223, 2)",b'namespace tests {\n\nusing namespace keyfield::...'
flatbuffers,../repos/flatbuffers/tests/fuzzer/flatbuffers_64bit_fuzzer.cc,"(24, 1)-(121, 2)","b'namespace flatbuffers {\n\ntemplate<typename T,...'"
flatbuffers,../repos/flatbuffers/tests/fuzzer/flatbuffers_monster_fuzzer.cc,"(38, 1)-(90, 2)",b'namespace {\n\nstatic constexpr size_t kMinInpu...'
flatbuffers,../repos/flatbuffers/tests/monster_test_suffix/filesuffix_only/monster_test_suffix.h,"(18, 1)-(4230, 2)",b'namespace MyGame {\n\nstruct InParentNamespace;...'
flatbuffers,../repos/flatbuffers/tests/monster_test_suffix/filesuffix_only/monster_test_suffix.h,"(24, 1)-(30, 2)",b'namespace Example2 {\n\nstruct Monster;\nstruct ...'
flatbuffers,../repos/flatbuffers/tests/monster_test_suffix/filesuffix_only/monster_test_suffix.h,"(32, 1)-(64, 2)",b'namespace Example {\n\nstruct Test;\n\nstruct Tes...'
flatbuffers,../repos/flatbuffers/tests/monster_test_suffix/filesuffix_only/monster_test_suffix.h,"(68, 1)-(72, 2)",b'namespace Example2 {\n\nbool operator==(const M...'
flatbuffers,../repos/flatbuffers/tests/monster_test_suffix/filesuffix_only/monster_test_suffix.h,"(74, 1)-(97, 2)",b'namespace Example {\n\nbool operator==(const Te...'
flatbuffers,../repos/flatbuffers/tests/monster_test_suffix/filesuffix_only/monster_test_suffix.h,"(101, 1)-(105, 2)",b'namespace Example2 {\n\ninline const ::flatbuff...'
flatbuffers,../repos/flatbuffers/tests/monster_test_suffix/filesuffix_only/monster_test_suffix.h,"(107, 1)-(940, 2)",b'namespace Example {\n\ninline const ::flatbuffe...'
flatbuffers,../repos/flatbuffers/tests/monster_test_suffix/filesuffix_only/monster_test_suffix.h,"(984, 1)-(1028, 2)",b'namespace Example2 {\n\nstruct MonsterT : publi...'
flatbuffers,../repos/flatbuffers/tests/monster_test_suffix/filesuffix_only/monster_test_suffix.h,"(1030, 1)-(2659, 2)",b'namespace Example {\n\nstruct TestSimpleTableWi...'
flatbuffers,../repos/flatbuffers/tests/monster_test_suffix/filesuffix_only/monster_test_suffix.h,"(2694, 1)-(2729, 2)",b'namespace Example2 {\n\n\ninline bool operator==...'
flatbuffers,../repos/flatbuffers/tests/monster_test_suffix/filesuffix_only/monster_test_suffix.h,"(2731, 1)-(3809, 2)",b'namespace Example {\n\n\ninline bool operator==(...'
flatbuffers,../repos/flatbuffers/tests/monster_test_suffix/filesuffix_only/monster_test_suffix.h,"(3818, 1)-(3827, 2)",b'namespace Example2 {\n\ninline const ::flatbuff...'
flatbuffers,../repos/flatbuffers/tests/monster_test_suffix/filesuffix_only/monster_test_suffix.h,"(3829, 1)-(4229, 2)",b'namespace Example {\n\ninline const ::flatbuffe...'
flatbuffers,../repos/flatbuffers/tests/monster_test_suffix/filesuffix_only/monster_test.grpc.fb.cc,"(16, 1)-(130, 2)",b'namespace MyGame {\nnamespace Example {\n\nstati...'
flatbuffers,../repos/flatbuffers/tests/monster_test_suffix/filesuffix_only/monster_test.grpc.fb.cc,"(17, 1)-(129, 2)",b'namespace Example {\n\nstatic const char* Monst...'
flatbuffers,../repos/flatbuffers/tests/monster_test_suffix/filesuffix_only/monster_test.grpc.fb.h,"(20, 1)-(25, 2)",b'namespace grpc {\nclass CompletionQueue;\nclass...'
flatbuffers,../repos/flatbuffers/tests/monster_test_suffix/filesuffix_only/monster_test.grpc.fb.h,"(27, 1)-(347, 2)",b'namespace MyGame {\nnamespace Example {\n\nclass...'
flatbuffers,../repos/flatbuffers/tests/monster_test_suffix/filesuffix_only/monster_test.grpc.fb.h,"(28, 1)-(346, 2)",b'namespace Example {\n\nclass MonsterStorage fin...'
flatbuffers,../repos/flatbuffers/tests/monster_test_suffix/monster_test_suffix.hpp,"(18, 1)-(4230, 2)",b'namespace MyGame {\n\nstruct InParentNamespace;...'
flatbuffers,../repos/flatbuffers/tests/monster_test_suffix/monster_test_suffix.hpp,"(24, 1)-(30, 2)",b'namespace Example2 {\n\nstruct Monster;\nstruct ...'
flatbuffers,../repos/flatbuffers/tests/monster_test_suffix/monster_test_suffix.hpp,"(32, 1)-(64, 2)",b'namespace Example {\n\nstruct Test;\n\nstruct Tes...'
flatbuffers,../repos/flatbuffers/tests/monster_test_suffix/monster_test_suffix.hpp,"(68, 1)-(72, 2)",b'namespace Example2 {\n\nbool operator==(const M...'
flatbuffers,../repos/flatbuffers/tests/monster_test_suffix/monster_test_suffix.hpp,"(74, 1)-(97, 2)",b'namespace Example {\n\nbool operator==(const Te...'
flatbuffers,../repos/flatbuffers/tests/monster_test_suffix/monster_test_suffix.hpp,"(101, 1)-(105, 2)",b'namespace Example2 {\n\ninline const ::flatbuff...'
flatbuffers,../repos/flatbuffers/tests/monster_test_suffix/monster_test_suffix.hpp,"(107, 1)-(940, 2)",b'namespace Example {\n\ninline const ::flatbuffe...'
flatbuffers,../repos/flatbuffers/tests/monster_test_suffix/monster_test_suffix.hpp,"(984, 1)-(1028, 2)",b'namespace Example2 {\n\nstruct MonsterT : publi...'
flatbuffers,../repos/flatbuffers/tests/monster_test_suffix/monster_test_suffix.hpp,"(1030, 1)-(2659, 2)",b'namespace Example {\n\nstruct TestSimpleTableWi...'
flatbuffers,../repos/flatbuffers/tests/monster_test_suffix/monster_test_suffix.hpp,"(2694, 1)-(2729, 2)",b'namespace Example2 {\n\n\ninline bool operator==...'
flatbuffers,../repos/flatbuffers/tests/monster_test_suffix/monster_test_suffix.hpp,"(2731, 1)-(3809, 2)",b'namespace Example {\n\n\ninline bool operator==(...'
flatbuffers,../repos/flatbuffers/tests/monster_test_suffix/monster_test_suffix.hpp,"(3818, 1)-(3827, 2)",b'namespace Example2 {\n\ninline const ::flatbuff...'
flatbuffers,../repos/flatbuffers/tests/monster_test_suffix/monster_test_suffix.hpp,"(3829, 1)-(4229, 2)",b'namespace Example {\n\ninline const ::flatbuffe...'
flatbuffers,../repos/flatbuffers/tests/monster_test_suffix/ext_only/monster_test.grpc.fb.cc,"(16, 1)-(130, 2)",b'namespace MyGame {\nnamespace Example {\n\nstati...'
flatbuffers,../repos/flatbuffers/tests/monster_test_suffix/ext_only/monster_test.grpc.fb.cc,"(17, 1)-(129, 2)",b'namespace Example {\n\nstatic const char* Monst...'
flatbuffers,../repos/flatbuffers/tests/monster_test_suffix/ext_only/monster_test.grpc.fb.h,"(20, 1)-(25, 2)",b'namespace grpc {\nclass CompletionQueue;\nclass...'
flatbuffers,../repos/flatbuffers/tests/monster_test_suffix/ext_only/monster_test.grpc.fb.h,"(27, 1)-(347, 2)",b'namespace MyGame {\nnamespace Example {\n\nclass...'
flatbuffers,../repos/flatbuffers/tests/monster_test_suffix/ext_only/monster_test.grpc.fb.h,"(28, 1)-(346, 2)",b'namespace Example {\n\nclass MonsterStorage fin...'
flatbuffers,../repos/flatbuffers/tests/monster_test_suffix/ext_only/monster_test_generated.hpp,"(18, 1)-(4230, 2)",b'namespace MyGame {\n\nstruct InParentNamespace;...'
flatbuffers,../repos/flatbuffers/tests/monster_test_suffix/ext_only/monster_test_generated.hpp,"(24, 1)-(30, 2)",b'namespace Example2 {\n\nstruct Monster;\nstruct ...'
flatbuffers,../repos/flatbuffers/tests/monster_test_suffix/ext_only/monster_test_generated.hpp,"(32, 1)-(64, 2)",b'namespace Example {\n\nstruct Test;\n\nstruct Tes...'
flatbuffers,../repos/flatbuffers/tests/monster_test_suffix/ext_only/monster_test_generated.hpp,"(68, 1)-(72, 2)",b'namespace Example2 {\n\nbool operator==(const M...'
flatbuffers,../repos/flatbuffers/tests/monster_test_suffix/ext_only/monster_test_generated.hpp,"(74, 1)-(97, 2)",b'namespace Example {\n\nbool operator==(const Te...'
flatbuffers,../repos/flatbuffers/tests/monster_test_suffix/ext_only/monster_test_generated.hpp,"(101, 1)-(105, 2)",b'namespace Example2 {\n\ninline const ::flatbuff...'
flatbuffers,../repos/flatbuffers/tests/monster_test_suffix/ext_only/monster_test_generated.hpp,"(107, 1)-(940, 2)",b'namespace Example {\n\ninline const ::flatbuffe...'
flatbuffers,../repos/flatbuffers/tests/monster_test_suffix/ext_only/monster_test_generated.hpp,"(984, 1)-(1028, 2)",b'namespace Example2 {\n\nstruct MonsterT : publi...'
flatbuffers,../repos/flatbuffers/tests/monster_test_suffix/ext_only/monster_test_generated.hpp,"(1030, 1)-(2659, 2)",b'namespace Example {\n\nstruct TestSimpleTableWi...'
flatbuffers,../repos/flatbuffers/tests/monster_test_suffix/ext_only/monster_test_generated.hpp,"(2694, 1)-(2729, 2)",b'namespace Example2 {\n\n\ninline bool operator==...'
flatbuffers,../repos/flatbuffers/tests/monster_test_suffix/ext_only/monster_test_generated.hpp,"(2731, 1)-(3809, 2)",b'namespace Example {\n\n\ninline bool operator==(...'
flatbuffers,../repos/flatbuffers/tests/monster_test_suffix/ext_only/monster_test_generated.hpp,"(3818, 1)-(3827, 2)",b'namespace Example2 {\n\ninline const ::flatbuff...'
flatbuffers,../repos/flatbuffers/tests/monster_test_suffix/ext_only/monster_test_generated.hpp,"(3829, 1)-(4229, 2)",b'namespace Example {\n\ninline const ::flatbuffe...'
flatbuffers,../repos/flatbuffers/tests/monster_test_suffix/monster_test.grpc.fb.cc,"(16, 1)-(130, 2)",b'namespace MyGame {\nnamespace Example {\n\nstati...'
flatbuffers,../repos/flatbuffers/tests/monster_test_suffix/monster_test.grpc.fb.cc,"(17, 1)-(129, 2)",b'namespace Example {\n\nstatic const char* Monst...'
flatbuffers,../repos/flatbuffers/tests/monster_test_suffix/monster_test.grpc.fb.h,"(20, 1)-(25, 2)",b'namespace grpc {\nclass CompletionQueue;\nclass...'
flatbuffers,../repos/flatbuffers/tests/monster_test_suffix/monster_test.grpc.fb.h,"(27, 1)-(347, 2)",b'namespace MyGame {\nnamespace Example {\n\nclass...'
flatbuffers,../repos/flatbuffers/tests/monster_test_suffix/monster_test.grpc.fb.h,"(28, 1)-(346, 2)",b'namespace Example {\n\nclass MonsterStorage fin...'
flatbuffers,../repos/flatbuffers/tests/native_type_test_impl.h,"(4, 1)-(21, 2)",b'namespace Native {\nstruct Vector3D {\n  float ...'
flatbuffers,../repos/flatbuffers/tests/native_type_test_impl.h,"(23, 1)-(26, 2)",b'namespace Geometry {\nstruct Vector3D;\nstruct ...'
flatbuffers,../repos/flatbuffers/tests/native_type_test_impl.h,"(28, 1)-(33, 2)",b'namespace flatbuffers {\nGeometry::Vector3D Pa...'
flatbuffers,../repos/flatbuffers/tests/monster_test_bfbs_generated.h,"(9, 1)-(761, 2)",b'namespace MyGame {\nnamespace Example {\n\nstruc...'
flatbuffers,../repos/flatbuffers/tests/monster_test_bfbs_generated.h,"(10, 1)-(760, 2)",b'namespace Example {\n\nstruct MonsterBinarySche...'
flatbuffers,../repos/flatbuffers/tests/json_test.h,"(6, 1)-(17, 2)",b'namespace flatbuffers {\nnamespace tests {\n\nvo...'
flatbuffers,../repos/flatbuffers/tests/json_test.h,"(7, 1)-(16, 2)",b'namespace tests {\n\nvoid JsonDefaultTest(const...'
flatbuffers,../repos/flatbuffers/tests/parser_test.cpp,"(10, 1)-(932, 2)",b'namespace flatbuffers {\nnamespace tests {\nnam...'
flatbuffers,../repos/flatbuffers/tests/parser_test.cpp,"(11, 1)-(931, 2)",b'namespace tests {\nnamespace {\n\n// Shortcuts f...'
flatbuffers,../repos/flatbuffers/tests/parser_test.cpp,"(12, 1)-(51, 2)",b'namespace {\n\n// Shortcuts for the infinity.\ns...'
flatbuffers,../repos/flatbuffers/tests/cpp17/generated_cpp17/optional_scalars2_generated.h,"(9, 1)-(900, 2)",b'namespace optional_scalars {\n\nstruct ScalarSt...'
flatbuffers,../repos/flatbuffers/tests/cpp17/generated_cpp17/monster_test_generated.h,"(18, 1)-(4277, 2)",b'namespace MyGame {\n\nstruct InParentNamespace;...'
flatbuffers,../repos/flatbuffers/tests/cpp17/generated_cpp17/monster_test_generated.h,"(24, 1)-(30, 2)",b'namespace Example2 {\n\nstruct Monster;\nstruct ...'
flatbuffers,../repos/flatbuffers/tests/cpp17/generated_cpp17/monster_test_generated.h,"(32, 1)-(64, 2)",b'namespace Example {\n\nstruct Test;\n\nstruct Tes...'
flatbuffers,../repos/flatbuffers/tests/cpp17/generated_cpp17/monster_test_generated.h,"(68, 1)-(72, 2)",b'namespace Example2 {\n\ninline const ::flatbuff...'
flatbuffers,../repos/flatbuffers/tests/cpp17/generated_cpp17/monster_test_generated.h,"(74, 1)-(871, 2)",b'namespace Example {\n\ninline const ::flatbuffe...'
flatbuffers,../repos/flatbuffers/tests/cpp17/generated_cpp17/monster_test_generated.h,"(925, 1)-(979, 2)",b'namespace Example2 {\n\nstruct MonsterT : publi...'
flatbuffers,../repos/flatbuffers/tests/cpp17/generated_cpp17/monster_test_generated.h,"(981, 1)-(2851, 2)",b'namespace Example {\n\nstruct TestSimpleTableWi...'
flatbuffers,../repos/flatbuffers/tests/cpp17/generated_cpp17/monster_test_generated.h,"(2876, 1)-(2901, 2)",b'namespace Example2 {\n\ninline MonsterT *Monste...'
flatbuffers,../repos/flatbuffers/tests/cpp17/generated_cpp17/monster_test_generated.h,"(2903, 1)-(3856, 2)",b'namespace Example {\n\ninline TestSimpleTableWi...'
flatbuffers,../repos/flatbuffers/tests/cpp17/generated_cpp17/monster_test_generated.h,"(3865, 1)-(3874, 2)",b'namespace Example2 {\n\ninline const ::flatbuff...'
flatbuffers,../repos/flatbuffers/tests/cpp17/generated_cpp17/monster_test_generated.h,"(3876, 1)-(4276, 2)",b'namespace Example {\n\ninline const ::flatbuffe...'
flatbuffers,../repos/flatbuffers/tests/cpp17/generated_cpp17/optional_scalars_generated.h,"(16, 1)-(999, 2)",b'namespace optional_scalars {\n\nstruct ScalarSt...'
flatbuffers,../repos/flatbuffers/tests/cpp17/stringify_util.h,"(32, 1)-(189, 2)",b'namespace cpp17 {\n\n// User calls this; need t...'
flatbuffers,../repos/flatbuffers/tests/cpp17/stringify_util.h,"(39, 1)-(122, 2)",b'namespace detail {\n\n/************************...'
flatbuffers,../repos/flatbuffers/tests/cpp17/test_cpp17.cpp,"(33, 1)-(37, 2)","b'namespace cpp17 {\n#include ""generated_cpp17/m...'"
flatbuffers,../repos/flatbuffers/tests/cpp17/test_cpp17.cpp,"(39, 1)-(42, 2)","b'namespace cpp11 {\n#include ""../monster_test_g...'"
flatbuffers,../repos/flatbuffers/tests/cpp17/test_cpp17.cpp,"(50, 1)-(264, 2)",b'namespace {\nconst Monster *BuildMonster(flatb...'
flatbuffers,../repos/flatbuffers/tests/evolution_test.cpp,"(8, 1)-(190, 2)",b'namespace flatbuffers {\nnamespace tests {\n\nvo...'
flatbuffers,../repos/flatbuffers/tests/evolution_test.cpp,"(9, 1)-(189, 2)",b'namespace tests {\n\nvoid EvolutionTest(const s...'
flatbuffers,../repos/flatbuffers/tests/key_field/key_field_sample_generated.h,"(16, 1)-(1022, 2)",b'namespace keyfield {\nnamespace sample {\n\nstru...'
flatbuffers,../repos/flatbuffers/tests/key_field/key_field_sample_generated.h,"(17, 1)-(1021, 2)",b'namespace sample {\n\nstruct Baz;\n\nstruct Bar;\n...'
flatbuffers,../repos/flatbuffers/tests/proto_test.h,"(8, 1)-(30, 2)",b'namespace flatbuffers {\nnamespace tests {\n\nvo...'
flatbuffers,../repos/flatbuffers/tests/proto_test.h,"(9, 1)-(29, 2)",b'namespace tests {\n\nvoid RunTest(const flatbuf...'
flatbuffers,../repos/flatbuffers/tests/flexbuffers_test.cpp,"(10, 1)-(300, 2)",b'namespace flatbuffers {\nnamespace tests {\n\n//...'
flatbuffers,../repos/flatbuffers/tests/flexbuffers_test.cpp,"(11, 1)-(299, 2)",b'namespace tests {\n\n// Shortcuts for the infin...'
flatbuffers,../repos/flatbuffers/tests/flexbuffers_test.h,"(4, 1)-(14, 2)",b'namespace flatbuffers {\nnamespace tests {\n\nvo...'
flatbuffers,../repos/flatbuffers/tests/flexbuffers_test.h,"(5, 1)-(13, 2)",b'namespace tests {\n\nvoid FlexBuffersTest();\nvo...'
flatbuffers,../repos/flatbuffers/tests/proto_test.cpp,"(7, 1)-(336, 2)",b'namespace flatbuffers {\nnamespace tests {\n\nvo...'
flatbuffers,../repos/flatbuffers/tests/proto_test.cpp,"(8, 1)-(335, 2)",b'namespace tests {\n\nvoid RunTest(const flatbuf...'
flatbuffers,../repos/flatbuffers/tests/monster_test.grpc.fb.cc,"(16, 1)-(130, 2)",b'namespace MyGame {\nnamespace Example {\n\nstati...'
flatbuffers,../repos/flatbuffers/tests/monster_test.grpc.fb.cc,"(17, 1)-(129, 2)",b'namespace Example {\n\nstatic const char* Monst...'
flatbuffers,../repos/flatbuffers/tests/json_test.cpp,"(10, 1)-(207, 2)",b'namespace flatbuffers {\nnamespace tests {\n\nus...'
flatbuffers,../repos/flatbuffers/tests/json_test.cpp,"(11, 1)-(206, 2)",b'namespace tests {\n\nusing namespace MyGame::Ex...'
flatbuffers,../repos/flatbuffers/tests/test_builder.h,"(14, 1)-(18, 2)",b'namespace flatbuffers {\nnamespace grpc {\nclas...'
flatbuffers,../repos/flatbuffers/tests/test_builder.h,"(15, 1)-(17, 2)",b'namespace grpc {\nclass MessageBuilder;\n}'
flatbuffers,../repos/flatbuffers/tests/monster_test_generated.grpc.fb.h,"(20, 1)-(25, 2)",b'namespace grpc {\nclass CompletionQueue;\nclass...'
flatbuffers,../repos/flatbuffers/tests/monster_test_generated.grpc.fb.h,"(27, 1)-(347, 2)",b'namespace MyGame {\nnamespace Example {\n\nclass...'
flatbuffers,../repos/flatbuffers/tests/monster_test_generated.grpc.fb.h,"(28, 1)-(346, 2)",b'namespace Example {\n\nclass MonsterStorage fin...'
flatbuffers,../repos/flatbuffers/tests/union_underlying_type_test_generated.h,"(16, 1)-(878, 2)",b'namespace UnionUnderlyingType {\n\nstruct A;\nst...'
flatbuffers,../repos/flatbuffers/tests/reflection_test.cpp,"(12, 1)-(327, 2)",b'namespace flatbuffers {\nnamespace tests {\n\nus...'
flatbuffers,../repos/flatbuffers/tests/reflection_test.cpp,"(13, 1)-(326, 2)",b'namespace tests {\n\nusing namespace MyGame::Ex...'
flatbuffers,../repos/flatbuffers/tests/monster_test.grpc.fb.h,"(20, 1)-(25, 2)",b'namespace grpc {\nclass CompletionQueue;\nclass...'
flatbuffers,../repos/flatbuffers/tests/monster_test.grpc.fb.h,"(27, 1)-(347, 2)",b'namespace MyGame {\nnamespace Example {\n\nclass...'
flatbuffers,../repos/flatbuffers/tests/monster_test.grpc.fb.h,"(28, 1)-(346, 2)",b'namespace Example {\n\nclass MonsterStorage fin...'
flatbuffers,../repos/flatbuffers/tests/native_type_test_impl.cpp,"(5, 1)-(21, 2)",b'namespace flatbuffers {\nGeometry::Vector3D Pa...'
flatbuffers,../repos/flatbuffers/tests/optional_scalars_test.h,"(5, 1)-(11, 2)",b'namespace flatbuffers {\nnamespace tests {\n\nvo...'
flatbuffers,../repos/flatbuffers/tests/optional_scalars_test.h,"(6, 1)-(10, 2)",b'namespace tests {\n\nvoid OptionalScalarsTest();\n\n}'
flatbuffers,../repos/flatbuffers/samples/monster_generated.h,"(16, 1)-(921, 2)",b'namespace MyGame {\nnamespace Sample {\n\nstruct...'
flatbuffers,../repos/flatbuffers/samples/monster_generated.h,"(17, 1)-(920, 2)",b'namespace Sample {\n\nstruct Vec3;\n\nstruct Mons...'
flatbuffers,../repos/flatbuffers/goldens/cpp/basic_generated.h,"(16, 1)-(161, 2)",b'namespace flatbuffers {\nnamespace goldens {\n\n...'
flatbuffers,../repos/flatbuffers/goldens/cpp/basic_generated.h,"(17, 1)-(160, 2)",b'namespace goldens {\n\nstruct Galaxy;\nstruct Ga...'
flatbuffers,../repos/flatbuffers/grpc/src/compiler/java_generator.cc,"(45, 1)-(1123, 2)",b'namespace grpc_java_generator {\ntypedef std::...'
flatbuffers,../repos/flatbuffers/grpc/src/compiler/java_generator.cc,"(47, 1)-(1101, 2)",b'namespace {\n// Generates imports for the serv...'
flatbuffers,../repos/flatbuffers/grpc/src/compiler/swift_generator.h,"(27, 1)-(31, 2)",b'namespace grpc {\n\ntypedef GRPC_CUSTOM_STRING ...'
flatbuffers,../repos/flatbuffers/grpc/src/compiler/swift_generator.h,"(33, 1)-(37, 2)",b'namespace grpc_swift_generator {\ngrpc::string...'
flatbuffers,../repos/flatbuffers/grpc/src/compiler/schema_interface.h,"(31, 1)-(35, 2)",b'namespace grpc {\n\ntypedef GRPC_CUSTOM_STRING ...'
flatbuffers,../repos/flatbuffers/grpc/src/compiler/schema_interface.h,"(37, 1)-(117, 2)",b'namespace grpc_generator {\n\n// A common inter...'
flatbuffers,../repos/flatbuffers/grpc/src/compiler/swift_generator.cc,"(30, 1)-(440, 2)",b'namespace grpc_swift_generator {\nnamespace {\n...'
flatbuffers,../repos/flatbuffers/grpc/src/compiler/swift_generator.cc,"(31, 1)-(376, 2)",b'namespace {\n\nstatic std::string WrapInNameSpa...'
flatbuffers,../repos/flatbuffers/grpc/src/compiler/ts_generator.h,"(12, 1)-(16, 2)",b'namespace grpc {\n\ntypedef GRPC_CUSTOM_STRING ...'
flatbuffers,../repos/flatbuffers/grpc/src/compiler/ts_generator.h,"(18, 1)-(26, 2)",b'namespace grpc_ts_generator {\ngrpc::string Ge...'
flatbuffers,../repos/flatbuffers/grpc/src/compiler/ts_generator.cc,"(32, 1)-(523, 2)",b'namespace grpc_ts_generator {\nnamespace {\n\nst...'
flatbuffers,../repos/flatbuffers/grpc/src/compiler/ts_generator.cc,"(33, 1)-(216, 2)",b'namespace {\n\nstatic grpc::string GenerateName...'
flatbuffers,../repos/flatbuffers/grpc/src/compiler/ts_generator.cc,"(239, 1)-(495, 2)",b'namespace {\n\n// MARK: - Generate Interface\n\ns...'
flatbuffers,../repos/flatbuffers/grpc/src/compiler/python_generator.h,"(26, 1)-(30, 2)",b'namespace grpc_python_generator {\n\ngrpc::stri...'
flatbuffers,../repos/flatbuffers/grpc/src/compiler/cpp_generator.h,"(18, 1)-(22, 2)",b'namespace grpc {\n\ntypedef GRPC_CUSTOM_STRING ...'
flatbuffers,../repos/flatbuffers/grpc/src/compiler/cpp_generator.h,"(24, 1)-(104, 2)",b'namespace grpc_cpp_generator {\n\n// Contains a...'
flatbuffers,../repos/flatbuffers/grpc/src/compiler/cpp_generator.cc,"(8, 1)-(1766, 2)",b'namespace grpc_cpp_generator {\nnamespace {\n\ns...'
flatbuffers,../repos/flatbuffers/grpc/src/compiler/cpp_generator.cc,"(9, 1)-(67, 2)",b'namespace {\n\nstatic grpc::string service_head...'
flatbuffers,../repos/flatbuffers/grpc/src/compiler/cpp_generator.cc,"(144, 1)-(1069, 2)",b'namespace {\n\nstatic void PrintHeaderClientMet...'
flatbuffers,../repos/flatbuffers/grpc/src/compiler/cpp_generator.cc,"(1190, 1)-(1502, 2)",b'namespace {\n\nstatic void PrintSourceClientMet...'
flatbuffers,../repos/flatbuffers/grpc/src/compiler/cpp_generator.cc,"(1607, 1)-(1717, 2)",b'namespace {\n\nstatic void PrintMockClientMetho...'
flatbuffers,../repos/flatbuffers/grpc/src/compiler/python_generator.cc,"(25, 1)-(151, 2)",b'namespace grpc_python_generator {\nnamespace {...'
flatbuffers,../repos/flatbuffers/grpc/src/compiler/python_generator.cc,"(26, 1)-(135, 2)",b'namespace {\n\nstatic grpc::string GenerateMeth...'
flatbuffers,../repos/flatbuffers/grpc/src/compiler/java_generator.h,"(68, 1)-(83, 2)",b'namespace grpc_java_generator {\nstruct Parame...'
flatbuffers,../repos/flatbuffers/grpc/src/compiler/go_generator.h,"(11, 1)-(31, 2)",b'namespace grpc_go_generator {\n\nstruct Paramet...'
flatbuffers,../repos/flatbuffers/grpc/src/compiler/go_generator.cc,"(21, 1)-(507, 2)",b'namespace grpc_go_generator {\nnamespace {\n\n//...'
flatbuffers,../repos/flatbuffers/grpc/src/compiler/go_generator.cc,"(22, 1)-(484, 2)",b'namespace {\n\n// Returns string with first let...'
