Repo name,File name,Location,Content
flatbuffers,../repos/flatbuffers/src/binary_annotator.cpp,"(8, 10)-(8, 18)",b'#include <vector>\n'
flatbuffers,../repos/flatbuffers/src/bfbs_gen_lua.cpp,"(20, 10)-(20, 15)",b'#include <map>\n'
flatbuffers,../repos/flatbuffers/src/bfbs_gen_lua.cpp,"(23, 10)-(23, 25)",b'#include <unordered_set>\n'
flatbuffers,../repos/flatbuffers/src/bfbs_gen_lua.cpp,"(24, 10)-(24, 18)",b'#include <vector>\n'
flatbuffers,../repos/flatbuffers/src/file_binary_writer.cpp,"(18, 10)-(18, 15)",b'#include <set>\n'
flatbuffers,../repos/flatbuffers/src/idl_gen_binary.cpp,"(24, 10)-(24, 25)",b'#include <unordered_set>\n'
flatbuffers,../repos/flatbuffers/src/idl_gen_csharp.cpp,"(21, 10)-(21, 25)",b'#include <unordered_set>\n'
flatbuffers,../repos/flatbuffers/src/binary_annotator.h,"(20, 10)-(20, 16)",b'#include <list>\n'
flatbuffers,../repos/flatbuffers/src/binary_annotator.h,"(21, 10)-(21, 15)",b'#include <map>\n'
flatbuffers,../repos/flatbuffers/src/binary_annotator.h,"(23, 10)-(23, 18)",b'#include <vector>\n'
flatbuffers,../repos/flatbuffers/src/idl_gen_fbs.cpp,"(20, 10)-(20, 25)",b'#include <unordered_map>\n'
flatbuffers,../repos/flatbuffers/src/idl_gen_fbs.cpp,"(22, 10)-(22, 18)",b'#include <vector>\n'
flatbuffers,../repos/flatbuffers/src/annotated_binary_text_gen.h,"(20, 10)-(20, 15)",b'#include <map>\n'
flatbuffers,../repos/flatbuffers/src/idl_gen_python.cpp,"(22, 10)-(22, 15)",b'#include <set>\n'
flatbuffers,../repos/flatbuffers/src/idl_gen_python.cpp,"(24, 10)-(24, 25)",b'#include <unordered_set>\n'
flatbuffers,../repos/flatbuffers/src/idl_gen_python.cpp,"(25, 10)-(25, 18)",b'#include <vector>\n'
flatbuffers,../repos/flatbuffers/src/idl_gen_kotlin.cpp,"(22, 10)-(22, 25)",b'#include <unordered_set>\n'
flatbuffers,../repos/flatbuffers/src/idl_gen_lobster.cpp,"(20, 10)-(20, 25)",b'#include <unordered_set>\n'
flatbuffers,../repos/flatbuffers/src/idl_gen_swift.cpp,"(20, 10)-(20, 25)",b'#include <unordered_set>\n'
flatbuffers,../repos/flatbuffers/src/idl_parser.cpp,"(20, 10)-(20, 16)",b'#include <list>\n'
flatbuffers,../repos/flatbuffers/src/file_writer.cpp,"(18, 10)-(18, 15)",b'#include <set>\n'
flatbuffers,../repos/flatbuffers/src/idl_gen_kotlin_kmp.cpp,"(20, 10)-(20, 25)",b'#include <unordered_set>\n'
flatbuffers,../repos/flatbuffers/src/bfbs_gen_nim.cpp,"(20, 10)-(20, 15)",b'#include <map>\n'
flatbuffers,../repos/flatbuffers/src/bfbs_gen_nim.cpp,"(23, 10)-(23, 25)",b'#include <unordered_set>\n'
flatbuffers,../repos/flatbuffers/src/bfbs_gen_nim.cpp,"(24, 10)-(24, 18)",b'#include <vector>\n'
flatbuffers,../repos/flatbuffers/src/file_name_saving_file_manager.cpp,"(18, 10)-(18, 15)",b'#include <set>\n'
flatbuffers,../repos/flatbuffers/src/flatc.cpp,"(21, 10)-(21, 16)",b'#include <list>\n'
flatbuffers,../repos/flatbuffers/src/idl_gen_cpp.cpp,"(24, 10)-(24, 25)",b'#include <unordered_set>\n'
flatbuffers,../repos/flatbuffers/src/idl_gen_ts.cpp,"(23, 10)-(23, 25)",b'#include <unordered_map>\n'
flatbuffers,../repos/flatbuffers/src/idl_gen_ts.cpp,"(24, 10)-(24, 25)",b'#include <unordered_set>\n'
flatbuffers,../repos/flatbuffers/include/flatbuffers/idl.h,"(22, 10)-(22, 15)",b'#include <map>\n'
flatbuffers,../repos/flatbuffers/include/flatbuffers/idl.h,"(24, 10)-(24, 17)",b'#include <stack>\n'
flatbuffers,../repos/flatbuffers/include/flatbuffers/stl_emulation.h,"(25, 10)-(25, 18)",b'#include <vector>\n'
flatbuffers,../repos/flatbuffers/include/flatbuffers/stl_emulation.h,"(55, 12)-(55, 19)",b'#include <array>\n'
flatbuffers,../repos/flatbuffers/include/flatbuffers/stl_emulation.h,"(63, 14)-(63, 21)",b'#include <array>\n'
flatbuffers,../repos/flatbuffers/include/flatbuffers/flatc.h,"(22, 10)-(22, 16)",b'#include <list>\n'
flatbuffers,../repos/flatbuffers/include/flatbuffers/base.h,"(43, 10)-(43, 18)",b'#include <vector>\n'
flatbuffers,../repos/flatbuffers/include/flatbuffers/base.h,"(44, 10)-(44, 15)",b'#include <set>\n'
flatbuffers,../repos/flatbuffers/include/flatbuffers/code_generators.h,"(20, 10)-(20, 15)",b'#include <map>\n'
flatbuffers,../repos/flatbuffers/include/flatbuffers/pch/flatc_pch.h,"(24, 10)-(24, 25)",b'#include <unordered_set>\n'
flatbuffers,../repos/flatbuffers/include/flatbuffers/pch/flatc_pch.h,"(25, 10)-(25, 25)",b'#include <unordered_map>\n'
flatbuffers,../repos/flatbuffers/include/flatbuffers/pch/flatc_pch.h,"(28, 10)-(28, 15)",b'#include <set>\n'
flatbuffers,../repos/flatbuffers/include/flatbuffers/pch/pch.h,"(24, 10)-(24, 16)",b'#include <list>\n'
flatbuffers,../repos/flatbuffers/include/flatbuffers/pch/pch.h,"(28, 10)-(28, 15)",b'#include <map>\n'
flatbuffers,../repos/flatbuffers/include/flatbuffers/pch/pch.h,"(31, 10)-(31, 17)",b'#include <stack>\n'
flatbuffers,../repos/flatbuffers/include/flatbuffers/pch/pch.h,"(32, 10)-(32, 18)",b'#include <vector>\n'
flatbuffers,../repos/flatbuffers/include/flatbuffers/file_manager.h,"(20, 10)-(20, 15)",b'#include <set>\n'
flatbuffers,../repos/flatbuffers/include/flatbuffers/flexbuffers.h,"(21, 10)-(21, 15)",b'#include <map>\n'
flatbuffers,../repos/flatbuffers/tests/monster_test.cpp,"(4, 10)-(4, 18)",b'#include <vector>\n'
flatbuffers,../repos/flatbuffers/tests/optional_scalars_test.cpp,"(4, 10)-(4, 18)",b'#include <vector>\n'
flatbuffers,../repos/flatbuffers/tests/cpp17/stringify_util.h,"(27, 10)-(27, 18)",b'#include <vector>\n'
flatbuffers,../repos/flatbuffers/tests/test_builder.h,"(4, 10)-(4, 15)",b'#include <set>\n'
flatbuffers,../repos/flatbuffers/grpc/src/compiler/java_generator.cc,"(22, 10)-(22, 15)",b'#include <map>\n'
flatbuffers,../repos/flatbuffers/grpc/src/compiler/java_generator.cc,"(24, 10)-(24, 18)",b'#include <vector>\n'
flatbuffers,../repos/flatbuffers/grpc/src/compiler/swift_generator.h,"(18, 10)-(18, 18)",b'#include <vector>\n'
flatbuffers,../repos/flatbuffers/grpc/src/compiler/schema_interface.h,"(22, 10)-(22, 15)",b'#include <map>\n'
flatbuffers,../repos/flatbuffers/grpc/src/compiler/schema_interface.h,"(24, 10)-(24, 18)",b'#include <vector>\n'
flatbuffers,../repos/flatbuffers/grpc/src/compiler/swift_generator.cc,"(23, 10)-(23, 15)",b'#include <map>\n'
flatbuffers,../repos/flatbuffers/grpc/src/compiler/ts_generator.h,"(2, 10)-(2, 15)",b'#include <set>\n'
flatbuffers,../repos/flatbuffers/grpc/src/compiler/ts_generator.h,"(3, 10)-(3, 18)",b'#include <vector>\n'
flatbuffers,../repos/flatbuffers/grpc/src/compiler/ts_generator.cc,"(26, 10)-(26, 15)",b'#include <map>\n'
flatbuffers,../repos/flatbuffers/grpc/src/compiler/cpp_generator.h,"(9, 10)-(9, 18)",b'#include <vector>\n'
flatbuffers,../repos/flatbuffers/grpc/src/compiler/cpp_generator.cc,"(3, 10)-(3, 15)",b'#include <map>\n'
flatbuffers,../repos/flatbuffers/grpc/src/compiler/python_generator.cc,"(19, 10)-(19, 15)",b'#include <map>\n'
flatbuffers,../repos/flatbuffers/grpc/src/compiler/java_generator.h,"(22, 10)-(22, 15)",b'#include <map>\n'
flatbuffers,../repos/flatbuffers/grpc/src/compiler/go_generator.h,"(7, 10)-(7, 18)",b'#include <vector>\n'
flatbuffers,../repos/flatbuffers/grpc/src/compiler/go_generator.cc,"(4, 10)-(4, 15)",b'#include <map>\n'
