Repo name,File name,Location,Content
flatbuffers,../repos/flatbuffers/src/idl_gen_fbs.cpp,"(178, 3)-(178, 33)",b'using FieldName = std::string;'
flatbuffers,../repos/flatbuffers/src/idl_gen_fbs.cpp,"(179, 3)-(179, 29)",b'using FieldID = voffset_t;'
flatbuffers,../repos/flatbuffers/src/idl_gen_fbs.cpp,"(180, 3)-(180, 67)",b'using FieldNameToIdMap = std::unordered_map<F...'
flatbuffers,../repos/flatbuffers/src/idl_gen_fbs.cpp,"(200, 3)-(200, 60)","b'using ProtoIdFieldNamePair = std::pair<int, s...'"
flatbuffers,../repos/flatbuffers/include/flatbuffers/vector.h,"(124, 1)-(124, 75)","b'using VectorConstIterator = VectorIterator<T,...'"
flatbuffers,../repos/flatbuffers/include/flatbuffers/vector.h,"(304, 22)-(304, 62)","b'using Vector64 = Vector<T, uoffset64_t>;'"
flatbuffers,../repos/flatbuffers/include/flatbuffers/stl_emulation.h,"(72, 3)-(72, 49)",b'using numeric_limits = std::numeric_limits<T>;'
flatbuffers,../repos/flatbuffers/include/flatbuffers/stl_emulation.h,"(79, 25)-(79, 61)",b'using is_scalar = std::is_scalar<T>;'
flatbuffers,../repos/flatbuffers/include/flatbuffers/stl_emulation.h,"(80, 37)-(80, 71)","b'using is_same = std::is_same<T,U>;'"
flatbuffers,../repos/flatbuffers/include/flatbuffers/stl_emulation.h,"(81, 25)-(81, 77)",b'using is_floating_point = std::is_floating_po...'
flatbuffers,../repos/flatbuffers/include/flatbuffers/stl_emulation.h,"(82, 25)-(82, 65)",b'using is_unsigned = std::is_unsigned<T>;'
flatbuffers,../repos/flatbuffers/include/flatbuffers/stl_emulation.h,"(83, 25)-(83, 57)",b'using is_enum = std::is_enum<T>;'
flatbuffers,../repos/flatbuffers/include/flatbuffers/stl_emulation.h,"(84, 25)-(84, 69)",b'using make_unsigned = std::make_unsigned<T>;'
flatbuffers,../repos/flatbuffers/include/flatbuffers/stl_emulation.h,"(86, 3)-(86, 49)","b'using conditional = std::conditional<B, T, F>;'"
flatbuffers,../repos/flatbuffers/include/flatbuffers/stl_emulation.h,"(88, 3)-(88, 58)",b'using integral_constant = std::integral_const...'
flatbuffers,../repos/flatbuffers/include/flatbuffers/stl_emulation.h,"(90, 3)-(90, 52)","b'using bool_constant = integral_constant<bool, B>;'"
flatbuffers,../repos/flatbuffers/include/flatbuffers/stl_emulation.h,"(91, 3)-(91, 37)",b'using true_type  = std::true_type;'
flatbuffers,../repos/flatbuffers/include/flatbuffers/stl_emulation.h,"(92, 3)-(92, 38)",b'using false_type = std::false_type;'
flatbuffers,../repos/flatbuffers/include/flatbuffers/stl_emulation.h,"(113, 22)-(113, 60)",b'using unique_ptr = std::unique_ptr<T>;'
flatbuffers,../repos/flatbuffers/include/flatbuffers/stl_emulation.h,"(142, 1)-(142, 35)",b'using Optional = std::optional<T>;'
flatbuffers,../repos/flatbuffers/include/flatbuffers/stl_emulation.h,"(143, 1)-(143, 34)",b'using nullopt_t = std::nullopt_t;'
flatbuffers,../repos/flatbuffers/include/flatbuffers/stl_emulation.h,"(285, 3)-(285, 37)","b'using span = std::span<T, Extent>;'"
flatbuffers,../repos/flatbuffers/include/flatbuffers/stl_emulation.h,"(301, 5)-(304, 50)",b'using type =\n      typename std::conditional<...'
flatbuffers,../repos/flatbuffers/include/flatbuffers/stl_emulation.h,"(310, 5)-(310, 57)",b'using iterator_category = std::forward_iterat...'
flatbuffers,../repos/flatbuffers/include/flatbuffers/stl_emulation.h,"(311, 5)-(311, 45)",b'using difference_type  = std::ptrdiff_t;'
flatbuffers,../repos/flatbuffers/include/flatbuffers/stl_emulation.h,"(312, 5)-(312, 57)",b'using value_type = typename std::remove_cv<T>...'
flatbuffers,../repos/flatbuffers/include/flatbuffers/stl_emulation.h,"(313, 5)-(313, 26)",b'using reference = T&;'
flatbuffers,../repos/flatbuffers/include/flatbuffers/stl_emulation.h,"(314, 5)-(314, 26)",b'using pointer   = T*;'
flatbuffers,../repos/flatbuffers/include/flatbuffers/stl_emulation.h,"(318, 7)-(318, 39)",b'using _Unchecked_type = pointer;'
flatbuffers,../repos/flatbuffers/include/flatbuffers/stl_emulation.h,"(373, 5)-(373, 48)",b'using Iterator = internal::SpanIterator<T>;'
flatbuffers,../repos/flatbuffers/include/flatbuffers/flatbuffer_builder.h,"(1427, 1)-(1427, 56)",b'using FlatBufferBuilder = FlatBufferBuilderIm...'
flatbuffers,../repos/flatbuffers/include/flatbuffers/flatbuffer_builder.h,"(1428, 1)-(1428, 57)",b'using FlatBufferBuilder64 = FlatBufferBuilder...'
flatbuffers,../repos/flatbuffers/tests/cpp17/generated_cpp17/optional_scalars2_generated.h,"(598, 3)-(598, 28)",b'using type = ScalarStuff;'
flatbuffers,../repos/flatbuffers/tests/cpp17/generated_cpp17/monster_test_generated.h,"(586, 3)-(586, 21)",b'using type = Test;'
flatbuffers,../repos/flatbuffers/tests/cpp17/generated_cpp17/monster_test_generated.h,"(595, 3)-(595, 71)",b'using FieldType = decltype(std::declval<type>...'
flatbuffers,../repos/flatbuffers/tests/cpp17/generated_cpp17/monster_test_generated.h,"(693, 3)-(693, 21)",b'using type = Vec3;'
flatbuffers,../repos/flatbuffers/tests/cpp17/generated_cpp17/monster_test_generated.h,"(706, 3)-(706, 71)",b'using FieldType = decltype(std::declval<type>...'
flatbuffers,../repos/flatbuffers/tests/cpp17/generated_cpp17/monster_test_generated.h,"(755, 3)-(755, 24)",b'using type = Ability;'
flatbuffers,../repos/flatbuffers/tests/cpp17/generated_cpp17/monster_test_generated.h,"(764, 3)-(764, 71)",b'using FieldType = decltype(std::declval<type>...'
flatbuffers,../repos/flatbuffers/tests/cpp17/generated_cpp17/monster_test_generated.h,"(817, 3)-(817, 32)",b'using type = StructOfStructs;'
flatbuffers,../repos/flatbuffers/tests/cpp17/generated_cpp17/monster_test_generated.h,"(827, 3)-(827, 71)",b'using FieldType = decltype(std::declval<type>...'
flatbuffers,../repos/flatbuffers/tests/cpp17/generated_cpp17/monster_test_generated.h,"(860, 3)-(860, 41)",b'using type = StructOfStructsOfStructs;'
flatbuffers,../repos/flatbuffers/tests/cpp17/generated_cpp17/monster_test_generated.h,"(868, 3)-(868, 71)",b'using FieldType = decltype(std::declval<type>...'
flatbuffers,../repos/flatbuffers/tests/cpp17/generated_cpp17/monster_test_generated.h,"(915, 3)-(915, 34)",b'using type = InParentNamespace;'
flatbuffers,../repos/flatbuffers/tests/cpp17/generated_cpp17/monster_test_generated.h,"(969, 3)-(969, 24)",b'using type = Monster;'
flatbuffers,../repos/flatbuffers/tests/cpp17/generated_cpp17/monster_test_generated.h,"(1046, 3)-(1046, 40)",b'using type = TestSimpleTableWithEnum;'
flatbuffers,../repos/flatbuffers/tests/cpp17/generated_cpp17/monster_test_generated.h,"(1055, 3)-(1055, 71)",b'using FieldType = decltype(std::declval<type>...'
flatbuffers,../repos/flatbuffers/tests/cpp17/generated_cpp17/monster_test_generated.h,"(1160, 3)-(1160, 21)",b'using type = Stat;'
flatbuffers,../repos/flatbuffers/tests/cpp17/generated_cpp17/monster_test_generated.h,"(1171, 3)-(1171, 71)",b'using FieldType = decltype(std::declval<type>...'
flatbuffers,../repos/flatbuffers/tests/cpp17/generated_cpp17/monster_test_generated.h,"(1258, 3)-(1258, 27)",b'using type = Referrable;'
flatbuffers,../repos/flatbuffers/tests/cpp17/generated_cpp17/monster_test_generated.h,"(1267, 3)-(1267, 71)",b'using FieldType = decltype(std::declval<type>...'
flatbuffers,../repos/flatbuffers/tests/cpp17/generated_cpp17/monster_test_generated.h,"(2341, 3)-(2341, 24)",b'using type = Monster;'
flatbuffers,../repos/flatbuffers/tests/cpp17/generated_cpp17/monster_test_generated.h,"(2410, 3)-(2410, 71)",b'using FieldType = decltype(std::declval<type>...'
flatbuffers,../repos/flatbuffers/tests/cpp17/generated_cpp17/monster_test_generated.h,"(2794, 3)-(2794, 28)",b'using type = TypeAliases;'
flatbuffers,../repos/flatbuffers/tests/cpp17/generated_cpp17/monster_test_generated.h,"(2814, 3)-(2814, 71)",b'using FieldType = decltype(std::declval<type>...'
flatbuffers,../repos/flatbuffers/tests/cpp17/generated_cpp17/optional_scalars_generated.h,"(645, 3)-(645, 28)",b'using type = ScalarStuff;'
flatbuffers,../repos/flatbuffers/tests/cpp17/generated_cpp17/optional_scalars_generated.h,"(689, 3)-(689, 71)",b'using FieldType = decltype(std::declval<type>...'
flatbuffers,../repos/flatbuffers/tests/cpp17/generated_cpp17/union_vector_generated.h,"(302, 3)-(302, 25)",b'using type = Rapunzel;'
flatbuffers,../repos/flatbuffers/tests/cpp17/generated_cpp17/union_vector_generated.h,"(310, 3)-(310, 71)",b'using FieldType = decltype(std::declval<type>...'
flatbuffers,../repos/flatbuffers/tests/cpp17/generated_cpp17/union_vector_generated.h,"(343, 3)-(343, 27)",b'using type = BookReader;'
flatbuffers,../repos/flatbuffers/tests/cpp17/generated_cpp17/union_vector_generated.h,"(351, 3)-(351, 71)",b'using FieldType = decltype(std::declval<type>...'
flatbuffers,../repos/flatbuffers/tests/cpp17/generated_cpp17/union_vector_generated.h,"(384, 3)-(384, 27)",b'using type = FallingTub;'
flatbuffers,../repos/flatbuffers/tests/cpp17/generated_cpp17/union_vector_generated.h,"(392, 3)-(392, 71)",b'using FieldType = decltype(std::declval<type>...'
flatbuffers,../repos/flatbuffers/tests/cpp17/generated_cpp17/union_vector_generated.h,"(458, 3)-(458, 25)",b'using type = Attacker;'
flatbuffers,../repos/flatbuffers/tests/cpp17/generated_cpp17/union_vector_generated.h,"(467, 3)-(467, 71)",b'using FieldType = decltype(std::declval<type>...'
flatbuffers,../repos/flatbuffers/tests/cpp17/generated_cpp17/union_vector_generated.h,"(535, 3)-(535, 24)",b'using type = HandFan;'
flatbuffers,../repos/flatbuffers/tests/cpp17/generated_cpp17/union_vector_generated.h,"(544, 3)-(544, 71)",b'using FieldType = decltype(std::declval<type>...'
flatbuffers,../repos/flatbuffers/tests/cpp17/generated_cpp17/union_vector_generated.h,"(674, 3)-(674, 22)",b'using type = Movie;'
flatbuffers,../repos/flatbuffers/tests/cpp17/generated_cpp17/union_vector_generated.h,"(686, 3)-(686, 71)",b'using FieldType = decltype(std::declval<type>...'
flatbuffers,../repos/flatbuffers/tests/cpp17/stringify_util.h,"(135, 3)-(136, 71)",b'using decayed =\n      std::decay_t<std::remov...'
flatbuffers,../repos/flatbuffers/tests/cpp17/test_cpp17.cpp,"(181, 1)-(181, 48)",b'using pos_type = Monster::Traits::FieldType<0>;'
flatbuffers,../repos/flatbuffers/tests/cpp17/test_cpp17.cpp,"(184, 1)-(184, 49)",b'using mana_type = Monster::Traits::FieldType<1>;'
flatbuffers,../repos/flatbuffers/tests/cpp17/test_cpp17.cpp,"(187, 1)-(187, 49)",b'using name_type = Monster::Traits::FieldType<3>;'
flatbuffers,../repos/flatbuffers/tests/cpp17/test_cpp17.cpp,"(197, 3)-(197, 57)",b'using type_to_create_t = cpp17::MyGame::Examp...'
flatbuffers,../repos/flatbuffers/tests/test_assert.h,"(79, 3)-(79, 55)",b'using type = typename std::underlying_type<T>...'
