Repo name,File name,Location,Content
flatbuffers,../repos/flatbuffers/src/idl_gen_dart.cpp,"(83, 3)-(83, 65)","b'typedef std::map<std::string, std::string> na...'"
flatbuffers,../repos/flatbuffers/src/idl_gen_python.cpp,"(38, 1)-(38, 60)","b'typedef std::pair<std::string, std::string> I...'"
flatbuffers,../repos/flatbuffers/src/idl_gen_python.cpp,"(39, 1)-(39, 44)",b'typedef std::set<ImportMapEntry> ImportMap;'
flatbuffers,../repos/flatbuffers/src/idl_gen_kotlin.cpp,"(36, 1)-(36, 81)","b'typedef std::map<std::string, std::pair<std::...'"
flatbuffers,../repos/flatbuffers/src/idl_parser.cpp,"(2376, 3)-(2376, 24)",b'typedef int64_t type;'
flatbuffers,../repos/flatbuffers/src/idl_parser.cpp,"(2379, 3)-(2379, 25)",b'typedef uint64_t type;'
flatbuffers,../repos/flatbuffers/src/idl_parser.cpp,"(2432, 5)-(2432, 57)",b'typedef typename EnumHelper::EnumValType<E>::...'
flatbuffers,../repos/flatbuffers/src/idl_gen_kotlin_kmp.cpp,"(34, 1)-(34, 81)","b'typedef std::map<std::string, std::pair<std::...'"
flatbuffers,../repos/flatbuffers/src/idl_gen_text.cpp,"(34, 3)-(34, 31)",b'typedef PrintScalarTag type;'
flatbuffers,../repos/flatbuffers/src/idl_gen_text.cpp,"(37, 3)-(37, 32)",b'typedef PrintPointerTag type;'
flatbuffers,../repos/flatbuffers/src/idl_gen_text.cpp,"(161, 5)-(161, 40)","b'typedef Vector<T, SizeT> Container;'"
flatbuffers,../repos/flatbuffers/src/idl_gen_text.cpp,"(162, 5)-(162, 74)",b'typedef typename PrintTag<typename Container:...'
flatbuffers,../repos/flatbuffers/src/idl_gen_text.cpp,"(173, 5)-(173, 40)","b'typedef Array<T, 0xFFFF> Container;'"
flatbuffers,../repos/flatbuffers/src/idl_gen_text.cpp,"(174, 5)-(174, 74)",b'typedef typename PrintTag<typename Container:...'
flatbuffers,../repos/flatbuffers/src/idl_gen_ts.cpp,"(105, 3)-(105, 62)","b'typedef std::map<std::string, ImportDefinitio...'"
flatbuffers,../repos/flatbuffers/android/app/src/main/cpp/generated/animal_generated.h,"(24, 3)-(24, 33)",b'typedef AnimalBuilder Builder;'
flatbuffers,../repos/flatbuffers/android/app/src/main/cpp/generated/animal_generated.h,"(51, 3)-(51, 24)",b'typedef Animal Table;'
flatbuffers,../repos/flatbuffers/include/flatbuffers/buffer.h,"(30, 3)-(30, 33)",b'typedef uoffset_t offset_type;'
flatbuffers,../repos/flatbuffers/include/flatbuffers/buffer.h,"(42, 3)-(42, 35)",b'typedef uoffset64_t offset_type;'
flatbuffers,../repos/flatbuffers/include/flatbuffers/buffer.h,"(94, 3)-(94, 25)",b'typedef T return_type;'
flatbuffers,../repos/flatbuffers/include/flatbuffers/buffer.h,"(95, 3)-(95, 33)",b'typedef T mutable_return_type;'
flatbuffers,../repos/flatbuffers/include/flatbuffers/buffer.h,"(110, 3)-(110, 32)",b'typedef const T *return_type;'
flatbuffers,../repos/flatbuffers/include/flatbuffers/buffer.h,"(111, 3)-(111, 34)",b'typedef T *mutable_return_type;'
flatbuffers,../repos/flatbuffers/include/flatbuffers/buffer.h,"(112, 3)-(112, 56)",b'typedef typename OffsetT<T>::offset_type offs...'
flatbuffers,../repos/flatbuffers/include/flatbuffers/buffer.h,"(139, 3)-(139, 32)",b'typedef const T *return_type;'
flatbuffers,../repos/flatbuffers/include/flatbuffers/buffer.h,"(140, 3)-(140, 34)",b'typedef T *mutable_return_type;'
flatbuffers,../repos/flatbuffers/include/flatbuffers/vector.h,"(33, 3)-(33, 61)",b'typedef std::random_access_iterator_tag itera...'
flatbuffers,../repos/flatbuffers/include/flatbuffers/vector.h,"(34, 3)-(34, 25)",b'typedef IT value_type;'
flatbuffers,../repos/flatbuffers/include/flatbuffers/vector.h,"(35, 3)-(35, 37)",b'typedef ptrdiff_t difference_type;'
flatbuffers,../repos/flatbuffers/include/flatbuffers/vector.h,"(36, 3)-(36, 23)",b'typedef IT *pointer;'
flatbuffers,../repos/flatbuffers/include/flatbuffers/vector.h,"(37, 3)-(37, 25)",b'typedef IT &reference;'
flatbuffers,../repos/flatbuffers/include/flatbuffers/vector.h,"(150, 3)-(152, 16)","b'typedef VectorIterator<T, typename IndirectHe...'"
flatbuffers,../repos/flatbuffers/include/flatbuffers/vector.h,"(153, 3)-(154, 22)","b'typedef VectorConstIterator<T, typename Indir...'"
flatbuffers,../repos/flatbuffers/include/flatbuffers/vector.h,"(155, 3)-(155, 60)",b'typedef VectorReverseIterator<iterator> rever...'
flatbuffers,../repos/flatbuffers/include/flatbuffers/vector.h,"(156, 3)-(156, 72)",b'typedef VectorReverseIterator<const_iterator>...'
flatbuffers,../repos/flatbuffers/include/flatbuffers/vector.h,"(158, 3)-(159, 18)",b'typedef typename flatbuffers::bool_constant<f...'
flatbuffers,../repos/flatbuffers/include/flatbuffers/vector.h,"(170, 3)-(170, 27)",b'typedef SizeT size_type;'
flatbuffers,../repos/flatbuffers/include/flatbuffers/vector.h,"(171, 3)-(171, 63)",b'typedef typename IndirectHelper<T>::return_ty...'
flatbuffers,../repos/flatbuffers/include/flatbuffers/vector.h,"(172, 3)-(172, 79)",b'typedef typename IndirectHelper<T>::mutable_r...'
flatbuffers,../repos/flatbuffers/include/flatbuffers/vector.h,"(173, 3)-(173, 34)",b'typedef return_type value_type;'
flatbuffers,../repos/flatbuffers/include/flatbuffers/stl_emulation.h,"(108, 3)-(108, 42)",b'typedef bool_constant<true>  true_type;'
flatbuffers,../repos/flatbuffers/include/flatbuffers/stl_emulation.h,"(109, 3)-(109, 43)",b'typedef bool_constant<false> false_type;'
flatbuffers,../repos/flatbuffers/include/flatbuffers/stl_emulation.h,"(343, 3)-(343, 24)",b'typedef T& reference;'
flatbuffers,../repos/flatbuffers/include/flatbuffers/stl_emulation.h,"(344, 3)-(344, 36)",b'typedef const T& const_reference;'
flatbuffers,../repos/flatbuffers/include/flatbuffers/stl_emulation.h,"(345, 3)-(345, 22)",b'typedef T* pointer;'
flatbuffers,../repos/flatbuffers/include/flatbuffers/stl_emulation.h,"(346, 3)-(346, 34)",b'typedef const T* const_pointer;'
flatbuffers,../repos/flatbuffers/include/flatbuffers/stl_emulation.h,"(347, 3)-(347, 33)",b'typedef std::size_t size_type;'
flatbuffers,../repos/flatbuffers/include/flatbuffers/array.h,"(32, 3)-(33, 18)",b'typedef typename flatbuffers::bool_constant<f...'
flatbuffers,../repos/flatbuffers/include/flatbuffers/array.h,"(34, 3)-(36, 30)",b'typedef\n      typename flatbuffers::condition...'
flatbuffers,../repos/flatbuffers/include/flatbuffers/array.h,"(39, 3)-(39, 30)",b'typedef uint16_t size_type;'
flatbuffers,../repos/flatbuffers/include/flatbuffers/array.h,"(40, 3)-(40, 80)",b'typedef typename IndirectHelper<IndirectHelpe...'
flatbuffers,../repos/flatbuffers/include/flatbuffers/array.h,"(41, 3)-(41, 73)","b'typedef VectorConstIterator<T, return_type, u...'"
flatbuffers,../repos/flatbuffers/include/flatbuffers/array.h,"(42, 3)-(42, 72)",b'typedef VectorReverseIterator<const_iterator>...'
flatbuffers,../repos/flatbuffers/include/flatbuffers/array.h,"(167, 3)-(167, 35)",b'typedef const void *return_type;'
flatbuffers,../repos/flatbuffers/include/flatbuffers/array.h,"(168, 3)-(168, 30)",b'typedef uint16_t size_type;'
flatbuffers,../repos/flatbuffers/include/flatbuffers/flatc.h,"(73, 3)-(74, 46)",b'typedef void (*WarnFn)(const FlatCompiler *fl...'
flatbuffers,../repos/flatbuffers/include/flatbuffers/flatc.h,"(76, 3)-(77, 59)",b'typedef void (*ErrorFn)(const FlatCompiler *f...'
flatbuffers,../repos/flatbuffers/include/flatbuffers/base.h,"(226, 9)-(226, 46)",b'typedef std::string_view string_view;'
flatbuffers,../repos/flatbuffers/include/flatbuffers/base.h,"(233, 9)-(233, 60)",b'typedef std::experimental::string_view string...'
flatbuffers,../repos/flatbuffers/include/flatbuffers/base.h,"(244, 11)-(244, 49)",b'typedef absl::string_view string_view;'
flatbuffers,../repos/flatbuffers/include/flatbuffers/base.h,"(328, 1)-(328, 28)",b'typedef uint32_t uoffset_t;'
flatbuffers,../repos/flatbuffers/include/flatbuffers/base.h,"(329, 1)-(329, 30)",b'typedef uint64_t uoffset64_t;'
flatbuffers,../repos/flatbuffers/include/flatbuffers/base.h,"(332, 1)-(332, 27)",b'typedef int32_t soffset_t;'
flatbuffers,../repos/flatbuffers/include/flatbuffers/base.h,"(333, 1)-(333, 29)",b'typedef int64_t soffset64_t;'
flatbuffers,../repos/flatbuffers/include/flatbuffers/base.h,"(337, 1)-(337, 28)",b'typedef uint16_t voffset_t;'
flatbuffers,../repos/flatbuffers/include/flatbuffers/base.h,"(339, 1)-(339, 36)",b'typedef uintmax_t largest_scalar_t;'
flatbuffers,../repos/flatbuffers/include/flatbuffers/flatbuffer_builder.h,"(80, 3)-(81, 80)",b'typedef\n      typename std::conditional<Is64A...'
flatbuffers,../repos/flatbuffers/include/flatbuffers/flatbuffer_builder.h,"(739, 5)-(739, 49)",b'typedef typename VectorT<T>::size_type LenT;'
flatbuffers,../repos/flatbuffers/include/flatbuffers/flatbuffer_builder.h,"(740, 5)-(740, 67)",b'typedef typename OffsetT<VectorT<T>>::offset_...'
flatbuffers,../repos/flatbuffers/include/flatbuffers/flatbuffer_builder.h,"(910, 5)-(910, 49)",b'typedef typename VectorT<T>::size_type LenT;'
flatbuffers,../repos/flatbuffers/include/flatbuffers/flatbuffer_builder.h,"(911, 5)-(911, 75)",b'typedef typename OffsetT<VectorT<const T *>>:...'
flatbuffers,../repos/flatbuffers/include/flatbuffers/flatbuffer_builder.h,"(1343, 3)-(1343, 73)","b'typedef std::set<Offset<String>, StringOffset...'"
flatbuffers,../repos/flatbuffers/include/flatbuffers/hash.h,"(73, 3)-(73, 43)",b'typedef T (*HashFunction)(const char *);'
flatbuffers,../repos/flatbuffers/include/flatbuffers/reflection_generated.h,"(170, 3)-(170, 31)",b'typedef TypeBuilder Builder;'
flatbuffers,../repos/flatbuffers/include/flatbuffers/reflection_generated.h,"(212, 3)-(212, 22)",b'typedef Type Table;'
flatbuffers,../repos/flatbuffers/include/flatbuffers/reflection_generated.h,"(263, 3)-(263, 35)",b'typedef KeyValueBuilder Builder;'
flatbuffers,../repos/flatbuffers/include/flatbuffers/reflection_generated.h,"(291, 3)-(291, 26)",b'typedef KeyValue Table;'
flatbuffers,../repos/flatbuffers/include/flatbuffers/reflection_generated.h,"(335, 3)-(335, 34)",b'typedef EnumValBuilder Builder;'
flatbuffers,../repos/flatbuffers/include/flatbuffers/reflection_generated.h,"(382, 3)-(382, 25)",b'typedef EnumVal Table;'
flatbuffers,../repos/flatbuffers/include/flatbuffers/reflection_generated.h,"(448, 3)-(448, 31)",b'typedef EnumBuilder Builder;'
flatbuffers,../repos/flatbuffers/include/flatbuffers/reflection_generated.h,"(509, 3)-(509, 22)",b'typedef Enum Table;'
flatbuffers,../repos/flatbuffers/include/flatbuffers/reflection_generated.h,"(593, 3)-(593, 32)",b'typedef FieldBuilder Builder;'
flatbuffers,../repos/flatbuffers/include/flatbuffers/reflection_generated.h,"(687, 3)-(687, 23)",b'typedef Field Table;'
flatbuffers,../repos/flatbuffers/include/flatbuffers/reflection_generated.h,"(817, 3)-(817, 33)",b'typedef ObjectBuilder Builder;'
flatbuffers,../repos/flatbuffers/include/flatbuffers/reflection_generated.h,"(882, 3)-(882, 24)",b'typedef Object Table;'
flatbuffers,../repos/flatbuffers/include/flatbuffers/reflection_generated.h,"(972, 3)-(972, 34)",b'typedef RPCCallBuilder Builder;'
flatbuffers,../repos/flatbuffers/include/flatbuffers/reflection_generated.h,"(1020, 3)-(1020, 25)",b'typedef RPCCall Table;'
flatbuffers,../repos/flatbuffers/include/flatbuffers/reflection_generated.h,"(1088, 3)-(1088, 34)",b'typedef ServiceBuilder Builder;'
flatbuffers,../repos/flatbuffers/include/flatbuffers/reflection_generated.h,"(1138, 3)-(1138, 25)",b'typedef Service Table;'
flatbuffers,../repos/flatbuffers/include/flatbuffers/reflection_generated.h,"(1209, 3)-(1209, 37)",b'typedef SchemaFileBuilder Builder;'
flatbuffers,../repos/flatbuffers/include/flatbuffers/reflection_generated.h,"(1240, 3)-(1240, 28)",b'typedef SchemaFile Table;'
flatbuffers,../repos/flatbuffers/include/flatbuffers/reflection_generated.h,"(1284, 3)-(1284, 33)",b'typedef SchemaBuilder Builder;'
flatbuffers,../repos/flatbuffers/include/flatbuffers/reflection_generated.h,"(1347, 3)-(1347, 24)",b'typedef Schema Table;'
flatbuffers,../repos/flatbuffers/include/flatbuffers/flatbuffers.h,"(108, 1)-(108, 31)",b'typedef uint64_t hash_value_t;'
flatbuffers,../repos/flatbuffers/include/flatbuffers/flatbuffers.h,"(109, 1)-(110, 25)",b'typedef std::function<void(void **pointer_adr...'
flatbuffers,../repos/flatbuffers/include/flatbuffers/flatbuffers.h,"(111, 1)-(111, 72)",b'typedef std::function<hash_value_t(void *poin...'
flatbuffers,../repos/flatbuffers/include/flatbuffers/flatbuffers.h,"(230, 1)-(230, 44)",b'typedef const TypeTable *(*TypeFunction)();'
flatbuffers,../repos/flatbuffers/include/flatbuffers/flexbuffers.h,"(130, 1)-(130, 22)",b'typedef int16_t half;'
flatbuffers,../repos/flatbuffers/include/flatbuffers/flexbuffers.h,"(131, 1)-(131, 24)",b'typedef int8_t quarter;'
flatbuffers,../repos/flatbuffers/include/flatbuffers/flexbuffers.h,"(1683, 3)-(1683, 50)","b'typedef std::pair<size_t, size_t> StringOffset;'"
flatbuffers,../repos/flatbuffers/include/flatbuffers/flexbuffers.h,"(1696, 3)-(1696, 59)","b'typedef std::set<size_t, KeyOffsetCompare> Ke...'"
flatbuffers,../repos/flatbuffers/include/flatbuffers/flexbuffers.h,"(1697, 3)-(1697, 71)","b'typedef std::set<StringOffset, StringOffsetCo...'"
flatbuffers,../repos/flatbuffers/include/flatbuffers/util.h,"(210, 7)-(210, 37)",b'typedef _locale_t locale_type;'
flatbuffers,../repos/flatbuffers/include/flatbuffers/util.h,"(212, 7)-(212, 36)",b'typedef locale_t locale_type;'
flatbuffers,../repos/flatbuffers/include/flatbuffers/util.h,"(410, 1)-(411, 53)",b'typedef bool (*LoadFileFunction)(const char *...'
flatbuffers,../repos/flatbuffers/include/flatbuffers/util.h,"(412, 1)-(412, 58)",b'typedef bool (*FileExistsFunction)(const char...'
flatbuffers,../repos/flatbuffers/benchmarks/cpp/flatbuffers/bench_generated.h,"(146, 3)-(146, 33)",b'typedef FooBarBuilder Builder;'
flatbuffers,../repos/flatbuffers/benchmarks/cpp/flatbuffers/bench_generated.h,"(177, 3)-(177, 24)",b'typedef FooBar Table;'
flatbuffers,../repos/flatbuffers/benchmarks/cpp/flatbuffers/bench_generated.h,"(233, 3)-(233, 42)",b'typedef FooBarContainerBuilder Builder;'
flatbuffers,../repos/flatbuffers/benchmarks/cpp/flatbuffers/bench_generated.h,"(266, 3)-(266, 33)",b'typedef FooBarContainer Table;'
flatbuffers,../repos/flatbuffers/tests/native_type_test_generated.h,"(117, 3)-(117, 37)",b'typedef ApplicationData TableType;'
flatbuffers,../repos/flatbuffers/tests/native_type_test_generated.h,"(123, 3)-(123, 44)",b'typedef ApplicationDataT NativeTableType;'
flatbuffers,../repos/flatbuffers/tests/native_type_test_generated.h,"(124, 3)-(124, 42)",b'typedef ApplicationDataBuilder Builder;'
flatbuffers,../repos/flatbuffers/tests/native_type_test_generated.h,"(158, 3)-(158, 33)",b'typedef ApplicationData Table;'
flatbuffers,../repos/flatbuffers/tests/evolution_test/evolution_v2_generated.h,"(164, 3)-(164, 33)",b'typedef TableABuilder Builder;'
flatbuffers,../repos/flatbuffers/tests/evolution_test/evolution_v2_generated.h,"(190, 3)-(190, 24)",b'typedef TableA Table;'
flatbuffers,../repos/flatbuffers/tests/evolution_test/evolution_v2_generated.h,"(239, 3)-(239, 33)",b'typedef TableBBuilder Builder;'
flatbuffers,../repos/flatbuffers/tests/evolution_test/evolution_v2_generated.h,"(254, 3)-(254, 24)",b'typedef TableB Table;'
flatbuffers,../repos/flatbuffers/tests/evolution_test/evolution_v2_generated.h,"(280, 3)-(280, 33)",b'typedef TableCBuilder Builder;'
flatbuffers,../repos/flatbuffers/tests/evolution_test/evolution_v2_generated.h,"(301, 3)-(301, 24)",b'typedef TableC Table;'
flatbuffers,../repos/flatbuffers/tests/evolution_test/evolution_v2_generated.h,"(343, 3)-(343, 31)",b'typedef RootBuilder Builder;'
flatbuffers,../repos/flatbuffers/tests/evolution_test/evolution_v2_generated.h,"(436, 3)-(436, 22)",b'typedef Root Table;'
flatbuffers,../repos/flatbuffers/tests/evolution_test/evolution_v1_generated.h,"(148, 3)-(148, 33)",b'typedef TableABuilder Builder;'
flatbuffers,../repos/flatbuffers/tests/evolution_test/evolution_v1_generated.h,"(168, 3)-(168, 24)",b'typedef TableA Table;'
flatbuffers,../repos/flatbuffers/tests/evolution_test/evolution_v1_generated.h,"(199, 3)-(199, 33)",b'typedef TableBBuilder Builder;'
flatbuffers,../repos/flatbuffers/tests/evolution_test/evolution_v1_generated.h,"(214, 3)-(214, 24)",b'typedef TableB Table;'
flatbuffers,../repos/flatbuffers/tests/evolution_test/evolution_v1_generated.h,"(240, 3)-(240, 31)",b'typedef RootBuilder Builder;'
flatbuffers,../repos/flatbuffers/tests/evolution_test/evolution_v1_generated.h,"(346, 3)-(346, 22)",b'typedef Root Table;'
flatbuffers,../repos/flatbuffers/tests/64bit/evolution/v1_generated.h,"(28, 3)-(28, 31)",b'typedef RootTable TableType;'
flatbuffers,../repos/flatbuffers/tests/64bit/evolution/v1_generated.h,"(34, 3)-(34, 38)",b'typedef RootTableT NativeTableType;'
flatbuffers,../repos/flatbuffers/tests/64bit/evolution/v1_generated.h,"(35, 3)-(35, 36)",b'typedef RootTableBuilder Builder;'
flatbuffers,../repos/flatbuffers/tests/64bit/evolution/v1_generated.h,"(68, 3)-(68, 27)",b'typedef RootTable Table;'
flatbuffers,../repos/flatbuffers/tests/64bit/evolution/v2_generated.h,"(28, 3)-(28, 31)",b'typedef RootTable TableType;'
flatbuffers,../repos/flatbuffers/tests/64bit/evolution/v2_generated.h,"(35, 3)-(35, 38)",b'typedef RootTableT NativeTableType;'
flatbuffers,../repos/flatbuffers/tests/64bit/evolution/v2_generated.h,"(36, 3)-(36, 36)",b'typedef RootTableBuilder Builder;'
flatbuffers,../repos/flatbuffers/tests/64bit/evolution/v2_generated.h,"(78, 3)-(78, 27)",b'typedef RootTable Table;'
flatbuffers,../repos/flatbuffers/tests/64bit/test_64bit_generated.h,"(91, 3)-(91, 34)",b'typedef WrapperTable TableType;'
flatbuffers,../repos/flatbuffers/tests/64bit/test_64bit_generated.h,"(96, 3)-(96, 41)",b'typedef WrapperTableT NativeTableType;'
flatbuffers,../repos/flatbuffers/tests/64bit/test_64bit_generated.h,"(97, 3)-(97, 39)",b'typedef WrapperTableBuilder Builder;'
flatbuffers,../repos/flatbuffers/tests/64bit/test_64bit_generated.h,"(98, 3)-(98, 46)",b'typedef RootTableBinarySchema BinarySchema;'
flatbuffers,../repos/flatbuffers/tests/64bit/test_64bit_generated.h,"(123, 3)-(123, 30)",b'typedef WrapperTable Table;'
flatbuffers,../repos/flatbuffers/tests/64bit/test_64bit_generated.h,"(160, 3)-(160, 31)",b'typedef RootTable TableType;'
flatbuffers,../repos/flatbuffers/tests/64bit/test_64bit_generated.h,"(178, 3)-(178, 38)",b'typedef RootTableT NativeTableType;'
flatbuffers,../repos/flatbuffers/tests/64bit/test_64bit_generated.h,"(179, 3)-(179, 36)",b'typedef RootTableBuilder Builder;'
flatbuffers,../repos/flatbuffers/tests/64bit/test_64bit_generated.h,"(180, 3)-(180, 46)",b'typedef RootTableBinarySchema BinarySchema;'
flatbuffers,../repos/flatbuffers/tests/64bit/test_64bit_generated.h,"(292, 3)-(292, 27)",b'typedef RootTable Table;'
flatbuffers,../repos/flatbuffers/tests/monster_test_generated.h,"(323, 5)-(323, 56)",b'typedef typename std::remove_reference<T>::ty...'
flatbuffers,../repos/flatbuffers/tests/monster_test_generated.h,"(479, 5)-(479, 56)",b'typedef typename std::remove_reference<T>::ty...'
flatbuffers,../repos/flatbuffers/tests/monster_test_generated.h,"(946, 3)-(946, 39)",b'typedef InParentNamespace TableType;'
flatbuffers,../repos/flatbuffers/tests/monster_test_generated.h,"(950, 3)-(950, 46)",b'typedef InParentNamespaceT NativeTableType;'
flatbuffers,../repos/flatbuffers/tests/monster_test_generated.h,"(951, 3)-(951, 44)",b'typedef InParentNamespaceBuilder Builder;'
flatbuffers,../repos/flatbuffers/tests/monster_test_generated.h,"(952, 3)-(952, 61)",b'typedef MyGame::Example::MonsterBinarySchema ...'
flatbuffers,../repos/flatbuffers/tests/monster_test_generated.h,"(966, 3)-(966, 35)",b'typedef InParentNamespace Table;'
flatbuffers,../repos/flatbuffers/tests/monster_test_generated.h,"(991, 3)-(991, 29)",b'typedef Monster TableType;'
flatbuffers,../repos/flatbuffers/tests/monster_test_generated.h,"(995, 3)-(995, 36)",b'typedef MonsterT NativeTableType;'
flatbuffers,../repos/flatbuffers/tests/monster_test_generated.h,"(996, 3)-(996, 34)",b'typedef MonsterBuilder Builder;'
flatbuffers,../repos/flatbuffers/tests/monster_test_generated.h,"(997, 3)-(997, 61)",b'typedef MyGame::Example::MonsterBinarySchema ...'
flatbuffers,../repos/flatbuffers/tests/monster_test_generated.h,"(1011, 3)-(1011, 25)",b'typedef Monster Table;'
flatbuffers,../repos/flatbuffers/tests/monster_test_generated.h,"(1038, 3)-(1038, 45)",b'typedef TestSimpleTableWithEnum TableType;'
flatbuffers,../repos/flatbuffers/tests/monster_test_generated.h,"(1043, 3)-(1043, 52)",b'typedef TestSimpleTableWithEnumT NativeTableType;'
flatbuffers,../repos/flatbuffers/tests/monster_test_generated.h,"(1044, 3)-(1044, 50)",b'typedef TestSimpleTableWithEnumBuilder Builder;'
flatbuffers,../repos/flatbuffers/tests/monster_test_generated.h,"(1045, 3)-(1045, 61)",b'typedef MyGame::Example::MonsterBinarySchema ...'
flatbuffers,../repos/flatbuffers/tests/monster_test_generated.h,"(1069, 3)-(1069, 41)",b'typedef TestSimpleTableWithEnum Table;'
flatbuffers,../repos/flatbuffers/tests/monster_test_generated.h,"(1097, 3)-(1097, 26)",b'typedef Stat TableType;'
flatbuffers,../repos/flatbuffers/tests/monster_test_generated.h,"(1104, 3)-(1104, 33)",b'typedef StatT NativeTableType;'
flatbuffers,../repos/flatbuffers/tests/monster_test_generated.h,"(1105, 3)-(1105, 31)",b'typedef StatBuilder Builder;'
flatbuffers,../repos/flatbuffers/tests/monster_test_generated.h,"(1106, 3)-(1106, 61)",b'typedef MyGame::Example::MonsterBinarySchema ...'
flatbuffers,../repos/flatbuffers/tests/monster_test_generated.h,"(1153, 3)-(1153, 22)",b'typedef Stat Table;'
flatbuffers,../repos/flatbuffers/tests/monster_test_generated.h,"(1204, 3)-(1204, 32)",b'typedef Referrable TableType;'
flatbuffers,../repos/flatbuffers/tests/monster_test_generated.h,"(1209, 3)-(1209, 39)",b'typedef ReferrableT NativeTableType;'
flatbuffers,../repos/flatbuffers/tests/monster_test_generated.h,"(1210, 3)-(1210, 37)",b'typedef ReferrableBuilder Builder;'
flatbuffers,../repos/flatbuffers/tests/monster_test_generated.h,"(1211, 3)-(1211, 61)",b'typedef MyGame::Example::MonsterBinarySchema ...'
flatbuffers,../repos/flatbuffers/tests/monster_test_generated.h,"(1241, 3)-(1241, 28)",b'typedef Referrable Table;'
flatbuffers,../repos/flatbuffers/tests/monster_test_generated.h,"(1269, 3)-(1269, 29)",b'typedef Monster TableType;'
flatbuffers,../repos/flatbuffers/tests/monster_test_generated.h,"(1336, 3)-(1336, 36)",b'typedef MonsterT NativeTableType;'
flatbuffers,../repos/flatbuffers/tests/monster_test_generated.h,"(1337, 3)-(1337, 34)",b'typedef MonsterBuilder Builder;'
flatbuffers,../repos/flatbuffers/tests/monster_test_generated.h,"(1338, 3)-(1338, 61)",b'typedef MyGame::Example::MonsterBinarySchema ...'
flatbuffers,../repos/flatbuffers/tests/monster_test_generated.h,"(1945, 3)-(1945, 25)",b'typedef Monster Table;'
flatbuffers,../repos/flatbuffers/tests/monster_test_generated.h,"(2423, 3)-(2423, 33)",b'typedef TypeAliases TableType;'
flatbuffers,../repos/flatbuffers/tests/monster_test_generated.h,"(2439, 3)-(2439, 40)",b'typedef TypeAliasesT NativeTableType;'
flatbuffers,../repos/flatbuffers/tests/monster_test_generated.h,"(2440, 3)-(2440, 38)",b'typedef TypeAliasesBuilder Builder;'
flatbuffers,../repos/flatbuffers/tests/monster_test_generated.h,"(2441, 3)-(2441, 61)",b'typedef MyGame::Example::MonsterBinarySchema ...'
flatbuffers,../repos/flatbuffers/tests/monster_test_generated.h,"(2555, 3)-(2555, 29)",b'typedef TypeAliases Table;'
flatbuffers,../repos/flatbuffers/tests/monster_extra_generated.h,"(28, 3)-(28, 34)",b'typedef MonsterExtra TableType;'
flatbuffers,../repos/flatbuffers/tests/monster_extra_generated.h,"(42, 3)-(42, 41)",b'typedef MonsterExtraT NativeTableType;'
flatbuffers,../repos/flatbuffers/tests/monster_extra_generated.h,"(43, 3)-(43, 39)",b'typedef MonsterExtraBuilder Builder;'
flatbuffers,../repos/flatbuffers/tests/monster_extra_generated.h,"(141, 3)-(141, 30)",b'typedef MonsterExtra Table;'
flatbuffers,../repos/flatbuffers/tests/optional_scalars_generated.h,"(61, 3)-(61, 33)",b'typedef ScalarStuff TableType;'
flatbuffers,../repos/flatbuffers/tests/optional_scalars_generated.h,"(101, 3)-(101, 40)",b'typedef ScalarStuffT NativeTableType;'
flatbuffers,../repos/flatbuffers/tests/optional_scalars_generated.h,"(102, 3)-(102, 38)",b'typedef ScalarStuffBuilder Builder;'
flatbuffers,../repos/flatbuffers/tests/optional_scalars_generated.h,"(406, 3)-(406, 29)",b'typedef ScalarStuff Table;'
flatbuffers,../repos/flatbuffers/tests/namespace_test/namespace_test1_generated.h,"(99, 5)-(99, 56)",b'typedef typename std::remove_reference<T>::ty...'
flatbuffers,../repos/flatbuffers/tests/namespace_test/namespace_test1_generated.h,"(224, 3)-(224, 37)",b'typedef TableInNestedNS TableType;'
flatbuffers,../repos/flatbuffers/tests/namespace_test/namespace_test1_generated.h,"(232, 3)-(232, 44)",b'typedef TableInNestedNST NativeTableType;'
flatbuffers,../repos/flatbuffers/tests/namespace_test/namespace_test1_generated.h,"(233, 3)-(233, 42)",b'typedef TableInNestedNSBuilder Builder;'
flatbuffers,../repos/flatbuffers/tests/namespace_test/namespace_test1_generated.h,"(260, 3)-(260, 33)",b'typedef TableInNestedNS Table;'
flatbuffers,../repos/flatbuffers/tests/namespace_test/namespace_test2_generated.h,"(68, 3)-(68, 36)",b'typedef TableInFirstNS TableType;'
flatbuffers,../repos/flatbuffers/tests/namespace_test/namespace_test2_generated.h,"(83, 3)-(83, 43)",b'typedef TableInFirstNST NativeTableType;'
flatbuffers,../repos/flatbuffers/tests/namespace_test/namespace_test2_generated.h,"(84, 3)-(84, 41)",b'typedef TableInFirstNSBuilder Builder;'
flatbuffers,../repos/flatbuffers/tests/namespace_test/namespace_test2_generated.h,"(150, 3)-(150, 32)",b'typedef TableInFirstNS Table;'
flatbuffers,../repos/flatbuffers/tests/namespace_test/namespace_test2_generated.h,"(202, 3)-(202, 30)",b'typedef TableInC TableType;'
flatbuffers,../repos/flatbuffers/tests/namespace_test/namespace_test2_generated.h,"(215, 3)-(215, 37)",b'typedef TableInCT NativeTableType;'
flatbuffers,../repos/flatbuffers/tests/namespace_test/namespace_test2_generated.h,"(216, 3)-(216, 35)",b'typedef TableInCBuilder Builder;'
flatbuffers,../repos/flatbuffers/tests/namespace_test/namespace_test2_generated.h,"(253, 3)-(253, 26)",b'typedef TableInC Table;'
flatbuffers,../repos/flatbuffers/tests/namespace_test/namespace_test2_generated.h,"(290, 3)-(290, 36)",b'typedef SecondTableInA TableType;'
flatbuffers,../repos/flatbuffers/tests/namespace_test/namespace_test2_generated.h,"(302, 3)-(302, 43)",b'typedef SecondTableInAT NativeTableType;'
flatbuffers,../repos/flatbuffers/tests/namespace_test/namespace_test2_generated.h,"(303, 3)-(303, 41)",b'typedef SecondTableInABuilder Builder;'
flatbuffers,../repos/flatbuffers/tests/namespace_test/namespace_test2_generated.h,"(331, 3)-(331, 32)",b'typedef SecondTableInA Table;'
flatbuffers,../repos/flatbuffers/tests/native_inline_table_test_generated.h,"(34, 3)-(34, 39)",b'typedef NativeInlineTable TableType;'
flatbuffers,../repos/flatbuffers/tests/native_inline_table_test_generated.h,"(39, 3)-(39, 46)",b'typedef NativeInlineTableT NativeTableType;'
flatbuffers,../repos/flatbuffers/tests/native_inline_table_test_generated.h,"(40, 3)-(40, 44)",b'typedef NativeInlineTableBuilder Builder;'
flatbuffers,../repos/flatbuffers/tests/native_inline_table_test_generated.h,"(64, 3)-(64, 35)",b'typedef NativeInlineTable Table;'
flatbuffers,../repos/flatbuffers/tests/native_inline_table_test_generated.h,"(92, 3)-(92, 43)",b'typedef TestNativeInlineTable TableType;'
flatbuffers,../repos/flatbuffers/tests/native_inline_table_test_generated.h,"(97, 3)-(97, 50)",b'typedef TestNativeInlineTableT NativeTableType;'
flatbuffers,../repos/flatbuffers/tests/native_inline_table_test_generated.h,"(98, 3)-(98, 48)",b'typedef TestNativeInlineTableBuilder Builder;'
flatbuffers,../repos/flatbuffers/tests/native_inline_table_test_generated.h,"(124, 3)-(124, 39)",b'typedef TestNativeInlineTable Table;'
flatbuffers,../repos/flatbuffers/tests/monster_test_suffix/filesuffix_only/monster_test_suffix.h,"(320, 5)-(320, 56)",b'typedef typename std::remove_reference<T>::ty...'
flatbuffers,../repos/flatbuffers/tests/monster_test_suffix/filesuffix_only/monster_test_suffix.h,"(476, 5)-(476, 56)",b'typedef typename std::remove_reference<T>::ty...'
flatbuffers,../repos/flatbuffers/tests/monster_test_suffix/filesuffix_only/monster_test_suffix.h,"(943, 3)-(943, 39)",b'typedef InParentNamespace TableType;'
flatbuffers,../repos/flatbuffers/tests/monster_test_suffix/filesuffix_only/monster_test_suffix.h,"(947, 3)-(947, 46)",b'typedef InParentNamespaceT NativeTableType;'
flatbuffers,../repos/flatbuffers/tests/monster_test_suffix/filesuffix_only/monster_test_suffix.h,"(948, 3)-(948, 44)",b'typedef InParentNamespaceBuilder Builder;'
flatbuffers,../repos/flatbuffers/tests/monster_test_suffix/filesuffix_only/monster_test_suffix.h,"(962, 3)-(962, 35)",b'typedef InParentNamespace Table;'
flatbuffers,../repos/flatbuffers/tests/monster_test_suffix/filesuffix_only/monster_test_suffix.h,"(987, 3)-(987, 29)",b'typedef Monster TableType;'
flatbuffers,../repos/flatbuffers/tests/monster_test_suffix/filesuffix_only/monster_test_suffix.h,"(991, 3)-(991, 36)",b'typedef MonsterT NativeTableType;'
flatbuffers,../repos/flatbuffers/tests/monster_test_suffix/filesuffix_only/monster_test_suffix.h,"(992, 3)-(992, 34)",b'typedef MonsterBuilder Builder;'
flatbuffers,../repos/flatbuffers/tests/monster_test_suffix/filesuffix_only/monster_test_suffix.h,"(1006, 3)-(1006, 25)",b'typedef Monster Table;'
flatbuffers,../repos/flatbuffers/tests/monster_test_suffix/filesuffix_only/monster_test_suffix.h,"(1033, 3)-(1033, 45)",b'typedef TestSimpleTableWithEnum TableType;'
flatbuffers,../repos/flatbuffers/tests/monster_test_suffix/filesuffix_only/monster_test_suffix.h,"(1038, 3)-(1038, 52)",b'typedef TestSimpleTableWithEnumT NativeTableType;'
flatbuffers,../repos/flatbuffers/tests/monster_test_suffix/filesuffix_only/monster_test_suffix.h,"(1039, 3)-(1039, 50)",b'typedef TestSimpleTableWithEnumBuilder Builder;'
flatbuffers,../repos/flatbuffers/tests/monster_test_suffix/filesuffix_only/monster_test_suffix.h,"(1063, 3)-(1063, 41)",b'typedef TestSimpleTableWithEnum Table;'
flatbuffers,../repos/flatbuffers/tests/monster_test_suffix/filesuffix_only/monster_test_suffix.h,"(1091, 3)-(1091, 26)",b'typedef Stat TableType;'
flatbuffers,../repos/flatbuffers/tests/monster_test_suffix/filesuffix_only/monster_test_suffix.h,"(1098, 3)-(1098, 33)",b'typedef StatT NativeTableType;'
flatbuffers,../repos/flatbuffers/tests/monster_test_suffix/filesuffix_only/monster_test_suffix.h,"(1099, 3)-(1099, 31)",b'typedef StatBuilder Builder;'
flatbuffers,../repos/flatbuffers/tests/monster_test_suffix/filesuffix_only/monster_test_suffix.h,"(1146, 3)-(1146, 22)",b'typedef Stat Table;'
flatbuffers,../repos/flatbuffers/tests/monster_test_suffix/filesuffix_only/monster_test_suffix.h,"(1197, 3)-(1197, 32)",b'typedef Referrable TableType;'
flatbuffers,../repos/flatbuffers/tests/monster_test_suffix/filesuffix_only/monster_test_suffix.h,"(1202, 3)-(1202, 39)",b'typedef ReferrableT NativeTableType;'
flatbuffers,../repos/flatbuffers/tests/monster_test_suffix/filesuffix_only/monster_test_suffix.h,"(1203, 3)-(1203, 37)",b'typedef ReferrableBuilder Builder;'
flatbuffers,../repos/flatbuffers/tests/monster_test_suffix/filesuffix_only/monster_test_suffix.h,"(1233, 3)-(1233, 28)",b'typedef Referrable Table;'
flatbuffers,../repos/flatbuffers/tests/monster_test_suffix/filesuffix_only/monster_test_suffix.h,"(1261, 3)-(1261, 29)",b'typedef Monster TableType;'
flatbuffers,../repos/flatbuffers/tests/monster_test_suffix/filesuffix_only/monster_test_suffix.h,"(1328, 3)-(1328, 36)",b'typedef MonsterT NativeTableType;'
flatbuffers,../repos/flatbuffers/tests/monster_test_suffix/filesuffix_only/monster_test_suffix.h,"(1329, 3)-(1329, 34)",b'typedef MonsterBuilder Builder;'
flatbuffers,../repos/flatbuffers/tests/monster_test_suffix/filesuffix_only/monster_test_suffix.h,"(1936, 3)-(1936, 25)",b'typedef Monster Table;'
flatbuffers,../repos/flatbuffers/tests/monster_test_suffix/filesuffix_only/monster_test_suffix.h,"(2414, 3)-(2414, 33)",b'typedef TypeAliases TableType;'
flatbuffers,../repos/flatbuffers/tests/monster_test_suffix/filesuffix_only/monster_test_suffix.h,"(2430, 3)-(2430, 40)",b'typedef TypeAliasesT NativeTableType;'
flatbuffers,../repos/flatbuffers/tests/monster_test_suffix/filesuffix_only/monster_test_suffix.h,"(2431, 3)-(2431, 38)",b'typedef TypeAliasesBuilder Builder;'
flatbuffers,../repos/flatbuffers/tests/monster_test_suffix/filesuffix_only/monster_test_suffix.h,"(2545, 3)-(2545, 29)",b'typedef TypeAliases Table;'
flatbuffers,../repos/flatbuffers/tests/monster_test_suffix/filesuffix_only/monster_test.grpc.fb.h,"(232, 3)-(232, 173)",b'typedef   WithAsyncMethod_Store<  WithAsyncMe...'
flatbuffers,../repos/flatbuffers/tests/monster_test_suffix/filesuffix_only/monster_test.grpc.fb.h,"(321, 3)-(321, 80)",b'typedef   WithStreamedUnaryMethod_Store<  Ser...'
flatbuffers,../repos/flatbuffers/tests/monster_test_suffix/filesuffix_only/monster_test.grpc.fb.h,"(342, 3)-(342, 84)",b'typedef   WithSplitStreamingMethod_Retrieve< ...'
flatbuffers,../repos/flatbuffers/tests/monster_test_suffix/filesuffix_only/monster_test.grpc.fb.h,"(343, 3)-(343, 115)",b'typedef   WithStreamedUnaryMethod_Store<  Wit...'
flatbuffers,../repos/flatbuffers/tests/monster_test_suffix/monster_test_suffix.hpp,"(320, 5)-(320, 56)",b'typedef typename std::remove_reference<T>::ty...'
flatbuffers,../repos/flatbuffers/tests/monster_test_suffix/monster_test_suffix.hpp,"(476, 5)-(476, 56)",b'typedef typename std::remove_reference<T>::ty...'
flatbuffers,../repos/flatbuffers/tests/monster_test_suffix/monster_test_suffix.hpp,"(943, 3)-(943, 39)",b'typedef InParentNamespace TableType;'
flatbuffers,../repos/flatbuffers/tests/monster_test_suffix/monster_test_suffix.hpp,"(947, 3)-(947, 46)",b'typedef InParentNamespaceT NativeTableType;'
flatbuffers,../repos/flatbuffers/tests/monster_test_suffix/monster_test_suffix.hpp,"(948, 3)-(948, 44)",b'typedef InParentNamespaceBuilder Builder;'
flatbuffers,../repos/flatbuffers/tests/monster_test_suffix/monster_test_suffix.hpp,"(962, 3)-(962, 35)",b'typedef InParentNamespace Table;'
flatbuffers,../repos/flatbuffers/tests/monster_test_suffix/monster_test_suffix.hpp,"(987, 3)-(987, 29)",b'typedef Monster TableType;'
flatbuffers,../repos/flatbuffers/tests/monster_test_suffix/monster_test_suffix.hpp,"(991, 3)-(991, 36)",b'typedef MonsterT NativeTableType;'
flatbuffers,../repos/flatbuffers/tests/monster_test_suffix/monster_test_suffix.hpp,"(992, 3)-(992, 34)",b'typedef MonsterBuilder Builder;'
flatbuffers,../repos/flatbuffers/tests/monster_test_suffix/monster_test_suffix.hpp,"(1006, 3)-(1006, 25)",b'typedef Monster Table;'
flatbuffers,../repos/flatbuffers/tests/monster_test_suffix/monster_test_suffix.hpp,"(1033, 3)-(1033, 45)",b'typedef TestSimpleTableWithEnum TableType;'
flatbuffers,../repos/flatbuffers/tests/monster_test_suffix/monster_test_suffix.hpp,"(1038, 3)-(1038, 52)",b'typedef TestSimpleTableWithEnumT NativeTableType;'
flatbuffers,../repos/flatbuffers/tests/monster_test_suffix/monster_test_suffix.hpp,"(1039, 3)-(1039, 50)",b'typedef TestSimpleTableWithEnumBuilder Builder;'
flatbuffers,../repos/flatbuffers/tests/monster_test_suffix/monster_test_suffix.hpp,"(1063, 3)-(1063, 41)",b'typedef TestSimpleTableWithEnum Table;'
flatbuffers,../repos/flatbuffers/tests/monster_test_suffix/monster_test_suffix.hpp,"(1091, 3)-(1091, 26)",b'typedef Stat TableType;'
flatbuffers,../repos/flatbuffers/tests/monster_test_suffix/monster_test_suffix.hpp,"(1098, 3)-(1098, 33)",b'typedef StatT NativeTableType;'
flatbuffers,../repos/flatbuffers/tests/monster_test_suffix/monster_test_suffix.hpp,"(1099, 3)-(1099, 31)",b'typedef StatBuilder Builder;'
flatbuffers,../repos/flatbuffers/tests/monster_test_suffix/monster_test_suffix.hpp,"(1146, 3)-(1146, 22)",b'typedef Stat Table;'
flatbuffers,../repos/flatbuffers/tests/monster_test_suffix/monster_test_suffix.hpp,"(1197, 3)-(1197, 32)",b'typedef Referrable TableType;'
flatbuffers,../repos/flatbuffers/tests/monster_test_suffix/monster_test_suffix.hpp,"(1202, 3)-(1202, 39)",b'typedef ReferrableT NativeTableType;'
flatbuffers,../repos/flatbuffers/tests/monster_test_suffix/monster_test_suffix.hpp,"(1203, 3)-(1203, 37)",b'typedef ReferrableBuilder Builder;'
flatbuffers,../repos/flatbuffers/tests/monster_test_suffix/monster_test_suffix.hpp,"(1233, 3)-(1233, 28)",b'typedef Referrable Table;'
flatbuffers,../repos/flatbuffers/tests/monster_test_suffix/monster_test_suffix.hpp,"(1261, 3)-(1261, 29)",b'typedef Monster TableType;'
flatbuffers,../repos/flatbuffers/tests/monster_test_suffix/monster_test_suffix.hpp,"(1328, 3)-(1328, 36)",b'typedef MonsterT NativeTableType;'
flatbuffers,../repos/flatbuffers/tests/monster_test_suffix/monster_test_suffix.hpp,"(1329, 3)-(1329, 34)",b'typedef MonsterBuilder Builder;'
flatbuffers,../repos/flatbuffers/tests/monster_test_suffix/monster_test_suffix.hpp,"(1936, 3)-(1936, 25)",b'typedef Monster Table;'
flatbuffers,../repos/flatbuffers/tests/monster_test_suffix/monster_test_suffix.hpp,"(2414, 3)-(2414, 33)",b'typedef TypeAliases TableType;'
flatbuffers,../repos/flatbuffers/tests/monster_test_suffix/monster_test_suffix.hpp,"(2430, 3)-(2430, 40)",b'typedef TypeAliasesT NativeTableType;'
flatbuffers,../repos/flatbuffers/tests/monster_test_suffix/monster_test_suffix.hpp,"(2431, 3)-(2431, 38)",b'typedef TypeAliasesBuilder Builder;'
flatbuffers,../repos/flatbuffers/tests/monster_test_suffix/monster_test_suffix.hpp,"(2545, 3)-(2545, 29)",b'typedef TypeAliases Table;'
flatbuffers,../repos/flatbuffers/tests/monster_test_suffix/ext_only/monster_test.grpc.fb.h,"(232, 3)-(232, 173)",b'typedef   WithAsyncMethod_Store<  WithAsyncMe...'
flatbuffers,../repos/flatbuffers/tests/monster_test_suffix/ext_only/monster_test.grpc.fb.h,"(321, 3)-(321, 80)",b'typedef   WithStreamedUnaryMethod_Store<  Ser...'
flatbuffers,../repos/flatbuffers/tests/monster_test_suffix/ext_only/monster_test.grpc.fb.h,"(342, 3)-(342, 84)",b'typedef   WithSplitStreamingMethod_Retrieve< ...'
flatbuffers,../repos/flatbuffers/tests/monster_test_suffix/ext_only/monster_test.grpc.fb.h,"(343, 3)-(343, 115)",b'typedef   WithStreamedUnaryMethod_Store<  Wit...'
flatbuffers,../repos/flatbuffers/tests/monster_test_suffix/ext_only/monster_test_generated.hpp,"(320, 5)-(320, 56)",b'typedef typename std::remove_reference<T>::ty...'
flatbuffers,../repos/flatbuffers/tests/monster_test_suffix/ext_only/monster_test_generated.hpp,"(476, 5)-(476, 56)",b'typedef typename std::remove_reference<T>::ty...'
flatbuffers,../repos/flatbuffers/tests/monster_test_suffix/ext_only/monster_test_generated.hpp,"(943, 3)-(943, 39)",b'typedef InParentNamespace TableType;'
flatbuffers,../repos/flatbuffers/tests/monster_test_suffix/ext_only/monster_test_generated.hpp,"(947, 3)-(947, 46)",b'typedef InParentNamespaceT NativeTableType;'
flatbuffers,../repos/flatbuffers/tests/monster_test_suffix/ext_only/monster_test_generated.hpp,"(948, 3)-(948, 44)",b'typedef InParentNamespaceBuilder Builder;'
flatbuffers,../repos/flatbuffers/tests/monster_test_suffix/ext_only/monster_test_generated.hpp,"(962, 3)-(962, 35)",b'typedef InParentNamespace Table;'
flatbuffers,../repos/flatbuffers/tests/monster_test_suffix/ext_only/monster_test_generated.hpp,"(987, 3)-(987, 29)",b'typedef Monster TableType;'
flatbuffers,../repos/flatbuffers/tests/monster_test_suffix/ext_only/monster_test_generated.hpp,"(991, 3)-(991, 36)",b'typedef MonsterT NativeTableType;'
flatbuffers,../repos/flatbuffers/tests/monster_test_suffix/ext_only/monster_test_generated.hpp,"(992, 3)-(992, 34)",b'typedef MonsterBuilder Builder;'
flatbuffers,../repos/flatbuffers/tests/monster_test_suffix/ext_only/monster_test_generated.hpp,"(1006, 3)-(1006, 25)",b'typedef Monster Table;'
flatbuffers,../repos/flatbuffers/tests/monster_test_suffix/ext_only/monster_test_generated.hpp,"(1033, 3)-(1033, 45)",b'typedef TestSimpleTableWithEnum TableType;'
flatbuffers,../repos/flatbuffers/tests/monster_test_suffix/ext_only/monster_test_generated.hpp,"(1038, 3)-(1038, 52)",b'typedef TestSimpleTableWithEnumT NativeTableType;'
flatbuffers,../repos/flatbuffers/tests/monster_test_suffix/ext_only/monster_test_generated.hpp,"(1039, 3)-(1039, 50)",b'typedef TestSimpleTableWithEnumBuilder Builder;'
flatbuffers,../repos/flatbuffers/tests/monster_test_suffix/ext_only/monster_test_generated.hpp,"(1063, 3)-(1063, 41)",b'typedef TestSimpleTableWithEnum Table;'
flatbuffers,../repos/flatbuffers/tests/monster_test_suffix/ext_only/monster_test_generated.hpp,"(1091, 3)-(1091, 26)",b'typedef Stat TableType;'
flatbuffers,../repos/flatbuffers/tests/monster_test_suffix/ext_only/monster_test_generated.hpp,"(1098, 3)-(1098, 33)",b'typedef StatT NativeTableType;'
flatbuffers,../repos/flatbuffers/tests/monster_test_suffix/ext_only/monster_test_generated.hpp,"(1099, 3)-(1099, 31)",b'typedef StatBuilder Builder;'
flatbuffers,../repos/flatbuffers/tests/monster_test_suffix/ext_only/monster_test_generated.hpp,"(1146, 3)-(1146, 22)",b'typedef Stat Table;'
flatbuffers,../repos/flatbuffers/tests/monster_test_suffix/ext_only/monster_test_generated.hpp,"(1197, 3)-(1197, 32)",b'typedef Referrable TableType;'
flatbuffers,../repos/flatbuffers/tests/monster_test_suffix/ext_only/monster_test_generated.hpp,"(1202, 3)-(1202, 39)",b'typedef ReferrableT NativeTableType;'
flatbuffers,../repos/flatbuffers/tests/monster_test_suffix/ext_only/monster_test_generated.hpp,"(1203, 3)-(1203, 37)",b'typedef ReferrableBuilder Builder;'
flatbuffers,../repos/flatbuffers/tests/monster_test_suffix/ext_only/monster_test_generated.hpp,"(1233, 3)-(1233, 28)",b'typedef Referrable Table;'
flatbuffers,../repos/flatbuffers/tests/monster_test_suffix/ext_only/monster_test_generated.hpp,"(1261, 3)-(1261, 29)",b'typedef Monster TableType;'
flatbuffers,../repos/flatbuffers/tests/monster_test_suffix/ext_only/monster_test_generated.hpp,"(1328, 3)-(1328, 36)",b'typedef MonsterT NativeTableType;'
flatbuffers,../repos/flatbuffers/tests/monster_test_suffix/ext_only/monster_test_generated.hpp,"(1329, 3)-(1329, 34)",b'typedef MonsterBuilder Builder;'
flatbuffers,../repos/flatbuffers/tests/monster_test_suffix/ext_only/monster_test_generated.hpp,"(1936, 3)-(1936, 25)",b'typedef Monster Table;'
flatbuffers,../repos/flatbuffers/tests/monster_test_suffix/ext_only/monster_test_generated.hpp,"(2414, 3)-(2414, 33)",b'typedef TypeAliases TableType;'
flatbuffers,../repos/flatbuffers/tests/monster_test_suffix/ext_only/monster_test_generated.hpp,"(2430, 3)-(2430, 40)",b'typedef TypeAliasesT NativeTableType;'
flatbuffers,../repos/flatbuffers/tests/monster_test_suffix/ext_only/monster_test_generated.hpp,"(2431, 3)-(2431, 38)",b'typedef TypeAliasesBuilder Builder;'
flatbuffers,../repos/flatbuffers/tests/monster_test_suffix/ext_only/monster_test_generated.hpp,"(2545, 3)-(2545, 29)",b'typedef TypeAliases Table;'
flatbuffers,../repos/flatbuffers/tests/monster_test_suffix/monster_test.grpc.fb.h,"(232, 3)-(232, 173)",b'typedef   WithAsyncMethod_Store<  WithAsyncMe...'
flatbuffers,../repos/flatbuffers/tests/monster_test_suffix/monster_test.grpc.fb.h,"(321, 3)-(321, 80)",b'typedef   WithStreamedUnaryMethod_Store<  Ser...'
flatbuffers,../repos/flatbuffers/tests/monster_test_suffix/monster_test.grpc.fb.h,"(342, 3)-(342, 84)",b'typedef   WithSplitStreamingMethod_Retrieve< ...'
flatbuffers,../repos/flatbuffers/tests/monster_test_suffix/monster_test.grpc.fb.h,"(343, 3)-(343, 115)",b'typedef   WithStreamedUnaryMethod_Store<  Wit...'
flatbuffers,../repos/flatbuffers/tests/cpp17/generated_cpp17/optional_scalars2_generated.h,"(51, 3)-(51, 33)",b'typedef ScalarStuff TableType;'
flatbuffers,../repos/flatbuffers/tests/cpp17/generated_cpp17/optional_scalars2_generated.h,"(91, 3)-(91, 40)",b'typedef ScalarStuffT NativeTableType;'
flatbuffers,../repos/flatbuffers/tests/cpp17/generated_cpp17/optional_scalars2_generated.h,"(92, 3)-(92, 38)",b'typedef ScalarStuffBuilder Builder;'
flatbuffers,../repos/flatbuffers/tests/cpp17/generated_cpp17/optional_scalars2_generated.h,"(397, 3)-(397, 29)",b'typedef ScalarStuff Table;'
flatbuffers,../repos/flatbuffers/tests/cpp17/generated_cpp17/monster_test_generated.h,"(289, 5)-(289, 56)",b'typedef typename std::remove_reference<T>::ty...'
flatbuffers,../repos/flatbuffers/tests/cpp17/generated_cpp17/monster_test_generated.h,"(416, 5)-(416, 56)",b'typedef typename std::remove_reference<T>::ty...'
flatbuffers,../repos/flatbuffers/tests/cpp17/generated_cpp17/monster_test_generated.h,"(874, 3)-(874, 39)",b'typedef InParentNamespace TableType;'
flatbuffers,../repos/flatbuffers/tests/cpp17/generated_cpp17/monster_test_generated.h,"(878, 3)-(878, 46)",b'typedef InParentNamespaceT NativeTableType;'
flatbuffers,../repos/flatbuffers/tests/cpp17/generated_cpp17/monster_test_generated.h,"(879, 3)-(879, 44)",b'typedef InParentNamespaceBuilder Builder;'
flatbuffers,../repos/flatbuffers/tests/cpp17/generated_cpp17/monster_test_generated.h,"(894, 3)-(894, 35)",b'typedef InParentNamespace Table;'
flatbuffers,../repos/flatbuffers/tests/cpp17/generated_cpp17/monster_test_generated.h,"(928, 3)-(928, 29)",b'typedef Monster TableType;'
flatbuffers,../repos/flatbuffers/tests/cpp17/generated_cpp17/monster_test_generated.h,"(932, 3)-(932, 36)",b'typedef MonsterT NativeTableType;'
flatbuffers,../repos/flatbuffers/tests/cpp17/generated_cpp17/monster_test_generated.h,"(933, 3)-(933, 34)",b'typedef MonsterBuilder Builder;'
flatbuffers,../repos/flatbuffers/tests/cpp17/generated_cpp17/monster_test_generated.h,"(948, 3)-(948, 25)",b'typedef Monster Table;'
flatbuffers,../repos/flatbuffers/tests/cpp17/generated_cpp17/monster_test_generated.h,"(984, 3)-(984, 45)",b'typedef TestSimpleTableWithEnum TableType;'
flatbuffers,../repos/flatbuffers/tests/cpp17/generated_cpp17/monster_test_generated.h,"(989, 3)-(989, 52)",b'typedef TestSimpleTableWithEnumT NativeTableType;'
flatbuffers,../repos/flatbuffers/tests/cpp17/generated_cpp17/monster_test_generated.h,"(990, 3)-(990, 50)",b'typedef TestSimpleTableWithEnumBuilder Builder;'
flatbuffers,../repos/flatbuffers/tests/cpp17/generated_cpp17/monster_test_generated.h,"(1020, 3)-(1020, 41)",b'typedef TestSimpleTableWithEnum Table;'
flatbuffers,../repos/flatbuffers/tests/cpp17/generated_cpp17/monster_test_generated.h,"(1061, 3)-(1061, 26)",b'typedef Stat TableType;'
flatbuffers,../repos/flatbuffers/tests/cpp17/generated_cpp17/monster_test_generated.h,"(1068, 3)-(1068, 33)",b'typedef StatT NativeTableType;'
flatbuffers,../repos/flatbuffers/tests/cpp17/generated_cpp17/monster_test_generated.h,"(1069, 3)-(1069, 31)",b'typedef StatBuilder Builder;'
flatbuffers,../repos/flatbuffers/tests/cpp17/generated_cpp17/monster_test_generated.h,"(1124, 3)-(1124, 22)",b'typedef Stat Table;'
flatbuffers,../repos/flatbuffers/tests/cpp17/generated_cpp17/monster_test_generated.h,"(1190, 3)-(1190, 32)",b'typedef Referrable TableType;'
flatbuffers,../repos/flatbuffers/tests/cpp17/generated_cpp17/monster_test_generated.h,"(1195, 3)-(1195, 39)",b'typedef ReferrableT NativeTableType;'
flatbuffers,../repos/flatbuffers/tests/cpp17/generated_cpp17/monster_test_generated.h,"(1196, 3)-(1196, 37)",b'typedef ReferrableBuilder Builder;'
flatbuffers,../repos/flatbuffers/tests/cpp17/generated_cpp17/monster_test_generated.h,"(1232, 3)-(1232, 28)",b'typedef Referrable Table;'
flatbuffers,../repos/flatbuffers/tests/cpp17/generated_cpp17/monster_test_generated.h,"(1273, 3)-(1273, 29)",b'typedef Monster TableType;'
flatbuffers,../repos/flatbuffers/tests/cpp17/generated_cpp17/monster_test_generated.h,"(1340, 3)-(1340, 36)",b'typedef MonsterT NativeTableType;'
flatbuffers,../repos/flatbuffers/tests/cpp17/generated_cpp17/monster_test_generated.h,"(1341, 3)-(1341, 34)",b'typedef MonsterBuilder Builder;'
flatbuffers,../repos/flatbuffers/tests/cpp17/generated_cpp17/monster_test_generated.h,"(2014, 3)-(2014, 25)",b'typedef Monster Table;'
flatbuffers,../repos/flatbuffers/tests/cpp17/generated_cpp17/monster_test_generated.h,"(2565, 3)-(2565, 33)",b'typedef TypeAliases TableType;'
flatbuffers,../repos/flatbuffers/tests/cpp17/generated_cpp17/monster_test_generated.h,"(2581, 3)-(2581, 40)",b'typedef TypeAliasesT NativeTableType;'
flatbuffers,../repos/flatbuffers/tests/cpp17/generated_cpp17/monster_test_generated.h,"(2582, 3)-(2582, 38)",b'typedef TypeAliasesBuilder Builder;'
flatbuffers,../repos/flatbuffers/tests/cpp17/generated_cpp17/monster_test_generated.h,"(2713, 3)-(2713, 29)",b'typedef TypeAliases Table;'
flatbuffers,../repos/flatbuffers/tests/cpp17/generated_cpp17/optional_scalars_generated.h,"(58, 3)-(58, 33)",b'typedef ScalarStuff TableType;'
flatbuffers,../repos/flatbuffers/tests/cpp17/generated_cpp17/optional_scalars_generated.h,"(98, 3)-(98, 40)",b'typedef ScalarStuffT NativeTableType;'
flatbuffers,../repos/flatbuffers/tests/cpp17/generated_cpp17/optional_scalars_generated.h,"(99, 3)-(99, 38)",b'typedef ScalarStuffBuilder Builder;'
flatbuffers,../repos/flatbuffers/tests/cpp17/generated_cpp17/optional_scalars_generated.h,"(444, 3)-(444, 29)",b'typedef ScalarStuff Table;'
flatbuffers,../repos/flatbuffers/tests/cpp17/generated_cpp17/union_vector_generated.h,"(240, 5)-(240, 56)",b'typedef typename std::remove_reference<T>::ty...'
flatbuffers,../repos/flatbuffers/tests/cpp17/generated_cpp17/union_vector_generated.h,"(396, 3)-(396, 30)",b'typedef Attacker TableType;'
flatbuffers,../repos/flatbuffers/tests/cpp17/generated_cpp17/union_vector_generated.h,"(401, 3)-(401, 37)",b'typedef AttackerT NativeTableType;'
flatbuffers,../repos/flatbuffers/tests/cpp17/generated_cpp17/union_vector_generated.h,"(402, 3)-(402, 35)",b'typedef AttackerBuilder Builder;'
flatbuffers,../repos/flatbuffers/tests/cpp17/generated_cpp17/union_vector_generated.h,"(432, 3)-(432, 26)",b'typedef Attacker Table;'
flatbuffers,../repos/flatbuffers/tests/cpp17/generated_cpp17/union_vector_generated.h,"(473, 3)-(473, 29)",b'typedef HandFan TableType;'
flatbuffers,../repos/flatbuffers/tests/cpp17/generated_cpp17/union_vector_generated.h,"(478, 3)-(478, 36)",b'typedef HandFanT NativeTableType;'
flatbuffers,../repos/flatbuffers/tests/cpp17/generated_cpp17/union_vector_generated.h,"(479, 3)-(479, 34)",b'typedef HandFanBuilder Builder;'
flatbuffers,../repos/flatbuffers/tests/cpp17/generated_cpp17/union_vector_generated.h,"(509, 3)-(509, 25)",b'typedef HandFan Table;'
flatbuffers,../repos/flatbuffers/tests/cpp17/generated_cpp17/union_vector_generated.h,"(550, 3)-(550, 27)",b'typedef Movie TableType;'
flatbuffers,../repos/flatbuffers/tests/cpp17/generated_cpp17/union_vector_generated.h,"(556, 3)-(556, 34)",b'typedef MovieT NativeTableType;'
flatbuffers,../repos/flatbuffers/tests/cpp17/generated_cpp17/union_vector_generated.h,"(557, 3)-(557, 32)",b'typedef MovieBuilder Builder;'
flatbuffers,../repos/flatbuffers/tests/cpp17/generated_cpp17/union_vector_generated.h,"(633, 3)-(633, 23)",b'typedef Movie Table;'
flatbuffers,../repos/flatbuffers/tests/union_vector/union_vector_generated.h,"(294, 5)-(294, 56)",b'typedef typename std::remove_reference<T>::ty...'
flatbuffers,../repos/flatbuffers/tests/union_vector/union_vector_generated.h,"(451, 3)-(451, 30)",b'typedef Attacker TableType;'
flatbuffers,../repos/flatbuffers/tests/union_vector/union_vector_generated.h,"(456, 3)-(456, 37)",b'typedef AttackerT NativeTableType;'
flatbuffers,../repos/flatbuffers/tests/union_vector/union_vector_generated.h,"(457, 3)-(457, 35)",b'typedef AttackerBuilder Builder;'
flatbuffers,../repos/flatbuffers/tests/union_vector/union_vector_generated.h,"(481, 3)-(481, 26)",b'typedef Attacker Table;'
flatbuffers,../repos/flatbuffers/tests/union_vector/union_vector_generated.h,"(509, 3)-(509, 29)",b'typedef HandFan TableType;'
flatbuffers,../repos/flatbuffers/tests/union_vector/union_vector_generated.h,"(514, 3)-(514, 36)",b'typedef HandFanT NativeTableType;'
flatbuffers,../repos/flatbuffers/tests/union_vector/union_vector_generated.h,"(515, 3)-(515, 34)",b'typedef HandFanBuilder Builder;'
flatbuffers,../repos/flatbuffers/tests/union_vector/union_vector_generated.h,"(539, 3)-(539, 25)",b'typedef HandFan Table;'
flatbuffers,../repos/flatbuffers/tests/union_vector/union_vector_generated.h,"(567, 3)-(567, 27)",b'typedef Movie TableType;'
flatbuffers,../repos/flatbuffers/tests/union_vector/union_vector_generated.h,"(573, 3)-(573, 34)",b'typedef MovieT NativeTableType;'
flatbuffers,../repos/flatbuffers/tests/union_vector/union_vector_generated.h,"(574, 3)-(574, 32)",b'typedef MovieBuilder Builder;'
flatbuffers,../repos/flatbuffers/tests/union_vector/union_vector_generated.h,"(641, 3)-(641, 23)",b'typedef Movie Table;'
flatbuffers,../repos/flatbuffers/tests/key_field/key_field_sample_generated.h,"(550, 3)-(550, 30)",b'typedef FooTable TableType;'
flatbuffers,../repos/flatbuffers/tests/key_field/key_field_sample_generated.h,"(562, 3)-(562, 37)",b'typedef FooTableT NativeTableType;'
flatbuffers,../repos/flatbuffers/tests/key_field/key_field_sample_generated.h,"(563, 3)-(563, 35)",b'typedef FooTableBuilder Builder;'
flatbuffers,../repos/flatbuffers/tests/key_field/key_field_sample_generated.h,"(655, 3)-(655, 26)",b'typedef FooTable Table;'
flatbuffers,../repos/flatbuffers/tests/test_assert.h,"(40, 1)-(42, 67)",b'typedef bool (*TestFailEventListener)(const c...'
flatbuffers,../repos/flatbuffers/tests/test_assert.h,"(72, 3)-(72, 18)",b'typedef T type;'
flatbuffers,../repos/flatbuffers/tests/test_assert.h,"(81, 3)-(81, 24)",b'typedef int64_t type;'
flatbuffers,../repos/flatbuffers/tests/test_builder.h,"(227, 1)-(227, 57)",b'typedef std::set<BuilderReuseTestSelector> Te...'
flatbuffers,../repos/flatbuffers/tests/monster_test_generated.grpc.fb.h,"(232, 3)-(232, 173)",b'typedef   WithAsyncMethod_Store<  WithAsyncMe...'
flatbuffers,../repos/flatbuffers/tests/monster_test_generated.grpc.fb.h,"(321, 3)-(321, 80)",b'typedef   WithStreamedUnaryMethod_Store<  Ser...'
flatbuffers,../repos/flatbuffers/tests/monster_test_generated.grpc.fb.h,"(342, 3)-(342, 84)",b'typedef   WithSplitStreamingMethod_Retrieve< ...'
flatbuffers,../repos/flatbuffers/tests/monster_test_generated.grpc.fb.h,"(343, 3)-(343, 115)",b'typedef   WithStreamedUnaryMethod_Store<  Wit...'
flatbuffers,../repos/flatbuffers/tests/union_underlying_type_test_generated.h,"(131, 5)-(131, 56)",b'typedef typename std::remove_reference<T>::ty...'
flatbuffers,../repos/flatbuffers/tests/union_underlying_type_test_generated.h,"(201, 3)-(201, 23)",b'typedef A TableType;'
flatbuffers,../repos/flatbuffers/tests/union_underlying_type_test_generated.h,"(206, 3)-(206, 30)",b'typedef AT NativeTableType;'
flatbuffers,../repos/flatbuffers/tests/union_underlying_type_test_generated.h,"(207, 3)-(207, 28)",b'typedef ABuilder Builder;'
flatbuffers,../repos/flatbuffers/tests/union_underlying_type_test_generated.h,"(231, 3)-(231, 19)",b'typedef A Table;'
flatbuffers,../repos/flatbuffers/tests/union_underlying_type_test_generated.h,"(259, 3)-(259, 23)",b'typedef B TableType;'
flatbuffers,../repos/flatbuffers/tests/union_underlying_type_test_generated.h,"(264, 3)-(264, 30)",b'typedef BT NativeTableType;'
flatbuffers,../repos/flatbuffers/tests/union_underlying_type_test_generated.h,"(265, 3)-(265, 28)",b'typedef BBuilder Builder;'
flatbuffers,../repos/flatbuffers/tests/union_underlying_type_test_generated.h,"(290, 3)-(290, 19)",b'typedef B Table;'
flatbuffers,../repos/flatbuffers/tests/union_underlying_type_test_generated.h,"(327, 3)-(327, 23)",b'typedef C TableType;'
flatbuffers,../repos/flatbuffers/tests/union_underlying_type_test_generated.h,"(332, 3)-(332, 30)",b'typedef CT NativeTableType;'
flatbuffers,../repos/flatbuffers/tests/union_underlying_type_test_generated.h,"(333, 3)-(333, 28)",b'typedef CBuilder Builder;'
flatbuffers,../repos/flatbuffers/tests/union_underlying_type_test_generated.h,"(357, 3)-(357, 19)",b'typedef C Table;'
flatbuffers,../repos/flatbuffers/tests/union_underlying_type_test_generated.h,"(385, 3)-(385, 23)",b'typedef D TableType;'
flatbuffers,../repos/flatbuffers/tests/union_underlying_type_test_generated.h,"(391, 3)-(391, 30)",b'typedef DT NativeTableType;'
flatbuffers,../repos/flatbuffers/tests/union_underlying_type_test_generated.h,"(392, 3)-(392, 28)",b'typedef DBuilder Builder;'
flatbuffers,../repos/flatbuffers/tests/union_underlying_type_test_generated.h,"(463, 3)-(463, 19)",b'typedef D Table;'
flatbuffers,../repos/flatbuffers/tests/monster_test.grpc.fb.h,"(232, 3)-(232, 173)",b'typedef   WithAsyncMethod_Store<  WithAsyncMe...'
flatbuffers,../repos/flatbuffers/tests/monster_test.grpc.fb.h,"(321, 3)-(321, 80)",b'typedef   WithStreamedUnaryMethod_Store<  Ser...'
flatbuffers,../repos/flatbuffers/tests/monster_test.grpc.fb.h,"(342, 3)-(342, 84)",b'typedef   WithSplitStreamingMethod_Retrieve< ...'
flatbuffers,../repos/flatbuffers/tests/monster_test.grpc.fb.h,"(343, 3)-(343, 115)",b'typedef   WithStreamedUnaryMethod_Store<  Wit...'
flatbuffers,../repos/flatbuffers/samples/monster_generated.h,"(140, 5)-(140, 56)",b'typedef typename std::remove_reference<T>::ty...'
flatbuffers,../repos/flatbuffers/samples/monster_generated.h,"(239, 3)-(239, 29)",b'typedef Monster TableType;'
flatbuffers,../repos/flatbuffers/samples/monster_generated.h,"(256, 3)-(256, 36)",b'typedef MonsterT NativeTableType;'
flatbuffers,../repos/flatbuffers/samples/monster_generated.h,"(257, 3)-(257, 34)",b'typedef MonsterBuilder Builder;'
flatbuffers,../repos/flatbuffers/samples/monster_generated.h,"(364, 3)-(364, 25)",b'typedef Monster Table;'
flatbuffers,../repos/flatbuffers/samples/monster_generated.h,"(467, 3)-(467, 28)",b'typedef Weapon TableType;'
flatbuffers,../repos/flatbuffers/samples/monster_generated.h,"(473, 3)-(473, 35)",b'typedef WeaponT NativeTableType;'
flatbuffers,../repos/flatbuffers/samples/monster_generated.h,"(474, 3)-(474, 33)",b'typedef WeaponBuilder Builder;'
flatbuffers,../repos/flatbuffers/samples/monster_generated.h,"(507, 3)-(507, 24)",b'typedef Weapon Table;'
flatbuffers,../repos/flatbuffers/goldens/cpp/basic_generated.h,"(26, 3)-(26, 33)",b'typedef GalaxyBuilder Builder;'
flatbuffers,../repos/flatbuffers/goldens/cpp/basic_generated.h,"(41, 3)-(41, 24)",b'typedef Galaxy Table;'
flatbuffers,../repos/flatbuffers/goldens/cpp/basic_generated.h,"(67, 3)-(67, 35)",b'typedef UniverseBuilder Builder;'
flatbuffers,../repos/flatbuffers/goldens/cpp/basic_generated.h,"(89, 3)-(89, 26)",b'typedef Universe Table;'
flatbuffers,../repos/flatbuffers/grpc/src/compiler/java_generator.cc,"(38, 1)-(38, 41)",b'typedef grpc_generator::Printer Printer;'
flatbuffers,../repos/flatbuffers/grpc/src/compiler/java_generator.cc,"(39, 1)-(39, 51)","b'typedef std::map<grpc::string, grpc::string> VARS;'"
flatbuffers,../repos/flatbuffers/grpc/src/compiler/java_generator.cc,"(40, 1)-(40, 51)",b'typedef grpc_generator::Service ServiceDescriptor;'
flatbuffers,../repos/flatbuffers/grpc/src/compiler/java_generator.cc,"(41, 1)-(42, 20)",b'typedef grpc_generator::CommentHolder\n    Des...'
flatbuffers,../repos/flatbuffers/grpc/src/compiler/java_generator.cc,"(43, 1)-(43, 49)",b'typedef grpc_generator::Method MethodDescriptor;'
flatbuffers,../repos/flatbuffers/grpc/src/compiler/java_generator.cc,"(46, 1)-(46, 28)",b'typedef std::string string;'
flatbuffers,../repos/flatbuffers/grpc/src/compiler/swift_generator.h,"(29, 1)-(29, 35)",b'typedef GRPC_CUSTOM_STRING string;'
flatbuffers,../repos/flatbuffers/grpc/src/compiler/schema_interface.h,"(33, 1)-(33, 35)",b'typedef GRPC_CUSTOM_STRING string;'
flatbuffers,../repos/flatbuffers/grpc/src/compiler/ts_generator.h,"(14, 1)-(14, 35)",b'typedef GRPC_CUSTOM_STRING string;'
flatbuffers,../repos/flatbuffers/grpc/src/compiler/cpp_generator.h,"(20, 1)-(20, 35)",b'typedef GRPC_CUSTOM_STRING string;'
