Repo name,File name,Location,Content
flatbuffers,../repos/flatbuffers/src/flatc.cpp,"(264, 30)-(264, 43)",b'decltype(cmp)'
flatbuffers,../repos/flatbuffers/tests/monster_test.cpp,"(736, 25)-(736, 43)",b'decltype(ta->i8())'
flatbuffers,../repos/flatbuffers/tests/monster_test.cpp,"(737, 25)-(737, 44)",b'decltype(ta->i16())'
flatbuffers,../repos/flatbuffers/tests/monster_test.cpp,"(738, 25)-(738, 44)",b'decltype(ta->i32())'
flatbuffers,../repos/flatbuffers/tests/monster_test.cpp,"(739, 25)-(739, 44)",b'decltype(ta->i64())'
flatbuffers,../repos/flatbuffers/tests/monster_test.cpp,"(740, 25)-(740, 43)",b'decltype(ta->u8())'
flatbuffers,../repos/flatbuffers/tests/monster_test.cpp,"(741, 25)-(741, 44)",b'decltype(ta->u16())'
flatbuffers,../repos/flatbuffers/tests/monster_test.cpp,"(742, 25)-(742, 44)",b'decltype(ta->u32())'
flatbuffers,../repos/flatbuffers/tests/monster_test.cpp,"(743, 25)-(743, 44)",b'decltype(ta->u64())'
flatbuffers,../repos/flatbuffers/tests/monster_test.cpp,"(744, 25)-(744, 44)",b'decltype(ta->f32())'
flatbuffers,../repos/flatbuffers/tests/monster_test.cpp,"(745, 25)-(745, 44)",b'decltype(ta->f64())'
flatbuffers,../repos/flatbuffers/tests/cpp17/generated_cpp17/monster_test_generated.h,"(595, 21)-(595, 70)",b'decltype(std::declval<type>().get_field<Index>())'
flatbuffers,../repos/flatbuffers/tests/cpp17/generated_cpp17/monster_test_generated.h,"(706, 21)-(706, 70)",b'decltype(std::declval<type>().get_field<Index>())'
flatbuffers,../repos/flatbuffers/tests/cpp17/generated_cpp17/monster_test_generated.h,"(764, 21)-(764, 70)",b'decltype(std::declval<type>().get_field<Index>())'
flatbuffers,../repos/flatbuffers/tests/cpp17/generated_cpp17/monster_test_generated.h,"(827, 21)-(827, 70)",b'decltype(std::declval<type>().get_field<Index>())'
flatbuffers,../repos/flatbuffers/tests/cpp17/generated_cpp17/monster_test_generated.h,"(868, 21)-(868, 70)",b'decltype(std::declval<type>().get_field<Index>())'
flatbuffers,../repos/flatbuffers/tests/cpp17/generated_cpp17/monster_test_generated.h,"(1055, 21)-(1055, 70)",b'decltype(std::declval<type>().get_field<Index>())'
flatbuffers,../repos/flatbuffers/tests/cpp17/generated_cpp17/monster_test_generated.h,"(1171, 21)-(1171, 70)",b'decltype(std::declval<type>().get_field<Index>())'
flatbuffers,../repos/flatbuffers/tests/cpp17/generated_cpp17/monster_test_generated.h,"(1267, 21)-(1267, 70)",b'decltype(std::declval<type>().get_field<Index>())'
flatbuffers,../repos/flatbuffers/tests/cpp17/generated_cpp17/monster_test_generated.h,"(2410, 21)-(2410, 70)",b'decltype(std::declval<type>().get_field<Index>())'
flatbuffers,../repos/flatbuffers/tests/cpp17/generated_cpp17/monster_test_generated.h,"(2814, 21)-(2814, 70)",b'decltype(std::declval<type>().get_field<Index>())'
flatbuffers,../repos/flatbuffers/tests/cpp17/generated_cpp17/optional_scalars_generated.h,"(689, 21)-(689, 70)",b'decltype(std::declval<type>().get_field<Index>())'
flatbuffers,../repos/flatbuffers/tests/cpp17/generated_cpp17/union_vector_generated.h,"(310, 21)-(310, 70)",b'decltype(std::declval<type>().get_field<Index>())'
flatbuffers,../repos/flatbuffers/tests/cpp17/generated_cpp17/union_vector_generated.h,"(351, 21)-(351, 70)",b'decltype(std::declval<type>().get_field<Index>())'
flatbuffers,../repos/flatbuffers/tests/cpp17/generated_cpp17/union_vector_generated.h,"(392, 21)-(392, 70)",b'decltype(std::declval<type>().get_field<Index>())'
flatbuffers,../repos/flatbuffers/tests/cpp17/generated_cpp17/union_vector_generated.h,"(467, 21)-(467, 70)",b'decltype(std::declval<type>().get_field<Index>())'
flatbuffers,../repos/flatbuffers/tests/cpp17/generated_cpp17/union_vector_generated.h,"(544, 21)-(544, 70)",b'decltype(std::declval<type>().get_field<Index>())'
flatbuffers,../repos/flatbuffers/tests/cpp17/generated_cpp17/union_vector_generated.h,"(686, 21)-(686, 70)",b'decltype(std::declval<type>().get_field<Index>())'
flatbuffers,../repos/flatbuffers/tests/cpp17/test_cpp17.cpp,"(204, 24)-(204, 39)",b'decltype(table)'
