Repo name,File name,Location,Content
VTK,../repos/VTK/Rendering/Core/vtkCompositePolyDataMapperDelegator.h,"(49, 59)-(49, 67)",b'GetDelegate() noexcept'
VTK,../repos/VTK/Rendering/Core/vtkRenderTimerLog.h,"(132, 50)-(132, 58)",b'ScopedEventLogger(ScopedEventLogger&& other) ...'
VTK,../repos/VTK/Rendering/Core/vtkRenderTimerLog.h,"(133, 61)-(133, 69)",b'operator=(ScopedEventLogger&& other) noexcept'
VTK,../repos/VTK/Rendering/Core/vtkRenderTimerLog.cxx,"(70, 80)-(70, 88)",b'vtkRenderTimerLog::ScopedEventLogger::ScopedE...'
VTK,../repos/VTK/Rendering/Core/vtkRenderTimerLog.cxx,"(78, 26)-(78, 34)",b'vtkRenderTimerLog::ScopedEventLogger::operato...'
