Repo name,File name,Location,Content
VTK,../repos/VTK/Geovis/GDAL/vtkGDALRasterConverter.h,"(100, 3)-(100, 26)",b'~vtkGDALRasterConverter() override'
VTK,../repos/VTK/Geovis/GDAL/vtkRasterReprojectionFilter.h,"(94, 3)-(94, 31)",b'~vtkRasterReprojectionFilter() override'
VTK,../repos/VTK/Geovis/GDAL/vtkGDALRasterReprojection.cxx,"(24, 28)-(24, 54)",b'vtkGDALRasterReprojection::~vtkGDALRasterRepr...'
VTK,../repos/VTK/Geovis/GDAL/vtkGDALRasterReprojection.h,"(70, 3)-(70, 29)",b'~vtkGDALRasterReprojection() override'
VTK,../repos/VTK/Geovis/GDAL/vtkRasterReprojectionFilter.cxx,"(36, 3)-(36, 39)",b'~vtkRasterReprojectionFilterInternal()'
VTK,../repos/VTK/Geovis/GDAL/vtkRasterReprojectionFilter.cxx,"(58, 3)-(58, 39)",b'vtkRasterReprojectionFilterInternal::\n  ~vtkR...'
VTK,../repos/VTK/Geovis/GDAL/vtkRasterReprojectionFilter.cxx,"(81, 30)-(81, 58)",b'vtkRasterReprojectionFilter::~vtkRasterReproj...'
VTK,../repos/VTK/Geovis/GDAL/vtkGDALRasterConverter.cxx,"(311, 25)-(311, 48)",b'vtkGDALRasterConverter::~vtkGDALRasterConverter'
VTK,../repos/VTK/Geovis/Core/vtkGeoProjection.h,"(138, 3)-(138, 20)",b'~vtkGeoProjection() override'
VTK,../repos/VTK/Geovis/Core/vtkGeoTransform.cxx,"(27, 18)-(27, 34)",b'vtkGeoTransform::~vtkGeoTransform'
VTK,../repos/VTK/Geovis/Core/vtkGeoTransform.h,"(128, 3)-(128, 19)",b'~vtkGeoTransform() override'
VTK,../repos/VTK/Geovis/Core/vtkGeoProjection.cxx,"(101, 19)-(101, 36)",b'vtkGeoProjection::~vtkGeoProjection'
VTK,../repos/VTK/Rendering/Core/vtkInteractorEventRecorder.cxx,"(48, 29)-(48, 56)",b'vtkInteractorEventRecorder::~vtkInteractorEve...'
VTK,../repos/VTK/Rendering/Core/vtkGPUInfoList.h,"(65, 3)-(65, 18)",b'~vtkGPUInfoList() override'
VTK,../repos/VTK/Rendering/Core/vtkBackgroundColorMonitor.h,"(53, 3)-(53, 29)",b'~vtkBackgroundColorMonitor() override'
VTK,../repos/VTK/Rendering/Core/vtkInteractorObserver.cxx,"(49, 24)-(49, 46)",b'vtkInteractorObserver::~vtkInteractorObserver'
VTK,../repos/VTK/Rendering/Core/vtkLookupTableWithEnabling.h,"(63, 3)-(63, 30)",b'~vtkLookupTableWithEnabling() override'
VTK,../repos/VTK/Rendering/Core/vtkSelectVisiblePoints.h,"(142, 3)-(142, 26)",b'~vtkSelectVisiblePoints() override'
VTK,../repos/VTK/Rendering/Core/vtkLightActor.cxx,"(37, 16)-(37, 30)",b'vtkLightActor::~vtkLightActor'
VTK,../repos/VTK/Rendering/Core/vtkImageActor.h,"(158, 3)-(158, 17)",b'~vtkImageActor() override'
VTK,../repos/VTK/Rendering/Core/vtkHardwarePicker.cxx,"(85, 20)-(85, 38)",b'vtkHardwarePicker::~vtkHardwarePicker'
VTK,../repos/VTK/Rendering/Core/vtkGraphToGlyphs.cxx,"(47, 19)-(47, 36)",b'vtkGraphToGlyphs::~vtkGraphToGlyphs'
VTK,../repos/VTK/Rendering/Core/vtkHierarchicalPolyDataMapper.cxx,"(13, 32)-(13, 62)",b'vtkHierarchicalPolyDataMapper::~vtkHierarchic...'
VTK,../repos/VTK/Rendering/Core/vtkCellGridRenderRequest.cxx,"(23, 27)-(23, 52)",b'vtkCellGridRenderRequest::~vtkCellGridRenderR...'
VTK,../repos/VTK/Rendering/Core/vtkShaderProperty.cxx,"(19, 20)-(19, 38)",b'vtkShaderProperty::~vtkShaderProperty'
VTK,../repos/VTK/Rendering/Core/vtkFXAAOptions.cxx,"(67, 17)-(67, 32)",b'vtkFXAAOptions::~vtkFXAAOptions'
VTK,../repos/VTK/Rendering/Core/vtkActor.h,"(210, 3)-(210, 12)",b'~vtkActor() override'
VTK,../repos/VTK/Rendering/Core/vtkLightKit.h,"(336, 3)-(336, 15)",b'~vtkLightKit() override'
VTK,../repos/VTK/Rendering/Core/vtkVolumeProperty.cxx,"(54, 20)-(54, 38)",b'vtkVolumeProperty::~vtkVolumeProperty'
VTK,../repos/VTK/Rendering/Core/vtkTextPropertyCollection.cxx,"(20, 28)-(20, 54)",b'vtkTextPropertyCollection::~vtkTextPropertyCo...'
VTK,../repos/VTK/Rendering/Core/vtkWindowToImageFilter.h,"(163, 3)-(163, 26)",b'~vtkWindowToImageFilter() override'
VTK,../repos/VTK/Rendering/Core/vtkTDxInteractorStyle.cxx,"(21, 24)-(21, 46)",b'vtkTDxInteractorStyle::~vtkTDxInteractorStyle'
VTK,../repos/VTK/Rendering/Core/vtkHardwarePicker.h,"(198, 3)-(198, 21)",b'~vtkHardwarePicker() override'
VTK,../repos/VTK/Rendering/Core/vtkActorCollection.h,"(73, 3)-(73, 22)",b'~vtkActorCollection() override'
VTK,../repos/VTK/Rendering/Core/vtkInteractorStyle3D.h,"(100, 3)-(100, 24)",b'~vtkInteractorStyle3D() override'
VTK,../repos/VTK/Rendering/Core/vtkAvatar.cxx,"(65, 12)-(65, 22)",b'vtkAvatar::~vtkAvatar'
VTK,../repos/VTK/Rendering/Core/vtkCompositeDataDisplayAttributesLegacy.cxx,"(18, 42)-(18, 82)",b'vtkCompositeDataDisplayAttributesLegacy::~vtk...'
VTK,../repos/VTK/Rendering/Core/vtkCuller.cxx,"(8, 12)-(8, 22)",b'vtkCuller::~vtkCuller'
VTK,../repos/VTK/Rendering/Core/vtkVolumeProperty.h,"(509, 3)-(509, 21)",b'~vtkVolumeProperty() override'
VTK,../repos/VTK/Rendering/Core/vtkPickingManager.h,"(160, 3)-(160, 21)",b'~vtkPickingManager() override'
VTK,../repos/VTK/Rendering/Core/vtkImageProperty.h,"(181, 3)-(181, 20)",b'~vtkImageProperty() override'
VTK,../repos/VTK/Rendering/Core/vtkFXAAOptions.h,"(171, 3)-(171, 18)",b'~vtkFXAAOptions() override'
VTK,../repos/VTK/Rendering/Core/vtkCompositeCellGridMapper.h,"(112, 3)-(112, 30)",b'~vtkCompositeCellGridMapper() override'
VTK,../repos/VTK/Rendering/Core/vtkProp3DFollower.cxx,"(33, 20)-(33, 38)",b'vtkProp3DFollower::~vtkProp3DFollower'
VTK,../repos/VTK/Rendering/Core/vtkColorTransferFunction.cxx,"(304, 27)-(304, 52)",b'vtkColorTransferFunction::~vtkColorTransferFu...'
VTK,../repos/VTK/Rendering/Core/vtkInteractorStyleSwitchBase.cxx,"(18, 31)-(18, 60)",b'vtkInteractorStyleSwitchBase::~vtkInteractorS...'
VTK,../repos/VTK/Rendering/Core/vtkLight.cxx,"(63, 11)-(63, 20)",b'vtkLight::~vtkLight'
VTK,../repos/VTK/Rendering/Core/vtkCellGraphicsPrimitiveMap.cxx,"(18, 30)-(18, 58)",b'vtkCellGraphicsPrimitiveMap::~vtkCellGraphics...'
VTK,../repos/VTK/Rendering/Core/vtkImageActor.cxx,"(51, 16)-(51, 30)",b'vtkImageActor::~vtkImageActor'
VTK,../repos/VTK/Rendering/Core/vtkTupleInterpolator.cxx,"(26, 23)-(26, 44)",b'vtkTupleInterpolator::~vtkTupleInterpolator'
VTK,../repos/VTK/Rendering/Core/vtkTextRenderer.cxx,"(25, 25)-(25, 48)",b'vtkTextRendererCleanup::~vtkTextRendererCleanup'
VTK,../repos/VTK/Rendering/Core/vtkTextRenderer.cxx,"(96, 18)-(96, 34)",b'vtkTextRenderer::~vtkTextRenderer'
VTK,../repos/VTK/Rendering/Core/vtkRenderPass.h,"(81, 3)-(81, 17)",b'~vtkRenderPass() override'
VTK,../repos/VTK/Rendering/Core/vtkAssembly.cxx,"(22, 14)-(22, 26)",b'vtkAssembly::~vtkAssembly'
VTK,../repos/VTK/Rendering/Core/vtkAbstractHyperTreeGridMapper.cxx,"(75, 33)-(75, 64)",b'vtkAbstractHyperTreeGridMapper::~vtkAbstractH...'
VTK,../repos/VTK/Rendering/Core/vtkTextProperty.h,"(292, 3)-(292, 19)",b'~vtkTextProperty() override'
VTK,../repos/VTK/Rendering/Core/vtkHardwareWindow.cxx,"(23, 20)-(23, 38)",b'vtkHardwareWindow::~vtkHardwareWindow'
VTK,../repos/VTK/Rendering/Core/vtkGraphToGlyphs.h,"(106, 3)-(106, 20)",b'~vtkGraphToGlyphs() override'
VTK,../repos/VTK/Rendering/Core/vtkRendererCollection.h,"(63, 3)-(63, 25)",b'~vtkRendererCollection() override'
VTK,../repos/VTK/Rendering/Core/vtkAreaPicker.h,"(126, 3)-(126, 17)",b'~vtkAreaPicker() override'
VTK,../repos/VTK/Rendering/Core/vtkRenderWindowInteractor.h,"(859, 3)-(859, 29)",b'~vtkRenderWindowInteractor() override'
VTK,../repos/VTK/Rendering/Core/vtkDistanceToCamera.h,"(74, 3)-(74, 23)",b'~vtkDistanceToCamera() override'
VTK,../repos/VTK/Rendering/Core/vtkInteractorStyleSwitchBase.h,"(34, 3)-(34, 32)",b'~vtkInteractorStyleSwitchBase() override'
VTK,../repos/VTK/Rendering/Core/vtkCellCenterDepthSort.h,"(42, 3)-(42, 26)",b'~vtkCellCenterDepthSort() override'
VTK,../repos/VTK/Rendering/Core/vtkHardwareWindow.h,"(40, 3)-(40, 21)",b'~vtkHardwareWindow() override'
VTK,../repos/VTK/Rendering/Core/vtkAbstractMapper.cxx,"(30, 20)-(30, 38)",b'vtkAbstractMapper::~vtkAbstractMapper'
VTK,../repos/VTK/Rendering/Core/vtkRenderer.h,"(886, 3)-(886, 15)",b'~vtkRenderer() override'
VTK,../repos/VTK/Rendering/Core/vtkCompositePolyDataMapperDelegator.h,"(134, 3)-(134, 39)",b'~vtkCompositePolyDataMapperDelegator() override'
VTK,../repos/VTK/Rendering/Core/vtkLogLookupTable.h,"(31, 3)-(31, 21)",b'~vtkLogLookupTable() override'
VTK,../repos/VTK/Rendering/Core/vtkAbstractVolumeMapper.cxx,"(25, 26)-(25, 50)",b'vtkAbstractVolumeMapper::~vtkAbstractVolumeMapper'
VTK,../repos/VTK/Rendering/Core/vtkCuller.h,"(39, 3)-(39, 13)",b'~vtkCuller() override'
VTK,../repos/VTK/Rendering/Core/vtkCamera.cxx,"(46, 3)-(46, 28)",b'~vtkCameraCallbackCommand() override'
VTK,../repos/VTK/Rendering/Core/vtkCamera.cxx,"(162, 12)-(162, 22)",b'vtkCamera::~vtkCamera'
VTK,../repos/VTK/Rendering/Core/vtkWorldPointPicker.h,"(47, 3)-(47, 23)",b'~vtkWorldPointPicker() override'
VTK,../repos/VTK/Rendering/Core/vtkTransformCoordinateSystems.h,"(86, 3)-(86, 33)",b'~vtkTransformCoordinateSystems() override'
VTK,../repos/VTK/Rendering/Core/vtkRendererDelegate.cxx,"(12, 22)-(12, 42)",b'vtkRendererDelegate::~vtkRendererDelegate'
VTK,../repos/VTK/Rendering/Core/vtkTDxInteractorStyle.h,"(75, 3)-(75, 25)",b'~vtkTDxInteractorStyle() override'
VTK,../repos/VTK/Rendering/Core/vtkCameraInterpolator.h,"(202, 3)-(202, 25)",b'~vtkCameraInterpolator() override'
VTK,../repos/VTK/Rendering/Core/vtkTextMapper.h,"(117, 3)-(117, 17)",b'~vtkTextMapper() override'
VTK,../repos/VTK/Rendering/Core/vtkImageMapper3D.h,"(157, 3)-(157, 20)",b'~vtkImageMapper3D() override'
VTK,../repos/VTK/Rendering/Core/vtkCoordinate.h,"(166, 3)-(166, 17)",b'~vtkCoordinate() override'
VTK,../repos/VTK/Rendering/Core/vtkFollower.cxx,"(34, 14)-(34, 26)",b'vtkFollower::~vtkFollower'
VTK,../repos/VTK/Rendering/Core/vtkAbstractRenderDevice.h,"(51, 3)-(51, 27)",b'~vtkAbstractRenderDevice() override'
VTK,../repos/VTK/Rendering/Core/vtkHardwareSelector.h,"(390, 3)-(390, 23)",b'~vtkHardwareSelector() override'
VTK,../repos/VTK/Rendering/Core/vtkInteractorStyle.h,"(421, 3)-(421, 22)",b'~vtkInteractorStyle() override'
VTK,../repos/VTK/Rendering/Core/vtkStereoCompositor.cxx,"(18, 22)-(18, 42)",b'vtkStereoCompositor::~vtkStereoCompositor'
VTK,../repos/VTK/Rendering/Core/vtkGlyph3DMapper.h,"(442, 3)-(442, 20)",b'~vtkGlyph3DMapper() override'
VTK,../repos/VTK/Rendering/Core/vtkVisibilitySort.h,"(123, 3)-(123, 21)",b'~vtkVisibilitySort() override'
VTK,../repos/VTK/Rendering/Core/vtkAbstractInteractionDevice.cxx,"(17, 31)-(17, 60)",b'vtkAbstractInteractionDevice::~vtkAbstractInt...'
VTK,../repos/VTK/Rendering/Core/vtkRendererDelegate.h,"(49, 3)-(49, 23)",b'~vtkRendererDelegate() override'
VTK,../repos/VTK/Rendering/Core/vtkPropAssembly.cxx,"(24, 18)-(24, 34)",b'vtkPropAssembly::~vtkPropAssembly'
VTK,../repos/VTK/Rendering/Core/vtkPointGaussianMapper.h,"(205, 3)-(205, 26)",b'~vtkPointGaussianMapper() override'
VTK,../repos/VTK/Rendering/Core/vtkAbstractVolumeMapper.h,"(128, 3)-(128, 27)",b'~vtkAbstractVolumeMapper() override'
VTK,../repos/VTK/Rendering/Core/vtkCompositeCellGridMapper.cxx,"(83, 29)-(83, 56)",b'vtkCompositeCellGridMapper::~vtkCompositeCell...'
VTK,../repos/VTK/Rendering/Core/vtkProperty.cxx,"(110, 14)-(110, 26)",b'vtkProperty::~vtkProperty'
VTK,../repos/VTK/Rendering/Core/vtkInteractorEventRecorder.h,"(116, 3)-(116, 30)",b'~vtkInteractorEventRecorder() override'
VTK,../repos/VTK/Rendering/Core/vtkRenderWindow.h,"(731, 3)-(731, 19)",b'~vtkRenderWindow() override'
VTK,../repos/VTK/Rendering/Core/vtkAbstractPropPicker.cxx,"(22, 24)-(22, 46)",b'vtkAbstractPropPicker::~vtkAbstractPropPicker'
VTK,../repos/VTK/Rendering/Core/vtkAssemblyPath.cxx,"(20, 18)-(20, 34)",b'vtkAssemblyPath::~vtkAssemblyPath'
VTK,../repos/VTK/Rendering/Core/vtkLabeledContourMapper.cxx,"(206, 26)-(206, 50)",b'vtkLabeledContourMapper::~vtkLabeledContourMapper'
VTK,../repos/VTK/Rendering/Core/vtkMapperCollection.h,"(60, 3)-(60, 23)",b'~vtkMapperCollection() override'
VTK,../repos/VTK/Rendering/Core/vtkBillboardTextActor3D.h,"(116, 3)-(116, 27)",b'~vtkBillboardTextActor3D() override'
VTK,../repos/VTK/Rendering/Core/vtkStringToImage.cxx,"(17, 19)-(17, 36)",b'vtkStringToImage::~vtkStringToImage'
VTK,../repos/VTK/Rendering/Core/vtkCompositePolyDataMapper.cxx,"(88, 29)-(88, 56)",b'vtkCompositePolyDataMapper::~vtkCompositePoly...'
VTK,../repos/VTK/Rendering/Core/vtkRenderTimerLog.h,"(134, 5)-(134, 23)",b'~ScopedEventLogger()'
VTK,../repos/VTK/Rendering/Core/vtkRenderTimerLog.h,"(211, 3)-(211, 21)",b'~vtkRenderTimerLog() override'
VTK,../repos/VTK/Rendering/Core/vtkPropCollection.h,"(65, 3)-(65, 21)",b'~vtkPropCollection() override'
VTK,../repos/VTK/Rendering/Core/vtkWindowToImageFilter.cxx,"(45, 3)-(45, 23)",b'~vtkWTI2DHelperClass()'
VTK,../repos/VTK/Rendering/Core/vtkWindowToImageFilter.cxx,"(76, 25)-(76, 48)",b'vtkWindowToImageFilter::~vtkWindowToImageFilter'
VTK,../repos/VTK/Rendering/Core/vtkTransformCoordinateSystems.cxx,"(26, 32)-(26, 62)",b'vtkTransformCoordinateSystems::~vtkTransformC...'
VTK,../repos/VTK/Rendering/Core/vtkImageProperty.cxx,"(46, 19)-(46, 36)",b'vtkImageProperty::~vtkImageProperty'
VTK,../repos/VTK/Rendering/Core/vtkTextActor.cxx,"(111, 15)-(111, 28)",b'vtkTextActor::~vtkTextActor'
VTK,../repos/VTK/Rendering/Core/vtkViewport.h,"(454, 3)-(454, 15)",b'~vtkViewport() override'
VTK,../repos/VTK/Rendering/Core/vtkInteractorStyle3D.cxx,"(44, 23)-(44, 44)",b'vtkInteractorStyle3D::~vtkInteractorStyle3D'
VTK,../repos/VTK/Rendering/Core/vtkProperty2D.h,"(120, 3)-(120, 17)",b'~vtkProperty2D() override'
VTK,../repos/VTK/Rendering/Core/vtkPicker.cxx,"(57, 12)-(57, 22)",b'vtkPicker::~vtkPicker'
VTK,../repos/VTK/Rendering/Core/vtkAbstractInteractionDevice.h,"(49, 3)-(49, 32)",b'~vtkAbstractInteractionDevice() override'
VTK,../repos/VTK/Rendering/Core/vtkStringToImage.h,"(69, 3)-(69, 20)",b'~vtkStringToImage() override'
VTK,../repos/VTK/Rendering/Core/vtkDiscretizableColorTransferFunction.h,"(231, 3)-(231, 41)",b'~vtkDiscretizableColorTransferFunction() override'
VTK,../repos/VTK/Rendering/Core/vtkPropPicker.cxx,"(25, 16)-(25, 30)",b'vtkPropPicker::~vtkPropPicker'
VTK,../repos/VTK/Rendering/Core/vtkRenderedAreaPicker.h,"(45, 3)-(45, 25)",b'~vtkRenderedAreaPicker() override'
VTK,../repos/VTK/Rendering/Core/vtkTDxInteractorStyleCamera.cxx,"(27, 30)-(27, 58)",b'vtkTDxInteractorStyleCamera::~vtkTDxInteracto...'
VTK,../repos/VTK/Rendering/Core/vtkGPUInfoList.cxx,"(70, 17)-(70, 32)",b'vtkGPUInfoList::~vtkGPUInfoList'
VTK,../repos/VTK/Rendering/Core/vtkCellGridMapper.h,"(88, 3)-(88, 21)",b'~vtkCellGridMapper() override'
VTK,../repos/VTK/Rendering/Core/vtkTDxInteractorStyleSettings.h,"(110, 3)-(110, 33)",b'~vtkTDxInteractorStyleSettings() override'
VTK,../repos/VTK/Rendering/Core/vtkSkybox.h,"(73, 3)-(73, 13)",b'~vtkSkybox() override'
VTK,../repos/VTK/Rendering/Core/vtkImageMapper.cxx,"(40, 17)-(40, 32)",b'vtkImageMapper::~vtkImageMapper'
VTK,../repos/VTK/Rendering/Core/vtkCullerCollection.h,"(56, 3)-(56, 23)",b'~vtkCullerCollection() override'
VTK,../repos/VTK/Rendering/Core/vtkFollower.h,"(78, 3)-(78, 15)",b'~vtkFollower() override'
VTK,../repos/VTK/Rendering/Core/vtkInteractorObserver.h,"(193, 3)-(193, 25)",b'~vtkInteractorObserver() override'
VTK,../repos/VTK/Rendering/Core/vtkSkybox.cxx,"(39, 12)-(39, 22)",b'vtkSkybox::~vtkSkybox'
VTK,../repos/VTK/Rendering/Core/vtkFrameBufferObjectBase.cxx,"(12, 27)-(12, 52)",b'vtkFrameBufferObjectBase::~vtkFrameBufferObje...'
VTK,../repos/VTK/Rendering/Core/vtkViewDependentErrorMetric.h,"(115, 3)-(115, 31)",b'~vtkViewDependentErrorMetric() override'
VTK,../repos/VTK/Rendering/Core/vtkAvatar.h,"(74, 3)-(74, 13)",b'~vtkAvatar() override'
VTK,../repos/VTK/Rendering/Core/vtkFrustumCoverageCuller.h,"(86, 3)-(86, 28)",b'~vtkFrustumCoverageCuller() override'
VTK,../repos/VTK/Rendering/Core/vtkCoordinate.cxx,"(29, 16)-(29, 30)",b'vtkCoordinate::~vtkCoordinate'
VTK,../repos/VTK/Rendering/Core/vtkActor2DCollection.cxx,"(23, 23)-(23, 44)",b'vtkActor2DCollection::~vtkActor2DCollection'
VTK,../repos/VTK/Rendering/Core/vtkTDxInteractorStyleCamera.h,"(40, 3)-(40, 31)",b'~vtkTDxInteractorStyleCamera() override'
VTK,../repos/VTK/Rendering/Core/vtkPolyDataMapper2D.h,"(208, 3)-(208, 23)",b'~vtkPolyDataMapper2D() override'
VTK,../repos/VTK/Rendering/Core/vtkLight.h,"(288, 3)-(288, 12)",b'~vtkLight() override'
VTK,../repos/VTK/Rendering/Core/vtkLightCollection.h,"(50, 3)-(50, 22)",b'~vtkLightCollection() override'
VTK,../repos/VTK/Rendering/Core/vtkTextActor3D.h,"(124, 3)-(124, 18)",b'~vtkTextActor3D() override'
VTK,../repos/VTK/Rendering/Core/vtkTexturedActor2D.h,"(72, 3)-(72, 22)",b'~vtkTexturedActor2D() override'
VTK,../repos/VTK/Rendering/Core/vtkCellGraphicsPrimitiveMap.h,"(73, 3)-(73, 31)",b'~vtkCellGraphicsPrimitiveMap() override'
VTK,../repos/VTK/Rendering/Core/vtkRenderWindowInteractor3D.cxx,"(33, 30)-(33, 58)",b'vtkRenderWindowInteractor3D::~vtkRenderWindow...'
VTK,../repos/VTK/Rendering/Core/vtkAssemblyPaths.h,"(72, 3)-(72, 20)",b'~vtkAssemblyPaths() override'
VTK,../repos/VTK/Rendering/Core/vtkTextPropertyCollection.h,"(57, 3)-(57, 29)",b'~vtkTextPropertyCollection() override'
VTK,../repos/VTK/Rendering/Core/Testing/Cxx/TestAnimationScene.cxx,"(30, 3)-(30, 15)",b'~CueAnimator()'
VTK,../repos/VTK/Rendering/Core/Testing/Cxx/TestPickingManager.cxx,"(66, 3)-(66, 24)",b'~PickingManagerClient() override'
VTK,../repos/VTK/Rendering/Core/Testing/Cxx/TestPickingManager.cxx,"(85, 23)-(85, 44)",b'PickingManagerClient::~PickingManagerClient'
VTK,../repos/VTK/Rendering/Core/Testing/Cxx/TestCompositePolyDataMapperSharedArray.cxx,"(38, 3)-(38, 21)",b'~vtkDualCubeSource() override'
VTK,../repos/VTK/Rendering/Core/Testing/Cxx/TestPointSelectionWithCellData.cxx,"(43, 3)-(43, 20)",b'~PointPickCommand() override'
VTK,../repos/VTK/Rendering/Core/Testing/Cxx/TestPointSelection.cxx,"(41, 3)-(41, 20)",b'~PointPickCommand() override'
VTK,../repos/VTK/Rendering/Core/Testing/Cxx/TestGlyph3DMapperPicking.cxx,"(47, 3)-(47, 20)",b'~MyEndPickCommand() override'
VTK,../repos/VTK/Rendering/Core/Testing/Cxx/TestCompositePolyDataMapperPicking.cxx,"(58, 3)-(58, 20)",b'~PointPickCommand() override'
VTK,../repos/VTK/Rendering/Core/vtkLODProp3D.h,"(307, 3)-(307, 16)",b'~vtkLODProp3D() override'
VTK,../repos/VTK/Rendering/Core/vtkRenderWindowInteractor.cxx,"(143, 28)-(143, 54)",b'vtkRenderWindowInteractor::~vtkRenderWindowIn...'
VTK,../repos/VTK/Rendering/Core/vtkHardwareSelector.cxx,"(197, 22)-(197, 42)",b'vtkHardwareSelector::~vtkHardwareSelector'
VTK,../repos/VTK/Rendering/Core/vtkAssemblyPath.h,"(101, 3)-(101, 19)",b'~vtkAssemblyPath() override'
VTK,../repos/VTK/Rendering/Core/vtkLookupTableWithEnabling.cxx,"(24, 29)-(24, 56)",b'vtkLookupTableWithEnabling::~vtkLookupTableWi...'
VTK,../repos/VTK/Rendering/Core/vtkAbstractRenderDevice.cxx,"(15, 26)-(15, 50)",b'vtkAbstractRenderDevice::~vtkAbstractRenderDevice'
VTK,../repos/VTK/Rendering/Core/vtkObserverMediator.cxx,"(60, 22)-(60, 42)",b'vtkObserverMediator::~vtkObserverMediator'
VTK,../repos/VTK/Rendering/Core/vtkDataSetMapper.h,"(62, 3)-(62, 20)",b'~vtkDataSetMapper() override'
VTK,../repos/VTK/Rendering/Core/vtkScenePicker.cxx,"(49, 3)-(49, 40)",b'~vtkScenePickerSelectionRenderCommand() override'
VTK,../repos/VTK/Rendering/Core/vtkScenePicker.cxx,"(71, 17)-(71, 32)",b'vtkScenePicker::~vtkScenePicker'
VTK,../repos/VTK/Rendering/Core/vtkCameraActor.cxx,"(30, 17)-(30, 32)",b'vtkCameraActor::~vtkCameraActor'
VTK,../repos/VTK/Rendering/Core/vtkAssemblyNode.cxx,"(19, 18)-(19, 34)",b'vtkAssemblyNode::~vtkAssemblyNode'
VTK,../repos/VTK/Rendering/Core/vtkPolyDataMapper2D.cxx,"(69, 22)-(69, 42)",b'vtkPolyDataMapper2D::~vtkPolyDataMapper2D'
VTK,../repos/VTK/Rendering/Core/vtkShaderProperty.h,"(119, 3)-(119, 21)",b'~vtkShaderProperty() override'
VTK,../repos/VTK/Rendering/Core/vtkImageMapper.h,"(139, 3)-(139, 18)",b'~vtkImageMapper() override'
VTK,../repos/VTK/Rendering/Core/vtkFlagpoleLabel.cxx,"(288, 19)-(288, 36)",b'vtkFlagpoleLabel::~vtkFlagpoleLabel'
VTK,../repos/VTK/Rendering/Core/vtkMapArrayValues.cxx,"(46, 20)-(46, 38)",b'vtkMapArrayValues::~vtkMapArrayValues'
VTK,../repos/VTK/Rendering/Core/vtkGenericVertexAttributeMapping.h,"(88, 3)-(88, 36)",b'~vtkGenericVertexAttributeMapping() override'
VTK,../repos/VTK/Rendering/Core/vtkProperty.h,"(747, 3)-(747, 15)",b'~vtkProperty() override'
VTK,../repos/VTK/Rendering/Core/vtkRenderTimerLog.cxx,"(22, 20)-(22, 38)",b'vtkRenderTimerLog::~vtkRenderTimerLog'
VTK,../repos/VTK/Rendering/Core/vtkLightActor.h,"(105, 3)-(105, 17)",b'~vtkLightActor() override'
VTK,../repos/VTK/Rendering/Core/vtkImageSliceMapper.cxx,"(54, 22)-(54, 42)",b'vtkImageSliceMapper::~vtkImageSliceMapper'
VTK,../repos/VTK/Rendering/Core/vtkRenderWindowCollection.h,"(55, 3)-(55, 29)",b'~vtkRenderWindowCollection() override'
VTK,../repos/VTK/Rendering/Core/vtkGPUInfo.cxx,"(19, 13)-(19, 24)",b'vtkGPUInfo::~vtkGPUInfo'
VTK,../repos/VTK/Rendering/Core/vtkRendererSource.h,"(138, 3)-(138, 21)",b'~vtkRendererSource() override'
VTK,../repos/VTK/Rendering/Core/vtkCellPicker.h,"(243, 3)-(243, 17)",b'~vtkCellPicker() override'
VTK,../repos/VTK/Rendering/Core/vtkFlagpoleLabel.h,"(110, 3)-(110, 20)",b'~vtkFlagpoleLabel() override'
VTK,../repos/VTK/Rendering/Core/vtkPicker.h,"(162, 3)-(162, 13)",b'~vtkPicker() override'
VTK,../repos/VTK/Rendering/Core/vtkRenderWindowInteractor3D.h,"(277, 3)-(277, 31)",b'~vtkRenderWindowInteractor3D() override'
VTK,../repos/VTK/Rendering/Core/vtkProp3DCollection.h,"(56, 3)-(56, 23)",b'~vtkProp3DCollection() override'
VTK,../repos/VTK/Rendering/Core/vtkRenderPass.cxx,"(20, 16)-(20, 30)",b'vtkRenderPass::~vtkRenderPass'
VTK,../repos/VTK/Rendering/Core/vtkGraphMapper.h,"(252, 3)-(252, 18)",b'~vtkGraphMapper() override'
VTK,../repos/VTK/Rendering/Core/vtkViewport.cxx,"(94, 14)-(94, 26)",b'vtkViewport::~vtkViewport'
VTK,../repos/VTK/Rendering/Core/vtkRenderWidget.cxx,"(20, 18)-(20, 34)",b'vtkRenderWidget::~vtkRenderWidget'
VTK,../repos/VTK/Rendering/Core/vtkFrameBufferObjectBase.h,"(38, 3)-(38, 28)",b'~vtkFrameBufferObjectBase() override'
VTK,../repos/VTK/Rendering/Core/vtkWindowLevelLookupTable.h,"(106, 3)-(106, 29)",b'~vtkWindowLevelLookupTable() override'
VTK,../repos/VTK/Rendering/Core/vtkTransformInterpolator.h,"(178, 3)-(178, 28)",b'~vtkTransformInterpolator() override'
VTK,../repos/VTK/Rendering/Core/vtkBillboardTextActor3D.cxx,"(422, 26)-(422, 50)",b'vtkBillboardTextActor3D::~vtkBillboardTextActor3D'
VTK,../repos/VTK/Rendering/Core/vtkVisibilitySort.cxx,"(37, 20)-(37, 38)",b'vtkVisibilitySort::~vtkVisibilitySort'
VTK,../repos/VTK/Rendering/Core/vtkMapArrayValues.h,"(136, 3)-(136, 21)",b'~vtkMapArrayValues() override'
VTK,../repos/VTK/Rendering/Core/vtkTextActor3D.cxx,"(42, 17)-(42, 32)",b'vtkTextActor3D::~vtkTextActor3D'
VTK,../repos/VTK/Rendering/Core/vtkTransformInterpolator.cxx,"(76, 27)-(76, 52)",b'vtkTransformInterpolator::~vtkTransformInterp...'
VTK,../repos/VTK/Rendering/Core/vtkImageSlice.h,"(154, 3)-(154, 17)",b'~vtkImageSlice() override'
VTK,../repos/VTK/Rendering/Core/vtkVolumeCollection.h,"(60, 3)-(60, 23)",b'~vtkVolumeCollection() override'
VTK,../repos/VTK/Rendering/Core/vtkAssemblyNode.h,"(83, 3)-(83, 19)",b'~vtkAssemblyNode() override'
VTK,../repos/VTK/Rendering/Core/vtkActor2DCollection.h,"(87, 3)-(87, 24)",b'~vtkActor2DCollection() override'
VTK,../repos/VTK/Rendering/Core/vtkTextProperty.cxx,"(53, 18)-(53, 34)",b'vtkTextProperty::~vtkTextProperty'
VTK,../repos/VTK/Rendering/Core/vtkPickingManager.cxx,"(36, 3)-(36, 15)",b'~vtkInternal()'
VTK,../repos/VTK/Rendering/Core/vtkPickingManager.cxx,"(137, 33)-(137, 45)",b'vtkInternal::~vtkInternal'
VTK,../repos/VTK/Rendering/Core/vtkPickingManager.cxx,"(276, 20)-(276, 38)",b'vtkPickingManager::~vtkPickingManager'
VTK,../repos/VTK/Rendering/Core/vtkCellGridRenderRequest.h,"(40, 13)-(40, 23)",b'~BaseState()'
VTK,../repos/VTK/Rendering/Core/vtkCellGridRenderRequest.h,"(152, 3)-(152, 28)",b'~vtkCellGridRenderRequest() override'
VTK,../repos/VTK/Rendering/Core/vtkGenericVertexAttributeMapping.cxx,"(36, 35)-(36, 68)",b'vtkGenericVertexAttributeMapping::~vtkGeneric...'
VTK,../repos/VTK/Rendering/Core/vtkAssembly.h,"(162, 3)-(162, 15)",b'~vtkAssembly() override'
VTK,../repos/VTK/Rendering/Core/vtkProperty2D.cxx,"(24, 16)-(24, 30)",b'vtkProperty2D::~vtkProperty2D'
VTK,../repos/VTK/Rendering/Core/vtkCompositePolyDataMapperDelegator.cxx,"(16, 38)-(16, 74)",b'vtkCompositePolyDataMapperDelegator::~vtkComp...'
VTK,../repos/VTK/Rendering/Core/vtkTextMapper.cxx,"(86, 16)-(86, 30)",b'vtkTextMapper::~vtkTextMapper'
VTK,../repos/VTK/Rendering/Core/vtkTextActor.h,"(278, 3)-(278, 16)",b'~vtkTextActor() override'
VTK,../repos/VTK/Rendering/Core/vtkCompositeDataDisplayAttributes.cxx,"(27, 36)-(27, 70)",b'vtkCompositeDataDisplayAttributes::~vtkCompos...'
VTK,../repos/VTK/Rendering/Core/vtkCompositePolyDataMapper.h,"(277, 3)-(277, 30)",b'~vtkCompositePolyDataMapper() override'
VTK,../repos/VTK/Rendering/Core/vtkImageSlice.cxx,"(72, 16)-(72, 30)",b'vtkImageSlice::~vtkImageSlice'
VTK,../repos/VTK/Rendering/Core/vtkPointGaussianMapper.cxx,"(36, 25)-(36, 48)",b'vtkPointGaussianMapper::~vtkPointGaussianMapper'
VTK,../repos/VTK/Rendering/Core/vtkTexture.h,"(325, 3)-(325, 14)",b'~vtkTexture() override'
VTK,../repos/VTK/Rendering/Core/vtkCellPicker.cxx,"(70, 16)-(70, 30)",b'vtkCellPicker::~vtkCellPicker'
VTK,../repos/VTK/Rendering/Core/vtkHierarchicalPolyDataMapper.h,"(30, 3)-(30, 33)",b'~vtkHierarchicalPolyDataMapper() override'
VTK,../repos/VTK/Rendering/Core/vtkProp3D.h,"(382, 3)-(382, 13)",b'~vtkProp3D() override'
VTK,../repos/VTK/Rendering/Core/vtkCellCenterDepthSort.cxx,"(52, 25)-(52, 48)",b'vtkCellCenterDepthSort::~vtkCellCenterDepthSort'
VTK,../repos/VTK/Rendering/Core/vtkRenderedAreaPicker.cxx,"(31, 24)-(31, 46)",b'vtkRenderedAreaPicker::~vtkRenderedAreaPicker'
VTK,../repos/VTK/Rendering/Core/vtkPointPicker.h,"(61, 3)-(61, 18)",b'~vtkPointPicker() override'
VTK,../repos/VTK/Rendering/Core/vtkAbstractMapper.h,"(142, 3)-(142, 21)",b'~vtkAbstractMapper() override'
VTK,../repos/VTK/Rendering/Core/vtkRenderWidget.h,"(77, 3)-(77, 19)",b'~vtkRenderWidget() override'
VTK,../repos/VTK/Rendering/Core/vtkImageSliceMapper.h,"(149, 3)-(149, 23)",b'~vtkImageSliceMapper() override'
VTK,../repos/VTK/Rendering/Core/vtkRenderer.cxx,"(152, 14)-(152, 26)",b'vtkRenderer::~vtkRenderer'
VTK,../repos/VTK/Rendering/Core/vtkAbstractPicker.h,"(159, 3)-(159, 21)",b'~vtkAbstractPicker() override'
VTK,../repos/VTK/Rendering/Core/vtkRendererSource.cxx,"(38, 20)-(38, 38)",b'vtkRendererSource::~vtkRendererSource'
VTK,../repos/VTK/Rendering/Core/vtkCompositeDataDisplayAttributesLegacy.h,"(160, 3)-(160, 43)",b'~vtkCompositeDataDisplayAttributesLegacy() ov...'
VTK,../repos/VTK/Rendering/Core/vtkMapper2D.h,"(37, 3)-(37, 15)",b'~vtkMapper2D() override'
VTK,../repos/VTK/Rendering/Core/vtkImageMapper3D.cxx,"(71, 19)-(71, 36)",b'vtkImageMapper3D::~vtkImageMapper3D'
VTK,../repos/VTK/Rendering/Core/vtkCameraInterpolator.cxx,"(87, 24)-(87, 46)",b'vtkCameraInterpolator::~vtkCameraInterpolator'
VTK,../repos/VTK/Rendering/Core/vtkViewDependentErrorMetric.cxx,"(28, 30)-(28, 58)",b'vtkViewDependentErrorMetric::~vtkViewDependen...'
VTK,../repos/VTK/Rendering/Core/vtkPropAssembly.h,"(131, 3)-(131, 19)",b'~vtkPropAssembly() override'
VTK,../repos/VTK/Rendering/Core/vtkActor2D.h,"(158, 3)-(158, 14)",b'~vtkActor2D() override'
VTK,../repos/VTK/Rendering/Core/vtkProp3D.cxx,"(54, 12)-(54, 22)",b'vtkProp3D::~vtkProp3D'
VTK,../repos/VTK/Rendering/Core/vtkProp.cxx,"(47, 10)-(47, 18)",b'vtkProp::~vtkProp'
VTK,../repos/VTK/Rendering/Core/vtkRenderState.h,"(44, 3)-(44, 18)",b'~vtkRenderState()'
VTK,../repos/VTK/Rendering/Core/vtkGlyph3DMapper.cxx,"(93, 19)-(93, 36)",b'vtkGlyph3DMapper::~vtkGlyph3DMapper'
VTK,../repos/VTK/Rendering/Core/vtkPolyDataMapper.h,"(215, 3)-(215, 21)",b'~vtkPolyDataMapper() override'
VTK,../repos/VTK/Rendering/Core/vtkActor2D.cxx,"(39, 13)-(39, 24)",b'vtkActor2D::~vtkActor2D'
VTK,../repos/VTK/Rendering/Core/vtkUniforms.h,"(176, 3)-(176, 15)",b'~vtkUniforms() override'
VTK,../repos/VTK/Rendering/Core/vtkPropPicker.h,"(96, 3)-(96, 17)",b'~vtkPropPicker() override'
VTK,../repos/VTK/Rendering/Core/vtkTupleInterpolator.h,"(156, 3)-(156, 24)",b'~vtkTupleInterpolator() override'
VTK,../repos/VTK/Rendering/Core/vtkAbstractMapper3D.h,"(88, 3)-(88, 23)",b'~vtkAbstractMapper3D() override'
VTK,../repos/VTK/Rendering/Core/vtkColorTransferFunction.h,"(345, 3)-(345, 28)",b'~vtkColorTransferFunction() override'
VTK,../repos/VTK/Rendering/Core/vtkMapper.h,"(513, 3)-(513, 13)",b'~vtkMapper() override'
VTK,../repos/VTK/Rendering/Core/vtkMapper.cxx,"(79, 12)-(79, 22)",b'vtkMapper::~vtkMapper'
VTK,../repos/VTK/Rendering/Core/vtkGPUInfo.h,"(62, 3)-(62, 14)",b'~vtkGPUInfo() override'
VTK,../repos/VTK/Rendering/Core/vtkScenePicker.h,"(97, 3)-(97, 18)",b'~vtkScenePicker() override'
VTK,../repos/VTK/Rendering/Core/vtkGraphMapper.cxx,"(126, 17)-(126, 32)",b'vtkGraphMapper::~vtkGraphMapper'
VTK,../repos/VTK/Rendering/Core/vtkTexture.cxx,"(60, 13)-(60, 24)",b'vtkTexture::~vtkTexture'
VTK,../repos/VTK/Rendering/Core/vtkResizingWindowToImageFilter.cxx,"(34, 33)-(34, 64)",b'vtkResizingWindowToImageFilter::~vtkResizingW...'
VTK,../repos/VTK/Rendering/Core/vtkCompositeDataDisplayAttributes.h,"(357, 3)-(357, 37)",b'~vtkCompositeDataDisplayAttributes() override'
VTK,../repos/VTK/Rendering/Core/vtkProp3DFollower.h,"(113, 3)-(113, 21)",b'~vtkProp3DFollower() override'
VTK,../repos/VTK/Rendering/Core/vtkTextRenderer.h,"(60, 3)-(60, 26)",b'~vtkTextRendererCleanup()'
VTK,../repos/VTK/Rendering/Core/vtkTextRenderer.h,"(263, 3)-(263, 19)",b'~vtkTextRenderer() override'
VTK,../repos/VTK/Rendering/Core/vtkLightKit.cxx,"(67, 14)-(67, 26)",b'vtkLightKit::~vtkLightKit'
VTK,../repos/VTK/Rendering/Core/vtkRenderWindow.cxx,"(82, 18)-(82, 34)",b'vtkRenderWindow::~vtkRenderWindow'
VTK,../repos/VTK/Rendering/Core/vtkLODProp3D.cxx,"(69, 15)-(69, 28)",b'vtkLODProp3D::~vtkLODProp3D'
VTK,../repos/VTK/Rendering/Core/vtkTexturedActor2D.cxx,"(22, 21)-(22, 40)",b'vtkTexturedActor2D::~vtkTexturedActor2D'
VTK,../repos/VTK/Rendering/Core/vtkSelectVisiblePoints.cxx,"(39, 25)-(39, 48)",b'vtkSelectVisiblePoints::~vtkSelectVisiblePoints'
VTK,../repos/VTK/Rendering/Core/vtkAbstractPropPicker.h,"(138, 3)-(138, 25)",b'~vtkAbstractPropPicker() override'
VTK,../repos/VTK/Rendering/Core/vtkResizingWindowToImageFilter.h,"(119, 3)-(119, 34)",b'~vtkResizingWindowToImageFilter() override'
VTK,../repos/VTK/Rendering/Core/vtkInteractorStyle.cxx,"(75, 21)-(75, 40)",b'vtkInteractorStyle::~vtkInteractorStyle'
VTK,../repos/VTK/Rendering/Core/vtkTDxInteractorStyleSettings.cxx,"(23, 32)-(23, 62)",b'vtkTDxInteractorStyleSettings::~vtkTDxInterac...'
VTK,../repos/VTK/Rendering/Core/vtkAreaPicker.cxx,"(51, 16)-(51, 30)",b'vtkAreaPicker::~vtkAreaPicker'
VTK,../repos/VTK/Rendering/Core/vtkDataSetMapper.cxx,"(26, 19)-(26, 36)",b'vtkDataSetMapper::~vtkDataSetMapper'
VTK,../repos/VTK/Rendering/Core/vtkCamera.h,"(735, 3)-(735, 13)",b'~vtkCamera() override'
VTK,../repos/VTK/Rendering/Core/vtkVolume.h,"(196, 3)-(196, 13)",b'~vtkVolume() override'
VTK,../repos/VTK/Rendering/Core/vtkAbstractPicker.cxx,"(27, 20)-(27, 38)",b'vtkAbstractPicker::~vtkAbstractPicker'
VTK,../repos/VTK/Rendering/Core/vtkDistanceToCamera.cxx,"(43, 22)-(43, 42)",b'vtkDistanceToCamera::~vtkDistanceToCamera'
VTK,../repos/VTK/Rendering/Core/vtkActor.cxx,"(52, 11)-(52, 20)",b'vtkActor::~vtkActor'
VTK,../repos/VTK/Rendering/Core/vtkProp.h,"(443, 3)-(443, 11)",b'~vtkProp() override'
VTK,../repos/VTK/Rendering/Core/vtkDiscretizableColorTransferFunction.cxx,"(42, 40)-(42, 78)",b'vtkDiscretizableColorTransferFunction::~vtkDi...'
VTK,../repos/VTK/Rendering/Core/vtkLabeledContourMapper.h,"(133, 3)-(133, 27)",b'~vtkLabeledContourMapper() override'
VTK,../repos/VTK/Rendering/Core/vtkStereoCompositor.h,"(58, 3)-(58, 23)",b'~vtkStereoCompositor() override'
VTK,../repos/VTK/Rendering/Core/vtkCameraActor.h,"(90, 3)-(90, 18)",b'~vtkCameraActor() override'
VTK,../repos/VTK/Rendering/Core/vtkVolume.cxx,"(47, 12)-(47, 22)",b'vtkVolume::~vtkVolume'
VTK,../repos/VTK/Rendering/Core/vtkObserverMediator.h,"(69, 3)-(69, 23)",b'~vtkObserverMediator() override'
VTK,../repos/VTK/Imaging/Fourier/vtkImageIdealHighPass.h,"(52, 3)-(52, 25)",b'~vtkImageIdealHighPass() override'
VTK,../repos/VTK/Imaging/Fourier/vtkImageFourierFilter.h,"(121, 3)-(121, 25)",b'~vtkImageFourierFilter() override'
VTK,../repos/VTK/Imaging/Fourier/vtkImageButterworthHighPass.h,"(60, 3)-(60, 31)",b'~vtkImageButterworthHighPass() override'
VTK,../repos/VTK/Imaging/Fourier/vtkImageFFT.h,"(33, 3)-(33, 15)",b'~vtkImageFFT() override'
VTK,../repos/VTK/Imaging/Fourier/vtkImageButterworthLowPass.h,"(60, 3)-(60, 30)",b'~vtkImageButterworthLowPass() override'
VTK,../repos/VTK/Imaging/Fourier/vtkImageRFFT.h,"(39, 3)-(39, 16)",b'~vtkImageRFFT() override'
VTK,../repos/VTK/Imaging/Fourier/vtkImageFourierCenter.h,"(30, 3)-(30, 25)",b'~vtkImageFourierCenter() override'
VTK,../repos/VTK/Imaging/Fourier/vtkImageIdealLowPass.h,"(52, 3)-(52, 24)",b'~vtkImageIdealLowPass() override'
VTK,../repos/VTK/Imaging/Morphological/vtkImageContinuousErode3D.cxx,"(37, 28)-(37, 54)",b'vtkImageContinuousErode3D::~vtkImageContinuou...'
VTK,../repos/VTK/Imaging/Morphological/vtkImageIslandRemoval2D.h,"(76, 3)-(76, 27)",b'~vtkImageIslandRemoval2D() override'
VTK,../repos/VTK/Imaging/Morphological/vtkImageSeedConnectivity.cxx,"(27, 27)-(27, 52)",b'vtkImageSeedConnectivity::~vtkImageSeedConnec...'
VTK,../repos/VTK/Imaging/Morphological/vtkImageOpenClose3D.h,"(108, 3)-(108, 23)",b'~vtkImageOpenClose3D() override'
VTK,../repos/VTK/Imaging/Morphological/vtkImageSkeleton2D.h,"(48, 3)-(48, 22)",b'~vtkImageSkeleton2D() override'
VTK,../repos/VTK/Imaging/Morphological/vtkImageOpenClose3D.cxx,"(69, 22)-(69, 42)",b'vtkImageOpenClose3D::~vtkImageOpenClose3D'
VTK,../repos/VTK/Imaging/Morphological/vtkImageDilateErode3D.h,"(54, 3)-(54, 25)",b'~vtkImageDilateErode3D() override'
VTK,../repos/VTK/Imaging/Morphological/vtkImageContinuousDilate3D.h,"(42, 3)-(42, 30)",b'~vtkImageContinuousDilate3D() override'
VTK,../repos/VTK/Imaging/Morphological/vtkImageContinuousErode3D.h,"(42, 3)-(42, 29)",b'~vtkImageContinuousErode3D() override'
VTK,../repos/VTK/Imaging/Morphological/vtkImageConnector.h,"(72, 3)-(72, 21)",b'~vtkImageConnector() override'
VTK,../repos/VTK/Imaging/Morphological/vtkImageSeedConnectivity.h,"(87, 3)-(87, 28)",b'~vtkImageSeedConnectivity() override'
VTK,../repos/VTK/Imaging/Morphological/vtkImageDilateErode3D.cxx,"(37, 24)-(37, 46)",b'vtkImageDilateErode3D::~vtkImageDilateErode3D'
VTK,../repos/VTK/Imaging/Morphological/vtkImageNonMaximumSuppression.h,"(62, 3)-(62, 33)",b'~vtkImageNonMaximumSuppression() override'
VTK,../repos/VTK/Imaging/Morphological/vtkImageThresholdConnectivity.cxx,"(58, 32)-(58, 62)",b'vtkImageThresholdConnectivity::~vtkImageThres...'
VTK,../repos/VTK/Imaging/Morphological/vtkImageContinuousDilate3D.cxx,"(37, 29)-(37, 56)",b'vtkImageContinuousDilate3D::~vtkImageContinuo...'
VTK,../repos/VTK/Imaging/Morphological/vtkImageConnectivityFilter.h,"(247, 3)-(247, 30)",b'~vtkImageConnectivityFilter() override'
VTK,../repos/VTK/Imaging/Morphological/vtkImageConnector.cxx,"(21, 20)-(21, 38)",b'vtkImageConnector::~vtkImageConnector'
VTK,../repos/VTK/Imaging/Morphological/vtkImageConnectivityFilter.cxx,"(63, 29)-(63, 56)",b'vtkImageConnectivityFilter::~vtkImageConnecti...'
VTK,../repos/VTK/Imaging/Morphological/vtkImageThresholdConnectivity.h,"(171, 3)-(171, 33)",b'~vtkImageThresholdConnectivity() override'
VTK,../repos/VTK/Imaging/Hybrid/vtkBooleanTexture.h,"(145, 3)-(145, 21)",b'~vtkBooleanTexture() override'
VTK,../repos/VTK/Imaging/Hybrid/vtkGaussianSplatter.h,"(275, 3)-(275, 23)",b'~vtkGaussianSplatter() override'
VTK,../repos/VTK/Imaging/Hybrid/vtkFastSplatter.cxx,"(48, 18)-(48, 34)",b'vtkFastSplatter::~vtkFastSplatter'
VTK,../repos/VTK/Imaging/Hybrid/vtkCheckerboardSplatter.h,"(302, 3)-(302, 27)",b'~vtkCheckerboardSplatter() override'
VTK,../repos/VTK/Imaging/Hybrid/vtkSurfaceReconstructionFilter.cxx,"(136, 3)-(136, 16)",b'~SurfacePoint()'
VTK,../repos/VTK/Imaging/Hybrid/vtkImageToPoints.h,"(53, 3)-(53, 20)",b'~vtkImageToPoints() override'
VTK,../repos/VTK/Imaging/Hybrid/vtkFastSplatter.h,"(113, 3)-(113, 19)",b'~vtkFastSplatter() override'
VTK,../repos/VTK/Imaging/Hybrid/vtkSampleFunction.cxx,"(274, 20)-(274, 38)",b'vtkSampleFunction::~vtkSampleFunction'
VTK,../repos/VTK/Imaging/Hybrid/vtkImageToPoints.cxx,"(32, 19)-(32, 36)",b'vtkImageToPoints::~vtkImageToPoints'
VTK,../repos/VTK/Imaging/Hybrid/vtkImageRectilinearWipe.h,"(113, 3)-(113, 27)",b'~vtkImageRectilinearWipe() override'
VTK,../repos/VTK/Imaging/Hybrid/vtkPointLoad.h,"(90, 3)-(90, 16)",b'~vtkPointLoad() override'
VTK,../repos/VTK/Imaging/Hybrid/vtkSliceCubes.h,"(92, 3)-(92, 17)",b'~vtkSliceCubes() override'
VTK,../repos/VTK/Imaging/Hybrid/vtkTriangularTexture.h,"(75, 3)-(75, 24)",b'~vtkTriangularTexture() override'
VTK,../repos/VTK/Imaging/Hybrid/vtkSurfaceReconstructionFilter.h,"(58, 3)-(58, 34)",b'~vtkSurfaceReconstructionFilter() override'
VTK,../repos/VTK/Imaging/Hybrid/vtkSampleFunction.h,"(150, 3)-(150, 21)",b'~vtkSampleFunction() override'
VTK,../repos/VTK/Imaging/Hybrid/vtkVoxelModeller.h,"(113, 3)-(113, 20)",b'~vtkVoxelModeller() override'
VTK,../repos/VTK/Imaging/Hybrid/vtkShepardMethod.h,"(156, 3)-(156, 20)",b'~vtkShepardMethod() override'
VTK,../repos/VTK/Imaging/Hybrid/vtkSliceCubes.cxx,"(40, 16)-(40, 30)",b'vtkSliceCubes::~vtkSliceCubes'
VTK,../repos/VTK/Imaging/Hybrid/vtkImageCursor3D.h,"(51, 3)-(51, 20)",b'~vtkImageCursor3D() override'
VTK,../repos/VTK/Imaging/General/vtkImageLaplacian.h,"(39, 3)-(39, 21)",b'~vtkImageLaplacian() override'
VTK,../repos/VTK/Imaging/General/vtkImageSeparableConvolution.cxx,"(103, 31)-(103, 60)",b'vtkImageSeparableConvolution::~vtkImageSepara...'
VTK,../repos/VTK/Imaging/General/vtkImageVariance3D.cxx,"(29, 21)-(29, 40)",b'vtkImageVariance3D::~vtkImageVariance3D'
VTK,../repos/VTK/Imaging/General/vtkImageSpatialAlgorithm.h,"(45, 3)-(45, 28)",b'~vtkImageSpatialAlgorithm() override'
VTK,../repos/VTK/Imaging/General/vtkImageCheckerboard.h,"(44, 3)-(44, 24)",b'~vtkImageCheckerboard() override'
VTK,../repos/VTK/Imaging/General/vtkImageNormalize.h,"(28, 3)-(28, 21)",b'~vtkImageNormalize() override'
VTK,../repos/VTK/Imaging/General/vtkImageAnisotropicDiffusion3D.h,"(104, 3)-(104, 34)",b'~vtkImageAnisotropicDiffusion3D() override'
VTK,../repos/VTK/Imaging/General/vtkImageSlab.h,"(105, 3)-(105, 16)",b'~vtkImageSlab() override'
VTK,../repos/VTK/Imaging/General/vtkImageHybridMedian2D.h,"(31, 3)-(31, 26)",b'~vtkImageHybridMedian2D() override'
VTK,../repos/VTK/Imaging/General/vtkImageGradientMagnitude.h,"(50, 3)-(50, 29)",b'~vtkImageGradientMagnitude() override'
VTK,../repos/VTK/Imaging/General/vtkImageSlabReslice.cxx,"(32, 22)-(32, 42)",b'vtkImageSlabReslice::~vtkImageSlabReslice'
VTK,../repos/VTK/Imaging/General/vtkImageEuclideanToPolar.h,"(37, 3)-(37, 28)",b'~vtkImageEuclideanToPolar() override'
VTK,../repos/VTK/Imaging/General/vtkImageSlab.cxx,"(40, 15)-(40, 28)",b'vtkImageSlab::~vtkImageSlab'
VTK,../repos/VTK/Imaging/General/vtkImageSeparableConvolution.h,"(57, 3)-(57, 32)",b'~vtkImageSeparableConvolution() override'
VTK,../repos/VTK/Imaging/General/vtkImageCityBlockDistance.h,"(36, 3)-(36, 29)",b'~vtkImageCityBlockDistance() override'
VTK,../repos/VTK/Imaging/General/vtkImageVariance3D.h,"(39, 3)-(39, 22)",b'~vtkImageVariance3D() override'
VTK,../repos/VTK/Imaging/General/vtkImageRange3D.cxx,"(31, 18)-(31, 34)",b'vtkImageRange3D::~vtkImageRange3D'
VTK,../repos/VTK/Imaging/General/vtkImageSobel3D.h,"(29, 3)-(29, 19)",b'~vtkImageSobel3D() override'
VTK,../repos/VTK/Imaging/General/vtkImageEuclideanDistance.h,"(98, 3)-(98, 29)",b'~vtkImageEuclideanDistance() override'
VTK,../repos/VTK/Imaging/General/vtkImageGaussianSmooth.cxx,"(29, 25)-(29, 48)",b'vtkImageGaussianSmooth::~vtkImageGaussianSmooth'
VTK,../repos/VTK/Imaging/General/vtkImageSlabReslice.h,"(90, 3)-(90, 23)",b'~vtkImageSlabReslice() override'
VTK,../repos/VTK/Imaging/General/vtkImageMedian3D.cxx,"(29, 19)-(29, 36)",b'vtkImageMedian3D::~vtkImageMedian3D'
VTK,../repos/VTK/Imaging/General/vtkImageSobel2D.h,"(28, 3)-(28, 19)",b'~vtkImageSobel2D() override'
VTK,../repos/VTK/Imaging/General/vtkImageConvolve.cxx,"(36, 19)-(36, 36)",b'vtkImageConvolve::~vtkImageConvolve'
VTK,../repos/VTK/Imaging/General/vtkImageGradient.h,"(50, 3)-(50, 20)",b'~vtkImageGradient() override'
VTK,../repos/VTK/Imaging/General/vtkImageMedian3D.h,"(43, 3)-(43, 20)",b'~vtkImageMedian3D() override'
VTK,../repos/VTK/Imaging/General/vtkImageRange3D.h,"(36, 3)-(36, 19)",b'~vtkImageRange3D() override'
VTK,../repos/VTK/Imaging/General/vtkImageConvolve.h,"(84, 3)-(84, 20)",b'~vtkImageConvolve() override'
VTK,../repos/VTK/Imaging/General/vtkImageAnisotropicDiffusion2D.h,"(104, 3)-(104, 34)",b'~vtkImageAnisotropicDiffusion2D() override'
VTK,../repos/VTK/Imaging/General/vtkImageCorrelation.h,"(50, 3)-(50, 23)",b'~vtkImageCorrelation() override'
VTK,../repos/VTK/Imaging/General/vtkImageGaussianSmooth.h,"(71, 3)-(71, 26)",b'~vtkImageGaussianSmooth() override'
VTK,../repos/VTK/Imaging/OpenGL2/vtkOpenGLImageGradient.cxx,"(33, 25)-(33, 48)",b'vtkOpenGLImageGradient::~vtkOpenGLImageGradient'
VTK,../repos/VTK/Imaging/OpenGL2/vtkOpenGLImageGradient.cxx,"(76, 3)-(76, 23)",b'~vtkOpenGLGradientCB() override'
VTK,../repos/VTK/Imaging/OpenGL2/vtkOpenGLImageGradient.h,"(32, 3)-(32, 26)",b'~vtkOpenGLImageGradient() override'
VTK,../repos/VTK/Imaging/Stencil/vtkImageStencil.h,"(83, 3)-(83, 19)",b'~vtkImageStencil() override'
VTK,../repos/VTK/Imaging/Stencil/vtkImageStencil.cxx,"(32, 18)-(32, 34)",b'vtkImageStencil::~vtkImageStencil'
VTK,../repos/VTK/Imaging/Stencil/vtkImageStencilToImage.cxx,"(27, 25)-(27, 48)",b'vtkImageStencilToImage::~vtkImageStencilToImage'
VTK,../repos/VTK/Imaging/Stencil/vtkImageToImageStencil.cxx,"(27, 25)-(27, 48)",b'vtkImageToImageStencil::~vtkImageToImageStencil'
VTK,../repos/VTK/Imaging/Stencil/vtkPolyDataToImageStencil.h,"(67, 3)-(67, 29)",b'~vtkPolyDataToImageStencil() override'
VTK,../repos/VTK/Imaging/Stencil/vtkImageStencilToImage.h,"(66, 3)-(66, 26)",b'~vtkImageStencilToImage() override'
VTK,../repos/VTK/Imaging/Stencil/vtkROIStencilSource.h,"(66, 3)-(66, 23)",b'~vtkROIStencilSource() override'
VTK,../repos/VTK/Imaging/Stencil/vtkPolyDataToImageStencil.cxx,"(45, 28)-(45, 54)",b'vtkPolyDataToImageStencil::~vtkPolyDataToImag...'
VTK,../repos/VTK/Imaging/Stencil/vtkPolyDataToImageStencil.cxx,"(120, 3)-(120, 15)",b'~EdgeLocator()'
VTK,../repos/VTK/Imaging/Stencil/vtkPolyDataToImageStencil.cxx,"(256, 3)-(256, 16)",b'~ThreadWorker()'
VTK,../repos/VTK/Imaging/Stencil/vtkImplicitFunctionToImageStencil.h,"(53, 3)-(53, 37)",b'~vtkImplicitFunctionToImageStencil() override'
VTK,../repos/VTK/Imaging/Stencil/vtkROIStencilSource.cxx,"(35, 22)-(35, 42)",b'vtkROIStencilSource::~vtkROIStencilSource'
VTK,../repos/VTK/Imaging/Stencil/vtkImageToImageStencil.h,"(65, 3)-(65, 26)",b'~vtkImageToImageStencil() override'
VTK,../repos/VTK/Imaging/Stencil/vtkImplicitFunctionToImageStencil.cxx,"(29, 36)-(29, 70)",b'vtkImplicitFunctionToImageStencil::~vtkImplic...'
VTK,../repos/VTK/Imaging/Stencil/vtkLassoStencilSource.cxx,"(44, 24)-(44, 46)",b'vtkLassoStencilSource::~vtkLassoStencilSource'
VTK,../repos/VTK/Imaging/Stencil/vtkLassoStencilSource.h,"(94, 3)-(94, 25)",b'~vtkLassoStencilSource() override'
VTK,../repos/VTK/Imaging/Math/vtkImageWeightedSum.cxx,"(33, 22)-(33, 42)",b'vtkImageWeightedSum::~vtkImageWeightedSum'
VTK,../repos/VTK/Imaging/Math/vtkImageMaskBits.h,"(59, 3)-(59, 20)",b'~vtkImageMaskBits() override'
VTK,../repos/VTK/Imaging/Math/vtkImageMagnitude.h,"(26, 3)-(26, 21)",b'~vtkImageMagnitude() override'
VTK,../repos/VTK/Imaging/Math/vtkImageDivergence.h,"(31, 3)-(31, 22)",b'~vtkImageDivergence() override'
VTK,../repos/VTK/Imaging/Math/vtkImageMathematics.h,"(248, 3)-(248, 23)",b'~vtkImageMathematics() override'
VTK,../repos/VTK/Imaging/Math/vtkImageWeightedSum.h,"(64, 3)-(64, 23)",b'~vtkImageWeightedSum() override'
VTK,../repos/VTK/Imaging/Math/vtkImageLogarithmicScale.h,"(36, 3)-(36, 28)",b'~vtkImageLogarithmicScale() override'
VTK,../repos/VTK/Imaging/Math/vtkImageLogic.h,"(69, 3)-(69, 17)",b'~vtkImageLogic() override'
VTK,../repos/VTK/Imaging/Math/vtkImageDotProduct.h,"(33, 3)-(33, 22)",b'~vtkImageDotProduct() override'
VTK,../repos/VTK/Imaging/Color/vtkImageYIQToRGB.h,"(33, 3)-(33, 20)",b'~vtkImageYIQToRGB() override'
VTK,../repos/VTK/Imaging/Color/vtkImageQuantizeRGBToIndex.cxx,"(43, 3)-(43, 24)",b'~vtkColorQuantizeNode()'
VTK,../repos/VTK/Imaging/Color/vtkImageQuantizeRGBToIndex.cxx,"(630, 29)-(630, 56)",b'vtkImageQuantizeRGBToIndex::~vtkImageQuantize...'
VTK,../repos/VTK/Imaging/Color/vtkImageQuantizeRGBToIndex.h,"(93, 3)-(93, 30)",b'~vtkImageQuantizeRGBToIndex() override'
VTK,../repos/VTK/Imaging/Color/vtkImageMapToWindowLevelColors.h,"(66, 3)-(66, 34)",b'~vtkImageMapToWindowLevelColors() override'
VTK,../repos/VTK/Imaging/Color/vtkImageRGBToYIQ.h,"(33, 3)-(33, 20)",b'~vtkImageRGBToYIQ() override'
VTK,../repos/VTK/Imaging/Color/vtkImageHSIToRGB.h,"(43, 3)-(43, 20)",b'~vtkImageHSIToRGB() override'
VTK,../repos/VTK/Imaging/Color/vtkImageLuminance.h,"(26, 3)-(26, 21)",b'~vtkImageLuminance() override'
VTK,../repos/VTK/Imaging/Color/vtkImageMapToWindowLevelColors.cxx,"(25, 33)-(25, 64)",b'vtkImageMapToWindowLevelColors::~vtkImageMapT...'
VTK,../repos/VTK/Imaging/Color/vtkImageRGBToHSI.h,"(38, 3)-(38, 20)",b'~vtkImageRGBToHSI() override'
VTK,../repos/VTK/Imaging/Color/vtkImageRGBToHSV.h,"(34, 3)-(34, 20)",b'~vtkImageRGBToHSV() override'
VTK,../repos/VTK/Imaging/Color/vtkImageHSVToRGB.h,"(43, 3)-(43, 20)",b'~vtkImageHSVToRGB() override'
VTK,../repos/VTK/Imaging/Color/vtkImageMapToRGBA.h,"(30, 3)-(30, 21)",b'~vtkImageMapToRGBA() override'
VTK,../repos/VTK/Imaging/Sources/vtkImageMandelbrotSource.h,"(129, 3)-(129, 28)",b'~vtkImageMandelbrotSource() override'
VTK,../repos/VTK/Imaging/Sources/vtkImageNoiseSource.h,"(52, 3)-(52, 23)",b'~vtkImageNoiseSource() override'
VTK,../repos/VTK/Imaging/Sources/vtkImageEllipsoidSource.h,"(88, 3)-(88, 27)",b'~vtkImageEllipsoidSource() override'
VTK,../repos/VTK/Imaging/Sources/vtkImageCanvasSource2D.h,"(163, 3)-(163, 26)",b'~vtkImageCanvasSource2D() override'
VTK,../repos/VTK/Imaging/Sources/vtkImageGridSource.h,"(103, 3)-(103, 22)",b'~vtkImageGridSource() override'
VTK,../repos/VTK/Imaging/Sources/vtkImageSinusoidSource.h,"(66, 3)-(66, 26)",b'~vtkImageSinusoidSource() override'
VTK,../repos/VTK/Imaging/Sources/vtkImageGaussianSource.h,"(56, 3)-(56, 26)",b'~vtkImageGaussianSource() override'
VTK,../repos/VTK/Imaging/Sources/vtkImageEllipsoidSource.cxx,"(37, 26)-(37, 50)",b'vtkImageEllipsoidSource::~vtkImageEllipsoidSource'
VTK,../repos/VTK/Imaging/Sources/vtkImageMandelbrotSource.cxx,"(54, 27)-(54, 52)",b'vtkImageMandelbrotSource::~vtkImageMandelbrot...'
VTK,../repos/VTK/Imaging/Sources/vtkImageCanvasSource2D.cxx,"(61, 25)-(61, 48)",b'vtkImageCanvasSource2D::~vtkImageCanvasSource2D'
VTK,../repos/VTK/Imaging/Statistics/vtkImageHistogram.h,"(184, 3)-(184, 21)",b'~vtkImageHistogram() override'
VTK,../repos/VTK/Imaging/Statistics/vtkImageAccumulate.h,"(128, 3)-(128, 22)",b'~vtkImageAccumulate() override'
VTK,../repos/VTK/Imaging/Statistics/vtkImageHistogramStatistics.cxx,"(35, 30)-(35, 58)",b'vtkImageHistogramStatistics::~vtkImageHistogr...'
VTK,../repos/VTK/Imaging/Statistics/vtkImageAccumulate.cxx,"(46, 21)-(46, 40)",b'vtkImageAccumulate::~vtkImageAccumulate'
VTK,../repos/VTK/Imaging/Statistics/vtkImageHistogram.cxx,"(77, 20)-(77, 38)",b'vtkImageHistogram::~vtkImageHistogram'
VTK,../repos/VTK/Imaging/Statistics/vtkImageHistogramStatistics.h,"(107, 3)-(107, 31)",b'~vtkImageHistogramStatistics() override'
VTK,../repos/VTK/Imaging/Core/vtkImageDecomposeFilter.h,"(52, 3)-(52, 27)",b'~vtkImageDecomposeFilter() override'
VTK,../repos/VTK/Imaging/Core/vtkImageBlend.cxx,"(34, 16)-(34, 30)",b'vtkImageBlend::~vtkImageBlend'
VTK,../repos/VTK/Imaging/Core/vtkImageReslice.h,"(504, 3)-(504, 19)",b'~vtkImageReslice() override'
VTK,../repos/VTK/Imaging/Core/vtkImageChangeInformation.cxx,"(60, 28)-(60, 54)",b'vtkImageChangeInformation::~vtkImageChangeInf...'
VTK,../repos/VTK/Imaging/Core/vtkImageBSplineInterpolator.h,"(94, 3)-(94, 31)",b'~vtkImageBSplineInterpolator() override'
VTK,../repos/VTK/Imaging/Core/vtkImageMagnify.h,"(49, 3)-(49, 19)",b'~vtkImageMagnify() override'
VTK,../repos/VTK/Imaging/Core/vtkImageBSplineInternals.h,"(69, 3)-(69, 28)",b'~vtkImageBSplineInternals()'
VTK,../repos/VTK/Imaging/Core/vtkImageChangeInformation.h,"(126, 3)-(126, 29)",b'~vtkImageChangeInformation() override'
VTK,../repos/VTK/Imaging/Core/vtkImageThreshold.h,"(104, 3)-(104, 21)",b'~vtkImageThreshold() override'
VTK,../repos/VTK/Imaging/Core/vtkImageSincInterpolator.h,"(189, 3)-(189, 28)",b'~vtkImageSincInterpolator() override'
VTK,../repos/VTK/Imaging/Core/vtkImageMask.cxx,"(26, 15)-(26, 28)",b'vtkImageMask::~vtkImageMask'
VTK,../repos/VTK/Imaging/Core/vtkImageWrapPad.h,"(32, 3)-(32, 19)",b'~vtkImageWrapPad() override'
VTK,../repos/VTK/Imaging/Core/vtkImageProbeFilter.cxx,"(46, 22)-(46, 42)",b'vtkImageProbeFilter::~vtkImageProbeFilter'
VTK,../repos/VTK/Imaging/Core/vtkGenericImageInterpolator.cxx,"(28, 30)-(28, 58)",b'vtkGenericImageInterpolator::~vtkGenericImage...'
VTK,../repos/VTK/Imaging/Core/vtkAbstractImageInterpolator.h,"(260, 3)-(260, 32)",b'~vtkAbstractImageInterpolator() override'
VTK,../repos/VTK/Imaging/Core/vtkImageCacheFilter.cxx,"(24, 22)-(24, 42)",b'vtkImageCacheFilter::~vtkImageCacheFilter'
VTK,../repos/VTK/Imaging/Core/vtkImageInterpolator.cxx,"(29, 23)-(29, 44)",b'vtkImageInterpolator::~vtkImageInterpolator'
VTK,../repos/VTK/Imaging/Core/vtkImageDifference.h,"(102, 3)-(102, 22)",b'~vtkImageDifference() override'
VTK,../repos/VTK/Imaging/Core/vtkImageStencilSource.cxx,"(39, 24)-(39, 46)",b'vtkImageStencilSource::~vtkImageStencilSource'
VTK,../repos/VTK/Imaging/Core/vtkImagePermute.h,"(40, 3)-(40, 19)",b'~vtkImagePermute() override'
VTK,../repos/VTK/Imaging/Core/vtkRTAnalyticSource.h,"(127, 3)-(127, 23)",b'~vtkRTAnalyticSource() override'
VTK,../repos/VTK/Imaging/Core/vtkImageProbeFilter.h,"(74, 3)-(74, 23)",b'~vtkImageProbeFilter() override'
VTK,../repos/VTK/Imaging/Core/vtkImageStencilSource.h,"(87, 3)-(87, 25)",b'~vtkImageStencilSource() override'
VTK,../repos/VTK/Imaging/Core/vtkImageResliceToColors.h,"(78, 3)-(78, 27)",b'~vtkImageResliceToColors() override'
VTK,../repos/VTK/Imaging/Core/vtkImageSincInterpolator.cxx,"(61, 27)-(61, 52)",b'vtkImageSincInterpolator::~vtkImageSincInterp...'
VTK,../repos/VTK/Imaging/Core/vtkImagePadFilter.h,"(47, 3)-(47, 21)",b'~vtkImagePadFilter() override'
VTK,../repos/VTK/Imaging/Core/vtkImageIterateFilter.h,"(39, 3)-(39, 25)",b'~vtkImageIterateFilter() override'
VTK,../repos/VTK/Imaging/Core/vtkImageBlend.h,"(174, 3)-(174, 17)",b'~vtkImageBlend() override'
VTK,../repos/VTK/Imaging/Core/vtkExtractVOI.cxx,"(31, 16)-(31, 30)",b'vtkExtractVOI::~vtkExtractVOI'
VTK,../repos/VTK/Imaging/Core/vtkImageDataStreamer.h,"(52, 3)-(52, 24)",b'~vtkImageDataStreamer() override'
VTK,../repos/VTK/Imaging/Core/vtkImageClip.h,"(58, 3)-(58, 16)",b'~vtkImageClip() override'
VTK,../repos/VTK/Imaging/Core/vtkImageMapToColors.h,"(87, 3)-(87, 23)",b'~vtkImageMapToColors() override'
VTK,../repos/VTK/Imaging/Core/vtkImageShiftScale.cxx,"(25, 21)-(25, 40)",b'vtkImageShiftScale::~vtkImageShiftScale'
VTK,../repos/VTK/Imaging/Core/vtkImageMapToColors.cxx,"(37, 22)-(37, 42)",b'vtkImageMapToColors::~vtkImageMapToColors'
VTK,../repos/VTK/Imaging/Core/vtkImageBSplineCoefficients.h,"(124, 3)-(124, 31)",b'~vtkImageBSplineCoefficients() override'
VTK,../repos/VTK/Imaging/Core/Testing/Cxx/ImagePassInformation.cxx,"(44, 3)-(44, 29)",b'~vtkImageInformationSource() override'
VTK,../repos/VTK/Imaging/Core/vtkImageExtractComponents.h,"(48, 3)-(48, 29)",b'~vtkImageExtractComponents() override'
VTK,../repos/VTK/Imaging/Core/vtkImageCacheFilter.h,"(41, 3)-(41, 23)",b'~vtkImageCacheFilter() override'
VTK,../repos/VTK/Imaging/Core/vtkImageInterpolator.h,"(80, 3)-(80, 24)",b'~vtkImageInterpolator() override'
VTK,../repos/VTK/Imaging/Core/vtkImageBSplineInterpolator.cxx,"(42, 30)-(42, 58)",b'vtkImageBSplineInterpolator::~vtkImageBSpline...'
VTK,../repos/VTK/Imaging/Core/vtkImageShiftScale.h,"(78, 3)-(78, 22)",b'~vtkImageShiftScale() override'
VTK,../repos/VTK/Imaging/Core/vtkImageResize.h,"(146, 3)-(146, 18)",b'~vtkImageResize() override'
VTK,../repos/VTK/Imaging/Core/vtkImageResliceToColors.cxx,"(40, 26)-(40, 50)",b'vtkImageResliceToColors::~vtkImageResliceToColors'
VTK,../repos/VTK/Imaging/Core/vtkImageCast.h,"(69, 3)-(69, 16)",b'~vtkImageCast() override'
VTK,../repos/VTK/Imaging/Core/vtkImageBSplineCoefficients.cxx,"(33, 30)-(33, 58)",b'vtkImageBSplineCoefficients::~vtkImageBSpline...'
VTK,../repos/VTK/Imaging/Core/vtkImageIterateFilter.cxx,"(26, 24)-(26, 46)",b'vtkImageIterateFilter::~vtkImageIterateFilter'
VTK,../repos/VTK/Imaging/Core/vtkImageFlip.h,"(77, 3)-(77, 16)",b'~vtkImageFlip() override'
VTK,../repos/VTK/Imaging/Core/vtkImageConstantPad.h,"(40, 3)-(40, 23)",b'~vtkImageConstantPad() override'
VTK,../repos/VTK/Imaging/Core/vtkImageResample.h,"(73, 3)-(73, 20)",b'~vtkImageResample() override'
VTK,../repos/VTK/Imaging/Core/vtkImageMask.h,"(96, 3)-(96, 16)",b'~vtkImageMask() override'
VTK,../repos/VTK/Imaging/Core/vtkImageResize.cxx,"(74, 17)-(74, 32)",b'vtkImageResize::~vtkImageResize'
VTK,../repos/VTK/Imaging/Core/vtkImageStencilData.h,"(173, 3)-(173, 23)",b'~vtkImageStencilData() override'
VTK,../repos/VTK/Imaging/Core/vtkImageStencilData.h,"(246, 3)-(246, 25)",b'~vtkImageStencilRaster()'
VTK,../repos/VTK/Imaging/Core/vtkImageStencilAlgorithm.cxx,"(30, 27)-(30, 52)",b'vtkImageStencilAlgorithm::~vtkImageStencilAlg...'
VTK,../repos/VTK/Imaging/Core/vtkImageTranslateExtent.h,"(35, 3)-(35, 27)",b'~vtkImageTranslateExtent() override'
VTK,../repos/VTK/Imaging/Core/vtkGenericImageInterpolator.h,"(39, 3)-(39, 31)",b'~vtkGenericImageInterpolator() override'
VTK,../repos/VTK/Imaging/Core/vtkAbstractImageInterpolator.cxx,"(93, 31)-(93, 60)",b'vtkAbstractImageInterpolator::~vtkAbstractIma...'
VTK,../repos/VTK/Imaging/Core/vtkImageStencilAlgorithm.h,"(48, 3)-(48, 28)",b'~vtkImageStencilAlgorithm() override'
VTK,../repos/VTK/Imaging/Core/vtkImageDataStreamer.cxx,"(31, 23)-(31, 44)",b'vtkImageDataStreamer::~vtkImageDataStreamer'
VTK,../repos/VTK/Imaging/Core/vtkImageAppendComponents.h,"(65, 3)-(65, 28)",b'~vtkImageAppendComponents() override'
VTK,../repos/VTK/Imaging/Core/vtkExtractVOI.h,"(85, 3)-(85, 17)",b'~vtkExtractVOI() override'
VTK,../repos/VTK/Imaging/Core/vtkImageReslice.cxx,"(160, 18)-(160, 34)",b'vtkImageReslice::~vtkImageReslice'
VTK,../repos/VTK/Imaging/Core/vtkImageMirrorPad.h,"(27, 3)-(27, 21)",b'~vtkImageMirrorPad() override'
VTK,../repos/VTK/Imaging/Core/vtkImageShrink3D.h,"(72, 3)-(72, 20)",b'~vtkImageShrink3D() override'
VTK,../repos/VTK/Imaging/Core/vtkImageStencilData.cxx,"(259, 22)-(259, 42)",b'vtkImageStencilData::~vtkImageStencilData'
VTK,../repos/VTK/Imaging/Core/vtkImageStencilData.cxx,"(1081, 24)-(1081, 46)",b'vtkImageStencilRaster::~vtkImageStencilRaster'
