Repo name,File name,Location,Content
VTK,../repos/VTK/Geovis/GDAL/vtkGDALRasterConverter.cxx,"(231, 10)-(231, 20)",b'unique_ptr<GDALColorTable>'
VTK,../repos/VTK/Geovis/Core/Testing/Cxx/TestLibProj.cxx,"(43, 10)-(43, 20)",b'shared_ptr<projio::IPROJStringExportable>'
VTK,../repos/VTK/Rendering/Core/vtkCompositeCellGridMapper.h,"(169, 8)-(169, 18)",b'unique_ptr<vtkInternals>'
VTK,../repos/VTK/Rendering/Core/vtkCellGridRenderRequest.h,"(160, 43)-(160, 53)",b'unique_ptr<BaseState>'
VTK,../repos/VTK/Rendering/Core/vtkCompositePolyDataMapper.h,"(383, 8)-(383, 18)",b'unique_ptr<vtkInternals>'
