Repo name,File name,Location,Content
VTK,../repos/VTK/Geovis/GDAL/vtkGDALRasterConverter.h,"(27, 1)-(116, 2)",b'class VTKGEOVISGDAL_EXPORT vtkGDALRasterConve...'
VTK,../repos/VTK/Geovis/GDAL/vtkGDALRasterReprojection.h,"(17, 1)-(78, 2)",b'VTK_ABI_NAMESPACE_BEGIN\n\nclass VTKGEOVISGDAL_...'
VTK,../repos/VTK/Geovis/Core/vtkGeoProjection.h,"(23, 1)-(160, 2)",b'VTK_ABI_NAMESPACE_BEGIN\n\nclass VTKGEOVISCORE_...'
VTK,../repos/VTK/Geovis/Core/vtkGeoTransform.h,"(33, 1)-(138, 2)",b'class VTKGEOVISCORE_EXPORT vtkGeoTransform : ...'
VTK,../repos/VTK/Rendering/Core/vtkGPUInfoList.h,"(25, 1)-(74, 2)",b'class VTKRENDERINGCORE_EXPORT vtkGPUInfoList ...'
VTK,../repos/VTK/Rendering/Core/vtkBackgroundColorMonitor.h,"(29, 1)-(63, 2)",b'class VTKRENDERINGCORE_EXPORT vtkBackgroundCo...'
VTK,../repos/VTK/Rendering/Core/vtkBackgroundColorMonitor.h,"(53, 3)-(53, 51)",b'~vtkBackgroundColorMonitor() override = default;'
VTK,../repos/VTK/Rendering/Core/vtkLookupTableWithEnabling.h,"(30, 1)-(70, 2)",b'class VTKRENDERINGCORE_EXPORT vtkLookupTableW...'
VTK,../repos/VTK/Rendering/Core/vtkImageActor.h,"(31, 1)-(180, 2)",b'class VTKRENDERINGCORE_EXPORT vtkImageActor :...'
VTK,../repos/VTK/Rendering/Core/vtkActor.h,"(34, 1)-(231, 2)",b'class VTKRENDERINGCORE_EXPORT vtkActor : publ...'
VTK,../repos/VTK/Rendering/Core/vtkActor.h,"(204, 3)-(204, 94)",b'bool IsRenderingTranslucentPolygonalGeometry(...'
VTK,../repos/VTK/Rendering/Core/vtkWindowToImageFilter.h,"(60, 1)-(199, 2)",b'class VTKRENDERINGCORE_EXPORT vtkWindowToImag...'
VTK,../repos/VTK/Rendering/Core/vtkActorCollection.h,"(25, 1)-(77, 66)",b'class VTKRENDERINGCORE_EXPORT vtkActorCollect...'
VTK,../repos/VTK/Rendering/Core/vtkActorCollection.h,"(73, 3)-(73, 44)",b'~vtkActorCollection() override = default;'
VTK,../repos/VTK/Rendering/Core/vtkInteractorStyle3D.h,"(55, 1)-(122, 2)",b'class VTKRENDERINGCORE_EXPORT vtkInteractorSt...'
VTK,../repos/VTK/Rendering/Core/vtkVolumeProperty.h,"(63, 1)-(583, 2)",b'class VTKRENDERINGCORE_EXPORT vtkVolumeProper...'
VTK,../repos/VTK/Rendering/Core/vtkPickingManager.h,"(51, 1)-(173, 2)",b'class VTKRENDERINGCORE_EXPORT vtkPickingManag...'
VTK,../repos/VTK/Rendering/Core/vtkFXAAOptions.h,"(18, 1)-(184, 2)",b'VTK_ABI_NAMESPACE_BEGIN\nclass VTKRENDERINGCOR...'
VTK,../repos/VTK/Rendering/Core/vtkCompositeCellGridMapper.h,"(35, 1)-(170, 2)",b'class VTKRENDERINGCORE_EXPORT vtkCompositeCel...'
VTK,../repos/VTK/Rendering/Core/vtkCompositeCellGridMapper.h,"(54, 3)-(54, 85)",b'void GetBounds(double bounds[6]) override { t...'
VTK,../repos/VTK/Rendering/Core/vtkColorTransferFunction.cxx,"(204, 1)-(255, 2)",b'inline void vtkColorTransferFunctionInterpola...'
VTK,../repos/VTK/Rendering/Core/vtkColorTransferFunction.cxx,"(775, 1)-(1239, 2)",b'void vtkColorTransferFunction::GetTable(doubl...'
VTK,../repos/VTK/Rendering/Core/vtkRenderPass.h,"(45, 1)-(127, 2)",b'class VTKRENDERINGCORE_EXPORT vtkRenderPass :...'
VTK,../repos/VTK/Rendering/Core/vtkTextProperty.h,"(47, 3)-(353, 2)","b'vtkSetClampMacro(Opacity, double, 0., 1.);\n  ...'"
VTK,../repos/VTK/Rendering/Core/vtkGraphToGlyphs.h,"(32, 1)-(130, 2)",b'class VTKRENDERINGCORE_EXPORT vtkGraphToGlyph...'
VTK,../repos/VTK/Rendering/Core/vtkRendererCollection.h,"(22, 1)-(67, 66)",b'VTK_ABI_NAMESPACE_BEGIN\nclass VTKRENDERINGCOR...'
VTK,../repos/VTK/Rendering/Core/vtkRendererCollection.h,"(63, 3)-(63, 47)",b'~vtkRendererCollection() override = default;'
VTK,../repos/VTK/Rendering/Core/vtkAreaPicker.h,"(48, 1)-(153, 2)",b'class VTKRENDERINGCORE_EXPORT vtkAreaPicker :...'
VTK,../repos/VTK/Rendering/Core/vtkAreaPicker.h,"(82, 3)-(85, 4)","b'int Pick(double x0, double y0, double vtkNotU...'"
VTK,../repos/VTK/Rendering/Core/vtkRenderWindowInteractor.h,"(63, 1)-(978, 2)",b'class VTKRENDERINGCORE_EXPORT vtkRenderWindow...'
VTK,../repos/VTK/Rendering/Core/vtkDistanceToCamera.h,"(25, 1)-(91, 2)",b'class VTKRENDERINGCORE_EXPORT vtkDistanceToCa...'
VTK,../repos/VTK/Rendering/Core/vtkInteractorStyleSwitchBase.h,"(22, 1)-(39, 2)",b'VTK_ABI_NAMESPACE_BEGIN\nclass VTKRENDERINGCOR...'
VTK,../repos/VTK/Rendering/Core/vtkCellCenterDepthSort.h,"(30, 1)-(60, 2)",b'class VTKRENDERINGCORE_EXPORT vtkCellCenterDe...'
VTK,../repos/VTK/Rendering/Core/vtkHardwareWindow.h,"(24, 1)-(47, 2)",b'VTK_ABI_NAMESPACE_BEGIN\nclass VTKRENDERINGCOR...'
VTK,../repos/VTK/Rendering/Core/vtkGraphicsFactory.h,"(14, 1)-(62, 2)",b'VTK_ABI_NAMESPACE_BEGIN\nclass VTKRENDERINGCOR...'
VTK,../repos/VTK/Rendering/Core/vtkRenderer.h,"(52, 1)-(1191, 2)",b'class VTKRENDERINGCORE_EXPORT vtkRenderer : p...'
VTK,../repos/VTK/Rendering/Core/vtkRenderer.h,"(359, 3)-(609, 4)","b'vtkSetClampMacro(NearClippingPlaneTolerance, ...'"
VTK,../repos/VTK/Rendering/Core/vtkRenderer.h,"(671, 3)-(1036, 43)","b'vtkSetClampMacro(OcclusionRatio, double, 0.0,...'"
VTK,../repos/VTK/Rendering/Core/vtkCompositePolyDataMapperDelegator.h,"(34, 1)-(143, 2)",b'class VTKRENDERINGCORE_EXPORT vtkCompositePol...'
VTK,../repos/VTK/Rendering/Core/vtkLogLookupTable.h,"(20, 1)-(36, 2)",b'VTK_ABI_NAMESPACE_BEGIN\nclass VTKRENDERINGCOR...'
VTK,../repos/VTK/Rendering/Core/vtkLogLookupTable.h,"(31, 3)-(31, 43)",b'~vtkLogLookupTable() override = default;'
VTK,../repos/VTK/Rendering/Core/vtkCuller.h,"(26, 1)-(44, 2)",b'class VTKRENDERINGCORE_EXPORT vtkCuller : pub...'
VTK,../repos/VTK/Rendering/Core/vtkCamera.cxx,"(33, 3)-(42, 4)","b'void Execute(vtkObject*, unsigned long, void*...'"
VTK,../repos/VTK/Rendering/Core/vtkCamera.cxx,"(46, 3)-(46, 50)",b'~vtkCameraCallbackCommand() override = default;'
VTK,../repos/VTK/Rendering/Core/vtkWorldPointPicker.h,"(26, 1)-(52, 2)",b'VTK_ABI_NAMESPACE_BEGIN\nclass VTKRENDERINGCOR...'
VTK,../repos/VTK/Rendering/Core/vtkWorldPointPicker.h,"(47, 3)-(47, 45)",b'~vtkWorldPointPicker() override = default;'
VTK,../repos/VTK/Rendering/Core/vtkTransformCoordinateSystems.h,"(23, 1)-(99, 2)",b'VTK_ABI_NAMESPACE_BEGIN\nclass VTKRENDERINGCOR...'
VTK,../repos/VTK/Rendering/Core/vtkTDxInteractorStyle.h,"(31, 1)-(84, 2)",b'class VTKRENDERINGCORE_EXPORT vtkTDxInteracto...'
VTK,../repos/VTK/Rendering/Core/vtkCameraInterpolator.h,"(49, 1)-(226, 2)",b'class VTKRENDERINGCORE_EXPORT vtkCameraInterp...'
VTK,../repos/VTK/Rendering/Core/vtkTextMapper.h,"(36, 1)-(139, 2)",b'class VTKRENDERINGCORE_EXPORT vtkTextMapper :...'
VTK,../repos/VTK/Rendering/Core/vtkImageMapper3D.h,"(37, 1)-(273, 2)",b'class VTKRENDERINGCORE_EXPORT vtkImageMapper3...'
VTK,../repos/VTK/Rendering/Core/vtkCoordinate.h,"(65, 1)-(184, 2)",b'class VTKRENDERINGCORE_EXPORT vtkCoordinate :...'
VTK,../repos/VTK/Rendering/Core/vtkAbstractRenderDevice.h,"(13, 1)-(59, 2)",b'class VTKRENDERINGCORE_EXPORT vtkAbstractRend...'
VTK,../repos/VTK/Rendering/Core/vtkGlyph3DMapper.h,"(28, 1)-(493, 2)",b'class VTKRENDERINGCORE_EXPORT vtkGlyph3DMappe...'
VTK,../repos/VTK/Rendering/Core/vtkGlyph3DMapper.h,"(438, 3)-(438, 56)",b'bool GetSupportsSelection() override { return...'
VTK,../repos/VTK/Rendering/Core/vtkVisibilitySort.h,"(38, 1)-(141, 2)",b'class VTKRENDERINGCORE_EXPORT vtkVisibilitySo...'
VTK,../repos/VTK/Rendering/Core/vtkVisibilitySort.h,"(118, 3)-(118, 62)",b'bool UsesGarbageCollector() const override { ...'
VTK,../repos/VTK/Rendering/Core/vtkRendererDelegate.h,"(26, 1)-(56, 2)",b'class VTKRENDERINGCORE_EXPORT vtkRendererDele...'
VTK,../repos/VTK/Rendering/Core/vtkPointGaussianMapper.h,"(25, 1)-(231, 2)",b'class VTKRENDERINGCORE_EXPORT vtkPointGaussia...'
VTK,../repos/VTK/Rendering/Core/vtkPointGaussianMapper.h,"(201, 3)-(201, 56)",b'bool GetSupportsSelection() override { return...'
VTK,../repos/VTK/Rendering/Core/vtkAbstractVolumeMapper.h,"(27, 1)-(141, 2)",b'class VTKRENDERINGCORE_EXPORT vtkAbstractVolu...'
VTK,../repos/VTK/Rendering/Core/vtkAbstractVolumeMapper.h,"(47, 3)-(47, 94)",b'void GetBounds(double bounds[6]) override { t...'
VTK,../repos/VTK/Rendering/Core/vtkAbstractVolumeMapper.h,"(124, 3)-(124, 56)",b'void ReleaseGraphicsResources(vtkWindow*) ove...'
VTK,../repos/VTK/Rendering/Core/vtkCompositeCellGridMapper.cxx,"(99, 1)-(337, 2)",b'void vtkCompositeCellGridMapper::BuildRenderV...'
VTK,../repos/VTK/Rendering/Core/vtkCompositeCellGridMapper.cxx,"(340, 1)-(492, 2)",b'void vtkCompositeCellGridMapper::Render(vtkRe...'
VTK,../repos/VTK/Rendering/Core/vtkCompositeCellGridMapper.cxx,"(591, 1)-(724, 2)",b'bool vtkCompositeCellGridMapper::RecursiveHas...'
VTK,../repos/VTK/Rendering/Core/vtkInteractorEventRecorder.h,"(39, 1)-(171, 2)",b'class VTKRENDERINGCORE_EXPORT vtkInteractorEv...'
VTK,../repos/VTK/Rendering/Core/vtkRenderWindow.h,"(76, 1)-(780, 2)",b'class VTKRENDERINGCORE_EXPORT vtkRenderWindow...'
VTK,../repos/VTK/Rendering/Core/vtkRenderWindow.h,"(596, 3)-(596, 39)",b'void SetDisplayId(void*) override {}'
VTK,../repos/VTK/Rendering/Core/vtkRenderWindow.h,"(597, 3)-(597, 38)",b'void SetWindowId(void*) override {}'
VTK,../repos/VTK/Rendering/Core/vtkRenderWindow.h,"(599, 3)-(599, 38)",b'void SetParentId(void*) override {}'
VTK,../repos/VTK/Rendering/Core/vtkRenderWindow.h,"(600, 3)-(600, 59)",b'void* GetGenericDisplayId() override { return...'
VTK,../repos/VTK/Rendering/Core/vtkRenderWindow.h,"(601, 3)-(601, 58)",b'void* GetGenericWindowId() override { return ...'
VTK,../repos/VTK/Rendering/Core/vtkRenderWindow.h,"(602, 3)-(602, 58)",b'void* GetGenericParentId() override { return ...'
VTK,../repos/VTK/Rendering/Core/vtkRenderWindow.h,"(603, 3)-(603, 57)",b'void* GetGenericContext() override { return n...'
VTK,../repos/VTK/Rendering/Core/vtkRenderWindow.h,"(604, 3)-(604, 58)",b'void* GetGenericDrawable() override { return ...'
VTK,../repos/VTK/Rendering/Core/vtkRenderWindow.h,"(605, 3)-(605, 46)",b'void SetWindowInfo(const char*) override {}'
VTK,../repos/VTK/Rendering/Core/vtkRenderWindow.h,"(607, 3)-(607, 46)",b'void SetParentInfo(const char*) override {}'
VTK,../repos/VTK/Rendering/Core/vtkLabeledContourMapper.cxx,"(821, 1)-(825, 2)",b'bool vtkLabeledContourMapper::ApplyStencil(vt...'
VTK,../repos/VTK/Rendering/Core/vtkLabeledContourMapper.cxx,"(836, 1)-(840, 2)",b'bool vtkLabeledContourMapper::RemoveStencil(v...'
VTK,../repos/VTK/Rendering/Core/vtkMapperCollection.h,"(23, 1)-(64, 66)",b'VTK_ABI_NAMESPACE_BEGIN\nclass VTKRENDERINGCOR...'
VTK,../repos/VTK/Rendering/Core/vtkMapperCollection.h,"(60, 3)-(60, 45)",b'~vtkMapperCollection() override = default;'
VTK,../repos/VTK/Rendering/Core/vtkBillboardTextActor3D.h,"(26, 1)-(164, 2)",b'class VTKRENDERINGCORE_EXPORT vtkBillboardTex...'
VTK,../repos/VTK/Rendering/Core/vtkCompositePolyDataMapper.cxx,"(506, 1)-(798, 2)",b'void vtkCompositePolyDataMapper::BuildRenderV...'
VTK,../repos/VTK/Rendering/Core/vtkCompositePolyDataMapper.cxx,"(801, 1)-(925, 2)",b'bool vtkCompositePolyDataMapper::RecursiveHas...'
VTK,../repos/VTK/Rendering/Core/vtkPropCollection.h,"(23, 1)-(69, 66)",b'VTK_ABI_NAMESPACE_BEGIN\nclass VTKRENDERINGCOR...'
VTK,../repos/VTK/Rendering/Core/vtkPropCollection.h,"(65, 3)-(65, 43)",b'~vtkPropCollection() override = default;'
VTK,../repos/VTK/Rendering/Core/vtkViewport.h,"(38, 1)-(499, 2)",b'class VTKRENDERINGCORE_EXPORT vtkViewport : p...'
VTK,../repos/VTK/Rendering/Core/vtkProperty2D.h,"(26, 1)-(133, 2)",b'class VTKRENDERINGCORE_EXPORT vtkProperty2D :...'
VTK,../repos/VTK/Rendering/Core/vtkAbstractInteractionDevice.h,"(13, 1)-(58, 2)",b'class VTKRENDERINGCORE_EXPORT vtkAbstractInte...'
VTK,../repos/VTK/Rendering/Core/vtkStringToImage.h,"(25, 1)-(77, 2)",b'class VTKRENDERINGCORE_EXPORT vtkStringToImag...'
VTK,../repos/VTK/Rendering/Core/vtkDiscretizableColorTransferFunction.h,"(47, 1)-(274, 2)",b'class VTKRENDERINGCORE_EXPORT vtkDiscretizabl...'
VTK,../repos/VTK/Rendering/Core/vtkDiscretizableColorTransferFunction.h,"(186, 3)-(186, 96)",b'void SetNanColor(const double rgb[3]) overrid...'
VTK,../repos/VTK/Rendering/Core/vtkDiscretizableColorTransferFunction.h,"(200, 3)-(200, 69)",b'vtkTypeBool UsingLogScale() override { return...'
VTK,../repos/VTK/Rendering/Core/vtkRenderedAreaPicker.h,"(29, 1)-(50, 2)",b'class VTKRENDERINGCORE_EXPORT vtkRenderedArea...'
VTK,../repos/VTK/Rendering/Core/vtkCellGridMapper.h,"(32, 1)-(105, 2)",b'class VTKRENDERINGCORE_EXPORT vtkCellGridMapp...'
VTK,../repos/VTK/Rendering/Core/vtkCellGridMapper.h,"(48, 3)-(48, 51)","b'void Render(vtkRenderer*, vtkActor*) override {}'"
VTK,../repos/VTK/Rendering/Core/vtkCellGridMapper.h,"(82, 3)-(82, 85)",b'void GetBounds(double bounds[6]) override { t...'
VTK,../repos/VTK/Rendering/Core/vtkCellGridMapper.h,"(88, 3)-(88, 43)",b'~vtkCellGridMapper() override = default;'
VTK,../repos/VTK/Rendering/Core/vtkTDxInteractorStyleSettings.h,"(22, 1)-(124, 2)",b'VTK_ABI_NAMESPACE_BEGIN\nclass VTKRENDERINGCOR...'
VTK,../repos/VTK/Rendering/Core/vtkSkybox.h,"(16, 1)-(84, 2)",b'VTK_ABI_NAMESPACE_BEGIN\nclass VTKRENDERINGCOR...'
VTK,../repos/VTK/Rendering/Core/vtkCullerCollection.h,"(22, 1)-(60, 66)",b'VTK_ABI_NAMESPACE_BEGIN\nclass VTKRENDERINGCOR...'
VTK,../repos/VTK/Rendering/Core/vtkCullerCollection.h,"(56, 3)-(56, 45)",b'~vtkCullerCollection() override = default;'
VTK,../repos/VTK/Rendering/Core/vtkFollower.h,"(29, 1)-(92, 2)",b'class VTKRENDERINGCORE_EXPORT vtkFollower : p...'
VTK,../repos/VTK/Rendering/Core/vtkFollower.h,"(91, 3)-(91, 52)","b'void Render(vtkRenderer*, vtkMapper*) override {}'"
VTK,../repos/VTK/Rendering/Core/vtkViewDependentErrorMetric.h,"(27, 1)-(132, 2)",b'class VTKRENDERINGCORE_EXPORT vtkViewDependen...'
VTK,../repos/VTK/Rendering/Core/vtkAvatar.h,"(17, 1)-(103, 2)",b'VTK_ABI_NAMESPACE_BEGIN\nclass VTKRENDERINGCOR...'
VTK,../repos/VTK/Rendering/Core/vtkFrustumCoverageCuller.h,"(37, 1)-(95, 2)",b'class VTKRENDERINGCORE_EXPORT vtkFrustumCover...'
VTK,../repos/VTK/Rendering/Core/vtkFrustumCoverageCuller.h,"(86, 3)-(86, 50)",b'~vtkFrustumCoverageCuller() override = default;'
VTK,../repos/VTK/Rendering/Core/vtkAbstractHyperTreeGridMapper.h,"(35, 1)-(228, 2)",b'class VTKRENDERINGCORE_EXPORT vtkAbstractHype...'
VTK,../repos/VTK/Rendering/Core/vtkAbstractHyperTreeGridMapper.h,"(47, 3)-(50, 4)",b'void SetInputConnection(vtkAlgorithmOutput* i...'
VTK,../repos/VTK/Rendering/Core/vtkTDxInteractorStyleCamera.h,"(25, 1)-(47, 2)",b'class VTKRENDERINGCORE_EXPORT vtkTDxInteracto...'
VTK,../repos/VTK/Rendering/Core/vtkPolyDataMapper2D.h,"(33, 1)-(234, 2)",b'class VTKRENDERINGCORE_EXPORT vtkPolyDataMapp...'
VTK,../repos/VTK/Rendering/Core/vtkLightCollection.h,"(24, 1)-(54, 66)",b'class VTKRENDERINGCORE_EXPORT vtkLightCollect...'
VTK,../repos/VTK/Rendering/Core/vtkLightCollection.h,"(50, 3)-(50, 44)",b'~vtkLightCollection() override = default;'
VTK,../repos/VTK/Rendering/Core/vtkTextActor3D.h,"(33, 1)-(140, 2)",b'class VTKRENDERINGCORE_EXPORT vtkTextActor3D ...'
VTK,../repos/VTK/Rendering/Core/vtkTexturedActor2D.h,"(27, 1)-(79, 2)",b'class VTKRENDERINGCORE_EXPORT vtkTexturedActo...'
VTK,../repos/VTK/Rendering/Core/vtkCellGraphicsPrimitiveMap.h,"(28, 1)-(78, 2)",b'class VTKRENDERINGCORE_EXPORT vtkCellGraphics...'
VTK,../repos/VTK/Rendering/Core/vtkAssemblyPaths.h,"(26, 1)-(76, 66)",b'class VTKRENDERINGCORE_EXPORT vtkAssemblyPath...'
VTK,../repos/VTK/Rendering/Core/vtkAssemblyPaths.h,"(72, 3)-(72, 42)",b'~vtkAssemblyPaths() override = default;'
VTK,../repos/VTK/Rendering/Core/vtkTextPropertyCollection.h,"(21, 1)-(65, 2)",b'VTK_ABI_NAMESPACE_BEGIN\nclass VTKRENDERINGCOR...'
VTK,../repos/VTK/Rendering/Core/Testing/Cxx/TestAnimationScene.cxx,"(99, 3)-(122, 4)","b'void Execute(vtkObject* vtkNotUsed(caller), u...'"
VTK,../repos/VTK/Rendering/Core/Testing/Cxx/TestCompositePolyDataMapperOverrideLUT.cxx,"(53, 1)-(243, 2)",b'int TestCompositePolyDataMapperOverrideLUT(in...'
VTK,../repos/VTK/Rendering/Core/Testing/Cxx/TestCompositePolyDataMapperOverrideScalarArray.cxx,"(52, 1)-(229, 2)",b'int TestCompositePolyDataMapperOverrideScalar...'
VTK,../repos/VTK/Rendering/Core/Testing/Cxx/TestCompositePolyDataMapperSharedArray.cxx,"(38, 3)-(38, 43)",b'~vtkDualCubeSource() override = default;'
VTK,../repos/VTK/Rendering/Core/Testing/Cxx/TestCompositePolyDataMapperSharedArray.cxx,"(40, 3)-(113, 4)",b'int RequestData(vtkInformation* vtkNotUsed(re...'
VTK,../repos/VTK/Rendering/Core/Testing/Cxx/TestInteractorTimers.cxx,"(47, 3)-(114, 4)","b'void Execute(vtkObject* caller, unsigned long...'"
VTK,../repos/VTK/Rendering/Core/Testing/Cxx/TestPointSelectionWithCellData.cxx,"(43, 3)-(43, 42)",b'~PointPickCommand() override = default;'
VTK,../repos/VTK/Rendering/Core/Testing/Cxx/TestPointSelectionWithCellData.cxx,"(81, 3)-(102, 4)","b'void Execute(vtkObject*, unsigned long, void*...'"
VTK,../repos/VTK/Rendering/Core/Testing/Cxx/TestPointSelection.cxx,"(41, 3)-(41, 42)",b'~PointPickCommand() override = default;'
VTK,../repos/VTK/Rendering/Core/Testing/Cxx/TestPointSelection.cxx,"(79, 3)-(100, 4)","b'void Execute(vtkObject*, unsigned long, void*...'"
VTK,../repos/VTK/Rendering/Core/Testing/Cxx/TestGlyph3DMapperPicking.cxx,"(47, 3)-(47, 42)",b'~MyEndPickCommand() override = default;'
VTK,../repos/VTK/Rendering/Core/Testing/Cxx/TestGlyph3DMapperPicking.cxx,"(49, 3)-(116, 4)","b'void Execute(vtkObject* vtkNotUsed(caller), u...'"
VTK,../repos/VTK/Rendering/Core/Testing/Cxx/TestFollowerPicking.cxx,"(39, 3)-(47, 4)","b'void Execute(vtkObject* caller, unsigned long...'"
VTK,../repos/VTK/Rendering/Core/Testing/Cxx/TestCompositePolyDataMapperPicking.cxx,"(58, 3)-(58, 42)",b'~PointPickCommand() override = default;'
VTK,../repos/VTK/Rendering/Core/Testing/Cxx/TestCompositePolyDataMapperPicking.cxx,"(100, 3)-(121, 4)","b'void Execute(vtkObject*, unsigned long, void*...'"
VTK,../repos/VTK/Rendering/Core/Testing/Cxx/TestDragEvent.cxx,"(22, 3)-(27, 4)",b'void OnDropLocation(double* position) overrid...'
VTK,../repos/VTK/Rendering/Core/Testing/Cxx/TestDragEvent.cxx,"(29, 3)-(53, 4)",b'void OnDropFiles(vtkStringArray* filePaths) o...'
VTK,../repos/VTK/Rendering/Core/vtkLODProp3D.h,"(47, 1)-(332, 2)",b'class VTKRENDERINGCORE_EXPORT vtkLODProp3D : ...'
VTK,../repos/VTK/Rendering/Core/vtkAssemblyPath.h,"(30, 1)-(109, 66)",b'class VTKRENDERINGCORE_EXPORT vtkAssemblyPath...'
VTK,../repos/VTK/Rendering/Core/vtkDataSetMapper.h,"(25, 1)-(75, 2)",b'class VTKRENDERINGCORE_EXPORT vtkDataSetMappe...'
VTK,../repos/VTK/Rendering/Core/vtkScenePicker.cxx,"(14, 1)-(51, 2)",b'VTK_ABI_NAMESPACE_BEGIN\nclass vtkScenePickerS...'
VTK,../repos/VTK/Rendering/Core/vtkScenePicker.cxx,"(24, 3)-(42, 4)","b'void Execute(vtkObject* vtkNotUsed(o), unsign...'"
VTK,../repos/VTK/Rendering/Core/vtkScenePicker.cxx,"(49, 3)-(49, 62)",b'~vtkScenePickerSelectionRenderCommand() overr...'
VTK,../repos/VTK/Rendering/Core/vtkShaderProperty.h,"(28, 1)-(132, 2)",b'class VTKRENDERINGCORE_EXPORT vtkShaderProper...'
VTK,../repos/VTK/Rendering/Core/vtkGenericVertexAttributeMapping.h,"(22, 1)-(96, 2)",b'VTK_ABI_NAMESPACE_BEGIN\nclass VTKRENDERINGCOR...'
VTK,../repos/VTK/Rendering/Core/vtkProperty.h,"(50, 1)-(812, 2)",b'class VTKRENDERINGCORE_EXPORT vtkProperty : p...'
VTK,../repos/VTK/Rendering/Core/vtkLightActor.h,"(41, 1)-(124, 2)",b'class VTKRENDERINGCORE_EXPORT vtkLightActor :...'
VTK,../repos/VTK/Rendering/Core/vtkRenderWindowCollection.h,"(22, 1)-(59, 66)",b'VTK_ABI_NAMESPACE_BEGIN\nclass VTKRENDERINGCOR...'
VTK,../repos/VTK/Rendering/Core/vtkRenderWindowCollection.h,"(55, 3)-(55, 51)",b'~vtkRenderWindowCollection() override = default;'
VTK,../repos/VTK/Rendering/Core/vtkRendererSource.h,"(45, 1)-(157, 2)",b'class VTKRENDERINGCORE_EXPORT vtkRendererSour...'
VTK,../repos/VTK/Rendering/Core/vtkCellPicker.h,"(55, 1)-(337, 2)",b'class VTKRENDERINGCORE_EXPORT vtkCellPicker :...'
VTK,../repos/VTK/Rendering/Core/vtkFlagpoleLabel.h,"(31, 1)-(158, 2)",b'class VTKRENDERINGCORE_EXPORT vtkFlagpoleLabe...'
VTK,../repos/VTK/Rendering/Core/vtkPicker.h,"(44, 1)-(194, 2)",b'class VTKRENDERINGCORE_EXPORT vtkPicker : pub...'
VTK,../repos/VTK/Rendering/Core/vtkRenderWindowInteractor3D.h,"(31, 1)-(301, 2)",b'class VTKRENDERINGCORE_EXPORT vtkRenderWindow...'
VTK,../repos/VTK/Rendering/Core/vtkProp3DCollection.h,"(22, 1)-(60, 66)",b'VTK_ABI_NAMESPACE_BEGIN\nclass VTKRENDERINGCOR...'
VTK,../repos/VTK/Rendering/Core/vtkProp3DCollection.h,"(56, 3)-(56, 45)",b'~vtkProp3DCollection() override = default;'
VTK,../repos/VTK/Rendering/Core/vtkGraphMapper.h,"(41, 1)-(314, 2)",b'class VTKRENDERINGCORE_EXPORT vtkGraphMapper ...'
VTK,../repos/VTK/Rendering/Core/vtkGraphMapper.h,"(240, 3)-(240, 77)",b'void GetBounds(double* bounds) override { Sup...'
VTK,../repos/VTK/Rendering/Core/vtkFrameBufferObjectBase.h,"(21, 1)-(43, 2)",b'class VTKRENDERINGCORE_EXPORT vtkFrameBufferO...'
VTK,../repos/VTK/Rendering/Core/vtkWindowLevelLookupTable.h,"(30, 1)-(117, 2)",b'VTK_ABI_NAMESPACE_BEGIN\nclass VTKRENDERINGCOR...'
VTK,../repos/VTK/Rendering/Core/vtkWindowLevelLookupTable.h,"(106, 3)-(106, 51)",b'~vtkWindowLevelLookupTable() override = default;'
VTK,../repos/VTK/Rendering/Core/vtkTransformInterpolator.h,"(52, 1)-(199, 2)",b'class VTKRENDERINGCORE_EXPORT vtkTransformInt...'
VTK,../repos/VTK/Rendering/Core/vtkMapArrayValues.h,"(37, 1)-(155, 2)",b'class VTKRENDERINGCORE_EXPORT vtkMapArrayValu...'
VTK,../repos/VTK/Rendering/Core/vtkTransformInterpolator.cxx,"(285, 1)-(344, 2)",b'void vtkTransformInterpolator::InitializeInte...'
VTK,../repos/VTK/Rendering/Core/vtkImageSlice.h,"(35, 1)-(164, 2)",b'class VTKRENDERINGCORE_EXPORT vtkImageSlice :...'
VTK,../repos/VTK/Rendering/Core/vtkVolumeCollection.h,"(23, 1)-(64, 66)",b'VTK_ABI_NAMESPACE_BEGIN\nclass VTKRENDERINGCOR...'
VTK,../repos/VTK/Rendering/Core/vtkVolumeCollection.h,"(60, 3)-(60, 45)",b'~vtkVolumeCollection() override = default;'
VTK,../repos/VTK/Rendering/Core/vtkAssemblyNode.h,"(44, 1)-(91, 2)",b'class VTKRENDERINGCORE_EXPORT vtkAssemblyNode...'
VTK,../repos/VTK/Rendering/Core/vtkActor2DCollection.h,"(27, 1)-(93, 66)",b'class VTKRENDERINGCORE_EXPORT vtkActor2DColle...'
VTK,../repos/VTK/Rendering/Core/vtkCellGridRenderRequest.h,"(109, 3)-(148, 4)","b'vtkSetClampMacro(ShapesToDraw, char, 1, 9);\n\n...'"
VTK,../repos/VTK/Rendering/Core/vtkAssembly.h,"(58, 1)-(175, 2)",b'class VTKRENDERINGCORE_EXPORT vtkAssembly : p...'
VTK,../repos/VTK/Rendering/Core/vtkCompositePolyDataMapperDelegator.cxx,"(30, 1)-(49, 2)",b'void vtkCompositePolyDataMapperDelegator::Sha...'
VTK,../repos/VTK/Rendering/Core/vtkTextActor.h,"(39, 1)-(325, 2)",b'class VTKRENDERINGCORE_EXPORT vtkTextActor : ...'
VTK,../repos/VTK/Rendering/Core/vtkTextActor.h,"(257, 3)-(257, 78)",b'int RenderTranslucentPolygonalGeometry(vtkVie...'
VTK,../repos/VTK/Rendering/Core/vtkCompositePolyDataMapper.h,"(39, 1)-(384, 2)",b'class VTKRENDERINGCORE_EXPORT vtkCompositePol...'
VTK,../repos/VTK/Rendering/Core/vtkCompositePolyDataMapper.h,"(57, 3)-(57, 85)",b'void GetBounds(double bounds[6]) override { t...'
VTK,../repos/VTK/Rendering/Core/vtkTexture.h,"(54, 1)-(357, 2)",b'class VTKRENDERINGCORE_EXPORT vtkTexture : pu...'
VTK,../repos/VTK/Rendering/Core/vtkTexture.h,"(329, 3)-(329, 47)",b'void ExecuteData(vtkDataObject*) override {}'
VTK,../repos/VTK/Rendering/Core/vtkHierarchicalPolyDataMapper.h,"(19, 1)-(35, 2)",b'VTK_ABI_NAMESPACE_BEGIN\nclass VTKRENDERINGCOR...'
VTK,../repos/VTK/Rendering/Core/vtkProp3D.h,"(35, 1)-(406, 2)",b'class VTKRENDERINGCORE_EXPORT vtkProp3D : pub...'
VTK,../repos/VTK/Rendering/Core/vtkProp3D.h,"(325, 3)-(329, 4)",b'vtkMatrix4x4* GetMatrix() override\n  {\n    th...'
VTK,../repos/VTK/Rendering/Core/vtkPointPicker.h,"(30, 1)-(76, 2)",b'class VTKRENDERINGCORE_EXPORT vtkPointPicker ...'
VTK,../repos/VTK/Rendering/Core/vtkPointPicker.h,"(61, 3)-(61, 40)",b'~vtkPointPicker() override = default;'
VTK,../repos/VTK/Rendering/Core/vtkAbstractMapper.h,"(42, 1)-(152, 2)",b'class VTKRENDERINGCORE_EXPORT vtkAbstractMapp...'
VTK,../repos/VTK/Rendering/Core/vtkRenderWidget.h,"(16, 1)-(89, 2)",b'class VTKRENDERINGCORE_EXPORT vtkRenderWidget...'
VTK,../repos/VTK/Rendering/Core/vtkImageSliceMapper.h,"(28, 1)-(203, 2)",b'class VTKRENDERINGCORE_EXPORT vtkImageSliceMa...'
VTK,../repos/VTK/Rendering/Core/vtkImageSliceMapper.h,"(112, 3)-(112, 94)",b'void GetBounds(double bounds[6]) override { t...'
VTK,../repos/VTK/Rendering/Core/vtkRenderer.cxx,"(2055, 1)-(2078, 2)",b'double vtkRenderer::GetTiledAspectRatio()\n{\n ...'
VTK,../repos/VTK/Rendering/Core/vtkAbstractPicker.h,"(57, 1)-(174, 2)",b'class VTKRENDERINGCORE_EXPORT vtkAbstractPick...'
VTK,../repos/VTK/Rendering/Core/vtkCompositeDataDisplayAttributesLegacy.h,"(27, 1)-(182, 2)",b'class VTKRENDERINGCORE_EXPORT vtkCompositeDat...'
VTK,../repos/VTK/Rendering/Core/vtkMapper2D.h,"(24, 1)-(42, 2)",b'class VTKRENDERINGCORE_EXPORT vtkMapper2D : p...'
VTK,../repos/VTK/Rendering/Core/vtkMapper2D.h,"(37, 3)-(37, 37)",b'~vtkMapper2D() override = default;'
VTK,../repos/VTK/Rendering/Core/vtkCameraInterpolator.cxx,"(345, 1)-(432, 2)",b'void vtkCameraInterpolator::InitializeInterpo...'
VTK,../repos/VTK/Rendering/Core/vtkPropAssembly.h,"(38, 1)-(142, 2)",b'VTK_ABI_NAMESPACE_BEGIN\nclass VTKRENDERINGCOR...'
VTK,../repos/VTK/Rendering/Core/vtkActor2D.h,"(28, 1)-(169, 2)",b'class VTKRENDERINGCORE_EXPORT vtkActor2D : pu...'
VTK,../repos/VTK/Rendering/Core/vtkProp3D.cxx,"(644, 1)-(710, 2)",b'void vtkProp3D::PokeMatrix(vtkMatrix4x4* matr...'
VTK,../repos/VTK/Rendering/Core/vtkPolyDataMapper.h,"(26, 1)-(237, 2)",b'class VTKRENDERINGCORE_EXPORT vtkPolyDataMapp...'
VTK,../repos/VTK/Rendering/Core/vtkPolyDataMapper.h,"(114, 3)-(114, 85)",b'void GetBounds(double bounds[6]) override { t...'
VTK,../repos/VTK/Rendering/Core/vtkPolyDataMapper.h,"(215, 3)-(215, 43)",b'~vtkPolyDataMapper() override = default;'
VTK,../repos/VTK/Rendering/Core/vtkUniforms.h,"(32, 1)-(181, 2)",b'class VTKRENDERINGCORE_EXPORT vtkUniforms : p...'
VTK,../repos/VTK/Rendering/Core/vtkUniforms.h,"(176, 3)-(176, 37)",b'~vtkUniforms() override = default;'
VTK,../repos/VTK/Rendering/Core/vtkPropPicker.h,"(28, 1)-(108, 2)",b'class VTKRENDERINGCORE_EXPORT vtkPropPicker :...'
VTK,../repos/VTK/Rendering/Core/vtkTupleInterpolator.h,"(42, 1)-(175, 2)",b'class VTKRENDERINGCORE_EXPORT vtkTupleInterpo...'
VTK,../repos/VTK/Rendering/Core/vtkAbstractMapper3D.h,"(31, 1)-(96, 2)",b'class VTKRENDERINGCORE_EXPORT vtkAbstractMapp...'
VTK,../repos/VTK/Rendering/Core/vtkAbstractMapper3D.h,"(88, 3)-(88, 45)",b'~vtkAbstractMapper3D() override = default;'
VTK,../repos/VTK/Rendering/Core/vtkColorTransferFunction.h,"(44, 1)-(465, 2)",b'class VTKRENDERINGCORE_EXPORT vtkColorTransfe...'
VTK,../repos/VTK/Rendering/Core/vtkColorTransferFunction.h,"(435, 3)-(435, 44)","b'void SetRange(double, double) override {}'"
VTK,../repos/VTK/Rendering/Core/vtkColorTransferFunction.h,"(436, 3)-(436, 82)",b'void SetRange(const double rng[2]) override {...'
VTK,../repos/VTK/Rendering/Core/vtkMapper.h,"(70, 1)-(560, 2)",b'class VTKRENDERINGCORE_EXPORT vtkMapper : pub...'
VTK,../repos/VTK/Rendering/Core/vtkMapper.h,"(98, 3)-(98, 56)",b'void ReleaseGraphicsResources(vtkWindow*) ove...'
VTK,../repos/VTK/Rendering/Core/vtkMapper.h,"(400, 3)-(400, 94)",b'void GetBounds(double bounds[6]) override { t...'
VTK,../repos/VTK/Rendering/Core/vtkGPUInfo.h,"(20, 1)-(71, 2)",b'VTK_ABI_NAMESPACE_BEGIN\nclass VTKRENDERINGCOR...'
VTK,../repos/VTK/Rendering/Core/vtkScenePicker.h,"(44, 1)-(130, 2)",b'class VTKRENDERINGCORE_EXPORT vtkScenePicker ...'
VTK,../repos/VTK/Rendering/Core/vtkCompositeDataDisplayAttributes.h,"(31, 1)-(400, 2)",b'class VTKRENDERINGCORE_EXPORT vtkCompositeDat...'
VTK,../repos/VTK/Rendering/Core/vtkProp3DFollower.h,"(32, 1)-(124, 2)",b'class VTKRENDERINGCORE_EXPORT vtkProp3DFollow...'
VTK,../repos/VTK/Rendering/Core/vtkLODProp3D.cxx,"(37, 3)-(44, 4)","b'void Execute(vtkObject* caller, unsigned long...'"
VTK,../repos/VTK/Rendering/Core/vtkAbstractPropPicker.h,"(68, 1)-(146, 2)",b'class VTKRENDERINGCORE_EXPORT vtkAbstractProp...'
VTK,../repos/VTK/Rendering/Core/vtkResizingWindowToImageFilter.h,"(53, 1)-(167, 2)",b'class VTKRENDERINGCORE_EXPORT vtkResizingWind...'
VTK,../repos/VTK/Rendering/Core/vtkCamera.h,"(34, 1)-(858, 2)",b'class VTKRENDERINGCORE_EXPORT vtkCamera : pub...'
VTK,../repos/VTK/Rendering/Core/vtkVolume.h,"(33, 1)-(249, 2)",b'class VTKRENDERINGCORE_EXPORT vtkVolume : pub...'
VTK,../repos/VTK/Rendering/Core/vtkVolume.h,"(192, 3)-(192, 56)",b'bool GetSupportsSelection() override { return...'
VTK,../repos/VTK/Rendering/Core/vtkProp.h,"(36, 1)-(471, 2)",b'class VTKRENDERINGCORE_EXPORT vtkProp : publi...'
VTK,../repos/VTK/Rendering/Core/vtkLabeledContourMapper.h,"(34, 1)-(181, 2)",b'class VTKRENDERINGCORE_EXPORT vtkLabeledConto...'
VTK,../repos/VTK/Rendering/Core/vtkStereoCompositor.h,"(24, 1)-(66, 2)",b'class VTKRENDERINGCORE_EXPORT vtkStereoCompos...'
VTK,../repos/VTK/Rendering/Core/vtkCameraActor.h,"(27, 1)-(104, 2)",b'class VTKRENDERINGCORE_EXPORT vtkCameraActor ...'
VTK,../repos/VTK/Rendering/Core/vtkObserverMediator.h,"(30, 1)-(86, 2)",b'class VTKRENDERINGCORE_EXPORT vtkObserverMedi...'
VTK,../repos/VTK/Imaging/Fourier/vtkImageIdealHighPass.h,"(25, 1)-(63, 2)",b'VTK_ABI_NAMESPACE_BEGIN\nclass VTKIMAGINGFOURI...'
VTK,../repos/VTK/Imaging/Fourier/vtkImageIdealHighPass.h,"(52, 3)-(52, 47)",b'~vtkImageIdealHighPass() override = default;'
VTK,../repos/VTK/Imaging/Fourier/vtkImageFourierFilter.h,"(97, 1)-(137, 2)",b'class VTKIMAGINGFOURIER_EXPORT vtkImageFourie...'
VTK,../repos/VTK/Imaging/Fourier/vtkImageFourierFilter.h,"(121, 3)-(121, 47)",b'~vtkImageFourierFilter() override = default;'
VTK,../repos/VTK/Imaging/Fourier/vtkImageButterworthHighPass.h,"(25, 1)-(72, 2)",b'VTK_ABI_NAMESPACE_BEGIN\nclass VTKIMAGINGFOURI...'
VTK,../repos/VTK/Imaging/Fourier/vtkImageButterworthHighPass.h,"(60, 3)-(60, 53)",b'~vtkImageButterworthHighPass() override = default;'
VTK,../repos/VTK/Imaging/Fourier/vtkImageFFT.h,"(23, 1)-(45, 2)",b'VTK_ABI_NAMESPACE_BEGIN\nclass VTKIMAGINGFOURI...'
VTK,../repos/VTK/Imaging/Fourier/vtkImageFFT.h,"(33, 3)-(33, 37)",b'~vtkImageFFT() override = default;'
VTK,../repos/VTK/Imaging/Fourier/vtkImageButterworthLowPass.h,"(25, 1)-(72, 2)",b'VTK_ABI_NAMESPACE_BEGIN\nclass VTKIMAGINGFOURI...'
VTK,../repos/VTK/Imaging/Fourier/vtkImageButterworthLowPass.h,"(60, 3)-(60, 52)",b'~vtkImageButterworthLowPass() override = default;'
VTK,../repos/VTK/Imaging/Fourier/vtkImageRFFT.h,"(29, 1)-(51, 2)",b'VTK_ABI_NAMESPACE_BEGIN\nclass VTKIMAGINGFOURI...'
VTK,../repos/VTK/Imaging/Fourier/vtkImageRFFT.h,"(39, 3)-(39, 38)",b'~vtkImageRFFT() override = default;'
VTK,../repos/VTK/Imaging/Fourier/vtkImageFourierCenter.h,"(20, 1)-(41, 2)",b'VTK_ABI_NAMESPACE_BEGIN\nclass VTKIMAGINGFOURI...'
VTK,../repos/VTK/Imaging/Fourier/vtkImageFourierCenter.h,"(30, 3)-(30, 47)",b'~vtkImageFourierCenter() override = default;'
VTK,../repos/VTK/Imaging/Fourier/vtkImageIdealLowPass.h,"(25, 1)-(63, 2)",b'VTK_ABI_NAMESPACE_BEGIN\nclass VTKIMAGINGFOURI...'
VTK,../repos/VTK/Imaging/Fourier/vtkImageIdealLowPass.h,"(52, 3)-(52, 46)",b'~vtkImageIdealLowPass() override = default;'
VTK,../repos/VTK/Imaging/Morphological/vtkImageIslandRemoval2D.h,"(29, 1)-(88, 2)",b'class VTKIMAGINGMORPHOLOGICAL_EXPORT vtkImage...'
VTK,../repos/VTK/Imaging/Morphological/vtkImageIslandRemoval2D.h,"(76, 3)-(76, 49)",b'~vtkImageIslandRemoval2D() override = default;'
VTK,../repos/VTK/Imaging/Morphological/vtkImageOpenClose3D.h,"(30, 1)-(118, 2)",b'class VTKIMAGINGMORPHOLOGICAL_EXPORT vtkImage...'
VTK,../repos/VTK/Imaging/Morphological/vtkImageSkeleton2D.h,"(24, 1)-(60, 2)",b'VTK_ABI_NAMESPACE_BEGIN\nclass VTKIMAGINGMORPH...'
VTK,../repos/VTK/Imaging/Morphological/vtkImageSkeleton2D.h,"(48, 3)-(48, 44)",b'~vtkImageSkeleton2D() override = default;'
VTK,../repos/VTK/Imaging/Morphological/vtkImageOpenClose3D.cxx,"(29, 3)-(36, 4)","b'void Execute(vtkObject* caller, unsigned long...'"
VTK,../repos/VTK/Imaging/Morphological/vtkImageDilateErode3D.h,"(23, 1)-(69, 2)",b'class VTKIMAGINGMORPHOLOGICAL_EXPORT vtkImage...'
VTK,../repos/VTK/Imaging/Morphological/vtkImageContinuousDilate3D.h,"(21, 1)-(55, 2)",b'class VTKIMAGINGMORPHOLOGICAL_EXPORT vtkImage...'
VTK,../repos/VTK/Imaging/Morphological/vtkImageContinuousErode3D.h,"(21, 1)-(55, 2)",b'class VTKIMAGINGMORPHOLOGICAL_EXPORT vtkImage...'
VTK,../repos/VTK/Imaging/Morphological/vtkImageConnector.h,"(39, 1)-(85, 2)",b'class VTKIMAGINGMORPHOLOGICAL_EXPORT vtkImage...'
VTK,../repos/VTK/Imaging/Morphological/vtkImageSeedConnectivity.h,"(29, 1)-(102, 2)",b'class VTKIMAGINGMORPHOLOGICAL_EXPORT vtkImage...'
VTK,../repos/VTK/Imaging/Morphological/vtkImageNonMaximumSuppression.h,"(25, 1)-(78, 2)",b'VTK_ABI_NAMESPACE_BEGIN\nclass VTKIMAGINGMORPH...'
VTK,../repos/VTK/Imaging/Morphological/vtkImageConnectivityFilter.h,"(64, 1)-(274, 2)",b'class VTKIMAGINGMORPHOLOGICAL_EXPORT vtkImage...'
VTK,../repos/VTK/Imaging/Morphological/vtkImageConnectivityFilter.cxx,"(1053, 1)-(1088, 2)",b'void vtkICF::Finish(vtkImageConnectivityFilte...'
VTK,../repos/VTK/Imaging/Morphological/vtkImageConnectivityFilter.cxx,"(1287, 1)-(1312, 2)",b'void vtkICF::ExecuteOutput(vtkImageConnectivi...'
VTK,../repos/VTK/Imaging/Hybrid/vtkGaussianSplatter.h,"(78, 1)-(269, 8)",b'class VTKIMAGINGHYBRID_EXPORT vtkGaussianSpla...'
VTK,../repos/VTK/Imaging/Hybrid/vtkGaussianSplatter.h,"(275, 3)-(275, 45)",b'~vtkGaussianSplatter() override = default;'
VTK,../repos/VTK/Imaging/Hybrid/vtkImageToPoints.h,"(25, 1)-(72, 2)",b'class VTKIMAGINGHYBRID_EXPORT vtkImageToPoint...'
VTK,../repos/VTK/Imaging/Hybrid/vtkShepardMethod.cxx,"(314, 1)-(451, 2)",b'int vtkShepardMethod::RequestData(vtkInformat...'
VTK,../repos/VTK/Imaging/Hybrid/vtkFastSplatter.h,"(36, 1)-(147, 2)",b'VTK_ABI_NAMESPACE_BEGIN\nclass VTKIMAGINGHYBRI...'
VTK,../repos/VTK/Imaging/Hybrid/vtkImageRectilinearWipe.h,"(49, 1)-(126, 2)",b'VTK_ABI_NAMESPACE_BEGIN\nclass VTKIMAGINGHYBRI...'
VTK,../repos/VTK/Imaging/Hybrid/vtkImageRectilinearWipe.h,"(113, 3)-(113, 49)",b'~vtkImageRectilinearWipe() override = default;'
VTK,../repos/VTK/Imaging/Hybrid/vtkSliceCubes.h,"(46, 1)-(104, 2)",b'class VTKIMAGINGHYBRID_EXPORT vtkSliceCubes :...'
VTK,../repos/VTK/Imaging/Hybrid/vtkTriangularTexture.h,"(25, 1)-(89, 2)",b'VTK_ABI_NAMESPACE_BEGIN\nclass VTKIMAGINGHYBRI...'
VTK,../repos/VTK/Imaging/Hybrid/vtkSurfaceReconstructionFilter.h,"(22, 1)-(71, 2)",b'VTK_ABI_NAMESPACE_BEGIN\nclass VTKIMAGINGHYBRI...'
VTK,../repos/VTK/Imaging/Hybrid/vtkSurfaceReconstructionFilter.h,"(58, 3)-(58, 56)",b'~vtkSurfaceReconstructionFilter() override = ...'
VTK,../repos/VTK/Imaging/Hybrid/vtkVoxelModeller.h,"(25, 1)-(134, 2)",b'VTK_ABI_NAMESPACE_BEGIN\nclass VTKIMAGINGHYBRI...'
VTK,../repos/VTK/Imaging/Hybrid/vtkVoxelModeller.h,"(113, 3)-(113, 42)",b'~vtkVoxelModeller() override = default;'
VTK,../repos/VTK/Imaging/Hybrid/vtkImageCursor3D.h,"(16, 1)-(63, 2)",b'VTK_ABI_NAMESPACE_BEGIN\nclass VTKIMAGINGHYBRI...'
VTK,../repos/VTK/Imaging/Hybrid/vtkImageCursor3D.h,"(51, 3)-(51, 42)",b'~vtkImageCursor3D() override = default;'
VTK,../repos/VTK/Imaging/General/vtkImageLaplacian.h,"(21, 1)-(51, 2)",b'VTK_ABI_NAMESPACE_BEGIN\nclass VTKIMAGINGGENER...'
VTK,../repos/VTK/Imaging/General/vtkImageSpatialAlgorithm.h,"(21, 1)-(60, 2)",b'VTK_ABI_NAMESPACE_BEGIN\nclass VTKIMAGINGGENER...'
VTK,../repos/VTK/Imaging/General/vtkImageSpatialAlgorithm.h,"(45, 3)-(45, 50)",b'~vtkImageSpatialAlgorithm() override = default;'
VTK,../repos/VTK/Imaging/General/vtkImageCheckerboard.h,"(20, 1)-(54, 2)",b'VTK_ABI_NAMESPACE_BEGIN\nclass VTKIMAGINGGENER...'
VTK,../repos/VTK/Imaging/General/vtkImageCheckerboard.h,"(44, 3)-(44, 46)",b'~vtkImageCheckerboard() override = default;'
VTK,../repos/VTK/Imaging/General/vtkImageNormalize.h,"(18, 1)-(37, 2)",b'VTK_ABI_NAMESPACE_BEGIN\nclass VTKIMAGINGGENER...'
VTK,../repos/VTK/Imaging/General/vtkImageNormalize.h,"(28, 3)-(28, 43)",b'~vtkImageNormalize() override = default;'
VTK,../repos/VTK/Imaging/General/vtkImageAnisotropicDiffusion3D.h,"(35, 1)-(125, 2)",b'VTK_ABI_NAMESPACE_BEGIN\nclass VTKIMAGINGGENER...'
VTK,../repos/VTK/Imaging/General/vtkImageAnisotropicDiffusion3D.h,"(104, 3)-(104, 56)",b'~vtkImageAnisotropicDiffusion3D() override = ...'
VTK,../repos/VTK/Imaging/General/vtkImageSlab.h,"(22, 1)-(125, 2)",b'VTK_ABI_NAMESPACE_BEGIN\nclass VTKIMAGINGGENER...'
VTK,../repos/VTK/Imaging/General/vtkImageHybridMedian2D.h,"(21, 1)-(40, 2)",b'VTK_ABI_NAMESPACE_BEGIN\nclass VTKIMAGINGGENER...'
VTK,../repos/VTK/Imaging/General/vtkImageHybridMedian2D.h,"(31, 3)-(31, 48)",b'~vtkImageHybridMedian2D() override = default;'
VTK,../repos/VTK/Imaging/General/vtkImageGradientMagnitude.h,"(22, 1)-(63, 2)",b'VTK_ABI_NAMESPACE_BEGIN\nclass VTKIMAGINGGENER...'
VTK,../repos/VTK/Imaging/General/vtkImageEuclideanToPolar.h,"(17, 1)-(46, 2)",b'VTK_ABI_NAMESPACE_BEGIN\nclass VTKIMAGINGGENER...'
VTK,../repos/VTK/Imaging/General/vtkImageEuclideanToPolar.h,"(37, 3)-(37, 50)",b'~vtkImageEuclideanToPolar() override = default;'
VTK,../repos/VTK/Imaging/General/vtkImageSeparableConvolution.h,"(26, 1)-(71, 2)",b'class VTKIMAGINGGENERAL_EXPORT vtkImageSepara...'
VTK,../repos/VTK/Imaging/General/vtkImageCityBlockDistance.h,"(26, 1)-(47, 2)",b'VTK_ABI_NAMESPACE_BEGIN\nclass VTKIMAGINGGENER...'
VTK,../repos/VTK/Imaging/General/vtkImageCityBlockDistance.h,"(36, 3)-(36, 51)",b'~vtkImageCityBlockDistance() override = default;'
VTK,../repos/VTK/Imaging/General/vtkImageVariance3D.h,"(24, 1)-(55, 2)",b'class VTKIMAGINGGENERAL_EXPORT vtkImageVarian...'
VTK,../repos/VTK/Imaging/General/vtkImageSobel3D.h,"(19, 1)-(40, 2)",b'VTK_ABI_NAMESPACE_BEGIN\nclass VTKIMAGINGGENER...'
VTK,../repos/VTK/Imaging/General/vtkImageSobel3D.h,"(29, 3)-(29, 41)",b'~vtkImageSobel3D() override = default;'
VTK,../repos/VTK/Imaging/General/vtkImageEuclideanDistance.h,"(42, 1)-(114, 2)",b'VTK_ABI_NAMESPACE_BEGIN\nclass VTKIMAGINGGENER...'
VTK,../repos/VTK/Imaging/General/vtkImageEuclideanDistance.h,"(98, 3)-(98, 51)",b'~vtkImageEuclideanDistance() override = default;'
VTK,../repos/VTK/Imaging/General/vtkImageGaussianSmooth.cxx,"(17, 1)-(26, 2)",b'vtkImageGaussianSmooth::vtkImageGaussianSmoot...'
VTK,../repos/VTK/Imaging/General/vtkImageSlabReslice.h,"(38, 1)-(107, 2)",b'VTK_ABI_NAMESPACE_BEGIN\nclass VTKIMAGINGGENER...'
VTK,../repos/VTK/Imaging/General/vtkImageSobel2D.h,"(18, 1)-(39, 2)",b'VTK_ABI_NAMESPACE_BEGIN\nclass VTKIMAGINGGENER...'
VTK,../repos/VTK/Imaging/General/vtkImageSobel2D.h,"(28, 3)-(28, 41)",b'~vtkImageSobel2D() override = default;'
VTK,../repos/VTK/Imaging/General/vtkImageGradient.h,"(20, 1)-(65, 2)",b'VTK_ABI_NAMESPACE_BEGIN\nclass VTKIMAGINGGENER...'
VTK,../repos/VTK/Imaging/General/vtkImageMedian3D.h,"(20, 1)-(54, 2)",b'VTK_ABI_NAMESPACE_BEGIN\nclass VTKIMAGINGGENER...'
VTK,../repos/VTK/Imaging/General/vtkImageSpatialAlgorithm.cxx,"(50, 1)-(63, 2)",b'int vtkImageSpatialAlgorithm::RequestInformat...'
VTK,../repos/VTK/Imaging/General/vtkImageRange3D.h,"(21, 1)-(51, 2)",b'class VTKIMAGINGGENERAL_EXPORT vtkImageRange3...'
VTK,../repos/VTK/Imaging/General/vtkImageConvolve.h,"(18, 1)-(100, 2)",b'VTK_ABI_NAMESPACE_BEGIN\nclass VTKIMAGINGGENER...'
VTK,../repos/VTK/Imaging/General/vtkImageAnisotropicDiffusion2D.h,"(33, 1)-(125, 2)",b'VTK_ABI_NAMESPACE_BEGIN\nclass VTKIMAGINGGENER...'
VTK,../repos/VTK/Imaging/General/vtkImageAnisotropicDiffusion2D.h,"(104, 3)-(104, 56)",b'~vtkImageAnisotropicDiffusion2D() override = ...'
VTK,../repos/VTK/Imaging/General/vtkImageCorrelation.h,"(21, 1)-(63, 2)",b'VTK_ABI_NAMESPACE_BEGIN\nclass VTKIMAGINGGENER...'
VTK,../repos/VTK/Imaging/General/vtkImageCorrelation.h,"(50, 3)-(50, 45)",b'~vtkImageCorrelation() override = default;'
VTK,../repos/VTK/Imaging/General/vtkImageGaussianSmooth.h,"(17, 1)-(89, 2)",b'VTK_ABI_NAMESPACE_BEGIN\nclass VTKIMAGINGGENER...'
VTK,../repos/VTK/Imaging/OpenGL2/vtkOpenGLImageGradient.cxx,"(62, 3)-(69, 4)",b'void InitializeShaderUniforms(vtkShaderProgra...'
VTK,../repos/VTK/Imaging/OpenGL2/vtkOpenGLImageGradient.cxx,"(72, 3)-(72, 92)",b'void UpdateShaderUniforms(vtkShaderProgram* /...'
VTK,../repos/VTK/Imaging/OpenGL2/vtkOpenGLImageGradient.cxx,"(76, 3)-(76, 45)",b'~vtkOpenGLGradientCB() override = default;'
VTK,../repos/VTK/Imaging/OpenGL2/vtkOpenGLImageGradient.h,"(18, 1)-(43, 2)",b'class VTKIMAGINGOPENGL2_EXPORT vtkOpenGLImage...'
VTK,../repos/VTK/Imaging/Stencil/vtkImageStencil.h,"(20, 1)-(97, 2)",b'class VTKIMAGINGSTENCIL_EXPORT vtkImageStenci...'
VTK,../repos/VTK/Imaging/Stencil/vtkImageStencilToImage.h,"(22, 1)-(81, 2)",b'VTK_ABI_NAMESPACE_BEGIN\nclass VTKIMAGINGSTENC...'
VTK,../repos/VTK/Imaging/Stencil/vtkROIStencilSource.h,"(23, 1)-(76, 2)",b'VTK_ABI_NAMESPACE_BEGIN\nclass VTKIMAGINGSTENC...'
VTK,../repos/VTK/Imaging/Stencil/vtkImplicitFunctionToImageStencil.h,"(23, 1)-(63, 2)",b'class VTKIMAGINGSTENCIL_EXPORT vtkImplicitFun...'
VTK,../repos/VTK/Imaging/Stencil/vtkImageToImageStencil.h,"(23, 1)-(79, 2)",b'class VTKIMAGINGSTENCIL_EXPORT vtkImageToImag...'
VTK,../repos/VTK/Imaging/Math/vtkImageMaskBits.h,"(19, 1)-(69, 2)",b'VTK_ABI_NAMESPACE_BEGIN\nclass VTKIMAGINGMATH_...'
VTK,../repos/VTK/Imaging/Math/vtkImageMaskBits.h,"(59, 3)-(59, 42)",b'~vtkImageMaskBits() override = default;'
VTK,../repos/VTK/Imaging/Math/vtkImageMagnitude.h,"(16, 1)-(35, 2)",b'VTK_ABI_NAMESPACE_BEGIN\nclass VTKIMAGINGMATH_...'
VTK,../repos/VTK/Imaging/Math/vtkImageMagnitude.h,"(26, 3)-(26, 43)",b'~vtkImageMagnitude() override = default;'
VTK,../repos/VTK/Imaging/Math/vtkImageDivergence.h,"(21, 1)-(40, 2)",b'VTK_ABI_NAMESPACE_BEGIN\nclass VTKIMAGINGMATH_...'
VTK,../repos/VTK/Imaging/Math/vtkImageDivergence.h,"(31, 3)-(31, 44)",b'~vtkImageDivergence() override = default;'
VTK,../repos/VTK/Imaging/Math/vtkImageMathematics.h,"(42, 1)-(266, 2)",b'VTK_ABI_NAMESPACE_BEGIN\nclass VTKIMAGINGMATH_...'
VTK,../repos/VTK/Imaging/Math/vtkImageMathematics.h,"(205, 3)-(208, 4)",b'void SetInputConnection(vtkAlgorithmOutput* i...'
VTK,../repos/VTK/Imaging/Math/vtkImageMathematics.h,"(248, 3)-(248, 45)",b'~vtkImageMathematics() override = default;'
VTK,../repos/VTK/Imaging/Math/vtkImageWeightedSum.h,"(24, 1)-(83, 2)",b'class VTKIMAGINGMATH_EXPORT vtkImageWeightedS...'
VTK,../repos/VTK/Imaging/Math/vtkImageLogarithmicScale.h,"(18, 1)-(45, 2)",b'VTK_ABI_NAMESPACE_BEGIN\nclass VTKIMAGINGMATH_...'
VTK,../repos/VTK/Imaging/Math/vtkImageLogarithmicScale.h,"(36, 3)-(36, 50)",b'~vtkImageLogarithmicScale() override = default;'
VTK,../repos/VTK/Imaging/Math/vtkImageLogic.h,"(27, 1)-(82, 2)",b'VTK_ABI_NAMESPACE_BEGIN\nclass VTKIMAGINGMATH_...'
VTK,../repos/VTK/Imaging/Math/vtkImageLogic.h,"(69, 3)-(69, 39)",b'~vtkImageLogic() override = default;'
VTK,../repos/VTK/Imaging/Math/vtkImageDotProduct.h,"(17, 1)-(44, 2)",b'VTK_ABI_NAMESPACE_BEGIN\nclass VTKIMAGINGMATH_...'
VTK,../repos/VTK/Imaging/Math/vtkImageDotProduct.h,"(33, 3)-(33, 44)",b'~vtkImageDotProduct() override = default;'
VTK,../repos/VTK/Imaging/Color/vtkImageYIQToRGB.h,"(19, 1)-(42, 2)",b'VTK_ABI_NAMESPACE_BEGIN\nclass VTKIMAGINGCOLOR...'
VTK,../repos/VTK/Imaging/Color/vtkImageYIQToRGB.h,"(33, 3)-(33, 42)",b'~vtkImageYIQToRGB() override = default;'
VTK,../repos/VTK/Imaging/Color/vtkImageQuantizeRGBToIndex.cxx,"(470, 1)-(566, 2)",b'void vtkColorQuantizeNode::ComputeStdDev()\n{\n...'
VTK,../repos/VTK/Imaging/Color/vtkImageMapToWindowLevelColors.h,"(36, 1)-(81, 2)",b'VTK_ABI_NAMESPACE_BEGIN\nclass VTKIMAGINGCOLOR...'
VTK,../repos/VTK/Imaging/Color/vtkImageRGBToYIQ.h,"(19, 1)-(42, 2)",b'VTK_ABI_NAMESPACE_BEGIN\nclass VTKIMAGINGCOLOR...'
VTK,../repos/VTK/Imaging/Color/vtkImageRGBToYIQ.h,"(33, 3)-(33, 42)",b'~vtkImageRGBToYIQ() override = default;'
VTK,../repos/VTK/Imaging/Color/vtkImageHSIToRGB.h,"(21, 1)-(52, 2)",b'VTK_ABI_NAMESPACE_BEGIN\nclass VTKIMAGINGCOLOR...'
VTK,../repos/VTK/Imaging/Color/vtkImageHSIToRGB.h,"(43, 3)-(43, 42)",b'~vtkImageHSIToRGB() override = default;'
VTK,../repos/VTK/Imaging/Color/vtkImageLuminance.h,"(16, 1)-(35, 2)",b'VTK_ABI_NAMESPACE_BEGIN\nclass VTKIMAGINGCOLOR...'
VTK,../repos/VTK/Imaging/Color/vtkImageLuminance.h,"(26, 3)-(26, 43)",b'~vtkImageLuminance() override = default;'
VTK,../repos/VTK/Imaging/Color/vtkImageRGBToHSI.h,"(18, 1)-(47, 2)",b'VTK_ABI_NAMESPACE_BEGIN\nclass VTKIMAGINGCOLOR...'
VTK,../repos/VTK/Imaging/Color/vtkImageRGBToHSI.h,"(38, 3)-(38, 42)",b'~vtkImageRGBToHSI() override = default;'
VTK,../repos/VTK/Imaging/Color/vtkImageRGBToHSV.h,"(18, 1)-(43, 2)",b'VTK_ABI_NAMESPACE_BEGIN\nclass VTKIMAGINGCOLOR...'
VTK,../repos/VTK/Imaging/Color/vtkImageRGBToHSV.h,"(34, 3)-(34, 42)",b'~vtkImageRGBToHSV() override = default;'
VTK,../repos/VTK/Imaging/Color/vtkImageHSVToRGB.h,"(21, 1)-(52, 2)",b'VTK_ABI_NAMESPACE_BEGIN\nclass VTKIMAGINGCOLOR...'
VTK,../repos/VTK/Imaging/Color/vtkImageHSVToRGB.h,"(43, 3)-(43, 42)",b'~vtkImageHSVToRGB() override = default;'
VTK,../repos/VTK/Imaging/Color/vtkImageMapToRGBA.h,"(20, 1)-(35, 2)",b'VTK_ABI_NAMESPACE_BEGIN\nclass VTKIMAGINGCOLOR...'
VTK,../repos/VTK/Imaging/Color/vtkImageMapToRGBA.h,"(30, 3)-(30, 43)",b'~vtkImageMapToRGBA() override = default;'
VTK,../repos/VTK/Imaging/Sources/vtkImageMandelbrotSource.h,"(24, 1)-(161, 2)",b'VTK_ABI_NAMESPACE_BEGIN\nclass VTKIMAGINGSOURC...'
VTK,../repos/VTK/Imaging/Sources/vtkImageNoiseSource.h,"(21, 1)-(64, 2)",b'VTK_ABI_NAMESPACE_BEGIN\nclass VTKIMAGINGSOURC...'
VTK,../repos/VTK/Imaging/Sources/vtkImageNoiseSource.h,"(52, 3)-(52, 45)",b'~vtkImageNoiseSource() override = default;'
VTK,../repos/VTK/Imaging/Sources/vtkImageEllipsoidSource.h,"(18, 1)-(104, 2)",b'VTK_ABI_NAMESPACE_BEGIN\nclass VTKIMAGINGSOURC...'
VTK,../repos/VTK/Imaging/Sources/vtkImageCanvasSource2D.h,"(18, 1)-(179, 2)",b'VTK_ABI_NAMESPACE_BEGIN\nclass VTKIMAGINGSOURC...'
VTK,../repos/VTK/Imaging/Sources/vtkImageGridSource.h,"(17, 1)-(123, 2)",b'VTK_ABI_NAMESPACE_BEGIN\nclass VTKIMAGINGSOURC...'
VTK,../repos/VTK/Imaging/Sources/vtkImageGridSource.h,"(103, 3)-(103, 44)",b'~vtkImageGridSource() override = default;'
VTK,../repos/VTK/Imaging/Sources/vtkImageSinusoidSource.h,"(17, 1)-(80, 2)",b'VTK_ABI_NAMESPACE_BEGIN\nclass VTKIMAGINGSOURC...'
VTK,../repos/VTK/Imaging/Sources/vtkImageSinusoidSource.h,"(66, 3)-(66, 48)",b'~vtkImageSinusoidSource() override = default;'
VTK,../repos/VTK/Imaging/Sources/vtkImageGaussianSource.h,"(17, 1)-(69, 2)",b'VTK_ABI_NAMESPACE_BEGIN\nclass VTKIMAGINGSOURC...'
VTK,../repos/VTK/Imaging/Sources/vtkImageGaussianSource.h,"(56, 3)-(56, 48)",b'~vtkImageGaussianSource() override = default;'
VTK,../repos/VTK/Imaging/Statistics/vtkImageHistogram.h,"(31, 1)-(228, 2)",b'class VTKIMAGINGSTATISTICS_EXPORT vtkImageHis...'
VTK,../repos/VTK/Imaging/Statistics/vtkImageAccumulate.h,"(34, 1)-(153, 2)",b'class VTKIMAGINGSTATISTICS_EXPORT vtkImageAcc...'
VTK,../repos/VTK/Imaging/Statistics/vtkImageHistogramStatistics.h,"(30, 1)-(124, 2)",b'class VTKIMAGINGSTATISTICS_EXPORT vtkImageHis...'
VTK,../repos/VTK/Imaging/Core/vtkImageDecomposeFilter.h,"(20, 1)-(59, 2)",b'VTK_ABI_NAMESPACE_BEGIN\nclass VTKIMAGINGCORE_...'
VTK,../repos/VTK/Imaging/Core/vtkImageDecomposeFilter.h,"(52, 3)-(52, 49)",b'~vtkImageDecomposeFilter() override = default;'
VTK,../repos/VTK/Imaging/Core/vtkImageReslice.h,"(57, 1)-(600, 2)",b'class VTKIMAGINGCORE_EXPORT vtkImageReslice :...'
VTK,../repos/VTK/Imaging/Core/vtkImageBSplineInterpolator.h,"(37, 1)-(142, 2)",b'class VTKIMAGINGCORE_EXPORT vtkImageBSplineIn...'
VTK,../repos/VTK/Imaging/Core/vtkImageMagnify.h,"(20, 1)-(65, 2)",b'VTK_ABI_NAMESPACE_BEGIN\nclass VTKIMAGINGCORE_...'
VTK,../repos/VTK/Imaging/Core/vtkImageMagnify.h,"(49, 3)-(49, 41)",b'~vtkImageMagnify() override = default;'
VTK,../repos/VTK/Imaging/Core/vtkImageThreshold.h,"(18, 1)-(124, 2)",b'VTK_ABI_NAMESPACE_BEGIN\nclass VTKIMAGINGCORE_...'
VTK,../repos/VTK/Imaging/Core/vtkImageThreshold.h,"(104, 3)-(104, 43)",b'~vtkImageThreshold() override = default;'
VTK,../repos/VTK/Imaging/Core/vtkImageSincInterpolator.h,"(42, 1)-(245, 2)",b'class VTKIMAGINGCORE_EXPORT vtkImageSincInter...'
VTK,../repos/VTK/Imaging/Core/vtkImageWrapPad.h,"(23, 1)-(42, 2)",b'class VTKIMAGINGCORE_EXPORT vtkImageWrapPad :...'
VTK,../repos/VTK/Imaging/Core/vtkImageWrapPad.h,"(32, 3)-(32, 41)",b'~vtkImageWrapPad() override = default;'
VTK,../repos/VTK/Imaging/Core/vtkImageCacheFilter.cxx,"(65, 1)-(68, 2)",b'void vtkImageCacheFilter::ExecuteData(vtkData...'
VTK,../repos/VTK/Imaging/Core/vtkImageDifference.h,"(28, 1)-(139, 2)",b'class VTKIMAGINGCORE_EXPORT vtkImageDifferenc...'
VTK,../repos/VTK/Imaging/Core/vtkImageDifference.h,"(102, 3)-(102, 44)",b'~vtkImageDifference() override = default;'
VTK,../repos/VTK/Imaging/Core/vtkImagePermute.h,"(20, 1)-(47, 2)",b'VTK_ABI_NAMESPACE_BEGIN\nclass VTKIMAGINGCORE_...'
VTK,../repos/VTK/Imaging/Core/vtkImagePermute.h,"(40, 3)-(40, 41)",b'~vtkImagePermute() override = default;'
VTK,../repos/VTK/Imaging/Core/vtkRTAnalyticSource.h,"(18, 1)-(148, 2)",b'VTK_ABI_NAMESPACE_BEGIN\nclass VTKIMAGINGCORE_...'
VTK,../repos/VTK/Imaging/Core/vtkRTAnalyticSource.h,"(127, 3)-(127, 45)",b'~vtkRTAnalyticSource() override = default;'
VTK,../repos/VTK/Imaging/Core/vtkImageProbeFilter.h,"(36, 1)-(114, 2)",b'class VTKIMAGINGCORE_EXPORT vtkImageProbeFilt...'
VTK,../repos/VTK/Imaging/Core/vtkImageStencilSource.h,"(30, 1)-(100, 2)",b'class VTKIMAGINGCORE_EXPORT vtkImageStencilSo...'
VTK,../repos/VTK/Imaging/Core/vtkImageResliceToColors.h,"(28, 1)-(93, 2)",b'class VTKIMAGINGCORE_EXPORT vtkImageResliceTo...'
VTK,../repos/VTK/Imaging/Core/vtkImagePadFilter.h,"(19, 1)-(60, 2)",b'VTK_ABI_NAMESPACE_BEGIN\nclass VTKIMAGINGCORE_...'
VTK,../repos/VTK/Imaging/Core/vtkImagePadFilter.h,"(47, 3)-(47, 43)",b'~vtkImagePadFilter() override = default;'
VTK,../repos/VTK/Imaging/Core/vtkImageIterateFilter.h,"(21, 1)-(70, 2)",b'VTK_ABI_NAMESPACE_BEGIN\nclass VTKIMAGINGCORE_...'
VTK,../repos/VTK/Imaging/Core/vtkImageBlend.h,"(76, 1)-(201, 2)",b'class VTKIMAGINGCORE_EXPORT vtkImageBlend : p...'
VTK,../repos/VTK/Imaging/Core/vtkImageDataStreamer.h,"(21, 1)-(61, 2)",b'class VTKIMAGINGCORE_EXPORT vtkImageDataStrea...'
VTK,../repos/VTK/Imaging/Core/vtkImageClip.h,"(25, 1)-(76, 2)",b'VTK_ABI_NAMESPACE_BEGIN\nclass VTKIMAGINGCORE_...'
VTK,../repos/VTK/Imaging/Core/vtkImageClip.h,"(58, 3)-(58, 38)",b'~vtkImageClip() override = default;'
VTK,../repos/VTK/Imaging/Core/vtkImageMapToColors.h,"(26, 1)-(111, 2)",b'class VTKIMAGINGCORE_EXPORT vtkImageMapToColo...'
VTK,../repos/VTK/Imaging/Core/vtkImageBSplineCoefficients.h,"(40, 1)-(146, 2)",b'VTK_ABI_NAMESPACE_BEGIN\nclass VTKIMAGINGCORE_...'
VTK,../repos/VTK/Imaging/Core/Testing/Cxx/ImagePassInformation.cxx,"(44, 3)-(44, 51)",b'~vtkImageInformationSource() override = default;'
VTK,../repos/VTK/Imaging/Core/vtkImageExtractComponents.h,"(20, 1)-(60, 2)",b'VTK_ABI_NAMESPACE_BEGIN\nclass VTKIMAGINGCORE_...'
VTK,../repos/VTK/Imaging/Core/vtkImageExtractComponents.h,"(48, 3)-(48, 51)",b'~vtkImageExtractComponents() override = default;'
VTK,../repos/VTK/Imaging/Core/vtkImageCacheFilter.h,"(23, 1)-(50, 2)",b'class VTKIMAGINGCORE_EXPORT vtkImageCacheFilt...'
VTK,../repos/VTK/Imaging/Core/vtkImageInterpolator.h,"(22, 1)-(117, 2)",b'VTK_ABI_NAMESPACE_BEGIN\nclass VTKIMAGINGCORE_...'
VTK,../repos/VTK/Imaging/Core/vtkImageShiftScale.h,"(19, 1)-(93, 2)",b'VTK_ABI_NAMESPACE_BEGIN\nclass VTKIMAGINGCORE_...'
VTK,../repos/VTK/Imaging/Core/vtkImageResize.h,"(28, 1)-(175, 2)",b'class VTKIMAGINGCORE_EXPORT vtkImageResize : ...'
VTK,../repos/VTK/Imaging/Core/vtkImageCast.h,"(27, 1)-(80, 2)",b'VTK_ABI_NAMESPACE_BEGIN\nclass VTKIMAGINGCORE_...'
VTK,../repos/VTK/Imaging/Core/vtkImageCast.h,"(69, 3)-(69, 38)",b'~vtkImageCast() override = default;'
VTK,../repos/VTK/Imaging/Core/vtkImageBSplineCoefficients.cxx,"(52, 1)-(148, 2)",b'int vtkImageBSplineCoefficients::RequestData(...'
VTK,../repos/VTK/Imaging/Core/vtkImageFlip.h,"(17, 1)-(88, 2)",b'VTK_ABI_NAMESPACE_BEGIN\nclass VTKIMAGINGCORE_...'
VTK,../repos/VTK/Imaging/Core/vtkImageFlip.h,"(77, 3)-(77, 38)",b'~vtkImageFlip() override = default;'
VTK,../repos/VTK/Imaging/Core/vtkImageConstantPad.h,"(21, 1)-(51, 2)",b'VTK_ABI_NAMESPACE_BEGIN\nclass VTKIMAGINGCORE_...'
VTK,../repos/VTK/Imaging/Core/vtkImageConstantPad.h,"(40, 3)-(40, 45)",b'~vtkImageConstantPad() override = default;'
VTK,../repos/VTK/Imaging/Core/vtkImageResample.h,"(19, 1)-(83, 2)",b'VTK_ABI_NAMESPACE_BEGIN\nclass VTKIMAGINGCORE_...'
VTK,../repos/VTK/Imaging/Core/vtkImageResample.h,"(33, 3)-(36, 4)",b'void SetOutputSpacing(const double spacing[3]...'
VTK,../repos/VTK/Imaging/Core/vtkImageResample.h,"(73, 3)-(73, 42)",b'~vtkImageResample() override = default;'
VTK,../repos/VTK/Imaging/Core/vtkImageMask.h,"(24, 1)-(112, 2)",b'VTK_ABI_NAMESPACE_BEGIN\nclass VTKIMAGINGCORE_...'
VTK,../repos/VTK/Imaging/Core/vtkImageResize.cxx,"(444, 1)-(538, 2)","b'void vtkImageResizeFilter2D(const T* inPtr, U...'"
VTK,../repos/VTK/Imaging/Core/vtkImageResize.cxx,"(546, 1)-(801, 2)","b'void vtkImageResizeFilter3D(const T* inPtr, T...'"
VTK,../repos/VTK/Imaging/Core/vtkImageStencilData.h,"(21, 1)-(227, 2)",b'VTK_ABI_NAMESPACE_BEGIN\nclass VTKIMAGINGCORE_...'
VTK,../repos/VTK/Imaging/Core/vtkImageStencilData.h,"(37, 3)-(37, 70)",b'int GetDataObjectType() override { return VTK...'
VTK,../repos/VTK/Imaging/Core/vtkImageStencilData.h,"(42, 3)-(42, 57)",b'int GetExtentType() override { return VTK_3D_...'
VTK,../repos/VTK/Imaging/Core/vtkImageTranslateExtent.h,"(17, 1)-(47, 2)",b'VTK_ABI_NAMESPACE_BEGIN\nclass VTKIMAGINGCORE_...'
VTK,../repos/VTK/Imaging/Core/vtkImageTranslateExtent.h,"(35, 3)-(35, 49)",b'~vtkImageTranslateExtent() override = default;'
VTK,../repos/VTK/Imaging/Core/vtkGenericImageInterpolator.h,"(22, 1)-(64, 2)",b'VTK_ABI_NAMESPACE_BEGIN\nclass VTKIMAGINGCORE_...'
VTK,../repos/VTK/Imaging/Core/vtkImageStencilAlgorithm.h,"(24, 1)-(60, 2)",b'class VTKIMAGINGCORE_EXPORT vtkImageStencilAl...'
VTK,../repos/VTK/Imaging/Core/vtkImageAppendComponents.h,"(20, 1)-(79, 2)",b'VTK_ABI_NAMESPACE_BEGIN\nclass VTKIMAGINGCORE_...'
VTK,../repos/VTK/Imaging/Core/vtkImageAppendComponents.h,"(65, 3)-(65, 50)",b'~vtkImageAppendComponents() override = default;'
VTK,../repos/VTK/Imaging/Core/vtkExtractVOI.h,"(37, 1)-(109, 2)",b'class VTKIMAGINGCORE_EXPORT vtkExtractVOI : p...'
VTK,../repos/VTK/Imaging/Core/vtkImageReslice.cxx,"(586, 1)-(764, 2)",b'int vtkImageReslice::RequestUpdateExtent(vtkI...'
VTK,../repos/VTK/Imaging/Core/vtkImageReslice.cxx,"(1949, 1)-(2346, 2)",b'void vtkImageResliceExecute(vtkImageReslice* ...'
VTK,../repos/VTK/Imaging/Core/vtkImageMirrorPad.h,"(17, 1)-(37, 2)",b'VTK_ABI_NAMESPACE_BEGIN\nclass VTKIMAGINGCORE_...'
VTK,../repos/VTK/Imaging/Core/vtkImageMirrorPad.h,"(27, 3)-(27, 43)",b'~vtkImageMirrorPad() override = default;'
VTK,../repos/VTK/Imaging/Core/vtkImageShrink3D.h,"(17, 1)-(93, 2)",b'VTK_ABI_NAMESPACE_BEGIN\nclass VTKIMAGINGCORE_...'
VTK,../repos/VTK/Imaging/Core/vtkImageShrink3D.h,"(72, 3)-(72, 42)",b'~vtkImageShrink3D() override = default;'
