Repo name,File name,Location,Content
VTK,../repos/VTK/Geovis/GDAL/vtkGDALRasterConverter.h,"(115, 8)-(115, 48)",b'operator=(const vtkGDALRasterConverter&) = delete'
VTK,../repos/VTK/Geovis/GDAL/vtkGDALRasterReprojection.h,"(77, 8)-(77, 51)",b'operator=(const vtkGDALRasterReprojection&) =...'
VTK,../repos/VTK/Geovis/GDAL/vtkGDALRasterConverter.cxx,"(226, 8)-(226, 56)","b'void operator()(ArrayT* array, GDALDataset* g...'"
VTK,../repos/VTK/Geovis/Core/vtkGeoProjection.h,"(156, 8)-(156, 42)",b'operator=(const vtkGeoProjection&) = delete'
VTK,../repos/VTK/Geovis/Core/vtkGeoTransform.h,"(137, 8)-(137, 41)",b'operator=(const vtkGeoTransform&) = delete'
VTK,../repos/VTK/Rendering/Core/vtkGPUInfoList.h,"(73, 8)-(73, 40)",b'operator=(const vtkGPUInfoList&) = delete'
VTK,../repos/VTK/Rendering/Core/vtkBackgroundColorMonitor.h,"(62, 8)-(62, 51)",b'operator=(const vtkBackgroundColorMonitor&) =...'
VTK,../repos/VTK/Rendering/Core/vtkLookupTableWithEnabling.h,"(69, 8)-(69, 52)",b'operator=(const vtkLookupTableWithEnabling&) ...'
VTK,../repos/VTK/Rendering/Core/vtkImageActor.h,"(179, 8)-(179, 39)",b'operator=(const vtkImageActor&) = delete'
VTK,../repos/VTK/Rendering/Core/vtkActor.h,"(230, 8)-(230, 34)",b'operator=(const vtkActor&) = delete'
VTK,../repos/VTK/Rendering/Core/vtkWindowToImageFilter.h,"(198, 8)-(198, 48)",b'operator=(const vtkWindowToImageFilter&) = delete'
VTK,../repos/VTK/Rendering/Core/vtkActorCollection.h,"(81, 8)-(81, 44)",b'void operator=(const vtkActorCollection&) = d...'
VTK,../repos/VTK/Rendering/Core/vtkInteractorStyle3D.h,"(121, 8)-(121, 46)",b'operator=(const vtkInteractorStyle3D&) = delete'
VTK,../repos/VTK/Rendering/Core/vtkVolumeProperty.h,"(582, 8)-(582, 43)",b'operator=(const vtkVolumeProperty&) = delete'
VTK,../repos/VTK/Rendering/Core/vtkPickingManager.h,"(169, 8)-(169, 43)",b'operator=(const vtkPickingManager&) = delete'
VTK,../repos/VTK/Rendering/Core/vtkFXAAOptions.h,"(183, 8)-(183, 40)",b'operator=(const vtkFXAAOptions&) = delete'
VTK,../repos/VTK/Rendering/Core/vtkCompositeCellGridMapper.h,"(166, 8)-(166, 52)",b'operator=(const vtkCompositeCellGridMapper&) ...'
VTK,../repos/VTK/Rendering/Core/vtkColorTransferFunction.cxx,"(37, 8)-(37, 68)","b'bool operator()(const vtkCTFNode* node1, cons...'"
VTK,../repos/VTK/Rendering/Core/vtkColorTransferFunction.cxx,"(44, 8)-(44, 42)",b'bool operator()(const vtkCTFNode* node) { ret...'
VTK,../repos/VTK/Rendering/Core/vtkColorTransferFunction.cxx,"(52, 8)-(52, 42)",b'bool operator()(const vtkCTFNode* node) { ret...'
VTK,../repos/VTK/Rendering/Core/vtkColorTransferFunction.cxx,"(60, 8)-(60, 42)",b'bool operator()(const vtkCTFNode* node) { ret...'
VTK,../repos/VTK/Rendering/Core/vtkRenderPass.h,"(126, 8)-(126, 39)",b'operator=(const vtkRenderPass&) = delete'
VTK,../repos/VTK/Rendering/Core/vtkGraphToGlyphs.h,"(129, 8)-(129, 42)",b'operator=(const vtkGraphToGlyphs&) = delete'
VTK,../repos/VTK/Rendering/Core/vtkRendererCollection.h,"(70, 8)-(70, 47)",b'operator=(const vtkRendererCollection&) = del...'
VTK,../repos/VTK/Rendering/Core/vtkAreaPicker.h,"(152, 8)-(152, 39)",b'operator=(const vtkAreaPicker&) = delete'
VTK,../repos/VTK/Rendering/Core/vtkRenderWindowInteractor.h,"(977, 8)-(977, 51)",b'operator=(const vtkRenderWindowInteractor&) =...'
VTK,../repos/VTK/Rendering/Core/vtkDistanceToCamera.h,"(90, 8)-(90, 45)",b'operator=(const vtkDistanceToCamera&) = delete'
VTK,../repos/VTK/Rendering/Core/vtkInteractorStyleSwitchBase.h,"(38, 8)-(38, 54)",b'operator=(const vtkInteractorStyleSwitchBase&...'
VTK,../repos/VTK/Rendering/Core/vtkCellCenterDepthSort.h,"(59, 8)-(59, 48)",b'operator=(const vtkCellCenterDepthSort&) = delete'
VTK,../repos/VTK/Rendering/Core/vtkHardwareWindow.h,"(46, 8)-(46, 43)",b'operator=(const vtkHardwareWindow&) = delete'
VTK,../repos/VTK/Rendering/Core/vtkGraphicsFactory.h,"(61, 8)-(61, 44)",b'operator=(const vtkGraphicsFactory&) = delete'
VTK,../repos/VTK/Rendering/Core/vtkRenderer.h,"(1190, 8)-(1190, 37)",b'operator=(const vtkRenderer&) = delete'
VTK,../repos/VTK/Rendering/Core/vtkCompositePolyDataMapperDelegator.h,"(142, 8)-(142, 61)",b'operator=(const vtkCompositePolyDataMapperDel...'
VTK,../repos/VTK/Rendering/Core/vtkLogLookupTable.h,"(35, 8)-(35, 43)",b'operator=(const vtkLogLookupTable&) = delete'
VTK,../repos/VTK/Rendering/Core/vtkCuller.h,"(43, 8)-(43, 35)",b'operator=(const vtkCuller&) = delete'
VTK,../repos/VTK/Rendering/Core/vtkWorldPointPicker.h,"(51, 8)-(51, 45)",b'operator=(const vtkWorldPointPicker&) = delete'
VTK,../repos/VTK/Rendering/Core/vtkTransformCoordinateSystems.h,"(98, 8)-(98, 55)",b'operator=(const vtkTransformCoordinateSystems...'
VTK,../repos/VTK/Rendering/Core/vtkTDxInteractorStyle.h,"(83, 8)-(83, 47)",b'operator=(const vtkTDxInteractorStyle&) = delete'
VTK,../repos/VTK/Rendering/Core/vtkCameraInterpolator.h,"(225, 8)-(225, 47)",b'operator=(const vtkCameraInterpolator&) = delete'
VTK,../repos/VTK/Rendering/Core/vtkTextMapper.h,"(124, 8)-(124, 39)",b'operator=(const vtkTextMapper&) = delete'
VTK,../repos/VTK/Rendering/Core/vtkImageMapper3D.h,"(270, 8)-(270, 42)",b'operator=(const vtkImageMapper3D&) = delete'
VTK,../repos/VTK/Rendering/Core/vtkCoordinate.h,"(183, 8)-(183, 39)",b'operator=(const vtkCoordinate&) = delete'
VTK,../repos/VTK/Rendering/Core/vtkAbstractRenderDevice.h,"(58, 8)-(58, 49)",b'operator=(const vtkAbstractRenderDevice&) = delete'
VTK,../repos/VTK/Rendering/Core/vtkHardwareSelector.h,"(512, 8)-(512, 45)",b'operator=(const vtkHardwareSelector&) = delete'
VTK,../repos/VTK/Rendering/Core/vtkGlyph3DMapper.h,"(487, 8)-(487, 42)",b'operator=(const vtkGlyph3DMapper&) = delete'
VTK,../repos/VTK/Rendering/Core/vtkVisibilitySort.h,"(140, 8)-(140, 43)",b'operator=(const vtkVisibilitySort&) = delete'
VTK,../repos/VTK/Rendering/Core/vtkRendererDelegate.h,"(55, 8)-(55, 45)",b'operator=(const vtkRendererDelegate&) = delete'
VTK,../repos/VTK/Rendering/Core/vtkPointGaussianMapper.h,"(226, 8)-(226, 48)",b'operator=(const vtkPointGaussianMapper&) = delete'
VTK,../repos/VTK/Rendering/Core/vtkAbstractVolumeMapper.h,"(140, 8)-(140, 49)",b'operator=(const vtkAbstractVolumeMapper&) = delete'
VTK,../repos/VTK/Rendering/Core/vtkInteractorEventRecorder.h,"(170, 8)-(170, 52)",b'operator=(const vtkInteractorEventRecorder&) ...'
VTK,../repos/VTK/Rendering/Core/vtkRenderWindow.h,"(777, 8)-(777, 41)",b'operator=(const vtkRenderWindow&) = delete;\n\n...'
VTK,../repos/VTK/Rendering/Core/vtkMapperCollection.h,"(67, 8)-(67, 45)",b'operator=(const vtkMapperCollection&) = delet...'
VTK,../repos/VTK/Rendering/Core/vtkBillboardTextActor3D.h,"(163, 8)-(163, 49)",b'operator=(const vtkBillboardTextActor3D&) = delete'
VTK,../repos/VTK/Rendering/Core/vtkRenderTimerLog.h,"(133, 24)-(133, 69)",b'& operator=(ScopedEventLogger&& other) noexcept'
VTK,../repos/VTK/Rendering/Core/vtkRenderTimerLog.h,"(218, 8)-(218, 43)",b'operator=(const vtkRenderTimerLog&) = delete;...'
VTK,../repos/VTK/Rendering/Core/vtkPropCollection.h,"(72, 8)-(72, 43)",b'void operator=(const vtkPropCollection&) = de...'
VTK,../repos/VTK/Rendering/Core/vtkStateStorage.h,"(67, 8)-(67, 50)",b'bool operator!=(const vtkStateStorage& b) con...'
VTK,../repos/VTK/Rendering/Core/vtkStateStorage.h,"(92, 20)-(92, 55)",b'& operator=(const vtkStateStorage& b)'
VTK,../repos/VTK/Rendering/Core/vtkStateStorage.h,"(135, 8)-(135, 50)",b'bool operator!=(const vtkStateStorage& b) con...'
VTK,../repos/VTK/Rendering/Core/vtkStateStorage.h,"(137, 20)-(137, 55)",b'& operator=(const vtkStateStorage& b)'
VTK,../repos/VTK/Rendering/Core/vtkViewport.h,"(498, 8)-(498, 37)",b'operator=(const vtkViewport&) = delete'
VTK,../repos/VTK/Rendering/Core/vtkProperty2D.h,"(132, 8)-(132, 39)",b'operator=(const vtkProperty2D&) = delete'
VTK,../repos/VTK/Rendering/Core/vtkAbstractInteractionDevice.h,"(57, 8)-(57, 54)",b'operator=(const vtkAbstractInteractionDevice&...'
VTK,../repos/VTK/Rendering/Core/vtkStringToImage.h,"(76, 8)-(76, 42)",b'operator=(const vtkStringToImage&) = delete'
VTK,../repos/VTK/Rendering/Core/vtkDiscretizableColorTransferFunction.h,"(262, 8)-(262, 63)",b'operator=(const vtkDiscretizableColorTransfer...'
VTK,../repos/VTK/Rendering/Core/vtkRenderedAreaPicker.h,"(49, 8)-(49, 47)",b'operator=(const vtkRenderedAreaPicker&) = delete'
VTK,../repos/VTK/Rendering/Core/vtkCellGridMapper.h,"(104, 8)-(104, 43)",b'operator=(const vtkCellGridMapper&) = delete'
VTK,../repos/VTK/Rendering/Core/vtkTDxInteractorStyleSettings.h,"(123, 8)-(123, 55)",b'operator=(const vtkTDxInteractorStyleSettings...'
VTK,../repos/VTK/Rendering/Core/vtkSkybox.h,"(83, 8)-(83, 35)",b'operator=(const vtkSkybox&) = delete'
VTK,../repos/VTK/Rendering/Core/vtkCullerCollection.h,"(63, 8)-(63, 45)",b'void operator=(const vtkCullerCollection&) = ...'
VTK,../repos/VTK/Rendering/Core/vtkFollower.h,"(88, 8)-(88, 37)",b'operator=(const vtkFollower&) = delete'
VTK,../repos/VTK/Rendering/Core/vtkViewDependentErrorMetric.h,"(131, 8)-(131, 53)",b'operator=(const vtkViewDependentErrorMetric&)...'
VTK,../repos/VTK/Rendering/Core/vtkAvatar.h,"(102, 8)-(102, 35)",b'operator=(const vtkAvatar&) = delete'
VTK,../repos/VTK/Rendering/Core/vtkFrustumCoverageCuller.h,"(94, 8)-(94, 50)",b'operator=(const vtkFrustumCoverageCuller&) = ...'
VTK,../repos/VTK/Rendering/Core/vtkAbstractHyperTreeGridMapper.h,"(227, 8)-(227, 56)",b'operator=(const vtkAbstractHyperTreeGridMappe...'
VTK,../repos/VTK/Rendering/Core/vtkPointPicker.cxx,"(121, 8)-(121, 53)","b'void operator()(vtkIdType ptId, vtkIdType end...'"
VTK,../repos/VTK/Rendering/Core/vtkTDxInteractorStyleCamera.h,"(46, 8)-(46, 53)",b'operator=(const vtkTDxInteractorStyleCamera&)...'
VTK,../repos/VTK/Rendering/Core/vtkPolyDataMapper2D.h,"(233, 8)-(233, 45)",b'operator=(const vtkPolyDataMapper2D&) = delete'
VTK,../repos/VTK/Rendering/Core/vtkLightCollection.h,"(57, 8)-(57, 44)",b'operator=(const vtkLightCollection&) = delete...'
VTK,../repos/VTK/Rendering/Core/vtkTextActor3D.h,"(139, 8)-(139, 40)",b'operator=(const vtkTextActor3D&) = delete'
VTK,../repos/VTK/Rendering/Core/vtkTexturedActor2D.h,"(78, 8)-(78, 44)",b'operator=(const vtkTexturedActor2D&) = delete'
VTK,../repos/VTK/Rendering/Core/vtkCellGraphicsPrimitiveMap.h,"(42, 26)-(42, 92)","b'& operator<<(std::ostream& os, const CellType...'"
VTK,../repos/VTK/Rendering/Core/vtkCellGraphicsPrimitiveMap.h,"(77, 8)-(77, 53)",b'operator=(const vtkCellGraphicsPrimitiveMap&)...'
VTK,../repos/VTK/Rendering/Core/vtkAssemblyPaths.h,"(82, 8)-(82, 42)",b'void operator=(const vtkAssemblyPaths&) = del...'
VTK,../repos/VTK/Rendering/Core/vtkTextPropertyCollection.h,"(64, 8)-(64, 51)",b'operator=(const vtkTextPropertyCollection&) =...'
VTK,../repos/VTK/Rendering/Core/Testing/Cxx/TestPickingManager.cxx,"(73, 8)-(73, 46)",b'void operator=(const PickingManagerClient&) =...'
VTK,../repos/VTK/Rendering/Core/Testing/Cxx/TestCompositePolyDataMapperSharedArray.cxx,"(117, 8)-(117, 43)",b'void operator=(const vtkDualCubeSource&) = delete;'
VTK,../repos/VTK/Rendering/Core/vtkLODProp3D.h,"(331, 8)-(331, 38)",b'operator=(const vtkLODProp3D&) = delete'
VTK,../repos/VTK/Rendering/Core/vtkHardwareSelector.cxx,"(31, 8)-(32, 58)",b'bool operator()(const vtkHardwareSelector::Pi...'
VTK,../repos/VTK/Rendering/Core/vtkAssemblyPath.h,"(112, 8)-(112, 41)",b'operator=(const vtkAssemblyPath&) = delete;\n}...'
VTK,../repos/VTK/Rendering/Core/vtkObserverMediator.cxx,"(21, 8)-(21, 78)","b'bool operator()(vtkInteractorObserver* w1, vt...'"
VTK,../repos/VTK/Rendering/Core/vtkDataSetMapper.h,"(74, 8)-(74, 42)",b'operator=(const vtkDataSetMapper&) = delete'
VTK,../repos/VTK/Rendering/Core/vtkShaderProperty.h,"(131, 8)-(131, 43)",b'operator=(const vtkShaderProperty&) = delete'
VTK,../repos/VTK/Rendering/Core/vtkGenericVertexAttributeMapping.h,"(92, 8)-(92, 58)",b'operator=(const vtkGenericVertexAttributeMapp...'
VTK,../repos/VTK/Rendering/Core/vtkProperty.h,"(811, 8)-(811, 37)",b'operator=(const vtkProperty&) = delete'
VTK,../repos/VTK/Rendering/Core/vtkLightActor.h,"(123, 8)-(123, 39)",b'operator=(const vtkLightActor&) = delete'
VTK,../repos/VTK/Rendering/Core/vtkRenderWindowCollection.h,"(62, 8)-(62, 51)",b'operator=(const vtkRenderWindowCollection&) =...'
VTK,../repos/VTK/Rendering/Core/vtkRendererSource.h,"(156, 8)-(156, 43)",b'operator=(const vtkRendererSource&) = delete'
VTK,../repos/VTK/Rendering/Core/vtkCellPicker.h,"(336, 8)-(336, 39)",b'operator=(const vtkCellPicker&) = delete'
VTK,../repos/VTK/Rendering/Core/vtkFlagpoleLabel.h,"(157, 8)-(157, 42)",b'operator=(const vtkFlagpoleLabel&) = delete'
VTK,../repos/VTK/Rendering/Core/vtkPicker.h,"(193, 8)-(193, 35)",b'operator=(const vtkPicker&) = delete'
VTK,../repos/VTK/Rendering/Core/vtkRenderWindowInteractor3D.h,"(300, 8)-(300, 53)",b'operator=(const vtkRenderWindowInteractor3D&)...'
VTK,../repos/VTK/Rendering/Core/vtkProp3DCollection.h,"(64, 8)-(64, 45)",b'void operator=(const vtkProp3DCollection&) = ...'
VTK,../repos/VTK/Rendering/Core/vtkGraphMapper.h,"(305, 8)-(305, 40)",b'operator=(const vtkGraphMapper&) = delete'
VTK,../repos/VTK/Rendering/Core/vtkFrameBufferObjectBase.h,"(42, 8)-(42, 50)",b'operator=(const vtkFrameBufferObjectBase&) = ...'
VTK,../repos/VTK/Rendering/Core/vtkWindowLevelLookupTable.h,"(116, 8)-(116, 51)",b'operator=(const vtkWindowLevelLookupTable&) =...'
VTK,../repos/VTK/Rendering/Core/vtkTransformInterpolator.h,"(198, 8)-(198, 50)",b'operator=(const vtkTransformInterpolator&) = ...'
VTK,../repos/VTK/Rendering/Core/vtkMapArrayValues.h,"(154, 8)-(154, 43)",b'operator=(const vtkMapArrayValues&) = delete'
VTK,../repos/VTK/Rendering/Core/vtkImageSlice.h,"(163, 8)-(163, 39)",b'operator=(const vtkImageSlice&) = delete'
VTK,../repos/VTK/Rendering/Core/vtkVolumeCollection.h,"(68, 8)-(68, 45)",b'operator=(const vtkVolumeCollection&) = delet...'
VTK,../repos/VTK/Rendering/Core/vtkAssemblyNode.h,"(89, 8)-(89, 41)",b'operator=(const vtkAssemblyNode&) = delete'
VTK,../repos/VTK/Rendering/Core/vtkActor2DCollection.h,"(99, 8)-(99, 46)",b'void operator=(const vtkActor2DCollection&) =...'
VTK,../repos/VTK/Rendering/Core/vtkPickingManager.cxx,"(73, 10)-(74, 62)",b'bool operator()(const vtkSmartPointer<vtkAbst...'
VTK,../repos/VTK/Rendering/Core/vtkPickingManager.cxx,"(100, 10)-(100, 67)",b'bool operator()(const PickerObjectsPairType& ...'
VTK,../repos/VTK/Rendering/Core/vtkCellGridRenderRequest.h,"(164, 8)-(164, 50)",b'operator=(const vtkCellGridRenderRequest&) = ...'
VTK,../repos/VTK/Rendering/Core/vtkAssembly.h,"(174, 8)-(174, 37)",b'operator=(const vtkAssembly&) = delete'
VTK,../repos/VTK/Rendering/Core/vtkTextActor.h,"(324, 8)-(324, 38)",b'operator=(const vtkTextActor&) = delete'
VTK,../repos/VTK/Rendering/Core/vtkCompositePolyDataMapper.h,"(378, 8)-(378, 52)",b'operator=(const vtkCompositePolyDataMapper&) ...'
VTK,../repos/VTK/Rendering/Core/vtkTexture.h,"(356, 8)-(356, 36)",b'operator=(const vtkTexture&) = delete'
VTK,../repos/VTK/Rendering/Core/vtkHierarchicalPolyDataMapper.h,"(34, 8)-(34, 55)",b'operator=(const vtkHierarchicalPolyDataMapper...'
VTK,../repos/VTK/Rendering/Core/vtkProp3D.h,"(405, 8)-(405, 35)",b'operator=(const vtkProp3D&) = delete'
VTK,../repos/VTK/Rendering/Core/vtkPointPicker.h,"(75, 8)-(75, 40)",b'operator=(const vtkPointPicker&) = delete'
VTK,../repos/VTK/Rendering/Core/vtkAbstractMapper.h,"(151, 8)-(151, 43)",b'operator=(const vtkAbstractMapper&) = delete'
VTK,../repos/VTK/Rendering/Core/vtkRenderWidget.h,"(88, 8)-(88, 41)",b'operator=(const vtkRenderWidget&) = delete'
VTK,../repos/VTK/Rendering/Core/vtkImageSliceMapper.h,"(200, 8)-(200, 45)",b'operator=(const vtkImageSliceMapper&) = delete'
VTK,../repos/VTK/Rendering/Core/vtkAbstractPicker.h,"(173, 8)-(173, 43)",b'operator=(const vtkAbstractPicker&) = delete'
VTK,../repos/VTK/Rendering/Core/vtkCompositeDataDisplayAttributesLegacy.h,"(164, 8)-(164, 65)",b'operator=(const vtkCompositeDataDisplayAttrib...'
VTK,../repos/VTK/Rendering/Core/vtkMapper2D.h,"(41, 8)-(41, 37)",b'operator=(const vtkMapper2D&) = delete'
VTK,../repos/VTK/Rendering/Core/vtkPropAssembly.h,"(141, 8)-(141, 41)",b'operator=(const vtkPropAssembly&) = delete'
VTK,../repos/VTK/Rendering/Core/vtkActor2D.h,"(168, 8)-(168, 36)",b'operator=(const vtkActor2D&) = delete'
VTK,../repos/VTK/Rendering/Core/vtkRenderState.h,"(149, 8)-(149, 40)",b'operator=(const vtkRenderState&) = delete'
VTK,../repos/VTK/Rendering/Core/vtkPolyDataMapper.h,"(236, 8)-(236, 43)",b'operator=(const vtkPolyDataMapper&) = delete'
VTK,../repos/VTK/Rendering/Core/vtkUniforms.h,"(180, 8)-(180, 37)",b'operator=(const vtkUniforms&) = delete'
VTK,../repos/VTK/Rendering/Core/vtkPropPicker.h,"(107, 8)-(107, 39)",b'operator=(const vtkPropPicker&) = delete'
VTK,../repos/VTK/Rendering/Core/vtkTupleInterpolator.h,"(174, 8)-(174, 46)",b'operator=(const vtkTupleInterpolator&) = delete'
VTK,../repos/VTK/Rendering/Core/vtkAbstractMapper3D.h,"(95, 8)-(95, 45)",b'operator=(const vtkAbstractMapper3D&) = delete'
VTK,../repos/VTK/Rendering/Core/vtkColorTransferFunction.h,"(464, 8)-(464, 50)",b'operator=(const vtkColorTransferFunction&) = ...'
VTK,../repos/VTK/Rendering/Core/vtkMapper.h,"(559, 8)-(559, 35)",b'operator=(const vtkMapper&) = delete'
VTK,../repos/VTK/Rendering/Core/vtkGPUInfo.h,"(70, 8)-(70, 36)",b'operator=(const vtkGPUInfo&) = delete'
VTK,../repos/VTK/Rendering/Core/vtkScenePicker.h,"(129, 8)-(129, 40)",b'operator=(const vtkScenePicker&) = delete'
VTK,../repos/VTK/Rendering/Core/vtkCompositeDataDisplayAttributes.h,"(361, 8)-(361, 59)",b'operator=(const vtkCompositeDataDisplayAttrib...'
VTK,../repos/VTK/Rendering/Core/vtkProp3DFollower.h,"(123, 8)-(123, 43)",b'operator=(const vtkProp3DFollower&) = delete'
VTK,../repos/VTK/Rendering/Core/vtkTextRenderer.h,"(64, 27)-(64, 71)",b'& operator=(const vtkTextRendererCleanup& rhs)'
VTK,../repos/VTK/Rendering/Core/vtkTextRenderer.h,"(314, 8)-(314, 41)",b'operator=(const vtkTextRenderer&) = delete;\n}...'
VTK,../repos/VTK/Rendering/Core/vtkAbstractPropPicker.h,"(145, 8)-(145, 47)",b'operator=(const vtkAbstractPropPicker&) = delete'
VTK,../repos/VTK/Rendering/Core/vtkResizingWindowToImageFilter.h,"(166, 8)-(166, 56)",b'operator=(const vtkResizingWindowToImageFilte...'
VTK,../repos/VTK/Rendering/Core/vtkCamera.h,"(857, 8)-(857, 35)",b'operator=(const vtkCamera&) = delete'
VTK,../repos/VTK/Rendering/Core/vtkVolume.h,"(248, 8)-(248, 35)",b'operator=(const vtkVolume&) = delete'
VTK,../repos/VTK/Rendering/Core/vtkProp.h,"(470, 8)-(470, 33)",b'operator=(const vtkProp&) = delete'
VTK,../repos/VTK/Rendering/Core/vtkLabeledContourMapper.h,"(177, 8)-(177, 49)",b'operator=(const vtkLabeledContourMapper&) = delete'
VTK,../repos/VTK/Rendering/Core/vtkStereoCompositor.h,"(65, 8)-(65, 45)",b'operator=(const vtkStereoCompositor&) = delete'
VTK,../repos/VTK/Rendering/Core/vtkCameraActor.h,"(103, 8)-(103, 40)",b'operator=(const vtkCameraActor&) = delete'
VTK,../repos/VTK/Rendering/Core/vtkObserverMediator.h,"(85, 8)-(85, 45)",b'operator=(const vtkObserverMediator&) = delete'
VTK,../repos/VTK/Imaging/Fourier/vtkImageIdealHighPass.h,"(62, 8)-(62, 47)",b'operator=(const vtkImageIdealHighPass&) = delete'
VTK,../repos/VTK/Imaging/Fourier/vtkImageFourierFilter.h,"(136, 8)-(136, 47)",b'operator=(const vtkImageFourierFilter&) = delete'
VTK,../repos/VTK/Imaging/Fourier/vtkImageButterworthHighPass.h,"(71, 8)-(71, 53)",b'operator=(const vtkImageButterworthHighPass&)...'
VTK,../repos/VTK/Imaging/Fourier/vtkImageFFT.h,"(44, 8)-(44, 37)",b'operator=(const vtkImageFFT&) = delete'
VTK,../repos/VTK/Imaging/Fourier/vtkImageButterworthLowPass.h,"(71, 8)-(71, 52)",b'operator=(const vtkImageButterworthLowPass&) ...'
VTK,../repos/VTK/Imaging/Fourier/vtkImageRFFT.h,"(50, 8)-(50, 38)",b'operator=(const vtkImageRFFT&) = delete'
VTK,../repos/VTK/Imaging/Fourier/vtkImageFourierCenter.h,"(40, 8)-(40, 47)",b'operator=(const vtkImageFourierCenter&) = delete'
VTK,../repos/VTK/Imaging/Fourier/vtkImageIdealLowPass.h,"(62, 8)-(62, 46)",b'operator=(const vtkImageIdealLowPass&) = delete'
VTK,../repos/VTK/Imaging/Morphological/vtkImageIslandRemoval2D.h,"(87, 8)-(87, 49)",b'operator=(const vtkImageIslandRemoval2D&) = delete'
VTK,../repos/VTK/Imaging/Morphological/vtkImageOpenClose3D.h,"(117, 8)-(117, 45)",b'operator=(const vtkImageOpenClose3D&) = delete'
VTK,../repos/VTK/Imaging/Morphological/vtkImageSkeleton2D.h,"(59, 8)-(59, 44)",b'operator=(const vtkImageSkeleton2D&) = delete'
VTK,../repos/VTK/Imaging/Morphological/vtkImageDilateErode3D.h,"(68, 8)-(68, 47)",b'operator=(const vtkImageDilateErode3D&) = delete'
VTK,../repos/VTK/Imaging/Morphological/vtkImageContinuousDilate3D.h,"(54, 8)-(54, 52)",b'operator=(const vtkImageContinuousDilate3D&) ...'
VTK,../repos/VTK/Imaging/Morphological/vtkImageContinuousErode3D.h,"(54, 8)-(54, 51)",b'operator=(const vtkImageContinuousErode3D&) =...'
VTK,../repos/VTK/Imaging/Morphological/vtkImageConnector.h,"(84, 8)-(84, 43)",b'operator=(const vtkImageConnector&) = delete'
VTK,../repos/VTK/Imaging/Morphological/vtkImageSeedConnectivity.h,"(101, 8)-(101, 50)",b'operator=(const vtkImageSeedConnectivity&) = ...'
VTK,../repos/VTK/Imaging/Morphological/vtkImageNonMaximumSuppression.h,"(77, 8)-(77, 55)",b'operator=(const vtkImageNonMaximumSuppression...'
VTK,../repos/VTK/Imaging/Morphological/vtkImageThresholdConnectivity.cxx,"(195, 14)-(195, 37)",b'& operator[](int i) const'
VTK,../repos/VTK/Imaging/Morphological/vtkImageThresholdConnectivity.cxx,"(196, 21)-(196, 60)",b'& operator=(const vtkFloodFillSeed& seed)'
VTK,../repos/VTK/Imaging/Morphological/vtkImageConnectivityFilter.h,"(273, 8)-(273, 52)",b'operator=(const vtkImageConnectivityFilter&) ...'
VTK,../repos/VTK/Imaging/Morphological/vtkImageConnectivityFilter.cxx,"(328, 8)-(328, 25)",b'& operator[](int i)'
VTK,../repos/VTK/Imaging/Morphological/vtkImageConnectivityFilter.cxx,"(330, 8)-(330, 19)",b'& operator*()'
VTK,../repos/VTK/Imaging/Morphological/vtkImageConnectivityFilter.cxx,"(332, 17)-(332, 52)",b'& operator=(const vtkICF::Seed& seed)'
VTK,../repos/VTK/Imaging/Morphological/vtkImageConnectivityFilter.cxx,"(826, 8)-(826, 44)","b'bool operator()(vtkIdType x, vtkIdType y) { r...'"
VTK,../repos/VTK/Imaging/Hybrid/vtkGaussianSplatter.h,"(314, 8)-(314, 45)",b'operator=(const vtkGaussianSplatter&) = delet...'
VTK,../repos/VTK/Imaging/Hybrid/vtkImageToPoints.h,"(71, 8)-(71, 42)",b'operator=(const vtkImageToPoints&) = delete'
VTK,../repos/VTK/Imaging/Hybrid/vtkShepardMethod.cxx,"(62, 10)-(62, 52)","b'void operator()(vtkIdType slice, vtkIdType en...'"
VTK,../repos/VTK/Imaging/Hybrid/vtkShepardMethod.cxx,"(126, 10)-(126, 52)","b'void operator()(vtkIdType slice, vtkIdType en...'"
VTK,../repos/VTK/Imaging/Hybrid/vtkShepardMethod.cxx,"(181, 10)-(181, 55)","b'void operator()(vtkIdType ptId, vtkIdType end...'"
VTK,../repos/VTK/Imaging/Hybrid/vtkFastSplatter.h,"(146, 8)-(146, 41)",b'operator=(const vtkFastSplatter&) = delete'
VTK,../repos/VTK/Imaging/Hybrid/vtkCheckerboardSplatter.cxx,"(56, 10)-(56, 51)",b'bool operator<(const SortedPoints& spts) cons...'
VTK,../repos/VTK/Imaging/Hybrid/vtkCheckerboardSplatter.cxx,"(140, 10)-(140, 51)","b'void operator()(vtkIdType ptId, vtkIdType end...'"
VTK,../repos/VTK/Imaging/Hybrid/vtkCheckerboardSplatter.cxx,"(172, 10)-(172, 52)","b'void operator()(vtkIdType sqNum, vtkIdType en...'"
VTK,../repos/VTK/Imaging/Hybrid/vtkCheckerboardSplatter.cxx,"(214, 10)-(214, 52)","b'void operator()(vtkIdType slice, vtkIdType en...'"
VTK,../repos/VTK/Imaging/Hybrid/vtkSampleFunction.cxx,"(55, 10)-(55, 48)","b'void operator()(vtkIdType k, vtkIdType end)\n ...'"
VTK,../repos/VTK/Imaging/Hybrid/vtkSampleFunction.cxx,"(87, 10)-(87, 48)","b'void operator()(vtkIdType k, vtkIdType end)\n ...'"
VTK,../repos/VTK/Imaging/Hybrid/vtkImageRectilinearWipe.h,"(125, 8)-(125, 49)",b'operator=(const vtkImageRectilinearWipe&) = delete'
VTK,../repos/VTK/Imaging/Hybrid/vtkSliceCubes.h,"(103, 8)-(103, 39)",b'operator=(const vtkSliceCubes&) = delete'
VTK,../repos/VTK/Imaging/Hybrid/vtkTriangularTexture.h,"(88, 8)-(88, 46)",b'operator=(const vtkTriangularTexture&) = delete'
VTK,../repos/VTK/Imaging/Hybrid/vtkSurfaceReconstructionFilter.h,"(70, 8)-(70, 56)",b'operator=(const vtkSurfaceReconstructionFilte...'
VTK,../repos/VTK/Imaging/Hybrid/vtkGaussianSplatter.cxx,"(50, 10)-(50, 52)","b'void operator()(vtkIdType slice, vtkIdType en...'"
VTK,../repos/VTK/Imaging/Hybrid/vtkVoxelModeller.h,"(133, 8)-(133, 42)",b'operator=(const vtkVoxelModeller&) = delete'
VTK,../repos/VTK/Imaging/Hybrid/vtkImageCursor3D.h,"(62, 8)-(62, 42)",b'operator=(const vtkImageCursor3D&) = delete'
VTK,../repos/VTK/Imaging/General/vtkImageLaplacian.h,"(50, 8)-(50, 43)",b'operator=(const vtkImageLaplacian&) = delete'
VTK,../repos/VTK/Imaging/General/vtkImageSpatialAlgorithm.h,"(59, 8)-(59, 50)",b'operator=(const vtkImageSpatialAlgorithm&) = ...'
VTK,../repos/VTK/Imaging/General/vtkImageCheckerboard.h,"(53, 8)-(53, 46)",b'operator=(const vtkImageCheckerboard&) = delete'
VTK,../repos/VTK/Imaging/General/vtkImageNormalize.h,"(36, 8)-(36, 43)",b'operator=(const vtkImageNormalize&) = delete'
VTK,../repos/VTK/Imaging/General/vtkImageAnisotropicDiffusion3D.h,"(124, 8)-(124, 56)",b'operator=(const vtkImageAnisotropicDiffusion3...'
VTK,../repos/VTK/Imaging/General/vtkImageSlab.h,"(124, 8)-(124, 38)",b'operator=(const vtkImageSlab&) = delete'
VTK,../repos/VTK/Imaging/General/vtkImageHybridMedian2D.h,"(39, 8)-(39, 48)",b'operator=(const vtkImageHybridMedian2D&) = delete'
VTK,../repos/VTK/Imaging/General/vtkImageGradientMagnitude.h,"(62, 8)-(62, 51)",b'operator=(const vtkImageGradientMagnitude&) =...'
VTK,../repos/VTK/Imaging/General/vtkImageEuclideanToPolar.h,"(45, 8)-(45, 50)",b'operator=(const vtkImageEuclideanToPolar&) = ...'
VTK,../repos/VTK/Imaging/General/vtkImageSeparableConvolution.h,"(70, 8)-(70, 54)",b'operator=(const vtkImageSeparableConvolution&...'
VTK,../repos/VTK/Imaging/General/vtkImageCityBlockDistance.h,"(46, 8)-(46, 51)",b'operator=(const vtkImageCityBlockDistance&) =...'
VTK,../repos/VTK/Imaging/General/vtkImageVariance3D.h,"(54, 8)-(54, 44)",b'operator=(const vtkImageVariance3D&) = delete'
VTK,../repos/VTK/Imaging/General/vtkImageSobel3D.h,"(39, 8)-(39, 41)",b'operator=(const vtkImageSobel3D&) = delete'
VTK,../repos/VTK/Imaging/General/vtkImageEuclideanDistance.h,"(113, 8)-(113, 51)",b'operator=(const vtkImageEuclideanDistance&) =...'
VTK,../repos/VTK/Imaging/General/vtkImageSlabReslice.h,"(106, 8)-(106, 45)",b'operator=(const vtkImageSlabReslice&) = delete'
VTK,../repos/VTK/Imaging/General/vtkImageSobel2D.h,"(38, 8)-(38, 41)",b'operator=(const vtkImageSobel2D&) = delete'
VTK,../repos/VTK/Imaging/General/vtkImageGradient.h,"(64, 8)-(64, 42)",b'operator=(const vtkImageGradient&) = delete'
VTK,../repos/VTK/Imaging/General/vtkImageMedian3D.h,"(53, 8)-(53, 42)",b'operator=(const vtkImageMedian3D&) = delete'
VTK,../repos/VTK/Imaging/General/vtkImageRange3D.h,"(50, 8)-(50, 41)",b'operator=(const vtkImageRange3D&) = delete'
VTK,../repos/VTK/Imaging/General/vtkImageConvolve.h,"(99, 8)-(99, 42)",b'operator=(const vtkImageConvolve&) = delete'
VTK,../repos/VTK/Imaging/General/vtkImageAnisotropicDiffusion2D.h,"(124, 8)-(124, 56)",b'operator=(const vtkImageAnisotropicDiffusion2...'
VTK,../repos/VTK/Imaging/General/vtkImageCorrelation.h,"(62, 8)-(62, 45)",b'operator=(const vtkImageCorrelation&) = delete'
VTK,../repos/VTK/Imaging/General/vtkImageGaussianSmooth.h,"(88, 8)-(88, 48)",b'operator=(const vtkImageGaussianSmooth&) = delete'
VTK,../repos/VTK/Imaging/OpenGL2/vtkOpenGLImageGradient.cxx,"(80, 8)-(80, 45)",b'void operator=(const vtkOpenGLGradientCB&) = ...'
VTK,../repos/VTK/Imaging/OpenGL2/vtkOpenGLImageGradient.h,"(42, 8)-(42, 48)",b'operator=(const vtkOpenGLImageGradient&) = delete'
VTK,../repos/VTK/Imaging/Stencil/vtkImageStencil.h,"(96, 8)-(96, 41)",b'operator=(const vtkImageStencil&) = delete'
VTK,../repos/VTK/Imaging/Stencil/vtkImageStencilToImage.h,"(80, 8)-(80, 48)",b'operator=(const vtkImageStencilToImage&) = delete'
VTK,../repos/VTK/Imaging/Stencil/vtkROIStencilSource.h,"(75, 8)-(75, 45)",b'operator=(const vtkROIStencilSource&) = delete'
VTK,../repos/VTK/Imaging/Stencil/vtkPolyDataToImageStencil.cxx,"(258, 8)-(258, 38)","b'void operator()(int begin, int end)\n  {\n    i...'"
VTK,../repos/VTK/Imaging/Stencil/vtkImplicitFunctionToImageStencil.h,"(62, 8)-(62, 59)",b'operator=(const vtkImplicitFunctionToImageSte...'
VTK,../repos/VTK/Imaging/Stencil/vtkImageToImageStencil.h,"(78, 8)-(78, 48)",b'operator=(const vtkImageToImageStencil&) = delete'
VTK,../repos/VTK/Imaging/Math/vtkImageMaskBits.h,"(68, 8)-(68, 42)",b'operator=(const vtkImageMaskBits&) = delete'
VTK,../repos/VTK/Imaging/Math/vtkImageMagnitude.h,"(34, 8)-(34, 43)",b'operator=(const vtkImageMagnitude&) = delete'
VTK,../repos/VTK/Imaging/Math/vtkImageDivergence.h,"(39, 8)-(39, 44)",b'operator=(const vtkImageDivergence&) = delete'
VTK,../repos/VTK/Imaging/Math/vtkImageMathematics.h,"(265, 8)-(265, 45)",b'operator=(const vtkImageMathematics&) = delete'
VTK,../repos/VTK/Imaging/Math/vtkImageWeightedSum.h,"(82, 8)-(82, 45)",b'operator=(const vtkImageWeightedSum&) = delete'
VTK,../repos/VTK/Imaging/Math/vtkImageLogarithmicScale.h,"(44, 8)-(44, 50)",b'operator=(const vtkImageLogarithmicScale&) = ...'
VTK,../repos/VTK/Imaging/Math/vtkImageLogic.h,"(81, 8)-(81, 39)",b'operator=(const vtkImageLogic&) = delete'
VTK,../repos/VTK/Imaging/Math/vtkImageDotProduct.h,"(43, 8)-(43, 44)",b'operator=(const vtkImageDotProduct&) = delete'
VTK,../repos/VTK/Imaging/Color/vtkImageYIQToRGB.h,"(41, 8)-(41, 42)",b'operator=(const vtkImageYIQToRGB&) = delete'
VTK,../repos/VTK/Imaging/Color/vtkImageMapToWindowLevelColors.h,"(80, 8)-(80, 56)",b'operator=(const vtkImageMapToWindowLevelColor...'
VTK,../repos/VTK/Imaging/Color/vtkImageRGBToYIQ.h,"(41, 8)-(41, 42)",b'operator=(const vtkImageRGBToYIQ&) = delete'
VTK,../repos/VTK/Imaging/Color/vtkImageHSIToRGB.h,"(51, 8)-(51, 42)",b'operator=(const vtkImageHSIToRGB&) = delete'
VTK,../repos/VTK/Imaging/Color/vtkImageLuminance.h,"(34, 8)-(34, 43)",b'operator=(const vtkImageLuminance&) = delete'
VTK,../repos/VTK/Imaging/Color/vtkImageRGBToHSI.h,"(46, 8)-(46, 42)",b'operator=(const vtkImageRGBToHSI&) = delete'
VTK,../repos/VTK/Imaging/Color/vtkImageRGBToHSV.h,"(42, 8)-(42, 42)",b'operator=(const vtkImageRGBToHSV&) = delete'
VTK,../repos/VTK/Imaging/Color/vtkImageHSVToRGB.h,"(51, 8)-(51, 42)",b'operator=(const vtkImageHSVToRGB&) = delete'
VTK,../repos/VTK/Imaging/Color/vtkImageMapToRGBA.h,"(34, 8)-(34, 43)",b'operator=(const vtkImageMapToRGBA&) = delete'
VTK,../repos/VTK/Imaging/Sources/vtkImageMandelbrotSource.h,"(160, 8)-(160, 50)",b'operator=(const vtkImageMandelbrotSource&) = ...'
VTK,../repos/VTK/Imaging/Sources/vtkImageNoiseSource.h,"(63, 8)-(63, 45)",b'operator=(const vtkImageNoiseSource&) = delete'
VTK,../repos/VTK/Imaging/Sources/vtkImageEllipsoidSource.h,"(103, 8)-(103, 49)",b'operator=(const vtkImageEllipsoidSource&) = delete'
VTK,../repos/VTK/Imaging/Sources/vtkImageCanvasSource2D.h,"(178, 8)-(178, 48)",b'operator=(const vtkImageCanvasSource2D&) = delete'
VTK,../repos/VTK/Imaging/Sources/vtkImageGridSource.h,"(122, 8)-(122, 44)",b'operator=(const vtkImageGridSource&) = delete'
VTK,../repos/VTK/Imaging/Sources/vtkImageSinusoidSource.h,"(79, 8)-(79, 48)",b'operator=(const vtkImageSinusoidSource&) = delete'
VTK,../repos/VTK/Imaging/Sources/vtkImageGaussianSource.h,"(68, 8)-(68, 48)",b'operator=(const vtkImageGaussianSource&) = delete'
VTK,../repos/VTK/Imaging/Statistics/vtkImageHistogram.h,"(225, 8)-(225, 43)",b'operator=(const vtkImageHistogram&) = delete'
VTK,../repos/VTK/Imaging/Statistics/vtkImageAccumulate.h,"(152, 8)-(152, 44)",b'operator=(const vtkImageAccumulate&) = delete'
VTK,../repos/VTK/Imaging/Statistics/vtkImageHistogram.cxx,"(566, 8)-(566, 50)","b'void operator()(vtkIdType begin, vtkIdType end);'"
VTK,../repos/VTK/Imaging/Statistics/vtkImageHistogramStatistics.h,"(123, 8)-(123, 53)",b'operator=(const vtkImageHistogramStatistics&)...'
VTK,../repos/VTK/Imaging/Core/vtkImageDecomposeFilter.h,"(58, 8)-(58, 49)",b'operator=(const vtkImageDecomposeFilter&) = delete'
VTK,../repos/VTK/Imaging/Core/vtkImageReslice.h,"(599, 8)-(599, 41)",b'operator=(const vtkImageReslice&) = delete'
VTK,../repos/VTK/Imaging/Core/vtkImageBSplineInterpolator.h,"(141, 8)-(141, 53)",b'operator=(const vtkImageBSplineInterpolator&)...'
VTK,../repos/VTK/Imaging/Core/vtkImageMagnify.h,"(64, 8)-(64, 41)",b'operator=(const vtkImageMagnify&) = delete'
VTK,../repos/VTK/Imaging/Core/vtkImageBSplineInternals.h,"(79, 8)-(79, 50)",b'operator=(const vtkImageBSplineInternals&) = ...'
VTK,../repos/VTK/Imaging/Core/vtkImageThreshold.h,"(123, 8)-(123, 43)",b'operator=(const vtkImageThreshold&) = delete'
VTK,../repos/VTK/Imaging/Core/vtkImageSincInterpolator.h,"(244, 8)-(244, 50)",b'operator=(const vtkImageSincInterpolator&) = ...'
VTK,../repos/VTK/Imaging/Core/vtkImageWrapPad.h,"(41, 8)-(41, 41)",b'operator=(const vtkImageWrapPad&) = delete'
VTK,../repos/VTK/Imaging/Core/vtkImageProbeFilter.cxx,"(189, 8)-(189, 54)","b'void operator()(vtkIdType startId, vtkIdType ...'"
VTK,../repos/VTK/Imaging/Core/vtkGenericImageInterpolator.cxx,"(361, 8)-(361, 30)",b'void operator()(ArrayType*)\n  {\n    interpola...'
VTK,../repos/VTK/Imaging/Core/vtkGenericImageInterpolator.cxx,"(372, 8)-(372, 30)",b'void operator()(ArrayType*)\n  {\n    interpola...'
VTK,../repos/VTK/Imaging/Core/vtkGenericImageInterpolator.cxx,"(383, 8)-(383, 30)",b'void operator()(ArrayType*)\n  {\n    interpola...'
VTK,../repos/VTK/Imaging/Core/vtkGenericImageInterpolator.cxx,"(735, 8)-(735, 30)",b'void operator()(ArrayType*)\n  {\n    summation...'
VTK,../repos/VTK/Imaging/Core/vtkGenericImageInterpolator.cxx,"(746, 8)-(746, 30)",b'void operator()(ArrayType*)\n  {\n    summation...'
VTK,../repos/VTK/Imaging/Core/vtkGenericImageInterpolator.cxx,"(757, 8)-(757, 30)",b'void operator()(ArrayType*)\n  {\n    summation...'
VTK,../repos/VTK/Imaging/Core/vtkImageDifference.h,"(136, 8)-(136, 44)",b'operator=(const vtkImageDifference&) = delete'
VTK,../repos/VTK/Imaging/Core/vtkImagePermute.h,"(46, 8)-(46, 41)",b'operator=(const vtkImagePermute&) = delete'
VTK,../repos/VTK/Imaging/Core/vtkRTAnalyticSource.h,"(147, 8)-(147, 45)",b'operator=(const vtkRTAnalyticSource&) = delete'
VTK,../repos/VTK/Imaging/Core/vtkImageProbeFilter.h,"(102, 8)-(102, 45)",b'operator=(const vtkImageProbeFilter&) = delete'
VTK,../repos/VTK/Imaging/Core/vtkImageStencilSource.h,"(99, 8)-(99, 47)",b'operator=(const vtkImageStencilSource&) = delete'
VTK,../repos/VTK/Imaging/Core/vtkImageResliceToColors.h,"(92, 8)-(92, 49)",b'operator=(const vtkImageResliceToColors&) = delete'
VTK,../repos/VTK/Imaging/Core/vtkImagePadFilter.h,"(59, 8)-(59, 43)",b'operator=(const vtkImagePadFilter&) = delete'
VTK,../repos/VTK/Imaging/Core/vtkImageIterateFilter.h,"(69, 8)-(69, 47)",b'operator=(const vtkImageIterateFilter&) = delete'
VTK,../repos/VTK/Imaging/Core/vtkImageBlend.h,"(200, 8)-(200, 39)",b'operator=(const vtkImageBlend&) = delete'
VTK,../repos/VTK/Imaging/Core/vtkImageDataStreamer.h,"(60, 8)-(60, 46)",b'operator=(const vtkImageDataStreamer&) = delete'
VTK,../repos/VTK/Imaging/Core/vtkImageClip.h,"(75, 8)-(75, 38)",b'operator=(const vtkImageClip&) = delete'
VTK,../repos/VTK/Imaging/Core/vtkImageMapToColors.h,"(110, 8)-(110, 45)",b'operator=(const vtkImageMapToColors&) = delete'
VTK,../repos/VTK/Imaging/Core/vtkImageBSplineCoefficients.h,"(145, 8)-(145, 53)",b'operator=(const vtkImageBSplineCoefficients&)...'
VTK,../repos/VTK/Imaging/Core/Testing/Cxx/ImagePassInformation.cxx,"(51, 8)-(51, 51)",b'void operator=(const vtkImageInformationSourc...'
VTK,../repos/VTK/Imaging/Core/vtkImageExtractComponents.h,"(59, 8)-(59, 51)",b'operator=(const vtkImageExtractComponents&) =...'
VTK,../repos/VTK/Imaging/Core/vtkImageCacheFilter.h,"(49, 8)-(49, 45)",b'operator=(const vtkImageCacheFilter&) = delete'
VTK,../repos/VTK/Imaging/Core/vtkImageInterpolator.h,"(116, 8)-(116, 46)",b'operator=(const vtkImageInterpolator&) = delete'
VTK,../repos/VTK/Imaging/Core/vtkImageShiftScale.h,"(92, 8)-(92, 44)",b'operator=(const vtkImageShiftScale&) = delete'
VTK,../repos/VTK/Imaging/Core/vtkImageResize.h,"(174, 8)-(174, 40)",b'operator=(const vtkImageResize&) = delete'
VTK,../repos/VTK/Imaging/Core/vtkImageCast.h,"(79, 8)-(79, 38)",b'operator=(const vtkImageCast&) = delete'
VTK,../repos/VTK/Imaging/Core/vtkImageDifference.cxx,"(59, 8)-(59, 50)","b'void operator()(vtkIdType begin, vtkIdType end);'"
VTK,../repos/VTK/Imaging/Core/vtkImageFlip.h,"(87, 8)-(87, 38)",b'operator=(const vtkImageFlip&) = delete'
VTK,../repos/VTK/Imaging/Core/vtkImageConstantPad.h,"(50, 8)-(50, 45)",b'operator=(const vtkImageConstantPad&) = delete'
VTK,../repos/VTK/Imaging/Core/vtkImageResample.h,"(82, 8)-(82, 42)",b'operator=(const vtkImageResample&) = delete'
VTK,../repos/VTK/Imaging/Core/vtkImageMask.h,"(111, 8)-(111, 38)",b'operator=(const vtkImageMask&) = delete'
VTK,../repos/VTK/Imaging/Core/vtkImageStencilData.h,"(224, 8)-(224, 45)",b'operator=(const vtkImageStencilData&) = delete'
VTK,../repos/VTK/Imaging/Core/vtkImageStencilData.h,"(295, 8)-(295, 47)",b'operator=(const vtkImageStencilRaster&) = delete'
VTK,../repos/VTK/Imaging/Core/vtkImageTranslateExtent.h,"(46, 8)-(46, 49)",b'operator=(const vtkImageTranslateExtent&) = delete'
VTK,../repos/VTK/Imaging/Core/vtkGenericImageInterpolator.h,"(63, 8)-(63, 53)",b'operator=(const vtkGenericImageInterpolator&)...'
VTK,../repos/VTK/Imaging/Core/vtkImageStencilAlgorithm.h,"(59, 8)-(59, 50)",b'operator=(const vtkImageStencilAlgorithm&) = ...'
VTK,../repos/VTK/Imaging/Core/vtkImageAppendComponents.h,"(78, 8)-(78, 50)",b'operator=(const vtkImageAppendComponents&) = ...'
VTK,../repos/VTK/Imaging/Core/vtkExtractVOI.h,"(108, 8)-(108, 39)",b'operator=(const vtkExtractVOI&) = delete'
VTK,../repos/VTK/Imaging/Core/vtkImageMirrorPad.h,"(36, 8)-(36, 43)",b'operator=(const vtkImageMirrorPad&) = delete'
VTK,../repos/VTK/Imaging/Core/vtkImageShrink3D.h,"(92, 8)-(92, 42)",b'operator=(const vtkImageShrink3D&) = delete'
VTK,../repos/VTK/Imaging/Core/vtkImageStencilData.cxx,"(88, 8)-(88, 34)","b'bool operator()(bool a, bool b) { return (a |...'"
VTK,../repos/VTK/Imaging/Core/vtkImageStencilData.cxx,"(105, 8)-(105, 34)","b'bool operator()(bool a, bool b) { return (a &...'"
