Repo name,File name,Location,Content
VTK,../repos/VTK/Rendering/Core/vtkActor.h,"(149, 3)-(149, 31)",b'using Superclass::GetBounds;'
VTK,../repos/VTK/Rendering/Core/vtkBillboardTextActor3D.h,"(106, 3)-(106, 31)",b'using Superclass::GetBounds;'
VTK,../repos/VTK/Rendering/Core/vtkSkybox.h,"(28, 3)-(28, 31)",b'using Superclass::GetBounds;'
VTK,../repos/VTK/Rendering/Core/vtkFlagpoleLabel.h,"(86, 3)-(86, 31)",b'using Superclass::GetBounds;'
VTK,../repos/VTK/Rendering/Core/vtkCompositePolyDataMapper.h,"(201, 3)-(201, 46)",b'using vtkAlgorithm::SetInputArrayToProcess;'
