Repo name,File name,Location,Content
VTK,../repos/VTK/Geovis/Core/Testing/Cxx/TestGeoProjection.cxx,"(40, 9)-(40, 97)","b'[](double first, double second) { return vtkM...'"
VTK,../repos/VTK/Rendering/Core/vtkStereoCompositor.cxx,"(57, 5)-(70, 6)","b'[rgbLeftNResult, rgbRight](vtkIdType first, v...'"
VTK,../repos/VTK/Rendering/Core/vtkStereoCompositor.cxx,"(98, 60)-(135, 4)","b'[&](vtkIdType first, vtkIdType last) {\n    un...'"
VTK,../repos/VTK/Rendering/Core/vtkCompositePolyDataMapper.cxx,"(493, 5)-(499, 4)","b'[](vtkPolyData* _polydata,\n      unsigned int...'"
VTK,../repos/VTK/Rendering/Core/Testing/Cxx/TestCompositePolyDataMapperPickability.cxx,"(187, 45)-(187, 99)","b'[](int) { return std::pair<bool, bool>(false,...'"
VTK,../repos/VTK/Rendering/Core/Testing/Cxx/TestCompositePolyDataMapperPickability.cxx,"(194, 45)-(194, 99)","b'[](int) { return std::pair<bool, bool>(true, ...'"
VTK,../repos/VTK/Rendering/Core/Testing/Cxx/TestCompositePolyDataMapperPickability.cxx,"(201, 45)-(204, 4)",b'[](int nn) {\n    --nn;\n    return std::pair<b...'
VTK,../repos/VTK/Rendering/Core/Testing/Cxx/TestCompositePolyDataMapperPickability.cxx,"(211, 45)-(214, 4)",b'[](int nn) {\n    --nn;\n    return std::pair<b...'
VTK,../repos/VTK/Rendering/Core/Testing/Cxx/TestCompositePolyDataMapperPickability.cxx,"(221, 45)-(221, 98)","b'[](int) { return std::pair<bool, bool>(true, ...'"
VTK,../repos/VTK/Rendering/Core/Testing/Cxx/TestBlockVisibility.cxx,"(93, 28)-(100, 4)","b'[&numVisited, &numVisible](vtkDataObject*, bo...'"
