Repo name,File name,Location,Content
VTK,../repos/VTK/Rendering/Core/vtkLabeledContourMapper.cxx,"(82, 1)-(119, 2)",b'namespace\n{\n\n// Circular iterator through a v...'
VTK,../repos/VTK/Rendering/Core/vtkLabeledContourMapper.cxx,"(1459, 1)-(1511, 2)",b'namespace\n{\n\n// Rotates the vector by -90 deg...'
VTK,../repos/VTK/Rendering/Core/vtkPointPicker.cxx,"(26, 1)-(173, 2)",b'namespace\n{ // anonymous\n\nbool UpdateClosestP...'
VTK,../repos/VTK/Rendering/Core/Testing/Cxx/TestEdgeOpacity.cxx,"(15, 1)-(25, 2)",b'namespace\n{\nvoid SetupActorWithEdgeOpacity(vt...'
VTK,../repos/VTK/Rendering/Core/Testing/Cxx/TestDirectScalarsToColors.cxx,"(28, 1)-(47, 2)",b'namespace\n{\ntemplate <typename T>\nvoid UCharT...'
VTK,../repos/VTK/Rendering/Core/Testing/Cxx/TestCompositePolyDataMapperCameraShiftScale.cxx,"(22, 1)-(106, 2)",b'namespace\n{\nvoid createData(vtkMultiBlockData...'
VTK,../repos/VTK/Rendering/Core/Testing/Cxx/TestCompositePolyDataMapperOverrideLUT.cxx,"(34, 1)-(51, 2)",b'namespace\n{\nvtkPolyData* createAQuad(vtkVecto...'
VTK,../repos/VTK/Rendering/Core/Testing/Cxx/TestTupleInterpolator.cxx,"(14, 1)-(17, 2)",b'namespace\n{\nconst double epsilon = 1e-12;\n}'
VTK,../repos/VTK/Rendering/Core/Testing/Cxx/TestCompositePolyDataMapperOverrideScalarArray.cxx,"(33, 1)-(50, 2)",b'namespace\n{\nvtkPolyData* createAQuad(vtkVecto...'
VTK,../repos/VTK/Rendering/Core/Testing/Cxx/TestCompositePolyDataMapperSharedArray.cxx,"(27, 1)-(119, 2)",b'namespace\n{\nclass vtkDualCubeSource : public ...'
VTK,../repos/VTK/Rendering/Core/Testing/Cxx/TestInteractorTimers.cxx,"(12, 1)-(26, 2)",b'namespace\n{\nconstexpr int REALLY_FAST_TIME = ...'
VTK,../repos/VTK/Rendering/Core/Testing/Cxx/TestBlockVisibility.cxx,"(21, 1)-(52, 2)",b'namespace\n{\nvtkSmartPointer<vtkMultiBlockData...'
VTK,../repos/VTK/Rendering/Core/Testing/Cxx/TestCompositePolyDataMapperCustomShader.cxx,"(25, 1)-(69, 2)",b'namespace\n{\nvoid FillShaderProperty(vtkActor*...'
VTK,../repos/VTK/Rendering/Core/Testing/Cxx/TestGlyph3DMapperCompositeDisplayAttributeInheritance.cxx,"(28, 1)-(60, 2)",b'namespace\n{\nstruct KeyCallbackBridgeData\n{\n  ...'
VTK,../repos/VTK/Rendering/Core/Testing/Cxx/TestImageAndAnnotations.cxx,"(19, 1)-(60, 2)",b'namespace\n{\n\nvtkSmartPointer<vtkImageData> Cr...'
VTK,../repos/VTK/Rendering/Core/Testing/Cxx/TestCompositePolyDataMapperPicking.cxx,"(42, 1)-(124, 2)",b'namespace\n{\n\nclass PointPickCommand : public ...'
VTK,../repos/VTK/Rendering/Core/vtkViewport.cxx,"(383, 1)-(399, 2)",b'namespace\n{\nconst char* gradModeEnum2str_data...'
VTK,../repos/VTK/Rendering/Core/vtkCIEDE2000.cxx,"(14, 1)-(368, 2)",b'namespace CIEDE2000\n{\nVTK_ABI_NAMESPACE_BEGIN...'
VTK,../repos/VTK/Rendering/Core/vtkMapper.cxx,"(727, 1)-(829, 2)",b'namespace\n{\n\n//------------------------------...'
VTK,../repos/VTK/Rendering/Core/vtkResizingWindowToImageFilter.cxx,"(239, 1)-(262, 2)","b'namespace\n{\nint computeGCD(int a, int b)\n{\n  ...'"
VTK,../repos/VTK/Rendering/Core/vtkCIEDE2000.h,"(25, 1)-(55, 2)",b'namespace CIEDE2000\n{\nVTK_ABI_NAMESPACE_BEGIN...'
VTK,../repos/VTK/Imaging/Morphological/vtkImageConnectivityFilter.cxx,"(206, 1)-(1314, 2)",b'namespace\n{\n\n// Methods for the connectivity ...'
VTK,../repos/VTK/Imaging/Hybrid/vtkImageToPoints.cxx,"(114, 1)-(171, 2)",b'namespace\n{\n\n//------------------------------...'
VTK,../repos/VTK/Imaging/General/vtkImageSlab.cxx,"(157, 1)-(427, 2)",b'namespace\n{\n\n//------------------------------...'
VTK,../repos/VTK/Imaging/General/vtkImageMedian3D.cxx,"(71, 1)-(93, 2)",b'namespace\n{\n\n//------------------------------...'
VTK,../repos/VTK/Imaging/Stencil/vtkPolyDataToImageStencil.cxx,"(79, 1)-(239, 2)",b'namespace\n{\n\n// A Node in a linked list that ...'
VTK,../repos/VTK/Imaging/Color/vtkImageRGBToYIQ.cxx,"(23, 1)-(101, 2)",b'namespace\n{\ntemplate <class T>\nvoid vtkImageR...'
VTK,../repos/VTK/Imaging/Statistics/vtkImageHistogram.cxx,"(253, 1)-(547, 2)",b'namespace\n{\n\nstruct vtkImageHistogramThreadSt...'
VTK,../repos/VTK/Imaging/Core/vtkGenericImageInterpolator.cxx,"(41, 1)-(808, 2)",b'namespace\n{\n\n//------------------------------...'
VTK,../repos/VTK/Imaging/Core/vtkGenericImageInterpolator.cxx,"(844, 1)-(866, 2)",b'namespace\n{\n\ntemplate <class F>\nstruct vtkInt...'
VTK,../repos/VTK/Imaging/Core/vtkImageInterpolator.cxx,"(142, 1)-(996, 2)",b'namespace\n{\n\n//------------------------------...'
VTK,../repos/VTK/Imaging/Core/vtkImageSincInterpolator.cxx,"(398, 1)-(1196, 2)",b'namespace\n{\n\n//------------------------------...'
VTK,../repos/VTK/Imaging/Core/Testing/Cxx/ImageChangeInformation.cxx,"(14, 1)-(276, 2)","b'namespace\n{\n\n// Print ""<text>: (a, b, c) != (...'"
VTK,../repos/VTK/Imaging/Core/Testing/Cxx/ImagePassInformation.cxx,"(28, 1)-(217, 2)",b'namespace\n{\nconst double TestSpacing[3] = { 1...'
VTK,../repos/VTK/Imaging/Core/Testing/Cxx/ImageDifference.cxx,"(14, 1)-(35, 2)",b'namespace\n{\nbool CheckErrors(vtkImageDifferen...'
VTK,../repos/VTK/Imaging/Core/Testing/Cxx/ImageInterpolator.cxx,"(14, 1)-(268, 2)","b'namespace\n{\n\n// Print ""<text>: (a, b, c) != (...'"
VTK,../repos/VTK/Imaging/Core/vtkImageBSplineInterpolator.cxx,"(120, 1)-(740, 2)",b'namespace\n{\n\n#ifdef VTK_BSPLINE_USE_KERNEL_TA...'
VTK,../repos/VTK/Imaging/Core/vtkImageResize.cxx,"(328, 1)-(803, 2)",b'namespace\n{\n\n#define VTK_RESIZE_CONVERT_INT_C...'
VTK,../repos/VTK/Imaging/Core/vtkAbstractImageInterpolator.cxx,"(312, 1)-(708, 2)",b'namespace\n{\n\n//------------------------------...'
VTK,../repos/VTK/Imaging/Core/vtkImageReslice.cxx,"(899, 1)-(1006, 2)",b'namespace\n{\n//-------------------------------...'
VTK,../repos/VTK/Imaging/Core/vtkImageReslice.cxx,"(1330, 1)-(3030, 2)",b'namespace\n{\n\n#if (VTK_USE_INT8 != 0)\ntemplate...'
VTK,../repos/VTK/Imaging/Core/vtkImageReslice.cxx,"(2355, 1)-(2730, 2)",b'namespace\n{\n\n//------------------------------...'
VTK,../repos/VTK/Imaging/Core/vtkImageBSplineInternals.cxx,"(334, 1)-(812, 2)",b'namespace\n{\n\ntemplate <class T>\nint vtkImageB...'
VTK,../repos/VTK/Imaging/Core/vtkImageStencilData.cxx,"(21, 1)-(230, 2)",b'namespace\n{\n\n// Compute a single index from y...'
