Repo name,File name,Location,Content
VTK,../repos/VTK/Rendering/Core/vtkInteractorStyle.cxx,"(998, 29)-(998, 31)",b'case vtkCommand::eventname##Event:           ...'
VTK,../repos/VTK/Rendering/Core/vtkInteractorStyle.cxx,"(998, 174)-(998, 176)",b'case vtkCommand::eventname##Event:           ...'
VTK,../repos/VTK/Rendering/Core/vtkInteractorStyle.cxx,"(998, 360)-(998, 362)",b'case vtkCommand::eventname##Event:           ...'
VTK,../repos/VTK/Rendering/Core/vtkInteractorStyle.cxx,"(998, 722)-(998, 724)",b'case vtkCommand::eventname##Event:           ...'
