Repo name,File name,Location,Content
VTK,../repos/VTK/Geovis/GDAL/vtkGDALRasterConverter.cxx,"(25, 10)-(25, 18)",b'#include <vector>\n'
VTK,../repos/VTK/Geovis/Core/Testing/Cxx/TestLibProj.cxx,"(4, 10)-(4, 15)",b'#include <set>\n'
VTK,../repos/VTK/Geovis/Core/Testing/Cxx/TestGeoProjection.cxx,"(9, 10)-(9, 17)",b'#include <array>\n'
VTK,../repos/VTK/Geovis/Core/vtkGeoProjection.cxx,"(9, 10)-(9, 15)",b'#include <map>\n'
VTK,../repos/VTK/Geovis/Core/vtkGeoProjection.cxx,"(12, 10)-(12, 18)",b'#include <vector>\n'
VTK,../repos/VTK/Rendering/Core/vtkVolumeProperty.h,"(53, 10)-(53, 15)",b'#include <set>           // For labelmap labe...'
VTK,../repos/VTK/Rendering/Core/vtkVolumeProperty.h,"(54, 10)-(54, 25)",b'#include <unordered_map> // For labelmap tran...'
VTK,../repos/VTK/Rendering/Core/vtkColorTransferFunction.cxx,"(14, 10)-(14, 15)",b'#include <set>\n'
VTK,../repos/VTK/Rendering/Core/vtkColorTransferFunction.cxx,"(15, 10)-(15, 18)",b'#include <vector>\n'
VTK,../repos/VTK/Rendering/Core/vtkRenderer.h,"(29, 10)-(29, 17)",b'#include <array> // To store matrices\n'
VTK,../repos/VTK/Rendering/Core/vtkCompositeCellGridMapper.cxx,"(25, 10)-(25, 17)",b'#include <stack>\n'
VTK,../repos/VTK/Rendering/Core/vtkCompositeCellGridMapper.cxx,"(26, 10)-(26, 18)",b'#include <vector>\n'
VTK,../repos/VTK/Rendering/Core/vtkLabeledContourMapper.cxx,"(34, 10)-(34, 15)",b'#include <map>\n'
VTK,../repos/VTK/Rendering/Core/vtkLabeledContourMapper.cxx,"(37, 10)-(37, 18)",b'#include <vector>\n'
VTK,../repos/VTK/Rendering/Core/vtkCompositePolyDataMapper.cxx,"(37, 10)-(37, 15)",b'#include <map>\n'
VTK,../repos/VTK/Rendering/Core/vtkCompositePolyDataMapper.cxx,"(38, 10)-(38, 17)",b'#include <stack>\n'
VTK,../repos/VTK/Rendering/Core/vtkCompositePolyDataMapper.cxx,"(39, 10)-(39, 18)",b'#include <vector>\n'
VTK,../repos/VTK/Rendering/Core/vtkRenderTimerLog.h,"(45, 10)-(45, 18)",b'#include <vector>                   // for st...'
VTK,../repos/VTK/Rendering/Core/vtkWindowToImageFilter.cxx,"(20, 10)-(20, 18)",b'#include <vector>\n'
VTK,../repos/VTK/Rendering/Core/vtkStateStorage.h,"(43, 10)-(43, 18)",b'#include <vector>\n'
VTK,../repos/VTK/Rendering/Core/vtkViewport.h,"(29, 10)-(29, 17)",b'#include <array> // To store matrices\n'
VTK,../repos/VTK/Rendering/Core/vtkGPUInfoListArray.h,"(14, 10)-(14, 18)",b'#include <vector> // STL Header\n'
VTK,../repos/VTK/Rendering/Core/vtkGPUInfoList.cxx,"(11, 10)-(11, 18)",b'#include <vector>\n'
VTK,../repos/VTK/Rendering/Core/Testing/Cxx/TestCompositePolyDataMapperPickability.cxx,"(30, 10)-(30, 15)",b'#include <set>\n'
VTK,../repos/VTK/Rendering/Core/Testing/Cxx/TestTupleInterpolator.cxx,"(11, 10)-(11, 17)",b'#include <array>\n'
VTK,../repos/VTK/Rendering/Core/Testing/Cxx/TestCompositePolyDataMapperStaticBounds.cxx,"(13, 10)-(13, 17)",b'#include <array>\n'
VTK,../repos/VTK/Rendering/Core/Testing/Cxx/TestResizingWindowToImageFilter.cxx,"(22, 10)-(22, 18)",b'#include <vector>\n'
VTK,../repos/VTK/Rendering/Core/Testing/Cxx/TestBlockVisibility.cxx,"(20, 10)-(20, 15)",b'#include <set>\n'
VTK,../repos/VTK/Rendering/Core/vtkRenderWindowInteractor.cxx,"(21, 10)-(21, 15)",b'#include <map>\n'
VTK,../repos/VTK/Rendering/Core/vtkHardwareSelector.cxx,"(19, 10)-(19, 15)",b'#include <map>\n'
VTK,../repos/VTK/Rendering/Core/vtkHardwareSelector.cxx,"(20, 10)-(20, 15)",b'#include <set>\n'
VTK,../repos/VTK/Rendering/Core/vtkObserverMediator.cxx,"(9, 10)-(9, 15)",b'#include <map>\n'
VTK,../repos/VTK/Rendering/Core/vtkMapArrayValues.cxx,"(22, 10)-(22, 15)",b'#include <map>\n'
VTK,../repos/VTK/Rendering/Core/vtkProperty.h,"(24, 10)-(24, 15)",b'#include <map>                      // used f...'
VTK,../repos/VTK/Rendering/Core/vtkTransformInterpolator.cxx,"(12, 10)-(12, 16)",b'#include <list>\n'
VTK,../repos/VTK/Rendering/Core/vtkPickingManager.cxx,"(24, 10)-(24, 15)",b'#include <map>\n'
VTK,../repos/VTK/Rendering/Core/vtkPickingManager.cxx,"(25, 10)-(25, 18)",b'#include <vector>\n'
VTK,../repos/VTK/Rendering/Core/vtkCellGridRenderRequest.h,"(25, 10)-(25, 25)",b'#include <unordered_map> // for this->State\n'
VTK,../repos/VTK/Rendering/Core/vtkGenericVertexAttributeMapping.cxx,"(7, 10)-(7, 18)",b'#include <vector>\n'
VTK,../repos/VTK/Rendering/Core/vtkCIEDE2000.cxx,"(7, 10)-(7, 17)",b'#include <array>\n'
VTK,../repos/VTK/Rendering/Core/vtkCIEDE2000.cxx,"(8, 10)-(8, 17)",b'#include <deque>\n'
VTK,../repos/VTK/Rendering/Core/vtkCIEDE2000.cxx,"(10, 10)-(10, 15)",b'#include <set>\n'
VTK,../repos/VTK/Rendering/Core/vtkCompositePolyDataMapper.h,"(25, 10)-(25, 17)",b'#include <array>  // for ColorResult. Remove ...'
VTK,../repos/VTK/Rendering/Core/vtkCompositePolyDataMapper.h,"(27, 10)-(27, 18)",b'#include <vector> // for return\n'
VTK,../repos/VTK/Rendering/Core/vtkCellCenterDepthSort.cxx,"(17, 10)-(17, 17)",b'#include <stack>\n'
VTK,../repos/VTK/Rendering/Core/vtkCompositeDataDisplayAttributesLegacy.h,"(21, 10)-(21, 15)",b'#include <map> // for std::map\n'
VTK,../repos/VTK/Rendering/Core/vtkCameraInterpolator.cxx,"(8, 10)-(8, 16)",b'#include <list>\n'
VTK,../repos/VTK/Rendering/Core/vtkGlyph3DMapper.cxx,"(33, 10)-(33, 18)",b'#include <vector>\n'
VTK,../repos/VTK/Rendering/Core/vtkUniforms.h,"(26, 10)-(26, 18)",b'#include <vector>                   // member...'
VTK,../repos/VTK/Rendering/Core/vtkMapper.h,"(42, 10)-(42, 18)",b'#include <vector>                   // for me...'
VTK,../repos/VTK/Rendering/Core/vtkResizingWindowToImageFilter.cxx,"(16, 10)-(16, 15)",b'#include <set>\n'
VTK,../repos/VTK/Rendering/Core/vtkCompositeDataDisplayAttributes.h,"(18, 10)-(18, 25)",b'#include <unordered_map> // for std::unordere...'
VTK,../repos/VTK/Rendering/Core/vtkCIEDE2000.h,"(23, 10)-(23, 18)",b'#include <vector> // needed for std::vector\n'
VTK,../repos/VTK/Rendering/Core/vtkProp.h,"(21, 10)-(21, 18)",b'#include <vector>                   // for me...'
VTK,../repos/VTK/Rendering/Core/vtkDiscretizableColorTransferFunction.cxx,"(14, 10)-(14, 18)",b'#include <vector>\n'
VTK,../repos/VTK/Imaging/Morphological/vtkImageThresholdConnectivity.cxx,"(18, 10)-(18, 17)",b'#include <stack>\n'
VTK,../repos/VTK/Imaging/Morphological/vtkImageConnectivityFilter.cxx,"(26, 10)-(26, 17)",b'#include <stack>\n'
VTK,../repos/VTK/Imaging/Morphological/vtkImageConnectivityFilter.cxx,"(27, 10)-(27, 18)",b'#include <vector>\n'
VTK,../repos/VTK/Imaging/General/vtkImageHybridMedian2D.cxx,"(12, 10)-(12, 18)",b'#include <vector>\n'
VTK,../repos/VTK/Imaging/Stencil/vtkPolyDataToImageStencil.cxx,"(26, 10)-(26, 15)",b'#include <map>\n'
VTK,../repos/VTK/Imaging/Stencil/vtkPolyDataToImageStencil.cxx,"(28, 10)-(28, 18)",b'#include <vector>\n'
VTK,../repos/VTK/Imaging/Stencil/vtkLassoStencilSource.cxx,"(18, 10)-(18, 15)",b'#include <map>\n'
VTK,../repos/VTK/Imaging/Color/Testing/Cxx/ImageQuantizeToIndex.cxx,"(3, 10)-(3, 17)",b'#include <array>\n'
VTK,../repos/VTK/Imaging/Color/Testing/Cxx/ImageQuantizeToIndex.cxx,"(4, 10)-(4, 15)",b'#include <set>\n'
VTK,../repos/VTK/Imaging/Core/vtkImageProbeFilter.cxx,"(21, 10)-(21, 18)",b'#include <vector>\n'
VTK,../repos/VTK/Imaging/Core/Testing/Cxx/ImageChangeInformation.cxx,"(11, 10)-(11, 18)",b'#include <vector>\n'
