Repo name,File name,Location,Content
VTK,../repos/VTK/Imaging/Core/vtkImageInterpolatorInternals.h,"(124, 3)-(128, 4)",b'union {\n    double d;\n    unsigned short s[4]...'
VTK,../repos/VTK/Imaging/Core/vtkImageInterpolatorInternals.h,"(134, 3)-(138, 4)",b'union {\n    double d;\n    unsigned short s[4]...'
VTK,../repos/VTK/Imaging/Core/vtkImageInterpolatorInternals.h,"(154, 3)-(157, 4)",b'union {\n    double d;\n    unsigned int i[2];\n...'
VTK,../repos/VTK/Imaging/Core/vtkImageInterpolatorInternals.h,"(162, 3)-(165, 4)",b'union {\n    double d;\n    unsigned int i[2];\n...'
