Repo name,File name,Location,Content
VTK,../repos/VTK/Geovis/GDAL/vtkGDALRasterConverter.cxx,"(228, 5)-(228, 39)",b'using T = vtk::GetAPIType<ArrayT>;'
VTK,../repos/VTK/Geovis/GDAL/vtkGDALRasterConverter.cxx,"(360, 3)-(360, 49)",b'using Dispatcher = vtkArrayDispatch::Dispatch;'
VTK,../repos/VTK/Rendering/Core/vtkRayCastStructures.h,"(70, 1)-(70, 54)",b'using vtkRayCastRayInfo = struct vtkRayCastRa...'
VTK,../repos/VTK/Rendering/Core/vtkCompositeCellGridMapper.cxx,"(216, 5)-(216, 45)",b'using Opts = vtk::DataObjectTreeOptions;'
VTK,../repos/VTK/Rendering/Core/vtkCompositeCellGridMapper.cxx,"(610, 5)-(610, 45)",b'using Opts = vtk::DataObjectTreeOptions;'
VTK,../repos/VTK/Rendering/Core/vtkCompositePolyDataMapper.cxx,"(629, 5)-(629, 45)",b'using Opts = vtk::DataObjectTreeOptions;'
VTK,../repos/VTK/Rendering/Core/vtkCompositePolyDataMapper.cxx,"(820, 5)-(820, 45)",b'using Opts = vtk::DataObjectTreeOptions;'
VTK,../repos/VTK/Rendering/Core/Testing/Cxx/TestCompositePolyDataMapperCameraShiftScale.cxx,"(80, 5)-(80, 61)",b'using SSMType = vtkPolyDataMapper::ShiftScale...'
VTK,../repos/VTK/Rendering/Core/Testing/Cxx/TestCompositePolyDataMapperCameraShiftScale.cxx,"(126, 3)-(126, 59)",b'using SSMType = vtkPolyDataMapper::ShiftScale...'
VTK,../repos/VTK/Rendering/Core/Testing/Cxx/TestResizingWindowToImageFilter.cxx,"(50, 3)-(50, 42)","b'using Resolution = std::pair<int, int>;'"
VTK,../repos/VTK/Rendering/Core/vtkLODProp3D.h,"(45, 1)-(45, 54)",b'using vtkLODProp3DEntry = struct vtkLODProp3D...'
VTK,../repos/VTK/Rendering/Core/vtkViewport.cxx,"(395, 3)-(395, 74)",b'using ul_type = std::underlying_type<vtkViewp...'
VTK,../repos/VTK/Rendering/Core/vtkCompositeDataDisplayAttributes.cxx,"(1011, 5)-(1011, 45)",b'using Opts = vtk::DataObjectTreeOptions;'
VTK,../repos/VTK/Rendering/Core/vtkCompositeDataDisplayAttributes.cxx,"(1057, 5)-(1057, 45)",b'using Opts = vtk::DataObjectTreeOptions;'
VTK,../repos/VTK/Rendering/Core/vtkCellPicker.cxx,"(405, 7)-(405, 49)",b'using Opts = vtk::CompositeDataSetOptions;'
VTK,../repos/VTK/Rendering/Core/vtkGlyph3DMapper.cxx,"(766, 3)-(766, 45)",b'using Opts = vtk::CompositeDataSetOptions;'
VTK,../repos/VTK/Rendering/Core/vtkPolyDataMapper.h,"(43, 3)-(43, 41)",b'using MapperHashType = std::uintptr_t;'
VTK,../repos/VTK/Rendering/Core/vtkCompositeDataDisplayAttributes.h,"(374, 3)-(374, 60)",b'using BoolMap = std::unordered_map<vtkDataObj...'
VTK,../repos/VTK/Rendering/Core/vtkCompositeDataDisplayAttributes.h,"(375, 3)-(375, 64)",b'using DoubleMap = std::unordered_map<vtkDataO...'
VTK,../repos/VTK/Rendering/Core/vtkCompositeDataDisplayAttributes.h,"(376, 3)-(376, 58)",b'using IntMap = std::unordered_map<vtkDataObje...'
VTK,../repos/VTK/Rendering/Core/vtkCompositeDataDisplayAttributes.h,"(377, 3)-(377, 70)",b'using VtkIdTypeMap = std::unordered_map<vtkDa...'
VTK,../repos/VTK/Rendering/Core/vtkCompositeDataDisplayAttributes.h,"(378, 3)-(378, 67)",b'using ColorMap = std::unordered_map<vtkDataOb...'
VTK,../repos/VTK/Rendering/Core/vtkCompositeDataDisplayAttributes.h,"(379, 3)-(379, 68)",b'using RangeMap = std::unordered_map<vtkDataOb...'
VTK,../repos/VTK/Rendering/Core/vtkCompositeDataDisplayAttributes.h,"(380, 3)-(380, 69)",b'using StringMap = std::unordered_map<vtkDataO...'
VTK,../repos/VTK/Rendering/Core/vtkCompositeDataDisplayAttributes.h,"(381, 3)-(381, 98)",b'using LookupTableMap = std::unordered_map<vtk...'
VTK,../repos/VTK/Imaging/Fourier/vtkImageFourierFilter.h,"(29, 1)-(29, 50)",b'using vtkImageComplex = struct vtkImageComplex_t;'
VTK,../repos/VTK/Imaging/Morphological/vtkImageIslandRemoval2D.h,"(27, 1)-(27, 62)",b'using vtkImage2DIslandPixel = struct vtkImage...'
VTK,../repos/VTK/Imaging/Core/vtkGenericImageInterpolator.cxx,"(354, 1)-(354, 79)",b'using vtkDefaultImageNLCInterpolate = vtkImag...'
VTK,../repos/VTK/Imaging/Core/vtkGenericImageInterpolator.cxx,"(396, 3)-(396, 88)",b'using Dispatcher = vtkArrayDispatch::Dispatch...'
VTK,../repos/VTK/Imaging/Core/vtkGenericImageInterpolator.cxx,"(728, 1)-(728, 85)",b'using vtkDefaultImageNLCRowInterpolate = vtkI...'
VTK,../repos/VTK/Imaging/Core/vtkGenericImageInterpolator.cxx,"(771, 3)-(771, 88)",b'using Dispatcher = vtkArrayDispatch::Dispatch...'
VTK,../repos/VTK/Imaging/Core/vtkImageDifference.cxx,"(18, 1)-(18, 56)","b'using max_ncomps_array_t = std::array<int, MA...'"
