Repo name,File name,Location,Content
mxnet,../repos/mxnet/3rdparty/mshadow/mshadow/bfloat.h,"(62, 46)-(62, 54)",b'const volatile T& a'
mxnet,../repos/mxnet/3rdparty/mshadow/mshadow/bfloat.h,"(62, 61)-(62, 69)",b'bf16_t operator AOP (const volatile T& a) volatile'
mxnet,../repos/mxnet/3rdparty/mshadow/mshadow/bfloat.h,"(142, 46)-(142, 54)",b'const volatile float& value'
mxnet,../repos/mxnet/3rdparty/mshadow/mshadow/bfloat.h,"(142, 75)-(142, 83)",b'(const volatile float& value) const volatile'
mxnet,../repos/mxnet/3rdparty/mshadow/mshadow/bfloat.h,"(143, 35)-(143, 43)",b'const volatile uint16_t*'
mxnet,../repos/mxnet/3rdparty/mshadow/mshadow/bfloat.h,"(152, 43)-(152, 51)",b'const volatile uint16_t& value'
mxnet,../repos/mxnet/3rdparty/mshadow/mshadow/bfloat.h,"(152, 75)-(152, 83)",b'(const volatile uint16_t& value) const volatile'
mxnet,../repos/mxnet/3rdparty/mshadow/mshadow/half.h,"(45, 51)-(45, 59)",b'const volatile __half& h'
mxnet,../repos/mxnet/3rdparty/mshadow/mshadow/half.h,"(82, 46)-(82, 54)",b'const volatile T& a'
mxnet,../repos/mxnet/3rdparty/mshadow/mshadow/half.h,"(82, 61)-(82, 69)",b'half_t operator AOP (const volatile T& a) volatile'
mxnet,../repos/mxnet/3rdparty/mshadow/mshadow/half.h,"(263, 45)-(263, 53)",b'const volatile float& value'
mxnet,../repos/mxnet/3rdparty/mshadow/mshadow/half.h,"(263, 74)-(263, 82)",b'float2half(const volatile float& value) const...'
mxnet,../repos/mxnet/3rdparty/mshadow/mshadow/half.h,"(321, 42)-(321, 50)",b'const volatile uint16_t& value'
mxnet,../repos/mxnet/3rdparty/mshadow/mshadow/half.h,"(321, 74)-(321, 82)",b'half2float(const volatile uint16_t& value) co...'
mxnet,../repos/mxnet/src/c_api/c_api_profile.cc,"(80, 3)-(80, 11)",b'volatile bool ignore_call_ = false;'
mxnet,../repos/mxnet/src/profiler/profiler.h,"(456, 3)-(456, 11)",b'volatile bool enable_output_;'
mxnet,../repos/mxnet/src/profiler/profiler.h,"(474, 3)-(474, 11)",b'volatile bool continuous_dump_ = false;'
mxnet,../repos/mxnet/src/profiler/profiler.h,"(476, 3)-(476, 11)",b'volatile uint64_t num_records_emitted_ = 0;'
mxnet,../repos/mxnet/src/profiler/profiler.h,"(478, 3)-(478, 11)",b'volatile uint64_t profile_dump_count_;'
mxnet,../repos/mxnet/src/profiler/profiler.h,"(480, 3)-(480, 11)",b'volatile bool paused_ = false;'
mxnet,../repos/mxnet/src/operator/tensor/broadcast_reduce_op.h,"(1600, 38)-(1600, 46)",b'volatile DType& dst'
mxnet,../repos/mxnet/src/operator/tensor/broadcast_reduce_op.h,"(1600, 59)-(1600, 67)",b'volatile DType src'
mxnet,../repos/mxnet/src/operator/tensor/broadcast_reduce_op.h,"(1605, 38)-(1605, 46)",b'volatile DType& dst'
mxnet,../repos/mxnet/src/operator/tensor/broadcast_reduce_op.h,"(1606, 38)-(1606, 46)",b'volatile DType src'
mxnet,../repos/mxnet/src/operator/tensor/broadcast_reduce_op.h,"(1607, 38)-(1607, 46)",b'volatile DType& residual'
mxnet,../repos/mxnet/src/operator/operator_tune.h,"(213, 10)-(213, 18)",b'static volatile tune::TuningMode tuning_mode_;'
mxnet,../repos/mxnet/src/operator/nn/batch_norm-inl.h,"(478, 8)-(478, 16)",b'extern volatile bool disable_mkl;'
mxnet,../repos/mxnet/src/operator/nn/batch_norm.cc,"(42, 1)-(42, 9)",b'volatile bool disable_mkl = false;'
mxnet,../repos/mxnet/src/operator/numpy/linalg/np_norm-inl.h,"(52, 42)-(52, 50)",b'volatile double src'
mxnet,../repos/mxnet/src/operator/numpy/linalg/np_norm-inl.h,"(52, 63)-(52, 71)",b'volatile double p'
mxnet,../repos/mxnet/src/operator/numpy/linalg/np_norm-inl.h,"(66, 31)-(66, 39)",b'volatile AType& sum_of_powers'
mxnet,../repos/mxnet/src/operator/numpy/linalg/np_norm-inl.h,"(66, 62)-(66, 70)",b'volatile DType src'
mxnet,../repos/mxnet/src/operator/numpy/linalg/np_norm-inl.h,"(74, 31)-(74, 39)",b'volatile AType& sum_of_powers'
mxnet,../repos/mxnet/src/operator/numpy/linalg/np_norm-inl.h,"(75, 31)-(75, 39)",b'volatile DType src'
mxnet,../repos/mxnet/src/operator/numpy/linalg/np_norm-inl.h,"(76, 31)-(76, 39)",b'volatile DType& scale'
mxnet,../repos/mxnet/src/operator/numpy/linalg/np_norm-inl.h,"(96, 37)-(96, 45)",b'volatile DType& dst_val'
mxnet,../repos/mxnet/src/operator/numpy/linalg/np_norm-inl.h,"(97, 37)-(97, 45)",b'volatile DType& src_val'
mxnet,../repos/mxnet/src/operator/numpy/linalg/np_norm-inl.h,"(103, 37)-(103, 45)",b'volatile DType& dst_ssq'
mxnet,../repos/mxnet/src/operator/numpy/linalg/np_norm-inl.h,"(104, 37)-(104, 45)",b'volatile DType& dst_scale'
mxnet,../repos/mxnet/src/operator/numpy/linalg/np_norm-inl.h,"(105, 37)-(105, 45)",b'volatile DType& src_ssq'
mxnet,../repos/mxnet/src/operator/numpy/linalg/np_norm-inl.h,"(106, 37)-(106, 45)",b'volatile DType& src_scale'
mxnet,../repos/mxnet/src/operator/numpy/linalg/np_norm-inl.h,"(117, 33)-(117, 41)",b'volatile DType& sum_of_powers'
mxnet,../repos/mxnet/src/operator/numpy/linalg/np_norm-inl.h,"(125, 33)-(125, 41)",b'volatile DType& sum_of_powers'
mxnet,../repos/mxnet/src/operator/numpy/linalg/np_norm-inl.h,"(126, 33)-(126, 41)",b'volatile DType& scale'
mxnet,../repos/mxnet/src/operator/operator_tune-inl.h,"(526, 10)-(526, 18)",b'static volatile int volatile_int_;'
mxnet,../repos/mxnet/src/operator/operator_tune-inl.h,"(555, 5)-(555, 13)",b'volatile DType* res = &tmp;'
mxnet,../repos/mxnet/src/operator/operator_tune-inl.h,"(574, 5)-(574, 13)",b'volatile DType* res = &tmp;'
mxnet,../repos/mxnet/src/operator/operator_tune-inl.h,"(593, 5)-(593, 13)",b'volatile DType* res = &tmp;'
mxnet,../repos/mxnet/src/operator/operator_tune-inl.h,"(612, 5)-(612, 13)",b'volatile DType* res = &tmp;'
mxnet,../repos/mxnet/src/operator/mshadow_op.h,"(1479, 38)-(1479, 46)",b'volatile DType& dst'
mxnet,../repos/mxnet/src/operator/mshadow_op.h,"(1479, 59)-(1479, 67)",b'volatile DType src'
mxnet,../repos/mxnet/src/operator/mshadow_op.h,"(1484, 38)-(1484, 46)",b'volatile DType& dst'
mxnet,../repos/mxnet/src/operator/mshadow_op.h,"(1485, 38)-(1485, 46)",b'volatile DType src'
mxnet,../repos/mxnet/src/operator/mshadow_op.h,"(1486, 38)-(1486, 46)",b'volatile DType& none'
mxnet,../repos/mxnet/src/operator/mshadow_op.h,"(1491, 37)-(1491, 45)",b'volatile DType& dst_val'
mxnet,../repos/mxnet/src/operator/mshadow_op.h,"(1492, 37)-(1492, 45)",b'volatile DType& src_val'
mxnet,../repos/mxnet/src/operator/mshadow_op.h,"(1497, 37)-(1497, 45)",b'volatile DType& dst_val'
mxnet,../repos/mxnet/src/operator/mshadow_op.h,"(1498, 37)-(1498, 45)",b'volatile DType& dst_residual'
mxnet,../repos/mxnet/src/operator/mshadow_op.h,"(1499, 37)-(1499, 45)",b'volatile DType& src_val'
mxnet,../repos/mxnet/src/operator/mshadow_op.h,"(1500, 37)-(1500, 45)",b'volatile DType& src_residual'
mxnet,../repos/mxnet/src/operator/mshadow_op.h,"(1505, 40)-(1505, 48)",b'volatile DType& dst'
mxnet,../repos/mxnet/src/operator/mshadow_op.h,"(1508, 40)-(1508, 48)",b'volatile DType& dst'
mxnet,../repos/mxnet/src/operator/mshadow_op.h,"(1508, 61)-(1508, 69)",b'volatile DType& none'
mxnet,../repos/mxnet/src/operator/mshadow_op.h,"(1611, 38)-(1611, 46)",b'volatile DType& dst'
mxnet,../repos/mxnet/src/operator/mshadow_op.h,"(1611, 59)-(1611, 67)",b'volatile DType src'
mxnet,../repos/mxnet/src/operator/mshadow_op.h,"(1618, 38)-(1618, 46)",b'volatile DType& dst'
mxnet,../repos/mxnet/src/operator/mshadow_op.h,"(1619, 38)-(1619, 46)",b'volatile DType src'
mxnet,../repos/mxnet/src/operator/mshadow_op.h,"(1620, 38)-(1620, 46)",b'volatile DType& residual'
mxnet,../repos/mxnet/src/operator/mshadow_op.h,"(1630, 37)-(1630, 45)",b'volatile DType& dst_val'
mxnet,../repos/mxnet/src/operator/mshadow_op.h,"(1631, 37)-(1631, 45)",b'volatile DType& src_val'
mxnet,../repos/mxnet/src/operator/mshadow_op.h,"(1636, 37)-(1636, 45)",b'volatile DType& dst_val'
mxnet,../repos/mxnet/src/operator/mshadow_op.h,"(1637, 37)-(1637, 45)",b'volatile DType& dst_residual'
mxnet,../repos/mxnet/src/operator/mshadow_op.h,"(1638, 37)-(1638, 45)",b'volatile DType& src_val'
mxnet,../repos/mxnet/src/operator/mshadow_op.h,"(1639, 37)-(1639, 45)",b'volatile DType& src_residual'
mxnet,../repos/mxnet/src/operator/mshadow_op.h,"(1648, 40)-(1648, 48)",b'volatile DType& dst'
mxnet,../repos/mxnet/src/operator/mshadow_op.h,"(1651, 40)-(1651, 48)",b'volatile DType& dst'
mxnet,../repos/mxnet/src/operator/mshadow_op.h,"(1652, 40)-(1652, 48)",b'volatile DType& residual'
mxnet,../repos/mxnet/src/operator/mshadow_op.h,"(1682, 38)-(1682, 46)",b'volatile DType& dst'
mxnet,../repos/mxnet/src/operator/mshadow_op.h,"(1682, 59)-(1682, 67)",b'volatile DType src'
mxnet,../repos/mxnet/src/operator/mshadow_op.h,"(1689, 38)-(1689, 46)",b'volatile DType& dst'
mxnet,../repos/mxnet/src/operator/mshadow_op.h,"(1690, 38)-(1690, 46)",b'volatile DType src'
mxnet,../repos/mxnet/src/operator/mshadow_op.h,"(1691, 38)-(1691, 46)",b'volatile DType& none'
mxnet,../repos/mxnet/src/operator/mshadow_op.h,"(1696, 37)-(1696, 45)",b'volatile DType& dst_val'
mxnet,../repos/mxnet/src/operator/mshadow_op.h,"(1697, 37)-(1697, 45)",b'volatile DType& src_val'
mxnet,../repos/mxnet/src/operator/mshadow_op.h,"(1702, 37)-(1702, 45)",b'volatile DType& dst_val'
mxnet,../repos/mxnet/src/operator/mshadow_op.h,"(1703, 37)-(1703, 45)",b'volatile DType& dst_residual'
mxnet,../repos/mxnet/src/operator/mshadow_op.h,"(1704, 37)-(1704, 45)",b'volatile DType& src_val'
mxnet,../repos/mxnet/src/operator/mshadow_op.h,"(1705, 37)-(1705, 45)",b'volatile DType& src_residual'
mxnet,../repos/mxnet/src/operator/mshadow_op.h,"(1710, 40)-(1710, 48)",b'volatile DType& dst'
mxnet,../repos/mxnet/src/operator/mshadow_op.h,"(1713, 40)-(1713, 48)",b'volatile DType& dst'
mxnet,../repos/mxnet/src/operator/mshadow_op.h,"(1713, 61)-(1713, 69)",b'volatile DType& none'
mxnet,../repos/mxnet/src/operator/mshadow_op.h,"(1735, 38)-(1735, 46)",b'volatile AType& sum_of_squares'
mxnet,../repos/mxnet/src/operator/mshadow_op.h,"(1736, 38)-(1736, 46)",b'volatile DType src'
mxnet,../repos/mxnet/src/operator/mshadow_op.h,"(1741, 38)-(1741, 46)",b'volatile AType& sum_of_squares'
mxnet,../repos/mxnet/src/operator/mshadow_op.h,"(1742, 38)-(1742, 46)",b'volatile DType src'
mxnet,../repos/mxnet/src/operator/mshadow_op.h,"(1743, 38)-(1743, 46)",b'volatile DType& scale'
mxnet,../repos/mxnet/src/operator/mshadow_op.h,"(1756, 37)-(1756, 45)",b'volatile DType& dst_val'
mxnet,../repos/mxnet/src/operator/mshadow_op.h,"(1757, 37)-(1757, 45)",b'volatile DType& src_val'
mxnet,../repos/mxnet/src/operator/mshadow_op.h,"(1762, 37)-(1762, 45)",b'volatile DType& dst_ssq'
mxnet,../repos/mxnet/src/operator/mshadow_op.h,"(1763, 37)-(1763, 45)",b'volatile DType& dst_scale'
mxnet,../repos/mxnet/src/operator/mshadow_op.h,"(1764, 37)-(1764, 45)",b'volatile DType& src_ssq'
mxnet,../repos/mxnet/src/operator/mshadow_op.h,"(1765, 37)-(1765, 45)",b'volatile DType& src_scale'
mxnet,../repos/mxnet/src/operator/mshadow_op.h,"(1775, 40)-(1775, 48)",b'volatile DType& sum_of_squares'
mxnet,../repos/mxnet/src/operator/mshadow_op.h,"(1780, 40)-(1780, 48)",b'volatile DType& sum_of_squares'
mxnet,../repos/mxnet/src/operator/mshadow_op.h,"(1781, 40)-(1781, 48)",b'volatile DType& scale'
mxnet,../repos/mxnet/src/operator/mshadow_op.h,"(1818, 38)-(1818, 46)",b'volatile AType& dst'
mxnet,../repos/mxnet/src/operator/mshadow_op.h,"(1818, 59)-(1818, 67)",b'volatile DType src'
mxnet,../repos/mxnet/src/operator/mshadow_op.h,"(1823, 38)-(1823, 46)",b'volatile AType& dst'
mxnet,../repos/mxnet/src/operator/mshadow_op.h,"(1824, 38)-(1824, 46)",b'volatile DType src'
mxnet,../repos/mxnet/src/operator/mshadow_op.h,"(1825, 38)-(1825, 46)",b'volatile DType& residual'
mxnet,../repos/mxnet/src/operator/mshadow_op.h,"(1833, 37)-(1833, 45)",b'volatile DType& dst_val'
mxnet,../repos/mxnet/src/operator/mshadow_op.h,"(1834, 37)-(1834, 45)",b'volatile DType& src_val'
mxnet,../repos/mxnet/src/operator/mshadow_op.h,"(1839, 37)-(1839, 45)",b'volatile DType& dst_val'
mxnet,../repos/mxnet/src/operator/mshadow_op.h,"(1840, 37)-(1840, 45)",b'volatile DType& dst_residual'
mxnet,../repos/mxnet/src/operator/mshadow_op.h,"(1841, 37)-(1841, 45)",b'volatile DType& src_val'
mxnet,../repos/mxnet/src/operator/mshadow_op.h,"(1842, 37)-(1842, 45)",b'volatile DType& src_residual'
mxnet,../repos/mxnet/src/operator/mshadow_op.h,"(1851, 40)-(1851, 48)",b'volatile DType& dst'
mxnet,../repos/mxnet/src/operator/mshadow_op.h,"(1854, 40)-(1854, 48)",b'volatile DType& dst'
mxnet,../repos/mxnet/src/operator/mshadow_op.h,"(1855, 40)-(1855, 48)",b'volatile DType& residual'
mxnet,../repos/mxnet/src/operator/mshadow_op.h,"(1886, 38)-(1886, 46)",b'volatile AType& dst'
mxnet,../repos/mxnet/src/operator/mshadow_op.h,"(1886, 59)-(1886, 67)",b'volatile DType src'
mxnet,../repos/mxnet/src/operator/mshadow_op.h,"(1894, 38)-(1894, 46)",b'volatile AType& dst'
mxnet,../repos/mxnet/src/operator/mshadow_op.h,"(1895, 38)-(1895, 46)",b'volatile DType src'
mxnet,../repos/mxnet/src/operator/mshadow_op.h,"(1896, 38)-(1896, 46)",b'volatile DType& residual'
mxnet,../repos/mxnet/src/operator/mshadow_op.h,"(1904, 37)-(1904, 45)",b'volatile DType& dst_val'
mxnet,../repos/mxnet/src/operator/mshadow_op.h,"(1905, 37)-(1905, 45)",b'volatile DType& src_val'
mxnet,../repos/mxnet/src/operator/mshadow_op.h,"(1913, 37)-(1913, 45)",b'volatile DType& dst_val'
mxnet,../repos/mxnet/src/operator/mshadow_op.h,"(1914, 37)-(1914, 45)",b'volatile DType& dst_residual'
mxnet,../repos/mxnet/src/operator/mshadow_op.h,"(1915, 37)-(1915, 45)",b'volatile DType& src_val'
mxnet,../repos/mxnet/src/operator/mshadow_op.h,"(1916, 37)-(1916, 45)",b'volatile DType& src_residual'
mxnet,../repos/mxnet/src/operator/mshadow_op.h,"(1924, 40)-(1924, 48)",b'volatile DType& dst'
mxnet,../repos/mxnet/src/operator/mshadow_op.h,"(1927, 40)-(1927, 48)",b'volatile DType& dst'
mxnet,../repos/mxnet/src/operator/mshadow_op.h,"(1928, 40)-(1928, 48)",b'volatile DType& residual'
mxnet,../repos/mxnet/src/operator/mshadow_op.h,"(1958, 38)-(1958, 46)",b'volatile AType& dst'
mxnet,../repos/mxnet/src/operator/mshadow_op.h,"(1958, 59)-(1958, 67)",b'volatile DType src'
mxnet,../repos/mxnet/src/operator/mshadow_op.h,"(1966, 38)-(1966, 46)",b'volatile AType& dst'
mxnet,../repos/mxnet/src/operator/mshadow_op.h,"(1967, 38)-(1967, 46)",b'volatile DType src'
mxnet,../repos/mxnet/src/operator/mshadow_op.h,"(1968, 38)-(1968, 46)",b'volatile DType& residual'
mxnet,../repos/mxnet/src/operator/mshadow_op.h,"(1976, 37)-(1976, 45)",b'volatile DType& dst_val'
mxnet,../repos/mxnet/src/operator/mshadow_op.h,"(1977, 37)-(1977, 45)",b'volatile DType& src_val'
mxnet,../repos/mxnet/src/operator/mshadow_op.h,"(1985, 37)-(1985, 45)",b'volatile DType& dst_val'
mxnet,../repos/mxnet/src/operator/mshadow_op.h,"(1986, 37)-(1986, 45)",b'volatile DType& dst_residual'
mxnet,../repos/mxnet/src/operator/mshadow_op.h,"(1987, 37)-(1987, 45)",b'volatile DType& src_val'
mxnet,../repos/mxnet/src/operator/mshadow_op.h,"(1988, 37)-(1988, 45)",b'volatile DType& src_residual'
mxnet,../repos/mxnet/src/operator/mshadow_op.h,"(1996, 40)-(1996, 48)",b'volatile DType& dst'
mxnet,../repos/mxnet/src/operator/mshadow_op.h,"(1999, 40)-(1999, 48)",b'volatile DType& dst'
mxnet,../repos/mxnet/src/operator/mshadow_op.h,"(2000, 40)-(2000, 48)",b'volatile DType& residual'
mxnet,../repos/mxnet/src/initialize.cc,"(400, 3)-(400, 11)",b'volatile LibraryInitializer* library_init = L...'
mxnet,../repos/mxnet/src/engine/openmp.h,"(105, 3)-(105, 11)",b'volatile bool enabled_ = true;'
mxnet,../repos/mxnet/src/engine/openmp.h,"(109, 3)-(109, 11)",b'volatile int omp_thread_max_ = 0;'
mxnet,../repos/mxnet/src/engine/openmp.h,"(113, 3)-(113, 11)",b'volatile int reserve_cores_ = 0;'
mxnet,../repos/mxnet/tests/cpp/operator/batchnorm_test.cc,"(1003, 20)-(1003, 28)",b'volatile bool'
