Repo name,File name,Location,Content
mxnet,../repos/mxnet/src/c_api/c_api_profile.cc,"(88, 8)-(88, 20)",b'static thread_local ProfilingThreadData threa...'
mxnet,../repos/mxnet/src/imperative/cached_op_threadsafe.h,"(74, 8)-(74, 20)",b'static thread_local std::vector<NDArray> buff;'
mxnet,../repos/mxnet/src/imperative/imperative.cc,"(33, 1)-(33, 13)",b'thread_local bool Imperative::is_train_      ...'
mxnet,../repos/mxnet/src/imperative/imperative.cc,"(34, 1)-(34, 13)",b'thread_local bool Imperative::is_recording_  ...'
mxnet,../repos/mxnet/src/imperative/imperative.cc,"(35, 1)-(35, 13)",b'thread_local bool Imperative::is_deferred_com...'
mxnet,../repos/mxnet/src/imperative/imperative.cc,"(36, 1)-(36, 13)",b'thread_local OptConstraint Imperative::opt_co...'
mxnet,../repos/mxnet/src/imperative/imperative.cc,"(37, 1)-(37, 13)",b'thread_local bool Imperative::is_np_shape_thr...'
mxnet,../repos/mxnet/src/operator/cudnn_ops.cc,"(419, 3)-(419, 15)",b'thread_local bool done = false;'
mxnet,../repos/mxnet/src/operator/cudnn_ops.cc,"(915, 3)-(915, 15)",b'thread_local auto y_desc = MakeLegacyTensor();'
mxnet,../repos/mxnet/src/operator/cudnn_ops.cc,"(916, 3)-(916, 15)",b'thread_local auto b_desc = MakeLegacyTensor();'
mxnet,../repos/mxnet/src/operator/cudnn_ops.cc,"(937, 3)-(937, 15)",b'thread_local auto db_desc = MakeLegacyTensor();'
mxnet,../repos/mxnet/src/operator/cudnn_ops.cc,"(938, 3)-(938, 15)",b'thread_local auto dy_desc = MakeLegacyTensor();'
mxnet,../repos/mxnet/src/operator/nn/dnnl/dnnl_layer_norm.cc,"(65, 10)-(65, 22)",b'static thread_local layernorm_fwd_map layer_n...'
mxnet,../repos/mxnet/src/operator/nn/dnnl/dnnl_layer_norm.cc,"(224, 10)-(224, 22)",b'static thread_local layernorm_bwd_map layer_n...'
mxnet,../repos/mxnet/src/operator/nn/dnnl/dnnl_lrn-inl.h,"(147, 10)-(147, 22)",b'static thread_local std::unordered_map<DNNLLR...'
mxnet,../repos/mxnet/src/operator/nn/dnnl/dnnl_lrn-inl.h,"(221, 10)-(221, 22)",b'static thread_local std::unordered_map<DNNLLR...'
mxnet,../repos/mxnet/src/operator/nn/dnnl/dnnl_softmax.cc,"(70, 10)-(70, 22)",b'static thread_local std::unordered_map<DNNLSo...'
mxnet,../repos/mxnet/src/operator/nn/dnnl/dnnl_softmax.cc,"(191, 10)-(191, 22)",b'static thread_local std::unordered_map<DNNLSo...'
mxnet,../repos/mxnet/src/operator/nn/dnnl/dnnl_concat.cc,"(64, 10)-(64, 22)",b'static thread_local std::unordered_map<OpSign...'
mxnet,../repos/mxnet/src/operator/nn/dnnl/dnnl_pooling.cc,"(279, 10)-(279, 22)",b'static thread_local std::unordered_map<DNNLPo...'
mxnet,../repos/mxnet/src/operator/nn/dnnl/dnnl_pooling.cc,"(342, 10)-(342, 22)",b'static thread_local std::unordered_map<DNNLPo...'
mxnet,../repos/mxnet/src/operator/nn/dnnl/dnnl_transpose.cc,"(99, 10)-(99, 22)",b'static thread_local std::unordered_map<DNNLTr...'
mxnet,../repos/mxnet/src/operator/nn/dnnl/dnnl_base.cc,"(32, 10)-(32, 22)",b'static thread_local DNNLStream stream;'
mxnet,../repos/mxnet/src/operator/nn/dnnl/dnnl_act.cc,"(130, 10)-(130, 22)",b'static thread_local std::unordered_map<DNNLAc...'
mxnet,../repos/mxnet/src/operator/nn/dnnl/dnnl_act.cc,"(216, 10)-(216, 22)",b'static thread_local std::unordered_map<DNNLAc...'
mxnet,../repos/mxnet/src/operator/nn/dnnl/dnnl_reshape.cc,"(104, 10)-(104, 22)",b'static thread_local std::unordered_map<DNNLRe...'
mxnet,../repos/mxnet/src/operator/nn/dnnl/dnnl_softmax_output.cc,"(71, 10)-(71, 22)",b'static thread_local std::unordered_map<DNNLSo...'
mxnet,../repos/mxnet/src/operator/nn/dnnl/dnnl_masked_softmax.cc,"(58, 10)-(58, 22)",b'static thread_local maskedsoftmax_fwd_map fwds;'
mxnet,../repos/mxnet/src/operator/nn/dnnl/dnnl_fully_connected.cc,"(133, 10)-(133, 22)",b'static thread_local std::unordered_map<DNNLFu...'
mxnet,../repos/mxnet/src/operator/nn/dnnl/dnnl_split.cc,"(60, 10)-(60, 22)",b'static thread_local std::unordered_map<DNNLSp...'
mxnet,../repos/mxnet/src/operator/nn/dnnl/dnnl_eltwise.cc,"(40, 10)-(40, 22)",b'static thread_local std::unordered_map<DNNLEl...'
mxnet,../repos/mxnet/src/operator/nn/dnnl/dnnl_batch_dot.cc,"(46, 10)-(46, 22)",b'static thread_local batch_dot_fwd_map fwds;'
mxnet,../repos/mxnet/src/operator/nn/dnnl/dnnl_sum.cc,"(40, 10)-(40, 22)",b'static thread_local std::unordered_map<DNNLSu...'
mxnet,../repos/mxnet/src/operator/nn/dnnl/dnnl_rnn.cc,"(514, 10)-(514, 22)",b'static thread_local std::unordered_map<OpSign...'
mxnet,../repos/mxnet/src/operator/nn/dnnl/dnnl_dot.cc,"(50, 10)-(50, 22)",b'static thread_local dot_fwd_map fwds;'
mxnet,../repos/mxnet/src/operator/nn/dnnl/dnnl_log_softmax.cc,"(90, 10)-(90, 22)",b'static thread_local std::unordered_map<DNNLSo...'
mxnet,../repos/mxnet/src/operator/nn/dnnl/dnnl_log_softmax.cc,"(156, 10)-(156, 22)",b'static thread_local std::unordered_map<DNNLSo...'
mxnet,../repos/mxnet/src/operator/nn/dnnl/dnnl_base-inl.h,"(462, 12)-(462, 24)",b'static thread_local TmpMemMgr mgr;'
mxnet,../repos/mxnet/src/operator/nn/dnnl/dnnl_convolution.cc,"(437, 10)-(437, 22)",b'static thread_local conv_fwd_map fwds;'
mxnet,../repos/mxnet/src/operator/nn/dnnl/dnnl_convolution.cc,"(555, 10)-(555, 22)",b'static thread_local dnnl_conv_bwd_map bwds;'
mxnet,../repos/mxnet/src/operator/nn/dnnl/dnnl_where.cc,"(66, 10)-(66, 22)",b'static thread_local where_op_fwd_map fwds;'
mxnet,../repos/mxnet/src/operator/nn/dnnl/dnnl_binary-inl.h,"(63, 10)-(63, 22)",b'static thread_local binary_op_fwd_map fwds;'
mxnet,../repos/mxnet/src/operator/nn/dnnl/dnnl_reduce.cc,"(142, 10)-(142, 22)",b'static thread_local std::unordered_map<DNNLRe...'
mxnet,../repos/mxnet/src/operator/nn/dnnl/dnnl_batch_norm.cc,"(67, 10)-(67, 22)",b'static thread_local std::unordered_map<DNNLBN...'
mxnet,../repos/mxnet/src/operator/nn/dnnl/dnnl_batch_norm.cc,"(218, 10)-(218, 22)",b'static thread_local std::unordered_map<DNNLBN...'
mxnet,../repos/mxnet/src/operator/nn/dnnl/dnnl_deconvolution.cc,"(85, 10)-(85, 22)",b'static thread_local deconv_fwd_map fwds;'
mxnet,../repos/mxnet/src/operator/nn/dnnl/dnnl_deconvolution.cc,"(228, 10)-(228, 22)",b'static thread_local deconv_bwd_map bwds;'
mxnet,../repos/mxnet/src/operator/nn/dnnl/dnnl_pow_mul_scalar.cc,"(37, 10)-(37, 22)",b'static thread_local std::unordered_map<DNNLPo...'
mxnet,../repos/mxnet/src/operator/quantization/dnnl/dnnl_quantized_elemwise_add.cc,"(64, 10)-(64, 22)",b'static thread_local std::unordered_map<OpSign...'
mxnet,../repos/mxnet/src/operator/quantization/dnnl/dnnl_quantized_elemwise_add.cc,"(113, 10)-(113, 22)",b'static thread_local std::unordered_map<OpSign...'
mxnet,../repos/mxnet/src/operator/subgraph/dnnl/dnnl_fc.cc,"(511, 10)-(511, 22)",b'static thread_local std::unordered_map<DNNLFu...'
mxnet,../repos/mxnet/src/io/dataset.cc,"(83, 12)-(83, 24)",b'static thread_local std::unique_ptr<dmlc::Str...'
mxnet,../repos/mxnet/src/io/dataset.cc,"(84, 12)-(84, 24)",b'static thread_local std::unique_ptr<dmlc::Rec...'
mxnet,../repos/mxnet/src/io/dataset.cc,"(92, 12)-(92, 24)",b'static thread_local std::string read_buff;'
mxnet,../repos/mxnet/include/mxnet/imperative.h,"(341, 10)-(341, 22)",b'static thread_local bool is_train_;'
mxnet,../repos/mxnet/include/mxnet/imperative.h,"(342, 10)-(342, 22)",b'static thread_local bool is_recording_;'
mxnet,../repos/mxnet/include/mxnet/imperative.h,"(343, 10)-(343, 22)",b'static thread_local bool is_deferred_compute_;'
mxnet,../repos/mxnet/include/mxnet/imperative.h,"(344, 10)-(344, 22)",b'static thread_local OptConstraint opt_constra...'
mxnet,../repos/mxnet/include/mxnet/imperative.h,"(347, 10)-(347, 22)",b'static thread_local bool is_np_shape_thread_l...'
mxnet,../repos/mxnet/cpp-package/example/inference/multi_threaded_inference/multi_threaded_inference.cc,"(250, 14)-(250, 26)",b'static thread_local std::mt19937 generator;'
mxnet,../repos/mxnet/plugin/torch/torch_base.cc,"(48, 3)-(48, 15)",b'thread_local TorchState* state = nullptr;'
mxnet,../repos/mxnet/tests/cpp/engine/threaded_engine_test.cc,"(66, 10)-(66, 22)",b'static thread_local std::mt19937 generator;'
