Repo name,File name,Location,Content
mxnet,../repos/mxnet/3rdparty/mshadow/mshadow/tensor_container.h,"(196, 7)-(201, 8)",b'try {\n        mshadow::FreeSpace(&data_);\n   ...'
mxnet,../repos/mxnet/src/c_api/c_api_symbolic.cc,"(572, 3)-(576, 4)",b'try {\n    g = mxnet::exec::InferShape(std::mo...'
mxnet,../repos/mxnet/src/common/tensor_inspector.h,"(646, 5)-(654, 6)","b'try {\n      file.open(filename, std::ios::out...'"
mxnet,../repos/mxnet/src/imperative/cached_op.cc,"(873, 3)-(886, 4)",b'try {\n    if (config_.is_dynamic || CheckDyna...'
mxnet,../repos/mxnet/src/imperative/cached_op.cc,"(1122, 3)-(1131, 4)",b'try {\n    if (config_.static_alloc) {\n      S...'
mxnet,../repos/mxnet/src/imperative/cached_op.cc,"(1345, 3)-(1357, 4)",b'try {\n    param.Init(attrs->dict);\n  } catch ...'
mxnet,../repos/mxnet/src/imperative/cached_op_threadsafe.cc,"(178, 3)-(190, 4)",b'try {\n    if (CheckDynamicShapeExists(default...'
mxnet,../repos/mxnet/src/imperative/cached_op_threadsafe.cc,"(241, 3)-(253, 4)",b'try {\n    param.Init(attrs->dict);\n  } catch ...'
mxnet,../repos/mxnet/src/imperative/imperative.cc,"(723, 3)-(739, 4)","b'try {\n    RunGraph(retain_graph,\n            ...'"
mxnet,../repos/mxnet/src/imperative/cached_op.h,"(250, 5)-(261, 6)",b'try {\n      *grad_graph = pass::MXGradient(*f...'
mxnet,../repos/mxnet/src/imperative/naive_cached_op.cc,"(49, 3)-(112, 4)",b'try {\n    // Initialize\n    bool recording = ...'
mxnet,../repos/mxnet/src/imperative/infer_graph_attr_pass.cc,"(424, 9)-(442, 10)",b'try {\n          static auto& is_fusion = Op::...'
mxnet,../repos/mxnet/src/imperative/infer_graph_attr_pass.cc,"(732, 9)-(751, 10)",b'try {\n          static auto& is_fusion = Op::...'
mxnet,../repos/mxnet/src/nnvm/legacy_op_util.cc,"(55, 5)-(67, 6)",b'try {\n      ptr->Init(kwargs);\n    } catch (c...'
mxnet,../repos/mxnet/src/operator/custom/custom-inl.h,"(110, 7)-(120, 8)",b'try {\n        if (profiler::Profiler::Get()->...'
mxnet,../repos/mxnet/src/operator/custom/custom-inl.h,"(139, 13)-(147, 14)",b'try {\n              Throw();\n              fo...'
mxnet,../repos/mxnet/src/operator/fusion/fused_op.cc,"(36, 3)-(48, 4)",b'try {\n    param.Init(attrs->dict);\n  } catch ...'
mxnet,../repos/mxnet/src/operator/nn/convolution.cc,"(369, 3)-(381, 4)",b'try {\n    param_.Init(attrs->dict);\n  } catch...'
mxnet,../repos/mxnet/src/operator/nn/im2col.cc,"(40, 3)-(52, 4)",b'try {\n    param_.Init(attrs->dict);\n  } catch...'
mxnet,../repos/mxnet/src/operator/nn/dnnl/dnnl_fully_connected.cc,"(67, 5)-(77, 6)",b'try {\n      return dnnl::inner_product_forwar...'
mxnet,../repos/mxnet/src/operator/nn/dnnl/dnnl_rnn.cc,"(100, 3)-(112, 4)",b'try {\n    full_param.dnnl_param.Init(attrs.di...'
mxnet,../repos/mxnet/src/operator/nn/dnnl/dnnl_convolution.cc,"(114, 9)-(137, 10)",b'try {\n          // DNNL introduced padded for...'
mxnet,../repos/mxnet/src/operator/nn/dnnl/dnnl_convolution.cc,"(247, 5)-(264, 6)",b'try {\n      // DNNL introduced padded formats...'
mxnet,../repos/mxnet/src/operator/nn/dnnl/dnnl_convolution.cc,"(343, 5)-(360, 6)",b'try {\n      // DNNL introduced padded formats...'
mxnet,../repos/mxnet/src/operator/quantization/quantized_rnn.cc,"(190, 3)-(202, 4)","b'try {\n    param.Init(attrs->dict, dmlc::param...'"
mxnet,../repos/mxnet/src/operator/subgraph/dnnl/dnnl_fc.cc,"(581, 3)-(593, 4)",b'try {\n    full_param.dnnl_param.Init(attrs->d...'
mxnet,../repos/mxnet/src/operator/subgraph/dnnl/dnnl_conv.cc,"(442, 3)-(454, 4)",b'try {\n    param_.full_conv_param.dnnl_param.I...'
mxnet,../repos/mxnet/src/operator/operator_common.h,"(480, 3)-(492, 4)",b'try {\n    param.Init(attrs->dict);\n  } catch ...'
mxnet,../repos/mxnet/src/engine/threaded_engine.h,"(377, 7)-(413, 8)",b'try {\n        OnStart(threaded_opr);\n        ...'
mxnet,../repos/mxnet/src/engine/threaded_engine.h,"(382, 9)-(396, 10)",b'try {\n          if ((!(threaded_opr->opr_exce...'
mxnet,../repos/mxnet/include/mxnet/base.h,"(497, 3)-(518, 4)",b'try {\n    const std::string::size_type l = st...'
mxnet,../repos/mxnet/cpp-package/example/test_regress_label.cpp,"(45, 5)-(54, 6)",b'try {\n        symbol.SimpleBind(Context::cpu(...'
mxnet,../repos/mxnet/cpp-package/example/inference/sentiment_analysis_rnn.cpp,"(467, 3)-(486, 4)",b'try {\n    // Initialize the predictor object\n...'
