Repo name,File name,Location,Content
mxnet,../repos/mxnet/src/common/cuda/nvtx.h,"(37, 43)-(37, 51)",b'NVTXDuration(const char* name) noexcept'
mxnet,../repos/mxnet/src/imperative/simple_partition_pass.cc,"(36, 63)-(36, 71)","b'LargerSet(const IntervalVec* const first,\n   ...'"
mxnet,../repos/mxnet/src/imperative/simple_partition_pass.cc,"(103, 80)-(103, 88)","b'MergeSets(const IntervalVec** const my_set,\n ...'"
mxnet,../repos/mxnet/src/imperative/simple_partition_pass.cc,"(180, 83)-(180, 91)","b'Intersect(const IntervalVec& checked_sets, co...'"
mxnet,../repos/mxnet/src/imperative/simple_partition_pass.cc,"(201, 77)-(201, 85)","b'AddSet(const IntervalVec** const sets,\n      ...'"
mxnet,../repos/mxnet/src/imperative/simple_partition_pass.cc,"(213, 71)-(213, 79)","b'GetSetMapping(const int set, std::vector<int>...'"
mxnet,../repos/mxnet/src/imperative/simple_partition_pass.cc,"(234, 69)-(234, 77)",b'CheckAndUpdateCombinedExcludedSets(\n    const...'
mxnet,../repos/mxnet/src/imperative/simple_partition_pass.h,"(52, 63)-(52, 71)","b'LargerSet(const IntervalVec* const first,\n   ...'"
mxnet,../repos/mxnet/src/imperative/simple_partition_pass.h,"(58, 80)-(58, 88)","b'MergeSets(const IntervalVec** const my_set,\n ...'"
mxnet,../repos/mxnet/src/imperative/simple_partition_pass.h,"(63, 83)-(63, 91)","b'Intersect(const IntervalVec& checked_sets, co...'"
mxnet,../repos/mxnet/src/imperative/simple_partition_pass.h,"(69, 77)-(69, 85)","b'AddSet(const IntervalVec** const sets,\n      ...'"
mxnet,../repos/mxnet/src/imperative/simple_partition_pass.h,"(74, 71)-(74, 79)","b'GetSetMapping(const int set, std::vector<int>...'"
mxnet,../repos/mxnet/src/imperative/simple_partition_pass.h,"(79, 79)-(79, 87)","b'IsSamePass(const int my_id, const int their_i...'"
mxnet,../repos/mxnet/src/imperative/simple_partition_pass.h,"(108, 69)-(108, 77)",b'CheckAndUpdateCombinedExcludedSets(\n    const...'
mxnet,../repos/mxnet/src/profiler/profiler.h,"(537, 44)-(537, 52)",b'ProfileDomain(const char* name) noexcept'
mxnet,../repos/mxnet/src/profiler/profiler.h,"(570, 59)-(570, 67)","b'ProfileCounter(const char* name, ProfileDomai...'"
mxnet,../repos/mxnet/src/operator/subgraph/tensorrt/onnx_to_tensorrt.h,"(71, 48)-(71, 56)","b'log(Severity severity, const char* msg) noexc...'"
mxnet,../repos/mxnet/src/resource.cc,"(95, 25)-(95, 40)",b'ResourceManagerImpl() noexcept(false)'
mxnet,../repos/mxnet/src/engine/threaded_engine_pooled.cc,"(57, 27)-(57, 42)",b'~ThreadedEnginePooled() noexcept(false) override'
mxnet,../repos/mxnet/src/engine/thread_pool.h,"(77, 17)-(77, 32)",b'~ThreadPool() noexcept(false)'
mxnet,../repos/mxnet/src/engine/threaded_engine_perdevice.cc,"(59, 29)-(59, 44)",b'ThreadedEnginePerDevice() noexcept(false)'
mxnet,../repos/mxnet/src/engine/threaded_engine_perdevice.cc,"(67, 30)-(67, 45)",b'~ThreadedEnginePerDevice() noexcept(false) ov...'
mxnet,../repos/mxnet/include/mxnet/engine.h,"(58, 48)-(58, 56)",b'GetEvent() noexcept'
mxnet,../repos/mxnet/include/mxnet/engine.h,"(75, 56)-(75, 64)",b'GetEvent(size_t i) noexcept'
mxnet,../repos/mxnet/include/mxnet/engine.h,"(79, 73)-(79, 81)",b'GetNextEvent() noexcept'
mxnet,../repos/mxnet/include/mxnet/engine.h,"(84, 37)-(84, 45)",b'GetCounterValue() noexcept'
mxnet,../repos/mxnet/include/mxnet/engine.h,"(335, 21)-(335, 36)",b'~Engine() noexcept(false)'
