Repo name,File name,Location,Content
mxnet,../repos/mxnet/3rdparty/mshadow/mshadow/base.h,"(309, 25)-(1838, 17)","b'(bool, >)\n/*! \\brief overloaded < operator be...'"
mxnet,../repos/mxnet/3rdparty/mshadow/mshadow/base.h,"(311, 25)-(1811, 49)","b'(bool, <)\n/*! \\brief overloaded >= operator b...'"
mxnet,../repos/mxnet/3rdparty/mshadow/mshadow/base.h,"(1812, 10)-(1812, 17)","b'(bool, <)\n/*! \\brief overloaded >= operator b...'"
mxnet,../repos/mxnet/src/common/cuda/cudnn_cxx.h,"(178, 14)-(178, 98)","b'SetAttrs(const Descriptor& desc, cudnnBackend...'"
mxnet,../repos/mxnet/src/common/cuda/cudnn_cxx.h,"(189, 16)-(189, 69)","b'Make(cudnnBackendDescriptorType_t type, Attrs...'"
mxnet,../repos/mxnet/src/common/cuda/cudnn_cxx.h,"(196, 25)-(196, 78)",b'MakeFinalized(cudnnBackendDescriptorType_t ty...'
mxnet,../repos/mxnet/src/common/utils.h,"(696, 54)-(696, 70)",b'MakeUnique(Args&&... args)'
mxnet,../repos/mxnet/src/common/utils.h,"(724, 52)-(724, 68)",b'MakeUnique(Args&&... args)'
mxnet,../repos/mxnet/src/common/object_pool.h,"(45, 9)-(45, 25)",b'New(Args&&... args)'
mxnet,../repos/mxnet/src/common/object_pool.h,"(120, 16)-(120, 32)",b'New(Args&&... args)'
mxnet,../repos/mxnet/src/common/object_pool.h,"(143, 22)-(143, 38)",b'ObjectPool<T>::New(Args&&... args)'
mxnet,../repos/mxnet/src/common/object_pool.h,"(209, 33)-(209, 49)",b'ObjectPoolAllocatable<T>::New(Args&&... args)'
mxnet,../repos/mxnet/src/profiler/profiler.h,"(323, 25)-(323, 85)",b'AddNewProfileStat(SetExtraInfoFunction set_ex...'
mxnet,../repos/mxnet/src/profiler/profiler.h,"(427, 20)-(427, 34)",b'CreateProfileStat(Args... args)'
mxnet,../repos/mxnet/src/profiler/vtune.h,"(124, 26)-(124, 58)","b'get(const char* name, Args... args)'"
mxnet,../repos/mxnet/src/profiler/vtune.h,"(144, 26)-(144, 85)","b'get(const char* name, const VTuneDomain* doma...'"
mxnet,../repos/mxnet/src/operator/tensor/elemwise_sum.h,"(45, 35)-(45, 81)","b'sum(index_t i, const DType* a, const DTypes... b)'"
mxnet,../repos/mxnet/src/operator/tensor/elemwise_sum.h,"(49, 34)-(53, 55)","b'Map(index_t i,\n                              ...'"
mxnet,../repos/mxnet/src/operator/operator_tune.h,"(245, 37)-(245, 82)","b'UseOMP(size_t N, size_t thread_count, Args......'"
mxnet,../repos/mxnet/src/operator/cudnn_ops.h,"(49, 14)-(49, 70)","b'TailImpl(std::index_sequence<Is...>, const st...'"
mxnet,../repos/mxnet/src/operator/cudnn_ops.h,"(54, 10)-(54, 38)",b'Tail(const std::tuple<Ts...>& t)'
mxnet,../repos/mxnet/src/operator/cudnn_ops.h,"(73, 20)-(73, 48)",b'operator()(const std::tuple<Ts...>& t) const'
mxnet,../repos/mxnet/src/operator/cudnn_ops.h,"(136, 10)-(136, 81)","b'Exec(const OpContext& ctx, const typename Op:...'"
mxnet,../repos/mxnet/src/operator/random/sampler.h,"(44, 29)-(47, 43)","b'LaunchRNG(mshadow::Stream<xpu>* s,\n          ...'"
mxnet,../repos/mxnet/src/operator/random/pdf_op.h,"(541, 34)-(544, 48)","b'Map(const index_t start,\n                    ...'"
mxnet,../repos/mxnet/src/operator/random/unique_sample_op.h,"(95, 35)-(100, 49)","b'LaunchUniqueRNG(mshadow::Stream<cpu>* s,\n    ...'"
mxnet,../repos/mxnet/src/operator/nn/dnnl/dnnl_rnn-inl.h,"(166, 29)-(166, 76)","b'Create(const shared_dnnl_attr_t attr, Args&&....'"
mxnet,../repos/mxnet/src/operator/nn/dnnl/dnnl_rnn-inl.h,"(404, 32)-(404, 96)",b'Create(typename rnn_fwd::primitive_desc const...'
mxnet,../repos/mxnet/src/operator/mxnet_op.h,"(806, 35)-(806, 58)","b'Map(DType a, Args... args)'"
mxnet,../repos/mxnet/src/operator/mxnet_op.h,"(1013, 28)-(1013, 81)","b'Launch(mshadow::Stream<cpu>*, const size_t N,...'"
mxnet,../repos/mxnet/src/operator/mxnet_op.h,"(1044, 35)-(1044, 89)","b'LaunchDynamic(mshadow::Stream<cpu>*, const in...'"
mxnet,../repos/mxnet/src/operator/mxnet_op.h,"(1077, 26)-(1077, 79)","b'LaunchTuned(mshadow::Stream<cpu>*, const size...'"
mxnet,../repos/mxnet/src/operator/mxnet_op.h,"(1106, 30)-(1106, 85)","b'LaunchEx(mshadow::Stream<cpu>* s, const size_...'"
mxnet,../repos/mxnet/src/operator/mxnet_op.h,"(1135, 9)-(1135, 77)",b'typename std::enable_if<std::is_base_of<tunab...'
mxnet,../repos/mxnet/src/operator/mxnet_op.h,"(1153, 13)-(1153, 81)",b'typename std::enable_if<std::is_base_of<tunab...'
mxnet,../repos/mxnet/src/operator/mxnet_op.h,"(1161, 37)-(1161, 58)","b'mxnet_generic_kernel(int N, Args... args)'"
mxnet,../repos/mxnet/src/operator/mxnet_op.h,"(1168, 40)-(1168, 61)","b'mxnet_generic_kernel_ex(int N, Args... args)'"
mxnet,../repos/mxnet/src/operator/mxnet_op.h,"(1178, 28)-(1178, 74)","b'Launch(mshadow::Stream<gpu>* s, int N, Args.....'"
mxnet,../repos/mxnet/src/operator/mxnet_op.h,"(1189, 30)-(1189, 82)","b'LaunchEx(mshadow::Stream<gpu>* s, const int N...'"
mxnet,../repos/mxnet/include/mxnet/runtime/packed_func.h,"(125, 34)-(125, 50)",b'operator()(Args&&... args) const'
mxnet,../repos/mxnet/include/mxnet/runtime/packed_func.h,"(187, 24)-(187, 33)",b'(Args...)'
mxnet,../repos/mxnet/include/mxnet/runtime/packed_func.h,"(190, 34)-(190, 43)",b'(Args...)'
mxnet,../repos/mxnet/include/mxnet/runtime/packed_func.h,"(241, 52)-(241, 61)",b'(Args...)'
mxnet,../repos/mxnet/include/mxnet/runtime/packed_func.h,"(264, 52)-(264, 61)",b'(Args...)'
mxnet,../repos/mxnet/include/mxnet/runtime/packed_func.h,"(283, 22)-(283, 36)",b'operator()(Args... args) const'
mxnet,../repos/mxnet/include/mxnet/runtime/packed_func.h,"(995, 18)-(995, 57)","b'run(const F& f, T&& value, Args&&... args)'"
mxnet,../repos/mxnet/include/mxnet/runtime/packed_func.h,"(1007, 21)-(1007, 49)","b'for_each(const F& f, Args&&... args)'"
mxnet,../repos/mxnet/include/mxnet/runtime/packed_func.h,"(1096, 44)-(1096, 60)",b'PackedFunc::operator()(Args&&... args) const'
mxnet,../repos/mxnet/include/mxnet/runtime/packed_func.h,"(1111, 18)-(1114, 43)","b'run(const F& f,\n                  const MXNet...'"
mxnet,../repos/mxnet/include/mxnet/runtime/packed_func.h,"(1123, 18)-(1126, 43)","b'run(const F& f,\n                  const MXNet...'"
mxnet,../repos/mxnet/include/mxnet/runtime/packed_func.h,"(1134, 18)-(1137, 43)","b'run(const F& f,\n                  const MXNet...'"
mxnet,../repos/mxnet/include/mxnet/runtime/packed_func.h,"(1148, 21)-(1148, 59)","b'call_packed(const PackedFunc& pf, Args&&... args)'"
mxnet,../repos/mxnet/include/mxnet/runtime/packed_func.h,"(1155, 22)-(1155, 60)","b'run(const PackedFunc& pf, Args&&... args)'"
mxnet,../repos/mxnet/include/mxnet/runtime/packed_func.h,"(1163, 25)-(1163, 63)","b'run(const PackedFunc& pf, Args&&... args)'"
mxnet,../repos/mxnet/include/mxnet/runtime/packed_func.h,"(1170, 18)-(1170, 27)",b'(Args...)'
mxnet,../repos/mxnet/include/mxnet/runtime/packed_func.h,"(1170, 45)-(1170, 64)",b'TypedPackedFunc<R(Args...)>::TypedPackedFunc(...'
mxnet,../repos/mxnet/include/mxnet/runtime/packed_func.h,"(1173, 18)-(1173, 27)",b'(Args...)'
mxnet,../repos/mxnet/include/mxnet/runtime/packed_func.h,"(1173, 45)-(1173, 73)",b'TypedPackedFunc<R(Args...)>::TypedPackedFunc(...'
mxnet,../repos/mxnet/include/mxnet/runtime/packed_func.h,"(1177, 18)-(1177, 27)",b'(Args...)'
mxnet,../repos/mxnet/include/mxnet/runtime/packed_func.h,"(1177, 45)-(1177, 73)",b'TypedPackedFunc<R(Args...)>::TypedPackedFunc(...'
mxnet,../repos/mxnet/include/mxnet/runtime/packed_func.h,"(1182, 30)-(1182, 39)",b'(Args...)'
mxnet,../repos/mxnet/include/mxnet/runtime/packed_func.h,"(1182, 59)-(1182, 74)",b'TypedPackedFunc<R(Args...)>::AssignTypedLambd...'
mxnet,../repos/mxnet/include/mxnet/runtime/packed_func.h,"(1189, 27)-(1189, 36)",b'(Args...)'
mxnet,../repos/mxnet/include/mxnet/runtime/packed_func.h,"(1189, 49)-(1189, 63)",b'TypedPackedFunc<R(Args...)>::operator()(Args....'
mxnet,../repos/mxnet/include/mxnet/runtime/registry.h,"(111, 27)-(111, 44)",b'set_body_typed(R (*f)(Args...))'
mxnet,../repos/mxnet/include/mxnet/runtime/registry.h,"(111, 34)-(111, 43)",b'(*f)(Args...)'
mxnet,../repos/mxnet/include/mxnet/runtime/registry.h,"(112, 38)-(112, 47)",b'(Args...)'
mxnet,../repos/mxnet/include/mxnet/runtime/registry.h,"(137, 28)-(137, 48)",b'set_body_method(R (T::*f)(Args...))'
mxnet,../repos/mxnet/include/mxnet/runtime/registry.h,"(137, 38)-(137, 47)",b'(T::*f)(Args...)'
mxnet,../repos/mxnet/include/mxnet/runtime/registry.h,"(138, 28)-(138, 40)","b'(T, Args...)'"
mxnet,../repos/mxnet/include/mxnet/runtime/registry.h,"(138, 45)-(138, 71)","b'(T target, Args... params) -> R'"
mxnet,../repos/mxnet/include/mxnet/runtime/registry.h,"(166, 28)-(166, 54)",b'set_body_method(R (T::*f)(Args...) const)'
mxnet,../repos/mxnet/include/mxnet/runtime/registry.h,"(166, 38)-(166, 47)",b'(T::*f)(Args...) const'
mxnet,../repos/mxnet/include/mxnet/runtime/registry.h,"(167, 28)-(167, 40)","b'(T, Args...)'"
mxnet,../repos/mxnet/include/mxnet/runtime/registry.h,"(167, 45)-(167, 77)","b'(const T target, Args... params) -> R'"
mxnet,../repos/mxnet/include/mxnet/runtime/registry.h,"(209, 28)-(209, 52)",b'set_body_method(R (TNode::*f)(Args...))'
mxnet,../repos/mxnet/include/mxnet/runtime/registry.h,"(209, 42)-(209, 51)",b'(TNode::*f)(Args...)'
mxnet,../repos/mxnet/include/mxnet/runtime/registry.h,"(210, 28)-(210, 49)","b'(TObjectRef, Args...)'"
mxnet,../repos/mxnet/include/mxnet/runtime/registry.h,"(210, 54)-(210, 86)","b'(TObjectRef ref, Args... params)'"
mxnet,../repos/mxnet/include/mxnet/runtime/registry.h,"(253, 28)-(253, 58)",b'set_body_method(R (TNode::*f)(Args...) const)'
mxnet,../repos/mxnet/include/mxnet/runtime/registry.h,"(253, 42)-(253, 51)",b'(TNode::*f)(Args...) const'
mxnet,../repos/mxnet/include/mxnet/runtime/registry.h,"(254, 28)-(254, 49)","b'(TObjectRef, Args...)'"
mxnet,../repos/mxnet/include/mxnet/runtime/registry.h,"(254, 54)-(254, 86)","b'(TObjectRef ref, Args... params)'"
mxnet,../repos/mxnet/include/mxnet/runtime/ffi_helper.h,"(133, 26)-(133, 54)","b'EmplaceInit(size_t idx, Args&&... args)'"
mxnet,../repos/mxnet/include/mxnet/runtime/memory.h,"(41, 32)-(41, 48)",b'make_object(Args&&... args)'
mxnet,../repos/mxnet/include/mxnet/runtime/memory.h,"(69, 34)-(69, 50)",b'make_object(Args&&... args)'
mxnet,../repos/mxnet/include/mxnet/runtime/memory.h,"(86, 49)-(86, 83)","b'make_inplace_array(size_t num_elems, Args&&.....'"
mxnet,../repos/mxnet/include/mxnet/runtime/memory.h,"(107, 18)-(107, 55)","b'New(SimpleObjAllocator*, Args&&... args)'"
mxnet,../repos/mxnet/include/mxnet/runtime/memory.h,"(156, 26)-(156, 81)","b'New(SimpleObjAllocator*, size_t num_elems, Ar...'"
mxnet,../repos/mxnet/include/mxnet/runtime/memory.h,"(199, 32)-(199, 48)",b'make_object(Args&&... args)'
mxnet,../repos/mxnet/include/mxnet/runtime/memory.h,"(204, 54)-(204, 88)","b'make_inplace_array_object(size_t num_elems, A...'"
mxnet,../repos/mxnet/include/mxnet/runtime/container.h,"(130, 19)-(130, 47)","b'EmplaceInit(size_t idx, Args&&... args)'"
mxnet,../repos/mxnet/include/mxnet/runtime/container.h,"(275, 19)-(275, 35)",b'Tuple(Args&&... args)'
mxnet,../repos/mxnet/include/mxnet/base.h,"(516, 11)-(516, 16)","b'catch (...) {\n    LOG(FATAL) << ""Invalid cont...'"
mxnet,../repos/mxnet/include/mxnet/base.h,"(563, 38)-(563, 54)",b'make_unique(Args&&... args)'
mxnet,../repos/mxnet/include/mxnet/op_attr_types.h,"(154, 27)-(154, 43)",b'Create(Args&&... args)'
mxnet,../repos/mxnet/include/mxnet/lib_api.h,"(720, 34)-(720, 46)",b'create(Ts... args)'
mxnet,../repos/mxnet/cpp-package/example/inference/sentiment_analysis_rnn.cpp,"(478, 11)-(478, 16)",b'catch (...) {\n    /*\n     * If underlying MXN...'
mxnet,../repos/mxnet/cpp-package/include/mxnet-cpp/operator.h,"(151, 22)-(151, 48)","b'PushInput(const T& t, Args... args)'"
mxnet,../repos/mxnet/cpp-package/include/mxnet-cpp/operator.h,"(189, 23)-(189, 37)",b'operator()(Args... args)'
mxnet,../repos/mxnet/tests/cpp/include/test_op.h,"(275, 73)-(276, 87)","b'createOpAndInfoF(const kwargs_t& kwargs,\n    ...'"
mxnet,../repos/mxnet/tools/windowsbuild/gen_warp.cpp,"(44, 19)-(44, 44)","b'format(const char* format, ...)'"
