Repo name,File name,Location,Content
mxnet,../repos/mxnet/3rdparty/mshadow/mshadow-ps/ps_rabit-inl.h,"(50, 11)-(50, 22)",b'~RabitModel(void)'
mxnet,../repos/mxnet/3rdparty/mshadow/mshadow-ps/ps_dist-inl.h,"(46, 3)-(46, 18)",b'~UpdaterWrapper()'
mxnet,../repos/mxnet/3rdparty/mshadow/mshadow-ps/ps_dist-inl.h,"(76, 11)-(76, 21)",b'~DistModel(void)'
mxnet,../repos/mxnet/3rdparty/mshadow/mshadow-ps/ps_dist-inl.h,"(136, 11)-(136, 29)",b'~MShadowServerNode()'
mxnet,../repos/mxnet/3rdparty/mshadow/mshadow-ps/mshadow_ps.h,"(68, 11)-(68, 24)",b'~ISharedModel(void)'
mxnet,../repos/mxnet/3rdparty/mshadow/mshadow-ps/mshadow_ps.h,"(283, 11)-(283, 25)",b'~IModelUpdater(void)'
mxnet,../repos/mxnet/3rdparty/mshadow/mshadow-ps/ps_local-inl.h,"(68, 11)-(68, 22)",b'~LocalModel(void)'
mxnet,../repos/mxnet/3rdparty/mshadow/mshadow-ps/ps_local-inl.h,"(516, 5)-(516, 15)",b'~PushEntry(void)'
mxnet,../repos/mxnet/3rdparty/mshadow/mshadow/random.h,"(59, 3)-(59, 10)",b'~Random(void)'
mxnet,../repos/mxnet/3rdparty/mshadow/mshadow/random.h,"(300, 3)-(300, 10)",b'~Random(void)'
mxnet,../repos/mxnet/3rdparty/mshadow/mshadow/io.h,"(52, 11)-(52, 19)",b'~IStream(void)'
mxnet,../repos/mxnet/3rdparty/mshadow/mshadow/tensor_container.h,"(92, 3)-(92, 19)",b'~TensorContainer(void)'
mxnet,../repos/mxnet/src/c_api/c_api_profile.cc,"(125, 3)-(125, 26)",b'~IgnoreProfileCallScope()'
mxnet,../repos/mxnet/src/lib_api.cc,"(555, 20)-(555, 26)",b'Graph::~Graph'
mxnet,../repos/mxnet/src/lib_api.cc,"(937, 31)-(937, 48)",b'CustomStatefulOp::~CustomStatefulOp'
mxnet,../repos/mxnet/src/lib_api.cc,"(939, 38)-(939, 62)",b'CustomStatefulOpWrapper::~CustomStatefulOpWrapper'
mxnet,../repos/mxnet/src/common/cuda/utils.h,"(402, 3)-(402, 15)",b'~DeviceStore()'
mxnet,../repos/mxnet/src/common/object_pool.h,"(39, 3)-(39, 14)",b'~ObjectPool()'
mxnet,../repos/mxnet/src/common/object_pool.h,"(131, 16)-(131, 27)",b'ObjectPool<T>::~ObjectPool'
mxnet,../repos/mxnet/src/common/object_pool.h,"(158, 8)-(158, 10)",b'ptr->~T'
mxnet,../repos/mxnet/src/common/lazy_alloc_array.h,"(68, 5)-(68, 19)",b'~unique_unlock()'
mxnet,../repos/mxnet/src/common/rtc.cc,"(85, 20)-(85, 26)",b'Chunk::~Chunk'
mxnet,../repos/mxnet/src/storage/pooled_storage_manager.h,"(125, 3)-(125, 24)",b'~PooledStorageManager() override'
mxnet,../repos/mxnet/src/storage/storage.cc,"(46, 3)-(46, 15)",b'~StorageImpl() override'
mxnet,../repos/mxnet/src/storage/naive_storage_manager.h,"(45, 3)-(45, 23)",b'~NaiveStorageManager()'
mxnet,../repos/mxnet/src/storage/storage_manager.h,"(66, 11)-(66, 26)",b'~StorageManager()'
mxnet,../repos/mxnet/src/storage/cpu_shared_storage_manager.h,"(52, 3)-(52, 27)",b'~CPUSharedStorageManager()'
mxnet,../repos/mxnet/src/storage/storage_manager_helpers.h,"(55, 11)-(55, 25)",b'~ContextHelper()'
mxnet,../repos/mxnet/src/imperative/cached_op.cc,"(95, 11)-(95, 20)",b'CachedOp::~CachedOp'
mxnet,../repos/mxnet/src/imperative/cached_op_threadsafe.cc,"(255, 21)-(255, 40)",b'CachedOpThreadSafe::~CachedOpThreadSafe'
mxnet,../repos/mxnet/src/imperative/cached_op_threadsafe.h,"(83, 3)-(83, 22)",b'~CachedOpThreadSafe()'
mxnet,../repos/mxnet/src/imperative/cached_op.h,"(470, 11)-(470, 20)",b'~CachedOp()'
mxnet,../repos/mxnet/src/imperative/naive_cached_op.h,"(42, 11)-(42, 25)",b'~NaiveCachedOp()'
mxnet,../repos/mxnet/src/imperative/exec_pass.h,"(96, 11)-(96, 22)",b'~OpExecutor()'
mxnet,../repos/mxnet/src/nnvm/legacy_op_util.cc,"(103, 3)-(103, 17)",b'~OperatorState()'
mxnet,../repos/mxnet/src/nnvm/error.h,"(32, 3)-(32, 21)",b'~InvalidGraphError() throw()'
mxnet,../repos/mxnet/src/profiler/profiler.h,"(185, 11)-(185, 23)",b'~ProfileStat()'
mxnet,../repos/mxnet/src/profiler/profiler.h,"(235, 3)-(235, 15)",b'~DeviceStats()'
mxnet,../repos/mxnet/src/profiler/profiler.h,"(414, 11)-(414, 20)",b'~Profiler()'
mxnet,../repos/mxnet/src/profiler/profiler.h,"(520, 11)-(520, 25)",b'~ProfileObject()'
mxnet,../repos/mxnet/src/profiler/profiler.h,"(575, 3)-(575, 18)",b'~ProfileCounter()'
mxnet,../repos/mxnet/src/profiler/profiler.cc,"(90, 11)-(90, 20)",b'Profiler::~Profiler'
mxnet,../repos/mxnet/src/profiler/vtune.h,"(61, 19)-(61, 30)",b'MSHADOW_CINLINE ~VTunePause'
mxnet,../repos/mxnet/src/profiler/vtune.h,"(72, 19)-(72, 31)",b'MSHADOW_CINLINE ~VTuneResume'
mxnet,../repos/mxnet/src/profiler/vtune.h,"(241, 3)-(241, 14)",b'~VTuneFrame()'
mxnet,../repos/mxnet/src/profiler/vtune.h,"(289, 10)-(289, 23)",b'~VTuneCounter()'
mxnet,../repos/mxnet/src/ndarray/ndarray.cc,"(126, 17)-(126, 23)",b'Chunk::~Chunk'
mxnet,../repos/mxnet/src/operator/operator_util.cc,"(339, 19)-(339, 36)",b'SimpleOpRegistry::~SimpleOpRegistry'
mxnet,../repos/mxnet/src/operator/contrib/dgl_graph.cc,"(67, 3)-(67, 13)",b'~ArrayHeap()'
mxnet,../repos/mxnet/src/operator/contrib/sync_batch_norm-inl.h,"(94, 3)-(94, 12)",b'~SharedND()'
mxnet,../repos/mxnet/src/operator/contrib/sync_batch_norm-inl.h,"(183, 3)-(183, 16)",b'~GlobalShared()'
mxnet,../repos/mxnet/src/operator/contrib/sync_batch_norm-inl.h,"(210, 3)-(210, 20)",b'~GlobalSharedRank()'
mxnet,../repos/mxnet/src/operator/fusion/fused_op.h,"(63, 3)-(63, 11)",b'~FusedOp()'
mxnet,../repos/mxnet/src/operator/cudnn_bilinear_sampler-inl.h,"(45, 3)-(45, 26)",b'~CuDNNBilinearSamplerOp()'
mxnet,../repos/mxnet/src/operator/cudnn_spatial_transformer-inl.h,"(47, 3)-(47, 29)",b'~CuDNNSpatialTransformerOp()'
mxnet,../repos/mxnet/src/operator/nn/dropout-inl.h,"(261, 3)-(261, 13)",b'~DropoutOp()'
mxnet,../repos/mxnet/src/operator/nn/depthwise_convolution-inl.h,"(63, 3)-(63, 26)",b'~DepthwiseConvolutionOp()'
mxnet,../repos/mxnet/src/operator/nn/dnnl/dnnl_lrn-inl.h,"(89, 3)-(89, 14)",b'~DNNLLRNFwd()'
mxnet,../repos/mxnet/src/operator/nn/dnnl/dnnl_lrn-inl.h,"(186, 3)-(186, 14)",b'~DNNLLRNBwd()'
mxnet,../repos/mxnet/src/operator/nn/dnnl/dnnl_pooling-inl.h,"(56, 3)-(56, 18)",b'~DNNLPoolingFwd()'
mxnet,../repos/mxnet/src/operator/nn/dnnl/dnnl_pooling-inl.h,"(89, 3)-(89, 18)",b'~DNNLPoolingBwd()'
mxnet,../repos/mxnet/src/operator/nn/dnnl/dnnl_layer_norm-inl.h,"(63, 3)-(63, 20)",b'~DNNLLayerNormFwd()'
mxnet,../repos/mxnet/src/operator/nn/dnnl/dnnl_layer_norm-inl.h,"(90, 3)-(90, 20)",b'~DNNLLayerNormBwd()'
mxnet,../repos/mxnet/src/operator/nn/dnnl/dnnl_base-inl.h,"(93, 3)-(93, 13)",b'~CpuEngine()'
mxnet,../repos/mxnet/src/operator/nn/cudnn/cudnn_deconvolution-inl.h,"(110, 3)-(110, 24)",b'~CuDNNDeconvolutionOp()'
mxnet,../repos/mxnet/src/operator/nn/cudnn/cudnn_pooling-inl.h,"(67, 3)-(67, 18)",b'~CuDNNPoolingOp()'
mxnet,../repos/mxnet/src/operator/nn/cudnn/cudnn_convolution-inl.h,"(115, 3)-(115, 22)",b'~CuDNNConvolutionOp()'
mxnet,../repos/mxnet/src/operator/nn/cudnn/cudnn_activation-inl.h,"(66, 3)-(66, 21)",b'~CuDNNActivationOp()'
mxnet,../repos/mxnet/src/operator/nn/cudnn/cudnn_softmax_activation-inl.h,"(45, 3)-(45, 28)",b'~CuDNNSoftmaxActivationOp()'
mxnet,../repos/mxnet/src/operator/cudnn_lrn-inl.h,"(42, 3)-(42, 28)",b'~CuDNNLocalResponseNormOp()'
mxnet,../repos/mxnet/src/operator/subgraph/subgraph_property.h,"(90, 11)-(90, 28)",b'~SubgraphSelector()'
mxnet,../repos/mxnet/src/operator/subgraph/subgraph_property.h,"(151, 11)-(151, 30)",b'~SubgraphSelectorV2()'
mxnet,../repos/mxnet/src/operator/subgraph/subgraph_property.h,"(215, 11)-(215, 36)",b'~SubgraphSelectorV2Bridge()'
mxnet,../repos/mxnet/src/operator/subgraph/subgraph_property.h,"(267, 11)-(267, 28)",b'~SubgraphProperty()'
mxnet,../repos/mxnet/src/operator/rnn-inl.h,"(704, 3)-(704, 9)",b'~RNNOp()'
mxnet,../repos/mxnet/src/io/dataloader.cc,"(64, 3)-(64, 22)",b'~ThreadedDataLoader() override'
mxnet,../repos/mxnet/src/io/iter_prefetcher.h,"(51, 3)-(51, 18)",b'~PrefetcherIter()'
mxnet,../repos/mxnet/src/io/iter_image_recordio_2.cc,"(711, 3)-(711, 20)",b'~ImageRecordIter2() override'
mxnet,../repos/mxnet/src/io/iter_image_recordio_2.cc,"(781, 3)-(781, 23)",b'~ImageRecordIter2CPU() override'
mxnet,../repos/mxnet/src/io/iter_image_recordio_2.cc,"(827, 3)-(827, 27)",b'~ImageRecordIter2Wrapper() override'
mxnet,../repos/mxnet/src/io/image_augmenter.h,"(63, 11)-(63, 26)",b'~ImageAugmenter()'
mxnet,../repos/mxnet/src/io/iter_csv.cc,"(63, 3)-(63, 15)",b'~CSVIterBase() override'
mxnet,../repos/mxnet/src/io/iter_csv.cc,"(94, 3)-(94, 16)",b'~CSVIterTyped() override'
mxnet,../repos/mxnet/src/io/iter_csv.cc,"(167, 3)-(167, 11)",b'~CSVIter() override'
mxnet,../repos/mxnet/src/io/iter_image_det_recordio.cc,"(518, 3)-(518, 22)",b'~ImageDetRecordIter() override'
mxnet,../repos/mxnet/src/io/iter_sparse_prefetcher.h,"(53, 3)-(53, 24)",b'~SparsePrefetcherIter()'
mxnet,../repos/mxnet/src/io/iter_libsvm.cc,"(70, 3)-(70, 14)",b'~LibSVMIter() override'
mxnet,../repos/mxnet/src/io/iter_image_recordio.cc,"(255, 3)-(255, 19)",b'~ImageRecordIter() override'
mxnet,../repos/mxnet/src/io/dataset.cc,"(597, 3)-(597, 24)",b'~LazyTransformDataset() override'
mxnet,../repos/mxnet/src/io/iter_batchloader.h,"(45, 11)-(45, 23)",b'~BatchLoader(void)'
mxnet,../repos/mxnet/src/io/iter_batchloader.h,"(179, 11)-(179, 24)",b'~BatchSampler(void)'
mxnet,../repos/mxnet/src/io/iter_mnist.cc,"(86, 3)-(86, 13)",b'~MNISTIter() override'
mxnet,../repos/mxnet/src/io/inst_vector.h,"(175, 3)-(175, 14)",b'~TBlobBatch()'
mxnet,../repos/mxnet/src/io/inst_vector.h,"(183, 3)-(183, 18)",b'~TBlobContainer()'
mxnet,../repos/mxnet/src/io/iter_sparse_batchloader.h,"(48, 11)-(48, 29)",b'~SparseBatchLoader(void)'
mxnet,../repos/mxnet/src/initialize.cc,"(103, 21)-(103, 40)",b'LibraryInitializer::~LibraryInitializer'
mxnet,../repos/mxnet/src/kvstore/kvstore_nccl.h,"(71, 11)-(71, 23)",b'~KVStoreNCCL()'
mxnet,../repos/mxnet/src/kvstore/comm_tree.h,"(56, 11)-(56, 26)",b'~CommDeviceTree()'
mxnet,../repos/mxnet/src/kvstore/gradient_compression.h,"(54, 11)-(54, 31)",b'~GradientCompression()'
mxnet,../repos/mxnet/src/kvstore/kvstore_dist.h,"(60, 11)-(60, 23)",b'~KVStoreDist()'
mxnet,../repos/mxnet/src/kvstore/kvstore_local.h,"(85, 11)-(85, 24)",b'~KVStoreLocal()'
mxnet,../repos/mxnet/src/kvstore/kvstore_dist_server.h,"(170, 3)-(170, 21)",b'~KVStoreDistServer()'
mxnet,../repos/mxnet/src/kvstore/comm.h,"(46, 11)-(46, 16)",b'~Comm()'
mxnet,../repos/mxnet/src/kvstore/comm.h,"(112, 11)-(112, 19)",b'~CommCPU()'
mxnet,../repos/mxnet/src/kvstore/comm.h,"(488, 11)-(488, 22)",b'~CommDevice()'
mxnet,../repos/mxnet/src/resource.cc,"(111, 3)-(111, 23)",b'~ResourceManagerImpl() override'
mxnet,../repos/mxnet/src/resource.cc,"(256, 5)-(256, 20)",b'~ResourceRandom()'
mxnet,../repos/mxnet/src/resource.cc,"(309, 13)-(309, 31)",b'~ResourceTempSpace()'
mxnet,../repos/mxnet/src/resource.cc,"(425, 5)-(425, 28)",b'~ResourceParallelRandom()'
mxnet,../repos/mxnet/src/initialize.h,"(57, 3)-(57, 22)",b'~LibraryInitializer()'
mxnet,../repos/mxnet/src/engine/engine_impl.h,"(38, 11)-(38, 15)",b'~Opr()'
mxnet,../repos/mxnet/src/engine/threaded_engine_pooled.cc,"(57, 3)-(57, 24)",b'~ThreadedEnginePooled() noexcept(false) override'
mxnet,../repos/mxnet/src/engine/engine.cc,"(77, 12)-(77, 22)",b'CUDAEvent::~CUDAEvent'
mxnet,../repos/mxnet/src/engine/stream_manager.h,"(46, 3)-(46, 17)",b'~StreamManager()'
mxnet,../repos/mxnet/src/engine/naive_engine.cc,"(70, 3)-(70, 15)",b'~NaiveEngine() override'
mxnet,../repos/mxnet/src/engine/naive_engine.cc,"(84, 3)-(84, 15)",b'~NaiveEngine() override'
mxnet,../repos/mxnet/src/engine/thread_pool.h,"(44, 12)-(44, 30)",b'~SetReadyOnDestroy()'
mxnet,../repos/mxnet/src/engine/thread_pool.h,"(77, 3)-(77, 14)",b'~ThreadPool() noexcept(false)'
mxnet,../repos/mxnet/src/engine/threaded_engine.h,"(183, 3)-(183, 15)",b'~ThreadedVar()'
mxnet,../repos/mxnet/src/engine/threaded_engine.h,"(332, 3)-(332, 18)",b'~ThreadedEngine()'
mxnet,../repos/mxnet/src/engine/threaded_engine_perdevice.cc,"(67, 3)-(67, 27)",b'~ThreadedEnginePerDevice() noexcept(false) ov...'
mxnet,../repos/mxnet/src/engine/threaded_engine_perdevice.cc,"(243, 5)-(243, 23)",b'~ThreadWorkerBlock()'
mxnet,../repos/mxnet/example/extensions/lib_custom_op/gemm_lib.cc,"(191, 3)-(191, 18)",b'~MyStatefulGemm() override'
mxnet,../repos/mxnet/include/mxnet/tuple.h,"(62, 10)-(62, 16)",b'~Tuple()'
mxnet,../repos/mxnet/include/mxnet/runtime/packed_func.h,"(568, 3)-(568, 17)",b'~MXNetRetValue()'
mxnet,../repos/mxnet/include/mxnet/runtime/object.h,"(388, 3)-(388, 13)",b'~ObjectPtr()'
mxnet,../repos/mxnet/include/mxnet/runtime/memory.h,"(191, 24)-(191, 34)",b'tptr->ArrayType::~ArrayType'
mxnet,../repos/mxnet/include/mxnet/runtime/container.h,"(107, 3)-(107, 20)",b'~InplaceArrayBase()'
mxnet,../repos/mxnet/include/mxnet/random_generator.h,"(140, 16)-(140, 21)",b'~Impl()'
mxnet,../repos/mxnet/include/mxnet/random_generator.h,"(197, 16)-(197, 21)",b'~Impl()'
mxnet,../repos/mxnet/include/mxnet/engine.h,"(56, 3)-(56, 13)",b'~CUDAEvent()'
mxnet,../repos/mxnet/include/mxnet/engine.h,"(115, 11)-(115, 15)",b'~Var()'
mxnet,../repos/mxnet/include/mxnet/engine.h,"(335, 11)-(335, 18)",b'~Engine() noexcept(false)'
mxnet,../repos/mxnet/include/mxnet/executor.h,"(55, 11)-(55, 20)",b'~Executor()'
mxnet,../repos/mxnet/include/mxnet/operator.h,"(57, 11)-(57, 20)",b'~Operator()'
mxnet,../repos/mxnet/include/mxnet/operator.h,"(132, 11)-(132, 28)",b'~OperatorProperty()'
mxnet,../repos/mxnet/include/mxnet/rtc.h,"(52, 5)-(52, 11)",b'~Chunk()'
mxnet,../repos/mxnet/include/mxnet/base.h,"(256, 3)-(256, 16)",b'~GPUAuxStream()'
mxnet,../repos/mxnet/include/mxnet/base.h,"(318, 3)-(318, 22)",b'~SyncedGPUAuxStream()'
mxnet,../repos/mxnet/include/mxnet/resource.h,"(261, 11)-(261, 27)",b'~ResourceManager()'
mxnet,../repos/mxnet/include/mxnet/storage.h,"(135, 11)-(135, 19)",b'~Storage()'
mxnet,../repos/mxnet/include/mxnet/operator_util.h,"(401, 11)-(401, 28)",b'~SimpleOpRegEntry()'
mxnet,../repos/mxnet/include/mxnet/operator_util.h,"(426, 3)-(426, 20)",b'~SimpleOpRegistry()'
mxnet,../repos/mxnet/include/mxnet/ndarray.h,"(1145, 5)-(1145, 11)",b'~Chunk()'
mxnet,../repos/mxnet/include/mxnet/io.h,"(56, 11)-(56, 21)",b'~IIterator(void)'
mxnet,../repos/mxnet/include/mxnet/io.h,"(139, 11)-(139, 19)",b'~Dataset(void)'
mxnet,../repos/mxnet/include/mxnet/io.h,"(170, 11)-(170, 28)",b'~BatchifyFunction(void)'
mxnet,../repos/mxnet/include/mxnet/lib_api.h,"(238, 3)-(238, 15)",b'~MXerrorMsgs()'
mxnet,../repos/mxnet/include/mxnet/lib_api.h,"(615, 3)-(615, 9)",b'~Graph()'
mxnet,../repos/mxnet/include/mxnet/lib_api.h,"(717, 11)-(717, 28)",b'~CustomStatefulOp()'
mxnet,../repos/mxnet/include/mxnet/lib_api.h,"(932, 3)-(932, 12)",b'~Registry()'
mxnet,../repos/mxnet/include/mxnet/lib_api.h,"(1284, 3)-(1284, 27)",b'~CustomStatefulOpWrapper()'
mxnet,../repos/mxnet/include/mxnet/kvstore.h,"(59, 11)-(59, 19)",b'~KVStore()'
mxnet,../repos/mxnet/cpp-package/example/charRNN.cpp,"(244, 11)-(244, 30)",b'~BucketSentenceIter()'
mxnet,../repos/mxnet/cpp-package/example/charRNN.cpp,"(526, 11)-(526, 21)",b'~RNNXavier()'
mxnet,../repos/mxnet/cpp-package/example/inference/imagenet_inference.cpp,"(95, 5)-(95, 15)",b'~Predictor()'
mxnet,../repos/mxnet/cpp-package/example/inference/imagenet_inference.cpp,"(511, 12)-(511, 22)",b'Predictor::~Predictor'
mxnet,../repos/mxnet/cpp-package/example/inference/sentiment_analysis_rnn.cpp,"(64, 5)-(64, 15)",b'~Predictor()'
mxnet,../repos/mxnet/cpp-package/example/inference/sentiment_analysis_rnn.cpp,"(384, 12)-(384, 22)",b'Predictor::~Predictor'
mxnet,../repos/mxnet/cpp-package/include/mxnet-cpp/executor.h,"(164, 3)-(164, 12)",b'~Executor()'
mxnet,../repos/mxnet/cpp-package/include/mxnet-cpp/shape.h,"(196, 3)-(196, 9)",b'~Shape()'
mxnet,../repos/mxnet/cpp-package/include/mxnet-cpp/optimizer.h,"(62, 11)-(62, 21)",b'~Optimizer()'
mxnet,../repos/mxnet/cpp-package/include/mxnet-cpp/optimizer.h,"(132, 3)-(132, 21)",b'~OptimizerRegistry()'
mxnet,../repos/mxnet/cpp-package/include/mxnet-cpp/optimizer.h,"(144, 11)-(144, 24)",b'~SGDOptimizer()'
mxnet,../repos/mxnet/cpp-package/include/mxnet-cpp/optimizer.h,"(158, 11)-(158, 27)",b'~SignumOptimizer()'
mxnet,../repos/mxnet/cpp-package/include/mxnet-cpp/optimizer.h,"(172, 11)-(172, 28)",b'~RMSPropOptimizer()'
mxnet,../repos/mxnet/cpp-package/include/mxnet-cpp/optimizer.h,"(186, 11)-(186, 25)",b'~AdamOptimizer()'
mxnet,../repos/mxnet/cpp-package/include/mxnet-cpp/optimizer.h,"(200, 11)-(200, 28)",b'~AdaGradOptimizer()'
mxnet,../repos/mxnet/cpp-package/include/mxnet-cpp/optimizer.h,"(212, 11)-(212, 29)",b'~AdaDeltaOptimizer()'
mxnet,../repos/mxnet/cpp-package/include/mxnet-cpp/symbol.h,"(57, 3)-(57, 11)",b'~SymBlob()'
mxnet,../repos/mxnet/cpp-package/include/mxnet-cpp/ndarray.h,"(106, 3)-(106, 10)",b'~NDBlob()'
mxnet,../repos/mxnet/cpp-package/include/mxnet-cpp/io.h,"(65, 11)-(65, 20)",b'~DataIter()'
mxnet,../repos/mxnet/cpp-package/include/mxnet-cpp/io.h,"(105, 3)-(105, 18)",b'~MXDataIterBlob()'
mxnet,../repos/mxnet/cpp-package/include/mxnet-cpp/optimizer.hpp,"(78, 19)-(78, 29)",b'Optimizer::~Optimizer'
mxnet,../repos/mxnet/cpp-package/include/mxnet-cpp/optimizer.hpp,"(161, 22)-(161, 35)",b'SGDOptimizer::~SGDOptimizer'
mxnet,../repos/mxnet/cpp-package/include/mxnet-cpp/optimizer.hpp,"(220, 25)-(220, 41)",b'SignumOptimizer::~SignumOptimizer'
mxnet,../repos/mxnet/cpp-package/include/mxnet-cpp/optimizer.hpp,"(284, 26)-(284, 43)",b'RMSPropOptimizer::~RMSPropOptimizer'
mxnet,../repos/mxnet/cpp-package/include/mxnet-cpp/optimizer.hpp,"(345, 23)-(345, 37)",b'AdamOptimizer::~AdamOptimizer'
mxnet,../repos/mxnet/cpp-package/include/mxnet-cpp/optimizer.hpp,"(426, 26)-(426, 43)",b'AdaGradOptimizer::~AdaGradOptimizer'
mxnet,../repos/mxnet/cpp-package/include/mxnet-cpp/optimizer.hpp,"(476, 27)-(476, 45)",b'AdaDeltaOptimizer::~AdaDeltaOptimizer'
mxnet,../repos/mxnet/cpp-package/include/mxnet-cpp/lr_scheduler.h,"(57, 11)-(57, 23)",b'~LRScheduler()'
mxnet,../repos/mxnet/plugin/sframe/iter_sframe.cc,"(80, 11)-(80, 26)",b'~SFrameIterBase()'
mxnet,../repos/mxnet/plugin/warpctc/warpctc-inl.h,"(69, 3)-(69, 13)",b'~WarpCTCOp()'
mxnet,../repos/mxnet/plugin/torch/torch_criterion-inl.h,"(85, 3)-(85, 20)",b'~TorchCriterionOp()'
mxnet,../repos/mxnet/tests/cpp/include/test_legacy_op.h,"(435, 13)-(435, 20)",b'~OpData()'
mxnet,../repos/mxnet/tests/cpp/include/test_legacy_op.h,"(468, 12)-(468, 22)",b'~GPUOpData()'
mxnet,../repos/mxnet/tests/cpp/include/test_perf.h,"(118, 10)-(118, 21)",b'~TimedScope()'
mxnet,../repos/mxnet/tests/cpp/include/test_perf.h,"(320, 10)-(320, 21)",b'~TimingItem()'
mxnet,../repos/mxnet/tests/cpp/include/test_core_op.h,"(857, 11)-(857, 22)",b'~CoreOpProp()'
mxnet,../repos/mxnet/tests/cpp/include/test_op.h,"(75, 10)-(75, 25)",b'~GPUStreamScope()'
mxnet,../repos/mxnet/tests/cpp/include/test_op.h,"(92, 11)-(92, 35)",b'~OperatorDataInitializer()'
mxnet,../repos/mxnet/tests/cpp/include/test_util.h,"(62, 10)-(62, 21)",b'~BlobMemory()'
mxnet,../repos/mxnet/tests/cpp/include/test_util.h,"(94, 10)-(94, 25)",b'~StandaloneBlob()'
mxnet,../repos/mxnet/tests/cpp/include/test_util.h,"(134, 3)-(134, 16)",b'~CAccessAsCPU()'
mxnet,../repos/mxnet/tests/cpp/include/test_util.h,"(783, 10)-(783, 19)",b'~ScopeSet()'
mxnet,../repos/mxnet/tests/cpp/engine/threaded_engine_test.cc,"(576, 3)-(576, 30)",b'~TestSaveAndRestoreOMPState()'
