Repo name,File name,Location,Content
mxnet,../repos/mxnet/3rdparty/mshadow/mshadow-ps/thread_util.h,"(123, 17)-(123, 48)",b'inline bool operator<(const Entry &b) const {...'
mxnet,../repos/mxnet/3rdparty/mshadow/mshadow/expr_scalar-inl.h,"(40, 1)-(41, 31)","b'inline DotExp<TA, TB, ltrans, rtrans, MSHADOW...'"
mxnet,../repos/mxnet/3rdparty/mshadow/mshadow/expr_scalar-inl.h,"(48, 1)-(49, 70)","b'inline DotExp<TA, TB, ltrans, rtrans, MSHADOW...'"
mxnet,../repos/mxnet/3rdparty/mshadow/mshadow/expr_scalar-inl.h,"(57, 1)-(57, 73)","b'inline ReduceTo1DExp<E, DType, R, d>\noperator...'"
mxnet,../repos/mxnet/3rdparty/mshadow/mshadow/expr_scalar-inl.h,"(63, 1)-(63, 73)","b'inline ReduceTo1DExp<E, DType, R, d>\noperator...'"
mxnet,../repos/mxnet/3rdparty/mshadow/mshadow/expr_scalar-inl.h,"(93, 1)-(94, 49)","b'inline BinaryMapExp<op::plus, TA, ScalarExp<M...'"
mxnet,../repos/mxnet/3rdparty/mshadow/mshadow/expr_scalar-inl.h,"(101, 1)-(102, 49)","b'inline BinaryMapExp<op::minus, TA, ScalarExp<...'"
mxnet,../repos/mxnet/3rdparty/mshadow/mshadow/expr_scalar-inl.h,"(109, 1)-(110, 49)","b'inline BinaryMapExp<op::mul, TA, ScalarExp<MS...'"
mxnet,../repos/mxnet/3rdparty/mshadow/mshadow/expr_scalar-inl.h,"(117, 1)-(118, 49)","b'inline BinaryMapExp<op::div, TA, ScalarExp<MS...'"
mxnet,../repos/mxnet/3rdparty/mshadow/mshadow/expr_scalar-inl.h,"(126, 1)-(127, 51)","b'inline BinaryMapExp<op::plus, ScalarExp<MSHAD...'"
mxnet,../repos/mxnet/3rdparty/mshadow/mshadow/expr_scalar-inl.h,"(134, 1)-(135, 51)","b'inline BinaryMapExp<op::minus, ScalarExp<MSHA...'"
mxnet,../repos/mxnet/3rdparty/mshadow/mshadow/expr_scalar-inl.h,"(142, 1)-(143, 51)","b'inline BinaryMapExp<op::mul, ScalarExp<MSHADO...'"
mxnet,../repos/mxnet/3rdparty/mshadow/mshadow/expr_scalar-inl.h,"(150, 1)-(150, 90)","b'inline BinaryMapExp<op::div, ScalarExp<MSHADO...'"
mxnet,../repos/mxnet/3rdparty/mshadow/mshadow/expr_scalar-inl.h,"(157, 1)-(158, 49)","b'inline BinaryMapExp<op::plus, ScalarExp<MSHAD...'"
mxnet,../repos/mxnet/3rdparty/mshadow/mshadow/expr_scalar-inl.h,"(164, 1)-(165, 49)","b'inline BinaryMapExp<op::minus, ScalarExp<MSHA...'"
mxnet,../repos/mxnet/3rdparty/mshadow/mshadow/expr_scalar-inl.h,"(171, 1)-(172, 49)","b'inline BinaryMapExp<op::mul, ScalarExp<MSHADO...'"
mxnet,../repos/mxnet/3rdparty/mshadow/mshadow/expr_scalar-inl.h,"(178, 1)-(178, 88)","b'inline BinaryMapExp<op::div, ScalarExp<MSHADO...'"
mxnet,../repos/mxnet/3rdparty/mshadow/mshadow/packet/sse-inl.h,"(58, 41)-(58, 59)",b'& operator=(float s)'
mxnet,../repos/mxnet/3rdparty/mshadow/mshadow/packet/sse-inl.h,"(102, 42)-(102, 61)",b'& operator=(double s)'
mxnet,../repos/mxnet/3rdparty/mshadow/mshadow/packet/plain-inl.h,"(56, 42)-(56, 60)",b'& operator=(DType s)'
mxnet,../repos/mxnet/3rdparty/mshadow/mshadow/expression.h,"(158, 21)-(158, 40)",b'&operator+=(DType s)'
mxnet,../repos/mxnet/3rdparty/mshadow/mshadow/expression.h,"(163, 21)-(163, 40)",b'&operator-=(DType s)'
mxnet,../repos/mxnet/3rdparty/mshadow/mshadow/expression.h,"(168, 21)-(168, 40)",b'&operator*=(DType s)'
mxnet,../repos/mxnet/3rdparty/mshadow/mshadow/expression.h,"(173, 21)-(173, 40)",b'&operator/=(DType s)'
mxnet,../repos/mxnet/3rdparty/mshadow/mshadow/expression.h,"(192, 21)-(192, 64)","b'&operator+=(const Exp<E, DType, etype> &exp)'"
mxnet,../repos/mxnet/3rdparty/mshadow/mshadow/expression.h,"(198, 21)-(198, 64)","b'&operator-=(const Exp<E, DType, etype> &exp)'"
mxnet,../repos/mxnet/3rdparty/mshadow/mshadow/expression.h,"(204, 21)-(204, 64)","b'&operator*=(const Exp<E, DType, etype> &exp)'"
mxnet,../repos/mxnet/3rdparty/mshadow/mshadow/expression.h,"(210, 21)-(210, 64)","b'&operator/=(const Exp<E, DType, etype> &exp)'"
mxnet,../repos/mxnet/3rdparty/mshadow/mshadow/expression.h,"(373, 1)-(373, 72)","b'inline BinaryMapExp<op::plus, TA, TB, DType, ...'"
mxnet,../repos/mxnet/3rdparty/mshadow/mshadow/expression.h,"(379, 1)-(379, 72)","b'inline BinaryMapExp<op::minus, TA, TB, DType,...'"
mxnet,../repos/mxnet/3rdparty/mshadow/mshadow/expression.h,"(385, 1)-(385, 72)","b'inline BinaryMapExp<op::mul, TA, TB, DType, (...'"
mxnet,../repos/mxnet/3rdparty/mshadow/mshadow/expression.h,"(391, 1)-(391, 72)","b'inline BinaryMapExp<op::div, TA, TB, DType, (...'"
mxnet,../repos/mxnet/3rdparty/mshadow/mshadow/tensor.h,"(73, 22)-(73, 76)","b'&operator<<(std::ostream &os, const Shape<ndi...'"
mxnet,../repos/mxnet/3rdparty/mshadow/mshadow/tensor.h,"(101, 28)-(101, 47)",b'&operator[](int idx)'
mxnet,../repos/mxnet/3rdparty/mshadow/mshadow/tensor.h,"(109, 34)-(109, 59)",b'&operator[](int idx) const'
mxnet,../repos/mxnet/3rdparty/mshadow/mshadow/tensor.h,"(119, 24)-(119, 68)",b'MSHADOW_XINLINE bool operator==(const Shape<k...'
mxnet,../repos/mxnet/3rdparty/mshadow/mshadow/tensor.h,"(130, 24)-(130, 68)",b'MSHADOW_XINLINE bool operator!=(const Shape<k...'
mxnet,../repos/mxnet/3rdparty/mshadow/mshadow/tensor.h,"(209, 24)-(209, 77)","b'&operator<<(std::ostream &os, const Shape<dim...'"
mxnet,../repos/mxnet/3rdparty/mshadow/mshadow/tensor.h,"(632, 50)-(632, 79)",b'operator[](index_t idx) const {\n    return Te...'
mxnet,../repos/mxnet/3rdparty/mshadow/mshadow/tensor.h,"(651, 3)-(651, 57)","b'&\n  operator=(const Tensor<Device, dimension,...'"
mxnet,../repos/mxnet/3rdparty/mshadow/mshadow/tensor.h,"(661, 3)-(661, 51)","b'&\n  operator=(const expr::Exp<E, DType, etype...'"
mxnet,../repos/mxnet/3rdparty/mshadow/mshadow/tensor.h,"(665, 44)-(665, 71)",b'&operator=(const DType &exp)'
mxnet,../repos/mxnet/3rdparty/mshadow/mshadow/tensor.h,"(714, 26)-(714, 49)",b'&operator[](index_t idx)'
mxnet,../repos/mxnet/3rdparty/mshadow/mshadow/tensor.h,"(717, 32)-(717, 61)",b'&operator[](index_t idx) const'
mxnet,../repos/mxnet/3rdparty/mshadow/mshadow/tensor.h,"(722, 3)-(722, 49)","b'&\n  operator=(const Tensor<Device, 1, DType> &exp)'"
mxnet,../repos/mxnet/3rdparty/mshadow/mshadow/tensor.h,"(731, 3)-(731, 51)","b'&\n  operator=(const expr::Exp<E, DType, etype...'"
mxnet,../repos/mxnet/3rdparty/mshadow/mshadow/tensor.h,"(734, 36)-(734, 63)",b'&operator=(const DType &exp)'
mxnet,../repos/mxnet/3rdparty/mshadow/mshadow/stream_gpu-inl.h,"(270, 31)-(270, 65)",b'void operator()(Stream<gpu> *ptr) const { Del...'
mxnet,../repos/mxnet/3rdparty/mshadow/mshadow/tensor_cpu-inl.h,"(59, 22)-(59, 76)","b'&operator<<(std::ostream &os, const Shape<ndi...'"
mxnet,../repos/mxnet/3rdparty/mshadow/mshadow/tensor_container.h,"(153, 27)-(154, 57)","b'&operator=\n  (const TensorContainer<Device, d...'"
mxnet,../repos/mxnet/3rdparty/mshadow/mshadow/tensor_container.h,"(164, 44)-(164, 62)",b'&operator=(DType s)'
mxnet,../repos/mxnet/3rdparty/mshadow/mshadow/tensor_container.h,"(170, 3)-(170, 65)","b'&\n  operator=(const expr::Exp<E, DType, expr:...'"
mxnet,../repos/mxnet/3rdparty/mshadow/mshadow/tensor_container.h,"(176, 3)-(176, 66)","b'&\n  operator=(const expr::Exp<E, DType, expr:...'"
mxnet,../repos/mxnet/3rdparty/mshadow/mshadow/tensor_container.h,"(182, 3)-(182, 66)","b'&\n  operator=(const expr::Exp<E, DType, expr:...'"
mxnet,../repos/mxnet/3rdparty/mshadow/mshadow/extension/flip.h,"(62, 3)-(62, 51)","b'inline void\n  operator=(const expr::Exp<E, DT...'"
mxnet,../repos/mxnet/3rdparty/mshadow/mshadow/extension/flip.h,"(66, 3)-(66, 30)",b'inline void\n  operator=(const DType &exp) {\n ...'
mxnet,../repos/mxnet/3rdparty/mshadow/mshadow/extension/slice_ex.h,"(58, 3)-(58, 51)","b'inline void\n  operator=(const expr::Exp<E, DT...'"
mxnet,../repos/mxnet/3rdparty/mshadow/mshadow/extension/slice_ex.h,"(62, 3)-(62, 30)",b'inline void\n  operator=(const DType &exp) {\n ...'
mxnet,../repos/mxnet/3rdparty/mshadow/mshadow/extension/concat.h,"(68, 3)-(68, 51)","b'inline void\n  operator=(const expr::Exp<E, DT...'"
mxnet,../repos/mxnet/3rdparty/mshadow/mshadow/extension/concat.h,"(72, 3)-(72, 30)",b'inline void\n  operator=(const DType &exp) {\n ...'
mxnet,../repos/mxnet/3rdparty/mshadow/mshadow/extension/slice.h,"(60, 3)-(60, 51)","b'inline void\n  operator=(const expr::Exp<E, DT...'"
mxnet,../repos/mxnet/3rdparty/mshadow/mshadow/extension/slice.h,"(64, 3)-(64, 30)",b'inline void\n  operator=(const DType &exp) {\n ...'
mxnet,../repos/mxnet/3rdparty/mshadow/guide/exp-template/exp_template_op.cpp,"(66, 15)-(66, 48)",b'& operator=(const Exp<EType>& src_)'
mxnet,../repos/mxnet/3rdparty/mshadow/guide/exp-template/exp_template_op.cpp,"(87, 1)-(87, 54)","b'inline BinaryMapExp<mul, TLhs, TRhs>\noperator...'"
mxnet,../repos/mxnet/3rdparty/mshadow/guide/exp-template/exp_lazy.cpp,"(40, 15)-(40, 49)",b'&operator=(const BinaryAddExp &src)'
mxnet,../repos/mxnet/3rdparty/mshadow/guide/exp-template/exp_lazy.cpp,"(48, 21)-(48, 62)","b'inline BinaryAddExp operator+(const Vec &lhs,...'"
mxnet,../repos/mxnet/3rdparty/mshadow/guide/exp-template/exp_template.cpp,"(58, 15)-(58, 49)",b'& operator= (const Exp<EType>& src_)'
mxnet,../repos/mxnet/3rdparty/mshadow/guide/exp-template/exp_template.cpp,"(73, 1)-(73, 54)","b'inline BinaryAddExp<TLhs, TRhs>\noperator+(con...'"
mxnet,../repos/mxnet/3rdparty/ctc_include/detail/gpu_ctc.h,"(42, 17)-(42, 41)",b'& operator=(const GpuCTC&)'
mxnet,../repos/mxnet/3rdparty/ctc_include/detail/ctc_helper.h,"(55, 9)-(55, 53)","b'HOSTDEVICE\n    Res operator()(const Arg& x, c...'"
mxnet,../repos/mxnet/3rdparty/ctc_include/detail/ctc_helper.h,"(62, 9)-(62, 53)","b'HOSTDEVICE\n    Res operator()(const Arg& x, c...'"
mxnet,../repos/mxnet/3rdparty/ctc_include/detail/ctc_helper.h,"(68, 20)-(68, 50)",b'HOSTDEVICE Res operator()(const Arg& x) const...'
mxnet,../repos/mxnet/3rdparty/ctc_include/detail/ctc_helper.h,"(72, 20)-(72, 50)",b'HOSTDEVICE Res operator()(const Arg& x) const...'
mxnet,../repos/mxnet/3rdparty/ctc_include/detail/ctc_helper.h,"(76, 20)-(76, 50)",b'HOSTDEVICE Res operator()(const Arg& x) const...'
mxnet,../repos/mxnet/3rdparty/ctc_include/detail/ctc_helper.h,"(83, 9)-(83, 51)","b'HOSTDEVICE\n    Res operator()(const Arg1& p1,...'"
mxnet,../repos/mxnet/3rdparty/ctc_include/detail/cpu_ctc.h,"(46, 13)-(46, 37)",b'& operator=(const CpuCTC&)'
mxnet,../repos/mxnet/src/common/cuda/cudnn_cxx.h,"(55, 8)-(55, 49)",b'void operator()(cudnnBackendDescriptor_t desc...'
mxnet,../repos/mxnet/src/common/static_array.h,"(64, 22)-(64, 51)",b'& operator[](const index_t idx)'
mxnet,../repos/mxnet/src/common/static_array.h,"(68, 28)-(68, 63)",b'& operator[](const index_t idx) const'
mxnet,../repos/mxnet/src/imperative/cuda_graphs.h,"(156, 8)-(156, 37)",b'void operator()(cudaGraph_t graph) {\n    if (...'
mxnet,../repos/mxnet/src/imperative/cuda_graphs.h,"(166, 8)-(166, 46)",b'void operator()(cudaGraphExec_t graph_exec) {...'
mxnet,../repos/mxnet/src/imperative/cuda_graphs.h,"(337, 8)-(337, 55)",b'bool operator<(const CudaGraphCacheKey& other...'
mxnet,../repos/mxnet/src/imperative/imperative_utils.h,"(129, 8)-(129, 39)",b'void operator()(engine::Opr* handle) {\n    En...'
mxnet,../repos/mxnet/src/nnvm/graph_editor.cc,"(74, 10)-(74, 46)",b'bool operator()(const nnvm::NodeEntry e1) {\n ...'
mxnet,../repos/mxnet/src/profiler/profiler.h,"(577, 19)-(577, 31)",b'inline uint64_t operator++() {\n    return Inc...'
mxnet,../repos/mxnet/src/profiler/profiler.h,"(581, 19)-(581, 34)",b'inline uint64_t operator++(int) {\n    const u...'
mxnet,../repos/mxnet/src/profiler/profiler.h,"(587, 19)-(587, 31)",b'inline uint64_t operator--() {\n    CHECK_GT(v...'
mxnet,../repos/mxnet/src/profiler/profiler.h,"(592, 19)-(592, 34)",b'inline uint64_t operator--(int) {\n    CHECK_G...'
mxnet,../repos/mxnet/src/profiler/profiler.h,"(599, 19)-(599, 40)",b'inline uint64_t operator+=(int64_t v) {\n    i...'
mxnet,../repos/mxnet/src/profiler/profiler.h,"(608, 19)-(608, 40)",b'inline uint64_t operator-=(int64_t v) {\n    C...'
mxnet,../repos/mxnet/src/profiler/profiler.h,"(618, 15)-(618, 36)",b'inline bool operator>=(int64_t v) {\n    CHECK...'
mxnet,../repos/mxnet/src/profiler/profiler.h,"(624, 26)-(624, 47)",b'& operator=(uint64_t v)'
mxnet,../repos/mxnet/src/profiler/vtune.h,"(293, 15)-(293, 27)",b'inline void operator++() {\n    __itt_counter_...'
mxnet,../repos/mxnet/src/profiler/vtune.h,"(297, 15)-(297, 30)",b'inline void operator++(int) {\n    __itt_count...'
mxnet,../repos/mxnet/src/profiler/vtune.h,"(301, 15)-(301, 27)",b'inline void operator--() {\n    __itt_counter_...'
mxnet,../repos/mxnet/src/profiler/vtune.h,"(305, 15)-(305, 30)",b'inline void operator--(int) {\n    __itt_count...'
mxnet,../repos/mxnet/src/profiler/vtune.h,"(309, 15)-(309, 36)",b'inline void operator+=(int64_t v) {\n    if (v...'
mxnet,../repos/mxnet/src/profiler/vtune.h,"(317, 15)-(317, 36)",b'inline void operator-=(int64_t v) {\n    this-...'
mxnet,../repos/mxnet/src/profiler/vtune.h,"(321, 24)-(321, 45)",b'& operator=(uint64_t v)'
mxnet,../repos/mxnet/src/ndarray/ndarray.cc,"(1797, 9)-(1797, 58)","b'NDArray operator+(const NDArray& lhs, const N...'"
mxnet,../repos/mxnet/src/ndarray/ndarray.cc,"(1800, 9)-(1800, 58)","b'NDArray operator-(const NDArray& lhs, const N...'"
mxnet,../repos/mxnet/src/ndarray/ndarray.cc,"(1803, 9)-(1803, 58)","b'NDArray operator*(const NDArray& lhs, const N...'"
mxnet,../repos/mxnet/src/ndarray/ndarray.cc,"(1806, 9)-(1806, 58)","b'NDArray operator/(const NDArray& lhs, const N...'"
mxnet,../repos/mxnet/src/ndarray/ndarray.cc,"(1810, 9)-(1810, 57)","b'NDArray operator+(const NDArray& lhs, const r...'"
mxnet,../repos/mxnet/src/ndarray/ndarray.cc,"(1813, 9)-(1813, 57)","b'NDArray operator-(const NDArray& lhs, const r...'"
mxnet,../repos/mxnet/src/ndarray/ndarray.cc,"(1816, 9)-(1816, 57)","b'NDArray operator*(const NDArray& lhs, const r...'"
mxnet,../repos/mxnet/src/ndarray/ndarray.cc,"(1819, 9)-(1819, 57)","b'NDArray operator/(const NDArray& lhs, const r...'"
mxnet,../repos/mxnet/src/operator/contrib/proposal.cc,"(172, 8)-(172, 36)","b'bool operator()(float i, float j) {\n    retur...'"
mxnet,../repos/mxnet/src/operator/contrib/multibox_detection.cc,"(39, 8)-(39, 53)",b'bool operator<(const SortElemDescend& other) ...'
mxnet,../repos/mxnet/src/operator/contrib/multi_proposal.cc,"(158, 8)-(158, 36)","b'bool operator()(float i, float j) {\n    retur...'"
mxnet,../repos/mxnet/src/operator/contrib/multibox_target.cc,"(69, 8)-(69, 53)",b'bool operator<(const SortElemDescend& other) ...'
mxnet,../repos/mxnet/src/operator/cudnn_ops.cc,"(854, 8)-(854, 48)",b'void operator()(cudnnTensorDescriptor_t desc)...'
mxnet,../repos/mxnet/src/operator/softmax_output-inl.h,"(100, 8)-(100, 57)",b'bool operator==(const SoftmaxOutputParam& oth...'
mxnet,../repos/mxnet/src/operator/softmax_output-inl.h,"(467, 10)-(467, 62)",b'size_t operator()(const mxnet::op::SoftmaxOut...'
mxnet,../repos/mxnet/src/operator/instance_norm.cc,"(35, 32)-(36, 92)",b'std::vector<nnvm::NodeEntry> operator()(const...'
mxnet,../repos/mxnet/src/operator/tensor/elemwise_unary_op.h,"(1008, 8)-(1012, 53)","b'void operator()(const nnvm::NodeAttrs& attrs,...'"
mxnet,../repos/mxnet/src/operator/tensor/elemwise_unary_op.h,"(1014, 8)-(1018, 55)","b'void operator()(const nnvm::NodeAttrs& attrs,...'"
mxnet,../repos/mxnet/src/operator/tensor/elemwise_unary_op.h,"(1024, 8)-(1028, 53)","b'void operator()(const nnvm::NodeAttrs& attrs,...'"
mxnet,../repos/mxnet/src/operator/tensor/broadcast_reduce_op.h,"(781, 8)-(785, 53)","b'void operator()(const nnvm::NodeAttrs& attrs,...'"
mxnet,../repos/mxnet/src/operator/tensor/broadcast_reduce_op.h,"(1549, 32)-(1550, 86)",b'std::vector<nnvm::NodeEntry> operator()(const...'
mxnet,../repos/mxnet/src/operator/tensor/slice-inl.h,"(48, 8)-(48, 49)",b'bool operator==(const SliceParam& other) cons...'
mxnet,../repos/mxnet/src/operator/tensor/slice-inl.h,"(59, 10)-(59, 54)",b'size_t operator()(const mxnet::op::SliceParam...'
mxnet,../repos/mxnet/src/operator/tensor/elemwise_binary_scalar_op.h,"(483, 8)-(487, 53)","b'void operator()(const nnvm::NodeAttrs& attrs,...'"
mxnet,../repos/mxnet/src/operator/tensor/elemwise_binary_scalar_op.h,"(489, 8)-(493, 55)","b'void operator()(const nnvm::NodeAttrs& attrs,...'"
mxnet,../repos/mxnet/src/operator/tensor/elemwise_binary_scalar_op.h,"(499, 8)-(503, 53)","b'void operator()(const nnvm::NodeAttrs& attrs,...'"
mxnet,../repos/mxnet/src/operator/tensor/elemwise_binary_op.h,"(879, 8)-(883, 53)","b'void operator()(const nnvm::NodeAttrs& attrs,...'"
mxnet,../repos/mxnet/src/operator/tensor/elemwise_binary_op.h,"(890, 8)-(894, 53)","b'void operator()(const nnvm::NodeAttrs& attrs,...'"
mxnet,../repos/mxnet/src/operator/tensor/elemwise_binary_op.h,"(901, 8)-(905, 53)","b'void operator()(const nnvm::NodeAttrs& attrs,...'"
mxnet,../repos/mxnet/src/operator/tensor/dot-inl.h,"(72, 8)-(72, 47)",b'bool operator==(const DotParam& other) const ...'
mxnet,../repos/mxnet/src/operator/tensor/dot-inl.h,"(1662, 10)-(1662, 52)",b'size_t operator()(const mxnet::op::DotParam& ...'
mxnet,../repos/mxnet/src/operator/tensor/la_op.h,"(947, 32)-(948, 86)",b'std::vector<nnvm::NodeEntry> operator()(const...'
mxnet,../repos/mxnet/src/operator/tensor/matrix_op-inl.h,"(76, 8)-(76, 51)",b'bool operator==(const ReshapeParam& other) co...'
mxnet,../repos/mxnet/src/operator/tensor/matrix_op-inl.h,"(277, 8)-(277, 53)",b'bool operator==(const TransposeParam& other) ...'
mxnet,../repos/mxnet/src/operator/tensor/matrix_op-inl.h,"(624, 8)-(624, 53)",b'bool operator==(const ExpandDimParam& other) ...'
mxnet,../repos/mxnet/src/operator/tensor/matrix_op-inl.h,"(3048, 8)-(3048, 49)",b'bool operator==(const SplitParam& other) cons...'
mxnet,../repos/mxnet/src/operator/tensor/matrix_op-inl.h,"(3413, 10)-(3413, 58)",b'size_t operator()(const mxnet::op::TransposeP...'
mxnet,../repos/mxnet/src/operator/tensor/matrix_op-inl.h,"(3422, 10)-(3422, 56)",b'size_t operator()(const mxnet::op::ReshapePar...'
mxnet,../repos/mxnet/src/operator/tensor/matrix_op-inl.h,"(3434, 10)-(3434, 58)",b'size_t operator()(const mxnet::op::ExpandDimP...'
mxnet,../repos/mxnet/src/operator/tensor/matrix_op-inl.h,"(3443, 10)-(3443, 54)",b'size_t operator()(const mxnet::op::SplitParam...'
mxnet,../repos/mxnet/src/operator/tensor/elemwise_binary_broadcast_op.h,"(331, 8)-(335, 53)","b'void operator()(const nnvm::NodeAttrs& attrs,...'"
mxnet,../repos/mxnet/src/operator/tensor/elemwise_binary_broadcast_op.h,"(342, 8)-(346, 53)","b'void operator()(const nnvm::NodeAttrs& attrs,...'"
mxnet,../repos/mxnet/src/operator/tensor/elemwise_binary_broadcast_op.h,"(353, 8)-(357, 53)","b'void operator()(const nnvm::NodeAttrs& attrs,...'"
mxnet,../repos/mxnet/src/operator/softmax_output.cc,"(36, 32)-(37, 92)",b'std::vector<nnvm::NodeEntry> operator()(const...'
mxnet,../repos/mxnet/src/operator/cudnn_ops.h,"(66, 10)-(66, 47)",b'size_t operator()(const std::tuple<>&) const ...'
mxnet,../repos/mxnet/src/operator/cudnn_ops.h,"(73, 10)-(73, 54)",b'size_t operator()(const std::tuple<Ts...>& t)...'
mxnet,../repos/mxnet/src/operator/rnn.cc,"(220, 32)-(221, 91)",b'std::vector<nnvm::NodeEntry> operator()(const...'
mxnet,../repos/mxnet/src/operator/elemwise_op_common.h,"(232, 32)-(233, 92)",b'std::vector<nnvm::NodeEntry> operator()(const...'
mxnet,../repos/mxnet/src/operator/elemwise_op_common.h,"(241, 32)-(242, 92)",b'std::vector<nnvm::NodeEntry> operator()(const...'
mxnet,../repos/mxnet/src/operator/elemwise_op_common.h,"(255, 32)-(256, 92)",b'std::vector<nnvm::NodeEntry> operator()(const...'
mxnet,../repos/mxnet/src/operator/elemwise_op_common.h,"(272, 32)-(273, 92)",b'std::vector<nnvm::NodeEntry> operator()(const...'
mxnet,../repos/mxnet/src/operator/elemwise_op_common.h,"(280, 32)-(281, 92)",b'std::vector<nnvm::NodeEntry> operator()(const...'
mxnet,../repos/mxnet/src/operator/nn/deconvolution.cc,"(393, 32)-(394, 92)",b'std::vector<nnvm::NodeEntry> operator()(const...'
mxnet,../repos/mxnet/src/operator/nn/batch_norm-inl.h,"(135, 8)-(135, 53)",b'bool operator==(const BatchNormParam& other) ...'
mxnet,../repos/mxnet/src/operator/nn/batch_norm-inl.h,"(180, 10)-(180, 58)",b'size_t operator()(const mxnet::op::BatchNormP...'
mxnet,../repos/mxnet/src/operator/nn/pooling-inl.h,"(125, 8)-(125, 51)",b'bool operator==(const PoolingParam& other) co...'
mxnet,../repos/mxnet/src/operator/nn/pooling-inl.h,"(252, 10)-(252, 56)",b'size_t operator()(const mxnet::op::PoolingPar...'
mxnet,../repos/mxnet/src/operator/nn/lrn.cc,"(74, 32)-(75, 92)",b'std::vector<nnvm::NodeEntry> operator()(const...'
mxnet,../repos/mxnet/src/operator/nn/dropout.cc,"(53, 32)-(54, 92)",b'std::vector<nnvm::NodeEntry> operator()(const...'
mxnet,../repos/mxnet/src/operator/nn/lrn-inl.h,"(60, 8)-(60, 47)",b'bool operator==(const LRNParam& other) const ...'
mxnet,../repos/mxnet/src/operator/nn/lrn-inl.h,"(73, 10)-(73, 52)",b'size_t operator()(const mxnet::op::LRNParam& ...'
mxnet,../repos/mxnet/src/operator/nn/convolution.cc,"(423, 32)-(424, 92)",b'std::vector<nnvm::NodeEntry> operator()(const...'
mxnet,../repos/mxnet/src/operator/nn/dnnl/dnnl_fully_connected-inl.h,"(76, 8)-(76, 50)",b'bool operator==(const DNNLFCParam& other) con...'
mxnet,../repos/mxnet/src/operator/nn/dnnl/dnnl_fully_connected-inl.h,"(94, 8)-(94, 54)",b'bool operator==(const DNNLFCFullParam& other)...'
mxnet,../repos/mxnet/src/operator/nn/dnnl/dnnl_fully_connected-inl.h,"(252, 10)-(252, 55)",b'size_t operator()(const mxnet::op::DNNLFCPara...'
mxnet,../repos/mxnet/src/operator/nn/dnnl/dnnl_fully_connected-inl.h,"(270, 10)-(270, 59)",b'size_t operator()(const mxnet::op::DNNLFCFull...'
mxnet,../repos/mxnet/src/operator/nn/dnnl/dnnl_batch_dot.cc,"(206, 10)-(206, 56)",b'size_t operator()(const mxnet::op::DNNLDotPar...'
mxnet,../repos/mxnet/src/operator/nn/dnnl/dnnl_rnn-inl.h,"(205, 17)-(205, 60)",b'& operator=(const RnnPrimitive& rnn_fwd_prim)'
mxnet,../repos/mxnet/src/operator/nn/dnnl/dnnl_rnn-inl.h,"(437, 20)-(437, 57)",b'& operator=(const RnnBwdPrimitive& bwd)'
mxnet,../repos/mxnet/src/operator/nn/dnnl/dnnl_act-inl.h,"(43, 8)-(43, 51)",b'bool operator==(const DNNLActParam& other) co...'
mxnet,../repos/mxnet/src/operator/nn/dnnl/dnnl_act-inl.h,"(129, 10)-(129, 56)",b'size_t operator()(const mxnet::op::DNNLActPar...'
mxnet,../repos/mxnet/src/operator/nn/dnnl/dnnl_base-inl.h,"(84, 14)-(84, 41)",b'& operator=(CpuEngine const&)'
mxnet,../repos/mxnet/src/operator/nn/dnnl/dnnl_base-inl.h,"(85, 14)-(85, 36)",b'& operator=(CpuEngine&&)'
mxnet,../repos/mxnet/src/operator/nn/dnnl/dnnl_base-inl.h,"(774, 8)-(774, 59)",b'bool operator==(const DNNLPostEltwiseParam& o...'
mxnet,../repos/mxnet/src/operator/nn/dnnl/dnnl_base-inl.h,"(805, 10)-(805, 60)",b'size_t operator()(const mxnet::DNNLPostEltwis...'
mxnet,../repos/mxnet/src/operator/nn/dnnl/dnnl_pow_mul_scalar-inl.h,"(53, 8)-(53, 60)",b'bool operator==(const DNNLPowMulScalarParam& ...'
mxnet,../repos/mxnet/src/operator/nn/dnnl/dnnl_batch_dot-inl.h,"(71, 8)-(71, 51)",b'bool operator==(const DNNLDotParam& other) co...'
mxnet,../repos/mxnet/src/operator/nn/dnnl/dnnl_pow_mul_scalar.cc,"(87, 10)-(87, 65)",b'size_t operator()(const mxnet::op::DNNLPowMul...'
mxnet,../repos/mxnet/src/operator/nn/convolution-inl.h,"(117, 8)-(117, 55)",b'bool operator==(const ConvolutionParam& other...'
mxnet,../repos/mxnet/src/operator/nn/convolution-inl.h,"(203, 10)-(203, 60)",b'size_t operator()(const mxnet::op::Convolutio...'
mxnet,../repos/mxnet/src/operator/nn/softmax-inl.h,"(972, 8)-(972, 51)",b'bool operator==(const SoftmaxParam& other) co...'
mxnet,../repos/mxnet/src/operator/nn/softmax-inl.h,"(1016, 8)-(1016, 57)",b'bool operator==(const MaskedSoftmaxParam& oth...'
mxnet,../repos/mxnet/src/operator/nn/softmax-inl.h,"(1158, 32)-(1159, 92)",b'std::vector<nnvm::NodeEntry> operator()(const...'
mxnet,../repos/mxnet/src/operator/nn/softmax-inl.h,"(1385, 8)-(1389, 53)","b'void operator()(const nnvm::NodeAttrs& attrs,...'"
mxnet,../repos/mxnet/src/operator/nn/softmax-inl.h,"(1397, 8)-(1401, 53)","b'void operator()(const nnvm::NodeAttrs& attrs,...'"
mxnet,../repos/mxnet/src/operator/nn/softmax-inl.h,"(1544, 10)-(1544, 56)",b'size_t operator()(const mxnet::op::SoftmaxPar...'
mxnet,../repos/mxnet/src/operator/nn/softmax-inl.h,"(1556, 10)-(1556, 62)",b'size_t operator()(const mxnet::op::MaskedSoft...'
mxnet,../repos/mxnet/src/operator/nn/activation.cc,"(69, 32)-(70, 92)",b'std::vector<nnvm::NodeEntry> operator()(const...'
mxnet,../repos/mxnet/src/operator/nn/fully_connected-inl.h,"(84, 8)-(84, 58)",b'bool operator==(const FullyConnectedParam& ot...'
mxnet,../repos/mxnet/src/operator/nn/fully_connected-inl.h,"(607, 10)-(607, 63)",b'size_t operator()(const mxnet::op::FullyConne...'
mxnet,../repos/mxnet/src/operator/nn/concat.cc,"(310, 32)-(311, 92)",b'std::vector<nnvm::NodeEntry> operator()(const...'
mxnet,../repos/mxnet/src/operator/nn/fully_connected.cc,"(172, 32)-(173, 92)",b'std::vector<nnvm::NodeEntry> operator()(const...'
mxnet,../repos/mxnet/src/operator/nn/fully_connected.cc,"(183, 32)-(184, 92)",b'std::vector<nnvm::NodeEntry> operator()(const...'
mxnet,../repos/mxnet/src/operator/nn/cudnn/cudnn_algoreg-inl.h,"(145, 10)-(145, 49)",b'bool operator==(const ParamKey& other) const ...'
mxnet,../repos/mxnet/src/operator/nn/cudnn/cudnn_algoreg-inl.h,"(156, 12)-(156, 49)",b'size_t operator()(const ParamKey& key) const ...'
mxnet,../repos/mxnet/src/operator/nn/activation-inl.h,"(70, 8)-(70, 54)",b'bool operator==(const ActivationParam& other)...'
mxnet,../repos/mxnet/src/operator/nn/activation-inl.h,"(108, 10)-(108, 59)",b'size_t operator()(const mxnet::op::Activation...'
mxnet,../repos/mxnet/src/operator/nn/upsampling.cc,"(110, 32)-(111, 92)",b'std::vector<nnvm::NodeEntry> operator()(const...'
mxnet,../repos/mxnet/src/operator/nn/deconvolution-inl.h,"(165, 8)-(165, 57)",b'bool operator==(const DeconvolutionParam& oth...'
mxnet,../repos/mxnet/src/operator/nn/deconvolution-inl.h,"(255, 10)-(255, 62)",b'size_t operator()(const mxnet::op::Deconvolut...'
mxnet,../repos/mxnet/src/operator/nn/layer_norm-inl.h,"(77, 8)-(77, 53)",b'bool operator==(const LayerNormParam& other) ...'
mxnet,../repos/mxnet/src/operator/nn/layer_norm-inl.h,"(366, 10)-(366, 58)",b'size_t operator()(const mxnet::op::LayerNormP...'
mxnet,../repos/mxnet/src/operator/numpy/np_elemwise_broadcast_logic_op.h,"(92, 8)-(96, 53)","b'void operator()(const nnvm::NodeAttrs& attrs,...'"
mxnet,../repos/mxnet/src/operator/numpy/np_elemwise_broadcast_logic_op.h,"(143, 8)-(147, 53)","b'void operator()(const nnvm::NodeAttrs& attrs,...'"
mxnet,../repos/mxnet/src/operator/numpy/np_elemwise_broadcast_logic_op.h,"(284, 8)-(288, 53)","b'void operator()(const nnvm::NodeAttrs& attrs,...'"
mxnet,../repos/mxnet/src/operator/numpy/np_matrix_op.cc,"(574, 32)-(575, 92)",b'std::vector<nnvm::NodeEntry> operator()(const...'
mxnet,../repos/mxnet/src/operator/numpy/np_matrix_op-inl.h,"(54, 8)-(54, 58)",b'bool operator==(const NumpyTransposeParam& ot...'
mxnet,../repos/mxnet/src/operator/numpy/np_matrix_op-inl.h,"(1944, 10)-(1944, 63)",b'size_t operator()(const mxnet::op::NumpyTrans...'
mxnet,../repos/mxnet/src/operator/numpy/np_einsum_op-inl.h,"(404, 8)-(404, 47)",b'bool operator==(const EinsumOp& other) const ...'
mxnet,../repos/mxnet/src/operator/numpy/np_broadcast_reduce_op.h,"(74, 8)-(74, 59)",b'bool operator==(const NumpyReduceAxesParam& o...'
mxnet,../repos/mxnet/src/operator/numpy/np_broadcast_reduce_op.h,"(602, 8)-(606, 53)","b'void operator()(const nnvm::NodeAttrs& attrs,...'"
mxnet,../repos/mxnet/src/operator/numpy/np_broadcast_reduce_op.h,"(1286, 10)-(1286, 64)",b'size_t operator()(const mxnet::op::NumpyReduc...'
mxnet,../repos/mxnet/src/operator/tvmop/op_module.h,"(100, 29)-(100, 48)",b'& operator[](int idx)'
mxnet,../repos/mxnet/src/operator/tvmop/op_module.h,"(104, 35)-(104, 60)",b'& operator[](int idx) const'
mxnet,../repos/mxnet/src/operator/subgraph/subgraph_property.h,"(587, 28)-(587, 69)",b'& operator=(const SubgraphBackendRegistry&)'
mxnet,../repos/mxnet/src/operator/subgraph/tensorrt/onnx_to_tensorrt.h,"(46, 8)-(46, 32)",b'void operator()(T* obj) const {\n    if (obj) ...'
mxnet,../repos/mxnet/src/operator/regression_output-inl.h,"(282, 32)-(283, 92)",b'std::vector<nnvm::NodeEntry> operator()(const...'
mxnet,../repos/mxnet/src/operator/operator_common.h,"(674, 8)-(674, 49)",b'bool operator==(const OpSignature& sign) cons...'
mxnet,../repos/mxnet/src/operator/operator_common.h,"(691, 10)-(691, 51)",b'size_t operator()(const OpSignature& sign) co...'
mxnet,../repos/mxnet/src/operator/operator_common.h,"(708, 8)-(708, 60)",b'bool operator==(const ParamOpSign<ParamType>&...'
mxnet,../repos/mxnet/src/operator/mshadow_op.h,"(152, 31)-(152, 64)",b'& operator+=(const IndexedNum& rhs)'
mxnet,../repos/mxnet/src/io/inst_vector.h,"(51, 43)-(51, 69)","b'inline mshadow::Tensor<cpu, dim, DType> opera...'"
mxnet,../repos/mxnet/src/io/inst_vector.h,"(102, 19)-(102, 45)",b'inline DataInst operator[](size_t i) const {\n...'
mxnet,../repos/mxnet/include/mxnet/tuple.h,"(156, 28)-(156, 66)",b'& operator=(const Tuple<ValueType>& src)'
mxnet,../repos/mxnet/include/mxnet/tuple.h,"(169, 28)-(169, 61)",b'& operator=(Tuple<ValueType>&& src)'
mxnet,../repos/mxnet/include/mxnet/tuple.h,"(178, 28)-(178, 76)",b'& operator=(std::initializer_list<ValueType> init)'
mxnet,../repos/mxnet/include/mxnet/tuple.h,"(186, 15)-(186, 58)",b'inline bool operator==(const Tuple<ValueType>...'
mxnet,../repos/mxnet/include/mxnet/tuple.h,"(197, 15)-(197, 58)",b'inline bool operator!=(const Tuple<ValueType>...'
mxnet,../repos/mxnet/include/mxnet/tuple.h,"(225, 21)-(225, 38)",b'& operator[](int i)'
mxnet,../repos/mxnet/include/mxnet/tuple.h,"(239, 27)-(239, 50)",b'& operator[](int i) const'
mxnet,../repos/mxnet/include/mxnet/tuple.h,"(271, 24)-(271, 79)","b'& operator<<(std::ostream& os, const Tuple<Va...'"
mxnet,../repos/mxnet/include/mxnet/tuple.h,"(296, 24)-(296, 73)","b'& operator>>(std::istream& is, Tuple<ValueTyp...'"
mxnet,../repos/mxnet/include/mxnet/tuple.h,"(505, 18)-(505, 52)",b'& operator=(const Tuple<dim_t>& src)'
mxnet,../repos/mxnet/include/mxnet/tuple.h,"(518, 18)-(518, 47)",b'& operator=(Tuple<dim_t>&& src)'
mxnet,../repos/mxnet/include/mxnet/tuple.h,"(576, 18)-(576, 61)",b'& operator=(const mshadow::Shape<dim>& shape)'
mxnet,../repos/mxnet/include/mxnet/tuple.h,"(649, 15)-(649, 48)",b'inline bool operator==(const TShape& s) const...'
mxnet,../repos/mxnet/include/mxnet/tuple.h,"(654, 15)-(654, 48)",b'inline bool operator!=(const TShape& s) const...'
mxnet,../repos/mxnet/include/mxnet/tuple.h,"(663, 15)-(663, 61)",b'inline bool operator==(const mshadow::Shape<d...'
mxnet,../repos/mxnet/include/mxnet/tuple.h,"(679, 15)-(679, 61)",b'inline bool operator!=(const mshadow::Shape<d...'
mxnet,../repos/mxnet/include/mxnet/tuple.h,"(776, 10)-(776, 54)",b'size_t operator()(const mxnet::Tuple<T>& val)...'
mxnet,../repos/mxnet/include/mxnet/tuple.h,"(790, 10)-(790, 52)",b'size_t operator()(const mxnet::TShape& val) c...'
mxnet,../repos/mxnet/include/mxnet/runtime/packed_func.h,"(125, 24)-(125, 56)",b'inline MXNetRetValue operator()(Args&&... arg...'
mxnet,../repos/mxnet/include/mxnet/runtime/packed_func.h,"(135, 8)-(135, 45)",b'bool operator==(std::nullptr_t null) const {\n...'
mxnet,../repos/mxnet/include/mxnet/runtime/packed_func.h,"(139, 8)-(139, 45)",b'bool operator!=(std::nullptr_t null) const {\n...'
mxnet,../repos/mxnet/include/mxnet/runtime/packed_func.h,"(265, 10)-(265, 41)",b'& operator=(FLambda typed_lambda)'
mxnet,../repos/mxnet/include/mxnet/runtime/packed_func.h,"(274, 10)-(274, 38)",b'& operator=(PackedFunc packed)'
mxnet,../repos/mxnet/include/mxnet/runtime/packed_func.h,"(283, 12)-(283, 42)",b'inline R operator()(Args... args) const;'
mxnet,../repos/mxnet/include/mxnet/runtime/packed_func.h,"(298, 8)-(298, 45)",b'bool operator==(std::nullptr_t null) const {\n...'
mxnet,../repos/mxnet/include/mxnet/runtime/packed_func.h,"(302, 8)-(302, 45)",b'bool operator!=(std::nullptr_t null) const {\n...'
mxnet,../repos/mxnet/include/mxnet/runtime/packed_func.h,"(342, 24)-(342, 47)",b'inline MXNetArgValue operator[](int i) const;'
mxnet,../repos/mxnet/include/mxnet/runtime/packed_func.h,"(608, 18)-(608, 50)",b'& operator=(MXNetRetValue&& other)'
mxnet,../repos/mxnet/include/mxnet/runtime/packed_func.h,"(615, 18)-(615, 41)",b'& operator=(double value)'
mxnet,../repos/mxnet/include/mxnet/runtime/packed_func.h,"(620, 18)-(620, 49)",b'& operator=(std::nullptr_t value)'
mxnet,../repos/mxnet/include/mxnet/runtime/packed_func.h,"(625, 18)-(625, 40)",b'& operator=(void* value)'
mxnet,../repos/mxnet/include/mxnet/runtime/packed_func.h,"(630, 18)-(630, 42)",b'& operator=(int64_t value)'
mxnet,../repos/mxnet/include/mxnet/runtime/packed_func.h,"(635, 18)-(635, 38)",b'& operator=(int value)'
mxnet,../repos/mxnet/include/mxnet/runtime/packed_func.h,"(640, 18)-(640, 39)",b'& operator=(bool value)'
mxnet,../repos/mxnet/include/mxnet/runtime/packed_func.h,"(645, 18)-(645, 46)",b'& operator=(std::string value)'
mxnet,../repos/mxnet/include/mxnet/runtime/packed_func.h,"(649, 18)-(649, 41)",b'& operator=(DLDataType t)'
mxnet,../repos/mxnet/include/mxnet/runtime/packed_func.h,"(654, 18)-(654, 55)",b'& operator=(const MXNetDataType& other)'
mxnet,../repos/mxnet/include/mxnet/runtime/packed_func.h,"(657, 18)-(657, 49)",b'& operator=(MXNetByteArray value)'
mxnet,../repos/mxnet/include/mxnet/runtime/packed_func.h,"(661, 18)-(661, 44)",b'& operator=(ObjectRef other)'
mxnet,../repos/mxnet/include/mxnet/runtime/packed_func.h,"(668, 18)-(668, 47)",b'& operator=(ObjectPtr<T> other)'
mxnet,../repos/mxnet/include/mxnet/runtime/packed_func.h,"(673, 18)-(673, 60)",b'& operator=(const TypedPackedFunc<FType>& f)'
mxnet,../repos/mxnet/include/mxnet/runtime/packed_func.h,"(676, 18)-(676, 55)",b'& operator=(const MXNetRetValue& other)'
mxnet,../repos/mxnet/include/mxnet/runtime/packed_func.h,"(680, 18)-(680, 55)",b'& operator=(const MXNetArgValue& other)'
mxnet,../repos/mxnet/include/mxnet/runtime/packed_func.h,"(684, 18)-(684, 43)",b'& operator=(NDArray* value)'
mxnet,../repos/mxnet/include/mxnet/runtime/packed_func.h,"(689, 18)-(689, 48)",b'& operator=(NDArrayHandle value)'
mxnet,../repos/mxnet/include/mxnet/runtime/packed_func.h,"(695, 18)-(695, 51)",b'& operator=(const PythonArg& value)'
mxnet,../repos/mxnet/include/mxnet/runtime/packed_func.h,"(701, 18)-(701, 43)",b'& operator=(const T& other)'
mxnet,../repos/mxnet/include/mxnet/runtime/packed_func.h,"(947, 22)-(947, 64)","b'& operator<<(std::ostream& os, DLDataType t)'"
mxnet,../repos/mxnet/include/mxnet/runtime/packed_func.h,"(967, 22)-(967, 78)","b'& operator<<(std::ostream& os, const MXNetDat...'"
mxnet,../repos/mxnet/include/mxnet/runtime/packed_func.h,"(1018, 8)-(1018, 43)","b'void operator()(size_t i, T value) const {\n  ...'"
mxnet,../repos/mxnet/include/mxnet/runtime/packed_func.h,"(1022, 8)-(1022, 50)","b'void operator()(size_t i, uint64_t value) con...'"
mxnet,../repos/mxnet/include/mxnet/runtime/packed_func.h,"(1027, 8)-(1027, 48)","b'void operator()(size_t i, double value) const...'"
mxnet,../repos/mxnet/include/mxnet/runtime/packed_func.h,"(1031, 8)-(1031, 56)","b'void operator()(size_t i, std::nullptr_t valu...'"
mxnet,../repos/mxnet/include/mxnet/runtime/packed_func.h,"(1035, 8)-(1035, 62)","b'void operator()(size_t i, const MXNetArgValue...'"
mxnet,../repos/mxnet/include/mxnet/runtime/packed_func.h,"(1039, 8)-(1039, 47)","b'void operator()(size_t i, void* value) const ...'"
mxnet,../repos/mxnet/include/mxnet/runtime/packed_func.h,"(1043, 8)-(1043, 53)","b'void operator()(size_t i, const char* value) ...'"
mxnet,../repos/mxnet/include/mxnet/runtime/packed_func.h,"(1050, 8)-(1050, 60)","b'void operator()(size_t i, const std::string& ...'"
mxnet,../repos/mxnet/include/mxnet/runtime/packed_func.h,"(1054, 8)-(1054, 52)","b'void operator()(size_t i, DLDataType value) c...'"
mxnet,../repos/mxnet/include/mxnet/runtime/packed_func.h,"(1058, 8)-(1058, 55)","b'void operator()(size_t i, MXNetDataType dtype...'"
mxnet,../repos/mxnet/include/mxnet/runtime/packed_func.h,"(1059, 5)-(1059, 47)","b'operator()(i, dtype.operator DLDataType())'"
mxnet,../repos/mxnet/include/mxnet/runtime/packed_func.h,"(1061, 8)-(1061, 63)","b'void operator()(size_t i, const MXNetByteArra...'"
mxnet,../repos/mxnet/include/mxnet/runtime/packed_func.h,"(1066, 8)-(1066, 71)","b'void operator()(size_t i, const TypedPackedFu...'"
mxnet,../repos/mxnet/include/mxnet/runtime/packed_func.h,"(1067, 5)-(1067, 33)","b'operator()(i, value.packed());'"
mxnet,../repos/mxnet/include/mxnet/runtime/packed_func.h,"(1069, 8)-(1069, 58)","b'void operator()(size_t i, const ObjectRef& va...'"
mxnet,../repos/mxnet/include/mxnet/runtime/packed_func.h,"(1077, 8)-(1077, 62)","b'void operator()(size_t i, const MXNetRetValue...'"
mxnet,../repos/mxnet/include/mxnet/runtime/data_type.h,"(139, 8)-(139, 52)",b'bool operator==(const MXNetDataType& other) c...'
mxnet,../repos/mxnet/include/mxnet/runtime/data_type.h,"(148, 8)-(148, 52)",b'bool operator!=(const MXNetDataType& other) c...'
mxnet,../repos/mxnet/include/mxnet/runtime/object.h,"(237, 11)-(237, 41)",b'& operator=(const Object& other)'
mxnet,../repos/mxnet/include/mxnet/runtime/object.h,"(240, 11)-(240, 36)",b'& operator=(Object&& other)'
mxnet,../repos/mxnet/include/mxnet/runtime/object.h,"(407, 6)-(407, 24)",b'* operator->() const'
mxnet,../repos/mxnet/include/mxnet/runtime/object.h,"(413, 6)-(413, 23)",b'& operator*() const'
mxnet,../repos/mxnet/include/mxnet/runtime/object.h,"(421, 17)-(421, 53)",b'& operator=(const ObjectPtr<T>& other)'
mxnet,../repos/mxnet/include/mxnet/runtime/object.h,"(432, 17)-(432, 48)",b'& operator=(ObjectPtr<T>&& other)'
mxnet,../repos/mxnet/include/mxnet/runtime/object.h,"(453, 8)-(453, 51)",b'bool operator==(const ObjectPtr<T>& other) co...'
mxnet,../repos/mxnet/include/mxnet/runtime/object.h,"(457, 8)-(457, 51)",b'bool operator!=(const ObjectPtr<T>& other) co...'
mxnet,../repos/mxnet/include/mxnet/runtime/object.h,"(461, 8)-(461, 45)",b'bool operator==(std::nullptr_t null) const {\n...'
mxnet,../repos/mxnet/include/mxnet/runtime/object.h,"(465, 8)-(465, 45)",b'bool operator!=(std::nullptr_t null) const {\n...'
mxnet,../repos/mxnet/include/mxnet/runtime/object.h,"(519, 8)-(519, 48)",b'bool operator==(const ObjectRef& other) const...'
mxnet,../repos/mxnet/include/mxnet/runtime/object.h,"(527, 8)-(527, 48)",b'bool operator!=(const ObjectRef& other) const...'
mxnet,../repos/mxnet/include/mxnet/runtime/object.h,"(535, 8)-(535, 47)",b'bool operator<(const ObjectRef& other) const ...'
mxnet,../repos/mxnet/include/mxnet/runtime/object.h,"(547, 17)-(547, 35)",b'* operator->() const'
mxnet,../repos/mxnet/include/mxnet/runtime/object.h,"(621, 10)-(621, 46)",b'size_t operator()(const ObjectRef& a) const {...'
mxnet,../repos/mxnet/include/mxnet/runtime/object.h,"(626, 10)-(626, 49)",b'size_t operator()(const ObjectPtr<T>& a) cons...'
mxnet,../repos/mxnet/include/mxnet/runtime/object.h,"(633, 8)-(633, 64)","b'bool operator()(const ObjectRef& a, const Obj...'"
mxnet,../repos/mxnet/include/mxnet/runtime/object.h,"(638, 10)-(638, 72)","b'size_t operator()(const ObjectPtr<T>& a, cons...'"
mxnet,../repos/mxnet/include/mxnet/runtime/container.h,"(87, 19)-(87, 47)",b'& operator[](size_t idx) const'
mxnet,../repos/mxnet/include/mxnet/runtime/container.h,"(98, 13)-(98, 35)",b'& operator[](size_t idx)'
mxnet,../repos/mxnet/include/mxnet/runtime/container.h,"(249, 20)-(249, 48)",b'& operator[](size_t idx) const'
mxnet,../repos/mxnet/include/mxnet/runtime/container_ext.h,"(52, 10)-(52, 46)",b'size_t operator()(const ObjectRef& a) const;'
mxnet,../repos/mxnet/include/mxnet/runtime/container_ext.h,"(63, 8)-(63, 64)","b'bool operator()(const ObjectRef& a, const Obj...'"
mxnet,../repos/mxnet/include/mxnet/runtime/container_ext.h,"(254, 14)-(254, 42)","b'& operator=(Map<K, V>&& other)'"
mxnet,../repos/mxnet/include/mxnet/runtime/container_ext.h,"(263, 14)-(263, 47)","b'& operator=(const Map<K, V>& other)'"
mxnet,../repos/mxnet/include/mxnet/runtime/container_ext.h,"(310, 11)-(310, 41)",b'const V operator[](const K& key) const {\n    ...'
mxnet,../repos/mxnet/include/mxnet/runtime/container_ext.h,"(384, 10)-(384, 49)",b'bool operator==(const iterator& other) const ...'
mxnet,../repos/mxnet/include/mxnet/runtime/container_ext.h,"(388, 10)-(388, 49)",b'bool operator!=(const iterator& other) const ...'
mxnet,../repos/mxnet/include/mxnet/runtime/container_ext.h,"(392, 13)-(392, 31)",b'pointer operator->() const = delete;'
mxnet,../repos/mxnet/include/mxnet/runtime/container_ext.h,"(394, 15)-(394, 32)",b'reference operator*() const {\n      auto& kv ...'
mxnet,../repos/mxnet/include/mxnet/runtime/container_ext.h,"(399, 15)-(399, 27)",b'& operator++()'
mxnet,../repos/mxnet/include/mxnet/runtime/container_ext.h,"(404, 14)-(404, 29)",b'iterator operator++(int) {\n      iterator cop...'
mxnet,../repos/mxnet/include/mxnet/runtime/container_ext.h,"(520, 18)-(520, 46)",b'& operator=(std::string other)'
mxnet,../repos/mxnet/include/mxnet/runtime/container_ext.h,"(527, 18)-(527, 46)",b'& operator=(const char* other)'
mxnet,../repos/mxnet/include/mxnet/runtime/container_ext.h,"(671, 17)-(671, 64)","b'String operator+(const String& lhs, const Str...'"
mxnet,../repos/mxnet/include/mxnet/runtime/container_ext.h,"(672, 17)-(672, 69)","b'String operator+(const String& lhs, const std...'"
mxnet,../repos/mxnet/include/mxnet/runtime/container_ext.h,"(673, 17)-(673, 69)","b'String operator+(const std::string& lhs, cons...'"
mxnet,../repos/mxnet/include/mxnet/runtime/container_ext.h,"(674, 17)-(674, 62)","b'String operator+(const String& lhs, const cha...'"
mxnet,../repos/mxnet/include/mxnet/runtime/container_ext.h,"(675, 17)-(675, 62)","b'String operator+(const char* lhs, const Strin...'"
mxnet,../repos/mxnet/include/mxnet/runtime/container_ext.h,"(717, 15)-(717, 62)","b'inline String operator+(const String& lhs, co...'"
mxnet,../repos/mxnet/include/mxnet/runtime/container_ext.h,"(723, 15)-(723, 67)","b'inline String operator+(const String& lhs, co...'"
mxnet,../repos/mxnet/include/mxnet/runtime/container_ext.h,"(729, 15)-(729, 67)",b'inline String operator+(const std::string& lh...'
mxnet,../repos/mxnet/include/mxnet/runtime/container_ext.h,"(735, 15)-(735, 60)","b'inline String operator+(const char* lhs, cons...'"
mxnet,../repos/mxnet/include/mxnet/runtime/container_ext.h,"(741, 15)-(741, 60)","b'inline String operator+(const String& lhs, co...'"
mxnet,../repos/mxnet/include/mxnet/runtime/container_ext.h,"(748, 13)-(748, 65)","b'inline bool operator<(const String& lhs, cons...'"
mxnet,../repos/mxnet/include/mxnet/runtime/container_ext.h,"(752, 13)-(752, 65)","b'inline bool operator<(const std::string& lhs,...'"
mxnet,../repos/mxnet/include/mxnet/runtime/container_ext.h,"(756, 13)-(756, 60)","b'inline bool operator<(const String& lhs, cons...'"
mxnet,../repos/mxnet/include/mxnet/runtime/container_ext.h,"(760, 13)-(760, 58)","b'inline bool operator<(const String& lhs, cons...'"
mxnet,../repos/mxnet/include/mxnet/runtime/container_ext.h,"(764, 13)-(764, 58)","b'inline bool operator<(const char* lhs, const ...'"
mxnet,../repos/mxnet/include/mxnet/runtime/container_ext.h,"(769, 13)-(769, 65)","b'inline bool operator>(const String& lhs, cons...'"
mxnet,../repos/mxnet/include/mxnet/runtime/container_ext.h,"(773, 13)-(773, 65)","b'inline bool operator>(const std::string& lhs,...'"
mxnet,../repos/mxnet/include/mxnet/runtime/container_ext.h,"(777, 13)-(777, 60)","b'inline bool operator>(const String& lhs, cons...'"
mxnet,../repos/mxnet/include/mxnet/runtime/container_ext.h,"(781, 13)-(781, 58)","b'inline bool operator>(const String& lhs, cons...'"
mxnet,../repos/mxnet/include/mxnet/runtime/container_ext.h,"(785, 13)-(785, 58)","b'inline bool operator>(const char* lhs, const ...'"
mxnet,../repos/mxnet/include/mxnet/runtime/container_ext.h,"(790, 13)-(790, 66)","b'inline bool operator<=(const String& lhs, con...'"
mxnet,../repos/mxnet/include/mxnet/runtime/container_ext.h,"(794, 13)-(794, 66)",b'inline bool operator<=(const std::string& lhs...'
mxnet,../repos/mxnet/include/mxnet/runtime/container_ext.h,"(798, 13)-(798, 61)","b'inline bool operator<=(const String& lhs, con...'"
mxnet,../repos/mxnet/include/mxnet/runtime/container_ext.h,"(802, 13)-(802, 59)","b'inline bool operator<=(const String& lhs, con...'"
mxnet,../repos/mxnet/include/mxnet/runtime/container_ext.h,"(806, 13)-(806, 59)","b'inline bool operator<=(const char* lhs, const...'"
mxnet,../repos/mxnet/include/mxnet/runtime/container_ext.h,"(811, 13)-(811, 66)","b'inline bool operator>=(const String& lhs, con...'"
mxnet,../repos/mxnet/include/mxnet/runtime/container_ext.h,"(815, 13)-(815, 66)",b'inline bool operator>=(const std::string& lhs...'
mxnet,../repos/mxnet/include/mxnet/runtime/container_ext.h,"(819, 13)-(819, 61)","b'inline bool operator>=(const String& lhs, con...'"
mxnet,../repos/mxnet/include/mxnet/runtime/container_ext.h,"(823, 13)-(823, 59)","b'inline bool operator>=(const String& lhs, con...'"
mxnet,../repos/mxnet/include/mxnet/runtime/container_ext.h,"(827, 13)-(827, 59)","b'inline bool operator>=(const char* lhs, const...'"
mxnet,../repos/mxnet/include/mxnet/runtime/container_ext.h,"(832, 13)-(832, 66)","b'inline bool operator==(const String& lhs, con...'"
mxnet,../repos/mxnet/include/mxnet/runtime/container_ext.h,"(836, 13)-(836, 66)",b'inline bool operator==(const std::string& lhs...'
mxnet,../repos/mxnet/include/mxnet/runtime/container_ext.h,"(840, 13)-(840, 61)","b'inline bool operator==(const String& lhs, con...'"
mxnet,../repos/mxnet/include/mxnet/runtime/container_ext.h,"(844, 13)-(844, 59)","b'inline bool operator==(const String& lhs, con...'"
mxnet,../repos/mxnet/include/mxnet/runtime/container_ext.h,"(848, 13)-(848, 59)","b'inline bool operator==(const char* lhs, const...'"
mxnet,../repos/mxnet/include/mxnet/runtime/container_ext.h,"(853, 13)-(853, 66)","b'inline bool operator!=(const String& lhs, con...'"
mxnet,../repos/mxnet/include/mxnet/runtime/container_ext.h,"(857, 13)-(857, 66)",b'inline bool operator!=(const std::string& lhs...'
mxnet,../repos/mxnet/include/mxnet/runtime/container_ext.h,"(861, 13)-(861, 61)","b'inline bool operator!=(const String& lhs, con...'"
mxnet,../repos/mxnet/include/mxnet/runtime/container_ext.h,"(865, 13)-(865, 59)","b'inline bool operator!=(const String& lhs, con...'"
mxnet,../repos/mxnet/include/mxnet/runtime/container_ext.h,"(869, 13)-(869, 59)","b'inline bool operator!=(const char* lhs, const...'"
mxnet,../repos/mxnet/include/mxnet/runtime/container_ext.h,"(873, 22)-(873, 72)","b'& operator<<(std::ostream& out, const String&...'"
mxnet,../repos/mxnet/include/mxnet/random_generator.h,"(61, 11)-(61, 33)",b'& operator=(const Impl&)'
mxnet,../repos/mxnet/include/mxnet/random_generator.h,"(133, 11)-(133, 33)",b'& operator=(const Impl&)'
mxnet,../repos/mxnet/include/mxnet/random_generator.h,"(190, 11)-(190, 33)",b'& operator=(const Impl&)'
mxnet,../repos/mxnet/include/mxnet/engine.h,"(54, 8)-(54, 41)",b'void operator=(const CUDAEvent& other) = delete;'
mxnet,../repos/mxnet/include/mxnet/engine.h,"(150, 15)-(150, 67)",b'inline void operator()(const dmlc::Error* err...'
mxnet,../repos/mxnet/include/mxnet/engine.h,"(173, 15)-(173, 67)",b'inline void operator()(const dmlc::Error* err...'
mxnet,../repos/mxnet/include/mxnet/ir/expr.h,"(172, 21)-(172, 39)",b'* operator->() const'
mxnet,../repos/mxnet/include/mxnet/ir/expr.h,"(217, 23)-(217, 41)",b'* operator->() const'
mxnet,../repos/mxnet/include/mxnet/base.h,"(126, 15)-(126, 48)",b'inline bool operator<(const Context& b) const;'
mxnet,../repos/mxnet/include/mxnet/base.h,"(132, 15)-(132, 49)",b'inline bool operator==(const Context& b) cons...'
mxnet,../repos/mxnet/include/mxnet/base.h,"(140, 15)-(140, 49)",b'inline bool operator!=(const Context& b) cons...'
mxnet,../repos/mxnet/include/mxnet/base.h,"(324, 8)-(324, 44)",b'void operator=(const SyncedGPUAuxStream&) = d...'
mxnet,../repos/mxnet/include/mxnet/base.h,"(328, 23)-(328, 54)",b'& operator=(SyncedGPUAuxStream&&)'
mxnet,../repos/mxnet/include/mxnet/base.h,"(522, 22)-(522, 71)","b'& operator<<(std::ostream& out, const Context...'"
mxnet,../repos/mxnet/include/mxnet/base.h,"(553, 10)-(553, 53)",b'size_t operator()(const mxnet::Context& ctx) ...'
mxnet,../repos/mxnet/include/mxnet/op_attr_types.h,"(197, 14)-(197, 45)",b'& operator=(const OpState& other)'
mxnet,../repos/mxnet/include/mxnet/tensor_blob.h,"(164, 17)-(164, 74)","b'& operator=(const mshadow::Tensor<Device, dim...'"
mxnet,../repos/mxnet/include/mxnet/tensor_blob.h,"(176, 17)-(176, 44)",b'& operator=(const TBlob& src)'
mxnet,../repos/mxnet/include/mxnet/ndarray.h,"(444, 12)-(444, 36)",b'& operator=(real_t scalar)'
mxnet,../repos/mxnet/include/mxnet/ndarray.h,"(451, 12)-(451, 42)",b'& operator+=(const NDArray& src)'
mxnet,../repos/mxnet/include/mxnet/ndarray.h,"(458, 12)-(458, 41)",b'& operator+=(const real_t& src)'
mxnet,../repos/mxnet/include/mxnet/ndarray.h,"(465, 12)-(465, 42)",b'& operator-=(const NDArray& src)'
mxnet,../repos/mxnet/include/mxnet/ndarray.h,"(472, 12)-(472, 41)",b'& operator-=(const real_t& src)'
mxnet,../repos/mxnet/include/mxnet/ndarray.h,"(479, 12)-(479, 42)",b'& operator*=(const NDArray& src)'
mxnet,../repos/mxnet/include/mxnet/ndarray.h,"(486, 12)-(486, 41)",b'& operator*=(const real_t& src)'
mxnet,../repos/mxnet/include/mxnet/ndarray.h,"(493, 12)-(493, 42)",b'& operator/=(const NDArray& src)'
mxnet,../repos/mxnet/include/mxnet/ndarray.h,"(500, 12)-(500, 41)",b'& operator/=(const real_t& src)'
mxnet,../repos/mxnet/include/mxnet/ndarray.h,"(1238, 9)-(1238, 58)","b'NDArray operator+(const NDArray& lhs, const N...'"
mxnet,../repos/mxnet/include/mxnet/ndarray.h,"(1245, 9)-(1245, 57)","b'NDArray operator+(const NDArray& lhs, const r...'"
mxnet,../repos/mxnet/include/mxnet/ndarray.h,"(1252, 9)-(1252, 58)","b'NDArray operator-(const NDArray& lhs, const N...'"
mxnet,../repos/mxnet/include/mxnet/ndarray.h,"(1259, 9)-(1259, 57)","b'NDArray operator-(const NDArray& lhs, const r...'"
mxnet,../repos/mxnet/include/mxnet/ndarray.h,"(1266, 9)-(1266, 58)","b'NDArray operator*(const NDArray& lhs, const N...'"
mxnet,../repos/mxnet/include/mxnet/ndarray.h,"(1273, 9)-(1273, 57)","b'NDArray operator*(const NDArray& lhs, const r...'"
mxnet,../repos/mxnet/include/mxnet/ndarray.h,"(1280, 9)-(1280, 58)","b'NDArray operator/(const NDArray& lhs, const N...'"
mxnet,../repos/mxnet/include/mxnet/ndarray.h,"(1287, 9)-(1287, 57)","b'NDArray operator/(const NDArray& lhs, const r...'"
mxnet,../repos/mxnet/include/mxnet/node/container.h,"(63, 23)-(63, 35)",b'& operator++()'
mxnet,../repos/mxnet/include/mxnet/node/container.h,"(67, 22)-(67, 61)",b'inline IterAdapter operator+(difference_type ...'
mxnet,../repos/mxnet/include/mxnet/node/container.h,"(74, 3)-(74, 42)",b'typename std::enable_if<std::is_same<iterator...'
mxnet,../repos/mxnet/include/mxnet/node/container.h,"(78, 15)-(78, 50)",b'inline bool operator==(IterAdapter other) con...'
mxnet,../repos/mxnet/include/mxnet/node/container.h,"(81, 15)-(81, 50)",b'inline bool operator!=(IterAdapter other) con...'
mxnet,../repos/mxnet/include/mxnet/node/container.h,"(84, 27)-(84, 44)",b'inline const value_type operator*() const {\n ...'
mxnet,../repos/mxnet/include/mxnet/node/container.h,"(170, 13)-(170, 40)",b'& operator=(Array<T>&& other)'
mxnet,../repos/mxnet/include/mxnet/node/container.h,"(179, 13)-(179, 45)",b'& operator=(const Array<T>& other)'
mxnet,../repos/mxnet/include/mxnet/node/container.h,"(202, 18)-(202, 44)",b'inline const T operator[](size_t i) const {\n ...'
mxnet,../repos/mxnet/include/mxnet/lib_api.h,"(538, 8)-(538, 41)",b'bool operator<(const JsonVal& o) const;'
mxnet,../repos/mxnet/cpp-package/include/mxnet-cpp/initializer.h,"(47, 16)-(47, 65)",b'virtual void operator()(const std::string& na...'
mxnet,../repos/mxnet/cpp-package/include/mxnet-cpp/initializer.h,"(122, 8)-(122, 66)","b'void operator()(const std::string& name, NDAr...'"
mxnet,../repos/mxnet/cpp-package/include/mxnet-cpp/initializer.h,"(144, 8)-(144, 66)","b'void operator()(const std::string& name, NDAr...'"
mxnet,../repos/mxnet/cpp-package/include/mxnet-cpp/initializer.h,"(163, 8)-(163, 66)","b'void operator()(const std::string& name, NDAr...'"
mxnet,../repos/mxnet/cpp-package/include/mxnet-cpp/initializer.h,"(182, 8)-(182, 66)","b'void operator()(const std::string& name, NDAr...'"
mxnet,../repos/mxnet/cpp-package/include/mxnet-cpp/initializer.h,"(205, 8)-(205, 66)","b'void operator()(const std::string& name, NDAr...'"
mxnet,../repos/mxnet/cpp-package/include/mxnet-cpp/op_util.h,"(49, 20)-(49, 81)","b'& operator<<(StreamType& os, const ::caffe::L...'"
mxnet,../repos/mxnet/cpp-package/include/mxnet-cpp/executor.h,"(190, 13)-(190, 41)",b'& operator=(const Executor& e)'
mxnet,../repos/mxnet/cpp-package/include/mxnet-cpp/operator.h,"(49, 13)-(49, 43)",b'& operator=(const Operator& rhs)'
mxnet,../repos/mxnet/cpp-package/include/mxnet-cpp/operator.h,"(101, 13)-(101, 25)",b'& operator()()'
mxnet,../repos/mxnet/cpp-package/include/mxnet-cpp/operator.h,"(109, 13)-(109, 45)",b'& operator()(const Symbol& symbol)'
mxnet,../repos/mxnet/cpp-package/include/mxnet-cpp/operator.h,"(118, 13)-(118, 59)",b'& operator()(const std::vector<Symbol>& symbols)'
mxnet,../repos/mxnet/cpp-package/include/mxnet-cpp/operator.h,"(169, 13)-(169, 47)",b'& operator()(const NDArray& ndarray)'
mxnet,../repos/mxnet/cpp-package/include/mxnet-cpp/operator.h,"(178, 13)-(178, 61)",b'& operator()(const std::vector<NDArray>& ndarrays)'
mxnet,../repos/mxnet/cpp-package/include/mxnet-cpp/operator.h,"(189, 13)-(189, 37)",b'& operator()(Args... args)'
mxnet,../repos/mxnet/cpp-package/include/mxnet-cpp/shape.h,"(216, 17)-(216, 46)",b'& operator=(const Shape& shape)'
mxnet,../repos/mxnet/cpp-package/include/mxnet-cpp/shape.h,"(227, 17)-(227, 61)",b'& operator=(const std::vector<index_t>& shape)'
mxnet,../repos/mxnet/cpp-package/include/mxnet-cpp/shape.h,"(248, 19)-(248, 40)",b'& operator[](index_t i)'
mxnet,../repos/mxnet/cpp-package/include/mxnet-cpp/shape.h,"(256, 25)-(256, 52)",b'& operator[](index_t i) const'
mxnet,../repos/mxnet/cpp-package/include/mxnet-cpp/shape.h,"(272, 15)-(272, 47)",b'inline bool operator==(const Shape& s) const ...'
mxnet,../repos/mxnet/cpp-package/include/mxnet-cpp/shape.h,"(292, 15)-(292, 47)",b'inline bool operator!=(const Shape& s) const ...'
mxnet,../repos/mxnet/cpp-package/include/mxnet-cpp/shape.h,"(296, 24)-(296, 72)","b'& operator<<(std::ostream& os, const Shape& shape)'"
mxnet,../repos/mxnet/cpp-package/include/mxnet-cpp/shape.h,"(297, 24)-(297, 66)","b'& operator>>(std::istream& is, Shape& shape)'"
mxnet,../repos/mxnet/cpp-package/include/mxnet-cpp/shape.h,"(334, 22)-(334, 70)","b'& operator<<(std::ostream& os, const Shape& shape)'"
mxnet,../repos/mxnet/cpp-package/include/mxnet-cpp/shape.h,"(354, 22)-(354, 64)","b'& operator>>(std::istream& is, Shape& shape)'"
mxnet,../repos/mxnet/cpp-package/include/mxnet-cpp/symbol.h,"(67, 12)-(67, 37)",b'& operator=(const SymBlob&)'
mxnet,../repos/mxnet/cpp-package/include/mxnet-cpp/symbol.h,"(91, 10)-(91, 44)",b'Symbol operator+(const Symbol& rhs) const;'
mxnet,../repos/mxnet/cpp-package/include/mxnet-cpp/symbol.h,"(92, 10)-(92, 44)",b'Symbol operator-(const Symbol& rhs) const;'
mxnet,../repos/mxnet/cpp-package/include/mxnet-cpp/symbol.h,"(93, 10)-(93, 44)",b'Symbol operator*(const Symbol& rhs) const;'
mxnet,../repos/mxnet/cpp-package/include/mxnet-cpp/symbol.h,"(94, 10)-(94, 44)",b'Symbol operator/(const Symbol& rhs) const;'
mxnet,../repos/mxnet/cpp-package/include/mxnet-cpp/symbol.h,"(95, 10)-(95, 44)",b'Symbol operator%(const Symbol& rhs) const;'
mxnet,../repos/mxnet/cpp-package/include/mxnet-cpp/symbol.h,"(97, 10)-(97, 42)",b'Symbol operator+(mx_float scalar) const;'
mxnet,../repos/mxnet/cpp-package/include/mxnet-cpp/symbol.h,"(98, 10)-(98, 42)",b'Symbol operator-(mx_float scalar) const;'
mxnet,../repos/mxnet/cpp-package/include/mxnet-cpp/symbol.h,"(99, 10)-(99, 42)",b'Symbol operator*(mx_float scalar) const;'
mxnet,../repos/mxnet/cpp-package/include/mxnet-cpp/symbol.h,"(100, 10)-(100, 42)",b'Symbol operator/(mx_float scalar) const;'
mxnet,../repos/mxnet/cpp-package/include/mxnet-cpp/symbol.h,"(101, 10)-(101, 42)",b'Symbol operator%(mx_float scalar) const;'
mxnet,../repos/mxnet/cpp-package/include/mxnet-cpp/symbol.h,"(108, 10)-(108, 31)",b'Symbol operator[](int index);'
mxnet,../repos/mxnet/cpp-package/include/mxnet-cpp/symbol.h,"(109, 10)-(109, 46)",b'Symbol operator[](const std::string& index);'
mxnet,../repos/mxnet/cpp-package/include/mxnet-cpp/symbol.h,"(294, 8)-(294, 50)","b'Symbol operator+(mx_float lhs, const Symbol& rhs);'"
mxnet,../repos/mxnet/cpp-package/include/mxnet-cpp/symbol.h,"(295, 8)-(295, 50)","b'Symbol operator-(mx_float lhs, const Symbol& rhs);'"
mxnet,../repos/mxnet/cpp-package/include/mxnet-cpp/symbol.h,"(296, 8)-(296, 50)","b'Symbol operator*(mx_float lhs, const Symbol& rhs);'"
mxnet,../repos/mxnet/cpp-package/include/mxnet-cpp/symbol.h,"(297, 8)-(297, 50)","b'Symbol operator/(mx_float lhs, const Symbol& rhs);'"
mxnet,../repos/mxnet/cpp-package/include/mxnet-cpp/symbol.h,"(298, 8)-(298, 50)","b'Symbol operator%(mx_float lhs, const Symbol& rhs);'"
mxnet,../repos/mxnet/cpp-package/include/mxnet-cpp/ndarray.h,"(116, 11)-(116, 35)",b'& operator=(const NDBlob&)'
mxnet,../repos/mxnet/cpp-package/include/mxnet-cpp/ndarray.h,"(167, 11)-(167, 37)",b'NDArray operator+(mx_float scalar);'
mxnet,../repos/mxnet/cpp-package/include/mxnet-cpp/ndarray.h,"(168, 11)-(168, 37)",b'NDArray operator-(mx_float scalar);'
mxnet,../repos/mxnet/cpp-package/include/mxnet-cpp/ndarray.h,"(169, 11)-(169, 37)",b'NDArray operator*(mx_float scalar);'
mxnet,../repos/mxnet/cpp-package/include/mxnet-cpp/ndarray.h,"(170, 11)-(170, 37)",b'NDArray operator/(mx_float scalar);'
mxnet,../repos/mxnet/cpp-package/include/mxnet-cpp/ndarray.h,"(171, 11)-(171, 37)",b'NDArray operator%(mx_float scalar);'
mxnet,../repos/mxnet/cpp-package/include/mxnet-cpp/ndarray.h,"(172, 11)-(172, 36)",b'NDArray operator+(const NDArray&);'
mxnet,../repos/mxnet/cpp-package/include/mxnet-cpp/ndarray.h,"(173, 11)-(173, 36)",b'NDArray operator-(const NDArray&);'
mxnet,../repos/mxnet/cpp-package/include/mxnet-cpp/ndarray.h,"(174, 11)-(174, 36)",b'NDArray operator*(const NDArray&);'
mxnet,../repos/mxnet/cpp-package/include/mxnet-cpp/ndarray.h,"(175, 11)-(175, 36)",b'NDArray operator/(const NDArray&);'
mxnet,../repos/mxnet/cpp-package/include/mxnet-cpp/ndarray.h,"(176, 11)-(176, 36)",b'NDArray operator%(const NDArray&);'
mxnet,../repos/mxnet/cpp-package/include/mxnet-cpp/ndarray.h,"(182, 12)-(182, 38)",b'& operator=(mx_float scalar)'
mxnet,../repos/mxnet/cpp-package/include/mxnet-cpp/ndarray.h,"(189, 12)-(189, 39)",b'& operator+=(mx_float scalar)'
mxnet,../repos/mxnet/cpp-package/include/mxnet-cpp/ndarray.h,"(196, 12)-(196, 39)",b'& operator-=(mx_float scalar)'
mxnet,../repos/mxnet/cpp-package/include/mxnet-cpp/ndarray.h,"(203, 12)-(203, 39)",b'& operator*=(mx_float scalar)'
mxnet,../repos/mxnet/cpp-package/include/mxnet-cpp/ndarray.h,"(210, 12)-(210, 39)",b'& operator/=(mx_float scalar)'
mxnet,../repos/mxnet/cpp-package/include/mxnet-cpp/ndarray.h,"(217, 12)-(217, 39)",b'& operator%=(mx_float scalar)'
mxnet,../repos/mxnet/cpp-package/include/mxnet-cpp/ndarray.h,"(224, 12)-(224, 42)",b'& operator+=(const NDArray& src)'
mxnet,../repos/mxnet/cpp-package/include/mxnet-cpp/ndarray.h,"(231, 12)-(231, 42)",b'& operator-=(const NDArray& src)'
mxnet,../repos/mxnet/cpp-package/include/mxnet-cpp/ndarray.h,"(238, 12)-(238, 42)",b'& operator*=(const NDArray& src)'
mxnet,../repos/mxnet/cpp-package/include/mxnet-cpp/ndarray.h,"(245, 12)-(245, 42)",b'& operator/=(const NDArray& src)'
mxnet,../repos/mxnet/cpp-package/include/mxnet-cpp/ndarray.h,"(252, 12)-(252, 42)",b'& operator%=(const NDArray& src)'
mxnet,../repos/mxnet/cpp-package/include/mxnet-cpp/ndarray.h,"(483, 15)-(483, 68)","b'& operator<<(std::ostream& out, const NDArray...'"
mxnet,../repos/mxnet/cpp-package/include/mxnet-cpp/io.h,"(111, 19)-(111, 51)",b'& operator=(const MXDataIterBlob&)'
mxnet,../repos/mxnet/cpp-package/include/mxnet-cpp/ndarray.hpp,"(444, 23)-(444, 76)","b'& operator<<(std::ostream &out, const NDArray...'"
mxnet,../repos/mxnet/cpp-package/include/mxnet-cpp/symbol.hpp,"(410, 15)-(410, 57)","b'inline Symbol operator+(mx_float lhs, const S...'"
mxnet,../repos/mxnet/cpp-package/include/mxnet-cpp/symbol.hpp,"(411, 15)-(411, 57)","b'inline Symbol operator-(mx_float lhs, const S...'"
mxnet,../repos/mxnet/cpp-package/include/mxnet-cpp/symbol.hpp,"(414, 15)-(414, 57)","b'inline Symbol operator*(mx_float lhs, const S...'"
mxnet,../repos/mxnet/cpp-package/include/mxnet-cpp/symbol.hpp,"(415, 15)-(415, 57)","b'inline Symbol operator/(mx_float lhs, const S...'"
mxnet,../repos/mxnet/cpp-package/include/mxnet-cpp/symbol.hpp,"(418, 15)-(418, 57)","b'inline Symbol operator%(mx_float lhs, const S...'"
mxnet,../repos/mxnet/tests/cpp/include/test_ndarray_utils.h,"(234, 28)-(234, 56)",b'& operator[](const size_t idx)'
mxnet,../repos/mxnet/tests/cpp/include/test_ndarray_utils.h,"(238, 34)-(238, 68)",b'& operator[](const size_t idx) const'
mxnet,../repos/mxnet/tests/cpp/include/test_perf.h,"(242, 21)-(242, 58)",b'& operator+=(const TimingInstrument& o)'
mxnet,../repos/mxnet/tests/cpp/include/test_perf.h,"(270, 18)-(270, 42)",b'& operator=(const Info& o)'
mxnet,../repos/mxnet/tests/cpp/include/test_util.h,"(149, 23)-(149, 41)",b'& operator()() const'
mxnet,../repos/mxnet/tests/cpp/include/test_util.h,"(705, 13)-(705, 72)",b'inline bool operator<(const mxnet::TShape& s1...'
mxnet,../repos/mxnet/tests/cpp/include/test_util.h,"(728, 13)-(728, 98)",b'inline bool operator<(const std::vector<mxnet...'
mxnet,../repos/mxnet/tests/cpp/include/test_util.h,"(745, 8)-(746, 62)",b'bool operator()(const std::vector<mxnet::TSha...'
mxnet,../repos/mxnet/tests/cpp/operator/batchnorm_test.cc,"(1022, 22)-(1022, 84)","b'& operator<<(std::ostream& os, const test::op...'"
