Repo name,File name,Location,Content
mxnet,../repos/mxnet/3rdparty/ctc_include/detail/cpu_ctc.h,"(64, 5)-(81, 6)",b'class CpuCTC_metadata {\n\n    private:\n       ...'
mxnet,../repos/mxnet/src/common/lazy_alloc_array.h,"(61, 3)-(76, 4)",b'class unique_unlock {\n   public:\n    explicit...'
mxnet,../repos/mxnet/src/operator/operator_common.h,"(697, 1)-(713, 2)",b'class ParamOpSign : public OpSignature {\n  co...'
mxnet,../repos/mxnet/include/mxnet/runtime/ffi_helper.h,"(122, 1)-(144, 2)",b'class ADTBuilder {\n public:\n  /*! \\brief defa...'
mxnet,../repos/mxnet/include/mxnet/runtime/memory.h,"(102, 3)-(143, 4)",b'class Handler {\n   public:\n    using StorageT...'
mxnet,../repos/mxnet/include/mxnet/runtime/memory.h,"(147, 3)-(195, 4)",b'class ArrayHandler {\n   public:\n    using Sto...'
mxnet,../repos/mxnet/include/mxnet/random_generator.h,"(53, 3)-(86, 4)",b'class Impl {\n   public:\n    typedef\n        t...'
mxnet,../repos/mxnet/include/mxnet/random_generator.h,"(131, 3)-(165, 4)",b'class Impl {\n   public:\n    Impl& operator=(c...'
mxnet,../repos/mxnet/include/mxnet/random_generator.h,"(188, 3)-(222, 4)",b'class Impl {\n   public:\n    Impl& operator=(c...'
mxnet,../repos/mxnet/include/mxnet/rtc.h,"(83, 3)-(119, 4)",b'class Kernel {\n   public:\n    /*! \\brief Laun...'
mxnet,../repos/mxnet/include/mxnet/imperative.h,"(64, 3)-(102, 4)",b'class AGInfo {\n   public:\n    Context ctx;\n  ...'
mxnet,../repos/mxnet/include/mxnet/imperative.h,"(105, 3)-(172, 4)",b'class DCInfo {\n   public:\n    explicit DCInfo...'
mxnet,../repos/mxnet/include/mxnet/node/container.h,"(54, 1)-(90, 2)",b'class IterAdapter {\n public:\n  using differen...'
mxnet,../repos/mxnet/include/mxnet/node/container.h,"(102, 1)-(329, 2)",b'class Array : public ObjectRef {\n public:\n  /...'
mxnet,../repos/mxnet/tests/cpp/include/test_legacy_op.h,"(439, 3)-(498, 4)",b'class GPUOpData : public OpData {\n    GPUOpDa...'
