Repo name,File name,Location,Content
mxnet,../repos/mxnet/3rdparty/mshadow/mshadow-ps/thread.h,"(75, 3)-(75, 34)",b'friend class ConditionVariable;'
mxnet,../repos/mxnet/3rdparty/mshadow/mshadow-ps/thread.h,"(226, 3)-(226, 34)",b'friend class ConditionVariable;'
mxnet,../repos/mxnet/3rdparty/mshadow/mshadow/tensor.h,"(209, 3)-(209, 78)",b'friend std::ostream &operator<<(std::ostream ...'
mxnet,../repos/mxnet/src/imperative/cached_op.h,"(659, 3)-(659, 50)",b'friend class ::mxnet::io::LazyTransformDataset;'
mxnet,../repos/mxnet/src/operator/operator_util.cc,"(215, 3)-(215, 33)",b'friend class SimpleOpPropBase;'
mxnet,../repos/mxnet/src/operator/operator_util.cc,"(216, 3)-(216, 35)",b'friend class SimpleSourceOpProp;'
mxnet,../repos/mxnet/src/operator/operator_util.cc,"(217, 3)-(217, 34)",b'friend class SimpleUnaryOpProp;'
mxnet,../repos/mxnet/src/operator/operator_util.cc,"(218, 3)-(218, 35)",b'friend class SimpleBinaryOpProp;'
mxnet,../repos/mxnet/src/operator/nn/dnnl/dnnl_rnn-inl.h,"(351, 3)-(351, 39)",b'friend class DNNLRnnForwardTraining;'
mxnet,../repos/mxnet/src/operator/nn/dnnl/dnnl_rnn-inl.h,"(395, 3)-(395, 32)",b'friend class DNNLRnnBackward;'
mxnet,../repos/mxnet/src/operator/nn/dnnl/dnnl_rnn-inl.h,"(457, 3)-(457, 32)",b'friend class DNNLRnnBackward;'
mxnet,../repos/mxnet/src/operator/nn/convolution-inl.h,"(566, 3)-(566, 32)",b'friend class DeconvolutionOp;'
mxnet,../repos/mxnet/include/mxnet/tuple.h,"(271, 3)-(289, 4)",b'friend std::ostream& operator<<(std::ostream&...'
mxnet,../repos/mxnet/include/mxnet/tuple.h,"(296, 3)-(369, 4)",b'friend std::istream& operator>>(std::istream&...'
mxnet,../repos/mxnet/include/mxnet/runtime/packed_func.h,"(307, 3)-(307, 30)",b'friend class MXNetRetValue;'
mxnet,../repos/mxnet/include/mxnet/runtime/packed_func.h,"(463, 3)-(463, 32)",b'friend class MXNetArgsSetter;'
mxnet,../repos/mxnet/include/mxnet/runtime/packed_func.h,"(464, 3)-(464, 30)",b'friend class MXNetRetValue;'
mxnet,../repos/mxnet/include/mxnet/runtime/registry.h,"(295, 3)-(295, 25)",b'friend struct Manager;'
mxnet,../repos/mxnet/include/mxnet/runtime/ffi_helper.h,"(142, 3)-(142, 20)",b'friend class ADT;'
mxnet,../repos/mxnet/include/mxnet/runtime/object.h,"(307, 3)-(307, 33)",b'friend class ObjAllocatorBase;'
mxnet,../repos/mxnet/include/mxnet/runtime/object.h,"(309, 3)-(309, 26)",b'friend class ObjectPtr;'
mxnet,../repos/mxnet/include/mxnet/runtime/object.h,"(310, 3)-(310, 30)",b'friend class MXNetRetValue;'
mxnet,../repos/mxnet/include/mxnet/runtime/object.h,"(311, 3)-(311, 31)",b'friend class ObjectInternal;'
mxnet,../repos/mxnet/include/mxnet/runtime/object.h,"(482, 3)-(482, 23)",b'friend class Object;'
mxnet,../repos/mxnet/include/mxnet/runtime/object.h,"(483, 3)-(483, 26)",b'friend class ObjectRef;'
mxnet,../repos/mxnet/include/mxnet/runtime/object.h,"(484, 3)-(484, 28)",b'friend struct ObjectHash;'
mxnet,../repos/mxnet/include/mxnet/runtime/object.h,"(486, 3)-(486, 26)",b'friend class ObjectPtr;'
mxnet,../repos/mxnet/include/mxnet/runtime/object.h,"(488, 3)-(488, 33)",b'friend class ObjAllocatorBase;'
mxnet,../repos/mxnet/include/mxnet/runtime/object.h,"(489, 3)-(489, 31)",b'friend class MXNetPODValue_;'
mxnet,../repos/mxnet/include/mxnet/runtime/object.h,"(490, 3)-(490, 32)",b'friend class MXNetArgsSetter;'
mxnet,../repos/mxnet/include/mxnet/runtime/object.h,"(491, 3)-(491, 30)",b'friend class MXNetRetValue;'
mxnet,../repos/mxnet/include/mxnet/runtime/object.h,"(492, 3)-(492, 30)",b'friend class MXNetArgValue;'
mxnet,../repos/mxnet/include/mxnet/runtime/object.h,"(494, 3)-(494, 45)",b'friend RefType GetRef(const ObjType* ptr);'
mxnet,../repos/mxnet/include/mxnet/runtime/object.h,"(496, 3)-(496, 57)",b'friend ObjectPtr<BaseType> GetObjectPtr(ObjTy...'
mxnet,../repos/mxnet/include/mxnet/runtime/object.h,"(601, 3)-(601, 28)",b'friend struct ObjectHash;'
mxnet,../repos/mxnet/include/mxnet/runtime/object.h,"(602, 3)-(602, 30)",b'friend class MXNetRetValue;'
mxnet,../repos/mxnet/include/mxnet/runtime/object.h,"(603, 3)-(603, 32)",b'friend class MXNetArgsSetter;'
mxnet,../repos/mxnet/include/mxnet/runtime/object.h,"(605, 3)-(605, 39)",b'friend SubRef Downcast(BaseRef ref);'
mxnet,../repos/mxnet/include/mxnet/runtime/container.h,"(118, 3)-(118, 27)",b'friend class ADTBuilder;'
mxnet,../repos/mxnet/include/mxnet/runtime/container.h,"(204, 3)-(204, 20)",b'friend class ADT;'
mxnet,../repos/mxnet/include/mxnet/runtime/container.h,"(205, 3)-(205, 46)","b'friend InplaceArrayBase<ADTObj, ObjectRef>;'"
mxnet,../repos/mxnet/include/mxnet/runtime/container_ext.h,"(210, 3)-(210, 20)",b'friend class Map;'
mxnet,../repos/mxnet/include/mxnet/runtime/container_ext.h,"(415, 5)-(415, 22)",b'friend class Map;'
mxnet,../repos/mxnet/include/mxnet/runtime/container_ext.h,"(461, 3)-(461, 23)",b'friend class String;'
mxnet,../repos/mxnet/include/mxnet/runtime/container_ext.h,"(671, 3)-(671, 65)","b'friend String operator+(const String& lhs, co...'"
mxnet,../repos/mxnet/include/mxnet/runtime/container_ext.h,"(672, 3)-(672, 70)","b'friend String operator+(const String& lhs, co...'"
mxnet,../repos/mxnet/include/mxnet/runtime/container_ext.h,"(673, 3)-(673, 70)",b'friend String operator+(const std::string& lh...'
mxnet,../repos/mxnet/include/mxnet/runtime/container_ext.h,"(674, 3)-(674, 63)","b'friend String operator+(const String& lhs, co...'"
mxnet,../repos/mxnet/include/mxnet/runtime/container_ext.h,"(675, 3)-(675, 63)","b'friend String operator+(const char* lhs, cons...'"
mxnet,../repos/mxnet/include/mxnet/runtime/container_ext.h,"(677, 3)-(677, 48)",b'friend struct mxnet::runtime::ObjectRefEqual;'
mxnet,../repos/mxnet/include/mxnet/runtime/container_ext.h,"(697, 3)-(697, 23)",b'friend class String;'
mxnet,../repos/mxnet/include/mxnet/engine.h,"(157, 3)-(157, 32)",b'friend class ::mxnet::Engine;'
mxnet,../repos/mxnet/include/mxnet/engine.h,"(179, 3)-(179, 32)",b'friend class ::mxnet::Engine;'
mxnet,../repos/mxnet/include/mxnet/rtc.h,"(101, 5)-(101, 29)",b'friend class CudaModule;'
mxnet,../repos/mxnet/include/mxnet/imperative.h,"(136, 5)-(136, 29)",b'friend class Imperative;'
mxnet,../repos/mxnet/include/mxnet/imperative.h,"(327, 3)-(327, 24)",b'friend class NDArray;'
mxnet,../repos/mxnet/include/mxnet/tensor_blob.h,"(66, 3)-(66, 24)",b'friend class NDArray;'
mxnet,../repos/mxnet/include/mxnet/ndarray.h,"(851, 3)-(851, 27)",b'friend class Imperative;'
mxnet,../repos/mxnet/cpp-package/include/mxnet-cpp/shape.h,"(296, 3)-(296, 73)",b'friend std::ostream& operator<<(std::ostream&...'
mxnet,../repos/mxnet/cpp-package/include/mxnet-cpp/shape.h,"(297, 3)-(297, 67)",b'friend std::istream& operator>>(std::istream&...'
