Repo name,File name,Location,Content
mxnet,../repos/mxnet/3rdparty/mshadow/mshadow-ps/thread_util.h,"(29, 10)-(29, 17)",b'#include <queue>\n'
mxnet,../repos/mxnet/3rdparty/mshadow/mshadow-ps/thread_util.h,"(30, 10)-(30, 15)",b'#include <map>\n'
mxnet,../repos/mxnet/3rdparty/mshadow/mshadow-ps/ps_rabit-inl.h,"(28, 10)-(28, 18)",b'#include <vector>\n'
mxnet,../repos/mxnet/3rdparty/mshadow/mshadow-ps/ps_dist-inl.h,"(29, 10)-(29, 18)",b'#include <vector>\n'
mxnet,../repos/mxnet/3rdparty/mshadow/mshadow-ps/mshadow_ps.h,"(30, 10)-(30, 18)",b'#include <vector>\n'
mxnet,../repos/mxnet/3rdparty/mshadow/mshadow-ps/ps_local-inl.h,"(28, 10)-(28, 15)",b'#include <map>\n'
mxnet,../repos/mxnet/3rdparty/mshadow/mshadow-ps/ps_local-inl.h,"(31, 10)-(31, 18)",b'#include <vector>\n'
mxnet,../repos/mxnet/3rdparty/mshadow/mshadow/dot_engine-inl.h,"(28, 10)-(28, 18)",b'#include <vector>\n'
mxnet,../repos/mxnet/3rdparty/mshadow/mshadow/tensor_cpu-inl.h,"(30, 10)-(30, 18)",b'#include <vector>\n'
mxnet,../repos/mxnet/3rdparty/mshadow/mshadow/extension/broadcast_with_axis.h,"(28, 10)-(28, 18)",b'#include <vector>\n'
mxnet,../repos/mxnet/3rdparty/mshadow/guide/mshadow-ps/dist_async_sum-inl.h,"(28, 10)-(28, 15)",b'#include <map>\n'
mxnet,../repos/mxnet/3rdparty/ctc_include/contrib/moderngpu/include/util/static.h,"(41, 10)-(41, 18)",b'#include <vector>\n'
mxnet,../repos/mxnet/3rdparty/ctc_include/contrib/moderngpu/include/util/static.h,"(42, 10)-(42, 16)",b'#include <list>\n'
mxnet,../repos/mxnet/3rdparty/ctc_include/contrib/moderngpu/include/util/static.h,"(43, 10)-(43, 15)",b'#include <map>\n'
mxnet,../repos/mxnet/src/c_api/c_api_profile.cc,"(32, 10)-(32, 17)",b'#include <stack>\n'
mxnet,../repos/mxnet/src/c_api/c_api_common.h,"(35, 10)-(35, 18)",b'#include <vector>\n'
mxnet,../repos/mxnet/src/c_api/c_api.cc,"(24, 10)-(24, 18)",b'#include <vector>\n'
mxnet,../repos/mxnet/src/c_api/c_api.cc,"(30, 10)-(30, 25)",b'#include <unordered_map>\n'
mxnet,../repos/mxnet/src/common/exec_utils.cc,"(26, 10)-(26, 25)",b'#include <unordered_set>\n'
mxnet,../repos/mxnet/src/common/exec_utils.cc,"(27, 10)-(27, 25)",b'#include <unordered_map>\n'
mxnet,../repos/mxnet/src/common/alm.cc,"(30, 10)-(30, 25)",b'#include <unordered_set>\n'
mxnet,../repos/mxnet/src/common/alm.h,"(34, 10)-(34, 25)",b'#include <unordered_map>\n'
mxnet,../repos/mxnet/src/common/alm.h,"(35, 10)-(35, 18)",b'#include <vector>\n'
mxnet,../repos/mxnet/src/common/cuda/utils.h,"(69, 10)-(69, 18)",b'#include <vector>\n'
mxnet,../repos/mxnet/src/common/cuda/rtc.h,"(39, 10)-(39, 18)",b'#include <vector>\n'
mxnet,../repos/mxnet/src/common/cuda/cudnn_cxx.h,"(30, 10)-(30, 17)",b'#include <array>\n'
mxnet,../repos/mxnet/src/common/cuda/cudnn_cxx.h,"(41, 10)-(41, 25)",b'#include <unordered_set>\n'
mxnet,../repos/mxnet/src/common/cuda/cudnn_cxx.h,"(43, 10)-(43, 18)",b'#include <vector>\n'
mxnet,../repos/mxnet/src/common/cuda/rtc/vectorization-inl.h,"(29, 10)-(29, 18)",b'#include <vector>\n'
mxnet,../repos/mxnet/src/common/cuda/nvtx.h,"(27, 10)-(27, 18)",b'#include <vector>\n'
mxnet,../repos/mxnet/src/common/cuda/rtc.cc,"(29, 10)-(29, 25)",b'#include <unordered_map>\n'
mxnet,../repos/mxnet/src/common/cuda/rtc.cc,"(30, 10)-(30, 18)",b'#include <vector>\n'
mxnet,../repos/mxnet/src/common/tensor_inspector.h,"(32, 10)-(32, 18)",b'#include <vector>\n'
mxnet,../repos/mxnet/src/common/utils.h,"(40, 10)-(40, 18)",b'#include <vector>\n'
mxnet,../repos/mxnet/src/common/object_pool.h,"(26, 10)-(26, 18)",b'#include <vector>\n'
mxnet,../repos/mxnet/src/common/lazy_alloc_array.h,"(31, 10)-(31, 17)",b'#include <array>\n'
mxnet,../repos/mxnet/src/common/lazy_alloc_array.h,"(32, 10)-(32, 18)",b'#include <vector>\n'
mxnet,../repos/mxnet/src/common/exec_utils.h,"(29, 10)-(29, 15)",b'#include <map>\n'
mxnet,../repos/mxnet/src/common/exec_utils.h,"(30, 10)-(30, 18)",b'#include <vector>\n'
mxnet,../repos/mxnet/src/storage/pooled_storage_manager.h,"(28, 10)-(28, 18)",b'#include <vector>\n'
mxnet,../repos/mxnet/src/runtime/object.cc,"(30, 10)-(30, 18)",b'#include <vector>\n'
mxnet,../repos/mxnet/src/runtime/object.cc,"(32, 10)-(32, 25)",b'#include <unordered_map>\n'
mxnet,../repos/mxnet/src/runtime/c_runtime_api.cc,"(31, 10)-(31, 17)",b'#include <array>\n'
mxnet,../repos/mxnet/src/runtime/registry.cc,"(28, 10)-(28, 25)",b'#include <unordered_map>\n'
mxnet,../repos/mxnet/src/runtime/registry.cc,"(31, 10)-(31, 17)",b'#include <array>\n'
mxnet,../repos/mxnet/src/imperative/cached_op.cc,"(20, 10)-(20, 25)",b'#include <unordered_set>\n'
mxnet,../repos/mxnet/src/imperative/cached_op_threadsafe.cc,"(20, 10)-(20, 25)",b'#include <unordered_set>\n'
mxnet,../repos/mxnet/src/imperative/eliminate_common_expr_pass.cc,"(29, 10)-(29, 18)",b'#include <vector>\n'
mxnet,../repos/mxnet/src/imperative/eliminate_common_expr_pass.cc,"(30, 10)-(30, 15)",b'#include <map>\n'
mxnet,../repos/mxnet/src/imperative/cached_op_threadsafe.h,"(26, 10)-(26, 18)",b'#include <vector>\n'
mxnet,../repos/mxnet/src/imperative/cached_op_threadsafe.h,"(30, 10)-(30, 25)",b'#include <unordered_map>\n'
mxnet,../repos/mxnet/src/imperative/imperative.cc,"(21, 10)-(21, 25)",b'#include <unordered_map>\n'
mxnet,../repos/mxnet/src/imperative/imperative.cc,"(22, 10)-(22, 25)",b'#include <unordered_set>\n'
mxnet,../repos/mxnet/src/imperative/cuda_graphs.h,"(29, 10)-(29, 18)",b'#include <vector>\n'
mxnet,../repos/mxnet/src/imperative/cuda_graphs.h,"(31, 10)-(31, 15)",b'#include <map>\n'
mxnet,../repos/mxnet/src/imperative/cuda_graphs.h,"(32, 10)-(32, 15)",b'#include <set>\n'
mxnet,../repos/mxnet/src/imperative/cached_op.h,"(24, 10)-(24, 18)",b'#include <vector>\n'
mxnet,../repos/mxnet/src/imperative/cached_op.h,"(29, 10)-(29, 25)",b'#include <unordered_map>\n'
mxnet,../repos/mxnet/src/imperative/cached_op.h,"(30, 10)-(30, 15)",b'#include <map>\n'
mxnet,../repos/mxnet/src/imperative/imperative_utils.h,"(25, 10)-(25, 15)",b'#include <map>\n'
mxnet,../repos/mxnet/src/imperative/imperative_utils.h,"(28, 10)-(28, 18)",b'#include <vector>\n'
mxnet,../repos/mxnet/src/imperative/simple_partition_pass.h,"(33, 10)-(33, 17)",b'#include <deque>\n'
mxnet,../repos/mxnet/src/imperative/simple_partition_pass.h,"(35, 10)-(35, 18)",b'#include <vector>\n'
mxnet,../repos/mxnet/src/imperative/pointwise_fusion_pass.cc,"(32, 10)-(32, 17)",b'#include <queue>\n'
mxnet,../repos/mxnet/src/imperative/naive_cached_op.h,"(26, 10)-(26, 18)",b'#include <vector>\n'
mxnet,../repos/mxnet/src/imperative/naive_cached_op.h,"(30, 10)-(30, 25)",b'#include <unordered_map>\n'
mxnet,../repos/mxnet/src/imperative/naive_cached_op.cc,"(19, 10)-(19, 25)",b'#include <unordered_set>\n'
mxnet,../repos/mxnet/src/imperative/exec_pass.h,"(34, 10)-(34, 18)",b'#include <vector>\n'
mxnet,../repos/mxnet/src/nnvm/gradient.cc,"(31, 10)-(31, 17)",b'#include <deque>\n'
mxnet,../repos/mxnet/src/nnvm/gradient.cc,"(34, 10)-(34, 17)",b'#include <queue>\n'
mxnet,../repos/mxnet/src/nnvm/gradient.cc,"(36, 10)-(36, 25)",b'#include <unordered_set>\n'
mxnet,../repos/mxnet/src/nnvm/gradient.cc,"(37, 10)-(37, 18)",b'#include <vector>\n'
mxnet,../repos/mxnet/src/nnvm/graph_algorithm.h,"(30, 10)-(30, 18)",b'#include <vector>\n'
mxnet,../repos/mxnet/src/nnvm/node_op_util.h,"(28, 10)-(28, 25)",b'#include <unordered_map>\n'
mxnet,../repos/mxnet/src/profiler/profiler.h,"(29, 10)-(29, 18)",b'#include <vector>\n'
mxnet,../repos/mxnet/src/profiler/profiler.h,"(34, 10)-(34, 17)",b'#include <array>\n'
mxnet,../repos/mxnet/src/profiler/aggregate_stats.h,"(24, 10)-(24, 15)",b'#include <map>\n'
mxnet,../repos/mxnet/src/profiler/aggregate_stats.cc,"(30, 10)-(30, 17)",b'#include <queue>\n'
mxnet,../repos/mxnet/src/profiler/storage_profiler.h,"(26, 10)-(26, 18)",b'#include <vector>\n'
mxnet,../repos/mxnet/src/profiler/storage_profiler.h,"(28, 10)-(28, 25)",b'#include <unordered_map>\n'
mxnet,../repos/mxnet/src/profiler/vtune.h,"(33, 10)-(33, 25)",b'#include <unordered_map>\n'
mxnet,../repos/mxnet/src/profiler/custom_op_profiler.h,"(23, 10)-(23, 25)",b'#include <unordered_set>\n'
mxnet,../repos/mxnet/src/profiler/custom_op_profiler.h,"(24, 10)-(24, 25)",b'#include <unordered_map>\n'
mxnet,../repos/mxnet/src/profiler/storage_profiler.cc,"(25, 10)-(25, 15)",b'#include <map>\n'
mxnet,../repos/mxnet/src/profiler/storage_profiler.cc,"(27, 10)-(27, 25)",b'#include <unordered_map>\n'
mxnet,../repos/mxnet/src/profiler/storage_profiler.cc,"(28, 10)-(28, 18)",b'#include <vector>\n'
mxnet,../repos/mxnet/src/ndarray/ndarray_function.h,"(32, 10)-(32, 18)",b'#include <vector>\n'
mxnet,../repos/mxnet/src/ndarray/ndarray_function-inl.h,"(27, 10)-(27, 18)",b'#include <vector>\n'
mxnet,../repos/mxnet/src/serialization/cnpy.h,"(30, 10)-(30, 18)",b'#include <vector>\n'
mxnet,../repos/mxnet/src/serialization/cnpy.cc,"(38, 10)-(38, 15)",b'#include <set>\n'
mxnet,../repos/mxnet/src/operator/operator_util.cc,"(28, 10)-(28, 18)",b'#include <vector>\n'
mxnet,../repos/mxnet/src/operator/custom/ndarray_op-inl.h,"(32, 10)-(32, 15)",b'#include <map>\n'
mxnet,../repos/mxnet/src/operator/custom/ndarray_op-inl.h,"(33, 10)-(33, 18)",b'#include <vector>\n'
mxnet,../repos/mxnet/src/operator/custom/native_op-inl.h,"(32, 10)-(32, 15)",b'#include <map>\n'
mxnet,../repos/mxnet/src/operator/custom/native_op-inl.h,"(33, 10)-(33, 18)",b'#include <vector>\n'
mxnet,../repos/mxnet/src/operator/custom/custom-inl.h,"(34, 10)-(34, 15)",b'#include <map>\n'
mxnet,../repos/mxnet/src/operator/custom/custom-inl.h,"(35, 10)-(35, 18)",b'#include <vector>\n'
mxnet,../repos/mxnet/src/operator/custom/custom-inl.h,"(43, 10)-(43, 17)",b'#include <queue>\n'
mxnet,../repos/mxnet/src/operator/contrib/multi_lamb-inl.h,"(35, 10)-(35, 18)",b'#include <vector>\n'
mxnet,../repos/mxnet/src/operator/contrib/adaptive_avg_pooling-inl.h,"(31, 10)-(31, 15)",b'#include <map>\n'
mxnet,../repos/mxnet/src/operator/contrib/adaptive_avg_pooling-inl.h,"(32, 10)-(32, 18)",b'#include <vector>\n'
mxnet,../repos/mxnet/src/operator/contrib/adabelief-inl.h,"(28, 10)-(28, 18)",b'#include <vector>\n'
mxnet,../repos/mxnet/src/operator/contrib/count_sketch-inl.h,"(30, 10)-(30, 15)",b'#include <map>\n'
mxnet,../repos/mxnet/src/operator/contrib/count_sketch-inl.h,"(31, 10)-(31, 18)",b'#include <vector>\n'
mxnet,../repos/mxnet/src/operator/contrib/multibox_detection-inl.h,"(31, 10)-(31, 15)",b'#include <map>\n'
mxnet,../repos/mxnet/src/operator/contrib/multibox_detection-inl.h,"(32, 10)-(32, 18)",b'#include <vector>\n'
mxnet,../repos/mxnet/src/operator/contrib/dgl_graph-inl.h,"(27, 10)-(27, 15)",b'#include <map>\n'
mxnet,../repos/mxnet/src/operator/contrib/dgl_graph-inl.h,"(29, 10)-(29, 18)",b'#include <vector>\n'
mxnet,../repos/mxnet/src/operator/contrib/proposal-inl.h,"(31, 10)-(31, 15)",b'#include <map>\n'
mxnet,../repos/mxnet/src/operator/contrib/proposal-inl.h,"(32, 10)-(32, 18)",b'#include <vector>\n'
mxnet,../repos/mxnet/src/operator/contrib/roi_align-inl.h,"(28, 10)-(28, 18)",b'#include <vector>\n'
mxnet,../repos/mxnet/src/operator/contrib/multi_lans-inl.h,"(35, 10)-(35, 18)",b'#include <vector>\n'
mxnet,../repos/mxnet/src/operator/contrib/bilinear_resize-inl.h,"(31, 10)-(31, 15)",b'#include <map>\n'
mxnet,../repos/mxnet/src/operator/contrib/bilinear_resize-inl.h,"(32, 10)-(32, 18)",b'#include <vector>\n'
mxnet,../repos/mxnet/src/operator/contrib/preloaded_multi_sgd-inl.h,"(34, 10)-(34, 18)",b'#include <vector>\n'
mxnet,../repos/mxnet/src/operator/contrib/optimizer_op-inl.h,"(34, 10)-(34, 18)",b'#include <vector>\n'
mxnet,../repos/mxnet/src/operator/contrib/nnz.cc,"(25, 10)-(25, 18)",b'#include <vector>\n'
mxnet,../repos/mxnet/src/operator/contrib/multibox_prior-inl.h,"(31, 10)-(31, 15)",b'#include <map>\n'
mxnet,../repos/mxnet/src/operator/contrib/multibox_prior-inl.h,"(32, 10)-(32, 18)",b'#include <vector>\n'
mxnet,../repos/mxnet/src/operator/contrib/rroi_align-inl.h,"(31, 10)-(31, 15)",b'#include <map>\n'
mxnet,../repos/mxnet/src/operator/contrib/rroi_align-inl.h,"(32, 10)-(32, 18)",b'#include <vector>\n'
mxnet,../repos/mxnet/src/operator/contrib/krprod.h,"(29, 10)-(29, 18)",b'#include <vector>\n'
mxnet,../repos/mxnet/src/operator/contrib/fft-inl.h,"(29, 10)-(29, 15)",b'#include <map>\n'
mxnet,../repos/mxnet/src/operator/contrib/fft-inl.h,"(30, 10)-(30, 18)",b'#include <vector>\n'
mxnet,../repos/mxnet/src/operator/contrib/reset_arrays-inl.h,"(29, 10)-(29, 18)",b'#include <vector>\n'
mxnet,../repos/mxnet/src/operator/contrib/adamw-inl.h,"(28, 10)-(28, 18)",b'#include <vector>\n'
mxnet,../repos/mxnet/src/operator/contrib/intgemm/intgemm_fully_connected_op.cc,"(26, 10)-(26, 18)",b'#include <vector>\n'
mxnet,../repos/mxnet/src/operator/contrib/intgemm/prepare_data_op.cc,"(28, 10)-(28, 18)",b'#include <vector>\n'
mxnet,../repos/mxnet/src/operator/contrib/intgemm/prepare_weight_op.cc,"(26, 10)-(26, 18)",b'#include <vector>\n'
mxnet,../repos/mxnet/src/operator/contrib/intgemm/max_absolute_op.cc,"(26, 10)-(26, 18)",b'#include <vector>\n'
mxnet,../repos/mxnet/src/operator/contrib/intgemm/take_weight_op.cc,"(28, 10)-(28, 18)",b'#include <vector>\n'
mxnet,../repos/mxnet/src/operator/contrib/multi_proposal-inl.h,"(14, 10)-(14, 15)",b'#include <map>\n'
mxnet,../repos/mxnet/src/operator/contrib/multi_proposal-inl.h,"(15, 10)-(15, 18)",b'#include <vector>\n'
mxnet,../repos/mxnet/src/operator/contrib/quadratic_op-inl.h,"(30, 10)-(30, 18)",b'#include <vector>\n'
mxnet,../repos/mxnet/src/operator/contrib/mrcnn_mask_target-inl.h,"(30, 10)-(30, 18)",b'#include <vector>\n'
mxnet,../repos/mxnet/src/operator/contrib/index_array-inl.h,"(23, 10)-(23, 18)",b'#include <vector>\n'
mxnet,../repos/mxnet/src/operator/contrib/boolean_mask-inl.h,"(30, 10)-(30, 15)",b'#include <map>\n'
mxnet,../repos/mxnet/src/operator/contrib/boolean_mask-inl.h,"(31, 10)-(31, 18)",b'#include <vector>\n'
mxnet,../repos/mxnet/src/operator/contrib/hawkes_ll-inl.h,"(29, 10)-(29, 18)",b'#include <vector>\n'
mxnet,../repos/mxnet/src/operator/contrib/allclose_op-inl.h,"(29, 10)-(29, 18)",b'#include <vector>\n'
mxnet,../repos/mxnet/src/operator/contrib/multi_sum_sq-inl.h,"(30, 10)-(30, 18)",b'#include <vector>\n'
mxnet,../repos/mxnet/src/operator/contrib/deformable_psroi_pooling-inl.h,"(14, 10)-(14, 15)",b'#include <map>\n'
mxnet,../repos/mxnet/src/operator/contrib/deformable_psroi_pooling-inl.h,"(15, 10)-(15, 18)",b'#include <vector>\n'
mxnet,../repos/mxnet/src/operator/contrib/dynamic_shape_ops-inl.h,"(26, 10)-(26, 18)",b'#include <vector>\n'
mxnet,../repos/mxnet/src/operator/contrib/nn/modulated_deformable_im2col.h,"(86, 10)-(86, 18)",b'#include <vector>\n'
mxnet,../repos/mxnet/src/operator/contrib/nn/deformable_im2col.h,"(67, 10)-(67, 18)",b'#include <vector>\n'
mxnet,../repos/mxnet/src/operator/contrib/psroi_pooling-inl.h,"(32, 10)-(32, 15)",b'#include <map>\n'
mxnet,../repos/mxnet/src/operator/contrib/psroi_pooling-inl.h,"(33, 10)-(33, 18)",b'#include <vector>\n'
mxnet,../repos/mxnet/src/operator/contrib/sync_batch_norm-inl.h,"(31, 10)-(31, 15)",b'#include <map>\n'
mxnet,../repos/mxnet/src/operator/contrib/sync_batch_norm-inl.h,"(32, 10)-(32, 18)",b'#include <vector>\n'
mxnet,../repos/mxnet/src/operator/contrib/krprod.cc,"(29, 10)-(29, 18)",b'#include <vector>\n'
mxnet,../repos/mxnet/src/operator/contrib/transformer-inl.h,"(28, 10)-(28, 18)",b'#include <vector>\n'
mxnet,../repos/mxnet/src/operator/contrib/multibox_target-inl.h,"(31, 10)-(31, 15)",b'#include <map>\n'
mxnet,../repos/mxnet/src/operator/contrib/multibox_target-inl.h,"(32, 10)-(32, 18)",b'#include <vector>\n'
mxnet,../repos/mxnet/src/operator/contrib/bounding_box-inl.h,"(29, 10)-(29, 18)",b'#include <vector>\n'
mxnet,../repos/mxnet/src/operator/contrib/multi_lars-inl.h,"(35, 10)-(35, 18)",b'#include <vector>\n'
mxnet,../repos/mxnet/src/operator/contrib/index_copy-inl.h,"(29, 10)-(29, 18)",b'#include <vector>\n'
mxnet,../repos/mxnet/src/operator/sequence_mask-inl.h,"(33, 10)-(33, 15)",b'#include <map>\n'
mxnet,../repos/mxnet/src/operator/sequence_mask-inl.h,"(36, 10)-(36, 18)",b'#include <vector>\n'
mxnet,../repos/mxnet/src/operator/softmax_output-inl.h,"(32, 10)-(32, 15)",b'#include <map>\n'
mxnet,../repos/mxnet/src/operator/softmax_output-inl.h,"(34, 10)-(34, 18)",b'#include <vector>\n'
mxnet,../repos/mxnet/src/operator/sequence_op_common.h,"(29, 10)-(29, 18)",b'#include <vector>\n'
mxnet,../repos/mxnet/src/operator/fusion/fused_op.h,"(25, 10)-(25, 18)",b'#include <vector>\n'
mxnet,../repos/mxnet/src/operator/fusion/fused_op-inl.h,"(24, 10)-(24, 15)",b'#include <map>\n'
mxnet,../repos/mxnet/src/operator/fusion/fused_op-inl.h,"(25, 10)-(25, 18)",b'#include <vector>\n'
mxnet,../repos/mxnet/src/operator/rnn_impl.h,"(33, 10)-(33, 15)",b'#include <map>\n'
mxnet,../repos/mxnet/src/operator/rnn_impl.h,"(34, 10)-(34, 18)",b'#include <vector>\n'
mxnet,../repos/mxnet/src/operator/svm_output-inl.h,"(32, 10)-(32, 15)",b'#include <map>\n'
mxnet,../repos/mxnet/src/operator/svm_output-inl.h,"(34, 10)-(34, 18)",b'#include <vector>\n'
mxnet,../repos/mxnet/src/operator/leaky_relu-inl.h,"(33, 10)-(33, 15)",b'#include <map>\n'
mxnet,../repos/mxnet/src/operator/leaky_relu-inl.h,"(35, 10)-(35, 18)",b'#include <vector>\n'
mxnet,../repos/mxnet/src/operator/sequence_last-inl.h,"(32, 10)-(32, 15)",b'#include <map>\n'
mxnet,../repos/mxnet/src/operator/sequence_last-inl.h,"(35, 10)-(35, 18)",b'#include <vector>\n'
mxnet,../repos/mxnet/src/operator/make_loss-inl.h,"(30, 10)-(30, 15)",b'#include <map>\n'
mxnet,../repos/mxnet/src/operator/make_loss-inl.h,"(32, 10)-(32, 18)",b'#include <vector>\n'
mxnet,../repos/mxnet/src/operator/sequence_reverse-inl.h,"(34, 10)-(34, 15)",b'#include <map>\n'
mxnet,../repos/mxnet/src/operator/sequence_reverse-inl.h,"(37, 10)-(37, 18)",b'#include <vector>\n'
mxnet,../repos/mxnet/src/operator/l2_normalization-inl.h,"(30, 10)-(30, 15)",b'#include <map>\n'
mxnet,../repos/mxnet/src/operator/l2_normalization-inl.h,"(31, 10)-(31, 18)",b'#include <vector>\n'
mxnet,../repos/mxnet/src/operator/identity_attach_KL_sparse_reg-inl.h,"(29, 10)-(29, 15)",b'#include <map>\n'
mxnet,../repos/mxnet/src/operator/identity_attach_KL_sparse_reg-inl.h,"(31, 10)-(31, 18)",b'#include <vector>\n'
mxnet,../repos/mxnet/src/operator/tensor/square_sum-inl.h,"(34, 10)-(34, 18)",b'#include <vector>\n'
mxnet,../repos/mxnet/src/operator/tensor/elemwise_binary_op-inl.h,"(27, 10)-(27, 18)",b'#include <vector>\n'
mxnet,../repos/mxnet/src/operator/tensor/index_add_backward.cc,"(24, 10)-(24, 18)",b'#include <vector>\n'
mxnet,../repos/mxnet/src/operator/tensor/control_flow_op.h,"(28, 10)-(28, 18)",b'#include <vector>\n'
mxnet,../repos/mxnet/src/operator/tensor/broadcast_reduce-inl.h,"(29, 10)-(29, 18)",b'#include <vector>\n'
mxnet,../repos/mxnet/src/operator/tensor/elemwise_unary_op.h,"(28, 10)-(28, 18)",b'#include <vector>\n'
mxnet,../repos/mxnet/src/operator/tensor/broadcast_reduce_op.h,"(30, 10)-(30, 18)",b'#include <vector>\n'
mxnet,../repos/mxnet/src/operator/tensor/slice-inl.h,"(30, 10)-(30, 18)",b'#include <vector>\n'
mxnet,../repos/mxnet/src/operator/tensor/sort_op.h,"(29, 10)-(29, 18)",b'#include <vector>\n'
mxnet,../repos/mxnet/src/operator/tensor/ravel.h,"(29, 10)-(29, 18)",b'#include <vector>\n'
mxnet,../repos/mxnet/src/operator/tensor/elemwise_binary_scalar_op.h,"(29, 10)-(29, 18)",b'#include <vector>\n'
mxnet,../repos/mxnet/src/operator/tensor/init_op.h,"(33, 10)-(33, 18)",b'#include <vector>\n'
mxnet,../repos/mxnet/src/operator/tensor/elemwise_binary_op.h,"(29, 10)-(29, 18)",b'#include <vector>\n'
mxnet,../repos/mxnet/src/operator/tensor/dot-inl.h,"(29, 10)-(29, 18)",b'#include <vector>\n'
mxnet,../repos/mxnet/src/operator/tensor/index_add-inl.h,"(28, 10)-(28, 18)",b'#include <vector>\n'
mxnet,../repos/mxnet/src/operator/tensor/sparse_retain-inl.h,"(28, 10)-(28, 18)",b'#include <vector>\n'
mxnet,../repos/mxnet/src/operator/tensor/ordering_op-inl.h,"(31, 10)-(31, 18)",b'#include <vector>\n'
mxnet,../repos/mxnet/src/operator/tensor/la_op.h,"(29, 10)-(29, 18)",b'#include <vector>\n'
mxnet,../repos/mxnet/src/operator/tensor/index_update.cc,"(24, 10)-(24, 18)",b'#include <vector>\n'
mxnet,../repos/mxnet/src/operator/tensor/elemwise_sum.h,"(30, 10)-(30, 18)",b'#include <vector>\n'
mxnet,../repos/mxnet/src/operator/tensor/amp_cast.h,"(28, 10)-(28, 18)",b'#include <vector>\n'
mxnet,../repos/mxnet/src/operator/tensor/index_add_forward.cc,"(24, 10)-(24, 18)",b'#include <vector>\n'
mxnet,../repos/mxnet/src/operator/tensor/histogram-inl.h,"(36, 10)-(36, 18)",b'#include <vector>\n'
mxnet,../repos/mxnet/src/operator/tensor/histogram-inl.h,"(38, 10)-(38, 25)",b'#include <unordered_map>\n'
mxnet,../repos/mxnet/src/operator/tensor/matrix_op-inl.h,"(28, 10)-(28, 18)",b'#include <vector>\n'
mxnet,../repos/mxnet/src/operator/tensor/cast_storage-inl.h,"(29, 10)-(29, 18)",b'#include <vector>\n'
mxnet,../repos/mxnet/src/operator/tensor/elemwise_binary_broadcast_op.h,"(30, 10)-(30, 18)",b'#include <vector>\n'
mxnet,../repos/mxnet/src/operator/tensor/index_update-inl.h,"(28, 10)-(28, 18)",b'#include <vector>\n'
mxnet,../repos/mxnet/src/operator/tensor/diag_op-inl.h,"(29, 10)-(29, 18)",b'#include <vector>\n'
mxnet,../repos/mxnet/src/operator/tensor/indexing_op.h,"(32, 10)-(32, 15)",b'#include <map>\n'
mxnet,../repos/mxnet/src/operator/tensor/indexing_op.h,"(33, 10)-(33, 18)",b'#include <vector>\n'
mxnet,../repos/mxnet/src/operator/grid_generator-inl.h,"(32, 10)-(32, 18)",b'#include <vector>\n'
mxnet,../repos/mxnet/src/operator/grid_generator-inl.h,"(33, 10)-(33, 15)",b'#include <map>\n'
mxnet,../repos/mxnet/src/operator/channel_op_common.h,"(29, 10)-(29, 18)",b'#include <vector>\n'
mxnet,../repos/mxnet/src/operator/cudnn_bilinear_sampler-inl.h,"(29, 10)-(29, 18)",b'#include <vector>\n'
mxnet,../repos/mxnet/src/operator/modulated_deformable_convolution-inl.h,"(21, 10)-(21, 15)",b'#include <map>\n'
mxnet,../repos/mxnet/src/operator/modulated_deformable_convolution-inl.h,"(22, 10)-(22, 18)",b'#include <vector>\n'
mxnet,../repos/mxnet/src/operator/optimizer_op-inl.h,"(34, 10)-(34, 18)",b'#include <vector>\n'
mxnet,../repos/mxnet/src/operator/operator_tune.h,"(24, 10)-(24, 18)",b'#include <vector>\n'
mxnet,../repos/mxnet/src/operator/operator_tune.h,"(25, 10)-(25, 15)",b'#include <set>\n'
mxnet,../repos/mxnet/src/operator/deformable_convolution-inl.h,"(21, 10)-(21, 15)",b'#include <map>\n'
mxnet,../repos/mxnet/src/operator/deformable_convolution-inl.h,"(22, 10)-(22, 18)",b'#include <vector>\n'
mxnet,../repos/mxnet/src/operator/npx_control_flow.h,"(28, 10)-(28, 18)",b'#include <vector>\n'
mxnet,../repos/mxnet/src/operator/all_finite-inl.h,"(35, 10)-(35, 18)",b'#include <vector>\n'
mxnet,../repos/mxnet/src/operator/cudnn_ops.h,"(36, 10)-(36, 25)",b'#include <unordered_map>\n'
mxnet,../repos/mxnet/src/operator/cudnn_ops.h,"(38, 10)-(38, 18)",b'#include <vector>\n'
mxnet,../repos/mxnet/src/operator/instance_norm-inl.h,"(31, 10)-(31, 15)",b'#include <map>\n'
mxnet,../repos/mxnet/src/operator/instance_norm-inl.h,"(32, 10)-(32, 18)",b'#include <vector>\n'
mxnet,../repos/mxnet/src/operator/image/resize-inl.h,"(28, 10)-(28, 18)",b'#include <vector>\n'
mxnet,../repos/mxnet/src/operator/image/image_random-inl.h,"(33, 10)-(33, 18)",b'#include <vector>\n'
mxnet,../repos/mxnet/src/operator/image/crop-inl.h,"(29, 10)-(29, 18)",b'#include <vector>\n'
mxnet,../repos/mxnet/src/operator/image/image_utils.h,"(29, 10)-(29, 18)",b'#include <vector>\n'
mxnet,../repos/mxnet/src/operator/elemwise_op_common.h,"(34, 10)-(34, 18)",b'#include <vector>\n'
mxnet,../repos/mxnet/src/operator/loss_binary_op-inl.h,"(28, 10)-(28, 18)",b'#include <vector>\n'
mxnet,../repos/mxnet/src/operator/swapaxis-inl.h,"(32, 10)-(32, 15)",b'#include <map>\n'
mxnet,../repos/mxnet/src/operator/swapaxis-inl.h,"(33, 10)-(33, 18)",b'#include <vector>\n'
mxnet,../repos/mxnet/src/operator/roi_pooling-inl.h,"(31, 10)-(31, 15)",b'#include <map>\n'
mxnet,../repos/mxnet/src/operator/roi_pooling-inl.h,"(32, 10)-(32, 18)",b'#include <vector>\n'
mxnet,../repos/mxnet/src/operator/cudnn_spatial_transformer-inl.h,"(29, 10)-(29, 18)",b'#include <vector>\n'
mxnet,../repos/mxnet/src/operator/random/sample_op.h,"(30, 10)-(30, 18)",b'#include <vector>\n'
mxnet,../repos/mxnet/src/operator/random/pdf_op.h,"(28, 10)-(28, 18)",b'#include <vector>\n'
mxnet,../repos/mxnet/src/operator/random/sample_multinomial_op.h,"(28, 10)-(28, 18)",b'#include <vector>\n'
mxnet,../repos/mxnet/src/operator/random/shuffle_op.cc,"(33, 10)-(33, 18)",b'#include <vector>\n'
mxnet,../repos/mxnet/src/operator/random/multisample_op.h,"(28, 10)-(28, 18)",b'#include <vector>\n'
mxnet,../repos/mxnet/src/operator/random/unique_sample_op.h,"(30, 10)-(30, 18)",b'#include <vector>\n'
mxnet,../repos/mxnet/src/operator/random/unique_sample_op.h,"(31, 10)-(31, 25)",b'#include <unordered_set>\n'
mxnet,../repos/mxnet/src/operator/nn/batch_norm-inl.h,"(34, 10)-(34, 15)",b'#include <map>\n'
mxnet,../repos/mxnet/src/operator/nn/batch_norm-inl.h,"(37, 10)-(37, 18)",b'#include <vector>\n'
mxnet,../repos/mxnet/src/operator/nn/pooling-inl.h,"(33, 10)-(33, 15)",b'#include <map>\n'
mxnet,../repos/mxnet/src/operator/nn/pooling-inl.h,"(34, 10)-(34, 18)",b'#include <vector>\n'
mxnet,../repos/mxnet/src/operator/nn/group_norm-inl.h,"(33, 10)-(33, 15)",b'#include <map>\n'
mxnet,../repos/mxnet/src/operator/nn/group_norm-inl.h,"(35, 10)-(35, 18)",b'#include <vector>\n'
mxnet,../repos/mxnet/src/operator/nn/upsampling-inl.h,"(32, 10)-(32, 15)",b'#include <map>\n'
mxnet,../repos/mxnet/src/operator/nn/upsampling-inl.h,"(33, 10)-(33, 18)",b'#include <vector>\n'
mxnet,../repos/mxnet/src/operator/nn/lrn-inl.h,"(30, 10)-(30, 15)",b'#include <map>\n'
mxnet,../repos/mxnet/src/operator/nn/lrn-inl.h,"(31, 10)-(31, 18)",b'#include <vector>\n'
mxnet,../repos/mxnet/src/operator/nn/pool.h,"(63, 10)-(63, 18)",b'#include <vector>\n'
mxnet,../repos/mxnet/src/operator/nn/ctc_loss-inl.h,"(29, 10)-(29, 18)",b'#include <vector>\n'
mxnet,../repos/mxnet/src/operator/nn/im2col-inl.h,"(28, 10)-(28, 18)",b'#include <vector>\n'
mxnet,../repos/mxnet/src/operator/nn/dropout-inl.h,"(31, 10)-(31, 15)",b'#include <map>\n'
mxnet,../repos/mxnet/src/operator/nn/dropout-inl.h,"(32, 10)-(32, 18)",b'#include <vector>\n'
mxnet,../repos/mxnet/src/operator/nn/depthwise_convolution-inl.h,"(28, 10)-(28, 18)",b'#include <vector>\n'
mxnet,../repos/mxnet/src/operator/nn/moments-inl.h,"(29, 10)-(29, 18)",b'#include <vector>\n'
mxnet,../repos/mxnet/src/operator/nn/dnnl/dnnl_lrn-inl.h,"(31, 10)-(31, 18)",b'#include <vector>\n'
mxnet,../repos/mxnet/src/operator/nn/dnnl/dnnl_fully_connected-inl.h,"(32, 10)-(32, 25)",b'#include <unordered_map>\n'
mxnet,../repos/mxnet/src/operator/nn/dnnl/dnnl_fully_connected-inl.h,"(34, 10)-(34, 18)",b'#include <vector>\n'
mxnet,../repos/mxnet/src/operator/nn/dnnl/dnnl_deconvolution-inl.h,"(42, 10)-(42, 18)",b'#include <vector>\n'
mxnet,../repos/mxnet/src/operator/nn/dnnl/dnnl_sum-inl.h,"(31, 10)-(31, 18)",b'#include <vector>\n'
mxnet,../repos/mxnet/src/operator/nn/dnnl/dnnl_softmax-inl.h,"(37, 10)-(37, 18)",b'#include <vector>\n'
mxnet,../repos/mxnet/src/operator/nn/dnnl/dnnl_masked_softmax-inl.h,"(27, 10)-(27, 18)",b'#include <vector>\n'
mxnet,../repos/mxnet/src/operator/nn/dnnl/dnnl_split-inl.h,"(28, 10)-(28, 18)",b'#include <vector>\n'
mxnet,../repos/mxnet/src/operator/nn/dnnl/dnnl_reduce-inl.h,"(28, 10)-(28, 18)",b'#include <vector>\n'
mxnet,../repos/mxnet/src/operator/nn/dnnl/dnnl_concat-inl.h,"(30, 10)-(30, 18)",b'#include <vector>\n'
mxnet,../repos/mxnet/src/operator/nn/dnnl/dnnl_act.cc,"(33, 10)-(33, 15)",b'#include <map>\n'
mxnet,../repos/mxnet/src/operator/nn/dnnl/dnnl_act.cc,"(36, 10)-(36, 18)",b'#include <vector>\n'
mxnet,../repos/mxnet/src/operator/nn/dnnl/dnnl_reshape-inl.h,"(29, 10)-(29, 18)",b'#include <vector>\n'
mxnet,../repos/mxnet/src/operator/nn/dnnl/dnnl_batch_norm-inl.h,"(33, 10)-(33, 18)",b'#include <vector>\n'
mxnet,../repos/mxnet/src/operator/nn/dnnl/dnnl_stack.cc,"(23, 10)-(23, 18)",b'#include <vector>\n'
mxnet,../repos/mxnet/src/operator/nn/dnnl/dnnl_pooling-inl.h,"(31, 10)-(31, 18)",b'#include <vector>\n'
mxnet,../repos/mxnet/src/operator/nn/dnnl/dnnl_sum.cc,"(26, 10)-(26, 18)",b'#include <vector>\n'
mxnet,../repos/mxnet/src/operator/nn/dnnl/dnnl_where-inl.h,"(29, 10)-(29, 25)",b'#include <unordered_map>\n'
mxnet,../repos/mxnet/src/operator/nn/dnnl/dnnl_where-inl.h,"(30, 10)-(30, 18)",b'#include <vector>\n'
mxnet,../repos/mxnet/src/operator/nn/dnnl/dnnl_dot.cc,"(27, 10)-(27, 25)",b'#include <unordered_map>\n'
mxnet,../repos/mxnet/src/operator/nn/dnnl/dnnl_rnn-inl.h,"(31, 10)-(31, 18)",b'#include <vector>\n'
mxnet,../repos/mxnet/src/operator/nn/dnnl/dnnl_layer_norm-inl.h,"(30, 10)-(30, 18)",b'#include <vector>\n'
mxnet,../repos/mxnet/src/operator/nn/dnnl/dnnl_act-inl.h,"(31, 10)-(31, 18)",b'#include <vector>\n'
mxnet,../repos/mxnet/src/operator/nn/dnnl/dnnl_base-inl.h,"(35, 10)-(35, 25)",b'#include <unordered_map>\n'
mxnet,../repos/mxnet/src/operator/nn/dnnl/dnnl_base-inl.h,"(37, 10)-(37, 18)",b'#include <vector>\n'
mxnet,../repos/mxnet/src/operator/nn/dnnl/dnnl_base-inl.h,"(38, 10)-(38, 15)",b'#include <map>\n'
mxnet,../repos/mxnet/src/operator/nn/dnnl/dnnl_base-inl.h,"(39, 10)-(39, 15)",b'#include <set>\n'
mxnet,../repos/mxnet/src/operator/nn/dnnl/dnnl_where.cc,"(27, 10)-(27, 15)",b'#include <set>\n'
mxnet,../repos/mxnet/src/operator/nn/dnnl/dnnl_where.cc,"(28, 10)-(28, 25)",b'#include <unordered_set>\n'
mxnet,../repos/mxnet/src/operator/nn/dnnl/dnnl_binary-inl.h,"(30, 10)-(30, 18)",b'#include <vector>\n'
mxnet,../repos/mxnet/src/operator/nn/dnnl/dnnl_pow_mul_scalar-inl.h,"(29, 10)-(29, 18)",b'#include <vector>\n'
mxnet,../repos/mxnet/src/operator/nn/dnnl/dnnl_batch_dot-inl.h,"(32, 10)-(32, 18)",b'#include <vector>\n'
mxnet,../repos/mxnet/src/operator/nn/dnnl/dnnl_batch_norm.cc,"(28, 10)-(28, 18)",b'#include <vector>\n'
mxnet,../repos/mxnet/src/operator/nn/dnnl/dnnl_dot-inl.h,"(30, 10)-(30, 18)",b'#include <vector>\n'
mxnet,../repos/mxnet/src/operator/nn/dnnl/dnnl_softmax_output-inl.h,"(32, 10)-(32, 18)",b'#include <vector>\n'
mxnet,../repos/mxnet/src/operator/nn/dnnl/dnnl_convolution-inl.h,"(31, 10)-(31, 18)",b'#include <vector>\n'
mxnet,../repos/mxnet/src/operator/nn/dnnl/dnnl_stack-inl.h,"(31, 10)-(31, 18)",b'#include <vector>\n'
mxnet,../repos/mxnet/src/operator/nn/convolution-inl.h,"(38, 10)-(38, 15)",b'#include <map>\n'
mxnet,../repos/mxnet/src/operator/nn/convolution-inl.h,"(39, 10)-(39, 18)",b'#include <vector>\n'
mxnet,../repos/mxnet/src/operator/nn/im2col.h,"(66, 10)-(66, 18)",b'#include <vector>\n'
mxnet,../repos/mxnet/src/operator/nn/softmax-inl.h,"(30, 10)-(30, 18)",b'#include <vector>\n'
mxnet,../repos/mxnet/src/operator/nn/fully_connected-inl.h,"(30, 10)-(30, 15)",b'#include <map>\n'
mxnet,../repos/mxnet/src/operator/nn/fully_connected-inl.h,"(31, 10)-(31, 18)",b'#include <vector>\n'
mxnet,../repos/mxnet/src/operator/nn/softmax_activation-inl.h,"(32, 10)-(32, 15)",b'#include <map>\n'
mxnet,../repos/mxnet/src/operator/nn/softmax_activation-inl.h,"(34, 10)-(34, 18)",b'#include <vector>\n'
mxnet,../repos/mxnet/src/operator/nn/cudnn/cudnn_deconvolution-inl.h,"(30, 10)-(30, 18)",b'#include <vector>\n'
mxnet,../repos/mxnet/src/operator/nn/cudnn/cudnn_algoreg-inl.h,"(31, 10)-(31, 18)",b'#include <vector>\n'
mxnet,../repos/mxnet/src/operator/nn/cudnn/cudnn_pooling-inl.h,"(29, 10)-(29, 17)",b'#include <array>\n'
mxnet,../repos/mxnet/src/operator/nn/cudnn/cudnn_convolution-inl.h,"(30, 10)-(30, 18)",b'#include <vector>\n'
mxnet,../repos/mxnet/src/operator/nn/cudnn/cudnn_batch_norm.h,"(30, 10)-(30, 18)",b'#include <vector>\n'
mxnet,../repos/mxnet/src/operator/nn/cudnn/cudnn_activation-inl.h,"(29, 10)-(29, 18)",b'#include <vector>\n'
mxnet,../repos/mxnet/src/operator/nn/cudnn/cudnn_algoreg.cc,"(30, 10)-(30, 25)",b'#include <unordered_map>\n'
mxnet,../repos/mxnet/src/operator/nn/cudnn/cudnn_softmax_activation-inl.h,"(29, 10)-(29, 18)",b'#include <vector>\n'
mxnet,../repos/mxnet/src/operator/nn/concat-inl.h,"(31, 10)-(31, 15)",b'#include <map>\n'
mxnet,../repos/mxnet/src/operator/nn/concat-inl.h,"(33, 10)-(33, 18)",b'#include <vector>\n'
mxnet,../repos/mxnet/src/operator/nn/activation-inl.h,"(33, 10)-(33, 15)",b'#include <map>\n'
mxnet,../repos/mxnet/src/operator/nn/activation-inl.h,"(35, 10)-(35, 18)",b'#include <vector>\n'
mxnet,../repos/mxnet/src/operator/nn/deconvolution-inl.h,"(32, 10)-(32, 15)",b'#include <map>\n'
mxnet,../repos/mxnet/src/operator/nn/deconvolution-inl.h,"(33, 10)-(33, 18)",b'#include <vector>\n'
mxnet,../repos/mxnet/src/operator/nn/layer_norm-inl.h,"(31, 10)-(31, 15)",b'#include <map>\n'
mxnet,../repos/mxnet/src/operator/nn/layer_norm-inl.h,"(33, 10)-(33, 18)",b'#include <vector>\n'
mxnet,../repos/mxnet/src/operator/quantization/calibrate-inl.h,"(28, 10)-(28, 18)",b'#include <vector>\n'
mxnet,../repos/mxnet/src/operator/quantization/quantize_asym-inl.h,"(31, 10)-(31, 18)",b'#include <vector>\n'
mxnet,../repos/mxnet/src/operator/quantization/dequantize-inl.h,"(28, 10)-(28, 18)",b'#include <vector>\n'
mxnet,../repos/mxnet/src/operator/quantization/dnnl/dnnl_quantize_asym-inl.h,"(30, 10)-(30, 18)",b'#include <vector>\n'
mxnet,../repos/mxnet/src/operator/quantization/dnnl/dnnl_quantized_ops-inl.h,"(33, 10)-(33, 18)",b'#include <vector>\n'
mxnet,../repos/mxnet/src/operator/quantization/dnnl/dnnl_quantize-inl.h,"(31, 10)-(31, 18)",b'#include <vector>\n'
mxnet,../repos/mxnet/src/operator/quantization/dnnl/dnnl_dequantize-inl.h,"(31, 10)-(31, 18)",b'#include <vector>\n'
mxnet,../repos/mxnet/src/operator/quantization/dnnl/dnnl_quantize_v2-inl.h,"(30, 10)-(30, 18)",b'#include <vector>\n'
mxnet,../repos/mxnet/src/operator/quantization/dnnl/dnnl_quantized_rnn-inl.h,"(31, 10)-(31, 18)",b'#include <vector>\n'
mxnet,../repos/mxnet/src/operator/quantization/dnnl/dnnl_requantize-inl.h,"(30, 10)-(30, 18)",b'#include <vector>\n'
mxnet,../repos/mxnet/src/operator/quantization/quantize_graph_pass.cc,"(28, 10)-(28, 17)",b'#include <queue>\n'
mxnet,../repos/mxnet/src/operator/quantization/quantize_graph_pass.cc,"(29, 10)-(29, 17)",b'#include <stack>\n'
mxnet,../repos/mxnet/src/operator/quantization/quantize_graph_pass.cc,"(30, 10)-(30, 25)",b'#include <unordered_map>\n'
mxnet,../repos/mxnet/src/operator/quantization/quantize_graph_pass.cc,"(31, 10)-(31, 25)",b'#include <unordered_set>\n'
mxnet,../repos/mxnet/src/operator/quantization/quantize_graph_pass.cc,"(32, 10)-(32, 18)",b'#include <vector>\n'
mxnet,../repos/mxnet/src/operator/quantization/quantized_flatten-inl.h,"(28, 10)-(28, 18)",b'#include <vector>\n'
mxnet,../repos/mxnet/src/operator/quantization/quantized_fully_connected.cc,"(25, 10)-(25, 18)",b'#include <vector>\n'
mxnet,../repos/mxnet/src/operator/quantization/quantize_v2-inl.h,"(28, 10)-(28, 18)",b'#include <vector>\n'
mxnet,../repos/mxnet/src/operator/quantization/quantized_rnn.cc,"(29, 10)-(29, 18)",b'#include <vector>\n'
mxnet,../repos/mxnet/src/operator/quantization/requantize-inl.h,"(28, 10)-(28, 18)",b'#include <vector>\n'
mxnet,../repos/mxnet/src/operator/quantization/quantized_reshape-inl.h,"(29, 10)-(29, 18)",b'#include <vector>\n'
mxnet,../repos/mxnet/src/operator/quantization/quantize-inl.h,"(28, 10)-(28, 18)",b'#include <vector>\n'
mxnet,../repos/mxnet/src/operator/numpy/np_delete_op-inl.h,"(28, 10)-(28, 18)",b'#include <vector>\n'
mxnet,../repos/mxnet/src/operator/numpy/np_ediff1d_op-inl.h,"(30, 10)-(30, 18)",b'#include <vector>\n'
mxnet,../repos/mxnet/src/operator/numpy/np_elemwise_broadcast_logic_op.h,"(37, 10)-(37, 18)",b'#include <vector>\n'
mxnet,../repos/mxnet/src/operator/numpy/np_elemwise_broadcast_op.h,"(29, 10)-(29, 18)",b'#include <vector>\n'
mxnet,../repos/mxnet/src/operator/numpy/linalg/np_eig-inl.h,"(27, 10)-(27, 18)",b'#include <vector>\n'
mxnet,../repos/mxnet/src/operator/numpy/linalg/np_gesvd.cc,"(25, 10)-(25, 18)",b'#include <vector>\n'
mxnet,../repos/mxnet/src/operator/numpy/linalg/np_potrf.cc,"(25, 10)-(25, 18)",b'#include <vector>\n'
mxnet,../repos/mxnet/src/operator/numpy/linalg/np_gesvd-inl.h,"(28, 10)-(28, 18)",b'#include <vector>\n'
mxnet,../repos/mxnet/src/operator/numpy/linalg/np_tensorsolve-inl.h,"(28, 10)-(28, 18)",b'#include <vector>\n'
mxnet,../repos/mxnet/src/operator/numpy/linalg/np_qr-inl.h,"(28, 10)-(28, 18)",b'#include <vector>\n'
mxnet,../repos/mxnet/src/operator/numpy/linalg/np_lstsq-inl.h,"(28, 10)-(28, 18)",b'#include <vector>\n'
mxnet,../repos/mxnet/src/operator/numpy/linalg/np_eigvals-inl.h,"(28, 10)-(28, 18)",b'#include <vector>\n'
mxnet,../repos/mxnet/src/operator/numpy/linalg/np_solve.cc,"(25, 10)-(25, 18)",b'#include <vector>\n'
mxnet,../repos/mxnet/src/operator/numpy/linalg/np_solve-inl.h,"(28, 10)-(28, 18)",b'#include <vector>\n'
mxnet,../repos/mxnet/src/operator/numpy/linalg/np_matrix_rank-inl.h,"(28, 10)-(28, 18)",b'#include <vector>\n'
mxnet,../repos/mxnet/src/operator/numpy/linalg/np_potrf-inl.h,"(28, 10)-(28, 18)",b'#include <vector>\n'
mxnet,../repos/mxnet/src/operator/numpy/linalg/np_pinv-inl.h,"(28, 10)-(28, 18)",b'#include <vector>\n'
mxnet,../repos/mxnet/src/operator/numpy/linalg/broadcast_reduce_op_customized.h,"(29, 10)-(29, 18)",b'#include <vector>\n'
mxnet,../repos/mxnet/src/operator/numpy/linalg/np_norm-inl.h,"(28, 10)-(28, 18)",b'#include <vector>\n'
mxnet,../repos/mxnet/src/operator/numpy/linalg/np_qr.cc,"(25, 10)-(25, 18)",b'#include <vector>\n'
mxnet,../repos/mxnet/src/operator/numpy/linalg/np_tensorinv-inl.h,"(28, 10)-(28, 18)",b'#include <vector>\n'
mxnet,../repos/mxnet/src/operator/numpy/np_matrix_op.cc,"(25, 10)-(25, 18)",b'#include <vector>\n'
mxnet,../repos/mxnet/src/operator/numpy/np_matrix_op.cc,"(26, 10)-(26, 15)",b'#include <set>\n'
mxnet,../repos/mxnet/src/operator/numpy/np_trace_op-inl.h,"(30, 10)-(30, 18)",b'#include <vector>\n'
mxnet,../repos/mxnet/src/operator/numpy/np_polynomial_op-inl.h,"(30, 10)-(30, 18)",b'#include <vector>\n'
mxnet,../repos/mxnet/src/operator/numpy/np_nonzero_op-inl.h,"(30, 10)-(30, 15)",b'#include <map>\n'
mxnet,../repos/mxnet/src/operator/numpy/np_nonzero_op-inl.h,"(31, 10)-(31, 18)",b'#include <vector>\n'
mxnet,../repos/mxnet/src/operator/numpy/np_tri_op-inl.h,"(29, 10)-(29, 18)",b'#include <vector>\n'
mxnet,../repos/mxnet/src/operator/numpy/np_tri_op-inl.h,"(32, 10)-(32, 25)",b'#include <unordered_map>\n'
mxnet,../repos/mxnet/src/operator/numpy/np_matrix_op-inl.h,"(27, 10)-(27, 18)",b'#include <vector>\n'
mxnet,../repos/mxnet/src/operator/numpy/np_matrix_op-inl.h,"(30, 10)-(30, 15)",b'#include <set>\n'
mxnet,../repos/mxnet/src/operator/numpy/np_matrix_op-inl.h,"(32, 10)-(32, 25)",b'#include <unordered_map>\n'
mxnet,../repos/mxnet/src/operator/numpy/np_repeat_op-inl.h,"(29, 10)-(29, 18)",b'#include <vector>\n'
mxnet,../repos/mxnet/src/operator/numpy/np_repeat_op-inl.h,"(34, 10)-(34, 25)",b'#include <unordered_map>\n'
mxnet,../repos/mxnet/src/operator/numpy/np_delete_op.cc,"(25, 10)-(25, 18)",b'#include <vector>\n'
mxnet,../repos/mxnet/src/operator/numpy/np_bincount_op-inl.h,"(29, 10)-(29, 18)",b'#include <vector>\n'
mxnet,../repos/mxnet/src/operator/numpy/np_cumsum-inl.h,"(30, 10)-(30, 18)",b'#include <vector>\n'
mxnet,../repos/mxnet/src/operator/numpy/np_einsum_path_op-inl.h,"(46, 10)-(46, 18)",b'#include <vector>\n'
mxnet,../repos/mxnet/src/operator/numpy/np_tensordot_op-inl.h,"(27, 10)-(27, 18)",b'#include <vector>\n'
mxnet,../repos/mxnet/src/operator/numpy/np_matmul_op-inl.h,"(29, 10)-(29, 18)",b'#include <vector>\n'
mxnet,../repos/mxnet/src/operator/numpy/np_kron-inl.h,"(27, 10)-(27, 18)",b'#include <vector>\n'
mxnet,../repos/mxnet/src/operator/numpy/np_triu_op-inl.h,"(29, 10)-(29, 18)",b'#include <vector>\n'
mxnet,../repos/mxnet/src/operator/numpy/np_triu_op-inl.h,"(31, 10)-(31, 25)",b'#include <unordered_map>\n'
mxnet,../repos/mxnet/src/operator/numpy/np_fill_diagonal_op-inl.h,"(29, 10)-(29, 18)",b'#include <vector>\n'
mxnet,../repos/mxnet/src/operator/numpy/np_insert_op_scalar-inl.h,"(27, 10)-(27, 18)",b'#include <vector>\n'
mxnet,../repos/mxnet/src/operator/numpy/np_dot-inl.h,"(29, 10)-(29, 18)",b'#include <vector>\n'
mxnet,../repos/mxnet/src/operator/numpy/np_where_op-inl.h,"(32, 10)-(32, 18)",b'#include <vector>\n'
mxnet,../repos/mxnet/src/operator/numpy/np_pad_op.cc,"(25, 10)-(25, 18)",b'#include <vector>\n'
mxnet,../repos/mxnet/src/operator/numpy/np_true_divide-inl.h,"(28, 10)-(28, 18)",b'#include <vector>\n'
mxnet,../repos/mxnet/src/operator/numpy/np_init_op.h,"(29, 10)-(29, 18)",b'#include <vector>\n'
mxnet,../repos/mxnet/src/operator/numpy/np_broadcast_reduce_op_value.h,"(29, 10)-(29, 18)",b'#include <vector>\n'
mxnet,../repos/mxnet/src/operator/numpy/np_tril_op-inl.h,"(29, 10)-(29, 18)",b'#include <vector>\n'
mxnet,../repos/mxnet/src/operator/numpy/random/np_multinomial_op.h,"(28, 10)-(28, 18)",b'#include <vector>\n'
mxnet,../repos/mxnet/src/operator/numpy/random/np_choice_op.h,"(32, 10)-(32, 18)",b'#include <vector>\n'
mxnet,../repos/mxnet/src/operator/numpy/random/dist_common.h,"(32, 10)-(32, 18)",b'#include <vector>\n'
mxnet,../repos/mxnet/src/operator/numpy/random/np_gamma_op.h,"(29, 10)-(29, 18)",b'#include <vector>\n'
mxnet,../repos/mxnet/src/operator/numpy/random/np_laplace_op.h,"(30, 10)-(30, 18)",b'#include <vector>\n'
mxnet,../repos/mxnet/src/operator/numpy/random/np_rayleigh_op.h,"(31, 10)-(31, 18)",b'#include <vector>\n'
mxnet,../repos/mxnet/src/operator/numpy/random/np_rayleigh_op.h,"(33, 10)-(33, 25)",b'#include <unordered_map>\n'
mxnet,../repos/mxnet/src/operator/numpy/random/np_normal_op.h,"(31, 10)-(31, 18)",b'#include <vector>\n'
mxnet,../repos/mxnet/src/operator/numpy/random/np_exponential_op.h,"(31, 10)-(31, 18)",b'#include <vector>\n'
mxnet,../repos/mxnet/src/operator/numpy/random/np_exponential_op.h,"(33, 10)-(33, 25)",b'#include <unordered_map>\n'
mxnet,../repos/mxnet/src/operator/numpy/random/np_weibull_op.h,"(31, 10)-(31, 18)",b'#include <vector>\n'
mxnet,../repos/mxnet/src/operator/numpy/random/np_weibull_op.h,"(33, 10)-(33, 25)",b'#include <unordered_map>\n'
mxnet,../repos/mxnet/src/operator/numpy/random/np_bernoulli_op.h,"(30, 10)-(30, 18)",b'#include <vector>\n'
mxnet,../repos/mxnet/src/operator/numpy/random/np_power_op.h,"(31, 10)-(31, 18)",b'#include <vector>\n'
mxnet,../repos/mxnet/src/operator/numpy/random/np_power_op.h,"(33, 10)-(33, 25)",b'#include <unordered_map>\n'
mxnet,../repos/mxnet/src/operator/numpy/random/np_location_scale_op.h,"(31, 10)-(31, 18)",b'#include <vector>\n'
mxnet,../repos/mxnet/src/operator/numpy/random/np_location_scale_op.h,"(33, 10)-(33, 25)",b'#include <unordered_map>\n'
mxnet,../repos/mxnet/src/operator/numpy/random/np_uniform_op.h,"(30, 10)-(30, 18)",b'#include <vector>\n'
mxnet,../repos/mxnet/src/operator/numpy/random/np_pareto_op.h,"(31, 10)-(31, 18)",b'#include <vector>\n'
mxnet,../repos/mxnet/src/operator/numpy/random/np_pareto_op.h,"(33, 10)-(33, 25)",b'#include <unordered_map>\n'
mxnet,../repos/mxnet/src/operator/numpy/np_window_op.h,"(29, 10)-(29, 18)",b'#include <vector>\n'
mxnet,../repos/mxnet/src/operator/numpy/np_insert_op_tensor.cc,"(25, 10)-(25, 18)",b'#include <vector>\n'
mxnet,../repos/mxnet/src/operator/numpy/np_unique_op.h,"(29, 10)-(29, 18)",b'#include <vector>\n'
mxnet,../repos/mxnet/src/operator/numpy/np_unique_op.h,"(31, 10)-(31, 15)",b'#include <set>\n'
mxnet,../repos/mxnet/src/operator/numpy/np_einsum_op-inl.h,"(47, 10)-(47, 18)",b'#include <vector>\n'
mxnet,../repos/mxnet/src/operator/numpy/np_insert_op_slice-inl.h,"(27, 10)-(27, 18)",b'#include <vector>\n'
mxnet,../repos/mxnet/src/operator/numpy/np_insert_op_tensor-inl.h,"(27, 10)-(27, 18)",b'#include <vector>\n'
mxnet,../repos/mxnet/src/operator/numpy/np_insert_op-inl.h,"(28, 10)-(28, 18)",b'#include <vector>\n'
mxnet,../repos/mxnet/src/operator/numpy/np_percentile_op-inl.h,"(26, 10)-(26, 18)",b'#include <vector>\n'
mxnet,../repos/mxnet/src/operator/numpy/np_constraint_check.h,"(30, 10)-(30, 18)",b'#include <vector>\n'
mxnet,../repos/mxnet/src/operator/numpy/np_pad_op-inl.h,"(28, 10)-(28, 18)",b'#include <vector>\n'
mxnet,../repos/mxnet/src/operator/numpy/np_diff-inl.h,"(30, 10)-(30, 18)",b'#include <vector>\n'
mxnet,../repos/mxnet/src/operator/numpy/np_cross-inl.h,"(29, 10)-(29, 18)",b'#include <vector>\n'
mxnet,../repos/mxnet/src/operator/numpy/np_broadcast_reduce_op.h,"(28, 10)-(28, 18)",b'#include <vector>\n'
mxnet,../repos/mxnet/src/operator/numpy/np_memory_op.h,"(29, 10)-(29, 18)",b'#include <vector>\n'
mxnet,../repos/mxnet/src/operator/numpy/np_interp_op-inl.h,"(26, 10)-(26, 18)",b'#include <vector>\n'
mxnet,../repos/mxnet/src/operator/numpy/np_interp_op-inl.h,"(28, 10)-(28, 25)",b'#include <unordered_map>\n'
mxnet,../repos/mxnet/src/operator/numpy/np_indexing_op.h,"(27, 10)-(27, 18)",b'#include <vector>\n'
mxnet,../repos/mxnet/src/operator/cudnn_lrn-inl.h,"(28, 10)-(28, 18)",b'#include <vector>\n'
mxnet,../repos/mxnet/src/operator/tvmop/op_module.cc,"(30, 10)-(30, 18)",b'#include <vector>\n'
mxnet,../repos/mxnet/src/operator/tvmop/op_module.h,"(33, 10)-(33, 18)",b'#include <vector>\n'
mxnet,../repos/mxnet/src/operator/tvmop/op_module.h,"(34, 10)-(34, 15)",b'#include <map>\n'
mxnet,../repos/mxnet/src/operator/operator_tune-inl.h,"(30, 10)-(30, 18)",b'#include <vector>\n'
mxnet,../repos/mxnet/src/operator/operator_tune-inl.h,"(32, 10)-(32, 16)",b'#include <list>\n'
mxnet,../repos/mxnet/src/operator/operator_tune-inl.h,"(34, 10)-(34, 25)",b'#include <unordered_set>\n'
mxnet,../repos/mxnet/src/operator/subgraph/partitioner/custom_subgraph_property.h,"(37, 10)-(37, 18)",b'#include <vector>\n'
mxnet,../repos/mxnet/src/operator/subgraph/partitioner/custom_subgraph_property.h,"(38, 10)-(38, 15)",b'#include <map>\n'
mxnet,../repos/mxnet/src/operator/subgraph/subgraph_property.h,"(28, 10)-(28, 25)",b'#include <unordered_map>\n'
mxnet,../repos/mxnet/src/operator/subgraph/subgraph_property.h,"(29, 10)-(29, 18)",b'#include <vector>\n'
mxnet,../repos/mxnet/src/operator/subgraph/dnnl/dnnl_post_quantize_align_scale_property.h,"(26, 10)-(26, 18)",b'#include <vector>\n'
mxnet,../repos/mxnet/src/operator/subgraph/dnnl/dnnl_post_quantize_property.h,"(25, 10)-(25, 15)",b'#include <set>\n'
mxnet,../repos/mxnet/src/operator/subgraph/dnnl/dnnl_post_quantize_property.h,"(27, 10)-(27, 18)",b'#include <vector>\n'
mxnet,../repos/mxnet/src/operator/subgraph/dnnl/dnnl_fc_sum_fuse_property.h,"(35, 10)-(35, 25)",b'#include <unordered_set>\n'
mxnet,../repos/mxnet/src/operator/subgraph/dnnl/dnnl_fc_sum_fuse_property.h,"(37, 10)-(37, 18)",b'#include <vector>\n'
mxnet,../repos/mxnet/src/operator/subgraph/dnnl/dnnl_fc.cc,"(30, 10)-(30, 25)",b'#include <unordered_map>\n'
mxnet,../repos/mxnet/src/operator/subgraph/dnnl/dnnl_fc.cc,"(31, 10)-(31, 25)",b'#include <unordered_set>\n'
mxnet,../repos/mxnet/src/operator/subgraph/dnnl/dnnl_fc.cc,"(33, 10)-(33, 18)",b'#include <vector>\n'
mxnet,../repos/mxnet/src/operator/subgraph/dnnl/dnnl_conv_property.h,"(26, 10)-(26, 18)",b'#include <vector>\n'
mxnet,../repos/mxnet/src/operator/subgraph/dnnl/dnnl_transformer.cc,"(24, 10)-(24, 18)",b'#include <vector>\n'
mxnet,../repos/mxnet/src/operator/subgraph/dnnl/dnnl_remove_casts_property.h,"(35, 10)-(35, 15)",b'#include <map>\n'
mxnet,../repos/mxnet/src/operator/subgraph/dnnl/dnnl_remove_casts_property.h,"(37, 10)-(37, 18)",b'#include <vector>\n'
mxnet,../repos/mxnet/src/operator/subgraph/dnnl/dnnl_identity_property.h,"(29, 10)-(29, 15)",b'#include <map>\n'
mxnet,../repos/mxnet/src/operator/subgraph/dnnl/dnnl_identity_property.h,"(31, 10)-(31, 18)",b'#include <vector>\n'
mxnet,../repos/mxnet/src/operator/subgraph/dnnl/dnnl_conv.cc,"(24, 10)-(24, 18)",b'#include <vector>\n'
mxnet,../repos/mxnet/src/operator/subgraph/dnnl/dnnl_conv-inl.h,"(27, 10)-(27, 18)",b'#include <vector>\n'
mxnet,../repos/mxnet/src/operator/subgraph/dnnl/dnnl_pow_mul_scalar_property.h,"(29, 10)-(29, 15)",b'#include <map>\n'
mxnet,../repos/mxnet/src/operator/subgraph/dnnl/dnnl_pow_mul_scalar_property.h,"(31, 10)-(31, 18)",b'#include <vector>\n'
mxnet,../repos/mxnet/src/operator/subgraph/dnnl/dnnl_batch_dot.cc,"(29, 10)-(29, 18)",b'#include <vector>\n'
mxnet,../repos/mxnet/src/operator/subgraph/dnnl/dnnl_bn_relu_property.h,"(26, 10)-(26, 18)",b'#include <vector>\n'
mxnet,../repos/mxnet/src/operator/subgraph/dnnl/dnnl_post_amp_property.h,"(23, 10)-(23, 15)",b'#include <set>\n'
mxnet,../repos/mxnet/src/operator/subgraph/dnnl/dnnl_post_amp_property.h,"(25, 10)-(25, 18)",b'#include <vector>\n'
mxnet,../repos/mxnet/src/operator/subgraph/dnnl/dnnl_transformer_valatt_property.h,"(25, 10)-(25, 15)",b'#include <map>\n'
mxnet,../repos/mxnet/src/operator/subgraph/dnnl/dnnl_transformer_valatt_property.h,"(27, 10)-(27, 18)",b'#include <vector>\n'
mxnet,../repos/mxnet/src/operator/subgraph/dnnl/dnnl_fc_property.h,"(32, 10)-(32, 18)",b'#include <vector>\n'
mxnet,../repos/mxnet/src/operator/subgraph/dnnl/dnnl_transformer_qk_property.h,"(26, 10)-(26, 18)",b'#include <vector>\n'
mxnet,../repos/mxnet/src/operator/subgraph/dnnl/dnnl_fc-inl.h,"(27, 10)-(27, 18)",b'#include <vector>\n'
mxnet,../repos/mxnet/src/operator/subgraph/dnnl/dnnl_batch_dot_property.h,"(26, 10)-(26, 18)",b'#include <vector>\n'
mxnet,../repos/mxnet/src/operator/subgraph/dnnl/dnnl_transformer_qk_common.h,"(26, 10)-(26, 18)",b'#include <vector>\n'
mxnet,../repos/mxnet/src/operator/subgraph/dnnl/dnnl_common.h,"(31, 10)-(31, 18)",b'#include <vector>\n'
mxnet,../repos/mxnet/src/operator/subgraph/dnnl/dnnl_pow_mul_scalar.cc,"(29, 10)-(29, 18)",b'#include <vector>\n'
mxnet,../repos/mxnet/src/operator/subgraph/common.h,"(24, 10)-(24, 15)",b'#include <set>\n'
mxnet,../repos/mxnet/src/operator/subgraph/common.h,"(25, 10)-(25, 18)",b'#include <vector>\n'
mxnet,../repos/mxnet/src/operator/subgraph/build_subgraph.cc,"(26, 10)-(26, 25)",b'#include <unordered_set>\n'
mxnet,../repos/mxnet/src/operator/subgraph/build_subgraph.cc,"(27, 10)-(27, 17)",b'#include <stack>\n'
mxnet,../repos/mxnet/src/operator/subgraph/build_subgraph.cc,"(28, 10)-(28, 17)",b'#include <queue>\n'
mxnet,../repos/mxnet/src/operator/subgraph/tensorrt/nnvm_to_onnx-inl.h,"(36, 10)-(36, 25)",b'#include <unordered_map>\n'
mxnet,../repos/mxnet/src/operator/subgraph/tensorrt/nnvm_to_onnx-inl.h,"(37, 10)-(37, 18)",b'#include <vector>\n'
mxnet,../repos/mxnet/src/operator/subgraph/tensorrt/tensorrt-inl.h,"(35, 10)-(35, 18)",b'#include <vector>\n'
mxnet,../repos/mxnet/src/operator/regression_output-inl.h,"(28, 10)-(28, 18)",b'#include <vector>\n'
mxnet,../repos/mxnet/src/operator/bilinear_sampler-inl.h,"(31, 10)-(31, 18)",b'#include <vector>\n'
mxnet,../repos/mxnet/src/operator/bilinear_sampler-inl.h,"(32, 10)-(32, 15)",b'#include <map>\n'
mxnet,../repos/mxnet/src/operator/crop-inl.h,"(31, 10)-(31, 15)",b'#include <map>\n'
mxnet,../repos/mxnet/src/operator/crop-inl.h,"(33, 10)-(33, 18)",b'#include <vector>\n'
mxnet,../repos/mxnet/src/operator/rnn-inl.h,"(34, 10)-(34, 15)",b'#include <map>\n'
mxnet,../repos/mxnet/src/operator/rnn-inl.h,"(35, 10)-(35, 18)",b'#include <vector>\n'
mxnet,../repos/mxnet/src/operator/spatial_transformer-inl.h,"(33, 10)-(33, 15)",b'#include <map>\n'
mxnet,../repos/mxnet/src/operator/spatial_transformer-inl.h,"(34, 10)-(34, 18)",b'#include <vector>\n'
mxnet,../repos/mxnet/src/operator/pad-inl.h,"(33, 10)-(33, 15)",b'#include <map>\n'
mxnet,../repos/mxnet/src/operator/pad-inl.h,"(34, 10)-(34, 18)",b'#include <vector>\n'
mxnet,../repos/mxnet/src/operator/slice_channel-inl.h,"(32, 10)-(32, 15)",b'#include <map>\n'
mxnet,../repos/mxnet/src/operator/slice_channel-inl.h,"(33, 10)-(33, 18)",b'#include <vector>\n'
mxnet,../repos/mxnet/src/operator/operator_common.h,"(39, 10)-(39, 18)",b'#include <vector>\n'
mxnet,../repos/mxnet/src/operator/correlation-inl.h,"(30, 10)-(30, 15)",b'#include <map>\n'
mxnet,../repos/mxnet/src/operator/correlation-inl.h,"(31, 10)-(31, 18)",b'#include <vector>\n'
mxnet,../repos/mxnet/src/operator/subgraph_op_common.h,"(26, 10)-(26, 18)",b'#include <vector>\n'
mxnet,../repos/mxnet/src/io/iter_prefetcher.h,"(37, 10)-(37, 18)",b'#include <vector>\n'
mxnet,../repos/mxnet/src/io/iter_prefetcher.h,"(38, 10)-(38, 17)",b'#include <queue>\n'
mxnet,../repos/mxnet/src/io/image_aug_default.cc,"(29, 10)-(29, 18)",b'#include <vector>\n'
mxnet,../repos/mxnet/src/io/image_augmenter.h,"(31, 10)-(31, 18)",b'#include <vector>   // NOLINT(*)\n'
mxnet,../repos/mxnet/src/io/iter_image_det_recordio.cc,"(35, 10)-(35, 25)",b'#include <unordered_map>\n'
mxnet,../repos/mxnet/src/io/iter_image_det_recordio.cc,"(36, 10)-(36, 18)",b'#include <vector>\n'
mxnet,../repos/mxnet/src/io/iter_sparse_prefetcher.h,"(37, 10)-(37, 18)",b'#include <vector>\n'
mxnet,../repos/mxnet/src/io/iter_sparse_prefetcher.h,"(38, 10)-(38, 17)",b'#include <queue>\n'
mxnet,../repos/mxnet/src/io/iter_image_recordio.cc,"(35, 10)-(35, 25)",b'#include <unordered_map>\n'
mxnet,../repos/mxnet/src/io/iter_image_recordio.cc,"(36, 10)-(36, 18)",b'#include <vector>\n'
mxnet,../repos/mxnet/src/io/dataset.cc,"(33, 10)-(33, 18)",b'#include <vector>\n'
mxnet,../repos/mxnet/src/io/iter_batchloader.h,"(32, 10)-(32, 18)",b'#include <vector>\n'
mxnet,../repos/mxnet/src/io/iter_mnist.cc,"(30, 10)-(30, 18)",b'#include <vector>\n'
mxnet,../repos/mxnet/src/io/iter_mnist.cc,"(32, 10)-(32, 15)",b'#include <map>\n'
mxnet,../repos/mxnet/src/io/iter_normalize.h,"(36, 10)-(36, 18)",b'#include <vector>\n'
mxnet,../repos/mxnet/src/io/image_det_aug_default.cc,"(28, 10)-(28, 18)",b'#include <vector>\n'
mxnet,../repos/mxnet/src/io/batchify.cc,"(31, 10)-(31, 17)",b'#include <stack>\n'
mxnet,../repos/mxnet/src/io/image_iter_common.h,"(29, 10)-(29, 18)",b'#include <vector>\n'
mxnet,../repos/mxnet/src/io/image_iter_common.h,"(30, 10)-(30, 25)",b'#include <unordered_map>\n'
mxnet,../repos/mxnet/src/io/inst_vector.h,"(34, 10)-(34, 18)",b'#include <vector>\n'
mxnet,../repos/mxnet/src/io/iter_sparse_batchloader.h,"(32, 10)-(32, 18)",b'#include <vector>\n'
mxnet,../repos/mxnet/src/api/operator/utils.h,"(29, 10)-(29, 18)",b'#include <vector>\n'
mxnet,../repos/mxnet/src/api/operator/random/np_normal_op.cc,"(26, 10)-(26, 18)",b'#include <vector>\n'
mxnet,../repos/mxnet/src/api/operator/random/np_gamma_op.cc,"(26, 10)-(26, 18)",b'#include <vector>\n'
mxnet,../repos/mxnet/src/api/operator/random/np_uniform_op.cc,"(26, 10)-(26, 18)",b'#include <vector>\n'
mxnet,../repos/mxnet/src/api/operator/random/np_randint_op.cc,"(26, 10)-(26, 18)",b'#include <vector>\n'
mxnet,../repos/mxnet/src/api/operator/numpy/np_matrix_op.cc,"(26, 10)-(26, 18)",b'#include <vector>\n'
mxnet,../repos/mxnet/src/api/operator/numpy/np_unique_op.cc,"(26, 10)-(26, 18)",b'#include <vector>\n'
mxnet,../repos/mxnet/src/api/operator/numpy/np_delete_op.cc,"(26, 10)-(26, 18)",b'#include <vector>\n'
mxnet,../repos/mxnet/src/api/operator/numpy/random/np_multinomial_op.cc,"(26, 10)-(26, 18)",b'#include <vector>\n'
mxnet,../repos/mxnet/src/api/operator/numpy/random/np_location_scale_op.cc,"(26, 10)-(26, 18)",b'#include <vector>\n'
mxnet,../repos/mxnet/src/api/operator/numpy/np_einsum_op.cc,"(26, 10)-(26, 18)",b'#include <vector>\n'
mxnet,../repos/mxnet/src/api/operator/numpy/np_insert_op.cc,"(29, 10)-(29, 18)",b'#include <vector>\n'
mxnet,../repos/mxnet/src/kvstore/kvstore_nccl.h,"(31, 10)-(31, 25)",b'#include <unordered_map>\n'
mxnet,../repos/mxnet/src/kvstore/kvstore_nccl.h,"(33, 10)-(33, 18)",b'#include <vector>\n'
mxnet,../repos/mxnet/src/kvstore/gpu_topology.h,"(27, 10)-(27, 18)",b'#include <vector>\n'
mxnet,../repos/mxnet/src/kvstore/gpu_topology.h,"(32, 10)-(32, 17)",b'#include <stack>\n'
mxnet,../repos/mxnet/src/kvstore/gpu_topology.h,"(33, 10)-(33, 17)",b'#include <queue>\n'
mxnet,../repos/mxnet/src/kvstore/gpu_topology.h,"(35, 10)-(35, 25)",b'#include <unordered_set>\n'
mxnet,../repos/mxnet/src/kvstore/gpu_topology.h,"(36, 10)-(36, 25)",b'#include <unordered_map>\n'
mxnet,../repos/mxnet/src/kvstore/comm_tree.h,"(27, 10)-(27, 18)",b'#include <vector>\n'
mxnet,../repos/mxnet/src/kvstore/comm_tree.h,"(30, 10)-(30, 15)",b'#include <map>\n'
mxnet,../repos/mxnet/src/kvstore/gradient_compression.cc,"(26, 10)-(26, 18)",b'#include <vector>\n'
mxnet,../repos/mxnet/src/kvstore/gradient_compression.h,"(31, 10)-(31, 18)",b'#include <vector>\n'
mxnet,../repos/mxnet/src/kvstore/p3store_dist.h,"(27, 10)-(27, 18)",b'#include <vector>\n'
mxnet,../repos/mxnet/src/kvstore/kvstore_utils.h,"(31, 10)-(31, 18)",b'#include <vector>\n'
mxnet,../repos/mxnet/src/kvstore/kvstore_dist.h,"(27, 10)-(27, 18)",b'#include <vector>\n'
mxnet,../repos/mxnet/src/kvstore/gradient_compression-inl.h,"(28, 10)-(28, 18)",b'#include <vector>\n'
mxnet,../repos/mxnet/src/kvstore/kvstore_local.h,"(28, 10)-(28, 25)",b'#include <unordered_map>\n'
mxnet,../repos/mxnet/src/kvstore/kvstore_local.h,"(30, 10)-(30, 18)",b'#include <vector>\n'
mxnet,../repos/mxnet/src/kvstore/kvstore_dist_server.h,"(29, 10)-(29, 17)",b'#include <queue>\n'
mxnet,../repos/mxnet/src/kvstore/kvstore_dist_server.h,"(36, 10)-(36, 18)",b'#include <vector>\n'
mxnet,../repos/mxnet/src/kvstore/comm.h,"(27, 10)-(27, 18)",b'#include <vector>\n'
mxnet,../repos/mxnet/src/optimizer/sgd-inl.h,"(32, 10)-(32, 18)",b'#include <vector>\n'
mxnet,../repos/mxnet/src/optimizer/sgd-inl.h,"(33, 10)-(33, 15)",b'#include <map>\n'
mxnet,../repos/mxnet/src/initialize.h,"(26, 10)-(26, 15)",b'#include <map>\n'
mxnet,../repos/mxnet/src/engine/stream_manager.h,"(26, 10)-(26, 17)",b'#include <array>\n'
mxnet,../repos/mxnet/src/engine/naive_engine.cc,"(28, 10)-(28, 18)",b'#include <vector>\n'
mxnet,../repos/mxnet/src/engine/thread_pool.h,"(26, 10)-(26, 18)",b'#include <vector>\n'
mxnet,../repos/mxnet/src/engine/thread_pool.h,"(27, 10)-(27, 16)",b'#include <list>\n'
mxnet,../repos/mxnet/src/engine/threaded_engine.h,"(33, 10)-(33, 18)",b'#include <vector>\n'
mxnet,../repos/mxnet/example/extensions/lib_external_ops/min_ex-inl.h,"(29, 10)-(29, 18)",b'#include <vector>\n'
mxnet,../repos/mxnet/include/mxnet/tuple.h,"(26, 10)-(26, 18)",b'#include <vector>\n'
mxnet,../repos/mxnet/include/mxnet/runtime/packed_func.h,"(44, 10)-(44, 18)",b'#include <vector>\n'
mxnet,../repos/mxnet/include/mxnet/runtime/registry.h,"(48, 10)-(48, 18)",b'#include <vector>\n'
mxnet,../repos/mxnet/include/mxnet/runtime/container.h,"(34, 10)-(34, 18)",b'#include <vector>\n'
mxnet,../repos/mxnet/include/mxnet/runtime/container_ext.h,"(36, 10)-(36, 18)",b'#include <vector>\n'
mxnet,../repos/mxnet/include/mxnet/runtime/container_ext.h,"(37, 10)-(37, 25)",b'#include <unordered_map>\n'
mxnet,../repos/mxnet/include/mxnet/libinfo.h,"(29, 10)-(29, 18)",b'#include <vector>\n'
mxnet,../repos/mxnet/include/mxnet/libinfo.h,"(30, 10)-(30, 17)",b'#include <array>\n'
mxnet,../repos/mxnet/include/mxnet/engine.h,"(33, 10)-(33, 18)",b'#include <vector>\n'
mxnet,../repos/mxnet/include/mxnet/executor.h,"(29, 10)-(29, 18)",b'#include <vector>\n'
mxnet,../repos/mxnet/include/mxnet/executor.h,"(31, 10)-(31, 15)",b'#include <map>\n'
mxnet,../repos/mxnet/include/mxnet/operator.h,"(33, 10)-(33, 18)",b'#include <vector>\n'
mxnet,../repos/mxnet/include/mxnet/operator.h,"(34, 10)-(34, 15)",b'#include <map>\n'
mxnet,../repos/mxnet/include/mxnet/rtc.h,"(27, 10)-(27, 18)",b'#include <vector>\n'
mxnet,../repos/mxnet/include/mxnet/rtc.h,"(31, 10)-(31, 25)",b'#include <unordered_map>\n'
mxnet,../repos/mxnet/include/mxnet/rtc.h,"(32, 10)-(32, 25)",b'#include <unordered_set>\n'
mxnet,../repos/mxnet/include/mxnet/imperative.h,"(29, 10)-(29, 18)",b'#include <vector>\n'
mxnet,../repos/mxnet/include/mxnet/imperative.h,"(33, 10)-(33, 25)",b'#include <unordered_map>\n'
mxnet,../repos/mxnet/include/mxnet/op_attr_types.h,"(31, 10)-(31, 18)",b'#include <vector>\n'
mxnet,../repos/mxnet/include/mxnet/storage.h,"(29, 10)-(29, 18)",b'#include <vector>\n'
mxnet,../repos/mxnet/include/mxnet/tensor_blob.h,"(33, 10)-(33, 18)",b'#include <vector>\n'
mxnet,../repos/mxnet/include/mxnet/operator_util.h,"(38, 10)-(38, 15)",b'#include <map>\n'
mxnet,../repos/mxnet/include/mxnet/operator_util.h,"(39, 10)-(39, 18)",b'#include <vector>\n'
mxnet,../repos/mxnet/include/mxnet/ndarray.h,"(35, 10)-(35, 15)",b'#include <map>\n'
mxnet,../repos/mxnet/include/mxnet/ndarray.h,"(38, 10)-(38, 18)",b'#include <vector>\n'
mxnet,../repos/mxnet/include/mxnet/node/node.h,"(43, 10)-(43, 18)",b'#include <vector>\n'
mxnet,../repos/mxnet/include/mxnet/node/container.h,"(30, 10)-(30, 18)",b'#include <vector>\n'
mxnet,../repos/mxnet/include/mxnet/node/container.h,"(32, 10)-(32, 25)",b'#include <unordered_map>\n'
mxnet,../repos/mxnet/include/mxnet/io.h,"(27, 10)-(27, 18)",b'#include <vector>\n'
mxnet,../repos/mxnet/include/mxnet/io.h,"(30, 10)-(30, 17)",b'#include <queue>\n'
mxnet,../repos/mxnet/include/mxnet/graph_attr_types.h,"(28, 10)-(28, 18)",b'#include <vector>\n'
mxnet,../repos/mxnet/include/mxnet/lib_api.h,"(37, 10)-(37, 18)",b'#include <vector>\n'
mxnet,../repos/mxnet/include/mxnet/lib_api.h,"(38, 10)-(38, 15)",b'#include <map>\n'
mxnet,../repos/mxnet/include/mxnet/lib_api.h,"(39, 10)-(39, 25)",b'#include <unordered_set>\n'
mxnet,../repos/mxnet/include/mxnet/lib_api.h,"(40, 10)-(40, 25)",b'#include <unordered_map>\n'
mxnet,../repos/mxnet/include/mxnet/kvstore.h,"(27, 10)-(27, 18)",b'#include <vector>\n'
mxnet,../repos/mxnet/include/mxnet/kvstore.h,"(29, 10)-(29, 25)",b'#include <unordered_map>\n'
mxnet,../repos/mxnet/cpp-package/example/alexnet.cpp,"(23, 10)-(23, 15)",b'#include <map>\n'
mxnet,../repos/mxnet/cpp-package/example/test_regress_label.cpp,"(24, 10)-(24, 18)",b'#include <vector>\n'
mxnet,../repos/mxnet/cpp-package/example/inception_bn.cpp,"(22, 10)-(22, 15)",b'#include <map>\n'
mxnet,../repos/mxnet/cpp-package/example/inception_bn.cpp,"(25, 10)-(25, 18)",b'#include <vector>\n'
mxnet,../repos/mxnet/cpp-package/example/feature_extract/prepare_data_with_opencv.cpp,"(25, 10)-(25, 18)",b'#include <vector>\n'
mxnet,../repos/mxnet/cpp-package/example/feature_extract/feature_extract.cpp,"(24, 10)-(24, 15)",b'#include <map>\n'
mxnet,../repos/mxnet/cpp-package/example/feature_extract/feature_extract.cpp,"(26, 10)-(26, 18)",b'#include <vector>\n'
mxnet,../repos/mxnet/cpp-package/example/test_ndarray_copy.cpp,"(20, 10)-(20, 18)",b'#include <vector>\n'
mxnet,../repos/mxnet/cpp-package/example/mlp.cpp,"(24, 10)-(24, 18)",b'#include <vector>\n'
mxnet,../repos/mxnet/cpp-package/example/lenet.cpp,"(23, 10)-(23, 15)",b'#include <map>\n'
mxnet,../repos/mxnet/cpp-package/example/lenet.cpp,"(25, 10)-(25, 18)",b'#include <vector>\n'
mxnet,../repos/mxnet/cpp-package/example/utils.h,"(25, 10)-(25, 18)",b'#include <vector>\n'
mxnet,../repos/mxnet/cpp-package/example/lenet_with_mxdataiter.cpp,"(22, 10)-(22, 15)",b'#include <map>\n'
mxnet,../repos/mxnet/cpp-package/example/lenet_with_mxdataiter.cpp,"(24, 10)-(24, 18)",b'#include <vector>\n'
mxnet,../repos/mxnet/cpp-package/example/charRNN.cpp,"(38, 10)-(38, 25)",b'#include <unordered_map>\n'
mxnet,../repos/mxnet/cpp-package/example/charRNN.cpp,"(39, 10)-(39, 18)",b'#include <vector>\n'
mxnet,../repos/mxnet/cpp-package/example/inference/imagenet_inference.cpp,"(33, 10)-(33, 15)",b'#include <map>\n'
mxnet,../repos/mxnet/cpp-package/example/inference/imagenet_inference.cpp,"(36, 10)-(36, 18)",b'#include <vector>\n'
mxnet,../repos/mxnet/cpp-package/example/inference/sentiment_analysis_rnn.cpp,"(36, 10)-(36, 15)",b'#include <map>\n'
mxnet,../repos/mxnet/cpp-package/example/inference/sentiment_analysis_rnn.cpp,"(39, 10)-(39, 18)",b'#include <vector>\n'
mxnet,../repos/mxnet/cpp-package/example/resnet.cpp,"(22, 10)-(22, 15)",b'#include <map>\n'
mxnet,../repos/mxnet/cpp-package/example/resnet.cpp,"(25, 10)-(25, 18)",b'#include <vector>\n'
mxnet,../repos/mxnet/cpp-package/example/googlenet.cpp,"(23, 10)-(23, 18)",b'#include <vector>\n'
mxnet,../repos/mxnet/cpp-package/example/googlenet.cpp,"(24, 10)-(24, 15)",b'#include <map>\n'
mxnet,../repos/mxnet/cpp-package/include/mxnet-cpp/executor.hpp,"(29, 10)-(29, 18)",b'#include <vector>\n'
mxnet,../repos/mxnet/cpp-package/include/mxnet-cpp/executor.hpp,"(30, 10)-(30, 15)",b'#include <map>\n'
mxnet,../repos/mxnet/cpp-package/include/mxnet-cpp/metric.h,"(31, 10)-(31, 18)",b'#include <vector>\n'
mxnet,../repos/mxnet/cpp-package/include/mxnet-cpp/initializer.h,"(31, 10)-(31, 18)",b'#include <vector>\n'
mxnet,../repos/mxnet/cpp-package/include/mxnet-cpp/contrib.h,"(30, 10)-(30, 15)",b'#include <map>\n'
mxnet,../repos/mxnet/cpp-package/include/mxnet-cpp/contrib.h,"(31, 10)-(31, 18)",b'#include <vector>\n'
mxnet,../repos/mxnet/cpp-package/include/mxnet-cpp/kvstore.hpp,"(27, 10)-(27, 15)",b'#include <map>\n'
mxnet,../repos/mxnet/cpp-package/include/mxnet-cpp/kvstore.hpp,"(30, 10)-(30, 18)",b'#include <vector>\n'
mxnet,../repos/mxnet/cpp-package/include/mxnet-cpp/executor.h,"(29, 10)-(29, 18)",b'#include <vector>\n'
mxnet,../repos/mxnet/cpp-package/include/mxnet-cpp/executor.h,"(30, 10)-(30, 15)",b'#include <map>\n'
mxnet,../repos/mxnet/cpp-package/include/mxnet-cpp/executor.h,"(31, 10)-(31, 15)",b'#include <set>\n'
mxnet,../repos/mxnet/cpp-package/include/mxnet-cpp/operator.h,"(29, 10)-(29, 15)",b'#include <map>\n'
mxnet,../repos/mxnet/cpp-package/include/mxnet-cpp/operator.h,"(31, 10)-(31, 18)",b'#include <vector>\n'
mxnet,../repos/mxnet/cpp-package/include/mxnet-cpp/io.hpp,"(29, 10)-(29, 18)",b'#include <vector>\n'
mxnet,../repos/mxnet/cpp-package/include/mxnet-cpp/shape.h,"(32, 10)-(32, 18)",b'#include <vector>\n'
mxnet,../repos/mxnet/cpp-package/include/mxnet-cpp/optimizer.h,"(30, 10)-(30, 15)",b'#include <map>\n'
mxnet,../repos/mxnet/cpp-package/include/mxnet-cpp/optimizer.h,"(31, 10)-(31, 18)",b'#include <vector>\n'
mxnet,../repos/mxnet/cpp-package/include/mxnet-cpp/operator.hpp,"(31, 10)-(31, 18)",b'#include <vector>\n'
mxnet,../repos/mxnet/cpp-package/include/mxnet-cpp/op_map.h,"(29, 10)-(29, 15)",b'#include <map>\n'
mxnet,../repos/mxnet/cpp-package/include/mxnet-cpp/symbol.h,"(29, 10)-(29, 15)",b'#include <map>\n'
mxnet,../repos/mxnet/cpp-package/include/mxnet-cpp/symbol.h,"(31, 10)-(31, 18)",b'#include <vector>\n'
mxnet,../repos/mxnet/cpp-package/include/mxnet-cpp/ndarray.h,"(29, 10)-(29, 15)",b'#include <map>\n'
mxnet,../repos/mxnet/cpp-package/include/mxnet-cpp/ndarray.h,"(32, 10)-(32, 18)",b'#include <vector>\n'
mxnet,../repos/mxnet/cpp-package/include/mxnet-cpp/io.h,"(28, 10)-(28, 15)",b'#include <map>\n'
mxnet,../repos/mxnet/cpp-package/include/mxnet-cpp/io.h,"(30, 10)-(30, 18)",b'#include <vector>\n'
mxnet,../repos/mxnet/cpp-package/include/mxnet-cpp/ndarray.hpp,"(30, 10)-(30, 15)",b'#include <map>\n'
mxnet,../repos/mxnet/cpp-package/include/mxnet-cpp/ndarray.hpp,"(32, 10)-(32, 18)",b'#include <vector>\n'
mxnet,../repos/mxnet/cpp-package/include/mxnet-cpp/model.h,"(30, 10)-(30, 18)",b'#include <vector>\n'
mxnet,../repos/mxnet/cpp-package/include/mxnet-cpp/symbol.hpp,"(29, 10)-(29, 15)",b'#include <map>\n'
mxnet,../repos/mxnet/cpp-package/include/mxnet-cpp/symbol.hpp,"(32, 10)-(32, 18)",b'#include <vector>\n'
mxnet,../repos/mxnet/cpp-package/include/mxnet-cpp/op_suppl.h,"(31, 10)-(31, 18)",b'#include <vector>\n'
mxnet,../repos/mxnet/cpp-package/include/mxnet-cpp/optimizer.hpp,"(33, 10)-(33, 15)",b'#include <map>\n'
mxnet,../repos/mxnet/cpp-package/include/mxnet-cpp/optimizer.hpp,"(36, 10)-(36, 18)",b'#include <vector>\n'
mxnet,../repos/mxnet/cpp-package/include/mxnet-cpp/kvstore.h,"(30, 10)-(30, 18)",b'#include <vector>\n'
mxnet,../repos/mxnet/plugin/warpctc/warpctc-inl.h,"(34, 10)-(34, 15)",b'#include <map>\n'
mxnet,../repos/mxnet/plugin/warpctc/warpctc-inl.h,"(36, 10)-(36, 18)",b'#include <vector>\n'
mxnet,../repos/mxnet/plugin/torch/torch_criterion-inl.h,"(33, 10)-(33, 15)",b'#include <map>\n'
mxnet,../repos/mxnet/plugin/torch/torch_criterion-inl.h,"(35, 10)-(35, 18)",b'#include <vector>\n'
mxnet,../repos/mxnet/plugin/torch/torch_function.h,"(33, 10)-(33, 15)",b'#include <map>\n'
mxnet,../repos/mxnet/plugin/torch/torch_function.h,"(35, 10)-(35, 18)",b'#include <vector>\n'
mxnet,../repos/mxnet/plugin/torch/torch_module-inl.h,"(33, 10)-(33, 15)",b'#include <map>\n'
mxnet,../repos/mxnet/plugin/torch/torch_module-inl.h,"(35, 10)-(35, 18)",b'#include <vector>\n'
mxnet,../repos/mxnet/plugin/torch/torch_base.h,"(45, 10)-(45, 18)",b'#include <vector>\n'
mxnet,../repos/mxnet/tests/cpp/include/test_legacy_op.h,"(41, 10)-(41, 16)",b'#include <list>\n'
mxnet,../repos/mxnet/tests/cpp/include/test_legacy_op.h,"(44, 10)-(44, 15)",b'#include <map>\n'
mxnet,../repos/mxnet/tests/cpp/include/test_legacy_op.h,"(45, 10)-(45, 18)",b'#include <vector>\n'
mxnet,../repos/mxnet/tests/cpp/include/test_legacy_op.h,"(46, 10)-(46, 16)",b'#include <list>\n'
mxnet,../repos/mxnet/tests/cpp/include/test_op_runner.h,"(29, 10)-(29, 18)",b'#include <vector>\n'
mxnet,../repos/mxnet/tests/cpp/include/test_tune.h,"(39, 10)-(39, 25)",b'#include <unordered_set>\n'
mxnet,../repos/mxnet/tests/cpp/include/test_tune.h,"(40, 10)-(40, 25)",b'#include <unordered_map>\n'
mxnet,../repos/mxnet/tests/cpp/include/test_tune.h,"(42, 10)-(42, 18)",b'#include <vector>\n'
mxnet,../repos/mxnet/tests/cpp/include/test_tune.h,"(46, 10)-(46, 15)",b'#include <map>\n'
mxnet,../repos/mxnet/tests/cpp/include/test_ndarray_utils.h,"(28, 10)-(28, 18)",b'#include <vector>\n'
mxnet,../repos/mxnet/tests/cpp/include/test_ndarray_utils.h,"(31, 10)-(31, 15)",b'#include <map>\n'
mxnet,../repos/mxnet/tests/cpp/include/test_perf.h,"(38, 10)-(38, 25)",b'#include <unordered_set>\n'
mxnet,../repos/mxnet/tests/cpp/include/test_perf.h,"(39, 10)-(39, 25)",b'#include <unordered_map>\n'
mxnet,../repos/mxnet/tests/cpp/include/test_perf.h,"(42, 10)-(42, 15)",b'#include <map>\n'
mxnet,../repos/mxnet/tests/cpp/include/test_dnnl.h,"(31, 10)-(31, 15)",b'#include <set>\n'
mxnet,../repos/mxnet/tests/cpp/include/test_dnnl.h,"(33, 10)-(33, 18)",b'#include <vector>\n'
mxnet,../repos/mxnet/tests/cpp/include/test_core_op.h,"(23, 10)-(23, 18)",b'#include <vector>\n'
mxnet,../repos/mxnet/tests/cpp/include/test_core_op.h,"(27, 10)-(27, 15)",b'#include <map>\n'
mxnet,../repos/mxnet/tests/cpp/include/test_op.h,"(47, 10)-(47, 15)",b'#include <map>\n'
mxnet,../repos/mxnet/tests/cpp/include/test_op.h,"(48, 10)-(48, 16)",b'#include <list>\n'
mxnet,../repos/mxnet/tests/cpp/include/test_op.h,"(50, 10)-(50, 18)",b'#include <vector>\n'
mxnet,../repos/mxnet/tests/cpp/include/test_util.h,"(32, 10)-(32, 18)",b'#include <vector>\n'
mxnet,../repos/mxnet/tests/cpp/operator/dnnl_operator_test.cc,"(32, 10)-(32, 15)",b'#include <set>\n'
mxnet,../repos/mxnet/tests/cpp/operator/krprod_test.cc,"(25, 10)-(25, 18)",b'#include <vector>\n'
mxnet,../repos/mxnet/tests/cpp/operator/dnnl_test.cc,"(32, 10)-(32, 15)",b'#include <set>\n'
mxnet,../repos/mxnet/tests/cpp/engine/threaded_engine_test.cc,"(36, 10)-(36, 18)",b'#include <vector>\n'
mxnet,../repos/mxnet/tests/cpp/engine/thread_local_test.cc,"(36, 10)-(36, 18)",b'#include <vector>\n'
mxnet,../repos/mxnet/tools/im2rec.cc,"(32, 10)-(32, 18)",b'#include <vector>\n'
mxnet,../repos/mxnet/tools/windowsbuild/gen_warp.cpp,"(25, 10)-(25, 18)",b'#include <vector>\n'
mxnet,../repos/mxnet/tools/windowsbuild/warp_dll.cpp,"(26, 10)-(26, 18)",b'#include <vector>\n'
