Repo name,File name,Location,Content
mxnet,../repos/mxnet/src/operator/mkl_functions-inl.h,"(47, 199)-(47, 201)",b'struct name {                                ...'
mxnet,../repos/mxnet/src/operator/mkl_functions-inl.h,"(47, 484)-(47, 486)",b'struct name {                                ...'
mxnet,../repos/mxnet/src/operator/mkl_functions-inl.h,"(57, 314)-(57, 316)",b'struct name {                                ...'
mxnet,../repos/mxnet/src/operator/mkl_functions-inl.h,"(57, 680)-(57, 682)",b'struct name {                                ...'
mxnet,../repos/mxnet/src/operator/random/multisample_op.cc,"(40, 28)-(40, 30)",b'NNVM_REGISTER_OP(_sample_##distr)            ...'
mxnet,../repos/mxnet/src/operator/random/pdf_op.cc,"(41, 32)-(41, 34)",b'NNVM_REGISTER_OP(_random_pdf_##distr)        ...'
mxnet,../repos/mxnet/src/operator/random/pdf_op.cc,"(63, 34)-(63, 36)",b'NNVM_REGISTER_OP(_backward_pdf_##distr)      ...'
mxnet,../repos/mxnet/src/operator/random/pdf_op.cc,"(63, 1547)-(63, 1549)",b'NNVM_REGISTER_OP(_backward_pdf_##distr)      ...'
mxnet,../repos/mxnet/src/operator/nn/dnnl/dnnl_rnn.cc,"(459, 17)-(459, 19)","b'FUNC(DNNL_ARG_##NAME, {DIMS, get_dnnl_type(DT...'"
mxnet,../repos/mxnet/src/operator/nn/dnnl/dnnl_rnn.cc,"(464, 22)-(464, 24)","b'FUNC(DNNL_ARG_DIFF_##NAME, ARGS.at(DNNL_ARG_#...'"
mxnet,../repos/mxnet/src/operator/nn/dnnl/dnnl_rnn.cc,"(464, 47)-(464, 49)","b'FUNC(DNNL_ARG_DIFF_##NAME, ARGS.at(DNNL_ARG_#...'"
mxnet,../repos/mxnet/src/operator/numpy/np_elemwise_broadcast_logic_op.h,"(220, 25)-(220, 27)",b'NNVM_REGISTER_OP(_npi_##name)                ...'
mxnet,../repos/mxnet/src/operator/numpy/np_elemwise_broadcast_logic_op.h,"(240, 25)-(240, 27)",b'NNVM_REGISTER_OP(_npi_##name)                ...'
mxnet,../repos/mxnet/src/operator/numpy/np_elemwise_broadcast_logic_op.h,"(240, 237)-(240, 239)",b'NNVM_REGISTER_OP(_npi_##name)                ...'
mxnet,../repos/mxnet/src/operator/numpy/np_elemwise_broadcast_logic_op.h,"(240, 250)-(240, 252)",b'NNVM_REGISTER_OP(_npi_##name)                ...'
mxnet,../repos/mxnet/src/operator/numpy/np_elemwise_broadcast_logic_op.h,"(240, 256)-(240, 258)",b'NNVM_REGISTER_OP(_npi_##name)                ...'
mxnet,../repos/mxnet/src/operator/numpy/np_elemwise_broadcast_logic_op.h,"(248, 25)-(248, 27)",b'NNVM_REGISTER_OP(_npi_##name)                ...'
mxnet,../repos/mxnet/src/operator/numpy/np_elemwise_broadcast_logic_op.h,"(248, 178)-(248, 180)",b'NNVM_REGISTER_OP(_npi_##name)                ...'
mxnet,../repos/mxnet/src/operator/numpy/np_elemwise_broadcast_logic_op.h,"(248, 184)-(248, 186)",b'NNVM_REGISTER_OP(_npi_##name)                ...'
mxnet,../repos/mxnet/src/operator/numpy/np_elemwise_broadcast_logic_op.h,"(257, 25)-(257, 27)",b'NNVM_REGISTER_OP(_npi_##name)                ...'
mxnet,../repos/mxnet/src/operator/numpy/np_elemwise_broadcast_logic_op.h,"(257, 195)-(257, 197)",b'NNVM_REGISTER_OP(_npi_##name)                ...'
mxnet,../repos/mxnet/src/operator/numpy/np_elemwise_broadcast_logic_op.h,"(264, 25)-(264, 27)",b'NNVM_REGISTER_OP(_npi_##name)                ...'
mxnet,../repos/mxnet/src/operator/numpy/np_elemwise_broadcast_logic_op.h,"(328, 25)-(328, 27)",b'NNVM_REGISTER_OP(_npi_##name##_scalar)       ...'
mxnet,../repos/mxnet/src/operator/numpy/np_elemwise_broadcast_logic_op.h,"(328, 31)-(328, 33)",b'NNVM_REGISTER_OP(_npi_##name##_scalar)       ...'
mxnet,../repos/mxnet/src/operator/numpy/np_elemwise_broadcast_logic_op.h,"(370, 25)-(370, 27)",b'NNVM_REGISTER_OP(_npi_##name##_scalar)       ...'
mxnet,../repos/mxnet/src/operator/numpy/np_elemwise_broadcast_logic_op.h,"(370, 31)-(370, 33)",b'NNVM_REGISTER_OP(_npi_##name##_scalar)       ...'
mxnet,../repos/mxnet/src/operator/numpy/np_elemwise_broadcast_logic_op.h,"(370, 198)-(370, 200)",b'NNVM_REGISTER_OP(_npi_##name##_scalar)       ...'
mxnet,../repos/mxnet/src/operator/numpy/np_elemwise_broadcast_logic_op.h,"(370, 204)-(370, 206)",b'NNVM_REGISTER_OP(_npi_##name##_scalar)       ...'
mxnet,../repos/mxnet/src/operator/numpy/np_elemwise_broadcast_logic_op.h,"(377, 25)-(377, 27)",b'NNVM_REGISTER_OP(_npi_##name##_scalar)       ...'
mxnet,../repos/mxnet/src/operator/numpy/np_elemwise_broadcast_logic_op.h,"(377, 31)-(377, 33)",b'NNVM_REGISTER_OP(_npi_##name##_scalar)       ...'
mxnet,../repos/mxnet/src/operator/numpy/np_elemwise_broadcast_logic_op.h,"(377, 198)-(377, 200)",b'NNVM_REGISTER_OP(_npi_##name##_scalar)       ...'
mxnet,../repos/mxnet/src/operator/numpy/np_elemwise_broadcast_logic_op.h,"(377, 204)-(377, 206)",b'NNVM_REGISTER_OP(_npi_##name##_scalar)       ...'
mxnet,../repos/mxnet/src/operator/numpy/np_elemwise_broadcast_logic_op.h,"(386, 25)-(386, 27)",b'NNVM_REGISTER_OP(_npi_##name##_scalar)       ...'
mxnet,../repos/mxnet/src/operator/numpy/np_elemwise_broadcast_logic_op.h,"(386, 31)-(386, 33)",b'NNVM_REGISTER_OP(_npi_##name##_scalar)       ...'
mxnet,../repos/mxnet/src/operator/numpy/np_elemwise_broadcast_logic_op.h,"(386, 248)-(386, 250)",b'NNVM_REGISTER_OP(_npi_##name##_scalar)       ...'
mxnet,../repos/mxnet/src/operator/numpy/np_elemwise_broadcast_logic_op.h,"(396, 25)-(396, 27)",b'NNVM_REGISTER_OP(_npi_##name##_scalar)       ...'
mxnet,../repos/mxnet/src/operator/numpy/np_elemwise_broadcast_logic_op.h,"(396, 31)-(396, 33)",b'NNVM_REGISTER_OP(_npi_##name##_scalar)       ...'
mxnet,../repos/mxnet/src/operator/numpy/linalg/np_qr-inl.h,"(92, 810)-(92, 812)",b'template <>                                  ...'
mxnet,../repos/mxnet/src/operator/numpy/linalg/np_qr-inl.h,"(108, 770)-(108, 772)",b'template <>                                  ...'
mxnet,../repos/mxnet/src/operator/numpy/linalg/np_qr-inl.h,"(131, 621)-(131, 623)",b'template <>                                  ...'
mxnet,../repos/mxnet/src/operator/numpy/linalg/np_qr-inl.h,"(131, 629)-(131, 631)",b'template <>                                  ...'
mxnet,../repos/mxnet/src/operator/numpy/linalg/np_qr-inl.h,"(131, 959)-(131, 961)",b'template <>                                  ...'
mxnet,../repos/mxnet/src/operator/numpy/linalg/np_qr-inl.h,"(131, 967)-(131, 969)",b'template <>                                  ...'
mxnet,../repos/mxnet/src/operator/numpy/linalg/np_qr-inl.h,"(156, 1143)-(156, 1145)",b'template <>                                  ...'
mxnet,../repos/mxnet/src/operator/numpy/linalg/np_qr-inl.h,"(186, 1143)-(186, 1145)",b'template <>                                  ...'
mxnet,../repos/mxnet/src/operator/numpy/linalg/np_qr-inl.h,"(229, 839)-(229, 841)",b'template <>                                  ...'
mxnet,../repos/mxnet/src/operator/numpy/linalg/np_qr-inl.h,"(229, 847)-(229, 849)",b'template <>                                  ...'
mxnet,../repos/mxnet/src/operator/numpy/linalg/np_qr-inl.h,"(229, 1199)-(229, 1201)",b'template <>                                  ...'
mxnet,../repos/mxnet/src/operator/numpy/linalg/np_qr-inl.h,"(229, 1207)-(229, 1209)",b'template <>                                  ...'
mxnet,../repos/mxnet/src/operator/numpy/linalg/np_lstsq-inl.h,"(152, 1622)-(152, 1624)",b'template <>                                  ...'
mxnet,../repos/mxnet/src/operator/numpy/linalg/np_lstsq-inl.h,"(190, 1637)-(190, 1639)",b'template <>                                  ...'
mxnet,../repos/mxnet/src/operator/numpy/linalg/np_eigvals-inl.h,"(83, 1142)-(83, 1144)",b'template <>                                  ...'
mxnet,../repos/mxnet/src/operator/numpy/linalg/np_solve-inl.h,"(87, 781)-(87, 783)",b'template <>                                  ...'
mxnet,../repos/mxnet/src/operator/numpy/linalg/np_solve-inl.h,"(111, 573)-(111, 575)",b'template <>                                  ...'
mxnet,../repos/mxnet/src/operator/numpy/linalg/np_solve-inl.h,"(111, 580)-(111, 582)",b'template <>                                  ...'
mxnet,../repos/mxnet/src/operator/numpy/linalg/np_solve-inl.h,"(127, 795)-(127, 797)",b'template <>                                  ...'
mxnet,../repos/mxnet/src/operator/numpy/linalg/np_solve-inl.h,"(148, 987)-(148, 989)",b'template <>                                  ...'
mxnet,../repos/mxnet/src/operator/numpy/linalg/np_pinv-inl.h,"(102, 940)-(102, 942)",b'template <>                                  ...'
mxnet,../repos/mxnet/src/operator/numpy/linalg/np_pinv-inl.h,"(102, 2228)-(102, 2230)",b'template <>                                  ...'
mxnet,../repos/mxnet/src/operator/numpy/linalg/np_pinv-inl.h,"(144, 1038)-(144, 1040)",b'template <>                                  ...'
mxnet,../repos/mxnet/src/operator/numpy/linalg/np_pinv-inl.h,"(144, 2326)-(144, 2328)",b'template <>                                  ...'
mxnet,../repos/mxnet/src/operator/numpy/np_init_op.cc,"(149, 33)-(149, 35)",b'NNVM_REGISTER_OP(_npi_atleast_##N##d)        ...'
mxnet,../repos/mxnet/src/operator/numpy/np_init_op.cc,"(149, 36)-(149, 38)",b'NNVM_REGISTER_OP(_npi_atleast_##N##d)        ...'
mxnet,../repos/mxnet/src/operator/subgraph/subgraph_property.h,"(601, 50)-(601, 52)",b'static const DMLC_ATTRIBUTE_UNUSED auto __mak...'
mxnet,../repos/mxnet/src/operator/subgraph/subgraph_property.h,"(601, 72)-(601, 74)",b'static const DMLC_ATTRIBUTE_UNUSED auto __mak...'
mxnet,../repos/mxnet/src/operator/subgraph/subgraph_property.h,"(601, 75)-(601, 77)",b'static const DMLC_ATTRIBUTE_UNUSED auto __mak...'
mxnet,../repos/mxnet/src/operator/subgraph/subgraph_property.h,"(601, 81)-(601, 83)",b'static const DMLC_ATTRIBUTE_UNUSED auto __mak...'
mxnet,../repos/mxnet/src/operator/subgraph/subgraph_property.h,"(601, 84)-(601, 86)",b'static const DMLC_ATTRIBUTE_UNUSED auto __mak...'
mxnet,../repos/mxnet/src/operator/subgraph/subgraph_property.h,"(601, 87)-(601, 89)",b'static const DMLC_ATTRIBUTE_UNUSED auto __mak...'
mxnet,../repos/mxnet/src/operator/subgraph/subgraph_property.h,"(609, 78)-(609, 80)",b'static const DMLC_ATTRIBUTE_UNUSED auto __mak...'
mxnet,../repos/mxnet/src/operator/subgraph/subgraph_property.h,"(609, 84)-(609, 86)",b'static const DMLC_ATTRIBUTE_UNUSED auto __mak...'
mxnet,../repos/mxnet/src/operator/c_lapack_api.h,"(81, 11)-(81, 13)","b'int func##_(char* uplo, int* n, dtype* a, int...'"
mxnet,../repos/mxnet/src/operator/c_lapack_api.h,"(84, 12)-(84, 14)","b'void func##_(char* uplo, int* n, dtype* a, in...'"
mxnet,../repos/mxnet/src/operator/c_lapack_api.h,"(99, 12)-(99, 14)","b'void func##_(int* m, int* n, dtype* a, int* l...'"
mxnet,../repos/mxnet/src/operator/c_lapack_api.h,"(107, 12)-(107, 14)",b'void func##_(                              \\\n...'
mxnet,../repos/mxnet/src/operator/c_lapack_api.h,"(114, 12)-(114, 14)","b'void func##_(char* jobz,                   \\\n...'"
mxnet,../repos/mxnet/src/operator/c_lapack_api.h,"(130, 12)-(130, 14)","b'void func##_(char* jobu,                   \\\n...'"
mxnet,../repos/mxnet/src/operator/c_lapack_api.h,"(150, 11)-(150, 13)","b'int func##_(int* m, int* n, dtype* a, int* ld...'"
mxnet,../repos/mxnet/src/operator/c_lapack_api.h,"(153, 12)-(153, 14)","b'void func##_(int* m, int* n, dtype* a, int* l...'"
mxnet,../repos/mxnet/src/operator/c_lapack_api.h,"(161, 11)-(161, 13)","b'int func##_(int* n, dtype* a, int* lda, int* ...'"
mxnet,../repos/mxnet/src/operator/c_lapack_api.h,"(164, 12)-(164, 14)","b'void func##_(int* n, dtype* a, int* lda, int*...'"
mxnet,../repos/mxnet/src/operator/c_lapack_api.h,"(172, 11)-(172, 13)","b'int func##_(int* n, int* nrhs, dtype* a, int*...'"
mxnet,../repos/mxnet/src/operator/c_lapack_api.h,"(175, 12)-(175, 14)","b'void func##_(int* n, int* nrhs, dtype* a, int...'"
mxnet,../repos/mxnet/src/operator/c_lapack_api.h,"(183, 11)-(183, 13)","b'int func##_(char* jobz,                    \\\n...'"
mxnet,../repos/mxnet/src/operator/c_lapack_api.h,"(199, 12)-(199, 14)","b'void func##_(char* jobz,                   \\\n...'"
mxnet,../repos/mxnet/src/operator/c_lapack_api.h,"(220, 11)-(220, 13)","b'int func##_(char* jobvl,                  \\\n ...'"
mxnet,../repos/mxnet/src/operator/c_lapack_api.h,"(236, 12)-(236, 14)","b'void func##_(char* jobvl,                 \\\n ...'"
mxnet,../repos/mxnet/src/operator/c_lapack_api.h,"(257, 11)-(257, 13)","b'int func##_(int* m,                        \\\n...'"
mxnet,../repos/mxnet/src/operator/c_lapack_api.h,"(273, 12)-(273, 14)","b'void func##_(int* m,                       \\\n...'"
mxnet,../repos/mxnet/src/operator/c_lapack_api.h,"(351, 27)-(351, 29)",b'inline int MXNET_LAPACK_##prefix##gelqf(int m...'
mxnet,../repos/mxnet/src/operator/c_lapack_api.h,"(351, 35)-(351, 37)",b'inline int MXNET_LAPACK_##prefix##gelqf(int m...'
mxnet,../repos/mxnet/src/operator/c_lapack_api.h,"(351, 688)-(351, 690)",b'inline int MXNET_LAPACK_##prefix##gelqf(int m...'
mxnet,../repos/mxnet/src/operator/c_lapack_api.h,"(351, 696)-(351, 698)",b'inline int MXNET_LAPACK_##prefix##gelqf(int m...'
mxnet,../repos/mxnet/src/operator/c_lapack_api.h,"(369, 27)-(369, 29)",b'inline int MXNET_LAPACK_##prefix##orglq(int m...'
mxnet,../repos/mxnet/src/operator/c_lapack_api.h,"(369, 35)-(369, 37)",b'inline int MXNET_LAPACK_##prefix##orglq(int m...'
mxnet,../repos/mxnet/src/operator/c_lapack_api.h,"(369, 715)-(369, 717)",b'inline int MXNET_LAPACK_##prefix##orglq(int m...'
mxnet,../repos/mxnet/src/operator/c_lapack_api.h,"(369, 723)-(369, 725)",b'inline int MXNET_LAPACK_##prefix##orglq(int m...'
mxnet,../repos/mxnet/src/operator/c_lapack_api.h,"(387, 27)-(387, 29)",b'inline int MXNET_LAPACK_##prefix##geqrf(int m...'
mxnet,../repos/mxnet/src/operator/c_lapack_api.h,"(387, 35)-(387, 37)",b'inline int MXNET_LAPACK_##prefix##geqrf(int m...'
mxnet,../repos/mxnet/src/operator/c_lapack_api.h,"(387, 688)-(387, 690)",b'inline int MXNET_LAPACK_##prefix##geqrf(int m...'
mxnet,../repos/mxnet/src/operator/c_lapack_api.h,"(387, 696)-(387, 698)",b'inline int MXNET_LAPACK_##prefix##geqrf(int m...'
mxnet,../repos/mxnet/src/operator/c_lapack_api.h,"(405, 27)-(405, 29)",b'inline int MXNET_LAPACK_##prefix##orgqr(int m...'
mxnet,../repos/mxnet/src/operator/c_lapack_api.h,"(405, 35)-(405, 37)",b'inline int MXNET_LAPACK_##prefix##orgqr(int m...'
mxnet,../repos/mxnet/src/operator/c_lapack_api.h,"(405, 792)-(405, 794)",b'inline int MXNET_LAPACK_##prefix##orgqr(int m...'
mxnet,../repos/mxnet/src/operator/c_lapack_api.h,"(405, 800)-(405, 802)",b'inline int MXNET_LAPACK_##prefix##orgqr(int m...'
mxnet,../repos/mxnet/src/operator/c_lapack_api.h,"(429, 27)-(429, 29)",b'inline int MXNET_LAPACK_##prefix##syevd(int m...'
mxnet,../repos/mxnet/src/operator/c_lapack_api.h,"(429, 35)-(429, 37)",b'inline int MXNET_LAPACK_##prefix##syevd(int m...'
mxnet,../repos/mxnet/src/operator/c_lapack_api.h,"(429, 982)-(429, 984)",b'inline int MXNET_LAPACK_##prefix##syevd(int m...'
mxnet,../repos/mxnet/src/operator/c_lapack_api.h,"(429, 990)-(429, 992)",b'inline int MXNET_LAPACK_##prefix##syevd(int m...'
mxnet,../repos/mxnet/src/operator/c_lapack_api.h,"(458, 27)-(458, 29)",b'inline int MXNET_LAPACK_##prefix##gesvd(int m...'
mxnet,../repos/mxnet/src/operator/c_lapack_api.h,"(458, 35)-(458, 37)",b'inline int MXNET_LAPACK_##prefix##gesvd(int m...'
mxnet,../repos/mxnet/src/operator/c_lapack_api.h,"(458, 891)-(458, 893)",b'inline int MXNET_LAPACK_##prefix##gesvd(int m...'
mxnet,../repos/mxnet/src/operator/c_lapack_api.h,"(458, 899)-(458, 901)",b'inline int MXNET_LAPACK_##prefix##gesvd(int m...'
mxnet,../repos/mxnet/src/operator/c_lapack_api.h,"(481, 27)-(481, 29)",b'inline int MXNET_LAPACK_##prefix##gesdd(int m...'
mxnet,../repos/mxnet/src/operator/c_lapack_api.h,"(481, 35)-(481, 37)",b'inline int MXNET_LAPACK_##prefix##gesdd(int m...'
mxnet,../repos/mxnet/src/operator/c_lapack_api.h,"(481, 1352)-(481, 1354)",b'inline int MXNET_LAPACK_##prefix##gesdd(int m...'
mxnet,../repos/mxnet/src/operator/c_lapack_api.h,"(481, 1360)-(481, 1362)",b'inline int MXNET_LAPACK_##prefix##gesdd(int m...'
mxnet,../repos/mxnet/src/operator/c_lapack_api.h,"(504, 27)-(504, 29)",b'inline int MXNET_LAPACK_##prefix##getri(int m...'
mxnet,../repos/mxnet/src/operator/c_lapack_api.h,"(504, 35)-(504, 37)",b'inline int MXNET_LAPACK_##prefix##getri(int m...'
mxnet,../repos/mxnet/src/operator/c_lapack_api.h,"(504, 598)-(504, 600)",b'inline int MXNET_LAPACK_##prefix##getri(int m...'
mxnet,../repos/mxnet/src/operator/c_lapack_api.h,"(504, 606)-(504, 608)",b'inline int MXNET_LAPACK_##prefix##getri(int m...'
mxnet,../repos/mxnet/src/operator/c_lapack_api.h,"(521, 27)-(521, 29)",b'inline int MXNET_LAPACK_##prefix##geev(int ma...'
mxnet,../repos/mxnet/src/operator/c_lapack_api.h,"(521, 35)-(521, 37)",b'inline int MXNET_LAPACK_##prefix##geev(int ma...'
mxnet,../repos/mxnet/src/operator/c_lapack_api.h,"(521, 1237)-(521, 1239)",b'inline int MXNET_LAPACK_##prefix##geev(int ma...'
mxnet,../repos/mxnet/src/operator/c_lapack_api.h,"(521, 1245)-(521, 1247)",b'inline int MXNET_LAPACK_##prefix##geev(int ma...'
mxnet,../repos/mxnet/src/operator/c_lapack_api.h,"(546, 27)-(546, 29)",b'inline int MXNET_LAPACK_##prefix##gelsd(int m...'
mxnet,../repos/mxnet/src/operator/c_lapack_api.h,"(546, 35)-(546, 37)",b'inline int MXNET_LAPACK_##prefix##gelsd(int m...'
mxnet,../repos/mxnet/src/operator/c_lapack_api.h,"(546, 1507)-(546, 1509)",b'inline int MXNET_LAPACK_##prefix##gelsd(int m...'
mxnet,../repos/mxnet/src/operator/c_lapack_api.h,"(546, 1515)-(546, 1517)",b'inline int MXNET_LAPACK_##prefix##gelsd(int m...'
mxnet,../repos/mxnet/src/operator/c_lapack_api.h,"(577, 27)-(577, 29)",b'inline int MXNET_LAPACK_##func(int matrix_lay...'
mxnet,../repos/mxnet/src/operator/c_lapack_api.h,"(577, 381)-(577, 383)",b'inline int MXNET_LAPACK_##func(int matrix_lay...'
mxnet,../repos/mxnet/src/operator/c_lapack_api.h,"(637, 27)-(637, 29)",b'inline int MXNET_LAPACK_##prefix##gelqf(     ...'
mxnet,../repos/mxnet/src/operator/c_lapack_api.h,"(637, 35)-(637, 37)",b'inline int MXNET_LAPACK_##prefix##gelqf(     ...'
mxnet,../repos/mxnet/src/operator/c_lapack_api.h,"(637, 417)-(637, 419)",b'inline int MXNET_LAPACK_##prefix##gelqf(     ...'
mxnet,../repos/mxnet/src/operator/c_lapack_api.h,"(653, 27)-(653, 29)",b'inline int MXNET_LAPACK_##prefix##orglq(     ...'
mxnet,../repos/mxnet/src/operator/c_lapack_api.h,"(653, 35)-(653, 37)",b'inline int MXNET_LAPACK_##prefix##orglq(     ...'
mxnet,../repos/mxnet/src/operator/c_lapack_api.h,"(653, 417)-(653, 419)",b'inline int MXNET_LAPACK_##prefix##orglq(     ...'
mxnet,../repos/mxnet/src/operator/c_lapack_api.h,"(668, 27)-(668, 29)",b'inline int MXNET_LAPACK_##prefix##geqrf(     ...'
mxnet,../repos/mxnet/src/operator/c_lapack_api.h,"(668, 35)-(668, 37)",b'inline int MXNET_LAPACK_##prefix##geqrf(     ...'
mxnet,../repos/mxnet/src/operator/c_lapack_api.h,"(668, 720)-(668, 722)",b'inline int MXNET_LAPACK_##prefix##geqrf(     ...'
mxnet,../repos/mxnet/src/operator/c_lapack_api.h,"(683, 27)-(683, 29)",b'inline int MXNET_LAPACK_##prefix##orgqr(int m...'
mxnet,../repos/mxnet/src/operator/c_lapack_api.h,"(683, 35)-(683, 37)",b'inline int MXNET_LAPACK_##prefix##orgqr(int m...'
mxnet,../repos/mxnet/src/operator/c_lapack_api.h,"(683, 1427)-(683, 1429)",b'inline int MXNET_LAPACK_##prefix##orgqr(int m...'
mxnet,../repos/mxnet/src/operator/c_lapack_api.h,"(707, 27)-(707, 29)",b'inline int MXNET_LAPACK_##func(int matrix_lay...'
mxnet,../repos/mxnet/src/operator/c_lapack_api.h,"(707, 1327)-(707, 1329)",b'inline int MXNET_LAPACK_##func(int matrix_lay...'
mxnet,../repos/mxnet/src/operator/c_lapack_api.h,"(734, 27)-(734, 29)",b'inline int MXNET_LAPACK_##func(int matrix_lay...'
mxnet,../repos/mxnet/src/operator/c_lapack_api.h,"(734, 1327)-(734, 1329)",b'inline int MXNET_LAPACK_##func(int matrix_lay...'
mxnet,../repos/mxnet/src/operator/c_lapack_api.h,"(759, 27)-(759, 29)",b'inline int MXNET_LAPACK_##func(int matrix_lay...'
mxnet,../repos/mxnet/src/operator/c_lapack_api.h,"(759, 1797)-(759, 1799)",b'inline int MXNET_LAPACK_##func(int matrix_lay...'
mxnet,../repos/mxnet/src/operator/c_lapack_api.h,"(786, 27)-(786, 29)",b'inline int MXNET_LAPACK_##prefix##geev(int ma...'
mxnet,../repos/mxnet/src/operator/c_lapack_api.h,"(786, 35)-(786, 37)",b'inline int MXNET_LAPACK_##prefix##geev(int ma...'
mxnet,../repos/mxnet/src/operator/c_lapack_api.h,"(786, 1913)-(786, 1915)",b'inline int MXNET_LAPACK_##prefix##geev(int ma...'
mxnet,../repos/mxnet/src/operator/c_lapack_api.h,"(818, 27)-(818, 29)",b'inline int MXNET_LAPACK_##prefix##getrf(     ...'
mxnet,../repos/mxnet/src/operator/c_lapack_api.h,"(818, 35)-(818, 37)",b'inline int MXNET_LAPACK_##prefix##getrf(     ...'
mxnet,../repos/mxnet/src/operator/c_lapack_api.h,"(818, 720)-(818, 722)",b'inline int MXNET_LAPACK_##prefix##getrf(     ...'
mxnet,../repos/mxnet/src/operator/c_lapack_api.h,"(833, 27)-(833, 29)",b'inline int MXNET_LAPACK_##prefix##getri(     ...'
mxnet,../repos/mxnet/src/operator/c_lapack_api.h,"(833, 35)-(833, 37)",b'inline int MXNET_LAPACK_##prefix##getri(     ...'
mxnet,../repos/mxnet/src/operator/c_lapack_api.h,"(833, 720)-(833, 722)",b'inline int MXNET_LAPACK_##prefix##getri(     ...'
mxnet,../repos/mxnet/src/operator/c_lapack_api.h,"(848, 27)-(848, 29)",b'inline int MXNET_LAPACK_##prefix##gesv(      ...'
mxnet,../repos/mxnet/src/operator/c_lapack_api.h,"(848, 35)-(848, 37)",b'inline int MXNET_LAPACK_##prefix##gesv(      ...'
mxnet,../repos/mxnet/src/operator/c_lapack_api.h,"(848, 713)-(848, 715)",b'inline int MXNET_LAPACK_##prefix##gesv(      ...'
mxnet,../repos/mxnet/src/operator/c_lapack_api.h,"(863, 27)-(863, 29)",b'inline int MXNET_LAPACK_##prefix##gelsd(int m...'
mxnet,../repos/mxnet/src/operator/c_lapack_api.h,"(863, 35)-(863, 37)",b'inline int MXNET_LAPACK_##prefix##gelsd(int m...'
mxnet,../repos/mxnet/src/operator/c_lapack_api.h,"(863, 1913)-(863, 1915)",b'inline int MXNET_LAPACK_##prefix##gelsd(int m...'
mxnet,../repos/mxnet/src/operator/c_lapack_api.h,"(897, 20)-(897, 22)","b'int MXNET_LAPACK_##func(int matrix_layout, ch...'"
mxnet,../repos/mxnet/src/operator/c_lapack_api.h,"(900, 20)-(900, 22)",b'int MXNET_LAPACK_##func(                  \\\n ...'
mxnet,../repos/mxnet/src/operator/c_lapack_api.h,"(904, 20)-(904, 22)","b'int MXNET_LAPACK_##func(int matrix_layout, \\\n...'"
mxnet,../repos/mxnet/src/operator/c_lapack_api.h,"(916, 20)-(916, 22)","b'int MXNET_LAPACK_##func(int matrix_layout, in...'"
mxnet,../repos/mxnet/src/operator/c_lapack_api.h,"(919, 20)-(919, 22)",b'int MXNET_LAPACK_##func(                  \\\n ...'
mxnet,../repos/mxnet/src/operator/c_lapack_api.h,"(923, 20)-(923, 22)","b'int MXNET_LAPACK_##func(int matrix_layout, \\\n...'"
mxnet,../repos/mxnet/src/operator/c_lapack_api.h,"(935, 20)-(935, 22)",b'int MXNET_LAPACK_##func(                  \\\n ...'
mxnet,../repos/mxnet/src/operator/c_lapack_api.h,"(939, 20)-(939, 22)","b'int MXNET_LAPACK_##func(int matrix_layout, \\\n...'"
mxnet,../repos/mxnet/src/operator/c_lapack_api.h,"(955, 20)-(955, 22)","b'int MXNET_LAPACK_##func(int matrix_layout, \\\n...'"
mxnet,../repos/mxnet/src/operator/c_lapack_api.h,"(970, 20)-(970, 22)",b'int MXNET_LAPACK_##func(                   \\\n...'
mxnet,../repos/mxnet/src/operator/c_lapack_api.h,"(974, 20)-(974, 22)","b'int MXNET_LAPACK_##func(int matrix_layout, \\\n...'"
mxnet,../repos/mxnet/src/operator/c_lapack_api.h,"(990, 20)-(990, 22)","b'int MXNET_LAPACK_##func(int matrix_layout, \\\n...'"
mxnet,../repos/mxnet/src/operator/c_lapack_api.h,"(1000, 57)-(1000, 59)",b'int mxnet_lapack_##func(...);'
mxnet,../repos/mxnet/src/operator/math_functions-inl.h,"(43, 210)-(43, 212)",b'MSHADOW_XINLINE                              ...'
mxnet,../repos/mxnet/src/operator/math_functions-inl.h,"(58, 158)-(58, 160)",b'template <typename DType>                    ...'
mxnet,../repos/mxnet/src/operator/c_lapack_api.cc,"(33, 20)-(33, 22)","b'int MXNET_LAPACK_##func(int matrix_layout, ch...'"
mxnet,../repos/mxnet/src/operator/c_lapack_api.cc,"(39, 20)-(39, 22)",b'int MXNET_LAPACK_##func(                     ...'
mxnet,../repos/mxnet/src/operator/c_lapack_api.cc,"(46, 20)-(46, 22)","b'int MXNET_LAPACK_##func(int matrix_layout,   ...'"
mxnet,../repos/mxnet/src/operator/c_lapack_api.cc,"(61, 20)-(61, 22)","b'int MXNET_LAPACK_##func(int matrix_layout, in...'"
mxnet,../repos/mxnet/src/operator/c_lapack_api.cc,"(67, 20)-(67, 22)",b'int MXNET_LAPACK_##func(                     ...'
mxnet,../repos/mxnet/src/operator/c_lapack_api.cc,"(74, 20)-(74, 22)","b'int MXNET_LAPACK_##func(int matrix_layout,   ...'"
mxnet,../repos/mxnet/src/operator/c_lapack_api.cc,"(89, 20)-(89, 22)",b'int MXNET_LAPACK_##func(                     ...'
mxnet,../repos/mxnet/src/operator/c_lapack_api.cc,"(96, 20)-(96, 22)","b'int MXNET_LAPACK_##func(int matrix_layout,   ...'"
mxnet,../repos/mxnet/src/operator/c_lapack_api.cc,"(115, 20)-(115, 22)","b'int MXNET_LAPACK_##func(int matrix_layout,   ...'"
mxnet,../repos/mxnet/src/operator/c_lapack_api.cc,"(133, 20)-(133, 22)",b'int MXNET_LAPACK_##func(                     ...'
mxnet,../repos/mxnet/src/operator/c_lapack_api.cc,"(140, 20)-(140, 22)","b'int MXNET_LAPACK_##func(int matrix_layout,   ...'"
mxnet,../repos/mxnet/src/operator/c_lapack_api.cc,"(159, 20)-(159, 22)","b'int MXNET_LAPACK_##func(int matrix_layout,   ...'"
mxnet,../repos/mxnet/src/operator/c_lapack_api.cc,"(173, 20)-(173, 22)",b'int mxnet_lapack_##func(...) {               ...'
mxnet,../repos/mxnet/src/operator/linalg_impl.h,"(85, 731)-(85, 733)",b'template <>                                  ...'
mxnet,../repos/mxnet/src/operator/linalg_impl.h,"(129, 860)-(129, 862)",b'template <>                                  ...'
mxnet,../repos/mxnet/src/operator/linalg_impl.h,"(247, 959)-(247, 961)",b'template <>                                  ...'
mxnet,../repos/mxnet/src/operator/linalg_impl.h,"(326, 1403)-(326, 1405)",b'template <>                                  ...'
mxnet,../repos/mxnet/src/operator/linalg_impl.h,"(474, 1587)-(474, 1589)",b'template <>                                  ...'
mxnet,../repos/mxnet/src/operator/linalg_impl.h,"(593, 1589)-(593, 1591)",b'template <>                                  ...'
mxnet,../repos/mxnet/src/operator/linalg_impl.h,"(756, 659)-(756, 661)",b'template <>                                  ...'
mxnet,../repos/mxnet/src/operator/linalg_impl.h,"(833, 1115)-(833, 1117)",b'template <>                                  ...'
mxnet,../repos/mxnet/src/operator/linalg_impl.h,"(890, 659)-(890, 661)",b'template <>                                  ...'
mxnet,../repos/mxnet/src/operator/linalg_impl.h,"(955, 1115)-(955, 1117)",b'template <>                                  ...'
mxnet,../repos/mxnet/src/operator/linalg_impl.h,"(1006, 378)-(1006, 380)",b'template <>                                  ...'
mxnet,../repos/mxnet/src/operator/linalg_impl.h,"(1031, 522)-(1031, 524)",b'inline int linalg_potrf_buffsize(const Tensor...'
mxnet,../repos/mxnet/src/operator/linalg_impl.h,"(1048, 977)-(1048, 979)",b'template <>                                  ...'
mxnet,../repos/mxnet/src/operator/linalg_impl.h,"(1073, 1193)-(1073, 1195)",b'template <>                                  ...'
mxnet,../repos/mxnet/src/operator/linalg_impl.h,"(1119, 378)-(1119, 380)",b'template <>                                  ...'
mxnet,../repos/mxnet/src/operator/linalg_impl.h,"(1226, 587)-(1226, 589)",b'template <>                                  ...'
mxnet,../repos/mxnet/src/operator/linalg_impl.h,"(1285, 815)-(1285, 817)",b'template <>                                  ...'
mxnet,../repos/mxnet/src/operator/linalg_impl.h,"(1328, 584)-(1328, 586)",b'template <>                                  ...'
mxnet,../repos/mxnet/src/operator/linalg_impl.h,"(1348, 584)-(1348, 586)",b'template <>                                  ...'
mxnet,../repos/mxnet/src/operator/linalg_impl.h,"(1368, 466)-(1368, 468)",b'template <>                                  ...'
mxnet,../repos/mxnet/src/operator/linalg_impl.h,"(1368, 474)-(1368, 476)",b'template <>                                  ...'
mxnet,../repos/mxnet/src/operator/linalg_impl.h,"(1368, 816)-(1368, 818)",b'template <>                                  ...'
mxnet,../repos/mxnet/src/operator/linalg_impl.h,"(1368, 824)-(1368, 826)",b'template <>                                  ...'
mxnet,../repos/mxnet/src/operator/linalg_impl.h,"(1391, 957)-(1391, 959)",b'template <>                                  ...'
mxnet,../repos/mxnet/src/operator/linalg_impl.h,"(1420, 957)-(1420, 959)",b'template <>                                  ...'
mxnet,../repos/mxnet/src/operator/linalg_impl.h,"(1461, 659)-(1461, 661)",b'template <>                                  ...'
mxnet,../repos/mxnet/src/operator/linalg_impl.h,"(1461, 667)-(1461, 669)",b'template <>                                  ...'
mxnet,../repos/mxnet/src/operator/linalg_impl.h,"(1461, 1019)-(1461, 1021)",b'template <>                                  ...'
mxnet,../repos/mxnet/src/operator/linalg_impl.h,"(1461, 1027)-(1461, 1029)",b'template <>                                  ...'
mxnet,../repos/mxnet/src/operator/linalg_impl.h,"(1513, 818)-(1513, 820)",b'template <>                                  ...'
mxnet,../repos/mxnet/src/operator/linalg_impl.h,"(1561, 468)-(1561, 470)",b'template <>                                  ...'
mxnet,../repos/mxnet/src/operator/linalg_impl.h,"(1603, 787)-(1603, 789)",b'template <>                                  ...'
mxnet,../repos/mxnet/src/operator/linalg_impl.h,"(1627, 567)-(1627, 569)",b'template <>                                  ...'
mxnet,../repos/mxnet/src/operator/linalg_impl.h,"(1627, 574)-(1627, 576)",b'template <>                                  ...'
mxnet,../repos/mxnet/src/operator/linalg_impl.h,"(1691, 634)-(1691, 636)",b'template <>                                  ...'
mxnet,../repos/mxnet/src/operator/linalg_impl.h,"(1716, 570)-(1716, 572)",b'template <>                                  ...'
mxnet,../repos/mxnet/src/operator/linalg_impl.h,"(1743, 787)-(1743, 789)",b'template <>                                  ...'
mxnet,../repos/mxnet/src/operator/linalg_impl.h,"(1773, 763)-(1773, 765)",b'template <>                                  ...'
mxnet,../repos/mxnet/src/operator/linalg_impl.h,"(1773, 770)-(1773, 772)",b'template <>                                  ...'
mxnet,../repos/mxnet/src/operator/linalg_impl.h,"(1825, 481)-(1825, 483)",b'template <>                                  ...'
mxnet,../repos/mxnet/src/operator/linalg_impl.h,"(1876, 1127)-(1876, 1129)",b'template <>                                  ...'
mxnet,../repos/mxnet/src/operator/linalg_impl.h,"(1923, 456)-(1923, 458)",b'template <>                                  ...'
mxnet,../repos/mxnet/src/operator/linalg_impl.h,"(1948, 414)-(1948, 416)",b'template <>                                  ...'
mxnet,../repos/mxnet/src/operator/linalg_impl.h,"(1971, 1478)-(1971, 1480)",b'template <>                                  ...'
mxnet,../repos/mxnet/src/io/batchify.cc,"(46, 69)-(46, 71)",b'_Pragma(tostr(omp parallel for num_threads( #...'
mxnet,../repos/mxnet/src/io/batchify.cc,"(46, 74)-(46, 76)",b'_Pragma(tostr(omp parallel for num_threads( #...'
mxnet,../repos/mxnet/include/mxnet/runtime/registry.h,"(305, 40)-(305, 42)",b'__x##__y'
mxnet,../repos/mxnet/include/mxnet/runtime/registry.h,"(309, 66)-(309, 68)",b'static MXNET_ATTRIBUTE_UNUSED ::mxnet::runtim...'
mxnet,../repos/mxnet/include/mxnet/runtime/object.h,"(680, 59)-(680, 61)",b'static DMLC_ATTRIBUTE_UNUSED uint32_t __make_...'
mxnet,../repos/mxnet/include/mxnet/runtime/object.h,"(680, 62)-(680, 64)",b'static DMLC_ATTRIBUTE_UNUSED uint32_t __make_...'
mxnet,../repos/mxnet/include/mxnet/runtime/object.h,"(680, 72)-(680, 74)",b'static DMLC_ATTRIBUTE_UNUSED uint32_t __make_...'
mxnet,../repos/mxnet/include/mxnet/operator_util.h,"(482, 48)-(482, 50)",b'static ::mxnet::op::SimpleOpRegEntry& __make_...'
mxnet,../repos/mxnet/include/mxnet/operator_util.h,"(482, 66)-(482, 68)",b'static ::mxnet::op::SimpleOpRegEntry& __make_...'
mxnet,../repos/mxnet/include/mxnet/operator_util.h,"(482, 69)-(482, 71)",b'static ::mxnet::op::SimpleOpRegEntry& __make_...'
mxnet,../repos/mxnet/include/mxnet/operator_util.h,"(482, 75)-(482, 77)",b'static ::mxnet::op::SimpleOpRegEntry& __make_...'
mxnet,../repos/mxnet/include/mxnet/operator_util.h,"(482, 79)-(482, 81)",b'static ::mxnet::op::SimpleOpRegEntry& __make_...'
mxnet,../repos/mxnet/include/mxnet/operator_util.h,"(482, 84)-(482, 86)",b'static ::mxnet::op::SimpleOpRegEntry& __make_...'
mxnet,../repos/mxnet/include/mxnet/lib_api.h,"(942, 37)-(942, 39)",b'__a##__b'
mxnet,../repos/mxnet/include/mxnet/lib_api.h,"(950, 38)-(950, 40)",b'MXNet##_CustomOp##_##Name'
mxnet,../repos/mxnet/include/mxnet/lib_api.h,"(950, 49)-(950, 51)",b'MXNet##_CustomOp##_##Name'
mxnet,../repos/mxnet/include/mxnet/lib_api.h,"(950, 52)-(950, 54)",b'MXNet##_CustomOp##_##Name'
mxnet,../repos/mxnet/include/mxnet/lib_api.h,"(953, 43)-(953, 45)",b'MXNet##_CustomSubProp##_##Name'
mxnet,../repos/mxnet/include/mxnet/lib_api.h,"(953, 59)-(953, 61)",b'MXNet##_CustomSubProp##_##Name'
mxnet,../repos/mxnet/include/mxnet/lib_api.h,"(953, 62)-(953, 64)",b'MXNet##_CustomSubProp##_##Name'
mxnet,../repos/mxnet/include/mxnet/lib_api.h,"(956, 43)-(956, 45)",b'MXNet##_CustomPass##_##Name'
mxnet,../repos/mxnet/include/mxnet/lib_api.h,"(956, 56)-(956, 58)",b'MXNet##_CustomPass##_##Name'
mxnet,../repos/mxnet/include/mxnet/lib_api.h,"(956, 59)-(956, 61)",b'MXNet##_CustomPass##_##Name'
mxnet,../repos/mxnet/plugin/torch/torch_function.h,"(210, 27)-(210, 29)",b'struct TorchUnaryOpDesc_##name##_##func : pub...'
mxnet,../repos/mxnet/plugin/torch/torch_function.h,"(210, 33)-(210, 35)",b'struct TorchUnaryOpDesc_##name##_##func : pub...'
mxnet,../repos/mxnet/plugin/torch/torch_function.h,"(210, 36)-(210, 38)",b'struct TorchUnaryOpDesc_##name##_##func : pub...'
mxnet,../repos/mxnet/plugin/torch/torch_function.h,"(210, 406)-(210, 408)",b'struct TorchUnaryOpDesc_##name##_##func : pub...'
mxnet,../repos/mxnet/plugin/torch/torch_function.h,"(210, 412)-(210, 414)",b'struct TorchUnaryOpDesc_##name##_##func : pub...'
mxnet,../repos/mxnet/plugin/torch/torch_function.h,"(210, 415)-(210, 417)",b'struct TorchUnaryOpDesc_##name##_##func : pub...'
mxnet,../repos/mxnet/plugin/torch/torch_function.h,"(219, 28)-(219, 30)",b'struct TorchBinaryOpDesc_##name##_##func : pu...'
mxnet,../repos/mxnet/plugin/torch/torch_function.h,"(219, 34)-(219, 36)",b'struct TorchBinaryOpDesc_##name##_##func : pu...'
mxnet,../repos/mxnet/plugin/torch/torch_function.h,"(219, 37)-(219, 39)",b'struct TorchBinaryOpDesc_##name##_##func : pu...'
mxnet,../repos/mxnet/plugin/torch/torch_function.h,"(219, 412)-(219, 414)",b'struct TorchBinaryOpDesc_##name##_##func : pu...'
mxnet,../repos/mxnet/plugin/torch/torch_function.h,"(219, 418)-(219, 420)",b'struct TorchBinaryOpDesc_##name##_##func : pu...'
mxnet,../repos/mxnet/plugin/torch/torch_function.h,"(219, 421)-(219, 423)",b'struct TorchBinaryOpDesc_##name##_##func : pu...'
mxnet,../repos/mxnet/plugin/torch/torch_function.h,"(232, 28)-(232, 30)",b'struct TorchTenaryOpDesc_##name##_##func : pu...'
mxnet,../repos/mxnet/plugin/torch/torch_function.h,"(232, 34)-(232, 36)",b'struct TorchTenaryOpDesc_##name##_##func : pu...'
mxnet,../repos/mxnet/plugin/torch/torch_function.h,"(232, 37)-(232, 39)",b'struct TorchTenaryOpDesc_##name##_##func : pu...'
mxnet,../repos/mxnet/plugin/torch/torch_function.h,"(232, 412)-(232, 414)",b'struct TorchTenaryOpDesc_##name##_##func : pu...'
mxnet,../repos/mxnet/plugin/torch/torch_function.h,"(232, 418)-(232, 420)",b'struct TorchTenaryOpDesc_##name##_##func : pu...'
mxnet,../repos/mxnet/plugin/torch/torch_function.h,"(232, 421)-(232, 423)",b'struct TorchTenaryOpDesc_##name##_##func : pu...'
mxnet,../repos/mxnet/plugin/torch/torch_function.h,"(240, 33)-(240, 35)",b'struct TorchConstructorOpDesc_##name##_##func...'
mxnet,../repos/mxnet/plugin/torch/torch_function.h,"(240, 39)-(240, 41)",b'struct TorchConstructorOpDesc_##name##_##func...'
mxnet,../repos/mxnet/plugin/torch/torch_function.h,"(240, 42)-(240, 44)",b'struct TorchConstructorOpDesc_##name##_##func...'
mxnet,../repos/mxnet/plugin/torch/torch_function.h,"(240, 306)-(240, 308)",b'struct TorchConstructorOpDesc_##name##_##func...'
mxnet,../repos/mxnet/plugin/torch/torch_function.h,"(240, 312)-(240, 314)",b'struct TorchConstructorOpDesc_##name##_##func...'
mxnet,../repos/mxnet/plugin/torch/torch_function.h,"(240, 315)-(240, 317)",b'struct TorchConstructorOpDesc_##name##_##func...'
