Repo name,File name,Location,Content
mxnet,../repos/mxnet/3rdparty/mshadow/mshadow/bfloat.h,"(131, 3)-(135, 4)",b'union Bits {\n    float f;\n    int32_t si;\n   ...'
mxnet,../repos/mxnet/3rdparty/mshadow/mshadow/half.h,"(180, 3)-(184, 4)",b'union Bits {\n    float f;\n    int32_t si;\n   ...'
mxnet,../repos/mxnet/3rdparty/ctc_include/detail/gpu_ctc_kernels.h,"(34, 5)-(37, 6)",b'union Storage {\n        typename CTAScan<NT>:...'
mxnet,../repos/mxnet/3rdparty/ctc_include/detail/gpu_ctc_kernels.h,"(263, 5)-(266, 6)",b'{\n\n    ctc_helper::log_plus<ProbT> log_plus_f...'
mxnet,../repos/mxnet/src/common/object_pool.h,"(75, 5)-(78, 6)",b'union {\n      T t;\n      LinkedList* next{nul...'
mxnet,../repos/mxnet/src/operator/cudnn_ops.cc,"(867, 1)-(870, 2)",b'{\n\ncudnnDataType_t CudnnType(mshadow::TypeFla...'
mxnet,../repos/mxnet/include/mxnet/runtime/c_runtime_api.h,"(72, 9)-(79, 2)",b'typedef union {\n  int64_t v_int64;\n  double v...'
