Repo name,File name,Location,Content
mxnet,../repos/mxnet/3rdparty/mshadow/mshadow-ps/ps_rabit-inl.h,"(41, 3)-(41, 41)","b'typedef LocalModel<xpu, DType> Parent;'"
mxnet,../repos/mxnet/3rdparty/mshadow/mshadow-ps/ps_dist-inl.h,"(66, 3)-(66, 41)","b'typedef LocalModel<xpu, DType> Parent;'"
mxnet,../repos/mxnet/3rdparty/mshadow/mshadow-ps/ps_dist-inl.h,"(130, 5)-(130, 67)","b'typedef ::ps::KVLayer<DType, UpdaterWrapper<D...'"
mxnet,../repos/mxnet/3rdparty/mshadow/mshadow-ps/mshadow_ps.h,"(66, 3)-(66, 68)",b'typedef void (CallbackFunction) (Stream<xpu> ...'
mxnet,../repos/mxnet/3rdparty/mshadow/mshadow-ps/ps_local-inl.h,"(35, 1)-(35, 25)",b'typedef int ms_omp_uint;'
mxnet,../repos/mxnet/3rdparty/mshadow/mshadow-ps/ps_local-inl.h,"(37, 1)-(37, 30)",b'typedef unsigned ms_omp_uint;'
mxnet,../repos/mxnet/3rdparty/mshadow/mshadow-ps/ps_local-inl.h,"(51, 3)-(52, 20)","b'typedef typename ISharedModel<xpu, DType>::Ca...'"
mxnet,../repos/mxnet/3rdparty/mshadow/mshadow/base.h,"(51, 1)-(51, 28)",b'typedef signed char int8_t;'
mxnet,../repos/mxnet/3rdparty/mshadow/mshadow/base.h,"(52, 1)-(52, 25)",b'typedef __int16 int16_t;'
mxnet,../repos/mxnet/3rdparty/mshadow/mshadow/base.h,"(53, 1)-(53, 25)",b'typedef __int32 int32_t;'
mxnet,../repos/mxnet/3rdparty/mshadow/mshadow/base.h,"(54, 1)-(54, 25)",b'typedef __int64 int64_t;'
mxnet,../repos/mxnet/3rdparty/mshadow/mshadow/base.h,"(55, 1)-(55, 31)",b'typedef unsigned char uint8_t;'
mxnet,../repos/mxnet/3rdparty/mshadow/mshadow/base.h,"(56, 1)-(56, 35)",b'typedef unsigned __int16 uint16_t;'
mxnet,../repos/mxnet/3rdparty/mshadow/mshadow/base.h,"(57, 1)-(57, 35)",b'typedef unsigned __int32 uint32_t;'
mxnet,../repos/mxnet/3rdparty/mshadow/mshadow/base.h,"(58, 1)-(58, 35)",b'typedef unsigned __int64 uint64_t;'
mxnet,../repos/mxnet/3rdparty/mshadow/mshadow/packet-inl.h,"(231, 1)-(231, 39)",b'typedef packet::PacketArch PacketArch;'
mxnet,../repos/mxnet/3rdparty/mshadow/mshadow/random.h,"(127, 5)-(128, 66)",b'typedef typename std::conditional<std::is_flo...'
mxnet,../repos/mxnet/3rdparty/mshadow/mshadow/random.h,"(129, 5)-(131, 90)",b'typedef typename std::conditional<std::is_int...'
mxnet,../repos/mxnet/3rdparty/mshadow/mshadow/random.h,"(149, 5)-(150, 66)",b'typedef typename std::conditional<std::is_flo...'
mxnet,../repos/mxnet/3rdparty/mshadow/mshadow/random.h,"(165, 5)-(166, 66)",b'typedef typename std::conditional<std::is_flo...'
mxnet,../repos/mxnet/3rdparty/mshadow/mshadow/random.h,"(179, 5)-(180, 66)",b'typedef typename std::conditional<std::is_flo...'
mxnet,../repos/mxnet/3rdparty/mshadow/mshadow/random.h,"(193, 5)-(193, 95)",b'typedef typename std::conditional<std::is_int...'
mxnet,../repos/mxnet/3rdparty/mshadow/mshadow/random.h,"(207, 5)-(207, 95)",b'typedef typename std::conditional<std::is_int...'
mxnet,../repos/mxnet/3rdparty/mshadow/mshadow/random.h,"(229, 7)-(229, 97)",b'typedef typename std::conditional<std::is_int...'
mxnet,../repos/mxnet/3rdparty/mshadow/mshadow/tensor_gpu-inl.h,"(160, 3)-(160, 48)",b'typedef Shape<expr::ExpInfo<E>::kDim> EShape;'
mxnet,../repos/mxnet/3rdparty/mshadow/mshadow/tensor_cpu-inl.h,"(260, 3)-(260, 48)",b'typedef Shape<expr::ExpInfo<E>::kDim> EShape;'
mxnet,../repos/mxnet/3rdparty/mshadow/mshadow/extension/swapaxis.h,"(71, 3)-(71, 32)",b'typedef ExpInfo<SrcExp> Info;'
mxnet,../repos/mxnet/3rdparty/mshadow/mshadow/extension/channel_unpool.h,"(66, 5)-(66, 63)","b'typedef ShapeCheck<srcdim, SrcExp> ShapeCheck...'"
mxnet,../repos/mxnet/3rdparty/mshadow/mshadow/extension/spatial_unpool.h,"(70, 5)-(70, 63)","b'typedef ShapeCheck<srcdim, SrcExp> ShapeCheck...'"
mxnet,../repos/mxnet/3rdparty/mshadow/mshadow/extension/broadcast.h,"(90, 3)-(90, 54)","b'typedef ShapeCheck<1, SrcExp> ShapeCheckDim1S...'"
mxnet,../repos/mxnet/3rdparty/mshadow/mshadow/extension/broadcast.h,"(112, 3)-(112, 54)","b'typedef ShapeCheck<1, SrcExp> ShapeCheckDim1S...'"
mxnet,../repos/mxnet/3rdparty/mshadow/mshadow/extension/implicit_gemm.h,"(85, 5)-(85, 42)",b'typedef packet::Packet<DType> Packet;'
mxnet,../repos/mxnet/3rdparty/mshadow/guide/neuralnet/util.h,"(26, 1)-(26, 22)",b'typedef float real_t;'
mxnet,../repos/mxnet/3rdparty/ctc_include/contrib/moderngpu/include/util/static.h,"(70, 1)-(70, 28)",b'typedef unsigned char byte;'
mxnet,../repos/mxnet/3rdparty/ctc_include/contrib/moderngpu/include/util/static.h,"(72, 1)-(72, 27)",b'typedef unsigned int uint;'
mxnet,../repos/mxnet/3rdparty/ctc_include/contrib/moderngpu/include/util/static.h,"(73, 1)-(73, 28)",b'typedef signed short int16;'
mxnet,../repos/mxnet/3rdparty/ctc_include/contrib/moderngpu/include/util/static.h,"(75, 1)-(75, 31)",b'typedef unsigned short ushort;'
mxnet,../repos/mxnet/3rdparty/ctc_include/contrib/moderngpu/include/util/static.h,"(76, 1)-(76, 31)",b'typedef unsigned short uint16;'
mxnet,../repos/mxnet/3rdparty/ctc_include/contrib/moderngpu/include/util/static.h,"(78, 1)-(78, 25)",b'typedef long long int64;'
mxnet,../repos/mxnet/3rdparty/ctc_include/contrib/moderngpu/include/util/static.h,"(79, 1)-(79, 35)",b'typedef unsigned long long uint64;'
mxnet,../repos/mxnet/3rdparty/ctc_include/detail/gpu_ctc_kernels.h,"(247, 5)-(247, 85)","b'typedef CTASegReduce<NT, VT, ProbT, int, ctc_...'"
mxnet,../repos/mxnet/3rdparty/ctc_include/detail/ctc_helper.h,"(28, 1)-(34, 15)","b'typedef enum {\n    CTC_STATUS_SUCCESS = 0,\n  ...'"
mxnet,../repos/mxnet/3rdparty/ctc_include/detail/ctc_helper.h,"(36, 1)-(39, 22)","b'typedef enum {\n    CTC_CPU = 0,\n    CTC_GPU =...'"
mxnet,../repos/mxnet/3rdparty/ctc_include/detail/ctc_helper.h,"(81, 5)-(81, 29)",b'typedef Res result_type;'
mxnet,../repos/mxnet/3rdparty/miniz/miniz.c,"(29, 1)-(29, 75)",b'typedef unsigned char mz_validate_uint16[size...'
mxnet,../repos/mxnet/3rdparty/miniz/miniz.c,"(30, 1)-(30, 75)",b'typedef unsigned char mz_validate_uint32[size...'
mxnet,../repos/mxnet/3rdparty/miniz/miniz.c,"(31, 1)-(31, 75)",b'typedef unsigned char mz_validate_uint64[size...'
mxnet,../repos/mxnet/3rdparty/miniz/miniz.c,"(350, 1)-(357, 17)",b'typedef struct\n{\n    tinfl_decompressor m_dec...'
mxnet,../repos/mxnet/3rdparty/miniz/miniz.c,"(728, 1)-(731, 18)","b'typedef struct\n{\n    mz_uint16 m_key, m_sym_i...'"
mxnet,../repos/mxnet/3rdparty/miniz/miniz.c,"(2011, 1)-(2016, 23)","b'typedef struct\n{\n    size_t m_size, m_capacit...'"
mxnet,../repos/mxnet/3rdparty/miniz/miniz.c,"(3194, 1)-(3199, 16)",b'typedef struct\n{\n    void *m_p;\n    size_t m_...'
mxnet,../repos/mxnet/3rdparty/miniz/miniz.c,"(5907, 1)-(5912, 27)",b'typedef struct\n{\n    mz_zip_archive *m_pZip;\n...'
mxnet,../repos/mxnet/3rdparty/miniz/miniz.h,"(225, 1)-(225, 32)",b'typedef unsigned long mz_ulong;'
mxnet,../repos/mxnet/3rdparty/miniz/miniz.h,"(253, 1)-(253, 73)","b'typedef void *(*mz_alloc_func)(void *opaque, ...'"
mxnet,../repos/mxnet/3rdparty/miniz/miniz.h,"(254, 1)-(254, 59)","b'typedef void (*mz_free_func)(void *opaque, vo...'"
mxnet,../repos/mxnet/3rdparty/miniz/miniz.h,"(255, 1)-(255, 90)",b'typedef void *(*mz_realloc_func)(void *opaque...'
mxnet,../repos/mxnet/3rdparty/miniz/miniz.h,"(309, 1)-(329, 13)",b'typedef struct mz_stream_s\n{\n    const unsign...'
mxnet,../repos/mxnet/3rdparty/miniz/miniz.h,"(331, 1)-(331, 31)",b'typedef mz_stream *mz_streamp;'
mxnet,../repos/mxnet/3rdparty/miniz/miniz.h,"(427, 1)-(427, 28)",b'typedef unsigned char Byte;'
mxnet,../repos/mxnet/3rdparty/miniz/miniz.h,"(428, 1)-(428, 27)",b'typedef unsigned int uInt;'
mxnet,../repos/mxnet/3rdparty/miniz/miniz.h,"(429, 1)-(429, 24)",b'typedef mz_ulong uLong;'
mxnet,../repos/mxnet/3rdparty/miniz/miniz.h,"(430, 1)-(430, 20)",b'typedef Byte Bytef;'
mxnet,../repos/mxnet/3rdparty/miniz/miniz.h,"(431, 1)-(431, 20)",b'typedef uInt uIntf;'
mxnet,../repos/mxnet/3rdparty/miniz/miniz.h,"(432, 1)-(432, 20)",b'typedef char charf;'
mxnet,../repos/mxnet/3rdparty/miniz/miniz.h,"(433, 1)-(433, 18)",b'typedef int intf;'
mxnet,../repos/mxnet/3rdparty/miniz/miniz.h,"(434, 1)-(434, 22)",b'typedef void *voidpf;'
mxnet,../repos/mxnet/3rdparty/miniz/miniz.h,"(435, 1)-(435, 22)",b'typedef uLong uLongf;'
mxnet,../repos/mxnet/3rdparty/miniz/miniz.h,"(436, 1)-(436, 21)",b'typedef void *voidp;'
mxnet,../repos/mxnet/3rdparty/miniz/miniz.h,"(437, 1)-(437, 28)",b'typedef void *const voidpc;'
mxnet,../repos/mxnet/3rdparty/miniz/miniz.h,"(512, 1)-(512, 32)",b'typedef unsigned char mz_uint8;'
mxnet,../repos/mxnet/3rdparty/miniz/miniz.h,"(513, 1)-(513, 31)",b'typedef signed short mz_int16;'
mxnet,../repos/mxnet/3rdparty/miniz/miniz.h,"(514, 1)-(514, 34)",b'typedef unsigned short mz_uint16;'
mxnet,../repos/mxnet/3rdparty/miniz/miniz.h,"(515, 1)-(515, 32)",b'typedef unsigned int mz_uint32;'
mxnet,../repos/mxnet/3rdparty/miniz/miniz.h,"(516, 1)-(516, 30)",b'typedef unsigned int mz_uint;'
mxnet,../repos/mxnet/3rdparty/miniz/miniz.h,"(517, 1)-(517, 26)",b'typedef int64_t mz_int64;'
mxnet,../repos/mxnet/3rdparty/miniz/miniz.h,"(518, 1)-(518, 28)",b'typedef uint64_t mz_uint64;'
mxnet,../repos/mxnet/3rdparty/miniz/miniz.h,"(519, 1)-(519, 21)",b'typedef int mz_bool;'
mxnet,../repos/mxnet/3rdparty/miniz/miniz.h,"(539, 1)-(542, 19)",b'typedef struct mz_dummy_time_t_tag\n{\n    int ...'
mxnet,../repos/mxnet/3rdparty/miniz/miniz.h,"(666, 1)-(666, 83)",b'typedef mz_bool (*tdefl_put_buf_func_ptr)(con...'
mxnet,../repos/mxnet/3rdparty/miniz/miniz.h,"(709, 1)-(714, 16)",b'typedef enum {\n    TDEFL_STATUS_BAD_PARAM = -...'
mxnet,../repos/mxnet/3rdparty/miniz/miniz.h,"(717, 1)-(722, 15)","b'typedef enum {\n    TDEFL_NO_FLUSH = 0,\n    TD...'"
mxnet,../repos/mxnet/3rdparty/miniz/miniz.h,"(725, 1)-(750, 20)",b'typedef struct\n{\n    tdefl_put_buf_func_ptr m...'
mxnet,../repos/mxnet/3rdparty/miniz/miniz.h,"(823, 1)-(823, 79)",b'typedef int (*tinfl_put_buf_func_ptr)(const v...'
mxnet,../repos/mxnet/3rdparty/miniz/miniz.h,"(827, 1)-(827, 58)",b'typedef struct tinfl_decompressor_tag tinfl_d...'
mxnet,../repos/mxnet/3rdparty/miniz/miniz.h,"(841, 1)-(872, 16)",b'typedef enum {\n    /* This flags indicates th...'
mxnet,../repos/mxnet/3rdparty/miniz/miniz.h,"(898, 1)-(902, 20)",b'typedef struct\n{\n    mz_uint8 m_code_size[TIN...'
mxnet,../repos/mxnet/3rdparty/miniz/miniz.h,"(911, 1)-(911, 35)",b'typedef mz_uint64 tinfl_bit_buf_t;'
mxnet,../repos/mxnet/3rdparty/miniz/miniz.h,"(914, 1)-(914, 35)",b'typedef mz_uint32 tinfl_bit_buf_t;'
mxnet,../repos/mxnet/3rdparty/miniz/miniz.h,"(950, 1)-(1004, 28)",b'typedef struct\n{\n    /* Central directory fil...'
mxnet,../repos/mxnet/3rdparty/miniz/miniz.h,"(1006, 1)-(1006, 94)",b'typedef size_t (*mz_file_read_func)(void *pOp...'
mxnet,../repos/mxnet/3rdparty/miniz/miniz.h,"(1007, 1)-(1007, 101)",b'typedef size_t (*mz_file_write_func)(void *pO...'
mxnet,../repos/mxnet/3rdparty/miniz/miniz.h,"(1008, 1)-(1008, 59)",b'typedef mz_bool (*mz_file_needs_keepalive)(vo...'
mxnet,../repos/mxnet/3rdparty/miniz/miniz.h,"(1011, 1)-(1011, 64)",b'typedef struct mz_zip_internal_state_tag mz_z...'
mxnet,../repos/mxnet/3rdparty/miniz/miniz.h,"(1013, 1)-(1018, 15)","b'typedef enum {\n    MZ_ZIP_MODE_INVALID = 0,\n ...'"
mxnet,../repos/mxnet/3rdparty/miniz/miniz.h,"(1020, 1)-(1030, 16)",b'typedef enum {\n    MZ_ZIP_FLAG_CASE_SENSITIVE...'
mxnet,../repos/mxnet/3rdparty/miniz/miniz.h,"(1032, 1)-(1040, 15)","b'typedef enum {\n    MZ_ZIP_TYPE_INVALID = 0,\n ...'"
mxnet,../repos/mxnet/3rdparty/miniz/miniz.h,"(1043, 1)-(1077, 16)","b'typedef enum {\n    MZ_ZIP_NO_ERROR = 0,\n    M...'"
mxnet,../repos/mxnet/3rdparty/miniz/miniz.h,"(1079, 1)-(1104, 18)",b'typedef struct\n{\n    mz_uint64 m_archive_size...'
mxnet,../repos/mxnet/3rdparty/miniz/miniz.h,"(1106, 1)-(1124, 36)",b'typedef struct\n{\n    mz_zip_archive *pZip;\n  ...'
mxnet,../repos/mxnet/3rdparty/miniz/miniz.h,"(1245, 2)-(1245, 51)",b'typedef void *mz_zip_streaming_extract_state_ptr;'
mxnet,../repos/mxnet/src/c_api/c_api.cc,"(279, 3)-(279, 46)",b'typedef decltype(cpu_alloc) alloc_type_cpu;'
mxnet,../repos/mxnet/src/common/cuda/utils.h,"(227, 3)-(227, 27)",b'typedef float ScaleType;'
mxnet,../repos/mxnet/src/common/cuda/utils.h,"(237, 3)-(237, 28)",b'typedef double ScaleType;'
mxnet,../repos/mxnet/src/common/cuda/utils.h,"(247, 3)-(247, 27)",b'typedef float ScaleType;'
mxnet,../repos/mxnet/src/common/cuda/utils.h,"(257, 3)-(257, 29)",b'typedef uint8_t ScaleType;'
mxnet,../repos/mxnet/src/common/cuda/utils.h,"(267, 3)-(267, 29)",b'typedef int32_t ScaleType;'
mxnet,../repos/mxnet/src/common/cuda/rtc.cc,"(45, 1)-(45, 67)",b'typedef CUresult (*cuDeviceGetPtr)(CUdevice* ...'
mxnet,../repos/mxnet/src/common/cuda/rtc.cc,"(46, 1)-(46, 80)",b'typedef CUresult (*cuDevicePrimaryCtxRetainPt...'
mxnet,../repos/mxnet/src/common/cuda/rtc.cc,"(47, 1)-(51, 64)",b'typedef CUresult (*cuModuleLoadDataExPtr)(CUm...'
mxnet,../repos/mxnet/src/common/cuda/rtc.cc,"(52, 1)-(52, 96)",b'typedef CUresult (*cuModuleGetFunctionPtr)(CU...'
mxnet,../repos/mxnet/src/common/cuda/rtc.cc,"(53, 1)-(63, 53)",b'typedef CUresult (*cuLaunchKernelPtr)(CUfunct...'
mxnet,../repos/mxnet/src/common/cuda/rtc.cc,"(64, 1)-(64, 76)",b'typedef CUresult (*cuGetErrorStringPtr)(CUres...'
mxnet,../repos/mxnet/src/common/utils.h,"(518, 3)-(518, 76)",b'typedef dmlc::ThreadLocalStore<std::unordered...'
mxnet,../repos/mxnet/src/common/utils.h,"(642, 1)-(642, 36)",b'typedef std::mt19937 RANDOM_ENGINE;'
mxnet,../repos/mxnet/src/storage/pooled_storage_manager.h,"(39, 1)-(45, 16)","b'typedef enum {\n  pool_type,\n  pool_page_size,...'"
mxnet,../repos/mxnet/src/storage/pooled_storage_manager.h,"(487, 1)-(487, 92)","b'typedef PooledStorageManager<RoundMultiple, U...'"
mxnet,../repos/mxnet/src/storage/pooled_storage_manager.h,"(488, 1)-(488, 91)","b'typedef PooledStorageManager<RoundPower2, Vec...'"
mxnet,../repos/mxnet/src/storage/storage_manager_helpers.h,"(27, 1)-(27, 58)",b'typedef mxnet::common::cuda::DeviceStore Cuda...'
mxnet,../repos/mxnet/src/storage/storage_manager_helpers.h,"(187, 1)-(187, 46)",b'typedef ContextHelperCPU ContextHelperPinned;'
mxnet,../repos/mxnet/src/runtime/c_runtime_api.cc,"(47, 1)-(47, 72)",b'typedef dmlc::ThreadLocalStore<MXNetRuntimeEn...'
mxnet,../repos/mxnet/src/runtime/registry.cc,"(120, 1)-(120, 85)",b'typedef dmlc::ThreadLocalStore<MXNetFuncThrea...'
mxnet,../repos/mxnet/src/profiler/storage_profiler.cc,"(56, 3)-(56, 21)",b'typedef T3 arg3_t;'
mxnet,../repos/mxnet/src/ndarray/ndarray_function.h,"(49, 3)-(49, 40)",b'typedef mshadow::op::plus mshadow_op;'
mxnet,../repos/mxnet/src/ndarray/ndarray_function.h,"(53, 3)-(53, 41)",b'typedef mshadow::op::minus mshadow_op;'
mxnet,../repos/mxnet/src/ndarray/ndarray_function.h,"(57, 3)-(57, 39)",b'typedef mshadow::op::mul mshadow_op;'
mxnet,../repos/mxnet/src/ndarray/ndarray_function.h,"(61, 3)-(61, 39)",b'typedef mshadow::op::div mshadow_op;'
mxnet,../repos/mxnet/src/ndarray/ndarray_function.h,"(65, 3)-(65, 42)",b'typedef op::mshadow_op::mod mshadow_op;'
mxnet,../repos/mxnet/src/ndarray/ndarray_function-inl.h,"(154, 3)-(154, 22)",b'typedef DEVICE xpu;'
mxnet,../repos/mxnet/src/ndarray/ndarray_function-inl.h,"(171, 3)-(171, 22)",b'typedef DEVICE xpu;'
mxnet,../repos/mxnet/src/ndarray/ndarray_function-inl.h,"(197, 3)-(197, 22)",b'typedef DEVICE xpu;'
mxnet,../repos/mxnet/src/ndarray/ndarray_function-inl.h,"(274, 3)-(274, 19)",b'typedef cpu xpu;'
mxnet,../repos/mxnet/src/ndarray/ndarray_function-inl.h,"(301, 3)-(301, 19)",b'typedef cpu xpu;'
mxnet,../repos/mxnet/src/ndarray/ndarray_function-inl.h,"(328, 3)-(328, 19)",b'typedef cpu xpu;'
mxnet,../repos/mxnet/src/ndarray/ndarray_function-inl.h,"(354, 3)-(354, 19)",b'typedef cpu xpu;'
mxnet,../repos/mxnet/src/ndarray/ndarray_function-inl.h,"(380, 3)-(380, 19)",b'typedef cpu xpu;'
mxnet,../repos/mxnet/src/ndarray/ndarray_function-inl.h,"(411, 3)-(411, 22)",b'typedef DEVICE xpu;'
mxnet,../repos/mxnet/src/ndarray/ndarray_function-inl.h,"(458, 3)-(458, 22)",b'typedef DEVICE xpu;'
mxnet,../repos/mxnet/src/operator/contrib/dgl_graph.cc,"(39, 1)-(39, 26)",b'typedef int64_t dgl_id_t;'
mxnet,../repos/mxnet/src/operator/tensor/broadcast_reduce-inl.h,"(508, 7)-(508, 82)","b'typedef typename std::conditional<safe_acc, A...'"
mxnet,../repos/mxnet/src/operator/tensor/broadcast_reduce-inl.h,"(510, 9)-(510, 84)","b'typedef typename std::conditional<safe_acc, O...'"
mxnet,../repos/mxnet/src/operator/tensor/elemwise_binary_op.h,"(51, 5)-(51, 26)",b'typedef OP Operation;'
mxnet,../repos/mxnet/src/operator/tensor/elemwise_binary_op.h,"(61, 5)-(61, 26)",b'typedef OP Operation;'
mxnet,../repos/mxnet/src/operator/operator_tune.h,"(68, 3)-(68, 30)",b'typedef int64_t duration_t;'
mxnet,../repos/mxnet/src/operator/operator_tune.h,"(81, 3)-(81, 63)",b'typedef std::chrono::high_resolution_clock::t...'
mxnet,../repos/mxnet/src/operator/random/sampler.h,"(249, 5)-(250, 99)",b'typedef\n        typename std::conditional<std...'
mxnet,../repos/mxnet/src/operator/nn/pool_utils.h,"(31, 3)-(31, 25)",b'typedef DType AccType;'
mxnet,../repos/mxnet/src/operator/nn/pool_utils.h,"(36, 3)-(36, 25)",b'typedef float AccType;'
mxnet,../repos/mxnet/src/operator/nn/dnnl/dnnl_lrn-inl.h,"(80, 1)-(80, 48)",b'typedef ParamOpSign<LRNParam> DNNLLRNSignature;'
mxnet,../repos/mxnet/src/operator/nn/dnnl/dnnl_fully_connected-inl.h,"(206, 1)-(206, 60)",b'typedef ParamOpSign<DNNLFCFullParam> DNNLFull...'
mxnet,../repos/mxnet/src/operator/nn/dnnl/dnnl_softmax.cc,"(65, 1)-(65, 56)",b'typedef ParamOpSign<SoftmaxParam> DNNLSoftmax...'
mxnet,../repos/mxnet/src/operator/nn/dnnl/dnnl_sum-inl.h,"(45, 3)-(45, 40)",b'typedef OpSignature DNNLSumSignature;'
mxnet,../repos/mxnet/src/operator/nn/dnnl/dnnl_transpose.cc,"(34, 1)-(34, 65)",b'typedef ParamOpSign<NumpyTransposeParam> DNNL...'
mxnet,../repos/mxnet/src/operator/nn/dnnl/dnnl_softmax_output.cc,"(46, 1)-(46, 67)",b'typedef ParamOpSign<SoftmaxOutputParam> DNNLS...'
mxnet,../repos/mxnet/src/operator/nn/dnnl/dnnl_reshape-inl.h,"(52, 1)-(52, 42)",b'typedef OpSignature DNNLReshapeSignature;'
mxnet,../repos/mxnet/src/operator/nn/dnnl/dnnl_batch_norm-inl.h,"(41, 1)-(41, 72)",b'typedef dnnl::batch_normalization_forward::pr...'
mxnet,../repos/mxnet/src/operator/nn/dnnl/dnnl_batch_norm-inl.h,"(42, 1)-(42, 61)",b'typedef dnnl::batch_normalization_forward::de...'
mxnet,../repos/mxnet/src/operator/nn/dnnl/dnnl_batch_norm-inl.h,"(43, 1)-(43, 73)",b'typedef dnnl::batch_normalization_backward::p...'
mxnet,../repos/mxnet/src/operator/nn/dnnl/dnnl_batch_norm-inl.h,"(44, 1)-(44, 62)",b'typedef dnnl::batch_normalization_backward::d...'
mxnet,../repos/mxnet/src/operator/nn/dnnl/dnnl_batch_norm-inl.h,"(103, 1)-(103, 53)",b'typedef ParamOpSign<BatchNormParam> DNNLBNSig...'
mxnet,../repos/mxnet/src/operator/nn/dnnl/dnnl_masked_softmax.cc,"(50, 1)-(50, 64)",b'typedef ParamOpSign<MaskedSoftmaxParam> Maske...'
mxnet,../repos/mxnet/src/operator/nn/dnnl/dnnl_split.cc,"(53, 1)-(53, 52)",b'typedef ParamOpSign<SplitParam> DNNLSplitSign...'
mxnet,../repos/mxnet/src/operator/nn/dnnl/dnnl_pooling-inl.h,"(172, 1)-(172, 56)",b'typedef ParamOpSign<PoolingParam> DNNLPooling...'
mxnet,../repos/mxnet/src/operator/nn/dnnl/dnnl_rnn-inl.h,"(106, 1)-(106, 57)",b'typedef std::vector<DNNLRnnLayerParam> LayerP...'
mxnet,../repos/mxnet/src/operator/nn/dnnl/dnnl_rnn-inl.h,"(155, 1)-(155, 66)",b'typedef std::shared_ptr<dnnl::primitive_attr>...'
mxnet,../repos/mxnet/src/operator/nn/dnnl/dnnl_rnn-inl.h,"(354, 1)-(354, 57)",b'typedef std::shared_ptr<dnnl::memory> dnnl_sh...'
mxnet,../repos/mxnet/src/operator/nn/dnnl/dnnl_layer_norm-inl.h,"(44, 1)-(44, 56)",b'typedef ParamOpSign<LayerNormParam> LayerNorm...'
mxnet,../repos/mxnet/src/operator/nn/dnnl/dnnl_act-inl.h,"(72, 1)-(72, 52)",b'typedef ParamOpSign<DNNLActParam> DNNLActSign...'
mxnet,../repos/mxnet/src/operator/nn/dnnl/dnnl_log_softmax.cc,"(82, 1)-(82, 56)",b'typedef ParamOpSign<SoftmaxParam> DNNLSoftmax...'
mxnet,../repos/mxnet/src/operator/nn/dnnl/dnnl_base-inl.h,"(435, 1)-(435, 52)",b'typedef std::shared_ptr<dnnl::memory> dnnl_me...'
mxnet,../repos/mxnet/src/operator/nn/dnnl/dnnl_base-inl.h,"(436, 1)-(436, 64)",b'typedef std::shared_ptr<const dnnl::memory> d...'
mxnet,../repos/mxnet/src/operator/nn/dnnl/dnnl_base-inl.h,"(500, 1)-(500, 63)","b'typedef std::unordered_map<int, dnnl::memory>...'"
mxnet,../repos/mxnet/src/operator/nn/dnnl/dnnl_base-inl.h,"(552, 1)-(552, 59)","b'typedef std::pair<OutDataOp, dnnl::memory*> d...'"
mxnet,../repos/mxnet/src/operator/nn/dnnl/dnnl_reduce.cc,"(136, 1)-(136, 63)",b'typedef ParamOpSign<NumpyReduceAxesParam> DNN...'
mxnet,../repos/mxnet/src/operator/nn/dnnl/dnnl_eltwise-inl.h,"(40, 3)-(40, 44)",b'typedef OpSignature DNNLEltwiseSignature;'
mxnet,../repos/mxnet/src/operator/nn/dnnl/dnnl_pow_mul_scalar-inl.h,"(62, 1)-(62, 70)",b'typedef ParamOpSign<DNNLPowMulScalarParam> DN...'
mxnet,../repos/mxnet/src/operator/nn/dnnl/dnnl_batch_dot-inl.h,"(81, 1)-(81, 53)",b'typedef ParamOpSign<DNNLDotParam> BatchDotSig...'
mxnet,../repos/mxnet/src/operator/nn/dnnl/dnnl_batch_norm.cc,"(37, 1)-(37, 72)",b'typedef dnnl::batch_normalization_forward::pr...'
mxnet,../repos/mxnet/src/operator/nn/dnnl/dnnl_batch_norm.cc,"(38, 1)-(38, 61)",b'typedef dnnl::batch_normalization_forward::de...'
mxnet,../repos/mxnet/src/operator/nn/dnnl/dnnl_batch_norm.cc,"(39, 1)-(39, 73)",b'typedef dnnl::batch_normalization_backward::p...'
mxnet,../repos/mxnet/src/operator/nn/dnnl/dnnl_batch_norm.cc,"(40, 1)-(40, 62)",b'typedef dnnl::batch_normalization_backward::d...'
mxnet,../repos/mxnet/src/operator/nn/dnnl/dnnl_dot-inl.h,"(41, 1)-(41, 44)",b'typedef ParamOpSign<DotParam> DotSignature;'
mxnet,../repos/mxnet/src/operator/nn/dnnl/dnnl_convolution-inl.h,"(115, 1)-(115, 57)",b'typedef ParamOpSign<ConvolutionParam> DNNLCon...'
mxnet,../repos/mxnet/src/operator/nn/convolution-inl.h,"(195, 1)-(195, 53)",b'typedef ParamOpSign<ConvolutionParam> ConvSig...'
mxnet,../repos/mxnet/src/operator/nn/cudnn/cudnn_algoreg-inl.h,"(176, 1)-(176, 57)",b'typedef CuDNNAlgoReg<ConvolutionParam> CuDNNC...'
mxnet,../repos/mxnet/src/operator/nn/cudnn/cudnn_algoreg-inl.h,"(177, 1)-(177, 61)",b'typedef CuDNNAlgoReg<DeconvolutionParam> CuDN...'
mxnet,../repos/mxnet/src/operator/nn/deconvolution-inl.h,"(247, 1)-(247, 57)",b'typedef ParamOpSign<DeconvolutionParam> Decon...'
mxnet,../repos/mxnet/src/operator/mxnet_op.h,"(813, 3)-(813, 24)",b'typedef OP Operation;'
mxnet,../repos/mxnet/src/operator/mxnet_op.h,"(833, 3)-(833, 24)",b'typedef OP Operation;'
mxnet,../repos/mxnet/src/operator/quantization/quantized_elemwise_mul.cc,"(170, 7)-(170, 31)",b'typedef int8_t out_type;'
mxnet,../repos/mxnet/src/operator/quantization/dnnl/dnnl_quantized_transpose.cc,"(47, 1)-(51, 68)",b'typedef void (*TransposeFallbackFunAny)(const...'
mxnet,../repos/mxnet/src/operator/quantization/dnnl/dnnl_requantize-inl.h,"(49, 3)-(49, 28)",b'typedef int32_t SrcDType;'
mxnet,../repos/mxnet/src/operator/quantization/dnnl/dnnl_requantize-inl.h,"(104, 3)-(104, 28)",b'typedef int32_t SrcDType;'
mxnet,../repos/mxnet/src/operator/quantization/dnnl/dnnl_requantize-inl.h,"(105, 3)-(105, 27)",b'typedef int8_t DstDType;'
mxnet,../repos/mxnet/src/operator/quantization/quantized_flatten-inl.h,"(70, 5)-(70, 30)",b'typedef uint8_t SrcDType;'
mxnet,../repos/mxnet/src/operator/quantization/quantized_flatten-inl.h,"(71, 5)-(71, 30)",b'typedef uint8_t DstDType;'
mxnet,../repos/mxnet/src/operator/quantization/quantized_flatten-inl.h,"(81, 5)-(81, 29)",b'typedef int8_t SrcDType;'
mxnet,../repos/mxnet/src/operator/quantization/quantized_flatten-inl.h,"(82, 5)-(82, 29)",b'typedef int8_t DstDType;'
mxnet,../repos/mxnet/src/operator/quantization/quantized_fully_connected.cc,"(158, 5)-(158, 24)",b'typedef int32_t T1;'
mxnet,../repos/mxnet/src/operator/quantization/quantize_v2-inl.h,"(192, 5)-(192, 28)",b'typedef float SrcDType;'
mxnet,../repos/mxnet/src/operator/quantization/requantize-inl.h,"(134, 3)-(134, 28)",b'typedef int32_t SrcDType;'
mxnet,../repos/mxnet/src/operator/quantization/requantize-inl.h,"(135, 3)-(135, 27)",b'typedef int8_t DstDType;'
mxnet,../repos/mxnet/src/operator/quantization/quantized_transpose.cc,"(44, 1)-(46, 59)",b'typedef bool (*TransposeShapeFunAny)(const nn...'
mxnet,../repos/mxnet/src/operator/numpy/linalg/broadcast_reduce_customized-inl.h,"(104, 7)-(104, 82)","b'typedef typename std::conditional<safe_acc, A...'"
mxnet,../repos/mxnet/src/operator/numpy/linalg/broadcast_reduce_customized-inl.h,"(106, 9)-(106, 84)","b'typedef typename std::conditional<safe_acc, O...'"
mxnet,../repos/mxnet/src/operator/numpy/np_einsum_path_op-inl.h,"(54, 1)-(54, 54)",b'typedef std::vector<std::bitset<MAXAXIS> > Se...'
mxnet,../repos/mxnet/src/operator/numpy/np_broadcast_reduce_op.h,"(570, 5)-(570, 67)",b'typedef mxnet::op::mshadow_op::IndexedNum<ITy...'
mxnet,../repos/mxnet/src/operator/operator_tune-inl.h,"(542, 3)-(542, 37)",b'typedef OperatorTune<DType> Super;'
mxnet,../repos/mxnet/src/operator/operator_tune-inl.h,"(730, 3)-(730, 36)",b'typedef UnaryOpTune<DType> Super;'
mxnet,../repos/mxnet/src/operator/subgraph/subgraph_property.h,"(544, 3)-(544, 65)",b'typedef SubgraphPropertyPtr (*SubgraphPropert...'
mxnet,../repos/mxnet/src/operator/subgraph/subgraph_property.h,"(597, 1)-(598, 31)",b'typedef dmlc::ThreadLocalStore<std::unordered...'
mxnet,../repos/mxnet/src/operator/subgraph/tensorrt/nnvm_to_onnx-inl.h,"(78, 1)-(82, 86)",b'typedef void (*ConverterFunction)(GraphProto*...'
mxnet,../repos/mxnet/src/operator/subgraph/tensorrt/nnvm_to_onnx-inl.h,"(223, 1)-(225, 90)",b'typedef void (*PreprocessFunction)(const Node...'
mxnet,../repos/mxnet/src/io/image_augmenter.h,"(73, 1)-(73, 64)",b'typedef std::function<ImageAugmenter*()> Imag...'
mxnet,../repos/mxnet/src/kvstore/kvstore_local.h,"(406, 3)-(406, 47)","b'typedef std::pair<NDArray*, NDArray> RSPVal;'"
mxnet,../repos/mxnet/src/kvstore/kvstore_dist_server.h,"(123, 3)-(123, 38)",b'typedef std::function<void()> Func;'
mxnet,../repos/mxnet/src/resource.cc,"(556, 3)-(556, 70)",b'typedef dmlc::ThreadLocalStore<resource::Reso...'
mxnet,../repos/mxnet/src/initialize.h,"(45, 3)-(45, 54)","b'typedef std::map<std::string, void*> loaded_l...'"
mxnet,../repos/mxnet/src/engine/threaded_engine.h,"(68, 1)-(68, 58)",b'typedef std::shared_ptr<std::exception_ptr> E...'
mxnet,../repos/mxnet/src/engine/threaded_engine.h,"(470, 3)-(470, 62)",b'typedef dmlc::ThreadLocalStore<BulkStatus> Bu...'
mxnet,../repos/mxnet/example/extensions/lib_custom_op/gemm_lib.cc,"(68, 5)-(68, 25)",b'typedef float DType;'
mxnet,../repos/mxnet/include/mxnet/tuple.h,"(720, 3)-(720, 71)",b'typedef typename std::iterator_traits<SrcIter...'
mxnet,../repos/mxnet/include/mxnet/tuple.h,"(721, 3)-(721, 71)",b'typedef typename std::iterator_traits<DstIter...'
mxnet,../repos/mxnet/include/mxnet/runtime/c_runtime_api.h,"(41, 1)-(66, 17)",b'typedef enum {\n  // The type code of other ty...'
mxnet,../repos/mxnet/include/mxnet/runtime/c_runtime_api.h,"(72, 1)-(79, 14)",b'typedef union {\n  int64_t v_int64;\n  double v...'
mxnet,../repos/mxnet/include/mxnet/runtime/c_runtime_api.h,"(85, 1)-(88, 18)",b'typedef struct {\n  const char* data;\n  size_t...'
mxnet,../repos/mxnet/include/mxnet/runtime/c_runtime_api.h,"(91, 1)-(91, 35)",b'typedef void* MXNetFunctionHandle;'
mxnet,../repos/mxnet/include/mxnet/runtime/c_runtime_api.h,"(93, 1)-(93, 33)",b'typedef void* MXNetObjectHandle;'
mxnet,../repos/mxnet/include/mxnet/runtime/object.h,"(157, 3)-(157, 42)",b'typedef void (*FDeleter)(Object* self);'
mxnet,../repos/mxnet/include/mxnet/random_generator.h,"(55, 5)-(56, 100)",b'typedef\n        typename std::conditional<std...'
mxnet,../repos/mxnet/include/mxnet/random_generator.h,"(72, 7)-(74, 92)",b'typedef typename std::conditional<std::is_int...'
mxnet,../repos/mxnet/include/mxnet/engine.h,"(139, 1)-(139, 24)",b'typedef Var* VarHandle;'
mxnet,../repos/mxnet/include/mxnet/engine.h,"(141, 1)-(141, 24)",b'typedef Opr* OprHandle;'
mxnet,../repos/mxnet/include/mxnet/engine.h,"(218, 3)-(218, 57)",b'typedef engine::CallbackOnComplete CallbackOn...'
mxnet,../repos/mxnet/include/mxnet/engine.h,"(220, 3)-(220, 50)",b'typedef std::function<void(RunContext)> SyncFn;'
mxnet,../repos/mxnet/include/mxnet/engine.h,"(222, 3)-(222, 88)","b'typedef std::function<void(RunContext, Callba...'"
mxnet,../repos/mxnet/include/mxnet/engine.h,"(224, 3)-(224, 39)",b'typedef engine::VarHandle VarHandle;'
mxnet,../repos/mxnet/include/mxnet/engine.h,"(226, 3)-(226, 39)",b'typedef engine::OprHandle OprHandle;'
mxnet,../repos/mxnet/include/mxnet/executor.h,"(176, 3)-(176, 67)","b'typedef std::function<void(const char*, void*...'"
mxnet,../repos/mxnet/include/mxnet/operator.h,"(450, 1)-(450, 68)",b'typedef std::function<OperatorProperty*()> Op...'
mxnet,../repos/mxnet/include/mxnet/base.h,"(77, 1)-(77, 26)",b'typedef mshadow::cpu cpu;'
mxnet,../repos/mxnet/include/mxnet/base.h,"(79, 1)-(79, 26)",b'typedef mshadow::gpu gpu;'
mxnet,../repos/mxnet/include/mxnet/base.h,"(81, 1)-(81, 34)",b'typedef mshadow::index_t index_t;'
mxnet,../repos/mxnet/include/mxnet/base.h,"(83, 1)-(83, 48)",b'typedef mshadow::lapack_index_t lapack_index_t;'
mxnet,../repos/mxnet/include/mxnet/base.h,"(85, 1)-(85, 40)",b'typedef mshadow::default_real_t real_t;'
mxnet,../repos/mxnet/include/mxnet/imperative.h,"(58, 1)-(58, 38)",b'typedef NumpyShape NumpyDefaultDtype;'
mxnet,../repos/mxnet/include/mxnet/tensor_blob.h,"(488, 3)-(488, 75)",b'typedef FieldEntryBase<FieldEntry<mxnet::TSha...'
mxnet,../repos/mxnet/include/mxnet/operator_util.h,"(89, 1)-(89, 100)",b'typedef void (*SourceFunction)(const EnvArgum...'
mxnet,../repos/mxnet/include/mxnet/operator_util.h,"(96, 1)-(96, 71)",b'typedef mxnet::TShape (*SourceShapeFunction)(...'
mxnet,../repos/mxnet/include/mxnet/operator_util.h,"(107, 1)-(111, 47)",b'typedef void (*UnaryFunction)(const TBlob& sr...'
mxnet,../repos/mxnet/include/mxnet/operator_util.h,"(118, 1)-(118, 96)",b'typedef mxnet::TShape (*UnaryShapeFunction)(c...'
mxnet,../repos/mxnet/include/mxnet/operator_util.h,"(128, 1)-(132, 53)",b'typedef void (*UnaryGradFunctionT0)(const Out...'
mxnet,../repos/mxnet/include/mxnet/operator_util.h,"(142, 1)-(147, 53)",b'typedef void (*UnaryGradFunctionT1)(const Out...'
mxnet,../repos/mxnet/include/mxnet/operator_util.h,"(157, 1)-(162, 53)",b'typedef void (*UnaryGradFunctionT2)(const Out...'
mxnet,../repos/mxnet/include/mxnet/operator_util.h,"(173, 1)-(178, 48)",b'typedef void (*BinaryFunction)(const TBlob& l...'
mxnet,../repos/mxnet/include/mxnet/operator_util.h,"(187, 1)-(189, 71)",b'typedef mxnet::TShape (*BinaryShapeFunction)(...'
mxnet,../repos/mxnet/include/mxnet/operator_util.h,"(201, 1)-(207, 54)",b'typedef void (*BinaryGradFunctionT0)(const Ou...'
mxnet,../repos/mxnet/include/mxnet/operator_util.h,"(220, 1)-(228, 54)",b'typedef void (*BinaryGradFunctionT1)(const Ou...'
mxnet,../repos/mxnet/include/mxnet/operator_util.h,"(254, 3)-(254, 34)",b'typedef SimpleOpRegEntry TSelf;'
mxnet,../repos/mxnet/include/mxnet/ndarray.h,"(1352, 1)-(1358, 24)",b'typedef std::function<void(NDArray** used_var...'
mxnet,../repos/mxnet/include/mxnet/io.h,"(97, 1)-(97, 68)",b'typedef std::function<IIterator<DataBatch>*()...'
mxnet,../repos/mxnet/include/mxnet/io.h,"(143, 1)-(144, 20)",b'typedef std::function<Dataset*(const std::vec...'
mxnet,../repos/mxnet/include/mxnet/io.h,"(179, 1)-(180, 29)",b'typedef std::function<BatchifyFunction*(const...'
mxnet,../repos/mxnet/include/mxnet/lib_api.h,"(101, 1)-(127, 16)",b'typedef enum {\n  /*! \\brief CPU device */\n  k...'
mxnet,../repos/mxnet/include/mxnet/lib_api.h,"(132, 1)-(137, 13)",b'typedef struct {\n  /*! \\brief The device type...'
mxnet,../repos/mxnet/include/mxnet/lib_api.h,"(142, 1)-(146, 18)","b'typedef enum {\n  kDLInt   = 0U,\n  kDLUInt  = ...'"
mxnet,../repos/mxnet/include/mxnet/lib_api.h,"(156, 1)-(169, 14)",b'typedef struct {\n  /*!\n   * \\brief Type code ...'
mxnet,../repos/mxnet/include/mxnet/lib_api.h,"(174, 1)-(210, 12)",b'typedef struct {\n  /*!\n   * \\brief The opaque...'
mxnet,../repos/mxnet/include/mxnet/lib_api.h,"(384, 1)-(384, 43)","b'typedef void* (*xpu_malloc_t)(void*, int);'"
mxnet,../repos/mxnet/include/mxnet/lib_api.h,"(386, 1)-(386, 85)","b'typedef void (*sparse_malloc_t)(void*, int, i...'"
mxnet,../repos/mxnet/include/mxnet/lib_api.h,"(388, 1)-(396, 42)",b'typedef void (*nd_malloc_t)(const void* _ndar...'
mxnet,../repos/mxnet/include/mxnet/lib_api.h,"(399, 1)-(399, 34)",b'typedef cudaStream_t mx_stream_t;'
mxnet,../repos/mxnet/include/mxnet/lib_api.h,"(400, 1)-(400, 50)",b'typedef curandStatePhilox4_32_10_t mx_gpu_rand_t;'
mxnet,../repos/mxnet/include/mxnet/lib_api.h,"(402, 1)-(402, 27)",b'typedef void* mx_stream_t;'
mxnet,../repos/mxnet/include/mxnet/lib_api.h,"(403, 1)-(403, 29)",b'typedef void* mx_gpu_rand_t;'
mxnet,../repos/mxnet/include/mxnet/lib_api.h,"(405, 1)-(405, 36)",b'typedef std::mt19937 mx_cpu_rand_t;'
mxnet,../repos/mxnet/include/mxnet/lib_api.h,"(747, 1)-(750, 57)",b'typedef MXReturnValue (*fcomp_t)(const std::u...'
mxnet,../repos/mxnet/include/mxnet/lib_api.h,"(751, 1)-(754, 23)",b'typedef MXReturnValue (*parseAttrs_t)(\n    co...'
mxnet,../repos/mxnet/include/mxnet/lib_api.h,"(755, 1)-(757, 67)",b'typedef MXReturnValue (*inferType_t)(const st...'
mxnet,../repos/mxnet/include/mxnet/lib_api.h,"(758, 1)-(761, 42)",b'typedef MXReturnValue (*inferSType_t)(\n    co...'
mxnet,../repos/mxnet/include/mxnet/lib_api.h,"(762, 1)-(765, 58)",b'typedef MXReturnValue (*inferShape_t)(\n    co...'
mxnet,../repos/mxnet/include/mxnet/lib_api.h,"(766, 1)-(768, 38)",b'typedef MXReturnValue (*mutateInputs_t)(\n    ...'
mxnet,../repos/mxnet/include/mxnet/lib_api.h,"(769, 1)-(774, 25)",b'typedef MXReturnValue (*createOpState_t)(\n   ...'
mxnet,../repos/mxnet/include/mxnet/lib_api.h,"(828, 1)-(829, 99)",b'typedef MXReturnValue (*graphPass_t)(mxnet::e...'
mxnet,../repos/mxnet/include/mxnet/lib_api.h,"(848, 1)-(851, 66)",b'typedef MXReturnValue (*supportedOps_t)(\n    ...'
mxnet,../repos/mxnet/include/mxnet/lib_api.h,"(852, 1)-(855, 66)",b'typedef MXReturnValue (*createSelector_t)(\n  ...'
mxnet,../repos/mxnet/include/mxnet/lib_api.h,"(856, 1)-(861, 58)",b'typedef MXReturnValue (*reviewSubgraph_t)(\n  ...'
mxnet,../repos/mxnet/include/mxnet/lib_api.h,"(980, 1)-(980, 34)",b'typedef int (*opRegSize_t)(void);'
mxnet,../repos/mxnet/include/mxnet/lib_api.h,"(983, 1)-(999, 63)","b'typedef int (*opRegGet_t)(int idx,\n          ...'"
mxnet,../repos/mxnet/include/mxnet/lib_api.h,"(1002, 1)-(1002, 40)",b'typedef int (*opCallFree_t)(void* ptr);'
mxnet,../repos/mxnet/include/mxnet/lib_api.h,"(1005, 1)-(1010, 49)",b'typedef int (*opCallParseAttrs_t)(parseAttrs_...'
mxnet,../repos/mxnet/include/mxnet/lib_api.h,"(1013, 1)-(1024, 48)",b'typedef int (*opCallInferShape_t)(inferShape_...'
mxnet,../repos/mxnet/include/mxnet/lib_api.h,"(1027, 1)-(1034, 47)",b'typedef int (*opCallInferType_t)(inferType_t ...'
mxnet,../repos/mxnet/include/mxnet/lib_api.h,"(1037, 1)-(1044, 48)",b'typedef int (*opCallInferSType_t)(inferSType_...'
mxnet,../repos/mxnet/include/mxnet/lib_api.h,"(1047, 1)-(1085, 52)","b'typedef int (*opCallFComp_t)(fcomp_t fcomp,\n ...'"
mxnet,../repos/mxnet/include/mxnet/lib_api.h,"(1088, 1)-(1093, 56)",b'typedef int (*opCallMutateInputs_t)(mutateInp...'
mxnet,../repos/mxnet/include/mxnet/lib_api.h,"(1096, 1)-(1106, 55)",b'typedef int (*opCallCreateOpState_t)(createOp...'
mxnet,../repos/mxnet/include/mxnet/lib_api.h,"(1109, 1)-(1109, 55)",b'typedef int (*opCallDestroyOpState_t)(void* s...'
mxnet,../repos/mxnet/include/mxnet/lib_api.h,"(1112, 1)-(1148, 60)",b'typedef int (*opCallFStatefulComp_t)(int is_f...'
mxnet,../repos/mxnet/include/mxnet/lib_api.h,"(1151, 1)-(1151, 36)",b'typedef int (*partRegSize_t)(void);'
mxnet,../repos/mxnet/include/mxnet/lib_api.h,"(1154, 1)-(1154, 62)","b'typedef int (*partRegGetCount_t)(int idx, con...'"
mxnet,../repos/mxnet/include/mxnet/lib_api.h,"(1157, 1)-(1163, 52)","b'typedef void (*partRegGet_t)(int part_idx,\n  ...'"
mxnet,../repos/mxnet/include/mxnet/lib_api.h,"(1166, 1)-(1172, 53)",b'typedef int (*partCallSupportedOps_t)(support...'
mxnet,../repos/mxnet/include/mxnet/lib_api.h,"(1175, 1)-(1180, 55)",b'typedef int (*partCallCreateSelector_t)(creat...'
mxnet,../repos/mxnet/include/mxnet/lib_api.h,"(1183, 1)-(1183, 77)",b'typedef void (*partCallSelect_t)(void* sel_in...'
mxnet,../repos/mxnet/include/mxnet/lib_api.h,"(1186, 1)-(1186, 100)",b'typedef void (*partCallSelectInput_t)(void* s...'
mxnet,../repos/mxnet/include/mxnet/lib_api.h,"(1189, 1)-(1192, 55)",b'typedef void (*partCallSelectOutput_t)(void* ...'
mxnet,../repos/mxnet/include/mxnet/lib_api.h,"(1195, 1)-(1199, 49)",b'typedef void (*partCallFilter_t)(void* sel_in...'
mxnet,../repos/mxnet/include/mxnet/lib_api.h,"(1202, 1)-(1202, 49)",b'typedef void (*partCallReset_t)(void* sel_inst);'
mxnet,../repos/mxnet/include/mxnet/lib_api.h,"(1205, 1)-(1232, 64)",b'typedef int (*partCallReviewSubgraph_t)(revie...'
mxnet,../repos/mxnet/include/mxnet/lib_api.h,"(1235, 1)-(1235, 36)",b'typedef int (*passRegSize_t)(void);'
mxnet,../repos/mxnet/include/mxnet/lib_api.h,"(1238, 1)-(1238, 92)","b'typedef void (*passRegGet_t)(int pass_idx, gr...'"
mxnet,../repos/mxnet/include/mxnet/lib_api.h,"(1241, 1)-(1267, 58)",b'typedef int (*passCallGraphPass_t)(graphPass_...'
mxnet,../repos/mxnet/include/mxnet/lib_api.h,"(1270, 1)-(1270, 42)",b'typedef int (*initialize_t)(int version);'
mxnet,../repos/mxnet/include/mxnet/lib_api.h,"(1273, 1)-(1273, 30)",b'typedef int (*opVersion_t)();'
mxnet,../repos/mxnet/include/mxnet/lib_api.h,"(1276, 1)-(1276, 32)",b'typedef int (*msgSize_t)(void);'
mxnet,../repos/mxnet/include/mxnet/lib_api.h,"(1279, 1)-(1279, 52)","b'typedef int (*msgGet_t)(int idx, const char**...'"
mxnet,../repos/mxnet/include/mxnet/c_api.h,"(65, 1)-(65, 26)",b'typedef uint32_t mx_uint;'
mxnet,../repos/mxnet/include/mxnet/c_api.h,"(67, 1)-(67, 24)",b'typedef float mx_float;'
mxnet,../repos/mxnet/include/mxnet/c_api.h,"(69, 1)-(69, 23)",b'typedef int64_t dim_t;'
mxnet,../repos/mxnet/include/mxnet/c_api.h,"(74, 1)-(74, 29)",b'typedef void* NDArrayHandle;'
mxnet,../repos/mxnet/include/mxnet/c_api.h,"(76, 1)-(76, 36)",b'typedef const void* FunctionHandle;'
mxnet,../repos/mxnet/include/mxnet/c_api.h,"(78, 1)-(78, 35)",b'typedef void* AtomicSymbolCreator;'
mxnet,../repos/mxnet/include/mxnet/c_api.h,"(80, 1)-(80, 30)",b'typedef void* CachedOpHandle;'
mxnet,../repos/mxnet/include/mxnet/c_api.h,"(82, 1)-(82, 28)",b'typedef void* SymbolHandle;'
mxnet,../repos/mxnet/include/mxnet/c_api.h,"(84, 1)-(84, 34)",b'typedef void* AtomicSymbolHandle;'
mxnet,../repos/mxnet/include/mxnet/c_api.h,"(86, 1)-(86, 30)",b'typedef void* ExecutorHandle;'
mxnet,../repos/mxnet/include/mxnet/c_api.h,"(88, 1)-(88, 31)",b'typedef void* DataIterCreator;'
mxnet,../repos/mxnet/include/mxnet/c_api.h,"(90, 1)-(90, 30)",b'typedef void* DataIterHandle;'
mxnet,../repos/mxnet/include/mxnet/c_api.h,"(92, 1)-(92, 30)",b'typedef void* DatasetCreator;'
mxnet,../repos/mxnet/include/mxnet/c_api.h,"(94, 1)-(94, 29)",b'typedef void* DatasetHandle;'
mxnet,../repos/mxnet/include/mxnet/c_api.h,"(96, 1)-(96, 39)",b'typedef void* BatchifyFunctionCreator;'
mxnet,../repos/mxnet/include/mxnet/c_api.h,"(98, 1)-(98, 38)",b'typedef void* BatchifyFunctionHandle;'
mxnet,../repos/mxnet/include/mxnet/c_api.h,"(100, 1)-(100, 29)",b'typedef void* KVStoreHandle;'
mxnet,../repos/mxnet/include/mxnet/c_api.h,"(102, 1)-(102, 30)",b'typedef void* RecordIOHandle;'
mxnet,../repos/mxnet/include/mxnet/c_api.h,"(104, 1)-(104, 25)",b'typedef void* RtcHandle;'
mxnet,../repos/mxnet/include/mxnet/c_api.h,"(106, 1)-(106, 32)",b'typedef void* CudaModuleHandle;'
mxnet,../repos/mxnet/include/mxnet/c_api.h,"(108, 1)-(108, 32)",b'typedef void* CudaKernelHandle;'
mxnet,../repos/mxnet/include/mxnet/c_api.h,"(110, 1)-(110, 29)",b'typedef void* ProfileHandle;'
mxnet,../repos/mxnet/include/mxnet/c_api.h,"(112, 1)-(112, 37)",b'typedef void* DLManagedTensorHandle;'
mxnet,../repos/mxnet/include/mxnet/c_api.h,"(114, 1)-(114, 35)",b'typedef const void* ContextHandle;'
mxnet,../repos/mxnet/include/mxnet/c_api.h,"(116, 1)-(116, 44)",b'typedef const void* EngineFnPropertyHandle;'
mxnet,../repos/mxnet/include/mxnet/c_api.h,"(118, 1)-(118, 31)",b'typedef void* EngineVarHandle;'
mxnet,../repos/mxnet/include/mxnet/c_api.h,"(121, 1)-(121, 61)","b'typedef void (*EngineAsyncFunc)(void*, void*,...'"
mxnet,../repos/mxnet/include/mxnet/c_api.h,"(123, 1)-(123, 46)","b'typedef void (*EngineSyncFunc)(void*, void*);'"
mxnet,../repos/mxnet/include/mxnet/c_api.h,"(125, 1)-(125, 47)",b'typedef void (*EngineFuncParamDeleter)(void*);'
mxnet,../repos/mxnet/include/mxnet/c_api.h,"(127, 1)-(127, 82)",b'typedef void (*CachedOpMonitorCallback)(const...'
mxnet,../repos/mxnet/include/mxnet/c_api.h,"(159, 1)-(159, 40)",b'typedef int (*MXGenericCallback)(void);'
mxnet,../repos/mxnet/include/mxnet/c_api.h,"(187, 1)-(192, 48)","b'typedef int (*CustomOpFBFunc)(int /*size*/,\n ...'"
mxnet,../repos/mxnet/include/mxnet/c_api.h,"(193, 1)-(193, 49)",b'typedef int (*CustomOpDelFunc)(void* /*state*/);'
mxnet,../repos/mxnet/include/mxnet/c_api.h,"(194, 1)-(194, 68)",b'typedef int (*CustomOpListFunc)(char*** /*arg...'
mxnet,../repos/mxnet/include/mxnet/c_api.h,"(195, 1)-(198, 56)",b'typedef int (*CustomOpInferShapeFunc)(int /*n...'
mxnet,../repos/mxnet/include/mxnet/c_api.h,"(199, 1)-(199, 98)",b'typedef int (*CustomOpInferStorageTypeFunc)(i...'
mxnet,../repos/mxnet/include/mxnet/c_api.h,"(200, 1)-(203, 70)",b'typedef int (*CustomOpBackwardInferStorageTyp...'
mxnet,../repos/mxnet/include/mxnet/c_api.h,"(204, 1)-(204, 90)",b'typedef int (*CustomOpInferTypeFunc)(int /*nu...'
mxnet,../repos/mxnet/include/mxnet/c_api.h,"(205, 1)-(210, 52)",b'typedef int (*CustomOpBwdDepFunc)(const int* ...'
mxnet,../repos/mxnet/include/mxnet/c_api.h,"(211, 1)-(217, 52)",b'typedef int (*CustomOpCreateFunc)(const char*...'
mxnet,../repos/mxnet/include/mxnet/c_api.h,"(218, 1)-(222, 68)",b'typedef int (*CustomOpPropCreator)(const char...'
mxnet,../repos/mxnet/include/mxnet/c_api.h,"(226, 1)-(231, 55)",b'typedef int (*CustomFunctionBwdFunc)(int /*nu...'
mxnet,../repos/mxnet/include/mxnet/c_api.h,"(232, 1)-(232, 55)",b'typedef int (*CustomFunctionDelFunc)(void* /*...'
mxnet,../repos/mxnet/include/mxnet/c_api.h,"(593, 1)-(597, 16)",b'typedef struct ConfigSpaces {\n  int spaces_si...'
mxnet,../repos/mxnet/include/mxnet/c_api.h,"(2651, 1)-(2651, 96)","b'typedef void(MXKVStoreUpdater)(int key, NDArr...'"
mxnet,../repos/mxnet/include/mxnet/c_api.h,"(2660, 1)-(2663, 49)",b'typedef void(MXKVStoreStrUpdater)(const char*...'
mxnet,../repos/mxnet/include/mxnet/c_api.h,"(2761, 1)-(2761, 94)",b'typedef void(MXKVStoreServerController)(int h...'
mxnet,../repos/mxnet/include/mxnet/kvstore.h,"(285, 3)-(285, 70)","b'typedef std::function<void(int, const NDArray...'"
mxnet,../repos/mxnet/include/mxnet/kvstore.h,"(289, 3)-(289, 88)",b'typedef std::function<void(const std::string&...'
mxnet,../repos/mxnet/include/mxnet/kvstore.h,"(454, 3)-(454, 67)","b'typedef std::function<void(int, const std::st...'"
mxnet,../repos/mxnet/cpp-package/include/mxnet-cpp/base.h,"(36, 1)-(36, 26)",b'typedef unsigned index_t;'
mxnet,../repos/mxnet/cpp-package/include/mxnet-cpp/optimizer.h,"(122, 1)-(122, 54)",b'typedef std::function<Optimizer*()> Optimizer...'
mxnet,../repos/mxnet/plugin/sframe/iter_sframe.cc,"(177, 3)-(177, 33)",b'typedef SFrameIterBase Parent;'
mxnet,../repos/mxnet/plugin/sframe/iter_sframe.cc,"(209, 3)-(209, 33)",b'typedef SFrameIterBase Parent;'
mxnet,../repos/mxnet/plugin/torch/torch_base.h,"(116, 1)-(116, 31)",b'typedef void* THGeneralTensor;'
mxnet,../repos/mxnet/plugin/torch/torch_base.h,"(117, 1)-(117, 32)",b'typedef void* THGeneralStorage;'
mxnet,../repos/mxnet/tests/cpp/include/test_legacy_op.h,"(66, 3)-(66, 26)",b'typedef DType DataType;'
mxnet,../repos/mxnet/tests/cpp/include/test_legacy_op.h,"(67, 3)-(67, 31)",b'typedef AccReal AccRealType;'
mxnet,../repos/mxnet/tests/cpp/include/test_op_runner.h,"(45, 3)-(45, 53)",b'typedef typename OperatorExecutor::DataType DType;'
mxnet,../repos/mxnet/tests/cpp/include/test_ndarray_utils.h,"(145, 3)-(145, 61)","b'typedef std::map<size_t, std::map<size_t, DTy...'"
mxnet,../repos/mxnet/tests/cpp/include/test_perf.h,"(294, 3)-(294, 72)","b'typedef std::unordered_map<int, TimingInstrum...'"
mxnet,../repos/mxnet/tests/cpp/include/test_core_op.h,"(218, 3)-(218, 26)",b'typedef DType DataType;'
mxnet,../repos/mxnet/tests/cpp/include/test_core_op.h,"(219, 3)-(219, 31)",b'typedef AccReal AccRealType;'
mxnet,../repos/mxnet/tests/cpp/include/test_op.h,"(271, 1)-(271, 68)","b'typedef std::vector<std::pair<std::string, st...'"
mxnet,../repos/mxnet/tests/cpp/operator/fully_conn_perf.cc,"(35, 1)-(35, 68)","b'typedef std::vector<std::pair<std::string, st...'"
mxnet,../repos/mxnet/tests/cpp/operator/dropout_perf.cc,"(34, 1)-(34, 68)","b'typedef std::vector<std::pair<std::string, st...'"
mxnet,../repos/mxnet/tests/cpp/operator/runner/core_op_runner_test.cc,"(137, 3)-(137, 23)",b'typedef float DType;'
mxnet,../repos/mxnet/tests/cpp/operator/runner/core_op_runner_test.cc,"(265, 3)-(265, 23)",b'typedef float DType;'
mxnet,../repos/mxnet/tests/cpp/operator/runner/core_op_runner_test.cc,"(292, 3)-(292, 23)",b'typedef float DType;'
mxnet,../repos/mxnet/tests/cpp/operator/tune/operator_tune_test.cc,"(131, 3)-(131, 23)",b'typedef float DType;'
mxnet,../repos/mxnet/tests/cpp/operator/tune/operator_tune_test.cc,"(137, 3)-(137, 24)",b'typedef double DType;'
mxnet,../repos/mxnet/tests/cpp/operator/tune/operator_tune_test.cc,"(143, 3)-(143, 39)",b'typedef mshadow::half::half_t DType;'
mxnet,../repos/mxnet/tests/cpp/operator/tune/operator_tune_test.cc,"(149, 3)-(149, 25)",b'typedef uint8_t DType;'
mxnet,../repos/mxnet/tests/cpp/operator/tune/operator_tune_test.cc,"(155, 3)-(155, 25)",b'typedef int32_t DType;'
mxnet,../repos/mxnet/tests/cpp/operator/tune/operator_tune_test.cc,"(161, 3)-(161, 25)",b'typedef int64_t DType;'
mxnet,../repos/mxnet/tests/cpp/operator/activation_perf.cc,"(34, 1)-(34, 68)","b'typedef std::vector<std::pair<std::string, st...'"
mxnet,../repos/mxnet/tests/cpp/operator/batchnorm_test.cc,"(280, 3)-(280, 53)","b'typedef test::op::Validator<DType, AccReal> Super;'"
mxnet,../repos/mxnet/tests/cpp/operator/slice_channel_perf.cc,"(34, 1)-(34, 67)","b'typedef std::vector<std::pair<std::string, st...'"
