Repo name,File name,Location,Content
mxnet,../repos/mxnet/3rdparty/mshadow/mshadow/packet/sse-inl.h,"(38, 10)-(38, 19)",b'static constexpr index_t size = 4;'
mxnet,../repos/mxnet/3rdparty/mshadow/mshadow/packet/sse-inl.h,"(84, 10)-(84, 19)",b'static constexpr index_t size = 2;'
mxnet,../repos/mxnet/3rdparty/mshadow/mshadow/packet/plain-inl.h,"(36, 10)-(36, 19)",b'static constexpr index_t size = 1;'
mxnet,../repos/mxnet/3rdparty/mshadow/mshadow/stream_gpu-inl.h,"(235, 7)-(235, 16)",b'constexpr int32_t numCachelines = 1024;'
mxnet,../repos/mxnet/3rdparty/ctc_include/detail/gpu_ctc.h,"(167, 5)-(167, 14)",b'constexpr int cpu_buffer_size = 64;'
mxnet,../repos/mxnet/3rdparty/ctc_include/detail/gpu_ctc.h,"(329, 5)-(329, 14)",b'constexpr int num_configs = 12;'
mxnet,../repos/mxnet/src/c_api/c_api.cc,"(1870, 5)-(1870, 14)",b'constexpr unsigned int mxcsr_mask_offset = 28;'
mxnet,../repos/mxnet/src/c_api/c_api.cc,"(1871, 5)-(1871, 14)",b'constexpr unsigned int dmz_flag_offset   = 5;'
mxnet,../repos/mxnet/src/c_api/c_api.cc,"(1872, 5)-(1872, 14)",b'constexpr unsigned int fxsave_req_bytes  = 512;'
mxnet,../repos/mxnet/src/common/cuda/utils.h,"(448, 1)-(448, 10)",b'constexpr size_t kMaxNumGpus = 64;'
mxnet,../repos/mxnet/src/common/cuda/utils.h,"(798, 8)-(798, 17)",b'static constexpr const int warp_size = 32;'
mxnet,../repos/mxnet/src/common/cuda/utils.h,"(798, 18)-(798, 23)",b'static constexpr const int warp_size = 32;'
mxnet,../repos/mxnet/src/common/cuda/cudnn_cxx.h,"(76, 10)-(76, 19)",b'static constexpr cudnnBackendAttributeType_t ...'
mxnet,../repos/mxnet/src/common/cuda/cudnn_cxx.h,"(81, 10)-(81, 19)",b'static constexpr cudnnBackendAttributeType_t ...'
mxnet,../repos/mxnet/src/common/cuda/cudnn_cxx.h,"(86, 10)-(86, 19)",b'static constexpr cudnnBackendAttributeType_t ...'
mxnet,../repos/mxnet/src/common/cuda/cudnn_cxx.h,"(91, 10)-(91, 19)",b'static constexpr cudnnBackendAttributeType_t ...'
mxnet,../repos/mxnet/src/common/cuda/cudnn_cxx.h,"(96, 10)-(96, 19)",b'static constexpr cudnnBackendAttributeType_t ...'
mxnet,../repos/mxnet/src/common/cuda/cudnn_cxx.h,"(101, 10)-(101, 19)",b'static constexpr cudnnBackendAttributeType_t ...'
mxnet,../repos/mxnet/src/common/cuda/cudnn_cxx.h,"(106, 10)-(106, 19)",b'static constexpr cudnnBackendAttributeType_t ...'
mxnet,../repos/mxnet/src/common/cuda/cudnn_cxx.h,"(111, 10)-(111, 19)",b'static constexpr cudnnBackendAttributeType_t ...'
mxnet,../repos/mxnet/src/common/cuda/cudnn_cxx.h,"(116, 10)-(116, 19)",b'static constexpr cudnnBackendAttributeType_t ...'
mxnet,../repos/mxnet/src/common/cuda/cudnn_cxx.h,"(121, 10)-(121, 19)",b'static constexpr cudnnBackendAttributeType_t ...'
mxnet,../repos/mxnet/src/common/cuda/cudnn_cxx.h,"(126, 10)-(126, 19)",b'static constexpr cudnnBackendAttributeType_t ...'
mxnet,../repos/mxnet/src/common/cuda/cudnn_cxx.h,"(131, 10)-(131, 19)",b'static constexpr cudnnBackendAttributeType_t ...'
mxnet,../repos/mxnet/src/common/cuda/cudnn_cxx.h,"(137, 10)-(137, 19)",b'static constexpr cudnnBackendAttributeType_t ...'
mxnet,../repos/mxnet/src/common/cuda/cudnn_cxx.h,"(142, 10)-(142, 19)",b'static constexpr cudnnBackendAttributeType_t ...'
mxnet,../repos/mxnet/src/common/cuda/cudnn_cxx.h,"(149, 10)-(149, 19)",b'static constexpr cudnnBackendAttributeType_t ...'
mxnet,../repos/mxnet/src/common/cuda/rtc/forward_functions-inl.h,"(716, 1)-(716, 6)","b'const char function_definitions_unary[] = R""c...'"
mxnet,../repos/mxnet/src/common/cuda/rtc/util-inl.h,"(415, 1)-(415, 6)","b'const char util_string[] = R""code(\nenum class...'"
mxnet,../repos/mxnet/src/common/cuda/rtc/util-inl.h,"(594, 1)-(594, 6)","b'const char limits[] = R""code(\nconstexpr doubl...'"
mxnet,../repos/mxnet/src/common/cuda/rtc/backward_functions-inl.h,"(30, 1)-(30, 6)",b'const char backward_function_definitions[] = ...'
mxnet,../repos/mxnet/src/common/cuda/rtc/vectorization-inl.h,"(40, 1)-(40, 6)",b'const char vectorization_support_string[] = R...'
mxnet,../repos/mxnet/src/common/cuda/rtc/vectorization-inl.h,"(347, 1)-(347, 10)",b'constexpr int vectorized_kernel_thread_num = 512;'
mxnet,../repos/mxnet/src/common/cuda/rtc/vectorization-inl.h,"(445, 5)-(445, 14)",b'constexpr int threads = vectorized_kernel_thr...'
mxnet,../repos/mxnet/src/common/cuda/rtc/vectorization-inl.h,"(452, 7)-(452, 16)",b'constexpr int max_blocks = 65535;'
mxnet,../repos/mxnet/src/common/cuda/rtc.cc,"(99, 3)-(99, 12)",b'constexpr int max_supported_sm_arch = 72;'
mxnet,../repos/mxnet/src/common/cuda/rtc.cc,"(101, 3)-(101, 12)",b'constexpr int max_supported_sm_arch = 75;'
mxnet,../repos/mxnet/src/common/cuda/rtc.cc,"(103, 3)-(103, 12)",b'constexpr int max_supported_sm_arch = 80;'
mxnet,../repos/mxnet/src/common/cuda/rtc.cc,"(105, 3)-(105, 12)",b'constexpr int max_supported_sm_arch = 86;'
mxnet,../repos/mxnet/src/common/cuda/rtc.cc,"(170, 3)-(170, 12)",b'constexpr int CACHESIZE_WARN_THRESHOLD = 10000;'
mxnet,../repos/mxnet/src/common/utils.h,"(745, 1)-(745, 10)",b'constexpr size_t MaxIntegerValue() {\n  return...'
mxnet,../repos/mxnet/src/common/utils.h,"(751, 1)-(751, 10)",b'constexpr size_t MaxIntegerValue<mshadow::hal...'
mxnet,../repos/mxnet/src/common/utils.h,"(756, 1)-(756, 10)",b'constexpr size_t MaxIntegerValue<mshadow::bfl...'
mxnet,../repos/mxnet/src/common/object_pool.h,"(86, 3)-(86, 12)",b'constexpr static std::size_t kPageSize = 1 << 12;'
mxnet,../repos/mxnet/src/common/lazy_alloc_array.h,"(79, 10)-(79, 19)",b'static constexpr std::size_t kInitSize = 16;'
mxnet,../repos/mxnet/src/storage/storage.cc,"(58, 10)-(58, 19)",b'static constexpr size_t kMaxNumberOfDevices =...'
mxnet,../repos/mxnet/src/storage/cpu_shared_storage_manager.h,"(85, 10)-(85, 19)",b'static constexpr size_t alignment_ = 16;'
mxnet,../repos/mxnet/src/storage/storage_manager_helpers.h,"(136, 10)-(136, 19)",b'static constexpr size_t alignment_ = kDNNLAlign;'
mxnet,../repos/mxnet/src/storage/storage_manager_helpers.h,"(138, 10)-(138, 19)",b'static constexpr size_t alignment_ = 16;'
mxnet,../repos/mxnet/src/storage/cpu_device_storage.h,"(56, 10)-(56, 19)",b'static constexpr size_t alignment_ = kDNNLAlign;'
mxnet,../repos/mxnet/src/storage/cpu_device_storage.h,"(58, 10)-(58, 19)",b'static constexpr size_t alignment_ = 16;'
mxnet,../repos/mxnet/src/imperative/cached_op.cc,"(33, 1)-(33, 10)",b'constexpr uint32_t kEidNotExist = std::numeri...'
mxnet,../repos/mxnet/src/profiler/profiler.cc,"(255, 8)-(255, 17)","b'static constexpr char TIMER_THREAD_NAME[] = ""...'"
mxnet,../repos/mxnet/src/operator/contrib/multi_lamb-inl.h,"(220, 3)-(220, 12)","b'constexpr bool is_same = std::is_same<DType, ...'"
mxnet,../repos/mxnet/src/operator/contrib/adabelief-inl.h,"(417, 3)-(417, 12)","b'constexpr bool isSame = std::is_same<DType, M...'"
mxnet,../repos/mxnet/src/operator/contrib/multi_lans-inl.h,"(216, 3)-(216, 12)","b'constexpr bool is_same = std::is_same<DType, ...'"
mxnet,../repos/mxnet/src/operator/contrib/adamw-inl.h,"(413, 3)-(413, 12)","b'constexpr bool isSame = std::is_same<DType, M...'"
mxnet,../repos/mxnet/src/operator/contrib/tvmop/ufunc.cc,"(38, 8)-(38, 17)",b'static constexpr char func_vadd_cpu[]        ...'
mxnet,../repos/mxnet/src/operator/contrib/tvmop/ufunc.cc,"(39, 8)-(39, 17)",b'static constexpr char func_vadd_gpu[]        ...'
mxnet,../repos/mxnet/src/operator/contrib/tvmop/ufunc.cc,"(40, 8)-(40, 17)",b'static constexpr char func_bakcward_vadd_cpu[...'
mxnet,../repos/mxnet/src/operator/contrib/tvmop/ufunc.cc,"(41, 8)-(41, 17)",b'static constexpr char func_bakcward_vadd_gpu[...'
mxnet,../repos/mxnet/src/operator/contrib/tvmop/ufunc.cc,"(42, 8)-(42, 17)",b'static constexpr int max_dim                 ...'
mxnet,../repos/mxnet/src/operator/contrib/tvmop/ufunc.cc,"(198, 8)-(198, 17)",b'static constexpr char func_deg2rad_cpu[]     ...'
mxnet,../repos/mxnet/src/operator/contrib/tvmop/ufunc.cc,"(199, 8)-(199, 17)",b'static constexpr char func_deg2rad_gpu[]     ...'
mxnet,../repos/mxnet/src/operator/contrib/tvmop/ufunc.cc,"(200, 8)-(200, 17)",b'static constexpr char func_backward_deg2rad_c...'
mxnet,../repos/mxnet/src/operator/contrib/tvmop/ufunc.cc,"(201, 8)-(201, 17)",b'static constexpr char func_backward_deg2rad_g...'
mxnet,../repos/mxnet/src/operator/contrib/tvmop/ufunc.cc,"(228, 8)-(228, 17)",b'static constexpr char func_rad2deg_cpu[]     ...'
mxnet,../repos/mxnet/src/operator/contrib/tvmop/ufunc.cc,"(229, 8)-(229, 17)",b'static constexpr char func_rad2deg_gpu[]     ...'
mxnet,../repos/mxnet/src/operator/contrib/tvmop/ufunc.cc,"(230, 8)-(230, 17)",b'static constexpr char func_backward_rad2deg_c...'
mxnet,../repos/mxnet/src/operator/contrib/tvmop/ufunc.cc,"(231, 8)-(231, 17)",b'static constexpr char func_backward_rad2deg_g...'
mxnet,../repos/mxnet/src/operator/tensor/elemwise_binary_broadcast_op.cc,"(132, 1)-(132, 6)",b'const char single_side_broadcast_kernel_fwd[]...'
mxnet,../repos/mxnet/src/operator/tensor/broadcast_reduce-inl.h,"(598, 1)-(598, 10)",b'constexpr int warpSize      = 32;'
mxnet,../repos/mxnet/src/operator/tensor/broadcast_reduce-inl.h,"(599, 1)-(599, 10)",b'constexpr int unroll_reduce = 2;'
mxnet,../repos/mxnet/src/operator/tensor/broadcast_reduce-inl.h,"(649, 1)-(649, 10)",b'constexpr int nthread_reduce   = 512;'
mxnet,../repos/mxnet/src/operator/tensor/broadcast_reduce-inl.h,"(650, 1)-(650, 10)",b'constexpr index_t kBaseGridNum = 1024;'
mxnet,../repos/mxnet/src/operator/tensor/broadcast_reduce-inl.h,"(687, 5)-(687, 14)",b'constexpr size_t max_type_size = 2 * sizeof(d...'
mxnet,../repos/mxnet/src/operator/tensor/broadcast_reduce-inl.h,"(688, 5)-(688, 14)",b'constexpr int maxLoopPerTB     = 64;'
mxnet,../repos/mxnet/src/operator/tensor/broadcast_reduce_op.h,"(1054, 7)-(1054, 16)",b'constexpr dnnl::algorithm alg =\n          nor...'
mxnet,../repos/mxnet/src/operator/tensor/broadcast_reduce_op.h,"(1368, 3)-(1368, 12)",b'constexpr size_t ELEMENTS_THRESHOLD = 256;'
mxnet,../repos/mxnet/src/operator/operator_tune.h,"(112, 10)-(112, 19)",b'static constexpr duration_t WORKLOAD_COUNT = ...'
mxnet,../repos/mxnet/src/operator/nn/batch_norm-inl.h,"(68, 1)-(68, 10)",b'constexpr int DEFAULT_AXIS = 1;'
mxnet,../repos/mxnet/src/operator/nn/dnnl/dnnl_layer_norm.cc,"(40, 5)-(40, 14)",b'constexpr size_t shapeLimit = 1024;'
mxnet,../repos/mxnet/src/operator/nn/dnnl/dnnl_layer_norm.cc,"(115, 3)-(115, 12)",b'constexpr size_t gammaAndBeta = 2;'
mxnet,../repos/mxnet/src/operator/nn/dnnl/dnnl_masked_softmax.cc,"(41, 3)-(41, 12)",b'constexpr size_t optimal_size_threshold = 2 << 13;'
mxnet,../repos/mxnet/src/operator/nn/dnnl/dnnl_stack.cc,"(49, 3)-(49, 12)",b'constexpr int stacking_dim = 1;'
mxnet,../repos/mxnet/src/operator/nn/dnnl/dnnl_binary.cc,"(69, 3)-(69, 12)",b'constexpr size_t optimal_size_threshold = 2 << 13;'
mxnet,../repos/mxnet/src/operator/nn/fully_connected-inl.h,"(144, 1)-(144, 10)",b'constexpr int nthreads_addbias            = 256;'
mxnet,../repos/mxnet/src/operator/nn/fully_connected-inl.h,"(145, 1)-(145, 10)",b'constexpr int nthreads_addbiasgrad_phase1 = 512;'
mxnet,../repos/mxnet/src/operator/nn/fully_connected-inl.h,"(146, 1)-(146, 10)",b'constexpr int nthreads_addbiasgrad_phase2 = 128;'
mxnet,../repos/mxnet/src/operator/nn/fully_connected-inl.h,"(147, 1)-(147, 10)",b'constexpr int threads_per_warp            = 32;'
mxnet,../repos/mxnet/src/operator/nn/fully_connected-inl.h,"(263, 3)-(263, 12)",b'constexpr int num_warps   = nthreads_addbiasg...'
mxnet,../repos/mxnet/src/operator/quantization/quantization_utils.h,"(192, 3)-(192, 12)",b'constexpr int NDim = 2;'
mxnet,../repos/mxnet/src/operator/numpy/np_elemwise_broadcast_logic_op.h,"(46, 8)-(46, 17)",b'static constexpr char func_equal_cpu[]       ...'
mxnet,../repos/mxnet/src/operator/numpy/np_elemwise_broadcast_logic_op.h,"(47, 8)-(47, 17)",b'static constexpr char func_equal_gpu[]       ...'
mxnet,../repos/mxnet/src/operator/numpy/np_elemwise_broadcast_logic_op.h,"(48, 8)-(48, 17)",b'static constexpr char func_not_equal_cpu[]   ...'
mxnet,../repos/mxnet/src/operator/numpy/np_elemwise_broadcast_logic_op.h,"(49, 8)-(49, 17)",b'static constexpr char func_not_equal_gpu[]   ...'
mxnet,../repos/mxnet/src/operator/numpy/np_elemwise_broadcast_logic_op.h,"(50, 8)-(50, 17)",b'static constexpr char func_greater_cpu[]     ...'
mxnet,../repos/mxnet/src/operator/numpy/np_elemwise_broadcast_logic_op.h,"(51, 8)-(51, 17)",b'static constexpr char func_greater_gpu[]     ...'
mxnet,../repos/mxnet/src/operator/numpy/np_elemwise_broadcast_logic_op.h,"(52, 8)-(52, 17)",b'static constexpr char func_less_cpu[]        ...'
mxnet,../repos/mxnet/src/operator/numpy/np_elemwise_broadcast_logic_op.h,"(53, 8)-(53, 17)",b'static constexpr char func_less_gpu[]        ...'
mxnet,../repos/mxnet/src/operator/numpy/np_elemwise_broadcast_logic_op.h,"(54, 8)-(54, 17)",b'static constexpr char func_greater_equal_cpu[...'
mxnet,../repos/mxnet/src/operator/numpy/np_elemwise_broadcast_logic_op.h,"(55, 8)-(55, 17)",b'static constexpr char func_greater_equal_gpu[...'
mxnet,../repos/mxnet/src/operator/numpy/np_elemwise_broadcast_logic_op.h,"(56, 8)-(56, 17)",b'static constexpr char func_less_equal_cpu[]  ...'
mxnet,../repos/mxnet/src/operator/numpy/np_elemwise_broadcast_logic_op.h,"(57, 8)-(57, 17)",b'static constexpr char func_less_equal_gpu[]  ...'
mxnet,../repos/mxnet/src/operator/numpy/np_elemwise_broadcast_logic_op.h,"(58, 8)-(58, 17)",b'static constexpr char func_logical_and_cpu[] ...'
mxnet,../repos/mxnet/src/operator/numpy/np_elemwise_broadcast_logic_op.h,"(59, 8)-(59, 17)",b'static constexpr char func_logical_and_gpu[] ...'
mxnet,../repos/mxnet/src/operator/numpy/np_elemwise_broadcast_logic_op.h,"(60, 8)-(60, 17)",b'static constexpr char func_logical_or_cpu[]  ...'
mxnet,../repos/mxnet/src/operator/numpy/np_elemwise_broadcast_logic_op.h,"(61, 8)-(61, 17)",b'static constexpr char func_logical_or_gpu[]  ...'
mxnet,../repos/mxnet/src/operator/numpy/np_elemwise_broadcast_logic_op.h,"(62, 8)-(62, 17)",b'static constexpr char func_logical_xor_cpu[] ...'
mxnet,../repos/mxnet/src/operator/numpy/np_elemwise_broadcast_logic_op.h,"(63, 8)-(63, 17)",b'static constexpr char func_logical_xor_gpu[] ...'
mxnet,../repos/mxnet/src/operator/numpy/np_elemwise_broadcast_logic_op.h,"(347, 8)-(347, 17)",b'static constexpr char func_equal_scalar_cpu[]...'
mxnet,../repos/mxnet/src/operator/numpy/np_elemwise_broadcast_logic_op.h,"(348, 8)-(348, 17)",b'static constexpr char func_equal_scalar_gpu[]...'
mxnet,../repos/mxnet/src/operator/numpy/np_elemwise_broadcast_logic_op.h,"(349, 8)-(349, 17)",b'static constexpr char func_not_equal_scalar_c...'
mxnet,../repos/mxnet/src/operator/numpy/np_elemwise_broadcast_logic_op.h,"(350, 8)-(350, 17)",b'static constexpr char func_not_equal_scalar_g...'
mxnet,../repos/mxnet/src/operator/numpy/np_elemwise_broadcast_logic_op.h,"(351, 8)-(351, 17)",b'static constexpr char func_greater_scalar_cpu...'
mxnet,../repos/mxnet/src/operator/numpy/np_elemwise_broadcast_logic_op.h,"(352, 8)-(352, 17)",b'static constexpr char func_greater_scalar_gpu...'
mxnet,../repos/mxnet/src/operator/numpy/np_elemwise_broadcast_logic_op.h,"(353, 8)-(353, 17)",b'static constexpr char func_less_scalar_cpu[] ...'
mxnet,../repos/mxnet/src/operator/numpy/np_elemwise_broadcast_logic_op.h,"(354, 8)-(354, 17)",b'static constexpr char func_less_scalar_gpu[] ...'
mxnet,../repos/mxnet/src/operator/numpy/np_elemwise_broadcast_logic_op.h,"(355, 8)-(355, 17)",b'static constexpr char func_greater_equal_scal...'
mxnet,../repos/mxnet/src/operator/numpy/np_elemwise_broadcast_logic_op.h,"(356, 8)-(356, 17)",b'static constexpr char func_greater_equal_scal...'
mxnet,../repos/mxnet/src/operator/numpy/np_elemwise_broadcast_logic_op.h,"(357, 8)-(357, 17)",b'static constexpr char func_less_equal_scalar_...'
mxnet,../repos/mxnet/src/operator/numpy/np_elemwise_broadcast_logic_op.h,"(358, 8)-(358, 17)",b'static constexpr char func_less_equal_scalar_...'
mxnet,../repos/mxnet/src/operator/numpy/np_elemwise_broadcast_logic_op.h,"(359, 8)-(359, 17)",b'static constexpr char func_logical_and_scalar...'
mxnet,../repos/mxnet/src/operator/numpy/np_elemwise_broadcast_logic_op.h,"(360, 8)-(360, 17)",b'static constexpr char func_logical_and_scalar...'
mxnet,../repos/mxnet/src/operator/numpy/np_elemwise_broadcast_logic_op.h,"(361, 8)-(361, 17)",b'static constexpr char func_logical_or_scalar_...'
mxnet,../repos/mxnet/src/operator/numpy/np_elemwise_broadcast_logic_op.h,"(362, 8)-(362, 17)",b'static constexpr char func_logical_or_scalar_...'
mxnet,../repos/mxnet/src/operator/numpy/np_elemwise_broadcast_logic_op.h,"(363, 8)-(363, 17)",b'static constexpr char func_logical_xor_scalar...'
mxnet,../repos/mxnet/src/operator/numpy/np_elemwise_broadcast_logic_op.h,"(364, 8)-(364, 17)",b'static constexpr char func_logical_xor_scalar...'
mxnet,../repos/mxnet/src/operator/numpy/np_kron-inl.h,"(249, 7)-(249, 16)",b'constexpr size_t align_size = 1024;'
mxnet,../repos/mxnet/src/operator/numpy/np_broadcast_reduce_op_value.h,"(70, 8)-(70, 17)",b'static constexpr int max_reduce_ndim = 5;'
mxnet,../repos/mxnet/src/operator/numpy/np_broadcast_reduce_op_value.h,"(212, 5)-(212, 14)",b'constexpr bool normalize = reduction_alg == d...'
mxnet,../repos/mxnet/src/operator/numpy/np_broadcast_reduce_op.h,"(573, 7)-(573, 16)",b'constexpr size_t align_size = 1024;'
mxnet,../repos/mxnet/src/operator/operator_tune-inl.h,"(520, 10)-(520, 19)",b'static constexpr duration_t OUTSIDE_COUNT = (...'
mxnet,../repos/mxnet/src/operator/subgraph/dnnl/dnnl_bn_relu.cc,"(52, 1)-(52, 10)",b'constexpr int DEFAULT_AXIS = 1;'
mxnet,../repos/mxnet/src/operator/linalg_impl.h,"(1534, 7)-(1534, 16)",b'constexpr lapack_index_t round_mask =        ...'
mxnet,../repos/mxnet/src/operator/linalg_impl.h,"(1585, 9)-(1585, 18)",b'constexpr lapack_index_t round_mask =        ...'
mxnet,../repos/mxnet/src/resource.cc,"(236, 10)-(236, 19)",b'static constexpr std::size_t kMaxNumGPUs = 16;'
mxnet,../repos/mxnet/src/resource.cc,"(238, 10)-(238, 19)",b'static constexpr uint32_t kRandMagic = 127UL;'
mxnet,../repos/mxnet/src/engine/engine_impl.h,"(71, 8)-(71, 17)",b'static constexpr std::size_t kMaxNumGPUs = 16;'
mxnet,../repos/mxnet/src/engine/threaded_engine_pooled.cc,"(106, 10)-(106, 19)",b'static constexpr std::size_t kNumWorkingThrea...'
mxnet,../repos/mxnet/src/engine/threaded_engine_pooled.cc,"(108, 10)-(108, 19)",b'static constexpr std::size_t kMaxNumGpus = 16;'
mxnet,../repos/mxnet/src/engine/threaded_engine_pooled.cc,"(110, 10)-(110, 19)",b'static constexpr std::size_t kNumStreamsPerGp...'
mxnet,../repos/mxnet/src/engine/threaded_engine.h,"(224, 10)-(224, 19)",b'static constexpr int kWriteTriggered = -1;'
mxnet,../repos/mxnet/src/engine/threaded_engine_perdevice.cc,"(52, 15)-(52, 24)",b'static auto constexpr kFIFO          = dmlc::...'
mxnet,../repos/mxnet/src/engine/threaded_engine_perdevice.cc,"(53, 15)-(53, 24)",b'static auto constexpr kPriority      = dmlc::...'
mxnet,../repos/mxnet/src/engine/threaded_engine_perdevice.cc,"(54, 15)-(54, 24)",b'static auto constexpr kCopyQueue     = kPriority;'
mxnet,../repos/mxnet/src/engine/threaded_engine_perdevice.cc,"(55, 15)-(55, 24)",b'static auto constexpr kPriorityQueue = kPriority;'
mxnet,../repos/mxnet/src/engine/threaded_engine_perdevice.cc,"(56, 15)-(56, 24)",b'static auto constexpr kWorkerQueue   = kFIFO;'
mxnet,../repos/mxnet/src/engine/threaded_engine_perdevice.cc,"(57, 14)-(57, 23)",b'static int constexpr kMaxStreams     = 256;'
mxnet,../repos/mxnet/include/mxnet/runtime/ndarray_handle.h,"(36, 10)-(36, 19)","b'static constexpr const char* _type_key = ""MXN...'"
mxnet,../repos/mxnet/include/mxnet/runtime/ndarray_handle.h,"(36, 20)-(36, 25)","b'static constexpr const char* _type_key = ""MXN...'"
mxnet,../repos/mxnet/include/mxnet/runtime/ffi_helper.h,"(39, 10)-(39, 19)",b'static constexpr const uint32_t _type_index =...'
mxnet,../repos/mxnet/include/mxnet/runtime/ffi_helper.h,"(39, 20)-(39, 25)",b'static constexpr const uint32_t _type_index =...'
mxnet,../repos/mxnet/include/mxnet/runtime/ffi_helper.h,"(40, 10)-(40, 19)",b'static constexpr const char* _type_key      =...'
mxnet,../repos/mxnet/include/mxnet/runtime/ffi_helper.h,"(40, 20)-(40, 25)",b'static constexpr const char* _type_key      =...'
mxnet,../repos/mxnet/include/mxnet/runtime/ffi_helper.h,"(55, 10)-(55, 19)",b'static constexpr const uint32_t _type_index =...'
mxnet,../repos/mxnet/include/mxnet/runtime/ffi_helper.h,"(55, 20)-(55, 25)",b'static constexpr const uint32_t _type_index =...'
mxnet,../repos/mxnet/include/mxnet/runtime/ffi_helper.h,"(56, 10)-(56, 19)",b'static constexpr const char* _type_key      =...'
mxnet,../repos/mxnet/include/mxnet/runtime/ffi_helper.h,"(56, 20)-(56, 25)",b'static constexpr const char* _type_key      =...'
mxnet,../repos/mxnet/include/mxnet/runtime/ffi_helper.h,"(75, 10)-(75, 19)",b'static constexpr int64_t kNoneValue = std::nu...'
mxnet,../repos/mxnet/include/mxnet/runtime/ffi_helper.h,"(87, 10)-(87, 19)",b'static constexpr const uint32_t _type_index =...'
mxnet,../repos/mxnet/include/mxnet/runtime/ffi_helper.h,"(87, 20)-(87, 25)",b'static constexpr const uint32_t _type_index =...'
mxnet,../repos/mxnet/include/mxnet/runtime/ffi_helper.h,"(88, 10)-(88, 19)",b'static constexpr const char* _type_key      =...'
mxnet,../repos/mxnet/include/mxnet/runtime/ffi_helper.h,"(88, 20)-(88, 25)",b'static constexpr const char* _type_key      =...'
mxnet,../repos/mxnet/include/mxnet/runtime/ffi_helper.h,"(104, 10)-(104, 19)",b'static constexpr const uint32_t _type_index =...'
mxnet,../repos/mxnet/include/mxnet/runtime/ffi_helper.h,"(104, 20)-(104, 25)",b'static constexpr const uint32_t _type_index =...'
mxnet,../repos/mxnet/include/mxnet/runtime/ffi_helper.h,"(105, 10)-(105, 19)",b'static constexpr const char* _type_key      =...'
mxnet,../repos/mxnet/include/mxnet/runtime/ffi_helper.h,"(105, 20)-(105, 25)",b'static constexpr const char* _type_key      =...'
mxnet,../repos/mxnet/include/mxnet/runtime/object.h,"(208, 10)-(208, 19)","b'static constexpr const char* _type_key = ""Object"";'"
mxnet,../repos/mxnet/include/mxnet/runtime/object.h,"(208, 20)-(208, 25)","b'static constexpr const char* _type_key = ""Object"";'"
mxnet,../repos/mxnet/include/mxnet/runtime/object.h,"(218, 10)-(218, 19)",b'static constexpr bool _type_final            ...'
mxnet,../repos/mxnet/include/mxnet/runtime/object.h,"(219, 10)-(219, 19)",b'static constexpr uint32_t _type_child_slots  ...'
mxnet,../repos/mxnet/include/mxnet/runtime/object.h,"(220, 10)-(220, 19)",b'static constexpr bool _type_child_slots_can_o...'
mxnet,../repos/mxnet/include/mxnet/runtime/object.h,"(224, 10)-(224, 19)",b'static constexpr uint32_t _type_index = TypeI...'
mxnet,../repos/mxnet/include/mxnet/runtime/object.h,"(571, 10)-(571, 19)",b'static constexpr bool _type_is_nullable = true;'
mxnet,../repos/mxnet/include/mxnet/runtime/container.h,"(173, 10)-(173, 19)",b'static constexpr const char* _type_key      =...'
mxnet,../repos/mxnet/include/mxnet/runtime/container.h,"(173, 20)-(173, 25)",b'static constexpr const char* _type_key      =...'
mxnet,../repos/mxnet/include/mxnet/runtime/container.h,"(174, 10)-(174, 19)",b'static constexpr const uint32_t _type_index =...'
mxnet,../repos/mxnet/include/mxnet/runtime/container.h,"(174, 20)-(174, 25)",b'static constexpr const uint32_t _type_index =...'
mxnet,../repos/mxnet/include/mxnet/runtime/container_ext.h,"(85, 10)-(85, 19)",b'static constexpr const uint32_t _type_index =...'
mxnet,../repos/mxnet/include/mxnet/runtime/container_ext.h,"(85, 20)-(85, 25)",b'static constexpr const uint32_t _type_index =...'
mxnet,../repos/mxnet/include/mxnet/runtime/container_ext.h,"(86, 10)-(86, 19)",b'static constexpr const char* _type_key      =...'
mxnet,../repos/mxnet/include/mxnet/runtime/container_ext.h,"(86, 20)-(86, 25)",b'static constexpr const char* _type_key      =...'
mxnet,../repos/mxnet/include/mxnet/runtime/container_ext.h,"(453, 10)-(453, 19)",b'static constexpr const uint32_t _type_index =...'
mxnet,../repos/mxnet/include/mxnet/runtime/container_ext.h,"(453, 20)-(453, 25)",b'static constexpr const uint32_t _type_index =...'
mxnet,../repos/mxnet/include/mxnet/runtime/container_ext.h,"(454, 10)-(454, 19)",b'static constexpr const char* _type_key      =...'
mxnet,../repos/mxnet/include/mxnet/runtime/container_ext.h,"(454, 20)-(454, 25)",b'static constexpr const char* _type_key      =...'
mxnet,../repos/mxnet/include/mxnet/engine.h,"(89, 10)-(89, 19)",b'static constexpr size_t kPoolSize = 64;'
mxnet,../repos/mxnet/include/mxnet/ir/expr.h,"(42, 10)-(42, 19)","b'static constexpr const char* _type_key = ""Expr"";'"
mxnet,../repos/mxnet/include/mxnet/ir/expr.h,"(42, 20)-(42, 25)","b'static constexpr const char* _type_key = ""Expr"";'"
mxnet,../repos/mxnet/include/mxnet/ir/expr.h,"(93, 10)-(93, 19)","b'static constexpr const char* _type_key = ""Pri...'"
mxnet,../repos/mxnet/include/mxnet/ir/expr.h,"(93, 20)-(93, 25)","b'static constexpr const char* _type_key = ""Pri...'"
mxnet,../repos/mxnet/include/mxnet/ir/expr.h,"(143, 10)-(143, 19)","b'static constexpr const char* _type_key = ""IntImm"";'"
mxnet,../repos/mxnet/include/mxnet/ir/expr.h,"(143, 20)-(143, 25)","b'static constexpr const char* _type_key = ""IntImm"";'"
mxnet,../repos/mxnet/include/mxnet/ir/expr.h,"(188, 10)-(188, 19)","b'static constexpr const char* _type_key = ""Flo...'"
mxnet,../repos/mxnet/include/mxnet/ir/expr.h,"(188, 20)-(188, 25)","b'static constexpr const char* _type_key = ""Flo...'"
mxnet,../repos/mxnet/include/mxnet/base.h,"(545, 1)-(545, 10)",b'constexpr size_t kDNNLAlign = 64;'
mxnet,../repos/mxnet/include/mxnet/imperative.h,"(39, 1)-(39, 10)","b'constexpr char OPT_CONSTRAINT_ATTR[] = ""__opt...'"
mxnet,../repos/mxnet/include/mxnet/tensor_blob.h,"(42, 1)-(42, 10)",b'constexpr const int kCPU = kDLCPU;'
mxnet,../repos/mxnet/include/mxnet/tensor_blob.h,"(42, 11)-(42, 16)",b'constexpr const int kCPU = kDLCPU;'
mxnet,../repos/mxnet/include/mxnet/tensor_blob.h,"(43, 1)-(43, 10)",b'constexpr const int kGPU = kDLGPU;'
mxnet,../repos/mxnet/include/mxnet/tensor_blob.h,"(43, 11)-(43, 16)",b'constexpr const int kGPU = kDLGPU;'
mxnet,../repos/mxnet/include/mxnet/tensor_blob.h,"(48, 1)-(48, 10)",b'constexpr const int kTVMNDArrayTypeCode = 19;'
mxnet,../repos/mxnet/include/mxnet/tensor_blob.h,"(48, 11)-(48, 16)",b'constexpr const int kTVMNDArrayTypeCode = 19;'
mxnet,../repos/mxnet/include/mxnet/node/container.h,"(44, 10)-(44, 19)","b'static constexpr const char* _type_key = ""Array"";'"
mxnet,../repos/mxnet/include/mxnet/node/container.h,"(44, 20)-(44, 25)","b'static constexpr const char* _type_key = ""Array"";'"
mxnet,../repos/mxnet/plugin/torch/torch_function.cc,"(102, 10)-(102, 19)","b'static constexpr const char* fname = ""mm"";'"
mxnet,../repos/mxnet/plugin/torch/torch_function.cc,"(102, 20)-(102, 25)","b'static constexpr const char* fname = ""mm"";'"
mxnet,../repos/mxnet/plugin/torch/torch_function.cc,"(118, 10)-(118, 19)","b'static constexpr const char* fname = ""mv"";'"
mxnet,../repos/mxnet/plugin/torch/torch_function.cc,"(118, 20)-(118, 25)","b'static constexpr const char* fname = ""mv"";'"
mxnet,../repos/mxnet/plugin/torch/torch_function.cc,"(135, 10)-(135, 19)","b'static constexpr const char* fname = ""bmm"";'"
mxnet,../repos/mxnet/plugin/torch/torch_function.cc,"(135, 20)-(135, 25)","b'static constexpr const char* fname = ""bmm"";'"
mxnet,../repos/mxnet/plugin/torch/torch_function.cc,"(150, 10)-(150, 19)","b'static constexpr const char* fname = ""ger"";'"
mxnet,../repos/mxnet/plugin/torch/torch_function.cc,"(150, 20)-(150, 25)","b'static constexpr const char* fname = ""ger"";'"
mxnet,../repos/mxnet/tests/cpp/storage/storage_test.cc,"(31, 3)-(31, 12)",b'constexpr size_t kSize = 1024;'
mxnet,../repos/mxnet/tests/cpp/storage/storage_test.cc,"(53, 10)-(53, 19)",b'static constexpr size_t alignment_ = mxnet::k...'
mxnet,../repos/mxnet/tests/cpp/storage/storage_test.cc,"(55, 10)-(55, 19)",b'static constexpr size_t alignment_ = 16;'
mxnet,../repos/mxnet/tests/cpp/storage/storage_test.cc,"(110, 5)-(110, 14)",b'constexpr size_t kSize     = 1024;'
mxnet,../repos/mxnet/tests/cpp/include/test_op_runner.h,"(245, 10)-(245, 19)",b'static constexpr int TEST_BATCH_SIZE = 5;'
mxnet,../repos/mxnet/tests/cpp/include/test_op_runner.h,"(246, 10)-(246, 19)",b'static constexpr int TEST_CHANNELS   = 3;'
mxnet,../repos/mxnet/tests/cpp/include/test_op_runner.h,"(247, 10)-(247, 19)",b'static constexpr int TEST_DEPTH      = 2;'
mxnet,../repos/mxnet/tests/cpp/include/test_op_runner.h,"(248, 10)-(248, 19)",b'static constexpr int TEST_DH         = 2;'
mxnet,../repos/mxnet/tests/cpp/include/test_op_runner.h,"(249, 10)-(249, 19)",b'static constexpr int TEST_DW         = 3;'
mxnet,../repos/mxnet/tests/cpp/include/test_op_runner.h,"(251, 10)-(251, 19)",b'static constexpr int TIMING_BATCH_SIZE = 128;'
mxnet,../repos/mxnet/tests/cpp/include/test_op_runner.h,"(252, 10)-(252, 19)",b'static constexpr int TIMING_CHANNELS   = 3;'
mxnet,../repos/mxnet/tests/cpp/include/test_op_runner.h,"(253, 10)-(253, 19)",b'static constexpr int TIMING_DEPTH      = 2;'
mxnet,../repos/mxnet/tests/cpp/include/test_op_runner.h,"(254, 10)-(254, 19)",b'static constexpr int TIMING_DH         = 64;'
mxnet,../repos/mxnet/tests/cpp/include/test_op_runner.h,"(255, 10)-(255, 19)",b'static constexpr int TIMING_DW         = 64;'
mxnet,../repos/mxnet/tests/cpp/include/test_ndarray_utils.h,"(146, 10)-(146, 19)",b'static constexpr double EPSILON = 1e-5;'
mxnet,../repos/mxnet/tests/cpp/include/test_util.h,"(213, 1)-(213, 10)",b'constexpr const size_t MPRINT_PRECISION = 5;'
mxnet,../repos/mxnet/tests/cpp/include/test_util.h,"(213, 11)-(213, 16)",b'constexpr const size_t MPRINT_PRECISION = 5;'
mxnet,../repos/mxnet/tests/cpp/operator/batchnorm_test.cc,"(41, 8)-(41, 17)",b'static constexpr int BATCH_SIZE = 5;'
mxnet,../repos/mxnet/tests/cpp/operator/batchnorm_test.cc,"(42, 8)-(42, 17)",b'static constexpr int CHANNELS   = 3;'
mxnet,../repos/mxnet/tests/cpp/operator/batchnorm_test.cc,"(43, 8)-(43, 17)",b'static constexpr int DEPTH      = 2;'
mxnet,../repos/mxnet/tests/cpp/operator/batchnorm_test.cc,"(44, 8)-(44, 17)",b'static constexpr int DH         = 2;'
mxnet,../repos/mxnet/tests/cpp/operator/batchnorm_test.cc,"(45, 8)-(45, 17)",b'static constexpr int DW         = 3;'
mxnet,../repos/mxnet/tests/cpp/operator/batchnorm_test.cc,"(47, 8)-(47, 17)",b'static constexpr int BATCH_SIZE = 1;'
mxnet,../repos/mxnet/tests/cpp/operator/batchnorm_test.cc,"(48, 8)-(48, 17)",b'static constexpr int CHANNELS   = 1;'
mxnet,../repos/mxnet/tests/cpp/operator/batchnorm_test.cc,"(49, 8)-(49, 17)",b'static constexpr int DEPTH      = 1;'
mxnet,../repos/mxnet/tests/cpp/operator/batchnorm_test.cc,"(50, 8)-(50, 17)",b'static constexpr int DH         = 3;'
mxnet,../repos/mxnet/tests/cpp/operator/batchnorm_test.cc,"(51, 8)-(51, 17)",b'static constexpr int DW         = 2;'
mxnet,../repos/mxnet/tests/cpp/operator/batchnorm_test.cc,"(54, 8)-(54, 17)",b'static constexpr int TIMING_BATCH_SIZE = 128;'
mxnet,../repos/mxnet/tests/cpp/operator/batchnorm_test.cc,"(55, 8)-(55, 17)",b'static constexpr int TIMING_CHANNELS   = 3;'
mxnet,../repos/mxnet/tests/cpp/operator/batchnorm_test.cc,"(56, 8)-(56, 17)",b'static constexpr int TIMING_DEPTH      = 2;'
mxnet,../repos/mxnet/tests/cpp/operator/batchnorm_test.cc,"(57, 8)-(57, 17)",b'static constexpr int TIMING_DH         = 28;'
mxnet,../repos/mxnet/tests/cpp/operator/batchnorm_test.cc,"(58, 8)-(58, 17)",b'static constexpr int TIMING_DW         = 28;'
mxnet,../repos/mxnet/tests/cpp/operator/batchnorm_test.cc,"(705, 8)-(705, 17)",b'static constexpr size_t CYCLE_COUNT = 3;'
