Repo name,File name,Location,Content
mxnet,../repos/mxnet/3rdparty/mshadow/mshadow/tensor.h,"(55, 5)-(55, 35)",b'using IndexT = lapack_index_t;'
mxnet,../repos/mxnet/3rdparty/mshadow/mshadow/tensor.h,"(60, 5)-(60, 24)",b'using IndexT = int;'
mxnet,../repos/mxnet/src/c_api/c_api_common.h,"(137, 1)-(137, 84)",b'using MXAPIThreadLocalStore = dmlc::ThreadLoc...'
mxnet,../repos/mxnet/src/c_api/c_api.cc,"(287, 3)-(287, 46)",b'using alloc_type_gpu = decltype(gpu_alloc);'
mxnet,../repos/mxnet/src/c_api/c_api.cc,"(293, 3)-(293, 52)",b'using alloc_type_sparse = decltype(sparse_alloc);'
mxnet,../repos/mxnet/src/c_api/c_api.cc,"(1715, 7)-(1715, 58)",b'using alloc_type_ndarray = decltype(ndarray_a...'
mxnet,../repos/mxnet/src/c_api/c_api.cc,"(3779, 1)-(3779, 46)",b'using VarHandle          = Engine::VarHandle;'
mxnet,../repos/mxnet/src/c_api/c_api.cc,"(3780, 1)-(3780, 52)",b'using CallbackOnStart    = Engine::CallbackOn...'
mxnet,../repos/mxnet/src/c_api/c_api.cc,"(3781, 1)-(3781, 55)",b'using CallbackOnComplete = Engine::CallbackOn...'
mxnet,../repos/mxnet/src/common/alm.h,"(60, 1)-(60, 39)",b'using Transpose = std::vector<size_t>;'
mxnet,../repos/mxnet/src/common/alm.h,"(86, 1)-(89, 77)",b'using FChangeLayout = std::function<bool(nnvm...'
mxnet,../repos/mxnet/src/common/cuda/cudnn_cxx.h,"(53, 3)-(53, 44)",b'using pointer = cudnnBackendDescriptor_t;'
mxnet,../repos/mxnet/src/common/cuda/cudnn_cxx.h,"(60, 1)-(60, 83)",b'using Descriptor = std::unique_ptr<cudnnBacke...'
mxnet,../repos/mxnet/src/common/cuda/cudnn_cxx.h,"(297, 1)-(297, 60)",b'using Sampler = std::function<std::optional<f...'
mxnet,../repos/mxnet/src/common/cuda/rtc.cc,"(181, 3)-(181, 67)",b'using KernelCache = std::unordered_map<std::s...'
mxnet,../repos/mxnet/src/common/utils.h,"(657, 3)-(657, 43)",b'using SingleObject = std::unique_ptr<T>;'
mxnet,../repos/mxnet/src/common/utils.h,"(668, 3)-(668, 45)",b'using UnknownBound = std::unique_ptr<T[]>;'
mxnet,../repos/mxnet/src/common/utils.h,"(679, 3)-(679, 27)",b'using KnownBound = void;'
mxnet,../repos/mxnet/src/common/utils.h,"(711, 3)-(711, 50)",b'using U = typename std::remove_extent<T>::type;'
mxnet,../repos/mxnet/src/imperative/eliminate_common_expr_pass.cc,"(45, 1)-(45, 52)","b'using NodeInput = std::pair<const Node*, uint...'"
mxnet,../repos/mxnet/src/imperative/cached_op_threadsafe.h,"(128, 1)-(128, 67)",b'using CachedOpThreadSafePtr = std::shared_ptr...'
mxnet,../repos/mxnet/src/imperative/cuda_graphs.h,"(317, 3)-(317, 81)",b'using cudaGraphStruct_t     = typename std::r...'
mxnet,../repos/mxnet/src/imperative/cuda_graphs.h,"(318, 3)-(318, 85)",b'using cudaGraphExecStruct_t = typename std::r...'
mxnet,../repos/mxnet/src/imperative/cuda_graphs.h,"(341, 1)-(341, 67)",b'using CudaGraphCache = std::map<CudaGraphCach...'
mxnet,../repos/mxnet/src/imperative/cached_op.h,"(466, 3)-(466, 84)",b'using CachedOpMonCallback = std::function<voi...'
mxnet,../repos/mxnet/src/imperative/cached_op.h,"(670, 1)-(670, 47)",b'using CachedOpPtr = std::shared_ptr<CachedOp>;'
mxnet,../repos/mxnet/src/imperative/imperative_utils.h,"(140, 1)-(140, 57)",b'using MemoryPlanVector    = std::vector<Memor...'
mxnet,../repos/mxnet/src/imperative/imperative_utils.h,"(141, 1)-(141, 82)",b'using CachedOpMonCallback = std::function<voi...'
mxnet,../repos/mxnet/src/imperative/simple_partition_pass.h,"(45, 1)-(45, 41)","b'using Interval    = std::pair<int, int>;'"
mxnet,../repos/mxnet/src/imperative/simple_partition_pass.h,"(46, 1)-(46, 43)",b'using IntervalVec = std::vector<Interval>;'
mxnet,../repos/mxnet/src/imperative/naive_cached_op.h,"(65, 1)-(65, 57)",b'using NaiveCachedOpPtr = std::shared_ptr<Naiv...'
mxnet,../repos/mxnet/src/imperative/exec_pass.h,"(44, 1)-(46, 34)",b'using FAccessSubgraphAttr =\n    std::function...'
mxnet,../repos/mxnet/src/imperative/exec_pass.h,"(48, 1)-(48, 71)",b'using FAccessSubgraphShape       = FAccessSub...'
mxnet,../repos/mxnet/src/imperative/exec_pass.h,"(49, 1)-(49, 61)",b'using FAccessSubgraphType        = FAccessSub...'
mxnet,../repos/mxnet/src/imperative/exec_pass.h,"(50, 1)-(50, 61)",b'using FAccessSubgraphStorageType = FAccessSub...'
mxnet,../repos/mxnet/src/imperative/exec_pass.h,"(53, 1)-(56, 99)",b'using FProvideSubgraphAttr        = std::func...'
mxnet,../repos/mxnet/src/imperative/exec_pass.h,"(57, 1)-(57, 73)",b'using FProvideSubgraphShape       = FProvideS...'
mxnet,../repos/mxnet/src/imperative/exec_pass.h,"(58, 1)-(58, 63)",b'using FProvideSubgraphType        = FProvideS...'
mxnet,../repos/mxnet/src/imperative/exec_pass.h,"(59, 1)-(59, 63)",b'using FProvideSubgraphStorageType = FProvideS...'
mxnet,../repos/mxnet/src/imperative/exec_pass.h,"(61, 1)-(61, 30)",b'using TIsFusion       = bool;'
mxnet,../repos/mxnet/src/imperative/exec_pass.h,"(62, 1)-(62, 30)",b'using TIsFusionHelper = bool;'
mxnet,../repos/mxnet/src/imperative/exec_pass.h,"(140, 1)-(140, 63)",b'using OpExecVector = std::vector<std::shared_...'
mxnet,../repos/mxnet/src/imperative/exec_pass.h,"(146, 1)-(146, 47)",b'using OpStateVector = std::vector<OpStatePtr>;'
mxnet,../repos/mxnet/src/imperative/exec_pass.h,"(152, 1)-(152, 44)",b'using ContextVector = std::vector<Context>;'
mxnet,../repos/mxnet/src/imperative/exec_pass.h,"(158, 1)-(158, 40)",b'using DevMaskVector = std::vector<int>;'
mxnet,../repos/mxnet/src/imperative/infer_graph_attr_pass.cc,"(285, 3)-(285, 48)",b'using AttrVector     = std::vector<AttrType>;'
mxnet,../repos/mxnet/src/imperative/infer_graph_attr_pass.cc,"(286, 3)-(286, 52)",b'using NodeAttrVector = std::vector<DispatchMode>;'
mxnet,../repos/mxnet/src/imperative/infer_graph_attr_pass.cc,"(569, 3)-(569, 40)",b'using AttrType       = mxnet::TShape;'
mxnet,../repos/mxnet/src/imperative/infer_graph_attr_pass.cc,"(570, 3)-(570, 45)",b'using FInferType     = mxnet::FInferShape;'
mxnet,../repos/mxnet/src/imperative/infer_graph_attr_pass.cc,"(571, 3)-(571, 48)",b'using AttrVector     = std::vector<AttrType>;'
mxnet,../repos/mxnet/src/imperative/infer_graph_attr_pass.cc,"(572, 3)-(572, 52)",b'using NodeAttrVector = std::vector<DispatchMode>;'
mxnet,../repos/mxnet/src/nnvm/low_precision_pass.cc,"(159, 1)-(159, 60)",b'using EntryMap_t     = nnvm::NodeEntryMap<Map...'
mxnet,../repos/mxnet/src/nnvm/low_precision_pass.cc,"(160, 1)-(160, 61)",b'using NodeMap_t      = std::unordered_map<Nod...'
mxnet,../repos/mxnet/src/nnvm/low_precision_pass.cc,"(161, 1)-(161, 97)",b'using NodeEntrySet_t = std::unordered_set<Nod...'
mxnet,../repos/mxnet/src/nnvm/low_precision_pass.cc,"(162, 1)-(162, 66)",b'using NodesEntries_t = std::unordered_map<Nod...'
mxnet,../repos/mxnet/src/nnvm/low_precision_pass.cc,"(163, 1)-(163, 88)",b'using DstNodes_t     = std::unordered_map<Nod...'
mxnet,../repos/mxnet/src/nnvm/gradient.cc,"(116, 3)-(116, 58)",b'using MirrorFun      = std::function<int(cons...'
mxnet,../repos/mxnet/src/nnvm/gradient.cc,"(518, 3)-(518, 72)",b'using AggFun   = std::function<NodeEntry(std:...'
mxnet,../repos/mxnet/src/nnvm/plan_memory.cc,"(70, 3)-(70, 25)",b'using StorageID = int;'
mxnet,../repos/mxnet/src/profiler/profiler.h,"(80, 1)-(80, 48)",b'using profile_stat_string = static_string<128>;'
mxnet,../repos/mxnet/src/profiler/profiler.h,"(231, 3)-(231, 66)",b'using TQueue = dmlc::moodycamel::ConcurrentQu...'
mxnet,../repos/mxnet/src/profiler/aggregate_stats.cc,"(37, 1)-(37, 43)","b'using pi = std::pair<double, std::string>;'"
mxnet,../repos/mxnet/src/profiler/custom_op_profiler.h,"(31, 1)-(31, 33)",b'using Tid     = std::thread::id;'
mxnet,../repos/mxnet/src/profiler/custom_op_profiler.h,"(32, 1)-(32, 46)",b'using TaskPtr = std::unique_ptr<ProfileTask>;'
mxnet,../repos/mxnet/src/profiler/storage_profiler.cc,"(58, 1)-(58, 96)",b'using NvmlProcessInfoPtr = GetArgType<decltyp...'
mxnet,../repos/mxnet/src/profiler/storage_profiler.cc,"(59, 1)-(59, 70)",b'using NvmlProcessInfo    = std::remove_pointe...'
mxnet,../repos/mxnet/src/operator/contrib/multi_lamb-inl.h,"(170, 3)-(170, 18)",b'using type = T;'
mxnet,../repos/mxnet/src/operator/contrib/multi_lamb-inl.h,"(176, 3)-(176, 22)",b'using type = float;'
mxnet,../repos/mxnet/src/operator/contrib/multi_lamb-inl.h,"(268, 5)-(268, 57)",b'using MPDType = typename MPTypeChooser<DType>...'
mxnet,../repos/mxnet/src/operator/contrib/adabelief-inl.h,"(332, 3)-(332, 18)",b'using type = T;'
mxnet,../repos/mxnet/src/operator/contrib/adabelief-inl.h,"(338, 3)-(338, 22)",b'using type = float;'
mxnet,../repos/mxnet/src/operator/contrib/adabelief-inl.h,"(450, 5)-(450, 57)",b'using MPDType = typename MPTypeChooser<DType>...'
mxnet,../repos/mxnet/src/operator/contrib/multi_lans-inl.h,"(166, 3)-(166, 18)",b'using type = T;'
mxnet,../repos/mxnet/src/operator/contrib/multi_lans-inl.h,"(172, 3)-(172, 22)",b'using type = float;'
mxnet,../repos/mxnet/src/operator/contrib/multi_lans-inl.h,"(264, 5)-(264, 57)",b'using MPDType = typename MPTypeChooser<DType>...'
mxnet,../repos/mxnet/src/operator/contrib/preloaded_multi_sgd-inl.h,"(268, 3)-(268, 18)",b'using type = T;'
mxnet,../repos/mxnet/src/operator/contrib/preloaded_multi_sgd-inl.h,"(274, 3)-(274, 22)",b'using type = float;'
mxnet,../repos/mxnet/src/operator/contrib/preloaded_multi_sgd-inl.h,"(286, 5)-(286, 57)",b'using MPDType = typename MPTypeChooser<DType>...'
mxnet,../repos/mxnet/src/operator/contrib/preloaded_multi_sgd-inl.h,"(304, 5)-(304, 57)",b'using MPDType = typename MPTypeChooser<DType>...'
mxnet,../repos/mxnet/src/operator/contrib/adamw-inl.h,"(328, 3)-(328, 18)",b'using type = T;'
mxnet,../repos/mxnet/src/operator/contrib/adamw-inl.h,"(334, 3)-(334, 22)",b'using type = float;'
mxnet,../repos/mxnet/src/operator/contrib/adamw-inl.h,"(446, 5)-(446, 57)",b'using MPDType = typename MPTypeChooser<DType>...'
mxnet,../repos/mxnet/src/operator/cudnn_ops.cc,"(852, 3)-(852, 43)",b'using pointer = cudnnTensorDescriptor_t;'
mxnet,../repos/mxnet/src/operator/cudnn_ops.cc,"(859, 1)-(859, 86)",b'using LegacyTensor = std::unique_ptr<cudnnTen...'
mxnet,../repos/mxnet/src/operator/fusion/fused_op.h,"(177, 1)-(177, 45)",b'using FusedOpPtr = std::shared_ptr<FusedOp>;'
mxnet,../repos/mxnet/src/operator/fusion/fused_op.h,"(186, 1)-(186, 67)",b'using FusedOpHelperParamPtr = std::shared_ptr...'
mxnet,../repos/mxnet/src/operator/tensor/elemwise_unary_op.h,"(160, 3)-(160, 74)",b'using set_to_scalar = mxnet_op::op_with_req<m...'
mxnet,../repos/mxnet/src/operator/tensor/elemwise_unary_op.h,"(527, 1)-(527, 71)",b'using unary_bwd = ::mxnet::op::mxnet_op::back...'
mxnet,../repos/mxnet/src/operator/tensor/la_op.h,"(861, 3)-(861, 33)",b'using IndexT = lapack_index_t;'
mxnet,../repos/mxnet/src/operator/tensor/la_op.h,"(918, 3)-(918, 33)",b'using IndexT = lapack_index_t;'
mxnet,../repos/mxnet/src/operator/tensor/la_op-inl.h,"(522, 5)-(522, 56)",b'using IndexT   = typename LapackIndex<xpu>::I...'
mxnet,../repos/mxnet/src/operator/tensor/la_op-inl.h,"(612, 5)-(612, 62)",b'using IndexInternalT = typename LapackIndex<x...'
mxnet,../repos/mxnet/src/operator/tensor/la_op-inl.h,"(647, 5)-(647, 62)",b'using IndexInternalT = typename LapackIndex<x...'
mxnet,../repos/mxnet/src/operator/tensor/la_op-inl.h,"(1111, 5)-(1111, 62)",b'using IndexInternalT = typename LapackIndex<x...'
mxnet,../repos/mxnet/src/operator/tensor/la_op-inl.h,"(1152, 5)-(1152, 62)",b'using IndexInternalT = typename LapackIndex<x...'
mxnet,../repos/mxnet/src/operator/optimizer_op-inl.h,"(310, 3)-(310, 18)",b'using type = T;'
mxnet,../repos/mxnet/src/operator/optimizer_op-inl.h,"(316, 3)-(316, 22)",b'using type = float;'
mxnet,../repos/mxnet/src/operator/optimizer_op-inl.h,"(328, 5)-(328, 57)",b'using MPDType = typename MPTypeChooser<DType>...'
mxnet,../repos/mxnet/src/operator/optimizer_op-inl.h,"(346, 5)-(346, 57)",b'using MPDType = typename MPTypeChooser<DType>...'
mxnet,../repos/mxnet/src/operator/cudnn_ops.h,"(187, 3)-(187, 27)",b'using Param = ConvParam;'
mxnet,../repos/mxnet/src/operator/cudnn_ops.h,"(235, 3)-(235, 27)",b'using Param = ConvParam;'
mxnet,../repos/mxnet/src/operator/cudnn_ops.h,"(283, 3)-(283, 27)",b'using Param = ConvParam;'
mxnet,../repos/mxnet/src/operator/random/sample_op.h,"(369, 1)-(370, 101)",b'using FSampleCompute = std::function<\n    voi...'
mxnet,../repos/mxnet/src/operator/random/unique_sample_op.h,"(148, 3)-(148, 51)",b'using DType                           = int64_t;'
mxnet,../repos/mxnet/src/operator/random/unique_sample_op.h,"(149, 3)-(149, 50)",b'using GType                           = double;'
mxnet,../repos/mxnet/src/operator/nn/pool.h,"(392, 3)-(392, 73)",b'using AccType                 = typename Pool...'
mxnet,../repos/mxnet/src/operator/nn/pool.h,"(437, 3)-(437, 73)",b'using AccType                 = typename Pool...'
mxnet,../repos/mxnet/src/operator/nn/pool.h,"(485, 3)-(485, 60)",b'using AccType    = typename PoolingTypes<DTyp...'
mxnet,../repos/mxnet/src/operator/nn/pool.h,"(538, 3)-(538, 60)",b'using AccType    = typename PoolingTypes<DTyp...'
mxnet,../repos/mxnet/src/operator/nn/pool.h,"(596, 3)-(596, 59)",b'using AccType   = typename PoolingTypes<DType...'
mxnet,../repos/mxnet/src/operator/nn/pool.h,"(659, 3)-(659, 59)",b'using AccType   = typename PoolingTypes<DType...'
mxnet,../repos/mxnet/src/operator/nn/dnnl/dnnl_layer_norm.cc,"(63, 3)-(63, 94)",b'using layernorm_fwd_map = std::unordered_map<...'
mxnet,../repos/mxnet/src/operator/nn/dnnl/dnnl_layer_norm.cc,"(222, 3)-(222, 94)",b'using layernorm_bwd_map = std::unordered_map<...'
mxnet,../repos/mxnet/src/operator/nn/dnnl/dnnl_deconvolution-inl.h,"(50, 1)-(50, 53)",b'using deconv_fwd_t    = dnnl::deconvolution_f...'
mxnet,../repos/mxnet/src/operator/nn/dnnl/dnnl_deconvolution-inl.h,"(51, 1)-(51, 69)",b'using deconv_fwd_pd_t = dnnl::deconvolution_f...'
mxnet,../repos/mxnet/src/operator/nn/dnnl/dnnl_deconvolution-inl.h,"(53, 1)-(53, 64)",b'using deconv_bwd_data_t    = dnnl::deconvolut...'
mxnet,../repos/mxnet/src/operator/nn/dnnl/dnnl_deconvolution-inl.h,"(54, 1)-(54, 80)",b'using deconv_bwd_data_pd_t = dnnl::deconvolut...'
mxnet,../repos/mxnet/src/operator/nn/dnnl/dnnl_deconvolution-inl.h,"(56, 1)-(56, 70)",b'using deconv_bwd_weights_t    = dnnl::deconvo...'
mxnet,../repos/mxnet/src/operator/nn/dnnl/dnnl_deconvolution-inl.h,"(57, 1)-(57, 86)",b'using deconv_bwd_weights_pd_t = dnnl::deconvo...'
mxnet,../repos/mxnet/src/operator/nn/dnnl/dnnl_sum-inl.h,"(40, 1)-(40, 28)",b'using sum_t    = dnnl::sum;'
mxnet,../repos/mxnet/src/operator/nn/dnnl/dnnl_sum-inl.h,"(41, 1)-(41, 44)",b'using sum_pd_t = dnnl::sum::primitive_desc;'
mxnet,../repos/mxnet/src/operator/nn/dnnl/dnnl_softmax-inl.h,"(46, 1)-(46, 48)",b'using softmax_fwd_t    = dnnl::softmax_forward;'
mxnet,../repos/mxnet/src/operator/nn/dnnl/dnnl_softmax-inl.h,"(47, 1)-(47, 64)",b'using softmax_fwd_pd_t = dnnl::softmax_forwar...'
mxnet,../repos/mxnet/src/operator/nn/dnnl/dnnl_softmax-inl.h,"(49, 1)-(49, 49)",b'using softmax_bwd_t    = dnnl::softmax_backward;'
mxnet,../repos/mxnet/src/operator/nn/dnnl/dnnl_softmax-inl.h,"(50, 1)-(50, 65)",b'using softmax_bwd_pd_t = dnnl::softmax_backwa...'
mxnet,../repos/mxnet/src/operator/nn/dnnl/dnnl_softmax-inl.h,"(52, 1)-(52, 43)",b'using linear_t    = dnnl::eltwise_forward;'
mxnet,../repos/mxnet/src/operator/nn/dnnl/dnnl_softmax-inl.h,"(53, 1)-(53, 59)",b'using linear_pd_t = dnnl::eltwise_forward::pr...'
mxnet,../repos/mxnet/src/operator/nn/dnnl/dnnl_split-inl.h,"(35, 1)-(35, 38)",b'using split_fwd_t    = dnnl::reorder;'
mxnet,../repos/mxnet/src/operator/nn/dnnl/dnnl_split-inl.h,"(36, 1)-(36, 54)",b'using split_fwd_pd_t = dnnl::reorder::primiti...'
mxnet,../repos/mxnet/src/operator/nn/dnnl/dnnl_reduce-inl.h,"(35, 1)-(35, 41)",b'using reduce_fwd_t    = dnnl::reduction;'
mxnet,../repos/mxnet/src/operator/nn/dnnl/dnnl_reduce-inl.h,"(36, 1)-(36, 57)",b'using reduce_fwd_pd_t = dnnl::reduction::prim...'
mxnet,../repos/mxnet/src/operator/nn/dnnl/dnnl_masked_softmax.cc,"(55, 3)-(56, 80)",b'using maskedsoftmax_fwd_map =\n      std::unor...'
mxnet,../repos/mxnet/src/operator/nn/dnnl/dnnl_batch_dot.cc,"(44, 3)-(44, 92)",b'using batch_dot_fwd_map = std::unordered_map<...'
mxnet,../repos/mxnet/src/operator/nn/dnnl/dnnl_rnn.cc,"(206, 3)-(206, 64)",b'using tag                         = dnnl::mem...'
mxnet,../repos/mxnet/src/operator/nn/dnnl/dnnl_rnn.cc,"(296, 3)-(296, 67)",b'using tag                            = dnnl::...'
mxnet,../repos/mxnet/src/operator/nn/dnnl/dnnl_rnn.cc,"(419, 3)-(419, 34)",b'using memory    = dnnl::memory;'
mxnet,../repos/mxnet/src/operator/nn/dnnl/dnnl_rnn.cc,"(480, 3)-(480, 46)",b'using desc            = dnnl::memory::desc;'
mxnet,../repos/mxnet/src/operator/nn/dnnl/dnnl_rnn.cc,"(481, 3)-(481, 52)",b'using format_tag      = dnnl::memory::format_tag;'
mxnet,../repos/mxnet/src/operator/nn/dnnl/dnnl_rnn.cc,"(631, 3)-(631, 55)",b'using format_tag         = dnnl::memory::form...'
mxnet,../repos/mxnet/src/operator/nn/dnnl/dnnl_rnn.cc,"(768, 3)-(768, 41)",b'using memory           = dnnl::memory;'
mxnet,../repos/mxnet/src/operator/nn/dnnl/dnnl_rnn.cc,"(821, 3)-(821, 47)",b'using format_tag = dnnl::memory::format_tag;'
mxnet,../repos/mxnet/src/operator/nn/dnnl/dnnl_rnn.cc,"(898, 3)-(898, 35)",b'using memory     = dnnl::memory;'
mxnet,../repos/mxnet/src/operator/nn/dnnl/dnnl_rnn.cc,"(934, 3)-(934, 40)",b'using tag = dnnl::memory::format_tag;'
mxnet,../repos/mxnet/src/operator/nn/dnnl/dnnl_rnn.cc,"(982, 3)-(982, 46)",b'using desc            = dnnl::memory::desc;'
mxnet,../repos/mxnet/src/operator/nn/dnnl/dnnl_rnn.cc,"(1310, 3)-(1310, 40)",b'using tag = dnnl::memory::format_tag;'
mxnet,../repos/mxnet/src/operator/nn/dnnl/dnnl_dot.cc,"(48, 3)-(48, 76)",b'using dot_fwd_map = std::unordered_map<DotSig...'
mxnet,../repos/mxnet/src/operator/nn/dnnl/dnnl_rnn-inl.h,"(50, 3)-(50, 31)",b'using memory = dnnl::memory;'
mxnet,../repos/mxnet/src/operator/nn/dnnl/dnnl_rnn-inl.h,"(51, 3)-(51, 37)",b'using dims   = dnnl::memory::dims;'
mxnet,../repos/mxnet/src/operator/nn/dnnl/dnnl_layer_norm-inl.h,"(38, 1)-(38, 62)",b'using layernorm_fwd_t    = dnnl::layer_normal...'
mxnet,../repos/mxnet/src/operator/nn/dnnl/dnnl_layer_norm-inl.h,"(39, 1)-(39, 78)",b'using layernorm_fwd_pd_t = dnnl::layer_normal...'
mxnet,../repos/mxnet/src/operator/nn/dnnl/dnnl_layer_norm-inl.h,"(41, 1)-(41, 63)",b'using layernorm_bwd_t    = dnnl::layer_normal...'
mxnet,../repos/mxnet/src/operator/nn/dnnl/dnnl_layer_norm-inl.h,"(42, 1)-(42, 79)",b'using layernorm_bwd_pd_t = dnnl::layer_normal...'
mxnet,../repos/mxnet/src/operator/nn/dnnl/dnnl_base-inl.h,"(787, 1)-(791, 68)",b'using FComputeExUnary = std::function<void(co...'
mxnet,../repos/mxnet/src/operator/nn/dnnl/dnnl_convolution.cc,"(435, 3)-(435, 87)",b'using conv_fwd_map = std::unordered_map<DNNLC...'
mxnet,../repos/mxnet/src/operator/nn/dnnl/dnnl_convolution.cc,"(553, 3)-(553, 93)",b'using dnnl_conv_bwd_map = std::unordered_map<...'
mxnet,../repos/mxnet/src/operator/nn/dnnl/dnnl_where.cc,"(64, 3)-(64, 82)",b'using where_op_fwd_map = std::unordered_map<O...'
mxnet,../repos/mxnet/src/operator/nn/dnnl/dnnl_binary-inl.h,"(37, 1)-(37, 38)",b'using binary_fwd_t    = dnnl::binary;'
mxnet,../repos/mxnet/src/operator/nn/dnnl/dnnl_binary-inl.h,"(38, 1)-(38, 54)",b'using binary_fwd_pd_t = dnnl::binary::primiti...'
mxnet,../repos/mxnet/src/operator/nn/dnnl/dnnl_binary-inl.h,"(61, 3)-(61, 86)",b'using binary_op_fwd_map = std::unordered_map<...'
mxnet,../repos/mxnet/src/operator/nn/dnnl/dnnl_eltwise-inl.h,"(35, 1)-(35, 48)",b'using eltwise_fwd_t    = dnnl::eltwise_forward;'
mxnet,../repos/mxnet/src/operator/nn/dnnl/dnnl_eltwise-inl.h,"(36, 1)-(36, 64)",b'using eltwise_fwd_pd_t = dnnl::eltwise_forwar...'
mxnet,../repos/mxnet/src/operator/nn/dnnl/dnnl_pow_mul_scalar-inl.h,"(59, 1)-(59, 48)",b'using eltwise_fwd_t    = dnnl::eltwise_forward;'
mxnet,../repos/mxnet/src/operator/nn/dnnl/dnnl_pow_mul_scalar-inl.h,"(60, 1)-(60, 64)",b'using eltwise_fwd_pd_t = dnnl::eltwise_forwar...'
mxnet,../repos/mxnet/src/operator/nn/dnnl/dnnl_batch_dot-inl.h,"(78, 1)-(78, 41)",b'using batch_dot_fwd_t    = dnnl::matmul;'
mxnet,../repos/mxnet/src/operator/nn/dnnl/dnnl_batch_dot-inl.h,"(79, 1)-(79, 57)",b'using batch_dot_fwd_pd_t = dnnl::matmul::prim...'
mxnet,../repos/mxnet/src/operator/nn/dnnl/dnnl_dot-inl.h,"(38, 1)-(38, 35)",b'using dot_fwd_t    = dnnl::matmul;'
mxnet,../repos/mxnet/src/operator/nn/dnnl/dnnl_dot-inl.h,"(39, 1)-(39, 51)",b'using dot_fwd_pd_t = dnnl::matmul::primitive_desc;'
mxnet,../repos/mxnet/src/operator/nn/dnnl/dnnl_deconvolution.cc,"(83, 3)-(83, 85)",b'using deconv_fwd_map = std::unordered_map<Dec...'
mxnet,../repos/mxnet/src/operator/nn/dnnl/dnnl_deconvolution.cc,"(226, 3)-(226, 85)",b'using deconv_bwd_map = std::unordered_map<Dec...'
mxnet,../repos/mxnet/src/operator/nn/fully_connected-inl.h,"(341, 3)-(341, 73)",b'using AType                 = typename mxnet_...'
mxnet,../repos/mxnet/src/operator/nn/cudnn/cudnn_algoreg-inl.h,"(72, 3)-(74, 89)",b'using AlgoSetter_t = std::function<void(CuDNN...'
mxnet,../repos/mxnet/src/operator/mxnet_op.h,"(289, 3)-(289, 18)",b'using type = T;'
mxnet,../repos/mxnet/src/operator/mxnet_op.h,"(294, 3)-(294, 22)",b'using type = float;'
mxnet,../repos/mxnet/src/operator/mxnet_op.h,"(1221, 1)-(1221, 32)",b'using set_zero = set_to_int<0>;'
mxnet,../repos/mxnet/src/operator/mxnet_op.h,"(1222, 1)-(1222, 32)",b'using set_one  = set_to_int<1>;'
mxnet,../repos/mxnet/src/operator/mxnet_op.h,"(1244, 1)-(1244, 37)",b'using set_true  = set_to_bool<true>;'
mxnet,../repos/mxnet/src/operator/mxnet_op.h,"(1245, 1)-(1245, 38)",b'using set_false = set_to_bool<false>;'
mxnet,../repos/mxnet/src/operator/quantization/quantized_elemwise_mul.cc,"(181, 7)-(181, 32)",b'using out_type = int32_t;'
mxnet,../repos/mxnet/src/operator/quantization/quantized_elemwise_mul.cc,"(193, 5)-(193, 28)",b'using out_type = float;'
mxnet,../repos/mxnet/src/operator/quantization/dnnl/dnnl_quantized_rnn.cc,"(121, 3)-(121, 47)",b'using format_tag = dnnl::memory::format_tag;'
mxnet,../repos/mxnet/src/operator/quantization/quantized_fully_connected.cc,"(159, 5)-(159, 23)",b'using T2 = int8_t;'
mxnet,../repos/mxnet/src/operator/numpy/linalg/np_tensorsolve-inl.h,"(167, 3)-(167, 52)",b'using IndexT = typename LapackIndex<xpu>::IndexT;'
mxnet,../repos/mxnet/src/operator/numpy/linalg/np_tensorsolve-inl.h,"(299, 3)-(299, 68)",b'using IndexT                 = typename Lapac...'
mxnet,../repos/mxnet/src/operator/numpy/linalg/np_lstsq-inl.h,"(604, 3)-(604, 77)",b'using IndexT                          = typen...'
mxnet,../repos/mxnet/src/operator/numpy/linalg/np_solve-inl.h,"(274, 3)-(274, 52)",b'using IndexT = typename LapackIndex<xpu>::IndexT;'
mxnet,../repos/mxnet/src/operator/numpy/linalg/np_solve-inl.h,"(441, 3)-(441, 52)",b'using IndexT = typename LapackIndex<xpu>::IndexT;'
mxnet,../repos/mxnet/src/operator/numpy/linalg/np_matrix_rank-inl.h,"(149, 5)-(149, 70)",b'using IndexT                 = typename Lapac...'
mxnet,../repos/mxnet/src/operator/numpy/linalg/np_pinv-inl.h,"(543, 3)-(543, 71)",b'using IndexT                    = typename La...'
mxnet,../repos/mxnet/src/operator/numpy/linalg/np_pinv-inl.h,"(735, 3)-(735, 67)",b'using IndexT                = typename Lapack...'
mxnet,../repos/mxnet/src/operator/operator_tune-inl.h,"(108, 3)-(108, 45)",b'using Tick       = OperatorTuneBase::Tick;'
mxnet,../repos/mxnet/src/operator/operator_tune-inl.h,"(109, 3)-(109, 51)",b'using duration_t = OperatorTuneBase::duration_t;'
mxnet,../repos/mxnet/src/operator/operator_tune-inl.h,"(543, 3)-(543, 49)",b'using duration_t = typename Super::duration_t;'
mxnet,../repos/mxnet/src/operator/operator_tune-inl.h,"(544, 3)-(544, 43)",b'using Tick       = typename Super::Tick;'
mxnet,../repos/mxnet/src/operator/subgraph/subgraph_property.h,"(37, 1)-(37, 59)",b'using BiDirectedNodePtr = std::shared_ptr<BiD...'
mxnet,../repos/mxnet/src/operator/subgraph/subgraph_property.h,"(147, 1)-(147, 63)",b'using SubgraphSelectorPtr = std::shared_ptr<S...'
mxnet,../repos/mxnet/src/operator/subgraph/subgraph_property.h,"(209, 1)-(209, 67)",b'using SubgraphSelectorV2Ptr = std::shared_ptr...'
mxnet,../repos/mxnet/src/operator/subgraph/subgraph_property.h,"(450, 1)-(450, 63)",b'using SubgraphPropertyPtr = std::shared_ptr<S...'
mxnet,../repos/mxnet/src/operator/subgraph/subgraph_property.h,"(527, 1)-(527, 61)",b'using SubgraphBackendPtr = std::shared_ptr<Su...'
mxnet,../repos/mxnet/src/operator/subgraph/tensorrt/nnvm_to_onnx-inl.h,"(48, 1)-(48, 41)",b'using int64 = ::google::protobuf::int64;'
mxnet,../repos/mxnet/src/operator/subgraph/tensorrt/onnx_to_tensorrt.h,"(54, 1)-(54, 53)","b'using unique_ptr = std::unique_ptr<T, InferDe...'"
mxnet,../repos/mxnet/src/operator/subgraph/tensorrt/tensorrt-inl.h,"(53, 1)-(53, 41)",b'using int64 = ::google::protobuf::int64;'
mxnet,../repos/mxnet/src/operator/linalg_impl.h,"(395, 3)-(395, 59)",b'using TrueFP16Type              = mshadow::ha...'
mxnet,../repos/mxnet/src/operator/linalg_impl.h,"(396, 3)-(396, 91)",b'using PseudoFP16Type            = typename Cu...'
mxnet,../repos/mxnet/src/io/image_det_aug_default.cc,"(241, 1)-(241, 31)",b'using Rect = cv::Rect_<float>;'
mxnet,../repos/mxnet/src/kvstore/kvstore_nccl.h,"(502, 3)-(502, 56)","b'using KeyAttrs = std::tuple<int, mxnet::TShap...'"
mxnet,../repos/mxnet/src/kvstore/comm_tree.h,"(391, 3)-(391, 56)","b'using KeyAttrs = std::tuple<int, mxnet::TShap...'"
mxnet,../repos/mxnet/src/kvstore/kvstore_local.h,"(445, 5)-(445, 37)","b'using Idx = std::pair<int, int>;'"
mxnet,../repos/mxnet/src/kvstore/comm.h,"(723, 3)-(723, 56)","b'using KeyAttrs = std::tuple<int, mxnet::TShap...'"
mxnet,../repos/mxnet/include/mxnet/tuple.h,"(830, 1)-(830, 48)",b'using ShapeVector = std::vector<mxnet::TShape>;'
mxnet,../repos/mxnet/include/mxnet/tuple.h,"(842, 1)-(842, 62)",b'using FInferShape = nnvm::FInferNodeEntryAttr...'
mxnet,../repos/mxnet/include/mxnet/runtime/packed_func.h,"(100, 3)-(100, 72)",b'using FType = std::function<void(MXNetArgs ar...'
mxnet,../repos/mxnet/include/mxnet/runtime/packed_func.h,"(190, 3)-(190, 45)",b'using TSelf = TypedPackedFunc<R(Args...)>;'
mxnet,../repos/mxnet/include/mxnet/runtime/packed_func.h,"(386, 5)-(386, 53)",b'using ContainerType = typename T::ContainerType;'
mxnet,../repos/mxnet/include/mxnet/runtime/packed_func.h,"(392, 5)-(392, 53)",b'using ContainerType = typename T::ContainerType;'
mxnet,../repos/mxnet/include/mxnet/runtime/packed_func.h,"(1257, 3)-(1257, 60)",b'using ContainerType = typename TObjectRef::Co...'
mxnet,../repos/mxnet/include/mxnet/runtime/packed_func.h,"(1284, 3)-(1284, 60)",b'using ContainerType = typename TObjectRef::Co...'
mxnet,../repos/mxnet/include/mxnet/runtime/data_type.h,"(210, 1)-(210, 46)",b'using MXNetDataType = runtime::MXNetDataType;'
mxnet,../repos/mxnet/include/mxnet/runtime/object.h,"(203, 3)-(203, 47)",b'using RefCounterType = std::atomic<int32_t>;'
mxnet,../repos/mxnet/include/mxnet/runtime/object.h,"(205, 3)-(205, 34)",b'using RefCounterType = int32_t;'
mxnet,../repos/mxnet/include/mxnet/runtime/object.h,"(569, 3)-(569, 32)",b'using ContainerType = Object;'
mxnet,../repos/mxnet/include/mxnet/runtime/object.h,"(845, 1)-(845, 39)",b'using NodePtr = runtime::ObjectPtr<T>;'
mxnet,../repos/mxnet/include/mxnet/runtime/memory.h,"(70, 5)-(70, 59)",b'using Handler = typename Derived::template Ha...'
mxnet,../repos/mxnet/include/mxnet/runtime/memory.h,"(87, 5)-(87, 82)",b'using Handler = typename Derived::template Ar...'
mxnet,../repos/mxnet/include/mxnet/runtime/memory.h,"(104, 5)-(104, 84)",b'using StorageType = typename std::aligned_sto...'
mxnet,../repos/mxnet/include/mxnet/runtime/memory.h,"(149, 5)-(149, 100)",b'using StorageType = typename std::aligned_sto...'
mxnet,../repos/mxnet/include/mxnet/runtime/container_ext.h,"(70, 3)-(70, 30)",b'using key_type = ObjectRef;'
mxnet,../repos/mxnet/include/mxnet/runtime/container_ext.h,"(72, 3)-(72, 33)",b'using mapped_type = ObjectRef;'
mxnet,../repos/mxnet/include/mxnet/runtime/container_ext.h,"(74, 3)-(74, 97)",b'using ContainerType = std::unordered_map<Obje...'
mxnet,../repos/mxnet/include/mxnet/runtime/container_ext.h,"(76, 3)-(76, 44)",b'using iterator = ContainerType::iterator;'
mxnet,../repos/mxnet/include/mxnet/runtime/container_ext.h,"(78, 3)-(78, 56)",b'using const_iterator = ContainerType::const_i...'
mxnet,../repos/mxnet/include/mxnet/runtime/container_ext.h,"(80, 3)-(80, 44)",b'using KVType = ContainerType::value_type;'
mxnet,../repos/mxnet/include/mxnet/runtime/container_ext.h,"(228, 3)-(228, 25)",b'using key_type    = K;'
mxnet,../repos/mxnet/include/mxnet/runtime/container_ext.h,"(229, 3)-(229, 25)",b'using mapped_type = V;'
mxnet,../repos/mxnet/include/mxnet/runtime/container_ext.h,"(370, 3)-(370, 32)",b'using ContainerType = MapObj;'
mxnet,../repos/mxnet/include/mxnet/runtime/container_ext.h,"(375, 5)-(375, 63)",b'using iterator_category = std::bidirectional_...'
mxnet,../repos/mxnet/include/mxnet/runtime/container_ext.h,"(376, 5)-(376, 39)",b'using difference_type   = int64_t;'
mxnet,../repos/mxnet/include/mxnet/runtime/container_ext.h,"(377, 5)-(377, 53)","b'using value_type        = const std::pair<K, V>;'"
mxnet,../repos/mxnet/include/mxnet/runtime/container_ext.h,"(378, 5)-(378, 43)",b'using pointer           = value_type*;'
mxnet,../repos/mxnet/include/mxnet/runtime/container_ext.h,"(379, 5)-(379, 42)",b'using reference         = value_type;'
mxnet,../repos/mxnet/include/mxnet/ir/expr.h,"(60, 3)-(60, 38)",b'using ContainerType = BaseExprNode;'
mxnet,../repos/mxnet/include/mxnet/ir/expr.h,"(131, 3)-(131, 38)",b'using ContainerType = PrimExprNode;'
mxnet,../repos/mxnet/include/mxnet/ir/expr.h,"(176, 3)-(176, 36)",b'using ContainerType = IntImmNode;'
mxnet,../repos/mxnet/include/mxnet/ir/expr.h,"(221, 3)-(221, 38)",b'using ContainerType = FloatImmNode;'
mxnet,../repos/mxnet/include/mxnet/base.h,"(87, 1)-(87, 21)",b'using Op = nnvm::Op;'
mxnet,../repos/mxnet/include/mxnet/imperative.h,"(45, 1)-(45, 67)",b'using OptConstraint_int_t = std::underlying_t...'
mxnet,../repos/mxnet/include/mxnet/op_attr_types.h,"(215, 1)-(218, 83)",b'using FCreateOpState = std::function<OpStateP...'
mxnet,../repos/mxnet/include/mxnet/op_attr_types.h,"(228, 1)-(228, 38)",b'using THasDeterministicOutput = bool;'
mxnet,../repos/mxnet/include/mxnet/op_attr_types.h,"(233, 1)-(233, 67)",b'using FExecType = std::function<ExecType(cons...'
mxnet,../repos/mxnet/include/mxnet/op_attr_types.h,"(241, 1)-(245, 81)",b'using FStatefulCompute = std::function<void(c...'
mxnet,../repos/mxnet/include/mxnet/op_attr_types.h,"(253, 1)-(257, 85)",b'using FStatefulComputeEx = std::function<void...'
mxnet,../repos/mxnet/include/mxnet/op_attr_types.h,"(264, 1)-(264, 90)",b'using FResourceRequest = std::function<std::v...'
mxnet,../repos/mxnet/include/mxnet/op_attr_types.h,"(273, 1)-(276, 83)",b'using FResourceRequestEx =\n    std::function<...'
mxnet,../repos/mxnet/include/mxnet/op_attr_types.h,"(282, 1)-(284, 77)",b'using FNDArrayFunction = std::function<void(c...'
mxnet,../repos/mxnet/include/mxnet/op_attr_types.h,"(290, 1)-(294, 73)",b'using FCompute = std::function<void(const nnv...'
mxnet,../repos/mxnet/include/mxnet/op_attr_types.h,"(300, 1)-(304, 77)",b'using FComputeEx = std::function<void(const n...'
mxnet,../repos/mxnet/include/mxnet/op_attr_types.h,"(312, 1)-(316, 76)",b'using FInferStorageType = std::function<bool(...'
mxnet,../repos/mxnet/include/mxnet/op_attr_types.h,"(322, 1)-(322, 74)",b'using FQuantizable = std::function<QuantizeTy...'
mxnet,../repos/mxnet/include/mxnet/op_attr_types.h,"(328, 1)-(328, 77)",b'using FQuantizedOp = std::function<nnvm::Obje...'
mxnet,../repos/mxnet/include/mxnet/op_attr_types.h,"(336, 1)-(336, 69)",b'using FNeedRequantize = std::function<bool(co...'
mxnet,../repos/mxnet/include/mxnet/op_attr_types.h,"(343, 1)-(344, 95)",b'using FAvoidQuantizeInput = std::function<\n  ...'
mxnet,../repos/mxnet/include/mxnet/op_attr_types.h,"(350, 1)-(350, 96)",b'using FNeedAsymQuantizeInput = std::function<...'
mxnet,../repos/mxnet/include/mxnet/op_attr_types.h,"(357, 1)-(357, 96)",b'using FAvoidDequantizeOutput = std::function<...'
mxnet,../repos/mxnet/include/mxnet/op_attr_types.h,"(364, 1)-(364, 85)",b'using FNeedCalibrateInput = std::function<std...'
mxnet,../repos/mxnet/include/mxnet/op_attr_types.h,"(371, 1)-(371, 86)",b'using FNeedCalibrateOutput = std::function<st...'
mxnet,../repos/mxnet/include/mxnet/op_attr_types.h,"(382, 1)-(382, 98)",b'using FIsCUDAGraphsCompatible = std::function...'
mxnet,../repos/mxnet/include/mxnet/node/container.h,"(56, 3)-(56, 83)",b'using difference_type   = typename std::itera...'
mxnet,../repos/mxnet/include/mxnet/node/container.h,"(57, 3)-(57, 60)",b'using value_type        = typename Converter:...'
mxnet,../repos/mxnet/include/mxnet/node/container.h,"(58, 3)-(58, 61)",b'using pointer           = typename Converter:...'
mxnet,../repos/mxnet/include/mxnet/node/container.h,"(59, 3)-(59, 61)",b'using reference         = typename Converter:...'
mxnet,../repos/mxnet/include/mxnet/node/container.h,"(60, 3)-(60, 85)",b'using iterator_category = typename std::itera...'
mxnet,../repos/mxnet/include/mxnet/node/container.h,"(300, 3)-(300, 35)",b'using ContainerType = ArrayNode;'
mxnet,../repos/mxnet/include/mxnet/node/container.h,"(303, 5)-(303, 26)",b'using ResultType = T;'
mxnet,../repos/mxnet/include/mxnet/node/container.h,"(308, 3)-(308, 88)","b'using iterator = IterAdapter<ValueConverter, ...'"
mxnet,../repos/mxnet/include/mxnet/node/container.h,"(310, 3)-(311, 83)",b'using reverse_iterator =\n      IterAdapter<Va...'
mxnet,../repos/mxnet/include/mxnet/io.h,"(176, 1)-(176, 63)",b'using BatchifyFunctionPtr = std::shared_ptr<B...'
mxnet,../repos/mxnet/include/mxnet/graph_attr_types.h,"(45, 1)-(45, 44)",b'using StorageTypeVector = std::vector<int>;'
mxnet,../repos/mxnet/include/mxnet/graph_attr_types.h,"(60, 1)-(60, 54)",b'using DispatchModeVector = std::vector<Dispat...'
mxnet,../repos/mxnet/cpp-package/include/mxnet-cpp/optimizer.hpp,"(84, 3)-(84, 68)","b'using ValueType = std::map<std::string, std::...'"
mxnet,../repos/mxnet/tests/cpp/include/test_legacy_op.h,"(588, 1)-(589, 87)",b'using LegacyOpRunner =\n    mxnet::test::Opera...'
mxnet,../repos/mxnet/tests/cpp/include/test_tune.h,"(66, 3)-(66, 39)",b'using kwargs_t = test::op::kwargs_t;'
mxnet,../repos/mxnet/tests/cpp/include/test_tune.h,"(68, 3)-(68, 73)","b'using bool_mode_pair = std::pair<bool, ::mxne...'"
mxnet,../repos/mxnet/tests/cpp/include/test_tune.h,"(70, 3)-(70, 52)",b'using shape_vect            = mxnet::ShapeVector;'
mxnet,../repos/mxnet/tests/cpp/include/test_tune.h,"(71, 3)-(71, 92)",b'using shape_vec_to_bool_map = std::map<shape_...'
mxnet,../repos/mxnet/tests/cpp/include/test_tune.h,"(74, 3)-(75, 76)",b'using ShapesToPerfTimingMap =\n      std::map<...'
mxnet,../repos/mxnet/tests/cpp/include/test_tune.h,"(116, 3)-(118, 57)","b'using tuned_timing_t = std::map<shape_vect,\n ...'"
mxnet,../repos/mxnet/tests/cpp/include/test_tune.h,"(120, 3)-(120, 75)","b'using modesort_t = std::multimap<double, ::mx...'"
mxnet,../repos/mxnet/tests/cpp/include/test_perf.h,"(306, 1)-(306, 53)",b'using timing_map_t = TimingInstrument::timing...'
mxnet,../repos/mxnet/tests/cpp/include/test_dnnl.h,"(599, 1)-(600, 79)",b'using VerifyFunc = std::function<void(const s...'
mxnet,../repos/mxnet/tests/cpp/include/test_core_op.h,"(294, 5)-(294, 51)",b'using foo = typename mshadow::DataType<DType>;'
mxnet,../repos/mxnet/tests/cpp/include/test_core_op.h,"(864, 1)-(864, 84)",b'using CoreOperatorRunner = test::OperatorRunn...'
mxnet,../repos/mxnet/tests/cpp/operator/runner/core_op_runner_test.cc,"(37, 1)-(37, 37)",b'using kwargs_t = test::op::kwargs_t;'
mxnet,../repos/mxnet/tests/cpp/operator/runner/core_op_runner_test.cc,"(152, 3)-(152, 23)",b'using DType = float;'
mxnet,../repos/mxnet/tests/cpp/operator/runner/core_op_runner_test.cc,"(170, 3)-(170, 40)",b'using DType                  = float;'
mxnet,../repos/mxnet/tests/cpp/operator/runner/core_op_runner_test.cc,"(185, 3)-(185, 23)",b'using DType = float;'
mxnet,../repos/mxnet/tests/cpp/operator/runner/core_op_runner_test.cc,"(209, 3)-(209, 23)",b'using DType = float;'
mxnet,../repos/mxnet/tests/cpp/operator/runner/core_op_runner_test.cc,"(238, 3)-(238, 23)",b'using DType = float;'
mxnet,../repos/mxnet/tests/cpp/operator/tune/operator_tune_test.cc,"(42, 1)-(42, 37)",b'using kwargs_t = test::op::kwargs_t;'
mxnet,../repos/mxnet/tests/cpp/operator/coreop_perf.cc,"(34, 1)-(34, 37)",b'using kwargs_t = test::op::kwargs_t;'
mxnet,../repos/mxnet/tests/cpp/operator/batchnorm_test.cc,"(111, 3)-(111, 67)",b'using Super = typename test::op::CoreOpExecut...'
mxnet,../repos/mxnet/tests/cpp/operator/batchnorm_test.cc,"(725, 3)-(725, 55)",b'using DType   = typename OperatorExecutor::Da...'
mxnet,../repos/mxnet/tests/cpp/operator/batchnorm_test.cc,"(726, 3)-(726, 58)",b'using AccReal = typename OperatorExecutor::Ac...'
mxnet,../repos/mxnet/tests/cpp/operator/batchnorm_test.cc,"(1257, 3)-(1257, 25)",b'using DType   = float;'
mxnet,../repos/mxnet/tests/cpp/operator/batchnorm_test.cc,"(1258, 3)-(1258, 25)",b'using AccReal = float;'
mxnet,../repos/mxnet/tests/cpp/operator/batchnorm_test.cc,"(1315, 3)-(1315, 25)",b'using DType   = float;'
mxnet,../repos/mxnet/tests/cpp/operator/batchnorm_test.cc,"(1316, 3)-(1316, 25)",b'using AccReal = float;'
mxnet,../repos/mxnet/tests/cpp/operator/krprod_test.cc,"(36, 1)-(36, 22)",b'using DType = double;'
