Repo name,File name,Location,Content
seL4,../repos/seL4/src/drivers/timer/kpss-timer.c,"(20, 9)-(20, 17)",b'typedef volatile struct timer timer_t;'
seL4,../repos/seL4/src/drivers/smmu/smmuv2.c,"(62, 14)-(62, 22)",b'volatile uint32_t *'
seL4,../repos/seL4/src/drivers/smmu/smmuv2.c,"(67, 7)-(67, 15)",b'volatile uint32_t *'
seL4,../repos/seL4/src/drivers/smmu/smmuv2.c,"(72, 14)-(72, 22)",b'volatile uint64_t *'
seL4,../repos/seL4/src/drivers/smmu/smmuv2.c,"(77, 7)-(77, 15)",b'volatile uint64_t *'
seL4,../repos/seL4/src/plat/pc99/machine/ioapic.c,"(44, 7)-(44, 15)",b'volatile uint32_t *'
seL4,../repos/seL4/src/plat/pc99/machine/ioapic.c,"(49, 14)-(49, 22)",b'volatile uint32_t *'
seL4,../repos/seL4/src/plat/pc99/machine/intel-vtd.c,"(95, 14)-(95, 22)",b'volatile uint32_t *'
seL4,../repos/seL4/src/plat/pc99/machine/intel-vtd.c,"(100, 7)-(100, 15)",b'volatile uint32_t *'
seL4,../repos/seL4/src/plat/pc99/machine/intel-vtd.c,"(106, 14)-(106, 22)",b'volatile uint64_t *'
seL4,../repos/seL4/src/plat/pc99/machine/intel-vtd.c,"(111, 7)-(111, 15)",b'volatile uint64_t *'
seL4,../repos/seL4/src/plat/tk1/machine/smmu.c,"(67, 8)-(67, 16)",b'static volatile tk1_mc_regs_t *smmu_regs = (v...'
seL4,../repos/seL4/src/plat/tk1/machine/smmu.c,"(67, 45)-(67, 53)",b'volatile tk1_mc_regs_t *'
seL4,../repos/seL4/src/plat/tk1/machine/smmu.c,"(73, 5)-(73, 13)",b'volatile uint32_t *config = (volatile uint32_...'
seL4,../repos/seL4/src/plat/tk1/machine/smmu.c,"(73, 34)-(73, 42)",b'volatile uint32_t *'
seL4,../repos/seL4/src/plat/tk1/machine/smmu.c,"(79, 5)-(79, 13)",b'volatile uint32_t *config = (volatile uint32_...'
seL4,../repos/seL4/src/plat/tk1/machine/smmu.c,"(79, 34)-(79, 42)",b'volatile uint32_t *'
seL4,../repos/seL4/src/machine/profiler.c,"(22, 1)-(22, 9)",b'volatile unsigned int checkpoint VISIBLE;'
seL4,../repos/seL4/src/arch/riscv/smp/ipi.c,"(15, 8)-(15, 16)",b'static volatile IpiRemoteCall_t  remoteCall;'
seL4,../repos/seL4/src/arch/riscv/smp/ipi.c,"(16, 8)-(16, 16)",b'static volatile irq_t            ipiIrq[CONFI...'
seL4,../repos/seL4/src/arch/riscv/kernel/boot.c,"(29, 17)-(29, 25)",b'BOOT_BSS static volatile word_t node_boot_lock;'
seL4,../repos/seL4/src/arch/arm/machine/gic_v3.c,"(34, 1)-(34, 9)",b'volatile struct gic_dist_map *const gic_dist ...'
seL4,../repos/seL4/src/arch/arm/machine/gic_v3.c,"(34, 49)-(34, 57)",b'volatile struct gic_dist_map *'
seL4,../repos/seL4/src/arch/arm/machine/gic_v3.c,"(35, 1)-(35, 9)",b'volatile void *const gicr_base = (volatile ui...'
seL4,../repos/seL4/src/arch/arm/machine/gic_v3.c,"(35, 35)-(35, 43)",b'volatile uint8_t *'
seL4,../repos/seL4/src/arch/arm/machine/gic_v3.c,"(38, 1)-(38, 9)",b'volatile struct gic_rdist_map *gic_rdist_map[...'
seL4,../repos/seL4/src/arch/arm/machine/gic_v3.c,"(39, 1)-(39, 9)",b'volatile struct gic_rdist_sgi_ppi_map *gic_rd...'
seL4,../repos/seL4/src/arch/arm/machine/gic_v3.c,"(79, 39)-(79, 47)",b'volatile uint32_t *ctlr_addr'
seL4,../repos/seL4/src/arch/arm/machine/gic_v2.c,"(26, 1)-(26, 9)",b'volatile struct gic_dist_map *const gic_dist ...'
seL4,../repos/seL4/src/arch/arm/machine/gic_v2.c,"(27, 6)-(27, 14)",b'volatile struct gic_dist_map *'
seL4,../repos/seL4/src/arch/arm/machine/gic_v2.c,"(33, 1)-(33, 9)",b'volatile struct gic_cpu_iface_map *const gic_...'
seL4,../repos/seL4/src/arch/arm/machine/gic_v2.c,"(34, 6)-(34, 14)",b'volatile struct gic_cpu_iface_map *'
seL4,../repos/seL4/src/arch/arm/machine/gic_v2.c,"(227, 1)-(227, 9)",b'volatile struct gich_vcpu_ctrl_map *gic_vcpu_...'
seL4,../repos/seL4/src/arch/arm/machine/gic_v2.c,"(228, 6)-(228, 14)",b'volatile struct gich_vcpu_ctrl_map *'
seL4,../repos/seL4/src/arch/arm/machine/l2c_310.c,"(225, 1)-(225, 9)",b'volatile struct l2cc_map *const l2cc\n    = (v...'
seL4,../repos/seL4/src/arch/arm/machine/l2c_310.c,"(226, 8)-(226, 16)",b'volatile struct l2cc_map *'
seL4,../repos/seL4/src/arch/arm/kernel/boot.c,"(37, 17)-(37, 25)",b'BOOT_BSS static volatile int node_boot_lock;'
seL4,../repos/seL4/include/drivers/timer/mct.h,"(113, 9)-(113, 17)",b'typedef volatile struct mct_map timer_t;'
seL4,../repos/seL4/include/drivers/timer/am335x.h,"(36, 9)-(36, 17)",b'typedef volatile struct timer timer_t;'
seL4,../repos/seL4/include/drivers/timer/arm_priv.h,"(18, 9)-(18, 17)",b'typedef volatile struct timer timer_t;'
seL4,../repos/seL4/include/drivers/timer/arm_global.h,"(31, 9)-(31, 17)",b'typedef volatile struct timer timer_t;'
seL4,../repos/seL4/include/drivers/timer/omap3430.h,"(37, 9)-(37, 17)",b'typedef volatile struct timer timer_t;'
seL4,../repos/seL4/include/drivers/irq/bcm2836-armctrl-ic.h,"(82, 1)-(82, 9)",b'volatile struct intc_regs {\n    uint32_t bfIR...'
seL4,../repos/seL4/include/drivers/irq/bcm2836-armctrl-ic.h,"(90, 17)-(90, 25)",b'volatile struct intc_regs *'
seL4,../repos/seL4/include/drivers/irq/bcm2836-armctrl-ic.h,"(92, 1)-(92, 9)",b'volatile struct core_regs {\n    uint32_t cont...'
seL4,../repos/seL4/include/drivers/irq/bcm2836-armctrl-ic.h,"(115, 17)-(115, 25)",b'volatile struct core_regs *'
seL4,../repos/seL4/include/drivers/irq/riscv_plic0.h,"(77, 15)-(77, 23)",b'volatile uint32_t *'
seL4,../repos/seL4/include/drivers/irq/riscv_plic0.h,"(82, 8)-(82, 16)",b'volatile uint32_t *'
seL4,../repos/seL4/include/drivers/irq/omap3.h,"(28, 1)-(28, 9)",b'volatile struct INTC_map {\n    uint32_t paddi...'
seL4,../repos/seL4/include/drivers/irq/omap3.h,"(55, 12)-(55, 20)",b'volatile void *'
seL4,../repos/seL4/include/drivers/irq/am335x.h,"(40, 1)-(40, 9)",b'volatile struct INTC_map {\n    uint32_t paddi...'
seL4,../repos/seL4/include/drivers/irq/am335x.h,"(66, 12)-(66, 20)",b'volatile void *'
seL4,../repos/seL4/include/smp/ipi.h,"(17, 8)-(17, 16)",b'static volatile struct {\n    word_t count;\n  ...'
seL4,../repos/seL4/include/smp/ipi.h,"(24, 8)-(24, 16)",b'static volatile word_t totalCoreBarrier;'
seL4,../repos/seL4/include/machine/profiler.h,"(69, 8)-(69, 16)",b'extern volatile unsigned int checkpoint;'
seL4,../repos/seL4/include/arch/riscv/arch/32/mode/machine.h,"(28, 13)-(28, 21)",b'volatile uint32_t *'
seL4,../repos/seL4/include/arch/riscv/arch/32/mode/machine.h,"(29, 12)-(29, 20)",b'volatile uint32_t *'
seL4,../repos/seL4/include/arch/riscv/arch/32/mode/machine.h,"(30, 13)-(30, 21)",b'volatile uint32_t *'
seL4,../repos/seL4/include/arch/riscv/arch/32/mode/machine.h,"(34, 16)-(34, 24)",b'volatile uint32_t *'
seL4,../repos/seL4/include/arch/riscv/arch/64/mode/machine.h,"(26, 11)-(26, 19)",b'volatile word_t *'
seL4,../repos/seL4/include/arch/x86/arch/machine/hardware.h,"(98, 35)-(98, 43)",b'volatile void *vaddr'
seL4,../repos/seL4/include/arch/x86/arch/kernel/xapic.h,"(45, 14)-(45, 22)",b'volatile uint32_t *'
seL4,../repos/seL4/include/arch/x86/arch/kernel/xapic.h,"(50, 7)-(50, 15)",b'volatile uint32_t *'
seL4,../repos/seL4/include/arch/arm/arch/machine/gic_v3.h,"(232, 8)-(232, 16)",b'extern volatile struct gic_dist_map *const gi...'
seL4,../repos/seL4/include/arch/arm/arch/machine/gic_v3.h,"(233, 8)-(233, 16)",b'extern volatile struct gic_rdist_map *gic_rdi...'
seL4,../repos/seL4/include/arch/arm/arch/machine/gic_v3.h,"(234, 8)-(234, 16)",b'extern volatile struct gic_rdist_sgi_ppi_map ...'
seL4,../repos/seL4/include/arch/arm/arch/machine/gic_v2.h,"(125, 8)-(125, 16)",b'extern volatile struct gic_dist_map *const gi...'
seL4,../repos/seL4/include/arch/arm/arch/machine/gic_v2.h,"(126, 8)-(126, 16)",b'extern volatile struct gic_cpu_iface_map *con...'
seL4,../repos/seL4/include/arch/arm/arch/machine/gic_v2.h,"(218, 8)-(218, 16)",b'extern volatile struct gich_vcpu_ctrl_map *gi...'
