Repo name,File name,Location,Content
seL4,../repos/seL4/src/util.c,"(181, 1)-(244, 2)",b'static UNUSED CONST inline unsigned clz32(uin...'
seL4,../repos/seL4/src/util.c,"(303, 1)-(363, 2)",b'static UNUSED CONST inline unsigned ctz32(uin...'
seL4,../repos/seL4/src/object/objecttype.c,"(104, 1)-(262, 2)","b'finaliseCap_ret_t finaliseCap(cap_t cap, bool...'"
seL4,../repos/seL4/src/object/cnode.c,"(552, 1)-(565, 2)","b'exception_t cteDelete(cte_t *slot, bool_t exp...'"
seL4,../repos/seL4/src/object/cnode.c,"(594, 1)-(607, 2)",b'static inline bool_t CONST capRemovable(cap_t...'
seL4,../repos/seL4/src/object/cnode.c,"(615, 1)-(662, 2)",b'static finaliseSlot_ret_t finaliseSlot(cte_t ...'
seL4,../repos/seL4/src/object/cnode.c,"(726, 1)-(743, 2)",b'void cteDeleteOne(cte_t *slot)\n{\n    word_t c...'
seL4,../repos/seL4/src/benchmark/benchmark.c,"(61, 1)-(73, 2)",b'exception_t handle_SysBenchmarkFinalizeLog(vo...'
seL4,../repos/seL4/src/plat/pc99/machine/hardware.c,"(76, 1)-(135, 2)",b'BOOT_CODE uint32_t tsc_init(void)\n{\n\n#if CONF...'
seL4,../repos/seL4/src/plat/pc99/machine/acpi.c,"(225, 1)-(242, 2)",b'BOOT_CODE bool_t acpi_init(acpi_rsdp_t *rsdp_...'
seL4,../repos/seL4/src/arch/riscv/object/objecttype.c,"(71, 1)-(118, 2)","b'finaliseCap_ret_t Arch_finaliseCap(cap_t cap,...'"
seL4,../repos/seL4/src/arch/riscv/kernel/vspace.c,"(390, 1)-(413, 2)",b'lookupPTSlot_ret_t lookupPTSlot(pte_t *lvl1pt...'
seL4,../repos/seL4/src/arch/riscv/kernel/boot.c,"(195, 1)-(456, 2)",b'static BOOT_CODE bool_t try_init_kernel(\n    ...'
seL4,../repos/seL4/src/arch/x86/32/object/objecttype.c,"(53, 1)-(120, 2)","b'finaliseCap_ret_t Mode_finaliseCap(cap_t cap,...'"
seL4,../repos/seL4/src/arch/x86/object/vcpu.c,"(513, 1)-(528, 2)",b'void vcpu_finalise(vcpu_t *vcpu)\n{\n    if (vc...'
seL4,../repos/seL4/src/arch/x86/object/objecttype.c,"(180, 1)-(290, 2)","b'finaliseCap_ret_t Arch_finaliseCap(cap_t cap,...'"
seL4,../repos/seL4/src/arch/x86/64/object/objecttype.c,"(77, 1)-(141, 2)","b'finaliseCap_ret_t Mode_finaliseCap(cap_t cap,...'"
seL4,../repos/seL4/src/arch/x86/kernel/boot_sys.c,"(337, 1)-(507, 2)",b'static BOOT_CODE bool_t try_boot_sys(void)\n{\n...'
seL4,../repos/seL4/src/arch/x86/kernel/boot.c,"(86, 1)-(338, 2)",b'BOOT_CODE bool_t init_sys_state(\n    cpu_id_t...'
seL4,../repos/seL4/src/arch/arm/32/object/objecttype.c,"(143, 1)-(249, 2)","b'finaliseCap_ret_t Arch_finaliseCap(cap_t cap,...'"
seL4,../repos/seL4/src/arch/arm/object/vcpu.c,"(266, 1)-(271, 2)",b'void vcpu_finalise(vcpu_t *vcpu)\n{\n    if (vc...'
seL4,../repos/seL4/src/arch/arm/64/object/objecttype.c,"(132, 1)-(200, 2)","b'finaliseCap_ret_t Arch_finaliseCap(cap_t cap,...'"
seL4,../repos/seL4/src/arch/arm/64/kernel/vspace.c,"(627, 1)-(650, 2)",b'static lookupPTSlot_ret_t lookupPTSlot(vspace...'
seL4,../repos/seL4/src/arch/arm/kernel/boot.c,"(329, 1)-(627, 2)",b'static BOOT_CODE bool_t try_init_kernel(\n    ...'
seL4,../repos/seL4/src/kernel/boot.c,"(832, 1)-(838, 2)",b'BOOT_CODE void bi_finalise(void)\n{\n    ndks_b...'
seL4,../repos/seL4/include/benchmark/benchmark_utilisation.h,"(52, 1)-(59, 2)",b'static inline void benchmark_utilisation_fina...'
