Repo name,File name,Location,Content
seL4,../repos/seL4/libsel4/sel4_arch_include/ia32/sel4/sel4_arch/syscalls.h,"(33, 20)-(34, 62)","b'/*\n * Copyright 2020, Data61, CSIRO (ABN 41 6...'"
seL4,../repos/seL4/libsel4/sel4_arch_include/ia32/sel4/sel4_arch/syscalls.h,"(82, 20)-(82, 83)",b'static inline void x86_sys_send_null(seL4_Wor...'
seL4,../repos/seL4/libsel4/sel4_arch_include/ia32/sel4/sel4_arch/syscalls.h,"(212, 20)-(212, 109)",b'static inline void x86_sys_send(seL4_Word sys...'
seL4,../repos/seL4/libsel4/sel4_arch_include/ia32/sel4/sel4_arch/syscalls.h,"(259, 20)-(259, 84)",b'static inline void x86_sys_send_null(seL4_Wor...'
seL4,../repos/seL4/libsel4/sel4_arch_include/ia32/sel4/sel4_arch/syscalls.h,"(386, 26)-(386, 102)",b'LIBSEL4_INLINE_FUNC void seL4_SendWithMRs(seL...'
seL4,../repos/seL4/libsel4/sel4_arch_include/ia32/sel4/sel4_arch/syscalls.h,"(388, 26)-(388, 118)",b'LIBSEL4_INLINE_FUNC void seL4_SendWithMRs(seL...'
seL4,../repos/seL4/libsel4/sel4_arch_include/ia32/sel4/sel4_arch/syscalls.h,"(401, 26)-(401, 104)",b'LIBSEL4_INLINE_FUNC void seL4_NBSendWithMRs(s...'
seL4,../repos/seL4/libsel4/sel4_arch_include/ia32/sel4/sel4_arch/syscalls.h,"(403, 26)-(403, 120)",b'LIBSEL4_INLINE_FUNC void seL4_NBSendWithMRs(s...'
seL4,../repos/seL4/libsel4/sel4_arch_include/ia32/sel4/sel4_arch/syscalls.h,"(429, 21)-(429, 100)",b'LIBSEL4_INLINE_FUNC seL4_MessageInfo_t seL4_R...'
seL4,../repos/seL4/libsel4/sel4_arch_include/ia32/sel4/sel4_arch/syscalls.h,"(431, 21)-(431, 83)",b'LIBSEL4_INLINE_FUNC seL4_MessageInfo_t seL4_R...'
seL4,../repos/seL4/libsel4/sel4_arch_include/ia32/sel4/sel4_arch/syscalls.h,"(453, 21)-(454, 89)",b'LIBSEL4_INLINE_FUNC seL4_MessageInfo_t seL4_R...'
seL4,../repos/seL4/libsel4/sel4_arch_include/ia32/sel4/sel4_arch/syscalls.h,"(456, 21)-(457, 88)",b'LIBSEL4_INLINE_FUNC seL4_MessageInfo_t seL4_R...'
seL4,../repos/seL4/libsel4/sel4_arch_include/ia32/sel4/sel4_arch/syscalls.h,"(485, 21)-(485, 102)",b'LIBSEL4_INLINE_FUNC seL4_MessageInfo_t seL4_N...'
seL4,../repos/seL4/libsel4/sel4_arch_include/ia32/sel4/sel4_arch/syscalls.h,"(487, 21)-(487, 85)",b'LIBSEL4_INLINE_FUNC seL4_MessageInfo_t seL4_N...'
seL4,../repos/seL4/libsel4/sel4_arch_include/ia32/sel4/sel4_arch/syscalls.h,"(582, 21)-(583, 72)",b'LIBSEL4_INLINE_FUNC seL4_MessageInfo_t seL4_C...'
seL4,../repos/seL4/libsel4/sel4_arch_include/ia32/sel4/sel4_arch/syscalls.h,"(585, 21)-(586, 88)",b'LIBSEL4_INLINE_FUNC seL4_MessageInfo_t seL4_C...'
seL4,../repos/seL4/libsel4/sel4_arch_include/ia32/sel4/sel4_arch/syscalls.h,"(618, 21)-(619, 71)",b'LIBSEL4_INLINE_FUNC seL4_MessageInfo_t seL4_R...'
seL4,../repos/seL4/libsel4/sel4_arch_include/ia32/sel4/sel4_arch/syscalls.h,"(621, 21)-(621, 117)",b'LIBSEL4_INLINE_FUNC seL4_MessageInfo_t seL4_R...'
seL4,../repos/seL4/libsel4/sel4_arch_include/ia32/sel4/sel4_arch/syscalls.h,"(645, 21)-(647, 94)",b'LIBSEL4_INLINE_FUNC seL4_MessageInfo_t seL4_R...'
seL4,../repos/seL4/libsel4/sel4_arch_include/ia32/sel4/sel4_arch/syscalls.h,"(649, 21)-(651, 93)",b'LIBSEL4_INLINE_FUNC seL4_MessageInfo_t seL4_R...'
seL4,../repos/seL4/libsel4/sel4_arch_include/x86_64/sel4/sel4_arch/syscalls.h,"(80, 21)-(80, 100)",b'LIBSEL4_INLINE_FUNC seL4_MessageInfo_t seL4_R...'
seL4,../repos/seL4/libsel4/sel4_arch_include/x86_64/sel4/sel4_arch/syscalls.h,"(82, 21)-(82, 83)",b'LIBSEL4_INLINE_FUNC seL4_MessageInfo_t seL4_R...'
seL4,../repos/seL4/libsel4/sel4_arch_include/x86_64/sel4/sel4_arch/syscalls.h,"(107, 21)-(108, 137)",b'LIBSEL4_INLINE_FUNC seL4_MessageInfo_t seL4_R...'
seL4,../repos/seL4/libsel4/sel4_arch_include/x86_64/sel4/sel4_arch/syscalls.h,"(110, 21)-(111, 120)",b'LIBSEL4_INLINE_FUNC seL4_MessageInfo_t seL4_R...'
seL4,../repos/seL4/libsel4/sel4_arch_include/x86_64/sel4/sel4_arch/syscalls.h,"(144, 21)-(144, 102)",b'LIBSEL4_INLINE_FUNC seL4_MessageInfo_t seL4_N...'
seL4,../repos/seL4/libsel4/sel4_arch_include/x86_64/sel4/sel4_arch/syscalls.h,"(146, 21)-(146, 85)",b'LIBSEL4_INLINE_FUNC seL4_MessageInfo_t seL4_N...'
seL4,../repos/seL4/libsel4/sel4_arch_include/x86_64/sel4/sel4_arch/syscalls.h,"(310, 21)-(311, 71)",b'LIBSEL4_INLINE_FUNC seL4_MessageInfo_t seL4_R...'
seL4,../repos/seL4/libsel4/sel4_arch_include/x86_64/sel4/sel4_arch/syscalls.h,"(313, 21)-(313, 117)",b'LIBSEL4_INLINE_FUNC seL4_MessageInfo_t seL4_R...'
seL4,../repos/seL4/libsel4/sel4_arch_include/x86_64/sel4/sel4_arch/syscalls.h,"(339, 21)-(341, 142)",b'LIBSEL4_INLINE_FUNC seL4_MessageInfo_t seL4_R...'
seL4,../repos/seL4/libsel4/sel4_arch_include/x86_64/sel4/sel4_arch/syscalls.h,"(343, 21)-(345, 125)",b'LIBSEL4_INLINE_FUNC seL4_MessageInfo_t seL4_R...'
seL4,../repos/seL4/libsel4/arch_include/riscv/sel4/arch/syscalls.h,"(257, 21)-(257, 100)",b'LIBSEL4_INLINE_FUNC seL4_MessageInfo_t seL4_R...'
seL4,../repos/seL4/libsel4/arch_include/riscv/sel4/arch/syscalls.h,"(259, 21)-(259, 83)",b'LIBSEL4_INLINE_FUNC seL4_MessageInfo_t seL4_R...'
seL4,../repos/seL4/libsel4/arch_include/riscv/sel4/arch/syscalls.h,"(285, 21)-(286, 120)",b'LIBSEL4_INLINE_FUNC seL4_MessageInfo_t seL4_R...'
seL4,../repos/seL4/libsel4/arch_include/riscv/sel4/arch/syscalls.h,"(288, 21)-(289, 120)",b'LIBSEL4_INLINE_FUNC seL4_MessageInfo_t seL4_R...'
seL4,../repos/seL4/libsel4/arch_include/riscv/sel4/arch/syscalls.h,"(323, 21)-(323, 102)",b'LIBSEL4_INLINE_FUNC seL4_MessageInfo_t seL4_N...'
seL4,../repos/seL4/libsel4/arch_include/riscv/sel4/arch/syscalls.h,"(325, 21)-(325, 85)",b'LIBSEL4_INLINE_FUNC seL4_MessageInfo_t seL4_N...'
seL4,../repos/seL4/libsel4/arch_include/riscv/sel4/arch/syscalls.h,"(428, 21)-(429, 71)",b'LIBSEL4_INLINE_FUNC seL4_MessageInfo_t seL4_R...'
seL4,../repos/seL4/libsel4/arch_include/riscv/sel4/arch/syscalls.h,"(431, 21)-(431, 116)",b'LIBSEL4_INLINE_FUNC seL4_MessageInfo_t seL4_R...'
seL4,../repos/seL4/libsel4/arch_include/riscv/sel4/arch/syscalls.h,"(466, 21)-(468, 142)",b'LIBSEL4_INLINE_FUNC seL4_MessageInfo_t seL4_R...'
seL4,../repos/seL4/libsel4/arch_include/riscv/sel4/arch/syscalls.h,"(470, 21)-(472, 125)",b'LIBSEL4_INLINE_FUNC seL4_MessageInfo_t seL4_R...'
seL4,../repos/seL4/libsel4/arch_include/arm/sel4/arch/syscalls.h,"(77, 21)-(77, 100)",b'LIBSEL4_INLINE_FUNC seL4_MessageInfo_t seL4_R...'
seL4,../repos/seL4/libsel4/arch_include/arm/sel4/arch/syscalls.h,"(79, 21)-(79, 83)",b'LIBSEL4_INLINE_FUNC seL4_MessageInfo_t seL4_R...'
seL4,../repos/seL4/libsel4/arch_include/arm/sel4/arch/syscalls.h,"(104, 21)-(105, 120)",b'LIBSEL4_INLINE_FUNC seL4_MessageInfo_t seL4_R...'
seL4,../repos/seL4/libsel4/arch_include/arm/sel4/arch/syscalls.h,"(107, 21)-(108, 120)",b'LIBSEL4_INLINE_FUNC seL4_MessageInfo_t seL4_R...'
seL4,../repos/seL4/libsel4/arch_include/arm/sel4/arch/syscalls.h,"(142, 21)-(142, 102)",b'LIBSEL4_INLINE_FUNC seL4_MessageInfo_t seL4_N...'
seL4,../repos/seL4/libsel4/arch_include/arm/sel4/arch/syscalls.h,"(144, 21)-(144, 85)",b'LIBSEL4_INLINE_FUNC seL4_MessageInfo_t seL4_N...'
seL4,../repos/seL4/libsel4/arch_include/arm/sel4/arch/syscalls.h,"(230, 21)-(231, 71)",b'LIBSEL4_INLINE_FUNC seL4_MessageInfo_t seL4_R...'
seL4,../repos/seL4/libsel4/arch_include/arm/sel4/arch/syscalls.h,"(233, 21)-(233, 116)",b'LIBSEL4_INLINE_FUNC seL4_MessageInfo_t seL4_R...'
seL4,../repos/seL4/libsel4/arch_include/arm/sel4/arch/syscalls.h,"(267, 21)-(269, 142)",b'LIBSEL4_INLINE_FUNC seL4_MessageInfo_t seL4_R...'
seL4,../repos/seL4/libsel4/arch_include/arm/sel4/arch/syscalls.h,"(271, 21)-(273, 125)",b'LIBSEL4_INLINE_FUNC seL4_MessageInfo_t seL4_R...'
seL4,../repos/seL4/src/model/statedata.c,"(30, 1)-(30, 40)","b'UP_STATE_DEFINE(tcb_t *, ksReleaseHead)'"
seL4,../repos/seL4/src/model/statedata.c,"(34, 1)-(34, 38)","b'UP_STATE_DEFINE(tcb_t *, ksCurThread);'"
seL4,../repos/seL4/src/model/statedata.c,"(37, 1)-(37, 39)","b'UP_STATE_DEFINE(tcb_t *, ksIdleThread);'"
seL4,../repos/seL4/src/model/statedata.c,"(42, 1)-(42, 44)","b'UP_STATE_DEFINE(tcb_t *, ksSchedulerAction);'"
seL4,../repos/seL4/src/model/statedata.c,"(46, 1)-(46, 54)","b'UP_STATE_DEFINE(user_fpu_state_t *, ksActiveF...'"
seL4,../repos/seL4/src/model/statedata.c,"(58, 1)-(58, 44)","b'UP_STATE_DEFINE(sched_context_t *, ksCurSC)'"
seL4,../repos/seL4/src/model/statedata.c,"(59, 1)-(59, 45)","b'UP_STATE_DEFINE(sched_context_t *, ksIdleSC)'"
seL4,../repos/seL4/src/model/statedata.c,"(63, 1)-(63, 38)","b'UP_STATE_DEFINE(tcb_t *, ksDebugTCBs)'"
seL4,../repos/seL4/src/object/tcb.c,"(464, 6)-(464, 32)",b'#ifdef ENABLE_SMP_SUPPORT\n/* This checks if t...'
seL4,../repos/seL4/src/object/tcb.c,"(800, 24)-(800, 82)",b'(remoteTCBStall(TCB_PTR(cap_thread_cap_get_ca...'
seL4,../repos/seL4/src/object/tcb.c,"(1283, 13)-(1283, 88)","b'exception_t decodeSetSchedParams(cap_t cap, w...'"
seL4,../repos/seL4/src/object/tcb.c,"(1285, 13)-(1285, 75)","b'exception_t decodeSetSchedParams(cap_t cap, w...'"
seL4,../repos/seL4/src/object/objecttype.c,"(628, 13)-(631, 82)","b'exception_t decodeInvocation(word_t invLabel,...'"
seL4,../repos/seL4/src/object/objecttype.c,"(633, 13)-(636, 45)","b'exception_t decodeInvocation(word_t invLabel,...'"
seL4,../repos/seL4/src/object/objecttype.c,"(788, 13)-(790, 84)",b'exception_t performInvocation_Endpoint(endpoi...'
seL4,../repos/seL4/src/object/objecttype.c,"(797, 13)-(799, 66)",b'exception_t performInvocation_Endpoint(endpoi...'
seL4,../repos/seL4/src/object/objecttype.c,"(815, 13)-(815, 84)",b'exception_t performInvocation_Reply(tcb_t *th...'
seL4,../repos/seL4/src/object/objecttype.c,"(821, 13)-(821, 81)",b'exception_t performInvocation_Reply(tcb_t *th...'
seL4,../repos/seL4/src/object/endpoint.c,"(20, 6)-(21, 104)","b'void sendIPC(bool_t blocking, bool_t do_call,...'"
seL4,../repos/seL4/src/object/endpoint.c,"(23, 6)-(24, 86)","b'void sendIPC(bool_t blocking, bool_t do_call,...'"
seL4,../repos/seL4/src/object/endpoint.c,"(124, 6)-(124, 77)","b'void receiveIPC(tcb_t *thread, cap_t cap, boo...'"
seL4,../repos/seL4/src/object/endpoint.c,"(126, 6)-(126, 61)","b'void receiveIPC(tcb_t *thread, cap_t cap, boo...'"
seL4,../repos/seL4/src/object/cnode.c,"(32, 27)-(32, 68)",b'static finaliseSlot_ret_t finaliseSlot(cte_t ...'
seL4,../repos/seL4/src/object/cnode.c,"(34, 20)-(34, 61)","b'static exception_t reduceZombie(cte_t *slot, ...'"
seL4,../repos/seL4/src/object/cnode.c,"(615, 27)-(615, 70)",b'static finaliseSlot_ret_t finaliseSlot(cte_t ...'
seL4,../repos/seL4/src/object/cnode.c,"(664, 20)-(664, 63)","b'static exception_t reduceZombie(cte_t *slot, ...'"
seL4,../repos/seL4/src/api/syscall.c,"(260, 20)-(260, 120)",b'static exception_t handleInvocation(bool_t is...'
seL4,../repos/seL4/src/api/syscall.c,"(262, 20)-(262, 70)",b'static exception_t handleInvocation(bool_t is...'
seL4,../repos/seL4/src/api/syscall.c,"(403, 13)-(403, 59)","b'static void handleRecv(bool_t isBlocking, boo...'"
seL4,../repos/seL4/src/api/syscall.c,"(405, 13)-(405, 42)",b'static void handleRecv(bool_t isBlocking)\n#en...'
seL4,../repos/seL4/src/fastpath/fastpath.c,"(240, 15)-(240, 77)",b'void NORETURN fastpath_reply_recv(word_t cptr...'
seL4,../repos/seL4/src/fastpath/fastpath.c,"(242, 15)-(242, 63)","b'/*\n * Copyright 2014, General Dynamics C4 Sys...'"
seL4,../repos/seL4/src/arch/riscv/c_traps.c,"(171, 14)-(171, 85)",b'void VISIBLE c_handle_fastpath_reply_recv(wor...'
seL4,../repos/seL4/src/arch/riscv/c_traps.c,"(173, 14)-(173, 71)",b'void VISIBLE c_handle_fastpath_reply_recv(wor...'
seL4,../repos/seL4/src/arch/x86/c_traps.c,"(145, 23)-(145, 101)",b'void VISIBLE NORETURN c_handle_syscall(word_t...'
seL4,../repos/seL4/src/arch/x86/c_traps.c,"(147, 23)-(147, 87)",b'void VISIBLE NORETURN c_handle_syscall(word_t...'
seL4,../repos/seL4/src/arch/x86/model/statedata.c,"(17, 1)-(17, 56)","b'UP_STATE_DEFINE(interrupt_t, x86KScurInterrup...'"
seL4,../repos/seL4/src/arch/x86/model/statedata.c,"(57, 1)-(57, 44)","b'UP_STATE_DEFINE(vcpu_t *, x86KSCurrentVCPU)'"
seL4,../repos/seL4/src/arch/arm/c_traps.c,"(191, 14)-(191, 85)",b'void VISIBLE c_handle_fastpath_reply_recv(wor...'
seL4,../repos/seL4/src/arch/arm/c_traps.c,"(193, 14)-(193, 71)",b'void VISIBLE c_handle_fastpath_reply_recv(wor...'
seL4,../repos/seL4/src/arch/arm/64/machine/capdl.c,"(27, 13)-(27, 80)",b'static void _cap_frame_print_attrs_vptr(word_...'
seL4,../repos/seL4/src/arch/arm/64/machine/capdl.c,"(108, 13)-(108, 76)",b'static void _cap_frame_print_attrs_vptr(word_...'
seL4,../repos/seL4/src/kernel/thread.c,"(25, 1)-(27, 36)",b'static seL4_MessageInfo_t\ntransferCaps(seL4_M...'
seL4,../repos/seL4/src/kernel/thread.c,"(128, 6)-(128, 66)","b'void doReplyTransfer(tcb_t *sender, reply_t *...'"
seL4,../repos/seL4/src/kernel/thread.c,"(130, 6)-(130, 80)","b'void doReplyTransfer(tcb_t *sender, tcb_t *re...'"
seL4,../repos/seL4/src/kernel/thread.c,"(241, 27)-(243, 62)",b'static seL4_MessageInfo_t transferCaps(seL4_M...'
seL4,../repos/seL4/src/kernel/sporadic.c,"(135, 20)-(135, 73)",b'static inline void refill_add_tail(sched_cont...'
seL4,../repos/seL4/src/kernel/sporadic.c,"(207, 9)-(207, 33)","b'refill_add_tail(sc, new)'"
seL4,../repos/seL4/src/kernel/sporadic.c,"(231, 9)-(231, 33)","b'refill_add_tail(sc, new)'"
seL4,../repos/seL4/src/kernel/faulthandler.c,"(30, 8)-(30, 70)","b'bool_t sendFaultIPC(tcb_t *tptr, cap_t handle...'"
seL4,../repos/seL4/src/kernel/faulthandler.c,"(64, 13)-(64, 38)",b'exception_t sendFaultIPC(tcb_t *tptr)\n{\n    c...'
seL4,../repos/seL4/include/model/statedata.h,"(77, 1)-(77, 57)","b'NODE_STATE_DECLARE(user_fpu_state_t *, ksActi...'"
seL4,../repos/seL4/include/model/statedata.h,"(82, 1)-(82, 41)","b'NODE_STATE_DECLARE(tcb_t *, ksDebugTCBs)'"
seL4,../repos/seL4/include/smp/lock.h,"(30, 5)-(30, 52)",b'PAD_TO_NEXT_CACHE_LN(sizeof(clh_qnode_state_t));'
seL4,../repos/seL4/include/smp/lock.h,"(49, 5)-(49, 48)",b'PAD_TO_NEXT_CACHE_LN(sizeof(clh_qnode_t *));'
seL4,../repos/seL4/include/object/objecttype.h,"(30, 13)-(33, 82)","b'exception_t decodeInvocation(word_t invLabel,...'"
seL4,../repos/seL4/include/object/objecttype.h,"(34, 13)-(36, 84)",b'exception_t performInvocation_Endpoint(endpoi...'
seL4,../repos/seL4/include/object/objecttype.h,"(39, 13)-(39, 84)",b'exception_t performInvocation_Reply(tcb_t *th...'
seL4,../repos/seL4/include/object/objecttype.h,"(41, 13)-(43, 72)","b'exception_t decodeInvocation(word_t invLabel,...'"
seL4,../repos/seL4/include/object/objecttype.h,"(44, 13)-(46, 66)",b'exception_t performInvocation_Endpoint(endpoi...'
seL4,../repos/seL4/include/object/objecttype.h,"(49, 13)-(49, 81)",b'exception_t performInvocation_Reply(tcb_t *th...'
seL4,../repos/seL4/include/object/tcb.h,"(137, 13)-(137, 88)","b'exception_t decodeSetSchedParams(cap_t cap, w...'"
seL4,../repos/seL4/include/object/tcb.h,"(139, 13)-(139, 75)","b'exception_t decodeSetSchedParams(cap_t cap, w...'"
seL4,../repos/seL4/include/object/endpoint.h,"(29, 6)-(31, 32)","b'void sendIPC(bool_t blocking, bool_t do_call,...'"
seL4,../repos/seL4/include/object/endpoint.h,"(32, 6)-(32, 78)","b'void receiveIPC(tcb_t *thread, cap_t cap, boo...'"
seL4,../repos/seL4/include/object/endpoint.h,"(35, 6)-(37, 32)","b'void sendIPC(bool_t blocking, bool_t do_call,...'"
seL4,../repos/seL4/include/object/endpoint.h,"(38, 6)-(38, 61)","b'void receiveIPC(tcb_t *thread, cap_t cap, boo...'"
seL4,../repos/seL4/include/arch/riscv/arch/fastpath/fastpath.h,"(29, 6)-(29, 70)","b'void fastpath_reply_recv(word_t cptr, word_t ...'"
seL4,../repos/seL4/include/arch/riscv/arch/fastpath/fastpath.h,"(31, 6)-(31, 56)","b'void fastpath_reply_recv(word_t cptr, word_t ...'"
seL4,../repos/seL4/include/arch/riscv/arch/kernel/traps.h,"(24, 6)-(24, 77)",b'void c_handle_fastpath_reply_recv(word_t cptr...'
seL4,../repos/seL4/include/arch/riscv/arch/kernel/traps.h,"(26, 6)-(26, 63)",b'void c_handle_fastpath_reply_recv(word_t cptr...'
seL4,../repos/seL4/include/arch/x86/arch/model/statedata.h,"(63, 58)-(63, 77)",b'sizeof(gdt_entry_t) + IDT_ENTRIES'
seL4,../repos/seL4/include/arch/x86/arch/model/statedata.h,"(63, 93)-(63, 112)",b'*sizeof(idt_entry_t)'
seL4,../repos/seL4/include/arch/x86/arch/fastpath/fastpath.h,"(25, 6)-(25, 70)","b'void fastpath_reply_recv(word_t cptr, word_t ...'"
seL4,../repos/seL4/include/arch/x86/arch/fastpath/fastpath.h,"(27, 6)-(27, 56)","b'void fastpath_reply_recv(word_t cptr, word_t ...'"
seL4,../repos/seL4/include/arch/x86/arch/kernel/traps.h,"(28, 6)-(28, 84)","b'void c_handle_syscall(word_t cptr, word_t msg...'"
seL4,../repos/seL4/include/arch/x86/arch/kernel/traps.h,"(30, 6)-(30, 70)","b'void c_handle_syscall(word_t cptr, word_t msg...'"
seL4,../repos/seL4/include/arch/arm/arch/32/mode/machine_pl2.h,"(19, 20)-(19, 48)",b'static inline void writeContextIDPL2(word_t i...'
seL4,../repos/seL4/include/arch/arm/arch/32/mode/machine_pl2.h,"(47, 20)-(47, 49)",b'static inline void setCurrentPDPL2(paddr_t ad...'
seL4,../repos/seL4/include/arch/arm/arch/32/mode/machine_pl2.h,"(171, 20)-(171, 43)",b'static inline void writeHTPIDR(word_t reg)\n{\n...'
seL4,../repos/seL4/include/arch/arm/arch/32/mode/machine_pl2.h,"(186, 20)-(186, 47)",b'static inline void setCurrentPDPL2(paddr_t pa) {}'
seL4,../repos/seL4/include/arch/arm/arch/32/mode/machine_pl2.h,"(188, 20)-(188, 52)",b'static inline void writeContextIDPL2(word_t p...'
seL4,../repos/seL4/include/arch/arm/arch/32/mode/machine_pl2.h,"(190, 20)-(190, 46)",b'static inline void writeHTPIDR(word_t htpidr) {}'
seL4,../repos/seL4/include/arch/arm/arch/32/mode/machine/debug.h,"(31, 14)-(31, 57)",b'typedef void (*break_handler_t)(user_context_...'
seL4,../repos/seL4/include/arch/arm/arch/32/mode/machine/debug.h,"(50, 14)-(50, 74)",b'typedef void (*catch_handler_t)(user_context_...'
seL4,../repos/seL4/include/arch/arm/arch/object/iospace.h,"(16, 13)-(16, 110)",b'exception_t decodeARMIOPTInvocation(word_t in...'
seL4,../repos/seL4/include/arch/arm/arch/object/iospace.h,"(17, 13)-(17, 111)",b'exception_t decodeARMIOMapInvocation(word_t i...'
seL4,../repos/seL4/include/arch/arm/arch/object/iospace.h,"(32, 27)-(33, 66)",b'static inline exception_t decodeARMIOPTInvoca...'
seL4,../repos/seL4/include/arch/arm/arch/object/iospace.h,"(38, 27)-(39, 67)",b'static inline exception_t decodeARMIOMapInvoc...'
seL4,../repos/seL4/include/arch/arm/arch/fastpath/fastpath.h,"(39, 6)-(39, 70)","b'void fastpath_reply_recv(word_t cptr, word_t ...'"
seL4,../repos/seL4/include/arch/arm/arch/fastpath/fastpath.h,"(41, 6)-(41, 56)","b'void fastpath_reply_recv(word_t cptr, word_t ...'"
seL4,../repos/seL4/include/arch/arm/arch/kernel/traps.h,"(36, 6)-(36, 77)",b'void c_handle_fastpath_reply_recv(word_t cptr...'
seL4,../repos/seL4/include/arch/arm/arch/kernel/traps.h,"(38, 6)-(38, 63)",b'void c_handle_fastpath_reply_recv(word_t cptr...'
seL4,../repos/seL4/include/kernel/thread.h,"(177, 6)-(177, 66)","b'void doReplyTransfer(tcb_t *sender, reply_t *...'"
seL4,../repos/seL4/include/kernel/thread.h,"(179, 6)-(179, 80)","b'void doReplyTransfer(tcb_t *sender, tcb_t *re...'"
seL4,../repos/seL4/include/kernel/faulthandler.h,"(19, 8)-(19, 70)","b'bool_t sendFaultIPC(tcb_t *tptr, cap_t handle...'"
seL4,../repos/seL4/include/kernel/faulthandler.h,"(21, 13)-(21, 38)",b'exception_t sendFaultIPC(tcb_t *tptr);'
