Repo name,File name,Location,Content
seL4,../repos/seL4/libsel4/include/sel4/macros.h,"(51, 33)-(51, 35)",b'typedef int __assert_failed_##name[(expr) ? 1...'
seL4,../repos/seL4/libsel4/include/sel4/macros.h,"(56, 30)-(56, 32)","b'SEL4_COMPILE_ASSERT(index##_##entry##_##size,...'"
seL4,../repos/seL4/libsel4/include/sel4/macros.h,"(56, 33)-(56, 35)","b'SEL4_COMPILE_ASSERT(index##_##entry##_##size,...'"
seL4,../repos/seL4/libsel4/include/sel4/macros.h,"(56, 40)-(56, 42)","b'SEL4_COMPILE_ASSERT(index##_##entry##_##size,...'"
seL4,../repos/seL4/libsel4/include/sel4/macros.h,"(56, 43)-(56, 45)","b'SEL4_COMPILE_ASSERT(index##_##entry##_##size,...'"
seL4,../repos/seL4/libsel4/include/sel4/macros.h,"(65, 16)-(65, 18)",b'_enum_pad_ ## type = ((1ULL << ((sizeof(long)...'
seL4,../repos/seL4/libsel4/include/sel4/simple_types.h,"(30, 43)-(30, 45)",b'SEL4_COMPILE_ASSERT( \\\n        sizeof_##_type...'
seL4,../repos/seL4/libsel4/include/sel4/simple_types.h,"(30, 51)-(30, 53)",b'SEL4_COMPILE_ASSERT( \\\n        sizeof_##_type...'
seL4,../repos/seL4/libsel4/include/sel4/simple_types.h,"(30, 57)-(30, 59)",b'SEL4_COMPILE_ASSERT( \\\n        sizeof_##_type...'
seL4,../repos/seL4/libsel4/include/sel4/simple_types.h,"(30, 65)-(30, 67)",b'SEL4_COMPILE_ASSERT( \\\n        sizeof_##_type...'
seL4,../repos/seL4/libsel4/include/sel4/simple_types.h,"(91, 69)-(91, 71)",b'_macro_str_concat_helper2(x ## y)'
seL4,../repos/seL4/src/arch/arm/machine/debug.c,"(174, 123)-(174, 125)",b'static word_t \\\n_name(uint16_t bp_num) \\\n{ \\\n...'
seL4,../repos/seL4/src/arch/arm/machine/debug.c,"(174, 197)-(174, 199)",b'static word_t \\\n_name(uint16_t bp_num) \\\n{ \\\n...'
seL4,../repos/seL4/src/arch/arm/machine/debug.c,"(174, 271)-(174, 273)",b'static word_t \\\n_name(uint16_t bp_num) \\\n{ \\\n...'
seL4,../repos/seL4/src/arch/arm/machine/debug.c,"(174, 345)-(174, 347)",b'static word_t \\\n_name(uint16_t bp_num) \\\n{ \\\n...'
seL4,../repos/seL4/src/arch/arm/machine/debug.c,"(174, 419)-(174, 421)",b'static word_t \\\n_name(uint16_t bp_num) \\\n{ \\\n...'
seL4,../repos/seL4/src/arch/arm/machine/debug.c,"(174, 493)-(174, 495)",b'static word_t \\\n_name(uint16_t bp_num) \\\n{ \\\n...'
seL4,../repos/seL4/src/arch/arm/machine/debug.c,"(174, 567)-(174, 569)",b'static word_t \\\n_name(uint16_t bp_num) \\\n{ \\\n...'
seL4,../repos/seL4/src/arch/arm/machine/debug.c,"(174, 641)-(174, 643)",b'static word_t \\\n_name(uint16_t bp_num) \\\n{ \\\n...'
seL4,../repos/seL4/src/arch/arm/machine/debug.c,"(174, 715)-(174, 717)",b'static word_t \\\n_name(uint16_t bp_num) \\\n{ \\\n...'
seL4,../repos/seL4/src/arch/arm/machine/debug.c,"(174, 790)-(174, 792)",b'static word_t \\\n_name(uint16_t bp_num) \\\n{ \\\n...'
seL4,../repos/seL4/src/arch/arm/machine/debug.c,"(174, 866)-(174, 868)",b'static word_t \\\n_name(uint16_t bp_num) \\\n{ \\\n...'
seL4,../repos/seL4/src/arch/arm/machine/debug.c,"(174, 942)-(174, 944)",b'static word_t \\\n_name(uint16_t bp_num) \\\n{ \\\n...'
seL4,../repos/seL4/src/arch/arm/machine/debug.c,"(174, 1018)-(174, 1020)",b'static word_t \\\n_name(uint16_t bp_num) \\\n{ \\\n...'
seL4,../repos/seL4/src/arch/arm/machine/debug.c,"(174, 1094)-(174, 1096)",b'static word_t \\\n_name(uint16_t bp_num) \\\n{ \\\n...'
seL4,../repos/seL4/src/arch/arm/machine/debug.c,"(174, 1170)-(174, 1172)",b'static word_t \\\n_name(uint16_t bp_num) \\\n{ \\\n...'
seL4,../repos/seL4/src/arch/arm/machine/debug.c,"(174, 1277)-(174, 1279)",b'static word_t \\\n_name(uint16_t bp_num) \\\n{ \\\n...'
seL4,../repos/seL4/src/arch/arm/machine/debug.c,"(235, 112)-(235, 114)","b'static void \\\n_name(uint16_t bp_num, word_t v...'"
seL4,../repos/seL4/src/arch/arm/machine/debug.c,"(235, 182)-(235, 184)","b'static void \\\n_name(uint16_t bp_num, word_t v...'"
seL4,../repos/seL4/src/arch/arm/machine/debug.c,"(235, 252)-(235, 254)","b'static void \\\n_name(uint16_t bp_num, word_t v...'"
seL4,../repos/seL4/src/arch/arm/machine/debug.c,"(235, 322)-(235, 324)","b'static void \\\n_name(uint16_t bp_num, word_t v...'"
seL4,../repos/seL4/src/arch/arm/machine/debug.c,"(235, 392)-(235, 394)","b'static void \\\n_name(uint16_t bp_num, word_t v...'"
seL4,../repos/seL4/src/arch/arm/machine/debug.c,"(235, 462)-(235, 464)","b'static void \\\n_name(uint16_t bp_num, word_t v...'"
seL4,../repos/seL4/src/arch/arm/machine/debug.c,"(235, 532)-(235, 534)","b'static void \\\n_name(uint16_t bp_num, word_t v...'"
seL4,../repos/seL4/src/arch/arm/machine/debug.c,"(235, 602)-(235, 604)","b'static void \\\n_name(uint16_t bp_num, word_t v...'"
seL4,../repos/seL4/src/arch/arm/machine/debug.c,"(235, 672)-(235, 674)","b'static void \\\n_name(uint16_t bp_num, word_t v...'"
seL4,../repos/seL4/src/arch/arm/machine/debug.c,"(235, 743)-(235, 745)","b'static void \\\n_name(uint16_t bp_num, word_t v...'"
seL4,../repos/seL4/src/arch/arm/machine/debug.c,"(235, 815)-(235, 817)","b'static void \\\n_name(uint16_t bp_num, word_t v...'"
seL4,../repos/seL4/src/arch/arm/machine/debug.c,"(235, 887)-(235, 889)","b'static void \\\n_name(uint16_t bp_num, word_t v...'"
seL4,../repos/seL4/src/arch/arm/machine/debug.c,"(235, 959)-(235, 961)","b'static void \\\n_name(uint16_t bp_num, word_t v...'"
seL4,../repos/seL4/src/arch/arm/machine/debug.c,"(235, 1031)-(235, 1033)","b'static void \\\n_name(uint16_t bp_num, word_t v...'"
seL4,../repos/seL4/src/arch/arm/machine/debug.c,"(235, 1103)-(235, 1105)","b'static void \\\n_name(uint16_t bp_num, word_t v...'"
seL4,../repos/seL4/src/arch/arm/machine/debug.c,"(235, 1206)-(235, 1208)","b'static void \\\n_name(uint16_t bp_num, word_t v...'"
seL4,../repos/seL4/include/model/statedata.h,"(17, 57)-(17, 59)",b'} _name ## _t'
seL4,../repos/seL4/include/model/statedata.h,"(18, 55)-(18, 57)",b'_name ## _t _state'
seL4,../repos/seL4/include/drivers/irq/bcm2836-armctrl-ic.h,"(80, 63)-(80, 65)",b'(FIQCTRL_FIQ_SRC_##src)'
seL4,../repos/seL4/include/assert.h,"(64, 37)-(64, 39)",b'typedef int __assert_failed_##name[(expr) ? 1...'
seL4,../repos/seL4/include/api/types.h,"(137, 584)-(137, 586)",b'do {                                         ...'
seL4,../repos/seL4/include/util.h,"(9, 23)-(9, 25)",b'a ## b'
seL4,../repos/seL4/include/util.h,"(115, 46)-(115, 48)",b'_is_set__(_macrotest_##value)'
seL4,../repos/seL4/include/util.h,"(122, 73)-(122, 75)","b'_config_ternary_(_macrotest_##value, true, false)'"
seL4,../repos/seL4/include/basic_types.h,"(24, 43)-(24, 45)",b'x ## y ## z'
seL4,../repos/seL4/include/basic_types.h,"(24, 48)-(24, 50)",b'x ## y ## z'
seL4,../repos/seL4/include/basic_types.h,"(28, 69)-(28, 71)",b'_macro_str_concat_helper2(x ## y)'
