Repo name,File name,Location,Content
seL4,../repos/seL4/libsel4/include/sel4/benchmark_track_types.h,"(16, 1)-(30, 16)","b'typedef enum {\n    Entry_Interrupt,\n    Entry...'"
seL4,../repos/seL4/libsel4/include/sel4/benchmark_track_types.h,"(37, 1)-(37, 40)",b'typedef struct SEL4_PACKED kernel_entry'
seL4,../repos/seL4/libsel4/include/sel4/benchmark_track_types.h,"(58, 1)-(62, 34)",b'typedef struct benchmark_syscall_log_entry {\n...'
seL4,../repos/seL4/libsel4/include/sel4/objecttype.h,"(8, 1)-(19, 19)",b'typedef enum api_object {\n    seL4_UntypedObj...'
seL4,../repos/seL4/libsel4/include/sel4/objecttype.h,"(24, 1)-(24, 32)",b'typedef seL4_Word api_object_t;'
seL4,../repos/seL4/libsel4/include/sel4/benchmark_tracepoints_types.h,"(12, 1)-(15, 36)",b'typedef struct benchmark_tracepoint_log_entry...'
seL4,../repos/seL4/libsel4/include/sel4/types.h,"(31, 1)-(31, 31)",b'typedef seL4_Word seL4_NodeId;'
seL4,../repos/seL4/libsel4/include/sel4/types.h,"(32, 1)-(32, 30)",b'typedef seL4_Word seL4_PAddr;'
seL4,../repos/seL4/libsel4/include/sel4/types.h,"(33, 1)-(33, 31)",b'typedef seL4_Word seL4_Domain;'
seL4,../repos/seL4/libsel4/include/sel4/types.h,"(35, 1)-(35, 30)",b'typedef seL4_CPtr seL4_CNode;'
seL4,../repos/seL4/libsel4/include/sel4/types.h,"(36, 1)-(36, 35)",b'typedef seL4_CPtr seL4_IRQHandler;'
seL4,../repos/seL4/libsel4/include/sel4/types.h,"(37, 1)-(37, 35)",b'typedef seL4_CPtr seL4_IRQControl;'
seL4,../repos/seL4/libsel4/include/sel4/types.h,"(38, 1)-(38, 28)",b'typedef seL4_CPtr seL4_TCB;'
seL4,../repos/seL4/libsel4/include/sel4/types.h,"(39, 1)-(39, 32)",b'typedef seL4_CPtr seL4_Untyped;'
seL4,../repos/seL4/libsel4/include/sel4/types.h,"(40, 1)-(40, 34)",b'typedef seL4_CPtr seL4_DomainSet;'
seL4,../repos/seL4/libsel4/include/sel4/types.h,"(41, 1)-(41, 37)",b'typedef seL4_CPtr seL4_SchedContext;'
seL4,../repos/seL4/libsel4/include/sel4/types.h,"(42, 1)-(42, 37)",b'typedef seL4_CPtr seL4_SchedControl;'
seL4,../repos/seL4/libsel4/include/sel4/types.h,"(44, 1)-(44, 31)",b'typedef seL4_Uint64 seL4_Time;'
seL4,../repos/seL4/libsel4/include/sel4/constants.h,"(16, 1)-(22, 23)","b'typedef enum {\n    seL4_DataBreakpoint = 0,\n ...'"
seL4,../repos/seL4/libsel4/include/sel4/constants.h,"(25, 1)-(31, 25)","b'typedef enum {\n    seL4_BreakOnRead = 0,\n    ...'"
seL4,../repos/seL4/libsel4/include/sel4/constants.h,"(34, 1)-(41, 27)",b'typedef enum {\n    seL4_DebugException_FaultI...'
seL4,../repos/seL4/libsel4/include/sel4/constants.h,"(65, 1)-(72, 26)","b'typedef enum {\n    seL4_NoFailure = 0,\n    se...'"
seL4,../repos/seL4/libsel4/include/sel4/constants.h,"(103, 1)-(107, 25)",b'typedef enum {\n    seL4_SchedContext_NoFlag =...'
seL4,../repos/seL4/libsel4/include/sel4/shared_types.h,"(11, 1)-(19, 79)",b'typedef struct seL4_IPCBuffer_ {\n    seL4_Mes...'
seL4,../repos/seL4/libsel4/include/sel4/shared_types.h,"(21, 1)-(31, 21)","b'typedef enum {\n    seL4_CapFault_IP,\n    seL4...'"
seL4,../repos/seL4/libsel4/include/sel4/deprecated.h,"(33, 1)-(33, 40)",b'typedef seL4_CapRights_t seL4_CapRights'
seL4,../repos/seL4/libsel4/include/sel4/deprecated.h,"(35, 1)-(43, 29)",b'typedef union {\n    struct {\n        seL4_Wor...'
seL4,../repos/seL4/libsel4/include/sel4/deprecated.h,"(45, 1)-(45, 40)",b'typedef seL4_Fault_tag_t seL4_FaultType'
seL4,../repos/seL4/libsel4/include/sel4/bootinfo_types.h,"(39, 1)-(39, 32)",b'typedef seL4_Word seL4_SlotPos;'
seL4,../repos/seL4/libsel4/include/sel4/bootinfo_types.h,"(41, 1)-(44, 19)",b'typedef struct seL4_SlotRegion {\n    seL4_Slo...'
seL4,../repos/seL4/libsel4/include/sel4/bootinfo_types.h,"(46, 1)-(51, 20)",b'typedef struct seL4_UntypedDesc {\n    seL4_Wo...'
seL4,../repos/seL4/libsel4/include/sel4/bootinfo_types.h,"(57, 1)-(78, 17)",b'typedef struct seL4_BootInfo {\n    seL4_Word ...'
seL4,../repos/seL4/libsel4/include/sel4/bootinfo_types.h,"(101, 1)-(112, 19)",b'typedef enum {\n    SEL4_BOOTINFO_HEADER_PADDI...'
seL4,../repos/seL4/libsel4/include/sel4/bootinfo_types.h,"(115, 1)-(118, 23)",b'typedef struct seL4_BootInfoHeader {\n    seL4...'
seL4,../repos/seL4/libsel4/include/sel4/simple_types.h,"(37, 1)-(37, 47)",b'typedef signed _seL4_int8_type      seL4_Int8;'
seL4,../repos/seL4/libsel4/include/sel4/simple_types.h,"(38, 1)-(38, 48)",b'typedef unsigned _seL4_int8_type    seL4_Uint8;'
seL4,../repos/seL4/libsel4/include/sel4/simple_types.h,"(49, 1)-(49, 48)",b'typedef signed _seL4_int16_type     seL4_Int16;'
seL4,../repos/seL4/libsel4/include/sel4/simple_types.h,"(50, 1)-(50, 49)",b'typedef unsigned _seL4_int16_type   seL4_Uint16;'
seL4,../repos/seL4/libsel4/include/sel4/simple_types.h,"(60, 1)-(60, 48)",b'typedef signed _seL4_int32_type     seL4_Int32;'
seL4,../repos/seL4/libsel4/include/sel4/simple_types.h,"(61, 1)-(61, 49)",b'typedef unsigned _seL4_int32_type   seL4_Uint32;'
seL4,../repos/seL4/libsel4/include/sel4/simple_types.h,"(83, 1)-(83, 48)",b'typedef signed _seL4_int64_type     seL4_Int64;'
seL4,../repos/seL4/libsel4/include/sel4/simple_types.h,"(84, 1)-(84, 49)",b'typedef unsigned _seL4_int64_type   seL4_Uint64;'
seL4,../repos/seL4/libsel4/include/sel4/simple_types.h,"(102, 1)-(102, 31)",b'typedef seL4_Int8   seL4_Bool;'
seL4,../repos/seL4/libsel4/include/sel4/simple_types.h,"(113, 1)-(113, 31)",b'typedef seL4_Uint32 seL4_Word;'
seL4,../repos/seL4/libsel4/include/sel4/simple_types.h,"(116, 1)-(116, 31)",b'typedef seL4_Uint64 seL4_Word;'
seL4,../repos/seL4/libsel4/include/sel4/simple_types.h,"(128, 1)-(128, 29)",b'typedef seL4_Word seL4_CPtr;'
seL4,../repos/seL4/libsel4/include/sel4/errors.h,"(9, 1)-(27, 14)","b'typedef enum {\n    seL4_NoError = 0,\n    seL4...'"
seL4,../repos/seL4/libsel4/sel4_arch_include/aarch32/sel4/sel4_arch/objecttype.h,"(9, 1)-(12, 23)",b'typedef enum _mode_object {\n    seL4_ARM_Page...'
seL4,../repos/seL4/libsel4/sel4_arch_include/aarch32/sel4/sel4_arch/types.h,"(11, 1)-(18, 20)",b'typedef struct seL4_UserContext_ {\n    /* fra...'
seL4,../repos/seL4/libsel4/sel4_arch_include/aarch32/sel4/sel4_arch/constants.h,"(15, 1)-(32, 27)","b'typedef enum {\n    seL4_UnknownSyscall_R0,\n  ...'"
seL4,../repos/seL4/libsel4/sel4_arch_include/aarch32/sel4/sel4_arch/constants.h,"(35, 1)-(44, 26)",b'typedef enum {\n    seL4_UserException_FaultIP...'
seL4,../repos/seL4/libsel4/sel4_arch_include/aarch32/sel4/sel4_arch/constants.h,"(47, 1)-(54, 20)","b'typedef enum {\n    seL4_VMFault_IP,\n    seL4_...'"
seL4,../repos/seL4/libsel4/sel4_arch_include/aarch32/sel4/sel4_arch/constants.h,"(57, 1)-(61, 28)","b'typedef enum {\n    seL4_VGICMaintenance_IDX,\n...'"
seL4,../repos/seL4/libsel4/sel4_arch_include/aarch32/sel4/sel4_arch/constants.h,"(63, 1)-(66, 22)","b'typedef enum {\n    seL4_VPPIEvent_IRQ,\n    SE...'"
seL4,../repos/seL4/libsel4/sel4_arch_include/aarch32/sel4/sel4_arch/constants.h,"(68, 1)-(72, 22)","b'typedef enum {\n    seL4_VCPUFault_HSR,\n    se...'"
seL4,../repos/seL4/libsel4/sel4_arch_include/aarch32/sel4/sel4_arch/constants.h,"(74, 1)-(121, 16)","b'typedef enum {\n    seL4_VCPUReg_SCTLR = 0,\n  ...'"
seL4,../repos/seL4/libsel4/sel4_arch_include/aarch32/sel4/sel4_arch/constants.h,"(125, 1)-(132, 19)","b'typedef enum {\n    seL4_Timeout_Data,\n    /* ...'"
seL4,../repos/seL4/libsel4/sel4_arch_include/aarch32/sel4/sel4_arch/constants.h,"(134, 1)-(154, 25)","b'typedef enum {\n    seL4_TimeoutReply_FaultIP,...'"
seL4,../repos/seL4/libsel4/sel4_arch_include/aarch32/sel4/sel4_arch/deprecated.h,"(13, 1)-(13, 41)",b'typedef seL4_Word seL4_ExceptIPCRegister'
seL4,../repos/seL4/libsel4/sel4_arch_include/aarch64/sel4/sel4_arch/objecttype.h,"(9, 1)-(13, 23)",b'typedef enum _mode_object {\n    seL4_ARM_Huge...'
seL4,../repos/seL4/libsel4/sel4_arch_include/aarch64/sel4/sel4_arch/types.h,"(11, 1)-(11, 47)",b'typedef seL4_CPtr seL4_ARM_PageUpperDirectory;'
seL4,../repos/seL4/libsel4/sel4_arch_include/aarch64/sel4/sel4_arch/types.h,"(12, 1)-(12, 48)",b'typedef seL4_CPtr seL4_ARM_PageGlobalDirectory;'
seL4,../repos/seL4/libsel4/sel4_arch_include/aarch64/sel4/sel4_arch/types.h,"(15, 1)-(15, 35)",b'typedef seL4_CPtr seL4_ARM_VSpace;'
seL4,../repos/seL4/libsel4/sel4_arch_include/aarch64/sel4/sel4_arch/types.h,"(17, 1)-(24, 20)",b'typedef struct seL4_UserContext_ {\n    /* fra...'
seL4,../repos/seL4/libsel4/sel4_arch_include/aarch64/sel4/sel4_arch/types.h,"(26, 1)-(29, 23)",b'typedef struct seL4_ARM_SMCContext_ {\n    /* ...'
seL4,../repos/seL4/libsel4/sel4_arch_include/aarch64/sel4/sel4_arch/constants.h,"(14, 1)-(31, 27)","b'typedef enum {\n    seL4_UnknownSyscall_X0,\n  ...'"
seL4,../repos/seL4/libsel4/sel4_arch_include/aarch64/sel4/sel4_arch/constants.h,"(34, 1)-(43, 26)",b'typedef enum {\n    seL4_UserException_FaultIP...'
seL4,../repos/seL4/libsel4/sel4_arch_include/aarch64/sel4/sel4_arch/constants.h,"(46, 1)-(53, 20)","b'typedef enum {\n    seL4_VMFault_IP,\n    seL4_...'"
seL4,../repos/seL4/libsel4/sel4_arch_include/aarch64/sel4/sel4_arch/constants.h,"(57, 1)-(61, 28)","b'typedef enum {\n    seL4_VGICMaintenance_IDX,\n...'"
seL4,../repos/seL4/libsel4/sel4_arch_include/aarch64/sel4/sel4_arch/constants.h,"(63, 1)-(66, 22)","b'typedef enum {\n    seL4_VPPIEvent_IRQ,\n    SE...'"
seL4,../repos/seL4/libsel4/sel4_arch_include/aarch64/sel4/sel4_arch/constants.h,"(69, 1)-(73, 22)","b'typedef enum {\n    seL4_VCPUFault_HSR,\n    se...'"
seL4,../repos/seL4/libsel4/sel4_arch_include/aarch64/sel4/sel4_arch/constants.h,"(75, 1)-(117, 16)",b'typedef enum {\n    /* VM control registers EL...'
seL4,../repos/seL4/libsel4/sel4_arch_include/aarch64/sel4/sel4_arch/constants.h,"(122, 1)-(159, 25)","b'typedef enum {\n    seL4_TimeoutReply_FaultIP,...'"
seL4,../repos/seL4/libsel4/sel4_arch_include/aarch64/sel4/sel4_arch/constants.h,"(161, 1)-(166, 19)","b'typedef enum {\n    seL4_Timeout_Data,\n    seL...'"
seL4,../repos/seL4/libsel4/sel4_arch_include/ia32/sel4/sel4_arch/objecttype.h,"(11, 1)-(13, 23)",b'typedef enum _mode_object {\n    seL4_ModeObje...'
seL4,../repos/seL4/libsel4/sel4_arch_include/ia32/sel4/sel4_arch/types.h,"(13, 1)-(18, 20)",b'typedef struct seL4_UserContext_ {\n    /* fra...'
seL4,../repos/seL4/libsel4/sel4_arch_include/ia32/sel4/sel4_arch/constants.h,"(74, 1)-(81, 20)","b'typedef enum {\n    seL4_VMFault_IP,\n    seL4_...'"
seL4,../repos/seL4/libsel4/sel4_arch_include/ia32/sel4/sel4_arch/constants.h,"(83, 1)-(97, 27)","b'typedef enum {\n    seL4_UnknownSyscall_EAX,\n ...'"
seL4,../repos/seL4/libsel4/sel4_arch_include/ia32/sel4/sel4_arch/constants.h,"(99, 1)-(107, 26)",b'typedef enum {\n    seL4_UserException_FaultIP...'
seL4,../repos/seL4/libsel4/sel4_arch_include/ia32/sel4/sel4_arch/constants.h,"(110, 1)-(117, 20)","b'typedef enum {\n    seL4_Timeout_Data,\n    /* ...'"
seL4,../repos/seL4/libsel4/sel4_arch_include/ia32/sel4/sel4_arch/constants.h,"(119, 1)-(134, 25)","b'typedef enum {\n    seL4_TimeoutReply_FaultIP,...'"
seL4,../repos/seL4/libsel4/sel4_arch_include/ia32/sel4/sel4_arch/deprecated.h,"(16, 1)-(16, 45)",b'typedef seL4_Word seL4_UserExceptIPCRegister'
seL4,../repos/seL4/libsel4/sel4_arch_include/ia32/sel4/sel4_arch/deprecated.h,"(25, 1)-(25, 41)",b'typedef seL4_Word seL4_ExceptIPCRegister'
seL4,../repos/seL4/libsel4/sel4_arch_include/ia32/sel4/sel4_arch/deprecated.h,"(40, 1)-(49, 35)",b'typedef union {\n    struct {\n        seL4_Wor...'
seL4,../repos/seL4/libsel4/sel4_arch_include/ia32/sel4/sel4_arch/deprecated.h,"(51, 1)-(66, 29)",b'typedef union {\n    struct {\n        seL4_Wor...'
seL4,../repos/seL4/libsel4/sel4_arch_include/x86_64/sel4/sel4_arch/objecttype.h,"(11, 1)-(18, 27)",b'typedef enum _mode_object {\n    seL4_X86_PDPT...'
seL4,../repos/seL4/libsel4/sel4_arch_include/x86_64/sel4/sel4_arch/types.h,"(12, 1)-(12, 33)",b'typedef seL4_CPtr seL4_X64_PML4;'
seL4,../repos/seL4/libsel4/sel4_arch_include/x86_64/sel4/sel4_arch/types.h,"(16, 1)-(20, 20)",b'typedef struct seL4_UserContext_ {\n    seL4_W...'
seL4,../repos/seL4/libsel4/sel4_arch_include/x86_64/sel4/sel4_arch/constants.h,"(75, 1)-(82, 20)","b'typedef enum {\n    seL4_VMFault_IP,\n    seL4_...'"
seL4,../repos/seL4/libsel4/sel4_arch_include/x86_64/sel4/sel4_arch/constants.h,"(84, 1)-(106, 27)","b'typedef enum {\n    seL4_UnknownSyscall_RAX,\n ...'"
seL4,../repos/seL4/libsel4/sel4_arch_include/x86_64/sel4/sel4_arch/constants.h,"(108, 1)-(116, 26)",b'typedef enum {\n    seL4_UserException_FaultIP...'
seL4,../repos/seL4/libsel4/sel4_arch_include/x86_64/sel4/sel4_arch/constants.h,"(119, 1)-(124, 19)","b'typedef enum {\n    seL4_Timeout_Data,\n    seL...'"
seL4,../repos/seL4/libsel4/sel4_arch_include/x86_64/sel4/sel4_arch/constants.h,"(126, 1)-(148, 25)","b'typedef enum {\n    seL4_TimeoutReply_FaultIP,...'"
seL4,../repos/seL4/libsel4/sel4_arch_include/riscv32/sel4/sel4_arch/objecttype.h,"(11, 1)-(13, 23)",b'typedef enum _mode_object {\n    seL4_ModeObje...'
seL4,../repos/seL4/libsel4/sel4_arch_include/riscv32/sel4/sel4_arch/constants.h,"(46, 1)-(52, 20)","b'typedef enum {\n    seL4_VMFault_IP,\n    seL4_...'"
seL4,../repos/seL4/libsel4/sel4_arch_include/riscv32/sel4/sel4_arch/constants.h,"(54, 1)-(67, 27)",b'typedef enum {\n    seL4_UnknownSyscall_FaultI...'
seL4,../repos/seL4/libsel4/sel4_arch_include/riscv32/sel4/sel4_arch/constants.h,"(69, 1)-(75, 26)",b'typedef enum {\n    seL4_UserException_FaultIP...'
seL4,../repos/seL4/libsel4/sel4_arch_include/riscv32/sel4/sel4_arch/constants.h,"(78, 1)-(112, 25)","b'typedef enum {\n    seL4_TimeoutReply_FaultIP,...'"
seL4,../repos/seL4/libsel4/sel4_arch_include/riscv32/sel4/sel4_arch/constants.h,"(114, 1)-(119, 19)","b'typedef enum {\n    seL4_Timeout_Data,\n    seL...'"
seL4,../repos/seL4/libsel4/sel4_arch_include/riscv64/sel4/sel4_arch/objecttype.h,"(12, 1)-(18, 23)",b'typedef enum _mode_object {\n    seL4_RISCV_Gi...'
seL4,../repos/seL4/libsel4/sel4_arch_include/riscv64/sel4/sel4_arch/constants.h,"(52, 1)-(58, 20)","b'typedef enum {\n    seL4_VMFault_IP,\n    seL4_...'"
seL4,../repos/seL4/libsel4/sel4_arch_include/riscv64/sel4/sel4_arch/constants.h,"(60, 1)-(73, 27)",b'typedef enum {\n    seL4_UnknownSyscall_FaultI...'
seL4,../repos/seL4/libsel4/sel4_arch_include/riscv64/sel4/sel4_arch/constants.h,"(75, 1)-(81, 26)",b'typedef enum {\n    seL4_UserException_FaultIP...'
seL4,../repos/seL4/libsel4/sel4_arch_include/riscv64/sel4/sel4_arch/constants.h,"(84, 1)-(118, 25)","b'typedef enum {\n    seL4_TimeoutReply_FaultIP,...'"
seL4,../repos/seL4/libsel4/sel4_arch_include/riscv64/sel4/sel4_arch/constants.h,"(120, 1)-(124, 19)","b'typedef enum {\n    seL4_Timeout_Data,\n    seL...'"
seL4,../repos/seL4/libsel4/arch_include/riscv/sel4/arch/objecttype.h,"(12, 1)-(17, 23)",b'typedef enum _object {\n    seL4_RISCV_4K_Page...'
seL4,../repos/seL4/libsel4/arch_include/riscv/sel4/arch/objecttype.h,"(19, 1)-(19, 28)",b'typedef seL4_Word object_t;'
seL4,../repos/seL4/libsel4/arch_include/riscv/sel4/arch/types.h,"(15, 1)-(15, 35)",b'typedef seL4_CPtr seL4_RISCV_Page;'
seL4,../repos/seL4/libsel4/arch_include/riscv/sel4/arch/types.h,"(16, 1)-(16, 40)",b'typedef seL4_CPtr seL4_RISCV_PageTable;'
seL4,../repos/seL4/libsel4/arch_include/riscv/sel4/arch/types.h,"(17, 1)-(17, 42)",b'typedef seL4_CPtr seL4_RISCV_ASIDControl;'
seL4,../repos/seL4/libsel4/arch_include/riscv/sel4/arch/types.h,"(18, 1)-(18, 39)",b'typedef seL4_CPtr seL4_RISCV_ASIDPool;'
seL4,../repos/seL4/libsel4/arch_include/riscv/sel4/arch/types.h,"(24, 1)-(61, 20)",b'typedef struct seL4_UserContext_ {\n    seL4_W...'
seL4,../repos/seL4/libsel4/arch_include/riscv/sel4/arch/types.h,"(63, 1)-(67, 27)",b'typedef enum {\n    seL4_RISCV_ExecuteNever = ...'
seL4,../repos/seL4/libsel4/arch_include/x86/sel4/arch/objecttype.h,"(11, 1)-(27, 23)",b'typedef enum _object {\n    seL4_X86_4K = seL4...'
seL4,../repos/seL4/libsel4/arch_include/x86/sel4/arch/objecttype.h,"(28, 1)-(28, 28)",b'typedef seL4_Word object_t;'
seL4,../repos/seL4/libsel4/arch_include/x86/sel4/arch/types.h,"(14, 1)-(14, 40)",b'typedef seL4_CPtr seL4_X86_ASIDControl;'
seL4,../repos/seL4/libsel4/arch_include/x86/sel4/arch/types.h,"(15, 1)-(15, 37)",b'typedef seL4_CPtr seL4_X86_ASIDPool;'
seL4,../repos/seL4/libsel4/arch_include/x86/sel4/arch/types.h,"(16, 1)-(16, 36)",b'typedef seL4_CPtr seL4_X86_IOSpace;'
seL4,../repos/seL4/libsel4/arch_include/x86/sel4/arch/types.h,"(17, 1)-(17, 35)",b'typedef seL4_CPtr seL4_X86_IOPort;'
seL4,../repos/seL4/libsel4/arch_include/x86/sel4/arch/types.h,"(18, 1)-(18, 42)",b'typedef seL4_CPtr seL4_X86_IOPortControl;'
seL4,../repos/seL4/libsel4/arch_include/x86/sel4/arch/types.h,"(19, 1)-(19, 33)",b'typedef seL4_CPtr seL4_X86_Page;'
seL4,../repos/seL4/libsel4/arch_include/x86/sel4/arch/types.h,"(20, 1)-(20, 33)",b'typedef seL4_CPtr seL4_X86_PDPT;'
seL4,../repos/seL4/libsel4/arch_include/x86/sel4/arch/types.h,"(21, 1)-(21, 42)",b'typedef seL4_CPtr seL4_X86_PageDirectory;'
seL4,../repos/seL4/libsel4/arch_include/x86/sel4/arch/types.h,"(22, 1)-(22, 38)",b'typedef seL4_CPtr seL4_X86_PageTable;'
seL4,../repos/seL4/libsel4/arch_include/x86/sel4/arch/types.h,"(23, 1)-(23, 40)",b'typedef seL4_CPtr seL4_X86_IOPageTable;'
seL4,../repos/seL4/libsel4/arch_include/x86/sel4/arch/types.h,"(24, 1)-(24, 36)",b'typedef seL4_CPtr seL4_X86_EPTPML4;'
seL4,../repos/seL4/libsel4/arch_include/x86/sel4/arch/types.h,"(25, 1)-(25, 36)",b'typedef seL4_CPtr seL4_X86_EPTPDPT;'
seL4,../repos/seL4/libsel4/arch_include/x86/sel4/arch/types.h,"(26, 1)-(26, 34)",b'typedef seL4_CPtr seL4_X86_EPTPD;'
seL4,../repos/seL4/libsel4/arch_include/x86/sel4/arch/types.h,"(27, 1)-(27, 34)",b'typedef seL4_CPtr seL4_X86_EPTPT;'
seL4,../repos/seL4/libsel4/arch_include/x86/sel4/arch/types.h,"(28, 1)-(28, 33)",b'typedef seL4_CPtr seL4_X86_VCPU;'
seL4,../repos/seL4/libsel4/arch_include/x86/sel4/arch/types.h,"(30, 1)-(38, 25)",b'typedef enum {\n    seL4_X86_Default_VMAttribu...'
seL4,../repos/seL4/libsel4/arch_include/x86/sel4/arch/types.h,"(40, 1)-(49, 29)",b'typedef enum {\n    seL4_X86_EPT_Uncached_VMAt...'
seL4,../repos/seL4/libsel4/arch_include/x86/sel4/arch/types.h,"(51, 1)-(56, 20)",b'typedef struct seL4_VCPUContext_ {\n    seL4_W...'
seL4,../repos/seL4/libsel4/arch_include/x86/sel4/arch/vmenter.h,"(10, 1)-(51, 26)",b'typedef enum kernel_fault_context {\n    /*\n  ...'
seL4,../repos/seL4/libsel4/arch_include/x86/sel4/arch/bootinfo_types.h,"(12, 1)-(25, 14)",b'typedef struct seL4_VBEInfoBlock {\n    char  ...'
seL4,../repos/seL4/libsel4/arch_include/x86/sel4/arch/bootinfo_types.h,"(28, 1)-(38, 14)",b'typedef struct seL4_VBEModeInfoCommon {\n    s...'
seL4,../repos/seL4/libsel4/arch_include/x86/sel4/arch/bootinfo_types.h,"(40, 1)-(52, 14)",b'typedef struct  seL4_VBEInfo12Part1 {\n    seL...'
seL4,../repos/seL4/libsel4/arch_include/x86/sel4/arch/bootinfo_types.h,"(54, 1)-(64, 14)",b'typedef struct seL4_VBEInfo12Part2 {\n    seL4...'
seL4,../repos/seL4/libsel4/arch_include/x86/sel4/arch/bootinfo_types.h,"(66, 1)-(69, 14)",b'typedef struct  seL4_VBEInfo20 {\n    seL4_Uin...'
seL4,../repos/seL4/libsel4/arch_include/x86/sel4/arch/bootinfo_types.h,"(71, 1)-(86, 14)",b'typedef struct seL4_VBEInfo30 {\n    seL4_Uint...'
seL4,../repos/seL4/libsel4/arch_include/x86/sel4/arch/bootinfo_types.h,"(88, 1)-(102, 14)",b'typedef struct seL4_VBEModeInfoBlock {\n    /*...'
seL4,../repos/seL4/libsel4/arch_include/x86/sel4/arch/bootinfo_types.h,"(104, 1)-(112, 14)",b'typedef struct _seL4_X86_BootInfo_VBE {\n    s...'
seL4,../repos/seL4/libsel4/arch_include/x86/sel4/arch/bootinfo_types.h,"(118, 1)-(123, 14)",b'typedef struct seL4_X86_mb_mmap {\n    uint32_...'
seL4,../repos/seL4/libsel4/arch_include/x86/sel4/arch/bootinfo_types.h,"(125, 1)-(129, 14)",b'typedef struct seL4_X86_BootInfo_mmap {\n    s...'
seL4,../repos/seL4/libsel4/arch_include/x86/sel4/arch/bootinfo_types.h,"(131, 1)-(131, 53)",b'typedef struct multiboot2_fb seL4_X86_BootInf...'
seL4,../repos/seL4/libsel4/arch_include/arm/sel4/arch/objecttype.h,"(11, 1)-(26, 23)",b'typedef enum _object {\n    seL4_ARM_SmallPage...'
seL4,../repos/seL4/libsel4/arch_include/arm/sel4/arch/objecttype.h,"(28, 1)-(28, 28)",b'typedef seL4_Word object_t;'
seL4,../repos/seL4/libsel4/arch_include/arm/sel4/arch/types.h,"(13, 1)-(13, 33)",b'typedef seL4_CPtr seL4_ARM_Page;'
seL4,../repos/seL4/libsel4/arch_include/arm/sel4/arch/types.h,"(14, 1)-(14, 38)",b'typedef seL4_CPtr seL4_ARM_PageTable;'
seL4,../repos/seL4/libsel4/arch_include/arm/sel4/arch/types.h,"(15, 1)-(15, 42)",b'typedef seL4_CPtr seL4_ARM_PageDirectory;'
seL4,../repos/seL4/libsel4/arch_include/arm/sel4/arch/types.h,"(16, 1)-(16, 40)",b'typedef seL4_CPtr seL4_ARM_ASIDControl;'
seL4,../repos/seL4/libsel4/arch_include/arm/sel4/arch/types.h,"(17, 1)-(17, 37)",b'typedef seL4_CPtr seL4_ARM_ASIDPool;'
seL4,../repos/seL4/libsel4/arch_include/arm/sel4/arch/types.h,"(18, 1)-(18, 33)",b'typedef seL4_CPtr seL4_ARM_VCPU;'
seL4,../repos/seL4/libsel4/arch_include/arm/sel4/arch/types.h,"(19, 1)-(19, 36)",b'typedef seL4_CPtr seL4_ARM_IOSpace;'
seL4,../repos/seL4/libsel4/arch_include/arm/sel4/arch/types.h,"(20, 1)-(20, 40)",b'typedef seL4_CPtr seL4_ARM_IOPageTable;'
seL4,../repos/seL4/libsel4/arch_include/arm/sel4/arch/types.h,"(21, 1)-(21, 39)",b'typedef seL4_CPtr seL4_ARM_SIDControl;'
seL4,../repos/seL4/libsel4/arch_include/arm/sel4/arch/types.h,"(22, 1)-(22, 32)",b'typedef seL4_CPtr seL4_ARM_SID;'
seL4,../repos/seL4/libsel4/arch_include/arm/sel4/arch/types.h,"(23, 1)-(23, 38)",b'typedef seL4_CPtr seL4_ARM_CBControl;'
seL4,../repos/seL4/libsel4/arch_include/arm/sel4/arch/types.h,"(24, 1)-(24, 31)",b'typedef seL4_CPtr seL4_ARM_CB;'
seL4,../repos/seL4/libsel4/arch_include/arm/sel4/arch/types.h,"(25, 1)-(25, 32)",b'typedef seL4_CPtr seL4_ARM_SMC;'
seL4,../repos/seL4/libsel4/arch_include/arm/sel4/arch/types.h,"(27, 1)-(34, 25)",b'typedef enum {\n    seL4_ARM_PageCacheable = 0...'
seL4,../repos/seL4/libsel4/arch_include/arm/sel4/arch/types.h,"(36, 1)-(41, 22)","b'typedef enum {\n    seL4_ARM_CacheI   = 1,\n   ...'"
seL4,../repos/seL4/src/util.c,"(15, 1)-(15, 53)",b'typedef unsigned long __attribute__((__may_al...'
seL4,../repos/seL4/src/drivers/timer/kpss-timer.c,"(20, 1)-(20, 39)",b'typedef volatile struct timer timer_t;'
seL4,../repos/seL4/src/object/cnode.c,"(30, 1)-(30, 52)",b'typedef struct finaliseSlot_ret finaliseSlot_...'
seL4,../repos/seL4/src/plat/pc99/machine/intel-vtd.c,"(91, 1)-(91, 28)",b'typedef uint32_t drhu_id_t;'
seL4,../repos/seL4/src/plat/pc99/machine/acpi.c,"(22, 1)-(27, 15)",b'typedef struct acpi_dmar {\n    acpi_header_t ...'
seL4,../repos/seL4/src/plat/pc99/machine/acpi.c,"(32, 1)-(35, 22)",b'typedef struct acpi_dmar_header {\n    uint16_...'
seL4,../repos/seL4/src/plat/pc99/machine/acpi.c,"(46, 1)-(52, 20)",b'typedef struct acpi_dmar_drhd {\n    acpi_dmar...'
seL4,../repos/seL4/src/plat/pc99/machine/acpi.c,"(57, 1)-(67, 24)",b'typedef struct acpi_dmar_devscope {\n    uint8...'
seL4,../repos/seL4/src/plat/pc99/machine/acpi.c,"(71, 1)-(78, 20)",b'typedef struct acpi_dmar_rmrr {\n    acpi_dmar...'
seL4,../repos/seL4/src/plat/pc99/machine/acpi.c,"(83, 1)-(87, 15)",b'typedef struct acpi_fadt {\n    acpi_header_t ...'
seL4,../repos/seL4/src/plat/pc99/machine/acpi.c,"(92, 1)-(96, 15)",b'typedef struct acpi_madt {\n    acpi_header_t ...'
seL4,../repos/seL4/src/plat/pc99/machine/acpi.c,"(100, 1)-(103, 22)",b'typedef struct acpi_madt_header {\n    uint8_t...'
seL4,../repos/seL4/src/plat/pc99/machine/acpi.c,"(113, 1)-(118, 20)",b'typedef struct acpi_madt_apic {\n    acpi_madt...'
seL4,../repos/seL4/src/plat/pc99/machine/acpi.c,"(122, 1)-(128, 22)",b'typedef struct acpi_madt_x2apic {\n    acpi_ma...'
seL4,../repos/seL4/src/plat/pc99/machine/acpi.c,"(132, 1)-(138, 22)",b'typedef struct acpi_madt_ioapic {\n    acpi_ma...'
seL4,../repos/seL4/src/plat/pc99/machine/acpi.c,"(142, 1)-(148, 19)",b'typedef struct acpi_madt_iso {\n    acpi_madt_...'
seL4,../repos/seL4/src/machine/io.c,"(27, 1)-(27, 40)",b'typedef struct _out_wrap_t  out_wrap_t;'
seL4,../repos/seL4/src/machine/io.c,"(30, 1)-(30, 76)","b'typedef void (*out_write_fn)(out_wrap_t *out,...'"
seL4,../repos/seL4/src/arch/riscv/kernel/vspace.c,"(35, 1)-(35, 42)",b'typedef struct resolve_ret resolve_ret_t;'
seL4,../repos/seL4/src/arch/x86/32/kernel/vspace_32paging.c,"(314, 1)-(317, 28)",b'typedef struct readWordFromVSpace_ret {\n    e...'
seL4,../repos/seL4/src/arch/x86/object/vcpu.c,"(39, 1)-(41, 16)",b'typedef struct msr_bitmap {\n    word_t bitmap...'
seL4,../repos/seL4/src/arch/x86/object/vcpu.c,"(43, 1)-(48, 17)",b'typedef struct msr_bitmaps {\n    msr_bitmap_t...'
seL4,../repos/seL4/src/arch/x86/object/iospace.c,"(21, 1)-(24, 30)",b'typedef struct lookupVTDContextSlot_ret {\n   ...'
seL4,../repos/seL4/src/arch/x86/64/kernel/vspace.c,"(1475, 1)-(1475, 74)",b'typedef struct create_mapping_pdpte_return cr...'
seL4,../repos/seL4/src/arch/x86/64/kernel/vspace.c,"(1533, 1)-(1536, 28)",b'typedef struct readWordFromVSpace_ret {\n    e...'
seL4,../repos/seL4/src/arch/x86/machine/breakpoint.c,"(145, 1)-(147, 28)","b'typedef struct {\n    word_t type, rw;\n} conve...'"
seL4,../repos/seL4/src/arch/x86/machine/breakpoint.c,"(481, 1)-(484, 37)",b'typedef struct {\n    bool_t ret;\n    word_t i...'
seL4,../repos/seL4/src/arch/x86/machine/breakpoint.c,"(551, 1)-(554, 33)",b'typedef struct {\n    int bp_num;\n    word_t v...'
seL4,../repos/seL4/src/arch/x86/kernel/vspace.c,"(864, 1)-(864, 70)",b'typedef struct create_mapping_pte_return crea...'
seL4,../repos/seL4/src/arch/x86/kernel/vspace.c,"(893, 1)-(893, 70)",b'typedef struct create_mapping_pde_return crea...'
seL4,../repos/seL4/src/arch/x86/kernel/ept.c,"(19, 1)-(19, 62)",b'typedef struct lookupEPTPDPTSlot_ret lookupEP...'
seL4,../repos/seL4/src/arch/x86/kernel/ept.c,"(25, 1)-(25, 58)",b'typedef struct lookupEPTPDSlot_ret lookupEPTP...'
seL4,../repos/seL4/src/arch/x86/kernel/ept.c,"(31, 1)-(31, 58)",b'typedef struct lookupEPTPTSlot_ret lookupEPTP...'
seL4,../repos/seL4/src/arch/x86/kernel/ept.c,"(40, 1)-(40, 52)",b'typedef enum ept_cache_options ept_cache_opti...'
seL4,../repos/seL4/src/arch/arm/32/kernel/vspace.c,"(61, 1)-(61, 42)",b'typedef struct resolve_ret resolve_ret_t;'
seL4,../repos/seL4/src/arch/arm/32/kernel/vspace.c,"(1552, 1)-(1552, 72)",b'typedef struct create_mappings_pte_return cre...'
seL4,../repos/seL4/src/arch/arm/32/kernel/vspace.c,"(1559, 1)-(1559, 72)",b'typedef struct create_mappings_pde_return cre...'
seL4,../repos/seL4/src/arch/arm/32/kernel/vspace.c,"(2787, 1)-(2790, 28)",b'typedef struct readWordFromVSpace_ret {\n    e...'
seL4,../repos/seL4/src/arch/arm/object/iospace.c,"(22, 1)-(25, 24)",b'typedef struct lookupIOPDSlot_ret {\n    excep...'
seL4,../repos/seL4/src/arch/arm/object/iospace.c,"(27, 1)-(30, 24)",b'typedef struct lookupIOPTSlot_ret {\n    excep...'
seL4,../repos/seL4/src/arch/arm/64/kernel/vspace.c,"(82, 1)-(82, 52)",b'typedef struct lookupPTSlot_ret lookupPTSlot_...'
seL4,../repos/seL4/src/arch/arm/64/kernel/vspace.c,"(88, 1)-(88, 62)",b'typedef struct findVSpaceForASID_ret findVSpa...'
seL4,../repos/seL4/src/arch/arm/64/kernel/vspace.c,"(1814, 1)-(1817, 28)",b'typedef struct readWordFromVSpace_ret {\n    e...'
seL4,../repos/seL4/src/arch/arm/machine/debug.c,"(96, 1)-(103, 17)",b'typedef struct debug_state {\n    bool_t is_av...'
seL4,../repos/seL4/src/arch/arm/machine/debug.c,"(984, 1)-(987, 18)",b'typedef struct fault_status {\n    uint8_t sta...'
seL4,../repos/seL4/include/stdarg.h,"(13, 1)-(13, 35)",b'typedef __builtin_va_list va_list;'
seL4,../repos/seL4/include/compound_types.h,"(18, 1)-(18, 38)",b'typedef struct pde_range pde_range_t;'
seL4,../repos/seL4/include/compound_types.h,"(24, 1)-(24, 38)",b'typedef struct pte_range pte_range_t;'
seL4,../repos/seL4/include/compound_types.h,"(26, 1)-(26, 26)",b'typedef cte_t *cte_ptr_t;'
seL4,../repos/seL4/include/compound_types.h,"(31, 1)-(31, 40)",b'typedef struct extra_caps extra_caps_t;'
seL4,../repos/seL4/include/model/smp.h,"(16, 1)-(20, 18)",b'typedef struct smpStatedata {\n    archNodeSta...'
seL4,../repos/seL4/include/drivers/timer/mct.h,"(113, 1)-(113, 41)",b'typedef volatile struct mct_map timer_t;'
seL4,../repos/seL4/include/drivers/timer/am335x.h,"(36, 1)-(36, 39)",b'typedef volatile struct timer timer_t;'
seL4,../repos/seL4/include/drivers/timer/arm_priv.h,"(18, 1)-(18, 39)",b'typedef volatile struct timer timer_t;'
seL4,../repos/seL4/include/drivers/timer/arm_global.h,"(31, 1)-(31, 39)",b'typedef volatile struct timer timer_t;'
seL4,../repos/seL4/include/drivers/timer/omap3430.h,"(37, 1)-(37, 39)",b'typedef volatile struct timer timer_t;'
seL4,../repos/seL4/include/smp/lock.h,"(22, 1)-(25, 21)","b'typedef enum {\n    CLHState_Granted = 0,\n    ...'"
seL4,../repos/seL4/include/smp/lock.h,"(27, 1)-(31, 15)",b'typedef struct clh_qnode {\n    clh_qnode_stat...'
seL4,../repos/seL4/include/smp/lock.h,"(33, 1)-(42, 17)",b'typedef struct clh_qnode_p {\n    clh_qnode_t ...'
seL4,../repos/seL4/include/smp/lock.h,"(44, 1)-(50, 14)",b'typedef struct clh_lock {\n    clh_qnode_t nod...'
seL4,../repos/seL4/include/object/tcb.h,"(26, 1)-(26, 38)",b'typedef struct tcb_queue tcb_queue_t;'
seL4,../repos/seL4/include/object/tcb.h,"(181, 1)-(181, 38)",b'typedef word_t thread_control_flag_t;'
seL4,../repos/seL4/include/object/structures.h,"(28, 1)-(28, 28)",b'typedef word_t irq_state_t;'
seL4,../repos/seL4/include/object/structures.h,"(30, 1)-(33, 15)",b'typedef struct dschedule {\n    dom_t domain;\n...'
seL4,../repos/seL4/include/object/structures.h,"(46, 1)-(46, 33)",b'typedef word_t endpoint_state_t;'
seL4,../repos/seL4/include/object/structures.h,"(53, 1)-(53, 37)",b'typedef word_t notification_state_t;'
seL4,../repos/seL4/include/object/structures.h,"(158, 1)-(158, 26)",b'typedef struct cte cte_t;'
seL4,../repos/seL4/include/object/structures.h,"(176, 1)-(176, 32)",b'typedef word_t _thread_state_t;'
seL4,../repos/seL4/include/object/structures.h,"(208, 1)-(208, 34)",b'typedef word_t tcb_cnode_index_t;'
seL4,../repos/seL4/include/object/structures.h,"(215, 1)-(215, 38)",b'typedef struct user_data user_data_t;'
seL4,../repos/seL4/include/object/structures.h,"(220, 1)-(220, 52)",b'typedef struct user_data_device user_data_dev...'
seL4,../repos/seL4/include/object/structures.h,"(241, 1)-(241, 46)",b'typedef struct sched_context sched_context_t;'
seL4,../repos/seL4/include/object/structures.h,"(242, 1)-(242, 30)",b'typedef struct reply reply_t;'
seL4,../repos/seL4/include/object/structures.h,"(308, 1)-(308, 26)",b'typedef struct tcb tcb_t;'
seL4,../repos/seL4/include/object/structures.h,"(323, 1)-(323, 38)",b'typedef struct debug_tcb debug_tcb_t;'
seL4,../repos/seL4/include/object/structures.h,"(329, 1)-(334, 12)",b'typedef struct refill {\n    /* Absolute times...'
seL4,../repos/seL4/include/object/cap.h,"(13, 1)-(13, 46)",b'typedef struct deriveCap_ret deriveCap_ret_t;'
seL4,../repos/seL4/include/object/cap.h,"(21, 1)-(21, 50)",b'typedef struct finaliseCap_ret finaliseCap_ret_t;'
seL4,../repos/seL4/include/api/types.h,"(22, 1)-(22, 23)",b'typedef word_t prio_t;'
seL4,../repos/seL4/include/api/types.h,"(28, 1)-(28, 26)",b'typedef uint64_t ticks_t;'
seL4,../repos/seL4/include/api/types.h,"(29, 1)-(29, 25)",b'typedef uint64_t time_t;'
seL4,../repos/seL4/include/api/types.h,"(45, 1)-(45, 44)",b'typedef struct cap_transfer cap_transfer_t;'
seL4,../repos/seL4/include/api/failures.h,"(23, 1)-(23, 28)",b'typedef word_t exception_t;'
seL4,../repos/seL4/include/api/failures.h,"(25, 1)-(25, 37)",b'typedef word_t syscall_error_type_t;'
seL4,../repos/seL4/include/api/failures.h,"(37, 1)-(37, 46)",b'typedef struct syscall_error syscall_error_t;'
seL4,../repos/seL4/include/api/failures.h,"(43, 1)-(43, 58)",b'typedef struct debug_syscall_error debug_sysc...'
seL4,../repos/seL4/include/benchmark/benchmark_utilisation_.h,"(13, 1)-(20, 20)",b'typedef struct {\n    timestamp_t schedule_sta...'
seL4,../repos/seL4/include/plat/pc99/plat/machine.h,"(19, 1)-(46, 15)",b'typedef enum _interrupt_t {\n    int_invalid  ...'
seL4,../repos/seL4/include/plat/pc99/plat/machine.h,"(48, 1)-(66, 18)",b'typedef enum _platform_irq_t {\n    irq_isa_mi...'
seL4,../repos/seL4/include/plat/pc99/plat/machine/acpi.h,"(19, 1)-(29, 24)",b'typedef struct acpi_header {\n    char        ...'
seL4,../repos/seL4/include/plat/pc99/plat/machine/acpi.h,"(32, 1)-(42, 22)",b'typedef struct acpi_rsdp {\n    char         s...'
seL4,../repos/seL4/include/plat/pc99/plat/machine/acpi.h,"(46, 1)-(49, 22)",b'typedef struct acpi_rsdt {\n    acpi_header_t ...'
seL4,../repos/seL4/include/plat/pc99/plat/machine/acpi.h,"(65, 1)-(69, 21)",b'typedef struct acpi_rmrr_entry {\n    dev_id_t...'
seL4,../repos/seL4/include/plat/pc99/plat/machine/acpi.h,"(71, 1)-(74, 20)",b'typedef struct acpi_rmrr_list {\n    acpi_rmrr...'
seL4,../repos/seL4/include/plat/tk1/plat/machine/smmu.h,"(20, 1)-(81, 17)",b'typedef struct {\n    uint32_t    intstatus;  ...'
seL4,../repos/seL4/include/machine/interrupt.h,"(39, 1)-(42, 9)",b'typedef struct {\n    word_t irq;\n    word_t t...'
seL4,../repos/seL4/include/machine/interrupt.h,"(44, 1)-(44, 22)",b'typedef word_t irq_t;'
seL4,../repos/seL4/include/machine/registerset.h,"(14, 1)-(20, 15)","b'typedef enum {\n    MessageID_Syscall,\n    Mes...'"
seL4,../repos/seL4/include/machine/profiler.h,"(63, 1)-(66, 20)",b'typedef struct {\n    word_t pc;\n    word_t co...'
seL4,../repos/seL4/include/machine/debug.h,"(52, 1)-(55, 19)",b'typedef struct getBreakpointRet {\n    word_t ...'
seL4,../repos/seL4/include/stdint.h,"(11, 1)-(11, 31)",b'typedef unsigned char uint8_t;'
seL4,../repos/seL4/include/stdint.h,"(12, 1)-(12, 33)",b'typedef unsigned short uint16_t;'
seL4,../repos/seL4/include/stdint.h,"(13, 1)-(13, 31)",b'typedef unsigned int uint32_t;'
seL4,../repos/seL4/include/stdint.h,"(14, 1)-(14, 37)",b'typedef unsigned long long uint64_t;'
seL4,../repos/seL4/include/stdint.h,"(16, 1)-(16, 28)",b'typedef signed char int8_t;'
seL4,../repos/seL4/include/stdint.h,"(17, 1)-(17, 30)",b'typedef signed short int16_t;'
seL4,../repos/seL4/include/stdint.h,"(18, 1)-(18, 28)",b'typedef signed int int32_t;'
seL4,../repos/seL4/include/stdint.h,"(19, 1)-(19, 34)",b'typedef signed long long int64_t;'
seL4,../repos/seL4/include/stdint.h,"(26, 1)-(26, 31)",b'typedef uint64_t    uintmax_t;'
seL4,../repos/seL4/include/stdint.h,"(27, 1)-(27, 30)",b'typedef int64_t     intmax_t;'
seL4,../repos/seL4/include/arch/riscv/arch/model/smp.h,"(15, 1)-(17, 14)",b'typedef struct core_map {\n    word_t map[CONF...'
seL4,../repos/seL4/include/arch/riscv/arch/smp/ipi.h,"(12, 1)-(16, 19)","b'typedef enum {\n    IpiRemoteCall_Stall,\n    I...'"
seL4,../repos/seL4/include/arch/riscv/arch/types.h,"(15, 1)-(15, 30)",b'typedef unsigned long word_t;'
seL4,../repos/seL4/include/arch/riscv/arch/types.h,"(16, 1)-(16, 29)",b'typedef signed long sword_t;'
seL4,../repos/seL4/include/arch/riscv/arch/types.h,"(20, 1)-(20, 23)",b'typedef word_t vptr_t;'
seL4,../repos/seL4/include/arch/riscv/arch/types.h,"(21, 1)-(21, 24)",b'typedef word_t paddr_t;'
seL4,../repos/seL4/include/arch/riscv/arch/types.h,"(22, 1)-(22, 23)",b'typedef word_t pptr_t;'
seL4,../repos/seL4/include/arch/riscv/arch/types.h,"(23, 1)-(23, 23)",b'typedef word_t cptr_t;'
seL4,../repos/seL4/include/arch/riscv/arch/types.h,"(24, 1)-(24, 25)",b'typedef word_t dev_id_t;'
seL4,../repos/seL4/include/arch/riscv/arch/types.h,"(25, 1)-(25, 25)",b'typedef word_t cpu_id_t;'
seL4,../repos/seL4/include/arch/riscv/arch/types.h,"(26, 1)-(26, 26)",b'typedef word_t node_id_t;'
seL4,../repos/seL4/include/arch/riscv/arch/types.h,"(27, 1)-(27, 22)",b'typedef word_t dom_t;'
seL4,../repos/seL4/include/arch/riscv/arch/types.h,"(29, 1)-(29, 30)",b'typedef uint64_t timestamp_t;'
seL4,../repos/seL4/include/arch/riscv/arch/types.h,"(33, 1)-(37, 18)",b'typedef struct kernel_frame {\n    paddr_t pad...'
seL4,../repos/seL4/include/arch/riscv/arch/object/structures.h,"(27, 1)-(27, 38)",b'typedef struct asid_pool asid_pool_t;'
seL4,../repos/seL4/include/arch/riscv/arch/object/structures.h,"(36, 1)-(38, 14)",b'typedef struct arch_tcb {\n    user_context_t ...'
seL4,../repos/seL4/include/arch/riscv/arch/object/structures.h,"(45, 1)-(45, 28)",b'typedef word_t vm_rights_t;'
seL4,../repos/seL4/include/arch/riscv/arch/object/structures.h,"(47, 1)-(47, 29)",b'typedef pte_t vspace_root_t;'
seL4,../repos/seL4/include/arch/riscv/arch/object/structures.h,"(52, 1)-(52, 21)",b'typedef pte_t pde_t;'
seL4,../repos/seL4/include/arch/riscv/arch/api/types.h,"(27, 1)-(27, 23)",b'typedef word_t asid_t;'
seL4,../repos/seL4/include/arch/riscv/arch/machine/hardware.h,"(72, 1)-(72, 32)",b'typedef word_t vm_fault_type_t;'
seL4,../repos/seL4/include/arch/riscv/arch/machine/hardware.h,"(91, 1)-(91, 31)",b'typedef word_t vm_page_size_t;'
seL4,../repos/seL4/include/arch/riscv/arch/machine/registerset.h,"(75, 1)-(75, 28)",b'typedef uint8_t register_t;'
seL4,../repos/seL4/include/arch/riscv/arch/machine/registerset.h,"(97, 1)-(97, 27)",b'typedef uint64_t fp_reg_t;'
seL4,../repos/seL4/include/arch/riscv/arch/machine/registerset.h,"(99, 1)-(99, 27)",b'typedef uint32_t fp_reg_t;'
seL4,../repos/seL4/include/arch/riscv/arch/machine/registerset.h,"(104, 1)-(107, 20)",b'typedef struct user_fpu_state {\n    fp_reg_t ...'
seL4,../repos/seL4/include/arch/riscv/arch/machine/registerset.h,"(117, 1)-(117, 44)",b'typedef struct user_context user_context_t;'
seL4,../repos/seL4/include/arch/riscv/arch/kernel/vspace.h,"(32, 1)-(32, 52)",b'typedef struct lookupPTSlot_ret lookupPTSlot_...'
seL4,../repos/seL4/include/arch/riscv/arch/kernel/vspace.h,"(38, 1)-(38, 62)",b'typedef struct findVSpaceForASID_ret findVSpa...'
seL4,../repos/seL4/include/arch/x86/arch/model/smp.h,"(18, 1)-(25, 20)",b'typedef struct cpu_id_mapping {\n    cpu_id_t ...'
seL4,../repos/seL4/include/arch/x86/arch/model/statedata.h,"(25, 1)-(28, 19)",b'typedef struct {\n    tss_t   tss;\n    word_t ...'
seL4,../repos/seL4/include/arch/x86/arch/model/statedata.h,"(56, 1)-(64, 27)",b'typedef struct x86_arch_global_state {\n    /*...'
seL4,../repos/seL4/include/arch/x86/arch/32/mode/smp/ipi.h,"(15, 1)-(20, 23)",b'typedef enum {\n    IpiRemoteCall_InvalidateTL...'
seL4,../repos/seL4/include/arch/x86/arch/32/mode/object/structures.h,"(28, 1)-(28, 29)",b'typedef pde_t vspace_root_t;'
seL4,../repos/seL4/include/arch/x86/arch/32/mode/object/structures.h,"(52, 1)-(52, 38)",b'typedef struct asid_pool asid_pool_t;'
seL4,../repos/seL4/include/arch/x86/arch/32/mode/machine/registerset.h,"(63, 1)-(63, 27)",b'typedef word_t register_t;'
seL4,../repos/seL4/include/arch/x86/arch/32/mode/kernel/elf.h,"(14, 1)-(29, 32)",b'typedef struct Elf32_Header {\n    unsigned ch...'
seL4,../repos/seL4/include/arch/x86/arch/32/mode/kernel/elf.h,"(32, 1)-(41, 28)",b'typedef struct Elf32_Phdr {\n    uint32_t     ...'
seL4,../repos/seL4/include/arch/x86/arch/smp/ipi.h,"(11, 1)-(23, 19)","b'typedef enum {\n    IpiRemoteCall_Stall,\n#ifde...'"
seL4,../repos/seL4/include/arch/x86/arch/machine.h,"(211, 1)-(214, 22)",b'typedef struct _x86_cpu_identity {\n    uint8_...'
seL4,../repos/seL4/include/arch/x86/arch/machine.h,"(216, 1)-(225, 18)",b'typedef struct _cpu_identity {\n    enum x86_v...'
seL4,../repos/seL4/include/arch/x86/arch/types.h,"(13, 1)-(13, 30)",b'typedef unsigned long word_t;'
seL4,../repos/seL4/include/arch/x86/arch/types.h,"(14, 1)-(14, 29)",b'typedef signed long sword_t;'
seL4,../repos/seL4/include/arch/x86/arch/types.h,"(18, 1)-(18, 23)",b'typedef word_t vptr_t;'
seL4,../repos/seL4/include/arch/x86/arch/types.h,"(19, 1)-(19, 24)",b'typedef word_t paddr_t;'
seL4,../repos/seL4/include/arch/x86/arch/types.h,"(20, 1)-(20, 23)",b'typedef word_t pptr_t;'
seL4,../repos/seL4/include/arch/x86/arch/types.h,"(21, 1)-(21, 23)",b'typedef word_t cptr_t;'
seL4,../repos/seL4/include/arch/x86/arch/types.h,"(22, 1)-(22, 25)",b'typedef word_t dev_id_t;'
seL4,../repos/seL4/include/arch/x86/arch/types.h,"(23, 1)-(23, 25)",b'typedef word_t cpu_id_t;'
seL4,../repos/seL4/include/arch/x86/arch/types.h,"(24, 1)-(24, 31)",b'typedef uint32_t logical_id_t;'
seL4,../repos/seL4/include/arch/x86/arch/types.h,"(25, 1)-(25, 26)",b'typedef word_t node_id_t;'
seL4,../repos/seL4/include/arch/x86/arch/types.h,"(26, 1)-(26, 22)",b'typedef word_t dom_t;'
seL4,../repos/seL4/include/arch/x86/arch/types.h,"(28, 1)-(28, 30)",b'typedef uint64_t timestamp_t;'
seL4,../repos/seL4/include/arch/x86/arch/object/vcpu.h,"(230, 1)-(230, 25)",b'typedef uint16_t vpid_t;'
seL4,../repos/seL4/include/arch/x86/arch/object/vcpu.h,"(277, 1)-(277, 50)",b'typedef enum vcpu_gp_register vcpu_gp_register_t;'
seL4,../repos/seL4/include/arch/x86/arch/object/vcpu.h,"(348, 1)-(348, 28)",b'typedef struct vcpu vcpu_t;'
seL4,../repos/seL4/include/arch/x86/arch/object/structures.h,"(30, 1)-(37, 14)",b'typedef struct arch_tcb {\n    user_context_t ...'
seL4,../repos/seL4/include/arch/x86/arch/object/structures.h,"(125, 1)-(125, 54)",b'typedef struct rdmsr_safe_result rdmsr_safe_r...'
seL4,../repos/seL4/include/arch/x86/arch/object/structures.h,"(128, 1)-(131, 41)",b'typedef struct gdt_idt_ptr {\n    uint16_t lim...'
seL4,../repos/seL4/include/arch/x86/arch/object/structures.h,"(138, 1)-(138, 28)",b'typedef word_t vm_rights_t;'
seL4,../repos/seL4/include/arch/x86/arch/object/iospace.h,"(34, 1)-(34, 56)",b'typedef struct lookupIOPTSlot_ret lookupIOPTS...'
seL4,../repos/seL4/include/arch/x86/arch/api/types.h,"(22, 1)-(22, 23)",b'typedef word_t asid_t;'
seL4,../repos/seL4/include/arch/x86/arch/64/mode/model/smp.h,"(13, 1)-(29, 14)",b'typedef struct nodeInfo {\n    void *stackTop;...'
seL4,../repos/seL4/include/arch/x86/arch/64/mode/smp/ipi.h,"(16, 1)-(20, 23)",b'typedef enum {\n    IpiRemoteCall_InvalidatePC...'
seL4,../repos/seL4/include/arch/x86/arch/64/mode/machine.h,"(150, 1)-(153, 18)",b'typedef struct invpcid_desc {\n    uint64_t   ...'
seL4,../repos/seL4/include/arch/x86/arch/64/mode/object/structures.h,"(59, 1)-(59, 31)",b'typedef pml4e_t vspace_root_t;'
seL4,../repos/seL4/include/arch/x86/arch/64/mode/object/structures.h,"(103, 1)-(103, 38)",b'typedef struct asid_pool asid_pool_t;'
seL4,../repos/seL4/include/arch/x86/arch/64/mode/machine/registerset.h,"(75, 1)-(75, 29)",b'typedef uint32_t register_t;'
seL4,../repos/seL4/include/arch/x86/arch/64/mode/kernel/vspace.h,"(15, 1)-(15, 56)",b'typedef struct lookupPDPTSlot_ret lookupPDPTS...'
seL4,../repos/seL4/include/arch/x86/arch/64/mode/kernel/elf.h,"(12, 1)-(27, 32)",b'typedef struct Elf64_Header {\n    unsigned ch...'
seL4,../repos/seL4/include/arch/x86/arch/64/mode/kernel/elf.h,"(29, 1)-(38, 28)",b'typedef struct Elf64_Phdr {\n    uint32_t     ...'
seL4,../repos/seL4/include/arch/x86/arch/machine/hardware.h,"(25, 1)-(25, 32)",b'typedef word_t vm_fault_type_t;'
seL4,../repos/seL4/include/arch/x86/arch/machine/hardware.h,"(32, 1)-(32, 31)",b'typedef word_t vm_page_size_t;'
seL4,../repos/seL4/include/arch/x86/arch/machine/hardware.h,"(50, 1)-(50, 35)",b'typedef word_t vm_page_map_type_t;'
seL4,../repos/seL4/include/arch/x86/arch/machine/registerset.h,"(53, 1)-(53, 57)",b'typedef struct user_debug_state user_breakpoi...'
seL4,../repos/seL4/include/arch/x86/arch/machine/registerset.h,"(60, 1)-(60, 48)",b'typedef struct user_fpu_state user_fpu_state_t;'
seL4,../repos/seL4/include/arch/x86/arch/machine/registerset.h,"(74, 1)-(74, 44)",b'typedef struct user_context user_context_t;'
seL4,../repos/seL4/include/arch/x86/arch/machine/fpu.h,"(20, 1)-(31, 23)",b'typedef struct i387_state {\n    uint16_t cwd;...'
seL4,../repos/seL4/include/arch/x86/arch/machine/fpu.h,"(34, 1)-(41, 24)",b'typedef struct xsave_state {\n    i387_state_t...'
seL4,../repos/seL4/include/arch/x86/arch/kernel/vspace.h,"(22, 1)-(22, 52)",b'typedef struct lookupPTSlot_ret lookupPTSlot_...'
seL4,../repos/seL4/include/arch/x86/arch/kernel/vspace.h,"(28, 1)-(28, 52)",b'typedef struct lookupPDSlot_ret lookupPDSlot_...'
seL4,../repos/seL4/include/arch/x86/arch/kernel/vspace.h,"(34, 1)-(34, 62)",b'typedef struct findVSpaceForASID_ret findVSpa...'
seL4,../repos/seL4/include/arch/x86/arch/kernel/x2apic.h,"(15, 1)-(37, 14)",b'typedef enum _apic_reg_t {\n    APIC_ID       ...'
seL4,../repos/seL4/include/arch/x86/arch/kernel/ept.h,"(19, 1)-(19, 54)",b'typedef struct EPTPDPTMapped_ret EPTPDPTMappe...'
seL4,../repos/seL4/include/arch/x86/arch/kernel/ept.h,"(26, 1)-(26, 72)",b'typedef struct EPTPageDirectoryMapped_ret EPT...'
seL4,../repos/seL4/include/arch/x86/arch/kernel/ept.h,"(33, 1)-(33, 64)",b'typedef struct EPTPageTableMapped_ret EPTPage...'
seL4,../repos/seL4/include/arch/x86/arch/kernel/ept.h,"(39, 1)-(39, 56)",b'typedef struct findEPTForASID_ret findEPTForA...'
seL4,../repos/seL4/include/arch/x86/arch/kernel/multiboot2.h,"(13, 1)-(16, 30)",b'typedef struct multiboot2_header {\n    uint32...'
seL4,../repos/seL4/include/arch/x86/arch/kernel/multiboot2.h,"(18, 1)-(21, 27)",b'typedef struct multiboot2_tag {\n    uint32_t ...'
seL4,../repos/seL4/include/arch/x86/arch/kernel/multiboot2.h,"(23, 1)-(28, 30)",b'typedef struct multiboot2_memory {\n    uint64...'
seL4,../repos/seL4/include/arch/x86/arch/kernel/multiboot2.h,"(30, 1)-(34, 30)",b'typedef struct multiboot2_module {\n    uint32...'
seL4,../repos/seL4/include/arch/x86/arch/kernel/multiboot2.h,"(36, 1)-(43, 26)",b'typedef struct multiboot2_fb {\n    uint64_t a...'
seL4,../repos/seL4/include/arch/x86/arch/kernel/boot_sys.h,"(13, 1)-(32, 16)",b'typedef struct boot_state {\n    p_region_t   ...'
seL4,../repos/seL4/include/arch/x86/arch/kernel/boot.h,"(15, 1)-(18, 16)",b'typedef struct mem_p_regs {\n    word_t count;...'
seL4,../repos/seL4/include/arch/x86/arch/kernel/boot.h,"(20, 1)-(24, 13)",b'typedef struct ui_info {\n    p_region_t p_reg...'
seL4,../repos/seL4/include/arch/x86/arch/kernel/cmdline.h,"(9, 1)-(17, 17)",b'typedef struct cmdline_opt {\n#ifdef CONFIG_PR...'
seL4,../repos/seL4/include/arch/x86/arch/kernel/xapic.h,"(13, 1)-(38, 14)",b'typedef enum _apic_reg_t {\n    APIC_ID       ...'
seL4,../repos/seL4/include/arch/x86/arch/kernel/multiboot.h,"(16, 1)-(21, 29)",b'typedef struct multiboot_module {\n    uint32_...'
seL4,../repos/seL4/include/arch/x86/arch/kernel/multiboot.h,"(23, 1)-(28, 27)",b'typedef struct multiboot_mmap {\n    uint32_t ...'
seL4,../repos/seL4/include/arch/x86/arch/kernel/multiboot.h,"(30, 1)-(60, 27)",b'typedef struct multiboot_info {\n    /* struct...'
seL4,../repos/seL4/include/arch/arm/arch/32/mode/smp/ipi.h,"(16, 1)-(19, 23)",b'typedef enum {\n    /* placeholder for 32-bit ...'
seL4,../repos/seL4/include/arch/arm/arch/32/mode/types.h,"(16, 1)-(16, 30)",b'typedef uint32_t timestamp_t;'
seL4,../repos/seL4/include/arch/arm/arch/32/mode/object/structures.h,"(19, 1)-(27, 14)",b'typedef struct arch_tcb {\n    /* saved user-l...'
seL4,../repos/seL4/include/arch/arm/arch/32/mode/object/structures.h,"(35, 1)-(35, 28)",b'typedef word_t vm_rights_t;'
seL4,../repos/seL4/include/arch/arm/arch/32/mode/object/structures.h,"(37, 1)-(37, 29)",b'typedef pde_t vspace_root_t;'
seL4,../repos/seL4/include/arch/arm/arch/32/mode/object/structures.h,"(69, 1)-(69, 27)",b'typedef word_t pde_type_t;'
seL4,../repos/seL4/include/arch/arm/arch/32/mode/object/structures.h,"(95, 1)-(95, 38)",b'typedef struct asid_pool asid_pool_t;'
seL4,../repos/seL4/include/arch/arm/arch/32/mode/machine/hardware.h,"(103, 1)-(103, 31)",b'typedef word_t vm_page_size_t;'
seL4,../repos/seL4/include/arch/arm/arch/32/mode/machine/registerset.h,"(119, 1)-(119, 27)",b'typedef word_t register_t;'
seL4,../repos/seL4/include/arch/arm/arch/32/mode/machine/registerset.h,"(181, 1)-(183, 25)",b'typedef struct debug_register_pair {\n    word...'
seL4,../repos/seL4/include/arch/arm/arch/32/mode/machine/registerset.h,"(196, 1)-(204, 27)",b'typedef struct user_breakpoint_state {\n    /*...'
seL4,../repos/seL4/include/arch/arm/arch/32/mode/machine/registerset.h,"(208, 1)-(212, 20)",b'typedef struct user_fpu_state {\n    uint64_t ...'
seL4,../repos/seL4/include/arch/arm/arch/32/mode/machine/registerset.h,"(232, 1)-(232, 44)",b'typedef struct user_context user_context_t;'
seL4,../repos/seL4/include/arch/arm/arch/32/mode/machine/debug.h,"(31, 1)-(31, 58)",b'typedef void (*break_handler_t)(user_context_...'
seL4,../repos/seL4/include/arch/arm/arch/32/mode/machine/debug.h,"(48, 1)-(48, 27)",b'typedef uint32_t vector_t;'
seL4,../repos/seL4/include/arch/arm/arch/32/mode/machine/debug.h,"(50, 1)-(50, 75)",b'typedef void (*catch_handler_t)(user_context_...'
seL4,../repos/seL4/include/arch/arm/arch/32/mode/kernel/vspace.h,"(21, 1)-(21, 30)",b'typedef word_t pde_pte_tag_t;'
seL4,../repos/seL4/include/arch/arm/arch/32/mode/kernel/vspace.h,"(30, 1)-(30, 68)",b'typedef struct createMappingEntries_ret creat...'
seL4,../repos/seL4/include/arch/arm/arch/32/mode/kernel/vspace.h,"(36, 1)-(36, 54)",b'typedef struct findPDForASID_ret findPDForASI...'
seL4,../repos/seL4/include/arch/arm/arch/32/mode/kernel/vspace.h,"(42, 1)-(42, 52)",b'typedef struct lookupPTSlot_ret lookupPTSlot_...'
seL4,../repos/seL4/include/arch/arm/arch/smp/ipi.h,"(12, 1)-(24, 19)","b'typedef enum {\n    IpiRemoteCall_Stall,\n    I...'"
seL4,../repos/seL4/include/arch/arm/arch/types.h,"(13, 1)-(13, 30)",b'typedef unsigned long word_t;'
seL4,../repos/seL4/include/arch/arm/arch/types.h,"(14, 1)-(14, 29)",b'typedef signed long sword_t;'
seL4,../repos/seL4/include/arch/arm/arch/types.h,"(18, 1)-(18, 23)",b'typedef word_t vptr_t;'
seL4,../repos/seL4/include/arch/arm/arch/types.h,"(19, 1)-(19, 24)",b'typedef word_t paddr_t;'
seL4,../repos/seL4/include/arch/arm/arch/types.h,"(20, 1)-(20, 23)",b'typedef word_t pptr_t;'
seL4,../repos/seL4/include/arch/arm/arch/types.h,"(21, 1)-(21, 23)",b'typedef word_t cptr_t;'
seL4,../repos/seL4/include/arch/arm/arch/types.h,"(22, 1)-(22, 26)",b'typedef word_t node_id_t;'
seL4,../repos/seL4/include/arch/arm/arch/types.h,"(23, 1)-(23, 25)",b'typedef word_t cpu_id_t;'
seL4,../repos/seL4/include/arch/arm/arch/types.h,"(24, 1)-(24, 22)",b'typedef word_t dom_t;'
seL4,../repos/seL4/include/arch/arm/arch/types.h,"(26, 1)-(26, 28)",b'typedef uint8_t  hw_asid_t;'
seL4,../repos/seL4/include/arch/arm/arch/types.h,"(33, 1)-(38, 18)",b'typedef struct kernel_frame {\n    paddr_t pad...'
seL4,../repos/seL4/include/arch/arm/arch/object/vcpu.h,"(72, 1)-(72, 31)",b'typedef word_t VPPIEventIRQ_t;'
seL4,../repos/seL4/include/arch/arm/arch/object/vcpu.h,"(89, 1)-(89, 28)",b'typedef struct vcpu vcpu_t;'
seL4,../repos/seL4/include/arch/arm/arch/api/types.h,"(21, 1)-(21, 23)",b'typedef word_t asid_t;'
seL4,../repos/seL4/include/arch/arm/arch/64/mode/smp/ipi.h,"(15, 1)-(18, 23)",b'typedef enum {\n    /* placeholder for 64-bit ...'
seL4,../repos/seL4/include/arch/arm/arch/64/mode/types.h,"(16, 1)-(16, 30)",b'typedef uint64_t timestamp_t;'
seL4,../repos/seL4/include/arch/arm/arch/64/mode/object/structures.h,"(19, 1)-(24, 14)",b'typedef struct arch_tcb {\n    user_context_t ...'
seL4,../repos/seL4/include/arch/arm/arch/64/mode/object/structures.h,"(31, 1)-(31, 28)",b'typedef word_t vm_rights_t;'
seL4,../repos/seL4/include/arch/arm/arch/64/mode/object/structures.h,"(42, 1)-(42, 29)",b'typedef pte_t vspace_root_t;'
seL4,../repos/seL4/include/arch/arm/arch/64/mode/object/structures.h,"(45, 1)-(45, 29)",b'typedef pte_t vspace_root_t;'
seL4,../repos/seL4/include/arch/arm/arch/64/mode/object/structures.h,"(64, 1)-(64, 38)",b'typedef struct asid_pool asid_pool_t;'
seL4,../repos/seL4/include/arch/arm/arch/64/mode/object/structures.h,"(69, 1)-(69, 21)",b'typedef pte_t pde_t;'
seL4,../repos/seL4/include/arch/arm/arch/64/mode/machine/hardware.h,"(69, 1)-(69, 31)",b'typedef word_t vm_page_size_t;'
seL4,../repos/seL4/include/arch/arm/arch/64/mode/machine/registerset.h,"(157, 1)-(157, 27)",b'typedef word_t register_t;'
seL4,../repos/seL4/include/arch/arm/arch/64/mode/machine/registerset.h,"(236, 1)-(240, 20)",b'typedef struct user_fpu_state {\n    uint64_t ...'
seL4,../repos/seL4/include/arch/arm/arch/64/mode/machine/registerset.h,"(257, 1)-(257, 44)",b'typedef struct user_context user_context_t;'
seL4,../repos/seL4/include/arch/arm/arch/machine/hardware.h,"(17, 1)-(17, 32)",b'typedef word_t vm_fault_type_t;'
seL4,../repos/seL4/include/basic_types.h,"(47, 1)-(47, 23)",b'typedef word_t bool_t;'
seL4,../repos/seL4/include/basic_types.h,"(56, 1)-(59, 12)",b'typedef struct region {\n    pptr_t start; /* ...'
seL4,../repos/seL4/include/basic_types.h,"(62, 1)-(65, 14)",b'typedef struct p_region {\n    paddr_t start; ...'
seL4,../repos/seL4/include/basic_types.h,"(68, 1)-(71, 14)",b'typedef struct v_region {\n    vptr_t start; /...'
seL4,../repos/seL4/include/basic_types.h,"(78, 1)-(78, 46)",b'typedef word_t __attribute__((__may_alias__))'
seL4,../repos/seL4/include/basic_types.h,"(81, 1)-(81, 28)",b'typedef uint8_t seL4_Uint8;'
seL4,../repos/seL4/include/basic_types.h,"(82, 1)-(82, 30)",b'typedef uint16_t seL4_Uint16;'
seL4,../repos/seL4/include/basic_types.h,"(83, 1)-(83, 30)",b'typedef uint32_t seL4_Uint32;'
seL4,../repos/seL4/include/basic_types.h,"(84, 1)-(84, 26)",b'typedef word_t seL4_Word;'
seL4,../repos/seL4/include/basic_types.h,"(85, 1)-(85, 26)",b'typedef cptr_t seL4_CPtr;'
seL4,../repos/seL4/include/basic_types.h,"(86, 1)-(86, 31)",b'typedef node_id_t seL4_NodeId;'
seL4,../repos/seL4/include/basic_types.h,"(87, 1)-(87, 28)",b'typedef paddr_t seL4_PAddr;'
seL4,../repos/seL4/include/basic_types.h,"(88, 1)-(88, 27)",b'typedef dom_t seL4_Domain;'
seL4,../repos/seL4/include/kernel/cspace.h,"(18, 1)-(18, 46)",b'typedef struct lookupCap_ret lookupCap_ret_t;'
seL4,../repos/seL4/include/kernel/cspace.h,"(25, 1)-(25, 60)",b'typedef struct lookupCapAndSlot_ret lookupCap...'
seL4,../repos/seL4/include/kernel/cspace.h,"(31, 1)-(31, 56)",b'typedef struct lookupSlot_raw_ret lookupSlot_...'
seL4,../repos/seL4/include/kernel/cspace.h,"(37, 1)-(37, 48)",b'typedef struct lookupSlot_ret lookupSlot_ret_t;'
seL4,../repos/seL4/include/kernel/cspace.h,"(44, 1)-(44, 64)",b'typedef struct resolveAddressBits_ret resolve...'
seL4,../repos/seL4/include/kernel/boot.h,"(18, 1)-(18, 23)",b'typedef cte_t  slot_t;'
seL4,../repos/seL4/include/kernel/boot.h,"(19, 1)-(19, 27)",b'typedef cte_t *slot_ptr_t;'
seL4,../repos/seL4/include/kernel/boot.h,"(25, 1)-(31, 15)",b'typedef struct ndks_boot {\n    p_region_t res...'
seL4,../repos/seL4/include/kernel/boot.h,"(68, 1)-(71, 33)",b'typedef struct create_frames_of_region_ret {\n...'
seL4,../repos/seL4/include/kernel/boot.h,"(103, 1)-(115, 20)",b'typedef struct {\n    pptr_t cnode;\n    pptr_t...'
