Repo name,File name,Location,Content
seL4,../repos/seL4/libsel4/include/sel4/benchmark_track_types.h,"(39, 5)-(51, 6)",b'{\n    seL4_Word path: 3;\n    union {\n        ...'
seL4,../repos/seL4/libsel4/include/sel4/deprecated.h,"(35, 9)-(43, 2)",b'typedef union {\n    struct {\n        seL4_Wor...'
seL4,../repos/seL4/libsel4/sel4_arch_include/ia32/sel4/sel4_arch/deprecated.h,"(40, 9)-(49, 2)",b'typedef union {\n    struct {\n        seL4_Wor...'
seL4,../repos/seL4/libsel4/sel4_arch_include/ia32/sel4/sel4_arch/deprecated.h,"(51, 9)-(66, 2)",b'typedef union {\n    struct {\n        seL4_Wor...'
seL4,../repos/seL4/src/machine/io.c,"(180, 1)-(184, 2)",b'#ifdef CONFIG_PRINTING\n\n#include <stdarg.h>\n#...'
seL4,../repos/seL4/src/machine/io.c,"(186, 21)-(186, 30)",b'union arg *arg'
seL4,../repos/seL4/src/machine/io.c,"(316, 69)-(316, 78)",b'union arg *nl_arg'
seL4,../repos/seL4/src/machine/io.c,"(321, 5)-(321, 14)",b'union arg arg;'
seL4,../repos/seL4/src/machine/io.c,"(593, 5)-(593, 14)",b'union arg nl_arg[NL_ARGMAX + 1];'
