Repo name,File name,Location,Content
duckdb-main,../repos/duckdb-main/src/catalog/catalog.cpp,"(436, 80)-(436, 88)","b'Catalog::TryAutoLoad(ClientContext &context, ...'"
duckdb-main,../repos/duckdb-main/src/common/adbc/driver_manager.cpp,"(110, 52)-(110, 60)",b'operator=(ManagedLibrary &&other) noexcept'
duckdb-main,../repos/duckdb-main/src/common/allocator.cpp,"(42, 53)-(42, 61)",b'AllocatedData::AllocatedData(AllocatedData &&...'
duckdb-main,../repos/duckdb-main/src/common/allocator.cpp,"(48, 64)-(48, 72)",b'AllocatedData::operator=(AllocatedData &&othe...'
duckdb-main,../repos/duckdb-main/src/common/exception.cpp,"(26, 37)-(26, 45)",b'Exception::what() const noexcept'
duckdb-main,../repos/duckdb-main/src/common/types/hash.cpp,"(86, 41)-(86, 49)","b'HashBytes(void *ptr, size_t len) noexcept'"
duckdb-main,../repos/duckdb-main/src/common/types/row/tuple_data_allocator.cpp,"(15, 56)-(15, 64)",b'TupleDataBlock::TupleDataBlock(TupleDataBlock...'
duckdb-main,../repos/duckdb-main/src/common/types/row/tuple_data_allocator.cpp,"(21, 67)-(21, 75)",b'TupleDataBlock::operator=(TupleDataBlock &&ot...'
duckdb-main,../repos/duckdb-main/src/common/types/row/tuple_data_segment.cpp,"(21, 68)-(21, 76)",b'TupleDataChunkPart::TupleDataChunkPart(TupleD...'
duckdb-main,../repos/duckdb-main/src/common/types/row/tuple_data_segment.cpp,"(25, 79)-(25, 87)",b'TupleDataChunkPart::operator=(TupleDataChunkP...'
duckdb-main,../repos/duckdb-main/src/common/types/row/tuple_data_segment.cpp,"(34, 77)-(34, 85)","b'SwapTupleDataChunk(TupleDataChunk &a, TupleDa...'"
duckdb-main,../repos/duckdb-main/src/common/types/row/tuple_data_segment.cpp,"(42, 56)-(42, 64)",b'TupleDataChunk::TupleDataChunk(TupleDataChunk...'
duckdb-main,../repos/duckdb-main/src/common/types/row/tuple_data_segment.cpp,"(46, 67)-(46, 75)",b'TupleDataChunk::operator=(TupleDataChunk &&ot...'
duckdb-main,../repos/duckdb-main/src/common/types/row/tuple_data_segment.cpp,"(123, 62)-(123, 70)",b'TupleDataSegment::TupleDataSegment(TupleDataS...'
duckdb-main,../repos/duckdb-main/src/common/types/row/tuple_data_segment.cpp,"(127, 73)-(127, 81)",b'TupleDataSegment::operator=(TupleDataSegment ...'
duckdb-main,../repos/duckdb-main/src/common/types/value.cpp,"(171, 29)-(171, 37)",b'Value::Value(Value &&other) noexcept'
duckdb-main,../repos/duckdb-main/src/common/types/value.cpp,"(187, 40)-(187, 48)",b'Value::operator=(Value &&other) noexcept'
duckdb-main,../repos/duckdb-main/src/common/types/vector.cpp,"(67, 32)-(67, 40)",b'Vector::Vector(Vector &&other) noexcept'
duckdb-main,../repos/duckdb-main/src/common/types.cpp,"(51, 47)-(51, 55)",b'LogicalType::LogicalType(LogicalType &&other)...'
duckdb-main,../repos/duckdb-main/src/include/duckdb/catalog/catalog.hpp,"(310, 91)-(310, 99)","b'TryAutoLoad(ClientContext &context, const str...'"
duckdb-main,../repos/duckdb-main/src/include/duckdb/common/allocator.hpp,"(56, 50)-(56, 58)",b'AllocatedData(AllocatedData &&other) noexcept'
duckdb-main,../repos/duckdb-main/src/include/duckdb/common/allocator.hpp,"(57, 56)-(57, 64)",b'operator=(AllocatedData &&) noexcept'
duckdb-main,../repos/duckdb-main/src/include/duckdb/common/allocator.hpp,"(88, 46)-(88, 54)",b'operator=(Allocator &&allocator) noexcept'
duckdb-main,../repos/duckdb-main/src/include/duckdb/common/arrow/arrow_buffer.hpp,"(35, 35)-(35, 43)",b'ArrowBuffer(ArrowBuffer &&other) noexcept'
duckdb-main,../repos/duckdb-main/src/include/duckdb/common/arrow/arrow_buffer.hpp,"(40, 46)-(40, 54)",b'operator=(ArrowBuffer &&other) noexcept'
duckdb-main,../repos/duckdb-main/src/include/duckdb/common/exception.hpp,"(96, 38)-(96, 46)",b'what() const noexcept override'
duckdb-main,../repos/duckdb-main/src/include/duckdb/common/helper.hpp,"(134, 55)-(134, 63)",b'move(T&& t) noexcept'
duckdb-main,../repos/duckdb-main/src/include/duckdb/common/stack_checker.hpp,"(23, 37)-(23, 45)",b'StackChecker(StackChecker &&other) noexcept'
duckdb-main,../repos/duckdb-main/src/include/duckdb/common/types/row/tuple_data_allocator.hpp,"(29, 41)-(29, 49)",b'TupleDataBlock(TupleDataBlock &&other) noexcept'
duckdb-main,../repos/duckdb-main/src/include/duckdb/common/types/row/tuple_data_allocator.hpp,"(30, 47)-(30, 55)",b'operator=(TupleDataBlock &&) noexcept'
duckdb-main,../repos/duckdb-main/src/include/duckdb/common/types/row/tuple_data_segment.hpp,"(32, 49)-(32, 57)",b'TupleDataChunkPart(TupleDataChunkPart &&other...'
duckdb-main,../repos/duckdb-main/src/include/duckdb/common/types/row/tuple_data_segment.hpp,"(33, 55)-(33, 63)",b'operator=(TupleDataChunkPart &&) noexcept'
duckdb-main,../repos/duckdb-main/src/include/duckdb/common/types/row/tuple_data_segment.hpp,"(62, 41)-(62, 49)",b'TupleDataChunk(TupleDataChunk &&other) noexcept'
duckdb-main,../repos/duckdb-main/src/include/duckdb/common/types/row/tuple_data_segment.hpp,"(63, 47)-(63, 55)",b'operator=(TupleDataChunk &&) noexcept'
duckdb-main,../repos/duckdb-main/src/include/duckdb/common/types/row/tuple_data_segment.hpp,"(96, 45)-(96, 53)",b'TupleDataSegment(TupleDataSegment &&other) no...'
duckdb-main,../repos/duckdb-main/src/include/duckdb/common/types/row/tuple_data_segment.hpp,"(97, 51)-(97, 59)",b'operator=(TupleDataSegment &&) noexcept'
duckdb-main,../repos/duckdb-main/src/include/duckdb/common/types/value.hpp,"(58, 34)-(58, 42)",b'Value(Value &&other) noexcept'
duckdb-main,../repos/duckdb-main/src/include/duckdb/common/types/value.hpp,"(65, 45)-(65, 53)",b'operator=(Value &&other) noexcept'
duckdb-main,../repos/duckdb-main/src/include/duckdb/common/types/vector.hpp,"(99, 36)-(99, 44)",b'Vector(Vector &&other) noexcept'
duckdb-main,../repos/duckdb-main/src/include/duckdb/common/types.hpp,"(244, 46)-(244, 54)",b'LogicalType(LogicalType &&other) noexcept'
duckdb-main,../repos/duckdb-main/src/include/duckdb/common/types.hpp,"(275, 53)-(275, 61)",b'operator=(LogicalType &&other) noexcept'
duckdb-main,../repos/duckdb-main/src/include/duckdb/common/unique_ptr.hpp,"(51, 71)-(51, 79)",b'reset(typename original::pointer ptr = typena...'
duckdb-main,../repos/duckdb-main/src/include/duckdb/common/vector.hpp,"(46, 10)-(46, 18)",b'clear() noexcept'
duckdb-main,../repos/duckdb-main/src/include/duckdb/execution/operator/csv_scanner/state_machine/csv_state_machine_cache.hpp,"(37, 64)-(37, 72)",b'operator()(CSVStateMachineOptions const &conf...'
duckdb-main,../repos/duckdb-main/src/include/duckdb/main/connection.hpp,"(47, 44)-(47, 52)",b'Connection(Connection &&other) noexcept'
duckdb-main,../repos/duckdb-main/src/include/duckdb/main/connection.hpp,"(48, 50)-(48, 58)",b'operator=(Connection &&) noexcept'
duckdb-main,../repos/duckdb-main/src/include/duckdb/main/extension_helper.hpp,"(54, 100)-(54, 108)","b'TryAutoLoadExtension(ClientContext &context, ...'"
duckdb-main,../repos/duckdb-main/src/include/duckdb/storage/buffer/block_handle.hpp,"(33, 50)-(33, 58)",b'BufferPoolReservation(BufferPoolReservation &...'
duckdb-main,../repos/duckdb-main/src/include/duckdb/storage/buffer/block_handle.hpp,"(34, 61)-(34, 69)",b'operator=(BufferPoolReservation &&) noexcept'
duckdb-main,../repos/duckdb-main/src/include/duckdb/storage/buffer/buffer_handle.hpp,"(27, 48)-(27, 56)",b'BufferHandle(BufferHandle &&other) noexcept'
duckdb-main,../repos/duckdb-main/src/include/duckdb/storage/buffer/buffer_handle.hpp,"(28, 54)-(28, 62)",b'operator=(BufferHandle &&) noexcept'
duckdb-main,../repos/duckdb-main/src/include/duckdb/storage/statistics/base_statistics.hpp,"(51, 52)-(51, 60)",b'BaseStatistics(BaseStatistics &&other) noexcept'
duckdb-main,../repos/duckdb-main/src/include/duckdb/storage/statistics/base_statistics.hpp,"(52, 58)-(52, 66)",b'operator=(BaseStatistics &&) noexcept'
duckdb-main,../repos/duckdb-main/src/include/duckdb/storage/table/segment_lock.hpp,"(26, 35)-(26, 43)",b'SegmentLock(SegmentLock &&other) noexcept'
duckdb-main,../repos/duckdb-main/src/include/duckdb/storage/table/segment_lock.hpp,"(29, 46)-(29, 54)",b'operator=(SegmentLock &&other) noexcept'
duckdb-main,../repos/duckdb-main/src/include/duckdb/transaction/duck_transaction.hpp,"(42, 80)-(42, 88)","b'Commit(AttachedDatabase &db, transaction_t co...'"
duckdb-main,../repos/duckdb-main/src/include/duckdb/transaction/duck_transaction.hpp,"(47, 18)-(47, 26)",b'Rollback() noexcept'
duckdb-main,../repos/duckdb-main/src/include/duckdb/transaction/duck_transaction_manager.hpp,"(51, 55)-(51, 63)",b'RemoveTransaction(DuckTransaction &transactio...'
duckdb-main,../repos/duckdb-main/src/include/duckdb/transaction/local_storage.hpp,"(139, 21)-(139, 29)",b'ChangesMade() noexcept'
duckdb-main,../repos/duckdb-main/src/include/duckdb/transaction/undo_buffer.hpp,"(48, 18)-(48, 26)",b'Rollback() noexcept'
duckdb-main,../repos/duckdb-main/src/include/duckdb/verification/statement_verifier.hpp,"(35, 31)-(35, 39)",b'~StatementVerifier() noexcept'
duckdb-main,../repos/duckdb-main/src/main/connection.cpp,"(32, 44)-(32, 52)",b'Connection::Connection(Connection &&other) no...'
duckdb-main,../repos/duckdb-main/src/main/connection.cpp,"(37, 55)-(37, 63)",b'Connection::operator=(Connection &&other) noexcept'
duckdb-main,../repos/duckdb-main/src/main/extension/extension_helper.cpp,"(199, 98)-(199, 106)",b'ExtensionHelper::TryAutoLoadExtension(ClientC...'
duckdb-main,../repos/duckdb-main/src/storage/buffer/buffer_handle.cpp,"(14, 50)-(14, 58)",b'BufferHandle::BufferHandle(BufferHandle &&oth...'
duckdb-main,../repos/duckdb-main/src/storage/buffer/buffer_handle.cpp,"(19, 61)-(19, 69)",b'BufferHandle::operator=(BufferHandle &&other)...'
duckdb-main,../repos/duckdb-main/src/storage/buffer/buffer_pool_reservation.cpp,"(9, 75)-(9, 83)",b'BufferPoolReservation::BufferPoolReservation(...'
duckdb-main,../repos/duckdb-main/src/storage/buffer/buffer_pool_reservation.cpp,"(14, 86)-(14, 94)",b'BufferPoolReservation::operator=(BufferPoolRe...'
duckdb-main,../repos/duckdb-main/src/storage/local_storage.cpp,"(406, 34)-(406, 42)",b'LocalStorage::ChangesMade() noexcept'
duckdb-main,../repos/duckdb-main/src/storage/statistics/base_statistics.cpp,"(42, 56)-(42, 64)",b'BaseStatistics::BaseStatistics(BaseStatistics...'
duckdb-main,../repos/duckdb-main/src/storage/statistics/base_statistics.cpp,"(51, 67)-(51, 75)",b'BaseStatistics::operator=(BaseStatistics &&ot...'
duckdb-main,../repos/duckdb-main/src/transaction/duck_transaction.cpp,"(114, 96)-(114, 104)","b'DuckTransaction::Commit(AttachedDatabase &db,...'"
duckdb-main,../repos/duckdb-main/src/transaction/duck_transaction.cpp,"(152, 34)-(152, 42)",b'DuckTransaction::Rollback() noexcept'
duckdb-main,../repos/duckdb-main/src/transaction/duck_transaction_manager.cpp,"(225, 78)-(225, 86)",b'DuckTransactionManager::RemoveTransaction(Duc...'
duckdb-main,../repos/duckdb-main/src/transaction/undo_buffer.cpp,"(169, 29)-(169, 37)",b'UndoBuffer::Rollback() noexcept'
duckdb-main,../repos/duckdb-main/src/verification/statement_verifier.cpp,"(26, 41)-(26, 49)",b'StatementVerifier::~StatementVerifier() noexcept'
