Repo name,File name,Location,Content
duckdb-main,../repos/duckdb-main/src/catalog/catalog.cpp,"(450, 10)-(450, 15)",b'catch (...) {\n\t\treturn false;\n\t}'
duckdb-main,../repos/duckdb-main/src/common/adbc/adbc.cpp,"(610, 10)-(610, 15)",b'catch (...) {\n\t\treturn ADBC_STATUS_INTERNAL;\n\t}'
duckdb-main,../repos/duckdb-main/src/common/adbc/adbc.cpp,"(717, 10)-(717, 15)",b'catch (...) {\n\t\treturn ADBC_STATUS_INTERNAL;\n\t}'
duckdb-main,../repos/duckdb-main/src/common/gzip_file_system.cpp,"(94, 10)-(94, 15)",b'catch (...) {\n\t}'
duckdb-main,../repos/duckdb-main/src/common/radix_partitioning.cpp,"(29, 28)-(29, 63)","b'RadixBitsSwitch(idx_t radix_bits, ARGS &&... args)'"
duckdb-main,../repos/duckdb-main/src/execution/expression_executor.cpp,"(130, 10)-(130, 15)",b'catch (...) {\n\t\treturn false;\n\t}'
duckdb-main,../repos/duckdb-main/src/include/duckdb/common/allocator.hpp,"(140, 18)-(140, 35)",b'AllocateObject(ARGS &&... args)'
duckdb-main,../repos/duckdb-main/src/include/duckdb/common/arrow/nanoarrow/nanoarrow.h,"(104, 29)-(104, 77)","b'ArrowErrorSet(struct ArrowError *error, const...'"
duckdb-main,../repos/duckdb-main/src/include/duckdb/common/exception.hpp,"(109, 32)-(109, 67)","b'ConstructMessage(const string &msg, Args... p...'"
duckdb-main,../repos/duckdb-main/src/include/duckdb/common/exception.hpp,"(120, 41)-(121, 57)","b'ConstructMessageRecursive(const string &msg, ...'"
duckdb-main,../repos/duckdb-main/src/include/duckdb/common/exception.hpp,"(153, 27)-(153, 62)","b'CatalogException(const string &msg, Args... p...'"
duckdb-main,../repos/duckdb-main/src/include/duckdb/common/exception.hpp,"(162, 30)-(162, 65)","b'ConnectionException(const string &msg, Args.....'"
duckdb-main,../repos/duckdb-main/src/include/duckdb/common/exception.hpp,"(172, 26)-(172, 61)","b'ParserException(const string &msg, Args... params)'"
duckdb-main,../repos/duckdb-main/src/include/duckdb/common/exception.hpp,"(181, 30)-(181, 65)","b'PermissionException(const string &msg, Args.....'"
duckdb-main,../repos/duckdb-main/src/include/duckdb/common/exception.hpp,"(191, 26)-(191, 61)","b'BinderException(const string &msg, Args... params)'"
duckdb-main,../repos/duckdb-main/src/include/duckdb/common/exception.hpp,"(200, 30)-(200, 65)","b'ConversionException(const string &msg, Args.....'"
duckdb-main,../repos/duckdb-main/src/include/duckdb/common/exception.hpp,"(210, 31)-(210, 66)","b'TransactionException(const string &msg, Args....'"
duckdb-main,../repos/duckdb-main/src/include/duckdb/common/exception.hpp,"(220, 34)-(220, 69)","b'NotImplementedException(const string &msg, Ar...'"
duckdb-main,../repos/duckdb-main/src/include/duckdb/common/exception.hpp,"(230, 30)-(230, 65)","b'OutOfRangeException(const string &msg, Args.....'"
duckdb-main,../repos/duckdb-main/src/include/duckdb/common/exception.hpp,"(240, 31)-(240, 66)","b'OutOfMemoryException(const string &msg, Args....'"
duckdb-main,../repos/duckdb-main/src/include/duckdb/common/exception.hpp,"(250, 26)-(250, 61)","b'SyntaxException(const string &msg, Args... params)'"
duckdb-main,../repos/duckdb-main/src/include/duckdb/common/exception.hpp,"(259, 30)-(259, 65)","b'ConstraintException(const string &msg, Args.....'"
duckdb-main,../repos/duckdb-main/src/include/duckdb/common/exception.hpp,"(269, 30)-(269, 65)","b'DependencyException(const string &msg, Args.....'"
duckdb-main,../repos/duckdb-main/src/include/duckdb/common/exception.hpp,"(281, 22)-(281, 57)","b'IOException(const string &msg, Args... params)'"
duckdb-main,../repos/duckdb-main/src/include/duckdb/common/exception.hpp,"(290, 36)-(290, 71)","b'MissingExtensionException(const string &msg, ...'"
duckdb-main,../repos/duckdb-main/src/include/duckdb/common/exception.hpp,"(300, 28)-(300, 88)",b'AutoloadException(const string &extension_nam...'
duckdb-main,../repos/duckdb-main/src/include/duckdb/common/exception.hpp,"(316, 24)-(316, 79)","b'HTTPException(RESPONSE &response, const strin...'"
duckdb-main,../repos/duckdb-main/src/include/duckdb/common/exception.hpp,"(325, 24)-(325, 79)","b'HTTPException(RESPONSE &response, const strin...'"
duckdb-main,../repos/duckdb-main/src/include/duckdb/common/exception.hpp,"(330, 24)-(331, 59)","b'HTTPException(int status_code, string respons...'"
duckdb-main,../repos/duckdb-main/src/include/duckdb/common/exception.hpp,"(370, 33)-(370, 68)","b'SerializationException(const string &msg, Arg...'"
duckdb-main,../repos/duckdb-main/src/include/duckdb/common/exception.hpp,"(380, 28)-(380, 63)","b'SequenceException(const string &msg, Args... ...'"
duckdb-main,../repos/duckdb-main/src/include/duckdb/common/exception.hpp,"(395, 25)-(395, 60)","b'FatalException(const string &msg, Args... params)'"
duckdb-main,../repos/duckdb-main/src/include/duckdb/common/exception.hpp,"(401, 25)-(401, 80)","b'FatalException(ExceptionType type, const stri...'"
duckdb-main,../repos/duckdb-main/src/include/duckdb/common/exception.hpp,"(411, 28)-(411, 63)","b'InternalException(const string &msg, Args... ...'"
duckdb-main,../repos/duckdb-main/src/include/duckdb/common/exception.hpp,"(421, 32)-(421, 67)","b'InvalidInputException(const string &msg, Args...'"
duckdb-main,../repos/duckdb-main/src/include/duckdb/common/exception.hpp,"(465, 39)-(465, 74)",b'ParameterNotAllowedException(const string &ms...'
duckdb-main,../repos/duckdb-main/src/include/duckdb/common/helper.hpp,"(69, 10)-(69, 29)",b'make_uniq(_Args&&... __args)'
duckdb-main,../repos/duckdb-main/src/include/duckdb/common/helper.hpp,"(77, 17)-(77, 36)",b'make_unsafe_uniq(_Args&&... __args)'
duckdb-main,../repos/duckdb-main/src/include/duckdb/common/helper.hpp,"(98, 14)-(98, 26)",b'make_uniq(_Args&&...)'
duckdb-main,../repos/duckdb-main/src/include/duckdb/common/helper.hpp,"(102, 29)-(102, 46)",b'make_uniq_base(Args &&... args)'
duckdb-main,../repos/duckdb-main/src/include/duckdb/common/helper.hpp,"(108, 31)-(108, 48)",b'make_unique_base(Args &&... args)'
duckdb-main,../repos/duckdb-main/src/include/duckdb/common/helper.hpp,"(120, 29)-(120, 45)",b'Create(ARGS &&...args)'
duckdb-main,../repos/duckdb-main/src/include/duckdb/common/helper.hpp,"(127, 29)-(127, 45)",b'Create(ARGS &&...args)'
duckdb-main,../repos/duckdb-main/src/include/duckdb/common/helper.hpp,"(141, 41)-(141, 60)",b'make_unique(_Args&&... __args)'
duckdb-main,../repos/duckdb-main/src/include/duckdb/common/printer.hpp,"(27, 20)-(27, 76)","b'PrintF(OutputStream stream, const string &str...'"
duckdb-main,../repos/duckdb-main/src/include/duckdb/common/printer.hpp,"(32, 20)-(32, 55)","b'PrintF(const string &str, Args... params)'"
duckdb-main,../repos/duckdb-main/src/include/duckdb/common/string_util.hpp,"(192, 22)-(192, 60)","b'Format(const string fmt_str, Args... params)'"
duckdb-main,../repos/duckdb-main/src/include/duckdb/common/types.hpp,"(36, 26)-(36, 42)",b'make_buffer(Args &&...args)'
duckdb-main,../repos/duckdb-main/src/include/duckdb/function/udf_function.hpp,"(19, 54)-(19, 99)","b'CreateScalarFunction(const string &name, TR (...'"
duckdb-main,../repos/duckdb-main/src/include/duckdb/function/udf_function.hpp,"(19, 89)-(19, 98)",b'(*udf_func)(Args...)'
duckdb-main,../repos/duckdb-main/src/include/duckdb/function/udf_function.hpp,"(34, 54)-(35, 101)","b'CreateScalarFunction(const string &name, vect...'"
duckdb-main,../repos/duckdb-main/src/include/duckdb/function/udf_function.hpp,"(35, 91)-(35, 100)",b'(*udf_func)(Args...)'
duckdb-main,../repos/duckdb-main/src/include/duckdb/function/udf_function.hpp,"(171, 53)-(172, 78)","b'CreateUnaryFunction(const string &name,\n\t    ...'"
duckdb-main,../repos/duckdb-main/src/include/duckdb/function/udf_function.hpp,"(172, 68)-(172, 77)",b'(*udf_func)(Args...)'
duckdb-main,../repos/duckdb-main/src/include/duckdb/function/udf_function.hpp,"(177, 54)-(178, 79)","b'CreateBinaryFunction(const string &name,\n\t   ...'"
duckdb-main,../repos/duckdb-main/src/include/duckdb/function/udf_function.hpp,"(178, 69)-(178, 78)",b'(*udf_func)(Args...)'
duckdb-main,../repos/duckdb-main/src/include/duckdb/function/udf_function.hpp,"(183, 55)-(184, 80)","b'CreateTernaryFunction(const string &name,\n\t  ...'"
duckdb-main,../repos/duckdb-main/src/include/duckdb/function/udf_function.hpp,"(184, 70)-(184, 79)",b'(*udf_func)(Args...)'
duckdb-main,../repos/duckdb-main/src/include/duckdb/function/udf_function.hpp,"(226, 53)-(228, 78)","b'CreateUnaryFunction(const string &name, vecto...'"
duckdb-main,../repos/duckdb-main/src/include/duckdb/function/udf_function.hpp,"(228, 68)-(228, 77)",b'(*udf_func)(Args...)'
duckdb-main,../repos/duckdb-main/src/include/duckdb/function/udf_function.hpp,"(250, 54)-(252, 79)","b'CreateBinaryFunction(const string &name, vect...'"
duckdb-main,../repos/duckdb-main/src/include/duckdb/function/udf_function.hpp,"(252, 69)-(252, 78)",b'(*udf_func)(Args...)'
duckdb-main,../repos/duckdb-main/src/include/duckdb/function/udf_function.hpp,"(276, 55)-(278, 80)","b'CreateTernaryFunction(const string &name, vec...'"
duckdb-main,../repos/duckdb-main/src/include/duckdb/function/udf_function.hpp,"(278, 70)-(278, 79)",b'(*udf_func)(Args...)'
duckdb-main,../repos/duckdb-main/src/include/duckdb/main/appender.hpp,"(70, 16)-(70, 30)",b'AppendRow(Args... args)'
duckdb-main,../repos/duckdb-main/src/include/duckdb/main/appender.hpp,"(106, 25)-(106, 48)","b'AppendRowRecursive(T value, Args... args)'"
duckdb-main,../repos/duckdb-main/src/include/duckdb/main/capi/cast/from_decimal.hpp,"(58, 10)-(58, 15)",b'catch (...) {\n\t\treturn FetchDefaultValue::Ope...'
duckdb-main,../repos/duckdb-main/src/include/duckdb/main/capi/cast/to_decimal.hpp,"(123, 10)-(123, 15)",b'catch (...) {\n\t\treturn FetchDefaultValue::Ope...'
duckdb-main,../repos/duckdb-main/src/include/duckdb/main/capi/cast/utils.hpp,"(115, 10)-(115, 15)",b'catch (...) {\n\t\treturn FetchDefaultValue::Ope...'
duckdb-main,../repos/duckdb-main/src/include/duckdb/main/connection.hpp,"(87, 31)-(87, 66)","b'Query(const string &query, Args... args)'"
duckdb-main,../repos/duckdb-main/src/include/duckdb/main/connection.hpp,"(171, 27)-(171, 72)","b'CreateScalarFunction(const string &name, TR (...'"
duckdb-main,../repos/duckdb-main/src/include/duckdb/main/connection.hpp,"(171, 62)-(171, 71)",b'(*udf_func)(Args...)'
duckdb-main,../repos/duckdb-main/src/include/duckdb/main/connection.hpp,"(177, 27)-(178, 52)","b'CreateScalarFunction(const string &name, vect...'"
duckdb-main,../repos/duckdb-main/src/include/duckdb/main/connection.hpp,"(178, 42)-(178, 51)",b'(*udf_func)(Args...)'
duckdb-main,../repos/duckdb-main/src/include/duckdb/main/connection.hpp,"(239, 46)-(239, 113)","b'QueryParamsRecursive(const string &query, vec...'"
duckdb-main,../repos/duckdb-main/src/include/duckdb/main/error_manager.hpp,"(35, 24)-(35, 62)","b'FormatException(ErrorType error_type, Args......'"
duckdb-main,../repos/duckdb-main/src/include/duckdb/main/error_manager.hpp,"(43, 33)-(44, 49)",b'FormatExceptionRecursive(ErrorType error_type...'
duckdb-main,../repos/duckdb-main/src/include/duckdb/main/error_manager.hpp,"(50, 31)-(50, 93)","b'FormatException(ClientContext &context, Error...'"
duckdb-main,../repos/duckdb-main/src/include/duckdb/main/prepared_statement.hpp,"(70, 45)-(70, 59)",b'PendingQuery(Args... args)'
duckdb-main,../repos/duckdb-main/src/include/duckdb/main/prepared_statement.hpp,"(91, 33)-(91, 47)",b'Execute(Args... args)'
duckdb-main,../repos/duckdb-main/src/include/duckdb/main/prepared_statement.hpp,"(162, 54)-(162, 100)","b'PendingQueryRecursive(vector<Value> &values, ...'"
duckdb-main,../repos/duckdb-main/src/include/duckdb/main/prepared_statement.hpp,"(172, 42)-(172, 88)","b'ExecuteRecursive(vector<Value> &values, T val...'"
duckdb-main,../repos/duckdb-main/src/include/duckdb/main/query_result.hpp,"(121, 11)-(121, 16)","b'catch (...) {\n\t\t\terror = PreservedError(""Unkn...'"
duckdb-main,../repos/duckdb-main/src/include/duckdb/parser/query_error_context.hpp,"(37, 29)-(37, 111)","b'FormatErrorRecursive(const string &msg, vecto...'"
duckdb-main,../repos/duckdb-main/src/include/duckdb/parser/query_error_context.hpp,"(43, 20)-(43, 55)","b'FormatError(const string &msg, Args... params)'"
duckdb-main,../repos/duckdb-main/src/include/duckdb/planner/binder.hpp,"(157, 29)-(158, 45)","b'FormatErrorRecursive(idx_t query_location, co...'"
duckdb-main,../repos/duckdb-main/src/include/duckdb/planner/binder.hpp,"(164, 20)-(164, 77)","b'FormatError(idx_t query_location, const strin...'"
duckdb-main,../repos/duckdb-main/src/include/duckdb/storage/object_cache.hpp,"(50, 27)-(50, 62)","b'GetOrCreate(const string &key, Args &&...args)'"
duckdb-main,../repos/duckdb-main/src/include/duckdb/storage/standard_buffer_manager.hpp,"(92, 46)-(92, 107)","b'EvictBlocksOrThrow(idx_t memory_delta, unique...'"
duckdb-main,../repos/duckdb-main/src/main/appender.cpp,"(39, 10)-(39, 15)",b'catch (...) {\n\t}'
duckdb-main,../repos/duckdb-main/src/main/attached_database.cpp,"(84, 10)-(84, 15)",b'catch (...) {\n\t}'
duckdb-main,../repos/duckdb-main/src/main/capi/appender-c.cpp,"(32, 10)-(32, 15)",b'catch (...) { // LCOV_EXCL_START\n\t\twrapper->e...'
duckdb-main,../repos/duckdb-main/src/main/capi/appender-c.cpp,"(66, 10)-(66, 15)",b'catch (...) { // LCOV_EXCL_START\n\t\twrapper->e...'
duckdb-main,../repos/duckdb-main/src/main/capi/appender-c.cpp,"(103, 10)-(103, 15)",b'catch (...) {\n\t\treturn DuckDBError;\n\t}'
duckdb-main,../repos/duckdb-main/src/main/capi/arrow-c.cpp,"(248, 10)-(248, 15)",b'catch (...) { // LCOV_EXCL_START\n\t\t// Tried c...'
duckdb-main,../repos/duckdb-main/src/main/capi/config-c.cpp,"(17, 10)-(17, 15)",b'catch (...) { // LCOV_EXCL_START\n\t\treturn Duc...'
duckdb-main,../repos/duckdb-main/src/main/capi/config-c.cpp,"(50, 10)-(50, 15)",b'catch (...) {\n\t\treturn DuckDBError;\n\t}'
duckdb-main,../repos/duckdb-main/src/main/capi/duckdb-c.cpp,"(27, 10)-(27, 15)",b'catch (...) { // LCOV_EXCL_START\n\t\tif (error)...'
duckdb-main,../repos/duckdb-main/src/main/capi/duckdb-c.cpp,"(58, 10)-(58, 15)",b'catch (...) { // LCOV_EXCL_START\n\t\treturn Duc...'
duckdb-main,../repos/duckdb-main/src/main/capi/duckdb_value-c.cpp,"(77, 10)-(77, 15)",b'catch (...) {\n\t\tdelete struct_value;\n\t\treturn...'
duckdb-main,../repos/duckdb-main/src/main/capi/duckdb_value-c.cpp,"(100, 10)-(100, 15)",b'catch (...) {\n\t\tdelete list_value;\n\t\treturn n...'
duckdb-main,../repos/duckdb-main/src/main/capi/prepared-c.cpp,"(290, 10)-(290, 15)",b'catch (...) {\n\t\treturn DuckDBError;\n\t}'
duckdb-main,../repos/duckdb-main/src/main/capi/prepared-c.cpp,"(300, 10)-(300, 15)",b'catch (...) {\n\t\treturn DuckDBError;\n\t}'
duckdb-main,../repos/duckdb-main/src/main/client_context.cpp,"(118, 10)-(118, 15)",b'catch (...) { // LCOV_EXCL_START\n\t\tresult.Set...'
duckdb-main,../repos/duckdb-main/src/main/client_context.cpp,"(201, 10)-(201, 15)",b'catch (...) { // LCOV_EXCL_START\n\t\terror = Pr...'
duckdb-main,../repos/duckdb-main/src/main/client_context.cpp,"(455, 10)-(455, 15)",b'catch (...) { // LCOV_EXCL_START\n\t\tresult.Set...'
duckdb-main,../repos/duckdb-main/src/main/client_context.cpp,"(775, 11)-(775, 16)",b'catch (...) {\n\t\t\treturn;\n\t\t}'
duckdb-main,../repos/duckdb-main/src/main/extension/extension_helper.cpp,"(211, 10)-(211, 15)",b'catch (...) {\n\t\treturn false;\n\t}'
duckdb-main,../repos/duckdb-main/src/parallel/executor_task.cpp,"(33, 10)-(33, 15)",b'catch (...) { // LCOV_EXCL_START\n\t\texecutor.P...'
duckdb-main,../repos/duckdb-main/src/parallel/pipeline_event.cpp,"(19, 10)-(19, 15)",b'catch (...) { // LCOV_EXCL_START\n\t\texecutor.P...'
duckdb-main,../repos/duckdb-main/src/parallel/pipeline_executor.cpp,"(407, 10)-(407, 15)",b'catch (...) {\n\t\tif (executor.HasError()) {\n\t\t...'
duckdb-main,../repos/duckdb-main/src/parallel/task_scheduler.cpp,"(216, 11)-(216, 16)",b'catch (...) {\n\t\t\treturn;\n\t\t}'
duckdb-main,../repos/duckdb-main/src/storage/data_table.cpp,"(313, 10)-(313, 15)",b'catch (...) { // LCOV_EXCL_START\n\t\tthrow Cons...'
duckdb-main,../repos/duckdb-main/src/storage/standard_buffer_manager.cpp,"(86, 68)-(87, 82)",b'StandardBufferManager::EvictBlocksOrThrow(idx...'
duckdb-main,../repos/duckdb-main/src/storage/table/row_group_collection.cpp,"(674, 11)-(674, 16)",b'catch (...) { // LCOV_EXCL_START\n\t\t\tcheckpoin...'
duckdb-main,../repos/duckdb-main/src/storage/wal_replay.cpp,"(192, 10)-(192, 15)","b'catch (...) {\n\t\tPrinter::Print(""Unknown Excep...'"
duckdb-main,../repos/duckdb-main/src/storage/wal_replay.cpp,"(237, 10)-(237, 15)","b'catch (...) {\n\t\tPrinter::Print(""Unknown Excep...'"
duckdb-main,../repos/duckdb-main/src/transaction/cleanup_state.cpp,"(90, 10)-(90, 15)",b'catch (...) {\n\t}'
duckdb-main,../repos/duckdb-main/src/transaction/transaction_context.cpp,"(19, 11)-(19, 16)",b'catch (...) {\n\t\t}'
