Repo name,File name,Location,Content
duckdb-main,../repos/duckdb-main/src/common/adbc/driver_manager.cpp,"(109, 18)-(109, 51)",b'&operator=(const ManagedLibrary &)'
duckdb-main,../repos/duckdb-main/src/common/adbc/driver_manager.cpp,"(110, 18)-(110, 60)",b'&operator=(ManagedLibrary &&other) noexcept'
duckdb-main,../repos/duckdb-main/src/common/extra_type_info.cpp,"(200, 25)-(200, 65)",b'&operator=(const EnumTypeInfoTemplated &)'
duckdb-main,../repos/duckdb-main/src/common/types/column/column_data_collection.cpp,"(1038, 7)-(1038, 55)","b'bool operator()(const Value &a, const Value &...'"
duckdb-main,../repos/duckdb-main/src/core_functions/aggregate/distributive/entropy.cpp,"(18, 16)-(18, 52)",b'&operator=(const EntropyState &other)'
duckdb-main,../repos/duckdb-main/src/core_functions/aggregate/holistic/mode.cpp,"(19, 16)-(19, 63)",b'inline size_t operator()(const duckdb::interv...'
duckdb-main,../repos/duckdb-main/src/core_functions/aggregate/holistic/mode.cpp,"(28, 16)-(28, 62)",b'inline size_t operator()(const duckdb::hugein...'
duckdb-main,../repos/duckdb-main/src/core_functions/aggregate/holistic/mode.cpp,"(35, 16)-(35, 63)",b'inline size_t operator()(const duckdb::uhugei...'
duckdb-main,../repos/duckdb-main/src/core_functions/aggregate/holistic/mode.cpp,"(132, 14)-(132, 48)",b'inline bool operator()(const idx_t &idx) cons...'
duckdb-main,../repos/duckdb-main/src/core_functions/aggregate/holistic/quantile.cpp,"(36, 19)-(36, 74)",b'inline interval_t operator+(const interval_t ...'
duckdb-main,../repos/duckdb-main/src/core_functions/aggregate/holistic/quantile.cpp,"(40, 19)-(40, 74)",b'inline interval_t operator-(const interval_t ...'
duckdb-main,../repos/duckdb-main/src/core_functions/aggregate/holistic/quantile.cpp,"(74, 14)-(74, 48)",b'inline bool operator()(const idx_t &idx) cons...'
duckdb-main,../repos/duckdb-main/src/core_functions/aggregate/holistic/quantile.cpp,"(150, 14)-(150, 66)","b'inline bool operator()(const idx_t &lhi, cons...'"
duckdb-main,../repos/duckdb-main/src/core_functions/aggregate/holistic/quantile.cpp,"(218, 27)-(218, 64)",b'&operator()(const INPUT_TYPE &x) const'
duckdb-main,../repos/duckdb-main/src/core_functions/aggregate/holistic/quantile.cpp,"(233, 21)-(233, 57)",b'inline RESULT_TYPE operator()(const idx_t &in...'
duckdb-main,../repos/duckdb-main/src/core_functions/aggregate/holistic/quantile.cpp,"(250, 21)-(250, 57)",b'inline RESULT_TYPE operator()(const idx_t &in...'
duckdb-main,../repos/duckdb-main/src/core_functions/aggregate/holistic/quantile.cpp,"(264, 14)-(264, 76)","b'inline bool operator()(const INPUT_TYPE &lhs,...'"
duckdb-main,../repos/duckdb-main/src/core_functions/aggregate/holistic/quantile.cpp,"(297, 6)-(297, 64)","b'bool operator==(const QuantileValue &x, const...'"
duckdb-main,../repos/duckdb-main/src/core_functions/aggregate/holistic/quantile.cpp,"(668, 14)-(668, 58)","b'inline bool operator()(const T &lhi, const T ...'"
duckdb-main,../repos/duckdb-main/src/core_functions/aggregate/holistic/quantile.cpp,"(1265, 21)-(1265, 62)",b'inline RESULT_TYPE operator()(const INPUT_TYP...'
duckdb-main,../repos/duckdb-main/src/core_functions/aggregate/holistic/quantile.cpp,"(1280, 21)-(1280, 62)",b'inline RESULT_TYPE operator()(const INPUT_TYP...'
duckdb-main,../repos/duckdb-main/src/core_functions/aggregate/holistic/quantile.cpp,"(1295, 21)-(1295, 62)",b'inline RESULT_TYPE operator()(const INPUT_TYP...'
duckdb-main,../repos/duckdb-main/src/core_functions/aggregate/holistic/quantile.cpp,"(1311, 21)-(1311, 62)",b'inline RESULT_TYPE operator()(const INPUT_TYP...'
duckdb-main,../repos/duckdb-main/src/core_functions/aggregate/holistic/quantile.cpp,"(1326, 21)-(1326, 62)",b'inline RESULT_TYPE operator()(const INPUT_TYP...'
duckdb-main,../repos/duckdb-main/src/execution/operator/aggregate/distinct_aggregate_data.cpp,"(121, 7)-(121, 43)",b'bool operator()(const aggr_ref_t other_r) {\n\t...'
duckdb-main,../repos/duckdb-main/src/execution/window_executor.cpp,"(112, 19)-(112, 36)",b'inline reference operator*() const {\n\t\treturn...'
duckdb-main,../repos/duckdb-main/src/execution/window_executor.cpp,"(119, 19)-(119, 31)",b'&operator++()'
duckdb-main,../repos/duckdb-main/src/execution/window_executor.cpp,"(123, 18)-(123, 33)",b'inline iterator operator++(int) {\n\t\tauto resu...'
duckdb-main,../repos/duckdb-main/src/execution/window_executor.cpp,"(130, 19)-(130, 31)",b'&operator--()'
duckdb-main,../repos/duckdb-main/src/execution/window_executor.cpp,"(134, 18)-(134, 33)",b'inline iterator operator--(int) {\n\t\tauto resu...'
duckdb-main,../repos/duckdb-main/src/execution/window_executor.cpp,"(141, 19)-(141, 48)",b'&operator+=(difference_type n)'
duckdb-main,../repos/duckdb-main/src/execution/window_executor.cpp,"(145, 19)-(145, 48)",b'&operator-=(difference_type n)'
duckdb-main,../repos/duckdb-main/src/execution/window_executor.cpp,"(150, 19)-(150, 54)",b'inline reference operator[](difference_type m...'
duckdb-main,../repos/duckdb-main/src/execution/window_executor.cpp,"(154, 26)-(154, 73)","b'&operator+(const iterator &a, difference_type n)'"
duckdb-main,../repos/duckdb-main/src/execution/window_executor.cpp,"(158, 26)-(158, 73)","b'&operator-(const iterator &a, difference_type n)'"
duckdb-main,../repos/duckdb-main/src/execution/window_executor.cpp,"(162, 26)-(162, 73)","b'&operator+(difference_type n, const iterator &a)'"
duckdb-main,../repos/duckdb-main/src/execution/window_executor.cpp,"(165, 32)-(165, 79)",b'inline difference_type operator-(const iterat...'
duckdb-main,../repos/duckdb-main/src/execution/window_executor.cpp,"(169, 21)-(169, 69)","b'inline bool operator==(const iterator &a, con...'"
duckdb-main,../repos/duckdb-main/src/execution/window_executor.cpp,"(172, 21)-(172, 69)","b'inline bool operator!=(const iterator &a, con...'"
duckdb-main,../repos/duckdb-main/src/execution/window_executor.cpp,"(175, 21)-(175, 68)","b'inline bool operator<(const iterator &a, cons...'"
duckdb-main,../repos/duckdb-main/src/execution/window_executor.cpp,"(178, 21)-(178, 69)","b'inline bool operator<=(const iterator &a, con...'"
duckdb-main,../repos/duckdb-main/src/execution/window_executor.cpp,"(181, 21)-(181, 68)","b'inline bool operator>(const iterator &a, cons...'"
duckdb-main,../repos/duckdb-main/src/execution/window_executor.cpp,"(184, 21)-(184, 69)","b'inline bool operator>=(const iterator &a, con...'"
duckdb-main,../repos/duckdb-main/src/execution/window_executor.cpp,"(195, 14)-(195, 58)","b'inline bool operator()(const T &lhs, const T ...'"
duckdb-main,../repos/duckdb-main/src/execution/window_segment_tree.cpp,"(411, 10)-(411, 42)",b'size_t operator()(const idx_t &i) const {\n\t\t\t...'
duckdb-main,../repos/duckdb-main/src/execution/window_segment_tree.cpp,"(422, 8)-(422, 60)","b'bool operator()(const idx_t &lhs, const idx_t...'"
duckdb-main,../repos/duckdb-main/src/function/table/system/duckdb_constraints.cpp,"(26, 7)-(26, 51)",b'bool operator==(const UniqueKeyInfo &other) c...'
duckdb-main,../repos/duckdb-main/src/function/table/system/duckdb_constraints.cpp,"(42, 9)-(42, 57)",b'size_t operator()(const duckdb::UniqueKeyInfo...'
duckdb-main,../repos/duckdb-main/src/include/duckdb/catalog/catalog_entry_map.hpp,"(19, 11)-(19, 61)",b'uint64_t operator()(const reference<CatalogEn...'
duckdb-main,../repos/duckdb-main/src/include/duckdb/catalog/catalog_entry_map.hpp,"(26, 7)-(26, 91)",b'bool operator()(const reference<CatalogEntry>...'
duckdb-main,../repos/duckdb-main/src/include/duckdb/catalog/dependency.hpp,"(24, 19)-(24, 58)",b'&operator=(const DependencyFlags &other)'
duckdb-main,../repos/duckdb-main/src/include/duckdb/catalog/dependency.hpp,"(28, 7)-(28, 53)",b'bool operator==(const DependencyFlags &other)...'
duckdb-main,../repos/duckdb-main/src/include/duckdb/catalog/dependency.hpp,"(31, 7)-(31, 53)",b'bool operator!=(const DependencyFlags &other)...'
duckdb-main,../repos/duckdb-main/src/include/duckdb/catalog/dependency.hpp,"(149, 11)-(149, 48)",b'uint64_t operator()(const Dependency &a) cons...'
duckdb-main,../repos/duckdb-main/src/include/duckdb/catalog/dependency.hpp,"(156, 7)-(156, 65)","b'bool operator()(const Dependency &a, const De...'"
duckdb-main,../repos/duckdb-main/src/include/duckdb/common/allocator.hpp,"(54, 17)-(54, 49)",b'&operator=(const AllocatedData &)'
duckdb-main,../repos/duckdb-main/src/include/duckdb/common/allocator.hpp,"(57, 28)-(57, 64)",b'&operator=(AllocatedData &&) noexcept'
duckdb-main,../repos/duckdb-main/src/include/duckdb/common/allocator.hpp,"(88, 13)-(88, 54)",b'&operator=(Allocator &&allocator) noexcept'
duckdb-main,../repos/duckdb-main/src/include/duckdb/common/arrow/arrow_buffer.hpp,"(33, 15)-(33, 45)",b'&operator=(const ArrowBuffer &)'
duckdb-main,../repos/duckdb-main/src/include/duckdb/common/arrow/arrow_buffer.hpp,"(40, 15)-(40, 54)",b'&operator=(ArrowBuffer &&other) noexcept'
duckdb-main,../repos/duckdb-main/src/include/duckdb/common/case_insensitive_map.hpp,"(21, 11)-(21, 46)",b'uint64_t operator()(const string &str) const ...'
duckdb-main,../repos/duckdb-main/src/include/duckdb/common/case_insensitive_map.hpp,"(27, 7)-(27, 57)","b'bool operator()(const string &a, const string...'"
duckdb-main,../repos/duckdb-main/src/include/duckdb/common/case_insensitive_map.hpp,"(39, 7)-(39, 59)","b'bool operator()(const string &s1, const strin...'"
duckdb-main,../repos/duckdb-main/src/include/duckdb/common/constants.hpp,"(68, 14)-(68, 55)",b'inline bool operator==(const LogicalIndex &rh...'
duckdb-main,../repos/duckdb-main/src/include/duckdb/common/constants.hpp,"(71, 14)-(71, 55)",b'inline bool operator!=(const LogicalIndex &rh...'
duckdb-main,../repos/duckdb-main/src/include/duckdb/common/constants.hpp,"(74, 14)-(74, 54)",b'inline bool operator<(const LogicalIndex &rhs...'
duckdb-main,../repos/duckdb-main/src/include/duckdb/common/constants.hpp,"(88, 14)-(88, 56)",b'inline bool operator==(const PhysicalIndex &r...'
duckdb-main,../repos/duckdb-main/src/include/duckdb/common/constants.hpp,"(91, 14)-(91, 56)",b'inline bool operator!=(const PhysicalIndex &r...'
duckdb-main,../repos/duckdb-main/src/include/duckdb/common/constants.hpp,"(94, 14)-(94, 55)",b'inline bool operator<(const PhysicalIndex &rh...'
duckdb-main,../repos/duckdb-main/src/include/duckdb/common/enum_class_hash.hpp,"(18, 14)-(18, 35)",b'std::size_t operator()(T t) const {\n\t\treturn ...'
duckdb-main,../repos/duckdb-main/src/include/duckdb/common/extra_type_info.hpp,"(167, 16)-(167, 47)",b'&operator=(const EnumTypeInfo &)'
duckdb-main,../repos/duckdb-main/src/include/duckdb/common/fixed_size_map.hpp,"(53, 5)-(53, 33)",b'&operator[](const idx_t &key)'
duckdb-main,../repos/duckdb-main/src/include/duckdb/common/fixed_size_map.hpp,"(60, 11)-(60, 45)",b'&operator[](const idx_t &key) const'
duckdb-main,../repos/duckdb-main/src/include/duckdb/common/fixed_size_map.hpp,"(122, 32)-(122, 44)",b'&operator++()'
duckdb-main,../repos/duckdb-main/src/include/duckdb/common/fixed_size_map.hpp,"(131, 31)-(131, 46)",b'fixed_size_map_iterator_t<T> operator++(int) ...'
duckdb-main,../repos/duckdb-main/src/include/duckdb/common/fixed_size_map.hpp,"(153, 14)-(153, 102)",b'bool operator==(const fixed_size_map_iterator...'
duckdb-main,../repos/duckdb-main/src/include/duckdb/common/fixed_size_map.hpp,"(157, 14)-(157, 102)",b'bool operator!=(const fixed_size_map_iterator...'
duckdb-main,../repos/duckdb-main/src/include/duckdb/common/fixed_size_map.hpp,"(172, 38)-(172, 50)",b'&operator++()'
duckdb-main,../repos/duckdb-main/src/include/duckdb/common/fixed_size_map.hpp,"(181, 37)-(181, 52)",b'const_fixed_size_map_iterator_t<T> operator++...'
duckdb-main,../repos/duckdb-main/src/include/duckdb/common/fixed_size_map.hpp,"(195, 14)-(195, 114)",b'bool operator==(const const_fixed_size_map_it...'
duckdb-main,../repos/duckdb-main/src/include/duckdb/common/fixed_size_map.hpp,"(199, 14)-(199, 114)",b'bool operator!=(const const_fixed_size_map_it...'
duckdb-main,../repos/duckdb-main/src/include/duckdb/common/hive_partitioning.hpp,"(48, 15)-(48, 58)",b'std::size_t operator()(const HivePartitionKey...'
duckdb-main,../repos/duckdb-main/src/include/duckdb/common/hive_partitioning.hpp,"(54, 8)-(54, 78)","b'bool operator()(const HivePartitionKey &a, co...'"
duckdb-main,../repos/duckdb-main/src/include/duckdb/common/hugeint.hpp,"(25, 13)-(25, 44)",b'&operator=(const hugeint_t &rhs)'
duckdb-main,../repos/duckdb-main/src/include/duckdb/common/hugeint.hpp,"(26, 13)-(26, 39)",b'&operator=(hugeint_t &&rhs)'
duckdb-main,../repos/duckdb-main/src/include/duckdb/common/hugeint.hpp,"(31, 18)-(31, 56)",b'DUCKDB_API bool operator==(const hugeint_t &r...'
duckdb-main,../repos/duckdb-main/src/include/duckdb/common/hugeint.hpp,"(32, 18)-(32, 56)",b'DUCKDB_API bool operator!=(const hugeint_t &r...'
duckdb-main,../repos/duckdb-main/src/include/duckdb/common/hugeint.hpp,"(33, 18)-(33, 56)",b'DUCKDB_API bool operator<=(const hugeint_t &r...'
duckdb-main,../repos/duckdb-main/src/include/duckdb/common/hugeint.hpp,"(34, 18)-(34, 55)",b'DUCKDB_API bool operator<(const hugeint_t &rh...'
duckdb-main,../repos/duckdb-main/src/include/duckdb/common/hugeint.hpp,"(35, 18)-(35, 55)",b'DUCKDB_API bool operator>(const hugeint_t &rh...'
duckdb-main,../repos/duckdb-main/src/include/duckdb/common/hugeint.hpp,"(36, 18)-(36, 56)",b'DUCKDB_API bool operator>=(const hugeint_t &r...'
duckdb-main,../repos/duckdb-main/src/include/duckdb/common/hugeint.hpp,"(39, 23)-(39, 60)",b'DUCKDB_API hugeint_t operator+(const hugeint_...'
duckdb-main,../repos/duckdb-main/src/include/duckdb/common/hugeint.hpp,"(40, 23)-(40, 60)",b'DUCKDB_API hugeint_t operator-(const hugeint_...'
duckdb-main,../repos/duckdb-main/src/include/duckdb/common/hugeint.hpp,"(41, 23)-(41, 60)",b'DUCKDB_API hugeint_t operator*(const hugeint_...'
duckdb-main,../repos/duckdb-main/src/include/duckdb/common/hugeint.hpp,"(42, 23)-(42, 60)",b'DUCKDB_API hugeint_t operator/(const hugeint_...'
duckdb-main,../repos/duckdb-main/src/include/duckdb/common/hugeint.hpp,"(43, 23)-(43, 60)",b'DUCKDB_API hugeint_t operator%(const hugeint_...'
duckdb-main,../repos/duckdb-main/src/include/duckdb/common/hugeint.hpp,"(44, 23)-(44, 40)",b'DUCKDB_API hugeint_t operator-() const;'
duckdb-main,../repos/duckdb-main/src/include/duckdb/common/hugeint.hpp,"(47, 23)-(47, 61)",b'DUCKDB_API hugeint_t operator>>(const hugeint...'
duckdb-main,../repos/duckdb-main/src/include/duckdb/common/hugeint.hpp,"(48, 23)-(48, 61)",b'DUCKDB_API hugeint_t operator<<(const hugeint...'
duckdb-main,../repos/duckdb-main/src/include/duckdb/common/hugeint.hpp,"(49, 23)-(49, 60)",b'DUCKDB_API hugeint_t operator&(const hugeint_...'
duckdb-main,../repos/duckdb-main/src/include/duckdb/common/hugeint.hpp,"(50, 23)-(50, 60)",b'DUCKDB_API hugeint_t operator|(const hugeint_...'
duckdb-main,../repos/duckdb-main/src/include/duckdb/common/hugeint.hpp,"(51, 23)-(51, 60)",b'DUCKDB_API hugeint_t operator^(const hugeint_...'
duckdb-main,../repos/duckdb-main/src/include/duckdb/common/hugeint.hpp,"(52, 23)-(52, 40)",b'DUCKDB_API hugeint_t operator~() const;'
duckdb-main,../repos/duckdb-main/src/include/duckdb/common/hugeint.hpp,"(55, 24)-(55, 56)",b'&operator+=(const hugeint_t &rhs)'
duckdb-main,../repos/duckdb-main/src/include/duckdb/common/hugeint.hpp,"(56, 24)-(56, 56)",b'&operator-=(const hugeint_t &rhs)'
duckdb-main,../repos/duckdb-main/src/include/duckdb/common/hugeint.hpp,"(57, 24)-(57, 56)",b'&operator*=(const hugeint_t &rhs)'
duckdb-main,../repos/duckdb-main/src/include/duckdb/common/hugeint.hpp,"(58, 24)-(58, 56)",b'&operator/=(const hugeint_t &rhs)'
duckdb-main,../repos/duckdb-main/src/include/duckdb/common/hugeint.hpp,"(59, 24)-(59, 56)",b'&operator%=(const hugeint_t &rhs)'
duckdb-main,../repos/duckdb-main/src/include/duckdb/common/hugeint.hpp,"(60, 24)-(60, 57)",b'&operator>>=(const hugeint_t &rhs)'
duckdb-main,../repos/duckdb-main/src/include/duckdb/common/hugeint.hpp,"(61, 24)-(61, 57)",b'&operator<<=(const hugeint_t &rhs)'
duckdb-main,../repos/duckdb-main/src/include/duckdb/common/hugeint.hpp,"(62, 24)-(62, 56)",b'&operator&=(const hugeint_t &rhs)'
duckdb-main,../repos/duckdb-main/src/include/duckdb/common/hugeint.hpp,"(63, 24)-(63, 56)",b'&operator|=(const hugeint_t &rhs)'
duckdb-main,../repos/duckdb-main/src/include/duckdb/common/hugeint.hpp,"(64, 24)-(64, 56)",b'&operator^=(const hugeint_t &rhs)'
duckdb-main,../repos/duckdb-main/src/include/duckdb/common/hugeint.hpp,"(68, 18)-(68, 35)",b'DUCKDB_API bool operator!() const;'
duckdb-main,../repos/duckdb-main/src/include/duckdb/common/index_map.hpp,"(18, 11)-(18, 54)",b'uint64_t operator()(const LogicalIndex &index...'
duckdb-main,../repos/duckdb-main/src/include/duckdb/common/index_map.hpp,"(24, 11)-(24, 55)",b'uint64_t operator()(const PhysicalIndex &inde...'
duckdb-main,../repos/duckdb-main/src/include/duckdb/common/index_vector.hpp,"(25, 5)-(25, 31)",b'&operator[](INDEX_TYPE idx)'
duckdb-main,../repos/duckdb-main/src/include/duckdb/common/index_vector.hpp,"(29, 11)-(29, 43)",b'&operator[](INDEX_TYPE idx) const'
duckdb-main,../repos/duckdb-main/src/include/duckdb/common/optional_ptr.hpp,"(35, 5)-(35, 16)",b'&operator*()'
duckdb-main,../repos/duckdb-main/src/include/duckdb/common/optional_ptr.hpp,"(39, 11)-(39, 28)",b'&operator*() const'
duckdb-main,../repos/duckdb-main/src/include/duckdb/common/optional_ptr.hpp,"(43, 5)-(43, 17)",b'*operator->()'
duckdb-main,../repos/duckdb-main/src/include/duckdb/common/optional_ptr.hpp,"(47, 11)-(47, 29)",b'*operator->() const'
duckdb-main,../repos/duckdb-main/src/include/duckdb/common/optional_ptr.hpp,"(65, 7)-(65, 51)",b'bool operator==(const optional_ptr<T> &rhs) c...'
duckdb-main,../repos/duckdb-main/src/include/duckdb/common/optional_ptr.hpp,"(69, 7)-(69, 51)",b'bool operator!=(const optional_ptr<T> &rhs) c...'
duckdb-main,../repos/duckdb-main/src/include/duckdb/common/perfect_map_set.hpp,"(19, 21)-(19, 53)",b'inline std::size_t operator()(const idx_t &h)...'
duckdb-main,../repos/duckdb-main/src/include/duckdb/common/perfect_map_set.hpp,"(25, 14)-(25, 62)","b'inline bool operator()(const idx_t &a, const ...'"
duckdb-main,../repos/duckdb-main/src/include/duckdb/common/preserved_error.hpp,"(39, 18)-(39, 63)",b'DUCKDB_API bool operator==(const PreservedErr...'
duckdb-main,../repos/duckdb-main/src/include/duckdb/common/progress_bar/progress_bar.hpp,"(32, 17)-(32, 54)",b'&operator=(const QueryProgress &other)'
duckdb-main,../repos/duckdb-main/src/include/duckdb/common/re2_regex.hpp,"(62, 14)-(62, 36)",b'&operator[](uint64_t i)'
duckdb-main,../repos/duckdb-main/src/include/duckdb/common/reference_map.hpp,"(20, 11)-(20, 52)",b'uint64_t operator()(const reference<T> &ref) ...'
duckdb-main,../repos/duckdb-main/src/include/duckdb/common/reference_map.hpp,"(27, 7)-(27, 69)","b'bool operator()(const reference<T> &a, const ...'"
duckdb-main,../repos/duckdb-main/src/include/duckdb/common/sort/duckdb_pdqsort.hpp,"(110, 27)-(110, 44)",b'&operator*() const'
duckdb-main,../repos/duckdb-main/src/include/duckdb/common/sort/duckdb_pdqsort.hpp,"(114, 22)-(114, 34)",b'&operator++()'
duckdb-main,../repos/duckdb-main/src/include/duckdb/common/sort/duckdb_pdqsort.hpp,"(119, 22)-(119, 34)",b'&operator--()'
duckdb-main,../repos/duckdb-main/src/include/duckdb/common/sort/duckdb_pdqsort.hpp,"(124, 21)-(124, 36)",b'inline PDQIterator operator++(int) {\n\t\tauto t...'
duckdb-main,../repos/duckdb-main/src/include/duckdb/common/sort/duckdb_pdqsort.hpp,"(130, 21)-(130, 36)",b'inline PDQIterator operator--(int) {\n\t\tauto t...'
duckdb-main,../repos/duckdb-main/src/include/duckdb/common/sort/duckdb_pdqsort.hpp,"(136, 21)-(136, 52)",b'inline PDQIterator operator+(const idx_t &i) ...'
duckdb-main,../repos/duckdb-main/src/include/duckdb/common/sort/duckdb_pdqsort.hpp,"(142, 21)-(142, 52)",b'inline PDQIterator operator-(const idx_t &i) ...'
duckdb-main,../repos/duckdb-main/src/include/duckdb/common/sort/duckdb_pdqsort.hpp,"(148, 22)-(148, 57)",b'&operator=(const PDQIterator &other)'
duckdb-main,../repos/duckdb-main/src/include/duckdb/common/sort/duckdb_pdqsort.hpp,"(154, 22)-(154, 79)",b'inline friend idx_t operator-(const PDQIterat...'
duckdb-main,../repos/duckdb-main/src/include/duckdb/common/sort/duckdb_pdqsort.hpp,"(160, 21)-(160, 78)",b'inline friend bool operator<(const PDQIterato...'
duckdb-main,../repos/duckdb-main/src/include/duckdb/common/sort/duckdb_pdqsort.hpp,"(164, 21)-(164, 78)",b'inline friend bool operator>(const PDQIterato...'
duckdb-main,../repos/duckdb-main/src/include/duckdb/common/sort/duckdb_pdqsort.hpp,"(168, 21)-(168, 79)",b'inline friend bool operator>=(const PDQIterat...'
duckdb-main,../repos/duckdb-main/src/include/duckdb/common/sort/duckdb_pdqsort.hpp,"(172, 21)-(172, 79)",b'inline friend bool operator<=(const PDQIterat...'
duckdb-main,../repos/duckdb-main/src/include/duckdb/common/sort/duckdb_pdqsort.hpp,"(176, 21)-(176, 79)",b'inline friend bool operator==(const PDQIterat...'
duckdb-main,../repos/duckdb-main/src/include/duckdb/common/sort/duckdb_pdqsort.hpp,"(180, 21)-(180, 79)",b'inline friend bool operator!=(const PDQIterat...'
duckdb-main,../repos/duckdb-main/src/include/duckdb/common/sort/sort.hpp,"(234, 21)-(234, 33)",b'&operator++()'
duckdb-main,../repos/duckdb-main/src/include/duckdb/common/sort/sort.hpp,"(245, 21)-(245, 33)",b'&operator--()'
duckdb-main,../repos/duckdb-main/src/include/duckdb/common/string_map_set.hpp,"(20, 14)-(20, 49)",b'std::size_t operator()(const string_t &k) con...'
duckdb-main,../repos/duckdb-main/src/include/duckdb/common/string_map_set.hpp,"(26, 7)-(26, 61)","b'bool operator()(const string_t &a, const stri...'"
duckdb-main,../repos/duckdb-main/src/include/duckdb/common/types/column/column_data_collection.hpp,"(198, 28)-(198, 47)",b'&operator[](idx_t i)'
duckdb-main,../repos/duckdb-main/src/include/duckdb/common/types/column/column_data_collection.hpp,"(199, 34)-(199, 59)",b'&operator[](idx_t i) const'
duckdb-main,../repos/duckdb-main/src/include/duckdb/common/types/column/column_data_collection_iterators.hpp,"(40, 39)-(40, 51)",b'&operator++()'
duckdb-main,../repos/duckdb-main/src/include/duckdb/common/types/column/column_data_collection_iterators.hpp,"(41, 19)-(41, 73)",b'DUCKDB_API bool operator!=(const ColumnDataCh...'
duckdb-main,../repos/duckdb-main/src/include/duckdb/common/types/column/column_data_collection_iterators.hpp,"(42, 25)-(42, 42)",b'&operator*() const'
duckdb-main,../repos/duckdb-main/src/include/duckdb/common/types/column/column_data_collection_iterators.hpp,"(76, 37)-(76, 49)",b'&operator++()'
duckdb-main,../repos/duckdb-main/src/include/duckdb/common/types/column/column_data_collection_iterators.hpp,"(77, 19)-(77, 71)",b'DUCKDB_API bool operator!=(const ColumnDataRo...'
duckdb-main,../repos/duckdb-main/src/include/duckdb/common/types/column/column_data_collection_iterators.hpp,"(78, 35)-(78, 52)",b'&operator*() const'
duckdb-main,../repos/duckdb-main/src/include/duckdb/common/types/column/column_data_consumer.hpp,"(30, 15)-(30, 78)","b'bool operator<(const ChunkReference &lhs, con...'"
duckdb-main,../repos/duckdb-main/src/include/duckdb/common/types/date.hpp,"(37, 14)-(37, 49)",b'inline bool operator==(const date_t &rhs) con...'
duckdb-main,../repos/duckdb-main/src/include/duckdb/common/types/date.hpp,"(40, 14)-(40, 49)",b'inline bool operator!=(const date_t &rhs) con...'
duckdb-main,../repos/duckdb-main/src/include/duckdb/common/types/date.hpp,"(43, 14)-(43, 49)",b'inline bool operator<=(const date_t &rhs) con...'
duckdb-main,../repos/duckdb-main/src/include/duckdb/common/types/date.hpp,"(46, 14)-(46, 48)",b'inline bool operator<(const date_t &rhs) cons...'
duckdb-main,../repos/duckdb-main/src/include/duckdb/common/types/date.hpp,"(49, 14)-(49, 48)",b'inline bool operator>(const date_t &rhs) cons...'
duckdb-main,../repos/duckdb-main/src/include/duckdb/common/types/date.hpp,"(52, 14)-(52, 49)",b'inline bool operator>=(const date_t &rhs) con...'
duckdb-main,../repos/duckdb-main/src/include/duckdb/common/types/date.hpp,"(57, 16)-(57, 52)",b'inline date_t operator+(const int32_t &days) ...'
duckdb-main,../repos/duckdb-main/src/include/duckdb/common/types/date.hpp,"(60, 16)-(60, 52)",b'inline date_t operator-(const int32_t &days) ...'
duckdb-main,../repos/duckdb-main/src/include/duckdb/common/types/date.hpp,"(65, 17)-(65, 48)",b'&operator+=(const int32_t &days)'
duckdb-main,../repos/duckdb-main/src/include/duckdb/common/types/date.hpp,"(69, 17)-(69, 48)",b'&operator-=(const int32_t &days)'
duckdb-main,../repos/duckdb-main/src/include/duckdb/common/types/date.hpp,"(222, 14)-(222, 55)",b'std::size_t operator()(const duckdb::date_t &...'
duckdb-main,../repos/duckdb-main/src/include/duckdb/common/types/datetime.hpp,"(16, 18)-(16, 45)",b'&operator=(int64_t micros_p)'
duckdb-main,../repos/duckdb-main/src/include/duckdb/common/types/datetime.hpp,"(30, 14)-(30, 50)",b'inline bool operator==(const dtime_t &rhs) co...'
duckdb-main,../repos/duckdb-main/src/include/duckdb/common/types/datetime.hpp,"(33, 14)-(33, 50)",b'inline bool operator!=(const dtime_t &rhs) co...'
duckdb-main,../repos/duckdb-main/src/include/duckdb/common/types/datetime.hpp,"(36, 14)-(36, 50)",b'inline bool operator<=(const dtime_t &rhs) co...'
duckdb-main,../repos/duckdb-main/src/include/duckdb/common/types/datetime.hpp,"(39, 14)-(39, 49)",b'inline bool operator<(const dtime_t &rhs) con...'
duckdb-main,../repos/duckdb-main/src/include/duckdb/common/types/datetime.hpp,"(42, 14)-(42, 49)",b'inline bool operator>(const dtime_t &rhs) con...'
duckdb-main,../repos/duckdb-main/src/include/duckdb/common/types/datetime.hpp,"(45, 14)-(45, 50)",b'inline bool operator>=(const dtime_t &rhs) co...'
duckdb-main,../repos/duckdb-main/src/include/duckdb/common/types/datetime.hpp,"(50, 17)-(50, 55)",b'inline dtime_t operator+(const int64_t &micro...'
duckdb-main,../repos/duckdb-main/src/include/duckdb/common/types/datetime.hpp,"(53, 17)-(53, 54)",b'inline dtime_t operator+(const double &micros...'
duckdb-main,../repos/duckdb-main/src/include/duckdb/common/types/datetime.hpp,"(56, 17)-(56, 55)",b'inline dtime_t operator-(const int64_t &micro...'
duckdb-main,../repos/duckdb-main/src/include/duckdb/common/types/datetime.hpp,"(59, 17)-(59, 53)",b'inline dtime_t operator*(const idx_t &copies)...'
duckdb-main,../repos/duckdb-main/src/include/duckdb/common/types/datetime.hpp,"(62, 17)-(62, 53)",b'inline dtime_t operator/(const idx_t &copies)...'
duckdb-main,../repos/duckdb-main/src/include/duckdb/common/types/datetime.hpp,"(65, 17)-(65, 54)",b'inline int64_t operator-(const dtime_t &other...'
duckdb-main,../repos/duckdb-main/src/include/duckdb/common/types/datetime.hpp,"(70, 18)-(70, 51)",b'&operator+=(const int64_t &micros)'
duckdb-main,../repos/duckdb-main/src/include/duckdb/common/types/datetime.hpp,"(74, 18)-(74, 51)",b'&operator-=(const int64_t &micros)'
duckdb-main,../repos/duckdb-main/src/include/duckdb/common/types/datetime.hpp,"(78, 18)-(78, 50)",b'&operator+=(const dtime_t &other)'
duckdb-main,../repos/duckdb-main/src/include/duckdb/common/types/datetime.hpp,"(115, 14)-(115, 53)",b'inline bool operator==(const dtime_tz_t &rhs)...'
duckdb-main,../repos/duckdb-main/src/include/duckdb/common/types/datetime.hpp,"(118, 14)-(118, 53)",b'inline bool operator!=(const dtime_tz_t &rhs)...'
duckdb-main,../repos/duckdb-main/src/include/duckdb/common/types/datetime.hpp,"(121, 14)-(121, 53)",b'inline bool operator<=(const dtime_tz_t &rhs)...'
duckdb-main,../repos/duckdb-main/src/include/duckdb/common/types/datetime.hpp,"(124, 14)-(124, 52)",b'inline bool operator<(const dtime_tz_t &rhs) ...'
duckdb-main,../repos/duckdb-main/src/include/duckdb/common/types/datetime.hpp,"(127, 14)-(127, 52)",b'inline bool operator>(const dtime_tz_t &rhs) ...'
duckdb-main,../repos/duckdb-main/src/include/duckdb/common/types/datetime.hpp,"(130, 14)-(130, 53)",b'inline bool operator>=(const dtime_tz_t &rhs)...'
duckdb-main,../repos/duckdb-main/src/include/duckdb/common/types/datetime.hpp,"(142, 14)-(142, 56)",b'std::size_t operator()(const duckdb::dtime_t ...'
duckdb-main,../repos/duckdb-main/src/include/duckdb/common/types/datetime.hpp,"(150, 14)-(150, 59)",b'std::size_t operator()(const duckdb::dtime_tz...'
duckdb-main,../repos/duckdb-main/src/include/duckdb/common/types/interval.hpp,"(29, 14)-(29, 55)",b'inline bool operator==(const interval_t &righ...'
duckdb-main,../repos/duckdb-main/src/include/duckdb/common/types/interval.hpp,"(44, 14)-(44, 54)",b'inline bool operator>(const interval_t &right...'
duckdb-main,../repos/duckdb-main/src/include/duckdb/common/types/interval.hpp,"(64, 14)-(64, 54)",b'inline bool operator<(const interval_t &right...'
duckdb-main,../repos/duckdb-main/src/include/duckdb/common/types/interval.hpp,"(68, 14)-(68, 55)",b'inline bool operator<=(const interval_t &righ...'
duckdb-main,../repos/duckdb-main/src/include/duckdb/common/types/interval.hpp,"(72, 14)-(72, 55)",b'inline bool operator>=(const interval_t &righ...'
duckdb-main,../repos/duckdb-main/src/include/duckdb/common/types/row/tuple_data_allocator.hpp,"(26, 18)-(26, 51)",b'&operator=(const TupleDataBlock &)'
duckdb-main,../repos/duckdb-main/src/include/duckdb/common/types/row/tuple_data_allocator.hpp,"(30, 18)-(30, 55)",b'&operator=(TupleDataBlock &&) noexcept'
duckdb-main,../repos/duckdb-main/src/include/duckdb/common/types/row/tuple_data_segment.hpp,"(29, 22)-(29, 59)",b'&operator=(const TupleDataChunkPart &)'
duckdb-main,../repos/duckdb-main/src/include/duckdb/common/types/row/tuple_data_segment.hpp,"(33, 22)-(33, 63)",b'&operator=(TupleDataChunkPart &&) noexcept'
duckdb-main,../repos/duckdb-main/src/include/duckdb/common/types/row/tuple_data_segment.hpp,"(59, 18)-(59, 51)",b'&operator=(const TupleDataChunk &)'
duckdb-main,../repos/duckdb-main/src/include/duckdb/common/types/row/tuple_data_segment.hpp,"(63, 18)-(63, 55)",b'&operator=(TupleDataChunk &&) noexcept'
duckdb-main,../repos/duckdb-main/src/include/duckdb/common/types/row/tuple_data_segment.hpp,"(93, 20)-(93, 55)",b'&operator=(const TupleDataSegment &)'
duckdb-main,../repos/duckdb-main/src/include/duckdb/common/types/row/tuple_data_segment.hpp,"(97, 20)-(97, 59)",b'&operator=(TupleDataSegment &&) noexcept'
duckdb-main,../repos/duckdb-main/src/include/duckdb/common/types/selection_vector.hpp,"(45, 19)-(45, 53)",b'&operator=(SelectionVector &&other)'
duckdb-main,../repos/duckdb-main/src/include/duckdb/common/types/selection_vector.hpp,"(110, 16)-(110, 45)",b'&operator[](idx_t index) const'
duckdb-main,../repos/duckdb-main/src/include/duckdb/common/types/selection_vector.hpp,"(179, 15)-(179, 44)",b'inline idx_t operator[](idx_t index) const {\n...'
duckdb-main,../repos/duckdb-main/src/include/duckdb/common/types/string_type.hpp,"(200, 7)-(200, 42)",b'bool operator==(const string_t &r) const {\n\t\t...'
duckdb-main,../repos/duckdb-main/src/include/duckdb/common/types/string_type.hpp,"(204, 7)-(204, 41)",b'bool operator>(const string_t &r) const {\n\t\tr...'
duckdb-main,../repos/duckdb-main/src/include/duckdb/common/types/string_type.hpp,"(207, 7)-(207, 41)",b'bool operator<(const string_t &r) const {\n\t\tr...'
duckdb-main,../repos/duckdb-main/src/include/duckdb/common/types/timestamp.hpp,"(32, 22)-(32, 48)",b'&operator=(int64_t value_p)'
duckdb-main,../repos/duckdb-main/src/include/duckdb/common/types/timestamp.hpp,"(43, 14)-(43, 54)",b'inline bool operator==(const timestamp_t &rhs...'
duckdb-main,../repos/duckdb-main/src/include/duckdb/common/types/timestamp.hpp,"(46, 14)-(46, 54)",b'inline bool operator!=(const timestamp_t &rhs...'
duckdb-main,../repos/duckdb-main/src/include/duckdb/common/types/timestamp.hpp,"(49, 14)-(49, 54)",b'inline bool operator<=(const timestamp_t &rhs...'
duckdb-main,../repos/duckdb-main/src/include/duckdb/common/types/timestamp.hpp,"(52, 14)-(52, 53)",b'inline bool operator<(const timestamp_t &rhs)...'
duckdb-main,../repos/duckdb-main/src/include/duckdb/common/types/timestamp.hpp,"(55, 14)-(55, 53)",b'inline bool operator>(const timestamp_t &rhs)...'
duckdb-main,../repos/duckdb-main/src/include/duckdb/common/types/timestamp.hpp,"(58, 14)-(58, 54)",b'inline bool operator>=(const timestamp_t &rhs...'
duckdb-main,../repos/duckdb-main/src/include/duckdb/common/types/timestamp.hpp,"(63, 14)-(63, 50)",b'timestamp_t operator+(const double &value) const;'
duckdb-main,../repos/duckdb-main/src/include/duckdb/common/types/timestamp.hpp,"(64, 10)-(64, 51)",b'int64_t operator-(const timestamp_t &other) const;'
duckdb-main,../repos/duckdb-main/src/include/duckdb/common/types/timestamp.hpp,"(67, 15)-(67, 47)",b'&operator+=(const int64_t &delta)'
duckdb-main,../repos/duckdb-main/src/include/duckdb/common/types/timestamp.hpp,"(68, 15)-(68, 47)",b'&operator-=(const int64_t &delta)'
duckdb-main,../repos/duckdb-main/src/include/duckdb/common/types/timestamp.hpp,"(175, 14)-(175, 60)",b'std::size_t operator()(const duckdb::timestam...'
duckdb-main,../repos/duckdb-main/src/include/duckdb/common/types/timestamp.hpp,"(182, 14)-(182, 63)",b'std::size_t operator()(const duckdb::timestam...'
duckdb-main,../repos/duckdb-main/src/include/duckdb/common/types/timestamp.hpp,"(189, 14)-(189, 63)",b'std::size_t operator()(const duckdb::timestam...'
duckdb-main,../repos/duckdb-main/src/include/duckdb/common/types/timestamp.hpp,"(196, 14)-(196, 64)",b'std::size_t operator()(const duckdb::timestam...'
duckdb-main,../repos/duckdb-main/src/include/duckdb/common/types/timestamp.hpp,"(203, 14)-(203, 63)",b'std::size_t operator()(const duckdb::timestam...'
duckdb-main,../repos/duckdb-main/src/include/duckdb/common/types/type_map.hpp,"(19, 11)-(19, 52)",b'uint64_t operator()(const LogicalType &type) ...'
duckdb-main,../repos/duckdb-main/src/include/duckdb/common/types/type_map.hpp,"(25, 7)-(25, 67)","b'bool operator()(const LogicalType &a, const L...'"
duckdb-main,../repos/duckdb-main/src/include/duckdb/common/types/type_map.hpp,"(36, 11)-(36, 57)",b'uint64_t operator()(const LogicalTypeId &type...'
duckdb-main,../repos/duckdb-main/src/include/duckdb/common/types/type_map.hpp,"(42, 7)-(42, 71)","b'bool operator()(const LogicalTypeId &a, const...'"
duckdb-main,../repos/duckdb-main/src/include/duckdb/common/types/value.hpp,"(63, 20)-(63, 49)",b'&operator=(const Value &other)'
duckdb-main,../repos/duckdb-main/src/include/duckdb/common/types/value.hpp,"(65, 20)-(65, 53)",b'&operator=(Value &&other) noexcept'
duckdb-main,../repos/duckdb-main/src/include/duckdb/common/types/value.hpp,"(248, 18)-(248, 52)",b'DUCKDB_API bool operator==(const Value &rhs) ...'
duckdb-main,../repos/duckdb-main/src/include/duckdb/common/types/value.hpp,"(249, 18)-(249, 52)",b'DUCKDB_API bool operator!=(const Value &rhs) ...'
duckdb-main,../repos/duckdb-main/src/include/duckdb/common/types/value.hpp,"(250, 18)-(250, 51)",b'DUCKDB_API bool operator<(const Value &rhs) const;'
duckdb-main,../repos/duckdb-main/src/include/duckdb/common/types/value.hpp,"(251, 18)-(251, 51)",b'DUCKDB_API bool operator>(const Value &rhs) const;'
duckdb-main,../repos/duckdb-main/src/include/duckdb/common/types/value.hpp,"(252, 18)-(252, 52)",b'DUCKDB_API bool operator<=(const Value &rhs) ...'
duckdb-main,../repos/duckdb-main/src/include/duckdb/common/types/value.hpp,"(253, 18)-(253, 52)",b'DUCKDB_API bool operator>=(const Value &rhs) ...'
duckdb-main,../repos/duckdb-main/src/include/duckdb/common/types/value.hpp,"(255, 18)-(255, 54)",b'DUCKDB_API bool operator==(const int64_t &rhs...'
duckdb-main,../repos/duckdb-main/src/include/duckdb/common/types/value.hpp,"(256, 18)-(256, 54)",b'DUCKDB_API bool operator!=(const int64_t &rhs...'
duckdb-main,../repos/duckdb-main/src/include/duckdb/common/types/value.hpp,"(257, 18)-(257, 53)",b'DUCKDB_API bool operator<(const int64_t &rhs)...'
duckdb-main,../repos/duckdb-main/src/include/duckdb/common/types/value.hpp,"(258, 18)-(258, 53)",b'DUCKDB_API bool operator>(const int64_t &rhs)...'
duckdb-main,../repos/duckdb-main/src/include/duckdb/common/types/value.hpp,"(259, 18)-(259, 54)",b'DUCKDB_API bool operator<=(const int64_t &rhs...'
duckdb-main,../repos/duckdb-main/src/include/duckdb/common/types/value.hpp,"(260, 18)-(260, 54)",b'DUCKDB_API bool operator>=(const int64_t &rhs...'
duckdb-main,../repos/duckdb-main/src/include/duckdb/common/types/value.hpp,"(286, 23)-(286, 70)","b'&operator<<(std::ostream &out, const Value &val)'"
duckdb-main,../repos/duckdb-main/src/include/duckdb/common/types/value_map.hpp,"(18, 11)-(18, 47)",b'uint64_t operator()(const Value &value) const...'
duckdb-main,../repos/duckdb-main/src/include/duckdb/common/types/value_map.hpp,"(24, 7)-(24, 55)","b'bool operator()(const Value &a, const Value &...'"
duckdb-main,../repos/duckdb-main/src/include/duckdb/common/types.hpp,"(44, 24)-(44, 67)",b'inline constexpr bool operator!=(const list_e...'
duckdb-main,../repos/duckdb-main/src/include/duckdb/common/types.hpp,"(47, 24)-(47, 67)",b'inline constexpr bool operator==(const list_e...'
duckdb-main,../repos/duckdb-main/src/include/duckdb/common/types.hpp,"(268, 22)-(268, 57)",b'&operator=(const LogicalType &other)'
duckdb-main,../repos/duckdb-main/src/include/duckdb/common/types.hpp,"(275, 22)-(275, 61)",b'&operator=(LogicalType &&other) noexcept'
duckdb-main,../repos/duckdb-main/src/include/duckdb/common/types.hpp,"(282, 18)-(282, 58)",b'DUCKDB_API bool operator==(const LogicalType ...'
duckdb-main,../repos/duckdb-main/src/include/duckdb/common/types.hpp,"(283, 14)-(283, 54)",b'inline bool operator!=(const LogicalType &rhs...'
duckdb-main,../repos/duckdb-main/src/include/duckdb/common/uhugeint.hpp,"(24, 14)-(24, 46)",b'&operator=(const uhugeint_t &rhs)'
duckdb-main,../repos/duckdb-main/src/include/duckdb/common/uhugeint.hpp,"(25, 14)-(25, 41)",b'&operator=(uhugeint_t &&rhs)'
duckdb-main,../repos/duckdb-main/src/include/duckdb/common/uhugeint.hpp,"(30, 18)-(30, 57)",b'DUCKDB_API bool operator==(const uhugeint_t &...'
duckdb-main,../repos/duckdb-main/src/include/duckdb/common/uhugeint.hpp,"(31, 18)-(31, 57)",b'DUCKDB_API bool operator!=(const uhugeint_t &...'
duckdb-main,../repos/duckdb-main/src/include/duckdb/common/uhugeint.hpp,"(32, 18)-(32, 57)",b'DUCKDB_API bool operator<=(const uhugeint_t &...'
duckdb-main,../repos/duckdb-main/src/include/duckdb/common/uhugeint.hpp,"(33, 18)-(33, 56)",b'DUCKDB_API bool operator<(const uhugeint_t &r...'
duckdb-main,../repos/duckdb-main/src/include/duckdb/common/uhugeint.hpp,"(34, 18)-(34, 56)",b'DUCKDB_API bool operator>(const uhugeint_t &r...'
duckdb-main,../repos/duckdb-main/src/include/duckdb/common/uhugeint.hpp,"(35, 18)-(35, 57)",b'DUCKDB_API bool operator>=(const uhugeint_t &...'
duckdb-main,../repos/duckdb-main/src/include/duckdb/common/uhugeint.hpp,"(38, 24)-(38, 62)",b'operator+(const uhugeint_t &rhs) const;'
duckdb-main,../repos/duckdb-main/src/include/duckdb/common/uhugeint.hpp,"(39, 24)-(39, 62)",b'operator-(const uhugeint_t &rhs) const;'
duckdb-main,../repos/duckdb-main/src/include/duckdb/common/uhugeint.hpp,"(40, 24)-(40, 62)",b'operator*(const uhugeint_t &rhs) const;'
duckdb-main,../repos/duckdb-main/src/include/duckdb/common/uhugeint.hpp,"(41, 24)-(41, 62)",b'operator/(const uhugeint_t &rhs) const;'
duckdb-main,../repos/duckdb-main/src/include/duckdb/common/uhugeint.hpp,"(42, 24)-(42, 62)",b'operator%(const uhugeint_t &rhs) const;'
duckdb-main,../repos/duckdb-main/src/include/duckdb/common/uhugeint.hpp,"(43, 24)-(43, 41)",b'operator-() const;'
duckdb-main,../repos/duckdb-main/src/include/duckdb/common/uhugeint.hpp,"(46, 24)-(46, 63)",b'operator>>(const uhugeint_t &rhs) const;'
duckdb-main,../repos/duckdb-main/src/include/duckdb/common/uhugeint.hpp,"(47, 24)-(47, 63)",b'operator<<(const uhugeint_t &rhs) const;'
duckdb-main,../repos/duckdb-main/src/include/duckdb/common/uhugeint.hpp,"(48, 24)-(48, 62)",b'operator&(const uhugeint_t &rhs) const;'
duckdb-main,../repos/duckdb-main/src/include/duckdb/common/uhugeint.hpp,"(49, 24)-(49, 62)",b'operator|(const uhugeint_t &rhs) const;'
duckdb-main,../repos/duckdb-main/src/include/duckdb/common/uhugeint.hpp,"(50, 24)-(50, 62)",b'operator^(const uhugeint_t &rhs) const;'
duckdb-main,../repos/duckdb-main/src/include/duckdb/common/uhugeint.hpp,"(51, 24)-(51, 41)",b'operator~() const;'
duckdb-main,../repos/duckdb-main/src/include/duckdb/common/uhugeint.hpp,"(54, 25)-(54, 58)",b'&operator+=(const uhugeint_t &rhs)'
duckdb-main,../repos/duckdb-main/src/include/duckdb/common/uhugeint.hpp,"(55, 25)-(55, 58)",b'&operator-=(const uhugeint_t &rhs)'
duckdb-main,../repos/duckdb-main/src/include/duckdb/common/uhugeint.hpp,"(56, 25)-(56, 58)",b'&operator*=(const uhugeint_t &rhs)'
duckdb-main,../repos/duckdb-main/src/include/duckdb/common/uhugeint.hpp,"(57, 25)-(57, 58)",b'&operator/=(const uhugeint_t &rhs)'
duckdb-main,../repos/duckdb-main/src/include/duckdb/common/uhugeint.hpp,"(58, 25)-(58, 58)",b'&operator%=(const uhugeint_t &rhs)'
duckdb-main,../repos/duckdb-main/src/include/duckdb/common/uhugeint.hpp,"(59, 25)-(59, 59)",b'&operator>>=(const uhugeint_t &rhs)'
duckdb-main,../repos/duckdb-main/src/include/duckdb/common/uhugeint.hpp,"(60, 25)-(60, 59)",b'&operator<<=(const uhugeint_t &rhs)'
duckdb-main,../repos/duckdb-main/src/include/duckdb/common/uhugeint.hpp,"(61, 25)-(61, 58)",b'&operator&=(const uhugeint_t &rhs)'
duckdb-main,../repos/duckdb-main/src/include/duckdb/common/uhugeint.hpp,"(62, 25)-(62, 58)",b'&operator|=(const uhugeint_t &rhs)'
duckdb-main,../repos/duckdb-main/src/include/duckdb/common/uhugeint.hpp,"(63, 25)-(63, 58)",b'&operator^=(const uhugeint_t &rhs)'
duckdb-main,../repos/duckdb-main/src/include/duckdb/common/uhugeint.hpp,"(67, 18)-(67, 35)",b'DUCKDB_API bool operator!() const;'
duckdb-main,../repos/duckdb-main/src/include/duckdb/common/unique_ptr.hpp,"(30, 48)-(30, 65)",b'typename std::add_lvalue_reference<_Tp>::type...'
duckdb-main,../repos/duckdb-main/src/include/duckdb/common/unique_ptr.hpp,"(38, 29)-(38, 47)",b'typename original::pointer operator->() const...'
duckdb-main,../repos/duckdb-main/src/include/duckdb/common/unique_ptr.hpp,"(74, 48)-(74, 76)",b'typename std::add_lvalue_reference<_Tp>::type...'
duckdb-main,../repos/duckdb-main/src/include/duckdb/common/vector.hpp,"(75, 31)-(75, 75)",b'typename original::reference operator[](typen...'
duckdb-main,../repos/duckdb-main/src/include/duckdb/common/vector.hpp,"(78, 37)-(78, 87)",b'typename original::const_reference operator[]...'
duckdb-main,../repos/duckdb-main/src/include/duckdb/execution/index/art/art_key.hpp,"(55, 10)-(55, 30)",b'&operator[](size_t i)'
duckdb-main,../repos/duckdb-main/src/include/duckdb/execution/index/art/art_key.hpp,"(58, 16)-(58, 42)",b'&operator[](size_t i) const'
duckdb-main,../repos/duckdb-main/src/include/duckdb/execution/index/art/art_key.hpp,"(61, 7)-(61, 39)",b'bool operator>(const ARTKey &k) const;'
duckdb-main,../repos/duckdb-main/src/include/duckdb/execution/index/art/art_key.hpp,"(62, 7)-(62, 40)",b'bool operator>=(const ARTKey &k) const;'
duckdb-main,../repos/duckdb-main/src/include/duckdb/execution/index/art/art_key.hpp,"(63, 7)-(63, 40)",b'bool operator==(const ARTKey &k) const;'
duckdb-main,../repos/duckdb-main/src/include/duckdb/execution/index/art/iterator.hpp,"(39, 18)-(39, 39)",b'&operator[](idx_t idx)'
duckdb-main,../repos/duckdb-main/src/include/duckdb/execution/index/art/iterator.hpp,"(44, 7)-(44, 41)",b'bool operator>(const ARTKey &key) const;'
duckdb-main,../repos/duckdb-main/src/include/duckdb/execution/index/art/iterator.hpp,"(46, 7)-(46, 42)",b'bool operator>=(const ARTKey &key) const;'
duckdb-main,../repos/duckdb-main/src/include/duckdb/execution/index/art/iterator.hpp,"(48, 7)-(48, 42)",b'bool operator==(const ARTKey &key) const;'
duckdb-main,../repos/duckdb-main/src/include/duckdb/execution/index/art/leaf.hpp,"(33, 8)-(33, 31)",b'&operator=(const Leaf &)'
duckdb-main,../repos/duckdb-main/src/include/duckdb/execution/index/art/node.hpp,"(129, 14)-(129, 48)",b'inline void operator=(const IndexPointer &ptr...'
duckdb-main,../repos/duckdb-main/src/include/duckdb/execution/index/art/node16.hpp,"(22, 10)-(22, 35)",b'&operator=(const Node16 &)'
duckdb-main,../repos/duckdb-main/src/include/duckdb/execution/index/art/node256.hpp,"(22, 11)-(22, 37)",b'&operator=(const Node256 &)'
duckdb-main,../repos/duckdb-main/src/include/duckdb/execution/index/art/node4.hpp,"(22, 9)-(22, 33)",b'&operator=(const Node4 &)'
duckdb-main,../repos/duckdb-main/src/include/duckdb/execution/index/art/node48.hpp,"(23, 10)-(23, 35)",b'&operator=(const Node48 &)'
duckdb-main,../repos/duckdb-main/src/include/duckdb/execution/index/art/prefix.hpp,"(25, 10)-(25, 35)",b'&operator=(const Prefix &)'
duckdb-main,../repos/duckdb-main/src/include/duckdb/execution/index/index_pointer.hpp,"(79, 14)-(79, 55)",b'inline bool operator==(const IndexPointer &pt...'
duckdb-main,../repos/duckdb-main/src/include/duckdb/execution/merge_sort_tree.hpp,"(90, 8)-(90, 64)","b'bool operator()(const RunElement &lhs, const ...'"
duckdb-main,../repos/duckdb-main/src/include/duckdb/execution/operator/csv_scanner/options/csv_option.hpp,"(60, 7)-(60, 47)",b'bool operator==(const CSVOption &other) const...'
duckdb-main,../repos/duckdb-main/src/include/duckdb/execution/operator/csv_scanner/options/csv_option.hpp,"(64, 7)-(64, 47)",b'bool operator!=(const CSVOption &other) const...'
duckdb-main,../repos/duckdb-main/src/include/duckdb/execution/operator/csv_scanner/options/csv_option.hpp,"(68, 7)-(68, 39)",b'bool operator==(const T &other) const {\n\t\tret...'
duckdb-main,../repos/duckdb-main/src/include/duckdb/execution/operator/csv_scanner/options/csv_option.hpp,"(72, 7)-(72, 39)",b'bool operator!=(const T &other) const {\n\t\tret...'
duckdb-main,../repos/duckdb-main/src/include/duckdb/execution/operator/csv_scanner/options/state_machine_options.hpp,"(30, 7)-(30, 60)",b'bool operator==(const CSVStateMachineOptions ...'
duckdb-main,../repos/duckdb-main/src/include/duckdb/execution/operator/csv_scanner/scanner/column_count_scanner.hpp,"(22, 16)-(22, 40)",b'&operator[](size_t index)'
duckdb-main,../repos/duckdb-main/src/include/duckdb/execution/operator/csv_scanner/scanner/string_value_scanner.hpp,"(27, 8)-(27, 44)",b'idx_t operator-(const LinePosition &other) {\n...'
duckdb-main,../repos/duckdb-main/src/include/duckdb/execution/operator/csv_scanner/state_machine/csv_state_machine_cache.hpp,"(26, 18)-(26, 50)",b'*operator[](CSVState state) const'
duckdb-main,../repos/duckdb-main/src/include/duckdb/execution/operator/csv_scanner/state_machine/csv_state_machine_cache.hpp,"(30, 12)-(30, 38)",b'*operator[](CSVState state)'
duckdb-main,../repos/duckdb-main/src/include/duckdb/execution/operator/csv_scanner/state_machine/csv_state_machine_cache.hpp,"(37, 9)-(37, 72)",b'size_t operator()(CSVStateMachineOptions cons...'
duckdb-main,../repos/duckdb-main/src/include/duckdb/function/aggregate_function.hpp,"(166, 7)-(166, 53)",b'bool operator==(const AggregateFunction &rhs)...'
duckdb-main,../repos/duckdb-main/src/include/duckdb/function/aggregate_function.hpp,"(170, 7)-(170, 53)",b'bool operator!=(const AggregateFunction &rhs)...'
duckdb-main,../repos/duckdb-main/src/include/duckdb/function/scalar/regexp.hpp,"(108, 24)-(108, 63)",b'&operator=(RegexStringPieceArgs &&other)'
duckdb-main,../repos/duckdb-main/src/include/duckdb/function/scalar/strftime_format.hpp,"(155, 7)-(155, 52)",b'bool operator!=(const StrpTimeFormat &other) ...'
duckdb-main,../repos/duckdb-main/src/include/duckdb/function/scalar_function.hpp,"(109, 18)-(109, 61)",b'DUCKDB_API bool operator==(const ScalarFuncti...'
duckdb-main,../repos/duckdb-main/src/include/duckdb/function/scalar_function.hpp,"(110, 18)-(110, 61)",b'DUCKDB_API bool operator!=(const ScalarFuncti...'
duckdb-main,../repos/duckdb-main/src/include/duckdb/function/table/arrow/arrow_duck_schema.hpp,"(74, 19)-(74, 48)",b'&operator[](idx_t index) const'
duckdb-main,../repos/duckdb-main/src/include/duckdb/function/table/arrow.hpp,"(28, 14)-(28, 56)",b'inline bool operator==(const ArrowInterval &r...'
duckdb-main,../repos/duckdb-main/src/include/duckdb/main/chunk_scan_state.hpp,"(20, 18)-(20, 56)",b'&operator=(const ChunkScanState &other)'
duckdb-main,../repos/duckdb-main/src/include/duckdb/main/chunk_scan_state.hpp,"(21, 18)-(21, 51)",b'&operator=(ChunkScanState &&other)'
duckdb-main,../repos/duckdb-main/src/include/duckdb/main/config.hpp,"(189, 7)-(189, 53)",b'bool operator==(const DBConfigOptions &other)...'
duckdb-main,../repos/duckdb-main/src/include/duckdb/main/config.hpp,"(267, 7)-(267, 40)",b'bool operator==(const DBConfig &other);'
duckdb-main,../repos/duckdb-main/src/include/duckdb/main/config.hpp,"(268, 7)-(268, 40)",b'bool operator!=(const DBConfig &other);'
duckdb-main,../repos/duckdb-main/src/include/duckdb/main/connection.hpp,"(45, 14)-(45, 43)",b'&operator=(const Connection &)'
duckdb-main,../repos/duckdb-main/src/include/duckdb/main/connection.hpp,"(48, 25)-(48, 58)",b'&operator=(Connection &&) noexcept'
duckdb-main,../repos/duckdb-main/src/include/duckdb/main/query_result.hpp,"(179, 24)-(179, 36)",b'&operator++()'
duckdb-main,../repos/duckdb-main/src/include/duckdb/main/query_result.hpp,"(183, 8)-(183, 58)",b'bool operator!=(const QueryResultIterator &ot...'
duckdb-main,../repos/duckdb-main/src/include/duckdb/main/query_result.hpp,"(186, 25)-(186, 42)",b'&operator*() const'
duckdb-main,../repos/duckdb-main/src/include/duckdb/optimizer/join_order/join_node.hpp,"(43, 7)-(43, 40)",b'bool operator==(const JoinNode &other) {\n\t\tre...'
duckdb-main,../repos/duckdb-main/src/include/duckdb/parser/base_expression.hpp,"(79, 7)-(79, 44)",b'bool operator==(const BaseExpression &rhs) {\n...'
duckdb-main,../repos/duckdb-main/src/include/duckdb/parser/column_list.hpp,"(99, 35)-(99, 47)",b'&operator++()'
duckdb-main,../repos/duckdb-main/src/include/duckdb/parser/column_list.hpp,"(103, 9)-(103, 69)",b'bool operator!=(const ColumnLogicalIteratorIn...'
duckdb-main,../repos/duckdb-main/src/include/duckdb/parser/column_list.hpp,"(106, 28)-(106, 45)",b'&operator*() const'
duckdb-main,../repos/duckdb-main/src/include/duckdb/parser/expression_map.hpp,"(22, 11)-(22, 53)",b'uint64_t operator()(const reference<T> &expr)...'
duckdb-main,../repos/duckdb-main/src/include/duckdb/parser/expression_map.hpp,"(29, 7)-(29, 69)","b'bool operator()(const reference<T> &a, const ...'"
duckdb-main,../repos/duckdb-main/src/include/duckdb/parser/qualified_name_set.hpp,"(18, 11)-(18, 57)",b'uint64_t operator()(const QualifiedColumnName...'
duckdb-main,../repos/duckdb-main/src/include/duckdb/parser/qualified_name_set.hpp,"(25, 7)-(25, 83)","b'bool operator()(const QualifiedColumnName &a,...'"
duckdb-main,../repos/duckdb-main/src/include/duckdb/planner/binder.hpp,"(67, 7)-(67, 56)",b'bool operator==(const CorrelatedColumnInfo &r...'
duckdb-main,../repos/duckdb-main/src/include/duckdb/planner/column_binding.hpp,"(34, 7)-(34, 49)",b'bool operator==(const ColumnBinding &rhs) con...'
duckdb-main,../repos/duckdb-main/src/include/duckdb/planner/column_binding.hpp,"(38, 7)-(38, 49)",b'bool operator!=(const ColumnBinding &rhs) con...'
duckdb-main,../repos/duckdb-main/src/include/duckdb/planner/column_binding_map.hpp,"(19, 11)-(19, 51)",b'uint64_t operator()(const ColumnBinding &a) c...'
duckdb-main,../repos/duckdb-main/src/include/duckdb/planner/column_binding_map.hpp,"(25, 7)-(25, 71)","b'bool operator()(const ColumnBinding &a, const...'"
duckdb-main,../repos/duckdb-main/src/include/duckdb/planner/joinside.hpp,"(44, 7)-(44, 35)",b'bool operator==(JoinSide a) const {\n\t\treturn ...'
duckdb-main,../repos/duckdb-main/src/include/duckdb/planner/joinside.hpp,"(47, 7)-(47, 35)",b'bool operator!=(JoinSide a) const {\n\t\treturn ...'
duckdb-main,../repos/duckdb-main/src/include/duckdb/storage/buffer/block_handle.hpp,"(31, 25)-(31, 65)",b'&operator=(const BufferPoolReservation &)'
duckdb-main,../repos/duckdb-main/src/include/duckdb/storage/buffer/block_handle.hpp,"(34, 25)-(34, 69)",b'&operator=(BufferPoolReservation &&) noexcept'
duckdb-main,../repos/duckdb-main/src/include/duckdb/storage/buffer/buffer_handle.hpp,"(25, 16)-(25, 47)",b'&operator=(const BufferHandle &)'
duckdb-main,../repos/duckdb-main/src/include/duckdb/storage/buffer/buffer_handle.hpp,"(28, 27)-(28, 62)",b'&operator=(BufferHandle &&) noexcept'
duckdb-main,../repos/duckdb-main/src/include/duckdb/storage/metadata/metadata_writer.hpp,"(21, 18)-(21, 51)",b'&operator=(const MetadataWriter &)'
duckdb-main,../repos/duckdb-main/src/include/duckdb/storage/statistics/base_statistics.hpp,"(49, 18)-(49, 51)",b'&operator=(const BaseStatistics &)'
duckdb-main,../repos/duckdb-main/src/include/duckdb/storage/statistics/base_statistics.hpp,"(52, 29)-(52, 66)",b'&operator=(BaseStatistics &&) noexcept'
duckdb-main,../repos/duckdb-main/src/include/duckdb/storage/table/segment_lock.hpp,"(24, 15)-(24, 45)",b'&operator=(const SegmentLock &)'
duckdb-main,../repos/duckdb-main/src/include/duckdb/storage/table/segment_lock.hpp,"(29, 15)-(29, 54)",b'&operator=(SegmentLock &&other) noexcept'
duckdb-main,../repos/duckdb-main/src/include/duckdb/storage/table/segment_tree.hpp,"(309, 21)-(309, 33)",b'&operator++()'
duckdb-main,../repos/duckdb-main/src/include/duckdb/storage/table/segment_tree.hpp,"(313, 9)-(313, 55)",b'bool operator!=(const SegmentIterator &other)...'
duckdb-main,../repos/duckdb-main/src/include/duckdb/storage/table/segment_tree.hpp,"(316, 7)-(316, 24)",b'&operator*() const'
duckdb-main,../repos/duckdb-main/src/optimizer/expression_heuristics.cpp,"(36, 8)-(36, 50)",b'bool operator==(const ExpressionCosts &p) con...'
duckdb-main,../repos/duckdb-main/src/optimizer/expression_heuristics.cpp,"(39, 8)-(39, 49)",b'bool operator<(const ExpressionCosts &p) cons...'
