Repo name,File name,Location,Content
duckdb-main,../repos/duckdb-main/src/include/duckdb/common/serializer/deserializer.hpp,"(31, 2)-(51, 3)",b'class List {\n\t\tfriend Deserializer;\n\n\tprivate...'
duckdb-main,../repos/duckdb-main/src/include/duckdb/common/serializer/serializer.hpp,"(30, 2)-(49, 3)",b'class List {\n\t\tfriend Serializer;\n\n\tprivate:\n...'
duckdb-main,../repos/duckdb-main/src/include/duckdb/execution/operator/join/physical_range_join.hpp,"(23, 2)-(49, 3)",b'class LocalSortedTable {\n\tpublic:\n\t\tLocalSort...'
duckdb-main,../repos/duckdb-main/src/include/duckdb/execution/operator/join/physical_range_join.hpp,"(51, 2)-(89, 3)",b'class GlobalSortedTable {\n\tpublic:\n\t\tGlobalSo...'
duckdb-main,../repos/duckdb-main/src/include/duckdb/parser/column_list.hpp,"(18, 2)-(18, 26)",b'class ColumnListIterator'
duckdb-main,../repos/duckdb-main/src/include/duckdb/parser/column_list.hpp,"(77, 2)-(126, 3)",b'class ColumnListIterator {\n\tpublic:\n\t\tColumnL...'
duckdb-main,../repos/duckdb-main/src/include/duckdb/parser/column_list.hpp,"(87, 3)-(113, 4)",b'class ColumnLogicalIteratorInternal {\n\t\tpubli...'
duckdb-main,../repos/duckdb-main/src/include/duckdb/planner/subquery/rewrite_correlated_expressions.hpp,"(31, 2)-(42, 3)",b'class RewriteCorrelatedRecursive {\n\tpublic:\n\t...'
duckdb-main,../repos/duckdb-main/src/include/duckdb/storage/table/segment_tree.hpp,"(31, 2)-(31, 30)",b'class SegmentIterationHelper'
duckdb-main,../repos/duckdb-main/src/include/duckdb/storage/table/segment_tree.hpp,"(287, 2)-(329, 3)",b'class SegmentIterationHelper {\n\tpublic:\n\t\texp...'
duckdb-main,../repos/duckdb-main/src/include/duckdb/storage/table/segment_tree.hpp,"(296, 3)-(320, 4)",b'class SegmentIterator {\n\t\tpublic:\n\t\t\tSegmentI...'
