Repo name,File name,Location,Content
duckdb-main,../repos/duckdb-main/src/common/adbc/nanoarrow/single_batch_array_stream.cpp,"(17, 1)-(17, 45)",b'using duckdb_nanoarrow::ArrowSchemaDeepCopy;'
duckdb-main,../repos/duckdb-main/src/common/symbols.cpp,"(44, 1)-(44, 24)",b'using namespace duckdb;'
duckdb-main,../repos/duckdb-main/src/execution/operator/persistent/physical_export.cpp,"(18, 1)-(18, 25)",b'using std::stringstream;'
duckdb-main,../repos/duckdb-main/src/function/scalar/string/regexp/regexp_extract_all.cpp,"(9, 1)-(9, 38)",b'using regexp_util::CreateStringPiece;'
duckdb-main,../repos/duckdb-main/src/function/scalar/string/regexp/regexp_extract_all.cpp,"(10, 1)-(10, 28)",b'using regexp_util::Extract;'
duckdb-main,../repos/duckdb-main/src/function/scalar/string/regexp/regexp_extract_all.cpp,"(11, 1)-(11, 38)",b'using regexp_util::ParseRegexOptions;'
duckdb-main,../repos/duckdb-main/src/function/scalar/string/regexp/regexp_extract_all.cpp,"(12, 1)-(12, 44)",b'using regexp_util::TryParseConstantPattern;'
duckdb-main,../repos/duckdb-main/src/function/scalar/string/regexp.cpp,"(15, 1)-(15, 38)",b'using regexp_util::CreateStringPiece;'
duckdb-main,../repos/duckdb-main/src/function/scalar/string/regexp.cpp,"(16, 1)-(16, 28)",b'using regexp_util::Extract;'
duckdb-main,../repos/duckdb-main/src/function/scalar/string/regexp.cpp,"(17, 1)-(17, 38)",b'using regexp_util::ParseRegexOptions;'
duckdb-main,../repos/duckdb-main/src/function/scalar/string/regexp.cpp,"(18, 1)-(18, 44)",b'using regexp_util::TryParseConstantPattern;'
duckdb-main,../repos/duckdb-main/src/include/duckdb/common/array.hpp,"(14, 1)-(14, 18)",b'using std::array;'
duckdb-main,../repos/duckdb-main/src/include/duckdb/common/arrow/nanoarrow/nanoarrow.hpp,"(9, 1)-(9, 46)",b'using duckdb_nanoarrow::ArrowBufferAllocator;'
duckdb-main,../repos/duckdb-main/src/include/duckdb/common/arrow/nanoarrow/nanoarrow.hpp,"(10, 1)-(10, 36)",b'using duckdb_nanoarrow::ArrowError;'
duckdb-main,../repos/duckdb-main/src/include/duckdb/common/arrow/nanoarrow/nanoarrow.hpp,"(11, 1)-(11, 41)",b'using duckdb_nanoarrow::ArrowSchemaView;'
duckdb-main,../repos/duckdb-main/src/include/duckdb/common/arrow/nanoarrow/nanoarrow.hpp,"(12, 1)-(12, 41)",b'using duckdb_nanoarrow::ArrowStringView;'
duckdb-main,../repos/duckdb-main/src/include/duckdb/common/atomic.hpp,"(14, 1)-(14, 19)",b'using std::atomic;'
duckdb-main,../repos/duckdb-main/src/include/duckdb/common/bitset.hpp,"(14, 1)-(14, 19)",b'using std::bitset;'
duckdb-main,../repos/duckdb-main/src/include/duckdb/common/chrono.hpp,"(14, 1)-(14, 29)",b'using std::chrono::duration;'
duckdb-main,../repos/duckdb-main/src/include/duckdb/common/chrono.hpp,"(15, 1)-(15, 34)",b'using std::chrono::duration_cast;'
duckdb-main,../repos/duckdb-main/src/include/duckdb/common/chrono.hpp,"(16, 1)-(16, 42)",b'using std::chrono::high_resolution_clock;'
duckdb-main,../repos/duckdb-main/src/include/duckdb/common/chrono.hpp,"(17, 1)-(17, 33)",b'using std::chrono::milliseconds;'
duckdb-main,../repos/duckdb-main/src/include/duckdb/common/chrono.hpp,"(18, 1)-(18, 33)",b'using std::chrono::system_clock;'
duckdb-main,../repos/duckdb-main/src/include/duckdb/common/chrono.hpp,"(19, 1)-(19, 31)",b'using std::chrono::time_point;'
duckdb-main,../repos/duckdb-main/src/include/duckdb/common/constants.hpp,"(27, 1)-(27, 17)",b'using std::move;'
duckdb-main,../repos/duckdb-main/src/include/duckdb/common/deque.hpp,"(14, 1)-(14, 18)",b'using std::deque;'
duckdb-main,../repos/duckdb-main/src/include/duckdb/common/fstream.hpp,"(15, 1)-(15, 17)",b'using std::endl;'
duckdb-main,../repos/duckdb-main/src/include/duckdb/common/fstream.hpp,"(16, 1)-(16, 20)",b'using std::fstream;'
duckdb-main,../repos/duckdb-main/src/include/duckdb/common/fstream.hpp,"(17, 1)-(17, 21)",b'using std::ifstream;'
duckdb-main,../repos/duckdb-main/src/include/duckdb/common/fstream.hpp,"(18, 1)-(18, 16)",b'using std::ios;'
duckdb-main,../repos/duckdb-main/src/include/duckdb/common/fstream.hpp,"(19, 1)-(19, 21)",b'using std::ios_base;'
duckdb-main,../repos/duckdb-main/src/include/duckdb/common/fstream.hpp,"(20, 1)-(20, 21)",b'using std::ofstream;'
duckdb-main,../repos/duckdb-main/src/include/duckdb/common/list.hpp,"(14, 1)-(14, 17)",b'using std::list;'
duckdb-main,../repos/duckdb-main/src/include/duckdb/common/map.hpp,"(14, 1)-(14, 16)",b'using std::map;'
duckdb-main,../repos/duckdb-main/src/include/duckdb/common/map.hpp,"(15, 1)-(15, 21)",b'using std::multimap;'
duckdb-main,../repos/duckdb-main/src/include/duckdb/common/mutex.hpp,"(17, 1)-(17, 23)",b'using std::lock_guard;'
duckdb-main,../repos/duckdb-main/src/include/duckdb/common/mutex.hpp,"(18, 1)-(18, 18)",b'using std::mutex;'
duckdb-main,../repos/duckdb-main/src/include/duckdb/common/mutex.hpp,"(19, 1)-(19, 24)",b'using std::unique_lock;'
duckdb-main,../repos/duckdb-main/src/include/duckdb/common/pair.hpp,"(14, 1)-(14, 22)",b'using std::make_pair;'
duckdb-main,../repos/duckdb-main/src/include/duckdb/common/pair.hpp,"(15, 1)-(15, 17)",b'using std::pair;'
duckdb-main,../repos/duckdb-main/src/include/duckdb/common/queue.hpp,"(14, 1)-(14, 18)",b'using std::queue;'
duckdb-main,../repos/duckdb-main/src/include/duckdb/common/set.hpp,"(14, 1)-(14, 21)",b'using std::multiset;'
duckdb-main,../repos/duckdb-main/src/include/duckdb/common/set.hpp,"(15, 1)-(15, 16)",b'using std::set;'
duckdb-main,../repos/duckdb-main/src/include/duckdb/common/shared_ptr.hpp,"(15, 1)-(15, 24)",b'using std::make_shared;'
duckdb-main,../repos/duckdb-main/src/include/duckdb/common/shared_ptr.hpp,"(16, 1)-(16, 23)",b'using std::shared_ptr;'
duckdb-main,../repos/duckdb-main/src/include/duckdb/common/shared_ptr.hpp,"(17, 1)-(17, 21)",b'using std::weak_ptr;'
duckdb-main,../repos/duckdb-main/src/include/duckdb/common/sort/duckdb_pdqsort.hpp,"(38, 1)-(38, 21)",b'using duckdb::idx_t;'
duckdb-main,../repos/duckdb-main/src/include/duckdb/common/sort/duckdb_pdqsort.hpp,"(39, 1)-(39, 22)",b'using duckdb::data_t;'
duckdb-main,../repos/duckdb-main/src/include/duckdb/common/sort/duckdb_pdqsort.hpp,"(40, 1)-(40, 26)",b'using duckdb::data_ptr_t;'
duckdb-main,../repos/duckdb-main/src/include/duckdb/common/sort/duckdb_pdqsort.hpp,"(41, 1)-(41, 26)",b'using duckdb::unique_ptr;'
duckdb-main,../repos/duckdb-main/src/include/duckdb/common/sort/duckdb_pdqsort.hpp,"(42, 1)-(42, 28)",b'using duckdb::unique_array;'
duckdb-main,../repos/duckdb-main/src/include/duckdb/common/sort/duckdb_pdqsort.hpp,"(43, 1)-(43, 35)",b'using duckdb::unsafe_unique_array;'
duckdb-main,../repos/duckdb-main/src/include/duckdb/common/sort/duckdb_pdqsort.hpp,"(44, 1)-(44, 31)",b'using duckdb::make_uniq_array;'
duckdb-main,../repos/duckdb-main/src/include/duckdb/common/sort/duckdb_pdqsort.hpp,"(45, 1)-(45, 38)",b'using duckdb::make_unsafe_uniq_array;'
duckdb-main,../repos/duckdb-main/src/include/duckdb/common/sort/duckdb_pdqsort.hpp,"(46, 1)-(46, 26)",b'using duckdb::FastMemcpy;'
duckdb-main,../repos/duckdb-main/src/include/duckdb/common/sort/duckdb_pdqsort.hpp,"(47, 1)-(47, 26)",b'using duckdb::FastMemcmp;'
duckdb-main,../repos/duckdb-main/src/include/duckdb/common/stack.hpp,"(14, 1)-(14, 18)",b'using std::stack;'
duckdb-main,../repos/duckdb-main/src/include/duckdb/common/string.hpp,"(15, 1)-(15, 19)",b'using std::string;'
duckdb-main,../repos/duckdb-main/src/include/duckdb/common/swap.hpp,"(14, 1)-(14, 17)",b'using std::swap;'
duckdb-main,../repos/duckdb-main/src/include/duckdb/common/thread.hpp,"(14, 1)-(14, 19)",b'using std::thread;'
duckdb-main,../repos/duckdb-main/src/include/duckdb/common/to_string.hpp,"(12, 1)-(12, 22)",b'using std::to_string;'
duckdb-main,../repos/duckdb-main/src/include/duckdb/common/types/date.hpp,"(223, 3)-(223, 19)",b'using std::hash;'
duckdb-main,../repos/duckdb-main/src/include/duckdb/common/types/datetime.hpp,"(143, 3)-(143, 19)",b'using std::hash;'
duckdb-main,../repos/duckdb-main/src/include/duckdb/common/types/datetime.hpp,"(151, 3)-(151, 19)",b'using std::hash;'
duckdb-main,../repos/duckdb-main/src/include/duckdb/common/types/timestamp.hpp,"(176, 3)-(176, 19)",b'using std::hash;'
duckdb-main,../repos/duckdb-main/src/include/duckdb/common/types/timestamp.hpp,"(183, 3)-(183, 19)",b'using std::hash;'
duckdb-main,../repos/duckdb-main/src/include/duckdb/common/types/timestamp.hpp,"(190, 3)-(190, 19)",b'using std::hash;'
duckdb-main,../repos/duckdb-main/src/include/duckdb/common/types/timestamp.hpp,"(197, 3)-(197, 19)",b'using std::hash;'
duckdb-main,../repos/duckdb-main/src/include/duckdb/common/types/timestamp.hpp,"(204, 3)-(204, 19)",b'using std::hash;'
duckdb-main,../repos/duckdb-main/src/include/duckdb/common/unique_ptr.hpp,"(16, 2)-(16, 27)",b'using original::original;'
duckdb-main,../repos/duckdb-main/src/include/duckdb/common/unique_ptr.hpp,"(60, 2)-(60, 27)",b'using original::original;'
duckdb-main,../repos/duckdb-main/src/include/duckdb/common/unordered_map.hpp,"(14, 1)-(14, 26)",b'using std::unordered_map;'
duckdb-main,../repos/duckdb-main/src/include/duckdb/common/unordered_set.hpp,"(14, 1)-(14, 26)",b'using std::unordered_set;'
duckdb-main,../repos/duckdb-main/src/include/duckdb/common/vector.hpp,"(24, 2)-(24, 27)",b'using original::original;'
duckdb-main,../repos/duckdb-main/src/include/duckdb/storage/in_memory_block_manager.hpp,"(20, 2)-(20, 35)",b'using BlockManager::BlockManager;'
duckdb-main,../repos/duckdb-main/src/main/capi/appender-c.cpp,"(4, 1)-(4, 24)",b'using duckdb::Appender;'
duckdb-main,../repos/duckdb-main/src/main/capi/appender-c.cpp,"(5, 1)-(5, 31)",b'using duckdb::AppenderWrapper;'
duckdb-main,../repos/duckdb-main/src/main/capi/appender-c.cpp,"(6, 1)-(6, 26)",b'using duckdb::Connection;'
duckdb-main,../repos/duckdb-main/src/main/capi/appender-c.cpp,"(7, 1)-(7, 22)",b'using duckdb::date_t;'
duckdb-main,../repos/duckdb-main/src/main/capi/appender-c.cpp,"(8, 1)-(8, 23)",b'using duckdb::dtime_t;'
duckdb-main,../repos/duckdb-main/src/main/capi/appender-c.cpp,"(9, 1)-(9, 25)",b'using duckdb::hugeint_t;'
duckdb-main,../repos/duckdb-main/src/main/capi/appender-c.cpp,"(10, 1)-(10, 26)",b'using duckdb::interval_t;'
duckdb-main,../repos/duckdb-main/src/main/capi/appender-c.cpp,"(11, 1)-(11, 24)",b'using duckdb::string_t;'
duckdb-main,../repos/duckdb-main/src/main/capi/appender-c.cpp,"(12, 1)-(12, 27)",b'using duckdb::timestamp_t;'
duckdb-main,../repos/duckdb-main/src/main/capi/appender-c.cpp,"(13, 1)-(13, 26)",b'using duckdb::uhugeint_t;'
duckdb-main,../repos/duckdb-main/src/main/capi/arrow-c.cpp,"(7, 1)-(7, 30)",b'using duckdb::ArrowConverter;'
duckdb-main,../repos/duckdb-main/src/main/capi/arrow-c.cpp,"(8, 1)-(8, 34)",b'using duckdb::ArrowResultWrapper;'
duckdb-main,../repos/duckdb-main/src/main/capi/arrow-c.cpp,"(9, 1)-(9, 26)",b'using duckdb::Connection;'
duckdb-main,../repos/duckdb-main/src/main/capi/arrow-c.cpp,"(10, 1)-(10, 25)",b'using duckdb::DataChunk;'
duckdb-main,../repos/duckdb-main/src/main/capi/arrow-c.cpp,"(11, 1)-(11, 27)",b'using duckdb::LogicalType;'
duckdb-main,../repos/duckdb-main/src/main/capi/arrow-c.cpp,"(12, 1)-(12, 39)",b'using duckdb::MaterializedQueryResult;'
duckdb-main,../repos/duckdb-main/src/main/capi/arrow-c.cpp,"(13, 1)-(13, 40)",b'using duckdb::PreparedStatementWrapper;'
duckdb-main,../repos/duckdb-main/src/main/capi/arrow-c.cpp,"(14, 1)-(14, 27)",b'using duckdb::QueryResult;'
duckdb-main,../repos/duckdb-main/src/main/capi/arrow-c.cpp,"(15, 1)-(15, 31)",b'using duckdb::QueryResultType;'
duckdb-main,../repos/duckdb-main/src/main/capi/config-c.cpp,"(5, 1)-(5, 24)",b'using duckdb::DBConfig;'
duckdb-main,../repos/duckdb-main/src/main/capi/config-c.cpp,"(6, 1)-(6, 21)",b'using duckdb::Value;'
duckdb-main,../repos/duckdb-main/src/main/capi/datetime-c.cpp,"(6, 1)-(6, 20)",b'using duckdb::Date;'
duckdb-main,../repos/duckdb-main/src/main/capi/datetime-c.cpp,"(7, 1)-(7, 20)",b'using duckdb::Time;'
duckdb-main,../repos/duckdb-main/src/main/capi/datetime-c.cpp,"(8, 1)-(8, 25)",b'using duckdb::Timestamp;'
duckdb-main,../repos/duckdb-main/src/main/capi/datetime-c.cpp,"(10, 1)-(10, 22)",b'using duckdb::date_t;'
duckdb-main,../repos/duckdb-main/src/main/capi/datetime-c.cpp,"(11, 1)-(11, 23)",b'using duckdb::dtime_t;'
duckdb-main,../repos/duckdb-main/src/main/capi/datetime-c.cpp,"(12, 1)-(12, 27)",b'using duckdb::timestamp_t;'
duckdb-main,../repos/duckdb-main/src/main/capi/duckdb-c.cpp,"(3, 1)-(3, 26)",b'using duckdb::Connection;'
duckdb-main,../repos/duckdb-main/src/main/capi/duckdb-c.cpp,"(4, 1)-(4, 28)",b'using duckdb::DatabaseData;'
duckdb-main,../repos/duckdb-main/src/main/capi/duckdb-c.cpp,"(5, 1)-(5, 24)",b'using duckdb::DBConfig;'
duckdb-main,../repos/duckdb-main/src/main/capi/duckdb-c.cpp,"(6, 1)-(6, 22)",b'using duckdb::DuckDB;'
duckdb-main,../repos/duckdb-main/src/main/capi/hugeint-c.cpp,"(9, 1)-(9, 23)",b'using duckdb::Hugeint;'
duckdb-main,../repos/duckdb-main/src/main/capi/hugeint-c.cpp,"(10, 1)-(10, 25)",b'using duckdb::hugeint_t;'
duckdb-main,../repos/duckdb-main/src/main/capi/hugeint-c.cpp,"(11, 1)-(11, 24)",b'using duckdb::Uhugeint;'
duckdb-main,../repos/duckdb-main/src/main/capi/hugeint-c.cpp,"(12, 1)-(12, 26)",b'using duckdb::uhugeint_t;'
duckdb-main,../repos/duckdb-main/src/main/capi/hugeint-c.cpp,"(13, 1)-(13, 21)",b'using duckdb::Value;'
duckdb-main,../repos/duckdb-main/src/main/capi/pending-c.cpp,"(8, 1)-(8, 38)",b'using duckdb::case_insensitive_map_t;'
duckdb-main,../repos/duckdb-main/src/main/capi/pending-c.cpp,"(9, 1)-(9, 25)",b'using duckdb::make_uniq;'
duckdb-main,../repos/duckdb-main/src/main/capi/pending-c.cpp,"(10, 1)-(10, 28)",b'using duckdb::optional_ptr;'
duckdb-main,../repos/duckdb-main/src/main/capi/pending-c.cpp,"(11, 1)-(11, 38)",b'using duckdb::PendingExecutionResult;'
duckdb-main,../repos/duckdb-main/src/main/capi/pending-c.cpp,"(12, 1)-(12, 34)",b'using duckdb::PendingQueryResult;'
duckdb-main,../repos/duckdb-main/src/main/capi/pending-c.cpp,"(13, 1)-(13, 39)",b'using duckdb::PendingStatementWrapper;'
duckdb-main,../repos/duckdb-main/src/main/capi/pending-c.cpp,"(14, 1)-(14, 40)",b'using duckdb::PreparedStatementWrapper;'
duckdb-main,../repos/duckdb-main/src/main/capi/pending-c.cpp,"(15, 1)-(15, 21)",b'using duckdb::Value;'
duckdb-main,../repos/duckdb-main/src/main/capi/prepared-c.cpp,"(9, 1)-(9, 38)",b'using duckdb::case_insensitive_map_t;'
duckdb-main,../repos/duckdb-main/src/main/capi/prepared-c.cpp,"(10, 1)-(10, 26)",b'using duckdb::Connection;'
duckdb-main,../repos/duckdb-main/src/main/capi/prepared-c.cpp,"(11, 1)-(11, 22)",b'using duckdb::date_t;'
duckdb-main,../repos/duckdb-main/src/main/capi/prepared-c.cpp,"(12, 1)-(12, 23)",b'using duckdb::dtime_t;'
duckdb-main,../repos/duckdb-main/src/main/capi/prepared-c.cpp,"(13, 1)-(13, 40)",b'using duckdb::ExtractStatementsWrapper;'
duckdb-main,../repos/duckdb-main/src/main/capi/prepared-c.cpp,"(14, 1)-(14, 25)",b'using duckdb::hugeint_t;'
duckdb-main,../repos/duckdb-main/src/main/capi/prepared-c.cpp,"(15, 1)-(15, 27)",b'using duckdb::LogicalType;'
duckdb-main,../repos/duckdb-main/src/main/capi/prepared-c.cpp,"(16, 1)-(16, 39)",b'using duckdb::MaterializedQueryResult;'
duckdb-main,../repos/duckdb-main/src/main/capi/prepared-c.cpp,"(17, 1)-(17, 28)",b'using duckdb::optional_ptr;'
duckdb-main,../repos/duckdb-main/src/main/capi/prepared-c.cpp,"(18, 1)-(18, 40)",b'using duckdb::PreparedStatementWrapper;'
duckdb-main,../repos/duckdb-main/src/main/capi/prepared-c.cpp,"(19, 1)-(19, 31)",b'using duckdb::QueryResultType;'
duckdb-main,../repos/duckdb-main/src/main/capi/prepared-c.cpp,"(20, 1)-(20, 26)",b'using duckdb::StringUtil;'
duckdb-main,../repos/duckdb-main/src/main/capi/prepared-c.cpp,"(21, 1)-(21, 27)",b'using duckdb::timestamp_t;'
duckdb-main,../repos/duckdb-main/src/main/capi/prepared-c.cpp,"(22, 1)-(22, 26)",b'using duckdb::uhugeint_t;'
duckdb-main,../repos/duckdb-main/src/main/capi/prepared-c.cpp,"(23, 1)-(23, 21)",b'using duckdb::Value;'
duckdb-main,../repos/duckdb-main/src/main/capi/threading-c.cpp,"(4, 1)-(4, 28)",b'using duckdb::DatabaseData;'
duckdb-main,../repos/duckdb-main/src/main/capi/value-c.cpp,"(12, 1)-(12, 22)",b'using duckdb::date_t;'
duckdb-main,../repos/duckdb-main/src/main/capi/value-c.cpp,"(13, 1)-(13, 23)",b'using duckdb::dtime_t;'
duckdb-main,../repos/duckdb-main/src/main/capi/value-c.cpp,"(14, 1)-(14, 33)",b'using duckdb::FetchDefaultValue;'
duckdb-main,../repos/duckdb-main/src/main/capi/value-c.cpp,"(15, 1)-(15, 33)",b'using duckdb::GetInternalCValue;'
duckdb-main,../repos/duckdb-main/src/main/capi/value-c.cpp,"(16, 1)-(16, 25)",b'using duckdb::hugeint_t;'
duckdb-main,../repos/duckdb-main/src/main/capi/value-c.cpp,"(17, 1)-(17, 26)",b'using duckdb::interval_t;'
duckdb-main,../repos/duckdb-main/src/main/capi/value-c.cpp,"(18, 1)-(18, 26)",b'using duckdb::StringCast;'
duckdb-main,../repos/duckdb-main/src/main/capi/value-c.cpp,"(19, 1)-(19, 27)",b'using duckdb::timestamp_t;'
duckdb-main,../repos/duckdb-main/src/main/capi/value-c.cpp,"(20, 1)-(20, 36)",b'using duckdb::ToCStringCastWrapper;'
duckdb-main,../repos/duckdb-main/src/main/capi/value-c.cpp,"(21, 1)-(21, 26)",b'using duckdb::uhugeint_t;'
duckdb-main,../repos/duckdb-main/src/main/capi/value-c.cpp,"(22, 1)-(22, 27)",b'using duckdb::UnsafeFetch;'
