Repo name,File name,Location,Content
duckdb-main,../repos/duckdb-main/src/execution/window_executor.cpp,"(154, 2)-(156, 3)",b'friend inline iterator &operator+(const itera...'
duckdb-main,../repos/duckdb-main/src/execution/window_executor.cpp,"(158, 2)-(160, 3)",b'friend inline iterator &operator-(const itera...'
duckdb-main,../repos/duckdb-main/src/execution/window_executor.cpp,"(162, 2)-(164, 3)",b'friend inline iterator &operator+(difference_...'
duckdb-main,../repos/duckdb-main/src/execution/window_executor.cpp,"(165, 2)-(167, 3)",b'friend inline difference_type operator-(const...'
duckdb-main,../repos/duckdb-main/src/execution/window_executor.cpp,"(169, 2)-(171, 3)",b'friend inline bool operator==(const iterator ...'
duckdb-main,../repos/duckdb-main/src/execution/window_executor.cpp,"(172, 2)-(174, 3)",b'friend inline bool operator!=(const iterator ...'
duckdb-main,../repos/duckdb-main/src/execution/window_executor.cpp,"(175, 2)-(177, 3)",b'friend inline bool operator<(const iterator &...'
duckdb-main,../repos/duckdb-main/src/execution/window_executor.cpp,"(178, 2)-(180, 3)",b'friend inline bool operator<=(const iterator ...'
duckdb-main,../repos/duckdb-main/src/execution/window_executor.cpp,"(181, 2)-(183, 3)",b'friend inline bool operator>(const iterator &...'
duckdb-main,../repos/duckdb-main/src/execution/window_executor.cpp,"(184, 2)-(186, 3)",b'friend inline bool operator>=(const iterator ...'
duckdb-main,../repos/duckdb-main/src/include/duckdb/catalog/dependency_list.hpp,"(20, 2)-(20, 33)",b'friend class DependencyManager;'
duckdb-main,../repos/duckdb-main/src/include/duckdb/catalog/dependency_list.hpp,"(21, 2)-(21, 41)",b'friend class DependencySetCatalogEntry;'
duckdb-main,../repos/duckdb-main/src/include/duckdb/catalog/dependency_manager.hpp,"(80, 2)-(80, 26)",b'friend class CatalogSet;'
duckdb-main,../repos/duckdb-main/src/include/duckdb/catalog/dependency_manager.hpp,"(81, 2)-(81, 41)",b'friend class DependencySetCatalogEntry;'
duckdb-main,../repos/duckdb-main/src/include/duckdb/common/cycle_counter.hpp,"(20, 2)-(20, 31)",b'friend struct ExpressionInfo;'
duckdb-main,../repos/duckdb-main/src/include/duckdb/common/cycle_counter.hpp,"(21, 2)-(21, 35)",b'friend struct ExpressionRootInfo;'
duckdb-main,../repos/duckdb-main/src/include/duckdb/common/filename_pattern.hpp,"(20, 2)-(20, 22)",b'friend Deserializer;'
duckdb-main,../repos/duckdb-main/src/include/duckdb/common/fixed_size_map.hpp,"(25, 2)-(25, 45)",b'friend struct fixed_size_map_iterator_t<T>;'
duckdb-main,../repos/duckdb-main/src/include/duckdb/common/fixed_size_map.hpp,"(26, 2)-(26, 51)",b'friend struct const_fixed_size_map_iterator_t<T>;'
duckdb-main,../repos/duckdb-main/src/include/duckdb/common/fixed_size_map.hpp,"(153, 2)-(155, 3)",b'friend bool operator==(const fixed_size_map_i...'
duckdb-main,../repos/duckdb-main/src/include/duckdb/common/fixed_size_map.hpp,"(157, 2)-(159, 3)",b'friend bool operator!=(const fixed_size_map_i...'
duckdb-main,../repos/duckdb-main/src/include/duckdb/common/fixed_size_map.hpp,"(195, 2)-(197, 3)",b'friend bool operator==(const const_fixed_size...'
duckdb-main,../repos/duckdb-main/src/include/duckdb/common/fixed_size_map.hpp,"(199, 2)-(201, 3)",b'friend bool operator!=(const const_fixed_size...'
duckdb-main,../repos/duckdb-main/src/include/duckdb/common/http_state.hpp,"(23, 2)-(23, 32)",b'friend class CachedFileHandle;'
duckdb-main,../repos/duckdb-main/src/include/duckdb/common/progress_bar/progress_bar.hpp,"(23, 2)-(23, 27)",b'friend class ProgressBar;'
duckdb-main,../repos/duckdb-main/src/include/duckdb/common/serializer/deserializer.hpp,"(32, 3)-(32, 23)",b'friend Deserializer;'
duckdb-main,../repos/duckdb-main/src/include/duckdb/common/serializer/serializer.hpp,"(31, 3)-(31, 21)",b'friend Serializer;'
duckdb-main,../repos/duckdb-main/src/include/duckdb/common/types/column/column_data_consumer.hpp,"(30, 3)-(37, 4)",b'friend bool operator<(const ChunkReference &l...'
duckdb-main,../repos/duckdb-main/src/include/duckdb/common/types/row/row_layout.hpp,"(20, 2)-(20, 31)",b'friend class TupleDataLayout;'
duckdb-main,../repos/duckdb-main/src/include/duckdb/common/types/row/tuple_data_collection.hpp,"(53, 2)-(53, 38)",b'friend class TupleDataChunkIterator;'
duckdb-main,../repos/duckdb-main/src/include/duckdb/common/types/row/tuple_data_collection.hpp,"(54, 2)-(54, 36)",b'friend class PartitionedTupleData;'
duckdb-main,../repos/duckdb-main/src/include/duckdb/common/types/string_type.hpp,"(20, 2)-(20, 42)",b'friend struct StringComparisonOperators;'
duckdb-main,../repos/duckdb-main/src/include/duckdb/common/types/string_type.hpp,"(21, 2)-(21, 29)",b'friend class StringSegment;'
duckdb-main,../repos/duckdb-main/src/include/duckdb/common/types/value.hpp,"(30, 2)-(30, 28)",b'friend struct StringValue;'
duckdb-main,../repos/duckdb-main/src/include/duckdb/common/types/value.hpp,"(31, 2)-(31, 28)",b'friend struct StructValue;'
duckdb-main,../repos/duckdb-main/src/include/duckdb/common/types/value.hpp,"(32, 2)-(32, 26)",b'friend struct ListValue;'
duckdb-main,../repos/duckdb-main/src/include/duckdb/common/types/value.hpp,"(33, 2)-(33, 27)",b'friend struct UnionValue;'
duckdb-main,../repos/duckdb-main/src/include/duckdb/common/types/value.hpp,"(34, 2)-(34, 27)",b'friend struct ArrayValue;'
duckdb-main,../repos/duckdb-main/src/include/duckdb/common/types/value.hpp,"(286, 2)-(289, 3)",b'friend std::ostream &operator<<(std::ostream ...'
duckdb-main,../repos/duckdb-main/src/include/duckdb/common/types/vector.hpp,"(60, 2)-(60, 31)",b'friend struct ConstantVector;'
duckdb-main,../repos/duckdb-main/src/include/duckdb/common/types/vector.hpp,"(61, 2)-(61, 33)",b'friend struct DictionaryVector;'
duckdb-main,../repos/duckdb-main/src/include/duckdb/common/types/vector.hpp,"(62, 2)-(62, 27)",b'friend struct FlatVector;'
duckdb-main,../repos/duckdb-main/src/include/duckdb/common/types/vector.hpp,"(63, 2)-(63, 27)",b'friend struct ListVector;'
duckdb-main,../repos/duckdb-main/src/include/duckdb/common/types/vector.hpp,"(64, 2)-(64, 29)",b'friend struct StringVector;'
duckdb-main,../repos/duckdb-main/src/include/duckdb/common/types/vector.hpp,"(65, 2)-(65, 27)",b'friend struct FSSTVector;'
duckdb-main,../repos/duckdb-main/src/include/duckdb/common/types/vector.hpp,"(66, 2)-(66, 29)",b'friend struct StructVector;'
duckdb-main,../repos/duckdb-main/src/include/duckdb/common/types/vector.hpp,"(67, 2)-(67, 28)",b'friend struct UnionVector;'
duckdb-main,../repos/duckdb-main/src/include/duckdb/common/types/vector.hpp,"(68, 2)-(68, 31)",b'friend struct SequenceVector;'
duckdb-main,../repos/duckdb-main/src/include/duckdb/common/types/vector.hpp,"(69, 2)-(69, 28)",b'friend struct ArrayVector;'
duckdb-main,../repos/duckdb-main/src/include/duckdb/common/types/vector.hpp,"(71, 2)-(71, 25)",b'friend class DataChunk;'
duckdb-main,../repos/duckdb-main/src/include/duckdb/common/types/vector.hpp,"(72, 2)-(72, 33)",b'friend class VectorCacheBuffer;'
duckdb-main,../repos/duckdb-main/src/include/duckdb/execution/executor.hpp,"(34, 2)-(34, 24)",b'friend class Pipeline;'
duckdb-main,../repos/duckdb-main/src/include/duckdb/execution/executor.hpp,"(35, 2)-(35, 28)",b'friend class PipelineTask;'
duckdb-main,../repos/duckdb-main/src/include/duckdb/execution/executor.hpp,"(36, 2)-(36, 34)",b'friend class PipelineBuildState;'
duckdb-main,../repos/duckdb-main/src/include/duckdb/execution/expression_executor.hpp,"(23, 2)-(23, 21)",b'friend class Index;'
duckdb-main,../repos/duckdb-main/src/include/duckdb/execution/expression_executor.hpp,"(24, 2)-(24, 41)",b'friend class CreateIndexLocalSinkState;'
duckdb-main,../repos/duckdb-main/src/include/duckdb/main/client_context.hpp,"(66, 2)-(66, 34)",b'friend class PendingQueryResult;'
duckdb-main,../repos/duckdb-main/src/include/duckdb/main/client_context.hpp,"(67, 2)-(67, 33)",b'friend class StreamQueryResult;'
duckdb-main,../repos/duckdb-main/src/include/duckdb/main/client_context.hpp,"(68, 2)-(68, 33)",b'friend class ConnectionManager;'
duckdb-main,../repos/duckdb-main/src/include/duckdb/main/config.hpp,"(193, 2)-(193, 32)",b'friend class DatabaseInstance;'
duckdb-main,../repos/duckdb-main/src/include/duckdb/main/config.hpp,"(194, 2)-(194, 30)",b'friend class StorageManager;'
duckdb-main,../repos/duckdb-main/src/include/duckdb/main/database.hpp,"(29, 2)-(29, 22)",b'friend class DuckDB;'
duckdb-main,../repos/duckdb-main/src/include/duckdb/main/database_manager.hpp,"(30, 2)-(30, 23)",b'friend class Catalog;'
duckdb-main,../repos/duckdb-main/src/include/duckdb/main/materialized_query_result.hpp,"(24, 2)-(24, 29)",b'friend class ClientContext;'
duckdb-main,../repos/duckdb-main/src/include/duckdb/main/pending_query_result.hpp,"(21, 2)-(21, 29)",b'friend class ClientContext;'
duckdb-main,../repos/duckdb-main/src/include/duckdb/main/query_profiler.hpp,"(99, 2)-(99, 29)",b'friend class QueryProfiler;'
duckdb-main,../repos/duckdb-main/src/include/duckdb/main/secret/secret.hpp,"(81, 2)-(81, 29)",b'friend class SecretManager;'
duckdb-main,../repos/duckdb-main/src/include/duckdb/main/secret/secret_manager.hpp,"(74, 2)-(74, 28)",b'friend struct SecretEntry;'
duckdb-main,../repos/duckdb-main/src/include/duckdb/main/secret/secret_storage.hpp,"(24, 2)-(24, 29)",b'friend class SecretManager;'
duckdb-main,../repos/duckdb-main/src/include/duckdb/main/stream_query_result.hpp,"(23, 2)-(23, 29)",b'friend class ClientContext;'
duckdb-main,../repos/duckdb-main/src/include/duckdb/parallel/pipeline.hpp,"(50, 2)-(50, 24)",b'friend class Executor;'
duckdb-main,../repos/duckdb-main/src/include/duckdb/parallel/pipeline.hpp,"(51, 2)-(51, 32)",b'friend class PipelineExecutor;'
duckdb-main,../repos/duckdb-main/src/include/duckdb/parallel/pipeline.hpp,"(52, 2)-(52, 29)",b'friend class PipelineEvent;'
duckdb-main,../repos/duckdb-main/src/include/duckdb/parallel/pipeline.hpp,"(53, 2)-(53, 35)",b'friend class PipelineFinishEvent;'
duckdb-main,../repos/duckdb-main/src/include/duckdb/parallel/pipeline.hpp,"(54, 2)-(54, 34)",b'friend class PipelineBuildState;'
duckdb-main,../repos/duckdb-main/src/include/duckdb/parallel/pipeline.hpp,"(55, 2)-(55, 28)",b'friend class MetaPipeline;'
duckdb-main,../repos/duckdb-main/src/include/duckdb/parser/transformer.hpp,"(46, 2)-(46, 41)",b'friend class StackChecker<Transformer>;'
duckdb-main,../repos/duckdb-main/src/include/duckdb/planner/binder.hpp,"(79, 2)-(79, 32)",b'friend class ExpressionBinder;'
duckdb-main,../repos/duckdb-main/src/include/duckdb/planner/binder.hpp,"(80, 2)-(80, 45)",b'friend class RecursiveDependentJoinPlanner;'
duckdb-main,../repos/duckdb-main/src/include/duckdb/planner/expression_binder/aggregate_binder.hpp,"(18, 2)-(18, 28)",b'friend class SelectBinder;'
duckdb-main,../repos/duckdb-main/src/include/duckdb/planner/expression_binder.hpp,"(58, 2)-(58, 46)",b'friend class StackChecker<ExpressionBinder>;'
duckdb-main,../repos/duckdb-main/src/include/duckdb/planner/planner.hpp,"(23, 2)-(23, 22)",b'friend class Binder;'
duckdb-main,../repos/duckdb-main/src/include/duckdb/storage/buffer/block_handle.hpp,"(53, 2)-(53, 28)",b'friend class BlockManager;'
duckdb-main,../repos/duckdb-main/src/include/duckdb/storage/buffer/block_handle.hpp,"(54, 2)-(54, 35)",b'friend struct BufferEvictionNode;'
duckdb-main,../repos/duckdb-main/src/include/duckdb/storage/buffer/block_handle.hpp,"(55, 2)-(55, 28)",b'friend class BufferHandle;'
duckdb-main,../repos/duckdb-main/src/include/duckdb/storage/buffer/block_handle.hpp,"(56, 2)-(56, 29)",b'friend class BufferManager;'
duckdb-main,../repos/duckdb-main/src/include/duckdb/storage/buffer/block_handle.hpp,"(57, 2)-(57, 37)",b'friend class StandardBufferManager;'
duckdb-main,../repos/duckdb-main/src/include/duckdb/storage/buffer/block_handle.hpp,"(58, 2)-(58, 26)",b'friend class BufferPool;'
duckdb-main,../repos/duckdb-main/src/include/duckdb/storage/buffer/buffer_pool.hpp,"(39, 2)-(39, 27)",b'friend class BlockHandle;'
duckdb-main,../repos/duckdb-main/src/include/duckdb/storage/buffer/buffer_pool.hpp,"(40, 2)-(40, 28)",b'friend class BlockManager;'
duckdb-main,../repos/duckdb-main/src/include/duckdb/storage/buffer/buffer_pool.hpp,"(41, 2)-(41, 29)",b'friend class BufferManager;'
duckdb-main,../repos/duckdb-main/src/include/duckdb/storage/buffer/buffer_pool.hpp,"(42, 2)-(42, 37)",b'friend class StandardBufferManager;'
duckdb-main,../repos/duckdb-main/src/include/duckdb/storage/buffer_manager.hpp,"(25, 2)-(25, 28)",b'friend class BufferHandle;'
duckdb-main,../repos/duckdb-main/src/include/duckdb/storage/buffer_manager.hpp,"(26, 2)-(26, 27)",b'friend class BlockHandle;'
duckdb-main,../repos/duckdb-main/src/include/duckdb/storage/buffer_manager.hpp,"(27, 2)-(27, 28)",b'friend class BlockManager;'
duckdb-main,../repos/duckdb-main/src/include/duckdb/storage/checkpoint_manager.hpp,"(95, 2)-(95, 40)",b'friend class SingleFileRowGroupWriter;'
duckdb-main,../repos/duckdb-main/src/include/duckdb/storage/checkpoint_manager.hpp,"(96, 2)-(96, 41)",b'friend class SingleFileTableDataWriter;'
duckdb-main,../repos/duckdb-main/src/include/duckdb/storage/compression/chimp/algorithm/output_bit_stream.hpp,"(27, 2)-(27, 31)",b'friend class BitStreamWriter;'
duckdb-main,../repos/duckdb-main/src/include/duckdb/storage/compression/chimp/algorithm/output_bit_stream.hpp,"(28, 2)-(28, 27)",b'friend class EmptyWriter;'
duckdb-main,../repos/duckdb-main/src/include/duckdb/storage/standard_buffer_manager.hpp,"(33, 2)-(33, 28)",b'friend class BufferHandle;'
duckdb-main,../repos/duckdb-main/src/include/duckdb/storage/standard_buffer_manager.hpp,"(34, 2)-(34, 27)",b'friend class BlockHandle;'
duckdb-main,../repos/duckdb-main/src/include/duckdb/storage/standard_buffer_manager.hpp,"(35, 2)-(35, 28)",b'friend class BlockManager;'
duckdb-main,../repos/duckdb-main/src/include/duckdb/storage/statistics/base_statistics.hpp,"(39, 2)-(39, 29)",b'friend struct NumericStats;'
duckdb-main,../repos/duckdb-main/src/include/duckdb/storage/statistics/base_statistics.hpp,"(40, 2)-(40, 28)",b'friend struct StringStats;'
duckdb-main,../repos/duckdb-main/src/include/duckdb/storage/statistics/base_statistics.hpp,"(41, 2)-(41, 28)",b'friend struct StructStats;'
duckdb-main,../repos/duckdb-main/src/include/duckdb/storage/statistics/base_statistics.hpp,"(42, 2)-(42, 26)",b'friend struct ListStats;'
duckdb-main,../repos/duckdb-main/src/include/duckdb/storage/statistics/base_statistics.hpp,"(43, 2)-(43, 27)",b'friend struct ArrayStats;'
duckdb-main,../repos/duckdb-main/src/include/duckdb/storage/storage_lock.hpp,"(31, 2)-(31, 30)",b'friend class StorageLockKey;'
duckdb-main,../repos/duckdb-main/src/include/duckdb/storage/table/column_data.hpp,"(38, 2)-(38, 38)",b'friend class ColumnDataCheckpointer;'
duckdb-main,../repos/duckdb-main/src/include/duckdb/storage/table/row_group.hpp,"(53, 2)-(53, 26)",b'friend class ColumnData;'
duckdb-main,../repos/duckdb-main/src/include/duckdb/storage/temporary_memory_manager.hpp,"(24, 2)-(24, 38)",b'friend class TemporaryMemoryManager;'
duckdb-main,../repos/duckdb-main/src/include/duckdb/storage/temporary_memory_manager.hpp,"(59, 2)-(59, 36)",b'friend class TemporaryMemoryState;'
duckdb-main,../repos/duckdb-main/src/include/duckdb/transaction/duck_transaction_manager.hpp,"(19, 2)-(19, 31)",b'friend struct CheckpointLock;'
