Repo name,File name,Location,Content
duckdb-main,../repos/duckdb-main/src/catalog/catalog.cpp,"(776, 23)-(776, 83)",b'[&](SchemaCatalogEntry &entry) { schemas.push...'
duckdb-main,../repos/duckdb-main/src/catalog/catalog.cpp,"(816, 7)-(826, 8)","b'[&](reference<SchemaCatalogEntry> left_p, ref...'"
duckdb-main,../repos/duckdb-main/src/catalog/catalog_entry/duck_table_entry.cpp,"(237, 12)-(237, 101)",b'[&](const ParsedExpression &child) { RenameEx...'
duckdb-main,../repos/duckdb-main/src/catalog/catalog_entry/duck_table_entry.cpp,"(759, 30)-(767, 3)",b'[&](Index &index) {\n\t\tIndexInfo info;\n\t\tinfo....'
duckdb-main,../repos/duckdb-main/src/catalog/catalog_entry/schema_catalog_entry.cpp,"(25, 39)-(31, 3)",b'[&](CatalogEntry &entry) {\n\t\tauto ldist = Str...'
duckdb-main,../repos/duckdb-main/src/catalog/catalog_entry/table_catalog_entry.cpp,"(65, 16)-(65, 107)",b'[&result](const unique_ptr<Constraint> &c) { ...'
duckdb-main,../repos/duckdb-main/src/catalog/catalog_set.cpp,"(662, 7)-(662, 61)",b'[&](CatalogEntry &entry) { entries.push_back(...'
duckdb-main,../repos/duckdb-main/src/catalog/dependency_catalog_set.cpp,"(34, 6)-(41, 7)",b'[&](CatalogEntry &entry) {\n\t\t    auto &dep = ...'
duckdb-main,../repos/duckdb-main/src/catalog/dependency_manager.cpp,"(112, 12)-(127, 3)",b'[&](CatalogEntry &other) {\n\t\tD_ASSERT(other.t...'
duckdb-main,../repos/duckdb-main/src/catalog/dependency_manager.cpp,"(345, 15)-(345, 99)",b'[&](DependencyEntry &dep) { to_remove.push_ba...'
duckdb-main,../repos/duckdb-main/src/catalog/dependency_manager.cpp,"(347, 17)-(347, 103)",b'[&](DependencyEntry &dep) { to_remove.push_ba...'
duckdb-main,../repos/duckdb-main/src/catalog/dependency_manager.cpp,"(364, 36)-(379, 3)",b'[&](DependencyEntry &dep) {\n\t\t// It makes no ...'
duckdb-main,../repos/duckdb-main/src/catalog/dependency_manager.cpp,"(380, 34)-(387, 3)",b'[&](DependencyEntry &dep) {\n\t\tauto flags = de...'
duckdb-main,../repos/duckdb-main/src/catalog/dependency_manager.cpp,"(407, 36)-(420, 3)",b'[&](DependencyEntry &dep) {\n\t\t// It makes no ...'
duckdb-main,../repos/duckdb-main/src/catalog/dependency_manager.cpp,"(424, 34)-(434, 3)",b'[&](DependencyEntry &dep) {\n\t\tauto entry = Lo...'
duckdb-main,../repos/duckdb-main/src/catalog/dependency_manager.cpp,"(473, 31)-(476, 3)",b'[&](CatalogEntry &set) {\n\t\tauto entry = Looku...'
duckdb-main,../repos/duckdb-main/src/catalog/dependency_manager.cpp,"(482, 43)-(489, 4)",b'[&](DependencyEntry &dependent) {\n\t\t\tauto dep...'
duckdb-main,../repos/duckdb-main/src/catalog/dependency_manager.cpp,"(500, 42)-(505, 3)",b'[&](DependencyEntry &dep) {\n\t\tif (dep.Depende...'
duckdb-main,../repos/duckdb-main/src/catalog/dependency_manager.cpp,"(509, 40)-(521, 3)",b'[&](DependencyEntry &other) {\n\t\tauto dependen...'
duckdb-main,../repos/duckdb-main/src/catalog/dependency_manager.cpp,"(524, 42)-(538, 3)",b'[&](DependencyEntry &other) {\n\t\tauto dependen...'
duckdb-main,../repos/duckdb-main/src/catalog/dependency_manager.cpp,"(560, 29)-(569, 3)",b'[&](CatalogEntry &dependency) {\n\t\tauto &dep =...'
duckdb-main,../repos/duckdb-main/src/catalog/dependency_manager.cpp,"(576, 31)-(585, 3)",b'[&](CatalogEntry &dependent) {\n\t\tauto &dep = ...'
duckdb-main,../repos/duckdb-main/src/catalog/duck_catalog.cpp,"(111, 16)-(111, 88)",b'[&](CatalogEntry &entry) { callback(entry.Cas...'
duckdb-main,../repos/duckdb-main/src/catalog/duck_catalog.cpp,"(115, 16)-(115, 88)",b'[&](CatalogEntry &entry) { callback(entry.Cas...'
duckdb-main,../repos/duckdb-main/src/common/extra_type_info.cpp,"(189, 40)-(191, 4)","b'[&](Deserializer::List &list, idx_t i) {\n\t\t\ts...'"
duckdb-main,../repos/duckdb-main/src/common/extra_type_info.cpp,"(317, 23)-(317, 94)","b'[&](Serializer::List &list, idx_t i) { list.W...'"
duckdb-main,../repos/duckdb-main/src/common/hive_partitioning.cpp,"(58, 48)-(60, 4)",b'[&](unique_ptr<Expression> &child) {\n\t\t\tConve...'
duckdb-main,../repos/duckdb-main/src/common/local_file_system.cpp,"(898, 26)-(904, 3)","b'[&](const string &fname, bool is_directory) {...'"
duckdb-main,../repos/duckdb-main/src/common/local_file_system.cpp,"(1036, 21)-(1052, 3)","b'[&](const string &fname, bool is_directory) {...'"
duckdb-main,../repos/duckdb-main/src/common/local_file_system.cpp,"(1057, 21)-(1068, 3)","b'[&](const string &fname, bool is_directory) {...'"
duckdb-main,../repos/duckdb-main/src/common/radix_partitioning.cpp,"(90, 76)-(93, 4)",b'[&](hash_t hash) {\n\t\t\tusing CONSTANTS = Radix...'
duckdb-main,../repos/duckdb-main/src/common/sort/radix_sort.cpp,"(32, 12)-(39, 13)","b'[&blob_ptr, &order, &sort_layout, &tie_col_of...'"
duckdb-main,../repos/duckdb-main/src/common/sort/sorted_block.cpp,"(19, 32)-(19, 103)","b'[](idx_t a, const unique_ptr<RowDataBlock> &b...'"
duckdb-main,../repos/duckdb-main/src/common/sort/sorted_block.cpp,"(22, 37)-(22, 108)","b'[](idx_t a, const unique_ptr<RowDataBlock> &b...'"
duckdb-main,../repos/duckdb-main/src/common/sort/sorted_block.cpp,"(89, 32)-(89, 103)","b'[](idx_t a, const unique_ptr<RowDataBlock> &b...'"
duckdb-main,../repos/duckdb-main/src/common/sort/sort_state.cpp,"(324, 23)-(324, 100)","b'[](idx_t a, const unique_ptr<RowDataBlock> &b...'"
duckdb-main,../repos/duckdb-main/src/common/sort/sort_state.cpp,"(403, 22)-(403, 97)","b'[](idx_t a, const unique_ptr<SortedBlock> &b)...'"
duckdb-main,../repos/duckdb-main/src/common/string_util.cpp,"(47, 46)-(47, 100)",b'[](int ch) { return ch > 0 && !CharacterIsSpa...'
duckdb-main,../repos/duckdb-main/src/common/string_util.cpp,"(53, 20)-(53, 105)",b'[&chars_to_trim](int ch) { return ch > 0 && c...'
duckdb-main,../repos/duckdb-main/src/common/string_util.cpp,"(125, 19)-(125, 57)",b'[quote](char c) { return c != quote; }'
duckdb-main,../repos/duckdb-main/src/common/string_util.cpp,"(129, 19)-(129, 106)","b'[delimiter, quote](char c) { return c != deli...'"
duckdb-main,../repos/duckdb-main/src/common/string_util.cpp,"(155, 58)-(155, 91)",b'[](const string &s) { return s; }'
duckdb-main,../repos/duckdb-main/src/common/string_util.cpp,"(201, 52)-(201, 99)",b'[](unsigned char c) { return std::toupper(c); }'
duckdb-main,../repos/duckdb-main/src/common/string_util.cpp,"(207, 52)-(207, 115)",b'[](unsigned char c) { return StringUtil::Char...'
duckdb-main,../repos/duckdb-main/src/common/string_util.cpp,"(301, 37)-(303, 3)","b'[](const pair<string, idx_t> &a, const pair<s...'"
duckdb-main,../repos/duckdb-main/src/common/tree_renderer.cpp,"(438, 39)-(443, 3)","b'[&](const T &child) {\n\t\tidx_t child_width, ch...'"
duckdb-main,../repos/duckdb-main/src/common/tree_renderer.cpp,"(458, 10)-(458, 105)",b'[&](const T &child) { width += CreateRenderTr...'
duckdb-main,../repos/duckdb-main/src/common/types/data_chunk.cpp,"(249, 23)-(249, 101)","b'[&](Serializer::List &list, idx_t i) { list.W...'"
duckdb-main,../repos/duckdb-main/src/common/types/data_chunk.cpp,"(252, 53)-(259, 3)","b'[&](Serializer::List &list, idx_t i) {\n\t\tlist...'"
duckdb-main,../repos/duckdb-main/src/common/types/data_chunk.cpp,"(253, 20)-(258, 4)",b'[&](Serializer &object) {\n\t\t\t// Reference the...'
duckdb-main,../repos/duckdb-main/src/common/types/data_chunk.cpp,"(269, 38)-(272, 3)","b'[&](Deserializer::List &list, idx_t i) {\n\t\tau...'"
duckdb-main,../repos/duckdb-main/src/common/types/data_chunk.cpp,"(280, 40)-(282, 3)","b'[&](Deserializer::List &list, idx_t i) {\n\t\tli...'"
duckdb-main,../repos/duckdb-main/src/common/types/data_chunk.cpp,"(281, 19)-(281, 88)",b'[&](Deserializer &object) { data[i].Deseriali...'
duckdb-main,../repos/duckdb-main/src/common/types/row/row_data_collection_scanner.cpp,"(179, 44)-(179, 116)","b'[&](idx_t c, const unique_ptr<RowDataBlock> &...'"
duckdb-main,../repos/duckdb-main/src/common/types/uuid.cpp,"(7, 18)-(18, 3)","b""[](char ch) -> unsigned char {\n\t\tif (ch >= '0..."""
duckdb-main,../repos/duckdb-main/src/common/types/uuid.cpp,"(19, 16)-(21, 3)","b""[](char ch) -> bool {\n\t\treturn (ch >= '0' && ..."""
duckdb-main,../repos/duckdb-main/src/common/types/uuid.cpp,"(57, 21)-(61, 3)","b'[](char byte_val, char *buf, idx_t &pos) {\n\t\t...'"
duckdb-main,../repos/duckdb-main/src/common/types/value.cpp,"(1849, 41)-(1852, 5)",b'[&](Serializer &serializer) {\n\t\t\t\tauto &child...'
duckdb-main,../repos/duckdb-main/src/common/types/value.cpp,"(1855, 41)-(1858, 5)",b'[&](Serializer &serializer) {\n\t\t\t\tauto &child...'
duckdb-main,../repos/duckdb-main/src/common/types/value.cpp,"(1861, 41)-(1864, 5)",b'[&](Serializer &serializer) {\n\t\t\t\tauto &child...'
duckdb-main,../repos/duckdb-main/src/common/types/value.cpp,"(1934, 41)-(1937, 4)",b'[&](Deserializer &obj) {\n\t\t\tauto children = o...'
duckdb-main,../repos/duckdb-main/src/common/types/value.cpp,"(1940, 41)-(1943, 4)",b'[&](Deserializer &obj) {\n\t\t\tauto children = o...'
duckdb-main,../repos/duckdb-main/src/common/types/value.cpp,"(1946, 41)-(1949, 4)",b'[&](Deserializer &obj) {\n\t\t\tauto children = o...'
duckdb-main,../repos/duckdb-main/src/common/types/vector.cpp,"(1083, 45)-(1087, 5)","b'[&](Serializer::List &list, idx_t i) {\n\t\t\t\tau...'"
duckdb-main,../repos/duckdb-main/src/common/types/vector.cpp,"(1094, 58)-(1096, 5)","b'[&](Serializer::List &list, idx_t i) {\n\t\t\t\tli...'"
duckdb-main,../repos/duckdb-main/src/common/types/vector.cpp,"(1095, 22)-(1095, 87)",b'[&](Serializer &object) { entries[i]->Seriali...'
duckdb-main,../repos/duckdb-main/src/common/types/vector.cpp,"(1113, 48)-(1118, 5)","b'[&](Serializer::List &list, idx_t i) {\n\t\t\t\tli...'"
duckdb-main,../repos/duckdb-main/src/common/types/vector.cpp,"(1114, 22)-(1117, 6)",b'[&](Serializer &object) {\n\t\t\t\t\tobject.WritePr...'
duckdb-main,../repos/duckdb-main/src/common/types/vector.cpp,"(1119, 41)-(1119, 104)",b'[&](Serializer &object) { child.Serialize(obj...'
duckdb-main,../repos/duckdb-main/src/common/types/vector.cpp,"(1128, 41)-(1128, 105)",b'[&](Serializer &object) { child.Serialize(obj...'
duckdb-main,../repos/duckdb-main/src/common/types/vector.cpp,"(1159, 39)-(1164, 5)","b'[&](Deserializer::List &list, idx_t i) {\n\t\t\t\t...'"
duckdb-main,../repos/duckdb-main/src/common/types/vector.cpp,"(1170, 43)-(1172, 5)","b'[&](Deserializer::List &list, idx_t i) {\n\t\t\t\t...'"
duckdb-main,../repos/duckdb-main/src/common/types/vector.cpp,"(1171, 21)-(1171, 84)",b'[&](Deserializer &obj) { entries[i]->Deserial...'
duckdb-main,../repos/duckdb-main/src/common/types/vector.cpp,"(1183, 42)-(1188, 5)","b'[&](Deserializer::List &list, idx_t i) {\n\t\t\t\t...'"
duckdb-main,../repos/duckdb-main/src/common/types/vector.cpp,"(1184, 21)-(1187, 6)",b'[&](Deserializer &obj) {\n\t\t\t\t\tlist_entries[i]...'
duckdb-main,../repos/duckdb-main/src/common/types/vector.cpp,"(1191, 42)-(1194, 5)",b'[&](Deserializer &obj) {\n\t\t\t\tauto &child = Li...'
duckdb-main,../repos/duckdb-main/src/common/types/vector.cpp,"(1199, 42)-(1202, 5)",b'[&](Deserializer &obj) {\n\t\t\t\tauto &child = Ar...'
duckdb-main,../repos/duckdb-main/src/common/types.cpp,"(1199, 26)-(1199, 89)",b'[](const LogicalType &arg_type) { return arg_...'
duckdb-main,../repos/duckdb-main/src/core_functions/scalar/bit/bitstring.cpp,"(12, 55)-(27, 7)","b'[&](string_t input, int32_t n) {\n\t\t    if (n ...'"
duckdb-main,../repos/duckdb-main/src/core_functions/scalar/bit/bitstring.cpp,"(59, 6)-(71, 7)","b'[&](string_t input, int32_t n, int32_t new_va...'"
duckdb-main,../repos/duckdb-main/src/core_functions/scalar/date/age.cpp,"(16, 59)-(23, 60)","b'[&](timestamp_t input, ValidityMask &mask, id...'"
duckdb-main,../repos/duckdb-main/src/core_functions/scalar/date/age.cpp,"(31, 6)-(38, 7)","b'[&](timestamp_t input1, timestamp_t input2, V...'"
duckdb-main,../repos/duckdb-main/src/core_functions/scalar/date/date_diff.cpp,"(21, 35)-(28, 8)","b'[&](TA startdate, TB enddate, ValidityMask &m...'"
duckdb-main,../repos/duckdb-main/src/core_functions/scalar/date/date_part.cpp,"(399, 49)-(399, 109)",b'[&](int64_t input) { return Timestamp::FromEp...'
duckdb-main,../repos/duckdb-main/src/core_functions/scalar/date/date_part.cpp,"(743, 46)-(750, 47)","b'[&](T input, ValidityMask &mask, idx_t idx) {...'"
duckdb-main,../repos/duckdb-main/src/core_functions/scalar/date/date_part.cpp,"(1561, 47)-(1568, 7)","b'[&](string_t specifier, T date, ValidityMask ...'"
duckdb-main,../repos/duckdb-main/src/core_functions/scalar/date/date_sub.cpp,"(25, 35)-(32, 8)","b'[&](TA startdate, TB enddate, ValidityMask &m...'"
duckdb-main,../repos/duckdb-main/src/core_functions/scalar/date/strftime.cpp,"(198, 84)-(206, 4)",b'[&](string_t input) {\n\t\t\tStrpTimeFormat::Pars...'
duckdb-main,../repos/duckdb-main/src/core_functions/scalar/date/strftime.cpp,"(220, 42)-(231, 8)","b'[&](string_t input, ValidityMask &mask, idx_t...'"
duckdb-main,../repos/duckdb-main/src/core_functions/scalar/generic/system_functions.cpp,"(46, 17)-(46, 85)",b'[](const CatalogSearchEntry &s) -> Value { re...'
duckdb-main,../repos/duckdb-main/src/core_functions/scalar/generic/system_functions.cpp,"(57, 58)-(59, 7)","b'[&](string_t db_name, string_t schema_name) {...'"
duckdb-main,../repos/duckdb-main/src/core_functions/scalar/list/list_cosine_similarity.cpp,"(35, 34)-(62, 7)","b'[&](list_entry_t left, list_entry_t right) {\n...'"
duckdb-main,../repos/duckdb-main/src/core_functions/scalar/list/list_distance.cpp,"(34, 34)-(56, 7)","b'[&](list_entry_t left, list_entry_t right) {\n...'"
duckdb-main,../repos/duckdb-main/src/core_functions/scalar/list/list_inner_product.cpp,"(33, 34)-(54, 7)","b'[&](list_entry_t left, list_entry_t right) {\n...'"
duckdb-main,../repos/duckdb-main/src/core_functions/scalar/math/numeric.cpp,"(348, 69)-(356, 4)",b'[&](T input) {\n\t\t\tif (input <= 0) {\n\t\t\t\t// be...'
duckdb-main,../repos/duckdb-main/src/core_functions/scalar/math/numeric.cpp,"(401, 69)-(409, 4)",b'[&](T input) {\n\t\t\tif (input < 0) {\n\t\t\t\t// bel...'
duckdb-main,../repos/duckdb-main/src/core_functions/scalar/math/numeric.cpp,"(455, 69)-(458, 4)",b'[&](T input) {\n\t\t\t//\tAlways floor\n\t\t\treturn (...'
duckdb-main,../repos/duckdb-main/src/core_functions/scalar/math/numeric.cpp,"(545, 69)-(552, 4)",b'[&](T input) {\n\t\t\tif (input < 0) {\n\t\t\t\tinput ...'
duckdb-main,../repos/duckdb-main/src/core_functions/scalar/math/numeric.cpp,"(588, 68)-(595, 3)",b'[&](T input) {\n\t\tif (input < 0) {\n\t\t\tinput -=...'
duckdb-main,../repos/duckdb-main/src/core_functions/scalar/math/numeric.cpp,"(605, 68)-(612, 3)",b'[&](T input) {\n\t\tif (input < 0) {\n\t\t\tinput -=...'
duckdb-main,../repos/duckdb-main/src/core_functions/scalar/operators/bitwise.cpp,"(100, 55)-(105, 7)","b'[&](string_t rhs, string_t lhs) {\n\t\t    strin...'"
duckdb-main,../repos/duckdb-main/src/core_functions/scalar/operators/bitwise.cpp,"(130, 55)-(135, 7)","b'[&](string_t rhs, string_t lhs) {\n\t\t    strin...'"
duckdb-main,../repos/duckdb-main/src/core_functions/scalar/operators/bitwise.cpp,"(160, 55)-(165, 7)","b'[&](string_t rhs, string_t lhs) {\n\t\t    strin...'"
duckdb-main,../repos/duckdb-main/src/core_functions/scalar/operators/bitwise.cpp,"(189, 80)-(194, 3)",b'[&](string_t input) {\n\t\tstring_t target = Str...'
duckdb-main,../repos/duckdb-main/src/core_functions/scalar/operators/bitwise.cpp,"(240, 55)-(256, 7)","b'[&](string_t input, int32_t shift) {\n\t\t    in...'"
duckdb-main,../repos/duckdb-main/src/core_functions/scalar/operators/bitwise.cpp,"(287, 55)-(299, 7)","b'[&](string_t input, int32_t shift) {\n\t\t    in...'"
duckdb-main,../repos/duckdb-main/src/core_functions/scalar/secret/which_secret.cpp,"(13, 55)-(19, 7)","b'[&](string_t path, string_t type) {\n\t\t    aut...'"
duckdb-main,../repos/duckdb-main/src/core_functions/scalar/string/bar.cpp,"(74, 7)-(76, 8)","b'[&](PrimitiveType<double> x, PrimitiveType<do...'"
duckdb-main,../repos/duckdb-main/src/core_functions/scalar/string/bar.cpp,"(82, 7)-(85, 8)","b'[&](PrimitiveType<double> x, PrimitiveType<do...'"
duckdb-main,../repos/duckdb-main/src/core_functions/scalar/string/chr.cpp,"(31, 75)-(34, 3)",b'[&](int32_t input) {\n\t\tChrOperator::GetCodepo...'
duckdb-main,../repos/duckdb-main/src/core_functions/scalar/string/damerau_levenshtein.cpp,"(96, 6)-(96, 112)","b'[&](string_t source, string_t target) { retur...'"
duckdb-main,../repos/duckdb-main/src/core_functions/scalar/string/format_bytes.cpp,"(9, 79)-(23, 3)",b'[&](int64_t bytes) {\n\t\tbool is_negative = byt...'
duckdb-main,../repos/duckdb-main/src/core_functions/scalar/string/hamming.cpp,"(38, 6)-(38, 92)","b'[&](string_t str, string_t tgt) { return Mism...'"
duckdb-main,../repos/duckdb-main/src/core_functions/scalar/string/jaccard.cpp,"(51, 6)-(51, 89)","b'[&](string_t str, string_t tgt) { return Jacc...'"
duckdb-main,../repos/duckdb-main/src/core_functions/scalar/string/jaro_winkler.cpp,"(31, 65)-(34, 3)",b'[&](const string_t &other_str) {\n\t\tauto other...'
duckdb-main,../repos/duckdb-main/src/core_functions/scalar/string/left_right.cpp,"(51, 6)-(51, 89)","b'[&](string_t str, int64_t pos) { return LeftS...'"
duckdb-main,../repos/duckdb-main/src/core_functions/scalar/string/left_right.cpp,"(87, 6)-(87, 90)","b'[&](string_t str, int64_t pos) { return Right...'"
duckdb-main,../repos/duckdb-main/src/core_functions/scalar/string/levenshtein.cpp,"(77, 6)-(77, 93)","b'[&](string_t str, string_t tgt) { return Leve...'"
duckdb-main,../repos/duckdb-main/src/core_functions/scalar/string/pad.cpp,"(127, 63)-(130, 7)","b'[&](string_t str, int32_t len, string_t pad) ...'"
duckdb-main,../repos/duckdb-main/src/core_functions/scalar/string/repeat.cpp,"(30, 51)-(32, 7)","b'[&](string_t str, int64_t cnt) {\n\t\t    return...'"
duckdb-main,../repos/duckdb-main/src/core_functions/scalar/string/replace.cpp,"(73, 6)-(76, 7)","b'[&](string_t input_string, string_t needle_st...'"
duckdb-main,../repos/duckdb-main/src/core_functions/scalar/string/reverse.cpp,"(26, 39)-(29, 3)","b'[&](size_t start, size_t end) {\n\t\tmemcpy(outp...'"
duckdb-main,../repos/duckdb-main/src/core_functions/scalar/string/to_base.cpp,"(26, 47)-(52, 7)","b'[&](int64_t input, int32_t radix, int32_t min...'"
duckdb-main,../repos/duckdb-main/src/core_functions/scalar/string/translate.cpp,"(85, 6)-(88, 7)","b'[&](string_t input_string, string_t needle_st...'"
duckdb-main,../repos/duckdb-main/src/core_functions/scalar/string/trim.cpp,"(80, 58)-(125, 7)","b'[&](string_t input, string_t ignored) {\n\t\t   ...'"
duckdb-main,../repos/duckdb-main/src/execution/operator/aggregate/physical_window.cpp,"(321, 32)-(321, 104)","b'[&](idx_t c, const unique_ptr<RowDataBlock> &...'"
duckdb-main,../repos/duckdb-main/src/execution/operator/aggregate/physical_window.cpp,"(333, 32)-(333, 104)","b'[&](idx_t c, const unique_ptr<RowDataBlock> &...'"
duckdb-main,../repos/duckdb-main/src/execution/operator/persistent/physical_batch_insert.cpp,"(217, 8)-(217, 107)","b'[&](const RowGroupBatchEntry &a, const RowGro...'"
duckdb-main,../repos/duckdb-main/src/execution/operator/persistent/physical_batch_insert.cpp,"(243, 32)-(245, 33)","b'[&](const RowGroupBatchEntry &a, const RowGro...'"
duckdb-main,../repos/duckdb-main/src/execution/operator/persistent/physical_batch_insert.cpp,"(435, 40)-(438, 5)",b'[&](DataChunk &insert_chunk) {\n\t\t\t\tstorage.Lo...'
duckdb-main,../repos/duckdb-main/src/execution/operator/persistent/physical_copy_to_file.cpp,"(88, 28)-(88, 79)","b'[&n_files](const string &path, bool) { n_file...'"
duckdb-main,../repos/duckdb-main/src/execution/operator/persistent/physical_export.cpp,"(105, 50)-(115, 4)",b'[&](CatalogEntry &entry) {\n\t\t\tif (entry.inter...'
duckdb-main,../repos/duckdb-main/src/execution/operator/persistent/physical_export.cpp,"(117, 15)-(117, 78)",b'[&](CatalogEntry &entry) { result.sequences.p...'
duckdb-main,../repos/duckdb-main/src/execution/operator/persistent/physical_export.cpp,"(119, 15)-(119, 81)",b'[&](CatalogEntry &entry) { result.custom_type...'
duckdb-main,../repos/duckdb-main/src/execution/operator/persistent/physical_export.cpp,"(120, 50)-(120, 111)",b'[&](CatalogEntry &entry) { result.indexes.pus...'
duckdb-main,../repos/duckdb-main/src/execution/operator/persistent/physical_export.cpp,"(121, 50)-(125, 4)",b'[&](CatalogEntry &entry) {\n\t\t\tif (!entry.inte...'
duckdb-main,../repos/duckdb-main/src/execution/operator/persistent/physical_export.cpp,"(126, 56)-(130, 4)",b'[&](CatalogEntry &entry) {\n\t\t\tif (!entry.inte...'
duckdb-main,../repos/duckdb-main/src/execution/operator/persistent/physical_export.cpp,"(158, 7)-(160, 8)","b'[](const reference<CatalogEntry> &lhs, const ...'"
duckdb-main,../repos/duckdb-main/src/execution/operator/persistent/physical_insert.cpp,"(491, 46)-(494, 4)",b'[&](DataChunk &insert_chunk) {\n\t\t\tstorage.Loc...'
duckdb-main,../repos/duckdb-main/src/execution/physical_plan/plan_comparison_join.cpp,"(129, 46)-(129, 109)",b'[&](Expression &child) { RewriteJoinCondition...'
duckdb-main,../repos/duckdb-main/src/execution/window_segment_tree.cpp,"(387, 66)-(391, 3)",b'[&](idx_t i) {\n\t\t// Extract the range\n\t\tAggre...'
duckdb-main,../repos/duckdb-main/src/execution/window_segment_tree.cpp,"(550, 73)-(574, 3)",b'[&](idx_t rid) {\n\t\tauto agg_state = fdata[rid...'
duckdb-main,../repos/duckdb-main/src/execution/window_segment_tree.cpp,"(1454, 71)-(1475, 3)",b'[&](idx_t rid) {\n\t\tauto agg_state = fdata[rid...'
duckdb-main,../repos/duckdb-main/src/execution/window_segment_tree.cpp,"(1462, 39)-(1474, 40)","b'[&](idx_t level, const idx_t run_begin, const...'"
duckdb-main,../repos/duckdb-main/src/function/macro_function.cpp,"(48, 61)-(50, 8)",b'[](const unique_ptr<ParsedExpression> &p) {\n\t...'
duckdb-main,../repos/duckdb-main/src/function/scalar/compressed_materialization/compress_integral.cpp,"(42, 85)-(44, 3)",b'[&](const INPUT_TYPE &input) {\n\t\treturn Templ...'
duckdb-main,../repos/duckdb-main/src/function/scalar/compressed_materialization/compress_integral.cpp,"(109, 85)-(111, 3)",b'[&](const INPUT_TYPE &input) {\n\t\treturn Templ...'
duckdb-main,../repos/duckdb-main/src/function/scalar/compressed_materialization/compress_string.cpp,"(164, 82)-(166, 3)",b'[&](const INPUT_TYPE &input) {\n\t\treturn Strin...'
duckdb-main,../repos/duckdb-main/src/function/scalar/list/list_extract.cpp,"(173, 53)-(175, 7)","b'[&](string_t input_string, int64_t subscript)...'"
duckdb-main,../repos/duckdb-main/src/function/scalar/sequence/nextval.cpp,"(57, 73)-(63, 4)",b'[&](string_t value) {\n\t\t\t// fetch the sequenc...'
duckdb-main,../repos/duckdb-main/src/function/scalar/strftime_format.cpp,"(633, 28)-(644, 7)","b'[&](date_t input, ValidityMask &mask, idx_t i...'"
duckdb-main,../repos/duckdb-main/src/function/scalar/strftime_format.cpp,"(651, 28)-(664, 7)","b'[&](timestamp_t input, ValidityMask &mask, id...'"
duckdb-main,../repos/duckdb-main/src/function/scalar/string/concat.cpp,"(100, 55)-(114, 7)","b'[&](string_t a, string_t b) {\n\t\t    auto a_da...'"
duckdb-main,../repos/duckdb-main/src/function/scalar/string/length.cpp,"(78, 48)-(78, 95)",b'[](list_entry_t input) { return input.length; }'
duckdb-main,../repos/duckdb-main/src/function/scalar/string/length.cpp,"(116, 45)-(121, 7)","b'[](list_entry_t input, int64_t dimension) {\n\t...'"
duckdb-main,../repos/duckdb-main/src/function/scalar/string/length.cpp,"(151, 75)-(157, 3)",b'[&](int64_t dimension) {\n\t\tif (dimension < 1 ...'
duckdb-main,../repos/duckdb-main/src/function/scalar/string/like.cpp,"(493, 79)-(495, 4)",b'[&](string_t input) {\n\t\t\treturn INVERT ? !mat...'
duckdb-main,../repos/duckdb-main/src/function/scalar/string/regexp.cpp,"(117, 72)-(119, 4)",b'[&](string_t input) {\n\t\t\treturn OP::Operation...'
duckdb-main,../repos/duckdb-main/src/function/scalar/string/regexp.cpp,"(122, 53)-(128, 54)","b'[&](string_t input, string_t pattern) {\n\t\t\t  ...'"
duckdb-main,../repos/duckdb-main/src/function/scalar/string/regexp.cpp,"(176, 47)-(184, 8)","b'[&](string_t input, string_t replace) {\n\t\t\t  ...'"
duckdb-main,../repos/duckdb-main/src/function/scalar/string/regexp.cpp,"(187, 57)-(196, 8)","b'[&](string_t input, string_t pattern, string_...'"
duckdb-main,../repos/duckdb-main/src/function/scalar/string/regexp.cpp,"(229, 76)-(231, 4)",b'[&](string_t input) {\n\t\t\treturn Extract(input...'
duckdb-main,../repos/duckdb-main/src/function/scalar/string/regexp.cpp,"(234, 57)-(237, 58)","b'[&](string_t input, string_t pattern) {\n\t\t\t  ...'"
duckdb-main,../repos/duckdb-main/src/function/scalar/string/substring.cpp,"(227, 54)-(230, 4)","b'[&](size_t start, size_t end) {\n\t\t\tnum_charac...'"
duckdb-main,../repos/duckdb-main/src/function/scalar/string/substring.cpp,"(238, 53)-(247, 3)","b'[&](size_t gstart, size_t gend) {\n\t\tif (curre...'"
duckdb-main,../repos/duckdb-main/src/function/scalar/string/substring.cpp,"(276, 7)-(278, 8)","b'[&](string_t input_string, int64_t offset, in...'"
duckdb-main,../repos/duckdb-main/src/function/scalar/string/substring.cpp,"(281, 57)-(283, 8)","b'[&](string_t input_string, int64_t offset) {\n...'"
duckdb-main,../repos/duckdb-main/src/function/scalar/string/substring.cpp,"(295, 7)-(297, 8)","b'[&](string_t input_string, int64_t offset, in...'"
duckdb-main,../repos/duckdb-main/src/function/scalar/string/substring.cpp,"(300, 57)-(302, 8)","b'[&](string_t input_string, int64_t offset) {\n...'"
duckdb-main,../repos/duckdb-main/src/function/scalar_macro_function.cpp,"(41, 14)-(41, 94)",b'[](unique_ptr<ParsedExpression> &child) { Rem...'
duckdb-main,../repos/duckdb-main/src/function/table/system/duckdb_columns.cpp,"(87, 21)-(87, 83)",b'[&](CatalogEntry &entry) { result->entries.pu...'
duckdb-main,../repos/duckdb-main/src/function/table/system/duckdb_constraints.cpp,"(114, 56)-(118, 4)",b'[&](CatalogEntry &entry) {\n\t\t\tif (entry.type ...'
duckdb-main,../repos/duckdb-main/src/function/table/system/duckdb_constraints.cpp,"(120, 40)-(120, 107)","b'[&](CatalogEntry &x, CatalogEntry &y) { retur...'"
duckdb-main,../repos/duckdb-main/src/function/table/system/duckdb_dependencies.cpp,"(64, 27)-(66, 28)","b'[&](CatalogEntry &obj, CatalogEntry &dependen...'"
duckdb-main,../repos/duckdb-main/src/function/table/system/duckdb_extensions.cpp,"(81, 30)-(98, 3)","b'[&](const string &path, bool is_directory) {\n...'"
duckdb-main,../repos/duckdb-main/src/function/table/system/duckdb_functions.cpp,"(79, 14)-(79, 75)",b'[&](CatalogEntry &entry) { result.entries.pus...'
duckdb-main,../repos/duckdb-main/src/function/table/system/duckdb_functions.cpp,"(81, 14)-(81, 75)",b'[&](CatalogEntry &entry) { result.entries.pus...'
duckdb-main,../repos/duckdb-main/src/function/table/system/duckdb_functions.cpp,"(83, 14)-(83, 75)",b'[&](CatalogEntry &entry) { result.entries.pus...'
duckdb-main,../repos/duckdb-main/src/function/table/system/duckdb_functions.cpp,"(96, 12)-(98, 13)","b'[&](reference<CatalogEntry> a, reference<Cata...'"
duckdb-main,../repos/duckdb-main/src/function/table/system/duckdb_indexes.cpp,"(67, 21)-(67, 83)",b'[&](CatalogEntry &entry) { result->entries.pu...'
duckdb-main,../repos/duckdb-main/src/function/table/system/duckdb_sequences.cpp,"(74, 21)-(74, 112)",b'[&](CatalogEntry &entry) { result->entries.pu...'
duckdb-main,../repos/duckdb-main/src/function/table/system/duckdb_tables.cpp,"(78, 21)-(78, 83)",b'[&](CatalogEntry &entry) { result->entries.pu...'
duckdb-main,../repos/duckdb-main/src/function/table/system/duckdb_types.cpp,"(66, 21)-(66, 108)",b'[&](CatalogEntry &entry) { result->entries.pu...'
duckdb-main,../repos/duckdb-main/src/function/table/system/duckdb_views.cpp,"(62, 21)-(62, 83)",b'[&](CatalogEntry &entry) { result->entries.pu...'
duckdb-main,../repos/duckdb-main/src/function/table/system/pragma_collations.cpp,"(32, 21)-(32, 88)",b'[&](CatalogEntry &entry) { result->entries.pu...'
duckdb-main,../repos/duckdb-main/src/function/table/table_scan.cpp,"(270, 12)-(270, 99)",b'[&](Expression &child) { RewriteIndexExpressi...'
duckdb-main,../repos/duckdb-main/src/function/table/table_scan.cpp,"(305, 29)-(350, 3)",b'[&](Index &index) {\n\t\t// first rewrite the in...'
duckdb-main,../repos/duckdb-main/src/include/duckdb/catalog/catalog_set.hpp,"(109, 21)-(109, 84)",b'[&](CatalogEntry &entry) { result.push_back(e...'
duckdb-main,../repos/duckdb-main/src/include/duckdb/common/types/string_type.hpp,"(179, 17)-(184, 5)",b'[](uint32_t v) -> uint32_t {\n\t\t\t\tuint32_t t1 ...'
duckdb-main,../repos/duckdb-main/src/include/duckdb/execution/operator/csv_scanner/util/csv_casting.hpp,"(25, 75)-(34, 4)",b'[&](string_t input) {\n\t\t\tT result;\n\t\t\tif (!OP...'
duckdb-main,../repos/duckdb-main/src/include/duckdb/execution/operator/csv_scanner/util/csv_casting.hpp,"(44, 75)-(50, 4)",b'[&](string_t input) {\n\t\t\tT result;\n\t\t\tif (!OP...'
duckdb-main,../repos/duckdb-main/src/include/duckdb/execution/operator/csv_scanner/util/csv_casting.hpp,"(75, 75)-(84, 4)",b'[&](string_t input) {\n\t\t\tT result;\n\t\t\tif (!OP...'
duckdb-main,../repos/duckdb-main/src/include/duckdb/function/function_serialization.hpp,"(30, 27)-(30, 97)",b'[&](Serializer &obj) { function.serialize(obj...'
duckdb-main,../repos/duckdb-main/src/include/duckdb/function/function_serialization.hpp,"(70, 27)-(70, 99)",b'[&](Deserializer &obj) { result = function.de...'
duckdb-main,../repos/duckdb-main/src/include/duckdb/function/scalar/string_functions.hpp,"(74, 58)-(77, 6)","b'[&](size_t start, size_t end) {\n\t\t\t\t\tlength++...'"
duckdb-main,../repos/duckdb-main/src/include/duckdb/function/udf_function.hpp,"(146, 36)-(149, 4)","b'[=](DataChunk &input, ExpressionState &state,...'"
duckdb-main,../repos/duckdb-main/src/include/duckdb/function/udf_function.hpp,"(155, 36)-(157, 4)","b'[=](DataChunk &input, ExpressionState &state,...'"
duckdb-main,../repos/duckdb-main/src/include/duckdb/function/udf_function.hpp,"(163, 36)-(166, 4)","b'[=](DataChunk &input, ExpressionState &state,...'"
duckdb-main,../repos/duckdb-main/src/include/duckdb/function/udf_function.hpp,"(242, 36)-(245, 4)","b'[=](DataChunk &input, ExpressionState &state,...'"
duckdb-main,../repos/duckdb-main/src/include/duckdb/function/udf_function.hpp,"(269, 36)-(271, 4)","b'[=](DataChunk &input, ExpressionState &state,...'"
duckdb-main,../repos/duckdb-main/src/include/duckdb/function/udf_function.hpp,"(298, 36)-(301, 4)","b'[=](DataChunk &input, ExpressionState &state,...'"
duckdb-main,../repos/duckdb-main/src/include/duckdb/main/extension_helper.hpp,"(84, 42)-(84, 110)",b'[&](const ExtensionEntry &element) { return e...'
duckdb-main,../repos/duckdb-main/src/include/duckdb/parser/expression/function_expression.hpp,"(97, 75)-(101, 4)",b'[&](const unique_ptr<BASE> &child) {\n\t\t\tretur...'
duckdb-main,../repos/duckdb-main/src/include/duckdb/parser/expression/operator_expression.hpp,"(69, 31)-(69, 94)",b'[](const unique_ptr<BASE> &child) { return ch...'
duckdb-main,../repos/duckdb-main/src/include/duckdb/parser/expression/operator_expression.hpp,"(78, 31)-(78, 94)",b'[](const unique_ptr<BASE> &child) { return ch...'
duckdb-main,../repos/duckdb-main/src/include/duckdb/parser/expression/operator_expression.hpp,"(120, 31)-(120, 94)",b'[](const unique_ptr<BASE> &child) { return ch...'
duckdb-main,../repos/duckdb-main/src/include/duckdb/parser/expression/window_expression.hpp,"(98, 76)-(100, 5)",b'[&](const unique_ptr<BASE> &child) {\n\t\t\t\tretu...'
duckdb-main,../repos/duckdb-main/src/include/duckdb/parser/expression/window_expression.hpp,"(128, 31)-(128, 102)",b'[](const unique_ptr<BASE> &partition) { retur...'
duckdb-main,../repos/duckdb-main/src/include/duckdb/parser/expression/window_expression.hpp,"(137, 31)-(137, 87)",b'[](const ORDER_NODE &order) { return order.To...'
duckdb-main,../repos/duckdb-main/src/include/duckdb/storage/checkpoint/string_checkpoint_state.hpp,"(71, 36)-(71, 86)",b'[&](block_id_t block) { return to_string(block); }'
duckdb-main,../repos/duckdb-main/src/main/capi/appender-c.cpp,"(89, 48)-(89, 94)",b'[&](Appender &appender) { appender.EndRow(); }'
duckdb-main,../repos/duckdb-main/src/main/capi/appender-c.cpp,"(204, 48)-(204, 93)",b'[&](Appender &appender) { appender.Flush(); }'
duckdb-main,../repos/duckdb-main/src/main/capi/appender-c.cpp,"(208, 48)-(208, 93)",b'[&](Appender &appender) { appender.Close(); }'
duckdb-main,../repos/duckdb-main/src/main/capi/appender-c.cpp,"(216, 48)-(216, 114)",b'[&](Appender &appender) { appender.AppendData...'
duckdb-main,../repos/duckdb-main/src/main/capi/table_function-c.cpp,"(287, 41)-(293, 3)",b'[&]() {\n\t\tauto &catalog = duckdb::Catalog::Ge...'
duckdb-main,../repos/duckdb-main/src/main/client_context.cpp,"(500, 42)-(517, 3)",b'[&]() {\n\t\tPlanner planner(*this);\n\t\tplanner.C...'
duckdb-main,../repos/duckdb-main/src/main/client_context.cpp,"(529, 12)-(529, 107)",b'[&]() { prepared_data = CreatePreparedStateme...'
duckdb-main,../repos/duckdb-main/src/main/client_context.cpp,"(933, 27)-(946, 3)",b'[&]() {\n\t\tauto existing_function = Catalog::G...'
duckdb-main,../repos/duckdb-main/src/main/client_context.cpp,"(992, 27)-(1006, 3)",b'[&]() {\n\t\t// obtain the table info\n\t\tauto tab...'
duckdb-main,../repos/duckdb-main/src/main/client_context.cpp,"(1011, 27)-(1024, 3)",b'[&]() {\n\t\tauto &table_entry =\n\t\t    Catalog::...'
duckdb-main,../repos/duckdb-main/src/main/client_context.cpp,"(1033, 27)-(1043, 3)",b'[&]() {\n\t\t// bind the expressions\n\t\tauto bind...'
duckdb-main,../repos/duckdb-main/src/main/client_context.cpp,"(1055, 42)-(1061, 3)",b'[&]() {\n\t\t// bind the expressions\n\t\tauto bind...'
duckdb-main,../repos/duckdb-main/src/main/client_verify.cpp,"(74, 48)-(76, 3)","b'[&](const string &q, unique_ptr<SQLStatement>...'"
duckdb-main,../repos/duckdb-main/src/main/client_verify.cpp,"(83, 45)-(85, 4)","b'[&](const string &q, unique_ptr<SQLStatement>...'"
duckdb-main,../repos/duckdb-main/src/main/client_verify.cpp,"(91, 64)-(93, 4)","b'[&](const string &q, unique_ptr<SQLStatement>...'"
duckdb-main,../repos/duckdb-main/src/main/database_manager.cpp,"(202, 27)-(202, 105)",b'[&](CatalogEntry &entry) { result.push_back(e...'
duckdb-main,../repos/duckdb-main/src/main/secret/secret.cpp,"(29, 23)-(29, 99)","b'[&](Serializer::List &list, idx_t i) { list.W...'"
duckdb-main,../repos/duckdb-main/src/main/secret/secret_manager.cpp,"(87, 24)-(87, 111)","b'[&](Deserializer::List &list, idx_t i) { scop...'"
duckdb-main,../repos/duckdb-main/src/main/secret/secret_storage.cpp,"(77, 55)-(80, 3)",b'[&](CatalogEntry &entry) {\n\t\tauto &cast_entry...'
duckdb-main,../repos/duckdb-main/src/main/secret/secret_storage.cpp,"(103, 55)-(106, 3)",b'[&](CatalogEntry &entry) {\n\t\tauto &cast_entry...'
duckdb-main,../repos/duckdb-main/src/main/secret/secret_storage.cpp,"(139, 29)-(146, 4)","b'[&](const string &fname, bool is_dir) {\n\t\t\tst...'"
duckdb-main,../repos/duckdb-main/src/optimizer/compressed_materialization.cpp,"(56, 19)-(56, 102)",b'[&](const Expression &child) { GetReferencedB...'
duckdb-main,../repos/duckdb-main/src/optimizer/cse_optimizer.cpp,"(73, 46)-(73, 104)",b'[&](Expression &child) { CountExpressions(chi...'
duckdb-main,../repos/duckdb-main/src/optimizer/cse_optimizer.cpp,"(121, 40)-(121, 115)",b'[&](unique_ptr<Expression> &child) { PerformC...'
duckdb-main,../repos/duckdb-main/src/optimizer/cse_optimizer.cpp,"(130, 10)-(130, 82)",b'[&](unique_ptr<Expression> *child) { CountExp...'
duckdb-main,../repos/duckdb-main/src/optimizer/cse_optimizer.cpp,"(148, 10)-(148, 86)",b'[&](unique_ptr<Expression> *child) { PerformC...'
duckdb-main,../repos/duckdb-main/src/optimizer/deliminator.cpp,"(63, 13)-(63, 107)","b'[](const JoinWithDelimGet &lhs, const JoinWit...'"
duckdb-main,../repos/duckdb-main/src/optimizer/expression_rewriter.cpp,"(36, 47)-(38, 3)",b'[&](unique_ptr<Expression> &child) {\n\t\tchild ...'
duckdb-main,../repos/duckdb-main/src/optimizer/filter_combiner.cpp,"(171, 18)-(171, 75)",b'[&](unique_ptr<Expression> child) { has_filte...'
duckdb-main,../repos/duckdb-main/src/optimizer/filter_pushdown.cpp,"(115, 27)-(120, 3)",b'[&](unique_ptr<Expression> filter) {\n\t\tauto f...'
duckdb-main,../repos/duckdb-main/src/optimizer/join_order/cardinality_estimator.cpp,"(122, 37)-(122, 116)",b'[](RelationsToTDom &r_2_tdom) { return r_2_td...'
duckdb-main,../repos/duckdb-main/src/optimizer/join_order/cardinality_estimator.cpp,"(231, 39)-(231, 98)",b'[](Subgraph2Denominator &s) { return s.relati...'
duckdb-main,../repos/duckdb-main/src/optimizer/join_order/join_relation_set.cpp,"(15, 53)-(15, 110)",b'[](const idx_t &relation) { return to_string(...'
duckdb-main,../repos/duckdb-main/src/optimizer/join_order/query_graph.cpp,"(116, 27)-(122, 3)",b'[&](NeighborInfo &info) -> bool {\n\t\tif (!Join...'
duckdb-main,../repos/duckdb-main/src/optimizer/join_order/query_graph.cpp,"(131, 27)-(136, 3)",b'[&](NeighborInfo &info) -> bool {\n\t\tif (JoinR...'
duckdb-main,../repos/duckdb-main/src/optimizer/join_order/query_graph_manager.cpp,"(19, 41)-(21, 3)",b'[&b](typename std::unordered_set<T>::const_re...'
duckdb-main,../repos/duckdb-main/src/optimizer/join_order/query_graph_manager.cpp,"(55, 52)-(55, 110)",b'[&](Expression &expr) { GetColumnBinding(expr...'
duckdb-main,../repos/duckdb-main/src/optimizer/join_order/relation_manager.cpp,"(289, 52)-(294, 3)",b'[&](Expression &expr) {\n\t\tif (!ExtractBinding...'
duckdb-main,../repos/duckdb-main/src/optimizer/join_order/relation_statistics_helper.cpp,"(45, 46)-(50, 3)",b'[&](unique_ptr<Expression> &child) {\n\t\tauto r...'
duckdb-main,../repos/duckdb-main/src/optimizer/optimizer.cpp,"(92, 51)-(92, 91)",b'[&]() { rewriter.VisitOperator(*plan); }'
duckdb-main,../repos/duckdb-main/src/optimizer/optimizer.cpp,"(95, 45)-(98, 3)",b'[&]() {\n\t\tFilterPullup filter_pullup;\n\t\tplan ...'
duckdb-main,../repos/duckdb-main/src/optimizer/optimizer.cpp,"(101, 47)-(104, 3)",b'[&]() {\n\t\tFilterPushdown filter_pushdown(*thi...'
duckdb-main,../repos/duckdb-main/src/optimizer/optimizer.cpp,"(106, 43)-(109, 3)",b'[&]() {\n\t\tRegexRangeFilter regex_opt;\n\t\tplan ...'
duckdb-main,../repos/duckdb-main/src/optimizer/optimizer.cpp,"(111, 41)-(114, 3)",b'[&]() {\n\t\tInClauseRewriter ic_rewriter(contex...'
duckdb-main,../repos/duckdb-main/src/optimizer/optimizer.cpp,"(117, 43)-(120, 3)",b'[&]() {\n\t\tDeliminator deliminator;\n\t\tplan = d...'
duckdb-main,../repos/duckdb-main/src/optimizer/optimizer.cpp,"(124, 42)-(127, 3)",b'[&]() {\n\t\tJoinOrderOptimizer optimizer(contex...'
duckdb-main,../repos/duckdb-main/src/optimizer/optimizer.cpp,"(130, 47)-(133, 3)",b'[&]() {\n\t\tUnnestRewriter unnest_rewriter;\n\t\tp...'
duckdb-main,../repos/duckdb-main/src/optimizer/optimizer.cpp,"(136, 46)-(139, 3)","b'[&]() {\n\t\tRemoveUnusedColumns unused(binder, ...'"
duckdb-main,../repos/duckdb-main/src/optimizer/optimizer.cpp,"(142, 48)-(145, 3)",b'[&]() {\n\t\tRemoveDuplicateGroups remove;\n\t\trem...'
duckdb-main,../repos/duckdb-main/src/optimizer/optimizer.cpp,"(148, 53)-(151, 3)",b'[&]() {\n\t\tCommonSubExpressionOptimizer cse_op...'
duckdb-main,../repos/duckdb-main/src/optimizer/optimizer.cpp,"(154, 47)-(157, 3)",b'[&]() {\n\t\tColumnLifetimeAnalyzer column_lifet...'
duckdb-main,../repos/duckdb-main/src/optimizer/optimizer.cpp,"(161, 54)-(165, 3)",b'[&]() {\n\t\tStatisticsPropagator propagator(*th...'
duckdb-main,../repos/duckdb-main/src/optimizer/optimizer.cpp,"(168, 48)-(171, 3)",b'[&]() {\n\t\tCommonAggregateOptimizer common_agg...'
duckdb-main,../repos/duckdb-main/src/optimizer/optimizer.cpp,"(174, 47)-(177, 3)",b'[&]() {\n\t\tColumnLifetimeAnalyzer column_lifet...'
duckdb-main,../repos/duckdb-main/src/optimizer/optimizer.cpp,"(180, 58)-(183, 3)",b'[&]() {\n\t\tCompressedMaterialization compresse...'
duckdb-main,../repos/duckdb-main/src/optimizer/optimizer.cpp,"(186, 37)-(189, 3)",b'[&]() {\n\t\tTopN topn;\n\t\tplan = topn.Optimize(s...'
duckdb-main,../repos/duckdb-main/src/optimizer/optimizer.cpp,"(192, 46)-(195, 3)",b'[&]() {\n\t\tExpressionHeuristics expression_heu...'
duckdb-main,../repos/duckdb-main/src/optimizer/optimizer.cpp,"(198, 42)-(200, 4)",b'[&]() {\n\t\t\toptimizer_extension.optimize_funct...'
duckdb-main,../repos/duckdb-main/src/optimizer/pullup/pullup_projection.cpp,"(46, 12)-(46, 112)",b'[&](Expression &child) { return ReplaceExpres...'
duckdb-main,../repos/duckdb-main/src/optimizer/pullup/pullup_set_operation.cpp,"(16, 46)-(16, 111)",b'[&](Expression &child) { ReplaceFilterTableIn...'
duckdb-main,../repos/duckdb-main/src/optimizer/pushdown/pushdown_aggregate.cpp,"(17, 46)-(17, 112)",b'[&](Expression &child) { ExtractFilterBinding...'
duckdb-main,../repos/duckdb-main/src/optimizer/pushdown/pushdown_aggregate.cpp,"(30, 13)-(30, 105)",b'[&](unique_ptr<Expression> &child) { child = ...'
duckdb-main,../repos/duckdb-main/src/optimizer/pushdown/pushdown_left_join.cpp,"(26, 13)-(26, 116)",b'[&](unique_ptr<Expression> &child) { child = ...'
duckdb-main,../repos/duckdb-main/src/optimizer/pushdown/pushdown_left_join.cpp,"(119, 34)-(123, 3)",b'[&](unique_ptr<Expression> filter) {\n\t\tif (Jo...'
duckdb-main,../repos/duckdb-main/src/optimizer/pushdown/pushdown_projection.cpp,"(22, 13)-(22, 100)",b'[&](unique_ptr<Expression> &child) { has_side...'
duckdb-main,../repos/duckdb-main/src/optimizer/pushdown/pushdown_projection.cpp,"(36, 13)-(36, 110)",b'[&](unique_ptr<Expression> &child) { child = ...'
duckdb-main,../repos/duckdb-main/src/optimizer/pushdown/pushdown_set_operation.cpp,"(27, 12)-(27, 92)",b'[&](Expression &child) { ReplaceSetOpBindings...'
duckdb-main,../repos/duckdb-main/src/optimizer/remove_duplicate_groups.cpp,"(51, 7)-(51, 107)","b'[](const pair<idx_t, idx_t> &lhs, const pair<...'"
duckdb-main,../repos/duckdb-main/src/optimizer/statistics_propagator.cpp,"(102, 46)-(102, 112)",b'[&](unique_ptr<Expression> &child) { Propagat...'
duckdb-main,../repos/duckdb-main/src/parallel/interrupt.cpp,"(51, 15)-(51, 37)",b'[&]() { return done; }'
duckdb-main,../repos/duckdb-main/src/parallel/pipeline_executor.cpp,"(142, 29)-(145, 4)",b'[callback_state] {\n\t\t\tstd::this_thread::sleep...'
duckdb-main,../repos/duckdb-main/src/parallel/pipeline_executor.cpp,"(325, 29)-(328, 4)",b'[callback_state] {\n\t\t\tstd::this_thread::sleep...'
duckdb-main,../repos/duckdb-main/src/parallel/pipeline_executor.cpp,"(524, 29)-(527, 4)",b'[callback_state] {\n\t\t\tstd::this_thread::sleep...'
duckdb-main,../repos/duckdb-main/src/parallel/pipeline_executor.cpp,"(544, 29)-(547, 4)",b'[callback_state] {\n\t\t\tstd::this_thread::sleep...'
duckdb-main,../repos/duckdb-main/src/parallel/pipeline_finish_event.cpp,"(29, 30)-(32, 5)",b'[callback_state] {\n\t\t\t\tstd::this_thread::slee...'
duckdb-main,../repos/duckdb-main/src/parser/column_definition.cpp,"(125, 12)-(125, 95)",b'[&](const ParsedExpression &child) { VerifyCo...'
duckdb-main,../repos/duckdb-main/src/parser/column_definition.cpp,"(134, 52)-(139, 3)",b'[&](const ParsedExpression &child) {\n\t\tif (ex...'
duckdb-main,../repos/duckdb-main/src/parser/parsed_data/create_view_info.cpp,"(41, 30)-(41, 107)",b'[](const string &name) { return KeywordHelper...'
duckdb-main,../repos/duckdb-main/src/parser/parsed_expression.cpp,"(16, 13)-(16, 88)",b'[&](const ParsedExpression &child) { is_aggre...'
duckdb-main,../repos/duckdb-main/src/parser/parsed_expression.cpp,"(23, 46)-(23, 115)",b'[&](const ParsedExpression &child) { is_windo...'
duckdb-main,../repos/duckdb-main/src/parser/parsed_expression.cpp,"(29, 53)-(33, 3)",b'[&](const ParsedExpression &child) {\n\t\tif (!c...'
duckdb-main,../repos/duckdb-main/src/parser/parsed_expression.cpp,"(40, 13)-(40, 90)",b'[&](const ParsedExpression &child) { has_para...'
duckdb-main,../repos/duckdb-main/src/parser/parsed_expression.cpp,"(47, 13)-(47, 88)",b'[&](const ParsedExpression &child) { has_subq...'
duckdb-main,../repos/duckdb-main/src/parser/parsed_expression.cpp,"(99, 13)-(99, 91)",b'[&](const ParsedExpression &child) { hash = C...'
duckdb-main,../repos/duckdb-main/src/parser/parsed_expression_iterator.cpp,"(15, 52)-(18, 3)",b'[&](unique_ptr<ParsedExpression> &child) {\n\t\t...'
duckdb-main,../repos/duckdb-main/src/parser/parsed_expression_iterator.cpp,"(23, 26)-(26, 3)",b'[&](unique_ptr<ParsedExpression> &child) {\n\t\t...'
duckdb-main,../repos/duckdb-main/src/planner/binder/expression/bind_columnref_expression.cpp,"(182, 53)-(184, 3)",b'[&](unique_ptr<ParsedExpression> &child) {\n\t\t...'
duckdb-main,../repos/duckdb-main/src/planner/binder/expression/bind_lambda.cpp,"(202, 48)-(204, 4)",b'[&](unique_ptr<Expression> &child) {\n\t\t\tCaptu...'
duckdb-main,../repos/duckdb-main/src/planner/binder/expression/bind_macro_expression.cpp,"(30, 66)-(32, 5)",b'[&](unique_ptr<ParsedExpression> &child) {\n\t\t...'
duckdb-main,../repos/duckdb-main/src/planner/binder/expression/bind_macro_expression.cpp,"(33, 67)-(35, 5)",b'[&](unique_ptr<ParsedExpression> &child) {\n\t\t...'
duckdb-main,../repos/duckdb-main/src/planner/binder/expression/bind_macro_expression.cpp,"(49, 66)-(51, 4)",b'[&](unique_ptr<ParsedExpression> &child) {\n\t\t...'
duckdb-main,../repos/duckdb-main/src/planner/binder/expression/bind_macro_expression.cpp,"(98, 18)-(98, 108)",b'[&](unique_ptr<ParsedExpression> &child) { Re...'
duckdb-main,../repos/duckdb-main/src/planner/binder/expression/bind_macro_expression.cpp,"(107, 13)-(107, 103)",b'[&](unique_ptr<ParsedExpression> &child) { Re...'
duckdb-main,../repos/duckdb-main/src/planner/binder/expression/bind_star_expression.cpp,"(67, 53)-(71, 3)",b'[&](unique_ptr<ParsedExpression> &child_expr)...'
duckdb-main,../repos/duckdb-main/src/planner/binder/expression/bind_star_expression.cpp,"(83, 13)-(83, 110)",b'[&](unique_ptr<ParsedExpression> &child_expr)...'
duckdb-main,../repos/duckdb-main/src/planner/binder/query_node/bind_table_macro_node.cpp,"(63, 13)-(63, 106)",b'[&](unique_ptr<ParsedExpression> &child) { eb...'
duckdb-main,../repos/duckdb-main/src/planner/binder/query_node/plan_subquery.cpp,"(391, 46)-(391, 111)",b'[&](unique_ptr<Expression> &expr) { PlanSubqu...'
duckdb-main,../repos/duckdb-main/src/planner/binder/statement/bind_create.cpp,"(379, 12)-(379, 114)",b'[&](const ParsedExpression &child) { Expressi...'
duckdb-main,../repos/duckdb-main/src/planner/binder/statement/bind_create_table.cpp,"(241, 12)-(241, 90)",b'[&](Expression &child) { ExtractExpressionDep...'
duckdb-main,../repos/duckdb-main/src/planner/binder/statement/bind_export.cpp,"(254, 56)-(258, 4)",b'[&](CatalogEntry &entry) {\n\t\t\tif (entry.type ...'
duckdb-main,../repos/duckdb-main/src/planner/binder/statement/bind_insert.cpp,"(68, 13)-(68, 101)",b'[&](unique_ptr<ParsedExpression> &child) { Qu...'
duckdb-main,../repos/duckdb-main/src/planner/binder/statement/bind_insert.cpp,"(80, 12)-(80, 95)",b'[&](unique_ptr<Expression> &child) { ReplaceC...'
duckdb-main,../repos/duckdb-main/src/planner/binder/tableref/bind_pivot.cpp,"(67, 12)-(67, 93)",b'[&](ParsedExpression &child) { ExtractPivotEx...'
duckdb-main,../repos/duckdb-main/src/planner/binder/tableref/plan_joinref.cpp,"(237, 52)-(241, 3)",b'[&](Expression &child) {\n\t\tif (HasCorrelatedC...'
duckdb-main,../repos/duckdb-main/src/planner/binder.cpp,"(455, 12)-(455, 96)",b'[&](const ParsedExpression &child) { VerifyNo...'
duckdb-main,../repos/duckdb-main/src/planner/bind_context.cpp,"(551, 72)-(553, 4)",b'[other_binding](reference<Binding> x) {\n\t\t\tre...'
duckdb-main,../repos/duckdb-main/src/planner/expression/bound_parameter_expression.cpp,"(45, 46)-(45, 100)",b'[&](Expression &child) { InvalidateRecursive(...'
duckdb-main,../repos/duckdb-main/src/planner/expression.cpp,"(21, 47)-(21, 116)",b'[&](const Expression &child) { is_aggregate |...'
duckdb-main,../repos/duckdb-main/src/planner/expression.cpp,"(27, 47)-(27, 110)",b'[&](const Expression &child) { is_window |= c...'
duckdb-main,../repos/duckdb-main/src/planner/expression.cpp,"(33, 47)-(37, 3)",b'[&](const Expression &child) {\n\t\tif (!child.I...'
duckdb-main,../repos/duckdb-main/src/planner/expression.cpp,"(43, 47)-(47, 3)",b'[&](const Expression &child) {\n\t\tif (child.Ha...'
duckdb-main,../repos/duckdb-main/src/planner/expression.cpp,"(59, 47)-(63, 3)",b'[&](const Expression &child) {\n\t\tif (!child.P...'
duckdb-main,../repos/duckdb-main/src/planner/expression.cpp,"(69, 47)-(73, 3)",b'[&](const Expression &child) {\n\t\tif (!child.I...'
duckdb-main,../repos/duckdb-main/src/planner/expression.cpp,"(80, 40)-(80, 111)",b'[&](const Expression &child) { has_parameter ...'
duckdb-main,../repos/duckdb-main/src/planner/expression.cpp,"(86, 47)-(86, 116)",b'[&](const Expression &child) { has_subquery |...'
duckdb-main,../repos/duckdb-main/src/planner/expression.cpp,"(94, 40)-(94, 112)",b'[&](const Expression &child) { hash = Combine...'
duckdb-main,../repos/duckdb-main/src/planner/expression_binder/lateral_binder.cpp,"(23, 46)-(23, 105)",b'[&](Expression &child) { ExtractCorrelatedCol...'
duckdb-main,../repos/duckdb-main/src/planner/expression_binder/lateral_binder.cpp,"(101, 32)-(101, 98)",b'[&](Expression &child_expr) { ReduceExpressio...'
duckdb-main,../repos/duckdb-main/src/planner/expression_binder/lateral_binder.cpp,"(108, 23)-(108, 89)",b'[&](Expression &child_expr) { ReduceExpressio...'
duckdb-main,../repos/duckdb-main/src/planner/expression_binder.cpp,"(140, 40)-(140, 111)",b'[&](Expression &child) { ExtractCorrelatedExp...'
duckdb-main,../repos/duckdb-main/src/planner/expression_iterator.cpp,"(15, 40)-(15, 96)",b'[&](unique_ptr<Expression> &child) { callback...'
duckdb-main,../repos/duckdb-main/src/planner/expression_iterator.cpp,"(19, 26)-(19, 82)",b'[&](unique_ptr<Expression> &child) { callback...'
duckdb-main,../repos/duckdb-main/src/planner/expression_iterator.cpp,"(148, 40)-(148, 116)",b'[&](unique_ptr<Expression> &child) { Enumerat...'
duckdb-main,../repos/duckdb-main/src/planner/joinside.cpp,"(88, 52)-(91, 3)",b'[&](Expression &child) {\n\t\tauto child_side = ...'
duckdb-main,../repos/duckdb-main/src/planner/logical_operator_visitor.cpp,"(124, 51)-(124, 113)",b'[&](unique_ptr<Expression> *child) { VisitExp...'
duckdb-main,../repos/duckdb-main/src/planner/logical_operator_visitor.cpp,"(191, 46)-(191, 107)",b'[&](unique_ptr<Expression> &expr) { VisitExpr...'
duckdb-main,../repos/duckdb-main/src/planner/operator/logical_copy_to_file.cpp,"(32, 26)-(32, 97)",b'[&](Serializer &obj) { function.serialize(obj...'
duckdb-main,../repos/duckdb-main/src/planner/operator/logical_copy_to_file.cpp,"(68, 27)-(68, 102)",b'[&](Deserializer &obj) { bind_data = function...'
duckdb-main,../repos/duckdb-main/src/planner/operator/logical_distinct.cpp,"(18, 30)-(18, 98)",b'[](const unique_ptr<Expression> &child) { ret...'
duckdb-main,../repos/duckdb-main/src/planner/operator/logical_join.cpp,"(66, 46)-(66, 112)",b'[&](Expression &child) { GetExpressionBinding...'
duckdb-main,../repos/duckdb-main/src/planner/pragma_handler.cpp,"(68, 49)-(68, 102)",b'[&]() { HandlePragmaStatementsInternal(statem...'
duckdb-main,../repos/duckdb-main/src/planner/subquery/rewrite_correlated_expressions.cpp,"(125, 49)-(125, 112)",b'[&](Expression &child) { RewriteCorrelatedExp...'
duckdb-main,../repos/duckdb-main/src/planner/table_binding.cpp,"(113, 12)-(113, 110)",b'[&](const ParsedExpression &child) { ReplaceA...'
duckdb-main,../repos/duckdb-main/src/planner/table_binding.cpp,"(124, 12)-(124, 104)",b'[&](const ParsedExpression &child) { BakeTabl...'
duckdb-main,../repos/duckdb-main/src/planner/table_binding.cpp,"(156, 26)-(156, 102)","b'[&](const std::pair<const string, column_t> &...'"
duckdb-main,../repos/duckdb-main/src/planner/table_binding.cpp,"(171, 25)-(171, 87)",b'[&](const column_t &id) -> bool { return id =...'
duckdb-main,../repos/duckdb-main/src/storage/checkpoint_manager.cpp,"(64, 40)-(69, 4)",b'[&](CatalogEntry &entry) {\n\t\t\tif (entry.inter...'
duckdb-main,../repos/duckdb-main/src/storage/checkpoint_manager.cpp,"(71, 44)-(76, 4)",b'[&](CatalogEntry &entry) {\n\t\t\tif (entry.inter...'
duckdb-main,../repos/duckdb-main/src/storage/checkpoint_manager.cpp,"(80, 41)-(91, 4)",b'[&](CatalogEntry &entry) {\n\t\t\tif (entry.inter...'
duckdb-main,../repos/duckdb-main/src/storage/checkpoint_manager.cpp,"(101, 51)-(108, 4)",b'[&](CatalogEntry &entry) {\n\t\t\tif (entry.inter...'
duckdb-main,../repos/duckdb-main/src/storage/checkpoint_manager.cpp,"(110, 50)-(117, 4)",b'[&](CatalogEntry &entry) {\n\t\t\tif (entry.inter...'
duckdb-main,../repos/duckdb-main/src/storage/checkpoint_manager.cpp,"(119, 41)-(122, 4)",b'[&](CatalogEntry &entry) {\n\t\t\tD_ASSERT(!entry...'
duckdb-main,../repos/duckdb-main/src/storage/checkpoint_manager.cpp,"(149, 22)-(149, 82)",b'[&](SchemaCatalogEntry &entry) { schemas.push...'
duckdb-main,../repos/duckdb-main/src/storage/checkpoint_manager.cpp,"(173, 71)-(176, 3)","b'[&](Serializer::List &list, idx_t i) {\n\t\tauto...'"
duckdb-main,../repos/duckdb-main/src/storage/checkpoint_manager.cpp,"(175, 20)-(175, 74)",b'[&](Serializer &obj) { WriteEntry(entry.get()...'
duckdb-main,../repos/duckdb-main/src/storage/checkpoint_manager.cpp,"(220, 48)-(222, 3)","b'[&](Deserializer::List &list, idx_t i) {\n\t\tre...'"
duckdb-main,../repos/duckdb-main/src/storage/checkpoint_manager.cpp,"(221, 26)-(221, 77)","b'[&](Deserializer &obj) { ReadEntry(context, o...'"
duckdb-main,../repos/duckdb-main/src/storage/data_table.cpp,"(94, 21)-(103, 3)",b'[&](Index &index) {\n\t\tfor (auto &column_id : ...'
duckdb-main,../repos/duckdb-main/src/storage/data_table.cpp,"(161, 21)-(168, 3)",b'[&](Index &index) {\n\t\tfor (auto &column_id : ...'
duckdb-main,../repos/duckdb-main/src/storage/data_table.cpp,"(546, 12)-(552, 3)",b'[&](Index &index) {\n\t\tif (index.IsUnique()) {...'
duckdb-main,../repos/duckdb-main/src/storage/data_table.cpp,"(561, 16)-(567, 4)",b'[&](Index &index) {\n\t\t\tif (!index.IsUnique())...'
duckdb-main,../repos/duckdb-main/src/storage/data_table.cpp,"(578, 15)-(581, 3)",b'[&](Index &index) {\n\t\tmatching_indexes += con...'
duckdb-main,../repos/duckdb-main/src/storage/data_table.cpp,"(586, 15)-(595, 3)",b'[&](Index &index) {\n\t\tif (!index.IsUnique()) ...'
duckdb-main,../repos/duckdb-main/src/storage/data_table.cpp,"(600, 15)-(610, 3)",b'[&](Index &index) {\n\t\tif (!index.IsUnique()) ...'
duckdb-main,../repos/duckdb-main/src/storage/data_table.cpp,"(824, 37)-(824, 86)",b'[&](DataChunk &chunk) { log.WriteInsert(chunk); }'
duckdb-main,../repos/duckdb-main/src/storage/data_table.cpp,"(850, 43)-(859, 4)",b'[&](DataChunk &chunk) {\n\t\t\tfor (idx_t i = 0; ...'
duckdb-main,../repos/duckdb-main/src/storage/data_table.cpp,"(854, 23)-(857, 5)","b'[&](Index &index) {\n\t\t\t\tindex.Delete(chunk, r...'"
duckdb-main,../repos/duckdb-main/src/storage/data_table.cpp,"(864, 21)-(867, 3)",b'[&](Index &index) {\n\t\tindex.Vacuum();\n\t\tretur...'
duckdb-main,../repos/duckdb-main/src/storage/data_table.cpp,"(888, 15)-(902, 3)",b'[&](Index &index) {\n\t\ttry {\n\t\t\terror = index....'
duckdb-main,../repos/duckdb-main/src/storage/data_table.cpp,"(934, 21)-(937, 3)","b'[&](Index &index) {\n\t\tindex.Delete(chunk, row...'"
duckdb-main,../repos/duckdb-main/src/storage/data_table.cpp,"(1133, 21)-(1136, 3)",b'[&](Index &index) {\n\t\tD_ASSERT(!index.IndexIs...'
duckdb-main,../repos/duckdb-main/src/storage/data_table.cpp,"(1259, 21)-(1262, 3)",b'[&](Index &index) {\n\t\tindex.CommitDrop();\n\t\tr...'
duckdb-main,../repos/duckdb-main/src/storage/index.cpp,"(94, 13)-(94, 93)",b'[this](unique_ptr<Expression> &expr) { expr =...'
duckdb-main,../repos/duckdb-main/src/storage/local_storage.cpp,"(25, 27)-(43, 3)",b'[&](Index &index) {\n\t\tif (index.index_type !=...'
duckdb-main,../repos/duckdb-main/src/storage/local_storage.cpp,"(99, 15)-(102, 3)",b'[&](Index &index) {\n\t\tindex_sizes += index.Ge...'
duckdb-main,../repos/duckdb-main/src/storage/local_storage.cpp,"(133, 36)-(146, 3)",b'[&](DataChunk &chunk) -> bool {\n\t\t// construc...'
duckdb-main,../repos/duckdb-main/src/storage/local_storage.cpp,"(159, 33)-(168, 4)",b'[&](DataChunk &chunk) -> bool {\n\t\t\t// append ...'
duckdb-main,../repos/duckdb-main/src/storage/local_storage.cpp,"(177, 33)-(195, 4)",b'[&](DataChunk &chunk) -> bool {\n\t\t\t// append ...'
duckdb-main,../repos/duckdb-main/src/storage/local_storage.cpp,"(202, 28)-(205, 4)",b'[&](Index &index) {\n\t\t\tindex.Vacuum();\n\t\t\tret...'
duckdb-main,../repos/duckdb-main/src/storage/local_storage.cpp,"(477, 27)-(480, 3)",b'[&](Index &index) {\n\t\tindex.Vacuum();\n\t\tretur...'
duckdb-main,../repos/duckdb-main/src/storage/metadata/metadata_manager.cpp,"(314, 12)-(314, 106)","b'[](const MetadataBlockInfo &a, const Metadata...'"
duckdb-main,../repos/duckdb-main/src/storage/standard_buffer_manager.cpp,"(582, 33)-(592, 5)","b'[&](const string &path, bool isdir) {\n\t\t\t\tif ...'"
duckdb-main,../repos/duckdb-main/src/storage/standard_buffer_manager.cpp,"(706, 31)-(719, 3)","b'[&](const string &name, bool is_dir) {\n\t\tif (...'"
duckdb-main,../repos/duckdb-main/src/storage/statistics/base_statistics.cpp,"(315, 44)-(335, 3)",b'[&](Serializer &serializer) {\n\t\tswitch (GetSt...'
duckdb-main,../repos/duckdb-main/src/storage/statistics/base_statistics.cpp,"(354, 45)-(374, 3)",b'[&](Deserializer &obj) {\n\t\tswitch (stats_type...'
duckdb-main,../repos/duckdb-main/src/storage/statistics/numeric_stats.cpp,"(526, 37)-(528, 3)",b'[&](Serializer &object) {\n\t\tSerializeNumericS...'
duckdb-main,../repos/duckdb-main/src/storage/statistics/numeric_stats.cpp,"(529, 37)-(531, 3)",b'[&](Serializer &object) {\n\t\tSerializeNumericS...'
duckdb-main,../repos/duckdb-main/src/storage/statistics/numeric_stats.cpp,"(537, 38)-(539, 3)",b'[&](Deserializer &object) {\n\t\tDeserializeNume...'
duckdb-main,../repos/duckdb-main/src/storage/statistics/numeric_stats.cpp,"(540, 38)-(542, 3)",b'[&](Deserializer &object) {\n\t\tDeserializeNume...'
duckdb-main,../repos/duckdb-main/src/storage/statistics/struct_stats.cpp,"(100, 23)-(100, 98)","b'[&](Serializer::List &list, idx_t i) { list.W...'"
duckdb-main,../repos/duckdb-main/src/storage/statistics/struct_stats.cpp,"(109, 44)-(114, 3)","b'[&](Deserializer::List &list, idx_t i) {\n\t\tde...'"
duckdb-main,../repos/duckdb-main/src/storage/table/array_column_data.cpp,"(194, 26)-(194, 112)",b'[&](Serializer &serializer) { validity_state-...'
duckdb-main,../repos/duckdb-main/src/storage/table/array_column_data.cpp,"(196, 26)-(196, 109)",b'[&](Serializer &serializer) { child_state->Wr...'
duckdb-main,../repos/duckdb-main/src/storage/table/array_column_data.cpp,"(216, 43)-(216, 108)",b'[&](Deserializer &source) { validity.Deserial...'
duckdb-main,../repos/duckdb-main/src/storage/table/array_column_data.cpp,"(218, 26)-(218, 96)",b'[&](Deserializer &source) { child_column->Des...'
duckdb-main,../repos/duckdb-main/src/storage/table/column_data_checkpointer.cpp,"(118, 15)-(131, 3)","b'[&](Vector &scan_vector, idx_t count) {\n\t\tfor...'"
duckdb-main,../repos/duckdb-main/src/storage/table/column_data_checkpointer.cpp,"(189, 6)-(189, 109)","b'[&](Vector &scan_vector, idx_t count) { best_...'"
duckdb-main,../repos/duckdb-main/src/storage/table/list_column_data.cpp,"(329, 26)-(329, 112)",b'[&](Serializer &serializer) { validity_state-...'
duckdb-main,../repos/duckdb-main/src/storage/table/list_column_data.cpp,"(331, 26)-(331, 109)",b'[&](Serializer &serializer) { child_state->Wr...'
duckdb-main,../repos/duckdb-main/src/storage/table/list_column_data.cpp,"(357, 26)-(357, 103)",b'[&](Deserializer &deserializer) { validity.De...'
duckdb-main,../repos/duckdb-main/src/storage/table/list_column_data.cpp,"(360, 26)-(360, 108)",b'[&](Deserializer &deserializer) { child_colum...'
duckdb-main,../repos/duckdb-main/src/storage/table/row_group_collection.cpp,"(576, 16)-(579, 4)","b'[&](Index &index) {\n\t\t\tindex.Delete(result, r...'"
duckdb-main,../repos/duckdb-main/src/storage/table/standard_column_data.cpp,"(180, 26)-(180, 112)",b'[&](Serializer &serializer) { validity_state-...'
duckdb-main,../repos/duckdb-main/src/storage/table/standard_column_data.cpp,"(215, 26)-(215, 103)",b'[&](Deserializer &deserializer) { validity.De...'
duckdb-main,../repos/duckdb-main/src/storage/table/struct_column_data.cpp,"(251, 26)-(251, 112)",b'[&](Serializer &serializer) { validity_state-...'
duckdb-main,../repos/duckdb-main/src/storage/table/struct_column_data.cpp,"(252, 65)-(255, 4)","b'[&](Serializer::List &list, idx_t i) {\n\t\t\taut...'"
duckdb-main,../repos/duckdb-main/src/storage/table/struct_column_data.cpp,"(254, 21)-(254, 98)",b'[&](Serializer &serializer) { state->WriteDat...'
duckdb-main,../repos/duckdb-main/src/storage/table/struct_column_data.cpp,"(278, 26)-(278, 103)",b'[&](Deserializer &deserializer) { validity.De...'
duckdb-main,../repos/duckdb-main/src/storage/table/struct_column_data.cpp,"(280, 44)-(282, 3)","b'[&](Deserializer::List &list, idx_t i) {\n\t\tli...'"
duckdb-main,../repos/duckdb-main/src/storage/table/struct_column_data.cpp,"(281, 19)-(281, 87)",b'[&](Deserializer &item) { sub_columns[i]->Des...'
duckdb-main,../repos/duckdb-main/src/storage/table/table_statistics.cpp,"(115, 45)-(125, 3)","b'[&](Deserializer::List &list, idx_t i) {\n\t\tau...'"
duckdb-main,../repos/duckdb-main/src/storage/table/update_segment.cpp,"(98, 36)-(98, 105)",b'[&](UpdateInfo *current) { MergeValidityInfo(...'
duckdb-main,../repos/duckdb-main/src/storage/table/update_segment.cpp,"(120, 36)-(120, 106)",b'[&](UpdateInfo *current) { MergeUpdateInfo<T>...'
duckdb-main,../repos/duckdb-main/src/storage/table/update_segment.cpp,"(360, 70)-(371, 3)",b'[&](UpdateInfo *current) {\n\t\tauto info_data =...'
duckdb-main,../repos/duckdb-main/src/storage/table/update_segment.cpp,"(378, 70)-(389, 3)",b'[&](UpdateInfo *current) {\n\t\tauto info_data =...'
duckdb-main,../repos/duckdb-main/src/storage/table/update_segment.cpp,"(822, 18)-(826, 3)","b'[&](idx_t id, idx_t aidx, idx_t count) {\n\t\tre...'"
duckdb-main,../repos/duckdb-main/src/storage/table/update_segment.cpp,"(827, 18)-(831, 3)","b'[&](idx_t id, idx_t bidx, idx_t count) {\n\t\tre...'"
duckdb-main,../repos/duckdb-main/src/storage/table/update_segment.cpp,"(833, 15)-(835, 3)","b'[&](idx_t id, idx_t aidx, idx_t bidx, idx_t c...'"
duckdb-main,../repos/duckdb-main/src/storage/table/update_segment.cpp,"(1037, 58)-(1037, 107)","b'[&](sel_t l, sel_t r) { return ids[l] < ids[r]; }'"
duckdb-main,../repos/duckdb-main/src/storage/table_index_list.cpp,"(103, 7)-(108, 3)",b'[&](Index &index) {\n\t\tif (DataTable::IsForeig...'
duckdb-main,../repos/duckdb-main/src/storage/wal_replay.cpp,"(539, 46)-(559, 3)","b'[&](Deserializer::List &list, idx_t i) {\n\t\tau...'"
duckdb-main,../repos/duckdb-main/src/storage/wal_replay.cpp,"(647, 40)-(647, 96)",b'[&](Deserializer &object) { chunk.Deserialize...'
duckdb-main,../repos/duckdb-main/src/storage/wal_replay.cpp,"(661, 40)-(661, 96)",b'[&](Deserializer &object) { chunk.Deserialize...'
duckdb-main,../repos/duckdb-main/src/storage/wal_replay.cpp,"(685, 40)-(685, 96)",b'[&](Deserializer &object) { chunk.Deserialize...'
duckdb-main,../repos/duckdb-main/src/storage/write_ahead_log.cpp,"(252, 80)-(257, 3)","b'[&](Serializer::List &list, idx_t i) {\n\t\tauto...'"
duckdb-main,../repos/duckdb-main/src/transaction/undo_buffer.cpp,"(116, 33)-(124, 3)","b'[&](UndoFlags entry_type, data_ptr_t data) {\n...'"
duckdb-main,../repos/duckdb-main/src/transaction/undo_buffer.cpp,"(140, 33)-(140, 105)","b'[&](UndoFlags type, data_ptr_t data) { state....'"
duckdb-main,../repos/duckdb-main/src/transaction/undo_buffer.cpp,"(144, 36)-(147, 4)",b'[&](Index &index) {\n\t\t\tindex.Vacuum();\n\t\t\tret...'
duckdb-main,../repos/duckdb-main/src/transaction/undo_buffer.cpp,"(156, 34)-(156, 111)","b'[&](UndoFlags type, data_ptr_t data) { state....'"
duckdb-main,../repos/duckdb-main/src/transaction/undo_buffer.cpp,"(159, 34)-(159, 112)","b'[&](UndoFlags type, data_ptr_t data) { state....'"
duckdb-main,../repos/duckdb-main/src/transaction/undo_buffer.cpp,"(166, 41)-(166, 113)","b'[&](UndoFlags type, data_ptr_t data) { state....'"
duckdb-main,../repos/duckdb-main/src/transaction/undo_buffer.cpp,"(172, 24)-(172, 97)","b'[&](UndoFlags type, data_ptr_t data) { state....'"
duckdb-main,../repos/duckdb-main/src/verification/prepared_statement_verifier.cpp,"(24, 20)-(24, 89)",b'[&](unique_ptr<ParsedExpression> &child) { Co...'
duckdb-main,../repos/duckdb-main/src/verification/prepared_statement_verifier.cpp,"(56, 26)-(58, 4)","b'[&](const std::pair<const string, unique_ptr<...'"
duckdb-main,../repos/duckdb-main/src/verification/prepared_statement_verifier.cpp,"(75, 46)-(75, 115)",b'[&](unique_ptr<ParsedExpression> &child) { Co...'
