Repo name,File name,Location,Content
duckdb-main,../repos/duckdb-main/src/include/duckdb/common/types/column/column_data_allocator.hpp,"(88, 2)-(93, 3)",b'union {\n\t\t//! The allocator object (if this i...'
duckdb-main,../repos/duckdb-main/src/include/duckdb/common/types/string_type.hpp,"(212, 2)-(222, 3)",b'union {\n\t\tstruct {\n\t\t\tuint32_t length;\n\t\t\tcha...'
duckdb-main,../repos/duckdb-main/src/include/duckdb/common/types/value.hpp,"(300, 2)-(321, 3)",b'union Val {\n\t\tint8_t boolean;\n\t\tint8_t tinyin...'
duckdb-main,../repos/duckdb-main/src/include/duckdb/storage/statistics/base_statistics.hpp,"(138, 2)-(143, 3)","b'union {\n\t\t//! Numeric stats data, for numeric...'"
duckdb-main,../repos/duckdb-main/src/include/duckdb/storage/statistics/numeric_stats_union.hpp,"(18, 2)-(32, 3)",b'union Val {\n\t\tbool boolean;\n\t\tint8_t tinyint;...'
duckdb-main,../repos/duckdb-main/src/include/duckdb.h,"(223, 2)-(233, 3)",b'union {\n\t\tstruct {\n\t\t\tuint32_t length;\n\t\t\tcha...'
