Repo name,File name,Location,Content
duckdb-main,../repos/duckdb-main/src/common/types/column/column_data_collection.cpp,"(17, 1)-(18, 93)",b'typedef void (*column_data_copy_function_t)(C...'
duckdb-main,../repos/duckdb-main/src/function/compression_config.cpp,"(8, 1)-(8, 78)",b'typedef CompressionFunction (*get_compression...'
duckdb-main,../repos/duckdb-main/src/function/compression_config.cpp,"(9, 1)-(9, 64)",b'typedef bool (*compression_supports_type_t)(P...'
duckdb-main,../repos/duckdb-main/src/include/duckdb/common/adbc/adbc-init.hpp,"(30, 1)-(30, 32)",b'typedef uint8_t AdbcStatusCode;'
duckdb-main,../repos/duckdb-main/src/include/duckdb/common/adbc/adbc.h,"(182, 1)-(182, 32)",b'typedef uint8_t AdbcStatusCode;'
duckdb-main,../repos/duckdb-main/src/include/duckdb/common/adbc/adbc.h,"(2222, 1)-(2222, 98)",b'typedef AdbcStatusCode (*AdbcDriverInitFunc)(...'
duckdb-main,../repos/duckdb-main/src/include/duckdb/common/allocator.hpp,"(42, 1)-(42, 95)",b'typedef data_ptr_t (*allocate_function_ptr_t)...'
duckdb-main,../repos/duckdb-main/src/include/duckdb/common/allocator.hpp,"(43, 1)-(43, 105)",b'typedef void (*free_function_ptr_t)(PrivateAl...'
duckdb-main,../repos/duckdb-main/src/include/duckdb/common/allocator.hpp,"(44, 1)-(45, 61)",b'typedef data_ptr_t (*reallocate_function_ptr_...'
duckdb-main,../repos/duckdb-main/src/include/duckdb/common/arrow/appender/append_data.hpp,"(15, 1)-(15, 96)",b'typedef void (*initialize_t)(ArrowAppendData ...'
duckdb-main,../repos/duckdb-main/src/include/duckdb/common/arrow/appender/append_data.hpp,"(21, 1)-(21, 118)",b'typedef void (*append_vector_t)(ArrowAppendDa...'
duckdb-main,../repos/duckdb-main/src/include/duckdb/common/arrow/appender/append_data.hpp,"(22, 1)-(22, 103)",b'typedef void (*finalize_t)(ArrowAppendData &a...'
duckdb-main,../repos/duckdb-main/src/include/duckdb/common/arrow/nanoarrow/nanoarrow.h,"(101, 1)-(101, 28)",b'typedef int ArrowErrorCode;'
duckdb-main,../repos/duckdb-main/src/include/duckdb/common/exception.hpp,"(312, 3)-(312, 22)",b'typedef int status;'
duckdb-main,../repos/duckdb-main/src/include/duckdb/common/exception.hpp,"(322, 3)-(322, 20)",b'typedef int code;'
duckdb-main,../repos/duckdb-main/src/include/duckdb/common/helper.hpp,"(51, 5)-(51, 77)","b'typedef unique_ptr<_Tp, std::default_delete<_...'"
duckdb-main,../repos/duckdb-main/src/include/duckdb/common/helper.hpp,"(57, 5)-(57, 60)",b'typedef unique_ptr<_Tp[]> __unique_array_unkn...'
duckdb-main,../repos/duckdb-main/src/include/duckdb/common/helper.hpp,"(63, 5)-(63, 45)",b'typedef void __unique_array_known_bound;'
duckdb-main,../repos/duckdb-main/src/include/duckdb/common/hive_partitioning.hpp,"(69, 1)-(69, 121)","b'typedef unordered_map<HivePartitionKey, idx_t...'"
duckdb-main,../repos/duckdb-main/src/include/duckdb/common/progress_bar/progress_bar.hpp,"(20, 1)-(20, 80)",b'typedef unique_ptr<ProgressBarDisplay> (*prog...'
duckdb-main,../repos/duckdb-main/src/include/duckdb/common/row_operations/row_matcher.hpp,"(23, 1)-(26, 89)",b'typedef idx_t (*match_function_t)(Vector &lhs...'
duckdb-main,../repos/duckdb-main/src/include/duckdb/common/serializer/serialization_traits.hpp,"(19, 1)-(19, 29)",b'typedef uint16_t field_id_t;'
duckdb-main,../repos/duckdb-main/src/include/duckdb/common/serializer/serialization_traits.hpp,"(61, 2)-(61, 25)",b'typedef T ELEMENT_TYPE;'
duckdb-main,../repos/duckdb-main/src/include/duckdb/common/serializer/serialization_traits.hpp,"(68, 2)-(68, 25)",b'typedef T ELEMENT_TYPE;'
duckdb-main,../repos/duckdb-main/src/include/duckdb/common/serializer/serialization_traits.hpp,"(76, 2)-(76, 77)","b'typedef typename std::tuple_element<0, std::t...'"
duckdb-main,../repos/duckdb-main/src/include/duckdb/common/serializer/serialization_traits.hpp,"(77, 2)-(77, 79)","b'typedef typename std::tuple_element<1, std::t...'"
duckdb-main,../repos/duckdb-main/src/include/duckdb/common/serializer/serialization_traits.hpp,"(78, 2)-(78, 78)","b'typedef typename std::tuple_element<2, std::t...'"
duckdb-main,../repos/duckdb-main/src/include/duckdb/common/serializer/serialization_traits.hpp,"(79, 2)-(79, 79)","b'typedef typename std::tuple_element<3, std::t...'"
duckdb-main,../repos/duckdb-main/src/include/duckdb/common/serializer/serialization_traits.hpp,"(86, 2)-(86, 77)","b'typedef typename std::tuple_element<0, std::t...'"
duckdb-main,../repos/duckdb-main/src/include/duckdb/common/serializer/serialization_traits.hpp,"(87, 2)-(87, 79)","b'typedef typename std::tuple_element<1, std::t...'"
duckdb-main,../repos/duckdb-main/src/include/duckdb/common/serializer/serialization_traits.hpp,"(88, 2)-(88, 78)","b'typedef typename std::tuple_element<2, std::t...'"
duckdb-main,../repos/duckdb-main/src/include/duckdb/common/serializer/serialization_traits.hpp,"(89, 2)-(89, 79)","b'typedef typename std::tuple_element<3, std::t...'"
duckdb-main,../repos/duckdb-main/src/include/duckdb/common/serializer/serialization_traits.hpp,"(96, 2)-(96, 25)",b'typedef T ELEMENT_TYPE;'
duckdb-main,../repos/duckdb-main/src/include/duckdb/common/serializer/serialization_traits.hpp,"(103, 2)-(103, 25)",b'typedef T ELEMENT_TYPE;'
duckdb-main,../repos/duckdb-main/src/include/duckdb/common/serializer/serialization_traits.hpp,"(110, 2)-(110, 25)",b'typedef T ELEMENT_TYPE;'
duckdb-main,../repos/duckdb-main/src/include/duckdb/common/serializer/serialization_traits.hpp,"(117, 2)-(117, 23)",b'typedef T FIRST_TYPE;'
duckdb-main,../repos/duckdb-main/src/include/duckdb/common/serializer/serialization_traits.hpp,"(118, 2)-(118, 24)",b'typedef U SECOND_TYPE;'
duckdb-main,../repos/duckdb-main/src/include/duckdb/common/serializer/serialization_traits.hpp,"(125, 2)-(125, 81)","b'typedef typename std::tuple_element<0, std::t...'"
duckdb-main,../repos/duckdb-main/src/include/duckdb/common/serializer/serialization_traits.hpp,"(126, 2)-(126, 78)","b'typedef typename std::tuple_element<1, std::t...'"
duckdb-main,../repos/duckdb-main/src/include/duckdb/common/serializer/serialization_traits.hpp,"(127, 2)-(127, 79)","b'typedef typename std::tuple_element<2, std::t...'"
duckdb-main,../repos/duckdb-main/src/include/duckdb/common/serializer/serialization_traits.hpp,"(134, 2)-(134, 81)","b'typedef typename std::tuple_element<0, std::t...'"
duckdb-main,../repos/duckdb-main/src/include/duckdb/common/serializer/serialization_traits.hpp,"(135, 2)-(135, 78)","b'typedef typename std::tuple_element<1, std::t...'"
duckdb-main,../repos/duckdb-main/src/include/duckdb/common/serializer/serialization_traits.hpp,"(136, 2)-(136, 79)","b'typedef typename std::tuple_element<2, std::t...'"
duckdb-main,../repos/duckdb-main/src/include/duckdb/common/serializer/serialization_traits.hpp,"(144, 2)-(144, 17)",b'typedef T TYPE;'
duckdb-main,../repos/duckdb-main/src/include/duckdb/common/typedefs.hpp,"(16, 1)-(16, 24)",b'typedef uint64_t idx_t;'
duckdb-main,../repos/duckdb-main/src/include/duckdb/common/typedefs.hpp,"(19, 1)-(19, 23)",b'typedef int64_t row_t;'
duckdb-main,../repos/duckdb-main/src/include/duckdb/common/typedefs.hpp,"(22, 1)-(22, 25)",b'typedef uint64_t hash_t;'
duckdb-main,../repos/duckdb-main/src/include/duckdb/common/typedefs.hpp,"(25, 1)-(25, 24)",b'typedef uint8_t data_t;'
duckdb-main,../repos/duckdb-main/src/include/duckdb/common/typedefs.hpp,"(26, 1)-(26, 28)",b'typedef data_t *data_ptr_t;'
duckdb-main,../repos/duckdb-main/src/include/duckdb/common/typedefs.hpp,"(27, 1)-(27, 40)",b'typedef const data_t *const_data_ptr_t;'
duckdb-main,../repos/duckdb-main/src/include/duckdb/common/typedefs.hpp,"(30, 1)-(30, 24)",b'typedef uint32_t sel_t;'
duckdb-main,../repos/duckdb-main/src/include/duckdb/common/typedefs.hpp,"(32, 1)-(32, 29)",b'typedef idx_t transaction_t;'
duckdb-main,../repos/duckdb-main/src/include/duckdb/common/typedefs.hpp,"(35, 1)-(35, 24)",b'typedef idx_t column_t;'
duckdb-main,../repos/duckdb-main/src/include/duckdb/common/typedefs.hpp,"(37, 1)-(37, 25)",b'typedef idx_t storage_t;'
duckdb-main,../repos/duckdb-main/src/include/duckdb/common/types/list_segment.hpp,"(37, 1)-(38, 61)",b'typedef ListSegment *(*create_segment_t)(cons...'
duckdb-main,../repos/duckdb-main/src/include/duckdb/common/types/list_segment.hpp,"(39, 1)-(41, 59)",b'typedef void (*write_data_to_segment_t)(const...'
duckdb-main,../repos/duckdb-main/src/include/duckdb/common/types/list_segment.hpp,"(42, 1)-(43, 78)",b'typedef void (*read_data_from_segment_t)(cons...'
duckdb-main,../repos/duckdb-main/src/include/duckdb/common/types/row/tuple_data_collection.hpp,"(22, 1)-(27, 104)",b'typedef void (*tuple_data_scatter_function_t)...'
duckdb-main,../repos/duckdb-main/src/include/duckdb/common/types/row/tuple_data_collection.hpp,"(34, 1)-(37, 102)",b'typedef void (*tuple_data_gather_function_t)(...'
duckdb-main,../repos/duckdb-main/src/include/duckdb/core_functions/function_list.hpp,"(15, 1)-(15, 51)",b'typedef ScalarFunction (*get_scalar_function_t)();'
duckdb-main,../repos/duckdb-main/src/include/duckdb/core_functions/function_list.hpp,"(16, 1)-(16, 58)",b'typedef ScalarFunctionSet (*get_scalar_functi...'
duckdb-main,../repos/duckdb-main/src/include/duckdb/core_functions/function_list.hpp,"(17, 1)-(17, 57)",b'typedef AggregateFunction (*get_aggregate_fun...'
duckdb-main,../repos/duckdb-main/src/include/duckdb/core_functions/function_list.hpp,"(18, 1)-(18, 64)",b'typedef AggregateFunctionSet (*get_aggregate_...'
duckdb-main,../repos/duckdb-main/src/include/duckdb/execution/index/index_type.hpp,"(25, 1)-(30, 92)",b'typedef unique_ptr<Index> (*index_create_func...'
duckdb-main,../repos/duckdb-main/src/include/duckdb/function/aggregate_function.hpp,"(45, 1)-(45, 37)",b'typedef idx_t (*aggregate_size_t)();'
duckdb-main,../repos/duckdb-main/src/include/duckdb/function/aggregate_function.hpp,"(47, 1)-(47, 58)",b'typedef void (*aggregate_initialize_t)(data_p...'
duckdb-main,../repos/duckdb-main/src/include/duckdb/function/aggregate_function.hpp,"(49, 1)-(50, 64)",b'typedef void (*aggregate_update_t)(Vector inp...'
duckdb-main,../repos/duckdb-main/src/include/duckdb/function/aggregate_function.hpp,"(52, 1)-(52, 120)",b'typedef void (*aggregate_combine_t)(Vector &s...'
duckdb-main,../repos/duckdb-main/src/include/duckdb/function/aggregate_function.hpp,"(54, 1)-(55, 52)",b'typedef void (*aggregate_finalize_t)(Vector &...'
duckdb-main,../repos/duckdb-main/src/include/duckdb/function/aggregate_function.hpp,"(57, 1)-(58, 95)",b'typedef unique_ptr<BaseStatistics> (*aggregat...'
duckdb-main,../repos/duckdb-main/src/include/duckdb/function/aggregate_function.hpp,"(60, 1)-(61, 106)",b'typedef unique_ptr<FunctionData> (*bind_aggre...'
duckdb-main,../repos/duckdb-main/src/include/duckdb/function/aggregate_function.hpp,"(63, 1)-(63, 105)",b'typedef void (*aggregate_destructor_t)(Vector...'
duckdb-main,../repos/duckdb-main/src/include/duckdb/function/aggregate_function.hpp,"(66, 1)-(67, 74)",b'typedef void (*aggregate_simple_update_t)(Vec...'
duckdb-main,../repos/duckdb-main/src/include/duckdb/function/aggregate_function.hpp,"(70, 1)-(72, 63)",b'typedef void (*aggregate_window_t)(AggregateI...'
duckdb-main,../repos/duckdb-main/src/include/duckdb/function/aggregate_function.hpp,"(75, 1)-(76, 57)",b'typedef void (*aggregate_wininit_t)(Aggregate...'
duckdb-main,../repos/duckdb-main/src/include/duckdb/function/aggregate_function.hpp,"(78, 1)-(79, 74)",b'typedef void (*aggregate_serialize_t)(Seriali...'
duckdb-main,../repos/duckdb-main/src/include/duckdb/function/aggregate_function.hpp,"(80, 1)-(80, 118)",b'typedef unique_ptr<FunctionData> (*aggregate_...'
duckdb-main,../repos/duckdb-main/src/include/duckdb/function/cast/cast_function_set.hpp,"(18, 1)-(19, 74)",b'typedef BoundCastInfo (*bind_cast_function_t)...'
duckdb-main,../repos/duckdb-main/src/include/duckdb/function/cast/cast_function_set.hpp,"(20, 1)-(20, 89)",b'typedef int64_t (*implicit_cast_cost_t)(const...'
duckdb-main,../repos/duckdb-main/src/include/duckdb/function/cast/default_casts.hpp,"(94, 1)-(94, 106)",b'typedef bool (*cast_function_t)(Vector &sourc...'
duckdb-main,../repos/duckdb-main/src/include/duckdb/function/cast/default_casts.hpp,"(95, 1)-(95, 105)",b'typedef unique_ptr<FunctionLocalState> (*init...'
duckdb-main,../repos/duckdb-main/src/include/duckdb/function/compression_function.hpp,"(116, 1)-(116, 105)",b'typedef unique_ptr<AnalyzeState> (*compressio...'
duckdb-main,../repos/duckdb-main/src/include/duckdb/function/compression_function.hpp,"(117, 1)-(117, 88)",b'typedef bool (*compression_analyze_t)(Analyze...'
duckdb-main,../repos/duckdb-main/src/include/duckdb/function/compression_function.hpp,"(118, 1)-(118, 67)",b'typedef idx_t (*compression_final_analyze_t)(...'
duckdb-main,../repos/duckdb-main/src/include/duckdb/function/compression_function.hpp,"(123, 1)-(124, 104)",b'typedef unique_ptr<CompressionState> (*compre...'
duckdb-main,../repos/duckdb-main/src/include/duckdb/function/compression_function.hpp,"(125, 1)-(125, 104)",b'typedef void (*compression_compress_data_t)(C...'
duckdb-main,../repos/duckdb-main/src/include/duckdb/function/compression_function.hpp,"(126, 1)-(126, 74)",b'typedef void (*compression_compress_finalize_...'
duckdb-main,../repos/duckdb-main/src/include/duckdb/function/compression_function.hpp,"(131, 1)-(131, 97)",b'typedef unique_ptr<SegmentScanState> (*compre...'
duckdb-main,../repos/duckdb-main/src/include/duckdb/function/compression_function.hpp,"(134, 1)-(135, 59)",b'typedef void (*compression_scan_vector_t)(Col...'
duckdb-main,../repos/duckdb-main/src/include/duckdb/function/compression_function.hpp,"(137, 1)-(138, 81)",b'typedef void (*compression_scan_partial_t)(Co...'
duckdb-main,../repos/duckdb-main/src/include/duckdb/function/compression_function.hpp,"(140, 1)-(141, 59)",b'typedef void (*compression_fetch_row_t)(Colum...'
duckdb-main,../repos/duckdb-main/src/include/duckdb/function/compression_function.hpp,"(144, 1)-(144, 102)",b'typedef void (*compression_skip_t)(ColumnSegm...'
duckdb-main,../repos/duckdb-main/src/include/duckdb/function/compression_function.hpp,"(149, 1)-(150, 98)",b'typedef unique_ptr<CompressedSegmentState> (*...'
duckdb-main,../repos/duckdb-main/src/include/duckdb/function/compression_function.hpp,"(151, 1)-(151, 97)",b'typedef unique_ptr<CompressionAppendState> (*...'
duckdb-main,../repos/duckdb-main/src/include/duckdb/function/compression_function.hpp,"(152, 1)-(153, 119)",b'typedef idx_t (*compression_append_t)(Compres...'
duckdb-main,../repos/duckdb-main/src/include/duckdb/function/compression_function.hpp,"(154, 1)-(154, 98)",b'typedef idx_t (*compression_finalize_append_t...'
duckdb-main,../repos/duckdb-main/src/include/duckdb/function/compression_function.hpp,"(155, 1)-(155, 86)",b'typedef void (*compression_revert_append_t)(C...'
duckdb-main,../repos/duckdb-main/src/include/duckdb/function/compression_function.hpp,"(161, 1)-(161, 97)",b'typedef unique_ptr<ColumnSegmentState> (*comp...'
duckdb-main,../repos/duckdb-main/src/include/duckdb/function/compression_function.hpp,"(163, 1)-(163, 103)",b'typedef unique_ptr<ColumnSegmentState> (*comp...'
duckdb-main,../repos/duckdb-main/src/include/duckdb/function/compression_function.hpp,"(165, 1)-(165, 69)",b'typedef void (*compression_cleanup_state_t)(C...'
duckdb-main,../repos/duckdb-main/src/include/duckdb/function/copy_function.hpp,"(82, 1)-(82, 79)",b'typedef BoundStatement (*copy_to_plan_t)(Bind...'
duckdb-main,../repos/duckdb-main/src/include/duckdb/function/copy_function.hpp,"(83, 1)-(84, 119)",b'typedef unique_ptr<FunctionData> (*copy_to_bi...'
duckdb-main,../repos/duckdb-main/src/include/duckdb/function/copy_function.hpp,"(85, 1)-(85, 121)",b'typedef unique_ptr<LocalFunctionData> (*copy_...'
duckdb-main,../repos/duckdb-main/src/include/duckdb/function/copy_function.hpp,"(86, 1)-(87, 96)",b'typedef unique_ptr<GlobalFunctionData> (*copy...'
duckdb-main,../repos/duckdb-main/src/include/duckdb/function/copy_function.hpp,"(88, 1)-(89, 77)",b'typedef void (*copy_to_sink_t)(ExecutionConte...'
duckdb-main,../repos/duckdb-main/src/include/duckdb/function/copy_function.hpp,"(90, 1)-(91, 62)",b'typedef void (*copy_to_combine_t)(ExecutionCo...'
duckdb-main,../repos/duckdb-main/src/include/duckdb/function/copy_function.hpp,"(92, 1)-(92, 113)",b'typedef void (*copy_to_finalize_t)(ClientCont...'
duckdb-main,../repos/duckdb-main/src/include/duckdb/function/copy_function.hpp,"(94, 1)-(95, 67)",b'typedef void (*copy_to_serialize_t)(Serialize...'
duckdb-main,../repos/duckdb-main/src/include/duckdb/function/copy_function.hpp,"(97, 1)-(97, 111)",b'typedef unique_ptr<FunctionData> (*copy_to_de...'
duckdb-main,../repos/duckdb-main/src/include/duckdb/function/copy_function.hpp,"(99, 1)-(101, 91)",b'typedef unique_ptr<FunctionData> (*copy_from_...'
duckdb-main,../repos/duckdb-main/src/include/duckdb/function/copy_function.hpp,"(102, 1)-(102, 121)",b'typedef CopyFunctionExecutionMode (*copy_to_e...'
duckdb-main,../repos/duckdb-main/src/include/duckdb/function/copy_function.hpp,"(104, 1)-(106, 108)",b'typedef unique_ptr<PreparedBatchData> (*copy_...'
duckdb-main,../repos/duckdb-main/src/include/duckdb/function/copy_function.hpp,"(107, 1)-(108, 62)",b'typedef void (*copy_flush_batch_t)(ClientCont...'
duckdb-main,../repos/duckdb-main/src/include/duckdb/function/copy_function.hpp,"(109, 1)-(109, 93)",b'typedef idx_t (*copy_desired_batch_size_t)(Cl...'
duckdb-main,../repos/duckdb-main/src/include/duckdb/function/copy_function.hpp,"(111, 1)-(111, 69)",b'typedef idx_t (*copy_file_size_bytes_t)(Globa...'
duckdb-main,../repos/duckdb-main/src/include/duckdb/function/copy_function.hpp,"(115, 1)-(115, 74)",b'typedef CopyTypeSupport (*copy_supports_type_...'
duckdb-main,../repos/duckdb-main/src/include/duckdb/function/pragma_function.hpp,"(19, 1)-(19, 96)",b'typedef string (*pragma_query_t)(ClientContex...'
duckdb-main,../repos/duckdb-main/src/include/duckdb/function/pragma_function.hpp,"(21, 1)-(21, 97)",b'typedef void (*pragma_function_t)(ClientConte...'
duckdb-main,../repos/duckdb-main/src/include/duckdb/function/replacement_scan.hpp,"(24, 1)-(25, 79)",b'typedef unique_ptr<TableRef> (*replacement_sc...'
duckdb-main,../repos/duckdb-main/src/include/duckdb/function/scalar_function.hpp,"(55, 1)-(55, 89)","b'typedef std::function<void(DataChunk &, Expre...'"
duckdb-main,../repos/duckdb-main/src/include/duckdb/function/scalar_function.hpp,"(57, 1)-(58, 103)",b'typedef unique_ptr<FunctionData> (*bind_scala...'
duckdb-main,../repos/duckdb-main/src/include/duckdb/function/scalar_function.hpp,"(60, 1)-(62, 87)",b'typedef unique_ptr<FunctionLocalState> (*init...'
duckdb-main,../repos/duckdb-main/src/include/duckdb/function/scalar_function.hpp,"(64, 1)-(64, 100)",b'typedef void (*dependency_function_t)(BoundFu...'
duckdb-main,../repos/duckdb-main/src/include/duckdb/function/scalar_function.hpp,"(66, 1)-(66, 117)",b'typedef unique_ptr<BaseStatistics> (*function...'
duckdb-main,../repos/duckdb-main/src/include/duckdb/function/scalar_function.hpp,"(68, 1)-(68, 110)",b'typedef LogicalType (*bind_lambda_function_t)...'
duckdb-main,../repos/duckdb-main/src/include/duckdb/function/scalar_function.hpp,"(70, 1)-(71, 70)",b'typedef void (*function_serialize_t)(Serializ...'
duckdb-main,../repos/duckdb-main/src/include/duckdb/function/scalar_function.hpp,"(72, 1)-(72, 114)",b'typedef unique_ptr<FunctionData> (*function_d...'
duckdb-main,../repos/duckdb-main/src/include/duckdb/function/table/arrow.hpp,"(45, 1)-(46, 108)",b'typedef unique_ptr<ArrowArrayStreamWrapper> (...'
duckdb-main,../repos/duckdb-main/src/include/duckdb/function/table/arrow.hpp,"(47, 1)-(47, 104)",b'typedef void (*stream_factory_get_schema_t)(A...'
duckdb-main,../repos/duckdb-main/src/include/duckdb/function/table_function.hpp,"(179, 1)-(180, 117)",b'typedef unique_ptr<FunctionData> (*table_func...'
duckdb-main,../repos/duckdb-main/src/include/duckdb/function/table_function.hpp,"(181, 1)-(181, 118)",b'typedef unique_ptr<TableRef> (*table_function...'
duckdb-main,../repos/duckdb-main/src/include/duckdb/function/table_function.hpp,"(182, 1)-(183, 109)",b'typedef unique_ptr<GlobalTableFunctionState> ...'
duckdb-main,../repos/duckdb-main/src/include/duckdb/function/table_function.hpp,"(184, 1)-(186, 116)",b'typedef unique_ptr<LocalTableFunctionState> (...'
duckdb-main,../repos/duckdb-main/src/include/duckdb/function/table_function.hpp,"(187, 1)-(188, 81)",b'typedef unique_ptr<BaseStatistics> (*table_st...'
duckdb-main,../repos/duckdb-main/src/include/duckdb/function/table_function.hpp,"(189, 1)-(189, 103)",b'typedef void (*table_function_t)(ClientContex...'
duckdb-main,../repos/duckdb-main/src/include/duckdb/function/table_function.hpp,"(190, 1)-(191, 92)",b'typedef OperatorResultType (*table_in_out_fun...'
duckdb-main,../repos/duckdb-main/src/include/duckdb/function/table_function.hpp,"(192, 1)-(193, 88)",b'typedef OperatorFinalizeResultType (*table_in...'
duckdb-main,../repos/duckdb-main/src/include/duckdb/function/table_function.hpp,"(194, 1)-(196, 91)",b'typedef idx_t (*table_function_get_batch_inde...'
duckdb-main,../repos/duckdb-main/src/include/duckdb/function/table_function.hpp,"(198, 1)-(198, 96)",b'typedef BindInfo (*table_function_get_bind_in...'
duckdb-main,../repos/duckdb-main/src/include/duckdb/function/table_function.hpp,"(200, 1)-(201, 91)",b'typedef double (*table_function_progress_t)(C...'
duckdb-main,../repos/duckdb-main/src/include/duckdb/function/table_function.hpp,"(202, 1)-(202, 106)",b'typedef void (*table_function_dependency_t)(D...'
duckdb-main,../repos/duckdb-main/src/include/duckdb/function/table_function.hpp,"(203, 1)-(204, 99)",b'typedef unique_ptr<NodeStatistics> (*table_fu...'
duckdb-main,../repos/duckdb-main/src/include/duckdb/function/table_function.hpp,"(205, 1)-(207, 99)",b'typedef void (*table_function_pushdown_comple...'
duckdb-main,../repos/duckdb-main/src/include/duckdb/function/table_function.hpp,"(208, 1)-(208, 77)",b'typedef string (*table_function_to_string_t)(...'
duckdb-main,../repos/duckdb-main/src/include/duckdb/function/table_function.hpp,"(210, 1)-(211, 75)",b'typedef void (*table_function_serialize_t)(Se...'
duckdb-main,../repos/duckdb-main/src/include/duckdb/function/table_function.hpp,"(212, 1)-(212, 119)",b'typedef unique_ptr<FunctionData> (*table_func...'
duckdb-main,../repos/duckdb-main/src/include/duckdb/function/udf_function.hpp,"(138, 4)-(138, 56)",b'typedef RESULT_TYPE (*unary_function_t)(INPUT...'
duckdb-main,../repos/duckdb-main/src/include/duckdb/main/client_config.hpp,"(23, 1)-(24, 28)",b'typedef std::function<unique_ptr<PhysicalResu...'
duckdb-main,../repos/duckdb-main/src/include/duckdb/main/config.hpp,"(58, 1)-(58, 103)",b'typedef void (*set_global_function_t)(Databas...'
duckdb-main,../repos/duckdb-main/src/include/duckdb/main/config.hpp,"(59, 1)-(59, 86)",b'typedef void (*set_local_function_t)(ClientCo...'
duckdb-main,../repos/duckdb-main/src/include/duckdb/main/config.hpp,"(60, 1)-(60, 81)",b'typedef void (*reset_global_function_t)(Datab...'
duckdb-main,../repos/duckdb-main/src/include/duckdb/main/config.hpp,"(61, 1)-(61, 64)",b'typedef void (*reset_local_function_t)(Client...'
duckdb-main,../repos/duckdb-main/src/include/duckdb/main/config.hpp,"(62, 1)-(62, 65)",b'typedef Value (*get_setting_function_t)(Clien...'
duckdb-main,../repos/duckdb-main/src/include/duckdb/main/config.hpp,"(75, 1)-(75, 97)",b'typedef void (*set_option_callback_t)(ClientC...'
duckdb-main,../repos/duckdb-main/src/include/duckdb/main/connection.hpp,"(35, 1)-(35, 47)",b'typedef void (*warning_callback)(std::string);'
duckdb-main,../repos/duckdb-main/src/include/duckdb/main/secret/secret.hpp,"(38, 1)-(38, 109)",b'typedef unique_ptr<BaseSecret> (*secret_deser...'
duckdb-main,../repos/duckdb-main/src/include/duckdb/main/secret/secret.hpp,"(39, 1)-(39, 110)",b'typedef unique_ptr<BaseSecret> (*create_secre...'
duckdb-main,../repos/duckdb-main/src/include/duckdb/optimizer/compressed_materialization.hpp,"(72, 1)-(72, 75)",b'typedef column_binding_map_t<unique_ptr<BaseS...'
duckdb-main,../repos/duckdb-main/src/include/duckdb/optimizer/optimizer_extension.hpp,"(22, 1)-(23, 72)",b'typedef void (*optimize_function_t)(ClientCon...'
duckdb-main,../repos/duckdb-main/src/include/duckdb/parser/parser_extension.hpp,"(56, 1)-(56, 104)",b'typedef ParserExtensionParseResult (*parse_fu...'
duckdb-main,../repos/duckdb-main/src/include/duckdb/parser/parser_extension.hpp,"(73, 1)-(74, 103)",b'typedef ParserExtensionPlanResult (*plan_func...'
duckdb-main,../repos/duckdb-main/src/include/duckdb/planner/operator_extension.hpp,"(23, 1)-(24, 68)",b'typedef BoundStatement (*bind_function_t)(Cli...'
duckdb-main,../repos/duckdb-main/src/include/duckdb/storage/compression/chimp/chimp.hpp,"(28, 2)-(28, 24)",b'typedef uint64_t type;'
duckdb-main,../repos/duckdb-main/src/include/duckdb/storage/compression/chimp/chimp.hpp,"(33, 2)-(33, 24)",b'typedef uint32_t type;'
duckdb-main,../repos/duckdb-main/src/include/duckdb/storage/compression/patas/patas.hpp,"(28, 2)-(28, 24)",b'typedef uint64_t type;'
duckdb-main,../repos/duckdb-main/src/include/duckdb/storage/compression/patas/patas.hpp,"(33, 2)-(33, 24)",b'typedef uint32_t type;'
duckdb-main,../repos/duckdb-main/src/include/duckdb/storage/storage_extension.hpp,"(27, 1)-(28, 112)",b'typedef unique_ptr<Catalog> (*attach_function...'
duckdb-main,../repos/duckdb-main/src/include/duckdb/storage/storage_extension.hpp,"(29, 1)-(30, 112)",b'typedef unique_ptr<TransactionManager> (*crea...'
duckdb-main,../repos/duckdb-main/src/include/duckdb/storage/table/scan_state.hpp,"(67, 1)-(67, 69)","b'typedef unordered_map<block_id_t, BufferHandl...'"
duckdb-main,../repos/duckdb-main/src/include/duckdb/storage/table/update_segment.hpp,"(67, 2)-(68, 91)",b'typedef void (*initialize_update_function_t)(...'
duckdb-main,../repos/duckdb-main/src/include/duckdb/storage/table/update_segment.hpp,"(69, 2)-(70, 111)",b'typedef void (*merge_update_function_t)(Updat...'
duckdb-main,../repos/duckdb-main/src/include/duckdb/storage/table/update_segment.hpp,"(71, 2)-(72, 58)",b'typedef void (*fetch_update_function_t)(trans...'
duckdb-main,../repos/duckdb-main/src/include/duckdb/storage/table/update_segment.hpp,"(73, 2)-(73, 79)",b'typedef void (*fetch_committed_function_t)(Up...'
duckdb-main,../repos/duckdb-main/src/include/duckdb/storage/table/update_segment.hpp,"(74, 2)-(75, 67)",b'typedef void (*fetch_committed_range_function...'
duckdb-main,../repos/duckdb-main/src/include/duckdb/storage/table/update_segment.hpp,"(76, 2)-(77, 88)",b'typedef void (*fetch_row_function_t)(transact...'
duckdb-main,../repos/duckdb-main/src/include/duckdb/storage/table/update_segment.hpp,"(78, 2)-(78, 95)",b'typedef void (*rollback_update_function_t)(Up...'
duckdb-main,../repos/duckdb-main/src/include/duckdb/storage/table/update_segment.hpp,"(79, 2)-(80, 83)",b'typedef idx_t (*statistics_update_function_t)...'
duckdb-main,../repos/duckdb-main/src/include/duckdb.h,"(67, 1)-(67, 24)",b'typedef uint64_t idx_t;'
duckdb-main,../repos/duckdb-main/src/include/duckdb.h,"(69, 1)-(135, 15)",b'typedef enum DUCKDB_TYPE {\n\tDUCKDB_TYPE_INVAL...'
duckdb-main,../repos/duckdb-main/src/include/duckdb.h,"(139, 1)-(141, 15)",b'typedef struct {\n\tint32_t days;\n} duckdb_date;'
duckdb-main,../repos/duckdb-main/src/include/duckdb.h,"(143, 1)-(147, 22)",b'typedef struct {\n\tint32_t year;\n\tint8_t month...'
duckdb-main,../repos/duckdb-main/src/include/duckdb.h,"(151, 1)-(153, 15)",b'typedef struct {\n\tint64_t micros;\n} duckdb_time;'
duckdb-main,../repos/duckdb-main/src/include/duckdb.h,"(155, 1)-(160, 22)",b'typedef struct {\n\tint8_t hour;\n\tint8_t min;\n\t...'
duckdb-main,../repos/duckdb-main/src/include/duckdb.h,"(163, 1)-(165, 18)",b'typedef struct {\n\tuint64_t bits;\n} duckdb_time_tz;'
duckdb-main,../repos/duckdb-main/src/include/duckdb.h,"(167, 1)-(170, 25)",b'typedef struct {\n\tduckdb_time time;\n\tint32_t ...'
duckdb-main,../repos/duckdb-main/src/include/duckdb.h,"(174, 1)-(176, 20)",b'typedef struct {\n\tint64_t micros;\n} duckdb_ti...'
duckdb-main,../repos/duckdb-main/src/include/duckdb.h,"(178, 1)-(181, 27)",b'typedef struct {\n\tduckdb_date_struct date;\n\td...'
duckdb-main,../repos/duckdb-main/src/include/duckdb.h,"(183, 1)-(187, 19)",b'typedef struct {\n\tint32_t months;\n\tint32_t da...'
duckdb-main,../repos/duckdb-main/src/include/duckdb.h,"(192, 1)-(195, 18)",b'typedef struct {\n\tuint64_t lower;\n\tint64_t up...'
duckdb-main,../repos/duckdb-main/src/include/duckdb.h,"(197, 1)-(200, 19)",b'typedef struct {\n\tuint64_t lower;\n\tuint64_t u...'
duckdb-main,../repos/duckdb-main/src/include/duckdb.h,"(202, 1)-(207, 18)",b'typedef struct {\n\tuint8_t width;\n\tuint8_t sca...'
duckdb-main,../repos/duckdb-main/src/include/duckdb.h,"(209, 1)-(212, 17)",b'typedef struct {\n\tchar *data;\n\tidx_t size;\n} ...'
duckdb-main,../repos/duckdb-main/src/include/duckdb.h,"(214, 1)-(218, 30)",b'typedef struct {\n\tdouble percentage;\n\tuint64_...'
duckdb-main,../repos/duckdb-main/src/include/duckdb.h,"(222, 1)-(234, 19)",b'typedef struct {\n\tunion {\n\t\tstruct {\n\t\t\tuint3...'
duckdb-main,../repos/duckdb-main/src/include/duckdb.h,"(236, 1)-(239, 15)",b'typedef struct {\n\tvoid *data;\n\tidx_t size;\n} ...'
duckdb-main,../repos/duckdb-main/src/include/duckdb.h,"(241, 1)-(244, 21)",b'typedef struct {\n\tuint64_t offset;\n\tuint64_t ...'
duckdb-main,../repos/duckdb-main/src/include/duckdb.h,"(246, 1)-(263, 17)",b'typedef struct {\n#if DUCKDB_API_VERSION < DUC...'
duckdb-main,../repos/duckdb-main/src/include/duckdb.h,"(265, 1)-(285, 17)",b'typedef struct {\n#if DUCKDB_API_VERSION < DUC...'
duckdb-main,../repos/duckdb-main/src/include/duckdb.h,"(287, 1)-(289, 21)",b'typedef struct _duckdb_database {\n\tvoid *__db...'
duckdb-main,../repos/duckdb-main/src/include/duckdb.h,"(290, 1)-(292, 23)",b'typedef struct _duckdb_connection {\n\tvoid *__...'
duckdb-main,../repos/duckdb-main/src/include/duckdb.h,"(293, 1)-(295, 31)",b'typedef struct _duckdb_prepared_statement {\n\t...'
duckdb-main,../repos/duckdb-main/src/include/duckdb.h,"(296, 1)-(298, 33)",b'typedef struct _duckdb_extracted_statements {...'
duckdb-main,../repos/duckdb-main/src/include/duckdb.h,"(299, 1)-(301, 27)",b'typedef struct _duckdb_pending_result {\n\tvoid...'
duckdb-main,../repos/duckdb-main/src/include/duckdb.h,"(302, 1)-(304, 21)",b'typedef struct _duckdb_appender {\n\tvoid *__ap...'
duckdb-main,../repos/duckdb-main/src/include/duckdb.h,"(305, 1)-(307, 18)",b'typedef struct _duckdb_arrow {\n\tvoid *__arrw;...'
duckdb-main,../repos/duckdb-main/src/include/duckdb.h,"(308, 1)-(310, 25)",b'typedef struct _duckdb_arrow_stream {\n\tvoid *...'
duckdb-main,../repos/duckdb-main/src/include/duckdb.h,"(311, 1)-(313, 19)",b'typedef struct _duckdb_config {\n\tvoid *__cnfg...'
duckdb-main,../repos/duckdb-main/src/include/duckdb.h,"(314, 1)-(316, 25)",b'typedef struct _duckdb_arrow_schema {\n\tvoid *...'
duckdb-main,../repos/duckdb-main/src/include/duckdb.h,"(317, 1)-(319, 24)",b'typedef struct _duckdb_arrow_array {\n\tvoid *_...'
duckdb-main,../repos/duckdb-main/src/include/duckdb.h,"(320, 1)-(322, 25)",b'typedef struct _duckdb_logical_type {\n\tvoid *...'
duckdb-main,../repos/duckdb-main/src/include/duckdb.h,"(323, 1)-(325, 23)",b'typedef struct _duckdb_data_chunk {\n\tvoid *__...'
duckdb-main,../repos/duckdb-main/src/include/duckdb.h,"(326, 1)-(328, 19)",b'typedef struct _duckdb_vector {\n\tvoid *__vctr...'
duckdb-main,../repos/duckdb-main/src/include/duckdb.h,"(329, 1)-(331, 18)",b'typedef struct _duckdb_value {\n\tvoid *__val;\n...'
duckdb-main,../repos/duckdb-main/src/include/duckdb.h,"(333, 1)-(333, 66)","b'typedef enum { DuckDBSuccess = 0, DuckDBError...'"
duckdb-main,../repos/duckdb-main/src/include/duckdb.h,"(334, 1)-(339, 24)",b'typedef enum {\n\tDUCKDB_PENDING_RESULT_READY =...'
duckdb-main,../repos/duckdb-main/src/include/duckdb.h,"(341, 1)-(346, 22)","b'typedef enum {\n\tDUCKDB_RESULT_TYPE_INVALID,\n\t...'"
duckdb-main,../repos/duckdb-main/src/include/duckdb.h,"(348, 1)-(377, 25)",b'typedef enum {\n\tDUCKDB_STATEMENT_TYPE_INVALID...'
duckdb-main,../repos/duckdb-main/src/include/duckdb.h,"(1992, 1)-(1992, 37)",b'typedef void *duckdb_table_function;'
duckdb-main,../repos/duckdb-main/src/include/duckdb.h,"(1993, 1)-(1993, 32)",b'typedef void *duckdb_bind_info;'
duckdb-main,../repos/duckdb-main/src/include/duckdb.h,"(1994, 1)-(1994, 32)",b'typedef void *duckdb_init_info;'
duckdb-main,../repos/duckdb-main/src/include/duckdb.h,"(1995, 1)-(1995, 36)",b'typedef void *duckdb_function_info;'
duckdb-main,../repos/duckdb-main/src/include/duckdb.h,"(1997, 1)-(1997, 69)",b'typedef void (*duckdb_table_function_bind_t)(...'
duckdb-main,../repos/duckdb-main/src/include/duckdb.h,"(1998, 1)-(1998, 69)",b'typedef void (*duckdb_table_function_init_t)(...'
duckdb-main,../repos/duckdb-main/src/include/duckdb.h,"(1999, 1)-(1999, 94)",b'typedef void (*duckdb_table_function_t)(duckd...'
duckdb-main,../repos/duckdb-main/src/include/duckdb.h,"(2000, 1)-(2000, 54)",b'typedef void (*duckdb_delete_callback_t)(void...'
duckdb-main,../repos/duckdb-main/src/include/duckdb.h,"(2306, 1)-(2306, 44)",b'typedef void *duckdb_replacement_scan_info;'
duckdb-main,../repos/duckdb-main/src/include/duckdb.h,"(2308, 1)-(2308, 118)",b'typedef void (*duckdb_replacement_callback_t)...'
duckdb-main,../repos/duckdb-main/src/include/duckdb.h,"(2633, 1)-(2633, 33)",b'typedef void *duckdb_task_state;'
duckdb-main,../repos/duckdb-main/src/main/capi/arrow-c.cpp,"(274, 2)-(274, 46)",b'typedef void (*release_fn_t)(ArrowSchema *);'
duckdb-main,../repos/duckdb-main/src/main/extension/extension_load.cpp,"(21, 1)-(21, 52)",b'typedef void (*ext_init_fun_t)(DatabaseInstan...'
duckdb-main,../repos/duckdb-main/src/main/extension/extension_load.cpp,"(22, 1)-(22, 48)",b'typedef const char *(*ext_version_fun_t)(void);'
duckdb-main,../repos/duckdb-main/src/main/extension/extension_load.cpp,"(23, 1)-(23, 40)",b'typedef bool (*ext_is_storage_t)(void);'
duckdb-main,../repos/duckdb-main/src/parallel/task_scheduler.cpp,"(29, 1)-(29, 81)",b'typedef duckdb_moodycamel::ConcurrentQueue<sh...'
duckdb-main,../repos/duckdb-main/src/parallel/task_scheduler.cpp,"(30, 1)-(30, 73)",b'typedef duckdb_moodycamel::LightweightSemapho...'
duckdb-main,../repos/duckdb-main/src/storage/buffer/buffer_pool.cpp,"(9, 1)-(9, 81)",b'typedef duckdb_moodycamel::ConcurrentQueue<Bu...'
duckdb-main,../repos/duckdb-main/src/storage/compression/bitpacking.cpp,"(58, 1)-(61, 25)",b'typedef struct {\n\tBitpackingMode mode;\n\tuint3...'
duckdb-main,../repos/duckdb-main/src/storage/compression/bitpacking.cpp,"(63, 1)-(63, 48)",b'typedef uint32_t bitpacking_metadata_encoded_t;'
duckdb-main,../repos/duckdb-main/src/storage/compression/dictionary_compression.cpp,"(81, 1)-(87, 35)",b'typedef struct {\n\tuint32_t dict_size;\n\tuint32...'
duckdb-main,../repos/duckdb-main/src/storage/compression/fsst.cpp,"(15, 1)-(20, 29)",b'typedef struct {\n\tuint32_t dict_size;\n\tuint32...'
duckdb-main,../repos/duckdb-main/src/storage/compression/fsst.cpp,"(25, 1)-(33, 22)",b'typedef struct BPDeltaDecodeOffsets {\n\tidx_t ...'
