Repo name,File name,Location,Content
duckdb-main,../repos/duckdb-main/src/common/operator/cast_operators.cpp,"(924, 2)-(924, 23)",b'using ResultType = T;'
duckdb-main,../repos/duckdb-main/src/common/operator/cast_operators.cpp,"(925, 2)-(925, 22)",b'using StoreType = T;'
duckdb-main,../repos/duckdb-main/src/common/operator/cast_operators.cpp,"(932, 3)-(932, 41)",b'using store_t = typename T::StoreType;'
duckdb-main,../repos/duckdb-main/src/common/operator/cast_operators.cpp,"(949, 3)-(949, 41)",b'using store_t = typename T::StoreType;'
duckdb-main,../repos/duckdb-main/src/common/operator/cast_operators.cpp,"(959, 3)-(959, 41)",b'using store_t = typename T::StoreType;'
duckdb-main,../repos/duckdb-main/src/common/operator/cast_operators.cpp,"(987, 2)-(987, 23)",b'using ResultType = T;'
duckdb-main,../repos/duckdb-main/src/common/operator/cast_operators.cpp,"(988, 2)-(988, 28)",b'using StoreType = int64_t;'
duckdb-main,../repos/duckdb-main/src/common/operator/cast_operators.cpp,"(996, 2)-(996, 30)",b'using ResultType = uint64_t;'
duckdb-main,../repos/duckdb-main/src/common/operator/cast_operators.cpp,"(997, 2)-(997, 29)",b'using StoreType = uint64_t;'
duckdb-main,../repos/duckdb-main/src/common/operator/cast_operators.cpp,"(1006, 3)-(1006, 41)",b'using store_t = typename T::StoreType;'
duckdb-main,../repos/duckdb-main/src/common/operator/cast_operators.cpp,"(1070, 3)-(1070, 41)",b'using store_t = typename T::StoreType;'
duckdb-main,../repos/duckdb-main/src/common/operator/cast_operators.cpp,"(1082, 3)-(1082, 43)",b'using result_t = typename T::ResultType;'
duckdb-main,../repos/duckdb-main/src/common/operator/cast_operators.cpp,"(1083, 3)-(1083, 41)",b'using store_t = typename T::StoreType;'
duckdb-main,../repos/duckdb-main/src/common/operator/cast_operators.cpp,"(1174, 6)-(1174, 52)",b'using ExponentData = IntegerCastData<int16_t>;'
duckdb-main,../repos/duckdb-main/src/common/operator/cast_operators.cpp,"(1990, 2)-(1990, 23)",b'using ResultType = T;'
duckdb-main,../repos/duckdb-main/src/common/operator/cast_operators.cpp,"(1991, 2)-(1991, 23)",b'using Operation = OP;'
duckdb-main,../repos/duckdb-main/src/common/operator/cast_operators.cpp,"(2078, 3)-(2078, 43)",b'using result_t = typename T::ResultType;'
duckdb-main,../repos/duckdb-main/src/common/operator/cast_operators.cpp,"(2155, 3)-(2155, 43)",b'using result_t = typename T::ResultType;'
duckdb-main,../repos/duckdb-main/src/common/operator/cast_operators.cpp,"(2211, 2)-(2211, 22)",b'using StoreType = T;'
duckdb-main,../repos/duckdb-main/src/common/radix_partitioning.cpp,"(67, 3)-(67, 60)",b'using CONSTANTS = RadixPartitioningConstants<...'
duckdb-main,../repos/duckdb-main/src/common/radix_partitioning.cpp,"(91, 4)-(91, 61)",b'using CONSTANTS = RadixPartitioningConstants<...'
duckdb-main,../repos/duckdb-main/src/common/row_operations/row_external.cpp,"(13, 1)-(13, 48)",b'using ValidityBytes = RowLayout::ValidityBytes;'
duckdb-main,../repos/duckdb-main/src/common/row_operations/row_gather.cpp,"(16, 1)-(16, 48)",b'using ValidityBytes = RowLayout::ValidityBytes;'
duckdb-main,../repos/duckdb-main/src/common/row_operations/row_heap_gather.cpp,"(7, 1)-(7, 54)",b'using ValidityBytes = TemplatedValidityMask<u...'
duckdb-main,../repos/duckdb-main/src/common/row_operations/row_heap_scatter.cpp,"(8, 1)-(8, 54)",b'using ValidityBytes = TemplatedValidityMask<u...'
duckdb-main,../repos/duckdb-main/src/common/row_operations/row_matcher.cpp,"(9, 1)-(9, 54)",b'using ValidityBytes = TupleDataLayout::Validi...'
duckdb-main,../repos/duckdb-main/src/common/row_operations/row_matcher.cpp,"(15, 2)-(15, 55)",b'using COMPARISON_OP = ComparisonOperationWrap...'
duckdb-main,../repos/duckdb-main/src/common/row_operations/row_matcher.cpp,"(55, 2)-(55, 55)",b'using COMPARISON_OP = ComparisonOperationWrap...'
duckdb-main,../repos/duckdb-main/src/common/row_operations/row_scatter.cpp,"(19, 1)-(19, 48)",b'using ValidityBytes = RowLayout::ValidityBytes;'
duckdb-main,../repos/duckdb-main/src/common/types/column/column_data_collection.cpp,"(352, 2)-(352, 28)",b'using TYPE = list_entry_t;'
duckdb-main,../repos/duckdb-main/src/common/types/column/column_data_collection.cpp,"(361, 2)-(361, 28)",b'using TYPE = list_entry_t;'
duckdb-main,../repos/duckdb-main/src/common/types/column/column_data_consumer.cpp,"(7, 1)-(7, 59)",b'using ChunkReference = ColumnDataConsumer::Ch...'
duckdb-main,../repos/duckdb-main/src/common/types/row/tuple_data_allocator.cpp,"(9, 1)-(9, 54)",b'using ValidityBytes = TupleDataLayout::Validi...'
duckdb-main,../repos/duckdb-main/src/common/types/row/tuple_data_collection.cpp,"(12, 1)-(12, 54)",b'using ValidityBytes = TupleDataLayout::Validi...'
duckdb-main,../repos/duckdb-main/src/common/types/row/tuple_data_scatter_gather.cpp,"(9, 1)-(9, 54)",b'using ValidityBytes = TupleDataLayout::Validi...'
duckdb-main,../repos/duckdb-main/src/common/vector_operations/is_distinct_from.cpp,"(446, 1)-(446, 50)",b'using StructEntries = vector<unique_ptr<Vector>>;'
duckdb-main,../repos/duckdb-main/src/core_functions/aggregate/distributive/arg_min_max.cpp,"(80, 2)-(80, 21)",b'using ARG_TYPE = A;'
duckdb-main,../repos/duckdb-main/src/core_functions/aggregate/distributive/arg_min_max.cpp,"(81, 2)-(81, 20)",b'using BY_TYPE = B;'
duckdb-main,../repos/duckdb-main/src/core_functions/aggregate/distributive/arg_min_max.cpp,"(185, 3)-(185, 43)",b'using BY_TYPE = typename STATE::BY_TYPE;'
duckdb-main,../repos/duckdb-main/src/core_functions/aggregate/distributive/arg_min_max.cpp,"(247, 2)-(247, 50)","b'using STATE = ArgMinMaxState<ARG_TYPE, BY_TYPE>;'"
duckdb-main,../repos/duckdb-main/src/core_functions/aggregate/distributive/arg_min_max.cpp,"(284, 2)-(284, 50)","b'using STATE = ArgMinMaxState<ARG_TYPE, BY_TYPE>;'"
duckdb-main,../repos/duckdb-main/src/core_functions/aggregate/distributive/arg_min_max.cpp,"(325, 2)-(325, 39)",b'using OP = ArgMinMaxBase<COMPARATOR>;'
duckdb-main,../repos/duckdb-main/src/core_functions/aggregate/distributive/arg_min_max.cpp,"(335, 2)-(335, 52)",b'using VECTOR_OP = VectorArgMinMaxBase<COMPARATOR>;'
duckdb-main,../repos/duckdb-main/src/core_functions/aggregate/distributive/entropy.cpp,"(13, 2)-(13, 46)","b'using DistinctMap = unordered_map<T, idx_t>;'"
duckdb-main,../repos/duckdb-main/src/core_functions/aggregate/distributive/sum.cpp,"(58, 1)-(58, 60)",b'using NumericSumOperation = DoubleSumOperatio...'
duckdb-main,../repos/duckdb-main/src/core_functions/aggregate/distributive/sum.cpp,"(59, 1)-(59, 56)",b'using KahanSumOperation = DoubleSumOperation<...'
duckdb-main,../repos/duckdb-main/src/core_functions/aggregate/holistic/approximate_quantile.cpp,"(58, 2)-(58, 42)",b'using SAVE_TYPE = duckdb_tdigest::Value;'
duckdb-main,../repos/duckdb-main/src/core_functions/aggregate/holistic/approximate_quantile.cpp,"(264, 2)-(264, 36)",b'using STATE = ApproxQuantileState;'
duckdb-main,../repos/duckdb-main/src/core_functions/aggregate/holistic/approximate_quantile.cpp,"(265, 2)-(265, 53)",b'using OP = ApproxQuantileListOperation<INPUT_...'
duckdb-main,../repos/duckdb-main/src/core_functions/aggregate/holistic/mode.cpp,"(52, 2)-(52, 51)","b'using Counts = unordered_map<KEY_TYPE, ModeAttr>;'"
duckdb-main,../repos/duckdb-main/src/core_functions/aggregate/holistic/mode.cpp,"(277, 4)-(277, 57)","b'using Updater = UpdateWindowState<STATE, INPU...'"
duckdb-main,../repos/duckdb-main/src/core_functions/aggregate/holistic/mode.cpp,"(313, 2)-(313, 36)",b'using STATE = ModeState<KEY_TYPE>;'
duckdb-main,../repos/duckdb-main/src/core_functions/aggregate/holistic/mode.cpp,"(314, 2)-(314, 47)","b'using OP = ModeFunction<KEY_TYPE, ASSIGN_OP>;'"
duckdb-main,../repos/duckdb-main/src/core_functions/aggregate/holistic/quantile.cpp,"(215, 2)-(215, 23)",b'using INPUT_TYPE = T;'
duckdb-main,../repos/duckdb-main/src/core_functions/aggregate/holistic/quantile.cpp,"(216, 2)-(216, 24)",b'using RESULT_TYPE = T;'
duckdb-main,../repos/duckdb-main/src/core_functions/aggregate/holistic/quantile.cpp,"(226, 2)-(226, 27)",b'using INPUT_TYPE = idx_t;'
duckdb-main,../repos/duckdb-main/src/core_functions/aggregate/holistic/quantile.cpp,"(227, 2)-(227, 24)",b'using RESULT_TYPE = T;'
duckdb-main,../repos/duckdb-main/src/core_functions/aggregate/holistic/quantile.cpp,"(241, 2)-(241, 48)",b'using INPUT_TYPE = typename INNER::INPUT_TYPE;'
duckdb-main,../repos/duckdb-main/src/core_functions/aggregate/holistic/quantile.cpp,"(242, 2)-(242, 50)",b'using RESULT_TYPE = typename OUTER::RESULT_TYPE;'
duckdb-main,../repos/duckdb-main/src/core_functions/aggregate/holistic/quantile.cpp,"(258, 2)-(258, 51)",b'using INPUT_TYPE = typename ACCESSOR::INPUT_TYPE;'
duckdb-main,../repos/duckdb-main/src/core_functions/aggregate/holistic/quantile.cpp,"(310, 3)-(310, 54)",b'using ACCESS_TYPE = typename ACCESSOR::RESULT...'
duckdb-main,../repos/duckdb-main/src/core_functions/aggregate/holistic/quantile.cpp,"(322, 3)-(322, 54)",b'using ACCESS_TYPE = typename ACCESSOR::RESULT...'
duckdb-main,../repos/duckdb-main/src/core_functions/aggregate/holistic/quantile.cpp,"(386, 3)-(386, 54)",b'using ACCESS_TYPE = typename ACCESSOR::RESULT...'
duckdb-main,../repos/duckdb-main/src/core_functions/aggregate/holistic/quantile.cpp,"(392, 3)-(392, 54)",b'using ACCESS_TYPE = typename ACCESSOR::RESULT...'
duckdb-main,../repos/duckdb-main/src/core_functions/aggregate/holistic/quantile.cpp,"(572, 2)-(572, 43)","b'using BaseTree = MergeSortTree<IDX, IDX>;'"
duckdb-main,../repos/duckdb-main/src/core_functions/aggregate/holistic/quantile.cpp,"(573, 2)-(573, 47)",b'using Elements = typename BaseTree::Elements;'
duckdb-main,../repos/duckdb-main/src/core_functions/aggregate/holistic/quantile.cpp,"(583, 3)-(583, 62)",b'using ElementType = typename QuantileSortTree...'
duckdb-main,../repos/duckdb-main/src/core_functions/aggregate/holistic/quantile.cpp,"(600, 3)-(600, 49)",b'using Accessor = QuantileIndirect<INPUT_TYPE>;'
duckdb-main,../repos/duckdb-main/src/core_functions/aggregate/holistic/quantile.cpp,"(626, 3)-(626, 43)",b'using ID = QuantileIndirect<INPUT_TYPE>;'
duckdb-main,../repos/duckdb-main/src/core_functions/aggregate/holistic/quantile.cpp,"(647, 3)-(647, 43)",b'using ID = QuantileIndirect<INPUT_TYPE>;'
duckdb-main,../repos/duckdb-main/src/core_functions/aggregate/holistic/quantile.cpp,"(675, 2)-(675, 29)",b'using SaveType = SAVE_TYPE;'
duckdb-main,../repos/duckdb-main/src/core_functions/aggregate/holistic/quantile.cpp,"(676, 2)-(676, 31)",b'using InputType = INPUT_TYPE;'
duckdb-main,../repos/duckdb-main/src/core_functions/aggregate/holistic/quantile.cpp,"(682, 2)-(682, 56)",b'using QuantileSortTree32 = QuantileSortTree<u...'
duckdb-main,../repos/duckdb-main/src/core_functions/aggregate/holistic/quantile.cpp,"(683, 2)-(683, 56)",b'using QuantileSortTree64 = QuantileSortTree<u...'
duckdb-main,../repos/duckdb-main/src/core_functions/aggregate/holistic/quantile.cpp,"(688, 2)-(688, 40)",b'using PointerType = const InputType *;'
duckdb-main,../repos/duckdb-main/src/core_functions/aggregate/holistic/quantile.cpp,"(689, 2)-(689, 102)",b'using SkipListType = duckdb_skiplistlib::skip...'
duckdb-main,../repos/duckdb-main/src/core_functions/aggregate/holistic/quantile.cpp,"(971, 2)-(971, 54)","b'using STATE = QuantileState<INPUT_TYPE, SAVED...'"
duckdb-main,../repos/duckdb-main/src/core_functions/aggregate/holistic/quantile.cpp,"(972, 2)-(972, 43)",b'using OP = QuantileScalarOperation<true>;'
duckdb-main,../repos/duckdb-main/src/core_functions/aggregate/holistic/quantile.cpp,"(1093, 2)-(1093, 53)","b'using STATE = QuantileState<INPUT_TYPE, SAVE_...'"
duckdb-main,../repos/duckdb-main/src/core_functions/aggregate/holistic/quantile.cpp,"(1094, 2)-(1094, 53)","b'using OP = QuantileListOperation<INPUT_TYPE, ...'"
duckdb-main,../repos/duckdb-main/src/core_functions/aggregate/holistic/quantile.cpp,"(1151, 2)-(1151, 54)","b'using STATE = QuantileState<INPUT_TYPE, INPUT...'"
duckdb-main,../repos/duckdb-main/src/core_functions/aggregate/holistic/quantile.cpp,"(1152, 2)-(1152, 44)",b'using OP = QuantileScalarOperation<false>;'
duckdb-main,../repos/duckdb-main/src/core_functions/aggregate/holistic/quantile.cpp,"(1206, 2)-(1206, 54)","b'using STATE = QuantileState<INPUT_TYPE, INPUT...'"
duckdb-main,../repos/duckdb-main/src/core_functions/aggregate/holistic/quantile.cpp,"(1207, 2)-(1207, 54)","b'using OP = QuantileListOperation<CHILD_TYPE, ...'"
duckdb-main,../repos/duckdb-main/src/core_functions/aggregate/holistic/quantile.cpp,"(1259, 2)-(1259, 23)",b'using INPUT_TYPE = T;'
duckdb-main,../repos/duckdb-main/src/core_functions/aggregate/holistic/quantile.cpp,"(1260, 2)-(1260, 24)",b'using RESULT_TYPE = R;'
duckdb-main,../repos/duckdb-main/src/core_functions/aggregate/holistic/quantile.cpp,"(1274, 2)-(1274, 31)",b'using INPUT_TYPE = hugeint_t;'
duckdb-main,../repos/duckdb-main/src/core_functions/aggregate/holistic/quantile.cpp,"(1275, 2)-(1275, 29)",b'using RESULT_TYPE = double;'
duckdb-main,../repos/duckdb-main/src/core_functions/aggregate/holistic/quantile.cpp,"(1276, 2)-(1276, 29)",b'using MEDIAN_TYPE = double;'
duckdb-main,../repos/duckdb-main/src/core_functions/aggregate/holistic/quantile.cpp,"(1289, 2)-(1289, 28)",b'using INPUT_TYPE = date_t;'
duckdb-main,../repos/duckdb-main/src/core_functions/aggregate/holistic/quantile.cpp,"(1290, 2)-(1290, 33)",b'using RESULT_TYPE = interval_t;'
duckdb-main,../repos/duckdb-main/src/core_functions/aggregate/holistic/quantile.cpp,"(1291, 2)-(1291, 34)",b'using MEDIAN_TYPE = timestamp_t;'
duckdb-main,../repos/duckdb-main/src/core_functions/aggregate/holistic/quantile.cpp,"(1305, 2)-(1305, 33)",b'using INPUT_TYPE = timestamp_t;'
duckdb-main,../repos/duckdb-main/src/core_functions/aggregate/holistic/quantile.cpp,"(1306, 2)-(1306, 33)",b'using RESULT_TYPE = interval_t;'
duckdb-main,../repos/duckdb-main/src/core_functions/aggregate/holistic/quantile.cpp,"(1307, 2)-(1307, 34)",b'using MEDIAN_TYPE = timestamp_t;'
duckdb-main,../repos/duckdb-main/src/core_functions/aggregate/holistic/quantile.cpp,"(1320, 2)-(1320, 29)",b'using INPUT_TYPE = dtime_t;'
duckdb-main,../repos/duckdb-main/src/core_functions/aggregate/holistic/quantile.cpp,"(1321, 2)-(1321, 33)",b'using RESULT_TYPE = interval_t;'
duckdb-main,../repos/duckdb-main/src/core_functions/aggregate/holistic/quantile.cpp,"(1322, 2)-(1322, 30)",b'using MEDIAN_TYPE = dtime_t;'
duckdb-main,../repos/duckdb-main/src/core_functions/aggregate/holistic/quantile.cpp,"(1341, 3)-(1341, 46)",b'using SAVE_TYPE = typename STATE::SaveType;'
duckdb-main,../repos/duckdb-main/src/core_functions/aggregate/holistic/quantile.cpp,"(1397, 3)-(1397, 43)",b'using ID = QuantileIndirect<INPUT_TYPE>;'
duckdb-main,../repos/duckdb-main/src/core_functions/aggregate/holistic/quantile.cpp,"(1400, 3)-(1400, 65)","b'using MAD = MadAccessor<INPUT_TYPE, RESULT_TY...'"
duckdb-main,../repos/duckdb-main/src/core_functions/aggregate/holistic/quantile.cpp,"(1403, 3)-(1403, 49)","b'using MadIndirect = QuantileComposed<MAD, ID>;'"
duckdb-main,../repos/duckdb-main/src/core_functions/aggregate/holistic/quantile.cpp,"(1420, 2)-(1420, 54)","b'using STATE = QuantileState<INPUT_TYPE, INPUT...'"
duckdb-main,../repos/duckdb-main/src/core_functions/aggregate/holistic/quantile.cpp,"(1421, 2)-(1421, 59)",b'using OP = MedianAbsoluteDeviationOperation<M...'
duckdb-main,../repos/duckdb-main/src/core_functions/aggregate/holistic/reservoir_quantile.cpp,"(256, 2)-(256, 50)",b'using STATE = ReservoirQuantileState<SAVE_TYPE>;'
duckdb-main,../repos/duckdb-main/src/core_functions/aggregate/holistic/reservoir_quantile.cpp,"(257, 2)-(257, 56)",b'using OP = ReservoirQuantileListOperation<INP...'
duckdb-main,../repos/duckdb-main/src/core_functions/aggregate/nested/histogram.cpp,"(168, 2)-(168, 52)","b'using STATE_TYPE = HistogramAggState<T, MAP_TYPE>;'"
duckdb-main,../repos/duckdb-main/src/core_functions/scalar/date/date_part.cpp,"(145, 3)-(145, 32)",b'using IOP = PartOperator<OP>;'
duckdb-main,../repos/duckdb-main/src/core_functions/scalar/date/date_part.cpp,"(563, 3)-(563, 50)",b'using part_codes_t = vector<DatePartSpecifier>;'
duckdb-main,../repos/duckdb-main/src/core_functions/scalar/date/date_part.cpp,"(564, 3)-(564, 32)",b'using part_mask_t = uint64_t;'
duckdb-main,../repos/duckdb-main/src/core_functions/scalar/date/date_part.cpp,"(638, 3)-(638, 40)",b'using bigint_vec = vector<int64_t *>;'
duckdb-main,../repos/duckdb-main/src/core_functions/scalar/date/date_part.cpp,"(639, 3)-(639, 39)",b'using double_vec = vector<double *>;'
duckdb-main,../repos/duckdb-main/src/core_functions/scalar/date/date_part.cpp,"(1723, 2)-(1723, 49)",b'using part_codes_t = vector<DatePartSpecifier>;'
duckdb-main,../repos/duckdb-main/src/core_functions/scalar/date/date_part.cpp,"(2009, 2)-(2009, 48)",b'using OP = DatePart::EpochNanosecondsOperator;'
duckdb-main,../repos/duckdb-main/src/core_functions/scalar/date/date_part.cpp,"(2021, 2)-(2021, 49)",b'using OP = DatePart::EpochMicrosecondsOperator;'
duckdb-main,../repos/duckdb-main/src/core_functions/scalar/date/date_part.cpp,"(2033, 2)-(2033, 43)",b'using OP = DatePart::EpochMillisOperator;'
duckdb-main,../repos/duckdb-main/src/core_functions/scalar/date/date_part.cpp,"(2113, 2)-(2113, 41)",b'using OP = DatePart::JulianDayOperator;'
duckdb-main,../repos/duckdb-main/src/core_functions/scalar/list/range.cpp,"(10, 2)-(10, 23)",b'using TYPE = int64_t;'
duckdb-main,../repos/duckdb-main/src/core_functions/scalar/list/range.cpp,"(11, 2)-(11, 33)",b'using INCREMENT_TYPE = int64_t;'
duckdb-main,../repos/duckdb-main/src/core_functions/scalar/list/range.cpp,"(51, 2)-(51, 27)",b'using TYPE = timestamp_t;'
duckdb-main,../repos/duckdb-main/src/core_functions/scalar/list/range.cpp,"(52, 2)-(52, 36)",b'using INCREMENT_TYPE = interval_t;'
duckdb-main,../repos/duckdb-main/src/core_functions/scalar/math/numeric.cpp,"(196, 3)-(196, 52)",b'using TU = typename std::make_unsigned<TA>::type;'
duckdb-main,../repos/duckdb-main/src/core_functions/scalar/math/numeric.cpp,"(208, 3)-(208, 57)",b'using TU = typename std::make_unsigned<int64_...'
duckdb-main,../repos/duckdb-main/src/execution/aggregate_hashtable.cpp,"(16, 1)-(16, 54)",b'using ValidityBytes = TupleDataLayout::Validi...'
duckdb-main,../repos/duckdb-main/src/execution/join_hashtable.cpp,"(12, 1)-(12, 52)",b'using ValidityBytes = JoinHashTable::Validity...'
duckdb-main,../repos/duckdb-main/src/execution/join_hashtable.cpp,"(13, 1)-(13, 52)",b'using ScanStructure = JoinHashTable::ScanStru...'
duckdb-main,../repos/duckdb-main/src/execution/join_hashtable.cpp,"(14, 1)-(14, 46)",b'using ProbeSpill = JoinHashTable::ProbeSpill;'
duckdb-main,../repos/duckdb-main/src/execution/join_hashtable.cpp,"(15, 1)-(15, 72)",b'using ProbeSpillLocalState = JoinHashTable::P...'
duckdb-main,../repos/duckdb-main/src/execution/nested_loop_join/nested_loop_join_inner.cpp,"(11, 3)-(11, 51)",b'using MATCH_OP = ComparisonOperationWrapper<OP>;'
duckdb-main,../repos/duckdb-main/src/execution/nested_loop_join/nested_loop_join_inner.cpp,"(49, 3)-(49, 51)",b'using MATCH_OP = ComparisonOperationWrapper<OP>;'
duckdb-main,../repos/duckdb-main/src/execution/nested_loop_join/nested_loop_join_mark.cpp,"(10, 2)-(10, 50)",b'using MATCH_OP = ComparisonOperationWrapper<OP>;'
duckdb-main,../repos/duckdb-main/src/execution/operator/aggregate/distinct_aggregate_data.cpp,"(116, 1)-(116, 56)",b'using aggr_ref_t = reference<BoundAggregateEx...'
duckdb-main,../repos/duckdb-main/src/execution/operator/aggregate/physical_streaming_window.cpp,"(27, 2)-(27, 37)",b'using StateBuffer = vector<data_t>;'
duckdb-main,../repos/duckdb-main/src/execution/operator/aggregate/physical_window.cpp,"(187, 2)-(187, 68)",b'using HashGroupSourcePtr = unique_ptr<WindowP...'
duckdb-main,../repos/duckdb-main/src/execution/operator/aggregate/physical_window.cpp,"(188, 2)-(188, 58)",b'using ScannerPtr = unique_ptr<RowDataCollecti...'
duckdb-main,../repos/duckdb-main/src/execution/operator/aggregate/physical_window.cpp,"(189, 2)-(189, 67)",b'using Task = std::pair<WindowPartitionSourceS...'
duckdb-main,../repos/duckdb-main/src/execution/operator/aggregate/physical_window.cpp,"(256, 2)-(256, 60)",b'using HashGroupPtr = unique_ptr<PartitionGlob...'
duckdb-main,../repos/duckdb-main/src/execution/operator/aggregate/physical_window.cpp,"(257, 2)-(257, 49)",b'using ExecutorPtr = unique_ptr<WindowExecutor>;'
duckdb-main,../repos/duckdb-main/src/execution/operator/aggregate/physical_window.cpp,"(258, 2)-(258, 40)",b'using Executors = vector<ExecutorPtr>;'
duckdb-main,../repos/duckdb-main/src/execution/operator/aggregate/physical_window.cpp,"(259, 2)-(259, 58)",b'using OrderMasks = PartitionGlobalHashGroup::...'
duckdb-main,../repos/duckdb-main/src/execution/operator/aggregate/physical_window.cpp,"(453, 2)-(453, 55)",b'using ReadStatePtr = unique_ptr<WindowExecuto...'
duckdb-main,../repos/duckdb-main/src/execution/operator/aggregate/physical_window.cpp,"(454, 2)-(454, 42)",b'using ReadStates = vector<ReadStatePtr>;'
duckdb-main,../repos/duckdb-main/src/execution/operator/join/physical_asof_join.cpp,"(335, 2)-(335, 42)",b'using Orders = vector<BoundOrderByNode>;'
duckdb-main,../repos/duckdb-main/src/execution/operator/join/physical_asof_join.cpp,"(684, 2)-(684, 60)",b'using HashGroupPtr = unique_ptr<PartitionGlob...'
duckdb-main,../repos/duckdb-main/src/execution/operator/join/physical_iejoin.cpp,"(69, 2)-(69, 63)",b'using LocalSortedTable = PhysicalRangeJoin::L...'
duckdb-main,../repos/duckdb-main/src/execution/operator/join/physical_iejoin.cpp,"(81, 2)-(81, 65)",b'using GlobalSortedTable = PhysicalRangeJoin::...'
duckdb-main,../repos/duckdb-main/src/execution/operator/join/physical_iejoin.cpp,"(195, 2)-(195, 59)",b'using SortedTable = PhysicalRangeJoin::Global...'
duckdb-main,../repos/duckdb-main/src/execution/operator/join/physical_piecewise_merge_join.cpp,"(71, 2)-(71, 65)",b'using GlobalSortedTable = PhysicalRangeJoin::...'
duckdb-main,../repos/duckdb-main/src/execution/operator/join/physical_piecewise_merge_join.cpp,"(162, 2)-(162, 63)",b'using LocalSortedTable = PhysicalRangeJoin::L...'
duckdb-main,../repos/duckdb-main/src/execution/operator/join/physical_range_join.cpp,"(89, 2)-(89, 65)",b'using GlobalSortedTable = PhysicalRangeJoin::...'
duckdb-main,../repos/duckdb-main/src/execution/operator/join/physical_range_join.cpp,"(114, 2)-(114, 65)",b'using GlobalSortedTable = PhysicalRangeJoin::...'
duckdb-main,../repos/duckdb-main/src/execution/window_executor.cpp,"(101, 2)-(101, 43)",b'using iterator = WindowColumnIterator<T>;'
duckdb-main,../repos/duckdb-main/src/execution/window_executor.cpp,"(102, 2)-(102, 60)",b'using iterator_category = std::random_access_...'
duckdb-main,../repos/duckdb-main/src/execution/window_executor.cpp,"(103, 2)-(103, 41)",b'using difference_type = std::ptrdiff_t;'
duckdb-main,../repos/duckdb-main/src/execution/window_executor.cpp,"(104, 2)-(104, 23)",b'using value_type = T;'
duckdb-main,../repos/duckdb-main/src/execution/window_executor.cpp,"(105, 2)-(105, 22)",b'using reference = T;'
duckdb-main,../repos/duckdb-main/src/execution/window_executor.cpp,"(106, 2)-(106, 24)",b'using pointer = idx_t;'
duckdb-main,../repos/duckdb-main/src/execution/window_segment_tree.cpp,"(429, 2)-(429, 62)","b'using RowSet = std::unordered_set<idx_t, Hash...'"
duckdb-main,../repos/duckdb-main/src/execution/window_segment_tree.cpp,"(643, 2)-(643, 45)","b'using RightEntry = std::pair<idx_t, idx_t>;'"
duckdb-main,../repos/duckdb-main/src/execution/window_segment_tree.cpp,"(1189, 2)-(1189, 47)","b'using ZippedTuple = std::tuple<idx_t, idx_t>;'"
duckdb-main,../repos/duckdb-main/src/execution/window_segment_tree.cpp,"(1190, 2)-(1190, 45)",b'using ZippedElements = vector<ZippedTuple>;'
duckdb-main,../repos/duckdb-main/src/execution/window_segment_tree.cpp,"(1217, 2)-(1217, 52)",b'using ZippedTuple = DistinctSortTree::ZippedTuple;'
duckdb-main,../repos/duckdb-main/src/function/aggregate/distributive/count.cpp,"(61, 2)-(61, 24)",b'using STATE = int64_t;'
duckdb-main,../repos/duckdb-main/src/function/aggregate/distributive/first.cpp,"(287, 3)-(287, 52)","b'using OP = FirstVectorFunction<LAST, SKIP_NULLS>;'"
duckdb-main,../repos/duckdb-main/src/function/aggregate/sorted_aggregate_function.cpp,"(101, 2)-(101, 41)",b'using LinkedLists = vector<LinkedList>;'
duckdb-main,../repos/duckdb-main/src/function/aggregate/sorted_aggregate_function.cpp,"(102, 2)-(102, 60)",b'using LinkedChunkFunctions = vector<ListSegme...'
duckdb-main,../repos/duckdb-main/src/function/scalar/operators/arithmetic.cpp,"(438, 3)-(438, 41)",b'using Limits = std::numeric_limits<T>;'
duckdb-main,../repos/duckdb-main/src/include/duckdb/catalog/catalog_entry_map.hpp,"(31, 1)-(31, 116)",b'using catalog_entry_set_t = unordered_set<ref...'
duckdb-main,../repos/duckdb-main/src/include/duckdb/catalog/catalog_entry_map.hpp,"(34, 1)-(34, 119)",b'using catalog_entry_map_t = unordered_map<ref...'
duckdb-main,../repos/duckdb-main/src/include/duckdb/catalog/catalog_entry_map.hpp,"(36, 1)-(36, 64)",b'using catalog_entry_vector_t = vector<referen...'
duckdb-main,../repos/duckdb-main/src/include/duckdb/catalog/default/builtin_types/types.hpp,"(22, 1)-(22, 56)",b'using builtin_type_array = std::array<Default...'
duckdb-main,../repos/duckdb-main/src/include/duckdb/catalog/dependency.hpp,"(160, 1)-(160, 96)",b'using dependency_set_t = unordered_set<Depend...'
duckdb-main,../repos/duckdb-main/src/include/duckdb/catalog/dependency_manager.hpp,"(117, 2)-(118, 100)",b'using dependency_entry_func_t = const std::fu...'
duckdb-main,../repos/duckdb-main/src/include/duckdb/catalog/dependency_manager.hpp,"(123, 2)-(123, 77)",b'using dependency_callback_t = const std::func...'
duckdb-main,../repos/duckdb-main/src/include/duckdb/common/bitpacking.hpp,"(20, 1)-(20, 36)",b'using bitpacking_width_t = uint8_t;'
duckdb-main,../repos/duckdb-main/src/include/duckdb/common/case_insensitive_map.hpp,"(33, 1)-(34, 96)",b'using case_insensitive_map_t =\n    unordered_...'
duckdb-main,../repos/duckdb-main/src/include/duckdb/common/case_insensitive_map.hpp,"(36, 1)-(36, 120)",b'using case_insensitive_set_t = unordered_set<...'
duckdb-main,../repos/duckdb-main/src/include/duckdb/common/case_insensitive_map.hpp,"(45, 1)-(45, 78)","b'using case_insensitive_tree_t = map<string, T...'"
duckdb-main,../repos/duckdb-main/src/include/duckdb/common/fixed_size_map.hpp,"(29, 2)-(29, 25)",b'using key_type = idx_t;'
duckdb-main,../repos/duckdb-main/src/include/duckdb/common/fixed_size_map.hpp,"(30, 2)-(30, 24)",b'using mapped_type = T;'
duckdb-main,../repos/duckdb-main/src/include/duckdb/common/helper.hpp,"(46, 1)-(46, 45)",b'using reference = std::reference_wrapper<T>;'
duckdb-main,../repos/duckdb-main/src/include/duckdb/common/helper.hpp,"(205, 1)-(205, 57)",b'using const_reference = std::reference_wrappe...'
duckdb-main,../repos/duckdb-main/src/include/duckdb/common/index_map.hpp,"(30, 1)-(30, 86)",b'using logical_index_map_t = unordered_map<Log...'
duckdb-main,../repos/duckdb-main/src/include/duckdb/common/index_map.hpp,"(32, 1)-(32, 83)",b'using logical_index_set_t = unordered_set<Log...'
duckdb-main,../repos/duckdb-main/src/include/duckdb/common/index_map.hpp,"(35, 1)-(35, 89)",b'using physical_index_map_t = unordered_map<Ph...'
duckdb-main,../repos/duckdb-main/src/include/duckdb/common/index_map.hpp,"(37, 1)-(37, 86)",b'using physical_index_set_t = unordered_set<Ph...'
duckdb-main,../repos/duckdb-main/src/include/duckdb/common/index_vector.hpp,"(79, 1)-(79, 63)",b'using physical_index_vector_t = IndexVector<T...'
duckdb-main,../repos/duckdb-main/src/include/duckdb/common/index_vector.hpp,"(82, 1)-(82, 61)","b'using logical_index_vector_t = IndexVector<T,...'"
duckdb-main,../repos/duckdb-main/src/include/duckdb/common/named_parameter_map.hpp,"(15, 1)-(15, 72)",b'using named_parameter_type_map_t = case_insen...'
duckdb-main,../repos/duckdb-main/src/include/duckdb/common/named_parameter_map.hpp,"(16, 1)-(16, 61)",b'using named_parameter_map_t = case_insensitiv...'
duckdb-main,../repos/duckdb-main/src/include/duckdb/common/numeric_utils.hpp,"(18, 2)-(18, 50)",b'using type = typename std::make_signed<T>::type;'
duckdb-main,../repos/duckdb-main/src/include/duckdb/common/numeric_utils.hpp,"(23, 2)-(23, 25)",b'using type = hugeint_t;'
duckdb-main,../repos/duckdb-main/src/include/duckdb/common/numeric_utils.hpp,"(28, 2)-(28, 25)",b'using type = hugeint_t;'
duckdb-main,../repos/duckdb-main/src/include/duckdb/common/numeric_utils.hpp,"(33, 2)-(33, 52)",b'using type = typename std::make_unsigned<T>::type;'
duckdb-main,../repos/duckdb-main/src/include/duckdb/common/numeric_utils.hpp,"(38, 2)-(38, 26)",b'using type = uhugeint_t;'
duckdb-main,../repos/duckdb-main/src/include/duckdb/common/numeric_utils.hpp,"(43, 2)-(43, 26)",b'using type = uhugeint_t;'
duckdb-main,../repos/duckdb-main/src/include/duckdb/common/perfect_map_set.hpp,"(31, 1)-(31, 77)","b'using perfect_map_t = unordered_map<idx_t, T,...'"
duckdb-main,../repos/duckdb-main/src/include/duckdb/common/perfect_map_set.hpp,"(33, 1)-(33, 74)","b'using perfect_set_t = unordered_set<idx_t, Pe...'"
duckdb-main,../repos/duckdb-main/src/include/duckdb/common/profiler.hpp,"(48, 1)-(48, 45)",b'using Profiler = BaseProfiler<system_clock>;'
duckdb-main,../repos/duckdb-main/src/include/duckdb/common/reference_map.hpp,"(33, 1)-(33, 106)",b'using reference_map_t = unordered_map<referen...'
duckdb-main,../repos/duckdb-main/src/include/duckdb/common/reference_map.hpp,"(36, 1)-(36, 101)",b'using reference_set_t = unordered_set<referen...'
duckdb-main,../repos/duckdb-main/src/include/duckdb/common/row_operations/row_matcher.hpp,"(35, 2)-(35, 44)",b'using Predicates = vector<ExpressionType>;'
duckdb-main,../repos/duckdb-main/src/include/duckdb/common/row_operations/row_operations.hpp,"(78, 2)-(78, 44)",b'using Predicates = vector<ExpressionType>;'
duckdb-main,../repos/duckdb-main/src/include/duckdb/common/serializer/deserializer.hpp,"(218, 3)-(218, 64)",b'using ELEMENT_TYPE = typename is_shared_ptr<T...'
duckdb-main,../repos/duckdb-main/src/include/duckdb/common/serializer/deserializer.hpp,"(233, 3)-(233, 60)",b'using ELEMENT_TYPE = typename is_vector<T>::E...'
duckdb-main,../repos/duckdb-main/src/include/duckdb/common/serializer/deserializer.hpp,"(245, 3)-(245, 67)",b'using ELEMENT_TYPE = typename is_unsafe_vecto...'
duckdb-main,../repos/duckdb-main/src/include/duckdb/common/serializer/deserializer.hpp,"(259, 3)-(259, 59)",b'using KEY_TYPE = typename is_unordered_map<T>...'
duckdb-main,../repos/duckdb-main/src/include/duckdb/common/serializer/deserializer.hpp,"(260, 3)-(260, 63)",b'using VALUE_TYPE = typename is_unordered_map<...'
duckdb-main,../repos/duckdb-main/src/include/duckdb/common/serializer/deserializer.hpp,"(277, 3)-(277, 49)",b'using KEY_TYPE = typename is_map<T>::KEY_TYPE;'
duckdb-main,../repos/duckdb-main/src/include/duckdb/common/serializer/deserializer.hpp,"(278, 3)-(278, 53)",b'using VALUE_TYPE = typename is_map<T>::VALUE_TYPE;'
duckdb-main,../repos/duckdb-main/src/include/duckdb/common/serializer/deserializer.hpp,"(296, 3)-(296, 67)",b'using ELEMENT_TYPE = typename is_unordered_se...'
duckdb-main,../repos/duckdb-main/src/include/duckdb/common/serializer/deserializer.hpp,"(309, 3)-(309, 57)",b'using ELEMENT_TYPE = typename is_set<T>::ELEM...'
duckdb-main,../repos/duckdb-main/src/include/duckdb/common/serializer/deserializer.hpp,"(322, 3)-(322, 54)",b'using FIRST_TYPE = typename is_pair<T>::FIRST...'
duckdb-main,../repos/duckdb-main/src/include/duckdb/common/serializer/deserializer.hpp,"(323, 3)-(323, 56)",b'using SECOND_TYPE = typename is_pair<T>::SECO...'
duckdb-main,../repos/duckdb-main/src/include/duckdb/common/serializer/encoding_util.hpp,"(89, 3)-(89, 62)",b'using unsigned_type = typename std::make_unsi...'
duckdb-main,../repos/duckdb-main/src/include/duckdb/common/serializer/serialization_traits.hpp,"(24, 1)-(24, 21)",b'using void_t = void;'
duckdb-main,../repos/duckdb-main/src/include/duckdb/common/serializer/serialization_traits.hpp,"(151, 3)-(151, 45)",b'using INNER = typename is_atomic<T>::TYPE;'
duckdb-main,../repos/duckdb-main/src/include/duckdb/common/serializer/serialization_traits.hpp,"(157, 3)-(157, 45)",b'using INNER = typename is_atomic<T>::TYPE;'
duckdb-main,../repos/duckdb-main/src/include/duckdb/common/sort/comparators.hpp,"(19, 1)-(19, 48)",b'using ValidityBytes = RowLayout::ValidityBytes;'
duckdb-main,../repos/duckdb-main/src/include/duckdb/common/sort/partition_state.hpp,"(20, 2)-(20, 57)",b'using GlobalSortStatePtr = unique_ptr<GlobalS...'
duckdb-main,../repos/duckdb-main/src/include/duckdb/common/sort/partition_state.hpp,"(21, 2)-(21, 42)",b'using Orders = vector<BoundOrderByNode>;'
duckdb-main,../repos/duckdb-main/src/include/duckdb/common/sort/partition_state.hpp,"(22, 2)-(22, 36)",b'using Types = vector<LogicalType>;'
duckdb-main,../repos/duckdb-main/src/include/duckdb/common/sort/partition_state.hpp,"(23, 2)-(23, 56)","b'using OrderMasks = unordered_map<idx_t, Valid...'"
duckdb-main,../repos/duckdb-main/src/include/duckdb/common/sort/partition_state.hpp,"(51, 2)-(51, 60)",b'using HashGroupPtr = unique_ptr<PartitionGlob...'
duckdb-main,../repos/duckdb-main/src/include/duckdb/common/sort/partition_state.hpp,"(52, 2)-(52, 42)",b'using Orders = vector<BoundOrderByNode>;'
duckdb-main,../repos/duckdb-main/src/include/duckdb/common/sort/partition_state.hpp,"(53, 2)-(53, 36)",b'using Types = vector<LogicalType>;'
duckdb-main,../repos/duckdb-main/src/include/duckdb/common/sort/partition_state.hpp,"(55, 2)-(55, 61)",b'using GroupingPartition = unique_ptr<Partitio...'
duckdb-main,../repos/duckdb-main/src/include/duckdb/common/sort/partition_state.hpp,"(56, 2)-(56, 69)",b'using GroupingAppend = unique_ptr<Partitioned...'
duckdb-main,../repos/duckdb-main/src/include/duckdb/common/sort/partition_state.hpp,"(111, 2)-(111, 55)",b'using LocalSortStatePtr = unique_ptr<LocalSor...'
duckdb-main,../repos/duckdb-main/src/include/duckdb/common/sort/partition_state.hpp,"(151, 2)-(151, 55)",b'using GroupDataPtr = unique_ptr<TupleDataColl...'
duckdb-main,../repos/duckdb-main/src/include/duckdb/common/sort/partition_state.hpp,"(217, 2)-(217, 77)",b'using PartitionGlobalMergeStatePtr = unique_p...'
duckdb-main,../repos/duckdb-main/src/include/duckdb/common/string_map_set.hpp,"(32, 1)-(32, 77)","b'using string_map_t = unordered_map<string_t, ...'"
duckdb-main,../repos/duckdb-main/src/include/duckdb/common/string_map_set.hpp,"(34, 1)-(34, 74)","b'using string_set_t = unordered_set<string_t, ...'"
duckdb-main,../repos/duckdb-main/src/include/duckdb/common/types/row/row_data_collection_scanner.hpp,"(24, 2)-(24, 36)",b'using Types = vector<LogicalType>;'
duckdb-main,../repos/duckdb-main/src/include/duckdb/common/types/row/row_layout.hpp,"(21, 2)-(21, 55)",b'using ValidityBytes = TemplatedValidityMask<u...'
duckdb-main,../repos/duckdb-main/src/include/duckdb/common/types/row/tuple_data_layout.hpp,"(21, 2)-(21, 45)",b'using Aggregates = vector<AggregateObject>;'
duckdb-main,../repos/duckdb-main/src/include/duckdb/common/types/row/tuple_data_layout.hpp,"(22, 2)-(22, 55)",b'using ValidityBytes = TemplatedValidityMask<u...'
duckdb-main,../repos/duckdb-main/src/include/duckdb/common/types/row/tuple_data_states.hpp,"(80, 1)-(80, 52)",b'using TupleDataLocalScanState = TupleDataScan...'
duckdb-main,../repos/duckdb-main/src/include/duckdb/common/types/type_map.hpp,"(31, 1)-(31, 96)","b'using type_map_t = unordered_map<LogicalType,...'"
duckdb-main,../repos/duckdb-main/src/include/duckdb/common/types/type_map.hpp,"(33, 1)-(33, 93)","b'using type_set_t = unordered_set<LogicalType,...'"
duckdb-main,../repos/duckdb-main/src/include/duckdb/common/types/type_map.hpp,"(48, 1)-(48, 105)",b'using type_id_map_t = unordered_map<LogicalTy...'
duckdb-main,../repos/duckdb-main/src/include/duckdb/common/types/type_map.hpp,"(50, 1)-(50, 102)",b'using type_id_set_t = unordered_set<LogicalTy...'
duckdb-main,../repos/duckdb-main/src/include/duckdb/common/types/validity_mask.hpp,"(49, 1)-(49, 29)",b'using validity_t = uint64_t;'
duckdb-main,../repos/duckdb-main/src/include/duckdb/common/types/validity_mask.hpp,"(60, 2)-(60, 50)",b'using ValidityBuffer = TemplatedValidityData<V>;'
duckdb-main,../repos/duckdb-main/src/include/duckdb/common/types/value_map.hpp,"(30, 1)-(30, 79)","b'using value_map_t = unordered_map<Value, T, V...'"
duckdb-main,../repos/duckdb-main/src/include/duckdb/common/types/value_map.hpp,"(32, 1)-(32, 76)","b'using value_set_t = unordered_set<Value, Valu...'"
duckdb-main,../repos/duckdb-main/src/include/duckdb/common/types.hpp,"(30, 1)-(30, 56)",b'using child_list_t = vector<std::pair<std::st...'
duckdb-main,../repos/duckdb-main/src/include/duckdb/common/types.hpp,"(33, 1)-(33, 34)",b'using buffer_ptr = shared_ptr<T>;'
duckdb-main,../repos/duckdb-main/src/include/duckdb/common/types.hpp,"(55, 1)-(55, 29)",b'using union_tag_t = uint8_t;'
duckdb-main,../repos/duckdb-main/src/include/duckdb/common/unique_ptr.hpp,"(15, 2)-(15, 45)","b'using original = std::unique_ptr<_Tp, _Dp>;'"
duckdb-main,../repos/duckdb-main/src/include/duckdb/common/unique_ptr.hpp,"(59, 2)-(59, 70)","b'using original = std::unique_ptr<_Tp[], std::...'"
duckdb-main,../repos/duckdb-main/src/include/duckdb/common/unique_ptr.hpp,"(84, 1)-(84, 68)","b'using unique_array = unique_ptr<T[], std::def...'"
duckdb-main,../repos/duckdb-main/src/include/duckdb/common/unique_ptr.hpp,"(87, 1)-(87, 76)","b'using unsafe_unique_array = unique_ptr<T[], s...'"
duckdb-main,../repos/duckdb-main/src/include/duckdb/common/unique_ptr.hpp,"(90, 1)-(90, 72)","b'using unsafe_unique_ptr = unique_ptr<T, std::...'"
duckdb-main,../repos/duckdb-main/src/include/duckdb/common/vector.hpp,"(23, 2)-(23, 57)","b'using original = std::vector<_Tp, std::alloca...'"
duckdb-main,../repos/duckdb-main/src/include/duckdb/common/vector.hpp,"(25, 2)-(25, 49)",b'using size_type = typename original::size_type;'
duckdb-main,../repos/duckdb-main/src/include/duckdb/common/vector.hpp,"(26, 2)-(26, 61)",b'using const_reference = typename original::co...'
duckdb-main,../repos/duckdb-main/src/include/duckdb/common/vector.hpp,"(27, 2)-(27, 49)",b'using reference = typename original::reference;'
duckdb-main,../repos/duckdb-main/src/include/duckdb/common/vector.hpp,"(106, 1)-(106, 40)","b'using unsafe_vector = vector<T, false>;'"
duckdb-main,../repos/duckdb-main/src/include/duckdb/common/vector_operations/aggregate_executor.hpp,"(30, 1)-(30, 39)",b'using SubFrames = vector<FrameBounds>;'
duckdb-main,../repos/duckdb-main/src/include/duckdb/common/vector_operations/generic_executor.hpp,"(36, 2)-(36, 42)",b'using STRUCT_STATE = PrimitiveTypeState;'
duckdb-main,../repos/duckdb-main/src/include/duckdb/common/vector_operations/generic_executor.hpp,"(72, 2)-(72, 42)",b'using STRUCT_STATE = StructTypeState<1>;'
duckdb-main,../repos/duckdb-main/src/include/duckdb/common/vector_operations/generic_executor.hpp,"(98, 2)-(98, 42)",b'using STRUCT_STATE = StructTypeState<2>;'
duckdb-main,../repos/duckdb-main/src/include/duckdb/common/vector_operations/generic_executor.hpp,"(132, 2)-(132, 42)",b'using STRUCT_STATE = StructTypeState<3>;'
duckdb-main,../repos/duckdb-main/src/include/duckdb/common/vector_operations/generic_executor.hpp,"(174, 2)-(174, 42)",b'using STRUCT_STATE = StructTypeState<4>;'
duckdb-main,../repos/duckdb-main/src/include/duckdb/core_functions/aggregate/algebraic_functions.hpp,"(28, 2)-(28, 23)",b'using ALIAS = AvgFun;'
duckdb-main,../repos/duckdb-main/src/include/duckdb/core_functions/aggregate/algebraic_functions.hpp,"(97, 2)-(97, 30)",b'using ALIAS = StdDevSampFun;'
duckdb-main,../repos/duckdb-main/src/include/duckdb/core_functions/aggregate/algebraic_functions.hpp,"(121, 2)-(121, 27)",b'using ALIAS = VarSampFun;'
duckdb-main,../repos/duckdb-main/src/include/duckdb/core_functions/aggregate/distributive_functions.hpp,"(37, 2)-(37, 26)",b'using ALIAS = ArgMinFun;'
duckdb-main,../repos/duckdb-main/src/include/duckdb/core_functions/aggregate/distributive_functions.hpp,"(43, 2)-(43, 26)",b'using ALIAS = ArgMinFun;'
duckdb-main,../repos/duckdb-main/src/include/duckdb/core_functions/aggregate/distributive_functions.hpp,"(58, 2)-(58, 26)",b'using ALIAS = ArgMaxFun;'
duckdb-main,../repos/duckdb-main/src/include/duckdb/core_functions/aggregate/distributive_functions.hpp,"(64, 2)-(64, 26)",b'using ALIAS = ArgMaxFun;'
duckdb-main,../repos/duckdb-main/src/include/duckdb/core_functions/aggregate/distributive_functions.hpp,"(142, 2)-(142, 28)",b'using ALIAS = KahanSumFun;'
duckdb-main,../repos/duckdb-main/src/include/duckdb/core_functions/aggregate/distributive_functions.hpp,"(148, 2)-(148, 28)",b'using ALIAS = KahanSumFun;'
duckdb-main,../repos/duckdb-main/src/include/duckdb/core_functions/aggregate/distributive_functions.hpp,"(208, 2)-(208, 29)",b'using ALIAS = StringAggFun;'
duckdb-main,../repos/duckdb-main/src/include/duckdb/core_functions/aggregate/distributive_functions.hpp,"(214, 2)-(214, 29)",b'using ALIAS = StringAggFun;'
duckdb-main,../repos/duckdb-main/src/include/duckdb/core_functions/aggregate/holistic_functions.hpp,"(64, 2)-(64, 32)",b'using ALIAS = QuantileDiscFun;'
duckdb-main,../repos/duckdb-main/src/include/duckdb/core_functions/aggregate/nested_functions.hpp,"(38, 2)-(38, 24)",b'using ALIAS = ListFun;'
duckdb-main,../repos/duckdb-main/src/include/duckdb/core_functions/scalar/array_functions.hpp,"(64, 2)-(64, 37)",b'using ALIAS = ArrayInnerProductFun;'
duckdb-main,../repos/duckdb-main/src/include/duckdb/core_functions/scalar/blob_functions.hpp,"(55, 2)-(55, 28)",b'using ALIAS = ToBase64Fun;'
duckdb-main,../repos/duckdb-main/src/include/duckdb/core_functions/scalar/date_functions.hpp,"(46, 2)-(46, 31)",b'using ALIAS = CurrentDateFun;'
duckdb-main,../repos/duckdb-main/src/include/duckdb/core_functions/scalar/date_functions.hpp,"(61, 2)-(61, 28)",b'using ALIAS = DateDiffFun;'
duckdb-main,../repos/duckdb-main/src/include/duckdb/core_functions/scalar/date_functions.hpp,"(76, 2)-(76, 28)",b'using ALIAS = DatePartFun;'
duckdb-main,../repos/duckdb-main/src/include/duckdb/core_functions/scalar/date_functions.hpp,"(91, 2)-(91, 27)",b'using ALIAS = DateSubFun;'
duckdb-main,../repos/duckdb-main/src/include/duckdb/core_functions/scalar/date_functions.hpp,"(106, 2)-(106, 29)",b'using ALIAS = DateTruncFun;'
duckdb-main,../repos/duckdb-main/src/include/duckdb/core_functions/scalar/date_functions.hpp,"(229, 2)-(229, 39)",b'using ALIAS = GetCurrentTimestampFun;'
duckdb-main,../repos/duckdb-main/src/include/duckdb/core_functions/scalar/date_functions.hpp,"(235, 2)-(235, 39)",b'using ALIAS = GetCurrentTimestampFun;'
duckdb-main,../repos/duckdb-main/src/include/duckdb/core_functions/scalar/list_functions.hpp,"(37, 2)-(37, 33)",b'using ALIAS = ListAggregateFun;'
duckdb-main,../repos/duckdb-main/src/include/duckdb/core_functions/scalar/list_functions.hpp,"(43, 2)-(43, 33)",b'using ALIAS = ListAggregateFun;'
duckdb-main,../repos/duckdb-main/src/include/duckdb/core_functions/scalar/list_functions.hpp,"(49, 2)-(49, 33)",b'using ALIAS = ListAggregateFun;'
duckdb-main,../repos/duckdb-main/src/include/duckdb/core_functions/scalar/list_functions.hpp,"(55, 2)-(55, 33)",b'using ALIAS = ListAggregateFun;'
duckdb-main,../repos/duckdb-main/src/include/duckdb/core_functions/scalar/list_functions.hpp,"(70, 2)-(70, 32)",b'using ALIAS = ListDistinctFun;'
duckdb-main,../repos/duckdb-main/src/include/duckdb/core_functions/scalar/list_functions.hpp,"(85, 2)-(85, 30)",b'using ALIAS = ListUniqueFun;'
duckdb-main,../repos/duckdb-main/src/include/duckdb/core_functions/scalar/list_functions.hpp,"(100, 2)-(100, 29)",b'using ALIAS = ListValueFun;'
duckdb-main,../repos/duckdb-main/src/include/duckdb/core_functions/scalar/list_functions.hpp,"(115, 2)-(115, 29)",b'using ALIAS = ListSliceFun;'
duckdb-main,../repos/duckdb-main/src/include/duckdb/core_functions/scalar/list_functions.hpp,"(130, 2)-(130, 28)",b'using ALIAS = ListSortFun;'
duckdb-main,../repos/duckdb-main/src/include/duckdb/core_functions/scalar/list_functions.hpp,"(145, 2)-(145, 31)",b'using ALIAS = ListGradeUpFun;'
duckdb-main,../repos/duckdb-main/src/include/duckdb/core_functions/scalar/list_functions.hpp,"(151, 2)-(151, 31)",b'using ALIAS = ListGradeUpFun;'
duckdb-main,../repos/duckdb-main/src/include/duckdb/core_functions/scalar/list_functions.hpp,"(166, 2)-(166, 35)",b'using ALIAS = ListReverseSortFun;'
duckdb-main,../repos/duckdb-main/src/include/duckdb/core_functions/scalar/list_functions.hpp,"(181, 2)-(181, 33)",b'using ALIAS = ListTransformFun;'
duckdb-main,../repos/duckdb-main/src/include/duckdb/core_functions/scalar/list_functions.hpp,"(187, 2)-(187, 33)",b'using ALIAS = ListTransformFun;'
duckdb-main,../repos/duckdb-main/src/include/duckdb/core_functions/scalar/list_functions.hpp,"(193, 2)-(193, 33)",b'using ALIAS = ListTransformFun;'
duckdb-main,../repos/duckdb-main/src/include/duckdb/core_functions/scalar/list_functions.hpp,"(199, 2)-(199, 33)",b'using ALIAS = ListTransformFun;'
duckdb-main,../repos/duckdb-main/src/include/duckdb/core_functions/scalar/list_functions.hpp,"(214, 2)-(214, 30)",b'using ALIAS = ListFilterFun;'
duckdb-main,../repos/duckdb-main/src/include/duckdb/core_functions/scalar/list_functions.hpp,"(220, 2)-(220, 30)",b'using ALIAS = ListFilterFun;'
duckdb-main,../repos/duckdb-main/src/include/duckdb/core_functions/scalar/list_functions.hpp,"(235, 2)-(235, 30)",b'using ALIAS = ListReduceFun;'
duckdb-main,../repos/duckdb-main/src/include/duckdb/core_functions/scalar/list_functions.hpp,"(241, 2)-(241, 30)",b'using ALIAS = ListReduceFun;'
duckdb-main,../repos/duckdb-main/src/include/duckdb/core_functions/scalar/list_functions.hpp,"(274, 2)-(274, 40)",b'using ALIAS = ListCosineSimilarityFun;'
duckdb-main,../repos/duckdb-main/src/include/duckdb/core_functions/scalar/list_functions.hpp,"(289, 2)-(289, 32)",b'using ALIAS = ListDistanceFun;'
duckdb-main,../repos/duckdb-main/src/include/duckdb/core_functions/scalar/list_functions.hpp,"(304, 2)-(304, 36)",b'using ALIAS = ListInnerProductFun;'
duckdb-main,../repos/duckdb-main/src/include/duckdb/core_functions/scalar/list_functions.hpp,"(310, 2)-(310, 36)",b'using ALIAS = ListInnerProductFun;'
duckdb-main,../repos/duckdb-main/src/include/duckdb/core_functions/scalar/map_functions.hpp,"(55, 2)-(55, 30)",b'using ALIAS = MapExtractFun;'
duckdb-main,../repos/duckdb-main/src/include/duckdb/core_functions/scalar/math_functions.hpp,"(28, 2)-(28, 31)",b'using ALIAS = AbsOperatorFun;'
duckdb-main,../repos/duckdb-main/src/include/duckdb/core_functions/scalar/math_functions.hpp,"(43, 2)-(43, 31)",b'using ALIAS = PowOperatorFun;'
duckdb-main,../repos/duckdb-main/src/include/duckdb/core_functions/scalar/math_functions.hpp,"(49, 2)-(49, 31)",b'using ALIAS = PowOperatorFun;'
duckdb-main,../repos/duckdb-main/src/include/duckdb/core_functions/scalar/math_functions.hpp,"(55, 2)-(55, 31)",b'using ALIAS = PowOperatorFun;'
duckdb-main,../repos/duckdb-main/src/include/duckdb/core_functions/scalar/math_functions.hpp,"(70, 2)-(70, 37)",b'using ALIAS = FactorialOperatorFun;'
duckdb-main,../repos/duckdb-main/src/include/duckdb/core_functions/scalar/math_functions.hpp,"(139, 2)-(139, 24)",b'using ALIAS = CeilFun;'
duckdb-main,../repos/duckdb-main/src/include/duckdb/core_functions/scalar/math_functions.hpp,"(244, 2)-(244, 41)",b'using ALIAS = GreatestCommonDivisorFun;'
duckdb-main,../repos/duckdb-main/src/include/duckdb/core_functions/scalar/math_functions.hpp,"(259, 2)-(259, 39)",b'using ALIAS = LeastCommonMultipleFun;'
duckdb-main,../repos/duckdb-main/src/include/duckdb/core_functions/scalar/random_functions.hpp,"(46, 2)-(46, 24)",b'using ALIAS = UUIDFun;'
duckdb-main,../repos/duckdb-main/src/include/duckdb/core_functions/scalar/string_functions.hpp,"(28, 2)-(28, 38)",b'using ALIAS = StartsWithOperatorFun;'
duckdb-main,../repos/duckdb-main/src/include/duckdb/core_functions/scalar/string_functions.hpp,"(61, 2)-(61, 23)",b'using ALIAS = BinFun;'
duckdb-main,../repos/duckdb-main/src/include/duckdb/core_functions/scalar/string_functions.hpp,"(103, 2)-(103, 31)",b'using ALIAS = FormatBytesFun;'
duckdb-main,../repos/duckdb-main/src/include/duckdb/core_functions/scalar/string_functions.hpp,"(127, 2)-(127, 27)",b'using ALIAS = HammingFun;'
duckdb-main,../repos/duckdb-main/src/include/duckdb/core_functions/scalar/string_functions.hpp,"(142, 2)-(142, 23)",b'using ALIAS = HexFun;'
duckdb-main,../repos/duckdb-main/src/include/duckdb/core_functions/scalar/string_functions.hpp,"(157, 2)-(157, 25)",b'using ALIAS = InstrFun;'
duckdb-main,../repos/duckdb-main/src/include/duckdb/core_functions/scalar/string_functions.hpp,"(163, 2)-(163, 25)",b'using ALIAS = InstrFun;'
duckdb-main,../repos/duckdb-main/src/include/duckdb/core_functions/scalar/string_functions.hpp,"(223, 2)-(223, 31)",b'using ALIAS = LevenshteinFun;'
duckdb-main,../repos/duckdb-main/src/include/duckdb/core_functions/scalar/string_functions.hpp,"(373, 2)-(373, 31)",b'using ALIAS = StringSplitFun;'
duckdb-main,../repos/duckdb-main/src/include/duckdb/core_functions/scalar/string_functions.hpp,"(379, 2)-(379, 31)",b'using ALIAS = StringSplitFun;'
duckdb-main,../repos/duckdb-main/src/include/duckdb/core_functions/scalar/string_functions.hpp,"(385, 2)-(385, 31)",b'using ALIAS = StringSplitFun;'
duckdb-main,../repos/duckdb-main/src/include/duckdb/core_functions/scalar/string_functions.hpp,"(400, 2)-(400, 36)",b'using ALIAS = StringSplitRegexFun;'
duckdb-main,../repos/duckdb-main/src/include/duckdb/core_functions/scalar/string_functions.hpp,"(406, 2)-(406, 36)",b'using ALIAS = StringSplitRegexFun;'
duckdb-main,../repos/duckdb-main/src/include/duckdb/core_functions/scalar/string_functions.hpp,"(439, 2)-(439, 25)",b'using ALIAS = UnbinFun;'
duckdb-main,../repos/duckdb-main/src/include/duckdb/core_functions/scalar/string_functions.hpp,"(454, 2)-(454, 25)",b'using ALIAS = UnhexFun;'
duckdb-main,../repos/duckdb-main/src/include/duckdb/core_functions/scalar/string_functions.hpp,"(469, 2)-(469, 27)",b'using ALIAS = UnicodeFun;'
duckdb-main,../repos/duckdb-main/src/include/duckdb/execution/join_hashtable.hpp,"(61, 2)-(61, 55)",b'using ValidityBytes = TemplatedValidityMask<u...'
duckdb-main,../repos/duckdb-main/src/include/duckdb/execution/merge_sort_tree.hpp,"(51, 2)-(51, 24)",b'using return_type = T;'
duckdb-main,../repos/duckdb-main/src/include/duckdb/execution/merge_sort_tree.hpp,"(59, 2)-(59, 39)",b'using return_type = std::tuple<T...>;'
duckdb-main,../repos/duckdb-main/src/include/duckdb/execution/merge_sort_tree.hpp,"(67, 2)-(67, 38)",b'using return_type = std::pair<T...>;'
duckdb-main,../repos/duckdb-main/src/include/duckdb/execution/merge_sort_tree.hpp,"(75, 2)-(75, 24)",b'using ElementType = E;'
duckdb-main,../repos/duckdb-main/src/include/duckdb/execution/merge_sort_tree.hpp,"(76, 2)-(76, 23)",b'using OffsetType = O;'
duckdb-main,../repos/duckdb-main/src/include/duckdb/execution/merge_sort_tree.hpp,"(77, 2)-(77, 39)",b'using Elements = vector<ElementType>;'
duckdb-main,../repos/duckdb-main/src/include/duckdb/execution/merge_sort_tree.hpp,"(78, 2)-(78, 37)",b'using Offsets = vector<OffsetType>;'
duckdb-main,../repos/duckdb-main/src/include/duckdb/execution/merge_sort_tree.hpp,"(79, 2)-(79, 40)","b'using Level = pair<Elements, Offsets>;'"
duckdb-main,../repos/duckdb-main/src/include/duckdb/execution/merge_sort_tree.hpp,"(80, 2)-(80, 29)",b'using Tree = vector<Level>;'
duckdb-main,../repos/duckdb-main/src/include/duckdb/execution/merge_sort_tree.hpp,"(82, 2)-(82, 46)","b'using RunElement = pair<ElementType, idx_t>;'"
duckdb-main,../repos/duckdb-main/src/include/duckdb/execution/merge_sort_tree.hpp,"(83, 2)-(83, 43)","b'using RunElements = array<RunElement, F>;'"
duckdb-main,../repos/duckdb-main/src/include/duckdb/execution/merge_sort_tree.hpp,"(84, 2)-(84, 41)","b'using Games = array<RunElement, F - 1>;'"
duckdb-main,../repos/duckdb-main/src/include/duckdb/execution/merge_sort_tree.hpp,"(283, 4)-(283, 38)","b'using Bounds = pair<idx_t, idx_t>;'"
duckdb-main,../repos/duckdb-main/src/include/duckdb/execution/merge_sort_tree.hpp,"(364, 3)-(364, 43)","b'using CascadeRange = pair<idx_t, idx_t>;'"
duckdb-main,../repos/duckdb-main/src/include/duckdb/execution/merge_sort_tree.hpp,"(483, 2)-(483, 43)","b'using IdxRange = std::pair<idx_t, idx_t>;'"
duckdb-main,../repos/duckdb-main/src/include/duckdb/execution/operator/join/perfect_hash_join_executor.hpp,"(36, 2)-(36, 42)",b'using PerfectHashTable = vector<Vector>;'
duckdb-main,../repos/duckdb-main/src/include/duckdb/execution/operator/join/physical_range_join.hpp,"(97, 2)-(97, 45)",b'using ProjectionMapping = vector<column_t>;'
duckdb-main,../repos/duckdb-main/src/include/duckdb/execution/window_segment_tree.hpp,"(193, 2)-(193, 57)",b'using GlobalSortStatePtr = unique_ptr<GlobalS...'
duckdb-main,../repos/duckdb-main/src/include/duckdb/function/aggregate_function.hpp,"(29, 1)-(29, 41)","b'using FrameStats = array<FrameDelta, 2>;'"
duckdb-main,../repos/duckdb-main/src/include/duckdb/function/table/arrow/arrow_duck_schema.hpp,"(90, 1)-(90, 72)",b'using arrow_column_map_t = unordered_map<idx_...'
duckdb-main,../repos/duckdb-main/src/include/duckdb/main/query_profiler.hpp,"(143, 2)-(143, 79)",b'using TreeMap = reference_map_t<const Physica...'
duckdb-main,../repos/duckdb-main/src/include/duckdb/main/query_profiler.hpp,"(219, 2)-(219, 59)",b'using PhaseTimingStorage = unordered_map<stri...'
duckdb-main,../repos/duckdb-main/src/include/duckdb/main/query_profiler.hpp,"(221, 2)-(221, 57)",b'using PhaseTimingItem = PhaseTimingStorage::v...'
duckdb-main,../repos/duckdb-main/src/include/duckdb/parser/expression_map.hpp,"(35, 1)-(36, 113)",b'using expression_map_t =\n    unordered_map<re...'
duckdb-main,../repos/duckdb-main/src/include/duckdb/parser/expression_map.hpp,"(38, 1)-(39, 110)",b'using expression_set_t =\n    unordered_set<re...'
duckdb-main,../repos/duckdb-main/src/include/duckdb/parser/expression_map.hpp,"(42, 1)-(43, 85)",b'using parsed_expression_map_t = unordered_map...'
duckdb-main,../repos/duckdb-main/src/include/duckdb/parser/expression_map.hpp,"(45, 1)-(46, 85)",b'using parsed_expression_set_t = unordered_set...'
duckdb-main,../repos/duckdb-main/src/include/duckdb/parser/group_by_node.hpp,"(17, 1)-(17, 32)",b'using GroupingSet = set<idx_t>;'
duckdb-main,../repos/duckdb-main/src/include/duckdb/parser/qualified_name_set.hpp,"(30, 1)-(30, 121)",b'using qualified_column_set_t = unordered_set<...'
duckdb-main,../repos/duckdb-main/src/include/duckdb/planner/bound_parameter_map.hpp,"(21, 1)-(21, 86)",b'using bound_parameter_map_t = case_insensitiv...'
duckdb-main,../repos/duckdb-main/src/include/duckdb/planner/column_binding_map.hpp,"(31, 1)-(31, 112)",b'using column_binding_map_t = unordered_map<Co...'
duckdb-main,../repos/duckdb-main/src/include/duckdb/planner/column_binding_map.hpp,"(33, 1)-(33, 109)",b'using column_binding_set_t = unordered_set<Co...'
duckdb-main,../repos/duckdb-main/src/include/duckdb/storage/compression/chimp/algorithm/chimp128.hpp,"(76, 2)-(76, 60)",b'using State = Chimp128CompressionState<CHIMP_...'
duckdb-main,../repos/duckdb-main/src/include/duckdb/storage/compression/chimp/algorithm/chimp128.hpp,"(226, 2)-(226, 65)",b'using DecompressState = Chimp128Decompression...'
duckdb-main,../repos/duckdb-main/src/include/duckdb/storage/compression/chimp/algorithm/output_bit_stream.hpp,"(24, 2)-(24, 32)",b'using INTERNAL_TYPE = uint8_t;'
duckdb-main,../repos/duckdb-main/src/include/duckdb/storage/compression/chimp/chimp.hpp,"(21, 1)-(21, 31)",b'using byte_index_t = uint32_t;'
duckdb-main,../repos/duckdb-main/src/include/duckdb/storage/compression/chimp/chimp.hpp,"(49, 2)-(49, 49)",b'using CHIMP_TYPE = typename ChimpType<T>::type;'
duckdb-main,../repos/duckdb-main/src/include/duckdb/storage/compression/chimp/chimp_analyze.hpp,"(21, 2)-(21, 49)",b'using CHIMP_TYPE = typename ChimpType<T>::type;'
duckdb-main,../repos/duckdb-main/src/include/duckdb/storage/compression/chimp/chimp_analyze.hpp,"(111, 2)-(111, 49)",b'using CHIMP_TYPE = typename ChimpType<T>::type;'
duckdb-main,../repos/duckdb-main/src/include/duckdb/storage/compression/chimp/chimp_compress.hpp,"(33, 2)-(33, 49)",b'using CHIMP_TYPE = typename ChimpType<T>::type;'
duckdb-main,../repos/duckdb-main/src/include/duckdb/storage/compression/chimp/chimp_fetch.hpp,"(29, 2)-(29, 52)",b'using INTERNAL_TYPE = typename ChimpType<T>::type;'
duckdb-main,../repos/duckdb-main/src/include/duckdb/storage/compression/chimp/chimp_scan.hpp,"(137, 2)-(137, 49)",b'using CHIMP_TYPE = typename ChimpType<T>::type;'
duckdb-main,../repos/duckdb-main/src/include/duckdb/storage/compression/chimp/chimp_scan.hpp,"(242, 3)-(242, 53)",b'using INTERNAL_TYPE = typename ChimpType<T>::type;'
duckdb-main,../repos/duckdb-main/src/include/duckdb/storage/compression/chimp/chimp_scan.hpp,"(265, 2)-(265, 52)",b'using INTERNAL_TYPE = typename ChimpType<T>::type;'
duckdb-main,../repos/duckdb-main/src/include/duckdb/storage/compression/patas/algorithm/patas.hpp,"(62, 2)-(62, 57)",b'using State = PatasCompressionState<EXACT_TYP...'
duckdb-main,../repos/duckdb-main/src/include/duckdb/storage/compression/patas/patas.hpp,"(20, 1)-(20, 31)",b'using byte_index_t = uint32_t;'
duckdb-main,../repos/duckdb-main/src/include/duckdb/storage/compression/patas/patas.hpp,"(39, 2)-(39, 55)",b'using EXACT_TYPE = typename FloatingToExact<T...'
duckdb-main,../repos/duckdb-main/src/include/duckdb/storage/compression/patas/patas_analyze.hpp,"(21, 2)-(21, 55)",b'using EXACT_TYPE = typename FloatingToExact<T...'
duckdb-main,../repos/duckdb-main/src/include/duckdb/storage/compression/patas/patas_analyze.hpp,"(102, 3)-(102, 65)",b'using EXACT_TYPE = typename FloatingToExact<V...'
duckdb-main,../repos/duckdb-main/src/include/duckdb/storage/compression/patas/patas_compress.hpp,"(35, 2)-(35, 55)",b'using EXACT_TYPE = typename FloatingToExact<T...'
duckdb-main,../repos/duckdb-main/src/include/duckdb/storage/compression/patas/patas_fetch.hpp,"(29, 2)-(29, 55)",b'using EXACT_TYPE = typename FloatingToExact<T...'
duckdb-main,../repos/duckdb-main/src/include/duckdb/storage/compression/patas/patas_scan.hpp,"(90, 2)-(90, 55)",b'using EXACT_TYPE = typename FloatingToExact<T...'
duckdb-main,../repos/duckdb-main/src/include/duckdb/storage/compression/patas/patas_scan.hpp,"(177, 3)-(177, 56)",b'using EXACT_TYPE = typename FloatingToExact<T...'
duckdb-main,../repos/duckdb-main/src/include/duckdb/storage/compression/patas/patas_scan.hpp,"(213, 2)-(213, 55)",b'using EXACT_TYPE = typename FloatingToExact<T...'
duckdb-main,../repos/duckdb-main/src/include/duckdb/storage/storage_info.hpp,"(51, 1)-(51, 28)",b'using block_id_t = int64_t;'
duckdb-main,../repos/duckdb-main/src/optimizer/filter_combiner.cpp,"(20, 1)-(20, 79)",b'using ExpressionValueInformation = FilterComb...'
duckdb-main,../repos/duckdb-main/src/optimizer/filter_pushdown.cpp,"(10, 1)-(10, 39)",b'using Filter = FilterPushdown::Filter;'
duckdb-main,../repos/duckdb-main/src/optimizer/join_order/join_relation_set.cpp,"(10, 1)-(10, 75)",b'using JoinRelationTreeNode = JoinRelationSetM...'
duckdb-main,../repos/duckdb-main/src/optimizer/join_order/query_graph.cpp,"(9, 1)-(9, 46)",b'using QueryEdge = QueryGraphEdges::QueryEdge;'
duckdb-main,../repos/duckdb-main/src/optimizer/pushdown/pushdown_aggregate.cpp,"(10, 1)-(10, 39)",b'using Filter = FilterPushdown::Filter;'
duckdb-main,../repos/duckdb-main/src/optimizer/pushdown/pushdown_cross_product.cpp,"(7, 1)-(7, 39)",b'using Filter = FilterPushdown::Filter;'
duckdb-main,../repos/duckdb-main/src/optimizer/pushdown/pushdown_filter.cpp,"(7, 1)-(7, 39)",b'using Filter = FilterPushdown::Filter;'
duckdb-main,../repos/duckdb-main/src/optimizer/pushdown/pushdown_inner_join.cpp,"(9, 1)-(9, 39)",b'using Filter = FilterPushdown::Filter;'
duckdb-main,../repos/duckdb-main/src/optimizer/pushdown/pushdown_left_join.cpp,"(13, 1)-(13, 39)",b'using Filter = FilterPushdown::Filter;'
duckdb-main,../repos/duckdb-main/src/optimizer/pushdown/pushdown_mark_join.cpp,"(7, 1)-(7, 39)",b'using Filter = FilterPushdown::Filter;'
duckdb-main,../repos/duckdb-main/src/optimizer/pushdown/pushdown_semi_anti_join.cpp,"(10, 1)-(10, 39)",b'using Filter = FilterPushdown::Filter;'
duckdb-main,../repos/duckdb-main/src/optimizer/pushdown/pushdown_set_operation.cpp,"(12, 1)-(12, 39)",b'using Filter = FilterPushdown::Filter;'
duckdb-main,../repos/duckdb-main/src/optimizer/pushdown/pushdown_single_join.cpp,"(6, 1)-(6, 39)",b'using Filter = FilterPushdown::Filter;'
duckdb-main,../repos/duckdb-main/src/parallel/executor.cpp,"(54, 1)-(54, 67)","b'using event_map_t = reference_map_t<Pipeline,...'"
duckdb-main,../repos/duckdb-main/src/storage/compression/bitpacking.cpp,"(222, 3)-(222, 52)",b'using T_U = typename MakeUnsigned<T_INNER>::type;'
duckdb-main,../repos/duckdb-main/src/storage/compression/bitpacking.cpp,"(568, 2)-(568, 45)",b'using T_U = typename MakeUnsigned<T>::type;'
duckdb-main,../repos/duckdb-main/src/storage/compression/rle.cpp,"(14, 1)-(14, 30)",b'using rle_count_t = uint16_t;'
