Repo name,File name,Location,Content
duckdb-main,../repos/duckdb-main/src/common/operator/cast_operators.cpp,"(2333, 63)-(2333, 85)",b'decltype(state.result)'
duckdb-main,../repos/duckdb-main/src/function/cast/cast_function_set.cpp,"(74, 91)-(74, 115)",b'decltype(map.find(type))'
duckdb-main,../repos/duckdb-main/src/include/duckdb/common/exception.hpp,"(315, 51)-(315, 77)",b'decltype(RESPONSE::status)'
duckdb-main,../repos/duckdb-main/src/include/duckdb/common/exception.hpp,"(324, 58)-(324, 82)",b'decltype(RESPONSE::code)'
duckdb-main,../repos/duckdb-main/src/include/duckdb/common/serializer/serialization_traits.hpp,"(32, 25)-(32, 92)",b'decltype(std::declval<T>().Serialize(std::dec...'
duckdb-main,../repos/duckdb-main/src/include/duckdb/common/serializer/serialization_traits.hpp,"(41, 45)-(41, 69)",b'decltype(T::Deserialize)'
duckdb-main,../repos/duckdb-main/src/include/duckdb/common/serializer/serialization_traits.hpp,"(47, 45)-(47, 69)",b'decltype(T::Deserialize)'
duckdb-main,../repos/duckdb-main/src/include/duckdb/common/serializer/serialization_traits.hpp,"(53, 45)-(53, 69)",b'decltype(T::Deserialize)'
