Repo name,File name,Location,Content
sql,../repos/mysql-server/sql/locks/shared_spin_lock.cc,"(263, 10)-(263, 22)",b'static thread_local std::map<lock::Shared_spi...'
sql,../repos/mysql-server/sql/thr_malloc.h,"(31, 8)-(31, 20)",b'extern thread_local MEM_ROOT **THR_MALLOC;'
sql,../repos/mysql-server/sql/debug_lock_order.cc,"(6066, 1)-(6066, 13)",b'thread_local LO_thread *THR_LO;'
sql,../repos/mysql-server/sql/server_component/thread_cleanup_register_imp.cc,"(61, 5)-(61, 17)",b'thread_local ThreadExitHandler teh;'
sql,../repos/mysql-server/sql/current_thd.h,"(33, 8)-(33, 20)",b'extern thread_local THD *current_thd;'
sql,../repos/mysql-server/sql/srv_session.cc,"(92, 8)-(92, 20)",b'static thread_local const char *THR_stack_sta...'
sql,../repos/mysql-server/sql/srv_session.cc,"(93, 8)-(93, 20)",b'static thread_local const st_plugin_int *THR_...'
sql,../repos/mysql-server/sql/rpl_replica.cc,"(235, 8)-(235, 20)",b'static thread_local Master_info *RPL_MASTER_I...'
sql,../repos/mysql-server/sql/set_var.cc,"(634, 1)-(634, 13)",b'thread_local int System_variable_tracker::m_h...'
sql,../repos/mysql-server/sql/mysqld.h,"(411, 8)-(411, 20)",b'extern thread_local MEM_ROOT **THR_MALLOC;'
sql,../repos/mysql-server/sql/sql_class.h,"(202, 8)-(202, 20)",b'inline thread_local TDM expected_from_debug_f...'
sql,../repos/mysql-server/sql/mysqld.cc,"(1571, 1)-(1571, 13)",b'thread_local MEM_ROOT **THR_MALLOC = nullptr;'
sql,../repos/mysql-server/sql/containers/integrals_lockfree_queue.h,"(940, 10)-(940, 22)",b'static thread_local std::map<\n      container...'
sql,../repos/mysql-server/sql/current_thd.cc,"(25, 1)-(25, 13)",b'thread_local THD *current_thd = nullptr;'
sql,../repos/mysql-server/sql/set_var.h,"(910, 3)-(910, 15)",b'thread_local static int m_hash_lock_recursion...'
