Repo name,File name,Location,Content
sql,../repos/mysql-server/sql/item_pfs_func.cc,"(176, 3)-(176, 11)",b'volatile double bytes_abs = std::abs(bytes);'
sql,../repos/mysql-server/sql/item_pfs_func.cc,"(257, 3)-(257, 11)",b'volatile double time_abs = std::abs(time_val);'
sql,../repos/mysql-server/sql/rpl_rli.h,"(751, 3)-(751, 11)",b'volatile my_off_t group_master_log_pos;'
sql,../repos/mysql-server/sql/rpl_rli.h,"(1213, 3)-(1213, 11)",b'volatile ulong\n      mts_wq_underrun_w_id;'
sql,../repos/mysql-server/sql/sql_manager.cc,"(54, 13)-(54, 21)",b'static bool volatile manager_thread_in_use;'
sql,../repos/mysql-server/sql/log.cc,"(376, 3)-(376, 11)",b'volatile bool log_open;'
sql,../repos/mysql-server/sql/mysqld.cc,"(1306, 1)-(1306, 9)",b'volatile bool mqh_used = false;'
sql,../repos/mysql-server/sql/rpl_rli_pdb.h,"(89, 10)-(89, 18)",b'*volatile temporary_tables'
sql,../repos/mysql-server/sql/rpl_rli_pdb.h,"(531, 3)-(531, 11)",b'volatile ulong last_group_done_index;'
sql,../repos/mysql-server/sql/rpl_rli_pdb.h,"(543, 3)-(543, 11)",b'volatile bool relay_log_change_notified;'
sql,../repos/mysql-server/sql/rpl_rli_pdb.h,"(544, 3)-(544, 11)",b'volatile bool checkpoint_notified;'
sql,../repos/mysql-server/sql/rpl_rli_pdb.h,"(545, 3)-(545, 11)",b'volatile bool\n      master_log_change_notified;'
sql,../repos/mysql-server/sql/rpl_rli_pdb.h,"(615, 20)-(615, 28)",b'en_running_state volatile running_status;'
sql,../repos/mysql-server/sql/item_func.h,"(4066, 13)-(4066, 21)",b'extern bool volatile mqh_used;'
sql,../repos/mysql-server/sql/log_event.cc,"(6188, 3)-(6188, 11)",b'volatile my_off_t saved_group_master_log_pos;'
sql,../repos/mysql-server/sql/log_event.cc,"(6189, 3)-(6189, 11)",b'volatile my_off_t saved_group_relay_log_pos;'
sql,../repos/mysql-server/sql/log_event.cc,"(6193, 3)-(6193, 11)",b'volatile my_off_t new_group_master_log_pos;'
sql,../repos/mysql-server/sql/log_event.cc,"(6194, 3)-(6194, 11)",b'volatile my_off_t new_group_relay_log_pos;'
