Repo name,File name,Location,Content
sql,../repos/mysql-server/sql/sql_cursor.h,"(76, 68)-(76, 76)","b'operator new(size_t size, MEM_ROOT *mem_root,...'"
sql,../repos/mysql-server/sql/sql_cursor.h,"(81, 51)-(81, 59)","b'operator delete(\n      void *, MEM_ROOT *, co...'"
sql,../repos/mysql-server/sql/handler.cc,"(440, 52)-(440, 60)",b'ha_secondary_engine_supports_ddl(\n    THD *th...'
sql,../repos/mysql-server/sql/item.h,"(952, 42)-(952, 50)",b'operator new(size_t size) noexcept'
sql,../repos/mysql-server/sql/item.h,"(957, 62)-(957, 70)","b'operator new(size_t size, MEM_ROOT *mem_root,...'"
sql,../repos/mysql-server/sql/item.h,"(966, 55)-(966, 63)","b'operator delete(void *, MEM_ROOT *,\n         ...'"
sql,../repos/mysql-server/sql/sql_plugin_var.h,"(214, 62)-(214, 70)","b'operator new(size_t size, MEM_ROOT *mem_root,...'"
sql,../repos/mysql-server/sql/sql_plugin_var.h,"(228, 51)-(228, 59)","b'operator delete(\n      void *, MEM_ROOT *, co...'"
sql,../repos/mysql-server/sql/raii/targeted_stringstream.cc,"(36, 36)-(36, 44)",b'Targeted_stringstream::Targeted_stringstream(...'
sql,../repos/mysql-server/sql/raii/targeted_stringstream.cc,"(46, 36)-(46, 44)",b'Targeted_stringstream::operator=(\n    Targete...'
sql,../repos/mysql-server/sql/raii/targeted_stringstream.h,"(53, 56)-(53, 64)",b'Targeted_stringstream(Targeted_stringstream &...'
sql,../repos/mysql-server/sql/raii/targeted_stringstream.h,"(55, 67)-(55, 75)",b'operator=(Targeted_stringstream &&other) noexcept'
sql,../repos/mysql-server/sql/sql_prepare.h,"(176, 68)-(176, 76)","b'operator new(size_t size, MEM_ROOT *mem_root,...'"
sql,../repos/mysql-server/sql/sql_prepare.h,"(180, 47)-(180, 55)","b'operator delete(void *, size_t) noexcept'"
sql,../repos/mysql-server/sql/sql_prepare.h,"(185, 51)-(185, 59)","b'operator delete(\n      void *, MEM_ROOT *, co...'"
sql,../repos/mysql-server/sql/item_sum.h,"(2200, 29)-(2200, 37)",b'has_distinct() const noexcept'
sql,../repos/mysql-server/sql/item_sum.h,"(2201, 43)-(2201, 51)",b'get_separator_str() const noexcept'
sql,../repos/mysql-server/sql/item_sum.h,"(2202, 45)-(2202, 53)",b'get_group_concat_max_len() const noexcept'
sql,../repos/mysql-server/sql/item_sum.h,"(2205, 56)-(2205, 64)",b'get_order_array() const noexcept'
sql,../repos/mysql-server/sql/mdl.h,"(828, 62)-(828, 70)","b'operator new(size_t size, MEM_ROOT *mem_root,...'"
sql,../repos/mysql-server/sql/mdl.h,"(833, 55)-(833, 63)","b'operator delete(void *, MEM_ROOT *,\n         ...'"
sql,../repos/mysql-server/sql/dd/impl/types/weak_object_impl.h,"(53, 61)-(53, 69)","b'operator new(size_t size, const std::nothrow_...'"
sql,../repos/mysql-server/sql/dd/impl/types/weak_object_impl.h,"(62, 61)-(62, 69)","b'operator delete(void *ptr, const std::nothrow...'"
sql,../repos/mysql-server/sql/dd/impl/types/weak_object_impl.h,"(69, 35)-(69, 43)",b'operator new(size_t size) noexcept'
sql,../repos/mysql-server/sql/dd/impl/types/weak_object_impl.h,"(78, 35)-(78, 43)",b'operator delete(void *ptr) noexcept'
sql,../repos/mysql-server/sql/log_event.h,"(1292, 39)-(1292, 47)",b'Query_log_event(Query_log_event &&) noexcept'
sql,../repos/mysql-server/sql/log_event.h,"(1293, 50)-(1293, 58)",b'operator=(Query_log_event &&) noexcept'
sql,../repos/mysql-server/sql/log_event.h,"(1605, 41)-(1605, 49)",b'Intvar_log_event(Intvar_log_event &&) noexcept'
sql,../repos/mysql-server/sql/log_event.h,"(1606, 52)-(1606, 60)",b'operator=(Intvar_log_event &&) noexcept'
sql,../repos/mysql-server/sql/log_event.h,"(1678, 37)-(1678, 45)",b'Rand_log_event(Rand_log_event &&) noexcept'
sql,../repos/mysql-server/sql/log_event.h,"(1679, 48)-(1679, 56)",b'operator=(Rand_log_event &&) noexcept'
sql,../repos/mysql-server/sql/log_event.h,"(1774, 35)-(1774, 43)",b'Xid_log_event(Xid_log_event &&) noexcept'
sql,../repos/mysql-server/sql/log_event.h,"(1775, 46)-(1775, 54)",b'operator=(Xid_log_event &&) noexcept'
sql,../repos/mysql-server/sql/log_event.h,"(1886, 45)-(1886, 53)",b'User_var_log_event(User_var_log_event &&) noexcept'
sql,../repos/mysql-server/sql/log_event.h,"(1887, 56)-(1887, 64)",b'operator=(User_var_log_event &&) noexcept'
sql,../repos/mysql-server/sql/log_event.h,"(1955, 37)-(1955, 45)",b'Stop_log_event(Stop_log_event &&) noexcept'
sql,../repos/mysql-server/sql/log_event.h,"(1956, 48)-(1956, 56)",b'operator=(Stop_log_event &&) noexcept'
sql,../repos/mysql-server/sql/log_event.h,"(2031, 41)-(2031, 49)",b'Rotate_log_event(Rotate_log_event &&) noexcept'
sql,../repos/mysql-server/sql/log_event.h,"(2032, 52)-(2032, 60)",b'operator=(Rotate_log_event &&) noexcept'
sql,../repos/mysql-server/sql/log_event.h,"(2096, 53)-(2096, 61)",b'Append_block_log_event(Append_block_log_event...'
sql,../repos/mysql-server/sql/log_event.h,"(2097, 64)-(2097, 72)",b'operator=(Append_block_log_event &&) noexcept'
sql,../repos/mysql-server/sql/log_event.h,"(2168, 51)-(2168, 59)",b'Delete_file_log_event(Delete_file_log_event &...'
sql,../repos/mysql-server/sql/log_event.h,"(2169, 62)-(2169, 70)",b'operator=(Delete_file_log_event &&) noexcept'
sql,../repos/mysql-server/sql/log_event.h,"(2246, 61)-(2246, 69)",b'Begin_load_query_log_event(Begin_load_query_l...'
sql,../repos/mysql-server/sql/log_event.h,"(2248, 38)-(2248, 46)",b'operator=(\n      Begin_load_query_log_event &...'
sql,../repos/mysql-server/sql/log_event.h,"(2379, 43)-(2379, 51)",b'Unknown_log_event(Unknown_log_event &&) noexcept'
sql,../repos/mysql-server/sql/log_event.h,"(2380, 54)-(2380, 62)",b'operator=(Unknown_log_event &&) noexcept'
sql,../repos/mysql-server/sql/log_event.h,"(2433, 47)-(2433, 55)",b'Table_map_log_event(Table_map_log_event &&) n...'
sql,../repos/mysql-server/sql/log_event.h,"(2434, 58)-(2434, 66)",b'operator=(Table_map_log_event &&) noexcept'
sql,../repos/mysql-server/sql/log_event.h,"(2773, 37)-(2773, 45)",b'Rows_log_event(Rows_log_event &&) noexcept'
sql,../repos/mysql-server/sql/log_event.h,"(2774, 48)-(2774, 56)",b'operator=(Rows_log_event &&) noexcept'
sql,../repos/mysql-server/sql/log_event.h,"(3598, 45)-(3598, 53)",b'Incident_log_event(Incident_log_event &&) noexcept'
sql,../repos/mysql-server/sql/log_event.h,"(3599, 56)-(3599, 64)",b'operator=(Incident_log_event &&) noexcept'
sql,../repos/mysql-server/sql/log_event.h,"(3701, 47)-(3701, 55)",b'Ignorable_log_event(Ignorable_log_event &&) n...'
sql,../repos/mysql-server/sql/log_event.h,"(3702, 58)-(3702, 66)",b'operator=(Ignorable_log_event &&) noexcept'
sql,../repos/mysql-server/sql/log_event.h,"(3956, 37)-(3956, 45)",b'Gtid_log_event(Gtid_log_event &&) noexcept'
sql,../repos/mysql-server/sql/log_event.h,"(3957, 48)-(3957, 56)",b'operator=(Gtid_log_event &&) noexcept'
sql,../repos/mysql-server/sql/log_event.h,"(4204, 57)-(4204, 65)",b'Previous_gtids_log_event(Previous_gtids_log_e...'
sql,../repos/mysql-server/sql/log_event.h,"(4205, 68)-(4205, 76)",b'operator=(Previous_gtids_log_event &&) noexcept'
sql,../repos/mysql-server/sql/log_event.h,"(4480, 51)-(4480, 59)",b'View_change_log_event(View_change_log_event &...'
sql,../repos/mysql-server/sql/log_event.h,"(4481, 62)-(4481, 70)",b'operator=(View_change_log_event &&) noexcept'
sql,../repos/mysql-server/sql/resource_blocker.h,"(157, 22)-(157, 30)",b'User(User &&other) noexcept'
sql,../repos/mysql-server/sql/resource_blocker.h,"(179, 33)-(179, 41)",b'operator=(User &&other) noexcept'
sql,../repos/mysql-server/sql/resource_blocker.h,"(240, 28)-(240, 36)",b'Blocker(Blocker &&other) noexcept'
sql,../repos/mysql-server/sql/resource_blocker.h,"(263, 39)-(263, 47)",b'operator=(Blocker &&other) noexcept'
sql,../repos/mysql-server/sql/sql_table.h,"(150, 45)-(150, 53)",b'Table_ddl_hton_notification_guard(\n      THD ...'
sql,../repos/mysql-server/sql/sql_table.h,"(160, 31)-(160, 39)",b'notify() noexcept'
sql,../repos/mysql-server/sql/auth/partial_revokes.cc,"(241, 61)-(241, 69)",b'DB_restrictions::remove(const ulong remove_re...'
sql,../repos/mysql-server/sql/auth/partial_revokes.cc,"(689, 33)-(689, 41)",b'DB_restrictions_aggregator::check_db_access_a...'
sql,../repos/mysql-server/sql/auth/partial_revokes.cc,"(713, 66)-(713, 74)",b'DB_restrictions_aggregator::set_if_db_level_o...'
sql,../repos/mysql-server/sql/auth/partial_revokes.h,"(110, 47)-(110, 55)","b'remove(const ulong remove_restrictions,\n     ...'"
sql,../repos/mysql-server/sql/auth/partial_revokes.h,"(294, 35)-(294, 43)",b'check_db_access_and_restrictions_collision(\n ...'
sql,../repos/mysql-server/sql/auth/partial_revokes.h,"(296, 65)-(296, 73)",b'set_if_db_level_operation(const ulong request...'
sql,../repos/mysql-server/sql/parse_tree_node_base.h,"(247, 62)-(247, 70)","b'operator new(size_t size, MEM_ROOT *mem_root,...'"
sql,../repos/mysql-server/sql/parse_tree_node_base.h,"(255, 55)-(255, 63)","b'operator delete(void *, MEM_ROOT *,\n         ...'"
sql,../repos/mysql-server/sql/handler.h,"(7354, 52)-(7354, 60)",b'ha_secondary_engine_supports_ddl(\n    THD *th...'
sql,../repos/mysql-server/sql/memory/unique_ptr.h,"(84, 46)-(84, 54)",b'PFS_allocator(PFS_allocator<U> const &rhs) no...'
sql,../repos/mysql-server/sql/memory/unique_ptr.h,"(91, 41)-(91, 49)",b'PFS_allocator(PFS_allocator<U> &&rhs) noexcept'
sql,../repos/mysql-server/sql/memory/unique_ptr.h,"(113, 40)-(113, 48)","b'deallocate(T *p, std::size_t n) noexcept'"
sql,../repos/mysql-server/sql/memory/unique_ptr.h,"(487, 70)-(487, 78)",b'memory::PFS_allocator<T>::PFS_allocator(PFS_a...'
sql,../repos/mysql-server/sql/memory/unique_ptr.h,"(492, 65)-(492, 73)",b'memory::PFS_allocator<T>::PFS_allocator(PFS_a...'
sql,../repos/mysql-server/sql/memory/unique_ptr.h,"(513, 62)-(513, 70)","b'memory::PFS_allocator<T>::deallocate(T *p, st...'"
sql,../repos/mysql-server/sql/histograms/table_histograms.cc,"(43, 68)-(43, 76)",b'Table_histograms::create(PSI_memory_key psi_k...'
sql,../repos/mysql-server/sql/histograms/table_histograms.h,"(156, 59)-(156, 67)",b'create(PSI_memory_key psi_key) noexcept'
sql,../repos/mysql-server/sql/gis/buffer.h,"(63, 48)-(63, 56)",b'buffer(const dd::Spatial_reference_system *sr...'
sql,../repos/mysql-server/sql/gis/frechet_distance.cc,"(76, 38)-(76, 46)",b'frechet_distance(const dd::Spatial_reference_...'
sql,../repos/mysql-server/sql/gis/distance_sphere.cc,"(148, 57)-(148, 65)",b'distance_sphere(const dd::Spatial_reference_s...'
sql,../repos/mysql-server/sql/gis/union.cc,"(39, 67)-(39, 75)",b'union_(const dd::Spatial_reference_system *sr...'
sql,../repos/mysql-server/sql/gis/geometries_cs.h,"(97, 16)-(97, 24)",b'clear() noexcept override'
sql,../repos/mysql-server/sql/gis/geometries_cs.h,"(106, 20)-(106, 28)",b'begin() noexcept'
sql,../repos/mysql-server/sql/gis/geometries_cs.h,"(107, 32)-(107, 40)",b'begin() const noexcept'
sql,../repos/mysql-server/sql/gis/geometries_cs.h,"(109, 18)-(109, 26)",b'end() noexcept'
sql,../repos/mysql-server/sql/gis/geometries_cs.h,"(110, 30)-(110, 38)",b'end() const noexcept'
sql,../repos/mysql-server/sql/gis/geometries_cs.h,"(151, 16)-(151, 24)",b'clear() noexcept override'
sql,../repos/mysql-server/sql/gis/geometries_cs.h,"(160, 20)-(160, 28)",b'begin() noexcept'
sql,../repos/mysql-server/sql/gis/geometries_cs.h,"(161, 32)-(161, 40)",b'begin() const noexcept'
sql,../repos/mysql-server/sql/gis/geometries_cs.h,"(163, 18)-(163, 26)",b'end() noexcept'
sql,../repos/mysql-server/sql/gis/geometries_cs.h,"(164, 30)-(164, 38)",b'end() const noexcept'
sql,../repos/mysql-server/sql/gis/geometries_cs.h,"(193, 16)-(193, 24)",b'clear() noexcept override'
sql,../repos/mysql-server/sql/gis/geometries_cs.h,"(239, 16)-(239, 24)",b'clear() noexcept override'
sql,../repos/mysql-server/sql/gis/geometries_cs.h,"(387, 67)-(387, 75)",b'Cartesian_geometrycollection(Cartesian_geomet...'
sql,../repos/mysql-server/sql/gis/geometries_cs.h,"(416, 16)-(416, 24)",b'clear() noexcept override'
sql,../repos/mysql-server/sql/gis/geometries_cs.h,"(418, 20)-(418, 28)",b'begin() noexcept'
sql,../repos/mysql-server/sql/gis/geometries_cs.h,"(419, 32)-(419, 40)",b'begin() const noexcept'
sql,../repos/mysql-server/sql/gis/geometries_cs.h,"(421, 18)-(421, 26)",b'end() noexcept'
sql,../repos/mysql-server/sql/gis/geometries_cs.h,"(422, 30)-(422, 38)",b'end() const noexcept'
sql,../repos/mysql-server/sql/gis/geometries_cs.h,"(450, 69)-(450, 77)",b'Geographic_geometrycollection(Geographic_geom...'
sql,../repos/mysql-server/sql/gis/geometries_cs.h,"(479, 16)-(479, 24)",b'clear() noexcept override'
sql,../repos/mysql-server/sql/gis/geometries_cs.h,"(481, 20)-(481, 28)",b'begin() noexcept'
sql,../repos/mysql-server/sql/gis/geometries_cs.h,"(482, 32)-(482, 40)",b'begin() const noexcept'
sql,../repos/mysql-server/sql/gis/geometries_cs.h,"(484, 18)-(484, 26)",b'end() noexcept'
sql,../repos/mysql-server/sql/gis/geometries_cs.h,"(485, 30)-(485, 38)",b'end() const noexcept'
sql,../repos/mysql-server/sql/gis/geometries_cs.h,"(530, 16)-(530, 24)",b'clear() noexcept override'
sql,../repos/mysql-server/sql/gis/geometries_cs.h,"(532, 20)-(532, 28)",b'begin() noexcept'
sql,../repos/mysql-server/sql/gis/geometries_cs.h,"(533, 32)-(533, 40)",b'begin() const noexcept'
sql,../repos/mysql-server/sql/gis/geometries_cs.h,"(535, 18)-(535, 26)",b'end() noexcept'
sql,../repos/mysql-server/sql/gis/geometries_cs.h,"(536, 30)-(536, 38)",b'end() const noexcept'
sql,../repos/mysql-server/sql/gis/geometries_cs.h,"(580, 16)-(580, 24)",b'clear() noexcept override'
sql,../repos/mysql-server/sql/gis/geometries_cs.h,"(582, 20)-(582, 28)",b'begin() noexcept'
sql,../repos/mysql-server/sql/gis/geometries_cs.h,"(583, 32)-(583, 40)",b'begin() const noexcept'
sql,../repos/mysql-server/sql/gis/geometries_cs.h,"(585, 18)-(585, 26)",b'end() noexcept'
sql,../repos/mysql-server/sql/gis/geometries_cs.h,"(586, 30)-(586, 38)",b'end() const noexcept'
sql,../repos/mysql-server/sql/gis/geometries_cs.h,"(632, 16)-(632, 24)",b'clear() noexcept override'
sql,../repos/mysql-server/sql/gis/geometries_cs.h,"(637, 20)-(637, 28)",b'begin() noexcept'
sql,../repos/mysql-server/sql/gis/geometries_cs.h,"(638, 32)-(638, 40)",b'begin() const noexcept'
sql,../repos/mysql-server/sql/gis/geometries_cs.h,"(640, 18)-(640, 26)",b'end() noexcept'
sql,../repos/mysql-server/sql/gis/geometries_cs.h,"(641, 30)-(641, 38)",b'end() const noexcept'
sql,../repos/mysql-server/sql/gis/geometries_cs.h,"(691, 16)-(691, 24)",b'clear() noexcept override'
sql,../repos/mysql-server/sql/gis/geometries_cs.h,"(696, 20)-(696, 28)",b'begin() noexcept'
sql,../repos/mysql-server/sql/gis/geometries_cs.h,"(697, 32)-(697, 40)",b'begin() const noexcept'
sql,../repos/mysql-server/sql/gis/geometries_cs.h,"(699, 18)-(699, 26)",b'end() noexcept'
sql,../repos/mysql-server/sql/gis/geometries_cs.h,"(700, 30)-(700, 38)",b'end() const noexcept'
sql,../repos/mysql-server/sql/gis/geometries_cs.h,"(750, 16)-(750, 24)",b'clear() noexcept override'
sql,../repos/mysql-server/sql/gis/geometries_cs.h,"(752, 20)-(752, 28)",b'begin() noexcept'
sql,../repos/mysql-server/sql/gis/geometries_cs.h,"(753, 32)-(753, 40)",b'begin() const noexcept'
sql,../repos/mysql-server/sql/gis/geometries_cs.h,"(755, 18)-(755, 26)",b'end() noexcept'
sql,../repos/mysql-server/sql/gis/geometries_cs.h,"(756, 30)-(756, 38)",b'end() const noexcept'
sql,../repos/mysql-server/sql/gis/geometries_cs.h,"(804, 16)-(804, 24)",b'clear() noexcept override'
sql,../repos/mysql-server/sql/gis/geometries_cs.h,"(806, 20)-(806, 28)",b'begin() noexcept'
sql,../repos/mysql-server/sql/gis/geometries_cs.h,"(807, 32)-(807, 40)",b'begin() const noexcept'
sql,../repos/mysql-server/sql/gis/geometries_cs.h,"(809, 18)-(809, 26)",b'end() noexcept'
sql,../repos/mysql-server/sql/gis/geometries_cs.h,"(810, 30)-(810, 38)",b'end() const noexcept'
sql,../repos/mysql-server/sql/gis/difference.cc,"(37, 52)-(37, 60)",b'difference(const dd::Spatial_reference_system...'
sql,../repos/mysql-server/sql/gis/area.cc,"(79, 69)-(79, 77)","b'area(const dd::Spatial_reference_system *srs,...'"
sql,../repos/mysql-server/sql/gis/crosses.cc,"(870, 26)-(870, 34)",b'crosses(const dd::Spatial_reference_system *s...'
sql,../repos/mysql-server/sql/gis/is_simple.h,"(50, 72)-(50, 80)",b'is_simple(const dd::Spatial_reference_system ...'
sql,../repos/mysql-server/sql/gis/transform.h,"(52, 71)-(52, 79)",b'transform(const dd::Spatial_reference_system ...'
sql,../repos/mysql-server/sql/gis/setops.h,"(52, 52)-(52, 60)",b'difference(const dd::Spatial_reference_system...'
sql,../repos/mysql-server/sql/gis/setops.h,"(67, 55)-(67, 63)",b'symdifference(const dd::Spatial_reference_sys...'
sql,../repos/mysql-server/sql/gis/setops.h,"(83, 67)-(83, 75)",b'union_(const dd::Spatial_reference_system *sr...'
sql,../repos/mysql-server/sql/gis/setops.h,"(98, 54)-(98, 62)",b'intersection(const dd::Spatial_reference_syst...'
sql,../repos/mysql-server/sql/gis/symdifference.cc,"(37, 55)-(37, 63)",b'symdifference(const dd::Spatial_reference_sys...'
sql,../repos/mysql-server/sql/gis/distance.h,"(54, 68)-(54, 76)",b'distance(const dd::Spatial_reference_system *...'
sql,../repos/mysql-server/sql/gis/touches.cc,"(1230, 26)-(1230, 34)",b'touches(const dd::Spatial_reference_system *s...'
sql,../repos/mysql-server/sql/gis/touches.cc,"(1257, 30)-(1257, 38)",b'mbr_touches(const dd::Spatial_reference_syste...'
sql,../repos/mysql-server/sql/gis/is_simple.cc,"(148, 35)-(148, 43)",b'is_simple(const dd::Spatial_reference_system ...'
sql,../repos/mysql-server/sql/gis/disjoint.cc,"(647, 27)-(647, 35)",b'disjoint(const dd::Spatial_reference_system *...'
sql,../repos/mysql-server/sql/gis/disjoint.cc,"(671, 31)-(671, 39)",b'mbr_disjoint(const dd::Spatial_reference_syst...'
sql,../repos/mysql-server/sql/gis/is_valid.cc,"(95, 54)-(95, 62)",b'is_valid(const dd::Spatial_reference_system *...'
sql,../repos/mysql-server/sql/gis/is_valid.h,"(49, 54)-(49, 62)",b'is_valid(const dd::Spatial_reference_system *...'
sql,../repos/mysql-server/sql/gis/covered_by.cc,"(88, 33)-(88, 41)",b'mbr_covered_by(const dd::Spatial_reference_sy...'
sql,../repos/mysql-server/sql/gis/within.cc,"(1348, 25)-(1348, 33)",b'within(const dd::Spatial_reference_system *sr...'
sql,../repos/mysql-server/sql/gis/within.cc,"(1372, 29)-(1372, 37)",b'mbr_within(const dd::Spatial_reference_system...'
sql,../repos/mysql-server/sql/gis/length.h,"(46, 43)-(46, 51)",b'length(const dd::Spatial_reference_system *sr...'
sql,../repos/mysql-server/sql/gis/intersects.cc,"(641, 29)-(641, 37)",b'intersects(const dd::Spatial_reference_system...'
sql,../repos/mysql-server/sql/gis/intersects.cc,"(665, 33)-(665, 41)",b'mbr_intersects(const dd::Spatial_reference_sy...'
sql,../repos/mysql-server/sql/gis/overlaps.cc,"(812, 27)-(812, 35)",b'overlaps(const dd::Spatial_reference_system *...'
sql,../repos/mysql-server/sql/gis/overlaps.cc,"(839, 31)-(839, 39)",b'mbr_overlaps(const dd::Spatial_reference_syst...'
sql,../repos/mysql-server/sql/gis/area.h,"(51, 69)-(51, 77)","b'area(const dd::Spatial_reference_system *srs,...'"
sql,../repos/mysql-server/sql/gis/distance.cc,"(40, 68)-(40, 76)",b'distance(const dd::Spatial_reference_system *...'
sql,../repos/mysql-server/sql/gis/relops.h,"(55, 26)-(55, 34)",b'crosses(const dd::Spatial_reference_system *s...'
sql,../repos/mysql-server/sql/gis/relops.h,"(76, 27)-(76, 35)",b'disjoint(const dd::Spatial_reference_system *...'
sql,../repos/mysql-server/sql/gis/relops.h,"(97, 25)-(97, 33)",b'equals(const dd::Spatial_reference_system *sr...'
sql,../repos/mysql-server/sql/gis/relops.h,"(118, 29)-(118, 37)",b'intersects(const dd::Spatial_reference_system...'
sql,../repos/mysql-server/sql/gis/relops.h,"(140, 33)-(140, 41)",b'mbr_covered_by(const dd::Spatial_reference_sy...'
sql,../repos/mysql-server/sql/gis/relops.h,"(162, 31)-(162, 39)",b'mbr_disjoint(const dd::Spatial_reference_syst...'
sql,../repos/mysql-server/sql/gis/relops.h,"(184, 29)-(184, 37)",b'mbr_equals(const dd::Spatial_reference_system...'
sql,../repos/mysql-server/sql/gis/relops.h,"(206, 33)-(206, 41)",b'mbr_intersects(const dd::Spatial_reference_sy...'
sql,../repos/mysql-server/sql/gis/relops.h,"(228, 31)-(228, 39)",b'mbr_overlaps(const dd::Spatial_reference_syst...'
sql,../repos/mysql-server/sql/gis/relops.h,"(250, 30)-(250, 38)",b'mbr_touches(const dd::Spatial_reference_syste...'
sql,../repos/mysql-server/sql/gis/relops.h,"(272, 29)-(272, 37)",b'mbr_within(const dd::Spatial_reference_system...'
sql,../repos/mysql-server/sql/gis/relops.h,"(293, 27)-(293, 35)",b'overlaps(const dd::Spatial_reference_system *...'
sql,../repos/mysql-server/sql/gis/relops.h,"(314, 26)-(314, 34)",b'touches(const dd::Spatial_reference_system *s...'
sql,../repos/mysql-server/sql/gis/relops.h,"(335, 25)-(335, 33)",b'within(const dd::Spatial_reference_system *sr...'
sql,../repos/mysql-server/sql/gis/distance_sphere.h,"(56, 57)-(56, 65)",b'distance_sphere(const dd::Spatial_reference_s...'
sql,../repos/mysql-server/sql/gis/hausdorff_distance.cc,"(137, 40)-(137, 48)",b'hausdorff_distance(const dd::Spatial_referenc...'
sql,../repos/mysql-server/sql/gis/transform.cc,"(218, 71)-(218, 79)",b'transform(const dd::Spatial_reference_system ...'
sql,../repos/mysql-server/sql/gis/intersection.cc,"(37, 54)-(37, 62)",b'intersection(const dd::Spatial_reference_syst...'
sql,../repos/mysql-server/sql/gis/geometries.h,"(295, 24)-(295, 32)",b'clear() noexcept'
sql,../repos/mysql-server/sql/gis/geometries.h,"(454, 24)-(454, 32)",b'clear() noexcept'
sql,../repos/mysql-server/sql/gis/equals.cc,"(741, 25)-(741, 33)",b'equals(const dd::Spatial_reference_system *sr...'
sql,../repos/mysql-server/sql/gis/equals.cc,"(774, 29)-(774, 37)",b'mbr_equals(const dd::Spatial_reference_system...'
sql,../repos/mysql-server/sql/gis/length.cc,"(76, 41)-(76, 49)",b'length(const dd::Spatial_reference_system *sr...'
sql,../repos/mysql-server/sql/gis/simplify.cc,"(133, 50)-(133, 58)",b'simplify(const dd::Spatial_reference_system *...'
sql,../repos/mysql-server/sql/gis/frechet_distance.h,"(51, 35)-(51, 43)",b'frechet_distance(const dd::Spatial_reference_...'
sql,../repos/mysql-server/sql/gis/line_interpolate.cc,"(93, 48)-(93, 56)",b'line_interpolate_point(const dd::Spatial_refe...'
sql,../repos/mysql-server/sql/gis/buffer.cc,"(322, 48)-(322, 56)",b'buffer(const dd::Spatial_reference_system *sr...'
sql,../repos/mysql-server/sql/gis/hausdorff_distance.h,"(51, 37)-(51, 45)",b'hausdorff_distance(const dd::Spatial_referenc...'
sql,../repos/mysql-server/sql/gis/simplify.h,"(51, 50)-(51, 58)",b'simplify(const dd::Spatial_reference_system *...'
sql,../repos/mysql-server/sql/gis/line_interpolate.h,"(58, 48)-(58, 56)",b'line_interpolate_point(const dd::Spatial_refe...'
sql,../repos/mysql-server/sql/sql_lex.h,"(4819, 42)-(4819, 50)",b'operator new(size_t size) noexcept'
sql,../repos/mysql-server/sql/sql_lex.h,"(4824, 62)-(4824, 70)","b'operator new(size_t size, MEM_ROOT *mem_root,...'"
sql,../repos/mysql-server/sql/sql_lex.h,"(4832, 51)-(4832, 59)","b'operator delete(\n      void *, MEM_ROOT *, co...'"
