Repo name,File name,Location,Content
sql,../repos/mysql-server/sql/sql_tmp_table.cc,"(937, 3)-(941, 4)",b'try {\n    param->copy_fields.reserve(field_co...'
sql,../repos/mysql-server/sql/rpl_rli.cc,"(2726, 3)-(2774, 4)",b'try {\n    if (master_param->pos) {\n      Unti...'
sql,../repos/mysql-server/sql/sql_view.cc,"(1563, 5)-(1569, 6)",b'try {\n      assert(thd->stmt_arena->mem_root)...'
sql,../repos/mysql-server/sql/field.cc,"(9902, 3)-(10027, 4)",b'try {\n    // How to store values\n    switch (...'
sql,../repos/mysql-server/sql/rpl_gtid_tsid_map.cc,"(106, 3)-(128, 4)",b'try {\n    auto insert_result = _tsid_to_sidno...'
sql,../repos/mysql-server/sql/stateless_allocator.h,"(132, 5)-(136, 6)",b'try {\n      ::new ((void *)p) U(std::forward<...'
sql,../repos/mysql-server/sql/stateless_allocator.h,"(141, 5)-(145, 6)",b'try {\n      p->~T();\n    } catch (...) {\n    ...'
sql,../repos/mysql-server/sql/handler.cc,"(7911, 5)-(7945, 6)",b'try {\n      MY_BITMAP save_read_set;\n      MY...'
sql,../repos/mysql-server/sql/spatial.h,"(2029, 5)-(2037, 6)",b'try {\n#endif\n      if (!is_bg_adapter()) retu...'
sql,../repos/mysql-server/sql/binlog/decompressing_event_object_istream.h,"(280, 5)-(286, 6)",b'try {\n      m_buffer_istream = std::make_uniq...'
sql,../repos/mysql-server/sql/server_component/mysql_thd_store_imp.cc,"(126, 3)-(137, 4)",b'try {\n    if (g_thd_store_data_service == nul...'
sql,../repos/mysql-server/sql/server_component/mysql_thd_store_imp.cc,"(142, 3)-(150, 4)",b'try {\n    if (g_thd_store_data_service == nul...'
sql,../repos/mysql-server/sql/server_component/mysql_thd_store_imp.cc,"(155, 3)-(162, 4)",b'try {\n    if (slot == nullptr) return true;\n ...'
sql,../repos/mysql-server/sql/server_component/mysql_thd_store_imp.cc,"(167, 3)-(174, 4)",b'try {\n    if (slot == nullptr) return nullptr...'
sql,../repos/mysql-server/sql/server_component/system_variable_source_imp.cc,"(42, 3)-(46, 4)","b'try {\n    return get_sysvar_source(name, leng...'"
sql,../repos/mysql-server/sql/server_component/component_sys_var_service.cc,"(125, 3)-(452, 4)",b'try {\n    struct sys_var_chain chain = {nullp...'
sql,../repos/mysql-server/sql/server_component/component_sys_var_service.cc,"(530, 3)-(546, 4)",b'try {\n    // all of the non-prefixed variable...'
sql,../repos/mysql-server/sql/server_component/component_sys_var_service.cc,"(552, 3)-(609, 4)",b'try {\n    int result = 0;\n    String com_sys_...'
sql,../repos/mysql-server/sql/server_component/dynamic_loader_service_notification_imp.cc,"(31, 3)-(40, 4)",b'try {\n    if (g_event_channels) {\n      for (...'
sql,../repos/mysql-server/sql/server_component/dynamic_loader_service_notification_imp.cc,"(46, 3)-(60, 4)",b'try {\n    bool no_op = true;\n    if (g_event_...'
sql,../repos/mysql-server/sql/server_component/mysql_string_service.cc,"(86, 3)-(92, 4)",b'try {\n    String *res = new String[1];\n    *o...'
sql,../repos/mysql-server/sql/server_component/mysql_string_service.cc,"(98, 3)-(117, 4)",b'try {\n    String *str = reinterpret_cast<Stri...'
sql,../repos/mysql-server/sql/server_component/mysql_string_service.cc,"(123, 3)-(142, 4)",b'try {\n    String *str = reinterpret_cast<Stri...'
sql,../repos/mysql-server/sql/server_component/mysql_string_service.cc,"(152, 3)-(165, 4)",b'try {\n    if (in_buffer == nullptr || length ...'
sql,../repos/mysql-server/sql/server_component/mysql_string_service.cc,"(173, 3)-(191, 4)",b'try {\n    String *str = reinterpret_cast<Stri...'
sql,../repos/mysql-server/sql/server_component/mysql_string_service.cc,"(200, 3)-(212, 4)",b'try {\n    assert(dest_string != nullptr);\n   ...'
sql,../repos/mysql-server/sql/server_component/mysql_string_service.cc,"(219, 3)-(236, 4)",b'try {\n    assert(src_string != nullptr);\n    ...'
sql,../repos/mysql-server/sql/server_component/mysql_string_service.cc,"(241, 3)-(248, 4)",b'try {\n    String *str = reinterpret_cast<Stri...'
sql,../repos/mysql-server/sql/server_component/mysql_string_service.cc,"(253, 3)-(267, 4)",b'try {\n    String *str = reinterpret_cast<Stri...'
sql,../repos/mysql-server/sql/server_component/mysql_string_service.cc,"(273, 3)-(280, 4)",b'try {\n    String *str = reinterpret_cast<Stri...'
sql,../repos/mysql-server/sql/server_component/mysql_string_service.cc,"(286, 3)-(296, 4)",b'try {\n    String *str = reinterpret_cast<Stri...'
sql,../repos/mysql-server/sql/server_component/mysql_string_service.cc,"(302, 3)-(309, 4)",b'try {\n    String *str = reinterpret_cast<Stri...'
sql,../repos/mysql-server/sql/server_component/mysql_string_service.cc,"(315, 3)-(328, 4)",b'try {\n    String *str = reinterpret_cast<Stri...'
sql,../repos/mysql-server/sql/server_component/mysql_string_service.cc,"(334, 3)-(361, 4)","b'try {\n    int char_len, tmp_len;\n    st_strin...'"
sql,../repos/mysql-server/sql/server_component/mysql_string_service.cc,"(367, 3)-(372, 4)",b'try {\n    if (iter == nullptr) return;\n    my...'
sql,../repos/mysql-server/sql/server_component/mysql_string_service.cc,"(377, 3)-(384, 4)",b'try {\n    st_string_iterator *iterator = (st_...'
sql,../repos/mysql-server/sql/server_component/mysql_string_service.cc,"(390, 3)-(397, 4)",b'try {\n    st_string_iterator *iterator = (st_...'
sql,../repos/mysql-server/sql/server_component/mysql_string_service.cc,"(403, 3)-(410, 4)",b'try {\n    st_string_iterator *iterator = (st_...'
sql,../repos/mysql-server/sql/server_component/mysql_string_service.cc,"(416, 3)-(424, 4)",b'try {\n    if (out == nullptr) return true;\n  ...'
sql,../repos/mysql-server/sql/server_component/mysql_string_service.cc,"(429, 3)-(436, 4)",b'try {\n    String *str = from_api(s);\n    asse...'
sql,../repos/mysql-server/sql/server_component/mysql_string_service.cc,"(441, 3)-(450, 4)",b'try {\n    String *str1 = from_api(s1);\n    St...'
sql,../repos/mysql-server/sql/server_component/mysql_string_service.cc,"(458, 3)-(468, 4)",b'try {\n    String *in_str_obj = from_api(in_st...'
sql,../repos/mysql-server/sql/server_component/mysql_string_service.cc,"(474, 3)-(485, 4)",b'try {\n    String *str1 = from_api(s1);\n    St...'
sql,../repos/mysql-server/sql/server_component/mysql_string_service.cc,"(492, 3)-(506, 4)",b'try {\n    const String *str = from_api(s);\n  ...'
sql,../repos/mysql-server/sql/server_component/mysql_current_thread_reader_imp.cc,"(40, 3)-(44, 4)",b'try {\n    if (thd) *thd = static_cast<MYSQL_T...'
sql,../repos/mysql-server/sql/server_component/mysql_command_services_imp.cc,"(62, 3)-(77, 4)",b'try {\n    Mysql_handle *mysql_handle = (Mysql...'
sql,../repos/mysql-server/sql/server_component/mysql_command_services_imp.cc,"(111, 3)-(138, 4)",b'try {\n    Mysql_handle *m_handle = reinterpre...'
sql,../repos/mysql-server/sql/server_component/mysql_command_services_imp.cc,"(151, 3)-(159, 4)",b'try {\n    Mysql_handle *m_handle = reinterpre...'
sql,../repos/mysql-server/sql/server_component/mysql_command_services_imp.cc,"(246, 3)-(278, 4)",b'try {\n    Mysql_handle *m_handle = reinterpre...'
sql,../repos/mysql-server/sql/server_component/mysql_command_services_imp.cc,"(291, 3)-(299, 4)",b'try {\n    Mysql_handle *m_handle = reinterpre...'
sql,../repos/mysql-server/sql/server_component/mysql_command_services_imp.cc,"(314, 3)-(322, 4)",b'try {\n    Mysql_handle *m_handle = reinterpre...'
sql,../repos/mysql-server/sql/server_component/mysql_command_services_imp.cc,"(334, 3)-(342, 4)",b'try {\n    Mysql_handle *m_handle = reinterpre...'
sql,../repos/mysql-server/sql/server_component/mysql_command_services_imp.cc,"(395, 3)-(723, 4)",b'try {\n    Mysql_handle *m_handle = reinterpre...'
sql,../repos/mysql-server/sql/server_component/mysql_command_services_imp.cc,"(741, 3)-(758, 4)",b'try {\n    Mysql_handle *m_handle = reinterpre...'
sql,../repos/mysql-server/sql/server_component/mysql_command_services_imp.cc,"(777, 3)-(784, 4)",b'try {\n    Mysql_handle *m_handle = reinterpre...'
sql,../repos/mysql-server/sql/server_component/mysql_command_services_imp.cc,"(800, 3)-(810, 4)",b'try {\n    int64_t ret;\n    Mysql_handle *m_ha...'
sql,../repos/mysql-server/sql/server_component/mysql_command_services_imp.cc,"(825, 3)-(843, 4)",b'try {\n    Mysql_handle *m_handle = reinterpre...'
sql,../repos/mysql-server/sql/server_component/mysql_command_services_imp.cc,"(858, 3)-(867, 4)",b'try {\n    Mysql_res_handle *res_h = reinterpr...'
sql,../repos/mysql-server/sql/server_component/mysql_command_services_imp.cc,"(881, 3)-(889, 4)",b'try {\n    Mysql_handle *m_handle = reinterpre...'
sql,../repos/mysql-server/sql/server_component/mysql_command_services_imp.cc,"(903, 3)-(912, 4)",b'try {\n    Mysql_handle *m_handle = reinterpre...'
sql,../repos/mysql-server/sql/server_component/mysql_command_services_imp.cc,"(929, 3)-(938, 4)",b'try {\n    Mysql_res_handle *mysql_res_h = rei...'
sql,../repos/mysql-server/sql/server_component/mysql_command_services_imp.cc,"(953, 3)-(962, 4)",b'try {\n    Mysql_res_handle *mysql_res_h = rei...'
sql,../repos/mysql-server/sql/server_component/mysql_command_services_imp.cc,"(979, 3)-(988, 4)",b'try {\n    Mysql_res_handle *mysql_res_h = rei...'
sql,../repos/mysql-server/sql/server_component/mysql_command_services_imp.cc,"(1005, 3)-(1015, 4)",b'try {\n    Mysql_res_handle *mysql_res_h = rei...'
sql,../repos/mysql-server/sql/server_component/mysql_command_services_imp.cc,"(1029, 3)-(1038, 4)",b'try {\n    Mysql_res_handle *mysql_res_h = rei...'
sql,../repos/mysql-server/sql/server_component/mysql_command_services_imp.cc,"(1052, 3)-(1062, 4)",b'try {\n    Mysql_res_handle *mysql_res_h = rei...'
sql,../repos/mysql-server/sql/server_component/mysql_command_services_imp.cc,"(1077, 3)-(1084, 4)",b'try {\n    Mysql_handle *m_handle = reinterpre...'
sql,../repos/mysql-server/sql/server_component/mysql_command_services_imp.cc,"(1099, 3)-(1106, 4)",b'try {\n    Mysql_handle *m_handle = reinterpre...'
sql,../repos/mysql-server/sql/server_component/mysql_command_services_imp.cc,"(1121, 3)-(1133, 4)",b'try {\n    Mysql_handle *m_handle = reinterpre...'
sql,../repos/mysql-server/sql/server_component/mysql_command_services_imp.cc,"(1148, 3)-(1155, 4)",b'try {\n    Mysql_handle *m_handle = reinterpre...'
sql,../repos/mysql-server/sql/server_component/mysql_command_services_imp.cc,"(1161, 1)-(1179, 2)",b'try {\n  MYSQL_FIELD *fld = reinterpret_cast<M...'
sql,../repos/mysql-server/sql/server_component/mysql_thd_attributes_imp.cc,"(40, 3)-(143, 4)",b'try {\n    if (inout_pvalue) {\n      THD *t = ...'
sql,../repos/mysql-server/sql/server_component/mysql_system_variable_update_imp.cc,"(158, 3)-(176, 4)",b'try {\n    enum_var_type var_type;\n    Set_var...'
sql,../repos/mysql-server/sql/server_component/mysql_system_variable_update_imp.cc,"(209, 3)-(223, 4)",b'try {\n    enum_var_type var_type;\n    Set_var...'
sql,../repos/mysql-server/sql/server_component/mysql_system_variable_update_imp.cc,"(249, 3)-(263, 4)",b'try {\n    enum_var_type var_type;\n    Set_var...'
sql,../repos/mysql-server/sql/server_component/mysql_system_variable_update_imp.cc,"(287, 3)-(299, 4)",b'try {\n    enum_var_type var_type;\n    Set_var...'
sql,../repos/mysql-server/sql/server_component/security_context_imp.cc,"(45, 3)-(51, 4)",b'try {\n    *out_ctx =\n        reinterpret_cast...'
sql,../repos/mysql-server/sql/server_component/security_context_imp.cc,"(69, 3)-(84, 4)",b'try {\n    Security_context *in_sctx = reinter...'
sql,../repos/mysql-server/sql/server_component/security_context_imp.cc,"(99, 3)-(105, 4)",b'try {\n    *out_ctx =\n        reinterpret_cast...'
sql,../repos/mysql-server/sql/server_component/security_context_imp.cc,"(118, 3)-(123, 4)",b'try {\n    delete reinterpret_cast<Security_co...'
sql,../repos/mysql-server/sql/server_component/security_context_imp.cc,"(139, 3)-(151, 4)",b'try {\n    if (out_ctx) {\n      *out_ctx =\n   ...'
sql,../repos/mysql-server/sql/server_component/security_context_imp.cc,"(173, 3)-(205, 4)",b'try {\n    THD *tmp_thd = nullptr;\n    bool re...'
sql,../repos/mysql-server/sql/server_component/security_context_imp.cc,"(237, 3)-(268, 4)",b'try {\n    Security_context *ctx = reinterpret...'
sql,../repos/mysql-server/sql/server_component/security_context_imp.cc,"(299, 3)-(340, 4)",b'try {\n    Security_context *ctx = reinterpret...'
sql,../repos/mysql-server/sql/server_component/mysql_connection_attributes_iterator_imp.cc,"(29, 3)-(42, 4)",b'try {\n    THD *thd;\n    if (opaque_thd != nul...'
sql,../repos/mysql-server/sql/server_component/mysql_connection_attributes_iterator_imp.cc,"(99, 3)-(126, 4)",b'try {\n    THD *thd;\n    if (opaque_thd != nul...'
sql,../repos/mysql-server/sql/server_component/component_status_var_service.cc,"(43, 3)-(49, 4)",b'try {\n    if (add_status_vars(status_var)) re...'
sql,../repos/mysql-server/sql/server_component/component_status_var_service.cc,"(63, 3)-(68, 4)",b'try {\n    remove_status_vars(status_var);\n   ...'
sql,../repos/mysql-server/sql/server_component/mysql_command_consumer_imp.cc,"(41, 3)-(69, 4)",b'try {\n    Dom_ctx *ctx = (Dom_ctx *)my_malloc...'
sql,../repos/mysql-server/sql/server_component/mysql_command_consumer_imp.cc,"(76, 3)-(110, 4)",b'try {\n    Dom_ctx *ctx = reinterpret_cast<Dom...'
sql,../repos/mysql-server/sql/server_component/mysql_command_consumer_imp.cc,"(117, 3)-(144, 4)",b'try {\n    Dom_ctx *ctx = reinterpret_cast<Dom...'
sql,../repos/mysql-server/sql/server_component/mysql_command_consumer_imp.cc,"(155, 3)-(180, 4)",b'try {\n    Dom_ctx *ctx = reinterpret_cast<Dom...'
sql,../repos/mysql-server/sql/server_component/mysql_command_consumer_imp.cc,"(186, 3)-(198, 4)",b'try {\n    Dom_ctx *ctx = reinterpret_cast<Dom...'
sql,../repos/mysql-server/sql/server_component/mysql_command_consumer_imp.cc,"(204, 3)-(211, 4)",b'try {\n    Dom_ctx *ctx = reinterpret_cast<Dom...'
sql,../repos/mysql-server/sql/server_component/mysql_command_consumer_imp.cc,"(220, 3)-(233, 4)",b'try {\n    Dom_ctx *ctx = reinterpret_cast<Dom...'
sql,../repos/mysql-server/sql/server_component/mysql_command_consumer_imp.cc,"(239, 3)-(248, 4)",b'try {\n    Dom_ctx *ctx = reinterpret_cast<Dom...'
sql,../repos/mysql-server/sql/server_component/mysql_command_consumer_imp.cc,"(254, 3)-(264, 4)",b'try {\n    Dom_ctx *ctx = reinterpret_cast<Dom...'
sql,../repos/mysql-server/sql/server_component/mysql_command_consumer_imp.cc,"(270, 3)-(282, 4)",b'try {\n    Dom_ctx *ctx = reinterpret_cast<Dom...'
sql,../repos/mysql-server/sql/server_component/mysql_command_consumer_imp.cc,"(289, 3)-(301, 4)",b'try {\n    Dom_ctx *ctx = reinterpret_cast<Dom...'
sql,../repos/mysql-server/sql/server_component/mysql_command_consumer_imp.cc,"(307, 3)-(321, 4)",b'try {\n    Dom_ctx *ctx = reinterpret_cast<Dom...'
sql,../repos/mysql-server/sql/server_component/mysql_command_consumer_imp.cc,"(327, 3)-(343, 4)",b'try {\n    Dom_ctx *ctx = reinterpret_cast<Dom...'
sql,../repos/mysql-server/sql/server_component/mysql_command_consumer_imp.cc,"(348, 3)-(360, 4)",b'try {\n    Dom_ctx *ctx = reinterpret_cast<Dom...'
sql,../repos/mysql-server/sql/server_component/mysql_command_consumer_imp.cc,"(365, 3)-(377, 4)",b'try {\n    Dom_ctx *ctx = reinterpret_cast<Dom...'
sql,../repos/mysql-server/sql/server_component/mysql_command_consumer_imp.cc,"(382, 3)-(394, 4)",b'try {\n    Dom_ctx *ctx = reinterpret_cast<Dom...'
sql,../repos/mysql-server/sql/server_component/mysql_command_consumer_imp.cc,"(399, 3)-(408, 4)",b'try {\n    Dom_ctx *ctx = reinterpret_cast<Dom...'
sql,../repos/mysql-server/sql/server_component/mysql_command_consumer_imp.cc,"(413, 3)-(420, 4)",b'try {\n    Dom_ctx *ctx = reinterpret_cast<Dom...'
sql,../repos/mysql-server/sql/server_component/mysql_command_consumer_imp.cc,"(426, 3)-(435, 4)",b'try {\n    Dom_ctx *ctx = reinterpret_cast<Dom...'
sql,../repos/mysql-server/sql/server_component/mysql_command_consumer_imp.cc,"(441, 3)-(459, 4)",b'try {\n    Dom_ctx *ctx = reinterpret_cast<Dom...'
sql,../repos/mysql-server/sql/server_component/mysql_command_consumer_imp.cc,"(465, 3)-(480, 4)",b'try {\n    Dom_ctx *ctx = reinterpret_cast<Dom...'
sql,../repos/mysql-server/sql/server_component/dynamic_loader_path_filter.cc,"(59, 3)-(68, 4)",b'try {\n    my_string path;\n\n    if (check_and_...'
sql,../repos/mysql-server/sql/server_component/dynamic_loader_path_filter.cc,"(84, 3)-(92, 4)",b'try {\n    my_string path;\n    if (check_and_m...'
sql,../repos/mysql-server/sql/server_component/event_tracking_information.cc,"(33, 3)-(48, 4)",b'try {\n    THD *thd = current_thd;\n    if (!th...'
sql,../repos/mysql-server/sql/server_component/event_tracking_information.cc,"(70, 3)-(95, 4)",b'try {\n    if (!handle || !name) return true;\n...'
sql,../repos/mysql-server/sql/server_component/event_tracking_information.cc,"(102, 3)-(123, 4)",b'try {\n    if (!handle || !value) return true;...'
sql,../repos/mysql-server/sql/server_component/event_tracking_information.cc,"(129, 3)-(142, 4)",b'try {\n    THD *thd = current_thd;\n    if (!th...'
sql,../repos/mysql-server/sql/server_component/event_tracking_information.cc,"(164, 3)-(184, 4)",b'try {\n    if (!handle || !name) return true;\n...'
sql,../repos/mysql-server/sql/server_component/mysql_status_variable_reader_imp.cc,"(45, 3)-(77, 4)",b'try {\n    char buf[SHOW_VAR_FUNC_BUFF_SIZE + ...'
sql,../repos/mysql-server/sql/server_component/host_application_signal_imp.cc,"(51, 3)-(65, 4)",b'try {\n    switch (signal_no) {\n      case HOS...'
sql,../repos/mysql-server/sql/server_component/mysql_server_event_tracking_bridge_imp.cc,"(861, 3)-(912, 4)",b'try {\n    if (data == nullptr) return false;\n...'
sql,../repos/mysql-server/sql/server_component/mysql_server_event_tracking_bridge_imp.cc,"(917, 3)-(942, 4)",b'try {\n    if (data == nullptr) return false;\n...'
sql,../repos/mysql-server/sql/server_component/mysql_server_event_tracking_bridge_imp.cc,"(947, 3)-(986, 4)",b'try {\n    if (data == nullptr) return false;\n...'
sql,../repos/mysql-server/sql/server_component/mysql_server_event_tracking_bridge_imp.cc,"(991, 3)-(1048, 4)",b'try {\n    if (data == nullptr) return false;\n...'
sql,../repos/mysql-server/sql/server_component/mysql_server_event_tracking_bridge_imp.cc,"(1053, 3)-(1080, 4)",b'try {\n    if (data == nullptr) return false;\n...'
sql,../repos/mysql-server/sql/server_component/mysql_server_event_tracking_bridge_imp.cc,"(1085, 3)-(1118, 4)",b'try {\n    if (data == nullptr) return false;\n...'
sql,../repos/mysql-server/sql/server_component/mysql_server_event_tracking_bridge_imp.cc,"(1123, 3)-(1145, 4)",b'try {\n    if (data == nullptr) return false;\n...'
sql,../repos/mysql-server/sql/server_component/mysql_server_event_tracking_bridge_imp.cc,"(1150, 3)-(1202, 4)",b'try {\n    if (data == nullptr) return false;\n...'
sql,../repos/mysql-server/sql/server_component/mysql_server_event_tracking_bridge_imp.cc,"(1207, 3)-(1263, 4)",b'try {\n    if (data == nullptr) return false;\n...'
sql,../repos/mysql-server/sql/server_component/mysql_server_event_tracking_bridge_imp.cc,"(1268, 3)-(1301, 4)",b'try {\n    if (data == nullptr) return false;\n...'
sql,../repos/mysql-server/sql/server_component/mysql_server_event_tracking_bridge_imp.cc,"(1306, 3)-(1332, 4)",b'try {\n    if (data == nullptr) return false;\n...'
sql,../repos/mysql-server/sql/server_component/mysql_server_event_tracking_bridge_imp.cc,"(1337, 3)-(1371, 4)",b'try {\n    if (data == nullptr) return false;\n...'
sql,../repos/mysql-server/sql/server_component/persistent_dynamic_loader.cc,"(210, 3)-(316, 4)",b'try {\n    THD *thd = reinterpret_cast<THD *>(...'
sql,../repos/mysql-server/sql/server_component/persistent_dynamic_loader.cc,"(371, 3)-(450, 4)",b'try {\n    THD *thd = (THD *)thd_ptr;\n\n    if ...'
sql,../repos/mysql-server/sql/server_component/persistent_dynamic_loader.cc,"(477, 3)-(559, 4)",b'try {\n    THD *thd = (THD *)thd_ptr;\n\n    if ...'
sql,../repos/mysql-server/sql/sql_exception_handler.cc,"(60, 3)-(88, 4)",b'try {\n    throw;\n  } catch (const std::bad_al...'
sql,../repos/mysql-server/sql/sql_exception_handler.cc,"(92, 3)-(141, 4)",b'try {\n    throw;\n  } catch (const gis::longit...'
sql,../repos/mysql-server/sql/reference_caching_setup.cc,"(104, 3)-(110, 4)",b'try {\n    size_t at = event_map_.at(event);\n ...'
sql,../repos/mysql-server/sql/reference_caching_setup.cc,"(115, 3)-(120, 4)",b'try {\n    index = event_map_.at(event);\n    r...'
sql,../repos/mysql-server/sql/spatial.cc,"(1139, 3)-(1161, 4)",b'try {\n#endif\n    if (!is_bg_adapter()) return...'
sql,../repos/mysql-server/sql/spatial.cc,"(1690, 3)-(1714, 4)",b'try {\n#endif\n    if (!is_bg_adapter() && !get...'
sql,../repos/mysql-server/sql/options_parser.cc,"(344, 3)-(351, 4)",b'try {\n    return resolve_parser_result(parse_...'
sql,../repos/mysql-server/sql/sql_show.cc,"(3245, 3)-(3251, 4)",b'try {\n    while (list->name) all_status_vars....'
sql,../repos/mysql-server/sql/srv_session_service.cc,"(106, 3)-(115, 4)","b'try {\n    session = new Srv_session(error_cb,...'"
sql,../repos/mysql-server/sql/rpl_injector.cc,"(192, 5)-(198, 6)","b'try {\n      if (add_pke(tbl.get_table(), m_th...'"
sql,../repos/mysql-server/sql/rpl_injector.cc,"(223, 5)-(229, 6)","b'try {\n      if (add_pke(tbl.get_table(), m_th...'"
sql,../repos/mysql-server/sql/rpl_injector.cc,"(256, 5)-(265, 6)","b'try {\n      if (add_pke(tbl.get_table(), m_th...'"
sql,../repos/mysql-server/sql/mdl_context_backup.cc,"(161, 3)-(184, 4)","b'try {\n    MDL_context_backup_key key_obj(key,...'"
sql,../repos/mysql-server/sql/mdl_context_backup.cc,"(194, 3)-(227, 4)","b'try {\n    MDL_context_backup_key key_obj(key,...'"
sql,../repos/mysql-server/sql/window.cc,"(1127, 3)-(1219, 4)",b'try {\n    /*\n      If window N depends on (re...'
sql,../repos/mysql-server/sql/daemon_proxy_keyring/daemon_proxy_keyring.cc,"(188, 5)-(196, 6)",b'try {\n      bool retval = iterate_plugins([&]...'
sql,../repos/mysql-server/sql/daemon_proxy_keyring/daemon_proxy_keyring.cc,"(212, 5)-(263, 6)",b'try {\n      my_h_keyring_keys_metadata_iterat...'
sql,../repos/mysql-server/sql/daemon_proxy_keyring/daemon_proxy_keyring.cc,"(280, 5)-(296, 6)",b'try {\n      my_h_keyring_keys_metadata_iterat...'
sql,../repos/mysql-server/sql/daemon_proxy_keyring/daemon_proxy_keyring.cc,"(308, 5)-(317, 6)",b'try {\n      my_h_keyring_keys_metadata_iterat...'
sql,../repos/mysql-server/sql/daemon_proxy_keyring/daemon_proxy_keyring.cc,"(330, 5)-(347, 6)",b'try {\n      my_h_keyring_keys_metadata_iterat...'
sql,../repos/mysql-server/sql/daemon_proxy_keyring/daemon_proxy_keyring.cc,"(366, 5)-(382, 6)",b'try {\n      if (data_id_length == nullptr || ...'
sql,../repos/mysql-server/sql/daemon_proxy_keyring/daemon_proxy_keyring.cc,"(402, 5)-(421, 6)",b'try {\n      if (data_id == nullptr || auth_id...'
sql,../repos/mysql-server/sql/daemon_proxy_keyring/daemon_proxy_keyring.cc,"(439, 5)-(473, 6)",b'try {\n      unsigned char *key = nullptr;\n   ...'
sql,../repos/mysql-server/sql/daemon_proxy_keyring/daemon_proxy_keyring.cc,"(487, 5)-(505, 6)",b'try {\n      my_h_keyring_reader_object_keyrin...'
sql,../repos/mysql-server/sql/daemon_proxy_keyring/daemon_proxy_keyring.cc,"(522, 5)-(533, 6)",b'try {\n      my_h_keyring_reader_object_keyrin...'
sql,../repos/mysql-server/sql/daemon_proxy_keyring/daemon_proxy_keyring.cc,"(558, 5)-(574, 6)",b'try {\n      my_h_keyring_reader_object_keyrin...'
sql,../repos/mysql-server/sql/daemon_proxy_keyring/daemon_proxy_keyring.cc,"(595, 5)-(603, 6)",b'try {\n      bool retval = iterate_plugins([&]...'
sql,../repos/mysql-server/sql/daemon_proxy_keyring/daemon_proxy_keyring.cc,"(619, 5)-(626, 6)",b'try {\n      bool retval = iterate_plugins([&]...'
sql,../repos/mysql-server/sql/daemon_proxy_keyring/daemon_proxy_keyring.cc,"(635, 5)-(658, 6)",b'try {\n      /*\n        There is no direct way...'
sql,../repos/mysql-server/sql/srv_session.cc,"(156, 5)-(162, 6)","b'try {\n      std::map<my_thread_t, const void ...'"
sql,../repos/mysql-server/sql/srv_session.cc,"(373, 5)-(377, 6)",b'try {\n      collection[key] = std::make_pair(...'
sql,../repos/mysql-server/sql/srv_session.cc,"(824, 3)-(829, 4)",b'try {\n    if (m_thd == nullptr) m_thd = new T...'
sql,../repos/mysql-server/sql/item.cc,"(9269, 7)-(9274, 8)",b'try {\n        thd->lex->insert_values_map(fie...'
sql,../repos/mysql-server/sql/auth/sql_authentication.cc,"(5070, 3)-(5076, 4)",b'try {\n    content.resize(size);\n  } catch (co...'
sql,../repos/mysql-server/sql/auth/service_security_context.cc,"(58, 3)-(66, 4)",b'try {\n    if (out_ctx)\n      *out_ctx = thd->...'
sql,../repos/mysql-server/sql/auth/service_security_context.cc,"(82, 3)-(95, 4)",b'try {\n    if (in_ctx) {\n      thd->set_securi...'
sql,../repos/mysql-server/sql/auth/service_security_context.cc,"(109, 3)-(114, 4)",b'try {\n    if (out_ctx) *out_ctx = new Securit...'
sql,../repos/mysql-server/sql/auth/service_security_context.cc,"(127, 3)-(132, 4)",b'try {\n    delete ctx;\n    return MY_SVC_FALSE...'
sql,../repos/mysql-server/sql/auth/service_security_context.cc,"(147, 3)-(156, 4)",b'try {\n    if (out_ctx) {\n      *out_ctx = new...'
sql,../repos/mysql-server/sql/auth/service_security_context.cc,"(240, 3)-(272, 4)",b'try {\n    if (inout_pvalue) {\n      if (!strc...'
sql,../repos/mysql-server/sql/auth/service_security_context.cc,"(305, 3)-(342, 4)","b'try {\n    if (!strcmp(name, ""user"")) {\n      ...'"
sql,../repos/mysql-server/sql/auth/sql_user.cc,"(2791, 11)-(2797, 12)",b'try {\n            extra_users.insert(user_nam...'
sql,../repos/mysql-server/sql/auth/sql_user.cc,"(3465, 11)-(3471, 12)",b'try {\n            extra_users.insert(tmp_user...'
sql,../repos/mysql-server/sql/auth/sql_user.cc,"(3494, 11)-(3500, 12)",b'try {\n            extra_users.insert(user_fro...'
sql,../repos/mysql-server/sql/auth/dynamic_privileges_impl.cc,"(107, 3)-(123, 4)",b'try {\n    std::string priv;\n    const char *c...'
sql,../repos/mysql-server/sql/auth/dynamic_privileges_impl.cc,"(141, 3)-(171, 4)",b'try {\n    std::string priv;\n    const char *c...'
sql,../repos/mysql-server/sql/auth/dynamic_privileges_impl.cc,"(195, 3)-(223, 4)",b'try {\n    std::string priv;\n    const char *c...'
sql,../repos/mysql-server/sql/auth/dynamic_privileges_impl.cc,"(228, 3)-(257, 4)",b'try {\n    std::string priv;\n    const char *c...'
sql,../repos/mysql-server/sql/auth/sql_authorization.cc,"(6838, 3)-(6874, 4)",b'try {\n    const std::string priv(str_priv.str...'
sql,../repos/mysql-server/sql/auth/sql_authorization.cc,"(6892, 3)-(6924, 4)","b'try {\n    Role_id id(str_user, str_host);\n   ...'"
sql,../repos/mysql-server/sql/auth/sql_authorization.cc,"(6942, 3)-(6971, 4)","b'try {\n    Role_id id(str_user, str_host);\n   ...'"
sql,../repos/mysql-server/sql/auth/sql_authorization.cc,"(7037, 3)-(7060, 4)",b'try {\n    const std::string priv(str_priv.str...'
sql,../repos/mysql-server/sql/auth/sql_authorization.cc,"(7077, 3)-(7091, 4)",b'try {\n    if (g_dynamic_privileges_map->size(...'
sql,../repos/mysql-server/sql/auth/sql_authorization.cc,"(7100, 3)-(7143, 4)",b'try {\n    if (g_dynamic_privileges_map->size(...'
sql,../repos/mysql-server/sql/xa/xid_extract.cc,"(62, 7)-(72, 8)",b'try {\n        auto format_id = std::stol(toke...'
sql,../repos/mysql-server/sql/item_json_func.cc,"(624, 3)-(640, 4)",b'try {\n    bool ok;\n    if (json_is_valid(args...'
sql,../repos/mysql-server/sql/item_json_func.cc,"(1024, 3)-(1075, 4)",b'try {\n    Json_wrapper doc_wrapper;\n\n    // a...'
sql,../repos/mysql-server/sql/item_json_func.cc,"(1093, 3)-(1150, 4)",b'try {\n    // arg 0 is the document\n    if (ge...'
sql,../repos/mysql-server/sql/item_json_func.cc,"(1329, 3)-(1352, 4)",b'try {\n    Json_wrapper wr;\n    if (get_json_w...'
sql,../repos/mysql-server/sql/item_json_func.cc,"(1694, 3)-(1729, 4)",b'try {\n    // boolean operators should produce...'
sql,../repos/mysql-server/sql/item_json_func.cc,"(1810, 3)-(1820, 4)","b'try {\n    if (get_json_wrapper(args, 0, &m_do...'"
sql,../repos/mysql-server/sql/item_json_func.cc,"(1832, 3)-(1840, 4)","b'try {\n    if (get_json_wrapper(args, 0, &m_do...'"
sql,../repos/mysql-server/sql/item_json_func.cc,"(1854, 3)-(1904, 4)","b'try {\n    if (get_json_wrapper(args, 0, &m_do...'"
sql,../repos/mysql-server/sql/item_json_func.cc,"(1913, 3)-(1971, 4)",b'try {\n    Json_wrapper w;\n\n    // multiple pa...'
sql,../repos/mysql-server/sql/item_json_func.cc,"(2057, 3)-(2133, 4)",b'try {\n    Json_wrapper docw;\n\n    if (get_jso...'
sql,../repos/mysql-server/sql/item_json_func.cc,"(2142, 3)-(2257, 4)",b'try {\n    Json_wrapper docw;\n\n    if (get_jso...'
sql,../repos/mysql-server/sql/item_json_func.cc,"(2266, 3)-(2344, 4)",b'try {\n    Json_wrapper docw;\n\n    if (get_jso...'
sql,../repos/mysql-server/sql/item_json_func.cc,"(2462, 3)-(2668, 4)",b'try {\n    Json_wrapper docw;\n\n    if (get_jso...'
sql,../repos/mysql-server/sql/item_json_func.cc,"(2687, 3)-(2713, 4)",b'try {\n    Json_array *arr = new (std::nothrow...'
sql,../repos/mysql-server/sql/item_json_func.cc,"(2722, 3)-(2770, 4)",b'try {\n    Json_object *object = new (std::not...'
sql,../repos/mysql-server/sql/item_json_func.cc,"(2925, 3)-(3058, 4)","b'try {\n    /*\n      The ""duplicates"" set is us...'"
sql,../repos/mysql-server/sql/item_json_func.cc,"(3092, 3)-(3134, 4)","b'try {\n    if (get_json_wrapper(args, 0, &m_do...'"
sql,../repos/mysql-server/sql/item_json_func.cc,"(3225, 3)-(3256, 4)",b'try {\n    for (uint idx = 0; idx < arg_count;...'
sql,../repos/mysql-server/sql/item_json_func.cc,"(3272, 3)-(3327, 4)",b'try {\n    const char *safep;\n    size_t safep...'
sql,../repos/mysql-server/sql/item_json_func.cc,"(3336, 3)-(3423, 4)",b'try {\n    if (args[0]->data_type() == MYSQL_T...'
sql,../repos/mysql-server/sql/item_json_func.cc,"(3431, 3)-(3448, 4)",b'try {\n    Json_wrapper wr;\n    if (get_json_w...'
sql,../repos/mysql-server/sql/item_json_func.cc,"(3472, 3)-(3480, 4)","b'try {\n    if (get_json_wrapper(args, 0, &buff...'"
sql,../repos/mysql-server/sql/item_json_func.cc,"(3502, 3)-(3511, 4)",b'try {\n    StringBuffer<STRING_BUFFER_USUAL_SI...'
sql,../repos/mysql-server/sql/item_json_func.cc,"(3527, 3)-(3601, 4)","b'try {\n    if (get_json_wrapper(args, 0, &m_va...'"
sql,../repos/mysql-server/sql/item_json_func.cc,"(3702, 3)-(3712, 4)",b'try {\n    String data_buf;\n    if (get_json_w...'
sql,../repos/mysql-server/sql/item_json_func.cc,"(3953, 3)-(4017, 4)",b'try {\n    String m_doc_value;\n    Json_wrappe...'
sql,../repos/mysql-server/sql/item_json_func.cc,"(4044, 3)-(4091, 4)",b'try {\n    String m_doc_value;\n    String conv...'
sql,../repos/mysql-server/sql/item_json_func.cc,"(4656, 3)-(4779, 4)",b'try {\n    Json_wrapper doc;\n\n    assert(is_co...'
sql,../repos/mysql-server/sql/mem_root_allocator.h,"(113, 5)-(117, 6)",b'try {\n      ::new ((void *)p) U(std::forward<...'
sql,../repos/mysql-server/sql/mem_root_allocator.h,"(122, 5)-(126, 6)",b'try {\n      p->~T();\n    } catch (...) {\n    ...'
sql,../repos/mysql-server/sql/table_function.cc,"(253, 3)-(270, 4)",b'try {\n    /*\n      Check whether given JSON s...'
sql,../repos/mysql-server/sql/table_function.cc,"(608, 3)-(636, 4)",b'try {\n    Item *args[] = {source};\n    /*\n   ...'
sql,../repos/mysql-server/sql/json_schema.cc,"(146, 3)-(176, 4)",b'try {\n    rapidjson::ParseResult parse_succes...'
sql,../repos/mysql-server/sql/memory/unique_ptr.h,"(521, 3)-(525, 4)",b'try {\n    ::new ((void *)p) U(std::forward<Ar...'
sql,../repos/mysql-server/sql/memory/unique_ptr.h,"(531, 3)-(535, 4)",b'try {\n    p->~T();\n  } catch (...) {\n    asse...'
sql,../repos/mysql-server/sql/item_geofunc.cc,"(3835, 3)-(3890, 4)",b'try {\n    switch (geom->get_type()) {\n      c...'
sql,../repos/mysql-server/sql/item_geofunc.cc,"(3944, 3)-(4064, 4)",b'try {\n    if (geotype == Geometry::wkb_multip...'
sql,../repos/mysql-server/sql/histograms/table_histograms.cc,"(51, 3)-(59, 4)",b'try {\n    // The constructor of mem_root_unor...'
sql,../repos/mysql-server/sql/histograms/table_histograms.cc,"(79, 3)-(86, 4)",b'try {\n    bool insertion_happened =\n        m...'
sql,../repos/mysql-server/sql/histograms/value_map.cc,"(93, 3)-(99, 4)",b'try {\n    auto res = m_value_map.emplace(valu...'
sql,../repos/mysql-server/sql/histograms/value_map.cc,"(119, 5)-(128, 6)",b'try {\n      char *string_data = substring.dup...'
sql,../repos/mysql-server/sql/histograms/value_map.cc,"(138, 3)-(144, 4)",b'try {\n    assert(m_value_map.empty());\n    m_...'
sql,../repos/mysql-server/sql/item_sum.cc,"(6037, 3)-(6069, 4)",b'try {\n    if (m_is_window_function) {\n      i...'
sql,../repos/mysql-server/sql/item_sum.cc,"(6099, 3)-(6177, 4)",b'try {\n    // key\n    Item *key_item = args[0]...'
sql,../repos/mysql-server/sql/item_sum.cc,"(6552, 5)-(6560, 6)",b'try {\n      m_geometrycollection->push_back(*...'
sql,../repos/mysql-server/sql/gis/frechet_distance.cc,"(77, 3)-(93, 4)",b'try {\n    assert(g1->coordinate_system() == g...'
sql,../repos/mysql-server/sql/gis/srs/wkt_parser.cc,"(258, 3)-(268, 4)",b'try {\n    res = !boost::spirit::qi::phrase_pa...'
sql,../repos/mysql-server/sql/gis/srs/srs.cc,"(67, 5)-(72, 6)",b'try {\n      int auth_code = std::stoi(element...'
sql,../repos/mysql-server/sql/gis/srs/srs.cc,"(280, 7)-(285, 8)",b'try {\n        projection_epsg = std::stoi(pro...'
sql,../repos/mysql-server/sql/gis/srs/srs.cc,"(2583, 5)-(2588, 6)",b'try {\n      epsg_code = std::stoi(proj->proje...'
sql,../repos/mysql-server/sql/gis/distance_sphere.cc,"(149, 3)-(170, 4)",b'try {\n    assert(g1->coordinate_system() == g...'
sql,../repos/mysql-server/sql/gis/union.cc,"(40, 3)-(59, 4)",b'try {\n    assert(g1 && g2 && g1->coordinate_s...'
sql,../repos/mysql-server/sql/gis/difference.cc,"(38, 3)-(61, 4)",b'try {\n    assert(g1 && g2 && g1->coordinate_s...'
sql,../repos/mysql-server/sql/gis/area.cc,"(80, 3)-(108, 4)",b'try {\n    assert(((srs == nullptr || srs->is_...'
sql,../repos/mysql-server/sql/gis/crosses.cc,"(871, 3)-(890, 4)",b'try {\n    assert(g1->coordinate_system() == g...'
sql,../repos/mysql-server/sql/gis/rtree_support.cc,"(78, 3)-(103, 4)",b'try {\n    gis::Covered_by covered_by(srs ? sr...'
sql,../repos/mysql-server/sql/gis/rtree_support.cc,"(116, 3)-(141, 4)",b'try {\n    gis::Equals equals(srs ? srs->semi_...'
sql,../repos/mysql-server/sql/gis/rtree_support.cc,"(148, 3)-(173, 4)",b'try {\n    gis::Intersects intersects(srs ? sr...'
sql,../repos/mysql-server/sql/gis/rtree_support.cc,"(179, 3)-(204, 4)",b'try {\n    gis::Disjoint disjoint(srs ? srs->s...'
sql,../repos/mysql-server/sql/gis/rtree_support.cc,"(211, 3)-(254, 4)",b'try {\n    // If min and max coordinates have ...'
sql,../repos/mysql-server/sql/gis/rtree_support.cc,"(263, 3)-(290, 4)",b'try {\n    if (srs == nullptr || srs->is_carte...'
sql,../repos/mysql-server/sql/gis/rtree_support.cc,"(298, 3)-(321, 4)",b'try {\n    if (srs == nullptr || srs->is_carte...'
sql,../repos/mysql-server/sql/gis/rtree_support.cc,"(332, 3)-(348, 4)",b'try {\n    if (srs == nullptr || srs->is_carte...'
sql,../repos/mysql-server/sql/gis/rtree_support.cc,"(368, 3)-(400, 4)",b'try {\n    // Note: current_thd may be nullptr...'
sql,../repos/mysql-server/sql/gis/rtree_support.cc,"(438, 3)-(468, 4)",b'try {\n    if (srs == nullptr || srs->is_carte...'
sql,../repos/mysql-server/sql/gis/rtree_support.cc,"(492, 3)-(521, 4)",b'try {\n    if (srs == nullptr || srs->is_carte...'
sql,../repos/mysql-server/sql/gis/symdifference.cc,"(38, 3)-(61, 4)",b'try {\n    assert(g1 && g2 && g1->coordinate_s...'
sql,../repos/mysql-server/sql/gis/ring_flip_visitor.h,"(57, 5)-(65, 6)",b'try {\n      m_geographic_strategy.reset(\n    ...'
sql,../repos/mysql-server/sql/gis/touches.cc,"(1231, 3)-(1250, 4)",b'try {\n    assert(g1->coordinate_system() == g...'
sql,../repos/mysql-server/sql/gis/touches.cc,"(1258, 3)-(1292, 4)",b'try {\n    assert(g1->coordinate_system() == g...'
sql,../repos/mysql-server/sql/gis/is_simple.cc,"(126, 5)-(130, 6)","b'try {\n      return !touches(&g1, &g2);\n    } ...'"
sql,../repos/mysql-server/sql/gis/is_simple.cc,"(149, 3)-(166, 4)",b'try {\n    assert(!srs || srs->is_cartesian() ...'
sql,../repos/mysql-server/sql/gis/disjoint.cc,"(648, 3)-(664, 4)",b'try {\n    assert(g1->coordinate_system() == g...'
sql,../repos/mysql-server/sql/gis/disjoint.cc,"(672, 3)-(706, 4)",b'try {\n    assert(g1->coordinate_system() == g...'
sql,../repos/mysql-server/sql/gis/is_valid.cc,"(96, 3)-(118, 4)",b'try {\n    assert(srs == nullptr ||\n          ...'
sql,../repos/mysql-server/sql/gis/wkb.cc,"(393, 5)-(403, 6)","b'try {\n      Wkb_parser<Cartesian_point, Carte...'"
sql,../repos/mysql-server/sql/gis/wkb.cc,"(405, 5)-(415, 6)","b'try {\n      Wkb_parser<Geographic_point, Geog...'"
sql,../repos/mysql-server/sql/gis/covered_by.cc,"(89, 3)-(123, 4)",b'try {\n    assert(g1->coordinate_system() == g...'
sql,../repos/mysql-server/sql/gis/within.cc,"(1349, 3)-(1365, 4)",b'try {\n    assert(g1->coordinate_system() == g...'
sql,../repos/mysql-server/sql/gis/within.cc,"(1373, 3)-(1409, 4)",b'try {\n    assert(g1->coordinate_system() == g...'
sql,../repos/mysql-server/sql/gis/ring_flip_visitor.cc,"(35, 5)-(47, 6)",b'try {\n      switch (py->coordinate_system()) ...'
sql,../repos/mysql-server/sql/gis/ring_flip_visitor.cc,"(54, 5)-(66, 6)",b'try {\n      switch (mpy->coordinate_system())...'
sql,../repos/mysql-server/sql/gis/intersects.cc,"(642, 3)-(658, 4)",b'try {\n    assert(g1->coordinate_system() == g...'
sql,../repos/mysql-server/sql/gis/intersects.cc,"(666, 3)-(700, 4)",b'try {\n    assert(g1->coordinate_system() == g...'
sql,../repos/mysql-server/sql/gis/overlaps.cc,"(813, 3)-(832, 4)",b'try {\n    assert(g1->coordinate_system() == g...'
sql,../repos/mysql-server/sql/gis/overlaps.cc,"(840, 3)-(874, 4)",b'try {\n    assert(g1->coordinate_system() == g...'
sql,../repos/mysql-server/sql/gis/distance.cc,"(41, 3)-(57, 4)",b'try {\n    assert(g1->coordinate_system() == g...'
sql,../repos/mysql-server/sql/gis/hausdorff_distance.cc,"(138, 3)-(154, 4)",b'try {\n    assert(g1->coordinate_system() == g...'
sql,../repos/mysql-server/sql/gis/transform.cc,"(219, 3)-(255, 4)",b'try {\n    if (source_srs->missing_towgs84()) ...'
sql,../repos/mysql-server/sql/gis/intersection.cc,"(38, 3)-(61, 4)",b'try {\n    assert(g1 && g2 && g1->coordinate_s...'
sql,../repos/mysql-server/sql/gis/equals.cc,"(742, 3)-(767, 4)",b'try {\n    assert(g1->coordinate_system() == g...'
sql,../repos/mysql-server/sql/gis/equals.cc,"(775, 3)-(817, 4)",b'try {\n    assert(g1->coordinate_system() == g...'
sql,../repos/mysql-server/sql/gis/length.cc,"(77, 3)-(98, 4)",b'try {\n    assert(srs == nullptr ||\n          ...'
sql,../repos/mysql-server/sql/gis/simplify.cc,"(134, 3)-(156, 4)",b'try {\n    assert(srs == nullptr ||\n          ...'
sql,../repos/mysql-server/sql/gis/line_interpolate.cc,"(94, 3)-(117, 4)",b'try {\n    assert(((srs == nullptr || srs->is_...'
sql,../repos/mysql-server/sql/gis/buffer.cc,"(323, 3)-(334, 4)",b'try {\n    if (srs && srs->is_geographic()) {\n...'
sql,../repos/mysql-server/sql/rpl_replica_until_options.cc,"(354, 3)-(358, 4)",b'try {\n    m_view_id.assign(view_id);\n  } catc...'
sql,../repos/mysql-server/sql/sql_event_tracking_to_audit_event_mapping.cc,"(93, 3)-(98, 4)",b'try {\n    return event_tracking_to_plugin_eve...'
sql,../repos/mysql-server/sql/iterators/composite_iterators.cc,"(1473, 5)-(1482, 6)",b'try {\n      key_it_and_inserted =\n          m...'
sql,../repos/mysql-server/sql/iterators/hash_join_buffer.cc,"(219, 3)-(226, 4)",b'try {\n    key_it_and_inserted =\n        m_has...'
sql,../repos/mysql-server/sql/item_create.cc,"(1796, 3)-(1802, 4)",b'try {\n    native_functions_hash =\n        new...'
sql,../repos/mysql-server/sql/item_create.cc,"(1809, 3)-(1819, 4)","b'try {\n    std::string name(lex_name.str, lex_...'"
sql,../repos/mysql-server/sql/malloc_allocator.h,"(107, 5)-(111, 6)",b'try {\n      ::new ((void *)p) U(std::forward<...'
sql,../repos/mysql-server/sql/malloc_allocator.h,"(116, 5)-(120, 6)",b'try {\n      p->~T();\n    } catch (...) {\n    ...'
sql,../repos/mysql-server/sql/inplace_vector.h,"(102, 5)-(107, 6)",b'try {\n      m_obj_arrays.push_back(static_cas...'
