Repo name,File name,Location,Content
sql,../repos/mysql-server/sql/rpl_rli.cc,"(2772, 11)-(2772, 16)",b'catch (...) {\n    return ER_OUTOFMEMORY;\n  }'
sql,../repos/mysql-server/sql/sql_view.cc,"(1567, 13)-(1567, 18)",b'catch (...) {\n      return true;\n    }'
sql,../repos/mysql-server/sql/field.cc,"(10025, 11)-(10025, 16)","b'catch (...) {\n    handle_std_exception(""typed...'"
sql,../repos/mysql-server/sql/sd_notify.h,"(31, 19)-(31, 29)","b'notify(T, Ts...)'"
sql,../repos/mysql-server/sql/sd_notify.h,"(46, 21)-(46, 36)","b'notify(T t, Ts... ts)'"
sql,../repos/mysql-server/sql/sd_notify.h,"(57, 19)-(57, 50)","b'notify(T t [[maybe_unused]], Ts... ts'"
sql,../repos/mysql-server/sql/stateless_allocator.h,"(130, 17)-(130, 40)","b'construct(U *p, Args &&... args)'"
sql,../repos/mysql-server/sql/stateless_allocator.h,"(134, 13)-(134, 18)",b'catch (...) {\n      assert(false);  // Constr...'
sql,../repos/mysql-server/sql/stateless_allocator.h,"(143, 13)-(143, 18)",b'catch (...) {\n      assert(false);  // Destru...'
sql,../repos/mysql-server/sql/spatial.h,"(2034, 13)-(2034, 18)",b'catch (...) {\n      // Should never throw exc...'
sql,../repos/mysql-server/sql/error_handler.cc,"(290, 25)-(292, 39)","b'report_error(THD *thd, int error_code,\n      ...'"
sql,../repos/mysql-server/sql/rpl_reporting.cc,"(115, 40)-(116, 62)",b'Slave_reporting_capability::report(loglevel l...'
sql,../repos/mysql-server/sql/rpl_reporting.cc,"(123, 40)-(125, 62)",b'Slave_reporting_capability::report(loglevel l...'
sql,../repos/mysql-server/sql/debug_lock_order.cc,"(1776, 23)-(1776, 60)","b'print_file(FILE *file, const char *format, ...)'"
sql,../repos/mysql-server/sql/debug_lock_order.cc,"(6009, 23)-(6009, 60)","b'print_file(FILE *file, const char *format, ...)'"
sql,../repos/mysql-server/sql/binlog/decompressing_event_object_istream.h,"(283, 13)-(283, 18)",b'catch (...) {\n      // Leave m_buffer_istream...'
sql,../repos/mysql-server/sql/server_component/mysql_thd_store_imp.cc,"(135, 11)-(135, 16)",b'catch (...) {\n    return true;\n  }'
sql,../repos/mysql-server/sql/server_component/mysql_thd_store_imp.cc,"(148, 11)-(148, 16)",b'catch (...) {\n    return true;\n  }'
sql,../repos/mysql-server/sql/server_component/mysql_thd_store_imp.cc,"(160, 11)-(160, 16)",b'catch (...) {\n    return true;\n  }'
sql,../repos/mysql-server/sql/server_component/mysql_thd_store_imp.cc,"(172, 11)-(172, 16)",b'catch (...) {\n    return nullptr;\n  }'
sql,../repos/mysql-server/sql/server_component/system_variable_source_imp.cc,"(44, 11)-(44, 16)",b'catch (...) {\n    mysql_components_handle_std...'
sql,../repos/mysql-server/sql/server_component/component_sys_var_service.cc,"(450, 11)-(450, 16)",b'catch (...) {\n    mysql_components_handle_std...'
sql,../repos/mysql-server/sql/server_component/component_sys_var_service.cc,"(544, 11)-(544, 16)",b'catch (...) {\n    mysql_components_handle_std...'
sql,../repos/mysql-server/sql/server_component/component_sys_var_service.cc,"(607, 11)-(607, 16)",b'catch (...) {\n    mysql_components_handle_std...'
sql,../repos/mysql-server/sql/server_component/dynamic_loader_service_notification_imp.cc,"(38, 11)-(38, 16)",b'catch (...) {\n    return true;\n  }'
sql,../repos/mysql-server/sql/server_component/dynamic_loader_service_notification_imp.cc,"(58, 11)-(58, 16)",b'catch (...) {\n    return true;\n  }'
sql,../repos/mysql-server/sql/server_component/mysql_string_service.cc,"(90, 11)-(90, 16)",b'catch (...) {\n    mysql_components_handle_std...'
sql,../repos/mysql-server/sql/server_component/mysql_string_service.cc,"(115, 11)-(115, 16)",b'catch (...) {\n    mysql_components_handle_std...'
sql,../repos/mysql-server/sql/server_component/mysql_string_service.cc,"(140, 11)-(140, 16)",b'catch (...) {\n    mysql_components_handle_std...'
sql,../repos/mysql-server/sql/server_component/mysql_string_service.cc,"(163, 11)-(163, 16)",b'catch (...) {\n    mysql_components_handle_std...'
sql,../repos/mysql-server/sql/server_component/mysql_string_service.cc,"(189, 11)-(189, 16)",b'catch (...) {\n    mysql_components_handle_std...'
sql,../repos/mysql-server/sql/server_component/mysql_string_service.cc,"(210, 11)-(210, 16)",b'catch (...) {\n    mysql_components_handle_std...'
sql,../repos/mysql-server/sql/server_component/mysql_string_service.cc,"(234, 11)-(234, 16)",b'catch (...) {\n    mysql_components_handle_std...'
sql,../repos/mysql-server/sql/server_component/mysql_string_service.cc,"(246, 11)-(246, 16)",b'catch (...) {\n    mysql_components_handle_std...'
sql,../repos/mysql-server/sql/server_component/mysql_string_service.cc,"(265, 11)-(265, 16)",b'catch (...) {\n    mysql_components_handle_std...'
sql,../repos/mysql-server/sql/server_component/mysql_string_service.cc,"(278, 11)-(278, 16)",b'catch (...) {\n    mysql_components_handle_std...'
sql,../repos/mysql-server/sql/server_component/mysql_string_service.cc,"(294, 11)-(294, 16)",b'catch (...) {\n    mysql_components_handle_std...'
sql,../repos/mysql-server/sql/server_component/mysql_string_service.cc,"(307, 11)-(307, 16)",b'catch (...) {\n    mysql_components_handle_std...'
sql,../repos/mysql-server/sql/server_component/mysql_string_service.cc,"(326, 11)-(326, 16)",b'catch (...) {\n    mysql_components_handle_std...'
sql,../repos/mysql-server/sql/server_component/mysql_string_service.cc,"(359, 11)-(359, 16)",b'catch (...) {\n    mysql_components_handle_std...'
sql,../repos/mysql-server/sql/server_component/mysql_string_service.cc,"(370, 11)-(370, 16)",b'catch (...) {\n    mysql_components_handle_std...'
sql,../repos/mysql-server/sql/server_component/mysql_string_service.cc,"(382, 11)-(382, 16)",b'catch (...) {\n    mysql_components_handle_std...'
sql,../repos/mysql-server/sql/server_component/mysql_string_service.cc,"(395, 11)-(395, 16)",b'catch (...) {\n    mysql_components_handle_std...'
sql,../repos/mysql-server/sql/server_component/mysql_string_service.cc,"(408, 11)-(408, 16)",b'catch (...) {\n    mysql_components_handle_std...'
sql,../repos/mysql-server/sql/server_component/mysql_string_service.cc,"(422, 11)-(422, 16)",b'catch (...) {\n    mysql_components_handle_std...'
sql,../repos/mysql-server/sql/server_component/mysql_string_service.cc,"(434, 11)-(434, 16)",b'catch (...) {\n    mysql_components_handle_std...'
sql,../repos/mysql-server/sql/server_component/mysql_string_service.cc,"(448, 11)-(448, 16)",b'catch (...) {\n    mysql_components_handle_std...'
sql,../repos/mysql-server/sql/server_component/mysql_string_service.cc,"(465, 11)-(465, 16)",b'catch (...) {\n    if (out_str_obj != nullptr)...'
sql,../repos/mysql-server/sql/server_component/mysql_string_service.cc,"(483, 11)-(483, 16)",b'catch (...) {\n    mysql_components_handle_std...'
sql,../repos/mysql-server/sql/server_component/mysql_string_service.cc,"(504, 11)-(504, 16)",b'catch (...) {\n    mysql_components_handle_std...'
sql,../repos/mysql-server/sql/server_component/mysql_current_thread_reader_imp.cc,"(42, 11)-(42, 16)",b'catch (...) {\n    mysql_components_handle_std...'
sql,../repos/mysql-server/sql/server_component/mysql_command_services_imp.cc,"(74, 11)-(74, 16)",b'catch (...) {\n    mysql_components_handle_std...'
sql,../repos/mysql-server/sql/server_component/mysql_command_services_imp.cc,"(135, 11)-(135, 16)",b'catch (...) {\n    mysql_components_handle_std...'
sql,../repos/mysql-server/sql/server_component/mysql_command_services_imp.cc,"(156, 11)-(156, 16)",b'catch (...) {\n    mysql_components_handle_std...'
sql,../repos/mysql-server/sql/server_component/mysql_command_services_imp.cc,"(275, 11)-(275, 16)",b'catch (...) {\n    mysql_components_handle_std...'
sql,../repos/mysql-server/sql/server_component/mysql_command_services_imp.cc,"(296, 11)-(296, 16)",b'catch (...) {\n    mysql_components_handle_std...'
sql,../repos/mysql-server/sql/server_component/mysql_command_services_imp.cc,"(319, 11)-(319, 16)",b'catch (...) {\n    mysql_components_handle_std...'
sql,../repos/mysql-server/sql/server_component/mysql_command_services_imp.cc,"(339, 11)-(339, 16)",b'catch (...) {\n    mysql_components_handle_std...'
sql,../repos/mysql-server/sql/server_component/mysql_command_services_imp.cc,"(720, 11)-(720, 16)",b'catch (...) {\n    mysql_components_handle_std...'
sql,../repos/mysql-server/sql/server_component/mysql_command_services_imp.cc,"(755, 11)-(755, 16)",b'catch (...) {\n    mysql_components_handle_std...'
sql,../repos/mysql-server/sql/server_component/mysql_command_services_imp.cc,"(781, 11)-(781, 16)",b'catch (...) {\n    mysql_components_handle_std...'
sql,../repos/mysql-server/sql/server_component/mysql_command_services_imp.cc,"(807, 11)-(807, 16)",b'catch (...) {\n    mysql_components_handle_std...'
sql,../repos/mysql-server/sql/server_component/mysql_command_services_imp.cc,"(840, 11)-(840, 16)",b'catch (...) {\n    mysql_components_handle_std...'
sql,../repos/mysql-server/sql/server_component/mysql_command_services_imp.cc,"(864, 11)-(864, 16)",b'catch (...) {\n    mysql_components_handle_std...'
sql,../repos/mysql-server/sql/server_component/mysql_command_services_imp.cc,"(886, 11)-(886, 16)",b'catch (...) {\n    mysql_components_handle_std...'
sql,../repos/mysql-server/sql/server_component/mysql_command_services_imp.cc,"(909, 11)-(909, 16)",b'catch (...) {\n    mysql_components_handle_std...'
sql,../repos/mysql-server/sql/server_component/mysql_command_services_imp.cc,"(935, 11)-(935, 16)",b'catch (...) {\n    mysql_components_handle_std...'
sql,../repos/mysql-server/sql/server_component/mysql_command_services_imp.cc,"(959, 11)-(959, 16)",b'catch (...) {\n    mysql_components_handle_std...'
sql,../repos/mysql-server/sql/server_component/mysql_command_services_imp.cc,"(985, 11)-(985, 16)",b'catch (...) {\n    mysql_components_handle_std...'
sql,../repos/mysql-server/sql/server_component/mysql_command_services_imp.cc,"(1012, 11)-(1012, 16)",b'catch (...) {\n    mysql_components_handle_std...'
sql,../repos/mysql-server/sql/server_component/mysql_command_services_imp.cc,"(1035, 11)-(1035, 16)",b'catch (...) {\n    mysql_components_handle_std...'
sql,../repos/mysql-server/sql/server_component/mysql_command_services_imp.cc,"(1059, 11)-(1059, 16)",b'catch (...) {\n    mysql_components_handle_std...'
sql,../repos/mysql-server/sql/server_component/mysql_command_services_imp.cc,"(1081, 11)-(1081, 16)",b'catch (...) {\n    mysql_components_handle_std...'
sql,../repos/mysql-server/sql/server_component/mysql_command_services_imp.cc,"(1103, 11)-(1103, 16)",b'catch (...) {\n    mysql_components_handle_std...'
sql,../repos/mysql-server/sql/server_component/mysql_command_services_imp.cc,"(1130, 11)-(1130, 16)",b'catch (...) {\n    mysql_components_handle_std...'
sql,../repos/mysql-server/sql/server_component/mysql_command_services_imp.cc,"(1152, 11)-(1152, 16)",b'catch (...) {\n    mysql_components_handle_std...'
sql,../repos/mysql-server/sql/server_component/mysql_command_services_imp.cc,"(1176, 9)-(1176, 14)",b'catch (...) {\n  mysql_components_handle_std_e...'
sql,../repos/mysql-server/sql/server_component/mysql_thd_attributes_imp.cc,"(141, 11)-(141, 16)",b'catch (...) {\n    mysql_components_handle_std...'
sql,../repos/mysql-server/sql/server_component/mysql_system_variable_update_imp.cc,"(174, 11)-(174, 16)",b'catch (...) {\n    mysql_components_handle_std...'
sql,../repos/mysql-server/sql/server_component/mysql_system_variable_update_imp.cc,"(221, 11)-(221, 16)",b'catch (...) {\n    mysql_components_handle_std...'
sql,../repos/mysql-server/sql/server_component/mysql_system_variable_update_imp.cc,"(261, 11)-(261, 16)",b'catch (...) {\n    mysql_components_handle_std...'
sql,../repos/mysql-server/sql/server_component/mysql_system_variable_update_imp.cc,"(297, 11)-(297, 16)",b'catch (...) {\n    mysql_components_handle_std...'
sql,../repos/mysql-server/sql/server_component/security_context_imp.cc,"(49, 11)-(49, 16)",b'catch (...) {\n    mysql_components_handle_std...'
sql,../repos/mysql-server/sql/server_component/security_context_imp.cc,"(82, 11)-(82, 16)",b'catch (...) {\n    mysql_components_handle_std...'
sql,../repos/mysql-server/sql/server_component/security_context_imp.cc,"(103, 11)-(103, 16)",b'catch (...) {\n    mysql_components_handle_std...'
sql,../repos/mysql-server/sql/server_component/security_context_imp.cc,"(121, 11)-(121, 16)",b'catch (...) {\n    mysql_components_handle_std...'
sql,../repos/mysql-server/sql/server_component/security_context_imp.cc,"(149, 11)-(149, 16)",b'catch (...) {\n    mysql_components_handle_std...'
sql,../repos/mysql-server/sql/server_component/security_context_imp.cc,"(203, 11)-(203, 16)",b'catch (...) {\n    mysql_components_handle_std...'
sql,../repos/mysql-server/sql/server_component/security_context_imp.cc,"(266, 11)-(266, 16)",b'catch (...) {\n    mysql_components_handle_std...'
sql,../repos/mysql-server/sql/server_component/security_context_imp.cc,"(338, 11)-(338, 16)",b'catch (...) {\n    mysql_components_handle_std...'
sql,../repos/mysql-server/sql/server_component/mysql_connection_attributes_iterator_imp.cc,"(40, 11)-(40, 16)",b'catch (...) {\n    return true;\n  }'
sql,../repos/mysql-server/sql/server_component/mysql_connection_attributes_iterator_imp.cc,"(124, 11)-(124, 16)",b'catch (...) {\n    return true;\n  }'
sql,../repos/mysql-server/sql/server_component/component_status_var_service.cc,"(47, 11)-(47, 16)",b'catch (...) {\n    mysql_components_handle_std...'
sql,../repos/mysql-server/sql/server_component/component_status_var_service.cc,"(66, 11)-(66, 16)",b'catch (...) {\n    mysql_components_handle_std...'
sql,../repos/mysql-server/sql/server_component/mysql_command_consumer_imp.cc,"(66, 11)-(66, 16)",b'catch (...) {\n    mysql_components_handle_std...'
sql,../repos/mysql-server/sql/server_component/mysql_command_consumer_imp.cc,"(107, 11)-(107, 16)",b'catch (...) {\n    mysql_components_handle_std...'
sql,../repos/mysql-server/sql/server_component/mysql_command_consumer_imp.cc,"(141, 11)-(141, 16)",b'catch (...) {\n    mysql_components_handle_std...'
sql,../repos/mysql-server/sql/server_component/mysql_command_consumer_imp.cc,"(177, 11)-(177, 16)",b'catch (...) {\n    mysql_components_handle_std...'
sql,../repos/mysql-server/sql/server_component/mysql_command_consumer_imp.cc,"(195, 11)-(195, 16)",b'catch (...) {\n    mysql_components_handle_std...'
sql,../repos/mysql-server/sql/server_component/mysql_command_consumer_imp.cc,"(208, 11)-(208, 16)",b'catch (...) {\n    mysql_components_handle_std...'
sql,../repos/mysql-server/sql/server_component/mysql_command_consumer_imp.cc,"(230, 11)-(230, 16)",b'catch (...) {\n    mysql_components_handle_std...'
sql,../repos/mysql-server/sql/server_component/mysql_command_consumer_imp.cc,"(245, 11)-(245, 16)",b'catch (...) {\n    mysql_components_handle_std...'
sql,../repos/mysql-server/sql/server_component/mysql_command_consumer_imp.cc,"(261, 11)-(261, 16)",b'catch (...) {\n    mysql_components_handle_std...'
sql,../repos/mysql-server/sql/server_component/mysql_command_consumer_imp.cc,"(279, 11)-(279, 16)",b'catch (...) {\n    mysql_components_handle_std...'
sql,../repos/mysql-server/sql/server_component/mysql_command_consumer_imp.cc,"(298, 11)-(298, 16)",b'catch (...) {\n    mysql_components_handle_std...'
sql,../repos/mysql-server/sql/server_component/mysql_command_consumer_imp.cc,"(318, 11)-(318, 16)",b'catch (...) {\n    mysql_components_handle_std...'
sql,../repos/mysql-server/sql/server_component/mysql_command_consumer_imp.cc,"(340, 11)-(340, 16)",b'catch (...) {\n    mysql_components_handle_std...'
sql,../repos/mysql-server/sql/server_component/mysql_command_consumer_imp.cc,"(357, 11)-(357, 16)",b'catch (...) {\n    mysql_components_handle_std...'
sql,../repos/mysql-server/sql/server_component/mysql_command_consumer_imp.cc,"(374, 11)-(374, 16)",b'catch (...) {\n    mysql_components_handle_std...'
sql,../repos/mysql-server/sql/server_component/mysql_command_consumer_imp.cc,"(391, 11)-(391, 16)",b'catch (...) {\n    mysql_components_handle_std...'
sql,../repos/mysql-server/sql/server_component/mysql_command_consumer_imp.cc,"(405, 11)-(405, 16)",b'catch (...) {\n    mysql_components_handle_std...'
sql,../repos/mysql-server/sql/server_component/mysql_command_consumer_imp.cc,"(417, 11)-(417, 16)",b'catch (...) {\n    mysql_components_handle_std...'
sql,../repos/mysql-server/sql/server_component/mysql_command_consumer_imp.cc,"(432, 11)-(432, 16)",b'catch (...) {\n    mysql_components_handle_std...'
sql,../repos/mysql-server/sql/server_component/mysql_command_consumer_imp.cc,"(456, 11)-(456, 16)",b'catch (...) {\n    mysql_components_handle_std...'
sql,../repos/mysql-server/sql/server_component/mysql_command_consumer_imp.cc,"(477, 11)-(477, 16)",b'catch (...) {\n    mysql_components_handle_std...'
sql,../repos/mysql-server/sql/server_component/log_builtins_imp.h,"(123, 23)-(123, 58)","b'DEFINE_METHOD(int, message, (int log_type, ...))'"
sql,../repos/mysql-server/sql/server_component/log_builtins_imp.h,"(123, 38)-(123, 57)","b'(int log_type, ...)'"
sql,../repos/mysql-server/sql/server_component/log_builtins_imp.h,"(171, 23)-(172, 67)","b'DEFINE_METHOD(size_t, substitute,\n           ...'"
sql,../repos/mysql-server/sql/server_component/log_builtins_imp.h,"(172, 24)-(172, 66)","b'(char *to, size_t n, const char *fmt, ...)'"
sql,../repos/mysql-server/sql/server_component/log_builtins_imp.h,"(181, 23)-(183, 50)","b'DEFINE_METHOD(size_t, notify_client,\n        ...'"
sql,../repos/mysql-server/sql/server_component/log_builtins_imp.h,"(182, 24)-(183, 49)","b'(void *thd, uint severity, uint code, char *t...'"
sql,../repos/mysql-server/sql/server_component/mysql_simple_error_log_imp.h,"(34, 28)-(36, 55)","b'DEFINE_BOOL_METHOD(emit, (const char *compone...'"
sql,../repos/mysql-server/sql/server_component/mysql_simple_error_log_imp.h,"(34, 35)-(36, 54)","b'(const char *component, const char *file,\n   ...'"
sql,../repos/mysql-server/sql/server_component/dynamic_loader_path_filter.cc,"(67, 11)-(67, 16)",b'catch (...) {\n  }'
sql,../repos/mysql-server/sql/server_component/dynamic_loader_path_filter.cc,"(91, 11)-(91, 16)",b'catch (...) {\n  }'
sql,../repos/mysql-server/sql/server_component/event_tracking_information.cc,"(46, 11)-(46, 16)",b'catch (...) {\n    mysql_components_handle_std...'
sql,../repos/mysql-server/sql/server_component/event_tracking_information.cc,"(93, 11)-(93, 16)",b'catch (...) {\n    mysql_components_handle_std...'
sql,../repos/mysql-server/sql/server_component/event_tracking_information.cc,"(121, 11)-(121, 16)",b'catch (...) {\n    mysql_components_handle_std...'
sql,../repos/mysql-server/sql/server_component/event_tracking_information.cc,"(140, 11)-(140, 16)",b'catch (...) {\n    mysql_components_handle_std...'
sql,../repos/mysql-server/sql/server_component/event_tracking_information.cc,"(182, 11)-(182, 16)",b'catch (...) {\n    mysql_components_handle_std...'
sql,../repos/mysql-server/sql/server_component/mysql_status_variable_reader_imp.cc,"(75, 11)-(75, 16)",b'catch (...) {\n    mysql_components_handle_std...'
sql,../repos/mysql-server/sql/server_component/host_application_signal_imp.cc,"(63, 11)-(63, 16)",b'catch (...) {\n    mysql_components_handle_std...'
sql,../repos/mysql-server/sql/server_component/log_builtins.cc,"(2774, 14)-(2774, 67)","b'DEFINE_METHOD(int, log_builtins_imp::message,...'"
sql,../repos/mysql-server/sql/server_component/log_builtins.cc,"(2774, 47)-(2774, 66)","b'(int log_type, ...)'"
sql,../repos/mysql-server/sql/server_component/log_builtins.cc,"(3394, 14)-(3395, 58)","b'DEFINE_METHOD(size_t, log_builtins_string_imp...'"
sql,../repos/mysql-server/sql/server_component/log_builtins.cc,"(3395, 15)-(3395, 57)","b'(char *to, size_t n, const char *fmt, ...)'"
sql,../repos/mysql-server/sql/server_component/log_builtins.cc,"(3410, 14)-(3412, 41)","b'DEFINE_METHOD(size_t, log_builtins_tmp_imp::n...'"
sql,../repos/mysql-server/sql/server_component/log_builtins.cc,"(3411, 15)-(3412, 40)","b'(void *thd, uint severity, uint code, char *t...'"
sql,../repos/mysql-server/sql/server_component/mysql_server_event_tracking_bridge_imp.cc,"(910, 11)-(910, 16)",b'catch (...) {\n    return true;\n  }'
sql,../repos/mysql-server/sql/server_component/mysql_server_event_tracking_bridge_imp.cc,"(940, 11)-(940, 16)",b'catch (...) {\n    return true;\n  }'
sql,../repos/mysql-server/sql/server_component/mysql_server_event_tracking_bridge_imp.cc,"(984, 11)-(984, 16)",b'catch (...) {\n    return true;\n  }'
sql,../repos/mysql-server/sql/server_component/mysql_server_event_tracking_bridge_imp.cc,"(1046, 11)-(1046, 16)",b'catch (...) {\n    return true;\n  }'
sql,../repos/mysql-server/sql/server_component/mysql_server_event_tracking_bridge_imp.cc,"(1078, 11)-(1078, 16)",b'catch (...) {\n    return true;\n  }'
sql,../repos/mysql-server/sql/server_component/mysql_server_event_tracking_bridge_imp.cc,"(1116, 11)-(1116, 16)",b'catch (...) {\n    return true;\n  }'
sql,../repos/mysql-server/sql/server_component/mysql_server_event_tracking_bridge_imp.cc,"(1143, 11)-(1143, 16)",b'catch (...) {\n    return true;\n  }'
sql,../repos/mysql-server/sql/server_component/mysql_server_event_tracking_bridge_imp.cc,"(1200, 11)-(1200, 16)",b'catch (...) {\n    return true;\n  }'
sql,../repos/mysql-server/sql/server_component/mysql_server_event_tracking_bridge_imp.cc,"(1261, 11)-(1261, 16)",b'catch (...) {\n    return true;\n  }'
sql,../repos/mysql-server/sql/server_component/mysql_server_event_tracking_bridge_imp.cc,"(1299, 11)-(1299, 16)",b'catch (...) {\n    return true;\n  }'
sql,../repos/mysql-server/sql/server_component/mysql_server_event_tracking_bridge_imp.cc,"(1330, 11)-(1330, 16)",b'catch (...) {\n    return true;\n  }'
sql,../repos/mysql-server/sql/server_component/mysql_server_event_tracking_bridge_imp.cc,"(1369, 11)-(1369, 16)",b'catch (...) {\n    return true;\n  }'
sql,../repos/mysql-server/sql/server_component/persistent_dynamic_loader.cc,"(102, 20)-(102, 54)","b'report_error(uint ecode, const char *fmt, ......'"
sql,../repos/mysql-server/sql/server_component/persistent_dynamic_loader.cc,"(314, 11)-(314, 16)",b'catch (...) {\n    mysql_components_handle_std...'
sql,../repos/mysql-server/sql/server_component/persistent_dynamic_loader.cc,"(448, 11)-(448, 16)",b'catch (...) {\n    mysql_components_handle_std...'
sql,../repos/mysql-server/sql/server_component/persistent_dynamic_loader.cc,"(557, 11)-(557, 16)",b'catch (...) {\n    mysql_components_handle_std...'
sql,../repos/mysql-server/sql/sql_tablespace.cc,"(228, 14)-(229, 30)","b'lock_rec(THD *thd, MDL_request_list *rlst, co...'"
sql,../repos/mysql-server/sql/sql_tablespace.cc,"(241, 27)-(241, 53)","b'lock_tablespace_names(THD *thd, Names... names)'"
sql,../repos/mysql-server/sql/item_sum.h,"(1234, 25)-(1235, 49)",b'Item_sum_json(unique_ptr_destroy_only<Json_wr...'
sql,../repos/mysql-server/sql/restart_monitor_win.cc,"(174, 21)-(174, 69)","b'monitor_log_msg(Monitor_log_msg_type type, LP...'"
sql,../repos/mysql-server/sql/mem_root_array.h,"(206, 20)-(206, 37)",b'emplace_back(Args &&... args)'
sql,../repos/mysql-server/sql/sql_exception_handler.cc,"(86, 11)-(86, 16)","b'catch (...) {\n    my_error(ER_UNKNOWN_ERROR, ...'"
sql,../repos/mysql-server/sql/sql_exception_handler.cc,"(139, 11)-(139, 16)",b'catch (...) {\n    my_error(ER_GIS_UNKNOWN_EXC...'
sql,../repos/mysql-server/sql/item_json_func.h,"(184, 17)-(184, 51)","b'Item_json_func(THD *thd, Args &&... parent_args)'"
sql,../repos/mysql-server/sql/item_json_func.h,"(605, 41)-(605, 65)",b'Item_func_modify_json_in_path(Args &&... pare...'
sql,../repos/mysql-server/sql/item_json_func.h,"(676, 38)-(676, 77)","b'Item_func_json_set_replace(bool json_set, Arg...'"
sql,../repos/mysql-server/sql/item_json_func.h,"(691, 30)-(691, 54)",b'Item_func_json_set(Args &&... parent_args)'
sql,../repos/mysql-server/sql/item_json_func.h,"(703, 34)-(703, 58)",b'Item_func_json_replace(Args &&... parent_args)'
sql,../repos/mysql-server/sql/item_json_func.h,"(715, 32)-(715, 56)",b'Item_func_json_array(Args &&... parent_args)'
sql,../repos/mysql-server/sql/item_json_func.h,"(779, 24)-(779, 48)",b'Item_func_json_search(Args &&... parent_args)'
sql,../repos/mysql-server/sql/item_json_func.h,"(811, 24)-(811, 48)",b'Item_func_json_remove(Args &&... parent_args)'
sql,../repos/mysql-server/sql/log.cc,"(205, 20)-(205, 54)","b'report_error(uint ecode, const char *fmt, ......'"
sql,../repos/mysql-server/sql/log.cc,"(1414, 37)-(1415, 62)","b'Query_logger::general_log_print(THD *thd, enu...'"
sql,../repos/mysql-server/sql/log.cc,"(2318, 16)-(2318, 35)","b'log_message(int log_type, ...)'"
sql,../repos/mysql-server/sql/log.cc,"(2334, 26)-(2335, 51)",b'my_plugin_log_message(MYSQL_PLUGIN *plugin_pt...'
sql,../repos/mysql-server/sql/dd/upgrade_57/global.h,"(82, 20)-(82, 48)","b'report_error(uint, const char *fmt, ...) override'"
sql,../repos/mysql-server/sql/dd/upgrade_57/global.cc,"(59, 38)-(59, 66)","b'Check_table_intact::report_error(uint, const ...'"
sql,../repos/mysql-server/sql/reference_caching_setup.cc,"(108, 11)-(108, 16)",b'catch (...) {\n    return true;\n  }'
sql,../repos/mysql-server/sql/reference_caching_setup.cc,"(118, 11)-(118, 16)",b'catch (...) {\n    return true;\n  }'
sql,../repos/mysql-server/sql/sql_system_table_check.h,"(46, 20)-(46, 53)","b'report_error(uint code, const char *fmt, ...)...'"
sql,../repos/mysql-server/sql/parse_tree_nodes.cc,"(128, 24)-(128, 64)","b'contextualize_safe(Context *pc, Node node, No...'"
sql,../repos/mysql-server/sql/spatial.cc,"(1158, 11)-(1158, 16)",b'catch (...) {\n    // Should never throw excep...'
sql,../repos/mysql-server/sql/spatial.cc,"(1711, 11)-(1711, 16)",b'catch (...) {\n    // Should never throw excep...'
sql,../repos/mysql-server/sql/srv_session_service.cc,"(108, 11)-(108, 16)","b'catch (...) {\n    DBUG_PRINT(""error"", (""Can\'t...'"
sql,../repos/mysql-server/sql/table.h,"(606, 28)-(606, 61)","b'report_error(uint code, const char *fmt, ...)'"
sql,../repos/mysql-server/sql/sql_plugin.cc,"(517, 25)-(517, 56)","b'report_error(int where_to, uint error, ...)'"
sql,../repos/mysql-server/sql/window.cc,"(1214, 11)-(1214, 16)",b'catch (...) {\n    /* purecov: begin inspected...'
sql,../repos/mysql-server/sql/daemon_proxy_keyring/daemon_proxy_keyring.cc,"(194, 13)-(194, 18)",b'catch (...) {\n      return true;\n    }'
sql,../repos/mysql-server/sql/daemon_proxy_keyring/daemon_proxy_keyring.cc,"(261, 13)-(261, 18)",b'catch (...) {\n      return true;\n    }'
sql,../repos/mysql-server/sql/daemon_proxy_keyring/daemon_proxy_keyring.cc,"(294, 13)-(294, 18)",b'catch (...) {\n      return true;\n    }'
sql,../repos/mysql-server/sql/daemon_proxy_keyring/daemon_proxy_keyring.cc,"(315, 13)-(315, 18)",b'catch (...) {\n      return false;\n    }'
sql,../repos/mysql-server/sql/daemon_proxy_keyring/daemon_proxy_keyring.cc,"(345, 13)-(345, 18)",b'catch (...) {\n      return true;\n    }'
sql,../repos/mysql-server/sql/daemon_proxy_keyring/daemon_proxy_keyring.cc,"(380, 13)-(380, 18)",b'catch (...) {\n      return true;\n    }'
sql,../repos/mysql-server/sql/daemon_proxy_keyring/daemon_proxy_keyring.cc,"(419, 13)-(419, 18)",b'catch (...) {\n      return true;\n    }'
sql,../repos/mysql-server/sql/daemon_proxy_keyring/daemon_proxy_keyring.cc,"(471, 13)-(471, 18)",b'catch (...) {\n      return true;\n    }'
sql,../repos/mysql-server/sql/daemon_proxy_keyring/daemon_proxy_keyring.cc,"(503, 13)-(503, 18)",b'catch (...) {\n      return true;\n    }'
sql,../repos/mysql-server/sql/daemon_proxy_keyring/daemon_proxy_keyring.cc,"(531, 13)-(531, 18)",b'catch (...) {\n      return true;\n    }'
sql,../repos/mysql-server/sql/daemon_proxy_keyring/daemon_proxy_keyring.cc,"(572, 13)-(572, 18)",b'catch (...) {\n      return true;\n    }'
sql,../repos/mysql-server/sql/daemon_proxy_keyring/daemon_proxy_keyring.cc,"(601, 13)-(601, 18)",b'catch (...) {\n      return true;\n    }'
sql,../repos/mysql-server/sql/daemon_proxy_keyring/daemon_proxy_keyring.cc,"(624, 13)-(624, 18)",b'catch (...) {\n      return true;\n    }'
sql,../repos/mysql-server/sql/daemon_proxy_keyring/daemon_proxy_keyring.cc,"(656, 13)-(656, 18)",b'catch (...) {\n      return false;\n    }'
sql,../repos/mysql-server/sql/srv_session.cc,"(826, 11)-(826, 16)","b'catch (...) {\n    DBUG_PRINT(""error"", (""Can\'t...'"
sql,../repos/mysql-server/sql/auth/service_security_context.cc,"(64, 11)-(64, 16)",b'catch (...) {\n    return MY_SVC_FALSE;\n  }'
sql,../repos/mysql-server/sql/auth/service_security_context.cc,"(93, 11)-(93, 16)",b'catch (...) {\n    return MY_SVC_TRUE;\n  }'
sql,../repos/mysql-server/sql/auth/service_security_context.cc,"(112, 11)-(112, 16)",b'catch (...) {\n    return MY_SVC_TRUE;\n  }'
sql,../repos/mysql-server/sql/auth/service_security_context.cc,"(130, 11)-(130, 16)",b'catch (...) {\n    return MY_SVC_TRUE;\n  }'
sql,../repos/mysql-server/sql/auth/service_security_context.cc,"(154, 11)-(154, 16)",b'catch (...) {\n    return MY_SVC_TRUE;\n  }'
sql,../repos/mysql-server/sql/auth/service_security_context.cc,"(270, 11)-(270, 16)",b'catch (...) {\n    return MY_SVC_TRUE;\n  }'
sql,../repos/mysql-server/sql/auth/service_security_context.cc,"(340, 11)-(340, 16)",b'catch (...) {\n    return MY_SVC_TRUE;\n  }'
sql,../repos/mysql-server/sql/auth/sql_user.cc,"(2793, 19)-(2793, 24)",b'catch (...) {\n            LogErr(WARNING_LEVE...'
sql,../repos/mysql-server/sql/auth/sql_user.cc,"(3467, 19)-(3467, 24)",b'catch (...) {\n            LogErr(WARNING_LEVE...'
sql,../repos/mysql-server/sql/auth/sql_user.cc,"(3496, 19)-(3496, 24)",b'catch (...) {\n            LogErr(WARNING_LEVE...'
sql,../repos/mysql-server/sql/auth/sql_auth_cache.cc,"(810, 15)-(810, 32)","b'get_sort(uint count, ...)'"
sql,../repos/mysql-server/sql/auth/dynamic_privileges_impl.cc,"(121, 11)-(121, 16)",b'catch (...) {\n    return true;\n  }'
sql,../repos/mysql-server/sql/auth/dynamic_privileges_impl.cc,"(169, 11)-(169, 16)",b'catch (...) {\n    return true;\n  }'
sql,../repos/mysql-server/sql/auth/dynamic_privileges_impl.cc,"(221, 11)-(221, 16)",b'catch (...) {\n    return true;\n  }'
sql,../repos/mysql-server/sql/auth/dynamic_privileges_impl.cc,"(255, 11)-(255, 16)",b'catch (...) {\n    return true;\n  }'
sql,../repos/mysql-server/sql/auth/auth_internal.h,"(119, 15)-(119, 32)","b'get_sort(uint count, ...)'"
sql,../repos/mysql-server/sql/auth/sql_authorization.cc,"(6872, 11)-(6872, 16)",b'catch (...) {\n    return true;\n  }'
sql,../repos/mysql-server/sql/auth/sql_authorization.cc,"(6922, 11)-(6922, 16)",b'catch (...) {\n    return true;\n  }'
sql,../repos/mysql-server/sql/auth/sql_authorization.cc,"(6969, 11)-(6969, 16)",b'catch (...) {\n    return true;\n  }'
sql,../repos/mysql-server/sql/auth/sql_authorization.cc,"(7058, 11)-(7058, 16)",b'catch (...) {\n    return true;\n  }'
sql,../repos/mysql-server/sql/auth/sql_authorization.cc,"(7089, 11)-(7089, 16)",b'catch (...) {\n    return true;\n  }'
sql,../repos/mysql-server/sql/auth/sql_authorization.cc,"(7141, 11)-(7141, 16)",b'catch (...) {\n    return true;\n  }'
sql,../repos/mysql-server/sql/xa/xid_extract.cc,"(71, 15)-(71, 20)",b'catch (...) {\n      }'
sql,../repos/mysql-server/sql/partitioning/partition_handler.cc,"(1309, 39)-(1313, 44)","b'Partition_helper::print_admin_msg(THD *thd, u...'"
sql,../repos/mysql-server/sql/partitioning/partition_handler.h,"(710, 23)-(712, 66)","b'print_admin_msg(THD *thd, uint len, const cha...'"
sql,../repos/mysql-server/sql/item_json_func.cc,"(635, 11)-(635, 16)",b'catch (...) {\n    /* purecov: begin inspected...'
sql,../repos/mysql-server/sql/item_json_func.cc,"(1070, 11)-(1070, 16)",b'catch (...) {\n    /* purecov: begin inspected...'
sql,../repos/mysql-server/sql/item_json_func.cc,"(1145, 11)-(1145, 16)",b'catch (...) {\n    /* purecov: begin inspected...'
sql,../repos/mysql-server/sql/item_json_func.cc,"(1347, 11)-(1347, 16)",b'catch (...) {\n    /* purecov: begin inspected...'
sql,../repos/mysql-server/sql/item_json_func.cc,"(1449, 26)-(1450, 43)","b'create_scalar(Json_scalar_holder *scalar, Jso...'"
sql,../repos/mysql-server/sql/item_json_func.cc,"(1724, 11)-(1724, 16)",b'catch (...) {\n    /* purecov: begin inspected...'
sql,../repos/mysql-server/sql/item_json_func.cc,"(1815, 11)-(1815, 16)",b'catch (...) {\n    /* purecov: begin inspected...'
sql,../repos/mysql-server/sql/item_json_func.cc,"(1835, 11)-(1835, 16)",b'catch (...) {\n    /* purecov: begin inspected...'
sql,../repos/mysql-server/sql/item_json_func.cc,"(1899, 11)-(1899, 16)",b'catch (...) {\n    /* purecov: begin inspected...'
sql,../repos/mysql-server/sql/item_json_func.cc,"(1966, 11)-(1966, 16)",b'catch (...) {\n    /* purecov: begin inspected...'
sql,../repos/mysql-server/sql/item_json_func.cc,"(2128, 11)-(2128, 16)",b'catch (...) {\n    /* purecov: begin inspected...'
sql,../repos/mysql-server/sql/item_json_func.cc,"(2252, 11)-(2252, 16)",b'catch (...) {\n    /* purecov: begin inspected...'
sql,../repos/mysql-server/sql/item_json_func.cc,"(2339, 11)-(2339, 16)",b'catch (...) {\n    /* purecov: begin inspected...'
sql,../repos/mysql-server/sql/item_json_func.cc,"(2663, 11)-(2663, 16)",b'catch (...) {\n    /* purecov: begin inspected...'
sql,../repos/mysql-server/sql/item_json_func.cc,"(2708, 11)-(2708, 16)",b'catch (...) {\n    /* purecov: begin inspected...'
sql,../repos/mysql-server/sql/item_json_func.cc,"(2765, 11)-(2765, 16)",b'catch (...) {\n    /* purecov: begin inspected...'
sql,../repos/mysql-server/sql/item_json_func.cc,"(3053, 11)-(3053, 16)",b'catch (...) {\n    /* purecov: begin inspected...'
sql,../repos/mysql-server/sql/item_json_func.cc,"(3129, 11)-(3129, 16)",b'catch (...) {\n    /* purecov: begin inspected...'
sql,../repos/mysql-server/sql/item_json_func.cc,"(3251, 11)-(3251, 16)",b'catch (...) {\n    /* purecov: begin inspected...'
sql,../repos/mysql-server/sql/item_json_func.cc,"(3322, 11)-(3322, 16)",b'catch (...) {\n    /* purecov: begin inspected...'
sql,../repos/mysql-server/sql/item_json_func.cc,"(3418, 11)-(3418, 16)",b'catch (...) {\n    /* purecov: begin inspected...'
sql,../repos/mysql-server/sql/item_json_func.cc,"(3445, 9)-(3445, 14)",b'catch (...) {\n    handle_std_exception(func_n...'
sql,../repos/mysql-server/sql/item_json_func.cc,"(3477, 9)-(3477, 14)",b'catch (...) {\n    handle_std_exception(func_n...'
sql,../repos/mysql-server/sql/item_json_func.cc,"(3508, 9)-(3508, 14)",b'catch (...) {\n    handle_std_exception(func_n...'
sql,../repos/mysql-server/sql/item_json_func.cc,"(3598, 9)-(3598, 14)",b'catch (...) {\n    handle_std_exception(func_n...'
sql,../repos/mysql-server/sql/item_json_func.cc,"(3709, 11)-(3709, 16)",b'catch (...) {\n    handle_std_exception(func_n...'
sql,../repos/mysql-server/sql/item_json_func.cc,"(4013, 11)-(4013, 16)",b'catch (...) {\n    handle_std_exception(func_n...'
sql,../repos/mysql-server/sql/item_json_func.cc,"(4087, 11)-(4087, 16)",b'catch (...) {\n    handle_std_exception(func_n...'
sql,../repos/mysql-server/sql/item_json_func.cc,"(4775, 11)-(4775, 16)",b'catch (...) {\n    handle_std_exception(func_n...'
sql,../repos/mysql-server/sql/mem_root_allocator.h,"(111, 17)-(111, 40)","b'construct(U *p, Args &&... args)'"
sql,../repos/mysql-server/sql/mem_root_allocator.h,"(115, 13)-(115, 18)",b'catch (...) {\n      assert(false);  // Constr...'
sql,../repos/mysql-server/sql/mem_root_allocator.h,"(124, 13)-(124, 18)",b'catch (...) {\n      assert(false);  // Destru...'
sql,../repos/mysql-server/sql/parse_tree_node_base.h,"(367, 14)-(367, 68)","b'errorf(Context *pc, const POS &pos, const cha...'"
sql,../repos/mysql-server/sql/parse_tree_node_base.h,"(372, 50)-(374, 55)",b'Parse_tree_node_tmpl<Context>::errorf(Context...'
sql,../repos/mysql-server/sql/table_function.cc,"(265, 11)-(265, 16)",b'catch (...) {\n    /* purecov: begin inspected...'
sql,../repos/mysql-server/sql/table_function.cc,"(631, 11)-(631, 16)",b'catch (...) {\n    /* purecov: begin inspected...'
sql,../repos/mysql-server/sql/examples/service_foo.h,"(49, 24)-(49, 29)",b'(*foo_func1_type)(...)'
sql,../repos/mysql-server/sql/examples/service_foo.h,"(55, 25)-(55, 30)",b'(*foo_func2_type)(...)'
sql,../repos/mysql-server/sql/examples/service_foo.h,"(65, 19)-(65, 24)",b'foo_func1_type(...)'
sql,../repos/mysql-server/sql/examples/service_foo.h,"(66, 20)-(66, 25)",b'foo_func2_type(...)'
sql,../repos/mysql-server/sql/json_schema.cc,"(173, 11)-(173, 16)",b'catch (...) {\n    handle_std_exception(functi...'
sql,../repos/mysql-server/sql/rpl_sys_table_access.h,"(192, 32)-(193, 60)","b'for_each_in_tuple(std::tuple<Ts...> &tuple, F...'"
sql,../repos/mysql-server/sql/rpl_sys_table_access.h,"(199, 32)-(199, 66)","b'for_each_in_tuple(std::tuple<Ts...> &tuple, F...'"
sql,../repos/mysql-server/sql/rpl_sys_table_access.h,"(204, 32)-(205, 60)",b'for_each_in_tuple(const std::tuple<Ts...> &tu...'
sql,../repos/mysql-server/sql/rpl_sys_table_access.h,"(211, 32)-(211, 72)",b'for_each_in_tuple(const std::tuple<Ts...> &tu...'
sql,../repos/mysql-server/sql/sql_class.h,"(4020, 26)-(4020, 42)","b'raise_error_printf(uint code, ...)'"
sql,../repos/mysql-server/sql/sql_class.h,"(4032, 28)-(4032, 44)","b'raise_warning_printf(uint code, ...)'"
sql,../repos/mysql-server/sql/sql_class.h,"(4044, 25)-(4044, 41)","b'raise_note_printf(uint code, ...)'"
sql,../repos/mysql-server/sql/sql_class.h,"(4401, 20)-(4401, 45)","b'syntax_error(const char *format, ...)'"
sql,../repos/mysql-server/sql/sql_class.h,"(4403, 20)-(4403, 42)","b'syntax_error(int mysql_errno, ...)'"
sql,../repos/mysql-server/sql/sql_class.h,"(4408, 23)-(4408, 69)","b'syntax_error_at(const POS &location, const ch...'"
sql,../repos/mysql-server/sql/sql_class.h,"(4410, 23)-(4410, 66)","b'syntax_error_at(const POS &location, int mysq...'"
sql,../repos/mysql-server/sql/mysqld.cc,"(1893, 34)-(1893, 72)","b'option_error_reporter(enum loglevel level, ui...'"
sql,../repos/mysql-server/sql/log.h,"(136, 16)-(136, 35)","b'log_message(int log_type, ...)'"
sql,../repos/mysql-server/sql/log.h,"(352, 25)-(353, 50)","b'general_log_print(THD *thd, enum_server_comma...'"
sql,../repos/mysql-server/sql/sql_class.cc,"(937, 29)-(937, 50)","b'THD::raise_error_printf(uint sql_errno, ...)'"
sql,../repos/mysql-server/sql/sql_class.cc,"(954, 31)-(954, 52)","b'THD::raise_warning_printf(uint sql_errno, ...)'"
sql,../repos/mysql-server/sql/sql_class.cc,"(974, 28)-(974, 49)","b'THD::raise_note_printf(uint sql_errno, ...)'"
sql,../repos/mysql-server/sql/sql_class.cc,"(2728, 23)-(2728, 48)","b'THD::syntax_error(const char *format, ...)'"
sql,../repos/mysql-server/sql/sql_class.cc,"(2749, 23)-(2749, 45)","b'THD::syntax_error(int mysql_errno, ...)'"
sql,../repos/mysql-server/sql/sql_class.cc,"(2773, 26)-(2773, 72)","b'THD::syntax_error_at(const POS &location, con...'"
sql,../repos/mysql-server/sql/sql_class.cc,"(2795, 26)-(2795, 69)","b'THD::syntax_error_at(const POS &location, int...'"
sql,../repos/mysql-server/sql/handler.h,"(2562, 56)-(2563, 45)",b'MakeSecondaryEngineFlags(\n    SecondaryEngine...'
sql,../repos/mysql-server/sql/memory/unique_ptr.h,"(53, 34)-(53, 39)",b'test_for_allocate(...)'
sql,../repos/mysql-server/sql/memory/unique_ptr.h,"(122, 17)-(122, 40)","b'construct(U *p, Args &&... args)'"
sql,../repos/mysql-server/sql/memory/unique_ptr.h,"(208, 13)-(208, 40)","b'Unique_ptr(A &alloc, Args &&... args)'"
sql,../repos/mysql-server/sql/memory/unique_ptr.h,"(219, 13)-(219, 30)",b'Unique_ptr(Args &&... args)'
sql,../repos/mysql-server/sql/memory/unique_ptr.h,"(431, 29)-(431, 56)","b'make_unique(A &alloc, Args &&... args)'"
sql,../repos/mysql-server/sql/memory/unique_ptr.h,"(442, 42)-(442, 59)",b'make_unique(Args &&... args)'
sql,../repos/mysql-server/sql/memory/unique_ptr.h,"(519, 41)-(519, 64)","b'memory::PFS_allocator<T>::construct(U *p, Arg...'"
sql,../repos/mysql-server/sql/memory/unique_ptr.h,"(523, 11)-(523, 16)",b'catch (...) {\n    assert(false);  // Construc...'
sql,../repos/mysql-server/sql/memory/unique_ptr.h,"(533, 11)-(533, 16)",b'catch (...) {\n    assert(false);  // Destruct...'
sql,../repos/mysql-server/sql/memory/unique_ptr.h,"(574, 37)-(574, 64)","b'memory::Unique_ptr<T, A>::Unique_ptr(A &alloc...'"
sql,../repos/mysql-server/sql/memory/unique_ptr.h,"(584, 37)-(584, 54)","b'memory::Unique_ptr<T, A>::Unique_ptr(Args &&....'"
sql,../repos/mysql-server/sql/memory/unique_ptr.h,"(795, 45)-(795, 72)","b'memory::make_unique(A &alloc, Args &&... args)'"
sql,../repos/mysql-server/sql/memory/unique_ptr.h,"(802, 58)-(802, 75)",b'memory::make_unique(Args &&... args)'
sql,../repos/mysql-server/sql/item_geofunc.cc,"(3887, 11)-(3887, 16)",b'catch (...) {\n    null_value = true;\n    hand...'
sql,../repos/mysql-server/sql/item_geofunc.cc,"(4061, 11)-(4061, 16)",b'catch (...) {\n    null_value = true;\n    hand...'
sql,../repos/mysql-server/sql/item_sum.cc,"(5771, 29)-(5772, 53)",b'Item_sum_json::Item_sum_json(unique_ptr_destr...'
sql,../repos/mysql-server/sql/item_sum.cc,"(6064, 11)-(6064, 16)",b'catch (...) {\n    /* purecov: begin inspected...'
sql,../repos/mysql-server/sql/item_sum.cc,"(6172, 11)-(6172, 16)",b'catch (...) {\n    /* purecov: begin inspected...'
sql,../repos/mysql-server/sql/item_sum.cc,"(6555, 13)-(6555, 18)",b'catch (...) {\n      /* purecov: begin inspect...'
sql,../repos/mysql-server/sql/rpl_reporting.h,"(74, 22)-(74, 74)","b'report(loglevel level, int err_code, const ch...'"
sql,../repos/mysql-server/sql/rpl_reporting.h,"(77, 22)-(79, 27)","b'report(loglevel level, int err_code,\n        ...'"
sql,../repos/mysql-server/sql/gis/frechet_distance.cc,"(90, 11)-(90, 16)",b'catch (...) {\n    handle_gis_exception(func_n...'
sql,../repos/mysql-server/sql/gis/srs/wkt_parser.cc,"(265, 11)-(265, 16)",b'catch (...) {\n    my_error(ER_SRS_PARSE_ERROR...'
sql,../repos/mysql-server/sql/gis/srs/srs.cc,"(70, 13)-(70, 18)",b'catch (...) {\n      // Code is invalid or out...'
sql,../repos/mysql-server/sql/gis/srs/srs.cc,"(282, 15)-(282, 20)",b'catch (...)  // Invalid or out of range.\n    ...'
sql,../repos/mysql-server/sql/gis/srs/srs.cc,"(2585, 13)-(2585, 18)",b'catch (...)  // Invalid or out of range.\n    ...'
sql,../repos/mysql-server/sql/gis/distance_sphere.cc,"(167, 11)-(167, 16)",b'catch (...) {\n    handle_gis_exception(func_n...'
sql,../repos/mysql-server/sql/gis/union.cc,"(56, 11)-(56, 16)",b'catch (...) {\n    handle_gis_exception(func_n...'
sql,../repos/mysql-server/sql/gis/difference.cc,"(58, 11)-(58, 16)",b'catch (...) {\n    handle_gis_exception(func_n...'
sql,../repos/mysql-server/sql/gis/area.cc,"(103, 11)-(103, 16)",b'catch (...) {\n    /* purecov: begin inspected...'
sql,../repos/mysql-server/sql/gis/crosses.cc,"(887, 11)-(887, 16)",b'catch (...) {\n    handle_gis_exception(func_n...'
sql,../repos/mysql-server/sql/gis/rtree_support.cc,"(101, 11)-(101, 16)",b'catch (...) {\n    assert(false); /* purecov: ...'
sql,../repos/mysql-server/sql/gis/rtree_support.cc,"(139, 11)-(139, 16)",b'catch (...) {\n    assert(false); /* purecov: ...'
sql,../repos/mysql-server/sql/gis/rtree_support.cc,"(171, 11)-(171, 16)",b'catch (...) {\n    assert(false); /* purecov: ...'
sql,../repos/mysql-server/sql/gis/rtree_support.cc,"(202, 11)-(202, 16)",b'catch (...) {\n    assert(false); /* purecov: ...'
sql,../repos/mysql-server/sql/gis/rtree_support.cc,"(252, 11)-(252, 16)",b'catch (...) {\n    assert(false); /* purecov: ...'
sql,../repos/mysql-server/sql/gis/rtree_support.cc,"(288, 11)-(288, 16)",b'catch (...) {\n    assert(false); /* purecov: ...'
sql,../repos/mysql-server/sql/gis/rtree_support.cc,"(319, 11)-(319, 16)",b'catch (...) {\n    assert(false); /* purecov: ...'
sql,../repos/mysql-server/sql/gis/rtree_support.cc,"(346, 11)-(346, 16)",b'catch (...) {\n    assert(false); /* purecov: ...'
sql,../repos/mysql-server/sql/gis/rtree_support.cc,"(397, 11)-(397, 16)",b'catch (...) {\n    assert(false); /* purecov: ...'
sql,../repos/mysql-server/sql/gis/rtree_support.cc,"(466, 11)-(466, 16)",b'catch (...) {\n    assert(false); /* purecov: ...'
sql,../repos/mysql-server/sql/gis/rtree_support.cc,"(519, 11)-(519, 16)",b'catch (...) {\n    assert(false); /* purecov: ...'
sql,../repos/mysql-server/sql/gis/symdifference.cc,"(58, 11)-(58, 16)",b'catch (...) {\n    handle_gis_exception(func_n...'
sql,../repos/mysql-server/sql/gis/ring_flip_visitor.h,"(62, 13)-(62, 18)",b'catch (...) {\n      // Spheroid construction ...'
sql,../repos/mysql-server/sql/gis/touches.cc,"(1247, 11)-(1247, 16)",b'catch (...) {\n    handle_gis_exception(func_n...'
sql,../repos/mysql-server/sql/gis/touches.cc,"(1289, 11)-(1289, 16)",b'catch (...) {\n    handle_gis_exception(func_n...'
sql,../repos/mysql-server/sql/gis/is_simple.cc,"(163, 11)-(163, 16)",b'catch (...) { /* purecov: inspected */\n    ha...'
sql,../repos/mysql-server/sql/gis/disjoint.cc,"(661, 11)-(661, 16)",b'catch (...) {\n    handle_gis_exception(func_n...'
sql,../repos/mysql-server/sql/gis/disjoint.cc,"(703, 11)-(703, 16)",b'catch (...) {\n    handle_gis_exception(func_n...'
sql,../repos/mysql-server/sql/gis/is_valid.cc,"(115, 11)-(115, 16)",b'catch (...) {\n    handle_gis_exception(func_n...'
sql,../repos/mysql-server/sql/gis/wkb.cc,"(401, 13)-(401, 18)",b'catch (...) {\n      res = true;\n    }'
sql,../repos/mysql-server/sql/gis/wkb.cc,"(413, 13)-(413, 18)",b'catch (...) {\n      res = true;\n    }'
sql,../repos/mysql-server/sql/gis/covered_by.cc,"(120, 11)-(120, 16)",b'catch (...) {\n    handle_gis_exception(func_n...'
sql,../repos/mysql-server/sql/gis/within.cc,"(1362, 11)-(1362, 16)",b'catch (...) {\n    handle_gis_exception(func_n...'
sql,../repos/mysql-server/sql/gis/within.cc,"(1406, 11)-(1406, 16)",b'catch (...) {\n    handle_gis_exception(func_n...'
sql,../repos/mysql-server/sql/gis/ring_flip_visitor.cc,"(45, 13)-(45, 18)",b'catch (...) {\n      m_invalid = true;\n    }'
sql,../repos/mysql-server/sql/gis/ring_flip_visitor.cc,"(64, 13)-(64, 18)",b'catch (...) {\n      m_invalid = true;\n    }'
sql,../repos/mysql-server/sql/gis/intersects.cc,"(655, 11)-(655, 16)",b'catch (...) {\n    handle_gis_exception(func_n...'
sql,../repos/mysql-server/sql/gis/intersects.cc,"(697, 11)-(697, 16)",b'catch (...) {\n    handle_gis_exception(func_n...'
sql,../repos/mysql-server/sql/gis/overlaps.cc,"(829, 11)-(829, 16)",b'catch (...) {\n    handle_gis_exception(func_n...'
sql,../repos/mysql-server/sql/gis/overlaps.cc,"(871, 11)-(871, 16)",b'catch (...) {\n    handle_gis_exception(func_n...'
sql,../repos/mysql-server/sql/gis/distance.cc,"(54, 11)-(54, 16)","b'catch (...) {\n    handle_gis_exception(""st_di...'"
sql,../repos/mysql-server/sql/gis/hausdorff_distance.cc,"(151, 11)-(151, 16)",b'catch (...) {\n    handle_gis_exception(func_n...'
sql,../repos/mysql-server/sql/gis/transform.cc,"(250, 11)-(250, 16)",b'catch (...) {\n    /* purecov: begin inspected...'
sql,../repos/mysql-server/sql/gis/intersection.cc,"(58, 11)-(58, 16)",b'catch (...) {\n    handle_gis_exception(func_n...'
sql,../repos/mysql-server/sql/gis/equals.cc,"(764, 11)-(764, 16)",b'catch (...) {\n    handle_gis_exception(func_n...'
sql,../repos/mysql-server/sql/gis/equals.cc,"(814, 11)-(814, 16)",b'catch (...) {\n    handle_gis_exception(func_n...'
sql,../repos/mysql-server/sql/gis/length.cc,"(95, 11)-(95, 16)","b'catch (...) {\n    handle_gis_exception(""st_le...'"
sql,../repos/mysql-server/sql/gis/simplify.cc,"(153, 11)-(153, 16)",b'catch (...) {\n    handle_gis_exception(func_n...'
sql,../repos/mysql-server/sql/gis/line_interpolate.cc,"(114, 11)-(114, 16)",b'catch (...) {\n    handle_gis_exception(func_n...'
sql,../repos/mysql-server/sql/gis/buffer.cc,"(331, 11)-(331, 16)",b'catch (...) {\n    handle_gis_exception(func_n...'
sql,../repos/mysql-server/sql/sql_error.cc,"(689, 25)-(690, 61)","b'push_warning_printf(THD *thd, Sql_condition::...'"
sql,../repos/mysql-server/sql/rpl_replica_until_options.cc,"(356, 11)-(356, 16)",b'catch (...) {\n    return ER_OUTOFMEMORY;\n  }'
sql,../repos/mysql-server/sql/sql_error.h,"(723, 25)-(724, 61)","b'push_warning_printf(THD *thd, Sql_condition::...'"
sql,../repos/mysql-server/sql/sql_event_tracking_to_audit_event_mapping.cc,"(96, 11)-(96, 16)",b'catch (...) {\n    return MYSQL_AUDIT_CLASS_MA...'
sql,../repos/mysql-server/sql/iterators/timing_iterator.h,"(161, 17)-(161, 44)","b'TimingIterator(THD *thd, Args &&... args)'"
sql,../repos/mysql-server/sql/iterators/timing_iterator.h,"(221, 49)-(222, 66)","b'NewIterator(THD *thd, MEM_ROOT *mem_root,\n   ...'"
sql,../repos/mysql-server/sql/join_optimizer/secondary_engine_costing_flags.h,"(57, 77)-(58, 67)",b'MakeSecondaryEngineCostingFlags(\n    const Se...'
sql,../repos/mysql-server/sql/join_optimizer/bit_utils.h,"(181, 31)-(181, 61)","b'TableBitmap(unsigned first, Args... rest)'"
sql,../repos/mysql-server/sql/join_optimizer/explain_access_path.cc,"(116, 30)-(117, 52)","b'AddMemberToObject(const JsonObjectPtr &obj, c...'"
sql,../repos/mysql-server/sql/join_optimizer/explain_access_path.cc,"(123, 30)-(124, 52)",b'AddElementToArray(const unique_ptr<Json_array...'
sql,../repos/mysql-server/sql/join_optimizer/print_utils.h,"(38, 25)-(38, 47)","b'StringPrintf(const char *fmt, ...)'"
sql,../repos/mysql-server/sql/join_optimizer/print_utils.cc,"(39, 25)-(39, 47)","b'StringPrintf(const char *fmt, ...)'"
sql,../repos/mysql-server/sql/item_create.cc,"(1799, 11)-(1799, 16)","b'catch (...) {\n    handle_std_exception(""item_...'"
sql,../repos/mysql-server/sql/item_create.cc,"(1816, 11)-(1816, 16)","b'catch (...) {\n    handle_std_exception(""find_...'"
sql,../repos/mysql-server/sql/malloc_allocator.h,"(105, 17)-(105, 40)","b'construct(U *p, Args &&... args)'"
sql,../repos/mysql-server/sql/malloc_allocator.h,"(109, 13)-(109, 18)",b'catch (...) {\n      assert(false);  // Constr...'
sql,../repos/mysql-server/sql/malloc_allocator.h,"(118, 13)-(118, 18)",b'catch (...) {\n      assert(false);  // Destru...'
sql,../repos/mysql-server/sql/inplace_vector.h,"(104, 13)-(104, 18)",b'catch (...) {\n      m_outof_mem = true;\n     ...'
