Repo name,File name,Location,Content
sql,../repos/mysql-server/sql/binlog_ostream.cc,"(206, 10)-(206, 20)",b'unique_ptr<Rpl_encryption_header>'
sql,../repos/mysql-server/sql/binlog_ostream.cc,"(210, 10)-(210, 20)",b'unique_ptr<Stream_cipher>'
sql,../repos/mysql-server/sql/binlog_ostream.cc,"(213, 10)-(213, 20)",b'unique_ptr<Stream_cipher>'
sql,../repos/mysql-server/sql/sql_table.cc,"(996, 8)-(996, 18)",b'unique_ptr<dd::Table>'
sql,../repos/mysql-server/sql/sql_table.cc,"(1092, 8)-(1092, 18)",b'unique_ptr<dd::Table>'
sql,../repos/mysql-server/sql/sql_table.cc,"(2716, 3)-(2716, 26)",b'unique_ptr_destroy_only<handler>'
sql,../repos/mysql-server/sql/sql_table.cc,"(2793, 3)-(2793, 26)",b'unique_ptr_destroy_only<handler>'
sql,../repos/mysql-server/sql/sql_table.cc,"(8781, 8)-(8781, 18)","b'unique_ptr<handler, Destroy_only<handler>>'"
sql,../repos/mysql-server/sql/sql_table.cc,"(9156, 8)-(9156, 18)",b'unique_ptr<dd::Table>'
sql,../repos/mysql-server/sql/sql_table.cc,"(17183, 8)-(17183, 18)",b'unique_ptr<dd::Table>'
sql,../repos/mysql-server/sql/sql_table.cc,"(18592, 3)-(18592, 26)",b'unique_ptr_destroy_only<Filesort>'
sql,../repos/mysql-server/sql/sql_table.cc,"(18593, 3)-(18593, 26)",b'unique_ptr_destroy_only<RowIterator>'
sql,../repos/mysql-server/sql/rpl_utility.cc,"(503, 8)-(503, 18)",b'unique_ptr<cs::util::ReplicatedColumnsView>'
sql,../repos/mysql-server/sql/rpl_utility.cc,"(666, 8)-(666, 18)",b'unique_ptr<cs::util::ReplicatedColumnsView>'
sql,../repos/mysql-server/sql/rpl_write_set_handler.cc,"(731, 10)-(731, 20)",b'unique_ptr<uchar[]>'
sql,../repos/mysql-server/sql/rpl_write_set_handler.cc,"(866, 18)-(866, 28)",b'unique_ptr<uchar[]>'
sql,../repos/mysql-server/sql/rpl_write_set_handler.cc,"(894, 18)-(894, 28)",b'unique_ptr<uchar[]>'
sql,../repos/mysql-server/sql/rpl_write_set_handler.cc,"(1050, 20)-(1050, 30)",b'unique_ptr<uchar[]>'
sql,../repos/mysql-server/sql/sql_cmd_srs.cc,"(220, 8)-(220, 18)",b'unique_ptr<dd::Spatial_reference_system>'
sql,../repos/mysql-server/sql/sql_help.cc,"(541, 3)-(541, 26)",b'unique_ptr_destroy_only<RowIterator>'
sql,../repos/mysql-server/sql/sql_help.cc,"(548, 3)-(548, 26)",b'unique_ptr_destroy_only<RowIterator>'
sql,../repos/mysql-server/sql/sql_help.cc,"(639, 5)-(639, 28)",b'unique_ptr_destroy_only<RowIterator>'
sql,../repos/mysql-server/sql/sql_help.cc,"(650, 5)-(650, 28)",b'unique_ptr_destroy_only<RowIterator>'
sql,../repos/mysql-server/sql/sql_help.cc,"(668, 7)-(668, 30)",b'unique_ptr_destroy_only<RowIterator>'
sql,../repos/mysql-server/sql/sql_help.cc,"(693, 9)-(693, 32)",b'unique_ptr_destroy_only<RowIterator>'
sql,../repos/mysql-server/sql/sql_help.cc,"(702, 9)-(702, 32)",b'unique_ptr_destroy_only<RowIterator>'
sql,../repos/mysql-server/sql/sql_help.cc,"(724, 5)-(724, 28)",b'unique_ptr_destroy_only<RowIterator>'
sql,../repos/mysql-server/sql/changestreams/misc/replicated_columns_view_factory.h,"(56, 10)-(56, 20)",b'unique_ptr<ReplicatedColumnsView>'
sql,../repos/mysql-server/sql/changestreams/misc/replicated_columns_view_factory.h,"(91, 29)-(91, 39)",b'unique_ptr<cs::util::ReplicatedColumnsView>'
sql,../repos/mysql-server/sql/field.cc,"(7711, 8)-(7711, 18)",b'unique_ptr<Json_dom>'
sql,../repos/mysql-server/sql/stream_cipher.cc,"(34, 8)-(34, 18)",b'unique_ptr<Stream_cipher>'
sql,../repos/mysql-server/sql/stream_cipher.cc,"(39, 8)-(39, 18)",b'unique_ptr<Stream_cipher>'
sql,../repos/mysql-server/sql/conn_handler/socket_connection.cc,"(1167, 8)-(1167, 18)",b'unique_ptr<admin_thread_arg_t>'
sql,../repos/mysql-server/sql/parse_tree_nodes.h,"(5139, 23)-(5139, 46)",b'unique_ptr_destroy_only<Json_table_column>'
sql,../repos/mysql-server/sql/rpl_log_encryption.cc,"(985, 8)-(985, 18)",b'unique_ptr<Rpl_encryption_header>'
sql,../repos/mysql-server/sql/rpl_log_encryption.cc,"(991, 14)-(991, 24)",b'unique_ptr<Rpl_encryption_header>'
sql,../repos/mysql-server/sql/rpl_log_encryption.cc,"(1012, 8)-(1012, 18)",b'unique_ptr<Rpl_encryption_header>'
sql,../repos/mysql-server/sql/handler.cc,"(5398, 8)-(5398, 18)",b'unique_ptr<dd::Table>'
sql,../repos/mysql-server/sql/rpl_mta_submode.cc,"(202, 10)-(202, 20)",b'shared_ptr<Log_event>'
sql,../repos/mysql-server/sql/dd_sql_view.cc,"(256, 12)-(256, 22)",b'unique_ptr<dd::View>'
sql,../repos/mysql-server/sql/dd_sql_view.cc,"(264, 12)-(264, 22)",b'unique_ptr<dd::Schema>'
sql,../repos/mysql-server/sql/item.h,"(7338, 13)-(7338, 36)",b'unique_ptr_destroy_only<Json_wrapper>'
sql,../repos/mysql-server/sql/range_optimizer/index_merge.h,"(104, 7)-(104, 30)",b'unique_ptr_destroy_only<RowIterator>'
sql,../repos/mysql-server/sql/range_optimizer/index_merge.h,"(105, 22)-(105, 45)",b'unique_ptr_destroy_only<RowIterator>'
sql,../repos/mysql-server/sql/range_optimizer/rowid_ordered_retrieval.h,"(67, 22)-(67, 45)",b'unique_ptr_destroy_only<RowIterator>'
sql,../repos/mysql-server/sql/range_optimizer/rowid_ordered_retrieval.h,"(68, 7)-(68, 30)",b'unique_ptr_destroy_only<RowIterator>'
sql,../repos/mysql-server/sql/range_optimizer/rowid_ordered_retrieval.h,"(173, 22)-(173, 45)",b'unique_ptr_destroy_only<RowIterator>'
sql,../repos/mysql-server/sql/sql_executor.h,"(515, 1)-(515, 24)",b'unique_ptr_destroy_only<RowIterator>'
sql,../repos/mysql-server/sql/sql_executor.h,"(516, 5)-(516, 28)",b'unique_ptr_destroy_only<RowIterator>'
sql,../repos/mysql-server/sql/sql_executor.h,"(577, 1)-(577, 24)",b'unique_ptr_destroy_only<RowIterator>'
sql,../repos/mysql-server/sql/sql_delete.cc,"(511, 5)-(511, 28)",b'unique_ptr_destroy_only<Filesort>'
sql,../repos/mysql-server/sql/sql_delete.cc,"(526, 5)-(526, 28)",b'unique_ptr_destroy_only<RowIterator>'
sql,../repos/mysql-server/sql/sql_delete.cc,"(1137, 3)-(1137, 26)",b'unique_ptr_destroy_only<RowIterator>'
sql,../repos/mysql-server/sql/session_tracker.cc,"(430, 3)-(430, 21)",b'unique_ptr_my_free<sysvar_node_st>'
sql,../repos/mysql-server/sql/sql_bootstrap.cc,"(111, 3)-(111, 18)",b'unique_ptr_free<char>'
sql,../repos/mysql-server/sql/item_strfunc.cc,"(4458, 8)-(4458, 18)",b'unique_ptr<dd::Properties>'
sql,../repos/mysql-server/sql/item_strfunc.cc,"(4659, 8)-(4659, 18)",b'unique_ptr<dd::Properties>'
sql,../repos/mysql-server/sql/item_strfunc.cc,"(4732, 10)-(4732, 20)",b'unique_ptr<dd::Properties>'
sql,../repos/mysql-server/sql/item_strfunc.cc,"(4781, 10)-(4781, 20)",b'unique_ptr<dd::Properties>'
sql,../repos/mysql-server/sql/item_strfunc.cc,"(4936, 8)-(4936, 18)",b'unique_ptr<dd::Properties>'
sql,../repos/mysql-server/sql/item_strfunc.cc,"(5002, 8)-(5002, 18)",b'unique_ptr<dd::Properties>'
sql,../repos/mysql-server/sql/item_strfunc.cc,"(5203, 8)-(5203, 18)",b'unique_ptr<dd::Properties>'
sql,../repos/mysql-server/sql/item_strfunc.cc,"(5260, 8)-(5260, 18)",b'unique_ptr<dd::Properties>'
sql,../repos/mysql-server/sql/item_strfunc.cc,"(5511, 10)-(5511, 20)",b'unique_ptr<dd::Properties>'
sql,../repos/mysql-server/sql/sql_rewrite.cc,"(252, 8)-(252, 18)",b'unique_ptr<I_rewriter>'
sql,../repos/mysql-server/sql/rpl_source.cc,"(83, 30)-(83, 48)",b'unique_ptr_my_free<REPLICA_INFO>'
sql,../repos/mysql-server/sql/rpl_source.cc,"(160, 3)-(160, 21)",b'unique_ptr_my_free<REPLICA_INFO>'
sql,../repos/mysql-server/sql/binlog/recovery.cc,"(63, 8)-(63, 18)",b'shared_ptr<Log_event>'
sql,../repos/mysql-server/sql/server_component/component_sys_var_service.cc,"(168, 10)-(168, 20)","b'unique_ptr<SYS_VAR, decltype(&my_free)>'"
sql,../repos/mysql-server/sql/server_component/component_sys_var_service.cc,"(497, 8)-(497, 18)",b'unique_ptr<char[]>'
sql,../repos/mysql-server/sql/server_component/mysql_status_variable_reader_imp.cc,"(50, 10)-(50, 20)",b'unique_ptr<Storing_auto_THD>'
sql,../repos/mysql-server/sql/server_component/mysql_server_event_tracking_bridge_imp.cc,"(1168, 10)-(1168, 20)",b'unique_ptr<mysql_event_message_key_value_t[]>'
sql,../repos/mysql-server/sql/server_component/audit_api_message_service_imp.cc,"(37, 8)-(37, 18)",b'unique_ptr<mysql_event_tracking_message_key_v...'
sql,../repos/mysql-server/sql/server_component/persistent_dynamic_loader.cc,"(244, 5)-(244, 28)",b'unique_ptr_destroy_only<RowIterator>'
sql,../repos/mysql-server/sql/sql_tablespace.cc,"(510, 8)-(510, 18)",b'unique_ptr<dd::Tablespace>'
sql,../repos/mysql-server/sql/sql_tablespace.cc,"(1325, 10)-(1325, 20)",b'unique_ptr<dd::Tablespace>'
sql,../repos/mysql-server/sql/sql_tablespace.cc,"(1325, 10)-(1325, 20)",b'unique_ptr<dd::Tablespace>'
sql,../repos/mysql-server/sql/sql_tablespace.cc,"(1417, 8)-(1417, 18)",b'unique_ptr<dd::Tablespace>'
sql,../repos/mysql-server/sql/item_geofunc_relchecks.cc,"(94, 8)-(94, 18)",b'unique_ptr<gis::Geometry>'
sql,../repos/mysql-server/sql/item_geofunc_relchecks.cc,"(95, 8)-(95, 18)",b'unique_ptr<gis::Geometry>'
sql,../repos/mysql-server/sql/item_geofunc_relchecks.cc,"(96, 8)-(96, 18)",b'unique_ptr<dd::cache::Dictionary_client::Auto...'
sql,../repos/mysql-server/sql/item_sum.h,"(1234, 26)-(1234, 49)",b'unique_ptr_destroy_only<Json_wrapper>'
sql,../repos/mysql-server/sql/item_sum.h,"(1265, 23)-(1265, 46)",b'unique_ptr_destroy_only<Json_wrapper>'
sql,../repos/mysql-server/sql/item_sum.h,"(1266, 23)-(1266, 46)",b'unique_ptr_destroy_only<Json_array>'
sql,../repos/mysql-server/sql/item_sum.h,"(1268, 23)-(1268, 46)",b'unique_ptr_destroy_only<Json_wrapper>'
sql,../repos/mysql-server/sql/item_sum.h,"(1269, 23)-(1269, 46)",b'unique_ptr_destroy_only<Json_array>'
sql,../repos/mysql-server/sql/item_sum.h,"(1301, 24)-(1301, 47)",b'unique_ptr_destroy_only<Json_wrapper>'
sql,../repos/mysql-server/sql/item_sum.h,"(1302, 24)-(1302, 47)",b'unique_ptr_destroy_only<Json_object>'
sql,../repos/mysql-server/sql/item_sum.h,"(1304, 24)-(1304, 47)",b'unique_ptr_destroy_only<Json_wrapper>'
sql,../repos/mysql-server/sql/item_sum.h,"(1305, 24)-(1305, 47)",b'unique_ptr_destroy_only<Json_object>'
sql,../repos/mysql-server/sql/restart_monitor_win.cc,"(464, 8)-(464, 18)",b'unique_ptr<char>'
sql,../repos/mysql-server/sql/hostname_cache.cc,"(164, 13)-(164, 23)",b'unique_ptr<Host_entry>'
sql,../repos/mysql-server/sql/hostname_cache.cc,"(165, 42)-(165, 52)",b'unique_ptr<Host_entry>'
sql,../repos/mysql-server/sql/dd/impl/upgrade/server.cc,"(582, 34)-(582, 44)",b'unique_ptr<dd::Tablespace>'
sql,../repos/mysql-server/sql/dd/impl/upgrade/server.cc,"(601, 8)-(601, 18)",b'unique_ptr<Object_key>'
sql,../repos/mysql-server/sql/dd/impl/upgrade/server.cc,"(604, 33)-(604, 43)",b'unique_ptr<dd::Table>'
sql,../repos/mysql-server/sql/dd/impl/upgrade/server.cc,"(638, 8)-(638, 18)",b'unique_ptr<Object_key>'
sql,../repos/mysql-server/sql/dd/impl/upgrade/server.cc,"(641, 33)-(641, 43)",b'unique_ptr<dd::Event>'
sql,../repos/mysql-server/sql/dd/impl/upgrade/server.cc,"(658, 8)-(658, 18)",b'unique_ptr<Object_key>'
sql,../repos/mysql-server/sql/dd/impl/upgrade/server.cc,"(661, 35)-(661, 45)",b'unique_ptr<dd::Routine>'
sql,../repos/mysql-server/sql/dd/impl/upgrade/server.cc,"(675, 8)-(675, 18)",b'unique_ptr<Object_key>'
sql,../repos/mysql-server/sql/dd/impl/upgrade/server.cc,"(678, 32)-(678, 42)",b'unique_ptr<dd::View>'
sql,../repos/mysql-server/sql/dd/impl/upgrade/server.cc,"(731, 34)-(731, 44)",b'unique_ptr<Schema>'
sql,../repos/mysql-server/sql/dd/impl/cache/dictionary_client.cc,"(666, 8)-(666, 18)",b'unique_ptr<dd::Object_key>'
sql,../repos/mysql-server/sql/dd/impl/cache/dictionary_client.cc,"(681, 8)-(681, 18)",b'unique_ptr<dd::Raw_record_set>'
sql,../repos/mysql-server/sql/dd/impl/cache/dictionary_client.cc,"(1017, 10)-(1017, 20)",b'unique_ptr<const T>'
sql,../repos/mysql-server/sql/dd/impl/cache/dictionary_client.cc,"(1679, 8)-(1679, 18)",b'unique_ptr<Object_key>'
sql,../repos/mysql-server/sql/dd/impl/cache/dictionary_client.cc,"(1687, 8)-(1687, 18)",b'unique_ptr<Raw_record_set>'
sql,../repos/mysql-server/sql/dd/impl/cache/dictionary_client.cc,"(1737, 12)-(1737, 22)",b'unique_ptr<Index_stat::Name_key>'
sql,../repos/mysql-server/sql/dd/impl/cache/dictionary_client.cc,"(1771, 8)-(1771, 18)",b'unique_ptr<Table_stat::Name_key>'
sql,../repos/mysql-server/sql/dd/impl/cache/dictionary_client.cc,"(1996, 8)-(1996, 18)",b'unique_ptr<Raw_record_set>'
sql,../repos/mysql-server/sql/dd/impl/cache/dictionary_client.cc,"(2155, 10)-(2155, 20)",b'unique_ptr<Raw_record_set>'
sql,../repos/mysql-server/sql/dd/impl/cache/dictionary_client.cc,"(2193, 14)-(2193, 24)",b'unique_ptr<Object_type>'
sql,../repos/mysql-server/sql/dd/impl/cache/dictionary_client.cc,"(2220, 32)-(2220, 42)",b'unique_ptr<Object_type>'
sql,../repos/mysql-server/sql/dd/impl/cache/dictionary_client.cc,"(2239, 8)-(2239, 18)",b'unique_ptr<Object_key>'
sql,../repos/mysql-server/sql/dd/impl/cache/dictionary_client.cc,"(2285, 8)-(2285, 18)",b'unique_ptr<Object_key>'
sql,../repos/mysql-server/sql/dd/impl/cache/dictionary_client.cc,"(2287, 8)-(2287, 18)",b'unique_ptr<Raw_record_set>'
sql,../repos/mysql-server/sql/dd/impl/cache/dictionary_client.cc,"(2321, 8)-(2321, 18)",b'unique_ptr<Object_key>'
sql,../repos/mysql-server/sql/dd/impl/cache/dictionary_client.cc,"(2324, 8)-(2324, 18)",b'unique_ptr<Raw_record_set>'
sql,../repos/mysql-server/sql/dd/impl/cache/dictionary_client.cc,"(2363, 8)-(2363, 18)",b'unique_ptr<Object_key>'
sql,../repos/mysql-server/sql/dd/impl/cache/dictionary_client.cc,"(2368, 8)-(2368, 18)",b'unique_ptr<Raw_record_set>'
sql,../repos/mysql-server/sql/dd/impl/cache/storage_adapter.cc,"(141, 8)-(141, 18)",b'unique_ptr<const dd::Tablespace>'
sql,../repos/mysql-server/sql/dd/impl/cache/storage_adapter.cc,"(180, 8)-(180, 18)",b'unique_ptr<Raw_record>'
sql,../repos/mysql-server/sql/dd/impl/tables/check_constraints.cc,"(113, 14)-(113, 24)",b'unique_ptr<Object_key>'
sql,../repos/mysql-server/sql/dd/impl/tables/check_constraints.cc,"(120, 8)-(120, 18)",b'unique_ptr<Raw_record>'
sql,../repos/mysql-server/sql/dd/impl/tables/triggers.cc,"(174, 14)-(174, 24)",b'unique_ptr<Object_key>'
sql,../repos/mysql-server/sql/dd/impl/tables/triggers.cc,"(181, 8)-(181, 18)",b'unique_ptr<Raw_record>'
sql,../repos/mysql-server/sql/dd/impl/tables/table_partitions.cc,"(163, 14)-(163, 24)",b'unique_ptr<Object_key>'
sql,../repos/mysql-server/sql/dd/impl/tables/table_partitions.cc,"(170, 8)-(170, 18)",b'unique_ptr<Raw_record>'
sql,../repos/mysql-server/sql/dd/impl/tables/foreign_keys.cc,"(153, 14)-(153, 24)",b'unique_ptr<Object_key>'
sql,../repos/mysql-server/sql/dd/impl/tables/foreign_keys.cc,"(160, 8)-(160, 18)",b'unique_ptr<Raw_record>'
sql,../repos/mysql-server/sql/dd/impl/dictionary_impl.cc,"(110, 10)-(110, 20)",b'unique_ptr<Dictionary_impl>'
sql,../repos/mysql-server/sql/dd/impl/bootstrap/bootstrapper.cc,"(115, 8)-(115, 18)",b'unique_ptr<dd::Properties>'
sql,../repos/mysql-server/sql/dd/impl/bootstrap/bootstrapper.cc,"(161, 12)-(161, 22)",b'unique_ptr<dd::Properties>'
sql,../repos/mysql-server/sql/dd/impl/bootstrap/bootstrapper.cc,"(171, 12)-(171, 22)",b'unique_ptr<Properties>'
sql,../repos/mysql-server/sql/dd/impl/bootstrap/bootstrapper.cc,"(298, 22)-(298, 32)",b'unique_ptr<Table_impl>'
sql,../repos/mysql-server/sql/dd/impl/bootstrap/bootstrapper.cc,"(306, 10)-(306, 20)",b'unique_ptr<Schema_impl>'
sql,../repos/mysql-server/sql/dd/impl/bootstrap/bootstrapper.cc,"(309, 10)-(309, 20)",b'unique_ptr<Tablespace_impl>'
sql,../repos/mysql-server/sql/dd/impl/bootstrap/bootstrapper.cc,"(333, 12)-(333, 22)",b'unique_ptr<Table_impl>'
sql,../repos/mysql-server/sql/dd/impl/bootstrap/bootstrapper.cc,"(388, 22)-(388, 32)",b'unique_ptr<Table_impl>'
sql,../repos/mysql-server/sql/dd/impl/bootstrap/bootstrapper.cc,"(432, 12)-(432, 22)",b'unique_ptr<Tablespace_impl>'
sql,../repos/mysql-server/sql/dd/impl/bootstrap/bootstrapper.cc,"(1047, 10)-(1047, 20)",b'unique_ptr<Tablespace>'
sql,../repos/mysql-server/sql/dd/impl/bootstrap/bootstrapper.cc,"(1498, 10)-(1498, 20)",b'unique_ptr<Schema>'
sql,../repos/mysql-server/sql/dd/impl/bootstrap/bootstrapper.cc,"(1500, 10)-(1500, 20)",b'unique_ptr<Tablespace>'
sql,../repos/mysql-server/sql/dd/impl/bootstrap/bootstrapper.cc,"(1514, 22)-(1514, 32)",b'unique_ptr<Table_impl>'
sql,../repos/mysql-server/sql/dd/impl/bootstrap/bootstrapper.cc,"(1529, 12)-(1529, 22)",b'unique_ptr<Table_impl>'
sql,../repos/mysql-server/sql/dd/impl/bootstrap/bootstrapper.cc,"(1563, 12)-(1563, 22)",b'unique_ptr<Tablespace>'
sql,../repos/mysql-server/sql/dd/impl/bootstrap/bootstrapper.cc,"(1645, 22)-(1645, 32)",b'unique_ptr<Table_impl>'
sql,../repos/mysql-server/sql/dd/impl/bootstrap/bootstrapper.cc,"(1755, 8)-(1755, 18)",b'unique_ptr<dd::Properties>'
sql,../repos/mysql-server/sql/dd/impl/bootstrap/bootstrapper.cc,"(1808, 12)-(1808, 22)",b'unique_ptr<dd::Properties>'
sql,../repos/mysql-server/sql/dd/impl/bootstrap/bootstrapper.cc,"(1821, 12)-(1821, 22)",b'unique_ptr<Properties>'
sql,../repos/mysql-server/sql/dd/impl/sdi_tablespace.cc,"(104, 8)-(104, 18)",b'unique_ptr<dd::Tablespace>'
sql,../repos/mysql-server/sql/dd/impl/types/table_impl.cc,"(141, 8)-(141, 18)",b'unique_ptr<Raw_record_set>'
sql,../repos/mysql-server/sql/dd/impl/types/table_impl.cc,"(161, 8)-(161, 18)",b'unique_ptr<Raw_record_set>'
sql,../repos/mysql-server/sql/dd/impl/types/table_impl.cc,"(173, 10)-(173, 20)",b'unique_ptr<Raw_record_set>'
sql,../repos/mysql-server/sql/dd/impl/types/weak_object_impl.cc,"(89, 10)-(89, 20)",b'unique_ptr<Object_key>'
sql,../repos/mysql-server/sql/dd/impl/types/weak_object_impl.cc,"(99, 10)-(99, 20)",b'unique_ptr<Raw_record>'
sql,../repos/mysql-server/sql/dd/impl/types/weak_object_impl.cc,"(118, 8)-(118, 18)",b'unique_ptr<Raw_new_record>'
sql,../repos/mysql-server/sql/dd/impl/types/weak_object_impl.cc,"(195, 8)-(195, 18)",b'unique_ptr<Object_key>'
sql,../repos/mysql-server/sql/dd/impl/types/weak_object_impl.cc,"(197, 8)-(197, 18)",b'unique_ptr<Raw_record>'
sql,../repos/mysql-server/sql/dd/impl/types/schema_impl.cc,"(191, 8)-(191, 18)",b'unique_ptr<Event>'
sql,../repos/mysql-server/sql/dd/impl/types/schema_impl.cc,"(207, 8)-(207, 18)",b'unique_ptr<Function>'
sql,../repos/mysql-server/sql/dd/impl/types/schema_impl.cc,"(223, 8)-(223, 18)",b'unique_ptr<Procedure>'
sql,../repos/mysql-server/sql/dd/impl/types/schema_impl.cc,"(248, 8)-(248, 18)",b'unique_ptr<Table>'
sql,../repos/mysql-server/sql/dd/impl/types/schema_impl.cc,"(275, 8)-(275, 18)",b'unique_ptr<View>'
sql,../repos/mysql-server/sql/dd/impl/types/schema_impl.cc,"(300, 8)-(300, 18)",b'unique_ptr<View>'
sql,../repos/mysql-server/sql/dd/impl/types/entity_object_table_impl.cc,"(57, 8)-(57, 18)",b'unique_ptr<Entity_object>'
sql,../repos/mysql-server/sql/dd/impl/types/tablespace_impl.cc,"(258, 8)-(258, 18)",b'unique_ptr<Object_key>'
sql,../repos/mysql-server/sql/dd/impl/types/tablespace_impl.cc,"(267, 8)-(267, 18)",b'unique_ptr<Raw_record_set>'
sql,../repos/mysql-server/sql/dd/impl/types/tablespace_impl.cc,"(368, 8)-(368, 18)",b'unique_ptr<Raw_record_set>'
sql,../repos/mysql-server/sql/dd/impl/types/object_table_definition_impl.cc,"(44, 10)-(44, 20)",b'unique_ptr<Properties>'
sql,../repos/mysql-server/sql/dd/impl/types/object_table_definition_impl.cc,"(63, 8)-(63, 18)",b'unique_ptr<Properties>'
sql,../repos/mysql-server/sql/dd/impl/types/object_table_definition_impl.cc,"(75, 10)-(75, 20)",b'unique_ptr<Properties>'
sql,../repos/mysql-server/sql/dd/impl/sdi_file.cc,"(206, 8)-(206, 18)","b'unique_ptr<MY_DIR, decltype(dirender)>'"
sql,../repos/mysql-server/sql/dd/impl/sdi_file.cc,"(321, 8)-(321, 18)","b'unique_ptr<File, decltype(closer)>'"
sql,../repos/mysql-server/sql/dd/impl/raw/raw_table.cc,"(70, 8)-(70, 18)",b'unique_ptr<Raw_key>'
sql,../repos/mysql-server/sql/dd/impl/raw/raw_table.cc,"(160, 8)-(160, 18)",b'unique_ptr<Raw_record_set>'
sql,../repos/mysql-server/sql/dd/impl/raw/raw_table.cc,"(189, 8)-(189, 18)",b'unique_ptr<Raw_key>'
sql,../repos/mysql-server/sql/dd/dd_view.cc,"(595, 8)-(595, 18)",b'unique_ptr<dd::View>'
sql,../repos/mysql-server/sql/dd/dd_resource_group.cc,"(93, 8)-(93, 18)",b'unique_ptr<dd::Resource_group>'
sql,../repos/mysql-server/sql/dd/dd_routine.cc,"(422, 10)-(422, 20)",b'unique_ptr<Function>'
sql,../repos/mysql-server/sql/dd/dd_routine.cc,"(437, 10)-(437, 20)",b'unique_ptr<Procedure>'
sql,../repos/mysql-server/sql/dd/upgrade_57/table.cc,"(1797, 8)-(1797, 18)",b'unique_ptr<dd::Table>'
sql,../repos/mysql-server/sql/dd/cache/object_registry.h,"(83, 24)-(83, 34)",b'unique_ptr<T>'
sql,../repos/mysql-server/sql/dd/cache/dictionary_client.h,"(584, 44)-(584, 54)",b'unique_ptr<T>'
sql,../repos/mysql-server/sql/dd/cache/dictionary_client.h,"(630, 26)-(630, 36)",b'unique_ptr<T>'
sql,../repos/mysql-server/sql/dd/cache/dictionary_client.h,"(1001, 31)-(1001, 41)",b'unique_ptr<Object_type>'
sql,../repos/mysql-server/sql/dd/dd_event.cc,"(358, 8)-(358, 18)",b'unique_ptr<dd::Event>'
sql,../repos/mysql-server/sql/dd/dd_table.h,"(88, 6)-(88, 16)",b'unique_ptr<dd::Table>'
sql,../repos/mysql-server/sql/dd/dd_table.h,"(116, 6)-(116, 16)",b'unique_ptr<dd::Table>'
sql,../repos/mysql-server/sql/dd/dd_table.h,"(142, 6)-(142, 16)",b'unique_ptr<dd::Table>'
sql,../repos/mysql-server/sql/dd/dd_table.cc,"(241, 3)-(241, 26)",b'unique_ptr_destroy_only<Field>'
sql,../repos/mysql-server/sql/dd/dd_table.cc,"(278, 3)-(278, 26)",b'unique_ptr_destroy_only<Field>'
sql,../repos/mysql-server/sql/dd/dd_table.cc,"(966, 5)-(966, 28)",b'unique_ptr_destroy_only<Field>'
sql,../repos/mysql-server/sql/dd/dd_table.cc,"(2270, 8)-(2270, 18)",b'unique_ptr<dd::Properties>'
sql,../repos/mysql-server/sql/dd/dd_table.cc,"(2280, 8)-(2280, 18)",b'unique_ptr<dd::Properties>'
sql,../repos/mysql-server/sql/dd/dd_table.cc,"(2337, 8)-(2337, 18)",b'unique_ptr<dd::Table>'
sql,../repos/mysql-server/sql/dd/dd_table.cc,"(2393, 8)-(2393, 18)",b'unique_ptr<dd::Table>'
sql,../repos/mysql-server/sql/dd/dd_table.cc,"(2438, 8)-(2438, 18)",b'unique_ptr<dd::Table>'
sql,../repos/mysql-server/sql/dd/info_schema/metadata.cc,"(190, 8)-(190, 18)",b'unique_ptr<dd::View>'
sql,../repos/mysql-server/sql/dd/info_schema/tablespace_stats.cc,"(236, 10)-(236, 20)",b'unique_ptr<dd::Properties>'
sql,../repos/mysql-server/sql/dd/info_schema/table_stats.cc,"(240, 8)-(240, 18)",b'unique_ptr<dd::Table_stat>'
sql,../repos/mysql-server/sql/dd/info_schema/table_stats.cc,"(271, 8)-(271, 18)",b'unique_ptr<dd::Index_stat>'
sql,../repos/mysql-server/sql/dd/info_schema/table_stats.cc,"(330, 8)-(330, 18)",b'unique_ptr<Table_stat>'
sql,../repos/mysql-server/sql/dd/info_schema/table_stats.cc,"(352, 8)-(352, 18)",b'unique_ptr<Index_stat>'
sql,../repos/mysql-server/sql/dd/info_schema/table_stats.cc,"(576, 10)-(576, 20)",b'unique_ptr<dd::Properties>'
sql,../repos/mysql-server/sql/dd/info_schema/table_stats.cc,"(579, 10)-(579, 20)",b'unique_ptr<dd::Properties>'
sql,../repos/mysql-server/sql/dd/collection.cc,"(133, 8)-(133, 18)",b'unique_ptr<Object_key>'
sql,../repos/mysql-server/sql/dd/collection.cc,"(135, 8)-(135, 18)",b'unique_ptr<Raw_record_set>'
sql,../repos/mysql-server/sql/dd/collection.cc,"(230, 8)-(230, 18)",b'unique_ptr<Object_key>'
sql,../repos/mysql-server/sql/dd/collection.cc,"(240, 8)-(240, 18)",b'unique_ptr<Raw_record_set>'
sql,../repos/mysql-server/sql/dd/dd_tablespace.cc,"(176, 10)-(176, 20)",b'unique_ptr<dd::Tablespace>'
sql,../repos/mysql-server/sql/dd/dd_schema.cc,"(64, 8)-(64, 18)",b'unique_ptr<dd::Schema>'
sql,../repos/mysql-server/sql/binlog.cc,"(427, 12)-(427, 22)",b'unique_ptr<Binlog_encryption_ostream>'
sql,../repos/mysql-server/sql/binlog.cc,"(454, 10)-(454, 20)",b'unique_ptr<Rpl_encryption_header>'
sql,../repos/mysql-server/sql/binlog.cc,"(476, 10)-(476, 20)",b'unique_ptr<Binlog_ofile>'
sql,../repos/mysql-server/sql/binlog.cc,"(487, 12)-(487, 22)",b'unique_ptr<Binlog_encryption_ostream>'
sql,../repos/mysql-server/sql/binlog.cc,"(601, 8)-(601, 18)",b'unique_ptr<Truncatable_ostream>'
sql,../repos/mysql-server/sql/binlog.cc,"(1943, 10)-(1943, 20)",b'unique_ptr<Binlog_ofile>'
sql,../repos/mysql-server/sql/binlog.cc,"(1972, 12)-(1972, 22)",b'unique_ptr<Truncatable_ostream>'
sql,../repos/mysql-server/sql/binlog.cc,"(1974, 12)-(1974, 22)",b'unique_ptr<Binlog_encryption_ostream>'
sql,../repos/mysql-server/sql/binlog.cc,"(3451, 10)-(3451, 20)",b'shared_ptr<Log_event>'
sql,../repos/mysql-server/sql/binlog.cc,"(6860, 8)-(6860, 18)",b'unique_ptr<Binlog_ofile>'
sql,../repos/mysql-server/sql/binlog.cc,"(7917, 8)-(7917, 18)",b'unique_ptr<Log_event>'
sql,../repos/mysql-server/sql/sql_update.cc,"(619, 3)-(619, 26)",b'unique_ptr_destroy_only<Filesort>'
sql,../repos/mysql-server/sql/sql_update.cc,"(620, 3)-(620, 26)",b'unique_ptr_destroy_only<RowIterator>'
sql,../repos/mysql-server/sql/opt_costconstantcache.cc,"(278, 3)-(278, 26)",b'unique_ptr_destroy_only<RowIterator>'
sql,../repos/mysql-server/sql/opt_costconstantcache.cc,"(343, 3)-(343, 26)",b'unique_ptr_destroy_only<RowIterator>'
sql,../repos/mysql-server/sql/spatial.cc,"(1646, 8)-(1646, 18)",b'unique_ptr<Gis_polygon::ring_type>'
sql,../repos/mysql-server/sql/spatial.cc,"(1647, 8)-(1647, 18)",b'unique_ptr<Gis_polygon::inner_container_type>'
sql,../repos/mysql-server/sql/spatial.cc,"(4379, 8)-(4379, 18)",b'unique_ptr<Geo_vector>'
sql,../repos/mysql-server/sql/spatial.cc,"(4405, 8)-(4405, 18)",b'unique_ptr<Geo_vector>'
sql,../repos/mysql-server/sql/sql_connect.cc,"(119, 45)-(119, 63)",b'unique_ptr_my_free<user_conn>'
sql,../repos/mysql-server/sql/binlog_istream.cc,"(88, 8)-(88, 18)",b'unique_ptr<Rpl_encryption_header>'
sql,../repos/mysql-server/sql/binlog_istream.cc,"(152, 10)-(152, 20)",b'unique_ptr<Binlog_encryption_istream>'
sql,../repos/mysql-server/sql/sql_update.h,"(186, 1)-(186, 24)",b'unique_ptr_destroy_only<RowIterator>'
sql,../repos/mysql-server/sql/sql_update.h,"(188, 5)-(188, 28)",b'unique_ptr_destroy_only<RowIterator>'
sql,../repos/mysql-server/sql/item_geofunc_internal.cc,"(102, 8)-(102, 18)",b'unique_ptr<dd::cache::Dictionary_client::Auto...'
sql,../repos/mysql-server/sql/sql_base.cc,"(4871, 14)-(4871, 24)","b'unique_ptr<TABLE, decltype(release_table_lambda)>'"
sql,../repos/mysql-server/sql/sql_base.cc,"(4883, 14)-(4883, 24)","b'unique_ptr<TABLE_SHARE, decltype(release_shar...'"
sql,../repos/mysql-server/sql/sql_component.cc,"(278, 8)-(278, 18)",b'unique_ptr<Manifest_reader>'
sql,../repos/mysql-server/sql/sql_plugin.cc,"(1877, 3)-(1877, 26)",b'unique_ptr_destroy_only<RowIterator>'
sql,../repos/mysql-server/sql/mdl_context_backup.cc,"(211, 10)-(211, 20)",b'unique_ptr<MDL_context_backup>'
sql,../repos/mysql-server/sql/xa.cc,"(278, 8)-(278, 18)",b'unique_ptr<MEM_ROOT>'
sql,../repos/mysql-server/sql/xa.cc,"(279, 8)-(279, 18)",b'unique_ptr<Xa_state_list::allocator>'
sql,../repos/mysql-server/sql/xa.cc,"(280, 8)-(280, 18)",b'unique_ptr<Xa_state_list::list>'
sql,../repos/mysql-server/sql/xa.cc,"(281, 8)-(281, 18)",b'unique_ptr<Xa_state_list>'
sql,../repos/mysql-server/sql/xa.cc,"(379, 16)-(379, 26)",b'shared_ptr<Transaction_ctx>'
sql,../repos/mysql-server/sql/resourcegroups/resource_group_mgr.cc,"(297, 8)-(297, 18)",b'unique_ptr<THD>'
sql,../repos/mysql-server/sql/item_cmpfunc.h,"(1902, 17)-(1902, 40)",b'unique_ptr_destroy_only<Json_wrapper>'
sql,../repos/mysql-server/sql/item_cmpfunc.h,"(1903, 17)-(1903, 40)",b'unique_ptr_destroy_only<Json_scalar_holder>'
sql,../repos/mysql-server/sql/json_schema.h,"(223, 1)-(223, 24)",b'unique_ptr_destroy_only<const Json_schema_val...'
sql,../repos/mysql-server/sql/rpl_record.cc,"(495, 8)-(495, 18)",b'unique_ptr<cs::util::ReplicatedColumnsView>'
sql,../repos/mysql-server/sql/auth/partial_revokes.cc,"(377, 8)-(377, 18)",b'unique_ptr<Restrictions_aggregator>'
sql,../repos/mysql-server/sql/auth/partial_revokes.cc,"(458, 8)-(458, 18)",b'unique_ptr<Restrictions_aggregator>'
sql,../repos/mysql-server/sql/auth/sql_authentication.cc,"(3220, 10)-(3220, 20)",b'unique_ptr<Lock_and_access_ssl_acceptor_context>'
sql,../repos/mysql-server/sql/auth/sql_user.cc,"(3143, 8)-(3143, 18)",b'unique_ptr<Security_context>'
sql,../repos/mysql-server/sql/auth/dynamic_privilege_table.cc,"(120, 3)-(120, 26)",b'unique_ptr_destroy_only<RowIterator>'
sql,../repos/mysql-server/sql/auth/sql_auth_cache.cc,"(140, 1)-(140, 11)",b'unique_ptr<\n    malloc_unordered_multimap<str...'
sql,../repos/mysql-server/sql/auth/sql_auth_cache.cc,"(143, 1)-(143, 11)",b'unique_ptr<\n    malloc_unordered_multimap<str...'
sql,../repos/mysql-server/sql/auth/sql_auth_cache.cc,"(146, 35)-(146, 53)",b'unique_ptr_my_free<acl_entry>'
sql,../repos/mysql-server/sql/auth/sql_auth_cache.cc,"(149, 1)-(149, 11)",b'unique_ptr<Acl_restrictions>'
sql,../repos/mysql-server/sql/auth/sql_auth_cache.cc,"(1320, 3)-(1320, 21)",b'unique_ptr_my_free<acl_entry>'
sql,../repos/mysql-server/sql/auth/sql_auth_cache.cc,"(1836, 3)-(1836, 26)",b'unique_ptr_destroy_only<RowIterator>'
sql,../repos/mysql-server/sql/auth/sql_auth_cache.cc,"(2176, 3)-(2176, 13)",b'unique_ptr<Acl_restrictions>'
sql,../repos/mysql-server/sql/auth/sql_auth_cache.cc,"(2432, 41)-(2432, 64)",b'unique_ptr_destroy_only<GRANT_NAME>'
sql,../repos/mysql-server/sql/auth/sql_auth_cache.cc,"(2615, 3)-(2615, 13)",b'unique_ptr<\n      malloc_unordered_multimap<s...'
sql,../repos/mysql-server/sql/auth/sql_auth_cache.cc,"(2616, 41)-(2616, 64)",b'unique_ptr_destroy_only<GRANT_NAME>'
sql,../repos/mysql-server/sql/auth/sql_auth_cache.cc,"(2618, 3)-(2618, 13)",b'unique_ptr<\n      malloc_unordered_multimap<s...'
sql,../repos/mysql-server/sql/auth/sql_auth_cache.cc,"(2619, 41)-(2619, 64)",b'unique_ptr_destroy_only<GRANT_NAME>'
sql,../repos/mysql-server/sql/auth/sql_auth_cache.cc,"(2695, 5)-(2695, 15)",b'unique_ptr<\n        malloc_unordered_multimap...'
sql,../repos/mysql-server/sql/auth/sql_auth_cache.cc,"(2696, 43)-(2696, 66)",b'unique_ptr_destroy_only<GRANT_TABLE>'
sql,../repos/mysql-server/sql/auth/role_tables.cc,"(202, 3)-(202, 26)",b'unique_ptr_destroy_only<RowIterator>'
sql,../repos/mysql-server/sql/auth/auth_internal.h,"(195, 30)-(195, 40)","b'unique_ptr<GRANT_TABLE, Destroy_only<GRANT_TABLE>>'"
sql,../repos/mysql-server/sql/auth/sql_authorization.cc,"(1579, 12)-(1579, 22)",b'unique_ptr<Restrictions_aggregator>'
sql,../repos/mysql-server/sql/auth/sql_authorization.cc,"(2842, 12)-(2842, 22)","b'unique_ptr<GRANT_TABLE, Destroy_only<GRANT_TABLE>>'"
sql,../repos/mysql-server/sql/auth/sql_authorization.cc,"(3529, 12)-(3529, 22)",b'unique_ptr<Restrictions_aggregator>'
sql,../repos/mysql-server/sql/auth/sql_authorization.cc,"(5008, 14)-(5008, 24)","b'unique_ptr<GRANT_TABLE, Destroy_only<GRANT_TABLE>>'"
sql,../repos/mysql-server/sql/auth/sql_authorization.cc,"(5074, 33)-(5074, 56)",b'unique_ptr_destroy_only<GRANT_NAME>'
sql,../repos/mysql-server/sql/auth/sql_authorization.cc,"(5195, 12)-(5195, 22)",b'unique_ptr<Restrictions_aggregator>'
sql,../repos/mysql-server/sql/auth/sql_authorization.cc,"(5330, 42)-(5330, 65)",b'unique_ptr_destroy_only<GRANT_NAME>'
sql,../repos/mysql-server/sql/auth/sql_auth_cache.h,"(515, 13)-(515, 23)",b'unique_ptr<malloc_unordered_multimap<\n    std...'
sql,../repos/mysql-server/sql/auth/sql_auth_cache.h,"(516, 18)-(516, 41)",b'unique_ptr_destroy_only<GRANT_TABLE>'
sql,../repos/mysql-server/sql/auth/sql_auth_cache.h,"(518, 13)-(518, 23)",b'unique_ptr<\n    malloc_unordered_multimap<std...'
sql,../repos/mysql-server/sql/auth/sql_auth_cache.h,"(519, 44)-(519, 67)",b'unique_ptr_destroy_only<GRANT_NAME>'
sql,../repos/mysql-server/sql/auth/sql_auth_cache.h,"(524, 13)-(524, 23)",b'unique_ptr<Acl_restrictions>'
sql,../repos/mysql-server/sql/xa/transaction_cache.cc,"(132, 10)-(132, 20)",b'shared_ptr<Transaction_ctx>'
sql,../repos/mysql-server/sql/sql_partition_admin.cc,"(401, 8)-(401, 18)","b'unique_ptr<MDL_ticket, decltype(downgrade_mdl...'"
sql,../repos/mysql-server/sql/sql_partition_admin.cc,"(404, 8)-(404, 18)","b'unique_ptr<MDL_ticket, decltype(downgrade_mdl...'"
sql,../repos/mysql-server/sql/sql_partition_admin.cc,"(512, 12)-(512, 22)","b'unique_ptr<THD, decltype(rollback_post_ddl_re...'"
sql,../repos/mysql-server/sql/sql_partition_admin.cc,"(639, 8)-(639, 18)","b'unique_ptr<MDL_ticket, decltype(downgrade_mdl...'"
sql,../repos/mysql-server/sql/sql_partition_admin.cc,"(711, 10)-(711, 20)","b'unique_ptr<TABLE_SHARE, decltype(free_share_l...'"
sql,../repos/mysql-server/sql/sql_partition_admin.cc,"(727, 14)-(727, 24)","b'unique_ptr<TABLE, decltype(closefrm_lambda)>'"
sql,../repos/mysql-server/sql/item_json_func.cc,"(805, 8)-(805, 18)",b'unique_ptr<Json_object>'
sql,../repos/mysql-server/sql/item_func.cc,"(9136, 8)-(9136, 18)",b'unique_ptr<dd::Properties>'
sql,../repos/mysql-server/sql/item_func.cc,"(9261, 12)-(9261, 22)",b'unique_ptr<dd::Properties>'
sql,../repos/mysql-server/sql/item_func.cc,"(9489, 8)-(9489, 18)",b'unique_ptr<dd::Properties>'
sql,../repos/mysql-server/sql/item_func.cc,"(9888, 10)-(9888, 20)",b'unique_ptr<dd::Properties>'
sql,../repos/mysql-server/sql/event_queue.cc,"(401, 20)-(401, 30)",b'unique_ptr<Event_queue_element>'
sql,../repos/mysql-server/sql/table.cc,"(2421, 8)-(2421, 18)",b'unique_ptr<Functional_index_error_handler>'
sql,../repos/mysql-server/sql/dd_sp.cc,"(182, 3)-(182, 26)",b'unique_ptr_destroy_only<Field>'
sql,../repos/mysql-server/sql/sql_base.h,"(376, 34)-(376, 44)","b'unique_ptr<TABLE_SHARE, Table_share_deleter>'"
sql,../repos/mysql-server/sql/persisted_variable.cc,"(2454, 10)-(2454, 20)",b'unique_ptr<unsigned char[]>'
sql,../repos/mysql-server/sql/persisted_variable.cc,"(2479, 10)-(2479, 20)",b'unique_ptr<unsigned char[]>'
sql,../repos/mysql-server/sql/persisted_variable.cc,"(2522, 8)-(2522, 18)",b'unique_ptr<unsigned char[]>'
sql,../repos/mysql-server/sql/persisted_variable.cc,"(2547, 8)-(2547, 18)",b'unique_ptr<unsigned char[]>'
sql,../repos/mysql-server/sql/persisted_variable.cc,"(2586, 8)-(2586, 18)",b'unique_ptr<unsigned char[]>'
sql,../repos/mysql-server/sql/persisted_variable.cc,"(2596, 8)-(2596, 18)",b'unique_ptr<unsigned char[]>'
sql,../repos/mysql-server/sql/persisted_variable.cc,"(2613, 8)-(2613, 18)",b'unique_ptr<Json_dom>'
sql,../repos/mysql-server/sql/sql_executor.cc,"(4784, 3)-(4784, 26)",b'unique_ptr_destroy_only<RowIterator>'
sql,../repos/mysql-server/sql/item_geofunc.cc,"(245, 10)-(245, 20)",b'unique_ptr<dd::cache::Dictionary_client::Auto...'
sql,../repos/mysql-server/sql/item_geofunc.cc,"(280, 10)-(280, 20)",b'unique_ptr<dd::cache::Dictionary_client::Auto...'
sql,../repos/mysql-server/sql/item_geofunc.cc,"(460, 8)-(460, 18)",b'unique_ptr<dd::cache::Dictionary_client::Auto...'
sql,../repos/mysql-server/sql/item_geofunc.cc,"(697, 8)-(697, 18)",b'unique_ptr<dd::cache::Dictionary_client::Auto...'
sql,../repos/mysql-server/sql/item_geofunc.cc,"(997, 10)-(997, 20)",b'unique_ptr<dd::cache::Dictionary_client::Auto...'
sql,../repos/mysql-server/sql/item_geofunc.cc,"(1117, 12)-(1117, 22)",b'unique_ptr<dd::cache::Dictionary_client::Auto...'
sql,../repos/mysql-server/sql/item_geofunc.cc,"(2605, 12)-(2605, 22)",b'unique_ptr<dd::cache::Dictionary_client::Auto...'
sql,../repos/mysql-server/sql/item_geofunc.cc,"(3170, 10)-(3170, 20)",b'unique_ptr<dd::cache::Dictionary_client::Auto...'
sql,../repos/mysql-server/sql/item_geofunc.cc,"(3288, 10)-(3288, 20)",b'unique_ptr<dd::cache::Dictionary_client::Auto...'
sql,../repos/mysql-server/sql/item_geofunc.cc,"(3394, 8)-(3394, 18)",b'unique_ptr<dd::cache::Dictionary_client::Auto...'
sql,../repos/mysql-server/sql/item_geofunc.cc,"(3407, 8)-(3407, 18)",b'unique_ptr<gis::Geometry>'
sql,../repos/mysql-server/sql/item_geofunc.cc,"(3456, 10)-(3456, 20)",b'unique_ptr<dd::cache::Dictionary_client::Auto...'
sql,../repos/mysql-server/sql/item_geofunc.cc,"(4086, 8)-(4086, 18)",b'unique_ptr<gis::Geometry>'
sql,../repos/mysql-server/sql/item_geofunc.cc,"(4087, 8)-(4087, 18)",b'unique_ptr<dd::cache::Dictionary_client::Auto...'
sql,../repos/mysql-server/sql/item_geofunc.cc,"(4098, 8)-(4098, 18)",b'unique_ptr<gis::Geometry>'
sql,../repos/mysql-server/sql/item_geofunc.cc,"(4656, 8)-(4656, 18)",b'unique_ptr<dd::cache::Dictionary_client::Auto...'
sql,../repos/mysql-server/sql/item_geofunc.cc,"(4662, 8)-(4662, 18)",b'unique_ptr<gis::Geometry>'
sql,../repos/mysql-server/sql/item_geofunc.cc,"(4663, 8)-(4663, 18)",b'unique_ptr<gis::Geometry>'
sql,../repos/mysql-server/sql/item_geofunc.cc,"(4680, 8)-(4680, 18)",b'unique_ptr<gis::Geometry>'
sql,../repos/mysql-server/sql/item_geofunc.cc,"(4740, 8)-(4740, 18)",b'unique_ptr<dd::cache::Dictionary_client::Auto...'
sql,../repos/mysql-server/sql/item_geofunc.cc,"(4745, 8)-(4745, 18)",b'unique_ptr<gis::Geometry>'
sql,../repos/mysql-server/sql/item_geofunc.cc,"(4805, 8)-(4805, 18)",b'unique_ptr<gis::Geometry>'
sql,../repos/mysql-server/sql/item_geofunc.cc,"(4806, 8)-(4806, 18)",b'unique_ptr<dd::cache::Dictionary_client::Auto...'
sql,../repos/mysql-server/sql/item_geofunc.cc,"(4920, 8)-(4920, 18)",b'unique_ptr<gis::Geometry>'
sql,../repos/mysql-server/sql/item_geofunc.cc,"(4921, 8)-(4921, 18)",b'unique_ptr<dd::cache::Dictionary_client::Auto...'
sql,../repos/mysql-server/sql/item_geofunc.cc,"(4995, 8)-(4995, 18)",b'unique_ptr<gis::Geometry>'
sql,../repos/mysql-server/sql/item_geofunc.cc,"(4996, 8)-(4996, 18)",b'unique_ptr<dd::cache::Dictionary_client::Auto...'
sql,../repos/mysql-server/sql/item_geofunc.cc,"(5109, 8)-(5109, 18)",b'unique_ptr<dd::cache::Dictionary_client::Auto...'
sql,../repos/mysql-server/sql/item_geofunc.cc,"(5112, 8)-(5112, 18)",b'unique_ptr<gis::Geometry>'
sql,../repos/mysql-server/sql/item_geofunc.cc,"(5170, 8)-(5170, 18)",b'unique_ptr<gis::Geometry>'
sql,../repos/mysql-server/sql/item_geofunc.cc,"(5172, 8)-(5172, 18)",b'unique_ptr<dd::cache::Dictionary_client::Auto...'
sql,../repos/mysql-server/sql/item_geofunc.cc,"(5186, 8)-(5186, 18)",b'unique_ptr<gis::Geometry>'
sql,../repos/mysql-server/sql/item_geofunc.cc,"(5337, 8)-(5337, 18)",b'unique_ptr<gis::Geometry>'
sql,../repos/mysql-server/sql/item_geofunc.cc,"(5338, 8)-(5338, 18)",b'unique_ptr<dd::cache::Dictionary_client::Auto...'
sql,../repos/mysql-server/sql/item_geofunc.cc,"(5391, 8)-(5391, 18)",b'unique_ptr<gis::Geometry>'
sql,../repos/mysql-server/sql/item_geofunc.cc,"(5392, 8)-(5392, 18)",b'unique_ptr<dd::cache::Dictionary_client::Auto...'
sql,../repos/mysql-server/sql/item_geofunc.cc,"(5448, 8)-(5448, 18)",b'unique_ptr<gis::Geometry>'
sql,../repos/mysql-server/sql/item_geofunc.cc,"(5449, 8)-(5449, 18)",b'unique_ptr<dd::cache::Dictionary_client::Auto...'
sql,../repos/mysql-server/sql/item_geofunc.cc,"(5474, 8)-(5474, 18)",b'unique_ptr<gis::Geometry>'
sql,../repos/mysql-server/sql/item_geofunc.cc,"(5475, 8)-(5475, 18)",b'unique_ptr<gis::Geometry>'
sql,../repos/mysql-server/sql/item_geofunc.cc,"(5476, 8)-(5476, 18)",b'unique_ptr<dd::cache::Dictionary_client::Auto...'
sql,../repos/mysql-server/sql/item_geofunc.cc,"(5538, 8)-(5538, 18)",b'unique_ptr<gis::Geometry>'
sql,../repos/mysql-server/sql/item_geofunc.cc,"(5539, 8)-(5539, 18)",b'unique_ptr<gis::Geometry>'
sql,../repos/mysql-server/sql/item_geofunc.cc,"(5540, 8)-(5540, 18)",b'unique_ptr<dd::cache::Dictionary_client::Auto...'
sql,../repos/mysql-server/sql/item_geofunc.cc,"(5607, 8)-(5607, 18)",b'unique_ptr<dd::cache::Dictionary_client::Auto...'
sql,../repos/mysql-server/sql/item_geofunc.cc,"(5612, 8)-(5612, 18)",b'unique_ptr<gis::Geometry>'
sql,../repos/mysql-server/sql/item_geofunc.cc,"(5613, 8)-(5613, 18)",b'unique_ptr<gis::Geometry>'
sql,../repos/mysql-server/sql/item_geofunc.cc,"(5631, 8)-(5631, 18)",b'unique_ptr<gis::Geometry>'
sql,../repos/mysql-server/sql/item_geofunc.cc,"(5673, 8)-(5673, 18)",b'unique_ptr<gis::Geometry>'
sql,../repos/mysql-server/sql/item_geofunc.cc,"(5674, 8)-(5674, 18)",b'unique_ptr<gis::Geometry>'
sql,../repos/mysql-server/sql/item_geofunc.cc,"(5675, 8)-(5675, 18)",b'unique_ptr<dd::cache::Dictionary_client::Auto...'
sql,../repos/mysql-server/sql/item_geofunc.cc,"(5744, 8)-(5744, 18)",b'unique_ptr<dd::cache::Dictionary_client::Auto...'
sql,../repos/mysql-server/sql/item_geofunc.cc,"(5749, 8)-(5749, 18)",b'unique_ptr<gis::Geometry>'
sql,../repos/mysql-server/sql/item_geofunc.cc,"(5757, 8)-(5757, 18)",b'unique_ptr<gis::Geometry>'
sql,../repos/mysql-server/sql/item_geofunc.cc,"(5833, 8)-(5833, 18)",b'unique_ptr<dd::cache::Dictionary_client::Auto...'
sql,../repos/mysql-server/sql/item_geofunc.cc,"(5838, 8)-(5838, 18)",b'unique_ptr<gis::Geometry>'
sql,../repos/mysql-server/sql/item_geofunc.cc,"(5839, 8)-(5839, 18)",b'unique_ptr<gis::Geometry>'
sql,../repos/mysql-server/sql/item_geofunc.cc,"(5854, 8)-(5854, 18)",b'unique_ptr<gis::Geometry>'
sql,../repos/mysql-server/sql/item_geofunc.cc,"(5893, 8)-(5893, 18)",b'unique_ptr<dd::cache::Dictionary_client::Auto...'
sql,../repos/mysql-server/sql/item_geofunc.cc,"(5898, 8)-(5898, 18)",b'unique_ptr<gis::Geometry>'
sql,../repos/mysql-server/sql/item_geofunc.cc,"(5924, 8)-(5924, 18)",b'unique_ptr<gis::Geometry>'
sql,../repos/mysql-server/sql/item_geofunc.cc,"(5963, 8)-(5963, 18)",b'unique_ptr<dd::cache::Dictionary_client::Auto...'
sql,../repos/mysql-server/sql/item_geofunc.cc,"(5968, 8)-(5968, 18)",b'unique_ptr<gis::Geometry>'
sql,../repos/mysql-server/sql/item_geofunc.cc,"(5969, 8)-(5969, 18)",b'unique_ptr<gis::Geometry>'
sql,../repos/mysql-server/sql/item_geofunc.cc,"(5987, 8)-(5987, 18)",b'unique_ptr<gis::Geometry>'
sql,../repos/mysql-server/sql/item_geofunc.cc,"(6024, 8)-(6024, 18)",b'unique_ptr<gis::Geometry>'
sql,../repos/mysql-server/sql/item_geofunc.cc,"(6025, 8)-(6025, 18)",b'unique_ptr<dd::cache::Dictionary_client::Auto...'
sql,../repos/mysql-server/sql/item_geofunc.cc,"(6056, 8)-(6056, 18)",b'unique_ptr<gis::Geometry>'
sql,../repos/mysql-server/sql/item_geofunc.cc,"(6088, 8)-(6088, 18)",b'unique_ptr<gis::Geometry>'
sql,../repos/mysql-server/sql/item_geofunc.cc,"(6089, 8)-(6089, 18)",b'unique_ptr<dd::cache::Dictionary_client::Auto...'
sql,../repos/mysql-server/sql/item_geofunc.cc,"(6101, 8)-(6101, 18)",b'unique_ptr<gis::Geometry>'
sql,../repos/mysql-server/sql/item_geofunc.cc,"(6145, 12)-(6145, 22)",b'unique_ptr<gis::Multipoint>'
sql,../repos/mysql-server/sql/item_geofunc.cc,"(6152, 14)-(6152, 24)",b'unique_ptr<gis::Point>'
sql,../repos/mysql-server/sql/item_geofunc.cc,"(6162, 12)-(6162, 22)",b'unique_ptr<gis::Geometrycollection>'
sql,../repos/mysql-server/sql/item_geofunc.cc,"(6170, 14)-(6170, 24)",b'unique_ptr<gis::Geometry>'
sql,../repos/mysql-server/sql/item_geofunc.cc,"(6222, 12)-(6222, 22)",b'unique_ptr<gis::Polygon>'
sql,../repos/mysql-server/sql/item_geofunc.cc,"(6224, 12)-(6224, 22)",b'unique_ptr<gis::Linestring>'
sql,../repos/mysql-server/sql/item_geofunc.cc,"(6234, 16)-(6234, 26)",b'unique_ptr<gis::Point>'
sql,../repos/mysql-server/sql/item_geofunc.cc,"(6246, 12)-(6246, 22)",b'unique_ptr<gis::Multipoint>'
sql,../repos/mysql-server/sql/item_geofunc.cc,"(6248, 12)-(6248, 22)",b'unique_ptr<gis::Linestring>'
sql,../repos/mysql-server/sql/item_geofunc.cc,"(6257, 16)-(6257, 26)",b'unique_ptr<gis::Point>'
sql,../repos/mysql-server/sql/item_geofunc.cc,"(6270, 12)-(6270, 22)",b'unique_ptr<gis::Multilinestring>'
sql,../repos/mysql-server/sql/item_geofunc.cc,"(6278, 14)-(6278, 24)",b'unique_ptr<gis::Linestring>'
sql,../repos/mysql-server/sql/item_geofunc.cc,"(6288, 12)-(6288, 22)",b'unique_ptr<gis::Geometrycollection>'
sql,../repos/mysql-server/sql/item_geofunc.cc,"(6298, 14)-(6298, 24)",b'unique_ptr<gis::Geometry>'
sql,../repos/mysql-server/sql/item_geofunc.cc,"(6344, 12)-(6344, 22)",b'unique_ptr<gis::Linestring>'
sql,../repos/mysql-server/sql/item_geofunc.cc,"(6346, 12)-(6346, 22)",b'unique_ptr<gis::Polygon>'
sql,../repos/mysql-server/sql/item_geofunc.cc,"(6365, 16)-(6365, 26)",b'unique_ptr<gis::Point>'
sql,../repos/mysql-server/sql/item_geofunc.cc,"(6418, 12)-(6418, 22)",b'unique_ptr<gis::Multilinestring>'
sql,../repos/mysql-server/sql/item_geofunc.cc,"(6420, 12)-(6420, 22)",b'unique_ptr<gis::Polygon>'
sql,../repos/mysql-server/sql/item_geofunc.cc,"(6440, 16)-(6440, 26)",b'unique_ptr<gis::Linearring>'
sql,../repos/mysql-server/sql/item_geofunc.cc,"(6444, 18)-(6444, 28)",b'unique_ptr<gis::Point>'
sql,../repos/mysql-server/sql/item_geofunc.cc,"(6497, 12)-(6497, 22)",b'unique_ptr<gis::Multipolygon>'
sql,../repos/mysql-server/sql/item_geofunc.cc,"(6504, 14)-(6504, 24)",b'unique_ptr<gis::Polygon>'
sql,../repos/mysql-server/sql/item_geofunc.cc,"(6514, 12)-(6514, 22)",b'unique_ptr<gis::Geometrycollection>'
sql,../repos/mysql-server/sql/item_geofunc.cc,"(6523, 14)-(6523, 24)",b'unique_ptr<gis::Geometry>'
sql,../repos/mysql-server/sql/item_geofunc.cc,"(6567, 12)-(6567, 22)",b'unique_ptr<gis::Multipoint>'
sql,../repos/mysql-server/sql/item_geofunc.cc,"(6577, 12)-(6577, 22)",b'unique_ptr<gis::Linestring>'
sql,../repos/mysql-server/sql/item_geofunc.cc,"(6579, 12)-(6579, 22)",b'unique_ptr<gis::Multipoint>'
sql,../repos/mysql-server/sql/item_geofunc.cc,"(6583, 14)-(6583, 24)",b'unique_ptr<gis::Point>'
sql,../repos/mysql-server/sql/item_geofunc.cc,"(6601, 12)-(6601, 22)",b'unique_ptr<gis::Geometrycollection>'
sql,../repos/mysql-server/sql/item_geofunc.cc,"(6609, 14)-(6609, 24)",b'unique_ptr<gis::Multipoint>'
sql,../repos/mysql-server/sql/item_geofunc.cc,"(6621, 16)-(6621, 26)",b'unique_ptr<gis::Geometry>'
sql,../repos/mysql-server/sql/item_geofunc.cc,"(6669, 12)-(6669, 22)",b'unique_ptr<gis::Multilinestring>'
sql,../repos/mysql-server/sql/item_geofunc.cc,"(6679, 12)-(6679, 22)",b'unique_ptr<gis::Polygon>'
sql,../repos/mysql-server/sql/item_geofunc.cc,"(6681, 12)-(6681, 22)",b'unique_ptr<gis::Multilinestring>'
sql,../repos/mysql-server/sql/item_geofunc.cc,"(6692, 14)-(6692, 24)",b'unique_ptr<gis::Linestring>'
sql,../repos/mysql-server/sql/item_geofunc.cc,"(6696, 16)-(6696, 26)",b'unique_ptr<gis::Point>'
sql,../repos/mysql-server/sql/item_geofunc.cc,"(6715, 12)-(6715, 22)",b'unique_ptr<gis::Multipolygon>'
sql,../repos/mysql-server/sql/item_geofunc.cc,"(6717, 12)-(6717, 22)",b'unique_ptr<gis::Multilinestring>'
sql,../repos/mysql-server/sql/item_geofunc.cc,"(6727, 14)-(6727, 24)",b'unique_ptr<gis::Linestring>'
sql,../repos/mysql-server/sql/item_geofunc.cc,"(6731, 16)-(6731, 26)",b'unique_ptr<gis::Point>'
sql,../repos/mysql-server/sql/item_geofunc.cc,"(6746, 12)-(6746, 22)",b'unique_ptr<gis::Geometrycollection>'
sql,../repos/mysql-server/sql/item_geofunc.cc,"(6754, 14)-(6754, 24)",b'unique_ptr<gis::Multilinestring>'
sql,../repos/mysql-server/sql/item_geofunc.cc,"(6765, 16)-(6765, 26)",b'unique_ptr<gis::Geometry>'
sql,../repos/mysql-server/sql/item_geofunc.cc,"(6811, 12)-(6811, 22)",b'unique_ptr<gis::Multipolygon>'
sql,../repos/mysql-server/sql/item_geofunc.cc,"(6823, 12)-(6823, 22)",b'unique_ptr<gis::Multilinestring>'
sql,../repos/mysql-server/sql/item_geofunc.cc,"(6825, 12)-(6825, 22)",b'unique_ptr<gis::Multipolygon>'
sql,../repos/mysql-server/sql/item_geofunc.cc,"(6847, 16)-(6847, 26)",b'unique_ptr<gis::Polygon>'
sql,../repos/mysql-server/sql/item_geofunc.cc,"(6850, 16)-(6850, 26)",b'unique_ptr<gis::Linearring>'
sql,../repos/mysql-server/sql/item_geofunc.cc,"(6854, 18)-(6854, 28)",b'unique_ptr<gis::Point>'
sql,../repos/mysql-server/sql/item_geofunc.cc,"(6911, 12)-(6911, 22)",b'unique_ptr<gis::Geometrycollection>'
sql,../repos/mysql-server/sql/item_geofunc.cc,"(6919, 14)-(6919, 24)",b'unique_ptr<gis::Multipolygon>'
sql,../repos/mysql-server/sql/item_geofunc.cc,"(6930, 16)-(6930, 26)",b'unique_ptr<gis::Geometry>'
sql,../repos/mysql-server/sql/item_geofunc.cc,"(6968, 12)-(6968, 22)",b'unique_ptr<gis::Geometrycollection>'
sql,../repos/mysql-server/sql/item_geofunc.cc,"(6980, 12)-(6980, 22)",b'unique_ptr<gis::Geometrycollection>'
sql,../repos/mysql-server/sql/item_geofunc.cc,"(6982, 12)-(6982, 22)",b'unique_ptr<gis::Geometrycollection>'
sql,../repos/mysql-server/sql/item_geofunc.cc,"(6986, 14)-(6986, 24)",b'unique_ptr<gis::Geometry>'
sql,../repos/mysql-server/sql/histograms/histogram.cc,"(1505, 10)-(1505, 20)",b'unique_ptr<dd::Column_statistics>'
sql,../repos/mysql-server/sql/histograms/equi_height_bucket.cc,"(297, 8)-(297, 18)",b'unique_ptr<uchar[]>'
sql,../repos/mysql-server/sql/histograms/equi_height_bucket.cc,"(298, 8)-(298, 18)",b'unique_ptr<uchar[]>'
sql,../repos/mysql-server/sql/histograms/equi_height_bucket.cc,"(299, 8)-(299, 18)",b'unique_ptr<uchar[]>'
sql,../repos/mysql-server/sql/sql_servers.cc,"(253, 3)-(253, 26)",b'unique_ptr_destroy_only<RowIterator>'
sql,../repos/mysql-server/sql/item_sum.cc,"(6080, 3)-(6080, 26)",b'unique_ptr_destroy_only<Json_array>'
sql,../repos/mysql-server/sql/item_sum.cc,"(6188, 3)-(6188, 26)",b'unique_ptr_destroy_only<Json_object>'
sql,../repos/mysql-server/sql/item_sum.cc,"(6528, 8)-(6528, 18)",b'unique_ptr<gis::Geometry>'
sql,../repos/mysql-server/sql/item_sum.cc,"(6584, 12)-(6584, 22)",b'unique_ptr<gis::Geometry>'
sql,../repos/mysql-server/sql/item_sum.cc,"(6650, 8)-(6650, 18)",b'unique_ptr<gis::Geometrycollection>'
sql,../repos/mysql-server/sql/item_sum.cc,"(6702, 10)-(6702, 20)",b'unique_ptr<gis::Geometrycollection>'
sql,../repos/mysql-server/sql/events.cc,"(338, 8)-(338, 18)",b'unique_ptr<Event_queue_element>'
sql,../repos/mysql-server/sql/events.cc,"(482, 8)-(482, 18)",b'unique_ptr<Event_queue_element>'
sql,../repos/mysql-server/sql/events.cc,"(1178, 12)-(1178, 22)",b'unique_ptr<Event_queue_element>'
sql,../repos/mysql-server/sql/ssl_acceptor_context_data.cc,"(77, 8)-(77, 18)","b'unique_ptr<FILE, decltype(deleter)>'"
sql,../repos/mysql-server/sql/rpl_gtid_owned.cc,"(92, 38)-(92, 56)",b'unique_ptr_my_free<Node>'
sql,../repos/mysql-server/sql/rpl_gtid_owned.cc,"(131, 38)-(131, 56)",b'unique_ptr_my_free<Node>'
sql,../repos/mysql-server/sql/rpl_gtid_owned.cc,"(139, 38)-(139, 56)",b'unique_ptr_my_free<Node>'
sql,../repos/mysql-server/sql/sql_db.cc,"(746, 8)-(746, 18)","b'unique_ptr<MY_DIR, decltype(dirender)>'"
sql,../repos/mysql-server/sql/gis/buffer.h,"(63, 18)-(63, 28)",b'unique_ptr<Geometry>'
sql,../repos/mysql-server/sql/gis/geometry_extraction.h,"(104, 8)-(104, 18)",b'unique_ptr<dd::cache::Dictionary_client::Auto...'
sql,../repos/mysql-server/sql/gis/geometry_extraction.h,"(108, 8)-(108, 18)",b'unique_ptr<gis::Geometry>'
sql,../repos/mysql-server/sql/gis/crosses.cc,"(63, 10)-(63, 20)",b'unique_ptr<Multipoint>'
sql,../repos/mysql-server/sql/gis/crosses.cc,"(64, 10)-(64, 20)",b'unique_ptr<Multilinestring>'
sql,../repos/mysql-server/sql/gis/crosses.cc,"(65, 10)-(65, 20)",b'unique_ptr<Multipolygon>'
sql,../repos/mysql-server/sql/gis/crosses.cc,"(72, 12)-(72, 22)",b'unique_ptr<Multipoint>'
sql,../repos/mysql-server/sql/gis/crosses.cc,"(73, 12)-(73, 22)",b'unique_ptr<Multilinestring>'
sql,../repos/mysql-server/sql/gis/crosses.cc,"(74, 12)-(74, 22)",b'unique_ptr<Multipolygon>'
sql,../repos/mysql-server/sql/gis/crosses.cc,"(246, 12)-(246, 22)",b'unique_ptr<Geometry>'
sql,../repos/mysql-server/sql/gis/crosses.cc,"(252, 12)-(252, 22)",b'unique_ptr<Geometry>'
sql,../repos/mysql-server/sql/gis/transform.h,"(52, 44)-(52, 54)",b'unique_ptr<Geometry>'
sql,../repos/mysql-server/sql/gis/rtree_support.cc,"(374, 10)-(374, 20)",b'unique_ptr<gis::Geometry>'
sql,../repos/mysql-server/sql/gis/setops.h,"(52, 22)-(52, 32)",b'unique_ptr<Geometry>'
sql,../repos/mysql-server/sql/gis/setops.h,"(67, 25)-(67, 35)",b'unique_ptr<Geometry>'
sql,../repos/mysql-server/sql/gis/setops.h,"(83, 18)-(83, 28)",b'unique_ptr<Geometry>'
sql,../repos/mysql-server/sql/gis/setops.h,"(98, 24)-(98, 34)",b'unique_ptr<Geometry>'
sql,../repos/mysql-server/sql/gis/gc_utils.h,"(62, 50)-(62, 60)",b'unique_ptr<Multipoint>'
sql,../repos/mysql-server/sql/gis/gc_utils.h,"(63, 20)-(63, 30)",b'unique_ptr<Multilinestring>'
sql,../repos/mysql-server/sql/gis/gc_utils.h,"(64, 20)-(64, 30)",b'unique_ptr<Multipolygon>'
sql,../repos/mysql-server/sql/gis/gc_utils.h,"(81, 20)-(81, 30)",b'unique_ptr<Multipoint>'
sql,../repos/mysql-server/sql/gis/gc_utils.h,"(82, 20)-(82, 30)",b'unique_ptr<Multilinestring>'
sql,../repos/mysql-server/sql/gis/gc_utils.h,"(83, 20)-(83, 30)",b'unique_ptr<Multipolygon>'
sql,../repos/mysql-server/sql/gis/gc_utils.h,"(93, 6)-(93, 16)",b'unique_ptr<gis::Geometrycollection>'
sql,../repos/mysql-server/sql/gis/gc_utils.h,"(94, 10)-(94, 20)",b'unique_ptr<Geometrycollection>'
sql,../repos/mysql-server/sql/gis/touches.cc,"(73, 12)-(73, 22)",b'unique_ptr<Multipoint>'
sql,../repos/mysql-server/sql/gis/touches.cc,"(74, 12)-(74, 22)",b'unique_ptr<Multilinestring>'
sql,../repos/mysql-server/sql/gis/touches.cc,"(75, 12)-(75, 22)",b'unique_ptr<Multipolygon>'
sql,../repos/mysql-server/sql/gis/touches.cc,"(76, 12)-(76, 22)",b'unique_ptr<Multipoint>'
sql,../repos/mysql-server/sql/gis/touches.cc,"(77, 12)-(77, 22)",b'unique_ptr<Multilinestring>'
sql,../repos/mysql-server/sql/gis/touches.cc,"(78, 12)-(78, 22)",b'unique_ptr<Multipolygon>'
sql,../repos/mysql-server/sql/gis/touches.cc,"(198, 12)-(198, 22)",b'unique_ptr<Multipoint>'
sql,../repos/mysql-server/sql/gis/touches.cc,"(199, 12)-(199, 22)",b'unique_ptr<Multilinestring>'
sql,../repos/mysql-server/sql/gis/touches.cc,"(200, 12)-(200, 22)",b'unique_ptr<Multipolygon>'
sql,../repos/mysql-server/sql/gis/wkb.h,"(79, 6)-(79, 16)",b'unique_ptr<Geometry>'
sql,../repos/mysql-server/sql/gis/wkb.h,"(101, 26)-(101, 36)",b'unique_ptr<Geometry>'
sql,../repos/mysql-server/sql/gis/wkb.cc,"(389, 8)-(389, 18)",b'unique_ptr<Geometry>'
sql,../repos/mysql-server/sql/gis/within.cc,"(150, 8)-(150, 18)",b'unique_ptr<Multipoint>'
sql,../repos/mysql-server/sql/gis/within.cc,"(151, 8)-(151, 18)",b'unique_ptr<Multilinestring>'
sql,../repos/mysql-server/sql/gis/within.cc,"(152, 8)-(152, 18)",b'unique_ptr<Multipolygon>'
sql,../repos/mysql-server/sql/gis/within.cc,"(157, 8)-(157, 18)",b'unique_ptr<Geometry>'
sql,../repos/mysql-server/sql/gis/within.cc,"(210, 8)-(210, 18)",b'unique_ptr<Multipoint>'
sql,../repos/mysql-server/sql/gis/within.cc,"(211, 8)-(211, 18)",b'unique_ptr<Multilinestring>'
sql,../repos/mysql-server/sql/gis/within.cc,"(212, 8)-(212, 18)",b'unique_ptr<Multipolygon>'
sql,../repos/mysql-server/sql/gis/within.cc,"(249, 8)-(249, 18)",b'unique_ptr<Multipoint>'
sql,../repos/mysql-server/sql/gis/within.cc,"(250, 8)-(250, 18)",b'unique_ptr<Multilinestring>'
sql,../repos/mysql-server/sql/gis/within.cc,"(251, 8)-(251, 18)",b'unique_ptr<Multipolygon>'
sql,../repos/mysql-server/sql/gis/within.cc,"(273, 8)-(273, 18)",b'unique_ptr<Multipoint>'
sql,../repos/mysql-server/sql/gis/within.cc,"(274, 8)-(274, 18)",b'unique_ptr<Multilinestring>'
sql,../repos/mysql-server/sql/gis/within.cc,"(275, 8)-(275, 18)",b'unique_ptr<Multipolygon>'
sql,../repos/mysql-server/sql/gis/within.cc,"(308, 8)-(308, 18)",b'unique_ptr<Multipoint>'
sql,../repos/mysql-server/sql/gis/within.cc,"(309, 8)-(309, 18)",b'unique_ptr<Multilinestring>'
sql,../repos/mysql-server/sql/gis/within.cc,"(310, 8)-(310, 18)",b'unique_ptr<Multipolygon>'
sql,../repos/mysql-server/sql/gis/within.cc,"(314, 8)-(314, 18)",b'unique_ptr<Multipoint>'
sql,../repos/mysql-server/sql/gis/within.cc,"(315, 8)-(315, 18)",b'unique_ptr<Multilinestring>'
sql,../repos/mysql-server/sql/gis/within.cc,"(316, 8)-(316, 18)",b'unique_ptr<Multipolygon>'
sql,../repos/mysql-server/sql/gis/within.cc,"(322, 8)-(322, 18)",b'unique_ptr<Geometry>'
sql,../repos/mysql-server/sql/gis/within.cc,"(328, 8)-(328, 18)",b'unique_ptr<Geometry>'
sql,../repos/mysql-server/sql/gis/within.cc,"(333, 8)-(333, 18)",b'unique_ptr<Geometry>'
sql,../repos/mysql-server/sql/gis/within.cc,"(352, 8)-(352, 18)",b'unique_ptr<Multipoint>'
sql,../repos/mysql-server/sql/gis/within.cc,"(353, 8)-(353, 18)",b'unique_ptr<Multilinestring>'
sql,../repos/mysql-server/sql/gis/within.cc,"(354, 8)-(354, 18)",b'unique_ptr<Multipolygon>'
sql,../repos/mysql-server/sql/gis/within.cc,"(365, 8)-(365, 18)",b'unique_ptr<Multipoint>'
sql,../repos/mysql-server/sql/gis/within.cc,"(366, 8)-(366, 18)",b'unique_ptr<Multilinestring>'
sql,../repos/mysql-server/sql/gis/within.cc,"(367, 8)-(367, 18)",b'unique_ptr<Multipolygon>'
sql,../repos/mysql-server/sql/gis/within.cc,"(389, 8)-(389, 18)",b'unique_ptr<Multipoint>'
sql,../repos/mysql-server/sql/gis/within.cc,"(390, 8)-(390, 18)",b'unique_ptr<Multilinestring>'
sql,../repos/mysql-server/sql/gis/within.cc,"(391, 8)-(391, 18)",b'unique_ptr<Multipolygon>'
sql,../repos/mysql-server/sql/gis/within.cc,"(563, 8)-(563, 18)",b'unique_ptr<Multipoint>'
sql,../repos/mysql-server/sql/gis/within.cc,"(564, 8)-(564, 18)",b'unique_ptr<Multilinestring>'
sql,../repos/mysql-server/sql/gis/within.cc,"(565, 8)-(565, 18)",b'unique_ptr<Multipolygon>'
sql,../repos/mysql-server/sql/gis/within.cc,"(570, 8)-(570, 18)",b'unique_ptr<Geometry>'
sql,../repos/mysql-server/sql/gis/within.cc,"(624, 8)-(624, 18)",b'unique_ptr<Multipoint>'
sql,../repos/mysql-server/sql/gis/within.cc,"(625, 8)-(625, 18)",b'unique_ptr<Multilinestring>'
sql,../repos/mysql-server/sql/gis/within.cc,"(626, 8)-(626, 18)",b'unique_ptr<Multipolygon>'
sql,../repos/mysql-server/sql/gis/within.cc,"(720, 8)-(720, 18)",b'unique_ptr<Multipoint>'
sql,../repos/mysql-server/sql/gis/within.cc,"(721, 8)-(721, 18)",b'unique_ptr<Multilinestring>'
sql,../repos/mysql-server/sql/gis/within.cc,"(722, 8)-(722, 18)",b'unique_ptr<Multipolygon>'
sql,../repos/mysql-server/sql/gis/within.cc,"(727, 8)-(727, 18)",b'unique_ptr<Geometry>'
sql,../repos/mysql-server/sql/gis/within.cc,"(781, 8)-(781, 18)",b'unique_ptr<Multipoint>'
sql,../repos/mysql-server/sql/gis/within.cc,"(782, 8)-(782, 18)",b'unique_ptr<Multilinestring>'
sql,../repos/mysql-server/sql/gis/within.cc,"(783, 8)-(783, 18)",b'unique_ptr<Multipolygon>'
sql,../repos/mysql-server/sql/gis/within.cc,"(820, 8)-(820, 18)",b'unique_ptr<Multipoint>'
sql,../repos/mysql-server/sql/gis/within.cc,"(821, 8)-(821, 18)",b'unique_ptr<Multilinestring>'
sql,../repos/mysql-server/sql/gis/within.cc,"(822, 8)-(822, 18)",b'unique_ptr<Multipolygon>'
sql,../repos/mysql-server/sql/gis/within.cc,"(845, 8)-(845, 18)",b'unique_ptr<Multipoint>'
sql,../repos/mysql-server/sql/gis/within.cc,"(846, 8)-(846, 18)",b'unique_ptr<Multilinestring>'
sql,../repos/mysql-server/sql/gis/within.cc,"(847, 8)-(847, 18)",b'unique_ptr<Multipolygon>'
sql,../repos/mysql-server/sql/gis/within.cc,"(882, 8)-(882, 18)",b'unique_ptr<Multipoint>'
sql,../repos/mysql-server/sql/gis/within.cc,"(883, 8)-(883, 18)",b'unique_ptr<Multilinestring>'
sql,../repos/mysql-server/sql/gis/within.cc,"(884, 8)-(884, 18)",b'unique_ptr<Multipolygon>'
sql,../repos/mysql-server/sql/gis/within.cc,"(888, 8)-(888, 18)",b'unique_ptr<Multipoint>'
sql,../repos/mysql-server/sql/gis/within.cc,"(889, 8)-(889, 18)",b'unique_ptr<Multilinestring>'
sql,../repos/mysql-server/sql/gis/within.cc,"(890, 8)-(890, 18)",b'unique_ptr<Multipolygon>'
sql,../repos/mysql-server/sql/gis/within.cc,"(896, 8)-(896, 18)",b'unique_ptr<Geometry>'
sql,../repos/mysql-server/sql/gis/within.cc,"(902, 8)-(902, 18)",b'unique_ptr<Geometry>'
sql,../repos/mysql-server/sql/gis/within.cc,"(907, 8)-(907, 18)",b'unique_ptr<Geometry>'
sql,../repos/mysql-server/sql/gis/within.cc,"(928, 8)-(928, 18)",b'unique_ptr<Multipoint>'
sql,../repos/mysql-server/sql/gis/within.cc,"(929, 8)-(929, 18)",b'unique_ptr<Multilinestring>'
sql,../repos/mysql-server/sql/gis/within.cc,"(930, 8)-(930, 18)",b'unique_ptr<Multipolygon>'
sql,../repos/mysql-server/sql/gis/within.cc,"(941, 8)-(941, 18)",b'unique_ptr<Multipoint>'
sql,../repos/mysql-server/sql/gis/within.cc,"(942, 8)-(942, 18)",b'unique_ptr<Multilinestring>'
sql,../repos/mysql-server/sql/gis/within.cc,"(943, 8)-(943, 18)",b'unique_ptr<Multipolygon>'
sql,../repos/mysql-server/sql/gis/within.cc,"(966, 8)-(966, 18)",b'unique_ptr<Multipoint>'
sql,../repos/mysql-server/sql/gis/within.cc,"(967, 8)-(967, 18)",b'unique_ptr<Multilinestring>'
sql,../repos/mysql-server/sql/gis/within.cc,"(968, 8)-(968, 18)",b'unique_ptr<Multipolygon>'
sql,../repos/mysql-server/sql/gis/within.cc,"(1144, 8)-(1144, 18)",b'unique_ptr<Multipoint>'
sql,../repos/mysql-server/sql/gis/within.cc,"(1145, 8)-(1145, 18)",b'unique_ptr<Multilinestring>'
sql,../repos/mysql-server/sql/gis/within.cc,"(1146, 8)-(1146, 18)",b'unique_ptr<Multipolygon>'
sql,../repos/mysql-server/sql/gis/within.cc,"(1151, 8)-(1151, 18)",b'unique_ptr<Geometry>'
sql,../repos/mysql-server/sql/gis/within.cc,"(1206, 8)-(1206, 18)",b'unique_ptr<Multipoint>'
sql,../repos/mysql-server/sql/gis/within.cc,"(1207, 8)-(1207, 18)",b'unique_ptr<Multilinestring>'
sql,../repos/mysql-server/sql/gis/within.cc,"(1208, 8)-(1208, 18)",b'unique_ptr<Multipolygon>'
sql,../repos/mysql-server/sql/gis/overlaps.cc,"(64, 10)-(64, 20)",b'unique_ptr<Multipoint>'
sql,../repos/mysql-server/sql/gis/overlaps.cc,"(65, 10)-(65, 20)",b'unique_ptr<Multilinestring>'
sql,../repos/mysql-server/sql/gis/overlaps.cc,"(66, 10)-(66, 20)",b'unique_ptr<Multipolygon>'
sql,../repos/mysql-server/sql/gis/overlaps.cc,"(67, 10)-(67, 20)",b'unique_ptr<Multipoint>'
sql,../repos/mysql-server/sql/gis/overlaps.cc,"(68, 10)-(68, 20)",b'unique_ptr<Multilinestring>'
sql,../repos/mysql-server/sql/gis/overlaps.cc,"(69, 10)-(69, 20)",b'unique_ptr<Multipolygon>'
sql,../repos/mysql-server/sql/gis/overlaps.cc,"(122, 10)-(122, 20)",b'unique_ptr<Multipoint>'
sql,../repos/mysql-server/sql/gis/overlaps.cc,"(123, 10)-(123, 20)",b'unique_ptr<Multilinestring>'
sql,../repos/mysql-server/sql/gis/overlaps.cc,"(124, 10)-(124, 20)",b'unique_ptr<Multipolygon>'
sql,../repos/mysql-server/sql/gis/buffer_functor.h,"(87, 8)-(87, 18)",b'unique_ptr<Geometry>'
sql,../repos/mysql-server/sql/gis/mbr_utils.cc,"(287, 8)-(287, 18)",b'unique_ptr<gis::Geometry>'
sql,../repos/mysql-server/sql/gis/so_utils.h,"(48, 29)-(48, 39)",b'unique_ptr<Geometry>'
sql,../repos/mysql-server/sql/gis/so_utils.h,"(57, 27)-(57, 37)",b'unique_ptr<Geometry>'
sql,../repos/mysql-server/sql/gis/symdifference_functor.cc,"(89, 8)-(89, 18)",b'unique_ptr<MultiPointType>'
sql,../repos/mysql-server/sql/gis/symdifference_functor.cc,"(90, 8)-(90, 18)",b'unique_ptr<MultiPointType>'
sql,../repos/mysql-server/sql/gis/symdifference_functor.cc,"(92, 8)-(92, 18)",b'unique_ptr<MultiPointType>'
sql,../repos/mysql-server/sql/gis/symdifference_functor.cc,"(104, 8)-(104, 18)",b'unique_ptr<GCType>'
sql,../repos/mysql-server/sql/gis/symdifference_functor.cc,"(115, 8)-(115, 18)",b'unique_ptr<GCType>'
sql,../repos/mysql-server/sql/gis/symdifference_functor.cc,"(124, 8)-(124, 18)",b'unique_ptr<MlsType>'
sql,../repos/mysql-server/sql/gis/symdifference_functor.cc,"(126, 8)-(126, 18)",b'unique_ptr<GCType>'
sql,../repos/mysql-server/sql/gis/symdifference_functor.cc,"(138, 8)-(138, 18)",b'unique_ptr<Multipoint>'
sql,../repos/mysql-server/sql/gis/symdifference_functor.cc,"(139, 8)-(139, 18)",b'unique_ptr<Multilinestring>'
sql,../repos/mysql-server/sql/gis/symdifference_functor.cc,"(140, 8)-(140, 18)",b'unique_ptr<Multipolygon>'
sql,../repos/mysql-server/sql/gis/symdifference_functor.cc,"(144, 8)-(144, 18)",b'unique_ptr<MptType>'
sql,../repos/mysql-server/sql/gis/symdifference_functor.cc,"(148, 8)-(148, 18)",b'unique_ptr<GCType>'
sql,../repos/mysql-server/sql/gis/symdifference_functor.cc,"(150, 8)-(150, 18)",b'unique_ptr<MptType>'
sql,../repos/mysql-server/sql/gis/symdifference_functor.cc,"(153, 8)-(153, 18)",b'unique_ptr<MptType>'
sql,../repos/mysql-server/sql/gis/symdifference_functor.cc,"(157, 8)-(157, 18)",b'unique_ptr<MptType>'
sql,../repos/mysql-server/sql/gis/symdifference_functor.cc,"(174, 8)-(174, 18)",b'unique_ptr<Multipoint>'
sql,../repos/mysql-server/sql/gis/symdifference_functor.cc,"(175, 8)-(175, 18)",b'unique_ptr<Multilinestring>'
sql,../repos/mysql-server/sql/gis/symdifference_functor.cc,"(176, 8)-(176, 18)",b'unique_ptr<Multipolygon>'
sql,../repos/mysql-server/sql/gis/symdifference_functor.cc,"(181, 8)-(181, 18)",b'unique_ptr<GCType>'
sql,../repos/mysql-server/sql/gis/symdifference_functor.cc,"(185, 8)-(185, 18)",b'unique_ptr<MlsType>'
sql,../repos/mysql-server/sql/gis/symdifference_functor.cc,"(191, 8)-(191, 18)",b'unique_ptr<MptType>'
sql,../repos/mysql-server/sql/gis/symdifference_functor.cc,"(203, 8)-(203, 18)",b'unique_ptr<Multipoint>'
sql,../repos/mysql-server/sql/gis/symdifference_functor.cc,"(204, 8)-(204, 18)",b'unique_ptr<Multilinestring>'
sql,../repos/mysql-server/sql/gis/symdifference_functor.cc,"(205, 8)-(205, 18)",b'unique_ptr<Multipolygon>'
sql,../repos/mysql-server/sql/gis/symdifference_functor.cc,"(210, 8)-(210, 18)",b'unique_ptr<GCType>'
sql,../repos/mysql-server/sql/gis/symdifference_functor.cc,"(215, 8)-(215, 18)",b'unique_ptr<MlsType>'
sql,../repos/mysql-server/sql/gis/symdifference_functor.cc,"(220, 8)-(220, 18)",b'unique_ptr<MptType>'
sql,../repos/mysql-server/sql/gis/symdifference_functor.cc,"(237, 8)-(237, 18)",b'unique_ptr<Geometry>'
sql,../repos/mysql-server/sql/gis/symdifference_functor.cc,"(307, 8)-(307, 18)",b'unique_ptr<Cartesian_multilinestring>'
sql,../repos/mysql-server/sql/gis/symdifference_functor.cc,"(328, 8)-(328, 18)",b'unique_ptr<Cartesian_multilinestring>'
sql,../repos/mysql-server/sql/gis/symdifference_functor.cc,"(365, 8)-(365, 18)",b'unique_ptr<Cartesian_multipolygon>'
sql,../repos/mysql-server/sql/gis/symdifference_functor.cc,"(386, 8)-(386, 18)",b'unique_ptr<Cartesian_multipolygon>'
sql,../repos/mysql-server/sql/gis/symdifference_functor.cc,"(412, 8)-(412, 18)",b'unique_ptr<Multipoint>'
sql,../repos/mysql-server/sql/gis/symdifference_functor.cc,"(413, 8)-(413, 18)",b'unique_ptr<Multilinestring>'
sql,../repos/mysql-server/sql/gis/symdifference_functor.cc,"(414, 8)-(414, 18)",b'unique_ptr<Multipolygon>'
sql,../repos/mysql-server/sql/gis/symdifference_functor.cc,"(501, 8)-(501, 18)",b'unique_ptr<Cartesian_multilinestring>'
sql,../repos/mysql-server/sql/gis/symdifference_functor.cc,"(555, 8)-(555, 18)",b'unique_ptr<Cartesian_multipolygon>'
sql,../repos/mysql-server/sql/gis/symdifference_functor.cc,"(625, 8)-(625, 18)",b'unique_ptr<Geographic_multilinestring>'
sql,../repos/mysql-server/sql/gis/symdifference_functor.cc,"(647, 8)-(647, 18)",b'unique_ptr<Geographic_multilinestring>'
sql,../repos/mysql-server/sql/gis/symdifference_functor.cc,"(684, 8)-(684, 18)",b'unique_ptr<Geographic_multipolygon>'
sql,../repos/mysql-server/sql/gis/symdifference_functor.cc,"(705, 8)-(705, 18)",b'unique_ptr<Geographic_multipolygon>'
sql,../repos/mysql-server/sql/gis/symdifference_functor.cc,"(732, 8)-(732, 18)",b'unique_ptr<Multipoint>'
sql,../repos/mysql-server/sql/gis/symdifference_functor.cc,"(733, 8)-(733, 18)",b'unique_ptr<Multilinestring>'
sql,../repos/mysql-server/sql/gis/symdifference_functor.cc,"(734, 8)-(734, 18)",b'unique_ptr<Multipolygon>'
sql,../repos/mysql-server/sql/gis/symdifference_functor.cc,"(825, 8)-(825, 18)",b'unique_ptr<Geographic_multilinestring>'
sql,../repos/mysql-server/sql/gis/symdifference_functor.cc,"(880, 8)-(880, 18)",b'unique_ptr<Geographic_multipolygon>'
sql,../repos/mysql-server/sql/gis/union_functor.cc,"(45, 8)-(45, 18)",b'unique_ptr<Geometrycollection>'
sql,../repos/mysql-server/sql/gis/union_functor.cc,"(48, 8)-(48, 18)",b'unique_ptr<GC>'
sql,../repos/mysql-server/sql/gis/union_functor.cc,"(52, 8)-(52, 18)",b'unique_ptr<Multipoint>'
sql,../repos/mysql-server/sql/gis/union_functor.cc,"(53, 8)-(53, 18)",b'unique_ptr<Multilinestring>'
sql,../repos/mysql-server/sql/gis/union_functor.cc,"(54, 8)-(54, 18)",b'unique_ptr<Multipolygon>'
sql,../repos/mysql-server/sql/gis/union_functor.cc,"(117, 8)-(117, 18)",b'unique_ptr<Geometry>'
sql,../repos/mysql-server/sql/gis/union_functor.cc,"(135, 8)-(135, 18)",b'unique_ptr<Cartesian_multipoint>'
sql,../repos/mysql-server/sql/gis/union_functor.cc,"(145, 8)-(145, 18)",b'unique_ptr<Cartesian_geometrycollection>'
sql,../repos/mysql-server/sql/gis/union_functor.cc,"(156, 8)-(156, 18)",b'unique_ptr<Cartesian_geometrycollection>'
sql,../repos/mysql-server/sql/gis/union_functor.cc,"(165, 8)-(165, 18)",b'unique_ptr<Cartesian_multipoint>'
sql,../repos/mysql-server/sql/gis/union_functor.cc,"(175, 8)-(175, 18)",b'unique_ptr<Geometrycollection>'
sql,../repos/mysql-server/sql/gis/union_functor.cc,"(188, 8)-(188, 18)",b'unique_ptr<Geometrycollection>'
sql,../repos/mysql-server/sql/gis/union_functor.cc,"(208, 8)-(208, 18)",b'unique_ptr<Cartesian_multilinestring>'
sql,../repos/mysql-server/sql/gis/union_functor.cc,"(218, 8)-(218, 18)",b'unique_ptr<Cartesian_multilinestring>'
sql,../repos/mysql-server/sql/gis/union_functor.cc,"(223, 8)-(223, 18)",b'unique_ptr<Cartesian_geometrycollection>'
sql,../repos/mysql-server/sql/gis/union_functor.cc,"(235, 8)-(235, 18)",b'unique_ptr<Cartesian_multipoint>'
sql,../repos/mysql-server/sql/gis/union_functor.cc,"(240, 8)-(240, 18)",b'unique_ptr<Cartesian_geometrycollection>'
sql,../repos/mysql-server/sql/gis/union_functor.cc,"(249, 8)-(249, 18)",b'unique_ptr<Cartesian_multilinestring>'
sql,../repos/mysql-server/sql/gis/union_functor.cc,"(260, 8)-(260, 18)",b'unique_ptr<Cartesian_multilinestring>'
sql,../repos/mysql-server/sql/gis/union_functor.cc,"(265, 8)-(265, 18)",b'unique_ptr<Geometrycollection>'
sql,../repos/mysql-server/sql/gis/union_functor.cc,"(292, 8)-(292, 18)",b'unique_ptr<Cartesian_multipolygon>'
sql,../repos/mysql-server/sql/gis/union_functor.cc,"(302, 8)-(302, 18)",b'unique_ptr<Cartesian_multipoint>'
sql,../repos/mysql-server/sql/gis/union_functor.cc,"(307, 8)-(307, 18)",b'unique_ptr<Cartesian_geometrycollection>'
sql,../repos/mysql-server/sql/gis/union_functor.cc,"(319, 8)-(319, 18)",b'unique_ptr<Cartesian_multilinestring>'
sql,../repos/mysql-server/sql/gis/union_functor.cc,"(324, 8)-(324, 18)",b'unique_ptr<Cartesian_geometrycollection>'
sql,../repos/mysql-server/sql/gis/union_functor.cc,"(333, 8)-(333, 18)",b'unique_ptr<Cartesian_multipolygon>'
sql,../repos/mysql-server/sql/gis/union_functor.cc,"(380, 8)-(380, 18)",b'unique_ptr<Cartesian_multipoint>'
sql,../repos/mysql-server/sql/gis/union_functor.cc,"(391, 8)-(391, 18)",b'unique_ptr<Cartesian_multipoint>'
sql,../repos/mysql-server/sql/gis/union_functor.cc,"(396, 8)-(396, 18)",b'unique_ptr<Geometrycollection>'
sql,../repos/mysql-server/sql/gis/union_functor.cc,"(412, 8)-(412, 18)",b'unique_ptr<Cartesian_multipoint>'
sql,../repos/mysql-server/sql/gis/union_functor.cc,"(417, 8)-(417, 18)",b'unique_ptr<Geometrycollection>'
sql,../repos/mysql-server/sql/gis/union_functor.cc,"(455, 8)-(455, 18)",b'unique_ptr<Cartesian_multilinestring>'
sql,../repos/mysql-server/sql/gis/union_functor.cc,"(467, 8)-(467, 18)",b'unique_ptr<Cartesian_multilinestring>'
sql,../repos/mysql-server/sql/gis/union_functor.cc,"(472, 8)-(472, 18)",b'unique_ptr<Geometrycollection>'
sql,../repos/mysql-server/sql/gis/union_functor.cc,"(515, 8)-(515, 18)",b'unique_ptr<Cartesian_multipolygon>'
sql,../repos/mysql-server/sql/gis/union_functor.cc,"(527, 8)-(527, 18)",b'unique_ptr<Geographic_multipoint>'
sql,../repos/mysql-server/sql/gis/union_functor.cc,"(537, 8)-(537, 18)",b'unique_ptr<Geometrycollection>'
sql,../repos/mysql-server/sql/gis/union_functor.cc,"(549, 8)-(549, 18)",b'unique_ptr<Geometrycollection>'
sql,../repos/mysql-server/sql/gis/union_functor.cc,"(559, 8)-(559, 18)",b'unique_ptr<Geographic_multipoint>'
sql,../repos/mysql-server/sql/gis/union_functor.cc,"(569, 8)-(569, 18)",b'unique_ptr<Geometrycollection>'
sql,../repos/mysql-server/sql/gis/union_functor.cc,"(583, 8)-(583, 18)",b'unique_ptr<Geometrycollection>'
sql,../repos/mysql-server/sql/gis/union_functor.cc,"(604, 8)-(604, 18)",b'unique_ptr<Geographic_multilinestring>'
sql,../repos/mysql-server/sql/gis/union_functor.cc,"(614, 8)-(614, 18)",b'unique_ptr<Geographic_multilinestring>'
sql,../repos/mysql-server/sql/gis/union_functor.cc,"(619, 8)-(619, 18)",b'unique_ptr<Geographic_geometrycollection>'
sql,../repos/mysql-server/sql/gis/union_functor.cc,"(631, 8)-(631, 18)",b'unique_ptr<Geographic_multipoint>'
sql,../repos/mysql-server/sql/gis/union_functor.cc,"(636, 8)-(636, 18)",b'unique_ptr<Geographic_geometrycollection>'
sql,../repos/mysql-server/sql/gis/union_functor.cc,"(646, 8)-(646, 18)",b'unique_ptr<Geographic_multilinestring>'
sql,../repos/mysql-server/sql/gis/union_functor.cc,"(657, 8)-(657, 18)",b'unique_ptr<Geographic_multilinestring>'
sql,../repos/mysql-server/sql/gis/union_functor.cc,"(662, 8)-(662, 18)",b'unique_ptr<Geometrycollection>'
sql,../repos/mysql-server/sql/gis/union_functor.cc,"(689, 8)-(689, 18)",b'unique_ptr<Geographic_multipolygon>'
sql,../repos/mysql-server/sql/gis/union_functor.cc,"(699, 8)-(699, 18)",b'unique_ptr<Geographic_multipoint>'
sql,../repos/mysql-server/sql/gis/union_functor.cc,"(704, 8)-(704, 18)",b'unique_ptr<Geographic_geometrycollection>'
sql,../repos/mysql-server/sql/gis/union_functor.cc,"(716, 8)-(716, 18)",b'unique_ptr<Geographic_multilinestring>'
sql,../repos/mysql-server/sql/gis/union_functor.cc,"(721, 8)-(721, 18)",b'unique_ptr<Geographic_geometrycollection>'
sql,../repos/mysql-server/sql/gis/union_functor.cc,"(730, 8)-(730, 18)",b'unique_ptr<Geographic_multipolygon>'
sql,../repos/mysql-server/sql/gis/union_functor.cc,"(777, 8)-(777, 18)",b'unique_ptr<Geographic_multipoint>'
sql,../repos/mysql-server/sql/gis/union_functor.cc,"(789, 8)-(789, 18)",b'unique_ptr<Geographic_multipoint>'
sql,../repos/mysql-server/sql/gis/union_functor.cc,"(794, 8)-(794, 18)",b'unique_ptr<Geometrycollection>'
sql,../repos/mysql-server/sql/gis/union_functor.cc,"(810, 8)-(810, 18)",b'unique_ptr<Geographic_multipoint>'
sql,../repos/mysql-server/sql/gis/union_functor.cc,"(815, 8)-(815, 18)",b'unique_ptr<Geometrycollection>'
sql,../repos/mysql-server/sql/gis/union_functor.cc,"(853, 8)-(853, 18)",b'unique_ptr<Geographic_multilinestring>'
sql,../repos/mysql-server/sql/gis/union_functor.cc,"(865, 8)-(865, 18)",b'unique_ptr<Geographic_multilinestring>'
sql,../repos/mysql-server/sql/gis/union_functor.cc,"(870, 8)-(870, 18)",b'unique_ptr<Geometrycollection>'
sql,../repos/mysql-server/sql/gis/union_functor.cc,"(914, 8)-(914, 18)",b'unique_ptr<Geographic_multipolygon>'
sql,../repos/mysql-server/sql/gis/transform.cc,"(64, 12)-(64, 22)",b'unique_ptr<Geometry>'
sql,../repos/mysql-server/sql/gis/transform.cc,"(72, 12)-(72, 22)",b'unique_ptr<Geometry>'
sql,../repos/mysql-server/sql/gis/transform.cc,"(93, 12)-(93, 22)",b'unique_ptr<Geometry>'
sql,../repos/mysql-server/sql/gis/transform.cc,"(95, 14)-(95, 24)",b'unique_ptr<Geometry>'
sql,../repos/mysql-server/sql/gis/transform.cc,"(105, 12)-(105, 22)",b'unique_ptr<Geometry>'
sql,../repos/mysql-server/sql/gis/transform.cc,"(107, 14)-(107, 24)",b'unique_ptr<Geometry>'
sql,../repos/mysql-server/sql/gis/difference_functor.cc,"(44, 8)-(44, 18)",b'unique_ptr<GC>'
sql,../repos/mysql-server/sql/gis/difference_functor.cc,"(47, 8)-(47, 18)",b'unique_ptr<Multipoint>'
sql,../repos/mysql-server/sql/gis/difference_functor.cc,"(48, 8)-(48, 18)",b'unique_ptr<Multilinestring>'
sql,../repos/mysql-server/sql/gis/difference_functor.cc,"(49, 8)-(49, 18)",b'unique_ptr<Multipolygon>'
sql,../repos/mysql-server/sql/gis/difference_functor.cc,"(54, 10)-(54, 20)",b'unique_ptr<Geometry>'
sql,../repos/mysql-server/sql/gis/difference_functor.cc,"(65, 10)-(65, 20)",b'unique_ptr<Geometry>'
sql,../repos/mysql-server/sql/gis/difference_functor.cc,"(76, 10)-(76, 20)",b'unique_ptr<Geometry>'
sql,../repos/mysql-server/sql/gis/difference_functor.cc,"(126, 8)-(126, 18)",b'unique_ptr<Geometry>'
sql,../repos/mysql-server/sql/gis/difference_functor.cc,"(144, 8)-(144, 18)",b'unique_ptr<Cartesian_multipoint>'
sql,../repos/mysql-server/sql/gis/difference_functor.cc,"(152, 8)-(152, 18)",b'unique_ptr<Cartesian_multipoint>'
sql,../repos/mysql-server/sql/gis/difference_functor.cc,"(160, 8)-(160, 18)",b'unique_ptr<Cartesian_multipoint>'
sql,../repos/mysql-server/sql/gis/difference_functor.cc,"(168, 8)-(168, 18)",b'unique_ptr<Cartesian_multipoint>'
sql,../repos/mysql-server/sql/gis/difference_functor.cc,"(176, 8)-(176, 18)",b'unique_ptr<Cartesian_multipoint>'
sql,../repos/mysql-server/sql/gis/difference_functor.cc,"(184, 8)-(184, 18)",b'unique_ptr<Cartesian_multipoint>'
sql,../repos/mysql-server/sql/gis/difference_functor.cc,"(193, 8)-(193, 18)",b'unique_ptr<Geometry>'
sql,../repos/mysql-server/sql/gis/difference_functor.cc,"(209, 8)-(209, 18)",b'unique_ptr<Cartesian_linestring>'
sql,../repos/mysql-server/sql/gis/difference_functor.cc,"(216, 8)-(216, 18)",b'unique_ptr<Cartesian_multilinestring>'
sql,../repos/mysql-server/sql/gis/difference_functor.cc,"(224, 8)-(224, 18)",b'unique_ptr<Cartesian_multilinestring>'
sql,../repos/mysql-server/sql/gis/difference_functor.cc,"(234, 8)-(234, 18)",b'unique_ptr<Cartesian_linestring>'
sql,../repos/mysql-server/sql/gis/difference_functor.cc,"(241, 8)-(241, 18)",b'unique_ptr<Cartesian_multilinestring>'
sql,../repos/mysql-server/sql/gis/difference_functor.cc,"(249, 8)-(249, 18)",b'unique_ptr<Cartesian_multilinestring>'
sql,../repos/mysql-server/sql/gis/difference_functor.cc,"(259, 8)-(259, 18)",b'unique_ptr<Geometry>'
sql,../repos/mysql-server/sql/gis/difference_functor.cc,"(275, 8)-(275, 18)",b'unique_ptr<Cartesian_polygon>'
sql,../repos/mysql-server/sql/gis/difference_functor.cc,"(284, 8)-(284, 18)",b'unique_ptr<Cartesian_polygon>'
sql,../repos/mysql-server/sql/gis/difference_functor.cc,"(291, 8)-(291, 18)",b'unique_ptr<Cartesian_multipolygon>'
sql,../repos/mysql-server/sql/gis/difference_functor.cc,"(301, 8)-(301, 18)",b'unique_ptr<Cartesian_polygon>'
sql,../repos/mysql-server/sql/gis/difference_functor.cc,"(311, 8)-(311, 18)",b'unique_ptr<Cartesian_polygon>'
sql,../repos/mysql-server/sql/gis/difference_functor.cc,"(318, 8)-(318, 18)",b'unique_ptr<Cartesian_multipolygon>'
sql,../repos/mysql-server/sql/gis/difference_functor.cc,"(327, 8)-(327, 18)",b'unique_ptr<Geometry>'
sql,../repos/mysql-server/sql/gis/difference_functor.cc,"(350, 8)-(350, 18)",b'unique_ptr<Cartesian_multipoint>'
sql,../repos/mysql-server/sql/gis/difference_functor.cc,"(358, 8)-(358, 18)",b'unique_ptr<Cartesian_multipoint>'
sql,../repos/mysql-server/sql/gis/difference_functor.cc,"(366, 8)-(366, 18)",b'unique_ptr<Cartesian_multipoint>'
sql,../repos/mysql-server/sql/gis/difference_functor.cc,"(374, 8)-(374, 18)",b'unique_ptr<Cartesian_multipoint>'
sql,../repos/mysql-server/sql/gis/difference_functor.cc,"(382, 8)-(382, 18)",b'unique_ptr<Cartesian_multipoint>'
sql,../repos/mysql-server/sql/gis/difference_functor.cc,"(390, 8)-(390, 18)",b'unique_ptr<Cartesian_multipoint>'
sql,../repos/mysql-server/sql/gis/difference_functor.cc,"(399, 8)-(399, 18)",b'unique_ptr<Geometry>'
sql,../repos/mysql-server/sql/gis/difference_functor.cc,"(414, 8)-(414, 18)",b'unique_ptr<Cartesian_multilinestring>'
sql,../repos/mysql-server/sql/gis/difference_functor.cc,"(421, 8)-(421, 18)",b'unique_ptr<Cartesian_multilinestring>'
sql,../repos/mysql-server/sql/gis/difference_functor.cc,"(429, 8)-(429, 18)",b'unique_ptr<Cartesian_multilinestring>'
sql,../repos/mysql-server/sql/gis/difference_functor.cc,"(440, 8)-(440, 18)",b'unique_ptr<Cartesian_multilinestring>'
sql,../repos/mysql-server/sql/gis/difference_functor.cc,"(448, 8)-(448, 18)",b'unique_ptr<Cartesian_multilinestring>'
sql,../repos/mysql-server/sql/gis/difference_functor.cc,"(457, 8)-(457, 18)",b'unique_ptr<Cartesian_multilinestring>'
sql,../repos/mysql-server/sql/gis/difference_functor.cc,"(466, 8)-(466, 18)",b'unique_ptr<Geometry>'
sql,../repos/mysql-server/sql/gis/difference_functor.cc,"(481, 8)-(481, 18)",b'unique_ptr<Cartesian_multipolygon>'
sql,../repos/mysql-server/sql/gis/difference_functor.cc,"(491, 8)-(491, 18)",b'unique_ptr<Cartesian_multipolygon>'
sql,../repos/mysql-server/sql/gis/difference_functor.cc,"(498, 8)-(498, 18)",b'unique_ptr<Cartesian_multipolygon>'
sql,../repos/mysql-server/sql/gis/difference_functor.cc,"(508, 8)-(508, 18)",b'unique_ptr<Cartesian_multipolygon>'
sql,../repos/mysql-server/sql/gis/difference_functor.cc,"(518, 8)-(518, 18)",b'unique_ptr<Cartesian_multipolygon>'
sql,../repos/mysql-server/sql/gis/difference_functor.cc,"(525, 8)-(525, 18)",b'unique_ptr<Cartesian_multipolygon>'
sql,../repos/mysql-server/sql/gis/difference_functor.cc,"(533, 8)-(533, 18)",b'unique_ptr<Geometry>'
sql,../repos/mysql-server/sql/gis/difference_functor.cc,"(546, 8)-(546, 18)",b'unique_ptr<Geographic_multipoint>'
sql,../repos/mysql-server/sql/gis/difference_functor.cc,"(553, 8)-(553, 18)",b'unique_ptr<Geographic_multipoint>'
sql,../repos/mysql-server/sql/gis/difference_functor.cc,"(560, 8)-(560, 18)",b'unique_ptr<Geographic_multipoint>'
sql,../repos/mysql-server/sql/gis/difference_functor.cc,"(567, 8)-(567, 18)",b'unique_ptr<Geographic_multipoint>'
sql,../repos/mysql-server/sql/gis/difference_functor.cc,"(575, 8)-(575, 18)",b'unique_ptr<Geographic_multipoint>'
sql,../repos/mysql-server/sql/gis/difference_functor.cc,"(583, 8)-(583, 18)",b'unique_ptr<Geographic_multipoint>'
sql,../repos/mysql-server/sql/gis/difference_functor.cc,"(592, 8)-(592, 18)",b'unique_ptr<Geometry>'
sql,../repos/mysql-server/sql/gis/difference_functor.cc,"(608, 8)-(608, 18)",b'unique_ptr<Geographic_linestring>'
sql,../repos/mysql-server/sql/gis/difference_functor.cc,"(615, 8)-(615, 18)",b'unique_ptr<Geographic_multilinestring>'
sql,../repos/mysql-server/sql/gis/difference_functor.cc,"(623, 8)-(623, 18)",b'unique_ptr<Geographic_multilinestring>'
sql,../repos/mysql-server/sql/gis/difference_functor.cc,"(634, 8)-(634, 18)",b'unique_ptr<Geographic_linestring>'
sql,../repos/mysql-server/sql/gis/difference_functor.cc,"(642, 8)-(642, 18)",b'unique_ptr<Geographic_multilinestring>'
sql,../repos/mysql-server/sql/gis/difference_functor.cc,"(650, 8)-(650, 18)",b'unique_ptr<Geographic_multilinestring>'
sql,../repos/mysql-server/sql/gis/difference_functor.cc,"(660, 8)-(660, 18)",b'unique_ptr<Geometry>'
sql,../repos/mysql-server/sql/gis/difference_functor.cc,"(676, 8)-(676, 18)",b'unique_ptr<Geographic_polygon>'
sql,../repos/mysql-server/sql/gis/difference_functor.cc,"(685, 8)-(685, 18)",b'unique_ptr<Geographic_polygon>'
sql,../repos/mysql-server/sql/gis/difference_functor.cc,"(692, 8)-(692, 18)",b'unique_ptr<Geographic_multipolygon>'
sql,../repos/mysql-server/sql/gis/difference_functor.cc,"(702, 8)-(702, 18)",b'unique_ptr<Geographic_polygon>'
sql,../repos/mysql-server/sql/gis/difference_functor.cc,"(712, 8)-(712, 18)",b'unique_ptr<Geographic_polygon>'
sql,../repos/mysql-server/sql/gis/difference_functor.cc,"(719, 8)-(719, 18)",b'unique_ptr<Geographic_multipolygon>'
sql,../repos/mysql-server/sql/gis/difference_functor.cc,"(729, 8)-(729, 18)",b'unique_ptr<Geometry>'
sql,../repos/mysql-server/sql/gis/difference_functor.cc,"(752, 8)-(752, 18)",b'unique_ptr<Geographic_multipoint>'
sql,../repos/mysql-server/sql/gis/difference_functor.cc,"(760, 8)-(760, 18)",b'unique_ptr<Geographic_multipoint>'
sql,../repos/mysql-server/sql/gis/difference_functor.cc,"(768, 8)-(768, 18)",b'unique_ptr<Geographic_multipoint>'
sql,../repos/mysql-server/sql/gis/difference_functor.cc,"(776, 8)-(776, 18)",b'unique_ptr<Geographic_multipoint>'
sql,../repos/mysql-server/sql/gis/difference_functor.cc,"(785, 8)-(785, 18)",b'unique_ptr<Geographic_multipoint>'
sql,../repos/mysql-server/sql/gis/difference_functor.cc,"(793, 8)-(793, 18)",b'unique_ptr<Geographic_multipoint>'
sql,../repos/mysql-server/sql/gis/difference_functor.cc,"(802, 8)-(802, 18)",b'unique_ptr<Geometry>'
sql,../repos/mysql-server/sql/gis/difference_functor.cc,"(818, 8)-(818, 18)",b'unique_ptr<Geographic_multilinestring>'
sql,../repos/mysql-server/sql/gis/difference_functor.cc,"(826, 8)-(826, 18)",b'unique_ptr<Geographic_multilinestring>'
sql,../repos/mysql-server/sql/gis/difference_functor.cc,"(834, 8)-(834, 18)",b'unique_ptr<Geographic_multilinestring>'
sql,../repos/mysql-server/sql/gis/difference_functor.cc,"(845, 8)-(845, 18)",b'unique_ptr<Geographic_multilinestring>'
sql,../repos/mysql-server/sql/gis/difference_functor.cc,"(853, 8)-(853, 18)",b'unique_ptr<Geographic_multilinestring>'
sql,../repos/mysql-server/sql/gis/difference_functor.cc,"(862, 8)-(862, 18)",b'unique_ptr<Geographic_multilinestring>'
sql,../repos/mysql-server/sql/gis/difference_functor.cc,"(871, 8)-(871, 18)",b'unique_ptr<Geometry>'
sql,../repos/mysql-server/sql/gis/difference_functor.cc,"(886, 8)-(886, 18)",b'unique_ptr<Geographic_multipolygon>'
sql,../repos/mysql-server/sql/gis/difference_functor.cc,"(896, 8)-(896, 18)",b'unique_ptr<Geographic_multipolygon>'
sql,../repos/mysql-server/sql/gis/difference_functor.cc,"(903, 8)-(903, 18)",b'unique_ptr<Geographic_multipolygon>'
sql,../repos/mysql-server/sql/gis/difference_functor.cc,"(914, 8)-(914, 18)",b'unique_ptr<Geographic_multipolygon>'
sql,../repos/mysql-server/sql/gis/difference_functor.cc,"(924, 8)-(924, 18)",b'unique_ptr<Geographic_multipolygon>'
sql,../repos/mysql-server/sql/gis/difference_functor.cc,"(932, 8)-(932, 18)",b'unique_ptr<Geographic_multipolygon>'
sql,../repos/mysql-server/sql/gis/difference_functor.cc,"(941, 8)-(941, 18)",b'unique_ptr<Geometry>'
sql,../repos/mysql-server/sql/gis/equals.cc,"(65, 12)-(65, 22)",b'unique_ptr<Multipoint>'
sql,../repos/mysql-server/sql/gis/equals.cc,"(66, 12)-(66, 22)",b'unique_ptr<Multilinestring>'
sql,../repos/mysql-server/sql/gis/equals.cc,"(67, 12)-(67, 22)",b'unique_ptr<Multipolygon>'
sql,../repos/mysql-server/sql/gis/equals.cc,"(68, 12)-(68, 22)",b'unique_ptr<Multipoint>'
sql,../repos/mysql-server/sql/gis/equals.cc,"(69, 12)-(69, 22)",b'unique_ptr<Multilinestring>'
sql,../repos/mysql-server/sql/gis/equals.cc,"(70, 12)-(70, 22)",b'unique_ptr<Multipolygon>'
sql,../repos/mysql-server/sql/gis/equals.cc,"(107, 12)-(107, 22)",b'unique_ptr<Multipoint>'
sql,../repos/mysql-server/sql/gis/equals.cc,"(108, 12)-(108, 22)",b'unique_ptr<Multilinestring>'
sql,../repos/mysql-server/sql/gis/equals.cc,"(109, 12)-(109, 22)",b'unique_ptr<Multipolygon>'
sql,../repos/mysql-server/sql/gis/simplify.cc,"(60, 8)-(60, 18)",b'unique_ptr<Geometry>'
sql,../repos/mysql-server/sql/gis/simplify.cc,"(67, 8)-(67, 18)",b'unique_ptr<Geometry>'
sql,../repos/mysql-server/sql/gis/simplify.cc,"(75, 8)-(75, 18)",b'unique_ptr<Geometry>'
sql,../repos/mysql-server/sql/gis/simplify.cc,"(85, 8)-(85, 18)",b'unique_ptr<Geometry>'
sql,../repos/mysql-server/sql/gis/simplify.cc,"(87, 10)-(87, 20)",b'unique_ptr<Geometry>'
sql,../repos/mysql-server/sql/gis/simplify.cc,"(95, 8)-(95, 18)",b'unique_ptr<Geometry>'
sql,../repos/mysql-server/sql/gis/simplify.cc,"(102, 8)-(102, 18)",b'unique_ptr<Cartesian_multilinestring>'
sql,../repos/mysql-server/sql/gis/simplify.cc,"(108, 8)-(108, 18)",b'unique_ptr<Geometry>'
sql,../repos/mysql-server/sql/gis/simplify.cc,"(117, 8)-(117, 18)",b'unique_ptr<Cartesian_multipolygon>'
sql,../repos/mysql-server/sql/gis/simplify.cc,"(123, 8)-(123, 18)",b'unique_ptr<Geometry>'
sql,../repos/mysql-server/sql/gis/so_utils.cc,"(47, 12)-(47, 22)",b'unique_ptr<MPt>'
sql,../repos/mysql-server/sql/gis/so_utils.cc,"(62, 12)-(62, 22)",b'unique_ptr<MLs>'
sql,../repos/mysql-server/sql/gis/so_utils.cc,"(77, 12)-(77, 22)",b'unique_ptr<MPy>'
sql,../repos/mysql-server/sql/gis/so_utils.cc,"(92, 12)-(92, 22)",b'unique_ptr<GC>'
sql,../repos/mysql-server/sql/gis/so_utils.cc,"(95, 14)-(95, 24)",b'unique_ptr<Geometry>'
sql,../repos/mysql-server/sql/gis/gc_utils.cc,"(131, 8)-(131, 18)",b'unique_ptr<MPy>'
sql,../repos/mysql-server/sql/gis/gc_utils.cc,"(133, 10)-(133, 20)",b'unique_ptr<Geometry>'
sql,../repos/mysql-server/sql/gis/gc_utils.cc,"(154, 8)-(154, 18)",b'unique_ptr<MLs>'
sql,../repos/mysql-server/sql/gis/gc_utils.cc,"(155, 8)-(155, 18)",b'unique_ptr<Geometry>'
sql,../repos/mysql-server/sql/gis/gc_utils.cc,"(162, 8)-(162, 18)",b'unique_ptr<MPt>'
sql,../repos/mysql-server/sql/gis/gc_utils.cc,"(163, 8)-(163, 18)",b'unique_ptr<Geometry>'
sql,../repos/mysql-server/sql/gis/gc_utils.cc,"(242, 8)-(242, 18)",b'unique_ptr<gis::Multipoint>'
sql,../repos/mysql-server/sql/gis/gc_utils.cc,"(245, 8)-(245, 18)",b'unique_ptr<gis::Multilinestring>'
sql,../repos/mysql-server/sql/gis/gc_utils.cc,"(249, 8)-(249, 18)",b'unique_ptr<gis::Multipolygon>'
sql,../repos/mysql-server/sql/gis/line_interpolate.cc,"(61, 10)-(61, 20)",b'unique_ptr<Geometry>'
sql,../repos/mysql-server/sql/gis/line_interpolate.cc,"(66, 8)-(66, 18)",b'unique_ptr<Geometry>'
sql,../repos/mysql-server/sql/gis/line_interpolate.cc,"(75, 10)-(75, 20)",b'unique_ptr<Geometry>'
sql,../repos/mysql-server/sql/gis/line_interpolate.cc,"(80, 8)-(80, 18)",b'unique_ptr<Geometry>'
sql,../repos/mysql-server/sql/gis/intersection_functor.cc,"(56, 8)-(56, 18)",b'unique_ptr<MPt>'
sql,../repos/mysql-server/sql/gis/intersection_functor.cc,"(66, 8)-(66, 18)",b'unique_ptr<MPt>'
sql,../repos/mysql-server/sql/gis/intersection_functor.cc,"(69, 8)-(69, 18)",b'unique_ptr<MPt>'
sql,../repos/mysql-server/sql/gis/intersection_functor.cc,"(80, 8)-(80, 18)",b'unique_ptr<MLs>'
sql,../repos/mysql-server/sql/gis/intersection_functor.cc,"(103, 8)-(103, 18)",b'unique_ptr<gis::Geometrycollection>'
sql,../repos/mysql-server/sql/gis/intersection_functor.cc,"(121, 8)-(121, 18)",b'unique_ptr<gis::Geometrycollection>'
sql,../repos/mysql-server/sql/gis/intersection_functor.cc,"(138, 8)-(138, 18)",b'unique_ptr<gis::Geometrycollection>'
sql,../repos/mysql-server/sql/gis/intersection_functor.cc,"(158, 8)-(158, 18)",b'unique_ptr<gis::Geometrycollection>'
sql,../repos/mysql-server/sql/gis/intersection_functor.cc,"(176, 8)-(176, 18)",b'unique_ptr<GC>'
sql,../repos/mysql-server/sql/gis/intersection_functor.cc,"(179, 8)-(179, 18)",b'unique_ptr<Multipoint>'
sql,../repos/mysql-server/sql/gis/intersection_functor.cc,"(180, 8)-(180, 18)",b'unique_ptr<Multilinestring>'
sql,../repos/mysql-server/sql/gis/intersection_functor.cc,"(181, 8)-(181, 18)",b'unique_ptr<Multipolygon>'
sql,../repos/mysql-server/sql/gis/intersection_functor.cc,"(186, 10)-(186, 20)",b'unique_ptr<Geometry>'
sql,../repos/mysql-server/sql/gis/intersection_functor.cc,"(200, 10)-(200, 20)",b'unique_ptr<Geometry>'
sql,../repos/mysql-server/sql/gis/intersection_functor.cc,"(214, 10)-(214, 20)",b'unique_ptr<Geometry>'
sql,../repos/mysql-server/sql/gis/intersection_functor.cc,"(267, 8)-(267, 18)",b'unique_ptr<Geometry>'
sql,../repos/mysql-server/sql/gis/buffer.cc,"(128, 8)-(128, 18)",b'unique_ptr<Multipoint>'
sql,../repos/mysql-server/sql/gis/buffer.cc,"(129, 8)-(129, 18)",b'unique_ptr<Multilinestring>'
sql,../repos/mysql-server/sql/gis/buffer.cc,"(130, 8)-(130, 18)",b'unique_ptr<Multipolygon>'
sql,../repos/mysql-server/sql/gis/buffer.cc,"(142, 8)-(142, 18)",b'unique_ptr<Cartesian_multipolygon>'
sql,../repos/mysql-server/sql/gis/buffer.cc,"(144, 8)-(144, 18)",b'unique_ptr<Cartesian_multipolygon>'
sql,../repos/mysql-server/sql/gis/buffer.cc,"(146, 8)-(146, 18)",b'unique_ptr<Cartesian_multipolygon>'
sql,../repos/mysql-server/sql/gis/buffer.cc,"(223, 8)-(223, 18)",b'unique_ptr<Geometry>'
sql,../repos/mysql-server/sql/gis/buffer.cc,"(225, 8)-(225, 18)",b'unique_ptr<Geometry>'
sql,../repos/mysql-server/sql/gis/buffer.cc,"(245, 8)-(245, 18)",b'unique_ptr<Geographic_multipolygon>'
sql,../repos/mysql-server/sql/gis/buffer.cc,"(265, 8)-(265, 18)",b'unique_ptr<Cartesian_multipolygon>'
sql,../repos/mysql-server/sql/gis/simplify.h,"(51, 20)-(51, 30)",b'unique_ptr<Geometry>'
sql,../repos/mysql-server/sql/gis/line_interpolate.h,"(57, 34)-(57, 44)",b'unique_ptr<Geometry>'
sql,../repos/mysql-server/sql/xa.h,"(603, 6)-(603, 16)",b'shared_ptr<Transaction_ctx>'
sql,../repos/mysql-server/sql/filesort_utils.cc,"(399, 3)-(399, 21)",b'unique_ptr_my_free<uchar[]>'
sql,../repos/mysql-server/sql/hostname_cache.h,"(173, 16)-(173, 26)",b'unique_ptr<Host_entry>'
sql,../repos/mysql-server/sql/hostname_cache.h,"(174, 16)-(174, 26)",b'unique_ptr<Host_entry>'
sql,../repos/mysql-server/sql/iterators/ref_row_iterators.h,"(267, 23)-(267, 46)",b'unique_ptr_destroy_only<RowIterator>'
sql,../repos/mysql-server/sql/iterators/ref_row_iterators.h,"(268, 23)-(268, 46)",b'unique_ptr_destroy_only<RowIterator>'
sql,../repos/mysql-server/sql/iterators/bka_iterator.h,"(111, 25)-(111, 48)",b'unique_ptr_destroy_only<RowIterator>'
sql,../repos/mysql-server/sql/iterators/bka_iterator.h,"(113, 15)-(113, 38)",b'unique_ptr_destroy_only<RowIterator>'
sql,../repos/mysql-server/sql/iterators/ref_row_iterators.cc,"(533, 3)-(533, 26)",b'unique_ptr_destroy_only<RowIterator>'
sql,../repos/mysql-server/sql/iterators/window_iterators.h,"(95, 28)-(95, 51)",b'unique_ptr_destroy_only<RowIterator>'
sql,../repos/mysql-server/sql/iterators/window_iterators.h,"(206, 17)-(206, 40)",b'unique_ptr_destroy_only<RowIterator>'
sql,../repos/mysql-server/sql/iterators/composite_iterators.cc,"(659, 23)-(659, 46)",b'unique_ptr_destroy_only<RowIterator>'
sql,../repos/mysql-server/sql/iterators/composite_iterators.cc,"(3093, 17)-(3093, 40)",b'unique_ptr_destroy_only<RowIterator>'
sql,../repos/mysql-server/sql/iterators/composite_iterators.cc,"(3095, 7)-(3095, 30)",b'unique_ptr_destroy_only<RowIterator>'
sql,../repos/mysql-server/sql/iterators/composite_iterators.h,"(216, 31)-(216, 54)",b'unique_ptr_destroy_only<RowIterator>'
sql,../repos/mysql-server/sql/iterators/composite_iterators.h,"(1122, 5)-(1122, 28)",b'unique_ptr_destroy_only<RowIterator>'
sql,../repos/mysql-server/sql/iterators/composite_iterators.h,"(1145, 15)-(1145, 38)",b'unique_ptr_destroy_only<RowIterator>'
sql,../repos/mysql-server/sql/iterators/composite_iterators.h,"(1147, 5)-(1147, 28)",b'unique_ptr_destroy_only<RowIterator>'
sql,../repos/mysql-server/sql/iterators/composite_iterators.h,"(1179, 21)-(1179, 44)",b'unique_ptr_destroy_only<RowIterator>'
sql,../repos/mysql-server/sql/iterators/composite_iterators.h,"(1223, 7)-(1223, 30)",b'unique_ptr_destroy_only<RowIterator>'
sql,../repos/mysql-server/sql/iterators/composite_iterators.h,"(1267, 29)-(1267, 52)",b'unique_ptr_destroy_only<RowIterator>'
sql,../repos/mysql-server/sql/iterators/composite_iterators.h,"(1301, 28)-(1301, 51)",b'unique_ptr_destroy_only<RowIterator>'
sql,../repos/mysql-server/sql/iterators/composite_iterators.h,"(1333, 35)-(1333, 58)",b'unique_ptr_destroy_only<RowIterator>'
sql,../repos/mysql-server/sql/iterators/composite_iterators.h,"(1393, 17)-(1393, 40)",b'unique_ptr_destroy_only<RowIterator>'
sql,../repos/mysql-server/sql/iterators/composite_iterators.h,"(1394, 7)-(1394, 30)",b'unique_ptr_destroy_only<RowIterator>'
sql,../repos/mysql-server/sql/iterators/composite_iterators.h,"(1434, 17)-(1434, 40)",b'unique_ptr_destroy_only<RowIterator>'
sql,../repos/mysql-server/sql/iterators/composite_iterators.h,"(1469, 19)-(1469, 42)",b'unique_ptr_destroy_only<RowIterator>'
sql,../repos/mysql-server/sql/iterators/sorting_iterator.h,"(67, 19)-(67, 42)",b'unique_ptr_destroy_only<RowIterator>'
sql,../repos/mysql-server/sql/iterators/hash_join_iterator.h,"(322, 30)-(322, 53)",b'unique_ptr_destroy_only<RowIterator>'
sql,../repos/mysql-server/sql/iterators/hash_join_iterator.h,"(325, 20)-(325, 43)",b'unique_ptr_destroy_only<RowIterator>'
sql,../repos/mysql-server/sql/iterators/delete_rows_iterator.h,"(42, 32)-(42, 55)",b'unique_ptr_destroy_only<RowIterator>'
sql,../repos/mysql-server/sql/iterators/update_rows_iterator.h,"(47, 32)-(47, 55)",b'unique_ptr_destroy_only<RowIterator>'
sql,../repos/mysql-server/sql/join_optimizer/explain_access_path.cc,"(131, 31)-(131, 41)",b'unique_ptr<Json_array>'
sql,../repos/mysql-server/sql/join_optimizer/explain_access_path.cc,"(133, 8)-(133, 18)",b'unique_ptr<Json_object>'
sql,../repos/mysql-server/sql/join_optimizer/explain_access_path.cc,"(135, 27)-(135, 37)",b'unique_ptr<Json_object>'
sql,../repos/mysql-server/sql/join_optimizer/explain_access_path.cc,"(136, 8)-(136, 18)",b'unique_ptr<Json_object>'
sql,../repos/mysql-server/sql/join_optimizer/explain_access_path.cc,"(138, 8)-(138, 18)",b'unique_ptr<Json_object>'
sql,../repos/mysql-server/sql/join_optimizer/explain_access_path.cc,"(140, 5)-(140, 15)",b'unique_ptr<Json_object>'
sql,../repos/mysql-server/sql/join_optimizer/explain_access_path.cc,"(182, 5)-(182, 15)",b'unique_ptr<Json_array>'
sql,../repos/mysql-server/sql/join_optimizer/explain_access_path.cc,"(354, 7)-(354, 17)",b'unique_ptr<Json_object>'
sql,../repos/mysql-server/sql/join_optimizer/explain_access_path.cc,"(354, 7)-(354, 17)",b'unique_ptr<Json_object>'
sql,../repos/mysql-server/sql/join_optimizer/explain_access_path.cc,"(496, 5)-(496, 15)",b'unique_ptr<Json_array>'
sql,../repos/mysql-server/sql/join_optimizer/explain_access_path.cc,"(618, 3)-(618, 13)",b'unique_ptr<Json_object>'
sql,../repos/mysql-server/sql/join_optimizer/explain_access_path.cc,"(633, 3)-(633, 13)",b'unique_ptr<Json_array>'
sql,../repos/mysql-server/sql/join_optimizer/explain_access_path.cc,"(653, 3)-(653, 13)",b'unique_ptr<Json_array>'
sql,../repos/mysql-server/sql/join_optimizer/explain_access_path.cc,"(722, 3)-(722, 13)",b'unique_ptr<Json_array>'
sql,../repos/mysql-server/sql/join_optimizer/explain_access_path.cc,"(820, 3)-(820, 13)",b'unique_ptr<Json_array>'
sql,../repos/mysql-server/sql/join_optimizer/explain_access_path.cc,"(828, 5)-(828, 15)",b'unique_ptr<Json_object>'
sql,../repos/mysql-server/sql/join_optimizer/explain_access_path.cc,"(848, 3)-(848, 13)",b'unique_ptr<Json_object>'
sql,../repos/mysql-server/sql/join_optimizer/explain_access_path.cc,"(883, 5)-(883, 15)",b'unique_ptr<Json_object>'
sql,../repos/mysql-server/sql/join_optimizer/explain_access_path.cc,"(888, 5)-(888, 15)",b'unique_ptr<Json_array>'
sql,../repos/mysql-server/sql/join_optimizer/explain_access_path.cc,"(1205, 7)-(1205, 17)",b'unique_ptr<Json_array>'
sql,../repos/mysql-server/sql/join_optimizer/explain_access_path.cc,"(1361, 7)-(1361, 17)",b'unique_ptr<Json_array>'
sql,../repos/mysql-server/sql/join_optimizer/explain_access_path.cc,"(1399, 7)-(1399, 17)",b'unique_ptr<Json_array>'
sql,../repos/mysql-server/sql/join_optimizer/explain_access_path.cc,"(1458, 7)-(1458, 17)",b'unique_ptr<Json_array>'
sql,../repos/mysql-server/sql/join_optimizer/explain_access_path.cc,"(1515, 7)-(1515, 17)",b'unique_ptr<Json_array>'
sql,../repos/mysql-server/sql/join_optimizer/explain_access_path.cc,"(1625, 7)-(1625, 17)",b'unique_ptr<Json_array>'
sql,../repos/mysql-server/sql/join_optimizer/explain_access_path.cc,"(1653, 7)-(1653, 17)",b'unique_ptr<Json_array>'
sql,../repos/mysql-server/sql/join_optimizer/explain_access_path.cc,"(1681, 7)-(1681, 17)",b'unique_ptr<Json_array>'
sql,../repos/mysql-server/sql/join_optimizer/explain_access_path.cc,"(1912, 3)-(1912, 13)",b'unique_ptr<Json_object>'
sql,../repos/mysql-server/sql/join_optimizer/explain_access_path.cc,"(1948, 3)-(1948, 13)",b'unique_ptr<Json_object>'
sql,../repos/mysql-server/sql/join_optimizer/explain_access_path.cc,"(1984, 3)-(1984, 13)",b'unique_ptr<Json_object>'
sql,../repos/mysql-server/sql/join_optimizer/explain_access_path.cc,"(2025, 3)-(2025, 13)",b'unique_ptr<Json_object>'
sql,../repos/mysql-server/sql/join_optimizer/access_path.h,"(1787, 1)-(1787, 24)",b'unique_ptr_destroy_only<RowIterator>'
sql,../repos/mysql-server/sql/join_optimizer/access_path.cc,"(490, 3)-(490, 26)",b'unique_ptr_destroy_only<RowIterator>'
sql,../repos/mysql-server/sql/join_optimizer/access_path.cc,"(521, 5)-(521, 28)",b'unique_ptr_destroy_only<RowIterator>'
sql,../repos/mysql-server/sql/join_optimizer/access_path.cc,"(643, 9)-(643, 32)",b'unique_ptr_destroy_only<RowIterator>'
sql,../repos/mysql-server/sql/join_optimizer/access_path.cc,"(657, 24)-(657, 47)",b'unique_ptr_destroy_only<RowIterator>'
sql,../repos/mysql-server/sql/join_optimizer/access_path.cc,"(704, 24)-(704, 47)",b'unique_ptr_destroy_only<RowIterator>'
sql,../repos/mysql-server/sql/join_optimizer/access_path.cc,"(711, 9)-(711, 32)",b'unique_ptr_destroy_only<RowIterator>'
sql,../repos/mysql-server/sql/join_optimizer/access_path.cc,"(738, 24)-(738, 47)",b'unique_ptr_destroy_only<RowIterator>'
sql,../repos/mysql-server/sql/join_optimizer/access_path.cc,"(1116, 9)-(1116, 32)",b'unique_ptr_destroy_only<RowIterator>'
sql,../repos/mysql-server/sql/join_optimizer/access_path.cc,"(1192, 16)-(1192, 39)",b'unique_ptr_destroy_only<RowIterator>'
sql,../repos/mysql-server/sql/sql_udf.cc,"(222, 3)-(222, 26)",b'unique_ptr_destroy_only<RowIterator>'
sql,../repos/mysql-server/sql/log_event.cc,"(11712, 8)-(11712, 18)",b'unique_ptr<Charset_iterator>'
sql,../repos/mysql-server/sql/log_event.cc,"(11715, 8)-(11715, 18)",b'unique_ptr<Charset_iterator>'
