Repo name,File name,Location,Content
sql,../repos/mysql-server/sql/sql_list.h,"(98, 15)-(98, 38)",b'&operator=(SQL_I_List &)'
sql,../repos/mysql-server/sql/sql_list.h,"(99, 15)-(99, 39)",b'&operator=(SQL_I_List &&)'
sql,../repos/mysql-server/sql/sql_list.h,"(138, 8)-(138, 46)",b'bool operator==(const base_list &rhs) const {...'
sql,../repos/mysql-server/sql/sql_list.h,"(161, 14)-(161, 45)",b'&operator=(const base_list &tmp)'
sql,../repos/mysql-server/sql/sql_list.h,"(438, 9)-(438, 35)",b'&operator=(const List &tmp)'
sql,../repos/mysql-server/sql/sql_list.h,"(487, 6)-(487, 34)",b'*operator[](uint index) const'
sql,../repos/mysql-server/sql/sql_list.h,"(578, 13)-(578, 28)",b'*operator++(int)'
sql,../repos/mysql-server/sql/sql_list.h,"(606, 13)-(606, 28)",b'*operator++(int)'
sql,../repos/mysql-server/sql/sql_list.h,"(625, 6)-(625, 23)",b'&operator*() const'
sql,../repos/mysql-server/sql/sql_list.h,"(627, 22)-(627, 34)",b'&operator++()'
sql,../repos/mysql-server/sql/sql_list.h,"(639, 8)-(639, 56)",b'bool operator==(const List_STL_Iterator &othe...'
sql,../repos/mysql-server/sql/sql_list.h,"(644, 8)-(644, 56)",b'bool operator!=(const List_STL_Iterator &othe...'
sql,../repos/mysql-server/sql/sql_list.h,"(648, 6)-(648, 24)",b'*operator->() const'
sql,../repos/mysql-server/sql/sql_list.h,"(654, 21)-(654, 36)",b'List_STL_Iterator operator++(int) {\n    List_...'
sql,../repos/mysql-server/sql/sql_list.h,"(788, 8)-(788, 37)",b'void operator=(const base_ilist &);'
sql,../repos/mysql-server/sql/sql_list.h,"(829, 13)-(829, 28)",b'*operator++(int)'
sql,../repos/mysql-server/sql/sql_table.cc,"(3945, 8)-(3945, 52)","b'bool operator()(const KEY &a, const KEY &b) c...'"
sql,../repos/mysql-server/sql/debug_sync.cc,"(462, 26)-(462, 66)",b'&operator=(const st_debug_sync_globals &)'
sql,../repos/mysql-server/sql/rpl_rli.cc,"(2963, 6)-(2963, 63)",b'bool operator!(Relay_log_info::enum_priv_chec...'
sql,../repos/mysql-server/sql/rpl_rli.cc,"(2967, 6)-(2967, 63)",b'bool operator!(Relay_log_info::enum_require_r...'
sql,../repos/mysql-server/sql/locks/shared_spin_lock.h,"(120, 30)-(120, 72)",b'&operator=(Shared_spin_lock::Guard const &)'
sql,../repos/mysql-server/sql/locks/shared_spin_lock.h,"(122, 30)-(122, 67)",b'&operator=(Shared_spin_lock::Guard &&)'
sql,../repos/mysql-server/sql/locks/shared_spin_lock.h,"(130, 23)-(130, 35)",b'*operator->()'
sql,../repos/mysql-server/sql/locks/shared_spin_lock.h,"(136, 23)-(136, 34)",b'&operator*()'
sql,../repos/mysql-server/sql/changestreams/misc/replicated_columns_view_with_gipk_on_source.h,"(80, 42)-(81, 56)",b'&operator=(\n      const ReplicatedColumnsView...'
sql,../repos/mysql-server/sql/changestreams/misc/replicated_columns_view_with_gipk_on_source.h,"(82, 42)-(83, 51)",b'&operator=(\n      ReplicatedColumnsViewWithGi...'
sql,../repos/mysql-server/sql/changestreams/misc/replicated_columns_view.h,"(119, 26)-(119, 69)",b'&operator=(const ReplicatedColumnsView &rhs)'
sql,../repos/mysql-server/sql/changestreams/misc/replicated_columns_view.h,"(120, 26)-(120, 64)",b'&operator=(ReplicatedColumnsView &&rhs)'
sql,../repos/mysql-server/sql/changestreams/apply/commit_order_queue.h,"(185, 15)-(185, 45)",b'&operator=(const Iterator &rhs)'
sql,../repos/mysql-server/sql/changestreams/apply/commit_order_queue.h,"(186, 15)-(186, 40)",b'&operator=(Iterator &&rhs)'
sql,../repos/mysql-server/sql/changestreams/apply/commit_order_queue.h,"(187, 15)-(187, 27)",b'&operator++()'
sql,../repos/mysql-server/sql/changestreams/apply/commit_order_queue.h,"(188, 15)-(188, 26)",b'reference operator*();'
sql,../repos/mysql-server/sql/changestreams/apply/commit_order_queue.h,"(192, 14)-(192, 29)",b'Iterator operator++(int);'
sql,../repos/mysql-server/sql/changestreams/apply/commit_order_queue.h,"(193, 13)-(193, 25)",b'pointer operator->();'
sql,../repos/mysql-server/sql/changestreams/apply/commit_order_queue.h,"(194, 10)-(194, 47)",b'bool operator==(Iterator const &rhs) const;'
sql,../repos/mysql-server/sql/changestreams/apply/commit_order_queue.h,"(195, 10)-(195, 47)",b'bool operator!=(Iterator const &rhs) const;'
sql,../repos/mysql-server/sql/changestreams/apply/commit_order_queue.h,"(234, 9)-(234, 34)",b'&operator[](value_type id)'
sql,../repos/mysql-server/sql/changestreams/apply/commit_order_queue.h,"(321, 31)-(322, 72)","b'&operator<<(std::ostream &out,\n              ...'"
sql,../repos/mysql-server/sql/sp_instr.h,"(209, 8)-(209, 29)",b'void operator=(sp_instr &);'
sql,../repos/mysql-server/sql/sql_check_constraint.h,"(234, 8)-(234, 42)",b'bool operator()(const Alter_drop *drop);'
sql,../repos/mysql-server/sql/sql_check_constraint.h,"(245, 8)-(245, 52)",b'bool operator()(const Alter_column *alter_column);'
sql,../repos/mysql-server/sql/sql_check_constraint.h,"(256, 8)-(256, 43)",b'bool operator()(const Create_field &fld);'
sql,../repos/mysql-server/sql/query_term.h,"(597, 26)-(597, 38)",b'&operator++()'
sql,../repos/mysql-server/sql/query_term.h,"(638, 17)-(638, 28)",b'*operator*()'
sql,../repos/mysql-server/sql/query_term.h,"(640, 10)-(640, 60)",b'bool operator==(const Query_term_iterator &ot...'
sql,../repos/mysql-server/sql/query_term.h,"(644, 10)-(644, 60)",b'bool operator!=(const Query_term_iterator &ot...'
sql,../repos/mysql-server/sql/sql_admin.h,"(52, 8)-(52, 62)","b'bool operator()(const String *lhs, const Stri...'"
sql,../repos/mysql-server/sql/filesort.cc,"(125, 8)-(125, 58)","b'bool operator()(const uchar *s1, const uchar ...'"
sql,../repos/mysql-server/sql/rpl_io_monitor.h,"(137, 22)-(137, 58)",b'&operator=(const Source_IO_monitor &)'
sql,../repos/mysql-server/sql/immutable_string.h,"(85, 15)-(85, 64)",b'inline bool operator==(ImmutableStringWithLen...'
sql,../repos/mysql-server/sql/immutable_string.h,"(201, 15)-(201, 47)",b'inline bool operator==(std::nullptr_t) const ...'
sql,../repos/mysql-server/sql/immutable_string.h,"(202, 15)-(202, 47)",b'inline bool operator!=(std::nullptr_t) const ...'
sql,../repos/mysql-server/sql/sql_udf.h,"(108, 16)-(108, 46)",b'&operator=(const udf_handler &)'
sql,../repos/mysql-server/sql/sql_udf.h,"(109, 16)-(109, 41)",b'&operator=(udf_handler &&)'
sql,../repos/mysql-server/sql/sp_rcontext.h,"(99, 8)-(99, 32)",b'void operator=(sp_rcontext &);'
sql,../repos/mysql-server/sql/conn_handler/socket_connection.cc,"(105, 8)-(105, 32)",b'void operator()(addrinfo *ai) {\n    if (ai !=...'
sql,../repos/mysql-server/sql/conn_handler/connection_handler_manager.h,"(93, 31)-(93, 76)",b'&operator=(const Connection_handler_manager &)'
sql,../repos/mysql-server/sql/conn_handler/plugin_connection_handler.h,"(47, 30)-(47, 74)",b'&operator=(const Plugin_connection_handler &)'
sql,../repos/mysql-server/sql/conn_handler/connection_handler_impl.h,"(43, 34)-(44, 45)",b'&operator=(\n      const Per_thread_connection...'
sql,../repos/mysql-server/sql/conn_handler/connection_handler_impl.h,"(113, 34)-(114, 45)",b'&operator=(\n      const One_thread_connection...'
sql,../repos/mysql-server/sql/parse_tree_nodes.h,"(161, 8)-(161, 42)",b'void operator=(const Parse_tree_root &) = delete;'
sql,../repos/mysql-server/sql/stateless_allocator.h,"(39, 8)-(39, 41)","b'void operator()(void *p, size_t) const;'"
sql,../repos/mysql-server/sql/stateless_allocator.h,"(116, 24)-(116, 70)",b'&operator=(const Stateless_allocator_type<U> &)'
sql,../repos/mysql-server/sql/stateless_allocator.h,"(159, 6)-(160, 72)","b'bool operator==(const Stateless_allocator<T, ...'"
sql,../repos/mysql-server/sql/stateless_allocator.h,"(165, 6)-(166, 72)","b'bool operator!=(const Stateless_allocator<T, ...'"
sql,../repos/mysql-server/sql/sql_cursor.h,"(75, 16)-(76, 76)","b'*operator new(size_t size, MEM_ROOT *mem_root...'"
sql,../repos/mysql-server/sql/sql_cursor.h,"(79, 15)-(79, 46)","b'static void operator delete(void *, size_t) {}'"
sql,../repos/mysql-server/sql/sql_cursor.h,"(80, 15)-(81, 59)","b'static void operator delete(\n      void *, ME...'"
sql,../repos/mysql-server/sql/sql_bitmap.h,"(57, 11)-(57, 40)",b'&operator=(const Bitmap &map2)'
sql,../repos/mysql-server/sql/sql_bitmap.h,"(108, 8)-(108, 44)",b'bool operator==(const Bitmap &map2) const {\n ...'
sql,../repos/mysql-server/sql/sql_bitmap.h,"(111, 8)-(111, 44)",b'bool operator!=(const Bitmap &map2) const { r...'
sql,../repos/mysql-server/sql/sql_bitmap.h,"(202, 8)-(202, 48)",b'bool operator==(const Bitmap<64> &map2) const...'
sql,../repos/mysql-server/sql/sql_bitmap.h,"(203, 8)-(203, 48)",b'bool operator!=(const Bitmap<64> &map2) const...'
sql,../repos/mysql-server/sql/spatial.h,"(791, 13)-(791, 43)",b'&operator=(const Geometry &rhs)'
sql,../repos/mysql-server/sql/spatial.h,"(1220, 14)-(1220, 45)",b'&operator=(const Gis_point &rhs)'
sql,../repos/mysql-server/sql/spatial.h,"(1274, 8)-(1274, 44)",b'bool operator<(const Gis_point &pt) const {\n ...'
sql,../repos/mysql-server/sql/spatial.h,"(1279, 8)-(1279, 45)",b'bool operator==(const Gis_point &pt) const {\n...'
sql,../repos/mysql-server/sql/spatial.h,"(1283, 8)-(1283, 45)",b'bool operator!=(const Gis_point &pt) const { ...'
sql,../repos/mysql-server/sql/spatial.h,"(1386, 8)-(1386, 41)",b'bool operator==(const self &itr) const {\n    ...'
sql,../repos/mysql-server/sql/spatial.h,"(1394, 8)-(1394, 41)",b'bool operator!=(const self &itr) const { retu...'
sql,../repos/mysql-server/sql/spatial.h,"(1400, 8)-(1400, 40)",b'bool operator<(const self &itr) const {\n    a...'
sql,../repos/mysql-server/sql/spatial.h,"(1408, 8)-(1408, 41)",b'bool operator<=(const self &itr) const { retu...'
sql,../repos/mysql-server/sql/spatial.h,"(1413, 8)-(1413, 41)",b'bool operator>=(const self &itr) const { retu...'
sql,../repos/mysql-server/sql/spatial.h,"(1419, 8)-(1419, 40)",b'bool operator>(const self &itr) const {\n    a...'
sql,../repos/mysql-server/sql/spatial.h,"(1444, 9)-(1444, 21)",b'&operator++()'
sql,../repos/mysql-server/sql/spatial.h,"(1455, 8)-(1455, 23)",b'self operator++(int) {\n    self itr(*this);\n ...'
sql,../repos/mysql-server/sql/spatial.h,"(1468, 9)-(1468, 21)",b'&operator--()'
sql,../repos/mysql-server/sql/spatial.h,"(1480, 8)-(1480, 23)",b'self operator--(int) {\n    self itr = *this;\n...'
sql,../repos/mysql-server/sql/spatial.h,"(1492, 15)-(1492, 41)",b'&operator=(const self &itr)'
sql,../repos/mysql-server/sql/spatial.h,"(1504, 8)-(1504, 42)",b'self operator+(difference_type n) const {\n   ...'
sql,../repos/mysql-server/sql/spatial.h,"(1514, 15)-(1514, 44)",b'&operator+=(difference_type n)'
sql,../repos/mysql-server/sql/spatial.h,"(1526, 8)-(1526, 42)",b'self operator-(difference_type n) const {\n   ...'
sql,../repos/mysql-server/sql/spatial.h,"(1537, 15)-(1537, 44)",b'&operator-=(difference_type n)'
sql,../repos/mysql-server/sql/spatial.h,"(1552, 19)-(1552, 51)",b'difference_type operator-(const self &itr) co...'
sql,../repos/mysql-server/sql/spatial.h,"(1569, 13)-(1569, 30)",b'reference operator*() const {\n    assert(this...'
sql,../repos/mysql-server/sql/spatial.h,"(1581, 11)-(1581, 29)",b'pointer operator->() const {\n    assert(this-...'
sql,../repos/mysql-server/sql/spatial.h,"(1594, 13)-(1594, 53)",b'reference operator[](difference_type offset) ...'
sql,../repos/mysql-server/sql/spatial.h,"(1693, 9)-(1693, 21)",b'&operator++()'
sql,../repos/mysql-server/sql/spatial.h,"(1701, 8)-(1701, 23)",b'self operator++(int) {\n    self itr(*this);\n ...'
sql,../repos/mysql-server/sql/spatial.h,"(1711, 9)-(1711, 21)",b'&operator--()'
sql,../repos/mysql-server/sql/spatial.h,"(1719, 8)-(1719, 23)",b'self operator--(int) {\n    self itr = *this;\n...'
sql,../repos/mysql-server/sql/spatial.h,"(1731, 15)-(1731, 41)",b'&operator=(const self &itr)'
sql,../repos/mysql-server/sql/spatial.h,"(1745, 8)-(1745, 42)",b'self operator+(difference_type n) const {\n   ...'
sql,../repos/mysql-server/sql/spatial.h,"(1756, 15)-(1756, 44)",b'&operator+=(difference_type n)'
sql,../repos/mysql-server/sql/spatial.h,"(1769, 8)-(1769, 42)",b'self operator-(difference_type n) const {\n   ...'
sql,../repos/mysql-server/sql/spatial.h,"(1781, 15)-(1781, 44)",b'&operator-=(difference_type n)'
sql,../repos/mysql-server/sql/spatial.h,"(1797, 19)-(1797, 51)",b'difference_type operator-(const self &itr) co...'
sql,../repos/mysql-server/sql/spatial.h,"(1814, 13)-(1814, 30)",b'reference operator*() const {\n    assert(this...'
sql,../repos/mysql-server/sql/spatial.h,"(1826, 11)-(1826, 29)",b'pointer operator->() const {\n    assert(this-...'
sql,../repos/mysql-server/sql/spatial.h,"(1838, 13)-(1838, 53)",b'reference operator[](difference_type offset) ...'
sql,../repos/mysql-server/sql/spatial.h,"(1855, 34)-(1857, 49)",b'Gis_wkb_vector_const_iterator<T> operator+(\n ...'
sql,../repos/mysql-server/sql/spatial.h,"(1865, 28)-(1867, 43)",b'Gis_wkb_vector_iterator<T> operator+(\n    typ...'
sql,../repos/mysql-server/sql/spatial.h,"(1997, 19)-(1997, 49)",b'const_reference operator[](index_type i) cons...'
sql,../repos/mysql-server/sql/spatial.h,"(2005, 13)-(2005, 37)",b'reference operator[](index_type i) {\n    asse...'
sql,../repos/mysql-server/sql/spatial.h,"(2046, 9)-(2046, 35)",b'&operator=(const self &rhs)'
sql,../repos/mysql-server/sql/spatial.h,"(2142, 20)-(2142, 54)",b'&operator=(const Gis_line_string &)'
sql,../repos/mysql-server/sql/spatial.h,"(2167, 21)-(2167, 56)",b'&operator=(const Gis_polygon_ring &)'
sql,../repos/mysql-server/sql/spatial.h,"(2251, 16)-(2251, 49)",b'&operator=(const Gis_polygon &rhs)'
sql,../repos/mysql-server/sql/opt_trace.h,"(758, 21)-(758, 56)",b'&operator=(const Opt_trace_struct &)'
sql,../repos/mysql-server/sql/opt_trace.h,"(913, 26)-(914, 37)",b'&operator=(\n      const Opt_trace_disable_I_S &)'
sql,../repos/mysql-server/sql/regexp/errors.cc,"(47, 15)-(47, 45)",b'std::size_t operator()(UErrorCode t) const { ...'
sql,../repos/mysql-server/sql/persisted_variable.h,"(68, 8)-(68, 59)",b'bool operator==(const st_persist_var &persist...'
sql,../repos/mysql-server/sql/persisted_variable.h,"(80, 10)-(80, 52)",b'size_t operator()(const st_persist_var &pv) c...'
sql,../repos/mysql-server/sql/sql_sort.h,"(201, 18)-(201, 50)",b'&operator=(const Filesort_info &)'
sql,../repos/mysql-server/sql/rpl_rli.h,"(1967, 19)-(1967, 56)",b'&operator=(const Relay_log_info &info)'
sql,../repos/mysql-server/sql/rpl_rli.h,"(2171, 6)-(2171, 63)",b'bool operator!(Relay_log_info::enum_priv_chec...'
sql,../repos/mysql-server/sql/rpl_rli.h,"(2181, 6)-(2181, 63)",b'bool operator!(Relay_log_info::enum_require_r...'
sql,../repos/mysql-server/sql/rpl_rli.h,"(2420, 35)-(2421, 46)",b'&operator=(\n      const Applier_security_cont...'
sql,../repos/mysql-server/sql/rpl_rli.h,"(2422, 35)-(2422, 79)",b'&operator=(Applier_security_context_guard &&)'
sql,../repos/mysql-server/sql/aggregate_check.h,"(534, 19)-(534, 52)",b'&operator=(const Distinct_check &)'
sql,../repos/mysql-server/sql/aggregate_check.h,"(576, 16)-(576, 46)",b'&operator=(const Group_check &)'
sql,../repos/mysql-server/sql/item.h,"(746, 21)-(746, 56)",b'&operator=(const Item_tree_walker &)'
sql,../repos/mysql-server/sql/item.h,"(951, 8)-(951, 25)",b'void operator=(Item &) = delete;'
sql,../repos/mysql-server/sql/item.h,"(952, 16)-(952, 50)",b'*operator new(size_t size) noexcept'
sql,../repos/mysql-server/sql/item.h,"(955, 16)-(957, 70)","b'*operator new(size_t size, MEM_ROOT *mem_root...'"
sql,../repos/mysql-server/sql/item.h,"(961, 15)-(962, 60)",b'static void operator delete(void *ptr [[maybe...'
sql,../repos/mysql-server/sql/item.h,"(965, 15)-(966, 63)","b'static void operator delete(void *, MEM_ROOT ...'"
sql,../repos/mysql-server/sql/item.h,"(2721, 34)-(2722, 45)",b'&operator=(\n        const Collect_item_fields...'
sql,../repos/mysql-server/sql/item.h,"(2742, 39)-(2743, 50)",b'&operator=(\n        const Collect_item_fields...'
sql,../repos/mysql-server/sql/range_optimizer/rowid_ordered_retrieval.h,"(146, 8)-(146, 50)","b'bool operator()(RowIterator *a, RowIterator *...'"
sql,../repos/mysql-server/sql/range_optimizer/rowid_ordered_retrieval_plan.h,"(73, 23)-(73, 64)",b'&operator=(const ROR_intersect_plan &plan)'
sql,../repos/mysql-server/sql/sql_executor.h,"(466, 12)-(466, 38)",b'&operator=(const QEP_TAB &)'
sql,../repos/mysql-server/sql/cmp_varlen_keys.h,"(117, 8)-(117, 56)","b'bool operator()(Merge_chunk *a, Merge_chunk *...'"
sql,../repos/mysql-server/sql/sp_cache.cc,"(79, 10)-(79, 39)",b'void operator()(sp_head *sp) const { sp_head:...'
sql,../repos/mysql-server/sql/mdl.cc,"(3597, 8)-(3597, 68)","b'bool operator()(const MDL_request *req1, cons...'"
sql,../repos/mysql-server/sql/session_tracker.cc,"(267, 30)-(267, 77)",b'&operator=(const Session_gtids_ctx_encoder &rsc)'
sql,../repos/mysql-server/sql/session_tracker.cc,"(331, 37)-(332, 51)",b'&operator=(\n      const Session_gtids_ctx_enc...'
sql,../repos/mysql-server/sql/sql_plist.h,"(179, 13)-(179, 28)",b'*operator++(int)'
sql,../repos/mysql-server/sql/sql_plist.h,"(184, 13)-(184, 25)",b'*operator++()'
sql,../repos/mysql-server/sql/sql_rewrite.h,"(129, 21)-(129, 50)",b'&operator=(const I_rewriter &)'
sql,../repos/mysql-server/sql/sql_rewrite.h,"(131, 21)-(131, 51)",b'&operator=(const I_rewriter &&)'
sql,../repos/mysql-server/sql/sql_plugin_var.h,"(212, 16)-(214, 70)","b'*operator new(size_t size, MEM_ROOT *mem_root...'"
sql,../repos/mysql-server/sql/sql_plugin_var.h,"(218, 16)-(218, 41)",b'*operator new(size_t size)'
sql,../repos/mysql-server/sql/sql_plugin_var.h,"(222, 15)-(223, 60)",b'static void operator delete(void *ptr_arg [[m...'
sql,../repos/mysql-server/sql/sql_plugin_var.h,"(227, 15)-(228, 59)","b'static void operator delete(\n      void *, ME...'"
sql,../repos/mysql-server/sql/sql_plugin_var.h,"(231, 15)-(231, 41)",b'static void operator delete(void *ptr) { my_f...'
sql,../repos/mysql-server/sql/field.h,"(585, 8)-(585, 26)",b'void operator=(Field &) = delete;'
sql,../repos/mysql-server/sql/opt_explain.cc,"(2413, 8)-(2413, 37)",b'bool operator()(THD *thd) override {\n    if (...'
sql,../repos/mysql-server/sql/val_int_compare.h,"(55, 13)-(55, 74)",b'inline bool operator<(const Integer_value &lh...'
sql,../repos/mysql-server/sql/val_int_compare.h,"(69, 13)-(69, 75)",b'inline bool operator==(const Integer_value &l...'
sql,../repos/mysql-server/sql/val_int_compare.h,"(80, 13)-(80, 75)",b'inline bool operator<=(const Integer_value &l...'
sql,../repos/mysql-server/sql/rpl_source.cc,"(1109, 8)-(1109, 37)",b'bool operator()(THD *thd) override {\n    THD ...'
sql,../repos/mysql-server/sql/raii/targeted_stringstream.h,"(54, 26)-(54, 66)",b'&operator=(const Targeted_stringstream &)'
sql,../repos/mysql-server/sql/raii/targeted_stringstream.h,"(55, 26)-(55, 75)",b'&operator=(Targeted_stringstream &&other) noexcept'
sql,../repos/mysql-server/sql/raii/targeted_stringstream.h,"(58, 33)-(59, 59)","b'&operator<<(Targeted_stringstream &stream,\n  ...'"
sql,../repos/mysql-server/sql/raii/targeted_stringstream.h,"(61, 33)-(62, 59)","b'&operator<<(Targeted_stringstream &&stream,\n ...'"
sql,../repos/mysql-server/sql/raii/targeted_stringstream.h,"(73, 24)-(74, 50)","b'&operator<<(Targeted_stringstream &&stream,\n ...'"
sql,../repos/mysql-server/sql/raii/targeted_stringstream.h,"(80, 24)-(81, 50)","b'&operator<<(Targeted_stringstream &stream,\n  ...'"
sql,../repos/mysql-server/sql/raii/thread_stage_guard.h,"(62, 23)-(62, 60)",b'&operator=(const Thread_stage_guard &)'
sql,../repos/mysql-server/sql/raii/thread_stage_guard.h,"(63, 23)-(63, 55)",b'&operator=(Thread_stage_guard &&)'
sql,../repos/mysql-server/sql/sql_prepare.h,"(175, 16)-(176, 76)","b'*operator new(size_t size, MEM_ROOT *mem_root...'"
sql,../repos/mysql-server/sql/sql_prepare.h,"(180, 15)-(180, 55)","b'static void operator delete(void *, size_t) n...'"
sql,../repos/mysql-server/sql/sql_prepare.h,"(184, 15)-(185, 59)","b'static void operator delete(\n      void *, ME...'"
sql,../repos/mysql-server/sql/sql_prepare.h,"(190, 18)-(190, 44)",b'&operator=(Ed_result_set &)'
sql,../repos/mysql-server/sql/sql_prepare.h,"(309, 18)-(309, 44)",b'&operator=(Ed_connection &)'
sql,../repos/mysql-server/sql/sql_prepare.h,"(322, 20)-(322, 69)",b'&operator[](const unsigned int column_index) const'
sql,../repos/mysql-server/sql/binlog/services/iterator/file_storage.cc,"(140, 24)-(140, 65)",b'&operator=(const Binlog_iterator_ctx &rhs)'
sql,../repos/mysql-server/sql/binlog/services/iterator/file_storage.cc,"(438, 37)-(439, 51)",b'&operator=(\n      const my_h_binlog_storage_i...'
sql,../repos/mysql-server/sql/binlog/monitoring/context.h,"(297, 12)-(297, 41)",b'&operator=(const Context &rhs)'
sql,../repos/mysql-server/sql/binlog/global.h,"(37, 12)-(37, 41)",b'&operator=(const Context &rhs)'
sql,../repos/mysql-server/sql/binlog/decompressing_event_object_istream.h,"(139, 39)-(140, 44)",b'&operator=(\n      Decompressing_event_object_...'
sql,../repos/mysql-server/sql/binlog/decompressing_event_object_istream.h,"(141, 39)-(142, 45)",b'&operator=(\n      Decompressing_event_object_...'
sql,../repos/mysql-server/sql/binlog/decompressing_event_object_istream.h,"(157, 39)-(157, 67)",b'&operator>>(Event_ptr_t &out)'
sql,../repos/mysql-server/sql/binlog/decompressing_event_object_istream.h,"(174, 8)-(174, 25)",b'bool operator!() const;'
sql,../repos/mysql-server/sql/binlog/group_commit/atomic_bgc_ticket.h,"(49, 20)-(49, 54)",b'&operator=(AtomicBgcTicket const &)'
sql,../repos/mysql-server/sql/binlog/group_commit/atomic_bgc_ticket.h,"(50, 20)-(50, 49)",b'&operator=(AtomicBgcTicket &&)'
sql,../repos/mysql-server/sql/binlog/group_commit/atomic_bgc_ticket.h,"(79, 24)-(79, 80)","b'&operator<<(std::ostream &os, const AtomicBgc...'"
sql,../repos/mysql-server/sql/binlog/group_commit/atomic_bgc_ticket.cc,"(57, 15)-(57, 71)","b'&operator<<(std::ostream &os, const AtomicBgc...'"
sql,../repos/mysql-server/sql/binlog/group_commit/atomic_bgc_ticket_guard.h,"(49, 25)-(49, 64)",b'&operator=(AtomicBgcTicketGuard const &)'
sql,../repos/mysql-server/sql/binlog/group_commit/bgc_ticket.h,"(69, 15)-(69, 68)","b'bool operator<(const BgcTicket &lhs, const Bg...'"
sql,../repos/mysql-server/sql/binlog/group_commit/bgc_ticket.h,"(75, 15)-(75, 68)","b'bool operator>(const BgcTicket &lhs, const Bg...'"
sql,../repos/mysql-server/sql/binlog/group_commit/bgc_ticket.h,"(82, 15)-(82, 69)","b'bool operator>=(const BgcTicket &lhs, const B...'"
sql,../repos/mysql-server/sql/binlog/group_commit/bgc_ticket.h,"(91, 15)-(91, 69)","b'bool operator==(const BgcTicket &lhs, const B...'"
sql,../repos/mysql-server/sql/binlog/group_commit/bgc_ticket.h,"(99, 15)-(99, 69)","b'bool operator!=(const BgcTicket &lhs, const B...'"
sql,../repos/mysql-server/sql/binlog/group_commit/bgc_ticket.h,"(138, 24)-(138, 74)","b'&operator<<(std::ostream &os, const BgcTicket...'"
sql,../repos/mysql-server/sql/binlog/group_commit/bgc_ticket_manager.h,"(236, 23)-(236, 60)",b'&operator=(Bgc_ticket_manager const &)'
sql,../repos/mysql-server/sql/binlog/group_commit/bgc_ticket_manager.h,"(237, 23)-(237, 55)",b'&operator=(Bgc_ticket_manager &&)'
sql,../repos/mysql-server/sql/binlog/group_commit/bgc_ticket.cc,"(49, 15)-(49, 65)","b'&operator<<(std::ostream &os, const BgcTicket...'"
sql,../repos/mysql-server/sql/binlog/group_commit/bgc_ticket.cc,"(56, 6)-(56, 59)","b'bool operator<(const BgcTicket &lhs, const Bg...'"
sql,../repos/mysql-server/sql/binlog/group_commit/bgc_ticket.cc,"(61, 6)-(61, 59)","b'bool operator>(const BgcTicket &lhs, const Bg...'"
sql,../repos/mysql-server/sql/binlog/group_commit/bgc_ticket.cc,"(63, 6)-(63, 60)","b'bool operator>=(const BgcTicket &lhs, const B...'"
sql,../repos/mysql-server/sql/binlog/group_commit/bgc_ticket.cc,"(67, 6)-(67, 60)","b'bool operator==(const BgcTicket &lhs, const B...'"
sql,../repos/mysql-server/sql/binlog/group_commit/bgc_ticket.cc,"(72, 6)-(72, 60)","b'bool operator!=(const BgcTicket &lhs, const B...'"
sql,../repos/mysql-server/sql/rpl_replica_commit_order_manager.h,"(204, 25)-(204, 64)",b'&operator=(const Commit_order_manager &)'
sql,../repos/mysql-server/sql/server_component/ongoing_transaction_query_service.cc,"(41, 8)-(41, 37)",b'void operator()(THD *thd) override {\n    if (...'
sql,../repos/mysql-server/sql/server_component/transaction_delegate_control_imp.cc,"(40, 8)-(40, 46)",b'void operator()(THD *thd_to_close) override {...'
sql,../repos/mysql-server/sql/server_component/mysql_command_delegates.h,"(43, 21)-(43, 56)",b'&operator=(const Command_delegate &)'
sql,../repos/mysql-server/sql/server_component/mysql_command_delegates.h,"(44, 21)-(44, 51)",b'&operator=(Command_delegate &&)'
sql,../repos/mysql-server/sql/server_component/log_builtins.cc,"(130, 8)-(130, 54)",b'void operator()(log_service_cache_entry *sce)...'
sql,../repos/mysql-server/sql/sql_array.h,"(119, 17)-(119, 37)",b'&operator[](size_t n)'
sql,../repos/mysql-server/sql/sql_array.h,"(124, 23)-(124, 49)",b'&operator[](size_t n) const'
sql,../repos/mysql-server/sql/sql_array.h,"(166, 8)-(166, 71)",b'bool operator==(const Bounds_checked_array<El...'
sql,../repos/mysql-server/sql/sql_array.h,"(169, 8)-(169, 71)",b'bool operator!=(const Bounds_checked_array<El...'
sql,../repos/mysql-server/sql/sql_optimizer.h,"(136, 9)-(136, 35)",b'&operator=(const JOIN &rhs)'
sql,../repos/mysql-server/sql/sql_optimizer.h,"(1177, 23)-(1177, 60)",b'&operator=(const Table_map_restorer &)'
sql,../repos/mysql-server/sql/mem_root_array.h,"(103, 17)-(103, 37)",b'&operator[](size_t n)'
sql,../repos/mysql-server/sql/mem_root_array.h,"(104, 23)-(104, 49)",b'&operator[](size_t n) const'
sql,../repos/mysql-server/sql/mem_root_array.h,"(447, 19)-(447, 52)",b'&operator=(Mem_root_array &&other)'
sql,../repos/mysql-server/sql/mem_root_array.h,"(493, 19)-(493, 52)",b'&operator=(const Mem_root_array &)'
sql,../repos/mysql-server/sql/table_cache.h,"(273, 17)-(273, 32)",b'*operator++(int)'
sql,../repos/mysql-server/sql/visible_fields.h,"(59, 25)-(59, 37)",b'&operator++()'
sql,../repos/mysql-server/sql/visible_fields.h,"(67, 24)-(67, 39)",b'VisibleFieldsAdapter operator++(int) {\n    Vi...'
sql,../repos/mysql-server/sql/visible_fields.h,"(75, 9)-(75, 26)",b'&operator*() const'
sql,../repos/mysql-server/sql/visible_fields.h,"(77, 8)-(77, 59)",b'bool operator==(const VisibleFieldsAdapter &o...'
sql,../repos/mysql-server/sql/visible_fields.h,"(80, 8)-(80, 59)",b'bool operator!=(const VisibleFieldsAdapter &o...'
sql,../repos/mysql-server/sql/event_parse_data.h,"(145, 8)-(145, 37)",b'void operator=(Event_parse_data &);'
sql,../repos/mysql-server/sql/sql_rename.cc,"(77, 10)-(77, 50)",b'size_t operator()(const Table_ref *table) con...'
sql,../repos/mysql-server/sql/sql_rename.cc,"(84, 8)-(84, 64)","b'bool operator()(const Table_ref *a, const Tab...'"
sql,../repos/mysql-server/sql/mdl.h,"(751, 12)-(751, 41)",b'&operator=(const MDL_key &rhs)'
sql,../repos/mysql-server/sql/mdl.h,"(826, 16)-(828, 70)","b'*operator new(size_t size, MEM_ROOT *mem_root...'"
sql,../repos/mysql-server/sql/mdl.h,"(832, 15)-(833, 63)","b'static void operator delete(void *, MEM_ROOT ...'"
sql,../repos/mysql-server/sql/mdl.h,"(902, 16)-(902, 41)",b'&operator=(MDL_request &&)'
sql,../repos/mysql-server/sql/mdl.h,"(1107, 15)-(1107, 44)",b'&operator=(const MDL_ticket &)'
sql,../repos/mysql-server/sql/mdl.h,"(1154, 12)-(1154, 46)",b'size_t operator()(const MDL_key *k) const;'
sql,../repos/mysql-server/sql/mdl.h,"(1158, 10)-(1158, 62)","b'bool operator()(const MDL_key *a, const MDL_k...'"
sql,../repos/mysql-server/sql/mdl.h,"(1709, 16)-(1709, 43)",b'&operator=(MDL_context &rhs)'
sql,../repos/mysql-server/sql/dd/impl/object_key.h,"(49, 15)-(49, 44)",b'&operator=(const Object_key &)'
sql,../repos/mysql-server/sql/dd/impl/object_key.h,"(50, 15)-(50, 39)",b'&operator=(Object_key &&)'
sql,../repos/mysql-server/sql/dd/impl/upgrade/server.h,"(106, 25)-(106, 40)",b'Upgrade_error_counter operator++(int);'
sql,../repos/mysql-server/sql/dd/impl/types/partition_value_impl.h,"(182, 8)-(183, 56)",b'bool operator()(const dd::Partition_value *pv...'
sql,../repos/mysql-server/sql/dd/impl/types/partition_impl.h,"(333, 8)-(333, 74)","b'bool operator()(const dd::Partition *p1, cons...'"
sql,../repos/mysql-server/sql/dd/impl/types/check_constraint_impl.h,"(182, 8)-(183, 57)",b'bool operator()(const dd::Check_constraint *c...'
sql,../repos/mysql-server/sql/dd/impl/types/weak_object_impl.h,"(53, 9)-(53, 69)","b'*operator new(size_t size, const std::nothrow...'"
sql,../repos/mysql-server/sql/dd/impl/types/weak_object_impl.h,"(62, 8)-(62, 69)","b'void operator delete(void *ptr, const std::no...'"
sql,../repos/mysql-server/sql/dd/impl/types/weak_object_impl.h,"(69, 9)-(69, 43)",b'*operator new(size_t size) noexcept'
sql,../repos/mysql-server/sql/dd/impl/types/weak_object_impl.h,"(78, 8)-(78, 43)",b'void operator delete(void *ptr) noexcept {\n  ...'
sql,../repos/mysql-server/sql/dd/impl/types/foreign_key_impl.h,"(250, 8)-(251, 52)","b'bool operator()(const dd::Foreign_key *fk1,\n ...'"
sql,../repos/mysql-server/sql/dd/impl/types/trigger_impl.h,"(299, 8)-(299, 70)","b'bool operator()(const dd::Trigger *t1, const ...'"
sql,../repos/mysql-server/sql/dd/impl/types/tablespace_impl.cc,"(399, 6)-(399, 78)",b'bool operator==(const Tablespace_table_ref &a...'
sql,../repos/mysql-server/sql/dd/impl/types/tablespace_impl.cc,"(403, 6)-(403, 77)","b'bool operator<(const Tablespace_table_ref &a,...'"
sql,../repos/mysql-server/sql/dd/impl/types/partition_index_impl.h,"(187, 8)-(188, 56)",b'bool operator()(const dd::Partition_index *pi...'
sql,../repos/mysql-server/sql/dd/impl/raw/object_keys.h,"(69, 8)-(69, 44)",b'bool operator<(const Void_key &rhs) const { r...'
sql,../repos/mysql-server/sql/dd/impl/raw/object_keys.h,"(90, 8)-(90, 50)",b'bool operator<(const Primary_id_key &rhs) con...'
sql,../repos/mysql-server/sql/dd/impl/raw/object_keys.h,"(147, 8)-(147, 51)",b'bool operator<(const Global_name_key &rhs) co...'
sql,../repos/mysql-server/sql/dd/impl/raw/object_keys.h,"(194, 8)-(194, 49)",b'bool operator<(const Item_name_key &rhs) cons...'
sql,../repos/mysql-server/sql/dd/impl/raw/object_keys.h,"(248, 8)-(248, 53)",b'bool operator<(const Se_private_id_key &rhs) ...'
sql,../repos/mysql-server/sql/dd/impl/raw/object_keys.h,"(470, 8)-(470, 52)",b'bool operator<(const Routine_name_key &rhs) const;'
sql,../repos/mysql-server/sql/dd/properties.h,"(308, 15)-(308, 44)",b'&operator=(const Properties &)'
sql,../repos/mysql-server/sql/dd/cache/dictionary_client.h,"(71, 18)-(71, 30)",b'*operator->()'
sql,../repos/mysql-server/sql/dd/cache/dictionary_client.h,"(78, 24)-(78, 42)",b'*operator->() const'
sql,../repos/mysql-server/sql/dd/collection.h,"(78, 10)-(78, 59)",b'bool operator==(const Collection_iterator &it...'
sql,../repos/mysql-server/sql/dd/collection.h,"(82, 10)-(82, 59)",b'bool operator!=(const Collection_iterator &it...'
sql,../repos/mysql-server/sql/dd/collection.h,"(86, 26)-(86, 38)",b'&operator++()'
sql,../repos/mysql-server/sql/dd/collection.h,"(91, 8)-(91, 19)",b'&operator*()'
sql,../repos/mysql-server/sql/dd/collection.h,"(121, 10)-(121, 65)",b'bool operator==(const Collection_const_iterat...'
sql,../repos/mysql-server/sql/dd/collection.h,"(125, 10)-(125, 65)",b'bool operator!=(const Collection_const_iterat...'
sql,../repos/mysql-server/sql/dd/collection.h,"(129, 32)-(129, 44)",b'&operator++()'
sql,../repos/mysql-server/sql/dd/collection.h,"(134, 27)-(134, 38)",b'&operator*()'
sql,../repos/mysql-server/sql/dd/collection.h,"(162, 8)-(162, 31)",b'void operator=(Collection &) = delete;'
sql,../repos/mysql-server/sql/dd/collection.h,"(243, 24)-(243, 50)",b'*operator[](size_t n) const'
sql,../repos/mysql-server/sql/dd/collection.h,"(244, 5)-(244, 25)",b'T operator[](size_t n) { return at(n); }'
sql,../repos/mysql-server/sql/dd/string_type.h,"(39, 9)-(39, 35)",b'*operator()(size_t s) const'
sql,../repos/mysql-server/sql/dd/string_type.h,"(92, 10)-(92, 52)",b'size_t operator()(const dd::String_type &s) const;'
sql,../repos/mysql-server/sql/dd/types/tablespace.h,"(212, 6)-(212, 78)",b'bool operator==(const Tablespace_table_ref &a...'
sql,../repos/mysql-server/sql/dd/types/tablespace.h,"(214, 6)-(214, 77)","b'bool operator<(const Tablespace_table_ref &a,...'"
sql,../repos/mysql-server/sql/rpl_info.h,"(184, 13)-(184, 44)",b'&operator=(const Rpl_info &info)'
sql,../repos/mysql-server/sql/sp_instr.cc,"(83, 8)-(83, 64)","b'bool operator()(const Item_splocal *a, const ...'"
sql,../repos/mysql-server/sql/sort_param.h,"(489, 15)-(489, 44)",b'&operator=(const Sort_param &)'
sql,../repos/mysql-server/sql/binlog.cc,"(1079, 22)-(1079, 62)",b'&operator=(const binlog_cache_data &info)'
sql,../repos/mysql-server/sql/binlog.cc,"(1181, 26)-(1181, 70)",b'&operator=(const binlog_trx_cache_data &info)'
sql,../repos/mysql-server/sql/binlog.cc,"(1276, 22)-(1276, 62)",b'&operator=(const binlog_cache_mngr &info)'
sql,../repos/mysql-server/sql/binlog.cc,"(2030, 28)-(2030, 70)",b'&operator=(const Binlog_cache_compressor &)'
sql,../repos/mysql-server/sql/binlog.cc,"(2031, 28)-(2031, 65)",b'&operator=(Binlog_cache_compressor &&)'
sql,../repos/mysql-server/sql/sql_optimizer.cc,"(3681, 16)-(3681, 41)",b'*operator new(size_t size)'
sql,../repos/mysql-server/sql/sql_optimizer.cc,"(3682, 15)-(3683, 60)",b'static void operator delete(void *ptr [[maybe...'
sql,../repos/mysql-server/sql/sp_head.h,"(1036, 8)-(1036, 28)",b'void operator=(sp_head &);'
sql,../repos/mysql-server/sql/locked_tables_list.cc,"(440, 10)-(440, 52)",b'size_t operator()(const MDL_ticket *ticket) c...'
sql,../repos/mysql-server/sql/locked_tables_list.cc,"(446, 8)-(446, 66)","b'bool operator()(const MDL_ticket *a, const MD...'"
sql,../repos/mysql-server/sql/opt_costconstants.h,"(356, 23)-(356, 63)",b'&operator=(const Cost_model_se_info &rhs)'
sql,../repos/mysql-server/sql/rpl_utility.h,"(72, 8)-(72, 47)",b'void operator()(HASH_ROW_ENTRY *entry) const;'
sql,../repos/mysql-server/sql/spatial.cc,"(3640, 15)-(3640, 40)",b'*operator()(const char *p)'
sql,../repos/mysql-server/sql/spatial.cc,"(3657, 15)-(3657, 40)",b'*operator()(const char *p)'
sql,../repos/mysql-server/sql/spatial.cc,"(3671, 15)-(3671, 40)",b'*operator()(const char *p)'
sql,../repos/mysql-server/sql/sql_alter.h,"(503, 15)-(503, 47)",b'&operator=(const Alter_info &rhs)'
sql,../repos/mysql-server/sql/sql_alter.h,"(593, 20)-(593, 57)",b'&operator=(const Alter_table_ctx &rhs)'
sql,../repos/mysql-server/sql/sql_test.cc,"(299, 8)-(299, 70)","b'bool operator()(const TABLE_LOCK_INFO &a, con...'"
sql,../repos/mysql-server/sql/event_queue.h,"(62, 8)-(62, 73)","b'bool operator()(Event_queue_element *left, Ev...'"
sql,../repos/mysql-server/sql/rpl_async_conn_failover.h,"(65, 32)-(65, 78)",b'&operator=(const Async_conn_failover_manager &)'
sql,../repos/mysql-server/sql/rpl_async_conn_failover.h,"(67, 32)-(67, 73)",b'&operator=(Async_conn_failover_manager &&)'
sql,../repos/mysql-server/sql/sql_show.cc,"(2732, 8)-(2732, 64)","b'bool operator()(const thread_info *p1, const ...'"
sql,../repos/mysql-server/sql/sql_show.cc,"(2781, 8)-(2781, 45)",b'void operator()(THD *inspect_thd) override {\n...'
sql,../repos/mysql-server/sql/sql_show.cc,"(3021, 8)-(3021, 45)",b'void operator()(THD *inspect_thd) override {\n...'
sql,../repos/mysql-server/sql/sql_show.cc,"(3203, 8)-(3203, 62)","b'bool operator()(const SHOW_VAR &var1, const S...'"
sql,../repos/mysql-server/sql/sql_show.cc,"(3672, 8)-(3672, 37)",b'void operator()(THD *thd) override {\n    if (...'
sql,../repos/mysql-server/sql/rpl_log_encryption.h,"(106, 19)-(106, 52)",b'&operator=(const Rpl_encryption &)'
sql,../repos/mysql-server/sql/rpl_log_encryption.h,"(107, 19)-(107, 47)",b'&operator=(Rpl_encryption &&)'
sql,../repos/mysql-server/sql/binlog_reader.h,"(63, 30)-(63, 74)",b'&operator=(const Binlog_event_data_istream &)'
sql,../repos/mysql-server/sql/binlog_reader.h,"(187, 32)-(187, 78)",b'&operator=(const Binlog_event_object_istream &)'
sql,../repos/mysql-server/sql/binlog_reader.h,"(240, 30)-(240, 68)",b'&operator=(IBasic_binlog_file_reader &)'
sql,../repos/mysql-server/sql/binlog_reader.h,"(241, 30)-(241, 69)",b'&operator=(IBasic_binlog_file_reader &&)'
sql,../repos/mysql-server/sql/binlog_reader.h,"(309, 29)-(309, 72)",b'&operator=(const Basic_binlog_file_reader &)'
sql,../repos/mysql-server/sql/binlog_reader.h,"(311, 29)-(311, 73)",b'&operator=(const Basic_binlog_file_reader &&)'
sql,../repos/mysql-server/sql/event_db_repository.h,"(113, 8)-(113, 40)",b'void operator=(Event_db_repository &) = delete;'
sql,../repos/mysql-server/sql/rpl_info_handler.cc,"(29, 6)-(29, 63)",b'bool operator!(Rpl_info_handler::enum_field_g...'
sql,../repos/mysql-server/sql/item_geofunc_internal.cc,"(133, 8)-(133, 31)",b'bool operator()(Geometry *g) { return g == m_...'
sql,../repos/mysql-server/sql/item_geofunc_internal.cc,"(140, 8)-(140, 78)","b'bool operator()(const BG_rtree_entry &re1, co...'"
sql,../repos/mysql-server/sql/sql_base.cc,"(5217, 10)-(5217, 50)",b'size_t operator()(const Table_ref *table) con...'
sql,../repos/mysql-server/sql/sql_base.cc,"(5223, 8)-(5223, 64)","b'bool operator()(const Table_ref *a, const Tab...'"
sql,../repos/mysql-server/sql/uniques.cc,"(98, 15)-(98, 44)",b'&operator=(const Uniq_param &)'
sql,../repos/mysql-server/sql/uniques.cc,"(683, 8)-(683, 50)","b'bool operator()(Merge_chunk *a, Merge_chunk *...'"
sql,../repos/mysql-server/sql/log_event.h,"(764, 9)-(764, 34)",b'*operator new(size_t size)'
sql,../repos/mysql-server/sql/log_event.h,"(766, 15)-(766, 49)","b'static void operator delete(void *ptr, size_t...'"
sql,../repos/mysql-server/sql/log_event.h,"(769, 16)-(769, 47)","b'*operator new(size_t, void *ptr)'"
sql,../repos/mysql-server/sql/log_event.h,"(770, 15)-(770, 46)","b'static void operator delete(void *, void *) {}'"
sql,../repos/mysql-server/sql/log_event.h,"(1293, 20)-(1293, 58)",b'&operator=(Query_log_event &&) noexcept'
sql,../repos/mysql-server/sql/log_event.h,"(1295, 20)-(1295, 54)",b'&operator=(const Query_log_event &)'
sql,../repos/mysql-server/sql/log_event.h,"(1606, 21)-(1606, 60)",b'&operator=(Intvar_log_event &&) noexcept'
sql,../repos/mysql-server/sql/log_event.h,"(1608, 21)-(1608, 56)",b'&operator=(const Intvar_log_event &)'
sql,../repos/mysql-server/sql/log_event.h,"(1679, 19)-(1679, 56)",b'&operator=(Rand_log_event &&) noexcept'
sql,../repos/mysql-server/sql/log_event.h,"(1681, 19)-(1681, 52)",b'&operator=(const Rand_log_event &)'
sql,../repos/mysql-server/sql/log_event.h,"(1775, 18)-(1775, 54)",b'&operator=(Xid_log_event &&) noexcept'
sql,../repos/mysql-server/sql/log_event.h,"(1777, 18)-(1777, 50)",b'&operator=(const Xid_log_event &)'
sql,../repos/mysql-server/sql/log_event.h,"(1887, 23)-(1887, 64)",b'&operator=(User_var_log_event &&) noexcept'
sql,../repos/mysql-server/sql/log_event.h,"(1889, 23)-(1889, 60)",b'&operator=(const User_var_log_event &)'
sql,../repos/mysql-server/sql/log_event.h,"(1956, 19)-(1956, 56)",b'&operator=(Stop_log_event &&) noexcept'
sql,../repos/mysql-server/sql/log_event.h,"(1958, 19)-(1958, 52)",b'&operator=(const Stop_log_event &)'
sql,../repos/mysql-server/sql/log_event.h,"(2032, 21)-(2032, 60)",b'&operator=(Rotate_log_event &&) noexcept'
sql,../repos/mysql-server/sql/log_event.h,"(2034, 21)-(2034, 56)",b'&operator=(const Rotate_log_event &)'
sql,../repos/mysql-server/sql/log_event.h,"(2097, 27)-(2097, 72)",b'&operator=(Append_block_log_event &&) noexcept'
sql,../repos/mysql-server/sql/log_event.h,"(2100, 27)-(2100, 68)",b'&operator=(const Append_block_log_event &)'
sql,../repos/mysql-server/sql/log_event.h,"(2169, 26)-(2169, 70)",b'&operator=(Delete_file_log_event &&) noexcept'
sql,../repos/mysql-server/sql/log_event.h,"(2171, 26)-(2171, 66)",b'&operator=(const Delete_file_log_event &)'
sql,../repos/mysql-server/sql/log_event.h,"(2247, 31)-(2248, 46)",b'&operator=(\n      Begin_load_query_log_event ...'
sql,../repos/mysql-server/sql/log_event.h,"(2250, 31)-(2250, 76)",b'&operator=(const Begin_load_query_log_event &)'
sql,../repos/mysql-server/sql/log_event.h,"(2380, 22)-(2380, 62)",b'&operator=(Unknown_log_event &&) noexcept'
sql,../repos/mysql-server/sql/log_event.h,"(2382, 22)-(2382, 58)",b'&operator=(const Unknown_log_event &)'
sql,../repos/mysql-server/sql/log_event.h,"(2434, 24)-(2434, 66)",b'&operator=(Table_map_log_event &&) noexcept'
sql,../repos/mysql-server/sql/log_event.h,"(2436, 24)-(2436, 62)",b'&operator=(const Table_map_log_event &)'
sql,../repos/mysql-server/sql/log_event.h,"(2651, 27)-(2651, 71)",b'&operator=(const Rows_applier_psi_stage &rhs)'
sql,../repos/mysql-server/sql/log_event.h,"(2774, 19)-(2774, 56)",b'&operator=(Rows_log_event &&) noexcept'
sql,../repos/mysql-server/sql/log_event.h,"(2776, 19)-(2776, 52)",b'&operator=(const Rows_log_event &)'
sql,../repos/mysql-server/sql/log_event.h,"(2961, 10)-(2961, 48)","b'bool operator()(uchar *k1, uchar *k2) const {...'"
sql,../repos/mysql-server/sql/log_event.h,"(3599, 23)-(3599, 64)",b'&operator=(Incident_log_event &&) noexcept'
sql,../repos/mysql-server/sql/log_event.h,"(3601, 23)-(3601, 60)",b'&operator=(const Incident_log_event &)'
sql,../repos/mysql-server/sql/log_event.h,"(3702, 24)-(3702, 66)",b'&operator=(Ignorable_log_event &&) noexcept'
sql,../repos/mysql-server/sql/log_event.h,"(3704, 24)-(3704, 62)",b'&operator=(const Ignorable_log_event &)'
sql,../repos/mysql-server/sql/log_event.h,"(3957, 19)-(3957, 56)",b'&operator=(Gtid_log_event &&) noexcept'
sql,../repos/mysql-server/sql/log_event.h,"(3959, 19)-(3959, 52)",b'&operator=(const Gtid_log_event &)'
sql,../repos/mysql-server/sql/log_event.h,"(4205, 29)-(4205, 76)",b'&operator=(Previous_gtids_log_event &&) noexcept'
sql,../repos/mysql-server/sql/log_event.h,"(4208, 29)-(4208, 72)",b'&operator=(const Previous_gtids_log_event &)'
sql,../repos/mysql-server/sql/log_event.h,"(4481, 26)-(4481, 70)",b'&operator=(View_change_log_event &&) noexcept'
sql,../repos/mysql-server/sql/log_event.h,"(4483, 26)-(4483, 66)",b'&operator=(const View_change_log_event &)'
sql,../repos/mysql-server/sql/resource_blocker.h,"(85, 13)-(85, 45)",b'&operator=(Resource const &other)'
sql,../repos/mysql-server/sql/resource_blocker.h,"(86, 13)-(86, 40)",b'&operator=(Resource &&other)'
sql,../repos/mysql-server/sql/resource_blocker.h,"(163, 9)-(163, 37)",b'&operator=(User const &other)'
sql,../repos/mysql-server/sql/resource_blocker.h,"(179, 9)-(179, 41)",b'&operator=(User &&other) noexcept'
sql,../repos/mysql-server/sql/resource_blocker.h,"(191, 8)-(191, 19)",b'bool operator!() { return m_resource == nullptr; }'
sql,../repos/mysql-server/sql/resource_blocker.h,"(246, 12)-(246, 43)",b'&operator=(Blocker const &other)'
sql,../repos/mysql-server/sql/resource_blocker.h,"(263, 12)-(263, 47)",b'&operator=(Blocker &&other) noexcept'
sql,../repos/mysql-server/sql/resource_blocker.h,"(278, 8)-(278, 19)",b'bool operator!() { return m_resource == nullptr; }'
sql,../repos/mysql-server/sql/parse_tree_helpers.h,"(152, 9)-(152, 37)",b'*operator[](uint index) const'
sql,../repos/mysql-server/sql/geometry_rtree.cc,"(40, 15)-(40, 43)",b'result_type operator()(T const &v) const {\n  ...'
sql,../repos/mysql-server/sql/geometry_rtree.cc,"(49, 8)-(49, 47)",b'bool operator()(Rtree_entry const &re) const ...'
sql,../repos/mysql-server/sql/geometry_rtree.cc,"(70, 15)-(70, 43)",b'result_type operator()(T const &v) const {\n  ...'
sql,../repos/mysql-server/sql/sql_planner.h,"(301, 8)-(301, 66)","b'bool operator()(const JOIN_TAB *jt1, const JO...'"
sql,../repos/mysql-server/sql/basic_ostream.h,"(100, 21)-(100, 56)",b'&operator=(const IO_CACHE_ostream &)'
sql,../repos/mysql-server/sql/basic_ostream.h,"(164, 25)-(164, 64)",b'&operator=(const StringBuffer_ostream &)'
sql,../repos/mysql-server/sql/basic_ostream.h,"(190, 23)-(190, 60)",b'&operator=(const Compressed_ostream &)'
sql,../repos/mysql-server/sql/srv_session.cc,"(285, 18)-(285, 43)",b'virtual bool operator()(Srv_session *) = 0;'
sql,../repos/mysql-server/sql/sp_pcontext.h,"(484, 8)-(484, 32)",b'void operator=(sp_pcontext &);'
sql,../repos/mysql-server/sql/xa.cc,"(157, 15)-(157, 68)","b'&operator<<(std::ostream &out, struct xid_t c...'"
sql,../repos/mysql-server/sql/window.h,"(204, 10)-(204, 45)",b'bool operator<(const st_offset &a) const { re...'
sql,../repos/mysql-server/sql/window.h,"(214, 10)-(214, 48)",b'bool operator<(const st_ll_offset &a) const {...'
sql,../repos/mysql-server/sql/resourcegroups/resource_group.h,"(176, 8)-(176, 41)",b'void operator=(const Resource_group &) = delete;'
sql,../repos/mysql-server/sql/resourcegroups/resource_group_mgr.h,"(474, 8)-(474, 45)",b'void operator=(const Resource_group_mgr &) = ...'
sql,../repos/mysql-server/sql/resourcegroups/resource_group_sql_cmd.cc,"(145, 8)-(145, 43)",b'void operator()(ulonglong pfs_thread_id) {\n  ...'
sql,../repos/mysql-server/sql/rpl_gtid_persist.h,"(113, 30)-(113, 78)",b'&operator=(const Gtid_table_access_context &info)'
sql,../repos/mysql-server/sql/rpl_gtid_persist.h,"(367, 25)-(367, 68)",b'&operator=(const Gtid_table_persistor &info)'
sql,../repos/mysql-server/sql/auth/roles.h,"(42, 20)-(42, 54)",b'&operator=(const Role_activation &)'
sql,../repos/mysql-server/sql/auth/roles.h,"(43, 20)-(43, 49)",b'&operator=(Role_activation &&)'
sql,../repos/mysql-server/sql/auth/sql_authentication.cc,"(5099, 12)-(5099, 41)",b'&operator=(const File_IO &src)'
sql,../repos/mysql-server/sql/auth/sql_authentication.cc,"(5140, 12)-(5140, 39)",b'&operator>>(Sql_string_t &s)'
sql,../repos/mysql-server/sql/auth/sql_authentication.cc,"(5141, 12)-(5141, 57)",b'&operator<<(const Sql_string_t &output_string)'
sql,../repos/mysql-server/sql/auth/sql_authentication.cc,"(5245, 12)-(5245, 70)","b'*operator()(const Sql_string_t filename, bool...'"
sql,../repos/mysql-server/sql/auth/sql_authentication.cc,"(5254, 12)-(5254, 65)","b'*operator()(const Sql_string_t filename, MY_M...'"
sql,../repos/mysql-server/sql/auth/sql_authentication.cc,"(5288, 13)-(5288, 29)",b'*operator()(void)'
sql,../repos/mysql-server/sql/auth/sql_authentication.cc,"(5309, 8)-(5309, 24)",b'*operator()(void)'
sql,../repos/mysql-server/sql/auth/sql_authentication.cc,"(5419, 9)-(5421, 73)","b'*operator()(EVP_PKEY *pkey, const Sql_string_...'"
sql,../repos/mysql-server/sql/auth/dynamic_privilege_table.h,"(50, 8)-(52, 64)","b'bool operator()(const std::string &priv, cons...'"
sql,../repos/mysql-server/sql/auth/sql_auth_cache.cc,"(2322, 8)-(2322, 50)",b'void operator()(GRANT_TABLE *grant_table) con...'
sql,../repos/mysql-server/sql/auth/sql_auth_cache.cc,"(3278, 41)-(3278, 55)",b'operator=(map)'
sql,../repos/mysql-server/sql/auth/auth_utility.h,"(41, 21)-(41, 56)",b'&operator=(const Map_with_rw_lock &)'
sql,../repos/mysql-server/sql/auth/auth_utility.h,"(42, 21)-(42, 51)",b'&operator=(Map_with_rw_lock &&)'
sql,../repos/mysql-server/sql/auth/partial_revokes.h,"(86, 19)-(86, 35)",b'&operator()(void)'
sql,../repos/mysql-server/sql/auth/partial_revokes.h,"(89, 20)-(89, 66)",b'&operator=(const DB_restrictions &restrictions)'
sql,../repos/mysql-server/sql/auth/partial_revokes.h,"(90, 20)-(90, 61)",b'&operator=(DB_restrictions &&restrictions)'
sql,../repos/mysql-server/sql/auth/partial_revokes.h,"(91, 8)-(91, 61)",b'bool operator==(const DB_restrictions &restri...'
sql,../repos/mysql-server/sql/auth/partial_revokes.h,"(160, 17)-(160, 48)",b'&operator=(const Restrictions &)'
sql,../repos/mysql-server/sql/auth/partial_revokes.h,"(161, 17)-(161, 43)",b'&operator=(Restrictions &&)'
sql,../repos/mysql-server/sql/auth/partial_revokes.h,"(244, 28)-(244, 70)",b'&operator=(const Restrictions_aggregator &)'
sql,../repos/mysql-server/sql/auth/partial_revokes.h,"(246, 28)-(246, 71)",b'&operator=(const Restrictions_aggregator &&)'
sql,../repos/mysql-server/sql/auth/sql_security_ctx.h,"(59, 21)-(59, 64)",b'&operator=(const Security_context &src_sctx)'
sql,../repos/mysql-server/sql/auth/acl_table_base.h,"(54, 20)-(54, 48)",b'&operator=(const Acl_table &)'
sql,../repos/mysql-server/sql/auth/acl_table_base.h,"(56, 20)-(56, 49)",b'&operator=(const Acl_table &&)'
sql,../repos/mysql-server/sql/auth/auth_common.h,"(81, 6)-(81, 59)","b'bool operator<(const Auth_id_ref &a, const Au...'"
sql,../repos/mysql-server/sql/auth/auth_common.h,"(923, 16)-(923, 57)","b'virtual bool operator()(Security_context *, O...'"
sql,../repos/mysql-server/sql/auth/auth_common.h,"(933, 8)-(933, 65)","b'bool operator()(Security_context *sctx, Opera...'"
sql,../repos/mysql-server/sql/auth/auth_common.h,"(945, 8)-(945, 65)","b'bool operator()(Security_context *sctx, Opera...'"
sql,../repos/mysql-server/sql/auth/auth_common.h,"(1033, 8)-(1033, 42)",b'void operator()(Security_context *sctx);'
sql,../repos/mysql-server/sql/auth/auth_common.h,"(1054, 6)-(1054, 60)","b'bool operator==(const LEX_CSTRING &a, const L...'"
sql,../repos/mysql-server/sql/auth/auth_common.h,"(1077, 12)-(1077, 38)",b'&operator=(const Auth_id &)'
sql,../repos/mysql-server/sql/auth/auth_common.h,"(1079, 8)-(1079, 42)",b'bool operator<(const Auth_id &id) const;'
sql,../repos/mysql-server/sql/auth/sql_mfa.h,"(178, 27)-(178, 68)",b'&operator=(Multi_factor_auth_info &new_af)'
sql,../repos/mysql-server/sql/auth/dynamic_privileges_impl.cc,"(61, 8)-(61, 20)",b'*operator()()'
sql,../repos/mysql-server/sql/auth/auth_internal.h,"(74, 16)-(74, 73)",b'&operator[](const Table_access_map_storage::k...'
sql,../repos/mysql-server/sql/auth/auth_internal.h,"(257, 6)-(257, 56)","b'bool operator==(const Role_id &a, const Auth_...'"
sql,../repos/mysql-server/sql/auth/auth_internal.h,"(258, 6)-(258, 56)","b'bool operator==(const Auth_id_ref &a, const R...'"
sql,../repos/mysql-server/sql/auth/auth_internal.h,"(259, 6)-(260, 38)",b'bool operator==(const std::pair<const Role_id...'
sql,../repos/mysql-server/sql/auth/auth_internal.h,"(261, 6)-(261, 52)","b'bool operator==(const Role_id &a, const Role_...'"
sql,../repos/mysql-server/sql/auth/auth_internal.h,"(262, 6)-(263, 38)","b'bool operator==(std::pair<const Role_id, std:...'"
sql,../repos/mysql-server/sql/auth/auth_internal.h,"(267, 15)-(267, 49)",b'std::size_t operator()(const Role_id &k) cons...'
sql,../repos/mysql-server/sql/auth/acl_table_user.h,"(75, 18)-(75, 55)",b'&operator=(const Password_lock &other)'
sql,../repos/mysql-server/sql/auth/acl_table_user.h,"(77, 18)-(77, 50)",b'&operator=(Password_lock &&other)'
sql,../repos/mysql-server/sql/auth/sql_authorization.cc,"(233, 6)-(233, 56)","b'bool operator==(const Role_id &a, const std::...'"
sql,../repos/mysql-server/sql/auth/sql_authorization.cc,"(239, 6)-(239, 73)","b'bool operator==(const std::pair<Role_id, bool...'"
sql,../repos/mysql-server/sql/auth/sql_authorization.cc,"(4637, 6)-(4637, 77)","b'bool operator==(const std::pair<Role_id, bool...'"
sql,../repos/mysql-server/sql/auth/sql_authorization.cc,"(4642, 6)-(4642, 77)","b'bool operator==(const Auth_id_ref &ref, const...'"
sql,../repos/mysql-server/sql/auth/sql_authorization.cc,"(7448, 6)-(7448, 56)","b'bool operator==(const Role_id &a, const Auth_...'"
sql,../repos/mysql-server/sql/auth/sql_authorization.cc,"(7456, 6)-(7456, 56)","b'bool operator==(const Auth_id_ref &a, const R...'"
sql,../repos/mysql-server/sql/auth/sql_authorization.cc,"(7458, 6)-(7459, 38)",b'bool operator==(const std::pair<const Role_id...'
sql,../repos/mysql-server/sql/auth/sql_authorization.cc,"(7467, 6)-(7467, 52)","b'bool operator==(const Role_id &a, const Role_...'"
sql,../repos/mysql-server/sql/auth/sql_authorization.cc,"(7473, 6)-(7473, 59)","b'bool operator<(const Auth_id_ref &a, const Au...'"
sql,../repos/mysql-server/sql/auth/sql_authorization.cc,"(7485, 6)-(7486, 38)","b'bool operator==(std::pair<const Role_id, std:...'"
sql,../repos/mysql-server/sql/auth/sql_authorization.cc,"(7490, 6)-(7490, 60)","b'bool operator==(const LEX_CSTRING &a, const L...'"
sql,../repos/mysql-server/sql/auth/sql_auth_cache.h,"(184, 8)-(184, 60)","b'bool operator()(const ACL_ACCESS &a, const AC...'"
sql,../repos/mysql-server/sql/auth/sql_auth_cache.h,"(185, 8)-(185, 60)","b'bool operator()(const ACL_ACCESS *a, const AC...'"
sql,../repos/mysql-server/sql/auth/sql_auth_cache.h,"(208, 8)-(208, 56)","b'bool operator()(const ACL_USER &a, const ACL_...'"
sql,../repos/mysql-server/sql/auth/sql_auth_cache.h,"(209, 8)-(209, 56)","b'bool operator()(const ACL_USER *a, const ACL_...'"
sql,../repos/mysql-server/sql/auth/sql_auth_cache.h,"(499, 24)-(500, 51)",b'&operator=(const Acl_cache_allocator<U> &othe...'
sql,../repos/mysql-server/sql/auth/sql_auth_cache.h,"(644, 12)-(644, 41)",b'&operator=(const Acl_map &map)'
sql,../repos/mysql-server/sql/auth/sql_auth_cache.h,"(647, 9)-(647, 34)",b'*operator new(size_t size)'
sql,../repos/mysql-server/sql/auth/sql_auth_cache.h,"(648, 8)-(648, 32)",b'void operator delete(void *p);'
sql,../repos/mysql-server/sql/auth/sql_auth_cache.h,"(649, 12)-(649, 36)",b'&operator=(Acl_map &&map)'
sql,../repos/mysql-server/sql/auth/sql_auth_cache.h,"(804, 21)-(804, 56)",b'&operator=(const Acl_restrictions &)'
sql,../repos/mysql-server/sql/auth/sql_auth_cache.h,"(805, 21)-(805, 51)",b'&operator=(Acl_restrictions &&)'
sql,../repos/mysql-server/sql/auth/partitioned_rwlock.h,"(97, 23)-(97, 60)",b'&operator=(const Partitioned_rwlock &)'
sql,../repos/mysql-server/sql/auth/partitioned_rwlock.h,"(139, 34)-(140, 45)",b'&operator=(\n      const Partitioned_rwlock_re...'
sql,../repos/mysql-server/sql/auth/partitioned_rwlock.h,"(177, 35)-(178, 46)",b'&operator=(\n      const Partitioned_rwlock_wr...'
sql,../repos/mysql-server/sql/ssl_acceptor_context_data.h,"(97, 37)-(98, 55)",b'&operator++(\n    Ssl_acceptor_context_propert...'
sql,../repos/mysql-server/sql/ssl_acceptor_context_data.h,"(132, 29)-(132, 73)",b'Ssl_acceptor_context_data operator=(const Ssl...'
sql,../repos/mysql-server/sql/ssl_acceptor_context_data.h,"(137, 29)-(137, 68)",b'Ssl_acceptor_context_data operator=(Ssl_accep...'
sql,../repos/mysql-server/sql/xa/transaction_cache.h,"(66, 22)-(66, 58)",b'&operator=(Transaction_cache const &)'
sql,../repos/mysql-server/sql/xa/transaction_cache.h,"(67, 22)-(67, 53)",b'&operator=(Transaction_cache &&)'
sql,../repos/mysql-server/sql/xa/xid_extract.h,"(110, 10)-(110, 32)",b'&operator[](size_t idx)'
sql,../repos/mysql-server/sql/xa/transaction_cache.cc,"(75, 8)-(75, 54)",b'void operator()(Transaction_ctx *transaction)...'
sql,../repos/mysql-server/sql/partitioning/partition_handler.h,"(362, 8)-(362, 47)","b'bool operator()(uchar *first, uchar *second) ...'"
sql,../repos/mysql-server/sql/opt_explain_format.h,"(153, 12)-(153, 39)",b'&operator=(const qep_row &x)'
sql,../repos/mysql-server/sql/opt_explain_format.h,"(509, 19)-(509, 46)",b'&operator=(Explain_format &)'
sql,../repos/mysql-server/sql/rpl_info_table.h,"(229, 19)-(229, 56)",b'&operator=(const Rpl_info_table &info)'
sql,../repos/mysql-server/sql/mem_root_allocator.h,"(94, 23)-(95, 50)",b'&operator=(const Mem_root_allocator<U> &other...'
sql,../repos/mysql-server/sql/mem_root_allocator.h,"(142, 6)-(143, 49)",b'bool operator==(const Mem_root_allocator<T> &...'
sql,../repos/mysql-server/sql/mem_root_allocator.h,"(148, 6)-(149, 49)",b'bool operator!=(const Mem_root_allocator<T> &...'
sql,../repos/mysql-server/sql/parse_tree_node_base.h,"(155, 10)-(155, 72)","b'bool operator()(const Json_dom_ptr &a, const ...'"
sql,../repos/mysql-server/sql/parse_tree_node_base.h,"(234, 8)-(234, 47)",b'void operator=(const Parse_tree_node_tmpl &);'
sql,../repos/mysql-server/sql/parse_tree_node_base.h,"(245, 16)-(247, 70)","b'*operator new(size_t size, MEM_ROOT *mem_root...'"
sql,../repos/mysql-server/sql/parse_tree_node_base.h,"(250, 15)-(251, 60)",b'static void operator delete(void *ptr [[maybe...'
sql,../repos/mysql-server/sql/parse_tree_node_base.h,"(254, 15)-(255, 63)","b'static void operator delete(void *, MEM_ROOT ...'"
sql,../repos/mysql-server/sql/sql_backup_lock.h,"(89, 29)-(89, 73)",b'&operator=(const Shared_backup_lock_guard &o)'
sql,../repos/mysql-server/sql/sql_backup_lock.h,"(91, 29)-(91, 68)",b'&operator=(Shared_backup_lock_guard &&o)'
sql,../repos/mysql-server/sql/item_cmpfunc.cc,"(4512, 8)-(4513, 57)",b'bool operator()(const in_longlong::packed_lon...'
sql,../repos/mysql-server/sql/item_cmpfunc.cc,"(4537, 8)-(4537, 64)","b'bool operator()(const cmp_item_row *a, const ...'"
sql,../repos/mysql-server/sql/item_cmpfunc.cc,"(4601, 8)-(4601, 58)","b'bool operator()(const String *a, const String...'"
sql,../repos/mysql-server/sql/rpl_info_handler.h,"(73, 21)-(73, 63)",b'&operator=(const Rpl_info_handler &handler)'
sql,../repos/mysql-server/sql/rpl_info_handler.h,"(439, 6)-(439, 63)",b'bool operator!(Rpl_info_handler::enum_field_g...'
sql,../repos/mysql-server/sql/sql_planner.cc,"(1886, 8)-(1886, 66)","b'bool operator()(const JOIN_TAB *jt1, const JO...'"
sql,../repos/mysql-server/sql/sql_planner.cc,"(1918, 8)-(1918, 66)","b'bool operator()(const JOIN_TAB *jt1, const JO...'"
sql,../repos/mysql-server/sql/mysqld_thd_manager.h,"(54, 16)-(54, 33)",b'virtual void operator()(THD *) = 0;'
sql,../repos/mysql-server/sql/mysqld_thd_manager.h,"(75, 16)-(75, 36)",b'virtual bool operator()(THD *thd) = 0;'
sql,../repos/mysql-server/sql/mysqld_thd_manager.h,"(86, 8)-(86, 37)",b'bool operator()(THD *thd) override;'
sql,../repos/mysql-server/sql/mysqld_thd_manager.h,"(133, 12)-(133, 38)",b'&operator=(THD_ptr const &)'
sql,../repos/mysql-server/sql/mysqld_thd_manager.h,"(138, 12)-(138, 40)",b'&operator=(THD_ptr &&thd_ptr)'
sql,../repos/mysql-server/sql/mysqld_thd_manager.h,"(149, 8)-(149, 20)",b'*operator->()'
sql,../repos/mysql-server/sql/mysqld_thd_manager.h,"(154, 8)-(154, 19)",b'&operator*()'
sql,../repos/mysql-server/sql/mysqld_thd_manager.h,"(165, 8)-(165, 40)",b'bool operator==(std::nullptr_t) const { retur...'
sql,../repos/mysql-server/sql/mysqld_thd_manager.h,"(171, 8)-(171, 44)",b'bool operator==(THD const *thd_ptr) const { r...'
sql,../repos/mysql-server/sql/mysqld_thd_manager.h,"(176, 8)-(176, 40)",b'bool operator!=(std::nullptr_t) const { retur...'
sql,../repos/mysql-server/sql/mysqld_thd_manager.h,"(182, 8)-(182, 44)",b'bool operator!=(THD const *thd_ptr) const { r...'
sql,../repos/mysql-server/sql/sql_class.h,"(1363, 17)-(1363, 46)",b'&operator=(const Query_plan &)'
sql,../repos/mysql-server/sql/sql_class.h,"(2033, 21)-(2033, 54)",b'&operator=(const Attachable_trx &)'
sql,../repos/mysql-server/sql/sql_class.h,"(2057, 24)-(2057, 60)",b'&operator=(const Attachable_trx_rw &)'
sql,../repos/mysql-server/sql/mysqld.cc,"(2264, 8)-(2264, 45)",b'void operator()(THD *killing_thd) override {\n...'
sql,../repos/mysql-server/sql/mysqld.cc,"(2321, 8)-(2321, 45)",b'void operator()(THD *closing_thd) override {\n...'
sql,../repos/mysql-server/sql/mysqld.cc,"(2346, 8)-(2346, 45)",b'void operator()(THD *closing_thd) override {\n...'
sql,../repos/mysql-server/sql/mysqld.cc,"(11843, 13)-(11843, 62)","b'static bool operator<(const my_option &a, con...'"
sql,../repos/mysql-server/sql/mysqld.cc,"(13486, 8)-(13486, 37)",b'void operator()(THD *thd) override {\n    /* U...'
sql,../repos/mysql-server/sql/mysqld.cc,"(13528, 8)-(13528, 54)",b'void operator()(THD *thd [[maybe_unused]]) ov...'
sql,../repos/mysql-server/sql/discrete_interval.h,"(115, 8)-(115, 44)",b'void operator=(Discrete_intervals_list &);'
sql,../repos/mysql-server/sql/rpl_info_values.h,"(52, 20)-(52, 60)",b'&operator=(const Rpl_info_values &values)'
sql,../repos/mysql-server/sql/opt_trace_context.h,"(402, 22)-(402, 58)",b'&operator=(const Opt_trace_context &)'
sql,../repos/mysql-server/sql/rpl_mi.h,"(645, 16)-(645, 50)",b'&operator=(const Master_info &info)'
sql,../repos/mysql-server/sql/sql_base.h,"(373, 8)-(373, 44)",b'void operator()(TABLE_SHARE *share) const;'
sql,../repos/mysql-server/sql/rpl_info_dummy.h,"(90, 19)-(90, 56)",b'&operator=(const Rpl_info_dummy &info)'
sql,../repos/mysql-server/sql/handler.h,"(3889, 18)-(3889, 56)",b'&operator+=(const Cost_estimate &other)'
sql,../repos/mysql-server/sql/handler.h,"(3900, 17)-(3900, 54)",b'Cost_estimate operator+(const Cost_estimate &...'
sql,../repos/mysql-server/sql/handler.h,"(3907, 17)-(3907, 54)",b'Cost_estimate operator-(const Cost_estimate &...'
sql,../repos/mysql-server/sql/handler.h,"(3919, 8)-(3919, 51)",b'bool operator>(const Cost_estimate &other) co...'
sql,../repos/mysql-server/sql/handler.h,"(3923, 8)-(3923, 51)",b'bool operator<(const Cost_estimate &other) co...'
sql,../repos/mysql-server/sql/sql_select.h,"(750, 13)-(750, 40)",b'&operator=(const JOIN_TAB &)'
sql,../repos/mysql-server/sql/item_geofunc_internal.h,"(155, 8)-(155, 58)","b'bool operator()(const Point &p1, const Point ...'"
sql,../repos/mysql-server/sql/item_geofunc_internal.h,"(168, 8)-(168, 58)","b'bool operator()(const Point &p1, const Point ...'"
sql,../repos/mysql-server/sql/memory/ref_ptr.h,"(81, 15)-(81, 32)",b'&operator=(T &rhs)'
sql,../repos/mysql-server/sql/memory/ref_ptr.h,"(89, 15)-(89, 47)",b'&operator=(Ref_ptr<T> const &rhs)'
sql,../repos/mysql-server/sql/memory/ref_ptr.h,"(97, 15)-(97, 42)",b'&operator=(Ref_ptr<T> &&rhs)'
sql,../repos/mysql-server/sql/memory/ref_ptr.h,"(103, 8)-(103, 25)",b'bool operator!() const;'
sql,../repos/mysql-server/sql/memory/ref_ptr.h,"(109, 6)-(109, 24)",b'*operator->() const'
sql,../repos/mysql-server/sql/memory/ref_ptr.h,"(115, 6)-(115, 23)",b'&operator*() const'
sql,../repos/mysql-server/sql/memory/ref_ptr.h,"(129, 8)-(129, 44)",b'bool operator==(std::nullptr_t rhs) const;'
sql,../repos/mysql-server/sql/memory/ref_ptr.h,"(137, 8)-(137, 44)",b'bool operator!=(std::nullptr_t rhs) const;'
sql,../repos/mysql-server/sql/memory/ref_ptr.h,"(147, 8)-(147, 55)",b'bool operator==(memory::Ref_ptr<R> const &rhs...'
sql,../repos/mysql-server/sql/memory/ref_ptr.h,"(157, 8)-(157, 55)",b'bool operator!=(memory::Ref_ptr<R> const &rhs...'
sql,../repos/mysql-server/sql/memory/unique_ptr.h,"(233, 21)-(233, 59)","b'&operator=(Unique_ptr<T, A> const &rhs)'"
sql,../repos/mysql-server/sql/memory/unique_ptr.h,"(239, 21)-(239, 54)","b'&operator=(Unique_ptr<T, A> &&rhs)'"
sql,../repos/mysql-server/sql/memory/unique_ptr.h,"(247, 11)-(247, 29)",b'pointer operator->() const;'
sql,../repos/mysql-server/sql/memory/unique_ptr.h,"(253, 13)-(253, 30)",b'reference operator*() const;'
sql,../repos/mysql-server/sql/memory/unique_ptr.h,"(263, 13)-(263, 43)",b'reference operator[](size_t index) const;'
sql,../repos/mysql-server/sql/memory/unique_ptr.h,"(447, 6)-(448, 53)",b'bool operator==(const memory::PFS_allocator<T...'
sql,../repos/mysql-server/sql/memory/unique_ptr.h,"(453, 6)-(454, 53)",b'bool operator!=(const memory::PFS_allocator<T...'
sql,../repos/mysql-server/sql/memory/unique_ptr.h,"(459, 6)-(460, 55)","b'bool operator==(memory::Unique_ptr<T1, A1> co...'"
sql,../repos/mysql-server/sql/memory/unique_ptr.h,"(466, 6)-(467, 55)","b'bool operator!=(memory::Unique_ptr<T1, A1> co...'"
sql,../repos/mysql-server/sql/memory/unique_ptr.h,"(472, 6)-(472, 71)","b'bool operator==(memory::Unique_ptr<T1, A1> co...'"
sql,../repos/mysql-server/sql/memory/unique_ptr.h,"(477, 6)-(477, 71)","b'bool operator!=(memory::Unique_ptr<T1, A1> co...'"
sql,../repos/mysql-server/sql/memory/aligned_atomic.h,"(195, 22)-(195, 61)",b'&operator=(Aligned_atomic<T> const &rhs)'
sql,../repos/mysql-server/sql/memory/aligned_atomic.h,"(204, 22)-(204, 56)",b'&operator=(Aligned_atomic<T> &&rhs)'
sql,../repos/mysql-server/sql/memory/aligned_atomic.h,"(213, 22)-(213, 38)",b'&operator=(T rhs)'
sql,../repos/mysql-server/sql/memory/aligned_atomic.h,"(230, 8)-(230, 44)",b'bool operator==(std::nullptr_t rhs) const;'
sql,../repos/mysql-server/sql/memory/aligned_atomic.h,"(240, 8)-(240, 44)",b'bool operator!=(std::nullptr_t rhs) const;'
sql,../repos/mysql-server/sql/memory/aligned_atomic.h,"(250, 8)-(250, 31)",b'bool operator==(T rhs) const;'
sql,../repos/mysql-server/sql/memory/aligned_atomic.h,"(260, 8)-(260, 31)",b'bool operator!=(T rhs) const;'
sql,../repos/mysql-server/sql/memory/aligned_atomic.h,"(267, 19)-(267, 31)",b'*operator->()'
sql,../repos/mysql-server/sql/memory/aligned_atomic.h,"(274, 25)-(274, 43)",b'*operator->() const'
sql,../repos/mysql-server/sql/memory/aligned_atomic.h,"(281, 19)-(281, 30)",b'&operator*()'
sql,../repos/mysql-server/sql/memory/aligned_atomic.h,"(288, 25)-(288, 42)",b'&operator*() const'
sql,../repos/mysql-server/sql/clone_handler.h,"(129, 19)-(129, 50)",b'&operator=(XA_Operation const &)'
sql,../repos/mysql-server/sql/clone_handler.h,"(149, 15)-(149, 42)",b'&operator=(XA_Block const &)'
sql,../repos/mysql-server/sql/persisted_variable.cc,"(183, 8)-(183, 72)","b'bool operator()(const st_persist_var x, const...'"
sql,../repos/mysql-server/sql/rpl_commit_stage_manager.h,"(152, 31)-(152, 70)",b'&operator=(const Commit_stage_manager &)'
sql,../repos/mysql-server/sql/binlog_istream.h,"(168, 23)-(168, 60)",b'&operator=(const Basic_binlog_ifile &)'
sql,../repos/mysql-server/sql/sql_event_tracking_to_audit_event_mapping.h,"(59, 15)-(59, 36)",b'std::size_t operator()(T t) const {\n    retur...'
sql,../repos/mysql-server/sql/sql_event_tracking_to_audit_event_mapping.h,"(77, 8)-(77, 77)",b'void operator=(const Singleton_event_tracking...'
sql,../repos/mysql-server/sql/sql_event_tracking_to_audit_event_mapping.h,"(81, 8)-(81, 72)",b'void operator=(Singleton_event_tracking_servi...'
sql,../repos/mysql-server/sql/histograms/table_histograms.h,"(163, 21)-(163, 51)",b'&operator=(Table_histograms &&)'
sql,../repos/mysql-server/sql/histograms/table_histograms.h,"(165, 21)-(165, 56)",b'&operator=(const Table_histograms &)'
sql,../repos/mysql-server/sql/histograms/table_histograms.h,"(242, 32)-(242, 73)",b'&operator=(Table_histograms_collection &&)'
sql,../repos/mysql-server/sql/histograms/table_histograms.h,"(245, 32)-(245, 78)",b'&operator=(const Table_histograms_collection &)'
sql,../repos/mysql-server/sql/histograms/value_map.h,"(83, 8)-(83, 52)","b'bool operator()(const T &lhs, const T &rhs) c...'"
sql,../repos/mysql-server/sql/histograms/value_map.h,"(92, 8)-(92, 69)",b'bool operator()(const equi_height::Bucket<T> ...'
sql,../repos/mysql-server/sql/histograms/value_map.h,"(100, 8)-(100, 65)","b'bool operator()(const SingletonBucket<T> &a, ...'"
sql,../repos/mysql-server/sql/histograms/value_map.h,"(112, 8)-(112, 69)","b'bool operator()(const T &a, const equi_height...'"
sql,../repos/mysql-server/sql/histograms/value_map.h,"(120, 8)-(120, 65)","b'bool operator()(const T &a, const SingletonBu...'"
sql,../repos/mysql-server/sql/histograms/value_map.h,"(130, 8)-(131, 57)",b'bool operator()(const equi_height::Bucket<T> ...'
sql,../repos/mysql-server/sql/histograms/value_map.h,"(140, 8)-(141, 53)","b'bool operator()(const SingletonBucket<T> &a,\n...'"
sql,../repos/mysql-server/sql/histograms/histogram.h,"(125, 9)-(125, 35)",b'*operator()(size_t s) const'
sql,../repos/mysql-server/sql/containers/atomics_array.h,"(116, 15)-(116, 45)",b'&operator=(const Iterator &rhs)'
sql,../repos/mysql-server/sql/containers/atomics_array.h,"(117, 15)-(117, 40)",b'&operator=(Iterator &&rhs)'
sql,../repos/mysql-server/sql/containers/atomics_array.h,"(118, 15)-(118, 27)",b'&operator++()'
sql,../repos/mysql-server/sql/containers/atomics_array.h,"(119, 15)-(119, 32)",b'reference operator*() const;'
sql,../repos/mysql-server/sql/containers/atomics_array.h,"(123, 14)-(123, 29)",b'Iterator operator++(int);'
sql,../repos/mysql-server/sql/containers/atomics_array.h,"(124, 13)-(124, 31)",b'pointer operator->() const;'
sql,../repos/mysql-server/sql/containers/atomics_array.h,"(125, 10)-(125, 47)",b'bool operator==(Iterator const &rhs) const;'
sql,../repos/mysql-server/sql/containers/atomics_array.h,"(126, 10)-(126, 47)",b'bool operator!=(Iterator const &rhs) const;'
sql,../repos/mysql-server/sql/containers/atomics_array.h,"(177, 27)-(177, 71)","b'&operator=(Atomics_array<T, I, A> const &rhs)'"
sql,../repos/mysql-server/sql/containers/atomics_array.h,"(178, 27)-(178, 66)","b'&operator=(Atomics_array<T, I, A> &&rhs)'"
sql,../repos/mysql-server/sql/containers/atomics_array.h,"(187, 17)-(187, 47)",b'&operator[](size_t index) const'
sql,../repos/mysql-server/sql/containers/atomics_array.h,"(257, 24)-(258, 62)","b'&operator<<(std::ostream &out,\n              ...'"
sql,../repos/mysql-server/sql/containers/integrals_lockfree_queue.h,"(213, 15)-(213, 45)",b'&operator=(const Iterator &rhs)'
sql,../repos/mysql-server/sql/containers/integrals_lockfree_queue.h,"(214, 15)-(214, 40)",b'&operator=(Iterator &&rhs)'
sql,../repos/mysql-server/sql/containers/integrals_lockfree_queue.h,"(215, 15)-(215, 27)",b'&operator++()'
sql,../repos/mysql-server/sql/containers/integrals_lockfree_queue.h,"(216, 15)-(216, 32)",b'reference operator*() const;'
sql,../repos/mysql-server/sql/containers/integrals_lockfree_queue.h,"(220, 14)-(220, 29)",b'Iterator operator++(int);'
sql,../repos/mysql-server/sql/containers/integrals_lockfree_queue.h,"(221, 13)-(221, 31)",b'pointer operator->() const;'
sql,../repos/mysql-server/sql/containers/integrals_lockfree_queue.h,"(222, 10)-(222, 47)",b'bool operator==(Iterator const &rhs) const;'
sql,../repos/mysql-server/sql/containers/integrals_lockfree_queue.h,"(223, 10)-(223, 47)",b'bool operator!=(Iterator const &rhs) const;'
sql,../repos/mysql-server/sql/containers/integrals_lockfree_queue.h,"(289, 52)-(290, 66)","b'&operator=(\n      Integrals_lockfree_queue<T,...'"
sql,../repos/mysql-server/sql/containers/integrals_lockfree_queue.h,"(291, 52)-(292, 61)","b'&operator=(\n      Integrals_lockfree_queue<T,...'"
sql,../repos/mysql-server/sql/containers/integrals_lockfree_queue.h,"(398, 52)-(399, 26)",b'&operator>>(\n      reference_type out)'
sql,../repos/mysql-server/sql/containers/integrals_lockfree_queue.h,"(414, 52)-(415, 36)",b'&operator<<(\n      const_reference_type to_push)'
sql,../repos/mysql-server/sql/containers/integrals_lockfree_queue.h,"(550, 24)-(552, 65)","b'&operator<<(\n      std::ostream &out,\n      I...'"
sql,../repos/mysql-server/sql/event_scheduler.h,"(129, 8)-(129, 36)",b'void operator=(Event_scheduler &) = delete;'
sql,../repos/mysql-server/sql/intrusive_list_iterator.h,"(70, 25)-(70, 37)",b'&operator++()'
sql,../repos/mysql-server/sql/intrusive_list_iterator.h,"(76, 24)-(76, 39)",b'NextFunctionIterator operator++(int) {\n    au...'
sql,../repos/mysql-server/sql/intrusive_list_iterator.h,"(82, 6)-(82, 23)",b'*operator*() const'
sql,../repos/mysql-server/sql/intrusive_list_iterator.h,"(84, 8)-(84, 59)",b'bool operator==(const NextFunctionIterator &o...'
sql,../repos/mysql-server/sql/intrusive_list_iterator.h,"(88, 8)-(88, 59)",b'bool operator!=(const NextFunctionIterator &o...'
sql,../repos/mysql-server/sql/key_spec.h,"(115, 8)-(115, 52)",b'bool operator==(const Key_part_spec &other) const;'
sql,../repos/mysql-server/sql/sql_parse.cc,"(6464, 8)-(6464, 45)",b'void operator()(THD *thd_to_kill) override {\n...'
sql,../repos/mysql-server/sql/sql_data_change.h,"(97, 8)-(97, 30)",b'void operator=(COPY_INFO &);'
sql,../repos/mysql-server/sql/events.h,"(138, 8)-(138, 27)",b'void operator=(Events &) = delete;'
sql,../repos/mysql-server/sql/ssl_acceptor_context_data.cc,"(272, 37)-(273, 55)",b'&operator++(\n    Ssl_acceptor_context_propert...'
sql,../repos/mysql-server/sql/udf_service_impl.h,"(51, 15)-(51, 44)",b'&operator=(udf_data_t const &)'
sql,../repos/mysql-server/sql/udf_service_impl.h,"(52, 15)-(52, 44)",b'&operator=(udf_data_t &&other)'
sql,../repos/mysql-server/sql/rpl_reporting.h,"(177, 31)-(177, 79)",b'&operator=(const Slave_reporting_capability &rhs)'
sql,../repos/mysql-server/sql/basic_istream.h,"(93, 21)-(93, 56)",b'&operator=(const IO_CACHE_istream &)'
sql,../repos/mysql-server/sql/basic_istream.h,"(137, 18)-(137, 50)",b'&operator=(const Stdin_istream &)'
sql,../repos/mysql-server/sql/gis/overlaps_functor.h,"(68, 8)-(68, 73)","b'bool operator()(const Geometry *g1, const Geo...'"
sql,../repos/mysql-server/sql/gis/overlaps_functor.h,"(69, 8)-(69, 54)","b'bool operator()(const Box *b1, const Box *b2)...'"
sql,../repos/mysql-server/sql/gis/geometries_cs.h,"(115, 20)-(115, 54)",b'&operator[](std::size_t i) override'
sql,../repos/mysql-server/sql/gis/geometries_cs.h,"(116, 26)-(116, 66)",b'&operator[](std::size_t i) const override'
sql,../repos/mysql-server/sql/gis/geometries_cs.h,"(169, 21)-(169, 55)",b'&operator[](std::size_t i) override'
sql,../repos/mysql-server/sql/gis/geometries_cs.h,"(170, 27)-(170, 67)",b'&operator[](std::size_t i) const override'
sql,../repos/mysql-server/sql/gis/geometries_cs.h,"(213, 20)-(213, 54)",b'&operator[](std::size_t i) override'
sql,../repos/mysql-server/sql/gis/geometries_cs.h,"(216, 26)-(216, 66)",b'&operator[](std::size_t i) const override'
sql,../repos/mysql-server/sql/gis/geometries_cs.h,"(259, 21)-(259, 55)",b'&operator[](std::size_t i) override'
sql,../repos/mysql-server/sql/gis/geometries_cs.h,"(262, 27)-(262, 67)",b'&operator[](std::size_t i) const override'
sql,../repos/mysql-server/sql/gis/geometries_cs.h,"(427, 13)-(427, 47)",b'&operator[](std::size_t i) override'
sql,../repos/mysql-server/sql/gis/geometries_cs.h,"(428, 19)-(428, 59)",b'&operator[](std::size_t i) const override'
sql,../repos/mysql-server/sql/gis/geometries_cs.h,"(490, 13)-(490, 47)",b'&operator[](std::size_t i) override'
sql,../repos/mysql-server/sql/gis/geometries_cs.h,"(491, 19)-(491, 59)",b'&operator[](std::size_t i) const override'
sql,../repos/mysql-server/sql/gis/geometries_cs.h,"(541, 20)-(541, 54)",b'&operator[](std::size_t i) override'
sql,../repos/mysql-server/sql/gis/geometries_cs.h,"(542, 26)-(542, 66)",b'&operator[](std::size_t i) const override'
sql,../repos/mysql-server/sql/gis/geometries_cs.h,"(591, 21)-(591, 55)",b'&operator[](std::size_t i) override'
sql,../repos/mysql-server/sql/gis/geometries_cs.h,"(592, 27)-(592, 67)",b'&operator[](std::size_t i) const override'
sql,../repos/mysql-server/sql/gis/geometries_cs.h,"(648, 25)-(648, 59)",b'&operator[](std::size_t i) override'
sql,../repos/mysql-server/sql/gis/geometries_cs.h,"(651, 19)-(651, 59)",b'&operator[](std::size_t i) const override'
sql,../repos/mysql-server/sql/gis/geometries_cs.h,"(707, 26)-(707, 60)",b'&operator[](std::size_t i) override'
sql,../repos/mysql-server/sql/gis/geometries_cs.h,"(710, 19)-(710, 59)",b'&operator[](std::size_t i) const override'
sql,../repos/mysql-server/sql/gis/geometries_cs.h,"(761, 22)-(761, 56)",b'&operator[](std::size_t i) override'
sql,../repos/mysql-server/sql/gis/geometries_cs.h,"(764, 19)-(764, 59)",b'&operator[](std::size_t i) const override'
sql,../repos/mysql-server/sql/gis/geometries_cs.h,"(817, 23)-(817, 57)",b'&operator[](std::size_t i) override'
sql,../repos/mysql-server/sql/gis/geometries_cs.h,"(820, 19)-(820, 59)",b'&operator[](std::size_t i) const override'
sql,../repos/mysql-server/sql/gis/hausdorff_distance_functor.h,"(58, 10)-(58, 75)","b'double operator()(const Geometry *g1, const G...'"
sql,../repos/mysql-server/sql/gis/frechet_distance_functor.h,"(58, 10)-(58, 75)","b'double operator()(const Geometry *g1, const G...'"
sql,../repos/mysql-server/sql/gis/touches_functor.h,"(71, 8)-(71, 73)","b'bool operator()(const Geometry *g1, const Geo...'"
sql,../repos/mysql-server/sql/gis/touches_functor.h,"(72, 8)-(72, 54)","b'bool operator()(const Box *b1, const Box *b2)...'"
sql,../repos/mysql-server/sql/gis/area_functor.h,"(58, 10)-(58, 54)",b'double operator()(const Geometry &g) const ov...'
sql,../repos/mysql-server/sql/gis/st_units_of_measure.h,"(42, 8)-(42, 46)",b'bool operator==(const gis::Unit &rhs) const {...'
sql,../repos/mysql-server/sql/gis/disjoint_functor.h,"(65, 8)-(65, 73)","b'bool operator()(const Geometry *g1, const Geo...'"
sql,../repos/mysql-server/sql/gis/disjoint_functor.h,"(66, 8)-(66, 54)","b'bool operator()(const Box *b1, const Box *b2)...'"
sql,../repos/mysql-server/sql/gis/is_simple_functor.h,"(58, 8)-(58, 52)",b'bool operator()(const Geometry &g) const override;'
sql,../repos/mysql-server/sql/gis/difference_functor.h,"(66, 29)-(67, 74)",b'std::unique_ptr<Geometry> operator()(const Ge...'
sql,../repos/mysql-server/sql/gis/intersection_functor.h,"(66, 29)-(67, 74)",b'std::unique_ptr<Geometry> operator()(const Ge...'
sql,../repos/mysql-server/sql/gis/distance_sphere_functor.h,"(54, 10)-(54, 75)","b'double operator()(const Geometry *g1, const G...'"
sql,../repos/mysql-server/sql/gis/intersects_functor.h,"(69, 8)-(69, 73)","b'bool operator()(const Geometry *g1, const Geo...'"
sql,../repos/mysql-server/sql/gis/intersects_functor.h,"(70, 8)-(70, 54)","b'bool operator()(const Box *b1, const Box *b2)...'"
sql,../repos/mysql-server/sql/gis/within_functor.h,"(68, 8)-(68, 73)","b'bool operator()(const Geometry *g1, const Geo...'"
sql,../repos/mysql-server/sql/gis/within_functor.h,"(69, 8)-(69, 54)","b'bool operator()(const Box *b1, const Box *b2)...'"
sql,../repos/mysql-server/sql/gis/line_interpolate_functor.h,"(68, 29)-(68, 73)",b'std::unique_ptr<Geometry> operator()(const Ge...'
sql,../repos/mysql-server/sql/gis/length_functor.h,"(56, 10)-(56, 55)",b'double operator()(const Geometry &g1) const o...'
sql,../repos/mysql-server/sql/gis/is_valid_functor.h,"(39, 8)-(39, 52)",b'bool operator()(const Geometry &g) const override;'
sql,../repos/mysql-server/sql/gis/buffer_functor.h,"(72, 29)-(72, 73)",b'std::unique_ptr<Geometry> operator()(const Ge...'
sql,../repos/mysql-server/sql/gis/simplify_functor.h,"(55, 29)-(55, 73)",b'std::unique_ptr<Geometry> operator()(const Ge...'
sql,../repos/mysql-server/sql/gis/functor.h,"(166, 13)-(166, 69)","b'virtual T operator()(const Geometry *g1, cons...'"
sql,../repos/mysql-server/sql/gis/functor.h,"(616, 13)-(616, 47)",b'virtual T operator()(const Geometry &) const = 0;'
sql,../repos/mysql-server/sql/gis/covered_by_functor.h,"(64, 8)-(64, 73)","b'bool operator()(const Geometry *g1, const Geo...'"
sql,../repos/mysql-server/sql/gis/covered_by_functor.h,"(65, 8)-(65, 54)","b'bool operator()(const Box *b1, const Box *b2)...'"
sql,../repos/mysql-server/sql/gis/symdifference_functor.h,"(71, 29)-(72, 74)",b'std::unique_ptr<Geometry> operator()(const Ge...'
sql,../repos/mysql-server/sql/gis/geometries.h,"(104, 13)-(104, 40)",b'&operator=(const Geometry &)'
sql,../repos/mysql-server/sql/gis/geometries.h,"(234, 13)-(234, 58)","b'inline bool operator<(const Point &lhs, const...'"
sql,../repos/mysql-server/sql/gis/geometries.h,"(308, 18)-(308, 43)",b'&operator[](std::size_t i)'
sql,../repos/mysql-server/sql/gis/geometries.h,"(309, 24)-(309, 55)",b'&operator[](std::size_t i) const'
sql,../repos/mysql-server/sql/gis/geometries.h,"(462, 21)-(462, 46)",b'&operator[](std::size_t i)'
sql,../repos/mysql-server/sql/gis/geometries.h,"(463, 27)-(463, 58)",b'&operator[](std::size_t i) const'
sql,../repos/mysql-server/sql/gis/crosses_functor.h,"(70, 8)-(70, 73)","b'bool operator()(const Geometry *g1, const Geo...'"
sql,../repos/mysql-server/sql/gis/transform_functor.h,"(88, 29)-(88, 73)",b'std::unique_ptr<Geometry> operator()(const Ge...'
sql,../repos/mysql-server/sql/gis/union_functor.h,"(66, 29)-(67, 74)",b'std::unique_ptr<Geometry> operator()(const Ge...'
sql,../repos/mysql-server/sql/gis/distance_functor.h,"(61, 10)-(61, 75)","b'double operator()(const Geometry *g1, const G...'"
sql,../repos/mysql-server/sql/gis/equals_functor.h,"(68, 8)-(68, 73)","b'bool operator()(const Geometry *g1, const Geo...'"
sql,../repos/mysql-server/sql/gis/equals_functor.h,"(69, 8)-(69, 54)","b'bool operator()(const Box *b1, const Box *b2)...'"
sql,../repos/mysql-server/sql/gis/box.h,"(45, 8)-(45, 30)",b'&operator=(const Box &)'
sql,../repos/mysql-server/sql/gis/box.h,"(46, 8)-(46, 25)",b'&operator=(Box &&)'
sql,../repos/mysql-server/sql/xa.h,"(224, 10)-(224, 78)",b'&operator=(mysql::binlog::event::XA_prepare_e...'
sql,../repos/mysql-server/sql/xa.h,"(232, 8)-(232, 49)",b'bool operator==(struct xid_t const &rhs) const;'
sql,../repos/mysql-server/sql/xa.h,"(240, 8)-(240, 49)",b'bool operator!=(struct xid_t const &rhs) const;'
sql,../repos/mysql-server/sql/xa.h,"(258, 8)-(258, 48)",b'bool operator<(struct xid_t const &rhs) const;'
sql,../repos/mysql-server/sql/xa.h,"(268, 24)-(268, 77)","b'&operator<<(std::ostream &out, struct xid_t c...'"
sql,../repos/mysql-server/sql/rpl_applier_reader.h,"(57, 23)-(57, 60)",b'&operator=(const Rpl_applier_reader &)'
sql,../repos/mysql-server/sql/event_scheduler.cc,"(810, 8)-(810, 37)",b'void operator()(THD *thd) override {\n    if (...'
sql,../repos/mysql-server/sql/sql_cmd.h,"(85, 8)-(85, 28)",b'void operator=(Sql_cmd &);'
sql,../repos/mysql-server/sql/sql_lex.h,"(455, 20)-(455, 54)",b'&operator=(const LEX_MASTER_INFO &)'
sql,../repos/mysql-server/sql/sql_lex.h,"(2567, 22)-(2567, 53)",b'&operator=(Query_tables_list &&)'
sql,../repos/mysql-server/sql/sql_lex.h,"(4819, 16)-(4819, 50)",b'*operator new(size_t size) noexcept'
sql,../repos/mysql-server/sql/sql_lex.h,"(4822, 16)-(4824, 70)","b'*operator new(size_t size, MEM_ROOT *mem_root...'"
sql,../repos/mysql-server/sql/sql_lex.h,"(4827, 15)-(4828, 60)",b'static void operator delete(void *ptr [[maybe...'
sql,../repos/mysql-server/sql/sql_lex.h,"(4831, 15)-(4832, 59)","b'static void operator delete(\n      void *, ME...'"
sql,../repos/mysql-server/sql/sql_const.h,"(295, 18)-(295, 57)","b'inline enum_walk operator|(enum_walk lhs, enu...'"
sql,../repos/mysql-server/sql/sql_const.h,"(299, 13)-(299, 52)","b'inline bool operator&(enum_walk lhs, enum_wal...'"
sql,../repos/mysql-server/sql/filesort_utils.cc,"(80, 8)-(80, 58)","b'bool operator()(const uchar *s1, const uchar ...'"
sql,../repos/mysql-server/sql/filesort_utils.cc,"(91, 8)-(91, 58)","b'bool operator()(const uchar *s1, const uchar ...'"
sql,../repos/mysql-server/sql/filesort_utils.cc,"(105, 8)-(105, 58)","b'bool operator()(const uchar *s1, const uchar ...'"
sql,../repos/mysql-server/sql/filesort_utils.cc,"(120, 8)-(120, 48)","b'bool operator()(const A &a, const B &b) const...'"
sql,../repos/mysql-server/sql/session_tracker.h,"(135, 20)-(135, 54)",b'&operator=(Session_tracker const &)'
sql,../repos/mysql-server/sql/binlog_ostream.h,"(72, 34)-(73, 45)",b'&operator=(\n      const IO_CACHE_binlog_cache...'
sql,../repos/mysql-server/sql/iterators/basic_row_iterators.h,"(582, 13)-(582, 35)",b'&operator[](size_t idx)'
sql,../repos/mysql-server/sql/iterators/hash_join_buffer.h,"(112, 8)-(113, 64)","b'bool operator()(const Key &str1,\n            ...'"
sql,../repos/mysql-server/sql/iterators/hash_join_buffer.h,"(117, 8)-(118, 63)",b'bool operator()(const ImmutableStringWithLeng...'
sql,../repos/mysql-server/sql/iterators/hash_join_buffer.h,"(134, 10)-(134, 53)",b'size_t operator()(hash_join_buffer::Key key) ...'
sql,../repos/mysql-server/sql/iterators/hash_join_buffer.h,"(138, 10)-(138, 57)",b'size_t operator()(ImmutableStringWithLength k...'
sql,../repos/mysql-server/sql/iterators/hash_join_chunk.h,"(74, 18)-(74, 50)",b'&operator=(HashJoinChunk &&other)'
sql,../repos/mysql-server/sql/join_optimizer/secondary_engine_costing_flags.h,"(63, 46)-(64, 79)",b'constexpr inline SecondaryEngineCostingFlags ...'
sql,../repos/mysql-server/sql/join_optimizer/secondary_engine_costing_flags.h,"(68, 46)-(69, 79)",b'constexpr inline SecondaryEngineCostingFlags ...'
sql,../repos/mysql-server/sql/join_optimizer/secondary_engine_costing_flags.h,"(73, 47)-(74, 73)",b'&operator|=(\n    SecondaryEngineCostingFlags ...'
sql,../repos/mysql-server/sql/join_optimizer/secondary_engine_costing_flags.h,"(78, 46)-(79, 79)",b'constexpr inline SecondaryEngineCostingFlags ...'
sql,../repos/mysql-server/sql/join_optimizer/secondary_engine_costing_flags.h,"(83, 46)-(84, 79)",b'constexpr inline SecondaryEngineCostingFlags ...'
sql,../repos/mysql-server/sql/join_optimizer/secondary_engine_costing_flags.h,"(88, 47)-(89, 73)",b'&operator&=(\n    SecondaryEngineCostingFlags ...'
sql,../repos/mysql-server/sql/join_optimizer/secondary_engine_costing_flags.h,"(93, 46)-(94, 44)",b'constexpr inline SecondaryEngineCostingFlags ...'
sql,../repos/mysql-server/sql/join_optimizer/overflow_bitset.h,"(95, 19)-(95, 52)",b'&operator=(const OverflowBitset &)'
sql,../repos/mysql-server/sql/join_optimizer/overflow_bitset.h,"(96, 19)-(96, 47)",b'&operator=(OverflowBitset &&)'
sql,../repos/mysql-server/sql/join_optimizer/overflow_bitset.h,"(100, 26)-(100, 61)",b'&operator=(MutableOverflowBitset &&)'
sql,../repos/mysql-server/sql/join_optimizer/overflow_bitset.h,"(182, 26)-(182, 66)",b'&operator=(const MutableOverflowBitset &)'
sql,../repos/mysql-server/sql/join_optimizer/overflow_bitset.h,"(187, 26)-(187, 66)",b'&operator=(MutableOverflowBitset &&other)'
sql,../repos/mysql-server/sql/join_optimizer/overflow_bitset.h,"(384, 10)-(384, 49)",b'bool operator==(const iterator &other) const ...'
sql,../repos/mysql-server/sql/join_optimizer/overflow_bitset.h,"(388, 10)-(388, 49)",b'bool operator!=(const iterator &other) const ...'
sql,../repos/mysql-server/sql/join_optimizer/overflow_bitset.h,"(392, 12)-(392, 29)",b'size_t operator*() const { return FindLowestB...'
sql,../repos/mysql-server/sql/join_optimizer/overflow_bitset.h,"(393, 15)-(393, 27)",b'&operator++()'
sql,../repos/mysql-server/sql/join_optimizer/overflow_bitset.h,"(462, 12)-(462, 40)",b'uint64_t operator()(uint64_t x) const { retur...'
sql,../repos/mysql-server/sql/join_optimizer/overflow_bitset.h,"(469, 12)-(469, 52)","b'uint64_t operator()(uint64_t x, uint64_t y) c...'"
sql,../repos/mysql-server/sql/join_optimizer/relational_expression.h,"(85, 17)-(85, 48)",b'&operator=(const CompanionSet &)'
sql,../repos/mysql-server/sql/join_optimizer/relational_expression.h,"(288, 27)-(288, 68)",b'&operator=(const CompanionSetCollection &)'
sql,../repos/mysql-server/sql/join_optimizer/join_optimizer.cc,"(225, 20)-(225, 54)",b'&operator=(const CostingReceiver &)'
sql,../repos/mysql-server/sql/join_optimizer/join_optimizer.cc,"(226, 20)-(226, 49)",b'&operator=(CostingReceiver &&)'
sql,../repos/mysql-server/sql/join_optimizer/bit_utils.h,"(43, 10)-(43, 49)",b'bool operator==(const iterator &other) const ...'
sql,../repos/mysql-server/sql/join_optimizer/bit_utils.h,"(46, 10)-(46, 49)",b'bool operator!=(const iterator &other) const ...'
sql,../repos/mysql-server/sql/join_optimizer/bit_utils.h,"(49, 12)-(49, 29)",b'size_t operator*() const { return Policy::Nex...'
sql,../repos/mysql-server/sql/join_optimizer/bit_utils.h,"(50, 15)-(50, 27)",b'&operator++()'
sql,../repos/mysql-server/sql/join_optimizer/bit_utils.h,"(147, 10)-(147, 49)",b'bool operator==(const iterator &other) const ...'
sql,../repos/mysql-server/sql/join_optimizer/bit_utils.h,"(151, 10)-(151, 49)",b'bool operator!=(const iterator &other) const ...'
sql,../repos/mysql-server/sql/join_optimizer/bit_utils.h,"(155, 14)-(155, 31)",b'uint64_t operator*() const { return m_state; }'
sql,../repos/mysql-server/sql/join_optimizer/bit_utils.h,"(156, 15)-(156, 27)",b'&operator++()'
sql,../repos/mysql-server/sql/join_optimizer/interesting_orders_defs.h,"(51, 13)-(51, 69)","b'inline bool operator==(const OrderElement &a,...'"
sql,../repos/mysql-server/sql/join_optimizer/graph_simplification.h,"(286, 10)-(286, 74)","b'bool operator()(const NeighborCache *a, const...'"
sql,../repos/mysql-server/sql/join_optimizer/graph_simplification.h,"(291, 10)-(291, 57)","b'void operator()(size_t index, NeighborCache *...'"
sql,../repos/mysql-server/sql/join_optimizer/interesting_orders.cc,"(79, 26)-(79, 66)",b'&operator=(const OrderingElementsGuard &)'
sql,../repos/mysql-server/sql/join_optimizer/interesting_orders.cc,"(130, 10)-(130, 35)",b'size_t operator()(int idx) const {\n    size_t...'
sql,../repos/mysql-server/sql/join_optimizer/interesting_orders.cc,"(143, 8)-(143, 44)","b'bool operator()(int idx1, int idx2) const {\n ...'"
sql,../repos/mysql-server/sql/join_optimizer/interesting_orders.h,"(159, 15)-(159, 63)","b'bool operator==(const Ordering &a, const Orde...'"
sql,../repos/mysql-server/sql/join_optimizer/interesting_orders.h,"(197, 13)-(197, 45)",b'&operator=(const Ordering &other)'
sql,../repos/mysql-server/sql/join_optimizer/interesting_orders.h,"(244, 13)-(244, 61)","b'inline bool operator==(const Ordering &a, con...'"
sql,../repos/mysql-server/sql/join_optimizer/interesting_orders.h,"(252, 13)-(252, 61)","b'inline bool operator!=(const Ordering &a, con...'"
sql,../repos/mysql-server/sql/join_optimizer/interesting_orders.h,"(581, 15)-(581, 63)","b'bool operator==(const NFSMEdge &a, const NFSM...'"
sql,../repos/mysql-server/sql/join_optimizer/interesting_orders.h,"(582, 15)-(582, 63)","b'bool operator!=(const NFSMEdge &a, const NFSM...'"
sql,../repos/mysql-server/sql/join_optimizer/interesting_orders.h,"(854, 13)-(855, 60)",b'inline bool operator==(const LogicalOrderings...'
sql,../repos/mysql-server/sql/join_optimizer/interesting_orders.h,"(859, 13)-(860, 60)",b'inline bool operator!=(const LogicalOrderings...'
sql,../repos/mysql-server/sql/join_optimizer/cost_model.cc,"(303, 26)-(303, 66)",b'&operator=(const AggregateRowEstimator &)'
sql,../repos/mysql-server/sql/rpl_gtid_mode.cc,"(71, 15)-(71, 79)","b'&operator<<(std::ostream &oss, Gtid_mode::val...'"
sql,../repos/mysql-server/sql/rpl_gtid_mode.cc,"(77, 15)-(77, 67)","b'&operator<<(std::ostream &oss, Gtid_mode cons...'"
sql,../repos/mysql-server/sql/transaction_info.h,"(534, 15)-(534, 45)",b'&operator=(const Iterator &rhs)'
sql,../repos/mysql-server/sql/transaction_info.h,"(535, 15)-(535, 27)",b'&operator++()'
sql,../repos/mysql-server/sql/transaction_info.h,"(536, 15)-(536, 32)",b'reference operator*() const;'
sql,../repos/mysql-server/sql/transaction_info.h,"(540, 14)-(540, 29)",b'Iterator operator++(int);'
sql,../repos/mysql-server/sql/transaction_info.h,"(541, 13)-(541, 31)",b'pointer operator->() const;'
sql,../repos/mysql-server/sql/transaction_info.h,"(542, 10)-(542, 47)",b'bool operator==(Iterator const &rhs) const;'
sql,../repos/mysql-server/sql/transaction_info.h,"(543, 10)-(543, 50)",b'bool operator==(Ha_trx_info const *rhs) const;'
sql,../repos/mysql-server/sql/transaction_info.h,"(544, 10)-(544, 50)",b'bool operator==(Ha_trx_info const &rhs) const;'
sql,../repos/mysql-server/sql/transaction_info.h,"(545, 10)-(545, 47)",b'bool operator!=(Iterator const &rhs) const;'
sql,../repos/mysql-server/sql/transaction_info.h,"(546, 10)-(546, 50)",b'bool operator!=(Ha_trx_info const *rhs) const;'
sql,../repos/mysql-server/sql/transaction_info.h,"(547, 10)-(547, 50)",b'bool operator!=(Ha_trx_info const &rhs) const;'
sql,../repos/mysql-server/sql/transaction_info.h,"(600, 21)-(600, 59)",b'&operator=(Ha_trx_info_list const &rhs)'
sql,../repos/mysql-server/sql/transaction_info.h,"(608, 21)-(608, 54)",b'&operator=(Ha_trx_info_list &&rhs)'
sql,../repos/mysql-server/sql/transaction_info.h,"(614, 16)-(614, 27)",b'&operator*()'
sql,../repos/mysql-server/sql/transaction_info.h,"(620, 22)-(620, 39)",b'&operator*() const'
sql,../repos/mysql-server/sql/transaction_info.h,"(626, 16)-(626, 28)",b'*operator->()'
sql,../repos/mysql-server/sql/transaction_info.h,"(632, 22)-(632, 40)",b'*operator->() const'
sql,../repos/mysql-server/sql/transaction_info.h,"(643, 8)-(643, 53)",b'bool operator==(Ha_trx_info_list const &rhs) ...'
sql,../repos/mysql-server/sql/transaction_info.h,"(654, 8)-(654, 48)",b'bool operator==(Ha_trx_info const *rhs) const;'
sql,../repos/mysql-server/sql/transaction_info.h,"(664, 8)-(664, 44)",b'bool operator==(std::nullptr_t rhs) const;'
sql,../repos/mysql-server/sql/transaction_info.h,"(675, 8)-(675, 53)",b'bool operator!=(Ha_trx_info_list const &rhs) ...'
sql,../repos/mysql-server/sql/transaction_info.h,"(686, 8)-(686, 48)",b'bool operator!=(Ha_trx_info const *rhs) const;'
sql,../repos/mysql-server/sql/transaction_info.h,"(696, 8)-(696, 44)",b'bool operator!=(std::nullptr_t rhs) const;'
sql,../repos/mysql-server/sql/rpl_rli_pdb.h,"(141, 20)-(141, 59)",b'&operator=(const Slave_job_group &other)'
sql,../repos/mysql-server/sql/rpl_rli_pdb.h,"(932, 17)-(932, 52)",b'&operator=(const Slave_worker &info)'
sql,../repos/mysql-server/sql/rpl_channel_service_interface.cc,"(649, 8)-(649, 45)",b'void operator()(THD *thd_to_kill) override {\n...'
sql,../repos/mysql-server/sql/filesort_utils.h,"(282, 20)-(282, 57)",b'&operator=(const Filesort_buffer &rhs)'
sql,../repos/mysql-server/sql/filesort_utils.h,"(283, 20)-(283, 52)",b'&operator=(Filesort_buffer &&rhs)'
sql,../repos/mysql-server/sql/item_func.h,"(3739, 8)-(3739, 30)",b'bool operator()(Item *item);'
sql,../repos/mysql-server/sql/event_data_objects.h,"(70, 8)-(70, 49)",b'void operator=(Event_queue_element_for_exec &...'
sql,../repos/mysql-server/sql/event_data_objects.h,"(153, 8)-(153, 32)",b'void operator=(Event_timed &) = delete;'
sql,../repos/mysql-server/sql/event_data_objects.h,"(171, 8)-(171, 35)",b'void operator=(Event_job_data &) = delete;'
sql,../repos/mysql-server/sql/rpl_gtid.h,"(714, 15)-(714, 79)","b'&operator<<(std::ostream &oss, Gtid_mode::val...'"
sql,../repos/mysql-server/sql/rpl_gtid.h,"(723, 15)-(723, 67)","b'&operator<<(std::ostream &oss, Gtid_mode cons...'"
sql,../repos/mysql-server/sql/rpl_gtid.h,"(1298, 24)-(1298, 62)",b'&operator=(const Trx_monitoring_info &)'
sql,../repos/mysql-server/sql/malloc_allocator.h,"(87, 21)-(88, 48)",b'&operator=(const Malloc_allocator<U> &other\n ...'
sql,../repos/mysql-server/sql/malloc_allocator.h,"(136, 6)-(136, 78)",b'bool operator==(const Malloc_allocator<T> &a1...'
sql,../repos/mysql-server/sql/malloc_allocator.h,"(141, 6)-(141, 78)",b'bool operator!=(const Malloc_allocator<T> &a1...'
sql,../repos/mysql-server/sql/mysqld_thd_manager.cc,"(78, 8)-(78, 28)",b'void operator()(THD *thd) { m_impl->operator(...'
sql,../repos/mysql-server/sql/mysqld_thd_manager.cc,"(92, 8)-(92, 28)",b'bool operator()(THD *thd) { return m_impl->op...'
sql,../repos/mysql-server/sql/mysqld_thd_manager.cc,"(386, 8)-(386, 37)",b'void operator()(THD *thd) override { (*m_func...'
sql,../repos/mysql-server/sql/rpl_info_table_access.h,"(67, 26)-(67, 70)",b'&operator=(const Rpl_info_table_access &info)'
sql,../repos/mysql-server/sql/set_var.h,"(602, 8)-(602, 45)",b'void operator=(System_variable_tracker &&);'
sql,../repos/mysql-server/sql/set_var.h,"(636, 8)-(636, 58)",b'bool operator==(const System_variable_tracker...'
sql,../repos/mysql-server/sql/mdl_context_backup.h,"(71, 8)-(71, 53)",b'void operator=(const MDL_context_backup_manag...'
sql,../repos/mysql-server/sql/rpl_injector.h,"(188, 18)-(188, 42)",b'&operator=(transaction t)'
sql,../repos/mysql-server/sql/inplace_vector.h,"(111, 19)-(111, 55)",b'&operator=(const Inplace_vector &rhs)'
sql,../repos/mysql-server/sql/inplace_vector.h,"(246, 18)-(246, 44)",b'&operator[](size_t i) const'
sql,../repos/mysql-server/sql/inplace_vector.h,"(258, 12)-(258, 32)",b'&operator[](size_t i)'
sql,../repos/mysql-server/sql/table_column_iterator.h,"(202, 23)-(202, 63)",b'&operator=(const Table_columns_view &rhs)'
sql,../repos/mysql-server/sql/table_column_iterator.h,"(203, 23)-(203, 58)",b'&operator=(Table_columns_view &&rhs)'
sql,../repos/mysql-server/sql/table_column_iterator.h,"(261, 15)-(261, 45)",b'&operator=(const iterator &rhs)'
sql,../repos/mysql-server/sql/table_column_iterator.h,"(262, 15)-(262, 27)",b'&operator++()'
sql,../repos/mysql-server/sql/table_column_iterator.h,"(263, 15)-(263, 32)",b'reference operator*() const;'
sql,../repos/mysql-server/sql/table_column_iterator.h,"(266, 14)-(266, 29)",b'iterator operator++(int);'
sql,../repos/mysql-server/sql/table_column_iterator.h,"(267, 13)-(267, 31)",b'pointer operator->() const;'
sql,../repos/mysql-server/sql/table_column_iterator.h,"(268, 10)-(268, 40)",b'bool operator==(iterator rhs) const;'
sql,../repos/mysql-server/sql/table_column_iterator.h,"(269, 10)-(269, 40)",b'bool operator!=(iterator rhs) const;'
sql,../repos/mysql-server/sql/table_column_iterator.h,"(281, 15)-(281, 27)",b'&operator--()'
sql,../repos/mysql-server/sql/table_column_iterator.h,"(282, 14)-(282, 29)",b'iterator operator--(int);'
sql,../repos/mysql-server/sql/rpl_context.h,"(80, 26)-(80, 67)",b'&operator=(const Ctx_change_listener &rsc)'
sql,../repos/mysql-server/sql/rpl_context.h,"(222, 34)-(223, 48)",b'&operator=(\n      const Session_consistency_g...'
sql,../repos/mysql-server/sql/rpl_context.h,"(440, 20)-(440, 57)",b'&operator=(const Rpl_thd_context &rsc)'
sql,../repos/mysql-server/sql/rpl_filter.h,"(148, 26)-(148, 66)",b'&operator=(Rpl_filter_statistics const &)'
sql,../repos/mysql-server/sql/rpl_filter.h,"(196, 19)-(196, 52)",b'&operator=(Rpl_pfs_filter const &)'
sql,../repos/mysql-server/sql/rpl_filter.h,"(218, 15)-(218, 44)",b'&operator=(Rpl_filter const &)'
sql,../repos/mysql-server/sql/rpl_filter.h,"(570, 22)-(570, 62)",b'&operator=(const Rpl_global_filter &info)'
