Repo name,File name,Location,Content
sql,../repos/mysql-server/sql/ssl_acceptor_context_iterator.cc,"(31, 1)-(31, 16)",b'using std::min;'
sql,../repos/mysql-server/sql/sql_list.h,"(813, 3)-(813, 30)",b'using base_ilist<T>::clear;'
sql,../repos/mysql-server/sql/sql_list.h,"(814, 3)-(814, 33)",b'using base_ilist<T>::is_empty;'
sql,../repos/mysql-server/sql/sql_list.h,"(815, 3)-(815, 28)",b'using base_ilist<T>::get;'
sql,../repos/mysql-server/sql/sql_list.h,"(816, 3)-(816, 35)",b'using base_ilist<T>::push_front;'
sql,../repos/mysql-server/sql/sql_list.h,"(817, 3)-(817, 34)",b'using base_ilist<T>::push_back;'
sql,../repos/mysql-server/sql/sql_list.h,"(818, 3)-(818, 29)",b'using base_ilist<T>::head;'
sql,../repos/mysql-server/sql/sql_table.cc,"(204, 1)-(204, 44)",b'using mysql::binlog::event::checksum_crc32;'
sql,../repos/mysql-server/sql/sql_table.cc,"(205, 1)-(205, 16)",b'using std::max;'
sql,../repos/mysql-server/sql/sql_table.cc,"(206, 1)-(206, 16)",b'using std::min;'
sql,../repos/mysql-server/sql/sql_table.cc,"(207, 1)-(207, 19)",b'using std::string;'
sql,../repos/mysql-server/sql/sql_table.cc,"(208, 1)-(208, 22)",b'using std::to_string;'
sql,../repos/mysql-server/sql/debug_sync.cc,"(404, 1)-(404, 16)",b'using std::max;'
sql,../repos/mysql-server/sql/debug_sync.cc,"(405, 1)-(405, 16)",b'using std::min;'
sql,../repos/mysql-server/sql/sql_tmp_table.cc,"(93, 1)-(93, 16)",b'using std::max;'
sql,../repos/mysql-server/sql/sql_tmp_table.cc,"(94, 1)-(94, 16)",b'using std::min;'
sql,../repos/mysql-server/sql/rpl_utility.cc,"(80, 1)-(80, 44)",b'using mysql::binlog::event::checksum_crc32;'
sql,../repos/mysql-server/sql/rpl_utility.cc,"(81, 1)-(81, 16)",b'using std::max;'
sql,../repos/mysql-server/sql/rpl_utility.cc,"(82, 1)-(82, 16)",b'using std::min;'
sql,../repos/mysql-server/sql/rpl_utility.cc,"(83, 1)-(83, 23)",b'using std::unique_ptr;'
sql,../repos/mysql-server/sql/rpl_rli.cc,"(86, 1)-(86, 16)",b'using std::max;'
sql,../repos/mysql-server/sql/rpl_rli.cc,"(87, 1)-(87, 16)",b'using std::min;'
sql,../repos/mysql-server/sql/rpl_gtid_misc.cc,"(59, 1)-(59, 25)",b'using mysql::gtid::Tsid;'
sql,../repos/mysql-server/sql/rpl_gtid_misc.cc,"(60, 1)-(60, 35)",b'using mysql::utils::Return_status;'
sql,../repos/mysql-server/sql/field.cc,"(94, 1)-(94, 16)",b'using std::max;'
sql,../repos/mysql-server/sql/field.cc,"(95, 1)-(95, 16)",b'using std::min;'
sql,../repos/mysql-server/sql/sql_admin.h,"(194, 3)-(194, 46)",b'using Sql_cmd_ddl_table::Sql_cmd_ddl_table;'
sql,../repos/mysql-server/sql/sql_admin.h,"(209, 3)-(209, 46)",b'using Sql_cmd_ddl_table::Sql_cmd_ddl_table;'
sql,../repos/mysql-server/sql/sql_admin.h,"(224, 3)-(224, 46)",b'using Sql_cmd_ddl_table::Sql_cmd_ddl_table;'
sql,../repos/mysql-server/sql/sql_binlog.cc,"(52, 1)-(52, 44)",b'using mysql::binlog::event::Log_event_type;'
sql,../repos/mysql-server/sql/filesort.cc,"(115, 1)-(115, 16)",b'using std::max;'
sql,../repos/mysql-server/sql/filesort.cc,"(116, 1)-(116, 16)",b'using std::min;'
sql,../repos/mysql-server/sql/filesort.cc,"(2413, 3)-(2413, 19)",b'using std::swap;'
sql,../repos/mysql-server/sql/immutable_string.h,"(138, 3)-(138, 49)",b'using google::protobuf::io::CodedOutputStream;'
sql,../repos/mysql-server/sql/immutable_string.h,"(228, 3)-(228, 49)",b'using google::protobuf::io::CodedOutputStream;'
sql,../repos/mysql-server/sql/conn_handler/socket_connection.cc,"(89, 1)-(89, 16)",b'using std::max;'
sql,../repos/mysql-server/sql/protocol_callback.h,"(400, 3)-(400, 30)",b'using Protocol::store_long;'
sql,../repos/mysql-server/sql/protocol_callback.h,"(401, 3)-(401, 31)",b'using Protocol::store_short;'
sql,../repos/mysql-server/sql/parse_tree_nodes.h,"(591, 5)-(591, 31)",b'using std::has_single_bit;'
sql,../repos/mysql-server/sql/parse_tree_nodes.h,"(1818, 3)-(1818, 44)",b'using PT_set_operation::PT_set_operation;'
sql,../repos/mysql-server/sql/parse_tree_nodes.h,"(1826, 3)-(1826, 44)",b'using PT_set_operation::PT_set_operation;'
sql,../repos/mysql-server/sql/parse_tree_nodes.h,"(1834, 3)-(1834, 44)",b'using PT_set_operation::PT_set_operation;'
sql,../repos/mysql-server/sql/rpl_gtid_persist.cc,"(65, 1)-(65, 17)",b'using std::list;'
sql,../repos/mysql-server/sql/rpl_gtid_persist.cc,"(66, 1)-(66, 19)",b'using std::string;'
sql,../repos/mysql-server/sql/rpl_binlog_sender.cc,"(73, 1)-(73, 44)",b'using mysql::binlog::event::checksum_crc32;'
sql,../repos/mysql-server/sql/rpl_binlog_sender.cc,"(81, 1)-(81, 46)",b'using mysql::binlog::event::Binary_log_event;'
sql,../repos/mysql-server/sql/rpl_binlog_sender.cc,"(82, 1)-(82, 54)",b'using mysql::binlog::event::enum_binlog_check...'
sql,../repos/mysql-server/sql/rpl_binlog_sender.cc,"(83, 1)-(83, 46)",b'using mysql::binlog::event::Log_event_footer;'
sql,../repos/mysql-server/sql/rpl_binlog_sender.cc,"(84, 1)-(84, 44)",b'using mysql::binlog::event::Log_event_type;'
sql,../repos/mysql-server/sql/handler.cc,"(220, 1)-(220, 17)",b'using std::list;'
sql,../repos/mysql-server/sql/handler.cc,"(221, 1)-(221, 17)",b'using std::log2;'
sql,../repos/mysql-server/sql/handler.cc,"(222, 1)-(222, 16)",b'using std::max;'
sql,../repos/mysql-server/sql/handler.cc,"(223, 1)-(223, 16)",b'using std::min;'
sql,../repos/mysql-server/sql/rpl_gtid_set.cc,"(69, 1)-(69, 17)",b'using std::list;'
sql,../repos/mysql-server/sql/rpl_gtid_set.cc,"(70, 1)-(70, 16)",b'using std::max;'
sql,../repos/mysql-server/sql/rpl_gtid_set.cc,"(71, 1)-(71, 16)",b'using std::min;'
sql,../repos/mysql-server/sql/rpl_gtid_set.cc,"(1321, 1)-(1321, 29)",b'using namespace mysql::gtid;'
sql,../repos/mysql-server/sql/item_timefunc.cc,"(76, 1)-(76, 16)",b'using std::max;'
sql,../repos/mysql-server/sql/item_timefunc.cc,"(77, 1)-(77, 16)",b'using std::min;'
sql,../repos/mysql-server/sql/item.h,"(376, 3)-(376, 27)",b'using Name_string::copy;'
sql,../repos/mysql-server/sql/range_optimizer/rowid_ordered_retrieval.cc,"(464, 5)-(464, 21)",b'using std::swap;'
sql,../repos/mysql-server/sql/range_optimizer/partition_pruning.cc,"(54, 1)-(54, 31)",b'using opt_range::null_element;'
sql,../repos/mysql-server/sql/range_optimizer/rowid_ordered_retrieval_plan.cc,"(59, 1)-(59, 16)",b'using std::max;'
sql,../repos/mysql-server/sql/range_optimizer/rowid_ordered_retrieval_plan.cc,"(60, 1)-(60, 16)",b'using std::min;'
sql,../repos/mysql-server/sql/range_optimizer/index_range_scan_plan.cc,"(56, 1)-(56, 31)",b'using opt_range::null_element;'
sql,../repos/mysql-server/sql/range_optimizer/index_range_scan_plan.cc,"(57, 1)-(57, 16)",b'using std::max;'
sql,../repos/mysql-server/sql/range_optimizer/index_range_scan_plan.cc,"(58, 1)-(58, 16)",b'using std::min;'
sql,../repos/mysql-server/sql/range_optimizer/tree.cc,"(48, 1)-(48, 16)",b'using std::max;'
sql,../repos/mysql-server/sql/range_optimizer/tree.cc,"(49, 1)-(49, 16)",b'using std::min;'
sql,../repos/mysql-server/sql/range_optimizer/tree.cc,"(68, 1)-(68, 31)",b'using opt_range::null_element;'
sql,../repos/mysql-server/sql/range_optimizer/group_index_skip_scan_plan.cc,"(72, 1)-(72, 16)",b'using std::max;'
sql,../repos/mysql-server/sql/range_optimizer/group_index_skip_scan_plan.cc,"(73, 1)-(73, 16)",b'using std::min;'
sql,../repos/mysql-server/sql/range_optimizer/range_optimizer.cc,"(144, 1)-(144, 16)",b'using std::min;'
sql,../repos/mysql-server/sql/range_optimizer/range_optimizer.cc,"(158, 1)-(158, 27)",b'using namespace opt_range;'
sql,../repos/mysql-server/sql/range_optimizer/index_skip_scan_plan.cc,"(67, 1)-(67, 16)",b'using std::max;'
sql,../repos/mysql-server/sql/range_optimizer/index_skip_scan_plan.cc,"(68, 1)-(68, 16)",b'using std::min;'
sql,../repos/mysql-server/sql/sql_client.cc,"(31, 1)-(31, 16)",b'using std::max;'
sql,../repos/mysql-server/sql/sql_client.cc,"(32, 1)-(32, 16)",b'using std::min;'
sql,../repos/mysql-server/sql/sql_prepare.cc,"(189, 1)-(189, 16)",b'using std::max;'
sql,../repos/mysql-server/sql/sql_prepare.cc,"(190, 1)-(190, 16)",b'using std::min;'
sql,../repos/mysql-server/sql/time_zone_common.cc,"(83, 1)-(83, 16)",b'using std::min;'
sql,../repos/mysql-server/sql/item_strfunc.cc,"(134, 1)-(134, 16)",b'using std::max;'
sql,../repos/mysql-server/sql/item_strfunc.cc,"(135, 1)-(135, 16)",b'using std::min;'
sql,../repos/mysql-server/sql/item_strfunc.cc,"(136, 1)-(136, 19)",b'using std::string;'
sql,../repos/mysql-server/sql/item_strfunc.cc,"(137, 1)-(137, 19)",b'using std::vector;'
sql,../repos/mysql-server/sql/sql_thd_api.cc,"(72, 1)-(72, 16)",b'using std::min;'
sql,../repos/mysql-server/sql/item_buff.cc,"(47, 1)-(47, 16)",b'using std::max;'
sql,../repos/mysql-server/sql/item_buff.cc,"(48, 1)-(48, 16)",b'using std::min;'
sql,../repos/mysql-server/sql/item_gtid_func.cc,"(33, 1)-(33, 16)",b'using std::max;'
sql,../repos/mysql-server/sql/sql_union.cc,"(100, 1)-(100, 19)",b'using std::vector;'
sql,../repos/mysql-server/sql/field.h,"(1928, 3)-(1928, 30)",b'using Field::make_sort_key;'
sql,../repos/mysql-server/sql/field.h,"(2107, 3)-(2107, 35)",b'using Field_real::make_sort_key;'
sql,../repos/mysql-server/sql/field.h,"(2177, 3)-(2177, 34)",b'using Field_num::make_sort_key;'
sql,../repos/mysql-server/sql/field.h,"(2223, 3)-(2223, 34)",b'using Field_num::make_sort_key;'
sql,../repos/mysql-server/sql/field.h,"(2276, 3)-(2276, 34)",b'using Field_num::make_sort_key;'
sql,../repos/mysql-server/sql/field.h,"(2325, 3)-(2325, 34)",b'using Field_num::make_sort_key;'
sql,../repos/mysql-server/sql/field.h,"(2367, 3)-(2367, 34)",b'using Field_num::make_sort_key;'
sql,../repos/mysql-server/sql/field.h,"(2419, 3)-(2419, 34)",b'using Field_num::make_sort_key;'
sql,../repos/mysql-server/sql/field.h,"(2466, 3)-(2466, 35)",b'using Field_real::make_sort_key;'
sql,../repos/mysql-server/sql/field.h,"(2522, 3)-(2522, 35)",b'using Field_real::make_sort_key;'
sql,../repos/mysql-server/sql/field.h,"(2570, 3)-(2570, 34)",b'using Field_str::make_sort_key;'
sql,../repos/mysql-server/sql/field.h,"(2833, 3)-(2833, 36)",b'using Field_temporal::date_flags;'
sql,../repos/mysql-server/sql/field.h,"(2948, 3)-(2948, 58)",b'using Field_temporal_with_date_and_time::make...'
sql,../repos/mysql-server/sql/field.h,"(2986, 3)-(2986, 58)",b'using Field_temporal_with_date_and_time::make...'
sql,../repos/mysql-server/sql/field.h,"(3150, 3)-(3150, 49)",b'using Field_temporal_with_date::make_sort_key;'
sql,../repos/mysql-server/sql/field.h,"(3193, 3)-(3193, 36)",b'using Field_temporal::date_flags;'
sql,../repos/mysql-server/sql/field.h,"(3240, 3)-(3240, 42)",b'using Field_time_common::make_sort_key;'
sql,../repos/mysql-server/sql/field.h,"(3314, 3)-(3314, 42)",b'using Field_time_common::make_sort_key;'
sql,../repos/mysql-server/sql/field.h,"(3360, 3)-(3360, 50)",b'using Field_temporal_with_date_and_time::store;'
sql,../repos/mysql-server/sql/field.h,"(3366, 3)-(3366, 58)",b'using Field_temporal_with_date_and_time::make...'
sql,../repos/mysql-server/sql/field.h,"(3474, 3)-(3474, 30)",b'using Field_longstr::store;'
sql,../repos/mysql-server/sql/field.h,"(3542, 3)-(3542, 30)",b'using Field_longstr::store;'
sql,../repos/mysql-server/sql/field.h,"(3960, 3)-(3960, 27)",b'using Field_blob::store;'
sql,../repos/mysql-server/sql/field.h,"(4116, 3)-(4116, 35)",b'using Field_blob::make_sort_key;'
sql,../repos/mysql-server/sql/field.h,"(4298, 3)-(4298, 35)",b'using Field_json::make_sort_key;'
sql,../repos/mysql-server/sql/field.h,"(4376, 3)-(4376, 34)",b'using Field_str::make_sort_key;'
sql,../repos/mysql-server/sql/field.h,"(4512, 3)-(4512, 30)",b'using Field::make_sort_key;'
sql,../repos/mysql-server/sql/field.h,"(4577, 3)-(4577, 26)",b'using Field_bit::store;'
sql,../repos/mysql-server/sql/opt_explain.cc,"(107, 1)-(107, 21)",b'using std::function;'
sql,../repos/mysql-server/sql/opt_explain.cc,"(108, 1)-(108, 19)",b'using std::string;'
sql,../repos/mysql-server/sql/opt_explain.cc,"(109, 1)-(109, 19)",b'using std::vector;'
sql,../repos/mysql-server/sql/partition_info.cc,"(73, 1)-(73, 19)",b'using std::string;'
sql,../repos/mysql-server/sql/sql_call.cc,"(56, 1)-(56, 16)",b'using std::max;'
sql,../repos/mysql-server/sql/server_component/server_component.cc,"(425, 1)-(425, 70)",b'using namespace keyring_lockable::keyring_com...'
sql,../repos/mysql-server/sql/server_component/log_builtins.cc,"(73, 1)-(73, 19)",b'using std::string;'
sql,../repos/mysql-server/sql/server_component/log_builtins.cc,"(74, 1)-(74, 23)",b'using std::unique_ptr;'
sql,../repos/mysql-server/sql/sql_partition_admin.h,"(40, 3)-(40, 64)",b'using Sql_cmd_common_alter_table::Sql_cmd_com...'
sql,../repos/mysql-server/sql/sql_partition_admin.h,"(76, 3)-(76, 50)",b'using Sql_cmd_check_table::Sql_cmd_check_table;'
sql,../repos/mysql-server/sql/sql_partition_admin.h,"(92, 3)-(92, 56)",b'using Sql_cmd_optimize_table::Sql_cmd_optimiz...'
sql,../repos/mysql-server/sql/sql_partition_admin.h,"(107, 3)-(107, 52)",b'using Sql_cmd_repair_table::Sql_cmd_repair_table;'
sql,../repos/mysql-server/sql/sql_partition_admin.h,"(122, 3)-(122, 46)",b'using Sql_cmd_ddl_table::Sql_cmd_ddl_table;'
sql,../repos/mysql-server/sql/sql_select.cc,"(131, 1)-(131, 16)",b'using std::max;'
sql,../repos/mysql-server/sql/sql_select.cc,"(132, 1)-(132, 16)",b'using std::min;'
sql,../repos/mysql-server/sql/sql_select.cc,"(133, 1)-(133, 31)",b'using namespace std::literals;'
sql,../repos/mysql-server/sql/sql_profile.cc,"(68, 1)-(68, 16)",b'using std::max;'
sql,../repos/mysql-server/sql/sql_profile.cc,"(69, 1)-(69, 16)",b'using std::min;'
sql,../repos/mysql-server/sql/hostname_cache.cc,"(85, 1)-(85, 17)",b'using std::list;'
sql,../repos/mysql-server/sql/hostname_cache.cc,"(86, 1)-(86, 19)",b'using std::string;'
sql,../repos/mysql-server/sql/hostname_cache.cc,"(87, 1)-(87, 23)",b'using std::unique_ptr;'
sql,../repos/mysql-server/sql/hostname_cache.cc,"(88, 1)-(88, 26)",b'using std::unordered_map;'
sql,../repos/mysql-server/sql/log.cc,"(114, 1)-(114, 16)",b'using std::max;'
sql,../repos/mysql-server/sql/log.cc,"(115, 1)-(115, 16)",b'using std::min;'
sql,../repos/mysql-server/sql/dd/impl/system_views/table_constraints_extensions.h,"(42, 3)-(42, 43)",b'using System_view_impl::view_definition;'
sql,../repos/mysql-server/sql/dd/impl/system_views/columns_extensions.h,"(42, 3)-(42, 43)",b'using System_view_impl::view_definition;'
sql,../repos/mysql-server/sql/dd/impl/system_views/tablespaces_extensions.h,"(42, 3)-(42, 43)",b'using System_view_impl::view_definition;'
sql,../repos/mysql-server/sql/dd/impl/system_views/tables_extensions.h,"(42, 3)-(42, 43)",b'using System_view_impl::view_definition;'
sql,../repos/mysql-server/sql/dd/impl/bootstrap/bootstrapper.cc,"(77, 1)-(77, 20)",b'using namespace dd;'
sql,../repos/mysql-server/sql/dd/impl/bootstrap/bootstrapper.cc,"(1811, 7)-(1811, 39)",b'using dd::tables::DD_properties;'
sql,../repos/mysql-server/sql/dd/impl/sdi_tablespace.cc,"(54, 1)-(54, 31)",b'using namespace dd::sdi_utils;'
sql,../repos/mysql-server/sql/dd/impl/types/view_table_impl.cc,"(42, 1)-(42, 36)",b'using dd::tables::View_table_usage;'
sql,../repos/mysql-server/sql/dd/impl/types/partition_index_impl.cc,"(54, 1)-(54, 36)",b'using dd::tables::Index_partitions;'
sql,../repos/mysql-server/sql/dd/impl/types/column_type_element_impl.cc,"(57, 1)-(57, 40)",b'using dd::tables::Column_type_elements;'
sql,../repos/mysql-server/sql/dd/impl/types/index_stat_impl.cc,"(39, 1)-(39, 31)",b'using dd::tables::Index_stats;'
sql,../repos/mysql-server/sql/dd/impl/types/spatial_reference_system_impl.cc,"(48, 1)-(48, 45)",b'using dd::tables::Spatial_reference_systems;'
sql,../repos/mysql-server/sql/dd/impl/types/table_impl.cc,"(73, 1)-(73, 37)",b'using dd::tables::Check_constraints;'
sql,../repos/mysql-server/sql/dd/impl/types/table_impl.cc,"(74, 1)-(74, 32)",b'using dd::tables::Foreign_keys;'
sql,../repos/mysql-server/sql/dd/impl/types/table_impl.cc,"(75, 1)-(75, 27)",b'using dd::tables::Indexes;'
sql,../repos/mysql-server/sql/dd/impl/types/table_impl.cc,"(76, 1)-(76, 36)",b'using dd::tables::Table_partitions;'
sql,../repos/mysql-server/sql/dd/impl/types/table_impl.cc,"(77, 1)-(77, 26)",b'using dd::tables::Tables;'
sql,../repos/mysql-server/sql/dd/impl/types/table_impl.cc,"(78, 1)-(78, 28)",b'using dd::tables::Triggers;'
sql,../repos/mysql-server/sql/dd/impl/types/resource_group_impl.cc,"(33, 1)-(33, 35)",b'using dd::tables::Resource_groups;'
sql,../repos/mysql-server/sql/dd/impl/types/collation_impl.cc,"(34, 1)-(34, 30)",b'using dd::tables::Collations;'
sql,../repos/mysql-server/sql/dd/impl/types/foreign_key_element_impl.cc,"(53, 1)-(53, 44)",b'using dd::tables::Foreign_key_column_usage;'
sql,../repos/mysql-server/sql/dd/impl/types/abstract_table_impl.cc,"(57, 1)-(57, 27)",b'using dd::tables::Columns;'
sql,../repos/mysql-server/sql/dd/impl/types/abstract_table_impl.cc,"(58, 1)-(58, 26)",b'using dd::tables::Tables;'
sql,../repos/mysql-server/sql/dd/impl/types/column_impl.cc,"(56, 1)-(56, 40)",b'using dd::tables::Column_type_elements;'
sql,../repos/mysql-server/sql/dd/impl/types/column_impl.cc,"(57, 1)-(57, 27)",b'using dd::tables::Columns;'
sql,../repos/mysql-server/sql/dd/impl/types/index_element_impl.cc,"(56, 1)-(56, 38)",b'using dd::tables::Index_column_usage;'
sql,../repos/mysql-server/sql/dd/impl/types/view_routine_impl.cc,"(42, 1)-(42, 38)",b'using dd::tables::View_routine_usage;'
sql,../repos/mysql-server/sql/dd/impl/types/view_impl.cc,"(49, 1)-(49, 26)",b'using dd::tables::Tables;'
sql,../repos/mysql-server/sql/dd/impl/types/view_impl.cc,"(50, 1)-(50, 38)",b'using dd::tables::View_routine_usage;'
sql,../repos/mysql-server/sql/dd/impl/types/view_impl.cc,"(51, 1)-(51, 36)",b'using dd::tables::View_table_usage;'
sql,../repos/mysql-server/sql/dd/impl/types/partition_value_impl.cc,"(54, 1)-(54, 42)",b'using dd::tables::Table_partition_values;'
sql,../repos/mysql-server/sql/dd/impl/types/check_constraint_impl.cc,"(38, 1)-(38, 37)",b'using dd::tables::Check_constraints;'
sql,../repos/mysql-server/sql/dd/impl/types/event_impl.cc,"(42, 1)-(42, 26)",b'using dd::tables::Events;'
sql,../repos/mysql-server/sql/dd/impl/types/schema_impl.cc,"(69, 1)-(69, 28)",b'using dd::tables::Schemata;'
sql,../repos/mysql-server/sql/dd/impl/types/schema_impl.cc,"(70, 1)-(70, 26)",b'using dd::tables::Tables;'
sql,../repos/mysql-server/sql/dd/impl/types/tablespace_file_impl.cc,"(51, 1)-(51, 36)",b'using dd::tables::Tablespace_files;'
sql,../repos/mysql-server/sql/dd/impl/types/function_impl.cc,"(38, 1)-(38, 28)",b'using dd::tables::Routines;'
sql,../repos/mysql-server/sql/dd/impl/types/charset_impl.cc,"(33, 1)-(33, 34)",b'using dd::tables::Character_sets;'
sql,../repos/mysql-server/sql/dd/impl/types/parameter_impl.cc,"(46, 1)-(46, 43)",b'using dd::tables::Parameter_type_elements;'
sql,../repos/mysql-server/sql/dd/impl/types/parameter_impl.cc,"(47, 1)-(47, 30)",b'using dd::tables::Parameters;'
sql,../repos/mysql-server/sql/dd/impl/types/table_stat_impl.cc,"(39, 1)-(39, 31)",b'using dd::tables::Table_stats;'
sql,../repos/mysql-server/sql/dd/impl/types/parameter_type_element_impl.cc,"(48, 1)-(48, 43)",b'using dd::tables::Parameter_type_elements;'
sql,../repos/mysql-server/sql/dd/impl/types/trigger_impl.cc,"(45, 1)-(45, 28)",b'using dd::tables::Triggers;'
sql,../repos/mysql-server/sql/dd/impl/types/procedure_impl.cc,"(34, 1)-(34, 28)",b'using dd::tables::Routines;'
sql,../repos/mysql-server/sql/dd/impl/types/index_impl.cc,"(57, 1)-(57, 38)",b'using dd::tables::Index_column_usage;'
sql,../repos/mysql-server/sql/dd/impl/types/index_impl.cc,"(58, 1)-(58, 27)",b'using dd::tables::Indexes;'
sql,../repos/mysql-server/sql/dd/impl/types/routine_impl.cc,"(48, 1)-(48, 30)",b'using dd::tables::Parameters;'
sql,../repos/mysql-server/sql/dd/impl/types/routine_impl.cc,"(49, 1)-(49, 28)",b'using dd::tables::Routines;'
sql,../repos/mysql-server/sql/dd/impl/types/tablespace_impl.cc,"(76, 1)-(76, 36)",b'using dd::tables::Index_partitions;'
sql,../repos/mysql-server/sql/dd/impl/types/tablespace_impl.cc,"(77, 1)-(77, 27)",b'using dd::tables::Indexes;'
sql,../repos/mysql-server/sql/dd/impl/types/tablespace_impl.cc,"(78, 1)-(78, 28)",b'using dd::tables::Schemata;'
sql,../repos/mysql-server/sql/dd/impl/types/tablespace_impl.cc,"(79, 1)-(79, 36)",b'using dd::tables::Table_partitions;'
sql,../repos/mysql-server/sql/dd/impl/types/tablespace_impl.cc,"(80, 1)-(80, 26)",b'using dd::tables::Tables;'
sql,../repos/mysql-server/sql/dd/impl/types/tablespace_impl.cc,"(81, 1)-(81, 36)",b'using dd::tables::Tablespace_files;'
sql,../repos/mysql-server/sql/dd/impl/types/tablespace_impl.cc,"(82, 1)-(82, 31)",b'using dd::tables::Tablespaces;'
sql,../repos/mysql-server/sql/dd/impl/types/tablespace_impl.cc,"(84, 1)-(84, 37)",b'using dd::sdi_utils::checked_return;'
sql,../repos/mysql-server/sql/dd/impl/types/foreign_key_impl.cc,"(56, 1)-(56, 44)",b'using dd::tables::Foreign_key_column_usage;'
sql,../repos/mysql-server/sql/dd/impl/types/foreign_key_impl.cc,"(57, 1)-(57, 32)",b'using dd::tables::Foreign_keys;'
sql,../repos/mysql-server/sql/dd/impl/types/partition_impl.cc,"(55, 1)-(55, 36)",b'using dd::tables::Index_partitions;'
sql,../repos/mysql-server/sql/dd/impl/types/partition_impl.cc,"(56, 1)-(56, 42)",b'using dd::tables::Table_partition_values;'
sql,../repos/mysql-server/sql/dd/impl/types/partition_impl.cc,"(57, 1)-(57, 36)",b'using dd::tables::Table_partitions;'
sql,../repos/mysql-server/sql/dd/impl/sdi_file.cc,"(73, 1)-(73, 31)",b'using namespace dd::sdi_utils;'
sql,../repos/mysql-server/sql/dd/impl/system_registry.cc,"(102, 1)-(102, 28)",b'using namespace dd::tables;'
sql,../repos/mysql-server/sql/dd/impl/sdi.cc,"(99, 1)-(99, 31)",b'using namespace dd::sdi_utils;'
sql,../repos/mysql-server/sql/dd/dd_table.cc,"(2269, 3)-(2269, 35)",b'using dd::tables::DD_properties;'
sql,../repos/mysql-server/sql/dd/performance_schema/init.cc,"(68, 1)-(68, 20)",b'using namespace dd;'
sql,../repos/mysql-server/sql/sql_cmd_ddl_table.h,"(84, 3)-(84, 46)",b'using Sql_cmd_ddl_table::Sql_cmd_ddl_table;'
sql,../repos/mysql-server/sql/sql_cmd_ddl_table.h,"(96, 3)-(96, 78)",b'using Sql_cmd_create_or_drop_index_base::Sql_...'
sql,../repos/mysql-server/sql/sql_cmd_ddl_table.h,"(114, 3)-(114, 78)",b'using Sql_cmd_create_or_drop_index_base::Sql_...'
sql,../repos/mysql-server/sql/sql_cmd_ddl_table.h,"(141, 3)-(141, 46)",b'using Sql_cmd_ddl_table::Sql_cmd_ddl_table;'
sql,../repos/mysql-server/sql/binlog.cc,"(153, 1)-(153, 54)",b'using mysql::binlog::event::enum_binlog_check...'
sql,../repos/mysql-server/sql/binlog.cc,"(154, 1)-(154, 17)",b'using std::list;'
sql,../repos/mysql-server/sql/binlog.cc,"(155, 1)-(155, 16)",b'using std::max;'
sql,../repos/mysql-server/sql/binlog.cc,"(156, 1)-(156, 16)",b'using std::min;'
sql,../repos/mysql-server/sql/binlog.cc,"(157, 1)-(157, 19)",b'using std::string;'
sql,../repos/mysql-server/sql/binlog.cc,"(1090, 3)-(1090, 37)",b'using binlog_cache_data::finalize;'
sql,../repos/mysql-server/sql/binlog.cc,"(1165, 3)-(1165, 37)",b'using binlog_cache_data::truncate;'
sql,../repos/mysql-server/sql/sql_optimizer.cc,"(118, 1)-(118, 17)",b'using std::ceil;'
sql,../repos/mysql-server/sql/sql_optimizer.cc,"(119, 1)-(119, 16)",b'using std::max;'
sql,../repos/mysql-server/sql/sql_optimizer.cc,"(120, 1)-(120, 16)",b'using std::min;'
sql,../repos/mysql-server/sql/sql_alter.h,"(603, 3)-(603, 46)",b'using Sql_cmd_ddl_table::Sql_cmd_ddl_table;'
sql,../repos/mysql-server/sql/sql_alter.h,"(618, 3)-(618, 64)",b'using Sql_cmd_common_alter_table::Sql_cmd_com...'
sql,../repos/mysql-server/sql/sql_alter.h,"(628, 3)-(628, 64)",b'using Sql_cmd_common_alter_table::Sql_cmd_com...'
sql,../repos/mysql-server/sql/sql_alter.h,"(642, 3)-(642, 64)",b'using Sql_cmd_common_alter_table::Sql_cmd_com...'
sql,../repos/mysql-server/sql/protocol_classic.cc,"(465, 1)-(465, 16)",b'using std::max;'
sql,../repos/mysql-server/sql/protocol_classic.cc,"(466, 1)-(466, 16)",b'using std::min;'
sql,../repos/mysql-server/sql/binlog_reader.cc,"(27, 1)-(27, 54)",b'using mysql::binlog::event::enum_binlog_check...'
sql,../repos/mysql-server/sql/binlog_reader.cc,"(28, 1)-(28, 50)",b'using mysql::binlog::event::Event_decoding_error;'
sql,../repos/mysql-server/sql/binlog_reader.cc,"(29, 1)-(29, 54)",b'using mysql::binlog::event::Format_descriptio...'
sql,../repos/mysql-server/sql/binlog_reader.cc,"(30, 1)-(30, 46)",b'using mysql::binlog::event::Log_event_footer;'
sql,../repos/mysql-server/sql/sql_connect.cc,"(100, 1)-(100, 16)",b'using std::max;'
sql,../repos/mysql-server/sql/sql_connect.cc,"(101, 1)-(101, 16)",b'using std::min;'
sql,../repos/mysql-server/sql/sql_show.cc,"(152, 1)-(152, 16)",b'using std::max;'
sql,../repos/mysql-server/sql/sql_show.cc,"(153, 1)-(153, 16)",b'using std::min;'
sql,../repos/mysql-server/sql/protocol_classic.h,"(256, 3)-(256, 38)",b'using Protocol_text::store_decimal;'
sql,../repos/mysql-server/sql/rpl_rli_pdb.cc,"(86, 1)-(86, 16)",b'using std::max;'
sql,../repos/mysql-server/sql/rpl_rli_pdb.cc,"(87, 1)-(87, 16)",b'using std::min;'
sql,../repos/mysql-server/sql/sql_base.cc,"(162, 1)-(162, 21)",b'using std::equal_to;'
sql,../repos/mysql-server/sql/sql_base.cc,"(163, 1)-(163, 17)",b'using std::hash;'
sql,../repos/mysql-server/sql/sql_base.cc,"(164, 1)-(164, 17)",b'using std::pair;'
sql,../repos/mysql-server/sql/sql_base.cc,"(165, 1)-(165, 19)",b'using std::string;'
sql,../repos/mysql-server/sql/sql_base.cc,"(166, 1)-(166, 23)",b'using std::unique_ptr;'
sql,../repos/mysql-server/sql/sql_base.cc,"(167, 1)-(167, 26)",b'using std::unordered_map;'
sql,../repos/mysql-server/sql/sql_component.cc,"(51, 1)-(51, 33)",b'using manifest::Manifest_reader;'
sql,../repos/mysql-server/sql/sql_plugin.cc,"(310, 1)-(310, 16)",b'using std::max;'
sql,../repos/mysql-server/sql/sql_plugin.cc,"(311, 1)-(311, 16)",b'using std::min;'
sql,../repos/mysql-server/sql/sql_partition.cc,"(110, 1)-(110, 16)",b'using std::max;'
sql,../repos/mysql-server/sql/sql_partition.cc,"(111, 1)-(111, 16)",b'using std::min;'
sql,../repos/mysql-server/sql/opt_explain_json.cc,"(1654, 3)-(1654, 46)",b'using namespace opt_explain_json_namespace;'
sql,../repos/mysql-server/sql/item.cc,"(101, 1)-(101, 16)",b'using std::max;'
sql,../repos/mysql-server/sql/item.cc,"(102, 1)-(102, 16)",b'using std::min;'
sql,../repos/mysql-server/sql/item.cc,"(103, 1)-(103, 19)",b'using std::string;'
sql,../repos/mysql-server/sql/rpl_replica.cc,"(174, 1)-(174, 46)",b'using mysql::binlog::event::Binary_log_event;'
sql,../repos/mysql-server/sql/rpl_replica.cc,"(175, 1)-(175, 44)",b'using mysql::binlog::event::checksum_crc32;'
sql,../repos/mysql-server/sql/rpl_replica.cc,"(176, 1)-(176, 54)",b'using mysql::binlog::event::enum_binlog_check...'
sql,../repos/mysql-server/sql/rpl_replica.cc,"(177, 1)-(177, 46)",b'using mysql::binlog::event::Log_event_footer;'
sql,../repos/mysql-server/sql/rpl_replica.cc,"(178, 1)-(178, 44)",b'using mysql::binlog::event::Log_event_type;'
sql,../repos/mysql-server/sql/rpl_replica.cc,"(179, 1)-(179, 51)",b'using mysql::binlog::event::Log_event_type_helper;'
sql,../repos/mysql-server/sql/rpl_replica.cc,"(180, 1)-(180, 16)",b'using std::max;'
sql,../repos/mysql-server/sql/rpl_replica.cc,"(181, 1)-(181, 16)",b'using std::min;'
sql,../repos/mysql-server/sql/json_schema.h,"(166, 5)-(166, 71)",b'using rapidjson::IRemoteSchemaDocumentProvide...'
sql,../repos/mysql-server/sql/rpl_record.cc,"(56, 1)-(56, 16)",b'using std::max;'
sql,../repos/mysql-server/sql/rpl_record.cc,"(57, 1)-(57, 16)",b'using std::min;'
sql,../repos/mysql-server/sql/set_var.cc,"(82, 1)-(82, 16)",b'using std::min;'
sql,../repos/mysql-server/sql/set_var.cc,"(83, 1)-(83, 19)",b'using std::string;'
sql,../repos/mysql-server/sql/rpl_gtid_specification.cc,"(33, 1)-(33, 24)",b'using mysql::gtid::Tag;'
sql,../repos/mysql-server/sql/rpl_gtid_specification.cc,"(34, 1)-(34, 25)",b'using mysql::gtid::Tsid;'
sql,../repos/mysql-server/sql/rpl_gtid_specification.cc,"(35, 1)-(35, 35)",b'using mysql::utils::Return_status;'
sql,../repos/mysql-server/sql/auth/sql_auth_cache.cc,"(98, 1)-(98, 24)",b'using std::make_unique;'
sql,../repos/mysql-server/sql/auth/sql_auth_cache.cc,"(99, 1)-(99, 16)",b'using std::min;'
sql,../repos/mysql-server/sql/auth/sql_auth_cache.cc,"(100, 1)-(100, 19)",b'using std::string;'
sql,../repos/mysql-server/sql/auth/sql_auth_cache.cc,"(101, 1)-(101, 23)",b'using std::unique_ptr;'
sql,../repos/mysql-server/sql/auth/auth_internal.h,"(268, 5)-(268, 21)",b'using std::hash;'
sql,../repos/mysql-server/sql/auth/auth_internal.h,"(269, 5)-(269, 23)",b'using std::size_t;'
sql,../repos/mysql-server/sql/auth/auth_internal.h,"(270, 5)-(270, 23)",b'using std::string;'
sql,../repos/mysql-server/sql/auth/sha2_password.cc,"(85, 1)-(85, 16)",b'using std::min;'
sql,../repos/mysql-server/sql/migrate_keyring.cc,"(31, 1)-(31, 19)",b'using std::string;'
sql,../repos/mysql-server/sql/item_cmpfunc.cc,"(93, 1)-(93, 16)",b'using std::max;'
sql,../repos/mysql-server/sql/item_cmpfunc.cc,"(94, 1)-(94, 16)",b'using std::min;'
sql,../repos/mysql-server/sql/item_func.cc,"(155, 1)-(155, 16)",b'using std::max;'
sql,../repos/mysql-server/sql/item_func.cc,"(156, 1)-(156, 16)",b'using std::min;'
sql,../repos/mysql-server/sql/item_func.cc,"(4443, 3)-(4443, 23)",b'using std::popcount;'
sql,../repos/mysql-server/sql/item_regexp_func.cc,"(330, 1)-(330, 34)",b'using regexp::icu_version_string;'
sql,../repos/mysql-server/sql/sql_planner.cc,"(82, 1)-(82, 16)",b'using std::max;'
sql,../repos/mysql-server/sql/sql_planner.cc,"(83, 1)-(83, 16)",b'using std::min;'
sql,../repos/mysql-server/sql/sql_planner.cc,"(84, 1)-(84, 21)",b'using std::popcount;'
sql,../repos/mysql-server/sql/mysqld.cc,"(992, 1)-(992, 54)",b'using mysql::binlog::event::enum_binlog_check...'
sql,../repos/mysql-server/sql/mysqld.cc,"(993, 1)-(993, 16)",b'using std::max;'
sql,../repos/mysql-server/sql/mysqld.cc,"(994, 1)-(994, 16)",b'using std::min;'
sql,../repos/mysql-server/sql/mysqld.cc,"(995, 1)-(995, 19)",b'using std::vector;'
sql,../repos/mysql-server/sql/gen_keyword_list.cc,"(45, 1)-(45, 25)",b'using icu::RegexMatcher;'
sql,../repos/mysql-server/sql/gen_keyword_list.cc,"(46, 1)-(46, 26)",b'using icu::UnicodeString;'
sql,../repos/mysql-server/sql/sql_class.cc,"(123, 1)-(123, 16)",b'using std::max;'
sql,../repos/mysql-server/sql/sql_class.cc,"(124, 1)-(124, 16)",b'using std::min;'
sql,../repos/mysql-server/sql/sql_class.cc,"(125, 1)-(125, 23)",b'using std::unique_ptr;'
sql,../repos/mysql-server/sql/persisted_variable.cc,"(97, 1)-(97, 16)",b'using std::map;'
sql,../repos/mysql-server/sql/persisted_variable.cc,"(98, 1)-(98, 19)",b'using std::string;'
sql,../repos/mysql-server/sql/sql_executor.cc,"(115, 1)-(115, 19)",b'using std::any_of;'
sql,../repos/mysql-server/sql/sql_executor.cc,"(116, 1)-(116, 22)",b'using std::make_pair;'
sql,../repos/mysql-server/sql/sql_executor.cc,"(117, 1)-(117, 16)",b'using std::max;'
sql,../repos/mysql-server/sql/sql_executor.cc,"(118, 1)-(118, 16)",b'using std::min;'
sql,../repos/mysql-server/sql/sql_executor.cc,"(119, 1)-(119, 17)",b'using std::pair;'
sql,../repos/mysql-server/sql/sql_executor.cc,"(120, 1)-(120, 19)",b'using std::string;'
sql,../repos/mysql-server/sql/sql_executor.cc,"(121, 1)-(121, 23)",b'using std::unique_ptr;'
sql,../repos/mysql-server/sql/sql_executor.cc,"(122, 1)-(122, 19)",b'using std::vector;'
sql,../repos/mysql-server/sql/binlog_istream.h,"(242, 3)-(242, 48)",b'using Basic_binlog_ifile::Basic_binlog_ifile;'
sql,../repos/mysql-server/sql/binlog_istream.h,"(254, 3)-(254, 48)",b'using Basic_binlog_ifile::Basic_binlog_ifile;'
sql,../repos/mysql-server/sql/sql_parse.cc,"(205, 1)-(205, 16)",b'using std::max;'
sql,../repos/mysql-server/sql/item_sum.cc,"(97, 1)-(97, 16)",b'using std::max;'
sql,../repos/mysql-server/sql/item_sum.cc,"(98, 1)-(98, 16)",b'using std::min;'
sql,../repos/mysql-server/sql/sql_resolver.cc,"(116, 1)-(116, 17)",b'using std::find;'
sql,../repos/mysql-server/sql/sql_resolver.cc,"(117, 1)-(117, 21)",b'using std::function;'
sql,../repos/mysql-server/sql/sql_resolver.cc,"(4853, 7)-(4853, 42)",b'using Item_tree_walker::is_stopped;'
sql,../repos/mysql-server/sql/sql_resolver.cc,"(4854, 7)-(4854, 39)",b'using Item_tree_walker::stop_at;'
sql,../repos/mysql-server/sql/gis/wkb_visitor.h,"(57, 3)-(57, 34)",b'using Nop_visitor::visit_enter;'
sql,../repos/mysql-server/sql/gis/wkb_visitor.h,"(68, 3)-(68, 28)",b'using Nop_visitor::visit;'
sql,../repos/mysql-server/sql/gis/ring_flip_visitor.h,"(80, 3)-(80, 34)",b'using Nop_visitor::visit_enter;'
sql,../repos/mysql-server/sql/gis/coordinate_range_visitor.h,"(79, 3)-(79, 34)",b'using Nop_visitor::visit_enter;'
sql,../repos/mysql-server/sql/gis/coordinate_range_visitor.h,"(87, 3)-(87, 28)",b'using Nop_visitor::visit;'
sql,../repos/mysql-server/sql/gis/wkb_size_visitor.h,"(43, 3)-(43, 34)",b'using Nop_visitor::visit_enter;'
sql,../repos/mysql-server/sql/gis/wkb_size_visitor.h,"(50, 3)-(50, 28)",b'using Nop_visitor::visit;'
sql,../repos/mysql-server/sql/gis/longitude_range_normalizer.h,"(50, 3)-(50, 28)",b'using Nop_visitor::visit;'
sql,../repos/mysql-server/sql/sql_error.cc,"(83, 1)-(83, 16)",b'using std::max;'
sql,../repos/mysql-server/sql/sql_error.cc,"(84, 1)-(84, 16)",b'using std::min;'
sql,../repos/mysql-server/sql/opt_statistics.cc,"(36, 1)-(36, 16)",b'using std::max;'
sql,../repos/mysql-server/sql/filesort_utils.cc,"(41, 1)-(41, 16)",b'using std::max;'
sql,../repos/mysql-server/sql/filesort_utils.cc,"(42, 1)-(42, 16)",b'using std::min;'
sql,../repos/mysql-server/sql/filesort_utils.cc,"(43, 1)-(43, 24)",b'using std::nth_element;'
sql,../repos/mysql-server/sql/filesort_utils.cc,"(44, 1)-(44, 17)",b'using std::sort;'
sql,../repos/mysql-server/sql/filesort_utils.cc,"(45, 1)-(45, 24)",b'using std::stable_sort;'
sql,../repos/mysql-server/sql/filesort_utils.cc,"(46, 1)-(46, 19)",b'using std::unique;'
sql,../repos/mysql-server/sql/filesort_utils.cc,"(47, 1)-(47, 19)",b'using std::vector;'
sql,../repos/mysql-server/sql/iterators/basic_row_iterators.cc,"(54, 1)-(54, 19)",b'using std::string;'
sql,../repos/mysql-server/sql/iterators/basic_row_iterators.cc,"(55, 1)-(55, 19)",b'using std::vector;'
sql,../repos/mysql-server/sql/iterators/hash_join_iterator.cc,"(54, 1)-(54, 55)",b'using hash_join_buffer::LoadBufferRowIntoTabl...'
sql,../repos/mysql-server/sql/iterators/hash_join_iterator.cc,"(55, 1)-(55, 61)",b'using hash_join_buffer::LoadImmutableStringIn...'
sql,../repos/mysql-server/sql/iterators/sorting_iterator.cc,"(65, 1)-(65, 19)",b'using std::string;'
sql,../repos/mysql-server/sql/iterators/sorting_iterator.cc,"(66, 1)-(66, 19)",b'using std::vector;'
sql,../repos/mysql-server/sql/iterators/ref_row_iterators.cc,"(70, 1)-(70, 22)",b'using std::make_pair;'
sql,../repos/mysql-server/sql/iterators/ref_row_iterators.cc,"(71, 1)-(71, 17)",b'using std::pair;'
sql,../repos/mysql-server/sql/iterators/composite_iterators.cc,"(82, 1)-(82, 34)",b'using pack_rows::TableCollection;'
sql,../repos/mysql-server/sql/iterators/composite_iterators.cc,"(83, 1)-(83, 19)",b'using std::any_of;'
sql,../repos/mysql-server/sql/iterators/composite_iterators.cc,"(84, 1)-(84, 19)",b'using std::string;'
sql,../repos/mysql-server/sql/iterators/composite_iterators.cc,"(85, 1)-(85, 19)",b'using std::vector;'
sql,../repos/mysql-server/sql/iterators/hash_join_chunk.cc,"(38, 1)-(38, 34)",b'using pack_rows::TableCollection;'
sql,../repos/mysql-server/sql/iterators/window_iterators.cc,"(59, 1)-(59, 16)",b'using std::min;'
sql,../repos/mysql-server/sql/iterators/hash_join_buffer.cc,"(42, 1)-(42, 34)",b'using pack_rows::TableCollection;'
sql,../repos/mysql-server/sql/iterators/bka_iterator.cc,"(53, 1)-(53, 35)",b'using hash_join_buffer::BufferRow;'
sql,../repos/mysql-server/sql/iterators/bka_iterator.cc,"(54, 1)-(54, 55)",b'using hash_join_buffer::LoadBufferRowIntoTabl...'
sql,../repos/mysql-server/sql/iterators/bka_iterator.cc,"(55, 1)-(55, 34)",b'using pack_rows::TableCollection;'
sql,../repos/mysql-server/sql/iterators/bka_iterator.cc,"(56, 1)-(56, 19)",b'using std::string;'
sql,../repos/mysql-server/sql/iterators/bka_iterator.cc,"(57, 1)-(57, 19)",b'using std::vector;'
sql,../repos/mysql-server/sql/join_optimizer/graph_simplification.cc,"(57, 1)-(57, 29)",b'using hypergraph::Hyperedge;'
sql,../repos/mysql-server/sql/join_optimizer/graph_simplification.cc,"(58, 1)-(58, 30)",b'using hypergraph::Hypergraph;'
sql,../repos/mysql-server/sql/join_optimizer/graph_simplification.cc,"(59, 1)-(59, 27)",b'using hypergraph::NodeMap;'
sql,../repos/mysql-server/sql/join_optimizer/graph_simplification.cc,"(60, 1)-(60, 17)",b'using std::fill;'
sql,../repos/mysql-server/sql/join_optimizer/graph_simplification.cc,"(61, 1)-(61, 27)",b'using std::has_single_bit;'
sql,../repos/mysql-server/sql/join_optimizer/graph_simplification.cc,"(62, 1)-(62, 16)",b'using std::max;'
sql,../repos/mysql-server/sql/join_optimizer/graph_simplification.cc,"(63, 1)-(63, 16)",b'using std::min;'
sql,../repos/mysql-server/sql/join_optimizer/graph_simplification.cc,"(64, 1)-(64, 19)",b'using std::string;'
sql,../repos/mysql-server/sql/join_optimizer/graph_simplification.cc,"(65, 1)-(65, 17)",b'using std::swap;'
sql,../repos/mysql-server/sql/join_optimizer/build_interesting_orders.cc,"(67, 1)-(67, 27)",b'using hypergraph::NodeMap;'
sql,../repos/mysql-server/sql/join_optimizer/build_interesting_orders.cc,"(68, 1)-(68, 27)",b'using std::has_single_bit;'
sql,../repos/mysql-server/sql/join_optimizer/build_interesting_orders.cc,"(69, 1)-(69, 19)",b'using std::string;'
sql,../repos/mysql-server/sql/join_optimizer/build_interesting_orders.cc,"(70, 1)-(70, 17)",b'using std::swap;'
sql,../repos/mysql-server/sql/join_optimizer/join_optimizer.cc,"(126, 1)-(126, 29)",b'using hypergraph::Hyperedge;'
sql,../repos/mysql-server/sql/join_optimizer/join_optimizer.cc,"(127, 1)-(127, 24)",b'using hypergraph::Node;'
sql,../repos/mysql-server/sql/join_optimizer/join_optimizer.cc,"(128, 1)-(128, 27)",b'using hypergraph::NodeMap;'
sql,../repos/mysql-server/sql/join_optimizer/join_optimizer.cc,"(129, 1)-(129, 20)",b'using std::find_if;'
sql,../repos/mysql-server/sql/join_optimizer/join_optimizer.cc,"(130, 1)-(130, 27)",b'using std::has_single_bit;'
sql,../repos/mysql-server/sql/join_optimizer/join_optimizer.cc,"(131, 1)-(131, 16)",b'using std::min;'
sql,../repos/mysql-server/sql/join_optimizer/join_optimizer.cc,"(132, 1)-(132, 17)",b'using std::pair;'
sql,../repos/mysql-server/sql/join_optimizer/join_optimizer.cc,"(133, 1)-(133, 21)",b'using std::popcount;'
sql,../repos/mysql-server/sql/join_optimizer/join_optimizer.cc,"(134, 1)-(134, 19)",b'using std::string;'
sql,../repos/mysql-server/sql/join_optimizer/join_optimizer.cc,"(135, 1)-(135, 17)",b'using std::swap;'
sql,../repos/mysql-server/sql/join_optimizer/explain_access_path.cc,"(91, 1)-(91, 19)",b'using std::string;'
sql,../repos/mysql-server/sql/join_optimizer/explain_access_path.cc,"(92, 1)-(92, 23)",b'using std::unique_ptr;'
sql,../repos/mysql-server/sql/join_optimizer/explain_access_path.cc,"(93, 1)-(93, 19)",b'using std::vector;'
sql,../repos/mysql-server/sql/join_optimizer/interesting_orders.cc,"(45, 1)-(45, 19)",b'using std::all_of;'
sql,../repos/mysql-server/sql/join_optimizer/interesting_orders.cc,"(46, 1)-(46, 21)",b'using std::distance;'
sql,../repos/mysql-server/sql/join_optimizer/interesting_orders.cc,"(47, 1)-(47, 18)",b'using std::equal;'
sql,../repos/mysql-server/sql/join_optimizer/interesting_orders.cc,"(48, 1)-(48, 17)",b'using std::fill;'
sql,../repos/mysql-server/sql/join_optimizer/interesting_orders.cc,"(49, 1)-(49, 24)",b'using std::lower_bound;'
sql,../repos/mysql-server/sql/join_optimizer/interesting_orders.cc,"(50, 1)-(50, 22)",b'using std::make_pair;'
sql,../repos/mysql-server/sql/join_optimizer/interesting_orders.cc,"(51, 1)-(51, 16)",b'using std::max;'
sql,../repos/mysql-server/sql/join_optimizer/interesting_orders.cc,"(52, 1)-(52, 20)",b'using std::none_of;'
sql,../repos/mysql-server/sql/join_optimizer/interesting_orders.cc,"(53, 1)-(53, 17)",b'using std::pair;'
sql,../repos/mysql-server/sql/join_optimizer/interesting_orders.cc,"(54, 1)-(54, 17)",b'using std::sort;'
sql,../repos/mysql-server/sql/join_optimizer/interesting_orders.cc,"(55, 1)-(55, 19)",b'using std::string;'
sql,../repos/mysql-server/sql/join_optimizer/interesting_orders.cc,"(56, 1)-(56, 17)",b'using std::swap;'
sql,../repos/mysql-server/sql/join_optimizer/interesting_orders.cc,"(57, 1)-(57, 19)",b'using std::unique;'
sql,../repos/mysql-server/sql/join_optimizer/interesting_orders.cc,"(58, 1)-(58, 24)",b'using std::upper_bound;'
sql,../repos/mysql-server/sql/join_optimizer/access_path.cc,"(82, 1)-(82, 34)",b'using pack_rows::TableCollection;'
sql,../repos/mysql-server/sql/join_optimizer/access_path.cc,"(83, 1)-(83, 19)",b'using std::all_of;'
sql,../repos/mysql-server/sql/join_optimizer/access_path.cc,"(84, 1)-(84, 19)",b'using std::vector;'
sql,../repos/mysql-server/sql/join_optimizer/print_utils.cc,"(36, 1)-(36, 19)",b'using std::string;'
sql,../repos/mysql-server/sql/join_optimizer/print_utils.cc,"(37, 1)-(37, 19)",b'using std::vector;'
sql,../repos/mysql-server/sql/join_optimizer/cost_model.cc,"(57, 1)-(57, 16)",b'using std::min;'
sql,../repos/mysql-server/sql/join_optimizer/cost_model.cc,"(58, 1)-(58, 21)",b'using std::popcount;'
sql,../repos/mysql-server/sql/join_optimizer/cost_model.cc,"(59, 1)-(59, 19)",b'using std::string;'
sql,../repos/mysql-server/sql/join_optimizer/estimate_selectivity.cc,"(49, 1)-(49, 19)",b'using std::string;'
sql,../repos/mysql-server/sql/join_optimizer/make_join_hypergraph.cc,"(68, 1)-(68, 29)",b'using hypergraph::Hyperedge;'
sql,../repos/mysql-server/sql/join_optimizer/make_join_hypergraph.cc,"(69, 1)-(69, 30)",b'using hypergraph::Hypergraph;'
sql,../repos/mysql-server/sql/join_optimizer/make_join_hypergraph.cc,"(70, 1)-(70, 32)",b'using hypergraph::IsSimpleEdge;'
sql,../repos/mysql-server/sql/join_optimizer/make_join_hypergraph.cc,"(71, 1)-(71, 27)",b'using hypergraph::NodeMap;'
sql,../repos/mysql-server/sql/join_optimizer/make_join_hypergraph.cc,"(72, 1)-(72, 18)",b'using std::array;'
sql,../repos/mysql-server/sql/join_optimizer/make_join_hypergraph.cc,"(73, 1)-(73, 27)",b'using std::has_single_bit;'
sql,../repos/mysql-server/sql/join_optimizer/make_join_hypergraph.cc,"(74, 1)-(74, 16)",b'using std::max;'
sql,../repos/mysql-server/sql/join_optimizer/make_join_hypergraph.cc,"(75, 1)-(75, 16)",b'using std::min;'
sql,../repos/mysql-server/sql/join_optimizer/make_join_hypergraph.cc,"(76, 1)-(76, 21)",b'using std::popcount;'
sql,../repos/mysql-server/sql/join_optimizer/make_join_hypergraph.cc,"(77, 1)-(77, 19)",b'using std::string;'
sql,../repos/mysql-server/sql/join_optimizer/make_join_hypergraph.cc,"(78, 1)-(78, 17)",b'using std::swap;'
sql,../repos/mysql-server/sql/join_optimizer/make_join_hypergraph.cc,"(79, 1)-(79, 19)",b'using std::vector;'
sql,../repos/mysql-server/sql/sql_load.cc,"(111, 1)-(111, 16)",b'using std::max;'
sql,../repos/mysql-server/sql/sql_load.cc,"(112, 1)-(112, 16)",b'using std::min;'
sql,../repos/mysql-server/sql/thr_malloc.cc,"(40, 1)-(40, 16)",b'using std::max;'
sql,../repos/mysql-server/sql/thr_malloc.cc,"(41, 1)-(41, 16)",b'using std::min;'
sql,../repos/mysql-server/sql/log_event.cc,"(196, 1)-(196, 16)",b'using std::max;'
sql,../repos/mysql-server/sql/log_event.cc,"(197, 1)-(197, 16)",b'using std::min;'
sql,../repos/mysql-server/sql/log_event.cc,"(199, 1)-(199, 54)",b'using mysql::binlog::event::enum_binlog_check...'
sql,../repos/mysql-server/sql/log_event.cc,"(200, 1)-(200, 54)",b'using mysql::binlog::event::Format_descriptio...'
sql,../repos/mysql-server/sql/log_event.cc,"(201, 1)-(201, 46)",b'using mysql::binlog::event::Log_event_footer;'
sql,../repos/mysql-server/sql/log_event.cc,"(202, 1)-(202, 46)",b'using mysql::binlog::event::Log_event_header;'
sql,../repos/mysql-server/sql/log_event.cc,"(203, 1)-(203, 44)",b'using mysql::binlog::event::Log_event_type;'
sql,../repos/mysql-server/sql/log_event.cc,"(206, 1)-(206, 44)",b'using mysql::binlog::event::checksum_crc32;'
sql,../repos/mysql-server/sql/query_result.cc,"(63, 1)-(63, 16)",b'using std::min;'
sql,../repos/mysql-server/sql/key.cc,"(46, 1)-(46, 16)",b'using std::max;'
sql,../repos/mysql-server/sql/key.cc,"(47, 1)-(47, 16)",b'using std::min;'
