Repo name,File name,Location,Content
sql,../repos/mysql-server/sql/ssl_acceptor_context_iterator.cc,"(49, 3)-(49, 46)",b'friend class Ssl_acceptor_context_iterator;'
sql,../repos/mysql-server/sql/sql_list.h,"(273, 3)-(273, 35)",b'friend class base_list_iterator;'
sql,../repos/mysql-server/sql/sql_list.h,"(274, 3)-(274, 27)",b'friend class error_list;'
sql,../repos/mysql-server/sql/sql_list.h,"(275, 3)-(275, 36)",b'friend class error_list_iterator;'
sql,../repos/mysql-server/sql/sql_list.h,"(427, 3)-(427, 36)",b'friend class error_list_iterator;'
sql,../repos/mysql-server/sql/sql_list.h,"(692, 3)-(692, 30)",b'friend class base_ilist<T>;'
sql,../repos/mysql-server/sql/sql_list.h,"(693, 3)-(693, 39)",b'friend class base_ilist_iterator<T>;'
sql,../repos/mysql-server/sql/sql_list.h,"(779, 3)-(779, 39)",b'friend class base_ilist_iterator<T>;'
sql,../repos/mysql-server/sql/sql_list.h,"(822, 3)-(822, 35)",b'friend class I_List_iterator<T>;'
sql,../repos/mysql-server/sql/locks/shared_spin_lock.h,"(92, 5)-(92, 35)",b'friend class Shared_spin_lock;'
sql,../repos/mysql-server/sql/locks/shared_spin_lock.h,"(165, 3)-(165, 40)",b'friend class Shared_spin_lock::Guard;'
sql,../repos/mysql-server/sql/changestreams/apply/commit_order_queue.h,"(78, 5)-(78, 37)",b'friend class Commit_order_queue;'
sql,../repos/mysql-server/sql/changestreams/apply/commit_order_queue.h,"(321, 3)-(325, 4)",b'friend inline std::ostream &operator<<(std::o...'
sql,../repos/mysql-server/sql/query_term.h,"(392, 3)-(392, 28)",b'friend class Query_terms;'
sql,../repos/mysql-server/sql/sql_admin.h,"(246, 3)-(246, 28)",b'friend class PT_set_role;'
sql,../repos/mysql-server/sql/sql_admin.h,"(274, 3)-(274, 31)",b'friend class PT_create_role;'
sql,../repos/mysql-server/sql/sql_admin.h,"(294, 3)-(294, 29)",b'friend class PT_drop_role;'
sql,../repos/mysql-server/sql/sql_admin.h,"(354, 3)-(354, 43)",b'friend class PT_alter_user_default_role;'
sql,../repos/mysql-server/sql/sql_admin.h,"(395, 3)-(395, 34)",b'friend class PT_alter_instance;'
sql,../repos/mysql-server/sql/opt_hints.h,"(387, 3)-(387, 33)",b'friend class PT_qb_level_hint;'
sql,../repos/mysql-server/sql/conn_handler/connection_handler.h,"(38, 3)-(38, 43)",b'friend class Connection_handler_manager;'
sql,../repos/mysql-server/sql/parse_tree_nodes.h,"(333, 3)-(333, 65)",b'friend bool Query_expression::clear_correlate...'
sql,../repos/mysql-server/sql/parse_tree_nodes.h,"(414, 3)-(414, 65)",b'friend bool Query_expression::clear_correlate...'
sql,../repos/mysql-server/sql/parse_tree_nodes.h,"(442, 3)-(442, 36)",b'friend class PT_query_expression;'
sql,../repos/mysql-server/sql/parse_tree_nodes.h,"(1353, 3)-(1353, 23)",b'friend class Window;'
sql,../repos/mysql-server/sql/parse_tree_nodes.h,"(1406, 3)-(1406, 25)",b'friend class PT_frame;'
sql,../repos/mysql-server/sql/parse_tree_nodes.h,"(4401, 3)-(4401, 47)",b'friend class PT_alter_table_standalone_stmt;'
sql,../repos/mysql-server/sql/sd_notify.h,"(43, 3)-(43, 32)",b'friend void notify_connect();'
sql,../repos/mysql-server/sql/sd_notify.h,"(44, 3)-(44, 24)",b'friend void notify();'
sql,../repos/mysql-server/sql/sd_notify.h,"(46, 3)-(46, 37)","b'friend void notify(T t, Ts... ts);'"
sql,../repos/mysql-server/sql/spatial.h,"(213, 3)-(213, 79)","b'friend void parse_wkb_data(Geometry *geom, co...'"
sql,../repos/mysql-server/sql/regexp/regexp_engine.h,"(217, 3)-(217, 59)",b'friend class regexp_engine_unittest::Mock_reg...'
sql,../repos/mysql-server/sql/ssl_acceptor_context_operator.h,"(51, 3)-(51, 53)",b'friend class Lock_and_access_ssl_acceptor_context;'
sql,../repos/mysql-server/sql/ssl_acceptor_context_operator.h,"(52, 3)-(52, 28)",b'friend class TLS_channel;'
sql,../repos/mysql-server/sql/error_handler.h,"(90, 3)-(90, 20)",b'friend class THD;'
sql,../repos/mysql-server/sql/parse_file.h,"(102, 3)-(104, 65)",b'friend File_parser *sql_parse_prepare(const L...'
sql,../repos/mysql-server/sql/item_subselect.h,"(356, 3)-(356, 45)",b'friend class Query_result_scalar_subquery;'
sql,../repos/mysql-server/sql/item_subselect.h,"(539, 3)-(539, 45)",b'friend class Query_result_exists_subquery;'
sql,../repos/mysql-server/sql/item_subselect.h,"(652, 3)-(652, 37)",b'friend class Item_ref_null_helper;'
sql,../repos/mysql-server/sql/item_subselect.h,"(653, 3)-(653, 38)",b'friend class Item_is_not_null_test;'
sql,../repos/mysql-server/sql/item_subselect.h,"(654, 3)-(654, 34)",b'friend class Item_in_optimizer;'
sql,../repos/mysql-server/sql/item_subselect.h,"(655, 3)-(655, 47)",b'friend class subselect_indexsubquery_engine;'
sql,../repos/mysql-server/sql/item_subselect.h,"(656, 3)-(656, 41)",b'friend class subselect_hash_sj_engine;'
sql,../repos/mysql-server/sql/rpl_rli.h,"(203, 3)-(203, 33)",b'friend class Rpl_info_factory;'
sql,../repos/mysql-server/sql/aggregate_check.h,"(550, 3)-(550, 62)",b'friend bool Item_sum::aggregate_check_distinc...'
sql,../repos/mysql-server/sql/aggregate_check.h,"(551, 3)-(551, 72)",b'friend bool Item_func_grouping::aggregate_che...'
sql,../repos/mysql-server/sql/aggregate_check.h,"(552, 3)-(552, 64)",b'friend bool Item_ident::aggregate_check_disti...'
sql,../repos/mysql-server/sql/aggregate_check.h,"(553, 3)-(553, 73)",b'friend bool Item_func_any_value::aggregate_ch...'
sql,../repos/mysql-server/sql/aggregate_check.h,"(697, 3)-(697, 61)",b'friend bool Item_ident::aggregate_check_group...'
sql,../repos/mysql-server/sql/aggregate_check.h,"(698, 3)-(698, 59)",b'friend bool Item_sum::aggregate_check_group(u...'
sql,../repos/mysql-server/sql/aggregate_check.h,"(699, 3)-(699, 70)",b'friend bool Item_func_any_value::aggregate_ch...'
sql,../repos/mysql-server/sql/aggregate_check.h,"(700, 3)-(700, 71)",b'friend bool Item_ident::is_strong_side_column...'
sql,../repos/mysql-server/sql/aggregate_check.h,"(701, 3)-(701, 59)",b'friend bool Item_ident::is_column_not_in_fd(u...'
sql,../repos/mysql-server/sql/aggregate_check.h,"(702, 3)-(702, 69)",b'friend bool Item_func_grouping::aggregate_che...'
sql,../repos/mysql-server/sql/item.h,"(936, 3)-(936, 28)",b'friend class udf_handler;'
sql,../repos/mysql-server/sql/item.h,"(2724, 5)-(2724, 27)",b'friend class Item_sum;'
sql,../repos/mysql-server/sql/item.h,"(2725, 5)-(2725, 29)",b'friend class Item_field;'
sql,../repos/mysql-server/sql/item.h,"(2726, 5)-(2726, 27)",b'friend class Item_ref;'
sql,../repos/mysql-server/sql/item.h,"(2745, 5)-(2745, 27)",b'friend class Item_sum;'
sql,../repos/mysql-server/sql/item.h,"(2746, 5)-(2746, 29)",b'friend class Item_field;'
sql,../repos/mysql-server/sql/item.h,"(2747, 5)-(2747, 37)",b'friend class Item_default_value;'
sql,../repos/mysql-server/sql/item.h,"(2748, 5)-(2748, 32)",b'friend class Item_view_ref;'
sql,../repos/mysql-server/sql/item.h,"(2881, 5)-(2881, 23)",b'friend class Item;'
sql,../repos/mysql-server/sql/item.h,"(2882, 5)-(2882, 27)",b'friend class Item_sum;'
sql,../repos/mysql-server/sql/item.h,"(2883, 5)-(2883, 33)",b'friend class Item_subselect;'
sql,../repos/mysql-server/sql/item.h,"(2884, 5)-(2884, 27)",b'friend class Item_ref;'
sql,../repos/mysql-server/sql/item.h,"(2945, 5)-(2945, 27)",b'friend class Item_sum;'
sql,../repos/mysql-server/sql/item.h,"(2946, 5)-(2946, 43)",b'friend class Item_singlerow_subselect;'
sql,../repos/mysql-server/sql/item.h,"(4301, 3)-(4304, 50)","b'friend bool insert_fields(THD *thd, Name_reso...'"
sql,../repos/mysql-server/sql/item.h,"(6849, 3)-(6849, 45)",b'friend bool has_rollup_result(Item *item);'
sql,../repos/mysql-server/sql/item.h,"(6850, 3)-(6851, 54)",b'friend bool replace_contents_of_rollup_wrappe...'
sql,../repos/mysql-server/sql/range_optimizer/tree.h,"(787, 3)-(787, 78)",b'friend SEL_ARG *rb_delete_fixup(SEL_ARG *root...'
sql,../repos/mysql-server/sql/range_optimizer/tree.h,"(789, 3)-(789, 62)","b'friend int test_rb_tree(SEL_ARG *element, SEL...'"
sql,../repos/mysql-server/sql/range_optimizer/index_range_scan.h,"(72, 3)-(72, 78)",b'friend uint quick_range_seq_next(range_seq_t ...'
sql,../repos/mysql-server/sql/range_optimizer/index_range_scan.h,"(73, 3)-(74, 55)",b'friend range_seq_t quick_range_seq_init(void ...'
sql,../repos/mysql-server/sql/range_optimizer/index_range_scan.h,"(75, 3)-(75, 35)",b'friend class IndexMergeIterator;'
sql,../repos/mysql-server/sql/range_optimizer/index_range_scan.h,"(76, 3)-(76, 42)",b'friend class RowIDIntersectionIterator;'
sql,../repos/mysql-server/sql/sql_union.h,"(72, 3)-(72, 62)",b'friend bool Table_ref::create_materialized_ta...'
sql,../repos/mysql-server/sql/sql_union.h,"(73, 3)-(73, 53)",b'friend bool Table_ref::optimize_derived(THD *thd);'
sql,../repos/mysql-server/sql/sql_plist.h,"(158, 3)-(158, 43)","b'friend class I_P_List_iterator<T, Base>;'"
sql,../repos/mysql-server/sql/sql_plist.h,"(159, 3)-(159, 49)","b'friend class I_P_List_iterator<const T, Base>;'"
sql,../repos/mysql-server/sql/sql_profile.h,"(165, 3)-(165, 30)",b'friend class QUERY_PROFILE;'
sql,../repos/mysql-server/sql/sql_profile.h,"(166, 3)-(166, 26)",b'friend class PROFILING;'
sql,../repos/mysql-server/sql/sql_profile.h,"(200, 3)-(200, 26)",b'friend class PROFILING;'
sql,../repos/mysql-server/sql/sql_profile.h,"(227, 3)-(227, 33)",b'friend class PROF_MEASUREMENT;'
sql,../repos/mysql-server/sql/sql_profile.h,"(228, 3)-(228, 30)",b'friend class QUERY_PROFILE;'
sql,../repos/mysql-server/sql/opt_costmodel.h,"(201, 3)-(201, 33)",b'friend class Cost_model_table;'
sql,../repos/mysql-server/sql/raii/targeted_stringstream.h,"(58, 3)-(59, 60)",b'friend Targeted_stringstream &operator<<(Targ...'
sql,../repos/mysql-server/sql/raii/targeted_stringstream.h,"(61, 3)-(62, 60)",b'friend Targeted_stringstream &operator<<(Targ...'
sql,../repos/mysql-server/sql/sql_prepare.h,"(197, 3)-(197, 30)",b'friend class Ed_connection;'
sql,../repos/mysql-server/sql/sql_prepare.h,"(301, 3)-(301, 31)",b'friend class Protocol_local;'
sql,../repos/mysql-server/sql/binlog/group_commit/atomic_bgc_ticket.h,"(62, 3)-(62, 37)",b'friend class AtomicBgcTicketGuard;'
sql,../repos/mysql-server/sql/binlog/group_commit/atomic_bgc_ticket.h,"(63, 3)-(63, 26)",b'friend class BgcTicket;'
sql,../repos/mysql-server/sql/binlog/group_commit/atomic_bgc_ticket.h,"(79, 3)-(79, 81)",b'friend std::ostream &operator<<(std::ostream ...'
sql,../repos/mysql-server/sql/binlog/group_commit/atomic_bgc_ticket_guard.h,"(68, 3)-(68, 32)",b'friend class AtomicBgcTicket;'
sql,../repos/mysql-server/sql/binlog/group_commit/bgc_ticket.h,"(64, 3)-(64, 32)",b'friend class AtomicBgcTicket;'
sql,../repos/mysql-server/sql/binlog/group_commit/bgc_ticket.h,"(69, 3)-(69, 69)","b'friend bool operator<(const BgcTicket &lhs, c...'"
sql,../repos/mysql-server/sql/binlog/group_commit/bgc_ticket.h,"(75, 3)-(75, 69)","b'friend bool operator>(const BgcTicket &lhs, c...'"
sql,../repos/mysql-server/sql/binlog/group_commit/bgc_ticket.h,"(82, 3)-(82, 70)","b'friend bool operator>=(const BgcTicket &lhs, ...'"
sql,../repos/mysql-server/sql/binlog/group_commit/bgc_ticket.h,"(91, 3)-(91, 70)","b'friend bool operator==(const BgcTicket &lhs, ...'"
sql,../repos/mysql-server/sql/binlog/group_commit/bgc_ticket.h,"(99, 3)-(99, 70)","b'friend bool operator!=(const BgcTicket &lhs, ...'"
sql,../repos/mysql-server/sql/binlog/group_commit/bgc_ticket.h,"(138, 3)-(138, 75)",b'friend std::ostream &operator<<(std::ostream ...'
sql,../repos/mysql-server/sql/item_sum.h,"(101, 3)-(101, 25)",b'friend class Item_sum;'
sql,../repos/mysql-server/sql/item_sum.h,"(102, 3)-(102, 29)",b'friend class Item_sum_sum;'
sql,../repos/mysql-server/sql/item_sum.h,"(103, 3)-(103, 31)",b'friend class Item_sum_count;'
sql,../repos/mysql-server/sql/item_sum.h,"(104, 3)-(104, 29)",b'friend class Item_sum_avg;'
sql,../repos/mysql-server/sql/item_sum.h,"(399, 3)-(399, 36)",b'friend class Aggregator_distinct;'
sql,../repos/mysql-server/sql/item_sum.h,"(400, 3)-(400, 34)",b'friend class Aggregator_simple;'
sql,../repos/mysql-server/sql/item_sum.h,"(813, 3)-(813, 29)",b'friend class Item_sum_sum;'
sql,../repos/mysql-server/sql/item_sum.h,"(1068, 3)-(1068, 36)",b'friend class Aggregator_distinct;'
sql,../repos/mysql-server/sql/item_sum.h,"(2149, 3)-(2151, 67)",b'friend int group_concat_key_cmp_with_distinct...'
sql,../repos/mysql-server/sql/item_sum.h,"(2152, 3)-(2153, 64)",b'friend int group_concat_key_cmp_with_order(co...'
sql,../repos/mysql-server/sql/item_sum.h,"(2154, 3)-(2155, 44)","b'friend int dump_leaf_key(void *key_arg, eleme...'"
sql,../repos/mysql-server/sql/table_cache.h,"(209, 3)-(209, 37)",b'friend class Table_cache_iterator;'
sql,../repos/mysql-server/sql/table_cache.h,"(249, 3)-(249, 28)",b'friend class Table_cache;'
sql,../repos/mysql-server/sql/table_cache.h,"(250, 3)-(250, 36)",b'friend class Table_cache_manager;'
sql,../repos/mysql-server/sql/table_cache.h,"(251, 3)-(251, 37)",b'friend class Table_cache_iterator;'
sql,../repos/mysql-server/sql/log.cc,"(383, 3)-(383, 42)",b'friend class Log_to_file_event_handler;'
sql,../repos/mysql-server/sql/log.cc,"(384, 3)-(384, 29)",b'friend class Query_logger;'
sql,../repos/mysql-server/sql/log.cc,"(1238, 3)-(1238, 29)",b'friend class Query_logger;'
sql,../repos/mysql-server/sql/tc_log.h,"(354, 3)-(354, 30)",b'friend class TCLogMMapTest;'
sql,../repos/mysql-server/sql/mdl.h,"(1039, 3)-(1039, 28)",b'friend class MDL_context;'
sql,../repos/mysql-server/sql/mdl.h,"(1324, 3)-(1324, 28)",b'friend class MDL_context;'
sql,../repos/mysql-server/sql/mdl.h,"(1671, 3)-(1671, 64)",b'friend bool mdl_unittest::test_drive_fix_pins...'
sql,../repos/mysql-server/sql/dd/impl/cache/storage_adapter.h,"(60, 3)-(60, 52)",b'friend class dd_cache_unittest::CacheStorageTest;'
sql,../repos/mysql-server/sql/dd/impl/cache/cache_element.h,"(69, 3)-(69, 32)",b'friend class Storage_adapter;'
sql,../repos/mysql-server/sql/dd/impl/cache/cache_element.h,"(70, 3)-(70, 51)",b'friend class dd_cache_unittest::CacheTestHelper;'
sql,../repos/mysql-server/sql/dd/impl/cache/cache_element.h,"(71, 3)-(71, 36)",b'friend class Shared_multi_map<T>;'
sql,../repos/mysql-server/sql/dd/impl/cache/cache_element.h,"(72, 3)-(72, 34)",b'friend class Dictionary_client;'
sql,../repos/mysql-server/sql/dd/impl/dictionary_impl.h,"(63, 3)-(63, 47)",b'friend class dd_schema_unittest::SchemaTest;'
sql,../repos/mysql-server/sql/dd/impl/dictionary_impl.h,"(64, 3)-(64, 43)",b'friend class my_testing::DD_initializer;'
sql,../repos/mysql-server/sql/dd/impl/dictionary_impl.h,"(66, 3)-(66, 68)",b'friend class dd_column_statistics_unittest::C...'
sql,../repos/mysql-server/sql/dd/impl/raw/raw_record_set.h,"(55, 3)-(55, 26)",b'friend class Raw_table;'
sql,../repos/mysql-server/sql/dd/impl/sdi.cc,"(139, 3)-(139, 58)","b'friend char *buf_handle(Sdi_wcontext *wctx, s...'"
sql,../repos/mysql-server/sql/dd/impl/sdi.cc,"(141, 3)-(141, 68)",b'friend const String_type &lookup_schema_name(...'
sql,../repos/mysql-server/sql/dd/impl/sdi.cc,"(252, 3)-(252, 71)","b'friend void track_object(Sdi_rcontext *rctx, ...'"
sql,../repos/mysql-server/sql/dd/impl/sdi.cc,"(253, 3)-(253, 69)","b'friend void track_object(Sdi_rcontext *rctx, ...'"
sql,../repos/mysql-server/sql/dd/impl/sdi.cc,"(255, 3)-(255, 73)","b'friend Index *get_by_opx(Sdi_rcontext *rctx, ...'"
sql,../repos/mysql-server/sql/dd/impl/sdi.cc,"(256, 3)-(256, 75)","b'friend Column *get_by_opx(Sdi_rcontext *rctx,...'"
sql,../repos/mysql-server/sql/dd/impl/sdi.cc,"(258, 3)-(258, 58)","b'friend char *buf_handle(Sdi_rcontext *rctx, s...'"
sql,../repos/mysql-server/sql/dd/impl/sdi.cc,"(260, 3)-(261, 53)",b'friend bool lookup_schema_ref(Sdi_rcontext *r...'
sql,../repos/mysql-server/sql/dd/impl/sdi.cc,"(262, 3)-(263, 53)",b'friend bool lookup_tablespace_ref(Sdi_rcontex...'
sql,../repos/mysql-server/sql/dd/cache/dictionary_client.h,"(177, 5)-(177, 36)",b'friend class Dictionary_client;'
sql,../repos/mysql-server/sql/dd/types/entity_object.h,"(61, 3)-(61, 39)",b'friend class cache::Storage_adapter;'
sql,../repos/mysql-server/sql/dd/types/entity_object.h,"(62, 3)-(62, 41)",b'friend class Entity_object_table_impl;'
sql,../repos/mysql-server/sql/sp_head.h,"(1031, 3)-(1032, 54)","b'friend sp_head *sp_start_parsing(THD *thd, en...'"
sql,../repos/mysql-server/sql/opt_costconstants.h,"(266, 3)-(266, 37)",b'friend class Cost_model_constants;'
sql,../repos/mysql-server/sql/opt_costconstants.h,"(359, 3)-(359, 37)",b'friend class Cost_model_constants;'
sql,../repos/mysql-server/sql/opt_costconstants.h,"(492, 3)-(492, 36)",b'friend class Cost_constant_cache;'
sql,../repos/mysql-server/sql/table_function.h,"(173, 3)-(173, 57)",b'friend bool Table_ref::setup_table_function(T...'
sql,../repos/mysql-server/sql/table.h,"(1422, 3)-(1422, 36)",b'friend class Table_cache_element;'
sql,../repos/mysql-server/sql/log_event.h,"(3262, 3)-(3262, 35)",b'friend class Old_rows_log_event;'
sql,../repos/mysql-server/sql/resource_blocker.h,"(129, 3)-(129, 21)",b'friend class User;'
sql,../repos/mysql-server/sql/resource_blocker.h,"(130, 3)-(130, 24)",b'friend class Blocker;'
sql,../repos/mysql-server/sql/resourcegroups/resource_group_sql_cmd.h,"(46, 3)-(46, 43)",b'friend class ::PT_create_resource_group;'
sql,../repos/mysql-server/sql/resourcegroups/resource_group_sql_cmd.h,"(77, 3)-(77, 42)",b'friend class ::PT_alter_resource_group;'
sql,../repos/mysql-server/sql/resourcegroups/resource_group_sql_cmd.h,"(111, 3)-(111, 41)",b'friend class ::PT_drop_resource_group;'
sql,../repos/mysql-server/sql/resourcegroups/resource_group_sql_cmd.h,"(133, 3)-(133, 40)",b'friend class ::PT_set_resource_group;'
sql,../repos/mysql-server/sql/item_cmpfunc.h,"(678, 3)-(678, 31)",b'friend class Arg_comparator;'
sql,../repos/mysql-server/sql/item_cmpfunc.h,"(2205, 3)-(2205, 48)",b'friend class Mem_root_array_YY<cmp_item_row>;'
sql,../repos/mysql-server/sql/auth/sql_authentication.cc,"(5174, 3)-(5174, 29)",b'friend class File_creator;'
sql,../repos/mysql-server/sql/auth/partial_revokes.h,"(334, 3)-(334, 48)",b'friend class Restrictions_aggregator_factory;'
sql,../repos/mysql-server/sql/auth/partial_revokes.h,"(354, 3)-(354, 48)",b'friend class Restrictions_aggregator_factory;'
sql,../repos/mysql-server/sql/auth/partial_revokes.h,"(371, 3)-(371, 48)",b'friend class Restrictions_aggregator_factory;'
sql,../repos/mysql-server/sql/auth/partial_revokes.h,"(387, 3)-(387, 48)",b'friend class Restrictions_aggregator_factory;'
sql,../repos/mysql-server/sql/auth/partial_revokes.h,"(408, 3)-(408, 48)",b'friend class Restrictions_aggregator_factory;'
sql,../repos/mysql-server/sql/auth/partial_revokes.h,"(441, 3)-(441, 48)",b'friend class Restrictions_aggregator_factory;'
sql,../repos/mysql-server/sql/ssl_acceptor_context_data.h,"(215, 3)-(215, 47)",b'friend class Ssl_acceptor_context_container;'
sql,../repos/mysql-server/sql/ssl_acceptor_context_data.h,"(216, 3)-(216, 28)",b'friend class TLS_channel;'
sql,../repos/mysql-server/sql/ssl_acceptor_context_data.h,"(217, 3)-(217, 53)",b'friend class Lock_and_access_ssl_acceptor_context;'
sql,../repos/mysql-server/sql/rpl_info_table.h,"(48, 3)-(48, 33)",b'friend class Rpl_info_factory;'
sql,../repos/mysql-server/sql/parse_tree_node_base.h,"(231, 3)-(231, 21)",b'friend class Item;'
sql,../repos/mysql-server/sql/rpl_info_handler.h,"(58, 3)-(58, 33)",b'friend class Rpl_info_factory;'
sql,../repos/mysql-server/sql/mysqld_thd_manager.h,"(396, 3)-(396, 39)",b'friend void thd_lock_thread_count();'
sql,../repos/mysql-server/sql/mysqld_thd_manager.h,"(397, 3)-(397, 41)",b'friend void thd_unlock_thread_count();'
sql,../repos/mysql-server/sql/sql_class.h,"(4054, 3)-(4054, 38)",b'friend class Sql_cmd_common_signal;'
sql,../repos/mysql-server/sql/sql_class.h,"(4055, 3)-(4055, 31)",b'friend class Sql_cmd_signal;'
sql,../repos/mysql-server/sql/sql_class.h,"(4056, 3)-(4056, 33)",b'friend class Sql_cmd_resignal;'
sql,../repos/mysql-server/sql/sql_class.h,"(4057, 3)-(4059, 65)","b'friend void push_warning(THD *thd,\n          ...'"
sql,../repos/mysql-server/sql/sql_class.h,"(4060, 3)-(4060, 55)","b'friend void my_message_sql(uint, const char *...'"
sql,../repos/mysql-server/sql/sql_class.h,"(4375, 3)-(4375, 33)",b'friend class Protocol_classic;'
sql,../repos/mysql-server/sql/log.h,"(249, 3)-(249, 29)",b'friend class Query_logger;'
sql,../repos/mysql-server/sql/item_geofunc.h,"(1263, 3)-(1263, 33)",b'friend class Item_func_buffer;'
sql,../repos/mysql-server/sql/rpl_mi.h,"(87, 3)-(87, 33)",b'friend class Rpl_info_factory;'
sql,../repos/mysql-server/sql/uniques.h,"(108, 3)-(109, 49)","b'friend int unique_write_to_file(void *v_key, ...'"
sql,../repos/mysql-server/sql/uniques.h,"(110, 3)-(111, 49)","b'friend int unique_write_to_ptrs(void *v_key, ...'"
sql,../repos/mysql-server/sql/handler.h,"(4549, 3)-(4549, 34)",b'friend class Partition_handler;'
sql,../repos/mysql-server/sql/handler.h,"(7199, 3)-(7199, 27)",b'friend class DsMrr_impl;'
sql,../repos/mysql-server/sql/memory/aligned_atomic.h,"(303, 3)-(303, 40)",b'friend class Aligned_atomic_accessor;'
sql,../repos/mysql-server/sql/rpl_commit_stage_manager.h,"(43, 5)-(43, 39)",b'friend class Commit_stage_manager;'
sql,../repos/mysql-server/sql/histograms/table_histograms.h,"(194, 3)-(194, 44)",b'friend class Table_histograms_collection;'
sql,../repos/mysql-server/sql/containers/atomics_array.h,"(257, 3)-(261, 4)",b'friend std::ostream &operator<<(std::ostream ...'
sql,../repos/mysql-server/sql/containers/integrals_lockfree_queue.h,"(550, 3)-(555, 4)",b'friend std::ostream &operator<<(\n      std::o...'
sql,../repos/mysql-server/sql/rpl_reporting.h,"(105, 5)-(105, 45)",b'friend class Slave_reporting_capability;'
sql,../repos/mysql-server/sql/xa.h,"(268, 3)-(268, 78)",b'friend std::ostream &operator<<(std::ostream ...'
sql,../repos/mysql-server/sql/xa.h,"(279, 3)-(279, 26)",b'friend class XID_STATE;'
sql,../repos/mysql-server/sql/sql_lex.h,"(1064, 3)-(1064, 28)",b'friend class Query_block;'
sql,../repos/mysql-server/sql/sql_lex.h,"(1127, 3)-(1127, 68)","b'friend bool parse_view_definition(THD *thd, T...'"
sql,../repos/mysql-server/sql/sql_lex.h,"(2218, 3)-(2218, 33)",b'friend class Query_expression;'
sql,../repos/mysql-server/sql/sql_lex.h,"(2219, 3)-(2219, 34)",b'friend class Condition_context;'
sql,../repos/mysql-server/sql/sql_lex.h,"(3792, 3)-(3792, 35)",b'friend bool lex_start(THD *thd);'
sql,../repos/mysql-server/sql/sql_error.h,"(109, 3)-(109, 20)",b'friend class THD;'
sql,../repos/mysql-server/sql/sql_error.h,"(110, 3)-(110, 33)",b'friend class Diagnostics_area;'
sql,../repos/mysql-server/sql/sql_error.h,"(111, 3)-(111, 38)",b'friend class Sql_cmd_common_signal;'
sql,../repos/mysql-server/sql/sql_error.h,"(112, 3)-(112, 31)",b'friend class Sql_cmd_signal;'
sql,../repos/mysql-server/sql/sql_error.h,"(113, 3)-(113, 33)",b'friend class Sql_cmd_resignal;'
sql,../repos/mysql-server/sql/sql_error.h,"(114, 3)-(114, 28)",b'friend class sp_rcontext;'
sql,../repos/mysql-server/sql/sql_error.h,"(115, 3)-(115, 43)",b'friend class Condition_information_item;'
sql,../repos/mysql-server/sql/sql_error.h,"(700, 3)-(700, 20)",b'friend class THD;'
sql,../repos/mysql-server/sql/iterators/row_iterator.h,"(250, 3)-(250, 36)",b'friend class AlternativeIterator;'
sql,../repos/mysql-server/sql/iterators/composite_iterators.cc,"(840, 3)-(840, 49)",b'friend class materialize_iterator::SpillState;'
sql,../repos/mysql-server/sql/join_optimizer/overflow_bitset.h,"(149, 3)-(149, 60)","b'friend bool Overlaps(OverflowBitset a, Overfl...'"
sql,../repos/mysql-server/sql/join_optimizer/overflow_bitset.h,"(150, 3)-(150, 68)",b'friend bool OverlapsOverflow(OverflowBitset a...'
sql,../repos/mysql-server/sql/join_optimizer/overflow_bitset.h,"(151, 3)-(151, 60)","b'friend bool IsSubset(OverflowBitset a, Overfl...'"
sql,../repos/mysql-server/sql/join_optimizer/overflow_bitset.h,"(152, 3)-(152, 68)",b'friend bool IsSubsetOverflow(OverflowBitset a...'
sql,../repos/mysql-server/sql/join_optimizer/overflow_bitset.h,"(153, 3)-(153, 55)","b'friend bool IsBitSet(int bit_num, OverflowBit...'"
sql,../repos/mysql-server/sql/join_optimizer/overflow_bitset.h,"(154, 3)-(154, 63)","b'friend bool IsBitSetOverflow(int bit_num, Ove...'"
sql,../repos/mysql-server/sql/join_optimizer/overflow_bitset.h,"(155, 3)-(155, 41)",b'friend bool IsEmpty(OverflowBitset x);'
sql,../repos/mysql-server/sql/join_optimizer/overflow_bitset.h,"(156, 3)-(156, 48)",b'friend int PopulationCount(OverflowBitset x);'
sql,../repos/mysql-server/sql/join_optimizer/overflow_bitset.h,"(157, 3)-(157, 56)",b'friend int PopulationCountOverflow(OverflowBi...'
sql,../repos/mysql-server/sql/join_optimizer/overflow_bitset.h,"(159, 3)-(159, 37)",b'friend class OverflowBitsetBitsIn;'
sql,../repos/mysql-server/sql/join_optimizer/overflow_bitset.h,"(160, 3)-(160, 38)",b'friend class MutableOverflowBitset;'
sql,../repos/mysql-server/sql/join_optimizer/overflow_bitset.h,"(229, 3)-(229, 69)","b'friend bool IsBitSet(int bit_num, const Mutab...'"
sql,../repos/mysql-server/sql/join_optimizer/overflow_bitset.h,"(230, 3)-(230, 74)","b'friend bool Overlaps(OverflowBitset a, const ...'"
sql,../repos/mysql-server/sql/join_optimizer/overflow_bitset.h,"(231, 3)-(232, 56)",b'friend bool Overlaps(const MutableOverflowBit...'
sql,../repos/mysql-server/sql/join_optimizer/overflow_bitset.h,"(233, 3)-(233, 74)",b'friend bool Overlaps(const MutableOverflowBit...'
sql,../repos/mysql-server/sql/join_optimizer/overflow_bitset.h,"(234, 3)-(234, 74)","b'friend bool IsSubset(OverflowBitset a, const ...'"
sql,../repos/mysql-server/sql/join_optimizer/overflow_bitset.h,"(235, 3)-(236, 56)",b'friend bool IsSubset(const MutableOverflowBit...'
sql,../repos/mysql-server/sql/join_optimizer/overflow_bitset.h,"(237, 3)-(237, 74)",b'friend bool IsSubset(const MutableOverflowBit...'
sql,../repos/mysql-server/sql/join_optimizer/overflow_bitset.h,"(238, 3)-(238, 55)",b'friend bool IsEmpty(const MutableOverflowBits...'
sql,../repos/mysql-server/sql/join_optimizer/overflow_bitset.h,"(239, 3)-(239, 62)",b'friend int PopulationCount(const MutableOverf...'
sql,../repos/mysql-server/sql/join_optimizer/overflow_bitset.h,"(243, 3)-(243, 31)",b'friend class OverflowBitset;'
sql,../repos/mysql-server/sql/join_optimizer/interesting_orders.h,"(159, 3)-(159, 64)","b'friend bool operator==(const Ordering &a, con...'"
sql,../repos/mysql-server/sql/join_optimizer/interesting_orders.h,"(314, 3)-(314, 38)",b'friend class OrderingElementsGuard;'
sql,../repos/mysql-server/sql/join_optimizer/interesting_orders.h,"(581, 3)-(581, 64)","b'friend bool operator==(const NFSMEdge &a, con...'"
sql,../repos/mysql-server/sql/join_optimizer/interesting_orders.h,"(582, 3)-(582, 64)","b'friend bool operator!=(const NFSMEdge &a, con...'"
sql,../repos/mysql-server/sql/transaction_info.h,"(404, 3)-(404, 33)",b'friend class Ha_trx_info_list;'
sql,../repos/mysql-server/sql/item_func.h,"(524, 3)-(524, 28)",b'friend class udf_handler;'
sql,../repos/mysql-server/sql/item_func.h,"(3417, 3)-(3417, 48)",b'friend class Audit_global_variable_get_event;'
sql,../repos/mysql-server/sql/rpl_gtid.h,"(2145, 5)-(2145, 27)",b'friend class Gtid_set;'
sql,../repos/mysql-server/sql/rpl_gtid.h,"(2486, 3)-(2486, 29)",b'friend FRIEND_OF_GTID_SET;'
sql,../repos/mysql-server/sql/rpl_gtid.h,"(2489, 3)-(2489, 46)",b'friend class Gtid_set::Free_intervals_lock;'
sql,../repos/mysql-server/sql/set_var.h,"(409, 3)-(409, 30)",b'friend class Sys_var_alias;'
sql,../repos/mysql-server/sql/set_var.h,"(860, 3)-(860, 16)",b'friend Array;'
sql,../repos/mysql-server/sql/rpl_injector.h,"(78, 5)-(78, 27)",b'friend class injector;'
sql,../repos/mysql-server/sql/rpl_injector.h,"(166, 7)-(166, 32)",b'friend class transaction;'
sql,../repos/mysql-server/sql/table_column_iterator.h,"(313, 5)-(313, 25)",b'friend struct TABLE;'
sql,../repos/mysql-server/sql/table_column_iterator.h,"(314, 5)-(314, 37)",b'friend class Table_columns_view;'
