Repo name,File name,Location,Content
sql,../repos/mysql-server/sql/sql_table.cc,"(267, 13)-(269, 14)",b'[](const char *en) {\n              my_error(E...'
sql,../repos/mysql-server/sql/sql_table.cc,"(270, 13)-(277, 14)","b'[](THD *t, const char *ren, const char *sen, ...'"
sql,../repos/mysql-server/sql/sql_table.cc,"(282, 9)-(284, 10)",b'[](const char *en) {\n          my_error(ER_IL...'
sql,../repos/mysql-server/sql/sql_table.cc,"(285, 9)-(286, 76)","b'[](THD *, const char *, const char *,\n       ...'"
sql,../repos/mysql-server/sql/sql_table.cc,"(1215, 13)-(1223, 8)","b'[](THD *, plugin_ref plugin, void *arg) -> bo...'"
sql,../repos/mysql-server/sql/sql_table.cc,"(1483, 28)-(1483, 72)",b'[&]() { thd->mem_root = save_thd_mem_root; }'
sql,../repos/mysql-server/sql/sql_table.cc,"(3097, 9)-(3103, 10)","b'[](THD *, plugin_ref plugin, void *arg) -> bo...'"
sql,../repos/mysql-server/sql/sql_table.cc,"(5446, 23)-(5448, 24)",b'[add_key_part](const KEY_PART_INFO &key_part)...'
sql,../repos/mysql-server/sql/sql_table.cc,"(5549, 28)-(5549, 75)",b'[fk](uint i) { return fk->fk_key_part[i].str; }'
sql,../repos/mysql-server/sql/sql_table.cc,"(5643, 22)-(5646, 6)",b'[fk](const dd::Foreign_key *el) {\n      retur...'
sql,../repos/mysql-server/sql/sql_table.cc,"(5684, 32)-(5687, 12)",b'[supporting_key](const Alter_rename_key *key)...'
sql,../repos/mysql-server/sql/sql_table.cc,"(5695, 34)-(5698, 12)",b'[old_sk](const Alter_rename_key *key) {\n     ...'
sql,../repos/mysql-server/sql/sql_table.cc,"(5740, 28)-(5740, 72)",b'[fk](uint i) { return fk->key_part[i].str; }'
sql,../repos/mysql-server/sql/sql_table.cc,"(6194, 22)-(6194, 72)",b'[](const dd::Index *i) { return !i->is_hidden(); }'
sql,../repos/mysql-server/sql/sql_table.cc,"(6280, 28)-(6282, 4)",b'[fk](uint i) {\n    return fk->elements()[i]->...'
sql,../repos/mysql-server/sql/sql_table.cc,"(6365, 28)-(6365, 75)",b'[fk](uint i) { return fk->fk_key_part[i].str; }'
sql,../repos/mysql-server/sql/sql_table.cc,"(6409, 28)-(6411, 4)",b'[fk](uint i) {\n    return fk->elements()[i]->...'
sql,../repos/mysql-server/sql/sql_table.cc,"(6453, 24)-(6456, 8)",b'[fk](const dd::Foreign_key *el) {\n        ret...'
sql,../repos/mysql-server/sql/sql_table.cc,"(6889, 35)-(6892, 12)",b'[ref_column_name](const dd::Column *c) {\n    ...'
sql,../repos/mysql-server/sql/sql_table.cc,"(7124, 22)-(7127, 6)",b'[fk](const dd::Foreign_key *el) {\n      retur...'
sql,../repos/mysql-server/sql/sql_table.cc,"(7189, 35)-(7192, 12)",b'[ref_column_name](const dd::Column *c) {\n    ...'
sql,../repos/mysql-server/sql/sql_table.cc,"(7841, 9)-(7841, 76)","b'[thd, saved_privilege]() { thd->want_privileg...'"
sql,../repos/mysql-server/sql/sql_table.cc,"(9462, 27)-(9465, 4)",b'[fk_el](const dd::Column *c) {\n    return my_...'
sql,../repos/mysql-server/sql/sql_table.cc,"(10511, 25)-(10513, 8)",b'[](const dd::Index_element *element) {\n      ...'
sql,../repos/mysql-server/sql/sql_table.cc,"(11506, 7)-(11506, 74)","b'[thd, orig_tx_isolation] { thd->tx_isolation ...'"
sql,../repos/mysql-server/sql/sql_table.cc,"(11563, 45)-(11569, 4)","b'[mdl_ticket, thd] {\n    // Under LOCK TABLES,...'"
sql,../repos/mysql-server/sql/sql_table.cc,"(11575, 18)-(11579, 4)","b'[thd, hton]() {\n    hton->post_ddl(thd);\n    ...'"
sql,../repos/mysql-server/sql/sql_table.cc,"(11583, 44)-(11587, 4)","b'[thd, cleanup] {\n    trans_rollback_stmt(thd)...'"
sql,../repos/mysql-server/sql/sql_table.cc,"(14217, 17)-(14222, 18)",b'[dd_fk_ele](const Alter_drop *drop) {\n       ...'
sql,../repos/mysql-server/sql/sql_table.cc,"(14598, 23)-(14602, 24)",b'[vfield](const Alter_drop *drop) {\n          ...'
sql,../repos/mysql-server/sql/sql_table.cc,"(14614, 23)-(14621, 24)",b'[vfield](const Alter_column *alter) {\n       ...'
sql,../repos/mysql-server/sql/sql_table.cc,"(14634, 23)-(14638, 24)",b'[vfield](const Create_field &def) {\n         ...'
sql,../repos/mysql-server/sql/sql_table.cc,"(14985, 13)-(14988, 14)","b'[](const Create_field *a, const Create_field ...'"
sql,../repos/mysql-server/sql/sql_table.cc,"(15616, 32)-(15618, 8)",b'[fk](uint i) {\n        return fk->elements()[...'
sql,../repos/mysql-server/sql/sql_table.cc,"(15673, 30)-(15675, 6)",b'[fk](uint i) {\n      return fk->elements()[i]...'
sql,../repos/mysql-server/sql/sql_table.cc,"(19274, 23)-(19279, 4)","b'[](std::vector<const char *> &names, const ch...'"
sql,../repos/mysql-server/sql/sql_table.cc,"(19275, 53)-(19277, 6)",b'[s](const char *cc_name) {\n      return !my_s...'
sql,../repos/mysql-server/sql/sql_table.cc,"(19908, 28)-(19908, 72)",b'[&]() { thd->mem_root = save_thd_mem_root; }'
sql,../repos/mysql-server/sql/debug_sync.cc,"(1134, 11)-(1139, 12)","b'[](const st_debug_sync_action &a, const st_de...'"
sql,../repos/mysql-server/sql/debug_sync.cc,"(1801, 11)-(1807, 12)","b'[](std::string::const_iterator f, std::string...'"
sql,../repos/mysql-server/sql/sql_tmp_table.cc,"(796, 7)-(818, 8)",b'[query_block](const Func_ptr &ptr) {\n        ...'
sql,../repos/mysql-server/sql/sql_tmp_table.cc,"(801, 13)-(817, 14)","b'[query_block, check_aliases_only](const Item ...'"
sql,../repos/mysql-server/sql/sql_tmp_table.cc,"(975, 50)-(978, 4)",b'[table] {\n    close_tmp_table(table);\n    fre...'
sql,../repos/mysql-server/sql/sql_cmd_srs.cc,"(179, 44)-(181, 4)",b'[thd]() {\n    if (rollback(thd)) assert(false...'
sql,../repos/mysql-server/sql/sql_cmd_srs.cc,"(249, 44)-(251, 4)",b'[thd]() {\n    if (rollback(thd)) assert(false...'
sql,../repos/mysql-server/sql/sql_help.cc,"(512, 13)-(514, 14)","b'[](String *str1, String *str2) {\n            ...'"
sql,../repos/mysql-server/sql/changestreams/misc/replicated_columns_view.cc,"(36, 12)-(38, 4)","b'[this](TABLE const *table, size_t column_inde...'"
sql,../repos/mysql-server/sql/field.cc,"(1630, 20)-(1630, 78)",b'[&](int *w) { return TIME_to_ulonglong_round(...'
sql,../repos/mysql-server/sql/field.cc,"(5016, 57)-(5018, 17)",b'[&](int *w) {\n                 return TIME_to...'
sql,../repos/mysql-server/sql/field.cc,"(7713, 7)-(7721, 8)","b'[err_table_name, err_field_name](const char *...'"
sql,../repos/mysql-server/sql/field.cc,"(10060, 43)-(10063, 4)",b'[&] {\n    // Restore original key image.\n    ...'
sql,../repos/mysql-server/sql/filesort.cc,"(1483, 11)-(1483, 66)",b'[](const TABLE *table) { return table->is_nul...'
sql,../repos/mysql-server/sql/item_subselect.cc,"(234, 20)-(237, 21)",b'[this](Table_ref *tr) -> bool {\n             ...'
sql,../repos/mysql-server/sql/item_subselect.cc,"(466, 30)-(473, 8)","b'[&modified, &new_conds](Item *cond) {\n       ...'"
sql,../repos/mysql-server/sql/item_subselect.cc,"(3080, 29)-(3086, 4)","b'[t, arg](Item *expr, Item **ref) {\n    Item *...'"
sql,../repos/mysql-server/sql/item_subselect.cc,"(3209, 49)-(3211, 4)","b'[thd, saved_query_block]() {\n    thd->lex->se...'"
sql,../repos/mysql-server/sql/rpl_io_monitor.cc,"(304, 20)-(309, 8)","b'[&](const auto &n, const auto &x) {\n        i...'"
sql,../repos/mysql-server/sql/rpl_io_monitor.cc,"(324, 20)-(329, 8)","b'[&](const auto &n, const auto &x) {\n        i...'"
sql,../repos/mysql-server/sql/rpl_io_monitor.cc,"(372, 15)-(375, 16)","b'[](const RPL_FAILOVER_SOURCE_TUPLE &element1,...'"
sql,../repos/mysql-server/sql/rpl_io_monitor.cc,"(682, 28)-(686, 29)",b'[&](const RPL_FAILOVER_SOURCE_TUPLE &e) {\n   ...'
sql,../repos/mysql-server/sql/rpl_io_monitor.cc,"(736, 22)-(739, 23)",b'[&](const RPL_FAILOVER_SOURCE_TUPLE &e) {\n   ...'
sql,../repos/mysql-server/sql/rpl_handler.cc,"(1097, 35)-(1100, 8)",b'[&]() -> void {\n        if (!replication_opti...'
sql,../repos/mysql-server/sql/sql_truncate.cc,"(489, 43)-(492, 4)","b'[&]() {\n    end_transaction(thd, binlog_stmt,...'"
sql,../repos/mysql-server/sql/sql_truncate.cc,"(649, 43)-(652, 4)","b'[&]() {\n    end_transaction(thd, binlog_stmt,...'"
sql,../repos/mysql-server/sql/rpl_log_encryption.cc,"(475, 20)-(479, 4)",b'[&]() -> int {\n    return keyring_operations_...'
sql,../repos/mysql-server/sql/rpl_binlog_sender.cc,"(824, 22)-(824, 67)",b'[]() { mysql_bin_log.lock_binlog_end_pos(); }'
sql,../repos/mysql-server/sql/handler.cc,"(419, 9)-(421, 10)",b'[&](const Storage_engine_identifier &sei) {\n ...'
sql,../repos/mysql-server/sql/handler.cc,"(467, 7)-(487, 8)","b'[](const char *f, const char *l) {\n        au...'"
sql,../repos/mysql-server/sql/handler.cc,"(475, 13)-(479, 14)",b'[&](const Storage_engine_identifier &seid) {\n...'
sql,../repos/mysql-server/sql/handler.cc,"(494, 7)-(497, 8)",b'[&](const std::string &dse) {\n        return ...'
sql,../repos/mysql-server/sql/handler.cc,"(6866, 7)-(6866, 78)","b'[this](const uchar *a, const uchar *b) { retu...'"
sql,../repos/mysql-server/sql/rpl_gtid_set.cc,"(992, 29)-(1002, 4)","b'[](auto tsid_iter, auto &tsid_map_sorted,\n   ...'"
sql,../repos/mysql-server/sql/dd_sql_view.cc,"(651, 42)-(657, 4)",b'[=]() {\n    bool is_tmp_table =\n        (thd-...'
sql,../repos/mysql-server/sql/rpl_async_conn_failover.cc,"(83, 11)-(140, 12)","b'[](auto const &t1, auto const &t2) {\n        ...'"
sql,../repos/mysql-server/sql/item.h,"(3758, 19)-(3758, 78)",b'[&](const Item *descendant) { return functor(...'
sql,../repos/mysql-server/sql/item.h,"(7368, 24)-(7368, 64)",b'[](Item *item) { return !item->hidden; }'
sql,../repos/mysql-server/sql/item.h,"(7373, 24)-(7373, 63)",b'[](Item *item) { return item->hidden; }'
sql,../repos/mysql-server/sql/range_optimizer/index_range_scan.cc,"(199, 22)-(201, 23)",b'[](const KEY_PART_INFO &key_part) {\n         ...'
sql,../repos/mysql-server/sql/range_optimizer/rowid_ordered_retrieval_plan.cc,"(220, 9)-(237, 10)","b'[needed_fields](ROR_SCAN_INFO *a, ROR_SCAN_IN...'"
sql,../repos/mysql-server/sql/range_optimizer/range_optimizer.cc,"(550, 37)-(550, 75)",b'[thd] { thd->pop_internal_handler(); }'
sql,../repos/mysql-server/sql/range_optimizer/index_merge.cc,"(151, 28)-(154, 10)","b'[covering_keys_save, no_keyread_save, this] {...'"
sql,../repos/mysql-server/sql/sql_delete.cc,"(250, 37)-(256, 4)","b'[&range_scan, table] {\n    if (range_scan != ...'"
sql,../repos/mysql-server/sql/sql_delete.cc,"(981, 7)-(988, 8)","b'[&full_scan](const AccessPath *path, const JO...'"
sql,../repos/mysql-server/sql/mdl.cc,"(4671, 22)-(4678, 23)",b'[&](const Ticket_map::value_type &vt) {\n     ...'
sql,../repos/mysql-server/sql/mdl.cc,"(4688, 55)-(4691, 8)",b'[](const Duration &d) {\n        assert(!d.m_t...'
sql,../repos/mysql-server/sql/mdl.cc,"(4734, 9)-(4736, 10)","b'[this](MDL_ticket *t, enum_mdl_duration da) {...'"
sql,../repos/mysql-server/sql/mdl.cc,"(4769, 40)-(4773, 8)",b'[&](const Ticket_map::value_type &vt) {\n     ...'
sql,../repos/mysql-server/sql/session_tracker.cc,"(698, 13)-(700, 14)","b'[](const sysvar_node_st *a, const sysvar_node...'"
sql,../repos/mysql-server/sql/session_tracker.cc,"(714, 14)-(763, 6)","b'[thd, &buf, show, node](const System_variable...'"
sql,../repos/mysql-server/sql/sql_prepare.cc,"(1127, 7)-(1127, 70)",b'[lex] { lex->set_secondary_engine_execution_c...'
sql,../repos/mysql-server/sql/sql_prepare.cc,"(3231, 26)-(3231, 67)",b'[&]() { swap_prepared_statement(&copy); }'
sql,../repos/mysql-server/sql/sql_prepare.cc,"(3492, 43)-(3552, 4)","b'[&]() {\n    // In an error situation, cursor ...'"
sql,../repos/mysql-server/sql/ssl_init_callback.cc,"(308, 19)-(350, 4)",b'[](const char *ca) -> bool {\n    char *issuer...'
sql,../repos/mysql-server/sql/sql_rewrite.cc,"(1295, 25)-(1304, 4)","b'[&rlb](THD *thd, List_iterator<LEX_USER> &lis...'"
sql,../repos/mysql-server/sql/keyring_service.cc,"(127, 7)-(130, 8)",b'[&](st_mysql_keyring *keyring) {\n        retu...'
sql,../repos/mysql-server/sql/keyring_service.cc,"(142, 26)-(144, 4)",b'[&](st_mysql_keyring *keyring) {\n    return k...'
sql,../repos/mysql-server/sql/keyring_service.cc,"(154, 26)-(156, 4)",b'[&](st_mysql_keyring *keyring) {\n    return k...'
sql,../repos/mysql-server/sql/keyring_service.cc,"(167, 26)-(169, 4)",b'[&](st_mysql_keyring *keyring) {\n    return k...'
sql,../repos/mysql-server/sql/keyring_service.cc,"(179, 26)-(182, 4)",b'[&](st_mysql_keyring *keyring) {\n    keyring-...'
sql,../repos/mysql-server/sql/keyring_service.cc,"(192, 26)-(195, 4)",b'[&](st_mysql_keyring *keyring) {\n    keyring-...'
sql,../repos/mysql-server/sql/keyring_service.cc,"(205, 26)-(207, 4)",b'[&](st_mysql_keyring *keyring) {\n    return k...'
sql,../repos/mysql-server/sql/item_gtid_func.cc,"(98, 17)-(98, 53)",b'[&] { gtid_state->end_gtid_wait(); }'
sql,../repos/mysql-server/sql/field_conv.cc,"(815, 55)-(817, 10)",b'[&](int *w) {\n          return TIME_to_ulongl...'
sql,../repos/mysql-server/sql/sql_union.cc,"(1758, 44)-(1768, 6)","b'[this, thd] {\n      for (Query_block *sl = fi...'"
sql,../repos/mysql-server/sql/opt_explain.cc,"(1477, 27)-(1479, 28)","b'[&](const char *name, size_t len) {\n         ...'"
sql,../repos/mysql-server/sql/opt_explain.cc,"(1639, 30)-(1641, 31)","b'[&](const char *name, size_t len) {\n         ...'"
sql,../repos/mysql-server/sql/opt_explain.cc,"(1656, 30)-(1658, 31)","b'[&](const char *name, size_t len) {\n         ...'"
sql,../repos/mysql-server/sql/raii/read_write_lock_guard.h,"(44, 16)-(44, 52)",b'[&lock]() -> void { lock.unlock(); }'
sql,../repos/mysql-server/sql/raii/read_write_lock_guard.h,"(66, 16)-(66, 52)",b'[&lock]() -> void { lock.unlock(); }'
sql,../repos/mysql-server/sql/partition_info.cc,"(1346, 15)-(1348, 16)","b'[](const LIST_PART_ENTRY &a, const LIST_PART_...'"
sql,../repos/mysql-server/sql/partition_info.cc,"(1351, 13)-(1353, 14)","b'[](const LIST_PART_ENTRY &a, const LIST_PART_...'"
sql,../repos/mysql-server/sql/binlog/services/iterator/file_storage.cc,"(382, 64)-(385, 14)",b'[&]() {\n              set_buffer(saved_buffer...'
sql,../repos/mysql-server/sql/binlog/decompressing_event_object_istream.cc,"(36, 38)-(38, 8)",b'[&]() -> Fde_ref_t {\n        return m_binlog_...'
sql,../repos/mysql-server/sql/binlog/decompressing_event_object_istream.cc,"(47, 11)-(47, 66)",b'[&]() -> Fde_ref_t { return format_descriptio...'
sql,../repos/mysql-server/sql/binlog/decompressing_event_object_istream.cc,"(58, 11)-(58, 66)",b'[&]() -> Fde_ref_t { return format_descriptio...'
sql,../repos/mysql-server/sql/binlog/decompressing_event_object_istream.cc,"(140, 7)-(140, 73)",b'[]([[maybe_unused]] const std::string &s) { D...'
sql,../repos/mysql-server/sql/binlog/decompressing_event_object_istream.cc,"(284, 15)-(305, 4)",b'[&]() -> bool {\n    // If we are processing a...'
sql,../repos/mysql-server/sql/server_component/component_sys_var_service.cc,"(535, 14)-(539, 6)","b'[val, out_length_of_val](const System_variabl...'"
sql,../repos/mysql-server/sql/server_component/mysql_thd_attributes_imp.cc,"(47, 39)-(62, 10)",b'[](auto state) {\n          switch (state) {\n ...'
sql,../repos/mysql-server/sql/server_component/set_variables_helper.cc,"(79, 12)-(86, 4)",b'[variable_value](const System_variable_tracke...'
sql,../repos/mysql-server/sql/server_component/mysql_server_keyring_lockable_imp.cc,"(677, 7)-(764, 8)","b'[](const char *component_part,\n         SERVI...'"
sql,../repos/mysql-server/sql/server_component/mysql_server_keyring_lockable_imp.cc,"(812, 11)-(812, 68)","b'[&reg_query, &iterator] { reg_query->release(...'"
sql,../repos/mysql-server/sql/server_component/mysql_server_keyring_lockable_imp.cc,"(885, 7)-(937, 8)",b'[](SERVICE_TYPE(keyring_aes) * *aes_encryptio...'
sql,../repos/mysql-server/sql/server_component/clone_protocol_service.cc,"(196, 12)-(215, 4)","b'[thd, &utf8_val](const System_variable_tracke...'"
sql,../repos/mysql-server/sql/server_component/clone_protocol_service.cc,"(523, 22)-(523, 50)","b'[](NET *, void *, size_t) {}'"
sql,../repos/mysql-server/sql/server_component/clone_protocol_service.cc,"(526, 21)-(530, 4)","b'[](NET *net_arg, void *ctx, size_t, bool) {\n ...'"
sql,../repos/mysql-server/sql/server_component/persistent_dynamic_loader.cc,"(242, 28)-(242, 76)",b'[&thd]() { commit_and_close_mysql_tables(thd); }'
sql,../repos/mysql-server/sql/server_component/persistent_dynamic_loader.cc,"(385, 50)-(388, 6)",b'[&thd] {\n      trans_rollback_stmt(thd);\n    ...'
sql,../repos/mysql-server/sql/server_component/persistent_dynamic_loader.cc,"(403, 37)-(406, 6)",b'[&copy_urn_map]() {\n      /* Restoring back t...'
sql,../repos/mysql-server/sql/server_component/persistent_dynamic_loader.cc,"(501, 50)-(506, 6)","b'[&thd, &copy_urn_map]() {\n      /* Restoring ...'"
sql,../repos/mysql-server/sql/sql_tablespace.cc,"(641, 32)-(641, 71)",b'[&]() { rollback_on_return.disable(); }'
sql,../repos/mysql-server/sql/sql_tablespace.cc,"(743, 32)-(743, 71)",b'[&]() { rollback_on_return.disable(); }'
sql,../repos/mysql-server/sql/sql_tablespace.cc,"(1043, 32)-(1043, 71)",b'[&]() { rollback_on_return.disable(); }'
sql,../repos/mysql-server/sql/sql_tablespace.cc,"(1135, 32)-(1135, 71)",b'[&]() { rollback_on_return.disable(); }'
sql,../repos/mysql-server/sql/sql_tablespace.cc,"(1219, 32)-(1219, 71)",b'[&]() { rollback_on_return.disable(); }'
sql,../repos/mysql-server/sql/sql_tablespace.cc,"(1324, 57)-(1327, 4)",b'[&](handlerton *ht) {\n    std::unique_ptr<dd:...'
sql,../repos/mysql-server/sql/sql_tablespace.cc,"(1361, 32)-(1364, 8)",b'[&]() {\n        rollback_on_return.disable();...'
sql,../repos/mysql-server/sql/sql_tablespace.cc,"(1499, 22)-(1499, 61)",b'[&]() { rollback_on_return.disable(); }'
sql,../repos/mysql-server/sql/sql_tablespace.cc,"(1597, 22)-(1597, 61)",b'[&]() { rollback_on_return.disable(); }'
sql,../repos/mysql-server/sql/sql_tablespace.cc,"(1700, 22)-(1700, 61)",b'[&]() { rollback_on_return.disable(); }'
sql,../repos/mysql-server/sql/sql_tablespace.cc,"(1752, 22)-(1752, 61)",b'[&]() { rollback_on_return.disable(); }'
sql,../repos/mysql-server/sql/sql_select.cc,"(980, 7)-(986, 8)","b'[](THD *t, plugin_ref plugin, void *arg) -> b...'"
sql,../repos/mysql-server/sql/sql_select.cc,"(4369, 26)-(4382, 8)","b'[this, &curr_tmp_table] {\n        if (qep_tab...'"
sql,../repos/mysql-server/sql/sql_derived.cc,"(531, 16)-(561, 17)","b'[&field_info, &depended_from, &context](Item ...'"
sql,../repos/mysql-server/sql/sql_derived.cc,"(564, 44)-(576, 4)",b'[&field_info](Item *inner_item) {\n    if (inn...'
sql,../repos/mysql-server/sql/sql_derived.cc,"(647, 40)-(653, 6)",b'[&thd](Item *inner_item) {\n      if (inner_it...'
sql,../repos/mysql-server/sql/sql_derived.cc,"(670, 55)-(680, 6)",b'[&it](Item *inner_item) {\n      if (inner_ite...'
sql,../repos/mysql-server/sql/sql_derived.cc,"(1421, 40)-(1428, 4)",b'[&view_ref](Item *inner_item) {\n    if (inner...'
sql,../repos/mysql-server/sql/rpl_group_replication.cc,"(600, 34)-(600, 74)","b'[](void *const, const char &, size_t) {}'"
sql,../repos/mysql-server/sql/rpl_group_replication.cc,"(601, 33)-(601, 73)","b'[](void *const, const char &, size_t) {}'"
sql,../repos/mysql-server/sql/rpl_group_replication.cc,"(602, 35)-(602, 59)","b'[](void *const, bool) {}'"
sql,../repos/mysql-server/sql/rpl_group_replication.cc,"(603, 32)-(609, 4)","b'[](void *const context, const char &value,\n  ...'"
sql,../repos/mysql-server/sql/event_data_objects.cc,"(155, 25)-(155, 72)","b'[](uint id) { return get_charset(id, MYF(0)); }'"
sql,../repos/mysql-server/sql/sql_rename.cc,"(122, 18)-(125, 4)",b'[table](const MDL_request *mdl_request) {\n   ...'
sql,../repos/mysql-server/sql/dd/impl/upgrade/server.cc,"(582, 25)-(593, 4)",b'[&](std::unique_ptr<dd::Tablespace> &space) {...'
sql,../repos/mysql-server/sql/dd/impl/upgrade/server.cc,"(604, 24)-(631, 4)",b'[&](std::unique_ptr<dd::Table> &table) {\n    ...'
sql,../repos/mysql-server/sql/dd/impl/upgrade/server.cc,"(641, 24)-(651, 4)",b'[&](std::unique_ptr<dd::Event> &event) {\n    ...'
sql,../repos/mysql-server/sql/dd/impl/upgrade/server.cc,"(661, 26)-(667, 4)",b'[&](std::unique_ptr<dd::Routine> &routine) {\n...'
sql,../repos/mysql-server/sql/dd/impl/upgrade/server.cc,"(678, 23)-(684, 4)",b'[&](std::unique_ptr<dd::View> &view) {\n    if...'
sql,../repos/mysql-server/sql/dd/impl/upgrade/server.cc,"(731, 25)-(736, 4)",b'[&](std::unique_ptr<Schema> &schema) {\n    re...'
sql,../repos/mysql-server/sql/dd/impl/upgrade/dd.cc,"(655, 24)-(664, 4)","b'[&](const String_type &name, const String_typ...'"
sql,../repos/mysql-server/sql/dd/impl/upgrade/dd.cc,"(666, 36)-(669, 4)",b'[](uint dd_version) {\n    return bootstrap::D...'
sql,../repos/mysql-server/sql/dd/impl/cache/dictionary_client.cc,"(2020, 20)-(2023, 4)",b'[&](Raw_record *r) -> bool {\n    ids->push_ba...'
sql,../repos/mysql-server/sql/dd/impl/cache/dictionary_client.cc,"(2040, 20)-(2043, 4)",b'[&](Raw_record *r) -> bool {\n    names->push_...'
sql,../repos/mysql-server/sql/dd/impl/cache/dictionary_client.cc,"(2058, 25)-(2067, 4)",b'[&](Raw_record *r) -> bool {\n    auto table_t...'
sql,../repos/mysql-server/sql/dd/impl/cache/dictionary_client.cc,"(2076, 25)-(2080, 4)",b'[&](Raw_record *r) -> bool {\n    return stati...'
sql,../repos/mysql-server/sql/dd/impl/cache/dictionary_client.cc,"(2089, 25)-(2093, 4)",b'[&](Raw_record *r) -> bool {\n    return stati...'
sql,../repos/mysql-server/sql/dd/impl/cache/dictionary_client.cc,"(2101, 25)-(2105, 4)",b'[&](Raw_record *r) {\n    return static_cast<d...'
sql,../repos/mysql-server/sql/dd/impl/cache/dictionary_client.cc,"(2113, 25)-(2117, 4)",b'[&](Raw_record *r) {\n    return static_cast<d...'
sql,../repos/mysql-server/sql/dd/impl/cache/dictionary_client.cc,"(2126, 25)-(2128, 4)",b'[&](Raw_record *) -> bool {\n    return true; ...'
sql,../repos/mysql-server/sql/dd/impl/cache/dictionary_client.cc,"(2220, 23)-(2228, 4)",b'[&](std::unique_ptr<Object_type> &object) {\n ...'
sql,../repos/mysql-server/sql/dd/impl/sdi_tablespace.cc,"(78, 33)-(87, 4)",b'[&](auto &ge) {\n    dd::Object_id tid = ge.ta...'
sql,../repos/mysql-server/sql/dd/impl/sdi_tablespace.cc,"(196, 11)-(203, 12)","b'[&](uint errnum, const char *,\n              ...'"
sql,../repos/mysql-server/sql/dd/impl/sdi_tablespace.cc,"(204, 11)-(204, 70)","b'[&]() { return hton.sdi_delete(*res.value, &t...'"
sql,../repos/mysql-server/sql/dd/impl/sdi_tablespace.cc,"(212, 40)-(247, 4)",b'[&](auto &tsp_id_owner) {\n    dd::Object_id t...'
sql,../repos/mysql-server/sql/dd/impl/properties_impl.cc,"(108, 16)-(108, 76)",b'[&](const Map::value_type &p) { return valid_...'
sql,../repos/mysql-server/sql/dd/impl/types/table_impl.cc,"(620, 13)-(620, 45)",b'[this]() { return add_index(); }'
sql,../repos/mysql-server/sql/dd/impl/types/table_impl.cc,"(623, 13)-(623, 51)",b'[this]() { return add_foreign_key(); }'
sql,../repos/mysql-server/sql/dd/impl/types/table_impl.cc,"(625, 13)-(625, 56)",b'[this]() { return add_check_constraint(); }'
sql,../repos/mysql-server/sql/dd/impl/types/table_impl.cc,"(628, 13)-(628, 49)",b'[this]() { return add_partition(); }'
sql,../repos/mysql-server/sql/dd/impl/types/abstract_table_impl.cc,"(225, 13)-(225, 46)",b'[this]() { return add_column(); }'
sql,../repos/mysql-server/sql/dd/impl/types/column_impl.cc,"(430, 13)-(430, 47)",b'[this]() { return add_element(); }'
sql,../repos/mysql-server/sql/dd/impl/types/index_impl.cc,"(285, 13)-(285, 54)",b'[this]() { return add_element(nullptr); }'
sql,../repos/mysql-server/sql/dd/impl/types/tablespace_impl.cc,"(236, 13)-(236, 44)",b'[this]() { return add_file(); }'
sql,../repos/mysql-server/sql/dd/impl/types/tablespace_impl.cc,"(425, 11)-(429, 12)",b'[&partids](Raw_record *r) {\n            parti...'
sql,../repos/mysql-server/sql/dd/impl/types/tablespace_impl.cc,"(441, 13)-(445, 14)",b'[&tblids](Raw_record *r) {\n              tbli...'
sql,../repos/mysql-server/sql/dd/impl/types/tablespace_impl.cc,"(454, 11)-(457, 12)",b'[&tblids](Raw_record *r) {\n            tblids...'
sql,../repos/mysql-server/sql/dd/impl/types/tablespace_impl.cc,"(466, 11)-(469, 12)",b'[&tblids](Raw_record *r) {\n            tblids...'
sql,../repos/mysql-server/sql/dd/impl/types/tablespace_impl.cc,"(479, 13)-(489, 14)","b'[&tblrefs, &tid](Raw_record *r) {\n           ...'"
sql,../repos/mysql-server/sql/dd/impl/types/tablespace_impl.cc,"(498, 11)-(503, 12)",b'[&tblrefs](Raw_record *r) {\n            tblre...'
sql,../repos/mysql-server/sql/dd/impl/types/tablespace_impl.cc,"(513, 13)-(522, 14)",b'[&tref](Raw_record *r) {\n              tref.m...'
sql,../repos/mysql-server/sql/dd/impl/types/foreign_key_impl.cc,"(260, 13)-(260, 47)",b'[this]() { return add_element(); }'
sql,../repos/mysql-server/sql/dd/impl/types/partition_impl.cc,"(290, 13)-(290, 45)",b'[this]() { return add_value(); }'
sql,../repos/mysql-server/sql/dd/impl/types/partition_impl.cc,"(292, 13)-(292, 52)",b'[this]() { return add_index(nullptr); }'
sql,../repos/mysql-server/sql/dd/impl/types/partition_impl.cc,"(294, 13)-(294, 52)",b'[this]() { return add_subpartition(); }'
sql,../repos/mysql-server/sql/dd/impl/sdi_file.cc,"(205, 19)-(205, 50)",b'[](MY_DIR *d) { my_dirend(d); }'
sql,../repos/mysql-server/sql/dd/impl/sdi_file.cc,"(314, 17)-(320, 4)",b'[](File *f) {\n#ifndef NDEBUG\n    bool ret =\n#...'
sql,../repos/mysql-server/sql/dd/impl/sdi_file.cc,"(363, 20)-(366, 6)",b'[&](const char *strerr) {\n      my_error(ER_F...'
sql,../repos/mysql-server/sql/dd/impl/sdi_file.cc,"(374, 20)-(377, 6)",b'[&](const char *strerr) {\n      my_error(ER_F...'
sql,../repos/mysql-server/sql/dd/impl/sdi_api.cc,"(201, 7)-(205, 8)","b'[](uint, const char *, Sql_condition::enum_se...'"
sql,../repos/mysql-server/sql/dd/impl/sdi_api.cc,"(206, 7)-(206, 58)","b'[&]() { return open_tables(thd, &tlp, &dummy,...'"
sql,../repos/mysql-server/sql/dd/impl/sdi.cc,"(610, 42)-(623, 4)",b'[&](const Schema &s) {\n    dd::Sdi_type sdi =...'
sql,../repos/mysql-server/sql/dd/impl/sdi.cc,"(642, 42)-(646, 4)",b'[&](const Schema &s) {\n    return checked_ret...'
sql,../repos/mysql-server/sql/dd/impl/sdi.cc,"(668, 46)-(670, 4)",b'[&](const Schema &s) {\n    return checked_ret...'
sql,../repos/mysql-server/sql/dd/dd_table.cc,"(2793, 33)-(2796, 4)",b'[&](const auto &tsh) {\n    tspids.push_back(t...'
sql,../repos/mysql-server/sql/dd/dd_table.cc,"(2806, 22)-(2806, 74)",b'[](Object_id id) { return id != INVALID_OBJEC...'
sql,../repos/mysql-server/sql/dd/dd_table.cc,"(2812, 47)-(2820, 8)",b'[&](const Object_id id) {\n        bool is_enc...'
sql,../repos/mysql-server/sql/dd/dd_table.cc,"(2826, 44)-(2828, 4)",b'[](const Index *ix) {\n    return ix->type() =...'
sql,../repos/mysql-server/sql/dd/dd_table.cc,"(2948, 41)-(2962, 8)",b'[&](const String_type name) {\n        bool is...'
sql,../repos/mysql-server/sql/sql_import.cc,"(67, 47)-(70, 4)",b'[&](THD *) {\n    trans_rollback_stmt(thd);\n  ...'
sql,../repos/mysql-server/sql/sql_import.cc,"(103, 48)-(107, 4)",b'[&](THD *) {\n    for (auto &tgt : targets) {\n...'
sql,../repos/mysql-server/sql/sql_import.cc,"(191, 7)-(195, 8)","b'[](uint, const char *, Sql_condition::enum_se...'"
sql,../repos/mysql-server/sql/sql_import.cc,"(196, 7)-(201, 8)",b'[&]() {\n        for (auto &tgt : targets) {\n ...'
sql,../repos/mysql-server/sql/sp_instr.cc,"(319, 43)-(340, 4)",b'[&]() {\n    m_lex->cleanup(true);\n    if (thd...'
sql,../repos/mysql-server/sql/sort_param.h,"(472, 26)-(472, 69)",b'[](const auto &sf) { return sf.is_varlen; }'
sql,../repos/mysql-server/sql/binlog.cc,"(1572, 44)-(1576, 4)",b'[&is_global_tsid_locked]() {\n    if (is_globa...'
sql,../repos/mysql-server/sql/binlog.cc,"(7381, 7)-(7387, 8)","b'[log_name, log_name_len, &count](LOG_INFO *lo...'"
sql,../repos/mysql-server/sql/binlog.cc,"(7399, 17)-(7409, 18)",b'[purge_offset](LOG_INFO *log_info) {\n        ...'
sql,../repos/mysql-server/sql/binlog.cc,"(8182, 39)-(8186, 4)",b'[&]() -> void {\n    // XID_STATE may have bee...'
sql,../repos/mysql-server/sql/binlog.cc,"(8200, 7)-(8200, 61)",b'[&thd]() { thd->disable_low_level_commit_orde...'
sql,../repos/mysql-server/sql/binlog.cc,"(9857, 54)-(9860, 8)",b'[](const Field *field) {\n        return field...'
sql,../repos/mysql-server/sql/sql_optimizer.cc,"(268, 18)-(271, 19)",b'[&fulltext_tables](Item_func_match *item) {\n ...'
sql,../repos/mysql-server/sql/sql_optimizer.cc,"(281, 7)-(292, 8)","b'[fulltext_tables, &found](const AccessPath *p...'"
sql,../repos/mysql-server/sql/sql_optimizer.cc,"(4767, 18)-(4769, 8)","b'[table_join_idx](Item_field *f1, Item_field *...'"
sql,../repos/mysql-server/sql/sql_optimizer.cc,"(4810, 22)-(4812, 6)","b'[table_join_idx](Item_field *f1, Item_field *...'"
sql,../repos/mysql-server/sql/sql_optimizer.cc,"(10916, 54)-(10920, 11)",b'[](Item *item) {\n           return WalkItem(i...'
sql,../repos/mysql-server/sql/sql_optimizer.cc,"(10919, 32)-(10919, 70)",b'[](Item_func_match *) { return true; }'
sql,../repos/mysql-server/sql/sql_optimizer.cc,"(11434, 19)-(11440, 20)","b'[&found](const AccessPath *subpath, const JOI...'"
sql,../repos/mysql-server/sql/sql_optimizer.cc,"(11534, 37)-(11549, 4)","b'[num_evaluations, &rows](Item *subitem) {\n   ...'"
sql,../repos/mysql-server/sql/sql_optimizer.cc,"(11560, 7)-(11702, 8)","b'[num_evaluations, limit, &rows](const AccessP...'"
sql,../repos/mysql-server/sql/sql_update.cc,"(147, 20)-(152, 10)",b'[&](long want_access) {\n          const bool ...'
sql,../repos/mysql-server/sql/sql_update.cc,"(503, 37)-(509, 4)","b'[&range_scan, table] {\n    if (range_scan != ...'"
sql,../repos/mysql-server/sql/sql_update.cc,"(711, 13)-(711, 70)",b'[table] { table->file->try_semi_consistent_re...'
sql,../repos/mysql-server/sql/sql_update.cc,"(837, 9)-(837, 66)",b'[table] { table->file->try_semi_consistent_re...'
sql,../repos/mysql-server/sql/sql_update.cc,"(1217, 7)-(1222, 8)",b'[&found_table](TABLE *table) {\n        if (fo...'
sql,../repos/mysql-server/sql/sql_update.cc,"(1381, 32)-(1387, 6)",b'[&](const char *cause) {\n      Opt_trace_obje...'
sql,../repos/mysql-server/sql/sql_check_constraint.cc,"(133, 7)-(140, 8)",b'[column_name](Sql_check_constraint_spec *cc_s...'
sql,../repos/mysql-server/sql/parse_tree_nodes.cc,"(2286, 42)-(2288, 4)",b'[&]() {\n    pc->alter_info->cf_appliers = dec...'
sql,../repos/mysql-server/sql/parse_tree_nodes.cc,"(3044, 42)-(3046, 4)",b'[&]() {\n    pc->alter_info->cf_appliers = dec...'
sql,../repos/mysql-server/sql/parse_tree_nodes.cc,"(3238, 9)-(3240, 10)","b'[](const PT_ddl_table_option *lhs, const PT_d...'"
sql,../repos/mysql-server/sql/parse_tree_nodes.cc,"(4949, 18)-(4952, 12)","b'[](LEX_CSTRING a, Alter_tablespace_parse_cont...'"
sql,../repos/mysql-server/sql/parse_tree_nodes.cc,"(4969, 14)-(4975, 8)","b'[](LEX_CSTRING a, Table_ddl_parse_context *pc...'"
sql,../repos/mysql-server/sql/parse_tree_nodes.cc,"(4992, 14)-(4998, 8)","b'[](LEX_CSTRING a, Table_ddl_parse_context *pc...'"
sql,../repos/mysql-server/sql/parse_tree_nodes.cc,"(5015, 14)-(5028, 8)","b'[](LEX_CSTRING a, Column_parse_context *pc) {...'"
sql,../repos/mysql-server/sql/parse_tree_nodes.cc,"(5022, 38)-(5026, 10)","b'[=](Create_field *cf, Alter_info *ai) {\n     ...'"
sql,../repos/mysql-server/sql/parse_tree_nodes.cc,"(5045, 14)-(5057, 8)","b'[](LEX_CSTRING a, Column_parse_context *pc) {...'"
sql,../repos/mysql-server/sql/parse_tree_nodes.cc,"(5052, 38)-(5055, 10)","b'[=](Create_field *cf, Alter_info *) {\n       ...'"
sql,../repos/mysql-server/sql/parse_tree_nodes.cc,"(5074, 14)-(5078, 8)","b'[](LEX_CSTRING a, Table_ddl_parse_context *pc...'"
sql,../repos/mysql-server/sql/parse_tree_nodes.cc,"(5094, 14)-(5097, 8)","b'[](LEX_CSTRING a, Table_ddl_parse_context *pc...'"
sql,../repos/mysql-server/sql/protocol_classic.cc,"(3468, 7)-(3470, 8)","b'[&tm, decimals](char *to) {\n        return my...'"
sql,../repos/mysql-server/sql/protocol_classic.cc,"(3479, 25)-(3479, 75)","b'[&tm](char *to) { return my_date_to_str(tm, to); }'"
sql,../repos/mysql-server/sql/protocol_classic.cc,"(3489, 7)-(3489, 77)","b'[&tm, decimals](char *to) { return my_time_to...'"
sql,../repos/mysql-server/sql/sql_show.cc,"(981, 38)-(989, 39)",b'[&](const char *c) -> bool {\n                ...'
sql,../repos/mysql-server/sql/sql_show.cc,"(1962, 7)-(1962, 66)",b'[&]() { tmp_restore_column_map(table->read_se...'
sql,../repos/mysql-server/sql/sql_time.cc,"(782, 43)-(784, 4)",b'[&](int *w) {\n    return date_add_interval(lt...'
sql,../repos/mysql-server/sql/rpl_replica_commit_order_manager.cc,"(74, 36)-(82, 4)",b'[&]() -> void {\n    worker_thd->mdl_context.m...'
sql,../repos/mysql-server/sql/rpl_replica_commit_order_manager.cc,"(103, 9)-(103, 70)",b'[&]() -> void { worker_thd->mdl_context.done_...'
sql,../repos/mysql-server/sql/rpl_replica_commit_order_manager.cc,"(464, 32)-(464, 78)",b'[&]() -> void { visitor.leave_node(src_ctx); }'
sql,../repos/mysql-server/sql/rpl_replica_commit_order_manager.cc,"(472, 18)-(475, 19)","b'[](cs::apply::Commit_order_queue::Node *wkr,\n...'"
sql,../repos/mysql-server/sql/rpl_replica_commit_order_manager.cc,"(478, 18)-(481, 19)","b'[](cs::apply::Commit_order_queue::Node *wkr,\n...'"
sql,../repos/mysql-server/sql/rpl_replica_commit_order_manager.cc,"(485, 33)-(485, 78)",b'[&]() -> void { this->m_workers.unfreeze(); }'
sql,../repos/mysql-server/sql/rpl_rli_pdb.cc,"(1879, 30)-(1885, 4)","b'[&cleaned_up, &thd, this]() -> void {\n    if ...'"
sql,../repos/mysql-server/sql/rpl_rli_pdb.cc,"(1976, 21)-(1978, 4)",b'[&] {\n    if (thread != nullptr) PSI_THREAD_C...'
sql,../repos/mysql-server/sql/sql_base.cc,"(605, 26)-(605, 79)",b'[table_histograms]() { table_histograms->dest...'
sql,../repos/mysql-server/sql/sql_base.cc,"(4868, 37)-(4870, 10)",b'[thd](TABLE *tab) {\n          release_or_clos...'
sql,../repos/mysql-server/sql/sql_base.cc,"(4878, 37)-(4882, 10)",b'[](TABLE_SHARE *tsh) {\n          mysql_mutex_...'
sql,../repos/mysql-server/sql/sql_base.cc,"(8535, 36)-(8539, 4)",b'[using_fields](Field *field) {\n    return (fi...'
sql,../repos/mysql-server/sql/sql_base.cc,"(9923, 33)-(9945, 4)","b'[table, optype_info, is_row_changed]() {\n    ...'"
sql,../repos/mysql-server/sql/sql_base.cc,"(10370, 23)-(10408, 4)",b'[&](Table_definition_cache::iterator my_it) {...'
sql,../repos/mysql-server/sql/sql_component.cc,"(245, 22)-(248, 4)",b'[&urns]() {\n    for (auto element : urns)\n   ...'
sql,../repos/mysql-server/sql/sql_component.cc,"(310, 22)-(313, 4)",b'[&urns]() {\n    for (auto element : urns)\n   ...'
sql,../repos/mysql-server/sql/sql_component.cc,"(342, 22)-(345, 4)",b'[&urns]() {\n    for (auto element : urns)\n   ...'
sql,../repos/mysql-server/sql/sp.cc,"(1212, 33)-(1222, 4)","b'[&](dd::Routine::enum_routine_type type,\n    ...'"
sql,../repos/mysql-server/sql/sp.cc,"(1259, 33)-(1309, 4)","b'[&](enum_sp_type type,\n                      ...'"
sql,../repos/mysql-server/sql/uniques.cc,"(186, 18)-(189, 4)","b'[&cmp, &first_cmp_arg](const Merge_chunk *a,\n...'"
sql,../repos/mysql-server/sql/bootstrap.cc,"(334, 28)-(334, 73)",b'[&]() { error_handler_hook = existing_hook; }'
sql,../repos/mysql-server/sql/daemon_proxy_keyring/daemon_proxy_keyring.cc,"(189, 37)-(192, 8)",b'[&](st_mysql_keyring *keyring) {\n        retu...'
sql,../repos/mysql-server/sql/daemon_proxy_keyring/daemon_proxy_keyring.cc,"(219, 37)-(222, 8)",b'[&](st_mysql_keyring *keyring) {\n        keyr...'
sql,../repos/mysql-server/sql/daemon_proxy_keyring/daemon_proxy_keyring.cc,"(243, 32)-(247, 8)",b'[&](st_mysql_keyring *keyring) {\n        retu...'
sql,../repos/mysql-server/sql/daemon_proxy_keyring/daemon_proxy_keyring.cc,"(288, 37)-(291, 8)",b'[&](st_mysql_keyring *keyring) {\n        keyr...'
sql,../repos/mysql-server/sql/daemon_proxy_keyring/daemon_proxy_keyring.cc,"(338, 37)-(342, 8)",b'[&](st_mysql_keyring *keyring) {\n        retu...'
sql,../repos/mysql-server/sql/daemon_proxy_keyring/daemon_proxy_keyring.cc,"(443, 37)-(446, 8)",b'[&](st_mysql_keyring *keyring) {\n        retu...'
sql,../repos/mysql-server/sql/daemon_proxy_keyring/daemon_proxy_keyring.cc,"(596, 37)-(599, 8)",b'[&](st_mysql_keyring *keyring) {\n        retu...'
sql,../repos/mysql-server/sql/daemon_proxy_keyring/daemon_proxy_keyring.cc,"(620, 37)-(622, 8)",b'[&](st_mysql_keyring *keyring) {\n        retu...'
sql,../repos/mysql-server/sql/daemon_proxy_keyring/daemon_proxy_keyring.cc,"(644, 37)-(648, 8)",b'[&](st_mysql_keyring *keyring) {\n        retu...'
sql,../repos/mysql-server/sql/item.cc,"(132, 39)-(135, 4)",b'[this](const Item *item) {\n    item->compute_...'
sql,../repos/mysql-server/sql/item.cc,"(515, 53)-(517, 6)",b'[&](int *warnings) {\n      return TIME_to_ulo...'
sql,../repos/mysql-server/sql/item.cc,"(1116, 45)-(1140, 12)",b'[](Item *inner_item) {\n            if (inner_...'
sql,../repos/mysql-server/sql/item.cc,"(4385, 65)-(4387, 8)",b'[&](int *w) {\n        return TIME_to_ulonglon...'
sql,../repos/mysql-server/sql/item.cc,"(10587, 43)-(10613, 2)","b'[2] { item_copy, item };\n  if (aggregate_type...'"
sql,../repos/mysql-server/sql/xa.cc,"(323, 44)-(323, 71)",b'[&] { delete[] info.list; }'
sql,../repos/mysql-server/sql/xa.cc,"(379, 7)-(385, 8)",b'[&](std::shared_ptr<Transaction_ctx> const &i...'
sql,../repos/mysql-server/sql/rpl_replica.cc,"(553, 33)-(557, 4)",b'[&error]() {\n    channel_map.unlock();\n    if...'
sql,../repos/mysql-server/sql/resourcegroups/resource_group_sql_cmd.cc,"(397, 9)-(405, 10)",b'[resource_group](ulonglong pfs_thread_id) {\n ...'
sql,../repos/mysql-server/sql/set_var.cc,"(800, 22)-(815, 8)","b'[this, thd, suppress_not_found_error,\n       ...'"
sql,../repos/mysql-server/sql/set_var.cc,"(826, 22)-(841, 8)","b'[this, thd, suppress_not_found_error,\n       ...'"
sql,../repos/mysql-server/sql/set_var.cc,"(1133, 9)-(1136, 10)","b'[](const System_variable_tracker &a, const Sy...'"
sql,../repos/mysql-server/sql/set_var.cc,"(1498, 18)-(1506, 10)","b'[&error](const System_variable_tracker &, sys...'"
sql,../repos/mysql-server/sql/set_var.cc,"(1650, 12)-(1713, 4)","b'[this, thd](const System_variable_tracker &, ...'"
sql,../repos/mysql-server/sql/set_var.cc,"(1739, 12)-(1745, 4)","b'[this, thd](const System_variable_tracker &, ...'"
sql,../repos/mysql-server/sql/set_var.cc,"(1775, 12)-(1783, 4)","b'[this](const System_variable_tracker &, sys_v...'"
sql,../repos/mysql-server/sql/set_var.cc,"(1845, 12)-(1863, 4)","b'[this, thd](const System_variable_tracker &, ...'"
sql,../repos/mysql-server/sql/auth/sql_user.cc,"(859, 48)-(863, 6)",b'[&] {\n      my_cleanse(const_cast<char *>(Str...'
sql,../repos/mysql-server/sql/auth/sql_user.cc,"(2225, 18)-(2233, 4)","b'[user_from, &result](const char *user, const ...'"
sql,../repos/mysql-server/sql/auth/sql_user.cc,"(3035, 24)-(3038, 25)",b'[&](Role_id &id) -> bool {\n                  ...'
sql,../repos/mysql-server/sql/auth/sql_auth_cache.cc,"(2180, 26)-(2184, 4)","b'[&]() {\n    std::swap(old_granted_roles, g_gr...'"
sql,../repos/mysql-server/sql/auth/sql_auth_cache.cc,"(2186, 32)-(2190, 4)",b'[&]() {\n    delete old_granted_roles;\n    del...'
sql,../repos/mysql-server/sql/auth/acl_table_user.cc,"(2143, 55)-(2154, 6)",b'[=](TABLE *table_inner) {\n      assert(!thd->...'
sql,../repos/mysql-server/sql/auth/acl_table_user.cc,"(2296, 48)-(2296, 75)","b'[](const char *, size_t) {}'"
sql,../repos/mysql-server/sql/auth/acl_table_user.cc,"(2297, 9)-(2297, 60)","b'[] { my_error(ER_JSON_DOCUMENT_TOO_DEEP, MYF(...'"
sql,../repos/mysql-server/sql/auth/acl_table_user.cc,"(2388, 51)-(2388, 78)","b'[](const char *, size_t) {}'"
sql,../repos/mysql-server/sql/auth/sql_authorization.cc,"(396, 18)-(403, 12)",b'[&](const char *str) {\n            LEX_CSTRIN...'
sql,../repos/mysql-server/sql/auth/sql_authorization.cc,"(656, 30)-(663, 6)","b'[&thd, &edge_table, &error,\n                 ...'"
sql,../repos/mysql-server/sql/auth/sql_authorization.cc,"(1022, 27)-(1057, 4)","b'[thd, role, protocol](const Db_access_map &ma...'"
sql,../repos/mysql-server/sql/auth/sql_authorization.cc,"(1058, 39)-(1099, 4)","b'[thd, protocol,\n                             ...'"
sql,../repos/mysql-server/sql/auth/sql_authorization.cc,"(1071, 17)-(1073, 18)","b'[](const auto &p1, const auto &p2) -> bool {\n...'"
sql,../repos/mysql-server/sql/auth/sql_authorization.cc,"(3123, 24)-(3126, 25)",b'[&](const Role_id &id) -> bool {\n            ...'
sql,../repos/mysql-server/sql/auth/sql_authorization.cc,"(3600, 20)-(3607, 16)",b'[&](const char *str) {\n                LEX_CS...'
sql,../repos/mysql-server/sql/auth/sql_authorization.cc,"(4707, 38)-(4710, 8)","b'[&](const Role_id &rid, bool with_admin) {\n  ...'"
sql,../repos/mysql-server/sql/auth/sql_authorization.cc,"(4826, 26)-(4833, 27)",b'[&](const Role_id &id) -> bool {\n            ...'
sql,../repos/mysql-server/sql/auth/sql_authorization.cc,"(6176, 24)-(6178, 4)","b'[&](const Role_id &rid, bool with_admin_opt) ...'"
sql,../repos/mysql-server/sql/auth/sql_authorization.cc,"(6193, 33)-(6197, 4)","b'[&](const Role_id rid, bool) {\n    const LEX_...'"
sql,../repos/mysql-server/sql/auth/sql_authorization.cc,"(7244, 21)-(7277, 10)","b'[&thd, &error, &mandatory_roles](const std::s...'"
sql,../repos/mysql-server/sql/auth/sql_authorization.cc,"(7299, 51)-(7319, 4)",b'[&mandatory_roles](\n                         ...'
sql,../repos/mysql-server/sql/auth/sql_authorization.cc,"(7440, 43)-(7445, 4)",b'[](Security_context *ptr) {\n    if (ptr->has_...'
sql,../repos/mysql-server/sql/xa/sql_xa_prepare.cc,"(137, 46)-(150, 4)",b'[&]() {\n#ifdef HAVE_PSI_TRANSACTION_INTERFACE...'
sql,../repos/mysql-server/sql/xa/sql_xa_prepare.cc,"(204, 46)-(216, 6)",b'[&]() {\n      if (error != 0) ha_rollback_tra...'
sql,../repos/mysql-server/sql/xa/sql_xa_second_phase.cc,"(80, 39)-(82, 4)","b'[detached_xs, this]() -> void {\n    if (this-...'"
sql,../repos/mysql-server/sql/xa/sql_xa_commit.cc,"(191, 32)-(191, 69)",b'[this]() -> void { this->dispose(); }'
sql,../repos/mysql-server/sql/xa/sql_xa_commit.cc,"(195, 7)-(195, 50)",b'[this]() -> void { this->release_locks(); }'
sql,../repos/mysql-server/sql/xa/sql_xa_commit.cc,"(220, 7)-(220, 61)",b'[&]() -> void { thd->lex->sql_command = sql_c...'
sql,../repos/mysql-server/sql/xa/sql_xa_rollback.cc,"(127, 32)-(127, 69)",b'[this]() -> void { this->dispose(); }'
sql,../repos/mysql-server/sql/xa/sql_xa_rollback.cc,"(131, 7)-(131, 50)",b'[this]() -> void { this->release_locks(); }'
sql,../repos/mysql-server/sql/sql_partition_admin.cc,"(397, 31)-(400, 4)",b'[thd](MDL_ticket *ticket) {\n    if (thd->lock...'
sql,../repos/mysql-server/sql/sql_partition_admin.cc,"(492, 46)-(510, 8)",b'[hton](THD *thd_arg) {\n        /*\n          R...'
sql,../repos/mysql-server/sql/sql_partition_admin.cc,"(636, 31)-(638, 4)",b'[](MDL_ticket *ticket) {\n    ticket->downgrad...'
sql,../repos/mysql-server/sql/sql_partition_admin.cc,"(708, 30)-(710, 6)",b'[](TABLE_SHARE *share_arg) {\n      free_table...'
sql,../repos/mysql-server/sql/sql_partition_admin.cc,"(726, 32)-(726, 74)","b'[](TABLE *t) { (void)closefrm(t, false); }'"
sql,../repos/mysql-server/sql/item_json_func.cc,"(439, 9)-(444, 10)","b'[&parse_error, arg_idx, func_name](const char...'"
sql,../repos/mysql-server/sql/item_json_func.cc,"(854, 21)-(856, 4)","b'[&orig](size_t idx1, size_t idx2) {\n    retur...'"
sql,../repos/mysql-server/sql/item_json_func.cc,"(860, 22)-(862, 4)","b'[&orig](size_t idx1, size_t idx2) {\n    retur...'"
sql,../repos/mysql-server/sql/item_json_func.cc,"(1985, 14)-(1996, 4)","b'[binary_cmp](const Item *arg1, const Item *ar...'"
sql,../repos/mysql-server/sql/item_json_func.cc,"(2047, 22)-(2049, 4)",b'[](const Json_path_leg *leg) {\n    return leg...'
sql,../repos/mysql-server/sql/item_json_func.cc,"(4165, 26)-(4167, 8)","b'[thd, saved = thd->check_for_truncated_fields...'"
sql,../repos/mysql-server/sql/item_json_func.cc,"(4333, 26)-(4336, 8)","b'[thd, saved_sql_mode = thd->variables.sql_mod...'"
sql,../repos/mysql-server/sql/item_json_func.cc,"(4687, 17)-(4692, 18)","b'[json_func_name, &parse_error](const char *pa...'"
sql,../repos/mysql-server/sql/migrate_keyring.cc,"(57, 24)-(65, 4)",b'[&]() {\n    if (h_keyring_load_service != nul...'
sql,../repos/mysql-server/sql/item_cmpfunc.cc,"(299, 57)-(326, 8)",b'[&]() {\n        assert(part_no > 0);\n        ...'
sql,../repos/mysql-server/sql/item_cmpfunc.cc,"(2184, 59)-(2190, 4)",b'[](Item *inner_item) {\n    // Reference count...'
sql,../repos/mysql-server/sql/item_cmpfunc.cc,"(2593, 30)-(2640, 4)",b'[&]() {\n    // The index calculation might be...'
sql,../repos/mysql-server/sql/item_cmpfunc.cc,"(2597, 36)-(2611, 6)",b'[&]() {\n      const double reverse_selectivit...'
sql,../repos/mysql-server/sql/item_cmpfunc.cc,"(2669, 7)-(2669, 71)",b'[](const Item *item) { return item->type() ==...'
sql,../repos/mysql-server/sql/item_cmpfunc.cc,"(2671, 30)-(2705, 4)",b'[&]() {\n    // The index calculation might be...'
sql,../repos/mysql-server/sql/item_cmpfunc.cc,"(2773, 45)-(2791, 4)",b'[&]() {\n    switch (functype()) {\n      case ...'
sql,../repos/mysql-server/sql/item_cmpfunc.cc,"(5916, 21)-(5918, 22)","b'[binary_cmp](const Item &i1, const Item &i2) ...'"
sql,../repos/mysql-server/sql/item_cmpfunc.cc,"(8076, 12)-(8089, 13)","b'[available_tables, replace, found](Item *inne...'"
sql,../repos/mysql-server/sql/rpl_info_factory.cc,"(92, 32)-(103, 4)",b'[&] {\n    if (is_error) {\n      if (handler) ...'
sql,../repos/mysql-server/sql/rpl_info_factory.cc,"(171, 32)-(181, 4)",b'[&] {\n    if (is_error) {\n      if (handler) ...'
sql,../repos/mysql-server/sql/rpl_info_factory.cc,"(315, 32)-(325, 4)",b'[&] {\n    if (is_error) {\n      if (handler) ...'
sql,../repos/mysql-server/sql/item_func.cc,"(1044, 44)-(1046, 4)",b'[type](Item *inner_item) {\n    return is_func...'
sql,../repos/mysql-server/sql/item_func.cc,"(1326, 38)-(1329, 4)",b'[](const Item *item) {\n    return ((item->use...'
sql,../repos/mysql-server/sql/item_func.cc,"(1369, 15)-(1372, 16)","b'[type, is_const_or_outer_reference](const Ite...'"
sql,../repos/mysql-server/sql/item_func.cc,"(7186, 12)-(7237, 4)","b'[this, thd](const System_variable_tracker &,\n...'"
sql,../repos/mysql-server/sql/item_func.cc,"(7269, 12)-(7323, 4)","b'[this, thd, &str](const System_variable_track...'"
sql,../repos/mysql-server/sql/item_func.cc,"(7362, 12)-(7417, 4)","b'[this, thd](const System_variable_tracker &,\n...'"
sql,../repos/mysql-server/sql/item_func.cc,"(7802, 46)-(7804, 4)",b'[](const Item *item) {\n    return item->real_...'
sql,../repos/mysql-server/sql/item_func.cc,"(7966, 12)-(7987, 4)","b'[thd, scope, &resolved_scope, &written_to_bin...'"
sql,../repos/mysql-server/sql/rpl_filter.cc,"(1051, 15)-(1054, 16)","b'[](const TABLE_RULE_ENT *a, const TABLE_RULE_...'"
sql,../repos/mysql-server/sql/rpl_async_conn_failover_table_operations.cc,"(116, 7)-(116, 34)","b'[](const char *, size_t) {}'"
sql,../repos/mysql-server/sql/rpl_async_conn_failover_table_operations.cc,"(116, 36)-(116, 41)",b'[] {}'
sql,../repos/mysql-server/sql/rpl_async_conn_failover_table_operations.cc,"(542, 13)-(542, 78)","b'[&](const auto &n, auto &x) { table_op.get_fi...'"
sql,../repos/mysql-server/sql/rpl_async_conn_failover_table_operations.cc,"(563, 20)-(568, 8)","b'[&](const auto &n, const auto &x) {\n        i...'"
sql,../repos/mysql-server/sql/opt_hints.cc,"(798, 16)-(800, 8)","b'[thd](const System_variable_tracker &, sys_va...'"
sql,../repos/mysql-server/sql/table.cc,"(2514, 26)-(2514, 75)",b'[&]() { table->get_fields_in_item_tree = false; }'
sql,../repos/mysql-server/sql/table.cc,"(2642, 18)-(2654, 4)",b'[&]() {\n    if (disable_strict_mode) {\n      ...'
sql,../repos/mysql-server/sql/table.cc,"(2658, 43)-(2666, 4)",b'[&]() {\n    // Any memory allocated to unpack...'
sql,../repos/mysql-server/sql/table.cc,"(7355, 20)-(7361, 4)","b'[&](size_t len, LEX_CSTRING &dest, const LEX_...'"
sql,../repos/mysql-server/sql/table.cc,"(7665, 24)-(7667, 25)","b'[](const Binary_diff &diff, size_t start_offs...'"
sql,../repos/mysql-server/sql/table.cc,"(7678, 26)-(7680, 27)","b'[](size_t end_offset, const Binary_diff &diff...'"
sql,../repos/mysql-server/sql/mysqld.cc,"(8421, 43)-(8424, 6)",b'[ehh_val]() {\n      assert(ehh_val == my_mess...'
sql,../repos/mysql-server/sql/mysqld.cc,"(8425, 27)-(8429, 6)","b'[](uint c, const char *s, myf f) {\n      if (...'"
sql,../repos/mysql-server/sql/mysqld.cc,"(13156, 29)-(13178, 4)","b'[&](char *buffer, size_t len, const char *mes...'"
sql,../repos/mysql-server/sql/sql_class.cc,"(3327, 26)-(3327, 66)",b'[&] { this->pop_event_tracking_data(); }'
sql,../repos/mysql-server/sql/sd_notify.cc,"(121, 32)-(123, 4)","b'[&]() {\n    NotifyGlobals::fmt.str("""");  // c...'"
sql,../repos/mysql-server/sql/persisted_variable.cc,"(376, 12)-(538, 4)","b'[this, thd, setvar](const System_variable_tra...'"
sql,../repos/mysql-server/sql/persisted_variable.cc,"(435, 25)-(529, 6)",b'[&](const char *name) -> bool {\n      struct ...'
sql,../repos/mysql-server/sql/persisted_variable.cc,"(590, 12)-(593, 4)","b'[](const System_variable_tracker &, sys_var *...'"
sql,../repos/mysql-server/sql/persisted_variable.cc,"(715, 23)-(720, 6)","b'[](Json_object &object, const std::string key...'"
sql,../repos/mysql-server/sql/persisted_variable.cc,"(1027, 9)-(1030, 10)","b'[target_var_name, target_var_name_length](st_...'"
sql,../repos/mysql-server/sql/persisted_variable.cc,"(1034, 9)-(1037, 10)","b'[target_var_name, target_var_name_length](st_...'"
sql,../repos/mysql-server/sql/persisted_variable.cc,"(1048, 14)-(1184, 6)","b'[this, thd, &iter, &var_name, plugin_options]...'"
sql,../repos/mysql-server/sql/persisted_variable.cc,"(1139, 25)-(1159, 8)",b'[&](auto &variables) -> bool {\n        auto i...'
sql,../repos/mysql-server/sql/persisted_variable.cc,"(1643, 7)-(1700, 4)","b'[](const Json_object &json_object, std::strin...'"
sql,../repos/mysql-server/sql/persisted_variable.cc,"(1673, 20)-(1673, 67)",b'[](unsigned char c) { return std::toupper(c); }'
sql,../repos/mysql-server/sql/persisted_variable.cc,"(1686, 20)-(1686, 67)",b'[](unsigned char c) { return std::toupper(c); }'
sql,../repos/mysql-server/sql/persisted_variable.cc,"(1763, 7)-(1779, 8)","b'[&](std::function<bool(const char *)> exists,...'"
sql,../repos/mysql-server/sql/persisted_variable.cc,"(1786, 9)-(1792, 10)",b'[&](const char *name) -> bool {\n          aut...'
sql,../repos/mysql-server/sql/persisted_variable.cc,"(1788, 34)-(1790, 35)",b'[name](st_persist_var const &s) {\n           ...'
sql,../repos/mysql-server/sql/persisted_variable.cc,"(1793, 9)-(1793, 76)",b'[&](st_persist_var &v) { m_persisted_dynamic_...'
sql,../repos/mysql-server/sql/persisted_variable.cc,"(1801, 9)-(1807, 10)",b'[&](const char *name) -> bool {\n          aut...'
sql,../repos/mysql-server/sql/persisted_variable.cc,"(1803, 34)-(1805, 35)",b'[name](st_persist_var const &s) {\n           ...'
sql,../repos/mysql-server/sql/persisted_variable.cc,"(1808, 9)-(1810, 10)",b'[&](st_persist_var &v) {\n          m_persiste...'
sql,../repos/mysql-server/sql/persisted_variable.cc,"(1816, 9)-(1819, 10)",b'[&](const char *name) -> bool {\n          ret...'
sql,../repos/mysql-server/sql/persisted_variable.cc,"(1820, 9)-(1820, 76)",b'[&](st_persist_var &v) { m_persisted_static_v...'
sql,../repos/mysql-server/sql/persisted_variable.cc,"(1826, 9)-(1829, 10)",b'[&](const char *name) -> bool {\n          ret...'
sql,../repos/mysql-server/sql/persisted_variable.cc,"(1830, 9)-(1832, 10)",b'[&](st_persist_var &v) {\n          m_persiste...'
sql,../repos/mysql-server/sql/persisted_variable.cc,"(1862, 26)-(1864, 6)",b'[&one](st_persist_var const &s) -> bool {\n   ...'
sql,../repos/mysql-server/sql/persisted_variable.cc,"(1897, 20)-(1912, 4)",b'[&]() -> bool {\n    string parsed_value;\n    ...'
sql,../repos/mysql-server/sql/persisted_variable.cc,"(1909, 9)-(1909, 36)","b'[](const char *, size_t) {}'"
sql,../repos/mysql-server/sql/persisted_variable.cc,"(2174, 22)-(2179, 6)",b'[&found](auto &variables) {\n      if (!variab...'
sql,../repos/mysql-server/sql/persisted_variable.cc,"(2190, 27)-(2235, 6)",b'[&](const char *name_cptr) -> bool {\n      st...'
sql,../repos/mysql-server/sql/persisted_variable.cc,"(2193, 28)-(2195, 8)",b'[&name_str](st_persist_var const &s) -> bool ...'
sql,../repos/mysql-server/sql/persisted_variable.cc,"(2197, 35)-(2210, 8)","b'[&thd, &found,\n                              ...'"
sql,../repos/mysql-server/sql/persisted_variable.cc,"(2219, 25)-(2227, 8)","b'[&thd, &found, &name_str](auto &variables) ->...'"
sql,../repos/mysql-server/sql/persisted_variable.cc,"(2397, 37)-(2400, 4)",b'[&]() {\n    if (secret != nullptr) my_free(se...'
sql,../repos/mysql-server/sql/persisted_variable.cc,"(2615, 7)-(2615, 34)","b'[](const char *, size_t) {}'"
sql,../repos/mysql-server/sql/sql_executor.cc,"(709, 37)-(711, 4)",b'[condition_parts](Item *item) {\n    return co...'
sql,../repos/mysql-server/sql/sql_executor.cc,"(724, 19)-(731, 20)","b'[&any_mrr_paths](const AccessPath *sub_path, ...'"
sql,../repos/mysql-server/sql/sql_executor.cc,"(1261, 25)-(1268, 26)","b'[filesort](AccessPath *subpath, const JOIN *)...'"
sql,../repos/mysql-server/sql/sql_executor.cc,"(1546, 29)-(1570, 4)","b'[&bottom_of_table_path, &ancestor_paths, path...'"
sql,../repos/mysql-server/sql/sql_executor.cc,"(1960, 7)-(1967, 8)","b'[&pruned_tables](const AccessPath *subpath, c...'"
sql,../repos/mysql-server/sql/sql_executor.cc,"(2157, 14)-(2160, 15)",b'[pruned_tables](const HashJoinCondition &cond...'
sql,../repos/mysql-server/sql/sql_executor.cc,"(4250, 32)-(4266, 4)","b'[thd, item, fields](Item *sub_item, Item *,\n ...'"
sql,../repos/mysql-server/sql/sql_executor.cc,"(4400, 7)-(4419, 8)","b'[thd, select](Item *item, Item *, unsigned) -...'"
sql,../repos/mysql-server/sql/histograms/histogram.cc,"(1119, 43)-(1121, 4)","b'[table, scan_ctx]() {\n    table->file->ha_sam...'"
sql,../repos/mysql-server/sql/tc_log.cc,"(113, 39)-(113, 69)",b'[&]() -> void { xs->reset(); }'
sql,../repos/mysql-server/sql/tc_log.cc,"(130, 39)-(130, 69)",b'[&]() -> void { xs->reset(); }'
sql,../repos/mysql-server/sql/sql_parse.cc,"(1743, 41)-(1746, 4)",b'[&]() {\n    assert(thd->lex->m_IS_table_stats...'
sql,../repos/mysql-server/sql/create_def.cc,"(436, 45)-(457, 4)","b'[argc, argv, &link_cpu_time] {\n    // Prepare...'"
sql,../repos/mysql-server/sql/create_def.cc,"(447, 9)-(447, 70)",b'[&symbol_map](std::string &line) { symbol_map...'
sql,../repos/mysql-server/sql/create_def.cc,"(450, 9)-(452, 10)","b'[&buffer](const char *buf, size_t bytes_count...'"
sql,../repos/mysql-server/sql/sql_admin.cc,"(365, 35)-(368, 4)",b'[thd]() {\n    thd->get_stmt_da()->reset_condi...'
sql,../repos/mysql-server/sql/sql_admin.cc,"(1131, 62)-(1134, 10)","b'[&]() {\n          DBUG_PRINT(""admin"", (""calli...'"
sql,../repos/mysql-server/sql/sql_admin.cc,"(1676, 41)-(1682, 4)",b'[secondary_share]() {\n    if (secondary_share...'
sql,../repos/mysql-server/sql/sql_admin.cc,"(1690, 26)-(1690, 79)",b'[table_histograms]() { table_histograms->dest...'
sql,../repos/mysql-server/sql/sql_admin.cc,"(1700, 26)-(1704, 8)",b'[table_histograms_secondary]() {\n        if (...'
sql,../repos/mysql-server/sql/sql_admin.cc,"(1860, 44)-(1864, 4)",b'[thd]() {\n    trans_rollback_stmt(thd);\n    t...'
sql,../repos/mysql-server/sql/item_sum.cc,"(327, 56)-(331, 10)",b'[this](Item *subitem) {\n          if (subitem...'
sql,../repos/mysql-server/sql/item_sum.cc,"(6462, 23)-(6468, 6)","b'[&srs](gis::Geometry *geometrya,\n            ...'"
sql,../repos/mysql-server/sql/sql_resolver.cc,"(648, 42)-(655, 8)","b'[this, &is_updated](Item *inner_item) {\n     ...'"
sql,../repos/mysql-server/sql/sql_resolver.cc,"(3152, 45)-(3155, 14)",b'[&](Table_ref *tr) -> bool {\n              re...'
sql,../repos/mysql-server/sql/sql_resolver.cc,"(3177, 50)-(3185, 4)",b'[&](Table_ref *tr) -> bool {\n    if (tr->join...'
sql,../repos/mysql-server/sql/sql_resolver.cc,"(3743, 13)-(3745, 14)","b'[](Item_exists_subselect *el1, Item_exists_su...'"
sql,../repos/mysql-server/sql/sql_resolver.cc,"(4794, 45)-(4810, 4)",b'[](Item *inner_item) {\n    if (inner_item->ty...'
sql,../repos/mysql-server/sql/sql_resolver.cc,"(4835, 7)-(4840, 8)","b'[this, &changed](Item *inner_item, Item *pare...'"
sql,../repos/mysql-server/sql/sql_resolver.cc,"(4859, 13)-(4871, 14)",b'[&info](Item *inner_item) {\n              if ...'
sql,../repos/mysql-server/sql/sql_resolver.cc,"(4961, 51)-(4973, 10)",b'[query_block](Item *item) {\n          if (is_...'
sql,../repos/mysql-server/sql/sql_resolver.cc,"(4979, 51)-(4991, 10)",b'[query_block](Item *item) {\n          if (is_...'
sql,../repos/mysql-server/sql/sql_resolver.cc,"(5019, 16)-(5027, 17)",b'[&any_nullable_wf](Item *inner_item) {\n      ...'
sql,../repos/mysql-server/sql/sql_resolver.cc,"(5490, 52)-(5495, 6)",b'[&](Table_ref *tr) -> bool {\n      if (tr->jo...'
sql,../repos/mysql-server/sql/sql_resolver.cc,"(6621, 7)-(6627, 8)","b'[join_cond, &nested_join_list](Table_ref *tr)...'"
sql,../repos/mysql-server/sql/sql_resolver.cc,"(6640, 26)-(6642, 27)",b'[join_cond](Table_ref *tl) -> bool {\n        ...'
sql,../repos/mysql-server/sql/sql_resolver.cc,"(6896, 28)-(6896, 72)",b'[&f](const Item *item) { return f == item; }'
sql,../repos/mysql-server/sql/sql_resolver.cc,"(7653, 11)-(7662, 12)",b'[&](Item **expr_p) mutable -> bool {\n        ...'
sql,../repos/mysql-server/sql/sql_resolver.cc,"(7845, 15)-(7852, 16)",b'[&](Item **expr_p) mutable -> bool {\n        ...'
sql,../repos/mysql-server/sql/sql_resolver.cc,"(7914, 20)-(7929, 21)","b'[this, thd, &refs_to_fulltext](Item_func_matc...'"
sql,../repos/mysql-server/sql/sql_resolver.cc,"(7936, 46)-(7943, 6)",b'[&](Item *sub_item) -> Item * {\n      if (sub...'
sql,../repos/mysql-server/sql/ssl_acceptor_context_data.cc,"(76, 18)-(76, 60)","b'[&](FILE *ptr) { my_fclose(ptr, MYF(0)); }'"
sql,../repos/mysql-server/sql/sql_db.cc,"(745, 19)-(745, 56)",b'[](MY_DIR *dirp) { my_dirend(dirp); }'
sql,../repos/mysql-server/sql/gis/is_simple.cc,"(112, 30)-(131, 4)","b'[&](const Geometry &g1, const Geometry &g2) {...'"
sql,../repos/mysql-server/sql/gis/is_valid.cc,"(70, 22)-(70, 76)",b'[this](const Geometry *a) { return apply(*thi...'
sql,../repos/mysql-server/sql/gis/is_valid.cc,"(91, 22)-(91, 76)",b'[this](const Geometry *a) { return apply(*thi...'
sql,../repos/mysql-server/sql/sql_error.cc,"(576, 9)-(576, 79)",b'[&](const Sql_condition &preexisting) { retur...'
sql,../repos/mysql-server/sql/rpl_commit_stage_manager.cc,"(212, 7)-(212, 72)","b'[thd, this]() -> void { this->update_session_...'"
sql,../repos/mysql-server/sql/sql_cmd_ddl_table.cc,"(325, 9)-(325, 72)",b'[lex] { lex->set_secondary_engine_execution_c...'
sql,../repos/mysql-server/sql/sql_cmd_ddl_table.cc,"(508, 18)-(513, 6)","b'[](const LEX_CSTRING &s1, const LEX_CSTRING &...'"
sql,../repos/mysql-server/sql/sql_gipk.cc,"(71, 41)-(73, 8)",b'[](const Key_spec *ks) {\n        return (ks->...'
sql,../repos/mysql-server/sql/sql_gipk.cc,"(278, 57)-(280, 10)",b'[](const Key_spec *ks) {\n          return (ks...'
sql,../repos/mysql-server/sql/sql_gipk.cc,"(313, 13)-(316, 14)",b'[](const Alter_drop *d) {\n              retur...'
sql,../repos/mysql-server/sql/sql_gipk.cc,"(326, 20)-(330, 21)",b'[](const Alter_drop *d) {\n                   ...'
sql,../repos/mysql-server/sql/iterators/hash_join_iterator.cc,"(307, 24)-(315, 6)",b'[&]() {\n      if (ReadFirstProbeRow()) {\n    ...'
sql,../repos/mysql-server/sql/iterators/composite_iterators.cc,"(919, 14)-(922, 15)",b'[](const Table_ref *table_ref) {\n            ...'
sql,../repos/mysql-server/sql/iterators/composite_iterators.cc,"(996, 46)-(998, 4)",b'[&] {\n    if (table()->file->inited == handle...'
sql,../repos/mysql-server/sql/iterators/composite_iterators.cc,"(1127, 7)-(1132, 8)","b'[this, set_error_handler, save_check_for_trun...'"
sql,../repos/mysql-server/sql/iterators/composite_iterators.cc,"(1147, 45)-(1153, 4)",b'[this] {\n    for (const materialize_iterator:...'
sql,../repos/mysql-server/sql/iterators/composite_iterators.cc,"(1661, 23)-(1664, 4)",b'[t]() -> ulonglong {\n    ulonglong cnt = stat...'
sql,../repos/mysql-server/sql/iterators/composite_iterators.cc,"(1852, 23)-(1858, 4)","b'[t, set_counter_0, set_counter_1]() -> ulongl...'"
sql,../repos/mysql-server/sql/iterators/composite_iterators.cc,"(1861, 7)-(1881, 4)","b'[this, t, &operands](int seen_tmp_table_error...'"
sql,../repos/mysql-server/sql/iterators/composite_iterators.cc,"(3060, 52)-(3064, 4)",b'[&] {\n    if (m_output_slice != -1 && !m_join...'
sql,../repos/mysql-server/sql/iterators/composite_iterators.cc,"(3223, 26)-(3223, 64)",b'[&] { table()->file->ha_index_end(); }'
sql,../repos/mysql-server/sql/iterators/window_iterators.cc,"(366, 15)-(368, 4)","b'[](std::pair<TABLE *const, my_bitmap_map *> &...'"
sql,../repos/mysql-server/sql/join_optimizer/graph_simplification.cc,"(267, 15)-(306, 4)","b'[&](int left_component, int right_component,\n...'"
sql,../repos/mysql-server/sql/join_optimizer/graph_simplification.cc,"(525, 15)-(533, 4)","b'[&num_in_component0, &graph](\n               ...'"
sql,../repos/mysql-server/sql/join_optimizer/finalize_plan.cc,"(115, 7)-(124, 8)",b'[items](Item *item) {\n        if (item->has_g...'
sql,../repos/mysql-server/sql/join_optimizer/finalize_plan.cc,"(125, 7)-(125, 38)",b'[](Item *item) { return item; }'
sql,../repos/mysql-server/sql/join_optimizer/finalize_plan.cc,"(160, 11)-(160, 72)",b'[](const Item *item) { return item->has_group...'
sql,../repos/mysql-server/sql/join_optimizer/finalize_plan.cc,"(213, 15)-(213, 73)",b'[item](const Func_ptr &ptr) { return ptr.func...'
sql,../repos/mysql-server/sql/join_optimizer/finalize_plan.cc,"(227, 36)-(229, 37)",b'[](const Func_ptr &func) {\n                  ...'
sql,../repos/mysql-server/sql/join_optimizer/finalize_plan.cc,"(333, 18)-(342, 19)",b'[materialized_base_tables](Item *item) {\n    ...'
sql,../repos/mysql-server/sql/join_optimizer/finalize_plan.cc,"(419, 36)-(426, 8)","b'[](Item *sub_item, Item *,\n                  ...'"
sql,../repos/mysql-server/sql/join_optimizer/finalize_plan.cc,"(683, 7)-(700, 8)","b'[](AccessPath *path, JOIN *join [[maybe_unuse...'"
sql,../repos/mysql-server/sql/join_optimizer/finalize_plan.cc,"(710, 7)-(756, 8)","b'[thd, query_block, &applied_replacements, &la...'"
sql,../repos/mysql-server/sql/join_optimizer/build_interesting_orders.cc,"(323, 13)-(325, 14)","b'[](const OrderElement &a, const OrderElement ...'"
sql,../repos/mysql-server/sql/join_optimizer/build_interesting_orders.cc,"(898, 24)-(901, 25)",b'[real_item](const Item *field) {\n            ...'
sql,../repos/mysql-server/sql/join_optimizer/join_optimizer.cc,"(784, 48)-(793, 6)","b'[this, node_idx] {\n      if (node_idx == 0) {...'"
sql,../repos/mysql-server/sql/join_optimizer/join_optimizer.cc,"(995, 49)-(999, 10)",b'[&applied_fields](Item *item) {\n          ret...'
sql,../repos/mysql-server/sql/join_optimizer/join_optimizer.cc,"(1006, 42)-(1011, 12)",b'[&subsumed_fields](Item *item) {\n            ...'
sql,../repos/mysql-server/sql/join_optimizer/join_optimizer.cc,"(1414, 26)-(1414, 71)",b'[thd{m_thd}] { thd->pop_internal_handler(); }'
sql,../repos/mysql-server/sql/join_optimizer/join_optimizer.cc,"(1653, 19)-(1656, 20)","b'[table, keynr](const ActiveIndexInfo &info) {...'"
sql,../repos/mysql-server/sql/join_optimizer/join_optimizer.cc,"(1798, 15)-(1798, 77)",b'[idx](const PossibleRORScan &scan) { return s...'
sql,../repos/mysql-server/sql/join_optimizer/join_optimizer.cc,"(1903, 15)-(1906, 16)",b'[table](const ActiveIndexInfo &info) {\n      ...'
sql,../repos/mysql-server/sql/join_optimizer/join_optimizer.cc,"(2464, 27)-(2467, 28)","b'[table, keynr](const ActiveIndexInfo &info) {...'"
sql,../repos/mysql-server/sql/join_optimizer/join_optimizer.cc,"(2521, 49)-(2523, 4)",b'[](Item *item) {\n    return item->type() == I...'
sql,../repos/mysql-server/sql/join_optimizer/join_optimizer.cc,"(2810, 22)-(2813, 23)",b'[field](const SargablePredicate &sp) {\n      ...'
sql,../repos/mysql-server/sql/join_optimizer/join_optimizer.cc,"(2858, 21)-(2861, 22)",b'[&sargable_predicates](const KEY_PART_INFO &k...'
sql,../repos/mysql-server/sql/join_optimizer/join_optimizer.cc,"(4329, 43)-(4351, 4)",b'[&]() {\n    if (right_path->parameter_tables ...'
sql,../repos/mysql-server/sql/join_optimizer/join_optimizer.cc,"(4600, 38)-(4604, 4)","b'[](uint64_t redundant_sargable,\n             ...'"
sql,../repos/mysql-server/sql/join_optimizer/join_optimizer.cc,"(5311, 15)-(5348, 4)","b'[join_order](const AccessPath *subpath, const...'"
sql,../repos/mysql-server/sql/join_optimizer/join_optimizer.cc,"(5377, 19)-(5383, 20)","b'[this, &all_ok](const AccessPath *subpath, co...'"
sql,../repos/mysql-server/sql/join_optimizer/join_optimizer.cc,"(5889, 28)-(5889, 76)",b'[table]() { bitmap_clear_all(&table->tmp_set); }'
sql,../repos/mysql-server/sql/join_optimizer/join_optimizer.cc,"(6102, 26)-(6104, 27)",b'[parent](const Item_func_match &match) {\n    ...'
sql,../repos/mysql-server/sql/join_optimizer/join_optimizer.cc,"(6739, 16)-(6745, 17)",b'[&any_wf](Item *item) {\n                 if (...'
sql,../repos/mysql-server/sql/join_optimizer/join_optimizer.cc,"(7235, 30)-(7237, 12)",b'[&properties](const ContainedSubquery &subque...'
sql,../repos/mysql-server/sql/join_optimizer/join_optimizer.cc,"(7262, 30)-(7264, 12)",b'[&properties](const ContainedSubquery &subque...'
sql,../repos/mysql-server/sql/join_optimizer/join_optimizer.cc,"(7277, 7)-(7285, 8)","b'[&already_agg](const AccessPath *path, const ...'"
sql,../repos/mysql-server/sql/join_optimizer/join_optimizer.cc,"(7976, 25)-(7978, 26)","b'[](const AccessPath *a, const AccessPath *b) ...'"
sql,../repos/mysql-server/sql/join_optimizer/join_optimizer.cc,"(8020, 19)-(8024, 20)","b'[&](const AccessPath *path, const JOIN *) {\n ...'"
sql,../repos/mysql-server/sql/join_optimizer/explain_access_path.cc,"(316, 31)-(370, 4)","b'[children, source_text](const Item *item) {\n ...'"
sql,../repos/mysql-server/sql/join_optimizer/explain_access_path.cc,"(337, 22)-(339, 23)",b'[path](const ExplainChild &existing) {\n      ...'
sql,../repos/mysql-server/sql/join_optimizer/explain_access_path.cc,"(409, 57)-(432, 4)",b'[&]() {\n    if (explain_analyze) {\n      /*\n ...'
sql,../repos/mysql-server/sql/join_optimizer/explain_access_path.cc,"(421, 29)-(423, 30)",b'[](const Table_ref *tab) {\n                  ...'
sql,../repos/mysql-server/sql/join_optimizer/explain_access_path.cc,"(1878, 30)-(1883, 6)",b'[&children](const ExplainChild &sel_child) {\n...'
sql,../repos/mysql-server/sql/join_optimizer/explain_access_path.cc,"(1880, 26)-(1882, 27)",b'[&sel_child](const ExplainChild &child) {\n   ...'
sql,../repos/mysql-server/sql/join_optimizer/walk_access_paths.h,"(265, 7)-(346, 8)","b'[&](AccessPath *path, const JOIN *) {\n       ...'"
sql,../repos/mysql-server/sql/join_optimizer/interesting_orders.cc,"(121, 22)-(121, 77)",b'[item](OrderElement elem) { return elem.item ...'
sql,../repos/mysql-server/sql/join_optimizer/interesting_orders.cc,"(172, 26)-(174, 27)",b'[](OrderElement e) {\n                        ...'
sql,../repos/mysql-server/sql/join_optimizer/interesting_orders.cc,"(180, 26)-(182, 27)",b'[](OrderElement e) {\n                        ...'
sql,../repos/mysql-server/sql/join_optimizer/interesting_orders.cc,"(664, 44)-(681, 10)",b'[&base_field](Item *sub_item) {\n          if ...'
sql,../repos/mysql-server/sql/join_optimizer/interesting_orders.cc,"(954, 18)-(956, 19)",b'[&grouping](const OrderElement &element) {\n  ...'
sql,../repos/mysql-server/sql/join_optimizer/interesting_orders.cc,"(1131, 30)-(1132, 70)","b'[](const pair<ItemHandle, ItemHandle> &a,\n   ...'"
sql,../repos/mysql-server/sql/join_optimizer/interesting_orders.cc,"(1135, 21)-(1137, 22)","b'[](ItemHandle a, const pair<ItemHandle, ItemH...'"
sql,../repos/mysql-server/sql/join_optimizer/interesting_orders.cc,"(1176, 58)-(1178, 4)",b'[](OrderElement e) {\n    return e.direction =...'
sql,../repos/mysql-server/sql/join_optimizer/interesting_orders.cc,"(1181, 8)-(1183, 9)","b'[this](const OrderElement &a, const OrderElem...'"
sql,../repos/mysql-server/sql/join_optimizer/interesting_orders.cc,"(1512, 51)-(1515, 18)",b'[this](OrderElement element) {\n              ...'
sql,../repos/mysql-server/sql/join_optimizer/interesting_orders.cc,"(1603, 29)-(1610, 8)",b'[&]() {\n        return OrderWithElementInsert...'
sql,../repos/mysql-server/sql/join_optimizer/interesting_orders.cc,"(1687, 7)-(1690, 8)",b'[this](const OrderElement &elem) {\n        //...'
sql,../repos/mysql-server/sql/join_optimizer/interesting_orders.cc,"(2021, 12)-(2024, 13)","b'[](const NFSMEdge &a, const NFSMEdge &b) {\n  ...'"
sql,../repos/mysql-server/sql/join_optimizer/interesting_orders.cc,"(2027, 18)-(2030, 19)","b'[](const NFSMEdge &a, const NFSMEdge &b) {\n  ...'"
sql,../repos/mysql-server/sql/join_optimizer/relational_expression.cc,"(66, 31)-(69, 4)","b'[](const EqualTerm *term, const Field *field)...'"
sql,../repos/mysql-server/sql/join_optimizer/relational_expression.cc,"(71, 26)-(75, 4)",b'[&](const Field *field) {\n    return std::fin...'
sql,../repos/mysql-server/sql/join_optimizer/relational_expression.cc,"(74, 9)-(74, 76)",b'[&](const EqualTerm &term) { return contains_...'
sql,../repos/mysql-server/sql/join_optimizer/access_path.cc,"(181, 15)-(196, 4)","b'[type, &found_path](AccessPath *subpath, cons...'"
sql,../repos/mysql-server/sql/join_optimizer/access_path.cc,"(273, 7)-(282, 8)",b'[&tmap](TABLE *table) {\n        if (table->po...'
sql,../repos/mysql-server/sql/join_optimizer/access_path.cc,"(292, 7)-(295, 8)",b'[&tables](TABLE *table) {\n        tables.push...'
sql,../repos/mysql-server/sql/join_optimizer/access_path.cc,"(303, 18)-(303, 77)",b'[&tables](TABLE *table) { return tables.push_...'
sql,../repos/mysql-server/sql/join_optimizer/access_path.cc,"(319, 7)-(327, 8)","b'[&tables](const AccessPath *path, const JOIN ...'"
sql,../repos/mysql-server/sql/join_optimizer/access_path.cc,"(382, 53)-(401, 8)","b'[thd, join](Item *item) {\n        if (!is_qua...'"
sql,../repos/mysql-server/sql/join_optimizer/access_path.cc,"(458, 14)-(460, 15)",b'[](const HashJoinCondition &condition) {\n    ...'
sql,../repos/mysql-server/sql/join_optimizer/access_path.cc,"(939, 37)-(941, 10)",b'[](const AccessPath &p) {\n          return p....'
sql,../repos/mysql-server/sql/join_optimizer/access_path.cc,"(1337, 39)-(1366, 4)","b'[path, &handled_by_others](\n                 ...'"
sql,../repos/mysql-server/sql/join_optimizer/access_path.cc,"(1608, 19)-(1613, 20)","b'[thd, &predicates, num_where_predicates](\n   ...'"
sql,../repos/mysql-server/sql/join_optimizer/access_path.cc,"(1620, 7)-(1626, 8)","b'[&tables](AccessPath *subpath, const JOIN *) ...'"
sql,../repos/mysql-server/sql/join_optimizer/find_contained_subqueries.h,"(55, 12)-(63, 13)","b'[outer_query_block, &func](Item *item) {\n    ...'"
sql,../repos/mysql-server/sql/join_optimizer/replace_item.cc,"(105, 32)-(116, 4)","b'[&modified, &items_to_copy, need_exact_match]...'"
sql,../repos/mysql-server/sql/join_optimizer/cost_model.cc,"(188, 7)-(190, 8)","b'[thd, num_rows, &cost](const ContainedSubquer...'"
sql,../repos/mysql-server/sql/join_optimizer/cost_model.cc,"(367, 43)-(371, 10)",b'[field](const Item *item) {\n          assert(...'
sql,../repos/mysql-server/sql/join_optimizer/cost_model.cc,"(430, 41)-(432, 42)","b'[](const Prefix *a, const Prefix *b) {\n      ...'"
sql,../repos/mysql-server/sql/join_optimizer/cost_model.cc,"(525, 13)-(527, 14)",b'[](const Cached_item &cached) {\n             ...'
sql,../repos/mysql-server/sql/join_optimizer/cost_model.cc,"(737, 7)-(741, 8)",b'[=](double input_rows) {\n        // Prevent d...'
sql,../repos/mysql-server/sql/join_optimizer/cost_model.cc,"(742, 7)-(748, 8)",b'[=](double input_rows) {\n        const double...'
sql,../repos/mysql-server/sql/join_optimizer/cost_model.cc,"(820, 9)-(822, 10)",b'[terms](double aggregate_rows) {\n          re...'
sql,../repos/mysql-server/sql/join_optimizer/cost_model.cc,"(823, 9)-(825, 10)","b'[terms, trace](double aggregate_rows) {\n     ...'"
sql,../repos/mysql-server/sql/join_optimizer/cost_model.cc,"(856, 7)-(856, 63)",b'[&](double input_rows) { return std::sqrt(inp...'
sql,../repos/mysql-server/sql/join_optimizer/cost_model.cc,"(857, 7)-(859, 8)",b'[&](double input_rows) {\n        return Estim...'
sql,../repos/mysql-server/sql/join_optimizer/cost_model.cc,"(982, 30)-(998, 4)",b'[&](const Item *item) {\n    if (item->type() ...'
sql,../repos/mysql-server/sql/join_optimizer/cost_model.cc,"(990, 15)-(993, 16)",b'[&](const Item *other_field) {\n              ...'
sql,../repos/mysql-server/sql/join_optimizer/estimate_selectivity.cc,"(155, 32)-(160, 4)",b'[&](const Field &field) {\n    return std::any...'
sql,../repos/mysql-server/sql/join_optimizer/estimate_selectivity.cc,"(157, 24)-(159, 25)",b'[&](const KEY_PART_INFO &target_part) {\n     ...'
sql,../repos/mysql-server/sql/join_optimizer/estimate_selectivity.cc,"(163, 28)-(168, 4)",b'[&](const KEY &key) {\n    return std::all_of(...'
sql,../repos/mysql-server/sql/join_optimizer/estimate_selectivity.cc,"(165, 24)-(167, 25)",b'[&](const KEY_PART_INFO &part) {\n            ...'
sql,../repos/mysql-server/sql/join_optimizer/estimate_selectivity.cc,"(170, 54)-(175, 4)",b'[&](const KEY &key) {\n    return key.user_def...'
sql,../repos/mysql-server/sql/join_optimizer/estimate_selectivity.cc,"(248, 40)-(262, 8)",b'[&]() {\n        if (part_no == 0) {\n         ...'
sql,../repos/mysql-server/sql/join_optimizer/make_join_hypergraph.cc,"(155, 57)-(159, 8)",b'[](const Item *item) {\n        return item->t...'
sql,../repos/mysql-server/sql/join_optimizer/make_join_hypergraph.cc,"(162, 20)-(165, 21)","b'[](const Item *a, const Item *b) {\n          ...'"
sql,../repos/mysql-server/sql/join_optimizer/make_join_hypergraph.cc,"(168, 25)-(168, 79)",b'[](const Item *item) { return !item->has_subq...'
sql,../repos/mysql-server/sql/join_optimizer/make_join_hypergraph.cc,"(172, 7)-(172, 66)",b'[](const Item *item) { return item->cost().Is...'
sql,../repos/mysql-server/sql/join_optimizer/make_join_hypergraph.cc,"(219, 18)-(219, 45)",b'[](Item *) { return true; }'
sql,../repos/mysql-server/sql/join_optimizer/make_join_hypergraph.cc,"(220, 7)-(293, 8)",b'[tables_in_subtree](Item *item) -> Item * {\n ...'
sql,../repos/mysql-server/sql/join_optimizer/make_join_hypergraph.cc,"(547, 22)-(550, 23)",b'[used_tables](const RelationalExpression *chi...'
sql,../repos/mysql-server/sql/join_optimizer/make_join_hypergraph.cc,"(1211, 18)-(1211, 45)",b'[](Item *) { return true; }'
sql,../repos/mysql-server/sql/join_optimizer/make_join_hypergraph.cc,"(1212, 7)-(1228, 8)","b'[visible_tables, all_tables](Item *item) -> I...'"
sql,../repos/mysql-server/sql/join_optimizer/make_join_hypergraph.cc,"(2264, 16)-(2264, 43)",b'[](Item *) { return true; }'
sql,../repos/mysql-server/sql/join_optimizer/make_join_hypergraph.cc,"(2265, 11)-(2283, 12)","b'[tables_in_subtree, is_filter](Item *item) ->...'"
sql,../repos/mysql-server/sql/join_optimizer/make_join_hypergraph.cc,"(2589, 9)-(2595, 10)",b'[total_eligibility_set](const ConflictRule &r...'
sql,../repos/mysql-server/sql/join_optimizer/make_join_hypergraph.cc,"(2681, 19)-(2706, 8)","b'[expr, graph, &conflict_rules](RelationalExpr...'"
sql,../repos/mysql-server/sql/join_optimizer/make_join_hypergraph.cc,"(2710, 20)-(2727, 8)","b'[expr, graph, &conflict_rules](RelationalExpr...'"
sql,../repos/mysql-server/sql/join_optimizer/make_join_hypergraph.cc,"(2798, 21)-(2801, 4)",b'[](const Predicate &p) {\n    return (p.select...'
sql,../repos/mysql-server/sql/join_optimizer/make_join_hypergraph.cc,"(2805, 32)-(2807, 4)","b'[&](const Predicate &p1, const Predicate &p2)...'"
sql,../repos/mysql-server/sql/join_optimizer/make_join_hypergraph.cc,"(2812, 37)-(2814, 4)",b'[](const Predicate &pred) {\n    return !pred....'
sql,../repos/mysql-server/sql/join_optimizer/make_join_hypergraph.cc,"(2818, 37)-(2820, 4)",b'[](const Predicate &p) {\n    return !p.condit...'
sql,../repos/mysql-server/sql/join_optimizer/make_join_hypergraph.cc,"(2879, 27)-(2881, 28)",b'[&pred](const ContainedSubquery &subquery) {\n...'
sql,../repos/mysql-server/sql/join_optimizer/make_join_hypergraph.cc,"(3177, 37)-(3182, 6)","b'[expr, graph](RelationalExpression *child) {\n...'"
sql,../repos/mysql-server/sql/join_optimizer/make_join_hypergraph.cc,"(3184, 25)-(3189, 26)","b'[expr, graph](RelationalExpression *child) {\n...'"
sql,../repos/mysql-server/sql/join_optimizer/make_join_hypergraph.cc,"(3404, 34)-(3426, 8)","b'[conditions, &need_normalization](Item *cond)...'"
sql,../repos/mysql-server/sql/join_optimizer/make_join_hypergraph.cc,"(3623, 25)-(3639, 4)",b'[&](RelationalExpression *expr) {\n    if (exp...'
sql,../repos/mysql-server/sql/join_optimizer/make_join_hypergraph.cc,"(3783, 11)-(3785, 12)","b'[](table_map tables, const RelationalExpressi...'"
sql,../repos/mysql-server/sql/sql_load.cc,"(416, 43)-(433, 4)","b'[&]() {\n    THD_STAGE_INFO(thd, stage_end);\n ...'"
sql,../repos/mysql-server/sql/rpl_channel_service_interface.cc,"(1174, 34)-(1174, 73)",b'[&]() -> void { channel_map.unlock(); }'
sql,../repos/mysql-server/sql/sp_head.cc,"(3095, 13)-(3097, 14)","b'[](const SP_TABLE *a, const SP_TABLE *b) {\n  ...'"
sql,../repos/mysql-server/sql/set_var.h,"(829, 20)-(832, 6)","b'[function, &result](const System_variable_tra...'"
sql,../repos/mysql-server/sql/log_event.cc,"(1583, 64)-(1583, 69)",b'[] {}'
sql,../repos/mysql-server/sql/log_event.cc,"(4425, 7)-(4425, 65)",b'[&]() { thd->rpl_thd_ctx.post_filters_actions...'
sql,../repos/mysql-server/sql/log_event.cc,"(4525, 16)-(4542, 8)",b'[&]() {\n        if (is_normal_transaction_bou...'
sql,../repos/mysql-server/sql/log_event.cc,"(4691, 18)-(4705, 10)",b'[&]() {\n          Applier_security_context_gu...'
sql,../repos/mysql-server/sql/log_event.cc,"(4713, 20)-(4729, 12)",b'[&]() {\n            Applier_security_context_...'
sql,../repos/mysql-server/sql/log_event.cc,"(7462, 7)-(7462, 65)",b'[&]() { thd->rpl_thd_ctx.post_filters_actions...'
sql,../repos/mysql-server/sql/log_event.cc,"(7467, 16)-(7472, 8)",b'[&]() {\n        my_error(ER_CLIENT_FILE_PRIVI...'
sql,../repos/mysql-server/sql/log_event.cc,"(8006, 11)-(8028, 12)","b'[is_after_image, this](TABLE const *table,\n  ...'"
sql,../repos/mysql-server/sql/psi_memory_resource.cc,"(31, 7)-(34, 8)",b'[=](mysql::binlog::event::resource::Memory_re...'
sql,../repos/mysql-server/sql/table_column_iterator.h,"(586, 39)-(588, 4)",b'[absolute_pos](auto it) {\n    return it->fiel...'
