Repo name,File name,Location,Content
sql,../repos/mysql-server/sql/rpl_handler.h,"(458, 9)-(458, 11)",b'(group##_delegate->is_empty() ? 0 : group##_d...'
sql,../repos/mysql-server/sql/rpl_handler.h,"(458, 44)-(458, 46)",b'(group##_delegate->is_empty() ? 0 : group##_d...'
sql,../repos/mysql-server/sql/rpl_handler.h,"(460, 30)-(460, 32)",b'(group##_delegate->is_empty())'
sql,../repos/mysql-server/sql/rpl_source.cc,"(919, 18)-(919, 20)",b'READ(VAR = uint##BYTES##korr(packet_position)...'
sql,../repos/mysql-server/sql/rpl_source.cc,"(919, 25)-(919, 27)",b'READ(VAR = uint##BYTES##korr(packet_position)...'
sql,../repos/mysql-server/sql/raii/thread_stage_guard.h,"(127, 45)-(127, 47)",b'NAMED_THD_STAGE_GUARD(_thread_stage_guard_##n...'
sql,../repos/mysql-server/sql/table.cc,"(916, 56)-(916, 58)","b'16384       // predit: ###,,## in output'"
sql,../repos/mysql-server/sql/table.cc,"(916, 57)-(916, 59)","b'16384       // predit: ###,,## in output'"
sql,../repos/mysql-server/sql/table.cc,"(916, 61)-(916, 63)","b'16384       // predit: ###,,## in output'"
sql,../repos/mysql-server/sql/log.h,"(743, 280)-(743, 282)","b'log_message(LOG_TYPE_ERROR, LOG_ITEM_LOG_PRIO...'"
sql,../repos/mysql-server/sql/log.h,"(760, 262)-(760, 264)","b'log_message(LOG_TYPE_ERROR, LOG_ITEM_LOG_PRIO...'"
sql,../repos/mysql-server/sql/log.h,"(785, 43)-(785, 45)","b'log_errlog_formatted(INFORMATION_LEVEL, ##__V...'"
sql,../repos/mysql-server/sql/log.h,"(788, 39)-(788, 41)","b'log_errlog_formatted(WARNING_LEVEL, ##__VA_ARGS__)'"
sql,../repos/mysql-server/sql/log.h,"(790, 64)-(790, 66)","b'log_errlog_formatted(ERROR_LEVEL, ##__VA_ARGS__)'"
sql,../repos/mysql-server/sql/derror.h,"(99, 24)-(99, 26)",b'X##_MSG'
sql,../repos/mysql-server/sql/derror.h,"(100, 23)-(100, 25)",b'X##_MSG'
