Repo name,File name,Location,Content
sql,../repos/mysql-server/sql/ssl_acceptor_context_iterator.cc,"(25, 10)-(25, 18)",b'#include <vector>\n'
sql,../repos/mysql-server/sql/debug_sync.cc,"(360, 10)-(360, 18)",b'#include <vector>\n'
sql,../repos/mysql-server/sql/debug_sync.cc,"(395, 10)-(395, 15)",b'#include <set>\n'
sql,../repos/mysql-server/sql/sql_tmp_table.cc,"(38, 10)-(38, 18)",b'#include <vector>\n'
sql,../repos/mysql-server/sql/rpl_write_set_handler.cc,"(28, 10)-(28, 15)",b'#include <map>\n'
sql,../repos/mysql-server/sql/rpl_write_set_handler.cc,"(32, 10)-(32, 18)",b'#include <vector>\n'
sql,../repos/mysql-server/sql/rpl_channel_credentials.h,"(26, 10)-(26, 15)",b'#include <map>\n'
sql,../repos/mysql-server/sql/locks/shared_spin_lock.cc,"(25, 10)-(25, 15)",b'#include <map>\n'
sql,../repos/mysql-server/sql/locks/shared_spin_lock.h,"(27, 10)-(27, 15)",b'#include <map>\n'
sql,../repos/mysql-server/sql/changestreams/index/locked_sidno_set.h,"(27, 10)-(27, 15)",b'#include <set>\n'
sql,../repos/mysql-server/sql/changestreams/apply/commit_order_queue.h,"(26, 10)-(26, 18)",b'#include <vector>\n'
sql,../repos/mysql-server/sql/sql_admin.h,"(28, 10)-(28, 15)",b'#include <set>\n'
sql,../repos/mysql-server/sql/filesort.cc,"(50, 10)-(50, 18)",b'#include <vector>\n'
sql,../repos/mysql-server/sql/rpl_io_monitor.h,"(27, 10)-(27, 18)",b'#include <vector>\n'
sql,../repos/mysql-server/sql/rpl_handler.cc,"(28, 10)-(28, 25)",b'#include <unordered_map>\n'
sql,../repos/mysql-server/sql/rpl_handler.cc,"(30, 10)-(30, 18)",b'#include <vector>\n'
sql,../repos/mysql-server/sql/rpl_gtid_tsid_map.cc,"(25, 10)-(25, 25)",b'#include <unordered_map>\n'
sql,../repos/mysql-server/sql/conn_handler/socket_connection.h,"(31, 10)-(31, 16)",b'#include <list>\n'
sql,../repos/mysql-server/sql/conn_handler/socket_connection.h,"(32, 10)-(32, 15)",b'#include <map>\n'
sql,../repos/mysql-server/sql/conn_handler/socket_connection.h,"(34, 10)-(34, 18)",b'#include <vector>\n'
sql,../repos/mysql-server/sql/conn_handler/connection_handler_per_thread.cc,"(27, 10)-(27, 16)",b'#include <list>\n'
sql,../repos/mysql-server/sql/conn_handler/connection_handler_impl.h,"(28, 10)-(28, 16)",b'#include <list>\n'
sql,../repos/mysql-server/sql/rpl_gtid_persist.cc,"(32, 10)-(32, 16)",b'#include <list>\n'
sql,../repos/mysql-server/sql/rpl_binlog_sender.cc,"(30, 10)-(30, 25)",b'#include <unordered_map>\n'
sql,../repos/mysql-server/sql/handler.cc,"(41, 10)-(41, 16)",b'#include <list>\n'
sql,../repos/mysql-server/sql/handler.cc,"(45, 10)-(45, 18)",b'#include <vector>\n'
sql,../repos/mysql-server/sql/rpl_gtid_set.cc,"(39, 10)-(39, 16)",b'#include <list>\n'
sql,../repos/mysql-server/sql/regexp/errors.cc,"(34, 10)-(34, 25)",b'#include <unordered_map>\n'
sql,../repos/mysql-server/sql/persisted_variable.h,"(27, 10)-(27, 15)",b'#include <map>\n'
sql,../repos/mysql-server/sql/persisted_variable.h,"(29, 10)-(29, 25)",b'#include <unordered_set>\n'
sql,../repos/mysql-server/sql/dd_sql_view.cc,"(27, 10)-(27, 15)",b'#include <set>\n'
sql,../repos/mysql-server/sql/dd_sql_view.cc,"(28, 10)-(28, 18)",b'#include <vector>\n'
sql,../repos/mysql-server/sql/item_subselect.h,"(34, 10)-(34, 18)",b'#include <vector>\n'
sql,../repos/mysql-server/sql/rpl_trx_tracking.cc,"(27, 10)-(27, 18)",b'#include <vector>\n'
sql,../repos/mysql-server/sql/opt_explain_traditional.h,"(30, 10)-(30, 18)",b'#include <vector>\n'
sql,../repos/mysql-server/sql/rpl_rli.h,"(33, 10)-(33, 18)",b'#include <vector>\n'
sql,../repos/mysql-server/sql/sql_plugin.h,"(28, 10)-(28, 18)",b'#include <vector>\n'
sql,../repos/mysql-server/sql/item.h,"(38, 10)-(38, 18)",b'#include <vector>\n'
sql,../repos/mysql-server/sql/range_optimizer/rowid_ordered_retrieval.h,"(28, 10)-(28, 18)",b'#include <vector>\n'
sql,../repos/mysql-server/sql/range_optimizer/tree.cc,"(26, 10)-(26, 15)",b'#include <set>\n'
sql,../repos/mysql-server/sql/range_optimizer/range_optimizer.cc,"(95, 10)-(95, 17)",b'#include <queue>\n'
sql,../repos/mysql-server/sql/range_optimizer/range_optimizer.cc,"(96, 10)-(96, 15)",b'#include <set>\n'
sql,../repos/mysql-server/sql/sql_executor.h,"(33, 10)-(33, 18)",b'#include <vector>\n'
sql,../repos/mysql-server/sql/command_mapping.cc,"(23, 10)-(23, 25)",b'#include <unordered_map>\n'
sql,../repos/mysql-server/sql/session_tracker.cc,"(31, 10)-(31, 18)",b'#include <vector>\n'
sql,../repos/mysql-server/sql/rpl_transaction_write_set_ctx.h,"(28, 10)-(28, 16)",b'#include <list>\n'
sql,../repos/mysql-server/sql/rpl_transaction_write_set_ctx.h,"(29, 10)-(29, 15)",b'#include <map>\n'
sql,../repos/mysql-server/sql/rpl_transaction_write_set_ctx.h,"(31, 10)-(31, 18)",b'#include <vector>\n'
sql,../repos/mysql-server/sql/temp_table_param.h,"(27, 10)-(27, 18)",b'#include <vector>\n'
sql,../repos/mysql-server/sql/sql_prepare.cc,"(104, 10)-(104, 25)",b'#include <unordered_map>\n'
sql,../repos/mysql-server/sql/sql_rewrite.h,"(26, 10)-(26, 15)",b'#include <set>\n'
sql,../repos/mysql-server/sql/time_zone_common.cc,"(77, 10)-(77, 25)",b'#include <unordered_map>\n'
sql,../repos/mysql-server/sql/item_strfunc.cc,"(48, 10)-(48, 18)",b'#include <vector>  // vector\n'
sql,../repos/mysql-server/sql/rpl_mysql_connect.h,"(27, 10)-(27, 18)",b'#include <vector>\n'
sql,../repos/mysql-server/sql/sql_rewrite.cc,"(76, 10)-(76, 15)",b'#include <set>\n'
sql,../repos/mysql-server/sql/sql_union.cc,"(47, 10)-(47, 18)",b'#include <vector>\n'
sql,../repos/mysql-server/sql/rpl_handler.h,"(28, 10)-(28, 15)",b'#include <map>\n'
sql,../repos/mysql-server/sql/opt_explain.cc,"(40, 10)-(40, 18)",b'#include <vector>\n'
sql,../repos/mysql-server/sql/item_geofunc_buffer.cc,"(37, 10)-(37, 18)",b'#include <vector>\n'
sql,../repos/mysql-server/sql/debug_lock_order.cc,"(53, 10)-(53, 16)",b'#include <list>\n'
sql,../repos/mysql-server/sql/debug_lock_order.cc,"(54, 10)-(54, 15)",b'#include <map>\n'
sql,../repos/mysql-server/sql/debug_lock_order.cc,"(55, 10)-(55, 15)",b'#include <set>\n'
sql,../repos/mysql-server/sql/debug_lock_order.cc,"(56, 10)-(56, 17)",b'#include <stack>\n'
sql,../repos/mysql-server/sql/debug_lock_order.cc,"(57, 10)-(57, 18)",b'#include <vector>\n'
sql,../repos/mysql-server/sql/rpl_source.cc,"(30, 10)-(30, 25)",b'#include <unordered_map>\n'
sql,../repos/mysql-server/sql/rpl_trx_tracking.h,"(29, 10)-(29, 15)",b'#include <map>\n'
sql,../repos/mysql-server/sql/reference_caching_setup.h,"(27, 10)-(27, 25)",b'#include <unordered_map>\n'
sql,../repos/mysql-server/sql/reference_caching_setup.h,"(29, 10)-(29, 18)",b'#include <vector>\n'
sql,../repos/mysql-server/sql/binlog/services/iterator/file_storage.cc,"(31, 10)-(31, 18)",b'#include <vector>\n'
sql,../repos/mysql-server/sql/binlog/monitoring/context.h,"(27, 10)-(27, 15)",b'#include <map>\n'
sql,../repos/mysql-server/sql/binlog/decompressing_event_object_istream.h,"(26, 10)-(26, 17)",b'#include <queue>\n'
sql,../repos/mysql-server/sql/rpl_replica_commit_order_manager.h,"(27, 10)-(27, 18)",b'#include <vector>\n'
sql,../repos/mysql-server/sql/server_component/persistent_dynamic_loader_imp.h,"(30, 10)-(30, 15)",b'#include <map>\n'
sql,../repos/mysql-server/sql/server_component/mysql_thd_store_imp.cc,"(33, 10)-(33, 18)",b'#include <vector>\n'
sql,../repos/mysql-server/sql/server_component/thread_cleanup_register_imp.cc,"(28, 10)-(28, 16)",b'#include <list>\n'
sql,../repos/mysql-server/sql/server_component/debug_keyword_service_imp.cc,"(26, 10)-(26, 16)",b'#include <list>\n'
sql,../repos/mysql-server/sql/server_component/mysql_thd_store_imp.h,"(26, 10)-(26, 25)",b'#include <unordered_map>\n'
sql,../repos/mysql-server/sql/server_component/mysql_server_event_tracking_bridge_imp.h,"(28, 10)-(28, 25)",b'#include <unordered_map>\n'
sql,../repos/mysql-server/sql/server_component/debug_sync_service_imp.cc,"(26, 10)-(26, 16)",b'#include <list>\n'
sql,../repos/mysql-server/sql/server_component/persistent_dynamic_loader.cc,"(29, 10)-(29, 15)",b'#include <map>\n'
sql,../repos/mysql-server/sql/server_component/persistent_dynamic_loader.cc,"(33, 10)-(33, 18)",b'#include <vector>\n'
sql,../repos/mysql-server/sql/sql_array.h,"(27, 10)-(27, 17)",b'#include <array>\n'
sql,../repos/mysql-server/sql/item_geofunc_relchecks.cc,"(31, 10)-(31, 15)",b'#include <set>\n'
sql,../repos/mysql-server/sql/item_geofunc_relchecks.cc,"(33, 10)-(33, 18)",b'#include <vector>\n'
sql,../repos/mysql-server/sql/item_sum.h,"(34, 10)-(34, 15)",b'#include <map>\n'
sql,../repos/mysql-server/sql/item_sum.h,"(38, 10)-(38, 18)",b'#include <vector>\n'
sql,../repos/mysql-server/sql/restart_monitor_win.cc,"(28, 10)-(28, 18)",b'#include <vector>\n'
sql,../repos/mysql-server/sql/parse_tree_helpers.cc,"(29, 10)-(29, 18)",b'#include <vector>\n'
sql,../repos/mysql-server/sql/table_cache.h,"(31, 10)-(31, 25)",b'#include <unordered_map>\n'
sql,../repos/mysql-server/sql/hostname_cache.cc,"(57, 10)-(57, 16)",b'#include <list>\n'
sql,../repos/mysql-server/sql/hostname_cache.cc,"(61, 10)-(61, 25)",b'#include <unordered_map>\n'
sql,../repos/mysql-server/sql/sql_rename.cc,"(31, 10)-(31, 15)",b'#include <set>\n'
sql,../repos/mysql-server/sql/mdl.h,"(30, 10)-(30, 25)",b'#include <unordered_map>\n'
sql,../repos/mysql-server/sql/dd/impl/system_views/system_view_definition_impl.h,"(26, 10)-(26, 15)",b'#include <map>\n'
sql,../repos/mysql-server/sql/dd/impl/system_views/system_view_definition_impl.h,"(28, 10)-(28, 18)",b'#include <vector>\n'
sql,../repos/mysql-server/sql/dd/impl/upgrade/server.cc,"(34, 10)-(34, 18)",b'#include <vector>\n'
sql,../repos/mysql-server/sql/dd/impl/upgrade/server.h,"(29, 10)-(29, 15)",b'#include <set>\n'
sql,../repos/mysql-server/sql/dd/impl/upgrade/dd.cc,"(29, 10)-(29, 15)",b'#include <set>\n'
sql,../repos/mysql-server/sql/dd/impl/cache/free_list.h,"(27, 10)-(27, 18)",b'#include <vector>  // vector\n'
sql,../repos/mysql-server/sql/dd/impl/cache/shared_multi_map.h,"(27, 10)-(27, 18)",b'#include <vector>  // std::vector\n'
sql,../repos/mysql-server/sql/dd/impl/tables/collations.cc,"(28, 10)-(28, 15)",b'#include <set>\n'
sql,../repos/mysql-server/sql/dd/impl/tables/collations.cc,"(29, 10)-(29, 18)",b'#include <vector>\n'
sql,../repos/mysql-server/sql/dd/impl/tables/dd_properties.h,"(27, 10)-(27, 15)",b'#include <map>\n'
sql,../repos/mysql-server/sql/dd/impl/tables/character_sets.cc,"(28, 10)-(28, 15)",b'#include <set>\n'
sql,../repos/mysql-server/sql/dd/impl/tables/character_sets.cc,"(29, 10)-(29, 18)",b'#include <vector>\n'
sql,../repos/mysql-server/sql/dd/impl/properties_impl.h,"(27, 10)-(27, 15)",b'#include <map>\n'
sql,../repos/mysql-server/sql/dd/impl/properties_impl.h,"(29, 10)-(29, 15)",b'#include <set>\n'
sql,../repos/mysql-server/sql/dd/impl/bootstrap/bootstrap_ctx.h,"(27, 10)-(27, 15)",b'#include <set>\n'
sql,../repos/mysql-server/sql/dd/impl/bootstrap/bootstrapper.cc,"(29, 10)-(29, 15)",b'#include <set>\n'
sql,../repos/mysql-server/sql/dd/impl/bootstrap/bootstrapper.cc,"(32, 10)-(32, 18)",b'#include <vector>\n'
sql,../repos/mysql-server/sql/dd/impl/system_registry.h,"(28, 10)-(28, 15)",b'#include <map>\n'
sql,../repos/mysql-server/sql/dd/impl/system_registry.h,"(32, 10)-(32, 18)",b'#include <vector>\n'
sql,../repos/mysql-server/sql/dd/impl/types/partition_index_impl.cc,"(25, 10)-(25, 15)",b'#include <set>\n'
sql,../repos/mysql-server/sql/dd/impl/types/table_impl.cc,"(28, 10)-(28, 15)",b'#include <set>\n'
sql,../repos/mysql-server/sql/dd/impl/types/abstract_table_impl.cc,"(26, 10)-(26, 15)",b'#include <set>\n'
sql,../repos/mysql-server/sql/dd/impl/types/column_impl.cc,"(28, 10)-(28, 15)",b'#include <set>\n'
sql,../repos/mysql-server/sql/dd/impl/types/resource_group_impl.h,"(30, 10)-(30, 18)",b'#include <vector>\n'
sql,../repos/mysql-server/sql/dd/impl/types/object_table_definition_impl.h,"(27, 10)-(27, 15)",b'#include <map>\n'
sql,../repos/mysql-server/sql/dd/impl/types/object_table_definition_impl.h,"(29, 10)-(29, 18)",b'#include <vector>\n'
sql,../repos/mysql-server/sql/dd/impl/types/parameter_impl.cc,"(27, 10)-(27, 15)",b'#include <set>\n'
sql,../repos/mysql-server/sql/dd/impl/types/index_impl.cc,"(26, 10)-(26, 15)",b'#include <set>\n'
sql,../repos/mysql-server/sql/dd/impl/types/tablespace_impl.cc,"(31, 10)-(31, 15)",b'#include <set>\n'
sql,../repos/mysql-server/sql/dd/impl/types/tablespace_impl.cc,"(34, 10)-(34, 18)",b'#include <vector>\n'
sql,../repos/mysql-server/sql/dd/impl/types/partition_impl.cc,"(27, 10)-(27, 15)",b'#include <set>\n'
sql,../repos/mysql-server/sql/dd/impl/transaction_impl.h,"(27, 10)-(27, 15)",b'#include <map>\n'
sql,../repos/mysql-server/sql/dd/impl/sdi.cc,"(37, 10)-(37, 18)",b'#include <vector>\n'
sql,../repos/mysql-server/sql/dd/properties.h,"(26, 10)-(26, 15)",b'#include <map>\n'
sql,../repos/mysql-server/sql/dd/upgrade_57/upgrade.cc,"(32, 10)-(32, 18)",b'#include <vector>\n'
sql,../repos/mysql-server/sql/dd/upgrade_57/schema.h,"(26, 10)-(26, 18)",b'#include <vector>\n'
sql,../repos/mysql-server/sql/dd/cache/element_map.h,"(28, 10)-(28, 15)",b'#include <map>      // std::map\n'
sql,../repos/mysql-server/sql/dd/cache/element_map.h,"(29, 10)-(29, 15)",b'#include <set>      // std::set\n'
sql,../repos/mysql-server/sql/dd/cache/dictionary_client.h,"(31, 10)-(31, 18)",b'#include <vector>\n'
sql,../repos/mysql-server/sql/dd/collection.h,"(32, 10)-(32, 18)",b'#include <vector>\n'
sql,../repos/mysql-server/sql/dd/performance_schema/init.cc,"(26, 10)-(26, 16)",b'#include <list>\n'
sql,../repos/mysql-server/sql/dd/performance_schema/init.cc,"(30, 10)-(30, 18)",b'#include <vector>\n'
sql,../repos/mysql-server/sql/dd/info_schema/metadata.cc,"(40, 10)-(40, 18)",b'#include <vector>\n'
sql,../repos/mysql-server/sql/dd/types/object_table_definition.h,"(26, 10)-(26, 18)",b'#include <vector>\n'
sql,../repos/mysql-server/sql/dd/types/tablespace.h,"(26, 10)-(26, 18)",b'#include <vector>\n'
sql,../repos/mysql-server/sql/sql_import.cc,"(31, 10)-(31, 18)",b'#include <vector>\n'
sql,../repos/mysql-server/sql/binlog.cc,"(54, 10)-(54, 16)",b'#include <list>\n'
sql,../repos/mysql-server/sql/binlog.cc,"(55, 10)-(55, 15)",b'#include <map>\n'
sql,../repos/mysql-server/sql/binlog.cc,"(58, 10)-(58, 17)",b'#include <queue>\n'
sql,../repos/mysql-server/sql/sql_optimizer.cc,"(43, 10)-(43, 17)",b'#include <deque>\n'
sql,../repos/mysql-server/sql/sql_optimizer.cc,"(48, 10)-(48, 18)",b'#include <vector>\n'
sql,../repos/mysql-server/sql/sp_head.h,"(29, 10)-(29, 18)",b'#include <vector>\n'
sql,../repos/mysql-server/sql/parse_tree_nodes.cc,"(29, 10)-(29, 18)",b'#include <vector>\n'
sql,../repos/mysql-server/sql/sql_component.h,"(27, 10)-(27, 18)",b'#include <vector>\n'
sql,../repos/mysql-server/sql/rpl_utility.h,"(33, 10)-(33, 25)",b'#include <unordered_map>\n'
sql,../repos/mysql-server/sql/spatial.cc,"(29, 10)-(29, 15)",b'#include <map>\n'
sql,../repos/mysql-server/sql/event_queue.h,"(38, 10)-(38, 18)",b'#include <vector>\n'
sql,../repos/mysql-server/sql/table_function.h,"(28, 10)-(28, 17)",b'#include <array>  // std::array\n'
sql,../repos/mysql-server/sql/sql_connect.cc,"(55, 10)-(55, 25)",b'#include <unordered_map>\n'
sql,../repos/mysql-server/sql/sql_show.cc,"(39, 10)-(39, 18)",b'#include <vector>\n'
sql,../repos/mysql-server/sql/rpl_log_encryption.h,"(29, 10)-(29, 15)",b'#include <map>\n'
sql,../repos/mysql-server/sql/rpl_replica_commit_order_manager.cc,"(25, 10)-(25, 17)",b'#include <array>\n'
sql,../repos/mysql-server/sql/sys_vars.cc,"(69, 10)-(69, 15)",b'#include <map>\n'
sql,../repos/mysql-server/sql/rpl_rli_pdb.cc,"(37, 10)-(37, 25)",b'#include <unordered_map>\n'
sql,../repos/mysql-server/sql/sql_base.cc,"(35, 10)-(35, 25)",b'#include <unordered_map>\n'
sql,../repos/mysql-server/sql/sql_component.cc,"(25, 10)-(25, 18)",b'#include <vector>\n'
sql,../repos/mysql-server/sql/sql_plugin.cc,"(305, 10)-(305, 25)",b'#include <unordered_map>\n'
sql,../repos/mysql-server/sql/sp.cc,"(34, 10)-(34, 18)",b'#include <vector>\n'
sql,../repos/mysql-server/sql/uniques.cc,"(46, 10)-(46, 18)",b'#include <vector>\n'
sql,../repos/mysql-server/sql/log_event.h,"(40, 10)-(40, 16)",b'#include <list>\n'
sql,../repos/mysql-server/sql/log_event.h,"(41, 10)-(41, 15)",b'#include <map>\n'
sql,../repos/mysql-server/sql/log_event.h,"(42, 10)-(42, 15)",b'#include <set>\n'
sql,../repos/mysql-server/sql/resource_blocker.h,"(27, 10)-(27, 15)",b'#include <set>            // std::set\n'
sql,../repos/mysql-server/sql/merge_sort.h,"(48, 10)-(48, 17)",b'#include <queue>\n'
sql,../repos/mysql-server/sql/geometry_rtree.cc,"(32, 10)-(32, 18)",b'#include <vector>\n'
sql,../repos/mysql-server/sql/window.cc,"(33, 10)-(33, 25)",b'#include <unordered_set>\n'
sql,../repos/mysql-server/sql/srv_session.cc,"(30, 10)-(30, 16)",b'#include <list>\n'
sql,../repos/mysql-server/sql/srv_session.cc,"(31, 10)-(31, 15)",b'#include <map>\n'
sql,../repos/mysql-server/sql/rpl_async_conn_failover_configuration_propagation.h,"(26, 10)-(26, 15)",b'#include <map>\n'
sql,../repos/mysql-server/sql/rpl_async_conn_failover_configuration_propagation.h,"(28, 10)-(28, 18)",b'#include <vector>\n'
sql,../repos/mysql-server/sql/xa.cc,"(28, 10)-(28, 25)",b'#include <unordered_map>\n'
sql,../repos/mysql-server/sql/rpl_replica.cc,"(69, 10)-(69, 17)",b'#include <deque>\n'
sql,../repos/mysql-server/sql/rpl_replica.cc,"(70, 10)-(70, 15)",b'#include <map>\n'
sql,../repos/mysql-server/sql/rpl_replica.cc,"(74, 10)-(74, 18)",b'#include <vector>\n'
sql,../repos/mysql-server/sql/resourcegroups/resource_group.h,"(30, 10)-(30, 15)",b'#include <set>\n'
sql,../repos/mysql-server/sql/resourcegroups/resource_group_mgr.h,"(29, 10)-(29, 18)",b'#include <vector>\n'
sql,../repos/mysql-server/sql/resourcegroups/resource_group_mgr.cc,"(31, 10)-(31, 25)",b'#include <unordered_map>\n'
sql,../repos/mysql-server/sql/resourcegroups/platform/thread_attrs_api.h,"(27, 10)-(27, 18)",b'#include <vector>     // std::vector\n'
sql,../repos/mysql-server/sql/resourcegroups/platform/thread_attrs_api_linux.cc,"(31, 10)-(31, 18)",b'#include <vector>\n'
sql,../repos/mysql-server/sql/resourcegroups/resource_group_sql_cmd.cc,"(30, 10)-(30, 18)",b'#include <vector>\n'
sql,../repos/mysql-server/sql/resourcegroups/thread_resource_control.h,"(25, 10)-(25, 18)",b'#include <vector>\n'
sql,../repos/mysql-server/sql/sys_vars_resource_mgr.cc,"(25, 10)-(25, 25)",b'#include <unordered_map>\n'
sql,../repos/mysql-server/sql/sql_plugin_var.cc,"(27, 10)-(27, 25)",b'#include <unordered_map>\n'
sql,../repos/mysql-server/sql/sql_table.h,"(29, 10)-(29, 15)",b'#include <map>\n'
sql,../repos/mysql-server/sql/sql_table.h,"(30, 10)-(30, 15)",b'#include <set>\n'
sql,../repos/mysql-server/sql/sql_table.h,"(33, 10)-(33, 18)",b'#include <vector>\n'
sql,../repos/mysql-server/sql/auth/i_sha2_password.h,"(28, 10)-(28, 25)",b'#include <unordered_map>\n'
sql,../repos/mysql-server/sql/auth/sql_authentication.cc,"(38, 10)-(38, 18)",b'#include <vector> /* std::vector */\n'
sql,../repos/mysql-server/sql/auth/dynamic_privilege_table.h,"(27, 10)-(27, 25)",b'#include <unordered_set>\n'
sql,../repos/mysql-server/sql/auth/sql_user.cc,"(27, 10)-(27, 15)",b'#include <set>\n'
sql,../repos/mysql-server/sql/auth/sql_user.cc,"(29, 10)-(29, 25)",b'#include <unordered_map>\n'
sql,../repos/mysql-server/sql/auth/sql_user.cc,"(31, 10)-(31, 18)",b'#include <vector>\n'
sql,../repos/mysql-server/sql/auth/sql_auth_cache.cc,"(94, 10)-(94, 25)",b'#include <unordered_map>\n'
sql,../repos/mysql-server/sql/auth/sql_auth_cache.cc,"(96, 10)-(96, 18)",b'#include <vector>\n'
sql,../repos/mysql-server/sql/auth/auth_acls.h,"(26, 10)-(26, 25)",b'#include <unordered_map>\n'
sql,../repos/mysql-server/sql/auth/auth_acls.h,"(27, 10)-(27, 18)",b'#include <vector>\n'
sql,../repos/mysql-server/sql/auth/auth_utility.h,"(30, 10)-(30, 15)",b'#include <map>\n'
sql,../repos/mysql-server/sql/auth/acl_table_user.cc,"(28, 10)-(28, 15)",b'#include <map>       /* map */\n'
sql,../repos/mysql-server/sql/auth/partial_revokes.h,"(26, 10)-(26, 15)",b'#include <map>\n'
sql,../repos/mysql-server/sql/auth/partial_revokes.h,"(28, 10)-(28, 15)",b'#include <set>\n'
sql,../repos/mysql-server/sql/auth/partial_revokes.h,"(29, 10)-(29, 25)",b'#include <unordered_map>\n'
sql,../repos/mysql-server/sql/auth/auth_common.h,"(31, 10)-(31, 16)",b'#include <list>\n'
sql,../repos/mysql-server/sql/auth/auth_common.h,"(35, 10)-(35, 18)",b'#include <vector>\n'
sql,../repos/mysql-server/sql/auth/sql_security_ctx.cc,"(24, 10)-(24, 15)",b'#include <map>\n'
sql,../repos/mysql-server/sql/auth/sql_security_ctx.cc,"(27, 10)-(27, 25)",b'#include <unordered_map>\n'
sql,../repos/mysql-server/sql/auth/sql_security_ctx.cc,"(28, 10)-(28, 25)",b'#include <unordered_set>\n'
sql,../repos/mysql-server/sql/auth/sql_security_ctx.cc,"(30, 10)-(30, 18)",b'#include <vector>\n'
sql,../repos/mysql-server/sql/auth/sql_mfa.h,"(26, 10)-(26, 18)",b'#include <vector>\n'
sql,../repos/mysql-server/sql/auth/dynamic_privileges_impl.cc,"(31, 10)-(31, 25)",b'#include <unordered_set>\n'
sql,../repos/mysql-server/sql/auth/auth_internal.h,"(27, 10)-(27, 15)",b'#include <map>\n'
sql,../repos/mysql-server/sql/auth/auth_internal.h,"(28, 10)-(28, 15)",b'#include <set>\n'
sql,../repos/mysql-server/sql/auth/auth_internal.h,"(30, 10)-(30, 25)",b'#include <unordered_map>\n'
sql,../repos/mysql-server/sql/auth/auth_internal.h,"(31, 10)-(31, 25)",b'#include <unordered_set>\n'
sql,../repos/mysql-server/sql/auth/sql_authorization.cc,"(50, 10)-(50, 15)",b'#include <map>\n'
sql,../repos/mysql-server/sql/auth/sql_authorization.cc,"(52, 10)-(52, 15)",b'#include <set>\n'
sql,../repos/mysql-server/sql/auth/sql_authorization.cc,"(57, 10)-(57, 25)",b'#include <unordered_map>\n'
sql,../repos/mysql-server/sql/auth/sql_authorization.cc,"(58, 10)-(58, 25)",b'#include <unordered_set>\n'
sql,../repos/mysql-server/sql/auth/sql_authorization.cc,"(60, 10)-(60, 18)",b'#include <vector>\n'
sql,../repos/mysql-server/sql/auth/sql_user_table.cc,"(36, 10)-(36, 15)",b'#include <set>\n'
sql,../repos/mysql-server/sql/auth/sql_user_table.cc,"(37, 10)-(37, 25)",b'#include <unordered_map>\n'
sql,../repos/mysql-server/sql/auth/sha2_password.cc,"(37, 10)-(37, 25)",b'#include <unordered_map>\n'
sql,../repos/mysql-server/sql/auth/sql_auth_cache.h,"(33, 10)-(33, 16)",b'#include <list>\n'
sql,../repos/mysql-server/sql/auth/sql_auth_cache.h,"(36, 10)-(36, 25)",b'#include <unordered_map>\n'
sql,../repos/mysql-server/sql/xa/transaction_cache.h,"(29, 10)-(29, 16)",b'#include <list>\n'
sql,../repos/mysql-server/sql/xa/transaction_cache.cc,"(28, 10)-(28, 25)",b'#include <unordered_map>\n'
sql,../repos/mysql-server/sql/partitioning/partition_handler.h,"(33, 10)-(33, 18)",b'#include <vector>\n'
sql,../repos/mysql-server/sql/rpl_info_factory.h,"(28, 10)-(28, 18)",b'#include <vector>\n'
sql,../repos/mysql-server/sql/item_json_func.cc,"(35, 10)-(35, 18)",b'#include <vector>\n'
sql,../repos/mysql-server/sql/parse_tree_node_base.h,"(30, 10)-(30, 17)",b'#include <queue>\n'
sql,../repos/mysql-server/sql/item_cmpfunc.cc,"(33, 10)-(33, 17)",b'#include <array>\n'
sql,../repos/mysql-server/sql/item_func.cc,"(47, 10)-(47, 25)",b'#include <unordered_map>\n'
sql,../repos/mysql-server/sql/rpl_filter.cc,"(32, 10)-(32, 15)",b'#include <map>\n'
sql,../repos/mysql-server/sql/mysqld.h,"(34, 10)-(34, 18)",b'#include <vector>\n'
sql,../repos/mysql-server/sql/sql_class.h,"(48, 10)-(48, 17)",b'#include <stack>\n'
sql,../repos/mysql-server/sql/sql_class.h,"(50, 10)-(50, 25)",b'#include <unordered_map>\n'
sql,../repos/mysql-server/sql/table.cc,"(35, 10)-(35, 25)",b'#include <unordered_map>\n'
sql,../repos/mysql-server/sql/sql_handler.cc,"(50, 10)-(50, 25)",b'#include <unordered_map>\n'
sql,../repos/mysql-server/sql/item_geofunc.h,"(30, 10)-(30, 18)",b'#include <vector>\n'
sql,../repos/mysql-server/sql/gen_keyword_list.cc,"(30, 10)-(30, 15)",b'#include <map>\n'
sql,../repos/mysql-server/sql/gen_keyword_list.cc,"(31, 10)-(31, 15)",b'#include <set>\n'
sql,../repos/mysql-server/sql/handler.h,"(38, 10)-(38, 15)",b'#include <map>\n'
sql,../repos/mysql-server/sql/handler.h,"(42, 10)-(42, 15)",b'#include <set>\n'
sql,../repos/mysql-server/sql/item_geofunc_internal.h,"(43, 10)-(43, 18)",b'#include <vector>\n'
sql,../repos/mysql-server/sql/options_parser.h,"(28, 10)-(28, 15)",b'#include <map>\n'
sql,../repos/mysql-server/sql/item_xmlfunc.h,"(28, 10)-(28, 18)",b'#include <vector>\n'
sql,../repos/mysql-server/sql/persisted_variable.cc,"(34, 10)-(34, 17)",b'#include <array>\n'
sql,../repos/mysql-server/sql/sql_executor.cc,"(45, 10)-(45, 18)",b'#include <vector>\n'
sql,../repos/mysql-server/sql/item_geofunc.cc,"(37, 10)-(37, 15)",b'#include <map>\n'
sql,../repos/mysql-server/sql/gen_lex_hash.cc,"(91, 10)-(91, 15)",b'#include <set>\n'
sql,../repos/mysql-server/sql/sql_event_tracking_to_audit_event_mapping.h,"(26, 10)-(26, 17)",b'#include <array>\n'
sql,../repos/mysql-server/sql/sql_event_tracking_to_audit_event_mapping.h,"(28, 10)-(28, 25)",b'#include <unordered_map>\n'
sql,../repos/mysql-server/sql/udf_example.cc,"(131, 10)-(131, 18)",b'#include <vector>\n'
sql,../repos/mysql-server/sql/histograms/table_histograms.cc,"(30, 10)-(30, 17)",b'#include <array>\n'
sql,../repos/mysql-server/sql/histograms/histogram.cc,"(32, 10)-(32, 15)",b'#include <map>\n'
sql,../repos/mysql-server/sql/histograms/histogram.cc,"(37, 10)-(37, 18)",b'#include <vector>\n'
sql,../repos/mysql-server/sql/histograms/table_histograms.h,"(26, 10)-(26, 17)",b'#include <array>\n'
sql,../repos/mysql-server/sql/histograms/value_map.h,"(32, 10)-(32, 15)",b'#include <map>\n'
sql,../repos/mysql-server/sql/histograms/histogram.h,"(45, 10)-(45, 15)",b'#include <map>  // std::map\n'
sql,../repos/mysql-server/sql/histograms/histogram.h,"(47, 10)-(47, 15)",b'#include <set>      // std::set\n'
sql,../repos/mysql-server/sql/containers/atomics_array_index_interleaved.h,"(29, 10)-(29, 15)",b'#include <map>\n'
sql,../repos/mysql-server/sql/containers/atomics_array.h,"(29, 10)-(29, 15)",b'#include <map>\n'
sql,../repos/mysql-server/sql/containers/integrals_lockfree_queue.h,"(29, 10)-(29, 15)",b'#include <map>\n'
sql,../repos/mysql-server/sql/containers/atomics_array_index_padding.h,"(29, 10)-(29, 15)",b'#include <map>\n'
sql,../repos/mysql-server/sql/sql_servers.cc,"(49, 10)-(49, 25)",b'#include <unordered_map>\n'
sql,../repos/mysql-server/sql/sql_parse.cc,"(38, 10)-(38, 18)",b'#include <vector>\n'
sql,../repos/mysql-server/sql/create_def.cc,"(69, 10)-(69, 25)",b'#include <unordered_set>\n'
sql,../repos/mysql-server/sql/create_def.cc,"(70, 10)-(70, 18)",b'#include <vector>\n'
sql,../repos/mysql-server/sql/sql_resolver.cc,"(43, 10)-(43, 17)",b'#include <deque>\n'
sql,../repos/mysql-server/sql/sql_resolver.cc,"(46, 10)-(46, 25)",b'#include <unordered_map>\n'
sql,../repos/mysql-server/sql/sql_resolver.cc,"(48, 10)-(48, 18)",b'#include <vector>\n'
sql,../repos/mysql-server/sql/event_db_repository.cc,"(25, 10)-(25, 18)",b'#include <vector>\n'
sql,../repos/mysql-server/sql/events.cc,"(32, 10)-(32, 18)",b'#include <vector>\n'
sql,../repos/mysql-server/sql/rpl_gtid_owned.cc,"(25, 10)-(25, 25)",b'#include <unordered_map>\n'
sql,../repos/mysql-server/sql/udf_service_impl.h,"(30, 10)-(30, 18)",b'#include <vector>\n'
sql,../repos/mysql-server/sql/sql_insert.cc,"(35, 10)-(35, 15)",b'#include <map>\n'
sql,../repos/mysql-server/sql/sql_db.cc,"(40, 10)-(40, 15)",b'#include <set>\n'
sql,../repos/mysql-server/sql/sql_db.cc,"(41, 10)-(41, 18)",b'#include <vector>\n'
sql,../repos/mysql-server/sql/gis/srs/wkt_parser.h,"(27, 10)-(27, 18)",b'#include <vector>\n'
sql,../repos/mysql-server/sql/gis/srs/srs.cc,"(29, 10)-(29, 15)",b'#include <map>\n'
sql,../repos/mysql-server/sql/gis/srs/srs.cc,"(34, 10)-(34, 18)",b'#include <vector>\n'
sql,../repos/mysql-server/sql/gis/geometries_cs.h,"(38, 10)-(38, 18)",b'#include <vector>\n'
sql,../repos/mysql-server/sql/xa.h,"(29, 10)-(29, 16)",b'#include <list>\n'
sql,../repos/mysql-server/sql/sql_lex.h,"(38, 10)-(38, 15)",b'#include <map>\n'
sql,../repos/mysql-server/sql/hostname_cache.h,"(29, 10)-(29, 16)",b'#include <list>\n'
sql,../repos/mysql-server/sql/iterators/basic_row_iterators.cc,"(36, 10)-(36, 18)",b'#include <vector>\n'
sql,../repos/mysql-server/sql/iterators/hash_join_iterator.cc,"(30, 10)-(30, 18)",b'#include <vector>\n'
sql,../repos/mysql-server/sql/iterators/composite_iterators.cc,"(34, 10)-(34, 18)",b'#include <vector>\n'
sql,../repos/mysql-server/sql/iterators/composite_iterators.h,"(49, 10)-(49, 18)",b'#include <vector>\n'
sql,../repos/mysql-server/sql/iterators/hash_join_buffer.h,"(64, 10)-(64, 18)",b'#include <vector>\n'
sql,../repos/mysql-server/sql/iterators/window_iterators.cc,"(32, 10)-(32, 15)",b'#include <map>\n'
sql,../repos/mysql-server/sql/iterators/window_iterators.cc,"(34, 10)-(34, 18)",b'#include <vector>\n'
sql,../repos/mysql-server/sql/iterators/sorting_iterator.h,"(28, 10)-(28, 18)",b'#include <vector>\n'
sql,../repos/mysql-server/sql/iterators/bka_iterator.cc,"(34, 10)-(34, 18)",b'#include <vector>\n'
sql,../repos/mysql-server/sql/iterators/hash_join_iterator.h,"(30, 10)-(30, 18)",b'#include <vector>\n'
sql,../repos/mysql-server/sql/join_optimizer/graph_simplification.cc,"(35, 10)-(35, 18)",b'#include <vector>\n'
sql,../repos/mysql-server/sql/join_optimizer/finalize_plan.cc,"(24, 10)-(24, 16)",b'#include <list>\n'
sql,../repos/mysql-server/sql/join_optimizer/overflow_bitset.h,"(68, 10)-(68, 17)",b'#include <array>\n'
sql,../repos/mysql-server/sql/join_optimizer/make_join_hypergraph.h,"(26, 10)-(26, 17)",b'#include <array>\n'
sql,../repos/mysql-server/sql/join_optimizer/join_optimizer.cc,"(40, 10)-(40, 25)",b'#include <unordered_map>\n'
sql,../repos/mysql-server/sql/join_optimizer/join_optimizer.cc,"(42, 10)-(42, 18)",b'#include <vector>\n'
sql,../repos/mysql-server/sql/join_optimizer/explain_access_path.cc,"(38, 10)-(38, 18)",b'#include <vector>\n'
sql,../repos/mysql-server/sql/join_optimizer/graph_simplification.h,"(70, 10)-(70, 18)",b'#include <vector>\n'
sql,../repos/mysql-server/sql/join_optimizer/hypergraph.h,"(42, 10)-(42, 18)",b'#include <vector>\n'
sql,../repos/mysql-server/sql/join_optimizer/access_path.h,"(31, 10)-(31, 18)",b'#include <vector>\n'
sql,../repos/mysql-server/sql/join_optimizer/online_cycle_finder.cc,"(29, 10)-(29, 25)",b'#include <unordered_map>\n'
sql,../repos/mysql-server/sql/join_optimizer/access_path.cc,"(28, 10)-(28, 18)",b'#include <vector>\n'
sql,../repos/mysql-server/sql/join_optimizer/print_utils.cc,"(30, 10)-(30, 18)",b'#include <vector>\n'
sql,../repos/mysql-server/sql/join_optimizer/make_join_hypergraph.cc,"(28, 10)-(28, 17)",b'#include <array>\n'
sql,../repos/mysql-server/sql/join_optimizer/make_join_hypergraph.cc,"(35, 10)-(35, 18)",b'#include <vector>\n'
sql,../repos/mysql-server/sql/rpl_mta_submode.h,"(28, 10)-(28, 15)",b'#include <set>\n'
sql,../repos/mysql-server/sql/parse_tree_column_attrs.h,"(31, 10)-(31, 18)",b'#include <vector>\n'
sql,../repos/mysql-server/sql/rpl_channel_service_interface.cc,"(29, 10)-(29, 15)",b'#include <map>\n'
sql,../repos/mysql-server/sql/filesort_utils.h,"(31, 10)-(31, 18)",b'#include <vector>\n'
sql,../repos/mysql-server/sql/item_create.cc,"(44, 10)-(44, 25)",b'#include <unordered_map>\n'
sql,../repos/mysql-server/sql/rpl_msr.h,"(30, 10)-(30, 15)",b'#include <map>\n'
sql,../repos/mysql-server/sql/rpl_msr.h,"(33, 10)-(33, 18)",b'#include <vector>\n'
sql,../repos/mysql-server/sql/rpl_gtid.h,"(28, 10)-(28, 16)",b'#include <list>\n'
sql,../repos/mysql-server/sql/rpl_gtid.h,"(30, 10)-(30, 18)",b'#include <vector>\n'
sql,../repos/mysql-server/sql/locked_tables_list.h,"(27, 10)-(27, 18)",b'#include <vector>\n'
sql,../repos/mysql-server/sql/rpl_tblmap.cc,"(26, 10)-(26, 25)",b'#include <unordered_map>\n'
sql,../repos/mysql-server/sql/sql_udf.cc,"(34, 10)-(34, 25)",b'#include <unordered_map>\n'
sql,../repos/mysql-server/sql/set_var.h,"(41, 10)-(41, 18)",b'#include <vector>\n'
sql,../repos/mysql-server/sql/mdl_context_backup.h,"(27, 10)-(27, 15)",b'#include <map>\n'
sql,../repos/mysql-server/sql/log_event.cc,"(38, 10)-(38, 15)",b'#include <map>\n'
sql,../repos/mysql-server/sql/inplace_vector.h,"(29, 10)-(29, 18)",b'#include <vector>\n'
sql,../repos/mysql-server/sql/rpl_channel_service_interface.h,"(27, 10)-(27, 18)",b'#include <vector>\n'
sql,../repos/mysql-server/sql/tztime.cc,"(97, 10)-(97, 25)",b'#include <unordered_map>\n'
sql,../repos/mysql-server/sql/rpl_context.h,"(41, 10)-(41, 18)",b'#include <vector>\n'
sql,../repos/mysql-server/sql/rpl_filter.h,"(33, 10)-(33, 18)",b'#include <vector>\n'
