Repo name,File name,Location,Content
sql,../repos/mysql-server/sql/sql_table.cc,"(211, 8)-(211, 17)",b'static constexpr const int KEY_DEFAULT_PACK_L...'
sql,../repos/mysql-server/sql/sql_table.cc,"(211, 18)-(211, 23)",b'static constexpr const int KEY_DEFAULT_PACK_L...'
sql,../repos/mysql-server/sql/sql_table.cc,"(213, 8)-(213, 17)",b'static constexpr const int MAX_ENUM_VALUES{65535};'
sql,../repos/mysql-server/sql/sql_table.cc,"(213, 18)-(213, 23)",b'static constexpr const int MAX_ENUM_VALUES{65535};'
sql,../repos/mysql-server/sql/sql_table.cc,"(2633, 3)-(2633, 12)",b'constexpr uint64_t supported_alter_operations...'
sql,../repos/mysql-server/sql/sql_table.cc,"(2636, 3)-(2636, 12)",b'constexpr uint64_t supported_table_options = ...'
sql,../repos/mysql-server/sql/sql_table.cc,"(8038, 3)-(8038, 12)",b'constexpr ulonglong u32max = UINT_MAX32;'
sql,../repos/mysql-server/sql/filesort.h,"(125, 3)-(125, 12)",b'constexpr bool Is_big_endian = true;'
sql,../repos/mysql-server/sql/filesort.h,"(127, 3)-(127, 12)",b'constexpr bool Is_big_endian = false;'
sql,../repos/mysql-server/sql/sql_initialize.h,"(56, 8)-(56, 17)",b'static constexpr const char g_allowed_pwd_cha...'
sql,../repos/mysql-server/sql/sql_initialize.h,"(56, 18)-(56, 23)",b'static constexpr const char g_allowed_pwd_cha...'
sql,../repos/mysql-server/sql/sql_initialize.h,"(59, 8)-(59, 17)",b'static constexpr const char g_upper_case_char...'
sql,../repos/mysql-server/sql/sql_initialize.h,"(59, 18)-(59, 23)",b'static constexpr const char g_upper_case_char...'
sql,../repos/mysql-server/sql/sql_initialize.h,"(60, 8)-(60, 17)",b'static constexpr const char g_lower_case_char...'
sql,../repos/mysql-server/sql/sql_initialize.h,"(60, 18)-(60, 23)",b'static constexpr const char g_lower_case_char...'
sql,../repos/mysql-server/sql/sql_initialize.h,"(61, 8)-(61, 17)",b'static constexpr const char g_numeric_chars[]...'
sql,../repos/mysql-server/sql/sql_initialize.h,"(61, 18)-(61, 23)",b'static constexpr const char g_numeric_chars[]...'
sql,../repos/mysql-server/sql/sql_initialize.h,"(62, 8)-(62, 17)",b'static constexpr const char g_special_chars[]...'
sql,../repos/mysql-server/sql/sql_initialize.h,"(62, 18)-(62, 23)",b'static constexpr const char g_special_chars[]...'
sql,../repos/mysql-server/sql/changestreams/apply/commit_order_queue.h,"(59, 10)-(59, 19)",b'static constexpr value_type NO_WORKER{\n      ...'
sql,../repos/mysql-server/sql/changestreams/apply/commit_order_queue.h,"(133, 12)-(133, 21)",b'static constexpr Commit_order_queue::sequence...'
sql,../repos/mysql-server/sql/changestreams/apply/commit_order_queue.h,"(135, 12)-(135, 21)",b'static constexpr Commit_order_queue::sequence...'
sql,../repos/mysql-server/sql/changestreams/apply/constants.h,"(28, 8)-(28, 17)",b'static constexpr unsigned long SLAVE_IO = 1;'
sql,../repos/mysql-server/sql/changestreams/apply/constants.h,"(29, 8)-(29, 17)",b'static constexpr unsigned long SLAVE_SQL = 2;'
sql,../repos/mysql-server/sql/changestreams/apply/constants.h,"(31, 8)-(31, 17)",b'static constexpr unsigned long SLAVE_MONITOR = 8;'
sql,../repos/mysql-server/sql/immutable_string.h,"(80, 12)-(80, 21)",b'static constexpr int kMaxVarintBytes = 10;'
sql,../repos/mysql-server/sql/immutable_string.h,"(197, 12)-(197, 21)",b'static constexpr int kMaxVarintBytes = 10;'
sql,../repos/mysql-server/sql/rpl_handler.cc,"(1072, 3)-(1072, 12)",b'constexpr int RESERVE_HEADER_SIZE = 32;'
sql,../repos/mysql-server/sql/conn_handler/socket_connection.cc,"(92, 8)-(92, 17)",b'static constexpr const uint MAX_ACCEPT_RETRY{10};'
sql,../repos/mysql-server/sql/conn_handler/socket_connection.cc,"(92, 18)-(92, 23)",b'static constexpr const uint MAX_ACCEPT_RETRY{10};'
sql,../repos/mysql-server/sql/rpl_async_conn_failover_add_source_udf.h,"(32, 10)-(32, 19)",b'static constexpr const char *m_udf_name =\n   ...'
sql,../repos/mysql-server/sql/rpl_async_conn_failover_add_source_udf.h,"(32, 20)-(32, 25)",b'static constexpr const char *m_udf_name =\n   ...'
sql,../repos/mysql-server/sql/udf_service_util.h,"(28, 1)-(28, 10)",b'constexpr int MAX_CHARSET_LEN = 100;'
sql,../repos/mysql-server/sql/item_pfs_func.cc,"(178, 3)-(178, 12)",b'constexpr uint64_t kib{1024};'
sql,../repos/mysql-server/sql/item_pfs_func.cc,"(179, 3)-(179, 12)",b'constexpr uint64_t mib{1024 * kib};'
sql,../repos/mysql-server/sql/item_pfs_func.cc,"(180, 3)-(180, 12)",b'constexpr uint64_t gib{1024 * mib};'
sql,../repos/mysql-server/sql/item_pfs_func.cc,"(181, 3)-(181, 12)",b'constexpr uint64_t tib{1024 * gib};'
sql,../repos/mysql-server/sql/item_pfs_func.cc,"(182, 3)-(182, 12)",b'constexpr uint64_t pib{1024 * tib};'
sql,../repos/mysql-server/sql/item_pfs_func.cc,"(183, 3)-(183, 12)",b'constexpr uint64_t eib{1024 * pib};'
sql,../repos/mysql-server/sql/item_pfs_func.cc,"(248, 3)-(248, 12)",b'constexpr uint64_t nano{1000};'
sql,../repos/mysql-server/sql/item_pfs_func.cc,"(249, 3)-(249, 12)",b'constexpr uint64_t micro{1000 * nano};'
sql,../repos/mysql-server/sql/item_pfs_func.cc,"(250, 3)-(250, 12)",b'constexpr uint64_t milli{1000 * micro};'
sql,../repos/mysql-server/sql/item_pfs_func.cc,"(251, 3)-(251, 12)",b'constexpr uint64_t sec{1000 * milli};'
sql,../repos/mysql-server/sql/item_pfs_func.cc,"(252, 3)-(252, 12)",b'constexpr uint64_t min{60 * sec};'
sql,../repos/mysql-server/sql/item_pfs_func.cc,"(253, 3)-(253, 12)",b'constexpr uint64_t hour{60 * min};'
sql,../repos/mysql-server/sql/item_pfs_func.cc,"(254, 3)-(254, 12)",b'constexpr uint64_t day{24 * hour};'
sql,../repos/mysql-server/sql/rpl_async_conn_failover.cc,"(49, 1)-(49, 10)",b'constexpr uint enum_convert(enum_sender_tuple...'
sql,../repos/mysql-server/sql/item_timefunc.cc,"(150, 8)-(150, 17)",b'static constexpr const Known_date_time_format...'
sql,../repos/mysql-server/sql/item_timefunc.cc,"(150, 18)-(150, 23)",b'static constexpr const Known_date_time_format...'
sql,../repos/mysql-server/sql/sql_sort.h,"(39, 1)-(39, 10)",b'constexpr size_t MERGEBUFF = 7;'
sql,../repos/mysql-server/sql/sql_sort.h,"(40, 1)-(40, 10)",b'constexpr size_t MERGEBUFF2 = 15;'
sql,../repos/mysql-server/sql/sql_sort.h,"(42, 1)-(42, 10)",b'constexpr size_t VARLEN_PREFIX = 4;'
sql,../repos/mysql-server/sql/rpl_rli.h,"(1566, 10)-(1566, 19)",b'static constexpr int RLI_FLUSH_NO_OPTION{0};'
sql,../repos/mysql-server/sql/rpl_rli.h,"(1568, 10)-(1568, 19)",b'static constexpr int RLI_FLUSH_IGNORE_SYNC_OP...'
sql,../repos/mysql-server/sql/rpl_rli.h,"(1570, 10)-(1570, 19)",b'static constexpr int RLI_FLUSH_IGNORE_GTID_ON...'
sql,../repos/mysql-server/sql/item.h,"(104, 1)-(104, 10)",b'constexpr float COND_FILTER_ALLPASS{1.0f};'
sql,../repos/mysql-server/sql/item.h,"(106, 1)-(106, 10)",b'constexpr float COND_FILTER_EQUALITY{0.1f};'
sql,../repos/mysql-server/sql/item.h,"(108, 1)-(108, 10)",b'constexpr float COND_FILTER_INEQUALITY{0.3333f};'
sql,../repos/mysql-server/sql/item.h,"(110, 1)-(110, 10)",b'constexpr float COND_FILTER_BETWEEN{0.1111f};'
sql,../repos/mysql-server/sql/item.h,"(117, 1)-(117, 10)",b'constexpr float COND_FILTER_STALE{-1.0f};'
sql,../repos/mysql-server/sql/item.h,"(133, 1)-(133, 10)",b'constexpr float COND_FILTER_STALE_NO_CONST{-2.0f};'
sql,../repos/mysql-server/sql/item.h,"(839, 10)-(839, 19)",b'static constexpr double kStrFieldCost = 1.8;'
sql,../repos/mysql-server/sql/item.h,"(842, 10)-(842, 19)",b'static constexpr double kOtherFieldCost = 1.0;'
sql,../repos/mysql-server/sql/item.h,"(3678, 10)-(3678, 19)",b'static constexpr uint8 PROP_SUBQUERY = 0x01;'
sql,../repos/mysql-server/sql/item.h,"(3679, 10)-(3679, 19)",b'static constexpr uint8 PROP_STORED_PROGRAM = 0x02;'
sql,../repos/mysql-server/sql/item.h,"(3680, 10)-(3680, 19)",b'static constexpr uint8 PROP_AGGREGATION = 0x04;'
sql,../repos/mysql-server/sql/item.h,"(3681, 10)-(3681, 19)",b'static constexpr uint8 PROP_WINDOW_FUNCTION =...'
sql,../repos/mysql-server/sql/item.h,"(3686, 10)-(3686, 19)",b'static constexpr uint8 PROP_HAS_GROUPING_SET_...'
sql,../repos/mysql-server/sql/item.h,"(3691, 10)-(3691, 19)",b'static constexpr uint8 PROP_GROUPING_FUNC = 0x20;'
sql,../repos/mysql-server/sql/rpl_async_conn_failover_add_managed_udf.h,"(32, 10)-(32, 19)",b'static constexpr const char *m_udf_name =\n   ...'
sql,../repos/mysql-server/sql/rpl_async_conn_failover_add_managed_udf.h,"(32, 20)-(32, 25)",b'static constexpr const char *m_udf_name =\n   ...'
sql,../repos/mysql-server/sql/time_zone_common.cc,"(94, 3)-(94, 12)",b'constexpr my_time_t MYTIME_MIN = std::numeric...'
sql,../repos/mysql-server/sql/time_zone_common.cc,"(95, 3)-(95, 12)",b'constexpr my_time_t MYTIME_MAX = std::numeric...'
sql,../repos/mysql-server/sql/opt_costmodel.h,"(42, 1)-(42, 10)",b'constexpr const double DISK_SEEK_BASE_COST{0.9};'
sql,../repos/mysql-server/sql/opt_costmodel.h,"(42, 11)-(42, 16)",b'constexpr const double DISK_SEEK_BASE_COST{0.9};'
sql,../repos/mysql-server/sql/opt_costmodel.h,"(43, 1)-(43, 10)",b'constexpr const int BLOCKS_IN_AVG_SEEK{128};'
sql,../repos/mysql-server/sql/opt_costmodel.h,"(43, 11)-(43, 16)",b'constexpr const int BLOCKS_IN_AVG_SEEK{128};'
sql,../repos/mysql-server/sql/opt_costmodel.h,"(44, 1)-(44, 10)",b'constexpr const double DISK_SEEK_PROP_COST{0....'
sql,../repos/mysql-server/sql/opt_costmodel.h,"(44, 11)-(44, 16)",b'constexpr const double DISK_SEEK_PROP_COST{0....'
sql,../repos/mysql-server/sql/field.h,"(730, 10)-(730, 19)",b'static constexpr size_t MAX_VARCHAR_WIDTH{65535};'
sql,../repos/mysql-server/sql/field.h,"(733, 10)-(733, 19)",b'static constexpr size_t MAX_TINY_BLOB_WIDTH{255};'
sql,../repos/mysql-server/sql/field.h,"(734, 10)-(734, 19)",b'static constexpr size_t MAX_SHORT_BLOB_WIDTH{...'
sql,../repos/mysql-server/sql/field.h,"(735, 10)-(735, 19)",b'static constexpr size_t MAX_MEDIUM_BLOB_WIDTH...'
sql,../repos/mysql-server/sql/field.h,"(736, 10)-(736, 19)",b'static constexpr size_t MAX_LONG_BLOB_WIDTH{4...'
sql,../repos/mysql-server/sql/val_int_compare.h,"(37, 3)-(37, 12)","b'constexpr Integer_value(longlong val, bool un...'"
sql,../repos/mysql-server/sql/val_int_compare.h,"(40, 3)-(40, 12)",b'constexpr longlong val() const { return m_val; }'
sql,../repos/mysql-server/sql/val_int_compare.h,"(41, 3)-(41, 12)",b'constexpr bool is_unsigned() const { return m...'
sql,../repos/mysql-server/sql/val_int_compare.h,"(48, 3)-(48, 12)",b'constexpr bool is_negative() const { return !...'
sql,../repos/mysql-server/sql/rpl_async_conn_failover_reset_udf.h,"(32, 10)-(32, 19)",b'static constexpr const char *m_udf_name =\n   ...'
sql,../repos/mysql-server/sql/rpl_async_conn_failover_reset_udf.h,"(32, 20)-(32, 25)",b'static constexpr const char *m_udf_name =\n   ...'
sql,../repos/mysql-server/sql/sql_prepare.h,"(112, 10)-(112, 19)",b'static constexpr int MAX_REPREPARE_ATTEMPTS = 3;'
sql,../repos/mysql-server/sql/binlog/group_commit/bgc_ticket.h,"(58, 10)-(58, 19)",b'static constexpr BgcTicket::ValueType kTicket...'
sql,../repos/mysql-server/sql/binlog/group_commit/bgc_ticket.h,"(143, 10)-(143, 19)",b'static constexpr ValueType set_bit = 1ULL << 63;'
sql,../repos/mysql-server/sql/binlog/group_commit/bgc_ticket.h,"(146, 10)-(146, 19)",b'static constexpr ValueType clear_bit = set_bi...'
sql,../repos/mysql-server/sql/binlog/group_commit/bgc_ticket.h,"(149, 10)-(149, 19)",b'static constexpr ValueType max_ticket_value =...'
sql,../repos/mysql-server/sql/binlog/group_commit/bgc_ticket.h,"(152, 10)-(152, 19)",b'static constexpr ValueType first_ticket_value = 1;'
sql,../repos/mysql-server/sql/binlog/group_commit/bgc_ticket_manager.h,"(226, 10)-(226, 19)",b'static constexpr size_t max_concurrent_ticket...'
sql,../repos/mysql-server/sql/rpl_async_conn_failover_delete_managed_udf.h,"(32, 10)-(32, 19)",b'static constexpr const char *m_udf_name =\n   ...'
sql,../repos/mysql-server/sql/rpl_async_conn_failover_delete_managed_udf.h,"(32, 20)-(32, 25)",b'static constexpr const char *m_udf_name =\n   ...'
sql,../repos/mysql-server/sql/server_component/mysql_stored_program_imp.cc,"(33, 1)-(33, 10)",b'constexpr auto MYSQL_SUCCESS = 0;'
sql,../repos/mysql-server/sql/server_component/mysql_stored_program_imp.cc,"(34, 1)-(34, 10)",b'constexpr auto MYSQL_FAILURE = 1;'
sql,../repos/mysql-server/sql/item_sum.h,"(1797, 10)-(1797, 19)",b'static constexpr uint DIGIT_CNT_CARD = sizeof...'
sql,../repos/mysql-server/sql/rpl_group_replication.cc,"(635, 3)-(635, 12)",b'constexpr size_t var_buffer_capacity = UUID_L...'
sql,../repos/mysql-server/sql/mem_root_array.h,"(66, 10)-(66, 19)",b'static constexpr bool has_trivial_destructor ...'
sql,../repos/mysql-server/sql/mem_root_array.h,"(207, 5)-(207, 14)",b'constexpr size_t min_capacity = 20;'
sql,../repos/mysql-server/sql/mem_root_array.h,"(208, 5)-(208, 14)",b'constexpr size_t expansion_factor = 2;'
sql,../repos/mysql-server/sql/item_strfunc.h,"(882, 10)-(882, 19)",b'static constexpr uint32_t CONV_MAX_LENGTH = 6...'
sql,../repos/mysql-server/sql/dd/impl/cache/dictionary_client.cc,"(598, 1)-(598, 10)",b'constexpr const auto innodb_engine_name =\n   ...'
sql,../repos/mysql-server/sql/dd/impl/cache/dictionary_client.cc,"(598, 11)-(598, 16)",b'constexpr const auto innodb_engine_name =\n   ...'
sql,../repos/mysql-server/sql/dd/impl/bootstrap/bootstrap_ctx.h,"(56, 8)-(56, 17)",b'static constexpr uint DD_VERSION_80011 = 80011;'
sql,../repos/mysql-server/sql/dd/impl/bootstrap/bootstrap_ctx.h,"(57, 8)-(57, 17)",b'static constexpr uint DD_VERSION_80012 = 80012;'
sql,../repos/mysql-server/sql/dd/impl/bootstrap/bootstrap_ctx.h,"(58, 8)-(58, 17)",b'static constexpr uint DD_VERSION_80013 = 80013;'
sql,../repos/mysql-server/sql/dd/impl/bootstrap/bootstrap_ctx.h,"(59, 8)-(59, 17)",b'static constexpr uint DD_VERSION_80014 = 80014;'
sql,../repos/mysql-server/sql/dd/impl/bootstrap/bootstrap_ctx.h,"(60, 8)-(60, 17)",b'static constexpr uint DD_VERSION_80015 = 80015;'
sql,../repos/mysql-server/sql/dd/impl/bootstrap/bootstrap_ctx.h,"(61, 8)-(61, 17)",b'static constexpr uint DD_VERSION_80016 = 80016;'
sql,../repos/mysql-server/sql/dd/impl/bootstrap/bootstrap_ctx.h,"(62, 8)-(62, 17)",b'static constexpr uint DD_VERSION_80017 = 80017;'
sql,../repos/mysql-server/sql/dd/impl/bootstrap/bootstrap_ctx.h,"(63, 8)-(63, 17)",b'static constexpr uint DD_VERSION_80021 = 80021;'
sql,../repos/mysql-server/sql/dd/impl/bootstrap/bootstrap_ctx.h,"(64, 8)-(64, 17)",b'static constexpr uint DD_VERSION_80022 = 80022;'
sql,../repos/mysql-server/sql/dd/impl/bootstrap/bootstrap_ctx.h,"(65, 8)-(65, 17)",b'static constexpr uint DD_VERSION_80023 = 80023;'
sql,../repos/mysql-server/sql/dd/impl/bootstrap/bootstrap_ctx.h,"(66, 8)-(66, 17)",b'static constexpr uint DD_VERSION_80200 = 80200;'
sql,../repos/mysql-server/sql/dd/impl/bootstrap/bootstrap_ctx.h,"(82, 8)-(82, 17)",b'static constexpr uint SERVER_VERSION_50700 = ...'
sql,../repos/mysql-server/sql/dd/impl/bootstrap/bootstrap_ctx.h,"(83, 8)-(83, 17)",b'static constexpr uint SERVER_VERSION_80011 = ...'
sql,../repos/mysql-server/sql/dd/impl/bootstrap/bootstrap_ctx.h,"(84, 8)-(84, 17)",b'static constexpr uint SERVER_VERSION_80013 = ...'
sql,../repos/mysql-server/sql/dd/impl/bootstrap/bootstrap_ctx.h,"(85, 8)-(85, 17)",b'static constexpr uint SERVER_VERSION_80014 = ...'
sql,../repos/mysql-server/sql/dd/impl/bootstrap/bootstrap_ctx.h,"(86, 8)-(86, 17)",b'static constexpr uint SERVER_VERSION_80015 = ...'
sql,../repos/mysql-server/sql/dd/impl/bootstrap/bootstrap_ctx.h,"(87, 8)-(87, 17)",b'static constexpr uint SERVER_VERSION_80016 = ...'
sql,../repos/mysql-server/sql/dd/impl/sdi.h,"(103, 1)-(103, 10)",b'constexpr const std::uint64_t SDI_VERSION = 80019;'
sql,../repos/mysql-server/sql/dd/impl/sdi.h,"(103, 11)-(103, 16)",b'constexpr const std::uint64_t SDI_VERSION = 80019;'
sql,../repos/mysql-server/sql/dd/dd_version.h,"(297, 1)-(297, 10)",b'constexpr uint SERVER_DOWNGRADE_THRESHOLD = 0;'
sql,../repos/mysql-server/sql/dd/dd_version.h,"(323, 1)-(323, 10)",b'constexpr uint SERVER_UPGRADE_THRESHOLD = 0;'
sql,../repos/mysql-server/sql/dd/types/resource_group.h,"(47, 8)-(47, 17)",b'static constexpr int CPU_MASK_SIZE = 1024;'
sql,../repos/mysql-server/sql/binlog.cc,"(3224, 3)-(3224, 12)",b'constexpr auto auto_purge{false};'
sql,../repos/mysql-server/sql/binlog.cc,"(3225, 3)-(3225, 12)",b'constexpr auto include_to_log{false};'
sql,../repos/mysql-server/sql/binlog.cc,"(3226, 3)-(3226, 12)",b'constexpr auto need_index_lock{true};'
sql,../repos/mysql-server/sql/binlog.cc,"(3227, 3)-(3227, 12)",b'constexpr auto need_update_threads{true};'
sql,../repos/mysql-server/sql/binlog.cc,"(3264, 3)-(3264, 12)",b'constexpr auto auto_purge{false};'
sql,../repos/mysql-server/sql/binlog.cc,"(7224, 3)-(7224, 12)",b'constexpr auto auto_purge{true};'
sql,../repos/mysql-server/sql/binlog.cc,"(7270, 3)-(7270, 12)",b'constexpr auto auto_purge{true};'
sql,../repos/mysql-server/sql/sql_optimizer.cc,"(11466, 8)-(11466, 17)",b'static constexpr double kNoLimit = std::numer...'
sql,../repos/mysql-server/sql/parse_tree_nodes.cc,"(104, 8)-(104, 17)",b'static constexpr const size_t MAX_SYS_VAR_LEN...'
sql,../repos/mysql-server/sql/parse_tree_nodes.cc,"(104, 18)-(104, 23)",b'static constexpr const size_t MAX_SYS_VAR_LEN...'
sql,../repos/mysql-server/sql/parse_tree_nodes.cc,"(2601, 3)-(2601, 12)","b'constexpr const char session_prefix[] = ""@@se...'"
sql,../repos/mysql-server/sql/parse_tree_nodes.cc,"(2601, 13)-(2601, 18)","b'constexpr const char session_prefix[] = ""@@se...'"
sql,../repos/mysql-server/sql/sys_vars.cc,"(158, 8)-(158, 17)",b'static constexpr const unsigned long DEFAULT_...'
sql,../repos/mysql-server/sql/sys_vars.cc,"(158, 18)-(158, 23)",b'static constexpr const unsigned long DEFAULT_...'
sql,../repos/mysql-server/sql/sys_vars.cc,"(159, 8)-(159, 17)",b'static constexpr const unsigned long DEFAULT_...'
sql,../repos/mysql-server/sql/sys_vars.cc,"(159, 18)-(159, 23)",b'static constexpr const unsigned long DEFAULT_...'
sql,../repos/mysql-server/sql/sys_vars.cc,"(160, 8)-(160, 17)",b'static constexpr const unsigned HOST_CACHE_SI...'
sql,../repos/mysql-server/sql/sys_vars.cc,"(160, 18)-(160, 23)",b'static constexpr const unsigned HOST_CACHE_SI...'
sql,../repos/mysql-server/sql/sys_vars.cc,"(161, 8)-(161, 17)",b'static constexpr const unsigned long SCHEMA_D...'
sql,../repos/mysql-server/sql/sys_vars.cc,"(161, 18)-(161, 23)",b'static constexpr const unsigned long SCHEMA_D...'
sql,../repos/mysql-server/sql/sys_vars.cc,"(162, 8)-(162, 17)",b'static constexpr const unsigned long STORED_P...'
sql,../repos/mysql-server/sql/sys_vars.cc,"(162, 18)-(162, 23)",b'static constexpr const unsigned long STORED_P...'
sql,../repos/mysql-server/sql/sys_vars.cc,"(163, 8)-(163, 17)",b'static constexpr const unsigned long TABLESPA...'
sql,../repos/mysql-server/sql/sys_vars.cc,"(163, 18)-(163, 23)",b'static constexpr const unsigned long TABLESPA...'
sql,../repos/mysql-server/sql/sys_vars.cc,"(178, 8)-(178, 17)",b'static constexpr const unsigned long TABLE_DE...'
sql,../repos/mysql-server/sql/sys_vars.cc,"(178, 18)-(178, 23)",b'static constexpr const unsigned long TABLE_DE...'
sql,../repos/mysql-server/sql/sys_vars.cc,"(179, 8)-(179, 17)",b'static constexpr const unsigned long SCHEMA_D...'
sql,../repos/mysql-server/sql/sys_vars.cc,"(179, 18)-(179, 23)",b'static constexpr const unsigned long SCHEMA_D...'
sql,../repos/mysql-server/sql/sys_vars.cc,"(180, 8)-(180, 17)",b'static constexpr const unsigned long STORED_P...'
sql,../repos/mysql-server/sql/sys_vars.cc,"(180, 18)-(180, 23)",b'static constexpr const unsigned long STORED_P...'
sql,../repos/mysql-server/sql/sys_vars.cc,"(181, 8)-(181, 17)",b'static constexpr const unsigned long TABLESPA...'
sql,../repos/mysql-server/sql/sys_vars.cc,"(181, 18)-(181, 23)",b'static constexpr const unsigned long TABLESPA...'
sql,../repos/mysql-server/sql/sys_vars.cc,"(186, 8)-(186, 17)",b'static constexpr const unsigned long CONNECT_...'
sql,../repos/mysql-server/sql/sys_vars.cc,"(186, 18)-(186, 23)",b'static constexpr const unsigned long CONNECT_...'
sql,../repos/mysql-server/sql/sys_vars.cc,"(189, 8)-(189, 17)",b'static constexpr const unsigned long DELAYED_...'
sql,../repos/mysql-server/sql/sys_vars.cc,"(189, 18)-(189, 23)",b'static constexpr const unsigned long DELAYED_...'
sql,../repos/mysql-server/sql/sys_vars.cc,"(190, 8)-(190, 17)",b'static constexpr const unsigned long DELAYED_...'
sql,../repos/mysql-server/sql/sys_vars.cc,"(190, 18)-(190, 23)",b'static constexpr const unsigned long DELAYED_...'
sql,../repos/mysql-server/sql/sys_vars.cc,"(191, 8)-(191, 17)",b'static constexpr const unsigned long DELAYED_...'
sql,../repos/mysql-server/sql/sys_vars.cc,"(191, 18)-(191, 23)",b'static constexpr const unsigned long DELAYED_...'
sql,../repos/mysql-server/sql/sys_vars.cc,"(193, 8)-(193, 17)",b'static constexpr const unsigned long QUERY_AL...'
sql,../repos/mysql-server/sql/sys_vars.cc,"(193, 18)-(193, 23)",b'static constexpr const unsigned long QUERY_AL...'
sql,../repos/mysql-server/sql/sys_vars.cc,"(194, 8)-(194, 17)",b'static constexpr const unsigned long QUERY_AL...'
sql,../repos/mysql-server/sql/sys_vars.cc,"(194, 18)-(194, 23)",b'static constexpr const unsigned long QUERY_AL...'
sql,../repos/mysql-server/sql/sys_vars.cc,"(195, 8)-(195, 17)",b'static constexpr const unsigned long TRANS_AL...'
sql,../repos/mysql-server/sql/sys_vars.cc,"(195, 18)-(195, 23)",b'static constexpr const unsigned long TRANS_AL...'
sql,../repos/mysql-server/sql/sys_vars.cc,"(196, 8)-(196, 17)",b'static constexpr const unsigned long RANGE_AL...'
sql,../repos/mysql-server/sql/sys_vars.cc,"(196, 18)-(196, 23)",b'static constexpr const unsigned long RANGE_AL...'
sql,../repos/mysql-server/sql/sys_vars.cc,"(199, 8)-(199, 17)",b'static constexpr const unsigned long long OPT...'
sql,../repos/mysql-server/sql/sys_vars.cc,"(199, 18)-(199, 23)",b'static constexpr const unsigned long long OPT...'
sql,../repos/mysql-server/sql/sys_vars.cc,"(216, 8)-(216, 17)",b'static constexpr const unsigned long MYSQLD_N...'
sql,../repos/mysql-server/sql/sys_vars.cc,"(216, 18)-(216, 23)",b'static constexpr const unsigned long MYSQLD_N...'
sql,../repos/mysql-server/sql/sys_vars.cc,"(716, 8)-(716, 17)",b'static constexpr int num_prepared_stmt_limit ...'
sql,../repos/mysql-server/sql/sys_vars.cc,"(3185, 1)-(3185, 10)",b'constexpr size_t max_mem_sz = std::numeric_li...'
sql,../repos/mysql-server/sql/sql_base.cc,"(180, 8)-(180, 17)",b'static constexpr const size_t MAX_DBKEY_LENGT...'
sql,../repos/mysql-server/sql/sql_base.cc,"(180, 18)-(180, 23)",b'static constexpr const size_t MAX_DBKEY_LENGT...'
sql,../repos/mysql-server/sql/sql_base.cc,"(182, 8)-(182, 17)",b'static constexpr long STACK_MIN_SIZE_FOR_OPEN...'
sql,../repos/mysql-server/sql/sql_plugin.cc,"(1694, 1)-(1694, 10)","b'constexpr const char *delayed_plugins[] = {""a...'"
sql,../repos/mysql-server/sql/sql_plugin.cc,"(1694, 11)-(1694, 16)","b'constexpr const char *delayed_plugins[] = {""a...'"
sql,../repos/mysql-server/sql/sql_parse.h,"(161, 10)-(161, 19)",b'static constexpr enum_server_command m_replac...'
sql,../repos/mysql-server/sql/sql_parse.h,"(169, 10)-(169, 19)",b'static constexpr terminology_use_previous::en...'
sql,../repos/mysql-server/sql/window.cc,"(880, 3)-(880, 12)",b'constexpr size_t siz = sizeof(ba) / sizeof(PT...'
sql,../repos/mysql-server/sql/window.cc,"(943, 10)-(943, 19)",b'static constexpr uint UNUSED = std::numeric_l...'
sql,../repos/mysql-server/sql/item.cc,"(775, 3)-(775, 12)",b'constexpr const uint DATE_INT_DIGITS{8};'
sql,../repos/mysql-server/sql/item.cc,"(775, 13)-(775, 18)",b'constexpr const uint DATE_INT_DIGITS{8};'
sql,../repos/mysql-server/sql/item.cc,"(776, 3)-(776, 12)",b'constexpr const uint TIME_INT_DIGITS{7};'
sql,../repos/mysql-server/sql/item.cc,"(776, 13)-(776, 18)",b'constexpr const uint TIME_INT_DIGITS{7};'
sql,../repos/mysql-server/sql/item.cc,"(777, 3)-(777, 12)",b'constexpr const uint DATETIME_INT_DIGITS{14};'
sql,../repos/mysql-server/sql/item.cc,"(777, 13)-(777, 18)",b'constexpr const uint DATETIME_INT_DIGITS{14};'
sql,../repos/mysql-server/sql/rpl_replica.cc,"(5933, 3)-(5933, 12)",b'constexpr uint size_of_tmp_file_name = 768;'
sql,../repos/mysql-server/sql/window.h,"(82, 1)-(82, 10)",b'constexpr int kMaxWindows = 127;'
sql,../repos/mysql-server/sql/window.h,"(252, 10)-(252, 19)",b'static constexpr int FRAME_BUFFER_POSITIONS_C...'
sql,../repos/mysql-server/sql/item_cmpfunc.h,"(1252, 10)-(1252, 19)",b'static constexpr double kMinSelectivityForUnk...'
sql,../repos/mysql-server/sql/auth/sql_authentication.cc,"(112, 1)-(112, 10)",b'constexpr const std::array rsa_key_sizes{2048...'
sql,../repos/mysql-server/sql/auth/sql_authentication.cc,"(112, 11)-(112, 16)",b'constexpr const std::array rsa_key_sizes{2048...'
sql,../repos/mysql-server/sql/auth/auth_common.h,"(1112, 8)-(1112, 17)",b'static constexpr int USER_HOST_BUFF_SIZE =\n  ...'
sql,../repos/mysql-server/sql/auth/sql_mfa.cc,"(38, 1)-(38, 10)",b'constexpr const char requires_registration[] ...'
sql,../repos/mysql-server/sql/auth/sql_mfa.cc,"(38, 11)-(38, 16)",b'constexpr const char requires_registration[] ...'
sql,../repos/mysql-server/sql/auth/sql_mfa.cc,"(39, 1)-(39, 10)","b'constexpr const char passwordless[] = ""passwo...'"
sql,../repos/mysql-server/sql/auth/sql_mfa.cc,"(39, 11)-(39, 16)","b'constexpr const char passwordless[] = ""passwo...'"
sql,../repos/mysql-server/sql/auth/sql_mfa.cc,"(40, 1)-(40, 10)","b'constexpr const char auth_string[] = ""authent...'"
sql,../repos/mysql-server/sql/auth/sql_mfa.cc,"(40, 11)-(40, 16)","b'constexpr const char auth_string[] = ""authent...'"
sql,../repos/mysql-server/sql/auth/sql_mfa.cc,"(41, 1)-(41, 10)","b'constexpr const char auth_plugin[] = ""plugin"";'"
sql,../repos/mysql-server/sql/auth/sql_mfa.cc,"(41, 11)-(41, 16)","b'constexpr const char auth_plugin[] = ""plugin"";'"
sql,../repos/mysql-server/sql/xa/xid_extract.cc,"(105, 3)-(105, 12)",b'constexpr size_t MAX_LEN{65};'
sql,../repos/mysql-server/sql/xa/recovery.cc,"(42, 1)-(42, 10)","b'constexpr size_t STATS_FAILURE = 0,    // The...'"
sql,../repos/mysql-server/sql/xa/recovery.cc,"(44, 1)-(44, 10)","b'constexpr size_t STATS_COMMITTED = 0,  // The...'"
sql,../repos/mysql-server/sql/item_json_func.cc,"(1229, 8)-(1229, 17)",b'static constexpr const char *json_type_string...'
sql,../repos/mysql-server/sql/item_json_func.cc,"(1229, 18)-(1229, 23)",b'static constexpr const char *json_type_string...'
sql,../repos/mysql-server/sql/item_json_func.cc,"(1253, 8)-(1253, 17)",b'static constexpr uint32 strlen_const(const ch...'
sql,../repos/mysql-server/sql/item_json_func.cc,"(1258, 8)-(1258, 17)",b'static constexpr uint32 longest_string(const ...'
sql,../repos/mysql-server/sql/item_json_func.cc,"(1269, 8)-(1269, 17)",b'static constexpr uint32 typelit_max_length =\n...'
sql,../repos/mysql-server/sql/parse_tree_node_base.h,"(164, 10)-(164, 19)",b'static constexpr Parse_tree_comparator m_comp...'
sql,../repos/mysql-server/sql/item_cmpfunc.cc,"(233, 8)-(233, 17)",b'static constexpr double kUndefinedSelectivity...'
sql,../repos/mysql-server/sql/sql_planner.cc,"(91, 8)-(91, 17)",b'static constexpr const ha_rows MATCHING_ROWS_...'
sql,../repos/mysql-server/sql/sql_planner.cc,"(91, 18)-(91, 23)",b'static constexpr const ha_rows MATCHING_ROWS_...'
sql,../repos/mysql-server/sql/sql_class.h,"(196, 1)-(196, 10)",b'constexpr size_t PREALLOC_NUM_HA = 15;'
sql,../repos/mysql-server/sql/mysqld.cc,"(4939, 1)-(4939, 10)",b'constexpr bool CanTypeFitValue(const U value)...'
sql,../repos/mysql-server/sql/mysqld.cc,"(10603, 8)-(10603, 17)",b'static constexpr const ulong TABLE_OPEN_CACHE...'
sql,../repos/mysql-server/sql/mysqld.cc,"(10603, 18)-(10603, 23)",b'static constexpr const ulong TABLE_OPEN_CACHE...'
sql,../repos/mysql-server/sql/record_buffer.h,"(80, 10)-(80, 19)",b'static constexpr size_t buffer_size(ha_rows r...'
sql,../repos/mysql-server/sql/handler.h,"(119, 1)-(119, 10)",b'constexpr const ha_rows EXTRA_RECORDS{10};'
sql,../repos/mysql-server/sql/handler.h,"(119, 11)-(119, 16)",b'constexpr const ha_rows EXTRA_RECORDS{10};'
sql,../repos/mysql-server/sql/handler.h,"(122, 1)-(122, 10)",b'constexpr const uint32 SDI_TYPE_TABLE = 1;'
sql,../repos/mysql-server/sql/handler.h,"(122, 11)-(122, 16)",b'constexpr const uint32 SDI_TYPE_TABLE = 1;'
sql,../repos/mysql-server/sql/handler.h,"(125, 1)-(125, 10)",b'constexpr const uint32 SDI_TYPE_TABLESPACE = 2;'
sql,../repos/mysql-server/sql/handler.h,"(125, 11)-(125, 16)",b'constexpr const uint32 SDI_TYPE_TABLESPACE = 2;'
sql,../repos/mysql-server/sql/handler.h,"(793, 1)-(793, 10)",b'constexpr const uint64_t HA_CREATE_USED_START...'
sql,../repos/mysql-server/sql/handler.h,"(793, 11)-(793, 16)",b'constexpr const uint64_t HA_CREATE_USED_START...'
sql,../repos/mysql-server/sql/handler.h,"(795, 1)-(795, 10)",b'constexpr const uint64_t HA_CREATE_USED_ENGIN...'
sql,../repos/mysql-server/sql/handler.h,"(795, 11)-(795, 16)",b'constexpr const uint64_t HA_CREATE_USED_ENGIN...'
sql,../repos/mysql-server/sql/handler.h,"(796, 1)-(796, 10)",b'constexpr const uint64_t HA_CREATE_USED_SECON...'
sql,../repos/mysql-server/sql/handler.h,"(796, 11)-(796, 16)",b'constexpr const uint64_t HA_CREATE_USED_SECON...'
sql,../repos/mysql-server/sql/handler.h,"(803, 1)-(803, 10)",b'constexpr const uint64_t HA_CREATE_USED_READ_...'
sql,../repos/mysql-server/sql/handler.h,"(803, 11)-(803, 16)",b'constexpr const uint64_t HA_CREATE_USED_READ_...'
sql,../repos/mysql-server/sql/handler.h,"(809, 1)-(809, 10)",b'constexpr const uint64_t HA_CREATE_USED_AUTOE...'
sql,../repos/mysql-server/sql/handler.h,"(809, 11)-(809, 16)",b'constexpr const uint64_t HA_CREATE_USED_AUTOE...'
sql,../repos/mysql-server/sql/handler.h,"(2558, 8)-(2558, 17)",b'inline constexpr SecondaryEngineFlags MakeSec...'
sql,../repos/mysql-server/sql/handler.h,"(2562, 1)-(2562, 10)",b'constexpr SecondaryEngineFlags MakeSecondaryE...'
sql,../repos/mysql-server/sql/handler.h,"(3051, 1)-(3051, 10)",b'constexpr const decltype(handlerton::flags) H...'
sql,../repos/mysql-server/sql/handler.h,"(3051, 11)-(3051, 16)",b'constexpr const decltype(handlerton::flags) H...'
sql,../repos/mysql-server/sql/handler.h,"(3056, 1)-(3056, 10)",b'constexpr const decltype(\n    handlerton::fla...'
sql,../repos/mysql-server/sql/handler.h,"(3056, 11)-(3056, 16)",b'constexpr const decltype(\n    handlerton::fla...'
sql,../repos/mysql-server/sql/handler.h,"(3075, 1)-(3075, 10)",b'constexpr const decltype(handlerton::flags) H...'
sql,../repos/mysql-server/sql/handler.h,"(3075, 11)-(3075, 16)",b'constexpr const decltype(handlerton::flags) H...'
sql,../repos/mysql-server/sql/handler.h,"(3078, 8)-(3078, 17)",b'inline constexpr const decltype(handlerton::f...'
sql,../repos/mysql-server/sql/handler.h,"(3078, 18)-(3078, 23)",b'inline constexpr const decltype(handlerton::f...'
sql,../repos/mysql-server/sql/sql_select.h,"(801, 1)-(801, 10)",b'constexpr const char *STORE_KEY_CONST_NAME = ...'
sql,../repos/mysql-server/sql/sql_select.h,"(801, 11)-(801, 16)",b'constexpr const char *STORE_KEY_CONST_NAME = ...'
sql,../repos/mysql-server/sql/create_field.cc,"(38, 8)-(38, 17)",b'static constexpr const size_t MAX_BIT_FIELD_L...'
sql,../repos/mysql-server/sql/create_field.cc,"(38, 18)-(38, 23)",b'static constexpr const size_t MAX_BIT_FIELD_L...'
sql,../repos/mysql-server/sql/create_field.cc,"(40, 8)-(40, 17)",b'static constexpr const size_t MAX_DATETIME_CO...'
sql,../repos/mysql-server/sql/create_field.cc,"(40, 18)-(40, 23)",b'static constexpr const size_t MAX_DATETIME_CO...'
sql,../repos/mysql-server/sql/sql_show.h,"(57, 1)-(57, 10)",b'constexpr const size_t PROCESS_LIST_WIDTH{100};'
sql,../repos/mysql-server/sql/sql_show.h,"(57, 11)-(57, 16)",b'constexpr const size_t PROCESS_LIST_WIDTH{100};'
sql,../repos/mysql-server/sql/sql_show.h,"(59, 1)-(59, 10)",b'constexpr const size_t PROCESS_LIST_INFO_WIDT...'
sql,../repos/mysql-server/sql/sql_show.h,"(59, 11)-(59, 16)",b'constexpr const size_t PROCESS_LIST_INFO_WIDT...'
sql,../repos/mysql-server/sql/persisted_variable.cc,"(104, 1)-(104, 10)","b'constexpr char s_key_value[] = ""Value"";'"
sql,../repos/mysql-server/sql/persisted_variable.cc,"(105, 1)-(105, 10)","b'constexpr char s_key_metadata[] = ""Metadata"";'"
sql,../repos/mysql-server/sql/persisted_variable.cc,"(106, 1)-(106, 10)","b'constexpr char s_key_timestamp[] = ""Timestamp"";'"
sql,../repos/mysql-server/sql/persisted_variable.cc,"(107, 1)-(107, 10)","b'constexpr char s_key_user[] = ""User"";'"
sql,../repos/mysql-server/sql/persisted_variable.cc,"(108, 1)-(108, 10)","b'constexpr char s_key_host[] = ""Host"";'"
sql,../repos/mysql-server/sql/persisted_variable.cc,"(110, 1)-(110, 10)",b'constexpr char s_key_mysql_dynamic_parse_earl...'
sql,../repos/mysql-server/sql/persisted_variable.cc,"(112, 1)-(112, 10)",b'constexpr char s_key_mysql_sensitive_dynamic_...'
sql,../repos/mysql-server/sql/persisted_variable.cc,"(114, 1)-(114, 10)",b'constexpr char s_key_mysql_dynamic_variables[...'
sql,../repos/mysql-server/sql/persisted_variable.cc,"(115, 1)-(115, 10)",b'constexpr char s_key_mysql_static_parse_early...'
sql,../repos/mysql-server/sql/persisted_variable.cc,"(117, 1)-(117, 10)",b'constexpr char s_key_mysql_sensitive_static_v...'
sql,../repos/mysql-server/sql/persisted_variable.cc,"(119, 1)-(119, 10)",b'constexpr char s_key_mysql_static_variables[]...'
sql,../repos/mysql-server/sql/persisted_variable.cc,"(121, 1)-(121, 10)",b'constexpr char s_key_mysql_sensitive_variable...'
sql,../repos/mysql-server/sql/persisted_variable.cc,"(123, 1)-(123, 10)","b'constexpr char s_key_master_key_id[] = ""maste...'"
sql,../repos/mysql-server/sql/persisted_variable.cc,"(124, 1)-(124, 10)","b'constexpr char s_key_file_key[] = ""file_key"";'"
sql,../repos/mysql-server/sql/persisted_variable.cc,"(125, 1)-(125, 10)","b'constexpr char s_key_file_key_iv[] = ""file_ke...'"
sql,../repos/mysql-server/sql/persisted_variable.cc,"(126, 1)-(126, 10)",b'constexpr char s_key_key_encryption_algorithm...'
sql,../repos/mysql-server/sql/persisted_variable.cc,"(127, 1)-(127, 10)",b'constexpr char s_key_data_encryption_algorith...'
sql,../repos/mysql-server/sql/persisted_variable.cc,"(128, 1)-(128, 10)",b'constexpr char s_key_mysql_sensitive_variable...'
sql,../repos/mysql-server/sql/persisted_variable.cc,"(130, 1)-(130, 10)",b'constexpr char s_key_mysql_sensitive_variable...'
sql,../repos/mysql-server/sql/persisted_variable.cc,"(132, 1)-(132, 10)",b'constexpr char s_key_mysql_encryption_algorit...'
sql,../repos/mysql-server/sql/sql_executor.cc,"(128, 8)-(128, 17)",b'static constexpr size_t MAX_RECORD_BUFFER_SIZ...'
sql,../repos/mysql-server/sql/histograms/equi_height.h,"(242, 10)-(242, 19)",b'static constexpr const char *equi_height_str(...'
sql,../repos/mysql-server/sql/histograms/equi_height.h,"(242, 20)-(242, 25)",b'static constexpr const char *equi_height_str(...'
sql,../repos/mysql-server/sql/histograms/histogram.cc,"(97, 8)-(97, 17)",b'static constexpr int MAX_NUMBER_OF_HISTOGRAM_...'
sql,../repos/mysql-server/sql/histograms/table_histograms.h,"(221, 1)-(221, 10)",b'constexpr size_t kMaxNumberOfTableHistogramsI...'
sql,../repos/mysql-server/sql/histograms/histogram.h,"(318, 10)-(318, 19)",b'static constexpr const char *histogram_type_s...'
sql,../repos/mysql-server/sql/histograms/histogram.h,"(318, 20)-(318, 25)",b'static constexpr const char *histogram_type_s...'
sql,../repos/mysql-server/sql/histograms/histogram.h,"(321, 10)-(321, 19)",b'static constexpr const char *data_type_str() ...'
sql,../repos/mysql-server/sql/histograms/histogram.h,"(321, 20)-(321, 25)",b'static constexpr const char *data_type_str() ...'
sql,../repos/mysql-server/sql/histograms/histogram.h,"(324, 10)-(324, 19)",b'static constexpr const char *collation_id_str...'
sql,../repos/mysql-server/sql/histograms/histogram.h,"(324, 20)-(324, 25)",b'static constexpr const char *collation_id_str...'
sql,../repos/mysql-server/sql/histograms/histogram.h,"(327, 10)-(327, 19)",b'static constexpr const char *singleton_str() ...'
sql,../repos/mysql-server/sql/histograms/histogram.h,"(327, 20)-(327, 25)",b'static constexpr const char *singleton_str() ...'
sql,../repos/mysql-server/sql/histograms/histogram.h,"(330, 10)-(330, 19)",b'static constexpr const char *equi_height_str(...'
sql,../repos/mysql-server/sql/histograms/histogram.h,"(330, 20)-(330, 25)",b'static constexpr const char *equi_height_str(...'
sql,../repos/mysql-server/sql/histograms/histogram.h,"(345, 10)-(345, 19)",b'static constexpr const char *buckets_str() { ...'
sql,../repos/mysql-server/sql/histograms/histogram.h,"(345, 20)-(345, 25)",b'static constexpr const char *buckets_str() { ...'
sql,../repos/mysql-server/sql/histograms/histogram.h,"(348, 10)-(348, 19)",b'static constexpr const char *last_updated_str...'
sql,../repos/mysql-server/sql/histograms/histogram.h,"(348, 20)-(348, 25)",b'static constexpr const char *last_updated_str...'
sql,../repos/mysql-server/sql/histograms/histogram.h,"(351, 10)-(351, 19)",b'static constexpr const char *null_values_str(...'
sql,../repos/mysql-server/sql/histograms/histogram.h,"(351, 20)-(351, 25)",b'static constexpr const char *null_values_str(...'
sql,../repos/mysql-server/sql/histograms/histogram.h,"(353, 10)-(353, 19)",b'static constexpr const char *sampling_rate_st...'
sql,../repos/mysql-server/sql/histograms/histogram.h,"(353, 20)-(353, 25)",b'static constexpr const char *sampling_rate_st...'
sql,../repos/mysql-server/sql/histograms/histogram.h,"(356, 10)-(356, 19)",b'static constexpr const char *numer_of_buckets...'
sql,../repos/mysql-server/sql/histograms/histogram.h,"(356, 20)-(356, 25)",b'static constexpr const char *numer_of_buckets...'
sql,../repos/mysql-server/sql/histograms/singleton.h,"(245, 10)-(245, 19)",b'static constexpr const char *singleton_str() ...'
sql,../repos/mysql-server/sql/histograms/singleton.h,"(245, 20)-(245, 25)",b'static constexpr const char *singleton_str() ...'
sql,../repos/mysql-server/sql/containers/integrals_lockfree_queue.h,"(147, 10)-(147, 19)",b'static constexpr T null_value = Null;'
sql,../repos/mysql-server/sql/containers/integrals_lockfree_queue.h,"(148, 10)-(148, 19)",b'static constexpr T erased_value = Erased;'
sql,../repos/mysql-server/sql/containers/integrals_lockfree_queue.h,"(149, 10)-(149, 19)",b'static constexpr index_type set_bit = 1ULL << 63;'
sql,../repos/mysql-server/sql/containers/integrals_lockfree_queue.h,"(150, 10)-(150, 19)",b'static constexpr index_type clear_bit = set_b...'
sql,../repos/mysql-server/sql/rpl_async_conn_failover_delete_source_udf.h,"(32, 10)-(32, 19)",b'static constexpr const char *m_udf_name =\n   ...'
sql,../repos/mysql-server/sql/rpl_async_conn_failover_delete_source_udf.h,"(32, 20)-(32, 25)",b'static constexpr const char *m_udf_name =\n   ...'
sql,../repos/mysql-server/sql/aggregated_stats.h,"(39, 3)-(39, 12)",b'constexpr static size_t STAT_SHARD_COUNT = 64;'
sql,../repos/mysql-server/sql/sql_parse.cc,"(2418, 3)-(2418, 12)",b'constexpr size_t kPreallocSz = 40960;'
sql,../repos/mysql-server/sql/create_def.cc,"(228, 1)-(228, 10)",b'constexpr DWORD buf_size = 16 * 1024;'
sql,../repos/mysql-server/sql/gis/buffer_strategies.h,"(37, 1)-(37, 10)",b'constexpr uint kEndRound = 1;'
sql,../repos/mysql-server/sql/gis/buffer_strategies.h,"(38, 1)-(38, 10)",b'constexpr uint kEndFlat = 2;'
sql,../repos/mysql-server/sql/gis/buffer_strategies.h,"(39, 1)-(39, 10)",b'constexpr uint kJoinRound = 3;'
sql,../repos/mysql-server/sql/gis/buffer_strategies.h,"(40, 1)-(40, 10)",b'constexpr uint kJoinMiter = 4;'
sql,../repos/mysql-server/sql/gis/buffer_strategies.h,"(41, 1)-(41, 10)",b'constexpr uint kPointCircle = 5;'
sql,../repos/mysql-server/sql/gis/buffer_strategies.h,"(42, 1)-(42, 10)",b'constexpr uint kPointSquare = 6;'
sql,../repos/mysql-server/sql/sql_error.cc,"(1075, 10)-(1075, 19)","b'static constexpr char spaces[] = ""\\n\\t\\f\\r\\v"";'"
sql,../repos/mysql-server/sql/sql_error.cc,"(1076, 10)-(1076, 19)","b'static constexpr char space_sym[] = ""ntfrv"";'"
sql,../repos/mysql-server/sql/sql_lex.h,"(138, 1)-(138, 10)",b'constexpr const int MAX_SELECT_NESTING{sizeof...'
sql,../repos/mysql-server/sql/sql_lex.h,"(138, 11)-(138, 16)",b'constexpr const int MAX_SELECT_NESTING{sizeof...'
sql,../repos/mysql-server/sql/sql_lex.h,"(2923, 5)-(2923, 14)",b'constexpr uint32_t shift =\n        static_cas...'
sql,../repos/mysql-server/sql/sql_lex.h,"(2935, 5)-(2935, 14)",b'constexpr uint32_t shift =\n        static_cas...'
sql,../repos/mysql-server/sql/sql_const.h,"(42, 1)-(42, 10)",b'constexpr const int MAX_ALIAS_NAME{256};'
sql,../repos/mysql-server/sql/sql_const.h,"(42, 11)-(42, 16)",b'constexpr const int MAX_ALIAS_NAME{256};'
sql,../repos/mysql-server/sql/sql_const.h,"(43, 1)-(43, 10)",b'constexpr const int MAX_FIELD_NAME{34};'
sql,../repos/mysql-server/sql/sql_const.h,"(43, 11)-(43, 16)",b'constexpr const int MAX_FIELD_NAME{34};'
sql,../repos/mysql-server/sql/sql_const.h,"(45, 1)-(45, 10)",b'constexpr const unsigned int MAX_KEY{MAX_INDEXES};'
sql,../repos/mysql-server/sql/sql_const.h,"(45, 11)-(45, 16)",b'constexpr const unsigned int MAX_KEY{MAX_INDEXES};'
sql,../repos/mysql-server/sql/sql_const.h,"(46, 1)-(46, 10)",b'constexpr const unsigned int MAX_REF_PARTS{16};'
sql,../repos/mysql-server/sql/sql_const.h,"(46, 11)-(46, 16)",b'constexpr const unsigned int MAX_REF_PARTS{16};'
sql,../repos/mysql-server/sql/sql_const.h,"(47, 1)-(47, 10)",b'constexpr const unsigned int MAX_KEY_LENGTH{3072};'
sql,../repos/mysql-server/sql/sql_const.h,"(47, 11)-(47, 16)",b'constexpr const unsigned int MAX_KEY_LENGTH{3072};'
sql,../repos/mysql-server/sql/sql_const.h,"(49, 1)-(49, 10)",b'constexpr const int MAX_FIELD_CHARLENGTH{255};'
sql,../repos/mysql-server/sql/sql_const.h,"(49, 11)-(49, 16)",b'constexpr const int MAX_FIELD_CHARLENGTH{255};'
sql,../repos/mysql-server/sql/sql_const.h,"(50, 1)-(50, 10)",b'constexpr const int MAX_FIELD_VARCHARLENGTH{6...'
sql,../repos/mysql-server/sql/sql_const.h,"(50, 11)-(50, 16)",b'constexpr const int MAX_FIELD_VARCHARLENGTH{6...'
sql,../repos/mysql-server/sql/sql_const.h,"(53, 1)-(53, 10)",b'constexpr const unsigned int MAX_FIELD_BLOBLE...'
sql,../repos/mysql-server/sql/sql_const.h,"(53, 11)-(53, 16)",b'constexpr const unsigned int MAX_FIELD_BLOBLE...'
sql,../repos/mysql-server/sql/sql_const.h,"(62, 1)-(62, 10)",b'constexpr const int CONVERT_IF_BIGGER_TO_BLOB...'
sql,../repos/mysql-server/sql/sql_const.h,"(62, 11)-(62, 16)",b'constexpr const int CONVERT_IF_BIGGER_TO_BLOB...'
sql,../repos/mysql-server/sql/sql_const.h,"(65, 1)-(65, 10)",b'constexpr const int MAX_FIELD_WIDTH{MAX_FIELD...'
sql,../repos/mysql-server/sql/sql_const.h,"(65, 11)-(65, 16)",b'constexpr const int MAX_FIELD_WIDTH{MAX_FIELD...'
sql,../repos/mysql-server/sql/sql_const.h,"(68, 1)-(68, 10)",b'constexpr const int MAX_DATE_WIDTH{10};'
sql,../repos/mysql-server/sql/sql_const.h,"(68, 11)-(68, 16)",b'constexpr const int MAX_DATE_WIDTH{10};'
sql,../repos/mysql-server/sql/sql_const.h,"(70, 1)-(70, 10)",b'constexpr const int MAX_TIME_WIDTH{10};'
sql,../repos/mysql-server/sql/sql_const.h,"(70, 11)-(70, 16)",b'constexpr const int MAX_TIME_WIDTH{10};'
sql,../repos/mysql-server/sql/sql_const.h,"(72, 1)-(72, 10)",b'constexpr const int MAX_TIME_FULL_WIDTH{23};'
sql,../repos/mysql-server/sql/sql_const.h,"(72, 11)-(72, 16)",b'constexpr const int MAX_TIME_FULL_WIDTH{23};'
sql,../repos/mysql-server/sql/sql_const.h,"(74, 1)-(74, 10)",b'constexpr const int MAX_DATETIME_FULL_WIDTH{29};'
sql,../repos/mysql-server/sql/sql_const.h,"(74, 11)-(74, 16)",b'constexpr const int MAX_DATETIME_FULL_WIDTH{29};'
sql,../repos/mysql-server/sql/sql_const.h,"(76, 1)-(76, 10)",b'constexpr const int MAX_DATETIME_WIDTH{19};'
sql,../repos/mysql-server/sql/sql_const.h,"(76, 11)-(76, 16)",b'constexpr const int MAX_DATETIME_WIDTH{19};'
sql,../repos/mysql-server/sql/sql_const.h,"(104, 1)-(104, 10)",b'constexpr const size_t MAX_TABLES_FOR_SIZE{si...'
sql,../repos/mysql-server/sql/sql_const.h,"(104, 11)-(104, 16)",b'constexpr const size_t MAX_TABLES_FOR_SIZE{si...'
sql,../repos/mysql-server/sql/sql_const.h,"(107, 1)-(107, 10)",b'constexpr const size_t MAX_TABLES{MAX_TABLES_...'
sql,../repos/mysql-server/sql/sql_const.h,"(107, 11)-(107, 16)",b'constexpr const size_t MAX_TABLES{MAX_TABLES_...'
sql,../repos/mysql-server/sql/sql_const.h,"(109, 1)-(109, 10)",b'constexpr const table_map INNER_TABLE_BIT{1UL...'
sql,../repos/mysql-server/sql/sql_const.h,"(109, 11)-(109, 16)",b'constexpr const table_map INNER_TABLE_BIT{1UL...'
sql,../repos/mysql-server/sql/sql_const.h,"(110, 1)-(110, 10)",b'constexpr const table_map OUTER_REF_TABLE_BIT...'
sql,../repos/mysql-server/sql/sql_const.h,"(110, 11)-(110, 16)",b'constexpr const table_map OUTER_REF_TABLE_BIT...'
sql,../repos/mysql-server/sql/sql_const.h,"(111, 1)-(111, 10)",b'constexpr const table_map RAND_TABLE_BIT{1ULL...'
sql,../repos/mysql-server/sql/sql_const.h,"(111, 11)-(111, 16)",b'constexpr const table_map RAND_TABLE_BIT{1ULL...'
sql,../repos/mysql-server/sql/sql_const.h,"(112, 1)-(112, 10)",b'constexpr const table_map PSEUDO_TABLE_BITS{\n...'
sql,../repos/mysql-server/sql/sql_const.h,"(112, 11)-(112, 16)",b'constexpr const table_map PSEUDO_TABLE_BITS{\n...'
sql,../repos/mysql-server/sql/sql_const.h,"(116, 1)-(116, 10)",b'constexpr const int MAX_FIELDS{4096};'
sql,../repos/mysql-server/sql/sql_const.h,"(116, 11)-(116, 16)",b'constexpr const int MAX_FIELDS{4096};'
sql,../repos/mysql-server/sql/sql_const.h,"(117, 1)-(117, 10)",b'constexpr const int MAX_PARTITIONS{8192};'
sql,../repos/mysql-server/sql/sql_const.h,"(117, 11)-(117, 16)",b'constexpr const int MAX_PARTITIONS{8192};'
sql,../repos/mysql-server/sql/sql_const.h,"(120, 1)-(120, 10)",b'constexpr const int MAX_INTERVAL_VALUE_LENGTH...'
sql,../repos/mysql-server/sql/sql_const.h,"(120, 11)-(120, 16)",b'constexpr const int MAX_INTERVAL_VALUE_LENGTH...'
sql,../repos/mysql-server/sql/sql_const.h,"(122, 1)-(122, 10)",b'constexpr const size_t MIN_SORT_MEMORY{32 * 1024};'
sql,../repos/mysql-server/sql/sql_const.h,"(122, 11)-(122, 16)",b'constexpr const size_t MIN_SORT_MEMORY{32 * 1024};'
sql,../repos/mysql-server/sql/sql_const.h,"(124, 1)-(124, 10)",b'constexpr const size_t STRING_BUFFER_USUAL_SI...'
sql,../repos/mysql-server/sql/sql_const.h,"(124, 11)-(124, 16)",b'constexpr const size_t STRING_BUFFER_USUAL_SI...'
sql,../repos/mysql-server/sql/sql_const.h,"(127, 1)-(127, 10)",b'constexpr const size_t MEM_ROOT_BLOCK_SIZE{8192};'
sql,../repos/mysql-server/sql/sql_const.h,"(127, 11)-(127, 16)",b'constexpr const size_t MEM_ROOT_BLOCK_SIZE{8192};'
sql,../repos/mysql-server/sql/sql_const.h,"(130, 1)-(130, 10)",b'constexpr const int CREATE_MODE{0};'
sql,../repos/mysql-server/sql/sql_const.h,"(130, 11)-(130, 16)",b'constexpr const int CREATE_MODE{0};'
sql,../repos/mysql-server/sql/sql_const.h,"(132, 1)-(132, 10)",b'constexpr const size_t MAX_PASSWORD_LENGTH{32};'
sql,../repos/mysql-server/sql/sql_const.h,"(132, 11)-(132, 16)",b'constexpr const size_t MAX_PASSWORD_LENGTH{32};'
sql,../repos/mysql-server/sql/sql_const.h,"(140, 1)-(140, 10)",b'constexpr const long STACK_MIN_SIZE{30000};'
sql,../repos/mysql-server/sql/sql_const.h,"(140, 11)-(140, 16)",b'constexpr const long STACK_MIN_SIZE{30000};'
sql,../repos/mysql-server/sql/sql_const.h,"(142, 1)-(142, 10)",b'constexpr const long STACK_MIN_SIZE{20000};'
sql,../repos/mysql-server/sql/sql_const.h,"(142, 11)-(142, 16)",b'constexpr const long STACK_MIN_SIZE{20000};'
sql,../repos/mysql-server/sql/sql_const.h,"(145, 1)-(145, 10)",b'constexpr const int STACK_BUFF_ALLOC{352};'
sql,../repos/mysql-server/sql/sql_const.h,"(145, 11)-(145, 16)",b'constexpr const int STACK_BUFF_ALLOC{352};'
sql,../repos/mysql-server/sql/sql_const.h,"(147, 1)-(147, 10)",b'constexpr const size_t ACL_ALLOC_BLOCK_SIZE{1024};'
sql,../repos/mysql-server/sql/sql_const.h,"(147, 11)-(147, 16)",b'constexpr const size_t ACL_ALLOC_BLOCK_SIZE{1024};'
sql,../repos/mysql-server/sql/sql_const.h,"(148, 1)-(148, 10)",b'constexpr const size_t TABLE_ALLOC_BLOCK_SIZE...'
sql,../repos/mysql-server/sql/sql_const.h,"(148, 11)-(148, 16)",b'constexpr const size_t TABLE_ALLOC_BLOCK_SIZE...'
sql,../repos/mysql-server/sql/sql_const.h,"(150, 1)-(150, 10)",b'constexpr const int PRECISION_FOR_DOUBLE{53};'
sql,../repos/mysql-server/sql/sql_const.h,"(150, 11)-(150, 16)",b'constexpr const int PRECISION_FOR_DOUBLE{53};'
sql,../repos/mysql-server/sql/sql_const.h,"(151, 1)-(151, 10)",b'constexpr const int PRECISION_FOR_FLOAT{24};'
sql,../repos/mysql-server/sql/sql_const.h,"(151, 11)-(151, 16)",b'constexpr const int PRECISION_FOR_FLOAT{24};'
sql,../repos/mysql-server/sql/sql_const.h,"(154, 1)-(154, 10)",b'constexpr const int MAX_FLOAT_STR_LENGTH{FLT_...'
sql,../repos/mysql-server/sql/sql_const.h,"(154, 11)-(154, 16)",b'constexpr const int MAX_FLOAT_STR_LENGTH{FLT_...'
sql,../repos/mysql-server/sql/sql_const.h,"(156, 1)-(156, 10)",b'constexpr const int MAX_DOUBLE_STR_LENGTH{DBL...'
sql,../repos/mysql-server/sql/sql_const.h,"(156, 11)-(156, 16)",b'constexpr const int MAX_DOUBLE_STR_LENGTH{DBL...'
sql,../repos/mysql-server/sql/sql_const.h,"(158, 1)-(158, 10)",b'constexpr const unsigned long LONG_TIMEOUT{36...'
sql,../repos/mysql-server/sql/sql_const.h,"(158, 11)-(158, 16)",b'constexpr const unsigned long LONG_TIMEOUT{36...'
sql,../repos/mysql-server/sql/sql_const.h,"(172, 1)-(172, 10)",b'constexpr const uint8_t CONTEXT_ANALYSIS_ONLY...'
sql,../repos/mysql-server/sql/sql_const.h,"(172, 11)-(172, 16)",b'constexpr const uint8_t CONTEXT_ANALYSIS_ONLY...'
sql,../repos/mysql-server/sql/sql_const.h,"(180, 1)-(180, 10)",b'constexpr const uint8_t CONTEXT_ANALYSIS_ONLY...'
sql,../repos/mysql-server/sql/sql_const.h,"(180, 11)-(180, 16)",b'constexpr const uint8_t CONTEXT_ANALYSIS_ONLY...'
sql,../repos/mysql-server/sql/sql_const.h,"(185, 1)-(185, 10)",b'constexpr const uint8_t CONTEXT_ANALYSIS_ONLY...'
sql,../repos/mysql-server/sql/sql_const.h,"(185, 11)-(185, 16)",b'constexpr const uint8_t CONTEXT_ANALYSIS_ONLY...'
sql,../repos/mysql-server/sql/sql_const.h,"(191, 1)-(191, 10)",b'constexpr const uint64_t OPTIMIZER_SWITCH_IND...'
sql,../repos/mysql-server/sql/sql_const.h,"(191, 11)-(191, 16)",b'constexpr const uint64_t OPTIMIZER_SWITCH_IND...'
sql,../repos/mysql-server/sql/sql_const.h,"(192, 1)-(192, 10)",b'constexpr const uint64_t OPTIMIZER_SWITCH_IND...'
sql,../repos/mysql-server/sql/sql_const.h,"(192, 11)-(192, 16)",b'constexpr const uint64_t OPTIMIZER_SWITCH_IND...'
sql,../repos/mysql-server/sql/sql_const.h,"(193, 1)-(193, 10)",b'constexpr const uint64_t OPTIMIZER_SWITCH_IND...'
sql,../repos/mysql-server/sql/sql_const.h,"(193, 11)-(193, 16)",b'constexpr const uint64_t OPTIMIZER_SWITCH_IND...'
sql,../repos/mysql-server/sql/sql_const.h,"(194, 1)-(194, 10)",b'constexpr const uint64_t OPTIMIZER_SWITCH_IND...'
sql,../repos/mysql-server/sql/sql_const.h,"(194, 11)-(194, 16)",b'constexpr const uint64_t OPTIMIZER_SWITCH_IND...'
sql,../repos/mysql-server/sql/sql_const.h,"(195, 1)-(195, 10)",b'constexpr const uint64_t OPTIMIZER_SWITCH_ENG...'
sql,../repos/mysql-server/sql/sql_const.h,"(195, 11)-(195, 16)",b'constexpr const uint64_t OPTIMIZER_SWITCH_ENG...'
sql,../repos/mysql-server/sql/sql_const.h,"(196, 1)-(196, 10)",b'constexpr const uint64_t OPTIMIZER_SWITCH_IND...'
sql,../repos/mysql-server/sql/sql_const.h,"(196, 11)-(196, 16)",b'constexpr const uint64_t OPTIMIZER_SWITCH_IND...'
sql,../repos/mysql-server/sql/sql_const.h,"(198, 1)-(198, 10)",b'constexpr const uint64_t OPTIMIZER_SWITCH_MRR...'
sql,../repos/mysql-server/sql/sql_const.h,"(198, 11)-(198, 16)",b'constexpr const uint64_t OPTIMIZER_SWITCH_MRR...'
sql,../repos/mysql-server/sql/sql_const.h,"(205, 1)-(205, 10)",b'constexpr const uint64_t OPTIMIZER_SWITCH_MRR...'
sql,../repos/mysql-server/sql/sql_const.h,"(205, 11)-(205, 16)",b'constexpr const uint64_t OPTIMIZER_SWITCH_MRR...'
sql,../repos/mysql-server/sql/sql_const.h,"(206, 1)-(206, 10)",b'constexpr const uint64_t OPTIMIZER_SWITCH_BNL...'
sql,../repos/mysql-server/sql/sql_const.h,"(206, 11)-(206, 16)",b'constexpr const uint64_t OPTIMIZER_SWITCH_BNL...'
sql,../repos/mysql-server/sql/sql_const.h,"(207, 1)-(207, 10)",b'constexpr const uint64_t OPTIMIZER_SWITCH_BKA...'
sql,../repos/mysql-server/sql/sql_const.h,"(207, 11)-(207, 16)",b'constexpr const uint64_t OPTIMIZER_SWITCH_BKA...'
sql,../repos/mysql-server/sql/sql_const.h,"(208, 1)-(208, 10)",b'constexpr const uint64_t OPTIMIZER_SWITCH_MAT...'
sql,../repos/mysql-server/sql/sql_const.h,"(208, 11)-(208, 16)",b'constexpr const uint64_t OPTIMIZER_SWITCH_MAT...'
sql,../repos/mysql-server/sql/sql_const.h,"(209, 1)-(209, 10)",b'constexpr const uint64_t OPTIMIZER_SWITCH_SEM...'
sql,../repos/mysql-server/sql/sql_const.h,"(209, 11)-(209, 16)",b'constexpr const uint64_t OPTIMIZER_SWITCH_SEM...'
sql,../repos/mysql-server/sql/sql_const.h,"(210, 1)-(210, 10)",b'constexpr const uint64_t OPTIMIZER_SWITCH_LOO...'
sql,../repos/mysql-server/sql/sql_const.h,"(210, 11)-(210, 16)",b'constexpr const uint64_t OPTIMIZER_SWITCH_LOO...'
sql,../repos/mysql-server/sql/sql_const.h,"(211, 1)-(211, 10)",b'constexpr const uint64_t OPTIMIZER_SWITCH_FIR...'
sql,../repos/mysql-server/sql/sql_const.h,"(211, 11)-(211, 16)",b'constexpr const uint64_t OPTIMIZER_SWITCH_FIR...'
sql,../repos/mysql-server/sql/sql_const.h,"(212, 1)-(212, 10)",b'constexpr const uint64_t OPTIMIZER_SWITCH_DUP...'
sql,../repos/mysql-server/sql/sql_const.h,"(212, 11)-(212, 16)",b'constexpr const uint64_t OPTIMIZER_SWITCH_DUP...'
sql,../repos/mysql-server/sql/sql_const.h,"(213, 1)-(213, 10)",b'constexpr const uint64_t OPTIMIZER_SWITCH_SUB...'
sql,../repos/mysql-server/sql/sql_const.h,"(213, 11)-(213, 16)",b'constexpr const uint64_t OPTIMIZER_SWITCH_SUB...'
sql,../repos/mysql-server/sql/sql_const.h,"(214, 1)-(214, 10)",b'constexpr const uint64_t OPTIMIZER_SWITCH_USE...'
sql,../repos/mysql-server/sql/sql_const.h,"(214, 11)-(214, 16)",b'constexpr const uint64_t OPTIMIZER_SWITCH_USE...'
sql,../repos/mysql-server/sql/sql_const.h,"(215, 1)-(215, 10)",b'constexpr const uint64_t OPTIMIZER_SWITCH_CON...'
sql,../repos/mysql-server/sql/sql_const.h,"(215, 11)-(215, 16)",b'constexpr const uint64_t OPTIMIZER_SWITCH_CON...'
sql,../repos/mysql-server/sql/sql_const.h,"(216, 1)-(216, 10)",b'constexpr const uint64_t OPTIMIZER_SWITCH_DER...'
sql,../repos/mysql-server/sql/sql_const.h,"(216, 11)-(216, 16)",b'constexpr const uint64_t OPTIMIZER_SWITCH_DER...'
sql,../repos/mysql-server/sql/sql_const.h,"(217, 1)-(217, 10)",b'constexpr const uint64_t OPTIMIZER_SWITCH_USE...'
sql,../repos/mysql-server/sql/sql_const.h,"(217, 11)-(217, 16)",b'constexpr const uint64_t OPTIMIZER_SWITCH_USE...'
sql,../repos/mysql-server/sql/sql_const.h,"(218, 1)-(218, 10)",b'constexpr const uint64_t OPTIMIZER_SKIP_SCAN{...'
sql,../repos/mysql-server/sql/sql_const.h,"(218, 11)-(218, 16)",b'constexpr const uint64_t OPTIMIZER_SKIP_SCAN{...'
sql,../repos/mysql-server/sql/sql_const.h,"(219, 1)-(219, 10)",b'constexpr const uint64_t OPTIMIZER_SWITCH_HAS...'
sql,../repos/mysql-server/sql/sql_const.h,"(219, 11)-(219, 16)",b'constexpr const uint64_t OPTIMIZER_SWITCH_HAS...'
sql,../repos/mysql-server/sql/sql_const.h,"(220, 1)-(220, 10)",b'constexpr const uint64_t OPTIMIZER_SWITCH_SUB...'
sql,../repos/mysql-server/sql/sql_const.h,"(220, 11)-(220, 16)",b'constexpr const uint64_t OPTIMIZER_SWITCH_SUB...'
sql,../repos/mysql-server/sql/sql_const.h,"(221, 1)-(221, 10)",b'constexpr const uint64_t OPTIMIZER_SWITCH_PRE...'
sql,../repos/mysql-server/sql/sql_const.h,"(221, 11)-(221, 16)",b'constexpr const uint64_t OPTIMIZER_SWITCH_PRE...'
sql,../repos/mysql-server/sql/sql_const.h,"(222, 1)-(222, 10)",b'constexpr const uint64_t OPTIMIZER_SWITCH_HYP...'
sql,../repos/mysql-server/sql/sql_const.h,"(222, 11)-(222, 16)",b'constexpr const uint64_t OPTIMIZER_SWITCH_HYP...'
sql,../repos/mysql-server/sql/sql_const.h,"(223, 1)-(223, 10)",b'constexpr const uint64_t OPTIMIZER_SWITCH_DER...'
sql,../repos/mysql-server/sql/sql_const.h,"(223, 11)-(223, 16)",b'constexpr const uint64_t OPTIMIZER_SWITCH_DER...'
sql,../repos/mysql-server/sql/sql_const.h,"(225, 1)-(225, 10)",b'constexpr const uint64_t OPTIMIZER_SWITCH_HAS...'
sql,../repos/mysql-server/sql/sql_const.h,"(225, 11)-(225, 16)",b'constexpr const uint64_t OPTIMIZER_SWITCH_HAS...'
sql,../repos/mysql-server/sql/sql_const.h,"(226, 1)-(226, 10)",b'constexpr const uint64_t OPTIMIZER_SWITCH_LAS...'
sql,../repos/mysql-server/sql/sql_const.h,"(226, 11)-(226, 16)",b'constexpr const uint64_t OPTIMIZER_SWITCH_LAS...'
sql,../repos/mysql-server/sql/sql_const.h,"(241, 1)-(241, 10)",b'constexpr const int MYSQLD_SUCCESS_EXIT{0};'
sql,../repos/mysql-server/sql/sql_const.h,"(241, 11)-(241, 16)",b'constexpr const int MYSQLD_SUCCESS_EXIT{0};'
sql,../repos/mysql-server/sql/sql_const.h,"(248, 1)-(248, 10)",b'constexpr const int MYSQLD_ABORT_EXIT{1};'
sql,../repos/mysql-server/sql/sql_const.h,"(248, 11)-(248, 16)",b'constexpr const int MYSQLD_ABORT_EXIT{1};'
sql,../repos/mysql-server/sql/sql_const.h,"(255, 1)-(255, 10)",b'constexpr const int MYSQLD_FAILURE_EXIT{2};'
sql,../repos/mysql-server/sql/sql_const.h,"(255, 11)-(255, 16)",b'constexpr const int MYSQLD_FAILURE_EXIT{2};'
sql,../repos/mysql-server/sql/sql_const.h,"(262, 1)-(262, 10)",b'constexpr const int MYSQLD_RESTART_EXIT{16};'
sql,../repos/mysql-server/sql/sql_const.h,"(262, 11)-(262, 16)",b'constexpr const int MYSQLD_RESTART_EXIT{16};'
sql,../repos/mysql-server/sql/sql_const.h,"(264, 1)-(264, 10)",b'constexpr const size_t UUID_LENGTH{8 + 1 + 4 ...'
sql,../repos/mysql-server/sql/sql_const.h,"(264, 11)-(264, 16)",b'constexpr const size_t UUID_LENGTH{8 + 1 + 4 ...'
sql,../repos/mysql-server/sql/rpl_replica_until_options.cc,"(323, 3)-(323, 12)",b'constexpr double worker_wait_timeout = 1;'
sql,../repos/mysql-server/sql/sql_error.h,"(48, 1)-(48, 10)",b'constexpr const size_t WARN_ALLOC_BLOCK_SIZE{...'
sql,../repos/mysql-server/sql/sql_error.h,"(48, 11)-(48, 16)",b'constexpr const size_t WARN_ALLOC_BLOCK_SIZE{...'
sql,../repos/mysql-server/sql/iterators/hash_join_iterator.cc,"(59, 8)-(59, 17)",b'static constexpr size_t kZeroKeyLengthHash = ...'
sql,../repos/mysql-server/sql/iterators/hash_join_iterator.cc,"(450, 3)-(450, 12)",b'constexpr double kReductionFactor = 0.9;'
sql,../repos/mysql-server/sql/iterators/composite_iterators.cc,"(2270, 3)-(2270, 12)",b'constexpr double kReductionFactor = 0.9;'
sql,../repos/mysql-server/sql/iterators/composite_iterators.h,"(993, 10)-(993, 19)",b'static constexpr uint32_t m_magic_prime = 4391;'
sql,../repos/mysql-server/sql/iterators/window_iterators.cc,"(150, 3)-(150, 12)",b'constexpr size_t first_in_partition = static_...'
sql,../repos/mysql-server/sql/iterators/hash_join_iterator.h,"(571, 10)-(571, 19)",b'static constexpr uint32_t kChunkPartitioningH...'
sql,../repos/mysql-server/sql/iterators/hash_join_iterator.h,"(579, 10)-(579, 19)",b'static constexpr size_t kMaxChunks = 128;'
sql,../repos/mysql-server/sql/join_optimizer/secondary_engine_costing_flags.h,"(51, 1)-(51, 10)",b'constexpr inline SecondaryEngineCostingFlags ...'
sql,../repos/mysql-server/sql/join_optimizer/secondary_engine_costing_flags.h,"(57, 1)-(57, 10)",b'constexpr inline SecondaryEngineCostingFlags ...'
sql,../repos/mysql-server/sql/join_optimizer/secondary_engine_costing_flags.h,"(63, 1)-(63, 10)",b'constexpr inline SecondaryEngineCostingFlags ...'
sql,../repos/mysql-server/sql/join_optimizer/secondary_engine_costing_flags.h,"(68, 1)-(68, 10)",b'constexpr inline SecondaryEngineCostingFlags ...'
sql,../repos/mysql-server/sql/join_optimizer/secondary_engine_costing_flags.h,"(73, 1)-(73, 10)",b'constexpr inline SecondaryEngineCostingFlags ...'
sql,../repos/mysql-server/sql/join_optimizer/secondary_engine_costing_flags.h,"(78, 1)-(78, 10)",b'constexpr inline SecondaryEngineCostingFlags ...'
sql,../repos/mysql-server/sql/join_optimizer/secondary_engine_costing_flags.h,"(83, 1)-(83, 10)",b'constexpr inline SecondaryEngineCostingFlags ...'
sql,../repos/mysql-server/sql/join_optimizer/secondary_engine_costing_flags.h,"(88, 1)-(88, 10)",b'constexpr inline SecondaryEngineCostingFlags ...'
sql,../repos/mysql-server/sql/join_optimizer/secondary_engine_costing_flags.h,"(93, 1)-(93, 10)",b'constexpr inline SecondaryEngineCostingFlags ...'
sql,../repos/mysql-server/sql/join_optimizer/overflow_bitset.h,"(139, 10)-(139, 19)",b'static constexpr int kInlineBits = sizeof(m_b...'
sql,../repos/mysql-server/sql/join_optimizer/cost_model.h,"(44, 1)-(44, 10)",b'constexpr size_t kMaxItemLengthEstimate = 4096;'
sql,../repos/mysql-server/sql/join_optimizer/cost_model.h,"(49, 1)-(49, 10)",b'constexpr double kApplyOneFilterCost = 0.1;'
sql,../repos/mysql-server/sql/join_optimizer/cost_model.h,"(50, 1)-(50, 10)",b'constexpr double kAggregateOneRowCost = 0.1;'
sql,../repos/mysql-server/sql/join_optimizer/cost_model.h,"(51, 1)-(51, 10)",b'constexpr double kSortOneRowCost = 0.1;'
sql,../repos/mysql-server/sql/join_optimizer/cost_model.h,"(52, 1)-(52, 10)",b'constexpr double kHashBuildOneRowCost = 0.1;'
sql,../repos/mysql-server/sql/join_optimizer/cost_model.h,"(53, 1)-(53, 10)",b'constexpr double kHashProbeOneRowCost = 0.1;'
sql,../repos/mysql-server/sql/join_optimizer/cost_model.h,"(54, 1)-(54, 10)",b'constexpr double kHashReturnOneRowCost = 0.07;'
sql,../repos/mysql-server/sql/join_optimizer/cost_model.h,"(55, 1)-(55, 10)",b'constexpr double kMaterializeOneRowCost = 0.1;'
sql,../repos/mysql-server/sql/join_optimizer/cost_model.h,"(56, 1)-(56, 10)",b'constexpr double kWindowOneRowCost = 0.1;'
sql,../repos/mysql-server/sql/join_optimizer/cost_model.h,"(61, 1)-(61, 10)",b'constexpr ha_rows kRowEstimateFallback = 1000;'
sql,../repos/mysql-server/sql/join_optimizer/join_optimizer.cc,"(5059, 3)-(5059, 12)",b'constexpr double fuzz_factor = 1.01;'
sql,../repos/mysql-server/sql/join_optimizer/bit_utils.h,"(177, 1)-(177, 10)",b'constexpr uint64_t TableBitmap(unsigned x) { ...'
sql,../repos/mysql-server/sql/join_optimizer/bit_utils.h,"(181, 1)-(181, 10)",b'constexpr uint64_t TableBitmap(unsigned first...'
sql,../repos/mysql-server/sql/join_optimizer/interesting_orders_defs.h,"(61, 8)-(61, 17)",b'static constexpr int kMaxSupportedFDs = 64;'
sql,../repos/mysql-server/sql/join_optimizer/interesting_orders_defs.h,"(64, 8)-(64, 17)",b'static constexpr int kMaxSupportedOrderings = 64;'
sql,../repos/mysql-server/sql/join_optimizer/explain_access_path.cc,"(2105, 1)-(2105, 10)",b'constexpr int kPlainNumberLength = 6;'
sql,../repos/mysql-server/sql/join_optimizer/explain_access_path.cc,"(2109, 1)-(2109, 10)",b'constexpr int kMantissaLength = 3;'
sql,../repos/mysql-server/sql/join_optimizer/explain_access_path.cc,"(2112, 1)-(2112, 10)",b'constexpr double kMinNonZeroNumber = 1.0e-12;'
sql,../repos/mysql-server/sql/join_optimizer/explain_access_path.cc,"(2116, 1)-(2116, 10)",b'constexpr int kLogPrecision = -2;'
sql,../repos/mysql-server/sql/join_optimizer/explain_access_path.cc,"(2137, 3)-(2137, 12)",b'constexpr int max_digits = 18;'
sql,../repos/mysql-server/sql/join_optimizer/explain_access_path.cc,"(2197, 10)-(2197, 19)","b'uint64_t constexpr Power(uint64_t base, int p...'"
sql,../repos/mysql-server/sql/join_optimizer/explain_access_path.cc,"(2208, 3)-(2208, 12)","b'constexpr uint64_t limit = Power(10, kPlainNu...'"
sql,../repos/mysql-server/sql/join_optimizer/interesting_orders.cc,"(113, 1)-(113, 10)",b'constexpr int kMaxNFSMStates = 200;'
sql,../repos/mysql-server/sql/join_optimizer/interesting_orders.cc,"(114, 1)-(114, 10)",b'constexpr int kMaxDFSMStates = 2000;'
sql,../repos/mysql-server/sql/join_optimizer/hypergraph.h,"(74, 10)-(74, 19)",b'static constexpr int Size =\n      sizeof(std:...'
sql,../repos/mysql-server/sql/join_optimizer/access_path.h,"(183, 1)-(183, 10)",b'constexpr double kUnknownRowCount = -1.0;'
sql,../repos/mysql-server/sql/join_optimizer/access_path.h,"(188, 1)-(188, 10)",b'constexpr double kUnknownCost = -1e12;'
sql,../repos/mysql-server/sql/join_optimizer/access_path.cc,"(183, 5)-(183, 14)",b'constexpr bool fast_exit = true;'
sql,../repos/mysql-server/sql/join_optimizer/access_path.cc,"(185, 5)-(185, 14)",b'constexpr bool fast_exit = false;'
sql,../repos/mysql-server/sql/join_optimizer/cost_model.cc,"(306, 10)-(306, 19)",b'static constexpr double kNoEstimate = -1.0;'
sql,../repos/mysql-server/sql/join_optimizer/cost_model.cc,"(817, 5)-(817, 14)",b'constexpr double simple_rollup_limit = 50.0;'
sql,../repos/mysql-server/sql/join_optimizer/cost_model.cc,"(845, 3)-(845, 12)",b'constexpr double simple_limit = 10.0;'
sql,../repos/mysql-server/sql/join_optimizer/make_join_hypergraph.cc,"(938, 3)-(938, 12)",b'constexpr bool binary_cmp = true;'
sql,../repos/mysql-server/sql/sys_vars.h,"(103, 1)-(103, 10)",b'constexpr const unsigned long TABLE_OPEN_CACH...'
sql,../repos/mysql-server/sql/sys_vars.h,"(103, 11)-(103, 16)",b'constexpr const unsigned long TABLE_OPEN_CACH...'
sql,../repos/mysql-server/sql/sys_vars.h,"(104, 1)-(104, 10)",b'constexpr const unsigned long TABLE_DEF_CACHE...'
sql,../repos/mysql-server/sql/sys_vars.h,"(104, 11)-(104, 16)",b'constexpr const unsigned long TABLE_DEF_CACHE...'
sql,../repos/mysql-server/sql/sys_vars.h,"(110, 1)-(110, 10)",b'constexpr const unsigned long MAX_CONNECTIONS...'
sql,../repos/mysql-server/sql/sys_vars.h,"(110, 11)-(110, 16)",b'constexpr const unsigned long MAX_CONNECTIONS...'
sql,../repos/mysql-server/sql/rpl_rli_pdb.h,"(342, 10)-(342, 19)",b'static constexpr size_t error_result = std::n...'
sql,../repos/mysql-server/sql/item_create.cc,"(131, 1)-(131, 10)",b'constexpr auto MAX_ARGLIST_SIZE =\n    std::nu...'
sql,../repos/mysql-server/sql/item_create.cc,"(980, 10)-(980, 19)",b'static constexpr int Min_argcount = 1;'
sql,../repos/mysql-server/sql/item_create.cc,"(981, 10)-(981, 19)",b'static constexpr int Max_argcount = 2;'
sql,../repos/mysql-server/sql/rpl_gtid.h,"(1197, 10)-(1197, 19)","b""static constexpr auto gtid_separator = ':';"""
sql,../repos/mysql-server/sql/rpl_gtid.h,"(3973, 10)-(3973, 19)","b'static constexpr auto str_automatic = ""AUTOMATIC"";'"
sql,../repos/mysql-server/sql/rpl_gtid.h,"(3974, 10)-(3974, 19)",b'static constexpr auto str_automatic_tagged = ...'
sql,../repos/mysql-server/sql/rpl_gtid.h,"(3975, 10)-(3975, 19)","b'static constexpr auto str_automatic_sep = "":"";'"
sql,../repos/mysql-server/sql/rpl_gtid.h,"(3976, 10)-(3976, 19)","b'static constexpr auto str_pre_generated = ""PR...'"
sql,../repos/mysql-server/sql/rpl_gtid.h,"(3977, 10)-(3977, 19)",b'static constexpr auto str_not_yet_determined ...'
sql,../repos/mysql-server/sql/rpl_gtid.h,"(3978, 10)-(3978, 19)","b'static constexpr auto str_anonymous = ""ANONYMOUS"";'"
sql,../repos/mysql-server/sql/sql_udf.cc,"(113, 8)-(113, 17)",b'static constexpr const size_t UDF_ALLOC_BLOCK...'
sql,../repos/mysql-server/sql/sql_udf.cc,"(113, 18)-(113, 23)",b'static constexpr const size_t UDF_ALLOC_BLOCK...'
sql,../repos/mysql-server/sql/set_var.h,"(856, 10)-(856, 19)",b'static constexpr size_t SYSTEM_VARIABLE_PREAL...'
sql,../repos/mysql-server/sql/system_variables.h,"(122, 8)-(122, 17)",b'inline constexpr sql_mode_t MODE_REAL_AS_FLOA...'
sql,../repos/mysql-server/sql/system_variables.h,"(123, 8)-(123, 17)",b'inline constexpr sql_mode_t MODE_PIPES_AS_CON...'
sql,../repos/mysql-server/sql/system_variables.h,"(124, 8)-(124, 17)",b'inline constexpr sql_mode_t MODE_ANSI_QUOTES = 4;'
sql,../repos/mysql-server/sql/system_variables.h,"(125, 8)-(125, 17)",b'inline constexpr sql_mode_t MODE_IGNORE_SPACE = 8;'
sql,../repos/mysql-server/sql/system_variables.h,"(126, 8)-(126, 17)",b'inline constexpr sql_mode_t MODE_NOT_USED = 16;'
sql,../repos/mysql-server/sql/system_variables.h,"(127, 8)-(127, 17)",b'inline constexpr sql_mode_t MODE_ONLY_FULL_GR...'
sql,../repos/mysql-server/sql/system_variables.h,"(128, 8)-(128, 17)",b'inline constexpr sql_mode_t MODE_NO_UNSIGNED_...'
sql,../repos/mysql-server/sql/system_variables.h,"(129, 8)-(129, 17)",b'inline constexpr sql_mode_t MODE_NO_DIR_IN_CR...'
sql,../repos/mysql-server/sql/system_variables.h,"(130, 8)-(130, 17)",b'inline constexpr sql_mode_t MODE_ANSI = 0x40000;'
sql,../repos/mysql-server/sql/system_variables.h,"(131, 8)-(131, 17)",b'inline constexpr sql_mode_t MODE_NO_AUTO_VALU...'
sql,../repos/mysql-server/sql/system_variables.h,"(132, 8)-(132, 17)",b'inline constexpr sql_mode_t MODE_NO_BACKSLASH...'
sql,../repos/mysql-server/sql/system_variables.h,"(134, 8)-(134, 17)",b'inline constexpr sql_mode_t MODE_STRICT_TRANS...'
sql,../repos/mysql-server/sql/system_variables.h,"(136, 8)-(136, 17)",b'inline constexpr sql_mode_t MODE_STRICT_ALL_T...'
sql,../repos/mysql-server/sql/system_variables.h,"(145, 8)-(145, 17)",b'inline constexpr sql_mode_t MODE_NO_ZERO_IN_D...'
sql,../repos/mysql-server/sql/system_variables.h,"(146, 8)-(146, 17)",b'inline constexpr sql_mode_t MODE_NO_ZERO_DATE...'
sql,../repos/mysql-server/sql/system_variables.h,"(147, 8)-(147, 17)",b'inline constexpr sql_mode_t MODE_INVALID_DATE...'
sql,../repos/mysql-server/sql/system_variables.h,"(148, 8)-(148, 17)",b'inline constexpr sql_mode_t MODE_ERROR_FOR_DI...'
sql,../repos/mysql-server/sql/system_variables.h,"(150, 8)-(150, 17)",b'inline constexpr sql_mode_t MODE_TRADITIONAL ...'
sql,../repos/mysql-server/sql/system_variables.h,"(152, 8)-(152, 17)",b'inline constexpr sql_mode_t MODE_HIGH_NOT_PRE...'
sql,../repos/mysql-server/sql/system_variables.h,"(153, 8)-(153, 17)",b'inline constexpr sql_mode_t MODE_NO_ENGINE_SU...'
sql,../repos/mysql-server/sql/system_variables.h,"(155, 8)-(155, 17)",b'inline constexpr sql_mode_t MODE_PAD_CHAR_TO_...'
sql,../repos/mysql-server/sql/system_variables.h,"(160, 8)-(160, 17)",b'inline constexpr sql_mode_t MODE_TIME_TRUNCAT...'
sql,../repos/mysql-server/sql/system_variables.h,"(162, 8)-(162, 17)",b'inline constexpr sql_mode_t MODE_LAST = 1ULL ...'
sql,../repos/mysql-server/sql/system_variables.h,"(164, 8)-(164, 17)",b'inline constexpr sql_mode_t MODE_ALLOWED_MASK...'
sql,../repos/mysql-server/sql/table_column_iterator.h,"(118, 10)-(118, 19)",b'static constexpr unsigned long DEFAULTS = 0;'
sql,../repos/mysql-server/sql/table_column_iterator.h,"(123, 10)-(123, 19)",b'static constexpr unsigned long VFIELDS_ONLY = 1;'
