Repo name,File name,Location,Content
sql,../repos/mysql-server/sql/sql_table.cc,"(7318, 9)-(7318, 34)",b'decltype(key_info->flags)'
sql,../repos/mysql-server/sql/parse_tree_nodes.h,"(2676, 9)-(2676, 48)",b'decltype(HA_CREATE_INFO::table_options)'
sql,../repos/mysql-server/sql/parse_tree_nodes.h,"(2878, 11)-(2878, 55)",b'decltype(HA_CREATE_INFO::stats_sample_pages)'
sql,../repos/mysql-server/sql/parse_tree_nodes.h,"(4887, 24)-(4887, 53)",b'decltype(HA_CHECK_OPT::flags)'
sql,../repos/mysql-server/sql/parse_tree_nodes.h,"(4888, 24)-(4888, 57)",b'decltype(HA_CHECK_OPT::sql_flags)'
sql,../repos/mysql-server/sql/parse_tree_nodes.h,"(4900, 3)-(4900, 32)",b'decltype(HA_CHECK_OPT::flags)'
sql,../repos/mysql-server/sql/parse_tree_nodes.h,"(4901, 3)-(4901, 36)",b'decltype(HA_CHECK_OPT::sql_flags)'
sql,../repos/mysql-server/sql/parse_tree_nodes.h,"(4934, 23)-(4934, 52)",b'decltype(HA_CHECK_OPT::flags)'
sql,../repos/mysql-server/sql/parse_tree_nodes.h,"(4935, 23)-(4935, 56)",b'decltype(HA_CHECK_OPT::sql_flags)'
sql,../repos/mysql-server/sql/parse_tree_nodes.h,"(4945, 3)-(4945, 32)",b'decltype(HA_CHECK_OPT::flags)'
sql,../repos/mysql-server/sql/parse_tree_nodes.h,"(4946, 3)-(4946, 36)",b'decltype(HA_CHECK_OPT::sql_flags)'
sql,../repos/mysql-server/sql/parse_tree_nodes.h,"(5205, 36)-(5206, 76)",b'decltype(\n                                   ...'
sql,../repos/mysql-server/sql/parse_tree_nodes.h,"(5210, 36)-(5210, 77)",b'decltype(Tablespace_options::extent_size)'
sql,../repos/mysql-server/sql/parse_tree_nodes.h,"(5214, 36)-(5214, 78)",b'decltype(Tablespace_options::initial_size)'
sql,../repos/mysql-server/sql/parse_tree_nodes.h,"(5218, 36)-(5218, 74)",b'decltype(Tablespace_options::max_size)'
sql,../repos/mysql-server/sql/parse_tree_nodes.h,"(5222, 36)-(5223, 77)",b'decltype(\n                                   ...'
sql,../repos/mysql-server/sql/parse_tree_nodes.h,"(5227, 36)-(5228, 77)",b'decltype(\n                                   ...'
sql,../repos/mysql-server/sql/parse_tree_nodes.h,"(5233, 5)-(5233, 55)",b'decltype(Tablespace_options::wait_until_completed)'
sql,../repos/mysql-server/sql/parse_tree_nodes.h,"(5237, 36)-(5237, 76)",b'decltype(Tablespace_options::encryption)'
sql,../repos/mysql-server/sql/parse_tree_nodes.h,"(5245, 11)-(5245, 53)",b'decltype(Tablespace_options::nodegroup_id)'
sql,../repos/mysql-server/sql/parse_tree_nodes.h,"(5262, 11)-(5262, 51)",b'decltype(Tablespace_options::ts_comment)'
sql,../repos/mysql-server/sql/parse_tree_nodes.h,"(5289, 11)-(5289, 52)",b'decltype(Tablespace_options::engine_name)'
sql,../repos/mysql-server/sql/parse_tree_nodes.h,"(5316, 11)-(5316, 56)",b'decltype(Tablespace_options::file_block_size)'
sql,../repos/mysql-server/sql/server_component/component_sys_var_service.cc,"(168, 30)-(168, 48)",b'decltype(&my_free)'
sql,../repos/mysql-server/sql/dd/impl/sdi_file.cc,"(206, 27)-(206, 45)",b'decltype(dirender)'
sql,../repos/mysql-server/sql/dd/impl/sdi_file.cc,"(321, 25)-(321, 41)",b'decltype(closer)'
sql,../repos/mysql-server/sql/parse_tree_nodes.cc,"(2287, 35)-(2287, 72)",b'decltype(pc->alter_info->cf_appliers)'
sql,../repos/mysql-server/sql/parse_tree_nodes.cc,"(3045, 35)-(3045, 72)",b'decltype(pc->alter_info->cf_appliers)'
sql,../repos/mysql-server/sql/sql_show.cc,"(2328, 36)-(2328, 61)",b'decltype(autoextend_size)'
sql,../repos/mysql-server/sql/sql_base.cc,"(4871, 32)-(4871, 62)",b'decltype(release_table_lambda)'
sql,../repos/mysql-server/sql/sql_base.cc,"(4883, 38)-(4883, 68)",b'decltype(release_share_lambda)'
sql,../repos/mysql-server/sql/uniques.cc,"(193, 18)-(193, 35)",b'decltype(greater)'
sql,../repos/mysql-server/sql/set_var.cc,"(711, 23)-(711, 41)",b'decltype(m_static)'
sql,../repos/mysql-server/sql/set_var.cc,"(714, 25)-(714, 45)",b'decltype(m_keycache)'
sql,../repos/mysql-server/sql/set_var.cc,"(717, 23)-(717, 41)",b'decltype(m_plugin)'
sql,../repos/mysql-server/sql/set_var.cc,"(720, 26)-(720, 47)",b'decltype(m_component)'
sql,../repos/mysql-server/sql/sql_partition_admin.cc,"(401, 31)-(401, 61)",b'decltype(downgrade_mdl_lambda)'
sql,../repos/mysql-server/sql/sql_partition_admin.cc,"(404, 31)-(404, 61)",b'decltype(downgrade_mdl_lambda)'
sql,../repos/mysql-server/sql/sql_partition_admin.cc,"(512, 28)-(512, 69)",b'decltype(rollback_post_ddl_reopen_lambda)'
sql,../repos/mysql-server/sql/sql_partition_admin.cc,"(639, 31)-(639, 61)",b'decltype(downgrade_mdl_lambda)'
sql,../repos/mysql-server/sql/sql_partition_admin.cc,"(711, 34)-(711, 61)",b'decltype(free_share_lambda)'
sql,../repos/mysql-server/sql/sql_partition_admin.cc,"(727, 32)-(727, 57)",b'decltype(closefrm_lambda)'
sql,../repos/mysql-server/sql/mysqld.cc,"(6032, 32)-(6032, 57)",b'decltype(locks_immediate)'
sql,../repos/mysql-server/sql/mysqld.cc,"(6037, 32)-(6037, 54)",b'decltype(locks_waited)'
sql,../repos/mysql-server/sql/mysqld.cc,"(6060, 32)-(6060, 59)",b'decltype(tc_log_page_waits)'
sql,../repos/mysql-server/sql/mysqld.cc,"(6071, 32)-(6071, 61)",b'decltype(my_tmp_file_created)'
sql,../repos/mysql-server/sql/mysqld.cc,"(6083, 32)-(6083, 69)",b'decltype(log_sink_pfs_buffered_bytes)'
sql,../repos/mysql-server/sql/mysqld.cc,"(6089, 32)-(6089, 70)",b'decltype(log_sink_pfs_buffered_events)'
sql,../repos/mysql-server/sql/mysqld.cc,"(6095, 32)-(6095, 69)",b'decltype(log_sink_pfs_expired_events)'
sql,../repos/mysql-server/sql/mysqld.cc,"(6100, 32)-(6100, 57)",b'decltype(refresh_version)'
sql,../repos/mysql-server/sql/mysqld.cc,"(6110, 32)-(6110, 73)",b'decltype(locked_account_connection_count)'
sql,../repos/mysql-server/sql/mysqld.cc,"(6134, 32)-(6135, 59)",b'decltype(\n         Connection_handler_manager...'
sql,../repos/mysql-server/sql/mysqld.cc,"(6141, 32)-(6141, 56)",b'decltype(my_file_opened)'
sql,../repos/mysql-server/sql/mysqld.cc,"(6146, 32)-(6146, 58)",b'decltype(my_stream_opened)'
sql,../repos/mysql-server/sql/mysqld.cc,"(6157, 32)-(6157, 62)",b'decltype(my_file_total_opened)'
sql,../repos/mysql-server/sql/mysqld.cc,"(6232, 32)-(6233, 61)",b'decltype(\n         Per_thread_connection_hand...'
sql,../repos/mysql-server/sql/mysqld.cc,"(6271, 32)-(6271, 63)",b'decltype(binlog_cache_disk_use)'
sql,../repos/mysql-server/sql/mysqld.cc,"(6277, 32)-(6277, 58)",b'decltype(binlog_cache_use)'
sql,../repos/mysql-server/sql/mysqld.cc,"(6282, 32)-(6282, 57)",b'decltype(aborted_threads)'
sql,../repos/mysql-server/sql/mysqld.cc,"(6307, 32)-(6307, 68)",b'decltype(binlog_stmt_cache_disk_use)'
sql,../repos/mysql-server/sql/mysqld.cc,"(6313, 32)-(6313, 63)",b'decltype(binlog_stmt_cache_use)'
sql,../repos/mysql-server/sql/mysqld.cc,"(6330, 32)-(6330, 68)",b'decltype(connection_errors_internal)'
sql,../repos/mysql-server/sql/mysqld.cc,"(6341, 32)-(6341, 69)",b'decltype(connection_errors_peer_addr)'
sql,../repos/mysql-server/sql/mysqld.cc,"(6464, 32)-(6464, 79)",b'decltype(dflt_key_cache->global_blocks_changed)'
sql,../repos/mysql-server/sql/mysqld.cc,"(6469, 32)-(6469, 71)",b'decltype(dflt_key_cache->blocks_unused)'
sql,../repos/mysql-server/sql/mysqld.cc,"(6474, 32)-(6474, 69)",b'decltype(dflt_key_cache->blocks_used)'
sql,../repos/mysql-server/sql/mysqld.cc,"(6480, 32)-(6481, 50)",b'decltype(\n         dflt_key_cache->global_cac...'
sql,../repos/mysql-server/sql/mysqld.cc,"(6487, 32)-(6487, 75)",b'decltype(dflt_key_cache->global_cache_read)'
sql,../repos/mysql-server/sql/mysqld.cc,"(6493, 32)-(6494, 50)",b'decltype(\n         dflt_key_cache->global_cac...'
sql,../repos/mysql-server/sql/mysqld.cc,"(6500, 32)-(6500, 76)",b'decltype(dflt_key_cache->global_cache_write)'
sql,../repos/mysql-server/sql/handler.h,"(3051, 17)-(3051, 44)",b'decltype(handlerton::flags)'
sql,../repos/mysql-server/sql/handler.h,"(3056, 17)-(3057, 23)",b'decltype(\n    handlerton::flags)'
sql,../repos/mysql-server/sql/handler.h,"(3075, 17)-(3075, 44)",b'decltype(handlerton::flags)'
sql,../repos/mysql-server/sql/handler.h,"(3078, 24)-(3078, 51)",b'decltype(handlerton::flags)'
sql,../repos/mysql-server/sql/memory/unique_ptr.h,"(50, 8)-(50, 67)",b'decltype(std::declval<T>().allocate(std::decl...'
sql,../repos/mysql-server/sql/memory/unique_ptr.h,"(61, 23)-(61, 70)",b'decltype(traits::test_for_allocate<T>(nullptr))'
sql,../repos/mysql-server/sql/parser_yystype.h,"(544, 5)-(544, 34)",b'decltype(HA_CHECK_OPT::flags)'
sql,../repos/mysql-server/sql/parser_yystype.h,"(545, 5)-(545, 38)",b'decltype(HA_CHECK_OPT::sql_flags)'
sql,../repos/mysql-server/sql/ssl_acceptor_context_data.cc,"(71, 41)-(71, 60)",b'decltype(&BIO_free)'
sql,../repos/mysql-server/sql/ssl_acceptor_context_data.cc,"(72, 50)-(72, 70)",b'decltype(&X509_free)'
sql,../repos/mysql-server/sql/ssl_acceptor_context_data.cc,"(73, 50)-(73, 76)",b'decltype(&X509_STORE_free)'
sql,../repos/mysql-server/sql/ssl_acceptor_context_data.cc,"(75, 39)-(75, 69)",b'decltype(&X509_STORE_CTX_free)'
sql,../repos/mysql-server/sql/ssl_acceptor_context_data.cc,"(77, 25)-(77, 42)",b'decltype(deleter)'
sql,../repos/mysql-server/sql/sql_db.cc,"(746, 27)-(746, 45)",b'decltype(dirender)'
sql,../repos/mysql-server/sql/gis/srs/wkt_parser.cc,"(255, 15)-(255, 34)",b'decltype(delimiter)'
sql,../repos/mysql-server/sql/gis/geometries_cs.h,"(79, 11)-(79, 29)",b'decltype(m_points)'
sql,../repos/mysql-server/sql/gis/geometries_cs.h,"(80, 11)-(80, 29)",b'decltype(m_points)'
sql,../repos/mysql-server/sql/gis/geometries_cs.h,"(81, 11)-(81, 29)",b'decltype(m_points)'
sql,../repos/mysql-server/sql/gis/geometries_cs.h,"(133, 11)-(133, 29)",b'decltype(m_points)'
sql,../repos/mysql-server/sql/gis/geometries_cs.h,"(134, 11)-(134, 29)",b'decltype(m_points)'
sql,../repos/mysql-server/sql/gis/geometries_cs.h,"(135, 11)-(135, 29)",b'decltype(m_points)'
sql,../repos/mysql-server/sql/gis/geometries_cs.h,"(298, 3)-(298, 29)",b'decltype(m_interior_rings)'
sql,../repos/mysql-server/sql/gis/geometries_cs.h,"(305, 3)-(305, 29)",b'decltype(m_interior_rings)'
sql,../repos/mysql-server/sql/gis/geometries_cs.h,"(351, 3)-(351, 29)",b'decltype(m_interior_rings)'
sql,../repos/mysql-server/sql/gis/geometries_cs.h,"(358, 3)-(358, 29)",b'decltype(m_interior_rings)'
sql,../repos/mysql-server/sql/gis/geometries_cs.h,"(380, 11)-(380, 33)",b'decltype(m_geometries)'
sql,../repos/mysql-server/sql/gis/geometries_cs.h,"(381, 11)-(381, 33)",b'decltype(m_geometries)'
sql,../repos/mysql-server/sql/gis/geometries_cs.h,"(443, 11)-(443, 33)",b'decltype(m_geometries)'
sql,../repos/mysql-server/sql/gis/geometries_cs.h,"(444, 11)-(444, 33)",b'decltype(m_geometries)'
sql,../repos/mysql-server/sql/gis/geometries_cs.h,"(506, 11)-(506, 29)",b'decltype(m_points)'
sql,../repos/mysql-server/sql/gis/geometries_cs.h,"(507, 11)-(507, 29)",b'decltype(m_points)'
sql,../repos/mysql-server/sql/gis/geometries_cs.h,"(508, 11)-(508, 29)",b'decltype(m_points)'
sql,../repos/mysql-server/sql/gis/geometries_cs.h,"(557, 11)-(557, 29)",b'decltype(m_points)'
sql,../repos/mysql-server/sql/gis/geometries_cs.h,"(558, 11)-(558, 29)",b'decltype(m_points)'
sql,../repos/mysql-server/sql/gis/geometries_cs.h,"(559, 11)-(559, 29)",b'decltype(m_points)'
sql,../repos/mysql-server/sql/gis/geometries_cs.h,"(608, 11)-(608, 34)",b'decltype(m_linestrings)'
sql,../repos/mysql-server/sql/gis/geometries_cs.h,"(609, 11)-(609, 34)",b'decltype(m_linestrings)'
sql,../repos/mysql-server/sql/gis/geometries_cs.h,"(610, 11)-(610, 34)",b'decltype(m_linestrings)'
sql,../repos/mysql-server/sql/gis/geometries_cs.h,"(667, 11)-(667, 34)",b'decltype(m_linestrings)'
sql,../repos/mysql-server/sql/gis/geometries_cs.h,"(668, 11)-(668, 34)",b'decltype(m_linestrings)'
sql,../repos/mysql-server/sql/gis/geometries_cs.h,"(669, 11)-(669, 34)",b'decltype(m_linestrings)'
sql,../repos/mysql-server/sql/gis/geometries_cs.h,"(726, 11)-(726, 31)",b'decltype(m_polygons)'
sql,../repos/mysql-server/sql/gis/geometries_cs.h,"(727, 11)-(727, 31)",b'decltype(m_polygons)'
sql,../repos/mysql-server/sql/gis/geometries_cs.h,"(728, 11)-(728, 31)",b'decltype(m_polygons)'
sql,../repos/mysql-server/sql/gis/geometries_cs.h,"(780, 11)-(780, 31)",b'decltype(m_polygons)'
sql,../repos/mysql-server/sql/gis/geometries_cs.h,"(781, 11)-(781, 31)",b'decltype(m_polygons)'
sql,../repos/mysql-server/sql/gis/geometries_cs.h,"(782, 11)-(782, 31)",b'decltype(m_polygons)'
sql,../repos/mysql-server/sql/gis/geometries.cc,"(66, 10)-(66, 28)",b'decltype(m_points)'
sql,../repos/mysql-server/sql/gis/geometries.cc,"(104, 10)-(104, 28)",b'decltype(m_points)'
sql,../repos/mysql-server/sql/gis/geometries.cc,"(134, 10)-(134, 28)",b'decltype(m_points)'
sql,../repos/mysql-server/sql/gis/geometries.cc,"(144, 10)-(144, 28)",b'decltype(m_points)'
sql,../repos/mysql-server/sql/gis/geometries.cc,"(216, 1)-(216, 46)",b'decltype(Cartesian_polygon::m_interior_rings)'
sql,../repos/mysql-server/sql/gis/geometries.cc,"(221, 1)-(221, 46)",b'decltype(Cartesian_polygon::m_interior_rings)'
sql,../repos/mysql-server/sql/gis/geometries.cc,"(265, 1)-(265, 47)",b'decltype(Geographic_polygon::m_interior_rings)'
sql,../repos/mysql-server/sql/gis/geometries.cc,"(270, 1)-(270, 47)",b'decltype(Geographic_polygon::m_interior_rings)'
sql,../repos/mysql-server/sql/gis/geometries.cc,"(328, 10)-(328, 32)",b'decltype(m_geometries)'
sql,../repos/mysql-server/sql/gis/geometries.cc,"(453, 10)-(453, 32)",b'decltype(m_geometries)'
sql,../repos/mysql-server/sql/gis/geometries.cc,"(538, 10)-(538, 28)",b'decltype(m_points)'
sql,../repos/mysql-server/sql/gis/geometries.cc,"(560, 10)-(560, 28)",b'decltype(m_points)'
sql,../repos/mysql-server/sql/gis/geometries.cc,"(591, 10)-(591, 33)",b'decltype(m_linestrings)'
sql,../repos/mysql-server/sql/gis/geometries.cc,"(614, 10)-(614, 33)",b'decltype(m_linestrings)'
sql,../repos/mysql-server/sql/gis/geometries.cc,"(646, 10)-(646, 30)",b'decltype(m_polygons)'
sql,../repos/mysql-server/sql/gis/geometries.cc,"(668, 10)-(668, 30)",b'decltype(m_polygons)'
sql,../repos/mysql-server/sql/gis/symdifference_functor.cc,"(137, 49)-(137, 62)",b'decltype(*g1)'
sql,../repos/mysql-server/sql/gis/symdifference_functor.cc,"(147, 38)-(147, 51)",b'decltype(*g2)'
sql,../repos/mysql-server/sql/gis/symdifference_functor.cc,"(173, 49)-(173, 62)",b'decltype(*g1)'
sql,../repos/mysql-server/sql/gis/symdifference_functor.cc,"(180, 38)-(180, 51)",b'decltype(*g2)'
sql,../repos/mysql-server/sql/gis/symdifference_functor.cc,"(202, 49)-(202, 62)",b'decltype(*g1)'
sql,../repos/mysql-server/sql/gis/symdifference_functor.cc,"(209, 38)-(209, 51)",b'decltype(*g2)'
sql,../repos/mysql-server/sql/join_optimizer/join_optimizer.cc,"(4608, 32)-(4608, 63)",b'decltype(redundant_and_applied)'
sql,../repos/mysql-server/sql/parse_tree_column_attrs.h,"(90, 11)-(90, 38)",b'decltype(Alter_info::flags)'
sql,../repos/mysql-server/sql/parse_tree_column_attrs.h,"(588, 41)-(588, 64)",b'decltype(PT_type::type)'
sql,../repos/mysql-server/sql/parse_tree_column_attrs.h,"(671, 41)-(671, 64)",b'decltype(PT_type::type)'
sql,../repos/mysql-server/sql/parse_tree_column_attrs.h,"(711, 41)-(711, 64)",b'decltype(PT_type::type)'
sql,../repos/mysql-server/sql/parse_tree_column_attrs.h,"(768, 41)-(768, 64)",b'decltype(PT_type::type)'
sql,../repos/mysql-server/sql/parse_tree_column_attrs.h,"(843, 41)-(843, 64)",b'decltype(PT_type::type)'
sql,../repos/mysql-server/sql/parse_tree_column_attrs.h,"(904, 11)-(904, 38)",b'decltype(Alter_info::flags)'
sql,../repos/mysql-server/sql/item_create.cc,"(132, 25)-(132, 65)",b'decltype(PT_item_list(POS()).elements())'
