Repo name,File name,Location,Content
sql,../repos/mysql-server/sql/ssl_acceptor_context_iterator.cc,"(54, 3)-(55, 55)",b'using Ssl_acceptor_context_iterator_data_cont...'
sql,../repos/mysql-server/sql/sql_list.h,"(548, 3)-(548, 41)",b'using iterator = List_STL_Iterator<T>;'
sql,../repos/mysql-server/sql/sql_list.h,"(559, 3)-(559, 53)",b'using const_iterator = List_STL_Iterator<const T>;'
sql,../repos/mysql-server/sql/sql_list.h,"(632, 3)-(632, 37)",b'using difference_type = ptrdiff_t;'
sql,../repos/mysql-server/sql/sql_list.h,"(633, 3)-(633, 24)",b'using value_type = T;'
sql,../repos/mysql-server/sql/sql_list.h,"(634, 3)-(634, 23)",b'using pointer = T *;'
sql,../repos/mysql-server/sql/sql_list.h,"(635, 3)-(635, 25)",b'using reference = T &;'
sql,../repos/mysql-server/sql/sql_list.h,"(636, 3)-(636, 55)",b'using iterator_category = std::forward_iterat...'
sql,../repos/mysql-server/sql/sql_table.cc,"(244, 1)-(244, 78)",b'using Viability_error_emitter = std::function...'
sql,../repos/mysql-server/sql/sql_table.cc,"(245, 1)-(247, 67)",b'using Viability_substitution_warning_emitter ...'
sql,../repos/mysql-server/sql/rpl_async_conn_failover_table_operations.h,"(41, 1)-(42, 80)",b'using RPL_FAILOVER_SOURCE_TUPLE =\n    std::tu...'
sql,../repos/mysql-server/sql/rpl_async_conn_failover_table_operations.h,"(45, 1)-(46, 69)",b'using RPL_FAILOVER_MANAGED_JSON_TUPLE =\n    s...'
sql,../repos/mysql-server/sql/rpl_async_conn_failover_table_operations.h,"(49, 1)-(50, 67)",b'using RPL_FAILOVER_MANAGED_TUPLE =\n    std::t...'
sql,../repos/mysql-server/sql/rpl_async_conn_failover_table_operations.h,"(52, 1)-(52, 73)",b'using RPL_FAILOVER_SOURCE_LIST = std::vector<...'
sql,../repos/mysql-server/sql/changestreams/index/locked_sidno_set.h,"(62, 3)-(62, 40)",b'using Set_type = std::set<rpl_sidno>;'
sql,../repos/mysql-server/sql/changestreams/index/sidno.h,"(26, 1)-(26, 23)",b'using rpl_sidno = int;'
sql,../repos/mysql-server/sql/changestreams/apply/commit_order_queue.h,"(56, 3)-(56, 36)",b'using value_type = unsigned long;'
sql,../repos/mysql-server/sql/changestreams/apply/commit_order_queue.h,"(57, 3)-(57, 70)",b'using queue_type = container::Integrals_lockf...'
sql,../repos/mysql-server/sql/changestreams/apply/commit_order_queue.h,"(58, 3)-(58, 44)",b'using sequence_type = unsigned long long;'
sql,../repos/mysql-server/sql/changestreams/apply/commit_order_queue.h,"(172, 5)-(172, 44)",b'using difference_type = std::ptrdiff_t;'
sql,../repos/mysql-server/sql/changestreams/apply/commit_order_queue.h,"(173, 5)-(173, 51)",b'using value_type = Commit_order_queue::Node *;'
sql,../repos/mysql-server/sql/changestreams/apply/commit_order_queue.h,"(174, 5)-(174, 48)",b'using pointer = Commit_order_queue::Node *;'
sql,../repos/mysql-server/sql/changestreams/apply/commit_order_queue.h,"(175, 5)-(175, 50)",b'using reference = Commit_order_queue::Node *;'
sql,../repos/mysql-server/sql/changestreams/apply/commit_order_queue.h,"(176, 5)-(176, 57)",b'using iterator_category = std::forward_iterat...'
sql,../repos/mysql-server/sql/changestreams/apply/commit_order_queue.h,"(177, 5)-(177, 67)",b'using index_type = Commit_order_queue::queue_...'
sql,../repos/mysql-server/sql/sql_check_constraint.h,"(171, 1)-(172, 49)",b'using Sql_check_constraint_spec_list =\n    Me...'
sql,../repos/mysql-server/sql/sql_check_constraint.h,"(175, 1)-(176, 48)",b'using Sql_check_constraint_share_list =\n    M...'
sql,../repos/mysql-server/sql/sql_check_constraint.h,"(179, 1)-(180, 48)",b'using Sql_table_check_constraint_list =\n    M...'
sql,../repos/mysql-server/sql/sql_admin.h,"(95, 3)-(96, 80)","b'using columns_set =\n      std::set<String *, ...'"
sql,../repos/mysql-server/sql/rpl_io_monitor.h,"(37, 1)-(37, 58)",b'using MYSQL_CONN_PTR = std::unique_ptr<Mysql_...'
sql,../repos/mysql-server/sql/rpl_io_monitor.h,"(40, 1)-(40, 67)",b'using MYSQL_CONN_KEY = std::tuple<std::string...'
sql,../repos/mysql-server/sql/rpl_io_monitor.h,"(46, 1)-(48, 28)",b'using SENDER_CONN_MERGE_TUPLE =\n    std::tupl...'
sql,../repos/mysql-server/sql/item_xmlfunc.cc,"(120, 1)-(120, 47)",b'using XPathFilter = std::vector<MY_XPATH_FLT>;'
sql,../repos/mysql-server/sql/item_xmlfunc.cc,"(122, 1)-(122, 39)",b'using ActiveNodes = std::vector<bool>;'
sql,../repos/mysql-server/sql/migrate_keyring.h,"(57, 1)-(57, 61)",b'using const_keyring_writer_t = SERVICE_TYPE(k...'
sql,../repos/mysql-server/sql/migrate_keyring.h,"(58, 1)-(58, 57)",b'using const_keyring_load_t = SERVICE_TYPE(key...'
sql,../repos/mysql-server/sql/conn_handler/socket_connection.cc,"(112, 1)-(112, 68)","b'using AddrInfoPtr = std::unique_ptr<addrinfo,...'"
sql,../repos/mysql-server/sql/conn_handler/socket_connection.cc,"(280, 1)-(280, 46)",b'using Socket_error_message_buf = TCHAR[1024];'
sql,../repos/mysql-server/sql/conn_handler/socket_connection.cc,"(1156, 1)-(1156, 65)",b'using admin_thread_arg_t = std::pair<MYSQL_SO...'
sql,../repos/mysql-server/sql/parse_tree_nodes.h,"(1591, 3)-(1591, 40)",b'using super = PT_query_specification;'
sql,../repos/mysql-server/sql/parse_tree_nodes.h,"(1708, 3)-(1708, 42)",b'using super = PT_query_expression_body;'
sql,../repos/mysql-server/sql/parse_tree_nodes.h,"(1770, 3)-(1770, 42)",b'using super = PT_query_expression_body;'
sql,../repos/mysql-server/sql/parse_tree_nodes.h,"(1815, 3)-(1815, 34)",b'using super = PT_set_operation;'
sql,../repos/mysql-server/sql/parse_tree_nodes.h,"(1823, 3)-(1823, 34)",b'using super = PT_set_operation;'
sql,../repos/mysql-server/sql/parse_tree_nodes.h,"(1831, 3)-(1831, 34)",b'using super = PT_set_operation;'
sql,../repos/mysql-server/sql/parse_tree_nodes.h,"(2830, 3)-(2830, 40)",b'using super = PT_create_table_option;'
sql,../repos/mysql-server/sql/parse_tree_nodes.h,"(4750, 3)-(4750, 50)",b'using super = PT_alter_table_standalone_action;'
sql,../repos/mysql-server/sql/parse_tree_nodes.h,"(4763, 3)-(4763, 50)",b'using super = PT_alter_table_standalone_action;'
sql,../repos/mysql-server/sql/stateless_allocator.h,"(104, 3)-(105, 55)",b'using Stateless_allocator_type =\n      Statel...'
sql,../repos/mysql-server/sql/sql_opt_exec_shared.h,"(53, 1)-(53, 22)",b'using plan_idx = int;'
sql,../repos/mysql-server/sql/persisted_variable.h,"(105, 1)-(106, 55)",b'using Persisted_variables_umap =\n    malloc_u...'
sql,../repos/mysql-server/sql/persisted_variable.h,"(107, 1)-(108, 63)",b'using Persisted_variables_uset =\n    malloc_u...'
sql,../repos/mysql-server/sql/ssl_acceptor_context_operator.h,"(46, 3)-(46, 79)",b'using Ssl_acceptor_context_data_lock = MyRcuL...'
sql,../repos/mysql-server/sql/ssl_acceptor_context_operator.h,"(101, 1)-(101, 77)",b'using Ssl_acceptor_context_data_lock = MyRcuL...'
sql,../repos/mysql-server/sql/udf_service_util.cc,"(59, 3)-(59, 68)",b'using udf_metadata_t = SERVICE_TYPE_NO_CONST(...'
sql,../repos/mysql-server/sql/range_optimizer/range_optimizer.h,"(171, 1)-(171, 52)",b'using Quick_ranges = Mem_root_array<QUICK_RAN...'
sql,../repos/mysql-server/sql/range_optimizer/range_optimizer.h,"(172, 1)-(172, 59)",b'using Quick_ranges_array = Mem_root_array<Qui...'
sql,../repos/mysql-server/sql/parse_tree_items.h,"(542, 3)-(542, 33)",b'using super = Parse_tree_item;'
sql,../repos/mysql-server/sql/parse_tree_items.h,"(559, 3)-(559, 33)",b'using super = PTI_int_splocal;'
sql,../repos/mysql-server/sql/session_tracker.cc,"(93, 5)-(95, 69)",b'using sysvar_map =\n        collation_unordere...'
sql,../repos/mysql-server/sql/sql_rewrite.h,"(208, 3)-(208, 32)",b'using parent = Rewriter_user;'
sql,../repos/mysql-server/sql/sql_rewrite.h,"(224, 3)-(224, 32)",b'using parent = Rewriter_user;'
sql,../repos/mysql-server/sql/sql_rewrite.h,"(240, 3)-(240, 32)",b'using parent = Rewriter_user;'
sql,../repos/mysql-server/sql/sql_rewrite.h,"(271, 3)-(271, 31)",b'using parent = Rewriter_set;'
sql,../repos/mysql-server/sql/sql_rewrite.h,"(318, 3)-(318, 41)",b'using parent = Rewriter_server_option;'
sql,../repos/mysql-server/sql/sql_rewrite.h,"(326, 3)-(326, 41)",b'using parent = Rewriter_server_option;'
sql,../repos/mysql-server/sql/rpl_mysql_connect.h,"(35, 1)-(35, 61)",b'using MYSQL_RES_VAL = std::vector<std::vector...'
sql,../repos/mysql-server/sql/rpl_mysql_connect.h,"(47, 1)-(47, 81)","b'using MYSQL_RES_TUPLE = std::tuple<uint, std:...'"
sql,../repos/mysql-server/sql/sql_truncate.h,"(38, 1)-(38, 45)",b'using Up_table = std::unique_ptr<dd::Table>;'
sql,../repos/mysql-server/sql/field.h,"(4666, 3)-(4666, 64)","b'using Copy_func = void(Copy_field *, const Fi...'"
sql,../repos/mysql-server/sql/reference_caching_setup.h,"(36, 1)-(36, 59)",b'using Event_map = std::unordered_map<std::str...'
sql,../repos/mysql-server/sql/reference_caching_setup.h,"(37, 1)-(37, 63)",b'using Channel_vector = std::vector<reference_...'
sql,../repos/mysql-server/sql/reference_caching_setup.h,"(38, 1)-(38, 59)",b'using Cache_vector = std::vector<reference_ca...'
sql,../repos/mysql-server/sql/binlog/recovery.cc,"(95, 5)-(95, 75)",b'using Status_t = binlog::Decompressing_event_...'
sql,../repos/mysql-server/sql/binlog/services/iterator/file_storage.cc,"(39, 1)-(39, 81)",b'using Format_description_event = mysql::binlo...'
sql,../repos/mysql-server/sql/binlog/services/iterator/file_storage.cc,"(40, 1)-(40, 61)",b'using Log_event_type = mysql::binlog::event::...'
sql,../repos/mysql-server/sql/binlog/monitoring/context.h,"(52, 3)-(53, 61)",b'using Compression_stats_trx_row =\n      std::...'
sql,../repos/mysql-server/sql/binlog/decompressing_event_object_istream.h,"(69, 3)-(70, 71)",b'using Buffer_stream_t =\n      mysql::binlog::...'
sql,../repos/mysql-server/sql/binlog/decompressing_event_object_istream.h,"(71, 3)-(71, 56)",b'using Buffer_view_t = Buffer_stream_t::Buffer...'
sql,../repos/mysql-server/sql/binlog/decompressing_event_object_istream.h,"(72, 3)-(72, 54)",b'using Buffer_ptr_t = Buffer_stream_t::Buffer_...'
sql,../repos/mysql-server/sql/binlog/decompressing_event_object_istream.h,"(73, 3)-(73, 50)",b'using Event_ptr_t = std::shared_ptr<Log_event>;'
sql,../repos/mysql-server/sql/binlog/decompressing_event_object_istream.h,"(74, 3)-(74, 75)",b'using Tple_ptr_t = std::shared_ptr<const Tran...'
sql,../repos/mysql-server/sql/binlog/decompressing_event_object_istream.h,"(75, 3)-(75, 76)",b'using Fde_ref_t = const mysql::binlog::event:...'
sql,../repos/mysql-server/sql/binlog/decompressing_event_object_istream.h,"(76, 3)-(76, 73)",b'using Status_t = mysql::binlog::event::compre...'
sql,../repos/mysql-server/sql/binlog/decompressing_event_object_istream.h,"(77, 3)-(77, 64)",b'using Grow_calculator_t = Buffer_stream_t::Gr...'
sql,../repos/mysql-server/sql/binlog/decompressing_event_object_istream.h,"(78, 3)-(78, 77)",b'using Memory_resource_t = mysql::binlog::even...'
sql,../repos/mysql-server/sql/binlog/group_commit/bgc_ticket.h,"(55, 3)-(55, 35)",b'using ValueType = std::uint64_t;'
sql,../repos/mysql-server/sql/binlog/group_commit/bgc_ticket_manager.h,"(219, 3)-(219, 42)",b'using queue_value_type = std::uint64_t;'
sql,../repos/mysql-server/sql/binlog/group_commit/bgc_ticket_manager.h,"(220, 3)-(220, 76)",b'using queue_type = container::Integrals_lockf...'
sql,../repos/mysql-server/sql/server_component/plugin_registry_service.cc,"(75, 3)-(75, 58)",b'using service_type_t = SERVICE_TYPE_NO_CONST(...'
sql,../repos/mysql-server/sql/server_component/mysql_server_keyring_lockable_imp.cc,"(587, 1)-(587, 58)",b'using keyring_aes_t = SERVICE_TYPE_NO_CONST(k...'
sql,../repos/mysql-server/sql/server_component/mysql_server_keyring_lockable_imp.cc,"(588, 1)-(588, 70)",b'using keyring_generator_t = SERVICE_TYPE_NO_C...'
sql,../repos/mysql-server/sql/server_component/mysql_server_keyring_lockable_imp.cc,"(589, 1)-(590, 59)",b'using keyring_keys_metadata_iterator_t =\n    ...'
sql,../repos/mysql-server/sql/server_component/mysql_server_keyring_lockable_imp.cc,"(591, 1)-(592, 53)",b'using keyring_component_status_t =\n    SERVIC...'
sql,../repos/mysql-server/sql/server_component/mysql_server_keyring_lockable_imp.cc,"(593, 1)-(594, 61)",b'using keyring_component_metadata_query_t =\n  ...'
sql,../repos/mysql-server/sql/server_component/mysql_server_keyring_lockable_imp.cc,"(595, 1)-(596, 55)",b'using keyring_reader_with_status_t =\n    SERV...'
sql,../repos/mysql-server/sql/server_component/mysql_server_keyring_lockable_imp.cc,"(597, 1)-(597, 60)",b'using keyring_load_t = SERVICE_TYPE_NO_CONST(...'
sql,../repos/mysql-server/sql/server_component/mysql_server_keyring_lockable_imp.cc,"(598, 1)-(598, 64)",b'using keyring_writer_t = SERVICE_TYPE_NO_CONS...'
sql,../repos/mysql-server/sql/server_component/log_builtins.cc,"(137, 1)-(138, 71)",b'using cache_entry_with_deleter =\n    unique_p...'
sql,../repos/mysql-server/sql/server_component/clone_protocol_service.cc,"(140, 1)-(140, 40)",b'using DD_Objs = std::vector<const T *>;'
sql,../repos/mysql-server/sql/server_component/clone_protocol_service.cc,"(142, 1)-(142, 62)",b'using Releaser = dd::cache::Dictionary_client...'
sql,../repos/mysql-server/sql/server_component/mysql_server_event_tracking_bridge_imp.cc,"(608, 1)-(609, 58)",b'using event_tracking_authentication_t =\n    S...'
sql,../repos/mysql-server/sql/server_component/mysql_server_event_tracking_bridge_imp.cc,"(610, 1)-(610, 80)",b'using event_tracking_command_t = SERVICE_TYPE...'
sql,../repos/mysql-server/sql/server_component/mysql_server_event_tracking_bridge_imp.cc,"(611, 1)-(612, 54)",b'using event_tracking_connection_t =\n    SERVI...'
sql,../repos/mysql-server/sql/server_component/mysql_server_event_tracking_bridge_imp.cc,"(613, 1)-(613, 80)",b'using event_tracking_general_t = SERVICE_TYPE...'
sql,../repos/mysql-server/sql/server_component/mysql_server_event_tracking_bridge_imp.cc,"(614, 1)-(615, 59)",b'using event_tracking_global_variable_t =\n    ...'
sql,../repos/mysql-server/sql/server_component/mysql_server_event_tracking_bridge_imp.cc,"(616, 1)-(617, 53)",b'using event_tracking_lifecycle_t =\n    SERVIC...'
sql,../repos/mysql-server/sql/server_component/mysql_server_event_tracking_bridge_imp.cc,"(618, 1)-(618, 80)",b'using event_tracking_message_t = SERVICE_TYPE...'
sql,../repos/mysql-server/sql/server_component/mysql_server_event_tracking_bridge_imp.cc,"(619, 1)-(619, 76)",b'using event_tracking_parse_t = SERVICE_TYPE_N...'
sql,../repos/mysql-server/sql/server_component/mysql_server_event_tracking_bridge_imp.cc,"(620, 1)-(620, 76)",b'using event_tracking_query_t = SERVICE_TYPE_N...'
sql,../repos/mysql-server/sql/server_component/mysql_server_event_tracking_bridge_imp.cc,"(621, 1)-(622, 58)",b'using event_tracking_stored_program_t =\n    S...'
sql,../repos/mysql-server/sql/server_component/mysql_server_event_tracking_bridge_imp.cc,"(623, 1)-(624, 56)",b'using event_tracking_table_access_t =\n    SER...'
sql,../repos/mysql-server/sql/sql_tablespace.cc,"(266, 1)-(266, 44)","b'using Mod_pair = std::pair<const T *, T *>;'"
sql,../repos/mysql-server/sql/item_sum.h,"(2820, 3)-(2820, 26)",b'using Super = Item_sum;'
sql,../repos/mysql-server/sql/sql_select.cc,"(141, 1)-(142, 63)",b'using Global_tables_iterator =\n    IntrusiveL...'
sql,../repos/mysql-server/sql/sql_select.cc,"(145, 1)-(145, 70)",b'using Global_tables_list = IteratorContainer<...'
sql,../repos/mysql-server/sql/sql_optimizer.h,"(324, 3)-(324, 67)",b'using Override_executor_func = bool (*)(JOIN ...'
sql,../repos/mysql-server/sql/item_json_func.h,"(1256, 1)-(1256, 48)",b'using Json_dom_ptr = std::unique_ptr<Json_dom>;'
sql,../repos/mysql-server/sql/visible_fields.h,"(86, 3)-(86, 62)",b'using difference_type = typename Iterator::di...'
sql,../repos/mysql-server/sql/visible_fields.h,"(87, 3)-(87, 52)",b'using value_type = typename Iterator::value_type;'
sql,../repos/mysql-server/sql/visible_fields.h,"(88, 3)-(88, 46)",b'using pointer = typename Iterator::pointer;'
sql,../repos/mysql-server/sql/visible_fields.h,"(89, 3)-(89, 50)",b'using reference = typename Iterator::reference;'
sql,../repos/mysql-server/sql/visible_fields.h,"(90, 3)-(90, 55)",b'using iterator_category = std::forward_iterat...'
sql,../repos/mysql-server/sql/mdl.h,"(1130, 3)-(1133, 64)",b'using Ticket_p_list =\n      I_P_List<MDL_tick...'
sql,../repos/mysql-server/sql/mdl.h,"(1163, 3)-(1164, 63)",b'using Ticket_map = std::unordered_multimap<co...'
sql,../repos/mysql-server/sql/mdl.h,"(1191, 3)-(1191, 49)",b'using List_iterator = Ticket_p_list::Iterator;'
sql,../repos/mysql-server/sql/dd/impl/system_views/system_view_definition_impl.h,"(272, 3)-(272, 81)",b'using Select_definition = std::unique_ptr<Sys...'
sql,../repos/mysql-server/sql/dd/impl/upgrade/server.cc,"(71, 1)-(71, 29)",b'using sql_mode_t = uint64_t;'
sql,../repos/mysql-server/sql/dd/impl/upgrade/server.h,"(41, 1)-(41, 29)",b'using sql_mode_t = uint64_t;'
sql,../repos/mysql-server/sql/dd/impl/cache/dictionary_client.cc,"(600, 1)-(600, 43)",b'using SPI_missing_status = std::bitset<2>;'
sql,../repos/mysql-server/sql/dd/impl/cache/dictionary_client.cc,"(602, 1)-(602, 46)",b'using SPI_order = std::vector<dd::Object_id>;'
sql,../repos/mysql-server/sql/dd/impl/cache/dictionary_client.cc,"(603, 1)-(603, 73)",b'using SPI_index = std::unordered_map<dd::Obje...'
sql,../repos/mysql-server/sql/dd/impl/sdi_tablespace.cc,"(58, 1)-(58, 41)",b'using DC = dd::cache::Dictionary_client;'
sql,../repos/mysql-server/sql/dd/impl/types/weak_object_impl.h,"(160, 1)-(160, 50)",b'using Weak_object_impl = Weak_object_impl_<true>;'
sql,../repos/mysql-server/sql/dd/impl/sdi.h,"(152, 1)-(152, 74)",b'using SdiCompatibilityChecker = std::function...'
sql,../repos/mysql-server/sql/dd/impl/sdi.cc,"(599, 1)-(599, 41)",b'using DC = dd::cache::Dictionary_client;'
sql,../repos/mysql-server/sql/dd/impl/sdi.cc,"(600, 1)-(600, 56)",b'using AR = dd::cache::Dictionary_client::Auto...'
sql,../repos/mysql-server/sql/dd/cache/dictionary_client.h,"(475, 3)-(475, 48)",b'using Const_ptr_vec = std::vector<const T *>;'
sql,../repos/mysql-server/sql/dd/dd_event.h,"(38, 1)-(38, 29)",b'using sql_mode_t = uint64_t;'
sql,../repos/mysql-server/sql/dd/collection.h,"(66, 5)-(66, 57)",b'using iterator_category = std::forward_iterat...'
sql,../repos/mysql-server/sql/dd/collection.h,"(67, 5)-(67, 26)",b'using value_type = T;'
sql,../repos/mysql-server/sql/dd/collection.h,"(68, 5)-(68, 44)",b'using difference_type = std::ptrdiff_t;'
sql,../repos/mysql-server/sql/dd/collection.h,"(69, 5)-(69, 34)",b'using pointer = value_type *;'
sql,../repos/mysql-server/sql/dd/collection.h,"(70, 5)-(70, 36)",b'using reference = value_type &;'
sql,../repos/mysql-server/sql/dd/collection.h,"(108, 5)-(108, 57)",b'using iterator_category = std::forward_iterat...'
sql,../repos/mysql-server/sql/dd/collection.h,"(109, 5)-(109, 46)",b'using value_type = const abstract_type *;'
sql,../repos/mysql-server/sql/dd/collection.h,"(110, 5)-(110, 44)",b'using difference_type = std::ptrdiff_t;'
sql,../repos/mysql-server/sql/dd/collection.h,"(111, 5)-(111, 34)",b'using pointer = value_type *;'
sql,../repos/mysql-server/sql/dd/collection.h,"(112, 5)-(112, 36)",b'using reference = value_type &;'
sql,../repos/mysql-server/sql/dd/dd_table.h,"(48, 1)-(49, 49)",b'using Sql_check_constraint_spec_list =\n    Me...'
sql,../repos/mysql-server/sql/dd/dd_table.h,"(429, 1)-(429, 41)",b'using Encrypt_result = ResultType<bool>;'
sql,../repos/mysql-server/sql/dd/dd_table.h,"(433, 1)-(433, 41)",b'using Encrypt_result = ResultType<bool>;'
sql,../repos/mysql-server/sql/dd/string_type.h,"(48, 1)-(48, 81)",b'using Char_string_template = std::basic_strin...'
sql,../repos/mysql-server/sql/dd/string_type.h,"(56, 1)-(57, 62)",b'using Char_stringstream_template =\n    std::b...'
sql,../repos/mysql-server/sql/dd/sdi_fwd.h,"(55, 1)-(56, 54)",b'using RJ_Writer = rapidjson::Writer<RJ_String...'
sql,../repos/mysql-server/sql/dd/sdi_fwd.h,"(63, 1)-(63, 30)",b'using Sdi_writer = RJ_Writer;'
sql,../repos/mysql-server/sql/sp.h,"(61, 1)-(61, 29)",b'using sql_mode_t = uint64_t;'
sql,../repos/mysql-server/sql/sql_update.cc,"(1360, 3)-(1360, 58)",b'using Field_array = Prealloced_array<const Fi...'
sql,../repos/mysql-server/sql/parse_tree_nodes.cc,"(2260, 1)-(2261, 62)",b'using Local_tables_iterator =\n    IntrusiveLi...'
sql,../repos/mysql-server/sql/parse_tree_nodes.cc,"(2264, 1)-(2264, 68)",b'using Local_tables_list = IteratorContainer<L...'
sql,../repos/mysql-server/sql/parse_tree_nodes.cc,"(4925, 3)-(4925, 63)","b'using CFP = bool (*)(ATTRIBUTE, typename BASE...'"
sql,../repos/mysql-server/sql/sql_alter.h,"(197, 1)-(197, 78)",b'using CreateFieldApplier = std::function<bool...'
sql,../repos/mysql-server/sql/item_regexp_func.h,"(404, 3)-(404, 41)",b'using super = Item_static_string_func;'
sql,../repos/mysql-server/sql/table.h,"(117, 1)-(117, 22)",b'using plan_idx = int;'
sql,../repos/mysql-server/sql/table.h,"(128, 1)-(129, 48)",b'using Sql_table_check_constraint_list =\n    M...'
sql,../repos/mysql-server/sql/table.h,"(132, 1)-(133, 48)",b'using Sql_check_constraint_share_list =\n    M...'
sql,../repos/mysql-server/sql/table.h,"(1366, 1)-(1366, 56)",b'using Binary_diff_vector = Mem_root_array<Bin...'
sql,../repos/mysql-server/sql/rpl_gtid_state.cc,"(55, 1)-(55, 32)",b'using Tsid = mysql::gtid::Tsid;'
sql,../repos/mysql-server/sql/comp_creator.h,"(38, 1)-(38, 69)",b'using chooser_compare_func_creator = Comp_cre...'
sql,../repos/mysql-server/sql/sql_base.cc,"(333, 1)-(335, 77)",b'using Table_definition_cache =\n    malloc_uno...'
sql,../repos/mysql-server/sql/log_event.h,"(120, 1)-(120, 72)",b'using ColumnViewPtr = std::unique_ptr<cs::uti...'
sql,../repos/mysql-server/sql/log_event.h,"(123, 1)-(123, 29)",b'using sql_mode_t = uint64_t;'
sql,../repos/mysql-server/sql/log_event.h,"(3997, 3)-(3997, 34)",b'using Tsid = mysql::gtid::Tsid;'
sql,../repos/mysql-server/sql/resource_blocker.h,"(71, 3)-(71, 44)",b'using String_set = std::set<std::string>;'
sql,../repos/mysql-server/sql/basic_ostream.h,"(174, 3)-(174, 70)",b'using Compressor_t = mysql::binlog::event::co...'
sql,../repos/mysql-server/sql/basic_ostream.h,"(175, 3)-(175, 58)",b'using Compressor_ptr_t = std::shared_ptr<Comp...'
sql,../repos/mysql-server/sql/basic_ostream.h,"(176, 3)-(176, 71)",b'using Status_t = mysql::binlog::event::compre...'
sql,../repos/mysql-server/sql/basic_ostream.h,"(177, 3)-(177, 77)",b'using Managed_buffer_sequence_t = Compressor_...'
sql,../repos/mysql-server/sql/daemon_proxy_keyring/daemon_proxy_keyring.cc,"(700, 1)-(700, 70)",b'using keyring_generator_t = SERVICE_TYPE_NO_C...'
sql,../repos/mysql-server/sql/daemon_proxy_keyring/daemon_proxy_keyring.cc,"(701, 1)-(702, 59)",b'using keyring_keys_metadata_iterator_t =\n    ...'
sql,../repos/mysql-server/sql/daemon_proxy_keyring/daemon_proxy_keyring.cc,"(703, 1)-(704, 53)",b'using keyring_component_status_t =\n    SERVIC...'
sql,../repos/mysql-server/sql/daemon_proxy_keyring/daemon_proxy_keyring.cc,"(705, 1)-(705, 76)",b'using keyring_reader_t = SERVICE_TYPE_NO_CONS...'
sql,../repos/mysql-server/sql/daemon_proxy_keyring/daemon_proxy_keyring.cc,"(706, 1)-(706, 64)",b'using keyring_writer_t = SERVICE_TYPE_NO_CONS...'
sql,../repos/mysql-server/sql/sql_insert.h,"(49, 1)-(49, 42)",b'using List_item = mem_root_deque<Item *>;'
sql,../repos/mysql-server/sql/resourcegroups/platform/thread_attrs_api.h,"(33, 1)-(33, 27)",b'using cpu_id_t = uint32_t;'
sql,../repos/mysql-server/sql/auth/sql_user.cc,"(2155, 3)-(2155, 66)",b'using Elem = typename T::value_type::second_t...'
sql,../repos/mysql-server/sql/auth/partial_revokes.h,"(46, 1)-(46, 63)",b'using db_revocations = std::unordered_map<std...'
sql,../repos/mysql-server/sql/auth/partial_revokes.h,"(47, 1)-(47, 60)","b'using Db_access_map = std::map<std::string, u...'"
sql,../repos/mysql-server/sql/auth/partial_revokes.h,"(280, 3)-(280, 50)",b'using Status = Restrictions_aggregator::Status;'
sql,../repos/mysql-server/sql/auth/auth_common.h,"(955, 1)-(955, 63)","b'using Sctx_ptr = std::unique_ptr<T, std::func...'"
sql,../repos/mysql-server/sql/auth/auth_common.h,"(1104, 1)-(1104, 25)",b'using Role_id = Auth_id;'
sql,../repos/mysql-server/sql/auth/sql_mfa.h,"(39, 1)-(40, 54)",b'using server_challenge_info_vector =\n    std:...'
sql,../repos/mysql-server/sql/auth/sql_mfa.h,"(111, 1)-(111, 57)","b'using my_vector = std::vector<T, Mem_root_all...'"
sql,../repos/mysql-server/sql/auth/acl_table_user.h,"(207, 1)-(208, 52)",b'using acl_table_user_writer_status =\n    std:...'
sql,../repos/mysql-server/sql/auth/sql_auth_cache.h,"(625, 1)-(625, 79)",b'using degree_s_t = boost::graph_traits<Grante...'
sql,../repos/mysql-server/sql/auth/sql_auth_cache.h,"(628, 1)-(629, 65)",b'using out_edge_itr_t =\n    boost::graph_trait...'
sql,../repos/mysql-server/sql/auth/sql_auth_cache.h,"(632, 1)-(633, 64)",b'using in_edge_itr_t =\n    boost::graph_traits...'
sql,../repos/mysql-server/sql/xa/recovery.cc,"(40, 1)-(41, 75)",b'using recovery_statistics = std::pair<std::tu...'
sql,../repos/mysql-server/sql/xa/transaction_cache.h,"(56, 3)-(56, 60)",b'using transaction_ptr = std::shared_ptr<Trans...'
sql,../repos/mysql-server/sql/xa/transaction_cache.h,"(57, 3)-(57, 76)",b'using unordered_map = malloc_unordered_map<st...'
sql,../repos/mysql-server/sql/xa/transaction_cache.h,"(58, 3)-(58, 45)",b'using list = std::vector<transaction_ptr>;'
sql,../repos/mysql-server/sql/xa/transaction_cache.h,"(59, 3)-(59, 75)",b'using filter_predicate_t = std::function<bool...'
sql,../repos/mysql-server/sql/xa/xid_extract.h,"(53, 3)-(53, 39)",b'using xid_list = std::vector<xid_t>;'
sql,../repos/mysql-server/sql/migrate_keyring.cc,"(32, 1)-(32, 60)",b'using keyring_load_t = SERVICE_TYPE_NO_CONST(...'
sql,../repos/mysql-server/sql/migrate_keyring.cc,"(33, 1)-(33, 64)",b'using keyring_writer_t = SERVICE_TYPE_NO_CONS...'
sql,../repos/mysql-server/sql/item_cmpfunc.cc,"(7710, 3)-(7710, 35)",b'using KeyLength = std::uint32_t;'
sql,../repos/mysql-server/sql/rpl_sys_table_access.h,"(194, 5)-(194, 33)",b'using tuple_list = int[255];'
sql,../repos/mysql-server/sql/rpl_sys_table_access.h,"(206, 5)-(206, 33)",b'using tuple_list = int[255];'
sql,../repos/mysql-server/sql/rpl_async_conn_failover_table_operations.cc,"(48, 1)-(49, 74)",b'using RPL_FAILOVER_SOURCE_DEL_TUPLE =\n    std...'
sql,../repos/mysql-server/sql/rpl_async_conn_failover_table_operations.cc,"(52, 1)-(52, 77)",b'using RPL_FAILOVER_MANAGED_DEL_TUPLE = std::t...'
sql,../repos/mysql-server/sql/sql_class.h,"(919, 1)-(920, 67)",b'using Event_tracking_data =\n    std::pair<Eve...'
sql,../repos/mysql-server/sql/sql_class.h,"(921, 1)-(921, 67)",b'using Event_tracking_data_stack = std::stack<...'
sql,../repos/mysql-server/sql/sql_class.h,"(3742, 3)-(3742, 52)",b'using Se_GTID_flagset = std::bitset<SE_GTID_MAX>;'
sql,../repos/mysql-server/sql/mysqld.cc,"(2015, 1)-(2015, 61)",b'using loader_type_t = SERVICE_TYPE_NO_CONST(d...'
sql,../repos/mysql-server/sql/mysqld.cc,"(2016, 1)-(2016, 73)",b'using runtime_error_type_t = SERVICE_TYPE_NO_...'
sql,../repos/mysql-server/sql/mysqld.cc,"(2017, 1)-(2017, 70)",b'using psi_system_type_t = SERVICE_TYPE_NO_CON...'
sql,../repos/mysql-server/sql/mysqld.cc,"(2018, 1)-(2018, 62)",b'using rwlock_type_t = SERVICE_TYPE_NO_CONST(m...'
sql,../repos/mysql-server/sql/mysqld.cc,"(2019, 1)-(2019, 80)",b'using loader_scheme_type_t = SERVICE_TYPE_NO_...'
sql,../repos/mysql-server/sql/handler.h,"(136, 1)-(136, 46)",b'using sdi_container = std::vector<sdi_key_t>;'
sql,../repos/mysql-server/sql/handler.h,"(990, 1)-(990, 57)",b'using Ha_clone_flagset = std::bitset<HA_CLONE...'
sql,../repos/mysql-server/sql/handler.h,"(1250, 1)-(1252, 52)",b'using Xid_commit_list =\n    std::unordered_se...'
sql,../repos/mysql-server/sql/handler.h,"(1260, 3)-(1260, 63)","b'using pair = std::pair<const XID, enum_ha_rec...'"
sql,../repos/mysql-server/sql/handler.h,"(1261, 3)-(1261, 61)",b'using allocator = Mem_root_allocator<Xa_state...'
sql,../repos/mysql-server/sql/handler.h,"(1262, 3)-(1263, 51)","b'using list = std::map<XID, enum_ha_recover_xa...'"
sql,../repos/mysql-server/sql/handler.h,"(1264, 3)-(1265, 65)","b'using iterator = std::map<XID, enum_ha_recove...'"
sql,../repos/mysql-server/sql/handler.h,"(1266, 3)-(1268, 77)",b'using instantiation_tuple = std::tuple<\n     ...'
sql,../repos/mysql-server/sql/handler.h,"(1409, 1)-(1410, 66)",b'using recover_prepared_in_tc_t = int (*)(hand...'
sql,../repos/mysql-server/sql/handler.h,"(1415, 1)-(1415, 66)",b'using set_prepared_in_tc_t = int (*)(handlert...'
sql,../repos/mysql-server/sql/handler.h,"(1474, 1)-(1475, 66)",b'using set_prepared_in_tc_by_xid_t = xa_status...'
sql,../repos/mysql-server/sql/handler.h,"(1701, 1)-(1701, 75)","b'using push_to_engine_t = int (*)(THD *thd, Ac...'"
sql,../repos/mysql-server/sql/handler.h,"(2178, 1)-(2178, 62)",b'using Clone_capability_t = void (*)(Ha_clone_...'
sql,../repos/mysql-server/sql/handler.h,"(2189, 1)-(2191, 51)",b'using Clone_begin_t = int (*)(handlerton *hto...'
sql,../repos/mysql-server/sql/handler.h,"(2201, 1)-(2202, 77)",b'using Clone_copy_t = int (*)(handlerton *hton...'
sql,../repos/mysql-server/sql/handler.h,"(2213, 1)-(2215, 48)","b'using Clone_ack_t = int (*)(handlerton *hton,...'"
sql,../repos/mysql-server/sql/handler.h,"(2225, 1)-(2226, 69)","b'using Clone_end_t = int (*)(handlerton *hton,...'"
sql,../repos/mysql-server/sql/handler.h,"(2237, 1)-(2240, 59)",b'using Clone_apply_begin_t = int (*)(handlerto...'
sql,../repos/mysql-server/sql/handler.h,"(2251, 1)-(2253, 50)",b'using Clone_apply_t = int (*)(handlerton *hto...'
sql,../repos/mysql-server/sql/handler.h,"(2263, 1)-(2264, 75)",b'using Clone_apply_end_t = int (*)(handlerton ...'
sql,../repos/mysql-server/sql/handler.h,"(2354, 1)-(2354, 65)",b'using prepare_secondary_engine_t = bool (*)(T...'
sql,../repos/mysql-server/sql/handler.h,"(2368, 1)-(2368, 66)",b'using optimize_secondary_engine_t = bool (*)(...'
sql,../repos/mysql-server/sql/handler.h,"(2387, 1)-(2391, 81)",b'using compare_secondary_engine_cost_t = bool ...'
sql,../repos/mysql-server/sql/handler.h,"(2442, 1)-(2443, 74)",b'using secondary_engine_modify_access_path_cos...'
sql,../repos/mysql-server/sql/handler.h,"(2453, 1)-(2453, 60)",b'using external_engine_explain_check_t = bool ...'
sql,../repos/mysql-server/sql/handler.h,"(2466, 1)-(2467, 42)",b'using get_secondary_engine_offload_or_exec_fa...'
sql,../repos/mysql-server/sql/handler.h,"(2478, 1)-(2479, 36)",b'using find_secondary_engine_offload_fail_reas...'
sql,../repos/mysql-server/sql/handler.h,"(2492, 1)-(2493, 55)",b'using set_secondary_engine_offload_fail_reaso...'
sql,../repos/mysql-server/sql/handler.h,"(2529, 1)-(2534, 29)",b'using secondary_engine_check_optimizer_reques...'
sql,../repos/mysql-server/sql/handler.h,"(2537, 1)-(2537, 39)",b'using SecondaryEngineFlags = uint64_t;'
sql,../repos/mysql-server/sql/handler.h,"(2574, 1)-(2574, 48)",b'using se_before_commit_t = void (*)(void *arg);'
sql,../repos/mysql-server/sql/handler.h,"(2578, 1)-(2578, 47)",b'using se_after_commit_t = void (*)(void *arg);'
sql,../repos/mysql-server/sql/handler.h,"(2582, 1)-(2582, 50)",b'using se_before_rollback_t = void (*)(void *arg);'
sql,../repos/mysql-server/sql/handler.h,"(2589, 1)-(2589, 80)",b'using notify_after_select_t = void (*)(THD *t...'
sql,../repos/mysql-server/sql/handler.h,"(2594, 1)-(2595, 80)",b'using notify_create_table_t = void (*)(struct...'
sql,../repos/mysql-server/sql/handler.h,"(2600, 1)-(2600, 54)",b'using notify_drop_table_t = void (*)(Table_re...'
sql,../repos/mysql-server/sql/handler.h,"(2617, 1)-(2617, 56)",b'using page_track_start_t = int (*)(uint64_t *...'
sql,../repos/mysql-server/sql/handler.h,"(2629, 1)-(2629, 54)",b'using page_track_stop_t = int (*)(uint64_t *s...'
sql,../repos/mysql-server/sql/handler.h,"(2642, 1)-(2642, 56)",b'using page_track_purge_t = int (*)(uint64_t *...'
sql,../repos/mysql-server/sql/handler.h,"(2664, 1)-(2668, 62)",b'using page_track_get_page_ids_t = int (*)(Pag...'
sql,../repos/mysql-server/sql/handler.h,"(2687, 1)-(2689, 68)",b'using page_track_get_num_page_ids_t = int (*)...'
sql,../repos/mysql-server/sql/handler.h,"(2694, 1)-(2695, 62)",b'using page_track_get_status_t =\n    void (*)(...'
sql,../repos/mysql-server/sql/handler.h,"(4984, 3)-(4986, 68)",b'using Load_init_cbk = std::function<bool(\n   ...'
sql,../repos/mysql-server/sql/handler.h,"(5000, 3)-(5001, 63)",b'using Load_cbk = std::function<bool(void *coo...'
sql,../repos/mysql-server/sql/handler.h,"(5008, 3)-(5008, 58)",b'using Load_end_cbk = std::function<void(void ...'
sql,../repos/mysql-server/sql/memory/unique_ptr.h,"(69, 3)-(69, 24)",b'using value_type = T;'
sql,../repos/mysql-server/sql/memory/unique_ptr.h,"(70, 3)-(70, 28)",b'using size_type = size_t;'
sql,../repos/mysql-server/sql/memory/unique_ptr.h,"(153, 3)-(153, 53)",b'using type = typename std::remove_extent<T>::type;'
sql,../repos/mysql-server/sql/memory/unique_ptr.h,"(154, 3)-(154, 26)",b'using pointer = type *;'
sql,../repos/mysql-server/sql/memory/unique_ptr.h,"(155, 3)-(155, 28)",b'using reference = type &;'
sql,../repos/mysql-server/sql/item_xmlfunc.h,"(52, 1)-(52, 44)",b'using ParsedXML = std::vector<MY_XML_NODE>;'
sql,../repos/mysql-server/sql/parse_location.h,"(56, 1)-(56, 33)",b'using POS = MY_SQL_PARSER_LTYPE;'
sql,../repos/mysql-server/sql/histograms/histogram.cc,"(105, 1)-(108, 80)",b'using value_map_collection = std::map<\n    ui...'
sql,../repos/mysql-server/sql/histograms/value_map.h,"(265, 3)-(267, 65)","b'using value_map_type =\n      std::map<T, ha_r...'"
sql,../repos/mysql-server/sql/histograms/histogram.h,"(129, 1)-(129, 81)",b'using Histogram_key_allocator = Stateless_all...'
sql,../repos/mysql-server/sql/histograms/histogram.h,"(132, 1)-(132, 77)",b'using value_map_allocator = Mem_root_allocato...'
sql,../repos/mysql-server/sql/histograms/histogram.h,"(135, 1)-(136, 72)","b'using value_map_type =\n    std::map<T, ha_row...'"
sql,../repos/mysql-server/sql/histograms/histogram.h,"(138, 1)-(139, 68)","b'using columns_set = std::set<std::string, std...'"
sql,../repos/mysql-server/sql/histograms/histogram.h,"(143, 1)-(145, 78)","b'using results_map =\n    std::map<std::string,...'"
sql,../repos/mysql-server/sql/containers/atomics_array_index_interleaved.h,"(71, 3)-(71, 31)",b'using type = std::atomic<T>;'
sql,../repos/mysql-server/sql/containers/atomics_array.h,"(85, 3)-(85, 28)",b'using pointer_type = T *;'
sql,../repos/mysql-server/sql/containers/atomics_array.h,"(86, 3)-(86, 40)",b'using const_pointer_type = T const *;'
sql,../repos/mysql-server/sql/containers/atomics_array.h,"(87, 3)-(87, 30)",b'using reference_type = T &;'
sql,../repos/mysql-server/sql/containers/atomics_array.h,"(88, 3)-(88, 42)",b'using const_reference_type = T const &;'
sql,../repos/mysql-server/sql/containers/atomics_array.h,"(89, 3)-(89, 24)",b'using value_type = T;'
sql,../repos/mysql-server/sql/containers/atomics_array.h,"(90, 3)-(90, 36)",b'using const_value_type = T const;'
sql,../repos/mysql-server/sql/containers/atomics_array.h,"(91, 3)-(91, 39)",b'using element_type = std::atomic<T>;'
sql,../repos/mysql-server/sql/containers/atomics_array.h,"(102, 5)-(102, 44)",b'using difference_type = std::ptrdiff_t;'
sql,../repos/mysql-server/sql/containers/atomics_array.h,"(103, 5)-(103, 26)",b'using value_type = T;'
sql,../repos/mysql-server/sql/containers/atomics_array.h,"(104, 5)-(104, 25)",b'using pointer = T *;'
sql,../repos/mysql-server/sql/containers/atomics_array.h,"(105, 5)-(105, 25)",b'using reference = T;'
sql,../repos/mysql-server/sql/containers/atomics_array.h,"(106, 5)-(106, 57)",b'using iterator_category = std::forward_iterat...'
sql,../repos/mysql-server/sql/containers/integrals_lockfree_queue.h,"(136, 3)-(136, 28)",b'using pointer_type = T *;'
sql,../repos/mysql-server/sql/containers/integrals_lockfree_queue.h,"(137, 3)-(137, 40)",b'using const_pointer_type = T const *;'
sql,../repos/mysql-server/sql/containers/integrals_lockfree_queue.h,"(138, 3)-(138, 30)",b'using reference_type = T &;'
sql,../repos/mysql-server/sql/containers/integrals_lockfree_queue.h,"(139, 3)-(139, 42)",b'using const_reference_type = T const &;'
sql,../repos/mysql-server/sql/containers/integrals_lockfree_queue.h,"(140, 3)-(140, 24)",b'using value_type = T;'
sql,../repos/mysql-server/sql/containers/integrals_lockfree_queue.h,"(141, 3)-(141, 36)",b'using const_value_type = T const;'
sql,../repos/mysql-server/sql/containers/integrals_lockfree_queue.h,"(142, 3)-(142, 39)",b'using element_type = std::atomic<T>;'
sql,../repos/mysql-server/sql/containers/integrals_lockfree_queue.h,"(143, 3)-(143, 41)",b'using index_type = unsigned long long;'
sql,../repos/mysql-server/sql/containers/integrals_lockfree_queue.h,"(144, 3)-(144, 56)",b'using array_type = container::Atomics_array<T...'
sql,../repos/mysql-server/sql/containers/integrals_lockfree_queue.h,"(145, 3)-(145, 58)",b'using atomic_type = memory::Aligned_atomic<in...'
sql,../repos/mysql-server/sql/containers/integrals_lockfree_queue.h,"(199, 5)-(199, 44)",b'using difference_type = std::ptrdiff_t;'
sql,../repos/mysql-server/sql/containers/integrals_lockfree_queue.h,"(200, 5)-(200, 26)",b'using value_type = T;'
sql,../repos/mysql-server/sql/containers/integrals_lockfree_queue.h,"(201, 5)-(201, 25)",b'using pointer = T *;'
sql,../repos/mysql-server/sql/containers/integrals_lockfree_queue.h,"(202, 5)-(202, 25)",b'using reference = T;'
sql,../repos/mysql-server/sql/containers/integrals_lockfree_queue.h,"(203, 5)-(203, 57)",b'using iterator_category = std::forward_iterat...'
sql,../repos/mysql-server/sql/containers/atomics_array_index_padding.h,"(58, 3)-(58, 31)",b'using type = std::atomic<T>;'
sql,../repos/mysql-server/sql/intrusive_list_iterator.h,"(58, 3)-(58, 26)",b'using value_type = T *;'
sql,../repos/mysql-server/sql/intrusive_list_iterator.h,"(130, 3)-(130, 50)",b'using Type = typename IteratorType::value_type;'
sql,../repos/mysql-server/sql/intrusive_list_iterator.h,"(141, 1)-(141, 50)",b'using GetNextPointerFunction = T *(*)(const T *);'
sql,../repos/mysql-server/sql/intrusive_list_iterator.h,"(148, 1)-(148, 78)",b'using NextFunctionContainer = IteratorContain...'
sql,../repos/mysql-server/sql/intrusive_list_iterator.h,"(156, 1)-(157, 76)",b'using IntrusiveListContainer =\n    IteratorCo...'
sql,../repos/mysql-server/sql/trigger.h,"(48, 1)-(48, 29)",b'using sql_mode_t = uint64_t;'
sql,../repos/mysql-server/sql/sql_admin.cc,"(649, 1)-(649, 43)","b'using Check_result = std::pair<bool, int>;'"
sql,../repos/mysql-server/sql/parser_yystype.h,"(722, 1)-(722, 50)",b'using MY_HINT_PARSER_STYPE = MY_SQL_PARSER_STYPE;'
sql,../repos/mysql-server/sql/ssl_acceptor_context_data.cc,"(71, 3)-(71, 62)","b'using raii_bio = std::unique_ptr<BIO, decltyp...'"
sql,../repos/mysql-server/sql/ssl_acceptor_context_data.cc,"(72, 3)-(72, 72)",b'using raii_server_cert = std::unique_ptr<X509...'
sql,../repos/mysql-server/sql/ssl_acceptor_context_data.cc,"(73, 3)-(73, 78)",b'using raii_store = std::unique_ptr<X509_STORE...'
sql,../repos/mysql-server/sql/ssl_acceptor_context_data.cc,"(74, 3)-(75, 71)",b'using raii_store_ctx =\n      std::unique_ptr<...'
sql,../repos/mysql-server/sql/gis/symdifference_functor.cc,"(147, 3)-(147, 59)",b'using GCType = typename std::decay<decltype(*...'
sql,../repos/mysql-server/sql/gis/symdifference_functor.cc,"(180, 3)-(180, 59)",b'using GCType = typename std::decay<decltype(*...'
sql,../repos/mysql-server/sql/gis/symdifference_functor.cc,"(209, 3)-(209, 59)",b'using GCType = typename std::decay<decltype(*...'
sql,../repos/mysql-server/sql/sql_lex.h,"(341, 1)-(341, 42)",b'using List_item = mem_root_deque<Item *>;'
sql,../repos/mysql-server/sql/sql_lex.h,"(342, 1)-(342, 49)",b'using Group_list_ptrs = Mem_root_array<ORDER *>;'
sql,../repos/mysql-server/sql/sql_const.h,"(305, 1)-(305, 56)",b'using Item_processor = bool (Item::*)(unsigne...'
sql,../repos/mysql-server/sql/iterators/composite_iterators.cc,"(774, 3)-(776, 65)",b'using hash_map_type = robin_hood::unordered_f...'
sql,../repos/mysql-server/sql/iterators/composite_iterators.h,"(504, 1)-(504, 64)",b'using Operands = Mem_root_array<materialize_i...'
sql,../repos/mysql-server/sql/iterators/composite_iterators.h,"(763, 3)-(765, 65)",b'using hash_map_type = robin_hood::unordered_f...'
sql,../repos/mysql-server/sql/iterators/composite_iterators.h,"(1089, 3)-(1089, 47)",b'using SetCounts = Mem_root_array<CountPair>;'
sql,../repos/mysql-server/sql/iterators/hash_join_buffer.h,"(102, 1)-(102, 30)",b'using Key = std::string_view;'
sql,../repos/mysql-server/sql/iterators/hash_join_buffer.h,"(110, 3)-(110, 31)",b'using is_transparent = void;'
sql,../repos/mysql-server/sql/iterators/hash_join_buffer.h,"(124, 1)-(124, 23)",b'using BufferRow = Key;'
sql,../repos/mysql-server/sql/iterators/hash_join_buffer.h,"(132, 3)-(132, 31)",b'using is_transparent = void;'
sql,../repos/mysql-server/sql/iterators/hash_join_buffer.h,"(190, 3)-(191, 79)",b'using hash_map_type = robin_hood::unordered_f...'
sql,../repos/mysql-server/sql/iterators/hash_join_buffer.h,"(193, 3)-(193, 59)",b'using hash_map_iterator = hash_map_type::cons...'
sql,../repos/mysql-server/sql/iterators/timing_iterator.h,"(42, 3)-(42, 50)",b'using steady_clock = std::chrono::steady_clock;'
sql,../repos/mysql-server/sql/iterators/timing_iterator.h,"(43, 3)-(43, 55)",b'using duration = steady_clock::time_point::du...'
sql,../repos/mysql-server/sql/iterators/timing_iterator.h,"(44, 3)-(44, 46)",b'using TimeStamp = steady_clock::time_point;'
sql,../repos/mysql-server/sql/join_optimizer/finalize_plan.h,"(34, 1)-(34, 49)",b'using Func_ptr_array = Mem_root_array<Func_ptr>;'
sql,../repos/mysql-server/sql/join_optimizer/secondary_engine_costing_flags.h,"(38, 1)-(38, 46)",b'using SecondaryEngineCostingFlags = uint64_t;'
sql,../repos/mysql-server/sql/join_optimizer/overflow_bitset.h,"(355, 5)-(355, 57)",b'using iterator_category = std::forward_iterat...'
sql,../repos/mysql-server/sql/join_optimizer/overflow_bitset.h,"(356, 5)-(356, 36)",b'using difference_type = size_t;'
sql,../repos/mysql-server/sql/join_optimizer/overflow_bitset.h,"(357, 5)-(357, 31)",b'using value_type = size_t;'
sql,../repos/mysql-server/sql/join_optimizer/overflow_bitset.h,"(358, 5)-(358, 34)",b'using pointer = value_type *;'
sql,../repos/mysql-server/sql/join_optimizer/overflow_bitset.h,"(359, 5)-(359, 36)",b'using reference = value_type &;'
sql,../repos/mysql-server/sql/join_optimizer/relational_expression.h,"(101, 3)-(101, 52)",b'using FieldArray = Mem_root_array<const Field *>;'
sql,../repos/mysql-server/sql/join_optimizer/interesting_orders_defs.h,"(38, 1)-(38, 24)",b'using ItemHandle = int;'
sql,../repos/mysql-server/sql/join_optimizer/interesting_orders_defs.h,"(62, 1)-(62, 63)",b'using FunctionalDependencySet = std::bitset<k...'
sql,../repos/mysql-server/sql/join_optimizer/interesting_orders_defs.h,"(65, 1)-(65, 57)",b'using OrderingSet = std::bitset<kMaxSupported...'
sql,../repos/mysql-server/sql/join_optimizer/node_map.h,"(39, 1)-(39, 26)",b'using NodeMap = uint64_t;'
sql,../repos/mysql-server/sql/join_optimizer/interesting_orders.h,"(163, 3)-(163, 55)",b'using Elements = Bounds_checked_array<OrderEl...'
sql,../repos/mysql-server/sql/join_optimizer/interesting_orders.h,"(427, 3)-(427, 26)",b'using StateIndex = int;'
sql,../repos/mysql-server/sql/join_optimizer/replace_item.h,"(32, 1)-(32, 49)",b'using Func_ptr_array = Mem_root_array<Func_ptr>;'
sql,../repos/mysql-server/sql/join_optimizer/cost_model.cc,"(288, 1)-(288, 59)",b'using TermArray = Bounds_checked_array<const ...'
sql,../repos/mysql-server/sql/join_optimizer/estimate_selectivity.cc,"(188, 1)-(188, 66)",b'using EqualFieldArray = Bounds_checked_array<...'
sql,../repos/mysql-server/sql/parse_tree_column_attrs.h,"(588, 3)-(588, 72)",b'using Parent_type = std::remove_const<decltyp...'
sql,../repos/mysql-server/sql/parse_tree_column_attrs.h,"(671, 3)-(671, 72)",b'using Parent_type = std::remove_const<decltyp...'
sql,../repos/mysql-server/sql/parse_tree_column_attrs.h,"(711, 3)-(711, 72)",b'using Parent_type = std::remove_const<decltyp...'
sql,../repos/mysql-server/sql/parse_tree_column_attrs.h,"(768, 3)-(768, 72)",b'using Parent_type = std::remove_const<decltyp...'
sql,../repos/mysql-server/sql/parse_tree_column_attrs.h,"(843, 3)-(843, 72)",b'using Parent_type = std::remove_const<decltyp...'
sql,../repos/mysql-server/sql/transaction_info.h,"(523, 5)-(523, 44)",b'using difference_type = std::ptrdiff_t;'
sql,../repos/mysql-server/sql/transaction_info.h,"(524, 5)-(524, 35)",b'using pointer = Ha_trx_info *;'
sql,../repos/mysql-server/sql/transaction_info.h,"(525, 5)-(525, 37)",b'using reference = Ha_trx_info &;'
sql,../repos/mysql-server/sql/transaction_info.h,"(526, 5)-(526, 57)",b'using iterator_category = std::forward_iterat...'
sql,../repos/mysql-server/sql/event_data_objects.h,"(47, 1)-(47, 29)",b'using sql_mode_t = uint64_t;'
sql,../repos/mysql-server/sql/item_create.cc,"(591, 1)-(592, 71)",b'using Spatial_decomp_instantiator =\n    Insta...'
sql,../repos/mysql-server/sql/item_create.cc,"(594, 1)-(595, 59)",b'using Startpoint_instantiator =\n    Spatial_d...'
sql,../repos/mysql-server/sql/item_create.cc,"(596, 1)-(597, 57)",b'using Endpoint_instantiator =\n    Spatial_dec...'
sql,../repos/mysql-server/sql/item_create.cc,"(598, 1)-(599, 61)",b'using Exteriorring_instantiator =\n    Spatial...'
sql,../repos/mysql-server/sql/item_create.cc,"(602, 1)-(603, 73)",b'using Spatial_decomp_n_instantiator =\n    Ins...'
sql,../repos/mysql-server/sql/item_create.cc,"(605, 1)-(606, 60)",b'using Sp_geometryn_instantiator =\n    Spatial...'
sql,../repos/mysql-server/sql/item_create.cc,"(608, 1)-(609, 64)",b'using Sp_interiorringn_instantiator =\n    Spa...'
sql,../repos/mysql-server/sql/item_create.cc,"(611, 1)-(612, 57)",b'using Sp_pointn_instantiator =\n    Spatial_de...'
sql,../repos/mysql-server/sql/item_create.cc,"(637, 1)-(637, 55)",b'using txt_ft = Item_func_geometry_from_text::...'
sql,../repos/mysql-server/sql/item_create.cc,"(638, 1)-(638, 44)",b'using I_txt = Item_func_geometry_from_text;'
sql,../repos/mysql-server/sql/item_create.cc,"(640, 1)-(640, 61)",b'using G_i = Geometry_instantiator<Geometry_cl...'
sql,../repos/mysql-server/sql/item_create.cc,"(642, 1)-(642, 76)",b'using Geomcollfromtext_instantiator = G_i<I_t...'
sql,../repos/mysql-server/sql/item_create.cc,"(643, 1)-(643, 74)",b'using Geomcollfromtxt_instantiator = G_i<I_tx...'
sql,../repos/mysql-server/sql/item_create.cc,"(644, 1)-(645, 52)",b'using Geometrycollectionfromtext_instantiator...'
sql,../repos/mysql-server/sql/item_create.cc,"(646, 1)-(646, 76)",b'using Geometryfromtext_instantiator = G_i<I_t...'
sql,../repos/mysql-server/sql/item_create.cc,"(647, 1)-(647, 68)","b'using Geomfromtext_instantiator = G_i<I_txt, ...'"
sql,../repos/mysql-server/sql/item_create.cc,"(648, 1)-(648, 68)","b'using Linefromtext_instantiator = G_i<I_txt, ...'"
sql,../repos/mysql-server/sql/item_create.cc,"(649, 1)-(649, 80)",b'using Linestringfromtext_instantiator = G_i<I...'
sql,../repos/mysql-server/sql/item_create.cc,"(650, 1)-(650, 70)","b'using Mlinefromtext_instantiator = G_i<I_txt,...'"
sql,../repos/mysql-server/sql/item_create.cc,"(651, 1)-(651, 72)",b'using Mpointfromtext_instantiator = G_i<I_txt...'
sql,../repos/mysql-server/sql/item_create.cc,"(652, 1)-(652, 70)","b'using Mpolyfromtext_instantiator = G_i<I_txt,...'"
sql,../repos/mysql-server/sql/item_create.cc,"(653, 1)-(654, 49)",b'using Multilinestringfromtext_instantiator =\n...'
sql,../repos/mysql-server/sql/item_create.cc,"(655, 1)-(655, 80)",b'using Multipointfromtext_instantiator = G_i<I...'
sql,../repos/mysql-server/sql/item_create.cc,"(656, 1)-(657, 46)",b'using Multipolygonfromtext_instantiator =\n   ...'
sql,../repos/mysql-server/sql/item_create.cc,"(658, 1)-(658, 70)","b'using Pointfromtext_instantiator = G_i<I_txt,...'"
sql,../repos/mysql-server/sql/item_create.cc,"(659, 1)-(659, 68)","b'using Polyfromtext_instantiator = G_i<I_txt, ...'"
sql,../repos/mysql-server/sql/item_create.cc,"(660, 1)-(660, 74)",b'using Polygonfromtext_instantiator = G_i<I_tx...'
sql,../repos/mysql-server/sql/item_create.cc,"(662, 1)-(662, 54)",b'using wkb_ft = Item_func_geometry_from_wkb::F...'
sql,../repos/mysql-server/sql/item_create.cc,"(663, 1)-(663, 43)",b'using I_wkb = Item_func_geometry_from_wkb;'
sql,../repos/mysql-server/sql/item_create.cc,"(665, 1)-(665, 74)",b'using Geomcollfromwkb_instantiator = G_i<I_wk...'
sql,../repos/mysql-server/sql/item_create.cc,"(666, 1)-(667, 51)",b'using Geometrycollectionfromwkb_instantiator ...'
sql,../repos/mysql-server/sql/item_create.cc,"(668, 1)-(668, 74)",b'using Geometryfromwkb_instantiator = G_i<I_wk...'
sql,../repos/mysql-server/sql/item_create.cc,"(669, 1)-(669, 66)","b'using Geomfromwkb_instantiator = G_i<I_wkb, w...'"
sql,../repos/mysql-server/sql/item_create.cc,"(670, 1)-(670, 66)","b'using Linefromwkb_instantiator = G_i<I_wkb, w...'"
sql,../repos/mysql-server/sql/item_create.cc,"(671, 1)-(671, 78)",b'using Linestringfromwkb_instantiator = G_i<I_...'
sql,../repos/mysql-server/sql/item_create.cc,"(672, 1)-(672, 68)","b'using Mlinefromwkb_instantiator = G_i<I_wkb, ...'"
sql,../repos/mysql-server/sql/item_create.cc,"(673, 1)-(673, 70)","b'using Mpointfromwkb_instantiator = G_i<I_wkb,...'"
sql,../repos/mysql-server/sql/item_create.cc,"(674, 1)-(674, 68)","b'using Mpolyfromwkb_instantiator = G_i<I_wkb, ...'"
sql,../repos/mysql-server/sql/item_create.cc,"(675, 1)-(676, 48)",b'using Multilinestringfromwkb_instantiator =\n ...'
sql,../repos/mysql-server/sql/item_create.cc,"(677, 1)-(677, 78)",b'using Multipointfromwkb_instantiator = G_i<I_...'
sql,../repos/mysql-server/sql/item_create.cc,"(678, 1)-(679, 45)",b'using Multipolygonfromwkb_instantiator =\n    ...'
sql,../repos/mysql-server/sql/item_create.cc,"(680, 1)-(680, 68)","b'using Pointfromwkb_instantiator = G_i<I_wkb, ...'"
sql,../repos/mysql-server/sql/item_create.cc,"(681, 1)-(681, 66)","b'using Polyfromwkb_instantiator = G_i<I_wkb, w...'"
sql,../repos/mysql-server/sql/item_create.cc,"(682, 1)-(682, 72)",b'using Polygonfromwkb_instantiator = G_i<I_wkb...'
sql,../repos/mysql-server/sql/item_create.cc,"(1792, 1)-(1792, 78)",b'using Native_functions_hash = std::unordered_...'
sql,../repos/mysql-server/sql/rpl_gtid.h,"(107, 1)-(107, 40)",b'using rpl_sidno = cs::index::rpl_sidno;'
sql,../repos/mysql-server/sql/rpl_gtid.h,"(111, 1)-(111, 36)",b'using rpl_gno = mysql::gtid::gno_t;'
sql,../repos/mysql-server/sql/rpl_gtid.h,"(767, 3)-(767, 34)",b'using Tsid = mysql::gtid::Tsid;'
sql,../repos/mysql-server/sql/rpl_gtid.h,"(768, 3)-(768, 32)",b'using Tag = mysql::gtid::Tag;'
sql,../repos/mysql-server/sql/rpl_gtid.h,"(769, 3)-(769, 71)",b'using Tsid_to_sidno_allocator = Map_allocator...'
sql,../repos/mysql-server/sql/rpl_gtid.h,"(770, 3)-(770, 80)",b'using Tsid_to_sidno_umap = malloc_unordered_m...'
sql,../repos/mysql-server/sql/rpl_gtid.h,"(771, 3)-(771, 58)","b'using Tsid_to_sidno_map = Map_myalloc<Tsid, r...'"
sql,../repos/mysql-server/sql/rpl_gtid.h,"(772, 3)-(772, 62)",b'using Tsid_to_sidno_it = Tsid_to_sidno_map::c...'
sql,../repos/mysql-server/sql/rpl_gtid.h,"(773, 3)-(773, 55)",b'using Tsid_ref = std::reference_wrapper<const...'
sql,../repos/mysql-server/sql/rpl_gtid.h,"(774, 3)-(774, 80)",b'using Sidno_to_tsid_cont = std::vector<Tsid_r...'
sql,../repos/mysql-server/sql/rpl_gtid.h,"(1100, 3)-(1100, 34)",b'using Tsid = mysql::gtid::Tsid;'
sql,../repos/mysql-server/sql/rpl_gtid.h,"(1101, 3)-(1101, 32)",b'using Tag = mysql::gtid::Tag;'
sql,../repos/mysql-server/sql/rpl_gtid.h,"(3191, 3)-(3191, 34)",b'using Tsid = mysql::gtid::Tsid;'
sql,../repos/mysql-server/sql/rpl_gtid.h,"(3980, 3)-(3980, 34)",b'using Tsid = mysql::gtid::Tsid;'
sql,../repos/mysql-server/sql/rpl_gtid.h,"(3981, 3)-(3981, 32)",b'using Tag = mysql::gtid::Tag;'
sql,../repos/mysql-server/sql/rpl_gtid.h,"(3982, 3)-(3982, 44)",b'using Tag_plain = mysql::gtid::Tag_plain;'
sql,../repos/mysql-server/sql/locked_tables_list.h,"(108, 3)-(108, 57)",b'using MDL_ticket_pairs = std::vector<MDL_tick...'
sql,../repos/mysql-server/sql/set_var.h,"(72, 1)-(72, 29)",b'using sql_mode_t = uint64_t;'
sql,../repos/mysql-server/sql/log_event.cc,"(14142, 3)-(14143, 71)",b'using Istream_t =\n      mysql::binlog::event:...'
sql,../repos/mysql-server/sql/rpl_async_conn_failover_configuration_propagation.cc,"(282, 3)-(283, 69)",b'using group_replication_message_service_recv_...'
sql,../repos/mysql-server/sql/system_variables.h,"(41, 1)-(41, 29)",b'using sql_mode_t = uint64_t;'
sql,../repos/mysql-server/sql/table_column_iterator.h,"(113, 3)-(113, 42)",b'using filter_fn_type = ExclusionFilter;'
sql,../repos/mysql-server/sql/table_column_iterator.h,"(216, 5)-(216, 44)",b'using difference_type = std::ptrdiff_t;'
sql,../repos/mysql-server/sql/table_column_iterator.h,"(217, 5)-(217, 32)",b'using value_type = Field *;'
sql,../repos/mysql-server/sql/table_column_iterator.h,"(218, 5)-(218, 29)",b'using pointer = Field *;'
sql,../repos/mysql-server/sql/table_column_iterator.h,"(219, 5)-(219, 31)",b'using reference = Field *;'
sql,../repos/mysql-server/sql/table_column_iterator.h,"(220, 5)-(220, 63)",b'using iterator_category = std::bidirectional_...'
sql,../repos/mysql-server/sql/rpl_context.h,"(282, 3)-(282, 70)",b'using Compressor_t = mysql::binlog::event::co...'
sql,../repos/mysql-server/sql/rpl_context.h,"(283, 3)-(284, 66)",b'using Grow_calculator_t =\n      mysql::binlog...'
sql,../repos/mysql-server/sql/rpl_context.h,"(285, 3)-(285, 64)",b'using Factory_t = mysql::binlog::event::compr...'
sql,../repos/mysql-server/sql/rpl_context.h,"(288, 3)-(288, 58)",b'using Compressor_ptr_t = std::shared_ptr<Comp...'
sql,../repos/mysql-server/sql/rpl_context.h,"(289, 3)-(289, 77)",b'using Managed_buffer_sequence_t = Compressor_...'
sql,../repos/mysql-server/sql/rpl_context.h,"(290, 3)-(290, 77)",b'using Memory_resource_t = mysql::binlog::even...'
