Repo name,File name,Location,Content
sql,../repos/mysql-server/sql/sql_digest_stream.h,"(28, 1)-(28, 20)",b'#ifndef SQL_DIGEST_STREAM_H\n#define SQL_DIGES...'
sql,../repos/mysql-server/sql/lexer_yystype.h,"(32, 1)-(38, 2)",b'#ifndef LEXER_YYSTYPE_INCLUDED\n#define LEXER_...'
sql,../repos/mysql-server/sql/protocol_callback.h,"(50, 1)-(50, 15)",b'#ifndef PROTOCOL_CALLBACK_INCLUDED\n#define PR...'
sql,../repos/mysql-server/sql/partition_info.h,"(109, 3)-(112, 4)",b'union {\n    struct st_part_num_range part_num...'
sql,../repos/mysql-server/sql/partition_info.h,"(321, 3)-(326, 4)",b'union {\n    longlong *range_int_array;\n    LI...'
sql,../repos/mysql-server/sql/item.h,"(4796, 3)-(4800, 4)",b'union {\n    longlong integer;\n    double real...'
sql,../repos/mysql-server/sql/sql_prepare.h,"(50, 1)-(50, 15)",b'#ifndef SQL_PREPARE_H\n#define SQL_PREPARE_H\n/...'
sql,../repos/mysql-server/sql/srv_session.h,"(240, 29)-(240, 43)",b'const union COM_DATA *data'
sql,../repos/mysql-server/sql/sql_profile.cc,"(175, 3)-(178, 4)",b'union {\n    ULONGLONG qwTime;\n    FILETIME ft...'
sql,../repos/mysql-server/sql/command_service.cc,"(76, 39)-(76, 53)",b'const union COM_DATA *data'
sql,../repos/mysql-server/sql/partition_element.h,"(65, 3)-(76, 4)",b'union column_value_union {\n    /**\n      When...'
sql,../repos/mysql-server/sql/protocol_classic.cc,"(2698, 37)-(2698, 51)",b'union COM_DATA *data'
sql,../repos/mysql-server/sql/protocol_classic.h,"(50, 1)-(50, 15)",b'#ifndef PROTOCOL_CLASSIC_INCLUDED\n#define PRO...'
sql,../repos/mysql-server/sql/protocol_classic.h,"(56, 21)-(56, 35)",b'union COM_DATA *data'
sql,../repos/mysql-server/sql/sql_parse.h,"(58, 1)-(58, 15)",b'#ifndef SQL_PARSE_INCLUDED\n#define SQL_PARSE_...'
sql,../repos/mysql-server/sql/srv_session.cc,"(1120, 40)-(1120, 54)",b'const union COM_DATA *data'
sql,../repos/mysql-server/sql/mysql_tzinfo_to_sql.cc,"(67, 5)-(73, 6)",b'union {\n      struct tzhead tzhead;\n      uch...'
sql,../repos/mysql-server/sql/sql_class.h,"(2757, 3)-(2763, 4)",b'union {\n    bool bool_value;\n    long long_va...'
sql,../repos/mysql-server/sql/handler.h,"(1008, 3)-(1014, 4)",b'union {\n    /** File descriptor */\n    int fi...'
sql,../repos/mysql-server/sql/gen_lex_hash.cc,"(106, 3)-(109, 4)",b'union {\n    hash_lex_struct *char_tails;  // ...'
sql,../repos/mysql-server/sql/parser_yystype.h,"(338, 1)-(719, 2)",b'#ifndef PARSER_YYSTYPE_INCLUDED\n#define PARSE...'
sql,../repos/mysql-server/sql/rpl_tblmap.h,"(74, 5)-(77, 6)",b'union {\n      Mapped_table *table;\n      entr...'
sql,../repos/mysql-server/sql/sql_lex.h,"(134, 1)-(134, 20)",b'#ifndef SQL_LEX_INCLUDED\n#define SQL_LEX_INCL...'
sql,../repos/mysql-server/sql/protocol_callback.cc,"(43, 1)-(43, 15)","b'/* Copyright (c) 2000, 2023, Oracle and/or it...'"
sql,../repos/mysql-server/sql/iterators/basic_row_iterators.h,"(572, 3)-(577, 4)",b'union {\n    /// [0]: # of duplicates on left ...'
sql,../repos/mysql-server/sql/iterators/sorting_iterator.h,"(138, 3)-(148, 4)",b'union IteratorHolder {\n    IteratorHolder() {...'
sql,../repos/mysql-server/sql/join_optimizer/overflow_bitset.h,"(135, 3)-(138, 4)",b'union {\n    uint64_t m_bits;  // Lowest bit m...'
sql,../repos/mysql-server/sql/join_optimizer/access_path.h,"(923, 3)-(1283, 4)",b'union {\n    struct {\n      TABLE *table;\n    ...'
sql,../repos/mysql-server/sql/item_func.h,"(3220, 3)-(3225, 4)",b'union {\n    longlong vint;\n    double vreal;\n...'
sql,../repos/mysql-server/sql/set_var.h,"(912, 3)-(937, 4)",b'union {\n    struct {\n      sys_var *m_static_...'
sql,../repos/mysql-server/sql/set_var.h,"(981, 3)-(989, 4)",b'union  ///< temp storage to hold a value betw...'
