Repo name,File name,Location,Content
typesense-main,../repos/typesense-main/include/raft_server.h,"(106, 18)-(106, 26)",b'* volatile node'
typesense-main,../repos/typesense-main/include/sparsepp.h,"(1648, 51)-(1648, 59)",b'T volatile'
typesense-main,../repos/typesense-main/include/sparsepp.h,"(1672, 43)-(1672, 51)",b'volatile T'
typesense-main,../repos/typesense-main/include/sparsepp.h,"(1673, 49)-(1673, 57)",b'const volatile T'
typesense-main,../repos/typesense-main/include/sparsepp.h,"(1682, 49)-(1682, 57)",b'volatile T'
typesense-main,../repos/typesense-main/include/sparsepp.h,"(1683, 55)-(1683, 63)",b'const volatile T'
typesense-main,../repos/typesense-main/include/sparsepp.h,"(1690, 42)-(1690, 50)",b'volatile T'
typesense-main,../repos/typesense-main/include/sparsepp.h,"(1691, 48)-(1691, 56)",b'const volatile T'
typesense-main,../repos/typesense-main/include/sparsepp.h,"(1712, 46)-(1712, 54)",b'volatile T'
typesense-main,../repos/typesense-main/include/sparsepp.h,"(1713, 52)-(1713, 60)",b'const volatile T'
