Repo name,File name,Location,Content
typesense-main,../repos/typesense-main/include/thread_local_vars.h,"(3, 8)-(3, 20)",b'extern thread_local int64_t write_log_index;'
typesense-main,../repos/typesense-main/include/thread_local_vars.h,"(7, 8)-(7, 20)",b'extern thread_local uint64_t search_begin_us;'
typesense-main,../repos/typesense-main/include/thread_local_vars.h,"(8, 8)-(8, 20)",b'extern thread_local uint64_t search_stop_us;'
typesense-main,../repos/typesense-main/include/thread_local_vars.h,"(9, 8)-(9, 20)",b'extern thread_local bool search_cutoff;'
typesense-main,../repos/typesense-main/src/string_utils.cpp,"(41, 5)-(41, 17)",b'thread_local std::mt19937 rg(std::random_devi...'
typesense-main,../repos/typesense-main/src/string_utils.cpp,"(42, 5)-(42, 17)",b'thread_local std::uniform_int_distribution<ui...'
typesense-main,../repos/typesense-main/src/thread_local_vars.cpp,"(4, 1)-(4, 13)",b'thread_local int64_t write_log_index = 0;'
typesense-main,../repos/typesense-main/src/thread_local_vars.cpp,"(5, 1)-(5, 13)",b'thread_local uint64_t search_begin_us;'
typesense-main,../repos/typesense-main/src/thread_local_vars.cpp,"(6, 1)-(6, 13)",b'thread_local uint64_t search_stop_us;'
typesense-main,../repos/typesense-main/src/thread_local_vars.cpp,"(7, 1)-(7, 13)",b'thread_local bool search_cutoff = false;'
