Repo name,File name,Location,Content
typesense-main,../repos/typesense-main/include/field.h,"(770, 60)-(770, 68)",b'facet_hash_values_t(facet_hash_values_t&& has...'
typesense-main,../repos/typesense-main/include/field.h,"(778, 65)-(778, 73)",b'operator=(facet_hash_values_t&& other) noexcept'
typesense-main,../repos/typesense-main/include/filter.h,"(92, 51)-(92, 59)",b'operator=(filter_node_t&& obj) noexcept'
typesense-main,../repos/typesense-main/include/filter_result_iterator.h,"(39, 80)-(39, 88)",b'operator=(const reference_filter_result_t& ob...'
typesense-main,../repos/typesense-main/include/filter_result_iterator.h,"(53, 75)-(53, 83)",b'operator=(reference_filter_result_t&& obj) no...'
typesense-main,../repos/typesense-main/include/filter_result_iterator.h,"(118, 74)-(118, 82)",b'operator=(const single_filter_result_t& obj) ...'
typesense-main,../repos/typesense-main/include/filter_result_iterator.h,"(135, 69)-(135, 77)",b'operator=(single_filter_result_t&& obj) noexcept'
typesense-main,../repos/typesense-main/include/filter_result_iterator.h,"(170, 60)-(170, 68)",b'operator=(const filter_result_t& obj) noexcept'
typesense-main,../repos/typesense-main/include/filter_result_iterator.h,"(184, 55)-(184, 63)",b'operator=(filter_result_t&& obj) noexcept'
typesense-main,../repos/typesense-main/include/filter_result_iterator.h,"(309, 73)-(309, 81)",b'operator=(filter_result_iterator_t&& obj) noexcept'
typesense-main,../repos/typesense-main/include/id_list.h,"(49, 38)-(49, 46)",b'iterator_t(iterator_t&& rhs) noexcept'
typesense-main,../repos/typesense-main/include/json.hpp,"(2894, 84)-(2894, 92)","b'operator<=>(const value_t lhs, const value_t ...'"
typesense-main,../repos/typesense-main/include/json.hpp,"(2896, 65)-(2896, 73)","b'operator<(const value_t lhs, const value_t rh...'"
typesense-main,../repos/typesense-main/include/json.hpp,"(2924, 61)-(2924, 69)","b'operator<(const value_t lhs, const value_t rh...'"
typesense-main,../repos/typesense-main/include/json.hpp,"(3119, 41)-(3119, 49)",b'size() noexcept'
typesense-main,../repos/typesense-main/include/json.hpp,"(4311, 30)-(4311, 38)",b'what() const noexcept override'
typesense-main,../repos/typesense-main/include/json.hpp,"(5038, 5)-(5038, 59)","b'operator()(const BasicJsonType& j, T&& val) c...'"
typesense-main,../repos/typesense-main/include/json.hpp,"(5146, 5)-(5147, 75)","b'iteration_proxy_value(IteratorType it, std::s...'"
typesense-main,../repos/typesense-main/include/json.hpp,"(5156, 5)-(5157, 72)",b'iteration_proxy_value(iteration_proxy_value&&...'
typesense-main,../repos/typesense-main/include/json.hpp,"(5159, 5)-(5160, 69)",b'operator=(iteration_proxy_value&&)\n    noexce...'
typesense-main,../repos/typesense-main/include/json.hpp,"(5252, 69)-(5252, 77)",b'iteration_proxy(typename IteratorType::refere...'
typesense-main,../repos/typesense-main/include/json.hpp,"(5257, 40)-(5257, 48)",b'iteration_proxy(iteration_proxy&&) noexcept'
typesense-main,../repos/typesense-main/include/json.hpp,"(5258, 51)-(5258, 59)",b'operator=(iteration_proxy&&) noexcept'
typesense-main,../repos/typesense-main/include/json.hpp,"(5262, 55)-(5262, 63)",b'begin() const noexcept'
typesense-main,../repos/typesense-main/include/json.hpp,"(5268, 53)-(5268, 61)",b'end() const noexcept'
typesense-main,../repos/typesense-main/include/json.hpp,"(5361, 82)-(5361, 90)","b'construct(BasicJsonType& j, typename BasicJso...'"
typesense-main,../repos/typesense-main/include/json.hpp,"(5429, 89)-(5429, 97)","b'construct(BasicJsonType& j, typename BasicJso...'"
typesense-main,../repos/typesense-main/include/json.hpp,"(5442, 92)-(5442, 100)","b'construct(BasicJsonType& j, typename BasicJso...'"
typesense-main,../repos/typesense-main/include/json.hpp,"(5455, 91)-(5455, 99)","b'construct(BasicJsonType& j, typename BasicJso...'"
typesense-main,../repos/typesense-main/include/json.hpp,"(5578, 44)-(5578, 52)","b'to_json(BasicJsonType& j, T b) noexcept'"
typesense-main,../repos/typesense-main/include/json.hpp,"(5591, 57)-(5591, 65)","b'to_json(BasicJsonType& j, const BoolRef& b) n...'"
typesense-main,../repos/typesense-main/include/json.hpp,"(5611, 54)-(5611, 62)","b'to_json(BasicJsonType& j, FloatType val) noexcept'"
typesense-main,../repos/typesense-main/include/json.hpp,"(5618, 73)-(5618, 81)","b'to_json(BasicJsonType& j, CompatibleNumberUns...'"
typesense-main,../repos/typesense-main/include/json.hpp,"(5625, 72)-(5625, 80)","b'to_json(BasicJsonType& j, CompatibleNumberInt...'"
typesense-main,../repos/typesense-main/include/json.hpp,"(5633, 51)-(5633, 59)","b'to_json(BasicJsonType& j, EnumType e) noexcept'"
typesense-main,../repos/typesense-main/include/json.hpp,"(5738, 54)-(5738, 106)","b'operator()(BasicJsonType& j, T&& val) const n...'"
typesense-main,../repos/typesense-main/include/json.hpp,"(5773, 64)-(5774, 78)","b'from_json(BasicJsonType && j, TargetType& val...'"
typesense-main,../repos/typesense-main/include/json.hpp,"(5783, 47)-(5784, 106)",b'from_json(BasicJsonType && j) noexcept(\n    n...'
typesense-main,../repos/typesense-main/include/json.hpp,"(5793, 62)-(5794, 73)","b'to_json(BasicJsonType& j, TargetType && val) ...'"
typesense-main,../repos/typesense-main/include/json.hpp,"(5874, 45)-(5874, 53)",b'set_subtype(subtype_type subtype_) noexcept'
typesense-main,../repos/typesense-main/include/json.hpp,"(5882, 44)-(5882, 52)",b'subtype() const noexcept'
typesense-main,../repos/typesense-main/include/json.hpp,"(5889, 40)-(5889, 48)",b'has_subtype() const noexcept'
typesense-main,../repos/typesense-main/include/json.hpp,"(5896, 26)-(5896, 34)",b'clear_subtype() noexcept'
typesense-main,../repos/typesense-main/include/json.hpp,"(5940, 61)-(5940, 69)","b'combine(std::size_t seed, std::size_t h) noexcept'"
typesense-main,../repos/typesense-main/include/json.hpp,"(6127, 47)-(6127, 55)",b'file_input_adapter(std::FILE* f) noexcept'
typesense-main,../repos/typesense-main/include/json.hpp,"(6135, 46)-(6135, 54)",b'file_input_adapter(file_input_adapter&&) noexcept'
typesense-main,../repos/typesense-main/include/json.hpp,"(6140, 54)-(6140, 62)",b'get_character() noexcept'
typesense-main,../repos/typesense-main/include/json.hpp,"(6183, 54)-(6183, 62)",b'input_stream_adapter(input_stream_adapter&& r...'
typesense-main,../repos/typesense-main/include/json.hpp,"(6381, 63)-(6381, 71)",b'get_character() noexcept'
typesense-main,../repos/typesense-main/include/json.hpp,"(7366, 60)-(7366, 68)",b'token_type_name(const token_type t) noexcept'
typesense-main,../repos/typesense-main/include/json.hpp,"(7427, 79)-(7427, 87)","b'lexer(InputAdapterType&& adapter, bool ignore...'"
typesense-main,../repos/typesense-main/include/json.hpp,"(7447, 37)-(7447, 45)",b'get_decimal_point() noexcept'
typesense-main,../repos/typesense-main/include/json.hpp,"(8216, 66)-(8216, 74)","b'strtof(float& f, const char* str, char** endp...'"
typesense-main,../repos/typesense-main/include/json.hpp,"(8222, 67)-(8222, 75)","b'strtof(double& f, const char* str, char** end...'"
typesense-main,../repos/typesense-main/include/json.hpp,"(8228, 72)-(8228, 80)","b'strtof(long double& f, const char* str, char*...'"
typesense-main,../repos/typesense-main/include/json.hpp,"(8624, 18)-(8624, 26)",b'reset() noexcept'
typesense-main,../repos/typesense-main/include/json.hpp,"(8722, 61)-(8722, 69)",b'get_number_unsigned() const noexcept'
typesense-main,../repos/typesense-main/include/json.hpp,"(8728, 55)-(8728, 63)",b'get_number_float() const noexcept'
typesense-main,../repos/typesense-main/include/json.hpp,"(8744, 47)-(8744, 55)",b'get_position() const noexcept'
typesense-main,../repos/typesense-main/include/json.hpp,"(8777, 53)-(8777, 61)",b'get_error_message() const noexcept'
typesense-main,../repos/typesense-main/include/json.hpp,"(9130, 51)-(9130, 59)",b'little_endianness(int num = 1) noexcept'
typesense-main,../repos/typesense-main/include/json.hpp,"(9160, 108)-(9160, 116)","b'binary_reader(InputAdapterType&& adapter, con...'"
typesense-main,../repos/typesense-main/include/json.hpp,"(12676, 49)-(12676, 57)",b'get_value() const noexcept'
typesense-main,../repos/typesense-main/include/json.hpp,"(12682, 22)-(12682, 30)",b'set_begin() noexcept'
typesense-main,../repos/typesense-main/include/json.hpp,"(12688, 20)-(12688, 28)",b'set_end() noexcept'
typesense-main,../repos/typesense-main/include/json.hpp,"(12694, 37)-(12694, 45)",b'is_begin() const noexcept'
typesense-main,../repos/typesense-main/include/json.hpp,"(12700, 35)-(12700, 43)",b'is_end() const noexcept'
typesense-main,../repos/typesense-main/include/json.hpp,"(12705, 90)-(12705, 98)","b'operator==(primitive_iterator_t lhs, primitiv...'"
typesense-main,../repos/typesense-main/include/json.hpp,"(12710, 89)-(12710, 97)","b'operator<(primitive_iterator_t lhs, primitive...'"
typesense-main,../repos/typesense-main/include/json.hpp,"(12715, 55)-(12715, 63)",b'operator+(difference_type n) noexcept'
typesense-main,../repos/typesense-main/include/json.hpp,"(12722, 100)-(12722, 108)","b'operator-(primitive_iterator_t lhs, primitive...'"
typesense-main,../repos/typesense-main/include/json.hpp,"(12727, 40)-(12727, 48)",b'operator++() noexcept'
typesense-main,../repos/typesense-main/include/json.hpp,"(12733, 43)-(12733, 51)",b'operator++(int)& noexcept'
typesense-main,../repos/typesense-main/include/json.hpp,"(12740, 40)-(12740, 48)",b'operator--() noexcept'
typesense-main,../repos/typesense-main/include/json.hpp,"(12746, 43)-(12746, 51)",b'operator--(int)& noexcept'
typesense-main,../repos/typesense-main/include/json.hpp,"(12753, 57)-(12753, 65)",b'operator+=(difference_type n) noexcept'
typesense-main,../repos/typesense-main/include/json.hpp,"(12759, 57)-(12759, 65)",b'operator-=(difference_type n) noexcept'
typesense-main,../repos/typesense-main/include/json.hpp,"(12891, 28)-(12891, 36)",b'iter_impl(iter_impl&&) noexcept'
typesense-main,../repos/typesense-main/include/json.hpp,"(12892, 39)-(12892, 47)",b'operator=(iter_impl&&) noexcept'
typesense-main,../repos/typesense-main/include/json.hpp,"(12900, 40)-(12900, 48)",b'iter_impl(pointer object) noexcept'
typesense-main,../repos/typesense-main/include/json.hpp,"(12950, 60)-(12950, 68)",b'iter_impl(const iter_impl<const BasicJsonType...'
typesense-main,../repos/typesense-main/include/json.hpp,"(12960, 71)-(12960, 79)",b'operator=(const iter_impl<const BasicJsonType...'
typesense-main,../repos/typesense-main/include/json.hpp,"(12975, 88)-(12975, 96)",b'iter_impl(const iter_impl<typename std::remov...'
typesense-main,../repos/typesense-main/include/json.hpp,"(12985, 99)-(12985, 107)",b'operator=(const iter_impl<typename std::remov...'
typesense-main,../repos/typesense-main/include/json.hpp,"(13041, 20)-(13041, 28)",b'set_end() noexcept'
typesense-main,../repos/typesense-main/include/json.hpp,"(13610, 85)-(13610, 93)",b'json_reverse_iterator(const typename base_ite...'
typesense-main,../repos/typesense-main/include/json.hpp,"(13614, 61)-(13614, 69)",b'json_reverse_iterator(const base_iterator& it...'
typesense-main,../repos/typesense-main/include/json.hpp,"(13926, 24)-(13926, 32)",b'empty() const noexcept'
typesense-main,../repos/typesense-main/include/json.hpp,"(14583, 70)-(14583, 78)",b'operator==(const json_pointer<RefStringTypeRh...'
typesense-main,../repos/typesense-main/include/json.hpp,"(14598, 87)-(14598, 95)",b'operator<=>(const json_pointer<RefStringTypeR...'
typesense-main,../repos/typesense-main/include/json.hpp,"(14608, 71)-(14608, 79)",b'operator==(const json_pointer<RefStringTypeLh...'
typesense-main,../repos/typesense-main/include/json.hpp,"(14629, 71)-(14629, 79)",b'operator!=(const json_pointer<RefStringTypeLh...'
typesense-main,../repos/typesense-main/include/json.hpp,"(14649, 70)-(14649, 78)",b'operator<(const json_pointer<RefStringTypeLhs...'
typesense-main,../repos/typesense-main/include/json.hpp,"(14661, 67)-(14661, 75)",b'operator==(const json_pointer<RefStringTypeLh...'
typesense-main,../repos/typesense-main/include/json.hpp,"(14686, 67)-(14686, 75)",b'operator!=(const json_pointer<RefStringTypeLh...'
typesense-main,../repos/typesense-main/include/json.hpp,"(14711, 66)-(14711, 74)",b'operator<(const json_pointer<RefStringTypeLhs...'
typesense-main,../repos/typesense-main/include/json.hpp,"(14768, 26)-(14768, 34)",b'json_ref(json_ref&&) noexcept'
typesense-main,../repos/typesense-main/include/json.hpp,"(14876, 56)-(14876, 64)",b'output_adapter_protocol(output_adapter_protoc...'
typesense-main,../repos/typesense-main/include/json.hpp,"(14878, 67)-(14878, 75)",b'operator=(output_adapter_protocol&&) noexcept'
typesense-main,../repos/typesense-main/include/json.hpp,"(14890, 79)-(14890, 87)","b'output_vector_adapter(std::vector<CharType, A...'"
typesense-main,../repos/typesense-main/include/json.hpp,"(14915, 69)-(14915, 77)",b'output_stream_adapter(std::basic_ostream<Char...'
typesense-main,../repos/typesense-main/include/json.hpp,"(14940, 51)-(14940, 59)",b'output_string_adapter(StringType& s) noexcept'
typesense-main,../repos/typesense-main/include/json.hpp,"(16028, 85)-(16028, 93)",b'calc_bson_unsigned_size(const std::uint64_t v...'
typesense-main,../repos/typesense-main/include/json.hpp,"(16467, 81)-(16467, 89)","b'ubjson_prefix(const BasicJsonType& j, const b...'"
typesense-main,../repos/typesense-main/include/json.hpp,"(16758, 60)-(16758, 68)",b'to_char_type(std::uint8_t x) noexcept'
typesense-main,../repos/typesense-main/include/json.hpp,"(16765, 50)-(16765, 58)",b'to_char_type(std::uint8_t x) noexcept'
typesense-main,../repos/typesense-main/include/json.hpp,"(16776, 60)-(16776, 68)",b'to_char_type(std::uint8_t x) noexcept'
typesense-main,../repos/typesense-main/include/json.hpp,"(16787, 61)-(16787, 69)",b'to_char_type(InputCharType x) noexcept'
typesense-main,../repos/typesense-main/include/json.hpp,"(16895, 47)-(16895, 55)","b'diyfp(std::uint64_t f_, int e_) noexcept'"
typesense-main,../repos/typesense-main/include/json.hpp,"(16901, 54)-(16901, 62)","b'sub(const diyfp& x, const diyfp& y) noexcept'"
typesense-main,../repos/typesense-main/include/json.hpp,"(16913, 54)-(16913, 62)","b'mul(const diyfp& x, const diyfp& y) noexcept'"
typesense-main,../repos/typesense-main/include/json.hpp,"(16978, 37)-(16978, 45)",b'normalize(diyfp x) noexcept'
typesense-main,../repos/typesense-main/include/json.hpp,"(16995, 74)-(16995, 82)","b'normalize_to(const diyfp& x, const int target...'"
typesense-main,../repos/typesense-main/include/json.hpp,"(18832, 100)-(18832, 108)","b'decode(std::uint8_t& state, std::uint32_t& co...'"
typesense-main,../repos/typesense-main/include/json.hpp,"(18887, 62)-(18887, 70)",b'remove_sign(number_integer_t x) noexcept'
typesense-main,../repos/typesense-main/include/json.hpp,"(18974, 19)-(18974, 50)",b'ordered_map() noexcept(noexcept(Container()))'
typesense-main,../repos/typesense-main/include/json.hpp,"(18975, 50)-(18975, 86)",b'ordered_map(const Allocator& alloc) noexcept(...'
typesense-main,../repos/typesense-main/include/json.hpp,"(19671, 33)-(19671, 41)",b'json_value(boolean_t v) noexcept'
typesense-main,../repos/typesense-main/include/json.hpp,"(19673, 40)-(19673, 48)",b'json_value(number_integer_t v) noexcept'
typesense-main,../repos/typesense-main/include/json.hpp,"(19675, 41)-(19675, 49)",b'json_value(number_unsigned_t v) noexcept'
typesense-main,../repos/typesense-main/include/json.hpp,"(19677, 38)-(19677, 46)",b'json_value(number_float_t v) noexcept'
typesense-main,../repos/typesense-main/include/json.hpp,"(20049, 42)-(20049, 50)",b'basic_json(std::nullptr_t = nullptr) noexcept'
typesense-main,../repos/typesense-main/include/json.hpp,"(20061, 39)-(20063, 80)",b'basic_json(CompatibleType && val) noexcept(no...'
typesense-main,../repos/typesense-main/include/json.hpp,"(20440, 36)-(20440, 44)",b'basic_json(basic_json&& other) noexcept'
typesense-main,../repos/typesense-main/include/json.hpp,"(20457, 45)-(20463, 6)",b'operator=(basic_json other) noexcept (\n      ...'
typesense-main,../repos/typesense-main/include/json.hpp,"(20480, 19)-(20480, 27)",b'~basic_json() noexcept'
typesense-main,../repos/typesense-main/include/json.hpp,"(20520, 36)-(20520, 44)",b'type() const noexcept'
typesense-main,../repos/typesense-main/include/json.hpp,"(20527, 41)-(20527, 49)",b'is_primitive() const noexcept'
typesense-main,../repos/typesense-main/include/json.hpp,"(20534, 42)-(20534, 50)",b'is_structured() const noexcept'
typesense-main,../repos/typesense-main/include/json.hpp,"(20541, 36)-(20541, 44)",b'is_null() const noexcept'
typesense-main,../repos/typesense-main/include/json.hpp,"(20548, 39)-(20548, 47)",b'is_boolean() const noexcept'
typesense-main,../repos/typesense-main/include/json.hpp,"(20555, 38)-(20555, 46)",b'is_number() const noexcept'
typesense-main,../repos/typesense-main/include/json.hpp,"(20562, 46)-(20562, 54)",b'is_number_integer() const noexcept'
typesense-main,../repos/typesense-main/include/json.hpp,"(20569, 47)-(20569, 55)",b'is_number_unsigned() const noexcept'
typesense-main,../repos/typesense-main/include/json.hpp,"(20576, 44)-(20576, 52)",b'is_number_float() const noexcept'
typesense-main,../repos/typesense-main/include/json.hpp,"(20583, 38)-(20583, 46)",b'is_object() const noexcept'
typesense-main,../repos/typesense-main/include/json.hpp,"(20590, 37)-(20590, 45)",b'is_array() const noexcept'
typesense-main,../repos/typesense-main/include/json.hpp,"(20597, 38)-(20597, 46)",b'is_string() const noexcept'
typesense-main,../repos/typesense-main/include/json.hpp,"(20604, 38)-(20604, 46)",b'is_binary() const noexcept'
typesense-main,../repos/typesense-main/include/json.hpp,"(20611, 41)-(20611, 49)",b'is_discarded() const noexcept'
typesense-main,../repos/typesense-main/include/json.hpp,"(20618, 40)-(20618, 48)",b'() const noexcept'
typesense-main,../repos/typesense-main/include/json.hpp,"(21994, 22)-(21994, 30)",b'begin() noexcept'
typesense-main,../repos/typesense-main/include/json.hpp,"(22003, 34)-(22003, 42)",b'begin() const noexcept'
typesense-main,../repos/typesense-main/include/json.hpp,"(22010, 35)-(22010, 43)",b'cbegin() const noexcept'
typesense-main,../repos/typesense-main/include/json.hpp,"(22019, 20)-(22019, 28)",b'end() noexcept'
typesense-main,../repos/typesense-main/include/json.hpp,"(22028, 32)-(22028, 40)",b'end() const noexcept'
typesense-main,../repos/typesense-main/include/json.hpp,"(22035, 33)-(22035, 41)",b'cend() const noexcept'
typesense-main,../repos/typesense-main/include/json.hpp,"(22044, 31)-(22044, 39)",b'rbegin() noexcept'
typesense-main,../repos/typesense-main/include/json.hpp,"(22051, 43)-(22051, 51)",b'rbegin() const noexcept'
typesense-main,../repos/typesense-main/include/json.hpp,"(22058, 29)-(22058, 37)",b'rend() noexcept'
typesense-main,../repos/typesense-main/include/json.hpp,"(22065, 41)-(22065, 49)",b'rend() const noexcept'
typesense-main,../repos/typesense-main/include/json.hpp,"(22072, 44)-(22072, 52)",b'crbegin() const noexcept'
typesense-main,../repos/typesense-main/include/json.hpp,"(22079, 42)-(22079, 50)",b'crend() const noexcept'
typesense-main,../repos/typesense-main/include/json.hpp,"(22091, 70)-(22091, 78)",b'iterator_wrapper(reference ref) noexcept'
typesense-main,../repos/typesense-main/include/json.hpp,"(22102, 82)-(22102, 90)",b'iterator_wrapper(const_reference ref) noexcept'
typesense-main,../repos/typesense-main/include/json.hpp,"(22109, 39)-(22109, 47)",b'items() noexcept'
typesense-main,../repos/typesense-main/include/json.hpp,"(22116, 51)-(22116, 59)",b'items() const noexcept'
typesense-main,../repos/typesense-main/include/json.hpp,"(22132, 24)-(22132, 32)",b'empty() const noexcept'
typesense-main,../repos/typesense-main/include/json.hpp,"(22171, 28)-(22171, 36)",b'size() const noexcept'
typesense-main,../repos/typesense-main/include/json.hpp,"(22210, 32)-(22210, 40)",b'max_size() const noexcept'
typesense-main,../repos/typesense-main/include/json.hpp,"(22253, 18)-(22253, 26)",b'clear() noexcept'
typesense-main,../repos/typesense-main/include/json.hpp,"(22688, 32)-(22693, 6)",b'swap(reference other) noexcept (\n        std:...'
typesense-main,../repos/typesense-main/include/json.hpp,"(22705, 55)-(22710, 6)","b'swap(reference left, reference right) noexcep...'"
typesense-main,../repos/typesense-main/include/json.hpp,"(22899, 78)-(22899, 86)","b'compares_unordered(const_reference rhs, bool ...'"
typesense-main,../repos/typesense-main/include/json.hpp,"(22908, 48)-(22908, 56)",b'operator==(const_reference rhs) const noexcept'
typesense-main,../repos/typesense-main/include/json.hpp,"(22925, 43)-(22925, 51)",b'operator==(ScalarType rhs) const noexcept'
typesense-main,../repos/typesense-main/include/json.hpp,"(22932, 48)-(22932, 56)",b'operator!=(const_reference rhs) const noexcept'
typesense-main,../repos/typesense-main/include/json.hpp,"(22943, 66)-(22943, 74)",b'operator<=>(const_reference rhs) const noexcept'
typesense-main,../repos/typesense-main/include/json.hpp,"(22958, 61)-(22958, 69)",b'operator<=>(ScalarType rhs) const noexcept'
typesense-main,../repos/typesense-main/include/json.hpp,"(22970, 48)-(22970, 56)",b'operator<=(const_reference rhs) const noexcept'
typesense-main,../repos/typesense-main/include/json.hpp,"(22983, 43)-(22983, 51)",b'operator<=(ScalarType rhs) const noexcept'
typesense-main,../repos/typesense-main/include/json.hpp,"(22991, 48)-(22991, 56)",b'operator>=(const_reference rhs) const noexcept'
typesense-main,../repos/typesense-main/include/json.hpp,"(23004, 43)-(23004, 51)",b'operator>=(ScalarType rhs) const noexcept'
typesense-main,../repos/typesense-main/include/json.hpp,"(23012, 70)-(23012, 78)","b'operator==(const_reference lhs, const_referen...'"
typesense-main,../repos/typesense-main/include/json.hpp,"(23028, 65)-(23028, 73)","b'operator==(const_reference lhs, ScalarType rh...'"
typesense-main,../repos/typesense-main/include/json.hpp,"(23037, 65)-(23037, 73)","b'operator==(ScalarType lhs, const_reference rh...'"
typesense-main,../repos/typesense-main/include/json.hpp,"(23044, 70)-(23044, 78)","b'operator!=(const_reference lhs, const_referen...'"
typesense-main,../repos/typesense-main/include/json.hpp,"(23057, 65)-(23057, 73)","b'operator!=(const_reference lhs, ScalarType rh...'"
typesense-main,../repos/typesense-main/include/json.hpp,"(23066, 65)-(23066, 73)","b'operator!=(ScalarType lhs, const_reference rh...'"
typesense-main,../repos/typesense-main/include/json.hpp,"(23073, 69)-(23073, 77)","b'operator<(const_reference lhs, const_referenc...'"
typesense-main,../repos/typesense-main/include/json.hpp,"(23085, 64)-(23085, 72)","b'operator<(const_reference lhs, ScalarType rhs...'"
typesense-main,../repos/typesense-main/include/json.hpp,"(23094, 64)-(23094, 72)","b'operator<(ScalarType lhs, const_reference rhs...'"
typesense-main,../repos/typesense-main/include/json.hpp,"(23101, 70)-(23101, 78)","b'operator<=(const_reference lhs, const_referen...'"
typesense-main,../repos/typesense-main/include/json.hpp,"(23114, 65)-(23114, 73)","b'operator<=(const_reference lhs, ScalarType rh...'"
typesense-main,../repos/typesense-main/include/json.hpp,"(23123, 65)-(23123, 73)","b'operator<=(ScalarType lhs, const_reference rh...'"
typesense-main,../repos/typesense-main/include/json.hpp,"(23130, 69)-(23130, 77)","b'operator>(const_reference lhs, const_referenc...'"
typesense-main,../repos/typesense-main/include/json.hpp,"(23144, 64)-(23144, 72)","b'operator>(const_reference lhs, ScalarType rhs...'"
typesense-main,../repos/typesense-main/include/json.hpp,"(23153, 64)-(23153, 72)","b'operator>(ScalarType lhs, const_reference rhs...'"
typesense-main,../repos/typesense-main/include/json.hpp,"(23160, 70)-(23160, 78)","b'operator>=(const_reference lhs, const_referen...'"
typesense-main,../repos/typesense-main/include/json.hpp,"(23173, 65)-(23173, 73)","b'operator>=(const_reference lhs, ScalarType rh...'"
typesense-main,../repos/typesense-main/include/json.hpp,"(23182, 65)-(23182, 73)","b'operator>=(ScalarType lhs, const_reference rh...'"
typesense-main,../repos/typesense-main/include/json.hpp,"(23384, 35)-(23384, 43)",b'type_name() const noexcept'
typesense-main,../repos/typesense-main/include/json.hpp,"(23434, 16)-(23434, 24)",b'data() noexcept'
typesense-main,../repos/typesense-main/include/json.hpp,"(23435, 22)-(23435, 30)",b'data(data&&) noexcept'
typesense-main,../repos/typesense-main/include/json.hpp,"(23436, 27)-(23436, 35)",b'data(const data&) noexcept'
typesense-main,../repos/typesense-main/include/json.hpp,"(23437, 33)-(23437, 41)",b'operator=(data&&) noexcept'
typesense-main,../repos/typesense-main/include/json.hpp,"(23440, 17)-(23440, 25)",b'~data() noexcept'
typesense-main,../repos/typesense-main/include/json.hpp,"(24445, 60)-(24445, 68)","b'operator()(::nlohmann::detail::value_t lhs,\n ...'"
typesense-main,../repos/typesense-main/include/json.hpp,"(24461, 96)-(24463, 74)","b'swap(nlohmann::NLOHMANN_BASIC_JSON_TPL& j1, n...'"
typesense-main,../repos/typesense-main/include/magic_enum.hpp,"(141, 44)-(141, 52)",b'enum_name(E) noexcept'
typesense-main,../repos/typesense-main/include/magic_enum.hpp,"(160, 65)-(160, 73)","b'operator()(char lhs, char rhs) const noexcept'"
typesense-main,../repos/typesense-main/include/magic_enum.hpp,"(168, 63)-(168, 71)",b'static_string(string_view str) noexcept'
typesense-main,../repos/typesense-main/include/magic_enum.hpp,"(172, 48)-(172, 56)",b'data() const noexcept'
typesense-main,../repos/typesense-main/include/magic_enum.hpp,"(174, 48)-(174, 56)",b'size() const noexcept'
typesense-main,../repos/typesense-main/include/magic_enum.hpp,"(176, 52)-(176, 60)",b'() const noexcept'
typesense-main,../repos/typesense-main/include/magic_enum.hpp,"(180, 81)-(180, 89)","b'static_string(string_view str, std::index_seq...'"
typesense-main,../repos/typesense-main/include/magic_enum.hpp,"(188, 59)-(188, 67)",b'static_string(string_view) noexcept'
typesense-main,../repos/typesense-main/include/magic_enum.hpp,"(190, 48)-(190, 56)",b'data() const noexcept'
typesense-main,../repos/typesense-main/include/magic_enum.hpp,"(192, 48)-(192, 56)",b'size() const noexcept'
typesense-main,../repos/typesense-main/include/magic_enum.hpp,"(194, 52)-(194, 60)",b'() const noexcept'
typesense-main,../repos/typesense-main/include/magic_enum.hpp,"(197, 61)-(197, 69)",b'pretty_name(string_view name) noexcept'
typesense-main,../repos/typesense-main/include/magic_enum.hpp,"(217, 61)-(217, 69)","b'find(string_view str, char c) noexcept'"
typesense-main,../repos/typesense-main/include/magic_enum.hpp,"(239, 89)-(239, 163)","b'cmp_equal(string_view lhs, string_view rhs, B...'"
typesense-main,../repos/typesense-main/include/magic_enum.hpp,"(269, 47)-(269, 55)","b'cmp_less(L lhs, R rhs) noexcept'"
typesense-main,../repos/typesense-main/include/magic_enum.hpp,"(285, 35)-(285, 43)",b'log2(I value) noexcept'
typesense-main,../repos/typesense-main/include/magic_enum.hpp,"(295, 37)-(295, 45)",b'is_pow2(I x) noexcept'
typesense-main,../repos/typesense-main/include/magic_enum.hpp,"(305, 28)-(305, 36)",b'n() noexcept'
typesense-main,../repos/typesense-main/include/magic_enum.hpp,"(325, 28)-(325, 36)",b'n() noexcept'
typesense-main,../repos/typesense-main/include/magic_enum.hpp,"(350, 35)-(350, 43)",b'is_valid() noexcept'
typesense-main,../repos/typesense-main/include/magic_enum.hpp,"(357, 39)-(357, 47)",b'reflected_min() noexcept'
typesense-main,../repos/typesense-main/include/magic_enum.hpp,"(376, 39)-(376, 47)",b'reflected_max() noexcept'
typesense-main,../repos/typesense-main/include/magic_enum.hpp,"(401, 42)-(401, 50)",b'value(std::size_t i) noexcept'
typesense-main,../repos/typesense-main/include/magic_enum.hpp,"(412, 78)-(412, 86)","b'values_count(const std::array<bool, N>& valid...'"
typesense-main,../repos/typesense-main/include/magic_enum.hpp,"(424, 58)-(424, 66)",b'values(std::index_sequence<I...>) noexcept'
typesense-main,../repos/typesense-main/include/magic_enum.hpp,"(440, 33)-(440, 41)",b'values() noexcept'
typesense-main,../repos/typesense-main/include/magic_enum.hpp,"(473, 44)-(473, 52)",b'range_size() noexcept'
typesense-main,../repos/typesense-main/include/magic_enum.hpp,"(494, 59)-(494, 67)",b'indexes(std::index_sequence<I...>) noexcept'
typesense-main,../repos/typesense-main/include/magic_enum.hpp,"(506, 57)-(506, 65)",b'names(std::index_sequence<I...>) noexcept'
typesense-main,../repos/typesense-main/include/magic_enum.hpp,"(519, 59)-(519, 67)",b'entries(std::index_sequence<I...>) noexcept'
typesense-main,../repos/typesense-main/include/magic_enum.hpp,"(532, 36)-(532, 44)",b'is_sparse() noexcept'
typesense-main,../repos/typesense-main/include/magic_enum.hpp,"(542, 46)-(542, 54)",b'undex(U value) noexcept'
typesense-main,../repos/typesense-main/include/magic_enum.hpp,"(559, 46)-(559, 54)",b'endex(E value) noexcept'
typesense-main,../repos/typesense-main/include/magic_enum.hpp,"(566, 33)-(566, 41)",b'value_ors() noexcept'
typesense-main,../repos/typesense-main/include/magic_enum.hpp,"(645, 51)-(645, 59)",b'enum_type_name() noexcept -> detail::enable_i...'
typesense-main,../repos/typesense-main/include/magic_enum.hpp,"(655, 47)-(655, 55)",b'enum_count() noexcept -> detail::enable_if_en...'
typesense-main,../repos/typesense-main/include/magic_enum.hpp,"(664, 64)-(664, 72)",b'enum_value(std::size_t index) noexcept -> det...'
typesense-main,../repos/typesense-main/include/magic_enum.hpp,"(677, 48)-(677, 56)",b'enum_values() noexcept -> detail::enable_if_e...'
typesense-main,../repos/typesense-main/include/magic_enum.hpp,"(687, 46)-(687, 54)",b'enum_name() noexcept -> detail::enable_if_enu...'
typesense-main,../repos/typesense-main/include/magic_enum.hpp,"(698, 53)-(698, 61)",b'enum_name(E value) noexcept -> detail::enable...'
typesense-main,../repos/typesense-main/include/magic_enum.hpp,"(710, 47)-(710, 55)",b'enum_names() noexcept -> detail::enable_if_en...'
typesense-main,../repos/typesense-main/include/magic_enum.hpp,"(719, 49)-(719, 57)",b'enum_entries() noexcept -> detail::enable_if_...'
typesense-main,../repos/typesense-main/include/magic_enum.hpp,"(729, 72)-(729, 80)",b'enum_cast(underlying_type_t<E> value) noexcep...'
typesense-main,../repos/typesense-main/include/magic_enum.hpp,"(742, 82)-(742, 156)","b'enum_cast(string_view value, BinaryPredicate ...'"
typesense-main,../repos/typesense-main/include/magic_enum.hpp,"(758, 63)-(758, 71)",b'enum_cast(string_view value) noexcept -> deta...'
typesense-main,../repos/typesense-main/include/magic_enum.hpp,"(766, 56)-(766, 64)",b'enum_integer(E value) noexcept -> detail::ena...'
typesense-main,../repos/typesense-main/include/magic_enum.hpp,"(773, 54)-(773, 62)",b'enum_index(E value) noexcept -> detail::enabl...'
typesense-main,../repos/typesense-main/include/magic_enum.hpp,"(785, 57)-(785, 65)",b'enum_contains(E value) noexcept -> detail::en...'
typesense-main,../repos/typesense-main/include/magic_enum.hpp,"(793, 76)-(793, 84)",b'enum_contains(underlying_type_t<E> value) noe...'
typesense-main,../repos/typesense-main/include/magic_enum.hpp,"(801, 86)-(801, 160)","b'enum_contains(string_view value, BinaryPredic...'"
typesense-main,../repos/typesense-main/include/magic_enum.hpp,"(810, 67)-(810, 75)",b'enum_contains(string_view value) noexcept -> ...'
typesense-main,../repos/typesense-main/include/magic_enum.hpp,"(843, 38)-(843, 46)",b'operator~(E rhs) noexcept'
typesense-main,../repos/typesense-main/include/magic_enum.hpp,"(848, 45)-(848, 53)","b'operator|(E lhs, E rhs) noexcept'"
typesense-main,../repos/typesense-main/include/magic_enum.hpp,"(853, 45)-(853, 53)","b'operator&(E lhs, E rhs) noexcept'"
typesense-main,../repos/typesense-main/include/magic_enum.hpp,"(858, 45)-(858, 53)","b'operator^(E lhs, E rhs) noexcept'"
typesense-main,../repos/typesense-main/include/magic_enum.hpp,"(863, 48)-(863, 56)","b'operator|=(E& lhs, E rhs) noexcept'"
typesense-main,../repos/typesense-main/include/magic_enum.hpp,"(868, 48)-(868, 56)","b'operator&=(E& lhs, E rhs) noexcept'"
typesense-main,../repos/typesense-main/include/magic_enum.hpp,"(873, 48)-(873, 56)","b'operator^=(E& lhs, E rhs) noexcept'"
typesense-main,../repos/typesense-main/include/magic_enum.hpp,"(886, 51)-(886, 59)",b'enum_count() noexcept -> detail::enable_if_en...'
typesense-main,../repos/typesense-main/include/magic_enum.hpp,"(895, 68)-(895, 76)",b'enum_value(std::size_t index) noexcept -> det...'
typesense-main,../repos/typesense-main/include/magic_enum.hpp,"(910, 52)-(910, 60)",b'enum_values() noexcept -> detail::enable_if_e...'
typesense-main,../repos/typesense-main/include/magic_enum.hpp,"(946, 51)-(946, 59)",b'enum_names() noexcept -> detail::enable_if_en...'
typesense-main,../repos/typesense-main/include/magic_enum.hpp,"(955, 53)-(955, 61)",b'enum_entries() noexcept -> detail::enable_if_...'
typesense-main,../repos/typesense-main/include/magic_enum.hpp,"(965, 76)-(965, 84)",b'enum_cast(underlying_type_t<E> value) noexcep...'
typesense-main,../repos/typesense-main/include/magic_enum.hpp,"(995, 86)-(995, 160)","b'enum_cast(string_view value, BinaryPredicate ...'"
typesense-main,../repos/typesense-main/include/magic_enum.hpp,"(1028, 67)-(1028, 75)",b'enum_cast(string_view value) noexcept -> deta...'
typesense-main,../repos/typesense-main/include/magic_enum.hpp,"(1040, 58)-(1040, 66)",b'enum_index(E value) noexcept -> detail::enabl...'
typesense-main,../repos/typesense-main/include/magic_enum.hpp,"(1057, 61)-(1057, 69)",b'enum_contains(E value) noexcept -> detail::en...'
typesense-main,../repos/typesense-main/include/magic_enum.hpp,"(1066, 80)-(1066, 88)",b'enum_contains(underlying_type_t<E> value) noe...'
typesense-main,../repos/typesense-main/include/magic_enum.hpp,"(1074, 90)-(1074, 164)","b'enum_contains(string_view value, BinaryPredic...'"
typesense-main,../repos/typesense-main/include/magic_enum.hpp,"(1083, 71)-(1083, 79)",b'enum_contains(string_view value) noexcept -> ...'
typesense-main,../repos/typesense-main/include/numeric_range_trie.h,"(125, 49)-(125, 57)",b'operator=(iterator_t&& obj) noexcept'
typesense-main,../repos/typesense-main/include/numeric_range_trie_test.h,"(114, 49)-(114, 57)",b'operator=(iterator_t&& obj) noexcept'
typesense-main,../repos/typesense-main/include/option.h,"(34, 37)-(34, 45)",b'operator=(Option&& obj) noexcept'
typesense-main,../repos/typesense-main/include/or_iterator.h,"(20, 40)-(20, 48)",b'or_iterator_t(or_iterator_t&& rhs) noexcept'
typesense-main,../repos/typesense-main/include/or_iterator.h,"(21, 51)-(21, 59)",b'operator=(or_iterator_t&& rhs) noexcept'
typesense-main,../repos/typesense-main/include/or_iterator.h,"(22, 22)-(22, 30)",b'~or_iterator_t() noexcept'
typesense-main,../repos/typesense-main/include/posting_list.h,"(97, 38)-(97, 46)",b'iterator_t(iterator_t&& rhs) noexcept'
typesense-main,../repos/typesense-main/include/posting_list.h,"(98, 49)-(98, 57)",b'operator=(iterator_t&& rhs) noexcept'
typesense-main,../repos/typesense-main/include/timsort.hpp,"(83, 55)-(83, 63)",b'operator()(T&& value) const noexcept'
typesense-main,../repos/typesense-main/include/topster.h,"(45, 17)-(45, 25)",b'KV(KV&& kv) noexcept'
typesense-main,../repos/typesense-main/include/topster.h,"(62, 28)-(62, 36)",b'operator=(KV&& kv) noexcept'
typesense-main,../repos/typesense-main/include/topster.h,"(87, 27)-(87, 35)",b'operator=(KV& kv) noexcept'
typesense-main,../repos/typesense-main/include/tsl/array-hash/array_growth_policy.h,"(76, 55)-(76, 63)",b'bucket_for_hash(std::size_t hash) const noexcept'
typesense-main,../repos/typesense-main/include/tsl/array-hash/array_growth_policy.h,"(104, 16)-(104, 24)",b'clear() noexcept'
typesense-main,../repos/typesense-main/include/tsl/array-hash/array_growth_policy.h,"(155, 55)-(155, 63)",b'bucket_for_hash(std::size_t hash) const noexcept'
typesense-main,../repos/typesense-main/include/tsl/array-hash/array_growth_policy.h,"(179, 16)-(179, 24)",b'clear() noexcept'
typesense-main,../repos/typesense-main/include/tsl/array-hash/array_growth_policy.h,"(269, 55)-(269, 63)",b'bucket_for_hash(std::size_t hash) const noexcept'
typesense-main,../repos/typesense-main/include/tsl/array-hash/array_growth_policy.h,"(283, 16)-(283, 24)",b'clear() noexcept'
typesense-main,../repos/typesense-main/include/tsl/array-hash/array_hash.h,"(224, 47)-(224, 55)",b'sizeof_in_buff() noexcept'
typesense-main,../repos/typesense-main/include/tsl/array-hash/array_hash.h,"(238, 47)-(238, 55)",b'size_as_char_t() noexcept'
typesense-main,../repos/typesense-main/include/tsl/array-hash/array_hash.h,"(242, 59)-(242, 67)",b'read_key_size(const CharT* buffer) noexcept'
typesense-main,../repos/typesense-main/include/tsl/array-hash/array_hash.h,"(249, 54)-(249, 62)",b'read_value(const CharT* buffer) noexcept'
typesense-main,../repos/typesense-main/include/tsl/array-hash/array_hash.h,"(256, 53)-(256, 61)",b'is_end_of_bucket(const CharT* buffer) noexcept'
typesense-main,../repos/typesense-main/include/tsl/array-hash/array_hash.h,"(266, 61)-(266, 69)",b'entry_required_bytes(size_type key_size) noexcept'
typesense-main,../repos/typesense-main/include/tsl/array-hash/array_hash.h,"(273, 61)-(273, 69)",b'entry_required_bytes(size_type key_size) noexcept'
typesense-main,../repos/typesense-main/include/tsl/array-hash/array_hash.h,"(283, 58)-(283, 66)",b'entry_size_bytes(const CharT* buffer) noexcept'
typesense-main,../repos/typesense-main/include/tsl/array-hash/array_hash.h,"(295, 59)-(295, 67)",b'array_bucket_iterator(buffer_type* position) ...'
typesense-main,../repos/typesense-main/include/tsl/array-hash/array_hash.h,"(306, 29)-(306, 37)",b'array_bucket_iterator() noexcept'
typesense-main,../repos/typesense-main/include/tsl/array-hash/array_hash.h,"(324, 29)-(324, 37)",b'set_value(U value) noexcept'
typesense-main,../repos/typesense-main/include/tsl/array-hash/array_hash.h,"(360, 28)-(360, 36)",b'end_it() noexcept'
typesense-main,../repos/typesense-main/include/tsl/array-hash/array_hash.h,"(362, 35)-(362, 43)",b'cend_it() noexcept'
typesense-main,../repos/typesense-main/include/tsl/array-hash/array_hash.h,"(408, 38)-(408, 46)",b'array_bucket(array_bucket&& other) noexcept'
typesense-main,../repos/typesense-main/include/tsl/array-hash/array_hash.h,"(412, 47)-(412, 55)",b'operator=(array_bucket other) noexcept'
typesense-main,../repos/typesense-main/include/tsl/array-hash/array_hash.h,"(418, 34)-(418, 42)",b'swap(array_bucket& other) noexcept'
typesense-main,../repos/typesense-main/include/tsl/array-hash/array_hash.h,"(422, 20)-(422, 28)",b'begin() noexcept'
typesense-main,../repos/typesense-main/include/tsl/array-hash/array_hash.h,"(423, 18)-(423, 26)",b'end() noexcept'
typesense-main,../repos/typesense-main/include/tsl/array-hash/array_hash.h,"(424, 32)-(424, 40)",b'begin() const noexcept'
typesense-main,../repos/typesense-main/include/tsl/array-hash/array_hash.h,"(425, 30)-(425, 38)",b'end() const noexcept'
typesense-main,../repos/typesense-main/include/tsl/array-hash/array_hash.h,"(426, 33)-(426, 41)",b'cbegin() const noexcept'
typesense-main,../repos/typesense-main/include/tsl/array-hash/array_hash.h,"(427, 31)-(427, 39)",b'cend() const noexcept'
typesense-main,../repos/typesense-main/include/tsl/array-hash/array_hash.h,"(438, 51)-(438, 59)",b'find_or_end_of_bucket(\n      const CharT* key...'
typesense-main,../repos/typesense-main/include/tsl/array-hash/array_hash.h,"(502, 49)-(502, 57)",b'erase(const_iterator position) noexcept'
typesense-main,../repos/typesense-main/include/tsl/array-hash/array_hash.h,"(534, 52)-(534, 60)","b'erase(const CharT* key, size_type key_size) n...'"
typesense-main,../repos/typesense-main/include/tsl/array-hash/array_hash.h,"(557, 65)-(557, 73)",b'append_in_reserved_bucket_no_check(const Char...'
typesense-main,../repos/typesense-main/include/tsl/array-hash/array_hash.h,"(567, 22)-(567, 30)",b'empty() const noexcept'
typesense-main,../repos/typesense-main/include/tsl/array-hash/array_hash.h,"(571, 16)-(571, 24)",b'clear() noexcept'
typesense-main,../repos/typesense-main/include/tsl/array-hash/array_hash.h,"(576, 49)-(576, 57)",b'mutable_iterator(const_iterator pos) noexcept'
typesense-main,../repos/typesense-main/include/tsl/array-hash/array_hash.h,"(636, 7)-(636, 15)","b'find_or_end_of_bucket_impl(const CharT* key, ...'"
typesense-main,../repos/typesense-main/include/tsl/array-hash/array_hash.h,"(654, 46)-(654, 54)","b'append_impl(const CharT* key, key_size_type k...'"
typesense-main,../repos/typesense-main/include/tsl/array-hash/array_hash.h,"(674, 70)-(674, 78)","b'append_impl(\n      const CharT* key, key_size...'"
typesense-main,../repos/typesense-main/include/tsl/array-hash/array_hash.h,"(697, 26)-(697, 34)",b'size() const noexcept'
typesense-main,../repos/typesense-main/include/tsl/array-hash/array_hash.h,"(727, 16)-(727, 24)",b'clear() noexcept'
typesense-main,../repos/typesense-main/include/tsl/array-hash/array_hash.h,"(747, 16)-(747, 24)",b'clear() noexcept'
typesense-main,../repos/typesense-main/include/tsl/array-hash/array_hash.h,"(835, 54)-(835, 62)",b'array_hash_iterator(iterator_buckets buckets_...'
typesense-main,../repos/typesense-main/include/tsl/array-hash/array_hash.h,"(843, 27)-(843, 35)",b'array_hash_iterator() noexcept'
typesense-main,../repos/typesense-main/include/tsl/array-hash/array_hash.h,"(847, 70)-(847, 78)",b'array_hash_iterator(const array_hash_iterator...'
typesense-main,../repos/typesense-main/include/tsl/array-hash/array_hash.h,"(963, 34)-(968, 57)",b'array_hash(array_hash&& other) noexcept(\n    ...'
typesense-main,../repos/typesense-main/include/tsl/array-hash/array_hash.h,"(1013, 20)-(1013, 28)",b'begin() noexcept'
typesense-main,../repos/typesense-main/include/tsl/array-hash/array_hash.h,"(1024, 32)-(1024, 40)",b'begin() const noexcept'
typesense-main,../repos/typesense-main/include/tsl/array-hash/array_hash.h,"(1026, 33)-(1026, 41)",b'cbegin() const noexcept'
typesense-main,../repos/typesense-main/include/tsl/array-hash/array_hash.h,"(1037, 18)-(1037, 26)",b'end() noexcept'
typesense-main,../repos/typesense-main/include/tsl/array-hash/array_hash.h,"(1041, 30)-(1041, 38)",b'end() const noexcept'
typesense-main,../repos/typesense-main/include/tsl/array-hash/array_hash.h,"(1043, 31)-(1043, 39)",b'cend() const noexcept'
typesense-main,../repos/typesense-main/include/tsl/array-hash/array_hash.h,"(1050, 22)-(1050, 30)",b'empty() const noexcept'
typesense-main,../repos/typesense-main/include/tsl/array-hash/array_hash.h,"(1052, 26)-(1052, 34)",b'size() const noexcept'
typesense-main,../repos/typesense-main/include/tsl/array-hash/array_hash.h,"(1054, 30)-(1054, 38)",b'max_size() const noexcept'
typesense-main,../repos/typesense-main/include/tsl/array-hash/array_hash.h,"(1058, 34)-(1058, 42)",b'max_key_size() const noexcept'
typesense-main,../repos/typesense-main/include/tsl/array-hash/array_hash.h,"(1070, 16)-(1070, 24)",b'clear() noexcept'
typesense-main,../repos/typesense-main/include/tsl/array-hash/array_hash.h,"(1362, 48)-(1362, 56)",b'mutable_iterator(const_iterator it) noexcept'
typesense-main,../repos/typesense-main/include/tsl/array-hash/array_hash.h,"(1394, 44)-(1394, 52)",b'erase_from_bucket(iterator pos) noexcept'
typesense-main,../repos/typesense-main/include/tsl/array-hash/array_map.h,"(150, 20)-(150, 28)",b'begin() noexcept'
typesense-main,../repos/typesense-main/include/tsl/array-hash/array_map.h,"(151, 32)-(151, 40)",b'begin() const noexcept'
typesense-main,../repos/typesense-main/include/tsl/array-hash/array_map.h,"(152, 33)-(152, 41)",b'cbegin() const noexcept'
typesense-main,../repos/typesense-main/include/tsl/array-hash/array_map.h,"(154, 18)-(154, 26)",b'end() noexcept'
typesense-main,../repos/typesense-main/include/tsl/array-hash/array_map.h,"(155, 30)-(155, 38)",b'end() const noexcept'
typesense-main,../repos/typesense-main/include/tsl/array-hash/array_map.h,"(156, 31)-(156, 39)",b'cend() const noexcept'
typesense-main,../repos/typesense-main/include/tsl/array-hash/array_map.h,"(161, 22)-(161, 30)",b'empty() const noexcept'
typesense-main,../repos/typesense-main/include/tsl/array-hash/array_map.h,"(162, 26)-(162, 34)",b'size() const noexcept'
typesense-main,../repos/typesense-main/include/tsl/array-hash/array_map.h,"(163, 30)-(163, 38)",b'max_size() const noexcept'
typesense-main,../repos/typesense-main/include/tsl/array-hash/array_map.h,"(164, 34)-(164, 42)",b'max_key_size() const noexcept'
typesense-main,../repos/typesense-main/include/tsl/array-hash/array_map.h,"(170, 16)-(170, 24)",b'clear() noexcept'
typesense-main,../repos/typesense-main/include/tsl/array-hash/array_map.h,"(818, 48)-(818, 56)",b'mutable_iterator(const_iterator it) noexcept'
typesense-main,../repos/typesense-main/include/tsl/array-hash/array_set.h,"(142, 20)-(142, 28)",b'begin() noexcept'
typesense-main,../repos/typesense-main/include/tsl/array-hash/array_set.h,"(143, 32)-(143, 40)",b'begin() const noexcept'
typesense-main,../repos/typesense-main/include/tsl/array-hash/array_set.h,"(144, 33)-(144, 41)",b'cbegin() const noexcept'
typesense-main,../repos/typesense-main/include/tsl/array-hash/array_set.h,"(146, 18)-(146, 26)",b'end() noexcept'
typesense-main,../repos/typesense-main/include/tsl/array-hash/array_set.h,"(147, 30)-(147, 38)",b'end() const noexcept'
typesense-main,../repos/typesense-main/include/tsl/array-hash/array_set.h,"(148, 31)-(148, 39)",b'cend() const noexcept'
typesense-main,../repos/typesense-main/include/tsl/array-hash/array_set.h,"(153, 22)-(153, 30)",b'empty() const noexcept'
typesense-main,../repos/typesense-main/include/tsl/array-hash/array_set.h,"(154, 26)-(154, 34)",b'size() const noexcept'
typesense-main,../repos/typesense-main/include/tsl/array-hash/array_set.h,"(155, 30)-(155, 38)",b'max_size() const noexcept'
typesense-main,../repos/typesense-main/include/tsl/array-hash/array_set.h,"(156, 34)-(156, 42)",b'max_key_size() const noexcept'
typesense-main,../repos/typesense-main/include/tsl/array-hash/array_set.h,"(162, 16)-(162, 24)",b'clear() noexcept'
typesense-main,../repos/typesense-main/include/tsl/array-hash/array_set.h,"(617, 48)-(617, 56)",b'mutable_iterator(const_iterator it) noexcept'
typesense-main,../repos/typesense-main/include/tsl/htrie_hash.h,"(203, 31)-(203, 39)",b'is_trie_node() const noexcept'
typesense-main,../repos/typesense-main/include/tsl/htrie_hash.h,"(207, 31)-(207, 39)",b'is_hash_node() const noexcept'
typesense-main,../repos/typesense-main/include/tsl/htrie_hash.h,"(211, 31)-(211, 39)",b'as_trie_node() noexcept'
typesense-main,../repos/typesense-main/include/tsl/htrie_hash.h,"(216, 31)-(216, 39)",b'as_hash_node() noexcept'
typesense-main,../repos/typesense-main/include/tsl/htrie_hash.h,"(221, 43)-(221, 51)",b'as_trie_node() const noexcept'
typesense-main,../repos/typesense-main/include/tsl/htrie_hash.h,"(226, 43)-(226, 51)",b'as_hash_node() const noexcept'
typesense-main,../repos/typesense-main/include/tsl/htrie_hash.h,"(234, 33)-(234, 41)",b'child_of_char() const noexcept'
typesense-main,../repos/typesense-main/include/tsl/htrie_hash.h,"(242, 25)-(242, 33)",b'parent() noexcept'
typesense-main,../repos/typesense-main/include/tsl/htrie_hash.h,"(244, 37)-(244, 45)",b'parent() const noexcept'
typesense-main,../repos/typesense-main/include/tsl/htrie_hash.h,"(281, 43)-(281, 51)",b'as_position(CharT c) noexcept'
typesense-main,../repos/typesense-main/include/tsl/htrie_hash.h,"(324, 26)-(324, 34)",b'first_child() noexcept'
typesense-main,../repos/typesense-main/include/tsl/htrie_hash.h,"(329, 38)-(329, 46)",b'first_child() const noexcept'
typesense-main,../repos/typesense-main/include/tsl/htrie_hash.h,"(343, 51)-(343, 59)",b'next_child(const anode& current_child) noexcept'
typesense-main,../repos/typesense-main/include/tsl/htrie_hash.h,"(348, 63)-(348, 71)",b'next_child(const anode& current_child) const ...'
typesense-main,../repos/typesense-main/include/tsl/htrie_hash.h,"(365, 55)-(365, 63)",b'most_left_descendant_value_trie_node() noexcept'
typesense-main,../repos/typesense-main/include/tsl/htrie_hash.h,"(371, 67)-(371, 75)",b'most_left_descendant_value_trie_node() const ...'
typesense-main,../repos/typesense-main/include/tsl/htrie_hash.h,"(390, 35)-(390, 43)",b'nb_children() const noexcept'
typesense-main,../repos/typesense-main/include/tsl/htrie_hash.h,"(396, 24)-(396, 32)",b'empty() const noexcept'
typesense-main,../repos/typesense-main/include/tsl/htrie_hash.h,"(402, 51)-(402, 59)",b'child(CharT for_char) noexcept'
typesense-main,../repos/typesense-main/include/tsl/htrie_hash.h,"(406, 63)-(406, 71)",b'child(CharT for_char) const noexcept'
typesense-main,../repos/typesense-main/include/tsl/htrie_hash.h,"(411, 13)-(411, 21)",b'begin() noexcept'
typesense-main,../repos/typesense-main/include/tsl/htrie_hash.h,"(416, 11)-(416, 19)",b'end() noexcept'
typesense-main,../repos/typesense-main/include/tsl/htrie_hash.h,"(420, 66)-(420, 74)","b'set_child(CharT for_char, std::unique_ptr<ano...'"
typesense-main,../repos/typesense-main/include/tsl/htrie_hash.h,"(429, 45)-(429, 53)",b'val_node() noexcept'
typesense-main,../repos/typesense-main/include/tsl/htrie_hash.h,"(431, 57)-(431, 65)",b'val_node() const noexcept'
typesense-main,../repos/typesense-main/include/tsl/htrie_hash.h,"(464, 45)-(465, 68)",b'hash_node(array_hash_type&& array_hash) noexc...'
typesense-main,../repos/typesense-main/include/tsl/htrie_hash.h,"(475, 35)-(475, 43)",b'array_hash() noexcept'
typesense-main,../repos/typesense-main/include/tsl/htrie_hash.h,"(477, 47)-(477, 55)",b'array_hash() const noexcept'
typesense-main,../repos/typesense-main/include/tsl/htrie_hash.h,"(520, 58)-(520, 66)",b'htrie_hash_iterator(hash_node_type& start_has...'
typesense-main,../repos/typesense-main/include/tsl/htrie_hash.h,"(528, 57)-(528, 65)",b'htrie_hash_iterator(hash_node_type& start_has...'
typesense-main,../repos/typesense-main/include/tsl/htrie_hash.h,"(541, 58)-(541, 66)",b'htrie_hash_iterator(trie_node_type& start_tri...'
typesense-main,../repos/typesense-main/include/tsl/htrie_hash.h,"(553, 52)-(553, 60)","b'htrie_hash_iterator(trie_node_type* tnode, ha...'"
typesense-main,../repos/typesense-main/include/tsl/htrie_hash.h,"(565, 65)-(565, 73)","b'htrie_hash_iterator(trie_node_type* tnode, ha...'"
typesense-main,../repos/typesense-main/include/tsl/htrie_hash.h,"(574, 27)-(574, 35)",b'htrie_hash_iterator() noexcept'
typesense-main,../repos/typesense-main/include/tsl/htrie_hash.h,"(582, 73)-(582, 81)",b'htrie_hash_iterator(\n        const htrie_hash...'
typesense-main,../repos/typesense-main/include/tsl/htrie_hash.h,"(594, 73)-(594, 81)",b'htrie_hash_iterator(\n        const htrie_hash...'
typesense-main,../repos/typesense-main/include/tsl/htrie_hash.h,"(881, 34)-(882, 55)",b'htrie_hash(htrie_hash&& other) noexcept(\n    ...'
typesense-main,../repos/typesense-main/include/tsl/htrie_hash.h,"(922, 20)-(922, 28)",b'begin() noexcept'
typesense-main,../repos/typesense-main/include/tsl/htrie_hash.h,"(924, 32)-(924, 40)",b'begin() const noexcept'
typesense-main,../repos/typesense-main/include/tsl/htrie_hash.h,"(926, 33)-(926, 41)",b'cbegin() const noexcept'
typesense-main,../repos/typesense-main/include/tsl/htrie_hash.h,"(934, 18)-(934, 26)",b'end() noexcept'
typesense-main,../repos/typesense-main/include/tsl/htrie_hash.h,"(941, 30)-(941, 38)",b'end() const noexcept'
typesense-main,../repos/typesense-main/include/tsl/htrie_hash.h,"(943, 31)-(943, 39)",b'cend() const noexcept'
typesense-main,../repos/typesense-main/include/tsl/htrie_hash.h,"(953, 22)-(953, 30)",b'empty() const noexcept'
typesense-main,../repos/typesense-main/include/tsl/htrie_hash.h,"(955, 26)-(955, 34)",b'size() const noexcept'
typesense-main,../repos/typesense-main/include/tsl/htrie_hash.h,"(957, 30)-(957, 38)",b'max_size() const noexcept'
typesense-main,../repos/typesense-main/include/tsl/htrie_hash.h,"(961, 34)-(961, 42)",b'max_key_size() const noexcept'
typesense-main,../repos/typesense-main/include/tsl/htrie_hash.h,"(990, 16)-(990, 24)",b'clear() noexcept'
typesense-main,../repos/typesense-main/include/tsl/htrie_hash.h,"(1244, 57)-(1244, 65)",b'cbegin(const anode& search_start_node) const ...'
typesense-main,../repos/typesense-main/include/tsl/htrie_hash.h,"(1266, 55)-(1266, 63)",b'cend(const anode& search_start_node) const no...'
typesense-main,../repos/typesense-main/include/tsl/htrie_hash.h,"(1293, 32)-(1293, 40)",b'prefix_end() noexcept'
typesense-main,../repos/typesense-main/include/tsl/htrie_hash.h,"(1300, 45)-(1300, 53)",b'prefix_cend() const noexcept'
typesense-main,../repos/typesense-main/include/tsl/htrie_hash.h,"(1447, 45)-(1447, 53)",b'clear_empty_nodes(anode& empty_node) noexcept'
typesense-main,../repos/typesense-main/include/tsl/htrie_hash.h,"(1807, 48)-(1807, 56)",b'mutable_iterator(const_iterator it) noexcept'
typesense-main,../repos/typesense-main/include/tsl/htrie_hash.h,"(1824, 62)-(1824, 70)",b'mutable_iterator(const_prefix_iterator it) no...'
typesense-main,../repos/typesense-main/include/tsl/htrie_map.h,"(125, 20)-(125, 28)",b'begin() noexcept'
typesense-main,../repos/typesense-main/include/tsl/htrie_map.h,"(126, 32)-(126, 40)",b'begin() const noexcept'
typesense-main,../repos/typesense-main/include/tsl/htrie_map.h,"(127, 33)-(127, 41)",b'cbegin() const noexcept'
typesense-main,../repos/typesense-main/include/tsl/htrie_map.h,"(129, 18)-(129, 26)",b'end() noexcept'
typesense-main,../repos/typesense-main/include/tsl/htrie_map.h,"(130, 30)-(130, 38)",b'end() const noexcept'
typesense-main,../repos/typesense-main/include/tsl/htrie_map.h,"(131, 31)-(131, 39)",b'cend() const noexcept'
typesense-main,../repos/typesense-main/include/tsl/htrie_map.h,"(136, 22)-(136, 30)",b'empty() const noexcept'
typesense-main,../repos/typesense-main/include/tsl/htrie_map.h,"(137, 26)-(137, 34)",b'size() const noexcept'
typesense-main,../repos/typesense-main/include/tsl/htrie_map.h,"(138, 30)-(138, 38)",b'max_size() const noexcept'
typesense-main,../repos/typesense-main/include/tsl/htrie_map.h,"(139, 34)-(139, 42)",b'max_key_size() const noexcept'
typesense-main,../repos/typesense-main/include/tsl/htrie_map.h,"(149, 16)-(149, 24)",b'clear() noexcept'
typesense-main,../repos/typesense-main/include/tsl/htrie_set.h,"(117, 20)-(117, 28)",b'begin() noexcept'
typesense-main,../repos/typesense-main/include/tsl/htrie_set.h,"(118, 32)-(118, 40)",b'begin() const noexcept'
typesense-main,../repos/typesense-main/include/tsl/htrie_set.h,"(119, 33)-(119, 41)",b'cbegin() const noexcept'
typesense-main,../repos/typesense-main/include/tsl/htrie_set.h,"(121, 18)-(121, 26)",b'end() noexcept'
typesense-main,../repos/typesense-main/include/tsl/htrie_set.h,"(122, 30)-(122, 38)",b'end() const noexcept'
typesense-main,../repos/typesense-main/include/tsl/htrie_set.h,"(123, 31)-(123, 39)",b'cend() const noexcept'
typesense-main,../repos/typesense-main/include/tsl/htrie_set.h,"(128, 22)-(128, 30)",b'empty() const noexcept'
typesense-main,../repos/typesense-main/include/tsl/htrie_set.h,"(129, 26)-(129, 34)",b'size() const noexcept'
typesense-main,../repos/typesense-main/include/tsl/htrie_set.h,"(130, 30)-(130, 38)",b'max_size() const noexcept'
typesense-main,../repos/typesense-main/include/tsl/htrie_set.h,"(131, 34)-(131, 42)",b'max_key_size() const noexcept'
typesense-main,../repos/typesense-main/include/tsl/htrie_set.h,"(141, 16)-(141, 24)",b'clear() noexcept'
typesense-main,../repos/typesense-main/src/filter_result_iterator.cpp,"(1620, 95)-(1620, 103)",b'filter_result_iterator_t::operator=(filter_re...'
typesense-main,../repos/typesense-main/src/id_list.cpp,"(129, 53)-(129, 61)",b'id_list_t::iterator_t::iterator_t(iterator_t&...'
typesense-main,../repos/typesense-main/src/numeric_range_trie.cpp,"(1010, 92)-(1010, 100)",b'NumericTrie::iterator_t::operator=(NumericTri...'
typesense-main,../repos/typesense-main/src/or_iterator.cpp,"(288, 51)-(288, 59)",b'or_iterator_t::or_iterator_t(or_iterator_t&& ...'
typesense-main,../repos/typesense-main/src/or_iterator.cpp,"(293, 62)-(293, 70)",b'or_iterator_t::operator=(or_iterator_t&& rhs)...'
typesense-main,../repos/typesense-main/src/or_iterator.cpp,"(303, 33)-(303, 41)",b'or_iterator_t::~or_iterator_t() noexcept'
typesense-main,../repos/typesense-main/src/posting_list.cpp,"(1810, 58)-(1810, 66)",b'posting_list_t::iterator_t::iterator_t(iterat...'
typesense-main,../repos/typesense-main/src/posting_list.cpp,"(1829, 101)-(1829, 109)",b'posting_list_t::iterator_t::operator=(posting...'
