Repo name,File name,Location,Content
typesense-main,../repos/typesense-main/include/auth_manager.h,"(39, 9)-(43, 10)",b'try {\n            key_obj = nlohmann::json::p...'
typesense-main,../repos/typesense-main/include/cmdline.h,"(732, 17)-(738, 18)",b'try{\n                    actual=read(value);\n...'
typesense-main,../repos/typesense-main/include/index.h,"(1097, 9)-(1102, 10)","b'try {\n            func(record, seq_id);\n     ...'"
typesense-main,../repos/typesense-main/include/sole.hpp,"(295, 9)-(319, 10)",b'try {\n            // Taken from parameter\n   ...'
typesense-main,../repos/typesense-main/include/string_utils.h,"(131, 9)-(137, 10)",b'try {\n            size_t num_chars_processed ...'
typesense-main,../repos/typesense-main/include/tsl/array-hash/array_hash.h,"(1504, 5)-(1515, 6)",b'try {\n      auto it = m_buckets[ibucket].appe...'
typesense-main,../repos/typesense-main/include/tsl/htrie_hash.h,"(1715, 5)-(1750, 6)","b'try {\n      const std::array<size_type, ALPHA...'"
typesense-main,../repos/typesense-main/src/aq_model_manager.cpp,"(36, 5)-(42, 6)",b'try {\n        auto config = nlohmann::json::p...'
typesense-main,../repos/typesense-main/src/auth_manager.cpp,"(191, 5)-(196, 6)","b'try {\n        return std::regex_match (value,...'"
typesense-main,../repos/typesense-main/src/auth_manager.cpp,"(298, 13)-(302, 14)",b'try {\n                embedded_params = nlohm...'
typesense-main,../repos/typesense-main/src/batched_indexer.cpp,"(225, 29)-(234, 30)",b'try {\n                                found_r...'
typesense-main,../repos/typesense-main/src/collection.cpp,"(322, 5)-(327, 6)",b'try {\n        document = nlohmann::json::pars...'
typesense-main,../repos/typesense-main/src/collection.cpp,"(480, 9)-(485, 10)",b'try {\n            res_doc = nlohmann::json::p...'
typesense-main,../repos/typesense-main/src/collection.cpp,"(627, 5)-(632, 6)",b'try {\n        update_document = nlohmann::jso...'
typesense-main,../repos/typesense-main/src/collection.cpp,"(651, 17)-(655, 18)",b'try {\n                    existing_document =...'
typesense-main,../repos/typesense-main/src/collection.cpp,"(2708, 13)-(2712, 14)",b'try {\n                docs_array.erase(docs_a...'
typesense-main,../repos/typesense-main/src/collection.cpp,"(4275, 5)-(4279, 6)",b'try {\n        document = nlohmann::json::pars...'
typesense-main,../repos/typesense-main/src/collection.cpp,"(4568, 5)-(4572, 6)",b'try {\n        document = nlohmann::json::pars...'
typesense-main,../repos/typesense-main/src/collection.cpp,"(4706, 5)-(4710, 6)",b'try {\n        collection_meta = nlohmann::jso...'
typesense-main,../repos/typesense-main/src/collection.cpp,"(4805, 9)-(4810, 10)",b'try {\n            document = nlohmann::json::...'
typesense-main,../repos/typesense-main/src/collection.cpp,"(5606, 9)-(5611, 10)",b'try {\n            document = nlohmann::json::...'
typesense-main,../repos/typesense-main/src/collection_manager.cpp,"(2110, 9)-(2115, 10)",b'try {\n            document = nlohmann::json::...'
typesense-main,../repos/typesense-main/src/conversation_manager.cpp,"(88, 9)-(92, 10)",b'try {\n            conversation.erase(0);\n    ...'
typesense-main,../repos/typesense-main/src/conversation_model.cpp,"(112, 9)-(116, 10)",b'try {\n            json_res = nlohmann::json::...'
typesense-main,../repos/typesense-main/src/conversation_model.cpp,"(124, 5)-(128, 6)",b'try {\n        models_json = nlohmann::json::p...'
typesense-main,../repos/typesense-main/src/conversation_model.cpp,"(161, 9)-(165, 10)",b'try {\n            json_res = nlohmann::json::...'
typesense-main,../repos/typesense-main/src/conversation_model.cpp,"(209, 9)-(213, 10)",b'try {\n            json_res = nlohmann::json::...'
typesense-main,../repos/typesense-main/src/conversation_model.cpp,"(221, 5)-(225, 6)",b'try {\n        json_res = nlohmann::json::pars...'
typesense-main,../repos/typesense-main/src/conversation_model.cpp,"(271, 9)-(275, 10)",b'try {\n            json_res = nlohmann::json::...'
typesense-main,../repos/typesense-main/src/conversation_model.cpp,"(283, 5)-(287, 6)",b'try {\n        json_res = nlohmann::json::pars...'
typesense-main,../repos/typesense-main/src/conversation_model.cpp,"(363, 9)-(367, 10)",b'try {\n            json_res = nlohmann::json::...'
typesense-main,../repos/typesense-main/src/conversation_model.cpp,"(418, 9)-(423, 10)",b'try {\n            json_res = nlohmann::json::...'
typesense-main,../repos/typesense-main/src/conversation_model.cpp,"(432, 5)-(456, 6)",b'try {\n        auto json_res = nlohmann::json:...'
typesense-main,../repos/typesense-main/src/conversation_model.cpp,"(504, 9)-(509, 10)",b'try {\n            json_res = nlohmann::json::...'
typesense-main,../repos/typesense-main/src/conversation_model.cpp,"(518, 5)-(541, 6)",b'try {\n        auto json_res = nlohmann::json:...'
typesense-main,../repos/typesense-main/src/core_api.cpp,"(192, 5)-(198, 6)",b'try {\n        req_json = nlohmann::json::pars...'
typesense-main,../repos/typesense-main/src/core_api.cpp,"(228, 5)-(235, 6)",b'try {\n        req_json = nlohmann::json::pars...'
typesense-main,../repos/typesense-main/src/core_api.cpp,"(467, 9)-(473, 10)",b'try {\n            req_json = nlohmann::json::...'
typesense-main,../repos/typesense-main/src/core_api.cpp,"(1134, 13)-(1139, 14)",b'try {\n                nlohmann::json document...'
typesense-main,../repos/typesense-main/src/core_api.cpp,"(1245, 9)-(1251, 10)",b'try {\n            res_doc = nlohmann::json::p...'
typesense-main,../repos/typesense-main/src/core_api.cpp,"(1575, 5)-(1581, 6)",b'try {\n        req_json = nlohmann::json::pars...'
typesense-main,../repos/typesense-main/src/core_api.cpp,"(1686, 5)-(1692, 6)",b'try {\n        req_json = nlohmann::json::pars...'
typesense-main,../repos/typesense-main/src/core_api.cpp,"(1771, 5)-(1777, 6)",b'try {\n        req_json = nlohmann::json::pars...'
typesense-main,../repos/typesense-main/src/core_api.cpp,"(1892, 5)-(1898, 6)",b'try {\n        req_json = nlohmann::json::pars...'
typesense-main,../repos/typesense-main/src/core_api.cpp,"(2013, 5)-(2019, 6)",b'try {\n        syn_json = nlohmann::json::pars...'
typesense-main,../repos/typesense-main/src/core_api.cpp,"(2139, 5)-(2145, 6)",b'try {\n        req_json = nlohmann::json::pars...'
typesense-main,../repos/typesense-main/src/core_api.cpp,"(2232, 5)-(2238, 6)",b'try {\n        req_json = nlohmann::json::pars...'
typesense-main,../repos/typesense-main/src/core_api.cpp,"(2308, 5)-(2313, 6)",b'try {\n        req_json = nlohmann::json::pars...'
typesense-main,../repos/typesense-main/src/core_api.cpp,"(2352, 5)-(2357, 6)",b'try {\n        req_json = nlohmann::json::pars...'
typesense-main,../repos/typesense-main/src/core_api.cpp,"(2454, 5)-(2460, 6)",b'try {\n        req_json = nlohmann::json::pars...'
typesense-main,../repos/typesense-main/src/core_api.cpp,"(2499, 5)-(2505, 6)",b'try {\n        req_json = nlohmann::json::pars...'
typesense-main,../repos/typesense-main/src/core_api.cpp,"(2521, 5)-(2527, 6)",b'try {\n        req_json = nlohmann::json::pars...'
typesense-main,../repos/typesense-main/src/core_api.cpp,"(2560, 5)-(2566, 6)",b'try {\n        req_json = nlohmann::json::pars...'
typesense-main,../repos/typesense-main/src/core_api.cpp,"(2581, 5)-(2602, 6)","b'try {        \n        if(req_json.count(""body...'"
typesense-main,../repos/typesense-main/src/core_api.cpp,"(2663, 5)-(2669, 6)",b'try {\n        req_json = nlohmann::json::pars...'
typesense-main,../repos/typesense-main/src/core_api.cpp,"(2687, 5)-(2693, 6)",b'try {\n        req_json = nlohmann::json::pars...'
typesense-main,../repos/typesense-main/src/core_api.cpp,"(2772, 5)-(2778, 6)",b'try {\n        req_json = nlohmann::json::pars...'
typesense-main,../repos/typesense-main/src/core_api.cpp,"(2803, 5)-(2809, 6)",b'try {\n        req_json = nlohmann::json::pars...'
typesense-main,../repos/typesense-main/src/image_processor.cpp,"(37, 5)-(41, 6)",b'try {\n        output_tensors = session_->Run(...'
typesense-main,../repos/typesense-main/src/index.cpp,"(463, 9)-(542, 10)",b'try {\n            if(!index_rec.indexed.ok())...'
typesense-main,../repos/typesense-main/src/index.cpp,"(644, 13)-(651, 14)",b'try {\n                index->index_field_in_m...'
typesense-main,../repos/typesense-main/src/index.cpp,"(988, 29)-(1003, 30)",b'try {\n                                const s...'
typesense-main,../repos/typesense-main/src/index.cpp,"(2998, 17)-(3003, 18)",b'try {\n                    values = field_vect...'
typesense-main,../repos/typesense-main/src/index.cpp,"(4891, 13)-(4900, 14)",b'try {\n                const auto& values = so...'
typesense-main,../repos/typesense-main/src/index.cpp,"(5066, 13)-(5075, 14)",b'try {\n                const auto& values = so...'
typesense-main,../repos/typesense-main/src/index.cpp,"(5238, 13)-(5247, 14)",b'try {\n                const auto& values = so...'
typesense-main,../repos/typesense-main/src/index.cpp,"(7009, 13)-(7014, 14)","b'try {\n                remove_field(seq_id, do...'"
typesense-main,../repos/typesense-main/src/index.cpp,"(7019, 13)-(7024, 14)","b'try {\n                remove_field(seq_id, do...'"
typesense-main,../repos/typesense-main/src/main/benchmark.cpp,"(178, 9)-(185, 10)",b'try {\n            nlohmann::json obj = nlohma...'
typesense-main,../repos/typesense-main/src/text_embedder_remote.cpp,"(101, 9)-(105, 10)",b'try {\n            json_res = nlohmann::json::...'
typesense-main,../repos/typesense-main/src/text_embedder_remote.cpp,"(113, 5)-(117, 6)",b'try {\n        models_json = nlohmann::json::p...'
typesense-main,../repos/typesense-main/src/text_embedder_remote.cpp,"(147, 9)-(151, 10)",b'try {\n            json_res = nlohmann::json::...'
typesense-main,../repos/typesense-main/src/text_embedder_remote.cpp,"(158, 5)-(162, 6)",b'try {\n        embedding = nlohmann::json::par...'
typesense-main,../repos/typesense-main/src/text_embedder_remote.cpp,"(183, 5)-(188, 6)",b'try {\n        embedding_res_t embedding_res =...'
typesense-main,../repos/typesense-main/src/text_embedder_remote.cpp,"(228, 5)-(238, 6)",b'try {\n        res_json = nlohmann::json::pars...'
typesense-main,../repos/typesense-main/src/text_embedder_remote.cpp,"(263, 5)-(268, 6)",b'try {\n        json_res = nlohmann::json::pars...'
typesense-main,../repos/typesense-main/src/text_embedder_remote.cpp,"(327, 9)-(332, 10)",b'try {\n            json_res = nlohmann::json::...'
typesense-main,../repos/typesense-main/src/text_embedder_remote.cpp,"(343, 5)-(347, 6)",b'try {\n        num_dims = nlohmann::json::pars...'
typesense-main,../repos/typesense-main/src/text_embedder_remote.cpp,"(368, 5)-(372, 6)",b'try {\n        return embedding_res_t(nlohmann...'
typesense-main,../repos/typesense-main/src/text_embedder_remote.cpp,"(400, 5)-(405, 6)",b'try {\n        nlohmann::json json_res = nlohm...'
typesense-main,../repos/typesense-main/src/text_embedder_remote.cpp,"(469, 9)-(473, 10)",b'try {\n            json_res = nlohmann::json::...'
typesense-main,../repos/typesense-main/src/text_embedder_remote.cpp,"(483, 5)-(487, 6)",b'try {\n        res_json = nlohmann::json::pars...'
typesense-main,../repos/typesense-main/src/text_embedder_remote.cpp,"(538, 5)-(542, 6)",b'try {\n        res_json = nlohmann::json::pars...'
typesense-main,../repos/typesense-main/src/text_embedder_remote.cpp,"(601, 5)-(610, 6)",b'try {\n        res_json = nlohmann::json::pars...'
typesense-main,../repos/typesense-main/src/text_embedder_remote.cpp,"(635, 5)-(640, 6)",b'try {\n        json_res = nlohmann::json::pars...'
typesense-main,../repos/typesense-main/src/text_embedder_remote.cpp,"(672, 9)-(676, 10)",b'try {\n            json_res = nlohmann::json::...'
typesense-main,../repos/typesense-main/src/text_embedder_remote.cpp,"(686, 5)-(690, 6)",b'try {\n        res_json = nlohmann::json::pars...'
typesense-main,../repos/typesense-main/src/text_embedder_tokenizer.cpp,"(94, 5)-(99, 6)",b'try {\n        clip_tokenizer_ = std::make_uni...'
typesense-main,../repos/typesense-main/test/posting_list_test.cpp,"(1386, 5)-(1395, 6)",b'try {\n        std::vector<uint32_t> offsets =...'
