Repo name,File name,Location,Content
typesense-main,../repos/typesense-main/include/auth_manager.h,"(41, 16)-(41, 21)",b'catch(...) {\n            return Option<bool>(...'
typesense-main,../repos/typesense-main/include/json.hpp,"(3216, 59)-(3216, 76)",b'make_array(Args&& ... args)'
typesense-main,../repos/typesense-main/include/json.hpp,"(3979, 42)-(3979, 47)",b'test(...)'
typesense-main,../repos/typesense-main/include/json.hpp,"(4176, 33)-(4176, 73)","b'concat_length(const char* cstr, const Args& ....'"
typesense-main,../repos/typesense-main/include/json.hpp,"(4179, 33)-(4179, 78)","b'concat_length(const StringType& str, const Ar...'"
typesense-main,../repos/typesense-main/include/json.hpp,"(4182, 33)-(4182, 73)","b'concat_length(const char /*c*/, const Args& ....'"
typesense-main,../repos/typesense-main/include/json.hpp,"(4188, 33)-(4188, 73)","b'concat_length(const char* cstr, const Args& ....'"
typesense-main,../repos/typesense-main/include/json.hpp,"(4195, 33)-(4195, 78)","b'concat_length(const StringType& str, const Ar...'"
typesense-main,../repos/typesense-main/include/json.hpp,"(4231, 24)-(4231, 74)","b'concat_into(OutStringType& out, Arg && arg, A...'"
typesense-main,../repos/typesense-main/include/json.hpp,"(4237, 24)-(4237, 78)","b'concat_into(OutStringType& out, const Arg& ar...'"
typesense-main,../repos/typesense-main/include/json.hpp,"(4244, 24)-(4244, 78)","b'concat_into(OutStringType& out, const Arg& ar...'"
typesense-main,../repos/typesense-main/include/json.hpp,"(4248, 24)-(4248, 74)","b'concat_into(OutStringType& out, Arg && arg, A...'"
typesense-main,../repos/typesense-main/include/json.hpp,"(4257, 24)-(4257, 72)","b'concat_into(OutStringType& out, Arg&& arg, Ar...'"
typesense-main,../repos/typesense-main/include/json.hpp,"(4267, 24)-(4267, 77)","b'concat_into(OutStringType& out, const Arg& ar...'"
typesense-main,../repos/typesense-main/include/json.hpp,"(4278, 24)-(4278, 77)","b'concat_into(OutStringType& out, const Arg& ar...'"
typesense-main,../repos/typesense-main/include/json.hpp,"(4285, 28)-(4285, 46)",b'concat(Args && ... args)'
typesense-main,../repos/typesense-main/include/json.hpp,"(4840, 59)-(4841, 99)",b'from_json_inplace_array_impl(BasicJsonType&& ...'
typesense-main,../repos/typesense-main/include/json.hpp,"(4940, 46)-(4940, 100)","b'from_json_tuple_impl_base(BasicJsonType&& j, ...'"
typesense-main,../repos/typesense-main/include/json.hpp,"(4959, 41)-(4959, 134)","b'from_json_tuple_impl(BasicJsonType&& j, ident...'"
typesense-main,../repos/typesense-main/include/json.hpp,"(4965, 33)-(4965, 104)","b'from_json_tuple_impl(BasicJsonType&& j, std::...'"
typesense-main,../repos/typesense-main/include/json.hpp,"(5716, 31)-(5716, 100)","b'to_json_tuple_impl(BasicJsonType& j, const Tu...'"
typesense-main,../repos/typesense-main/include/json.hpp,"(14763, 13)-(14763, 31)",b'json_ref(Args && ... args)'
typesense-main,../repos/typesense-main/include/json.hpp,"(19604, 21)-(19604, 38)",b'create(Args&& ... args)'
typesense-main,../repos/typesense-main/include/json.hpp,"(19924, 19)-(19924, 24)",b'JSON_CATCH(...)'
typesense-main,../repos/typesense-main/include/json.hpp,"(22435, 27)-(22435, 44)",b'emplace_back(Args&& ... args)'
typesense-main,../repos/typesense-main/include/json.hpp,"(22460, 38)-(22460, 55)",b'emplace(Args&& ... args)'
typesense-main,../repos/typesense-main/include/json.hpp,"(22492, 29)-(22492, 66)","b'insert_iterator(const_iterator pos, Args&& .....'"
typesense-main,../repos/typesense-main/include/json.hpp,"(23340, 48)-(23340, 69)","b'sax_parse(ptr, ptr + len, ...)'"
typesense-main,../repos/typesense-main/include/magic_enum.hpp,"(180, 36)-(180, 80)","b'static_string(string_view str, std::index_seq...'"
typesense-main,../repos/typesense-main/include/magic_enum.hpp,"(424, 30)-(424, 57)",b'values(std::index_sequence<I...>) noexcept'
typesense-main,../repos/typesense-main/include/magic_enum.hpp,"(494, 31)-(494, 58)",b'indexes(std::index_sequence<I...>) noexcept'
typesense-main,../repos/typesense-main/include/magic_enum.hpp,"(506, 29)-(506, 56)",b'names(std::index_sequence<I...>) noexcept'
typesense-main,../repos/typesense-main/include/magic_enum.hpp,"(519, 31)-(519, 58)",b'entries(std::index_sequence<I...>) noexcept'
typesense-main,../repos/typesense-main/include/sole.hpp,"(317, 14)-(317, 19)","b'catch(...) {\n            timef = ""\\""\\"""";\n        }'"
typesense-main,../repos/typesense-main/include/sparsepp.h,"(4439, 42)-(4439, 58)",b'emplace(Args&&... args)'
typesense-main,../repos/typesense-main/include/sparsepp.h,"(5054, 42)-(5054, 58)",b'emplace(Args&&... args)'
typesense-main,../repos/typesense-main/include/sparsepp.h,"(5060, 30)-(5060, 63)","b'emplace_hint(const_iterator , Args&&... args)'"
typesense-main,../repos/typesense-main/include/sparsepp.h,"(5411, 42)-(5411, 58)",b'emplace(Args&&... args)'
typesense-main,../repos/typesense-main/include/sparsepp.h,"(5417, 30)-(5417, 63)","b'emplace_hint(const_iterator , Args&&... args)'"
typesense-main,../repos/typesense-main/include/string_utils.h,"(135, 16)-(135, 21)",b'catch(...) {\n            return false;\n        }'
typesense-main,../repos/typesense-main/include/threadpool.h,"(13, 27)-(13, 50)","b'enqueue(F&& f, Args&&... args)'"
typesense-main,../repos/typesense-main/include/threadpool.h,"(65, 35)-(65, 58)","b'ThreadPool::enqueue(F&& f, Args&&... args)'"
typesense-main,../repos/typesense-main/include/tsl/array-hash/array_hash.h,"(459, 24)-(460, 66)","b'append(const_iterator end_of_bucket, const Ch...'"
typesense-main,../repos/typesense-main/include/tsl/array-hash/array_hash.h,"(556, 42)-(557, 64)",b'append_in_reserved_bucket_no_check(const Char...'
typesense-main,../repos/typesense-main/include/tsl/array-hash/array_hash.h,"(1081, 36)-(1082, 63)","b'emplace(const CharT* key, size_type key_size,...'"
typesense-main,../repos/typesense-main/include/tsl/array-hash/array_hash.h,"(1483, 41)-(1485, 71)","b'emplace_impl(\n      std::size_t ibucket, type...'"
typesense-main,../repos/typesense-main/include/tsl/array-hash/array_hash.h,"(1511, 13)-(1511, 18)",b'catch (...) {\n      // Rollback\n      this->m...'
typesense-main,../repos/typesense-main/include/tsl/array-hash/array_map.h,"(272, 36)-(273, 52)",b'emplace(const std::basic_string_view<CharT>& ...'
typesense-main,../repos/typesense-main/include/tsl/array-hash/array_map.h,"(278, 36)-(278, 70)","b'emplace(const CharT* key, Args&&... args)'"
typesense-main,../repos/typesense-main/include/tsl/array-hash/array_map.h,"(284, 36)-(285, 52)","b'emplace(const std::basic_string<CharT>& key,\n...'"
typesense-main,../repos/typesense-main/include/tsl/array-hash/array_map.h,"(290, 39)-(291, 55)","b'emplace_ks(const CharT* key, size_type key_si...'"
typesense-main,../repos/typesense-main/include/tsl/htrie_hash.h,"(116, 13)-(116, 29)",b'value_node(Args&&... args)'
typesense-main,../repos/typesense-main/include/tsl/htrie_hash.h,"(996, 35)-(997, 62)","b'insert(const CharT* key, size_type key_size,\n...'"
typesense-main,../repos/typesense-main/include/tsl/htrie_hash.h,"(1326, 40)-(1328, 67)","b'insert_impl(anode& search_start_node,\n       ...'"
typesense-main,../repos/typesense-main/include/tsl/htrie_hash.h,"(1375, 48)-(1378, 75)","b'insert_in_hash_node(hash_node& hnode,\n       ...'"
typesense-main,../repos/typesense-main/include/tsl/htrie_hash.h,"(1739, 13)-(1739, 18)",b'catch (...) {\n      // Rollback the values\n  ...'
typesense-main,../repos/typesense-main/include/tsl/htrie_hash.h,"(2041, 40)-(2041, 56)",b'make_unique(Args&&... args)'
typesense-main,../repos/typesense-main/include/tsl/htrie_map.h,"(211, 39)-(212, 55)","b'emplace_ks(const CharT* key, size_type key_si...'"
typesense-main,../repos/typesense-main/include/tsl/htrie_map.h,"(217, 36)-(218, 52)",b'emplace(const std::basic_string_view<CharT>& ...'
typesense-main,../repos/typesense-main/include/tsl/htrie_map.h,"(223, 36)-(223, 70)","b'emplace(const CharT* key, Args&&... args)'"
typesense-main,../repos/typesense-main/include/tsl/htrie_map.h,"(228, 36)-(229, 52)","b'emplace(const std::basic_string<CharT>& key,\n...'"
typesense-main,../repos/typesense-main/src/collection.cpp,"(653, 24)-(653, 29)",b'catch(...) {\n                    continue; //...'
typesense-main,../repos/typesense-main/src/collection.cpp,"(2710, 20)-(2710, 25)",b'catch(...) {\n                return Option<nl...'
typesense-main,../repos/typesense-main/src/collection.cpp,"(4277, 12)-(4277, 17)",b'catch(...) {\n        return Option<nlohmann::...'
typesense-main,../repos/typesense-main/src/collection.cpp,"(4570, 12)-(4570, 17)","b'catch(...) {\n        return Option<bool>(500,...'"
typesense-main,../repos/typesense-main/src/collection.cpp,"(4708, 12)-(4708, 17)","b'catch(...) {\n        return Option<bool>(500,...'"
typesense-main,../repos/typesense-main/src/image_processor.cpp,"(39, 13)-(39, 18)",b'catch (...) {\n        return Option<processed...'
typesense-main,../repos/typesense-main/src/index.cpp,"(3000, 24)-(3000, 29)",b'catch(...) {\n                    // likely no...'
typesense-main,../repos/typesense-main/src/index.cpp,"(4897, 20)-(4897, 25)",b'catch(...) {\n                // probably not ...'
typesense-main,../repos/typesense-main/src/index.cpp,"(5072, 20)-(5072, 25)",b'catch(...) {\n                // probably not ...'
typesense-main,../repos/typesense-main/src/index.cpp,"(5244, 20)-(5244, 25)",b'catch(...) {\n                // probably not ...'
typesense-main,../repos/typesense-main/src/main/benchmark.cpp,"(183, 16)-(183, 21)","b'catch(...) {\n            LOG(ERROR) << ""Faile...'"
typesense-main,../repos/typesense-main/test/posting_list_test.cpp,"(1393, 12)-(1393, 17)","b'catch(...) {\n        FAIL() << ""Expected std:...'"
