Repo name,File name,Location,Content
typesense-main,../repos/typesense-main/include/adi_tree.h,"(28, 5)-(28, 16)",b'~adi_tree_t()'
typesense-main,../repos/typesense-main/include/analytics_manager.h,"(20, 5)-(20, 13)",b'~event_t()'
typesense-main,../repos/typesense-main/include/analytics_manager.h,"(67, 5)-(67, 24)",b'~query_hits_count_t()'
typesense-main,../repos/typesense-main/include/analytics_manager.h,"(172, 5)-(172, 22)",b'~AnalyticsManager()'
typesense-main,../repos/typesense-main/include/app_metrics.h,"(41, 5)-(41, 16)",b'~AppMetrics()'
typesense-main,../repos/typesense-main/include/array_base.h,"(34, 5)-(34, 16)",b'~array_base()'
typesense-main,../repos/typesense-main/include/backward.hpp,"(524, 13)-(524, 20)",b'~handle()'
typesense-main,../repos/typesense-main/include/backward.hpp,"(2222, 5)-(2222, 21)",b'~die_cache_entry()'
typesense-main,../repos/typesense-main/include/backward.hpp,"(3889, 3)-(3889, 12)",b'~Colorize()'
typesense-main,../repos/typesense-main/include/backward.hpp,"(4275, 3)-(4275, 18)",b'~SignalHandling()'
typesense-main,../repos/typesense-main/include/batched_indexer.h,"(93, 5)-(93, 20)",b'~BatchedIndexer()'
typesense-main,../repos/typesense-main/include/cached_resource_stat.h,"(23, 5)-(23, 28)",b'~cached_resource_stat_t()'
typesense-main,../repos/typesense-main/include/cmdline.h,"(140, 9)-(140, 23)",b'~cmdline_error() throw()'
typesense-main,../repos/typesense-main/include/cmdline.h,"(315, 9)-(315, 16)",b'~parser()'
typesense-main,../repos/typesense-main/include/cmdline.h,"(627, 21)-(627, 33)",b'~option_base()'
typesense-main,../repos/typesense-main/include/cmdline.h,"(650, 13)-(650, 34)",b'~option_without_value()'
typesense-main,../repos/typesense-main/include/cmdline.h,"(713, 13)-(713, 31)",b'~option_with_value()'
typesense-main,../repos/typesense-main/include/collection.h,"(386, 5)-(386, 16)",b'~Collection()'
typesense-main,../repos/typesense-main/include/collection_manager.h,"(88, 5)-(88, 23)",b'~CollectionManager()'
typesense-main,../repos/typesense-main/include/collection_manager.h,"(120, 9)-(120, 40)",b'~ref_include_collection_names_t()'
typesense-main,../repos/typesense-main/include/conversation_model.h,"(19, 17)-(19, 35)",b'~ConversationModel()'
typesense-main,../repos/typesense-main/include/core_api_utils.h,"(14, 5)-(14, 22)",b'~deletion_state_t() override'
typesense-main,../repos/typesense-main/include/core_api_utils.h,"(36, 5)-(36, 20)",b'~export_state_t() override'
typesense-main,../repos/typesense-main/include/embedder_manager.h,"(60, 5)-(60, 21)",b'~EmbedderManager()'
typesense-main,../repos/typesense-main/include/event_manager.h,"(10, 5)-(10, 18)",b'~EventManager()'
typesense-main,../repos/typesense-main/include/facet_index.h,"(47, 9)-(47, 23)",b'~facet_count_t ()'
typesense-main,../repos/typesense-main/include/facet_index.h,"(77, 9)-(77, 28)",b'~facet_id_seq_ids_t()'
typesense-main,../repos/typesense-main/include/facet_index.h,"(98, 9)-(98, 30)",b'~facet_doc_ids_list_t()'
typesense-main,../repos/typesense-main/include/facet_index.h,"(127, 5)-(127, 19)",b'~facet_index_t()'
typesense-main,../repos/typesense-main/include/field.h,"(792, 5)-(792, 25)",b'~facet_hash_values_t()'
typesense-main,../repos/typesense-main/include/filter.h,"(87, 5)-(87, 19)",b'~filter_node_t()'
typesense-main,../repos/typesense-main/include/filter_result_iterator.h,"(72, 5)-(72, 31)",b'~reference_filter_result_t()'
typesense-main,../repos/typesense-main/include/filter_result_iterator.h,"(201, 5)-(201, 21)",b'~filter_result_t()'
typesense-main,../repos/typesense-main/include/filter_result_iterator.h,"(307, 5)-(307, 30)",b'~filter_result_iterator_t()'
typesense-main,../repos/typesense-main/include/housekeeper.h,"(16, 5)-(16, 17)",b'~HouseKeeper()'
typesense-main,../repos/typesense-main/include/http_client.h,"(19, 5)-(19, 16)",b'~HttpClient()'
typesense-main,../repos/typesense-main/include/http_data.h,"(63, 5)-(63, 14)",b'~http_res()'
typesense-main,../repos/typesense-main/include/http_data.h,"(206, 13)-(206, 25)",b'~req_state_t()'
typesense-main,../repos/typesense-main/include/http_data.h,"(334, 5)-(334, 14)",b'~http_req()'
typesense-main,../repos/typesense-main/include/http_data.h,"(566, 5)-(566, 29)",b'~http_message_dispatcher()'
typesense-main,../repos/typesense-main/include/http_proxy.h,"(41, 9)-(41, 19)",b'~HttpProxy()'
typesense-main,../repos/typesense-main/include/http_server.h,"(212, 5)-(212, 16)",b'~HttpServer()'
typesense-main,../repos/typesense-main/include/ids_t.h,"(69, 9)-(69, 29)",b'~block_intersector_t()'
typesense-main,../repos/typesense-main/include/id_list.h,"(50, 9)-(50, 20)",b'~iterator_t()'
typesense-main,../repos/typesense-main/include/id_list.h,"(111, 5)-(111, 15)",b'~id_list_t()'
typesense-main,../repos/typesense-main/include/image_embedder.h,"(19, 17)-(19, 31)",b'~ImageEmbedder()'
typesense-main,../repos/typesense-main/include/image_processor.h,"(14, 17)-(14, 32)",b'~ImageProcessor()'
typesense-main,../repos/typesense-main/include/index.h,"(216, 5)-(216, 17)",b'~search_args()'
typesense-main,../repos/typesense-main/include/index.h,"(323, 5)-(323, 18)",b'~hnsw_index_t()'
typesense-main,../repos/typesense-main/include/index.h,"(642, 5)-(642, 11)",b'~Index()'
typesense-main,../repos/typesense-main/include/japanese_localizer.h,"(10, 5)-(10, 23)",b'~JapaneseLocalizer()'
typesense-main,../repos/typesense-main/include/json.hpp,"(269, 5)-(269, 14)",b'~nonesuch()'
typesense-main,../repos/typesense-main/include/json.hpp,"(5161, 5)-(5161, 27)",b'~iteration_proxy_value()'
typesense-main,../repos/typesense-main/include/json.hpp,"(5259, 5)-(5259, 21)",b'~iteration_proxy()'
typesense-main,../repos/typesense-main/include/json.hpp,"(6164, 5)-(6164, 26)",b'~input_stream_adapter()'
typesense-main,../repos/typesense-main/include/json.hpp,"(6756, 5)-(6756, 25)",b'~json_sax_dom_parser()'
typesense-main,../repos/typesense-main/include/json.hpp,"(6940, 5)-(6940, 34)",b'~json_sax_dom_callback_parser()'
typesense-main,../repos/typesense-main/include/json.hpp,"(7438, 5)-(7438, 11)",b'~lexer()'
typesense-main,../repos/typesense-main/include/json.hpp,"(9170, 5)-(9170, 19)",b'~binary_reader()'
typesense-main,../repos/typesense-main/include/json.hpp,"(12890, 5)-(12890, 15)",b'~iter_impl()'
typesense-main,../repos/typesense-main/include/json.hpp,"(14772, 5)-(14772, 14)",b'~json_ref()'
typesense-main,../repos/typesense-main/include/json.hpp,"(14872, 13)-(14872, 37)",b'~output_adapter_protocol()'
typesense-main,../repos/typesense-main/include/json.hpp,"(18015, 5)-(18015, 16)",b'~serializer()'
typesense-main,../repos/typesense-main/include/json.hpp,"(19099, 25)-(19099, 36)",b'it->~value_type'
typesense-main,../repos/typesense-main/include/json.hpp,"(19120, 25)-(19120, 36)",b'it->~value_type'
typesense-main,../repos/typesense-main/include/json.hpp,"(19167, 17)-(19167, 28)",b'it->~value_type'
typesense-main,../repos/typesense-main/include/json.hpp,"(20480, 5)-(20480, 16)",b'~basic_json() noexcept'
typesense-main,../repos/typesense-main/include/json.hpp,"(23440, 9)-(23440, 14)",b'~data() noexcept'
typesense-main,../repos/typesense-main/include/numeric_range_trie.h,"(34, 9)-(34, 14)",b'~Node()'
typesense-main,../repos/typesense-main/include/numeric_range_trie.h,"(93, 5)-(93, 17)",b'~NumericTrie()'
typesense-main,../repos/typesense-main/include/numeric_range_trie.h,"(106, 13)-(106, 25)",b'~match_state()'
typesense-main,../repos/typesense-main/include/numeric_range_trie.h,"(119, 9)-(119, 20)",b'~iterator_t()'
typesense-main,../repos/typesense-main/include/numeric_range_trie_test.h,"(32, 9)-(32, 14)",b'~Node()'
typesense-main,../repos/typesense-main/include/numeric_range_trie_test.h,"(82, 5)-(82, 17)",b'~NumericTrie()'
typesense-main,../repos/typesense-main/include/numeric_range_trie_test.h,"(95, 13)-(95, 25)",b'~match_state()'
typesense-main,../repos/typesense-main/include/numeric_range_trie_test.h,"(108, 9)-(108, 20)",b'~iterator_t()'
typesense-main,../repos/typesense-main/include/num_tree.h,"(27, 5)-(27, 16)",b'~num_tree_t()'
typesense-main,../repos/typesense-main/include/or_iterator.h,"(22, 5)-(22, 19)",b'~or_iterator_t() noexcept'
typesense-main,../repos/typesense-main/include/posting.h,"(66, 9)-(66, 29)",b'~block_intersector_t()'
typesense-main,../repos/typesense-main/include/posting_list.h,"(95, 9)-(95, 20)",b'~iterator_t()'
typesense-main,../repos/typesense-main/include/posting_list.h,"(152, 5)-(152, 20)",b'~posting_list_t()'
typesense-main,../repos/typesense-main/include/raft_server.h,"(32, 5)-(32, 24)",b'~ReplicationClosure()'
typesense-main,../repos/typesense-main/include/raft_server.h,"(53, 5)-(53, 25)",b'~RefreshNodesClosure()'
typesense-main,../repos/typesense-main/include/raft_server.h,"(80, 5)-(80, 29)",b'~OnDemandSnapshotClosure()'
typesense-main,../repos/typesense-main/include/raft_server.h,"(93, 5)-(93, 26)",b'~TimedSnapshotClosure()'
typesense-main,../repos/typesense-main/include/sparsepp.h,"(1159, 9)-(1159, 37)",b'~libc_allocator_with_realloc()'
typesense-main,../repos/typesense-main/include/sparsepp.h,"(1189, 38)-(1189, 49)",b'p->~value_type'
typesense-main,../repos/typesense-main/include/sparsepp.h,"(2396, 28)-(2396, 47)",b'p->~mutable_value_type'
typesense-main,../repos/typesense-main/include/sparsepp.h,"(2486, 9)-(2486, 21)",b'~sparsegroup()'
typesense-main,../repos/typesense-main/include/sparsepp.h,"(2696, 28)-(2696, 47)",b'_group[offset].~mutable_value_type'
typesense-main,../repos/typesense-main/include/sparsepp.h,"(2744, 39)-(2744, 58)",b'_group[num_items - 1].~mutable_value_type'
typesense-main,../repos/typesense-main/include/sparsepp.h,"(3190, 9)-(3190, 21)",b'~sparsetable()'
typesense-main,../repos/typesense-main/include/stopwords_manager.h,"(43, 5)-(43, 22)",b'~StopwordsManager()'
typesense-main,../repos/typesense-main/include/store.h,"(116, 5)-(116, 11)",b'~Store()'
typesense-main,../repos/typesense-main/include/string_utils.h,"(23, 5)-(23, 17)",b'~StringUtils()'
typesense-main,../repos/typesense-main/include/text_embedder.h,"(18, 9)-(18, 22)",b'~TextEmbedder()'
typesense-main,../repos/typesense-main/include/text_embedder_remote.h,"(41, 17)-(41, 32)",b'~RemoteEmbedder()'
typesense-main,../repos/typesense-main/include/text_embedder_tokenizer.h,"(37, 17)-(37, 40)",b'~TextEmbeddingTokenizer()'
typesense-main,../repos/typesense-main/include/timsort.hpp,"(195, 13)-(195, 21)",b'~TimSort()'
typesense-main,../repos/typesense-main/include/tokenizer.h,"(64, 5)-(64, 15)",b'~Tokenizer()'
typesense-main,../repos/typesense-main/include/topster.h,"(116, 5)-(116, 8)",b'~KV()'
typesense-main,../repos/typesense-main/include/topster.h,"(158, 5)-(158, 13)",b'~Topster()'
typesense-main,../repos/typesense-main/include/tsl/array-hash/array_hash.h,"(385, 3)-(385, 16)",b'~array_bucket()'
typesense-main,../repos/typesense-main/include/tsl/htrie_hash.h,"(201, 13)-(201, 19)",b'~anode()'
typesense-main,../repos/typesense-main/include/vq_model.h,"(18, 17)-(18, 25)",b'~VQModel()'
typesense-main,../repos/typesense-main/include/vq_model.h,"(49, 9)-(49, 22)",b'~WhisperModel()'
typesense-main,../repos/typesense-main/include/vq_model_manager.h,"(36, 9)-(36, 24)",b'~VQModelManager()'
typesense-main,../repos/typesense-main/src/adi_tree.cpp,"(14, 5)-(14, 16)",b'~adi_node_t()'
typesense-main,../repos/typesense-main/src/adi_tree.cpp,"(261, 13)-(261, 24)",b'adi_tree_t::~adi_tree_t'
typesense-main,../repos/typesense-main/src/analytics_manager.cpp,"(193, 19)-(193, 36)",b'AnalyticsManager::~AnalyticsManager'
typesense-main,../repos/typesense-main/src/aq_model.cpp,"(22, 15)-(22, 28)",b'WhisperModel::~WhisperModel'
typesense-main,../repos/typesense-main/src/aq_model_manager.cpp,"(158, 17)-(158, 32)",b'VQModelManager::~VQModelManager'
typesense-main,../repos/typesense-main/src/batched_indexer.cpp,"(364, 17)-(364, 32)",b'BatchedIndexer::~BatchedIndexer'
typesense-main,../repos/typesense-main/src/collection.cpp,"(34, 5)-(34, 25)",b'~sort_fields_guard_t()'
typesense-main,../repos/typesense-main/src/collection.cpp,"(65, 13)-(65, 24)",b'Collection::~Collection'
typesense-main,../repos/typesense-main/src/embedder_manager.cpp,"(257, 18)-(257, 34)",b'EmbedderManager::~EmbedderManager'
typesense-main,../repos/typesense-main/src/facet_index.cpp,"(437, 16)-(437, 30)",b'facet_index_t::~facet_index_t'
typesense-main,../repos/typesense-main/src/filter_result_iterator.cpp,"(1606, 27)-(1606, 52)",b'filter_result_iterator_t::~filter_result_iter...'
typesense-main,../repos/typesense-main/src/http_server.cpp,"(899, 13)-(899, 24)",b'HttpServer::~HttpServer'
typesense-main,../repos/typesense-main/src/id_list.cpp,"(124, 24)-(124, 35)",b'iterator_t::~iterator_t'
typesense-main,../repos/typesense-main/src/id_list.cpp,"(151, 12)-(151, 22)",b'id_list_t::~id_list_t'
typesense-main,../repos/typesense-main/src/index.cpp,"(149, 8)-(149, 14)",b'Index::~Index'
typesense-main,../repos/typesense-main/src/num_tree.cpp,"(369, 13)-(369, 24)",b'num_tree_t::~num_tree_t'
typesense-main,../repos/typesense-main/src/or_iterator.cpp,"(303, 16)-(303, 30)",b'or_iterator_t::~or_iterator_t'
typesense-main,../repos/typesense-main/src/posting_list.cpp,"(224, 17)-(224, 32)",b'posting_list_t::~posting_list_t'
typesense-main,../repos/typesense-main/src/posting_list.cpp,"(1794, 29)-(1794, 40)",b'iterator_t::~iterator_t'
typesense-main,../repos/typesense-main/src/string_utils.cpp,"(17, 14)-(17, 26)",b'StringUtils::~StringUtils'
typesense-main,../repos/typesense-main/src/text_embedder.cpp,"(303, 15)-(303, 28)",b'TextEmbedder::~TextEmbedder'
typesense-main,../repos/typesense-main/test/ratelimit_test.cpp,"(26, 13)-(26, 34)",b'~RateLimitManagerTest()'
