Repo name,File name,Location,Content
typesense-main,../repos/typesense-main/include/collection.h,"(384, 54)-(384, 64)",b'shared_ptr<VQModel>'
typesense-main,../repos/typesense-main/include/core_api.h,"(18, 33)-(18, 43)",b'shared_ptr<http_req>'
typesense-main,../repos/typesense-main/include/core_api.h,"(18, 71)-(18, 81)",b'shared_ptr<http_res>'
typesense-main,../repos/typesense-main/include/core_api.h,"(20, 40)-(20, 50)",b'shared_ptr<http_req>'
typesense-main,../repos/typesense-main/include/core_api.h,"(20, 78)-(20, 88)",b'shared_ptr<http_res>'
typesense-main,../repos/typesense-main/include/core_api.h,"(22, 41)-(22, 51)",b'shared_ptr<http_req>'
typesense-main,../repos/typesense-main/include/core_api.h,"(22, 79)-(22, 89)",b'shared_ptr<http_res>'
typesense-main,../repos/typesense-main/include/core_api.h,"(24, 37)-(24, 47)",b'shared_ptr<http_req>'
typesense-main,../repos/typesense-main/include/core_api.h,"(24, 75)-(24, 85)",b'shared_ptr<http_res>'
typesense-main,../repos/typesense-main/include/core_api.h,"(26, 40)-(26, 50)",b'shared_ptr<http_req>'
typesense-main,../repos/typesense-main/include/core_api.h,"(26, 78)-(26, 88)",b'shared_ptr<http_res>'
typesense-main,../repos/typesense-main/include/core_api.h,"(30, 28)-(30, 38)",b'shared_ptr<http_req>'
typesense-main,../repos/typesense-main/include/core_api.h,"(30, 66)-(30, 76)",b'shared_ptr<http_res>'
typesense-main,../repos/typesense-main/include/core_api.h,"(32, 35)-(32, 45)",b'shared_ptr<http_req>'
typesense-main,../repos/typesense-main/include/core_api.h,"(32, 73)-(32, 83)",b'shared_ptr<http_res>'
typesense-main,../repos/typesense-main/include/core_api.h,"(34, 38)-(34, 48)",b'shared_ptr<http_req>'
typesense-main,../repos/typesense-main/include/core_api.h,"(34, 76)-(34, 86)",b'shared_ptr<http_res>'
typesense-main,../repos/typesense-main/include/core_api.h,"(36, 35)-(36, 45)",b'shared_ptr<http_req>'
typesense-main,../repos/typesense-main/include/core_api.h,"(36, 73)-(36, 83)",b'shared_ptr<http_res>'
typesense-main,../repos/typesense-main/include/core_api.h,"(38, 39)-(38, 49)",b'shared_ptr<http_req>'
typesense-main,../repos/typesense-main/include/core_api.h,"(38, 77)-(38, 87)",b'shared_ptr<http_res>'
typesense-main,../repos/typesense-main/include/core_api.h,"(40, 40)-(40, 50)",b'shared_ptr<http_req>'
typesense-main,../repos/typesense-main/include/core_api.h,"(40, 78)-(40, 88)",b'shared_ptr<http_res>'
typesense-main,../repos/typesense-main/include/core_api.h,"(42, 39)-(42, 49)",b'shared_ptr<http_req>'
typesense-main,../repos/typesense-main/include/core_api.h,"(42, 77)-(42, 87)",b'shared_ptr<http_res>'
typesense-main,../repos/typesense-main/include/core_api.h,"(44, 36)-(44, 46)",b'shared_ptr<http_req>'
typesense-main,../repos/typesense-main/include/core_api.h,"(44, 74)-(44, 84)",b'shared_ptr<http_res>'
typesense-main,../repos/typesense-main/include/core_api.h,"(46, 37)-(46, 47)",b'shared_ptr<http_req>'
typesense-main,../repos/typesense-main/include/core_api.h,"(46, 75)-(46, 85)",b'shared_ptr<http_res>'
typesense-main,../repos/typesense-main/include/core_api.h,"(48, 38)-(48, 48)",b'shared_ptr<http_req>'
typesense-main,../repos/typesense-main/include/core_api.h,"(48, 76)-(48, 86)",b'shared_ptr<http_res>'
typesense-main,../repos/typesense-main/include/core_api.h,"(52, 27)-(52, 37)",b'shared_ptr<http_req>'
typesense-main,../repos/typesense-main/include/core_api.h,"(52, 65)-(52, 75)",b'shared_ptr<http_res>'
typesense-main,../repos/typesense-main/include/core_api.h,"(54, 29)-(54, 39)",b'shared_ptr<http_req>'
typesense-main,../repos/typesense-main/include/core_api.h,"(54, 67)-(54, 77)",b'shared_ptr<http_res>'
typesense-main,../repos/typesense-main/include/core_api.h,"(56, 34)-(56, 44)",b'shared_ptr<http_req>'
typesense-main,../repos/typesense-main/include/core_api.h,"(56, 72)-(56, 82)",b'shared_ptr<http_res>'
typesense-main,../repos/typesense-main/include/core_api.h,"(58, 27)-(58, 37)",b'shared_ptr<http_req>'
typesense-main,../repos/typesense-main/include/core_api.h,"(58, 65)-(58, 75)",b'shared_ptr<http_res>'
typesense-main,../repos/typesense-main/include/core_api.h,"(62, 29)-(62, 39)",b'shared_ptr<http_req>'
typesense-main,../repos/typesense-main/include/core_api.h,"(62, 67)-(62, 77)",b'shared_ptr<http_res>'
typesense-main,../repos/typesense-main/include/core_api.h,"(64, 28)-(64, 38)",b'shared_ptr<http_req>'
typesense-main,../repos/typesense-main/include/core_api.h,"(64, 66)-(64, 76)",b'shared_ptr<http_res>'
typesense-main,../repos/typesense-main/include/core_api.h,"(66, 35)-(66, 45)",b'shared_ptr<http_req>'
typesense-main,../repos/typesense-main/include/core_api.h,"(66, 73)-(66, 83)",b'shared_ptr<http_res>'
typesense-main,../repos/typesense-main/include/core_api.h,"(68, 28)-(68, 38)",b'shared_ptr<http_req>'
typesense-main,../repos/typesense-main/include/core_api.h,"(68, 66)-(68, 76)",b'shared_ptr<http_res>'
typesense-main,../repos/typesense-main/include/core_api.h,"(72, 31)-(72, 41)",b'shared_ptr<http_req>'
typesense-main,../repos/typesense-main/include/core_api.h,"(72, 69)-(72, 79)",b'shared_ptr<http_res>'
typesense-main,../repos/typesense-main/include/core_api.h,"(74, 30)-(74, 40)",b'shared_ptr<http_req>'
typesense-main,../repos/typesense-main/include/core_api.h,"(74, 68)-(74, 78)",b'shared_ptr<http_res>'
typesense-main,../repos/typesense-main/include/core_api.h,"(76, 37)-(76, 47)",b'shared_ptr<http_req>'
typesense-main,../repos/typesense-main/include/core_api.h,"(76, 75)-(76, 85)",b'shared_ptr<http_res>'
typesense-main,../repos/typesense-main/include/core_api.h,"(78, 30)-(78, 40)",b'shared_ptr<http_req>'
typesense-main,../repos/typesense-main/include/core_api.h,"(78, 68)-(78, 78)",b'shared_ptr<http_res>'
typesense-main,../repos/typesense-main/include/core_api.h,"(82, 31)-(82, 41)",b'shared_ptr<http_req>'
typesense-main,../repos/typesense-main/include/core_api.h,"(82, 69)-(82, 79)",b'shared_ptr<http_res>'
typesense-main,../repos/typesense-main/include/core_api.h,"(84, 30)-(84, 40)",b'shared_ptr<http_req>'
typesense-main,../repos/typesense-main/include/core_api.h,"(84, 68)-(84, 78)",b'shared_ptr<http_res>'
typesense-main,../repos/typesense-main/include/core_api.h,"(86, 30)-(86, 40)",b'shared_ptr<http_req>'
typesense-main,../repos/typesense-main/include/core_api.h,"(86, 68)-(86, 78)",b'shared_ptr<http_res>'
typesense-main,../repos/typesense-main/include/core_api.h,"(88, 30)-(88, 40)",b'shared_ptr<http_req>'
typesense-main,../repos/typesense-main/include/core_api.h,"(88, 68)-(88, 78)",b'shared_ptr<http_res>'
typesense-main,../repos/typesense-main/include/core_api.h,"(92, 30)-(92, 40)",b'shared_ptr<http_req>'
typesense-main,../repos/typesense-main/include/core_api.h,"(92, 68)-(92, 78)",b'shared_ptr<http_res>'
typesense-main,../repos/typesense-main/include/core_api.h,"(94, 29)-(94, 39)",b'shared_ptr<http_req>'
typesense-main,../repos/typesense-main/include/core_api.h,"(94, 67)-(94, 77)",b'shared_ptr<http_res>'
typesense-main,../repos/typesense-main/include/core_api.h,"(96, 29)-(96, 39)",b'shared_ptr<http_req>'
typesense-main,../repos/typesense-main/include/core_api.h,"(96, 67)-(96, 77)",b'shared_ptr<http_res>'
typesense-main,../repos/typesense-main/include/core_api.h,"(98, 29)-(98, 39)",b'shared_ptr<http_req>'
typesense-main,../repos/typesense-main/include/core_api.h,"(98, 67)-(98, 77)",b'shared_ptr<http_res>'
typesense-main,../repos/typesense-main/include/core_api.h,"(102, 26)-(102, 36)",b'shared_ptr<http_req>'
typesense-main,../repos/typesense-main/include/core_api.h,"(102, 64)-(102, 74)",b'shared_ptr<http_res>'
typesense-main,../repos/typesense-main/include/core_api.h,"(104, 33)-(104, 43)",b'shared_ptr<http_req>'
typesense-main,../repos/typesense-main/include/core_api.h,"(104, 71)-(104, 81)",b'shared_ptr<http_res>'
typesense-main,../repos/typesense-main/include/core_api.h,"(106, 25)-(106, 35)",b'shared_ptr<http_req>'
typesense-main,../repos/typesense-main/include/core_api.h,"(106, 63)-(106, 73)",b'shared_ptr<http_res>'
typesense-main,../repos/typesense-main/include/core_api.h,"(108, 25)-(108, 35)",b'shared_ptr<http_req>'
typesense-main,../repos/typesense-main/include/core_api.h,"(108, 63)-(108, 73)",b'shared_ptr<http_res>'
typesense-main,../repos/typesense-main/include/core_api.h,"(112, 27)-(112, 37)",b'shared_ptr<http_req>'
typesense-main,../repos/typesense-main/include/core_api.h,"(112, 65)-(112, 75)",b'shared_ptr<http_res>'
typesense-main,../repos/typesense-main/include/core_api.h,"(114, 28)-(114, 38)",b'shared_ptr<http_req>'
typesense-main,../repos/typesense-main/include/core_api.h,"(114, 66)-(114, 76)",b'shared_ptr<http_res>'
typesense-main,../repos/typesense-main/include/core_api.h,"(116, 29)-(116, 39)",b'shared_ptr<http_req>'
typesense-main,../repos/typesense-main/include/core_api.h,"(116, 67)-(116, 77)",b'shared_ptr<http_res>'
typesense-main,../repos/typesense-main/include/core_api.h,"(118, 34)-(118, 44)",b'shared_ptr<http_req>'
typesense-main,../repos/typesense-main/include/core_api.h,"(118, 72)-(118, 82)",b'shared_ptr<http_res>'
typesense-main,../repos/typesense-main/include/core_api.h,"(120, 32)-(120, 42)",b'shared_ptr<http_req>'
typesense-main,../repos/typesense-main/include/core_api.h,"(120, 70)-(120, 80)",b'shared_ptr<http_res>'
typesense-main,../repos/typesense-main/include/core_api.h,"(122, 28)-(122, 38)",b'shared_ptr<http_req>'
typesense-main,../repos/typesense-main/include/core_api.h,"(122, 66)-(122, 76)",b'shared_ptr<http_res>'
typesense-main,../repos/typesense-main/include/core_api.h,"(126, 31)-(126, 41)",b'shared_ptr<http_req>'
typesense-main,../repos/typesense-main/include/core_api.h,"(126, 69)-(126, 79)",b'shared_ptr<http_res>'
typesense-main,../repos/typesense-main/include/core_api.h,"(128, 27)-(128, 37)",b'shared_ptr<http_req>'
typesense-main,../repos/typesense-main/include/core_api.h,"(128, 65)-(128, 75)",b'shared_ptr<http_res>'
typesense-main,../repos/typesense-main/include/core_api.h,"(130, 29)-(130, 39)",b'shared_ptr<http_req>'
typesense-main,../repos/typesense-main/include/core_api.h,"(130, 67)-(130, 77)",b'shared_ptr<http_res>'
typesense-main,../repos/typesense-main/include/core_api.h,"(132, 34)-(132, 44)",b'shared_ptr<http_req>'
typesense-main,../repos/typesense-main/include/core_api.h,"(132, 72)-(132, 82)",b'shared_ptr<http_res>'
typesense-main,../repos/typesense-main/include/core_api.h,"(134, 33)-(134, 43)",b'shared_ptr<http_req>'
typesense-main,../repos/typesense-main/include/core_api.h,"(134, 71)-(134, 81)",b'shared_ptr<http_res>'
typesense-main,../repos/typesense-main/include/core_api.h,"(136, 34)-(136, 44)",b'shared_ptr<http_req>'
typesense-main,../repos/typesense-main/include/core_api.h,"(136, 72)-(136, 82)",b'shared_ptr<http_res>'
typesense-main,../repos/typesense-main/include/core_api.h,"(140, 33)-(140, 43)",b'shared_ptr<http_req>'
typesense-main,../repos/typesense-main/include/core_api.h,"(140, 71)-(140, 81)",b'shared_ptr<http_res>'
typesense-main,../repos/typesense-main/include/core_api.h,"(142, 32)-(142, 42)",b'shared_ptr<http_req>'
typesense-main,../repos/typesense-main/include/core_api.h,"(142, 70)-(142, 80)",b'shared_ptr<http_res>'
typesense-main,../repos/typesense-main/include/core_api.h,"(144, 32)-(144, 42)",b'shared_ptr<http_req>'
typesense-main,../repos/typesense-main/include/core_api.h,"(144, 70)-(144, 80)",b'shared_ptr<http_res>'
typesense-main,../repos/typesense-main/include/core_api.h,"(146, 32)-(146, 42)",b'shared_ptr<http_req>'
typesense-main,../repos/typesense-main/include/core_api.h,"(146, 70)-(146, 80)",b'shared_ptr<http_res>'
typesense-main,../repos/typesense-main/include/core_api.h,"(148, 33)-(148, 43)",b'shared_ptr<http_req>'
typesense-main,../repos/typesense-main/include/core_api.h,"(148, 71)-(148, 81)",b'shared_ptr<http_res>'
typesense-main,../repos/typesense-main/include/core_api.h,"(150, 38)-(150, 48)",b'shared_ptr<http_req>'
typesense-main,../repos/typesense-main/include/core_api.h,"(150, 76)-(150, 86)",b'shared_ptr<http_res>'
typesense-main,../repos/typesense-main/include/core_api.h,"(152, 41)-(152, 51)",b'shared_ptr<http_req>'
typesense-main,../repos/typesense-main/include/core_api.h,"(152, 79)-(152, 89)",b'shared_ptr<http_res>'
typesense-main,../repos/typesense-main/include/core_api.h,"(154, 30)-(154, 40)",b'shared_ptr<http_req>'
typesense-main,../repos/typesense-main/include/core_api.h,"(154, 68)-(154, 78)",b'shared_ptr<http_res>'
typesense-main,../repos/typesense-main/include/core_api.h,"(156, 28)-(156, 38)",b'shared_ptr<http_req>'
typesense-main,../repos/typesense-main/include/core_api.h,"(156, 66)-(156, 76)",b'shared_ptr<http_res>'
typesense-main,../repos/typesense-main/include/core_api.h,"(160, 35)-(160, 45)",b'shared_ptr<http_req>'
typesense-main,../repos/typesense-main/include/core_api.h,"(160, 73)-(160, 83)",b'shared_ptr<http_res>'
typesense-main,../repos/typesense-main/include/core_api.h,"(162, 37)-(162, 47)",b'shared_ptr<http_req>'
typesense-main,../repos/typesense-main/include/core_api.h,"(162, 75)-(162, 85)",b'shared_ptr<http_res>'
typesense-main,../repos/typesense-main/include/core_api.h,"(164, 36)-(164, 46)",b'shared_ptr<http_req>'
typesense-main,../repos/typesense-main/include/core_api.h,"(164, 74)-(164, 84)",b'shared_ptr<http_res>'
typesense-main,../repos/typesense-main/include/core_api.h,"(166, 45)-(166, 55)",b'shared_ptr<http_req>'
typesense-main,../repos/typesense-main/include/core_api.h,"(166, 83)-(166, 93)",b'shared_ptr<http_res>'
typesense-main,../repos/typesense-main/include/core_api.h,"(168, 44)-(168, 54)",b'shared_ptr<http_req>'
typesense-main,../repos/typesense-main/include/core_api.h,"(168, 82)-(168, 92)",b'shared_ptr<http_res>'
typesense-main,../repos/typesense-main/include/core_api.h,"(170, 37)-(170, 47)",b'shared_ptr<http_req>'
typesense-main,../repos/typesense-main/include/core_api.h,"(170, 75)-(170, 85)",b'shared_ptr<http_res>'
typesense-main,../repos/typesense-main/include/core_api.h,"(172, 39)-(172, 49)",b'shared_ptr<http_req>'
typesense-main,../repos/typesense-main/include/core_api.h,"(172, 77)-(172, 87)",b'shared_ptr<http_res>'
typesense-main,../repos/typesense-main/include/core_api.h,"(174, 39)-(174, 49)",b'shared_ptr<http_req>'
typesense-main,../repos/typesense-main/include/core_api.h,"(174, 77)-(174, 87)",b'shared_ptr<http_res>'
typesense-main,../repos/typesense-main/include/core_api.h,"(194, 28)-(194, 38)",b'shared_ptr<http_req>'
typesense-main,../repos/typesense-main/include/core_api.h,"(194, 66)-(194, 76)",b'shared_ptr<http_res>'
typesense-main,../repos/typesense-main/include/core_api.h,"(197, 35)-(197, 45)",b'shared_ptr<http_req>'
typesense-main,../repos/typesense-main/include/core_api.h,"(197, 73)-(197, 83)",b'shared_ptr<http_res>'
typesense-main,../repos/typesense-main/include/core_api.h,"(199, 34)-(199, 44)",b'shared_ptr<http_req>'
typesense-main,../repos/typesense-main/include/core_api.h,"(199, 72)-(199, 82)",b'shared_ptr<http_res>'
typesense-main,../repos/typesense-main/include/core_api.h,"(201, 34)-(201, 44)",b'shared_ptr<http_req>'
typesense-main,../repos/typesense-main/include/core_api.h,"(201, 72)-(201, 82)",b'shared_ptr<http_res>'
typesense-main,../repos/typesense-main/include/core_api.h,"(203, 34)-(203, 44)",b'shared_ptr<http_req>'
typesense-main,../repos/typesense-main/include/core_api.h,"(203, 72)-(203, 82)",b'shared_ptr<http_res>'
typesense-main,../repos/typesense-main/include/core_api.h,"(206, 41)-(206, 51)",b'shared_ptr<http_req>'
typesense-main,../repos/typesense-main/include/core_api.h,"(206, 79)-(206, 89)",b'shared_ptr<http_res>'
typesense-main,../repos/typesense-main/include/core_api.h,"(208, 40)-(208, 50)",b'shared_ptr<http_req>'
typesense-main,../repos/typesense-main/include/core_api.h,"(208, 78)-(208, 88)",b'shared_ptr<http_res>'
typesense-main,../repos/typesense-main/include/core_api.h,"(210, 40)-(210, 50)",b'shared_ptr<http_req>'
typesense-main,../repos/typesense-main/include/core_api.h,"(210, 78)-(210, 88)",b'shared_ptr<http_res>'
typesense-main,../repos/typesense-main/include/core_api.h,"(212, 41)-(212, 51)",b'shared_ptr<http_req>'
typesense-main,../repos/typesense-main/include/core_api.h,"(212, 79)-(212, 89)",b'shared_ptr<http_res>'
typesense-main,../repos/typesense-main/include/core_api.h,"(214, 40)-(214, 50)",b'shared_ptr<http_req>'
typesense-main,../repos/typesense-main/include/core_api.h,"(214, 78)-(214, 88)",b'shared_ptr<http_res>'
typesense-main,../repos/typesense-main/include/image_embedder.h,"(32, 38)-(32, 48)",b'shared_ptr<Ort::Session>'
typesense-main,../repos/typesense-main/include/image_embedder.h,"(32, 84)-(32, 94)",b'shared_ptr<Ort::Env>'
typesense-main,../repos/typesense-main/include/json.hpp,"(19613, 14)-(19613, 24)","b'unique_ptr<T, decltype(deleter)>'"
typesense-main,../repos/typesense-main/include/raft_server.h,"(57, 14)-(57, 24)",b'unique_ptr<RefreshNodesClosure>'
typesense-main,../repos/typesense-main/include/stackprinter.h,"(20, 14)-(20, 24)",b'shared_ptr<FILE>'
typesense-main,../repos/typesense-main/include/store.h,"(229, 14)-(229, 24)",b'unique_ptr<rocksdb::TransactionLogIterator>'
typesense-main,../repos/typesense-main/include/tsl/htrie_hash.h,"(893, 12)-(893, 22)",b'unique_ptr<anode>'
typesense-main,../repos/typesense-main/include/tsl/htrie_hash.h,"(1380, 12)-(1380, 22)",b'unique_ptr<trie_node>'
typesense-main,../repos/typesense-main/src/batched_indexer.cpp,"(174, 28)-(174, 38)",b'shared_ptr<http_req>'
typesense-main,../repos/typesense-main/src/batched_indexer.cpp,"(175, 28)-(175, 38)",b'shared_ptr<http_res>'
typesense-main,../repos/typesense-main/src/batched_indexer.cpp,"(431, 14)-(431, 24)",b'shared_ptr<http_req>'
typesense-main,../repos/typesense-main/src/batched_indexer.cpp,"(434, 14)-(434, 24)",b'shared_ptr<http_res>'
typesense-main,../repos/typesense-main/src/collection.cpp,"(1149, 18)-(1149, 28)",b'unique_ptr<filter_node_t []>'
typesense-main,../repos/typesense-main/src/collection.cpp,"(1160, 22)-(1160, 32)",b'unique_ptr<filter_node_t>'
typesense-main,../repos/typesense-main/src/collection.cpp,"(2016, 10)-(2016, 20)",b'unique_ptr<filter_node_t>'
typesense-main,../repos/typesense-main/src/collection.cpp,"(2302, 10)-(2302, 20)",b'unique_ptr<search_args>'
typesense-main,../repos/typesense-main/src/collection.cpp,"(3548, 10)-(3548, 20)",b'unique_ptr<filter_node_t>'
typesense-main,../repos/typesense-main/src/collection.cpp,"(3577, 10)-(3577, 20)",b'unique_ptr<filter_node_t>'
typesense-main,../repos/typesense-main/src/collection.cpp,"(4791, 10)-(4791, 20)",b'unique_ptr<rocksdb::Iterator>'
typesense-main,../repos/typesense-main/src/collection.cpp,"(5596, 10)-(5596, 20)",b'unique_ptr<rocksdb::Iterator>'
typesense-main,../repos/typesense-main/src/collection_manager.cpp,"(141, 10)-(141, 20)",b'shared_ptr<VQModel>'
typesense-main,../repos/typesense-main/src/collection_manager.cpp,"(1169, 10)-(1169, 20)",b'unique_ptr<CollectionManager::ref_include_col...'
typesense-main,../repos/typesense-main/src/collection_manager.cpp,"(1967, 10)-(1967, 20)",b'shared_ptr<VQModel>'
typesense-main,../repos/typesense-main/src/collection_manager.cpp,"(2092, 10)-(2092, 20)",b'unique_ptr<rocksdb::Iterator>'
typesense-main,../repos/typesense-main/src/embedder_manager.cpp,"(127, 16)-(127, 26)",b'shared_ptr<TextEmbedder>'
typesense-main,../repos/typesense-main/src/filter_result_iterator.cpp,"(1010, 18)-(1010, 28)",b'unique_ptr<S2Region>'
typesense-main,../repos/typesense-main/src/filter_result_iterator.cpp,"(1896, 18)-(1896, 28)",b'unique_ptr<uint32_t[]>'
typesense-main,../repos/typesense-main/src/http_client.cpp,"(72, 10)-(72, 20)",b'unique_ptr<deferred_req_res_t>'
typesense-main,../repos/typesense-main/src/http_server.cpp,"(488, 10)-(488, 20)",b'shared_ptr<http_req>'
typesense-main,../repos/typesense-main/src/http_server.cpp,"(494, 10)-(494, 20)",b'shared_ptr<http_res>'
typesense-main,../repos/typesense-main/src/http_server.cpp,"(566, 16)-(566, 26)",b'shared_ptr<http_req>'
typesense-main,../repos/typesense-main/src/http_server.cpp,"(567, 16)-(567, 26)",b'shared_ptr<http_res>'
typesense-main,../repos/typesense-main/src/http_server.cpp,"(704, 16)-(704, 26)",b'shared_ptr<http_req>'
typesense-main,../repos/typesense-main/src/http_server.cpp,"(705, 16)-(705, 26)",b'shared_ptr<http_res>'
typesense-main,../repos/typesense-main/src/index.cpp,"(1816, 10)-(1816, 20)",b'unique_ptr<filter_result_t>'
typesense-main,../repos/typesense-main/src/index.cpp,"(1871, 10)-(1871, 20)",b'unique_ptr<filter_result_t>'
typesense-main,../repos/typesense-main/src/index.cpp,"(1880, 10)-(1880, 20)",b'unique_ptr<uint32_t[]>'
typesense-main,../repos/typesense-main/src/index.cpp,"(2843, 10)-(2843, 20)",b'unique_ptr<filter_result_iterator_t>'
typesense-main,../repos/typesense-main/src/index.cpp,"(5956, 18)-(5956, 28)",b'unique_ptr<filter_result_t>'
typesense-main,../repos/typesense-main/src/index.cpp,"(6056, 14)-(6056, 24)",b'unique_ptr<filter_result_t>'
typesense-main,../repos/typesense-main/src/raft_server.cpp,"(27, 10)-(27, 20)",b'unique_ptr<ReplicationClosure>'
typesense-main,../repos/typesense-main/src/raft_server.cpp,"(439, 20)-(439, 30)",b'shared_ptr<http_req>'
typesense-main,../repos/typesense-main/src/raft_server.cpp,"(444, 20)-(444, 30)",b'shared_ptr<http_res>'
typesense-main,../repos/typesense-main/src/raft_server.cpp,"(476, 10)-(476, 20)",b'unique_ptr<SnapshotArg>'
typesense-main,../repos/typesense-main/src/raft_server.cpp,"(564, 14)-(564, 24)",b'unique_ptr<rocksdb::Checkpoint>'
typesense-main,../repos/typesense-main/src/raft_server.cpp,"(575, 18)-(575, 28)",b'unique_ptr<rocksdb::Checkpoint>'
typesense-main,../repos/typesense-main/src/raft_server.cpp,"(1105, 10)-(1105, 20)",b'unique_ptr<TimedSnapshotClosure>'
typesense-main,../repos/typesense-main/src/raft_server.cpp,"(1116, 10)-(1116, 20)",b'unique_ptr<OnDemandSnapshotClosure>'
typesense-main,../repos/typesense-main/src/typesense_server_utils.cpp,"(405, 10)-(405, 20)",b'unique_ptr<Store>'
typesense-main,../repos/typesense-main/test/analytics_manager_test.cpp,"(271, 10)-(271, 20)",b'shared_ptr<http_req>'
typesense-main,../repos/typesense-main/test/analytics_manager_test.cpp,"(272, 10)-(272, 20)",b'shared_ptr<http_res>'
typesense-main,../repos/typesense-main/test/analytics_manager_test.cpp,"(325, 10)-(325, 20)",b'shared_ptr<http_req>'
typesense-main,../repos/typesense-main/test/analytics_manager_test.cpp,"(326, 10)-(326, 20)",b'shared_ptr<http_res>'
typesense-main,../repos/typesense-main/test/analytics_manager_test.cpp,"(378, 10)-(378, 20)",b'shared_ptr<http_req>'
typesense-main,../repos/typesense-main/test/analytics_manager_test.cpp,"(379, 10)-(379, 20)",b'shared_ptr<http_res>'
typesense-main,../repos/typesense-main/test/analytics_manager_test.cpp,"(468, 10)-(468, 20)",b'shared_ptr<http_req>'
typesense-main,../repos/typesense-main/test/analytics_manager_test.cpp,"(469, 10)-(469, 20)",b'shared_ptr<http_res>'
typesense-main,../repos/typesense-main/test/analytics_manager_test.cpp,"(909, 10)-(909, 20)",b'shared_ptr<http_req>'
typesense-main,../repos/typesense-main/test/analytics_manager_test.cpp,"(910, 10)-(910, 20)",b'shared_ptr<http_res>'
typesense-main,../repos/typesense-main/test/collection_vector_search_test.cpp,"(3344, 10)-(3344, 20)",b'shared_ptr<http_req>'
typesense-main,../repos/typesense-main/test/collection_vector_search_test.cpp,"(3345, 10)-(3345, 20)",b'shared_ptr<http_res>'
typesense-main,../repos/typesense-main/test/core_api_utils_test.cpp,"(204, 10)-(204, 20)",b'shared_ptr<http_req>'
typesense-main,../repos/typesense-main/test/core_api_utils_test.cpp,"(205, 10)-(205, 20)",b'shared_ptr<http_res>'
typesense-main,../repos/typesense-main/test/core_api_utils_test.cpp,"(276, 10)-(276, 20)",b'shared_ptr<http_req>'
typesense-main,../repos/typesense-main/test/core_api_utils_test.cpp,"(277, 10)-(277, 20)",b'shared_ptr<http_res>'
typesense-main,../repos/typesense-main/test/core_api_utils_test.cpp,"(644, 10)-(644, 20)",b'shared_ptr<http_req>'
typesense-main,../repos/typesense-main/test/core_api_utils_test.cpp,"(645, 10)-(645, 20)",b'shared_ptr<http_res>'
typesense-main,../repos/typesense-main/test/core_api_utils_test.cpp,"(718, 10)-(718, 20)",b'shared_ptr<http_req>'
typesense-main,../repos/typesense-main/test/core_api_utils_test.cpp,"(719, 10)-(719, 20)",b'shared_ptr<http_res>'
typesense-main,../repos/typesense-main/test/core_api_utils_test.cpp,"(960, 10)-(960, 20)",b'shared_ptr<http_req>'
typesense-main,../repos/typesense-main/test/core_api_utils_test.cpp,"(961, 10)-(961, 20)",b'shared_ptr<http_res>'
typesense-main,../repos/typesense-main/test/core_api_utils_test.cpp,"(1020, 10)-(1020, 20)",b'shared_ptr<http_req>'
typesense-main,../repos/typesense-main/test/core_api_utils_test.cpp,"(1021, 10)-(1021, 20)",b'shared_ptr<http_res>'
typesense-main,../repos/typesense-main/test/filter_test.cpp,"(519, 10)-(519, 20)",b'unique_ptr<filter_result_iterator_t>'
typesense-main,../repos/typesense-main/test/filter_test.cpp,"(546, 10)-(546, 20)",b'unique_ptr<filter_result_iterator_t>'
typesense-main,../repos/typesense-main/test/numeric_range_trie_test.cpp,"(43, 10)-(43, 20)",b'unique_ptr<NumericTrie>'
typesense-main,../repos/typesense-main/test/numeric_range_trie_test.cpp,"(262, 10)-(262, 20)",b'unique_ptr<NumericTrie>'
typesense-main,../repos/typesense-main/test/numeric_range_trie_test.cpp,"(385, 10)-(385, 20)",b'unique_ptr<NumericTrie>'
typesense-main,../repos/typesense-main/test/numeric_range_trie_test.cpp,"(527, 10)-(527, 20)",b'unique_ptr<NumericTrie>'
typesense-main,../repos/typesense-main/test/numeric_range_trie_test.cpp,"(579, 10)-(579, 20)",b'unique_ptr<NumericTrie>'
typesense-main,../repos/typesense-main/test/numeric_range_trie_test.cpp,"(644, 10)-(644, 20)",b'unique_ptr<NumericTrie>'
typesense-main,../repos/typesense-main/test/numeric_range_trie_test.cpp,"(744, 10)-(744, 20)",b'unique_ptr<NumericTrie>'
typesense-main,../repos/typesense-main/test/numeric_range_trie_test.cpp,"(823, 10)-(823, 20)",b'unique_ptr<NumericTrie>'
typesense-main,../repos/typesense-main/test/numeric_range_trie_test.cpp,"(829, 10)-(829, 20)",b'unique_ptr<uint32_t[]>'
typesense-main,../repos/typesense-main/test/ratelimit_test.cpp,"(559, 10)-(559, 20)",b'shared_ptr<http_req>'
typesense-main,../repos/typesense-main/test/ratelimit_test.cpp,"(560, 10)-(560, 20)",b'shared_ptr<http_res>'
typesense-main,../repos/typesense-main/test/stopwords_manager_test.cpp,"(206, 10)-(206, 20)",b'shared_ptr<http_req>'
typesense-main,../repos/typesense-main/test/stopwords_manager_test.cpp,"(207, 10)-(207, 20)",b'shared_ptr<http_res>'
typesense-main,../repos/typesense-main/test/stopwords_manager_test.cpp,"(326, 10)-(326, 20)",b'shared_ptr<http_req>'
typesense-main,../repos/typesense-main/test/stopwords_manager_test.cpp,"(327, 10)-(327, 20)",b'shared_ptr<http_res>'
typesense-main,../repos/typesense-main/test/stopwords_manager_test.cpp,"(387, 10)-(387, 20)",b'shared_ptr<http_req>'
typesense-main,../repos/typesense-main/test/stopwords_manager_test.cpp,"(388, 10)-(388, 20)",b'shared_ptr<http_res>'
