Repo name,File name,Location,Content
typesense-main,../repos/typesense-main/include/backward.hpp,"(3837, 9)-(3837, 69)",b'int_type underflow() override { return traits...'
typesense-main,../repos/typesense-main/include/backward.hpp,"(3838, 9)-(3843, 10)",b'int_type overflow(int_type ch) override {\n   ...'
typesense-main,../repos/typesense-main/include/backward.hpp,"(3845, 9)-(3848, 10)","b'std::streamsize xsputn(const char_type *s, st...'"
typesense-main,../repos/typesense-main/include/collection.h,"(619, 5)-(622, 6)","b'std::map<std::string, override_t> get_overrid...'"
typesense-main,../repos/typesense-main/include/core_api_utils.h,"(14, 5)-(18, 6)",b'~deletion_state_t() override {\n        for(au...'
typesense-main,../repos/typesense-main/include/core_api_utils.h,"(36, 5)-(43, 6)",b'~export_state_t() override {\n        for(auto...'
typesense-main,../repos/typesense-main/include/dr_wav.h,"(4399, 1)-(4512, 2)",b'DRWAV_PRIVATE drwav_bool32 drwav_init_write__...'
typesense-main,../repos/typesense-main/include/dr_wav.h,"(5527, 1)-(5623, 2)",b'DRWAV_API drwav_result drwav_uninit(drwav* pW...'
typesense-main,../repos/typesense-main/include/http_data.h,"(58, 5)-(61, 6)","b'http_res(void* generator): status_code(0), co...'"
typesense-main,../repos/typesense-main/include/http_data.h,"(67, 5)-(72, 6)","b'void set_content(uint32_t status_code, const ...'"
typesense-main,../repos/typesense-main/include/http_server.h,"(69, 5)-(87, 6)",b'async_req_res_t(const std::shared_ptr<http_re...'
typesense-main,../repos/typesense-main/include/image_embedder.h,"(35, 9)-(37, 10)",b'virtual ImageEmbedderType get_image_embedder_...'
typesense-main,../repos/typesense-main/include/index.h,"(289, 5)-(304, 6)",b'bool operator()(hnswlib::labeltype id) overri...'
typesense-main,../repos/typesense-main/include/json.hpp,"(4294, 1)-(4525, 2)",b'NLOHMANN_JSON_NAMESPACE_END\n\n\nNLOHMANN_JSON_N...'
typesense-main,../repos/typesense-main/include/json.hpp,"(4311, 5)-(4314, 6)",b'const char* what() const noexcept override\n  ...'
typesense-main,../repos/typesense-main/include/json.hpp,"(14395, 5)-(14453, 6)",b'static std::vector<string_t> split(const stri...'
typesense-main,../repos/typesense-main/include/json.hpp,"(14863, 1)-(14984, 2)",b'NLOHMANN_JSON_NAMESPACE_BEGIN\nnamespace detai...'
typesense-main,../repos/typesense-main/include/json.hpp,"(14894, 5)-(14897, 6)",b'void write_character(CharType c) override\n   ...'
typesense-main,../repos/typesense-main/include/json.hpp,"(14899, 5)-(14903, 6)",b'JSON_HEDLEY_NON_NULL(2)\n    void write_charac...'
typesense-main,../repos/typesense-main/include/json.hpp,"(14919, 5)-(14922, 6)",b'void write_character(CharType c) override\n   ...'
typesense-main,../repos/typesense-main/include/json.hpp,"(14924, 5)-(14928, 6)",b'JSON_HEDLEY_NON_NULL(2)\n    void write_charac...'
typesense-main,../repos/typesense-main/include/json.hpp,"(14944, 5)-(14947, 6)",b'void write_character(CharType c) override\n   ...'
typesense-main,../repos/typesense-main/include/json.hpp,"(14949, 5)-(14953, 6)",b'JSON_HEDLEY_NON_NULL(2)\n    void write_charac...'
typesense-main,../repos/typesense-main/include/override.h,"(49, 5)-(49, 28)",b'override_t() = default;'
typesense-main,../repos/typesense-main/include/sse2neon.h,"(1240, 1)-(1250, 2)","b'FORCE_INLINE __m128 _mm_cmpord_ps(__m128 a, _...'"
typesense-main,../repos/typesense-main/include/sse2neon.h,"(4731, 1)-(4809, 2)",b'FORCE_INLINE int _mm_movemask_epi8(__m128i a)...'
typesense-main,../repos/typesense-main/include/store.h,"(27, 5)-(35, 6)","b'virtual bool Merge(const rocksdb::Slice& key,...'"
typesense-main,../repos/typesense-main/include/store.h,"(37, 5)-(39, 6)",b'virtual const char* Name() const override {\n ...'
typesense-main,../repos/typesense-main/include/text_embedder_tokenizer.h,"(47, 9)-(49, 10)",b'virtual TokenizerType get_tokenizer_type() ov...'
typesense-main,../repos/typesense-main/include/text_embedder_tokenizer.h,"(73, 9)-(75, 10)",b'virtual TokenizerType get_tokenizer_type() ov...'
typesense-main,../repos/typesense-main/include/text_embedder_tokenizer.h,"(85, 9)-(87, 10)",b'virtual TokenizerType get_tokenizer_type() ov...'
typesense-main,../repos/typesense-main/include/wyhash_v5.h,"(149, 1)-(152, 2)",b'static inline uint64_t wyhash_final(wyhash_co...'
typesense-main,../repos/typesense-main/src/analytics_manager.cpp,"(429, 1)-(511, 2)",b'void AnalyticsManager::persist_query_events(R...'
typesense-main,../repos/typesense-main/src/auth_manager.cpp,"(258, 1)-(326, 2)",b'Option<bool> AuthManager::authenticate_parse_...'
typesense-main,../repos/typesense-main/src/batched_indexer.cpp,"(123, 1)-(352, 2)",b'void BatchedIndexer::run() {\n    LOG(INFO) <<...'
typesense-main,../repos/typesense-main/src/collection.cpp,"(830, 1)-(923, 2)",b'bool Collection::does_override_match(const ov...'
typesense-main,../repos/typesense-main/src/collection.cpp,"(925, 1)-(1077, 2)",b'void Collection::curate_results(string& actua...'
typesense-main,../repos/typesense-main/src/collection.cpp,"(1648, 1)-(3014, 2)",b'Option<nlohmann::json> Collection::search(std...'
typesense-main,../repos/typesense-main/src/collection.cpp,"(3320, 1)-(3358, 2)",b'void Collection::process_filter_overrides(std...'
typesense-main,../repos/typesense-main/src/collection.cpp,"(4364, 1)-(4389, 2)",b'Option<uint32_t> Collection::add_override(con...'
typesense-main,../repos/typesense-main/src/collection.cpp,"(4391, 1)-(4411, 2)",b'Option<uint32_t> Collection::remove_override(...'
typesense-main,../repos/typesense-main/src/collection.cpp,"(4536, 1)-(4538, 2)",b'std::string Collection::get_override_key(cons...'
typesense-main,../repos/typesense-main/src/collection_manager.cpp,"(422, 1)-(435, 2)",b'bool CollectionManager::auth_key_matches(cons...'
typesense-main,../repos/typesense-main/src/collection_manager.cpp,"(578, 1)-(655, 2)",b'Option<nlohmann::json> CollectionManager::dro...'
typesense-main,../repos/typesense-main/src/collection_manager.cpp,"(1299, 1)-(1846, 2)",b'Option<bool> CollectionManager::do_search(std...'
typesense-main,../repos/typesense-main/src/collection_manager.cpp,"(2004, 1)-(2177, 2)",b'Option<bool> CollectionManager::load_collecti...'
typesense-main,../repos/typesense-main/src/collection_manager.cpp,"(2224, 1)-(2282, 2)",b'Option<Collection*> CollectionManager::clone_...'
typesense-main,../repos/typesense-main/src/core_api.cpp,"(858, 1)-(991, 2)",b'bool get_export_documents(const std::shared_p...'
typesense-main,../repos/typesense-main/src/core_api.cpp,"(993, 1)-(1193, 2)",b'bool post_import_documents(const std::shared_...'
typesense-main,../repos/typesense-main/src/core_api.cpp,"(1388, 1)-(1535, 2)",b'bool del_remove_documents(const std::shared_p...'
typesense-main,../repos/typesense-main/src/core_api.cpp,"(1628, 1)-(1648, 2)",b'bool get_overrides(const std::shared_ptr<http...'
typesense-main,../repos/typesense-main/src/core_api.cpp,"(1650, 1)-(1671, 2)",b'bool get_override(const std::shared_ptr<http_...'
typesense-main,../repos/typesense-main/src/core_api.cpp,"(1673, 1)-(1714, 2)",b'bool put_override(const std::shared_ptr<http_...'
typesense-main,../repos/typesense-main/src/core_api.cpp,"(1716, 1)-(1736, 2)",b'bool del_override(const std::shared_ptr<http_...'
typesense-main,../repos/typesense-main/src/core_api.cpp,"(1859, 1)-(1876, 2)",b'bool post_snapshot(const std::shared_ptr<http...'
typesense-main,../repos/typesense-main/src/filter_result_iterator.cpp,"(1149, 1)-(1262, 2)",b'void filter_result_iterator_t::skip_to(uint32...'
typesense-main,../repos/typesense-main/src/filter_result_iterator.cpp,"(1390, 1)-(1455, 2)",b'void filter_result_iterator_t::reset(const bo...'
typesense-main,../repos/typesense-main/src/filter_result_iterator.cpp,"(1661, 1)-(1702, 2)",b'void filter_result_iterator_t::get_n_ids(cons...'
typesense-main,../repos/typesense-main/src/filter_result_iterator.cpp,"(1704, 1)-(1765, 2)",b'void filter_result_iterator_t::get_n_ids(cons...'
typesense-main,../repos/typesense-main/src/http_client.cpp,"(275, 1)-(322, 2)",b'size_t HttpClient::curl_write_async(char *buf...'
typesense-main,../repos/typesense-main/src/http_client.cpp,"(342, 1)-(368, 2)",b'size_t HttpClient::curl_write_async_done(void...'
typesense-main,../repos/typesense-main/src/http_server.cpp,"(266, 1)-(283, 2)",b'void HttpServer::on_res_generator_dispose(voi...'
typesense-main,../repos/typesense-main/src/http_server.cpp,"(765, 1)-(772, 2)",b'void HttpServer::response_abort(h2o_generator...'
typesense-main,../repos/typesense-main/src/http_server.cpp,"(774, 1)-(796, 2)",b'void HttpServer::response_proceed(h2o_generat...'
typesense-main,../repos/typesense-main/src/index.cpp,"(1558, 1)-(1651, 2)",b'Option<bool> Index::search_all_candidates(con...'
typesense-main,../repos/typesense-main/src/index.cpp,"(2322, 1)-(2366, 2)",b'Option<bool> Index::run_search(search_args* s...'
typesense-main,../repos/typesense-main/src/index.cpp,"(2417, 1)-(2448, 2)",b'bool Index::static_filter_query_eval(const ov...'
typesense-main,../repos/typesense-main/src/index.cpp,"(2450, 1)-(2540, 2)",b'bool Index::resolve_override(const std::vecto...'
typesense-main,../repos/typesense-main/src/index.cpp,"(2542, 1)-(2621, 2)",b'void Index::process_filter_overrides(const st...'
typesense-main,../repos/typesense-main/src/index.cpp,"(2639, 1)-(2728, 2)",b'bool Index::check_for_overrides(const token_o...'
typesense-main,../repos/typesense-main/src/main/typesense_server.cpp,"(20, 1)-(126, 2)",b'void master_server_routes() {\n    // collecti...'
typesense-main,../repos/typesense-main/src/main/typesense_server.cpp,"(144, 1)-(207, 2)","b'int main(int argc, char **argv) {\n#ifndef ASA...'"
typesense-main,../repos/typesense-main/src/override.cpp,"(5, 1)-(230, 2)",b'Option<bool> override_t::parse(const nlohmann...'
typesense-main,../repos/typesense-main/src/override.cpp,"(232, 1)-(297, 2)",b'nlohmann::json override_t::to_json() const {\n...'
typesense-main,../repos/typesense-main/src/query_analytics.cpp,"(11, 1)-(51, 2)",b'void QueryAnalytics::add(const std::string& k...'
typesense-main,../repos/typesense-main/src/raft_server.cpp,"(151, 1)-(181, 2)",b'string ReplicationState::resolve_node_hosts(c...'
typesense-main,../repos/typesense-main/src/raft_server.cpp,"(231, 1)-(324, 2)",b'void ReplicationState::write(const std::share...'
typesense-main,../repos/typesense-main/src/raft_server.cpp,"(472, 1)-(540, 2)",b'void* ReplicationState::save_snapshot(void* a...'
typesense-main,../repos/typesense-main/src/raft_server.cpp,"(1114, 1)-(1151, 2)",b'void OnDemandSnapshotClosure::Run() {\n    // ...'
typesense-main,../repos/typesense-main/test/auth_manager_test.cpp,"(263, 1)-(283, 2)","b'TEST_F(AuthManagerTest, GenerationOfAPIAction...'"
typesense-main,../repos/typesense-main/test/collection_grouping_test.cpp,"(384, 1)-(471, 2)","b'TEST_F(CollectionGroupingTest, GroupingWithAr...'"
typesense-main,../repos/typesense-main/test/collection_join_test.cpp,"(3865, 1)-(4641, 2)","b'TEST_F(CollectionJoinTest, SortByReference) {...'"
typesense-main,../repos/typesense-main/test/collection_manager_test.cpp,"(384, 1)-(551, 2)","b'TEST_F(CollectionManagerTest, RestoreRecordsO...'"
typesense-main,../repos/typesense-main/test/collection_manager_test.cpp,"(1312, 1)-(1367, 2)","b'TEST_F(CollectionManagerTest, CloneCollection...'"
typesense-main,../repos/typesense-main/test/collection_override_test.cpp,"(16, 5)-(45, 6)",b'void setupCollection() {\n        std::string ...'
typesense-main,../repos/typesense-main/test/collection_override_test.cpp,"(58, 1)-(213, 2)","b'TEST_F(CollectionOverrideTest, ExcludeInclude...'"
typesense-main,../repos/typesense-main/test/collection_override_test.cpp,"(215, 1)-(304, 2)","b'TEST_F(CollectionOverrideTest, OverrideJSONVa...'"
typesense-main,../repos/typesense-main/test/collection_override_test.cpp,"(306, 1)-(415, 2)","b'TEST_F(CollectionOverrideTest, IncludeHitsFil...'"
typesense-main,../repos/typesense-main/test/collection_override_test.cpp,"(417, 1)-(526, 2)","b'TEST_F(CollectionOverrideTest, ExcludeInclude...'"
typesense-main,../repos/typesense-main/test/collection_override_test.cpp,"(528, 1)-(609, 2)","b'TEST_F(CollectionOverrideTest, FilterCuratedH...'"
typesense-main,../repos/typesense-main/test/collection_override_test.cpp,"(611, 1)-(720, 2)","b'TEST_F(CollectionOverrideTest, SimpleOverride...'"
typesense-main,../repos/typesense-main/test/collection_override_test.cpp,"(722, 1)-(817, 2)","b'TEST_F(CollectionOverrideTest, IncludeOverrid...'"
typesense-main,../repos/typesense-main/test/collection_override_test.cpp,"(819, 1)-(882, 2)","b'TEST_F(CollectionOverrideTest, ReplaceQuery) ...'"
typesense-main,../repos/typesense-main/test/collection_override_test.cpp,"(884, 1)-(955, 2)","b'TEST_F(CollectionOverrideTest, RuleQueryMustB...'"
typesense-main,../repos/typesense-main/test/collection_override_test.cpp,"(957, 1)-(999, 2)","b'TEST_F(CollectionOverrideTest, RuleQueryWithA...'"
typesense-main,../repos/typesense-main/test/collection_override_test.cpp,"(1001, 1)-(1071, 2)","b'TEST_F(CollectionOverrideTest, WindowForRule)...'"
typesense-main,../repos/typesense-main/test/collection_override_test.cpp,"(1073, 1)-(1169, 2)","b'TEST_F(CollectionOverrideTest, FilterRule) {\n...'"
typesense-main,../repos/typesense-main/test/collection_override_test.cpp,"(1171, 1)-(1268, 2)","b'TEST_F(CollectionOverrideTest, CurationGroupi...'"
typesense-main,../repos/typesense-main/test/collection_override_test.cpp,"(1270, 1)-(1391, 2)","b'TEST_F(CollectionOverrideTest, PinnedAndHidde...'"
typesense-main,../repos/typesense-main/test/collection_override_test.cpp,"(1393, 1)-(1432, 2)","b'TEST_F(CollectionOverrideTest, PinnedHitsSmal...'"
typesense-main,../repos/typesense-main/test/collection_override_test.cpp,"(1773, 1)-(1944, 2)","b'TEST_F(CollectionOverrideTest, DynamicFilteri...'"
typesense-main,../repos/typesense-main/test/collection_override_test.cpp,"(1946, 1)-(1992, 2)","b'TEST_F(CollectionOverrideTest, DynamicFilteri...'"
typesense-main,../repos/typesense-main/test/collection_override_test.cpp,"(1994, 1)-(2038, 2)","b'TEST_F(CollectionOverrideTest, DynamicFilteri...'"
typesense-main,../repos/typesense-main/test/collection_override_test.cpp,"(2040, 1)-(2118, 2)","b'TEST_F(CollectionOverrideTest, DynamicFilteri...'"
typesense-main,../repos/typesense-main/test/collection_override_test.cpp,"(2120, 1)-(2188, 2)","b'TEST_F(CollectionOverrideTest, DynamicFilteri...'"
typesense-main,../repos/typesense-main/test/collection_override_test.cpp,"(2190, 1)-(2299, 2)","b'TEST_F(CollectionOverrideTest, DynamicFilteri...'"
typesense-main,../repos/typesense-main/test/collection_override_test.cpp,"(2301, 1)-(2390, 2)","b'TEST_F(CollectionOverrideTest, DynamicFilteri...'"
typesense-main,../repos/typesense-main/test/collection_override_test.cpp,"(2392, 1)-(2502, 2)","b'TEST_F(CollectionOverrideTest, DynamicFilteri...'"
typesense-main,../repos/typesense-main/test/collection_override_test.cpp,"(2504, 1)-(2612, 2)","b'TEST_F(CollectionOverrideTest, StaticFilterin...'"
typesense-main,../repos/typesense-main/test/collection_override_test.cpp,"(2614, 1)-(2714, 2)","b'TEST_F(CollectionOverrideTest, StaticFilterin...'"
typesense-main,../repos/typesense-main/test/collection_override_test.cpp,"(2716, 1)-(2824, 2)","b'TEST_F(CollectionOverrideTest, DynamicFilteri...'"
typesense-main,../repos/typesense-main/test/collection_override_test.cpp,"(2826, 1)-(2890, 2)","b'TEST_F(CollectionOverrideTest, SynonymsApplie...'"
typesense-main,../repos/typesense-main/test/collection_override_test.cpp,"(2892, 1)-(2980, 2)","b'TEST_F(CollectionOverrideTest, StaticFilterWi...'"
typesense-main,../repos/typesense-main/test/collection_override_test.cpp,"(2982, 1)-(3077, 2)","b'TEST_F(CollectionOverrideTest, DynamicFilteri...'"
typesense-main,../repos/typesense-main/test/collection_override_test.cpp,"(3079, 1)-(3144, 2)","b'TEST_F(CollectionOverrideTest, StaticSorting)...'"
typesense-main,../repos/typesense-main/test/collection_override_test.cpp,"(3146, 1)-(3214, 2)","b'TEST_F(CollectionOverrideTest, DynamicFilteri...'"
typesense-main,../repos/typesense-main/test/collection_override_test.cpp,"(3216, 1)-(3290, 2)","b'TEST_F(CollectionOverrideTest, OverrideWithSy...'"
typesense-main,../repos/typesense-main/test/collection_override_test.cpp,"(3292, 1)-(3464, 2)","b'TEST_F(CollectionOverrideTest, OverrideWithTa...'"
typesense-main,../repos/typesense-main/test/collection_override_test.cpp,"(3466, 1)-(3543, 2)","b'TEST_F(CollectionOverrideTest, OverrideWithTa...'"
typesense-main,../repos/typesense-main/test/collection_override_test.cpp,"(3545, 1)-(3645, 2)","b'TEST_F(CollectionOverrideTest, OverrideWithTa...'"
typesense-main,../repos/typesense-main/test/collection_override_test.cpp,"(3647, 1)-(3763, 2)","b'TEST_F(CollectionOverrideTest, WildcardTagRul...'"
typesense-main,../repos/typesense-main/test/collection_override_test.cpp,"(3765, 1)-(3860, 2)","b'TEST_F(CollectionOverrideTest, TagsOnlyRule) ...'"
typesense-main,../repos/typesense-main/test/collection_override_test.cpp,"(3862, 1)-(3930, 2)","b'TEST_F(CollectionOverrideTest, MetadataValida...'"
typesense-main,../repos/typesense-main/test/collection_override_test.cpp,"(3932, 1)-(4025, 2)","b'TEST_F(CollectionOverrideTest, WildcardSearch...'"
typesense-main,../repos/typesense-main/test/collection_specific_test.cpp,"(628, 1)-(675, 2)","b'TEST_F(CollectionSpecificTest, DeleteOverride...'"
typesense-main,../repos/typesense-main/test/collection_specific_test.cpp,"(2863, 1)-(2913, 2)","b'TEST_F(CollectionSpecificTest, NonIndexField)...'"
typesense-main,../repos/typesense-main/test/collection_synonyms_test.cpp,"(16, 5)-(45, 6)",b'void setupCollection() {\n        std::string ...'
typesense-main,../repos/typesense-main/test/collection_test.cpp,"(1408, 1)-(1512, 2)","b'TEST_F(CollectionTest, ImportDocumentsUpsertO...'"
typesense-main,../repos/typesense-main/test/collection_vector_search_test.cpp,"(47, 1)-(237, 2)","b'TEST_F(CollectionVectorTest, BasicVectorQuery...'"
typesense-main,../repos/typesense-main/test/conversation_test.cpp,"(7, 9)-(12, 10)",b'void SetUp() override {\n            std::stri...'
typesense-main,../repos/typesense-main/test/conversation_test.cpp,"(14, 9)-(20, 10)",b'void TearDown() override {\n            auto c...'
typesense-main,../repos/typesense-main/test/filter_test.cpp,"(536, 1)-(582, 2)","b'TEST_F(FilterTest, FilterTreeIteratorTimeout)...'"
typesense-main,../repos/typesense-main/test/posting_list_test.cpp,"(774, 1)-(823, 2)","b'TEST_F(PostingListTest, IntersectionSkipBlock...'"
typesense-main,../repos/typesense-main/test/tsconfig_test.cpp,"(138, 1)-(175, 2)","b'TEST(ConfigTest, CmdLineArgsOverrideConfigFil...'"
