Repo name,File name,Location,Content
typesense-main,../repos/typesense-main/include/analytics_manager.h,"(32, 13)-(32, 17)",b'this'
typesense-main,../repos/typesense-main/include/analytics_manager.h,"(39, 21)-(39, 25)",b'this'
typesense-main,../repos/typesense-main/include/analytics_manager.h,"(77, 13)-(77, 17)",b'this'
typesense-main,../repos/typesense-main/include/analytics_manager.h,"(82, 21)-(82, 25)",b'this'
typesense-main,../repos/typesense-main/include/auth_manager.h,"(85, 18)-(85, 22)",b'this'
typesense-main,../repos/typesense-main/include/backward.hpp,"(540, 25)-(540, 29)",b'this'
typesense-main,../repos/typesense-main/include/backward.hpp,"(550, 13)-(550, 17)",b'this'
typesense-main,../repos/typesense-main/include/backward.hpp,"(679, 67)-(679, 71)",b'this'
typesense-main,../repos/typesense-main/include/backward.hpp,"(800, 36)-(800, 40)",b'this'
typesense-main,../repos/typesense-main/include/backward.hpp,"(800, 64)-(800, 68)",b'this'
typesense-main,../repos/typesense-main/include/backward.hpp,"(861, 58)-(861, 62)",b'this'
typesense-main,../repos/typesense-main/include/backward.hpp,"(1320, 31)-(1320, 35)",b'this'
typesense-main,../repos/typesense-main/include/backward.hpp,"(1597, 20)-(1597, 24)",b'this'
typesense-main,../repos/typesense-main/include/backward.hpp,"(3486, 41)-(3486, 45)",b'this'
typesense-main,../repos/typesense-main/include/backward.hpp,"(3733, 21)-(3733, 25)",b'this'
typesense-main,../repos/typesense-main/include/backward.hpp,"(3743, 13)-(3743, 17)",b'this'
typesense-main,../repos/typesense-main/include/cmdline.h,"(711, 17)-(711, 21)",b'this'
typesense-main,../repos/typesense-main/include/facet_index.h,"(59, 21)-(59, 25)",b'this'
typesense-main,../repos/typesense-main/include/field.h,"(133, 13)-(133, 17)",b'this'
typesense-main,../repos/typesense-main/include/field.h,"(135, 13)-(135, 17)",b'this'
typesense-main,../repos/typesense-main/include/field.h,"(138, 9)-(138, 13)",b'this'
typesense-main,../repos/typesense-main/include/field.h,"(603, 23)-(603, 27)",b'this'
typesense-main,../repos/typesense-main/include/field.h,"(629, 17)-(629, 21)",b'this'
typesense-main,../repos/typesense-main/include/field.h,"(779, 13)-(779, 17)",b'this'
typesense-main,../repos/typesense-main/include/field.h,"(789, 17)-(789, 21)",b'this'
typesense-main,../repos/typesense-main/include/filter.h,"(93, 21)-(93, 25)",b'this'
typesense-main,../repos/typesense-main/include/filter.h,"(94, 21)-(94, 25)",b'this'
typesense-main,../repos/typesense-main/include/filter.h,"(110, 17)-(110, 21)",b'this'
typesense-main,../repos/typesense-main/include/filter_result_iterator.h,"(27, 21)-(27, 25)",b'this'
typesense-main,../repos/typesense-main/include/filter_result_iterator.h,"(36, 31)-(36, 35)",b'this'
typesense-main,../repos/typesense-main/include/filter_result_iterator.h,"(40, 21)-(40, 25)",b'this'
typesense-main,../repos/typesense-main/include/filter_result_iterator.h,"(41, 21)-(41, 25)",b'this'
typesense-main,../repos/typesense-main/include/filter_result_iterator.h,"(49, 31)-(49, 35)",b'this'
typesense-main,../repos/typesense-main/include/filter_result_iterator.h,"(50, 17)-(50, 21)",b'this'
typesense-main,../repos/typesense-main/include/filter_result_iterator.h,"(54, 21)-(54, 25)",b'this'
typesense-main,../repos/typesense-main/include/filter_result_iterator.h,"(55, 21)-(55, 25)",b'this'
typesense-main,../repos/typesense-main/include/filter_result_iterator.h,"(69, 17)-(69, 21)",b'this'
typesense-main,../repos/typesense-main/include/filter_result_iterator.h,"(94, 21)-(94, 25)",b'this'
typesense-main,../repos/typesense-main/include/filter_result_iterator.h,"(109, 21)-(109, 25)",b'this'
typesense-main,../repos/typesense-main/include/filter_result_iterator.h,"(119, 21)-(119, 25)",b'this'
typesense-main,../repos/typesense-main/include/filter_result_iterator.h,"(120, 21)-(120, 25)",b'this'
typesense-main,../repos/typesense-main/include/filter_result_iterator.h,"(132, 17)-(132, 21)",b'this'
typesense-main,../repos/typesense-main/include/filter_result_iterator.h,"(136, 21)-(136, 25)",b'this'
typesense-main,../repos/typesense-main/include/filter_result_iterator.h,"(137, 21)-(137, 25)",b'this'
typesense-main,../repos/typesense-main/include/filter_result_iterator.h,"(144, 17)-(144, 21)",b'this'
typesense-main,../repos/typesense-main/include/filter_result_iterator.h,"(159, 21)-(159, 25)",b'this'
typesense-main,../repos/typesense-main/include/filter_result_iterator.h,"(167, 31)-(167, 35)",b'this'
typesense-main,../repos/typesense-main/include/filter_result_iterator.h,"(171, 21)-(171, 25)",b'this'
typesense-main,../repos/typesense-main/include/filter_result_iterator.h,"(172, 21)-(172, 25)",b'this'
typesense-main,../repos/typesense-main/include/filter_result_iterator.h,"(179, 31)-(179, 35)",b'this'
typesense-main,../repos/typesense-main/include/filter_result_iterator.h,"(181, 17)-(181, 21)",b'this'
typesense-main,../repos/typesense-main/include/filter_result_iterator.h,"(185, 21)-(185, 25)",b'this'
typesense-main,../repos/typesense-main/include/filter_result_iterator.h,"(186, 21)-(186, 25)",b'this'
typesense-main,../repos/typesense-main/include/filter_result_iterator.h,"(198, 17)-(198, 21)",b'this'
typesense-main,../repos/typesense-main/include/http_data.h,"(68, 9)-(68, 13)",b'this'
typesense-main,../repos/typesense-main/include/http_data.h,"(69, 9)-(69, 13)",b'this'
typesense-main,../repos/typesense-main/include/http_data.h,"(70, 9)-(70, 13)",b'this'
typesense-main,../repos/typesense-main/include/http_data.h,"(71, 9)-(71, 13)",b'this'
typesense-main,../repos/typesense-main/include/http_data.h,"(190, 9)-(190, 13)",b'this'
typesense-main,../repos/typesense-main/include/http_data.h,"(191, 9)-(191, 13)",b'this'
typesense-main,../repos/typesense-main/include/http_data.h,"(192, 9)-(192, 13)",b'this'
typesense-main,../repos/typesense-main/include/http_data.h,"(193, 9)-(193, 13)",b'this'
typesense-main,../repos/typesense-main/include/http_data.h,"(194, 9)-(194, 13)",b'this'
typesense-main,../repos/typesense-main/include/http_data.h,"(195, 9)-(195, 13)",b'this'
typesense-main,../repos/typesense-main/include/http_data.h,"(474, 13)-(474, 17)",b'this'
typesense-main,../repos/typesense-main/include/http_proxy.h,"(19, 19)-(19, 23)",b'this'
typesense-main,../repos/typesense-main/include/ids_t.h,"(63, 27)-(63, 31)",b'this'
typesense-main,../repos/typesense-main/include/ids_t.h,"(63, 51)-(63, 55)",b'this'
typesense-main,../repos/typesense-main/include/ids_t.h,"(150, 31)-(150, 35)",b'this'
typesense-main,../repos/typesense-main/include/INIReader.h,"(367, 56)-(367, 60)",b'this'
typesense-main,../repos/typesense-main/include/INIReader.h,"(372, 49)-(372, 53)",b'this'
typesense-main,../repos/typesense-main/include/json.hpp,"(5166, 17)-(5166, 21)",b'this'
typesense-main,../repos/typesense-main/include/json.hpp,"(5175, 17)-(5175, 21)",b'this'
typesense-main,../repos/typesense-main/include/json.hpp,"(5863, 57)-(5863, 61)",b'this'
typesense-main,../repos/typesense-main/include/json.hpp,"(5869, 26)-(5869, 30)",b'this'
typesense-main,../repos/typesense-main/include/json.hpp,"(12717, 24)-(12717, 28)",b'this'
typesense-main,../repos/typesense-main/include/json.hpp,"(12730, 17)-(12730, 21)",b'this'
typesense-main,../repos/typesense-main/include/json.hpp,"(12735, 24)-(12735, 28)",b'this'
typesense-main,../repos/typesense-main/include/json.hpp,"(12743, 17)-(12743, 21)",b'this'
typesense-main,../repos/typesense-main/include/json.hpp,"(12748, 24)-(12748, 28)",b'this'
typesense-main,../repos/typesense-main/include/json.hpp,"(12756, 17)-(12756, 21)",b'this'
typesense-main,../repos/typesense-main/include/json.hpp,"(12762, 17)-(12762, 21)",b'this'
typesense-main,../repos/typesense-main/include/json.hpp,"(12962, 23)-(12962, 27)",b'this'
typesense-main,../repos/typesense-main/include/json.hpp,"(12967, 17)-(12967, 21)",b'this'
typesense-main,../repos/typesense-main/include/json.hpp,"(12989, 17)-(12989, 21)",b'this'
typesense-main,../repos/typesense-main/include/json.hpp,"(13168, 24)-(13168, 28)",b'this'
typesense-main,../repos/typesense-main/include/json.hpp,"(13169, 13)-(13169, 17)",b'this'
typesense-main,../repos/typesense-main/include/json.hpp,"(13210, 17)-(13210, 21)",b'this'
typesense-main,../repos/typesense-main/include/json.hpp,"(13219, 24)-(13219, 28)",b'this'
typesense-main,../repos/typesense-main/include/json.hpp,"(13220, 13)-(13220, 17)",b'this'
typesense-main,../repos/typesense-main/include/json.hpp,"(13261, 17)-(13261, 21)",b'this'
typesense-main,../repos/typesense-main/include/json.hpp,"(13351, 36)-(13351, 40)",b'this'
typesense-main,../repos/typesense-main/include/json.hpp,"(13406, 17)-(13406, 21)",b'this'
typesense-main,../repos/typesense-main/include/json.hpp,"(13424, 24)-(13424, 28)",b'this'
typesense-main,../repos/typesense-main/include/json.hpp,"(13446, 24)-(13446, 28)",b'this'
typesense-main,../repos/typesense-main/include/json.hpp,"(13661, 31)-(13661, 35)",b'this'
typesense-main,../repos/typesense-main/include/json.hpp,"(13667, 18)-(13667, 22)",b'this'
typesense-main,../repos/typesense-main/include/json.hpp,"(13673, 21)-(13673, 25)",b'this'
typesense-main,../repos/typesense-main/include/json.hpp,"(13680, 21)-(13680, 25)",b'this'
typesense-main,../repos/typesense-main/include/json.hpp,"(13832, 17)-(13832, 21)",b'this'
typesense-main,../repos/typesense-main/include/json.hpp,"(13840, 17)-(13840, 21)",b'this'
typesense-main,../repos/typesense-main/include/json.hpp,"(13847, 17)-(13847, 21)",b'this'
typesense-main,../repos/typesense-main/include/json.hpp,"(13878, 21)-(13878, 25)",b'this'
typesense-main,../repos/typesense-main/include/json.hpp,"(13881, 29)-(13881, 33)",b'this'
typesense-main,../repos/typesense-main/include/json.hpp,"(13988, 32)-(13988, 36)",b'this'
typesense-main,../repos/typesense-main/include/json.hpp,"(14593, 17)-(14593, 21)",b'this'
typesense-main,../repos/typesense-main/include/json.hpp,"(14790, 20)-(14790, 24)",b'this'
typesense-main,../repos/typesense-main/include/json.hpp,"(15772, 59)-(15772, 63)",b'this'
typesense-main,../repos/typesense-main/include/json.hpp,"(15870, 59)-(15870, 63)",b'this'
typesense-main,../repos/typesense-main/include/json.hpp,"(18984, 24)-(18984, 28)",b'this'
typesense-main,../repos/typesense-main/include/json.hpp,"(18984, 45)-(18984, 49)",b'this'
typesense-main,../repos/typesense-main/include/json.hpp,"(18992, 27)-(18992, 31)",b'this'
typesense-main,../repos/typesense-main/include/json.hpp,"(18999, 24)-(18999, 28)",b'this'
typesense-main,../repos/typesense-main/include/json.hpp,"(18999, 45)-(18999, 49)",b'this'
typesense-main,../repos/typesense-main/include/json.hpp,"(19007, 27)-(19007, 31)",b'this'
typesense-main,../repos/typesense-main/include/json.hpp,"(19036, 24)-(19036, 28)",b'this'
typesense-main,../repos/typesense-main/include/json.hpp,"(19036, 45)-(19036, 49)",b'this'
typesense-main,../repos/typesense-main/include/json.hpp,"(19051, 24)-(19051, 28)",b'this'
typesense-main,../repos/typesense-main/include/json.hpp,"(19051, 45)-(19051, 49)",b'this'
typesense-main,../repos/typesense-main/include/json.hpp,"(19064, 24)-(19064, 28)",b'this'
typesense-main,../repos/typesense-main/include/json.hpp,"(19064, 45)-(19064, 49)",b'this'
typesense-main,../repos/typesense-main/include/json.hpp,"(19079, 24)-(19079, 28)",b'this'
typesense-main,../repos/typesense-main/include/json.hpp,"(19079, 45)-(19079, 49)",b'this'
typesense-main,../repos/typesense-main/include/json.hpp,"(19092, 24)-(19092, 28)",b'this'
typesense-main,../repos/typesense-main/include/json.hpp,"(19092, 45)-(19092, 49)",b'this'
typesense-main,../repos/typesense-main/include/json.hpp,"(19097, 48)-(19097, 52)",b'this'
typesense-main,../repos/typesense-main/include/json.hpp,"(19113, 24)-(19113, 28)",b'this'
typesense-main,../repos/typesense-main/include/json.hpp,"(19113, 45)-(19113, 49)",b'this'
typesense-main,../repos/typesense-main/include/json.hpp,"(19118, 48)-(19118, 52)",b'this'
typesense-main,../repos/typesense-main/include/json.hpp,"(19176, 27)-(19176, 31)",b'this'
typesense-main,../repos/typesense-main/include/json.hpp,"(19190, 24)-(19190, 28)",b'this'
typesense-main,../repos/typesense-main/include/json.hpp,"(19190, 45)-(19190, 49)",b'this'
typesense-main,../repos/typesense-main/include/json.hpp,"(19204, 24)-(19204, 28)",b'this'
typesense-main,../repos/typesense-main/include/json.hpp,"(19204, 45)-(19204, 49)",b'this'
typesense-main,../repos/typesense-main/include/json.hpp,"(19216, 24)-(19216, 28)",b'this'
typesense-main,../repos/typesense-main/include/json.hpp,"(19216, 45)-(19216, 49)",b'this'
typesense-main,../repos/typesense-main/include/json.hpp,"(19230, 24)-(19230, 28)",b'this'
typesense-main,../repos/typesense-main/include/json.hpp,"(19230, 45)-(19230, 49)",b'this'
typesense-main,../repos/typesense-main/include/json.hpp,"(19242, 24)-(19242, 28)",b'this'
typesense-main,../repos/typesense-main/include/json.hpp,"(19242, 45)-(19242, 49)",b'this'
typesense-main,../repos/typesense-main/include/json.hpp,"(19259, 24)-(19259, 28)",b'this'
typesense-main,../repos/typesense-main/include/json.hpp,"(19259, 45)-(19259, 49)",b'this'
typesense-main,../repos/typesense-main/include/json.hpp,"(19267, 19)-(19267, 23)",b'this'
typesense-main,../repos/typesense-main/include/json.hpp,"(19919, 92)-(19919, 96)",b'this'
typesense-main,../repos/typesense-main/include/json.hpp,"(19921, 38)-(19921, 42)",b'this'
typesense-main,../repos/typesense-main/include/json.hpp,"(19938, 40)-(19938, 44)",b'this'
typesense-main,../repos/typesense-main/include/json.hpp,"(19947, 47)-(19947, 51)",b'this'
typesense-main,../repos/typesense-main/include/json.hpp,"(19971, 34)-(19971, 38)",b'this'
typesense-main,../repos/typesense-main/include/json.hpp,"(20009, 22)-(20009, 26)",b'this'
typesense-main,../repos/typesense-main/include/json.hpp,"(20065, 37)-(20065, 41)",b'this'
typesense-main,../repos/typesense-main/include/json.hpp,"(20089, 59)-(20089, 63)",b'this'
typesense-main,../repos/typesense-main/include/json.hpp,"(20092, 64)-(20092, 68)",b'this'
typesense-main,../repos/typesense-main/include/json.hpp,"(20095, 66)-(20095, 70)",b'this'
typesense-main,../repos/typesense-main/include/json.hpp,"(20098, 67)-(20098, 71)",b'this'
typesense-main,../repos/typesense-main/include/json.hpp,"(20101, 58)-(20101, 62)",b'this'
typesense-main,../repos/typesense-main/include/json.hpp,"(20104, 58)-(20104, 62)",b'this'
typesense-main,../repos/typesense-main/include/json.hpp,"(20107, 57)-(20107, 61)",b'this'
typesense-main,../repos/typesense-main/include/json.hpp,"(20110, 58)-(20110, 62)",b'this'
typesense-main,../repos/typesense-main/include/json.hpp,"(20113, 18)-(20113, 22)",b'this'
typesense-main,../repos/typesense-main/include/json.hpp,"(20475, 17)-(20475, 21)",b'this'
typesense-main,../repos/typesense-main/include/json.hpp,"(20508, 21)-(20508, 25)",b'this'
typesense-main,../repos/typesense-main/include/json.hpp,"(20512, 21)-(20512, 25)",b'this'
typesense-main,../repos/typesense-main/include/json.hpp,"(20638, 106)-(20638, 110)",b'this'
typesense-main,../repos/typesense-main/include/json.hpp,"(20836, 47)-(20836, 51)",b'this'
typesense-main,../repos/typesense-main/include/json.hpp,"(20877, 54)-(20877, 58)",b'this'
typesense-main,../repos/typesense-main/include/json.hpp,"(20901, 17)-(20901, 21)",b'this'
typesense-main,../repos/typesense-main/include/json.hpp,"(20924, 17)-(20924, 21)",b'this'
typesense-main,../repos/typesense-main/include/json.hpp,"(21027, 47)-(21027, 51)",b'this'
typesense-main,../repos/typesense-main/include/json.hpp,"(21039, 14)-(21039, 18)",b'this'
typesense-main,../repos/typesense-main/include/json.hpp,"(21052, 43)-(21052, 47)",b'this'
typesense-main,../repos/typesense-main/include/json.hpp,"(21063, 45)-(21063, 49)",b'this'
typesense-main,../repos/typesense-main/include/json.hpp,"(21074, 45)-(21074, 49)",b'this'
typesense-main,../repos/typesense-main/include/json.hpp,"(21134, 109)-(21134, 113)",b'this'
typesense-main,../repos/typesense-main/include/json.hpp,"(21146, 109)-(21146, 113)",b'this'
typesense-main,../repos/typesense-main/include/json.hpp,"(21176, 127)-(21176, 131)",b'this'
typesense-main,../repos/typesense-main/include/json.hpp,"(21181, 102)-(21181, 106)",b'this'
typesense-main,../repos/typesense-main/include/json.hpp,"(21199, 127)-(21199, 131)",b'this'
typesense-main,../repos/typesense-main/include/json.hpp,"(21204, 102)-(21204, 106)",b'this'
typesense-main,../repos/typesense-main/include/json.hpp,"(21215, 102)-(21215, 106)",b'this'
typesense-main,../repos/typesense-main/include/json.hpp,"(21221, 95)-(21221, 99)",b'this'
typesense-main,../repos/typesense-main/include/json.hpp,"(21235, 102)-(21235, 106)",b'this'
typesense-main,../repos/typesense-main/include/json.hpp,"(21241, 128)-(21241, 132)",b'this'
typesense-main,../repos/typesense-main/include/json.hpp,"(21253, 102)-(21253, 106)",b'this'
typesense-main,../repos/typesense-main/include/json.hpp,"(21259, 95)-(21259, 99)",b'this'
typesense-main,../repos/typesense-main/include/json.hpp,"(21273, 102)-(21273, 106)",b'this'
typesense-main,../repos/typesense-main/include/json.hpp,"(21279, 128)-(21279, 132)",b'this'
typesense-main,../repos/typesense-main/include/json.hpp,"(21327, 128)-(21327, 132)",b'this'
typesense-main,../repos/typesense-main/include/json.hpp,"(21340, 128)-(21340, 132)",b'this'
typesense-main,../repos/typesense-main/include/json.hpp,"(21362, 127)-(21362, 131)",b'this'
typesense-main,../repos/typesense-main/include/json.hpp,"(21377, 127)-(21377, 131)",b'this'
typesense-main,../repos/typesense-main/include/json.hpp,"(21415, 127)-(21415, 131)",b'this'
typesense-main,../repos/typesense-main/include/json.hpp,"(21432, 127)-(21432, 131)",b'this'
typesense-main,../repos/typesense-main/include/json.hpp,"(21467, 101)-(21467, 105)",b'this'
typesense-main,../repos/typesense-main/include/json.hpp,"(21492, 101)-(21492, 105)",b'this'
typesense-main,../repos/typesense-main/include/json.hpp,"(21518, 101)-(21518, 105)",b'this'
typesense-main,../repos/typesense-main/include/json.hpp,"(21545, 101)-(21545, 105)",b'this'
typesense-main,../repos/typesense-main/include/json.hpp,"(21561, 40)-(21561, 44)",b'this'
typesense-main,../repos/typesense-main/include/json.hpp,"(21569, 101)-(21569, 105)",b'this'
typesense-main,../repos/typesense-main/include/json.hpp,"(21586, 40)-(21586, 44)",b'this'
typesense-main,../repos/typesense-main/include/json.hpp,"(21594, 101)-(21594, 105)",b'this'
typesense-main,../repos/typesense-main/include/json.hpp,"(21658, 34)-(21658, 38)",b'this'
typesense-main,../repos/typesense-main/include/json.hpp,"(21660, 93)-(21660, 97)",b'this'
typesense-main,../repos/typesense-main/include/json.hpp,"(21676, 87)-(21676, 91)",b'this'
typesense-main,../repos/typesense-main/include/json.hpp,"(21714, 109)-(21714, 113)",b'this'
typesense-main,../repos/typesense-main/include/json.hpp,"(21728, 34)-(21728, 38)",b'this'
typesense-main,../repos/typesense-main/include/json.hpp,"(21728, 60)-(21728, 64)",b'this'
typesense-main,../repos/typesense-main/include/json.hpp,"(21730, 92)-(21730, 96)",b'this'
typesense-main,../repos/typesense-main/include/json.hpp,"(21747, 88)-(21747, 92)",b'this'
typesense-main,../repos/typesense-main/include/json.hpp,"(21787, 109)-(21787, 113)",b'this'
typesense-main,../repos/typesense-main/include/json.hpp,"(21801, 105)-(21801, 109)",b'this'
typesense-main,../repos/typesense-main/include/json.hpp,"(21814, 105)-(21814, 109)",b'this'
typesense-main,../repos/typesense-main/include/json.hpp,"(21855, 127)-(21855, 131)",b'this'
typesense-main,../repos/typesense-main/include/json.hpp,"(21862, 105)-(21862, 109)",b'this'
typesense-main,../repos/typesense-main/include/json.hpp,"(21973, 29)-(21973, 33)",b'this'
typesense-main,../repos/typesense-main/include/json.hpp,"(21980, 29)-(21980, 33)",b'this'
typesense-main,../repos/typesense-main/include/json.hpp,"(21996, 25)-(21996, 29)",b'this'
typesense-main,../repos/typesense-main/include/json.hpp,"(22012, 31)-(22012, 35)",b'this'
typesense-main,../repos/typesense-main/include/json.hpp,"(22021, 25)-(22021, 29)",b'this'
typesense-main,../repos/typesense-main/include/json.hpp,"(22037, 31)-(22037, 35)",b'this'
typesense-main,../repos/typesense-main/include/json.hpp,"(22111, 43)-(22111, 47)",b'this'
typesense-main,../repos/typesense-main/include/json.hpp,"(22118, 49)-(22118, 53)",b'this'
typesense-main,../repos/typesense-main/include/json.hpp,"(22319, 109)-(22319, 113)",b'this'
typesense-main,../repos/typesense-main/include/json.hpp,"(22342, 17)-(22342, 21)",b'this'
typesense-main,../repos/typesense-main/include/json.hpp,"(22352, 109)-(22352, 113)",b'this'
typesense-main,../repos/typesense-main/include/json.hpp,"(22374, 17)-(22374, 21)",b'this'
typesense-main,../repos/typesense-main/include/json.hpp,"(22384, 109)-(22384, 113)",b'this'
typesense-main,../repos/typesense-main/include/json.hpp,"(22405, 17)-(22405, 21)",b'this'
typesense-main,../repos/typesense-main/include/json.hpp,"(22429, 17)-(22429, 21)",b'this'
typesense-main,../repos/typesense-main/include/json.hpp,"(22440, 112)-(22440, 116)",b'this'
typesense-main,../repos/typesense-main/include/json.hpp,"(22465, 107)-(22465, 111)",b'this'
typesense-main,../repos/typesense-main/include/json.hpp,"(22494, 25)-(22494, 29)",b'this'
typesense-main,../repos/typesense-main/include/json.hpp,"(22517, 54)-(22517, 58)",b'this'
typesense-main,../repos/typesense-main/include/json.hpp,"(22519, 97)-(22519, 101)",b'this'
typesense-main,../repos/typesense-main/include/json.hpp,"(22526, 102)-(22526, 106)",b'this'
typesense-main,../repos/typesense-main/include/json.hpp,"(22544, 54)-(22544, 58)",b'this'
typesense-main,../repos/typesense-main/include/json.hpp,"(22546, 97)-(22546, 101)",b'this'
typesense-main,../repos/typesense-main/include/json.hpp,"(22553, 102)-(22553, 106)",b'this'
typesense-main,../repos/typesense-main/include/json.hpp,"(22563, 106)-(22563, 110)",b'this'
typesense-main,../repos/typesense-main/include/json.hpp,"(22567, 50)-(22567, 54)",b'this'
typesense-main,../repos/typesense-main/include/json.hpp,"(22569, 93)-(22569, 97)",b'this'
typesense-main,../repos/typesense-main/include/json.hpp,"(22575, 78)-(22575, 82)",b'this'
typesense-main,../repos/typesense-main/include/json.hpp,"(22578, 52)-(22578, 56)",b'this'
typesense-main,../repos/typesense-main/include/json.hpp,"(22580, 102)-(22580, 106)",b'this'
typesense-main,../repos/typesense-main/include/json.hpp,"(22594, 106)-(22594, 110)",b'this'
typesense-main,../repos/typesense-main/include/json.hpp,"(22598, 50)-(22598, 54)",b'this'
typesense-main,../repos/typesense-main/include/json.hpp,"(22600, 93)-(22600, 97)",b'this'
typesense-main,../repos/typesense-main/include/json.hpp,"(22614, 106)-(22614, 110)",b'this'
typesense-main,../repos/typesense-main/include/json.hpp,"(22620, 78)-(22620, 82)",b'this'
typesense-main,../repos/typesense-main/include/json.hpp,"(22626, 104)-(22626, 108)",b'this'
typesense-main,../repos/typesense-main/include/json.hpp,"(22653, 106)-(22653, 110)",b'this'
typesense-main,../repos/typesense-main/include/json.hpp,"(22659, 78)-(22659, 82)",b'this'
typesense-main,../repos/typesense-main/include/json.hpp,"(22681, 68)-(22681, 72)",b'this'
typesense-main,../repos/typesense-main/include/json.hpp,"(22727, 112)-(22727, 116)",b'this'
typesense-main,../repos/typesense-main/include/json.hpp,"(22743, 113)-(22743, 117)",b'this'
typesense-main,../repos/typesense-main/include/json.hpp,"(22759, 113)-(22759, 117)",b'this'
typesense-main,../repos/typesense-main/include/json.hpp,"(22775, 113)-(22775, 117)",b'this'
typesense-main,../repos/typesense-main/include/json.hpp,"(22791, 129)-(22791, 133)",b'this'
typesense-main,../repos/typesense-main/include/json.hpp,"(22901, 36)-(22901, 40)",b'this'
typesense-main,../repos/typesense-main/include/json.hpp,"(22914, 32)-(22914, 36)",b'this'
typesense-main,../repos/typesense-main/include/json.hpp,"(22927, 17)-(22927, 21)",b'this'
typesense-main,../repos/typesense-main/include/json.hpp,"(22945, 32)-(22945, 36)",b'this'
typesense-main,../repos/typesense-main/include/json.hpp,"(22960, 17)-(22960, 21)",b'this'
typesense-main,../repos/typesense-main/include/json.hpp,"(22976, 25)-(22976, 29)",b'this'
typesense-main,../repos/typesense-main/include/json.hpp,"(22985, 17)-(22985, 21)",b'this'
typesense-main,../repos/typesense-main/include/json.hpp,"(22997, 19)-(22997, 23)",b'this'
typesense-main,../repos/typesense-main/include/json.hpp,"(23006, 17)-(23006, 21)",b'this'
typesense-main,../repos/typesense-main/include/json.hpp,"(23846, 34)-(23846, 38)",b'this'
typesense-main,../repos/typesense-main/include/json.hpp,"(23853, 34)-(23853, 38)",b'this'
typesense-main,../repos/typesense-main/include/json.hpp,"(23860, 34)-(23860, 38)",b'this'
typesense-main,../repos/typesense-main/include/json.hpp,"(23867, 34)-(23867, 38)",b'this'
typesense-main,../repos/typesense-main/include/json.hpp,"(23874, 32)-(23874, 36)",b'this'
typesense-main,../repos/typesense-main/include/json.hpp,"(23881, 32)-(23881, 36)",b'this'
typesense-main,../repos/typesense-main/include/json.hpp,"(23888, 32)-(23888, 36)",b'this'
typesense-main,../repos/typesense-main/include/json.hpp,"(23895, 32)-(23895, 36)",b'this'
typesense-main,../repos/typesense-main/include/json.hpp,"(23903, 36)-(23903, 40)",b'this'
typesense-main,../repos/typesense-main/include/json.hpp,"(23911, 41)-(23911, 45)",b'this'
typesense-main,../repos/typesense-main/include/json.hpp,"(23927, 31)-(23927, 35)",b'this'
typesense-main,../repos/typesense-main/include/json.hpp,"(24030, 40)-(24030, 44)",b'this'
typesense-main,../repos/typesense-main/include/json.hpp,"(24048, 109)-(24048, 113)",b'this'
typesense-main,../repos/typesense-main/include/json.hpp,"(24198, 30)-(24198, 34)",b'this'
typesense-main,../repos/typesense-main/include/json.hpp,"(24354, 18)-(24354, 22)",b'this'
typesense-main,../repos/typesense-main/include/json.hpp,"(24370, 14)-(24370, 18)",b'this'
typesense-main,../repos/typesense-main/include/option.h,"(35, 21)-(35, 25)",b'this'
typesense-main,../repos/typesense-main/include/option.h,"(36, 21)-(36, 25)",b'this'
typesense-main,../repos/typesense-main/include/option.h,"(43, 17)-(43, 21)",b'this'
typesense-main,../repos/typesense-main/include/posting.h,"(60, 27)-(60, 31)",b'this'
typesense-main,../repos/typesense-main/include/posting.h,"(60, 49)-(60, 53)",b'this'
typesense-main,../repos/typesense-main/include/raft_server.h,"(57, 57)-(57, 61)",b'this'
typesense-main,../repos/typesense-main/include/ratelimit_manager.h,"(113, 13)-(113, 17)",b'this'
typesense-main,../repos/typesense-main/include/sparsepp.h,"(1775, 72)-(1775, 76)",b'this'
typesense-main,../repos/typesense-main/include/sparsepp.h,"(1776, 72)-(1776, 76)",b'this'
typesense-main,../repos/typesense-main/include/sparsepp.h,"(1777, 69)-(1777, 73)",b'this'
typesense-main,../repos/typesense-main/include/sparsepp.h,"(1778, 69)-(1778, 73)",b'this'
typesense-main,../repos/typesense-main/include/sparsepp.h,"(1781, 27)-(1781, 31)",b'this'
typesense-main,../repos/typesense-main/include/sparsepp.h,"(1787, 27)-(1787, 31)",b'this'
typesense-main,../repos/typesense-main/include/sparsepp.h,"(1793, 27)-(1793, 31)",b'this'
typesense-main,../repos/typesense-main/include/sparsepp.h,"(1799, 27)-(1799, 31)",b'this'
typesense-main,../repos/typesense-main/include/sparsepp.h,"(1821, 63)-(1821, 67)",b'this'
typesense-main,../repos/typesense-main/include/sparsepp.h,"(1822, 68)-(1822, 72)",b'this'
typesense-main,../repos/typesense-main/include/sparsepp.h,"(1823, 65)-(1823, 69)",b'this'
typesense-main,../repos/typesense-main/include/sparsepp.h,"(1824, 63)-(1824, 67)",b'this'
typesense-main,../repos/typesense-main/include/sparsepp.h,"(1876, 78)-(1876, 82)",b'this'
typesense-main,../repos/typesense-main/include/sparsepp.h,"(1877, 78)-(1877, 82)",b'this'
typesense-main,../repos/typesense-main/include/sparsepp.h,"(1878, 75)-(1878, 79)",b'this'
typesense-main,../repos/typesense-main/include/sparsepp.h,"(1879, 75)-(1879, 79)",b'this'
typesense-main,../repos/typesense-main/include/sparsepp.h,"(1880, 71)-(1880, 75)",b'this'
typesense-main,../repos/typesense-main/include/sparsepp.h,"(1882, 71)-(1882, 75)",b'this'
typesense-main,../repos/typesense-main/include/sparsepp.h,"(1886, 33)-(1886, 37)",b'this'
typesense-main,../repos/typesense-main/include/sparsepp.h,"(1892, 33)-(1892, 37)",b'this'
typesense-main,../repos/typesense-main/include/sparsepp.h,"(1903, 23)-(1903, 27)",b'this'
typesense-main,../repos/typesense-main/include/sparsepp.h,"(1917, 69)-(1917, 73)",b'this'
typesense-main,../repos/typesense-main/include/sparsepp.h,"(1918, 74)-(1918, 78)",b'this'
typesense-main,../repos/typesense-main/include/sparsepp.h,"(1919, 71)-(1919, 75)",b'this'
typesense-main,../repos/typesense-main/include/sparsepp.h,"(1920, 69)-(1920, 73)",b'this'
typesense-main,../repos/typesense-main/include/sparsepp.h,"(2030, 21)-(2030, 25)",b'this'
typesense-main,../repos/typesense-main/include/sparsepp.h,"(2042, 21)-(2042, 25)",b'this'
typesense-main,../repos/typesense-main/include/sparsepp.h,"(2044, 56)-(2044, 60)",b'this'
typesense-main,../repos/typesense-main/include/sparsepp.h,"(2044, 66)-(2044, 70)",b'this'
typesense-main,../repos/typesense-main/include/sparsepp.h,"(2045, 56)-(2045, 60)",b'this'
typesense-main,../repos/typesense-main/include/sparsepp.h,"(2045, 66)-(2045, 70)",b'this'
typesense-main,../repos/typesense-main/include/sparsepp.h,"(2055, 63)-(2055, 67)",b'this'
typesense-main,../repos/typesense-main/include/sparsepp.h,"(2076, 13)-(2076, 17)",b'this'
typesense-main,../repos/typesense-main/include/sparsepp.h,"(2077, 13)-(2077, 17)",b'this'
typesense-main,../repos/typesense-main/include/sparsepp.h,"(2078, 17)-(2078, 21)",b'this'
typesense-main,../repos/typesense-main/include/sparsepp.h,"(2078, 39)-(2078, 43)",b'this'
typesense-main,../repos/typesense-main/include/sparsepp.h,"(2080, 17)-(2080, 21)",b'this'
typesense-main,../repos/typesense-main/include/sparsepp.h,"(2080, 37)-(2080, 41)",b'this'
typesense-main,../repos/typesense-main/include/sparsepp.h,"(2092, 20)-(2092, 24)",b'this'
typesense-main,../repos/typesense-main/include/sparsepp.h,"(2092, 41)-(2092, 45)",b'this'
typesense-main,../repos/typesense-main/include/sparsepp.h,"(2094, 17)-(2094, 21)",b'this'
typesense-main,../repos/typesense-main/include/sparsepp.h,"(2098, 19)-(2098, 23)",b'this'
typesense-main,../repos/typesense-main/include/sparsepp.h,"(2099, 22)-(2099, 26)",b'this'
typesense-main,../repos/typesense-main/include/sparsepp.h,"(2100, 21)-(2100, 25)",b'this'
typesense-main,../repos/typesense-main/include/sparsepp.h,"(2100, 41)-(2100, 45)",b'this'
typesense-main,../repos/typesense-main/include/sparsepp.h,"(2109, 15)-(2109, 19)",b'this'
typesense-main,../repos/typesense-main/include/sparsepp.h,"(2111, 21)-(2111, 25)",b'this'
typesense-main,../repos/typesense-main/include/sparsepp.h,"(2877, 65)-(2877, 69)",b'this'
typesense-main,../repos/typesense-main/include/sparsepp.h,"(2878, 69)-(2878, 73)",b'this'
typesense-main,../repos/typesense-main/include/sparsepp.h,"(2879, 67)-(2879, 71)",b'this'
typesense-main,../repos/typesense-main/include/sparsepp.h,"(2880, 65)-(2880, 69)",b'this'
typesense-main,../repos/typesense-main/include/sparsepp.h,"(2925, 34)-(2925, 38)",b'this'
typesense-main,../repos/typesense-main/include/sparsepp.h,"(3041, 66)-(3041, 70)",b'this'
typesense-main,../repos/typesense-main/include/sparsepp.h,"(3042, 72)-(3042, 76)",b'this'
typesense-main,../repos/typesense-main/include/sparsepp.h,"(3043, 72)-(3043, 76)",b'this'
typesense-main,../repos/typesense-main/include/sparsepp.h,"(3044, 66)-(3044, 70)",b'this'
typesense-main,../repos/typesense-main/include/sparsepp.h,"(3045, 72)-(3045, 76)",b'this'
typesense-main,../repos/typesense-main/include/sparsepp.h,"(3046, 72)-(3046, 76)",b'this'
typesense-main,../repos/typesense-main/include/sparsepp.h,"(3205, 21)-(3205, 25)",b'this'
typesense-main,../repos/typesense-main/include/sparsepp.h,"(3213, 13)-(3213, 17)",b'this'
typesense-main,../repos/typesense-main/include/sparsepp.h,"(3219, 13)-(3219, 17)",b'this'
typesense-main,../repos/typesense-main/include/sparsepp.h,"(3226, 13)-(3226, 17)",b'this'
typesense-main,../repos/typesense-main/include/sparsepp.h,"(3227, 21)-(3227, 25)",b'this'
typesense-main,../repos/typesense-main/include/sparsepp.h,"(3649, 65)-(3649, 69)",b'this'
typesense-main,../repos/typesense-main/include/sparsepp.h,"(3650, 69)-(3650, 73)",b'this'
typesense-main,../repos/typesense-main/include/sparsepp.h,"(3651, 66)-(3651, 70)",b'this'
typesense-main,../repos/typesense-main/include/sparsepp.h,"(3652, 65)-(3652, 69)",b'this'
typesense-main,../repos/typesense-main/include/sparsepp.h,"(3839, 53)-(3839, 57)",b'this'
typesense-main,../repos/typesense-main/include/sparsepp.h,"(3897, 53)-(3897, 57)",b'this'
typesense-main,../repos/typesense-main/include/sparsepp.h,"(3962, 49)-(3962, 53)",b'this'
typesense-main,../repos/typesense-main/include/sparsepp.h,"(4158, 24)-(4158, 28)",b'this'
typesense-main,../repos/typesense-main/include/sparsepp.h,"(4159, 21)-(4159, 25)",b'this'
typesense-main,../repos/typesense-main/include/sparsepp.h,"(4177, 24)-(4177, 28)",b'this'
typesense-main,../repos/typesense-main/include/sparsepp.h,"(4178, 25)-(4178, 29)",b'this'
typesense-main,../repos/typesense-main/include/sparsepp.h,"(4187, 21)-(4187, 25)",b'this'
typesense-main,../repos/typesense-main/include/sparsepp.h,"(4593, 17)-(4593, 21)",b'this'
typesense-main,../repos/typesense-main/include/sparsepp.h,"(4611, 23)-(4611, 27)",b'this'
typesense-main,../repos/typesense-main/include/sparsepp.h,"(4973, 21)-(4973, 25)",b'this'
typesense-main,../repos/typesense-main/include/sparsepp.h,"(4985, 21)-(4985, 25)",b'this'
typesense-main,../repos/typesense-main/include/sparsepp.h,"(5352, 21)-(5352, 25)",b'this'
typesense-main,../repos/typesense-main/include/sparsepp.h,"(5365, 21)-(5365, 25)",b'this'
typesense-main,../repos/typesense-main/include/threadpool.h,"(34, 18)-(34, 22)",b'this'
typesense-main,../repos/typesense-main/include/threadpool.h,"(40, 63)-(40, 67)",b'this'
typesense-main,../repos/typesense-main/include/threadpool.h,"(41, 29)-(41, 33)",b'this'
typesense-main,../repos/typesense-main/include/threadpool.h,"(42, 51)-(42, 55)",b'this'
typesense-main,../repos/typesense-main/include/threadpool.h,"(42, 65)-(42, 69)",b'this'
typesense-main,../repos/typesense-main/include/threadpool.h,"(42, 80)-(42, 84)",b'this'
typesense-main,../repos/typesense-main/include/threadpool.h,"(43, 32)-(43, 36)",b'this'
typesense-main,../repos/typesense-main/include/threadpool.h,"(47, 32)-(47, 36)",b'this'
typesense-main,../repos/typesense-main/include/threadpool.h,"(50, 46)-(50, 50)",b'this'
typesense-main,../repos/typesense-main/include/threadpool.h,"(51, 29)-(51, 33)",b'this'
typesense-main,../repos/typesense-main/include/threadpool.h,"(89, 41)-(89, 45)",b'this'
typesense-main,../repos/typesense-main/include/topster.h,"(32, 9)-(32, 13)",b'this'
typesense-main,../repos/typesense-main/include/topster.h,"(33, 9)-(33, 13)",b'this'
typesense-main,../repos/typesense-main/include/topster.h,"(34, 9)-(34, 13)",b'this'
typesense-main,../repos/typesense-main/include/topster.h,"(37, 13)-(37, 17)",b'this'
typesense-main,../repos/typesense-main/include/topster.h,"(63, 13)-(63, 17)",b'this'
typesense-main,../repos/typesense-main/include/topster.h,"(84, 17)-(84, 21)",b'this'
typesense-main,../repos/typesense-main/include/topster.h,"(88, 13)-(88, 17)",b'this'
typesense-main,../repos/typesense-main/include/topster.h,"(113, 17)-(113, 21)",b'this'
typesense-main,../repos/typesense-main/include/tsconfig.h,"(80, 9)-(80, 13)",b'this'
typesense-main,../repos/typesense-main/include/tsconfig.h,"(81, 9)-(81, 13)",b'this'
typesense-main,../repos/typesense-main/include/tsconfig.h,"(82, 9)-(82, 13)",b'this'
typesense-main,../repos/typesense-main/include/tsconfig.h,"(83, 9)-(83, 13)",b'this'
typesense-main,../repos/typesense-main/include/tsconfig.h,"(84, 9)-(84, 13)",b'this'
typesense-main,../repos/typesense-main/include/tsconfig.h,"(85, 9)-(85, 13)",b'this'
typesense-main,../repos/typesense-main/include/tsconfig.h,"(86, 9)-(86, 13)",b'this'
typesense-main,../repos/typesense-main/include/tsconfig.h,"(87, 9)-(87, 13)",b'this'
typesense-main,../repos/typesense-main/include/tsconfig.h,"(88, 9)-(88, 13)",b'this'
typesense-main,../repos/typesense-main/include/tsconfig.h,"(89, 9)-(89, 13)",b'this'
typesense-main,../repos/typesense-main/include/tsconfig.h,"(90, 9)-(90, 13)",b'this'
typesense-main,../repos/typesense-main/include/tsconfig.h,"(91, 9)-(91, 13)",b'this'
typesense-main,../repos/typesense-main/include/tsconfig.h,"(92, 9)-(92, 13)",b'this'
typesense-main,../repos/typesense-main/include/tsconfig.h,"(93, 9)-(93, 13)",b'this'
typesense-main,../repos/typesense-main/include/tsconfig.h,"(94, 9)-(94, 13)",b'this'
typesense-main,../repos/typesense-main/include/tsconfig.h,"(95, 9)-(95, 13)",b'this'
typesense-main,../repos/typesense-main/include/tsconfig.h,"(96, 9)-(96, 13)",b'this'
typesense-main,../repos/typesense-main/include/tsconfig.h,"(97, 9)-(97, 13)",b'this'
typesense-main,../repos/typesense-main/include/tsconfig.h,"(98, 9)-(98, 13)",b'this'
typesense-main,../repos/typesense-main/include/tsconfig.h,"(99, 9)-(99, 13)",b'this'
typesense-main,../repos/typesense-main/include/tsconfig.h,"(100, 9)-(100, 13)",b'this'
typesense-main,../repos/typesense-main/include/tsconfig.h,"(102, 9)-(102, 13)",b'this'
typesense-main,../repos/typesense-main/include/tsconfig.h,"(103, 9)-(103, 13)",b'this'
typesense-main,../repos/typesense-main/include/tsconfig.h,"(104, 9)-(104, 13)",b'this'
typesense-main,../repos/typesense-main/include/tsconfig.h,"(105, 9)-(105, 13)",b'this'
typesense-main,../repos/typesense-main/include/tsconfig.h,"(124, 9)-(124, 13)",b'this'
typesense-main,../repos/typesense-main/include/tsconfig.h,"(128, 9)-(128, 13)",b'this'
typesense-main,../repos/typesense-main/include/tsconfig.h,"(132, 9)-(132, 13)",b'this'
typesense-main,../repos/typesense-main/include/tsconfig.h,"(136, 9)-(136, 13)",b'this'
typesense-main,../repos/typesense-main/include/tsconfig.h,"(141, 9)-(141, 13)",b'this'
typesense-main,../repos/typesense-main/include/tsconfig.h,"(145, 9)-(145, 13)",b'this'
typesense-main,../repos/typesense-main/include/tsconfig.h,"(149, 9)-(149, 13)",b'this'
typesense-main,../repos/typesense-main/include/tsconfig.h,"(153, 9)-(153, 13)",b'this'
typesense-main,../repos/typesense-main/include/tsconfig.h,"(157, 9)-(157, 13)",b'this'
typesense-main,../repos/typesense-main/include/tsconfig.h,"(161, 9)-(161, 13)",b'this'
typesense-main,../repos/typesense-main/include/tsconfig.h,"(165, 9)-(165, 13)",b'this'
typesense-main,../repos/typesense-main/include/tsconfig.h,"(169, 9)-(169, 13)",b'this'
typesense-main,../repos/typesense-main/include/tsconfig.h,"(173, 9)-(173, 13)",b'this'
typesense-main,../repos/typesense-main/include/tsconfig.h,"(177, 9)-(177, 13)",b'this'
typesense-main,../repos/typesense-main/include/tsconfig.h,"(181, 9)-(181, 13)",b'this'
typesense-main,../repos/typesense-main/include/tsconfig.h,"(185, 9)-(185, 13)",b'this'
typesense-main,../repos/typesense-main/include/tsconfig.h,"(189, 9)-(189, 13)",b'this'
typesense-main,../repos/typesense-main/include/tsconfig.h,"(195, 16)-(195, 20)",b'this'
typesense-main,../repos/typesense-main/include/tsconfig.h,"(199, 16)-(199, 20)",b'this'
typesense-main,../repos/typesense-main/include/tsconfig.h,"(203, 16)-(203, 20)",b'this'
typesense-main,../repos/typesense-main/include/tsconfig.h,"(207, 16)-(207, 20)",b'this'
typesense-main,../repos/typesense-main/include/tsconfig.h,"(212, 16)-(212, 20)",b'this'
typesense-main,../repos/typesense-main/include/tsconfig.h,"(216, 16)-(216, 20)",b'this'
typesense-main,../repos/typesense-main/include/tsconfig.h,"(220, 16)-(220, 20)",b'this'
typesense-main,../repos/typesense-main/include/tsconfig.h,"(224, 16)-(224, 20)",b'this'
typesense-main,../repos/typesense-main/include/tsconfig.h,"(228, 16)-(228, 20)",b'this'
typesense-main,../repos/typesense-main/include/tsconfig.h,"(232, 16)-(232, 20)",b'this'
typesense-main,../repos/typesense-main/include/tsconfig.h,"(240, 16)-(240, 20)",b'this'
typesense-main,../repos/typesense-main/include/tsconfig.h,"(244, 16)-(244, 20)",b'this'
typesense-main,../repos/typesense-main/include/tsconfig.h,"(248, 16)-(248, 20)",b'this'
typesense-main,../repos/typesense-main/include/tsconfig.h,"(252, 16)-(252, 20)",b'this'
typesense-main,../repos/typesense-main/include/tsconfig.h,"(256, 16)-(256, 20)",b'this'
typesense-main,../repos/typesense-main/include/tsconfig.h,"(260, 16)-(260, 20)",b'this'
typesense-main,../repos/typesense-main/include/tsconfig.h,"(264, 16)-(264, 20)",b'this'
typesense-main,../repos/typesense-main/include/tsconfig.h,"(268, 16)-(268, 20)",b'this'
typesense-main,../repos/typesense-main/include/tsconfig.h,"(272, 16)-(272, 20)",b'this'
typesense-main,../repos/typesense-main/include/tsconfig.h,"(276, 16)-(276, 20)",b'this'
typesense-main,../repos/typesense-main/include/tsconfig.h,"(280, 16)-(280, 20)",b'this'
typesense-main,../repos/typesense-main/include/tsconfig.h,"(284, 16)-(284, 20)",b'this'
typesense-main,../repos/typesense-main/include/tsconfig.h,"(288, 16)-(288, 20)",b'this'
typesense-main,../repos/typesense-main/include/tsconfig.h,"(296, 16)-(296, 20)",b'this'
typesense-main,../repos/typesense-main/include/tsconfig.h,"(300, 16)-(300, 20)",b'this'
typesense-main,../repos/typesense-main/include/tsconfig.h,"(304, 16)-(304, 20)",b'this'
typesense-main,../repos/typesense-main/include/tsconfig.h,"(308, 16)-(308, 20)",b'this'
typesense-main,../repos/typesense-main/include/tsconfig.h,"(312, 16)-(312, 20)",b'this'
typesense-main,../repos/typesense-main/include/tsconfig.h,"(316, 16)-(316, 20)",b'this'
typesense-main,../repos/typesense-main/include/tsconfig.h,"(320, 16)-(320, 20)",b'this'
typesense-main,../repos/typesense-main/include/tsconfig.h,"(324, 16)-(324, 20)",b'this'
typesense-main,../repos/typesense-main/include/tsconfig.h,"(328, 16)-(328, 20)",b'this'
typesense-main,../repos/typesense-main/include/tsconfig.h,"(332, 16)-(332, 20)",b'this'
typesense-main,../repos/typesense-main/include/tsconfig.h,"(336, 16)-(336, 20)",b'this'
typesense-main,../repos/typesense-main/include/tsconfig.h,"(340, 16)-(340, 20)",b'this'
typesense-main,../repos/typesense-main/include/tsconfig.h,"(344, 12)-(344, 16)",b'this'
typesense-main,../repos/typesense-main/include/tsconfig.h,"(348, 16)-(348, 20)",b'this'
typesense-main,../repos/typesense-main/include/tsconfig.h,"(366, 9)-(366, 13)",b'this'
typesense-main,../repos/typesense-main/include/tsconfig.h,"(367, 9)-(367, 13)",b'this'
typesense-main,../repos/typesense-main/include/tsconfig.h,"(368, 9)-(368, 13)",b'this'
typesense-main,../repos/typesense-main/include/tsconfig.h,"(369, 9)-(369, 13)",b'this'
typesense-main,../repos/typesense-main/include/tsconfig.h,"(372, 9)-(372, 13)",b'this'
typesense-main,../repos/typesense-main/include/tsconfig.h,"(375, 13)-(375, 17)",b'this'
typesense-main,../repos/typesense-main/include/tsconfig.h,"(379, 13)-(379, 17)",b'this'
typesense-main,../repos/typesense-main/include/tsconfig.h,"(383, 13)-(383, 17)",b'this'
typesense-main,../repos/typesense-main/include/tsconfig.h,"(387, 13)-(387, 17)",b'this'
typesense-main,../repos/typesense-main/include/tsconfig.h,"(391, 13)-(391, 17)",b'this'
typesense-main,../repos/typesense-main/include/tsconfig.h,"(395, 13)-(395, 17)",b'this'
typesense-main,../repos/typesense-main/include/tsconfig.h,"(399, 13)-(399, 17)",b'this'
typesense-main,../repos/typesense-main/include/tsconfig.h,"(402, 9)-(402, 13)",b'this'
typesense-main,../repos/typesense-main/include/tsconfig.h,"(404, 9)-(404, 13)",b'this'
typesense-main,../repos/typesense-main/include/tsconfig.h,"(405, 9)-(405, 13)",b'this'
typesense-main,../repos/typesense-main/include/tsconfig.h,"(406, 9)-(406, 13)",b'this'
typesense-main,../repos/typesense-main/include/tsconfig.h,"(410, 9)-(410, 13)",b'this'
typesense-main,../repos/typesense-main/include/tsconfig.h,"(416, 13)-(416, 17)",b'this'
typesense-main,../repos/typesense-main/include/tsconfig.h,"(420, 13)-(420, 17)",b'this'
typesense-main,../repos/typesense-main/include/tsconfig.h,"(424, 13)-(424, 17)",b'this'
typesense-main,../repos/typesense-main/include/tsconfig.h,"(428, 13)-(428, 17)",b'this'
typesense-main,../repos/typesense-main/include/tsconfig.h,"(432, 13)-(432, 17)",b'this'
typesense-main,../repos/typesense-main/include/tsconfig.h,"(436, 13)-(436, 17)",b'this'
typesense-main,../repos/typesense-main/include/tsconfig.h,"(440, 13)-(440, 17)",b'this'
typesense-main,../repos/typesense-main/include/tsconfig.h,"(444, 13)-(444, 17)",b'this'
typesense-main,../repos/typesense-main/include/tsconfig.h,"(448, 13)-(448, 17)",b'this'
typesense-main,../repos/typesense-main/include/tsconfig.h,"(452, 13)-(452, 17)",b'this'
typesense-main,../repos/typesense-main/include/tsconfig.h,"(456, 13)-(456, 17)",b'this'
typesense-main,../repos/typesense-main/include/tsconfig.h,"(460, 13)-(460, 17)",b'this'
typesense-main,../repos/typesense-main/include/tsconfig.h,"(464, 13)-(464, 17)",b'this'
typesense-main,../repos/typesense-main/include/tsconfig.h,"(468, 13)-(468, 17)",b'this'
typesense-main,../repos/typesense-main/include/tsconfig.h,"(472, 13)-(472, 17)",b'this'
typesense-main,../repos/typesense-main/include/tsconfig.h,"(475, 9)-(475, 13)",b'this'
typesense-main,../repos/typesense-main/include/tsconfig.h,"(476, 9)-(476, 13)",b'this'
typesense-main,../repos/typesense-main/include/tsconfig.h,"(479, 13)-(479, 17)",b'this'
typesense-main,../repos/typesense-main/include/tsconfig.h,"(483, 13)-(483, 17)",b'this'
typesense-main,../repos/typesense-main/include/tsconfig.h,"(486, 9)-(486, 13)",b'this'
typesense-main,../repos/typesense-main/include/tsconfig.h,"(487, 9)-(487, 13)",b'this'
typesense-main,../repos/typesense-main/include/tsconfig.h,"(491, 9)-(491, 13)",b'this'
typesense-main,../repos/typesense-main/include/tsconfig.h,"(498, 9)-(498, 13)",b'this'
typesense-main,../repos/typesense-main/include/tsconfig.h,"(500, 26)-(500, 30)",b'this'
typesense-main,../repos/typesense-main/include/tsconfig.h,"(511, 13)-(511, 17)",b'this'
typesense-main,../repos/typesense-main/include/tsconfig.h,"(515, 13)-(515, 17)",b'this'
typesense-main,../repos/typesense-main/include/tsconfig.h,"(519, 13)-(519, 17)",b'this'
typesense-main,../repos/typesense-main/include/tsconfig.h,"(523, 13)-(523, 17)",b'this'
typesense-main,../repos/typesense-main/include/tsconfig.h,"(528, 13)-(528, 17)",b'this'
typesense-main,../repos/typesense-main/include/tsconfig.h,"(532, 13)-(532, 17)",b'this'
typesense-main,../repos/typesense-main/include/tsconfig.h,"(536, 13)-(536, 17)",b'this'
typesense-main,../repos/typesense-main/include/tsconfig.h,"(540, 13)-(540, 17)",b'this'
typesense-main,../repos/typesense-main/include/tsconfig.h,"(544, 13)-(544, 17)",b'this'
typesense-main,../repos/typesense-main/include/tsconfig.h,"(548, 13)-(548, 17)",b'this'
typesense-main,../repos/typesense-main/include/tsconfig.h,"(552, 13)-(552, 17)",b'this'
typesense-main,../repos/typesense-main/include/tsconfig.h,"(556, 13)-(556, 17)",b'this'
typesense-main,../repos/typesense-main/include/tsconfig.h,"(562, 13)-(562, 17)",b'this'
typesense-main,../repos/typesense-main/include/tsconfig.h,"(571, 13)-(571, 17)",b'this'
typesense-main,../repos/typesense-main/include/tsconfig.h,"(575, 13)-(575, 17)",b'this'
typesense-main,../repos/typesense-main/include/tsconfig.h,"(579, 13)-(579, 17)",b'this'
typesense-main,../repos/typesense-main/include/tsconfig.h,"(583, 13)-(583, 17)",b'this'
typesense-main,../repos/typesense-main/include/tsconfig.h,"(587, 13)-(587, 17)",b'this'
typesense-main,../repos/typesense-main/include/tsconfig.h,"(591, 13)-(591, 17)",b'this'
typesense-main,../repos/typesense-main/include/tsconfig.h,"(595, 13)-(595, 17)",b'this'
typesense-main,../repos/typesense-main/include/tsconfig.h,"(599, 13)-(599, 17)",b'this'
typesense-main,../repos/typesense-main/include/tsconfig.h,"(603, 13)-(603, 17)",b'this'
typesense-main,../repos/typesense-main/include/tsconfig.h,"(607, 13)-(607, 17)",b'this'
typesense-main,../repos/typesense-main/include/tsconfig.h,"(611, 13)-(611, 17)",b'this'
typesense-main,../repos/typesense-main/include/tsconfig.h,"(615, 13)-(615, 17)",b'this'
typesense-main,../repos/typesense-main/include/tsconfig.h,"(619, 13)-(619, 17)",b'this'
typesense-main,../repos/typesense-main/include/tsconfig.h,"(623, 13)-(623, 17)",b'this'
typesense-main,../repos/typesense-main/include/tsconfig.h,"(627, 13)-(627, 17)",b'this'
typesense-main,../repos/typesense-main/include/tsconfig.h,"(631, 13)-(631, 17)",b'this'
typesense-main,../repos/typesense-main/include/tsconfig.h,"(635, 13)-(635, 17)",b'this'
typesense-main,../repos/typesense-main/include/tsconfig.h,"(639, 13)-(639, 17)",b'this'
typesense-main,../repos/typesense-main/include/tsconfig.h,"(643, 13)-(643, 17)",b'this'
typesense-main,../repos/typesense-main/include/tsconfig.h,"(648, 13)-(648, 17)",b'this'
typesense-main,../repos/typesense-main/include/tsconfig.h,"(653, 13)-(653, 17)",b'this'
typesense-main,../repos/typesense-main/include/tsconfig.h,"(657, 13)-(657, 17)",b'this'
typesense-main,../repos/typesense-main/include/tsconfig.h,"(661, 13)-(661, 17)",b'this'
typesense-main,../repos/typesense-main/include/tsconfig.h,"(666, 13)-(666, 17)",b'this'
typesense-main,../repos/typesense-main/include/tsconfig.h,"(671, 13)-(671, 17)",b'this'
typesense-main,../repos/typesense-main/include/tsconfig.h,"(678, 13)-(678, 17)",b'this'
typesense-main,../repos/typesense-main/include/tsconfig.h,"(682, 13)-(682, 17)",b'this'
typesense-main,../repos/typesense-main/include/tsconfig.h,"(686, 13)-(686, 17)",b'this'
typesense-main,../repos/typesense-main/include/tsconfig.h,"(690, 13)-(690, 17)",b'this'
typesense-main,../repos/typesense-main/include/tsconfig.h,"(696, 13)-(696, 17)",b'this'
typesense-main,../repos/typesense-main/include/tsconfig.h,"(700, 13)-(700, 17)",b'this'
typesense-main,../repos/typesense-main/include/tsconfig.h,"(704, 13)-(704, 17)",b'this'
typesense-main,../repos/typesense-main/include/tsconfig.h,"(708, 13)-(708, 17)",b'this'
typesense-main,../repos/typesense-main/include/tsconfig.h,"(712, 13)-(712, 17)",b'this'
typesense-main,../repos/typesense-main/include/tsconfig.h,"(716, 13)-(716, 17)",b'this'
typesense-main,../repos/typesense-main/include/tsconfig.h,"(720, 13)-(720, 17)",b'this'
typesense-main,../repos/typesense-main/include/tsconfig.h,"(724, 13)-(724, 17)",b'this'
typesense-main,../repos/typesense-main/include/tsconfig.h,"(728, 13)-(728, 17)",b'this'
typesense-main,../repos/typesense-main/include/tsconfig.h,"(737, 13)-(737, 17)",b'this'
typesense-main,../repos/typesense-main/include/tsconfig.h,"(741, 13)-(741, 17)",b'this'
typesense-main,../repos/typesense-main/include/tsconfig.h,"(745, 13)-(745, 17)",b'this'
typesense-main,../repos/typesense-main/include/tsconfig.h,"(749, 13)-(749, 17)",b'this'
typesense-main,../repos/typesense-main/include/tsconfig.h,"(753, 13)-(753, 17)",b'this'
typesense-main,../repos/typesense-main/include/tsconfig.h,"(757, 13)-(757, 17)",b'this'
typesense-main,../repos/typesense-main/include/tsconfig.h,"(761, 13)-(761, 17)",b'this'
typesense-main,../repos/typesense-main/include/tsconfig.h,"(765, 13)-(765, 17)",b'this'
typesense-main,../repos/typesense-main/include/tsconfig.h,"(769, 13)-(769, 17)",b'this'
typesense-main,../repos/typesense-main/include/tsconfig.h,"(773, 13)-(773, 17)",b'this'
typesense-main,../repos/typesense-main/include/tsconfig.h,"(777, 13)-(777, 17)",b'this'
typesense-main,../repos/typesense-main/include/tsconfig.h,"(781, 13)-(781, 17)",b'this'
typesense-main,../repos/typesense-main/include/tsconfig.h,"(785, 13)-(785, 17)",b'this'
typesense-main,../repos/typesense-main/include/tsconfig.h,"(789, 13)-(789, 17)",b'this'
typesense-main,../repos/typesense-main/include/tsconfig.h,"(793, 13)-(793, 17)",b'this'
typesense-main,../repos/typesense-main/include/tsconfig.h,"(797, 13)-(797, 17)",b'this'
typesense-main,../repos/typesense-main/include/tsconfig.h,"(801, 13)-(801, 17)",b'this'
typesense-main,../repos/typesense-main/include/tsconfig.h,"(805, 13)-(805, 17)",b'this'
typesense-main,../repos/typesense-main/include/tsconfig.h,"(809, 13)-(809, 17)",b'this'
typesense-main,../repos/typesense-main/include/tsconfig.h,"(813, 13)-(813, 17)",b'this'
typesense-main,../repos/typesense-main/include/tsconfig.h,"(817, 13)-(817, 17)",b'this'
typesense-main,../repos/typesense-main/include/tsconfig.h,"(821, 13)-(821, 17)",b'this'
typesense-main,../repos/typesense-main/include/tsconfig.h,"(825, 13)-(825, 17)",b'this'
typesense-main,../repos/typesense-main/include/tsconfig.h,"(829, 13)-(829, 17)",b'this'
typesense-main,../repos/typesense-main/include/tsconfig.h,"(833, 13)-(833, 17)",b'this'
typesense-main,../repos/typesense-main/include/tsconfig.h,"(846, 9)-(846, 13)",b'this'
typesense-main,../repos/typesense-main/include/tsconfig.h,"(852, 12)-(852, 16)",b'this'
typesense-main,../repos/typesense-main/include/tsl/array-hash/array_hash.h,"(336, 15)-(336, 19)",b'this'
typesense-main,../repos/typesense-main/include/tsl/array-hash/array_hash.h,"(340, 34)-(340, 38)",b'this'
typesense-main,../repos/typesense-main/include/tsl/array-hash/array_hash.h,"(341, 10)-(341, 14)",b'this'
typesense-main,../repos/typesense-main/include/tsl/array-hash/array_hash.h,"(413, 17)-(413, 21)",b'this'
typesense-main,../repos/typesense-main/include/tsl/array-hash/array_hash.h,"(415, 13)-(415, 17)",b'this'
typesense-main,../repos/typesense-main/include/tsl/array-hash/array_hash.h,"(870, 14)-(870, 18)",b'this'
typesense-main,../repos/typesense-main/include/tsl/array-hash/array_hash.h,"(901, 15)-(901, 19)",b'this'
typesense-main,../repos/typesense-main/include/tsl/array-hash/array_hash.h,"(905, 32)-(905, 36)",b'this'
typesense-main,../repos/typesense-main/include/tsl/array-hash/array_hash.h,"(906, 10)-(906, 14)",b'this'
typesense-main,../repos/typesense-main/include/tsl/array-hash/array_hash.h,"(927, 14)-(927, 18)",b'this'
typesense-main,../repos/typesense-main/include/tsl/array-hash/array_hash.h,"(949, 5)-(949, 9)",b'this'
typesense-main,../repos/typesense-main/include/tsl/array-hash/array_hash.h,"(987, 19)-(987, 23)",b'this'
typesense-main,../repos/typesense-main/include/tsl/array-hash/array_hash.h,"(1000, 13)-(1000, 17)",b'this'
typesense-main,../repos/typesense-main/include/tsl/array-hash/array_hash.h,"(1004, 17)-(1004, 21)",b'this'
typesense-main,../repos/typesense-main/include/tsl/array-hash/array_hash.h,"(1007, 13)-(1007, 17)",b'this'
typesense-main,../repos/typesense-main/include/tsl/array-hash/array_hash.h,"(1020, 51)-(1020, 55)",b'this'
typesense-main,../repos/typesense-main/include/tsl/array-hash/array_hash.h,"(1033, 57)-(1033, 61)",b'this'
typesense-main,../repos/typesense-main/include/tsl/array-hash/array_hash.h,"(1038, 68)-(1038, 72)",b'this'
typesense-main,../repos/typesense-main/include/tsl/array-hash/array_hash.h,"(1044, 74)-(1044, 78)",b'this'
typesense-main,../repos/typesense-main/include/tsl/array-hash/array_hash.h,"(1089, 69)-(1089, 73)",b'this'
typesense-main,../repos/typesense-main/include/tsl/array-hash/array_hash.h,"(1176, 44)-(1176, 48)",b'this'
typesense-main,../repos/typesense-main/include/tsl/array-hash/array_hash.h,"(1178, 30)-(1178, 34)",b'this'
typesense-main,../repos/typesense-main/include/tsl/array-hash/array_hash.h,"(1179, 38)-(1179, 42)",b'this'
typesense-main,../repos/typesense-main/include/tsl/array-hash/array_hash.h,"(1206, 40)-(1206, 44)",b'this'
typesense-main,../repos/typesense-main/include/tsl/array-hash/array_hash.h,"(1216, 14)-(1216, 18)",b'this'
typesense-main,../repos/typesense-main/include/tsl/array-hash/array_hash.h,"(1230, 14)-(1230, 18)",b'this'
typesense-main,../repos/typesense-main/include/tsl/array-hash/array_hash.h,"(1271, 72)-(1271, 76)",b'this'
typesense-main,../repos/typesense-main/include/tsl/array-hash/array_hash.h,"(1284, 29)-(1284, 33)",b'this'
typesense-main,../repos/typesense-main/include/tsl/array-hash/array_hash.h,"(1354, 69)-(1354, 73)",b'this'
typesense-main,../repos/typesense-main/include/tsl/array-hash/array_hash.h,"(1366, 60)-(1366, 64)",b'this'
typesense-main,../repos/typesense-main/include/tsl/array-hash/array_hash.h,"(1400, 69)-(1400, 73)",b'this'
typesense-main,../repos/typesense-main/include/tsl/array-hash/array_hash.h,"(1409, 59)-(1409, 63)",b'this'
typesense-main,../repos/typesense-main/include/tsl/array-hash/array_hash.h,"(1427, 9)-(1427, 13)",b'this'
typesense-main,../repos/typesense-main/include/tsl/array-hash/array_hash.h,"(1431, 41)-(1431, 45)",b'this'
typesense-main,../repos/typesense-main/include/tsl/array-hash/array_hash.h,"(1446, 26)-(1446, 30)",b'this'
typesense-main,../repos/typesense-main/include/tsl/array-hash/array_hash.h,"(1465, 21)-(1465, 25)",b'this'
typesense-main,../repos/typesense-main/include/tsl/array-hash/array_hash.h,"(1466, 36)-(1466, 40)",b'this'
typesense-main,../repos/typesense-main/include/tsl/array-hash/array_hash.h,"(1486, 9)-(1486, 13)",b'this'
typesense-main,../repos/typesense-main/include/tsl/array-hash/array_hash.h,"(1490, 11)-(1490, 15)",b'this'
typesense-main,../repos/typesense-main/include/tsl/array-hash/array_hash.h,"(1496, 9)-(1496, 13)",b'this'
typesense-main,../repos/typesense-main/include/tsl/array-hash/array_hash.h,"(1496, 34)-(1496, 38)",b'this'
typesense-main,../repos/typesense-main/include/tsl/array-hash/array_hash.h,"(1497, 7)-(1497, 11)",b'this'
typesense-main,../repos/typesense-main/include/tsl/array-hash/array_hash.h,"(1498, 29)-(1498, 33)",b'this'
typesense-main,../repos/typesense-main/include/tsl/array-hash/array_hash.h,"(1502, 5)-(1502, 9)",b'this'
typesense-main,../repos/typesense-main/include/tsl/array-hash/array_hash.h,"(1506, 52)-(1506, 56)",b'this'
typesense-main,../repos/typesense-main/include/tsl/array-hash/array_hash.h,"(1510, 58)-(1510, 62)",b'this'
typesense-main,../repos/typesense-main/include/tsl/array-hash/array_hash.h,"(1513, 7)-(1513, 11)",b'this'
typesense-main,../repos/typesense-main/include/tsl/array-hash/array_hash.h,"(1531, 74)-(1531, 78)",b'this'
typesense-main,../repos/typesense-main/include/tsl/array-hash/array_hash.h,"(1537, 25)-(1537, 29)",b'this'
typesense-main,../repos/typesense-main/include/tsl/array-hash/array_hash.h,"(1575, 38)-(1575, 42)",b'this'
typesense-main,../repos/typesense-main/include/tsl/array-hash/array_hash.h,"(1647, 18)-(1647, 22)",b'this'
typesense-main,../repos/typesense-main/include/tsl/array-hash/array_hash.h,"(1678, 5)-(1678, 9)",b'this'
typesense-main,../repos/typesense-main/include/tsl/array-hash/array_hash.h,"(1720, 25)-(1720, 29)",b'this'
typesense-main,../repos/typesense-main/include/tsl/array-hash/array_hash.h,"(1739, 7)-(1739, 11)",b'this'
typesense-main,../repos/typesense-main/include/tsl/array-hash/array_hash.h,"(1741, 21)-(1741, 25)",b'this'
typesense-main,../repos/typesense-main/include/tsl/array-hash/array_hash.h,"(1743, 44)-(1743, 48)",b'this'
typesense-main,../repos/typesense-main/include/tsl/array-hash/array_map.h,"(133, 13)-(133, 17)",b'this'
typesense-main,../repos/typesense-main/include/tsl/array-hash/array_map.h,"(143, 13)-(143, 17)",b'this'
typesense-main,../repos/typesense-main/include/tsl/array-hash/array_set.h,"(126, 13)-(126, 17)",b'this'
typesense-main,../repos/typesense-main/include/tsl/array-hash/array_set.h,"(135, 13)-(135, 17)",b'this'
typesense-main,../repos/typesense-main/include/tsl/htrie_hash.h,"(213, 39)-(213, 43)",b'this'
typesense-main,../repos/typesense-main/include/tsl/htrie_hash.h,"(218, 39)-(218, 43)",b'this'
typesense-main,../repos/typesense-main/include/tsl/htrie_hash.h,"(223, 45)-(223, 49)",b'this'
typesense-main,../repos/typesense-main/include/tsl/htrie_hash.h,"(228, 45)-(228, 49)",b'this'
typesense-main,../repos/typesense-main/include/tsl/htrie_hash.h,"(312, 47)-(312, 51)",b'this'
typesense-main,../repos/typesense-main/include/tsl/htrie_hash.h,"(326, 41)-(326, 45)",b'this'
typesense-main,../repos/typesense-main/include/tsl/htrie_hash.h,"(345, 41)-(345, 45)",b'this'
typesense-main,../repos/typesense-main/include/tsl/htrie_hash.h,"(349, 47)-(349, 51)",b'this'
typesense-main,../repos/typesense-main/include/tsl/htrie_hash.h,"(367, 41)-(367, 45)",b'this'
typesense-main,../repos/typesense-main/include/tsl/htrie_hash.h,"(372, 39)-(372, 43)",b'this'
typesense-main,../repos/typesense-main/include/tsl/htrie_hash.h,"(423, 32)-(423, 36)",b'this'
typesense-main,../repos/typesense-main/include/tsl/htrie_hash.h,"(639, 11)-(639, 15)",b'this'
typesense-main,../repos/typesense-main/include/tsl/htrie_hash.h,"(640, 23)-(640, 27)",b'this'
typesense-main,../repos/typesense-main/include/tsl/htrie_hash.h,"(641, 23)-(641, 27)",b'this'
typesense-main,../repos/typesense-main/include/tsl/htrie_hash.h,"(643, 16)-(643, 20)",b'this'
typesense-main,../repos/typesense-main/include/tsl/htrie_hash.h,"(645, 16)-(645, 20)",b'this'
typesense-main,../repos/typesense-main/include/tsl/htrie_hash.h,"(692, 15)-(692, 19)",b'this'
typesense-main,../repos/typesense-main/include/tsl/htrie_hash.h,"(696, 32)-(696, 36)",b'this'
typesense-main,../repos/typesense-main/include/tsl/htrie_hash.h,"(697, 10)-(697, 14)",b'this'
typesense-main,../repos/typesense-main/include/tsl/htrie_hash.h,"(863, 5)-(863, 9)",b'this'
typesense-main,../repos/typesense-main/include/tsl/htrie_hash.h,"(892, 19)-(892, 23)",b'this'
typesense-main,../repos/typesense-main/include/tsl/htrie_hash.h,"(909, 13)-(909, 17)",b'this'
typesense-main,../repos/typesense-main/include/tsl/htrie_hash.h,"(913, 17)-(913, 21)",b'this'
typesense-main,../repos/typesense-main/include/tsl/htrie_hash.h,"(916, 13)-(916, 17)",b'this'
typesense-main,../repos/typesense-main/include/tsl/htrie_hash.h,"(1107, 40)-(1107, 44)",b'this'
typesense-main,../repos/typesense-main/include/tsl/htrie_hash.h,"(1486, 60)-(1486, 64)",b'this'
typesense-main,../repos/typesense-main/include/tsl/htrie_hash.h,"(1530, 40)-(1530, 44)",b'this'
typesense-main,../repos/typesense-main/include/tsl/htrie_hash.h,"(1593, 49)-(1593, 53)",b'this'
typesense-main,../repos/typesense-main/include/tsl/htrie_hash.h,"(1932, 5)-(1932, 9)",b'this'
typesense-main,../repos/typesense-main/include/tsl/htrie_hash.h,"(1934, 5)-(1934, 9)",b'this'
typesense-main,../repos/typesense-main/include/tsl/htrie_map.h,"(110, 13)-(110, 17)",b'this'
typesense-main,../repos/typesense-main/include/tsl/htrie_map.h,"(118, 13)-(118, 17)",b'this'
typesense-main,../repos/typesense-main/include/tsl/htrie_set.h,"(103, 13)-(103, 17)",b'this'
typesense-main,../repos/typesense-main/include/tsl/htrie_set.h,"(110, 13)-(110, 17)",b'this'
typesense-main,../repos/typesense-main/src/analytics_manager.cpp,"(633, 5)-(633, 9)",b'this'
typesense-main,../repos/typesense-main/src/analytics_manager.cpp,"(636, 9)-(636, 13)",b'this'
typesense-main,../repos/typesense-main/src/analytics_manager.cpp,"(644, 12)-(644, 16)",b'this'
typesense-main,../repos/typesense-main/src/auth_manager.cpp,"(13, 5)-(13, 9)",b'this'
typesense-main,../repos/typesense-main/src/auth_manager.cpp,"(14, 5)-(14, 9)",b'this'
typesense-main,../repos/typesense-main/src/batched_indexer.cpp,"(135, 53)-(135, 57)",b'this'
typesense-main,../repos/typesense-main/src/collection.cpp,"(62, 5)-(62, 9)",b'this'
typesense-main,../repos/typesense-main/src/collection.cpp,"(1230, 96)-(1230, 100)",b'this'
typesense-main,../repos/typesense-main/src/collection.cpp,"(2635, 64)-(2635, 68)",b'this'
typesense-main,../repos/typesense-main/src/collection.cpp,"(6478, 88)-(6478, 92)",b'this'
typesense-main,../repos/typesense-main/src/collection_manager.cpp,"(197, 5)-(197, 9)",b'this'
typesense-main,../repos/typesense-main/src/collection_manager.cpp,"(198, 5)-(198, 9)",b'this'
typesense-main,../repos/typesense-main/src/collection_manager.cpp,"(199, 5)-(199, 9)",b'this'
typesense-main,../repos/typesense-main/src/collection_manager.cpp,"(200, 5)-(200, 9)",b'this'
typesense-main,../repos/typesense-main/src/collection_manager.cpp,"(201, 5)-(201, 9)",b'this'
typesense-main,../repos/typesense-main/src/collection_manager.cpp,"(202, 5)-(202, 9)",b'this'
typesense-main,../repos/typesense-main/src/collection_manager.cpp,"(502, 49)-(502, 53)",b'this'
typesense-main,../repos/typesense-main/src/filter_result_iterator.cpp,"(1602, 9)-(1602, 13)",b'this'
typesense-main,../repos/typesense-main/src/filter_result_iterator.cpp,"(1621, 17)-(1621, 21)",b'this'
typesense-main,../repos/typesense-main/src/filter_result_iterator.cpp,"(1622, 17)-(1622, 21)",b'this'
typesense-main,../repos/typesense-main/src/filter_result_iterator.cpp,"(1658, 13)-(1658, 17)",b'this'
typesense-main,../repos/typesense-main/src/housekeeper.cpp,"(68, 5)-(68, 9)",b'this'
typesense-main,../repos/typesense-main/src/http_server.cpp,"(113, 44)-(113, 48)",b'this'
typesense-main,../repos/typesense-main/src/http_server.cpp,"(161, 29)-(161, 33)",b'this'
typesense-main,../repos/typesense-main/src/http_server.cpp,"(168, 5)-(168, 9)",b'this'
typesense-main,../repos/typesense-main/src/http_server.cpp,"(170, 48)-(170, 52)",b'this'
typesense-main,../repos/typesense-main/src/http_server.cpp,"(223, 28)-(223, 32)",b'this'
typesense-main,../repos/typesense-main/src/http_server.cpp,"(730, 66)-(730, 70)",b'this'
typesense-main,../repos/typesense-main/src/ids_t.cpp,"(393, 31)-(393, 35)",b'this'
typesense-main,../repos/typesense-main/src/ids_t.cpp,"(397, 39)-(397, 43)",b'this'
typesense-main,../repos/typesense-main/src/ids_t.cpp,"(409, 35)-(409, 39)",b'this'
typesense-main,../repos/typesense-main/src/ids_t.cpp,"(423, 37)-(423, 41)",b'this'
typesense-main,../repos/typesense-main/src/ids_t.cpp,"(424, 54)-(424, 58)",b'this'
typesense-main,../repos/typesense-main/src/id_list.cpp,"(119, 73)-(119, 77)",b'this'
typesense-main,../repos/typesense-main/src/index.cpp,"(1797, 77)-(1797, 81)",b'this'
typesense-main,../repos/typesense-main/src/index.cpp,"(1857, 85)-(1857, 89)",b'this'
typesense-main,../repos/typesense-main/src/index.cpp,"(2841, 81)-(2841, 85)",b'this'
typesense-main,../repos/typesense-main/src/index.cpp,"(3655, 35)-(3655, 39)",b'this'
typesense-main,../repos/typesense-main/src/index.cpp,"(5948, 31)-(5948, 35)",b'this'
typesense-main,../repos/typesense-main/src/index.cpp,"(6115, 76)-(6115, 80)",b'this'
typesense-main,../repos/typesense-main/src/numeric_range_trie.cpp,"(499, 18)-(499, 22)",b'this'
typesense-main,../repos/typesense-main/src/numeric_range_trie.cpp,"(586, 18)-(586, 22)",b'this'
typesense-main,../repos/typesense-main/src/numeric_range_trie.cpp,"(619, 18)-(619, 22)",b'this'
typesense-main,../repos/typesense-main/src/numeric_range_trie.cpp,"(685, 27)-(685, 31)",b'this'
typesense-main,../repos/typesense-main/src/numeric_range_trie.cpp,"(743, 31)-(743, 35)",b'this'
typesense-main,../repos/typesense-main/src/numeric_range_trie.cpp,"(823, 27)-(823, 31)",b'this'
typesense-main,../repos/typesense-main/src/numeric_range_trie.cpp,"(850, 18)-(850, 22)",b'this'
typesense-main,../repos/typesense-main/src/numeric_range_trie.cpp,"(867, 18)-(867, 22)",b'this'
typesense-main,../repos/typesense-main/src/numeric_range_trie.cpp,"(1011, 17)-(1011, 21)",b'this'
typesense-main,../repos/typesense-main/src/numeric_range_trie.cpp,"(1012, 17)-(1012, 21)",b'this'
typesense-main,../repos/typesense-main/src/numeric_range_trie.cpp,"(1023, 13)-(1023, 17)",b'this'
typesense-main,../repos/typesense-main/src/or_iterator.cpp,"(281, 27)-(281, 31)",b'this'
typesense-main,../repos/typesense-main/src/or_iterator.cpp,"(282, 12)-(282, 16)",b'this'
typesense-main,../repos/typesense-main/src/or_iterator.cpp,"(282, 32)-(282, 36)",b'this'
typesense-main,../repos/typesense-main/src/or_iterator.cpp,"(296, 13)-(296, 17)",b'this'
typesense-main,../repos/typesense-main/src/posting_list.cpp,"(1730, 14)-(1730, 18)",b'this'
typesense-main,../repos/typesense-main/src/posting_list.cpp,"(1731, 50)-(1731, 54)",b'this'
typesense-main,../repos/typesense-main/src/posting_list.cpp,"(1752, 46)-(1752, 50)",b'this'
typesense-main,../repos/typesense-main/src/posting_list.cpp,"(1763, 14)-(1763, 18)",b'this'
typesense-main,../repos/typesense-main/src/posting_list.cpp,"(1764, 33)-(1764, 37)",b'this'
typesense-main,../repos/typesense-main/src/posting_list.cpp,"(1785, 29)-(1785, 33)",b'this'
typesense-main,../repos/typesense-main/src/posting_list.cpp,"(1847, 13)-(1847, 17)",b'this'
typesense-main,../repos/typesense-main/src/query_analytics.cpp,"(124, 5)-(124, 9)",b'this'
typesense-main,../repos/typesense-main/src/raft_server.cpp,"(27, 52)-(27, 56)",b'this'
typesense-main,../repos/typesense-main/src/raft_server.cpp,"(37, 5)-(37, 9)",b'this'
typesense-main,../repos/typesense-main/src/raft_server.cpp,"(38, 5)-(38, 9)",b'this'
typesense-main,../repos/typesense-main/src/raft_server.cpp,"(39, 5)-(39, 9)",b'this'
typesense-main,../repos/typesense-main/src/raft_server.cpp,"(72, 5)-(72, 9)",b'this'
typesense-main,../repos/typesense-main/src/raft_server.cpp,"(73, 5)-(73, 9)",b'this'
typesense-main,../repos/typesense-main/src/raft_server.cpp,"(93, 24)-(93, 28)",b'this'
typesense-main,../repos/typesense-main/src/raft_server.cpp,"(137, 5)-(137, 9)",b'this'
typesense-main,../repos/typesense-main/src/raft_server.cpp,"(363, 65)-(363, 69)",b'this'
typesense-main,../repos/typesense-main/src/raft_server.cpp,"(585, 30)-(585, 34)",b'this'
typesense-main,../repos/typesense-main/src/raft_server.cpp,"(749, 9)-(749, 13)",b'this'
typesense-main,../repos/typesense-main/src/raft_server.cpp,"(753, 13)-(753, 17)",b'this'
typesense-main,../repos/typesense-main/src/raft_server.cpp,"(755, 13)-(755, 17)",b'this'
typesense-main,../repos/typesense-main/src/raft_server.cpp,"(761, 9)-(761, 13)",b'this'
typesense-main,../repos/typesense-main/src/raft_server.cpp,"(765, 13)-(765, 17)",b'this'
typesense-main,../repos/typesense-main/src/raft_server.cpp,"(767, 13)-(767, 17)",b'this'
typesense-main,../repos/typesense-main/src/raft_server.cpp,"(771, 22)-(771, 26)",b'this'
typesense-main,../repos/typesense-main/src/raft_server.cpp,"(802, 13)-(802, 17)",b'this'
typesense-main,../repos/typesense-main/src/raft_server.cpp,"(852, 53)-(852, 57)",b'this'
typesense-main,../repos/typesense-main/src/raft_server.cpp,"(853, 81)-(853, 85)",b'this'
typesense-main,../repos/typesense-main/src/raft_server.cpp,"(855, 31)-(855, 35)",b'this'
typesense-main,../repos/typesense-main/src/raft_server.cpp,"(861, 5)-(861, 9)",b'this'
typesense-main,../repos/typesense-main/src/raft_server.cpp,"(1069, 71)-(1069, 75)",b'this'
typesense-main,../repos/typesense-main/src/raft_server.cpp,"(1105, 54)-(1105, 58)",b'this'
typesense-main,../repos/typesense-main/src/raft_server.cpp,"(1116, 57)-(1116, 61)",b'this'
typesense-main,../repos/typesense-main/src/ratelimit_manager.cpp,"(495, 5)-(495, 9)",b'this'
typesense-main,../repos/typesense-main/src/text_embedder_remote.cpp,"(431, 5)-(431, 9)",b'this'
typesense-main,../repos/typesense-main/test/ratelimit_test.cpp,"(333, 5)-(333, 9)",b'this'
typesense-main,../repos/typesense-main/test/ratelimit_test.cpp,"(340, 5)-(340, 9)",b'this'
typesense-main,../repos/typesense-main/test/ratelimit_test.cpp,"(347, 5)-(347, 9)",b'this'
typesense-main,../repos/typesense-main/test/ratelimit_test.cpp,"(349, 5)-(349, 9)",b'this'
