Repo name,File name,Location,Content
typesense-main,../repos/typesense-main/include/collection.h,"(698, 5)-(698, 43)",b'friend class filter_result_iterator_t;'
typesense-main,../repos/typesense-main/include/index.h,"(1076, 5)-(1076, 43)",b'friend class filter_result_iterator_t;'
typesense-main,../repos/typesense-main/include/json.hpp,"(6240, 5)-(6240, 44)",b'friend struct wide_string_input_helper;'
typesense-main,../repos/typesense-main/include/json.hpp,"(12705, 5)-(12708, 6)",b'friend constexpr bool operator==(primitive_it...'
typesense-main,../repos/typesense-main/include/json.hpp,"(12710, 5)-(12713, 6)",b'friend constexpr bool operator<(primitive_ite...'
typesense-main,../repos/typesense-main/include/json.hpp,"(12722, 5)-(12725, 6)",b'friend constexpr difference_type operator-(pr...'
typesense-main,../repos/typesense-main/include/json.hpp,"(12852, 5)-(12852, 28)",b'friend other_iter_impl;'
typesense-main,../repos/typesense-main/include/json.hpp,"(12853, 5)-(12853, 26)",b'friend BasicJsonType;'
typesense-main,../repos/typesense-main/include/json.hpp,"(12854, 5)-(12854, 39)",b'friend iteration_proxy<iter_impl>;'
typesense-main,../repos/typesense-main/include/json.hpp,"(12855, 5)-(12855, 45)",b'friend iteration_proxy_value<iter_impl>;'
typesense-main,../repos/typesense-main/include/json.hpp,"(14607, 5)-(14608, 80)",b'friend bool operator==(const json_pointer<Ref...'
typesense-main,../repos/typesense-main/include/json.hpp,"(14614, 5)-(14615, 51)",b'friend bool operator==(const json_pointer<Ref...'
typesense-main,../repos/typesense-main/include/json.hpp,"(14621, 5)-(14622, 71)","b'friend bool operator==(const StringType& lhs,...'"
typesense-main,../repos/typesense-main/include/json.hpp,"(14628, 5)-(14629, 80)",b'friend bool operator!=(const json_pointer<Ref...'
typesense-main,../repos/typesense-main/include/json.hpp,"(14635, 5)-(14636, 51)",b'friend bool operator!=(const json_pointer<Ref...'
typesense-main,../repos/typesense-main/include/json.hpp,"(14642, 5)-(14643, 71)","b'friend bool operator!=(const StringType& lhs,...'"
typesense-main,../repos/typesense-main/include/json.hpp,"(14648, 5)-(14649, 79)",b'friend bool operator<(const json_pointer<RefS...'
typesense-main,../repos/typesense-main/include/json.hpp,"(19330, 5)-(19330, 43)",b'friend class ::nlohmann::json_pointer;'
typesense-main,../repos/typesense-main/include/json.hpp,"(19335, 5)-(19335, 45)",b'friend class ::nlohmann::detail::parser;'
typesense-main,../repos/typesense-main/include/json.hpp,"(19338, 5)-(19338, 48)",b'friend class ::nlohmann::detail::iter_impl;'
typesense-main,../repos/typesense-main/include/json.hpp,"(19340, 5)-(19340, 52)",b'friend class ::nlohmann::detail::binary_writer;'
typesense-main,../repos/typesense-main/include/json.hpp,"(19342, 5)-(19342, 52)",b'friend class ::nlohmann::detail::binary_reader;'
typesense-main,../repos/typesense-main/include/json.hpp,"(19344, 5)-(19344, 58)",b'friend class ::nlohmann::detail::json_sax_dom...'
typesense-main,../repos/typesense-main/include/json.hpp,"(19346, 5)-(19346, 67)",b'friend class ::nlohmann::detail::json_sax_dom...'
typesense-main,../repos/typesense-main/include/json.hpp,"(23028, 5)-(23031, 6)","b'friend bool operator==(const_reference lhs, S...'"
typesense-main,../repos/typesense-main/include/json.hpp,"(23037, 5)-(23040, 6)","b'friend bool operator==(ScalarType lhs, const_...'"
typesense-main,../repos/typesense-main/include/json.hpp,"(23057, 5)-(23060, 6)","b'friend bool operator!=(const_reference lhs, S...'"
typesense-main,../repos/typesense-main/include/json.hpp,"(23066, 5)-(23069, 6)","b'friend bool operator!=(ScalarType lhs, const_...'"
typesense-main,../repos/typesense-main/include/json.hpp,"(23085, 5)-(23088, 6)","b'friend bool operator<(const_reference lhs, Sc...'"
typesense-main,../repos/typesense-main/include/json.hpp,"(23094, 5)-(23097, 6)","b'friend bool operator<(ScalarType lhs, const_r...'"
typesense-main,../repos/typesense-main/include/json.hpp,"(23114, 5)-(23117, 6)","b'friend bool operator<=(const_reference lhs, S...'"
typesense-main,../repos/typesense-main/include/json.hpp,"(23123, 5)-(23126, 6)","b'friend bool operator<=(ScalarType lhs, const_...'"
typesense-main,../repos/typesense-main/include/json.hpp,"(23144, 5)-(23147, 6)","b'friend bool operator>(const_reference lhs, Sc...'"
typesense-main,../repos/typesense-main/include/json.hpp,"(23153, 5)-(23156, 6)","b'friend bool operator>(ScalarType lhs, const_r...'"
typesense-main,../repos/typesense-main/include/json.hpp,"(23173, 5)-(23176, 6)","b'friend bool operator>=(const_reference lhs, S...'"
typesense-main,../repos/typesense-main/include/json.hpp,"(23182, 5)-(23185, 6)","b'friend bool operator>=(ScalarType lhs, const_...'"
typesense-main,../repos/typesense-main/include/raft_server.h,"(250, 5)-(250, 37)",b'friend class ReplicationClosure;'
typesense-main,../repos/typesense-main/include/sparsepp.h,"(2011, 9)-(2023, 10)","b'friend size_t operator-(iterator l, iterator ...'"
typesense-main,../repos/typesense-main/include/sparsepp.h,"(3333, 9)-(3333, 30)",b'friend struct GrpPos;'
typesense-main,../repos/typesense-main/include/tsl/array-hash/array_hash.h,"(290, 5)-(290, 31)",b'friend class array_bucket;'
typesense-main,../repos/typesense-main/include/tsl/array-hash/array_hash.h,"(346, 5)-(349, 6)",b'friend bool operator==(const array_bucket_ite...'
typesense-main,../repos/typesense-main/include/tsl/array-hash/array_hash.h,"(351, 5)-(354, 6)",b'friend bool operator!=(const array_bucket_ite...'
typesense-main,../repos/typesense-main/include/tsl/array-hash/array_hash.h,"(733, 3)-(735, 4)","b'friend void swap(value_container& lhs, value_...'"
typesense-main,../repos/typesense-main/include/tsl/array-hash/array_hash.h,"(805, 5)-(805, 29)",b'friend class array_hash;'
typesense-main,../repos/typesense-main/include/tsl/array-hash/array_hash.h,"(911, 5)-(916, 6)",b'friend bool operator==(const array_hash_itera...'
typesense-main,../repos/typesense-main/include/tsl/array-hash/array_hash.h,"(918, 5)-(921, 6)",b'friend bool operator!=(const array_hash_itera...'
typesense-main,../repos/typesense-main/include/tsl/array-hash/array_map.h,"(874, 3)-(888, 4)","b'friend bool operator==(const array_map& lhs, ...'"
typesense-main,../repos/typesense-main/include/tsl/array-hash/array_map.h,"(890, 3)-(892, 4)","b'friend bool operator!=(const array_map& lhs, ...'"
typesense-main,../repos/typesense-main/include/tsl/array-hash/array_map.h,"(894, 3)-(894, 70)","b'friend void swap(array_map& lhs, array_map& r...'"
typesense-main,../repos/typesense-main/include/tsl/array-hash/array_set.h,"(673, 3)-(686, 4)","b'friend bool operator==(const array_set& lhs, ...'"
typesense-main,../repos/typesense-main/include/tsl/array-hash/array_set.h,"(688, 3)-(690, 4)","b'friend bool operator!=(const array_set& lhs, ...'"
typesense-main,../repos/typesense-main/include/tsl/array-hash/array_set.h,"(692, 3)-(692, 70)","b'friend void swap(array_set& lhs, array_set& r...'"
typesense-main,../repos/typesense-main/include/tsl/htrie_hash.h,"(193, 5)-(193, 28)",b'friend class trie_node;'
typesense-main,../repos/typesense-main/include/tsl/htrie_hash.h,"(486, 5)-(486, 29)",b'friend class htrie_hash;'
typesense-main,../repos/typesense-main/include/tsl/htrie_hash.h,"(702, 5)-(719, 6)",b'friend bool operator==(const htrie_hash_itera...'
typesense-main,../repos/typesense-main/include/tsl/htrie_hash.h,"(721, 5)-(724, 6)",b'friend bool operator!=(const htrie_hash_itera...'
typesense-main,../repos/typesense-main/include/tsl/htrie_map.h,"(626, 3)-(643, 4)","b'friend bool operator==(const htrie_map& lhs, ...'"
typesense-main,../repos/typesense-main/include/tsl/htrie_map.h,"(645, 3)-(647, 4)","b'friend bool operator!=(const htrie_map& lhs, ...'"
typesense-main,../repos/typesense-main/include/tsl/htrie_map.h,"(649, 3)-(649, 70)","b'friend void swap(htrie_map& lhs, htrie_map& r...'"
typesense-main,../repos/typesense-main/include/tsl/htrie_set.h,"(548, 3)-(564, 4)","b'friend bool operator==(const htrie_set& lhs, ...'"
typesense-main,../repos/typesense-main/include/tsl/htrie_set.h,"(566, 3)-(568, 4)","b'friend bool operator!=(const htrie_set& lhs, ...'"
typesense-main,../repos/typesense-main/include/tsl/htrie_set.h,"(570, 3)-(570, 70)","b'friend void swap(htrie_set& lhs, htrie_set& r...'"
