Repo name,File name,Location,Content
typesense-main,../repos/typesense-main/include/backward.hpp,"(410, 9)-(410, 25)",b'using std::move;'
typesense-main,../repos/typesense-main/include/backward.hpp,"(576, 17)-(576, 33)",b'using std::swap;'
typesense-main,../repos/typesense-main/include/backward.hpp,"(609, 17)-(609, 41)",b'using namespace details;'
typesense-main,../repos/typesense-main/include/backward.hpp,"(1296, 5)-(1296, 29)",b'using namespace details;'
typesense-main,../repos/typesense-main/include/backward.hpp,"(1510, 5)-(1510, 29)",b'using namespace details;'
typesense-main,../repos/typesense-main/include/backward.hpp,"(1513, 7)-(1513, 31)",b'using namespace details;'
typesense-main,../repos/typesense-main/include/backward.hpp,"(1719, 5)-(1719, 29)",b'using namespace details;'
typesense-main,../repos/typesense-main/include/backward.hpp,"(3428, 13)-(3428, 37)",b'using namespace details;'
typesense-main,../repos/typesense-main/include/backward.hpp,"(3659, 13)-(3659, 33)",b'using namespace std;'
typesense-main,../repos/typesense-main/include/backward.hpp,"(3799, 13)-(3799, 28)",b'using std::max;'
typesense-main,../repos/typesense-main/include/backward.hpp,"(3800, 13)-(3800, 28)",b'using std::min;'
typesense-main,../repos/typesense-main/include/backward.hpp,"(4044, 13)-(4044, 33)",b'using namespace std;'
typesense-main,../repos/typesense-main/include/json.hpp,"(3080, 1)-(3080, 24)",b'using std::enable_if_t;'
typesense-main,../repos/typesense-main/include/json.hpp,"(3081, 1)-(3081, 27)",b'using std::index_sequence;'
typesense-main,../repos/typesense-main/include/json.hpp,"(3082, 1)-(3082, 32)",b'using std::make_index_sequence;'
typesense-main,../repos/typesense-main/include/json.hpp,"(3083, 1)-(3083, 31)",b'using std::index_sequence_for;'
typesense-main,../repos/typesense-main/include/json.hpp,"(4783, 5)-(4783, 20)",b'using std::end;'
typesense-main,../repos/typesense-main/include/json.hpp,"(4804, 5)-(4804, 20)",b'using std::end;'
typesense-main,../repos/typesense-main/include/json.hpp,"(5118, 5)-(5118, 26)",b'using std::to_string;'
typesense-main,../repos/typesense-main/include/json.hpp,"(5492, 9)-(5492, 26)",b'using std::begin;'
typesense-main,../repos/typesense-main/include/json.hpp,"(5493, 9)-(5493, 24)",b'using std::end;'
typesense-main,../repos/typesense-main/include/json.hpp,"(5561, 9)-(5561, 26)",b'using std::begin;'
typesense-main,../repos/typesense-main/include/json.hpp,"(5562, 9)-(5562, 24)",b'using std::end;'
typesense-main,../repos/typesense-main/include/json.hpp,"(6468, 1)-(6468, 18)",b'using std::begin;'
typesense-main,../repos/typesense-main/include/json.hpp,"(6469, 1)-(6469, 16)",b'using std::end;'
typesense-main,../repos/typesense-main/include/json.hpp,"(20468, 9)-(20468, 25)",b'using std::swap;'
typesense-main,../repos/typesense-main/include/json.hpp,"(22722, 13)-(22722, 29)",b'using std::swap;'
typesense-main,../repos/typesense-main/include/json.hpp,"(22738, 13)-(22738, 29)",b'using std::swap;'
typesense-main,../repos/typesense-main/include/json.hpp,"(22754, 13)-(22754, 29)",b'using std::swap;'
typesense-main,../repos/typesense-main/include/json.hpp,"(22770, 13)-(22770, 29)",b'using std::swap;'
typesense-main,../repos/typesense-main/include/json.hpp,"(22786, 13)-(22786, 29)",b'using std::swap;'
typesense-main,../repos/typesense-main/include/json.hpp,"(24474, 9)-(24474, 67)",b'using nlohmann::literals::json_literals::oper...'
typesense-main,../repos/typesense-main/include/json.hpp,"(24475, 9)-(24475, 75)",b'using nlohmann::literals::json_literals::oper...'
typesense-main,../repos/typesense-main/include/json.hpp,"(24477, 9)-(24477, 68)",b'using nlohmann::literals::json_literals::oper...'
typesense-main,../repos/typesense-main/include/json.hpp,"(24478, 9)-(24478, 76)",b'using nlohmann::literals::json_literals::oper...'
typesense-main,../repos/typesense-main/include/magic_enum.hpp,"(882, 9)-(882, 42)",b'using magic_enum::enum_type_name;'
typesense-main,../repos/typesense-main/include/magic_enum.hpp,"(1035, 9)-(1035, 40)",b'using magic_enum::enum_integer;'
typesense-main,../repos/typesense-main/include/magic_enum.hpp,"(1117, 9)-(1117, 55)",b'using namespace magic_enum::bitwise_operators;'
typesense-main,../repos/typesense-main/include/sole.hpp,"(876, 1)-(876, 22)",b'using namespace sole;'
typesense-main,../repos/typesense-main/include/sparsepp.h,"(2493, 13)-(2493, 29)",b'using std::swap;'
typesense-main,../repos/typesense-main/include/sparsepp.h,"(2565, 13)-(2565, 29)",b'using std::swap;'
typesense-main,../repos/typesense-main/include/sparsepp.h,"(3234, 13)-(3234, 29)",b'using std::swap;'
typesense-main,../repos/typesense-main/include/sparsepp.h,"(4155, 13)-(4155, 29)",b'using std::swap;'
typesense-main,../repos/typesense-main/include/sparsepp.h,"(4193, 13)-(4193, 29)",b'using std::swap;'
typesense-main,../repos/typesense-main/include/tsl/array-hash/array_hash.h,"(1174, 5)-(1174, 21)",b'using std::swap;'
typesense-main,../repos/typesense-main/include/tsl/array-hash/array_hash.h,"(1574, 5)-(1574, 21)",b'using std::swap;'
typesense-main,../repos/typesense-main/include/tsl/htrie_hash.h,"(1091, 5)-(1091, 21)",b'using std::swap;'
typesense-main,../repos/typesense-main/src/core_api.cpp,"(23, 1)-(23, 38)",b'using namespace std::chrono_literals;'
typesense-main,../repos/typesense-main/src/http_proxy.cpp,"(5, 1)-(5, 38)",b'using namespace std::chrono_literals;'
typesense-main,../repos/typesense-main/src/main/benchmark.cpp,"(15, 1)-(15, 21)",b'using namespace std;'
typesense-main,../repos/typesense-main/src/main/main.cpp,"(11, 1)-(11, 21)",b'using namespace std;'
