Repo name,File name,Location,Content
typesense-main,../repos/typesense-main/include/analytics_manager.h,"(5, 10)-(5, 18)",b'#include <vector>\n'
typesense-main,../repos/typesense-main/include/analytics_manager.h,"(7, 10)-(7, 25)",b'#include <unordered_map>\n'
typesense-main,../repos/typesense-main/include/array_utils.h,"(5, 10)-(5, 17)",b'#include <array>\n'
typesense-main,../repos/typesense-main/include/art.h,"(5, 10)-(5, 18)",b'#include <vector>\n'
typesense-main,../repos/typesense-main/include/art.h,"(6, 10)-(6, 15)",b'#include <set>\n'
typesense-main,../repos/typesense-main/include/auth_manager.h,"(4, 10)-(4, 18)",b'#include <vector>\n'
typesense-main,../repos/typesense-main/include/auth_manager.h,"(5, 10)-(5, 15)",b'#include <map>\n'
typesense-main,../repos/typesense-main/include/backward.hpp,"(89, 10)-(89, 18)",b'#include <vector>\n'
typesense-main,../repos/typesense-main/include/backward.hpp,"(246, 10)-(246, 15)",b'#include <map>\n'
typesense-main,../repos/typesense-main/include/backward.hpp,"(403, 10)-(403, 25)",b'#include <unordered_map>\n'
typesense-main,../repos/typesense-main/include/backward.hpp,"(416, 10)-(416, 15)",b'#include <map>\n'
typesense-main,../repos/typesense-main/include/batched_indexer.h,"(3, 10)-(3, 25)",b'#include <unordered_map>\n'
typesense-main,../repos/typesense-main/include/batched_indexer.h,"(4, 10)-(4, 17)",b'#include <deque>\n'
typesense-main,../repos/typesense-main/include/cmdline.h,"(32, 10)-(32, 18)",b'#include <vector>\n'
typesense-main,../repos/typesense-main/include/cmdline.h,"(33, 10)-(33, 15)",b'#include <map>\n'
typesense-main,../repos/typesense-main/include/collection.h,"(4, 10)-(4, 18)",b'#include <vector>\n'
typesense-main,../repos/typesense-main/include/collection.h,"(6, 10)-(6, 25)",b'#include <unordered_map>\n'
typesense-main,../repos/typesense-main/include/conversation_manager.h,"(4, 10)-(4, 25)",b'#include <unordered_map>\n'
typesense-main,../repos/typesense-main/include/conversation_model_manager.h,"(5, 10)-(5, 25)",b'#include <unordered_map>\n'
typesense-main,../repos/typesense-main/include/core_api_utils.h,"(4, 10)-(4, 18)",b'#include <vector>\n'
typesense-main,../repos/typesense-main/include/embedder_manager.h,"(6, 10)-(6, 25)",b'#include <unordered_map>\n'
typesense-main,../repos/typesense-main/include/facet_index.h,"(5, 10)-(5, 25)",b'#include <unordered_set>\n'
typesense-main,../repos/typesense-main/include/facet_index.h,"(8, 10)-(8, 16)",b'#include <list>\n'
typesense-main,../repos/typesense-main/include/filter.h,"(4, 10)-(4, 15)",b'#include <map>\n'
typesense-main,../repos/typesense-main/include/filter_result_iterator.h,"(4, 10)-(4, 15)",b'#include <map>\n'
typesense-main,../repos/typesense-main/include/filter_result_iterator.h,"(6, 10)-(6, 18)",b'#include <vector>\n'
typesense-main,../repos/typesense-main/include/http_client.h,"(4, 10)-(4, 15)",b'#include <map>\n'
typesense-main,../repos/typesense-main/include/http_data.h,"(5, 10)-(5, 15)",b'#include <map>\n'
typesense-main,../repos/typesense-main/include/http_data.h,"(6, 10)-(6, 18)",b'#include <vector>\n'
typesense-main,../repos/typesense-main/include/http_proxy.h,"(3, 10)-(3, 25)",b'#include <unordered_map>\n'
typesense-main,../repos/typesense-main/include/http_server.h,"(12, 10)-(12, 15)",b'#include <map>\n'
typesense-main,../repos/typesense-main/include/ids_t.h,"(4, 10)-(4, 18)",b'#include <vector>\n'
typesense-main,../repos/typesense-main/include/id_list.h,"(3, 10)-(3, 15)",b'#include <map>\n'
typesense-main,../repos/typesense-main/include/id_list.h,"(4, 10)-(4, 25)",b'#include <unordered_map>\n'
typesense-main,../repos/typesense-main/include/image_embedder.h,"(4, 10)-(4, 18)",b'#include <vector>\n'
typesense-main,../repos/typesense-main/include/image_processor.h,"(5, 10)-(5, 18)",b'#include <vector>\n'
typesense-main,../repos/typesense-main/include/index.h,"(4, 10)-(4, 25)",b'#include <unordered_map>\n'
typesense-main,../repos/typesense-main/include/index.h,"(5, 10)-(5, 18)",b'#include <vector>\n'
typesense-main,../repos/typesense-main/include/index.h,"(17, 10)-(17, 15)",b'#include <set>\n'
typesense-main,../repos/typesense-main/include/INIReader.h,"(298, 10)-(298, 15)",b'#include <map>\n'
typesense-main,../repos/typesense-main/include/INIReader.h,"(299, 10)-(299, 15)",b'#include <set>\n'
typesense-main,../repos/typesense-main/include/json.hpp,"(32, 10)-(32, 18)",b'#include <vector> // vector\n'
typesense-main,../repos/typesense-main/include/json.hpp,"(161, 10)-(161, 17)",b'#include <array> // array\n'
typesense-main,../repos/typesense-main/include/json.hpp,"(162, 10)-(162, 24)",b'#include <forward_list> // forward_list\n'
typesense-main,../repos/typesense-main/include/json.hpp,"(164, 10)-(164, 15)",b'#include <map> // map\n'
typesense-main,../repos/typesense-main/include/json.hpp,"(168, 10)-(168, 25)",b'#include <unordered_map> // unordered_map\n'
typesense-main,../repos/typesense-main/include/json.hpp,"(190, 10)-(190, 18)",b'#include <vector> // vector\n'
typesense-main,../repos/typesense-main/include/json.hpp,"(203, 10)-(203, 17)",b'#include <array> // array\n'
typesense-main,../repos/typesense-main/include/json.hpp,"(3062, 10)-(3062, 17)",b'#include <array> // array\n'
typesense-main,../repos/typesense-main/include/json.hpp,"(3365, 14)-(3365, 19)",b'#include <map> // map\n'
typesense-main,../repos/typesense-main/include/json.hpp,"(3368, 14)-(3368, 22)",b'#include <vector> // vector\n'
typesense-main,../repos/typesense-main/include/json.hpp,"(5080, 10)-(5080, 18)",b'#include <vector> // vector\n'
typesense-main,../repos/typesense-main/include/json.hpp,"(6060, 10)-(6060, 17)",b'#include <array> // array\n'
typesense-main,../repos/typesense-main/include/json.hpp,"(6070, 10)-(6070, 18)",b'#include <vector> // vector\n'
typesense-main,../repos/typesense-main/include/json.hpp,"(6085, 10)-(6085, 17)",b'#include <array> // array\n'
typesense-main,../repos/typesense-main/include/json.hpp,"(6583, 10)-(6583, 18)",b'#include <vector> // vector\n'
typesense-main,../repos/typesense-main/include/json.hpp,"(7312, 10)-(7312, 17)",b'#include <array> // array\n'
typesense-main,../repos/typesense-main/include/json.hpp,"(7320, 10)-(7320, 18)",b'#include <vector> // vector\n'
typesense-main,../repos/typesense-main/include/json.hpp,"(12108, 10)-(12108, 18)",b'#include <vector> // vector\n'
typesense-main,../repos/typesense-main/include/json.hpp,"(13746, 10)-(13746, 18)",b'#include <vector> // vector\n'
typesense-main,../repos/typesense-main/include/json.hpp,"(14823, 10)-(14823, 17)",b'#include <array> // array\n'
typesense-main,../repos/typesense-main/include/json.hpp,"(14824, 10)-(14824, 15)",b'#include <map> // map\n'
typesense-main,../repos/typesense-main/include/json.hpp,"(14831, 10)-(14831, 18)",b'#include <vector> // vector\n'
typesense-main,../repos/typesense-main/include/json.hpp,"(14853, 10)-(14853, 18)",b'#include <vector> // vector\n'
typesense-main,../repos/typesense-main/include/json.hpp,"(16818, 10)-(16818, 17)",b'#include <array> // array\n'
typesense-main,../repos/typesense-main/include/json.hpp,"(16842, 10)-(16842, 17)",b'#include <array> // array\n'
typesense-main,../repos/typesense-main/include/json.hpp,"(18944, 10)-(18944, 18)",b'#include <vector> // vector\n'
typesense-main,../repos/typesense-main/include/magic_enum.hpp,"(39, 10)-(39, 17)",b'#include <array>\n'
typesense-main,../repos/typesense-main/include/match_score.h,"(4, 10)-(4, 18)",b'#include <vector>\n'
typesense-main,../repos/typesense-main/include/match_score.h,"(5, 10)-(5, 17)",b'#include <queue>\n'
typesense-main,../repos/typesense-main/include/numeric_range_trie_test.h,"(3, 10)-(3, 15)",b'#include <map>\n'
typesense-main,../repos/typesense-main/include/num_tree.h,"(3, 10)-(3, 15)",b'#include <map>\n'
typesense-main,../repos/typesense-main/include/or_iterator.h,"(3, 10)-(3, 18)",b'#include <vector>\n'
typesense-main,../repos/typesense-main/include/parasort.h,"(26, 10)-(26, 18)",b'#include <vector>       // std::vector\n'
typesense-main,../repos/typesense-main/include/posting.h,"(4, 10)-(4, 18)",b'#include <vector>\n'
typesense-main,../repos/typesense-main/include/posting_list.h,"(3, 10)-(3, 15)",b'#include <map>\n'
typesense-main,../repos/typesense-main/include/posting_list.h,"(4, 10)-(4, 25)",b'#include <unordered_map>\n'
typesense-main,../repos/typesense-main/include/query_analytics.h,"(4, 10)-(4, 18)",b'#include <vector>\n'
typesense-main,../repos/typesense-main/include/ratelimit_manager.h,"(4, 10)-(4, 18)",b'#include <vector>\n'
typesense-main,../repos/typesense-main/include/ratelimit_manager.h,"(6, 10)-(6, 25)",b'#include <unordered_map>\n'
typesense-main,../repos/typesense-main/include/sole.hpp,"(137, 10)-(137, 18)",b'#include <vector>\n'
typesense-main,../repos/typesense-main/include/sole.hpp,"(871, 10)-(871, 15)",b'#include <set>\n'
typesense-main,../repos/typesense-main/include/sorted_array.h,"(7, 10)-(7, 18)",b'#include <vector>\n'
typesense-main,../repos/typesense-main/include/string_utils.h,"(7, 10)-(7, 18)",b'#include <vector>\n'
typesense-main,../repos/typesense-main/include/string_utils.h,"(9, 10)-(9, 15)",b'#include <map>\n'
typesense-main,../repos/typesense-main/include/string_utils.h,"(10, 10)-(10, 17)",b'#include <queue>\n'
typesense-main,../repos/typesense-main/include/string_utils.h,"(13, 10)-(13, 15)",b'#include <set>\n'
typesense-main,../repos/typesense-main/include/synonym_index.h,"(3, 10)-(3, 15)",b'#include <set>\n'
typesense-main,../repos/typesense-main/include/text_embedder.h,"(6, 10)-(6, 18)",b'#include <vector>\n'
typesense-main,../repos/typesense-main/include/text_embedder_remote.h,"(3, 10)-(3, 18)",b'#include <vector>\n'
typesense-main,../repos/typesense-main/include/text_embedder_tokenizer.h,"(3, 10)-(3, 18)",b'#include <vector>\n'
typesense-main,../repos/typesense-main/include/text_embedder_tokenizer.h,"(4, 10)-(4, 25)",b'#include <unordered_map>\n'
typesense-main,../repos/typesense-main/include/threadpool.h,"(7, 10)-(7, 17)",b'#include <queue>\n'
typesense-main,../repos/typesense-main/include/timsort.hpp,"(38, 10)-(38, 18)",b'#include <vector>\n'
typesense-main,../repos/typesense-main/include/tokenizer.h,"(4, 10)-(4, 18)",b'#include <vector>\n'
typesense-main,../repos/typesense-main/include/topster.h,"(7, 10)-(7, 25)",b'#include <unordered_map>\n'
typesense-main,../repos/typesense-main/include/tsl/array-hash/array_growth_policy.h,"(28, 10)-(28, 17)",b'#include <array>\n'
typesense-main,../repos/typesense-main/include/tsl/array-hash/array_hash.h,"(40, 10)-(40, 18)",b'#include <vector>\n'
typesense-main,../repos/typesense-main/include/tsl/htrie_hash.h,"(28, 10)-(28, 17)",b'#include <array>\n'
typesense-main,../repos/typesense-main/include/tsl/htrie_hash.h,"(40, 10)-(40, 18)",b'#include <vector>\n'
typesense-main,../repos/typesense-main/include/vector_query_ops.h,"(4, 10)-(4, 18)",b'#include <vector>\n'
typesense-main,../repos/typesense-main/include/vq_model.h,"(4, 10)-(4, 18)",b'#include <vector>\n'
typesense-main,../repos/typesense-main/include/vq_model_manager.h,"(3, 10)-(3, 25)",b'#include <unordered_map>\n'
typesense-main,../repos/typesense-main/src/adi_tree.cpp,"(2, 10)-(2, 18)",b'#include <vector>\n'
typesense-main,../repos/typesense-main/src/aq_model_manager.cpp,"(2, 10)-(2, 15)",b'#include <map>\n'
typesense-main,../repos/typesense-main/src/art.cpp,"(18, 10)-(18, 17)",b'#include <queue>\n'
typesense-main,../repos/typesense-main/src/art.cpp,"(19, 10)-(19, 16)",b'#include <list>\n'
typesense-main,../repos/typesense-main/src/collection.cpp,"(13, 10)-(13, 16)",b'#include <list>\n'
typesense-main,../repos/typesense-main/src/collection_manager.cpp,"(2, 10)-(2, 18)",b'#include <vector>\n'
typesense-main,../repos/typesense-main/src/field.cpp,"(5, 10)-(5, 17)",b'#include <stack>\n'
typesense-main,../repos/typesense-main/src/filter.cpp,"(4, 10)-(4, 17)",b'#include <stack>\n'
typesense-main,../repos/typesense-main/src/filter_result_iterator.cpp,"(2, 10)-(2, 17)",b'#include <queue>\n'
typesense-main,../repos/typesense-main/src/http_client.cpp,"(4, 10)-(4, 18)",b'#include <vector>\n'
typesense-main,../repos/typesense-main/src/index.cpp,"(6, 10)-(6, 15)",b'#include <set>\n'
typesense-main,../repos/typesense-main/src/index.cpp,"(7, 10)-(7, 25)",b'#include <unordered_map>\n'
typesense-main,../repos/typesense-main/src/index.cpp,"(21, 10)-(21, 25)",b'#include <unordered_set>\n'
typesense-main,../repos/typesense-main/src/main/benchmark.cpp,"(4, 10)-(4, 18)",b'#include <vector>\n'
typesense-main,../repos/typesense-main/src/main/benchmark.cpp,"(8, 10)-(8, 25)",b'#include <unordered_map>\n'
typesense-main,../repos/typesense-main/src/main/benchmark.cpp,"(9, 10)-(9, 17)",b'#include <queue>\n'
typesense-main,../repos/typesense-main/src/main/main.cpp,"(4, 10)-(4, 18)",b'#include <vector>\n'
typesense-main,../repos/typesense-main/src/numeric_range_trie.cpp,"(2, 10)-(2, 15)",b'#include <set>\n'
typesense-main,../repos/typesense-main/src/string_utils.cpp,"(7, 10)-(7, 15)",b'#include <map>\n'
typesense-main,../repos/typesense-main/test/analytics_manager_test.cpp,"(3, 10)-(3, 18)",b'#include <vector>\n'
typesense-main,../repos/typesense-main/test/array_test.cpp,"(3, 10)-(3, 18)",b'#include <vector>\n'
typesense-main,../repos/typesense-main/test/collection_all_fields_test.cpp,"(3, 10)-(3, 18)",b'#include <vector>\n'
typesense-main,../repos/typesense-main/test/collection_faceting_test.cpp,"(3, 10)-(3, 18)",b'#include <vector>\n'
typesense-main,../repos/typesense-main/test/collection_filtering_test.cpp,"(3, 10)-(3, 18)",b'#include <vector>\n'
typesense-main,../repos/typesense-main/test/collection_grouping_test.cpp,"(3, 10)-(3, 18)",b'#include <vector>\n'
typesense-main,../repos/typesense-main/test/collection_infix_search_test.cpp,"(3, 10)-(3, 18)",b'#include <vector>\n'
typesense-main,../repos/typesense-main/test/collection_join_test.cpp,"(3, 10)-(3, 18)",b'#include <vector>\n'
typesense-main,../repos/typesense-main/test/collection_manager_test.cpp,"(3, 10)-(3, 18)",b'#include <vector>\n'
typesense-main,../repos/typesense-main/test/collection_nested_fields_test.cpp,"(3, 10)-(3, 18)",b'#include <vector>\n'
typesense-main,../repos/typesense-main/test/collection_operations_test.cpp,"(3, 10)-(3, 18)",b'#include <vector>\n'
typesense-main,../repos/typesense-main/test/collection_optimized_faceting_test.cpp,"(3, 10)-(3, 18)",b'#include <vector>\n'
typesense-main,../repos/typesense-main/test/collection_override_test.cpp,"(3, 10)-(3, 18)",b'#include <vector>\n'
typesense-main,../repos/typesense-main/test/collection_schema_change_test.cpp,"(3, 10)-(3, 18)",b'#include <vector>\n'
typesense-main,../repos/typesense-main/test/collection_sorting_test.cpp,"(3, 10)-(3, 18)",b'#include <vector>\n'
typesense-main,../repos/typesense-main/test/collection_specific_more_test.cpp,"(3, 10)-(3, 18)",b'#include <vector>\n'
typesense-main,../repos/typesense-main/test/collection_specific_test.cpp,"(3, 10)-(3, 18)",b'#include <vector>\n'
typesense-main,../repos/typesense-main/test/collection_synonyms_test.cpp,"(3, 10)-(3, 18)",b'#include <vector>\n'
typesense-main,../repos/typesense-main/test/collection_test.cpp,"(3, 10)-(3, 18)",b'#include <vector>\n'
typesense-main,../repos/typesense-main/test/collection_vector_search_test.cpp,"(3, 10)-(3, 18)",b'#include <vector>\n'
typesense-main,../repos/typesense-main/test/core_api_utils_test.cpp,"(3, 10)-(3, 18)",b'#include <vector>\n'
typesense-main,../repos/typesense-main/test/filter_test.cpp,"(3, 10)-(3, 18)",b'#include <vector>\n'
typesense-main,../repos/typesense-main/test/geo_filtering_old_test.cpp,"(3, 10)-(3, 18)",b'#include <vector>\n'
typesense-main,../repos/typesense-main/test/geo_filtering_test.cpp,"(3, 10)-(3, 18)",b'#include <vector>\n'
typesense-main,../repos/typesense-main/test/index_test.cpp,"(3, 10)-(3, 18)",b'#include <vector>\n'
typesense-main,../repos/typesense-main/test/posting_list_test.cpp,"(5, 10)-(5, 18)",b'#include <vector>\n'
typesense-main,../repos/typesense-main/test/sorted_array_test.cpp,"(3, 10)-(3, 18)",b'#include <vector>\n'
typesense-main,../repos/typesense-main/test/stopwords_manager_test.cpp,"(3, 10)-(3, 18)",b'#include <vector>\n'
typesense-main,../repos/typesense-main/test/store_test.cpp,"(2, 10)-(2, 18)",b'#include <vector>\n'
