Repo name,File name,Location,Content
typesense-main,../repos/typesense-main/include/backward.hpp,"(2311, 168)-(2311, 170)",b'Elf_Scn *elf_section = 0;                    ...'
typesense-main,../repos/typesense-main/include/backward.hpp,"(2311, 174)-(2311, 176)",b'Elf_Scn *elf_section = 0;                    ...'
typesense-main,../repos/typesense-main/include/backward.hpp,"(2311, 492)-(2311, 494)",b'Elf_Scn *elf_section = 0;                    ...'
typesense-main,../repos/typesense-main/include/backward.hpp,"(2311, 498)-(2311, 500)",b'Elf_Scn *elf_section = 0;                    ...'
typesense-main,../repos/typesense-main/include/backward.hpp,"(2311, 835)-(2311, 837)",b'Elf_Scn *elf_section = 0;                    ...'
typesense-main,../repos/typesense-main/include/backward.hpp,"(2311, 841)-(2311, 843)",b'Elf_Scn *elf_section = 0;                    ...'
typesense-main,../repos/typesense-main/include/backward.hpp,"(2359, 40)-(2359, 42)",b'##_Sym *>(elf_data->d_buf);             \\\n   ...'
typesense-main,../repos/typesense-main/include/backward.hpp,"(2359, 183)-(2359, 185)",b'##_Sym *>(elf_data->d_buf);             \\\n   ...'
typesense-main,../repos/typesense-main/include/backward.hpp,"(2359, 189)-(2359, 191)",b'##_Sym *>(elf_data->d_buf);             \\\n   ...'
typesense-main,../repos/typesense-main/include/json.hpp,"(97, 57)-(97, 59)",b'json_abi ## a ## b'
typesense-main,../repos/typesense-main/include/json.hpp,"(97, 62)-(97, 64)",b'json_abi ## a ## b'
typesense-main,../repos/typesense-main/include/json.hpp,"(108, 8)-(108, 10)",b'_v ## major ## _ ## minor ## _ ## patch'
typesense-main,../repos/typesense-main/include/json.hpp,"(108, 17)-(108, 19)",b'_v ## major ## _ ## minor ## _ ## patch'
typesense-main,../repos/typesense-main/include/json.hpp,"(108, 22)-(108, 24)",b'_v ## major ## _ ## minor ## _ ## patch'
typesense-main,../repos/typesense-main/include/json.hpp,"(108, 31)-(108, 33)",b'_v ## major ## _ ## minor ## _ ## patch'
typesense-main,../repos/typesense-main/include/json.hpp,"(108, 36)-(108, 38)",b'_v ## major ## _ ## minor ## _ ## patch'
typesense-main,../repos/typesense-main/include/json.hpp,"(122, 51)-(122, 53)",b'a ## b'
typesense-main,../repos/typesense-main/include/json.hpp,"(353, 37)-(353, 39)",b'a##b'
typesense-main,../repos/typesense-main/include/json.hpp,"(363, 40)-(363, 42)",b'a##b##c'
typesense-main,../repos/typesense-main/include/json.hpp,"(363, 43)-(363, 45)",b'a##b##c'
typesense-main,../repos/typesense-main/include/json.hpp,"(2781, 279)-(2781, 281)",b'namespace detail {                           ...'
typesense-main,../repos/typesense-main/include/json.hpp,"(2781, 536)-(2781, 538)",b'namespace detail {                           ...'
typesense-main,../repos/typesense-main/include/json.hpp,"(2781, 871)-(2781, 873)",b'namespace detail {                           ...'
typesense-main,../repos/typesense-main/include/json.hpp,"(2781, 1053)-(2781, 1055)",b'namespace detail {                           ...'
typesense-main,../repos/typesense-main/include/json.hpp,"(2781, 1233)-(2781, 1235)",b'namespace detail {                           ...'
typesense-main,../repos/typesense-main/include/json.hpp,"(2781, 1529)-(2781, 1531)",b'namespace detail {                           ...'
typesense-main,../repos/typesense-main/include/json.hpp,"(2781, 1547)-(2781, 1549)",b'namespace detail {                           ...'
typesense-main,../repos/typesense-main/include/json.hpp,"(2808, 64)-(2808, 66)",b': detail2::would_call_std_##std_name<T...>   ...'
typesense-main,../repos/typesense-main/include/sse2neon.h,"(135, 29)-(135, 31)",b'HAS##x'
