Repo name,File name,Location,Content
typesense-main,../repos/typesense-main/include/art.h,"(37, 1)-(37, 97)","b'typedef int(*art_callback)(void *data, const ...'"
typesense-main,../repos/typesense-main/include/art.h,"(43, 1)-(49, 12)",b'typedef struct {\n    uint8_t type;\n    uint8_...'
typesense-main,../repos/typesense-main/include/art.h,"(54, 1)-(58, 13)",b'typedef struct {\n    art_node n;\n    unsigned...'
typesense-main,../repos/typesense-main/include/art.h,"(63, 1)-(67, 14)",b'typedef struct {\n    art_node n;\n    unsigned...'
typesense-main,../repos/typesense-main/include/art.h,"(73, 1)-(77, 14)",b'typedef struct {\n    art_node n;\n    unsigned...'
typesense-main,../repos/typesense-main/include/art.h,"(82, 1)-(85, 15)",b'typedef struct {\n    art_node n;\n    art_node...'
typesense-main,../repos/typesense-main/include/art.h,"(90, 1)-(94, 14)",b'typedef struct {\n    sorted_array ids;\n    so...'
typesense-main,../repos/typesense-main/include/art.h,"(100, 1)-(105, 12)",b'typedef struct {\n    uint32_t key_len;\n    in...'
typesense-main,../repos/typesense-main/include/art.h,"(122, 1)-(125, 12)",b'typedef struct {\n    art_node *root;\n    uint...'
typesense-main,../repos/typesense-main/include/backward.hpp,"(337, 1)-(337, 25)",b'typedef SSIZE_T ssize_t;'
typesense-main,../repos/typesense-main/include/backward.hpp,"(408, 13)-(408, 51)","b'typedef std::unordered_map<K, V> type;'"
typesense-main,../repos/typesense-main/include/backward.hpp,"(420, 3)-(420, 31)","b'typedef std::map<K, V> type;'"
typesense-main,../repos/typesense-main/include/backward.hpp,"(448, 9)-(448, 39)",b'typedef linux_tag current_tag;'
typesense-main,../repos/typesense-main/include/backward.hpp,"(450, 9)-(450, 40)",b'typedef darwin_tag current_tag;'
typesense-main,../repos/typesense-main/include/backward.hpp,"(452, 9)-(452, 41)",b'typedef windows_tag current_tag;'
typesense-main,../repos/typesense-main/include/backward.hpp,"(454, 1)-(454, 33)",b'typedef unknown_tag current_tag;'
typesense-main,../repos/typesense-main/include/backward.hpp,"(468, 1)-(468, 23)",b'typedef libdw current;'
typesense-main,../repos/typesense-main/include/backward.hpp,"(470, 1)-(470, 24)",b'typedef libbfd current;'
typesense-main,../repos/typesense-main/include/backward.hpp,"(472, 1)-(472, 26)",b'typedef libdwarf current;'
typesense-main,../repos/typesense-main/include/backward.hpp,"(474, 1)-(474, 34)",b'typedef backtrace_symbol current;'
typesense-main,../repos/typesense-main/include/backward.hpp,"(482, 9)-(482, 42)",b'typedef backtrace_symbol current;'
typesense-main,../repos/typesense-main/include/backward.hpp,"(489, 1)-(489, 28)",b'typedef pdb_symbol current;'
typesense-main,../repos/typesense-main/include/backward.hpp,"(498, 47)-(498, 62)",b'typedef T type;'
typesense-main,../repos/typesense-main/include/backward.hpp,"(500, 52)-(500, 67)",b'typedef T type;'
typesense-main,../repos/typesense-main/include/backward.hpp,"(502, 58)-(502, 79)",b'typedef const T type;'
typesense-main,../repos/typesense-main/include/backward.hpp,"(585, 13)-(585, 53)",b'typedef typename rm_ptr<T>::type &ref_t;'
typesense-main,../repos/typesense-main/include/backward.hpp,"(586, 13)-(586, 65)",b'typedef const typename rm_ptr<T>::type &const...'
typesense-main,../repos/typesense-main/include/backward.hpp,"(698, 9)-(698, 54)",b'typedef std::vector<SourceLoc> source_locs_t;'
typesense-main,../repos/typesense-main/include/backward.hpp,"(1493, 3)-(1495, 20)","b'typedef details::handle<bfd *,\n              ...'"
typesense-main,../repos/typesense-main/include/backward.hpp,"(1497, 3)-(1497, 52)",b'typedef details::handle<asymbol **> bfd_symtab_t;'
typesense-main,../repos/typesense-main/include/backward.hpp,"(1506, 3)-(1506, 80)","b'typedef details::hashtable<std::string, bfd_f...'"
typesense-main,../repos/typesense-main/include/backward.hpp,"(1868, 3)-(1869, 21)","b'typedef details::handle<Dwfl *, details::dele...'"
typesense-main,../repos/typesense-main/include/backward.hpp,"(2194, 3)-(2195, 20)","b'typedef details::handle<int, details::deleter...'"
typesense-main,../repos/typesense-main/include/backward.hpp,"(2197, 3)-(2198, 19)","b'typedef details::handle<Elf *, details::delet...'"
typesense-main,../repos/typesense-main/include/backward.hpp,"(2200, 3)-(2202, 22)","b'typedef details::handle<Dwarf_Debug,\n        ...'"
typesense-main,../repos/typesense-main/include/backward.hpp,"(2204, 3)-(2204, 51)","b'typedef std::map<Dwarf_Addr, int> die_linemap_t;'"
typesense-main,../repos/typesense-main/include/backward.hpp,"(2206, 3)-(2206, 56)","b'typedef std::map<Dwarf_Off, Dwarf_Off> die_sp...'"
typesense-main,../repos/typesense-main/include/backward.hpp,"(2229, 3)-(2229, 60)","b'typedef std::map<Dwarf_Off, die_cache_entry> ...'"
typesense-main,../repos/typesense-main/include/backward.hpp,"(2231, 3)-(2231, 59)","b'typedef std::map<uintptr_t, std::string> symb...'"
typesense-main,../repos/typesense-main/include/backward.hpp,"(2244, 3)-(2245, 24)","b'typedef details::hashtable<std::string, dwarf...'"
typesense-main,../repos/typesense-main/include/backward.hpp,"(3636, 9)-(3636, 71)","b'typedef std::vector<std::pair<unsigned, std::...'"
typesense-main,../repos/typesense-main/include/backward.hpp,"(3773, 9)-(3773, 45)",b'typedef SourceFile::lines_t lines_t;'
typesense-main,../repos/typesense-main/include/backward.hpp,"(3814, 9)-(3814, 79)","b'typedef details::hashtable<std::string, Sourc...'"
typesense-main,../repos/typesense-main/include/backward.hpp,"(4045, 13)-(4045, 53)",b'typedef SnippetFactory::lines_t lines_t;'
typesense-main,../repos/typesense-main/include/dr_wav.h,"(156, 1)-(156, 44)",b'typedef   signed char           drwav_int8;'
typesense-main,../repos/typesense-main/include/dr_wav.h,"(157, 1)-(157, 45)",b'typedef unsigned char           drwav_uint8;'
typesense-main,../repos/typesense-main/include/dr_wav.h,"(158, 1)-(158, 45)",b'typedef   signed short          drwav_int16;'
typesense-main,../repos/typesense-main/include/dr_wav.h,"(159, 1)-(159, 46)",b'typedef unsigned short          drwav_uint16;'
typesense-main,../repos/typesense-main/include/dr_wav.h,"(160, 1)-(160, 45)",b'typedef   signed int            drwav_int32;'
typesense-main,../repos/typesense-main/include/dr_wav.h,"(161, 1)-(161, 46)",b'typedef unsigned int            drwav_uint32;'
typesense-main,../repos/typesense-main/include/dr_wav.h,"(163, 5)-(163, 45)",b'typedef   signed __int64    drwav_int64;'
typesense-main,../repos/typesense-main/include/dr_wav.h,"(164, 5)-(164, 46)",b'typedef unsigned __int64    drwav_uint64;'
typesense-main,../repos/typesense-main/include/dr_wav.h,"(173, 5)-(173, 45)",b'typedef   signed long long  drwav_int64;'
typesense-main,../repos/typesense-main/include/dr_wav.h,"(174, 5)-(174, 46)",b'typedef unsigned long long  drwav_uint64;'
typesense-main,../repos/typesense-main/include/dr_wav.h,"(180, 5)-(180, 47)",b'typedef drwav_uint64        drwav_uintptr;'
typesense-main,../repos/typesense-main/include/dr_wav.h,"(182, 5)-(182, 47)",b'typedef drwav_uint32        drwav_uintptr;'
typesense-main,../repos/typesense-main/include/dr_wav.h,"(184, 1)-(184, 45)",b'typedef drwav_uint8             drwav_bool8;'
typesense-main,../repos/typesense-main/include/dr_wav.h,"(185, 1)-(185, 46)",b'typedef drwav_uint32            drwav_bool32;'
typesense-main,../repos/typesense-main/include/dr_wav.h,"(223, 1)-(223, 34)",b'typedef drwav_int32 drwav_result;'
typesense-main,../repos/typesense-main/include/dr_wav.h,"(297, 1)-(303, 30)",b'typedef struct\n{\n    void* pUserData;\n    voi...'
typesense-main,../repos/typesense-main/include/dr_wav.h,"(306, 1)-(310, 21)","b'typedef enum\n{\n    drwav_seek_origin_start,\n ...'"
typesense-main,../repos/typesense-main/include/dr_wav.h,"(312, 1)-(319, 19)","b'typedef enum\n{\n    drwav_container_riff,\n    ...'"
typesense-main,../repos/typesense-main/include/dr_wav.h,"(321, 1)-(337, 22)",b'typedef struct\n{\n    union\n    {\n        drwa...'
typesense-main,../repos/typesense-main/include/dr_wav.h,"(339, 1)-(377, 13)",b'typedef struct\n{\n    /*\n    The format tag ex...'
typesense-main,../repos/typesense-main/include/dr_wav.h,"(394, 1)-(394, 91)",b'typedef size_t (* drwav_read_proc)(void* pUse...'
typesense-main,../repos/typesense-main/include/dr_wav.h,"(407, 1)-(407, 94)",b'typedef size_t (* drwav_write_proc)(void* pUs...'
typesense-main,../repos/typesense-main/include/dr_wav.h,"(421, 1)-(421, 97)",b'typedef drwav_bool32 (* drwav_seek_proc)(void...'
typesense-main,../repos/typesense-main/include/dr_wav.h,"(447, 1)-(447, 228)",b'typedef drwav_uint64 (* drwav_chunk_proc)(voi...'
typesense-main,../repos/typesense-main/include/dr_wav.h,"(451, 1)-(456, 24)",b'typedef struct\n{\n    const drwav_uint8* data;...'
typesense-main,../repos/typesense-main/include/dr_wav.h,"(459, 1)-(466, 30)",b'typedef struct\n{\n    void** ppData;\n    size_...'
typesense-main,../repos/typesense-main/include/dr_wav.h,"(468, 1)-(475, 21)",b'typedef struct\n{\n    drwav_container containe...'
typesense-main,../repos/typesense-main/include/dr_wav.h,"(477, 1)-(535, 23)",b'typedef enum\n{\n    drwav_metadata_type_none  ...'
typesense-main,../repos/typesense-main/include/dr_wav.h,"(543, 1)-(548, 24)",b'typedef enum\n{\n    drwav_smpl_loop_type_forwa...'
typesense-main,../repos/typesense-main/include/dr_wav.h,"(550, 1)-(569, 19)",b'typedef struct\n{\n    /* The ID of the associa...'
typesense-main,../repos/typesense-main/include/dr_wav.h,"(571, 1)-(598, 14)",b'typedef struct\n{\n    /* IDs for a particular ...'
typesense-main,../repos/typesense-main/include/dr_wav.h,"(606, 1)-(615, 14)",b'typedef struct\n{\n    drwav_int8 midiUnityNote...'
typesense-main,../repos/typesense-main/include/dr_wav.h,"(623, 1)-(642, 19)",b'typedef struct\n{\n    /* Unique identification...'
typesense-main,../repos/typesense-main/include/dr_wav.h,"(644, 1)-(648, 13)",b'typedef struct\n{\n    drwav_uint32 cuePointCou...'
typesense-main,../repos/typesense-main/include/dr_wav.h,"(655, 1)-(662, 19)",b'typedef enum\n{\n    drwav_acid_flag_one_shot  ...'
typesense-main,../repos/typesense-main/include/dr_wav.h,"(664, 1)-(685, 14)","b'typedef struct\n{\n    /* A bit-field, see drwa...'"
typesense-main,../repos/typesense-main/include/dr_wav.h,"(694, 1)-(704, 28)",b'typedef struct\n{\n    /* The ID of a cue point...'
typesense-main,../repos/typesense-main/include/dr_wav.h,"(712, 1)-(743, 14)",b'typedef struct\n{\n    /*\n    These top 3 field...'
typesense-main,../repos/typesense-main/include/dr_wav.h,"(752, 1)-(759, 24)",b'typedef struct\n{\n    /* Size of the string no...'
typesense-main,../repos/typesense-main/include/dr_wav.h,"(767, 1)-(789, 34)",b'typedef struct\n{\n    /* The ID of a cue point...'
typesense-main,../repos/typesense-main/include/dr_wav.h,"(800, 1)-(806, 27)",b'typedef enum\n{\n    drwav_metadata_location_in...'
typesense-main,../repos/typesense-main/include/dr_wav.h,"(808, 1)-(814, 26)",b'typedef struct\n{\n    drwav_uint8 id[4];\n    d...'
typesense-main,../repos/typesense-main/include/dr_wav.h,"(819, 1)-(836, 18)",b'typedef struct\n{\n    /* Determines which item...'
typesense-main,../repos/typesense-main/include/dr_wav.h,"(838, 1)-(939, 9)",b'typedef struct\n{\n    /* A pointer to the func...'
typesense-main,../repos/typesense-main/include/dr_wav.h,"(2059, 1)-(2063, 32)",b'typedef enum\n{\n    drwav__metadata_parser_sta...'
typesense-main,../repos/typesense-main/include/dr_wav.h,"(2065, 1)-(2077, 26)",b'typedef struct\n{\n    drwav_read_proc onRead;\n...'
typesense-main,../repos/typesense-main/include/dr_wav.h,"(2363, 1)-(2368, 23)",b'typedef struct\n{\n    const void* pBuffer;\n   ...'
typesense-main,../repos/typesense-main/include/id_list.h,"(7, 1)-(7, 28)",b'typedef uint32_t last_id_t;'
typesense-main,../repos/typesense-main/include/index.h,"(401, 5)-(402, 91)","b'typedef spp::sparse_hash_map<std::string, \n  ...'"
typesense-main,../repos/typesense-main/include/INIReader.h,"(24, 1)-(25, 65)","b'typedef int (*ini_handler)(void* user, const ...'"
typesense-main,../repos/typesense-main/include/INIReader.h,"(28, 1)-(28, 63)","b'typedef char* (*ini_reader)(char* str, int nu...'"
typesense-main,../repos/typesense-main/include/posting_list.h,"(10, 1)-(10, 28)",b'typedef uint32_t last_id_t;'
typesense-main,../repos/typesense-main/include/sparsepp.h,"(859, 1)-(859, 32)",b'typedef uint32_t group_bm_type;'
typesense-main,../repos/typesense-main/include/sparsepp.h,"(861, 1)-(861, 32)",b'typedef uint64_t group_bm_type;'
typesense-main,../repos/typesense-main/include/sparsepp.h,"(1116, 9)-(1116, 24)",b'typedef T type;'
typesense-main,../repos/typesense-main/include/sparsepp.h,"(1122, 9)-(1122, 44)","b'typedef std::pair<const K, V> type;'"
typesense-main,../repos/typesense-main/include/sparsepp.h,"(1128, 9)-(1128, 50)","b'typedef const std::pair<const K, V> type;'"
typesense-main,../repos/typesense-main/include/sparsepp.h,"(1148, 9)-(1148, 30)",b'typedef T value_type;'
typesense-main,../repos/typesense-main/include/sparsepp.h,"(1149, 9)-(1149, 34)",b'typedef size_t size_type;'
typesense-main,../repos/typesense-main/include/sparsepp.h,"(1150, 9)-(1150, 43)",b'typedef ptrdiff_t difference_type;'
typesense-main,../repos/typesense-main/include/sparsepp.h,"(1152, 9)-(1152, 28)",b'typedef T* pointer;'
typesense-main,../repos/typesense-main/include/sparsepp.h,"(1153, 9)-(1153, 40)",b'typedef const T* const_pointer;'
typesense-main,../repos/typesense-main/include/sparsepp.h,"(1154, 9)-(1154, 30)",b'typedef T& reference;'
typesense-main,../repos/typesense-main/include/sparsepp.h,"(1155, 9)-(1155, 42)",b'typedef const T& const_reference;'
typesense-main,../repos/typesense-main/include/sparsepp.h,"(1197, 13)-(1197, 58)",b'typedef libc_allocator_with_realloc<U> other;'
typesense-main,../repos/typesense-main/include/sparsepp.h,"(1208, 9)-(1208, 33)",b'typedef void value_type;'
typesense-main,../repos/typesense-main/include/sparsepp.h,"(1209, 9)-(1209, 34)",b'typedef size_t size_type;'
typesense-main,../repos/typesense-main/include/sparsepp.h,"(1210, 9)-(1210, 43)",b'typedef ptrdiff_t difference_type;'
typesense-main,../repos/typesense-main/include/sparsepp.h,"(1211, 9)-(1211, 31)",b'typedef void* pointer;'
typesense-main,../repos/typesense-main/include/sparsepp.h,"(1212, 9)-(1212, 43)",b'typedef const void* const_pointer;'
typesense-main,../repos/typesense-main/include/sparsepp.h,"(1217, 13)-(1217, 58)",b'typedef libc_allocator_with_realloc<U> other;'
typesense-main,../repos/typesense-main/include/sparsepp.h,"(1463, 13)-(1463, 34)",b'typedef Key key_type;'
typesense-main,../repos/typesense-main/include/sparsepp.h,"(1464, 13)-(1464, 37)",b'typedef HashFunc hasher;'
typesense-main,../repos/typesense-main/include/sparsepp.h,"(1465, 13)-(1465, 40)",b'typedef SizeType size_type;'
typesense-main,../repos/typesense-main/include/sparsepp.h,"(1638, 5)-(1638, 54)","b'typedef integral_constant<bool, true>  true_type;'"
typesense-main,../repos/typesense-main/include/sparsepp.h,"(1639, 5)-(1639, 55)","b'typedef integral_constant<bool, false> false_type;'"
typesense-main,../repos/typesense-main/include/sparsepp.h,"(1644, 48)-(1644, 63)",b'typedef T type;'
typesense-main,../repos/typesense-main/include/sparsepp.h,"(1645, 57)-(1645, 72)",b'typedef T type;'
typesense-main,../repos/typesense-main/include/sparsepp.h,"(1647, 51)-(1647, 66)",b'typedef T type;'
typesense-main,../repos/typesense-main/include/sparsepp.h,"(1648, 63)-(1648, 78)",b'typedef T type;'
typesense-main,../repos/typesense-main/include/sparsepp.h,"(1651, 9)-(1651, 85)",b'typedef typename remove_const<typename remove...'
typesense-main,../repos/typesense-main/include/sparsepp.h,"(1755, 9)-(1755, 41)",b'typedef table_iterator iterator;'
typesense-main,../repos/typesense-main/include/sparsepp.h,"(1757, 9)-(1757, 72)",b'typedef std::random_access_iterator_tag      ...'
typesense-main,../repos/typesense-main/include/sparsepp.h,"(1758, 9)-(1758, 65)",b'typedef typename tabletype::value_type       ...'
typesense-main,../repos/typesense-main/include/sparsepp.h,"(1759, 9)-(1759, 70)",b'typedef typename tabletype::difference_type  ...'
typesense-main,../repos/typesense-main/include/sparsepp.h,"(1760, 9)-(1760, 64)",b'typedef typename tabletype::size_type        ...'
typesense-main,../repos/typesense-main/include/sparsepp.h,"(1837, 9)-(1837, 52)",b'typedef table_iterator<tabletype> iterator;'
typesense-main,../repos/typesense-main/include/sparsepp.h,"(1838, 9)-(1838, 53)",b'typedef const_table_iterator const_iterator;'
typesense-main,../repos/typesense-main/include/sparsepp.h,"(1840, 9)-(1840, 67)",b'typedef std::random_access_iterator_tag itera...'
typesense-main,../repos/typesense-main/include/sparsepp.h,"(1841, 9)-(1841, 59)",b'typedef typename tabletype::value_type value_type;'
typesense-main,../repos/typesense-main/include/sparsepp.h,"(1842, 9)-(1842, 69)",b'typedef typename tabletype::difference_type d...'
typesense-main,../repos/typesense-main/include/sparsepp.h,"(1843, 9)-(1843, 57)",b'typedef typename tabletype::size_type size_type;'
typesense-main,../repos/typesense-main/include/sparsepp.h,"(1844, 9)-(1844, 63)",b'typedef typename tabletype::const_reference r...'
typesense-main,../repos/typesense-main/include/sparsepp.h,"(1845, 9)-(1845, 59)",b'typedef typename tabletype::const_pointer pointer;'
typesense-main,../repos/typesense-main/include/sparsepp.h,"(1952, 9)-(1952, 41)",b'typedef Two_d_iterator iterator;'
typesense-main,../repos/typesense-main/include/sparsepp.h,"(1956, 9)-(1956, 56)",b'typedef typename spp_::cvt<T>::type value_type;'
typesense-main,../repos/typesense-main/include/sparsepp.h,"(1957, 9)-(1957, 54)",b'typedef value_type&                reference;'
typesense-main,../repos/typesense-main/include/sparsepp.h,"(1958, 9)-(1958, 52)",b'typedef value_type*                pointer;'
typesense-main,../repos/typesense-main/include/sparsepp.h,"(2071, 9)-(2071, 53)",b'typedef Two_d_destructive_iterator iterator;'
typesense-main,../repos/typesense-main/include/sparsepp.h,"(2269, 9)-(2269, 75)",b'typedef typename spp::cvt<T>::type           ...'
typesense-main,../repos/typesense-main/include/sparsepp.h,"(2270, 9)-(2270, 79)",b'typedef Alloc                                ...'
typesense-main,../repos/typesense-main/include/sparsepp.h,"(2271, 9)-(2271, 74)",b'typedef value_type&                          ...'
typesense-main,../repos/typesense-main/include/sparsepp.h,"(2272, 9)-(2272, 80)",b'typedef const value_type&                    ...'
typesense-main,../repos/typesense-main/include/sparsepp.h,"(2273, 9)-(2273, 72)",b'typedef value_type*                          ...'
typesense-main,../repos/typesense-main/include/sparsepp.h,"(2274, 9)-(2274, 78)",b'typedef const value_type*                    ...'
typesense-main,../repos/typesense-main/include/sparsepp.h,"(2276, 9)-(2276, 74)",b'typedef uint8_t                              ...'
typesense-main,../repos/typesense-main/include/sparsepp.h,"(2281, 9)-(2281, 76)",b'typedef pointer                              ...'
typesense-main,../repos/typesense-main/include/sparsepp.h,"(2282, 9)-(2282, 82)",b'typedef const_pointer                        ...'
typesense-main,../repos/typesense-main/include/sparsepp.h,"(2283, 9)-(2283, 84)",b'typedef std::reverse_iterator<ne_iterator>   ...'
typesense-main,../repos/typesense-main/include/sparsepp.h,"(2284, 9)-(2284, 90)",b'typedef std::reverse_iterator<const_ne_iterat...'
typesense-main,../repos/typesense-main/include/sparsepp.h,"(2304, 9)-(2304, 83)",b'typedef T                                    ...'
typesense-main,../repos/typesense-main/include/sparsepp.h,"(2305, 9)-(2305, 82)",b'typedef mutable_value_type&                  ...'
typesense-main,../repos/typesense-main/include/sparsepp.h,"(2306, 9)-(2306, 88)",b'typedef const mutable_value_type&            ...'
typesense-main,../repos/typesense-main/include/sparsepp.h,"(2307, 9)-(2307, 80)",b'typedef mutable_value_type*                  ...'
typesense-main,../repos/typesense-main/include/sparsepp.h,"(2308, 9)-(2308, 86)",b'typedef const mutable_value_type*            ...'
typesense-main,../repos/typesense-main/include/sparsepp.h,"(2313, 9)-(2313, 81)",b'typedef typename Alloc::template rebind<T>::o...'
typesense-main,../repos/typesense-main/include/sparsepp.h,"(2534, 9)-(2534, 60)","b'typedef std::pair<mutable_pointer, bool> SetR...'"
typesense-main,../repos/typesense-main/include/sparsepp.h,"(2537, 9)-(2541, 40)","b'typedef spp_::integral_constant<bool,\n       ...'"
typesense-main,../repos/typesense-main/include/sparsepp.h,"(2891, 13)-(2891, 49)",b'typedef typename A::pointer pointer;'
typesense-main,../repos/typesense-main/include/sparsepp.h,"(2892, 13)-(2892, 53)",b'typedef typename A::size_type size_type;'
typesense-main,../repos/typesense-main/include/sparsepp.h,"(2916, 13)-(2916, 78)",b'typedef typename libc_allocator_with_realloc<...'
typesense-main,../repos/typesense-main/include/sparsepp.h,"(2917, 13)-(2917, 82)",b'typedef typename libc_allocator_with_realloc<...'
typesense-main,../repos/typesense-main/include/sparsepp.h,"(2978, 9)-(2978, 80)",b'typedef typename Alloc::template rebind<T>::o...'
typesense-main,../repos/typesense-main/include/sparsepp.h,"(2980, 9)-(2981, 76)",b'typedef typename Alloc::template rebind<\n    ...'
typesense-main,../repos/typesense-main/include/sparsepp.h,"(2982, 9)-(2982, 79)",b'typedef typename group_alloc_type::size_type ...'
typesense-main,../repos/typesense-main/include/sparsepp.h,"(2984, 9)-(2984, 82)",b'typedef T                                    ...'
typesense-main,../repos/typesense-main/include/sparsepp.h,"(2985, 9)-(2985, 79)",b'typedef mutable_value_type*                  ...'
typesense-main,../repos/typesense-main/include/sparsepp.h,"(2986, 9)-(2986, 85)",b'typedef const mutable_value_type*            ...'
typesense-main,../repos/typesense-main/include/sparsepp.h,"(2991, 9)-(2991, 74)",b'typedef typename spp::cvt<T>::type           ...'
typesense-main,../repos/typesense-main/include/sparsepp.h,"(2992, 9)-(2992, 78)",b'typedef Alloc                                ...'
typesense-main,../repos/typesense-main/include/sparsepp.h,"(2993, 9)-(2993, 73)",b'typedef typename value_alloc_type::size_type ...'
typesense-main,../repos/typesense-main/include/sparsepp.h,"(2994, 9)-(2994, 79)",b'typedef typename value_alloc_type::difference...'
typesense-main,../repos/typesense-main/include/sparsepp.h,"(2995, 9)-(2995, 73)",b'typedef value_type&                          ...'
typesense-main,../repos/typesense-main/include/sparsepp.h,"(2996, 9)-(2996, 79)",b'typedef const value_type&                    ...'
typesense-main,../repos/typesense-main/include/sparsepp.h,"(2997, 9)-(2997, 71)",b'typedef value_type*                          ...'
typesense-main,../repos/typesense-main/include/sparsepp.h,"(2998, 9)-(2998, 77)",b'typedef const value_type*                    ...'
typesense-main,../repos/typesense-main/include/sparsepp.h,"(3000, 9)-(3000, 74)","b'typedef sparsegroup<T, value_alloc_type>     ...'"
typesense-main,../repos/typesense-main/include/sparsepp.h,"(3002, 9)-(3002, 79)",b'typedef group_type&                          ...'
typesense-main,../repos/typesense-main/include/sparsepp.h,"(3003, 9)-(3003, 84)",b'typedef const group_type&                    ...'
typesense-main,../repos/typesense-main/include/sparsepp.h,"(3005, 9)-(3005, 75)",b'typedef typename group_type::ne_iterator     ...'
typesense-main,../repos/typesense-main/include/sparsepp.h,"(3006, 9)-(3006, 80)",b'typedef typename group_type::const_ne_iterato...'
typesense-main,../repos/typesense-main/include/sparsepp.h,"(3008, 9)-(3008, 72)","b'typedef table_iterator<sparsetable<T, Alloc> ...'"
typesense-main,../repos/typesense-main/include/sparsepp.h,"(3009, 9)-(3009, 78)","b'typedef const_table_iterator<sparsetable<T, A...'"
typesense-main,../repos/typesense-main/include/sparsepp.h,"(3010, 9)-(3010, 86)",b'typedef std::reverse_iterator<const_iterator>...'
typesense-main,../repos/typesense-main/include/sparsepp.h,"(3011, 9)-(3011, 80)",b'typedef std::reverse_iterator<iterator>      ...'
typesense-main,../repos/typesense-main/include/sparsepp.h,"(3016, 9)-(3019, 62)","b'typedef Two_d_iterator<T,\n                gro...'"
typesense-main,../repos/typesense-main/include/sparsepp.h,"(3021, 9)-(3024, 68)","b'typedef Two_d_iterator<const T,\n             ...'"
typesense-main,../repos/typesense-main/include/sparsepp.h,"(3029, 9)-(3033, 60)","b'typedef Two_d_destructive_iterator<T,\n       ...'"
typesense-main,../repos/typesense-main/include/sparsepp.h,"(3035, 9)-(3035, 86)",b'typedef std::reverse_iterator<ne_iterator>   ...'
typesense-main,../repos/typesense-main/include/sparsepp.h,"(3036, 9)-(3036, 92)",b'typedef std::reverse_iterator<const_ne_iterat...'
typesense-main,../repos/typesense-main/include/sparsepp.h,"(3337, 13)-(3337, 63)",b'typedef typename sparsetable::ne_iterator ne_iter;'
typesense-main,../repos/typesense-main/include/sparsepp.h,"(3495, 9)-(3495, 47)",b'typedef unsigned long MagicNumberType;'
typesense-main,../repos/typesense-main/include/sparsepp.h,"(3608, 9)-(3608, 85)",b'typedef sparsehash_internal::pod_serializer<v...'
typesense-main,../repos/typesense-main/include/sparsepp.h,"(3709, 9)-(3709, 79)",b'typedef Value                                ...'
typesense-main,../repos/typesense-main/include/sparsepp.h,"(3710, 9)-(3710, 80)",b'typedef typename Alloc::template rebind<Value...'
typesense-main,../repos/typesense-main/include/sparsepp.h,"(3713, 9)-(3713, 69)",b'typedef Key                                  ...'
typesense-main,../repos/typesense-main/include/sparsepp.h,"(3714, 9)-(3714, 71)",b'typedef typename spp::cvt<Value>::type       ...'
typesense-main,../repos/typesense-main/include/sparsepp.h,"(3715, 9)-(3715, 67)",b'typedef HashFcn                              ...'
typesense-main,../repos/typesense-main/include/sparsepp.h,"(3716, 9)-(3716, 70)",b'typedef EqualKey                             ...'
typesense-main,../repos/typesense-main/include/sparsepp.h,"(3717, 9)-(3717, 75)",b'typedef Alloc                                ...'
typesense-main,../repos/typesense-main/include/sparsepp.h,"(3719, 9)-(3719, 70)",b'typedef typename value_alloc_type::size_type ...'
typesense-main,../repos/typesense-main/include/sparsepp.h,"(3720, 9)-(3720, 76)",b'typedef typename value_alloc_type::difference...'
typesense-main,../repos/typesense-main/include/sparsepp.h,"(3721, 9)-(3721, 70)",b'typedef value_type&                          ...'
typesense-main,../repos/typesense-main/include/sparsepp.h,"(3722, 9)-(3722, 76)",b'typedef const value_type&                    ...'
typesense-main,../repos/typesense-main/include/sparsepp.h,"(3723, 9)-(3723, 68)",b'typedef value_type*                          ...'
typesense-main,../repos/typesense-main/include/sparsepp.h,"(3724, 9)-(3724, 74)",b'typedef const value_type*                    ...'
typesense-main,../repos/typesense-main/include/sparsepp.h,"(3727, 9)-(3727, 73)","b'typedef sparsetable<mutable_value_type, value...'"
typesense-main,../repos/typesense-main/include/sparsepp.h,"(3728, 9)-(3728, 65)",b'typedef typename Table::ne_iterator          ...'
typesense-main,../repos/typesense-main/include/sparsepp.h,"(3729, 9)-(3729, 66)",b'typedef typename Table::const_ne_iterator    ...'
typesense-main,../repos/typesense-main/include/sparsepp.h,"(3730, 9)-(3730, 67)",b'typedef typename Table::destructive_iterator ...'
typesense-main,../repos/typesense-main/include/sparsepp.h,"(3731, 9)-(3731, 71)",b'typedef typename Table::ColIterator          ...'
typesense-main,../repos/typesense-main/include/sparsepp.h,"(3733, 9)-(3733, 68)",b'typedef ne_it                                ...'
typesense-main,../repos/typesense-main/include/sparsepp.h,"(3734, 9)-(3734, 74)",b'typedef cne_it                               ...'
typesense-main,../repos/typesense-main/include/sparsepp.h,"(3735, 9)-(3735, 80)",b'typedef dest_it                              ...'
typesense-main,../repos/typesense-main/include/sparsepp.h,"(3739, 9)-(3739, 74)",b'typedef iterator                             ...'
typesense-main,../repos/typesense-main/include/sparsepp.h,"(3740, 9)-(3740, 80)",b'typedef const_iterator                       ...'
typesense-main,../repos/typesense-main/include/sparsepp.h,"(4664, 9)-(4664, 85)",b'typedef sparsehash_internal::pod_serializer<v...'
typesense-main,../repos/typesense-main/include/sparsepp.h,"(4798, 13)-(4798, 44)",b'typedef const Key& result_type;'
typesense-main,../repos/typesense-main/include/sparsepp.h,"(4824, 9)-(4825, 45)",b'typedef sparse_hashtable<std::pair<typename s...'
typesense-main,../repos/typesense-main/include/sparsepp.h,"(4828, 9)-(4828, 60)",b'typedef typename ht::key_type             key...'
typesense-main,../repos/typesense-main/include/sparsepp.h,"(4829, 9)-(4829, 61)",b'typedef T                                 dat...'
typesense-main,../repos/typesense-main/include/sparsepp.h,"(4830, 9)-(4830, 63)",b'typedef T                                 map...'
typesense-main,../repos/typesense-main/include/sparsepp.h,"(4831, 9)-(4831, 62)","b'typedef typename std::pair<const Key, T>  val...'"
typesense-main,../repos/typesense-main/include/sparsepp.h,"(4832, 9)-(4832, 58)",b'typedef typename ht::hasher               hasher;'
typesense-main,../repos/typesense-main/include/sparsepp.h,"(4833, 9)-(4833, 61)",b'typedef typename ht::key_equal            key...'
typesense-main,../repos/typesense-main/include/sparsepp.h,"(4834, 9)-(4834, 66)",b'typedef Alloc                             all...'
typesense-main,../repos/typesense-main/include/sparsepp.h,"(4836, 9)-(4836, 61)",b'typedef typename ht::size_type            siz...'
typesense-main,../repos/typesense-main/include/sparsepp.h,"(4837, 9)-(4837, 67)",b'typedef typename ht::difference_type      dif...'
typesense-main,../repos/typesense-main/include/sparsepp.h,"(4838, 9)-(4838, 59)",b'typedef typename ht::pointer              pointer;'
typesense-main,../repos/typesense-main/include/sparsepp.h,"(4839, 9)-(4839, 65)",b'typedef typename ht::const_pointer        con...'
typesense-main,../repos/typesense-main/include/sparsepp.h,"(4840, 9)-(4840, 61)",b'typedef typename ht::reference            ref...'
typesense-main,../repos/typesense-main/include/sparsepp.h,"(4841, 9)-(4841, 67)",b'typedef typename ht::const_reference      con...'
typesense-main,../repos/typesense-main/include/sparsepp.h,"(4843, 9)-(4843, 60)",b'typedef typename ht::iterator             ite...'
typesense-main,../repos/typesense-main/include/sparsepp.h,"(4844, 9)-(4844, 66)",b'typedef typename ht::const_iterator       con...'
typesense-main,../repos/typesense-main/include/sparsepp.h,"(4845, 9)-(4845, 66)",b'typedef typename ht::local_iterator       loc...'
typesense-main,../repos/typesense-main/include/sparsepp.h,"(4846, 9)-(4846, 72)",b'typedef typename ht::const_local_iterator con...'
typesense-main,../repos/typesense-main/include/sparsepp.h,"(5111, 9)-(5111, 70)",b'typedef typename ht::NopointerSerializer Nopo...'
typesense-main,../repos/typesense-main/include/sparsepp.h,"(5193, 13)-(5193, 46)",b'typedef const Value& result_type;'
typesense-main,../repos/typesense-main/include/sparsepp.h,"(5205, 9)-(5206, 37)","b'typedef sparse_hashtable<Value, Value, HashFc...'"
typesense-main,../repos/typesense-main/include/sparsepp.h,"(5209, 9)-(5209, 61)",b'typedef typename ht::key_type              ke...'
typesense-main,../repos/typesense-main/include/sparsepp.h,"(5210, 9)-(5210, 63)",b'typedef typename ht::value_type            va...'
typesense-main,../repos/typesense-main/include/sparsepp.h,"(5211, 9)-(5211, 59)",b'typedef typename ht::hasher                hasher;'
typesense-main,../repos/typesense-main/include/sparsepp.h,"(5212, 9)-(5212, 62)",b'typedef typename ht::key_equal             ke...'
typesense-main,../repos/typesense-main/include/sparsepp.h,"(5213, 9)-(5213, 67)",b'typedef Alloc                              al...'
typesense-main,../repos/typesense-main/include/sparsepp.h,"(5215, 9)-(5215, 62)",b'typedef typename ht::size_type             si...'
typesense-main,../repos/typesense-main/include/sparsepp.h,"(5216, 9)-(5216, 68)",b'typedef typename ht::difference_type       di...'
typesense-main,../repos/typesense-main/include/sparsepp.h,"(5217, 9)-(5217, 60)",b'typedef typename ht::const_pointer         po...'
typesense-main,../repos/typesense-main/include/sparsepp.h,"(5218, 9)-(5218, 66)",b'typedef typename ht::const_pointer         co...'
typesense-main,../repos/typesense-main/include/sparsepp.h,"(5219, 9)-(5219, 62)",b'typedef typename ht::const_reference       re...'
typesense-main,../repos/typesense-main/include/sparsepp.h,"(5220, 9)-(5220, 68)",b'typedef typename ht::const_reference       co...'
typesense-main,../repos/typesense-main/include/sparsepp.h,"(5222, 9)-(5222, 61)",b'typedef typename ht::const_iterator        it...'
typesense-main,../repos/typesense-main/include/sparsepp.h,"(5223, 9)-(5223, 67)",b'typedef typename ht::const_iterator        co...'
typesense-main,../repos/typesense-main/include/sparsepp.h,"(5224, 9)-(5224, 67)",b'typedef typename ht::const_local_iterator  lo...'
typesense-main,../repos/typesense-main/include/sparsepp.h,"(5225, 9)-(5225, 73)",b'typedef typename ht::const_local_iterator  co...'
typesense-main,../repos/typesense-main/include/sparsepp.h,"(5467, 9)-(5467, 70)",b'typedef typename ht::NopointerSerializer Nopo...'
typesense-main,../repos/typesense-main/include/sse2neon.h,"(190, 1)-(190, 25)",b'typedef int64x1_t __m64;'
typesense-main,../repos/typesense-main/include/sse2neon.h,"(191, 1)-(191, 28)",b'typedef float32x4_t __m128;'
typesense-main,../repos/typesense-main/include/sse2neon.h,"(196, 1)-(196, 29)",b'typedef float64x2_t __m128d;'
typesense-main,../repos/typesense-main/include/sse2neon.h,"(198, 1)-(198, 29)",b'typedef float32x4_t __m128d;'
typesense-main,../repos/typesense-main/include/sse2neon.h,"(200, 1)-(200, 27)",b'typedef int64x2_t __m128i;'
typesense-main,../repos/typesense-main/include/sse2neon.h,"(347, 1)-(348, 23)",b'typedef union ALIGN_STRUCT(16) SIMDVec {\n    ...'
typesense-main,../repos/typesense-main/include/sse2neon.h,"(513, 1)-(523, 17)",b'typedef struct {\n    uint16_t res0;\n    uint8...'
typesense-main,../repos/typesense-main/include/timsort.hpp,"(115, 13)-(115, 85)",b'typedef typename std::iterator_traits<Iterato...'
typesense-main,../repos/typesense-main/include/timsort.hpp,"(125, 13)-(125, 49)",b'typedef RandomAccessIterator iter_t;'
typesense-main,../repos/typesense-main/include/timsort.hpp,"(126, 13)-(126, 79)",b'typedef typename std::iterator_traits<iter_t>...'
typesense-main,../repos/typesense-main/include/timsort.hpp,"(127, 13)-(127, 76)",b'typedef typename std::iterator_traits<iter_t>...'
typesense-main,../repos/typesense-main/include/timsort.hpp,"(128, 13)-(128, 83)",b'typedef typename std::iterator_traits<iter_t>...'
typesense-main,../repos/typesense-main/include/timsort.hpp,"(136, 13)-(136, 72)",b'typedef typename std::vector<value_t>::iterat...'
typesense-main,../repos/typesense-main/include/timsort.hpp,"(726, 9)-(726, 75)","b'typedef detail::projection_compare<Compare, P...'"
typesense-main,../repos/typesense-main/include/timsort.hpp,"(744, 9)-(744, 75)","b'typedef detail::projection_compare<Compare, P...'"
typesense-main,../repos/typesense-main/include/wyhash_v5.h,"(110, 1)-(117, 20)",b'typedef struct wyhash_context {\n    uint64_t ...'
typesense-main,../repos/typesense-main/test/art_test.cpp,"(253, 1)-(257, 15)",b'typedef struct {\n    int count;\n    int max_c...'
