Repo name,File name,Location,Content
typesense-main,../repos/typesense-main/include/http_data.h,"(22, 1)-(22, 66)",b'using TimePoint = std::chrono::high_resolutio...'
typesense-main,../repos/typesense-main/include/image_processor.h,"(11, 1)-(11, 46)",b'using processed_image_t = std::vector<float>;'
typesense-main,../repos/typesense-main/include/index.h,"(37, 1)-(37, 73)",b'using facet_map_t = spp::sparse_hash_map<uint...'
typesense-main,../repos/typesense-main/include/index.h,"(38, 1)-(38, 73)",b'using single_val_facet_map_t = spp::sparse_ha...'
typesense-main,../repos/typesense-main/include/index.h,"(39, 1)-(39, 72)",b'using array_mapped_facet_t = std::array<facet...'
typesense-main,../repos/typesense-main/include/index.h,"(40, 1)-(40, 94)",b'using array_mapped_single_val_facet_t = std::...'
typesense-main,../repos/typesense-main/include/index.h,"(43, 1)-(43, 65)",b'using array_mapped_infix_t = std::vector<tsl:...'
typesense-main,../repos/typesense-main/include/json.hpp,"(253, 5)-(253, 23)",b'using type = void;'
typesense-main,../repos/typesense-main/include/json.hpp,"(255, 26)-(255, 73)",b'using void_t = typename make_void<Ts...>::type;'
typesense-main,../repos/typesense-main/include/json.hpp,"(282, 5)-(282, 37)",b'using value_t = std::false_type;'
typesense-main,../repos/typesense-main/include/json.hpp,"(283, 5)-(283, 26)",b'using type = Default;'
typesense-main,../repos/typesense-main/include/json.hpp,"(289, 5)-(289, 36)",b'using value_t = std::true_type;'
typesense-main,../repos/typesense-main/include/json.hpp,"(290, 5)-(290, 30)",b'using type = Op<Args...>;'
typesense-main,../repos/typesense-main/include/json.hpp,"(294, 1)-(294, 77)",b'using is_detected = typename detector<nonesuc...'
typesense-main,../repos/typesense-main/include/json.hpp,"(300, 1)-(300, 73)",b'using detected_t = typename detector<nonesuch...'
typesense-main,../repos/typesense-main/include/json.hpp,"(303, 1)-(303, 58)","b'using detected_or = detector<Default, void, O...'"
typesense-main,../repos/typesense-main/include/json.hpp,"(306, 1)-(306, 72)",b'using detected_or_t = typename detected_or<De...'
typesense-main,../repos/typesense-main/include/json.hpp,"(309, 1)-(309, 75)",b'using is_detected_exact = std::is_same<Expect...'
typesense-main,../repos/typesense-main/include/json.hpp,"(312, 1)-(313, 54)",b'using is_detected_convertible =\n    std::is_c...'
typesense-main,../repos/typesense-main/include/json.hpp,"(3075, 1)-(3075, 90)",b'using uncvref_t = typename std::remove_cv<typ...'
typesense-main,../repos/typesense-main/include/json.hpp,"(3089, 1)-(3089, 57)",b'using enable_if_t = typename std::enable_if<B...'
typesense-main,../repos/typesense-main/include/json.hpp,"(3118, 5)-(3118, 26)",b'using value_type = T;'
typesense-main,../repos/typesense-main/include/json.hpp,"(3131, 1)-(3131, 58)",b'using index_sequence = integer_sequence<size_...'
typesense-main,../repos/typesense-main/include/json.hpp,"(3143, 5)-(3143, 71)","b'using type = integer_sequence < T, Ints..., (...'"
typesense-main,../repos/typesense-main/include/json.hpp,"(3149, 5)-(3149, 84)","b'using type = integer_sequence < T, Ints..., (...'"
typesense-main,../repos/typesense-main/include/json.hpp,"(3157, 5)-(3158, 81)",b'using type =\n        typename Extend < typena...'
typesense-main,../repos/typesense-main/include/json.hpp,"(3164, 5)-(3164, 38)",b'using type = integer_sequence<T>;'
typesense-main,../repos/typesense-main/include/json.hpp,"(3177, 1)-(3177, 74)",b'using make_integer_sequence = typename utilit...'
typesense-main,../repos/typesense-main/include/json.hpp,"(3185, 1)-(3185, 62)",b'using make_index_sequence = make_integer_sequ...'
typesense-main,../repos/typesense-main/include/json.hpp,"(3193, 1)-(3193, 63)",b'using index_sequence_for = make_index_sequenc...'
typesense-main,../repos/typesense-main/include/json.hpp,"(3273, 5)-(3273, 58)",b'using difference_type = typename It::differen...'
typesense-main,../repos/typesense-main/include/json.hpp,"(3274, 5)-(3274, 48)",b'using value_type = typename It::value_type;'
typesense-main,../repos/typesense-main/include/json.hpp,"(3275, 5)-(3275, 42)",b'using pointer = typename It::pointer;'
typesense-main,../repos/typesense-main/include/json.hpp,"(3276, 5)-(3276, 46)",b'using reference = typename It::reference;'
typesense-main,../repos/typesense-main/include/json.hpp,"(3277, 5)-(3277, 62)",b'using iterator_category = typename It::iterat...'
typesense-main,../repos/typesense-main/include/json.hpp,"(3296, 5)-(3296, 63)",b'using iterator_category = std::random_access_...'
typesense-main,../repos/typesense-main/include/json.hpp,"(3297, 5)-(3297, 26)",b'using value_type = T;'
typesense-main,../repos/typesense-main/include/json.hpp,"(3298, 5)-(3298, 39)",b'using difference_type = ptrdiff_t;'
typesense-main,../repos/typesense-main/include/json.hpp,"(3299, 5)-(3299, 24)",b'using pointer = T*;'
typesense-main,../repos/typesense-main/include/json.hpp,"(3300, 5)-(3300, 26)",b'using reference = T&;'
typesense-main,../repos/typesense-main/include/json.hpp,"(3415, 5)-(3415, 31)",b'using json = basic_json<>;'
typesense-main,../repos/typesense-main/include/json.hpp,"(3424, 5)-(3424, 60)",b'using ordered_json = basic_json<nlohmann::ord...'
typesense-main,../repos/typesense-main/include/json.hpp,"(3489, 1)-(3489, 47)",b'using mapped_type_t = typename T::mapped_type;'
typesense-main,../repos/typesense-main/include/json.hpp,"(3492, 1)-(3492, 41)",b'using key_type_t = typename T::key_type;'
typesense-main,../repos/typesense-main/include/json.hpp,"(3495, 1)-(3495, 45)",b'using value_type_t = typename T::value_type;'
typesense-main,../repos/typesense-main/include/json.hpp,"(3498, 1)-(3498, 55)",b'using difference_type_t = typename T::differe...'
typesense-main,../repos/typesense-main/include/json.hpp,"(3501, 1)-(3501, 39)",b'using pointer_t = typename T::pointer;'
typesense-main,../repos/typesense-main/include/json.hpp,"(3504, 1)-(3504, 43)",b'using reference_t = typename T::reference;'
typesense-main,../repos/typesense-main/include/json.hpp,"(3507, 1)-(3507, 59)",b'using iterator_category_t = typename T::itera...'
typesense-main,../repos/typesense-main/include/json.hpp,"(3510, 1)-(3510, 72)",b'using to_json_function = decltype(T::to_json(...'
typesense-main,../repos/typesense-main/include/json.hpp,"(3513, 1)-(3513, 76)",b'using from_json_function = decltype(T::from_j...'
typesense-main,../repos/typesense-main/include/json.hpp,"(3516, 1)-(3516, 77)",b'using get_template_function = decltype(std::d...'
typesense-main,../repos/typesense-main/include/json.hpp,"(3535, 5)-(3535, 82)",b'using serializer = typename BasicJsonType::te...'
typesense-main,../repos/typesense-main/include/json.hpp,"(3550, 5)-(3550, 82)",b'using serializer = typename BasicJsonType::te...'
typesense-main,../repos/typesense-main/include/json.hpp,"(3565, 5)-(3565, 82)",b'using serializer = typename BasicJsonType::te...'
typesense-main,../repos/typesense-main/include/json.hpp,"(3573, 1)-(3573, 52)",b'using detect_key_compare = typename T::key_co...'
typesense-main,../repos/typesense-main/include/json.hpp,"(3582, 5)-(3582, 55)",b'using object_t = typename BasicJsonType::object_t;'
typesense-main,../repos/typesense-main/include/json.hpp,"(3583, 5)-(3583, 85)",b'using object_comparator_t = typename BasicJso...'
typesense-main,../repos/typesense-main/include/json.hpp,"(3584, 5)-(3585, 70)",b'using type = typename std::conditional < has_...'
typesense-main,../repos/typesense-main/include/json.hpp,"(3589, 1)-(3589, 91)",b'using actual_object_comparator_t = typename a...'
typesense-main,../repos/typesense-main/include/json.hpp,"(3649, 5)-(3649, 39)",b'using traits = iterator_traits<T>;'
typesense-main,../repos/typesense-main/include/json.hpp,"(3664, 5)-(3664, 63)",b'using t_ref = typename std::add_lvalue_refere...'
typesense-main,../repos/typesense-main/include/json.hpp,"(3666, 5)-(3666, 57)","b'using iterator = detected_t<result_of_begin, ...'"
typesense-main,../repos/typesense-main/include/json.hpp,"(3667, 5)-(3667, 55)","b'using sentinel = detected_t<result_of_end, t_ref>;'"
typesense-main,../repos/typesense-main/include/json.hpp,"(3680, 1)-(3680, 99)",b'using iterator_t = enable_if_t<is_range<R>::v...'
typesense-main,../repos/typesense-main/include/json.hpp,"(3683, 1)-(3683, 68)",b'using range_value_t = value_type_t<iterator_t...'
typesense-main,../repos/typesense-main/include/json.hpp,"(3705, 5)-(3705, 55)",b'using object_t = typename BasicJsonType::object_t;'
typesense-main,../repos/typesense-main/include/json.hpp,"(3729, 5)-(3729, 55)",b'using object_t = typename BasicJsonType::object_t;'
typesense-main,../repos/typesense-main/include/json.hpp,"(3764, 5)-(3764, 78)",b'using laundered_type = decltype(std::declval<...'
typesense-main,../repos/typesense-main/include/json.hpp,"(3766, 5)-(3766, 52)",b'using laundered_type = ConstructibleStringType;'
typesense-main,../repos/typesense-main/include/json.hpp,"(3826, 5)-(3826, 62)",b'using value_type = range_value_t<Constructibl...'
typesense-main,../repos/typesense-main/include/json.hpp,"(3854, 5)-(3854, 61)",b'using RealLimits = std::numeric_limits<RealIn...'
typesense-main,../repos/typesense-main/include/json.hpp,"(3855, 5)-(3855, 79)",b'using CompatibleLimits = std::numeric_limits<...'
typesense-main,../repos/typesense-main/include/json.hpp,"(3909, 1)-(3909, 86)",b'using is_json_pointer = is_specialization_of<...'
typesense-main,../repos/typesense-main/include/json.hpp,"(3922, 1)-(3922, 58)",b'using detect_is_transparent = typename T::is_...'
typesense-main,../repos/typesense-main/include/json.hpp,"(3928, 1)-(3936, 55)",b'using is_usable_as_key_type = typename std::c...'
typesense-main,../repos/typesense-main/include/json.hpp,"(3946, 1)-(3952, 33)",b'using is_usable_as_basic_json_key_type = type...'
typesense-main,../repos/typesense-main/include/json.hpp,"(3955, 1)-(3955, 105)",b'using detect_erase_with_key_type = decltype(s...'
typesense-main,../repos/typesense-main/include/json.hpp,"(3959, 1)-(3964, 57)",b'using has_erase_with_key_type = typename std:...'
typesense-main,../repos/typesense-main/include/json.hpp,"(3971, 5)-(3971, 22)",b'using one = char;'
typesense-main,../repos/typesense-main/include/json.hpp,"(3998, 1)-(3998, 62)",b'using all_integral = conjunction<std::is_inte...'
typesense-main,../repos/typesense-main/include/json.hpp,"(4001, 1)-(4001, 58)",b'using all_signed = conjunction<std::is_signed...'
typesense-main,../repos/typesense-main/include/json.hpp,"(4004, 1)-(4004, 62)",b'using all_unsigned = conjunction<std::is_unsi...'
typesense-main,../repos/typesense-main/include/json.hpp,"(4008, 1)-(4009, 70)",b'using same_sign = std::integral_constant < bo...'
typesense-main,../repos/typesense-main/include/json.hpp,"(4012, 1)-(4014, 73)",b'using never_out_of_range = std::integral_cons...'
typesense-main,../repos/typesense-main/include/json.hpp,"(4026, 9)-(4026, 71)",b'using CommonType = typename std::common_type<...'
typesense-main,../repos/typesense-main/include/json.hpp,"(4036, 9)-(4036, 71)",b'using CommonType = typename std::common_type<...'
typesense-main,../repos/typesense-main/include/json.hpp,"(4046, 9)-(4046, 71)",b'using CommonType = typename std::common_type<...'
typesense-main,../repos/typesense-main/include/json.hpp,"(4056, 9)-(4056, 71)",b'using CommonType = typename std::common_type<...'
typesense-main,../repos/typesense-main/include/json.hpp,"(4092, 1)-(4092, 59)",b'using bool_constant = std::integral_constant<...'
typesense-main,../repos/typesense-main/include/json.hpp,"(4104, 5)-(4104, 57)",b'using TUnExt = typename std::remove_extent<T>...'
typesense-main,../repos/typesense-main/include/json.hpp,"(4105, 5)-(4105, 60)",b'using TUnCVExt = typename std::remove_cv<TUnE...'
typesense-main,../repos/typesense-main/include/json.hpp,"(4106, 5)-(4106, 58)",b'using TUnPtr = typename std::remove_pointer<T...'
typesense-main,../repos/typesense-main/include/json.hpp,"(4107, 5)-(4107, 60)",b'using TUnCVPtr = typename std::remove_cv<TUnP...'
typesense-main,../repos/typesense-main/include/json.hpp,"(4120, 1)-(4120, 55)",b'using is_c_string_uncvref = is_c_string<uncvr...'
typesense-main,../repos/typesense-main/include/json.hpp,"(4205, 1)-(4205, 100)",b'using string_can_append = decltype(std::declv...'
typesense-main,../repos/typesense-main/include/json.hpp,"(4208, 1)-(4208, 82)",b'using detect_string_can_append = is_detected<...'
typesense-main,../repos/typesense-main/include/json.hpp,"(4211, 1)-(4211, 98)",b'using string_can_append_op = decltype(std::de...'
typesense-main,../repos/typesense-main/include/json.hpp,"(4214, 1)-(4214, 88)",b'using detect_string_can_append_op = is_detect...'
typesense-main,../repos/typesense-main/include/json.hpp,"(4217, 1)-(4217, 147)",b'using string_can_append_iter = decltype(std::...'
typesense-main,../repos/typesense-main/include/json.hpp,"(4220, 1)-(4220, 92)",b'using detect_string_can_append_iter = is_dete...'
typesense-main,../repos/typesense-main/include/json.hpp,"(4223, 1)-(4223, 147)",b'using string_can_append_data = decltype(std::...'
typesense-main,../repos/typesense-main/include/json.hpp,"(4226, 1)-(4226, 92)",b'using detect_string_can_append_data = is_dete...'
typesense-main,../repos/typesense-main/include/json.hpp,"(4880, 5)-(4880, 69)",b'using value_type = typename ConstructibleObje...'
typesense-main,../repos/typesense-main/include/json.hpp,"(5124, 5)-(5124, 44)",b'using difference_type = std::ptrdiff_t;'
typesense-main,../repos/typesense-main/include/json.hpp,"(5125, 5)-(5125, 46)",b'using value_type = iteration_proxy_value;'
typesense-main,../repos/typesense-main/include/json.hpp,"(5126, 5)-(5126, 34)",b'using pointer = value_type *;'
typesense-main,../repos/typesense-main/include/json.hpp,"(5127, 5)-(5127, 36)",b'using reference = value_type &;'
typesense-main,../repos/typesense-main/include/json.hpp,"(5128, 5)-(5128, 55)",b'using iterator_category = std::input_iterator_tag;'
typesense-main,../repos/typesense-main/include/json.hpp,"(5129, 5)-(5129, 144)",b'using string_type = typename std::remove_cv< ...'
typesense-main,../repos/typesense-main/include/json.hpp,"(5314, 5)-(5316, 92)",b'using type = decltype(\n                     g...'
typesense-main,../repos/typesense-main/include/json.hpp,"(5635, 5)-(5635, 75)",b'using underlying_type = typename std::underly...'
typesense-main,../repos/typesense-main/include/json.hpp,"(5960, 5)-(5960, 55)",b'using string_t = typename BasicJsonType::string_t;'
typesense-main,../repos/typesense-main/include/json.hpp,"(5961, 5)-(5961, 71)",b'using number_integer_t = typename BasicJsonTy...'
typesense-main,../repos/typesense-main/include/json.hpp,"(5962, 5)-(5962, 73)",b'using number_unsigned_t = typename BasicJsonT...'
typesense-main,../repos/typesense-main/include/json.hpp,"(5963, 5)-(5963, 67)",b'using number_float_t = typename BasicJsonType...'
typesense-main,../repos/typesense-main/include/json.hpp,"(6124, 5)-(6124, 28)",b'using char_type = char;'
typesense-main,../repos/typesense-main/include/json.hpp,"(6162, 5)-(6162, 28)",b'using char_type = char;'
typesense-main,../repos/typesense-main/include/json.hpp,"(6217, 5)-(6217, 79)",b'using char_type = typename std::iterator_trai...'
typesense-main,../repos/typesense-main/include/json.hpp,"(6376, 5)-(6376, 28)",b'using char_type = char;'
typesense-main,../repos/typesense-main/include/json.hpp,"(6419, 5)-(6419, 40)",b'using iterator_type = IteratorType;'
typesense-main,../repos/typesense-main/include/json.hpp,"(6420, 5)-(6420, 80)",b'using char_type = typename std::iterator_trai...'
typesense-main,../repos/typesense-main/include/json.hpp,"(6421, 5)-(6421, 64)",b'using adapter_type = iterator_input_adapter<i...'
typesense-main,../repos/typesense-main/include/json.hpp,"(6432, 5)-(6432, 69)",b'using value_type = typename std::iterator_tra...'
typesense-main,../repos/typesense-main/include/json.hpp,"(6442, 5)-(6442, 40)",b'using iterator_type = IteratorType;'
typesense-main,../repos/typesense-main/include/json.hpp,"(6443, 5)-(6443, 80)",b'using char_type = typename std::iterator_trai...'
typesense-main,../repos/typesense-main/include/json.hpp,"(6444, 5)-(6444, 69)",b'using base_adapter_type = iterator_input_adap...'
typesense-main,../repos/typesense-main/include/json.hpp,"(6445, 5)-(6445, 82)",b'using adapter_type = wide_string_input_adapte...'
typesense-main,../repos/typesense-main/include/json.hpp,"(6457, 5)-(6457, 71)",b'using factory_type = iterator_input_adapter_f...'
typesense-main,../repos/typesense-main/include/json.hpp,"(6478, 12)-(6478, 131)",b'using adapter_type = decltype(input_adapter(b...'
typesense-main,../repos/typesense-main/include/json.hpp,"(6512, 1)-(6512, 122)",b'using contiguous_bytes_input_adapter = declty...'
typesense-main,../repos/typesense-main/include/json.hpp,"(6737, 5)-(6737, 73)",b'using number_unsigned_t = typename BasicJsonT...'
typesense-main,../repos/typesense-main/include/json.hpp,"(6738, 5)-(6738, 67)",b'using number_float_t = typename BasicJsonType...'
typesense-main,../repos/typesense-main/include/json.hpp,"(6739, 5)-(6739, 55)",b'using string_t = typename BasicJsonType::string_t;'
typesense-main,../repos/typesense-main/include/json.hpp,"(6740, 5)-(6740, 55)",b'using binary_t = typename BasicJsonType::binary_t;'
typesense-main,../repos/typesense-main/include/json.hpp,"(6919, 5)-(6919, 71)",b'using number_integer_t = typename BasicJsonTy...'
typesense-main,../repos/typesense-main/include/json.hpp,"(6920, 5)-(6920, 73)",b'using number_unsigned_t = typename BasicJsonT...'
typesense-main,../repos/typesense-main/include/json.hpp,"(6921, 5)-(6921, 67)",b'using number_float_t = typename BasicJsonType...'
typesense-main,../repos/typesense-main/include/json.hpp,"(6922, 5)-(6922, 55)",b'using string_t = typename BasicJsonType::string_t;'
typesense-main,../repos/typesense-main/include/json.hpp,"(6923, 5)-(6923, 55)",b'using binary_t = typename BasicJsonType::binary_t;'
typesense-main,../repos/typesense-main/include/json.hpp,"(6924, 5)-(6924, 73)",b'using parser_callback_t = typename BasicJsonT...'
typesense-main,../repos/typesense-main/include/json.hpp,"(6925, 5)-(6925, 65)",b'using parse_event_t = typename BasicJsonType:...'
typesense-main,../repos/typesense-main/include/json.hpp,"(7226, 5)-(7226, 71)",b'using number_integer_t = typename BasicJsonTy...'
typesense-main,../repos/typesense-main/include/json.hpp,"(7227, 5)-(7227, 73)",b'using number_unsigned_t = typename BasicJsonT...'
typesense-main,../repos/typesense-main/include/json.hpp,"(7228, 5)-(7228, 67)",b'using number_float_t = typename BasicJsonType...'
typesense-main,../repos/typesense-main/include/json.hpp,"(7229, 5)-(7229, 55)",b'using string_t = typename BasicJsonType::string_t;'
typesense-main,../repos/typesense-main/include/json.hpp,"(7230, 5)-(7230, 55)",b'using binary_t = typename BasicJsonType::binary_t;'
typesense-main,../repos/typesense-main/include/json.hpp,"(7417, 5)-(7417, 71)",b'using number_integer_t = typename BasicJsonTy...'
typesense-main,../repos/typesense-main/include/json.hpp,"(7418, 5)-(7418, 73)",b'using number_unsigned_t = typename BasicJsonT...'
typesense-main,../repos/typesense-main/include/json.hpp,"(7419, 5)-(7419, 67)",b'using number_float_t = typename BasicJsonType...'
typesense-main,../repos/typesense-main/include/json.hpp,"(7420, 5)-(7420, 55)",b'using string_t = typename BasicJsonType::string_t;'
typesense-main,../repos/typesense-main/include/json.hpp,"(7421, 5)-(7421, 60)",b'using char_type = typename InputAdapterType::...'
typesense-main,../repos/typesense-main/include/json.hpp,"(7422, 5)-(7422, 74)",b'using char_int_type = typename std::char_trai...'
typesense-main,../repos/typesense-main/include/json.hpp,"(7425, 5)-(7425, 71)",b'using token_type = typename lexer_base<BasicJ...'
typesense-main,../repos/typesense-main/include/json.hpp,"(8967, 1)-(8967, 61)",b'using null_function_t = decltype(std::declval...'
typesense-main,../repos/typesense-main/include/json.hpp,"(8970, 1)-(8971, 64)",b'using boolean_function_t =\n    decltype(std::...'
typesense-main,../repos/typesense-main/include/json.hpp,"(8974, 1)-(8975, 74)",b'using number_integer_function_t =\n    decltyp...'
typesense-main,../repos/typesense-main/include/json.hpp,"(8978, 1)-(8979, 76)",b'using number_unsigned_function_t =\n    declty...'
typesense-main,../repos/typesense-main/include/json.hpp,"(8982, 1)-(8983, 92)",b'using number_float_function_t = decltype(std:...'
typesense-main,../repos/typesense-main/include/json.hpp,"(8986, 1)-(8987, 66)",b'using string_function_t =\n    decltype(std::d...'
typesense-main,../repos/typesense-main/include/json.hpp,"(8990, 1)-(8991, 66)",b'using binary_function_t =\n    decltype(std::d...'
typesense-main,../repos/typesense-main/include/json.hpp,"(8994, 1)-(8995, 76)",b'using start_object_function_t =\n    decltype(...'
typesense-main,../repos/typesense-main/include/json.hpp,"(8998, 1)-(8999, 63)",b'using key_function_t =\n    decltype(std::decl...'
typesense-main,../repos/typesense-main/include/json.hpp,"(9002, 1)-(9002, 73)",b'using end_object_function_t = decltype(std::d...'
typesense-main,../repos/typesense-main/include/json.hpp,"(9005, 1)-(9006, 75)",b'using start_array_function_t =\n    decltype(s...'
typesense-main,../repos/typesense-main/include/json.hpp,"(9009, 1)-(9009, 71)",b'using end_array_function_t = decltype(std::de...'
typesense-main,../repos/typesense-main/include/json.hpp,"(9012, 1)-(9014, 44)",b'using parse_error_function_t = decltype(std::...'
typesense-main,../repos/typesense-main/include/json.hpp,"(9023, 5)-(9023, 71)",b'using number_integer_t = typename BasicJsonTy...'
typesense-main,../repos/typesense-main/include/json.hpp,"(9024, 5)-(9024, 73)",b'using number_unsigned_t = typename BasicJsonT...'
typesense-main,../repos/typesense-main/include/json.hpp,"(9025, 5)-(9025, 67)",b'using number_float_t = typename BasicJsonType...'
typesense-main,../repos/typesense-main/include/json.hpp,"(9026, 5)-(9026, 55)",b'using string_t = typename BasicJsonType::string_t;'
typesense-main,../repos/typesense-main/include/json.hpp,"(9027, 5)-(9027, 55)",b'using binary_t = typename BasicJsonType::binary_t;'
typesense-main,../repos/typesense-main/include/json.hpp,"(9028, 5)-(9028, 59)",b'using exception_t = typename BasicJsonType::e...'
typesense-main,../repos/typesense-main/include/json.hpp,"(9054, 5)-(9054, 71)",b'using number_integer_t = typename BasicJsonTy...'
typesense-main,../repos/typesense-main/include/json.hpp,"(9055, 5)-(9055, 73)",b'using number_unsigned_t = typename BasicJsonT...'
typesense-main,../repos/typesense-main/include/json.hpp,"(9056, 5)-(9056, 67)",b'using number_float_t = typename BasicJsonType...'
typesense-main,../repos/typesense-main/include/json.hpp,"(9057, 5)-(9057, 55)",b'using string_t = typename BasicJsonType::string_t;'
typesense-main,../repos/typesense-main/include/json.hpp,"(9058, 5)-(9058, 55)",b'using binary_t = typename BasicJsonType::binary_t;'
typesense-main,../repos/typesense-main/include/json.hpp,"(9059, 5)-(9059, 59)",b'using exception_t = typename BasicJsonType::e...'
typesense-main,../repos/typesense-main/include/json.hpp,"(9145, 5)-(9145, 71)",b'using number_integer_t = typename BasicJsonTy...'
typesense-main,../repos/typesense-main/include/json.hpp,"(9146, 5)-(9146, 73)",b'using number_unsigned_t = typename BasicJsonT...'
typesense-main,../repos/typesense-main/include/json.hpp,"(9147, 5)-(9147, 67)",b'using number_float_t = typename BasicJsonType...'
typesense-main,../repos/typesense-main/include/json.hpp,"(9148, 5)-(9148, 55)",b'using string_t = typename BasicJsonType::string_t;'
typesense-main,../repos/typesense-main/include/json.hpp,"(9149, 5)-(9149, 55)",b'using binary_t = typename BasicJsonType::binary_t;'
typesense-main,../repos/typesense-main/include/json.hpp,"(9150, 5)-(9150, 28)",b'using json_sax_t = SAX;'
typesense-main,../repos/typesense-main/include/json.hpp,"(9151, 5)-(9151, 60)",b'using char_type = typename InputAdapterType::...'
typesense-main,../repos/typesense-main/include/json.hpp,"(9152, 5)-(9152, 74)",b'using char_int_type = typename std::char_trai...'
typesense-main,../repos/typesense-main/include/json.hpp,"(11773, 9)-(11773, 72)",b'using ia_type = decltype(detail::input_adapte...'
typesense-main,../repos/typesense-main/include/json.hpp,"(11779, 9)-(11779, 83)",b'using token_type = typename detail::lexer_bas...'
typesense-main,../repos/typesense-main/include/json.hpp,"(12071, 5)-(12071, 57)","b'using bjd_type = std::pair<char_int_type, str...'"
typesense-main,../repos/typesense-main/include/json.hpp,"(12151, 1)-(12152, 92)",b'using parser_callback_t =\n    std::function<b...'
typesense-main,../repos/typesense-main/include/json.hpp,"(12162, 5)-(12162, 71)",b'using number_integer_t = typename BasicJsonTy...'
typesense-main,../repos/typesense-main/include/json.hpp,"(12163, 5)-(12163, 73)",b'using number_unsigned_t = typename BasicJsonT...'
typesense-main,../repos/typesense-main/include/json.hpp,"(12164, 5)-(12164, 67)",b'using number_float_t = typename BasicJsonType...'
typesense-main,../repos/typesense-main/include/json.hpp,"(12165, 5)-(12165, 55)",b'using string_t = typename BasicJsonType::string_t;'
typesense-main,../repos/typesense-main/include/json.hpp,"(12166, 5)-(12166, 60)","b'using lexer_t = lexer<BasicJsonType, InputAda...'"
typesense-main,../repos/typesense-main/include/json.hpp,"(12167, 5)-(12167, 53)",b'using token_type = typename lexer_t::token_type;'
typesense-main,../repos/typesense-main/include/json.hpp,"(12667, 5)-(12667, 44)",b'using difference_type = std::ptrdiff_t;'
typesense-main,../repos/typesense-main/include/json.hpp,"(12850, 5)-(12850, 179)",b'using other_iter_impl = iter_impl<typename st...'
typesense-main,../repos/typesense-main/include/json.hpp,"(12857, 5)-(12857, 55)",b'using object_t = typename BasicJsonType::object_t;'
typesense-main,../repos/typesense-main/include/json.hpp,"(12858, 5)-(12858, 53)",b'using array_t = typename BasicJsonType::array_t;'
typesense-main,../repos/typesense-main/include/json.hpp,"(12873, 5)-(12873, 63)",b'using iterator_category = std::bidirectional_...'
typesense-main,../repos/typesense-main/include/json.hpp,"(12876, 5)-(12876, 59)",b'using value_type = typename BasicJsonType::va...'
typesense-main,../repos/typesense-main/include/json.hpp,"(12878, 5)-(12878, 69)",b'using difference_type = typename BasicJsonTyp...'
typesense-main,../repos/typesense-main/include/json.hpp,"(12880, 5)-(12882, 50)",b'using pointer = typename std::conditional<std...'
typesense-main,../repos/typesense-main/include/json.hpp,"(12884, 5)-(12887, 50)",b'using reference =\n        typename std::condi...'
typesense-main,../repos/typesense-main/include/json.hpp,"(13603, 5)-(13603, 44)",b'using difference_type = std::ptrdiff_t;'
typesense-main,../repos/typesense-main/include/json.hpp,"(13605, 5)-(13605, 55)",b'using base_iterator = std::reverse_iterator<Base>;'
typesense-main,../repos/typesense-main/include/json.hpp,"(13607, 5)-(13607, 48)",b'using reference = typename Base::reference;'
typesense-main,../repos/typesense-main/include/json.hpp,"(13715, 1)-(13719, 33)",b'using json_base_class = typename std::conditi...'
typesense-main,../repos/typesense-main/include/json.hpp,"(13776, 9)-(13776, 24)",b'using type = T;'
typesense-main,../repos/typesense-main/include/json.hpp,"(13782, 9)-(13782, 33)",b'using type = StringType;'
typesense-main,../repos/typesense-main/include/json.hpp,"(14746, 5)-(14746, 38)",b'using value_type = BasicJsonType;'
typesense-main,../repos/typesense-main/include/json.hpp,"(14883, 1)-(14883, 77)",b'using output_adapter_t = std::shared_ptr<outp...'
typesense-main,../repos/typesense-main/include/json.hpp,"(15004, 5)-(15004, 55)",b'using string_t = typename BasicJsonType::string_t;'
typesense-main,../repos/typesense-main/include/json.hpp,"(15005, 5)-(15005, 55)",b'using binary_t = typename BasicJsonType::binary_t;'
typesense-main,../repos/typesense-main/include/json.hpp,"(15006, 5)-(15006, 67)",b'using number_float_t = typename BasicJsonType...'
typesense-main,../repos/typesense-main/include/json.hpp,"(17040, 5)-(17040, 104)",b'using bits_type = typename std::conditional<k...'
typesense-main,../repos/typesense-main/include/json.hpp,"(17985, 5)-(17985, 55)",b'using string_t = typename BasicJsonType::string_t;'
typesense-main,../repos/typesense-main/include/json.hpp,"(17986, 5)-(17986, 67)",b'using number_float_t = typename BasicJsonType...'
typesense-main,../repos/typesense-main/include/json.hpp,"(17987, 5)-(17987, 71)",b'using number_integer_t = typename BasicJsonTy...'
typesense-main,../repos/typesense-main/include/json.hpp,"(17988, 5)-(17988, 73)",b'using number_unsigned_t = typename BasicJsonT...'
typesense-main,../repos/typesense-main/include/json.hpp,"(17989, 5)-(17989, 72)",b'using binary_char_t = typename BasicJsonType:...'
typesense-main,../repos/typesense-main/include/json.hpp,"(18960, 5)-(18960, 27)",b'using mapped_type = T;'
typesense-main,../repos/typesense-main/include/json.hpp,"(18961, 5)-(18961, 71)",b'using Container = std::vector<std::pair<const...'
typesense-main,../repos/typesense-main/include/json.hpp,"(18962, 5)-(18962, 51)",b'using iterator = typename Container::iterator;'
typesense-main,../repos/typesense-main/include/json.hpp,"(18963, 5)-(18963, 63)",b'using const_iterator = typename Container::co...'
typesense-main,../repos/typesense-main/include/json.hpp,"(18964, 5)-(18964, 53)",b'using size_type = typename Container::size_type;'
typesense-main,../repos/typesense-main/include/json.hpp,"(18965, 5)-(18965, 55)",b'using value_type = typename Container::value_type;'
typesense-main,../repos/typesense-main/include/json.hpp,"(18967, 5)-(18967, 41)",b'using key_compare = std::equal_to<>;'
typesense-main,../repos/typesense-main/include/json.hpp,"(18969, 5)-(18969, 44)",b'using key_compare = std::equal_to<Key>;'
typesense-main,../repos/typesense-main/include/json.hpp,"(19271, 5)-(19272, 52)",b'using require_input_iter = typename std::enab...'
typesense-main,../repos/typesense-main/include/json.hpp,"(19350, 5)-(19350, 50)",b'using basic_json_t = NLOHMANN_BASIC_JSON_TPL;'
typesense-main,../repos/typesense-main/include/json.hpp,"(19351, 5)-(19351, 84)",b'using json_base_class_t = ::nlohmann::detail:...'
typesense-main,../repos/typesense-main/include/json.hpp,"(19372, 5)-(19372, 84)",b'using internal_iterator = ::nlohmann::detail:...'
typesense-main,../repos/typesense-main/include/json.hpp,"(19374, 5)-(19374, 68)",b'using iter_impl = ::nlohmann::detail::iter_im...'
typesense-main,../repos/typesense-main/include/json.hpp,"(19376, 5)-(19376, 75)",b'using iteration_proxy = ::nlohmann::detail::i...'
typesense-main,../repos/typesense-main/include/json.hpp,"(19377, 29)-(19377, 107)",b'using json_reverse_iterator = ::nlohmann::det...'
typesense-main,../repos/typesense-main/include/json.hpp,"(19380, 5)-(19380, 77)",b'using output_adapter_t = ::nlohmann::detail::...'
typesense-main,../repos/typesense-main/include/json.hpp,"(19383, 5)-(19383, 84)",b'using binary_reader = ::nlohmann::detail::bin...'
typesense-main,../repos/typesense-main/include/json.hpp,"(19384, 33)-(19384, 111)",b'using binary_writer = ::nlohmann::detail::bin...'
typesense-main,../repos/typesense-main/include/json.hpp,"(19392, 5)-(19392, 63)",b'using json_pointer = ::nlohmann::json_pointer...'
typesense-main,../repos/typesense-main/include/json.hpp,"(19394, 5)-(19394, 55)","b'using json_serializer = JSONSerializer<T, SFINAE>;'"
typesense-main,../repos/typesense-main/include/json.hpp,"(19396, 5)-(19396, 53)",b'using error_handler_t = detail::error_handler_t;'
typesense-main,../repos/typesense-main/include/json.hpp,"(19398, 5)-(19398, 59)",b'using cbor_tag_handler_t = detail::cbor_tag_h...'
typesense-main,../repos/typesense-main/include/json.hpp,"(19400, 5)-(19400, 84)",b'using initializer_list_t = std::initializer_l...'
typesense-main,../repos/typesense-main/include/json.hpp,"(19402, 5)-(19402, 51)",b'using input_format_t = detail::input_format_t;'
typesense-main,../repos/typesense-main/include/json.hpp,"(19404, 5)-(19404, 45)",b'using json_sax_t = json_sax<basic_json>;'
typesense-main,../repos/typesense-main/include/json.hpp,"(19414, 5)-(19414, 41)",b'using exception = detail::exception;'
typesense-main,../repos/typesense-main/include/json.hpp,"(19415, 5)-(19415, 45)",b'using parse_error = detail::parse_error;'
typesense-main,../repos/typesense-main/include/json.hpp,"(19416, 5)-(19416, 55)",b'using invalid_iterator = detail::invalid_iterator;'
typesense-main,../repos/typesense-main/include/json.hpp,"(19417, 5)-(19417, 43)",b'using type_error = detail::type_error;'
typesense-main,../repos/typesense-main/include/json.hpp,"(19418, 5)-(19418, 47)",b'using out_of_range = detail::out_of_range;'
typesense-main,../repos/typesense-main/include/json.hpp,"(19419, 5)-(19419, 45)",b'using other_error = detail::other_error;'
typesense-main,../repos/typesense-main/include/json.hpp,"(19433, 5)-(19433, 35)",b'using value_type = basic_json;'
typesense-main,../repos/typesense-main/include/json.hpp,"(19436, 5)-(19436, 35)",b'using reference = value_type&;'
typesense-main,../repos/typesense-main/include/json.hpp,"(19438, 5)-(19438, 47)",b'using const_reference = const value_type&;'
typesense-main,../repos/typesense-main/include/json.hpp,"(19441, 5)-(19441, 44)",b'using difference_type = std::ptrdiff_t;'
typesense-main,../repos/typesense-main/include/json.hpp,"(19443, 5)-(19443, 35)",b'using size_type = std::size_t;'
typesense-main,../repos/typesense-main/include/json.hpp,"(19446, 5)-(19446, 54)",b'using allocator_type = AllocatorType<basic_json>;'
typesense-main,../repos/typesense-main/include/json.hpp,"(19449, 5)-(19449, 77)",b'using pointer = typename std::allocator_trait...'
typesense-main,../repos/typesense-main/include/json.hpp,"(19451, 5)-(19451, 89)",b'using const_pointer = typename std::allocator...'
typesense-main,../repos/typesense-main/include/json.hpp,"(19454, 5)-(19454, 44)",b'using iterator = iter_impl<basic_json>;'
typesense-main,../repos/typesense-main/include/json.hpp,"(19456, 5)-(19456, 56)",b'using const_iterator = iter_impl<const basic_...'
typesense-main,../repos/typesense-main/include/json.hpp,"(19458, 5)-(19458, 83)",b'using reverse_iterator = json_reverse_iterato...'
typesense-main,../repos/typesense-main/include/json.hpp,"(19460, 5)-(19460, 95)",b'using const_reverse_iterator = json_reverse_i...'
typesense-main,../repos/typesense-main/include/json.hpp,"(19552, 5)-(19552, 53)",b'using default_object_comparator_t = std::less<>;'
typesense-main,../repos/typesense-main/include/json.hpp,"(19554, 5)-(19554, 63)",b'using default_object_comparator_t = std::less...'
typesense-main,../repos/typesense-main/include/json.hpp,"(19559, 5)-(19563, 25)","b'using object_t = ObjectType<StringType,\n     ...'"
typesense-main,../repos/typesense-main/include/json.hpp,"(19567, 5)-(19567, 70)","b'using array_t = ArrayType<basic_json, Allocat...'"
typesense-main,../repos/typesense-main/include/json.hpp,"(19571, 5)-(19571, 33)",b'using string_t = StringType;'
typesense-main,../repos/typesense-main/include/json.hpp,"(19575, 5)-(19575, 35)",b'using boolean_t = BooleanType;'
typesense-main,../repos/typesense-main/include/json.hpp,"(19579, 5)-(19579, 48)",b'using number_integer_t = NumberIntegerType;'
typesense-main,../repos/typesense-main/include/json.hpp,"(19583, 5)-(19583, 50)",b'using number_unsigned_t = NumberUnsignedType;'
typesense-main,../repos/typesense-main/include/json.hpp,"(19587, 5)-(19587, 44)",b'using number_float_t = NumberFloatType;'
typesense-main,../repos/typesense-main/include/json.hpp,"(19591, 5)-(19591, 72)",b'using binary_t = nlohmann::byte_container_wit...'
typesense-main,../repos/typesense-main/include/json.hpp,"(19595, 5)-(19595, 80)",b'using object_comparator_t = detail::actual_ob...'
typesense-main,../repos/typesense-main/include/json.hpp,"(19607, 9)-(19607, 73)",b'using AllocatorTraits = std::allocator_traits...'
typesense-main,../repos/typesense-main/include/json.hpp,"(20028, 5)-(20028, 69)",b'using parser_callback_t = detail::parser_call...'
typesense-main,../repos/typesense-main/include/json.hpp,"(20077, 9)-(20077, 67)",b'using other_boolean_t = typename BasicJsonTyp...'
typesense-main,../repos/typesense-main/include/json.hpp,"(20078, 9)-(20078, 77)",b'using other_number_float_t = typename BasicJs...'
typesense-main,../repos/typesense-main/include/json.hpp,"(20079, 9)-(20079, 81)",b'using other_number_integer_t = typename Basic...'
typesense-main,../repos/typesense-main/include/json.hpp,"(20080, 9)-(20080, 83)",b'using other_number_unsigned_t = typename Basi...'
typesense-main,../repos/typesense-main/include/json.hpp,"(20081, 9)-(20081, 65)",b'using other_string_t = typename BasicJsonType...'
typesense-main,../repos/typesense-main/include/json.hpp,"(20082, 9)-(20082, 65)",b'using other_object_t = typename BasicJsonType...'
typesense-main,../repos/typesense-main/include/json.hpp,"(20083, 9)-(20083, 63)",b'using other_array_t = typename BasicJsonType:...'
typesense-main,../repos/typesense-main/include/json.hpp,"(20084, 9)-(20084, 65)",b'using other_binary_t = typename BasicJsonType...'
typesense-main,../repos/typesense-main/include/json.hpp,"(21441, 5)-(21443, 58)",b'using value_return_type = std::conditional <\n...'
typesense-main,../repos/typesense-main/include/magic_enum.hpp,"(101, 5)-(101, 39)",b'using optional = std::optional<T>;'
typesense-main,../repos/typesense-main/include/magic_enum.hpp,"(108, 5)-(108, 42)",b'using string_view = std::string_view;'
typesense-main,../repos/typesense-main/include/magic_enum.hpp,"(115, 5)-(115, 32)",b'using string = std::string;'
typesense-main,../repos/typesense-main/include/magic_enum.hpp,"(461, 9)-(461, 59)","b'using values_t = decltype((values_v<D, IsFlags>));'"
typesense-main,../repos/typesense-main/include/magic_enum.hpp,"(488, 9)-(488, 144)",b'using index_t = std::conditional_t<range_size...'
typesense-main,../repos/typesense-main/include/magic_enum.hpp,"(516, 9)-(516, 57)","b'using names_t = decltype((names_v<D, IsFlags>));'"
typesense-main,../repos/typesense-main/include/magic_enum.hpp,"(529, 9)-(529, 61)","b'using entries_t = decltype((entries_v<D, IsFl...'"
typesense-main,../repos/typesense-main/include/magic_enum.hpp,"(582, 13)-(582, 28)",b'using type = R;'
typesense-main,../repos/typesense-main/include/magic_enum.hpp,"(583, 13)-(583, 39)",b'using D = std::decay_t<T>;'
typesense-main,../repos/typesense-main/include/magic_enum.hpp,"(588, 9)-(588, 87)",b'using enable_if_enum_t = std::enable_if_t<std...'
typesense-main,../repos/typesense-main/include/magic_enum.hpp,"(591, 9)-(591, 32)",b'using enum_concept = T;'
typesense-main,../repos/typesense-main/include/magic_enum.hpp,"(617, 5)-(617, 42)",b'using Enum = detail::enum_concept<T>;'
typesense-main,../repos/typesense-main/include/magic_enum.hpp,"(641, 5)-(641, 65)",b'using underlying_type_t = typename underlying...'
typesense-main,../repos/typesense-main/include/magic_enum.hpp,"(646, 9)-(646, 35)",b'using D = std::decay_t<E>;'
typesense-main,../repos/typesense-main/include/magic_enum.hpp,"(656, 9)-(656, 35)",b'using D = std::decay_t<E>;'
typesense-main,../repos/typesense-main/include/magic_enum.hpp,"(665, 9)-(665, 35)",b'using D = std::decay_t<E>;'
typesense-main,../repos/typesense-main/include/magic_enum.hpp,"(678, 9)-(678, 35)",b'using D = std::decay_t<E>;'
typesense-main,../repos/typesense-main/include/magic_enum.hpp,"(688, 9)-(688, 45)",b'using D = std::decay_t<decltype(V)>;'
typesense-main,../repos/typesense-main/include/magic_enum.hpp,"(699, 9)-(699, 35)",b'using D = std::decay_t<E>;'
typesense-main,../repos/typesense-main/include/magic_enum.hpp,"(711, 9)-(711, 35)",b'using D = std::decay_t<E>;'
typesense-main,../repos/typesense-main/include/magic_enum.hpp,"(720, 9)-(720, 35)",b'using D = std::decay_t<E>;'
typesense-main,../repos/typesense-main/include/magic_enum.hpp,"(730, 9)-(730, 35)",b'using D = std::decay_t<E>;'
typesense-main,../repos/typesense-main/include/magic_enum.hpp,"(744, 9)-(744, 35)",b'using D = std::decay_t<E>;'
typesense-main,../repos/typesense-main/include/magic_enum.hpp,"(759, 9)-(759, 35)",b'using D = std::decay_t<E>;'
typesense-main,../repos/typesense-main/include/magic_enum.hpp,"(774, 9)-(774, 35)",b'using D = std::decay_t<E>;'
typesense-main,../repos/typesense-main/include/magic_enum.hpp,"(786, 9)-(786, 35)",b'using D = std::decay_t<E>;'
typesense-main,../repos/typesense-main/include/magic_enum.hpp,"(794, 9)-(794, 35)",b'using D = std::decay_t<E>;'
typesense-main,../repos/typesense-main/include/magic_enum.hpp,"(803, 9)-(803, 35)",b'using D = std::decay_t<E>;'
typesense-main,../repos/typesense-main/include/magic_enum.hpp,"(811, 9)-(811, 35)",b'using D = std::decay_t<E>;'
typesense-main,../repos/typesense-main/include/magic_enum.hpp,"(820, 13)-(820, 39)",b'using D = std::decay_t<E>;'
typesense-main,../repos/typesense-main/include/magic_enum.hpp,"(821, 13)-(821, 44)",b'using U = underlying_type_t<D>;'
typesense-main,../repos/typesense-main/include/magic_enum.hpp,"(887, 13)-(887, 39)",b'using D = std::decay_t<E>;'
typesense-main,../repos/typesense-main/include/magic_enum.hpp,"(896, 13)-(896, 39)",b'using D = std::decay_t<E>;'
typesense-main,../repos/typesense-main/include/magic_enum.hpp,"(911, 13)-(911, 39)",b'using D = std::decay_t<E>;'
typesense-main,../repos/typesense-main/include/magic_enum.hpp,"(921, 13)-(921, 39)",b'using D = std::decay_t<E>;'
typesense-main,../repos/typesense-main/include/magic_enum.hpp,"(922, 13)-(922, 44)",b'using U = underlying_type_t<D>;'
typesense-main,../repos/typesense-main/include/magic_enum.hpp,"(947, 13)-(947, 39)",b'using D = std::decay_t<E>;'
typesense-main,../repos/typesense-main/include/magic_enum.hpp,"(956, 13)-(956, 39)",b'using D = std::decay_t<E>;'
typesense-main,../repos/typesense-main/include/magic_enum.hpp,"(966, 13)-(966, 39)",b'using D = std::decay_t<E>;'
typesense-main,../repos/typesense-main/include/magic_enum.hpp,"(967, 13)-(967, 44)",b'using U = underlying_type_t<D>;'
typesense-main,../repos/typesense-main/include/magic_enum.hpp,"(997, 13)-(997, 39)",b'using D = std::decay_t<E>;'
typesense-main,../repos/typesense-main/include/magic_enum.hpp,"(998, 13)-(998, 44)",b'using U = underlying_type_t<D>;'
typesense-main,../repos/typesense-main/include/magic_enum.hpp,"(1029, 13)-(1029, 39)",b'using D = std::decay_t<E>;'
typesense-main,../repos/typesense-main/include/magic_enum.hpp,"(1041, 13)-(1041, 39)",b'using D = std::decay_t<E>;'
typesense-main,../repos/typesense-main/include/magic_enum.hpp,"(1042, 13)-(1042, 44)",b'using U = underlying_type_t<D>;'
typesense-main,../repos/typesense-main/include/magic_enum.hpp,"(1058, 13)-(1058, 39)",b'using D = std::decay_t<E>;'
typesense-main,../repos/typesense-main/include/magic_enum.hpp,"(1059, 13)-(1059, 44)",b'using U = underlying_type_t<D>;'
typesense-main,../repos/typesense-main/include/magic_enum.hpp,"(1067, 13)-(1067, 39)",b'using D = std::decay_t<E>;'
typesense-main,../repos/typesense-main/include/magic_enum.hpp,"(1076, 13)-(1076, 39)",b'using D = std::decay_t<E>;'
typesense-main,../repos/typesense-main/include/magic_enum.hpp,"(1084, 13)-(1084, 39)",b'using D = std::decay_t<E>;'
typesense-main,../repos/typesense-main/include/magic_enum.hpp,"(1095, 13)-(1095, 39)",b'using D = std::decay_t<E>;'
typesense-main,../repos/typesense-main/include/magic_enum.hpp,"(1096, 13)-(1096, 44)",b'using U = underlying_type_t<D>;'
typesense-main,../repos/typesense-main/include/threadpool.h,"(67, 5)-(67, 58)","b'using return_type = std::invoke_result_t<F, A...'"
typesense-main,../repos/typesense-main/include/tsl/array-hash/array_hash.h,"(152, 1)-(152, 37)",b'using slz_size_type = std::uint64_t;'
typesense-main,../repos/typesense-main/include/tsl/array-hash/array_hash.h,"(189, 3)-(190, 76)",b'using has_mapped_type =\n      typename std::i...'
typesense-main,../repos/typesense-main/include/tsl/array-hash/array_hash.h,"(202, 3)-(202, 27)",b'using char_type = CharT;'
typesense-main,../repos/typesense-main/include/tsl/array-hash/array_hash.h,"(203, 3)-(203, 34)",b'using key_size_type = KeySizeT;'
typesense-main,../repos/typesense-main/include/tsl/array-hash/array_hash.h,"(204, 3)-(204, 25)",b'using mapped_type = T;'
typesense-main,../repos/typesense-main/include/tsl/array-hash/array_hash.h,"(205, 3)-(205, 33)",b'using size_type = std::size_t;'
typesense-main,../repos/typesense-main/include/tsl/array-hash/array_hash.h,"(206, 3)-(206, 30)",b'using key_equal = KeyEqual;'
typesense-main,../repos/typesense-main/include/tsl/array-hash/array_hash.h,"(207, 3)-(207, 49)",b'using iterator = array_bucket_iterator<false>;'
typesense-main,../repos/typesense-main/include/tsl/array-hash/array_hash.h,"(208, 3)-(208, 54)",b'using const_iterator = array_bucket_iterator<...'
typesense-main,../repos/typesense-main/include/tsl/array-hash/array_hash.h,"(292, 5)-(293, 70)",b'using buffer_type =\n        typename std::con...'
typesense-main,../repos/typesense-main/include/tsl/array-hash/array_hash.h,"(299, 5)-(299, 57)",b'using iterator_category = std::forward_iterat...'
typesense-main,../repos/typesense-main/include/tsl/array-hash/array_hash.h,"(300, 5)-(300, 29)",b'using value_type = void;'
typesense-main,../repos/typesense-main/include/tsl/array-hash/array_hash.h,"(301, 5)-(301, 44)",b'using difference_type = std::ptrdiff_t;'
typesense-main,../repos/typesense-main/include/tsl/array-hash/array_hash.h,"(302, 5)-(302, 28)",b'using reference = void;'
typesense-main,../repos/typesense-main/include/tsl/array-hash/array_hash.h,"(303, 5)-(303, 26)",b'using pointer = void;'
typesense-main,../repos/typesense-main/include/tsl/array-hash/array_hash.h,"(772, 3)-(773, 76)",b'using has_mapped_type =\n      typename std::i...'
typesense-main,../repos/typesense-main/include/tsl/array-hash/array_hash.h,"(780, 3)-(784, 48)",b'using array_bucket = tsl::detail_array_hash::...'
typesense-main,../repos/typesense-main/include/tsl/array-hash/array_hash.h,"(790, 3)-(790, 27)",b'using char_type = CharT;'
typesense-main,../repos/typesense-main/include/tsl/array-hash/array_hash.h,"(791, 3)-(791, 34)",b'using key_size_type = KeySizeT;'
typesense-main,../repos/typesense-main/include/tsl/array-hash/array_hash.h,"(792, 3)-(792, 38)",b'using index_size_type = IndexSizeT;'
typesense-main,../repos/typesense-main/include/tsl/array-hash/array_hash.h,"(793, 3)-(793, 33)",b'using size_type = std::size_t;'
typesense-main,../repos/typesense-main/include/tsl/array-hash/array_hash.h,"(794, 3)-(794, 23)",b'using hasher = Hash;'
typesense-main,../repos/typesense-main/include/tsl/array-hash/array_hash.h,"(795, 3)-(795, 30)",b'using key_equal = KeyEqual;'
typesense-main,../repos/typesense-main/include/tsl/array-hash/array_hash.h,"(796, 3)-(796, 47)",b'using iterator = array_hash_iterator<false>;'
typesense-main,../repos/typesense-main/include/tsl/array-hash/array_hash.h,"(797, 3)-(797, 52)",b'using const_iterator = array_hash_iterator<true>;'
typesense-main,../repos/typesense-main/include/tsl/array-hash/array_hash.h,"(808, 5)-(808, 73)",b'using iterator_array_bucket = typename array_...'
typesense-main,../repos/typesense-main/include/tsl/array-hash/array_hash.h,"(810, 5)-(812, 61)",b'using iterator_buckets = typename std::condit...'
typesense-main,../repos/typesense-main/include/tsl/array-hash/array_hash.h,"(814, 5)-(815, 73)",b'using array_hash_ptr = typename std::conditio...'
typesense-main,../repos/typesense-main/include/tsl/array-hash/array_hash.h,"(818, 5)-(818, 57)",b'using iterator_category = std::forward_iterat...'
typesense-main,../repos/typesense-main/include/tsl/array-hash/array_hash.h,"(819, 5)-(820, 77)",b'using value_type =\n        typename std::cond...'
typesense-main,../repos/typesense-main/include/tsl/array-hash/array_hash.h,"(821, 5)-(821, 44)",b'using difference_type = std::ptrdiff_t;'
typesense-main,../repos/typesense-main/include/tsl/array-hash/array_hash.h,"(822, 5)-(827, 21)",b'using reference = typename std::conditional<\n...'
typesense-main,../repos/typesense-main/include/tsl/array-hash/array_hash.h,"(828, 5)-(830, 77)",b'using pointer = typename std::conditional<\n  ...'
typesense-main,../repos/typesense-main/include/tsl/array-hash/array_map.h,"(75, 3)-(75, 62)",b'using is_iterator = tsl::detail_array_hash::i...'
typesense-main,../repos/typesense-main/include/tsl/array-hash/array_map.h,"(77, 3)-(79, 75)",b'using ht = tsl::detail_array_hash::array_hash...'
typesense-main,../repos/typesense-main/include/tsl/array-hash/array_map.h,"(82, 3)-(82, 44)",b'using char_type = typename ht::char_type;'
typesense-main,../repos/typesense-main/include/tsl/array-hash/array_map.h,"(83, 3)-(83, 25)",b'using mapped_type = T;'
typesense-main,../repos/typesense-main/include/tsl/array-hash/array_map.h,"(84, 3)-(84, 52)",b'using key_size_type = typename ht::key_size_type;'
typesense-main,../repos/typesense-main/include/tsl/array-hash/array_map.h,"(85, 3)-(85, 56)",b'using index_size_type = typename ht::index_si...'
typesense-main,../repos/typesense-main/include/tsl/array-hash/array_map.h,"(86, 3)-(86, 44)",b'using size_type = typename ht::size_type;'
typesense-main,../repos/typesense-main/include/tsl/array-hash/array_map.h,"(87, 3)-(87, 38)",b'using hasher = typename ht::hasher;'
typesense-main,../repos/typesense-main/include/tsl/array-hash/array_map.h,"(88, 3)-(88, 44)",b'using key_equal = typename ht::key_equal;'
typesense-main,../repos/typesense-main/include/tsl/array-hash/array_map.h,"(89, 3)-(89, 42)",b'using iterator = typename ht::iterator;'
typesense-main,../repos/typesense-main/include/tsl/array-hash/array_map.h,"(90, 3)-(90, 54)",b'using const_iterator = typename ht::const_ite...'
typesense-main,../repos/typesense-main/include/tsl/array-hash/array_map.h,"(923, 1)-(925, 57)","b'using array_pg_map =\n    array_map<CharT, T, ...'"
typesense-main,../repos/typesense-main/include/tsl/array-hash/array_set.h,"(72, 3)-(72, 62)",b'using is_iterator = tsl::detail_array_hash::i...'
typesense-main,../repos/typesense-main/include/tsl/array-hash/array_set.h,"(74, 3)-(76, 75)",b'using ht = tsl::detail_array_hash::array_hash...'
typesense-main,../repos/typesense-main/include/tsl/array-hash/array_set.h,"(79, 3)-(79, 44)",b'using char_type = typename ht::char_type;'
typesense-main,../repos/typesense-main/include/tsl/array-hash/array_set.h,"(80, 3)-(80, 52)",b'using key_size_type = typename ht::key_size_type;'
typesense-main,../repos/typesense-main/include/tsl/array-hash/array_set.h,"(81, 3)-(81, 56)",b'using index_size_type = typename ht::index_si...'
typesense-main,../repos/typesense-main/include/tsl/array-hash/array_set.h,"(82, 3)-(82, 44)",b'using size_type = typename ht::size_type;'
typesense-main,../repos/typesense-main/include/tsl/array-hash/array_set.h,"(83, 3)-(83, 38)",b'using hasher = typename ht::hasher;'
typesense-main,../repos/typesense-main/include/tsl/array-hash/array_set.h,"(84, 3)-(84, 44)",b'using key_equal = typename ht::key_equal;'
typesense-main,../repos/typesense-main/include/tsl/array-hash/array_set.h,"(85, 3)-(85, 42)",b'using iterator = typename ht::iterator;'
typesense-main,../repos/typesense-main/include/tsl/array-hash/array_set.h,"(86, 3)-(86, 54)",b'using const_iterator = typename ht::const_ite...'
typesense-main,../repos/typesense-main/include/tsl/array-hash/array_set.h,"(710, 1)-(712, 45)","b'using array_pg_set =\n    array_set<CharT, Has...'"
typesense-main,../repos/typesense-main/include/tsl/htrie_hash.h,"(132, 3)-(133, 76)",b'using has_value =\n      typename std::integra...'
typesense-main,../repos/typesense-main/include/tsl/htrie_hash.h,"(145, 3)-(145, 27)",b'using char_type = CharT;'
typesense-main,../repos/typesense-main/include/tsl/htrie_hash.h,"(146, 3)-(146, 34)",b'using key_size_type = KeySizeT;'
typesense-main,../repos/typesense-main/include/tsl/htrie_hash.h,"(147, 3)-(147, 33)",b'using size_type = std::size_t;'
typesense-main,../repos/typesense-main/include/tsl/htrie_hash.h,"(148, 3)-(148, 23)",b'using hasher = Hash;'
typesense-main,../repos/typesense-main/include/tsl/htrie_hash.h,"(149, 3)-(149, 54)","b'using iterator = htrie_hash_iterator<false, f...'"
typesense-main,../repos/typesense-main/include/tsl/htrie_hash.h,"(150, 3)-(150, 59)",b'using const_iterator = htrie_hash_iterator<tr...'
typesense-main,../repos/typesense-main/include/tsl/htrie_hash.h,"(151, 3)-(151, 60)",b'using prefix_iterator = htrie_hash_iterator<f...'
typesense-main,../repos/typesense-main/include/tsl/htrie_hash.h,"(152, 3)-(152, 65)",b'using const_prefix_iterator = htrie_hash_iter...'
typesense-main,../repos/typesense-main/include/tsl/htrie_hash.h,"(155, 3)-(161, 69)",b'using array_hash_type = typename std::conditi...'
typesense-main,../repos/typesense-main/include/tsl/htrie_hash.h,"(186, 3)-(186, 60)",b'using value_node = tsl::detail_htrie_hash::va...'
typesense-main,../repos/typesense-main/include/tsl/htrie_hash.h,"(489, 5)-(490, 70)",b'using anode_type =\n        typename std::cond...'
typesense-main,../repos/typesense-main/include/tsl/htrie_hash.h,"(491, 5)-(492, 78)",b'using trie_node_type =\n        typename std::...'
typesense-main,../repos/typesense-main/include/tsl/htrie_hash.h,"(493, 5)-(494, 78)",b'using hash_node_type =\n        typename std::...'
typesense-main,../repos/typesense-main/include/tsl/htrie_hash.h,"(496, 5)-(499, 77)",b'using array_hash_iterator_type =\n        type...'
typesense-main,../repos/typesense-main/include/tsl/htrie_hash.h,"(502, 5)-(502, 57)",b'using iterator_category = std::forward_iterat...'
typesense-main,../repos/typesense-main/include/tsl/htrie_hash.h,"(503, 5)-(504, 71)",b'using value_type =\n        typename std::cond...'
typesense-main,../repos/typesense-main/include/tsl/htrie_hash.h,"(505, 5)-(505, 44)",b'using difference_type = std::ptrdiff_t;'
typesense-main,../repos/typesense-main/include/tsl/htrie_hash.h,"(506, 5)-(511, 21)",b'using reference = typename std::conditional<\n...'
typesense-main,../repos/typesense-main/include/tsl/htrie_hash.h,"(512, 5)-(514, 77)",b'using pointer = typename std::conditional<\n  ...'
typesense-main,../repos/typesense-main/include/tsl/htrie_hash.h,"(2055, 3)-(2055, 39)",b'using slz_size_type = std::uint64_t;'
typesense-main,../repos/typesense-main/include/tsl/htrie_map.h,"(58, 3)-(58, 62)",b'using is_iterator = tsl::detail_array_hash::i...'
typesense-main,../repos/typesense-main/include/tsl/htrie_map.h,"(60, 3)-(60, 75)",b'using ht = tsl::detail_htrie_hash::htrie_hash...'
typesense-main,../repos/typesense-main/include/tsl/htrie_map.h,"(63, 3)-(63, 44)",b'using char_type = typename ht::char_type;'
typesense-main,../repos/typesense-main/include/tsl/htrie_map.h,"(64, 3)-(64, 25)",b'using mapped_type = T;'
typesense-main,../repos/typesense-main/include/tsl/htrie_map.h,"(65, 3)-(65, 52)",b'using key_size_type = typename ht::key_size_type;'
typesense-main,../repos/typesense-main/include/tsl/htrie_map.h,"(66, 3)-(66, 44)",b'using size_type = typename ht::size_type;'
typesense-main,../repos/typesense-main/include/tsl/htrie_map.h,"(67, 3)-(67, 38)",b'using hasher = typename ht::hasher;'
typesense-main,../repos/typesense-main/include/tsl/htrie_map.h,"(68, 3)-(68, 42)",b'using iterator = typename ht::iterator;'
typesense-main,../repos/typesense-main/include/tsl/htrie_map.h,"(69, 3)-(69, 54)",b'using const_iterator = typename ht::const_ite...'
typesense-main,../repos/typesense-main/include/tsl/htrie_map.h,"(70, 3)-(70, 56)",b'using prefix_iterator = typename ht::prefix_i...'
typesense-main,../repos/typesense-main/include/tsl/htrie_map.h,"(71, 3)-(71, 68)",b'using const_prefix_iterator = typename ht::co...'
typesense-main,../repos/typesense-main/include/tsl/htrie_set.h,"(55, 3)-(55, 62)",b'using is_iterator = tsl::detail_array_hash::i...'
typesense-main,../repos/typesense-main/include/tsl/htrie_set.h,"(57, 3)-(57, 78)",b'using ht = tsl::detail_htrie_hash::htrie_hash...'
typesense-main,../repos/typesense-main/include/tsl/htrie_set.h,"(60, 3)-(60, 44)",b'using char_type = typename ht::char_type;'
typesense-main,../repos/typesense-main/include/tsl/htrie_set.h,"(61, 3)-(61, 52)",b'using key_size_type = typename ht::key_size_type;'
typesense-main,../repos/typesense-main/include/tsl/htrie_set.h,"(62, 3)-(62, 44)",b'using size_type = typename ht::size_type;'
typesense-main,../repos/typesense-main/include/tsl/htrie_set.h,"(63, 3)-(63, 38)",b'using hasher = typename ht::hasher;'
typesense-main,../repos/typesense-main/include/tsl/htrie_set.h,"(64, 3)-(64, 42)",b'using iterator = typename ht::iterator;'
typesense-main,../repos/typesense-main/include/tsl/htrie_set.h,"(65, 3)-(65, 54)",b'using const_iterator = typename ht::const_ite...'
typesense-main,../repos/typesense-main/include/tsl/htrie_set.h,"(66, 3)-(66, 56)",b'using prefix_iterator = typename ht::prefix_i...'
typesense-main,../repos/typesense-main/include/tsl/htrie_set.h,"(67, 3)-(67, 68)",b'using const_prefix_iterator = typename ht::co...'
