Repo name,File name,Location,Content
typesense-main,../repos/typesense-main/include/json.hpp,"(3510, 26)-(3510, 71)",b'decltype(T::to_json(std::declval<Args>()...))'
typesense-main,../repos/typesense-main/include/json.hpp,"(3513, 28)-(3513, 75)",b'decltype(T::from_json(std::declval<Args>()...))'
typesense-main,../repos/typesense-main/include/json.hpp,"(3516, 31)-(3516, 76)",b'decltype(std::declval<T>().template get<U>())'
typesense-main,../repos/typesense-main/include/json.hpp,"(3680, 68)-(3680, 96)",b'decltype(std::declval<R&>())'
typesense-main,../repos/typesense-main/include/json.hpp,"(3693, 28)-(3693, 53)",b'decltype(void(sizeof(T)))'
typesense-main,../repos/typesense-main/include/json.hpp,"(3764, 28)-(3764, 77)",b'decltype(std::declval<ConstructibleStringType>())'
typesense-main,../repos/typesense-main/include/json.hpp,"(3917, 1)-(3917, 72)",b'decltype(std::declval<Compare>()(std::declval...'
typesense-main,../repos/typesense-main/include/json.hpp,"(3918, 1)-(3918, 72)",b'decltype(std::declval<Compare>()(std::declval...'
typesense-main,../repos/typesense-main/include/json.hpp,"(3955, 36)-(3955, 104)",b'decltype(std::declval<ObjectType&>().erase(st...'
typesense-main,../repos/typesense-main/include/json.hpp,"(3978, 44)-(3978, 66)",b'decltype(&C::capacity)'
typesense-main,../repos/typesense-main/include/json.hpp,"(4205, 27)-(4205, 99)",b'decltype(std::declval<StringType&>().append(s...'
typesense-main,../repos/typesense-main/include/json.hpp,"(4211, 30)-(4211, 97)",b'decltype(std::declval<StringType&>() += std::...'
typesense-main,../repos/typesense-main/include/json.hpp,"(4217, 32)-(4217, 146)",b'decltype(std::declval<StringType&>().append(s...'
typesense-main,../repos/typesense-main/include/json.hpp,"(4223, 32)-(4223, 146)",b'decltype(std::declval<StringType&>().append(s...'
typesense-main,../repos/typesense-main/include/json.hpp,"(4748, 4)-(4748, 41)","b'decltype(j.template get<T>(), void())'"
typesense-main,../repos/typesense-main/include/json.hpp,"(4765, 4)-(4765, 41)","b'decltype(j.template get<T>(), void())'"
typesense-main,../repos/typesense-main/include/json.hpp,"(4778, 4)-(4781, 12)",b'decltype(\n    arr.reserve(std::declval<typena...'
typesense-main,../repos/typesense-main/include/json.hpp,"(4827, 4)-(4829, 8)","b'decltype(from_json_array_impl(j, arr, priorit...'"
typesense-main,../repos/typesense-main/include/json.hpp,"(4848, 4)-(4848, 106)",b'decltype(from_json_inplace_array_impl(std::fo...'
typesense-main,../repos/typesense-main/include/json.hpp,"(4972, 4)-(4972, 117)",b'decltype(from_json_tuple_impl(std::forward<Ba...'
typesense-main,../repos/typesense-main/include/json.hpp,"(5039, 8)-(5039, 52)","b'decltype(from_json(j, std::forward<T>(val)))'"
typesense-main,../repos/typesense-main/include/json.hpp,"(5129, 81)-(5129, 127)",b'decltype( std::declval<IteratorType>().key() )'
typesense-main,../repos/typesense-main/include/json.hpp,"(5278, 77)-(5278, 94)",b'decltype(i.key())'
typesense-main,../repos/typesense-main/include/json.hpp,"(5286, 77)-(5286, 96)",b'decltype(i.value())'
typesense-main,../repos/typesense-main/include/json.hpp,"(5314, 18)-(5316, 91)",b'decltype(\n                     get<N>(std::de...'
typesense-main,../repos/typesense-main/include/json.hpp,"(5739, 8)-(5739, 58)","b'decltype(to_json(j, std::forward<T>(val)), void())'"
typesense-main,../repos/typesense-main/include/json.hpp,"(5775, 8)-(5775, 84)",b'decltype(::nlohmann::from_json(std::forward<B...'
typesense-main,../repos/typesense-main/include/json.hpp,"(5785, 8)-(5785, 108)",b'decltype(::nlohmann::from_json(std::forward<B...'
typesense-main,../repos/typesense-main/include/json.hpp,"(5795, 8)-(5795, 79)","b'decltype(::nlohmann::to_json(j, std::forward<...'"
typesense-main,../repos/typesense-main/include/json.hpp,"(6476, 15)-(6476, 60)",b'decltype(begin(std::declval<ContainerType>())'
typesense-main,../repos/typesense-main/include/json.hpp,"(6478, 33)-(6478, 130)",b'decltype(input_adapter(begin(std::declval<Con...'
typesense-main,../repos/typesense-main/include/json.hpp,"(6512, 40)-(6512, 121)",b'decltype(input_adapter(std::declval<const cha...'
typesense-main,../repos/typesense-main/include/json.hpp,"(6530, 38)-(6530, 79)","b'decltype(input_adapter(array, array + N))'"
typesense-main,../repos/typesense-main/include/json.hpp,"(8967, 25)-(8967, 60)",b'decltype(std::declval<T&>().null())'
typesense-main,../repos/typesense-main/include/json.hpp,"(8971, 5)-(8971, 63)",b'decltype(std::declval<T&>().boolean(std::decl...'
typesense-main,../repos/typesense-main/include/json.hpp,"(8975, 5)-(8975, 73)",b'decltype(std::declval<T&>().number_integer(st...'
typesense-main,../repos/typesense-main/include/json.hpp,"(8979, 5)-(8979, 75)",b'decltype(std::declval<T&>().number_unsigned(s...'
typesense-main,../repos/typesense-main/include/json.hpp,"(8982, 33)-(8983, 91)",b'decltype(std::declval<T&>().number_float(\n   ...'
typesense-main,../repos/typesense-main/include/json.hpp,"(8987, 5)-(8987, 65)",b'decltype(std::declval<T&>().string(std::declv...'
typesense-main,../repos/typesense-main/include/json.hpp,"(8991, 5)-(8991, 65)",b'decltype(std::declval<T&>().binary(std::declv...'
typesense-main,../repos/typesense-main/include/json.hpp,"(8995, 5)-(8995, 75)",b'decltype(std::declval<T&>().start_object(std:...'
typesense-main,../repos/typesense-main/include/json.hpp,"(8999, 5)-(8999, 62)",b'decltype(std::declval<T&>().key(std::declval<...'
typesense-main,../repos/typesense-main/include/json.hpp,"(9002, 31)-(9002, 72)",b'decltype(std::declval<T&>().end_object())'
typesense-main,../repos/typesense-main/include/json.hpp,"(9006, 5)-(9006, 74)",b'decltype(std::declval<T&>().start_array(std::...'
typesense-main,../repos/typesense-main/include/json.hpp,"(9009, 30)-(9009, 70)",b'decltype(std::declval<T&>().end_array())'
typesense-main,../repos/typesense-main/include/json.hpp,"(9012, 32)-(9014, 43)",b'decltype(std::declval<T&>().parse_error(\n    ...'
typesense-main,../repos/typesense-main/include/json.hpp,"(11773, 25)-(11773, 71)",b'decltype(detail::input_adapter(number_vector))'
typesense-main,../repos/typesense-main/include/json.hpp,"(12073, 11)-(12073, 59)",b'decltype(JSON_BINARY_READER_MAKE_BJD_TYPES_MAP_)'
typesense-main,../repos/typesense-main/include/json.hpp,"(13671, 25)-(13671, 61)",b'decltype(std::declval<Base>().key())'
typesense-main,../repos/typesense-main/include/json.hpp,"(19613, 28)-(19613, 45)",b'decltype(deleter)'
typesense-main,../repos/typesense-main/include/json.hpp,"(19846, 43)-(19846, 58)",b'decltype(alloc)'
typesense-main,../repos/typesense-main/include/json.hpp,"(19847, 43)-(19847, 58)",b'decltype(alloc)'
typesense-main,../repos/typesense-main/include/json.hpp,"(19854, 43)-(19854, 58)",b'decltype(alloc)'
typesense-main,../repos/typesense-main/include/json.hpp,"(19855, 43)-(19855, 58)",b'decltype(alloc)'
typesense-main,../repos/typesense-main/include/json.hpp,"(19862, 43)-(19862, 58)",b'decltype(alloc)'
typesense-main,../repos/typesense-main/include/json.hpp,"(19863, 43)-(19863, 58)",b'decltype(alloc)'
typesense-main,../repos/typesense-main/include/json.hpp,"(19870, 43)-(19870, 58)",b'decltype(alloc)'
typesense-main,../repos/typesense-main/include/json.hpp,"(19871, 43)-(19871, 58)",b'decltype(alloc)'
typesense-main,../repos/typesense-main/include/json.hpp,"(21682, 43)-(21682, 58)",b'decltype(alloc)'
typesense-main,../repos/typesense-main/include/json.hpp,"(21683, 43)-(21683, 58)",b'decltype(alloc)'
typesense-main,../repos/typesense-main/include/json.hpp,"(21689, 43)-(21689, 58)",b'decltype(alloc)'
typesense-main,../repos/typesense-main/include/json.hpp,"(21690, 43)-(21690, 58)",b'decltype(alloc)'
typesense-main,../repos/typesense-main/include/json.hpp,"(21753, 43)-(21753, 58)",b'decltype(alloc)'
typesense-main,../repos/typesense-main/include/json.hpp,"(21754, 43)-(21754, 58)",b'decltype(alloc)'
typesense-main,../repos/typesense-main/include/json.hpp,"(21760, 43)-(21760, 58)",b'decltype(alloc)'
typesense-main,../repos/typesense-main/include/json.hpp,"(21761, 43)-(21761, 58)",b'decltype(alloc)'
typesense-main,../repos/typesense-main/include/json.hpp,"(23316, 52)-(23316, 64)",b'decltype(ia)'
typesense-main,../repos/typesense-main/include/json.hpp,"(23331, 52)-(23331, 64)",b'decltype(ia)'
typesense-main,../repos/typesense-main/include/json.hpp,"(23352, 52)-(23352, 64)",b'decltype(ia)'
typesense-main,../repos/typesense-main/include/json.hpp,"(23596, 40)-(23596, 52)",b'decltype(ia)'
typesense-main,../repos/typesense-main/include/json.hpp,"(23612, 40)-(23612, 52)",b'decltype(ia)'
typesense-main,../repos/typesense-main/include/json.hpp,"(23638, 40)-(23638, 52)",b'decltype(ia)'
typesense-main,../repos/typesense-main/include/json.hpp,"(23653, 40)-(23653, 52)",b'decltype(ia)'
typesense-main,../repos/typesense-main/include/json.hpp,"(23668, 40)-(23668, 52)",b'decltype(ia)'
typesense-main,../repos/typesense-main/include/json.hpp,"(23692, 40)-(23692, 52)",b'decltype(ia)'
typesense-main,../repos/typesense-main/include/json.hpp,"(23707, 40)-(23707, 52)",b'decltype(ia)'
typesense-main,../repos/typesense-main/include/json.hpp,"(23722, 40)-(23722, 52)",b'decltype(ia)'
typesense-main,../repos/typesense-main/include/json.hpp,"(23746, 40)-(23746, 52)",b'decltype(ia)'
typesense-main,../repos/typesense-main/include/json.hpp,"(23761, 40)-(23761, 52)",b'decltype(ia)'
typesense-main,../repos/typesense-main/include/json.hpp,"(23776, 40)-(23776, 52)",b'decltype(ia)'
typesense-main,../repos/typesense-main/include/json.hpp,"(23791, 40)-(23791, 52)",b'decltype(ia)'
typesense-main,../repos/typesense-main/include/json.hpp,"(23806, 40)-(23806, 52)",b'decltype(ia)'
typesense-main,../repos/typesense-main/include/json.hpp,"(23830, 40)-(23830, 52)",b'decltype(ia)'
typesense-main,../repos/typesense-main/include/magic_enum.hpp,"(461, 26)-(461, 58)","b'decltype((values_v<D, IsFlags>))'"
typesense-main,../repos/typesense-main/include/magic_enum.hpp,"(499, 31)-(499, 42)",b'decltype(i)'
typesense-main,../repos/typesense-main/include/magic_enum.hpp,"(516, 25)-(516, 56)","b'decltype((names_v<D, IsFlags>))'"
typesense-main,../repos/typesense-main/include/magic_enum.hpp,"(529, 27)-(529, 60)","b'decltype((entries_v<D, IsFlags>))'"
typesense-main,../repos/typesense-main/include/magic_enum.hpp,"(687, 83)-(687, 94)",b'decltype(V)'
typesense-main,../repos/typesense-main/include/magic_enum.hpp,"(688, 32)-(688, 43)",b'decltype(V)'
typesense-main,../repos/typesense-main/include/threadpool.h,"(13, 5)-(13, 19)",b'decltype(auto)'
typesense-main,../repos/typesense-main/include/threadpool.h,"(65, 1)-(65, 15)",b'decltype(auto)'
typesense-main,../repos/typesense-main/include/timsort.hpp,"(756, 21)-(756, 76)",b'decltype(std::begin(std::declval<RandomAccess...'
typesense-main,../repos/typesense-main/include/tsl/array-hash/array_growth_policy.h,"(288, 37)-(288, 55)",b'decltype(m_iprime)'
typesense-main,../repos/typesense-main/include/tsl/array-hash/array_hash.h,"(376, 47)-(376, 70)",b'decltype(END_OF_BUCKET)'
typesense-main,../repos/typesense-main/include/tsl/array-hash/array_hash.h,"(396, 36)-(396, 59)",b'decltype(END_OF_BUCKET)'
typesense-main,../repos/typesense-main/include/tsl/array-hash/array_hash.h,"(467, 52)-(467, 75)",b'decltype(END_OF_BUCKET)'
typesense-main,../repos/typesense-main/include/tsl/array-hash/array_hash.h,"(482, 28)-(482, 51)",b'decltype(END_OF_BUCKET)'
typesense-main,../repos/typesense-main/include/tsl/array-hash/array_hash.h,"(494, 49)-(494, 72)",b'decltype(END_OF_BUCKET)'
typesense-main,../repos/typesense-main/include/tsl/array-hash/array_hash.h,"(515, 38)-(515, 61)",b'decltype(END_OF_BUCKET)'
typesense-main,../repos/typesense-main/include/tsl/array-hash/array_hash.h,"(603, 36)-(603, 59)",b'decltype(END_OF_BUCKET)'
typesense-main,../repos/typesense-main/src/art.cpp,"(1057, 13)-(1057, 49)",b'decltype(&compare_art_node_score_pq)'
typesense-main,../repos/typesense-main/src/art.cpp,"(1061, 17)-(1061, 57)",b'decltype(&compare_art_node_frequency_pq)'
typesense-main,../repos/typesense-main/src/art.cpp,"(1157, 13)-(1157, 49)",b'decltype(&compare_art_node_score_pq)'
typesense-main,../repos/typesense-main/src/art.cpp,"(1161, 17)-(1161, 57)",b'decltype(&compare_art_node_frequency_pq)'
typesense-main,../repos/typesense-main/src/ratelimit_manager.cpp,"(693, 5)-(693, 33)",b'decltype(rate_limit_exceeds)'
