Repo name,File name,Location,Content
typesense-main,../repos/typesense-main/include/dr_wav.h,"(323, 5)-(327, 6)",b'union\n    {\n        drwav_uint8 fourcc[4];\n  ...'
typesense-main,../repos/typesense-main/include/dr_wav.h,"(824, 5)-(835, 6)",b'union\n    {\n        drwav_cue cue;\n        dr...'
typesense-main,../repos/typesense-main/include/dr_wav.h,"(1665, 5)-(1668, 6)",b'union {\n        drwav_uint32 i;\n        float...'
typesense-main,../repos/typesense-main/include/dr_wav.h,"(3850, 5)-(3853, 6)",b'union {\n       drwav_uint32 u32;\n       float...'
typesense-main,../repos/typesense-main/include/dr_wav.h,"(8288, 5)-(8291, 6)",b'union {\n        drwav_uint32 u32;\n        flo...'
typesense-main,../repos/typesense-main/include/sse2neon.h,"(347, 9)-(347, 27)",b'typedef union ALIGN_STRUCT(16) SIMDVec {\n    ...'
typesense-main,../repos/typesense-main/include/sse2neon.h,"(1756, 5)-(1763, 6)",b'union {\n        fpcr_bitfield field;\n#if defi...'
typesense-main,../repos/typesense-main/include/sse2neon.h,"(1780, 5)-(1787, 6)",b'union {\n        fpcr_bitfield field;\n#if defi...'
typesense-main,../repos/typesense-main/include/sse2neon.h,"(2358, 5)-(2365, 6)",b'union {\n        fpcr_bitfield field;\n#if defi...'
typesense-main,../repos/typesense-main/include/sse2neon.h,"(2404, 5)-(2411, 6)",b'union {\n        fpcr_bitfield field;\n#if defi...'
typesense-main,../repos/typesense-main/include/sse2neon.h,"(8666, 5)-(8673, 6)",b'union {\n        fpcr_bitfield field;\n#if defi...'
typesense-main,../repos/typesense-main/include/sse2neon.h,"(8743, 5)-(8750, 6)",b'union {\n        fpcr_bitfield field;\n#if defi...'
typesense-main,../repos/typesense-main/src/art.cpp,"(158, 5)-(163, 6)",b'union {\n        art_node4 *p1;\n        art_no...'
typesense-main,../repos/typesense-main/src/art.cpp,"(225, 5)-(230, 6)",b'union {\n        art_node4 *p1;\n        art_no...'
