Repo name,File name,Location,Content
typesense-main,../repos/typesense-main/include/adi_tree.h,"(24, 12)-(24, 21)",b'static constexpr size_t NOT_FOUND = INT64_MAX;'
typesense-main,../repos/typesense-main/include/analytics_manager.h,"(182, 12)-(182, 21)",b'static constexpr const char* ANALYTICS_RULE_P...'
typesense-main,../repos/typesense-main/include/analytics_manager.h,"(182, 22)-(182, 27)",b'static constexpr const char* ANALYTICS_RULE_P...'
typesense-main,../repos/typesense-main/include/analytics_manager.h,"(183, 12)-(183, 21)","b'static constexpr const char* CLICK_EVENT = ""$CE"";'"
typesense-main,../repos/typesense-main/include/analytics_manager.h,"(183, 22)-(183, 27)","b'static constexpr const char* CLICK_EVENT = ""$CE"";'"
typesense-main,../repos/typesense-main/include/analytics_manager.h,"(184, 12)-(184, 21)",b'static constexpr const char* QUERY_HITS_COUNT...'
typesense-main,../repos/typesense-main/include/analytics_manager.h,"(184, 22)-(184, 27)",b'static constexpr const char* QUERY_HITS_COUNT...'
typesense-main,../repos/typesense-main/include/analytics_manager.h,"(185, 12)-(185, 21)",b'static constexpr const char* PURCHASE_EVENT =...'
typesense-main,../repos/typesense-main/include/analytics_manager.h,"(185, 22)-(185, 27)",b'static constexpr const char* PURCHASE_EVENT =...'
typesense-main,../repos/typesense-main/include/analytics_manager.h,"(186, 12)-(186, 21)",b'static constexpr const char* POPULAR_QUERIES_...'
typesense-main,../repos/typesense-main/include/analytics_manager.h,"(186, 22)-(186, 27)",b'static constexpr const char* POPULAR_QUERIES_...'
typesense-main,../repos/typesense-main/include/analytics_manager.h,"(187, 12)-(187, 21)",b'static constexpr const char* NOHITS_QUERIES_T...'
typesense-main,../repos/typesense-main/include/analytics_manager.h,"(187, 22)-(187, 27)",b'static constexpr const char* NOHITS_QUERIES_T...'
typesense-main,../repos/typesense-main/include/analytics_manager.h,"(188, 12)-(188, 21)","b'static constexpr const char* COUNTER_TYPE = ""...'"
typesense-main,../repos/typesense-main/include/analytics_manager.h,"(188, 22)-(188, 27)","b'static constexpr const char* COUNTER_TYPE = ""...'"
typesense-main,../repos/typesense-main/include/auth_manager.h,"(22, 12)-(22, 21)",b'static constexpr const size_t PREFIX_LEN = 4;'
typesense-main,../repos/typesense-main/include/auth_manager.h,"(22, 22)-(22, 27)",b'static constexpr const size_t PREFIX_LEN = 4;'
typesense-main,../repos/typesense-main/include/auth_manager.h,"(23, 12)-(23, 21)",b'static constexpr const uint64_t FAR_FUTURE_TI...'
typesense-main,../repos/typesense-main/include/auth_manager.h,"(23, 22)-(23, 27)",b'static constexpr const uint64_t FAR_FUTURE_TI...'
typesense-main,../repos/typesense-main/include/auth_manager.h,"(114, 12)-(114, 21)",b'static constexpr const char* API_KEY_NEXT_ID_...'
typesense-main,../repos/typesense-main/include/auth_manager.h,"(114, 22)-(114, 27)",b'static constexpr const char* API_KEY_NEXT_ID_...'
typesense-main,../repos/typesense-main/include/auth_manager.h,"(115, 12)-(115, 21)",b'static constexpr const char* API_KEYS_PREFIX ...'
typesense-main,../repos/typesense-main/include/auth_manager.h,"(115, 22)-(115, 27)",b'static constexpr const char* API_KEYS_PREFIX ...'
typesense-main,../repos/typesense-main/include/auth_manager.h,"(119, 12)-(119, 21)",b'static constexpr const char* DOCUMENTS_SEARCH...'
typesense-main,../repos/typesense-main/include/auth_manager.h,"(119, 22)-(119, 27)",b'static constexpr const char* DOCUMENTS_SEARCH...'
typesense-main,../repos/typesense-main/include/backward.hpp,"(4317, 10)-(4317, 15)",b'static const constexpr int signal_skip_recs =...'
typesense-main,../repos/typesense-main/include/backward.hpp,"(4317, 16)-(4317, 25)",b'static const constexpr int signal_skip_recs =...'
typesense-main,../repos/typesense-main/include/batched_indexer.h,"(69, 12)-(69, 21)",b'static constexpr const char* SKIP_INDICES_PRE...'
typesense-main,../repos/typesense-main/include/batched_indexer.h,"(69, 22)-(69, 27)",b'static constexpr const char* SKIP_INDICES_PRE...'
typesense-main,../repos/typesense-main/include/batched_indexer.h,"(88, 12)-(88, 17)",b'static const constexpr char* RAFT_REQ_LOG_PRE...'
typesense-main,../repos/typesense-main/include/batched_indexer.h,"(88, 18)-(88, 27)",b'static const constexpr char* RAFT_REQ_LOG_PRE...'
typesense-main,../repos/typesense-main/include/collection.h,"(356, 12)-(356, 21)",b'static constexpr const char* COLLECTION_META_...'
typesense-main,../repos/typesense-main/include/collection.h,"(356, 22)-(356, 27)",b'static constexpr const char* COLLECTION_META_...'
typesense-main,../repos/typesense-main/include/collection.h,"(357, 12)-(357, 21)",b'static constexpr const char* COLLECTION_NEXT_...'
typesense-main,../repos/typesense-main/include/collection.h,"(357, 22)-(357, 27)",b'static constexpr const char* COLLECTION_NEXT_...'
typesense-main,../repos/typesense-main/include/collection.h,"(358, 12)-(358, 21)",b'static constexpr const char* COLLECTION_OVERR...'
typesense-main,../repos/typesense-main/include/collection.h,"(358, 22)-(358, 27)",b'static constexpr const char* COLLECTION_OVERR...'
typesense-main,../repos/typesense-main/include/collection.h,"(359, 12)-(359, 21)",b'static constexpr const char* SEQ_ID_PREFIX = ...'
typesense-main,../repos/typesense-main/include/collection.h,"(359, 22)-(359, 27)",b'static constexpr const char* SEQ_ID_PREFIX = ...'
typesense-main,../repos/typesense-main/include/collection.h,"(360, 12)-(360, 21)",b'static constexpr const char* DOC_ID_PREFIX = ...'
typesense-main,../repos/typesense-main/include/collection.h,"(360, 22)-(360, 27)",b'static constexpr const char* DOC_ID_PREFIX = ...'
typesense-main,../repos/typesense-main/include/collection.h,"(362, 12)-(362, 21)",b'static constexpr const char* COLLECTION_NAME_...'
typesense-main,../repos/typesense-main/include/collection.h,"(362, 22)-(362, 27)",b'static constexpr const char* COLLECTION_NAME_...'
typesense-main,../repos/typesense-main/include/collection.h,"(363, 12)-(363, 21)",b'static constexpr const char* COLLECTION_ID_KE...'
typesense-main,../repos/typesense-main/include/collection.h,"(363, 22)-(363, 27)",b'static constexpr const char* COLLECTION_ID_KE...'
typesense-main,../repos/typesense-main/include/collection.h,"(364, 12)-(364, 21)",b'static constexpr const char* COLLECTION_SEARC...'
typesense-main,../repos/typesense-main/include/collection.h,"(364, 22)-(364, 27)",b'static constexpr const char* COLLECTION_SEARC...'
typesense-main,../repos/typesense-main/include/collection.h,"(365, 12)-(365, 21)",b'static constexpr const char* COLLECTION_DEFAU...'
typesense-main,../repos/typesense-main/include/collection.h,"(365, 22)-(365, 27)",b'static constexpr const char* COLLECTION_DEFAU...'
typesense-main,../repos/typesense-main/include/collection.h,"(366, 12)-(366, 21)",b'static constexpr const char* COLLECTION_CREAT...'
typesense-main,../repos/typesense-main/include/collection.h,"(366, 22)-(366, 27)",b'static constexpr const char* COLLECTION_CREAT...'
typesense-main,../repos/typesense-main/include/collection.h,"(367, 12)-(367, 21)",b'static constexpr const char* COLLECTION_NUM_M...'
typesense-main,../repos/typesense-main/include/collection.h,"(367, 22)-(367, 27)",b'static constexpr const char* COLLECTION_NUM_M...'
typesense-main,../repos/typesense-main/include/collection.h,"(368, 12)-(368, 21)",b'static constexpr const char* COLLECTION_FALLB...'
typesense-main,../repos/typesense-main/include/collection.h,"(368, 22)-(368, 27)",b'static constexpr const char* COLLECTION_FALLB...'
typesense-main,../repos/typesense-main/include/collection.h,"(369, 12)-(369, 21)",b'static constexpr const char* COLLECTION_ENABL...'
typesense-main,../repos/typesense-main/include/collection.h,"(369, 22)-(369, 27)",b'static constexpr const char* COLLECTION_ENABL...'
typesense-main,../repos/typesense-main/include/collection.h,"(371, 12)-(371, 21)",b'static constexpr const char* COLLECTION_SYMBO...'
typesense-main,../repos/typesense-main/include/collection.h,"(371, 22)-(371, 27)",b'static constexpr const char* COLLECTION_SYMBO...'
typesense-main,../repos/typesense-main/include/collection.h,"(372, 12)-(372, 21)",b'static constexpr const char* COLLECTION_SEPAR...'
typesense-main,../repos/typesense-main/include/collection.h,"(372, 22)-(372, 27)",b'static constexpr const char* COLLECTION_SEPAR...'
typesense-main,../repos/typesense-main/include/collection.h,"(373, 12)-(373, 21)",b'static constexpr const char* COLLECTION_VOICE...'
typesense-main,../repos/typesense-main/include/collection.h,"(373, 22)-(373, 27)",b'static constexpr const char* COLLECTION_VOICE...'
typesense-main,../repos/typesense-main/include/collection_manager.h,"(101, 12)-(101, 21)",b'static constexpr const size_t DEFAULT_NUM_MEM...'
typesense-main,../repos/typesense-main/include/collection_manager.h,"(101, 22)-(101, 27)",b'static constexpr const size_t DEFAULT_NUM_MEM...'
typesense-main,../repos/typesense-main/include/collection_manager.h,"(103, 12)-(103, 21)",b'static constexpr const char* NEXT_COLLECTION_...'
typesense-main,../repos/typesense-main/include/collection_manager.h,"(103, 22)-(103, 27)",b'static constexpr const char* NEXT_COLLECTION_...'
typesense-main,../repos/typesense-main/include/collection_manager.h,"(104, 12)-(104, 21)",b'static constexpr const char* SYMLINK_PREFIX =...'
typesense-main,../repos/typesense-main/include/collection_manager.h,"(104, 22)-(104, 27)",b'static constexpr const char* SYMLINK_PREFIX =...'
typesense-main,../repos/typesense-main/include/collection_manager.h,"(105, 12)-(105, 21)",b'static constexpr const char* PRESET_PREFIX = ...'
typesense-main,../repos/typesense-main/include/collection_manager.h,"(105, 22)-(105, 27)",b'static constexpr const char* PRESET_PREFIX = ...'
typesense-main,../repos/typesense-main/include/collection_manager.h,"(106, 12)-(106, 21)",b'static constexpr const char* BATCHED_INDEXER_...'
typesense-main,../repos/typesense-main/include/collection_manager.h,"(106, 22)-(106, 27)",b'static constexpr const char* BATCHED_INDEXER_...'
typesense-main,../repos/typesense-main/include/conversation_manager.h,"(32, 16)-(32, 25)",b'static constexpr size_t MAX_TOKENS = 3000;'
typesense-main,../repos/typesense-main/include/conversation_manager.h,"(45, 16)-(45, 25)",b'static constexpr char* CONVERSATION_RPEFIX = ...'
typesense-main,../repos/typesense-main/include/conversation_manager.h,"(51, 16)-(51, 25)",b'static constexpr size_t CONVERSATION_TTL = 60...'
typesense-main,../repos/typesense-main/include/conversation_model.h,"(41, 16)-(41, 25)","b'static constexpr char* OPENAI_LIST_MODELS = ""...'"
typesense-main,../repos/typesense-main/include/conversation_model.h,"(42, 16)-(42, 25)",b'static constexpr char* OPENAI_CHAT_COMPLETION...'
typesense-main,../repos/typesense-main/include/conversation_model_manager.h,"(31, 16)-(31, 25)","b'static constexpr char* MODEL_NEXT_ID = ""$CVMN"";'"
typesense-main,../repos/typesense-main/include/conversation_model_manager.h,"(32, 16)-(32, 25)","b'static constexpr char* MODEL_KEY_PREFIX = ""$CVMP"";'"
typesense-main,../repos/typesense-main/include/event_manager.h,"(12, 12)-(12, 21)","b'static constexpr char* EVENT_TYPE = ""type"";'"
typesense-main,../repos/typesense-main/include/event_manager.h,"(13, 12)-(13, 21)","b'static constexpr char* EVENT_DATA = ""data"";'"
typesense-main,../repos/typesense-main/include/field.h,"(107, 12)-(107, 21)",b'static constexpr int VAL_UNKNOWN = 2;'
typesense-main,../repos/typesense-main/include/field.h,"(634, 5)-(634, 14)",b'constexpr static const double EARTH_RADIUS = ...'
typesense-main,../repos/typesense-main/include/field.h,"(634, 22)-(634, 27)",b'constexpr static const double EARTH_RADIUS = ...'
typesense-main,../repos/typesense-main/include/field.h,"(635, 5)-(635, 14)",b'constexpr static const double METER_CONVERT =...'
typesense-main,../repos/typesense-main/include/field.h,"(635, 22)-(635, 27)",b'constexpr static const double METER_CONVERT =...'
typesense-main,../repos/typesense-main/include/field.h,"(636, 5)-(636, 14)",b'constexpr static const uint64_t MASK_H32_BITS...'
typesense-main,../repos/typesense-main/include/field.h,"(636, 22)-(636, 27)",b'constexpr static const uint64_t MASK_H32_BITS...'
typesense-main,../repos/typesense-main/include/filter.h,"(33, 12)-(33, 21)",b'static constexpr const char* GEO_FILTER_RADIU...'
typesense-main,../repos/typesense-main/include/filter.h,"(33, 22)-(33, 27)",b'static constexpr const char* GEO_FILTER_RADIU...'
typesense-main,../repos/typesense-main/include/filter.h,"(36, 12)-(36, 21)",b'static constexpr const char* EXACT_GEO_FILTER...'
typesense-main,../repos/typesense-main/include/filter.h,"(36, 22)-(36, 27)",b'static constexpr const char* EXACT_GEO_FILTER...'
typesense-main,../repos/typesense-main/include/filter.h,"(37, 12)-(37, 21)",b'static constexpr double DEFAULT_EXACT_GEO_FIL...'
typesense-main,../repos/typesense-main/include/filter_result_iterator.h,"(214, 5)-(214, 14)",b'constexpr uint16_t function_call_modulo = 10;'
typesense-main,../repos/typesense-main/include/filter_result_iterator.h,"(216, 5)-(216, 14)",b'constexpr uint16_t function_call_modulo = 16384;'
typesense-main,../repos/typesense-main/include/http_data.h,"(253, 12)-(253, 21)","b'static constexpr const char* AUTH_HEADER = ""x...'"
typesense-main,../repos/typesense-main/include/http_data.h,"(253, 22)-(253, 27)","b'static constexpr const char* AUTH_HEADER = ""x...'"
typesense-main,../repos/typesense-main/include/http_data.h,"(254, 12)-(254, 21)","b'static constexpr const char* USER_HEADER = ""x...'"
typesense-main,../repos/typesense-main/include/http_data.h,"(254, 22)-(254, 27)","b'static constexpr const char* USER_HEADER = ""x...'"
typesense-main,../repos/typesense-main/include/http_data.h,"(255, 12)-(255, 21)","b'static constexpr const char* AGENT_HEADER = ""...'"
typesense-main,../repos/typesense-main/include/http_data.h,"(255, 22)-(255, 27)","b'static constexpr const char* AGENT_HEADER = ""...'"
typesense-main,../repos/typesense-main/include/http_server.h,"(273, 12)-(273, 21)",b'static constexpr const char* STOP_SERVER_MESS...'
typesense-main,../repos/typesense-main/include/http_server.h,"(273, 22)-(273, 27)",b'static constexpr const char* STOP_SERVER_MESS...'
typesense-main,../repos/typesense-main/include/http_server.h,"(274, 12)-(274, 21)",b'static constexpr const char* STREAM_RESPONSE_...'
typesense-main,../repos/typesense-main/include/http_server.h,"(274, 22)-(274, 27)",b'static constexpr const char* STREAM_RESPONSE_...'
typesense-main,../repos/typesense-main/include/http_server.h,"(275, 12)-(275, 21)",b'static constexpr const char* REQUEST_PROCEED_...'
typesense-main,../repos/typesense-main/include/http_server.h,"(275, 22)-(275, 27)",b'static constexpr const char* REQUEST_PROCEED_...'
typesense-main,../repos/typesense-main/include/http_server.h,"(276, 12)-(276, 21)",b'static constexpr const char* DEFER_PROCESSING...'
typesense-main,../repos/typesense-main/include/http_server.h,"(276, 22)-(276, 27)",b'static constexpr const char* DEFER_PROCESSING...'
typesense-main,../repos/typesense-main/include/ids_t.h,"(43, 12)-(43, 21)",b'static constexpr size_t COMPACT_LIST_THRESHOL...'
typesense-main,../repos/typesense-main/include/ids_t.h,"(44, 12)-(44, 21)",b'static constexpr size_t MAX_BLOCK_ELEMENTS = 256;'
typesense-main,../repos/typesense-main/include/index.h,"(36, 8)-(36, 17)",b'static constexpr size_t ARRAY_FACET_DIM = 4;'
typesense-main,../repos/typesense-main/include/index.h,"(42, 8)-(42, 17)",b'static constexpr size_t ARRAY_INFIX_DIM = 4;'
typesense-main,../repos/typesense-main/include/json.hpp,"(2899, 12)-(2899, 21)","b'static constexpr std::array<std::uint8_t, 9> ...'"
typesense-main,../repos/typesense-main/include/json.hpp,"(3039, 5)-(3039, 14)",b'constexpr operator size_t() const\n    {\n     ...'
typesense-main,../repos/typesense-main/include/json.hpp,"(3119, 12)-(3119, 21)",b'static constexpr std::size_t size() noexcept\n...'
typesense-main,../repos/typesense-main/include/json.hpp,"(3207, 33)-(3207, 42)",b'static JSON_INLINE_VARIABLE constexpr T value{};'
typesense-main,../repos/typesense-main/include/json.hpp,"(3212, 5)-(3212, 14)",b'constexpr T static_const<T>::value;'
typesense-main,../repos/typesense-main/include/json.hpp,"(3216, 8)-(3216, 17)","b'inline constexpr std::array<T, sizeof...(Args...'"
typesense-main,../repos/typesense-main/include/json.hpp,"(3529, 12)-(3529, 21)",b'static constexpr bool value = is_detected<get...'
typesense-main,../repos/typesense-main/include/json.hpp,"(3537, 12)-(3537, 21)",b'static constexpr bool value =\n        is_dete...'
typesense-main,../repos/typesense-main/include/json.hpp,"(3552, 12)-(3552, 21)",b'static constexpr bool value =\n        is_dete...'
typesense-main,../repos/typesense-main/include/json.hpp,"(3567, 12)-(3567, 21)",b'static constexpr bool value =\n        is_dete...'
typesense-main,../repos/typesense-main/include/json.hpp,"(3652, 12)-(3652, 21)",b'static constexpr auto value =\n        is_dete...'
typesense-main,../repos/typesense-main/include/json.hpp,"(3672, 12)-(3672, 21)",b'static constexpr auto is_iterator_begin =\n   ...'
typesense-main,../repos/typesense-main/include/json.hpp,"(3676, 12)-(3676, 21)",b'static constexpr bool value = !std::is_same<i...'
typesense-main,../repos/typesense-main/include/json.hpp,"(3708, 12)-(3708, 21)",b'static constexpr bool value =\n        is_cons...'
typesense-main,../repos/typesense-main/include/json.hpp,"(3731, 12)-(3731, 21)",b'static constexpr bool value =\n        (is_def...'
typesense-main,../repos/typesense-main/include/json.hpp,"(3755, 12)-(3755, 21)",b'static constexpr auto value =\n        is_cons...'
typesense-main,../repos/typesense-main/include/json.hpp,"(3769, 12)-(3769, 21)",b'static constexpr auto value =\n        conjunc...'
typesense-main,../repos/typesense-main/include/json.hpp,"(3789, 12)-(3789, 21)",b'static constexpr bool value =\n        is_cons...'
typesense-main,../repos/typesense-main/include/json.hpp,"(3828, 12)-(3828, 21)",b'static constexpr bool value =\n        std::is...'
typesense-main,../repos/typesense-main/include/json.hpp,"(3857, 12)-(3857, 21)",b'static constexpr auto value =\n        is_cons...'
typesense-main,../repos/typesense-main/include/json.hpp,"(3877, 12)-(3877, 21)",b'static constexpr bool value =\n        has_to_...'
typesense-main,../repos/typesense-main/include/json.hpp,"(4024, 12)-(4024, 21)",b'static constexpr bool test(T val)\n    {\n     ...'
typesense-main,../repos/typesense-main/include/json.hpp,"(4034, 12)-(4034, 21)",b'static constexpr bool test(T val)\n    {\n     ...'
typesense-main,../repos/typesense-main/include/json.hpp,"(4044, 12)-(4044, 21)",b'static constexpr bool test(T val)\n    {\n     ...'
typesense-main,../repos/typesense-main/include/json.hpp,"(4054, 12)-(4054, 21)",b'static constexpr bool test(T val)\n    {\n     ...'
typesense-main,../repos/typesense-main/include/json.hpp,"(4070, 12)-(4070, 21)",b'static constexpr bool test(T val)\n    {\n     ...'
typesense-main,../repos/typesense-main/include/json.hpp,"(4079, 12)-(4079, 21)",b'static constexpr bool test(T /*val*/)\n    {\n ...'
typesense-main,../repos/typesense-main/include/json.hpp,"(4086, 8)-(4086, 17)",b'inline constexpr bool value_in_range_of(T val...'
typesense-main,../repos/typesense-main/include/json.hpp,"(4102, 8)-(4102, 17)",b'inline constexpr bool is_c_string()\n{\n    usi...'
typesense-main,../repos/typesense-main/include/json.hpp,"(4130, 8)-(4130, 17)",b'inline constexpr bool is_transparent()\n{\n    ...'
typesense-main,../repos/typesense-main/include/json.hpp,"(5054, 22)-(5054, 31)",b'JSON_INLINE_VARIABLE constexpr const auto& fr...'
typesense-main,../repos/typesense-main/include/json.hpp,"(5054, 32)-(5054, 37)",b'JSON_INLINE_VARIABLE constexpr const auto& fr...'
typesense-main,../repos/typesense-main/include/json.hpp,"(5326, 12)-(5326, 21)",b'inline constexpr bool ::std::ranges::enable_b...'
typesense-main,../repos/typesense-main/include/json.hpp,"(5753, 22)-(5753, 31)",b'JSON_INLINE_VARIABLE constexpr const auto& to...'
typesense-main,../repos/typesense-main/include/json.hpp,"(5753, 32)-(5753, 37)",b'JSON_INLINE_VARIABLE constexpr const auto& to...'
typesense-main,../repos/typesense-main/include/json.hpp,"(5882, 5)-(5882, 14)",b'constexpr subtype_type subtype() const noexce...'
typesense-main,../repos/typesense-main/include/json.hpp,"(5889, 5)-(5889, 14)",b'constexpr bool has_subtype() const noexcept\n ...'
typesense-main,../repos/typesense-main/include/json.hpp,"(6867, 5)-(6867, 14)",b'constexpr bool is_errored() const\n    {\n     ...'
typesense-main,../repos/typesense-main/include/json.hpp,"(7117, 5)-(7117, 14)",b'constexpr bool is_errored() const\n    {\n     ...'
typesense-main,../repos/typesense-main/include/json.hpp,"(8722, 5)-(8722, 14)",b'constexpr number_unsigned_t get_number_unsign...'
typesense-main,../repos/typesense-main/include/json.hpp,"(8728, 5)-(8728, 14)",b'constexpr number_float_t get_number_float() c...'
typesense-main,../repos/typesense-main/include/json.hpp,"(8744, 5)-(8744, 14)",b'constexpr position_t get_position() const noe...'
typesense-main,../repos/typesense-main/include/json.hpp,"(8777, 5)-(8777, 14)",b'JSON_HEDLEY_RETURNS_NON_NULL\n    constexpr co...'
typesense-main,../repos/typesense-main/include/json.hpp,"(8777, 15)-(8777, 20)",b'JSON_HEDLEY_RETURNS_NON_NULL\n    constexpr co...'
typesense-main,../repos/typesense-main/include/json.hpp,"(9031, 12)-(9031, 21)",b'static constexpr bool value =\n        is_dete...'
typesense-main,../repos/typesense-main/include/json.hpp,"(12027, 33)-(12027, 42)",b'static JSON_INLINE_VARIABLE constexpr std::si...'
typesense-main,../repos/typesense-main/include/json.hpp,"(12082, 5)-(12082, 14)",b'constexpr std::size_t binary_reader<BasicJson...'
typesense-main,../repos/typesense-main/include/json.hpp,"(12668, 12)-(12668, 21)",b'static constexpr difference_type begin_value = 0;'
typesense-main,../repos/typesense-main/include/json.hpp,"(12669, 12)-(12669, 21)",b'static constexpr difference_type end_value = ...'
typesense-main,../repos/typesense-main/include/json.hpp,"(12676, 5)-(12676, 14)",b'constexpr difference_type get_value() const n...'
typesense-main,../repos/typesense-main/include/json.hpp,"(12694, 5)-(12694, 14)",b'constexpr bool is_begin() const noexcept\n    ...'
typesense-main,../repos/typesense-main/include/json.hpp,"(12700, 5)-(12700, 14)",b'constexpr bool is_end() const noexcept\n    {\n...'
typesense-main,../repos/typesense-main/include/json.hpp,"(12705, 12)-(12705, 21)",b'constexpr bool operator==(primitive_iterator_...'
typesense-main,../repos/typesense-main/include/json.hpp,"(12710, 12)-(12710, 21)",b'constexpr bool operator<(primitive_iterator_t...'
typesense-main,../repos/typesense-main/include/json.hpp,"(12722, 12)-(12722, 21)",b'constexpr difference_type operator-(primitive...'
typesense-main,../repos/typesense-main/include/json.hpp,"(16028, 12)-(16028, 21)",b'static constexpr std::size_t calc_bson_unsign...'
typesense-main,../repos/typesense-main/include/json.hpp,"(16253, 12)-(16253, 21)",b'static constexpr CharType get_cbor_float_pref...'
typesense-main,../repos/typesense-main/include/json.hpp,"(16258, 12)-(16258, 21)",b'static constexpr CharType get_cbor_float_pref...'
typesense-main,../repos/typesense-main/include/json.hpp,"(16267, 12)-(16267, 21)",b'static constexpr CharType get_msgpack_float_p...'
typesense-main,../repos/typesense-main/include/json.hpp,"(16272, 12)-(16272, 21)",b'static constexpr CharType get_msgpack_float_p...'
typesense-main,../repos/typesense-main/include/json.hpp,"(16568, 12)-(16568, 21)",b'static constexpr CharType get_ubjson_float_pr...'
typesense-main,../repos/typesense-main/include/json.hpp,"(16573, 12)-(16573, 21)",b'static constexpr CharType get_ubjson_float_pr...'
typesense-main,../repos/typesense-main/include/json.hpp,"(16758, 12)-(16758, 21)",b'static constexpr CharType to_char_type(std::u...'
typesense-main,../repos/typesense-main/include/json.hpp,"(16776, 12)-(16776, 21)",b'static constexpr CharType to_char_type(std::u...'
typesense-main,../repos/typesense-main/include/json.hpp,"(16787, 12)-(16787, 21)",b'static constexpr CharType to_char_type(InputC...'
typesense-main,../repos/typesense-main/include/json.hpp,"(16890, 12)-(16890, 21)",b'static constexpr int kPrecision = 64;'
typesense-main,../repos/typesense-main/include/json.hpp,"(16895, 5)-(16895, 14)","b'constexpr diyfp(std::uint64_t f_, int e_) noe...'"
typesense-main,../repos/typesense-main/include/json.hpp,"(17035, 5)-(17035, 14)",b'constexpr int      kPrecision = std::numeric_...'
typesense-main,../repos/typesense-main/include/json.hpp,"(17036, 5)-(17036, 14)",b'constexpr int      kBias      = std::numeric_...'
typesense-main,../repos/typesense-main/include/json.hpp,"(17037, 5)-(17037, 14)",b'constexpr int      kMinExp    = 1 - kBias;'
typesense-main,../repos/typesense-main/include/json.hpp,"(17038, 5)-(17038, 14)",b'constexpr std::uint64_t kHiddenBit = std::uin...'
typesense-main,../repos/typesense-main/include/json.hpp,"(17142, 1)-(17142, 10)",b'constexpr int kAlpha = -60;'
typesense-main,../repos/typesense-main/include/json.hpp,"(17143, 1)-(17143, 10)",b'constexpr int kGamma = -32;'
typesense-main,../repos/typesense-main/include/json.hpp,"(17211, 5)-(17211, 14)",b'constexpr int kCachedPowersMinDecExp = -300;'
typesense-main,../repos/typesense-main/include/json.hpp,"(17212, 5)-(17212, 14)",b'constexpr int kCachedPowersDecStep = 8;'
typesense-main,../repos/typesense-main/include/json.hpp,"(17214, 12)-(17214, 21)","b'static constexpr std::array<cached_power, 79>...'"
typesense-main,../repos/typesense-main/include/json.hpp,"(17937, 5)-(17937, 14)",b'constexpr int kMinExp = -4;'
typesense-main,../repos/typesense-main/include/json.hpp,"(17939, 5)-(17939, 14)",b'constexpr int kMaxExp = std::numeric_limits<F...'
typesense-main,../repos/typesense-main/include/json.hpp,"(17990, 12)-(17990, 21)",b'static constexpr std::uint8_t UTF8_ACCEPT = 0;'
typesense-main,../repos/typesense-main/include/json.hpp,"(17991, 12)-(17991, 21)",b'static constexpr std::uint8_t UTF8_REJECT = 1;'
typesense-main,../repos/typesense-main/include/json.hpp,"(18612, 9)-(18612, 18)","b'constexpr const char* nibble_to_hex = ""012345...'"
typesense-main,../repos/typesense-main/include/json.hpp,"(18612, 19)-(18612, 24)","b'constexpr const char* nibble_to_hex = ""012345...'"
typesense-main,../repos/typesense-main/include/json.hpp,"(18648, 16)-(18648, 25)","b'static constexpr std::array<std::array<char, ...'"
typesense-main,../repos/typesense-main/include/json.hpp,"(18745, 16)-(18745, 25)",b'static constexpr bool is_ieee_single_or_doubl...'
typesense-main,../repos/typesense-main/include/json.hpp,"(18763, 16)-(18763, 25)",b'static constexpr auto d = std::numeric_limits...'
typesense-main,../repos/typesense-main/include/json.hpp,"(20520, 5)-(20520, 14)",b'constexpr value_t type() const noexcept\n    {...'
typesense-main,../repos/typesense-main/include/json.hpp,"(20527, 5)-(20527, 14)",b'constexpr bool is_primitive() const noexcept\n...'
typesense-main,../repos/typesense-main/include/json.hpp,"(20534, 5)-(20534, 14)",b'constexpr bool is_structured() const noexcept...'
typesense-main,../repos/typesense-main/include/json.hpp,"(20541, 5)-(20541, 14)",b'constexpr bool is_null() const noexcept\n    {...'
typesense-main,../repos/typesense-main/include/json.hpp,"(20548, 5)-(20548, 14)",b'constexpr bool is_boolean() const noexcept\n  ...'
typesense-main,../repos/typesense-main/include/json.hpp,"(20555, 5)-(20555, 14)",b'constexpr bool is_number() const noexcept\n   ...'
typesense-main,../repos/typesense-main/include/json.hpp,"(20562, 5)-(20562, 14)",b'constexpr bool is_number_integer() const noex...'
typesense-main,../repos/typesense-main/include/json.hpp,"(20569, 5)-(20569, 14)",b'constexpr bool is_number_unsigned() const noe...'
typesense-main,../repos/typesense-main/include/json.hpp,"(20576, 5)-(20576, 14)",b'constexpr bool is_number_float() const noexce...'
typesense-main,../repos/typesense-main/include/json.hpp,"(20583, 5)-(20583, 14)",b'constexpr bool is_object() const noexcept\n   ...'
typesense-main,../repos/typesense-main/include/json.hpp,"(20590, 5)-(20590, 14)",b'constexpr bool is_array() const noexcept\n    ...'
typesense-main,../repos/typesense-main/include/json.hpp,"(20597, 5)-(20597, 14)",b'constexpr bool is_string() const noexcept\n   ...'
typesense-main,../repos/typesense-main/include/json.hpp,"(20604, 5)-(20604, 14)",b'constexpr bool is_binary() const noexcept\n   ...'
typesense-main,../repos/typesense-main/include/json.hpp,"(20611, 5)-(20611, 14)",b'constexpr bool is_discarded() const noexcept\n...'
typesense-main,../repos/typesense-main/include/json.hpp,"(20618, 5)-(20618, 14)",b'constexpr operator value_t() const noexcept\n ...'
typesense-main,../repos/typesense-main/include/magic_enum.hpp,"(126, 27)-(126, 36)",b'inline static constexpr int min = MAGIC_ENUM_...'
typesense-main,../repos/typesense-main/include/magic_enum.hpp,"(127, 27)-(127, 36)",b'inline static constexpr int max = MAGIC_ENUM_...'
typesense-main,../repos/typesense-main/include/magic_enum.hpp,"(141, 9)-(141, 18)",b'constexpr string_view enum_name(E) noexcept {...'
typesense-main,../repos/typesense-main/include/magic_enum.hpp,"(160, 13)-(160, 22)","b'constexpr bool operator()(char lhs, char rhs)...'"
typesense-main,../repos/typesense-main/include/magic_enum.hpp,"(168, 13)-(168, 22)",b'constexpr explicit static_string(string_view ...'
typesense-main,../repos/typesense-main/include/magic_enum.hpp,"(172, 13)-(172, 22)",b'constexpr const char* data() const noexcept {...'
typesense-main,../repos/typesense-main/include/magic_enum.hpp,"(172, 23)-(172, 28)",b'constexpr const char* data() const noexcept {...'
typesense-main,../repos/typesense-main/include/magic_enum.hpp,"(174, 13)-(174, 22)",b'constexpr std::size_t size() const noexcept {...'
typesense-main,../repos/typesense-main/include/magic_enum.hpp,"(176, 13)-(176, 22)",b'constexpr operator string_view() const noexce...'
typesense-main,../repos/typesense-main/include/magic_enum.hpp,"(180, 13)-(180, 22)","b'constexpr static_string(string_view str, std:...'"
typesense-main,../repos/typesense-main/include/magic_enum.hpp,"(188, 13)-(188, 22)",b'constexpr explicit static_string(string_view)...'
typesense-main,../repos/typesense-main/include/magic_enum.hpp,"(190, 13)-(190, 22)",b'constexpr const char* data() const noexcept {...'
typesense-main,../repos/typesense-main/include/magic_enum.hpp,"(190, 23)-(190, 28)",b'constexpr const char* data() const noexcept {...'
typesense-main,../repos/typesense-main/include/magic_enum.hpp,"(192, 13)-(192, 22)",b'constexpr std::size_t size() const noexcept {...'
typesense-main,../repos/typesense-main/include/magic_enum.hpp,"(194, 13)-(194, 22)",b'constexpr operator string_view() const noexce...'
typesense-main,../repos/typesense-main/include/magic_enum.hpp,"(197, 9)-(197, 18)",b'constexpr string_view pretty_name(string_view...'
typesense-main,../repos/typesense-main/include/magic_enum.hpp,"(217, 9)-(217, 18)","b'constexpr std::size_t find(string_view str, c...'"
typesense-main,../repos/typesense-main/include/magic_enum.hpp,"(221, 3)-(221, 12)",b'constexpr bool workaround = true;'
typesense-main,../repos/typesense-main/include/magic_enum.hpp,"(223, 13)-(223, 22)",b'constexpr bool workaround = false;'
typesense-main,../repos/typesense-main/include/magic_enum.hpp,"(239, 9)-(239, 18)","b'constexpr bool cmp_equal(string_view lhs, str...'"
typesense-main,../repos/typesense-main/include/magic_enum.hpp,"(243, 3)-(243, 12)",b'constexpr bool workaround = true;'
typesense-main,../repos/typesense-main/include/magic_enum.hpp,"(245, 13)-(245, 22)",b'constexpr bool workaround = false;'
typesense-main,../repos/typesense-main/include/magic_enum.hpp,"(247, 13)-(247, 22)",b'constexpr bool default_predicate = std::is_sa...'
typesense-main,../repos/typesense-main/include/magic_enum.hpp,"(269, 9)-(269, 18)","b'constexpr bool cmp_less(L lhs, R rhs) noexcep...'"
typesense-main,../repos/typesense-main/include/magic_enum.hpp,"(285, 9)-(285, 18)",b'constexpr I log2(I value) noexcept {\n        ...'
typesense-main,../repos/typesense-main/include/magic_enum.hpp,"(295, 9)-(295, 18)",b'constexpr bool is_pow2(I x) noexcept {\n      ...'
typesense-main,../repos/typesense-main/include/magic_enum.hpp,"(302, 16)-(302, 25)",b'inline constexpr bool is_enum_v = std::is_enu...'
typesense-main,../repos/typesense-main/include/magic_enum.hpp,"(305, 9)-(305, 18)",b'constexpr auto n() noexcept {\n            sta...'
typesense-main,../repos/typesense-main/include/magic_enum.hpp,"(309, 13)-(309, 22)",b'constexpr string_view name{__PRETTY_FUNCTION_...'
typesense-main,../repos/typesense-main/include/magic_enum.hpp,"(311, 13)-(311, 22)",b'constexpr string_view name{__PRETTY_FUNCTION_...'
typesense-main,../repos/typesense-main/include/magic_enum.hpp,"(313, 3)-(313, 12)","b'constexpr string_view name{__FUNCSIG__ + 40, ...'"
typesense-main,../repos/typesense-main/include/magic_enum.hpp,"(322, 16)-(322, 25)",b'inline constexpr auto type_name_v = n<E>();'
typesense-main,../repos/typesense-main/include/magic_enum.hpp,"(325, 9)-(325, 18)",b'constexpr auto n() noexcept {\n            sta...'
typesense-main,../repos/typesense-main/include/magic_enum.hpp,"(327, 13)-(327, 22)",b'constexpr auto custom_name = customize::enum_...'
typesense-main,../repos/typesense-main/include/magic_enum.hpp,"(333, 17)-(333, 26)",b'constexpr auto name = pretty_name({__PRETTY_F...'
typesense-main,../repos/typesense-main/include/magic_enum.hpp,"(335, 17)-(335, 26)",b'constexpr auto name = pretty_name({__FUNCSIG_...'
typesense-main,../repos/typesense-main/include/magic_enum.hpp,"(347, 16)-(347, 25)","b'inline constexpr auto enum_name_v = n<E, V>();'"
typesense-main,../repos/typesense-main/include/magic_enum.hpp,"(350, 9)-(350, 18)",b'constexpr bool is_valid() noexcept {\n        ...'
typesense-main,../repos/typesense-main/include/magic_enum.hpp,"(357, 9)-(357, 18)",b'constexpr int reflected_min() noexcept {\n    ...'
typesense-main,../repos/typesense-main/include/magic_enum.hpp,"(363, 17)-(363, 26)",b'constexpr auto lhs = customize::enum_range<E>...'
typesense-main,../repos/typesense-main/include/magic_enum.hpp,"(365, 17)-(365, 26)",b'constexpr auto rhs = (std::numeric_limits<U>:...'
typesense-main,../repos/typesense-main/include/magic_enum.hpp,"(376, 9)-(376, 18)",b'constexpr int reflected_max() noexcept {\n    ...'
typesense-main,../repos/typesense-main/include/magic_enum.hpp,"(382, 17)-(382, 26)",b'constexpr auto lhs = customize::enum_range<E>...'
typesense-main,../repos/typesense-main/include/magic_enum.hpp,"(384, 17)-(384, 26)",b'constexpr auto rhs = (std::numeric_limits<U>:...'
typesense-main,../repos/typesense-main/include/magic_enum.hpp,"(395, 16)-(395, 25)",b'inline constexpr auto reflected_min_v = refle...'
typesense-main,../repos/typesense-main/include/magic_enum.hpp,"(398, 16)-(398, 25)",b'inline constexpr auto reflected_max_v = refle...'
typesense-main,../repos/typesense-main/include/magic_enum.hpp,"(401, 9)-(401, 18)",b'constexpr E value(std::size_t i) noexcept {\n ...'
typesense-main,../repos/typesense-main/include/magic_enum.hpp,"(412, 9)-(412, 18)",b'constexpr std::size_t values_count(const std:...'
typesense-main,../repos/typesense-main/include/magic_enum.hpp,"(424, 9)-(424, 18)",b'constexpr auto values(std::index_sequence<I.....'
typesense-main,../repos/typesense-main/include/magic_enum.hpp,"(426, 13)-(426, 22)","b'constexpr std::array<bool, sizeof...(I)> vali...'"
typesense-main,../repos/typesense-main/include/magic_enum.hpp,"(427, 13)-(427, 22)",b'constexpr std::size_t count = values_count(valid);'
typesense-main,../repos/typesense-main/include/magic_enum.hpp,"(440, 9)-(440, 18)",b'constexpr auto values() noexcept {\n          ...'
typesense-main,../repos/typesense-main/include/magic_enum.hpp,"(442, 13)-(442, 22)","b'constexpr auto min = reflected_min_v<E, IsFlags>;'"
typesense-main,../repos/typesense-main/include/magic_enum.hpp,"(443, 13)-(443, 22)","b'constexpr auto max = reflected_max_v<E, IsFlags>;'"
typesense-main,../repos/typesense-main/include/magic_enum.hpp,"(444, 13)-(444, 22)",b'constexpr auto range_size = max - min + 1;'
typesense-main,../repos/typesense-main/include/magic_enum.hpp,"(458, 16)-(458, 25)","b'inline constexpr auto values_v = values<E, Is...'"
typesense-main,../repos/typesense-main/include/magic_enum.hpp,"(464, 16)-(464, 25)","b'inline constexpr auto count_v = values_v<E, I...'"
typesense-main,../repos/typesense-main/include/magic_enum.hpp,"(467, 16)-(467, 25)",b'inline constexpr auto min_v = static_cast<U>(...'
typesense-main,../repos/typesense-main/include/magic_enum.hpp,"(470, 16)-(470, 25)",b'inline constexpr auto max_v = static_cast<U>(...'
typesense-main,../repos/typesense-main/include/magic_enum.hpp,"(473, 9)-(473, 18)",b'constexpr std::size_t range_size() noexcept {...'
typesense-main,../repos/typesense-main/include/magic_enum.hpp,"(475, 13)-(475, 22)","b'constexpr auto max = IsFlags ? log2(max_v<E, ...'"
typesense-main,../repos/typesense-main/include/magic_enum.hpp,"(476, 13)-(476, 22)","b'constexpr auto min = IsFlags ? log2(min_v<E, ...'"
typesense-main,../repos/typesense-main/include/magic_enum.hpp,"(477, 13)-(477, 22)",b'constexpr auto range_size = max - min + U{1};'
typesense-main,../repos/typesense-main/include/magic_enum.hpp,"(485, 16)-(485, 25)",b'inline constexpr auto range_size_v = range_si...'
typesense-main,../repos/typesense-main/include/magic_enum.hpp,"(491, 16)-(491, 25)",b'inline constexpr auto invalid_index_v = (std:...'
typesense-main,../repos/typesense-main/include/magic_enum.hpp,"(494, 9)-(494, 18)",b'constexpr auto indexes(std::index_sequence<I....'
typesense-main,../repos/typesense-main/include/magic_enum.hpp,"(496, 13)-(496, 22)","b'constexpr auto min = IsFlags ? log2(min_v<E, ...'"
typesense-main,../repos/typesense-main/include/magic_enum.hpp,"(503, 16)-(503, 25)","b'inline constexpr auto indexes_v = indexes<E, ...'"
typesense-main,../repos/typesense-main/include/magic_enum.hpp,"(506, 9)-(506, 18)",b'constexpr auto names(std::index_sequence<I......'
typesense-main,../repos/typesense-main/include/magic_enum.hpp,"(513, 16)-(513, 25)","b'inline constexpr auto names_v = names<E, IsFl...'"
typesense-main,../repos/typesense-main/include/magic_enum.hpp,"(519, 9)-(519, 18)",b'constexpr auto entries(std::index_sequence<I....'
typesense-main,../repos/typesense-main/include/magic_enum.hpp,"(526, 16)-(526, 25)","b'inline constexpr auto entries_v = entries<E, ...'"
typesense-main,../repos/typesense-main/include/magic_enum.hpp,"(532, 9)-(532, 18)",b'constexpr bool is_sparse() noexcept {\n       ...'
typesense-main,../repos/typesense-main/include/magic_enum.hpp,"(539, 16)-(539, 25)",b'inline constexpr bool is_sparse_v = is_sparse...'
typesense-main,../repos/typesense-main/include/magic_enum.hpp,"(542, 9)-(542, 18)",b'constexpr std::size_t undex(U value) noexcept...'
typesense-main,../repos/typesense-main/include/magic_enum.hpp,"(559, 9)-(559, 18)",b'constexpr std::size_t endex(E value) noexcept...'
typesense-main,../repos/typesense-main/include/magic_enum.hpp,"(566, 9)-(566, 18)",b'constexpr U value_ors() noexcept {\n          ...'
typesense-main,../repos/typesense-main/include/magic_enum.hpp,"(614, 12)-(614, 21)",b'inline constexpr bool is_magic_enum_supported...'
typesense-main,../repos/typesense-main/include/magic_enum.hpp,"(625, 12)-(625, 21)",b'inline constexpr bool is_unscoped_enum_v = is...'
typesense-main,../repos/typesense-main/include/magic_enum.hpp,"(633, 12)-(633, 21)",b'inline constexpr bool is_scoped_enum_v = is_s...'
typesense-main,../repos/typesense-main/include/magic_enum.hpp,"(645, 19)-(645, 28)",b'[[nodiscard]] constexpr auto enum_type_name()...'
typesense-main,../repos/typesense-main/include/magic_enum.hpp,"(647, 9)-(647, 18)",b'constexpr string_view name = detail::type_nam...'
typesense-main,../repos/typesense-main/include/magic_enum.hpp,"(655, 19)-(655, 28)",b'[[nodiscard]] constexpr auto enum_count() noe...'
typesense-main,../repos/typesense-main/include/magic_enum.hpp,"(664, 19)-(664, 28)",b'[[nodiscard]] constexpr auto enum_value(std::...'
typesense-main,../repos/typesense-main/include/magic_enum.hpp,"(677, 19)-(677, 28)",b'[[nodiscard]] constexpr auto enum_values() no...'
typesense-main,../repos/typesense-main/include/magic_enum.hpp,"(687, 19)-(687, 28)",b'[[nodiscard]] constexpr auto enum_name() noex...'
typesense-main,../repos/typesense-main/include/magic_enum.hpp,"(689, 9)-(689, 18)",b'constexpr string_view name = detail::enum_nam...'
typesense-main,../repos/typesense-main/include/magic_enum.hpp,"(698, 19)-(698, 28)",b'[[nodiscard]] constexpr auto enum_name(E valu...'
typesense-main,../repos/typesense-main/include/magic_enum.hpp,"(710, 19)-(710, 28)",b'[[nodiscard]] constexpr auto enum_names() noe...'
typesense-main,../repos/typesense-main/include/magic_enum.hpp,"(719, 19)-(719, 28)",b'[[nodiscard]] constexpr auto enum_entries() n...'
typesense-main,../repos/typesense-main/include/magic_enum.hpp,"(729, 19)-(729, 28)",b'[[nodiscard]] constexpr auto enum_cast(underl...'
typesense-main,../repos/typesense-main/include/magic_enum.hpp,"(742, 19)-(742, 28)",b'[[nodiscard]] constexpr auto enum_cast(string...'
typesense-main,../repos/typesense-main/include/magic_enum.hpp,"(758, 19)-(758, 28)",b'[[nodiscard]] constexpr auto enum_cast(string...'
typesense-main,../repos/typesense-main/include/magic_enum.hpp,"(766, 19)-(766, 28)",b'[[nodiscard]] constexpr auto enum_integer(E v...'
typesense-main,../repos/typesense-main/include/magic_enum.hpp,"(773, 19)-(773, 28)",b'[[nodiscard]] constexpr auto enum_index(E val...'
typesense-main,../repos/typesense-main/include/magic_enum.hpp,"(785, 19)-(785, 28)",b'[[nodiscard]] constexpr auto enum_contains(E ...'
typesense-main,../repos/typesense-main/include/magic_enum.hpp,"(793, 19)-(793, 28)",b'[[nodiscard]] constexpr auto enum_contains(un...'
typesense-main,../repos/typesense-main/include/magic_enum.hpp,"(801, 19)-(801, 28)",b'[[nodiscard]] constexpr auto enum_contains(st...'
typesense-main,../repos/typesense-main/include/magic_enum.hpp,"(810, 19)-(810, 28)",b'[[nodiscard]] constexpr auto enum_contains(st...'
typesense-main,../repos/typesense-main/include/magic_enum.hpp,"(843, 9)-(843, 18)",b'constexpr E operator~(E rhs) noexcept {\n     ...'
typesense-main,../repos/typesense-main/include/magic_enum.hpp,"(848, 9)-(848, 18)","b'constexpr E operator|(E lhs, E rhs) noexcept ...'"
typesense-main,../repos/typesense-main/include/magic_enum.hpp,"(853, 9)-(853, 18)","b'constexpr E operator&(E lhs, E rhs) noexcept ...'"
typesense-main,../repos/typesense-main/include/magic_enum.hpp,"(858, 9)-(858, 18)","b'constexpr E operator^(E lhs, E rhs) noexcept ...'"
typesense-main,../repos/typesense-main/include/magic_enum.hpp,"(863, 9)-(863, 18)","b'constexpr E& operator|=(E& lhs, E rhs) noexce...'"
typesense-main,../repos/typesense-main/include/magic_enum.hpp,"(868, 9)-(868, 18)","b'constexpr E& operator&=(E& lhs, E rhs) noexce...'"
typesense-main,../repos/typesense-main/include/magic_enum.hpp,"(873, 9)-(873, 18)","b'constexpr E& operator^=(E& lhs, E rhs) noexce...'"
typesense-main,../repos/typesense-main/include/magic_enum.hpp,"(886, 23)-(886, 32)",b'[[nodiscard]] constexpr auto enum_count() noe...'
typesense-main,../repos/typesense-main/include/magic_enum.hpp,"(895, 23)-(895, 32)",b'[[nodiscard]] constexpr auto enum_value(std::...'
typesense-main,../repos/typesense-main/include/magic_enum.hpp,"(902, 17)-(902, 26)",b'constexpr auto min = detail::log2(detail::min...'
typesense-main,../repos/typesense-main/include/magic_enum.hpp,"(910, 23)-(910, 32)",b'[[nodiscard]] constexpr auto enum_values() no...'
typesense-main,../repos/typesense-main/include/magic_enum.hpp,"(946, 23)-(946, 32)",b'[[nodiscard]] constexpr auto enum_names() noe...'
typesense-main,../repos/typesense-main/include/magic_enum.hpp,"(955, 23)-(955, 32)",b'[[nodiscard]] constexpr auto enum_entries() n...'
typesense-main,../repos/typesense-main/include/magic_enum.hpp,"(965, 23)-(965, 32)",b'[[nodiscard]] constexpr auto enum_cast(underl...'
typesense-main,../repos/typesense-main/include/magic_enum.hpp,"(981, 17)-(981, 26)","b'constexpr auto min = detail::min_v<D, true>;'"
typesense-main,../repos/typesense-main/include/magic_enum.hpp,"(982, 17)-(982, 26)",b'constexpr auto max = detail::value_ors<D>();'
typesense-main,../repos/typesense-main/include/magic_enum.hpp,"(995, 23)-(995, 32)",b'[[nodiscard]] constexpr auto enum_cast(string...'
typesense-main,../repos/typesense-main/include/magic_enum.hpp,"(1028, 23)-(1028, 32)",b'[[nodiscard]] constexpr auto enum_cast(string...'
typesense-main,../repos/typesense-main/include/magic_enum.hpp,"(1040, 23)-(1040, 32)",b'[[nodiscard]] constexpr auto enum_index(E val...'
typesense-main,../repos/typesense-main/include/magic_enum.hpp,"(1057, 23)-(1057, 32)",b'[[nodiscard]] constexpr auto enum_contains(E ...'
typesense-main,../repos/typesense-main/include/magic_enum.hpp,"(1066, 23)-(1066, 32)",b'[[nodiscard]] constexpr auto enum_contains(un...'
typesense-main,../repos/typesense-main/include/magic_enum.hpp,"(1074, 23)-(1074, 32)",b'[[nodiscard]] constexpr auto enum_contains(st...'
typesense-main,../repos/typesense-main/include/magic_enum.hpp,"(1083, 23)-(1083, 32)",b'[[nodiscard]] constexpr auto enum_contains(st...'
typesense-main,../repos/typesense-main/include/numeric_range_trie.h,"(5, 1)-(5, 10)",b'constexpr short EXPANSE = 256;'
typesense-main,../repos/typesense-main/include/numeric_range_trie_test.h,"(6, 1)-(6, 10)",b'constexpr short EXPANSE = 256;'
typesense-main,../repos/typesense-main/include/posting.h,"(45, 12)-(45, 21)",b'static constexpr size_t COMPACT_LIST_THRESHOL...'
typesense-main,../repos/typesense-main/include/posting.h,"(46, 12)-(46, 21)",b'static constexpr size_t MAX_BLOCK_ELEMENTS = 256;'
typesense-main,../repos/typesense-main/include/raft_server.h,"(101, 12)-(101, 21)",b'static constexpr const char* db_snapshot_name...'
typesense-main,../repos/typesense-main/include/raft_server.h,"(101, 22)-(101, 27)",b'static constexpr const char* db_snapshot_name...'
typesense-main,../repos/typesense-main/include/raft_server.h,"(102, 12)-(102, 21)",b'static constexpr const char* analytics_db_sna...'
typesense-main,../repos/typesense-main/include/raft_server.h,"(102, 22)-(102, 27)",b'static constexpr const char* analytics_db_sna...'
typesense-main,../repos/typesense-main/include/raft_server.h,"(149, 12)-(149, 21)","b'static constexpr const char* log_dir_name = ""log"";'"
typesense-main,../repos/typesense-main/include/raft_server.h,"(149, 22)-(149, 27)","b'static constexpr const char* log_dir_name = ""log"";'"
typesense-main,../repos/typesense-main/include/raft_server.h,"(150, 12)-(150, 21)",b'static constexpr const char* meta_dir_name = ...'
typesense-main,../repos/typesense-main/include/raft_server.h,"(150, 22)-(150, 27)",b'static constexpr const char* meta_dir_name = ...'
typesense-main,../repos/typesense-main/include/raft_server.h,"(151, 12)-(151, 21)",b'static constexpr const char* snapshot_dir_nam...'
typesense-main,../repos/typesense-main/include/raft_server.h,"(151, 22)-(151, 27)",b'static constexpr const char* snapshot_dir_nam...'
typesense-main,../repos/typesense-main/include/ratelimit_manager.h,"(225, 16)-(225, 25)",b'static constexpr const char* RULES_NEXT_ID = ...'
typesense-main,../repos/typesense-main/include/ratelimit_manager.h,"(225, 26)-(225, 31)",b'static constexpr const char* RULES_NEXT_ID = ...'
typesense-main,../repos/typesense-main/include/ratelimit_manager.h,"(226, 16)-(226, 25)","b'static constexpr const char* RULES_PREFIX = ""...'"
typesense-main,../repos/typesense-main/include/ratelimit_manager.h,"(226, 26)-(226, 31)","b'static constexpr const char* RULES_PREFIX = ""...'"
typesense-main,../repos/typesense-main/include/ratelimit_manager.h,"(229, 16)-(229, 25)","b'static constexpr const char* BANS_NEXT_ID = ""...'"
typesense-main,../repos/typesense-main/include/ratelimit_manager.h,"(229, 26)-(229, 31)","b'static constexpr const char* BANS_NEXT_ID = ""...'"
typesense-main,../repos/typesense-main/include/ratelimit_manager.h,"(230, 16)-(230, 25)","b'static constexpr const char* BANS_PREFIX = ""$...'"
typesense-main,../repos/typesense-main/include/ratelimit_manager.h,"(230, 26)-(230, 31)","b'static constexpr const char* BANS_PREFIX = ""$...'"
typesense-main,../repos/typesense-main/include/sole.hpp,"(353, 9)-(353, 18)","b'constexpr char encode[] = ""0123456789abcdef"";'"
typesense-main,../repos/typesense-main/include/stopwords_manager.h,"(47, 12)-(47, 21)",b'static constexpr const char* STOPWORD_PREFIX ...'
typesense-main,../repos/typesense-main/include/stopwords_manager.h,"(47, 22)-(47, 27)",b'static constexpr const char* STOPWORD_PREFIX ...'
typesense-main,../repos/typesense-main/include/synonym_index.h,"(64, 12)-(64, 21)",b'static constexpr const char* COLLECTION_SYNON...'
typesense-main,../repos/typesense-main/include/synonym_index.h,"(64, 22)-(64, 27)",b'static constexpr const char* COLLECTION_SYNON...'
typesense-main,../repos/typesense-main/include/text_embedder_remote.h,"(50, 16)-(50, 25)","b'static constexpr char* OPENAI_LIST_MODELS = ""...'"
typesense-main,../repos/typesense-main/include/text_embedder_remote.h,"(51, 16)-(51, 25)",b'static constexpr char* OPENAI_CREATE_EMBEDDIN...'
typesense-main,../repos/typesense-main/include/text_embedder_remote.h,"(67, 23)-(67, 32)",b'inline static constexpr short GOOGLE_EMBEDDIN...'
typesense-main,../repos/typesense-main/include/text_embedder_remote.h,"(68, 23)-(68, 32)",b'inline static constexpr char* GOOGLE_CREATE_E...'
typesense-main,../repos/typesense-main/include/text_embedder_tokenizer.h,"(60, 23)-(60, 32)",b'inline static constexpr uint8_t fairseq_offse...'
typesense-main,../repos/typesense-main/include/timsort.hpp,"(83, 13)-(83, 22)",b'constexpr T&& operator()(T&& value) const noe...'
typesense-main,../repos/typesense-main/include/tsl/array-hash/array_growth_policy.h,"(124, 10)-(124, 19)",b'static constexpr bool is_power_of_two(std::si...'
typesense-main,../repos/typesense-main/include/tsl/array-hash/array_growth_policy.h,"(182, 10)-(182, 19)",b'static constexpr double REHASH_SIZE_MULTIPLIC...'
typesense-main,../repos/typesense-main/include/tsl/array-hash/array_growth_policy.h,"(196, 8)-(196, 17)",b'static constexpr const std::array<std::size_t...'
typesense-main,../repos/typesense-main/include/tsl/array-hash/array_growth_policy.h,"(196, 18)-(196, 23)",b'static constexpr const std::array<std::size_t...'
typesense-main,../repos/typesense-main/include/tsl/array-hash/array_growth_policy.h,"(207, 8)-(207, 17)",b'static constexpr std::size_t mod(std::size_t ...'
typesense-main,../repos/typesense-main/include/tsl/array-hash/array_growth_policy.h,"(214, 8)-(214, 17)",b'static constexpr const std::array<std::size_t...'
typesense-main,../repos/typesense-main/include/tsl/array-hash/array_growth_policy.h,"(214, 18)-(214, 23)",b'static constexpr const std::array<std::size_t...'
typesense-main,../repos/typesense-main/include/tsl/array-hash/array_hash.h,"(125, 8)-(125, 17)",b'static constexpr bool is_power_of_two(std::si...'
typesense-main,../repos/typesense-main/include/tsl/array-hash/array_hash.h,"(224, 10)-(224, 19)",b'static constexpr size_type sizeof_in_buff() n...'
typesense-main,../repos/typesense-main/include/tsl/array-hash/array_hash.h,"(238, 10)-(238, 19)",b'static constexpr size_type size_as_char_t() n...'
typesense-main,../repos/typesense-main/include/tsl/array-hash/array_hash.h,"(738, 10)-(738, 19)",b'static constexpr float VECTOR_GROWTH_RATE = 1.5f;'
typesense-main,../repos/typesense-main/include/tsl/array-hash/array_hash.h,"(1766, 10)-(1766, 19)",b'static constexpr float DEFAULT_MAX_LOAD_FACTO...'
typesense-main,../repos/typesense-main/include/tsl/array-hash/array_hash.h,"(1775, 10)-(1775, 19)",b'static constexpr float DEFAULT_CLEAR_OLD_ERAS...'
typesense-main,../repos/typesense-main/include/tsl/array-hash/array_hash.h,"(1776, 10)-(1776, 19)",b'static constexpr float REHASH_CLEAR_OLD_ERASE...'
typesense-main,../repos/typesense-main/include/tsl/htrie_hash.h,"(2046, 10)-(2046, 19)",b'static constexpr float HASH_NODE_DEFAULT_MAX_...'
typesense-main,../repos/typesense-main/src/auth_manager.cpp,"(5, 1)-(5, 10)",b'constexpr const char* AuthManager::DOCUMENTS_...'
typesense-main,../repos/typesense-main/src/auth_manager.cpp,"(5, 11)-(5, 16)",b'constexpr const char* AuthManager::DOCUMENTS_...'
typesense-main,../repos/typesense-main/src/auth_manager.cpp,"(6, 1)-(6, 10)",b'constexpr const uint64_t api_key_t::FAR_FUTUR...'
typesense-main,../repos/typesense-main/src/auth_manager.cpp,"(6, 11)-(6, 16)",b'constexpr const uint64_t api_key_t::FAR_FUTUR...'
typesense-main,../repos/typesense-main/src/collection_manager.cpp,"(15, 1)-(15, 10)",b'constexpr const size_t CollectionManager::DEF...'
typesense-main,../repos/typesense-main/src/collection_manager.cpp,"(15, 11)-(15, 16)",b'constexpr const size_t CollectionManager::DEF...'
