Repo name,File name,Location,Content
react-native,../repos/react-native/packages/react-native/ReactAndroid/src/main/jni/first-party/fbgloginit/glog_init.cpp,"(120, 5)-(132, 6)",b'try {\n      google::InitGoogleLogging(tag);\n\n...'
react-native,../repos/react-native/packages/react-native/ReactAndroid/src/main/jni/first-party/yogajni/jni/YGJNIVanilla.cpp,"(349, 3)-(378, 4)",b'try {\n    PtrJNodeMapVanilla* layoutContext =...'
react-native,../repos/react-native/packages/react-native/ReactAndroid/src/main/jni/first-party/yogajni/jni/YogaJniException.cpp,"(36, 3)-(40, 4)",b'try {\n    throwable_.reset();\n  } catch (...)...'
react-native,../repos/react-native/packages/react-native/ReactAndroid/src/main/jni/react/jni/ReadableNativeArray.cpp,"(17, 3)-(22, 4)",b'try {\n    std::rethrow_exception(ex);\n  } cat...'
react-native,../repos/react-native/packages/react-native/ReactAndroid/src/main/jni/react/jni/JMessageQueueThread.cpp,"(37, 5)-(44, 6)",b'try {\n      localRunnable();\n    } catch (con...'
react-native,../repos/react-native/packages/react-native/ReactAndroid/src/main/jni/react/jni/ReadableNativeMap.cpp,"(15, 3)-(20, 4)",b'try {\n    std::rethrow_exception(ex);\n  } cat...'
react-native,../repos/react-native/packages/react-native/ReactCommon/jsiexecutor/jsireact/JSIExecutor.cpp,"(231, 3)-(244, 4)",b'try {\n    scopedTimeoutInvoker_(\n        [&] ...'
react-native,../repos/react-native/packages/react-native/ReactCommon/jsiexecutor/jsireact/JSIExecutor.cpp,"(257, 3)-(263, 4)",b'try {\n    ret = invokeCallbackAndReturnFlushe...'
react-native,../repos/react-native/packages/react-native/ReactCommon/jsc/JSCRuntime.cpp,"(736, 7)-(763, 8)",b'try {\n        ret = proxy->hostObject->get(rt...'
react-native,../repos/react-native/packages/react-native/ReactCommon/jsc/JSCRuntime.cpp,"(779, 7)-(806, 8)","b'try {\n        proxy->hostObject->set(rt, sym,...'"
react-native,../repos/react-native/packages/react-native/ReactCommon/jsc/JSCRuntime.cpp,"(1230, 7)-(1250, 8)",b'try {\n        res = rt.valueRef(\n            ...'
react-native,../repos/react-native/packages/react-native/ReactCommon/cxxreact/JsArgumentHelpers-inl.h,"(18, 3)-(29, 4)",b'try {\n    return (arg.*asFoo)();\n  } catch (c...'
react-native,../repos/react-native/packages/react-native/ReactCommon/cxxreact/JsArgumentHelpers-inl.h,"(53, 3)-(64, 4)",b'try {\n    return args[n];\n  } catch (const st...'
react-native,../repos/react-native/packages/react-native/ReactCommon/cxxreact/RecoverableError.h,"(37, 5)-(41, 6)",b'try {\n      act();\n    } catch (const E& err)...'
react-native,../repos/react-native/packages/react-native/ReactCommon/cxxreact/Instance.cpp,"(229, 13)-(235, 14)",b'try {\n              react_native_assert(runti...'
react-native,../repos/react-native/packages/react-native/ReactCommon/cxxreact/tests/jsarg_helpers.cpp,"(84, 3)-(100, 4)","b'try {\n    jsArgAsInt(args, 3);\n    FAIL() << ...'"
react-native,../repos/react-native/packages/react-native/ReactCommon/cxxreact/tests/methodcall.cpp,"(30, 3)-(36, 4)","b'try {\n    auto input = dynamic::object(""foo"",...'"
react-native,../repos/react-native/packages/react-native/ReactCommon/cxxreact/tests/methodcall.cpp,"(37, 3)-(43, 4)",b'try {\n    auto input = dynamic::array(dynamic...'
react-native,../repos/react-native/packages/react-native/ReactCommon/cxxreact/tests/methodcall.cpp,"(44, 3)-(50, 4)","b'try {\n    auto input = dynamic::array(1, 4, d...'"
react-native,../repos/react-native/packages/react-native/ReactCommon/cxxreact/tests/methodcall.cpp,"(51, 3)-(58, 4)",b'try {\n    auto input = dynamic::array(\n      ...'
react-native,../repos/react-native/packages/react-native/ReactCommon/cxxreact/tests/methodcall.cpp,"(59, 3)-(66, 4)",b'try {\n    auto input =\n        dynamic::array...'
react-native,../repos/react-native/packages/react-native/ReactCommon/cxxreact/tests/RecoverableErrorTest.cpp,"(18, 3)-(26, 4)",b'try {\n    RecoverableError::runRethrowingAsRe...'
react-native,../repos/react-native/packages/react-native/ReactCommon/cxxreact/tests/RecoverableErrorTest.cpp,"(30, 3)-(38, 4)",b'try {\n    RecoverableError::runRethrowingAsRe...'
react-native,../repos/react-native/packages/react-native/ReactCommon/cxxreact/CxxNativeModule.cpp,"(205, 5)-(221, 6)","b'try {\n      method.func(std::move(params), fi...'"
react-native,../repos/react-native/packages/react-native/ReactCommon/cxxreact/NativeToJsBridge.cpp,"(143, 9)-(149, 10)",b'try {\n          executor->loadBundle(\n       ...'
react-native,../repos/react-native/packages/react-native/ReactCommon/cxxreact/NativeToJsBridge.cpp,"(160, 3)-(166, 4)",b'try {\n    m_executor->loadBundle(\n        std...'
react-native,../repos/react-native/packages/react-native/ReactCommon/jsi/jsi/jsilib-posix.cpp,"(93, 5)-(101, 6)","b'try {\n      throwFormattedError(\n          ""C...'"
react-native,../repos/react-native/packages/react-native/ReactCommon/jsi/jsi/test/testlib.cpp,"(330, 3)-(334, 4)","b'try {\n    function(""function (obj) { return o...'"
react-native,../repos/react-native/packages/react-native/ReactCommon/jsi/jsi/test/testlib.cpp,"(337, 3)-(341, 4)","b'try {\n    function(""function (obj) { obj.thin...'"
react-native,../repos/react-native/packages/react-native/ReactCommon/jsi/jsi/test/testlib.cpp,"(353, 3)-(357, 4)","b'try {\n    function(""function (obj) { obj.thin...'"
react-native,../repos/react-native/packages/react-native/ReactCommon/jsi/jsi/test/testlib.cpp,"(489, 3)-(494, 4)","b'try {\n    arrWithAccessor.setValueAtIndex(rt,...'"
react-native,../repos/react-native/packages/react-native/ReactCommon/jsi/jsi/test/testlib.cpp,"(932, 3)-(937, 4)",b'try {\n    rt.evaluateJavaScript(\n        std:...'
react-native,../repos/react-native/packages/react-native/ReactCommon/jsi/jsi/test/testlib.cpp,"(958, 3)-(964, 4)",b'try {\n    rt.evaluatePreparedJavaScript(prep)...'
react-native,../repos/react-native/packages/react-native/ReactCommon/jsi/jsi/test/testlib.cpp,"(1001, 3)-(1009, 4)","b'try {\n    sometimesThrows.call(rt, false, cal...'"
react-native,../repos/react-native/packages/react-native/ReactCommon/jsi/jsi/test/testlib.cpp,"(1021, 3)-(1030, 4)",b'try {\n    rt.global().getPropertyAsFunction(r...'
react-native,../repos/react-native/packages/react-native/ReactCommon/jsi/jsi/test/testlib.cpp,"(1070, 3)-(1075, 4)","b'try {\n    eval(""(function f() { callSomething...'"
react-native,../repos/react-native/packages/react-native/ReactCommon/jsi/jsi/test/testlib.cpp,"(1448, 3)-(1453, 4)",b'try {\n    // Ensure we can safely write some ...'
react-native,../repos/react-native/packages/react-native/ReactCommon/jsi/jsi/test/testlib.cpp,"(1501, 3)-(1520, 4)","b'try {\n    function(\n        ""function (obj) {...'"
react-native,../repos/react-native/packages/react-native/ReactCommon/jsi/jsi/test/testlib.cpp,"(1539, 3)-(1544, 4)","b'try {\n    throwUtf8.call(rt, utf8);\n    FAIL(...'"
react-native,../repos/react-native/packages/react-native/ReactCommon/jsi/jsi/jsi.cpp,"(426, 3)-(433, 4)","b'try {\n    setValue(\n        rt,\n        callG...'"
react-native,../repos/react-native/packages/react-native/ReactCommon/jsi/jsi/jsi.cpp,"(438, 3)-(445, 4)","b'try {\n    Object e(rt);\n    e.setProperty(rt,...'"
react-native,../repos/react-native/packages/react-native/ReactCommon/jsi/jsi/jsi.cpp,"(466, 7)-(479, 8)",b'try {\n        Value message = obj.getProperty...'
react-native,../repos/react-native/packages/react-native/ReactCommon/jsi/jsi/jsi.cpp,"(483, 7)-(496, 8)",b'try {\n        Value stack = obj.getProperty(r...'
react-native,../repos/react-native/packages/react-native/ReactCommon/jsi/jsi/jsi.cpp,"(501, 5)-(515, 6)",b'try {\n      if (value_->isString()) {\n       ...'
react-native,../repos/react-native/packages/react-native/ReactCommon/react/runtime/ReactInstance.cpp,"(68, 15)-(80, 16)",b'try {\n                callback(jsiRuntime);\n\n...'
react-native,../repos/react-native/packages/react-native/ReactCommon/react/runtime/ReactInstance.cpp,"(194, 9)-(218, 10)","b'try {\n          SystraceSection s(""ReactInsta...'"
react-native,../repos/react-native/packages/react-native/ReactCommon/react/runtime/tests/cxx/ReactInstanceTest.cpp,"(53, 5)-(58, 6)",b'try {\n      tick();\n    } catch (const std::e...'
react-native,../repos/react-native/packages/react-native/ReactCommon/react/nativemodule/core/platform/android/ReactCommon/JavaTurboModule.cpp,"(529, 5)-(540, 6)",b'try {\n      FACEBOOK_JNI_THROW_PENDING_EXCEPT...'
react-native,../repos/react-native/packages/react-native/ReactCommon/react/nativemodule/core/platform/android/ReactCommon/JavaTurboModule.cpp,"(805, 13)-(810, 14)",b'try {\n              FACEBOOK_JNI_THROW_PENDIN...'
react-native,../repos/react-native/packages/react-native/ReactCommon/react/nativemodule/core/platform/android/ReactCommon/JavaTurboModule.cpp,"(918, 13)-(930, 14)",b'try {\n              FACEBOOK_JNI_THROW_PENDIN...'
react-native,../repos/react-native/packages/react-native/ReactCommon/react/renderer/runtimescheduler/RuntimeScheduler_Legacy.cpp,"(126, 3)-(140, 4)",b'try {\n    while (!taskQueue_.empty()) {\n     ...'
react-native,../repos/react-native/packages/react-native/ReactCommon/react/renderer/runtimescheduler/RuntimeScheduler_Legacy.cpp,"(171, 3)-(186, 4)",b'try {\n    while (!taskQueue_.empty()) {\n     ...'
react-native,../repos/react-native/packages/react-native/ReactCommon/react/renderer/runtimescheduler/RuntimeScheduler_Modern.cpp,"(35, 5)-(43, 6)",b'try {\n      // The default behavior of \\c dra...'
react-native,../repos/react-native/packages/react-native/ReactCommon/react/renderer/runtimescheduler/RuntimeScheduler_Modern.cpp,"(234, 3)-(249, 4)",b'try {\n    while (syncTaskRequests_ == 0) {\n  ...'
react-native,../repos/react-native/packages/react-native/ReactCommon/react/renderer/core/propsConversions.h,"(129, 3)-(140, 4)","b'try {\n    T result;\n    fromRawValue(context,...'"
react-native,../repos/react-native/packages/react-native/ReactCommon/react/renderer/uimanager/UIManagerBinding.cpp,"(240, 11)-(260, 12)",b'try {\n            validateArgumentCount(runti...'
react-native,../repos/react-native/packages/react-native/ReactCommon/jsinspector-modern/PageTarget.cpp,"(46, 5)-(58, 6)",b'try {\n      request = cdp::preparse(message);...'
react-native,../repos/react-native/packages/react-native/ReactCommon/jsinspector-modern/PageTarget.cpp,"(62, 5)-(69, 6)",b'try {\n      pageAgent_.handleRequest(request)...'
react-native,../repos/react-native/packages/react-native/ReactCommon/jsinspector-modern/InspectorPackagerConnection.cpp,"(91, 3)-(96, 4)",b'try {\n    pageIdInt = std::stoi(pageId);\n  } ...'
react-native,../repos/react-native/packages/react-native/ReactCommon/jsinspector-modern/InspectorPackagerConnection.cpp,"(181, 3)-(187, 4)",b'try {\n    parsedJSON = folly::parseJson(messa...'
