Repo name,File name,Location,Content
react-native,../repos/react-native/packages/react-native/Libraries/WebPerformance/PerformanceEntryReporter.cpp,"(443, 23)-(443, 31)",b'PerformanceEntryReporter::shadowTreeDidMount(...'
react-native,../repos/react-native/packages/react-native/Libraries/WebPerformance/PerformanceEntryReporter.h,"(151, 25)-(151, 33)",b'shadowTreeDidMount(\n      const RootShadowNod...'
react-native,../repos/react-native/packages/react-native/React/Fabric/Utils/PlatformRunLoopObserver.h,"(30, 42)-(30, 50)",b'isOnRunLoopThread() const noexcept override'
react-native,../repos/react-native/packages/react-native/React/Fabric/Utils/PlatformRunLoopObserver.h,"(33, 31)-(33, 39)",b'startObserving() const noexcept override'
react-native,../repos/react-native/packages/react-native/React/Fabric/Utils/PlatformRunLoopObserver.h,"(34, 30)-(34, 38)",b'stopObserving() const noexcept override'
react-native,../repos/react-native/packages/react-native/ReactAndroid/src/main/jni/first-party/fb/include/fb/ALog.h,"(24, 64)-(24, 72)","b'log(int level, const char* tag, const char* m...'"
react-native,../repos/react-native/packages/react-native/ReactAndroid/src/main/jni/first-party/fb/include/fb/ALog.h,"(29, 62)-(29, 70)","b'log(int level, const char* tag, const char* m...'"
react-native,../repos/react-native/packages/react-native/ReactAndroid/src/main/jni/first-party/fb/include/fb/ALog.h,"(34, 66)-(34, 74)","b'logv(const char* tag, const char* msg, ARGS.....'"
react-native,../repos/react-native/packages/react-native/ReactAndroid/src/main/jni/first-party/fb/include/fb/ALog.h,"(39, 66)-(39, 74)","b'logd(const char* tag, const char* msg, ARGS.....'"
react-native,../repos/react-native/packages/react-native/ReactAndroid/src/main/jni/first-party/fb/include/fb/ALog.h,"(44, 66)-(44, 74)","b'logi(const char* tag, const char* msg, ARGS.....'"
react-native,../repos/react-native/packages/react-native/ReactAndroid/src/main/jni/first-party/fb/include/fb/ALog.h,"(49, 66)-(49, 74)","b'logw(const char* tag, const char* msg, ARGS.....'"
react-native,../repos/react-native/packages/react-native/ReactAndroid/src/main/jni/first-party/fb/include/fb/ALog.h,"(54, 66)-(54, 74)","b'loge(const char* tag, const char* msg, ARGS.....'"
react-native,../repos/react-native/packages/react-native/ReactAndroid/src/main/jni/first-party/fb/include/fb/ALog.h,"(59, 66)-(59, 74)","b'logf(const char* tag, const char* msg, ARGS.....'"
react-native,../repos/react-native/packages/react-native/ReactAndroid/src/main/jni/first-party/yogajni/jni/YogaJniException.cpp,"(43, 67)-(43, 75)",b'YogaJniException::getThrowable() const noexcept'
react-native,../repos/react-native/packages/react-native/ReactAndroid/src/main/jni/first-party/yogajni/jni/YogaJniException.h,"(29, 51)-(29, 59)",b'getThrowable() const noexcept'
react-native,../repos/react-native/packages/react-native/ReactAndroid/src/main/jni/react/runtime/jsc/jni/OnLoad.cpp,"(34, 59)-(34, 67)",b'createJSRuntime(\n      std::shared_ptr<Messag...'
react-native,../repos/react-native/packages/react-native/ReactAndroid/src/main/jni/react/runtime/jni/JReactInstance.h,"(73, 34)-(73, 42)",b'getUnbufferedRuntimeExecutor() noexcept'
react-native,../repos/react-native/packages/react-native/ReactAndroid/src/main/jni/react/runtime/jni/JReactInstance.h,"(75, 32)-(75, 40)",b'getBufferedRuntimeExecutor() noexcept'
react-native,../repos/react-native/packages/react-native/ReactAndroid/src/main/jni/react/runtime/jni/JReactInstance.h,"(76, 71)-(76, 79)",b'getRuntimeScheduler() noexcept'
react-native,../repos/react-native/packages/react-native/ReactAndroid/src/main/jni/react/runtime/jni/JReactInstance.h,"(78, 71)-(78, 79)","b'registerSegment(int segmentId, const std::str...'"
react-native,../repos/react-native/packages/react-native/ReactAndroid/src/main/jni/react/runtime/jni/JReactInstance.h,"(95, 39)-(95, 47)",b'JReactInstance(\n      jni::alias_ref<JJSRunti...'
react-native,../repos/react-native/packages/react-native/ReactAndroid/src/main/jni/react/runtime/jni/JReactInstance.cpp,"(40, 37)-(40, 45)",b'JReactInstance::JReactInstance(\n    jni::alia...'
react-native,../repos/react-native/packages/react-native/ReactAndroid/src/main/jni/react/runtime/jni/JReactInstance.cpp,"(54, 57)-(54, 65)",b'(MapBuffer errorMap) noexcept'
react-native,../repos/react-native/packages/react-native/ReactAndroid/src/main/jni/react/runtime/jni/JReactInstance.cpp,"(184, 48)-(184, 56)",b'JReactInstance::getUnbufferedRuntimeExecutor(...'
react-native,../repos/react-native/packages/react-native/ReactAndroid/src/main/jni/react/runtime/jni/JReactInstance.cpp,"(189, 46)-(189, 54)",b'JReactInstance::getBufferedRuntimeExecutor() ...'
react-native,../repos/react-native/packages/react-native/ReactAndroid/src/main/jni/react/runtime/jni/JReactInstance.cpp,"(194, 39)-(194, 47)",b'JReactInstance::getRuntimeScheduler() noexcept'
react-native,../repos/react-native/packages/react-native/ReactAndroid/src/main/jni/react/runtime/jni/JReactInstance.cpp,"(200, 37)-(200, 45)",b'JReactInstance::registerSegment(\n    int segm...'
react-native,../repos/react-native/packages/react-native/ReactAndroid/src/main/jni/react/runtime/hermes/jni/JHermesInstance.h,"(39, 59)-(39, 67)",b'createJSRuntime(\n      std::shared_ptr<Messag...'
react-native,../repos/react-native/packages/react-native/ReactAndroid/src/main/jni/react/runtime/hermes/jni/JHermesInstance.cpp,"(32, 57)-(32, 65)",b'JHermesInstance::createJSRuntime(\n    std::sh...'
react-native,../repos/react-native/packages/react-native/ReactAndroid/src/main/jni/react/fabric/EventBeatManager.h,"(27, 39)-(27, 47)",b'~EventBeatManagerObserver() noexcept'
react-native,../repos/react-native/packages/react-native/ReactAndroid/src/main/jni/react/jni/CatalystInstanceImpl.cpp,"(354, 41)-(354, 49)",b'invokeAsync(\n          const std::string& met...'
react-native,../repos/react-native/packages/react-native/ReactCommon/jsc/JSCRuntime.cpp,"(816, 53)-(816, 61)","b'getPropertyNames(\n        JSContextRef ctx,\n ...'"
react-native,../repos/react-native/packages/react-native/ReactCommon/cxxreact/RecoverableError.h,"(25, 36)-(25, 44)",b'what() const noexcept override'
react-native,../repos/react-native/packages/react-native/ReactCommon/cxxreact/Instance.cpp,"(267, 35)-(267, 43)",b'Instance::JSCallInvoker::invokeAsync(\n    std...'
react-native,../repos/react-native/packages/react-native/ReactCommon/cxxreact/Instance.cpp,"(293, 35)-(293, 43)",b'Instance::JSCallInvoker::scheduleAsync(\n    s...'
react-native,../repos/react-native/packages/react-native/ReactCommon/cxxreact/Instance.h,"(161, 54)-(161, 62)",b'scheduleAsync(std::function<void()>&& work) n...'
react-native,../repos/react-native/packages/react-native/ReactCommon/cxxreact/Instance.h,"(166, 52)-(166, 60)",b'invokeAsync(std::function<void()>&& work) noe...'
react-native,../repos/react-native/packages/react-native/ReactCommon/cxxreact/NativeToJsBridge.h,"(100, 68)-(100, 76)",b'runOnExecutorQueue(std::function<void(JSExecu...'
react-native,../repos/react-native/packages/react-native/ReactCommon/cxxreact/MoveWrapper.h,"(87, 36)-(87, 44)",b'MoveWrapper(MoveWrapper&& other) noexcept'
react-native,../repos/react-native/packages/react-native/ReactCommon/cxxreact/NativeToJsBridge.cpp,"(94, 43)-(94, 51)",b'recordTurboModuleAsyncMethodCall() noexcept'
react-native,../repos/react-native/packages/react-native/ReactCommon/cxxreact/NativeToJsBridge.cpp,"(291, 46)-(291, 54)",b'NativeToJsBridge::runOnExecutorQueue(\n    std...'
react-native,../repos/react-native/packages/react-native/ReactCommon/cxxreact/NativeToJsBridge.cpp,"(329, 39)-(329, 47)",b'invokeAsync(\n        const std::string& metho...'
react-native,../repos/react-native/packages/react-native/ReactCommon/jsi/jsi/jsi.h,"(1439, 36)-(1439, 44)",b'what() const noexcept override'
react-native,../repos/react-native/packages/react-native/ReactCommon/runtimeexecutor/ReactCommon/RuntimeExecutor.h,"(40, 60)-(40, 68)",b'executeAsynchronously(\n    const RuntimeExecu...'
react-native,../repos/react-native/packages/react-native/ReactCommon/runtimeexecutor/ReactCommon/RuntimeExecutor.h,"(55, 60)-(55, 68)",b'executeSynchronously_CAN_DEADLOCK(\n    const ...'
react-native,../repos/react-native/packages/react-native/ReactCommon/runtimeexecutor/ReactCommon/RuntimeExecutor.h,"(77, 60)-(77, 68)",b'executeSynchronouslyOnSameThread_CAN_DEADLOCK...'
react-native,../repos/react-native/packages/react-native/ReactCommon/runtimeexecutor/ReactCommon/RuntimeExecutor.h,"(118, 61)-(118, 69)",b'executeSynchronouslyOnSameThread_CAN_DEADLOCK...'
react-native,../repos/react-native/packages/react-native/ReactCommon/react/runtime/ReactInstance.h,"(39, 50)-(39, 58)",b'getUnbufferedRuntimeExecutor() noexcept'
react-native,../repos/react-native/packages/react-native/ReactCommon/react/runtime/ReactInstance.h,"(41, 48)-(41, 56)",b'getBufferedRuntimeExecutor() noexcept'
react-native,../repos/react-native/packages/react-native/ReactCommon/react/runtime/ReactInstance.h,"(43, 59)-(43, 67)",b'getRuntimeScheduler() noexcept'
react-native,../repos/react-native/packages/react-native/ReactCommon/react/runtime/ReactInstance.h,"(52, 48)-(52, 56)",b'initializeRuntime(\n      JSRuntimeFlags optio...'
react-native,../repos/react-native/packages/react-native/ReactCommon/react/runtime/ReactInstance.cpp,"(99, 63)-(99, 71)",b'ReactInstance::getUnbufferedRuntimeExecutor()...'
react-native,../repos/react-native/packages/react-native/ReactCommon/react/runtime/ReactInstance.cpp,"(110, 61)-(110, 69)",b'ReactInstance::getBufferedRuntimeExecutor() n...'
react-native,../repos/react-native/packages/react-native/ReactCommon/react/runtime/ReactInstance.cpp,"(122, 38)-(122, 46)",b'ReactInstance::getRuntimeScheduler() noexcept'
react-native,../repos/react-native/packages/react-native/ReactCommon/react/runtime/ReactInstance.cpp,"(309, 44)-(309, 52)",b'defineReactInstanceFlags(\n    jsi::Runtime& r...'
react-native,../repos/react-native/packages/react-native/ReactCommon/react/runtime/ReactInstance.cpp,"(328, 46)-(328, 54)",b'ReactInstance::initializeRuntime(\n    JSRunti...'
react-native,../repos/react-native/packages/react-native/ReactCommon/react/runtime/PlatformTimerRegistry.h,"(27, 36)-(27, 44)",b'~PlatformTimerRegistry() noexcept'
react-native,../repos/react-native/packages/react-native/ReactCommon/react/runtime/TimerManager.h,"(64, 69)-(64, 77)",b'TimerManager(\n      std::unique_ptr<PlatformT...'
react-native,../repos/react-native/packages/react-native/ReactCommon/react/runtime/TimerManager.h,"(66, 60)-(66, 68)",b'setRuntimeExecutor(RuntimeExecutor runtimeExe...'
react-native,../repos/react-native/packages/react-native/ReactCommon/react/runtime/tests/cxx/ReactInstanceTest.cpp,"(126, 55)-(126, 63)",b'(MapBuffer errorMap) noexcept'
react-native,../repos/react-native/packages/react-native/ReactCommon/react/runtime/hermes/HermesInstance.cpp,"(96, 57)-(96, 65)",b'HermesInstance::createJSRuntime(\n    std::sha...'
react-native,../repos/react-native/packages/react-native/ReactCommon/react/runtime/hermes/HermesInstance.h,"(23, 59)-(23, 67)",b'createJSRuntime(\n      std::shared_ptr<const ...'
react-native,../repos/react-native/packages/react-native/ReactCommon/react/runtime/platform/ios/ReactCommon/RCTJscInstance.h,"(20, 59)-(20, 67)",b'createJSRuntime(\n      std::shared_ptr<Messag...'
react-native,../repos/react-native/packages/react-native/ReactCommon/react/runtime/platform/ios/ReactCommon/RCTHermesInstance.h,"(30, 59)-(30, 67)",b'createJSRuntime(\n      std::shared_ptr<Messag...'
react-native,../repos/react-native/packages/react-native/ReactCommon/react/runtime/BridgelessJSCallInvoker.h,"(21, 50)-(21, 58)",b'invokeAsync(std::function<void()>&& func) noe...'
react-native,../repos/react-native/packages/react-native/ReactCommon/react/runtime/JSRuntimeFactory.cpp,"(11, 46)-(11, 54)",b'JSIRuntimeHolder::getRuntime() noexcept'
react-native,../repos/react-native/packages/react-native/ReactCommon/react/runtime/BridgelessJSCallInvoker.cpp,"(19, 35)-(19, 43)",b'BridgelessJSCallInvoker::invokeAsync(\n    std...'
react-native,../repos/react-native/packages/react-native/ReactCommon/react/runtime/BridgelessNativeMethodCallInvoker.cpp,"(18, 35)-(18, 43)",b'BridgelessNativeMethodCallInvoker::invokeAsyn...'
react-native,../repos/react-native/packages/react-native/ReactCommon/react/runtime/BridgelessNativeMethodCallInvoker.h,"(21, 37)-(21, 45)",b'invokeAsync(\n      const std::string& methodN...'
react-native,../repos/react-native/packages/react-native/ReactCommon/react/runtime/TimerManager.cpp,"(16, 67)-(16, 75)",b'TimerManager::TimerManager(\n    std::unique_p...'
react-native,../repos/react-native/packages/react-native/ReactCommon/react/runtime/TimerManager.cpp,"(20, 38)-(20, 46)",b'TimerManager::setRuntimeExecutor(\n    Runtime...'
react-native,../repos/react-native/packages/react-native/ReactCommon/react/runtime/JSRuntimeFactory.h,"(21, 38)-(21, 46)",b'getRuntime() noexcept'
react-native,../repos/react-native/packages/react-native/ReactCommon/react/runtime/JSRuntimeFactory.h,"(32, 59)-(32, 67)",b'createJSRuntime(\n      std::shared_ptr<Messag...'
react-native,../repos/react-native/packages/react-native/ReactCommon/react/runtime/JSRuntimeFactory.h,"(42, 30)-(42, 38)",b'getRuntime() noexcept override'
react-native,../repos/react-native/packages/react-native/ReactCommon/react/test_utils/MockClock.h,"(18, 27)-(18, 35)",b'now() noexcept'
react-native,../repos/react-native/packages/react-native/ReactCommon/react/utils/fnv1a.h,"(20, 51)-(20, 59)",b'fnv1a(std::string_view string) noexcept'
react-native,../repos/react-native/packages/react-native/ReactCommon/react/utils/SharedFunction.h,"(41, 42)-(41, 50)",b'SharedFunction(SharedFunction&& other) noexcept'
react-native,../repos/react-native/packages/react-native/ReactCommon/react/utils/SharedFunction.h,"(44, 53)-(44, 61)",b'operator=(SharedFunction&& other) noexcept'
react-native,../repos/react-native/packages/react-native/ReactCommon/react/utils/RunLoopObserver.cpp,"(16, 29)-(16, 37)",b'RunLoopObserver::RunLoopObserver(\n    Activit...'
react-native,../repos/react-native/packages/react-native/ReactCommon/react/utils/RunLoopObserver.cpp,"(19, 67)-(19, 75)",b'RunLoopObserver::setDelegate(const Delegate* ...'
react-native,../repos/react-native/packages/react-native/ReactCommon/react/utils/RunLoopObserver.cpp,"(27, 38)-(27, 46)",b'RunLoopObserver::enable() const noexcept'
react-native,../repos/react-native/packages/react-native/ReactCommon/react/utils/RunLoopObserver.cpp,"(36, 39)-(36, 47)",b'RunLoopObserver::disable() const noexcept'
react-native,../repos/react-native/packages/react-native/ReactCommon/react/utils/RunLoopObserver.cpp,"(45, 66)-(45, 74)",b'RunLoopObserver::activityDidChange(Activity a...'
react-native,../repos/react-native/packages/react-native/ReactCommon/react/utils/RunLoopObserver.cpp,"(57, 62)-(57, 70)",b'RunLoopObserver::getOwner() const noexcept'
react-native,../repos/react-native/packages/react-native/ReactCommon/react/utils/RunLoopObserver.h,"(67, 15)-(67, 23)","b'activityDidChange(const Delegate* delegate, A...'"
react-native,../repos/react-native/packages/react-native/ReactCommon/react/utils/RunLoopObserver.h,"(69, 25)-(69, 33)",b'~Delegate() noexcept'
react-native,../repos/react-native/packages/react-native/ReactCommon/react/utils/RunLoopObserver.h,"(79, 64)-(79, 72)","b'RunLoopObserver(Activity activities, const We...'"
react-native,../repos/react-native/packages/react-native/ReactCommon/react/utils/RunLoopObserver.h,"(80, 30)-(80, 38)",b'~RunLoopObserver() noexcept'
react-native,../repos/react-native/packages/react-native/ReactCommon/react/utils/RunLoopObserver.h,"(86, 52)-(86, 60)",b'setDelegate(const Delegate* delegate) const n...'
react-native,../repos/react-native/packages/react-native/ReactCommon/react/utils/RunLoopObserver.h,"(94, 23)-(94, 31)",b'enable() const noexcept'
react-native,../repos/react-native/packages/react-native/ReactCommon/react/utils/RunLoopObserver.h,"(95, 24)-(95, 32)",b'disable() const noexcept'
react-native,../repos/react-native/packages/react-native/ReactCommon/react/utils/RunLoopObserver.h,"(101, 42)-(101, 50)",b'isOnRunLoopThread() const noexcept'
react-native,../repos/react-native/packages/react-native/ReactCommon/react/utils/RunLoopObserver.h,"(107, 30)-(107, 38)",b'getOwner() const noexcept'
react-native,../repos/react-native/packages/react-native/ReactCommon/react/utils/RunLoopObserver.h,"(113, 39)-(113, 47)",b'startObserving() const noexcept'
react-native,../repos/react-native/packages/react-native/ReactCommon/react/utils/RunLoopObserver.h,"(114, 38)-(114, 46)",b'stopObserving() const noexcept'
react-native,../repos/react-native/packages/react-native/ReactCommon/react/utils/RunLoopObserver.h,"(119, 51)-(119, 59)",b'activityDidChange(Activity activity) const no...'
react-native,../repos/react-native/packages/react-native/ReactCommon/react/utils/ManagedObjectWrapper.h,"(35, 51)-(35, 59)",b'wrappedManagedObjectDeleter(void *cfPointer) ...'
react-native,../repos/react-native/packages/react-native/ReactCommon/react/utils/ManagedObjectWrapper.h,"(53, 59)-(53, 67)",b'wrapManagedObject(id object) noexcept'
react-native,../repos/react-native/packages/react-native/ReactCommon/react/utils/ManagedObjectWrapper.h,"(58, 68)-(58, 76)",b'unwrapManagedObject(const std::shared_ptr<voi...'
react-native,../repos/react-native/packages/react-native/ReactCommon/react/utils/ManagedObjectWrapper.h,"(63, 65)-(63, 73)",b'wrapManagedObjectWeakly(id object) noexcept'
react-native,../repos/react-native/packages/react-native/ReactCommon/react/utils/ManagedObjectWrapper.h,"(70, 74)-(70, 82)",b'unwrapManagedObjectWeakly(const std::shared_p...'
react-native,../repos/react-native/packages/react-native/ReactCommon/react/renderer/runtimescheduler/RuntimeSchedulerCallInvoker.cpp,"(19, 64)-(19, 72)",b'RuntimeSchedulerCallInvoker::invokeAsync(Call...'
react-native,../repos/react-native/packages/react-native/ReactCommon/react/renderer/runtimescheduler/RuntimeSchedulerCallInvoker.cpp,"(35, 22)-(35, 30)",b'RuntimeSchedulerCallInvoker::invokeAsync(\n   ...'
react-native,../repos/react-native/packages/react-native/ReactCommon/react/renderer/runtimescheduler/RuntimeScheduler.h,"(23, 53)-(23, 61)",b'scheduleWork(RawCallback&& callback) noexcept'
react-native,../repos/react-native/packages/react-native/ReactCommon/react/renderer/runtimescheduler/RuntimeScheduler.h,"(27, 33)-(27, 41)",b'scheduleTask(\n      SchedulerPriority priorit...'
react-native,../repos/react-native/packages/react-native/ReactCommon/react/renderer/runtimescheduler/RuntimeScheduler.h,"(30, 31)-(30, 39)",b'scheduleTask(\n      SchedulerPriority priorit...'
react-native,../repos/react-native/packages/react-native/ReactCommon/react/renderer/runtimescheduler/RuntimeScheduler.h,"(31, 39)-(31, 47)",b'cancelTask(Task& task) noexcept'
react-native,../repos/react-native/packages/react-native/ReactCommon/react/renderer/runtimescheduler/RuntimeScheduler.h,"(32, 39)-(32, 47)",b'getShouldYield() const noexcept'
react-native,../repos/react-native/packages/react-native/ReactCommon/react/renderer/runtimescheduler/RuntimeScheduler.h,"(33, 41)-(33, 49)",b'getIsSynchronous() const noexcept'
react-native,../repos/react-native/packages/react-native/ReactCommon/react/renderer/runtimescheduler/RuntimeScheduler.h,"(34, 61)-(34, 69)",b'getCurrentPriorityLevel() const noexcept'
react-native,../repos/react-native/packages/react-native/ReactCommon/react/renderer/runtimescheduler/RuntimeScheduler.h,"(35, 49)-(35, 57)",b'now() const noexcept'
react-native,../repos/react-native/packages/react-native/ReactCommon/react/renderer/runtimescheduler/RuntimeScheduler.h,"(63, 45)-(63, 53)",b'scheduleWork(RawCallback&& callback) noexcept...'
react-native,../repos/react-native/packages/react-native/ReactCommon/react/renderer/runtimescheduler/RuntimeScheduler.h,"(82, 33)-(82, 41)",b'scheduleTask(\n      SchedulerPriority priorit...'
react-native,../repos/react-native/packages/react-native/ReactCommon/react/renderer/runtimescheduler/RuntimeScheduler.h,"(86, 31)-(86, 39)",b'scheduleTask(\n      SchedulerPriority priorit...'
react-native,../repos/react-native/packages/react-native/ReactCommon/react/renderer/runtimescheduler/RuntimeScheduler.h,"(94, 31)-(94, 39)",b'cancelTask(Task& task) noexcept override'
react-native,../repos/react-native/packages/react-native/ReactCommon/react/renderer/runtimescheduler/RuntimeScheduler.h,"(102, 31)-(102, 39)",b'getShouldYield() const noexcept override'
react-native,../repos/react-native/packages/react-native/ReactCommon/react/renderer/runtimescheduler/RuntimeScheduler.h,"(110, 33)-(110, 41)",b'getIsSynchronous() const noexcept override'
react-native,../repos/react-native/packages/react-native/ReactCommon/react/renderer/runtimescheduler/RuntimeScheduler.h,"(117, 53)-(117, 61)",b'getCurrentPriorityLevel() const noexcept override'
react-native,../repos/react-native/packages/react-native/ReactCommon/react/renderer/runtimescheduler/RuntimeScheduler.h,"(125, 41)-(125, 49)",b'now() const noexcept override'
react-native,../repos/react-native/packages/react-native/ReactCommon/react/renderer/runtimescheduler/RuntimeSchedulerCallInvoker.h,"(23, 37)-(23, 45)",b'invokeAsync(CallFunc&& func) noexcept override'
react-native,../repos/react-native/packages/react-native/ReactCommon/react/renderer/runtimescheduler/RuntimeSchedulerCallInvoker.h,"(25, 65)-(25, 73)","b'invokeAsync(SchedulerPriority priority, CallF...'"
react-native,../repos/react-native/packages/react-native/ReactCommon/react/renderer/runtimescheduler/RuntimeScheduler_Legacy.cpp,"(24, 68)-(24, 76)",b'RuntimeScheduler_Legacy::scheduleWork(RawCall...'
react-native,../repos/react-native/packages/react-native/ReactCommon/react/renderer/runtimescheduler/RuntimeScheduler_Legacy.cpp,"(40, 31)-(40, 39)",b'RuntimeScheduler_Legacy::scheduleTask(\n    Sc...'
react-native,../repos/react-native/packages/react-native/ReactCommon/react/renderer/runtimescheduler/RuntimeScheduler_Legacy.cpp,"(60, 29)-(60, 37)",b'RuntimeScheduler_Legacy::scheduleTask(\n    Sc...'
react-native,../repos/react-native/packages/react-native/ReactCommon/react/renderer/runtimescheduler/RuntimeScheduler_Legacy.cpp,"(78, 54)-(78, 62)",b'RuntimeScheduler_Legacy::getShouldYield() con...'
react-native,../repos/react-native/packages/react-native/ReactCommon/react/renderer/runtimescheduler/RuntimeScheduler_Legacy.cpp,"(82, 56)-(82, 64)",b'RuntimeScheduler_Legacy::getIsSynchronous() c...'
react-native,../repos/react-native/packages/react-native/ReactCommon/react/renderer/runtimescheduler/RuntimeScheduler_Legacy.cpp,"(86, 54)-(86, 62)",b'RuntimeScheduler_Legacy::cancelTask(Task& tas...'
react-native,../repos/react-native/packages/react-native/ReactCommon/react/renderer/runtimescheduler/RuntimeScheduler_Legacy.cpp,"(91, 11)-(91, 19)",b'RuntimeScheduler_Legacy::getCurrentPriorityLe...'
react-native,../repos/react-native/packages/react-native/ReactCommon/react/renderer/runtimescheduler/RuntimeScheduler_Legacy.cpp,"(95, 64)-(95, 72)",b'RuntimeScheduler_Legacy::now() const noexcept'
react-native,../repos/react-native/packages/react-native/ReactCommon/react/renderer/runtimescheduler/RuntimeScheduler_Legacy.h,"(39, 45)-(39, 53)",b'scheduleWork(RawCallback&& callback) noexcept...'
react-native,../repos/react-native/packages/react-native/ReactCommon/react/renderer/runtimescheduler/RuntimeScheduler_Legacy.h,"(58, 33)-(58, 41)",b'scheduleTask(\n      SchedulerPriority priorit...'
react-native,../repos/react-native/packages/react-native/ReactCommon/react/renderer/runtimescheduler/RuntimeScheduler_Legacy.h,"(62, 31)-(62, 39)",b'scheduleTask(\n      SchedulerPriority priorit...'
react-native,../repos/react-native/packages/react-native/ReactCommon/react/renderer/runtimescheduler/RuntimeScheduler_Legacy.h,"(70, 31)-(70, 39)",b'cancelTask(Task& task) noexcept override'
react-native,../repos/react-native/packages/react-native/ReactCommon/react/renderer/runtimescheduler/RuntimeScheduler_Legacy.h,"(78, 31)-(78, 39)",b'getShouldYield() const noexcept override'
react-native,../repos/react-native/packages/react-native/ReactCommon/react/renderer/runtimescheduler/RuntimeScheduler_Legacy.h,"(86, 33)-(86, 41)",b'getIsSynchronous() const noexcept override'
react-native,../repos/react-native/packages/react-native/ReactCommon/react/renderer/runtimescheduler/RuntimeScheduler_Legacy.h,"(93, 53)-(93, 61)",b'getCurrentPriorityLevel() const noexcept override'
react-native,../repos/react-native/packages/react-native/ReactCommon/react/renderer/runtimescheduler/RuntimeScheduler_Legacy.h,"(101, 41)-(101, 49)",b'now() const noexcept override'
react-native,../repos/react-native/packages/react-native/ReactCommon/react/renderer/runtimescheduler/tests/StubErrorUtils.h,"(53, 23)-(53, 31)","b'(\n              jsi::Runtime& runtime,\n      ...'"
react-native,../repos/react-native/packages/react-native/ReactCommon/react/renderer/runtimescheduler/tests/RuntimeSchedulerTest.cpp,"(348, 32)-(348, 40)","b'(jsi::Runtime& /*runtime*/,\n            jsi::...'"
react-native,../repos/react-native/packages/react-native/ReactCommon/react/renderer/runtimescheduler/RuntimeScheduler_Modern.h,"(46, 45)-(46, 53)",b'scheduleWork(RawCallback&& callback) noexcept...'
react-native,../repos/react-native/packages/react-native/ReactCommon/react/renderer/runtimescheduler/RuntimeScheduler_Modern.h,"(63, 33)-(63, 41)",b'scheduleTask(\n      SchedulerPriority priorit...'
react-native,../repos/react-native/packages/react-native/ReactCommon/react/renderer/runtimescheduler/RuntimeScheduler_Modern.h,"(71, 31)-(71, 39)",b'scheduleTask(\n      SchedulerPriority priorit...'
react-native,../repos/react-native/packages/react-native/ReactCommon/react/renderer/runtimescheduler/RuntimeScheduler_Modern.h,"(79, 31)-(79, 39)",b'cancelTask(Task& task) noexcept override'
react-native,../repos/react-native/packages/react-native/ReactCommon/react/renderer/runtimescheduler/RuntimeScheduler_Modern.h,"(87, 31)-(87, 39)",b'getShouldYield() const noexcept override'
react-native,../repos/react-native/packages/react-native/ReactCommon/react/renderer/runtimescheduler/RuntimeScheduler_Modern.h,"(95, 33)-(95, 41)",b'getIsSynchronous() const noexcept override'
react-native,../repos/react-native/packages/react-native/ReactCommon/react/renderer/runtimescheduler/RuntimeScheduler_Modern.h,"(102, 53)-(102, 61)",b'getCurrentPriorityLevel() const noexcept override'
react-native,../repos/react-native/packages/react-native/ReactCommon/react/renderer/runtimescheduler/RuntimeScheduler_Modern.h,"(110, 41)-(110, 49)",b'now() const noexcept override'
react-native,../repos/react-native/packages/react-native/ReactCommon/react/renderer/runtimescheduler/RuntimeScheduler_Modern.cpp,"(60, 68)-(60, 76)",b'RuntimeScheduler_Modern::scheduleWork(RawCall...'
react-native,../repos/react-native/packages/react-native/ReactCommon/react/renderer/runtimescheduler/RuntimeScheduler_Modern.cpp,"(67, 31)-(67, 39)",b'RuntimeScheduler_Modern::scheduleTask(\n    Sc...'
react-native,../repos/react-native/packages/react-native/ReactCommon/react/renderer/runtimescheduler/RuntimeScheduler_Modern.cpp,"(86, 29)-(86, 37)",b'RuntimeScheduler_Modern::scheduleTask(\n    Sc...'
react-native,../repos/react-native/packages/react-native/ReactCommon/react/renderer/runtimescheduler/RuntimeScheduler_Modern.cpp,"(103, 54)-(103, 62)",b'RuntimeScheduler_Modern::getShouldYield() con...'
react-native,../repos/react-native/packages/react-native/ReactCommon/react/renderer/runtimescheduler/RuntimeScheduler_Modern.cpp,"(110, 56)-(110, 64)",b'RuntimeScheduler_Modern::getIsSynchronous() c...'
react-native,../repos/react-native/packages/react-native/ReactCommon/react/renderer/runtimescheduler/RuntimeScheduler_Modern.cpp,"(114, 54)-(114, 62)",b'RuntimeScheduler_Modern::cancelTask(Task& tas...'
react-native,../repos/react-native/packages/react-native/ReactCommon/react/renderer/runtimescheduler/RuntimeScheduler_Modern.cpp,"(119, 11)-(119, 19)",b'RuntimeScheduler_Modern::getCurrentPriorityLe...'
react-native,../repos/react-native/packages/react-native/ReactCommon/react/renderer/runtimescheduler/RuntimeScheduler_Modern.cpp,"(123, 64)-(123, 72)",b'RuntimeScheduler_Modern::now() const noexcept'
react-native,../repos/react-native/packages/react-native/ReactCommon/react/renderer/runtimescheduler/RuntimeSchedulerBinding.cpp,"(82, 21)-(82, 29)","b'(\n            jsi::Runtime& runtime,\n        ...'"
react-native,../repos/react-native/packages/react-native/ReactCommon/react/renderer/runtimescheduler/RuntimeSchedulerBinding.cpp,"(102, 21)-(102, 29)","b'(\n            jsi::Runtime& runtime,\n        ...'"
react-native,../repos/react-native/packages/react-native/ReactCommon/react/renderer/runtimescheduler/RuntimeSchedulerBinding.cpp,"(117, 21)-(117, 29)","b'(\n            jsi::Runtime&,\n            cons...'"
react-native,../repos/react-native/packages/react-native/ReactCommon/react/renderer/runtimescheduler/RuntimeSchedulerBinding.cpp,"(128, 73)-(128, 81)","b'(jsi::Runtime&, const jsi::Value&, const jsi:...'"
react-native,../repos/react-native/packages/react-native/ReactCommon/react/renderer/runtimescheduler/RuntimeSchedulerBinding.cpp,"(144, 21)-(144, 29)","b'(\n            jsi::Runtime&,\n            cons...'"
react-native,../repos/react-native/packages/react-native/ReactCommon/react/renderer/runtimescheduler/RuntimeSchedulerBinding.cpp,"(163, 21)-(163, 29)","b'(\n            jsi::Runtime& runtime,\n        ...'"
react-native,../repos/react-native/packages/react-native/ReactCommon/react/renderer/runtimescheduler/SchedulerPriorityUtils.h,"(41, 42)-(41, 50)",b'timeoutForSchedulerPriority(\n    SchedulerPri...'
react-native,../repos/react-native/packages/react-native/ReactCommon/react/renderer/runtimescheduler/RuntimeScheduler.cpp,"(43, 61)-(43, 69)",b'RuntimeScheduler::scheduleWork(RawCallback&& ...'
react-native,../repos/react-native/packages/react-native/ReactCommon/react/renderer/runtimescheduler/RuntimeScheduler.cpp,"(49, 31)-(49, 39)",b'RuntimeScheduler::scheduleTask(\n    Scheduler...'
react-native,../repos/react-native/packages/react-native/ReactCommon/react/renderer/runtimescheduler/RuntimeScheduler.cpp,"(55, 29)-(55, 37)",b'RuntimeScheduler::scheduleTask(\n    Scheduler...'
react-native,../repos/react-native/packages/react-native/ReactCommon/react/renderer/runtimescheduler/RuntimeScheduler.cpp,"(59, 47)-(59, 55)",b'RuntimeScheduler::getShouldYield() const noexcept'
react-native,../repos/react-native/packages/react-native/ReactCommon/react/renderer/runtimescheduler/RuntimeScheduler.cpp,"(63, 49)-(63, 57)",b'RuntimeScheduler::getIsSynchronous() const no...'
react-native,../repos/react-native/packages/react-native/ReactCommon/react/renderer/runtimescheduler/RuntimeScheduler.cpp,"(67, 47)-(67, 55)",b'RuntimeScheduler::cancelTask(Task& task) noexcept'
react-native,../repos/react-native/packages/react-native/ReactCommon/react/renderer/runtimescheduler/RuntimeScheduler.cpp,"(71, 69)-(71, 77)",b'RuntimeScheduler::getCurrentPriorityLevel() c...'
react-native,../repos/react-native/packages/react-native/ReactCommon/react/renderer/runtimescheduler/RuntimeScheduler.cpp,"(75, 57)-(75, 65)",b'RuntimeScheduler::now() const noexcept'
react-native,../repos/react-native/packages/react-native/ReactCommon/react/renderer/scheduler/SurfaceManager.cpp,"(14, 60)-(14, 68)",b'SurfaceManager::SurfaceManager(const Schedule...'
react-native,../repos/react-native/packages/react-native/ReactCommon/react/renderer/scheduler/SurfaceManager.cpp,"(22, 47)-(22, 55)",b'SurfaceManager::startSurface(\n    SurfaceId s...'
react-native,../repos/react-native/packages/react-native/ReactCommon/react/renderer/scheduler/SurfaceManager.cpp,"(40, 61)-(40, 69)",b'SurfaceManager::stopSurface(SurfaceId surface...'
react-native,../repos/react-native/packages/react-native/ReactCommon/react/renderer/scheduler/SurfaceManager.cpp,"(57, 47)-(57, 55)",b'SurfaceManager::measureSurface(\n    SurfaceId...'
react-native,../repos/react-native/packages/react-native/ReactCommon/react/renderer/scheduler/SurfaceManager.cpp,"(68, 32)-(68, 40)",b'SurfaceManager::findMountingCoordinator(\n    ...'
react-native,../repos/react-native/packages/react-native/ReactCommon/react/renderer/scheduler/SurfaceManager.cpp,"(81, 47)-(81, 55)",b'SurfaceManager::constraintSurfaceLayout(\n    ...'
react-native,../repos/react-native/packages/react-native/ReactCommon/react/renderer/scheduler/SurfaceManager.cpp,"(90, 11)-(90, 19)",b'SurfaceManager::visit(\n    SurfaceId surfaceI...'
react-native,../repos/react-native/packages/react-native/ReactCommon/react/renderer/scheduler/Scheduler.cpp,"(228, 49)-(228, 57)",b'Scheduler::registerSurface(\n    const Surface...'
react-native,../repos/react-native/packages/react-native/ReactCommon/react/renderer/scheduler/Scheduler.cpp,"(234, 45)-(234, 53)",b'Scheduler::getInspectorDataForInstance(\n    c...'
react-native,../repos/react-native/packages/react-native/ReactCommon/react/renderer/scheduler/Scheduler.cpp,"(265, 49)-(265, 57)",b'Scheduler::unregisterSurface(\n    const Surfa...'
react-native,../repos/react-native/packages/react-native/ReactCommon/react/renderer/scheduler/SynchronousEventBeat.h,"(35, 49)-(35, 57)",b'activityDidChange(\n      const RunLoopObserve...'
react-native,../repos/react-native/packages/react-native/ReactCommon/react/renderer/scheduler/SurfaceHandler.cpp,"(20, 26)-(20, 34)",b'SurfaceHandler::SurfaceHandler(\n    const std...'
react-native,../repos/react-native/packages/react-native/ReactCommon/react/renderer/scheduler/SurfaceHandler.cpp,"(25, 56)-(25, 64)",b'SurfaceHandler::SurfaceHandler(SurfaceHandler...'
react-native,../repos/react-native/packages/react-native/ReactCommon/react/renderer/scheduler/SurfaceHandler.cpp,"(29, 67)-(29, 75)",b'SurfaceHandler::operator=(SurfaceHandler&& ot...'
react-native,../repos/react-native/packages/react-native/ReactCommon/react/renderer/scheduler/SurfaceHandler.cpp,"(48, 54)-(48, 62)",b'SurfaceHandler::setContextContainer(\n    Cont...'
react-native,../repos/react-native/packages/react-native/ReactCommon/react/renderer/scheduler/SurfaceHandler.cpp,"(52, 42)-(52, 50)",b'SurfaceHandler::getStatus() const noexcept'
react-native,../repos/react-native/packages/react-native/ReactCommon/react/renderer/scheduler/SurfaceHandler.cpp,"(57, 36)-(57, 44)",b'SurfaceHandler::start() const noexcept'
react-native,../repos/react-native/packages/react-native/ReactCommon/react/renderer/scheduler/SurfaceHandler.cpp,"(95, 35)-(95, 43)",b'SurfaceHandler::stop() const noexcept'
react-native,../repos/react-native/packages/react-native/ReactCommon/react/renderer/scheduler/SurfaceHandler.cpp,"(116, 68)-(116, 76)",b'SurfaceHandler::setDisplayMode(DisplayMode di...'
react-native,../repos/react-native/packages/react-native/ReactCommon/react/renderer/scheduler/SurfaceHandler.cpp,"(145, 52)-(145, 60)",b'SurfaceHandler::getDisplayMode() const noexcept'
react-native,../repos/react-native/packages/react-native/ReactCommon/react/renderer/scheduler/SurfaceHandler.cpp,"(152, 48)-(152, 56)",b'SurfaceHandler::getSurfaceId() const noexcept'
react-native,../repos/react-native/packages/react-native/ReactCommon/react/renderer/scheduler/SurfaceHandler.cpp,"(157, 62)-(157, 70)",b'SurfaceHandler::setSurfaceId(SurfaceId surfac...'
react-native,../repos/react-native/packages/react-native/ReactCommon/react/renderer/scheduler/SurfaceHandler.cpp,"(162, 51)-(162, 59)",b'SurfaceHandler::getModuleName() const noexcept'
react-native,../repos/react-native/packages/react-native/ReactCommon/react/renderer/scheduler/SurfaceHandler.cpp,"(167, 66)-(167, 74)",b'SurfaceHandler::setProps(const folly::dynamic...'
react-native,../repos/react-native/packages/react-native/ReactCommon/react/renderer/scheduler/SurfaceHandler.cpp,"(190, 49)-(190, 57)",b'SurfaceHandler::getProps() const noexcept'
react-native,../repos/react-native/packages/react-native/ReactCommon/react/renderer/scheduler/SurfaceHandler.cpp,"(196, 48)-(196, 56)",b'SurfaceHandler::getMountingCoordinator() cons...'
react-native,../repos/react-native/packages/react-native/ReactCommon/react/renderer/scheduler/SurfaceHandler.cpp,"(209, 47)-(209, 55)",b'SurfaceHandler::measure(\n    const LayoutCons...'
react-native,../repos/react-native/packages/react-native/ReactCommon/react/renderer/scheduler/SurfaceHandler.cpp,"(233, 47)-(233, 55)",b'SurfaceHandler::constraintLayout(\n    const L...'
react-native,../repos/react-native/packages/react-native/ReactCommon/react/renderer/scheduler/SurfaceHandler.cpp,"(268, 64)-(268, 72)",b'SurfaceHandler::getLayoutConstraints() const ...'
react-native,../repos/react-native/packages/react-native/ReactCommon/react/renderer/scheduler/SurfaceHandler.cpp,"(273, 56)-(273, 64)",b'SurfaceHandler::getLayoutContext() const noexcept'
react-native,../repos/react-native/packages/react-native/ReactCommon/react/renderer/scheduler/SurfaceHandler.cpp,"(280, 70)-(280, 78)",b'SurfaceHandler::applyDisplayMode(DisplayMode ...'
react-native,../repos/react-native/packages/react-native/ReactCommon/react/renderer/scheduler/SurfaceHandler.cpp,"(314, 69)-(314, 77)",b'SurfaceHandler::setUIManager(const UIManager*...'
react-native,../repos/react-native/packages/react-native/ReactCommon/react/renderer/scheduler/SurfaceHandler.cpp,"(329, 35)-(329, 43)",b'SurfaceHandler::~SurfaceHandler() noexcept'
react-native,../repos/react-native/packages/react-native/ReactCommon/react/renderer/scheduler/AsynchronousEventBeat.h,"(32, 49)-(32, 57)",b'activityDidChange(\n      const RunLoopObserve...'
react-native,../repos/react-native/packages/react-native/ReactCommon/react/renderer/scheduler/SynchronousEventBeat.cpp,"(30, 51)-(30, 59)",b'SynchronousEventBeat::activityDidChange(\n    ...'
react-native,../repos/react-native/packages/react-native/ReactCommon/react/renderer/scheduler/SurfaceHandler.h,"(64, 70)-(64, 78)","b'SurfaceHandler(const std::string& moduleName,...'"
react-native,../repos/react-native/packages/react-native/ReactCommon/react/renderer/scheduler/SurfaceHandler.h,"(65, 29)-(65, 37)",b'~SurfaceHandler() noexcept'
react-native,../repos/react-native/packages/react-native/ReactCommon/react/renderer/scheduler/SurfaceHandler.h,"(70, 42)-(70, 50)",b'SurfaceHandler(SurfaceHandler&& other) noexcept'
react-native,../repos/react-native/packages/react-native/ReactCommon/react/renderer/scheduler/SurfaceHandler.h,"(71, 56)-(71, 64)",b'SurfaceHandler(const SurfaceHandler& SurfaceH...'
react-native,../repos/react-native/packages/react-native/ReactCommon/react/renderer/scheduler/SurfaceHandler.h,"(72, 53)-(72, 61)",b'operator=(SurfaceHandler&& other) noexcept'
react-native,../repos/react-native/packages/react-native/ReactCommon/react/renderer/scheduler/SurfaceHandler.h,"(73, 58)-(73, 66)",b'operator=(const SurfaceHandler& other) noexcept'
react-native,../repos/react-native/packages/react-native/ReactCommon/react/renderer/scheduler/SurfaceHandler.h,"(81, 56)-(81, 64)",b'setContextContainer(\n      ContextContainer::...'
react-native,../repos/react-native/packages/react-native/ReactCommon/react/renderer/scheduler/SurfaceHandler.h,"(86, 28)-(86, 36)",b'getStatus() const noexcept'
react-native,../repos/react-native/packages/react-native/ReactCommon/react/renderer/scheduler/SurfaceHandler.h,"(94, 22)-(94, 30)",b'start() const noexcept'
react-native,../repos/react-native/packages/react-native/ReactCommon/react/renderer/scheduler/SurfaceHandler.h,"(95, 21)-(95, 29)",b'stop() const noexcept'
react-native,../repos/react-native/packages/react-native/ReactCommon/react/renderer/scheduler/SurfaceHandler.h,"(101, 62)-(101, 70)",b'setDisplayMode(DisplayMode displayMode) const...'
react-native,../repos/react-native/packages/react-native/ReactCommon/react/renderer/scheduler/SurfaceHandler.h,"(102, 38)-(102, 46)",b'getDisplayMode() const noexcept'
react-native,../repos/react-native/packages/react-native/ReactCommon/react/renderer/scheduler/SurfaceHandler.h,"(106, 34)-(106, 42)",b'getSurfaceId() const noexcept'
react-native,../repos/react-native/packages/react-native/ReactCommon/react/renderer/scheduler/SurfaceHandler.h,"(107, 48)-(107, 56)",b'setSurfaceId(SurfaceId surfaceId) const noexcept'
react-native,../repos/react-native/packages/react-native/ReactCommon/react/renderer/scheduler/SurfaceHandler.h,"(108, 37)-(108, 45)",b'getModuleName() const noexcept'
react-native,../repos/react-native/packages/react-native/ReactCommon/react/renderer/scheduler/SurfaceHandler.h,"(114, 52)-(114, 60)",b'setProps(const folly::dynamic& props) const n...'
react-native,../repos/react-native/packages/react-native/ReactCommon/react/renderer/scheduler/SurfaceHandler.h,"(115, 35)-(115, 43)",b'getProps() const noexcept'
react-native,../repos/react-native/packages/react-native/ReactCommon/react/renderer/scheduler/SurfaceHandler.h,"(123, 13)-(123, 21)",b'getMountingCoordinator()\n      const noexcept'
react-native,../repos/react-native/packages/react-native/ReactCommon/react/renderer/scheduler/SurfaceHandler.h,"(133, 49)-(133, 57)",b'measure(\n      const LayoutConstraints& layou...'
react-native,../repos/react-native/packages/react-native/ReactCommon/react/renderer/scheduler/SurfaceHandler.h,"(140, 49)-(140, 57)",b'constraintLayout(\n      const LayoutConstrain...'
react-native,../repos/react-native/packages/react-native/ReactCommon/react/renderer/scheduler/SurfaceHandler.h,"(145, 50)-(145, 58)",b'getLayoutConstraints() const noexcept'
react-native,../repos/react-native/packages/react-native/ReactCommon/react/renderer/scheduler/SurfaceHandler.h,"(146, 42)-(146, 50)",b'getLayoutContext() const noexcept'
react-native,../repos/react-native/packages/react-native/ReactCommon/react/renderer/scheduler/SurfaceHandler.h,"(154, 55)-(154, 63)",b'setUIManager(const UIManager* uiManager) cons...'
react-native,../repos/react-native/packages/react-native/ReactCommon/react/renderer/scheduler/SurfaceHandler.h,"(156, 56)-(156, 64)",b'applyDisplayMode(DisplayMode displayMode) con...'
react-native,../repos/react-native/packages/react-native/ReactCommon/react/renderer/scheduler/AsynchronousEventBeat.cpp,"(26, 51)-(26, 59)",b'AsynchronousEventBeat::activityDidChange(\n   ...'
react-native,../repos/react-native/packages/react-native/ReactCommon/react/renderer/scheduler/SurfaceManager.h,"(29, 55)-(29, 63)",b'SurfaceManager(const Scheduler& scheduler) no...'
react-native,../repos/react-native/packages/react-native/ReactCommon/react/renderer/scheduler/SurfaceManager.h,"(38, 54)-(38, 62)","b'startSurface(\n      SurfaceId surfaceId,\n    ...'"
react-native,../repos/react-native/packages/react-native/ReactCommon/react/renderer/scheduler/SurfaceManager.h,"(40, 47)-(40, 55)",b'stopSurface(SurfaceId surfaceId) const noexcept'
react-native,../repos/react-native/packages/react-native/ReactCommon/react/renderer/scheduler/SurfaceManager.h,"(45, 49)-(45, 57)","b'measureSurface(\n      SurfaceId surfaceId,\n  ...'"
react-native,../repos/react-native/packages/react-native/ReactCommon/react/renderer/scheduler/SurfaceManager.h,"(50, 49)-(50, 57)",b'constraintSurfaceLayout(\n      SurfaceId surf...'
react-native,../repos/react-native/packages/react-native/ReactCommon/react/renderer/scheduler/SurfaceManager.h,"(53, 34)-(53, 42)",b'findMountingCoordinator(\n      SurfaceId surf...'
react-native,../repos/react-native/packages/react-native/ReactCommon/react/renderer/scheduler/SurfaceManager.h,"(59, 13)-(59, 21)","b'visit(\n      SurfaceId surfaceId,\n      const...'"
react-native,../repos/react-native/packages/react-native/ReactCommon/react/renderer/scheduler/SchedulerDelegate.h,"(55, 32)-(55, 40)",b'~SchedulerDelegate() noexcept'
react-native,../repos/react-native/packages/react-native/ReactCommon/react/renderer/scheduler/Scheduler.h,"(51, 68)-(51, 76)",b'registerSurface(const SurfaceHandler& surface...'
react-native,../repos/react-native/packages/react-native/ReactCommon/react/renderer/scheduler/Scheduler.h,"(52, 70)-(52, 78)",b'unregisterSurface(const SurfaceHandler& surfa...'
react-native,../repos/react-native/packages/react-native/ReactCommon/react/renderer/scheduler/Scheduler.h,"(55, 47)-(55, 55)",b'getInspectorDataForInstance(\n      const Even...'
react-native,../repos/react-native/packages/react-native/ReactCommon/react/renderer/element/ComponentBuilder.h,"(34, 57)-(34, 65)",b'ComponentBuilder(ComponentBuilder&& component...'
react-native,../repos/react-native/packages/react-native/ReactCommon/react/renderer/mounting/ShadowTreeDelegate.h,"(39, 33)-(39, 41)",b'~ShadowTreeDelegate() noexcept'
react-native,../repos/react-native/packages/react-native/ReactCommon/react/renderer/mounting/TelemetryController.h,"(34, 71)-(34, 79)",b'TelemetryController(const MountingCoordinator...'
react-native,../repos/react-native/packages/react-native/ReactCommon/react/renderer/mounting/TelemetryController.h,"(39, 57)-(39, 65)",b'TelemetryController(const TelemetryController...'
react-native,../repos/react-native/packages/react-native/ReactCommon/react/renderer/mounting/TelemetryController.h,"(40, 68)-(40, 76)",b'operator=(const TelemetryController& other) n...'
react-native,../repos/react-native/packages/react-native/ReactCommon/react/renderer/mounting/ShadowView.h,"(27, 39)-(27, 47)",b'ShadowView(ShadowView&& shadowView) noexcept'
react-native,../repos/react-native/packages/react-native/ReactCommon/react/renderer/mounting/stubs.cpp,"(21, 36)-(21, 44)",b'shouldFirstPairComesBeforeSecondOne(\n    cons...'
react-native,../repos/react-native/packages/react-native/ReactCommon/react/renderer/mounting/stubs.cpp,"(29, 44)-(29, 52)",b'reorderInPlaceIfNeeded(\n    ShadowViewNodePai...'
react-native,../repos/react-native/packages/react-native/ReactCommon/react/renderer/mounting/Differentiator.cpp,"(178, 36)-(178, 44)",b'shouldFirstPairComesBeforeSecondOne(\n    cons...'
react-native,../repos/react-native/packages/react-native/ReactCommon/react/renderer/mounting/Differentiator.cpp,"(186, 47)-(186, 55)",b'reorderInPlaceIfNeeded(\n    ShadowViewNodePai...'
react-native,../repos/react-native/packages/react-native/ReactCommon/react/renderer/mounting/TelemetryController.cpp,"(15, 53)-(15, 61)",b'TelemetryController::TelemetryController(\n   ...'
react-native,../repos/react-native/packages/react-native/ReactCommon/react/renderer/mounting/MountingTransaction.h,"(53, 66)-(53, 74)",b'MountingTransaction(MountingTransaction&& mou...'
react-native,../repos/react-native/packages/react-native/ReactCommon/react/renderer/imagemanager/ImageResponseObserver.h,"(20, 36)-(20, 44)",b'~ImageResponseObserver() noexcept'
react-native,../repos/react-native/packages/react-native/ReactCommon/react/renderer/imagemanager/ImageRequest.h,"(39, 38)-(39, 46)",b'ImageRequest(ImageRequest&& other) noexcept'
react-native,../repos/react-native/packages/react-native/ReactCommon/react/renderer/animations/utils.h,"(18, 36)-(18, 44)",b'shouldFirstComeBeforeSecondRemovesOnly(\n    c...'
react-native,../repos/react-native/packages/react-native/ReactCommon/react/renderer/animations/utils.h,"(29, 36)-(29, 44)",b'shouldFirstComeBeforeSecondMutation(\n    cons...'
react-native,../repos/react-native/packages/react-native/ReactCommon/react/renderer/timeline/TimelineHandler.h,"(20, 22)-(20, 30)",b'~TimelineHandler() noexcept'
react-native,../repos/react-native/packages/react-native/ReactCommon/react/renderer/timeline/TimelineHandler.h,"(25, 44)-(25, 52)",b'TimelineHandler(TimelineHandler&& other) noexcept'
react-native,../repos/react-native/packages/react-native/ReactCommon/react/renderer/timeline/TimelineHandler.h,"(27, 55)-(27, 63)",b'operator=(TimelineHandler&& other) noexcept'
react-native,../repos/react-native/packages/react-native/ReactCommon/react/renderer/timeline/TimelineHandler.h,"(34, 22)-(34, 30)",b'pause() const noexcept'
react-native,../repos/react-native/packages/react-native/ReactCommon/react/renderer/timeline/TimelineHandler.h,"(35, 23)-(35, 31)",b'resume() const noexcept'
react-native,../repos/react-native/packages/react-native/ReactCommon/react/renderer/timeline/TimelineHandler.h,"(36, 25)-(36, 33)",b'isPaused() const noexcept'
react-native,../repos/react-native/packages/react-native/ReactCommon/react/renderer/timeline/TimelineHandler.h,"(41, 41)-(41, 49)",b'getFrames() const noexcept'
react-native,../repos/react-native/packages/react-native/ReactCommon/react/renderer/timeline/TimelineHandler.h,"(42, 41)-(42, 49)",b'getCurrentFrame() const noexcept'
react-native,../repos/react-native/packages/react-native/ReactCommon/react/renderer/timeline/TimelineHandler.h,"(47, 49)-(47, 57)",b'rewind(const TimelineFrame& frame) const noexcept'
react-native,../repos/react-native/packages/react-native/ReactCommon/react/renderer/timeline/TimelineHandler.h,"(52, 30)-(52, 38)",b'seek(int delta) const noexcept'
react-native,../repos/react-native/packages/react-native/ReactCommon/react/renderer/timeline/TimelineHandler.h,"(60, 45)-(60, 53)",b'TimelineHandler(const Timeline& timeline) noexcept'
react-native,../repos/react-native/packages/react-native/ReactCommon/react/renderer/timeline/TimelineHandler.h,"(66, 18)-(66, 26)",b'release() noexcept'
react-native,../repos/react-native/packages/react-native/ReactCommon/react/renderer/timeline/TimelineHandler.h,"(71, 34)-(71, 42)",b'getSurfaceId() const noexcept'
react-native,../repos/react-native/packages/react-native/ReactCommon/react/renderer/timeline/TimelineHandler.h,"(73, 31)-(73, 39)",b'ensureNotEmpty() const noexcept'
react-native,../repos/react-native/packages/react-native/ReactCommon/react/renderer/timeline/TimelineSnapshot.h,"(22, 70)-(22, 78)",b'TimelineSnapshot(RootShadowNode::Shared rootS...'
react-native,../repos/react-native/packages/react-native/ReactCommon/react/renderer/timeline/TimelineSnapshot.h,"(24, 34)-(24, 42)",b'getFrame() const noexcept'
react-native,../repos/react-native/packages/react-native/ReactCommon/react/renderer/timeline/TimelineSnapshot.h,"(25, 52)-(25, 60)",b'getRootShadowNode() const noexcept'
react-native,../repos/react-native/packages/react-native/ReactCommon/react/renderer/timeline/TimelineSnapshot.cpp,"(18, 16)-(18, 24)",b'TimelineSnapshot::TimelineSnapshot(\n    RootS...'
react-native,../repos/react-native/packages/react-native/ReactCommon/react/renderer/timeline/TimelineSnapshot.cpp,"(22, 68)-(22, 76)",b'TimelineSnapshot::getRootShadowNode() const n...'
react-native,../repos/react-native/packages/react-native/ReactCommon/react/renderer/timeline/TimelineSnapshot.cpp,"(26, 50)-(26, 58)",b'TimelineSnapshot::getFrame() const noexcept'
react-native,../repos/react-native/packages/react-native/ReactCommon/react/renderer/timeline/TimelineHandler.cpp,"(16, 60)-(16, 68)",b'TimelineHandler::TimelineHandler(const Timeli...'
react-native,../repos/react-native/packages/react-native/ReactCommon/react/renderer/timeline/TimelineHandler.cpp,"(19, 59)-(19, 67)",b'TimelineHandler::TimelineHandler(TimelineHand...'
react-native,../repos/react-native/packages/react-native/ReactCommon/react/renderer/timeline/TimelineHandler.cpp,"(23, 37)-(23, 45)",b'TimelineHandler::~TimelineHandler() noexcept'
react-native,../repos/react-native/packages/react-native/ReactCommon/react/renderer/timeline/TimelineHandler.cpp,"(30, 70)-(30, 78)",b'TimelineHandler::operator=(TimelineHandler&& ...'
react-native,../repos/react-native/packages/react-native/ReactCommon/react/renderer/timeline/TimelineHandler.cpp,"(39, 37)-(39, 45)",b'TimelineHandler::pause() const noexcept'
react-native,../repos/react-native/packages/react-native/ReactCommon/react/renderer/timeline/TimelineHandler.cpp,"(44, 38)-(44, 46)",b'TimelineHandler::resume() const noexcept'
react-native,../repos/react-native/packages/react-native/ReactCommon/react/renderer/timeline/TimelineHandler.cpp,"(49, 40)-(49, 48)",b'TimelineHandler::isPaused() const noexcept'
react-native,../repos/react-native/packages/react-native/ReactCommon/react/renderer/timeline/TimelineHandler.cpp,"(54, 56)-(54, 64)",b'TimelineHandler::getCurrentFrame() const noexcept'
react-native,../repos/react-native/packages/react-native/ReactCommon/react/renderer/timeline/TimelineHandler.cpp,"(59, 56)-(59, 64)",b'TimelineHandler::getFrames() const noexcept'
react-native,../repos/react-native/packages/react-native/ReactCommon/react/renderer/timeline/TimelineHandler.cpp,"(64, 64)-(64, 72)",b'TimelineHandler::rewind(const TimelineFrame& ...'
react-native,../repos/react-native/packages/react-native/ReactCommon/react/renderer/timeline/TimelineHandler.cpp,"(69, 45)-(69, 53)",b'TimelineHandler::seek(int delta) const noexcept'
react-native,../repos/react-native/packages/react-native/ReactCommon/react/renderer/timeline/TimelineHandler.cpp,"(81, 49)-(81, 57)",b'TimelineHandler::getSurfaceId() const noexcept'
react-native,../repos/react-native/packages/react-native/ReactCommon/react/renderer/timeline/TimelineHandler.cpp,"(85, 33)-(85, 41)",b'TimelineHandler::release() noexcept'
react-native,../repos/react-native/packages/react-native/ReactCommon/react/renderer/timeline/TimelineHandler.cpp,"(89, 46)-(89, 54)",b'TimelineHandler::ensureNotEmpty() const noexcept'
react-native,../repos/react-native/packages/react-native/ReactCommon/react/renderer/timeline/Timeline.h,"(32, 22)-(32, 30)",b'pause() const noexcept'
react-native,../repos/react-native/packages/react-native/ReactCommon/react/renderer/timeline/Timeline.h,"(33, 23)-(33, 31)",b'resume() const noexcept'
react-native,../repos/react-native/packages/react-native/ReactCommon/react/renderer/timeline/Timeline.h,"(34, 25)-(34, 33)",b'isPaused() const noexcept'
react-native,../repos/react-native/packages/react-native/ReactCommon/react/renderer/timeline/Timeline.h,"(35, 41)-(35, 49)",b'getFrames() const noexcept'
react-native,../repos/react-native/packages/react-native/ReactCommon/react/renderer/timeline/Timeline.h,"(36, 41)-(36, 49)",b'getCurrentFrame() const noexcept'
react-native,../repos/react-native/packages/react-native/ReactCommon/react/renderer/timeline/Timeline.h,"(37, 49)-(37, 57)",b'rewind(const TimelineFrame& frame) const noexcept'
react-native,../repos/react-native/packages/react-native/ReactCommon/react/renderer/timeline/Timeline.h,"(38, 34)-(38, 42)",b'getSurfaceId() const noexcept'
react-native,../repos/react-native/packages/react-native/ReactCommon/react/renderer/timeline/Timeline.h,"(45, 64)-(45, 72)",b'shadowTreeWillCommit(\n      const ShadowTree&...'
react-native,../repos/react-native/packages/react-native/ReactCommon/react/renderer/timeline/Timeline.h,"(49, 67)-(49, 75)",b'record(const RootShadowNode::Shared& rootShad...'
react-native,../repos/react-native/packages/react-native/ReactCommon/react/renderer/timeline/Timeline.h,"(50, 55)-(50, 63)",b'rewind(const TimelineSnapshot& snapshot) cons...'
react-native,../repos/react-native/packages/react-native/ReactCommon/react/renderer/timeline/TimelineFrame.h,"(27, 58)-(27, 66)","b'TimelineFrame(int index, TelemetryTimePoint t...'"
react-native,../repos/react-native/packages/react-native/ReactCommon/react/renderer/timeline/TimelineFrame.h,"(33, 53)-(33, 61)",b'TimelineFrame(const TimelineFrame& timelineFr...'
react-native,../repos/react-native/packages/react-native/ReactCommon/react/renderer/timeline/TimelineFrame.h,"(34, 56)-(34, 64)",b'operator=(const TimelineFrame& other) noexcept'
react-native,../repos/react-native/packages/react-native/ReactCommon/react/renderer/timeline/TimelineFrame.h,"(36, 24)-(36, 32)",b'getIndex() const noexcept'
react-native,../repos/react-native/packages/react-native/ReactCommon/react/renderer/timeline/TimelineFrame.h,"(37, 43)-(37, 51)",b'getTimePoint() const noexcept'
react-native,../repos/react-native/packages/react-native/ReactCommon/react/renderer/timeline/TimelineFrame.cpp,"(12, 71)-(12, 79)","b'TimelineFrame::TimelineFrame(int index, Telem...'"
react-native,../repos/react-native/packages/react-native/ReactCommon/react/renderer/timeline/TimelineFrame.cpp,"(15, 37)-(15, 45)",b'TimelineFrame::getIndex() const noexcept'
react-native,../repos/react-native/packages/react-native/ReactCommon/react/renderer/timeline/TimelineFrame.cpp,"(19, 56)-(19, 64)",b'TimelineFrame::getTimePoint() const noexcept'
react-native,../repos/react-native/packages/react-native/ReactCommon/react/renderer/timeline/Timeline.cpp,"(20, 42)-(20, 50)",b'Timeline::getSurfaceId() const noexcept'
react-native,../repos/react-native/packages/react-native/ReactCommon/react/renderer/timeline/Timeline.cpp,"(24, 30)-(24, 38)",b'Timeline::pause() const noexcept'
react-native,../repos/react-native/packages/react-native/ReactCommon/react/renderer/timeline/Timeline.cpp,"(30, 31)-(30, 39)",b'Timeline::resume() const noexcept'
react-native,../repos/react-native/packages/react-native/ReactCommon/react/renderer/timeline/Timeline.cpp,"(41, 33)-(41, 41)",b'Timeline::isPaused() const noexcept'
react-native,../repos/react-native/packages/react-native/ReactCommon/react/renderer/timeline/Timeline.cpp,"(46, 49)-(46, 57)",b'Timeline::getFrames() const noexcept'
react-native,../repos/react-native/packages/react-native/ReactCommon/react/renderer/timeline/Timeline.cpp,"(57, 49)-(57, 57)",b'Timeline::getCurrentFrame() const noexcept'
react-native,../repos/react-native/packages/react-native/ReactCommon/react/renderer/timeline/Timeline.cpp,"(62, 57)-(62, 65)",b'Timeline::rewind(const TimelineFrame& frame) ...'
react-native,../repos/react-native/packages/react-native/ReactCommon/react/renderer/timeline/Timeline.cpp,"(70, 62)-(70, 70)",b'Timeline::shadowTreeWillCommit(\n    const Sha...'
react-native,../repos/react-native/packages/react-native/ReactCommon/react/renderer/timeline/Timeline.cpp,"(89, 57)-(89, 65)",b'Timeline::record(\n    const RootShadowNode::S...'
react-native,../repos/react-native/packages/react-native/ReactCommon/react/renderer/timeline/Timeline.cpp,"(98, 63)-(98, 71)",b'Timeline::rewind(const TimelineSnapshot& snap...'
react-native,../repos/react-native/packages/react-native/ReactCommon/react/renderer/timeline/TimelineController.cpp,"(45, 33)-(45, 41)",b'TimelineController::commitHookWasRegistered(\n...'
react-native,../repos/react-native/packages/react-native/ReactCommon/react/renderer/timeline/TimelineController.cpp,"(50, 37)-(50, 45)",b'TimelineController::commitHookWasUnregistered...'
react-native,../repos/react-native/packages/react-native/ReactCommon/react/renderer/timeline/TimelineController.cpp,"(57, 56)-(57, 64)",b'TimelineController::shadowTreeWillCommit(\n   ...'
react-native,../repos/react-native/packages/react-native/ReactCommon/react/renderer/timeline/TimelineController.h,"(54, 58)-(54, 66)",b'shadowTreeWillCommit(\n      const ShadowTree&...'
react-native,../repos/react-native/packages/react-native/ReactCommon/react/renderer/timeline/TimelineController.h,"(56, 60)-(56, 68)",b'commitHookWasRegistered(const UIManager& uiMa...'
react-native,../repos/react-native/packages/react-native/ReactCommon/react/renderer/timeline/TimelineController.h,"(58, 62)-(58, 70)",b'commitHookWasUnregistered(const UIManager& ui...'
react-native,../repos/react-native/packages/react-native/ReactCommon/react/renderer/graphics/RectangleCorners.h,"(28, 57)-(28, 65)",b'operator==(const RectangleCorners<T>& rhs) co...'
react-native,../repos/react-native/packages/react-native/ReactCommon/react/renderer/graphics/RectangleCorners.h,"(37, 57)-(37, 65)",b'operator!=(const RectangleCorners<T>& rhs) co...'
react-native,../repos/react-native/packages/react-native/ReactCommon/react/renderer/graphics/RectangleCorners.h,"(41, 26)-(41, 34)",b'isUniform() const noexcept'
react-native,../repos/react-native/packages/react-native/ReactCommon/react/renderer/graphics/RectangleCorners.h,"(59, 66)-(59, 74)",b'operator()(\n      const facebook::react::Rect...'
react-native,../repos/react-native/packages/react-native/ReactCommon/react/renderer/graphics/RectangleEdges.h,"(29, 55)-(29, 63)",b'operator==(const RectangleEdges<T>& rhs) cons...'
react-native,../repos/react-native/packages/react-native/ReactCommon/react/renderer/graphics/RectangleEdges.h,"(34, 55)-(34, 63)",b'operator!=(const RectangleEdges<T>& rhs) cons...'
react-native,../repos/react-native/packages/react-native/ReactCommon/react/renderer/graphics/RectangleEdges.h,"(38, 26)-(38, 34)",b'isUniform() const noexcept'
react-native,../repos/react-native/packages/react-native/ReactCommon/react/renderer/graphics/RectangleEdges.h,"(51, 35)-(51, 43)","b'operator+(\n    const RectangleEdges<T>& lhs,\n...'"
react-native,../repos/react-native/packages/react-native/ReactCommon/react/renderer/graphics/RectangleEdges.h,"(62, 35)-(62, 43)","b'operator-(\n    const RectangleEdges<T>& lhs,\n...'"
react-native,../repos/react-native/packages/react-native/ReactCommon/react/renderer/graphics/RectangleEdges.h,"(78, 65)-(78, 73)","b'insetBy(const Rect& rect, const EdgeInsets& i...'"
react-native,../repos/react-native/packages/react-native/ReactCommon/react/renderer/graphics/RectangleEdges.h,"(88, 67)-(88, 75)","b'outsetBy(const Rect& rect, const EdgeInsets& ...'"
react-native,../repos/react-native/packages/react-native/ReactCommon/react/renderer/graphics/RectangleEdges.h,"(102, 62)-(102, 70)",b'operator()(\n      const facebook::react::Rect...'
react-native,../repos/react-native/packages/react-native/ReactCommon/react/renderer/graphics/rounding.h,"(55, 33)-(55, 41)",b'round(float value) noexcept'
react-native,../repos/react-native/packages/react-native/ReactCommon/react/renderer/graphics/rounding.h,"(58, 35)-(58, 43)",b'round(double value) noexcept'
react-native,../repos/react-native/packages/react-native/ReactCommon/react/renderer/graphics/rounding.h,"(61, 45)-(61, 53)",b'round(long double value) noexcept'
react-native,../repos/react-native/packages/react-native/ReactCommon/react/renderer/graphics/rounding.h,"(64, 32)-(64, 40)",b'ceil(float value) noexcept'
react-native,../repos/react-native/packages/react-native/ReactCommon/react/renderer/graphics/rounding.h,"(67, 34)-(67, 42)",b'ceil(double value) noexcept'
react-native,../repos/react-native/packages/react-native/ReactCommon/react/renderer/graphics/rounding.h,"(70, 44)-(70, 52)",b'ceil(long double value) noexcept'
react-native,../repos/react-native/packages/react-native/ReactCommon/react/renderer/graphics/rounding.h,"(73, 33)-(73, 41)",b'floor(float value) noexcept'
react-native,../repos/react-native/packages/react-native/ReactCommon/react/renderer/graphics/rounding.h,"(76, 35)-(76, 43)",b'floor(double value) noexcept'
react-native,../repos/react-native/packages/react-native/ReactCommon/react/renderer/graphics/rounding.h,"(79, 45)-(79, 53)",b'floor(long double value) noexcept'
react-native,../repos/react-native/packages/react-native/ReactCommon/react/renderer/graphics/Point.h,"(24, 41)-(24, 49)",b'operator+=(const Point& point) noexcept'
react-native,../repos/react-native/packages/react-native/ReactCommon/react/renderer/graphics/Point.h,"(30, 41)-(30, 49)",b'operator-=(const Point& point) noexcept'
react-native,../repos/react-native/packages/react-native/ReactCommon/react/renderer/graphics/Point.h,"(36, 41)-(36, 49)",b'operator*=(const Point& point) noexcept'
react-native,../repos/react-native/packages/react-native/ReactCommon/react/renderer/graphics/Point.h,"(42, 55)-(42, 63)","b'operator+(Point lhs, const Point& rhs) noexcept'"
react-native,../repos/react-native/packages/react-native/ReactCommon/react/renderer/graphics/Point.h,"(46, 55)-(46, 63)","b'operator-(Point lhs, const Point& rhs) noexcept'"
react-native,../repos/react-native/packages/react-native/ReactCommon/react/renderer/graphics/Point.h,"(51, 60)-(51, 68)","b'operator==(const Point& rhs, const Point& lhs...'"
react-native,../repos/react-native/packages/react-native/ReactCommon/react/renderer/graphics/Point.h,"(55, 60)-(55, 68)","b'operator!=(const Point& rhs, const Point& lhs...'"
react-native,../repos/react-native/packages/react-native/ReactCommon/react/renderer/graphics/Point.h,"(65, 64)-(65, 72)",b'operator()(const facebook::react::Point& poin...'
react-native,../repos/react-native/packages/react-native/ReactCommon/react/renderer/graphics/Color.h,"(52, 50)-(52, 58)",b'isColorMeaningful(const SharedColor& color) n...'
react-native,../repos/react-native/packages/react-native/ReactCommon/react/renderer/graphics/Size.h,"(25, 40)-(25, 48)",b'operator+=(const Point& point) noexcept'
react-native,../repos/react-native/packages/react-native/ReactCommon/react/renderer/graphics/Size.h,"(31, 40)-(31, 48)",b'operator*=(const Point& point) noexcept'
react-native,../repos/react-native/packages/react-native/ReactCommon/react/renderer/graphics/Size.h,"(38, 58)-(38, 66)","b'operator==(const Size& rhs, const Size& lhs) ...'"
react-native,../repos/react-native/packages/react-native/ReactCommon/react/renderer/graphics/Size.h,"(42, 58)-(42, 66)","b'operator!=(const Size& rhs, const Size& lhs) ...'"
react-native,../repos/react-native/packages/react-native/ReactCommon/react/renderer/graphics/Color.cpp,"(12, 50)-(12, 58)",b'isColorMeaningful(const SharedColor& color) n...'
react-native,../repos/react-native/packages/react-native/ReactCommon/react/renderer/graphics/Rect.h,"(27, 42)-(27, 50)",b'operator==(const Rect& rhs) const noexcept'
react-native,../repos/react-native/packages/react-native/ReactCommon/react/renderer/graphics/Rect.h,"(31, 42)-(31, 50)",b'operator!=(const Rect& rhs) const noexcept'
react-native,../repos/react-native/packages/react-native/ReactCommon/react/renderer/graphics/Rect.h,"(35, 25)-(35, 33)",b'getMaxX() const noexcept'
react-native,../repos/react-native/packages/react-native/ReactCommon/react/renderer/graphics/Rect.h,"(38, 25)-(38, 33)",b'getMaxY() const noexcept'
react-native,../repos/react-native/packages/react-native/ReactCommon/react/renderer/graphics/Rect.h,"(41, 25)-(41, 33)",b'getMinX() const noexcept'
react-native,../repos/react-native/packages/react-native/ReactCommon/react/renderer/graphics/Rect.h,"(44, 25)-(44, 33)",b'getMinY() const noexcept'
react-native,../repos/react-native/packages/react-native/ReactCommon/react/renderer/graphics/Rect.h,"(47, 25)-(47, 33)",b'getMidX() const noexcept'
react-native,../repos/react-native/packages/react-native/ReactCommon/react/renderer/graphics/Rect.h,"(50, 25)-(50, 33)",b'getMidY() const noexcept'
react-native,../repos/react-native/packages/react-native/ReactCommon/react/renderer/graphics/Rect.h,"(53, 27)-(53, 35)",b'getCenter() const noexcept'
react-native,../repos/react-native/packages/react-native/ReactCommon/react/renderer/graphics/Rect.h,"(57, 39)-(57, 47)",b'unionInPlace(const Rect& rect) noexcept'
react-native,../repos/react-native/packages/react-native/ReactCommon/react/renderer/graphics/Rect.h,"(66, 35)-(66, 43)",b'containsPoint(Point point) noexcept'
react-native,../repos/react-native/packages/react-native/ReactCommon/react/renderer/graphics/Rect.h,"(94, 23)-(94, 31)","b'boundingRect(\n      const Point& a,\n      con...'"
react-native,../repos/react-native/packages/react-native/ReactCommon/react/renderer/graphics/Rect.h,"(127, 62)-(127, 70)",b'operator()(const facebook::react::Rect& rect)...'
react-native,../repos/react-native/packages/react-native/ReactCommon/react/renderer/core/RawValue.h,"(57, 14)-(57, 22)",b'RawValue() noexcept'
react-native,../repos/react-native/packages/react-native/ReactCommon/react/renderer/core/RawValue.h,"(59, 30)-(59, 38)",b'RawValue(RawValue&& other) noexcept'
react-native,../repos/react-native/packages/react-native/ReactCommon/react/renderer/core/RawValue.h,"(61, 41)-(61, 49)",b'operator=(RawValue&& other) noexcept'
react-native,../repos/react-native/packages/react-native/ReactCommon/react/renderer/core/RawValue.h,"(76, 43)-(76, 51)",b'RawValue(const folly::dynamic& dynamic) noexcept'
react-native,../repos/react-native/packages/react-native/ReactCommon/react/renderer/core/RawValue.h,"(78, 38)-(78, 46)",b'RawValue(folly::dynamic&& dynamic) noexcept'
react-native,../repos/react-native/packages/react-native/ReactCommon/react/renderer/core/RawValue.h,"(85, 35)-(85, 43)",b'RawValue(const RawValue& other) noexcept'
react-native,../repos/react-native/packages/react-native/ReactCommon/react/renderer/core/RawValue.h,"(87, 46)-(87, 54)",b'operator=(const RawValue& other) noexcept'
react-native,../repos/react-native/packages/react-native/ReactCommon/react/renderer/core/RawValue.h,"(103, 51)-(103, 59)",b'() const noexcept'
react-native,../repos/react-native/packages/react-native/ReactCommon/react/renderer/core/RawValue.h,"(111, 24)-(111, 32)",b'hasType() const noexcept'
react-native,../repos/react-native/packages/react-native/ReactCommon/react/renderer/core/RawValue.h,"(118, 25)-(118, 33)",b'hasValue() const noexcept'
react-native,../repos/react-native/packages/react-native/ReactCommon/react/renderer/core/RawValue.h,"(127, 23)-(127, 31)",b'checkValueType(\n      const folly::dynamic& d...'
react-native,../repos/react-native/packages/react-native/ReactCommon/react/renderer/core/RawValue.h,"(133, 19)-(133, 27)",b'checkValueType(\n      const folly::dynamic& d...'
react-native,../repos/react-native/packages/react-native/ReactCommon/react/renderer/core/RawValue.h,"(139, 18)-(139, 26)",b'checkValueType(\n      const folly::dynamic& d...'
react-native,../repos/react-native/packages/react-native/ReactCommon/react/renderer/core/RawValue.h,"(145, 22)-(145, 30)",b'checkValueType(\n      const folly::dynamic& d...'
react-native,../repos/react-native/packages/react-native/ReactCommon/react/renderer/core/RawValue.h,"(151, 20)-(151, 28)",b'checkValueType(\n      const folly::dynamic& d...'
react-native,../repos/react-native/packages/react-native/ReactCommon/react/renderer/core/RawValue.h,"(157, 21)-(157, 29)",b'checkValueType(\n      const folly::dynamic& d...'
react-native,../repos/react-native/packages/react-native/ReactCommon/react/renderer/core/RawValue.h,"(163, 26)-(163, 34)",b'checkValueType(\n      const folly::dynamic& d...'
react-native,../repos/react-native/packages/react-native/ReactCommon/react/renderer/core/RawValue.h,"(170, 29)-(170, 37)",b'checkValueType(\n      const folly::dynamic& d...'
react-native,../repos/react-native/packages/react-native/ReactCommon/react/renderer/core/RawValue.h,"(190, 49)-(190, 57)",b'checkValueType(\n      const folly::dynamic& d...'
react-native,../repos/react-native/packages/react-native/ReactCommon/react/renderer/core/RawValue.h,"(211, 23)-(211, 31)",b'castValue(\n      const folly::dynamic& dynami...'
react-native,../repos/react-native/packages/react-native/ReactCommon/react/renderer/core/RawPropsKeyMap.cpp,"(20, 68)-(20, 76)","b'RawPropsKeyMap::hasSameName(const Item& lhs, ...'"
react-native,../repos/react-native/packages/react-native/ReactCommon/react/renderer/core/RawPropsKeyMap.cpp,"(27, 22)-(27, 30)",b'RawPropsKeyMap::shouldFirstOneBeBeforeSecondO...'
react-native,../repos/react-native/packages/react-native/ReactCommon/react/renderer/core/RawPropsKeyMap.cpp,"(37, 31)-(37, 39)",b'RawPropsKeyMap::insert(\n    const RawPropsKey...'
react-native,../repos/react-native/packages/react-native/ReactCommon/react/renderer/core/RawPropsKeyMap.cpp,"(46, 32)-(46, 40)",b'RawPropsKeyMap::reindex() noexcept'
react-native,../repos/react-native/packages/react-native/ReactCommon/react/renderer/core/RawPropsKeyMap.cpp,"(96, 36)-(96, 44)","b'RawPropsKeyMap::at(\n    const char* name,\n   ...'"
react-native,../repos/react-native/packages/react-native/ReactCommon/react/renderer/core/Sealable.h,"(65, 30)-(65, 38)",b'Sealable(Sealable&& other) noexcept'
react-native,../repos/react-native/packages/react-native/ReactCommon/react/renderer/core/Sealable.h,"(66, 15)-(66, 23)",b'~Sealable() noexcept'
react-native,../repos/react-native/packages/react-native/ReactCommon/react/renderer/core/Sealable.h,"(68, 41)-(68, 49)",b'operator=(Sealable&& other) noexcept'
react-native,../repos/react-native/packages/react-native/ReactCommon/react/renderer/core/RawPropsKey.h,"(28, 41)-(28, 49)",b'() const noexcept'
react-native,../repos/react-native/packages/react-native/ReactCommon/react/renderer/core/RawPropsKey.h,"(34, 67)-(34, 75)","b'render(char* buffer, RawPropsPropNameLength* ...'"
react-native,../repos/react-native/packages/react-native/ReactCommon/react/renderer/core/RawPropsKey.h,"(37, 65)-(37, 73)","b'operator==(const RawPropsKey& lhs, const RawP...'"
react-native,../repos/react-native/packages/react-native/ReactCommon/react/renderer/core/RawPropsKey.h,"(38, 65)-(38, 73)","b'operator!=(const RawPropsKey& lhs, const RawP...'"
react-native,../repos/react-native/packages/react-native/ReactCommon/react/renderer/core/RawPropsParser.h,"(36, 18)-(36, 26)",b'prepare() noexcept'
react-native,../repos/react-native/packages/react-native/ReactCommon/react/renderer/core/RawPropsParser.h,"(63, 49)-(63, 57)",b'preparse(const RawProps& rawProps) const noexcept'
react-native,../repos/react-native/packages/react-native/ReactCommon/react/renderer/core/RawPropsParser.h,"(68, 22)-(68, 30)",b'postPrepare() noexcept'
react-native,../repos/react-native/packages/react-native/ReactCommon/react/renderer/core/RawPropsParser.h,"(74, 13)-(74, 21)","b'at(const RawProps& rawProps, const RawPropsKe...'"
react-native,../repos/react-native/packages/react-native/ReactCommon/react/renderer/core/RawPropsParser.cpp,"(22, 35)-(22, 43)",b'RawPropsParser::at(\n    const RawProps& rawPr...'
react-native,../repos/react-native/packages/react-native/ReactCommon/react/renderer/core/RawPropsParser.cpp,"(91, 36)-(91, 44)",b'RawPropsParser::postPrepare() noexcept'
react-native,../repos/react-native/packages/react-native/ReactCommon/react/renderer/core/RawPropsParser.cpp,"(96, 63)-(96, 71)",b'RawPropsParser::preparse(const RawProps& rawP...'
react-native,../repos/react-native/packages/react-native/ReactCommon/react/renderer/core/Sealable.cpp,"(33, 38)-(33, 46)",b'Sealable::Sealable(Sealable&& other) noexcept'
react-native,../repos/react-native/packages/react-native/ReactCommon/react/renderer/core/Sealable.cpp,"(37, 23)-(37, 31)",b'Sealable::~Sealable() noexcept'
react-native,../repos/react-native/packages/react-native/ReactCommon/react/renderer/core/Sealable.cpp,"(44, 49)-(44, 57)",b'Sealable::operator=(Sealable&& other) noexcept'
react-native,../repos/react-native/packages/react-native/ReactCommon/react/renderer/core/RawPropsKeyMap.h,"(28, 65)-(28, 73)","b'insert(const RawPropsKey& key, RawPropsValueI...'"
react-native,../repos/react-native/packages/react-native/ReactCommon/react/renderer/core/RawPropsKeyMap.h,"(34, 18)-(34, 26)",b'reindex() noexcept'
react-native,../repos/react-native/packages/react-native/ReactCommon/react/renderer/core/RawPropsKeyMap.h,"(42, 38)-(42, 46)","b'at(\n      const char* name,\n      RawPropsPro...'"
react-native,../repos/react-native/packages/react-native/ReactCommon/react/renderer/core/RawPropsKeyMap.h,"(53, 24)-(53, 32)",b'shouldFirstOneBeBeforeSecondOne(\n      const ...'
react-native,../repos/react-native/packages/react-native/ReactCommon/react/renderer/core/RawPropsKeyMap.h,"(54, 61)-(54, 69)","b'hasSameName(const Item& lhs, const Item& rhs)...'"
react-native,../repos/react-native/packages/react-native/ReactCommon/react/renderer/core/RawPropsKey.cpp,"(20, 11)-(20, 19)","b'RawPropsKey::render(char* buffer, RawPropsPro...'"
react-native,../repos/react-native/packages/react-native/ReactCommon/react/renderer/core/RawPropsKey.cpp,"(46, 43)-(46, 51)",b'() const noexcept'
react-native,../repos/react-native/packages/react-native/ReactCommon/react/renderer/core/RawPropsKey.cpp,"(61, 65)-(61, 73)","b'operator==(const RawPropsKey& lhs, const RawP...'"
react-native,../repos/react-native/packages/react-native/ReactCommon/react/renderer/core/RawPropsKey.cpp,"(68, 65)-(68, 73)","b'operator!=(const RawPropsKey& lhs, const RawP...'"
react-native,../repos/react-native/packages/react-native/ReactCommon/react/renderer/core/ShadowNode.h,"(88, 44)-(88, 52)",b'ShadowNode(const ShadowNode& shadowNode) noexcept'
react-native,../repos/react-native/packages/react-native/ReactCommon/react/renderer/core/ShadowNode.h,"(89, 50)-(89, 58)",b'operator=(const ShadowNode& other) noexcept'
react-native,../repos/react-native/packages/react-native/ReactCommon/react/renderer/core/RawProps.cpp,"(113, 68)-(113, 76)","b'RawProps::RawProps(jsi::Runtime& runtime, con...'"
react-native,../repos/react-native/packages/react-native/ReactCommon/react/renderer/core/RawProps.cpp,"(130, 44)-(130, 52)",b'RawProps::RawProps(folly::dynamic dynamic) no...'
react-native,../repos/react-native/packages/react-native/ReactCommon/react/renderer/core/RawProps.cpp,"(140, 43)-(140, 51)",b'RawProps::RawProps(const RawProps& other) noexcept'
react-native,../repos/react-native/packages/react-native/ReactCommon/react/renderer/core/RawProps.cpp,"(151, 54)-(151, 62)",b'RawProps::operator=(const RawProps& other) no...'
react-native,../repos/react-native/packages/react-native/ReactCommon/react/renderer/core/RawProps.cpp,"(163, 52)-(163, 60)",b'RawProps::parse(const RawPropsParser& parser)...'
react-native,../repos/react-native/packages/react-native/ReactCommon/react/renderer/core/RawProps.cpp,"(174, 43)-(174, 51)",b'() const noexcept'
react-native,../repos/react-native/packages/react-native/ReactCommon/react/renderer/core/RawProps.cpp,"(186, 58)-(186, 66)",b'RawProps::filterYogaStylePropsInDynamicConver...'
react-native,../repos/react-native/packages/react-native/ReactCommon/react/renderer/core/RawProps.cpp,"(194, 32)-(194, 40)",b'RawProps::isEmpty() const noexcept'
react-native,../repos/react-native/packages/react-native/ReactCommon/react/renderer/core/RawProps.cpp,"(205, 31)-(205, 39)","b'RawProps::at(\n    const char* name,\n    const...'"
react-native,../repos/react-native/packages/react-native/ReactCommon/react/renderer/core/RawProps.h,"(51, 60)-(51, 68)","b'RawProps(jsi::Runtime& runtime, const jsi::Va...'"
react-native,../repos/react-native/packages/react-native/ReactCommon/react/renderer/core/RawProps.h,"(53, 47)-(53, 55)",b'RawProps(const RawProps& rawProps) noexcept'
react-native,../repos/react-native/packages/react-native/ReactCommon/react/renderer/core/RawProps.h,"(54, 46)-(54, 54)",b'operator=(const RawProps& other) noexcept'
react-native,../repos/react-native/packages/react-native/ReactCommon/react/renderer/core/RawProps.h,"(56, 30)-(56, 38)",b'RawProps(RawProps&& other) noexcept'
react-native,../repos/react-native/packages/react-native/ReactCommon/react/renderer/core/RawProps.h,"(57, 41)-(57, 49)",b'operator=(RawProps&& other) noexcept'
react-native,../repos/react-native/packages/react-native/ReactCommon/react/renderer/core/RawProps.h,"(65, 45)-(65, 53)",b'RawProps(folly::dynamic dynamic) noexcept'
react-native,../repos/react-native/packages/react-native/ReactCommon/react/renderer/core/RawProps.h,"(67, 44)-(67, 52)",b'parse(const RawPropsParser& parser) noexcept'
react-native,../repos/react-native/packages/react-native/ReactCommon/react/renderer/core/RawProps.h,"(74, 44)-(74, 52)",b'() const noexcept'
react-native,../repos/react-native/packages/react-native/ReactCommon/react/renderer/core/RawProps.h,"(83, 50)-(83, 58)",b'filterYogaStylePropsInDynamicConversion() noexcept'
react-native,../repos/react-native/packages/react-native/ReactCommon/react/renderer/core/RawProps.h,"(89, 24)-(89, 32)",b'isEmpty() const noexcept'
react-native,../repos/react-native/packages/react-native/ReactCommon/react/renderer/core/RawProps.h,"(96, 13)-(96, 21)","b'at(const char* name, const char* prefix, cons...'"
react-native,../repos/react-native/packages/react-native/ReactCommon/react/renderer/uimanager/UIManagerMountHook.h,"(29, 25)-(29, 33)",b'shadowTreeDidMount(\n      const RootShadowNod...'
react-native,../repos/react-native/packages/react-native/ReactCommon/react/renderer/uimanager/UIManagerMountHook.h,"(31, 33)-(31, 41)",b'~UIManagerMountHook() noexcept'
react-native,../repos/react-native/packages/react-native/ReactCommon/react/renderer/uimanager/UIManagerDelegate.h,"(61, 32)-(61, 40)",b'~UIManagerDelegate() noexcept'
react-native,../repos/react-native/packages/react-native/ReactCommon/react/renderer/uimanager/UIManagerCommitHook.h,"(25, 68)-(25, 76)",b'commitHookWasRegistered(const UIManager& uiMa...'
react-native,../repos/react-native/packages/react-native/ReactCommon/react/renderer/uimanager/UIManagerCommitHook.h,"(27, 35)-(27, 43)",b'commitHookWasUnregistered(\n      const UIMana...'
react-native,../repos/react-native/packages/react-native/ReactCommon/react/renderer/uimanager/UIManagerCommitHook.h,"(37, 58)-(37, 66)",b'shadowTreeWillCommit(\n      const ShadowTree&...'
react-native,../repos/react-native/packages/react-native/ReactCommon/react/renderer/uimanager/UIManagerCommitHook.h,"(39, 34)-(39, 42)",b'~UIManagerCommitHook() noexcept'
react-native,../repos/react-native/packages/react-native/ReactCommon/react/renderer/attributedstring/AttributedStringBox.cpp,"(31, 71)-(31, 79)",b'AttributedStringBox::AttributedStringBox(Attr...'
react-native,../repos/react-native/packages/react-native/ReactCommon/react/renderer/attributedstring/AttributedStringBox.cpp,"(56, 34)-(56, 42)",b'AttributedStringBox::operator=(\n    Attribute...'
react-native,../repos/react-native/packages/react-native/ReactCommon/react/renderer/attributedstring/AttributedStringBox.h,"(43, 52)-(43, 60)",b'AttributedStringBox(AttributedStringBox&& oth...'
react-native,../repos/react-native/packages/react-native/ReactCommon/react/renderer/attributedstring/AttributedStringBox.h,"(45, 63)-(45, 71)",b'operator=(AttributedStringBox&& other) noexcept'
react-native,../repos/react-native/packages/react-native/ReactCommon/react/renderer/components/view/ViewShadowNode.cpp,"(39, 35)-(39, 43)",b'ViewShadowNode::initialize() noexcept'
react-native,../repos/react-native/packages/react-native/ReactCommon/react/renderer/components/view/ConcreteViewShadowNode.h,"(88, 21)-(88, 29)",b'initialize() noexcept'
react-native,../repos/react-native/packages/react-native/ReactCommon/react/renderer/components/view/ViewShadowNode.h,"(53, 21)-(53, 29)",b'initialize() noexcept'
react-native,../repos/react-native/packages/react-native/ReactCommon/react/renderer/observers/mutation/MutationObserverManager.h,"(40, 60)-(40, 68)",b'commitHookWasRegistered(const UIManager& uiMa...'
react-native,../repos/react-native/packages/react-native/ReactCommon/react/renderer/observers/mutation/MutationObserverManager.h,"(41, 62)-(41, 70)",b'commitHookWasUnregistered(const UIManager& ui...'
react-native,../repos/react-native/packages/react-native/ReactCommon/react/renderer/observers/mutation/MutationObserverManager.h,"(46, 58)-(46, 66)",b'shadowTreeWillCommit(\n      const ShadowTree&...'
react-native,../repos/react-native/packages/react-native/ReactCommon/react/renderer/observers/mutation/MutationObserverManager.cpp,"(102, 33)-(102, 41)",b'MutationObserverManager::commitHookWasRegiste...'
react-native,../repos/react-native/packages/react-native/ReactCommon/react/renderer/observers/mutation/MutationObserverManager.cpp,"(104, 33)-(104, 41)",b'MutationObserverManager::commitHookWasUnregis...'
react-native,../repos/react-native/packages/react-native/ReactCommon/react/renderer/observers/mutation/MutationObserverManager.cpp,"(109, 56)-(109, 64)",b'MutationObserverManager::shadowTreeWillCommit...'
react-native,../repos/react-native/packages/react-native/ReactCommon/react/renderer/observers/intersection/IntersectionObserverManager.h,"(45, 25)-(45, 33)",b'shadowTreeDidMount(\n      const RootShadowNod...'
react-native,../repos/react-native/packages/react-native/ReactCommon/react/renderer/observers/intersection/IntersectionObserverManager.cpp,"(159, 23)-(159, 31)",b'IntersectionObserverManager::shadowTreeDidMou...'
react-native,../repos/react-native/packages/react-native/ReactCommon/react/bridging/Function.h,"(32, 39)-(32, 47)",b'operator()(Args... args) const noexcept'
react-native,../repos/react-native/packages/react-native/ReactCommon/react/bridging/Function.h,"(36, 33)-(36, 41)",b'call(Args... args) const noexcept'
react-native,../repos/react-native/packages/react-native/ReactCommon/react/bridging/Function.h,"(41, 13)-(41, 21)","b'callWithPriority(SchedulerPriority priority, ...'"
react-native,../repos/react-native/packages/react-native/ReactCommon/react/bridging/Function.h,"(46, 13)-(46, 21)","b'call(std::function<void(jsi::Runtime&, jsi::F...'"
react-native,../repos/react-native/packages/react-native/ReactCommon/react/bridging/Function.h,"(53, 13)-(53, 21)",b'callWithPriority(\n      SchedulerPriority pri...'
react-native,../repos/react-native/packages/react-native/ReactCommon/react/bridging/Function.h,"(63, 13)-(63, 21)",b'callWithArgs(std::optional<SchedulerPriority>...'
react-native,../repos/react-native/packages/react-native/ReactCommon/react/bridging/Function.h,"(83, 13)-(83, 21)",b'callWithFunction(\n      std::optional<Schedul...'
react-native,../repos/react-native/packages/react-native/ReactCommon/react/bridging/CallbackWrapper.h,"(51, 29)-(51, 37)",b'callback() noexcept'
react-native,../repos/react-native/packages/react-native/ReactCommon/react/bridging/CallbackWrapper.h,"(55, 27)-(55, 35)",b'runtime() noexcept'
react-native,../repos/react-native/packages/react-native/ReactCommon/react/bridging/CallbackWrapper.h,"(59, 28)-(59, 36)",b'jsInvoker() noexcept'
react-native,../repos/react-native/packages/react-native/ReactCommon/react/bridging/CallbackWrapper.h,"(63, 47)-(63, 55)",b'jsInvokerPtr() noexcept'
react-native,../repos/react-native/packages/react-native/ReactCommon/react/bridging/tests/BridgingTest.h,"(20, 48)-(20, 56)",b'invokeAsync(std::function<void()>&& fn) noexc...'
react-native,../repos/react-native/packages/react-native/ReactCommon/callinvoker/ReactCommon/CallInvoker.h,"(25, 45)-(25, 53)",b'invokeAsync(CallFunc&& func) noexcept'
react-native,../repos/react-native/packages/react-native/ReactCommon/callinvoker/ReactCommon/CallInvoker.h,"(28, 24)-(28, 32)",b'invokeAsync(\n      SchedulerPriority /*priori...'
react-native,../repos/react-native/packages/react-native/ReactCommon/callinvoker/ReactCommon/CallInvoker.h,"(41, 24)-(41, 32)",b'invokeAsync(\n      const std::string& methodN...'
react-native,../repos/react-native/packages/react-native/ReactCommon/yoga/yoga/debug/Log.cpp,"(32, 51)-(32, 59)","b'log(LogLevel level, const char* format, ...) ...'"
react-native,../repos/react-native/packages/react-native/ReactCommon/yoga/yoga/debug/Log.cpp,"(43, 10)-(43, 18)","b'log(\n    const yoga::Node* node,\n    LogLevel...'"
react-native,../repos/react-native/packages/react-native/ReactCommon/yoga/yoga/debug/Log.cpp,"(55, 10)-(55, 18)","b'log(\n    const yoga::Config* config,\n    LogL...'"
react-native,../repos/react-native/packages/react-native/ReactCommon/yoga/yoga/debug/Log.h,"(18, 51)-(18, 59)","b'log(LogLevel level, const char* format, ...) ...'"
react-native,../repos/react-native/packages/react-native/ReactCommon/yoga/yoga/debug/Log.h,"(24, 10)-(24, 18)","b'log(\n    const yoga::Node* node,\n    LogLevel...'"
react-native,../repos/react-native/packages/react-native/ReactCommon/yoga/yoga/debug/Log.h,"(30, 10)-(30, 18)","b'log(\n    const yoga::Config* config,\n    LogL...'"
react-native,../repos/react-native/packages/react-native/ReactCommon/yoga/yoga/node/Node.h,"(64, 31)-(64, 39)",b'hasMeasureFunc() const noexcept'
react-native,../repos/react-native/packages/react-native/ReactCommon/yoga/yoga/node/Node.h,"(70, 32)-(70, 40)",b'hasBaselineFunc() const noexcept'
react-native,../repos/react-native/packages/react-native/ReactCommon/yoga/yoga/enums/YogaEnums.h,"(47, 50)-(47, 58)",b'to_underlying(Enumeration auto e) noexcept'
