Repo name,File name,Location,Content
react-native,../repos/react-native/packages/react-native/Libraries/Required/RCTRequired.h,"(65, 3)-(65, 15)",b'~RCTRequired()'
react-native,../repos/react-native/packages/react-native/Libraries/Blob/RCTBlobCollector.h,"(17, 3)-(17, 20)",b'~RCTBlobCollector()'
react-native,../repos/react-native/packages/react-native/Libraries/WebPerformance/NativePerformanceObserver.cpp,"(33, 28)-(33, 54)",b'NativePerformanceObserver::~NativePerformance...'
react-native,../repos/react-native/packages/react-native/Libraries/WebPerformance/NativePerformanceObserver.h,"(55, 3)-(55, 29)",b'~NativePerformanceObserver()'
react-native,../repos/react-native/packages/react-native/React/Fabric/Utils/PlatformRunLoopObserver.h,"(28, 3)-(28, 27)",b'~PlatformRunLoopObserver()'
react-native,../repos/react-native/packages/react-native/React/Inspector/RCTCxxInspectorPackagerConnectionDelegate.h,"(26, 13)-(26, 23)",b'~WebSocket() override'
react-native,../repos/react-native/packages/react-native/React/CxxBridge/RCTMessageThread.h,"(23, 3)-(23, 20)",b'~RCTMessageThread() override'
react-native,../repos/react-native/packages/react-native/ReactAndroid/src/main/jni/first-party/fb/include/fb/RefPtr.h,"(80, 3)-(80, 10)",b'~RefPtr()'
react-native,../repos/react-native/packages/react-native/ReactAndroid/src/main/jni/first-party/fb/include/fb/Countable.h,"(21, 11)-(21, 21)",b'~Countable()'
react-native,../repos/react-native/packages/react-native/ReactAndroid/src/main/jni/first-party/yogajni/jni/YogaJniException.cpp,"(35, 19)-(35, 36)",b'YogaJniException::~YogaJniException'
react-native,../repos/react-native/packages/react-native/ReactAndroid/src/main/jni/first-party/yogajni/jni/LayoutContext.cpp,"(26, 26)-(26, 35)",b'Provider::~Provider'
react-native,../repos/react-native/packages/react-native/ReactAndroid/src/main/jni/first-party/yogajni/jni/YogaJniException.h,"(21, 3)-(21, 20)",b'~YogaJniException() override'
react-native,../repos/react-native/packages/react-native/ReactAndroid/src/main/jni/first-party/yogajni/jni/ScopedGlobalRef.h,"(85, 3)-(85, 19)",b'~ScopedGlobalRef()'
react-native,../repos/react-native/packages/react-native/ReactAndroid/src/main/jni/first-party/yogajni/jni/ScopedLocalRef.h,"(84, 3)-(84, 18)",b'~ScopedLocalRef()'
react-native,../repos/react-native/packages/react-native/ReactAndroid/src/main/jni/react/runtime/jni/JBindingsInstaller.h,"(25, 3)-(25, 22)",b'~JBindingsInstaller()'
react-native,../repos/react-native/packages/react-native/ReactAndroid/src/main/jni/react/runtime/hermes/jni/JHermesInstance.h,"(41, 3)-(41, 19)",b'~JHermesInstance()'
react-native,../repos/react-native/packages/react-native/ReactAndroid/src/main/jni/react/fabric/AsyncEventBeat.h,"(24, 3)-(24, 18)",b'~AsyncEventBeat() override'
react-native,../repos/react-native/packages/react-native/ReactAndroid/src/main/jni/react/fabric/AsyncEventBeat.cpp,"(28, 17)-(28, 32)",b'AsyncEventBeat::~AsyncEventBeat'
react-native,../repos/react-native/packages/react-native/ReactAndroid/src/main/jni/react/fabric/EventBeatManager.h,"(27, 11)-(27, 36)",b'~EventBeatManagerObserver() noexcept'
react-native,../repos/react-native/packages/react-native/ReactAndroid/src/main/jni/react/jni/ProxyExecutor.cpp,"(51, 16)-(51, 30)",b'ProxyExecutor::~ProxyExecutor'
react-native,../repos/react-native/packages/react-native/ReactAndroid/src/main/jni/react/jni/ProxyExecutor.h,"(39, 11)-(39, 25)",b'~ProxyExecutor() override'
react-native,../repos/react-native/packages/react-native/ReactAndroid/src/main/jni/react/jni/JSLoader.cpp,"(29, 11)-(29, 30)",b'~AssetManagerString()'
react-native,../repos/react-native/packages/react-native/ReactAndroid/src/main/jni/react/devsupport/JCxxInspectorPackagerConnectionWebSocket.cpp,"(27, 5)-(27, 46)",b'JCxxInspectorPackagerConnectionWebSocket::\n  ...'
react-native,../repos/react-native/packages/react-native/ReactAndroid/src/main/jni/react/devsupport/JCxxInspectorPackagerConnectionWebSocket.h,"(31, 3)-(31, 44)",b'~JCxxInspectorPackagerConnectionWebSocket()'
react-native,../repos/react-native/packages/react-native/ReactAndroid/src/main/jni/react/reactnativeblob/BlobCollector.cpp,"(26, 16)-(26, 30)",b'BlobCollector::~BlobCollector'
react-native,../repos/react-native/packages/react-native/ReactAndroid/src/main/jni/react/reactnativeblob/BlobCollector.h,"(19, 3)-(19, 17)",b'~BlobCollector()'
react-native,../repos/react-native/packages/react-native/ReactCommon/jsc/JSCRuntime.cpp,"(41, 3)-(41, 14)",b'~JSCRuntime()'
react-native,../repos/react-native/packages/react-native/ReactCommon/jsc/JSCRuntime.cpp,"(380, 13)-(380, 24)",b'JSCRuntime::~JSCRuntime'
react-native,../repos/react-native/packages/react-native/ReactCommon/reactperflogger/reactperflogger/NativeModulePerfLogger.h,"(19, 11)-(19, 34)",b'~NativeModulePerfLogger()'
react-native,../repos/react-native/packages/react-native/ReactCommon/cxxreact/MessageQueueThread.h,"(18, 11)-(18, 30)",b'~MessageQueueThread()'
react-native,../repos/react-native/packages/react-native/ReactCommon/cxxreact/Instance.cpp,"(35, 11)-(35, 20)",b'Instance::~Instance'
react-native,../repos/react-native/packages/react-native/ReactCommon/cxxreact/JSExecutor.h,"(33, 11)-(33, 28)",b'~ExecutorDelegate()'
react-native,../repos/react-native/packages/react-native/ReactCommon/cxxreact/JSExecutor.h,"(53, 11)-(53, 29)",b'~JSExecutorFactory()'
react-native,../repos/react-native/packages/react-native/ReactCommon/cxxreact/JSExecutor.h,"(130, 11)-(130, 22)",b'~JSExecutor()'
react-native,../repos/react-native/packages/react-native/ReactCommon/cxxreact/Instance.h,"(35, 11)-(35, 28)",b'~InstanceCallback()'
react-native,../repos/react-native/packages/react-native/ReactCommon/cxxreact/JSBigString.h,"(37, 11)-(37, 23)",b'~JSBigString()'
react-native,../repos/react-native/packages/react-native/ReactCommon/cxxreact/JSBigString.h,"(84, 3)-(84, 21)",b'~JSBigBufferString() override'
react-native,../repos/react-native/packages/react-native/ReactCommon/cxxreact/JSBigString.h,"(113, 3)-(113, 19)",b'~JSBigFileString() override'
react-native,../repos/react-native/packages/react-native/ReactCommon/cxxreact/CxxModule.h,"(212, 11)-(212, 21)",b'~CxxModule()'
react-native,../repos/react-native/packages/react-native/ReactCommon/cxxreact/NativeToJsBridge.h,"(50, 11)-(50, 28)",b'~NativeToJsBridge()'
react-native,../repos/react-native/packages/react-native/ReactCommon/cxxreact/JSBigString.cpp,"(51, 18)-(51, 34)",b'JSBigFileString::~JSBigFileString'
react-native,../repos/react-native/packages/react-native/ReactCommon/cxxreact/NativeModule.h,"(31, 11)-(31, 24)",b'~NativeModule()'
react-native,../repos/react-native/packages/react-native/ReactCommon/cxxreact/JSModulesUnbundle.h,"(39, 11)-(39, 29)",b'~JSModulesUnbundle()'
react-native,../repos/react-native/packages/react-native/ReactCommon/cxxreact/RAMBundleRegistry.h,"(44, 11)-(44, 29)",b'~RAMBundleRegistry()'
react-native,../repos/react-native/packages/react-native/ReactCommon/cxxreact/NativeToJsBridge.cpp,"(119, 19)-(119, 36)",b'NativeToJsBridge::~NativeToJsBridge'
react-native,../repos/react-native/packages/react-native/ReactCommon/jserrorhandler/JsErrorHandler.h,"(31, 3)-(31, 18)",b'~JsErrorHandler()'
react-native,../repos/react-native/packages/react-native/ReactCommon/jserrorhandler/JsErrorHandler.cpp,"(96, 17)-(96, 32)",b'JsErrorHandler::~JsErrorHandler'
react-native,../repos/react-native/packages/react-native/ReactCommon/hermes/inspector-modern/chrome/ConnectionDemux.cpp,"(33, 3)-(33, 19)",b'~LocalConnection()'
react-native,../repos/react-native/packages/react-native/ReactCommon/hermes/inspector-modern/chrome/ConnectionDemux.cpp,"(50, 18)-(50, 34)",b'LocalConnection::~LocalConnection'
react-native,../repos/react-native/packages/react-native/ReactCommon/hermes/inspector-modern/chrome/ConnectionDemux.cpp,"(68, 18)-(68, 34)",b'ConnectionDemux::~ConnectionDemux'
react-native,../repos/react-native/packages/react-native/ReactCommon/hermes/inspector-modern/chrome/tests/ConnectionDemuxTests.cpp,"(73, 3)-(73, 24)",b'~TestRemoteConnection()'
react-native,../repos/react-native/packages/react-native/ReactCommon/hermes/inspector-modern/chrome/ConnectionDemux.h,"(38, 3)-(38, 19)",b'~ConnectionDemux()'
react-native,../repos/react-native/packages/react-native/ReactCommon/hermes/executor/HermesExecutorFactory.cpp,"(38, 11)-(38, 40)",b'~HermesExecutorRuntimeAdapter()'
react-native,../repos/react-native/packages/react-native/ReactCommon/hermes/executor/HermesExecutorFactory.cpp,"(160, 3)-(160, 20)",b'~DecoratedRuntime()'
react-native,../repos/react-native/packages/react-native/ReactCommon/jsi/jsi/jsilib-windows.cpp,"(20, 13)-(20, 24)",b'FileBuffer::~FileBuffer'
react-native,../repos/react-native/packages/react-native/ReactCommon/jsi/jsi/jsilib-posix.cpp,"(56, 3)-(56, 14)",b'~ScopedFile()'
react-native,../repos/react-native/packages/react-native/ReactCommon/jsi/jsi/jsilib-posix.cpp,"(90, 13)-(90, 24)",b'FileBuffer::~FileBuffer'
react-native,../repos/react-native/packages/react-native/ReactCommon/jsi/jsi/jsi.h,"(287, 13)-(287, 26)",b'~PointerValue()'
react-native,../repos/react-native/packages/react-native/ReactCommon/jsi/jsi/jsi.h,"(415, 3)-(415, 11)",b'~Pointer()'
react-native,../repos/react-native/packages/react-native/ReactCommon/jsi/jsi/jsi.h,"(1174, 3)-(1174, 9)",b'~Value()'
react-native,../repos/react-native/packages/react-native/ReactCommon/jsi/jsi/jsi.h,"(1196, 11)-(1196, 17)",b'this->~Value'
react-native,../repos/react-native/packages/react-native/ReactCommon/jsi/jsi/jsi.h,"(1358, 5)-(1358, 10)",b'~Data()'
react-native,../repos/react-native/packages/react-native/ReactCommon/jsi/jsi/jsi.h,"(1409, 3)-(1409, 9)",b'~Scope()'
react-native,../repos/react-native/packages/react-native/ReactCommon/jsi/jsi/jsi.h,"(1443, 11)-(1443, 24)",b'~JSIException() override'
react-native,../repos/react-native/packages/react-native/ReactCommon/jsi/jsi/jsi.h,"(1457, 11)-(1457, 30)",b'~JSINativeException()'
react-native,../repos/react-native/packages/react-native/ReactCommon/jsi/jsi/jsi.h,"(1493, 11)-(1493, 19)",b'~JSError()'
react-native,../repos/react-native/packages/react-native/ReactCommon/jsi/jsi/jsilib.h,"(18, 3)-(18, 14)",b'~FileBuffer() override'
react-native,../repos/react-native/packages/react-native/ReactCommon/jsi/jsi/decorator.h,"(799, 5)-(799, 12)",b'~Around()'
react-native,../repos/react-native/packages/react-native/ReactCommon/jsi/jsi/jsi.cpp,"(67, 9)-(67, 16)",b'Buffer::~Buffer'
react-native,../repos/react-native/packages/react-native/ReactCommon/jsi/jsi/jsi.cpp,"(69, 16)-(69, 30)",b'MutableBuffer::~MutableBuffer'
react-native,../repos/react-native/packages/react-native/ReactCommon/jsi/jsi/jsi.cpp,"(71, 21)-(71, 40)",b'PreparedJavaScript::~PreparedJavaScript'
react-native,../repos/react-native/packages/react-native/ReactCommon/jsi/jsi/jsi.cpp,"(84, 13)-(84, 24)",b'HostObject::~HostObject'
react-native,../repos/react-native/packages/react-native/ReactCommon/jsi/jsi/jsi.cpp,"(86, 14)-(86, 26)",b'NativeState::~NativeState'
react-native,../repos/react-native/packages/react-native/ReactCommon/jsi/jsi/jsi.cpp,"(88, 10)-(88, 18)",b'Runtime::~Runtime'
react-native,../repos/react-native/packages/react-native/ReactCommon/jsi/jsi/jsi.cpp,"(252, 8)-(252, 14)",b'Value::~Value'
react-native,../repos/react-native/packages/react-native/ReactCommon/jsi/jsi/jsi.cpp,"(254, 19)-(254, 27)",b'data_.pointer.~Pointer'
react-native,../repos/react-native/packages/react-native/ReactCommon/jsi/jsi/jsi.cpp,"(527, 15)-(527, 28)",b'JSIException::~JSIException'
react-native,../repos/react-native/packages/react-native/ReactCommon/jsi/jsi/jsi.cpp,"(529, 21)-(529, 40)",b'JSINativeException::~JSINativeException'
react-native,../repos/react-native/packages/react-native/ReactCommon/jsi/jsi/jsi.cpp,"(531, 10)-(531, 18)",b'JSError::~JSError'
react-native,../repos/react-native/packages/react-native/ReactCommon/react/runtime/PlatformTimerRegistry.h,"(27, 11)-(27, 33)",b'~PlatformTimerRegistry() noexcept'
react-native,../repos/react-native/packages/react-native/ReactCommon/react/runtime/TimerManager.h,"(31, 3)-(31, 15)",b'~TimerHandle() override'
react-native,../repos/react-native/packages/react-native/ReactCommon/react/runtime/hermes/HermesInstance.cpp,"(45, 11)-(45, 40)",b'~HermesInstanceRuntimeAdapter()'
react-native,../repos/react-native/packages/react-native/ReactCommon/react/runtime/hermes/HermesInstance.cpp,"(82, 3)-(82, 20)",b'~DecoratedRuntime()'
react-native,../repos/react-native/packages/react-native/ReactCommon/react/runtime/platform/ios/ReactCommon/RCTJscInstance.h,"(22, 3)-(22, 18)",b'~RCTJscInstance()'
react-native,../repos/react-native/packages/react-native/ReactCommon/react/runtime/platform/ios/ReactCommon/RCTHermesInstance.h,"(32, 3)-(32, 21)",b'~RCTHermesInstance()'
react-native,../repos/react-native/packages/react-native/ReactCommon/react/runtime/JSRuntimeFactory.h,"(23, 11)-(23, 21)",b'~JSRuntime()'
react-native,../repos/react-native/packages/react-native/ReactCommon/react/runtime/JSRuntimeFactory.h,"(34, 11)-(34, 28)",b'~JSRuntimeFactory()'
react-native,../repos/react-native/packages/react-native/ReactCommon/react/utils/RunLoopObserver.h,"(69, 13)-(69, 22)",b'~Delegate() noexcept'
react-native,../repos/react-native/packages/react-native/ReactCommon/react/utils/RunLoopObserver.h,"(80, 11)-(80, 27)",b'~RunLoopObserver() noexcept'
react-native,../repos/react-native/packages/react-native/ReactCommon/react/config/ReactNativeConfig.h,"(21, 11)-(21, 29)",b'~ReactNativeConfig()'
react-native,../repos/react-native/packages/react-native/ReactCommon/react/nativemodule/core/platform/android/ReactCommon/JavaTurboModule.cpp,"(38, 18)-(38, 34)",b'JavaTurboModule::~JavaTurboModule'
react-native,../repos/react-native/packages/react-native/ReactCommon/react/nativemodule/core/platform/android/ReactCommon/JavaTurboModule.h,"(37, 11)-(37, 27)",b'~JavaTurboModule()'
react-native,../repos/react-native/packages/react-native/ReactCommon/react/nativemodule/core/ReactCommon/TurboModuleBinding.h,"(40, 11)-(40, 30)",b'~TurboModuleBinding()'
react-native,../repos/react-native/packages/react-native/ReactCommon/react/nativemodule/core/ReactCommon/TurboModuleUtils.h,"(46, 3)-(46, 32)",b'~RAIICallbackWrapperDestroyer()'
react-native,../repos/react-native/packages/react-native/ReactCommon/react/nativemodule/core/ReactCommon/TurboModuleBinding.cpp,"(150, 21)-(150, 40)",b'TurboModuleBinding::~TurboModuleBinding'
react-native,../repos/react-native/packages/react-native/ReactCommon/react/renderer/runtimescheduler/RuntimeScheduler.h,"(22, 11)-(22, 32)",b'~RuntimeSchedulerBase()'
react-native,../repos/react-native/packages/react-native/ReactCommon/react/renderer/scheduler/Scheduler.cpp,"(172, 12)-(172, 22)",b'Scheduler::~Scheduler'
react-native,../repos/react-native/packages/react-native/ReactCommon/react/renderer/scheduler/SurfaceHandler.cpp,"(329, 17)-(329, 32)",b'SurfaceHandler::~SurfaceHandler'
react-native,../repos/react-native/packages/react-native/ReactCommon/react/renderer/scheduler/SurfaceHandler.h,"(65, 11)-(65, 26)",b'~SurfaceHandler() noexcept'
react-native,../repos/react-native/packages/react-native/ReactCommon/react/renderer/scheduler/SchedulerDelegate.h,"(55, 11)-(55, 29)",b'~SchedulerDelegate() noexcept'
react-native,../repos/react-native/packages/react-native/ReactCommon/react/renderer/scheduler/Scheduler.h,"(42, 3)-(42, 13)",b'~Scheduler() override'
react-native,../repos/react-native/packages/react-native/ReactCommon/react/renderer/debug/DebugStringConvertible.h,"(48, 11)-(48, 34)",b'~DebugStringConvertible()'
react-native,../repos/react-native/packages/react-native/ReactCommon/react/renderer/mounting/ShadowTreeRegistry.h,"(24, 3)-(24, 22)",b'~ShadowTreeRegistry()'
react-native,../repos/react-native/packages/react-native/ReactCommon/react/renderer/mounting/ShadowTreeDelegate.h,"(39, 11)-(39, 30)",b'~ShadowTreeDelegate() noexcept'
react-native,../repos/react-native/packages/react-native/ReactCommon/react/renderer/mounting/MountingOverrideDelegate.h,"(24, 11)-(24, 36)",b'~MountingOverrideDelegate()'
react-native,../repos/react-native/packages/react-native/ReactCommon/react/renderer/mounting/ShadowTree.h,"(85, 3)-(85, 14)",b'~ShadowTree()'
react-native,../repos/react-native/packages/react-native/ReactCommon/react/renderer/mounting/ShadowTreeRegistry.cpp,"(14, 21)-(14, 40)",b'ShadowTreeRegistry::~ShadowTreeRegistry'
react-native,../repos/react-native/packages/react-native/ReactCommon/react/renderer/mounting/ShadowTree.cpp,"(313, 13)-(313, 24)",b'ShadowTree::~ShadowTree'
react-native,../repos/react-native/packages/react-native/ReactCommon/react/renderer/imagemanager/ImageManager.h,"(30, 11)-(30, 24)",b'~ImageManager()'
react-native,../repos/react-native/packages/react-native/ReactCommon/react/renderer/imagemanager/platform/cxx/react/renderer/imagemanager/ImageManager.cpp,"(19, 15)-(19, 28)",b'ImageManager::~ImageManager'
react-native,../repos/react-native/packages/react-native/ReactCommon/react/renderer/imagemanager/ImageResponseObserver.h,"(20, 11)-(20, 33)",b'~ImageResponseObserver() noexcept'
react-native,../repos/react-native/packages/react-native/ReactCommon/react/renderer/timeline/TimelineHandler.h,"(20, 3)-(20, 19)",b'~TimelineHandler() noexcept'
react-native,../repos/react-native/packages/react-native/ReactCommon/react/renderer/timeline/TimelineHandler.cpp,"(23, 18)-(23, 34)",b'TimelineHandler::~TimelineHandler'
react-native,../repos/react-native/packages/react-native/ReactCommon/react/renderer/core/Sealable.h,"(66, 3)-(66, 12)",b'~Sealable() noexcept'
react-native,../repos/react-native/packages/react-native/ReactCommon/react/renderer/core/State.h,"(42, 11)-(42, 17)",b'~State()'
react-native,../repos/react-native/packages/react-native/ReactCommon/react/renderer/core/Props.h,"(37, 11)-(37, 17)",b'~Props()'
react-native,../repos/react-native/packages/react-native/ReactCommon/react/renderer/core/Sealable.cpp,"(37, 11)-(37, 20)",b'Sealable::~Sealable'
react-native,../repos/react-native/packages/react-native/ReactCommon/react/renderer/core/ConcreteState.h,"(47, 3)-(47, 17)",b'~ConcreteState() override'
react-native,../repos/react-native/packages/react-native/ReactCommon/react/renderer/core/EventEmitter.h,"(45, 11)-(45, 24)",b'~EventEmitter()'
react-native,../repos/react-native/packages/react-native/ReactCommon/react/renderer/core/ComponentDescriptor.h,"(52, 11)-(52, 31)",b'~ComponentDescriptor()'
react-native,../repos/react-native/packages/react-native/ReactCommon/react/renderer/core/ShadowNode.h,"(91, 11)-(91, 22)",b'~ShadowNode() override'
react-native,../repos/react-native/packages/react-native/ReactCommon/react/renderer/core/EventPayload.h,"(20, 11)-(20, 24)",b'~EventPayload()'
react-native,../repos/react-native/packages/react-native/ReactCommon/react/renderer/core/EventLogger.h,"(23, 11)-(23, 23)",b'~EventLogger()'
react-native,../repos/react-native/packages/react-native/ReactCommon/react/renderer/core/EventBeat.h,"(51, 11)-(51, 21)",b'~EventBeat()'
react-native,../repos/react-native/packages/react-native/ReactCommon/react/renderer/core/EventQueue.h,"(31, 11)-(31, 22)",b'~EventQueue()'
react-native,../repos/react-native/packages/react-native/ReactCommon/react/renderer/textlayoutmanager/platform/cxx/TextLayoutManager.h,"(33, 11)-(33, 29)",b'~TextLayoutManager()'
react-native,../repos/react-native/packages/react-native/ReactCommon/react/renderer/uimanager/UIManagerBinding.h,"(41, 3)-(41, 20)",b'~UIManagerBinding() override'
react-native,../repos/react-native/packages/react-native/ReactCommon/react/renderer/uimanager/UIManagerMountHook.h,"(31, 11)-(31, 30)",b'~UIManagerMountHook() noexcept'
react-native,../repos/react-native/packages/react-native/ReactCommon/react/renderer/uimanager/UIManager.cpp,"(40, 24)-(40, 46)",b'ShadowNodeListWrapper::~ShadowNodeListWrapper'
react-native,../repos/react-native/packages/react-native/ReactCommon/react/renderer/uimanager/UIManager.cpp,"(60, 12)-(60, 22)",b'UIManager::~UIManager'
react-native,../repos/react-native/packages/react-native/ReactCommon/react/renderer/uimanager/LayoutAnimationStatusDelegate.h,"(27, 11)-(27, 41)",b'~LayoutAnimationStatusDelegate()'
react-native,../repos/react-native/packages/react-native/ReactCommon/react/renderer/uimanager/UIManagerDelegate.h,"(61, 11)-(61, 29)",b'~UIManagerDelegate() noexcept'
react-native,../repos/react-native/packages/react-native/ReactCommon/react/renderer/uimanager/UIManagerAnimationDelegate.h,"(19, 11)-(19, 38)",b'~UIManagerAnimationDelegate()'
react-native,../repos/react-native/packages/react-native/ReactCommon/react/renderer/uimanager/UIManagerBinding.cpp,"(60, 19)-(60, 36)",b'UIManagerBinding::~UIManagerBinding'
react-native,../repos/react-native/packages/react-native/ReactCommon/react/renderer/uimanager/UIManagerCommitHook.h,"(39, 11)-(39, 31)",b'~UIManagerCommitHook() noexcept'
react-native,../repos/react-native/packages/react-native/ReactCommon/react/renderer/uimanager/UIManager.h,"(43, 3)-(43, 13)",b'~UIManager() override'
react-native,../repos/react-native/packages/react-native/ReactCommon/react/renderer/uimanager/primitives.h,"(32, 3)-(32, 25)",b'~ShadowNodeListWrapper() override'
react-native,../repos/react-native/packages/react-native/ReactCommon/react/renderer/components/view/platform/android/react/renderer/components/view/NativeDrawable.h,"(55, 3)-(55, 18)",b'~NativeDrawable()'
react-native,../repos/react-native/packages/react-native/ReactCommon/react/bridging/Promise.h,"(80, 5)-(80, 17)",b'~SharedState()'
react-native,../repos/react-native/packages/react-native/ReactCommon/react/bridging/Function.h,"(120, 3)-(120, 16)",b'~SyncCallback()'
react-native,../repos/react-native/packages/react-native/ReactCommon/react/bridging/LongLivedObject.h,"(35, 11)-(35, 27)",b'~LongLivedObject()'
react-native,../repos/react-native/packages/react-native/ReactCommon/react/bridging/tests/BridgingTest.h,"(45, 3)-(45, 16)",b'~BridgingTest()'
react-native,../repos/react-native/packages/react-native/ReactCommon/callinvoker/ReactCommon/CallInvoker.h,"(34, 11)-(34, 23)",b'~CallInvoker()'
react-native,../repos/react-native/packages/react-native/ReactCommon/callinvoker/ReactCommon/CallInvoker.h,"(43, 11)-(43, 35)",b'~NativeMethodCallInvoker()'
react-native,../repos/react-native/packages/react-native/ReactCommon/jsinspector-modern/InspectorInterfaces.cpp,"(21, 16)-(21, 30)",b'IDestructible::~IDestructible'
react-native,../repos/react-native/packages/react-native/ReactCommon/jsinspector-modern/InspectorInterfaces.cpp,"(22, 19)-(22, 36)",b'ILocalConnection::~ILocalConnection'
react-native,../repos/react-native/packages/react-native/ReactCommon/jsinspector-modern/InspectorInterfaces.cpp,"(23, 20)-(23, 38)",b'IRemoteConnection::~IRemoteConnection'
react-native,../repos/react-native/packages/react-native/ReactCommon/jsinspector-modern/InspectorInterfaces.cpp,"(24, 13)-(24, 24)",b'IInspector::~IInspector'
react-native,../repos/react-native/packages/react-native/ReactCommon/jsinspector-modern/InspectorInterfaces.cpp,"(25, 22)-(25, 42)",b'IPageStatusListener::~IPageStatusListener'
react-native,../repos/react-native/packages/react-native/ReactCommon/jsinspector-modern/tests/UniquePtrFactoryTest.cpp,"(20, 11)-(20, 15)",b'~Foo()'
react-native,../repos/react-native/packages/react-native/ReactCommon/jsinspector-modern/tests/UniquePtrFactory.h,"(100, 13)-(100, 20)",b'~Facade() override'
react-native,../repos/react-native/packages/react-native/ReactCommon/jsinspector-modern/InspectorUtilities.cpp,"(35, 23)-(35, 44)",b'RAIIRemoteConnection::~RAIIRemoteConnection'
react-native,../repos/react-native/packages/react-native/ReactCommon/jsinspector-modern/InspectorFlags.h,"(46, 3)-(46, 18)",b'~InspectorFlags()'
react-native,../repos/react-native/packages/react-native/ReactCommon/jsinspector-modern/InspectorUtilities.h,"(46, 3)-(46, 24)",b'~RAIIRemoteConnection()'
react-native,../repos/react-native/packages/react-native/ReactCommon/jsinspector-modern/WebSocketInterfaces.h,"(26, 11)-(26, 22)",b'~IWebSocket()'
react-native,../repos/react-native/packages/react-native/ReactCommon/jsinspector-modern/WebSocketInterfaces.h,"(38, 11)-(38, 30)",b'~IWebSocketDelegate()'
react-native,../repos/react-native/packages/react-native/ReactCommon/jsinspector-modern/InspectorPackagerConnection.h,"(61, 11)-(61, 47)",b'~InspectorPackagerConnectionDelegate()'
react-native,../repos/react-native/packages/react-native/ReactCommon/jsinspector-modern/InspectorInterfaces.h,"(31, 11)-(31, 25)",b'~IDestructible()'
react-native,../repos/react-native/packages/react-native/ReactCommon/jsinspector-modern/InspectorInterfaces.h,"(94, 11)-(94, 22)",b'~IInspector()'
react-native,../repos/react-native/packages/rn-tester/NativeCxxModuleExample/NativeCxxModuleExample.h,"(80, 3)-(80, 21)",b'~HostObjectWrapper() override'
