Repo name,File name,Location,Content
react-native,../repos/react-native/packages/react-native/Libraries/MutationObserver/NativeMutationObserver.h,"(52, 31)-(52, 41)",b'shared_ptr<CallInvoker>'
react-native,../repos/react-native/packages/react-native/Libraries/AppDelegate/RCTAppSetupUtils.h,"(37, 6)-(37, 16)",b'unique_ptr<facebook::react::JSExecutorFactory>'
react-native,../repos/react-native/packages/react-native/Libraries/AppDelegate/RCTAppSetupUtils.h,"(40, 16)-(40, 26)",b'shared_ptr<facebook::react::RuntimeScheduler>'
react-native,../repos/react-native/packages/react-native/Libraries/AppDelegate/RCTAppSetupUtils.h,"(42, 6)-(42, 16)",b'unique_ptr<facebook::react::JSExecutorFactory>'
react-native,../repos/react-native/packages/react-native/Libraries/AppDelegate/RCTAppSetupUtils.h,"(44, 16)-(44, 26)",b'shared_ptr<facebook::react::RuntimeScheduler>'
react-native,../repos/react-native/packages/react-native/Libraries/IntersectionObserver/NativeIntersectionObserver.h,"(62, 35)-(62, 45)",b'shared_ptr<CallInvoker>'
react-native,../repos/react-native/packages/react-native/Libraries/WebPerformance/NativePerformance.h,"(26, 26)-(26, 36)",b'shared_ptr<CallInvoker>'
react-native,../repos/react-native/packages/react-native/Libraries/WebPerformance/NativePerformanceObserver.h,"(54, 34)-(54, 44)",b'shared_ptr<CallInvoker>'
react-native,../repos/react-native/packages/react-native/React/Fabric/RCTScheduler.h,"(52, 33)-(52, 43)",b'shared_ptr<facebook::react::UIManager>'
react-native,../repos/react-native/packages/react-native/React/Fabric/RCTScheduler.h,"(72, 38)-(72, 48)",b'shared_ptr<facebook::react::EventListener>'
react-native,../repos/react-native/packages/react-native/React/Fabric/RCTScheduler.h,"(74, 41)-(74, 51)",b'shared_ptr<facebook::react::EventListener>'
react-native,../repos/react-native/packages/react-native/React/CxxModule/RCTCxxUtils.h,"(21, 18)-(21, 28)",b'unique_ptr<NativeModule>'
react-native,../repos/react-native/packages/react-native/React/CxxModule/RCTCxxUtils.h,"(22, 86)-(22, 96)",b'shared_ptr<Instance>'
react-native,../repos/react-native/packages/react-native/ReactAndroid/src/main/jni/first-party/yogajni/jni/YGJNIVanilla.cpp,"(44, 23)-(44, 33)",b'unique_ptr<ScopedGlobalRef<jobject>>'
react-native,../repos/react-native/packages/react-native/ReactAndroid/src/main/jni/react/runtime/jni/JReactInstance.cpp,"(148, 8)-(148, 18)",b'unique_ptr<const JSBigFileString>'
react-native,../repos/react-native/packages/react-native/ReactAndroid/src/main/jni/react/runtime/hermes/jni/JHermesInstance.cpp,"(18, 8)-(18, 18)",b'shared_ptr<const ReactNativeConfig>'
react-native,../repos/react-native/packages/react-native/ReactAndroid/src/main/jni/react/newarchdefaults/DefaultComponentsRegistry.cpp,"(18, 25)-(18, 35)",b'shared_ptr<const ComponentDescriptorProviderR...'
react-native,../repos/react-native/packages/react-native/ReactAndroid/src/main/jni/react/newarchdefaults/DefaultTurboModuleManagerDelegate.cpp,"(30, 20)-(30, 30)",b'shared_ptr<TurboModule>'
react-native,../repos/react-native/packages/react-native/ReactAndroid/src/main/jni/react/newarchdefaults/DefaultTurboModuleManagerDelegate.cpp,"(32, 16)-(32, 26)",b'shared_ptr<CallInvoker>'
react-native,../repos/react-native/packages/react-native/ReactAndroid/src/main/jni/react/newarchdefaults/DefaultTurboModuleManagerDelegate.cpp,"(35, 20)-(35, 30)",b'shared_ptr<TurboModule>'
react-native,../repos/react-native/packages/react-native/ReactAndroid/src/main/jni/react/fabric/FabricMountingManager.h,"(27, 12)-(27, 22)",b'shared_ptr<const ReactNativeConfig>'
react-native,../repos/react-native/packages/react-native/ReactAndroid/src/main/jni/react/fabric/CoreComponentsRegistry.cpp,"(35, 20)-(35, 30)",b'shared_ptr<ComponentDescriptorProviderRegistry>'
react-native,../repos/react-native/packages/react-native/ReactAndroid/src/main/jni/react/fabric/Binding.cpp,"(352, 8)-(352, 18)",b'shared_ptr<const ReactNativeConfig>'
react-native,../repos/react-native/packages/react-native/ReactAndroid/src/main/jni/react/fabric/Binding.cpp,"(392, 15)-(392, 25)",b'unique_ptr<EventBeat>'
react-native,../repos/react-native/packages/react-native/ReactAndroid/src/main/jni/react/fabric/Binding.cpp,"(400, 15)-(400, 25)",b'unique_ptr<EventBeat>'
react-native,../repos/react-native/packages/react-native/ReactAndroid/src/main/jni/react/jni/JSLoader.h,"(28, 6)-(28, 16)",b'unique_ptr<const JSBigString>'
react-native,../repos/react-native/packages/react-native/ReactAndroid/src/main/jni/react/jni/ProxyExecutor.h,"(38, 12)-(38, 22)",b'shared_ptr<ExecutorDelegate>'
react-native,../repos/react-native/packages/react-native/ReactAndroid/src/main/jni/react/jni/JInspector.h,"(42, 12)-(42, 22)",b'unique_ptr<jsinspector_modern::ILocalConnection>'
react-native,../repos/react-native/packages/react-native/ReactAndroid/src/main/jni/react/jni/ModuleRegistryBuilder.h,"(31, 18)-(31, 28)",b'unique_ptr<NativeModule>'
react-native,../repos/react-native/packages/react-native/ReactAndroid/src/main/jni/react/jni/ModuleRegistryBuilder.h,"(37, 10)-(37, 20)",b'shared_ptr<MessageQueueThread>'
react-native,../repos/react-native/packages/react-native/ReactAndroid/src/main/jni/react/jni/CatalystInstanceImpl.cpp,"(277, 12)-(277, 22)",b'unique_ptr<const JSBigFileString>'
react-native,../repos/react-native/packages/react-native/ReactAndroid/src/main/jni/react/jni/CatalystInstanceImpl.cpp,"(364, 10)-(364, 20)",b'shared_ptr<NativeMethodCallInvoker>'
react-native,../repos/react-native/packages/react-native/ReactAndroid/src/main/jni/react/jni/CatalystInstanceImpl.cpp,"(367, 10)-(367, 20)",b'shared_ptr<NativeMethodCallInvoker>'
react-native,../repos/react-native/packages/react-native/ReactAndroid/src/main/jni/react/jni/ModuleRegistryBuilder.cpp,"(50, 20)-(50, 30)",b'unique_ptr<NativeModule>'
react-native,../repos/react-native/packages/react-native/ReactAndroid/src/main/jni/react/turbomodule/ReactCommon/NativeMethodCallInvokerHolder.h,"(28, 12)-(28, 22)",b'shared_ptr<NativeMethodCallInvoker>'
react-native,../repos/react-native/packages/react-native/ReactAndroid/src/main/jni/react/turbomodule/ReactCommon/CallInvokerHolder.h,"(26, 26)-(26, 36)",b'shared_ptr<CallInvoker>'
react-native,../repos/react-native/packages/react-native/ReactAndroid/src/main/jni/react/turbomodule/ReactCommon/TurboModuleManager.h,"(65, 12)-(65, 22)",b'shared_ptr<CallInvoker>'
react-native,../repos/react-native/packages/react-native/ReactAndroid/src/main/jni/react/turbomodule/ReactCommon/TurboModuleManager.h,"(66, 12)-(66, 22)",b'shared_ptr<NativeMethodCallInvoker>'
react-native,../repos/react-native/packages/react-native/ReactCommon/jsiexecutor/jsireact/JSINativeModules.h,"(24, 34)-(24, 44)",b'shared_ptr<ModuleRegistry>'
react-native,../repos/react-native/packages/react-native/ReactCommon/jsiexecutor/jsireact/JSIExecutor.h,"(76, 12)-(76, 22)",b'shared_ptr<jsi::Runtime>'
react-native,../repos/react-native/packages/react-native/ReactCommon/jsiexecutor/jsireact/JSIExecutor.h,"(77, 12)-(77, 22)",b'shared_ptr<ExecutorDelegate>'
react-native,../repos/react-native/packages/react-native/ReactCommon/jsc/JSCRuntime.h,"(16, 6)-(16, 16)",b'unique_ptr<jsi::Runtime>'
react-native,../repos/react-native/packages/react-native/ReactCommon/jsc/JSCRuntime.cpp,"(306, 8)-(306, 18)",b'unique_ptr<char[]>'
react-native,../repos/react-native/packages/react-native/ReactCommon/jsc/JSCRuntime.cpp,"(1214, 12)-(1214, 22)",b'unique_ptr<jsi::Value[]>'
react-native,../repos/react-native/packages/react-native/ReactCommon/reactperflogger/reactperflogger/BridgeNativeModulePerfLogger.cpp,"(13, 6)-(13, 16)",b'unique_ptr<NativeModulePerfLogger>'
react-native,../repos/react-native/packages/react-native/ReactCommon/reactperflogger/reactperflogger/BridgeNativeModulePerfLogger.h,"(15, 25)-(15, 35)",b'unique_ptr<NativeModulePerfLogger>'
react-native,../repos/react-native/packages/react-native/ReactCommon/cxxreact/JSExecutor.h,"(67, 12)-(67, 22)",b'unique_ptr<const JSBigString>'
react-native,../repos/react-native/packages/react-native/ReactCommon/cxxreact/JSExecutor.h,"(74, 12)-(74, 22)",b'unique_ptr<RAMBundleRegistry>'
react-native,../repos/react-native/packages/react-native/ReactCommon/cxxreact/JSExecutor.h,"(106, 12)-(106, 22)",b'unique_ptr<const JSBigString>'
react-native,../repos/react-native/packages/react-native/ReactCommon/cxxreact/Instance.h,"(45, 12)-(45, 22)",b'unique_ptr<InstanceCallback>'
react-native,../repos/react-native/packages/react-native/ReactCommon/cxxreact/Instance.h,"(46, 12)-(46, 22)",b'shared_ptr<JSExecutorFactory>'
react-native,../repos/react-native/packages/react-native/ReactCommon/cxxreact/Instance.h,"(47, 12)-(47, 22)",b'shared_ptr<MessageQueueThread>'
react-native,../repos/react-native/packages/react-native/ReactCommon/cxxreact/Instance.h,"(48, 12)-(48, 22)",b'shared_ptr<ModuleRegistry>'
react-native,../repos/react-native/packages/react-native/ReactCommon/cxxreact/Instance.h,"(55, 12)-(55, 22)",b'unique_ptr<const JSBigString>'
react-native,../repos/react-native/packages/react-native/ReactCommon/cxxreact/Instance.h,"(59, 12)-(59, 22)",b'unique_ptr<const JSBigString>'
react-native,../repos/react-native/packages/react-native/ReactCommon/cxxreact/Instance.h,"(66, 12)-(66, 22)",b'unique_ptr<RAMBundleRegistry>'
react-native,../repos/react-native/packages/react-native/ReactCommon/cxxreact/Instance.h,"(67, 12)-(67, 22)",b'unique_ptr<const JSBigString>'
react-native,../repos/react-native/packages/react-native/ReactCommon/cxxreact/Instance.h,"(73, 12)-(73, 22)",b'unique_ptr<const JSBigString>'
react-native,../repos/react-native/packages/react-native/ReactCommon/cxxreact/Instance.h,"(101, 8)-(101, 18)",b'shared_ptr<CallInvoker>'
react-native,../repos/react-native/packages/react-native/ReactCommon/cxxreact/Instance.h,"(127, 8)-(127, 18)",b'shared_ptr<NativeMethodCallInvoker>'
react-native,../repos/react-native/packages/react-native/ReactCommon/cxxreact/Instance.h,"(128, 12)-(128, 22)",b'shared_ptr<NativeMethodCallInvoker>'
react-native,../repos/react-native/packages/react-native/ReactCommon/cxxreact/Instance.h,"(138, 12)-(138, 22)",b'unique_ptr<RAMBundleRegistry>'
react-native,../repos/react-native/packages/react-native/ReactCommon/cxxreact/Instance.h,"(139, 12)-(139, 22)",b'unique_ptr<const JSBigString>'
react-native,../repos/react-native/packages/react-native/ReactCommon/cxxreact/Instance.h,"(142, 12)-(142, 22)",b'unique_ptr<RAMBundleRegistry>'
react-native,../repos/react-native/packages/react-native/ReactCommon/cxxreact/Instance.h,"(143, 12)-(143, 22)",b'unique_ptr<const JSBigString>'
react-native,../repos/react-native/packages/react-native/ReactCommon/cxxreact/Instance.h,"(146, 8)-(146, 18)",b'shared_ptr<InstanceCallback>'
react-native,../repos/react-native/packages/react-native/ReactCommon/cxxreact/Instance.h,"(147, 8)-(147, 18)",b'shared_ptr<NativeToJsBridge>'
react-native,../repos/react-native/packages/react-native/ReactCommon/cxxreact/Instance.h,"(148, 8)-(148, 18)",b'shared_ptr<ModuleRegistry>'
react-native,../repos/react-native/packages/react-native/ReactCommon/cxxreact/Instance.h,"(170, 8)-(170, 18)",b'shared_ptr<JSCallInvoker>'
react-native,../repos/react-native/packages/react-native/ReactCommon/cxxreact/JSBigString.h,"(124, 15)-(124, 25)",b'unique_ptr<const JSBigFileString>'
react-native,../repos/react-native/packages/react-native/ReactCommon/cxxreact/JSIndexedRAMBundle.h,"(32, 8)-(32, 18)",b'unique_ptr<const JSBigString>'
react-native,../repos/react-native/packages/react-native/ReactCommon/cxxreact/JSIndexedRAMBundle.h,"(65, 16)-(65, 26)",b'unique_ptr<std::istream>'
react-native,../repos/react-native/packages/react-native/ReactCommon/cxxreact/JSIndexedRAMBundle.h,"(68, 8)-(68, 18)",b'unique_ptr<JSBigBufferString>'
react-native,../repos/react-native/packages/react-native/ReactCommon/cxxreact/NativeToJsBridge.h,"(47, 12)-(47, 22)",b'shared_ptr<ModuleRegistry>'
react-native,../repos/react-native/packages/react-native/ReactCommon/cxxreact/NativeToJsBridge.h,"(48, 12)-(48, 22)",b'shared_ptr<MessageQueueThread>'
react-native,../repos/react-native/packages/react-native/ReactCommon/cxxreact/NativeToJsBridge.h,"(49, 12)-(49, 22)",b'shared_ptr<InstanceCallback>'
react-native,../repos/react-native/packages/react-native/ReactCommon/cxxreact/JSIndexedRAMBundle.cpp,"(37, 8)-(37, 18)",b'unique_ptr<std::stringstream>'
react-native,../repos/react-native/packages/react-native/ReactCommon/cxxreact/SampleCxxModule.h,"(40, 24)-(40, 34)",b'unique_ptr<Sample>'
react-native,../repos/react-native/packages/react-native/ReactCommon/cxxreact/RAMBundleRegistry.h,"(28, 15)-(28, 25)",b'unique_ptr<RAMBundleRegistry>'
react-native,../repos/react-native/packages/react-native/ReactCommon/cxxreact/RAMBundleRegistry.h,"(29, 12)-(29, 22)",b'unique_ptr<JSModulesUnbundle>'
react-native,../repos/react-native/packages/react-native/ReactCommon/cxxreact/RAMBundleRegistry.h,"(30, 15)-(30, 25)",b'unique_ptr<RAMBundleRegistry>'
react-native,../repos/react-native/packages/react-native/ReactCommon/cxxreact/RAMBundleRegistry.h,"(31, 12)-(31, 22)",b'unique_ptr<JSModulesUnbundle>'
react-native,../repos/react-native/packages/react-native/ReactCommon/cxxreact/RAMBundleRegistry.h,"(32, 26)-(32, 36)",b'unique_ptr<JSModulesUnbundle>'
react-native,../repos/react-native/packages/react-native/ReactCommon/cxxreact/RAMBundleRegistry.h,"(49, 22)-(49, 32)",b'unique_ptr<JSModulesUnbundle>'
react-native,../repos/react-native/packages/react-native/ReactCommon/cxxreact/RAMBundleRegistry.h,"(51, 37)-(51, 47)",b'unique_ptr<JSModulesUnbundle>'
react-native,../repos/react-native/packages/react-native/ReactCommon/cxxreact/ModuleRegistry.h,"(45, 41)-(45, 51)",b'unique_ptr<NativeModule>'
react-native,../repos/react-native/packages/react-native/ReactCommon/cxxreact/CxxNativeModule.h,"(58, 8)-(58, 18)",b'shared_ptr<MessageQueueThread>'
react-native,../repos/react-native/packages/react-native/ReactCommon/cxxreact/CxxNativeModule.h,"(59, 8)-(59, 18)",b'unique_ptr<xplat::module::CxxModule>'
react-native,../repos/react-native/packages/react-native/ReactCommon/cxxreact/NativeToJsBridge.cpp,"(296, 8)-(296, 18)",b'shared_ptr<bool>'
react-native,../repos/react-native/packages/react-native/ReactCommon/hermes/inspector-modern/chrome/Registration.h,"(32, 10)-(32, 20)",b'unique_ptr<RuntimeAdapter>'
react-native,../repos/react-native/packages/react-native/ReactCommon/hermes/inspector-modern/chrome/ConnectionDemux.cpp,"(31, 12)-(31, 22)",b'shared_ptr<hermes::inspector_modern::chrome::...'
react-native,../repos/react-native/packages/react-native/ReactCommon/hermes/inspector-modern/chrome/ConnectionDemux.cpp,"(32, 12)-(32, 22)",b'shared_ptr<std::unordered_set<std::string>>'
react-native,../repos/react-native/packages/react-native/ReactCommon/hermes/inspector-modern/chrome/ConnectionDemux.cpp,"(108, 40)-(108, 50)",b'unique_ptr<IRemoteConnection>'
react-native,../repos/react-native/packages/react-native/ReactCommon/hermes/inspector-modern/chrome/ConnectionDemux.cpp,"(109, 15)-(109, 25)",b'unique_ptr<ILocalConnection>'
react-native,../repos/react-native/packages/react-native/ReactCommon/hermes/inspector-modern/chrome/ConnectionDemux.cpp,"(113, 10)-(113, 20)",b'shared_ptr<IRemoteConnection>'
react-native,../repos/react-native/packages/react-native/ReactCommon/hermes/inspector-modern/chrome/ConnectionDemux.cpp,"(113, 10)-(113, 20)",b'shared_ptr<IRemoteConnection>'
react-native,../repos/react-native/packages/react-native/ReactCommon/hermes/inspector-modern/chrome/tests/ConnectionDemuxTests.cpp,"(92, 8)-(92, 18)",b'shared_ptr<HermesRuntime>'
react-native,../repos/react-native/packages/react-native/ReactCommon/hermes/inspector-modern/chrome/tests/ConnectionDemuxTests.cpp,"(94, 8)-(94, 18)",b'shared_ptr<HermesRuntime>'
react-native,../repos/react-native/packages/react-native/ReactCommon/hermes/executor/HermesExecutorFactory.h,"(50, 12)-(50, 22)",b'shared_ptr<jsi::Runtime>'
react-native,../repos/react-native/packages/react-native/ReactCommon/hermes/executor/HermesExecutorFactory.h,"(51, 12)-(51, 22)",b'shared_ptr<ExecutorDelegate>'
react-native,../repos/react-native/packages/react-native/ReactCommon/hermes/executor/HermesExecutorFactory.h,"(52, 12)-(52, 22)",b'shared_ptr<MessageQueueThread>'
react-native,../repos/react-native/packages/react-native/ReactCommon/hermes/executor/HermesExecutorFactory.cpp,"(151, 12)-(151, 22)",b'shared_ptr<HermesRuntime>'
react-native,../repos/react-native/packages/react-native/ReactCommon/hermes/executor/HermesExecutorFactory.cpp,"(197, 8)-(197, 18)",b'unique_ptr<HermesRuntime>'
react-native,../repos/react-native/packages/react-native/ReactCommon/jsi/jsi/jsi.h,"(187, 18)-(187, 28)",b'shared_ptr<const Buffer>'
react-native,../repos/react-native/packages/react-native/ReactCommon/jsi/jsi/jsi.h,"(201, 16)-(201, 26)",b'shared_ptr<const PreparedJavaScript>'
react-native,../repos/react-native/packages/react-native/ReactCommon/jsi/jsi/jsi.h,"(202, 18)-(202, 28)",b'shared_ptr<const Buffer>'
react-native,../repos/react-native/packages/react-native/ReactCommon/jsi/jsi/jsi.h,"(210, 18)-(210, 28)",b'shared_ptr<const PreparedJavaScript>'
react-native,../repos/react-native/packages/react-native/ReactCommon/jsi/jsi/jsi.h,"(325, 36)-(325, 46)",b'shared_ptr<HostObject>'
react-native,../repos/react-native/packages/react-native/ReactCommon/jsi/jsi/jsi.h,"(326, 16)-(326, 26)",b'shared_ptr<HostObject>'
react-native,../repos/react-native/packages/react-native/ReactCommon/jsi/jsi/jsi.h,"(330, 16)-(330, 26)",b'shared_ptr<NativeState>'
react-native,../repos/react-native/packages/react-native/ReactCommon/jsi/jsi/jsi.h,"(333, 12)-(333, 22)",b'shared_ptr<NativeState>'
react-native,../repos/react-native/packages/react-native/ReactCommon/jsi/jsi/jsi.h,"(358, 12)-(358, 22)",b'shared_ptr<MutableBuffer>'
react-native,../repos/react-native/packages/react-native/ReactCommon/jsi/jsi/jsi.h,"(799, 8)-(799, 18)",b'shared_ptr<T>'
react-native,../repos/react-native/packages/react-native/ReactCommon/jsi/jsi/jsi.h,"(805, 8)-(805, 18)",b'shared_ptr<T>'
react-native,../repos/react-native/packages/react-native/ReactCommon/jsi/jsi/jsi.h,"(816, 8)-(816, 18)",b'shared_ptr<T>'
react-native,../repos/react-native/packages/react-native/ReactCommon/jsi/jsi/jsi.h,"(823, 46)-(823, 56)",b'shared_ptr<NativeState>'
react-native,../repos/react-native/packages/react-native/ReactCommon/jsi/jsi/jsi.h,"(1516, 8)-(1516, 18)",b'shared_ptr<jsi::Value>'
react-native,../repos/react-native/packages/react-native/ReactCommon/jsi/jsi/test/testlib.cpp,"(302, 8)-(302, 18)",b'shared_ptr<BagHostObject>'
react-native,../repos/react-native/packages/react-native/ReactCommon/jsi/jsi/decorator.h,"(234, 10)-(234, 20)",b'shared_ptr<HostObject>'
react-native,../repos/react-native/packages/react-native/ReactCommon/react/runtime/ReactInstance.h,"(33, 12)-(33, 22)",b'unique_ptr<JSRuntime>'
react-native,../repos/react-native/packages/react-native/ReactCommon/react/runtime/ReactInstance.h,"(34, 12)-(34, 22)",b'shared_ptr<MessageQueueThread>'
react-native,../repos/react-native/packages/react-native/ReactCommon/react/runtime/ReactInstance.h,"(35, 12)-(35, 22)",b'shared_ptr<TimerManager>'
react-native,../repos/react-native/packages/react-native/ReactCommon/react/runtime/ReactInstance.cpp,"(49, 14)-(49, 24)",b'shared_ptr<bool>'
react-native,../repos/react-native/packages/react-native/ReactCommon/react/runtime/ReactInstance.cpp,"(61, 14)-(61, 24)",b'shared_ptr<MessageQueueThread>'
react-native,../repos/react-native/packages/react-native/ReactCommon/react/runtime/ReactInstance.cpp,"(49, 14)-(49, 24)",b'shared_ptr<bool>'
react-native,../repos/react-native/packages/react-native/ReactCommon/react/runtime/ReactInstance.cpp,"(61, 14)-(61, 24)",b'shared_ptr<MessageQueueThread>'
react-native,../repos/react-native/packages/react-native/ReactCommon/react/runtime/TimerManager.h,"(64, 12)-(64, 22)",b'unique_ptr<PlatformTimerRegistry>'
react-native,../repos/react-native/packages/react-native/ReactCommon/react/runtime/hermes/HermesInstance.cpp,"(141, 8)-(141, 18)",b'unique_ptr<HermesRuntime>'
react-native,../repos/react-native/packages/react-native/ReactCommon/react/runtime/hermes/HermesInstance.cpp,"(147, 10)-(147, 20)",b'unique_ptr<DecoratedRuntime>'
react-native,../repos/react-native/packages/react-native/ReactCommon/react/runtime/platform/ios/ReactCommon/RCTHermesInstance.h,"(26, 12)-(26, 22)",b'shared_ptr<const ReactNativeConfig>'
react-native,../repos/react-native/packages/react-native/ReactCommon/react/runtime/BridgelessNativeMethodCallInvoker.h,"(18, 12)-(18, 22)",b'shared_ptr<MessageQueueThread>'
react-native,../repos/react-native/packages/react-native/ReactCommon/react/runtime/TimerManager.cpp,"(204, 18)-(204, 28)",b'shared_ptr<TimerHandle>'
react-native,../repos/react-native/packages/react-native/ReactCommon/react/runtime/TimerManager.cpp,"(269, 18)-(269, 28)",b'shared_ptr<TimerHandle>'
react-native,../repos/react-native/packages/react-native/ReactCommon/react/runtime/TimerManager.cpp,"(332, 18)-(332, 28)",b'shared_ptr<TimerHandle>'
react-native,../repos/react-native/packages/react-native/ReactCommon/react/runtime/TimerManager.cpp,"(408, 18)-(408, 28)",b'shared_ptr<TimerHandle>'
react-native,../repos/react-native/packages/react-native/ReactCommon/react/runtime/JSRuntimeFactory.h,"(44, 34)-(44, 44)",b'unique_ptr<jsi::Runtime>'
react-native,../repos/react-native/packages/react-native/ReactCommon/react/nativemodule/core/platform/ios/ReactCommon/RCTTurboModuleManager.h,"(39, 65)-(39, 75)",b'shared_ptr<facebook::react::CallInvoker>'
react-native,../repos/react-native/packages/react-native/ReactCommon/react/nativemodule/core/platform/ios/ReactCommon/RCTTurboModule.h,"(33, 85)-(33, 95)",b'shared_ptr<CallInvoker>'
react-native,../repos/react-native/packages/react-native/ReactCommon/react/nativemodule/core/platform/ios/ReactCommon/RCTTurboModule.h,"(45, 10)-(45, 20)",b'shared_ptr<CallInvoker>'
react-native,../repos/react-native/packages/react-native/ReactCommon/react/nativemodule/core/platform/ios/ReactCommon/RCTTurboModule.h,"(46, 10)-(46, 20)",b'shared_ptr<NativeMethodCallInvoker>'
react-native,../repos/react-native/packages/react-native/ReactCommon/react/nativemodule/core/platform/ios/ReactCommon/RCTTurboModule.h,"(62, 8)-(62, 18)",b'shared_ptr<NativeMethodCallInvoker>'
react-native,../repos/react-native/packages/react-native/ReactCommon/react/nativemodule/core/platform/android/ReactCommon/JavaTurboModule.h,"(31, 10)-(31, 20)",b'shared_ptr<CallInvoker>'
react-native,../repos/react-native/packages/react-native/ReactCommon/react/nativemodule/core/platform/android/ReactCommon/JavaTurboModule.h,"(32, 10)-(32, 20)",b'shared_ptr<NativeMethodCallInvoker>'
react-native,../repos/react-native/packages/react-native/ReactCommon/react/nativemodule/core/platform/android/ReactCommon/JavaTurboModule.h,"(51, 8)-(51, 18)",b'shared_ptr<NativeMethodCallInvoker>'
react-native,../repos/react-native/packages/react-native/ReactCommon/react/nativemodule/core/ReactCommon/TurboModulePerfLogger.h,"(15, 25)-(15, 35)",b'unique_ptr<NativeModulePerfLogger>'
react-native,../repos/react-native/packages/react-native/ReactCommon/react/nativemodule/core/ReactCommon/TurboModuleBinding.h,"(38, 12)-(38, 22)",b'shared_ptr<LongLivedObjectCollection>'
react-native,../repos/react-native/packages/react-native/ReactCommon/react/nativemodule/core/ReactCommon/TurboModuleBinding.cpp,"(161, 8)-(161, 18)",b'shared_ptr<TurboModule>'
react-native,../repos/react-native/packages/react-native/ReactCommon/react/nativemodule/core/ReactCommon/TurboCxxModule.h,"(46, 8)-(46, 18)",b'unique_ptr<facebook::xplat::module::CxxModule>'
react-native,../repos/react-native/packages/react-native/ReactCommon/react/nativemodule/core/ReactCommon/TurboModule.h,"(81, 8)-(81, 18)",b'shared_ptr<CallInvoker>'
react-native,../repos/react-native/packages/react-native/ReactCommon/react/nativemodule/core/ReactCommon/TurboModule.h,"(138, 8)-(138, 18)",b'unique_ptr<jsi::WeakObject>'
react-native,../repos/react-native/packages/react-native/ReactCommon/react/nativemodule/core/ReactCommon/TurboModulePerfLogger.cpp,"(13, 6)-(13, 16)",b'unique_ptr<NativeModulePerfLogger>'
react-native,../repos/react-native/packages/react-native/ReactCommon/react/nativemodule/samples/platform/android/ReactCommon/SampleTurboModuleSpec.h,"(26, 6)-(26, 16)",b'shared_ptr<TurboModule>'
react-native,../repos/react-native/packages/react-native/ReactCommon/react/nativemodule/samples/ReactCommon/SampleTurboCxxModule.h,"(23, 29)-(23, 39)",b'shared_ptr<CallInvoker>'
react-native,../repos/react-native/packages/react-native/ReactCommon/react/renderer/runtimescheduler/RuntimeSchedulerBinding.h,"(21, 32)-(21, 42)",b'shared_ptr<RuntimeScheduler>'
react-native,../repos/react-native/packages/react-native/ReactCommon/react/renderer/scheduler/SynchronousEventBeat.h,"(27, 12)-(27, 22)",b'shared_ptr<RuntimeScheduler>'
react-native,../repos/react-native/packages/react-native/ReactCommon/react/renderer/element/tests/ElementTest.cpp,"(24, 27)-(24, 37)",b'shared_ptr<RootShadowNode>'
react-native,../repos/react-native/packages/react-native/ReactCommon/react/renderer/element/tests/ElementTest.cpp,"(25, 28)-(25, 38)",b'shared_ptr<ViewShadowNode>'
react-native,../repos/react-native/packages/react-native/ReactCommon/react/renderer/element/tests/ElementTest.cpp,"(26, 28)-(26, 38)",b'shared_ptr<ViewShadowNode>'
react-native,../repos/react-native/packages/react-native/ReactCommon/react/renderer/element/tests/ElementTest.cpp,"(27, 29)-(27, 39)",b'shared_ptr<ViewShadowNode>'
react-native,../repos/react-native/packages/react-native/ReactCommon/react/renderer/mounting/tests/StateReconciliationTest.cpp,"(75, 27)-(75, 37)",b'shared_ptr<RootShadowNode>'
react-native,../repos/react-native/packages/react-native/ReactCommon/react/renderer/mounting/tests/StateReconciliationTest.cpp,"(76, 28)-(76, 38)",b'shared_ptr<ViewShadowNode>'
react-native,../repos/react-native/packages/react-native/ReactCommon/react/renderer/mounting/tests/StateReconciliationTest.cpp,"(77, 28)-(77, 38)",b'shared_ptr<ScrollViewShadowNode>'
react-native,../repos/react-native/packages/react-native/ReactCommon/react/renderer/mounting/tests/StateReconciliationTest.cpp,"(191, 27)-(191, 37)",b'shared_ptr<RootShadowNode>'
react-native,../repos/react-native/packages/react-native/ReactCommon/react/renderer/mounting/tests/StateReconciliationTest.cpp,"(192, 28)-(192, 38)",b'shared_ptr<ViewShadowNode>'
react-native,../repos/react-native/packages/react-native/ReactCommon/react/renderer/mounting/tests/StateReconciliationTest.cpp,"(193, 28)-(193, 38)",b'shared_ptr<ScrollViewShadowNode>'
react-native,../repos/react-native/packages/react-native/ReactCommon/react/renderer/imagemanager/ImageResponse.h,"(25, 22)-(25, 32)",b'shared_ptr<void>'
react-native,../repos/react-native/packages/react-native/ReactCommon/react/renderer/imagemanager/ImageResponse.h,"(25, 51)-(25, 61)",b'shared_ptr<void>'
react-native,../repos/react-native/packages/react-native/ReactCommon/react/renderer/imagemanager/ImageRequest.h,"(33, 12)-(33, 22)",b'shared_ptr<const ImageTelemetry>'
react-native,../repos/react-native/packages/react-native/ReactCommon/react/renderer/core/tests/benchmarks/RawPropsBenchmark.cpp,"(21, 29)-(21, 39)",b'shared_ptr<EventDispatcher>'
react-native,../repos/react-native/packages/react-native/ReactCommon/react/renderer/core/tests/LayoutableShadowNodeTest.cpp,"(44, 31)-(44, 41)",b'shared_ptr<ViewShadowNode>'
react-native,../repos/react-native/packages/react-native/ReactCommon/react/renderer/core/tests/LayoutableShadowNodeTest.cpp,"(124, 31)-(124, 41)",b'shared_ptr<ViewShadowNode>'
react-native,../repos/react-native/packages/react-native/ReactCommon/react/renderer/core/tests/LayoutableShadowNodeTest.cpp,"(174, 32)-(174, 42)",b'shared_ptr<ViewShadowNode>'
react-native,../repos/react-native/packages/react-native/ReactCommon/react/renderer/core/tests/LayoutableShadowNodeTest.cpp,"(175, 31)-(175, 41)",b'shared_ptr<ViewShadowNode>'
react-native,../repos/react-native/packages/react-native/ReactCommon/react/renderer/core/tests/LayoutableShadowNodeTest.cpp,"(232, 31)-(232, 41)",b'shared_ptr<ViewShadowNode>'
react-native,../repos/react-native/packages/react-native/ReactCommon/react/renderer/core/tests/LayoutableShadowNodeTest.cpp,"(287, 31)-(287, 41)",b'shared_ptr<ViewShadowNode>'
react-native,../repos/react-native/packages/react-native/ReactCommon/react/renderer/core/tests/LayoutableShadowNodeTest.cpp,"(342, 31)-(342, 41)",b'shared_ptr<ViewShadowNode>'
react-native,../repos/react-native/packages/react-native/ReactCommon/react/renderer/core/tests/LayoutableShadowNodeTest.cpp,"(407, 31)-(407, 41)",b'shared_ptr<ViewShadowNode>'
react-native,../repos/react-native/packages/react-native/ReactCommon/react/renderer/core/tests/LayoutableShadowNodeTest.cpp,"(475, 31)-(475, 41)",b'shared_ptr<ViewShadowNode>'
react-native,../repos/react-native/packages/react-native/ReactCommon/react/renderer/core/tests/LayoutableShadowNodeTest.cpp,"(604, 31)-(604, 41)",b'shared_ptr<ViewShadowNode>'
react-native,../repos/react-native/packages/react-native/ReactCommon/react/renderer/core/tests/LayoutableShadowNodeTest.cpp,"(647, 31)-(647, 41)",b'shared_ptr<ViewShadowNode>'
react-native,../repos/react-native/packages/react-native/ReactCommon/react/renderer/core/tests/LayoutableShadowNodeTest.cpp,"(682, 30)-(682, 40)",b'shared_ptr<ViewShadowNode>'
react-native,../repos/react-native/packages/react-native/ReactCommon/react/renderer/core/tests/LayoutableShadowNodeTest.cpp,"(732, 32)-(732, 42)",b'shared_ptr<ViewShadowNode>'
react-native,../repos/react-native/packages/react-native/ReactCommon/react/renderer/core/tests/LayoutableShadowNodeTest.cpp,"(733, 32)-(733, 42)",b'shared_ptr<ViewShadowNode>'
react-native,../repos/react-native/packages/react-native/ReactCommon/react/renderer/core/tests/LayoutableShadowNodeTest.cpp,"(817, 32)-(817, 42)",b'shared_ptr<ViewShadowNode>'
react-native,../repos/react-native/packages/react-native/ReactCommon/react/renderer/core/tests/LayoutableShadowNodeTest.cpp,"(818, 32)-(818, 42)",b'shared_ptr<ViewShadowNode>'
react-native,../repos/react-native/packages/react-native/ReactCommon/react/renderer/core/tests/LayoutableShadowNodeTest.cpp,"(898, 32)-(898, 42)",b'shared_ptr<ViewShadowNode>'
react-native,../repos/react-native/packages/react-native/ReactCommon/react/renderer/core/tests/LayoutableShadowNodeTest.cpp,"(899, 32)-(899, 42)",b'shared_ptr<ViewShadowNode>'
react-native,../repos/react-native/packages/react-native/ReactCommon/react/renderer/core/tests/LayoutableShadowNodeTest.cpp,"(979, 32)-(979, 42)",b'shared_ptr<ViewShadowNode>'
react-native,../repos/react-native/packages/react-native/ReactCommon/react/renderer/core/tests/LayoutableShadowNodeTest.cpp,"(980, 32)-(980, 42)",b'shared_ptr<ViewShadowNode>'
react-native,../repos/react-native/packages/react-native/ReactCommon/react/renderer/core/tests/LayoutableShadowNodeTest.cpp,"(1050, 31)-(1050, 41)",b'shared_ptr<ViewShadowNode>'
react-native,../repos/react-native/packages/react-native/ReactCommon/react/renderer/core/tests/ConcreteShadowNodeTest.cpp,"(23, 31)-(23, 41)",b'shared_ptr<ViewShadowNode>'
react-native,../repos/react-native/packages/react-native/ReactCommon/react/renderer/core/tests/ShadowNodeFamilyTest.cpp,"(39, 29)-(39, 39)",b'shared_ptr<ViewShadowNode>'
react-native,../repos/react-native/packages/react-native/ReactCommon/react/renderer/core/tests/ShadowNodeFamilyTest.cpp,"(40, 28)-(40, 38)",b'shared_ptr<ViewShadowNode>'
react-native,../repos/react-native/packages/react-native/ReactCommon/react/renderer/core/tests/traitCastTest.cpp,"(25, 30)-(25, 40)",b'shared_ptr<ViewShadowNode>'
react-native,../repos/react-native/packages/react-native/ReactCommon/react/renderer/core/tests/traitCastTest.cpp,"(26, 36)-(26, 46)",b'shared_ptr<ScrollViewShadowNode>'
react-native,../repos/react-native/packages/react-native/ReactCommon/react/renderer/core/tests/traitCastTest.cpp,"(27, 35)-(27, 45)",b'shared_ptr<ParagraphShadowNode>'
react-native,../repos/react-native/packages/react-native/ReactCommon/react/renderer/core/tests/traitCastTest.cpp,"(28, 30)-(28, 40)",b'shared_ptr<TextShadowNode>'
react-native,../repos/react-native/packages/react-native/ReactCommon/react/renderer/core/tests/traitCastTest.cpp,"(29, 33)-(29, 43)",b'shared_ptr<RawTextShadowNode>'
react-native,../repos/react-native/packages/react-native/ReactCommon/react/renderer/core/tests/traitCastTest.cpp,"(51, 8)-(51, 18)",b'shared_ptr<ShadowNode>'
react-native,../repos/react-native/packages/react-native/ReactCommon/react/renderer/core/tests/traitCastTest.cpp,"(52, 8)-(52, 18)",b'shared_ptr<ShadowNode>'
react-native,../repos/react-native/packages/react-native/ReactCommon/react/renderer/core/BatchedEventQueue.h,"(23, 12)-(23, 22)",b'unique_ptr<EventBeat>'
react-native,../repos/react-native/packages/react-native/ReactCommon/react/renderer/core/EventQueue.h,"(30, 12)-(30, 22)",b'unique_ptr<EventBeat>'
react-native,../repos/react-native/packages/react-native/ReactCommon/react/renderer/uimanager/UIManagerBinding.h,"(39, 25)-(39, 35)",b'shared_ptr<UIManager>'
react-native,../repos/react-native/packages/react-native/ReactCommon/react/renderer/attributedstring/AttributedStringBox.h,"(37, 37)-(37, 47)",b'shared_ptr<void>'
react-native,../repos/react-native/packages/react-native/ReactCommon/react/renderer/components/root/tests/RootShadowNodeTest.cpp,"(23, 8)-(23, 18)",b'shared_ptr<RootShadowNode>'
react-native,../repos/react-native/packages/react-native/ReactCommon/jsinspector-modern/tests/InspectorMocks.h,"(103, 12)-(103, 22)",b'unique_ptr<IWebSocket>'
react-native,../repos/react-native/packages/react-native/ReactCommon/jsinspector-modern/tests/InspectorPackagerConnectionTest.cpp,"(206, 36)-(206, 46)",b'unique_ptr<IRemoteConnection>'
react-native,../repos/react-native/packages/react-native/ReactCommon/jsinspector-modern/tests/InspectorPackagerConnectionTest.cpp,"(251, 36)-(251, 46)",b'unique_ptr<IRemoteConnection>'
react-native,../repos/react-native/packages/react-native/ReactCommon/jsinspector-modern/tests/InspectorPackagerConnectionTest.cpp,"(415, 36)-(415, 46)",b'unique_ptr<IRemoteConnection>'
react-native,../repos/react-native/packages/react-native/ReactCommon/jsinspector-modern/tests/InspectorPackagerConnectionTest.cpp,"(456, 36)-(456, 46)",b'unique_ptr<IRemoteConnection>'
react-native,../repos/react-native/packages/react-native/ReactCommon/jsinspector-modern/tests/InspectorPackagerConnectionTest.cpp,"(491, 36)-(491, 46)",b'unique_ptr<IRemoteConnection>'
react-native,../repos/react-native/packages/react-native/ReactCommon/jsinspector-modern/tests/InspectorPackagerConnectionTest.cpp,"(519, 36)-(519, 46)",b'unique_ptr<IRemoteConnection>'
react-native,../repos/react-native/packages/react-native/ReactCommon/jsinspector-modern/tests/InspectorPackagerConnectionTest.cpp,"(549, 36)-(549, 46)",b'unique_ptr<IRemoteConnection>'
react-native,../repos/react-native/packages/react-native/ReactCommon/jsinspector-modern/tests/InspectorPackagerConnectionTest.cpp,"(568, 10)-(568, 20)",b'std::shared_ptr'
react-native,../repos/react-native/packages/react-native/ReactCommon/jsinspector-modern/tests/InspectorPackagerConnectionTest.cpp,"(595, 36)-(595, 46)",b'unique_ptr<IRemoteConnection>'
react-native,../repos/react-native/packages/react-native/ReactCommon/jsinspector-modern/tests/InspectorPackagerConnectionTest.cpp,"(630, 36)-(630, 46)",b'unique_ptr<IRemoteConnection>'
react-native,../repos/react-native/packages/react-native/ReactCommon/jsinspector-modern/tests/InspectorPackagerConnectionTest.cpp,"(676, 36)-(676, 46)",b'unique_ptr<IRemoteConnection>'
react-native,../repos/react-native/packages/react-native/ReactCommon/jsinspector-modern/tests/InspectorPackagerConnectionTest.cpp,"(890, 8)-(890, 18)",b'std::shared_ptr'
react-native,../repos/react-native/packages/react-native/ReactCommon/jsinspector-modern/tests/InspectorPackagerConnectionTest.cpp,"(902, 36)-(902, 46)",b'unique_ptr<IRemoteConnection>'
react-native,../repos/react-native/packages/react-native/ReactCommon/jsinspector-modern/tests/InspectorPackagerConnectionTest.cpp,"(956, 36)-(956, 46)",b'unique_ptr<IRemoteConnection>'
react-native,../repos/react-native/packages/react-native/ReactCommon/jsinspector-modern/tests/InspectorPackagerConnectionTest.cpp,"(986, 36)-(986, 46)",b'unique_ptr<IRemoteConnection>'
react-native,../repos/react-native/packages/react-native/ReactCommon/jsinspector-modern/tests/InspectorPackagerConnectionTest.cpp,"(1026, 36)-(1026, 46)",b'unique_ptr<IRemoteConnection>'
react-native,../repos/react-native/packages/react-native/ReactCommon/jsinspector-modern/tests/InspectorPackagerConnectionTest.cpp,"(1108, 36)-(1108, 46)",b'unique_ptr<IRemoteConnection>'
react-native,../repos/react-native/packages/react-native/ReactCommon/jsinspector-modern/tests/InspectorPackagerConnectionTest.cpp,"(1214, 45)-(1214, 55)",b'unique_ptr<ILocalConnection>'
react-native,../repos/react-native/packages/react-native/ReactCommon/jsinspector-modern/InspectorUtilities.h,"(42, 38)-(42, 48)",b'unique_ptr<IRemoteConnection>'
react-native,../repos/react-native/packages/react-native/ReactCommon/jsinspector-modern/InspectorPackagerConnectionImpl.h,"(65, 12)-(65, 22)",b'unique_ptr<InspectorPackagerConnectionDelegate>'
react-native,../repos/react-native/packages/react-native/ReactCommon/jsinspector-modern/InspectorPackagerConnection.cpp,"(34, 8)-(34, 18)",b'shared_ptr<InspectorPackagerConnection::Impl>'
react-native,../repos/react-native/packages/react-native/ReactCommon/jsinspector-modern/InspectorPackagerConnection.h,"(43, 12)-(43, 22)",b'unique_ptr<InspectorPackagerConnectionDelegate>'
react-native,../repos/react-native/packages/react-native/ReactCommon/jsinspector-modern/InspectorInterfaces.h,"(124, 16)-(124, 26)",b'unique_ptr<ILocalConnection>'
react-native,../repos/react-native/packages/react-native/ReactCommon/jsinspector-modern/InspectorInterfaces.h,"(126, 12)-(126, 22)",b'unique_ptr<IRemoteConnection>'
react-native,../repos/react-native/packages/react-native/ReactCommon/jsinspector-modern/InspectorInterfaces.h,"(142, 13)-(142, 23)",b'unique_ptr<IInspector>'
react-native,../repos/react-native/packages/rn-tester/NativeCxxModuleExample/NativeCxxModuleExample.h,"(123, 31)-(123, 41)",b'shared_ptr<CallInvoker>'
