Repo name,File name,Location,Content
react-native,../repos/react-native/packages/react-native/React/Fabric/RCTImageResponseObserverProxy.h,"(14, 1)-(30, 2)",b'NS_ASSUME_NONNULL_BEGIN\n\nnamespace facebook::...'
react-native,../repos/react-native/packages/react-native/React/Fabric/Mounting/RCTComponentViewDescriptor.h,"(12, 1)-(33, 2)",b'NS_ASSUME_NONNULL_BEGIN\n\n/*\n * Holds a native...'
react-native,../repos/react-native/packages/react-native/React/Fabric/Mounting/RCTComponentViewClassDescriptor.h,"(12, 1)-(35, 2)",b'NS_ASSUME_NONNULL_BEGIN\n\n/*\n * Holds a native...'
react-native,../repos/react-native/packages/react-native/React/I18n/FBXXHashUtils.h,"(90, 1)-(96, 2)","b'NS_INLINE uint64_t finalize(const uint64_t h,...'"
react-native,../repos/react-native/packages/react-native/React/I18n/FBXXHashUtils.h,"(109, 1)-(112, 2)","b'NS_INLINE uint64_t FBxxHash64(const char *p, ...'"
react-native,../repos/react-native/packages/react-native/React/CxxModule/DispatchMessageQueueThread.h,"(23, 3)-(31, 4)",b'void runOnQueue(std::function<void()> &&func)...'
react-native,../repos/react-native/packages/react-native/React/CxxModule/DispatchMessageQueueThread.h,"(32, 3)-(35, 4)",b'void runOnQueueSync(std::function<void()> &&_...'
react-native,../repos/react-native/packages/react-native/React/CxxModule/DispatchMessageQueueThread.h,"(36, 3)-(39, 4)",b'void quitSynchronous() override\n  {\n    LOG(F...'
react-native,../repos/react-native/packages/react-native/React/CxxBridge/NSDataBigString.h,"(20, 3)-(23, 4)",b'bool isAscii() const override\n  {\n    return ...'
react-native,../repos/react-native/packages/react-native/React/CxxBridge/NSDataBigString.h,"(25, 3)-(28, 4)",b'const char *c_str() const override\n  {\n    re...'
react-native,../repos/react-native/packages/react-native/React/CxxBridge/NSDataBigString.h,"(30, 3)-(33, 4)",b'size_t size() const override\n  {\n    return m...'
react-native,../repos/react-native/packages/react-native/ReactAndroid/src/main/jni/first-party/fbgloginit/glog_init.cpp,"(40, 3)-(51, 4)",b'void send(\n      google::LogSeverity severity...'
react-native,../repos/react-native/packages/react-native/ReactAndroid/src/main/jni/first-party/fbgloginit/glog_init.cpp,"(63, 3)-(73, 4)",b'void send(\n      google::LogSeverity severity...'
react-native,../repos/react-native/packages/react-native/ReactAndroid/src/main/jni/react/jscexecutor/OnLoad.cpp,"(24, 3)-(38, 4)",b'std::unique_ptr<JSExecutor> createJSExecutor(...'
react-native,../repos/react-native/packages/react-native/ReactAndroid/src/main/jni/react/jni/CxxSharedModuleWrapper.h,"(18, 3)-(20, 4)",b'std::string getName() override {\n    return s...'
react-native,../repos/react-native/packages/react-native/ReactAndroid/src/main/jni/react/jni/CxxSharedModuleWrapper.h,"(22, 3)-(27, 4)",b'std::unique_ptr<xplat::module::CxxModule> get...'
react-native,../repos/react-native/packages/react-native/ReactAndroid/src/main/jni/react/jni/JSLoader.cpp,"(33, 3)-(35, 4)",b'bool isAscii() const override {\n    return fa...'
react-native,../repos/react-native/packages/react-native/ReactAndroid/src/main/jni/react/jni/JSLoader.cpp,"(37, 3)-(39, 4)",b'const char* c_str() const override {\n    retu...'
react-native,../repos/react-native/packages/react-native/ReactAndroid/src/main/jni/react/jni/JSLoader.cpp,"(42, 3)-(44, 4)",b'size_t size() const override {\n    return AAs...'
react-native,../repos/react-native/packages/react-native/ReactAndroid/src/main/jni/react/jni/CxxModuleWrapper.h,"(20, 3)-(22, 4)",b'std::string getName() override {\n    return m...'
react-native,../repos/react-native/packages/react-native/ReactAndroid/src/main/jni/react/jni/CxxModuleWrapper.h,"(25, 3)-(27, 4)",b'std::unique_ptr<xplat::module::CxxModule> get...'
react-native,../repos/react-native/packages/react-native/ReactAndroid/src/main/jni/react/jni/JInspector.cpp,"(21, 3)-(23, 4)",b'virtual void onMessage(std::string message) o...'
react-native,../repos/react-native/packages/react-native/ReactAndroid/src/main/jni/react/jni/JInspector.cpp,"(25, 3)-(27, 4)",b'virtual void onDisconnect() override {\n    co...'
react-native,../repos/react-native/packages/react-native/ReactAndroid/src/main/jni/react/jni/CatalystInstanceImpl.cpp,"(50, 3)-(56, 4)",b'void onBatchComplete() override {\n    jni::Th...'
react-native,../repos/react-native/packages/react-native/ReactAndroid/src/main/jni/react/jni/CatalystInstanceImpl.cpp,"(58, 3)-(67, 4)",b'void incrementPendingJSCalls() override {\n   ...'
react-native,../repos/react-native/packages/react-native/ReactAndroid/src/main/jni/react/jni/CatalystInstanceImpl.cpp,"(69, 3)-(75, 4)",b'void decrementPendingJSCalls() override {\n   ...'
react-native,../repos/react-native/packages/react-native/ReactAndroid/src/main/jni/react/jni/CatalystInstanceImpl.cpp,"(341, 1)-(376, 2)",b'jni::alias_ref<NativeMethodCallInvokerHolder:...'
react-native,../repos/react-native/packages/react-native/ReactAndroid/src/main/jni/react/jni/CatalystInstanceImpl.cpp,"(352, 7)-(356, 8)",b'void invokeAsync(\n          const std::string...'
react-native,../repos/react-native/packages/react-native/ReactAndroid/src/main/jni/react/jni/CatalystInstanceImpl.cpp,"(357, 7)-(361, 8)",b'void invokeSync(\n          const std::string&...'
react-native,../repos/react-native/packages/react-native/ReactAndroid/src/main/jni/react/perftests/OnLoad.cpp,"(100, 3)-(102, 4)",b'virtual std::string getName() override {\n    ...'
react-native,../repos/react-native/packages/react-native/ReactAndroid/src/main/jni/react/perftests/OnLoad.cpp,"(104, 3)-(107, 4)",b'virtual auto getConstants()\n      -> std::map...'
react-native,../repos/react-native/packages/react-native/ReactAndroid/src/main/jni/react/perftests/OnLoad.cpp,"(109, 3)-(129, 4)",b'virtual auto getMethods() -> std::vector<Meth...'
react-native,../repos/react-native/packages/react-native/ReactCommon/jsiexecutor/jsireact/JSINativeModules.cpp,"(27, 1)-(60, 2)",b'Value JSINativeModules::getModule(Runtime& rt...'
react-native,../repos/react-native/packages/react-native/ReactCommon/jsiexecutor/jsireact/JSIExecutor.h,"(59, 3)-(61, 4)",b'size_t size() const override {\n    return scr...'
react-native,../repos/react-native/packages/react-native/ReactCommon/jsiexecutor/jsireact/JSIExecutor.h,"(63, 3)-(65, 4)",b'const uint8_t* data() const override {\n    re...'
react-native,../repos/react-native/packages/react-native/ReactCommon/jsiexecutor/jsireact/JSIExecutor.cpp,"(34, 3)-(45, 4)","b'Value get(Runtime& rt, const PropNameID& name...'"
react-native,../repos/react-native/packages/react-native/ReactCommon/jsiexecutor/jsireact/JSIExecutor.cpp,"(47, 3)-(50, 4)","b'void set(Runtime&, const PropNameID&, const V...'"
react-native,../repos/react-native/packages/react-native/ReactCommon/jsc/JSCRuntime.cpp,"(380, 1)-(397, 2)",b'JSCRuntime::~JSCRuntime() {\n  // On shutting ...'
react-native,../repos/react-native/packages/react-native/ReactCommon/jsc/JSCRuntime.cpp,"(540, 1)-(570, 2)",b'void JSCRuntime::JSCObjectValue::invalidate()...'
react-native,../repos/react-native/packages/react-native/ReactCommon/jsc/JSCRuntime.cpp,"(725, 1)-(851, 2)",b'jsi::Object JSCRuntime::createObject(std::sha...'
react-native,../repos/react-native/packages/react-native/ReactCommon/jsc/JSCRuntime.cpp,"(828, 5)-(832, 6)",b'static void finalize(JSObjectRef obj) {\n     ...'
react-native,../repos/react-native/packages/react-native/ReactCommon/jsc/JSCRuntime.cpp,"(871, 3)-(875, 4)",b'static void finalize(JSObjectRef obj) {\n    a...'
react-native,../repos/react-native/packages/react-native/ReactCommon/jsc/JSCRuntime.cpp,"(878, 1)-(887, 2)",b'JSClassRef getNativeStateClass() {\n  static J...'
react-native,../repos/react-native/packages/react-native/ReactCommon/jsc/JSCRuntime.cpp,"(1137, 1)-(1292, 2)",b'jsi::Function JSCRuntime::createFunctionFromH...'
react-native,../repos/react-native/packages/react-native/ReactCommon/jsc/JSCRuntime.cpp,"(1254, 5)-(1259, 6)",b'static void finalize(JSObjectRef object) {\n  ...'
react-native,../repos/react-native/packages/react-native/ReactCommon/cxxreact/RecoverableError.h,"(25, 3)-(27, 4)",b'virtual const char* what() const noexcept ove...'
react-native,../repos/react-native/packages/react-native/ReactCommon/cxxreact/SharedProxyCxxModule.h,"(24, 3)-(26, 4)",b'std::string getName() override {\n    return s...'
react-native,../repos/react-native/packages/react-native/ReactCommon/cxxreact/SharedProxyCxxModule.h,"(28, 3)-(30, 4)","b'auto getConstants() -> std::map<std::string, ...'"
react-native,../repos/react-native/packages/react-native/ReactCommon/cxxreact/SharedProxyCxxModule.h,"(32, 3)-(34, 4)",b'auto getMethods() -> std::vector<Method> over...'
react-native,../repos/react-native/packages/react-native/ReactCommon/cxxreact/Instance.h,"(41, 1)-(172, 2)",b'class RN_EXPORT Instance {\n public:\n  ~Instan...'
react-native,../repos/react-native/packages/react-native/ReactCommon/cxxreact/JSBigString.h,"(55, 3)-(57, 4)",b'bool isAscii() const override {\n    return m_...'
react-native,../repos/react-native/packages/react-native/ReactCommon/cxxreact/JSBigString.h,"(59, 3)-(61, 4)",b'const char* c_str() const override {\n    retu...'
react-native,../repos/react-native/packages/react-native/ReactCommon/cxxreact/JSBigString.h,"(63, 3)-(65, 4)",b'size_t size() const override {\n    return m_s...'
react-native,../repos/react-native/packages/react-native/ReactCommon/cxxreact/JSBigString.h,"(76, 1)-(107, 2)",b'class RN_EXPORT JSBigBufferString : public JS...'
react-native,../repos/react-native/packages/react-native/ReactCommon/cxxreact/JSBigString.h,"(84, 3)-(86, 4)",b'~JSBigBufferString() override {\n    delete[] ...'
react-native,../repos/react-native/packages/react-native/ReactCommon/cxxreact/JSBigString.h,"(88, 3)-(90, 4)",b'bool isAscii() const override {\n    return tr...'
react-native,../repos/react-native/packages/react-native/ReactCommon/cxxreact/JSBigString.h,"(92, 3)-(94, 4)",b'const char* c_str() const override {\n    retu...'
react-native,../repos/react-native/packages/react-native/ReactCommon/cxxreact/JSBigString.h,"(96, 3)-(98, 4)",b'size_t size() const override {\n    return m_s...'
react-native,../repos/react-native/packages/react-native/ReactCommon/cxxreact/JSBigString.h,"(110, 1)-(133, 2)",b'class RN_EXPORT JSBigFileString : public JSBi...'
react-native,../repos/react-native/packages/react-native/ReactCommon/cxxreact/JSBigString.h,"(115, 3)-(117, 4)",b'bool isAscii() const override {\n    return tr...'
react-native,../repos/react-native/packages/react-native/ReactCommon/cxxreact/JSIndexedRAMBundle.h,"(22, 1)-(40, 4)",b'class RN_EXPORT JSIndexedRAMBundle : public J...'
react-native,../repos/react-native/packages/react-native/ReactCommon/cxxreact/JSBigString.cpp,"(22, 1)-(49, 2)","b'JSBigFileString::JSBigFileString(int fd, size...'"
react-native,../repos/react-native/packages/react-native/ReactCommon/cxxreact/CxxNativeModule.cpp,"(24, 1)-(37, 2)",b'std::function<void(folly::dynamic)> makeCallb...'
react-native,../repos/react-native/packages/react-native/ReactCommon/cxxreact/CxxNativeModule.h,"(28, 1)-(66, 2)",b'class RN_EXPORT CxxNativeModule : public Nati...'
react-native,../repos/react-native/packages/react-native/ReactCommon/cxxreact/NativeToJsBridge.cpp,"(44, 3)-(46, 4)",b'std::shared_ptr<ModuleRegistry> getModuleRegi...'
react-native,../repos/react-native/packages/react-native/ReactCommon/cxxreact/NativeToJsBridge.cpp,"(52, 3)-(83, 4)",b'void callNativeModules(\n      [[maybe_unused]...'
react-native,../repos/react-native/packages/react-native/ReactCommon/cxxreact/NativeToJsBridge.cpp,"(85, 3)-(92, 4)",b'MethodCallResult callSerializableNativeHook(\n...'
react-native,../repos/react-native/packages/react-native/ReactCommon/cxxreact/NativeToJsBridge.cpp,"(312, 1)-(344, 2)",b'std::shared_ptr<NativeMethodCallInvoker>\nNati...'
react-native,../repos/react-native/packages/react-native/ReactCommon/cxxreact/NativeToJsBridge.cpp,"(327, 5)-(334, 6)",b'void invokeAsync(\n        const std::string& ...'
react-native,../repos/react-native/packages/react-native/ReactCommon/cxxreact/NativeToJsBridge.cpp,"(336, 5)-(339, 6)",b'void invokeSync(const std::string& methodName...'
react-native,../repos/react-native/packages/react-native/ReactCommon/hermes/inspector-modern/chrome/tests/ConnectionDemuxTests.cpp,"(75, 3)-(75, 50)",b'void onMessage(std::string message) override {}'
react-native,../repos/react-native/packages/react-native/ReactCommon/hermes/inspector-modern/chrome/tests/ConnectionDemuxTests.cpp,"(77, 3)-(79, 4)",b'void onDisconnect() override {\n    data_->set...'
react-native,../repos/react-native/packages/react-native/ReactCommon/hermes/executor/HermesExecutorFactory.cpp,"(40, 3)-(42, 4)",b'HermesRuntime& getRuntime() override {\n    re...'
react-native,../repos/react-native/packages/react-native/ReactCommon/hermes/executor/HermesExecutorFactory.cpp,"(44, 3)-(55, 4)",b'void tickleJs() override {\n    thread_->runOn...'
react-native,../repos/react-native/packages/react-native/ReactCommon/jsi/jsi/jsi.h,"(45, 1)-(57, 2)",b'class JSI_EXPORT StringBuffer : public Buffer...'
react-native,../repos/react-native/packages/react-native/ReactCommon/jsi/jsi/jsi.h,"(48, 3)-(50, 4)",b'size_t size() const override {\n    return s_....'
react-native,../repos/react-native/packages/react-native/ReactCommon/jsi/jsi/jsi.h,"(51, 3)-(53, 4)",b'const uint8_t* data() const override {\n    re...'
react-native,../repos/react-native/packages/react-native/ReactCommon/jsi/jsi/jsi.h,"(116, 1)-(145, 2)",b'class JSI_EXPORT HostObject {\n public:\n  // T...'
react-native,../repos/react-native/packages/react-native/ReactCommon/jsi/jsi/jsi.h,"(1431, 1)-(1447, 2)",b'class JSI_EXPORT JSIException : public std::e...'
react-native,../repos/react-native/packages/react-native/ReactCommon/jsi/jsi/jsi.h,"(1439, 3)-(1441, 4)",b'virtual const char* what() const noexcept ove...'
react-native,../repos/react-native/packages/react-native/ReactCommon/jsi/jsi/test/testlib.cpp,"(181, 1)-(397, 2)","b'TEST_P(JSITest, HostObjectTest) {\n  class Con...'"
react-native,../repos/react-native/packages/react-native/ReactCommon/jsi/jsi/test/testlib.cpp,"(183, 5)-(185, 6)","b'Value get(Runtime&, const PropNameID& sym) ov...'"
react-native,../repos/react-native/packages/react-native/ReactCommon/jsi/jsi/test/testlib.cpp,"(187, 5)-(187, 68)","b'void set(Runtime&, const PropNameID&, const V...'"
react-native,../repos/react-native/packages/react-native/ReactCommon/jsi/jsi/test/testlib.cpp,"(201, 5)-(204, 6)","b'Value get(Runtime& rt, const PropNameID& sym)...'"
react-native,../repos/react-native/packages/react-native/ReactCommon/jsi/jsi/test/testlib.cpp,"(206, 5)-(208, 6)","b'void set(Runtime& rt, const PropNameID& name,...'"
react-native,../repos/react-native/packages/react-native/ReactCommon/jsi/jsi/test/testlib.cpp,"(210, 5)-(213, 6)",b'std::vector<PropNameID> getPropertyNames(Runt...'
react-native,../repos/react-native/packages/react-native/ReactCommon/jsi/jsi/test/testlib.cpp,"(228, 5)-(230, 6)","b'Value get(Runtime& rt, const PropNameID& sym)...'"
react-native,../repos/react-native/packages/react-native/ReactCommon/jsi/jsi/test/testlib.cpp,"(232, 5)-(232, 68)","b'void set(Runtime&, const PropNameID&, const V...'"
react-native,../repos/react-native/packages/react-native/ReactCommon/jsi/jsi/test/testlib.cpp,"(253, 5)-(260, 6)","b'Value get(Runtime& rt, const PropNameID& sym)...'"
react-native,../repos/react-native/packages/react-native/ReactCommon/jsi/jsi/test/testlib.cpp,"(262, 5)-(262, 68)","b'void set(Runtime&, const PropNameID&, const V...'"
react-native,../repos/react-native/packages/react-native/ReactCommon/jsi/jsi/test/testlib.cpp,"(285, 5)-(290, 6)","b'Value get(Runtime& rt, const PropNameID& sym)...'"
react-native,../repos/react-native/packages/react-native/ReactCommon/jsi/jsi/test/testlib.cpp,"(292, 5)-(297, 6)","b'void set(Runtime& rt, const PropNameID& sym, ...'"
react-native,../repos/react-native/packages/react-native/ReactCommon/jsi/jsi/test/testlib.cpp,"(317, 5)-(319, 6)","b'Value get(Runtime& rt, const PropNameID& sym)...'"
react-native,../repos/react-native/packages/react-native/ReactCommon/jsi/jsi/test/testlib.cpp,"(321, 5)-(323, 6)","b'void set(Runtime& rt, const PropNameID& sym, ...'"
react-native,../repos/react-native/packages/react-native/ReactCommon/jsi/jsi/test/testlib.cpp,"(361, 5)-(364, 6)",b'std::vector<PropNameID> getPropertyNames(Runt...'
react-native,../repos/react-native/packages/react-native/ReactCommon/jsi/jsi/test/testlib.cpp,"(399, 1)-(414, 2)","b'TEST_P(JSITest, HostObjectProtoTest) {\n  clas...'"
react-native,../repos/react-native/packages/react-native/ReactCommon/jsi/jsi/test/testlib.cpp,"(401, 5)-(403, 6)","b'Value get(Runtime& rt, const PropNameID&) ove...'"
react-native,../repos/react-native/packages/react-native/ReactCommon/jsi/jsi/test/testlib.cpp,"(566, 1)-(587, 2)","b'TEST_P(JSITest, FunctionThisTest) {\n  Functio...'"
react-native,../repos/react-native/packages/react-native/ReactCommon/jsi/jsi/test/testlib.cpp,"(574, 5)-(576, 6)","b'Value get(Runtime& rt, const PropNameID& sym)...'"
react-native,../repos/react-native/packages/react-native/ReactCommon/jsi/jsi/test/testlib.cpp,"(578, 5)-(578, 68)","b'void set(Runtime&, const PropNameID&, const V...'"
react-native,../repos/react-native/packages/react-native/ReactCommon/jsi/jsi/test/testlib.cpp,"(1094, 1)-(1155, 2)","b'TEST_P(JSITest, HostObjectWithValueMembers) {...'"
react-native,../repos/react-native/packages/react-native/ReactCommon/jsi/jsi/test/testlib.cpp,"(1108, 5)-(1110, 6)","b'Value get(Runtime& rt, const PropNameID& name...'"
react-native,../repos/react-native/packages/react-native/ReactCommon/jsi/jsi/test/testlib.cpp,"(1112, 5)-(1114, 6)","b'void set(Runtime& rt, const PropNameID& name,...'"
react-native,../repos/react-native/packages/react-native/ReactCommon/jsi/jsi/test/testlib.cpp,"(1157, 1)-(1197, 2)","b'TEST_P(JSITest, DecoratorTest) {\n  struct Cou...'"
react-native,../repos/react-native/packages/react-native/ReactCommon/jsi/jsi/test/testlib.cpp,"(1199, 1)-(1259, 2)","b'TEST_P(JSITest, MultiDecoratorTest) {\n  struc...'"
react-native,../repos/react-native/packages/react-native/ReactCommon/jsi/jsi/test/testlib.cpp,"(1368, 3)-(1380, 4)",b'Object createObject(std::shared_ptr<HostObjec...'
react-native,../repos/react-native/packages/react-native/ReactCommon/jsi/jsi/test/testlib.cpp,"(1373, 7)-(1376, 8)","b'Value get(Runtime& rt, const PropNameID& name...'"
react-native,../repos/react-native/packages/react-native/ReactCommon/jsi/jsi/test/testlib.cpp,"(1389, 3)-(1401, 4)",b'Object createObject(std::shared_ptr<HostObjec...'
react-native,../repos/react-native/packages/react-native/ReactCommon/jsi/jsi/test/testlib.cpp,"(1394, 7)-(1397, 8)","b'Value get(Runtime& rt, const PropNameID& name...'"
react-native,../repos/react-native/packages/react-native/ReactCommon/jsi/jsi/test/testlib.cpp,"(1410, 3)-(1413, 4)","b'Value get(Runtime& rt, const PropNameID& name...'"
react-native,../repos/react-native/packages/react-native/ReactCommon/jsi/jsi/jsilib.h,"(20, 3)-(22, 4)",b'size_t size() const override {\n    return siz...'
react-native,../repos/react-native/packages/react-native/ReactCommon/jsi/jsi/jsilib.h,"(24, 3)-(26, 4)",b'const uint8_t* data() const override {\n    re...'
react-native,../repos/react-native/packages/react-native/ReactCommon/jsi/jsi/jsilib.h,"(50, 3)-(52, 4)",b'size_t size() const override {\n    return buf...'
react-native,../repos/react-native/packages/react-native/ReactCommon/jsi/jsi/jsilib.h,"(53, 3)-(55, 4)",b'const uint8_t* data() const override {\n    re...'
react-native,../repos/react-native/packages/react-native/ReactCommon/jsi/jsi/decorator.h,"(69, 3)-(71, 4)","b'Value get(Runtime&, const PropNameID& name) o...'"
react-native,../repos/react-native/packages/react-native/ReactCommon/jsi/jsi/decorator.h,"(73, 3)-(75, 4)","b'void set(Runtime&, const PropNameID& name, co...'"
react-native,../repos/react-native/packages/react-native/ReactCommon/jsi/jsi/decorator.h,"(77, 3)-(79, 4)",b'std::vector<PropNameID> getPropertyNames(Runt...'
react-native,../repos/react-native/packages/react-native/ReactCommon/jsi/jsi/decorator.h,"(115, 3)-(119, 4)",b'Value evaluateJavaScript(\n      const std::sh...'
react-native,../repos/react-native/packages/react-native/ReactCommon/jsi/jsi/decorator.h,"(120, 3)-(124, 4)",b'std::shared_ptr<const PreparedJavaScript> pre...'
react-native,../repos/react-native/packages/react-native/ReactCommon/jsi/jsi/decorator.h,"(125, 3)-(128, 4)",b'Value evaluatePreparedJavaScript(\n      const...'
react-native,../repos/react-native/packages/react-native/ReactCommon/jsi/jsi/decorator.h,"(129, 3)-(131, 4)",b'bool drainMicrotasks(int maxMicrotasksHint) o...'
react-native,../repos/react-native/packages/react-native/ReactCommon/jsi/jsi/decorator.h,"(132, 3)-(134, 4)",b'Object global() override {\n    return plain()...'
react-native,../repos/react-native/packages/react-native/ReactCommon/jsi/jsi/decorator.h,"(135, 3)-(137, 4)",b'std::string description() override {\n    retu...'
react-native,../repos/react-native/packages/react-native/ReactCommon/jsi/jsi/decorator.h,"(138, 3)-(140, 4)",b'bool isInspectable() override {\n    return pl...'
react-native,../repos/react-native/packages/react-native/ReactCommon/jsi/jsi/decorator.h,"(141, 3)-(143, 4)",b'Instrumentation& instrumentation() override {...'
react-native,../repos/react-native/packages/react-native/ReactCommon/jsi/jsi/decorator.h,"(154, 3)-(156, 4)",b'Runtime::PointerValue* cloneSymbol(const Runt...'
react-native,../repos/react-native/packages/react-native/ReactCommon/jsi/jsi/decorator.h,"(157, 3)-(159, 4)",b'Runtime::PointerValue* cloneBigInt(const Runt...'
react-native,../repos/react-native/packages/react-native/ReactCommon/jsi/jsi/decorator.h,"(160, 3)-(162, 4)",b'Runtime::PointerValue* cloneString(const Runt...'
react-native,../repos/react-native/packages/react-native/ReactCommon/jsi/jsi/decorator.h,"(163, 3)-(165, 4)",b'Runtime::PointerValue* cloneObject(const Runt...'
react-native,../repos/react-native/packages/react-native/ReactCommon/jsi/jsi/decorator.h,"(166, 3)-(169, 4)",b'Runtime::PointerValue* clonePropNameID(\n     ...'
react-native,../repos/react-native/packages/react-native/ReactCommon/jsi/jsi/decorator.h,"(171, 3)-(174, 4)",b'PropNameID createPropNameIDFromAscii(const ch...'
react-native,../repos/react-native/packages/react-native/ReactCommon/jsi/jsi/decorator.h,"(175, 3)-(178, 4)",b'PropNameID createPropNameIDFromUtf8(const uin...'
react-native,../repos/react-native/packages/react-native/ReactCommon/jsi/jsi/decorator.h,"(179, 3)-(181, 4)",b'PropNameID createPropNameIDFromString(const S...'
react-native,../repos/react-native/packages/react-native/ReactCommon/jsi/jsi/decorator.h,"(182, 3)-(184, 4)",b'PropNameID createPropNameIDFromSymbol(const S...'
react-native,../repos/react-native/packages/react-native/ReactCommon/jsi/jsi/decorator.h,"(185, 3)-(187, 4)",b'std::string utf8(const PropNameID& id) overri...'
react-native,../repos/react-native/packages/react-native/ReactCommon/jsi/jsi/decorator.h,"(188, 3)-(190, 4)","b'bool compare(const PropNameID& a, const PropN...'"
react-native,../repos/react-native/packages/react-native/ReactCommon/jsi/jsi/decorator.h,"(192, 3)-(194, 4)",b'std::string symbolToString(const Symbol& sym)...'
react-native,../repos/react-native/packages/react-native/ReactCommon/jsi/jsi/decorator.h,"(196, 3)-(198, 4)",b'BigInt createBigIntFromInt64(int64_t value) o...'
react-native,../repos/react-native/packages/react-native/ReactCommon/jsi/jsi/decorator.h,"(199, 3)-(201, 4)",b'BigInt createBigIntFromUint64(uint64_t value)...'
react-native,../repos/react-native/packages/react-native/ReactCommon/jsi/jsi/decorator.h,"(202, 3)-(204, 4)",b'bool bigintIsInt64(const BigInt& b) override ...'
react-native,../repos/react-native/packages/react-native/ReactCommon/jsi/jsi/decorator.h,"(205, 3)-(207, 4)",b'bool bigintIsUint64(const BigInt& b) override...'
react-native,../repos/react-native/packages/react-native/ReactCommon/jsi/jsi/decorator.h,"(208, 3)-(210, 4)",b'uint64_t truncate(const BigInt& b) override {...'
react-native,../repos/react-native/packages/react-native/ReactCommon/jsi/jsi/decorator.h,"(211, 3)-(213, 4)","b'String bigintToString(const BigInt& bigint, i...'"
react-native,../repos/react-native/packages/react-native/ReactCommon/jsi/jsi/decorator.h,"(215, 3)-(217, 4)","b'String createStringFromAscii(const char* str,...'"
react-native,../repos/react-native/packages/react-native/ReactCommon/jsi/jsi/decorator.h,"(218, 3)-(220, 4)",b'String createStringFromUtf8(const uint8_t* ut...'
react-native,../repos/react-native/packages/react-native/ReactCommon/jsi/jsi/decorator.h,"(221, 3)-(223, 4)",b'std::string utf8(const String& s) override {\n...'
react-native,../repos/react-native/packages/react-native/ReactCommon/jsi/jsi/decorator.h,"(225, 3)-(227, 4)",b'Object createObject() override {\n    return p...'
react-native,../repos/react-native/packages/react-native/ReactCommon/jsi/jsi/decorator.h,"(229, 3)-(232, 4)",b'Object createObject(std::shared_ptr<HostObjec...'
react-native,../repos/react-native/packages/react-native/ReactCommon/jsi/jsi/decorator.h,"(233, 3)-(236, 4)",b'std::shared_ptr<HostObject> getHostObject(con...'
react-native,../repos/react-native/packages/react-native/ReactCommon/jsi/jsi/decorator.h,"(237, 3)-(242, 4)",b'HostFunctionType& getHostFunction(const jsi::...'
react-native,../repos/react-native/packages/react-native/ReactCommon/jsi/jsi/decorator.h,"(244, 3)-(246, 4)",b'bool hasNativeState(const Object& o) override...'
react-native,../repos/react-native/packages/react-native/ReactCommon/jsi/jsi/decorator.h,"(247, 3)-(249, 4)",b'std::shared_ptr<NativeState> getNativeState(c...'
react-native,../repos/react-native/packages/react-native/ReactCommon/jsi/jsi/decorator.h,"(250, 3)-(253, 4)","b'void setNativeState(const Object& o, std::sha...'"
react-native,../repos/react-native/packages/react-native/ReactCommon/jsi/jsi/decorator.h,"(255, 3)-(257, 4)",b'void setExternalMemoryPressure(const Object& ...'
react-native,../repos/react-native/packages/react-native/ReactCommon/jsi/jsi/decorator.h,"(259, 3)-(261, 4)","b'Value getProperty(const Object& o, const Prop...'"
react-native,../repos/react-native/packages/react-native/ReactCommon/jsi/jsi/decorator.h,"(262, 3)-(264, 4)","b'Value getProperty(const Object& o, const Stri...'"
react-native,../repos/react-native/packages/react-native/ReactCommon/jsi/jsi/decorator.h,"(265, 3)-(267, 4)","b'bool hasProperty(const Object& o, const PropN...'"
react-native,../repos/react-native/packages/react-native/ReactCommon/jsi/jsi/decorator.h,"(268, 3)-(270, 4)","b'bool hasProperty(const Object& o, const Strin...'"
react-native,../repos/react-native/packages/react-native/ReactCommon/jsi/jsi/decorator.h,"(271, 3)-(276, 4)","b'void setPropertyValue(\n      const Object& o,...'"
react-native,../repos/react-native/packages/react-native/ReactCommon/jsi/jsi/decorator.h,"(277, 3)-(280, 4)","b'void setPropertyValue(const Object& o, const ...'"
react-native,../repos/react-native/packages/react-native/ReactCommon/jsi/jsi/decorator.h,"(282, 3)-(284, 4)",b'bool isArray(const Object& o) const override ...'
react-native,../repos/react-native/packages/react-native/ReactCommon/jsi/jsi/decorator.h,"(285, 3)-(287, 4)",b'bool isArrayBuffer(const Object& o) const ove...'
react-native,../repos/react-native/packages/react-native/ReactCommon/jsi/jsi/decorator.h,"(288, 3)-(290, 4)",b'bool isFunction(const Object& o) const overri...'
react-native,../repos/react-native/packages/react-native/ReactCommon/jsi/jsi/decorator.h,"(291, 3)-(293, 4)",b'bool isHostObject(const jsi::Object& o) const...'
react-native,../repos/react-native/packages/react-native/ReactCommon/jsi/jsi/decorator.h,"(294, 3)-(296, 4)",b'bool isHostFunction(const jsi::Function& f) c...'
react-native,../repos/react-native/packages/react-native/ReactCommon/jsi/jsi/decorator.h,"(297, 3)-(299, 4)",b'Array getPropertyNames(const Object& o) overr...'
react-native,../repos/react-native/packages/react-native/ReactCommon/jsi/jsi/decorator.h,"(301, 3)-(303, 4)",b'WeakObject createWeakObject(const Object& o) ...'
react-native,../repos/react-native/packages/react-native/ReactCommon/jsi/jsi/decorator.h,"(304, 3)-(306, 4)",b'Value lockWeakObject(const WeakObject& wo) ov...'
react-native,../repos/react-native/packages/react-native/ReactCommon/jsi/jsi/decorator.h,"(308, 3)-(310, 4)",b'Array createArray(size_t length) override {\n ...'
react-native,../repos/react-native/packages/react-native/ReactCommon/jsi/jsi/decorator.h,"(311, 3)-(314, 4)",b'ArrayBuffer createArrayBuffer(\n      std::sha...'
react-native,../repos/react-native/packages/react-native/ReactCommon/jsi/jsi/decorator.h,"(315, 3)-(317, 4)",b'size_t size(const Array& a) override {\n    re...'
react-native,../repos/react-native/packages/react-native/ReactCommon/jsi/jsi/decorator.h,"(318, 3)-(320, 4)",b'size_t size(const ArrayBuffer& ab) override {...'
react-native,../repos/react-native/packages/react-native/ReactCommon/jsi/jsi/decorator.h,"(321, 3)-(323, 4)",b'uint8_t* data(const ArrayBuffer& ab) override...'
react-native,../repos/react-native/packages/react-native/ReactCommon/jsi/jsi/decorator.h,"(324, 3)-(326, 4)","b'Value getValueAtIndex(const Array& a, size_t ...'"
react-native,../repos/react-native/packages/react-native/ReactCommon/jsi/jsi/decorator.h,"(327, 3)-(330, 4)","b'void setValueAtIndexImpl(const Array& a, size...'"
react-native,../repos/react-native/packages/react-native/ReactCommon/jsi/jsi/decorator.h,"(332, 3)-(338, 4)",b'Function createFunctionFromHostFunction(\n    ...'
react-native,../repos/react-native/packages/react-native/ReactCommon/jsi/jsi/decorator.h,"(339, 3)-(345, 4)","b'Value call(\n      const Function& f,\n      co...'"
react-native,../repos/react-native/packages/react-native/ReactCommon/jsi/jsi/decorator.h,"(346, 3)-(349, 4)","b'Value callAsConstructor(const Function& f, co...'"
react-native,../repos/react-native/packages/react-native/ReactCommon/jsi/jsi/decorator.h,"(352, 3)-(354, 4)",b'Runtime::ScopeState* pushScope() override {\n ...'
react-native,../repos/react-native/packages/react-native/ReactCommon/jsi/jsi/decorator.h,"(355, 3)-(357, 4)",b'void popScope(Runtime::ScopeState* ss) overri...'
react-native,../repos/react-native/packages/react-native/ReactCommon/jsi/jsi/decorator.h,"(359, 3)-(361, 4)","b'bool strictEquals(const Symbol& a, const Symb...'"
react-native,../repos/react-native/packages/react-native/ReactCommon/jsi/jsi/decorator.h,"(362, 3)-(364, 4)","b'bool strictEquals(const BigInt& a, const BigI...'"
react-native,../repos/react-native/packages/react-native/ReactCommon/jsi/jsi/decorator.h,"(365, 3)-(367, 4)","b'bool strictEquals(const String& a, const Stri...'"
react-native,../repos/react-native/packages/react-native/ReactCommon/jsi/jsi/decorator.h,"(368, 3)-(370, 4)","b'bool strictEquals(const Object& a, const Obje...'"
react-native,../repos/react-native/packages/react-native/ReactCommon/jsi/jsi/decorator.h,"(372, 3)-(374, 4)","b'bool instanceOf(const Object& o, const Functi...'"
react-native,../repos/react-native/packages/react-native/ReactCommon/jsi/jsi/decorator.h,"(378, 3)-(380, 4)",b'std::string getRecordedGCStats() override {\n ...'
react-native,../repos/react-native/packages/react-native/ReactCommon/jsi/jsi/decorator.h,"(382, 3)-(385, 4)","b'std::unordered_map<std::string, int64_t> getH...'"
react-native,../repos/react-native/packages/react-native/ReactCommon/jsi/jsi/decorator.h,"(387, 3)-(389, 4)",b'void collectGarbage(std::string cause) overri...'
react-native,../repos/react-native/packages/react-native/ReactCommon/jsi/jsi/decorator.h,"(391, 3)-(398, 4)",b'void startTrackingHeapObjectStackTraces(\n    ...'
react-native,../repos/react-native/packages/react-native/ReactCommon/jsi/jsi/decorator.h,"(400, 3)-(402, 4)",b'void stopTrackingHeapObjectStackTraces() over...'
react-native,../repos/react-native/packages/react-native/ReactCommon/jsi/jsi/decorator.h,"(404, 3)-(406, 4)",b'void startHeapSampling(size_t samplingInterva...'
react-native,../repos/react-native/packages/react-native/ReactCommon/jsi/jsi/decorator.h,"(408, 3)-(410, 4)",b'void stopHeapSampling(std::ostream& os) overr...'
react-native,../repos/react-native/packages/react-native/ReactCommon/jsi/jsi/decorator.h,"(412, 3)-(414, 4)",b'void createSnapshotToFile(const std::string& ...'
react-native,../repos/react-native/packages/react-native/ReactCommon/jsi/jsi/decorator.h,"(416, 3)-(418, 4)",b'void createSnapshotToStream(std::ostream& os)...'
react-native,../repos/react-native/packages/react-native/ReactCommon/jsi/jsi/decorator.h,"(420, 3)-(424, 4)",b'std::string flushAndDisableBridgeTrafficTrace...'
react-native,../repos/react-native/packages/react-native/ReactCommon/jsi/jsi/decorator.h,"(426, 3)-(431, 4)",b'void writeBasicBlockProfileTraceToFile(\n     ...'
react-native,../repos/react-native/packages/react-native/ReactCommon/jsi/jsi/decorator.h,"(434, 3)-(437, 4)",b'void dumpProfilerSymbolsToFile(const std::str...'
react-native,../repos/react-native/packages/react-native/ReactCommon/jsi/jsi/decorator.h,"(530, 3)-(535, 4)",b'Value evaluateJavaScript(\n      const std::sh...'
react-native,../repos/react-native/packages/react-native/ReactCommon/jsi/jsi/decorator.h,"(536, 3)-(541, 4)",b'std::shared_ptr<const PreparedJavaScript> pre...'
react-native,../repos/react-native/packages/react-native/ReactCommon/jsi/jsi/decorator.h,"(542, 3)-(546, 4)",b'Value evaluatePreparedJavaScript(\n      const...'
react-native,../repos/react-native/packages/react-native/ReactCommon/jsi/jsi/decorator.h,"(547, 3)-(550, 4)",b'bool drainMicrotasks(int maxMicrotasksHint) o...'
react-native,../repos/react-native/packages/react-native/ReactCommon/jsi/jsi/decorator.h,"(551, 3)-(554, 4)",b'Object global() override {\n    Around around{...'
react-native,../repos/react-native/packages/react-native/ReactCommon/jsi/jsi/decorator.h,"(555, 3)-(558, 4)",b'std::string description() override {\n    Arou...'
react-native,../repos/react-native/packages/react-native/ReactCommon/jsi/jsi/decorator.h,"(559, 3)-(562, 4)",b'bool isInspectable() override {\n    Around ar...'
react-native,../repos/react-native/packages/react-native/ReactCommon/jsi/jsi/decorator.h,"(568, 3)-(571, 4)",b'jsi::Instrumentation& instrumentation() overr...'
react-native,../repos/react-native/packages/react-native/ReactCommon/jsi/jsi/decorator.h,"(574, 3)-(577, 4)",b'Runtime::PointerValue* cloneSymbol(const Runt...'
react-native,../repos/react-native/packages/react-native/ReactCommon/jsi/jsi/decorator.h,"(578, 3)-(581, 4)",b'Runtime::PointerValue* cloneString(const Runt...'
react-native,../repos/react-native/packages/react-native/ReactCommon/jsi/jsi/decorator.h,"(582, 3)-(585, 4)",b'Runtime::PointerValue* cloneObject(const Runt...'
react-native,../repos/react-native/packages/react-native/ReactCommon/jsi/jsi/decorator.h,"(586, 3)-(590, 4)",b'Runtime::PointerValue* clonePropNameID(\n     ...'
react-native,../repos/react-native/packages/react-native/ReactCommon/jsi/jsi/decorator.h,"(592, 3)-(596, 4)",b'PropNameID createPropNameIDFromAscii(const ch...'
react-native,../repos/react-native/packages/react-native/ReactCommon/jsi/jsi/decorator.h,"(597, 3)-(601, 4)",b'PropNameID createPropNameIDFromUtf8(const uin...'
react-native,../repos/react-native/packages/react-native/ReactCommon/jsi/jsi/decorator.h,"(602, 3)-(605, 4)",b'PropNameID createPropNameIDFromString(const S...'
react-native,../repos/react-native/packages/react-native/ReactCommon/jsi/jsi/decorator.h,"(606, 3)-(609, 4)",b'std::string utf8(const PropNameID& id) overri...'
react-native,../repos/react-native/packages/react-native/ReactCommon/jsi/jsi/decorator.h,"(610, 3)-(613, 4)","b'bool compare(const PropNameID& a, const PropN...'"
react-native,../repos/react-native/packages/react-native/ReactCommon/jsi/jsi/decorator.h,"(615, 3)-(618, 4)",b'std::string symbolToString(const Symbol& sym)...'
react-native,../repos/react-native/packages/react-native/ReactCommon/jsi/jsi/decorator.h,"(620, 3)-(623, 4)","b'String createStringFromAscii(const char* str,...'"
react-native,../repos/react-native/packages/react-native/ReactCommon/jsi/jsi/decorator.h,"(624, 3)-(627, 4)",b'String createStringFromUtf8(const uint8_t* ut...'
react-native,../repos/react-native/packages/react-native/ReactCommon/jsi/jsi/decorator.h,"(628, 3)-(631, 4)",b'std::string utf8(const String& s) override {\n...'
react-native,../repos/react-native/packages/react-native/ReactCommon/jsi/jsi/decorator.h,"(633, 3)-(636, 4)",b'Object createObject() override {\n    Around a...'
react-native,../repos/react-native/packages/react-native/ReactCommon/jsi/jsi/decorator.h,"(637, 3)-(640, 4)",b'Object createObject(std::shared_ptr<HostObjec...'
react-native,../repos/react-native/packages/react-native/ReactCommon/jsi/jsi/decorator.h,"(641, 3)-(644, 4)",b'std::shared_ptr<HostObject> getHostObject(con...'
react-native,../repos/react-native/packages/react-native/ReactCommon/jsi/jsi/decorator.h,"(645, 3)-(648, 4)",b'HostFunctionType& getHostFunction(const jsi::...'
react-native,../repos/react-native/packages/react-native/ReactCommon/jsi/jsi/decorator.h,"(650, 3)-(653, 4)","b'Value getProperty(const Object& o, const Prop...'"
react-native,../repos/react-native/packages/react-native/ReactCommon/jsi/jsi/decorator.h,"(654, 3)-(657, 4)","b'Value getProperty(const Object& o, const Stri...'"
react-native,../repos/react-native/packages/react-native/ReactCommon/jsi/jsi/decorator.h,"(658, 3)-(661, 4)","b'bool hasProperty(const Object& o, const PropN...'"
react-native,../repos/react-native/packages/react-native/ReactCommon/jsi/jsi/decorator.h,"(662, 3)-(665, 4)","b'bool hasProperty(const Object& o, const Strin...'"
react-native,../repos/react-native/packages/react-native/ReactCommon/jsi/jsi/decorator.h,"(666, 3)-(672, 4)","b'void setPropertyValue(\n      const Object& o,...'"
react-native,../repos/react-native/packages/react-native/ReactCommon/jsi/jsi/decorator.h,"(673, 3)-(677, 4)","b'void setPropertyValue(const Object& o, const ...'"
react-native,../repos/react-native/packages/react-native/ReactCommon/jsi/jsi/decorator.h,"(679, 3)-(682, 4)",b'bool isArray(const Object& o) const override ...'
react-native,../repos/react-native/packages/react-native/ReactCommon/jsi/jsi/decorator.h,"(683, 3)-(686, 4)",b'bool isArrayBuffer(const Object& o) const ove...'
react-native,../repos/react-native/packages/react-native/ReactCommon/jsi/jsi/decorator.h,"(687, 3)-(690, 4)",b'bool isFunction(const Object& o) const overri...'
react-native,../repos/react-native/packages/react-native/ReactCommon/jsi/jsi/decorator.h,"(691, 3)-(694, 4)",b'bool isHostObject(const jsi::Object& o) const...'
react-native,../repos/react-native/packages/react-native/ReactCommon/jsi/jsi/decorator.h,"(695, 3)-(698, 4)",b'bool isHostFunction(const jsi::Function& f) c...'
react-native,../repos/react-native/packages/react-native/ReactCommon/jsi/jsi/decorator.h,"(699, 3)-(702, 4)",b'Array getPropertyNames(const Object& o) overr...'
react-native,../repos/react-native/packages/react-native/ReactCommon/jsi/jsi/decorator.h,"(704, 3)-(707, 4)",b'WeakObject createWeakObject(const Object& o) ...'
react-native,../repos/react-native/packages/react-native/ReactCommon/jsi/jsi/decorator.h,"(708, 3)-(711, 4)",b'Value lockWeakObject(const WeakObject& wo) ov...'
react-native,../repos/react-native/packages/react-native/ReactCommon/jsi/jsi/decorator.h,"(713, 3)-(716, 4)",b'Array createArray(size_t length) override {\n ...'
react-native,../repos/react-native/packages/react-native/ReactCommon/jsi/jsi/decorator.h,"(717, 3)-(720, 4)",b'ArrayBuffer createArrayBuffer(\n      std::sha...'
react-native,../repos/react-native/packages/react-native/ReactCommon/jsi/jsi/decorator.h,"(721, 3)-(724, 4)",b'size_t size(const Array& a) override {\n    Ar...'
react-native,../repos/react-native/packages/react-native/ReactCommon/jsi/jsi/decorator.h,"(725, 3)-(728, 4)",b'size_t size(const ArrayBuffer& ab) override {...'
react-native,../repos/react-native/packages/react-native/ReactCommon/jsi/jsi/decorator.h,"(729, 3)-(732, 4)",b'uint8_t* data(const ArrayBuffer& ab) override...'
react-native,../repos/react-native/packages/react-native/ReactCommon/jsi/jsi/decorator.h,"(733, 3)-(736, 4)","b'Value getValueAtIndex(const Array& a, size_t ...'"
react-native,../repos/react-native/packages/react-native/ReactCommon/jsi/jsi/decorator.h,"(737, 3)-(741, 4)","b'void setValueAtIndexImpl(const Array& a, size...'"
react-native,../repos/react-native/packages/react-native/ReactCommon/jsi/jsi/decorator.h,"(743, 3)-(750, 4)",b'Function createFunctionFromHostFunction(\n    ...'
react-native,../repos/react-native/packages/react-native/ReactCommon/jsi/jsi/decorator.h,"(751, 3)-(758, 4)","b'Value call(\n      const Function& f,\n      co...'"
react-native,../repos/react-native/packages/react-native/ReactCommon/jsi/jsi/decorator.h,"(759, 3)-(763, 4)","b'Value callAsConstructor(const Function& f, co...'"
react-native,../repos/react-native/packages/react-native/ReactCommon/jsi/jsi/decorator.h,"(766, 3)-(769, 4)",b'Runtime::ScopeState* pushScope() override {\n ...'
react-native,../repos/react-native/packages/react-native/ReactCommon/jsi/jsi/decorator.h,"(770, 3)-(773, 4)",b'void popScope(Runtime::ScopeState* ss) overri...'
react-native,../repos/react-native/packages/react-native/ReactCommon/jsi/jsi/decorator.h,"(775, 3)-(778, 4)","b'bool strictEquals(const Symbol& a, const Symb...'"
react-native,../repos/react-native/packages/react-native/ReactCommon/jsi/jsi/decorator.h,"(779, 3)-(782, 4)","b'bool strictEquals(const String& a, const Stri...'"
react-native,../repos/react-native/packages/react-native/ReactCommon/jsi/jsi/decorator.h,"(783, 3)-(786, 4)","b'bool strictEquals(const Object& a, const Obje...'"
react-native,../repos/react-native/packages/react-native/ReactCommon/jsi/jsi/decorator.h,"(788, 3)-(791, 4)","b'bool instanceOf(const Object& o, const Functi...'"
react-native,../repos/react-native/packages/react-native/ReactCommon/jsi/jsi/threadsafe.h,"(59, 3)-(61, 4)",b'R& getUnsafeRuntime() override {\n    return W...'
react-native,../repos/react-native/packages/react-native/ReactCommon/jsi/jsi/threadsafe.h,"(63, 3)-(65, 4)",b'void lock() const override {\n    lock_.before...'
react-native,../repos/react-native/packages/react-native/ReactCommon/jsi/jsi/threadsafe.h,"(67, 3)-(69, 4)",b'void unlock() const override {\n    lock_.afte...'
react-native,../repos/react-native/packages/react-native/ReactCommon/jsi/jsi/jsi.cpp,"(90, 1)-(137, 2)",b'Instrumentation& Runtime::instrumentation() {...'
react-native,../repos/react-native/packages/react-native/ReactCommon/jsi/jsi/jsi.cpp,"(92, 5)-(94, 6)",b'std::string getRecordedGCStats() override {\n ...'
react-native,../repos/react-native/packages/react-native/ReactCommon/jsi/jsi/jsi.cpp,"(96, 5)-(98, 6)","b'std::unordered_map<std::string, int64_t> getH...'"
react-native,../repos/react-native/packages/react-native/ReactCommon/jsi/jsi/jsi.cpp,"(100, 5)-(100, 49)",b'void collectGarbage(std::string) override {}'
react-native,../repos/react-native/packages/react-native/ReactCommon/jsi/jsi/jsi.cpp,"(102, 5)-(106, 56)",b'void startTrackingHeapObjectStackTraces(\n    ...'
react-native,../repos/react-native/packages/react-native/ReactCommon/jsi/jsi/jsi.cpp,"(107, 5)-(107, 57)",b'void stopTrackingHeapObjectStackTraces() over...'
react-native,../repos/react-native/packages/react-native/ReactCommon/jsi/jsi/jsi.cpp,"(109, 5)-(109, 47)",b'void startHeapSampling(size_t) override {}'
react-native,../repos/react-native/packages/react-native/ReactCommon/jsi/jsi/jsi.cpp,"(110, 5)-(110, 53)",b'void stopHeapSampling(std::ostream&) override {}'
react-native,../repos/react-native/packages/react-native/ReactCommon/jsi/jsi/jsi.cpp,"(112, 5)-(115, 6)",b'void createSnapshotToFile(const std::string&)...'
react-native,../repos/react-native/packages/react-native/ReactCommon/jsi/jsi/jsi.cpp,"(117, 5)-(120, 6)",b'void createSnapshotToStream(std::ostream&) ov...'
react-native,../repos/react-native/packages/react-native/ReactCommon/jsi/jsi/jsi.cpp,"(122, 5)-(124, 6)",b'std::string flushAndDisableBridgeTrafficTrace...'
react-native,../repos/react-native/packages/react-native/ReactCommon/jsi/jsi/jsi.cpp,"(126, 5)-(128, 6)",b'void writeBasicBlockProfileTraceToFile(const ...'
react-native,../repos/react-native/packages/react-native/ReactCommon/jsi/jsi/jsi.cpp,"(130, 5)-(132, 6)",b'void dumpProfilerSymbolsToFile(const std::str...'
react-native,../repos/react-native/packages/react-native/ReactCommon/react/runtime/TimerManager.h,"(31, 3)-(31, 37)",b'~TimerHandle() override = default;'
react-native,../repos/react-native/packages/react-native/ReactCommon/react/runtime/tests/cxx/ReactInstanceTest.cpp,"(71, 3)-(94, 4)","b'jsi::Value get(jsi::Runtime& rt, const jsi::P...'"
react-native,../repos/react-native/packages/react-native/ReactCommon/react/runtime/tests/cxx/ReactInstanceTest.cpp,"(118, 3)-(142, 4)",b'void SetUp() override {\n    auto runtime =\n  ...'
react-native,../repos/react-native/packages/react-native/ReactCommon/react/runtime/hermes/HermesInstance.cpp,"(47, 3)-(49, 4)",b'HermesRuntime& getRuntime() override {\n    re...'
react-native,../repos/react-native/packages/react-native/ReactCommon/react/runtime/hermes/HermesInstance.cpp,"(51, 3)-(62, 4)",b'void tickleJs() override {\n    std::weak_ptr<...'
react-native,../repos/react-native/packages/react-native/ReactCommon/react/runtime/platform/ios/ReactCommon/ObjCTimerRegistry.h,"(18, 2)-(32, 2)",b'end\n\nclass ObjCTimerRegistry : public faceboo...'
react-native,../repos/react-native/packages/react-native/ReactCommon/react/nativemodule/core/platform/android/ReactCommon/JavaInteropTurboModule.h,"(21, 1)-(48, 2)",b'class JSI_EXPORT JavaInteropTurboModule : pub...'
react-native,../repos/react-native/packages/react-native/ReactCommon/react/nativemodule/core/ReactCommon/TurboModuleBinding.cpp,"(26, 3)-(53, 4)","b'jsi::Value get(jsi::Runtime& runtime, const j...'"
react-native,../repos/react-native/packages/react-native/ReactCommon/react/nativemodule/core/ReactCommon/TurboModuleBinding.cpp,"(55, 3)-(62, 4)","b'void set(\n      jsi::Runtime& runtime,\n      ...'"
react-native,../repos/react-native/packages/react-native/ReactCommon/react/nativemodule/core/ReactCommon/TurboCxxModule.h,"(25, 1)-(47, 2)",b'class JSI_EXPORT TurboCxxModule : public Turb...'
react-native,../repos/react-native/packages/react-native/ReactCommon/react/nativemodule/core/ReactCommon/TurboModule.h,"(47, 1)-(139, 2)",b'class JSI_EXPORT TurboModule : public faceboo...'
react-native,../repos/react-native/packages/react-native/ReactCommon/react/nativemodule/core/ReactCommon/TurboModule.h,"(53, 3)-(67, 4)",b'facebook::jsi::Value get(\n      facebook::jsi...'
react-native,../repos/react-native/packages/react-native/ReactCommon/react/nativemodule/core/ReactCommon/TurboModule.h,"(69, 3)-(77, 4)",b'virtual std::vector<facebook::jsi::PropNameID...'
react-native,../repos/react-native/packages/react-native/ReactCommon/react/renderer/runtimescheduler/tests/StubErrorUtils.h,"(41, 3)-(60, 4)","b'jsi::Value get(jsi::Runtime& runtime, const j...'"
react-native,../repos/react-native/packages/react-native/ReactCommon/react/renderer/runtimescheduler/tests/RuntimeSchedulerTest.cpp,"(26, 3)-(59, 4)",b'void SetUp() override {\n    hostFunctionCallC...'
react-native,../repos/react-native/packages/react-native/ReactCommon/react/renderer/element/Element.h,"(149, 3)-(155, 4)",b'Element& finalize(\n      std::function<void(C...'
react-native,../repos/react-native/packages/react-native/ReactCommon/react/renderer/element/tests/ElementTest.cpp,"(21, 1)-(102, 2)","b'TEST(ElementTest, testNormalCases) {\n  auto b...'"
react-native,../repos/react-native/packages/react-native/ReactCommon/react/renderer/element/ComponentBuilder.cpp,"(18, 1)-(64, 2)",b'ShadowNode::Unshared ComponentBuilder::build(...'
react-native,../repos/react-native/packages/react-native/ReactCommon/react/renderer/mounting/tests/StateReconciliationTest.cpp,"(27, 3)-(32, 4)",b'RootShadowNode::Unshared shadowTreeWillCommit...'
react-native,../repos/react-native/packages/react-native/ReactCommon/react/renderer/animations/LayoutAnimationKeyFrameManager.cpp,"(169, 1)-(1088, 2)",b'std::optional<MountingTransaction>\nLayoutAnim...'
react-native,../repos/react-native/packages/react-native/ReactCommon/react/renderer/animations/LayoutAnimationKeyFrameManager.cpp,"(1120, 1)-(1190, 2)",b'ShadowView LayoutAnimationKeyFrameManager::cr...'
react-native,../repos/react-native/packages/react-native/ReactCommon/react/renderer/animations/LayoutAnimationKeyFrameManager.cpp,"(1198, 1)-(1301, 2)",b'void LayoutAnimationKeyFrameManager::queueFin...'
react-native,../repos/react-native/packages/react-native/ReactCommon/react/renderer/animations/LayoutAnimationKeyFrameManager.cpp,"(1305, 1)-(1412, 2)",b'void LayoutAnimationKeyFrameManager::\n    adj...'
react-native,../repos/react-native/packages/react-native/ReactCommon/react/renderer/animations/LayoutAnimationKeyFrameManager.cpp,"(1414, 1)-(1525, 2)",b'void LayoutAnimationKeyFrameManager::adjustDe...'
react-native,../repos/react-native/packages/react-native/ReactCommon/react/renderer/animations/LayoutAnimationKeyFrameManager.cpp,"(1527, 1)-(1626, 2)",b'void LayoutAnimationKeyFrameManager::getAndEr...'
react-native,../repos/react-native/packages/react-native/ReactCommon/react/renderer/animations/LayoutAnimationKeyFrameManager.cpp,"(1664, 1)-(1690, 2)",b'Props::Shared LayoutAnimationKeyFrameManager:...'
react-native,../repos/react-native/packages/react-native/ReactCommon/react/renderer/animations/tests/LayoutAnimationTest.cpp,"(37, 1)-(307, 2)",b'static void testShadowNodeTreeLifeCycleLayout...'
react-native,../repos/react-native/packages/react-native/ReactCommon/react/renderer/animations/tests/LayoutAnimationTest.cpp,"(441, 1)-(457, 2)","b'TEST(\n    LayoutAnimationTest,\n    stableSmal...'"
react-native,../repos/react-native/packages/react-native/ReactCommon/react/renderer/animations/tests/LayoutAnimationTest.cpp,"(459, 1)-(475, 2)","b'TEST(\n    LayoutAnimationTest,\n    stableSmal...'"
react-native,../repos/react-native/packages/react-native/ReactCommon/react/renderer/animations/tests/LayoutAnimationTest.cpp,"(477, 1)-(496, 2)","b'TEST(\n    LayoutAnimationTest,\n    stableSmal...'"
react-native,../repos/react-native/packages/react-native/ReactCommon/react/renderer/animations/tests/LayoutAnimationTest.cpp,"(498, 1)-(514, 2)","b'TEST(\n    LayoutAnimationTest,\n    stableBigg...'"
react-native,../repos/react-native/packages/react-native/ReactCommon/react/renderer/animations/LayoutAnimationDriver.cpp,"(17, 1)-(107, 2)",b'void LayoutAnimationDriver::animationMutation...'
react-native,../repos/react-native/packages/react-native/ReactCommon/react/renderer/core/ConcreteComponentDescriptor.h,"(54, 3)-(56, 4)",b'ComponentHandle getComponentHandle() const ov...'
react-native,../repos/react-native/packages/react-native/ReactCommon/react/renderer/core/ConcreteComponentDescriptor.h,"(58, 3)-(60, 4)",b'ComponentName getComponentName() const overri...'
react-native,../repos/react-native/packages/react-native/ReactCommon/react/renderer/core/ConcreteComponentDescriptor.h,"(62, 3)-(64, 4)",b'ShadowNodeTraits getTraits() const override {...'
react-native,../repos/react-native/packages/react-native/ReactCommon/react/renderer/core/ConcreteComponentDescriptor.h,"(66, 3)-(75, 4)",b'std::shared_ptr<ShadowNode> createShadowNode(...'
react-native,../repos/react-native/packages/react-native/ReactCommon/react/renderer/core/ConcreteComponentDescriptor.h,"(77, 3)-(84, 4)",b'ShadowNode::Unshared cloneShadowNode(\n      c...'
react-native,../repos/react-native/packages/react-native/ReactCommon/react/renderer/core/ConcreteComponentDescriptor.h,"(86, 3)-(93, 4)",b'void appendChild(\n      const ShadowNode::Sha...'
react-native,../repos/react-native/packages/react-native/ReactCommon/react/renderer/core/ConcreteComponentDescriptor.h,"(95, 3)-(132, 4)",b'virtual Props::Shared cloneProps(\n      const...'
react-native,../repos/react-native/packages/react-native/ReactCommon/react/renderer/core/ConcreteComponentDescriptor.h,"(134, 3)-(146, 4)",b'virtual State::Shared createInitialState(\n   ...'
react-native,../repos/react-native/packages/react-native/ReactCommon/react/renderer/core/ConcreteComponentDescriptor.h,"(148, 3)-(161, 4)",b'virtual State::Shared createState(\n      cons...'
react-native,../repos/react-native/packages/react-native/ReactCommon/react/renderer/core/ConcreteComponentDescriptor.h,"(163, 3)-(170, 4)",b'ShadowNodeFamily::Shared createFamily(\n      ...'
react-native,../repos/react-native/packages/react-native/ReactCommon/react/renderer/core/ConcreteComponentDescriptor.h,"(173, 3)-(177, 4)",b'virtual void adopt(ShadowNode& shadowNode) co...'
react-native,../repos/react-native/packages/react-native/ReactCommon/react/renderer/core/ConcreteState.h,"(47, 3)-(47, 39)",b'~ConcreteState() override = default;'
react-native,../repos/react-native/packages/react-native/ReactCommon/react/renderer/core/ConcreteState.h,"(107, 3)-(109, 4)",b'folly::dynamic getDynamic() const override {\n...'
react-native,../repos/react-native/packages/react-native/ReactCommon/react/renderer/core/ConcreteState.h,"(111, 3)-(113, 4)",b'void updateState(folly::dynamic&& data) const...'
react-native,../repos/react-native/packages/react-native/ReactCommon/react/renderer/core/ConcreteState.h,"(115, 3)-(117, 4)",b'MapBuffer getMapBuffer() const override {\n   ...'
react-native,../repos/react-native/packages/react-native/ReactCommon/react/renderer/core/ShadowNode.h,"(91, 3)-(91, 44)",b'virtual ~ShadowNode() override = default;'
react-native,../repos/react-native/packages/react-native/ReactCommon/react/renderer/core/tests/EventQueueProcessorTest.cpp,"(22, 3)-(40, 4)",b'void SetUp() override {\n    runtime_ = facebo...'
react-native,../repos/react-native/packages/react-native/ReactCommon/react/renderer/core/tests/LayoutableShadowNodeTest.cpp,"(43, 1)-(79, 2)","b'TEST_P(LayoutableShadowNodeTest, relativeLayo...'"
react-native,../repos/react-native/packages/react-native/ReactCommon/react/renderer/core/tests/LayoutableShadowNodeTest.cpp,"(87, 1)-(108, 2)","b'TEST_P(LayoutableShadowNodeTest, relativeLayo...'"
react-native,../repos/react-native/packages/react-native/ReactCommon/react/renderer/core/tests/LayoutableShadowNodeTest.cpp,"(121, 1)-(156, 2)","b'TEST_P(\n    LayoutableShadowNodeTest,\n    rel...'"
react-native,../repos/react-native/packages/react-native/ReactCommon/react/renderer/core/tests/LayoutableShadowNodeTest.cpp,"(171, 1)-(219, 2)","b'TEST_P(\n    LayoutableShadowNodeTest,\n    rel...'"
react-native,../repos/react-native/packages/react-native/ReactCommon/react/renderer/core/tests/LayoutableShadowNodeTest.cpp,"(231, 1)-(275, 2)","b'TEST_P(LayoutableShadowNodeTest, contentOrigi...'"
react-native,../repos/react-native/packages/react-native/ReactCommon/react/renderer/core/tests/LayoutableShadowNodeTest.cpp,"(286, 1)-(323, 2)","b'TEST_P(LayoutableShadowNodeTest, relativeLayo...'"
react-native,../repos/react-native/packages/react-native/ReactCommon/react/renderer/core/tests/LayoutableShadowNodeTest.cpp,"(341, 1)-(388, 2)","b'TEST_P(LayoutableShadowNodeTest, relativeLayo...'"
react-native,../repos/react-native/packages/react-native/ReactCommon/react/renderer/core/tests/LayoutableShadowNodeTest.cpp,"(406, 1)-(454, 2)","b'TEST_P(LayoutableShadowNodeTest, relativeLayo...'"
react-native,../repos/react-native/packages/react-native/ReactCommon/react/renderer/core/tests/LayoutableShadowNodeTest.cpp,"(472, 1)-(527, 2)","b'TEST_P(\n    LayoutableShadowNodeTest,\n    rel...'"
react-native,../repos/react-native/packages/react-native/ReactCommon/react/renderer/core/tests/LayoutableShadowNodeTest.cpp,"(535, 1)-(557, 2)","b'TEST_P(LayoutableShadowNodeTest, relativeLayo...'"
react-native,../repos/react-native/packages/react-native/ReactCommon/react/renderer/core/tests/LayoutableShadowNodeTest.cpp,"(565, 1)-(592, 2)","b'TEST_P(LayoutableShadowNodeTest, relativeLayo...'"
react-native,../repos/react-native/packages/react-native/ReactCommon/react/renderer/core/tests/LayoutableShadowNodeTest.cpp,"(644, 1)-(678, 2)","b'TEST_P(\n    LayoutableShadowNodeTest,\n    rel...'"
react-native,../repos/react-native/packages/react-native/ReactCommon/react/renderer/core/tests/LayoutableShadowNodeTest.cpp,"(731, 1)-(796, 2)","b'TEST_P(LayoutableShadowNodeTest, invertedVert...'"
react-native,../repos/react-native/packages/react-native/ReactCommon/react/renderer/core/tests/LayoutableShadowNodeTest.cpp,"(816, 1)-(885, 2)","b'TEST_P(LayoutableShadowNodeTest, nestedInvert...'"
react-native,../repos/react-native/packages/react-native/ReactCommon/react/renderer/core/tests/LayoutableShadowNodeTest.cpp,"(897, 1)-(962, 2)","b'TEST_P(LayoutableShadowNodeTest, invertedHori...'"
react-native,../repos/react-native/packages/react-native/ReactCommon/react/renderer/core/tests/LayoutableShadowNodeTest.cpp,"(978, 1)-(1047, 2)","b'TEST_P(LayoutableShadowNodeTest, nestedInvert...'"
react-native,../repos/react-native/packages/react-native/ReactCommon/react/renderer/core/tests/LayoutableShadowNodeTest.cpp,"(1049, 1)-(1094, 2)","b'TEST_P(LayoutableShadowNodeTest, inversedCont...'"
react-native,../repos/react-native/packages/react-native/ReactCommon/react/renderer/core/tests/TestComponent.h,"(79, 3)-(81, 4)",b'Transform getTransform() const override {\n   ...'
react-native,../repos/react-native/packages/react-native/ReactCommon/react/renderer/core/tests/TestComponent.h,"(85, 3)-(87, 4)",b'facebook::react::Point getContentOriginOffset...'
react-native,../repos/react-native/packages/react-native/ReactCommon/react/renderer/core/tests/ShadowNodeFamilyTest.cpp,"(19, 1)-(79, 2)","b'TEST(ShadowNodeFamilyTest, sealObjectCorrectl...'"
react-native,../repos/react-native/packages/react-native/ReactCommon/react/renderer/core/tests/FindNodeAtPointTest.cpp,"(17, 1)-(58, 2)","b'TEST(FindNodeAtPointTest, withoutTransform) {...'"
react-native,../repos/react-native/packages/react-native/ReactCommon/react/renderer/core/tests/FindNodeAtPointTest.cpp,"(60, 1)-(102, 2)","b'TEST(FindNodeAtPointTest, viewIsTranslated) {...'"
react-native,../repos/react-native/packages/react-native/ReactCommon/react/renderer/core/tests/FindNodeAtPointTest.cpp,"(104, 1)-(147, 2)","b'TEST(FindNodeAtPointTest, viewIsScaled) {\n  a...'"
react-native,../repos/react-native/packages/react-native/ReactCommon/react/renderer/core/tests/FindNodeAtPointTest.cpp,"(149, 1)-(184, 2)","b'TEST(FindNodeAtPointTest, overlappingViews) {...'"
react-native,../repos/react-native/packages/react-native/ReactCommon/react/renderer/core/tests/FindNodeAtPointTest.cpp,"(186, 1)-(228, 2)","b'TEST(FindNodeAtPointTest, overlappingViewsWit...'"
react-native,../repos/react-native/packages/react-native/ReactCommon/react/renderer/uimanager/UIManager.cpp,"(111, 1)-(153, 2)",b'std::shared_ptr<ShadowNode> UIManager::cloneN...'
react-native,../repos/react-native/packages/react-native/ReactCommon/react/renderer/uimanager/UIManager.cpp,"(506, 1)-(548, 2)",b'void UIManager::setNativeProps_DEPRECATED(\n  ...'
react-native,../repos/react-native/packages/react-native/ReactCommon/react/renderer/uimanager/tests/PointerEventsProcessorTest.cpp,"(38, 3)-(197, 4)",b'PointerEventsProcessorTest() {\n    surfaceId_...'
react-native,../repos/react-native/packages/react-native/ReactCommon/react/renderer/uimanager/tests/PointerEventsProcessorTest.cpp,"(199, 3)-(201, 4)",b'void TearDown() override {\n    uiManager_->st...'
react-native,../repos/react-native/packages/react-native/ReactCommon/react/renderer/uimanager/PointerEventsProcessor.cpp,"(112, 1)-(129, 2)",b'static ShadowNode::Shared getCaptureTargetOve...'
react-native,../repos/react-native/packages/react-native/ReactCommon/react/renderer/uimanager/PointerEventsProcessor.cpp,"(197, 1)-(278, 2)",b'void PointerEventsProcessor::interceptPointer...'
react-native,../repos/react-native/packages/react-native/ReactCommon/react/renderer/uimanager/PointerEventsProcessor.cpp,"(297, 1)-(314, 2)",b'void PointerEventsProcessor::releasePointerCa...'
react-native,../repos/react-native/packages/react-native/ReactCommon/react/renderer/components/modal/ModalHostViewComponentDescriptor.h,"(25, 3)-(38, 4)",b'void adopt(ShadowNode& shadowNode) const over...'
react-native,../repos/react-native/packages/react-native/ReactCommon/react/renderer/components/inputaccessory/InputAccessoryComponentDescriptor.h,"(24, 3)-(38, 4)",b'void adopt(ShadowNode& shadowNode) const over...'
react-native,../repos/react-native/packages/react-native/ReactCommon/react/renderer/components/safeareaview/SafeAreaViewComponentDescriptor.h,"(22, 3)-(31, 4)",b'void adopt(ShadowNode& shadowNode) const over...'
react-native,../repos/react-native/packages/react-native/ReactCommon/react/renderer/components/text/ParagraphComponentDescriptor.h,"(31, 3)-(39, 4)",b'void adopt(ShadowNode& shadowNode) const over...'
react-native,../repos/react-native/packages/react-native/ReactCommon/react/renderer/components/view/ConcreteViewShadowNode.h,"(82, 3)-(85, 4)",b'Transform getTransform() const override {\n   ...'
react-native,../repos/react-native/packages/react-native/ReactCommon/react/renderer/components/progressbar/android/react/renderer/components/progressbar/AndroidProgressBarComponentDescriptor.h,"(29, 3)-(43, 4)",b'void adopt(ShadowNode& shadowNode) const over...'
react-native,../repos/react-native/packages/react-native/ReactCommon/react/renderer/components/image/ImageComponentDescriptor.h,"(27, 3)-(35, 4)",b'void adopt(ShadowNode& shadowNode) const over...'
react-native,../repos/react-native/packages/react-native/ReactCommon/react/renderer/components/switch/androidswitch/react/renderer/components/androidswitch/AndroidSwitchComponentDescriptor.h,"(29, 3)-(43, 4)",b'void adopt(ShadowNode& shadowNode) const over...'
react-native,../repos/react-native/packages/react-native/ReactCommon/react/renderer/components/textinput/platform/ios/react/renderer/components/iostextinput/TextInputComponentDescriptor.h,"(28, 3)-(33, 4)",b'void adopt(ShadowNode& shadowNode) const over...'
react-native,../repos/react-native/packages/react-native/ReactCommon/react/renderer/components/textinput/platform/android/react/renderer/components/androidtextinput/AndroidTextInputComponentDescriptor.h,"(37, 3)-(76, 4)",b'virtual State::Shared createInitialState(\n   ...'
react-native,../repos/react-native/packages/react-native/ReactCommon/react/renderer/components/textinput/platform/android/react/renderer/components/androidtextinput/AndroidTextInputComponentDescriptor.h,"(79, 3)-(156, 4)",b'void adopt(ShadowNode& shadowNode) const over...'
react-native,../repos/react-native/packages/react-native/ReactCommon/react/bridging/tests/BridgingTest.cpp,"(122, 1)-(138, 2)","b'TEST_F(BridgingTest, hostObjectTest) {\n  stru...'"
react-native,../repos/react-native/packages/react-native/ReactCommon/react/bridging/tests/BridgingTest.cpp,"(124, 5)-(129, 6)","b'jsi::Value get(jsi::Runtime& rt, const jsi::P...'"
react-native,../repos/react-native/packages/react-native/ReactCommon/react/bridging/tests/BridgingTest.h,"(20, 3)-(22, 4)",b'void invokeAsync(std::function<void()>&& fn) ...'
react-native,../repos/react-native/packages/react-native/ReactCommon/react/bridging/tests/BridgingTest.h,"(24, 3)-(26, 4)",b'void invokeSync(std::function<void()>&&) over...'
react-native,../repos/react-native/packages/react-native/ReactCommon/react/bridging/tests/BridgingTest.h,"(49, 3)-(54, 4)",b'void TearDown() override {\n    flushQueue();\n...'
react-native,../repos/react-native/packages/react-native/ReactCommon/jsinspector-modern/tests/UniquePtrFactory.h,"(100, 5)-(102, 6)",b'virtual ~Facade() override {\n      container_...'
react-native,../repos/react-native/packages/react-native/ReactCommon/jsinspector-modern/tests/InspectorPackagerConnectionTest.cpp,"(50, 3)-(77, 4)",b'void TearDown() override {\n    // Forcibly cl...'
react-native,../repos/react-native/packages/react-native/ReactCommon/jsinspector-modern/tests/InspectorPackagerConnectionTest.cpp,"(123, 3)-(129, 4)",b'virtual void TearDown() override {\n    // Ass...'
react-native,../repos/react-native/packages/react-native/ReactCommon/yoga/yoga/algorithm/CalculateLayout.cpp,"(450, 1)-(479, 2)",b'static float calculateAvailableInnerDimension...'
react-native,../repos/react-native/packages/react-native/ReactCommon/yoga/yoga/algorithm/CalculateLayout.cpp,"(911, 1)-(1125, 2)",b'static void justifyMainAxis(\n    yoga::Node* ...'
react-native,../repos/react-native/packages/react-native/ReactCommon/yoga/yoga/algorithm/CalculateLayout.cpp,"(1183, 1)-(2099, 2)",b'static void calculateLayoutImpl(\n    yoga::No...'
react-native,../repos/react-native/packages/react-native/ReactCommon/yoga/yoga/node/Node.h,"(32, 1)-(285, 2)",b'class YG_EXPORT Node : public ::YGNode {\n pub...'
react-native,../repos/react-native/packages/rn-tester/NativeCxxModuleExample/NativeCxxModuleExample.h,"(80, 3)-(80, 43)",b'~HostObjectWrapper() override = default;'
