Repo name,File name,Location,Content
react-native,../repos/react-native/packages/react-native/React/Inspector/RCTCxxInspectorPackagerConnectionDelegate.h,"(22, 3)-(30, 4)",b'class WebSocket : public IWebSocket {\n   publ...'
react-native,../repos/react-native/packages/react-native/ReactAndroid/src/main/jni/react/devsupport/JCxxInspectorPackagerConnectionWebSocket.h,"(39, 3)-(39, 19)",b'class RefWrapper'
react-native,../repos/react-native/packages/react-native/ReactCommon/cxxreact/CxxModule.h,"(56, 3)-(56, 24)",b'class AsyncTagType {}'
react-native,../repos/react-native/packages/react-native/ReactCommon/cxxreact/CxxModule.h,"(57, 3)-(57, 23)",b'class SyncTagType {}'
react-native,../repos/react-native/packages/react-native/ReactCommon/cxxreact/JSModulesUnbundle.h,"(27, 3)-(33, 4)",b'class ModuleNotFound : public std::out_of_ran...'
react-native,../repos/react-native/packages/react-native/ReactCommon/hermes/inspector-modern/chrome/tests/ConnectionDemuxTests.cpp,"(51, 3)-(70, 4)",b'class Data {\n   public:\n    void expectDiscon...'
react-native,../repos/react-native/packages/react-native/ReactCommon/react/utils/RunLoopObserver.h,"(56, 3)-(70, 4)",b'class Delegate {\n   public:\n    /*\n     * Cal...'
react-native,../repos/react-native/packages/react-native/ReactCommon/react/renderer/textlayoutmanager/TextMeasureCache.h,"(47, 3)-(51, 4)",b'class Attachment final {\n   public:\n    Rect ...'
react-native,../repos/react-native/packages/react-native/ReactCommon/react/renderer/components/text/BaseTextShadowNode.h,"(25, 3)-(38, 4)",b'class Attachment final {\n   public:\n    /*\n  ...'
react-native,../repos/react-native/packages/react-native/ReactCommon/react/renderer/components/text/ParagraphShadowNode.h,"(75, 3)-(80, 4)",b'class Content final {\n   public:\n    Attribut...'
react-native,../repos/react-native/packages/react-native/ReactCommon/jsinspector-modern/InspectorInterfaces.cpp,"(47, 3)-(65, 4)",b'class Page {\n   public:\n    Page(\n        int...'
react-native,../repos/react-native/packages/react-native/ReactCommon/jsinspector-modern/tests/UniquePtrFactory.h,"(92, 3)-(106, 4)",b'class Facade : public T {\n   public:\n    temp...'
react-native,../repos/react-native/packages/react-native/ReactCommon/jsinspector-modern/InspectorPackagerConnectionImpl.h,"(60, 3)-(60, 25)",b'class RemoteConnection'
