Repo name,File name,Location,Content
react-native,../repos/react-native/packages/react-native/Libraries/Required/RCTRequired.h,"(60, 16)-(60, 45)",b'& operator=(const RCTRequired&)'
react-native,../repos/react-native/packages/react-native/Libraries/Required/RCTRequired.h,"(62, 16)-(62, 40)",b'& operator=(RCTRequired&&)'
react-native,../repos/react-native/packages/react-native/Libraries/WebPerformance/PerformanceEntryReporter.cpp,"(307, 8)-(307, 43)",b'bool operator==(const StrKey& rhs) const {\n  ...'
react-native,../repos/react-native/packages/react-native/Libraries/WebPerformance/PerformanceEntryReporter.cpp,"(313, 20)-(313, 58)",b'constexpr size_t operator()(const StrKey& str...'
react-native,../repos/react-native/packages/react-native/Libraries/WebPerformance/__tests__/PerformanceEntryReporterTest.cpp,"(16, 22)-(18, 38)","b'& operator<<(\n    std::ostream& os,\n    const...'"
react-native,../repos/react-native/packages/react-native/Libraries/WebPerformance/PerformanceEntryReporter.h,"(27, 10)-(27, 60)",b'size_t operator()(const RawPerformanceEntry* ...'
react-native,../repos/react-native/packages/react-native/Libraries/WebPerformance/PerformanceEntryReporter.h,"(33, 8)-(35, 44)",b'bool operator()(\n      const RawPerformanceEn...'
react-native,../repos/react-native/packages/react-native/Libraries/WebPerformance/PerformanceEntryReporter.h,"(75, 8)-(75, 50)",b'void operator=(const PerformanceEntryReporter...'
react-native,../repos/react-native/packages/react-native/Libraries/WebPerformance/BoundedConsumableBuffer.h,"(90, 6)-(90, 28)",b'& operator[](size_t idx)'
react-native,../repos/react-native/packages/react-native/Libraries/FBLazyVector/FBLazyVector/FBLazyVector.h,"(61, 19)-(61, 50)",b'const_reference operator[](size_type pos) con...'
react-native,../repos/react-native/packages/react-native/Libraries/FBLazyVector/FBLazyVector/FBLazyIterator.h,"(32, 8)-(32, 51)",b'bool operator==(const LazyIterator& other) co...'
react-native,../repos/react-native/packages/react-native/Libraries/FBLazyVector/FBLazyVector/FBLazyIterator.h,"(36, 8)-(36, 46)",b'bool operator<(const LazyIterator& b) const {...'
react-native,../repos/react-native/packages/react-native/Libraries/FBLazyVector/FBLazyVector/FBLazyIterator.h,"(40, 14)-(40, 31)",b'value_type operator*() const {\n    return _co...'
react-native,../repos/react-native/packages/react-native/Libraries/FBLazyVector/FBLazyVector/FBLazyIterator.h,"(44, 31)-(44, 49)",b'std::unique_ptr<value_type> operator->() cons...'
react-native,../repos/react-native/packages/react-native/Libraries/FBLazyVector/FBLazyVector/FBLazyIterator.h,"(48, 16)-(48, 50)",b'LazyIterator operator+(difference_type n) con...'
react-native,../repos/react-native/packages/react-native/Libraries/FBLazyVector/FBLazyVector/FBLazyIterator.h,"(52, 17)-(52, 46)",b'& operator+=(difference_type n)'
react-native,../repos/react-native/packages/react-native/Libraries/FBLazyVector/FBLazyVector/FBLazyIterator.h,"(57, 17)-(57, 46)",b'& operator-=(difference_type n)'
react-native,../repos/react-native/packages/react-native/Libraries/FBLazyVector/FBLazyVector/FBLazyIterator.h,"(62, 16)-(62, 50)",b'LazyIterator operator-(difference_type n) con...'
react-native,../repos/react-native/packages/react-native/Libraries/FBLazyVector/FBLazyVector/FBLazyIterator.h,"(66, 19)-(66, 57)",b'difference_type operator-(const LazyIterator&...'
react-native,../repos/react-native/packages/react-native/Libraries/FBLazyVector/FBLazyVector/FBLazyIterator.h,"(70, 17)-(70, 29)",b'& operator++()'
react-native,../repos/react-native/packages/react-native/Libraries/FBLazyVector/FBLazyVector/FBLazyIterator.h,"(74, 16)-(74, 31)",b'LazyIterator operator++(int) {\n    auto tmp =...'
react-native,../repos/react-native/packages/react-native/Libraries/FBLazyVector/FBLazyVector/FBLazyIterator.h,"(80, 17)-(80, 29)",b'& operator--()'
react-native,../repos/react-native/packages/react-native/Libraries/FBLazyVector/FBLazyVector/FBLazyIterator.h,"(84, 16)-(84, 31)",b'LazyIterator operator--(int) {\n    auto tmp =...'
react-native,../repos/react-native/packages/react-native/Libraries/FBLazyVector/FBLazyVector/FBLazyIterator.h,"(90, 14)-(90, 49)",b'value_type operator[](difference_type n) cons...'
react-native,../repos/react-native/packages/react-native/Libraries/FBLazyVector/FBLazyVector/FBLazyIterator.h,"(101, 20)-(103, 33)","b'LazyIterator<T, U> operator+(\n    typename La...'"
react-native,../repos/react-native/packages/react-native/Libraries/FBLazyVector/FBLazyVector/FBLazyIterator.h,"(108, 6)-(108, 74)","b'bool operator!=(const LazyIterator<T, U>& a, ...'"
react-native,../repos/react-native/packages/react-native/Libraries/FBLazyVector/FBLazyVector/FBLazyIterator.h,"(113, 6)-(113, 74)","b'bool operator<=(const LazyIterator<T, U>& a, ...'"
react-native,../repos/react-native/packages/react-native/Libraries/FBLazyVector/FBLazyVector/FBLazyIterator.h,"(118, 6)-(118, 73)","b'bool operator>(const LazyIterator<T, U>& a, c...'"
react-native,../repos/react-native/packages/react-native/Libraries/FBLazyVector/FBLazyVector/FBLazyIterator.h,"(123, 6)-(123, 74)","b'bool operator>=(const LazyIterator<T, U>& a, ...'"
react-native,../repos/react-native/packages/react-native/React/Fabric/Mounting/RCTComponentViewDescriptor.h,"(35, 13)-(35, 101)",b'inline bool operator==(const RCTComponentView...'
react-native,../repos/react-native/packages/react-native/React/Fabric/Mounting/RCTComponentViewDescriptor.h,"(40, 13)-(40, 101)",b'inline bool operator!=(const RCTComponentView...'
react-native,../repos/react-native/packages/react-native/React/Fabric/Mounting/RCTComponentViewDescriptor.h,"(47, 10)-(47, 85)",b'size_t operator()(const RCTComponentViewDescr...'
react-native,../repos/react-native/packages/react-native/ReactAndroid/src/main/jni/first-party/fb/include/fb/StaticInitialized.h,"(29, 6)-(29, 24)",b'* operator->() const'
react-native,../repos/react-native/packages/react-native/ReactAndroid/src/main/jni/first-party/fb/include/fb/RefPtr.h,"(85, 14)-(85, 45)",b'& operator=(const RefPtr<T>& ref)'
react-native,../repos/react-native/packages/react-native/ReactAndroid/src/main/jni/first-party/fb/include/fb/RefPtr.h,"(96, 14)-(96, 40)",b'& operator=(RefPtr<T>&& ref)'
react-native,../repos/react-native/packages/react-native/ReactAndroid/src/main/jni/first-party/fb/include/fb/RefPtr.h,"(104, 14)-(104, 40)",b'& operator=(RefPtr<U>&& ref)'
react-native,../repos/react-native/packages/react-native/ReactAndroid/src/main/jni/first-party/fb/include/fb/RefPtr.h,"(120, 6)-(120, 24)",b'* operator->() const'
react-native,../repos/react-native/packages/react-native/ReactAndroid/src/main/jni/first-party/fb/include/fb/RefPtr.h,"(124, 6)-(124, 23)",b'& operator*() const'
react-native,../repos/react-native/packages/react-native/ReactAndroid/src/main/jni/first-party/fb/include/fb/RefPtr.h,"(217, 13)-(217, 63)","b'inline bool operator==(const RefPtr<T>& a, co...'"
react-native,../repos/react-native/packages/react-native/ReactAndroid/src/main/jni/first-party/fb/include/fb/RefPtr.h,"(222, 13)-(222, 63)","b'inline bool operator!=(const RefPtr<T>& a, co...'"
react-native,../repos/react-native/packages/react-native/ReactAndroid/src/main/jni/first-party/fb/include/fb/RefPtr.h,"(227, 13)-(227, 53)","b'inline bool operator==(const RefPtr<T>& ref, ...'"
react-native,../repos/react-native/packages/react-native/ReactAndroid/src/main/jni/first-party/fb/include/fb/RefPtr.h,"(232, 13)-(232, 53)","b'inline bool operator!=(const RefPtr<T>& ref, ...'"
react-native,../repos/react-native/packages/react-native/ReactAndroid/src/main/jni/first-party/fb/include/fb/RefPtr.h,"(237, 13)-(237, 53)","b'inline bool operator==(U* ptr, const RefPtr<T...'"
react-native,../repos/react-native/packages/react-native/ReactAndroid/src/main/jni/first-party/fb/include/fb/RefPtr.h,"(242, 13)-(242, 53)","b'inline bool operator!=(U* ptr, const RefPtr<T...'"
react-native,../repos/react-native/packages/react-native/ReactAndroid/src/main/jni/first-party/fb/include/fb/RefPtr.h,"(247, 13)-(247, 65)","b'inline bool operator==(const RefPtr<T>& ref, ...'"
react-native,../repos/react-native/packages/react-native/ReactAndroid/src/main/jni/first-party/fb/include/fb/RefPtr.h,"(252, 13)-(252, 65)","b'inline bool operator!=(const RefPtr<T>& ref, ...'"
react-native,../repos/react-native/packages/react-native/ReactAndroid/src/main/jni/first-party/fb/include/fb/RefPtr.h,"(257, 13)-(257, 65)","b'inline bool operator==(std::nullptr_t ptr, co...'"
react-native,../repos/react-native/packages/react-native/ReactAndroid/src/main/jni/first-party/fb/include/fb/RefPtr.h,"(262, 13)-(262, 65)","b'inline bool operator!=(std::nullptr_t ptr, co...'"
react-native,../repos/react-native/packages/react-native/ReactAndroid/src/main/jni/first-party/fb/include/fb/Environment.h,"(66, 16)-(66, 39)",b'& operator=(ThreadScope&)'
react-native,../repos/react-native/packages/react-native/ReactAndroid/src/main/jni/first-party/fb/include/fb/Environment.h,"(67, 16)-(67, 40)",b'& operator=(ThreadScope&&)'
react-native,../repos/react-native/packages/react-native/ReactAndroid/src/main/jni/first-party/fb/include/fb/ProgramLocation.h,"(46, 8)-(46, 54)",b'bool operator==(const ProgramLocation& other)...'
react-native,../repos/react-native/packages/react-native/ReactAndroid/src/main/jni/first-party/fb/include/fb/nonmovable.h,"(14, 15)-(14, 38)",b'& operator=(nonmovable&&)'
react-native,../repos/react-native/packages/react-native/ReactAndroid/src/main/jni/first-party/fb/include/fb/ThreadLocal.h,"(57, 6)-(57, 24)",b'* operator->() const'
react-native,../repos/react-native/packages/react-native/ReactAndroid/src/main/jni/first-party/fb/include/fb/ThreadLocal.h,"(61, 6)-(61, 23)",b'& operator*() const'
react-native,../repos/react-native/packages/react-native/ReactAndroid/src/main/jni/first-party/fb/include/fb/noncopyable.h,"(14, 16)-(14, 45)",b'& operator=(const noncopyable&)'
react-native,../repos/react-native/packages/react-native/ReactAndroid/src/main/jni/first-party/yogajni/jni/ScopedGlobalRef.h,"(80, 20)-(80, 50)",b'& operator=(ScopedGlobalRef&& s)'
react-native,../repos/react-native/packages/react-native/ReactAndroid/src/main/jni/first-party/yogajni/jni/ScopedGlobalRef.h,"(128, 20)-(128, 59)",b'& operator=(const ScopedGlobalRef& other)'
react-native,../repos/react-native/packages/react-native/ReactAndroid/src/main/jni/first-party/yogajni/jni/ScopedLocalRef.h,"(78, 19)-(78, 48)",b'& operator=(ScopedLocalRef&& s)'
react-native,../repos/react-native/packages/react-native/ReactAndroid/src/main/jni/first-party/yogajni/jni/ScopedLocalRef.h,"(127, 19)-(127, 57)",b'& operator=(const ScopedLocalRef& other)'
react-native,../repos/react-native/packages/react-native/ReactAndroid/src/main/jni/react/jni/NativeMap.h,"(44, 14)-(44, 41)",b'& operator=(const NativeMap&)'
react-native,../repos/react-native/packages/react-native/ReactAndroid/src/main/jni/react/jni/NativeArray.h,"(47, 16)-(47, 45)",b'& operator=(const NativeArray&)'
react-native,../repos/react-native/packages/react-native/ReactAndroid/src/main/jni/react/jni/JniJSModulesUnbundle.h,"(27, 25)-(27, 61)",b'& operator=(JSModulesUnbundle&& other)'
react-native,../repos/react-native/packages/react-native/ReactCommon/cxxreact/ReactMarker.h,"(88, 18)-(88, 49)",b'& operator=(const StartupLogger&)'
react-native,../repos/react-native/packages/react-native/ReactCommon/cxxreact/JSBigString.h,"(35, 16)-(35, 45)",b'& operator=(const JSBigString&)'
react-native,../repos/react-native/packages/react-native/ReactCommon/cxxreact/MoveWrapper.h,"(89, 12)-(89, 29)",b'& operator*() const'
react-native,../repos/react-native/packages/react-native/ReactCommon/cxxreact/MoveWrapper.h,"(92, 6)-(92, 17)",b'& operator*()'
react-native,../repos/react-native/packages/react-native/ReactCommon/cxxreact/MoveWrapper.h,"(96, 12)-(96, 30)",b'* operator->() const'
react-native,../repos/react-native/packages/react-native/ReactCommon/cxxreact/MoveWrapper.h,"(99, 6)-(99, 18)",b'* operator->()'
react-native,../repos/react-native/packages/react-native/ReactCommon/cxxreact/MoveWrapper.h,"(110, 16)-(110, 45)",b'& operator=(MoveWrapper const&)'
react-native,../repos/react-native/packages/react-native/ReactCommon/cxxreact/MoveWrapper.h,"(111, 16)-(111, 40)",b'& operator=(MoveWrapper&&)'
react-native,../repos/react-native/packages/react-native/ReactCommon/cxxreact/RAMBundleRegistry.h,"(40, 22)-(40, 52)",b'& operator=(RAMBundleRegistry&&)'
react-native,../repos/react-native/packages/react-native/ReactCommon/hermes/inspector-modern/chrome/ConnectionDemux.h,"(41, 20)-(41, 53)",b'& operator=(const ConnectionDemux&)'
react-native,../repos/react-native/packages/react-native/ReactCommon/jsi/jsi/jsi.h,"(421, 12)-(421, 38)",b'& operator=(Pointer&& other)'
react-native,../repos/react-native/packages/react-native/ReactCommon/jsi/jsi/jsi.h,"(440, 15)-(440, 44)",b'& operator=(PropNameID&& other)'
react-native,../repos/react-native/packages/react-native/ReactCommon/jsi/jsi/jsi.h,"(518, 11)-(518, 36)",b'& operator=(Symbol&& other)'
react-native,../repos/react-native/packages/react-native/ReactCommon/jsi/jsi/jsi.h,"(541, 11)-(541, 36)",b'& operator=(BigInt&& other)'
react-native,../repos/react-native/packages/react-native/ReactCommon/jsi/jsi/jsi.h,"(600, 11)-(600, 36)",b'& operator=(String&& other)'
react-native,../repos/react-native/packages/react-native/ReactCommon/jsi/jsi/jsi.h,"(660, 11)-(660, 36)",b'& operator=(Object&& other)'
react-native,../repos/react-native/packages/react-native/ReactCommon/jsi/jsi/jsi.h,"(879, 15)-(879, 44)",b'& operator=(WeakObject&& other)'
react-native,../repos/react-native/packages/react-native/ReactCommon/jsi/jsi/jsi.h,"(902, 10)-(902, 28)",b'& operator=(Array&&)'
react-native,../repos/react-native/packages/react-native/ReactCommon/jsi/jsi/jsi.h,"(956, 16)-(956, 40)",b'& operator=(ArrayBuffer&&)'
react-native,../repos/react-native/packages/react-native/ReactCommon/jsi/jsi/jsi.h,"(988, 13)-(988, 34)",b'& operator=(Function&&)'
react-native,../repos/react-native/packages/react-native/ReactCommon/jsi/jsi/jsi.h,"(1195, 10)-(1195, 34)",b'& operator=(Value&& other)'
react-native,../repos/react-native/packages/react-native/ReactCommon/jsi/jsi/jsi.h,"(1416, 10)-(1416, 33)",b'& operator=(const Scope&)'
react-native,../repos/react-native/packages/react-native/ReactCommon/jsi/jsi/jsi.h,"(1417, 10)-(1417, 28)",b'& operator=(Scope&&)'
react-native,../repos/react-native/packages/react-native/ReactCommon/jsi/jsi/test/testlib.cpp,"(735, 5)-(735, 75)","b'Value\n    operator()(Runtime& rt, const Value...'"
react-native,../repos/react-native/packages/react-native/ReactCommon/jsi/jsi/test/testlib.cpp,"(1099, 18)-(1099, 59)",b'& operator[](const std::string& name) const'
react-native,../repos/react-native/packages/react-native/ReactCommon/jsi/jsi/decorator.h,"(35, 3)-(35, 78)","b'Value\n  operator()(Runtime&, const Value& thi...'"
react-native,../repos/react-native/packages/react-native/ReactCommon/react/runtime/BufferedRuntimeExecutor.h,"(24, 10)-(24, 50)",b'bool operator<(const BufferedWork& rhs) const...'
react-native,../repos/react-native/packages/react-native/ReactCommon/react/utils/tests/hash_combineTests.cpp,"(19, 10)-(19, 48)",b'size_t operator()(const Person& person) const...'
react-native,../repos/react-native/packages/react-native/ReactCommon/react/utils/SharedFunction.h,"(43, 19)-(43, 57)",b'& operator=(const SharedFunction& other)'
react-native,../repos/react-native/packages/react-native/ReactCommon/react/utils/SharedFunction.h,"(44, 19)-(44, 61)",b'& operator=(SharedFunction&& other) noexcept'
react-native,../repos/react-native/packages/react-native/ReactCommon/react/utils/SharedFunction.h,"(51, 8)-(51, 43)",b'void operator()(ArgumentT... args) const {\n  ...'
react-native,../repos/react-native/packages/react-native/ReactCommon/react/renderer/runtimescheduler/RuntimeScheduler.h,"(55, 21)-(55, 55)",b'& operator=(const RuntimeScheduler&)'
react-native,../repos/react-native/packages/react-native/ReactCommon/react/renderer/runtimescheduler/RuntimeScheduler.h,"(61, 21)-(61, 50)",b'& operator=(RuntimeScheduler&&)'
react-native,../repos/react-native/packages/react-native/ReactCommon/react/renderer/runtimescheduler/Task.h,"(50, 15)-(52, 40)",b'inline bool operator()(\n      const std::shar...'
react-native,../repos/react-native/packages/react-native/ReactCommon/react/renderer/runtimescheduler/RuntimeScheduler_Legacy.h,"(31, 28)-(31, 69)",b'& operator=(const RuntimeScheduler_Legacy&)'
react-native,../repos/react-native/packages/react-native/ReactCommon/react/renderer/runtimescheduler/RuntimeScheduler_Legacy.h,"(37, 28)-(37, 64)",b'& operator=(RuntimeScheduler_Legacy&&)'
react-native,../repos/react-native/packages/react-native/ReactCommon/react/renderer/runtimescheduler/RuntimeScheduler_Modern.h,"(32, 28)-(32, 69)",b'& operator=(const RuntimeScheduler_Modern&)'
react-native,../repos/react-native/packages/react-native/ReactCommon/react/renderer/runtimescheduler/RuntimeScheduler_Modern.h,"(38, 28)-(38, 64)",b'& operator=(RuntimeScheduler_Modern&&)'
react-native,../repos/react-native/packages/react-native/ReactCommon/react/renderer/scheduler/SurfaceHandler.cpp,"(26, 3)-(26, 30)",b'operator=(std::move(other))'
react-native,../repos/react-native/packages/react-native/ReactCommon/react/renderer/scheduler/SurfaceHandler.h,"(72, 19)-(72, 61)",b'& operator=(SurfaceHandler&& other) noexcept'
react-native,../repos/react-native/packages/react-native/ReactCommon/react/renderer/scheduler/SurfaceHandler.h,"(73, 19)-(73, 66)",b'& operator=(const SurfaceHandler& other) noexcept'
react-native,../repos/react-native/packages/react-native/ReactCommon/react/renderer/element/ComponentBuilder.h,"(35, 21)-(35, 61)",b'& operator=(const ComponentBuilder& other)'
react-native,../repos/react-native/packages/react-native/ReactCommon/react/renderer/element/ComponentBuilder.h,"(36, 21)-(36, 56)",b'& operator=(ComponentBuilder&& other)'
react-native,../repos/react-native/packages/react-native/ReactCommon/react/renderer/debug/debugStringConvertibleUtils.h,"(47, 41)-(49, 49)",b'inline SharedDebugStringConvertibleList opera...'
react-native,../repos/react-native/packages/react-native/ReactCommon/react/renderer/mounting/StubView.h,"(45, 6)-(45, 58)","b'bool operator==(const StubView& lhs, const St...'"
react-native,../repos/react-native/packages/react-native/ReactCommon/react/renderer/mounting/StubView.h,"(46, 6)-(46, 58)","b'bool operator!=(const StubView& lhs, const St...'"
react-native,../repos/react-native/packages/react-native/ReactCommon/react/renderer/mounting/TelemetryController.h,"(40, 24)-(40, 76)",b'& operator=(const TelemetryController& other)...'
react-native,../repos/react-native/packages/react-native/ReactCommon/react/renderer/mounting/ShadowView.h,"(34, 15)-(34, 49)",b'& operator=(const ShadowView& other)'
react-native,../repos/react-native/packages/react-native/ReactCommon/react/renderer/mounting/ShadowView.h,"(35, 15)-(35, 44)",b'& operator=(ShadowView&& other)'
react-native,../repos/react-native/packages/react-native/ReactCommon/react/renderer/mounting/ShadowView.h,"(37, 8)-(37, 47)",b'bool operator==(const ShadowView& rhs) const;'
react-native,../repos/react-native/packages/react-native/ReactCommon/react/renderer/mounting/ShadowView.h,"(38, 8)-(38, 47)",b'bool operator!=(const ShadowView& rhs) const;'
react-native,../repos/react-native/packages/react-native/ReactCommon/react/renderer/mounting/ShadowView.h,"(88, 8)-(88, 55)",b'bool operator==(const ShadowViewNodePair& rhs...'
react-native,../repos/react-native/packages/react-native/ReactCommon/react/renderer/mounting/ShadowView.h,"(89, 8)-(89, 55)",b'bool operator!=(const ShadowViewNodePair& rhs...'
react-native,../repos/react-native/packages/react-native/ReactCommon/react/renderer/mounting/ShadowView.h,"(116, 8)-(116, 61)",b'bool operator==(const ShadowViewNodePairLegac...'
react-native,../repos/react-native/packages/react-native/ReactCommon/react/renderer/mounting/ShadowView.h,"(117, 8)-(117, 61)",b'bool operator!=(const ShadowViewNodePairLegac...'
react-native,../repos/react-native/packages/react-native/ReactCommon/react/renderer/mounting/ShadowView.h,"(126, 10)-(126, 73)",b'size_t operator()(const facebook::react::Shad...'
react-native,../repos/react-native/packages/react-native/ReactCommon/react/renderer/mounting/MountingTransaction.h,"(48, 24)-(48, 67)",b'& operator=(const MountingTransaction& other)'
react-native,../repos/react-native/packages/react-native/ReactCommon/react/renderer/mounting/MountingTransaction.h,"(55, 24)-(55, 62)",b'& operator=(MountingTransaction&& other)'
react-native,../repos/react-native/packages/react-native/ReactCommon/react/renderer/mounting/StubView.cpp,"(40, 6)-(40, 58)","b'bool operator==(const StubView& lhs, const St...'"
react-native,../repos/react-native/packages/react-native/ReactCommon/react/renderer/mounting/StubView.cpp,"(60, 6)-(60, 58)","b'bool operator!=(const StubView& lhs, const St...'"
react-native,../repos/react-native/packages/react-native/ReactCommon/react/renderer/mounting/StubViewTree.cpp,"(274, 6)-(274, 66)","b'bool operator==(const StubViewTree& lhs, cons...'"
react-native,../repos/react-native/packages/react-native/ReactCommon/react/renderer/mounting/StubViewTree.cpp,"(309, 6)-(309, 66)","b'bool operator!=(const StubViewTree& lhs, cons...'"
react-native,../repos/react-native/packages/react-native/ReactCommon/react/renderer/mounting/StubViewTree.h,"(41, 15)-(41, 75)","b'bool operator==(const StubViewTree& lhs, cons...'"
react-native,../repos/react-native/packages/react-native/ReactCommon/react/renderer/mounting/StubViewTree.h,"(42, 15)-(42, 75)","b'bool operator!=(const StubViewTree& lhs, cons...'"
react-native,../repos/react-native/packages/react-native/ReactCommon/react/renderer/mounting/StubViewTree.h,"(51, 6)-(51, 66)","b'bool operator==(const StubViewTree& lhs, cons...'"
react-native,../repos/react-native/packages/react-native/ReactCommon/react/renderer/mounting/StubViewTree.h,"(52, 6)-(52, 66)","b'bool operator!=(const StubViewTree& lhs, cons...'"
react-native,../repos/react-native/packages/react-native/ReactCommon/react/renderer/mapbuffer/MapBuffer.h,"(113, 14)-(113, 47)",b'& operator=(const MapBuffer& other)'
react-native,../repos/react-native/packages/react-native/ReactCommon/react/renderer/mapbuffer/MapBuffer.h,"(117, 14)-(117, 42)",b'& operator=(MapBuffer&& other)'
react-native,../repos/react-native/packages/react-native/ReactCommon/react/renderer/imagemanager/primitives.h,"(28, 8)-(28, 48)",b'bool operator==(const ImageSource& rhs) const...'
react-native,../repos/react-native/packages/react-native/ReactCommon/react/renderer/imagemanager/primitives.h,"(32, 8)-(32, 48)",b'bool operator!=(const ImageSource& rhs) const...'
react-native,../repos/react-native/packages/react-native/ReactCommon/react/renderer/timeline/TimelineHandler.h,"(27, 20)-(27, 63)",b'& operator=(TimelineHandler&& other) noexcept'
react-native,../repos/react-native/packages/react-native/ReactCommon/react/renderer/timeline/TimelineHandler.h,"(28, 20)-(28, 59)",b'& operator=(const TimelineHandler& other)'
react-native,../repos/react-native/packages/react-native/ReactCommon/react/renderer/timeline/TimelineFrame.h,"(34, 18)-(34, 64)",b'& operator=(const TimelineFrame& other) noexcept'
react-native,../repos/react-native/packages/react-native/ReactCommon/react/renderer/graphics/RectangleCorners.h,"(28, 8)-(28, 65)",b'bool operator==(const RectangleCorners<T>& rh...'
react-native,../repos/react-native/packages/react-native/ReactCommon/react/renderer/graphics/RectangleCorners.h,"(37, 8)-(37, 65)",b'bool operator!=(const RectangleCorners<T>& rh...'
react-native,../repos/react-native/packages/react-native/ReactCommon/react/renderer/graphics/RectangleCorners.h,"(58, 10)-(59, 74)",b'size_t operator()(\n      const facebook::reac...'
react-native,../repos/react-native/packages/react-native/ReactCommon/react/renderer/graphics/RectangleEdges.h,"(29, 8)-(29, 63)",b'bool operator==(const RectangleEdges<T>& rhs)...'
react-native,../repos/react-native/packages/react-native/ReactCommon/react/renderer/graphics/RectangleEdges.h,"(34, 8)-(34, 63)",b'bool operator!=(const RectangleEdges<T>& rhs)...'
react-native,../repos/react-native/packages/react-native/ReactCommon/react/renderer/graphics/RectangleEdges.h,"(49, 19)-(51, 43)",b'RectangleEdges<T> operator+(\n    const Rectan...'
react-native,../repos/react-native/packages/react-native/ReactCommon/react/renderer/graphics/RectangleEdges.h,"(60, 19)-(62, 43)",b'RectangleEdges<T> operator-(\n    const Rectan...'
react-native,../repos/react-native/packages/react-native/ReactCommon/react/renderer/graphics/RectangleEdges.h,"(101, 10)-(102, 70)",b'size_t operator()(\n      const facebook::reac...'
react-native,../repos/react-native/packages/react-native/ReactCommon/react/renderer/graphics/Point.h,"(24, 10)-(24, 49)",b'& operator+=(const Point& point) noexcept'
react-native,../repos/react-native/packages/react-native/ReactCommon/react/renderer/graphics/Point.h,"(30, 10)-(30, 49)",b'& operator-=(const Point& point) noexcept'
react-native,../repos/react-native/packages/react-native/ReactCommon/react/renderer/graphics/Point.h,"(36, 10)-(36, 49)",b'& operator*=(const Point& point) noexcept'
react-native,../repos/react-native/packages/react-native/ReactCommon/react/renderer/graphics/Point.h,"(42, 16)-(42, 63)","b'Point operator+(Point lhs, const Point& rhs) ...'"
react-native,../repos/react-native/packages/react-native/ReactCommon/react/renderer/graphics/Point.h,"(46, 16)-(46, 63)","b'Point operator-(Point lhs, const Point& rhs) ...'"
react-native,../repos/react-native/packages/react-native/ReactCommon/react/renderer/graphics/Point.h,"(51, 13)-(51, 68)","b'inline bool operator==(const Point& rhs, cons...'"
react-native,../repos/react-native/packages/react-native/ReactCommon/react/renderer/graphics/Point.h,"(55, 13)-(55, 68)","b'inline bool operator!=(const Point& rhs, cons...'"
react-native,../repos/react-native/packages/react-native/ReactCommon/react/renderer/graphics/Point.h,"(65, 10)-(65, 72)",b'size_t operator()(const facebook::react::Poin...'
react-native,../repos/react-native/packages/react-native/ReactCommon/react/renderer/graphics/Transform.h,"(59, 8)-(59, 54)",b'bool operator==(const TransformOrigin& other)...'
react-native,../repos/react-native/packages/react-native/ReactCommon/react/renderer/graphics/Transform.h,"(62, 8)-(62, 54)",b'bool operator!=(const TransformOrigin& other)...'
react-native,../repos/react-native/packages/react-native/ReactCommon/react/renderer/graphics/Transform.h,"(162, 8)-(162, 46)",b'bool operator==(const Transform& rhs) const;'
react-native,../repos/react-native/packages/react-native/ReactCommon/react/renderer/graphics/Transform.h,"(163, 8)-(163, 46)",b'bool operator!=(const Transform& rhs) const;'
react-native,../repos/react-native/packages/react-native/ReactCommon/react/renderer/graphics/Transform.h,"(174, 13)-(174, 50)",b'Transform operator*(const Transform& rhs) const;'
react-native,../repos/react-native/packages/react-native/ReactCommon/react/renderer/graphics/Transform.h,"(207, 7)-(207, 64)","b'Point operator*(const Point& point, const Tra...'"
react-native,../repos/react-native/packages/react-native/ReactCommon/react/renderer/graphics/Transform.h,"(212, 6)-(212, 61)","b'Size operator*(const Size& size, const Transf...'"
react-native,../repos/react-native/packages/react-native/ReactCommon/react/renderer/graphics/Transform.h,"(218, 6)-(218, 61)","b'Rect operator*(const Rect& rect, const Transf...'"
react-native,../repos/react-native/packages/react-native/ReactCommon/react/renderer/graphics/Transform.h,"(224, 12)-(224, 79)",b'EdgeInsets operator*(const EdgeInsets& edgeIn...'
react-native,../repos/react-native/packages/react-native/ReactCommon/react/renderer/graphics/Transform.h,"(226, 8)-(226, 67)","b'Vector operator*(const Transform& transform, ...'"
react-native,../repos/react-native/packages/react-native/ReactCommon/react/renderer/graphics/Transform.h,"(234, 10)-(234, 71)",b'size_t operator()(const facebook::react::Tran...'
react-native,../repos/react-native/packages/react-native/ReactCommon/react/renderer/graphics/Color.h,"(32, 9)-(32, 26)",b'Color operator*() const {\n    return color_;\n  }'
react-native,../repos/react-native/packages/react-native/ReactCommon/react/renderer/graphics/Color.h,"(36, 8)-(36, 55)",b'bool operator==(const SharedColor& otherColor...'
react-native,../repos/react-native/packages/react-native/ReactCommon/react/renderer/graphics/Color.h,"(40, 8)-(40, 55)",b'bool operator!=(const SharedColor& otherColor...'
react-native,../repos/react-native/packages/react-native/ReactCommon/react/renderer/graphics/Color.h,"(64, 10)-(64, 62)",b'size_t operator()(facebook::react::SharedColo...'
react-native,../repos/react-native/packages/react-native/ReactCommon/react/renderer/graphics/Size.h,"(25, 9)-(25, 48)",b'& operator+=(const Point& point) noexcept'
react-native,../repos/react-native/packages/react-native/ReactCommon/react/renderer/graphics/Size.h,"(31, 9)-(31, 48)",b'& operator*=(const Point& point) noexcept'
react-native,../repos/react-native/packages/react-native/ReactCommon/react/renderer/graphics/Size.h,"(38, 13)-(38, 66)","b'inline bool operator==(const Size& rhs, const...'"
react-native,../repos/react-native/packages/react-native/ReactCommon/react/renderer/graphics/Size.h,"(42, 13)-(42, 66)","b'inline bool operator!=(const Size& rhs, const...'"
react-native,../repos/react-native/packages/react-native/ReactCommon/react/renderer/graphics/Size.h,"(52, 10)-(52, 61)",b'size_t operator()(const facebook::react::Size...'
react-native,../repos/react-native/packages/react-native/ReactCommon/react/renderer/graphics/ValueUnit.h,"(25, 8)-(25, 48)",b'bool operator==(const ValueUnit& other) const...'
react-native,../repos/react-native/packages/react-native/ReactCommon/react/renderer/graphics/ValueUnit.h,"(28, 8)-(28, 48)",b'bool operator!=(const ValueUnit& other) const...'
react-native,../repos/react-native/packages/react-native/ReactCommon/react/renderer/graphics/Rect.h,"(27, 8)-(27, 50)",b'bool operator==(const Rect& rhs) const noexce...'
react-native,../repos/react-native/packages/react-native/ReactCommon/react/renderer/graphics/Rect.h,"(31, 8)-(31, 50)",b'bool operator!=(const Rect& rhs) const noexce...'
react-native,../repos/react-native/packages/react-native/ReactCommon/react/renderer/graphics/Rect.h,"(127, 10)-(127, 70)",b'size_t operator()(const facebook::react::Rect...'
react-native,../repos/react-native/packages/react-native/ReactCommon/react/renderer/graphics/Transform.cpp,"(358, 7)-(358, 64)","b'Point operator*(const Point& point, const Tra...'"
react-native,../repos/react-native/packages/react-native/ReactCommon/react/renderer/graphics/Transform.cpp,"(368, 6)-(368, 61)","b'Rect operator*(const Rect& rect, const Transf...'"
react-native,../repos/react-native/packages/react-native/ReactCommon/react/renderer/graphics/Transform.cpp,"(393, 12)-(393, 79)",b'EdgeInsets operator*(const EdgeInsets& edgeIn...'
react-native,../repos/react-native/packages/react-native/ReactCommon/react/renderer/graphics/Transform.cpp,"(401, 8)-(401, 67)","b'Vector operator*(const Transform& transform, ...'"
react-native,../repos/react-native/packages/react-native/ReactCommon/react/renderer/graphics/Transform.cpp,"(414, 6)-(414, 61)","b'Size operator*(const Size& size, const Transf...'"
react-native,../repos/react-native/packages/react-native/ReactCommon/react/renderer/core/RawValue.h,"(61, 13)-(61, 49)",b'& operator=(RawValue&& other) noexcept'
react-native,../repos/react-native/packages/react-native/ReactCommon/react/renderer/core/RawValue.h,"(87, 13)-(87, 54)",b'& operator=(const RawValue& other) noexcept'
react-native,../repos/react-native/packages/react-native/ReactCommon/react/renderer/core/Sealable.h,"(67, 13)-(67, 45)",b'& operator=(const Sealable& other)'
react-native,../repos/react-native/packages/react-native/ReactCommon/react/renderer/core/Sealable.h,"(68, 13)-(68, 49)",b'& operator=(Sealable&& other) noexcept'
react-native,../repos/react-native/packages/react-native/ReactCommon/react/renderer/core/LayoutConstraints.h,"(35, 13)-(37, 34)",b'inline bool operator==(\n    const LayoutConst...'
react-native,../repos/react-native/packages/react-native/ReactCommon/react/renderer/core/LayoutConstraints.h,"(42, 13)-(44, 34)",b'inline bool operator!=(\n    const LayoutConst...'
react-native,../repos/react-native/packages/react-native/ReactCommon/react/renderer/core/LayoutConstraints.h,"(53, 10)-(54, 67)",b'size_t operator()(\n      const facebook::reac...'
react-native,../repos/react-native/packages/react-native/ReactCommon/react/renderer/core/RawPropsKey.h,"(37, 6)-(37, 73)","b'bool operator==(const RawPropsKey& lhs, const...'"
react-native,../repos/react-native/packages/react-native/ReactCommon/react/renderer/core/RawPropsKey.h,"(38, 6)-(38, 73)","b'bool operator!=(const RawPropsKey& lhs, const...'"
react-native,../repos/react-native/packages/react-native/ReactCommon/react/renderer/core/LayoutContext.h,"(64, 13)-(64, 75)",b'inline bool operator==(const LayoutContext& l...'
react-native,../repos/react-native/packages/react-native/ReactCommon/react/renderer/core/LayoutContext.h,"(79, 13)-(79, 75)",b'inline bool operator!=(const LayoutContext& l...'
react-native,../repos/react-native/packages/react-native/ReactCommon/react/renderer/core/Props.h,"(40, 10)-(40, 39)",b'& operator=(const Props& other)'
react-native,../repos/react-native/packages/react-native/ReactCommon/react/renderer/core/RawPropsKey.cpp,"(61, 6)-(61, 73)","b'bool operator==(const RawPropsKey& lhs, const...'"
react-native,../repos/react-native/packages/react-native/ReactCommon/react/renderer/core/RawPropsKey.cpp,"(68, 6)-(68, 73)","b'bool operator!=(const RawPropsKey& lhs, const...'"
react-native,../repos/react-native/packages/react-native/ReactCommon/react/renderer/core/ShadowNode.h,"(89, 15)-(89, 58)",b'& operator=(const ShadowNode& other) noexcept'
react-native,../repos/react-native/packages/react-native/ReactCommon/react/renderer/core/PropsParserContext.h,"(28, 23)-(28, 59)",b'& operator=(const PropsParserContext&)'
react-native,../repos/react-native/packages/react-native/ReactCommon/react/renderer/core/LayoutMetrics.h,"(68, 8)-(68, 50)",b'bool operator==(const LayoutMetrics& rhs) con...'
react-native,../repos/react-native/packages/react-native/ReactCommon/react/renderer/core/LayoutMetrics.h,"(70, 8)-(70, 50)",b'bool operator!=(const LayoutMetrics& rhs) con...'
react-native,../repos/react-native/packages/react-native/ReactCommon/react/renderer/core/LayoutMetrics.h,"(96, 10)-(96, 79)",b'size_t operator()(const facebook::react::Layo...'
react-native,../repos/react-native/packages/react-native/ReactCommon/react/renderer/core/LayoutPrimitives.h,"(45, 10)-(45, 69)",b'size_t operator()(const facebook::react::Layo...'
react-native,../repos/react-native/packages/react-native/ReactCommon/react/renderer/core/LayoutPrimitives.h,"(52, 10)-(52, 65)",b'size_t operator()(const facebook::react::Disp...'
react-native,../repos/react-native/packages/react-native/ReactCommon/react/renderer/core/RawProps.h,"(54, 13)-(54, 54)",b'& operator=(const RawProps& other) noexcept'
react-native,../repos/react-native/packages/react-native/ReactCommon/react/renderer/core/RawProps.h,"(57, 13)-(57, 49)",b'& operator=(RawProps&& other) noexcept'
react-native,../repos/react-native/packages/react-native/ReactCommon/react/renderer/core/EventPayload.h,"(24, 17)-(24, 47)",b'& operator=(const EventPayload&)'
react-native,../repos/react-native/packages/react-native/ReactCommon/react/renderer/core/EventPayload.h,"(26, 17)-(26, 42)",b'& operator=(EventPayload&&)'
react-native,../repos/react-native/packages/react-native/ReactCommon/react/renderer/textlayoutmanager/TextLayoutContext.h,"(28, 13)-(30, 34)",b'inline bool operator==(\n    TextLayoutContext...'
react-native,../repos/react-native/packages/react-native/ReactCommon/react/renderer/textlayoutmanager/TextLayoutContext.h,"(34, 13)-(36, 34)",b'inline bool operator!=(\n    TextLayoutContext...'
react-native,../repos/react-native/packages/react-native/ReactCommon/react/renderer/textlayoutmanager/TextMeasureCache.h,"(37, 8)-(37, 52)",b'bool operator==(const LineMeasurement& rhs) const;'
react-native,../repos/react-native/packages/react-native/ReactCommon/react/renderer/textlayoutmanager/TextMeasureCache.h,"(185, 13)-(187, 36)",b'inline bool operator==(\n    const TextMeasure...'
react-native,../repos/react-native/packages/react-native/ReactCommon/react/renderer/textlayoutmanager/TextMeasureCache.h,"(195, 13)-(197, 36)",b'inline bool operator!=(\n    const TextMeasure...'
react-native,../repos/react-native/packages/react-native/ReactCommon/react/renderer/textlayoutmanager/TextMeasureCache.h,"(207, 10)-(207, 75)",b'size_t operator()(const facebook::react::Text...'
react-native,../repos/react-native/packages/react-native/ReactCommon/react/renderer/textlayoutmanager/platform/android/react/renderer/textlayoutmanager/TextLayoutManager.h,"(35, 22)-(35, 57)",b'& operator=(const TextLayoutManager&)'
react-native,../repos/react-native/packages/react-native/ReactCommon/react/renderer/textlayoutmanager/platform/android/react/renderer/textlayoutmanager/TextLayoutManager.h,"(41, 22)-(41, 52)",b'& operator=(TextLayoutManager&&)'
react-native,../repos/react-native/packages/react-native/ReactCommon/react/renderer/attributedstring/ParagraphAttributes.h,"(73, 8)-(73, 52)",b'bool operator==(const ParagraphAttributes&) const;'
react-native,../repos/react-native/packages/react-native/ReactCommon/react/renderer/attributedstring/ParagraphAttributes.h,"(74, 8)-(74, 52)",b'bool operator!=(const ParagraphAttributes&) const;'
react-native,../repos/react-native/packages/react-native/ReactCommon/react/renderer/attributedstring/ParagraphAttributes.h,"(89, 10)-(90, 68)",b'size_t operator()(\n      const facebook::reac...'
react-native,../repos/react-native/packages/react-native/ReactCommon/react/renderer/attributedstring/TextAttributes.h,"(93, 8)-(93, 51)",b'bool operator==(const TextAttributes& rhs) const;'
react-native,../repos/react-native/packages/react-native/ReactCommon/react/renderer/attributedstring/TextAttributes.h,"(94, 8)-(94, 51)",b'bool operator!=(const TextAttributes& rhs) const;'
react-native,../repos/react-native/packages/react-native/ReactCommon/react/renderer/attributedstring/TextAttributes.h,"(109, 10)-(110, 67)",b'size_t operator()(\n      const facebook::reac...'
react-native,../repos/react-native/packages/react-native/ReactCommon/react/renderer/attributedstring/AttributedString.h,"(53, 10)-(53, 47)",b'bool operator==(const Fragment& rhs) const;'
react-native,../repos/react-native/packages/react-native/ReactCommon/react/renderer/attributedstring/AttributedString.h,"(54, 10)-(54, 47)",b'bool operator!=(const Fragment& rhs) const;'
react-native,../repos/react-native/packages/react-native/ReactCommon/react/renderer/attributedstring/AttributedString.h,"(105, 8)-(105, 53)",b'bool operator==(const AttributedString& rhs) ...'
react-native,../repos/react-native/packages/react-native/ReactCommon/react/renderer/attributedstring/AttributedString.h,"(106, 8)-(106, 53)",b'bool operator!=(const AttributedString& rhs) ...'
react-native,../repos/react-native/packages/react-native/ReactCommon/react/renderer/attributedstring/AttributedString.h,"(123, 10)-(124, 73)",b'size_t operator()(\n      const facebook::reac...'
react-native,../repos/react-native/packages/react-native/ReactCommon/react/renderer/attributedstring/AttributedString.h,"(135, 10)-(136, 71)",b'size_t operator()(\n      const facebook::reac...'
react-native,../repos/react-native/packages/react-native/ReactCommon/react/renderer/attributedstring/AttributedStringBox.cpp,"(67, 6)-(69, 36)",b'bool operator==(\n    const AttributedStringBo...'
react-native,../repos/react-native/packages/react-native/ReactCommon/react/renderer/attributedstring/AttributedStringBox.cpp,"(82, 6)-(84, 36)",b'bool operator!=(\n    const AttributedStringBo...'
react-native,../repos/react-native/packages/react-native/ReactCommon/react/renderer/attributedstring/primitives.h,"(127, 10)-(127, 65)",b'size_t operator()(const facebook::react::Font...'
react-native,../repos/react-native/packages/react-native/ReactCommon/react/renderer/attributedstring/primitives.h,"(134, 10)-(134, 67)",b'size_t operator()(const facebook::react::Text...'
react-native,../repos/react-native/packages/react-native/ReactCommon/react/renderer/attributedstring/primitives.h,"(141, 10)-(141, 63)",b'size_t operator()(const facebook::react::Font...'
react-native,../repos/react-native/packages/react-native/ReactCommon/react/renderer/attributedstring/primitives.h,"(148, 10)-(148, 76)",b'size_t operator()(const facebook::react::Text...'
react-native,../repos/react-native/packages/react-native/ReactCommon/react/renderer/attributedstring/primitives.h,"(155, 10)-(155, 70)",b'size_t operator()(const facebook::react::Writ...'
react-native,../repos/react-native/packages/react-native/ReactCommon/react/renderer/attributedstring/primitives.h,"(162, 10)-(162, 73)",b'size_t operator()(const facebook::react::Text...'
react-native,../repos/react-native/packages/react-native/ReactCommon/react/renderer/attributedstring/primitives.h,"(169, 10)-(169, 64)",b'size_t operator()(const facebook::react::Font...'
react-native,../repos/react-native/packages/react-native/ReactCommon/react/renderer/attributedstring/primitives.h,"(176, 10)-(176, 69)",b'size_t operator()(const facebook::react::Dyna...'
react-native,../repos/react-native/packages/react-native/ReactCommon/react/renderer/attributedstring/primitives.h,"(183, 10)-(183, 67)",b'size_t operator()(const facebook::react::Elli...'
react-native,../repos/react-native/packages/react-native/ReactCommon/react/renderer/attributedstring/primitives.h,"(190, 10)-(190, 71)",b'size_t operator()(const facebook::react::Text...'
react-native,../repos/react-native/packages/react-native/ReactCommon/react/renderer/attributedstring/primitives.h,"(197, 10)-(197, 67)",b'size_t operator()(const facebook::react::Text...'
react-native,../repos/react-native/packages/react-native/ReactCommon/react/renderer/attributedstring/primitives.h,"(204, 10)-(204, 74)",b'size_t operator()(const facebook::react::Hyph...'
react-native,../repos/react-native/packages/react-native/ReactCommon/react/renderer/attributedstring/AttributedStringBox.h,"(44, 24)-(44, 67)",b'& operator=(const AttributedStringBox& other)'
react-native,../repos/react-native/packages/react-native/ReactCommon/react/renderer/attributedstring/AttributedStringBox.h,"(45, 24)-(45, 71)",b'& operator=(AttributedStringBox&& other) noexcept'
react-native,../repos/react-native/packages/react-native/ReactCommon/react/renderer/attributedstring/AttributedStringBox.h,"(60, 6)-(60, 80)",b'bool operator==(const AttributedStringBox& lh...'
react-native,../repos/react-native/packages/react-native/ReactCommon/react/renderer/attributedstring/AttributedStringBox.h,"(61, 6)-(61, 80)",b'bool operator!=(const AttributedStringBox& lh...'
react-native,../repos/react-native/packages/react-native/ReactCommon/react/renderer/attributedstring/AttributedStringBox.h,"(67, 10)-(68, 77)",b'size_t operator()(\n      const facebook::reac...'
react-native,../repos/react-native/packages/react-native/ReactCommon/react/renderer/components/scrollview/primitives.h,"(33, 8)-(33, 77)",b'bool operator==(const ScrollViewMaintainVisib...'
react-native,../repos/react-native/packages/react-native/ReactCommon/react/renderer/components/scrollview/primitives.h,"(38, 8)-(38, 77)",b'bool operator!=(const ScrollViewMaintainVisib...'
react-native,../repos/react-native/packages/react-native/ReactCommon/react/renderer/components/view/AccessibilityPrimitives.h,"(39, 36)-(41, 40)",b'constexpr enum AccessibilityTraits operator|(...'
react-native,../repos/react-native/packages/react-native/ReactCommon/react/renderer/components/view/AccessibilityPrimitives.h,"(45, 36)-(47, 40)",b'constexpr enum AccessibilityTraits operator&(...'
react-native,../repos/react-native/packages/react-native/ReactCommon/react/renderer/components/view/AccessibilityPrimitives.h,"(56, 20)-(58, 36)",b'inline static bool operator==(\n    const Acce...'
react-native,../repos/react-native/packages/react-native/ReactCommon/react/renderer/components/view/AccessibilityPrimitives.h,"(62, 20)-(64, 36)",b'inline static bool operator!=(\n    const Acce...'
react-native,../repos/react-native/packages/react-native/ReactCommon/react/renderer/components/view/AccessibilityPrimitives.h,"(76, 16)-(78, 35)",b'constexpr bool operator==(\n    const Accessib...'
react-native,../repos/react-native/packages/react-native/ReactCommon/react/renderer/components/view/AccessibilityPrimitives.h,"(84, 16)-(86, 35)",b'constexpr bool operator!=(\n    const Accessib...'
react-native,../repos/react-native/packages/react-native/ReactCommon/react/renderer/components/view/AccessibilityPrimitives.h,"(94, 20)-(96, 40)",b'inline static bool operator==(\n    const Acce...'
react-native,../repos/react-native/packages/react-native/ReactCommon/react/renderer/components/view/AccessibilityPrimitives.h,"(100, 20)-(102, 40)",b'inline static bool operator!=(\n    const Acce...'
react-native,../repos/react-native/packages/react-native/ReactCommon/react/renderer/components/view/AccessibilityPrimitives.h,"(113, 16)-(115, 35)",b'constexpr bool operator==(\n    const Accessib...'
react-native,../repos/react-native/packages/react-native/ReactCommon/react/renderer/components/view/AccessibilityPrimitives.h,"(120, 16)-(122, 35)",b'constexpr bool operator!=(\n    const Accessib...'
react-native,../repos/react-native/packages/react-native/ReactCommon/react/renderer/components/view/AccessibilityPrimitives.h,"(255, 10)-(255, 71)",b'size_t operator()(const facebook::react::Acce...'
react-native,../repos/react-native/packages/react-native/ReactCommon/react/renderer/components/view/AccessibilityPrimitives.h,"(262, 10)-(262, 58)",b'size_t operator()(const facebook::react::Role...'
react-native,../repos/react-native/packages/react-native/ReactCommon/react/renderer/components/view/platform/android/react/renderer/components/view/NativeDrawable.h,"(28, 10)-(28, 45)",b'bool operator==(const Ripple& rhs) const {\n  ...'
react-native,../repos/react-native/packages/react-native/ReactCommon/react/renderer/components/view/platform/android/react/renderer/components/view/NativeDrawable.h,"(38, 8)-(38, 51)",b'bool operator==(const NativeDrawable& rhs) co...'
react-native,../repos/react-native/packages/react-native/ReactCommon/react/renderer/components/view/platform/android/react/renderer/components/view/NativeDrawable.h,"(51, 8)-(51, 51)",b'bool operator!=(const NativeDrawable& rhs) co...'
react-native,../repos/react-native/packages/react-native/ReactCommon/react/renderer/components/view/primitives.h,"(71, 18)-(71, 55)",b'constexpr bool operator[](const Offset offset...'
react-native,../repos/react-native/packages/react-native/ReactCommon/react/renderer/components/view/primitives.h,"(75, 30)-(75, 61)",b'std::bitset<64>::reference operator[](const O...'
react-native,../repos/react-native/packages/react-native/ReactCommon/react/renderer/components/view/primitives.h,"(80, 20)-(80, 76)",b'inline static bool operator==(const ViewEvent...'
react-native,../repos/react-native/packages/react-native/ReactCommon/react/renderer/components/view/primitives.h,"(84, 20)-(84, 76)",b'inline static bool operator!=(const ViewEvent...'
react-native,../repos/react-native/packages/react-native/ReactCommon/react/renderer/components/view/primitives.h,"(136, 8)-(136, 62)",b'bool operator==(const CascadedRectangleEdges<...'
react-native,../repos/react-native/packages/react-native/ReactCommon/react/renderer/components/view/primitives.h,"(165, 8)-(165, 62)",b'bool operator!=(const CascadedRectangleEdges<...'
react-native,../repos/react-native/packages/react-native/ReactCommon/react/renderer/components/view/primitives.h,"(212, 8)-(212, 64)",b'bool operator==(const CascadedRectangleCorner...'
react-native,../repos/react-native/packages/react-native/ReactCommon/react/renderer/components/view/primitives.h,"(243, 8)-(243, 64)",b'bool operator!=(const CascadedRectangleCorner...'
react-native,../repos/react-native/packages/react-native/ReactCommon/react/renderer/components/view/primitives.h,"(267, 8)-(267, 50)",b'bool operator==(const BorderMetrics& rhs) con...'
react-native,../repos/react-native/packages/react-native/ReactCommon/react/renderer/components/view/primitives.h,"(282, 8)-(282, 50)",b'bool operator!=(const BorderMetrics& rhs) con...'
react-native,../repos/react-native/packages/react-native/ReactCommon/react/renderer/components/view/BaseTouch.h,"(65, 12)-(65, 52)",b'size_t operator()(const BaseTouch& touch) con...'
react-native,../repos/react-native/packages/react-native/ReactCommon/react/renderer/components/view/BaseTouch.h,"(71, 10)-(71, 70)","b'bool operator()(const BaseTouch& lhs, const B...'"
react-native,../repos/react-native/packages/react-native/ReactCommon/react/renderer/observers/intersection/IntersectionObserverState.h,"(30, 8)-(30, 64)",b'bool operator==(const IntersectionObserverSta...'
react-native,../repos/react-native/packages/react-native/ReactCommon/react/renderer/observers/intersection/IntersectionObserverState.h,"(31, 8)-(31, 64)",b'bool operator!=(const IntersectionObserverSta...'
react-native,../repos/react-native/packages/react-native/ReactCommon/react/bridging/Function.h,"(32, 8)-(32, 47)",b'void operator()(Args... args) const noexcept ...'
react-native,../repos/react-native/packages/react-native/ReactCommon/react/bridging/Function.h,"(118, 17)-(118, 42)",b'& operator=(SyncCallback&&)'
react-native,../repos/react-native/packages/react-native/ReactCommon/react/bridging/Function.h,"(126, 5)-(126, 35)",b'R operator()(Args... args) const {\n    return...'
react-native,../repos/react-native/packages/react-native/ReactCommon/react/bridging/LongLivedObject.h,"(47, 8)-(47, 51)",b'void operator=(const LongLivedObjectCollectio...'
react-native,../repos/react-native/packages/react-native/ReactCommon/jsinspector-modern/PageTarget.cpp,"(43, 8)-(43, 39)",b'void operator()(std::string message) {\n    cd...'
react-native,../repos/react-native/packages/react-native/ReactCommon/jsinspector-modern/tests/UniquePtrFactory.h,"(65, 6)-(65, 30)",b'* operator[](size_t index)'
react-native,../repos/react-native/packages/react-native/ReactCommon/jsinspector-modern/tests/UniquePtrFactory.h,"(73, 12)-(73, 42)",b'* operator[](size_t index) const'
react-native,../repos/react-native/packages/react-native/ReactCommon/jsinspector-modern/InspectorFlags.h,"(45, 19)-(45, 51)",b'& operator=(const InspectorFlags&)'
react-native,../repos/react-native/packages/react-native/ReactCommon/jsinspector-modern/InspectorPackagerConnectionImpl.h,"(67, 9)-(67, 31)",b'& operator=(const Impl&)'
react-native,../repos/react-native/packages/react-native/ReactCommon/yoga/yoga/style/Style.h,"(442, 8)-(442, 44)",b'bool operator==(const Style& other) const {\n ...'
react-native,../repos/react-native/packages/react-native/ReactCommon/yoga/yoga/style/Style.h,"(467, 8)-(467, 44)",b'bool operator!=(const Style& other) const {\n ...'
react-native,../repos/react-native/packages/react-native/ReactCommon/yoga/yoga/style/SmallValueBuffer.h,"(110, 21)-(110, 61)",b'& operator=(const SmallValueBuffer& other)'
react-native,../repos/react-native/packages/react-native/ReactCommon/yoga/yoga/style/SmallValueBuffer.h,"(119, 21)-(119, 56)",b'& operator=(SmallValueBuffer&& other)'
react-native,../repos/react-native/packages/react-native/ReactCommon/yoga/yoga/style/StyleLength.h,"(89, 18)-(89, 58)",b'constexpr bool operator==(const StyleLength& ...'
react-native,../repos/react-native/packages/react-native/ReactCommon/yoga/yoga/numeric/FloatOptional.h,"(43, 16)-(43, 64)","b'constexpr bool operator==(FloatOptional lhs, ...'"
react-native,../repos/react-native/packages/react-native/ReactCommon/yoga/yoga/numeric/FloatOptional.h,"(47, 16)-(47, 64)","b'constexpr bool operator!=(FloatOptional lhs, ...'"
react-native,../repos/react-native/packages/react-native/ReactCommon/yoga/yoga/numeric/FloatOptional.h,"(51, 16)-(51, 56)","b'constexpr bool operator==(FloatOptional lhs, ...'"
react-native,../repos/react-native/packages/react-native/ReactCommon/yoga/yoga/numeric/FloatOptional.h,"(54, 16)-(54, 56)","b'constexpr bool operator!=(FloatOptional lhs, ...'"
react-native,../repos/react-native/packages/react-native/ReactCommon/yoga/yoga/numeric/FloatOptional.h,"(58, 16)-(58, 56)","b'constexpr bool operator==(float lhs, FloatOpt...'"
react-native,../repos/react-native/packages/react-native/ReactCommon/yoga/yoga/numeric/FloatOptional.h,"(61, 16)-(61, 56)","b'constexpr bool operator!=(float lhs, FloatOpt...'"
react-native,../repos/react-native/packages/react-native/ReactCommon/yoga/yoga/numeric/FloatOptional.h,"(65, 25)-(65, 72)",b'constexpr FloatOptional operator+(FloatOption...'
react-native,../repos/react-native/packages/react-native/ReactCommon/yoga/yoga/numeric/FloatOptional.h,"(69, 16)-(69, 63)","b'constexpr bool operator>(FloatOptional lhs, F...'"
react-native,../repos/react-native/packages/react-native/ReactCommon/yoga/yoga/numeric/FloatOptional.h,"(73, 16)-(73, 63)","b'constexpr bool operator<(FloatOptional lhs, F...'"
react-native,../repos/react-native/packages/react-native/ReactCommon/yoga/yoga/numeric/FloatOptional.h,"(77, 16)-(77, 64)","b'constexpr bool operator>=(FloatOptional lhs, ...'"
react-native,../repos/react-native/packages/react-native/ReactCommon/yoga/yoga/numeric/FloatOptional.h,"(81, 16)-(81, 64)","b'constexpr bool operator<=(FloatOptional lhs, ...'"
react-native,../repos/react-native/packages/react-native/ReactCommon/yoga/yoga/node/CachedMeasurement.h,"(28, 8)-(28, 55)",b'bool operator==(CachedMeasurement measurement...'
react-native,../repos/react-native/packages/react-native/ReactCommon/yoga/yoga/node/LayoutResults.h,"(104, 8)-(104, 46)",b'bool operator==(LayoutResults layout) const;'
react-native,../repos/react-native/packages/react-native/ReactCommon/yoga/yoga/node/LayoutResults.h,"(105, 8)-(105, 46)",b'bool operator!=(LayoutResults layout) const {...'
react-native,../repos/react-native/packages/react-native/ReactCommon/yoga/yoga/node/Node.h,"(45, 9)-(45, 31)",b'& operator=(const Node&)'
react-native,../repos/react-native/packages/react-native/ReactCommon/yoga/yoga/YGValue.h,"(60, 13)-(60, 63)","b'inline bool operator==(const YGValue& lhs, co...'"
react-native,../repos/react-native/packages/react-native/ReactCommon/yoga/yoga/YGValue.h,"(77, 13)-(77, 63)","b'inline bool operator!=(const YGValue& lhs, co...'"
react-native,../repos/react-native/packages/react-native/ReactCommon/yoga/yoga/YGValue.h,"(81, 16)-(81, 47)",b'inline YGValue operator-(const YGValue& value...'
react-native,../repos/react-native/packages/react-native/ReactCommon/yoga/yoga/enums/YogaEnums.h,"(60, 11)-(60, 28)",b'EnumT operator*() const {\n      return e;\n    }'
react-native,../repos/react-native/packages/react-native/ReactCommon/yoga/yoga/enums/YogaEnums.h,"(64, 15)-(64, 27)",b'& operator++()'
react-native,../repos/react-native/packages/react-native/ReactCommon/yoga/yoga/enums/YogaEnums.h,"(69, 10)-(69, 49)",b'bool operator==(const Iterator& other) const ...'
react-native,../repos/react-native/packages/react-native/ReactCommon/yoga/yoga/enums/YogaEnums.h,"(70, 10)-(70, 49)",b'bool operator!=(const Iterator& other) const ...'
