Repo name,File name,Location,Content
react-native,../repos/react-native/packages/react-native/Libraries/WebPerformance/__tests__/PerformanceEntryReporterTest.cpp,"(32, 1)-(32, 33)",b'using namespace facebook::react;'
react-native,../repos/react-native/packages/react-native/Libraries/WebPerformance/__tests__/BoundedConsumableBufferTest.cpp,"(16, 1)-(16, 33)",b'using namespace facebook::react;'
react-native,../repos/react-native/packages/react-native/ReactAndroid/src/main/jni/first-party/yogajni/jni/YGJNIVanilla.cpp,"(20, 1)-(20, 26)",b'using namespace facebook;'
react-native,../repos/react-native/packages/react-native/ReactAndroid/src/main/jni/first-party/yogajni/jni/YGJNIVanilla.cpp,"(21, 1)-(21, 32)",b'using namespace facebook::yoga;'
react-native,../repos/react-native/packages/react-native/ReactAndroid/src/main/jni/first-party/yogajni/jni/YGJNIVanilla.cpp,"(22, 1)-(22, 44)",b'using namespace facebook::yoga::vanillajni;'
react-native,../repos/react-native/packages/react-native/ReactAndroid/src/main/jni/first-party/yogajni/jni/yogajni.cpp,"(11, 1)-(11, 32)",b'using namespace facebook::yoga;'
react-native,../repos/react-native/packages/react-native/ReactAndroid/src/main/jni/first-party/yogajni/jni/YGJTypesVanilla.h,"(27, 5)-(27, 48)",b'using namespace facebook::yoga::vanillajni;'
react-native,../repos/react-native/packages/react-native/ReactAndroid/src/main/jni/first-party/yogajni/jni/YGJTypesVanilla.h,"(41, 5)-(41, 48)",b'using namespace facebook::yoga::vanillajni;'
react-native,../repos/react-native/packages/react-native/ReactAndroid/src/main/jni/react/jscexecutor/OnLoad.cpp,"(70, 3)-(70, 32)",b'using HybridBase::HybridBase;'
react-native,../repos/react-native/packages/react-native/ReactAndroid/src/main/jni/react/runtime/jsc/jni/OnLoad.cpp,"(40, 3)-(40, 32)",b'using HybridBase::HybridBase;'
react-native,../repos/react-native/packages/react-native/ReactAndroid/src/main/jni/react/newarchdefaults/DefaultTurboModuleManagerDelegate.h,"(52, 3)-(52, 32)",b'using HybridBase::HybridBase;'
react-native,../repos/react-native/packages/react-native/ReactAndroid/src/main/jni/react/fabric/JBackgroundExecutor.cpp,"(15, 1)-(15, 31)",b'using namespace facebook::jni;'
react-native,../repos/react-native/packages/react-native/ReactAndroid/src/main/jni/react/fabric/StateWrapperImpl.cpp,"(14, 1)-(14, 31)",b'using namespace facebook::jni;'
react-native,../repos/react-native/packages/react-native/ReactAndroid/src/main/jni/react/fabric/EventBeatManager.cpp,"(10, 1)-(10, 31)",b'using namespace facebook::jni;'
react-native,../repos/react-native/packages/react-native/ReactAndroid/src/main/jni/react/fabric/ComponentFactory.cpp,"(14, 1)-(14, 31)",b'using namespace facebook::jsi;'
react-native,../repos/react-native/packages/react-native/ReactAndroid/src/main/jni/react/fabric/EventEmitterWrapper.cpp,"(11, 1)-(11, 31)",b'using namespace facebook::jni;'
react-native,../repos/react-native/packages/react-native/ReactAndroid/src/main/jni/react/fabric/ReactNativeConfigHolder.cpp,"(12, 1)-(12, 33)",b'using namespace facebook::react;'
react-native,../repos/react-native/packages/react-native/ReactAndroid/src/main/jni/react/jni/NativeArray.cpp,"(12, 1)-(12, 31)",b'using namespace facebook::jni;'
react-native,../repos/react-native/packages/react-native/ReactAndroid/src/main/jni/react/jni/JavaModuleWrapper.cpp,"(27, 1)-(27, 42)",b'using facebook::xplat::module::CxxModule;'
react-native,../repos/react-native/packages/react-native/ReactAndroid/src/main/jni/react/jni/OnLoad.cpp,"(30, 1)-(30, 31)",b'using namespace facebook::jni;'
react-native,../repos/react-native/packages/react-native/ReactAndroid/src/main/jni/react/jni/OnLoad.cpp,"(64, 3)-(64, 32)",b'using HybridBase::HybridBase;'
react-native,../repos/react-native/packages/react-native/ReactAndroid/src/main/jni/react/jni/JReactCxxErrorHandler.cpp,"(10, 1)-(10, 33)",b'using namespace facebook::react;'
react-native,../repos/react-native/packages/react-native/ReactAndroid/src/main/jni/react/jni/ReadableNativeArray.cpp,"(12, 1)-(12, 31)",b'using namespace facebook::jni;'
react-native,../repos/react-native/packages/react-native/ReactAndroid/src/main/jni/react/jni/JSLoader.cpp,"(18, 1)-(18, 37)",b'using fbsystrace::FbSystraceSection;'
react-native,../repos/react-native/packages/react-native/ReactAndroid/src/main/jni/react/jni/JSLoader.cpp,"(21, 1)-(21, 31)",b'using namespace facebook::jni;'
react-native,../repos/react-native/packages/react-native/ReactAndroid/src/main/jni/react/jni/NativeMap.cpp,"(12, 1)-(12, 31)",b'using namespace facebook::jni;'
react-native,../repos/react-native/packages/react-native/ReactAndroid/src/main/jni/react/jni/WritableNativeMap.cpp,"(10, 1)-(10, 31)",b'using namespace facebook::jni;'
react-native,../repos/react-native/packages/react-native/ReactAndroid/src/main/jni/react/jni/MethodInvoker.cpp,"(25, 1)-(25, 31)",b'using namespace facebook::jni;'
react-native,../repos/react-native/packages/react-native/ReactAndroid/src/main/jni/react/jni/JMessageQueueThread.cpp,"(20, 1)-(20, 21)",b'using namespace jni;'
react-native,../repos/react-native/packages/react-native/ReactAndroid/src/main/jni/react/jni/WritableNativeArray.cpp,"(12, 1)-(12, 31)",b'using namespace facebook::jni;'
react-native,../repos/react-native/packages/react-native/ReactAndroid/src/main/jni/react/jni/CatalystInstanceImpl.cpp,"(39, 1)-(39, 31)",b'using namespace facebook::jni;'
react-native,../repos/react-native/packages/react-native/ReactAndroid/src/main/jni/react/jni/JReactSoftExceptionLogger.cpp,"(10, 1)-(10, 33)",b'using namespace facebook::react;'
react-native,../repos/react-native/packages/react-native/ReactAndroid/src/main/jni/react/jni/ReadableNativeMap.h,"(46, 3)-(46, 32)",b'using HybridBase::HybridBase;'
react-native,../repos/react-native/packages/react-native/ReactAndroid/src/main/jni/react/jni/ReadableNativeMap.cpp,"(10, 1)-(10, 31)",b'using namespace facebook::jni;'
react-native,../repos/react-native/packages/react-native/ReactAndroid/src/main/jni/react/jni/NativeCommon.cpp,"(10, 1)-(10, 31)",b'using namespace facebook::jni;'
react-native,../repos/react-native/packages/react-native/ReactAndroid/src/main/jni/react/devsupport/JCxxInspectorPackagerConnectionWebSocketDelegate.cpp,"(10, 1)-(10, 31)",b'using namespace facebook::jni;'
react-native,../repos/react-native/packages/react-native/ReactAndroid/src/main/jni/react/devsupport/JCxxInspectorPackagerConnectionWebSocket.cpp,"(10, 1)-(10, 31)",b'using namespace facebook::jni;'
react-native,../repos/react-native/packages/react-native/ReactAndroid/src/main/jni/react/devsupport/JCxxInspectorPackagerConnectionWebSocket.cpp,"(11, 1)-(11, 53)",b'using namespace facebook::react::jsinspector_...'
react-native,../repos/react-native/packages/react-native/ReactAndroid/src/main/jni/react/devsupport/JCxxInspectorPackagerConnectionDelegateImpl.cpp,"(16, 1)-(16, 31)",b'using namespace facebook::jni;'
react-native,../repos/react-native/packages/react-native/ReactAndroid/src/main/jni/react/devsupport/JCxxInspectorPackagerConnection.cpp,"(12, 1)-(12, 31)",b'using namespace facebook::jni;'
react-native,../repos/react-native/packages/react-native/ReactAndroid/src/main/jni/react/turbomodule/ReactCommon/CompositeTurboModuleManagerDelegate.h,"(40, 3)-(40, 32)",b'using HybridBase::HybridBase;'
react-native,../repos/react-native/packages/react-native/ReactAndroid/src/main/jni/react/hermes/reactexecutor/OnLoad.cpp,"(103, 3)-(103, 32)",b'using HybridBase::HybridBase;'
react-native,../repos/react-native/packages/react-native/ReactAndroid/src/main/jni/react/uimanager/UIConstantsProviderManager.cpp,"(20, 1)-(20, 31)",b'using namespace facebook::jni;'
react-native,../repos/react-native/packages/react-native/ReactAndroid/src/main/jni/react/uimanager/ComponentNameResolverManager.cpp,"(19, 1)-(19, 31)",b'using namespace facebook::jni;'
react-native,../repos/react-native/packages/react-native/ReactAndroid/src/main/jni/react/perftests/OnLoad.cpp,"(18, 1)-(18, 32)",b'using facebook::jni::alias_ref;'
react-native,../repos/react-native/packages/react-native/ReactAndroid/src/main/jni/react/perftests/OnLoad.cpp,"(211, 1)-(211, 33)",b'using namespace facebook::react;'
react-native,../repos/react-native/packages/react-native/ReactAndroid/src/main/jni/react/reactnativeblob/BlobCollector.cpp,"(14, 1)-(14, 26)",b'using namespace facebook;'
react-native,../repos/react-native/packages/react-native/ReactCommon/jsiexecutor/jsireact/JSINativeModules.cpp,"(19, 1)-(19, 31)",b'using namespace facebook::jsi;'
react-native,../repos/react-native/packages/react-native/ReactCommon/jsiexecutor/jsireact/JSIExecutor.cpp,"(25, 1)-(25, 31)",b'using namespace facebook::jsi;'
react-native,../repos/react-native/packages/react-native/ReactCommon/jsc/JSCRuntime.cpp,"(834, 5)-(834, 52)",b'using HostObjectProxyBase::HostObjectProxyBase;'
react-native,../repos/react-native/packages/react-native/ReactCommon/cxxreact/tests/jsbigstring.cpp,"(14, 1)-(14, 33)",b'using namespace facebook::react;'
react-native,../repos/react-native/packages/react-native/ReactCommon/cxxreact/tests/jsarg_helpers.cpp,"(15, 1)-(15, 33)",b'using namespace facebook::xplat;'
react-native,../repos/react-native/packages/react-native/ReactCommon/cxxreact/tests/methodcall.cpp,"(16, 1)-(16, 33)",b'using namespace facebook::react;'
react-native,../repos/react-native/packages/react-native/ReactCommon/cxxreact/tests/RecoverableErrorTest.cpp,"(15, 1)-(15, 33)",b'using namespace facebook::react;'
react-native,../repos/react-native/packages/react-native/ReactCommon/cxxreact/SampleCxxModule.cpp,"(16, 1)-(16, 23)",b'using namespace folly;'
react-native,../repos/react-native/packages/react-native/ReactCommon/cxxreact/CxxModule.h,"(17, 1)-(17, 35)",b'using namespace std::placeholders;'
react-native,../repos/react-native/packages/react-native/ReactCommon/cxxreact/JSModulesUnbundle.h,"(29, 5)-(29, 43)",b'using std::out_of_range::out_of_range;'
react-native,../repos/react-native/packages/react-native/ReactCommon/cxxreact/CxxNativeModule.cpp,"(21, 1)-(21, 42)",b'using facebook::xplat::module::CxxModule;'
react-native,../repos/react-native/packages/react-native/ReactCommon/cxxreact/NativeToJsBridge.cpp,"(31, 1)-(31, 39)",b'using fbsystrace::FbSystraceAsyncFlow;'
react-native,../repos/react-native/packages/react-native/ReactCommon/jserrorhandler/JsErrorHandler.cpp,"(17, 1)-(17, 42)",b'using facebook::react::JSErrorHandlerKey;'
react-native,../repos/react-native/packages/react-native/ReactCommon/hermes/inspector-modern/chrome/ConnectionDemux.cpp,"(22, 1)-(22, 57)",b'using ::facebook::react::jsinspector_modern::...'
react-native,../repos/react-native/packages/react-native/ReactCommon/hermes/inspector-modern/chrome/ConnectionDemux.cpp,"(23, 1)-(23, 63)",b'using ::facebook::react::jsinspector_modern::...'
react-native,../repos/react-native/packages/react-native/ReactCommon/hermes/inspector-modern/chrome/ConnectionDemux.cpp,"(24, 1)-(24, 64)",b'using ::facebook::react::jsinspector_modern::...'
react-native,../repos/react-native/packages/react-native/ReactCommon/hermes/inspector-modern/chrome/tests/ConnectionDemuxTests.cpp,"(25, 1)-(25, 57)",b'using ::facebook::react::jsinspector_modern::...'
react-native,../repos/react-native/packages/react-native/ReactCommon/hermes/inspector-modern/chrome/tests/ConnectionDemuxTests.cpp,"(26, 1)-(26, 71)",b'using ::facebook::react::jsinspector_modern::...'
react-native,../repos/react-native/packages/react-native/ReactCommon/hermes/inspector-modern/chrome/tests/ConnectionDemuxTests.cpp,"(27, 1)-(27, 64)",b'using ::facebook::react::jsinspector_modern::...'
react-native,../repos/react-native/packages/react-native/ReactCommon/hermes/executor/HermesExecutorFactory.cpp,"(21, 1)-(21, 34)",b'using namespace facebook::hermes;'
react-native,../repos/react-native/packages/react-native/ReactCommon/hermes/executor/HermesExecutorFactory.cpp,"(22, 1)-(22, 31)",b'using namespace facebook::jsi;'
react-native,../repos/react-native/packages/react-native/ReactCommon/jsi/jsi/JSIDynamic.cpp,"(15, 1)-(15, 31)",b'using namespace facebook::jsi;'
react-native,../repos/react-native/packages/react-native/ReactCommon/jsi/jsi/test/testlib.cpp,"(21, 1)-(21, 31)",b'using namespace facebook::jsi;'
react-native,../repos/react-native/packages/react-native/ReactCommon/jsi/jsi/test/testlib.cpp,"(1371, 7)-(1371, 54)",b'using DecoratedHostObject::DecoratedHostObject;'
react-native,../repos/react-native/packages/react-native/ReactCommon/jsi/jsi/test/testlib.cpp,"(1392, 7)-(1392, 54)",b'using DecoratedHostObject::DecoratedHostObject;'
react-native,../repos/react-native/packages/react-native/ReactCommon/react/runtime/tests/cxx/ReactInstanceTest.cpp,"(20, 1)-(20, 20)",b'using ::testing::_;'
react-native,../repos/react-native/packages/react-native/ReactCommon/react/runtime/tests/cxx/ReactInstanceTest.cpp,"(21, 1)-(21, 26)",b'using ::testing::SaveArg;'
react-native,../repos/react-native/packages/react-native/ReactCommon/react/runtime/hermes/HermesInstance.cpp,"(19, 1)-(19, 34)",b'using namespace facebook::hermes;'
react-native,../repos/react-native/packages/react-native/ReactCommon/react/runtime/hermes/HermesInstance.cpp,"(20, 1)-(20, 31)",b'using namespace facebook::jsi;'
react-native,../repos/react-native/packages/react-native/ReactCommon/react/nativemodule/core/ReactCommon/TurboCxxModule.cpp,"(16, 1)-(16, 26)",b'using namespace facebook;'
react-native,../repos/react-native/packages/react-native/ReactCommon/react/nativemodule/core/ReactCommon/TurboCxxModule.cpp,"(17, 1)-(17, 41)",b'using namespace facebook::xplat::module;'
react-native,../repos/react-native/packages/react-native/ReactCommon/react/nativemodule/core/ReactCommon/TurboModuleBinding.cpp,"(15, 1)-(15, 26)",b'using namespace facebook;'
react-native,../repos/react-native/packages/react-native/ReactCommon/react/nativemodule/samples/platform/ios/ReactCommon/SampleTurboCxxModuleLegacyImpl.cpp,"(12, 1)-(12, 41)",b'using namespace facebook::xplat::module;'
react-native,../repos/react-native/packages/react-native/ReactCommon/react/nativemodule/samples/ReactCommon/SampleTurboCxxModule.cpp,"(12, 1)-(12, 26)",b'using namespace facebook;'
react-native,../repos/react-native/packages/react-native/ReactCommon/react/renderer/runtimescheduler/tests/SchedulerPriorityTest.cpp,"(13, 1)-(13, 33)",b'using namespace facebook::react;'
react-native,../repos/react-native/packages/react-native/ReactCommon/react/renderer/runtimescheduler/tests/RuntimeSchedulerTest.cpp,"(22, 1)-(22, 38)",b'using namespace std::chrono_literals;'
react-native,../repos/react-native/packages/react-native/ReactCommon/react/renderer/telemetry/tests/TransactionTelemetryTest.cpp,"(17, 1)-(17, 33)",b'using namespace facebook::react;'
react-native,../repos/react-native/packages/react-native/ReactCommon/react/renderer/element/tests/ElementTest.cpp,"(19, 1)-(19, 33)",b'using namespace facebook::react;'
react-native,../repos/react-native/packages/react-native/ReactCommon/react/renderer/debug/tests/DebugStringConvertibleTest.cpp,"(14, 1)-(14, 33)",b'using namespace facebook::react;'
react-native,../repos/react-native/packages/react-native/ReactCommon/react/renderer/mounting/tests/ShadowTreeLifeCycleTest.cpp,"(332, 1)-(332, 33)",b'using namespace facebook::react;'
react-native,../repos/react-native/packages/react-native/ReactCommon/react/renderer/mounting/tests/StateReconciliationTest.cpp,"(23, 1)-(23, 33)",b'using namespace facebook::react;'
react-native,../repos/react-native/packages/react-native/ReactCommon/react/renderer/mapbuffer/MapBuffer.cpp,"(10, 1)-(10, 33)",b'using namespace facebook::react;'
react-native,../repos/react-native/packages/react-native/ReactCommon/react/renderer/mapbuffer/tests/MapBufferTest.cpp,"(15, 1)-(15, 33)",b'using namespace facebook::react;'
react-native,../repos/react-native/packages/react-native/ReactCommon/react/renderer/mapbuffer/MapBufferBuilder.cpp,"(11, 1)-(11, 33)",b'using namespace facebook::react;'
react-native,../repos/react-native/packages/react-native/ReactCommon/react/renderer/imagemanager/tests/ImageManagerTest.cpp,"(14, 1)-(14, 33)",b'using namespace facebook::react;'
react-native,../repos/react-native/packages/react-native/ReactCommon/react/renderer/animations/tests/LayoutAnimationTest.cpp,"(311, 1)-(311, 33)",b'using namespace facebook::react;'
react-native,../repos/react-native/packages/react-native/ReactCommon/react/renderer/graphics/tests/TransformTest.cpp,"(13, 1)-(13, 33)",b'using namespace facebook::react;'
react-native,../repos/react-native/packages/react-native/ReactCommon/react/renderer/core/ConcreteShadowNode.h,"(42, 3)-(42, 28)",b'using ShadowNode::props_;'
react-native,../repos/react-native/packages/react-native/ReactCommon/react/renderer/core/ConcreteShadowNode.h,"(43, 3)-(43, 28)",b'using ShadowNode::state_;'
react-native,../repos/react-native/packages/react-native/ReactCommon/react/renderer/core/ConcreteShadowNode.h,"(46, 3)-(46, 42)",b'using BaseShadowNodeT::BaseShadowNodeT;'
react-native,../repos/react-native/packages/react-native/ReactCommon/react/renderer/core/tests/RawPropsTest.cpp,"(20, 1)-(20, 26)",b'using namespace facebook;'
react-native,../repos/react-native/packages/react-native/ReactCommon/react/renderer/core/tests/RawPropsTest.cpp,"(21, 1)-(21, 33)",b'using namespace facebook::react;'
react-native,../repos/react-native/packages/react-native/ReactCommon/react/renderer/core/tests/EventTargetTests.cpp,"(13, 1)-(13, 26)",b'using namespace facebook;'
react-native,../repos/react-native/packages/react-native/ReactCommon/react/renderer/core/tests/EventTargetTests.cpp,"(14, 1)-(14, 33)",b'using namespace facebook::react;'
react-native,../repos/react-native/packages/react-native/ReactCommon/react/renderer/core/tests/ComponentDescriptorTest.cpp,"(14, 1)-(14, 33)",b'using namespace facebook::react;'
react-native,../repos/react-native/packages/react-native/ReactCommon/react/renderer/core/tests/DynamicPropsUtilitiesTest.cpp,"(11, 1)-(11, 23)",b'using namespace folly;'
react-native,../repos/react-native/packages/react-native/ReactCommon/react/renderer/core/tests/DynamicPropsUtilitiesTest.cpp,"(12, 1)-(12, 33)",b'using namespace facebook::react;'
react-native,../repos/react-native/packages/react-native/ReactCommon/react/renderer/core/tests/PrimitivesTest.cpp,"(13, 1)-(13, 33)",b'using namespace facebook::react;'
react-native,../repos/react-native/packages/react-native/ReactCommon/react/renderer/core/tests/ShadowNodeTest.cpp,"(16, 1)-(16, 33)",b'using namespace facebook::react;'
react-native,../repos/react-native/packages/react-native/ReactCommon/react/renderer/core/tests/LayoutableShadowNodeTest.cpp,"(12, 1)-(12, 33)",b'using namespace facebook::react;'
react-native,../repos/react-native/packages/react-native/ReactCommon/react/renderer/core/tests/ConcreteShadowNodeTest.cpp,"(18, 1)-(18, 33)",b'using namespace facebook::react;'
react-native,../repos/react-native/packages/react-native/ReactCommon/react/renderer/core/tests/TestComponent.h,"(75, 3)-(75, 56)",b'using ConcreteViewShadowNode::ConcreteViewSha...'
react-native,../repos/react-native/packages/react-native/ReactCommon/react/renderer/core/tests/TestComponent.h,"(93, 3)-(93, 66)",b'using ConcreteComponentDescriptor::ConcreteCo...'
react-native,../repos/react-native/packages/react-native/ReactCommon/react/renderer/core/tests/ShadowNodeFamilyTest.cpp,"(17, 1)-(17, 33)",b'using namespace facebook::react;'
react-native,../repos/react-native/packages/react-native/ReactCommon/react/renderer/core/tests/FindNodeAtPointTest.cpp,"(14, 1)-(14, 26)",b'using namespace facebook;'
react-native,../repos/react-native/packages/react-native/ReactCommon/react/renderer/core/tests/FindNodeAtPointTest.cpp,"(15, 1)-(15, 33)",b'using namespace facebook::react;'
react-native,../repos/react-native/packages/react-native/ReactCommon/react/renderer/core/tests/traitCastTest.cpp,"(20, 1)-(20, 33)",b'using namespace facebook::react;'
react-native,../repos/react-native/packages/react-native/ReactCommon/react/renderer/core/UnbatchedEventQueue.h,"(20, 3)-(20, 32)",b'using EventQueue::EventQueue;'
react-native,../repos/react-native/packages/react-native/ReactCommon/react/renderer/textlayoutmanager/tests/TextLayoutManagerTest.cpp,"(14, 1)-(14, 33)",b'using namespace facebook::react;'
react-native,../repos/react-native/packages/react-native/ReactCommon/react/renderer/textlayoutmanager/platform/android/react/renderer/textlayoutmanager/TextLayoutManager.cpp,"(21, 1)-(21, 31)",b'using namespace facebook::jni;'
react-native,../repos/react-native/packages/react-native/ReactCommon/react/renderer/uimanager/tests/FabricUIManagerTest.cpp,"(13, 1)-(13, 33)",b'using namespace facebook::react;'
react-native,../repos/react-native/packages/react-native/ReactCommon/react/renderer/components/modal/ModalHostViewComponentDescriptor.h,"(23, 3)-(23, 66)",b'using ConcreteComponentDescriptor::ConcreteCo...'
react-native,../repos/react-native/packages/react-native/ReactCommon/react/renderer/components/modal/ModalHostViewShadowNode.h,"(28, 3)-(28, 56)",b'using ConcreteViewShadowNode::ConcreteViewSha...'
react-native,../repos/react-native/packages/react-native/ReactCommon/react/renderer/components/inputaccessory/InputAccessoryShadowNode.h,"(28, 3)-(28, 56)",b'using ConcreteViewShadowNode::ConcreteViewSha...'
react-native,../repos/react-native/packages/react-native/ReactCommon/react/renderer/components/inputaccessory/InputAccessoryComponentDescriptor.h,"(22, 3)-(22, 66)",b'using ConcreteComponentDescriptor::ConcreteCo...'
react-native,../repos/react-native/packages/react-native/ReactCommon/react/renderer/components/scrollview/ScrollViewEventEmitter.h,"(29, 3)-(29, 44)",b'using ViewEventEmitter::ViewEventEmitter;'
react-native,../repos/react-native/packages/react-native/ReactCommon/react/renderer/components/scrollview/ScrollViewShadowNode.h,"(30, 3)-(30, 56)",b'using ConcreteViewShadowNode::ConcreteViewSha...'
react-native,../repos/react-native/packages/react-native/ReactCommon/react/renderer/components/safeareaview/SafeAreaViewShadowNode.h,"(27, 3)-(27, 56)",b'using ConcreteViewShadowNode::ConcreteViewSha...'
react-native,../repos/react-native/packages/react-native/ReactCommon/react/renderer/components/safeareaview/SafeAreaViewComponentDescriptor.h,"(21, 3)-(21, 66)",b'using ConcreteComponentDescriptor::ConcreteCo...'
react-native,../repos/react-native/packages/react-native/ReactCommon/react/renderer/components/legacyviewmanagerinterop/LegacyViewManagerInteropViewEventEmitter.h,"(25, 3)-(25, 44)",b'using ViewEventEmitter::ViewEventEmitter;'
react-native,../repos/react-native/packages/react-native/ReactCommon/react/renderer/components/legacyviewmanagerinterop/LegacyViewManagerInteropComponentDescriptor.h,"(18, 3)-(18, 66)",b'using ConcreteComponentDescriptor::ConcreteCo...'
react-native,../repos/react-native/packages/react-native/ReactCommon/react/renderer/components/text/TextShadowNode.h,"(45, 3)-(45, 48)",b'using ConcreteShadowNode::ConcreteShadowNode;'
react-native,../repos/react-native/packages/react-native/ReactCommon/react/renderer/components/text/ParagraphEventEmitter.h,"(17, 3)-(17, 44)",b'using ViewEventEmitter::ViewEventEmitter;'
react-native,../repos/react-native/packages/react-native/ReactCommon/react/renderer/components/text/ParagraphShadowNode.h,"(35, 3)-(35, 56)",b'using ConcreteViewShadowNode::ConcreteViewSha...'
react-native,../repos/react-native/packages/react-native/ReactCommon/react/renderer/components/text/RawTextShadowNode.h,"(28, 3)-(28, 48)",b'using ConcreteShadowNode::ConcreteShadowNode;'
react-native,../repos/react-native/packages/react-native/ReactCommon/react/renderer/components/view/ConcreteViewShadowNode.h,"(72, 3)-(72, 40)",b'using BaseShadowNode::BaseShadowNode;'
react-native,../repos/react-native/packages/react-native/ReactCommon/react/renderer/components/view/TouchEventEmitter.h,"(25, 3)-(25, 36)",b'using EventEmitter::EventEmitter;'
react-native,../repos/react-native/packages/react-native/ReactCommon/react/renderer/components/view/BaseViewEventEmitter.h,"(22, 3)-(22, 46)",b'using TouchEventEmitter::TouchEventEmitter;'
react-native,../repos/react-native/packages/react-native/ReactCommon/react/renderer/components/progressbar/android/react/renderer/components/progressbar/AndroidProgressBarMeasurementsManager.cpp,"(14, 1)-(14, 31)",b'using namespace facebook::jni;'
react-native,../repos/react-native/packages/react-native/ReactCommon/react/renderer/components/progressbar/android/react/renderer/components/progressbar/AndroidProgressBarShadowNode.h,"(27, 3)-(27, 56)",b'using ConcreteViewShadowNode::ConcreteViewSha...'
react-native,../repos/react-native/packages/react-native/ReactCommon/react/renderer/components/image/ImageShadowNode.h,"(31, 3)-(31, 56)",b'using ConcreteViewShadowNode::ConcreteViewSha...'
react-native,../repos/react-native/packages/react-native/ReactCommon/react/renderer/components/image/ImageEventEmitter.h,"(16, 3)-(16, 44)",b'using ViewEventEmitter::ViewEventEmitter;'
react-native,../repos/react-native/packages/react-native/ReactCommon/react/renderer/components/switch/androidswitch/react/renderer/components/androidswitch/AndroidSwitchMeasurementsManager.cpp,"(14, 1)-(14, 31)",b'using namespace facebook::jni;'
react-native,../repos/react-native/packages/react-native/ReactCommon/react/renderer/components/switch/androidswitch/react/renderer/components/androidswitch/AndroidSwitchShadowNode.h,"(28, 3)-(28, 56)",b'using ConcreteViewShadowNode::ConcreteViewSha...'
react-native,../repos/react-native/packages/react-native/ReactCommon/react/renderer/components/root/RootShadowNode.h,"(32, 3)-(32, 56)",b'using ConcreteViewShadowNode::ConcreteViewSha...'
react-native,../repos/react-native/packages/react-native/ReactCommon/react/renderer/components/textinput/platform/ios/react/renderer/components/iostextinput/TextInputShadowNode.h,"(33, 3)-(33, 56)",b'using ConcreteViewShadowNode::ConcreteViewSha...'
react-native,../repos/react-native/packages/react-native/ReactCommon/react/renderer/components/textinput/platform/ios/react/renderer/components/iostextinput/TextInputEventEmitter.h,"(37, 3)-(37, 44)",b'using ViewEventEmitter::ViewEventEmitter;'
react-native,../repos/react-native/packages/react-native/ReactCommon/react/renderer/components/textinput/platform/android/react/renderer/components/androidtextinput/AndroidTextInputShadowNode.cpp,"(23, 1)-(23, 31)",b'using namespace facebook::jni;'
react-native,../repos/react-native/packages/react-native/ReactCommon/react/renderer/components/textinput/platform/android/react/renderer/components/androidtextinput/AndroidTextInputEventEmitter.h,"(22, 3)-(22, 44)",b'using ViewEventEmitter::ViewEventEmitter;'
react-native,../repos/react-native/packages/react-native/ReactCommon/react/renderer/components/textinput/platform/android/react/renderer/components/androidtextinput/AndroidTextInputShadowNode.h,"(39, 3)-(39, 56)",b'using ConcreteViewShadowNode::ConcreteViewSha...'
react-native,../repos/react-native/packages/react-native/ReactCommon/react/renderer/components/unimplementedview/UnimplementedViewComponentDescriptor.h,"(22, 3)-(22, 66)",b'using ConcreteComponentDescriptor::ConcreteCo...'
react-native,../repos/react-native/packages/react-native/ReactCommon/react/renderer/components/unimplementedview/UnimplementedViewProps.h,"(21, 3)-(21, 30)",b'using ViewProps::ViewProps;'
react-native,../repos/react-native/packages/react-native/ReactCommon/react/bridging/Convert.h,"(98, 3)-(98, 41)",b'using ConverterBase<T>::ConverterBase;'
react-native,../repos/react-native/packages/react-native/ReactCommon/react/bridging/Convert.h,"(103, 3)-(103, 50)",b'using ConverterBase<jsi::Value>::ConverterBase;'
react-native,../repos/react-native/packages/react-native/ReactCommon/react/bridging/Convert.h,"(124, 3)-(124, 51)",b'using ConverterBase<jsi::Object>::ConverterBase;'
react-native,../repos/react-native/packages/react-native/ReactCommon/react/bridging/tests/BridgingTest.cpp,"(12, 1)-(12, 31)",b'using namespace std::literals;'
react-native,../repos/react-native/packages/react-native/ReactCommon/react/bridging/tests/ClassTest.cpp,"(12, 1)-(12, 31)",b'using namespace std::literals;'
react-native,../repos/react-native/packages/react-native/ReactCommon/jsinspector-modern/tests/UniquePtrFactoryTest.cpp,"(12, 1)-(12, 27)",b'using namespace ::testing;'
react-native,../repos/react-native/packages/react-native/ReactCommon/jsinspector-modern/tests/InspectorMocks.h,"(88, 5)-(88, 29)",b'using namespace testing;'
react-native,../repos/react-native/packages/react-native/ReactCommon/jsinspector-modern/tests/PageTargetTest.cpp,"(22, 1)-(22, 27)",b'using namespace ::testing;'
react-native,../repos/react-native/packages/react-native/ReactCommon/jsinspector-modern/tests/InspectorPackagerConnectionTest.cpp,"(26, 1)-(26, 27)",b'using namespace ::testing;'
react-native,../repos/react-native/packages/react-native/ReactCommon/jsinspector-modern/tests/InspectorPackagerConnectionTest.cpp,"(27, 1)-(27, 48)",b'using namespace std::literals::chrono_literals;'
react-native,../repos/react-native/packages/react-native/ReactCommon/jsinspector-modern/tests/InspectorPackagerConnectionTest.cpp,"(28, 1)-(28, 48)",b'using namespace std::literals::string_literals;'
react-native,../repos/react-native/packages/react-native/ReactCommon/jsinspector-modern/tests/InspectorPackagerConnectionTest.cpp,"(29, 1)-(30, 20)","b'using folly::dynamic, folly::parseJson, folly...'"
react-native,../repos/react-native/packages/react-native/ReactCommon/jsinspector-modern/tests/FollyDynamicMatchers.h,"(37, 3)-(37, 29)",b'using namespace ::testing;'
react-native,../repos/react-native/packages/react-native/ReactCommon/jsinspector-modern/tests/FollyDynamicMatchers.h,"(38, 3)-(38, 48)",b'using namespace folly_dynamic_matchers_utils;'
react-native,../repos/react-native/packages/react-native/ReactCommon/jsinspector-modern/tests/FollyDynamicMatchers.h,"(53, 3)-(53, 29)",b'using namespace ::testing;'
react-native,../repos/react-native/packages/react-native/ReactCommon/jsinspector-modern/tests/FollyDynamicMatchers.h,"(68, 3)-(68, 29)",b'using namespace ::testing;'
react-native,../repos/react-native/packages/react-native/ReactCommon/jsinspector-modern/tests/FollyDynamicMatchers.h,"(69, 3)-(69, 48)",b'using namespace folly_dynamic_matchers_utils;'
react-native,../repos/react-native/packages/react-native/ReactCommon/jsinspector-modern/PageAgent.cpp,"(14, 1)-(14, 29)",b'using namespace std::chrono;'
react-native,../repos/react-native/packages/react-native/ReactCommon/jsinspector-modern/PageAgent.cpp,"(15, 1)-(15, 53)",b'using namespace std::literals::string_view_li...'
react-native,../repos/react-native/packages/react-native/ReactCommon/jsinspector-modern/InspectorPackagerConnection.cpp,"(18, 1)-(18, 31)",b'using namespace std::literals;'
react-native,../repos/react-native/packages/react-native/ReactCommon/yoga/yoga/YGNodeLayout.cpp,"(13, 1)-(13, 26)",b'using namespace facebook;'
react-native,../repos/react-native/packages/react-native/ReactCommon/yoga/yoga/YGNodeLayout.cpp,"(14, 1)-(14, 32)",b'using namespace facebook::yoga;'
react-native,../repos/react-native/packages/react-native/ReactCommon/yoga/yoga/YGNodeStyle.cpp,"(12, 1)-(12, 26)",b'using namespace facebook;'
react-native,../repos/react-native/packages/react-native/ReactCommon/yoga/yoga/YGNodeStyle.cpp,"(13, 1)-(13, 32)",b'using namespace facebook::yoga;'
react-native,../repos/react-native/packages/react-native/ReactCommon/yoga/yoga/YGValue.cpp,"(11, 1)-(11, 26)",b'using namespace facebook;'
react-native,../repos/react-native/packages/react-native/ReactCommon/yoga/yoga/YGValue.cpp,"(12, 1)-(12, 32)",b'using namespace facebook::yoga;'
react-native,../repos/react-native/packages/react-native/ReactCommon/yoga/yoga/YGPixelGrid.cpp,"(12, 1)-(12, 26)",b'using namespace facebook;'
react-native,../repos/react-native/packages/react-native/ReactCommon/yoga/yoga/YGPixelGrid.cpp,"(13, 1)-(13, 32)",b'using namespace facebook::yoga;'
react-native,../repos/react-native/packages/react-native/ReactCommon/yoga/yoga/YGConfig.cpp,"(12, 1)-(12, 26)",b'using namespace facebook;'
react-native,../repos/react-native/packages/react-native/ReactCommon/yoga/yoga/YGConfig.cpp,"(13, 1)-(13, 32)",b'using namespace facebook::yoga;'
react-native,../repos/react-native/packages/react-native/ReactCommon/yoga/yoga/YGNode.cpp,"(18, 1)-(18, 26)",b'using namespace facebook;'
react-native,../repos/react-native/packages/react-native/ReactCommon/yoga/yoga/YGNode.cpp,"(19, 1)-(19, 32)",b'using namespace facebook::yoga;'
