Repo name,File name,Location,Content
react-native,../repos/react-native/packages/react-native/ReactAndroid/src/main/jni/first-party/fb/include/fb/RefPtr.h,"(178, 3)-(178, 23)",b'friend class RefPtr;'
react-native,../repos/react-native/packages/react-native/ReactAndroid/src/main/jni/first-party/fb/include/fb/Countable.h,"(41, 3)-(41, 23)",b'friend class RefPtr;'
react-native,../repos/react-native/packages/react-native/ReactAndroid/src/main/jni/react/jscexecutor/OnLoad.cpp,"(69, 3)-(69, 21)",b'friend HybridBase;'
react-native,../repos/react-native/packages/react-native/ReactAndroid/src/main/jni/react/runtime/jsc/jni/OnLoad.cpp,"(39, 3)-(39, 21)",b'friend HybridBase;'
react-native,../repos/react-native/packages/react-native/ReactAndroid/src/main/jni/react/runtime/jni/JJSRuntimeFactory.h,"(23, 3)-(23, 21)",b'friend HybridBase;'
react-native,../repos/react-native/packages/react-native/ReactAndroid/src/main/jni/react/runtime/jni/JJSTimerExecutor.h,"(32, 3)-(32, 21)",b'friend HybridBase;'
react-native,../repos/react-native/packages/react-native/ReactAndroid/src/main/jni/react/runtime/jni/JBindingsInstaller.h,"(28, 3)-(28, 21)",b'friend HybridBase;'
react-native,../repos/react-native/packages/react-native/ReactAndroid/src/main/jni/react/runtime/jni/JReactInstance.h,"(83, 3)-(83, 21)",b'friend HybridBase;'
react-native,../repos/react-native/packages/react-native/ReactAndroid/src/main/jni/react/runtime/hermes/jni/JHermesInstance.h,"(44, 3)-(44, 21)",b'friend HybridBase;'
react-native,../repos/react-native/packages/react-native/ReactAndroid/src/main/jni/react/runtime/cxxreactpackage/ReactCommon/CxxReactPackage.h,"(28, 3)-(28, 21)",b'friend HybridBase;'
react-native,../repos/react-native/packages/react-native/ReactAndroid/src/main/jni/react/newarchdefaults/DefaultTurboModuleManagerDelegate.h,"(51, 3)-(51, 21)",b'friend HybridBase;'
react-native,../repos/react-native/packages/react-native/ReactAndroid/src/main/jni/react/newarchdefaults/DefaultComponentsRegistry.h,"(33, 3)-(33, 21)",b'friend HybridBase;'
react-native,../repos/react-native/packages/react-native/ReactAndroid/src/main/jni/react/fabric/CoreComponentsRegistry.h,"(31, 3)-(31, 21)",b'friend HybridBase;'
react-native,../repos/react-native/packages/react-native/ReactAndroid/src/main/jni/react/reactperflogger/reactperflogger/JNativeModulePerfLogger.h,"(25, 3)-(25, 21)",b'friend HybridBase;'
react-native,../repos/react-native/packages/react-native/ReactAndroid/src/main/jni/react/jni/JRuntimeExecutor.h,"(23, 3)-(23, 21)",b'friend HybridBase;'
react-native,../repos/react-native/packages/react-native/ReactAndroid/src/main/jni/react/jni/CatalystInstanceImpl.h,"(48, 3)-(48, 21)",b'friend HybridBase;'
react-native,../repos/react-native/packages/react-native/ReactAndroid/src/main/jni/react/jni/NativeMap.h,"(35, 3)-(35, 21)",b'friend HybridBase;'
react-native,../repos/react-native/packages/react-native/ReactAndroid/src/main/jni/react/jni/OnLoad.cpp,"(63, 3)-(63, 21)",b'friend HybridBase;'
react-native,../repos/react-native/packages/react-native/ReactAndroid/src/main/jni/react/jni/NativeArray.h,"(35, 3)-(35, 21)",b'friend HybridBase;'
react-native,../repos/react-native/packages/react-native/ReactAndroid/src/main/jni/react/jni/CxxModuleWrapper.h,"(30, 3)-(30, 21)",b'friend HybridBase;'
react-native,../repos/react-native/packages/react-native/ReactAndroid/src/main/jni/react/jni/JInspector.h,"(69, 3)-(69, 21)",b'friend HybridBase;'
react-native,../repos/react-native/packages/react-native/ReactAndroid/src/main/jni/react/jni/JRuntimeScheduler.h,"(23, 3)-(23, 21)",b'friend HybridBase;'
react-native,../repos/react-native/packages/react-native/ReactAndroid/src/main/jni/react/jni/WritableNativeMap.h,"(45, 3)-(45, 21)",b'friend HybridBase;'
react-native,../repos/react-native/packages/react-native/ReactAndroid/src/main/jni/react/jni/JCallback.h,"(38, 3)-(38, 21)",b'friend HybridBase;'
react-native,../repos/react-native/packages/react-native/ReactAndroid/src/main/jni/react/jni/ReadableNativeMap.h,"(47, 3)-(47, 21)",b'friend HybridBase;'
react-native,../repos/react-native/packages/react-native/ReactAndroid/src/main/jni/react/jni/ReadableNativeMap.h,"(48, 3)-(48, 35)",b'friend struct WritableNativeMap;'
react-native,../repos/react-native/packages/react-native/ReactAndroid/src/main/jni/react/jni/ReadableNativeArray.h,"(25, 3)-(25, 21)",b'friend HybridBase;'
react-native,../repos/react-native/packages/react-native/ReactAndroid/src/main/jni/react/devsupport/JCxxInspectorPackagerConnection.h,"(38, 3)-(38, 21)",b'friend HybridBase;'
react-native,../repos/react-native/packages/react-native/ReactAndroid/src/main/jni/react/devsupport/JCxxInspectorPackagerConnectionWebSocketDelegate.h,"(45, 3)-(45, 21)",b'friend HybridBase;'
react-native,../repos/react-native/packages/react-native/ReactAndroid/src/main/jni/react/turbomodule/ReactCommon/TurboModuleManagerDelegate.h,"(32, 3)-(32, 21)",b'friend HybridBase;'
react-native,../repos/react-native/packages/react-native/ReactAndroid/src/main/jni/react/turbomodule/ReactCommon/NativeMethodCallInvokerHolder.h,"(26, 3)-(26, 21)",b'friend HybridBase;'
react-native,../repos/react-native/packages/react-native/ReactAndroid/src/main/jni/react/turbomodule/ReactCommon/CallInvokerHolder.h,"(25, 3)-(25, 21)",b'friend HybridBase;'
react-native,../repos/react-native/packages/react-native/ReactAndroid/src/main/jni/react/turbomodule/ReactCommon/TurboModuleManager.h,"(40, 3)-(40, 21)",b'friend HybridBase;'
react-native,../repos/react-native/packages/react-native/ReactAndroid/src/main/jni/react/turbomodule/ReactCommon/CompositeTurboModuleManagerDelegate.h,"(39, 3)-(39, 21)",b'friend HybridBase;'
react-native,../repos/react-native/packages/react-native/ReactAndroid/src/main/jni/react/hermes/reactexecutor/OnLoad.cpp,"(102, 3)-(102, 21)",b'friend HybridBase;'
react-native,../repos/react-native/packages/react-native/ReactAndroid/src/main/jni/react/uimanager/UIConstantsProviderManager.h,"(90, 3)-(90, 21)",b'friend HybridBase;'
react-native,../repos/react-native/packages/react-native/ReactAndroid/src/main/jni/react/uimanager/ComponentNameResolverManager.h,"(35, 3)-(35, 21)",b'friend HybridBase;'
react-native,../repos/react-native/packages/react-native/ReactAndroid/src/main/jni/react/reactnativeblob/BlobCollector.h,"(32, 3)-(32, 21)",b'friend HybridBase;'
react-native,../repos/react-native/packages/react-native/ReactCommon/jsc/JSCRuntime.cpp,"(77, 3)-(77, 38)",b'friend class detail::ArgsConverter;'
react-native,../repos/react-native/packages/react-native/ReactCommon/jsc/JSCRuntime.cpp,"(102, 5)-(102, 29)",b'friend class JSCRuntime;'
react-native,../repos/react-native/packages/react-native/ReactCommon/jsc/JSCRuntime.cpp,"(118, 5)-(118, 29)",b'friend class JSCRuntime;'
react-native,../repos/react-native/packages/react-native/ReactCommon/jsc/JSCRuntime.cpp,"(141, 5)-(141, 29)",b'friend class JSCRuntime;'
react-native,../repos/react-native/packages/react-native/ReactCommon/cxxreact/NativeToJsBridge.h,"(40, 3)-(40, 33)",b'friend class JsToNativeBridge;'
react-native,../repos/react-native/packages/react-native/ReactCommon/jsi/jsi/jsi.h,"(405, 3)-(405, 33)",b'friend class RuntimeDecorator;'
react-native,../repos/react-native/packages/react-native/ReactCommon/jsi/jsi/decorator.h,"(41, 3)-(41, 33)",b'friend class RuntimeDecorator;'
react-native,../repos/react-native/packages/react-native/ReactCommon/jsi/jsi/decorator.h,"(83, 3)-(83, 33)",b'friend class RuntimeDecorator;'
react-native,../repos/react-native/packages/react-native/ReactCommon/react/nativemodule/core/ReactCommon/TurboModuleBinding.h,"(43, 3)-(43, 38)",b'friend BridgelessNativeModuleProxy;'
react-native,../repos/react-native/packages/react-native/ReactCommon/react/renderer/runtimescheduler/Task.h,"(37, 3)-(37, 34)",b'friend RuntimeScheduler_Legacy;'
react-native,../repos/react-native/packages/react-native/ReactCommon/react/renderer/runtimescheduler/Task.h,"(38, 3)-(38, 34)",b'friend RuntimeScheduler_Modern;'
react-native,../repos/react-native/packages/react-native/ReactCommon/react/renderer/runtimescheduler/Task.h,"(39, 3)-(39, 31)",b'friend TaskPriorityComparer;'
react-native,../repos/react-native/packages/react-native/ReactCommon/react/renderer/scheduler/SurfaceHandler.h,"(149, 3)-(149, 26)",b'friend class Scheduler;'
react-native,../repos/react-native/packages/react-native/ReactCommon/react/renderer/scheduler/Scheduler.h,"(115, 3)-(115, 31)",b'friend class SurfaceHandler;'
react-native,../repos/react-native/packages/react-native/ReactCommon/react/renderer/element/Element.h,"(158, 3)-(158, 33)",b'friend class ComponentBuilder;'
react-native,../repos/react-native/packages/react-native/ReactCommon/react/renderer/mounting/MountingCoordinator.h,"(99, 3)-(99, 27)",b'friend class ShadowTree;'
react-native,../repos/react-native/packages/react-native/ReactCommon/react/renderer/mounting/TelemetryController.h,"(29, 3)-(29, 36)",b'friend class MountingCoordinator;'
react-native,../repos/react-native/packages/react-native/ReactCommon/react/renderer/mounting/ShadowTreeRevision.h,"(30, 3)-(30, 27)",b'friend class ShadowTree;'
react-native,../repos/react-native/packages/react-native/ReactCommon/react/renderer/mounting/ShadowTreeRevision.h,"(31, 3)-(31, 36)",b'friend class MountingCoordinator;'
react-native,../repos/react-native/packages/react-native/ReactCommon/react/renderer/mounting/StubViewTree.h,"(41, 3)-(41, 76)",b'friend bool operator==(const StubViewTree& lh...'
react-native,../repos/react-native/packages/react-native/ReactCommon/react/renderer/mounting/StubViewTree.h,"(42, 3)-(42, 76)",b'friend bool operator!=(const StubViewTree& lh...'
react-native,../repos/react-native/packages/react-native/ReactCommon/react/renderer/mapbuffer/MapBuffer.h,"(150, 3)-(150, 29)",b'friend JReadableMapBuffer;'
react-native,../repos/react-native/packages/react-native/ReactCommon/react/renderer/timeline/TimelineHandler.h,"(55, 3)-(55, 35)",b'friend class TimelineController;'
react-native,../repos/react-native/packages/react-native/ReactCommon/react/renderer/timeline/Timeline.h,"(23, 3)-(23, 32)",b'friend class TimelineHandler;'
react-native,../repos/react-native/packages/react-native/ReactCommon/react/renderer/timeline/Timeline.h,"(24, 3)-(24, 35)",b'friend class TimelineController;'
react-native,../repos/react-native/packages/react-native/ReactCommon/react/renderer/timeline/TimelineFrame.h,"(22, 3)-(22, 33)",b'friend class TimelineSnapshot;'
react-native,../repos/react-native/packages/react-native/ReactCommon/react/renderer/graphics/Point.h,"(42, 3)-(44, 4)","b'friend Point operator+(Point lhs, const Point...'"
react-native,../repos/react-native/packages/react-native/ReactCommon/react/renderer/graphics/Point.h,"(46, 3)-(48, 4)","b'friend Point operator-(Point lhs, const Point...'"
react-native,../repos/react-native/packages/react-native/ReactCommon/react/renderer/core/RawValue.h,"(69, 3)-(69, 25)",b'friend class RawProps;'
react-native,../repos/react-native/packages/react-native/ReactCommon/react/renderer/core/RawValue.h,"(70, 3)-(70, 31)",b'friend class RawPropsParser;'
react-native,../repos/react-native/packages/react-native/ReactCommon/react/renderer/core/RawValue.h,"(71, 3)-(71, 33)",b'friend class UIManagerBinding;'
react-native,../repos/react-native/packages/react-native/ReactCommon/react/renderer/core/State.h,"(74, 3)-(74, 33)",b'friend class ShadowNodeFamily;'
react-native,../repos/react-native/packages/react-native/ReactCommon/react/renderer/core/State.h,"(75, 3)-(75, 26)",b'friend class UIManager;'
react-native,../repos/react-native/packages/react-native/ReactCommon/react/renderer/core/RawPropsParser.h,"(55, 3)-(55, 36)",b'friend class ComponentDescriptor;'
react-native,../repos/react-native/packages/react-native/ReactCommon/react/renderer/core/RawPropsParser.h,"(57, 3)-(57, 44)",b'friend class ConcreteComponentDescriptor;'
react-native,../repos/react-native/packages/react-native/ReactCommon/react/renderer/core/RawPropsParser.h,"(58, 3)-(58, 25)",b'friend class RawProps;'
react-native,../repos/react-native/packages/react-native/ReactCommon/react/renderer/core/EventEmitter.h,"(97, 3)-(97, 33)",b'friend class UIManagerBinding;'
react-native,../repos/react-native/packages/react-native/ReactCommon/react/renderer/core/ComponentDescriptor.h,"(133, 3)-(133, 21)",b'friend ShadowNode;'
react-native,../repos/react-native/packages/react-native/ReactCommon/react/renderer/core/ShadowNode.h,"(209, 3)-(209, 27)",b'friend ShadowNodeFamily;'
react-native,../repos/react-native/packages/react-native/ReactCommon/react/renderer/core/RawProps.h,"(107, 3)-(107, 31)",b'friend class RawPropsParser;'
react-native,../repos/react-native/packages/react-native/ReactCommon/react/renderer/core/ShadowNodeFamily.h,"(110, 3)-(110, 21)",b'friend ShadowNode;'
react-native,../repos/react-native/packages/react-native/ReactCommon/react/renderer/core/ShadowNodeFamily.h,"(111, 3)-(111, 16)",b'friend State;'
react-native,../repos/react-native/packages/react-native/ReactCommon/react/renderer/uimanager/UIManager.h,"(212, 3)-(212, 33)",b'friend class UIManagerBinding;'
react-native,../repos/react-native/packages/react-native/ReactCommon/react/renderer/uimanager/UIManager.h,"(213, 3)-(213, 26)",b'friend class Scheduler;'
react-native,../repos/react-native/packages/react-native/ReactCommon/react/renderer/uimanager/UIManager.h,"(214, 3)-(214, 31)",b'friend class SurfaceHandler;'
react-native,../repos/react-native/packages/react-native/ReactCommon/react/renderer/componentregistry/ComponentDescriptorProviderRegistry.h,"(57, 3)-(57, 44)",b'friend class ComponentDescriptorRegistry;'
react-native,../repos/react-native/packages/react-native/ReactCommon/react/renderer/componentregistry/ComponentDescriptorRegistry.h,"(62, 3)-(62, 52)",b'friend class ComponentDescriptorProviderRegistry;'
react-native,../repos/react-native/packages/react-native/ReactCommon/react/bridging/Function.h,"(58, 3)-(58, 34)",b'friend Bridging<AsyncCallback>;'
react-native,../repos/react-native/packages/react-native/ReactCommon/react/bridging/Function.h,"(160, 3)-(160, 33)",b'friend AsyncCallback<Args...>;'
react-native,../repos/react-native/packages/react-native/ReactCommon/react/bridging/Function.h,"(161, 3)-(161, 33)",b'friend Bridging<SyncCallback>;'
react-native,../repos/react-native/packages/react-native/ReactCommon/react/bridging/tests/BridgingTest.h,"(29, 3)-(29, 29)",b'friend class BridgingTest;'
react-native,../repos/react-native/packages/react-native/ReactCommon/jsinspector-modern/tests/UniquePtrFactory.h,"(86, 3)-(86, 23)",b'friend class Facade;'
react-native,../repos/react-native/packages/react-native/ReactCommon/yoga/yoga/style/StyleValueHandle.h,"(53, 3)-(53, 31)",b'friend class StyleValuePool;'
