Repo name,File name,Location,Content
react-native,../repos/react-native/packages/react-native/Libraries/FBLazyVector/FBLazyVector/FBLazyVector.h,"(68, 14)-(68, 18)",b'this'
react-native,../repos/react-native/packages/react-native/Libraries/FBLazyVector/FBLazyVector/FBLazyVector.h,"(73, 14)-(73, 18)",b'this'
react-native,../repos/react-native/packages/react-native/Libraries/FBLazyVector/FBLazyVector/FBLazyIterator.h,"(45, 42)-(45, 46)",b'this'
react-native,../repos/react-native/packages/react-native/Libraries/FBLazyVector/FBLazyVector/FBLazyIterator.h,"(54, 13)-(54, 17)",b'this'
react-native,../repos/react-native/packages/react-native/Libraries/FBLazyVector/FBLazyVector/FBLazyIterator.h,"(59, 13)-(59, 17)",b'this'
react-native,../repos/react-native/packages/react-native/Libraries/FBLazyVector/FBLazyVector/FBLazyIterator.h,"(71, 13)-(71, 17)",b'this'
react-native,../repos/react-native/packages/react-native/Libraries/FBLazyVector/FBLazyVector/FBLazyIterator.h,"(75, 17)-(75, 21)",b'this'
react-native,../repos/react-native/packages/react-native/Libraries/FBLazyVector/FBLazyVector/FBLazyIterator.h,"(76, 8)-(76, 12)",b'this'
react-native,../repos/react-native/packages/react-native/Libraries/FBLazyVector/FBLazyVector/FBLazyIterator.h,"(81, 13)-(81, 17)",b'this'
react-native,../repos/react-native/packages/react-native/Libraries/FBLazyVector/FBLazyVector/FBLazyIterator.h,"(85, 17)-(85, 21)",b'this'
react-native,../repos/react-native/packages/react-native/Libraries/FBLazyVector/FBLazyVector/FBLazyIterator.h,"(86, 8)-(86, 12)",b'this'
react-native,../repos/react-native/packages/react-native/ReactAndroid/src/main/jni/first-party/fb/include/fb/RefPtr.h,"(66, 6)-(66, 10)",b'this'
react-native,../repos/react-native/packages/react-native/ReactAndroid/src/main/jni/first-party/fb/include/fb/RefPtr.h,"(77, 6)-(77, 10)",b'this'
react-native,../repos/react-native/packages/react-native/ReactAndroid/src/main/jni/first-party/fb/include/fb/RefPtr.h,"(91, 13)-(91, 17)",b'this'
react-native,../repos/react-native/packages/react-native/ReactAndroid/src/main/jni/first-party/fb/include/fb/RefPtr.h,"(100, 13)-(100, 17)",b'this'
react-native,../repos/react-native/packages/react-native/ReactAndroid/src/main/jni/first-party/fb/include/fb/RefPtr.h,"(108, 13)-(108, 17)",b'this'
react-native,../repos/react-native/packages/react-native/ReactAndroid/src/main/jni/first-party/fb/include/fb/Countable.h,"(32, 14)-(32, 18)",b'this'
react-native,../repos/react-native/packages/react-native/ReactAndroid/src/main/jni/first-party/yogajni/jni/YGJNI.h,"(57, 13)-(57, 17)",b'this'
react-native,../repos/react-native/packages/react-native/ReactAndroid/src/main/jni/first-party/yogajni/jni/ScopedGlobalRef.h,"(82, 13)-(82, 17)",b'this'
react-native,../repos/react-native/packages/react-native/ReactAndroid/src/main/jni/first-party/yogajni/jni/ScopedLocalRef.h,"(81, 13)-(81, 17)",b'this'
react-native,../repos/react-native/packages/react-native/ReactAndroid/src/main/jni/first-party/jni-hack/real/jni.h,"(514, 34)-(514, 38)",b'this'
react-native,../repos/react-native/packages/react-native/ReactAndroid/src/main/jni/first-party/jni-hack/real/jni.h,"(522, 35)-(522, 39)",b'this'
react-native,../repos/react-native/packages/react-native/ReactAndroid/src/main/jni/first-party/jni-hack/real/jni.h,"(526, 33)-(526, 37)",b'this'
react-native,../repos/react-native/packages/react-native/ReactAndroid/src/main/jni/first-party/jni-hack/real/jni.h,"(530, 43)-(530, 47)",b'this'
react-native,../repos/react-native/packages/react-native/ReactAndroid/src/main/jni/first-party/jni-hack/real/jni.h,"(534, 42)-(534, 46)",b'this'
react-native,../repos/react-native/packages/react-native/ReactAndroid/src/main/jni/first-party/jni-hack/real/jni.h,"(538, 41)-(538, 45)",b'this'
react-native,../repos/react-native/packages/react-native/ReactAndroid/src/main/jni/first-party/jni-hack/real/jni.h,"(542, 37)-(542, 41)",b'this'
react-native,../repos/react-native/packages/react-native/ReactAndroid/src/main/jni/first-party/jni-hack/real/jni.h,"(546, 40)-(546, 44)",b'this'
react-native,../repos/react-native/packages/react-native/ReactAndroid/src/main/jni/first-party/jni-hack/real/jni.h,"(550, 40)-(550, 44)",b'this'
react-native,../repos/react-native/packages/react-native/ReactAndroid/src/main/jni/first-party/jni-hack/real/jni.h,"(554, 29)-(554, 33)",b'this'
react-native,../repos/react-native/packages/react-native/ReactAndroid/src/main/jni/first-party/jni-hack/real/jni.h,"(558, 32)-(558, 36)",b'this'
react-native,../repos/react-native/packages/react-native/ReactAndroid/src/main/jni/first-party/jni-hack/real/jni.h,"(562, 41)-(562, 45)",b'this'
react-native,../repos/react-native/packages/react-native/ReactAndroid/src/main/jni/first-party/jni-hack/real/jni.h,"(566, 34)-(566, 38)",b'this'
react-native,../repos/react-native/packages/react-native/ReactAndroid/src/main/jni/first-party/jni-hack/real/jni.h,"(570, 31)-(570, 35)",b'this'
react-native,../repos/react-native/packages/react-native/ReactAndroid/src/main/jni/first-party/jni-hack/real/jni.h,"(574, 27)-(574, 31)",b'this'
react-native,../repos/react-native/packages/react-native/ReactAndroid/src/main/jni/first-party/jni-hack/real/jni.h,"(578, 38)-(578, 42)",b'this'
react-native,../repos/react-native/packages/react-native/ReactAndroid/src/main/jni/first-party/jni-hack/real/jni.h,"(582, 37)-(582, 41)",b'this'
react-native,../repos/react-native/packages/react-native/ReactAndroid/src/main/jni/first-party/jni-hack/real/jni.h,"(586, 36)-(586, 40)",b'this'
react-native,../repos/react-native/packages/react-native/ReactAndroid/src/main/jni/first-party/jni-hack/real/jni.h,"(590, 32)-(590, 36)",b'this'
react-native,../repos/react-native/packages/react-native/ReactAndroid/src/main/jni/first-party/jni-hack/real/jni.h,"(594, 31)-(594, 35)",b'this'
react-native,../repos/react-native/packages/react-native/ReactAndroid/src/main/jni/first-party/jni-hack/real/jni.h,"(598, 36)-(598, 40)",b'this'
react-native,../repos/react-native/packages/react-native/ReactAndroid/src/main/jni/first-party/jni-hack/real/jni.h,"(602, 35)-(602, 39)",b'this'
react-native,../repos/react-native/packages/react-native/ReactAndroid/src/main/jni/first-party/jni-hack/real/jni.h,"(606, 43)-(606, 47)",b'this'
react-native,../repos/react-native/packages/react-native/ReactAndroid/src/main/jni/first-party/jni-hack/real/jni.h,"(610, 35)-(610, 39)",b'this'
react-native,../repos/react-native/packages/react-native/ReactAndroid/src/main/jni/first-party/jni-hack/real/jni.h,"(616, 44)-(616, 48)",b'this'
react-native,../repos/react-native/packages/react-native/ReactAndroid/src/main/jni/first-party/jni-hack/real/jni.h,"(622, 34)-(622, 38)",b'this'
react-native,../repos/react-native/packages/react-native/ReactAndroid/src/main/jni/first-party/jni-hack/real/jni.h,"(626, 34)-(626, 38)",b'this'
react-native,../repos/react-native/packages/react-native/ReactAndroid/src/main/jni/first-party/jni-hack/real/jni.h,"(630, 38)-(630, 42)",b'this'
react-native,../repos/react-native/packages/react-native/ReactAndroid/src/main/jni/first-party/jni-hack/real/jni.h,"(634, 36)-(634, 40)",b'this'
react-native,../repos/react-native/packages/react-native/ReactAndroid/src/main/jni/first-party/jni-hack/real/jni.h,"(638, 35)-(638, 39)",b'this'
react-native,../repos/react-native/packages/react-native/ReactAndroid/src/main/jni/first-party/jni-hack/real/jni.h,"(679, 32)-(679, 36)",b'this'
react-native,../repos/react-native/packages/react-native/ReactAndroid/src/main/jni/first-party/jni-hack/real/jni.h,"(683, 32)-(683, 36)",b'this'
react-native,../repos/react-native/packages/react-native/ReactAndroid/src/main/jni/first-party/jni-hack/real/jni.h,"(686, 32)-(686, 36)",b'this'
react-native,../repos/react-native/packages/react-native/ReactAndroid/src/main/jni/first-party/jni-hack/real/jni.h,"(732, 42)-(732, 46)",b'this'
react-native,../repos/react-native/packages/react-native/ReactAndroid/src/main/jni/first-party/jni-hack/real/jni.h,"(740, 42)-(740, 46)",b'this'
react-native,../repos/react-native/packages/react-native/ReactAndroid/src/main/jni/first-party/jni-hack/real/jni.h,"(747, 42)-(747, 46)",b'this'
react-native,../repos/react-native/packages/react-native/ReactAndroid/src/main/jni/first-party/jni-hack/real/jni.h,"(751, 34)-(751, 38)",b'this'
react-native,../repos/react-native/packages/react-native/ReactAndroid/src/main/jni/first-party/jni-hack/real/jni.h,"(755, 38)-(755, 42)",b'this'
react-native,../repos/react-native/packages/react-native/ReactAndroid/src/main/jni/first-party/jni-hack/real/jni.h,"(758, 39)-(758, 43)",b'this'
react-native,../repos/react-native/packages/react-native/ReactAndroid/src/main/jni/first-party/jni-hack/real/jni.h,"(761, 36)-(761, 40)",b'this'
react-native,../repos/react-native/packages/react-native/ReactAndroid/src/main/jni/first-party/jni-hack/real/jni.h,"(764, 36)-(764, 40)",b'this'
react-native,../repos/react-native/packages/react-native/ReactAndroid/src/main/jni/first-party/jni-hack/real/jni.h,"(767, 37)-(767, 41)",b'this'
react-native,../repos/react-native/packages/react-native/ReactAndroid/src/main/jni/first-party/jni-hack/real/jni.h,"(770, 35)-(770, 39)",b'this'
react-native,../repos/react-native/packages/react-native/ReactAndroid/src/main/jni/first-party/jni-hack/real/jni.h,"(773, 36)-(773, 40)",b'this'
react-native,../repos/react-native/packages/react-native/ReactAndroid/src/main/jni/first-party/jni-hack/real/jni.h,"(776, 37)-(776, 41)",b'this'
react-native,../repos/react-native/packages/react-native/ReactAndroid/src/main/jni/first-party/jni-hack/real/jni.h,"(779, 38)-(779, 42)",b'this'
react-native,../repos/react-native/packages/react-native/ReactAndroid/src/main/jni/first-party/jni-hack/real/jni.h,"(783, 31)-(783, 35)",b'this'
react-native,../repos/react-native/packages/react-native/ReactAndroid/src/main/jni/first-party/jni-hack/real/jni.h,"(786, 32)-(786, 36)",b'this'
react-native,../repos/react-native/packages/react-native/ReactAndroid/src/main/jni/first-party/jni-hack/real/jni.h,"(789, 29)-(789, 33)",b'this'
react-native,../repos/react-native/packages/react-native/ReactAndroid/src/main/jni/first-party/jni-hack/real/jni.h,"(792, 29)-(792, 33)",b'this'
react-native,../repos/react-native/packages/react-native/ReactAndroid/src/main/jni/first-party/jni-hack/real/jni.h,"(795, 30)-(795, 34)",b'this'
react-native,../repos/react-native/packages/react-native/ReactAndroid/src/main/jni/first-party/jni-hack/real/jni.h,"(798, 28)-(798, 32)",b'this'
react-native,../repos/react-native/packages/react-native/ReactAndroid/src/main/jni/first-party/jni-hack/real/jni.h,"(801, 29)-(801, 33)",b'this'
react-native,../repos/react-native/packages/react-native/ReactAndroid/src/main/jni/first-party/jni-hack/real/jni.h,"(804, 30)-(804, 34)",b'this'
react-native,../repos/react-native/packages/react-native/ReactAndroid/src/main/jni/first-party/jni-hack/real/jni.h,"(807, 31)-(807, 35)",b'this'
react-native,../repos/react-native/packages/react-native/ReactAndroid/src/main/jni/first-party/jni-hack/real/jni.h,"(811, 41)-(811, 45)",b'this'
react-native,../repos/react-native/packages/react-native/ReactAndroid/src/main/jni/first-party/jni-hack/real/jni.h,"(855, 38)-(855, 42)",b'this'
react-native,../repos/react-native/packages/react-native/ReactAndroid/src/main/jni/first-party/jni-hack/real/jni.h,"(859, 38)-(859, 42)",b'this'
react-native,../repos/react-native/packages/react-native/ReactAndroid/src/main/jni/first-party/jni-hack/real/jni.h,"(862, 38)-(862, 42)",b'this'
react-native,../repos/react-native/packages/react-native/ReactAndroid/src/main/jni/first-party/jni-hack/real/jni.h,"(866, 40)-(866, 44)",b'this'
react-native,../repos/react-native/packages/react-native/ReactAndroid/src/main/jni/first-party/jni-hack/real/jni.h,"(870, 44)-(870, 48)",b'this'
react-native,../repos/react-native/packages/react-native/ReactAndroid/src/main/jni/first-party/jni-hack/real/jni.h,"(873, 45)-(873, 49)",b'this'
react-native,../repos/react-native/packages/react-native/ReactAndroid/src/main/jni/first-party/jni-hack/real/jni.h,"(876, 42)-(876, 46)",b'this'
react-native,../repos/react-native/packages/react-native/ReactAndroid/src/main/jni/first-party/jni-hack/real/jni.h,"(879, 42)-(879, 46)",b'this'
react-native,../repos/react-native/packages/react-native/ReactAndroid/src/main/jni/first-party/jni-hack/real/jni.h,"(882, 43)-(882, 47)",b'this'
react-native,../repos/react-native/packages/react-native/ReactAndroid/src/main/jni/first-party/jni-hack/real/jni.h,"(885, 41)-(885, 45)",b'this'
react-native,../repos/react-native/packages/react-native/ReactAndroid/src/main/jni/first-party/jni-hack/real/jni.h,"(888, 42)-(888, 46)",b'this'
react-native,../repos/react-native/packages/react-native/ReactAndroid/src/main/jni/first-party/jni-hack/real/jni.h,"(891, 43)-(891, 47)",b'this'
react-native,../repos/react-native/packages/react-native/ReactAndroid/src/main/jni/first-party/jni-hack/real/jni.h,"(894, 44)-(894, 48)",b'this'
react-native,../repos/react-native/packages/react-native/ReactAndroid/src/main/jni/first-party/jni-hack/real/jni.h,"(898, 37)-(898, 41)",b'this'
react-native,../repos/react-native/packages/react-native/ReactAndroid/src/main/jni/first-party/jni-hack/real/jni.h,"(901, 38)-(901, 42)",b'this'
react-native,../repos/react-native/packages/react-native/ReactAndroid/src/main/jni/first-party/jni-hack/real/jni.h,"(904, 35)-(904, 39)",b'this'
react-native,../repos/react-native/packages/react-native/ReactAndroid/src/main/jni/first-party/jni-hack/real/jni.h,"(907, 35)-(907, 39)",b'this'
react-native,../repos/react-native/packages/react-native/ReactAndroid/src/main/jni/first-party/jni-hack/real/jni.h,"(910, 36)-(910, 40)",b'this'
react-native,../repos/react-native/packages/react-native/ReactAndroid/src/main/jni/first-party/jni-hack/real/jni.h,"(913, 34)-(913, 38)",b'this'
react-native,../repos/react-native/packages/react-native/ReactAndroid/src/main/jni/first-party/jni-hack/real/jni.h,"(916, 35)-(916, 39)",b'this'
react-native,../repos/react-native/packages/react-native/ReactAndroid/src/main/jni/first-party/jni-hack/real/jni.h,"(919, 36)-(919, 40)",b'this'
react-native,../repos/react-native/packages/react-native/ReactAndroid/src/main/jni/first-party/jni-hack/real/jni.h,"(922, 37)-(922, 41)",b'this'
react-native,../repos/react-native/packages/react-native/ReactAndroid/src/main/jni/first-party/jni-hack/real/jni.h,"(926, 33)-(926, 37)",b'this'
react-native,../repos/react-native/packages/react-native/ReactAndroid/src/main/jni/first-party/jni-hack/real/jni.h,"(930, 39)-(930, 43)",b'this'
react-native,../repos/react-native/packages/react-native/ReactAndroid/src/main/jni/first-party/jni-hack/real/jni.h,"(934, 38)-(934, 42)",b'this'
react-native,../repos/react-native/packages/react-native/ReactAndroid/src/main/jni/first-party/jni-hack/real/jni.h,"(938, 35)-(938, 39)",b'this'
react-native,../repos/react-native/packages/react-native/ReactAndroid/src/main/jni/first-party/jni-hack/real/jni.h,"(942, 36)-(942, 40)",b'this'
react-native,../repos/react-native/packages/react-native/ReactAndroid/src/main/jni/first-party/jni-hack/real/jni.h,"(946, 42)-(946, 46)",b'this'
react-native,../repos/react-native/packages/react-native/ReactAndroid/src/main/jni/first-party/jni-hack/real/jni.h,"(950, 41)-(950, 45)",b'this'
react-native,../repos/react-native/packages/react-native/ReactAndroid/src/main/jni/first-party/jni-hack/real/jni.h,"(954, 38)-(954, 42)",b'this'
react-native,../repos/react-native/packages/react-native/ReactAndroid/src/main/jni/first-party/jni-hack/real/jni.h,"(958, 38)-(958, 42)",b'this'
react-native,../repos/react-native/packages/react-native/ReactAndroid/src/main/jni/first-party/jni-hack/real/jni.h,"(964, 9)-(964, 13)",b'this'
react-native,../repos/react-native/packages/react-native/ReactAndroid/src/main/jni/first-party/jni-hack/real/jni.h,"(968, 45)-(968, 49)",b'this'
react-native,../repos/react-native/packages/react-native/ReactAndroid/src/main/jni/first-party/jni-hack/real/jni.h,"(972, 38)-(972, 42)",b'this'
react-native,../repos/react-native/packages/react-native/ReactAndroid/src/main/jni/first-party/jni-hack/real/jni.h,"(976, 39)-(976, 43)",b'this'
react-native,../repos/react-native/packages/react-native/ReactAndroid/src/main/jni/first-party/jni-hack/real/jni.h,"(979, 36)-(979, 40)",b'this'
react-native,../repos/react-native/packages/react-native/ReactAndroid/src/main/jni/first-party/jni-hack/real/jni.h,"(982, 36)-(982, 40)",b'this'
react-native,../repos/react-native/packages/react-native/ReactAndroid/src/main/jni/first-party/jni-hack/real/jni.h,"(985, 37)-(985, 41)",b'this'
react-native,../repos/react-native/packages/react-native/ReactAndroid/src/main/jni/first-party/jni-hack/real/jni.h,"(988, 35)-(988, 39)",b'this'
react-native,../repos/react-native/packages/react-native/ReactAndroid/src/main/jni/first-party/jni-hack/real/jni.h,"(991, 36)-(991, 40)",b'this'
react-native,../repos/react-native/packages/react-native/ReactAndroid/src/main/jni/first-party/jni-hack/real/jni.h,"(994, 37)-(994, 41)",b'this'
react-native,../repos/react-native/packages/react-native/ReactAndroid/src/main/jni/first-party/jni-hack/real/jni.h,"(997, 38)-(997, 42)",b'this'
react-native,../repos/react-native/packages/react-native/ReactAndroid/src/main/jni/first-party/jni-hack/real/jni.h,"(1001, 47)-(1001, 51)",b'this'
react-native,../repos/react-native/packages/react-native/ReactAndroid/src/main/jni/first-party/jni-hack/real/jni.h,"(1004, 44)-(1004, 48)",b'this'
react-native,../repos/react-native/packages/react-native/ReactAndroid/src/main/jni/first-party/jni-hack/real/jni.h,"(1007, 44)-(1007, 48)",b'this'
react-native,../repos/react-native/packages/react-native/ReactAndroid/src/main/jni/first-party/jni-hack/real/jni.h,"(1010, 45)-(1010, 49)",b'this'
react-native,../repos/react-native/packages/react-native/ReactAndroid/src/main/jni/first-party/jni-hack/real/jni.h,"(1013, 43)-(1013, 47)",b'this'
react-native,../repos/react-native/packages/react-native/ReactAndroid/src/main/jni/first-party/jni-hack/real/jni.h,"(1016, 44)-(1016, 48)",b'this'
react-native,../repos/react-native/packages/react-native/ReactAndroid/src/main/jni/first-party/jni-hack/real/jni.h,"(1019, 45)-(1019, 49)",b'this'
react-native,../repos/react-native/packages/react-native/ReactAndroid/src/main/jni/first-party/jni-hack/real/jni.h,"(1022, 46)-(1022, 50)",b'this'
react-native,../repos/react-native/packages/react-native/ReactAndroid/src/main/jni/first-party/jni-hack/real/jni.h,"(1027, 44)-(1027, 48)",b'this'
react-native,../repos/react-native/packages/react-native/ReactAndroid/src/main/jni/first-party/jni-hack/real/jni.h,"(1030, 41)-(1030, 45)",b'this'
react-native,../repos/react-native/packages/react-native/ReactAndroid/src/main/jni/first-party/jni-hack/real/jni.h,"(1033, 41)-(1033, 45)",b'this'
react-native,../repos/react-native/packages/react-native/ReactAndroid/src/main/jni/first-party/jni-hack/real/jni.h,"(1036, 42)-(1036, 46)",b'this'
react-native,../repos/react-native/packages/react-native/ReactAndroid/src/main/jni/first-party/jni-hack/real/jni.h,"(1039, 40)-(1039, 44)",b'this'
react-native,../repos/react-native/packages/react-native/ReactAndroid/src/main/jni/first-party/jni-hack/real/jni.h,"(1042, 41)-(1042, 45)",b'this'
react-native,../repos/react-native/packages/react-native/ReactAndroid/src/main/jni/first-party/jni-hack/real/jni.h,"(1045, 42)-(1045, 46)",b'this'
react-native,../repos/react-native/packages/react-native/ReactAndroid/src/main/jni/first-party/jni-hack/real/jni.h,"(1049, 43)-(1049, 47)",b'this'
react-native,../repos/react-native/packages/react-native/ReactAndroid/src/main/jni/first-party/jni-hack/real/jni.h,"(1057, 38)-(1057, 42)",b'this'
react-native,../repos/react-native/packages/react-native/ReactAndroid/src/main/jni/first-party/jni-hack/real/jni.h,"(1061, 35)-(1061, 39)",b'this'
react-native,../repos/react-native/packages/react-native/ReactAndroid/src/main/jni/first-party/jni-hack/real/jni.h,"(1065, 35)-(1065, 39)",b'this'
react-native,../repos/react-native/packages/react-native/ReactAndroid/src/main/jni/first-party/jni-hack/real/jni.h,"(1069, 36)-(1069, 40)",b'this'
react-native,../repos/react-native/packages/react-native/ReactAndroid/src/main/jni/first-party/jni-hack/real/jni.h,"(1072, 34)-(1072, 38)",b'this'
react-native,../repos/react-native/packages/react-native/ReactAndroid/src/main/jni/first-party/jni-hack/real/jni.h,"(1076, 35)-(1076, 39)",b'this'
react-native,../repos/react-native/packages/react-native/ReactAndroid/src/main/jni/first-party/jni-hack/real/jni.h,"(1080, 36)-(1080, 40)",b'this'
react-native,../repos/react-native/packages/react-native/ReactAndroid/src/main/jni/first-party/jni-hack/real/jni.h,"(1087, 37)-(1087, 41)",b'this'
react-native,../repos/react-native/packages/react-native/ReactAndroid/src/main/jni/first-party/jni-hack/real/jni.h,"(1095, 38)-(1095, 42)",b'this'
react-native,../repos/react-native/packages/react-native/ReactAndroid/src/main/jni/first-party/jni-hack/real/jni.h,"(1102, 35)-(1102, 39)",b'this'
react-native,../repos/react-native/packages/react-native/ReactAndroid/src/main/jni/first-party/jni-hack/real/jni.h,"(1109, 35)-(1109, 39)",b'this'
react-native,../repos/react-native/packages/react-native/ReactAndroid/src/main/jni/first-party/jni-hack/real/jni.h,"(1116, 36)-(1116, 40)",b'this'
react-native,../repos/react-native/packages/react-native/ReactAndroid/src/main/jni/first-party/jni-hack/real/jni.h,"(1120, 34)-(1120, 38)",b'this'
react-native,../repos/react-native/packages/react-native/ReactAndroid/src/main/jni/first-party/jni-hack/real/jni.h,"(1127, 35)-(1127, 39)",b'this'
react-native,../repos/react-native/packages/react-native/ReactAndroid/src/main/jni/first-party/jni-hack/real/jni.h,"(1134, 36)-(1134, 40)",b'this'
react-native,../repos/react-native/packages/react-native/ReactAndroid/src/main/jni/first-party/jni-hack/real/jni.h,"(1141, 37)-(1141, 41)",b'this'
react-native,../repos/react-native/packages/react-native/ReactAndroid/src/main/jni/first-party/jni-hack/real/jni.h,"(1146, 39)-(1146, 43)",b'this'
react-native,../repos/react-native/packages/react-native/ReactAndroid/src/main/jni/first-party/jni-hack/real/jni.h,"(1150, 41)-(1150, 45)",b'this'
react-native,../repos/react-native/packages/react-native/ReactAndroid/src/main/jni/first-party/jni-hack/real/jni.h,"(1154, 36)-(1154, 40)",b'this'
react-native,../repos/react-native/packages/react-native/ReactAndroid/src/main/jni/first-party/jni-hack/real/jni.h,"(1158, 35)-(1158, 39)",b'this'
react-native,../repos/react-native/packages/react-native/ReactAndroid/src/main/jni/first-party/jni-hack/real/jni.h,"(1162, 33)-(1162, 37)",b'this'
react-native,../repos/react-native/packages/react-native/ReactAndroid/src/main/jni/first-party/jni-hack/real/jni.h,"(1166, 32)-(1166, 36)",b'this'
react-native,../repos/react-native/packages/react-native/ReactAndroid/src/main/jni/first-party/jni-hack/real/jni.h,"(1170, 42)-(1170, 46)",b'this'
react-native,../repos/react-native/packages/react-native/ReactAndroid/src/main/jni/first-party/jni-hack/real/jni.h,"(1174, 49)-(1174, 53)",b'this'
react-native,../repos/react-native/packages/react-native/ReactAndroid/src/main/jni/first-party/jni-hack/real/jni.h,"(1178, 46)-(1178, 50)",b'this'
react-native,../repos/react-native/packages/react-native/ReactAndroid/src/main/jni/first-party/jni-hack/real/jni.h,"(1182, 41)-(1182, 45)",b'this'
react-native,../repos/react-native/packages/react-native/ReactAndroid/src/main/jni/first-party/jni-hack/real/jni.h,"(1186, 38)-(1186, 42)",b'this'
react-native,../repos/react-native/packages/react-native/ReactAndroid/src/main/jni/first-party/jni-hack/real/jni.h,"(1190, 40)-(1190, 44)",b'this'
react-native,../repos/react-native/packages/react-native/ReactAndroid/src/main/jni/first-party/jni-hack/real/jni.h,"(1194, 36)-(1194, 40)",b'this'
react-native,../repos/react-native/packages/react-native/ReactAndroid/src/main/jni/first-party/jni-hack/real/jni.h,"(1198, 38)-(1198, 42)",b'this'
react-native,../repos/react-native/packages/react-native/ReactAndroid/src/main/jni/first-party/jni-hack/real/jni.h,"(1202, 43)-(1202, 47)",b'this'
react-native,../repos/react-native/packages/react-native/ReactAndroid/src/main/jni/first-party/jni-hack/real/jni.h,"(1206, 46)-(1206, 50)",b'this'
react-native,../repos/react-native/packages/react-native/ReactAndroid/src/main/jni/first-party/jni-hack/real/jni.h,"(1210, 47)-(1210, 51)",b'this'
react-native,../repos/react-native/packages/react-native/ReactAndroid/src/main/jni/first-party/jni-hack/real/jni.h,"(1215, 40)-(1215, 44)",b'this'
react-native,../repos/react-native/packages/react-native/ReactAndroid/src/main/jni/first-party/jni-hack/real/jni.h,"(1243, 37)-(1243, 41)",b'this'
react-native,../repos/react-native/packages/react-native/ReactAndroid/src/main/jni/first-party/jni-hack/real/jni.h,"(1246, 43)-(1246, 47)",b'this'
react-native,../repos/react-native/packages/react-native/ReactAndroid/src/main/jni/first-party/jni-hack/real/jni.h,"(1249, 43)-(1249, 47)",b'this'
react-native,../repos/react-native/packages/react-native/ReactAndroid/src/main/jni/first-party/jni-hack/real/jni.h,"(1252, 30)-(1252, 34)",b'this'
react-native,../repos/react-native/packages/react-native/ReactAndroid/src/main/jni/first-party/jni-hack/real/jni.h,"(1255, 51)-(1255, 55)",b'this'
react-native,../repos/react-native/packages/react-native/ReactAndroid/src/main/jni/react/runtime/jni/JReactInstance.cpp,"(54, 31)-(54, 35)",b'this'
react-native,../repos/react-native/packages/react-native/ReactAndroid/src/main/jni/react/runtime/jni/JReactInstance.cpp,"(75, 42)-(75, 46)",b'this'
react-native,../repos/react-native/packages/react-native/ReactAndroid/src/main/jni/react/fabric/Binding.cpp,"(169, 12)-(169, 16)",b'this'
react-native,../repos/react-native/packages/react-native/ReactAndroid/src/main/jni/react/fabric/Binding.cpp,"(226, 71)-(226, 75)",b'this'
react-native,../repos/react-native/packages/react-native/ReactAndroid/src/main/jni/react/fabric/Binding.cpp,"(360, 21)-(360, 25)",b'this'
react-native,../repos/react-native/packages/react-native/ReactAndroid/src/main/jni/react/fabric/Binding.cpp,"(446, 42)-(446, 46)",b'this'
react-native,../repos/react-native/packages/react-native/ReactAndroid/src/main/jni/react/fabric/Binding.cpp,"(448, 68)-(448, 72)",b'this'
react-native,../repos/react-native/packages/react-native/ReactAndroid/src/main/jni/react/fabric/Binding.cpp,"(454, 21)-(454, 25)",b'this'
react-native,../repos/react-native/packages/react-native/ReactAndroid/src/main/jni/react/fabric/AsyncEventBeat.cpp,"(25, 34)-(25, 38)",b'this'
react-native,../repos/react-native/packages/react-native/ReactAndroid/src/main/jni/react/fabric/AsyncEventBeat.cpp,"(29, 38)-(29, 42)",b'this'
react-native,../repos/react-native/packages/react-native/ReactAndroid/src/main/jni/react/fabric/AsyncEventBeat.cpp,"(40, 21)-(40, 25)",b'this'
react-native,../repos/react-native/packages/react-native/ReactAndroid/src/main/jni/react/jni/NativeArray.cpp,"(43, 44)-(43, 48)",b'this'
react-native,../repos/react-native/packages/react-native/ReactAndroid/src/main/jni/react/jni/ProxyExecutor.cpp,"(113, 34)-(113, 38)",b'this'
react-native,../repos/react-native/packages/react-native/ReactAndroid/src/main/jni/react/jni/ProxyExecutor.cpp,"(122, 34)-(122, 38)",b'this'
react-native,../repos/react-native/packages/react-native/ReactAndroid/src/main/jni/react/jni/JavaModuleWrapper.cpp,"(118, 8)-(118, 12)",b'this'
react-native,../repos/react-native/packages/react-native/ReactAndroid/src/main/jni/react/jni/NativeMap.cpp,"(34, 44)-(34, 48)",b'this'
react-native,../repos/react-native/packages/react-native/ReactAndroid/src/main/jni/react/turbomodule/ReactCommon/TurboModuleManager.cpp,"(315, 21)-(315, 25)",b'this'
react-native,../repos/react-native/packages/react-native/ReactAndroid/src/main/jni/react/uimanager/UIConstantsProviderManager.cpp,"(64, 29)-(64, 33)",b'this'
react-native,../repos/react-native/packages/react-native/ReactAndroid/src/main/jni/react/uimanager/ComponentNameResolverManager.cpp,"(48, 29)-(48, 33)",b'this'
react-native,../repos/react-native/packages/react-native/ReactAndroid/src/main/jni/react/perftests/OnLoad.cpp,"(113, 14)-(113, 18)",b'this'
react-native,../repos/react-native/packages/react-native/ReactAndroid/src/main/jni/react/perftests/OnLoad.cpp,"(114, 15)-(114, 19)",b'this'
react-native,../repos/react-native/packages/react-native/ReactAndroid/src/main/jni/react/perftests/OnLoad.cpp,"(118, 14)-(118, 18)",b'this'
react-native,../repos/react-native/packages/react-native/ReactAndroid/src/main/jni/react/perftests/OnLoad.cpp,"(119, 15)-(119, 19)",b'this'
react-native,../repos/react-native/packages/react-native/ReactCommon/jsiexecutor/jsireact/JSIExecutor.cpp,"(100, 12)-(100, 16)",b'this'
react-native,../repos/react-native/packages/react-native/ReactCommon/jsiexecutor/jsireact/JSIExecutor.cpp,"(120, 12)-(120, 16)",b'this'
react-native,../repos/react-native/packages/react-native/ReactCommon/jsiexecutor/jsireact/JSIExecutor.cpp,"(133, 12)-(133, 16)",b'this'
react-native,../repos/react-native/packages/react-native/ReactCommon/jsiexecutor/jsireact/JSIExecutor.cpp,"(180, 14)-(180, 18)",b'this'
react-native,../repos/react-native/packages/react-native/ReactCommon/jsiexecutor/jsireact/JSIExecutor.cpp,"(362, 30)-(362, 34)",b'this'
react-native,../repos/react-native/packages/react-native/ReactCommon/jsiexecutor/jsireact/JSIExecutor.cpp,"(394, 8)-(394, 12)",b'this'
react-native,../repos/react-native/packages/react-native/ReactCommon/jsiexecutor/jsireact/JSIExecutor.cpp,"(469, 8)-(469, 12)",b'this'
react-native,../repos/react-native/packages/react-native/ReactCommon/jsc/JSCRuntime.cpp,"(447, 53)-(447, 57)",b'this'
react-native,../repos/react-native/packages/react-native/ReactCommon/jsc/JSCRuntime.cpp,"(488, 10)-(488, 14)",b'this'
react-native,../repos/react-native/packages/react-native/ReactCommon/jsc/JSCRuntime.cpp,"(514, 10)-(514, 14)",b'this'
react-native,../repos/react-native/packages/react-native/ReactCommon/jsc/JSCRuntime.cpp,"(569, 10)-(569, 14)",b'this'
react-native,../repos/react-native/packages/react-native/ReactCommon/jsc/JSCRuntime.cpp,"(657, 22)-(657, 26)",b'this'
react-native,../repos/react-native/packages/react-native/ReactCommon/jsc/JSCRuntime.cpp,"(657, 43)-(657, 47)",b'this'
react-native,../repos/react-native/packages/react-native/ReactCommon/jsc/JSCRuntime.cpp,"(657, 55)-(657, 59)",b'this'
react-native,../repos/react-native/packages/react-native/ReactCommon/jsc/JSCRuntime.cpp,"(687, 10)-(687, 14)",b'this'
react-native,../repos/react-native/packages/react-native/ReactCommon/jsc/JSCRuntime.cpp,"(849, 64)-(849, 68)",b'this'
react-native,../repos/react-native/packages/react-native/ReactCommon/jsc/JSCRuntime.cpp,"(1059, 29)-(1059, 33)",b'this'
react-native,../repos/react-native/packages/react-native/ReactCommon/jsc/JSCRuntime.cpp,"(1089, 38)-(1089, 42)",b'this'
react-native,../repos/react-native/packages/react-native/ReactCommon/jsc/JSCRuntime.cpp,"(1290, 32)-(1290, 36)",b'this'
react-native,../repos/react-native/packages/react-native/ReactCommon/jsc/JSCRuntime.cpp,"(1291, 45)-(1291, 49)",b'this'
react-native,../repos/react-native/packages/react-native/ReactCommon/jsc/JSCRuntime.cpp,"(1342, 68)-(1342, 72)",b'this'
react-native,../repos/react-native/packages/react-native/ReactCommon/jsc/JSCRuntime.cpp,"(1344, 30)-(1344, 34)",b'this'
react-native,../repos/react-native/packages/react-native/ReactCommon/jsc/JSCRuntime.cpp,"(1359, 30)-(1359, 34)",b'this'
react-native,../repos/react-native/packages/react-native/ReactCommon/jsc/JSCRuntime.cpp,"(1369, 27)-(1369, 31)",b'this'
react-native,../repos/react-native/packages/react-native/ReactCommon/jsc/JSCRuntime.cpp,"(1495, 39)-(1495, 43)",b'this'
react-native,../repos/react-native/packages/react-native/ReactCommon/jsc/JSCRuntime.cpp,"(1497, 63)-(1497, 67)",b'this'
react-native,../repos/react-native/packages/react-native/ReactCommon/jsc/JSCRuntime.cpp,"(1499, 39)-(1499, 43)",b'this'
react-native,../repos/react-native/packages/react-native/ReactCommon/jsc/JSCRuntime.cpp,"(1529, 25)-(1529, 29)",b'this'
react-native,../repos/react-native/packages/react-native/ReactCommon/jsc/JSCRuntime.cpp,"(1535, 25)-(1535, 29)",b'this'
react-native,../repos/react-native/packages/react-native/ReactCommon/jsc/JSCRuntime.cpp,"(1541, 43)-(1541, 47)",b'this'
react-native,../repos/react-native/packages/react-native/ReactCommon/jsc/JSCRuntime.cpp,"(1550, 43)-(1550, 47)",b'this'
react-native,../repos/react-native/packages/react-native/ReactCommon/cxxreact/JSBundleType.h,"(45, 17)-(45, 21)",b'this'
react-native,../repos/react-native/packages/react-native/ReactCommon/cxxreact/Instance.cpp,"(48, 28)-(48, 32)",b'this'
react-native,../repos/react-native/packages/react-native/ReactCommon/cxxreact/Instance.cpp,"(84, 24)-(84, 28)",b'this'
react-native,../repos/react-native/packages/react-native/ReactCommon/cxxreact/SampleCxxModule.cpp,"(87, 24)-(87, 28)",b'this'
react-native,../repos/react-native/packages/react-native/ReactCommon/cxxreact/SampleCxxModule.cpp,"(90, 12)-(90, 16)",b'this'
react-native,../repos/react-native/packages/react-native/ReactCommon/cxxreact/SampleCxxModule.cpp,"(98, 12)-(98, 16)",b'this'
react-native,../repos/react-native/packages/react-native/ReactCommon/cxxreact/SampleCxxModule.cpp,"(104, 12)-(104, 16)",b'this'
react-native,../repos/react-native/packages/react-native/ReactCommon/cxxreact/SampleCxxModule.cpp,"(108, 22)-(108, 26)",b'this'
react-native,../repos/react-native/packages/react-native/ReactCommon/cxxreact/SampleCxxModule.cpp,"(109, 22)-(109, 26)",b'this'
react-native,../repos/react-native/packages/react-native/ReactCommon/cxxreact/SampleCxxModule.cpp,"(112, 12)-(112, 16)",b'this'
react-native,../repos/react-native/packages/react-native/ReactCommon/cxxreact/SampleCxxModule.cpp,"(115, 25)-(115, 29)",b'this'
react-native,../repos/react-native/packages/react-native/ReactCommon/cxxreact/SampleCxxModule.cpp,"(118, 12)-(118, 16)",b'this'
react-native,../repos/react-native/packages/react-native/ReactCommon/cxxreact/SampleCxxModule.cpp,"(124, 12)-(124, 16)",b'this'
react-native,../repos/react-native/packages/react-native/ReactCommon/cxxreact/NativeToJsBridge.cpp,"(134, 8)-(134, 12)",b'this'
react-native,../repos/react-native/packages/react-native/ReactCommon/cxxreact/NativeToJsBridge.cpp,"(180, 23)-(180, 27)",b'this'
react-native,../repos/react-native/packages/react-native/ReactCommon/cxxreact/NativeToJsBridge.cpp,"(220, 8)-(220, 12)",b'this'
react-native,../repos/react-native/packages/react-native/ReactCommon/cxxreact/NativeToJsBridge.cpp,"(283, 49)-(283, 53)",b'this'
react-native,../repos/react-native/packages/react-native/ReactCommon/cxxreact/NativeToJsBridge.cpp,"(298, 8)-(298, 12)",b'this'
react-native,../repos/react-native/packages/react-native/ReactCommon/jserrorhandler/JsErrorHandler.cpp,"(93, 3)-(93, 7)",b'this'
react-native,../repos/react-native/packages/react-native/ReactCommon/hermes/inspector-modern/chrome/ConnectionDemux.cpp,"(108, 29)-(108, 33)",b'this'
react-native,../repos/react-native/packages/react-native/ReactCommon/jsi/jsi/jsi.h,"(494, 26)-(494, 30)",b'this'
react-native,../repos/react-native/packages/react-native/ReactCommon/jsi/jsi/jsi.h,"(528, 36)-(528, 40)",b'this'
react-native,../repos/react-native/packages/react-native/ReactCommon/jsi/jsi/jsi.h,"(560, 30)-(560, 34)",b'this'
react-native,../repos/react-native/packages/react-native/ReactCommon/jsi/jsi/jsi.h,"(565, 35)-(565, 39)",b'this'
react-native,../repos/react-native/packages/react-native/ReactCommon/jsi/jsi/jsi.h,"(574, 30)-(574, 34)",b'this'
react-native,../repos/react-native/packages/react-native/ReactCommon/jsi/jsi/jsi.h,"(579, 36)-(579, 40)",b'this'
react-native,../repos/react-native/packages/react-native/ReactCommon/jsi/jsi/jsi.h,"(644, 26)-(644, 30)",b'this'
react-native,../repos/react-native/packages/react-native/ReactCommon/jsi/jsi/jsi.h,"(678, 27)-(678, 31)",b'this'
react-native,../repos/react-native/packages/react-native/ReactCommon/jsi/jsi/jsi.h,"(729, 29)-(729, 33)",b'this'
react-native,../repos/react-native/packages/react-native/ReactCommon/jsi/jsi/jsi.h,"(735, 35)-(735, 39)",b'this'
react-native,../repos/react-native/packages/react-native/ReactCommon/jsi/jsi/jsi.h,"(741, 32)-(741, 36)",b'this'
react-native,../repos/react-native/packages/react-native/ReactCommon/jsi/jsi/jsi.h,"(857, 38)-(857, 42)",b'this'
react-native,../repos/react-native/packages/react-native/ReactCommon/jsi/jsi/jsi.h,"(864, 38)-(864, 42)",b'this'
react-native,../repos/react-native/packages/react-native/ReactCommon/jsi/jsi/jsi.h,"(907, 26)-(907, 30)",b'this'
react-native,../repos/react-native/packages/react-native/ReactCommon/jsi/jsi/jsi.h,"(946, 41)-(946, 45)",b'this'
react-native,../repos/react-native/packages/react-native/ReactCommon/jsi/jsi/jsi.h,"(965, 26)-(965, 30)",b'this'
react-native,../repos/react-native/packages/react-native/ReactCommon/jsi/jsi/jsi.h,"(969, 26)-(969, 30)",b'this'
react-native,../repos/react-native/packages/react-native/ReactCommon/jsi/jsi/jsi.h,"(973, 26)-(973, 30)",b'this'
react-native,../repos/react-native/packages/react-native/ReactCommon/jsi/jsi/jsi.h,"(1070, 36)-(1070, 40)",b'this'
react-native,../repos/react-native/packages/react-native/ReactCommon/jsi/jsi/jsi.h,"(1082, 37)-(1082, 41)",b'this'
react-native,../repos/react-native/packages/react-native/ReactCommon/jsi/jsi/jsi.h,"(1196, 5)-(1196, 9)",b'this'
react-native,../repos/react-native/packages/react-native/ReactCommon/jsi/jsi/jsi.h,"(1197, 10)-(1197, 14)",b'this'
react-native,../repos/react-native/packages/react-native/ReactCommon/jsi/jsi/jsi.h,"(1198, 13)-(1198, 17)",b'this'
react-native,../repos/react-native/packages/react-native/ReactCommon/jsi/jsi/jsi-inl.h,"(92, 31)-(92, 35)",b'this'
react-native,../repos/react-native/packages/react-native/ReactCommon/jsi/jsi/jsi-inl.h,"(97, 31)-(97, 35)",b'this'
react-native,../repos/react-native/packages/react-native/ReactCommon/jsi/jsi/jsi-inl.h,"(105, 31)-(105, 35)",b'this'
react-native,../repos/react-native/packages/react-native/ReactCommon/jsi/jsi/jsi-inl.h,"(110, 31)-(110, 35)",b'this'
react-native,../repos/react-native/packages/react-native/ReactCommon/jsi/jsi/jsi-inl.h,"(134, 27)-(134, 31)",b'this'
react-native,../repos/react-native/packages/react-native/ReactCommon/jsi/jsi/jsi-inl.h,"(140, 27)-(140, 31)",b'this'
react-native,../repos/react-native/packages/react-native/ReactCommon/jsi/jsi/jsi-inl.h,"(148, 33)-(148, 37)",b'this'
react-native,../repos/react-native/packages/react-native/ReactCommon/jsi/jsi/jsi-inl.h,"(154, 33)-(154, 37)",b'this'
react-native,../repos/react-native/packages/react-native/ReactCommon/jsi/jsi/jsi-inl.h,"(162, 30)-(162, 34)",b'this'
react-native,../repos/react-native/packages/react-native/ReactCommon/jsi/jsi/jsi-inl.h,"(167, 30)-(167, 34)",b'this'
react-native,../repos/react-native/packages/react-native/ReactCommon/jsi/jsi/jsi-inl.h,"(176, 32)-(176, 36)",b'this'
react-native,../repos/react-native/packages/react-native/ReactCommon/jsi/jsi/jsi-inl.h,"(177, 59)-(177, 63)",b'this'
react-native,../repos/react-native/packages/react-native/ReactCommon/jsi/jsi/jsi-inl.h,"(182, 32)-(182, 36)",b'this'
react-native,../repos/react-native/packages/react-native/ReactCommon/jsi/jsi/jsi-inl.h,"(188, 61)-(188, 65)",b'this'
react-native,../repos/react-native/packages/react-native/ReactCommon/jsi/jsi/jsi-inl.h,"(197, 61)-(197, 65)",b'this'
react-native,../repos/react-native/packages/react-native/ReactCommon/jsi/jsi/jsi-inl.h,"(203, 32)-(203, 36)",b'this'
react-native,../repos/react-native/packages/react-native/ReactCommon/jsi/jsi/jsi-inl.h,"(204, 33)-(204, 37)",b'this'
react-native,../repos/react-native/packages/react-native/ReactCommon/jsi/jsi/jsi-inl.h,"(209, 34)-(209, 38)",b'this'
react-native,../repos/react-native/packages/react-native/ReactCommon/jsi/jsi/jsi-inl.h,"(210, 60)-(210, 64)",b'this'
react-native,../repos/react-native/packages/react-native/ReactCommon/jsi/jsi/jsi-inl.h,"(215, 34)-(215, 38)",b'this'
react-native,../repos/react-native/packages/react-native/ReactCommon/jsi/jsi/jsi-inl.h,"(221, 62)-(221, 66)",b'this'
react-native,../repos/react-native/packages/react-native/ReactCommon/jsi/jsi/jsi-inl.h,"(227, 27)-(227, 31)",b'this'
react-native,../repos/react-native/packages/react-native/ReactCommon/jsi/jsi/jsi-inl.h,"(232, 38)-(232, 42)",b'this'
react-native,../repos/react-native/packages/react-native/ReactCommon/jsi/jsi/jsi-inl.h,"(236, 36)-(236, 40)",b'this'
react-native,../repos/react-native/packages/react-native/ReactCommon/jsi/jsi/jsi-inl.h,"(240, 34)-(240, 38)",b'this'
react-native,../repos/react-native/packages/react-native/ReactCommon/jsi/jsi/jsi-inl.h,"(250, 35)-(250, 39)",b'this'
react-native,../repos/react-native/packages/react-native/ReactCommon/jsi/jsi/jsi-inl.h,"(264, 24)-(264, 28)",b'this'
react-native,../repos/react-native/packages/react-native/ReactCommon/jsi/jsi/jsi-inl.h,"(285, 24)-(285, 28)",b'this'
react-native,../repos/react-native/packages/react-native/ReactCommon/jsi/jsi/jsi-inl.h,"(335, 37)-(335, 41)",b'this'
react-native,../repos/react-native/packages/react-native/ReactCommon/jsi/jsi/jsi-inl.h,"(352, 34)-(352, 38)",b'this'
react-native,../repos/react-native/packages/react-native/ReactCommon/jsi/jsi/test/testlib.cpp,"(1062, 12)-(1062, 16)",b'this'
react-native,../repos/react-native/packages/react-native/ReactCommon/jsi/jsi/test/testlib.cpp,"(1109, 26)-(1109, 30)",b'this'
react-native,../repos/react-native/packages/react-native/ReactCommon/jsi/jsi/test/testlib.cpp,"(1379, 42)-(1379, 46)",b'this'
react-native,../repos/react-native/packages/react-native/ReactCommon/jsi/jsi/test/testlib.cpp,"(1400, 42)-(1400, 46)",b'this'
react-native,../repos/react-native/packages/react-native/ReactCommon/jsi/jsi/decorator.h,"(142, 13)-(142, 17)",b'this'
react-native,../repos/react-native/packages/react-native/ReactCommon/jsi/jsi/decorator.h,"(231, 48)-(231, 52)",b'this'
react-native,../repos/react-native/packages/react-native/ReactCommon/jsi/jsi/decorator.h,"(337, 50)-(337, 54)",b'this'
react-native,../repos/react-native/packages/react-native/ReactCommon/jsi/jsi/jsi.cpp,"(141, 50)-(141, 54)",b'this'
react-native,../repos/react-native/packages/react-native/ReactCommon/jsi/jsi/jsi.cpp,"(142, 52)-(142, 56)",b'this'
react-native,../repos/react-native/packages/react-native/ReactCommon/jsi/jsi/jsi.cpp,"(143, 26)-(143, 30)",b'this'
react-native,../repos/react-native/packages/react-native/ReactCommon/jsi/jsi/jsi.cpp,"(143, 56)-(143, 60)",b'this'
react-native,../repos/react-native/packages/react-native/ReactCommon/jsi/jsi/jsi.cpp,"(152, 11)-(152, 15)",b'this'
react-native,../repos/react-native/packages/react-native/ReactCommon/jsi/jsi/jsi.cpp,"(185, 53)-(185, 57)",b'this'
react-native,../repos/react-native/packages/react-native/ReactCommon/jsi/jsi/jsi.cpp,"(195, 53)-(195, 57)",b'this'
react-native,../repos/react-native/packages/react-native/ReactCommon/jsi/jsi/jsi.cpp,"(198, 21)-(198, 25)",b'this'
react-native,../repos/react-native/packages/react-native/ReactCommon/jsi/jsi/jsi.cpp,"(205, 53)-(205, 57)",b'this'
react-native,../repos/react-native/packages/react-native/ReactCommon/jsi/jsi/jsi.cpp,"(215, 53)-(215, 57)",b'this'
react-native,../repos/react-native/packages/react-native/ReactCommon/jsi/jsi/jsi.cpp,"(218, 21)-(218, 25)",b'this'
react-native,../repos/react-native/packages/react-native/ReactCommon/jsi/jsi/jsi.cpp,"(293, 37)-(293, 41)",b'this'
react-native,../repos/react-native/packages/react-native/ReactCommon/jsi/jsi/jsi.cpp,"(302, 37)-(302, 41)",b'this'
react-native,../repos/react-native/packages/react-native/ReactCommon/jsi/jsi/jsi.cpp,"(311, 41)-(311, 45)",b'this'
react-native,../repos/react-native/packages/react-native/ReactCommon/jsi/jsi/jsi.cpp,"(320, 41)-(320, 45)",b'this'
react-native,../repos/react-native/packages/react-native/ReactCommon/jsi/jsi/jsi.cpp,"(330, 41)-(330, 45)",b'this'
react-native,../repos/react-native/packages/react-native/ReactCommon/jsi/jsi/jsi.cpp,"(339, 41)-(339, 45)",b'this'
react-native,../repos/react-native/packages/react-native/ReactCommon/jsi/jsi/jsi.cpp,"(342, 21)-(342, 25)",b'this'
react-native,../repos/react-native/packages/react-native/ReactCommon/jsi/jsi/jsi.cpp,"(348, 41)-(348, 45)",b'this'
react-native,../repos/react-native/packages/react-native/ReactCommon/jsi/jsi/jsi.cpp,"(357, 41)-(357, 45)",b'this'
react-native,../repos/react-native/packages/react-native/ReactCommon/jsi/jsi/jsi.cpp,"(360, 21)-(360, 25)",b'this'
react-native,../repos/react-native/packages/react-native/ReactCommon/jsi/jsi/jsi.cpp,"(366, 41)-(366, 45)",b'this'
react-native,../repos/react-native/packages/react-native/ReactCommon/jsi/jsi/jsi.cpp,"(375, 41)-(375, 45)",b'this'
react-native,../repos/react-native/packages/react-native/ReactCommon/jsi/jsi/jsi.cpp,"(378, 21)-(378, 25)",b'this'
react-native,../repos/react-native/packages/react-native/ReactCommon/jsi/jsi/jsi.cpp,"(383, 34)-(383, 38)",b'this'
react-native,../repos/react-native/packages/react-native/ReactCommon/react/runtime/ReactInstance.cpp,"(188, 8)-(188, 12)",b'this'
react-native,../repos/react-native/packages/react-native/ReactCommon/react/runtime/ReactInstance.cpp,"(217, 11)-(217, 15)",b'this'
react-native,../repos/react-native/packages/react-native/ReactCommon/react/runtime/ReactInstance.cpp,"(232, 41)-(232, 45)",b'this'
react-native,../repos/react-native/packages/react-native/ReactCommon/react/runtime/ReactInstance.cpp,"(329, 36)-(329, 40)",b'this'
react-native,../repos/react-native/packages/react-native/ReactCommon/react/runtime/ReactInstance.cpp,"(347, 14)-(347, 18)",b'this'
react-native,../repos/react-native/packages/react-native/ReactCommon/react/runtime/tests/cxx/ReactInstanceTest.cpp,"(79, 12)-(79, 16)",b'this'
react-native,../repos/react-native/packages/react-native/ReactCommon/react/runtime/TimerManager.cpp,"(135, 21)-(135, 25)",b'this'
react-native,../repos/react-native/packages/react-native/ReactCommon/react/runtime/TimerManager.cpp,"(160, 12)-(160, 16)",b'this'
react-native,../repos/react-native/packages/react-native/ReactCommon/react/runtime/TimerManager.cpp,"(195, 12)-(195, 16)",b'this'
react-native,../repos/react-native/packages/react-native/ReactCommon/react/runtime/TimerManager.cpp,"(217, 12)-(217, 16)",b'this'
react-native,../repos/react-native/packages/react-native/ReactCommon/react/runtime/TimerManager.cpp,"(260, 12)-(260, 16)",b'this'
react-native,../repos/react-native/packages/react-native/ReactCommon/react/runtime/TimerManager.cpp,"(282, 12)-(282, 16)",b'this'
react-native,../repos/react-native/packages/react-native/ReactCommon/react/runtime/TimerManager.cpp,"(323, 12)-(323, 16)",b'this'
react-native,../repos/react-native/packages/react-native/ReactCommon/react/runtime/TimerManager.cpp,"(345, 12)-(345, 16)",b'this'
react-native,../repos/react-native/packages/react-native/ReactCommon/react/runtime/TimerManager.cpp,"(399, 12)-(399, 16)",b'this'
react-native,../repos/react-native/packages/react-native/ReactCommon/react/nativemodule/core/platform/android/ReactCommon/JavaInteropTurboModule.cpp,"(61, 14)-(61, 18)",b'this'
react-native,../repos/react-native/packages/react-native/ReactCommon/react/nativemodule/core/platform/android/ReactCommon/JavaInteropTurboModule.cpp,"(66, 20)-(66, 24)",b'this'
react-native,../repos/react-native/packages/react-native/ReactCommon/react/nativemodule/core/platform/android/ReactCommon/JavaInteropTurboModule.cpp,"(67, 39)-(67, 43)",b'this'
react-native,../repos/react-native/packages/react-native/ReactCommon/react/nativemodule/core/platform/android/ReactCommon/JavaInteropTurboModule.cpp,"(70, 32)-(70, 36)",b'this'
react-native,../repos/react-native/packages/react-native/ReactCommon/react/nativemodule/core/platform/android/ReactCommon/JavaInteropTurboModule.cpp,"(72, 19)-(72, 23)",b'this'
react-native,../repos/react-native/packages/react-native/ReactCommon/react/nativemodule/core/platform/android/ReactCommon/JavaInteropTurboModule.cpp,"(73, 19)-(73, 23)",b'this'
react-native,../repos/react-native/packages/react-native/ReactCommon/react/nativemodule/core/platform/android/ReactCommon/JavaInteropTurboModule.cpp,"(74, 19)-(74, 23)",b'this'
react-native,../repos/react-native/packages/react-native/ReactCommon/react/nativemodule/core/platform/android/ReactCommon/JavaInteropTurboModule.cpp,"(77, 19)-(77, 23)",b'this'
react-native,../repos/react-native/packages/react-native/ReactCommon/react/nativemodule/core/platform/android/ReactCommon/JavaInteropTurboModule.cpp,"(85, 48)-(85, 52)",b'this'
react-native,../repos/react-native/packages/react-native/ReactCommon/react/nativemodule/core/platform/android/ReactCommon/JavaInteropTurboModule.cpp,"(91, 17)-(91, 21)",b'this'
react-native,../repos/react-native/packages/react-native/ReactCommon/react/nativemodule/core/platform/android/ReactCommon/JavaInteropTurboModule.cpp,"(93, 17)-(93, 21)",b'this'
react-native,../repos/react-native/packages/react-native/ReactCommon/react/nativemodule/core/platform/android/ReactCommon/JavaInteropTurboModule.cpp,"(104, 12)-(104, 16)",b'this'
react-native,../repos/react-native/packages/react-native/ReactCommon/react/nativemodule/core/platform/android/ReactCommon/JavaInteropTurboModule.cpp,"(109, 20)-(109, 24)",b'this'
react-native,../repos/react-native/packages/react-native/ReactCommon/react/nativemodule/core/platform/android/ReactCommon/JavaInteropTurboModule.cpp,"(111, 17)-(111, 21)",b'this'
react-native,../repos/react-native/packages/react-native/ReactCommon/react/nativemodule/core/platform/android/ReactCommon/JavaInteropTurboModule.cpp,"(112, 17)-(112, 21)",b'this'
react-native,../repos/react-native/packages/react-native/ReactCommon/react/nativemodule/core/platform/android/ReactCommon/JavaInteropTurboModule.cpp,"(113, 17)-(113, 21)",b'this'
react-native,../repos/react-native/packages/react-native/ReactCommon/react/nativemodule/core/platform/android/ReactCommon/JavaInteropTurboModule.cpp,"(116, 17)-(116, 21)",b'this'
react-native,../repos/react-native/packages/react-native/ReactCommon/react/nativemodule/core/ReactCommon/TurboCxxModule.cpp,"(81, 10)-(81, 14)",b'this'
react-native,../repos/react-native/packages/react-native/ReactCommon/react/nativemodule/core/ReactCommon/TurboCxxModule.cpp,"(101, 14)-(101, 18)",b'this'
react-native,../repos/react-native/packages/react-native/ReactCommon/react/nativemodule/core/ReactCommon/TurboCxxModule.cpp,"(205, 31)-(205, 35)",b'this'
react-native,../repos/react-native/packages/react-native/ReactCommon/react/nativemodule/core/ReactCommon/TurboModule.h,"(127, 12)-(127, 16)",b'this'
react-native,../repos/react-native/packages/react-native/ReactCommon/react/nativemodule/core/ReactCommon/TurboModule.h,"(131, 56)-(131, 60)",b'this'
react-native,../repos/react-native/packages/react-native/ReactCommon/react/nativemodule/samples/platform/ios/ReactCommon/SampleTurboCxxModuleLegacyImpl.cpp,"(34, 24)-(34, 28)",b'this'
react-native,../repos/react-native/packages/react-native/ReactCommon/react/nativemodule/samples/platform/ios/ReactCommon/SampleTurboCxxModuleLegacyImpl.cpp,"(37, 12)-(37, 16)",b'this'
react-native,../repos/react-native/packages/react-native/ReactCommon/react/nativemodule/samples/platform/ios/ReactCommon/SampleTurboCxxModuleLegacyImpl.cpp,"(43, 12)-(43, 16)",b'this'
react-native,../repos/react-native/packages/react-native/ReactCommon/react/nativemodule/samples/platform/ios/ReactCommon/SampleTurboCxxModuleLegacyImpl.cpp,"(49, 12)-(49, 16)",b'this'
react-native,../repos/react-native/packages/react-native/ReactCommon/react/nativemodule/samples/platform/ios/ReactCommon/SampleTurboCxxModuleLegacyImpl.cpp,"(55, 12)-(55, 16)",b'this'
react-native,../repos/react-native/packages/react-native/ReactCommon/react/nativemodule/samples/platform/ios/ReactCommon/SampleTurboCxxModuleLegacyImpl.cpp,"(61, 12)-(61, 16)",b'this'
react-native,../repos/react-native/packages/react-native/ReactCommon/react/nativemodule/samples/platform/ios/ReactCommon/SampleTurboCxxModuleLegacyImpl.cpp,"(67, 12)-(67, 16)",b'this'
react-native,../repos/react-native/packages/react-native/ReactCommon/react/nativemodule/samples/platform/ios/ReactCommon/SampleTurboCxxModuleLegacyImpl.cpp,"(73, 12)-(73, 16)",b'this'
react-native,../repos/react-native/packages/react-native/ReactCommon/react/nativemodule/samples/platform/ios/ReactCommon/SampleTurboCxxModuleLegacyImpl.cpp,"(79, 12)-(79, 16)",b'this'
react-native,../repos/react-native/packages/react-native/ReactCommon/react/nativemodule/samples/platform/ios/ReactCommon/SampleTurboCxxModuleLegacyImpl.cpp,"(85, 12)-(85, 16)",b'this'
react-native,../repos/react-native/packages/react-native/ReactCommon/react/nativemodule/samples/platform/ios/ReactCommon/SampleTurboCxxModuleLegacyImpl.cpp,"(91, 12)-(91, 16)",b'this'
react-native,../repos/react-native/packages/react-native/ReactCommon/react/nativemodule/samples/platform/ios/ReactCommon/SampleTurboCxxModuleLegacyImpl.cpp,"(100, 12)-(100, 16)",b'this'
react-native,../repos/react-native/packages/react-native/ReactCommon/react/nativemodule/samples/platform/ios/ReactCommon/SampleTurboCxxModuleLegacyImpl.cpp,"(105, 12)-(105, 16)",b'this'
react-native,../repos/react-native/packages/react-native/ReactCommon/react/renderer/runtimescheduler/RuntimeScheduler_Legacy.cpp,"(30, 8)-(30, 12)",b'this'
react-native,../repos/react-native/packages/react-native/ReactCommon/react/renderer/runtimescheduler/RuntimeScheduler_Legacy.cpp,"(106, 8)-(106, 12)",b'this'
react-native,../repos/react-native/packages/react-native/ReactCommon/react/renderer/runtimescheduler/RuntimeScheduler_Legacy.cpp,"(159, 23)-(159, 27)",b'this'
react-native,../repos/react-native/packages/react-native/ReactCommon/react/renderer/runtimescheduler/tests/StubErrorUtils.h,"(49, 12)-(49, 16)",b'this'
react-native,../repos/react-native/packages/react-native/ReactCommon/react/renderer/runtimescheduler/tests/StubQueue.h,"(53, 36)-(53, 40)",b'this'
react-native,../repos/react-native/packages/react-native/ReactCommon/react/renderer/runtimescheduler/tests/StubQueue.h,"(58, 56)-(58, 60)",b'this'
react-native,../repos/react-native/packages/react-native/ReactCommon/react/renderer/runtimescheduler/tests/RuntimeSchedulerTest.cpp,"(44, 10)-(44, 14)",b'this'
react-native,../repos/react-native/packages/react-native/ReactCommon/react/renderer/runtimescheduler/tests/RuntimeSchedulerTest.cpp,"(46, 35)-(46, 39)",b'this'
react-native,../repos/react-native/packages/react-native/ReactCommon/react/renderer/runtimescheduler/tests/RuntimeSchedulerTest.cpp,"(53, 21)-(53, 25)",b'this'
react-native,../repos/react-native/packages/react-native/ReactCommon/react/renderer/runtimescheduler/tests/RuntimeSchedulerTest.cpp,"(67, 10)-(67, 14)",b'this'
react-native,../repos/react-native/packages/react-native/ReactCommon/react/renderer/runtimescheduler/tests/RuntimeSchedulerTest.cpp,"(251, 8)-(251, 12)",b'this'
react-native,../repos/react-native/packages/react-native/ReactCommon/react/renderer/runtimescheduler/tests/RuntimeSchedulerTest.cpp,"(261, 8)-(261, 12)",b'this'
react-native,../repos/react-native/packages/react-native/ReactCommon/react/renderer/runtimescheduler/tests/RuntimeSchedulerTest.cpp,"(284, 8)-(284, 12)",b'this'
react-native,../repos/react-native/packages/react-native/ReactCommon/react/renderer/runtimescheduler/tests/RuntimeSchedulerTest.cpp,"(294, 8)-(294, 12)",b'this'
react-native,../repos/react-native/packages/react-native/ReactCommon/react/renderer/runtimescheduler/tests/RuntimeSchedulerTest.cpp,"(369, 37)-(369, 41)",b'this'
react-native,../repos/react-native/packages/react-native/ReactCommon/react/renderer/runtimescheduler/tests/RuntimeSchedulerTest.cpp,"(390, 37)-(390, 41)",b'this'
react-native,../repos/react-native/packages/react-native/ReactCommon/react/renderer/runtimescheduler/tests/RuntimeSchedulerTest.cpp,"(559, 19)-(559, 23)",b'this'
react-native,../repos/react-native/packages/react-native/ReactCommon/react/renderer/runtimescheduler/tests/RuntimeSchedulerTest.cpp,"(571, 8)-(571, 12)",b'this'
react-native,../repos/react-native/packages/react-native/ReactCommon/react/renderer/runtimescheduler/tests/RuntimeSchedulerTest.cpp,"(636, 19)-(636, 23)",b'this'
react-native,../repos/react-native/packages/react-native/ReactCommon/react/renderer/runtimescheduler/tests/RuntimeSchedulerTest.cpp,"(648, 8)-(648, 12)",b'this'
react-native,../repos/react-native/packages/react-native/ReactCommon/react/renderer/runtimescheduler/tests/RuntimeSchedulerTest.cpp,"(703, 8)-(703, 12)",b'this'
react-native,../repos/react-native/packages/react-native/ReactCommon/react/renderer/runtimescheduler/tests/RuntimeSchedulerTest.cpp,"(736, 37)-(736, 41)",b'this'
react-native,../repos/react-native/packages/react-native/ReactCommon/react/renderer/runtimescheduler/tests/RuntimeSchedulerTest.cpp,"(757, 19)-(757, 23)",b'this'
react-native,../repos/react-native/packages/react-native/ReactCommon/react/renderer/runtimescheduler/tests/RuntimeSchedulerTest.cpp,"(759, 10)-(759, 14)",b'this'
react-native,../repos/react-native/packages/react-native/ReactCommon/react/renderer/runtimescheduler/tests/RuntimeSchedulerTest.cpp,"(782, 19)-(782, 23)",b'this'
react-native,../repos/react-native/packages/react-native/ReactCommon/react/renderer/runtimescheduler/tests/RuntimeSchedulerTest.cpp,"(784, 10)-(784, 14)",b'this'
react-native,../repos/react-native/packages/react-native/ReactCommon/react/renderer/runtimescheduler/tests/RuntimeSchedulerTest.cpp,"(828, 19)-(828, 23)",b'this'
react-native,../repos/react-native/packages/react-native/ReactCommon/react/renderer/runtimescheduler/tests/RuntimeSchedulerTest.cpp,"(830, 10)-(830, 14)",b'this'
react-native,../repos/react-native/packages/react-native/ReactCommon/react/renderer/runtimescheduler/tests/RuntimeSchedulerTest.cpp,"(883, 19)-(883, 23)",b'this'
react-native,../repos/react-native/packages/react-native/ReactCommon/react/renderer/runtimescheduler/tests/RuntimeSchedulerTest.cpp,"(926, 19)-(926, 23)",b'this'
react-native,../repos/react-native/packages/react-native/ReactCommon/react/renderer/runtimescheduler/tests/RuntimeSchedulerTest.cpp,"(945, 19)-(945, 23)",b'this'
react-native,../repos/react-native/packages/react-native/ReactCommon/react/renderer/runtimescheduler/RuntimeScheduler_Modern.cpp,"(135, 8)-(135, 12)",b'this'
react-native,../repos/react-native/packages/react-native/ReactCommon/react/renderer/runtimescheduler/RuntimeScheduler_Modern.cpp,"(224, 8)-(224, 12)",b'this'
react-native,../repos/react-native/packages/react-native/ReactCommon/react/renderer/runtimescheduler/RuntimeSchedulerBinding.cpp,"(78, 10)-(78, 14)",b'this'
react-native,../repos/react-native/packages/react-native/ReactCommon/react/renderer/runtimescheduler/RuntimeSchedulerBinding.cpp,"(98, 10)-(98, 14)",b'this'
react-native,../repos/react-native/packages/react-native/ReactCommon/react/renderer/runtimescheduler/RuntimeSchedulerBinding.cpp,"(113, 10)-(113, 14)",b'this'
react-native,../repos/react-native/packages/react-native/ReactCommon/react/renderer/runtimescheduler/RuntimeSchedulerBinding.cpp,"(140, 10)-(140, 14)",b'this'
react-native,../repos/react-native/packages/react-native/ReactCommon/react/renderer/runtimescheduler/RuntimeSchedulerBinding.cpp,"(159, 10)-(159, 14)",b'this'
react-native,../repos/react-native/packages/react-native/ReactCommon/react/renderer/telemetry/TransactionTelemetry.cpp,"(30, 37)-(30, 41)",b'this'
react-native,../repos/react-native/packages/react-native/ReactCommon/react/renderer/scheduler/Scheduler.cpp,"(105, 26)-(105, 30)",b'this'
react-native,../repos/react-native/packages/react-native/ReactCommon/react/renderer/scheduler/Scheduler.cpp,"(173, 70)-(173, 74)",b'this'
react-native,../repos/react-native/packages/react-native/ReactCommon/react/renderer/scheduler/SurfaceHandler.cpp,"(42, 11)-(42, 15)",b'this'
react-native,../repos/react-native/packages/react-native/ReactCommon/react/renderer/scheduler/SynchronousEventBeat.cpp,"(24, 35)-(24, 39)",b'this'
react-native,../repos/react-native/packages/react-native/ReactCommon/react/renderer/scheduler/SynchronousEventBeat.cpp,"(31, 35)-(31, 39)",b'this'
react-native,../repos/react-native/packages/react-native/ReactCommon/react/renderer/scheduler/SynchronousEventBeat.cpp,"(36, 8)-(36, 12)",b'this'
react-native,../repos/react-native/packages/react-native/ReactCommon/react/renderer/scheduler/SynchronousEventBeat.cpp,"(41, 5)-(41, 9)",b'this'
react-native,../repos/react-native/packages/react-native/ReactCommon/react/renderer/scheduler/SynchronousEventBeat.cpp,"(46, 8)-(46, 12)",b'this'
react-native,../repos/react-native/packages/react-native/ReactCommon/react/renderer/scheduler/SynchronousEventBeat.cpp,"(52, 10)-(52, 14)",b'this'
react-native,../repos/react-native/packages/react-native/ReactCommon/react/renderer/scheduler/SynchronousEventBeat.cpp,"(55, 28)-(55, 32)",b'this'
react-native,../repos/react-native/packages/react-native/ReactCommon/react/renderer/scheduler/AsynchronousEventBeat.cpp,"(20, 35)-(20, 39)",b'this'
react-native,../repos/react-native/packages/react-native/ReactCommon/react/renderer/scheduler/AsynchronousEventBeat.cpp,"(27, 35)-(27, 39)",b'this'
react-native,../repos/react-native/packages/react-native/ReactCommon/react/renderer/scheduler/AsynchronousEventBeat.cpp,"(45, 21)-(45, 25)",b'this'
react-native,../repos/react-native/packages/react-native/ReactCommon/react/renderer/element/Element.h,"(64, 13)-(64, 17)",b'this'
react-native,../repos/react-native/packages/react-native/ReactCommon/react/renderer/element/Element.h,"(72, 13)-(72, 17)",b'this'
react-native,../repos/react-native/packages/react-native/ReactCommon/react/renderer/element/Element.h,"(80, 13)-(80, 17)",b'this'
react-native,../repos/react-native/packages/react-native/ReactCommon/react/renderer/element/Element.h,"(88, 13)-(88, 17)",b'this'
react-native,../repos/react-native/packages/react-native/ReactCommon/react/renderer/element/Element.h,"(103, 13)-(103, 17)",b'this'
react-native,../repos/react-native/packages/react-native/ReactCommon/react/renderer/element/Element.h,"(116, 13)-(116, 17)",b'this'
react-native,../repos/react-native/packages/react-native/ReactCommon/react/renderer/element/Element.h,"(131, 13)-(131, 17)",b'this'
react-native,../repos/react-native/packages/react-native/ReactCommon/react/renderer/element/Element.h,"(143, 13)-(143, 17)",b'this'
react-native,../repos/react-native/packages/react-native/ReactCommon/react/renderer/element/Element.h,"(154, 13)-(154, 17)",b'this'
react-native,../repos/react-native/packages/react-native/ReactCommon/react/renderer/mounting/MountingCoordinator.cpp,"(26, 29)-(26, 33)",b'this'
react-native,../repos/react-native/packages/react-native/ReactCommon/react/renderer/mounting/MountingCoordinator.cpp,"(66, 23)-(66, 27)",b'this'
react-native,../repos/react-native/packages/react-native/ReactCommon/react/renderer/mounting/ShadowView.h,"(92, 12)-(92, 16)",b'this'
react-native,../repos/react-native/packages/react-native/ReactCommon/react/renderer/mounting/tests/OrderIndexTest.cpp,"(105, 18)-(105, 22)",b'this'
react-native,../repos/react-native/packages/react-native/ReactCommon/react/renderer/mounting/tests/OrderIndexTest.cpp,"(126, 18)-(126, 22)",b'this'
react-native,../repos/react-native/packages/react-native/ReactCommon/react/renderer/mounting/tests/OrderIndexTest.cpp,"(147, 18)-(147, 22)",b'this'
react-native,../repos/react-native/packages/react-native/ReactCommon/react/renderer/mounting/tests/OrderIndexTest.cpp,"(164, 18)-(164, 22)",b'this'
react-native,../repos/react-native/packages/react-native/ReactCommon/react/renderer/mounting/tests/OrderIndexTest.cpp,"(187, 18)-(187, 22)",b'this'
react-native,../repos/react-native/packages/react-native/ReactCommon/react/renderer/mounting/tests/OrderIndexTest.cpp,"(209, 18)-(209, 22)",b'this'
react-native,../repos/react-native/packages/react-native/ReactCommon/react/renderer/mounting/tests/OrderIndexTest.cpp,"(234, 18)-(234, 22)",b'this'
react-native,../repos/react-native/packages/react-native/ReactCommon/react/renderer/mounting/ShadowTree.cpp,"(415, 8)-(415, 12)",b'this'
react-native,../repos/react-native/packages/react-native/ReactCommon/react/renderer/mounting/ShadowView.cpp,"(37, 14)-(37, 18)",b'this'
react-native,../repos/react-native/packages/react-native/ReactCommon/react/renderer/mounting/ShadowView.cpp,"(38, 14)-(38, 18)",b'this'
react-native,../repos/react-native/packages/react-native/ReactCommon/react/renderer/mounting/ShadowView.cpp,"(39, 14)-(39, 18)",b'this'
react-native,../repos/react-native/packages/react-native/ReactCommon/react/renderer/mounting/ShadowView.cpp,"(40, 14)-(40, 18)",b'this'
react-native,../repos/react-native/packages/react-native/ReactCommon/react/renderer/mounting/ShadowView.cpp,"(41, 14)-(41, 18)",b'this'
react-native,../repos/react-native/packages/react-native/ReactCommon/react/renderer/mounting/ShadowView.cpp,"(42, 14)-(42, 18)",b'this'
react-native,../repos/react-native/packages/react-native/ReactCommon/react/renderer/mounting/ShadowView.cpp,"(43, 14)-(43, 18)",b'this'
react-native,../repos/react-native/packages/react-native/ReactCommon/react/renderer/mounting/ShadowView.cpp,"(55, 13)-(55, 17)",b'this'
react-native,../repos/react-native/packages/react-native/ReactCommon/react/renderer/mounting/ShadowView.cpp,"(82, 10)-(82, 14)",b'this'
react-native,../repos/react-native/packages/react-native/ReactCommon/react/renderer/mounting/ShadowView.cpp,"(86, 13)-(86, 17)",b'this'
react-native,../repos/react-native/packages/react-native/ReactCommon/react/renderer/mounting/ShadowView.cpp,"(91, 10)-(91, 14)",b'this'
react-native,../repos/react-native/packages/react-native/ReactCommon/react/renderer/mounting/ShadowView.cpp,"(96, 13)-(96, 17)",b'this'
react-native,../repos/react-native/packages/react-native/ReactCommon/react/renderer/imagemanager/primitives.h,"(29, 21)-(29, 25)",b'this'
react-native,../repos/react-native/packages/react-native/ReactCommon/react/renderer/imagemanager/primitives.h,"(29, 33)-(29, 37)",b'this'
react-native,../repos/react-native/packages/react-native/ReactCommon/react/renderer/imagemanager/primitives.h,"(33, 15)-(33, 19)",b'this'
react-native,../repos/react-native/packages/react-native/ReactCommon/react/renderer/timeline/TimelineHandler.cpp,"(20, 3)-(20, 7)",b'this'
react-native,../repos/react-native/packages/react-native/ReactCommon/react/renderer/timeline/TimelineHandler.cpp,"(34, 11)-(34, 15)",b'this'
react-native,../repos/react-native/packages/react-native/ReactCommon/react/renderer/graphics/RectangleCorners.h,"(30, 16)-(30, 20)",b'this'
react-native,../repos/react-native/packages/react-native/ReactCommon/react/renderer/graphics/RectangleCorners.h,"(31, 16)-(31, 20)",b'this'
react-native,../repos/react-native/packages/react-native/ReactCommon/react/renderer/graphics/RectangleCorners.h,"(32, 16)-(32, 20)",b'this'
react-native,../repos/react-native/packages/react-native/ReactCommon/react/renderer/graphics/RectangleCorners.h,"(33, 16)-(33, 20)",b'this'
react-native,../repos/react-native/packages/react-native/ReactCommon/react/renderer/graphics/RectangleCorners.h,"(38, 15)-(38, 19)",b'this'
react-native,../repos/react-native/packages/react-native/ReactCommon/react/renderer/graphics/RectangleEdges.h,"(30, 21)-(30, 25)",b'this'
react-native,../repos/react-native/packages/react-native/ReactCommon/react/renderer/graphics/RectangleEdges.h,"(30, 33)-(30, 37)",b'this'
react-native,../repos/react-native/packages/react-native/ReactCommon/react/renderer/graphics/RectangleEdges.h,"(30, 44)-(30, 48)",b'this'
react-native,../repos/react-native/packages/react-native/ReactCommon/react/renderer/graphics/RectangleEdges.h,"(30, 57)-(30, 61)",b'this'
react-native,../repos/react-native/packages/react-native/ReactCommon/react/renderer/graphics/RectangleEdges.h,"(35, 15)-(35, 19)",b'this'
react-native,../repos/react-native/packages/react-native/ReactCommon/react/renderer/graphics/Point.h,"(27, 13)-(27, 17)",b'this'
react-native,../repos/react-native/packages/react-native/ReactCommon/react/renderer/graphics/Point.h,"(33, 13)-(33, 17)",b'this'
react-native,../repos/react-native/packages/react-native/ReactCommon/react/renderer/graphics/Point.h,"(39, 13)-(39, 17)",b'this'
react-native,../repos/react-native/packages/react-native/ReactCommon/react/renderer/graphics/Transform.h,"(63, 15)-(63, 19)",b'this'
react-native,../repos/react-native/packages/react-native/ReactCommon/react/renderer/graphics/Size.h,"(28, 13)-(28, 17)",b'this'
react-native,../repos/react-native/packages/react-native/ReactCommon/react/renderer/graphics/Size.h,"(34, 13)-(34, 17)",b'this'
react-native,../repos/react-native/packages/react-native/ReactCommon/react/renderer/graphics/ValueUnit.h,"(29, 15)-(29, 19)",b'this'
react-native,../repos/react-native/packages/react-native/ReactCommon/react/renderer/graphics/Rect.h,"(28, 21)-(28, 25)",b'this'
react-native,../repos/react-native/packages/react-native/ReactCommon/react/renderer/graphics/Rect.h,"(28, 35)-(28, 39)",b'this'
react-native,../repos/react-native/packages/react-native/ReactCommon/react/renderer/graphics/Rect.h,"(32, 15)-(32, 19)",b'this'
react-native,../repos/react-native/packages/react-native/ReactCommon/react/renderer/graphics/Transform.cpp,"(269, 13)-(269, 17)",b'this'
react-native,../repos/react-native/packages/react-native/ReactCommon/react/renderer/graphics/Transform.cpp,"(273, 8)-(273, 12)",b'this'
react-native,../repos/react-native/packages/react-native/ReactCommon/react/renderer/graphics/Transform.cpp,"(277, 22)-(277, 26)",b'this'
react-native,../repos/react-native/packages/react-native/ReactCommon/react/renderer/graphics/Transform.cpp,"(279, 25)-(279, 29)",b'this'
react-native,../repos/react-native/packages/react-native/ReactCommon/react/renderer/graphics/Transform.cpp,"(379, 19)-(379, 23)",b'this'
react-native,../repos/react-native/packages/react-native/ReactCommon/react/renderer/graphics/Transform.cpp,"(380, 19)-(380, 23)",b'this'
react-native,../repos/react-native/packages/react-native/ReactCommon/react/renderer/graphics/Transform.cpp,"(381, 19)-(381, 23)",b'this'
react-native,../repos/react-native/packages/react-native/ReactCommon/react/renderer/graphics/Transform.cpp,"(382, 19)-(382, 23)",b'this'
react-native,../repos/react-native/packages/react-native/ReactCommon/react/renderer/core/Props.cpp,"(31, 3)-(31, 7)",b'this'
react-native,../repos/react-native/packages/react-native/ReactCommon/react/renderer/core/Props.cpp,"(62, 28)-(62, 32)",b'this'
react-native,../repos/react-native/packages/react-native/ReactCommon/react/renderer/core/EventQueue.cpp,"(21, 8)-(21, 12)",b'this'
react-native,../repos/react-native/packages/react-native/ReactCommon/react/renderer/core/RawValue.h,"(62, 9)-(62, 13)",b'this'
react-native,../repos/react-native/packages/react-native/ReactCommon/react/renderer/core/RawValue.h,"(65, 13)-(65, 17)",b'this'
react-native,../repos/react-native/packages/react-native/ReactCommon/react/renderer/core/RawValue.h,"(88, 9)-(88, 13)",b'this'
react-native,../repos/react-native/packages/react-native/ReactCommon/react/renderer/core/RawValue.h,"(91, 13)-(91, 17)",b'this'
react-native,../repos/react-native/packages/react-native/ReactCommon/react/renderer/core/ConcreteComponentDescriptor.h,"(144, 66)-(144, 70)",b'this'
react-native,../repos/react-native/packages/react-native/ReactCommon/react/renderer/core/ConcreteComponentDescriptor.h,"(169, 63)-(169, 67)",b'this'
react-native,../repos/react-native/packages/react-native/ReactCommon/react/renderer/core/RawPropsParser.h,"(49, 26)-(49, 30)",b'this'
react-native,../repos/react-native/packages/react-native/ReactCommon/react/renderer/core/Sealable.cpp,"(41, 11)-(41, 15)",b'this'
react-native,../repos/react-native/packages/react-native/ReactCommon/react/renderer/core/Sealable.cpp,"(47, 11)-(47, 15)",b'this'
react-native,../repos/react-native/packages/react-native/ReactCommon/react/renderer/core/tests/EventQueueProcessorTest.cpp,"(25, 23)-(25, 27)",b'this'
react-native,../repos/react-native/packages/react-native/ReactCommon/react/renderer/core/ShadowNodeFamily.cpp,"(70, 17)-(70, 21)",b'this'
react-native,../repos/react-native/packages/react-native/ReactCommon/react/renderer/core/State.cpp,"(44, 48)-(44, 52)",b'this'
react-native,../repos/react-native/packages/react-native/ReactCommon/react/renderer/core/RawProps.cpp,"(160, 11)-(160, 15)",b'this'
react-native,../repos/react-native/packages/react-native/ReactCommon/react/renderer/core/RawProps.cpp,"(166, 20)-(166, 24)",b'this'
react-native,../repos/react-native/packages/react-native/ReactCommon/react/renderer/core/RawProps.cpp,"(209, 23)-(209, 27)",b'this'
react-native,../repos/react-native/packages/react-native/ReactCommon/react/renderer/core/RawProps.cpp,"(215, 38)-(215, 42)",b'this'
react-native,../repos/react-native/packages/react-native/ReactCommon/react/renderer/core/EventBeat.cpp,"(22, 8)-(22, 12)",b'this'
react-native,../repos/react-native/packages/react-native/ReactCommon/react/renderer/core/ShadowNode.cpp,"(128, 12)-(128, 16)",b'this'
react-native,../repos/react-native/packages/react-native/ReactCommon/react/renderer/core/ShadowNode.cpp,"(138, 51)-(138, 55)",b'this'
react-native,../repos/react-native/packages/react-native/ReactCommon/react/renderer/core/ShadowNode.cpp,"(141, 49)-(141, 53)",b'this'
react-native,../repos/react-native/packages/react-native/ReactCommon/react/renderer/core/ShadowNode.cpp,"(292, 34)-(292, 38)",b'this'
react-native,../repos/react-native/packages/react-native/ReactCommon/react/renderer/core/ShadowNode.cpp,"(305, 51)-(305, 55)",b'this'
react-native,../repos/react-native/packages/react-native/ReactCommon/react/renderer/textlayoutmanager/TextMeasureCache.cpp,"(53, 14)-(53, 18)",b'this'
react-native,../repos/react-native/packages/react-native/ReactCommon/react/renderer/textlayoutmanager/TextMeasureCache.cpp,"(54, 14)-(54, 18)",b'this'
react-native,../repos/react-native/packages/react-native/ReactCommon/react/renderer/textlayoutmanager/TextMeasureCache.cpp,"(55, 14)-(55, 18)",b'this'
react-native,../repos/react-native/packages/react-native/ReactCommon/react/renderer/textlayoutmanager/TextMeasureCache.cpp,"(56, 14)-(56, 18)",b'this'
react-native,../repos/react-native/packages/react-native/ReactCommon/react/renderer/textlayoutmanager/TextMeasureCache.cpp,"(57, 14)-(57, 18)",b'this'
react-native,../repos/react-native/packages/react-native/ReactCommon/react/renderer/textlayoutmanager/TextMeasureCache.cpp,"(58, 14)-(58, 18)",b'this'
react-native,../repos/react-native/packages/react-native/ReactCommon/react/renderer/textlayoutmanager/platform/cxx/TextLayoutManager.cpp,"(13, 17)-(13, 21)",b'this'
react-native,../repos/react-native/packages/react-native/ReactCommon/react/renderer/uimanager/PointerHoverTracker.cpp,"(31, 5)-(31, 9)",b'this'
react-native,../repos/react-native/packages/react-native/ReactCommon/react/renderer/uimanager/PointerHoverTracker.cpp,"(38, 36)-(38, 40)",b'this'
react-native,../repos/react-native/packages/react-native/ReactCommon/react/renderer/uimanager/UIManager.cpp,"(61, 70)-(61, 74)",b'this'
react-native,../repos/react-native/packages/react-native/ReactCommon/react/renderer/uimanager/UIManager.cpp,"(655, 39)-(655, 43)",b'this'
react-native,../repos/react-native/packages/react-native/ReactCommon/react/renderer/uimanager/UIManager.cpp,"(665, 41)-(665, 45)",b'this'
react-native,../repos/react-native/packages/react-native/ReactCommon/react/renderer/uimanager/UIManagerBinding.cpp,"(62, 19)-(62, 23)",b'this'
react-native,../repos/react-native/packages/react-native/ReactCommon/react/renderer/uimanager/UIManagerBinding.cpp,"(102, 30)-(102, 34)",b'this'
react-native,../repos/react-native/packages/react-native/ReactCommon/react/renderer/uimanager/UIManagerBinding.cpp,"(110, 9)-(110, 13)",b'this'
react-native,../repos/react-native/packages/react-native/ReactCommon/react/renderer/uimanager/UIManagerBinding.cpp,"(550, 10)-(550, 14)",b'this'
react-native,../repos/react-native/packages/react-native/ReactCommon/react/renderer/uimanager/UIManagerBinding.cpp,"(809, 10)-(809, 14)",b'this'
react-native,../repos/react-native/packages/react-native/ReactCommon/react/renderer/uimanager/UIManagerBinding.cpp,"(1458, 10)-(1458, 14)",b'this'
react-native,../repos/react-native/packages/react-native/ReactCommon/react/renderer/uimanager/UIManagerBinding.cpp,"(1477, 10)-(1477, 14)",b'this'
react-native,../repos/react-native/packages/react-native/ReactCommon/react/renderer/uimanager/UIManagerBinding.cpp,"(1496, 10)-(1496, 14)",b'this'
react-native,../repos/react-native/packages/react-native/ReactCommon/react/renderer/uimanager/tests/PointerEventsProcessorTest.cpp,"(186, 10)-(186, 14)",b'this'
react-native,../repos/react-native/packages/react-native/ReactCommon/react/renderer/uimanager/tests/PointerEventsProcessorTest.cpp,"(187, 59)-(187, 63)",b'this'
react-native,../repos/react-native/packages/react-native/ReactCommon/react/renderer/componentregistry/ComponentDescriptorProviderRegistry.cpp,"(72, 20)-(72, 24)",b'this'
react-native,../repos/react-native/packages/react-native/ReactCommon/react/renderer/leakchecker/LeakChecker.cpp,"(30, 23)-(30, 27)",b'this'
react-native,../repos/react-native/packages/react-native/ReactCommon/react/renderer/attributedstring/AttributedString.cpp,"(51, 13)-(51, 17)",b'this'
react-native,../repos/react-native/packages/react-native/ReactCommon/react/renderer/attributedstring/AttributedString.cpp,"(135, 13)-(135, 17)",b'this'
react-native,../repos/react-native/packages/react-native/ReactCommon/react/renderer/attributedstring/AttributedStringBox.cpp,"(57, 7)-(57, 11)",b'this'
react-native,../repos/react-native/packages/react-native/ReactCommon/react/renderer/attributedstring/AttributedStringBox.cpp,"(64, 11)-(64, 15)",b'this'
react-native,../repos/react-native/packages/react-native/ReactCommon/react/renderer/attributedstring/ParagraphAttributes.cpp,"(37, 13)-(37, 17)",b'this'
react-native,../repos/react-native/packages/react-native/ReactCommon/react/renderer/attributedstring/TextAttributes.cpp,"(171, 13)-(171, 17)",b'this'
react-native,../repos/react-native/packages/react-native/ReactCommon/react/renderer/components/scrollview/primitives.h,"(34, 21)-(34, 25)",b'this'
react-native,../repos/react-native/packages/react-native/ReactCommon/react/renderer/components/scrollview/primitives.h,"(34, 47)-(34, 51)",b'this'
react-native,../repos/react-native/packages/react-native/ReactCommon/react/renderer/components/scrollview/primitives.h,"(39, 15)-(39, 19)",b'this'
react-native,../repos/react-native/packages/react-native/ReactCommon/react/renderer/components/text/ParagraphState.cpp,"(17, 21)-(17, 25)",b'this'
react-native,../repos/react-native/packages/react-native/ReactCommon/react/renderer/components/text/ParagraphState.cpp,"(21, 23)-(21, 27)",b'this'
react-native,../repos/react-native/packages/react-native/ReactCommon/react/renderer/components/text/ParagraphShadowNode.cpp,"(58, 42)-(58, 46)",b'this'
react-native,../repos/react-native/packages/react-native/ReactCommon/react/renderer/components/text/ParagraphShadowNode.cpp,"(201, 64)-(201, 68)",b'this'
react-native,../repos/react-native/packages/react-native/ReactCommon/react/renderer/components/text/ParagraphShadowNode.cpp,"(255, 30)-(255, 34)",b'this'
react-native,../repos/react-native/packages/react-native/ReactCommon/react/renderer/components/text/ParagraphShadowNode.cpp,"(256, 5)-(256, 9)",b'this'
react-native,../repos/react-native/packages/react-native/ReactCommon/react/renderer/components/view/PointerEvent.cpp,"(14, 44)-(14, 48)",b'this'
react-native,../repos/react-native/packages/react-native/ReactCommon/react/renderer/components/view/PointerEvent.cpp,"(15, 43)-(15, 47)",b'this'
react-native,../repos/react-native/packages/react-native/ReactCommon/react/renderer/components/view/PointerEvent.cpp,"(16, 46)-(16, 50)",b'this'
react-native,../repos/react-native/packages/react-native/ReactCommon/react/renderer/components/view/PointerEvent.cpp,"(17, 42)-(17, 46)",b'this'
react-native,../repos/react-native/packages/react-native/ReactCommon/react/renderer/components/view/PointerEvent.cpp,"(18, 42)-(18, 46)",b'this'
react-native,../repos/react-native/packages/react-native/ReactCommon/react/renderer/components/view/PointerEvent.cpp,"(20, 36)-(20, 40)",b'this'
react-native,../repos/react-native/packages/react-native/ReactCommon/react/renderer/components/view/PointerEvent.cpp,"(21, 36)-(21, 40)",b'this'
react-native,../repos/react-native/packages/react-native/ReactCommon/react/renderer/components/view/PointerEvent.cpp,"(24, 40)-(24, 44)",b'this'
react-native,../repos/react-native/packages/react-native/ReactCommon/react/renderer/components/view/PointerEvent.cpp,"(25, 40)-(25, 44)",b'this'
react-native,../repos/react-native/packages/react-native/ReactCommon/react/renderer/components/view/PointerEvent.cpp,"(26, 42)-(26, 46)",b'this'
react-native,../repos/react-native/packages/react-native/ReactCommon/react/renderer/components/view/PointerEvent.cpp,"(27, 42)-(27, 46)",b'this'
react-native,../repos/react-native/packages/react-native/ReactCommon/react/renderer/components/view/PointerEvent.cpp,"(28, 42)-(28, 46)",b'this'
react-native,../repos/react-native/packages/react-native/ReactCommon/react/renderer/components/view/PointerEvent.cpp,"(29, 42)-(29, 46)",b'this'
react-native,../repos/react-native/packages/react-native/ReactCommon/react/renderer/components/view/PointerEvent.cpp,"(30, 40)-(30, 44)",b'this'
react-native,../repos/react-native/packages/react-native/ReactCommon/react/renderer/components/view/PointerEvent.cpp,"(31, 41)-(31, 45)",b'this'
react-native,../repos/react-native/packages/react-native/ReactCommon/react/renderer/components/view/PointerEvent.cpp,"(32, 40)-(32, 44)",b'this'
react-native,../repos/react-native/packages/react-native/ReactCommon/react/renderer/components/view/PointerEvent.cpp,"(33, 40)-(33, 44)",b'this'
react-native,../repos/react-native/packages/react-native/ReactCommon/react/renderer/components/view/PointerEvent.cpp,"(34, 41)-(34, 45)",b'this'
react-native,../repos/react-native/packages/react-native/ReactCommon/react/renderer/components/view/PointerEvent.cpp,"(35, 42)-(35, 46)",b'this'
react-native,../repos/react-native/packages/react-native/ReactCommon/react/renderer/components/view/PointerEvent.cpp,"(36, 53)-(36, 57)",b'this'
react-native,../repos/react-native/packages/react-native/ReactCommon/react/renderer/components/view/PointerEvent.cpp,"(37, 40)-(37, 44)",b'this'
react-native,../repos/react-native/packages/react-native/ReactCommon/react/renderer/components/view/PointerEvent.cpp,"(38, 42)-(38, 46)",b'this'
react-native,../repos/react-native/packages/react-native/ReactCommon/react/renderer/components/view/PointerEvent.cpp,"(39, 43)-(39, 47)",b'this'
react-native,../repos/react-native/packages/react-native/ReactCommon/react/renderer/components/view/PointerEvent.cpp,"(40, 41)-(40, 45)",b'this'
react-native,../repos/react-native/packages/react-native/ReactCommon/react/renderer/components/view/PointerEvent.cpp,"(41, 42)-(41, 46)",b'this'
react-native,../repos/react-native/packages/react-native/ReactCommon/react/renderer/components/view/PointerEvent.cpp,"(42, 44)-(42, 48)",b'this'
react-native,../repos/react-native/packages/react-native/ReactCommon/react/renderer/components/view/PointerEvent.cpp,"(43, 41)-(43, 45)",b'this'
react-native,../repos/react-native/packages/react-native/ReactCommon/react/renderer/components/view/YogaLayoutableShadowNode.cpp,"(82, 24)-(82, 28)",b'this'
react-native,../repos/react-native/packages/react-native/ReactCommon/react/renderer/components/view/YogaLayoutableShadowNode.cpp,"(136, 24)-(136, 28)",b'this'
react-native,../repos/react-native/packages/react-native/ReactCommon/react/renderer/components/view/YogaLayoutableShadowNode.cpp,"(499, 62)-(499, 66)",b'this'
react-native,../repos/react-native/packages/react-native/ReactCommon/react/renderer/components/view/YogaLayoutableShadowNode.cpp,"(866, 37)-(866, 41)",b'this'
react-native,../repos/react-native/packages/react-native/ReactCommon/react/renderer/components/view/YogaLayoutableShadowNode.cpp,"(867, 32)-(867, 36)",b'this'
react-native,../repos/react-native/packages/react-native/ReactCommon/react/renderer/components/view/platform/android/react/renderer/components/view/NativeDrawable.h,"(29, 23)-(29, 27)",b'this'
react-native,../repos/react-native/packages/react-native/ReactCommon/react/renderer/components/view/platform/android/react/renderer/components/view/NativeDrawable.h,"(29, 36)-(29, 40)",b'this'
react-native,../repos/react-native/packages/react-native/ReactCommon/react/renderer/components/view/platform/android/react/renderer/components/view/NativeDrawable.h,"(29, 54)-(29, 58)",b'this'
react-native,../repos/react-native/packages/react-native/ReactCommon/react/renderer/components/view/platform/android/react/renderer/components/view/NativeDrawable.h,"(39, 9)-(39, 13)",b'this'
react-native,../repos/react-native/packages/react-native/ReactCommon/react/renderer/components/view/platform/android/react/renderer/components/view/NativeDrawable.h,"(43, 13)-(43, 17)",b'this'
react-native,../repos/react-native/packages/react-native/ReactCommon/react/renderer/components/view/platform/android/react/renderer/components/view/NativeDrawable.h,"(45, 16)-(45, 20)",b'this'
react-native,../repos/react-native/packages/react-native/ReactCommon/react/renderer/components/view/platform/android/react/renderer/components/view/NativeDrawable.h,"(47, 16)-(47, 20)",b'this'
react-native,../repos/react-native/packages/react-native/ReactCommon/react/renderer/components/view/platform/android/react/renderer/components/view/NativeDrawable.h,"(52, 15)-(52, 19)",b'this'
react-native,../repos/react-native/packages/react-native/ReactCommon/react/renderer/components/view/platform/android/react/renderer/components/view/ViewPropsMapBuffer.cpp,"(33, 32)-(33, 36)",b'this'
react-native,../repos/react-native/packages/react-native/ReactCommon/react/renderer/components/view/platform/android/react/renderer/components/view/AccessibilityPropsMapBuffer.cpp,"(83, 41)-(83, 45)",b'this'
react-native,../repos/react-native/packages/react-native/ReactCommon/react/renderer/components/view/platform/android/react/renderer/components/view/YogaStylablePropsMapBuffer.cpp,"(65, 40)-(65, 44)",b'this'
react-native,../repos/react-native/packages/react-native/ReactCommon/react/renderer/components/view/primitives.h,"(138, 16)-(138, 20)",b'this'
react-native,../repos/react-native/packages/react-native/ReactCommon/react/renderer/components/view/primitives.h,"(139, 16)-(139, 20)",b'this'
react-native,../repos/react-native/packages/react-native/ReactCommon/react/renderer/components/view/primitives.h,"(140, 16)-(140, 20)",b'this'
react-native,../repos/react-native/packages/react-native/ReactCommon/react/renderer/components/view/primitives.h,"(141, 16)-(141, 20)",b'this'
react-native,../repos/react-native/packages/react-native/ReactCommon/react/renderer/components/view/primitives.h,"(142, 16)-(142, 20)",b'this'
react-native,../repos/react-native/packages/react-native/ReactCommon/react/renderer/components/view/primitives.h,"(143, 16)-(143, 20)",b'this'
react-native,../repos/react-native/packages/react-native/ReactCommon/react/renderer/components/view/primitives.h,"(144, 16)-(144, 20)",b'this'
react-native,../repos/react-native/packages/react-native/ReactCommon/react/renderer/components/view/primitives.h,"(145, 16)-(145, 20)",b'this'
react-native,../repos/react-native/packages/react-native/ReactCommon/react/renderer/components/view/primitives.h,"(146, 16)-(146, 20)",b'this'
react-native,../repos/react-native/packages/react-native/ReactCommon/react/renderer/components/view/primitives.h,"(147, 16)-(147, 20)",b'this'
react-native,../repos/react-native/packages/react-native/ReactCommon/react/renderer/components/view/primitives.h,"(148, 16)-(148, 20)",b'this'
react-native,../repos/react-native/packages/react-native/ReactCommon/react/renderer/components/view/primitives.h,"(149, 16)-(149, 20)",b'this'
react-native,../repos/react-native/packages/react-native/ReactCommon/react/renderer/components/view/primitives.h,"(166, 15)-(166, 19)",b'this'
react-native,../repos/react-native/packages/react-native/ReactCommon/react/renderer/components/view/primitives.h,"(214, 16)-(214, 20)",b'this'
react-native,../repos/react-native/packages/react-native/ReactCommon/react/renderer/components/view/primitives.h,"(215, 16)-(215, 20)",b'this'
react-native,../repos/react-native/packages/react-native/ReactCommon/react/renderer/components/view/primitives.h,"(216, 16)-(216, 20)",b'this'
react-native,../repos/react-native/packages/react-native/ReactCommon/react/renderer/components/view/primitives.h,"(217, 16)-(217, 20)",b'this'
react-native,../repos/react-native/packages/react-native/ReactCommon/react/renderer/components/view/primitives.h,"(218, 16)-(218, 20)",b'this'
react-native,../repos/react-native/packages/react-native/ReactCommon/react/renderer/components/view/primitives.h,"(219, 16)-(219, 20)",b'this'
react-native,../repos/react-native/packages/react-native/ReactCommon/react/renderer/components/view/primitives.h,"(220, 16)-(220, 20)",b'this'
react-native,../repos/react-native/packages/react-native/ReactCommon/react/renderer/components/view/primitives.h,"(221, 16)-(221, 20)",b'this'
react-native,../repos/react-native/packages/react-native/ReactCommon/react/renderer/components/view/primitives.h,"(222, 16)-(222, 20)",b'this'
react-native,../repos/react-native/packages/react-native/ReactCommon/react/renderer/components/view/primitives.h,"(223, 16)-(223, 20)",b'this'
react-native,../repos/react-native/packages/react-native/ReactCommon/react/renderer/components/view/primitives.h,"(224, 16)-(224, 20)",b'this'
react-native,../repos/react-native/packages/react-native/ReactCommon/react/renderer/components/view/primitives.h,"(225, 16)-(225, 20)",b'this'
react-native,../repos/react-native/packages/react-native/ReactCommon/react/renderer/components/view/primitives.h,"(226, 16)-(226, 20)",b'this'
react-native,../repos/react-native/packages/react-native/ReactCommon/react/renderer/components/view/primitives.h,"(244, 15)-(244, 19)",b'this'
react-native,../repos/react-native/packages/react-native/ReactCommon/react/renderer/components/view/primitives.h,"(269, 16)-(269, 20)",b'this'
react-native,../repos/react-native/packages/react-native/ReactCommon/react/renderer/components/view/primitives.h,"(270, 16)-(270, 20)",b'this'
react-native,../repos/react-native/packages/react-native/ReactCommon/react/renderer/components/view/primitives.h,"(271, 16)-(271, 20)",b'this'
react-native,../repos/react-native/packages/react-native/ReactCommon/react/renderer/components/view/primitives.h,"(272, 16)-(272, 20)",b'this'
react-native,../repos/react-native/packages/react-native/ReactCommon/react/renderer/components/view/primitives.h,"(273, 16)-(273, 20)",b'this'
react-native,../repos/react-native/packages/react-native/ReactCommon/react/renderer/components/view/primitives.h,"(283, 15)-(283, 19)",b'this'
react-native,../repos/react-native/packages/react-native/ReactCommon/react/renderer/components/root/RootShadowNode.cpp,"(47, 8)-(47, 12)",b'this'
react-native,../repos/react-native/packages/react-native/ReactCommon/react/renderer/components/textinput/platform/ios/react/renderer/components/iostextinput/TextInputShadowNode.cpp,"(71, 24)-(71, 28)",b'this'
react-native,../repos/react-native/packages/react-native/ReactCommon/react/renderer/components/textinput/platform/android/react/renderer/components/androidtextinput/AndroidTextInputShadowNode.cpp,"(43, 29)-(43, 33)",b'this'
react-native,../repos/react-native/packages/react-native/ReactCommon/react/renderer/components/textinput/platform/android/react/renderer/components/androidtextinput/AndroidTextInputShadowNode.cpp,"(57, 45)-(57, 49)",b'this'
react-native,../repos/react-native/packages/react-native/ReactCommon/react/renderer/components/textinput/platform/android/react/renderer/components/androidtextinput/AndroidTextInputShadowNode.cpp,"(87, 43)-(87, 47)",b'this'
react-native,../repos/react-native/packages/react-native/ReactCommon/react/renderer/components/textinput/platform/android/react/renderer/components/androidtextinput/AndroidTextInputProps.cpp,"(364, 36)-(364, 40)",b'this'
react-native,../repos/react-native/packages/react-native/ReactCommon/react/renderer/observers/mutation/MutationObserverManager.cpp,"(83, 33)-(83, 37)",b'this'
react-native,../repos/react-native/packages/react-native/ReactCommon/react/renderer/observers/mutation/MutationObserverManager.cpp,"(95, 35)-(95, 39)",b'this'
react-native,../repos/react-native/packages/react-native/ReactCommon/react/renderer/observers/intersection/IntersectionObserverState.cpp,"(58, 13)-(58, 17)",b'this'
react-native,../repos/react-native/packages/react-native/ReactCommon/react/renderer/observers/intersection/IntersectionObserverManager.cpp,"(129, 32)-(129, 36)",b'this'
react-native,../repos/react-native/packages/react-native/ReactCommon/react/renderer/observers/intersection/IntersectionObserverManager.cpp,"(141, 34)-(141, 38)",b'this'
react-native,../repos/react-native/packages/react-native/ReactCommon/react/bridging/Promise.h,"(31, 14)-(31, 18)",b'this'
react-native,../repos/react-native/packages/react-native/ReactCommon/react/bridging/Convert.h,"(83, 45)-(83, 49)",b'this'
react-native,../repos/react-native/packages/react-native/ReactCommon/react/bridging/LongLivedObject.cpp,"(46, 43)-(46, 47)",b'this'
react-native,../repos/react-native/packages/react-native/ReactCommon/jsinspector-modern/tests/InspectorMocks.h,"(31, 17)-(31, 21)",b'this'
react-native,../repos/react-native/packages/react-native/ReactCommon/jsinspector-modern/tests/InspectorMocks.h,"(43, 27)-(43, 31)",b'this'
react-native,../repos/react-native/packages/react-native/ReactCommon/jsinspector-modern/tests/InspectorMocks.h,"(89, 14)-(89, 18)",b'this'
react-native,../repos/react-native/packages/react-native/ReactCommon/jsinspector-modern/tests/InspectorMocks.h,"(90, 34)-(90, 38)",b'this'
react-native,../repos/react-native/packages/react-native/ReactCommon/jsinspector-modern/tests/UniquePtrFactory.h,"(45, 35)-(45, 39)",b'this'
react-native,../repos/react-native/packages/react-native/ReactCommon/jsinspector-modern/tests/UniquePtrFactory.h,"(56, 13)-(56, 17)",b'this'
react-native,../repos/react-native/packages/react-native/ReactCommon/jsinspector-modern/tests/InspectorPackagerConnectionTest.cpp,"(1214, 8)-(1214, 12)",b'this'
react-native,../repos/react-native/packages/react-native/ReactCommon/yoga/yoga/style/Style.h,"(468, 15)-(468, 19)",b'this'
react-native,../repos/react-native/packages/react-native/ReactCommon/yoga/yoga/style/SmallValueBuffer.h,"(27, 6)-(27, 10)",b'this'
react-native,../repos/react-native/packages/react-native/ReactCommon/yoga/yoga/style/SmallValueBuffer.h,"(116, 13)-(116, 17)",b'this'
react-native,../repos/react-native/packages/react-native/ReactCommon/yoga/yoga/config/Config.cpp,"(102, 11)-(102, 15)",b'this'
react-native,../repos/react-native/packages/react-native/ReactCommon/yoga/yoga/node/LayoutResults.h,"(106, 15)-(106, 19)",b'this'
react-native,../repos/react-native/packages/react-native/ReactCommon/yoga/yoga/node/Node.cpp,"(47, 17)-(47, 21)",b'this'
react-native,../repos/react-native/packages/react-native/ReactCommon/yoga/yoga/node/Node.cpp,"(57, 7)-(57, 11)",b'this'
react-native,../repos/react-native/packages/react-native/ReactCommon/yoga/yoga/node/Node.cpp,"(61, 24)-(61, 28)",b'this'
react-native,../repos/react-native/packages/react-native/ReactCommon/yoga/yoga/node/Node.cpp,"(85, 9)-(85, 13)",b'this'
react-native,../repos/react-native/packages/react-native/ReactCommon/yoga/yoga/node/Node.cpp,"(130, 18)-(130, 22)",b'this'
react-native,../repos/react-native/packages/react-native/ReactCommon/yoga/yoga/node/Node.cpp,"(298, 30)-(298, 34)",b'this'
react-native,../repos/react-native/packages/react-native/ReactCommon/yoga/yoga/node/Node.cpp,"(299, 52)-(299, 56)",b'this'
react-native,../repos/react-native/packages/react-native/ReactCommon/yoga/yoga/node/Node.cpp,"(300, 23)-(300, 27)",b'this'
react-native,../repos/react-native/packages/react-native/ReactCommon/yoga/yoga/node/Node.cpp,"(353, 7)-(353, 11)",b'this'
react-native,../repos/react-native/packages/react-native/ReactCommon/yoga/yoga/node/Node.cpp,"(357, 7)-(357, 11)",b'this'
react-native,../repos/react-native/packages/react-native/ReactCommon/yoga/yoga/node/Node.cpp,"(359, 4)-(359, 8)",b'this'
react-native,../repos/react-native/packages/react-native/ReactCommon/yoga/yoga/enums/YogaEnums.h,"(66, 15)-(66, 19)",b'this'
