Repo name,File name,Location,Content
react-native,../repos/react-native/packages/react-native/Libraries/MutationObserver/NativeMutationObserver.h,"(19, 1)-(26, 15)",b'using NativeMutationObserverObserveOptions =\n...'
react-native,../repos/react-native/packages/react-native/Libraries/MutationObserver/NativeMutationObserver.h,"(33, 1)-(41, 30)",b'using NativeMutationRecord = NativeMutationOb...'
react-native,../repos/react-native/packages/react-native/Libraries/IntersectionObserver/NativeIntersectionObserver.h,"(19, 1)-(19, 66)",b'using NativeIntersectionObserverIntersectionO...'
react-native,../repos/react-native/packages/react-native/Libraries/IntersectionObserver/NativeIntersectionObserver.h,"(20, 1)-(20, 60)","b'using RectAsTuple = std::tuple<Float, Float, ...'"
react-native,../repos/react-native/packages/react-native/Libraries/IntersectionObserver/NativeIntersectionObserver.h,"(22, 1)-(29, 29)",b'using NativeIntersectionObserverObserveOption...'
react-native,../repos/react-native/packages/react-native/Libraries/IntersectionObserver/NativeIntersectionObserver.h,"(36, 1)-(51, 17)",b'using NativeIntersectionObserverEntry =\n    N...'
react-native,../repos/react-native/packages/react-native/Libraries/WebPerformance/NativePerformanceObserver.h,"(21, 1)-(21, 41)",b'using RawPerformanceEntryType = int32_t;'
react-native,../repos/react-native/packages/react-native/Libraries/WebPerformance/NativePerformanceObserver.h,"(23, 1)-(31, 30)",b'using RawPerformanceEntry = NativePerformance...'
react-native,../repos/react-native/packages/react-native/Libraries/WebPerformance/NativePerformanceObserver.h,"(38, 1)-(41, 19)",b'using GetPendingEntriesResult =\n    NativePer...'
react-native,../repos/react-native/packages/react-native/Libraries/WebPerformance/PerformanceEntryReporter.cpp,"(322, 1)-(323, 62)",b'using SupportedEventTypeRegistry =\n    std::u...'
react-native,../repos/react-native/packages/react-native/Libraries/WebPerformance/PerformanceEntryReporter.h,"(40, 1)-(43, 28)",b'using PerformanceEntryRegistryType = std::uno...'
react-native,../repos/react-native/packages/react-native/Libraries/FBLazyVector/FBLazyVector/FBLazyVector.h,"(26, 3)-(26, 24)",b'using value_type = T;'
react-native,../repos/react-native/packages/react-native/Libraries/FBLazyVector/FBLazyVector/FBLazyVector.h,"(27, 3)-(27, 23)",b'using reference = T;'
react-native,../repos/react-native/packages/react-native/Libraries/FBLazyVector/FBLazyVector/FBLazyVector.h,"(28, 3)-(28, 29)",b'using const_reference = T;'
react-native,../repos/react-native/packages/react-native/Libraries/FBLazyVector/FBLazyVector/FBLazyVector.h,"(29, 3)-(29, 45)","b'using const_iterator = LazyIterator<T, U>;'"
react-native,../repos/react-native/packages/react-native/Libraries/FBLazyVector/FBLazyVector/FBLazyVector.h,"(30, 3)-(30, 35)",b'using iterator = const_iterator;'
react-native,../repos/react-native/packages/react-native/Libraries/FBLazyVector/FBLazyVector/FBLazyVector.h,"(31, 3)-(31, 34)",b'using size_type = std::int32_t;'
react-native,../repos/react-native/packages/react-native/Libraries/FBLazyVector/FBLazyVector/FBLazyVector.h,"(32, 3)-(32, 44)",b'using convert_type = std::function<T(U)>;'
react-native,../repos/react-native/packages/react-native/Libraries/FBLazyVector/FBLazyVector/FBLazyIterator.h,"(18, 3)-(18, 24)",b'using value_type = T;'
react-native,../repos/react-native/packages/react-native/Libraries/FBLazyVector/FBLazyVector/FBLazyIterator.h,"(19, 3)-(19, 38)",b'using pointer = std::unique_ptr<T>;'
react-native,../repos/react-native/packages/react-native/Libraries/FBLazyVector/FBLazyVector/FBLazyIterator.h,"(20, 3)-(20, 23)",b'using reference = T;'
react-native,../repos/react-native/packages/react-native/Libraries/FBLazyVector/FBLazyVector/FBLazyIterator.h,"(21, 3)-(21, 61)",b'using iterator_category = std::random_access_...'
react-native,../repos/react-native/packages/react-native/Libraries/FBLazyVector/FBLazyVector/FBLazyIterator.h,"(22, 3)-(22, 40)",b'using difference_type = std::int32_t;'
react-native,../repos/react-native/packages/react-native/Libraries/FBLazyVector/FBLazyVector/FBLazyIterator.h,"(23, 3)-(23, 34)",b'using size_type = std::int32_t;'
react-native,../repos/react-native/packages/react-native/Libraries/FBLazyVector/FBLazyVector/FBLazyIterator.h,"(24, 3)-(24, 44)",b'using convert_type = std::function<T(U)>;'
react-native,../repos/react-native/packages/react-native/Libraries/TypeSafety/RCTConvertHelpers.h,"(18, 1)-(18, 42)","b'using LazyVector = FB::LazyVector<T, id>;'"
react-native,../repos/react-native/packages/react-native/Libraries/TypeSafety/RCTTypedModuleConstants.h,"(38, 1)-(38, 65)",b'using ModuleConstants = _RCTTypedModuleConsta...'
react-native,../repos/react-native/packages/react-native/React/Fabric/RCTConversions.h,"(90, 3)-(90, 68)",b'using AccessibilityTraits = facebook::react::...'
react-native,../repos/react-native/packages/react-native/ReactAndroid/src/main/jni/react/jni/MethodInvoker.cpp,"(31, 1)-(31, 57)",b'using dynamic_iterator = folly::dynamic::cons...'
react-native,../repos/react-native/packages/react-native/ReactAndroid/src/main/jni/react/jni/JCallback.h,"(40, 3)-(40, 56)",b'using Callback = std::function<void(folly::dy...'
react-native,../repos/react-native/packages/react-native/ReactAndroid/src/main/jni/react/jni/JniJSModulesUnbundle.cpp,"(18, 1)-(18, 33)",b'using magic_number_t = uint32_t;'
react-native,../repos/react-native/packages/react-native/ReactAndroid/src/main/jni/react/jni/JniJSModulesUnbundle.cpp,"(24, 1)-(25, 68)","b'using asset_ptr =\n    std::unique_ptr<AAsset,...'"
react-native,../repos/react-native/packages/react-native/ReactAndroid/src/main/jni/react/devsupport/JCxxInspectorPackagerConnection.h,"(40, 3)-(40, 69)",b'using JDelegateImpl = JCxxInspectorPackagerCo...'
react-native,../repos/react-native/packages/react-native/ReactAndroid/src/main/jni/react/devsupport/JCxxInspectorPackagerConnectionDelegateImpl.cpp,"(24, 3)-(24, 63)",b'using JWebSocket = JCxxInspectorPackagerConne...'
react-native,../repos/react-native/packages/react-native/ReactAndroid/src/main/jni/react/devsupport/JCxxInspectorPackagerConnectionDelegateImpl.cpp,"(25, 3)-(25, 79)",b'using JWebSocketDelegate = JCxxInspectorPacka...'
react-native,../repos/react-native/packages/react-native/ReactAndroid/src/main/jni/react/turbomodule/ReactCommon/TurboModuleManager.h,"(47, 3)-(48, 76)",b'using ModuleCache =\n      std::unordered_map<...'
react-native,../repos/react-native/packages/react-native/ReactCommon/jsiexecutor/jsireact/JSIExecutor.h,"(50, 1)-(52, 57)",b'using JSIScopedTimeoutInvoker = std::function...'
react-native,../repos/react-native/packages/react-native/ReactCommon/jsiexecutor/jsireact/JSIExecutor.h,"(73, 3)-(73, 71)",b'using RuntimeInstaller = std::function<void(j...'
react-native,../repos/react-native/packages/react-native/ReactCommon/jsiexecutor/jsireact/JSIExecutor.h,"(135, 1)-(136, 76)",b'using Logger =\n    std::function<void(const s...'
react-native,../repos/react-native/packages/react-native/ReactCommon/cxxreact/ReactMarker.h,"(40, 1)-(41, 63)",b'using LogTaggedMarker =\n    std::function<voi...'
react-native,../repos/react-native/packages/react-native/ReactCommon/cxxreact/ReactMarker.h,"(42, 1)-(43, 63)",b'using LogTaggedMarkerBridgeless =\n    std::fu...'
react-native,../repos/react-native/packages/react-native/ReactCommon/cxxreact/tests/jsarg_helpers.cpp,"(16, 1)-(16, 32)",b'using dynamic = folly::dynamic;'
react-native,../repos/react-native/packages/react-native/ReactCommon/cxxreact/tests/methodcall.cpp,"(17, 1)-(17, 32)",b'using dynamic = folly::dynamic;'
react-native,../repos/react-native/packages/react-native/ReactCommon/cxxreact/SystraceSection.h,"(47, 1)-(47, 49)",b'using SystraceSection = ConcreteSystraceSection;'
react-native,../repos/react-native/packages/react-native/ReactCommon/cxxreact/SystraceSection.h,"(56, 1)-(56, 46)",b'using SystraceSection = DummySystraceSection;'
react-native,../repos/react-native/packages/react-native/ReactCommon/cxxreact/NativeModule.h,"(27, 1)-(27, 56)",b'using MethodCallResult = std::optional<folly:...'
react-native,../repos/react-native/packages/react-native/ReactCommon/jserrorhandler/JsErrorHandler.h,"(28, 3)-(28, 71)",b'using JsErrorHandlingFunc = std::function<voi...'
react-native,../repos/react-native/packages/react-native/ReactCommon/hermes/inspector-modern/chrome/Registration.h,"(23, 1)-(23, 31)",b'using DebugSessionToken = int;'
react-native,../repos/react-native/packages/react-native/ReactCommon/jsi/jsi/instrumentation.h,"(62, 3)-(62, 68)","b'using HeapStatsUpdate = std::tuple<uint64_t, ...'"
react-native,../repos/react-native/packages/react-native/ReactCommon/jsi/jsi/jsi.h,"(111, 1)-(112, 80)",b'using HostFunctionType = std::function<\n    V...'
react-native,../repos/react-native/packages/react-native/ReactCommon/jsi/jsi/test/testlib.h,"(22, 1)-(22, 66)",b'using RuntimeFactory = std::function<std::uni...'
react-native,../repos/react-native/packages/react-native/ReactCommon/jsi/jsi/decorator.h,"(523, 3)-(523, 44)","b'using RD = RuntimeDecorator<Plain, Base>;'"
react-native,../repos/react-native/packages/react-native/ReactCommon/runtimeexecutor/ReactCommon/RuntimeExecutor.h,"(25, 1)-(26, 80)",b'using RuntimeExecutor =\n    std::function<voi...'
react-native,../repos/react-native/packages/react-native/ReactCommon/react/runtime/ReactInstance.h,"(30, 3)-(30, 74)",b'using BindingsInstallFunc = std::function<voi...'
react-native,../repos/react-native/packages/react-native/ReactCommon/react/runtime/PlatformTimerRegistry.h,"(30, 1)-(30, 52)",b'using TimerManagerDelegate = PlatformTimerReg...'
react-native,../repos/react-native/packages/react-native/ReactCommon/react/runtime/BufferedRuntimeExecutor.h,"(18, 3)-(18, 59)",b'using Work = std::function<void(jsi::Runtime&...'
react-native,../repos/react-native/packages/react-native/ReactCommon/react/runtime/nativeviewconfig/LegacyUIManagerConstantsProviderBinding.h,"(14, 1)-(14, 50)",b'using ProviderType = std::function<jsi::Value()>;'
react-native,../repos/react-native/packages/react-native/ReactCommon/react/runtime/platform/ios/ReactCommon/RCTHermesInstance.h,"(18, 1)-(19, 66)",b'using CrashManagerProvider =\n    std::functio...'
react-native,../repos/react-native/packages/react-native/ReactCommon/react/runtime/TimerManager.cpp,"(362, 13)-(362, 65)",b'using CallbackContainer = std::tuple<jsi::Fun...'
react-native,../repos/react-native/packages/react-native/ReactCommon/react/test_utils/shadowTreeGeneration.h,"(259, 1)-(260, 81)",b'using ShadowNodeAlteration = std::function<\n ...'
react-native,../repos/react-native/packages/react-native/ReactCommon/react/test_utils/Entropy.h,"(22, 3)-(22, 34)",b'using Generator = std::mt19937;'
react-native,../repos/react-native/packages/react-native/ReactCommon/react/utils/Telemetry.h,"(18, 1)-(18, 50)",b'using TelemetryClock = std::chrono::steady_clock;'
react-native,../repos/react-native/packages/react-native/ReactCommon/react/utils/Telemetry.h,"(23, 1)-(23, 55)",b'using TelemetryTimePoint = TelemetryClock::ti...'
react-native,../repos/react-native/packages/react-native/ReactCommon/react/utils/Telemetry.h,"(28, 1)-(28, 52)",b'using TelemetryDuration = std::chrono::nanose...'
react-native,../repos/react-native/packages/react-native/ReactCommon/react/utils/SharedFunction.h,"(28, 3)-(28, 32)",b'using T = void(ArgumentT...);'
react-native,../repos/react-native/packages/react-native/ReactCommon/react/utils/RunLoopObserver.h,"(21, 3)-(21, 57)",b'using Unique = std::unique_ptr<const RunLoopO...'
react-native,../repos/react-native/packages/react-native/ReactCommon/react/utils/RunLoopObserver.h,"(41, 3)-(41, 45)",b'using Owner = std::shared_ptr<const void>;'
react-native,../repos/react-native/packages/react-native/ReactCommon/react/utils/RunLoopObserver.h,"(42, 3)-(42, 47)",b'using WeakOwner = std::weak_ptr<const void>;'
react-native,../repos/react-native/packages/react-native/ReactCommon/react/utils/RunLoopObserver.h,"(72, 3)-(74, 32)",b'using Factory = std::function<std::unique_ptr...'
react-native,../repos/react-native/packages/react-native/ReactCommon/react/utils/ContextContainer.h,"(28, 3)-(28, 58)",b'using Shared = std::shared_ptr<const ContextC...'
react-native,../repos/react-native/packages/react-native/ReactCommon/react/nativemodule/core/platform/ios/ReactCommon/RCTTurboModule.h,"(151, 3)-(151, 119)",b'using PromiseInvocationBlock = void (^)(RCTPr...'
react-native,../repos/react-native/packages/react-native/ReactCommon/react/nativemodule/core/ReactCommon/TurboModuleUtils.h,"(34, 1)-(35, 69)",b'using PromiseSetupFunctionType =\n    std::fun...'
react-native,../repos/react-native/packages/react-native/ReactCommon/react/nativemodule/core/ReactCommon/TurboModule.h,"(93, 3)-(94, 81)",b'using ArgFactory =\n      std::function<void(j...'
react-native,../repos/react-native/packages/react-native/ReactCommon/react/nativemodule/core/ReactCommon/TurboModule.h,"(145, 1)-(146, 74)",b'using TurboModuleProviderFunctionType =\n    s...'
react-native,../repos/react-native/packages/react-native/ReactCommon/react/renderer/runtimescheduler/RuntimeScheduler.h,"(16, 1)-(16, 63)",b'using RuntimeSchedulerRenderingUpdate = std::...'
react-native,../repos/react-native/packages/react-native/ReactCommon/react/renderer/runtimescheduler/Task.h,"(23, 1)-(23, 56)",b'using RawCallback = std::function<void(jsi::R...'
react-native,../repos/react-native/packages/react-native/ReactCommon/react/renderer/runtimescheduler/RuntimeSchedulerClock.h,"(17, 1)-(17, 57)",b'using RuntimeSchedulerClock = std::chrono::st...'
react-native,../repos/react-native/packages/react-native/ReactCommon/react/renderer/runtimescheduler/RuntimeSchedulerClock.h,"(19, 1)-(19, 69)",b'using RuntimeSchedulerTimePoint = RuntimeSche...'
react-native,../repos/react-native/packages/react-native/ReactCommon/react/renderer/runtimescheduler/RuntimeSchedulerClock.h,"(20, 1)-(20, 66)",b'using RuntimeSchedulerDuration = RuntimeSched...'
react-native,../repos/react-native/packages/react-native/ReactCommon/react/renderer/scheduler/SurfaceHandler.cpp,"(16, 1)-(16, 39)",b'using Status = SurfaceHandler::Status;'
react-native,../repos/react-native/packages/react-native/ReactCommon/react/renderer/element/Element.h,"(32, 3)-(32, 61)",b'using ConcreteProps = typename ShadowNodeT::C...'
react-native,../repos/react-native/packages/react-native/ReactCommon/react/renderer/element/Element.h,"(33, 3)-(33, 68)",b'using SharedConcreteProps = std::shared_ptr<c...'
react-native,../repos/react-native/packages/react-native/ReactCommon/react/renderer/element/Element.h,"(34, 3)-(34, 61)",b'using ConcreteState = typename ShadowNodeT::C...'
react-native,../repos/react-native/packages/react-native/ReactCommon/react/renderer/element/Element.h,"(35, 3)-(35, 69)",b'using ConcreteStateData = typename ShadowNode...'
react-native,../repos/react-native/packages/react-native/ReactCommon/react/renderer/element/Element.h,"(36, 3)-(36, 68)",b'using SharedConcreteState = std::shared_ptr<c...'
react-native,../repos/react-native/packages/react-native/ReactCommon/react/renderer/element/Element.h,"(37, 3)-(37, 42)",b'using ConcreteShadowNode = ShadowNodeT;'
react-native,../repos/react-native/packages/react-native/ReactCommon/react/renderer/element/Element.h,"(38, 3)-(38, 74)",b'using ConcreteUnsharedShadowNode = std::share...'
react-native,../repos/react-native/packages/react-native/ReactCommon/react/renderer/element/Element.h,"(40, 3)-(41, 81)",b'using ConcreteReferenceCallback =\n      std::...'
react-native,../repos/react-native/packages/react-native/ReactCommon/react/renderer/element/ElementFragment.h,"(26, 3)-(26, 51)",b'using Shared = std::shared_ptr<ElementFragment>;'
react-native,../repos/react-native/packages/react-native/ReactCommon/react/renderer/element/ElementFragment.h,"(27, 3)-(27, 45)",b'using List = std::vector<ElementFragment>;'
react-native,../repos/react-native/packages/react-native/ReactCommon/react/renderer/element/ElementFragment.h,"(28, 3)-(28, 44)",b'using ListOfShared = std::vector<Shared>;'
react-native,../repos/react-native/packages/react-native/ReactCommon/react/renderer/element/ElementFragment.h,"(29, 3)-(30, 67)",b'using ReferenceCallback =\n      std::function...'
react-native,../repos/react-native/packages/react-native/ReactCommon/react/renderer/element/ElementFragment.h,"(31, 3)-(31, 72)",b'using FinalizeCallback = std::function<void(S...'
react-native,../repos/react-native/packages/react-native/ReactCommon/react/renderer/element/ElementFragment.h,"(32, 3)-(33, 68)",b'using StateCallback =\n      std::function<Sta...'
react-native,../repos/react-native/packages/react-native/ReactCommon/react/renderer/debug/DebugStringConvertible.h,"(25, 1)-(26, 51)",b'using SharedDebugStringConvertible =\n    std:...'
react-native,../repos/react-native/packages/react-native/ReactCommon/react/renderer/debug/DebugStringConvertible.h,"(27, 1)-(28, 47)",b'using SharedDebugStringConvertibleList =\n    ...'
react-native,../repos/react-native/packages/react-native/ReactCommon/react/renderer/debug/SystraceSection.h,"(47, 1)-(47, 49)",b'using SystraceSection = ConcreteSystraceSection;'
react-native,../repos/react-native/packages/react-native/ReactCommon/react/renderer/debug/SystraceSection.h,"(56, 1)-(56, 46)",b'using SystraceSection = DummySystraceSection;'
react-native,../repos/react-native/packages/react-native/ReactCommon/react/renderer/mounting/StubView.h,"(24, 3)-(24, 44)",b'using Shared = std::shared_ptr<StubView>;'
react-native,../repos/react-native/packages/react-native/ReactCommon/react/renderer/mounting/MountingCoordinator.h,"(37, 3)-(37, 61)",b'using Shared = std::shared_ptr<const Mounting...'
react-native,../repos/react-native/packages/react-native/ReactCommon/react/renderer/mounting/TelemetryController.h,"(20, 1)-(22, 48)",b'using MountingTransactionCallback = std::func...'
react-native,../repos/react-native/packages/react-native/ReactCommon/react/renderer/mounting/MountingTransaction.cpp,"(12, 1)-(12, 44)",b'using Number = MountingTransaction::Number;'
react-native,../repos/react-native/packages/react-native/ReactCommon/react/renderer/mounting/ShadowTreeRevision.h,"(28, 3)-(28, 26)",b'using Number = int64_t;'
react-native,../repos/react-native/packages/react-native/ReactCommon/react/renderer/mounting/ShadowView.h,"(66, 3)-(66, 58)",b'using NonOwningList = std::vector<ShadowViewN...'
react-native,../repos/react-native/packages/react-native/ReactCommon/react/renderer/mounting/ShadowView.h,"(67, 3)-(67, 54)",b'using OwningList = std::vector<ShadowViewNode...'
react-native,../repos/react-native/packages/react-native/ReactCommon/react/renderer/mounting/ShadowView.h,"(102, 3)-(102, 60)",b'using OwningList = std::vector<ShadowViewNode...'
react-native,../repos/react-native/packages/react-native/ReactCommon/react/renderer/mounting/ShadowViewMutation.h,"(23, 3)-(23, 48)",b'using List = std::vector<ShadowViewMutation>;'
react-native,../repos/react-native/packages/react-native/ReactCommon/react/renderer/mounting/ShadowViewMutation.h,"(123, 1)-(123, 64)",b'using ShadowViewMutationList = std::vector<Sh...'
react-native,../repos/react-native/packages/react-native/ReactCommon/react/renderer/mounting/Differentiator.cpp,"(66, 3)-(66, 40)","b'using Pair = std::pair<KeyT, ValueT>;'"
react-native,../repos/react-native/packages/react-native/ReactCommon/react/renderer/mounting/Differentiator.cpp,"(67, 3)-(67, 26)",b'using Iterator = Pair*;'
react-native,../repos/react-native/packages/react-native/ReactCommon/react/renderer/mounting/MountingTransaction.h,"(29, 3)-(29, 26)",b'using Number = int64_t;'
react-native,../repos/react-native/packages/react-native/ReactCommon/react/renderer/mounting/ShadowTree.h,"(25, 1)-(26, 47)",b'using ShadowTreeCommitTransaction = std::func...'
react-native,../repos/react-native/packages/react-native/ReactCommon/react/renderer/mounting/ShadowTree.h,"(33, 3)-(33, 46)",b'using Unique = std::unique_ptr<ShadowTree>;'
react-native,../repos/react-native/packages/react-native/ReactCommon/react/renderer/mounting/Differentiator.h,"(40, 1)-(40, 58)",b'using ViewNodePairScope = std::deque<ShadowVi...'
react-native,../repos/react-native/packages/react-native/ReactCommon/react/renderer/mounting/ShadowTree.cpp,"(25, 1)-(25, 47)",b'using CommitStatus = ShadowTree::CommitStatus;'
react-native,../repos/react-native/packages/react-native/ReactCommon/react/renderer/mounting/ShadowTree.cpp,"(26, 1)-(26, 43)",b'using CommitMode = ShadowTree::CommitMode;'
react-native,../repos/react-native/packages/react-native/ReactCommon/react/renderer/mapbuffer/MapBuffer.h,"(70, 3)-(70, 24)",b'using Key = uint16_t;'
react-native,../repos/react-native/packages/react-native/ReactCommon/react/renderer/imagemanager/ImageManager.h,"(21, 1)-(21, 58)",b'using SharedImageManager = std::shared_ptr<Im...'
react-native,../repos/react-native/packages/react-native/ReactCommon/react/renderer/imagemanager/primitives.h,"(37, 1)-(37, 47)",b'using ImageSources = std::vector<ImageSource>;'
react-native,../repos/react-native/packages/react-native/ReactCommon/react/renderer/timeline/TimelineSnapshot.h,"(20, 3)-(20, 46)",b'using List = std::vector<TimelineSnapshot>;'
react-native,../repos/react-native/packages/react-native/ReactCommon/react/renderer/timeline/TimelineFrame.h,"(30, 3)-(30, 43)",b'using List = std::vector<TimelineFrame>;'
react-native,../repos/react-native/packages/react-native/ReactCommon/react/renderer/timeline/TimelineController.h,"(27, 3)-(27, 60)",b'using Shared = std::shared_ptr<const Timeline...'
react-native,../repos/react-native/packages/react-native/ReactCommon/react/renderer/graphics/RectangleCorners.h,"(50, 1)-(50, 46)",b'using CornerInsets = RectangleCorners<Float>;'
react-native,../repos/react-native/packages/react-native/ReactCommon/react/renderer/graphics/RectangleEdges.h,"(73, 1)-(73, 42)",b'using EdgeInsets = RectangleEdges<Float>;'
react-native,../repos/react-native/packages/react-native/ReactCommon/react/renderer/graphics/platform/ios/react/renderer/graphics/Float.h,"(19, 1)-(19, 23)",b'using Float = CGFloat;'
react-native,../repos/react-native/packages/react-native/ReactCommon/react/renderer/graphics/platform/ios/react/renderer/graphics/HostPlatformColor.h,"(15, 1)-(15, 23)",b'using Color = int32_t;'
react-native,../repos/react-native/packages/react-native/ReactCommon/react/renderer/graphics/platform/cxx/react/renderer/graphics/Float.h,"(18, 1)-(18, 21)",b'using Float = float;'
react-native,../repos/react-native/packages/react-native/ReactCommon/react/renderer/graphics/platform/cxx/react/renderer/graphics/HostPlatformColor.h,"(15, 1)-(15, 23)",b'using Color = int32_t;'
react-native,../repos/react-native/packages/react-native/ReactCommon/react/renderer/graphics/platform/android/react/renderer/graphics/Float.h,"(18, 1)-(18, 21)",b'using Float = float;'
react-native,../repos/react-native/packages/react-native/ReactCommon/react/renderer/graphics/platform/android/react/renderer/graphics/HostPlatformColor.h,"(15, 1)-(15, 23)",b'using Color = int32_t;'
react-native,../repos/react-native/packages/react-native/ReactCommon/react/renderer/core/InstanceHandle.h,"(18, 3)-(18, 56)",b'using Shared = std::shared_ptr<const Instance...'
react-native,../repos/react-native/packages/react-native/ReactCommon/react/renderer/core/StatePipe.h,"(16, 1)-(16, 71)",b'using StatePipe = std::function<void(const St...'
react-native,../repos/react-native/packages/react-native/ReactCommon/react/renderer/core/ConcreteComponentDescriptor.h,"(37, 3)-(37, 64)",b'using SharedShadowNodeT = std::shared_ptr<con...'
react-native,../repos/react-native/packages/react-native/ReactCommon/react/renderer/core/ConcreteComponentDescriptor.h,"(40, 3)-(40, 42)",b'using ConcreteShadowNode = ShadowNodeT;'
react-native,../repos/react-native/packages/react-native/ReactCommon/react/renderer/core/ConcreteComponentDescriptor.h,"(41, 3)-(41, 61)",b'using ConcreteProps = typename ShadowNodeT::C...'
react-native,../repos/react-native/packages/react-native/ReactCommon/react/renderer/core/ConcreteComponentDescriptor.h,"(42, 3)-(42, 73)",b'using SharedConcreteProps = typename ShadowNo...'
react-native,../repos/react-native/packages/react-native/ReactCommon/react/renderer/core/ConcreteComponentDescriptor.h,"(43, 3)-(43, 75)",b'using ConcreteEventEmitter = typename ShadowN...'
react-native,../repos/react-native/packages/react-native/ReactCommon/react/renderer/core/ConcreteComponentDescriptor.h,"(44, 3)-(45, 56)",b'using SharedConcreteEventEmitter =\n      type...'
react-native,../repos/react-native/packages/react-native/ReactCommon/react/renderer/core/ConcreteComponentDescriptor.h,"(46, 3)-(46, 61)",b'using ConcreteState = typename ShadowNodeT::C...'
react-native,../repos/react-native/packages/react-native/ReactCommon/react/renderer/core/ConcreteComponentDescriptor.h,"(47, 3)-(47, 71)",b'using ConcreteStateData = typename ShadowNode...'
react-native,../repos/react-native/packages/react-native/ReactCommon/react/renderer/core/ConcreteShadowNode.h,"(48, 3)-(48, 32)",b'using ConcreteProps = PropsT;'
react-native,../repos/react-native/packages/react-native/ReactCommon/react/renderer/core/ConcreteShadowNode.h,"(49, 3)-(49, 61)",b'using SharedConcreteProps = std::shared_ptr<c...'
react-native,../repos/react-native/packages/react-native/ReactCommon/react/renderer/core/ConcreteShadowNode.h,"(50, 3)-(50, 57)",b'using UnsharedConcreteProps = std::shared_ptr...'
react-native,../repos/react-native/packages/react-native/ReactCommon/react/renderer/core/ConcreteShadowNode.h,"(51, 3)-(51, 46)",b'using ConcreteEventEmitter = EventEmitterT;'
react-native,../repos/react-native/packages/react-native/ReactCommon/react/renderer/core/ConcreteShadowNode.h,"(52, 3)-(52, 75)",b'using SharedConcreteEventEmitter = std::share...'
react-native,../repos/react-native/packages/react-native/ReactCommon/react/renderer/core/ConcreteShadowNode.h,"(53, 3)-(53, 78)",b'using SharedConcreteShadowNode = std::shared_...'
react-native,../repos/react-native/packages/react-native/ReactCommon/react/renderer/core/ConcreteShadowNode.h,"(54, 3)-(54, 51)",b'using ConcreteState = ConcreteState<StateDataT>;'
react-native,../repos/react-native/packages/react-native/ReactCommon/react/renderer/core/ConcreteShadowNode.h,"(55, 3)-(55, 40)",b'using ConcreteStateData = StateDataT;'
react-native,../repos/react-native/packages/react-native/ReactCommon/react/renderer/core/StateUpdate.h,"(17, 1)-(17, 72)",b'using SharedShadowNodeFamily = std::shared_pt...'
react-native,../repos/react-native/packages/react-native/ReactCommon/react/renderer/core/StateUpdate.h,"(21, 3)-(22, 71)",b'using Callback =\n      std::function<StateDat...'
react-native,../repos/react-native/packages/react-native/ReactCommon/react/renderer/core/StateUpdate.h,"(23, 3)-(23, 49)",b'using FailureCallback = std::function<void()>;'
react-native,../repos/react-native/packages/react-native/ReactCommon/react/renderer/core/ShadowNodeFragment.cpp,"(34, 1)-(34, 41)",b'using Value = ShadowNodeFragment::Value;'
react-native,../repos/react-native/packages/react-native/ReactCommon/react/renderer/core/LayoutableShadowNode.cpp,"(21, 1)-(21, 46)",b'using LayoutableSmallVector = std::vector<T>;'
react-native,../repos/react-native/packages/react-native/ReactCommon/react/renderer/core/State.h,"(27, 3)-(27, 47)",b'using Shared = std::shared_ptr<const State>;'
react-native,../repos/react-native/packages/react-native/ReactCommon/react/renderer/core/Props.h,"(30, 3)-(30, 47)",b'using Shared = std::shared_ptr<const Props>;'
react-native,../repos/react-native/packages/react-native/ReactCommon/react/renderer/core/ConcreteState.h,"(28, 3)-(28, 55)",b'using Shared = std::shared_ptr<const Concrete...'
react-native,../repos/react-native/packages/react-native/ReactCommon/react/renderer/core/ConcreteState.h,"(29, 3)-(29, 22)",b'using Data = DataT;'
react-native,../repos/react-native/packages/react-native/ReactCommon/react/renderer/core/ConcreteState.h,"(30, 3)-(30, 50)",b'using SharedData = std::shared_ptr<const Data>;'
react-native,../repos/react-native/packages/react-native/ReactCommon/react/renderer/core/EventEmitter.h,"(25, 1)-(25, 64)",b'using SharedEventEmitter = std::shared_ptr<co...'
react-native,../repos/react-native/packages/react-native/ReactCommon/react/renderer/core/EventEmitter.h,"(35, 3)-(35, 54)",b'using Shared = std::shared_ptr<const EventEmi...'
react-native,../repos/react-native/packages/react-native/ReactCommon/react/renderer/core/ComponentDescriptor.h,"(26, 1)-(26, 78)",b'using SharedComponentDescriptor = std::shared...'
react-native,../repos/react-native/packages/react-native/ReactCommon/react/renderer/core/ComponentDescriptor.h,"(36, 3)-(36, 61)",b'using Shared = std::shared_ptr<const Componen...'
react-native,../repos/react-native/packages/react-native/ReactCommon/react/renderer/core/ComponentDescriptor.h,"(37, 3)-(37, 61)",b'using Unique = std::unique_ptr<const Componen...'
react-native,../repos/react-native/packages/react-native/ReactCommon/react/renderer/core/ComponentDescriptor.h,"(48, 3)-(48, 46)",b'using Flavor = std::shared_ptr<const void>;'
react-native,../repos/react-native/packages/react-native/ReactCommon/react/renderer/core/LayoutableShadowNode.h,"(51, 3)-(51, 59)",b'using UnsharedList = std::vector<LayoutableSh...'
react-native,../repos/react-native/packages/react-native/ReactCommon/react/renderer/core/ShadowNode.h,"(33, 3)-(33, 52)",b'using Shared = std::shared_ptr<const ShadowNode>;'
react-native,../repos/react-native/packages/react-native/ReactCommon/react/renderer/core/ShadowNode.h,"(34, 3)-(34, 48)",b'using Weak = std::weak_ptr<const ShadowNode>;'
react-native,../repos/react-native/packages/react-native/ReactCommon/react/renderer/core/ShadowNode.h,"(35, 3)-(35, 48)",b'using Unshared = std::shared_ptr<ShadowNode>;'
react-native,../repos/react-native/packages/react-native/ReactCommon/react/renderer/core/ShadowNode.h,"(36, 3)-(36, 44)",b'using ListOfShared = std::vector<Shared>;'
react-native,../repos/react-native/packages/react-native/ReactCommon/react/renderer/core/ShadowNode.h,"(37, 3)-(37, 40)",b'using ListOfWeak = std::vector<Weak>;'
react-native,../repos/react-native/packages/react-native/ReactCommon/react/renderer/core/ShadowNode.h,"(38, 3)-(38, 66)",b'using SharedListOfShared = std::shared_ptr<co...'
react-native,../repos/react-native/packages/react-native/ReactCommon/react/renderer/core/ShadowNode.h,"(39, 3)-(39, 62)",b'using UnsharedListOfShared = std::shared_ptr<...'
react-native,../repos/react-native/packages/react-native/ReactCommon/react/renderer/core/ShadowNode.h,"(40, 3)-(40, 58)",b'using UnsharedListOfWeak = std::shared_ptr<Li...'
react-native,../repos/react-native/packages/react-native/ReactCommon/react/renderer/core/ShadowNode.h,"(42, 3)-(44, 30)",b'using AncestorList = std::vector<std::pair<\n ...'
react-native,../repos/react-native/packages/react-native/ReactCommon/react/renderer/core/tests/TestComponent.h,"(63, 1)-(63, 58)",b'using SharedTestProps = std::shared_ptr<const...'
react-native,../repos/react-native/packages/react-native/ReactCommon/react/renderer/core/tests/TestComponent.h,"(67, 1)-(67, 68)",b'using SharedTestShadowNode = std::shared_ptr<...'
react-native,../repos/react-native/packages/react-native/ReactCommon/react/renderer/core/StateData.h,"(25, 3)-(25, 46)",b'using Shared = std::shared_ptr<const void>;'
react-native,../repos/react-native/packages/react-native/ReactCommon/react/renderer/core/ShadowNodeFamily.cpp,"(19, 1)-(19, 47)",b'using AncestorList = ShadowNode::AncestorList;'
react-native,../repos/react-native/packages/react-native/ReactCommon/react/renderer/core/EventPipe.h,"(21, 1)-(26, 35)",b'using EventPipe = std::function<void(\n    jsi...'
react-native,../repos/react-native/packages/react-native/ReactCommon/react/renderer/core/EventPipe.h,"(28, 1)-(28, 72)",b'using EventPipeConclusion = std::function<voi...'
react-native,../repos/react-native/packages/react-native/ReactCommon/react/renderer/core/ReactPrimitives.h,"(19, 1)-(19, 21)",b'using Tag = int32_t;'
react-native,../repos/react-native/packages/react-native/ReactCommon/react/renderer/core/ReactPrimitives.h,"(24, 1)-(24, 27)",b'using SurfaceId = int32_t;'
react-native,../repos/react-native/packages/react-native/ReactCommon/react/renderer/core/ReactPrimitives.h,"(32, 1)-(32, 33)",b'using ComponentHandle = int64_t;'
react-native,../repos/react-native/packages/react-native/ReactCommon/react/renderer/core/ReactPrimitives.h,"(38, 1)-(38, 35)",b'using ComponentName = const char*;'
react-native,../repos/react-native/packages/react-native/ReactCommon/react/renderer/core/ShadowNodeFamily.h,"(44, 3)-(44, 58)",b'using Shared = std::shared_ptr<const ShadowNo...'
react-native,../repos/react-native/packages/react-native/ReactCommon/react/renderer/core/ShadowNodeFamily.h,"(45, 3)-(45, 54)",b'using Weak = std::weak_ptr<const ShadowNodeFa...'
react-native,../repos/react-native/packages/react-native/ReactCommon/react/renderer/core/ShadowNodeFamily.h,"(47, 3)-(49, 30)",b'using AncestorList = std::vector<std::pair<\n ...'
react-native,../repos/react-native/packages/react-native/ReactCommon/react/renderer/core/EventPayload.h,"(38, 1)-(38, 64)",b'using SharedEventPayload = std::shared_ptr<co...'
react-native,../repos/react-native/packages/react-native/ReactCommon/react/renderer/core/EventLogger.h,"(14, 1)-(14, 31)",b'using EventTag = unsigned int;'
react-native,../repos/react-native/packages/react-native/ReactCommon/react/renderer/core/ValueFactory.h,"(16, 1)-(16, 71)",b'using ValueFactory = std::function<jsi::Value...'
react-native,../repos/react-native/packages/react-native/ReactCommon/react/renderer/core/EventListener.h,"(22, 1)-(22, 66)",b'using EventListener = std::function<bool(cons...'
react-native,../repos/react-native/packages/react-native/ReactCommon/react/renderer/core/EventDispatcher.h,"(28, 3)-(28, 57)",b'using Shared = std::shared_ptr<const EventDis...'
react-native,../repos/react-native/packages/react-native/ReactCommon/react/renderer/core/EventDispatcher.h,"(29, 3)-(29, 53)",b'using Weak = std::weak_ptr<const EventDispatcher>;'
react-native,../repos/react-native/packages/react-native/ReactCommon/react/renderer/core/RawPropsPrimitives.h,"(17, 1)-(17, 37)",b'using RawPropsValueIndex = uint16_t;'
react-native,../repos/react-native/packages/react-native/ReactCommon/react/renderer/core/RawPropsPrimitives.h,"(21, 1)-(21, 41)",b'using RawPropsPropNameLength = uint16_t;'
react-native,../repos/react-native/packages/react-native/ReactCommon/react/renderer/core/RawPropsPrimitives.h,"(22, 1)-(22, 39)",b'using RawPropsPropNameHash = uint32_t;'
react-native,../repos/react-native/packages/react-native/ReactCommon/react/renderer/core/EventTarget.h,"(32, 3)-(32, 23)",b'using Tag = int32_t;'
react-native,../repos/react-native/packages/react-native/ReactCommon/react/renderer/core/EventTarget.h,"(74, 1)-(74, 62)",b'using SharedEventTarget = std::shared_ptr<con...'
react-native,../repos/react-native/packages/react-native/ReactCommon/react/renderer/core/EventBeat.h,"(38, 3)-(38, 43)",b'using Owner = std::weak_ptr<const void>;'
react-native,../repos/react-native/packages/react-native/ReactCommon/react/renderer/core/EventBeat.h,"(42, 3)-(42, 52)",b'using SharedOwnerBox = std::shared_ptr<OwnerBox>;'
react-native,../repos/react-native/packages/react-native/ReactCommon/react/renderer/core/EventBeat.h,"(44, 3)-(45, 81)",b'using Factory =\n      std::function<std::uniq...'
react-native,../repos/react-native/packages/react-native/ReactCommon/react/renderer/core/EventBeat.h,"(47, 3)-(47, 67)",b'using BeatCallback = std::function<void(jsi::...'
react-native,../repos/react-native/packages/react-native/ReactCommon/react/renderer/core/EventTarget.cpp,"(14, 1)-(14, 30)",b'using Tag = EventTarget::Tag;'
react-native,../repos/react-native/packages/react-native/ReactCommon/react/renderer/textlayoutmanager/TextMeasureCache.h,"(40, 1)-(40, 56)",b'using LinesMeasurements = std::vector<LineMea...'
react-native,../repos/react-native/packages/react-native/ReactCommon/react/renderer/textlayoutmanager/TextMeasureCache.h,"(53, 3)-(53, 47)",b'using Attachments = std::vector<Attachment>;'
react-native,../repos/react-native/packages/react-native/ReactCommon/react/renderer/textlayoutmanager/TextMeasureCache.h,"(80, 1)-(83, 36)",b'using TextMeasureCache = SimpleThreadSafeCach...'
react-native,../repos/react-native/packages/react-native/ReactCommon/react/renderer/textlayoutmanager/platform/cxx/TextLayoutManager.h,"(24, 1)-(24, 74)",b'using SharedTextLayoutManager = std::shared_p...'
react-native,../repos/react-native/packages/react-native/ReactCommon/react/renderer/textlayoutmanager/platform/android/react/renderer/textlayoutmanager/TextLayoutManager.h,"(22, 1)-(22, 74)",b'using SharedTextLayoutManager = std::shared_p...'
react-native,../repos/react-native/packages/react-native/ReactCommon/react/renderer/uimanager/PointerHoverTracker.cpp,"(15, 1)-(15, 50)",b'using EventPath = PointerHoverTracker::EventPath;'
react-native,../repos/react-native/packages/react-native/ReactCommon/react/renderer/uimanager/tests/PointerEventsProcessorTest.cpp,"(24, 1)-(24, 56)",b'using EventLog = std::vector<PointerEventTest...'
react-native,../repos/react-native/packages/react-native/ReactCommon/react/renderer/uimanager/PointerHoverTracker.h,"(23, 3)-(23, 55)",b'using Unique = std::unique_ptr<PointerHoverTr...'
react-native,../repos/react-native/packages/react-native/ReactCommon/react/renderer/uimanager/PointerHoverTracker.h,"(24, 3)-(24, 75)",b'using EventPath = std::vector<std::reference_...'
react-native,../repos/react-native/packages/react-native/ReactCommon/react/renderer/uimanager/primitives.h,"(22, 1)-(23, 59)",b'using BackgroundExecutor =\n    std::function<...'
react-native,../repos/react-native/packages/react-native/ReactCommon/react/renderer/uimanager/PointerEventsProcessor.h,"(37, 1)-(41, 35)",b'using DispatchEvent = std::function<void(\n   ...'
react-native,../repos/react-native/packages/react-native/ReactCommon/react/renderer/uimanager/PointerEventsProcessor.h,"(43, 1)-(43, 35)",b'using PointerIdentifier = int32_t;'
react-native,../repos/react-native/packages/react-native/ReactCommon/react/renderer/uimanager/PointerEventsProcessor.h,"(44, 1)-(45, 61)",b'using CaptureTargetOverrideRegistry =\n    std...'
react-native,../repos/react-native/packages/react-native/ReactCommon/react/renderer/uimanager/PointerEventsProcessor.h,"(47, 1)-(48, 58)",b'using ActivePointerRegistry =\n    std::unorde...'
react-native,../repos/react-native/packages/react-native/ReactCommon/react/renderer/uimanager/PointerEventsProcessor.h,"(49, 1)-(50, 72)",b'using PointerHoverTrackerRegistry =\n    std::...'
react-native,../repos/react-native/packages/react-native/ReactCommon/react/renderer/componentregistry/ComponentDescriptorFactory.h,"(25, 1)-(28, 60)",b'using ComponentRegistryFactory =\n    std::fun...'
react-native,../repos/react-native/packages/react-native/ReactCommon/react/renderer/componentregistry/native/NativeComponentRegistryBinding.h,"(20, 1)-(21, 50)",b'using HasComponentProviderFunctionType =\n    ...'
react-native,../repos/react-native/packages/react-native/ReactCommon/react/renderer/componentregistry/ComponentDescriptorProviderRegistry.h,"(19, 1)-(20, 54)",b'using ComponentDescriptorProviderRequest =\n  ...'
react-native,../repos/react-native/packages/react-native/ReactCommon/react/renderer/componentregistry/ComponentDescriptorProvider.h,"(21, 1)-(22, 54)",b'using ComponentDescriptorConstructor = Compon...'
react-native,../repos/react-native/packages/react-native/ReactCommon/react/renderer/componentregistry/ComponentDescriptorRegistry.h,"(24, 1)-(25, 56)",b'using SharedComponentDescriptorRegistry =\n   ...'
react-native,../repos/react-native/packages/react-native/ReactCommon/react/renderer/componentregistry/ComponentDescriptorRegistry.h,"(32, 3)-(32, 69)",b'using Shared = std::shared_ptr<const Componen...'
react-native,../repos/react-native/packages/react-native/ReactCommon/react/renderer/leakchecker/WeakFamilyRegistry.h,"(19, 3)-(19, 60)",b'using WeakFamilies = std::vector<ShadowNodeFa...'
react-native,../repos/react-native/packages/react-native/ReactCommon/react/renderer/leakchecker/LeakChecker.h,"(18, 1)-(18, 56)",b'using GarbageCollectionTrigger = std::functio...'
react-native,../repos/react-native/packages/react-native/ReactCommon/react/renderer/attributedstring/ParagraphAttributes.h,"(21, 1)-(21, 78)",b'using SharedParagraphAttributes = std::shared...'
react-native,../repos/react-native/packages/react-native/ReactCommon/react/renderer/attributedstring/TextAttributes.h,"(28, 1)-(28, 68)",b'using SharedTextAttributes = std::shared_ptr<...'
react-native,../repos/react-native/packages/react-native/ReactCommon/react/renderer/attributedstring/AttributedString.h,"(23, 1)-(23, 72)",b'using SharedAttributedString = std::shared_pt...'
react-native,../repos/react-native/packages/react-native/ReactCommon/react/renderer/attributedstring/AttributedString.h,"(63, 3)-(63, 43)",b'using Fragments = std::vector<Fragment>;'
react-native,../repos/react-native/packages/react-native/ReactCommon/react/renderer/attributedstring/AttributedString.cpp,"(14, 1)-(14, 45)",b'using Fragment = AttributedString::Fragment;'
react-native,../repos/react-native/packages/react-native/ReactCommon/react/renderer/attributedstring/AttributedString.cpp,"(15, 1)-(15, 47)",b'using Fragments = AttributedString::Fragments;'
react-native,../repos/react-native/packages/react-native/ReactCommon/react/renderer/components/modal/ModalHostViewState.h,"(26, 3)-(26, 60)",b'using Shared = std::shared_ptr<const ModalHos...'
react-native,../repos/react-native/packages/react-native/ReactCommon/react/renderer/components/scrollview/ScrollViewComponentDescriptor.h,"(15, 1)-(16, 55)",b'using ScrollViewComponentDescriptor =\n    Con...'
react-native,../repos/react-native/packages/react-native/ReactCommon/react/renderer/components/legacyviewmanagerinterop/LegacyViewManagerInteropViewEventEmitter.h,"(20, 1)-(21, 69)",b'using SharedLegacyViewManagerInteropViewEvent...'
react-native,../repos/react-native/packages/react-native/ReactCommon/react/renderer/components/legacyviewmanagerinterop/LegacyViewManagerInteropShadowNode.h,"(19, 1)-(23, 36)",b'using LegacyViewManagerInteropShadowNode = Co...'
react-native,../repos/react-native/packages/react-native/ReactCommon/react/renderer/components/text/TextShadowNode.h,"(21, 1)-(21, 44)",b'using TextEventEmitter = TouchEventEmitter;'
react-native,../repos/react-native/packages/react-native/ReactCommon/react/renderer/components/text/TextShadowNode.h,"(48, 3)-(52, 25)",b'using BaseShadowNode = ConcreteShadowNode<\n  ...'
react-native,../repos/react-native/packages/react-native/ReactCommon/react/renderer/components/text/BaseTextShadowNode.h,"(45, 3)-(45, 47)",b'using Attachments = std::vector<Attachment>;'
react-native,../repos/react-native/packages/react-native/ReactCommon/react/renderer/components/text/TextComponentDescriptor.h,"(15, 1)-(15, 77)",b'using TextComponentDescriptor = ConcreteCompo...'
react-native,../repos/react-native/packages/react-native/ReactCommon/react/renderer/components/text/RawTextComponentDescriptor.h,"(15, 1)-(16, 52)",b'using RawTextComponentDescriptor =\n    Concre...'
react-native,../repos/react-native/packages/react-native/ReactCommon/react/renderer/components/text/RawTextProps.h,"(20, 1)-(20, 64)",b'using SharedRawTextProps = std::shared_ptr<co...'
react-native,../repos/react-native/packages/react-native/ReactCommon/react/renderer/components/text/ParagraphShadowNode.cpp,"(25, 1)-(25, 46)",b'using Content = ParagraphShadowNode::Content;'
react-native,../repos/react-native/packages/react-native/ReactCommon/react/renderer/components/view/YogaLayoutableShadowNode.h,"(26, 3)-(26, 66)",b'using Shared = std::shared_ptr<const YogaLayo...'
react-native,../repos/react-native/packages/react-native/ReactCommon/react/renderer/components/view/YogaLayoutableShadowNode.h,"(27, 3)-(27, 44)",b'using ListOfShared = std::vector<Shared>;'
react-native,../repos/react-native/packages/react-native/ReactCommon/react/renderer/components/view/Touch.h,"(13, 1)-(13, 33)",b'using Touch = HostPlatformTouch;'
react-native,../repos/react-native/packages/react-native/ReactCommon/react/renderer/components/view/Touch.h,"(14, 1)-(14, 77)","b'using Touches = std::unordered_set<Touch, Tou...'"
react-native,../repos/react-native/packages/react-native/ReactCommon/react/renderer/components/view/ConcreteViewShadowNode.h,"(48, 3)-(53, 14)",b'using BaseShadowNode = ConcreteShadowNode<\n  ...'
react-native,../repos/react-native/packages/react-native/ReactCommon/react/renderer/components/view/ConcreteViewShadowNode.h,"(70, 3)-(70, 40)",b'using ConcreteViewProps = ViewPropsT;'
react-native,../repos/react-native/packages/react-native/ReactCommon/react/renderer/components/view/TouchEventEmitter.h,"(21, 1)-(21, 74)",b'using SharedTouchEventEmitter = std::shared_p...'
react-native,../repos/react-native/packages/react-native/ReactCommon/react/renderer/components/view/ViewProps.h,"(13, 1)-(13, 41)",b'using ViewProps = HostPlatformViewProps;'
react-native,../repos/react-native/packages/react-native/ReactCommon/react/renderer/components/view/ViewProps.h,"(14, 1)-(14, 58)",b'using SharedViewProps = std::shared_ptr<const...'
react-native,../repos/react-native/packages/react-native/ReactCommon/react/renderer/components/view/ViewEventEmitter.h,"(13, 1)-(13, 55)",b'using ViewEventEmitter = HostPlatformViewEven...'
react-native,../repos/react-native/packages/react-native/ReactCommon/react/renderer/components/view/ViewEventEmitter.h,"(14, 1)-(14, 72)",b'using SharedViewEventEmitter = std::shared_pt...'
react-native,../repos/react-native/packages/react-native/ReactCommon/react/renderer/components/view/platform/cxx/react/renderer/components/view/HostPlatformTouch.h,"(13, 1)-(13, 37)",b'using HostPlatformTouch = BaseTouch;'
react-native,../repos/react-native/packages/react-native/ReactCommon/react/renderer/components/view/platform/cxx/react/renderer/components/view/HostPlatformViewEventEmitter.h,"(13, 1)-(13, 59)",b'using HostPlatformViewEventEmitter = BaseView...'
react-native,../repos/react-native/packages/react-native/ReactCommon/react/renderer/components/view/platform/cxx/react/renderer/components/view/HostPlatformViewProps.h,"(13, 1)-(13, 45)",b'using HostPlatformViewProps = BaseViewProps;'
react-native,../repos/react-native/packages/react-native/ReactCommon/react/renderer/components/view/platform/android/react/renderer/components/view/HostPlatformTouch.h,"(13, 1)-(13, 37)",b'using HostPlatformTouch = BaseTouch;'
react-native,../repos/react-native/packages/react-native/ReactCommon/react/renderer/components/view/platform/android/react/renderer/components/view/HostPlatformViewEventEmitter.h,"(13, 1)-(13, 59)",b'using HostPlatformViewEventEmitter = BaseView...'
react-native,../repos/react-native/packages/react-native/ReactCommon/react/renderer/components/view/primitives.h,"(98, 3)-(98, 41)",b'using Counterpart = RectangleEdges<T>;'
react-native,../repos/react-native/packages/react-native/ReactCommon/react/renderer/components/view/primitives.h,"(99, 3)-(99, 38)",b'using OptionalT = std::optional<T>;'
react-native,../repos/react-native/packages/react-native/ReactCommon/react/renderer/components/view/primitives.h,"(172, 3)-(172, 43)",b'using Counterpart = RectangleCorners<T>;'
react-native,../repos/react-native/packages/react-native/ReactCommon/react/renderer/components/view/primitives.h,"(173, 3)-(173, 38)",b'using OptionalT = std::optional<T>;'
react-native,../repos/react-native/packages/react-native/ReactCommon/react/renderer/components/view/primitives.h,"(248, 1)-(248, 44)",b'using BorderWidths = RectangleEdges<Float>;'
react-native,../repos/react-native/packages/react-native/ReactCommon/react/renderer/components/view/primitives.h,"(249, 1)-(249, 52)",b'using BorderCurves = RectangleCorners<BorderC...'
react-native,../repos/react-native/packages/react-native/ReactCommon/react/renderer/components/view/primitives.h,"(250, 1)-(250, 50)",b'using BorderStyles = RectangleEdges<BorderStyle>;'
react-native,../repos/react-native/packages/react-native/ReactCommon/react/renderer/components/view/primitives.h,"(251, 1)-(251, 50)",b'using BorderColors = RectangleEdges<SharedColor>;'
react-native,../repos/react-native/packages/react-native/ReactCommon/react/renderer/components/view/primitives.h,"(252, 1)-(252, 45)",b'using BorderRadii = RectangleCorners<Float>;'
react-native,../repos/react-native/packages/react-native/ReactCommon/react/renderer/components/view/primitives.h,"(254, 1)-(254, 60)",b'using CascadedBorderWidths = CascadedRectangl...'
react-native,../repos/react-native/packages/react-native/ReactCommon/react/renderer/components/view/primitives.h,"(255, 1)-(255, 68)",b'using CascadedBorderCurves = CascadedRectangl...'
react-native,../repos/react-native/packages/react-native/ReactCommon/react/renderer/components/view/primitives.h,"(256, 1)-(256, 66)",b'using CascadedBorderStyles = CascadedRectangl...'
react-native,../repos/react-native/packages/react-native/ReactCommon/react/renderer/components/view/primitives.h,"(257, 1)-(257, 66)",b'using CascadedBorderColors = CascadedRectangl...'
react-native,../repos/react-native/packages/react-native/ReactCommon/react/renderer/components/view/primitives.h,"(258, 1)-(258, 61)",b'using CascadedBorderRadii = CascadedRectangle...'
react-native,../repos/react-native/packages/react-native/ReactCommon/react/renderer/components/view/propsConversions.h,"(764, 3)-(764, 37)",b'using Offset = ViewEvents::Offset;'
react-native,../repos/react-native/packages/react-native/ReactCommon/react/renderer/components/root/RootShadowNode.h,"(34, 3)-(34, 56)",b'using Shared = std::shared_ptr<const RootShad...'
react-native,../repos/react-native/packages/react-native/ReactCommon/react/renderer/components/root/RootShadowNode.h,"(35, 3)-(35, 52)",b'using Unshared = std::shared_ptr<RootShadowNode>;'
react-native,../repos/react-native/packages/react-native/ReactCommon/react/renderer/components/root/RootComponentDescriptor.h,"(15, 1)-(15, 77)",b'using RootComponentDescriptor = ConcreteCompo...'
react-native,../repos/react-native/packages/react-native/ReactCommon/react/renderer/components/unimplementedview/UnimplementedViewShadowNode.h,"(17, 1)-(19, 29)",b'using UnimplementedViewShadowNode = ConcreteV...'
react-native,../repos/react-native/packages/react-native/ReactCommon/react/renderer/observers/mutation/MutationObserver.h,"(17, 1)-(17, 36)",b'using MutationObserverId = int32_t;'
react-native,../repos/react-native/packages/react-native/ReactCommon/react/renderer/observers/mutation/MutationObserver.h,"(45, 3)-(45, 73)",b'using SetOfShadowNodePointers = std::unordere...'
react-native,../repos/react-native/packages/react-native/ReactCommon/react/renderer/observers/intersection/IntersectionObserver.h,"(19, 1)-(19, 48)",b'using IntersectionObserverObserverId = int32_t;'
react-native,../repos/react-native/packages/react-native/ReactCommon/react/bridging/Base.h,"(38, 3)-(38, 42)",b'using type = std::function<R(Args...)>;'
react-native,../repos/react-native/packages/react-native/ReactCommon/react/bridging/Base.h,"(43, 3)-(43, 42)",b'using type = std::function<R(Args...)>;'
react-native,../repos/react-native/packages/react-native/ReactCommon/react/bridging/Base.h,"(48, 3)-(48, 34)",b'using type = remove_cvref_t<T>;'
react-native,../repos/react-native/packages/react-native/ReactCommon/react/bridging/Base.h,"(62, 1)-(62, 63)",b'using bridging_t = typename detail::bridging_...'
react-native,../repos/react-native/packages/react-native/ReactCommon/react/bridging/Function.h,"(210, 3)-(210, 42)",b'using Func = std::function<R(Args...)>;'
react-native,../repos/react-native/packages/react-native/ReactCommon/react/bridging/Function.h,"(211, 3)-(211, 58)",b'using IndexSequence = std::index_sequence_for...'
react-native,../repos/react-native/packages/react-native/ReactCommon/react/bridging/Convert.h,"(19, 1)-(19, 69)",b'using remove_cvref_t = std::remove_cv_t<std::...'
react-native,../repos/react-native/packages/react-native/ReactCommon/react/bridging/Convert.h,"(49, 3)-(49, 35)",b'using BaseT = remove_cvref_t<T>;'
react-native,../repos/react-native/packages/react-native/ReactCommon/callinvoker/ReactCommon/CallInvoker.h,"(17, 1)-(17, 40)",b'using CallFunc = std::function<void()>;'
react-native,../repos/react-native/packages/react-native/ReactCommon/jsinspector-modern/tests/InspectorPackagerConnectionTest.cpp,"(112, 1)-(113, 73)",b'using InspectorPackagerConnectionTest =\n    I...'
react-native,../repos/react-native/packages/react-native/ReactCommon/jsinspector-modern/tests/FollyDynamicMatchers.cpp,"(26, 3)-(26, 71)",b'using err_code = folly::dynamic::json_pointer...'
react-native,../repos/react-native/packages/react-native/ReactCommon/jsinspector-modern/Parsing.h,"(18, 1)-(18, 29)",b'using RequestId = long long;'
react-native,../repos/react-native/packages/react-native/ReactCommon/jsinspector-modern/Parsing.h,"(52, 1)-(52, 36)",b'using TypeError = folly::TypeError;'
react-native,../repos/react-native/packages/react-native/ReactCommon/jsinspector-modern/Parsing.h,"(57, 1)-(57, 45)",b'using ParseError = folly::json::parse_error;'
react-native,../repos/react-native/packages/react-native/ReactCommon/jsinspector-modern/InspectorPackagerConnectionImpl.h,"(27, 3)-(27, 30)",b'using SessionId = uint32_t;'
react-native,../repos/react-native/packages/react-native/ReactCommon/jsinspector-modern/InspectorInterfaces.h,"(56, 1)-(56, 48)",b'using InspectorPage = InspectorPageDescription;'
react-native,../repos/react-native/packages/react-native/ReactCommon/jsinspector-modern/InspectorInterfaces.h,"(149, 1)-(149, 75)",b'using FrontendChannel = std::function<void(st...'
react-native,../repos/react-native/packages/react-native/ReactCommon/yoga/yoga/style/Style.h,"(473, 3)-(473, 68)","b'using Edges = std::array<StyleValueHandle, or...'"
react-native,../repos/react-native/packages/react-native/ReactCommon/yoga/yoga/style/Style.h,"(474, 3)-(474, 72)","b'using Gutters = std::array<StyleValueHandle, ...'"
react-native,../repos/react-native/packages/react-native/ReactCommon/yoga/yoga/config/Config.h,"(25, 1)-(25, 81)",b'using ExperimentalFeatureSet = std::bitset<or...'
react-native,../repos/react-native/packages/react-native/ReactCommon/yoga/yoga/event/event.h,"(64, 3)-(64, 55)","b'using Subscriber = void(YGNodeConstRef, Type,...'"
react-native,../repos/react-native/packages/react-native/ReactCommon/yoga/yoga/event/event.h,"(65, 3)-(65, 62)",b'using Subscribers = std::vector<std::function...'
react-native,../repos/react-native/packages/react-native/ReactCommon/butter/map.h,"(35, 1)-(35, 38)",b'using map = folly::F14FastMap<Ts...>;'
react-native,../repos/react-native/packages/react-native/ReactCommon/butter/map.h,"(40, 1)-(40, 39)",b'using map = std::unordered_map<Ts...>;'
react-native,../repos/react-native/packages/rn-tester/NativeCxxModuleExample/NativeCxxModuleExample.h,"(26, 1)-(27, 74)",b'using ConstantsStruct =\n    NativeCxxModuleEx...'
react-native,../repos/react-native/packages/rn-tester/NativeCxxModuleExample/NativeCxxModuleExample.h,"(33, 1)-(36, 33)",b'using ObjectStruct = NativeCxxModuleExampleCx...'
react-native,../repos/react-native/packages/rn-tester/NativeCxxModuleExample/NativeCxxModuleExample.h,"(42, 1)-(43, 77)",b'using ValueStruct =\n    NativeCxxModuleExampl...'
react-native,../repos/react-native/packages/rn-tester/NativeCxxModuleExample/NativeCxxModuleExample.h,"(92, 1)-(92, 65)",b'using CustomHostObject = HostObjectWrapper<Cu...'
react-native,../repos/react-native/packages/rn-tester/NativeCxxModuleExample/NativeCxxModuleExample.h,"(96, 1)-(96, 73)",b'using BinaryTreeNode = NativeCxxModuleExample...'
react-native,../repos/react-native/packages/rn-tester/NativeCxxModuleExample/NativeCxxModuleExample.h,"(102, 1)-(102, 67)",b'using GraphNode = NativeCxxModuleExampleCxxGr...'
react-native,../repos/react-native/packages/rn-tester/NativeCxxModuleExample/NativeCxxModuleExample.h,"(110, 1)-(113, 33)",b'using MenuItem = NativeCxxModuleExampleCxxMen...'
