Repo name,File name,Location,Content
react-native,../repos/react-native/packages/react-native/Libraries/Text/Text/RCTDynamicTypeRamp.h,"(12, 1)-(12, 47)","b'typedef NS_ENUM(NSInteger, RCTDynamicTypeRamp)'"
react-native,../repos/react-native/packages/react-native/Libraries/Text/RCTTextTransform.h,"(10, 1)-(10, 45)","b'typedef NS_ENUM(NSInteger, RCTTextTransform)'"
react-native,../repos/react-native/packages/react-native/Libraries/Network/RCTHTTPRequestHandler.h,"(11, 1)-(11, 80)",b'typedef NSURLSessionConfiguration * (^NSURLSe...'
react-native,../repos/react-native/packages/react-native/Libraries/Network/RCTNetworkTask.h,"(13, 1)-(13, 101)",b'typedef void (^RCTURLRequestCompletionBlock)(...'
react-native,../repos/react-native/packages/react-native/Libraries/Network/RCTNetworkTask.h,"(14, 1)-(14, 54)",b'typedef void (^RCTURLRequestCancellationBlock...'
react-native,../repos/react-native/packages/react-native/Libraries/Network/RCTNetworkTask.h,"(15, 1)-(15, 98)",b'typedef void (^RCTURLRequestIncrementalDataBl...'
react-native,../repos/react-native/packages/react-native/Libraries/Network/RCTNetworkTask.h,"(16, 1)-(16, 77)",b'typedef void (^RCTURLRequestProgressBlock)(in...'
react-native,../repos/react-native/packages/react-native/Libraries/Network/RCTNetworkTask.h,"(17, 1)-(17, 69)",b'typedef void (^RCTURLRequestResponseBlock)(NS...'
react-native,../repos/react-native/packages/react-native/Libraries/Network/RCTNetworkTask.h,"(19, 1)-(19, 49)","b'typedef NS_ENUM(NSInteger, RCTNetworkTaskStatus)'"
react-native,../repos/react-native/packages/react-native/Libraries/PushNotificationIOS/RCTPushNotificationManager.h,"(14, 1)-(14, 79)",b'typedef void (^RCTRemoteNotificationCallback)...'
react-native,../repos/react-native/packages/react-native/Libraries/Image/RCTImageURLLoader.h,"(16, 1)-(16, 64)",b'typedef void (^RCTImageLoaderPartialLoadBlock...'
react-native,../repos/react-native/packages/react-native/Libraries/Image/RCTImageURLLoader.h,"(17, 1)-(17, 99)",b'typedef void (^RCTImageLoaderCompletionBlock)...'
react-native,../repos/react-native/packages/react-native/Libraries/Image/RCTImageURLLoader.h,"(20, 1)-(23, 28)",b'typedef void (^RCTImageLoaderCompletionBlockW...'
react-native,../repos/react-native/packages/react-native/Libraries/Image/RCTImageURLLoader.h,"(24, 1)-(24, 58)",b'typedef dispatch_block_t RCTImageLoaderCancel...'
react-native,../repos/react-native/packages/react-native/Libraries/Image/RCTResizeMode.h,"(10, 1)-(10, 42)","b'typedef NS_ENUM(NSInteger, RCTResizeMode)'"
react-native,../repos/react-native/packages/react-native/Libraries/TypeSafety/RCTConvertHelpers.h,"(70, 3)-(70, 70)",b'typedef typename facebook::react::LazyVector<...'
react-native,../repos/react-native/packages/react-native/Libraries/Wrapper/RCTWrapperView.h,"(10, 1)-(10, 82)",b'typedef CGSize (^RCTWrapperMeasureBlock)(CGSi...'
react-native,../repos/react-native/packages/react-native/React/Fabric/RCTPrimitives.h,"(10, 1)-(10, 28)",b'typedef NSInteger ReactTag;'
react-native,../repos/react-native/packages/react-native/React/Fabric/RCTSurfaceRegistry.h,"(16, 1)-(16, 89)",b'typedef void (^RCTSurfaceEnumeratorBlock)(NSE...'
react-native,../repos/react-native/packages/react-native/React/UIUtils/RCTUIUtils.h,"(19, 1)-(23, 17)",b'typedef struct {\n  struct {\n    CGFloat width...'
react-native,../repos/react-native/packages/react-native/React/Views/RCTAnimationType.h,"(10, 1)-(10, 45)","b'typedef NS_ENUM(NSInteger, RCTAnimationType)'"
react-native,../repos/react-native/packages/react-native/React/Views/RCTPointerEvents.h,"(10, 1)-(10, 45)","b'typedef NS_ENUM(NSInteger, RCTPointerEvents)'"
react-native,../repos/react-native/packages/react-native/React/Views/RCTTextDecorationLineType.h,"(10, 1)-(10, 54)","b'typedef NS_ENUM(NSInteger, RCTTextDecorationL...'"
react-native,../repos/react-native/packages/react-native/React/Views/RCTBorderStyle.h,"(10, 1)-(10, 43)","b'typedef NS_ENUM(NSInteger, RCTBorderStyle)'"
react-native,../repos/react-native/packages/react-native/React/Views/RCTShadowView.h,"(20, 1)-(20, 83)",b'typedef void (^RCTApplierBlock)(NSDictionary<...'
react-native,../repos/react-native/packages/react-native/React/Views/RCTComponent.h,"(16, 1)-(16, 57)",b'typedef void (^RCTDirectEventBlock)(NSDiction...'
react-native,../repos/react-native/packages/react-native/React/Views/RCTComponent.h,"(17, 1)-(17, 59)",b'typedef void (^RCTBubblingEventBlock)(NSDicti...'
react-native,../repos/react-native/packages/react-native/React/Views/RCTComponent.h,"(18, 1)-(18, 60)",b'typedef void (^RCTCapturingEventBlock)(NSDict...'
react-native,../repos/react-native/packages/react-native/React/Views/RCTBorderDrawing.h,"(13, 1)-(18, 18)",b'typedef struct {\n  CGFloat topLeft;\n  CGFloat...'
react-native,../repos/react-native/packages/react-native/React/Views/RCTBorderDrawing.h,"(20, 1)-(25, 19)",b'typedef struct {\n  CGSize topLeft;\n  CGSize t...'
react-native,../repos/react-native/packages/react-native/React/Views/RCTBorderDrawing.h,"(27, 1)-(32, 19)",b'typedef struct {\n  CGColorRef top;\n  CGColorR...'
react-native,../repos/react-native/packages/react-native/React/Views/RCTViewManager.h,"(22, 1)-(22, 114)",b'typedef void (^RCTViewManagerUIBlock)(RCTUIMa...'
react-native,../repos/react-native/packages/react-native/React/Views/RCTBorderCurve.h,"(10, 1)-(10, 43)","b'typedef NS_ENUM(NSInteger, RCTBorderCurve)'"
react-native,../repos/react-native/packages/react-native/React/Views/UIView+React.h,"(16, 1)-(20, 22)",b'typedef struct {\n  YGValue x;\n  YGValue y;\n  ...'
react-native,../repos/react-native/packages/react-native/React/Views/RCTFont.h,"(12, 1)-(12, 87)",b'typedef UIFont * (^RCTFontHandler)(CGFloat fo...'
react-native,../repos/react-native/packages/react-native/React/Views/RCTLayout.h,"(17, 1)-(17, 43)","b'typedef NS_ENUM(NSInteger, RCTDisplayType)'"
react-native,../repos/react-native/packages/react-native/React/Views/RCTLayout.h,"(30, 1)-(30, 43)",b'typedef struct CG_BOXABLE RCTLayoutMetrics'
react-native,../repos/react-native/packages/react-native/React/Views/RCTLayout.h,"(37, 1)-(37, 43)",b'typedef struct CG_BOXABLE RCTLayoutContext'
react-native,../repos/react-native/packages/react-native/React/Profiler/RCTProfile.h,"(181, 1)-(186, 18)",b'typedef struct {\n  const char *key;\n  unsigne...'
react-native,../repos/react-native/packages/react-native/React/Profiler/RCTProfile.h,"(188, 1)-(202, 23)",b'typedef struct {\n  char *(*start)(void);\n  vo...'
react-native,../repos/react-native/packages/react-native/React/DevSupport/RCTPackagerConnection.h,"(19, 1)-(19, 34)",b'typedef uint32_t RCTHandlerToken;'
react-native,../repos/react-native/packages/react-native/React/DevSupport/RCTPackagerConnection.h,"(20, 1)-(20, 72)",b'typedef void (^RCTNotificationHandler)(NSDict...'
react-native,../repos/react-native/packages/react-native/React/DevSupport/RCTPackagerConnection.h,"(21, 1)-(21, 97)",b'typedef void (^RCTRequestHandler)(NSDictionar...'
react-native,../repos/react-native/packages/react-native/React/DevSupport/RCTPackagerConnection.h,"(22, 1)-(22, 43)",b'typedef void (^RCTConnectedHandler)(void);'
react-native,../repos/react-native/packages/react-native/React/CoreModules/RCTRedBox.h,"(17, 1)-(17, 51)",b'typedef void (^RCTRedBoxButtonPressHandler)(void);'
react-native,../repos/react-native/packages/react-native/React/CoreModules/RCTAlertManager.h,"(13, 1)-(13, 46)","b'typedef NS_ENUM(NSInteger, RCTAlertViewStyle)'"
react-native,../repos/react-native/packages/react-native/React/Base/RCTBridgeMethod.h,"(12, 1)-(12, 44)","b'typedef NS_ENUM(NSInteger, RCTFunctionType)'"
react-native,../repos/react-native/packages/react-native/React/Base/RCTJavaScriptExecutor.h,"(13, 1)-(13, 60)",b'typedef void (^RCTJavaScriptCompleteBlock)(NS...'
react-native,../repos/react-native/packages/react-native/React/Base/RCTJavaScriptExecutor.h,"(14, 1)-(14, 66)",b'typedef void (^RCTJavaScriptCallback)(id resu...'
react-native,../repos/react-native/packages/react-native/React/Base/Surface/RCTSurfaceStage.h,"(15, 1)-(15, 47)","b'typedef NS_OPTIONS(NSInteger, RCTSurfaceStage)'"
react-native,../repos/react-native/packages/react-native/React/Base/Surface/SurfaceHostingView/RCTSurfaceSizeMeasureMode.h,"(16, 1)-(16, 57)","b'typedef NS_OPTIONS(NSInteger, RCTSurfaceSizeM...'"
react-native,../repos/react-native/packages/react-native/React/Base/Surface/SurfaceHostingView/RCTSurfaceHostingView.h,"(18, 1)-(18, 86)",b'typedef UIView *_Nullable (^RCTSurfaceHosting...'
react-native,../repos/react-native/packages/react-native/React/Base/RCTEventDispatcherProtocol.h,"(26, 1)-(26, 45)","b'typedef NS_ENUM(NSInteger, RCTTextEventType)'"
react-native,../repos/react-native/packages/react-native/React/Base/RCTBundleManager.h,"(10, 1)-(10, 55)",b'typedef NSURL * (^RCTBridgelessBundleURLGette...'
react-native,../repos/react-native/packages/react-native/React/Base/RCTBundleManager.h,"(11, 1)-(11, 64)",b'typedef void (^RCTBridgelessBundleURLSetter)(...'
react-native,../repos/react-native/packages/react-native/React/Base/RCTRootView.h,"(23, 1)-(23, 55)","b'typedef NS_ENUM(NSInteger, RCTRootViewSizeFle...'"
react-native,../repos/react-native/packages/react-native/React/Base/RCTModuleData.h,"(20, 1)-(20, 62)",b'typedef id<RCTBridgeModule> (^RCTBridgeModule...'
react-native,../repos/react-native/packages/react-native/React/Base/RCTAssert.h,"(85, 1)-(90, 24)",b'typedef void (^RCTAssertFunction)(\n    NSStri...'
react-native,../repos/react-native/packages/react-native/React/Base/RCTAssert.h,"(92, 1)-(92, 49)",b'typedef void (^RCTFatalHandler)(NSError *error);'
react-native,../repos/react-native/packages/react-native/React/Base/RCTAssert.h,"(93, 1)-(93, 66)",b'typedef void (^RCTFatalExceptionHandler)(NSEx...'
react-native,../repos/react-native/packages/react-native/React/Base/RCTAssert.h,"(180, 1)-(184, 27)",b'typedef enum {\n  RCTNotAllowedInBridgeless = ...'
react-native,../repos/react-native/packages/react-native/React/Base/RCTMultipartDataTask.h,"(12, 1)-(17, 16)",b'typedef void (^RCTMultipartDataTaskCallback)(...'
react-native,../repos/react-native/packages/react-native/React/Base/RCTJavaScriptLoader.h,"(73, 1)-(73, 71)",b'typedef void (^RCTSourceLoadBlock)(NSError *e...'
react-native,../repos/react-native/packages/react-native/React/Base/RCTPLTag.h,"(8, 1)-(8, 37)","b'typedef NS_ENUM(NSInteger, RCTPLTag)'"
react-native,../repos/react-native/packages/react-native/React/Base/RCTBridgeModule.h,"(30, 1)-(30, 59)",b'typedef void (^RCTResponseSenderBlock)(NSArra...'
react-native,../repos/react-native/packages/react-native/React/Base/RCTBridgeModule.h,"(36, 1)-(36, 55)",b'typedef void (^RCTResponseErrorBlock)(NSError...'
react-native,../repos/react-native/packages/react-native/React/Base/RCTBridgeModule.h,"(42, 1)-(42, 51)",b'typedef void (^RCTPromiseResolveBlock)(id result);'
react-native,../repos/react-native/packages/react-native/React/Base/RCTBridgeModule.h,"(49, 1)-(49, 90)",b'typedef void (^RCTPromiseRejectBlock)(NSStrin...'
react-native,../repos/react-native/packages/react-native/React/Base/RCTNullability.h,"(10, 1)-(10, 43)","b'typedef NS_ENUM(NSInteger, RCTNullability)'"
react-native,../repos/react-native/packages/react-native/React/Base/RCTMultipartStreamReader.h,"(10, 1)-(10, 89)",b'typedef void (^RCTMultipartCallback)(NSDictio...'
react-native,../repos/react-native/packages/react-native/React/Base/RCTMultipartStreamReader.h,"(11, 1)-(11, 104)",b'typedef void (^RCTMultipartProgressCallback)(...'
react-native,../repos/react-native/packages/react-native/React/Base/RCTBridge.h,"(32, 1)-(32, 77)",b'typedef NSArray<id<RCTBridgeModule>> * (^RCTB...'
react-native,../repos/react-native/packages/react-native/React/Base/RCTBridge.h,"(71, 1)-(75, 30)",b'typedef enum {\n  kRCTBridgeProxyLoggingLevelN...'
react-native,../repos/react-native/packages/react-native/React/Base/RCTBridge.h,"(84, 1)-(88, 29)","b'typedef enum {\n  kRCTGlobalScope,\n  kRCTGloba...'"
react-native,../repos/react-native/packages/react-native/React/Base/RCTConvert.h,"(53, 1)-(53, 26)",b'typedef NSURL RCTFileURL;'
react-native,../repos/react-native/packages/react-native/React/Base/RCTConvert.h,"(108, 1)-(108, 30)",b'typedef NSArray CGColorArray;'
react-native,../repos/react-native/packages/react-native/React/Base/RCTConvert.h,"(114, 1)-(114, 27)",b'typedef id NSPropertyList;'
react-native,../repos/react-native/packages/react-native/React/Base/RCTConvert.h,"(117, 1)-(117, 40)",b'typedef BOOL css_backface_visibility_t;'
react-native,../repos/react-native/packages/react-native/React/Base/RCTConvert.h,"(141, 1)-(141, 29)",b'typedef NSArray NSArrayArray'
react-native,../repos/react-native/packages/react-native/React/Base/RCTConvert.h,"(142, 1)-(142, 30)",b'typedef NSArray NSStringArray'
react-native,../repos/react-native/packages/react-native/React/Base/RCTConvert.h,"(143, 1)-(143, 35)",b'typedef NSArray NSStringArrayArray'
react-native,../repos/react-native/packages/react-native/React/Base/RCTConvert.h,"(144, 1)-(144, 34)",b'typedef NSArray NSDictionaryArray'
react-native,../repos/react-native/packages/react-native/React/Base/RCTConvert.h,"(145, 1)-(145, 27)",b'typedef NSArray NSURLArray'
react-native,../repos/react-native/packages/react-native/React/Base/RCTConvert.h,"(146, 1)-(146, 32)",b'typedef NSArray RCTFileURLArray'
react-native,../repos/react-native/packages/react-native/React/Base/RCTConvert.h,"(147, 1)-(147, 30)",b'typedef NSArray NSNumberArray'
react-native,../repos/react-native/packages/react-native/React/Base/RCTConvert.h,"(148, 1)-(148, 29)",b'typedef NSArray UIColorArray'
react-native,../repos/react-native/packages/react-native/React/Base/RCTLog.h,"(43, 1)-(43, 40)","b'typedef NS_ENUM(NSInteger, RCTLogLevel)'"
react-native,../repos/react-native/packages/react-native/React/Base/RCTLog.h,"(54, 1)-(54, 41)","b'typedef NS_ENUM(NSInteger, RCTLogSource)'"
react-native,../repos/react-native/packages/react-native/React/Base/RCTLog.h,"(61, 1)-(66, 24)",b'typedef void (^RCTLogFunction)(\n    RCTLogLev...'
react-native,../repos/react-native/packages/react-native/React/Modules/RCTUIManagerObserverCoordinator.h,"(12, 1)-(12, 52)",b'typedef dispatch_block_t RCTUIManagerMounting...'
react-native,../repos/react-native/packages/react-native/ReactAndroid/src/main/jni/first-party/fb/include/fb/assert.h,"(39, 1)-(39, 52)",b'typedef void (*AssertHandler)(const char* mes...'
react-native,../repos/react-native/packages/react-native/ReactAndroid/src/main/jni/first-party/fb/include/fb/log.h,"(60, 1)-(70, 23)",b'typedef enum android_LogPriority {\n  ANDROID_...'
react-native,../repos/react-native/packages/react-native/ReactAndroid/src/main/jni/first-party/fb/include/fb/log.h,"(311, 1)-(311, 80)","b'typedef void (*LogHandler)(int priority, cons...'"
react-native,../repos/react-native/packages/react-native/ReactAndroid/src/main/jni/first-party/fb/include/fb/ThreadLocal.h,"(48, 3)-(48, 46)",b'typedef void (*CleanupFunction)(void* obj);'
react-native,../repos/react-native/packages/react-native/ReactAndroid/src/main/jni/first-party/jni-hack/real/jni.h,"(31, 1)-(31, 26)",b'typedef uint8_t jboolean;'
react-native,../repos/react-native/packages/react-native/ReactAndroid/src/main/jni/first-party/jni-hack/real/jni.h,"(32, 1)-(32, 22)",b'typedef int8_t jbyte;'
react-native,../repos/react-native/packages/react-native/ReactAndroid/src/main/jni/first-party/jni-hack/real/jni.h,"(33, 1)-(33, 24)",b'typedef uint16_t jchar;'
react-native,../repos/react-native/packages/react-native/ReactAndroid/src/main/jni/first-party/jni-hack/real/jni.h,"(34, 1)-(34, 24)",b'typedef int16_t jshort;'
react-native,../repos/react-native/packages/react-native/ReactAndroid/src/main/jni/first-party/jni-hack/real/jni.h,"(35, 1)-(35, 22)",b'typedef int32_t jint;'
react-native,../repos/react-native/packages/react-native/ReactAndroid/src/main/jni/first-party/jni-hack/real/jni.h,"(36, 1)-(36, 23)",b'typedef int64_t jlong;'
react-native,../repos/react-native/packages/react-native/ReactAndroid/src/main/jni/first-party/jni-hack/real/jni.h,"(37, 1)-(37, 22)",b'typedef float jfloat;'
react-native,../repos/react-native/packages/react-native/ReactAndroid/src/main/jni/first-party/jni-hack/real/jni.h,"(38, 1)-(38, 24)",b'typedef double jdouble;'
react-native,../repos/react-native/packages/react-native/ReactAndroid/src/main/jni/first-party/jni-hack/real/jni.h,"(41, 1)-(41, 20)",b'typedef jint jsize;'
react-native,../repos/react-native/packages/react-native/ReactAndroid/src/main/jni/first-party/jni-hack/real/jni.h,"(62, 1)-(62, 27)",b'typedef _jobject* jobject;'
react-native,../repos/react-native/packages/react-native/ReactAndroid/src/main/jni/first-party/jni-hack/real/jni.h,"(63, 1)-(63, 25)",b'typedef _jclass* jclass;'
react-native,../repos/react-native/packages/react-native/ReactAndroid/src/main/jni/first-party/jni-hack/real/jni.h,"(64, 1)-(64, 27)",b'typedef _jstring* jstring;'
react-native,../repos/react-native/packages/react-native/ReactAndroid/src/main/jni/first-party/jni-hack/real/jni.h,"(65, 1)-(65, 25)",b'typedef _jarray* jarray;'
react-native,../repos/react-native/packages/react-native/ReactAndroid/src/main/jni/first-party/jni-hack/real/jni.h,"(66, 1)-(66, 37)",b'typedef _jobjectArray* jobjectArray;'
react-native,../repos/react-native/packages/react-native/ReactAndroid/src/main/jni/first-party/jni-hack/real/jni.h,"(67, 1)-(67, 39)",b'typedef _jbooleanArray* jbooleanArray;'
react-native,../repos/react-native/packages/react-native/ReactAndroid/src/main/jni/first-party/jni-hack/real/jni.h,"(68, 1)-(68, 33)",b'typedef _jbyteArray* jbyteArray;'
react-native,../repos/react-native/packages/react-native/ReactAndroid/src/main/jni/first-party/jni-hack/real/jni.h,"(69, 1)-(69, 33)",b'typedef _jcharArray* jcharArray;'
react-native,../repos/react-native/packages/react-native/ReactAndroid/src/main/jni/first-party/jni-hack/real/jni.h,"(70, 1)-(70, 35)",b'typedef _jshortArray* jshortArray;'
react-native,../repos/react-native/packages/react-native/ReactAndroid/src/main/jni/first-party/jni-hack/real/jni.h,"(71, 1)-(71, 31)",b'typedef _jintArray* jintArray;'
react-native,../repos/react-native/packages/react-native/ReactAndroid/src/main/jni/first-party/jni-hack/real/jni.h,"(72, 1)-(72, 33)",b'typedef _jlongArray* jlongArray;'
react-native,../repos/react-native/packages/react-native/ReactAndroid/src/main/jni/first-party/jni-hack/real/jni.h,"(73, 1)-(73, 35)",b'typedef _jfloatArray* jfloatArray;'
react-native,../repos/react-native/packages/react-native/ReactAndroid/src/main/jni/first-party/jni-hack/real/jni.h,"(74, 1)-(74, 37)",b'typedef _jdoubleArray* jdoubleArray;'
react-native,../repos/react-native/packages/react-native/ReactAndroid/src/main/jni/first-party/jni-hack/real/jni.h,"(75, 1)-(75, 33)",b'typedef _jthrowable* jthrowable;'
react-native,../repos/react-native/packages/react-native/ReactAndroid/src/main/jni/first-party/jni-hack/real/jni.h,"(76, 1)-(76, 25)",b'typedef _jobject* jweak;'
react-native,../repos/react-native/packages/react-native/ReactAndroid/src/main/jni/first-party/jni-hack/real/jni.h,"(83, 1)-(83, 23)",b'typedef void* jobject;'
react-native,../repos/react-native/packages/react-native/ReactAndroid/src/main/jni/first-party/jni-hack/real/jni.h,"(84, 1)-(84, 24)",b'typedef jobject jclass;'
react-native,../repos/react-native/packages/react-native/ReactAndroid/src/main/jni/first-party/jni-hack/real/jni.h,"(85, 1)-(85, 25)",b'typedef jobject jstring;'
react-native,../repos/react-native/packages/react-native/ReactAndroid/src/main/jni/first-party/jni-hack/real/jni.h,"(86, 1)-(86, 24)",b'typedef jobject jarray;'
react-native,../repos/react-native/packages/react-native/ReactAndroid/src/main/jni/first-party/jni-hack/real/jni.h,"(87, 1)-(87, 29)",b'typedef jarray jobjectArray;'
react-native,../repos/react-native/packages/react-native/ReactAndroid/src/main/jni/first-party/jni-hack/real/jni.h,"(88, 1)-(88, 30)",b'typedef jarray jbooleanArray;'
react-native,../repos/react-native/packages/react-native/ReactAndroid/src/main/jni/first-party/jni-hack/real/jni.h,"(89, 1)-(89, 27)",b'typedef jarray jbyteArray;'
react-native,../repos/react-native/packages/react-native/ReactAndroid/src/main/jni/first-party/jni-hack/real/jni.h,"(90, 1)-(90, 27)",b'typedef jarray jcharArray;'
react-native,../repos/react-native/packages/react-native/ReactAndroid/src/main/jni/first-party/jni-hack/real/jni.h,"(91, 1)-(91, 28)",b'typedef jarray jshortArray;'
react-native,../repos/react-native/packages/react-native/ReactAndroid/src/main/jni/first-party/jni-hack/real/jni.h,"(92, 1)-(92, 26)",b'typedef jarray jintArray;'
react-native,../repos/react-native/packages/react-native/ReactAndroid/src/main/jni/first-party/jni-hack/real/jni.h,"(93, 1)-(93, 27)",b'typedef jarray jlongArray;'
react-native,../repos/react-native/packages/react-native/ReactAndroid/src/main/jni/first-party/jni-hack/real/jni.h,"(94, 1)-(94, 28)",b'typedef jarray jfloatArray;'
react-native,../repos/react-native/packages/react-native/ReactAndroid/src/main/jni/first-party/jni-hack/real/jni.h,"(95, 1)-(95, 29)",b'typedef jarray jdoubleArray;'
react-native,../repos/react-native/packages/react-native/ReactAndroid/src/main/jni/first-party/jni-hack/real/jni.h,"(96, 1)-(96, 28)",b'typedef jobject jthrowable;'
react-native,../repos/react-native/packages/react-native/ReactAndroid/src/main/jni/first-party/jni-hack/real/jni.h,"(97, 1)-(97, 23)",b'typedef jobject jweak;'
react-native,../repos/react-native/packages/react-native/ReactAndroid/src/main/jni/first-party/jni-hack/real/jni.h,"(102, 1)-(102, 36)",b'typedef struct _jfieldID* jfieldID;'
react-native,../repos/react-native/packages/react-native/ReactAndroid/src/main/jni/first-party/jni-hack/real/jni.h,"(105, 1)-(105, 38)",b'typedef struct _jmethodID* jmethodID;'
react-native,../repos/react-native/packages/react-native/ReactAndroid/src/main/jni/first-party/jni-hack/real/jni.h,"(109, 1)-(119, 10)",b'typedef union jvalue {\n  jboolean z;\n  jbyte ...'
react-native,../repos/react-native/packages/react-native/ReactAndroid/src/main/jni/first-party/jni-hack/real/jni.h,"(121, 1)-(126, 18)",b'typedef enum jobjectRefType {\n  JNIInvalidRef...'
react-native,../repos/react-native/packages/react-native/ReactAndroid/src/main/jni/first-party/jni-hack/real/jni.h,"(128, 1)-(132, 19)",b'typedef struct {\n  const char* name;\n  const ...'
react-native,../repos/react-native/packages/react-native/ReactAndroid/src/main/jni/first-party/jni-hack/real/jni.h,"(136, 1)-(136, 51)",b'typedef const struct JNINativeInterface* C_JNIEnv;'
react-native,../repos/react-native/packages/react-native/ReactAndroid/src/main/jni/first-party/jni-hack/real/jni.h,"(139, 1)-(139, 24)",b'typedef _JNIEnv JNIEnv;'
react-native,../repos/react-native/packages/react-native/ReactAndroid/src/main/jni/first-party/jni-hack/real/jni.h,"(140, 1)-(140, 24)",b'typedef _JavaVM JavaVM;'
react-native,../repos/react-native/packages/react-native/ReactAndroid/src/main/jni/first-party/jni-hack/real/jni.h,"(142, 1)-(142, 49)",b'typedef const struct JNINativeInterface* JNIEnv;'
react-native,../repos/react-native/packages/react-native/ReactAndroid/src/main/jni/first-party/jni-hack/real/jni.h,"(143, 1)-(143, 49)",b'typedef const struct JNIInvokeInterface* JavaVM;'
react-native,../repos/react-native/packages/react-native/ReactAndroid/src/main/jni/first-party/jni-hack/real/jni.h,"(1265, 1)-(1265, 50)",b'typedef struct JavaVMAttachArgs JavaVMAttachArgs;'
react-native,../repos/react-native/packages/react-native/ReactAndroid/src/main/jni/first-party/jni-hack/real/jni.h,"(1271, 1)-(1274, 16)",b'typedef struct JavaVMOption {\n  const char* o...'
react-native,../repos/react-native/packages/react-native/ReactAndroid/src/main/jni/first-party/jni-hack/real/jni.h,"(1276, 1)-(1282, 18)",b'typedef struct JavaVMInitArgs {\n  jint versio...'
react-native,../repos/react-native/packages/react-native/ReactCommon/cxxreact/JsArgumentHelpers.h,"(73, 3)-(74, 77)",b'typedef typename std::\n      enable_if<std::i...'
react-native,../repos/react-native/packages/react-native/ReactCommon/cxxreact/ReactMarker.h,"(45, 1)-(46, 61)",b'typedef void (\n    *LogTaggedMarker)(const Re...'
react-native,../repos/react-native/packages/react-native/ReactCommon/cxxreact/ReactMarker.h,"(47, 1)-(47, 81)",b'typedef void (*LogTaggedMarkerBridgeless)(con...'
react-native,../repos/react-native/packages/react-native/ReactCommon/cxxreact/CxxModule.h,"(60, 3)-(60, 64)",b'typedef std::function<std::unique_ptr<CxxModu...'
react-native,../repos/react-native/packages/react-native/ReactCommon/cxxreact/CxxModule.h,"(62, 3)-(62, 69)",b'typedef std::function<void(std::vector<folly:...'
react-native,../repos/react-native/packages/react-native/ReactCommon/cxxreact/CxxNativeModule.h,"(22, 1)-(22, 56)",b'typedef void (*WarnOnUsageLogger)(std::string...'
react-native,../repos/react-native/packages/react-native/ReactCommon/logger/react_native_log.h,"(17, 1)-(17, 74)",b'typedef void (*reactnativelogfunctype)(ReactN...'
react-native,../repos/react-native/packages/react-native/ReactCommon/react/runtime/platform/ios/ReactCommon/RCTHost+Internal.h,"(12, 1)-(12, 51)",b'typedef NSURL * (^RCTHostBundleURLProvider)(void);'
react-native,../repos/react-native/packages/react-native/ReactCommon/react/test_utils/MockClock.h,"(14, 3)-(16, 22)",b'typedef std::chrono::\n      time_point<std::c...'
react-native,../repos/react-native/packages/react-native/ReactCommon/react/renderer/textlayoutmanager/platform/ios/react/renderer/textlayoutmanager/RCTFontProperties.h,"(19, 1)-(19, 46)","b'typedef NS_OPTIONS(NSInteger, RCTFontVariant)'"
react-native,../repos/react-native/packages/react-native/ReactCommon/react/renderer/components/legacyviewmanagerinterop/RCTLegacyViewManagerInteropCoordinator.h,"(19, 1)-(19, 79)",b'typedef void (^InterceptorBlock)(std::string ...'
react-native,../repos/react-native/packages/react-native/ReactCommon/yoga/yoga/YGConfig.h,"(20, 1)-(20, 45)",b'typedef const struct YGNode* YGNodeConstRef;'
react-native,../repos/react-native/packages/react-native/ReactCommon/yoga/yoga/YGConfig.h,"(25, 1)-(25, 38)",b'typedef struct YGConfig* YGConfigRef;'
react-native,../repos/react-native/packages/react-native/ReactCommon/yoga/yoga/YGConfig.h,"(30, 1)-(30, 49)",b'typedef const struct YGConfig* YGConfigConstRef;'
react-native,../repos/react-native/packages/react-native/ReactCommon/yoga/yoga/YGConfig.h,"(103, 1)-(108, 19)",b'typedef int (*YGLogger)(\n    YGConfigConstRef...'
react-native,../repos/react-native/packages/react-native/ReactCommon/yoga/yoga/YGConfig.h,"(130, 1)-(133, 24)",b'typedef YGNodeRef (*YGCloneNodeFunc)(\n    YGN...'
react-native,../repos/react-native/packages/react-native/ReactCommon/yoga/yoga/YGNode.h,"(27, 1)-(27, 45)",b'typedef const struct YGNode* YGNodeConstRef;'
react-native,../repos/react-native/packages/react-native/ReactCommon/yoga/yoga/YGNode.h,"(105, 1)-(105, 52)",b'typedef void (*YGDirtiedFunc)(YGNodeConstRef ...'
react-native,../repos/react-native/packages/react-native/ReactCommon/yoga/yoga/YGNode.h,"(183, 1)-(186, 10)",b'typedef struct YGSize {\n  float width;\n  floa...'
react-native,../repos/react-native/packages/react-native/ReactCommon/yoga/yoga/YGNode.h,"(204, 1)-(209, 31)",b'typedef YGSize (*YGMeasureFunc)(\n    YGNodeCo...'
react-native,../repos/react-native/packages/react-native/ReactCommon/yoga/yoga/YGNode.h,"(226, 1)-(226, 81)",b'typedef float (*YGBaselineFunc)(YGNodeConstRe...'
react-native,../repos/react-native/packages/rn-tester/RNTesterUnitTests/RCTImageLoaderHelpers.h,"(10, 1)-(10, 76)",b'typedef BOOL (^RCTImageURLLoaderCanLoadImageU...'
react-native,../repos/react-native/packages/rn-tester/RNTesterUnitTests/RCTImageLoaderHelpers.h,"(11, 1)-(17, 54)",b'typedef RCTImageLoaderCancellationBlock (^RCT...'
react-native,../repos/react-native/packages/rn-tester/RNTesterUnitTests/RCTImageLoaderHelpers.h,"(28, 1)-(33, 54)",b'typedef RCTImageLoaderCancellationBlock (^RCT...'
react-native,../repos/react-native/packages/rn-tester/RCTTest/RCTTestModule.h,"(13, 1)-(13, 42)","b'typedef NS_ENUM(NSInteger, RCTTestStatus)'"
react-native,../repos/react-native/packages/rn-tester/RCTTest/FBSnapshotTestCase/FBSnapshotTestController.h,"(11, 1)-(11, 62)","b'typedef NS_ENUM(NSInteger, FBSnapshotTestCont...'"
