Repo name,File name,Location,Content
react-native,../repos/react-native/packages/react-native/Libraries/WebPerformance/PerformanceEntryReporter.cpp,"(313, 3)-(313, 12)",b'constexpr size_t operator()(const StrKey& str...'
react-native,../repos/react-native/packages/react-native/Libraries/WebPerformance/__tests__/PerformanceEntryReporterTest.cpp,"(19, 10)-(19, 19)",b'static constexpr const char* entryTypeNames[]...'
react-native,../repos/react-native/packages/react-native/Libraries/WebPerformance/__tests__/PerformanceEntryReporterTest.cpp,"(19, 20)-(19, 25)",b'static constexpr const char* entryTypeNames[]...'
react-native,../repos/react-native/packages/react-native/Libraries/WebPerformance/__tests__/BoundedConsumableBufferTest.cpp,"(18, 1)-(18, 10)",b'constexpr auto OK = BoundedConsumableBuffer<i...'
react-native,../repos/react-native/packages/react-native/Libraries/WebPerformance/__tests__/BoundedConsumableBufferTest.cpp,"(19, 1)-(19, 10)",b'constexpr auto DROP = BoundedConsumableBuffer...'
react-native,../repos/react-native/packages/react-native/Libraries/WebPerformance/__tests__/BoundedConsumableBufferTest.cpp,"(20, 1)-(20, 10)",b'constexpr auto OVERWRITE = BoundedConsumableB...'
react-native,../repos/react-native/packages/react-native/Libraries/WebPerformance/PerformanceEntryReporter.h,"(47, 1)-(47, 10)",b'constexpr double DEFAULT_DURATION_THRESHOLD = 0.0;'
react-native,../repos/react-native/packages/react-native/Libraries/WebPerformance/PerformanceEntryReporter.h,"(50, 1)-(50, 10)",b'constexpr size_t DEFAULT_MAX_BUFFER_SIZE = 1024;'
react-native,../repos/react-native/packages/react-native/Libraries/WebPerformance/PerformanceEntryReporter.h,"(69, 1)-(69, 10)",b'constexpr size_t NUM_PERFORMANCE_ENTRY_TYPES ...'
react-native,../repos/react-native/packages/react-native/Libraries/WebPerformance/BoundedConsumableBuffer.h,"(16, 1)-(16, 10)",b'constexpr int DEFAULT_MAX_SIZE = 1024;'
react-native,../repos/react-native/packages/react-native/ReactAndroid/src/main/jni/first-party/fb/include/fb/StaticInitialized.h,"(21, 3)-(21, 12)",b'constexpr StaticInitialized() : m_instance(nu...'
react-native,../repos/react-native/packages/react-native/ReactAndroid/src/main/jni/first-party/fb/include/fb/RefPtr.h,"(45, 3)-(45, 12)",b'constexpr RefPtr() : m_ptr(nullptr) {}'
react-native,../repos/react-native/packages/react-native/ReactAndroid/src/main/jni/first-party/fb/include/fb/RefPtr.h,"(48, 3)-(48, 12)",b'constexpr RefPtr(std::nullptr_t ptr) : m_ptr(...'
react-native,../repos/react-native/packages/react-native/ReactAndroid/src/main/jni/first-party/yogajni/jni/YGJNI.h,"(66, 10)-(66, 19)",b'static constexpr jint NAN_BYTES = 0x7fc00000;'
react-native,../repos/react-native/packages/react-native/ReactAndroid/src/main/jni/first-party/yogajni/jni/YGJNI.h,"(73, 3)-(73, 12)",b'constexpr static jlong undefinedAsJavaLong() ...'
react-native,../repos/react-native/packages/react-native/ReactAndroid/src/main/jni/react/jscexecutor/OnLoad.cpp,"(48, 10)-(48, 19)",b'static constexpr auto kJavaDescriptor =\n     ...'
react-native,../repos/react-native/packages/react-native/ReactAndroid/src/main/jni/react/runtime/jsc/jni/OnLoad.cpp,"(20, 10)-(20, 19)",b'static constexpr auto kJavaDescriptor =\n     ...'
react-native,../repos/react-native/packages/react-native/ReactAndroid/src/main/jni/react/runtime/jni/JJSRuntimeFactory.h,"(19, 15)-(19, 24)",b'static auto constexpr kJavaDescriptor =\n     ...'
react-native,../repos/react-native/packages/react-native/ReactAndroid/src/main/jni/react/runtime/jni/JJSTimerExecutor.h,"(22, 3)-(22, 12)",b'constexpr static auto kJavaDescriptor =\n     ...'
react-native,../repos/react-native/packages/react-native/ReactAndroid/src/main/jni/react/runtime/jni/JReactExceptionManager.h,"(19, 15)-(19, 24)",b'static auto constexpr kJavaDescriptor =\n     ...'
react-native,../repos/react-native/packages/react-native/ReactAndroid/src/main/jni/react/runtime/jni/JJavaTimerManager.h,"(18, 15)-(18, 24)",b'static auto constexpr kJavaDescriptor =\n     ...'
react-native,../repos/react-native/packages/react-native/ReactAndroid/src/main/jni/react/runtime/jni/JBindingsInstaller.h,"(22, 10)-(22, 19)",b'static constexpr auto kJavaDescriptor =\n     ...'
react-native,../repos/react-native/packages/react-native/ReactAndroid/src/main/jni/react/runtime/jni/JReactInstance.h,"(35, 3)-(35, 12)",b'constexpr static auto kJavaDescriptor =\n     ...'
react-native,../repos/react-native/packages/react-native/ReactAndroid/src/main/jni/react/runtime/hermes/jni/JHermesInstance.h,"(26, 10)-(26, 19)",b'static constexpr auto kJavaDescriptor =\n     ...'
react-native,../repos/react-native/packages/react-native/ReactAndroid/src/main/jni/react/runtime/cxxreactpackage/ReactCommon/CxxReactPackage.h,"(20, 15)-(20, 24)",b'static auto constexpr kJavaDescriptor =\n     ...'
react-native,../repos/react-native/packages/react-native/ReactAndroid/src/main/jni/react/newarchdefaults/DefaultTurboModuleManagerDelegate.h,"(24, 10)-(24, 19)",b'static constexpr auto kJavaDescriptor =\n     ...'
react-native,../repos/react-native/packages/react-native/ReactAndroid/src/main/jni/react/newarchdefaults/DefaultComponentsRegistry.h,"(21, 3)-(21, 12)",b'constexpr static auto kJavaDescriptor =\n     ...'
react-native,../repos/react-native/packages/react-native/ReactAndroid/src/main/jni/react/mapbuffer/react/common/mapbuffer/JWritableMapBuffer.h,"(17, 15)-(17, 24)",b'static auto constexpr kJavaDescriptor =\n     ...'
react-native,../repos/react-native/packages/react-native/ReactAndroid/src/main/jni/react/mapbuffer/react/common/mapbuffer/JReadableMapBuffer.h,"(20, 15)-(20, 24)",b'static auto constexpr kJavaDescriptor =\n     ...'
react-native,../repos/react-native/packages/react-native/ReactAndroid/src/main/jni/react/fabric/JBackgroundExecutor.h,"(17, 15)-(17, 24)",b'static auto constexpr kJavaDescriptor =\n     ...'
react-native,../repos/react-native/packages/react-native/ReactAndroid/src/main/jni/react/fabric/EventEmitterWrapper.h,"(20, 3)-(20, 12)",b'constexpr static const char* const kJavaDescr...'
react-native,../repos/react-native/packages/react-native/ReactAndroid/src/main/jni/react/fabric/EventEmitterWrapper.h,"(20, 20)-(20, 25)",b'constexpr static const char* const kJavaDescr...'
react-native,../repos/react-native/packages/react-native/ReactAndroid/src/main/jni/react/fabric/SurfaceHandlerBinding.h,"(20, 3)-(20, 12)",b'constexpr static const char* const kJavaDescr...'
react-native,../repos/react-native/packages/react-native/ReactAndroid/src/main/jni/react/fabric/SurfaceHandlerBinding.h,"(20, 20)-(20, 25)",b'constexpr static const char* const kJavaDescr...'
react-native,../repos/react-native/packages/react-native/ReactAndroid/src/main/jni/react/fabric/Binding.cpp,"(82, 1)-(82, 10)",b'constexpr static auto kReactFeatureFlagsJavaD...'
react-native,../repos/react-native/packages/react-native/ReactAndroid/src/main/jni/react/fabric/JFabricUIManager.h,"(18, 10)-(18, 19)",b'static constexpr auto kJavaDescriptor =\n     ...'
react-native,../repos/react-native/packages/react-native/ReactAndroid/src/main/jni/react/fabric/MountItem.h,"(16, 10)-(16, 19)",b'static constexpr auto kJavaDescriptor =\n     ...'
react-native,../repos/react-native/packages/react-native/ReactAndroid/src/main/jni/react/fabric/FabricMountingManager.cpp,"(33, 1)-(33, 10)",b'constexpr static auto kReactFeatureFlagsJavaD...'
react-native,../repos/react-native/packages/react-native/ReactAndroid/src/main/jni/react/fabric/ComponentFactory.h,"(20, 3)-(20, 12)",b'constexpr static const char* const kJavaDescr...'
react-native,../repos/react-native/packages/react-native/ReactAndroid/src/main/jni/react/fabric/ComponentFactory.h,"(20, 20)-(20, 25)",b'constexpr static const char* const kJavaDescr...'
react-native,../repos/react-native/packages/react-native/ReactAndroid/src/main/jni/react/fabric/StateWrapperImpl.h,"(21, 3)-(21, 12)",b'constexpr static const char* const kJavaDescr...'
react-native,../repos/react-native/packages/react-native/ReactAndroid/src/main/jni/react/fabric/StateWrapperImpl.h,"(21, 20)-(21, 25)",b'constexpr static const char* const kJavaDescr...'
react-native,../repos/react-native/packages/react-native/ReactAndroid/src/main/jni/react/fabric/StateWrapperImpl.h,"(23, 3)-(23, 12)",b'constexpr static auto StateWrapperImplJavaDes...'
react-native,../repos/react-native/packages/react-native/ReactAndroid/src/main/jni/react/fabric/CoreComponentsRegistry.h,"(20, 3)-(20, 12)",b'constexpr static auto kJavaDescriptor =\n     ...'
react-native,../repos/react-native/packages/react-native/ReactAndroid/src/main/jni/react/fabric/EventBeatManager.h,"(32, 3)-(32, 12)",b'constexpr static const char* const kJavaDescr...'
react-native,../repos/react-native/packages/react-native/ReactAndroid/src/main/jni/react/fabric/EventBeatManager.h,"(32, 20)-(32, 25)",b'constexpr static const char* const kJavaDescr...'
react-native,../repos/react-native/packages/react-native/ReactAndroid/src/main/jni/react/fabric/Binding.h,"(38, 3)-(38, 12)","b'constexpr static auto kJavaDescriptor = ""Lcom...'"
react-native,../repos/react-native/packages/react-native/ReactAndroid/src/main/jni/react/fabric/Binding.h,"(45, 3)-(45, 12)",b'constexpr static const char* const kJavaDescr...'
react-native,../repos/react-native/packages/react-native/ReactAndroid/src/main/jni/react/fabric/Binding.h,"(45, 20)-(45, 25)",b'constexpr static const char* const kJavaDescr...'
react-native,../repos/react-native/packages/react-native/ReactAndroid/src/main/jni/react/fabric/JEmptyReactNativeConfig.h,"(20, 3)-(20, 12)",b'constexpr static const char* const kJavaDescr...'
react-native,../repos/react-native/packages/react-native/ReactAndroid/src/main/jni/react/fabric/JEmptyReactNativeConfig.h,"(20, 20)-(20, 25)",b'constexpr static const char* const kJavaDescr...'
react-native,../repos/react-native/packages/react-native/ReactAndroid/src/main/jni/react/reactperflogger/reactperflogger/JNativeModulePerfLogger.h,"(19, 15)-(19, 24)",b'static auto constexpr kJavaDescriptor =\n     ...'
react-native,../repos/react-native/packages/react-native/ReactAndroid/src/main/jni/react/jni/JSLoader.h,"(19, 10)-(19, 19)","b'static constexpr auto kJavaDescriptor = ""Land...'"
react-native,../repos/react-native/packages/react-native/ReactAndroid/src/main/jni/react/jni/JRuntimeExecutor.h,"(17, 15)-(17, 24)",b'static auto constexpr kJavaDescriptor =\n     ...'
react-native,../repos/react-native/packages/react-native/ReactAndroid/src/main/jni/react/jni/WritableNativeArray.h,"(21, 15)-(21, 24)",b'static auto constexpr kJavaDescriptor =\n     ...'
react-native,../repos/react-native/packages/react-native/ReactAndroid/src/main/jni/react/jni/WritableNativeArray.h,"(27, 10)-(27, 19)",b'static constexpr const char* kJavaDescriptor ...'
react-native,../repos/react-native/packages/react-native/ReactAndroid/src/main/jni/react/jni/WritableNativeArray.h,"(27, 20)-(27, 25)",b'static constexpr const char* kJavaDescriptor ...'
react-native,../repos/react-native/packages/react-native/ReactAndroid/src/main/jni/react/jni/CatalystInstanceImpl.h,"(30, 10)-(30, 19)",b'static constexpr auto kJavaDescriptor =\n     ...'
react-native,../repos/react-native/packages/react-native/ReactAndroid/src/main/jni/react/jni/CatalystInstanceImpl.h,"(36, 10)-(36, 19)",b'static constexpr auto kJavaDescriptor =\n     ...'
react-native,../repos/react-native/packages/react-native/ReactAndroid/src/main/jni/react/jni/JReactMarker.h,"(19, 10)-(19, 19)",b'static constexpr auto kJavaDescriptor =\n     ...'
react-native,../repos/react-native/packages/react-native/ReactAndroid/src/main/jni/react/jni/NativeMap.h,"(19, 15)-(19, 24)",b'static auto constexpr kJavaDescriptor =\n     ...'
react-native,../repos/react-native/packages/react-native/ReactAndroid/src/main/jni/react/jni/OnLoad.cpp,"(37, 10)-(37, 19)",b'static constexpr auto kJavaDescriptor =\n     ...'
react-native,../repos/react-native/packages/react-native/ReactAndroid/src/main/jni/react/jni/OnLoad.cpp,"(45, 10)-(45, 19)",b'static constexpr auto kJavaDescriptor =\n     ...'
react-native,../repos/react-native/packages/react-native/ReactAndroid/src/main/jni/react/jni/JReactSoftExceptionLogger.h,"(18, 10)-(18, 19)",b'static constexpr const char* kJavaDescriptor ...'
react-native,../repos/react-native/packages/react-native/ReactAndroid/src/main/jni/react/jni/JReactSoftExceptionLogger.h,"(18, 20)-(18, 25)",b'static constexpr const char* kJavaDescriptor ...'
react-native,../repos/react-native/packages/react-native/ReactAndroid/src/main/jni/react/jni/NativeArray.h,"(19, 15)-(19, 24)",b'static auto constexpr* kJavaDescriptor =\n    ...'
react-native,../repos/react-native/packages/react-native/ReactAndroid/src/main/jni/react/jni/CxxModuleWrapperBase.h,"(19, 3)-(19, 12)",b'constexpr static const char* const kJavaDescr...'
react-native,../repos/react-native/packages/react-native/ReactAndroid/src/main/jni/react/jni/CxxModuleWrapperBase.h,"(19, 20)-(19, 25)",b'constexpr static const char* const kJavaDescr...'
react-native,../repos/react-native/packages/react-native/ReactAndroid/src/main/jni/react/jni/CxxModuleWrapperBase.h,"(30, 3)-(30, 12)",b'constexpr static const char* const kJavaDescr...'
react-native,../repos/react-native/packages/react-native/ReactAndroid/src/main/jni/react/jni/CxxModuleWrapperBase.h,"(30, 20)-(30, 25)",b'constexpr static const char* const kJavaDescr...'
react-native,../repos/react-native/packages/react-native/ReactAndroid/src/main/jni/react/jni/JMessageQueueThread.h,"(19, 10)-(19, 19)",b'static constexpr auto kJavaDescriptor =\n     ...'
react-native,../repos/react-native/packages/react-native/ReactAndroid/src/main/jni/react/jni/CxxModuleWrapper.h,"(17, 3)-(17, 12)",b'constexpr static const char* const kJavaDescr...'
react-native,../repos/react-native/packages/react-native/ReactAndroid/src/main/jni/react/jni/CxxModuleWrapper.h,"(17, 20)-(17, 25)",b'constexpr static const char* const kJavaDescr...'
react-native,../repos/react-native/packages/react-native/ReactAndroid/src/main/jni/react/jni/JInspector.h,"(20, 10)-(20, 19)",b'static constexpr auto kJavaDescriptor =\n     ...'
react-native,../repos/react-native/packages/react-native/ReactAndroid/src/main/jni/react/jni/JInspector.h,"(29, 10)-(29, 19)",b'static constexpr auto kJavaDescriptor =\n     ...'
react-native,../repos/react-native/packages/react-native/ReactAndroid/src/main/jni/react/jni/JInspector.h,"(38, 10)-(38, 19)",b'static constexpr auto kJavaDescriptor =\n     ...'
react-native,../repos/react-native/packages/react-native/ReactAndroid/src/main/jni/react/jni/JInspector.h,"(55, 10)-(55, 19)",b'static constexpr auto kJavaDescriptor =\n     ...'
react-native,../repos/react-native/packages/react-native/ReactAndroid/src/main/jni/react/jni/JRuntimeScheduler.h,"(17, 15)-(17, 24)",b'static auto constexpr kJavaDescriptor =\n     ...'
react-native,../repos/react-native/packages/react-native/ReactAndroid/src/main/jni/react/jni/JavaModuleWrapper.h,"(22, 10)-(22, 19)",b'static constexpr auto kJavaDescriptor =\n     ...'
react-native,../repos/react-native/packages/react-native/ReactAndroid/src/main/jni/react/jni/JavaModuleWrapper.h,"(32, 10)-(32, 19)",b'static constexpr auto kJavaDescriptor =\n     ...'
react-native,../repos/react-native/packages/react-native/ReactAndroid/src/main/jni/react/jni/MethodInvoker.h,"(21, 10)-(21, 19)","b'static constexpr auto kJavaDescriptor = ""Ljav...'"
react-native,../repos/react-native/packages/react-native/ReactAndroid/src/main/jni/react/jni/MethodInvoker.h,"(31, 10)-(31, 19)",b'static constexpr auto kJavaDescriptor =\n     ...'
react-native,../repos/react-native/packages/react-native/ReactAndroid/src/main/jni/react/jni/ModuleRegistryBuilder.h,"(23, 15)-(23, 24)",b'static auto constexpr kJavaDescriptor =\n     ...'
react-native,../repos/react-native/packages/react-native/ReactAndroid/src/main/jni/react/jni/WritableNativeMap.h,"(20, 15)-(20, 24)",b'static auto constexpr kJavaDescriptor =\n     ...'
react-native,../repos/react-native/packages/react-native/ReactAndroid/src/main/jni/react/jni/WritableNativeMap.h,"(26, 15)-(26, 24)",b'static auto constexpr kJavaDescriptor =\n     ...'
react-native,../repos/react-native/packages/react-native/ReactAndroid/src/main/jni/react/jni/MethodInvoker.cpp,"(34, 3)-(34, 12)",b'constexpr static auto kJavaDescriptor =\n     ...'
react-native,../repos/react-native/packages/react-native/ReactAndroid/src/main/jni/react/jni/JavaScriptExecutorHolder.h,"(18, 10)-(18, 19)",b'static constexpr auto kJavaDescriptor =\n     ...'
react-native,../repos/react-native/packages/react-native/ReactAndroid/src/main/jni/react/jni/JCallback.h,"(22, 3)-(22, 12)",b'constexpr static auto kJavaDescriptor =\n     ...'
react-native,../repos/react-native/packages/react-native/ReactAndroid/src/main/jni/react/jni/JCallback.h,"(28, 3)-(28, 12)",b'constexpr static auto kJavaDescriptor =\n     ...'
react-native,../repos/react-native/packages/react-native/ReactAndroid/src/main/jni/react/jni/NativeCommon.h,"(20, 15)-(20, 24)",b'static auto constexpr kJavaDescriptor =\n     ...'
react-native,../repos/react-native/packages/react-native/ReactAndroid/src/main/jni/react/jni/ReadableNativeMap.h,"(24, 15)-(24, 24)",b'static auto constexpr kJavaDescriptor =\n     ...'
react-native,../repos/react-native/packages/react-native/ReactAndroid/src/main/jni/react/jni/ReadableNativeMap.h,"(34, 15)-(34, 24)",b'static auto constexpr kJavaDescriptor =\n     ...'
react-native,../repos/react-native/packages/react-native/ReactAndroid/src/main/jni/react/jni/ReadableNativeArray.h,"(18, 15)-(18, 24)",b'static auto constexpr kJavaDescriptor =\n     ...'
react-native,../repos/react-native/packages/react-native/ReactAndroid/src/main/jni/react/jni/ReadableNativeArray.h,"(32, 10)-(32, 19)",b'static constexpr const char* kJavaDescriptor ...'
react-native,../repos/react-native/packages/react-native/ReactAndroid/src/main/jni/react/jni/ReadableNativeArray.h,"(32, 20)-(32, 25)",b'static constexpr const char* kJavaDescriptor ...'
react-native,../repos/react-native/packages/react-native/ReactAndroid/src/main/jni/react/jni/JReactCxxErrorHandler.h,"(17, 10)-(17, 19)",b'static constexpr const char* kJavaDescriptor ...'
react-native,../repos/react-native/packages/react-native/ReactAndroid/src/main/jni/react/jni/JReactCxxErrorHandler.h,"(17, 20)-(17, 25)",b'static constexpr const char* kJavaDescriptor ...'
react-native,../repos/react-native/packages/react-native/ReactAndroid/src/main/jni/react/devsupport/JCxxInspectorPackagerConnection.h,"(26, 3)-(26, 12)",b'constexpr static auto kJavaDescriptor =\n     ...'
react-native,../repos/react-native/packages/react-native/ReactAndroid/src/main/jni/react/devsupport/JOptional.h,"(20, 15)-(20, 24)","b'static auto constexpr kJavaDescriptor = ""Ljav...'"
react-native,../repos/react-native/packages/react-native/ReactAndroid/src/main/jni/react/devsupport/JCxxInspectorPackagerConnectionDelegateImpl.h,"(31, 15)-(31, 24)",b'static auto constexpr kJavaDescriptor =\n     ...'
react-native,../repos/react-native/packages/react-native/ReactAndroid/src/main/jni/react/devsupport/JCxxInspectorPackagerConnectionWebSocketDelegate.h,"(28, 15)-(28, 24)",b'static auto constexpr kJavaDescriptor =\n     ...'
react-native,../repos/react-native/packages/react-native/ReactAndroid/src/main/jni/react/devsupport/JCxxInspectorPackagerConnectionWebSocket.h,"(28, 15)-(28, 24)",b'static auto constexpr kJavaDescriptor =\n     ...'
react-native,../repos/react-native/packages/react-native/ReactAndroid/src/main/jni/react/devsupport/JInspectorFlags.h,"(19, 10)-(19, 19)",b'static constexpr auto kJavaDescriptor =\n     ...'
react-native,../repos/react-native/packages/react-native/ReactAndroid/src/main/jni/react/turbomodule/ReactCommon/TurboModuleManagerDelegate.h,"(21, 15)-(21, 24)",b'static auto constexpr kJavaDescriptor =\n     ...'
react-native,../repos/react-native/packages/react-native/ReactAndroid/src/main/jni/react/turbomodule/ReactCommon/NativeMethodCallInvokerHolder.h,"(19, 15)-(19, 24)",b'static auto constexpr kJavaDescriptor =\n     ...'
react-native,../repos/react-native/packages/react-native/ReactAndroid/src/main/jni/react/turbomodule/ReactCommon/CallInvokerHolder.h,"(18, 15)-(18, 24)",b'static auto constexpr kJavaDescriptor =\n     ...'
react-native,../repos/react-native/packages/react-native/ReactAndroid/src/main/jni/react/turbomodule/ReactCommon/TurboModuleManager.h,"(28, 15)-(28, 24)",b'static auto constexpr kJavaDescriptor =\n     ...'
react-native,../repos/react-native/packages/react-native/ReactAndroid/src/main/jni/react/turbomodule/ReactCommon/TurboModuleManager.cpp,"(28, 15)-(28, 24)",b'static auto constexpr kJavaDescriptor =\n     ...'
react-native,../repos/react-native/packages/react-native/ReactAndroid/src/main/jni/react/turbomodule/ReactCommon/CompositeTurboModuleManagerDelegate.h,"(23, 15)-(23, 24)",b'static auto constexpr kJavaDescriptor =\n     ...'
react-native,../repos/react-native/packages/react-native/ReactAndroid/src/main/jni/react/hermes/reactexecutor/OnLoad.cpp,"(54, 10)-(54, 19)",b'static constexpr auto kJavaDescriptor =\n     ...'
react-native,../repos/react-native/packages/react-native/ReactAndroid/src/main/jni/react/hermes/instrumentation/HermesSamplingProfiler.h,"(22, 3)-(22, 12)",b'constexpr static auto kJavaDescriptor =\n     ...'
react-native,../repos/react-native/packages/react-native/ReactAndroid/src/main/jni/react/hermes/instrumentation/HermesMemoryDumper.h,"(19, 3)-(19, 12)",b'constexpr static auto kJavaDescriptor =\n     ...'
react-native,../repos/react-native/packages/react-native/ReactAndroid/src/main/jni/react/uimanager/UIConstantsProviderManager.h,"(22, 10)-(22, 19)",b'static constexpr const char* kJavaDescriptor ...'
react-native,../repos/react-native/packages/react-native/ReactAndroid/src/main/jni/react/uimanager/UIConstantsProviderManager.h,"(22, 20)-(22, 25)",b'static constexpr const char* kJavaDescriptor ...'
react-native,../repos/react-native/packages/react-native/ReactAndroid/src/main/jni/react/uimanager/UIConstantsProviderManager.h,"(38, 10)-(38, 19)",b'static constexpr const char* kJavaDescriptor ...'
react-native,../repos/react-native/packages/react-native/ReactAndroid/src/main/jni/react/uimanager/UIConstantsProviderManager.h,"(38, 20)-(38, 25)",b'static constexpr const char* kJavaDescriptor ...'
react-native,../repos/react-native/packages/react-native/ReactAndroid/src/main/jni/react/uimanager/UIConstantsProviderManager.h,"(58, 10)-(58, 19)",b'static constexpr const char* kJavaDescriptor ...'
react-native,../repos/react-native/packages/react-native/ReactAndroid/src/main/jni/react/uimanager/UIConstantsProviderManager.h,"(58, 20)-(58, 25)",b'static constexpr const char* kJavaDescriptor ...'
react-native,../repos/react-native/packages/react-native/ReactAndroid/src/main/jni/react/uimanager/UIConstantsProviderManager.h,"(74, 15)-(74, 24)",b'static auto constexpr kJavaDescriptor =\n     ...'
react-native,../repos/react-native/packages/react-native/ReactAndroid/src/main/jni/react/uimanager/ComponentNameResolverManager.h,"(21, 15)-(21, 24)",b'static auto constexpr kJavaDescriptor =\n     ...'
react-native,../repos/react-native/packages/react-native/ReactAndroid/src/main/jni/react/uimanager/ComponentNameResolverManager.h,"(24, 3)-(24, 12)",b'constexpr static auto ComponentNameResolverJa...'
react-native,../repos/react-native/packages/react-native/ReactAndroid/src/main/jni/react/perftests/OnLoad.cpp,"(30, 10)-(30, 19)",b'static constexpr auto kJavaDescriptor =\n     ...'
react-native,../repos/react-native/packages/react-native/ReactAndroid/src/main/jni/react/perftests/OnLoad.cpp,"(68, 10)-(68, 19)",b'static constexpr auto kJavaDescriptor =\n     ...'
react-native,../repos/react-native/packages/react-native/ReactAndroid/src/main/jni/react/reactnativeblob/BlobCollector.cpp,"(18, 8)-(18, 17)",b'static constexpr auto kBlobModuleJavaDescript...'
react-native,../repos/react-native/packages/react-native/ReactAndroid/src/main/jni/react/reactnativeblob/BlobCollector.h,"(21, 10)-(21, 19)",b'static constexpr auto kJavaDescriptor =\n     ...'
react-native,../repos/react-native/packages/react-native/ReactCommon/jsc/JSCRuntime.cpp,"(1315, 3)-(1315, 12)",b'constexpr static unsigned maxStackArgs = 8;'
react-native,../repos/react-native/packages/react-native/ReactCommon/cxxreact/JSBundleType.cpp,"(12, 17)-(12, 26)",b'static uint32_t constexpr RAMBundleMagicNumbe...'
react-native,../repos/react-native/packages/react-native/ReactCommon/cxxreact/JSBundleType.cpp,"(15, 17)-(15, 26)",b'static uint64_t constexpr HermesBCBundleMagic...'
react-native,../repos/react-native/packages/react-native/ReactCommon/cxxreact/RAMBundleRegistry.cpp,"(18, 1)-(18, 10)",b'constexpr uint32_t RAMBundleRegistry::MAIN_BU...'
react-native,../repos/react-native/packages/react-native/ReactCommon/cxxreact/CxxModule.h,"(64, 3)-(64, 12)",b'constexpr static AsyncTagType AsyncTag = Asyn...'
react-native,../repos/react-native/packages/react-native/ReactCommon/cxxreact/CxxModule.h,"(65, 3)-(65, 12)",b'constexpr static SyncTagType SyncTag = SyncTa...'
react-native,../repos/react-native/packages/react-native/ReactCommon/cxxreact/JSExecutor.cpp,"(33, 3)-(33, 12)",b'constexpr double NANOSECONDS_IN_MILLISECOND =...'
react-native,../repos/react-native/packages/react-native/ReactCommon/cxxreact/ReactNativeVersion.h,"(17, 1)-(17, 10)",b'constexpr struct {\n  int32_t Major = 1000;\n  ...'
react-native,../repos/react-native/packages/react-native/ReactCommon/jsi/jsi/jsilib-posix.cpp,"(26, 1)-(26, 10)",b'constexpr size_t kErrorBufferSize = 512;'
react-native,../repos/react-native/packages/react-native/ReactCommon/jsi/jsi/jsi.h,"(1369, 3)-(1369, 12)",b'constexpr static ValueKind kindOf(const Symbo...'
react-native,../repos/react-native/packages/react-native/ReactCommon/jsi/jsi/jsi.h,"(1372, 3)-(1372, 12)",b'constexpr static ValueKind kindOf(const BigIn...'
react-native,../repos/react-native/packages/react-native/ReactCommon/jsi/jsi/jsi.h,"(1375, 3)-(1375, 12)",b'constexpr static ValueKind kindOf(const Strin...'
react-native,../repos/react-native/packages/react-native/ReactCommon/jsi/jsi/jsi.h,"(1378, 3)-(1378, 12)",b'constexpr static ValueKind kindOf(const Objec...'
react-native,../repos/react-native/packages/react-native/ReactCommon/jsi/jsi/test/testlib.cpp,"(1172, 10)-(1172, 19)",b'static constexpr int kInit = 17;'
react-native,../repos/react-native/packages/react-native/ReactCommon/react/utils/fnv1a.h,"(20, 1)-(20, 10)",b'constexpr uint32_t fnv1a(std::string_view str...'
react-native,../repos/react-native/packages/react-native/ReactCommon/react/utils/fnv1a.h,"(21, 3)-(21, 12)",b'constexpr uint32_t offset_basis = 2166136261;'
react-native,../repos/react-native/packages/react-native/ReactCommon/react/nativemodule/core/platform/android/ReactCommon/JavaTurboModule.cpp,"(61, 1)-(61, 10)",b'constexpr auto kReactFeatureFlagsJavaDescript...'
react-native,../repos/react-native/packages/react-native/ReactCommon/react/nativemodule/core/platform/android/ReactCommon/JavaTurboModule.cpp,"(116, 3)-(116, 12)",b'constexpr static auto kJavaDescriptor =\n     ...'
react-native,../repos/react-native/packages/react-native/ReactCommon/react/nativemodule/core/platform/android/ReactCommon/JavaTurboModule.h,"(21, 15)-(21, 24)",b'static auto constexpr kJavaDescriptor =\n     ...'
react-native,../repos/react-native/packages/react-native/ReactCommon/react/renderer/runtimescheduler/tests/StubQueue.h,"(68, 10)-(68, 19)",b'static constexpr std::chrono::duration<double...'
react-native,../repos/react-native/packages/react-native/ReactCommon/react/renderer/runtimescheduler/SchedulerPriorityUtils.h,"(16, 8)-(16, 17)",b'static constexpr std::underlying_type<Schedul...'
react-native,../repos/react-native/packages/react-native/ReactCommon/react/renderer/telemetry/SurfaceTelemetry.h,"(23, 3)-(23, 12)",b'constexpr static size_t kMaxNumberOfRecordedC...'
react-native,../repos/react-native/packages/react-native/ReactCommon/react/renderer/mounting/ShadowTree.h,"(137, 3)-(137, 12)",b'constexpr static ShadowTreeRevision::Number I...'
react-native,../repos/react-native/packages/react-native/ReactCommon/react/renderer/mapbuffer/MapBufferBuilder.h,"(17, 1)-(17, 10)",b'constexpr uint32_t INITIAL_BUCKETS_SIZE = 10;'
react-native,../repos/react-native/packages/react-native/ReactCommon/react/renderer/mapbuffer/MapBufferBuilder.cpp,"(15, 1)-(15, 10)",b'constexpr uint32_t INT_SIZE = sizeof(uint32_t);'
react-native,../repos/react-native/packages/react-native/ReactCommon/react/renderer/mapbuffer/MapBufferBuilder.cpp,"(16, 1)-(16, 10)",b'constexpr uint32_t DOUBLE_SIZE = sizeof(double);'
react-native,../repos/react-native/packages/react-native/ReactCommon/react/renderer/mapbuffer/MapBufferBuilder.cpp,"(17, 1)-(17, 10)",b'constexpr uint32_t MAX_BUCKET_VALUE_SIZE = si...'
react-native,../repos/react-native/packages/react-native/ReactCommon/react/renderer/mapbuffer/MapBuffer.h,"(74, 3)-(74, 12)",b'constexpr static uint16_t HEADER_ALIGNMENT = 0xFE;'
react-native,../repos/react-native/packages/react-native/ReactCommon/react/renderer/core/Props.cpp,"(49, 1)-(49, 10)",b'constexpr MapBuffer::Key PROPS_NATIVE_ID = 1;'
react-native,../repos/react-native/packages/react-native/ReactCommon/react/renderer/core/State.h,"(29, 17)-(29, 26)",b'static size_t constexpr initialRevisionValue = 1;'
react-native,../repos/react-native/packages/react-native/ReactCommon/react/renderer/core/ReactEventPriority.h,"(35, 8)-(35, 17)",b'static constexpr std::underlying_type<ReactEv...'
react-native,../repos/react-native/packages/react-native/ReactCommon/react/renderer/core/RawPropsPrimitives.h,"(27, 1)-(27, 10)",b'constexpr static RawPropsValueIndex kRawProps...'
react-native,../repos/react-native/packages/react-native/ReactCommon/react/renderer/core/RawPropsPrimitives.h,"(36, 1)-(36, 10)",b'constexpr static auto kPropNameLengthHardCap = 64;'
react-native,../repos/react-native/packages/react-native/ReactCommon/react/renderer/textlayoutmanager/TextMeasureCache.h,"(74, 1)-(74, 10)",b'constexpr auto kSimpleThreadSafeCacheSizeCap ...'
react-native,../repos/react-native/packages/react-native/ReactCommon/react/renderer/uimanager/UIManager.cpp,"(27, 1)-(27, 10)",b'constexpr int DOCUMENT_POSITION_DISCONNECTED = 1;'
react-native,../repos/react-native/packages/react-native/ReactCommon/react/renderer/uimanager/UIManager.cpp,"(28, 1)-(28, 10)",b'constexpr int DOCUMENT_POSITION_PRECEDING = 2;'
react-native,../repos/react-native/packages/react-native/ReactCommon/react/renderer/uimanager/UIManager.cpp,"(29, 1)-(29, 10)",b'constexpr int DOCUMENT_POSITION_FOLLOWING = 4;'
react-native,../repos/react-native/packages/react-native/ReactCommon/react/renderer/uimanager/UIManager.cpp,"(30, 1)-(30, 10)",b'constexpr int DOCUMENT_POSITION_CONTAINS = 8;'
react-native,../repos/react-native/packages/react-native/ReactCommon/react/renderer/uimanager/UIManager.cpp,"(31, 1)-(31, 10)",b'constexpr int DOCUMENT_POSITION_CONTAINED_BY = 16;'
react-native,../repos/react-native/packages/react-native/ReactCommon/react/renderer/attributedstring/conversions.h,"(933, 1)-(933, 10)",b'constexpr static MapBuffer::Key AS_KEY_HASH = 0;'
react-native,../repos/react-native/packages/react-native/ReactCommon/react/renderer/attributedstring/conversions.h,"(934, 1)-(934, 10)",b'constexpr static MapBuffer::Key AS_KEY_STRING = 1;'
react-native,../repos/react-native/packages/react-native/ReactCommon/react/renderer/attributedstring/conversions.h,"(935, 1)-(935, 10)",b'constexpr static MapBuffer::Key AS_KEY_FRAGME...'
react-native,../repos/react-native/packages/react-native/ReactCommon/react/renderer/attributedstring/conversions.h,"(936, 1)-(936, 10)",b'constexpr static MapBuffer::Key AS_KEY_CACHE_...'
react-native,../repos/react-native/packages/react-native/ReactCommon/react/renderer/attributedstring/conversions.h,"(939, 1)-(939, 10)",b'constexpr static MapBuffer::Key FR_KEY_STRING = 0;'
react-native,../repos/react-native/packages/react-native/ReactCommon/react/renderer/attributedstring/conversions.h,"(940, 1)-(940, 10)",b'constexpr static MapBuffer::Key FR_KEY_REACT_...'
react-native,../repos/react-native/packages/react-native/ReactCommon/react/renderer/attributedstring/conversions.h,"(941, 1)-(941, 10)",b'constexpr static MapBuffer::Key FR_KEY_IS_ATT...'
react-native,../repos/react-native/packages/react-native/ReactCommon/react/renderer/attributedstring/conversions.h,"(942, 1)-(942, 10)",b'constexpr static MapBuffer::Key FR_KEY_WIDTH = 3;'
react-native,../repos/react-native/packages/react-native/ReactCommon/react/renderer/attributedstring/conversions.h,"(943, 1)-(943, 10)",b'constexpr static MapBuffer::Key FR_KEY_HEIGHT = 4;'
react-native,../repos/react-native/packages/react-native/ReactCommon/react/renderer/attributedstring/conversions.h,"(944, 1)-(944, 10)",b'constexpr static MapBuffer::Key FR_KEY_TEXT_A...'
react-native,../repos/react-native/packages/react-native/ReactCommon/react/renderer/attributedstring/conversions.h,"(947, 1)-(947, 10)",b'constexpr static MapBuffer::Key TA_KEY_FOREGR...'
react-native,../repos/react-native/packages/react-native/ReactCommon/react/renderer/attributedstring/conversions.h,"(948, 1)-(948, 10)",b'constexpr static MapBuffer::Key TA_KEY_BACKGR...'
react-native,../repos/react-native/packages/react-native/ReactCommon/react/renderer/attributedstring/conversions.h,"(949, 1)-(949, 10)",b'constexpr static MapBuffer::Key TA_KEY_OPACIT...'
react-native,../repos/react-native/packages/react-native/ReactCommon/react/renderer/attributedstring/conversions.h,"(950, 1)-(950, 10)",b'constexpr static MapBuffer::Key TA_KEY_FONT_F...'
react-native,../repos/react-native/packages/react-native/ReactCommon/react/renderer/attributedstring/conversions.h,"(951, 1)-(951, 10)",b'constexpr static MapBuffer::Key TA_KEY_FONT_S...'
react-native,../repos/react-native/packages/react-native/ReactCommon/react/renderer/attributedstring/conversions.h,"(952, 1)-(952, 10)",b'constexpr static MapBuffer::Key TA_KEY_FONT_S...'
react-native,../repos/react-native/packages/react-native/ReactCommon/react/renderer/attributedstring/conversions.h,"(953, 1)-(953, 10)",b'constexpr static MapBuffer::Key TA_KEY_FONT_W...'
react-native,../repos/react-native/packages/react-native/ReactCommon/react/renderer/attributedstring/conversions.h,"(954, 1)-(954, 10)",b'constexpr static MapBuffer::Key TA_KEY_FONT_S...'
react-native,../repos/react-native/packages/react-native/ReactCommon/react/renderer/attributedstring/conversions.h,"(955, 1)-(955, 10)",b'constexpr static MapBuffer::Key TA_KEY_FONT_V...'
react-native,../repos/react-native/packages/react-native/ReactCommon/react/renderer/attributedstring/conversions.h,"(956, 1)-(956, 10)",b'constexpr static MapBuffer::Key TA_KEY_ALLOW_...'
react-native,../repos/react-native/packages/react-native/ReactCommon/react/renderer/attributedstring/conversions.h,"(957, 1)-(957, 10)",b'constexpr static MapBuffer::Key TA_KEY_LETTER...'
react-native,../repos/react-native/packages/react-native/ReactCommon/react/renderer/attributedstring/conversions.h,"(958, 1)-(958, 10)",b'constexpr static MapBuffer::Key TA_KEY_LINE_H...'
react-native,../repos/react-native/packages/react-native/ReactCommon/react/renderer/attributedstring/conversions.h,"(959, 1)-(959, 10)",b'constexpr static MapBuffer::Key TA_KEY_ALIGNM...'
react-native,../repos/react-native/packages/react-native/ReactCommon/react/renderer/attributedstring/conversions.h,"(960, 1)-(960, 10)",b'constexpr static MapBuffer::Key TA_KEY_BEST_W...'
react-native,../repos/react-native/packages/react-native/ReactCommon/react/renderer/attributedstring/conversions.h,"(961, 1)-(961, 10)",b'constexpr static MapBuffer::Key TA_KEY_TEXT_D...'
react-native,../repos/react-native/packages/react-native/ReactCommon/react/renderer/attributedstring/conversions.h,"(962, 1)-(962, 10)",b'constexpr static MapBuffer::Key TA_KEY_TEXT_D...'
react-native,../repos/react-native/packages/react-native/ReactCommon/react/renderer/attributedstring/conversions.h,"(963, 1)-(963, 10)",b'constexpr static MapBuffer::Key TA_KEY_TEXT_D...'
react-native,../repos/react-native/packages/react-native/ReactCommon/react/renderer/attributedstring/conversions.h,"(964, 1)-(964, 10)",b'constexpr static MapBuffer::Key TA_KEY_TEXT_S...'
react-native,../repos/react-native/packages/react-native/ReactCommon/react/renderer/attributedstring/conversions.h,"(965, 1)-(965, 10)",b'constexpr static MapBuffer::Key TA_KEY_TEXT_S...'
react-native,../repos/react-native/packages/react-native/ReactCommon/react/renderer/attributedstring/conversions.h,"(966, 1)-(966, 10)",b'constexpr static MapBuffer::Key TA_KEY_TEXT_S...'
react-native,../repos/react-native/packages/react-native/ReactCommon/react/renderer/attributedstring/conversions.h,"(967, 1)-(967, 10)",b'constexpr static MapBuffer::Key TA_KEY_TEXT_S...'
react-native,../repos/react-native/packages/react-native/ReactCommon/react/renderer/attributedstring/conversions.h,"(968, 1)-(968, 10)",b'constexpr static MapBuffer::Key TA_KEY_IS_HIG...'
react-native,../repos/react-native/packages/react-native/ReactCommon/react/renderer/attributedstring/conversions.h,"(969, 1)-(969, 10)",b'constexpr static MapBuffer::Key TA_KEY_LAYOUT...'
react-native,../repos/react-native/packages/react-native/ReactCommon/react/renderer/attributedstring/conversions.h,"(970, 1)-(970, 10)",b'constexpr static MapBuffer::Key TA_KEY_ACCESS...'
react-native,../repos/react-native/packages/react-native/ReactCommon/react/renderer/attributedstring/conversions.h,"(971, 1)-(971, 10)",b'constexpr static MapBuffer::Key TA_KEY_LINE_B...'
react-native,../repos/react-native/packages/react-native/ReactCommon/react/renderer/attributedstring/conversions.h,"(972, 1)-(972, 10)",b'constexpr static MapBuffer::Key TA_KEY_ROLE = 26;'
react-native,../repos/react-native/packages/react-native/ReactCommon/react/renderer/attributedstring/conversions.h,"(973, 1)-(973, 10)",b'constexpr static MapBuffer::Key TA_KEY_TEXT_T...'
react-native,../repos/react-native/packages/react-native/ReactCommon/react/renderer/attributedstring/conversions.h,"(976, 1)-(976, 10)",b'constexpr static MapBuffer::Key PA_KEY_MAX_NU...'
react-native,../repos/react-native/packages/react-native/ReactCommon/react/renderer/attributedstring/conversions.h,"(977, 1)-(977, 10)",b'constexpr static MapBuffer::Key PA_KEY_ELLIPS...'
react-native,../repos/react-native/packages/react-native/ReactCommon/react/renderer/attributedstring/conversions.h,"(978, 1)-(978, 10)",b'constexpr static MapBuffer::Key PA_KEY_TEXT_B...'
react-native,../repos/react-native/packages/react-native/ReactCommon/react/renderer/attributedstring/conversions.h,"(979, 1)-(979, 10)",b'constexpr static MapBuffer::Key PA_KEY_ADJUST...'
react-native,../repos/react-native/packages/react-native/ReactCommon/react/renderer/attributedstring/conversions.h,"(980, 1)-(980, 10)",b'constexpr static MapBuffer::Key PA_KEY_INCLUD...'
react-native,../repos/react-native/packages/react-native/ReactCommon/react/renderer/attributedstring/conversions.h,"(981, 1)-(981, 10)",b'constexpr static MapBuffer::Key PA_KEY_HYPHEN...'
react-native,../repos/react-native/packages/react-native/ReactCommon/react/renderer/components/text/ParagraphState.h,"(24, 1)-(24, 10)",b'constexpr static MapBuffer::Key TX_STATE_KEY_...'
react-native,../repos/react-native/packages/react-native/ReactCommon/react/renderer/components/text/ParagraphState.h,"(25, 1)-(25, 10)",b'constexpr static MapBuffer::Key TX_STATE_KEY_...'
react-native,../repos/react-native/packages/react-native/ReactCommon/react/renderer/components/text/ParagraphState.h,"(27, 1)-(27, 10)",b'constexpr static MapBuffer::Key TX_STATE_KEY_...'
react-native,../repos/react-native/packages/react-native/ReactCommon/react/renderer/components/text/ParagraphState.h,"(28, 1)-(28, 10)",b'constexpr static MapBuffer::Key TX_STATE_KEY_...'
react-native,../repos/react-native/packages/react-native/ReactCommon/react/renderer/components/view/viewPropConversions.h,"(23, 1)-(23, 10)",b'constexpr MapBuffer::Key EDGE_TOP = 0;'
react-native,../repos/react-native/packages/react-native/ReactCommon/react/renderer/components/view/viewPropConversions.h,"(24, 1)-(24, 10)",b'constexpr MapBuffer::Key EDGE_LEFT = 1;'
react-native,../repos/react-native/packages/react-native/ReactCommon/react/renderer/components/view/viewPropConversions.h,"(25, 1)-(25, 10)",b'constexpr MapBuffer::Key EDGE_RIGHT = 2;'
react-native,../repos/react-native/packages/react-native/ReactCommon/react/renderer/components/view/viewPropConversions.h,"(26, 1)-(26, 10)",b'constexpr MapBuffer::Key EDGE_BOTTOM = 3;'
react-native,../repos/react-native/packages/react-native/ReactCommon/react/renderer/components/view/viewPropConversions.h,"(27, 1)-(27, 10)",b'constexpr MapBuffer::Key EDGE_START = 4;'
react-native,../repos/react-native/packages/react-native/ReactCommon/react/renderer/components/view/viewPropConversions.h,"(28, 1)-(28, 10)",b'constexpr MapBuffer::Key EDGE_END = 5;'
react-native,../repos/react-native/packages/react-native/ReactCommon/react/renderer/components/view/viewPropConversions.h,"(29, 1)-(29, 10)",b'constexpr MapBuffer::Key EDGE_ALL = 6;'
react-native,../repos/react-native/packages/react-native/ReactCommon/react/renderer/components/view/viewPropConversions.h,"(30, 1)-(30, 10)",b'constexpr MapBuffer::Key EDGE_BLOCK = 7;'
react-native,../repos/react-native/packages/react-native/ReactCommon/react/renderer/components/view/viewPropConversions.h,"(31, 1)-(31, 10)",b'constexpr MapBuffer::Key EDGE_BLOCK_START = 8;'
react-native,../repos/react-native/packages/react-native/ReactCommon/react/renderer/components/view/viewPropConversions.h,"(32, 1)-(32, 10)",b'constexpr MapBuffer::Key EDGE_BLOCK_END = 9;'
react-native,../repos/react-native/packages/react-native/ReactCommon/react/renderer/components/view/viewPropConversions.h,"(34, 1)-(34, 10)",b'constexpr MapBuffer::Key CORNER_TOP_LEFT = 0;'
react-native,../repos/react-native/packages/react-native/ReactCommon/react/renderer/components/view/viewPropConversions.h,"(35, 1)-(35, 10)",b'constexpr MapBuffer::Key CORNER_TOP_RIGHT = 1;'
react-native,../repos/react-native/packages/react-native/ReactCommon/react/renderer/components/view/viewPropConversions.h,"(36, 1)-(36, 10)",b'constexpr MapBuffer::Key CORNER_BOTTOM_RIGHT = 2;'
react-native,../repos/react-native/packages/react-native/ReactCommon/react/renderer/components/view/viewPropConversions.h,"(37, 1)-(37, 10)",b'constexpr MapBuffer::Key CORNER_BOTTOM_LEFT = 3;'
react-native,../repos/react-native/packages/react-native/ReactCommon/react/renderer/components/view/viewPropConversions.h,"(38, 1)-(38, 10)",b'constexpr MapBuffer::Key CORNER_TOP_START = 4;'
react-native,../repos/react-native/packages/react-native/ReactCommon/react/renderer/components/view/viewPropConversions.h,"(39, 1)-(39, 10)",b'constexpr MapBuffer::Key CORNER_TOP_END = 5;'
react-native,../repos/react-native/packages/react-native/ReactCommon/react/renderer/components/view/viewPropConversions.h,"(40, 1)-(40, 10)",b'constexpr MapBuffer::Key CORNER_BOTTOM_END = 6;'
react-native,../repos/react-native/packages/react-native/ReactCommon/react/renderer/components/view/viewPropConversions.h,"(41, 1)-(41, 10)",b'constexpr MapBuffer::Key CORNER_BOTTOM_START = 7;'
react-native,../repos/react-native/packages/react-native/ReactCommon/react/renderer/components/view/viewPropConversions.h,"(42, 1)-(42, 10)",b'constexpr MapBuffer::Key CORNER_ALL = 8;'
react-native,../repos/react-native/packages/react-native/ReactCommon/react/renderer/components/view/viewPropConversions.h,"(43, 1)-(43, 10)",b'constexpr MapBuffer::Key CORNER_END_END = 9;'
react-native,../repos/react-native/packages/react-native/ReactCommon/react/renderer/components/view/viewPropConversions.h,"(44, 1)-(44, 10)",b'constexpr MapBuffer::Key CORNER_END_START = 10;'
react-native,../repos/react-native/packages/react-native/ReactCommon/react/renderer/components/view/viewPropConversions.h,"(45, 1)-(45, 10)",b'constexpr MapBuffer::Key CORNER_START_END = 11;'
react-native,../repos/react-native/packages/react-native/ReactCommon/react/renderer/components/view/viewPropConversions.h,"(46, 1)-(46, 10)",b'constexpr MapBuffer::Key CORNER_START_START = 12;'
react-native,../repos/react-native/packages/react-native/ReactCommon/react/renderer/components/view/viewPropConversions.h,"(167, 1)-(167, 10)",b'constexpr MapBuffer::Key NATIVE_DRAWABLE_KIND = 0;'
react-native,../repos/react-native/packages/react-native/ReactCommon/react/renderer/components/view/viewPropConversions.h,"(168, 1)-(168, 10)",b'constexpr MapBuffer::Key NATIVE_DRAWABLE_ATTR...'
react-native,../repos/react-native/packages/react-native/ReactCommon/react/renderer/components/view/viewPropConversions.h,"(169, 1)-(169, 10)",b'constexpr MapBuffer::Key NATIVE_DRAWABLE_COLO...'
react-native,../repos/react-native/packages/react-native/ReactCommon/react/renderer/components/view/viewPropConversions.h,"(170, 1)-(170, 10)",b'constexpr MapBuffer::Key NATIVE_DRAWABLE_BORD...'
react-native,../repos/react-native/packages/react-native/ReactCommon/react/renderer/components/view/viewPropConversions.h,"(171, 1)-(171, 10)",b'constexpr MapBuffer::Key NATIVE_DRAWABLE_RIPP...'
react-native,../repos/react-native/packages/react-native/ReactCommon/react/renderer/components/view/AccessibilityPrimitives.h,"(39, 1)-(39, 10)",b'constexpr enum AccessibilityTraits operator|(...'
react-native,../repos/react-native/packages/react-native/ReactCommon/react/renderer/components/view/AccessibilityPrimitives.h,"(45, 1)-(45, 10)",b'constexpr enum AccessibilityTraits operator&(...'
react-native,../repos/react-native/packages/react-native/ReactCommon/react/renderer/components/view/AccessibilityPrimitives.h,"(76, 1)-(76, 10)",b'constexpr bool operator==(\n    const Accessib...'
react-native,../repos/react-native/packages/react-native/ReactCommon/react/renderer/components/view/AccessibilityPrimitives.h,"(84, 1)-(84, 10)",b'constexpr bool operator!=(\n    const Accessib...'
react-native,../repos/react-native/packages/react-native/ReactCommon/react/renderer/components/view/AccessibilityPrimitives.h,"(113, 1)-(113, 10)",b'constexpr bool operator==(\n    const Accessib...'
react-native,../repos/react-native/packages/react-native/ReactCommon/react/renderer/components/view/AccessibilityPrimitives.h,"(120, 1)-(120, 10)",b'constexpr bool operator!=(\n    const Accessib...'
react-native,../repos/react-native/packages/react-native/ReactCommon/react/renderer/components/view/platform/android/react/renderer/components/view/AccessibilityPropsMapBuffer.h,"(18, 1)-(18, 10)",b'constexpr MapBuffer::Key AP_ACCESSIBILITY_ACT...'
react-native,../repos/react-native/packages/react-native/ReactCommon/react/renderer/components/view/platform/android/react/renderer/components/view/AccessibilityPropsMapBuffer.h,"(19, 1)-(19, 10)",b'constexpr MapBuffer::Key AP_ACCESSIBILITY_HIN...'
react-native,../repos/react-native/packages/react-native/ReactCommon/react/renderer/components/view/platform/android/react/renderer/components/view/AccessibilityPropsMapBuffer.h,"(20, 1)-(20, 10)",b'constexpr MapBuffer::Key AP_ACCESSIBILITY_LAB...'
react-native,../repos/react-native/packages/react-native/ReactCommon/react/renderer/components/view/platform/android/react/renderer/components/view/AccessibilityPropsMapBuffer.h,"(21, 1)-(21, 10)",b'constexpr MapBuffer::Key AP_ACCESSIBILITY_LAB...'
react-native,../repos/react-native/packages/react-native/ReactCommon/react/renderer/components/view/platform/android/react/renderer/components/view/AccessibilityPropsMapBuffer.h,"(22, 1)-(22, 10)",b'constexpr MapBuffer::Key AP_ACCESSIBILITY_LIV...'
react-native,../repos/react-native/packages/react-native/ReactCommon/react/renderer/components/view/platform/android/react/renderer/components/view/AccessibilityPropsMapBuffer.h,"(23, 1)-(23, 10)",b'constexpr MapBuffer::Key AP_ACCESSIBILITY_ROL...'
react-native,../repos/react-native/packages/react-native/ReactCommon/react/renderer/components/view/platform/android/react/renderer/components/view/AccessibilityPropsMapBuffer.h,"(24, 1)-(24, 10)",b'constexpr MapBuffer::Key AP_ACCESSIBILITY_STA...'
react-native,../repos/react-native/packages/react-native/ReactCommon/react/renderer/components/view/platform/android/react/renderer/components/view/AccessibilityPropsMapBuffer.h,"(25, 1)-(25, 10)",b'constexpr MapBuffer::Key AP_ACCESSIBILITY_VAL...'
react-native,../repos/react-native/packages/react-native/ReactCommon/react/renderer/components/view/platform/android/react/renderer/components/view/AccessibilityPropsMapBuffer.h,"(26, 1)-(26, 10)",b'constexpr MapBuffer::Key AP_ACCESSIBLE = 8;'
react-native,../repos/react-native/packages/react-native/ReactCommon/react/renderer/components/view/platform/android/react/renderer/components/view/AccessibilityPropsMapBuffer.h,"(27, 1)-(27, 10)",b'constexpr MapBuffer::Key AP_IMPORTANT_FOR_ACC...'
react-native,../repos/react-native/packages/react-native/ReactCommon/react/renderer/components/view/platform/android/react/renderer/components/view/AccessibilityPropsMapBuffer.h,"(29, 1)-(29, 10)",b'constexpr MapBuffer::Key AP_ROLE = 47;'
react-native,../repos/react-native/packages/react-native/ReactCommon/react/renderer/components/view/platform/android/react/renderer/components/view/AccessibilityPropsMapBuffer.h,"(32, 1)-(32, 10)",b'constexpr MapBuffer::Key ACCESSIBILITY_ACTION...'
react-native,../repos/react-native/packages/react-native/ReactCommon/react/renderer/components/view/platform/android/react/renderer/components/view/AccessibilityPropsMapBuffer.h,"(33, 1)-(33, 10)",b'constexpr MapBuffer::Key ACCESSIBILITY_ACTION...'
react-native,../repos/react-native/packages/react-native/ReactCommon/react/renderer/components/view/platform/android/react/renderer/components/view/AccessibilityPropsMapBuffer.cpp,"(39, 1)-(39, 10)",b'constexpr MapBuffer::Key ACCESSIBILITY_STATE_...'
react-native,../repos/react-native/packages/react-native/ReactCommon/react/renderer/components/view/platform/android/react/renderer/components/view/AccessibilityPropsMapBuffer.cpp,"(40, 1)-(40, 10)",b'constexpr MapBuffer::Key ACCESSIBILITY_STATE_...'
react-native,../repos/react-native/packages/react-native/ReactCommon/react/renderer/components/view/platform/android/react/renderer/components/view/AccessibilityPropsMapBuffer.cpp,"(41, 1)-(41, 10)",b'constexpr MapBuffer::Key ACCESSIBILITY_STATE_...'
react-native,../repos/react-native/packages/react-native/ReactCommon/react/renderer/components/view/platform/android/react/renderer/components/view/AccessibilityPropsMapBuffer.cpp,"(42, 1)-(42, 10)",b'constexpr MapBuffer::Key ACCESSIBILITY_STATE_...'
react-native,../repos/react-native/packages/react-native/ReactCommon/react/renderer/components/view/platform/android/react/renderer/components/view/AccessibilityPropsMapBuffer.cpp,"(43, 1)-(43, 10)",b'constexpr MapBuffer::Key ACCESSIBILITY_STATE_...'
react-native,../repos/react-native/packages/react-native/ReactCommon/react/renderer/components/view/platform/android/react/renderer/components/view/YogaStylablePropsMapBuffer.h,"(17, 1)-(17, 10)",b'constexpr MapBuffer::Key YG_BORDER_WIDTH = 100;'
react-native,../repos/react-native/packages/react-native/ReactCommon/react/renderer/components/view/platform/android/react/renderer/components/view/YogaStylablePropsMapBuffer.h,"(18, 1)-(18, 10)",b'constexpr MapBuffer::Key YG_OVERFLOW = 101;'
react-native,../repos/react-native/packages/react-native/ReactCommon/react/renderer/components/view/platform/android/react/renderer/components/view/ViewPropsMapBuffer.h,"(14, 1)-(14, 10)",b'constexpr MapBuffer::Key VP_BACKFACE_VISIBILI...'
react-native,../repos/react-native/packages/react-native/ReactCommon/react/renderer/components/view/platform/android/react/renderer/components/view/ViewPropsMapBuffer.h,"(15, 1)-(15, 10)",b'constexpr MapBuffer::Key VP_BG_COLOR = 10;'
react-native,../repos/react-native/packages/react-native/ReactCommon/react/renderer/components/view/platform/android/react/renderer/components/view/ViewPropsMapBuffer.h,"(16, 1)-(16, 10)",b'constexpr MapBuffer::Key VP_BORDER_COLOR = 11;'
react-native,../repos/react-native/packages/react-native/ReactCommon/react/renderer/components/view/platform/android/react/renderer/components/view/ViewPropsMapBuffer.h,"(17, 1)-(17, 10)",b'constexpr MapBuffer::Key VP_BORDER_RADII = 12;'
react-native,../repos/react-native/packages/react-native/ReactCommon/react/renderer/components/view/platform/android/react/renderer/components/view/ViewPropsMapBuffer.h,"(18, 1)-(18, 10)",b'constexpr MapBuffer::Key VP_BORDER_STYLE = 13;'
react-native,../repos/react-native/packages/react-native/ReactCommon/react/renderer/components/view/platform/android/react/renderer/components/view/ViewPropsMapBuffer.h,"(19, 1)-(19, 10)",b'constexpr MapBuffer::Key VP_COLLAPSABLE = 14;'
react-native,../repos/react-native/packages/react-native/ReactCommon/react/renderer/components/view/platform/android/react/renderer/components/view/ViewPropsMapBuffer.h,"(20, 1)-(20, 10)",b'constexpr MapBuffer::Key VP_ELEVATION = 15;'
react-native,../repos/react-native/packages/react-native/ReactCommon/react/renderer/components/view/platform/android/react/renderer/components/view/ViewPropsMapBuffer.h,"(21, 1)-(21, 10)",b'constexpr MapBuffer::Key VP_FOCUSABLE = 16;'
react-native,../repos/react-native/packages/react-native/ReactCommon/react/renderer/components/view/platform/android/react/renderer/components/view/ViewPropsMapBuffer.h,"(22, 1)-(22, 10)",b'constexpr MapBuffer::Key VP_HAS_TV_FOCUS = 17;'
react-native,../repos/react-native/packages/react-native/ReactCommon/react/renderer/components/view/platform/android/react/renderer/components/view/ViewPropsMapBuffer.h,"(23, 1)-(23, 10)",b'constexpr MapBuffer::Key VP_HIT_SLOP = 18;'
react-native,../repos/react-native/packages/react-native/ReactCommon/react/renderer/components/view/platform/android/react/renderer/components/view/ViewPropsMapBuffer.h,"(24, 1)-(24, 10)",b'constexpr MapBuffer::Key VP_NATIVE_BACKGROUND...'
react-native,../repos/react-native/packages/react-native/ReactCommon/react/renderer/components/view/platform/android/react/renderer/components/view/ViewPropsMapBuffer.h,"(25, 1)-(25, 10)",b'constexpr MapBuffer::Key VP_NATIVE_FOREGROUND...'
react-native,../repos/react-native/packages/react-native/ReactCommon/react/renderer/components/view/platform/android/react/renderer/components/view/ViewPropsMapBuffer.h,"(26, 1)-(26, 10)",b'constexpr MapBuffer::Key VP_OFFSCREEN_ALPHA_C...'
react-native,../repos/react-native/packages/react-native/ReactCommon/react/renderer/components/view/platform/android/react/renderer/components/view/ViewPropsMapBuffer.h,"(27, 1)-(27, 10)",b'constexpr MapBuffer::Key VP_OPACITY = 24;'
react-native,../repos/react-native/packages/react-native/ReactCommon/react/renderer/components/view/platform/android/react/renderer/components/view/ViewPropsMapBuffer.h,"(28, 1)-(28, 10)",b'constexpr MapBuffer::Key VP_POINTER_EVENTS = 25;'
react-native,../repos/react-native/packages/react-native/ReactCommon/react/renderer/components/view/platform/android/react/renderer/components/view/ViewPropsMapBuffer.h,"(29, 1)-(29, 10)",b'constexpr MapBuffer::Key VP_POINTER_ENTER = 26;'
react-native,../repos/react-native/packages/react-native/ReactCommon/react/renderer/components/view/platform/android/react/renderer/components/view/ViewPropsMapBuffer.h,"(30, 1)-(30, 10)",b'constexpr MapBuffer::Key VP_POINTER_LEAVE = 27;'
react-native,../repos/react-native/packages/react-native/ReactCommon/react/renderer/components/view/platform/android/react/renderer/components/view/ViewPropsMapBuffer.h,"(31, 1)-(31, 10)",b'constexpr MapBuffer::Key VP_POINTER_MOVE = 28;'
react-native,../repos/react-native/packages/react-native/ReactCommon/react/renderer/components/view/platform/android/react/renderer/components/view/ViewPropsMapBuffer.h,"(32, 1)-(32, 10)",b'constexpr MapBuffer::Key VP_REMOVE_CLIPPED_SU...'
react-native,../repos/react-native/packages/react-native/ReactCommon/react/renderer/components/view/platform/android/react/renderer/components/view/ViewPropsMapBuffer.h,"(33, 1)-(33, 10)",b'constexpr MapBuffer::Key VP_RENDER_TO_HARDWAR...'
react-native,../repos/react-native/packages/react-native/ReactCommon/react/renderer/components/view/platform/android/react/renderer/components/view/ViewPropsMapBuffer.h,"(34, 1)-(34, 10)",b'constexpr MapBuffer::Key VP_SHADOW_COLOR = 31;'
react-native,../repos/react-native/packages/react-native/ReactCommon/react/renderer/components/view/platform/android/react/renderer/components/view/ViewPropsMapBuffer.h,"(35, 1)-(35, 10)",b'constexpr MapBuffer::Key VP_TEST_ID = 32;'
react-native,../repos/react-native/packages/react-native/ReactCommon/react/renderer/components/view/platform/android/react/renderer/components/view/ViewPropsMapBuffer.h,"(36, 1)-(36, 10)",b'constexpr MapBuffer::Key VP_TRANSFORM = 33;'
react-native,../repos/react-native/packages/react-native/ReactCommon/react/renderer/components/view/platform/android/react/renderer/components/view/ViewPropsMapBuffer.h,"(37, 1)-(37, 10)",b'constexpr MapBuffer::Key VP_ZINDEX = 34;'
react-native,../repos/react-native/packages/react-native/ReactCommon/react/renderer/components/view/platform/android/react/renderer/components/view/ViewPropsMapBuffer.h,"(38, 1)-(38, 10)",b'constexpr MapBuffer::Key VP_POINTER_ENTER_CAP...'
react-native,../repos/react-native/packages/react-native/ReactCommon/react/renderer/components/view/platform/android/react/renderer/components/view/ViewPropsMapBuffer.h,"(39, 1)-(39, 10)",b'constexpr MapBuffer::Key VP_POINTER_LEAVE_CAP...'
react-native,../repos/react-native/packages/react-native/ReactCommon/react/renderer/components/view/platform/android/react/renderer/components/view/ViewPropsMapBuffer.h,"(40, 1)-(40, 10)",b'constexpr MapBuffer::Key VP_POINTER_MOVE_CAPT...'
react-native,../repos/react-native/packages/react-native/ReactCommon/react/renderer/components/view/platform/android/react/renderer/components/view/ViewPropsMapBuffer.h,"(41, 1)-(41, 10)",b'constexpr MapBuffer::Key VP_POINTER_OVER = 41;'
react-native,../repos/react-native/packages/react-native/ReactCommon/react/renderer/components/view/platform/android/react/renderer/components/view/ViewPropsMapBuffer.h,"(42, 1)-(42, 10)",b'constexpr MapBuffer::Key VP_POINTER_OVER_CAPT...'
react-native,../repos/react-native/packages/react-native/ReactCommon/react/renderer/components/view/platform/android/react/renderer/components/view/ViewPropsMapBuffer.h,"(43, 1)-(43, 10)",b'constexpr MapBuffer::Key VP_POINTER_OUT = 43;'
react-native,../repos/react-native/packages/react-native/ReactCommon/react/renderer/components/view/platform/android/react/renderer/components/view/ViewPropsMapBuffer.h,"(44, 1)-(44, 10)",b'constexpr MapBuffer::Key VP_POINTER_OUT_CAPTU...'
react-native,../repos/react-native/packages/react-native/ReactCommon/react/renderer/components/view/platform/android/react/renderer/components/view/ViewPropsMapBuffer.h,"(45, 1)-(45, 10)",b'constexpr MapBuffer::Key VP_BORDER_CURVES = 45;'
react-native,../repos/react-native/packages/react-native/ReactCommon/react/renderer/components/view/platform/android/react/renderer/components/view/ViewPropsMapBuffer.h,"(48, 1)-(48, 10)",b'constexpr MapBuffer::Key YG_BORDER_WIDTH = 100;'
react-native,../repos/react-native/packages/react-native/ReactCommon/react/renderer/components/view/platform/android/react/renderer/components/view/ViewPropsMapBuffer.h,"(49, 1)-(49, 10)",b'constexpr MapBuffer::Key YG_OVERFLOW = 101;'
react-native,../repos/react-native/packages/react-native/ReactCommon/react/renderer/components/view/primitives.h,"(71, 3)-(71, 12)",b'constexpr bool operator[](const Offset offset...'
react-native,../repos/react-native/packages/react-native/ReactCommon/react/renderer/components/textinput/platform/android/react/renderer/components/androidtextinput/AndroidTextInputComponentDescriptor.h,"(167, 3)-(167, 12)",b'constexpr static auto UIManagerJavaDescriptor...'
react-native,../repos/react-native/packages/react-native/ReactCommon/react/bridging/Base.h,"(122, 8)-(122, 17)",b'inline constexpr bool supportsFromJs = false;'
react-native,../repos/react-native/packages/react-native/ReactCommon/react/bridging/Base.h,"(125, 8)-(125, 17)","b'inline constexpr bool supportsFromJs<\n    T,\n...'"
react-native,../repos/react-native/packages/react-native/ReactCommon/react/bridging/Base.h,"(134, 8)-(134, 17)",b'inline constexpr bool supportsToJs = false;'
react-native,../repos/react-native/packages/react-native/ReactCommon/react/bridging/Base.h,"(137, 8)-(137, 17)","b'inline constexpr bool supportsToJs<\n    T,\n  ...'"
react-native,../repos/react-native/packages/react-native/ReactCommon/react/bridging/Function.h,"(213, 10)-(213, 19)",b'static constexpr size_t kArgumentCount = size...'
react-native,../repos/react-native/packages/react-native/ReactCommon/react/bridging/Convert.h,"(22, 8)-(22, 17)",b'inline constexpr bool is_jsi_v =\n    std::is_...'
react-native,../repos/react-native/packages/react-native/ReactCommon/react/bridging/Convert.h,"(34, 8)-(34, 17)",b'inline constexpr bool is_optional_v = is_opti...'
react-native,../repos/react-native/packages/react-native/ReactCommon/react/bridging/Convert.h,"(37, 8)-(37, 17)",b'inline constexpr bool is_optional_jsi_v = false;'
react-native,../repos/react-native/packages/react-native/ReactCommon/react/bridging/Convert.h,"(40, 8)-(40, 17)",b'inline constexpr bool\n    is_optional_jsi_v<T...'
react-native,../repos/react-native/packages/react-native/ReactCommon/react/bridging/Class.h,"(81, 1)-(81, 10)",b'constexpr size_t getParameterCount(R (*)(Args...'
react-native,../repos/react-native/packages/react-native/ReactCommon/react/bridging/Class.h,"(86, 1)-(86, 10)",b'constexpr size_t getParameterCount(R (C::*)(A...'
react-native,../repos/react-native/packages/react-native/ReactCommon/jsinspector-modern/PageAgent.cpp,"(25, 8)-(25, 17)",b'static constexpr auto kModernCDPBackendNotice...'
react-native,../repos/react-native/packages/react-native/ReactCommon/jsinspector-modern/InspectorPackagerConnection.cpp,"(22, 8)-(22, 17)",b'static constexpr const std::chrono::duration ...'
react-native,../repos/react-native/packages/react-native/ReactCommon/jsinspector-modern/InspectorPackagerConnection.cpp,"(22, 18)-(22, 23)",b'static constexpr const std::chrono::duration ...'
react-native,../repos/react-native/packages/react-native/ReactCommon/jsinspector-modern/InspectorPackagerConnection.cpp,"(24, 8)-(24, 17)","b'static constexpr const char* INVALID = ""<inva...'"
react-native,../repos/react-native/packages/react-native/ReactCommon/jsinspector-modern/InspectorPackagerConnection.cpp,"(24, 18)-(24, 23)","b'static constexpr const char* INVALID = ""<inva...'"
react-native,../repos/react-native/packages/react-native/ReactCommon/yoga/yoga/style/Style.h,"(40, 10)-(40, 19)",b'static constexpr float DefaultFlexGrow = 0.0f;'
react-native,../repos/react-native/packages/react-native/ReactCommon/yoga/yoga/style/Style.h,"(41, 10)-(41, 19)",b'static constexpr float DefaultFlexShrink = 0.0f;'
react-native,../repos/react-native/packages/react-native/ReactCommon/yoga/yoga/style/Style.h,"(42, 10)-(42, 19)",b'static constexpr float WebDefaultFlexShrink =...'
react-native,../repos/react-native/packages/react-native/ReactCommon/yoga/yoga/style/StyleValueHandle.h,"(34, 10)-(34, 19)",b'static constexpr StyleValueHandle ofAuto() {\n...'
react-native,../repos/react-native/packages/react-native/ReactCommon/yoga/yoga/style/StyleValueHandle.h,"(40, 3)-(40, 12)",b'constexpr bool isUndefined() const {\n    retu...'
react-native,../repos/react-native/packages/react-native/ReactCommon/yoga/yoga/style/StyleValueHandle.h,"(44, 3)-(44, 12)",b'constexpr bool isDefined() const {\n    return...'
react-native,../repos/react-native/packages/react-native/ReactCommon/yoga/yoga/style/StyleValueHandle.h,"(48, 3)-(48, 12)",b'constexpr bool isAuto() const {\n    return ty...'
react-native,../repos/react-native/packages/react-native/ReactCommon/yoga/yoga/style/StyleValueHandle.h,"(55, 10)-(55, 19)",b'static constexpr uint16_t kHandleTypeMask = 0...'
react-native,../repos/react-native/packages/react-native/ReactCommon/yoga/yoga/style/StyleValueHandle.h,"(56, 10)-(56, 19)",b'static constexpr uint16_t kHandleIndexedMask ...'
react-native,../repos/react-native/packages/react-native/ReactCommon/yoga/yoga/style/StyleValueHandle.h,"(57, 10)-(57, 19)",b'static constexpr uint16_t kHandleValueMask = ...'
react-native,../repos/react-native/packages/react-native/ReactCommon/yoga/yoga/style/StyleValueHandle.h,"(67, 3)-(67, 12)",b'constexpr Type type() const {\n    return stat...'
react-native,../repos/react-native/packages/react-native/ReactCommon/yoga/yoga/style/StyleValueHandle.h,"(71, 3)-(71, 12)",b'constexpr void setType(Type handleType) {\n   ...'
react-native,../repos/react-native/packages/react-native/ReactCommon/yoga/yoga/style/StyleValueHandle.h,"(76, 3)-(76, 12)",b'constexpr uint16_t value() const {\n    return...'
react-native,../repos/react-native/packages/react-native/ReactCommon/yoga/yoga/style/StyleValueHandle.h,"(80, 3)-(80, 12)",b'constexpr void setValue(uint16_t value) {\n   ...'
react-native,../repos/react-native/packages/react-native/ReactCommon/yoga/yoga/style/StyleValueHandle.h,"(85, 3)-(85, 12)",b'constexpr bool isValueIndexed() const {\n    r...'
react-native,../repos/react-native/packages/react-native/ReactCommon/yoga/yoga/style/StyleValueHandle.h,"(89, 3)-(89, 12)",b'constexpr void setValueIsIndexed() {\n    repr...'
react-native,../repos/react-native/packages/react-native/ReactCommon/yoga/yoga/style/StyleValuePool.h,"(101, 10)-(101, 19)",b'static constexpr bool isIntegerPackable(float...'
react-native,../repos/react-native/packages/react-native/ReactCommon/yoga/yoga/style/StyleValuePool.h,"(102, 5)-(102, 14)",b'constexpr uint16_t kMaxInlineAbsValue = (1 <<...'
react-native,../repos/react-native/packages/react-native/ReactCommon/yoga/yoga/style/StyleValuePool.h,"(109, 10)-(109, 19)",b'static constexpr uint16_t packInlineInteger(f...'
react-native,../repos/react-native/packages/react-native/ReactCommon/yoga/yoga/style/StyleValuePool.h,"(116, 10)-(116, 19)",b'static constexpr float unpackInlineInteger(ui...'
react-native,../repos/react-native/packages/react-native/ReactCommon/yoga/yoga/style/StyleValuePool.h,"(117, 5)-(117, 14)","b""constexpr uint16_t kValueSignMask = 0b0000'10..."""
react-native,../repos/react-native/packages/react-native/ReactCommon/yoga/yoga/style/StyleValuePool.h,"(118, 5)-(118, 14)",b'constexpr uint16_t kValueMagnitudeMask = 0b00...'
react-native,../repos/react-native/packages/react-native/ReactCommon/yoga/yoga/style/StyleLength.h,"(32, 3)-(32, 12)",b'constexpr StyleLength() = default;'
react-native,../repos/react-native/packages/react-native/ReactCommon/yoga/yoga/style/StyleLength.h,"(34, 3)-(34, 12)",b'constexpr static StyleLength points(float val...'
react-native,../repos/react-native/packages/react-native/ReactCommon/yoga/yoga/style/StyleLength.h,"(40, 3)-(40, 12)",b'constexpr static StyleLength percent(float va...'
react-native,../repos/react-native/packages/react-native/ReactCommon/yoga/yoga/style/StyleLength.h,"(46, 3)-(46, 12)",b'constexpr static StyleLength ofAuto() {\n    r...'
react-native,../repos/react-native/packages/react-native/ReactCommon/yoga/yoga/style/StyleLength.h,"(50, 3)-(50, 12)",b'constexpr static StyleLength undefined() {\n  ...'
react-native,../repos/react-native/packages/react-native/ReactCommon/yoga/yoga/style/StyleLength.h,"(54, 3)-(54, 12)",b'constexpr bool isAuto() const {\n    return un...'
react-native,../repos/react-native/packages/react-native/ReactCommon/yoga/yoga/style/StyleLength.h,"(58, 3)-(58, 12)",b'constexpr bool isUndefined() const {\n    retu...'
react-native,../repos/react-native/packages/react-native/ReactCommon/yoga/yoga/style/StyleLength.h,"(62, 3)-(62, 12)",b'constexpr bool isDefined() const {\n    return...'
react-native,../repos/react-native/packages/react-native/ReactCommon/yoga/yoga/style/StyleLength.h,"(66, 3)-(66, 12)",b'constexpr FloatOptional value() const {\n    r...'
react-native,../repos/react-native/packages/react-native/ReactCommon/yoga/yoga/style/StyleLength.h,"(70, 3)-(70, 12)",b'constexpr Unit unit() const {\n    return unit...'
react-native,../repos/react-native/packages/react-native/ReactCommon/yoga/yoga/style/StyleLength.h,"(74, 3)-(74, 12)",b'constexpr FloatOptional resolve(float referen...'
react-native,../repos/react-native/packages/react-native/ReactCommon/yoga/yoga/style/StyleLength.h,"(85, 12)-(85, 21)",b'explicit constexpr operator YGValue() const {...'
react-native,../repos/react-native/packages/react-native/ReactCommon/yoga/yoga/style/StyleLength.h,"(89, 3)-(89, 12)",b'constexpr bool operator==(const StyleLength& ...'
react-native,../repos/react-native/packages/react-native/ReactCommon/yoga/yoga/style/StyleLength.h,"(96, 3)-(96, 12)","b'constexpr StyleLength(FloatOptional value, Un...'"
react-native,../repos/react-native/packages/react-native/ReactCommon/yoga/yoga/style/StyleLength.h,"(112, 1)-(112, 10)",b'constexpr StyleLength points(float value) {\n ...'
react-native,../repos/react-native/packages/react-native/ReactCommon/yoga/yoga/style/StyleLength.h,"(119, 1)-(119, 10)",b'constexpr StyleLength percent(float value) {\n...'
react-native,../repos/react-native/packages/react-native/ReactCommon/yoga/yoga/style/StyleLength.h,"(126, 1)-(126, 10)",b'constexpr StyleLength ofAuto() {\n  return Sty...'
react-native,../repos/react-native/packages/react-native/ReactCommon/yoga/yoga/style/StyleLength.h,"(133, 1)-(133, 10)",b'constexpr StyleLength undefined() {\n  return ...'
react-native,../repos/react-native/packages/react-native/ReactCommon/yoga/yoga/numeric/FloatOptional.h,"(20, 12)-(20, 21)",b'explicit constexpr FloatOptional(float value)...'
react-native,../repos/react-native/packages/react-native/ReactCommon/yoga/yoga/numeric/FloatOptional.h,"(21, 3)-(21, 12)",b'constexpr FloatOptional() = default;'
react-native,../repos/react-native/packages/react-native/ReactCommon/yoga/yoga/numeric/FloatOptional.h,"(24, 3)-(24, 12)",b'constexpr float unwrap() const {\n    return v...'
react-native,../repos/react-native/packages/react-native/ReactCommon/yoga/yoga/numeric/FloatOptional.h,"(28, 3)-(28, 12)",b'constexpr float unwrapOrDefault(float default...'
react-native,../repos/react-native/packages/react-native/ReactCommon/yoga/yoga/numeric/FloatOptional.h,"(32, 3)-(32, 12)",b'constexpr bool isUndefined() const {\n    retu...'
react-native,../repos/react-native/packages/react-native/ReactCommon/yoga/yoga/numeric/FloatOptional.h,"(36, 3)-(36, 12)",b'constexpr bool isDefined() const {\n    return...'
react-native,../repos/react-native/packages/react-native/ReactCommon/yoga/yoga/numeric/FloatOptional.h,"(43, 1)-(43, 10)","b'constexpr bool operator==(FloatOptional lhs, ...'"
react-native,../repos/react-native/packages/react-native/ReactCommon/yoga/yoga/numeric/FloatOptional.h,"(47, 1)-(47, 10)","b'constexpr bool operator!=(FloatOptional lhs, ...'"
react-native,../repos/react-native/packages/react-native/ReactCommon/yoga/yoga/numeric/FloatOptional.h,"(51, 1)-(51, 10)","b'constexpr bool operator==(FloatOptional lhs, ...'"
react-native,../repos/react-native/packages/react-native/ReactCommon/yoga/yoga/numeric/FloatOptional.h,"(54, 1)-(54, 10)","b'constexpr bool operator!=(FloatOptional lhs, ...'"
react-native,../repos/react-native/packages/react-native/ReactCommon/yoga/yoga/numeric/FloatOptional.h,"(58, 1)-(58, 10)","b'constexpr bool operator==(float lhs, FloatOpt...'"
react-native,../repos/react-native/packages/react-native/ReactCommon/yoga/yoga/numeric/FloatOptional.h,"(61, 1)-(61, 10)","b'constexpr bool operator!=(float lhs, FloatOpt...'"
react-native,../repos/react-native/packages/react-native/ReactCommon/yoga/yoga/numeric/FloatOptional.h,"(65, 1)-(65, 10)",b'constexpr FloatOptional operator+(FloatOption...'
react-native,../repos/react-native/packages/react-native/ReactCommon/yoga/yoga/numeric/FloatOptional.h,"(69, 1)-(69, 10)","b'constexpr bool operator>(FloatOptional lhs, F...'"
react-native,../repos/react-native/packages/react-native/ReactCommon/yoga/yoga/numeric/FloatOptional.h,"(73, 1)-(73, 10)","b'constexpr bool operator<(FloatOptional lhs, F...'"
react-native,../repos/react-native/packages/react-native/ReactCommon/yoga/yoga/numeric/FloatOptional.h,"(77, 1)-(77, 10)","b'constexpr bool operator>=(FloatOptional lhs, ...'"
react-native,../repos/react-native/packages/react-native/ReactCommon/yoga/yoga/numeric/FloatOptional.h,"(81, 1)-(81, 10)","b'constexpr bool operator<=(FloatOptional lhs, ...'"
react-native,../repos/react-native/packages/react-native/ReactCommon/yoga/yoga/numeric/FloatOptional.h,"(85, 1)-(85, 10)",b'constexpr FloatOptional maxOrDefined(FloatOpt...'
react-native,../repos/react-native/packages/react-native/ReactCommon/yoga/yoga/numeric/Comparison.h,"(19, 1)-(19, 10)",b'constexpr bool isUndefined(std::floating_poin...'
react-native,../repos/react-native/packages/react-native/ReactCommon/yoga/yoga/numeric/Comparison.h,"(23, 1)-(23, 10)",b'constexpr bool isDefined(std::floating_point ...'
react-native,../repos/react-native/packages/react-native/ReactCommon/yoga/yoga/numeric/Comparison.h,"(30, 1)-(30, 10)",b'constexpr bool isinf(auto value) {\n  return v...'
react-native,../repos/react-native/packages/react-native/ReactCommon/yoga/yoga/numeric/Comparison.h,"(35, 1)-(35, 10)",b'constexpr auto maxOrDefined(\n    std::floatin...'
react-native,../repos/react-native/packages/react-native/ReactCommon/yoga/yoga/numeric/Comparison.h,"(44, 1)-(44, 10)",b'constexpr auto minOrDefined(\n    std::floatin...'
react-native,../repos/react-native/packages/react-native/ReactCommon/yoga/yoga/node/LayoutResults.h,"(25, 10)-(25, 19)",b'static constexpr int32_t MaxCachedMeasurement...'
react-native,../repos/react-native/packages/react-native/ReactCommon/yoga/yoga/YGValue.h,"(20, 1)-(20, 10)",b'constexpr float YGUndefined = std::numeric_li...'
react-native,../repos/react-native/packages/react-native/ReactCommon/yoga/yoga/enums/Edge.h,"(31, 1)-(31, 10)",b'constexpr int32_t ordinalCount<Edge>() {\n  re...'
react-native,../repos/react-native/packages/react-native/ReactCommon/yoga/yoga/enums/Edge.h,"(35, 1)-(35, 10)",b'constexpr Edge scopedEnum(YGEdge unscoped) {\n...'
react-native,../repos/react-native/packages/react-native/ReactCommon/yoga/yoga/enums/Edge.h,"(39, 1)-(39, 10)",b'constexpr YGEdge unscopedEnum(Edge scoped) {\n...'
react-native,../repos/react-native/packages/react-native/ReactCommon/yoga/yoga/enums/Align.h,"(31, 1)-(31, 10)",b'constexpr int32_t ordinalCount<Align>() {\n  r...'
react-native,../repos/react-native/packages/react-native/ReactCommon/yoga/yoga/enums/Align.h,"(35, 1)-(35, 10)",b'constexpr Align scopedEnum(YGAlign unscoped) ...'
react-native,../repos/react-native/packages/react-native/ReactCommon/yoga/yoga/enums/Align.h,"(39, 1)-(39, 10)",b'constexpr YGAlign unscopedEnum(Align scoped) ...'
react-native,../repos/react-native/packages/react-native/ReactCommon/yoga/yoga/enums/Unit.h,"(26, 1)-(26, 10)",b'constexpr int32_t ordinalCount<Unit>() {\n  re...'
react-native,../repos/react-native/packages/react-native/ReactCommon/yoga/yoga/enums/Unit.h,"(30, 1)-(30, 10)",b'constexpr Unit scopedEnum(YGUnit unscoped) {\n...'
react-native,../repos/react-native/packages/react-native/ReactCommon/yoga/yoga/enums/Unit.h,"(34, 1)-(34, 10)",b'constexpr YGUnit unscopedEnum(Unit scoped) {\n...'
react-native,../repos/react-native/packages/react-native/ReactCommon/yoga/yoga/enums/Display.h,"(24, 1)-(24, 10)",b'constexpr int32_t ordinalCount<Display>() {\n ...'
react-native,../repos/react-native/packages/react-native/ReactCommon/yoga/yoga/enums/Display.h,"(28, 1)-(28, 10)",b'constexpr Display scopedEnum(YGDisplay unscop...'
react-native,../repos/react-native/packages/react-native/ReactCommon/yoga/yoga/enums/Display.h,"(32, 1)-(32, 10)",b'constexpr YGDisplay unscopedEnum(Display scop...'
react-native,../repos/react-native/packages/react-native/ReactCommon/yoga/yoga/enums/Justify.h,"(28, 1)-(28, 10)",b'constexpr int32_t ordinalCount<Justify>() {\n ...'
react-native,../repos/react-native/packages/react-native/ReactCommon/yoga/yoga/enums/Justify.h,"(32, 1)-(32, 10)",b'constexpr Justify scopedEnum(YGJustify unscop...'
react-native,../repos/react-native/packages/react-native/ReactCommon/yoga/yoga/enums/Justify.h,"(36, 1)-(36, 10)",b'constexpr YGJustify unscopedEnum(Justify scop...'
react-native,../repos/react-native/packages/react-native/ReactCommon/yoga/yoga/enums/FlexDirection.h,"(26, 1)-(26, 10)",b'constexpr int32_t ordinalCount<FlexDirection>...'
react-native,../repos/react-native/packages/react-native/ReactCommon/yoga/yoga/enums/FlexDirection.h,"(30, 1)-(30, 10)",b'constexpr FlexDirection scopedEnum(YGFlexDire...'
react-native,../repos/react-native/packages/react-native/ReactCommon/yoga/yoga/enums/FlexDirection.h,"(34, 1)-(34, 10)",b'constexpr YGFlexDirection unscopedEnum(FlexDi...'
react-native,../repos/react-native/packages/react-native/ReactCommon/yoga/yoga/enums/ExperimentalFeature.h,"(23, 1)-(23, 10)",b'constexpr int32_t ordinalCount<ExperimentalFe...'
react-native,../repos/react-native/packages/react-native/ReactCommon/yoga/yoga/enums/ExperimentalFeature.h,"(27, 1)-(27, 10)",b'constexpr ExperimentalFeature scopedEnum(YGEx...'
react-native,../repos/react-native/packages/react-native/ReactCommon/yoga/yoga/enums/ExperimentalFeature.h,"(31, 1)-(31, 10)",b'constexpr YGExperimentalFeature unscopedEnum(...'
react-native,../repos/react-native/packages/react-native/ReactCommon/yoga/yoga/enums/PositionType.h,"(25, 1)-(25, 10)",b'constexpr int32_t ordinalCount<PositionType>(...'
react-native,../repos/react-native/packages/react-native/ReactCommon/yoga/yoga/enums/PositionType.h,"(29, 1)-(29, 10)",b'constexpr PositionType scopedEnum(YGPositionT...'
react-native,../repos/react-native/packages/react-native/ReactCommon/yoga/yoga/enums/PositionType.h,"(33, 1)-(33, 10)",b'constexpr YGPositionType unscopedEnum(Positio...'
react-native,../repos/react-native/packages/react-native/ReactCommon/yoga/yoga/enums/Dimension.h,"(24, 1)-(24, 10)",b'constexpr int32_t ordinalCount<Dimension>() {...'
react-native,../repos/react-native/packages/react-native/ReactCommon/yoga/yoga/enums/Dimension.h,"(28, 1)-(28, 10)",b'constexpr Dimension scopedEnum(YGDimension un...'
react-native,../repos/react-native/packages/react-native/ReactCommon/yoga/yoga/enums/Dimension.h,"(32, 1)-(32, 10)",b'constexpr YGDimension unscopedEnum(Dimension ...'
react-native,../repos/react-native/packages/react-native/ReactCommon/yoga/yoga/enums/NodeType.h,"(24, 1)-(24, 10)",b'constexpr int32_t ordinalCount<NodeType>() {\n...'
react-native,../repos/react-native/packages/react-native/ReactCommon/yoga/yoga/enums/NodeType.h,"(28, 1)-(28, 10)",b'constexpr NodeType scopedEnum(YGNodeType unsc...'
react-native,../repos/react-native/packages/react-native/ReactCommon/yoga/yoga/enums/NodeType.h,"(32, 1)-(32, 10)",b'constexpr YGNodeType unscopedEnum(NodeType sc...'
react-native,../repos/react-native/packages/react-native/ReactCommon/yoga/yoga/enums/Wrap.h,"(25, 1)-(25, 10)",b'constexpr int32_t ordinalCount<Wrap>() {\n  re...'
react-native,../repos/react-native/packages/react-native/ReactCommon/yoga/yoga/enums/Wrap.h,"(29, 1)-(29, 10)",b'constexpr Wrap scopedEnum(YGWrap unscoped) {\n...'
react-native,../repos/react-native/packages/react-native/ReactCommon/yoga/yoga/enums/Wrap.h,"(33, 1)-(33, 10)",b'constexpr YGWrap unscopedEnum(Wrap scoped) {\n...'
react-native,../repos/react-native/packages/react-native/ReactCommon/yoga/yoga/enums/MeasureMode.h,"(25, 1)-(25, 10)",b'constexpr int32_t ordinalCount<MeasureMode>()...'
react-native,../repos/react-native/packages/react-native/ReactCommon/yoga/yoga/enums/MeasureMode.h,"(29, 1)-(29, 10)",b'constexpr MeasureMode scopedEnum(YGMeasureMod...'
react-native,../repos/react-native/packages/react-native/ReactCommon/yoga/yoga/enums/MeasureMode.h,"(33, 1)-(33, 10)",b'constexpr YGMeasureMode unscopedEnum(MeasureM...'
react-native,../repos/react-native/packages/react-native/ReactCommon/yoga/yoga/enums/Direction.h,"(25, 1)-(25, 10)",b'constexpr int32_t ordinalCount<Direction>() {...'
react-native,../repos/react-native/packages/react-native/ReactCommon/yoga/yoga/enums/Direction.h,"(29, 1)-(29, 10)",b'constexpr Direction scopedEnum(YGDirection un...'
react-native,../repos/react-native/packages/react-native/ReactCommon/yoga/yoga/enums/Direction.h,"(33, 1)-(33, 10)",b'constexpr YGDirection unscopedEnum(Direction ...'
react-native,../repos/react-native/packages/react-native/ReactCommon/yoga/yoga/enums/Overflow.h,"(25, 1)-(25, 10)",b'constexpr int32_t ordinalCount<Overflow>() {\n...'
react-native,../repos/react-native/packages/react-native/ReactCommon/yoga/yoga/enums/Overflow.h,"(29, 1)-(29, 10)",b'constexpr Overflow scopedEnum(YGOverflow unsc...'
react-native,../repos/react-native/packages/react-native/ReactCommon/yoga/yoga/enums/Overflow.h,"(33, 1)-(33, 10)",b'constexpr YGOverflow unscopedEnum(Overflow sc...'
react-native,../repos/react-native/packages/react-native/ReactCommon/yoga/yoga/enums/YogaEnums.h,"(26, 1)-(26, 10)",b'constexpr int32_t ordinalCount();'
react-native,../repos/react-native/packages/react-native/ReactCommon/yoga/yoga/enums/YogaEnums.h,"(38, 1)-(38, 10)",b'constexpr int32_t bitCount() {\n  return std::...'
react-native,../repos/react-native/packages/react-native/ReactCommon/yoga/yoga/enums/YogaEnums.h,"(47, 1)-(47, 10)",b'constexpr auto to_underlying(Enumeration auto...'
react-native,../repos/react-native/packages/react-native/ReactCommon/yoga/yoga/enums/PrintOptions.h,"(26, 1)-(26, 10)",b'YG_DEFINE_ENUM_FLAG_OPERATORS(PrintOptions)\n\n...'
react-native,../repos/react-native/packages/react-native/ReactCommon/yoga/yoga/enums/PrintOptions.h,"(30, 1)-(30, 10)",b'constexpr YGPrintOptions unscopedEnum(PrintOp...'
react-native,../repos/react-native/packages/react-native/ReactCommon/yoga/yoga/enums/LogLevel.h,"(28, 1)-(28, 10)",b'constexpr int32_t ordinalCount<LogLevel>() {\n...'
react-native,../repos/react-native/packages/react-native/ReactCommon/yoga/yoga/enums/LogLevel.h,"(32, 1)-(32, 10)",b'constexpr LogLevel scopedEnum(YGLogLevel unsc...'
react-native,../repos/react-native/packages/react-native/ReactCommon/yoga/yoga/enums/LogLevel.h,"(36, 1)-(36, 10)",b'constexpr YGLogLevel unscopedEnum(LogLevel sc...'
react-native,../repos/react-native/packages/react-native/ReactCommon/yoga/yoga/enums/Errata.h,"(29, 1)-(29, 10)",b'YG_DEFINE_ENUM_FLAG_OPERATORS(Errata)\n\nconstexpr'
react-native,../repos/react-native/packages/react-native/ReactCommon/yoga/yoga/enums/Errata.h,"(33, 1)-(33, 10)",b'constexpr YGErrata unscopedEnum(Errata scoped...'
react-native,../repos/react-native/packages/react-native/ReactCommon/yoga/yoga/enums/Gutter.h,"(25, 1)-(25, 10)",b'constexpr int32_t ordinalCount<Gutter>() {\n  ...'
react-native,../repos/react-native/packages/react-native/ReactCommon/yoga/yoga/enums/Gutter.h,"(29, 1)-(29, 10)",b'constexpr Gutter scopedEnum(YGGutter unscoped...'
react-native,../repos/react-native/packages/react-native/ReactCommon/yoga/yoga/enums/Gutter.h,"(33, 1)-(33, 10)",b'constexpr YGGutter unscopedEnum(Gutter scoped...'
