Repo name,File name,Location,Content
react-native,../repos/react-native/packages/react-native/ReactAndroid/src/main/jni/first-party/yogajni/jni/YGJNI.h,"(24, 1)-(27, 2)",b'{\n\nconst int HAS_NEW_LAYOUT = 16;\n\nunion YGNo...'
react-native,../repos/react-native/packages/react-native/ReactAndroid/src/main/jni/first-party/jni-hack/real/jni.h,"(109, 9)-(119, 2)",b'typedef union jvalue {\n  jboolean z;\n  jbyte ...'
react-native,../repos/react-native/packages/react-native/ReactCommon/cxxreact/JSBundleType.h,"(48, 3)-(51, 4)","b'{\n  BundleHeader() {\n    std::memset(this, 0,...'"
react-native,../repos/react-native/packages/react-native/ReactCommon/jsi/jsi/jsi.h,"(1351, 3)-(1365, 4)",b'{\n public:\n  /// Default ctor creates an \\c u...'
