Repo name,File name,Location,Content
react-native,../repos/react-native/packages/react-native/ReactAndroid/src/main/jni/react/jni/JniJSModulesUnbundle.cpp,"(25, 43)-(25, 65)",b'decltype(AAsset_close)'
react-native,../repos/react-native/packages/react-native/ReactCommon/jsi/jsi/jsi.h,"(1420, 51)-(1420, 64)",b'decltype(f())'
react-native,../repos/react-native/packages/react-native/ReactCommon/jsi/jsi/decorator.h,"(463, 24)-(463, 50)",b'decltype((void)&T::before)'
react-native,../repos/react-native/packages/react-native/ReactCommon/jsi/jsi/decorator.h,"(470, 23)-(470, 48)",b'decltype((void)&T::after)'
react-native,../repos/react-native/packages/react-native/ReactCommon/react/utils/Telemetry.h,"(62, 20)-(62, 39)",b'decltype(timePoint)'
react-native,../repos/react-native/packages/react-native/ReactCommon/react/renderer/graphics/Color.h,"(65, 22)-(65, 38)",b'decltype(*color)'
react-native,../repos/react-native/packages/react-native/ReactCommon/react/renderer/components/text/TextShadowNode.h,"(59, 39)-(59, 60)",b'decltype(orderIndex_)'
react-native,../repos/react-native/packages/react-native/ReactCommon/react/renderer/components/view/BaseTouch.h,"(66, 24)-(66, 50)",b'decltype(touch.identifier)'
react-native,../repos/react-native/packages/react-native/ReactCommon/react/bridging/Base.h,"(56, 17)-(56, 57)",b'decltype(&remove_cvref_t<T>::operator())'
react-native,../repos/react-native/packages/react-native/ReactCommon/react/bridging/Base.h,"(57, 24)-(57, 64)",b'decltype(&remove_cvref_t<T>::operator())'
react-native,../repos/react-native/packages/react-native/ReactCommon/react/bridging/Base.h,"(66, 8)-(66, 69)","b'decltype(static_cast<R>(convert(rt, std::forw...'"
react-native,../repos/react-native/packages/react-native/ReactCommon/react/bridging/Base.h,"(72, 8)-(74, 46)",b'decltype(Bridging<remove_cvref_t<R>>::fromJs(...'
react-native,../repos/react-native/packages/react-native/ReactCommon/react/bridging/Base.h,"(84, 8)-(87, 20)",b'decltype(Bridging<remove_cvref_t<R>>::fromJs(...'
react-native,../repos/react-native/packages/react-native/ReactCommon/react/bridging/Base.h,"(105, 8)-(105, 75)","b'decltype(Bridging<bridging_t<T>>::toJs(rt, st...'"
react-native,../repos/react-native/packages/react-native/ReactCommon/react/bridging/Base.h,"(114, 8)-(117, 20)",b'decltype(Bridging<bridging_t<T>>::toJs(\n     ...'
react-native,../repos/react-native/packages/react-native/ReactCommon/react/bridging/Base.h,"(128, 17)-(131, 18)",b'decltype(fromJs<T>(\n        std::declval<jsi:...'
react-native,../repos/react-native/packages/react-native/ReactCommon/react/bridging/Base.h,"(140, 17)-(143, 18)",b'decltype(toJs(\n        std::declval<jsi::Runt...'
react-native,../repos/react-native/packages/react-native/ReactCommon/react/bridging/Base.h,"(145, 9)-(148, 22)",b'decltype(toJs(\n            std::declval<jsi::...'
react-native,../repos/react-native/packages/react-native/ReactCommon/react/bridging/tests/BridgingTest.cpp,"(137, 36)-(137, 56)",b'decltype(hostobject)'
react-native,../repos/react-native/packages/react-native/ReactCommon/react/bridging/tests/BridgingTest.cpp,"(273, 44)-(273, 58)",b'decltype(func)'
react-native,../repos/react-native/packages/react-native/ReactCommon/react/bridging/tests/BridgingTest.cpp,"(315, 46)-(315, 60)",b'decltype(func)'
react-native,../repos/react-native/packages/react-native/ReactCommon/react/bridging/tests/BridgingTest.cpp,"(330, 46)-(330, 60)",b'decltype(func)'
react-native,../repos/react-native/packages/react-native/ReactCommon/react/bridging/tests/BridgingTest.cpp,"(343, 46)-(343, 60)",b'decltype(func)'
react-native,../repos/react-native/packages/react-native/ReactCommon/react/bridging/tests/BridgingTest.cpp,"(359, 46)-(359, 60)",b'decltype(func)'
react-native,../repos/react-native/packages/react-native/ReactCommon/react/bridging/Class.h,"(66, 34)-(66, 50)",b'decltype(result)'
react-native,../repos/react-native/packages/react-native/ReactCommon/yoga/yoga/numeric/Comparison.h,"(31, 40)-(31, 55)",b'decltype(value)'
react-native,../repos/react-native/packages/react-native/ReactCommon/yoga/yoga/numeric/Comparison.h,"(32, 37)-(32, 52)",b'decltype(value)'
react-native,../repos/react-native/packages/react-native/ReactCommon/yoga/yoga/enums/YogaEnums.h,"(48, 45)-(48, 56)",b'decltype(e)'
