Repo name,File name,Location,Content
clang,../repos/llvm-project/clang/unittests/ASTMatchers/Dynamic/RegistryTest.cpp,"(13, 10)-(13, 18)",b'#include <vector>\n'
clang,../repos/llvm-project/clang/unittests/ASTMatchers/Dynamic/ParserTest.cpp,"(15, 10)-(15, 18)",b'#include <vector>\n'
clang,../repos/llvm-project/clang/unittests/AST/CommentLexer.cpp,"(18, 10)-(18, 18)",b'#include <vector>\n'
clang,../repos/llvm-project/clang/unittests/AST/RandstructTest.cpp,"(32, 10)-(32, 18)",b'#include <vector>\n'
clang,../repos/llvm-project/clang/unittests/AST/EvaluateAsRValueTest.cpp,"(19, 10)-(19, 15)",b'#include <map>\n'
clang,../repos/llvm-project/clang/unittests/Rename/ClangRenameTest.h,"(31, 10)-(31, 18)",b'#include <vector>\n'
clang,../repos/llvm-project/clang/unittests/Lex/LexerTest.cpp,"(34, 10)-(34, 18)",b'#include <vector>\n'
clang,../repos/llvm-project/clang/unittests/Analysis/FlowSensitive/TestingSupport.cpp,"(25, 10)-(25, 18)",b'#include <vector>\n'
clang,../repos/llvm-project/clang/unittests/Analysis/FlowSensitive/UncheckedOptionalAccessModelTest.cpp,"(25, 10)-(25, 18)",b'#include <vector>\n'
clang,../repos/llvm-project/clang/unittests/Analysis/FlowSensitive/TestingSupport.h,"(22, 10)-(22, 18)",b'#include <vector>\n'
clang,../repos/llvm-project/clang/unittests/Analysis/FlowSensitive/SolverTest.cpp,"(20, 10)-(20, 18)",b'#include <vector>\n'
clang,../repos/llvm-project/clang/unittests/Analysis/FlowSensitive/TypeErasedDataflowAnalysisTest.cpp,"(40, 10)-(40, 18)",b'#include <vector>\n'
clang,../repos/llvm-project/clang/unittests/Analysis/CFGTest.cpp,"(21, 10)-(21, 18)",b'#include <vector>\n'
clang,../repos/llvm-project/clang/unittests/Tooling/TestVisitor.h,"(24, 10)-(24, 18)",b'#include <vector>\n'
clang,../repos/llvm-project/clang/unittests/Tooling/RecursiveASTVisitorTests/LambdaExpr.cpp,"(11, 10)-(11, 17)",b'#include <stack>\n'
clang,../repos/llvm-project/clang/unittests/Tooling/ToolingTest.cpp,"(31, 10)-(31, 18)",b'#include <vector>\n'
clang,../repos/llvm-project/clang/unittests/Tooling/LexicallyOrderedRecursiveASTVisitorTest.cpp,"(11, 10)-(11, 17)",b'#include <stack>\n'
clang,../repos/llvm-project/clang/unittests/Format/MacroCallReconstructorTest.cpp,"(10, 10)-(10, 15)",b'#include <map>\n'
clang,../repos/llvm-project/clang/unittests/Format/MacroCallReconstructorTest.cpp,"(12, 10)-(12, 18)",b'#include <vector>\n'
clang,../repos/llvm-project/clang/unittests/libclang/TestUtils.h,"(22, 10)-(22, 18)",b'#include <vector>\n'
clang,../repos/llvm-project/clang/unittests/libclang/LibclangTest.cpp,"(21, 10)-(21, 15)",b'#include <map>\n'
clang,../repos/llvm-project/clang/unittests/libclang/LibclangTest.cpp,"(24, 10)-(24, 15)",b'#include <set>\n'
clang,../repos/llvm-project/clang/lib/ARCMigrate/TransAutoreleasePool.cpp,"(34, 10)-(34, 15)",b'#include <map>\n'
clang,../repos/llvm-project/clang/lib/ARCMigrate/Internals.h,"(16, 10)-(16, 16)",b'#include <list>\n'
clang,../repos/llvm-project/clang/lib/ARCMigrate/TransformActions.cpp,"(15, 10)-(15, 15)",b'#include <map>\n'
clang,../repos/llvm-project/clang/lib/ARCMigrate/TransProperties.cpp,"(37, 10)-(37, 15)",b'#include <map>\n'
clang,../repos/llvm-project/clang/lib/Driver/OffloadBundler.cpp,"(55, 10)-(55, 24)",b'#include <forward_list>\n'
clang,../repos/llvm-project/clang/lib/Driver/OffloadBundler.cpp,"(58, 10)-(58, 15)",b'#include <set>\n'
clang,../repos/llvm-project/clang/lib/Driver/Driver.cpp,"(95, 10)-(95, 15)",b'#include <map>\n'
clang,../repos/llvm-project/clang/lib/Driver/Driver.cpp,"(98, 10)-(98, 15)",b'#include <set>\n'
clang,../repos/llvm-project/clang/lib/Driver/ToolChains/MSP430.h,"(22, 10)-(22, 18)",b'#include <vector>\n'
clang,../repos/llvm-project/clang/lib/Driver/ToolChains/Gnu.h,"(17, 10)-(17, 15)",b'#include <set>\n'
clang,../repos/llvm-project/clang/lib/Driver/ToolChains/AMDGPU.h,"(21, 10)-(21, 15)",b'#include <map>\n'
clang,../repos/llvm-project/clang/lib/Driver/ToolChains/Cuda.h,"(20, 10)-(20, 15)",b'#include <set>\n'
clang,../repos/llvm-project/clang/lib/Driver/ToolChains/Cuda.h,"(21, 10)-(21, 18)",b'#include <vector>\n'
clang,../repos/llvm-project/clang/lib/Driver/ToolChains/Arch/ARM.h,"(19, 10)-(19, 18)",b'#include <vector>\n'
clang,../repos/llvm-project/clang/lib/Driver/ToolChains/Arch/M68k.h,"(16, 10)-(16, 18)",b'#include <vector>\n'
clang,../repos/llvm-project/clang/lib/Driver/ToolChains/Arch/VE.h,"(16, 10)-(16, 18)",b'#include <vector>\n'
clang,../repos/llvm-project/clang/lib/Driver/ToolChains/Arch/CSKY.h,"(17, 10)-(17, 18)",b'#include <vector>\n'
clang,../repos/llvm-project/clang/lib/Driver/ToolChains/Arch/SystemZ.h,"(16, 10)-(16, 18)",b'#include <vector>\n'
clang,../repos/llvm-project/clang/lib/Driver/ToolChains/Arch/PPC.h,"(16, 10)-(16, 18)",b'#include <vector>\n'
clang,../repos/llvm-project/clang/lib/Driver/ToolChains/Arch/Sparc.h,"(16, 10)-(16, 18)",b'#include <vector>\n'
clang,../repos/llvm-project/clang/lib/Driver/ToolChains/Arch/Mips.h,"(17, 10)-(17, 18)",b'#include <vector>\n'
clang,../repos/llvm-project/clang/lib/Driver/ToolChains/Arch/RISCV.h,"(16, 10)-(16, 18)",b'#include <vector>\n'
clang,../repos/llvm-project/clang/lib/Driver/ToolChains/Arch/X86.h,"(17, 10)-(17, 18)",b'#include <vector>\n'
clang,../repos/llvm-project/clang/lib/Driver/ToolChains/Arch/AArch64.h,"(16, 10)-(16, 18)",b'#include <vector>\n'
clang,../repos/llvm-project/clang/lib/Driver/ToolChains/TCE.h,"(14, 10)-(14, 15)",b'#include <set>\n'
clang,../repos/llvm-project/clang/lib/CodeGen/CodeGenPGO.h,"(20, 10)-(20, 17)",b'#include <array>\n'
clang,../repos/llvm-project/clang/lib/CodeGen/CGHLSLRuntime.h,"(27, 10)-(27, 18)",b'#include <vector>\n'
clang,../repos/llvm-project/clang/lib/CodeGen/CGNonTrivialStruct.cpp,"(19, 10)-(19, 17)",b'#include <array>\n'
clang,../repos/llvm-project/clang/lib/ASTMatchers/Dynamic/Marshallers.h,"(45, 10)-(45, 18)",b'#include <vector>\n'
clang,../repos/llvm-project/clang/lib/ASTMatchers/Dynamic/Registry.cpp,"(29, 10)-(29, 15)",b'#include <set>\n'
clang,../repos/llvm-project/clang/lib/ASTMatchers/Dynamic/Registry.cpp,"(32, 10)-(32, 18)",b'#include <vector>\n'
clang,../repos/llvm-project/clang/lib/ASTMatchers/Dynamic/Parser.cpp,"(30, 10)-(30, 18)",b'#include <vector>\n'
clang,../repos/llvm-project/clang/lib/ASTMatchers/ASTMatchFinder.cpp,"(28, 10)-(28, 17)",b'#include <deque>\n'
clang,../repos/llvm-project/clang/lib/ASTMatchers/ASTMatchFinder.cpp,"(30, 10)-(30, 15)",b'#include <set>\n'
clang,../repos/llvm-project/clang/lib/ASTMatchers/ASTMatchersInternal.cpp,"(40, 10)-(40, 18)",b'#include <vector>\n'
clang,../repos/llvm-project/clang/lib/AST/ASTContext.cpp,"(95, 10)-(95, 15)",b'#include <map>\n'
clang,../repos/llvm-project/clang/lib/AST/Randstruct.cpp,"(25, 10)-(25, 15)",b'#include <set>\n'
clang,../repos/llvm-project/clang/lib/AST/DeclObjC.cpp,"(36, 10)-(36, 17)",b'#include <queue>\n'
clang,../repos/llvm-project/clang/lib/AST/CXXInheritance.cpp,"(31, 10)-(31, 18)",b'#include <vector>\n'
clang,../repos/llvm-project/clang/lib/AST/Interp/Interp.cpp,"(11, 10)-(11, 18)",b'#include <vector>\n'
clang,../repos/llvm-project/clang/lib/AST/Interp/InterpFrame.h,"(19, 10)-(19, 18)",b'#include <vector>\n'
clang,../repos/llvm-project/clang/lib/AST/Interp/Program.h,"(16, 10)-(16, 15)",b'#include <map>\n'
clang,../repos/llvm-project/clang/lib/AST/Interp/Program.h,"(17, 10)-(17, 18)",b'#include <vector>\n'
clang,../repos/llvm-project/clang/lib/AST/Interp/InterpStack.h,"(20, 10)-(20, 18)",b'#include <vector>\n'
clang,../repos/llvm-project/clang/lib/AST/InheritViz.cpp,"(22, 10)-(22, 15)",b'#include <map>\n'
clang,../repos/llvm-project/clang/lib/AST/InheritViz.cpp,"(23, 10)-(23, 15)",b'#include <set>\n'
clang,../repos/llvm-project/clang/lib/DirectoryWatcher/linux/DirectoryWatcher-linux.cpp,"(21, 10)-(21, 17)",b'#include <queue>\n'
clang,../repos/llvm-project/clang/lib/DirectoryWatcher/linux/DirectoryWatcher-linux.cpp,"(24, 10)-(24, 18)",b'#include <vector>\n'
clang,../repos/llvm-project/clang/lib/DirectoryWatcher/windows/DirectoryWatcher-windows.cpp,"(17, 10)-(17, 17)",b'#include <queue>\n'
clang,../repos/llvm-project/clang/lib/DirectoryWatcher/windows/DirectoryWatcher-windows.cpp,"(20, 10)-(20, 18)",b'#include <vector>\n'
clang,../repos/llvm-project/clang/lib/DirectoryWatcher/DirectoryScanner.h,"(13, 10)-(13, 18)",b'#include <vector>\n'
clang,../repos/llvm-project/clang/lib/Lex/Preprocessor.cpp,"(71, 10)-(71, 18)",b'#include <vector>\n'
clang,../repos/llvm-project/clang/lib/Lex/Pragma.cpp,"(54, 10)-(54, 18)",b'#include <vector>\n'
clang,../repos/llvm-project/clang/lib/Lex/PreprocessingRecord.cpp,"(35, 10)-(35, 18)",b'#include <vector>\n'
clang,../repos/llvm-project/clang/lib/StaticAnalyzer/Checkers/GenericTaintChecker.cpp,"(36, 10)-(36, 18)",b'#include <vector>\n'
clang,../repos/llvm-project/clang/lib/StaticAnalyzer/Frontend/AnalysisConsumer.cpp,"(45, 10)-(45, 17)",b'#include <queue>\n'
clang,../repos/llvm-project/clang/lib/StaticAnalyzer/Core/ExprEngine.cpp,"(85, 10)-(85, 18)",b'#include <vector>\n'
clang,../repos/llvm-project/clang/lib/StaticAnalyzer/Core/CheckerRegistryData.cpp,"(12, 10)-(12, 15)",b'#include <map>\n'
clang,../repos/llvm-project/clang/lib/StaticAnalyzer/Core/BugReporter.cpp,"(71, 10)-(71, 17)",b'#include <queue>\n'
clang,../repos/llvm-project/clang/lib/StaticAnalyzer/Core/BugReporter.cpp,"(75, 10)-(75, 18)",b'#include <vector>\n'
clang,../repos/llvm-project/clang/lib/StaticAnalyzer/Core/AnalyzerOptions.cpp,"(28, 10)-(28, 18)",b'#include <vector>\n'
clang,../repos/llvm-project/clang/lib/StaticAnalyzer/Core/BugReporterVisitors.cpp,"(59, 10)-(59, 17)",b'#include <deque>\n'
clang,../repos/llvm-project/clang/lib/StaticAnalyzer/Core/WorkList.cpp,"(19, 10)-(19, 17)",b'#include <deque>\n'
clang,../repos/llvm-project/clang/lib/StaticAnalyzer/Core/WorkList.cpp,"(20, 10)-(20, 18)",b'#include <vector>\n'
clang,../repos/llvm-project/clang/lib/StaticAnalyzer/Core/CheckerManager.cpp,"(32, 10)-(32, 18)",b'#include <vector>\n'
clang,../repos/llvm-project/clang/lib/StaticAnalyzer/Core/HTMLDiagnostics.cpp,"(44, 10)-(44, 15)",b'#include <map>\n'
clang,../repos/llvm-project/clang/lib/StaticAnalyzer/Core/HTMLDiagnostics.cpp,"(46, 10)-(46, 15)",b'#include <set>\n'
clang,../repos/llvm-project/clang/lib/StaticAnalyzer/Core/HTMLDiagnostics.cpp,"(51, 10)-(51, 18)",b'#include <vector>\n'
clang,../repos/llvm-project/clang/lib/Serialization/ASTReader.cpp,"(135, 10)-(135, 15)",b'#include <map>\n'
clang,../repos/llvm-project/clang/lib/Serialization/ASTReader.cpp,"(142, 10)-(142, 18)",b'#include <vector>\n'
clang,../repos/llvm-project/clang/lib/Serialization/MultiOnDiskHashTable.h,"(34, 10)-(34, 18)",b'#include <vector>\n'
clang,../repos/llvm-project/clang/lib/Serialization/ASTWriter.cpp,"(114, 10)-(114, 17)",b'#include <queue>\n'
clang,../repos/llvm-project/clang/lib/Serialization/ASTWriter.cpp,"(117, 10)-(117, 18)",b'#include <vector>\n'
clang,../repos/llvm-project/clang/lib/APINotes/APINotesYAMLCompiler.cpp,"(26, 10)-(26, 18)",b'#include <vector>\n'
clang,../repos/llvm-project/clang/lib/Analysis/ThreadSafety.cpp,"(59, 10)-(59, 18)",b'#include <vector>\n'
clang,../repos/llvm-project/clang/lib/Analysis/PathDiagnostic.cpp,"(48, 10)-(48, 18)",b'#include <vector>\n'
clang,../repos/llvm-project/clang/lib/Analysis/CFG.cpp,"(62, 10)-(62, 18)",b'#include <vector>\n'
clang,../repos/llvm-project/clang/lib/Analysis/FlowSensitive/DataflowAnalysisContext.cpp,"(33, 10)-(33, 18)",b'#include <vector>\n'
clang,../repos/llvm-project/clang/lib/Analysis/FlowSensitive/WatchedLiteralsSolver.cpp,"(17, 10)-(17, 17)",b'#include <queue>\n'
clang,../repos/llvm-project/clang/lib/Analysis/FlowSensitive/WatchedLiteralsSolver.cpp,"(18, 10)-(18, 18)",b'#include <vector>\n'
clang,../repos/llvm-project/clang/lib/Analysis/FlowSensitive/TypeErasedDataflowAnalysis.cpp,"(18, 10)-(18, 18)",b'#include <vector>\n'
clang,../repos/llvm-project/clang/lib/Analysis/LiveVariables.cpp,"(23, 10)-(23, 18)",b'#include <vector>\n'
clang,../repos/llvm-project/clang/lib/Analysis/UnsafeBufferUsage.cpp,"(21, 10)-(21, 17)",b'#include <queue>\n'
clang,../repos/llvm-project/clang/lib/Analysis/IntervalPartition.cpp,"(18, 10)-(18, 17)",b'#include <queue>\n'
clang,../repos/llvm-project/clang/lib/Analysis/IntervalPartition.cpp,"(19, 10)-(19, 18)",b'#include <vector>\n'
clang,../repos/llvm-project/clang/lib/Tooling/CompilationDatabase.cpp,"(54, 10)-(54, 18)",b'#include <vector>\n'
clang,../repos/llvm-project/clang/lib/Tooling/DumpTool/ASTSrcLocProcessor.h,"(17, 10)-(17, 18)",b'#include <vector>\n'
clang,../repos/llvm-project/clang/lib/Tooling/DumpTool/APIData.h,"(13, 10)-(13, 18)",b'#include <vector>\n'
clang,../repos/llvm-project/clang/lib/Tooling/ASTDiff/ASTDiff.cpp,"(23, 10)-(23, 25)",b'#include <unordered_set>\n'
clang,../repos/llvm-project/clang/lib/Tooling/FileMatchTrie.cpp,"(20, 10)-(20, 18)",b'#include <vector>\n'
clang,../repos/llvm-project/clang/lib/Tooling/Tooling.cpp,"(61, 10)-(61, 18)",b'#include <vector>\n'
clang,../repos/llvm-project/clang/lib/Tooling/ArgumentsAdjusters.cpp,"(19, 10)-(19, 18)",b'#include <vector>\n'
clang,../repos/llvm-project/clang/lib/Tooling/Transformer/RangeSelector.cpp,"(21, 10)-(21, 18)",b'#include <vector>\n'
clang,../repos/llvm-project/clang/lib/Tooling/Transformer/SourceCode.cpp,"(24, 10)-(24, 15)",b'#include <set>\n'
clang,../repos/llvm-project/clang/lib/Tooling/Transformer/Parsing.cpp,"(24, 10)-(24, 18)",b'#include <vector>\n'
clang,../repos/llvm-project/clang/lib/Tooling/Transformer/Transformer.cpp,"(15, 10)-(15, 15)",b'#include <map>\n'
clang,../repos/llvm-project/clang/lib/Tooling/Transformer/Transformer.cpp,"(17, 10)-(17, 18)",b'#include <vector>\n'
clang,../repos/llvm-project/clang/lib/Tooling/Transformer/RewriteRule.cpp,"(19, 10)-(19, 15)",b'#include <map>\n'
clang,../repos/llvm-project/clang/lib/Tooling/Transformer/RewriteRule.cpp,"(22, 10)-(22, 18)",b'#include <vector>\n'
clang,../repos/llvm-project/clang/lib/Tooling/Refactoring/Rename/USRLocFinder.cpp,"(31, 10)-(31, 15)",b'#include <set>\n'
clang,../repos/llvm-project/clang/lib/Tooling/Refactoring/Rename/USRLocFinder.cpp,"(33, 10)-(33, 18)",b'#include <vector>\n'
clang,../repos/llvm-project/clang/lib/Tooling/Refactoring/Rename/USRFindingAction.cpp,"(32, 10)-(32, 15)",b'#include <set>\n'
clang,../repos/llvm-project/clang/lib/Tooling/Refactoring/Rename/USRFindingAction.cpp,"(34, 10)-(34, 18)",b'#include <vector>\n'
clang,../repos/llvm-project/clang/lib/Tooling/Refactoring/Rename/RenamingAction.cpp,"(36, 10)-(36, 18)",b'#include <vector>\n'
clang,../repos/llvm-project/clang/lib/Tooling/Syntax/BuildTree.cpp,"(46, 10)-(46, 15)",b'#include <map>\n'
clang,../repos/llvm-project/clang/lib/Tooling/Syntax/Tokens.cpp,"(32, 10)-(32, 18)",b'#include <vector>\n'
clang,../repos/llvm-project/clang/lib/Tooling/JSONCompilationDatabase.cpp,"(41, 10)-(41, 18)",b'#include <vector>\n'
clang,../repos/llvm-project/clang/lib/Tooling/Core/Replacement.cpp,"(35, 10)-(35, 15)",b'#include <map>\n'
clang,../repos/llvm-project/clang/lib/Tooling/Core/Replacement.cpp,"(38, 10)-(38, 18)",b'#include <vector>\n'
clang,../repos/llvm-project/clang/lib/Index/FileIndexRecord.h,"(17, 10)-(17, 18)",b'#include <vector>\n'
clang,../repos/llvm-project/clang/lib/Rewrite/TokenRewriter.cpp,"(21, 10)-(21, 15)",b'#include <map>\n'
clang,../repos/llvm-project/clang/lib/Rewrite/Rewriter.cpp,"(28, 10)-(28, 15)",b'#include <map>\n'
clang,../repos/llvm-project/clang/lib/Sema/SemaDeclCXX.cpp,"(54, 10)-(54, 15)",b'#include <map>\n'
clang,../repos/llvm-project/clang/lib/Sema/SemaDeclCXX.cpp,"(56, 10)-(56, 15)",b'#include <set>\n'
clang,../repos/llvm-project/clang/lib/Sema/AnalysisBasedWarnings.cpp,"(56, 10)-(56, 17)",b'#include <deque>\n'
clang,../repos/llvm-project/clang/lib/Sema/SemaOpenMP.cpp,"(45, 10)-(45, 15)",b'#include <set>\n'
clang,../repos/llvm-project/clang/lib/Sema/SemaCast.cpp,"(29, 10)-(29, 15)",b'#include <set>\n'
clang,../repos/llvm-project/clang/lib/Sema/SemaCodeComplete.cpp,"(57, 10)-(57, 16)",b'#include <list>\n'
clang,../repos/llvm-project/clang/lib/Sema/SemaCodeComplete.cpp,"(58, 10)-(58, 15)",b'#include <map>\n'
clang,../repos/llvm-project/clang/lib/Sema/SemaCodeComplete.cpp,"(61, 10)-(61, 18)",b'#include <vector>\n'
clang,../repos/llvm-project/clang/lib/Sema/SemaLookup.cpp,"(47, 10)-(47, 16)",b'#include <list>\n'
clang,../repos/llvm-project/clang/lib/Sema/SemaLookup.cpp,"(49, 10)-(49, 15)",b'#include <set>\n'
clang,../repos/llvm-project/clang/lib/Sema/SemaLookup.cpp,"(51, 10)-(51, 18)",b'#include <vector>\n'
clang,../repos/llvm-project/clang/lib/Sema/SemaRISCVVectorLookup.cpp,"(25, 10)-(25, 18)",b'#include <vector>\n'
clang,../repos/llvm-project/clang/lib/Sema/SemaDecl.cpp,"(57, 10)-(57, 25)",b'#include <unordered_map>\n'
clang,../repos/llvm-project/clang/lib/Frontend/VerifyDiagnosticConsumer.cpp,"(45, 10)-(45, 18)",b'#include <vector>\n'
clang,../repos/llvm-project/clang/lib/Frontend/ASTUnit.cpp,"(102, 10)-(102, 18)",b'#include <vector>\n'
clang,../repos/llvm-project/clang/lib/Frontend/CompilerInvocation.cpp,"(103, 10)-(103, 18)",b'#include <vector>\n'
clang,../repos/llvm-project/clang/lib/Format/UnwrappedLineFormatter.cpp,"(14, 10)-(14, 17)",b'#include <queue>\n'
clang,../repos/llvm-project/clang/lib/Format/FormatToken.h,"(24, 10)-(24, 25)",b'#include <unordered_set>\n'
clang,../repos/llvm-project/clang/lib/Format/Macros.h,"(41, 10)-(41, 16)",b'#include <list>\n'
clang,../repos/llvm-project/clang/lib/Format/Macros.h,"(42, 10)-(42, 15)",b'#include <map>\n'
clang,../repos/llvm-project/clang/lib/Format/Macros.h,"(44, 10)-(44, 18)",b'#include <vector>\n'
clang,../repos/llvm-project/clang/lib/Format/UnwrappedLineParser.h,"(26, 10)-(26, 16)",b'#include <list>\n'
clang,../repos/llvm-project/clang/lib/Format/UnwrappedLineParser.h,"(27, 10)-(27, 17)",b'#include <stack>\n'
clang,../repos/llvm-project/clang/lib/Format/UnwrappedLineParser.h,"(28, 10)-(28, 18)",b'#include <vector>\n'
clang,../repos/llvm-project/clang/lib/Format/FormatTokenLexer.h,"(29, 10)-(29, 17)",b'#include <stack>\n'
clang,../repos/llvm-project/clang/lib/Format/ContinuationIndenter.h,"(22, 10)-(22, 15)",b'#include <map>\n'
clang,../repos/llvm-project/clang/lib/Format/Format.cpp,"(53, 10)-(53, 25)",b'#include <unordered_map>\n'
clang,../repos/llvm-project/clang/lib/Format/UnwrappedLineFormatter.h,"(20, 10)-(20, 15)",b'#include <map>\n'
clang,../repos/llvm-project/clang/lib/Basic/ParsedAttrInfo.cpp,"(16, 10)-(16, 16)",b'#include <list>\n'
clang,../repos/llvm-project/clang/lib/Basic/Diagnostic.cpp,"(40, 10)-(40, 18)",b'#include <vector>\n'
clang,../repos/llvm-project/clang/lib/Basic/Module.cpp,"(33, 10)-(33, 18)",b'#include <vector>\n'
clang,../repos/llvm-project/clang/lib/Basic/TargetID.cpp,"(14, 10)-(14, 15)",b'#include <map>\n'
clang,../repos/llvm-project/clang/lib/Basic/DiagnosticIDs.cpp,"(20, 10)-(20, 15)",b'#include <map>\n'
clang,../repos/llvm-project/clang/lib/Basic/SourceManager.cpp,"(43, 10)-(43, 18)",b'#include <vector>\n'
clang,../repos/llvm-project/clang/lib/Interpreter/IncrementalParser.h,"(23, 10)-(23, 16)",b'#include <list>\n'
clang,../repos/llvm-project/clang/include/clang/Driver/SanitizerArgs.h,"(17, 10)-(17, 18)",b'#include <vector>\n'
clang,../repos/llvm-project/clang/include/clang/Driver/OffloadBundler.h,"(24, 10)-(24, 18)",b'#include <vector>\n'
clang,../repos/llvm-project/clang/include/clang/Driver/Job.h,"(24, 10)-(24, 18)",b'#include <vector>\n'
clang,../repos/llvm-project/clang/include/clang/Driver/Multilib.h,"(23, 10)-(23, 18)",b'#include <vector>\n'
clang,../repos/llvm-project/clang/include/clang/Driver/Driver.h,"(31, 10)-(31, 16)",b'#include <list>\n'
clang,../repos/llvm-project/clang/include/clang/Driver/Driver.h,"(32, 10)-(32, 15)",b'#include <map>\n'
clang,../repos/llvm-project/clang/include/clang/Driver/Driver.h,"(34, 10)-(34, 18)",b'#include <vector>\n'
clang,../repos/llvm-project/clang/include/clang/Driver/Compilation.h,"(22, 10)-(22, 15)",b'#include <map>\n'
clang,../repos/llvm-project/clang/include/clang/Driver/Compilation.h,"(26, 10)-(26, 18)",b'#include <vector>\n'
clang,../repos/llvm-project/clang/include/clang/CodeGen/ConstantInitBuilder.h,"(25, 10)-(25, 18)",b'#include <vector>\n'
clang,../repos/llvm-project/clang/include/clang/Edit/EditedSource.h,"(20, 10)-(20, 15)",b'#include <map>\n'
clang,../repos/llvm-project/clang/include/clang/ASTMatchers/Dynamic/Registry.h,"(26, 10)-(26, 18)",b'#include <vector>\n'
clang,../repos/llvm-project/clang/include/clang/ASTMatchers/Dynamic/Parser.h,"(46, 10)-(46, 18)",b'#include <vector>\n'
clang,../repos/llvm-project/clang/include/clang/ASTMatchers/Dynamic/VariantValue.h,"(25, 10)-(25, 18)",b'#include <vector>\n'
clang,../repos/llvm-project/clang/include/clang/ASTMatchers/Dynamic/Diagnostics.h,"(24, 10)-(24, 18)",b'#include <vector>\n'
clang,../repos/llvm-project/clang/include/clang/ASTMatchers/ASTMatchersInternal.h,"(66, 10)-(66, 15)",b'#include <map>\n'
clang,../repos/llvm-project/clang/include/clang/ASTMatchers/ASTMatchersInternal.h,"(73, 10)-(73, 18)",b'#include <vector>\n'
clang,../repos/llvm-project/clang/include/clang/ASTMatchers/ASTMatchers.h,"(97, 10)-(97, 18)",b'#include <vector>\n'
clang,../repos/llvm-project/clang/include/clang/AST/ASTStructuralEquivalence.h,"(21, 10)-(21, 17)",b'#include <queue>\n'
clang,../repos/llvm-project/clang/include/clang/AST/RawCommentList.h,"(17, 10)-(17, 15)",b'#include <map>\n'
clang,../repos/llvm-project/clang/include/clang/AST/DeclCXX.h,"(52, 10)-(52, 18)",b'#include <vector>\n'
clang,../repos/llvm-project/clang/include/clang/AST/ComparisonCategories.h,"(20, 10)-(20, 17)",b'#include <array>\n'
clang,../repos/llvm-project/clang/include/clang/AST/ComparisonCategories.h,"(23, 10)-(23, 18)",b'#include <vector>\n'
clang,../repos/llvm-project/clang/include/clang/AST/CXXInheritance.h,"(27, 10)-(27, 16)",b'#include <list>\n'
clang,../repos/llvm-project/clang/include/clang/ExtractAPI/DeclarationFragments.h,"(32, 10)-(32, 18)",b'#include <vector>\n'
clang,../repos/llvm-project/clang/include/clang/Lex/MacroArgs.h,"(20, 10)-(20, 18)",b'#include <vector>\n'
clang,../repos/llvm-project/clang/include/clang/Lex/HeaderSearch.h,"(33, 10)-(33, 18)",b'#include <vector>\n'
clang,../repos/llvm-project/clang/include/clang/Lex/PreprocessingRecord.h,"(33, 10)-(33, 18)",b'#include <vector>\n'
clang,../repos/llvm-project/clang/include/clang/Lex/HeaderSearchOptions.h,"(19, 10)-(19, 15)",b'#include <map>\n'
clang,../repos/llvm-project/clang/include/clang/Lex/HeaderSearchOptions.h,"(21, 10)-(21, 18)",b'#include <vector>\n'
clang,../repos/llvm-project/clang/include/clang/Lex/Preprocessor.h,"(51, 10)-(51, 15)",b'#include <map>\n'
clang,../repos/llvm-project/clang/include/clang/Lex/Preprocessor.h,"(56, 10)-(56, 18)",b'#include <vector>\n'
clang,../repos/llvm-project/clang/include/clang/Lex/PreprocessorOptions.h,"(19, 10)-(19, 15)",b'#include <map>\n'
clang,../repos/llvm-project/clang/include/clang/Lex/PreprocessorOptions.h,"(22, 10)-(22, 15)",b'#include <set>\n'
clang,../repos/llvm-project/clang/include/clang/Lex/PreprocessorOptions.h,"(25, 10)-(25, 18)",b'#include <vector>\n'
clang,../repos/llvm-project/clang/include/clang/Lex/PPConditionalDirectiveRecord.h,"(19, 10)-(19, 18)",b'#include <vector>\n'
clang,../repos/llvm-project/clang/include/clang/StaticAnalyzer/Core/AnalyzerOptions.h,"(24, 10)-(24, 18)",b'#include <vector>\n'
clang,../repos/llvm-project/clang/include/clang/StaticAnalyzer/Core/PathSensitive/FunctionSummary.h,"(22, 10)-(22, 17)",b'#include <deque>\n'
clang,../repos/llvm-project/clang/include/clang/StaticAnalyzer/Core/PathSensitive/CoreEngine.h,"(33, 10)-(33, 18)",b'#include <vector>\n'
clang,../repos/llvm-project/clang/include/clang/StaticAnalyzer/Core/PathSensitive/CallDescription.h,"(22, 10)-(22, 18)",b'#include <vector>\n'
clang,../repos/llvm-project/clang/include/clang/StaticAnalyzer/Core/PathSensitive/ExplodedGraph.h,"(43, 10)-(43, 18)",b'#include <vector>\n'
clang,../repos/llvm-project/clang/include/clang/StaticAnalyzer/Core/BugReporter/BugReporterVisitors.h,"(26, 10)-(26, 16)",b'#include <list>\n'
clang,../repos/llvm-project/clang/include/clang/StaticAnalyzer/Core/BugReporter/BugReporter.h,"(44, 10)-(44, 18)",b'#include <vector>\n'
clang,../repos/llvm-project/clang/include/clang/StaticAnalyzer/Core/PathDiagnosticConsumers.h,"(19, 10)-(19, 18)",b'#include <vector>\n'
clang,../repos/llvm-project/clang/include/clang/StaticAnalyzer/Core/CheckerManager.h,"(25, 10)-(25, 18)",b'#include <vector>\n'
clang,../repos/llvm-project/clang/include/clang/Serialization/ModuleFile.h,"(35, 10)-(35, 18)",b'#include <vector>\n'
clang,../repos/llvm-project/clang/include/clang/Serialization/ASTReader.h,"(58, 10)-(58, 17)",b'#include <deque>\n'
clang,../repos/llvm-project/clang/include/clang/Serialization/ASTReader.h,"(61, 10)-(61, 15)",b'#include <set>\n'
clang,../repos/llvm-project/clang/include/clang/Serialization/ASTReader.h,"(64, 10)-(64, 18)",b'#include <vector>\n'
clang,../repos/llvm-project/clang/include/clang/Serialization/ASTWriter.h,"(43, 10)-(43, 17)",b'#include <queue>\n'
clang,../repos/llvm-project/clang/include/clang/Serialization/ASTWriter.h,"(46, 10)-(46, 18)",b'#include <vector>\n'
clang,../repos/llvm-project/clang/include/clang/APINotes/APINotesOptions.h,"(14, 10)-(14, 18)",b'#include <vector>\n'
clang,../repos/llvm-project/clang/include/clang/APINotes/Types.h,"(17, 10)-(17, 18)",b'#include <vector>\n'
clang,../repos/llvm-project/clang/include/clang/Analysis/Analyses/ThreadSafetyCommon.h,"(40, 10)-(40, 18)",b'#include <vector>\n'
clang,../repos/llvm-project/clang/include/clang/Analysis/Analyses/IntervalPartition.h,"(24, 10)-(24, 17)",b'#include <deque>\n'
clang,../repos/llvm-project/clang/include/clang/Analysis/Analyses/IntervalPartition.h,"(26, 10)-(26, 18)",b'#include <vector>\n'
clang,../repos/llvm-project/clang/include/clang/Analysis/Analyses/Consumed.h,"(25, 10)-(25, 16)",b'#include <list>\n'
clang,../repos/llvm-project/clang/include/clang/Analysis/Analyses/Consumed.h,"(28, 10)-(28, 18)",b'#include <vector>\n'
clang,../repos/llvm-project/clang/include/clang/Analysis/Analyses/ThreadSafetyUtil.h,"(27, 10)-(27, 18)",b'#include <vector>\n'
clang,../repos/llvm-project/clang/include/clang/Analysis/Analyses/PostOrderCFGView.h,"(23, 10)-(23, 18)",b'#include <vector>\n'
clang,../repos/llvm-project/clang/include/clang/Analysis/PathDiagnostic.h,"(27, 10)-(27, 17)",b'#include <deque>\n'
clang,../repos/llvm-project/clang/include/clang/Analysis/PathDiagnostic.h,"(29, 10)-(29, 16)",b'#include <list>\n'
clang,../repos/llvm-project/clang/include/clang/Analysis/PathDiagnostic.h,"(30, 10)-(30, 15)",b'#include <map>\n'
clang,../repos/llvm-project/clang/include/clang/Analysis/PathDiagnostic.h,"(33, 10)-(33, 15)",b'#include <set>\n'
clang,../repos/llvm-project/clang/include/clang/Analysis/PathDiagnostic.h,"(36, 10)-(36, 18)",b'#include <vector>\n'
clang,../repos/llvm-project/clang/include/clang/Analysis/FlowSensitive/Solver.h,"(22, 10)-(22, 18)",b'#include <vector>\n'
clang,../repos/llvm-project/clang/include/clang/Analysis/FlowSensitive/DebugSupport.h,"(18, 10)-(18, 18)",b'#include <vector>\n'
clang,../repos/llvm-project/clang/include/clang/Analysis/FlowSensitive/TypeErasedDataflowAnalysis.h,"(19, 10)-(19, 18)",b'#include <vector>\n'
clang,../repos/llvm-project/clang/include/clang/Analysis/FlowSensitive/MatchSwitch.h,"(35, 10)-(35, 18)",b'#include <vector>\n'
clang,../repos/llvm-project/clang/include/clang/Analysis/FlowSensitive/DataflowAnalysis.h,"(21, 10)-(21, 18)",b'#include <vector>\n'
clang,../repos/llvm-project/clang/include/clang/Analysis/FlowSensitive/DataflowAnalysisContext.h,"(35, 10)-(35, 18)",b'#include <vector>\n'
clang,../repos/llvm-project/clang/include/clang/Analysis/FlowSensitive/Arena.h,"(15, 10)-(15, 18)",b'#include <vector>\n'
clang,../repos/llvm-project/clang/include/clang/Analysis/CFG.h,"(35, 10)-(35, 18)",b'#include <vector>\n'
clang,../repos/llvm-project/clang/include/clang/Analysis/CloneDetection.h,"(19, 10)-(19, 18)",b'#include <vector>\n'
clang,../repos/llvm-project/clang/include/clang/Parse/Parser.h,"(25, 10)-(25, 17)",b'#include <stack>\n'
clang,../repos/llvm-project/clang/include/clang/Tooling/DependencyScanning/DependencyScanningTool.h,"(20, 10)-(20, 18)",b'#include <vector>\n'
clang,../repos/llvm-project/clang/include/clang/Tooling/DependencyScanning/ModuleDepCollector.h,"(26, 10)-(26, 25)",b'#include <unordered_map>\n'
clang,../repos/llvm-project/clang/include/clang/Tooling/Inclusions/HeaderIncludes.h,"(17, 10)-(17, 16)",b'#include <list>\n'
clang,../repos/llvm-project/clang/include/clang/Tooling/Inclusions/HeaderIncludes.h,"(19, 10)-(19, 25)",b'#include <unordered_map>\n'
clang,../repos/llvm-project/clang/include/clang/Tooling/Inclusions/IncludeStyle.h,"(14, 10)-(14, 18)",b'#include <vector>\n'
clang,../repos/llvm-project/clang/include/clang/Tooling/JSONCompilationDatabase.h,"(30, 10)-(30, 18)",b'#include <vector>\n'
clang,../repos/llvm-project/clang/include/clang/Tooling/ArgumentsAdjusters.h,"(23, 10)-(23, 18)",b'#include <vector>\n'
clang,../repos/llvm-project/clang/include/clang/Tooling/CompilationDatabase.h,"(38, 10)-(38, 18)",b'#include <vector>\n'
clang,../repos/llvm-project/clang/include/clang/Tooling/Refactoring.h,"(23, 10)-(23, 15)",b'#include <map>\n'
clang,../repos/llvm-project/clang/include/clang/Tooling/Transformer/Stencil.h,"(31, 10)-(31, 18)",b'#include <vector>\n'
clang,../repos/llvm-project/clang/include/clang/Tooling/Tooling.h,"(49, 10)-(49, 18)",b'#include <vector>\n'
clang,../repos/llvm-project/clang/include/clang/Tooling/Refactoring/RefactoringAction.h,"(14, 10)-(14, 18)",b'#include <vector>\n'
clang,../repos/llvm-project/clang/include/clang/Tooling/Refactoring/Rename/USRFinder.h,"(21, 10)-(21, 18)",b'#include <vector>\n'
clang,../repos/llvm-project/clang/include/clang/Tooling/Refactoring/Rename/USRFindingAction.h,"(21, 10)-(21, 18)",b'#include <vector>\n'
clang,../repos/llvm-project/clang/include/clang/Tooling/Refactoring/Rename/USRLocFinder.h,"(24, 10)-(24, 18)",b'#include <vector>\n'
clang,../repos/llvm-project/clang/include/clang/Tooling/Refactoring/Rename/SymbolOccurrences.h,"(16, 10)-(16, 18)",b'#include <vector>\n'
clang,../repos/llvm-project/clang/include/clang/Tooling/Refactoring/ASTSelection.h,"(18, 10)-(18, 18)",b'#include <vector>\n'
clang,../repos/llvm-project/clang/include/clang/Tooling/NodeIntrospection.h,"(19, 10)-(19, 15)",b'#include <set>\n'
clang,../repos/llvm-project/clang/include/clang/Tooling/Syntax/Tree.h,"(29, 10)-(29, 18)",b'#include <vector>\n'
clang,../repos/llvm-project/clang/include/clang/Tooling/Core/Replacement.h,"(27, 10)-(27, 15)",b'#include <map>\n'
clang,../repos/llvm-project/clang/include/clang/Tooling/Core/Replacement.h,"(29, 10)-(29, 15)",b'#include <set>\n'
clang,../repos/llvm-project/clang/include/clang/Tooling/Core/Replacement.h,"(33, 10)-(33, 18)",b'#include <vector>\n'
clang,../repos/llvm-project/clang/include/clang/Rewrite/Frontend/FixItRewriter.h,"(26, 10)-(26, 18)",b'#include <vector>\n'
clang,../repos/llvm-project/clang/include/clang/Rewrite/Core/TokenRewriter.h,"(20, 10)-(20, 16)",b'#include <list>\n'
clang,../repos/llvm-project/clang/include/clang/Rewrite/Core/TokenRewriter.h,"(21, 10)-(21, 15)",b'#include <map>\n'
clang,../repos/llvm-project/clang/include/clang/Rewrite/Core/Rewriter.h,"(21, 10)-(21, 15)",b'#include <map>\n'
clang,../repos/llvm-project/clang/include/clang/Testing/CommandLineArgs.h,"(19, 10)-(19, 18)",b'#include <vector>\n'
clang,../repos/llvm-project/clang/include/clang/Testing/TestClangConfig.h,"(15, 10)-(15, 18)",b'#include <vector>\n'
clang,../repos/llvm-project/clang/include/clang/Testing/TestAST.h,"(29, 10)-(29, 18)",b'#include <vector>\n'
clang,../repos/llvm-project/clang/include/clang/Sema/Sema.h,"(69, 10)-(69, 17)",b'#include <deque>\n'
clang,../repos/llvm-project/clang/include/clang/Sema/Sema.h,"(74, 10)-(74, 18)",b'#include <vector>\n'
clang,../repos/llvm-project/clang/include/clang/Sema/TypoCorrection.h,"(30, 10)-(30, 18)",b'#include <vector>\n'
clang,../repos/llvm-project/clang/include/clang/Frontend/FrontendAction.h,"(29, 10)-(29, 18)",b'#include <vector>\n'
clang,../repos/llvm-project/clang/include/clang/Frontend/Utils.h,"(32, 10)-(32, 18)",b'#include <vector>\n'
clang,../repos/llvm-project/clang/include/clang/Frontend/FrontendActions.h,"(15, 10)-(15, 18)",b'#include <vector>\n'
clang,../repos/llvm-project/clang/include/clang/Frontend/DependencyOutputOptions.h,"(14, 10)-(14, 18)",b'#include <vector>\n'
clang,../repos/llvm-project/clang/include/clang/Frontend/FrontendOptions.h,"(20, 10)-(20, 15)",b'#include <map>\n'
clang,../repos/llvm-project/clang/include/clang/Frontend/FrontendOptions.h,"(24, 10)-(24, 18)",b'#include <vector>\n'
clang,../repos/llvm-project/clang/include/clang/Frontend/MultiplexConsumer.h,"(21, 10)-(21, 18)",b'#include <vector>\n'
clang,../repos/llvm-project/clang/include/clang/Frontend/CompilerInstance.h,"(28, 10)-(28, 16)",b'#include <list>\n'
clang,../repos/llvm-project/clang/include/clang/Frontend/VerifyDiagnosticConsumer.h,"(24, 10)-(24, 18)",b'#include <vector>\n'
clang,../repos/llvm-project/clang/include/clang/Frontend/TextDiagnosticBuffer.h,"(21, 10)-(21, 18)",b'#include <vector>\n'
clang,../repos/llvm-project/clang/include/clang/Frontend/ASTUnit.h,"(46, 10)-(46, 18)",b'#include <vector>\n'
clang,../repos/llvm-project/clang/include/clang/Basic/LangOptions.h,"(29, 10)-(29, 18)",b'#include <vector>\n'
clang,../repos/llvm-project/clang/include/clang/Basic/TargetCXXABI.h,"(18, 10)-(18, 15)",b'#include <map>\n'
clang,../repos/llvm-project/clang/include/clang/Basic/DiagnosticOptions.h,"(16, 10)-(16, 18)",b'#include <vector>\n'
clang,../repos/llvm-project/clang/include/clang/Basic/SourceManagerInternals.h,"(23, 10)-(23, 15)",b'#include <map>\n'
clang,../repos/llvm-project/clang/include/clang/Basic/SourceManagerInternals.h,"(24, 10)-(24, 18)",b'#include <vector>\n'
clang,../repos/llvm-project/clang/include/clang/Basic/ParsedAttrInfo.h,"(23, 10)-(23, 16)",b'#include <list>\n'
clang,../repos/llvm-project/clang/include/clang/Basic/TargetInfo.h,"(42, 10)-(42, 18)",b'#include <vector>\n'
clang,../repos/llvm-project/clang/include/clang/Basic/TargetOptions.h,"(21, 10)-(21, 18)",b'#include <vector>\n'
clang,../repos/llvm-project/clang/include/clang/Basic/DiagnosticIDs.h,"(21, 10)-(21, 18)",b'#include <vector>\n'
clang,../repos/llvm-project/clang/include/clang/Basic/Diagnostic.h,"(31, 10)-(31, 16)",b'#include <list>\n'
clang,../repos/llvm-project/clang/include/clang/Basic/Diagnostic.h,"(32, 10)-(32, 15)",b'#include <map>\n'
clang,../repos/llvm-project/clang/include/clang/Basic/Diagnostic.h,"(38, 10)-(38, 18)",b'#include <vector>\n'
clang,../repos/llvm-project/clang/include/clang/Basic/SanitizerSpecialCaseList.h,"(22, 10)-(22, 18)",b'#include <vector>\n'
clang,../repos/llvm-project/clang/include/clang/Basic/FileManager.h,"(32, 10)-(32, 15)",b'#include <map>\n'
clang,../repos/llvm-project/clang/include/clang/Basic/SourceManager.h,"(55, 10)-(55, 15)",b'#include <map>\n'
clang,../repos/llvm-project/clang/include/clang/Basic/SourceManager.h,"(60, 10)-(60, 18)",b'#include <vector>\n'
clang,../repos/llvm-project/clang/include/clang/Basic/CodeGenOptions.h,"(25, 10)-(25, 15)",b'#include <map>\n'
clang,../repos/llvm-project/clang/include/clang/Basic/CodeGenOptions.h,"(28, 10)-(28, 18)",b'#include <vector>\n'
clang,../repos/llvm-project/clang/include/clang/Basic/Module.h,"(30, 10)-(30, 17)",b'#include <array>\n'
clang,../repos/llvm-project/clang/include/clang/Basic/Module.h,"(39, 10)-(39, 18)",b'#include <vector>\n'
clang,../repos/llvm-project/clang/include/clang/Basic/CommentOptions.h,"(18, 10)-(18, 18)",b'#include <vector>\n'
clang,../repos/llvm-project/clang/include/clang/Basic/TargetID.h,"(16, 10)-(16, 15)",b'#include <set>\n'
clang,../repos/llvm-project/clang/include/clang/Basic/NoSanitizeList.h,"(21, 10)-(21, 18)",b'#include <vector>\n'
clang,../repos/llvm-project/clang/include/clang/IndexSerialization/SerializablePathCollection.h,"(21, 10)-(21, 18)",b'#include <vector>\n'
clang,../repos/llvm-project/clang/include/clang/Support/RISCVVIntrinsicUtils.h,"(18, 10)-(18, 15)",b'#include <set>\n'
clang,../repos/llvm-project/clang/include/clang/Support/RISCVVIntrinsicUtils.h,"(20, 10)-(20, 25)",b'#include <unordered_map>\n'
clang,../repos/llvm-project/clang/include/clang/Support/RISCVVIntrinsicUtils.h,"(21, 10)-(21, 18)",b'#include <vector>\n'
clang,../repos/llvm-project/clang/include/clang/Interpreter/CodeCompletion.h,"(16, 10)-(16, 18)",b'#include <vector>\n'
clang,../repos/llvm-project/clang/include/clang/Interpreter/Interpreter.h,"(27, 10)-(27, 18)",b'#include <vector>\n'
clang,../repos/llvm-project/clang/utils/TableGen/ClangCommentCommandInfoEmitter.cpp,"(19, 10)-(19, 18)",b'#include <vector>\n'
clang,../repos/llvm-project/clang/utils/TableGen/ClangOptionDocEmitter.cpp,"(21, 10)-(21, 15)",b'#include <map>\n'
clang,../repos/llvm-project/clang/utils/TableGen/NeonEmitter.cpp,"(44, 10)-(44, 17)",b'#include <deque>\n'
clang,../repos/llvm-project/clang/utils/TableGen/NeonEmitter.cpp,"(45, 10)-(45, 15)",b'#include <map>\n'
clang,../repos/llvm-project/clang/utils/TableGen/NeonEmitter.cpp,"(47, 10)-(47, 15)",b'#include <set>\n'
clang,../repos/llvm-project/clang/utils/TableGen/NeonEmitter.cpp,"(51, 10)-(51, 18)",b'#include <vector>\n'
clang,../repos/llvm-project/clang/utils/TableGen/SveEmitter.cpp,"(32, 10)-(32, 17)",b'#include <array>\n'
clang,../repos/llvm-project/clang/utils/TableGen/SveEmitter.cpp,"(34, 10)-(34, 15)",b'#include <set>\n'
clang,../repos/llvm-project/clang/utils/TableGen/ClangAttrEmitter.cpp,"(38, 10)-(38, 15)",b'#include <map>\n'
clang,../repos/llvm-project/clang/utils/TableGen/ClangAttrEmitter.cpp,"(41, 10)-(41, 15)",b'#include <set>\n'
clang,../repos/llvm-project/clang/utils/TableGen/ClangAttrEmitter.cpp,"(45, 10)-(45, 18)",b'#include <vector>\n'
clang,../repos/llvm-project/clang/utils/TableGen/ClangASTNodesEmitter.cpp,"(20, 10)-(20, 15)",b'#include <map>\n'
clang,../repos/llvm-project/clang/utils/TableGen/ClangASTNodesEmitter.cpp,"(21, 10)-(21, 15)",b'#include <set>\n'
clang,../repos/llvm-project/clang/utils/TableGen/ClangCommentHTMLTagsEmitter.cpp,"(18, 10)-(18, 18)",b'#include <vector>\n'
clang,../repos/llvm-project/clang/utils/TableGen/ClangTypeNodesEmitter.cpp,"(55, 10)-(55, 15)",b'#include <set>\n'
clang,../repos/llvm-project/clang/utils/TableGen/ClangTypeNodesEmitter.cpp,"(57, 10)-(57, 18)",b'#include <vector>\n'
clang,../repos/llvm-project/clang/utils/TableGen/ClangSyntaxEmitter.cpp,"(28, 10)-(28, 17)",b'#include <deque>\n'
clang,../repos/llvm-project/clang/utils/TableGen/MveEmitter.cpp,"(72, 10)-(72, 16)",b'#include <list>\n'
clang,../repos/llvm-project/clang/utils/TableGen/MveEmitter.cpp,"(73, 10)-(73, 15)",b'#include <map>\n'
clang,../repos/llvm-project/clang/utils/TableGen/MveEmitter.cpp,"(75, 10)-(75, 15)",b'#include <set>\n'
clang,../repos/llvm-project/clang/utils/TableGen/MveEmitter.cpp,"(77, 10)-(77, 18)",b'#include <vector>\n'
clang,../repos/llvm-project/clang/utils/TableGen/ClangCommentHTMLNamedCharacterReferenceEmitter.cpp,"(21, 10)-(21, 18)",b'#include <vector>\n'
clang,../repos/llvm-project/clang/utils/TableGen/ClangASTPropertiesEmitter.cpp,"(22, 10)-(22, 15)",b'#include <map>\n'
clang,../repos/llvm-project/clang/utils/TableGen/ClangASTPropertiesEmitter.cpp,"(24, 10)-(24, 15)",b'#include <set>\n'
clang,../repos/llvm-project/clang/utils/TableGen/ClangSACheckersEmitter.cpp,"(18, 10)-(18, 15)",b'#include <map>\n'
clang,../repos/llvm-project/clang/utils/TableGen/ClangDiagnosticsEmitter.cpp,"(31, 10)-(31, 15)",b'#include <map>\n'
clang,../repos/llvm-project/clang/utils/TableGen/ClangDiagnosticsEmitter.cpp,"(33, 10)-(33, 15)",b'#include <set>\n'
clang,../repos/llvm-project/clang/tools/diagtool/DiagTool.cpp,"(16, 10)-(16, 18)",b'#include <vector>\n'
clang,../repos/llvm-project/clang/tools/clang-refactor/TestSupport.h,"(23, 10)-(23, 15)",b'#include <map>\n'
clang,../repos/llvm-project/clang/tools/clang-offload-bundler/ClangOffloadBundler.cpp,"(47, 10)-(47, 24)",b'#include <forward_list>\n'
clang,../repos/llvm-project/clang/tools/clang-offload-bundler/ClangOffloadBundler.cpp,"(48, 10)-(48, 15)",b'#include <map>\n'
clang,../repos/llvm-project/clang/tools/clang-offload-bundler/ClangOffloadBundler.cpp,"(50, 10)-(50, 15)",b'#include <set>\n'
clang,../repos/llvm-project/clang/tools/amdgpu-arch/AMDGPUArchByHSA.cpp,"(21, 10)-(21, 18)",b'#include <vector>\n'
clang,../repos/llvm-project/clang/tools/driver/driver.cpp,"(53, 10)-(53, 15)",b'#include <set>\n'
clang,../repos/llvm-project/clang/tools/clang-fuzzer/handle-llvm/handle_llvm.h,"(17, 10)-(17, 18)",b'#include <vector>\n'
clang,../repos/llvm-project/clang/tools/clang-fuzzer/fuzzer-initialize/fuzzer_initialize.h,"(14, 10)-(14, 18)",b'#include <vector>\n'
clang,../repos/llvm-project/clang/tools/clang-fuzzer/handle-cxx/handle_cxx.h,"(17, 10)-(17, 18)",b'#include <vector>\n'
clang,../repos/llvm-project/clang/tools/libclang/CXLoadedDiagnostic.h,"(20, 10)-(20, 18)",b'#include <vector>\n'
clang,../repos/llvm-project/clang/tools/libclang/CXString.h,"(22, 10)-(22, 18)",b'#include <vector>\n'
clang,../repos/llvm-project/clang/tools/libclang/CIndexDiagnostic.h,"(18, 10)-(18, 18)",b'#include <vector>\n'
