Repo name,File name,Location,Content
clang,../repos/llvm-project/clang/unittests/Lex/LexerTest.cpp,"(468, 30)-(468, 56)",b'decltype(MacroArgsDeleter)'
clang,../repos/llvm-project/clang/unittests/Tooling/Syntax/TreeTest.cpp,"(154, 32)-(154, 45)",b'decltype(*It)'
clang,../repos/llvm-project/clang/unittests/Tooling/Syntax/TreeTest.cpp,"(155, 32)-(155, 46)",b'decltype(*CIt)'
clang,../repos/llvm-project/clang/lib/Driver/ToolChains/MSVC.cpp,"(363, 38)-(363, 72)",b'decltype(&FreeEnvironmentStringsW)'
clang,../repos/llvm-project/clang/lib/CodeGen/CGOpenMPRuntime.cpp,"(7269, 35)-(7270, 51)",b'decltype(\n                  PartialStruct.Hig...'
clang,../repos/llvm-project/clang/lib/Headers/__stddef_nullptr_t.h,"(16, 9)-(16, 26)",b'decltype(nullptr)'
clang,../repos/llvm-project/clang/lib/Headers/__clang_hip_cmath.h,"(398, 11)-(398, 43)",b'decltype(__test(declval<_Tp>()))'
clang,../repos/llvm-project/clang/lib/Headers/__clang_hip_cmath.h,"(420, 11)-(420, 54)",b'decltype(__type1() + __type2() + __type3())'
clang,../repos/llvm-project/clang/lib/Headers/__clang_hip_cmath.h,"(430, 11)-(430, 42)",b'decltype(__type1() + __type2())'
clang,../repos/llvm-project/clang/lib/Headers/__clang_cuda_texture_intrinsics.h,"(185, 20)-(185, 36)",b'decltype(__T::x)'
clang,../repos/llvm-project/clang/lib/AST/ItaniumCXXABI.cpp,"(191, 23)-(191, 48)",b'decltype(ManglingNumbers)'
clang,../repos/llvm-project/clang/lib/AST/Interp/Boolean.h,"(101, 32)-(101, 52)",b'decltype(Boolean::V)'
clang,../repos/llvm-project/clang/lib/AST/ASTImporter.cpp,"(234, 35)-(234, 49)",b'decltype(auto)'
clang,../repos/llvm-project/clang/lib/AST/ASTImporter.cpp,"(663, 45)-(663, 62)",b'decltype(*Obegin)'
clang,../repos/llvm-project/clang/lib/StaticAnalyzer/Checkers/OSObjectCStyleCast.cpp,"(76, 8)-(76, 22)",b'decltype(auto)'
clang,../repos/llvm-project/clang/lib/StaticAnalyzer/Checkers/PointerIterationChecker.cpp,"(66, 42)-(66, 58)",b'decltype(decl())'
clang,../repos/llvm-project/clang/lib/StaticAnalyzer/Checkers/PointerSortingChecker.cpp,"(57, 1)-(57, 15)",b'decltype(auto)'
clang,../repos/llvm-project/clang/lib/StaticAnalyzer/Checkers/PointerSortingChecker.cpp,"(69, 33)-(69, 49)",b'decltype(decl())'
clang,../repos/llvm-project/clang/lib/StaticAnalyzer/Checkers/GCDAntipatternChecker.cpp,"(55, 1)-(55, 15)",b'decltype(auto)'
clang,../repos/llvm-project/clang/lib/StaticAnalyzer/Checkers/GCDAntipatternChecker.cpp,"(59, 1)-(59, 15)",b'decltype(auto)'
clang,../repos/llvm-project/clang/lib/StaticAnalyzer/Checkers/GCDAntipatternChecker.cpp,"(64, 1)-(64, 15)",b'decltype(auto)'
clang,../repos/llvm-project/clang/lib/StaticAnalyzer/Checkers/GCDAntipatternChecker.cpp,"(90, 50)-(90, 74)",b'decltype(compoundStmt())'
clang,../repos/llvm-project/clang/lib/StaticAnalyzer/Checkers/GCDAntipatternChecker.cpp,"(134, 46)-(134, 70)",b'decltype(compoundStmt())'
clang,../repos/llvm-project/clang/lib/StaticAnalyzer/Checkers/ObjCAutoreleaseWriteChecker.cpp,"(106, 8)-(106, 22)",b'decltype(auto)'
clang,../repos/llvm-project/clang/lib/Serialization/ASTWriterDecl.cpp,"(203, 5)-(203, 40)",b'decltype(T::PartialSpecializations)'
clang,../repos/llvm-project/clang/lib/Analysis/ThreadSafety.cpp,"(1219, 30)-(1219, 49)",b'decltype(I->args())'
clang,../repos/llvm-project/clang/lib/Analysis/FlowSensitive/Arena.cpp,"(138, 5)-(138, 29)",b'decltype(&Arena::makeOr)'
clang,../repos/llvm-project/clang/lib/Analysis/UnsafeBufferUsage.cpp,"(361, 19)-(361, 35)",b'decltype(stmt())'
clang,../repos/llvm-project/clang/lib/Tooling/DependencyScanning/DependencyScanningWorker.cpp,"(62, 30)-(62, 80)",b'decltype(HeaderSearchOptions::PrebuiltModuleFiles)'
clang,../repos/llvm-project/clang/lib/Tooling/Inclusions/Stdlib/StandardLibrary.cpp,"(89, 35)-(89, 66)",b'decltype(*Mapping->SymbolNames)'
clang,../repos/llvm-project/clang/lib/Tooling/Inclusions/Stdlib/StandardLibrary.cpp,"(91, 7)-(91, 42)",b'decltype(*Mapping->SymbolHeaderIDs)'
clang,../repos/llvm-project/clang/lib/Tooling/Inclusions/Stdlib/StandardLibrary.cpp,"(93, 35)-(93, 71)",b'decltype(*Mapping->NamespaceSymbols)'
clang,../repos/llvm-project/clang/lib/Tooling/Inclusions/Stdlib/StandardLibrary.cpp,"(95, 35)-(95, 64)",b'decltype(*Mapping->HeaderIDs)'
clang,../repos/llvm-project/clang/lib/Tooling/Syntax/BuildTree.cpp,"(611, 31)-(611, 46)",b'decltype(Trees)'
clang,../repos/llvm-project/clang/lib/Sema/SemaDeclCXX.cpp,"(9227, 3)-(9227, 49)",b'decltype(DelayedOverridingExceptionSpecChecks)'
clang,../repos/llvm-project/clang/lib/Sema/SemaDeclCXX.cpp,"(9228, 3)-(9228, 49)",b'decltype(DelayedEquivalentExceptionSpecChecks)'
clang,../repos/llvm-project/clang/lib/Sema/SemaDeclObjC.cpp,"(4319, 11)-(4319, 31)",b'decltype(Overridden)'
clang,../repos/llvm-project/clang/lib/Sema/SemaDecl.cpp,"(1398, 28)-(1398, 48)",b'decltype(CurContext)'
clang,../repos/llvm-project/clang/lib/Sema/SemaDeclAttr.cpp,"(10077, 31)-(10077, 50)",b'decltype(WeakInfos)'
clang,../repos/llvm-project/clang/lib/Frontend/PrecompiledPreamble.cpp,"(395, 20)-(395, 42)",b'decltype(Memory->Data)'
clang,../repos/llvm-project/clang/lib/Format/ContinuationIndenter.cpp,"(2382, 39)-(2382, 60)",b'decltype(ColumnLimit)'
clang,../repos/llvm-project/clang/include/clang/ASTMatchers/ASTMatchersInternal.h,"(891, 30)-(891, 52)",b'decltype(I->getDecl())'
clang,../repos/llvm-project/clang/include/clang/AST/Type.h,"(2042, 31)-(2042, 46)",b'decltype(*this)'
clang,../repos/llvm-project/clang/include/clang/AST/Type.h,"(2044, 27)-(2044, 42)",b'decltype(*this)'
clang,../repos/llvm-project/clang/include/clang/Analysis/CallGraph.h,"(276, 51)-(276, 72)",b'decltype(&CGGetValue)'
clang,../repos/llvm-project/clang/include/clang/Analysis/CallGraph.h,"(302, 57)-(302, 78)",b'decltype(&CGGetValue)'
clang,../repos/llvm-project/clang/include/clang/Analysis/FlowSensitive/DataflowAnalysis.h,"(142, 10)-(142, 39)",b'decltype(Current.widen(Prev))'
clang,../repos/llvm-project/clang/include/clang/Analysis/FlowSensitive/DataflowAnalysis.h,"(160, 22)-(161, 58)","b'decltype(A.transferBranch(\n          Branch, ...'"
clang,../repos/llvm-project/clang/include/clang/Analysis/FlowSensitive/DataflowAnalysis.h,"(244, 8)-(244, 40)","b'decltype(AnalysisT(ASTCtx, Env))'"
clang,../repos/llvm-project/clang/include/clang/Analysis/FlowSensitive/DataflowAnalysis.h,"(249, 8)-(249, 35)",b'decltype(AnalysisT(ASTCtx))'
clang,../repos/llvm-project/clang/include/clang/Tooling/Refactoring/RefactoringOptionVisitor.h,"(41, 7)-(43, 48)",b'decltype(std::declval<RefactoringOptionVisito...'
clang,../repos/llvm-project/clang/include/clang/Tooling/Refactoring/RefactoringOptionVisitor.h,"(49, 16)-(49, 66)",b'decltype(check<RefactoringOptionVisitor>(nullptr))'
clang,../repos/llvm-project/clang/include/clang/Sema/Sema.h,"(14252, 5)-(14252, 51)",b'decltype(DelayedOverridingExceptionSpecChecks)'
clang,../repos/llvm-project/clang/include/clang/Sema/Sema.h,"(14254, 5)-(14254, 51)",b'decltype(DelayedEquivalentExceptionSpecChecks)'
clang,../repos/llvm-project/clang/include/clang/Sema/ParsedAttr.h,"(810, 20)-(810, 58)",b'decltype(std::declval<VecTy>().size())'
clang,../repos/llvm-project/clang/include/clang/Sema/Lookup.h,"(884, 29)-(884, 44)",b'decltype(Decls)'
clang,../repos/llvm-project/clang/include/clang/Basic/Sanitizers.h,"(44, 47)-(44, 69)",b'decltype(maskLoToHigh)'
clang,../repos/llvm-project/clang/include/clang/Basic/Sanitizers.h,"(46, 50)-(46, 75)",b'decltype(maskLoToHigh[0])'
clang,../repos/llvm-project/clang/utils/TableGen/ClangAttrEmitter.cpp,"(2410, 35)-(2410, 49)",b'decltype(Bits)'
clang,../repos/llvm-project/clang/utils/TableGen/ClangASTNodesEmitter.cpp,"(117, 43)-(117, 57)",b'decltype(comp)'
clang,../repos/llvm-project/clang/tools/clang-linker-wrapper/ClangLinkerWrapper.cpp,"(204, 20)-(204, 44)",b'decltype(TempFilesMutex)'
clang,../repos/llvm-project/clang/tools/clang-linker-wrapper/ClangLinkerWrapper.cpp,"(1128, 24)-(1128, 42)",b'decltype(ImageMtx)'
