Repo name,File name,Location,Content
clang,../repos/llvm-project/clang/lib/CodeGen/CGRecordLayoutBuilder.cpp,"(81, 5)-(84, 6)",b'union {\n      const FieldDecl *FD;\n      cons...'
clang,../repos/llvm-project/clang/lib/CodeGen/CGCleanup.h,"(96, 3)-(101, 4)",b'union {\n    CommonBitFields CommonBits;\n    C...'
clang,../repos/llvm-project/clang/lib/CodeGen/CGValue.h,"(184, 3)-(193, 4)",b'union {\n    // Index into a vector subscript:...'
clang,../repos/llvm-project/clang/lib/CodeGen/CodeGenTypeCache.h,"(48, 3)-(52, 4)",b'union {\n    llvm::IntegerType *IntPtrTy;\n    ...'
clang,../repos/llvm-project/clang/lib/CodeGen/CodeGenTypeCache.h,"(55, 3)-(61, 4)",b'union {\n    llvm::PointerType *UnqualPtrTy;\n ...'
clang,../repos/llvm-project/clang/lib/CodeGen/CodeGenTypeCache.h,"(64, 3)-(67, 4)",b'union {\n    llvm::PointerType *AllocaVoidPtrT...'
clang,../repos/llvm-project/clang/lib/CodeGen/CodeGenTypeCache.h,"(70, 3)-(73, 4)",b'union {\n    llvm::PointerType *GlobalsVoidPtr...'
clang,../repos/llvm-project/clang/lib/CodeGen/CodeGenTypeCache.h,"(80, 3)-(83, 4)",b'union {\n    unsigned char IntSizeInBytes;\n   ...'
clang,../repos/llvm-project/clang/lib/CodeGen/CodeGenTypeCache.h,"(95, 3)-(98, 4)",b'union {\n    unsigned char PointerAlignInBytes...'
clang,../repos/llvm-project/clang/lib/CodeGen/CodeGenTypeCache.h,"(101, 3)-(104, 4)",b'union {\n    unsigned char SizeSizeInBytes; //...'
clang,../repos/llvm-project/clang/lib/CodeGen/CGCall.h,"(87, 3)-(92, 4)",b'union {\n    CGCalleeInfo AbstractInfo;\n    Bu...'
clang,../repos/llvm-project/clang/lib/CodeGen/CGCall.h,"(215, 3)-(218, 4)",b'union {\n    RValue RV;\n    LValue LV; /// The...'
clang,../repos/llvm-project/clang/lib/ASTMatchers/ASTMatchFinder.cpp,"(850, 5)-(853, 6)",b'union {\n      llvm::PointerUnion<CMD_TYPES_0>...'
clang,../repos/llvm-project/clang/lib/Headers/arm_cmse.h,"(31, 9)-(86, 2)",b'typedef union {\n  struct cmse_address_info {\n...'
clang,../repos/llvm-project/clang/lib/Headers/__clang_hip_math.h,"(519, 3)-(527, 4)",b'union {\n    float val;\n    struct ieee_float ...'
clang,../repos/llvm-project/clang/lib/Headers/__clang_hip_math.h,"(922, 3)-(930, 4)",b'union {\n    double val;\n    struct ieee_doubl...'
clang,../repos/llvm-project/clang/lib/Headers/ppc_wrappers/smmintrin.h,"(59, 3)-(62, 4)",b'union {\n    double __fr;\n    long long __fpsc...'
clang,../repos/llvm-project/clang/lib/Headers/ppc_wrappers/smmintrin.h,"(160, 3)-(163, 4)",b'union {\n    double __fr;\n    long long __fpsc...'
clang,../repos/llvm-project/clang/lib/Headers/ppc_wrappers/smmintrin.h,"(645, 3)-(648, 4)",b'{\n  union __u {\n    __m128i __m;\n    __v8hu _...'
clang,../repos/llvm-project/clang/lib/Headers/ppc_wrappers/smmintrin.h,"(649, 3)-(649, 12)","b'union __u __u = {.__m = __A}, __r = {.__m = {0}};'"
clang,../repos/llvm-project/clang/lib/Headers/ppc_wrappers/mmintrin.h,"(46, 41)-(55, 2)",b'union {\n  __m64 as_m64;\n  char as_char[8];\n  ...'
clang,../repos/llvm-project/clang/lib/AST/APValue.cpp,"(228, 3)-(231, 4)",b'union {\n    LValuePathEntry Path[InlinePathSp...'
clang,../repos/llvm-project/clang/lib/AST/APValue.cpp,"(266, 3)-(269, 4)",b'union {\n    PathElem Path[InlinePathSpace];\n ...'
clang,../repos/llvm-project/clang/lib/Lex/ModuleMap.cpp,"(1477, 5)-(1483, 6)",b'union {\n      // If Kind != IntegerLiteral.\n ...'
clang,../repos/llvm-project/clang/lib/Analysis/Consumed.cpp,"(310, 3)-(316, 4)",b'union {\n    ConsumedState State;\n    VarTestR...'
clang,../repos/llvm-project/clang/lib/Sema/SemaInit.cpp,"(7344, 3)-(7347, 4)",b'union {\n    const Decl *D = nullptr;\n    cons...'
clang,../repos/llvm-project/clang/include/clang/Driver/InputInfo.h,"(36, 3)-(39, 4)",b'union {\n    const char *Filename;\n    const l...'
clang,../repos/llvm-project/clang/include/clang/CodeGen/CGFunctionInfo.h,"(92, 3)-(95, 4)",b'union {\n    llvm::Type *PaddingType; // canHa...'
clang,../repos/llvm-project/clang/include/clang/CodeGen/CGFunctionInfo.h,"(104, 3)-(108, 4)",b'union {\n    DirectAttrInfo DirectAttr;     //...'
clang,../repos/llvm-project/clang/include/clang/ASTMatchers/Dynamic/VariantValue.h,"(342, 3)-(349, 4)",b'union AllValues {\n    unsigned Unsigned;\n    ...'
clang,../repos/llvm-project/clang/include/clang/AST/Type.h,"(2003, 3)-(2025, 4)",b'#ifndef LLVM_CLANG_AST_TYPE_H\n#define LLVM_CL...'
clang,../repos/llvm-project/clang/include/clang/AST/Type.h,"(5211, 3)-(5217, 4)",b'union {\n    // Info for the canonical type.\n ...'
clang,../repos/llvm-project/clang/include/clang/AST/Decl.h,"(1105, 3)-(1110, 4)",b'union {\n    unsigned AllBits;\n    VarDeclBitf...'
clang,../repos/llvm-project/clang/include/clang/AST/Decl.h,"(2009, 3)-(2014, 4)",b'union {\n    /// The body of the function.\n   ...'
clang,../repos/llvm-project/clang/include/clang/AST/Decl.h,"(3065, 3)-(3074, 4)",b'union {\n    // Active member if ISK is not IS...'
clang,../repos/llvm-project/clang/include/clang/AST/Comment.h,"(200, 3)-(210, 4)",b'union {\n    CommentBitfields CommentBits;\n   ...'
clang,../repos/llvm-project/clang/include/clang/AST/Expr.h,"(83, 3)-(87, 4)",b'union {\n    struct DTB DerivedToBase;\n    Fie...'
clang,../repos/llvm-project/clang/include/clang/AST/Expr.h,"(2545, 3)-(2548, 4)",b'union {\n    TypeSourceInfo *Ty;\n    Stmt *Ex;...'
clang,../repos/llvm-project/clang/include/clang/AST/Expr.h,"(5166, 5)-(5172, 6)","b'union {\n      /// A field designator, e.g., ""...'"
clang,../repos/llvm-project/clang/include/clang/AST/Stmt.h,"(1193, 3)-(1270, 4)",b'{\n\nclass ASTContext;\nclass Attr;\nclass Captur...'
clang,../repos/llvm-project/clang/include/clang/AST/APNumericStorage.h,"(27, 3)-(30, 4)",b'union {\n    uint64_t VAL;   ///< Used to stor...'
clang,../repos/llvm-project/clang/include/clang/AST/ParentMapContext.h,"(93, 3)-(96, 4)",b'union {\n    DynTypedNode SingleNode;\n    Arra...'
clang,../repos/llvm-project/clang/include/clang/AST/TemplateBase.h,"(124, 5)-(130, 6)",b'union {\n      /// Used to store the <= 64 bit...'
clang,../repos/llvm-project/clang/include/clang/AST/TemplateBase.h,"(156, 3)-(162, 4)",b'union {\n    struct DA DeclArg;\n    struct I I...'
clang,../repos/llvm-project/clang/include/clang/AST/DeclarationName.h,"(686, 3)-(690, 4)",b'union {\n    struct NT NamedType;\n    struct C...'
clang,../repos/llvm-project/clang/include/clang/AST/StmtIterator.h,"(36, 3)-(39, 4)",b'union {\n    Stmt **stmt;\n    Decl **DGI;\n  };'
clang,../repos/llvm-project/clang/include/clang/AST/APValue.h,"(194, 5)-(200, 6)",b'union {\n      LocalState Local;\n      /// The...'
clang,../repos/llvm-project/clang/include/clang/AST/DeclBase.h,"(1997, 3)-(2032, 4)",b'union {\n    DeclContextBitfields DeclContextB...'
clang,../repos/llvm-project/clang/include/clang/AST/TemplateName.h,"(69, 3)-(72, 4)",b'union {\n    struct BitsTag Bits;\n    void *Po...'
clang,../repos/llvm-project/clang/include/clang/AST/TemplateName.h,"(500, 3)-(510, 4)",b'union {\n    /// The identifier template name....'
clang,../repos/llvm-project/clang/include/clang/Lex/DirectoryLookup.h,"(38, 3)-(49, 4)",b'union DLU { // This union is discriminated by...'
clang,../repos/llvm-project/clang/include/clang/StaticAnalyzer/Core/PathSensitive/CheckerHelpers.h,"(75, 3)-(78, 4)",b'union {\n    BinaryOperatorKind Bin;\n    Unary...'
clang,../repos/llvm-project/clang/include/clang/Serialization/ASTWriter.h,"(347, 5)-(354, 6)",b'union {\n      const Decl *Dcl;\n      void *Ty...'
clang,../repos/llvm-project/clang/include/clang/Analysis/Analyses/ThreadSafetyUtil.h,"(40, 3)-(45, 4)",b'union AlignmentType {\n    double d;\n    void ...'
clang,../repos/llvm-project/clang/include/clang/Tooling/Refactoring/Rename/SymbolOccurrences.h,"(80, 3)-(83, 4)",b'union {\n    SourceRange SingleRange;\n    unsi...'
clang,../repos/llvm-project/clang/include/clang/Sema/Sema.h,"(2711, 5)-(2716, 6)",b'union {\n      ExprResult Expr;\n      NamedDec...'
clang,../repos/llvm-project/clang/include/clang/Sema/Sema.h,"(6106, 5)-(6109, 6)",b'union {\n      IdentifierInfo *IdentInfo;\n    ...'
clang,../repos/llvm-project/clang/include/clang/Sema/Sema.h,"(9585, 5)-(9592, 6)",b'union {\n      /// The list of template argume...'
clang,../repos/llvm-project/clang/include/clang/Sema/Sema.h,"(9596, 5)-(9605, 6)",b'union {\n      /// The number of template argu...'
clang,../repos/llvm-project/clang/include/clang/Sema/DelayedDiagnostic.h,"(253, 3)-(259, 4)",b'union {\n    struct AD AvailabilityData;\n    s...'
clang,../repos/llvm-project/clang/include/clang/Sema/CodeCompleteConsumer.h,"(534, 5)-(545, 6)",b'union {\n      /// The text string associated ...'
clang,../repos/llvm-project/clang/include/clang/Sema/CodeCompleteConsumer.h,"(780, 3)-(791, 4)","b'union {\n    /// When Kind == RK_Keyword, the ...'"
clang,../repos/llvm-project/clang/include/clang/Sema/CodeCompleteConsumer.h,"(1051, 5)-(1075, 6)",b'union {\n      /// The function overload candi...'
clang,../repos/llvm-project/clang/include/clang/Sema/Initialization.h,"(183, 3)-(213, 4)","b'union {\n    /// When Kind == EK_Variable, EK_...'"
clang,../repos/llvm-project/clang/include/clang/Sema/Initialization.h,"(962, 5)-(982, 6)",b'union {\n      /// When Kind == SK_ResolvedOve...'
clang,../repos/llvm-project/clang/include/clang/Sema/DeclSpec.h,"(386, 3)-(391, 4)",b'union {\n    UnionParsedType TypeRep;\n    Decl...'
clang,../repos/llvm-project/clang/include/clang/Sema/DeclSpec.h,"(1014, 3)-(1042, 4)","b'union {\n    /// When Kind == IK_Identifier, t...'"
clang,../repos/llvm-project/clang/include/clang/Sema/DeclSpec.h,"(1387, 5)-(1405, 6)","b""union {\n      /// Pointer to a new[]'d array ..."""
clang,../repos/llvm-project/clang/include/clang/Sema/DeclSpec.h,"(1587, 3)-(1595, 4)",b'union {\n    PointerTypeInfo       Ptr;\n    Re...'
clang,../repos/llvm-project/clang/include/clang/Sema/DeclSpec.h,"(1923, 3)-(1931, 4)",b'union {\n#endif\n    /// InlineParams - This is...'
clang,../repos/llvm-project/clang/include/clang/Sema/Designator.h,"(98, 3)-(102, 4)",b'union {\n    FieldDesignatorInfo FieldInfo;\n  ...'
clang,../repos/llvm-project/clang/include/clang/Sema/ScopeInfo.h,"(566, 3)-(572, 4)","b'union {\n    /// If Kind == Cap_VLA, the captu...'"
clang,../repos/llvm-project/clang/include/clang/Sema/Overload.h,"(566, 5)-(582, 6)",b'union {\n      /// When ConversionKind == Stan...'
clang,../repos/llvm-project/clang/include/clang/Sema/Overload.h,"(891, 5)-(899, 6)",b'union {\n      DeductionFailureInfo DeductionF...'
clang,../repos/llvm-project/clang/include/clang/Basic/Thunk.h,"(33, 3)-(65, 4)",b'union VirtualAdjustment {\n    // Itanium ABI\n...'
clang,../repos/llvm-project/clang/include/clang/Basic/Thunk.h,"(98, 3)-(132, 4)",b'union VirtualAdjustment {\n    // Itanium ABI\n...'
clang,../repos/llvm-project/clang/include/clang/Basic/SourceManager.h,"(486, 3)-(489, 4)",b'union {\n    FileInfo File;\n    ExpansionInfo ...'
clang,../repos/llvm-project/clang/include/clang/Interpreter/Value.h,"(93, 3)-(98, 4)","b'{\n  union Storage {\n#define X(type, name) typ...'"
clang,../repos/llvm-project/clang/tools/libclang/CIndex.cpp,"(4232, 3)-(4237, 4)",b'union {\n    unsigned long long unsignedVal;\n ...'
