Repo name,File name,Location,Content
Source,../repos/CMake/Source/kwsys/testProcess.c,"(116, 3)-(116, 11)",b'volatile int* invalidAddress = 0;'
Source,../repos/CMake/Source/kwsys/ProcessUNIX.c,"(158, 38)-(158, 46)",b'volatile void* p'
Source,../repos/CMake/Source/kwsys/ProcessUNIX.c,"(228, 3)-(228, 11)",b'volatile int NumberOfCommands;'
Source,../repos/CMake/Source/kwsys/ProcessUNIX.c,"(247, 3)-(247, 11)",b'volatile pid_t* volatile ForkPIDs;'
Source,../repos/CMake/Source/kwsys/ProcessUNIX.c,"(247, 19)-(247, 27)",b'* volatile ForkPIDs'
Source,../repos/CMake/Source/kwsys/ProcessUNIX.c,"(271, 3)-(271, 11)",b'volatile sig_atomic_t CreateProcessGroup;'
Source,../repos/CMake/Source/kwsys/ProcessUNIX.c,"(295, 3)-(295, 11)",b'volatile sig_atomic_t State;'
Source,../repos/CMake/Source/kwsys/ProcessUNIX.c,"(298, 3)-(298, 11)",b'volatile sig_atomic_t Killed;'
Source,../repos/CMake/Source/kwsys/ProcessUNIX.c,"(1489, 38)-(1489, 46)",b'volatile void* p'
Source,../repos/CMake/Source/kwsys/ProcessUNIX.c,"(1507, 3)-(1507, 11)",b'volatile pid_t* oldForkPIDs;'
Source,../repos/CMake/Source/kwsys/ProcessUNIX.c,"(1531, 19)-(1531, 27)",b'volatile pid_t*'
Source,../repos/CMake/Source/kwsys/ProcessUNIX.c,"(1531, 49)-(1531, 57)",b'volatile pid_t'
