Repo name,File name,Location,Content
Source,../repos/CMake/Source/cmFileAPI.cxx,"(138, 5)-(147, 6)",b'try {\n      // Allocate a buffer to read the ...'
Source,../repos/CMake/Source/cmListCommand.cxx,"(181, 3)-(188, 4)",b'try {\n    auto values = list->get_items(index...'
Source,../repos/CMake/Source/cmListCommand.cxx,"(377, 3)-(385, 4)","b'try {\n    list->insert_items(index, args.begi...'"
Source,../repos/CMake/Source/cmListCommand.cxx,"(562, 3)-(723, 4)",b'try {\n    // handle optional arguments\n    wh...'
Source,../repos/CMake/Source/cmListCommand.cxx,"(598, 11)-(608, 12)",b'try {\n            value = std::stoi(args[inde...'
Source,../repos/CMake/Source/cmListCommand.cxx,"(638, 9)-(655, 10)",b'try {\n          std::size_t pos;\n\n          s...'
Source,../repos/CMake/Source/cmListCommand.cxx,"(663, 11)-(675, 12)",b'try {\n            std::size_t pos;\n\n         ...'
Source,../repos/CMake/Source/cmListCommand.cxx,"(880, 3)-(888, 4)",b'try {\n    auto sublist = list->sublist(static...'
Source,../repos/CMake/Source/cmListCommand.cxx,"(929, 3)-(937, 4)",b'try {\n    status.GetMakefile().AddDefinition(...'
Source,../repos/CMake/Source/cmListCommand.cxx,"(990, 3)-(997, 4)",b'try {\n    status.GetMakefile().AddDefinition(...'
Source,../repos/CMake/Source/cmQtAutoGenInitializer.cxx,"(297, 3)-(301, 4)","b'try {\n    jsonWriter.write(fileStream, this->...'"
Source,../repos/CMake/Source/cmStandardLevelResolver.cxx,"(53, 3)-(57, 4)",b'try {\n    return std::stoi(level);\n  } catch ...'
Source,../repos/CMake/Source/CPack/cmCPackDebGenerator.cxx,"(685, 5)-(690, 6)",b'try {\n      this->packageFiles = findFilesIn(...'
Source,../repos/CMake/Source/cmExprParserHelper.cxx,"(42, 3)-(62, 4)",b'try {\n    int res = cmExpr_yyparse(yyscanner)...'
Source,../repos/CMake/Source/kwsys/testConsoleBuf.cxx,"(275, 3)-(362, 4)","b'try {\n    if (!createPipe(&inPipeRead, &inPip...'"
Source,../repos/CMake/Source/kwsys/testConsoleBuf.cxx,"(297, 7)-(354, 8)",b'try {\n        DWORD status;\n        if ((stat...'
Source,../repos/CMake/Source/kwsys/testConsoleBuf.cxx,"(376, 3)-(468, 4)","b'try {\n    if ((inFile = createFile(L""stdinFil...'"
Source,../repos/CMake/Source/kwsys/testConsoleBuf.cxx,"(403, 7)-(460, 8)",b'try {\n        DWORD status;\n        if ((stat...'
Source,../repos/CMake/Source/kwsys/testConsoleBuf.cxx,"(636, 5)-(730, 6)",b'try {\n      DWORD status;\n      if ((status =...'
Source,../repos/CMake/Source/cmWindowsRegistry.cxx,"(197, 5)-(202, 6)",b'try {\n      formattedMessage = cmTrimWhitespa...'
Source,../repos/CMake/Source/cmWindowsRegistry.cxx,"(624, 5)-(631, 6)",b'try {\n      this->LastError.clear();\n      au...'
Source,../repos/CMake/Source/cmWindowsRegistry.cxx,"(653, 5)-(661, 6)",b'try {\n      auto handler = KeyHandler::OpenKe...'
Source,../repos/CMake/Source/cmWindowsRegistry.cxx,"(693, 5)-(701, 6)",b'try {\n      auto handler = KeyHandler::OpenKe...'
Source,../repos/CMake/Source/cmWindowsRegistry.cxx,"(737, 7)-(747, 8)",b'try {\n        auto handler =\n          KeyHan...'
Source,../repos/CMake/Source/cmStringCommand.cxx,"(1088, 3)-(1220, 4)","b'try {\n    outputVariable = &args.PopFront(""mi...'"
Source,../repos/CMake/Source/cmQtAutoGenerator.cxx,"(218, 3)-(222, 4)",b'try {\n    istr >> this->Json_;\n  } catch (......'
Source,../repos/CMake/Source/cmake.cxx,"(1451, 7)-(1458, 8)",b'try {\n        this->ProfilingOutput =\n       ...'
Source,../repos/CMake/Source/cmake.cxx,"(2727, 5)-(2736, 6)",b'try {\n      DebugAdapter = std::make_shared<c...'
Source,../repos/CMake/Source/cmGeneratorExpressionNode.cxx,"(372, 5)-(382, 6)",b'try {\n      return cmList{ parameters.front()...'
Source,../repos/CMake/Source/cmGeneratorExpressionNode.cxx,"(1180, 3)-(1195, 4)",b'try {\n    std::size_t pos;\n\n    if (sizeof(cm...'
Source,../repos/CMake/Source/cmGeneratorExpressionNode.cxx,"(1273, 15)-(1279, 16)",b'try {\n                return list.get_items(i...'
Source,../repos/CMake/Source/cmGeneratorExpressionNode.cxx,"(1316, 17)-(1324, 18)",b'try {\n                  return list\n         ...'
Source,../repos/CMake/Source/cmGeneratorExpressionNode.cxx,"(1377, 15)-(1387, 16)",b'try {\n                auto list = GetList(arg...'
Source,../repos/CMake/Source/cmGeneratorExpressionNode.cxx,"(1452, 15)-(1458, 16)",b'try {\n                return list.remove_item...'
Source,../repos/CMake/Source/cmGeneratorExpressionNode.cxx,"(1475, 15)-(1487, 16)",b'try {\n                return GetList(args.fro...'
Source,../repos/CMake/Source/cmGeneratorExpressionNode.cxx,"(1564, 17)-(1695, 18)",b'try {\n                  // handle optional ar...'
Source,../repos/CMake/Source/cmMakefileProfilingData.cxx,"(36, 5)-(41, 6)","b'try {\n      this->ProfileStream << ""]"";\n     ...'"
Source,../repos/CMake/Source/cmMakefileProfilingData.cxx,"(54, 3)-(79, 4)",b'try {\n    if (this->ProfileStream.tellp() > 1...'
Source,../repos/CMake/Source/cmMakefileProfilingData.cxx,"(89, 3)-(106, 4)","b'try {\n    this->ProfileStream << "","";\n    cms...'"
Source,../repos/CMake/Source/cmTryRunCommand.cxx,"(60, 7)-(64, 8)","b'try {\n        log.WriteValue(""exitCode""_s, st...'"
Source,../repos/CMake/Source/cmForEachCommand.cxx,"(380, 3)-(394, 4)",b'try {\n    i = std::stoi(str);\n  } catch (std:...'
