Repo name,File name,Location,Content
Source,../repos/CMake/Source/cmString.hxx,"(282, 22)-(282, 30)",b'String(String&& s) noexcept'
Source,../repos/CMake/Source/cmString.hxx,"(291, 25)-(291, 33)",b'String(String const&) noexcept'
Source,../repos/CMake/Source/cmString.hxx,"(301, 33)-(301, 41)",b'operator=(String&& s) noexcept'
Source,../repos/CMake/Source/cmString.hxx,"(311, 36)-(311, 44)",b'operator=(String const&) noexcept'
Source,../repos/CMake/Source/cmString.hxx,"(342, 34)-(342, 42)",b'() const noexcept'
Source,../repos/CMake/Source/cmString.hxx,"(345, 28)-(345, 36)",b'view() const noexcept'
Source,../repos/CMake/Source/cmString.hxx,"(346, 32)-(346, 40)",b'() const noexcept'
Source,../repos/CMake/Source/cmString.hxx,"(349, 22)-(349, 30)",b'empty() const noexcept'
Source,../repos/CMake/Source/cmString.hxx,"(352, 28)-(352, 36)",b'data() const noexcept'
Source,../repos/CMake/Source/cmString.hxx,"(355, 26)-(355, 34)",b'size() const noexcept'
Source,../repos/CMake/Source/cmString.hxx,"(356, 28)-(356, 36)",b'length() const noexcept'
Source,../repos/CMake/Source/cmString.hxx,"(360, 40)-(360, 48)",b'operator[](size_type pos) const noexcept'
Source,../repos/CMake/Source/cmString.hxx,"(366, 22)-(366, 30)",b'front() const noexcept'
Source,../repos/CMake/Source/cmString.hxx,"(368, 21)-(368, 29)",b'back() const noexcept'
Source,../repos/CMake/Source/cmString.hxx,"(394, 32)-(394, 40)",b'begin() const noexcept'
Source,../repos/CMake/Source/cmString.hxx,"(395, 30)-(395, 38)",b'end() const noexcept'
Source,../repos/CMake/Source/cmString.hxx,"(396, 33)-(396, 41)",b'cbegin() const noexcept'
Source,../repos/CMake/Source/cmString.hxx,"(397, 31)-(397, 39)",b'cend() const noexcept'
Source,../repos/CMake/Source/cmString.hxx,"(399, 41)-(399, 49)",b'rbegin() const noexcept'
Source,../repos/CMake/Source/cmString.hxx,"(403, 39)-(403, 47)",b'rend() const noexcept'
Source,../repos/CMake/Source/cmString.hxx,"(404, 42)-(404, 50)",b'crbegin() const noexcept'
Source,../repos/CMake/Source/cmString.hxx,"(405, 40)-(405, 48)",b'crend() const noexcept'
Source,../repos/CMake/Source/cmString.hxx,"(642, 31)-(642, 39)","b'String(String&& s, Private) noexcept'"
Source,../repos/CMake/Source/cmString.hxx,"(930, 56)-(930, 64)",b'operator()(argument_type const& s) const noexcept'
Source,../repos/CMake/Source/cmUVHandlePtr.h,"(45, 30)-(45, 38)",b'uv_loop_ptr(uv_loop_ptr&&) noexcept'
Source,../repos/CMake/Source/cmUVHandlePtr.h,"(46, 41)-(46, 49)",b'operator=(uv_loop_ptr&&) noexcept'
Source,../repos/CMake/Source/cmUVHandlePtr.h,"(68, 33)-(68, 41)",b'operator->() const noexcept'
Source,../repos/CMake/Source/cmUVHandlePtr.h,"(106, 46)-(106, 54)",b'uv_handle_ptr_base_(uv_handle_ptr_base_&&) no...'
Source,../repos/CMake/Source/cmUVHandlePtr.h,"(107, 57)-(107, 65)",b'operator=(uv_handle_ptr_base_&&) noexcept'
Source,../repos/CMake/Source/cmUVHandlePtr.h,"(157, 25)-(157, 33)",b'operator->() const noexcept'
Source,../repos/CMake/Source/cmUVHandlePtr.h,"(162, 29)-(162, 37)",b'uv_handle_ptr_base_<T>::uv_handle_ptr_base_(\n...'
Source,../repos/CMake/Source/cmUVHandlePtr.h,"(165, 29)-(165, 37)",b'uv_handle_ptr_base_<T>::operator=(\n  uv_handl...'
Source,../repos/CMake/Source/cmFileLock.h,"(28, 28)-(28, 36)",b'cmFileLock(cmFileLock&&) noexcept'
Source,../repos/CMake/Source/cmFileLock.h,"(30, 39)-(30, 47)",b'operator=(cmFileLock&&) noexcept'
Source,../repos/CMake/Source/cmFileLockPool.cxx,"(111, 51)-(111, 59)",b'cmFileLockPool::ScopePool::ScopePool(ScopePoo...'
Source,../repos/CMake/Source/cmFileLockPool.cxx,"(114, 22)-(114, 30)",b'cmFileLockPool::ScopePool::operator=(\n  Scope...'
Source,../repos/CMake/Source/cmDebuggerSourceBreakpoint.h,"(19, 25)-(19, 33)",b'GetId() const noexcept'
Source,../repos/CMake/Source/cmDebuggerSourceBreakpoint.h,"(20, 27)-(20, 35)",b'GetLine() const noexcept'
Source,../repos/CMake/Source/cmDebuggerSourceBreakpoint.h,"(21, 33)-(21, 41)",b'ChangeLine(int64_t line) noexcept'
Source,../repos/CMake/Source/cmDebuggerSourceBreakpoint.h,"(22, 27)-(22, 35)",b'GetIsValid() const noexcept'
Source,../repos/CMake/Source/cmDebuggerSourceBreakpoint.h,"(23, 18)-(23, 26)",b'Invalid() noexcept'
Source,../repos/CMake/Source/cmFileLock.cxx,"(12, 44)-(12, 52)",b'cmFileLock::cmFileLock(cmFileLock&& other) no...'
Source,../repos/CMake/Source/cmFileLock.cxx,"(28, 55)-(28, 63)",b'cmFileLock::operator=(cmFileLock&& other) noexcept'
Source,../repos/CMake/Source/cmake.h,"(685, 11)-(685, 19)",b'GetDebugAdapter()\n    const noexcept'
Source,../repos/CMake/Source/cmList.h,"(298, 32)-(298, 40)",b'() & noexcept'
Source,../repos/CMake/Source/cmList.h,"(299, 43)-(299, 51)",b'() const& noexcept'
Source,../repos/CMake/Source/cmList.h,"(300, 34)-(300, 42)",b'() && noexcept'
Source,../repos/CMake/Source/cmList.h,"(356, 26)-(356, 34)",b'data() noexcept'
Source,../repos/CMake/Source/cmList.h,"(357, 38)-(357, 46)",b'data() const noexcept'
Source,../repos/CMake/Source/cmList.h,"(360, 20)-(360, 28)",b'begin() noexcept'
Source,../repos/CMake/Source/cmList.h,"(361, 32)-(361, 40)",b'begin() const noexcept'
Source,../repos/CMake/Source/cmList.h,"(362, 33)-(362, 41)",b'cbegin() const noexcept'
Source,../repos/CMake/Source/cmList.h,"(364, 18)-(364, 26)",b'end() noexcept'
Source,../repos/CMake/Source/cmList.h,"(365, 30)-(365, 38)",b'end() const noexcept'
Source,../repos/CMake/Source/cmList.h,"(366, 31)-(366, 39)",b'cend() const noexcept'
Source,../repos/CMake/Source/cmList.h,"(368, 29)-(368, 37)",b'rbegin() noexcept'
Source,../repos/CMake/Source/cmList.h,"(369, 41)-(369, 49)",b'rbegin() const noexcept'
Source,../repos/CMake/Source/cmList.h,"(373, 42)-(373, 50)",b'crbegin() const noexcept'
Source,../repos/CMake/Source/cmList.h,"(378, 27)-(378, 35)",b'rend() noexcept'
Source,../repos/CMake/Source/cmList.h,"(379, 39)-(379, 47)",b'rend() const noexcept'
Source,../repos/CMake/Source/cmList.h,"(380, 40)-(380, 48)",b'crend() const noexcept'
Source,../repos/CMake/Source/cmList.h,"(386, 22)-(386, 30)",b'empty() const noexcept'
Source,../repos/CMake/Source/cmList.h,"(387, 26)-(387, 34)",b'size() const noexcept'
Source,../repos/CMake/Source/cmList.h,"(390, 16)-(390, 24)",b'clear() noexcept'
Source,../repos/CMake/Source/cmList.h,"(959, 28)-(959, 36)",b'swap(cmList& other) noexcept'
Source,../repos/CMake/Source/cmList.h,"(1138, 71)-(1138, 79)","b'operator==(const cmList& lhs, const cmList& r...'"
Source,../repos/CMake/Source/cmList.h,"(1142, 71)-(1142, 79)","b'operator!=(const cmList& lhs, const cmList& r...'"
Source,../repos/CMake/Source/cmList.h,"(1319, 44)-(1319, 52)","b'swap(cmList& lhs, cmList& rhs) noexcept'"
Source,../repos/CMake/Source/cmUVProcessChain.h,"(98, 46)-(98, 54)",b'cmUVProcessChain(cmUVProcessChain&& other) no...'
Source,../repos/CMake/Source/cmUVProcessChain.h,"(103, 57)-(103, 65)",b'operator=(cmUVProcessChain&& other) noexcept'
Source,../repos/CMake/Source/cm_codecvt.hxx,"(21, 33)-(21, 41)",b'do_always_noconv() const noexcept override'
Source,../repos/CMake/Source/cm_codecvt.hxx,"(27, 29)-(27, 37)",b'do_max_length() const noexcept override'
Source,../repos/CMake/Source/cm_codecvt.hxx,"(28, 27)-(28, 35)",b'do_encoding() const noexcept override'
Source,../repos/CMake/Source/cmDebuggerStackFrame.h,"(27, 25)-(27, 33)",b'GetId() const noexcept'
Source,../repos/CMake/Source/cmDebuggerStackFrame.h,"(28, 42)-(28, 50)",b'GetFileName() const noexcept'
Source,../repos/CMake/Source/cmDebuggerStackFrame.h,"(29, 27)-(29, 35)",b'GetLine() const noexcept'
Source,../repos/CMake/Source/cmDebuggerStackFrame.h,"(30, 35)-(30, 43)",b'GetMakefile() const noexcept'
Source,../repos/CMake/Source/cmDebuggerStackFrame.h,"(31, 49)-(31, 57)",b'GetFunction() const noexcept'
Source,../repos/CMake/Source/cmWindowsRegistry.cxx,"(100, 28)-(100, 36)",b'what() const noexcept override'
Source,../repos/CMake/Source/cmWindowsRegistry.cxx,"(527, 61)-(527, 69)",b'operator()(cmWindowsRegistry::View const& v) ...'
Source,../repos/CMake/Source/cmUVProcessChain.cxx,"(384, 62)-(384, 70)",b'cmUVProcessChain::cmUVProcessChain(cmUVProces...'
Source,../repos/CMake/Source/cmUVProcessChain.cxx,"(392, 29)-(392, 37)",b'cmUVProcessChain::operator=(\n  cmUVProcessCha...'
Source,../repos/CMake/Source/cm_codecvt.cxx,"(50, 40)-(50, 48)",b'codecvt::do_always_noconv() const noexcept'
Source,../repos/CMake/Source/cm_codecvt.cxx,"(242, 36)-(242, 44)",b'codecvt::do_max_length() const noexcept'
Source,../repos/CMake/Source/cm_codecvt.cxx,"(247, 34)-(247, 42)",b'codecvt::do_encoding() const noexcept'
Source,../repos/CMake/Source/cmExecutionStatus.h,"(58, 30)-(58, 38)",b'SetExitCode(int code) noexcept'
Source,../repos/CMake/Source/cmExecutionStatus.h,"(59, 28)-(59, 36)",b'HasExitCode() const noexcept'
Source,../repos/CMake/Source/cmExecutionStatus.h,"(60, 24)-(60, 32)",b'CleanExitCode() noexcept'
Source,../repos/CMake/Source/cmExecutionStatus.h,"(61, 27)-(61, 35)",b'GetExitCode() const noexcept'
Source,../repos/CMake/Source/cmCMakePath.h,"(112, 17)-(112, 25)",b'cmCMakePath() noexcept'
Source,../repos/CMake/Source/cmCMakePath.h,"(116, 35)-(116, 43)",b'cmCMakePath(cmCMakePath&& path) noexcept'
Source,../repos/CMake/Source/cmCMakePath.h,"(121, 42)-(121, 50)",b'cmCMakePath(cm::filesystem::path path) noexcept'
Source,../repos/CMake/Source/cmCMakePath.h,"(125, 68)-(125, 76)","b'cmCMakePath(cm::string_view source, format fm...'"
Source,../repos/CMake/Source/cmCMakePath.h,"(129, 64)-(129, 72)","b'cmCMakePath(const char* source, format fmt = ...'"
Source,../repos/CMake/Source/cmCMakePath.h,"(173, 46)-(173, 54)",b'operator=(cmCMakePath&& path) noexcept'
Source,../repos/CMake/Source/cmCMakePath.h,"(325, 16)-(325, 24)",b'Clear() noexcept'
Source,../repos/CMake/Source/cmCMakePath.h,"(453, 33)-(453, 41)",b'swap(cmCMakePath& other) noexcept'
Source,../repos/CMake/Source/cmCMakePath.h,"(592, 46)-(592, 54)",b'Compare(const cmCMakePath& path) const noexcept'
Source,../repos/CMake/Source/cmCMakePath.h,"(598, 24)-(598, 32)",b'IsEmpty() const noexcept'
Source,../repos/CMake/Source/cmCMakePath.h,"(621, 57)-(621, 65)","b'operator==(const cmCMakePath& lhs,\n          ...'"
Source,../repos/CMake/Source/cmCMakePath.h,"(626, 57)-(626, 65)","b'operator!=(const cmCMakePath& lhs,\n          ...'"
Source,../repos/CMake/Source/cmCMakePath.h,"(641, 58)-(641, 66)",b'hash_value(const cmCMakePath& path) noexcept'
Source,../repos/CMake/Source/cmCMakePath.h,"(762, 54)-(762, 62)","b'swap(cmCMakePath& lhs, cmCMakePath& rhs) noexcept'"
Source,../repos/CMake/Source/cmCMakePath.h,"(767, 56)-(767, 64)",b'hash_value(const cmCMakePath& path) noexcept'
Source,../repos/CMake/Source/cmUVHandlePtr.cxx,"(55, 44)-(55, 52)",b'uv_loop_ptr::operator->() const noexcept'
Source,../repos/CMake/Source/cmUVHandlePtr.cxx,"(126, 47)-(126, 55)",b'uv_handle_ptr_base_<T>::operator->() const no...'
Source,../repos/CMake/Source/cmBuildOptions.h,"(30, 20)-(30, 28)",b'cmBuildOptions() noexcept'
Source,../repos/CMake/Source/cmBuildOptions.h,"(32, 59)-(32, 67)","b'cmBuildOptions(bool clean, bool fast,\n       ...'"
Source,../repos/CMake/Source/cmBuildOptions.h,"(38, 50)-(38, 58)",b'cmBuildOptions(const cmBuildOptions&) noexcept'
Source,../repos/CMake/Source/cmBuildOptions.h,"(39, 52)-(39, 60)",b'operator=(const cmBuildOptions&) noexcept'
Source,../repos/CMake/Source/cmFindPackageCommand.h,"(261, 56)-(261, 64)",b'operator()(argument_type const& s) const noexcept'
Source,../repos/CMake/Source/cmXCOFF.h,"(38, 22)-(38, 30)",b'cmXCOFF(cmXCOFF&&) noexcept'
Source,../repos/CMake/Source/cmXCOFF.h,"(40, 33)-(40, 41)",b'operator=(cmXCOFF&&) noexcept'
Source,../repos/CMake/Source/cmValue.h,"(15, 13)-(15, 21)",b'cmValue() noexcept'
Source,../repos/CMake/Source/cmValue.h,"(16, 27)-(16, 35)",b'cmValue(std::nullptr_t) noexcept'
Source,../repos/CMake/Source/cmValue.h,"(17, 46)-(17, 54)",b'cmValue(const std::string* value) noexcept'
Source,../repos/CMake/Source/cmValue.h,"(21, 46)-(21, 54)",b'cmValue(const std::string& value) noexcept'
Source,../repos/CMake/Source/cmValue.h,"(25, 33)-(25, 41)",b'cmValue(const cmValue& other) noexcept'
Source,../repos/CMake/Source/cmValue.h,"(27, 44)-(27, 52)",b'operator=(const cmValue& other) noexcept'
Source,../repos/CMake/Source/cmValue.h,"(28, 38)-(28, 46)",b'operator=(std::nullptr_t) noexcept'
Source,../repos/CMake/Source/cmValue.h,"(34, 34)-(34, 42)",b'Get() const noexcept'
Source,../repos/CMake/Source/cmValue.h,"(35, 31)-(35, 39)",b'GetCStr() const noexcept'
Source,../repos/CMake/Source/cmValue.h,"(40, 41)-(40, 49)",b'operator->() const noexcept'
Source,../repos/CMake/Source/cmValue.h,"(44, 40)-(44, 48)",b'operator*() const noexcept'
Source,../repos/CMake/Source/cmValue.h,"(49, 34)-(49, 42)",b'() const noexcept'
Source,../repos/CMake/Source/cmValue.h,"(50, 39)-(50, 47)",b'() const noexcept'
Source,../repos/CMake/Source/cmValue.h,"(51, 45)-(51, 53)",b'() const noexcept'
Source,../repos/CMake/Source/cmValue.h,"(59, 21)-(59, 29)",b'IsOn() const noexcept'
Source,../repos/CMake/Source/cmValue.h,"(71, 22)-(71, 30)",b'IsOff() const noexcept'
Source,../repos/CMake/Source/cmValue.h,"(77, 27)-(77, 35)",b'IsNOTFOUND() const noexcept'
Source,../repos/CMake/Source/cmValue.h,"(82, 24)-(82, 32)",b'IsEmpty() const noexcept'
Source,../repos/CMake/Source/cmValue.h,"(92, 31)-(92, 39)",b'IsInternallyOn() const noexcept'
Source,../repos/CMake/Source/cmValue.h,"(98, 22)-(98, 30)",b'IsSet() const noexcept'
Source,../repos/CMake/Source/cmValue.h,"(106, 39)-(106, 47)",b'IsOn(const char* value) noexcept'
Source,../repos/CMake/Source/cmValue.h,"(110, 37)-(110, 45)",b'IsOn(cm::string_view) noexcept'
Source,../repos/CMake/Source/cmValue.h,"(115, 36)-(115, 44)",b'Compare(cmValue value) const noexcept'
Source,../repos/CMake/Source/cmValue.h,"(116, 44)-(116, 52)",b'Compare(cm::string_view value) const noexcept'
Source,../repos/CMake/Source/cmValue.h,"(125, 40)-(125, 48)",b'IsOff(const char* value) noexcept'
Source,../repos/CMake/Source/cmValue.h,"(129, 38)-(129, 46)",b'IsOff(cm::string_view) noexcept'
Source,../repos/CMake/Source/cmValue.h,"(132, 45)-(132, 53)",b'IsNOTFOUND(const char* value) noexcept'
Source,../repos/CMake/Source/cmValue.h,"(136, 43)-(136, 51)",b'IsNOTFOUND(cm::string_view) noexcept'
Source,../repos/CMake/Source/cmValue.h,"(138, 42)-(138, 50)",b'IsEmpty(const char* value) noexcept'
Source,../repos/CMake/Source/cmValue.h,"(142, 46)-(142, 54)",b'IsEmpty(cm::string_view value) noexcept'
Source,../repos/CMake/Source/cmValue.h,"(149, 49)-(149, 57)",b'IsInternallyOn(const char* value) noexcept'
Source,../repos/CMake/Source/cmValue.h,"(153, 47)-(153, 55)",b'IsInternallyOn(cm::string_view) noexcept'
Source,../repos/CMake/Source/cmValue.h,"(162, 46)-(162, 54)","b'operator==(cmValue l, cmValue r) noexcept'"
Source,../repos/CMake/Source/cmValue.h,"(166, 46)-(166, 54)","b'operator!=(cmValue l, cmValue r) noexcept'"
Source,../repos/CMake/Source/cmValue.h,"(170, 45)-(170, 53)","b'operator<(cmValue l, cmValue r) noexcept'"
Source,../repos/CMake/Source/cmValue.h,"(174, 46)-(174, 54)","b'operator<=(cmValue l, cmValue r) noexcept'"
Source,../repos/CMake/Source/cmValue.h,"(178, 45)-(178, 53)","b'operator>(cmValue l, cmValue r) noexcept'"
Source,../repos/CMake/Source/cmValue.h,"(182, 46)-(182, 54)","b'operator>=(cmValue l, cmValue r) noexcept'"
Source,../repos/CMake/Source/cmValue.h,"(187, 54)-(187, 62)","b'operator==(cmValue l, cm::string_view r) noexcept'"
Source,../repos/CMake/Source/cmValue.h,"(191, 54)-(191, 62)","b'operator!=(cmValue l, cm::string_view r) noexcept'"
Source,../repos/CMake/Source/cmValue.h,"(195, 53)-(195, 61)","b'operator<(cmValue l, cm::string_view r) noexcept'"
Source,../repos/CMake/Source/cmValue.h,"(199, 54)-(199, 62)","b'operator<=(cmValue l, cm::string_view r) noexcept'"
Source,../repos/CMake/Source/cmValue.h,"(203, 53)-(203, 61)","b'operator>(cmValue l, cm::string_view r) noexcept'"
Source,../repos/CMake/Source/cmValue.h,"(207, 54)-(207, 62)","b'operator>=(cmValue l, cm::string_view r) noexcept'"
Source,../repos/CMake/Source/cmValue.h,"(212, 51)-(212, 59)","b'operator==(cmValue l, std::nullptr_t) noexcept'"
Source,../repos/CMake/Source/cmValue.h,"(216, 51)-(216, 59)","b'operator!=(cmValue l, std::nullptr_t) noexcept'"
Source,../repos/CMake/Source/cmValue.h,"(220, 50)-(220, 58)","b'operator<(cmValue l, std::nullptr_t) noexcept'"
Source,../repos/CMake/Source/cmValue.h,"(224, 51)-(224, 59)","b'operator<=(cmValue l, std::nullptr_t) noexcept'"
Source,../repos/CMake/Source/cmValue.h,"(228, 50)-(228, 58)","b'operator>(cmValue l, std::nullptr_t) noexcept'"
Source,../repos/CMake/Source/cmValue.h,"(232, 51)-(232, 59)","b'operator>=(cmValue l, std::nullptr_t) noexcept'"
Source,../repos/CMake/Source/cmFileLockPool.h,"(67, 28)-(67, 36)",b'ScopePool(ScopePool&&) noexcept'
Source,../repos/CMake/Source/cmFileLockPool.h,"(69, 39)-(69, 47)",b'operator=(ScopePool&&) noexcept'
Source,../repos/CMake/Source/cmTarget.cxx,"(1170, 32)-(1170, 40)",b'cmTarget::cmTarget(cmTarget&&) noexcept'
Source,../repos/CMake/Source/cmTarget.cxx,"(1173, 43)-(1173, 51)",b'cmTarget::operator=(cmTarget&&) noexcept'
Source,../repos/CMake/Source/CTest/cmUVJobServerClient.h,"(52, 46)-(52, 54)",b'cmUVJobServerClient(cmUVJobServerClient&&) no...'
Source,../repos/CMake/Source/CTest/cmUVJobServerClient.h,"(54, 57)-(54, 65)",b'operator=(cmUVJobServerClient&&) noexcept'
Source,../repos/CMake/Source/CTest/cmUVJobServerClient.cxx,"(475, 65)-(475, 73)",b'cmUVJobServerClient::cmUVJobServerClient(cmUV...'
Source,../repos/CMake/Source/CTest/cmUVJobServerClient.cxx,"(478, 26)-(478, 34)",b'cmUVJobServerClient::operator=(\n  cmUVJobServ...'
Source,../repos/CMake/Source/cmMakefileProfilingData.h,"(21, 30)-(21, 38)",b'~cmMakefileProfilingData() noexcept'
Source,../repos/CMake/Source/cmMakefileProfilingData.h,"(31, 18)-(31, 26)",b'RAII(RAII&&) noexcept'
Source,../repos/CMake/Source/cmMakefileProfilingData.h,"(40, 29)-(40, 37)",b'operator=(RAII&&) noexcept'
Source,../repos/CMake/Source/cmListFileCache.h,"(63, 43)-(63, 51)",b'OriginalName() const noexcept'
Source,../repos/CMake/Source/cmListFileCache.h,"(68, 44)-(68, 52)",b'LowerCaseName() const noexcept'
Source,../repos/CMake/Source/cmListFileCache.h,"(73, 21)-(73, 29)",b'Line() const noexcept'
Source,../repos/CMake/Source/cmListFileCache.h,"(74, 24)-(74, 32)",b'LineEnd() const noexcept'
Source,../repos/CMake/Source/cmListFileCache.h,"(76, 60)-(76, 68)",b'Arguments() const noexcept'
Source,../repos/CMake/Source/cmListFileCache.h,"(118, 52)-(118, 60)",b'cmListFileContext(cmListFileContext&& /*other...'
Source,../repos/CMake/Source/cmListFileCache.h,"(122, 63)-(122, 71)",b'operator=(cmListFileContext&& /*other*/) noexcept'
Source,../repos/CMake/Source/cmListFileCache.h,"(128, 63)-(128, 71)",b'operator=(cmListFileContext&& /*other*/) noexcept'
Source,../repos/CMake/Source/cmMakefileProfilingData.cxx,"(33, 53)-(33, 61)",b'cmMakefileProfilingData::~cmMakefileProfiling...'
Source,../repos/CMake/Source/cmMakefileProfilingData.cxx,"(118, 51)-(118, 59)",b'cmMakefileProfilingData::RAII::RAII(RAII&& ot...'
Source,../repos/CMake/Source/cmMakefileProfilingData.cxx,"(132, 17)-(132, 25)",b'cmMakefileProfilingData::RAII::operator=(\n  R...'
Source,../repos/CMake/Source/cmValue.cxx,"(12, 43)-(12, 51)",b'cmValue::IsOn(cm::string_view value) noexcept'
Source,../repos/CMake/Source/cmValue.cxx,"(39, 44)-(39, 52)",b'cmValue::IsOff(cm::string_view value) noexcept'
Source,../repos/CMake/Source/cmValue.cxx,"(77, 49)-(77, 57)",b'cmValue::IsNOTFOUND(cm::string_view value) no...'
Source,../repos/CMake/Source/cmValue.cxx,"(82, 53)-(82, 61)",b'cmValue::IsInternallyOn(cm::string_view value...'
Source,../repos/CMake/Source/cmValue.cxx,"(91, 43)-(91, 51)",b'cmValue::Compare(cmValue value) const noexcept'
Source,../repos/CMake/Source/cmValue.cxx,"(105, 51)-(105, 59)",b'cmValue::Compare(cm::string_view value) const...'
Source,../repos/CMake/Source/cmTarget.h,"(64, 24)-(64, 32)",b'cmTarget(cmTarget&&) noexcept'
Source,../repos/CMake/Source/cmTarget.h,"(68, 35)-(68, 43)",b'operator=(cmTarget&&) noexcept'
Source,../repos/CMake/Source/cmDebuggerStackFrame.cxx,"(23, 47)-(23, 55)",b'cmDebuggerStackFrame::GetLine() const noexcept'
Source,../repos/CMake/Source/cmDebuggerVariables.h,"(105, 32)-(105, 40)",b'GetId() const noexcept'
Source,../repos/CMake/Source/cmDebuggerVariables.h,"(106, 38)-(106, 46)",b'GetName() const noexcept'
Source,../repos/CMake/Source/cmDebuggerVariables.h,"(107, 39)-(107, 47)",b'GetValue() const noexcept'
Source,../repos/CMake/Source/cmDebuggerVariables.h,"(108, 50)-(108, 58)",b'SetValue(std::string const& value) noexcept'
Source,../repos/CMake/Source/cmDebuggerVariables.h,"(113, 55)-(113, 63)",b'SetIgnoreEmptyStringEntries(bool value) noexcept'
Source,../repos/CMake/Source/cmDebuggerVariables.h,"(117, 44)-(117, 52)",b'SetEnableSorting(bool value) noexcept'
Source,../repos/CMake/Source/cmXCOFF.cxx,"(329, 29)-(329, 37)",b'cmXCOFF::cmXCOFF(cmXCOFF&&) noexcept'
Source,../repos/CMake/Source/cmXCOFF.cxx,"(330, 40)-(330, 48)",b'cmXCOFF::operator=(cmXCOFF&&) noexcept'
