Repo name,File name,Location,Content
Source,../repos/CMake/Source/cmFileAPI.cxx,"(145, 13)-(145, 18)",b'catch (...) {\n      fin.setstate(std::ios::fa...'
Source,../repos/CMake/Source/cmcldeps.cxx,"(37, 18)-(37, 40)","b'Fatal(const char* msg, ...)'"
Source,../repos/CMake/Source/cmConditionEvaluator.h,"(57, 20)-(57, 66)",b'matchKeysImpl(const cmExpandedCommandArgument...'
Source,../repos/CMake/Source/cmConditionEvaluator.h,"(60, 16)-(60, 59)","b'matchKeys(const cmExpandedCommandArgument&, K...'"
Source,../repos/CMake/Source/cmMakefile.h,"(183, 26)-(183, 42)",b'AddGeneratorAction(Args&&... args)'
Source,../repos/CMake/Source/cmQtAutoGenInitializer.cxx,"(299, 11)-(299, 16)",b'catch (...) {\n    return false;\n  }'
Source,../repos/CMake/Source/cmCommandLineArgument.h,"(109, 13)-(111, 35)","b'parse(std::string const& input, T& index,\n   ...'"
Source,../repos/CMake/Source/cmCommandLineArgument.h,"(207, 52)-(207, 72)",b'setToTrue(Values&&... values)'
Source,../repos/CMake/Source/cmCommandLineArgument.h,"(214, 53)-(214, 73)",b'setToValue(Values&&... values)'
Source,../repos/CMake/Source/cmCommandLineArgument.h,"(225, 34)-(225, 68)","b'(const std::string&, CallState...)'"
Source,../repos/CMake/Source/cmCommandLineArgument.h,"(228, 30)-(228, 64)","b'(const std::string&, CallState...)'"
Source,../repos/CMake/Source/cmCommandLineArgument.h,"(231, 23)-(231, 59)","b'(const std::string&, CallState&&...) -> bool'"
Source,../repos/CMake/Source/cmCommandLineArgument.h,"(237, 30)-(237, 64)","b'(const std::string&, CallState...)'"
Source,../repos/CMake/Source/cmCommandLineArgument.h,"(240, 32)-(240, 68)","b'(const std::string&, CallState&&...) -> bool'"
Source,../repos/CMake/Source/cmCommandLineArgument.h,"(247, 30)-(247, 64)","b'(const std::string&, CallState...)'"
Source,../repos/CMake/Source/cmCommandLineArgument.h,"(250, 23)-(250, 63)","b'(const std::string& arg, CallState&&...) -> bool'"
Source,../repos/CMake/Source/cmCommandLineArgument.h,"(256, 30)-(256, 64)","b'(const std::string&, CallState...)'"
Source,../repos/CMake/Source/cmCommandLineArgument.h,"(259, 23)-(259, 63)","b'(const std::string& arg, CallState&&...) -> bool'"
Source,../repos/CMake/Source/CursesDialog/form/form.h,"(321, 31)-(321, 56)","b'set_field_type(FIELD *,FIELDTYPE *,...)'"
Source,../repos/CMake/Source/cmExprParserHelper.cxx,"(58, 11)-(58, 16)","b'catch (...) {\n    std::string e =\n      ""cann...'"
Source,../repos/CMake/Source/cmConditionEvaluator.cxx,"(480, 47)-(481, 64)",b'cmConditionEvaluator::matchKeysImpl(\n  const ...'
Source,../repos/CMake/Source/cmConditionEvaluator.cxx,"(491, 43)-(492, 53)",b'cmConditionEvaluator::matchKeys(\n  const cmEx...'
Source,../repos/CMake/Source/cmList.h,"(731, 19)-(731, 55)","b'emplace(const_iterator pos, Args&&... args)'"
Source,../repos/CMake/Source/cmList.h,"(737, 20)-(737, 36)",b'emplace_back(Args&&... args)'
Source,../repos/CMake/Source/kwsys/Terminal.c,"(51, 28)-(51, 78)","b'kwsysTerminal_cfprintf(int color, FILE* strea...'"
Source,../repos/CMake/Source/cmWorkerPool.h,"(212, 18)-(212, 34)",b'EmplaceJob(Args&&... args)'
Source,../repos/CMake/Source/cmWindowsRegistry.cxx,"(199, 13)-(199, 18)",b'catch (...) {\n      // ignore any exception b...'
Source,../repos/CMake/Source/cmStringAlgorithms.h,"(154, 28)-(154, 56)","b'cmStrCat(A&& a, B&& b, AV&&... args)'"
Source,../repos/CMake/Source/cmCMakeHostSystemInformationCommand.cxx,"(556, 42)-(556, 75)","b'GetValueChained(GetterFn current, Next... chain)'"
Source,../repos/CMake/Source/cmQtAutoGenerator.cxx,"(220, 11)-(220, 16)",b'catch (...) {\n    return false;\n  }'
Source,../repos/CMake/Source/cmFindPackageCommand.cxx,"(397, 20)-(397, 71)","b'ResetGenerator(Generator&& generator, Generat...'"
Source,../repos/CMake/Source/cmFindPackageCommand.cxx,"(412, 23)-(414, 39)",b'TryGeneratedPaths(CallbackFn&& filesCollector...'
Source,../repos/CMake/Source/cmGeneratorExpressionNode.cxx,"(378, 13)-(378, 37)",b'catch (std::invalid_argument&) {\n      report...'
Source,../repos/CMake/Source/cmMakefileProfilingData.cxx,"(39, 13)-(39, 18)","b'catch (...) {\n      cmSystemTools::Error(""Err...'"
Source,../repos/CMake/Source/cmMakefileProfilingData.cxx,"(77, 11)-(77, 16)","b'catch (...) {\n    cmSystemTools::Error(""Error...'"
Source,../repos/CMake/Source/cmMakefileProfilingData.cxx,"(104, 11)-(104, 16)","b'catch (...) {\n    cmSystemTools::Error(""Error...'"
Source,../repos/CMake/Source/cmGlobalGenerator.h,"(64, 23)-(64, 77)","b'AppendStrs(std::vector<std::string>& command,...'"
Source,../repos/CMake/Source/cmGlobalGenerator.h,"(74, 11)-(74, 24)",b'Add(T&&... args)'
