Repo name,File name,Location,Content
Source,../repos/CMake/Source/cmCommand.h,"(84, 40)-(84, 50)",b'unique_ptr<cmCommand>'
Source,../repos/CMake/Source/cmQtAutoGenGlobalInitializer.h,"(49, 22)-(49, 32)",b'unique_ptr<cmLocalGenerator>'
Source,../repos/CMake/Source/cmExecuteProcessCommand.cxx,"(181, 8)-(181, 18)","b'unique_ptr<FILE, int (*)(FILE*)>'"
Source,../repos/CMake/Source/cmExecuteProcessCommand.cxx,"(193, 8)-(193, 18)","b'unique_ptr<FILE, int (*)(FILE*)>'"
Source,../repos/CMake/Source/cmExecuteProcessCommand.cxx,"(209, 8)-(209, 18)","b'unique_ptr<FILE, int (*)(FILE*)>'"
Source,../repos/CMake/Source/cmExecuteProcessCommand.cxx,"(306, 8)-(306, 18)",b'unique_ptr<cmUVStreamReadHandle>'
Source,../repos/CMake/Source/cmExecuteProcessCommand.cxx,"(330, 8)-(330, 18)",b'unique_ptr<cmUVStreamReadHandle>'
Source,../repos/CMake/Source/cmGeneratorTarget.cxx,"(236, 10)-(236, 20)",b'unique_ptr<cmCompiledGeneratorExpression>'
Source,../repos/CMake/Source/cmGeneratorTarget.cxx,"(1633, 14)-(1633, 24)",b'unique_ptr<cmCompiledGeneratorExpression>'
Source,../repos/CMake/Source/cmGeneratorTarget.cxx,"(4235, 16)-(4235, 26)",b'unique_ptr<TargetPropertyEntry>'
Source,../repos/CMake/Source/cmGeneratorTarget.cxx,"(4831, 10)-(4831, 20)",b'unique_ptr<TargetPropertyEntry>'
Source,../repos/CMake/Source/cmGeneratorTarget.cxx,"(4990, 12)-(4990, 22)",b'unique_ptr<TargetPropertyEntry>'
Source,../repos/CMake/Source/cmGeneratorTarget.cxx,"(6364, 8)-(6364, 18)",b'unique_ptr<cmGeneratorExpressionInterpreter>'
Source,../repos/CMake/Source/cmGeneratorTarget.cxx,"(6971, 10)-(6971, 20)",b'unique_ptr<cmCompiledGeneratorExpression>'
Source,../repos/CMake/Source/cmGeneratorTarget.cxx,"(8522, 10)-(8522, 20)",b'unique_ptr<cmCompiledGeneratorExpression>'
Source,../repos/CMake/Source/cmGeneratorTarget.cxx,"(9022, 21)-(9022, 31)",b'unique_ptr<cmCompiledGeneratorExpression>'
Source,../repos/CMake/Source/cmEvaluatedTargetProperty.h,"(50, 20)-(50, 30)",b'unique_ptr<cmGeneratorTarget::TargetPropertyEntry>'
Source,../repos/CMake/Source/cmGraphVizWriter.cxx,"(204, 8)-(204, 18)",b'unique_ptr<cmLocalGenerator>'
Source,../repos/CMake/Source/cmGraphVizWriter.cxx,"(366, 10)-(366, 20)",b'unique_ptr<cmGeneratedFileStream>'
Source,../repos/CMake/Source/cmCMakePresetsGraphReadJSON.cxx,"(110, 30)-(110, 40)",b'unique_ptr<cmCMakePresetsGraph::Condition>'
Source,../repos/CMake/Source/cmCMakePresetsGraphReadJSON.cxx,"(114, 34)-(114, 44)",b'unique_ptr<cmCMakePresetsGraph::Condition>'
Source,../repos/CMake/Source/cmCMakePresetsGraphReadJSON.cxx,"(226, 8)-(226, 18)",b'unique_ptr<cmCMakePresetsGraph::Condition>'
Source,../repos/CMake/Source/cmCMakePresetsGraphReadJSON.cxx,"(386, 8)-(386, 18)",b'unique_ptr<cmCMakePresetsGraph::Condition>'
Source,../repos/CMake/Source/cmGeneratorExpressionEvaluationFile.h,"(25, 10)-(25, 20)",b'unique_ptr<cmCompiledGeneratorExpression>'
Source,../repos/CMake/Source/cmGeneratorExpressionEvaluationFile.h,"(26, 10)-(26, 20)",b'unique_ptr<cmCompiledGeneratorExpression>'
Source,../repos/CMake/Source/cmListCommand.cxx,"(559, 8)-(559, 18)",b'unique_ptr<cmList::TransformSelector>'
Source,../repos/CMake/Source/cmLocalVisualStudio7Generator.cxx,"(1967, 8)-(1967, 18)",b'unique_ptr<cmCustomCommand>'
Source,../repos/CMake/Source/cmLocalNinjaGenerator.cxx,"(754, 10)-(754, 20)",b'unique_ptr<cmCompiledGeneratorExpression>'
Source,../repos/CMake/Source/cmMakefileExecutableTargetGenerator.cxx,"(172, 10)-(172, 20)",b'unique_ptr<cmLinkLineDeviceComputer>'
Source,../repos/CMake/Source/cmMakefileExecutableTargetGenerator.cxx,"(414, 10)-(414, 20)",b'unique_ptr<cmLinkLineComputer>'
Source,../repos/CMake/Source/cmMakefileExecutableTargetGenerator.cxx,"(500, 10)-(500, 20)",b'unique_ptr<cmLinkLineComputer>'
Source,../repos/CMake/Source/cmQtAutoGenInitializer.cxx,"(2372, 14)-(2372, 24)",b'unique_ptr<cmCompiledGeneratorExpression>'
Source,../repos/CMake/Source/cmFileTimes.cxx,"(75, 8)-(75, 18)",b'unique_ptr<Times>'
Source,../repos/CMake/Source/CPack/cpack.cxx,"(538, 16)-(538, 26)",b'unique_ptr<cmCPackGenerator>'
Source,../repos/CMake/Source/CPack/cmCPackGenerator.cxx,"(631, 12)-(631, 22)",b'unique_ptr<cmGlobalGenerator>'
Source,../repos/CMake/Source/CPack/cmCPackGenerator.cxx,"(1141, 8)-(1141, 18)",b'unique_ptr<cmCryptoHash>'
Source,../repos/CMake/Source/CPack/cmCPackGeneratorFactory.cxx,"(142, 8)-(142, 18)",b'unique_ptr<cmCPackGenerator>'
Source,../repos/CMake/Source/CPack/cmCPackExternalGenerator.cxx,"(52, 8)-(52, 18)",b'unique_ptr<Json::StreamWriter>'
Source,../repos/CMake/Source/cmDebuggerThreadManager.cxx,"(19, 8)-(19, 18)",b'shared_ptr<cmDebuggerThread>'
Source,../repos/CMake/Source/cmDebuggerThreadManager.cxx,"(36, 36)-(36, 46)",b'shared_ptr<cmDebuggerThread>'
Source,../repos/CMake/Source/cmSystemTools.cxx,"(624, 8)-(624, 18)",b'unique_ptr<cmUVStreamReadHandle>'
Source,../repos/CMake/Source/cmSystemTools.cxx,"(625, 8)-(625, 18)",b'unique_ptr<cmUVStreamReadHandle>'
Source,../repos/CMake/Source/cmSystemTools.cxx,"(633, 40)-(633, 50)",b'unique_ptr<cmUVStreamReadHandle>'
Source,../repos/CMake/Source/cmSystemTools.cxx,"(2305, 34)-(2305, 44)",b'unique_ptr<cmUVStreamReadHandle>'
Source,../repos/CMake/Source/cmGhsMultiTargetGenerator.cxx,"(299, 8)-(299, 18)",b'unique_ptr<cmLinkLineComputer>'
Source,../repos/CMake/Source/Checks/cm_cxx_make_unique.cxx,"(4, 8)-(4, 18)",b'unique_ptr<int>'
Source,../repos/CMake/Source/Checks/cm_cxx17_check.cpp,"(28, 8)-(28, 18)",b'unique_ptr<int>'
Source,../repos/CMake/Source/Checks/cm_cxx_unique_ptr.cxx,"(4, 8)-(4, 18)",b'unique_ptr<int>'
Source,../repos/CMake/Source/Checks/cm_cxx14_check.cpp,"(13, 8)-(13, 18)",b'unique_ptr<int>'
Source,../repos/CMake/Source/cmDebuggerThread.cxx,"(86, 8)-(86, 18)",b'shared_ptr<cmDebuggerStackFrame>'
Source,../repos/CMake/Source/cmDebuggerThread.cxx,"(87, 8)-(87, 18)",b'shared_ptr<cmDebuggerVariables>'
Source,../repos/CMake/Source/cmList.h,"(897, 17)-(897, 27)",b'unique_ptr<TransformSelector>'
Source,../repos/CMake/Source/cmList.h,"(900, 17)-(900, 27)",b'unique_ptr<TransformSelector>'
Source,../repos/CMake/Source/cmList.h,"(903, 17)-(903, 27)",b'unique_ptr<TransformSelector>'
Source,../repos/CMake/Source/cmList.h,"(906, 17)-(906, 27)",b'unique_ptr<TransformSelector>'
Source,../repos/CMake/Source/cmList.h,"(908, 17)-(908, 27)",b'unique_ptr<TransformSelector>'
Source,../repos/CMake/Source/cmConstStack.h,"(37, 21)-(37, 31)",b'shared_ptr<Entry const>'
Source,../repos/CMake/Source/cmConstStack.h,"(38, 21)-(38, 31)",b'shared_ptr<Entry const>'
Source,../repos/CMake/Source/cmFileCommand.cxx,"(263, 8)-(263, 18)",b'unique_ptr<cmCryptoHash>'
Source,../repos/CMake/Source/cmFileCommand.cxx,"(1870, 8)-(1870, 18)",b'unique_ptr<cmCryptoHash>'
Source,../repos/CMake/Source/cmFileCommand.cxx,"(2578, 8)-(2578, 18)",b'unique_ptr<cmCompiledGeneratorExpression>'
Source,../repos/CMake/Source/cmFileCommand.cxx,"(2583, 8)-(2583, 18)",b'unique_ptr<cmCompiledGeneratorExpression>'
Source,../repos/CMake/Source/cmGlobalXCodeGenerator.cxx,"(540, 8)-(540, 18)",b'unique_ptr<cmLocalGenerator>'
Source,../repos/CMake/Source/cmCTest.cxx,"(1256, 10)-(1256, 20)",b'unique_ptr<cmSystemTools::SaveRestoreEnvironment>'
Source,../repos/CMake/Source/cmCTest.cxx,"(1283, 8)-(1283, 18)",b'unique_ptr<cmSystemTools::SaveRestoreEnvironment>'
Source,../repos/CMake/Source/cmCTest.cxx,"(3516, 46)-(3516, 56)",b'unique_ptr<cmUVStreamReadHandle>'
Source,../repos/CMake/Source/cmExportLibraryDependenciesCommand.cxx,"(32, 8)-(32, 18)",b'unique_ptr<cmsys::ofstream>'
Source,../repos/CMake/Source/cmExportLibraryDependenciesCommand.cxx,"(37, 10)-(37, 20)",b'unique_ptr<cmGeneratedFileStream>'
Source,../repos/CMake/Source/cmMakefile.cxx,"(1023, 29)-(1023, 39)",b'unique_ptr<cmExportBuildFileGenerator>'
Source,../repos/CMake/Source/cmMakefile.cxx,"(3406, 10)-(3406, 20)",b'unique_ptr<cmFunctionBlocker>'
Source,../repos/CMake/Source/cmMakefile.cxx,"(4369, 8)-(4369, 18)",b'unique_ptr<cmTarget>'
Source,../repos/CMake/Source/cmStringCommand.cxx,"(62, 8)-(62, 18)",b'unique_ptr<cmCryptoHash>'
Source,../repos/CMake/Source/cmMachO.cxx,"(282, 8)-(282, 18)",b'unique_ptr<cmMachOHeaderAndLoadCommands>'
Source,../repos/CMake/Source/cmMachO.cxx,"(335, 8)-(335, 18)",b'unique_ptr<cmMachOHeaderAndLoadCommands>'
Source,../repos/CMake/Source/cmLocalUnixMakefileGenerator3.cxx,"(166, 10)-(166, 20)",b'unique_ptr<cmMakefileTargetGenerator>'
Source,../repos/CMake/Source/cmLocalUnixMakefileGenerator3.cxx,"(1578, 10)-(1578, 20)",b'unique_ptr<cmDepends>'
Source,../repos/CMake/Source/cmGlobalGhsMultiGenerator.cxx,"(654, 20)-(654, 30)",b'unique_ptr<cmLocalGenerator>'
Source,../repos/CMake/Source/cmLocalVisualStudioGenerator.cxx,"(91, 8)-(91, 18)",b'unique_ptr<cmCustomCommand>'
Source,../repos/CMake/Source/cmCustomCommandGenerator.cxx,"(89, 10)-(89, 20)",b'unique_ptr<cmCompiledGeneratorExpression>'
Source,../repos/CMake/Source/cmCustomCommandGenerator.cxx,"(139, 10)-(139, 20)",b'unique_ptr<cmCompiledGeneratorExpression>'
Source,../repos/CMake/Source/cmCustomCommandGenerator.cxx,"(149, 8)-(149, 18)",b'unique_ptr<cmCompiledGeneratorExpression>'
Source,../repos/CMake/Source/cmCustomCommandGenerator.cxx,"(157, 8)-(157, 18)",b'unique_ptr<cmCompiledGeneratorExpression>'
Source,../repos/CMake/Source/cmGlobalVisualStudio8Generator.cxx,"(248, 20)-(248, 30)",b'unique_ptr<cmLocalGenerator>'
Source,../repos/CMake/Source/cmFileAPICodemodel.cxx,"(1995, 8)-(1995, 18)",b'unique_ptr<cmLinkLineComputer>'
Source,../repos/CMake/Source/cmDebuggerAdapter.h,"(52, 26)-(52, 36)",b'shared_ptr<cmDebuggerConnection>'
Source,../repos/CMake/Source/cmDebuggerAdapter.h,"(54, 26)-(54, 36)",b'shared_ptr<cmDebuggerConnection>'
Source,../repos/CMake/Source/cmDebuggerAdapter.h,"(55, 39)-(55, 49)",b'shared_ptr<dap::Writer>'
Source,../repos/CMake/Source/cmGeneratorExpressionEvaluationFile.cxx,"(169, 8)-(169, 18)",b'unique_ptr<cmCompiledGeneratorExpression>'
Source,../repos/CMake/Source/cmUVHandlePtr.cxx,"(326, 8)-(326, 18)",b'unique_ptr<write_req>'
Source,../repos/CMake/Source/cmCMakePresetsGraphInternal.h,"(173, 8)-(173, 18)",b'shared_ptr<cmCMakePresetsGraph::Condition>'
Source,../repos/CMake/Source/cmList.cxx,"(714, 8)-(714, 18)",b'unique_ptr<::TransformSelector>'
Source,../repos/CMake/Source/cmList.cxx,"(728, 8)-(728, 18)",b'unique_ptr<::TransformSelector>'
Source,../repos/CMake/Source/cmUVStream.h,"(118, 15)-(118, 25)",b'unique_ptr<cmUVStreamReadHandle>'
Source,../repos/CMake/Source/cmExportTryCompileFileGenerator.cxx,"(74, 8)-(74, 18)",b'unique_ptr<cmGeneratorExpressionDAGChecker>'
Source,../repos/CMake/Source/cmExportTryCompileFileGenerator.cxx,"(84, 8)-(84, 18)",b'unique_ptr<cmCompiledGeneratorExpression>'
Source,../repos/CMake/Source/cmExportFileGenerator.cxx,"(80, 8)-(80, 18)",b'unique_ptr<cmsys::ofstream>'
Source,../repos/CMake/Source/cmExportFileGenerator.cxx,"(88, 10)-(88, 20)",b'unique_ptr<cmGeneratedFileStream>'
Source,../repos/CMake/Source/cmExportFileGenerator.cxx,"(405, 8)-(405, 18)",b'unique_ptr<cmCompiledGeneratorExpression>'
Source,../repos/CMake/Source/cmTarget.cxx,"(2602, 33)-(2602, 43)",b'unique_ptr<cmTarget>'
Source,../repos/CMake/Source/cmGlobalGenerator.cxx,"(1449, 34)-(1449, 44)",b'unique_ptr<cmMakefile>'
Source,../repos/CMake/Source/cmGlobalGenerator.cxx,"(1502, 22)-(1502, 32)",b'unique_ptr<cmExportBuildFileGenerator>'
Source,../repos/CMake/Source/cmFileSet.cxx,"(126, 20)-(126, 30)",b'unique_ptr<cmCompiledGeneratorExpression>'
Source,../repos/CMake/Source/cmFileSet.cxx,"(142, 20)-(142, 30)",b'unique_ptr<cmCompiledGeneratorExpression>'
Source,../repos/CMake/Source/CTest/cmCTestMultiProcessHandler.cxx,"(1327, 8)-(1327, 18)",b'unique_ptr<Json::StreamWriter>'
Source,../repos/CMake/Source/CTest/cmCTestUpdateHandler.cxx,"(141, 8)-(141, 18)",b'unique_ptr<cmCTestVC>'
Source,../repos/CMake/Source/CTest/cmCTestBuildHandler.cxx,"(853, 43)-(853, 53)",b'unique_ptr<cmUVStreamReadHandle>'
Source,../repos/CMake/Source/CTest/cmCTestCoverageHandler.cxx,"(1884, 8)-(1884, 18)","b'unique_ptr<FILE, int (*)(FILE*)>'"
Source,../repos/CMake/Source/CTest/cmCTestCoverageHandler.cxx,"(1886, 8)-(1886, 18)","b'unique_ptr<FILE, int (*)(FILE*)>'"
Source,../repos/CMake/Source/CTest/cmProcess.h,"(33, 27)-(33, 37)",b'unique_ptr<cmCTestRunTest>'
Source,../repos/CMake/Source/CTest/cmUVJobServerClient.h,"(44, 28)-(44, 38)",b'unique_ptr<Impl>'
Source,../repos/CMake/Source/CTest/cmCTestLaunch.cxx,"(190, 8)-(190, 18)",b'unique_ptr<cmUVStreamReadHandle>'
Source,../repos/CMake/Source/CTest/cmCTestLaunch.cxx,"(191, 8)-(191, 18)",b'unique_ptr<cmUVStreamReadHandle>'
Source,../repos/CMake/Source/CTest/cmCTestLaunch.cxx,"(196, 40)-(196, 50)",b'unique_ptr<cmUVStreamReadHandle>'
Source,../repos/CMake/Source/cmInstallGetRuntimeDependenciesGenerator.cxx,"(185, 30)-(185, 40)",b'unique_ptr<cmInstallRuntimeDependencySet::Item>'
Source,../repos/CMake/Source/cmDebuggerAdapter.cxx,"(271, 12)-(271, 22)",b'shared_ptr<cmDebuggerStackFrame>'
Source,../repos/CMake/Source/cmDebuggerAdapter.cxx,"(431, 13)-(431, 23)",b'shared_ptr<cmListFileFunction>'
Source,../repos/CMake/Source/cmake.cxx,"(767, 8)-(767, 18)",b'unique_ptr<cmGlobalGenerator>'
Source,../repos/CMake/Source/cmake.cxx,"(2001, 18)-(2001, 28)",b'unique_ptr<cmExternalMakefileProjectGenerator>'
Source,../repos/CMake/Source/cmake.cxx,"(2003, 8)-(2003, 18)",b'unique_ptr<cmExternalMakefileProjectGenerator>'
Source,../repos/CMake/Source/cmake.cxx,"(2007, 8)-(2007, 18)",b'unique_ptr<cmGlobalGenerator>'
Source,../repos/CMake/Source/cmake.cxx,"(3273, 10)-(3273, 20)",b'unique_ptr<cmGlobalGenerator>'
Source,../repos/CMake/Source/cmake.cxx,"(3875, 8)-(3875, 18)",b'unique_ptr<cmGlobalGenerator>'
Source,../repos/CMake/Source/cmGeneratorExpressionNode.cxx,"(61, 8)-(61, 18)",b'unique_ptr<cmCompiledGeneratorExpression>'
Source,../repos/CMake/Source/cmGeneratorExpressionNode.cxx,"(1562, 22)-(1562, 32)",b'unique_ptr<cmList::TransformSelector>'
Source,../repos/CMake/Source/cmGeneratorExpressionNode.cxx,"(1562, 22)-(1562, 32)",b'unique_ptr<cmList::TransformSelector>'
Source,../repos/CMake/Source/cmGeneratorExpressionNode.cxx,"(1562, 22)-(1562, 32)",b'unique_ptr<cmList::TransformSelector>'
Source,../repos/CMake/Source/QtDialog/CMakeSetupDialog.cxx,"(1354, 8)-(1354, 18)",b'unique_ptr<QMenu>'
Source,../repos/CMake/Source/cmVisualStudio10TargetGenerator.cxx,"(1748, 8)-(1748, 18)",b'unique_ptr<Elem>'
Source,../repos/CMake/Source/cmVisualStudio10TargetGenerator.cxx,"(1749, 8)-(1749, 18)",b'unique_ptr<Elem>'
Source,../repos/CMake/Source/cmVisualStudio10TargetGenerator.cxx,"(2130, 10)-(2130, 20)",b'unique_ptr<cmCompiledGeneratorExpression>'
Source,../repos/CMake/Source/cmVisualStudio10TargetGenerator.cxx,"(2229, 12)-(2229, 22)",b'unique_ptr<cmCompiledGeneratorExpression>'
Source,../repos/CMake/Source/cmVisualStudio10TargetGenerator.cxx,"(2242, 12)-(2242, 22)",b'unique_ptr<cmCompiledGeneratorExpression>'
Source,../repos/CMake/Source/cmVisualStudio10TargetGenerator.cxx,"(2256, 12)-(2256, 22)",b'unique_ptr<cmCompiledGeneratorExpression>'
Source,../repos/CMake/Source/cmVisualStudio10TargetGenerator.cxx,"(2370, 12)-(2370, 22)",b'unique_ptr<cmCompiledGeneratorExpression>'
Source,../repos/CMake/Source/cmVisualStudio10TargetGenerator.cxx,"(3219, 8)-(3219, 18)",b'unique_ptr<Options>'
Source,../repos/CMake/Source/cmVisualStudio10TargetGenerator.cxx,"(4878, 8)-(4878, 18)",b'unique_ptr<Elem>'
Source,../repos/CMake/Source/cmDyndepCollation.cxx,"(216, 30)-(216, 40)",b'unique_ptr<cmTargetExport>'
Source,../repos/CMake/Source/cmDyndepCollation.cxx,"(421, 20)-(421, 30)",b'unique_ptr<cmGeneratedFileStream>'
Source,../repos/CMake/Source/cmDyndepCollation.cxx,"(424, 10)-(424, 20)",b'unique_ptr<cmGeneratedFileStream>'
Source,../repos/CMake/Source/cmDyndepCollation.cxx,"(440, 8)-(440, 18)",b'unique_ptr<cmGeneratedFileStream>'
Source,../repos/CMake/Source/cmELF.cxx,"(209, 43)-(209, 53)",b'unique_ptr<std::istream>'
Source,../repos/CMake/Source/cmLocalGenerator.h,"(729, 36)-(729, 46)",b'unique_ptr<cmCustomCommand>'
Source,../repos/CMake/Source/cmLocalGenerator.h,"(733, 45)-(733, 55)",b'unique_ptr<cmCustomCommand>'
Source,../repos/CMake/Source/cmLocalGenerator.h,"(744, 47)-(744, 57)",b'unique_ptr<cmCustomCommand>'
Source,../repos/CMake/Source/cmExternalMakefileProjectGenerator.h,"(106, 10)-(106, 20)",b'unique_ptr<cmExternalMakefileProjectGenerator>'
Source,../repos/CMake/Source/cmLocalGenerator.cxx,"(4739, 8)-(4739, 18)",b'unique_ptr<cmCompiledGeneratorExpression>'
Source,../repos/CMake/Source/cmDebuggerVariables.h,"(99, 10)-(99, 20)",b'shared_ptr<cmDebuggerVariablesManager>'
Source,../repos/CMake/Source/cmDebuggerVariables.h,"(102, 10)-(102, 20)",b'shared_ptr<cmDebuggerVariablesManager>'
Source,../repos/CMake/Source/cmXCOFF.cxx,"(132, 32)-(132, 42)",b'unique_ptr<std::iostream>'
Source,../repos/CMake/Source/cmDebuggerThread.h,"(56, 10)-(56, 20)",b'shared_ptr<cmDebuggerThread>'
Source,../repos/CMake/Source/cmExportCommand.cxx,"(310, 8)-(310, 18)",b'unique_ptr<cmExportBuildFileGenerator>'
Source,../repos/CMake/Source/cmInstallCommand.cxx,"(742, 10)-(742, 20)",b'unique_ptr<cmInstallTargetGenerator>'
Source,../repos/CMake/Source/cmInstallCommand.cxx,"(743, 10)-(743, 20)",b'unique_ptr<cmInstallTargetGenerator>'
Source,../repos/CMake/Source/cmInstallCommand.cxx,"(744, 10)-(744, 20)",b'unique_ptr<cmInstallTargetGenerator>'
Source,../repos/CMake/Source/cmInstallCommand.cxx,"(745, 10)-(745, 20)",b'unique_ptr<cmInstallTargetGenerator>'
Source,../repos/CMake/Source/cmInstallCommand.cxx,"(746, 10)-(746, 20)",b'unique_ptr<cmInstallTargetGenerator>'
Source,../repos/CMake/Source/cmInstallCommand.cxx,"(747, 10)-(747, 20)",b'unique_ptr<cmInstallTargetGenerator>'
Source,../repos/CMake/Source/cmInstallCommand.cxx,"(748, 10)-(748, 20)",b'unique_ptr<cmInstallTargetGenerator>'
Source,../repos/CMake/Source/cmInstallCommand.cxx,"(749, 10)-(749, 20)",b'unique_ptr<cmInstallTargetGenerator>'
Source,../repos/CMake/Source/cmInstallCommand.cxx,"(750, 10)-(750, 20)",b'unique_ptr<cmInstallFilesGenerator>'
Source,../repos/CMake/Source/cmInstallCommand.cxx,"(751, 10)-(751, 20)",b'unique_ptr<cmInstallFilesGenerator>'
Source,../repos/CMake/Source/cmInstallCommand.cxx,"(752, 10)-(752, 20)",b'unique_ptr<cmInstallFilesGenerator>'
Source,../repos/CMake/Source/cmInstallCommand.cxx,"(753, 22)-(753, 32)",b'unique_ptr<cmInstallFileSetGenerator>'
Source,../repos/CMake/Source/cmInstallCommand.cxx,"(754, 10)-(754, 20)",b'unique_ptr<cmInstallCxxModuleBmiGenerator>'
Source,../repos/CMake/Source/cmInstallCommand.cxx,"(1418, 13)-(1418, 23)",b'unique_ptr<cmInstallImportedRuntimeArtifactsG...'
Source,../repos/CMake/Source/cmInstallCommand.cxx,"(1431, 10)-(1431, 20)",b'unique_ptr<cmInstallImportedRuntimeArtifactsG...'
Source,../repos/CMake/Source/cmInstallCommand.cxx,"(1433, 10)-(1433, 20)",b'unique_ptr<cmInstallImportedRuntimeArtifactsG...'
Source,../repos/CMake/Source/cmInstallCommand.cxx,"(1435, 10)-(1435, 20)",b'unique_ptr<cmInstallImportedRuntimeArtifactsG...'
Source,../repos/CMake/Source/cmInstallCommand.cxx,"(1437, 10)-(1437, 20)",b'unique_ptr<cmInstallImportedRuntimeArtifactsG...'
Source,../repos/CMake/Source/cmNinjaNormalTargetGenerator.cxx,"(1300, 8)-(1300, 18)",b'unique_ptr<cmLinkLineComputer>'
Source,../repos/CMake/Source/cmMakefileLibraryTargetGenerator.cxx,"(177, 8)-(177, 18)",b'unique_ptr<cmLinkLineComputer>'
Source,../repos/CMake/Source/cmMakefileLibraryTargetGenerator.cxx,"(212, 8)-(212, 18)",b'unique_ptr<cmLinkLineComputer>'
Source,../repos/CMake/Source/cmMakefileLibraryTargetGenerator.cxx,"(321, 10)-(321, 20)",b'unique_ptr<cmLinkLineDeviceComputer>'
Source,../repos/CMake/Source/cmMakefileLibraryTargetGenerator.cxx,"(717, 12)-(717, 22)",b'unique_ptr<cmLinkLineComputer>'
Source,../repos/CMake/Source/cmMakefileTargetGenerator.cxx,"(91, 8)-(91, 18)",b'unique_ptr<cmMakefileTargetGenerator>'
Source,../repos/CMake/Source/cmQtAutoMocUic.cxx,"(875, 8)-(875, 18)",b'unique_ptr<std::string>'
Source,../repos/CMake/Source/cmQtAutoMocUic.cxx,"(1771, 8)-(1771, 18)",b'unique_ptr<std::string>'
Source,../repos/CMake/Source/cmQtAutoMocUic.cxx,"(1927, 10)-(1927, 20)",b'unique_ptr<std::string>'
Source,../repos/CMake/Source/cmSourceGroupCommand.cxx,"(288, 28)-(288, 38)",b'unique_ptr<cmSourceFile>'
