Repo name,File name,Location,Content
Source,../repos/CMake/Source/cmFileAPI.cxx,"(166, 1)-(203, 2)",b'std::string cmFileAPI::WriteJsonFile(\n  Json:...'
Source,../repos/CMake/Source/cmGlobalNinjaGenerator.h,"(106, 3)-(106, 56)",b'bool IsIPOSupported() const override { return...'
Source,../repos/CMake/Source/cmGlobalNinjaGenerator.h,"(185, 3)-(188, 4)",b'std::string GetName() const override\n  {\n    ...'
Source,../repos/CMake/Source/cmGlobalNinjaGenerator.h,"(192, 3)-(192, 49)",b'bool IsNinja() const override { return true; }'
Source,../repos/CMake/Source/cmGlobalNinjaGenerator.h,"(211, 3)-(211, 66)",b'const char* GetAllTargetName() const override...'
Source,../repos/CMake/Source/cmGlobalNinjaGenerator.h,"(212, 3)-(212, 74)",b'const char* GetInstallTargetName() const over...'
Source,../repos/CMake/Source/cmGlobalNinjaGenerator.h,"(213, 3)-(216, 4)",b'const char* GetInstallLocalTargetName() const...'
Source,../repos/CMake/Source/cmGlobalNinjaGenerator.h,"(217, 3)-(220, 4)",b'const char* GetInstallStripTargetName() const...'
Source,../repos/CMake/Source/cmGlobalNinjaGenerator.h,"(221, 3)-(221, 68)",b'const char* GetTestTargetName() const overrid...'
Source,../repos/CMake/Source/cmGlobalNinjaGenerator.h,"(222, 3)-(222, 74)",b'const char* GetPackageTargetName() const over...'
Source,../repos/CMake/Source/cmGlobalNinjaGenerator.h,"(223, 3)-(226, 4)",b'const char* GetPackageSourceTargetName() cons...'
Source,../repos/CMake/Source/cmGlobalNinjaGenerator.h,"(227, 3)-(230, 4)",b'const char* GetRebuildCacheTargetName() const...'
Source,../repos/CMake/Source/cmGlobalNinjaGenerator.h,"(231, 3)-(231, 70)",b'const char* GetCleanTargetName() const overri...'
Source,../repos/CMake/Source/cmGlobalNinjaGenerator.h,"(233, 3)-(233, 70)",b'bool SupportsCustomCommandDepfile() const ove...'
Source,../repos/CMake/Source/cmGlobalNinjaGenerator.h,"(234, 3)-(237, 4)",b'cm::optional<cmDepfileFormat> DepfileFormat()...'
Source,../repos/CMake/Source/cmGlobalNinjaGenerator.h,"(239, 3)-(239, 70)",b'bool SupportsLinkerDependencyFile() const ove...'
Source,../repos/CMake/Source/cmGlobalNinjaGenerator.h,"(486, 3)-(486, 77)",b'bool CheckALLOW_DUPLICATE_CUSTOM_TARGETS() co...'
Source,../repos/CMake/Source/cmGlobalNinjaGenerator.h,"(667, 3)-(667, 55)",b'bool IsMultiConfig() const override { return ...'
Source,../repos/CMake/Source/cmGlobalNinjaGenerator.h,"(676, 3)-(679, 4)",b'std::string GetName() const override\n  {\n    ...'
Source,../repos/CMake/Source/cmGlobalNinjaGenerator.h,"(683, 3)-(690, 4)",b'std::string BuildAlias(const std::string& ali...'
Source,../repos/CMake/Source/cmGlobalNinjaGenerator.h,"(692, 3)-(698, 4)",b'std::string ConfigDirectory(const std::string...'
Source,../repos/CMake/Source/cmGlobalNinjaGenerator.h,"(700, 3)-(700, 80)",b'const char* GetCMakeCFGIntDir() const overrid...'
Source,../repos/CMake/Source/cmGlobalNinjaGenerator.h,"(705, 3)-(709, 4)",b'cmGeneratedFileStream* GetImplFileStream(\n   ...'
Source,../repos/CMake/Source/cmGlobalNinjaGenerator.h,"(711, 3)-(715, 4)",b'cmGeneratedFileStream* GetConfigFileStream(\n ...'
Source,../repos/CMake/Source/cmGlobalNinjaGenerator.h,"(717, 3)-(720, 4)",b'cmGeneratedFileStream* GetDefaultFileStream()...'
Source,../repos/CMake/Source/cmGlobalNinjaGenerator.h,"(722, 3)-(725, 4)",b'cmGeneratedFileStream* GetCommonFileStream() ...'
Source,../repos/CMake/Source/cmGlobalNinjaGenerator.h,"(741, 3)-(741, 66)",b'bool SupportsDefaultBuildType() const overrid...'
Source,../repos/CMake/Source/cmGlobalNinjaGenerator.h,"(742, 3)-(742, 62)",b'bool SupportsCrossConfigs() const override { ...'
Source,../repos/CMake/Source/cmGlobalNinjaGenerator.h,"(743, 3)-(743, 64)",b'bool SupportsDefaultConfigs() const override ...'
Source,../repos/CMake/Source/cmGeneratorTarget.cxx,"(109, 3)-(115, 4)",b'const std::string& Evaluate(cmLocalGenerator*...'
Source,../repos/CMake/Source/cmGeneratorTarget.cxx,"(117, 3)-(120, 4)",b'cmListFileBacktrace GetBacktrace() const over...'
Source,../repos/CMake/Source/cmGeneratorTarget.cxx,"(121, 3)-(124, 4)",b'std::string const& GetInput() const override\n...'
Source,../repos/CMake/Source/cmGeneratorTarget.cxx,"(140, 3)-(147, 4)",b'const std::string& Evaluate(cmLocalGenerator*...'
Source,../repos/CMake/Source/cmGeneratorTarget.cxx,"(149, 3)-(152, 4)",b'cmListFileBacktrace GetBacktrace() const over...'
Source,../repos/CMake/Source/cmGeneratorTarget.cxx,"(154, 3)-(154, 80)",b'std::string const& GetInput() const override ...'
Source,../repos/CMake/Source/cmGeneratorTarget.cxx,"(156, 3)-(159, 4)",b'bool GetHadContextSensitiveCondition() const ...'
Source,../repos/CMake/Source/cmGeneratorTarget.cxx,"(181, 3)-(199, 4)",b'const std::string& Evaluate(cmLocalGenerator*...'
Source,../repos/CMake/Source/cmGeneratorTarget.cxx,"(201, 3)-(204, 4)",b'cmListFileBacktrace GetBacktrace() const over...'
Source,../repos/CMake/Source/cmGeneratorTarget.cxx,"(206, 3)-(209, 4)",b'std::string const& GetInput() const override\n...'
Source,../repos/CMake/Source/cmGeneratorTarget.cxx,"(211, 3)-(215, 4)",b'bool GetHadContextSensitiveCondition() const ...'
Source,../repos/CMake/Source/cmGeneratorTarget.cxx,"(5439, 1)-(5547, 2)",b'cmGeneratorTarget::NameComponents const&\ncmGe...'
Source,../repos/CMake/Source/cmGeneratorTarget.cxx,"(8362, 1)-(8390, 2)",b'void TransitiveLinkImpl::Compute()\n{\n  // Sav...'
Source,../repos/CMake/Source/cmGeneratorTarget.cxx,"(9114, 1)-(9187, 2)",b'std::string cmGeneratorTarget::GenerateHeader...'
Source,../repos/CMake/Source/cmGlobalVisualStudio7Generator.h,"(94, 3)-(97, 4)",b'const char* GetCMakeCFGIntDir() const overrid...'
Source,../repos/CMake/Source/cmGlobalVisualStudio7Generator.h,"(194, 3)-(194, 79)",b'std::string GetVSMakeProgram() override { ret...'
Source,../repos/CMake/Source/cmQTWrapCPPCommand.cxx,"(18, 1)-(90, 2)",b'bool cmQTWrapCPPCommand(std::vector<std::stri...'
Source,../repos/CMake/Source/cmTargetLinkDirectoriesCommand.cxx,"(23, 3)-(29, 4)",b'void HandleMissingTarget(const std::string& n...'
Source,../repos/CMake/Source/cmTargetLinkDirectoriesCommand.cxx,"(33, 3)-(41, 4)","b'bool HandleDirectContent(cmTarget* tgt,\n     ...'"
Source,../repos/CMake/Source/cmGlobalCommonGenerator.h,"(57, 3)-(57, 79)",b'const char* GetEditCacheTargetName() const ov...'
Source,../repos/CMake/Source/cmTimestamp.cxx,"(31, 1)-(59, 2)",b'std::string cmTimestamp::CurrentTime(const st...'
Source,../repos/CMake/Source/cmGlobalVisualStudio12Generator.cxx,"(40, 3)-(64, 4)",b'std::unique_ptr<cmGlobalGenerator> CreateGlob...'
Source,../repos/CMake/Source/cmGlobalVisualStudio12Generator.cxx,"(66, 3)-(71, 4)",b'cmDocumentationEntry GetDocumentation() const...'
Source,../repos/CMake/Source/cmGlobalVisualStudio12Generator.cxx,"(73, 3)-(78, 4)",b'std::vector<std::string> GetGeneratorNames() ...'
Source,../repos/CMake/Source/cmGlobalVisualStudio12Generator.cxx,"(80, 3)-(86, 4)",b'std::vector<std::string> GetGeneratorNamesWit...'
Source,../repos/CMake/Source/cmGlobalVisualStudio12Generator.cxx,"(88, 3)-(88, 57)",b'bool SupportsToolset() const override { retur...'
Source,../repos/CMake/Source/cmGlobalVisualStudio12Generator.cxx,"(89, 3)-(89, 58)",b'bool SupportsPlatform() const override { retu...'
Source,../repos/CMake/Source/cmGlobalVisualStudio12Generator.cxx,"(91, 3)-(98, 4)",b'std::vector<std::string> GetKnownPlatforms() ...'
Source,../repos/CMake/Source/cmGlobalVisualStudio12Generator.cxx,"(100, 3)-(100, 74)",b'std::string GetDefaultPlatformName() const ov...'
Source,../repos/CMake/Source/cmGlobalGeneratorFactory.h,"(58, 3)-(65, 4)",b'std::unique_ptr<cmGlobalGenerator> CreateGlob...'
Source,../repos/CMake/Source/cmGlobalGeneratorFactory.h,"(68, 3)-(71, 4)",b'cmDocumentationEntry GetDocumentation() const...'
Source,../repos/CMake/Source/cmGlobalGeneratorFactory.h,"(74, 3)-(77, 4)",b'std::vector<std::string> GetGeneratorNames() ...'
Source,../repos/CMake/Source/cmGlobalGeneratorFactory.h,"(78, 3)-(81, 4)",b'std::vector<std::string> GetGeneratorNamesWit...'
Source,../repos/CMake/Source/cmGlobalGeneratorFactory.h,"(84, 3)-(84, 73)",b'bool SupportsToolset() const override { retur...'
Source,../repos/CMake/Source/cmGlobalGeneratorFactory.h,"(87, 3)-(87, 75)",b'bool SupportsPlatform() const override { retu...'
Source,../repos/CMake/Source/cmGlobalGeneratorFactory.h,"(90, 3)-(94, 4)",b'std::vector<std::string> GetKnownPlatforms() ...'
Source,../repos/CMake/Source/cmGlobalGeneratorFactory.h,"(96, 3)-(96, 69)",b'std::string GetDefaultPlatformName() const ov...'
Source,../repos/CMake/Source/cmInstallImportedRuntimeArtifactsGenerator.h,"(24, 3)-(24, 68)",b'~cmInstallImportedRuntimeArtifactsGenerator()...'
Source,../repos/CMake/Source/cmcmd.cxx,"(249, 3)-(261, 4)",b'bool ProcessLine() override\n  {\n    if (cmHas...'
Source,../repos/CMake/Source/cmcmd.cxx,"(276, 3)-(280, 4)",b'bool ProcessLine() override\n  {\n    *this->Lo...'
Source,../repos/CMake/Source/cmcmd.cxx,"(1883, 1)-(1966, 2)",b'int cmcmd::ExecuteLinkScript(std::vector<std:...'
Source,../repos/CMake/Source/cmcmd.cxx,"(2394, 1)-(2492, 2)",b'int cmVSLink::LinkIncremental()\n{\n  // This f...'
Source,../repos/CMake/Source/cmLocalVisualStudio7Generator.cxx,"(2192, 3)-(2192, 61)",b'void EndElement(const std::string& /* name */...'
Source,../repos/CMake/Source/cmLocalVisualStudio7Generator.cxx,"(2193, 3)-(2217, 4)","b'void StartElement(const std::string& name, co...'"
Source,../repos/CMake/Source/cmLocalVisualStudio7Generator.cxx,"(2218, 3)-(2228, 4)",b'int InitializeParser() override\n  {\n    int r...'
Source,../repos/CMake/Source/cmFileCopier.cxx,"(650, 1)-(730, 2)",b'bool cmFileCopier::InstallDirectory(const std...'
Source,../repos/CMake/Source/cmTargetCompileFeaturesCommand.cxx,"(22, 3)-(28, 4)",b'void HandleMissingTarget(const std::string& n...'
Source,../repos/CMake/Source/cmTargetCompileFeaturesCommand.cxx,"(30, 3)-(43, 4)","b'bool HandleDirectContent(cmTarget* tgt,\n     ...'"
Source,../repos/CMake/Source/cmTargetCompileFeaturesCommand.cxx,"(45, 3)-(48, 4)",b'std::string Join(const std::vector<std::strin...'
Source,../repos/CMake/Source/cmGlobalVisualStudioVersionedGenerator.h,"(51, 3)-(54, 4)",b'bool CheckCxxModuleSupport(CxxModuleSupportQu...'
Source,../repos/CMake/Source/cmGlobalVisualStudioVersionedGenerator.h,"(55, 3)-(58, 4)",b'bool SupportsCxxModuleDyndep() const override...'
Source,../repos/CMake/Source/cmExportBuildFileGenerator.h,"(105, 3)-(105, 73)",b'cmExportSet* GetExportSet() const override { ...'
Source,../repos/CMake/Source/cmLoadCommandCommand.cxx,"(139, 3)-(145, 4)",b'std::unique_ptr<cmCommand> Clone() override\n ...'
Source,../repos/CMake/Source/cmGeneratorExpressionEvaluator.h,"(50, 3)-(54, 4)",b'std::string Evaluate(cmGeneratorExpressionCon...'
Source,../repos/CMake/Source/cmGeneratorExpressionEvaluator.h,"(56, 3)-(59, 4)",b'Type GetType() const override\n  {\n    return ...'
Source,../repos/CMake/Source/cmGeneratorExpressionEvaluator.h,"(85, 3)-(88, 4)",b'Type GetType() const override\n  {\n    return ...'
Source,../repos/CMake/Source/cmTargetPrecompileHeadersCommand.cxx,"(47, 3)-(56, 4)","b'bool HandleDirectContent(cmTarget* tgt,\n     ...'"
Source,../repos/CMake/Source/cmTargetPrecompileHeadersCommand.cxx,"(58, 3)-(65, 4)","b'void HandleInterfaceContent(cmTarget* tgt,\n  ...'"
Source,../repos/CMake/Source/cmTargetPrecompileHeadersCommand.cxx,"(67, 3)-(73, 4)",b'void HandleMissingTarget(const std::string& n...'
Source,../repos/CMake/Source/cmTargetPrecompileHeadersCommand.cxx,"(75, 3)-(78, 4)",b'std::string Join(const std::vector<std::strin...'
Source,../repos/CMake/Source/cmGlobalXCodeGenerator.h,"(50, 3)-(53, 4)",b'std::string GetName() const override\n  {\n    ...'
Source,../repos/CMake/Source/cmGlobalXCodeGenerator.h,"(108, 3)-(108, 49)",b'bool IsXcode() const override { return true; }'
Source,../repos/CMake/Source/cmGlobalXCodeGenerator.h,"(113, 3)-(113, 56)",b'bool IsIPOSupported() const override { return...'
Source,../repos/CMake/Source/cmGlobalXCodeGenerator.h,"(122, 3)-(122, 70)",b'bool SupportsCustomCommandDepfile() const ove...'
Source,../repos/CMake/Source/cmGlobalXCodeGenerator.h,"(123, 3)-(128, 4)",b'cm::optional<cmDepfileFormat> DepfileFormat()...'
Source,../repos/CMake/Source/cmGlobalXCodeGenerator.h,"(322, 3)-(322, 74)",b'const char* GetInstallTargetName() const over...'
Source,../repos/CMake/Source/cmGlobalXCodeGenerator.h,"(323, 3)-(323, 74)",b'const char* GetPackageTargetName() const over...'
Source,../repos/CMake/Source/cmGlobalXCodeGenerator.h,"(339, 3)-(342, 4)","b'void PrintCompilerAdvice(std::ostream&, std::...'"
Source,../repos/CMake/Source/cmGlobalVisualStudio10Generator.h,"(31, 3)-(31, 65)",b'bool IsVisualStudioAtLeast10() const override...'
Source,../repos/CMake/Source/cmGlobalVisualStudio10Generator.h,"(97, 3)-(100, 4)",b'cm::optional<std::string> GetPlatformToolsetF...'
Source,../repos/CMake/Source/cmGlobalVisualStudio10Generator.h,"(122, 3)-(122, 77)",b'bool TargetsWindowsCE() const override { retu...'
Source,../repos/CMake/Source/cmGlobalVisualStudio10Generator.h,"(133, 3)-(133, 80)",b'const char* GetCMakeCFGIntDir() const overrid...'
Source,../repos/CMake/Source/cmGlobalVisualStudio10Generator.h,"(152, 3)-(152, 56)",b'bool IsIPOSupported() const override { return...'
Source,../repos/CMake/Source/cmGlobalVisualStudio10Generator.h,"(270, 3)-(270, 80)",b'std::string GetVSMakeProgram() override { ret...'
Source,../repos/CMake/Source/cmGlobalVisualStudio10Generator.h,"(298, 3)-(298, 63)",b'std::string GetUserMacrosDirectory() override...'
Source,../repos/CMake/Source/cmExportTryCompileFileGenerator.h,"(35, 3)-(38, 4)",b'void GenerateImportTargetsConfig(std::ostream...'
Source,../repos/CMake/Source/cmExportTryCompileFileGenerator.h,"(39, 3)-(42, 4)","b'void HandleMissingTarget(std::string&, cmGene...'"
Source,../repos/CMake/Source/cmExportTryCompileFileGenerator.h,"(58, 3)-(58, 69)",b'std::string GetCxxModulesDirectory() const ov...'
Source,../repos/CMake/Source/cmExportTryCompileFileGenerator.h,"(59, 3)-(62, 4)",b'void GenerateCxxModuleConfigInformation(std::...'
Source,../repos/CMake/Source/CPack/WiX/cmCPackWIXGenerator.h,"(36, 3)-(36, 63)",b'const char* GetOutputExtension() override { r...'
Source,../repos/CMake/Source/CPack/WiX/cmCPackWIXGenerator.h,"(38, 3)-(41, 4)",b'enum CPackSetDestdirSupport SupportsSetDestdi...'
Source,../repos/CMake/Source/CPack/WiX/cmCPackWIXGenerator.h,"(43, 3)-(43, 70)",b'bool SupportsAbsoluteDestination() const over...'
Source,../repos/CMake/Source/CPack/WiX/cmCPackWIXGenerator.h,"(45, 3)-(45, 71)",b'bool SupportsComponentInstallation() const ov...'
Source,../repos/CMake/Source/CPack/IFW/cmCPackIFWInstaller.cxx,"(373, 3)-(379, 4)","b'void StartElement(const std::string& name, co...'"
Source,../repos/CMake/Source/CPack/IFW/cmCPackIFWInstaller.cxx,"(381, 3)-(392, 4)","b'void CharacterDataHandler(const char* data, i...'"
Source,../repos/CMake/Source/CPack/IFW/cmCPackIFWInstaller.cxx,"(394, 3)-(394, 59)",b'void EndElement(const std::string& /*name*/) ...'
Source,../repos/CMake/Source/CPack/IFW/cmCPackIFWRepository.cxx,"(127, 3)-(131, 4)","b'void StartElement(const std::string& name, co...'"
Source,../repos/CMake/Source/CPack/IFW/cmCPackIFWRepository.cxx,"(142, 3)-(156, 4)",b'void EndElement(const std::string& name) over...'
Source,../repos/CMake/Source/CPack/IFW/cmCPackIFWRepository.cxx,"(158, 3)-(166, 4)","b'void CharacterDataHandler(const char* data, i...'"
Source,../repos/CMake/Source/CPack/cmCPackArchiveGenerator.cxx,"(401, 1)-(432, 2)",b'int cmCPackArchiveGenerator::PackageComponent...'
Source,../repos/CMake/Source/CPack/cmCPackArchiveGenerator.cxx,"(493, 1)-(505, 2)",b'int cmCPackArchiveGenerator::GetThreadCount()...'
Source,../repos/CMake/Source/CPack/cmCPackRPMGenerator.h,"(63, 3)-(63, 63)",b'const char* GetOutputExtension() override { r...'
Source,../repos/CMake/Source/CPack/cpack.cxx,"(90, 1)-(624, 2)","b'int main(int argc, char const* const* argv)\n{...'"
Source,../repos/CMake/Source/CPack/cmCPackGenerator.cxx,"(713, 1)-(973, 2)",b'int cmCPackGenerator::InstallCMakeProject(\n  ...'
Source,../repos/CMake/Source/CPack/cmCPackGenerator.cxx,"(1028, 1)-(1196, 2)",b'int cmCPackGenerator::DoPackage()\n{\n  cmCPack...'
Source,../repos/CMake/Source/CPack/cmCPackGenerator.cxx,"(1378, 1)-(1452, 2)",b'int cmCPackGenerator::PrepareGroupingKind()\n{...'
Source,../repos/CMake/Source/CPack/cmCPackDragNDropGenerator.cxx,"(268, 1)-(703, 2)",b'int cmCPackDragNDropGenerator::CreateDMG(cons...'
Source,../repos/CMake/Source/CPack/cmCPackArchiveGenerator.h,"(85, 3)-(85, 78)",b'const char* GetNameOfClass() override { retur...'
Source,../repos/CMake/Source/CPack/cmCPackArchiveGenerator.h,"(87, 3)-(90, 4)",b'const char* GetOutputExtension() override\n  {...'
Source,../repos/CMake/Source/CPack/cmCPackExternalGenerator.h,"(25, 3)-(25, 64)",b'const char* GetOutputExtension() override { r...'
Source,../repos/CMake/Source/CPack/cmCPackExternalGenerator.h,"(82, 5)-(82, 49)",b'int GetVersionMajor() override { return 1; }'
Source,../repos/CMake/Source/CPack/cmCPackExternalGenerator.h,"(83, 5)-(83, 49)",b'int GetVersionMinor() override { return 0; }'
Source,../repos/CMake/Source/CPack/cmCPackInnoSetupGenerator.h,"(40, 3)-(40, 70)",b'inline const char* GetOutputExtension() overr...'
Source,../repos/CMake/Source/CPack/cmCPackInnoSetupGenerator.h,"(42, 3)-(46, 4)",b'inline cmCPackGenerator::CPackSetDestdirSuppo...'
Source,../repos/CMake/Source/CPack/cmCPackInnoSetupGenerator.h,"(48, 3)-(48, 77)",b'inline bool SupportsAbsoluteDestination() con...'
Source,../repos/CMake/Source/CPack/cmCPackInnoSetupGenerator.h,"(49, 3)-(49, 78)",b'inline bool SupportsComponentInstallation() c...'
Source,../repos/CMake/Source/CPack/cmCPackFreeBSDGenerator.cxx,"(188, 3)-(191, 4)",b'void write_value(cmGeneratedFileStream& s) co...'
Source,../repos/CMake/Source/CPack/cmCPackFreeBSDGenerator.cxx,"(220, 3)-(231, 4)",b'void write_value(cmGeneratedFileStream& s) co...'
Source,../repos/CMake/Source/CPack/cmCPackFreeBSDGenerator.cxx,"(245, 3)-(252, 4)",b'void write_value(cmGeneratedFileStream& s) co...'
Source,../repos/CMake/Source/CPack/cmCPackPKGGenerator.h,"(37, 3)-(37, 63)",b'const char* GetOutputPostfix() override { ret...'
Source,../repos/CMake/Source/CPack/cmCPackDebGenerator.h,"(60, 3)-(60, 63)",b'const char* GetOutputExtension() override { r...'
Source,../repos/CMake/Source/CPack/cmCPackNuGetGenerator.h,"(23, 3)-(23, 65)",b'const char* GetOutputExtension() override { r...'
Source,../repos/CMake/Source/CPack/cmCPackNuGetGenerator.h,"(24, 3)-(24, 70)",b'bool SupportsAbsoluteDestination() const over...'
Source,../repos/CMake/Source/CPack/cmCPackProductBuildGenerator.h,"(33, 3)-(33, 63)",b'const char* GetOutputExtension() override { r...'
Source,../repos/CMake/Source/CPack/cmCPackNSISGenerator.h,"(44, 3)-(44, 63)",b'const char* GetOutputExtension() override { r...'
Source,../repos/CMake/Source/CPack/cmCPackNSISGenerator.h,"(45, 3)-(45, 62)",b'const char* GetOutputPostfix() override { ret...'
Source,../repos/CMake/Source/CPack/cmCPackBundleGenerator.cxx,"(52, 1)-(159, 2)",b'int cmCPackBundleGenerator::ConstructBundle()...'
Source,../repos/CMake/Source/CursesDialog/ccmake.cxx,"(63, 1)-(196, 2)","b'int main(int argc, char const* const* argv)\n{...'"
Source,../repos/CMake/Source/CursesDialog/cmCursesMainForm.h,"(71, 3)-(71, 74)",b'void UpdateStatusBar() override { this->Updat...'
Source,../repos/CMake/Source/cmCommonTargetGenerator.cxx,"(353, 1)-(494, 2)",b'std::string cmCommonTargetGenerator::Generate...'
Source,../repos/CMake/Source/cmExportBuildAndroidMKGenerator.h,"(43, 3)-(43, 59)",b'void GeneratePolicyHeaderCode(std::ostream&) ...'
Source,../repos/CMake/Source/cmExportBuildAndroidMKGenerator.h,"(44, 3)-(44, 59)",b'void GeneratePolicyFooterCode(std::ostream&) ...'
Source,../repos/CMake/Source/cmExportBuildAndroidMKGenerator.h,"(58, 3)-(58, 62)",b'void GenerateFindDependencyCalls(std::ostream...'
Source,../repos/CMake/Source/cmGlobalJOMMakefileGenerator.h,"(32, 3)-(35, 4)",b'std::string GetName() const override\n  {\n    ...'
Source,../repos/CMake/Source/cmGlobalJOMMakefileGenerator.h,"(50, 3)-(50, 66)",b'bool IsGNUMakeJobServerAware() const override...'
Source,../repos/CMake/Source/cmTargetCompileDefinitionsCommand.cxx,"(20, 3)-(26, 4)",b'void HandleMissingTarget(const std::string& n...'
Source,../repos/CMake/Source/cmTargetCompileDefinitionsCommand.cxx,"(28, 3)-(35, 4)","b'bool HandleDirectContent(cmTarget* tgt,\n     ...'"
Source,../repos/CMake/Source/cmTargetCompileDefinitionsCommand.cxx,"(37, 3)-(50, 4)",b'std::string Join(const std::vector<std::strin...'
Source,../repos/CMake/Source/cmOutputRequiredFilesCommand.cxx,"(460, 1)-(491, 2)",b'bool cmOutputRequiredFilesCommand(std::vector...'
Source,../repos/CMake/Source/cmNinjaTargetGenerator.cxx,"(187, 1)-(284, 2)",b'std::string cmNinjaTargetGenerator::ComputeFl...'
Source,../repos/CMake/Source/kwsys/MD5.c,"(367, 1)-(407, 2)","b'static void md5_append(md5_state_t* pms, cons...'"
Source,../repos/CMake/Source/kwsys/System.c,"(94, 1)-(225, 2)",b'static char** kwsysSystem__ParseUnixCommand(c...'
Source,../repos/CMake/Source/kwsys/SystemTools.cxx,"(3621, 1)-(3659, 4)",b'std::string SystemTools::RelativePath(const s...'
Source,../repos/CMake/Source/cmMacroCommand.cxx,"(145, 3)-(145, 74)",b'cm::string_view StartCommandName() const over...'
Source,../repos/CMake/Source/cmMacroCommand.cxx,"(146, 3)-(146, 75)",b'cm::string_view EndCommandName() const overri...'
Source,../repos/CMake/Source/cmFunctionCommand.cxx,"(136, 3)-(136, 77)",b'cm::string_view StartCommandName() const over...'
Source,../repos/CMake/Source/cmFunctionCommand.cxx,"(137, 3)-(137, 78)",b'cm::string_view EndCommandName() const overri...'
Source,../repos/CMake/Source/cmFileCommand.cxx,"(3307, 1)-(3432, 2)",b'bool HandleConfigureCommand(std::vector<std::...'
Source,../repos/CMake/Source/cmGlobalXCodeGenerator.cxx,"(79, 3)-(82, 4)","b'void StartElement(const std::string&, const c...'"
Source,../repos/CMake/Source/cmGlobalXCodeGenerator.cxx,"(83, 3)-(92, 4)",b'void EndElement(const std::string& name) over...'
Source,../repos/CMake/Source/cmGlobalXCodeGenerator.cxx,"(93, 3)-(96, 4)","b'void CharacterDataHandler(const char* data, i...'"
Source,../repos/CMake/Source/cmGlobalXCodeGenerator.cxx,"(152, 3)-(155, 4)",b'cmDocumentationEntry GetDocumentation() const...'
Source,../repos/CMake/Source/cmGlobalXCodeGenerator.cxx,"(157, 3)-(162, 4)",b'std::vector<std::string> GetGeneratorNames() ...'
Source,../repos/CMake/Source/cmGlobalXCodeGenerator.cxx,"(164, 3)-(167, 4)",b'std::vector<std::string> GetGeneratorNamesWit...'
Source,../repos/CMake/Source/cmGlobalXCodeGenerator.cxx,"(169, 3)-(169, 57)",b'bool SupportsToolset() const override { retur...'
Source,../repos/CMake/Source/cmGlobalXCodeGenerator.cxx,"(170, 3)-(170, 59)",b'bool SupportsPlatform() const override { retu...'
Source,../repos/CMake/Source/cmGlobalXCodeGenerator.cxx,"(172, 3)-(175, 4)",b'std::vector<std::string> GetKnownPlatforms() ...'
Source,../repos/CMake/Source/cmGlobalXCodeGenerator.cxx,"(177, 3)-(177, 80)",b'std::string GetDefaultPlatformName() const ov...'
Source,../repos/CMake/Source/cmGlobalXCodeGenerator.cxx,"(935, 1)-(1043, 2)",b'cmXCodeObject* cmGlobalXCodeGenerator::Create...'
Source,../repos/CMake/Source/cmGlobalXCodeGenerator.cxx,"(1205, 1)-(1296, 2)",b'cmXCodeObject* cmGlobalXCodeGenerator::Create...'
Source,../repos/CMake/Source/cmWorkerPool.h,"(141, 5)-(141, 31)",b'void Process() override {}'
Source,../repos/CMake/Source/cmWorkerPool.h,"(153, 5)-(153, 55)",b'void Process() override { this->Pool()->Abort(); }'
Source,../repos/CMake/Source/cmWindowsRegistry.cxx,"(98, 3)-(98, 40)",b'~registry_error() override = default;'
Source,../repos/CMake/Source/cmWindowsRegistry.cxx,"(100, 3)-(100, 70)",b'const char* what() const noexcept override { ...'
Source,../repos/CMake/Source/cmWindowsRegistry.cxx,"(329, 1)-(360, 2)",b'std::vector<std::string> KeyHandler::GetValue...'
Source,../repos/CMake/Source/cmWindowsRegistry.cxx,"(362, 1)-(387, 2)",b'std::vector<std::string> KeyHandler::GetSubKe...'
Source,../repos/CMake/Source/cmMakefile.cxx,"(1873, 1)-(1927, 2)",b'void cmMakefile::ConfigureSubDirectory(cmMake...'
Source,../repos/CMake/Source/cmMakefile.cxx,"(3717, 1)-(3848, 2)",b'int cmMakefile::TryCompile(const std::string&...'
Source,../repos/CMake/Source/cmMakefile.cxx,"(4069, 1)-(4176, 2)",b'int cmMakefile::ConfigureFile(const std::stri...'
Source,../repos/CMake/Source/cmQTWrapUICommand.cxx,"(18, 1)-(118, 2)",b'bool cmQTWrapUICommand(std::vector<std::strin...'
Source,../repos/CMake/Source/cmMachO.cxx,"(136, 3)-(150, 4)",b'bool read_mach_o(cmsys::ifstream& fin) overri...'
Source,../repos/CMake/Source/cmInstallFilesCommand.cxx,"(27, 1)-(61, 2)",b'bool cmInstallFilesCommand(std::vector<std::s...'
Source,../repos/CMake/Source/cmMessenger.cxx,"(182, 1)-(196, 2)","b'void cmMessenger::IssueMessage(MessageType t,...'"
Source,../repos/CMake/Source/cmOrderDirectories.cxx,"(156, 3)-(165, 4)",b'void Report(std::ostream& e) override\n  {\n   ...'
Source,../repos/CMake/Source/cmOrderDirectories.cxx,"(211, 3)-(214, 4)",b'void Report(std::ostream& e) override\n  {\n   ...'
Source,../repos/CMake/Source/cmTargetLinkOptionsCommand.cxx,"(21, 3)-(27, 4)",b'void HandleMissingTarget(const std::string& n...'
Source,../repos/CMake/Source/cmTargetLinkOptionsCommand.cxx,"(29, 3)-(36, 4)","b'bool HandleDirectContent(cmTarget* tgt,\n     ...'"
Source,../repos/CMake/Source/cmTargetLinkOptionsCommand.cxx,"(38, 3)-(41, 4)",b'std::string Join(const std::vector<std::strin...'
Source,../repos/CMake/Source/cmTargetIncludeDirectoriesCommand.cxx,"(24, 3)-(30, 4)",b'void HandleMissingTarget(const std::string& n...'
Source,../repos/CMake/Source/cmGlobalUnixMakefileGenerator3.h,"(78, 3)-(81, 4)",b'std::string GetName() const override\n  {\n    ...'
Source,../repos/CMake/Source/cmGlobalUnixMakefileGenerator3.h,"(100, 3)-(100, 70)",b'bool SupportsCustomCommandDepfile() const ove...'
Source,../repos/CMake/Source/cmGlobalUnixMakefileGenerator3.h,"(106, 3)-(106, 70)",b'bool SupportsLinkerDependencyFile() const ove...'
Source,../repos/CMake/Source/cmGlobalUnixMakefileGenerator3.h,"(123, 3)-(123, 65)",b'bool IsGNUMakeJobServerAware() const override...'
Source,../repos/CMake/Source/cmGlobalUnixMakefileGenerator3.h,"(196, 3)-(196, 56)",b'bool IsIPOSupported() const override { return...'
Source,../repos/CMake/Source/cmGlobalUnixMakefileGenerator3.h,"(227, 3)-(227, 66)",b'const char* GetAllTargetName() const override...'
Source,../repos/CMake/Source/cmGlobalUnixMakefileGenerator3.h,"(228, 3)-(228, 74)",b'const char* GetInstallTargetName() const over...'
Source,../repos/CMake/Source/cmGlobalUnixMakefileGenerator3.h,"(229, 3)-(232, 4)",b'const char* GetInstallLocalTargetName() const...'
Source,../repos/CMake/Source/cmGlobalUnixMakefileGenerator3.h,"(233, 3)-(236, 4)",b'const char* GetInstallStripTargetName() const...'
Source,../repos/CMake/Source/cmGlobalUnixMakefileGenerator3.h,"(237, 3)-(237, 80)",b'const char* GetPreinstallTargetName() const o...'
Source,../repos/CMake/Source/cmGlobalUnixMakefileGenerator3.h,"(238, 3)-(238, 68)",b'const char* GetTestTargetName() const overrid...'
Source,../repos/CMake/Source/cmGlobalUnixMakefileGenerator3.h,"(239, 3)-(239, 74)",b'const char* GetPackageTargetName() const over...'
Source,../repos/CMake/Source/cmGlobalUnixMakefileGenerator3.h,"(240, 3)-(243, 4)",b'const char* GetPackageSourceTargetName() cons...'
Source,../repos/CMake/Source/cmGlobalUnixMakefileGenerator3.h,"(244, 3)-(247, 4)",b'const char* GetRebuildCacheTargetName() const...'
Source,../repos/CMake/Source/cmGlobalUnixMakefileGenerator3.h,"(248, 3)-(248, 70)",b'const char* GetCleanTargetName() const overri...'
Source,../repos/CMake/Source/cmGlobalUnixMakefileGenerator3.h,"(250, 3)-(250, 77)",b'bool CheckALLOW_DUPLICATE_CUSTOM_TARGETS() co...'
Source,../repos/CMake/Source/cmGlobalUnixMakefileGenerator3.h,"(292, 3)-(292, 73)",b'const char* GetBuildIgnoreErrorsFlag() const ...'
Source,../repos/CMake/Source/cmComputeLinkInformation.cxx,"(739, 3)-(752, 4)",b'std::string ExpandVariable(std::string const&...'
Source,../repos/CMake/Source/cmExtraSublimeTextGenerator.cxx,"(346, 1)-(380, 2)",b'std::string cmExtraSublimeTextGenerator::Comp...'
Source,../repos/CMake/Source/cmGlobalWatcomWMakeGenerator.h,"(34, 3)-(37, 4)",b'std::string GetName() const override\n  {\n    ...'
Source,../repos/CMake/Source/cmGlobalWatcomWMakeGenerator.h,"(53, 3)-(53, 59)",b'bool AllowNotParallel() const override { retu...'
Source,../repos/CMake/Source/cmGlobalWatcomWMakeGenerator.h,"(54, 3)-(54, 61)",b'bool AllowDeleteOnError() const override { re...'
Source,../repos/CMake/Source/cmGlobalWatcomWMakeGenerator.h,"(56, 3)-(56, 66)",b'bool IsGNUMakeJobServerAware() const override...'
Source,../repos/CMake/Source/cmCMakePresetsGraphInternal.h,"(59, 3)-(64, 4)",b'bool Evaluate(const std::vector<MacroExpander...'
Source,../repos/CMake/Source/cmCMakePresetsGraphInternal.h,"(66, 3)-(66, 48)",b'bool IsNull() const override { return true; }'
Source,../repos/CMake/Source/cmCMakePresetsGraphInternal.h,"(72, 3)-(77, 4)",b'bool Evaluate(const std::vector<MacroExpander...'
Source,../repos/CMake/Source/cmCMakePresetsGraph.h,"(107, 5)-(107, 43)",b'~ConfigurePreset() override = default;'
Source,../repos/CMake/Source/cmCMakePresetsGraph.h,"(157, 5)-(157, 39)",b'~BuildPreset() override = default;'
Source,../repos/CMake/Source/cmCMakePresetsGraph.h,"(189, 5)-(189, 38)",b'~TestPreset() override = default;'
Source,../repos/CMake/Source/cmCMakePresetsGraph.h,"(323, 5)-(323, 41)",b'~PackagePreset() override = default;'
Source,../repos/CMake/Source/cmCMakePresetsGraph.h,"(360, 5)-(360, 42)",b'~WorkflowPreset() override = default;'
Source,../repos/CMake/Source/cmList.cxx,"(211, 3)-(211, 43)",b'~TransformSelector() override = default;'
Source,../repos/CMake/Source/cmList.cxx,"(215, 3)-(215, 61)",b'const std::string& GetTag() override { return...'
Source,../repos/CMake/Source/cmList.cxx,"(242, 3)-(242, 55)",b'bool Validate(std::size_t) override { return ...'
Source,../repos/CMake/Source/cmList.cxx,"(244, 3)-(244, 65)",b'bool InSelection(const std::string&) override...'
Source,../repos/CMake/Source/cmList.cxx,"(260, 3)-(260, 73)",b'bool Validate(std::size_t) override { return ...'
Source,../repos/CMake/Source/cmList.cxx,"(262, 3)-(265, 4)",b'bool InSelection(const std::string& value) ov...'
Source,../repos/CMake/Source/cmList.cxx,"(274, 3)-(274, 65)",b'bool InSelection(const std::string&) override...'
Source,../repos/CMake/Source/cmList.cxx,"(276, 3)-(284, 4)",b'void Transform(std::vector<std::string>& list...'
Source,../repos/CMake/Source/cmList.cxx,"(329, 3)-(339, 4)",b'bool Validate(std::size_t count) override\n  {...'
Source,../repos/CMake/Source/cmList.cxx,"(352, 3)-(382, 4)",b'bool Validate(std::size_t count) override\n  {...'
Source,../repos/CMake/Source/cmList.cxx,"(415, 3)-(420, 4)","b'void Initialize(TransformSelector* selector,\n...'"
Source,../repos/CMake/Source/cmList.cxx,"(421, 3)-(425, 4)","b'void Initialize(TransformSelector* selector,\n...'"
Source,../repos/CMake/Source/cmList.cxx,"(427, 3)-(434, 4)",b'std::string operator()(const std::string& s) ...'
Source,../repos/CMake/Source/cmList.cxx,"(444, 3)-(449, 4)","b'void Initialize(TransformSelector* selector,\n...'"
Source,../repos/CMake/Source/cmList.cxx,"(450, 3)-(454, 4)","b'void Initialize(TransformSelector* selector,\n...'"
Source,../repos/CMake/Source/cmList.cxx,"(456, 3)-(463, 4)",b'std::string operator()(const std::string& s) ...'
Source,../repos/CMake/Source/cmList.cxx,"(471, 3)-(478, 4)",b'std::string operator()(const std::string& s) ...'
Source,../repos/CMake/Source/cmList.cxx,"(483, 3)-(490, 4)",b'std::string operator()(const std::string& s) ...'
Source,../repos/CMake/Source/cmList.cxx,"(495, 3)-(502, 4)",b'std::string operator()(const std::string& s) ...'
Source,../repos/CMake/Source/cmList.cxx,"(507, 3)-(515, 4)",b'std::string operator()(const std::string& s) ...'
Source,../repos/CMake/Source/cmList.cxx,"(522, 3)-(539, 4)","b'void Initialize(TransformSelector* selector, ...'"
Source,../repos/CMake/Source/cmList.cxx,"(540, 3)-(544, 4)","b'void Initialize(TransformSelector* selector,\n...'"
Source,../repos/CMake/Source/cmList.cxx,"(546, 3)-(562, 4)",b'std::string operator()(const std::string& s) ...'
Source,../repos/CMake/Source/cmGlobalVisualStudio14Generator.h,"(26, 3)-(29, 4)",b'const char* GetAndroidApplicationTypeRevision...'
Source,../repos/CMake/Source/cmGlobalVisualStudioVersionedGenerator.cxx,"(222, 3)-(249, 4)",b'std::unique_ptr<cmGlobalGenerator> CreateGlob...'
Source,../repos/CMake/Source/cmGlobalVisualStudioVersionedGenerator.cxx,"(251, 3)-(256, 4)",b'cmDocumentationEntry GetDocumentation() const...'
Source,../repos/CMake/Source/cmGlobalVisualStudioVersionedGenerator.cxx,"(258, 3)-(263, 4)",b'std::vector<std::string> GetGeneratorNames() ...'
Source,../repos/CMake/Source/cmGlobalVisualStudioVersionedGenerator.cxx,"(265, 3)-(271, 4)",b'std::vector<std::string> GetGeneratorNamesWit...'
Source,../repos/CMake/Source/cmGlobalVisualStudioVersionedGenerator.cxx,"(273, 3)-(273, 57)",b'bool SupportsToolset() const override { retur...'
Source,../repos/CMake/Source/cmGlobalVisualStudioVersionedGenerator.cxx,"(274, 3)-(274, 58)",b'bool SupportsPlatform() const override { retu...'
Source,../repos/CMake/Source/cmGlobalVisualStudioVersionedGenerator.cxx,"(276, 3)-(284, 4)",b'std::vector<std::string> GetKnownPlatforms() ...'
Source,../repos/CMake/Source/cmGlobalVisualStudioVersionedGenerator.cxx,"(286, 3)-(286, 74)",b'std::string GetDefaultPlatformName() const ov...'
Source,../repos/CMake/Source/cmGlobalVisualStudioVersionedGenerator.cxx,"(331, 3)-(345, 4)",b'std::unique_ptr<cmGlobalGenerator> CreateGlob...'
Source,../repos/CMake/Source/cmGlobalVisualStudioVersionedGenerator.cxx,"(347, 3)-(352, 4)",b'cmDocumentationEntry GetDocumentation() const...'
Source,../repos/CMake/Source/cmGlobalVisualStudioVersionedGenerator.cxx,"(354, 3)-(359, 4)",b'std::vector<std::string> GetGeneratorNames() ...'
Source,../repos/CMake/Source/cmGlobalVisualStudioVersionedGenerator.cxx,"(361, 3)-(364, 4)",b'std::vector<std::string> GetGeneratorNamesWit...'
Source,../repos/CMake/Source/cmGlobalVisualStudioVersionedGenerator.cxx,"(366, 3)-(366, 57)",b'bool SupportsToolset() const override { retur...'
Source,../repos/CMake/Source/cmGlobalVisualStudioVersionedGenerator.cxx,"(367, 3)-(367, 58)",b'bool SupportsPlatform() const override { retu...'
Source,../repos/CMake/Source/cmGlobalVisualStudioVersionedGenerator.cxx,"(369, 3)-(378, 4)",b'std::vector<std::string> GetKnownPlatforms() ...'
Source,../repos/CMake/Source/cmGlobalVisualStudioVersionedGenerator.cxx,"(380, 3)-(383, 4)",b'std::string GetDefaultPlatformName() const ov...'
Source,../repos/CMake/Source/cmGlobalVisualStudioVersionedGenerator.cxx,"(396, 3)-(410, 4)",b'std::unique_ptr<cmGlobalGenerator> CreateGlob...'
Source,../repos/CMake/Source/cmGlobalVisualStudioVersionedGenerator.cxx,"(412, 3)-(417, 4)",b'cmDocumentationEntry GetDocumentation() const...'
Source,../repos/CMake/Source/cmGlobalVisualStudioVersionedGenerator.cxx,"(419, 3)-(424, 4)",b'std::vector<std::string> GetGeneratorNames() ...'
Source,../repos/CMake/Source/cmGlobalVisualStudioVersionedGenerator.cxx,"(426, 3)-(429, 4)",b'std::vector<std::string> GetGeneratorNamesWit...'
Source,../repos/CMake/Source/cmGlobalVisualStudioVersionedGenerator.cxx,"(431, 3)-(431, 57)",b'bool SupportsToolset() const override { retur...'
Source,../repos/CMake/Source/cmGlobalVisualStudioVersionedGenerator.cxx,"(432, 3)-(432, 58)",b'bool SupportsPlatform() const override { retu...'
Source,../repos/CMake/Source/cmGlobalVisualStudioVersionedGenerator.cxx,"(434, 3)-(443, 4)",b'std::vector<std::string> GetKnownPlatforms() ...'
Source,../repos/CMake/Source/cmGlobalVisualStudioVersionedGenerator.cxx,"(445, 3)-(448, 4)",b'std::string GetDefaultPlatformName() const ov...'
Source,../repos/CMake/Source/cmInstallProgramsCommand.cxx,"(23, 1)-(46, 2)",b'bool cmInstallProgramsCommand(std::vector<std...'
Source,../repos/CMake/Source/cmGlobalVisualStudio9Generator.cxx,"(23, 3)-(63, 4)",b'std::unique_ptr<cmGlobalGenerator> CreateGlob...'
Source,../repos/CMake/Source/cmGlobalVisualStudio9Generator.cxx,"(65, 3)-(70, 4)",b'cmDocumentationEntry GetDocumentation() const...'
Source,../repos/CMake/Source/cmGlobalVisualStudio9Generator.cxx,"(72, 3)-(77, 4)",b'std::vector<std::string> GetGeneratorNames() ...'
Source,../repos/CMake/Source/cmGlobalVisualStudio9Generator.cxx,"(79, 3)-(92, 4)",b'std::vector<std::string> GetGeneratorNamesWit...'
Source,../repos/CMake/Source/cmGlobalVisualStudio9Generator.cxx,"(94, 3)-(94, 58)",b'bool SupportsToolset() const override { retur...'
Source,../repos/CMake/Source/cmGlobalVisualStudio9Generator.cxx,"(95, 3)-(95, 58)",b'bool SupportsPlatform() const override { retu...'
Source,../repos/CMake/Source/cmGlobalVisualStudio9Generator.cxx,"(97, 3)-(111, 4)",b'std::vector<std::string> GetKnownPlatforms() ...'
Source,../repos/CMake/Source/cmGlobalVisualStudio9Generator.cxx,"(113, 3)-(113, 74)",b'std::string GetDefaultPlatformName() const ov...'
Source,../repos/CMake/Source/cmGlobalVisualStudio9Generator.cxx,"(135, 1)-(158, 2)",b'std::string cmGlobalVisualStudio9Generator::G...'
Source,../repos/CMake/Source/cmGlobalGenerator.cxx,"(539, 1)-(986, 2)",b'void cmGlobalGenerator::EnableLanguage(\n  std...'
Source,../repos/CMake/Source/cmGlobalGenerator.cxx,"(988, 1)-(1001, 2)",b'void cmGlobalGenerator::PrintCompilerAdvice(s...'
Source,../repos/CMake/Source/cmGlobalGenerator.cxx,"(2183, 1)-(2188, 2)",b'void cmGlobalGenerator::PrintBuildCommandAdvi...'
Source,../repos/CMake/Source/cmTargetSourcesCommand.cxx,"(56, 3)-(65, 4)","b'void HandleInterfaceContent(cmTarget* tgt,\n  ...'"
Source,../repos/CMake/Source/cmTargetSourcesCommand.cxx,"(68, 3)-(74, 4)",b'void HandleMissingTarget(const std::string& n...'
Source,../repos/CMake/Source/cmTargetSourcesCommand.cxx,"(76, 3)-(85, 4)","b'bool HandleDirectContent(cmTarget* tgt,\n     ...'"
Source,../repos/CMake/Source/cmTargetSourcesCommand.cxx,"(87, 3)-(96, 4)",b'bool PopulateTargetProperties(const std::stri...'
Source,../repos/CMake/Source/cmTargetSourcesCommand.cxx,"(98, 3)-(101, 4)",b'std::string Join(const std::vector<std::strin...'
Source,../repos/CMake/Source/cmLocalVisualStudio10Generator.cxx,"(23, 3)-(23, 61)",b'void EndElement(const std::string& /* name */...'
Source,../repos/CMake/Source/cmLocalVisualStudio10Generator.cxx,"(24, 3)-(35, 4)","b'void CharacterDataHandler(const char* data, i...'"
Source,../repos/CMake/Source/cmLocalVisualStudio10Generator.cxx,"(36, 3)-(45, 4)","b'void StartElement(const std::string& name, co...'"
Source,../repos/CMake/Source/cmLocalVisualStudio10Generator.cxx,"(46, 3)-(57, 4)",b'int InitializeParser() override\n  {\n    this-...'
Source,../repos/CMake/Source/cmIfCommand.cxx,"(39, 3)-(39, 71)",b'cm::string_view StartCommandName() const over...'
Source,../repos/CMake/Source/cmIfCommand.cxx,"(40, 3)-(40, 72)",b'cm::string_view EndCommandName() const overri...'
Source,../repos/CMake/Source/CTest/cmCTestSubmitCommand.h,"(37, 3)-(37, 66)",b'std::string GetName() const override { return...'
Source,../repos/CMake/Source/CTest/cmCTestBZR.cxx,"(101, 3)-(110, 4)",b'bool ProcessLine() override\n  {\n    if (this-...'
Source,../repos/CMake/Source/CTest/cmCTestBZR.cxx,"(126, 3)-(132, 4)",b'bool ProcessLine() override\n  {\n    if (this-...'
Source,../repos/CMake/Source/CTest/cmCTestBZR.cxx,"(188, 3)-(188, 51)",b'~LogParser() override { this->CleanupParser(); }'
Source,../repos/CMake/Source/CTest/cmCTestBZR.cxx,"(190, 3)-(199, 4)",b'int InitializeParser() override\n  {\n    int r...'
Source,../repos/CMake/Source/CTest/cmCTestBZR.cxx,"(213, 3)-(218, 4)","b'bool ProcessChunk(const char* data, int lengt...'"
Source,../repos/CMake/Source/CTest/cmCTestBZR.cxx,"(220, 3)-(243, 4)","b'void StartElement(const std::string& name, co...'"
Source,../repos/CMake/Source/CTest/cmCTestBZR.cxx,"(245, 3)-(248, 4)","b'void CharacterDataHandler(const char* data, i...'"
Source,../repos/CMake/Source/CTest/cmCTestBZR.cxx,"(250, 3)-(278, 4)",b'void EndElement(const std::string& name) over...'
Source,../repos/CMake/Source/CTest/cmCTestBZR.cxx,"(280, 3)-(283, 4)","b'void ReportError(int /*line*/, int /*column*/...'"
Source,../repos/CMake/Source/CTest/cmCTestBZR.cxx,"(300, 3)-(329, 4)","b'bool ProcessChunk(const char* first, int leng...'"
Source,../repos/CMake/Source/CTest/cmCTestBZR.cxx,"(331, 3)-(339, 4)",b'bool ProcessLine() override\n  {\n    if (this-...'
Source,../repos/CMake/Source/CTest/cmCTestBZR.cxx,"(432, 3)-(440, 4)",b'bool ProcessLine() override\n  {\n    if (this-...'
Source,../repos/CMake/Source/CTest/cmCTestTestHandler.cxx,"(884, 1)-(949, 2)",b'bool cmCTestTestHandler::ComputeTestList()\n{\n...'
Source,../repos/CMake/Source/CTest/cmCTestTestHandler.cxx,"(951, 1)-(980, 2)",b'bool cmCTestTestHandler::ComputeTestListForRe...'
Source,../repos/CMake/Source/CTest/cmCTestTestHandler.cxx,"(982, 1)-(1212, 2)",b'void cmCTestTestHandler::UpdateForFixtures(Li...'
Source,../repos/CMake/Source/CTest/cmCTestTestHandler.cxx,"(1675, 1)-(1752, 2)",b'std::string cmCTestTestHandler::FindExecutabl...'
Source,../repos/CMake/Source/CTest/cmCTestReadCustomFilesCommand.h,"(32, 3)-(37, 4)",b'std::unique_ptr<cmCommand> Clone() override\n ...'
Source,../repos/CMake/Source/CTest/cmCTestMemCheckHandler.cxx,"(60, 3)-(76, 4)","b'void StartElement(const std::string& name, co...'"
Source,../repos/CMake/Source/CTest/cmCTestMemCheckHandler.cxx,"(77, 3)-(77, 59)",b'void EndElement(const std::string& /*name*/) ...'
Source,../repos/CMake/Source/CTest/cmCTestRunScriptCommand.h,"(32, 3)-(38, 4)",b'std::unique_ptr<cmCommand> Clone() override\n ...'
Source,../repos/CMake/Source/CTest/cmCTestBuildCommand.h,"(38, 3)-(38, 65)",b'std::string GetName() const override { return...'
Source,../repos/CMake/Source/CTest/cmCTestScriptHandler.cxx,"(280, 1)-(366, 2)",b'int cmCTestScriptHandler::ReadInScript(const ...'
Source,../repos/CMake/Source/CTest/cmCTestScriptHandler.cxx,"(369, 1)-(464, 2)",b'int cmCTestScriptHandler::ExtractVariables()\n...'
Source,../repos/CMake/Source/CTest/cmCTestScriptHandler.cxx,"(509, 1)-(562, 2)",b'int cmCTestScriptHandler::RunCurrentScript()\n...'
Source,../repos/CMake/Source/CTest/cmCTestBuildAndTestHandler.cxx,"(154, 1)-(364, 2)",b'int cmCTestBuildAndTestHandler::RunCMakeAndTe...'
Source,../repos/CMake/Source/CTest/cmCTestSVN.cxx,"(63, 3)-(73, 4)",b'bool ProcessLine() override\n  {\n    if (this-...'
Source,../repos/CMake/Source/CTest/cmCTestSVN.cxx,"(204, 3)-(211, 4)",b'bool ProcessLine() override\n  {\n    if (this-...'
Source,../repos/CMake/Source/CTest/cmCTestSVN.cxx,"(299, 3)-(299, 51)",b'~LogParser() override { this->CleanupParser(); }'
Source,../repos/CMake/Source/CTest/cmCTestSVN.cxx,"(312, 3)-(317, 4)","b'bool ProcessChunk(const char* data, int lengt...'"
Source,../repos/CMake/Source/CTest/cmCTestSVN.cxx,"(319, 3)-(337, 4)","b'void StartElement(const std::string& name, co...'"
Source,../repos/CMake/Source/CTest/cmCTestSVN.cxx,"(339, 3)-(342, 4)","b'void CharacterDataHandler(const char* data, i...'"
Source,../repos/CMake/Source/CTest/cmCTestSVN.cxx,"(344, 3)-(361, 4)",b'void EndElement(const std::string& name) over...'
Source,../repos/CMake/Source/CTest/cmCTestSVN.cxx,"(363, 3)-(366, 4)","b'void ReportError(int /*line*/, int /*column*/...'"
Source,../repos/CMake/Source/CTest/cmCTestSVN.cxx,"(431, 3)-(438, 4)",b'bool ProcessLine() override\n  {\n    if (this-...'
Source,../repos/CMake/Source/CTest/cmCTestSVN.cxx,"(497, 3)-(503, 4)",b'bool ProcessLine() override\n  {\n    if (this-...'
Source,../repos/CMake/Source/CTest/cmCTestBuildHandler.cxx,"(535, 1)-(571, 2)",b'void cmCTestBuildHandler::GenerateXMLLaunched...'
Source,../repos/CMake/Source/CTest/cmCTestTestCommand.h,"(29, 3)-(35, 4)",b'std::unique_ptr<cmCommand> Clone() override\n ...'
Source,../repos/CMake/Source/CTest/cmCTestTestCommand.h,"(40, 3)-(40, 64)",b'std::string GetName() const override { return...'
Source,../repos/CMake/Source/CTest/cmCTestCoverageCommand.h,"(31, 3)-(37, 4)",b'std::unique_ptr<cmCommand> Clone() override\n ...'
Source,../repos/CMake/Source/CTest/cmCTestCoverageCommand.h,"(42, 3)-(42, 68)",b'std::string GetName() const override { return...'
Source,../repos/CMake/Source/CTest/cmCTestHG.cxx,"(39, 3)-(46, 4)",b'bool ProcessLine() override\n  {\n    if (this-...'
Source,../repos/CMake/Source/CTest/cmCTestHG.cxx,"(63, 3)-(69, 4)",b'bool ProcessLine() override\n  {\n    if (this-...'
Source,../repos/CMake/Source/CTest/cmCTestHG.cxx,"(168, 3)-(168, 51)",b'~LogParser() override { this->CleanupParser(); }'
Source,../repos/CMake/Source/CTest/cmCTestHG.cxx,"(180, 3)-(185, 4)","b'bool ProcessChunk(const char* data, int lengt...'"
Source,../repos/CMake/Source/CTest/cmCTestHG.cxx,"(187, 3)-(198, 4)","b'void StartElement(const std::string& name, co...'"
Source,../repos/CMake/Source/CTest/cmCTestHG.cxx,"(200, 3)-(203, 4)","b'void CharacterDataHandler(const char* data, i...'"
Source,../repos/CMake/Source/CTest/cmCTestHG.cxx,"(205, 3)-(242, 4)",b'void EndElement(const std::string& name) over...'
Source,../repos/CMake/Source/CTest/cmCTestHG.cxx,"(260, 3)-(263, 4)","b'void ReportError(int /*line*/, int /*column*/...'"
Source,../repos/CMake/Source/CTest/cmCTestTestMeasurementXMLParser.h,"(19, 3)-(19, 59)",b'void EndElement(const std::string& /*name*/) ...'
Source,../repos/CMake/Source/CTest/cmCTestMemCheckCommand.h,"(29, 3)-(35, 4)",b'std::unique_ptr<cmCommand> Clone() override\n ...'
Source,../repos/CMake/Source/CTest/cmParseJacocoCoverage.cxx,"(26, 3)-(26, 59)",b'void EndElement(const std::string& /*name*/) ...'
Source,../repos/CMake/Source/CTest/cmParseJacocoCoverage.cxx,"(28, 3)-(88, 4)","b'void StartElement(const std::string& name, co...'"
Source,../repos/CMake/Source/CTest/cmCTestSleepCommand.h,"(32, 3)-(38, 4)",b'std::unique_ptr<cmCommand> Clone() override\n ...'
Source,../repos/CMake/Source/CTest/cmCTestEmptyBinaryDirectoryCommand.h,"(32, 3)-(38, 4)",b'std::unique_ptr<cmCommand> Clone() override\n ...'
Source,../repos/CMake/Source/CTest/cmParseCoberturaCoverage.cxx,"(25, 3)-(34, 4)",b'void EndElement(const std::string& name) over...'
Source,../repos/CMake/Source/CTest/cmParseCoberturaCoverage.cxx,"(36, 3)-(46, 4)","b'void CharacterDataHandler(const char* data, i...'"
Source,../repos/CMake/Source/CTest/cmParseCoberturaCoverage.cxx,"(48, 3)-(139, 4)","b'void StartElement(const std::string& name, co...'"
Source,../repos/CMake/Source/CTest/cmCTestGIT.cxx,"(51, 3)-(56, 4)",b'bool ProcessLine() override\n  {\n    // Only t...'
Source,../repos/CMake/Source/CTest/cmCTestGIT.cxx,"(358, 3)-(412, 4)",b'bool ProcessLine() override\n  {\n    if (this-...'
Source,../repos/CMake/Source/CTest/cmCTestGIT.cxx,"(508, 3)-(532, 4)",b'bool ProcessLine() override\n  {\n    if (this-...'
Source,../repos/CMake/Source/CTest/cmCTestUpdateCommand.h,"(28, 3)-(34, 4)",b'std::unique_ptr<cmCommand> Clone() override\n ...'
Source,../repos/CMake/Source/CTest/cmCTestUpdateCommand.h,"(39, 3)-(39, 66)",b'std::string GetName() const override { return...'
Source,../repos/CMake/Source/CTest/cmCTestUploadCommand.h,"(31, 3)-(37, 4)",b'std::unique_ptr<cmCommand> Clone() override\n ...'
Source,../repos/CMake/Source/CTest/cmCTestUploadCommand.h,"(42, 3)-(42, 66)",b'std::string GetName() const override { return...'
Source,../repos/CMake/Source/CTest/cmCTestStartCommand.h,"(32, 3)-(40, 4)",b'std::unique_ptr<cmCommand> Clone() override\n ...'
Source,../repos/CMake/Source/CTest/cmCTestConfigureCommand.h,"(28, 3)-(34, 4)",b'std::unique_ptr<cmCommand> Clone() override\n ...'
Source,../repos/CMake/Source/CTest/cmCTestConfigureCommand.h,"(39, 3)-(39, 69)",b'std::string GetName() const override { return...'
Source,../repos/CMake/Source/CTest/cmCTestSubmitHandler.h,"(28, 3)-(28, 64)",b'~cmCTestSubmitHandler() override { this->LogF...'
Source,../repos/CMake/Source/CTest/cmCTestP4.cxx,"(42, 3)-(49, 4)",b'bool ProcessLine() override\n  {\n    if (this-...'
Source,../repos/CMake/Source/CTest/cmCTestP4.cxx,"(66, 3)-(72, 4)",b'bool ProcessLine() override\n  {\n    if (this-...'
Source,../repos/CMake/Source/CTest/cmCTestP4.cxx,"(89, 3)-(103, 4)",b'bool ProcessLine() override\n  {\n    if (this-...'
Source,../repos/CMake/Source/CTest/cmCTestP4.cxx,"(131, 3)-(144, 4)",b'bool ProcessLine() override\n  {\n    if (!this...'
Source,../repos/CMake/Source/CTest/cmCTestP4.cxx,"(218, 3)-(240, 4)",b'bool ProcessLine() override\n  {\n    if (this-...'
Source,../repos/CMake/Source/CTest/cmCTestSubmitHandler.cxx,"(65, 3)-(69, 4)",b'void StartElement(const std::string& /*name*/...'
Source,../repos/CMake/Source/CTest/cmCTestSubmitHandler.cxx,"(71, 3)-(74, 4)","b'void CharacterDataHandler(const char* data, i...'"
Source,../repos/CMake/Source/CTest/cmCTestSubmitHandler.cxx,"(76, 3)-(96, 4)",b'void EndElement(const std::string& name) over...'
Source,../repos/CMake/Source/CTest/cmCTestCVS.cxx,"(51, 3)-(65, 4)",b'bool ProcessLine() override\n  {\n    if (this-...'
Source,../repos/CMake/Source/CTest/cmCTestCVS.cxx,"(133, 3)-(171, 4)",b'bool ProcessLine() override\n  {\n    if (this-...'
Source,../repos/CMake/Source/cmGlobalMSYSMakefileGenerator.h,"(31, 3)-(34, 4)",b'std::string GetName() const override\n  {\n    ...'
Source,../repos/CMake/Source/cmFindPackageCommand.cxx,"(295, 3)-(302, 4)",b'void OnMatchesLoaded() override\n  {\n    // ch...'
Source,../repos/CMake/Source/cmFindPackageCommand.cxx,"(321, 3)-(324, 4)",b'std::string TransformNameBeforeCmp(std::strin...'
Source,../repos/CMake/Source/cmFindPackageCommand.cxx,"(584, 1)-(1170, 2)",b'bool cmFindPackageCommand::InitialPass(std::v...'
Source,../repos/CMake/Source/cmFindPackageCommand.cxx,"(1412, 1)-(1663, 2)",b'bool cmFindPackageCommand::HandlePackageMode(...'
Source,../repos/CMake/Source/cmGeneratorExpressionNode.cxx,"(83, 3)-(83, 59)",b'bool GeneratesContent() const override { retu...'
Source,../repos/CMake/Source/cmGeneratorExpressionNode.cxx,"(85, 3)-(85, 74)",b'bool AcceptsArbitraryContentParameter() const...'
Source,../repos/CMake/Source/cmGeneratorExpressionNode.cxx,"(87, 3)-(94, 4)",b'std::string Evaluate(\n    const std::vector<s...'
Source,../repos/CMake/Source/cmGeneratorExpressionNode.cxx,"(101, 3)-(101, 74)",b'bool AcceptsArbitraryContentParameter() const...'
Source,../repos/CMake/Source/cmGeneratorExpressionNode.cxx,"(103, 3)-(110, 4)",b'std::string Evaluate(\n    const std::vector<s...'
Source,../repos/CMake/Source/cmGeneratorExpressionNode.cxx,"(129, 3)-(129, 77)",b'int NumExpectedParameters() const override { ...'
Source,../repos/CMake/Source/cmGeneratorExpressionNode.cxx,"(131, 3)-(139, 4)",b'bool ShouldEvaluateNextParameter(const std::v...'
Source,../repos/CMake/Source/cmGeneratorExpressionNode.cxx,"(141, 3)-(159, 4)",b'std::string Evaluate(const std::vector<std::s...'
Source,../repos/CMake/Source/cmGeneratorExpressionNode.cxx,"(170, 3)-(183, 4)",b'std::string Evaluate(\n    const std::vector<s...'
Source,../repos/CMake/Source/cmGeneratorExpressionNode.cxx,"(190, 3)-(190, 59)",b'int NumExpectedParameters() const override { ...'
Source,../repos/CMake/Source/cmGeneratorExpressionNode.cxx,"(192, 3)-(199, 4)",b'std::string Evaluate(\n    const std::vector<s...'
Source,../repos/CMake/Source/cmGeneratorExpressionNode.cxx,"(206, 3)-(206, 59)",b'int NumExpectedParameters() const override { ...'
Source,../repos/CMake/Source/cmGeneratorExpressionNode.cxx,"(208, 3)-(213, 4)",b'bool ShouldEvaluateNextParameter(const std::v...'
Source,../repos/CMake/Source/cmGeneratorExpressionNode.cxx,"(215, 3)-(227, 4)",b'std::string Evaluate(const std::vector<std::s...'
Source,../repos/CMake/Source/cmGeneratorExpressionNode.cxx,"(234, 3)-(234, 59)",b'int NumExpectedParameters() const override { ...'
Source,../repos/CMake/Source/cmGeneratorExpressionNode.cxx,"(236, 3)-(243, 4)",b'std::string Evaluate(\n    const std::vector<s...'
Source,../repos/CMake/Source/cmGeneratorExpressionNode.cxx,"(250, 3)-(250, 59)",b'int NumExpectedParameters() const override { ...'
Source,../repos/CMake/Source/cmGeneratorExpressionNode.cxx,"(252, 3)-(268, 4)",b'std::string Evaluate(\n    const std::vector<s...'
Source,../repos/CMake/Source/cmGeneratorExpressionNode.cxx,"(303, 3)-(303, 59)",b'int NumExpectedParameters() const override { ...'
Source,../repos/CMake/Source/cmGeneratorExpressionNode.cxx,"(305, 3)-(344, 4)",b'std::string Evaluate(\n    const std::vector<s...'
Source,../repos/CMake/Source/cmGeneratorExpressionNode.cxx,"(351, 3)-(351, 59)",b'int NumExpectedParameters() const override { ...'
Source,../repos/CMake/Source/cmGeneratorExpressionNode.cxx,"(353, 3)-(383, 4)",b'std::string Evaluate(\n    const std::vector<s...'
Source,../repos/CMake/Source/cmGeneratorExpressionNode.cxx,"(390, 3)-(390, 59)",b'int NumExpectedParameters() const override { ...'
Source,../repos/CMake/Source/cmGeneratorExpressionNode.cxx,"(392, 3)-(407, 4)",b'std::string Evaluate(\n    const std::vector<s...'
Source,../repos/CMake/Source/cmGeneratorExpressionNode.cxx,"(415, 3)-(415, 59)",b'int NumExpectedParameters() const override { ...'
Source,../repos/CMake/Source/cmGeneratorExpressionNode.cxx,"(417, 3)-(439, 4)",b'std::string Evaluate(\n    const std::vector<s...'
Source,../repos/CMake/Source/cmGeneratorExpressionNode.cxx,"(446, 3)-(446, 59)",b'int NumExpectedParameters() const override { ...'
Source,../repos/CMake/Source/cmGeneratorExpressionNode.cxx,"(448, 3)-(473, 4)",b'std::string Evaluate(\n    const std::vector<s...'
Source,../repos/CMake/Source/cmGeneratorExpressionNode.cxx,"(517, 3)-(517, 59)",b'int NumExpectedParameters() const override { ...'
Source,../repos/CMake/Source/cmGeneratorExpressionNode.cxx,"(519, 3)-(519, 74)",b'bool AcceptsArbitraryContentParameter() const...'
Source,../repos/CMake/Source/cmGeneratorExpressionNode.cxx,"(521, 3)-(556, 4)",b'std::string Evaluate(\n    const std::vector<s...'
Source,../repos/CMake/Source/cmGeneratorExpressionNode.cxx,"(563, 3)-(563, 59)",b'int NumExpectedParameters() const override { ...'
Source,../repos/CMake/Source/cmGeneratorExpressionNode.cxx,"(565, 3)-(565, 74)",b'bool AcceptsArbitraryContentParameter() const...'
Source,../repos/CMake/Source/cmGeneratorExpressionNode.cxx,"(567, 3)-(580, 4)",b'std::string Evaluate(\n    const std::vector<s...'
Source,../repos/CMake/Source/cmGeneratorExpressionNode.cxx,"(587, 3)-(587, 74)",b'bool AcceptsArbitraryContentParameter() const...'
Source,../repos/CMake/Source/cmGeneratorExpressionNode.cxx,"(589, 3)-(596, 4)",b'std::string Evaluate(\n    const std::vector<s...'
Source,../repos/CMake/Source/cmGeneratorExpressionNode.cxx,"(603, 3)-(603, 74)",b'bool AcceptsArbitraryContentParameter() const...'
Source,../repos/CMake/Source/cmGeneratorExpressionNode.cxx,"(605, 3)-(612, 4)",b'std::string Evaluate(\n    const std::vector<s...'
Source,../repos/CMake/Source/cmGeneratorExpressionNode.cxx,"(716, 3)-(716, 77)",b'int NumExpectedParameters() const override { ...'
Source,../repos/CMake/Source/cmGeneratorExpressionNode.cxx,"(718, 3)-(718, 74)",b'bool AcceptsArbitraryContentParameter() const...'
Source,../repos/CMake/Source/cmGeneratorExpressionNode.cxx,"(720, 3)-(1136, 4)",b'std::string Evaluate(\n    const std::vector<s...'
Source,../repos/CMake/Source/cmGeneratorExpressionNode.cxx,"(1143, 3)-(1143, 59)",b'int NumExpectedParameters() const override { ...'
Source,../repos/CMake/Source/cmGeneratorExpressionNode.cxx,"(1145, 3)-(1153, 4)",b'std::string Evaluate(\n    const std::vector<s...'
Source,../repos/CMake/Source/cmGeneratorExpressionNode.cxx,"(1230, 3)-(1230, 77)",b'int NumExpectedParameters() const override { ...'
Source,../repos/CMake/Source/cmGeneratorExpressionNode.cxx,"(1232, 3)-(1232, 74)",b'bool AcceptsArbitraryContentParameter() const...'
Source,../repos/CMake/Source/cmGeneratorExpressionNode.cxx,"(1234, 3)-(1824, 4)",b'std::string Evaluate(\n    const std::vector<s...'
Source,../repos/CMake/Source/cmGeneratorExpressionNode.cxx,"(1831, 3)-(1831, 74)",b'bool AcceptsArbitraryContentParameter() const...'
Source,../repos/CMake/Source/cmGeneratorExpressionNode.cxx,"(1833, 3)-(1840, 4)",b'std::string Evaluate(\n    const std::vector<s...'
Source,../repos/CMake/Source/cmGeneratorExpressionNode.cxx,"(1848, 3)-(1848, 59)",b'int NumExpectedParameters() const override { ...'
Source,../repos/CMake/Source/cmGeneratorExpressionNode.cxx,"(1850, 3)-(1857, 4)",b'std::string Evaluate(\n    const std::vector<s...'
Source,../repos/CMake/Source/cmGeneratorExpressionNode.cxx,"(1870, 3)-(1870, 78)",b'int NumExpectedParameters() const override { ...'
Source,../repos/CMake/Source/cmGeneratorExpressionNode.cxx,"(1872, 3)-(1888, 4)",b'std::string Evaluate(\n    const std::vector<s...'
Source,../repos/CMake/Source/cmGeneratorExpressionNode.cxx,"(1955, 3)-(1955, 77)",b'int NumExpectedParameters() const override { ...'
Source,../repos/CMake/Source/cmGeneratorExpressionNode.cxx,"(1957, 3)-(1973, 4)",b'std::string Evaluate(\n    const std::vector<s...'
Source,../repos/CMake/Source/cmGeneratorExpressionNode.cxx,"(2017, 3)-(2017, 78)",b'int NumExpectedParameters() const override { ...'
Source,../repos/CMake/Source/cmGeneratorExpressionNode.cxx,"(2019, 3)-(2041, 4)",b'std::string Evaluate(\n    const std::vector<s...'
Source,../repos/CMake/Source/cmGeneratorExpressionNode.cxx,"(2050, 3)-(2050, 59)",b'int NumExpectedParameters() const override { ...'
Source,../repos/CMake/Source/cmGeneratorExpressionNode.cxx,"(2052, 3)-(2061, 4)",b'std::string Evaluate(\n    const std::vector<s...'
Source,../repos/CMake/Source/cmGeneratorExpressionNode.cxx,"(2074, 3)-(2089, 4)",b'std::string Evaluate(\n    const std::vector<s...'
Source,../repos/CMake/Source/cmGeneratorExpressionNode.cxx,"(2096, 3)-(2111, 4)",b'std::string Evaluate(\n    const std::vector<s...'
Source,../repos/CMake/Source/cmGeneratorExpressionNode.cxx,"(2118, 3)-(2118, 59)",b'int NumExpectedParameters() const override { ...'
Source,../repos/CMake/Source/cmGeneratorExpressionNode.cxx,"(2120, 3)-(2128, 4)",b'std::string Evaluate(\n    const std::vector<s...'
Source,../repos/CMake/Source/cmGeneratorExpressionNode.cxx,"(2135, 3)-(2135, 78)",b'int NumExpectedParameters() const override { ...'
Source,../repos/CMake/Source/cmGeneratorExpressionNode.cxx,"(2137, 3)-(2214, 4)",b'std::string Evaluate(\n    const std::vector<s...'
Source,../repos/CMake/Source/cmGeneratorExpressionNode.cxx,"(2221, 3)-(2221, 59)",b'int NumExpectedParameters() const override { ...'
Source,../repos/CMake/Source/cmGeneratorExpressionNode.cxx,"(2223, 3)-(2223, 74)",b'bool AcceptsArbitraryContentParameter() const...'
Source,../repos/CMake/Source/cmGeneratorExpressionNode.cxx,"(2225, 3)-(2232, 4)",b'std::string Evaluate(\n    const std::vector<s...'
Source,../repos/CMake/Source/cmGeneratorExpressionNode.cxx,"(2239, 3)-(2239, 78)",b'int NumExpectedParameters() const override { ...'
Source,../repos/CMake/Source/cmGeneratorExpressionNode.cxx,"(2241, 3)-(2279, 4)",b'std::string Evaluate(\n    const std::vector<s...'
Source,../repos/CMake/Source/cmGeneratorExpressionNode.cxx,"(2286, 3)-(2286, 77)",b'int NumExpectedParameters() const override { ...'
Source,../repos/CMake/Source/cmGeneratorExpressionNode.cxx,"(2288, 3)-(2329, 4)",b'std::string Evaluate(\n    const std::vector<s...'
Source,../repos/CMake/Source/cmGeneratorExpressionNode.cxx,"(2336, 3)-(2336, 78)",b'int NumExpectedParameters() const override { ...'
Source,../repos/CMake/Source/cmGeneratorExpressionNode.cxx,"(2338, 3)-(2389, 4)",b'std::string Evaluate(\n    const std::vector<s...'
Source,../repos/CMake/Source/cmGeneratorExpressionNode.cxx,"(2431, 3)-(2431, 77)",b'int NumExpectedParameters() const override { ...'
Source,../repos/CMake/Source/cmGeneratorExpressionNode.cxx,"(2433, 3)-(2478, 4)",b'std::string Evaluate(\n    const std::vector<s...'
Source,../repos/CMake/Source/cmGeneratorExpressionNode.cxx,"(2485, 3)-(2485, 77)",b'int NumExpectedParameters() const override { ...'
Source,../repos/CMake/Source/cmGeneratorExpressionNode.cxx,"(2487, 3)-(2563, 4)",b'std::string Evaluate(\n    const std::vector<s...'
Source,../repos/CMake/Source/cmGeneratorExpressionNode.cxx,"(2570, 3)-(2570, 77)",b'int NumExpectedParameters() const override { ...'
Source,../repos/CMake/Source/cmGeneratorExpressionNode.cxx,"(2572, 3)-(2632, 4)",b'std::string Evaluate(\n    const std::vector<s...'
Source,../repos/CMake/Source/cmGeneratorExpressionNode.cxx,"(2639, 3)-(2639, 78)",b'int NumExpectedParameters() const override { ...'
Source,../repos/CMake/Source/cmGeneratorExpressionNode.cxx,"(2641, 3)-(2657, 4)",b'std::string Evaluate(\n    const std::vector<s...'
Source,../repos/CMake/Source/cmGeneratorExpressionNode.cxx,"(2664, 3)-(2664, 78)",b'int NumExpectedParameters() const override { ...'
Source,../repos/CMake/Source/cmGeneratorExpressionNode.cxx,"(2666, 3)-(2695, 4)",b'std::string Evaluate(\n    const std::vector<s...'
Source,../repos/CMake/Source/cmGeneratorExpressionNode.cxx,"(2738, 3)-(2738, 77)",b'int NumExpectedParameters() const override { ...'
Source,../repos/CMake/Source/cmGeneratorExpressionNode.cxx,"(2761, 3)-(3019, 4)",b'std::string Evaluate(\n    const std::vector<s...'
Source,../repos/CMake/Source/cmGeneratorExpressionNode.cxx,"(3026, 3)-(3026, 58)",b'bool GeneratesContent() const override { retu...'
Source,../repos/CMake/Source/cmGeneratorExpressionNode.cxx,"(3028, 3)-(3028, 74)",b'bool AcceptsArbitraryContentParameter() const...'
Source,../repos/CMake/Source/cmGeneratorExpressionNode.cxx,"(3029, 3)-(3029, 62)",b'bool RequiresLiteralInput() const override { ...'
Source,../repos/CMake/Source/cmGeneratorExpressionNode.cxx,"(3031, 3)-(3038, 4)",b'std::string Evaluate(\n    const std::vector<s...'
Source,../repos/CMake/Source/cmGeneratorExpressionNode.cxx,"(3040, 3)-(3040, 59)",b'int NumExpectedParameters() const override { ...'
Source,../repos/CMake/Source/cmGeneratorExpressionNode.cxx,"(3048, 3)-(3129, 4)",b'std::string Evaluate(\n    const std::vector<s...'
Source,../repos/CMake/Source/cmGeneratorExpressionNode.cxx,"(3181, 3)-(3189, 4)",b'std::string Evaluate(\n    const std::vector<s...'
Source,../repos/CMake/Source/cmGeneratorExpressionNode.cxx,"(3196, 3)-(3212, 4)",b'std::string Evaluate(\n    const std::vector<s...'
Source,../repos/CMake/Source/cmGeneratorExpressionNode.cxx,"(3219, 3)-(3219, 77)",b'int NumExpectedParameters() const override { ...'
Source,../repos/CMake/Source/cmGeneratorExpressionNode.cxx,"(3221, 3)-(3296, 4)",b'std::string Evaluate(\n    const std::vector<s...'
Source,../repos/CMake/Source/cmGeneratorExpressionNode.cxx,"(3343, 3)-(3343, 59)",b'int NumExpectedParameters() const override { ...'
Source,../repos/CMake/Source/cmGeneratorExpressionNode.cxx,"(3345, 3)-(3396, 4)",b'std::string Evaluate(\n    const std::vector<s...'
Source,../repos/CMake/Source/cmGeneratorExpressionNode.cxx,"(3404, 3)-(3404, 58)",b'bool GeneratesContent() const override { retu...'
Source,../repos/CMake/Source/cmGeneratorExpressionNode.cxx,"(3405, 3)-(3405, 59)",b'int NumExpectedParameters() const override { ...'
Source,../repos/CMake/Source/cmGeneratorExpressionNode.cxx,"(3407, 3)-(3417, 4)",b'std::string Evaluate(\n    const std::vector<s...'
Source,../repos/CMake/Source/cmGeneratorExpressionNode.cxx,"(3876, 3)-(3876, 59)",b'int NumExpectedParameters() const override { ...'
Source,../repos/CMake/Source/cmGeneratorExpressionNode.cxx,"(3878, 3)-(3902, 4)",b'std::string Evaluate(\n    const std::vector<s...'
Source,../repos/CMake/Source/cmGeneratorExpressionNode.cxx,"(4112, 3)-(4112, 59)",b'int NumExpectedParameters() const override { ...'
Source,../repos/CMake/Source/cmGeneratorExpressionNode.cxx,"(4114, 3)-(4132, 4)",b'std::string Evaluate(\n    const std::vector<s...'
Source,../repos/CMake/Source/cmGeneratorExpressionNode.cxx,"(4358, 3)-(4358, 59)",b'int NumExpectedParameters() const override { ...'
Source,../repos/CMake/Source/cmGeneratorExpressionNode.cxx,"(4360, 3)-(4378, 4)",b'std::string Evaluate(\n    const std::vector<s...'
Source,../repos/CMake/Source/cmGeneratorExpressionNode.cxx,"(4404, 3)-(4430, 4)",b'std::string Evaluate(\n    const std::vector<s...'
Source,../repos/CMake/Source/cmGlobalVisualStudio14Generator.cxx,"(42, 3)-(66, 4)",b'std::unique_ptr<cmGlobalGenerator> CreateGlob...'
Source,../repos/CMake/Source/cmGlobalVisualStudio14Generator.cxx,"(68, 3)-(73, 4)",b'cmDocumentationEntry GetDocumentation() const...'
Source,../repos/CMake/Source/cmGlobalVisualStudio14Generator.cxx,"(75, 3)-(80, 4)",b'std::vector<std::string> GetGeneratorNames() ...'
Source,../repos/CMake/Source/cmGlobalVisualStudio14Generator.cxx,"(82, 3)-(88, 4)",b'std::vector<std::string> GetGeneratorNamesWit...'
Source,../repos/CMake/Source/cmGlobalVisualStudio14Generator.cxx,"(90, 3)-(90, 57)",b'bool SupportsToolset() const override { retur...'
Source,../repos/CMake/Source/cmGlobalVisualStudio14Generator.cxx,"(91, 3)-(91, 58)",b'bool SupportsPlatform() const override { retu...'
Source,../repos/CMake/Source/cmGlobalVisualStudio14Generator.cxx,"(93, 3)-(100, 4)",b'std::vector<std::string> GetKnownPlatforms() ...'
Source,../repos/CMake/Source/cmGlobalVisualStudio14Generator.cxx,"(102, 3)-(102, 74)",b'std::string GetDefaultPlatformName() const ov...'
Source,../repos/CMake/Source/cmFindLibraryCommand.cxx,"(555, 1)-(581, 2)",b'std::string cmFindLibraryCommand::FindFramewo...'
Source,../repos/CMake/Source/cmFindLibraryCommand.cxx,"(583, 1)-(609, 2)",b'std::string cmFindLibraryCommand::FindFramewo...'
Source,../repos/CMake/Source/cmProcessTools.h,"(82, 5)-(82, 49)",b'bool ProcessLine() override { return true; }'
Source,../repos/CMake/Source/QtDialog/QCMakeCacheView.cxx,"(26, 3)-(62, 2)","b'bool filterAcceptsRow(int row, const QModelIn...'"
Source,../repos/CMake/Source/QtDialog/QCMakeCacheView.cxx,"(83, 3)-(103, 4)","b'bool filterAcceptsRow(int row, const QModelIn...'"
Source,../repos/CMake/Source/cmTryRunCommand.cxx,"(263, 1)-(308, 2)",b'void TryRunCommandImpl::RunExecutable(const s...'
Source,../repos/CMake/Source/cmVisualStudio10TargetGenerator.cxx,"(163, 3)-(175, 4)","b'void OutputFlag(std::ostream& /*fout*/, int /...'"
Source,../repos/CMake/Source/cmVisualStudio10TargetGenerator.cxx,"(3211, 1)-(3504, 2)",b'bool cmVisualStudio10TargetGenerator::Compute...'
Source,../repos/CMake/Source/cmVisualStudio10TargetGenerator.cxx,"(3919, 1)-(3936, 2)",b'void cmVisualStudio10TargetGenerator::WriteCu...'
Source,../repos/CMake/Source/cmTargetCompileOptionsCommand.cxx,"(22, 3)-(28, 4)",b'void HandleMissingTarget(const std::string& n...'
Source,../repos/CMake/Source/cmTargetCompileOptionsCommand.cxx,"(30, 3)-(44, 4)","b'bool HandleDirectContent(cmTarget* tgt,\n     ...'"
Source,../repos/CMake/Source/cmTargetCompileOptionsCommand.cxx,"(46, 3)-(49, 4)",b'std::string Join(const std::vector<std::strin...'
Source,../repos/CMake/Source/cmForEachCommand.cxx,"(43, 3)-(43, 76)",b'cm::string_view StartCommandName() const over...'
Source,../repos/CMake/Source/cmForEachCommand.cxx,"(44, 3)-(44, 77)",b'cm::string_view EndCommandName() const overri...'
Source,../repos/CMake/Source/cmGlobalVisualStudio71Generator.h,"(53, 3)-(53, 60)",b'bool UseFolderProperty() const override { ret...'
Source,../repos/CMake/Source/cmGlobalBorlandMakefileGenerator.h,"(33, 3)-(36, 4)",b'std::string GetName() const override\n  {\n    ...'
Source,../repos/CMake/Source/cmGlobalBorlandMakefileGenerator.h,"(53, 3)-(53, 59)",b'bool AllowNotParallel() const override { retu...'
Source,../repos/CMake/Source/cmGlobalBorlandMakefileGenerator.h,"(54, 3)-(54, 61)",b'bool AllowDeleteOnError() const override { re...'
Source,../repos/CMake/Source/cmGlobalBorlandMakefileGenerator.h,"(55, 3)-(55, 61)",b'bool CanEscapeOctothorpe() const override { r...'
Source,../repos/CMake/Source/cmGlobalBorlandMakefileGenerator.h,"(57, 3)-(57, 66)",b'bool IsGNUMakeJobServerAware() const override...'
Source,../repos/CMake/Source/cmExportInstallFileGenerator.h,"(127, 3)-(130, 4)",b'cmExportSet* GetExportSet() const override\n  ...'
Source,../repos/CMake/Source/cmComputeLinkDepends.cxx,"(235, 3)-(308, 4)",b'EntriesProcessing(const cmGeneratorTarget* ta...'
Source,../repos/CMake/Source/cmComputeLinkDepends.cxx,"(335, 3)-(351, 4)",b'void AddObjects(const std::vector<size_t>& ob...'
Source,../repos/CMake/Source/cmComputeLinkDepends.cxx,"(431, 1)-(501, 2)",b'cmComputeLinkDepends::cmComputeLinkDepends(co...'
Source,../repos/CMake/Source/cmComputeLinkDepends.cxx,"(510, 1)-(587, 2)",b'std::vector<cmComputeLinkDepends::LinkEntry> ...'
Source,../repos/CMake/Source/cmWhileCommand.cxx,"(31, 3)-(31, 74)",b'cm::string_view StartCommandName() const over...'
Source,../repos/CMake/Source/cmWhileCommand.cxx,"(32, 3)-(32, 75)",b'cm::string_view EndCommandName() const overri...'
Source,../repos/CMake/Source/cmGlobalVisualStudio8Generator.h,"(28, 3)-(28, 62)",b'std::string GetName() const override { return...'
Source,../repos/CMake/Source/cmGlobalVisualStudio8Generator.h,"(54, 3)-(57, 4)",b'bool TargetsWindowsCE() const override\n  {\n  ...'
Source,../repos/CMake/Source/cmGlobalVisualStudio8Generator.h,"(70, 3)-(70, 62)",b'bool VSLinksDependencies() const override { r...'
Source,../repos/CMake/Source/cmLocalVisualStudio10Generator.h,"(34, 3)-(34, 63)",b'bool CustomCommandUseLocal() const override {...'
Source,../repos/CMake/Source/cmGlobalNMakeMakefileGenerator.h,"(34, 3)-(37, 4)",b'std::string GetName() const override\n  {\n    ...'
Source,../repos/CMake/Source/cmGlobalNMakeMakefileGenerator.h,"(41, 3)-(45, 4)",b'codecvt_Encoding GetMakefileEncoding() const ...'
Source,../repos/CMake/Source/cmGlobalNMakeMakefileGenerator.h,"(57, 3)-(57, 66)",b'bool IsGNUMakeJobServerAware() const override...'
Source,../repos/CMake/Source/cmCryptoHash.cxx,"(182, 1)-(187, 2)",b'std::vector<unsigned char> cmCryptoHash::Fina...'
Source,../repos/CMake/Source/cmVisualStudioGeneratorOptions.cxx,"(71, 1)-(94, 2)",b'void cmVisualStudioGeneratorOptions::FixExcep...'
Source,../repos/CMake/Source/cmGlobalMinGWMakefileGenerator.h,"(30, 3)-(33, 4)",b'std::string GetName() const override\n  {\n    ...'
Source,../repos/CMake/Source/cmELF.cxx,"(213, 3)-(216, 4)",b'unsigned int GetNumberOfSections() const over...'
Source,../repos/CMake/Source/cmELF.cxx,"(228, 3)-(228, 80)",b'bool IsMips() const override { return this->E...'
Source,../repos/CMake/Source/cmELF.cxx,"(231, 3)-(263, 4)",b'void PrintInfo(std::ostream& os) const overri...'
Source,../repos/CMake/Source/cmBlockCommand.cxx,"(64, 3)-(64, 74)",b'cm::string_view StartCommandName() const over...'
Source,../repos/CMake/Source/cmBlockCommand.cxx,"(65, 3)-(65, 75)",b'cm::string_view EndCommandName() const overri...'
Source,../repos/CMake/Source/cmBlockCommand.cxx,"(67, 3)-(67, 70)",b'bool EndCommandSupportsArguments() const over...'
Source,../repos/CMake/Source/cmExternalMakefileProjectGenerator.h,"(103, 3)-(109, 4)",b'std::unique_ptr<cmExternalMakefileProjectGene...'
Source,../repos/CMake/Source/cmGlobalVisualStudio11Generator.h,"(26, 3)-(26, 70)",b'bool SupportsCustomCommandDepfile() const ove...'
Source,../repos/CMake/Source/cmGlobalVisualStudio11Generator.h,"(28, 3)-(31, 4)",b'cm::optional<cmDepfileFormat> DepfileFormat()...'
Source,../repos/CMake/Source/cmGlobalVisualStudioGenerator.h,"(113, 3)-(113, 55)",b'bool IsMultiConfig() const override { return ...'
Source,../repos/CMake/Source/cmGlobalVisualStudioGenerator.h,"(118, 3)-(118, 77)",b'bool IsIncludeExternalMSProjectSupported() co...'
Source,../repos/CMake/Source/cmGlobalVisualStudioGenerator.h,"(122, 3)-(125, 4)",b'codecvt_Encoding GetMakefileEncoding() const ...'
Source,../repos/CMake/Source/cmGlobalVisualStudioGenerator.h,"(160, 3)-(160, 56)",b'bool IsVisualStudio() const override { return...'
Source,../repos/CMake/Source/cmGlobalVisualStudioGenerator.h,"(206, 3)-(209, 4)","b'void PrintCompilerAdvice(std::ostream&, std::...'"
Source,../repos/CMake/Source/LexerParser/cmCTestResourceGroupsLexer.cxx,"(1198, 1)-(1333, 2)",b'static int yy_get_next_buffer (yyscan_t yysca...'
Source,../repos/CMake/Source/LexerParser/cmExprLexer.cxx,"(1201, 1)-(1336, 2)",b'static int yy_get_next_buffer (yyscan_t yysca...'
Source,../repos/CMake/Source/LexerParser/cmCommandArgumentLexer.cxx,"(1244, 1)-(1379, 2)",b'static int yy_get_next_buffer (yyscan_t yysca...'
Source,../repos/CMake/Source/LexerParser/cmGccDepfileLexer.cxx,"(1196, 1)-(1331, 2)",b'static int yy_get_next_buffer (yyscan_t yysca...'
Source,../repos/CMake/Source/LexerParser/cmDependsJavaLexer.cxx,"(1789, 1)-(1924, 2)",b'static int yy_get_next_buffer (yyscan_t yysca...'
Source,../repos/CMake/Source/cmLocalGenerator.cxx,"(1829, 1)-(1834, 2)",b'std::string cmLocalGenerator::GetTargetFortra...'
Source,../repos/CMake/Source/cmLocalGenerator.cxx,"(4251, 1)-(4288, 2)",b'void cmLocalGenerator::GenerateAppleInfoPList...'
Source,../repos/CMake/Source/cmLocalGenerator.cxx,"(4290, 1)-(4323, 2)",b'void cmLocalGenerator::GenerateFrameworkInfoP...'
Source,../repos/CMake/Source/cmExportInstallAndroidMKGenerator.h,"(37, 3)-(37, 59)",b'void GeneratePolicyHeaderCode(std::ostream&) ...'
Source,../repos/CMake/Source/cmExportInstallAndroidMKGenerator.h,"(38, 3)-(38, 59)",b'void GeneratePolicyFooterCode(std::ostream&) ...'
Source,../repos/CMake/Source/cmExportInstallAndroidMKGenerator.h,"(52, 3)-(52, 62)",b'void GenerateFindDependencyCalls(std::ostream...'
Source,../repos/CMake/Source/cmNinjaNormalTargetGenerator.cxx,"(857, 1)-(940, 2)",b'void cmNinjaNormalTargetGenerator::WriteDevic...'
Source,../repos/CMake/Source/cmGlobalGhsMultiGenerator.h,"(45, 3)-(45, 67)",b'std::string GetName() const override { return...'
Source,../repos/CMake/Source/cmMakefileTargetGenerator.cxx,"(603, 1)-(1284, 2)",b'void cmMakefileTargetGenerator::WriteObjectRu...'
Source,../repos/CMake/Source/cmMakefileTargetGenerator.cxx,"(2077, 1)-(2114, 2)",b'bool cmMakefileTargetGenerator::CheckUseRespo...'
Source,../repos/CMake/Source/cmQtAutoMocUic.cxx,"(362, 5)-(362, 31)",b'void Process() override {}'
Source,../repos/CMake/Source/cmQtAutoMocUic.cxx,"(1544, 1)-(1561, 2)",b'void cmQtAutoMocUicT::JobEvalCacheMocT::Regis...'
Source,../repos/CMake/Source/cmComputeTargetDepends.cxx,"(113, 1)-(154, 2)",b'bool cmComputeTargetDepends::Compute()\n{\n  //...'
Source,../repos/CMake/Source/cmComputeTargetDepends.cxx,"(156, 1)-(174, 2)",b'void cmComputeTargetDepends::GetTargetDirectD...'
Source,../repos/CMake/Source/cmComputeTargetDepends.cxx,"(673, 1)-(706, 2)",b'bool cmComputeTargetDepends::IntraComponent(s...'
Source,../repos/CMake/Source/cmComputeTargetDepends.cxx,"(708, 1)-(754, 2)",b'bool cmComputeTargetDepends::ComputeFinalDepe...'
