Repo name,File name,Location,Content
Source,../repos/CMake/Source/cmCommand.h,"(39, 14)-(39, 41)",b'& operator=(cmCommand const&)'
Source,../repos/CMake/Source/cmCommand.h,"(87, 27)-(87, 73)",b'& operator=(cmLegacyCommandWrapper const& other)'
Source,../repos/CMake/Source/cmCommand.h,"(90, 27)-(90, 62)",b'& operator=(cmLegacyCommandWrapper&&)'
Source,../repos/CMake/Source/cmCommand.h,"(92, 8)-(93, 51)",b'bool operator()(std::vector<cmListFileArgumen...'
Source,../repos/CMake/Source/cmSubcommandTable.h,"(28, 8)-(29, 51)","b'bool operator()(cm::string_view key, std::vec...'"
Source,../repos/CMake/Source/cmGlobalNinjaGenerator.h,"(278, 17)-(278, 58)",b'std::string operator()(std::string const& pat...'
Source,../repos/CMake/Source/cmGlobalNinjaGenerator.h,"(644, 15)-(645, 71)",b'bool operator==(const ByConfig::TargetDepends...'
Source,../repos/CMake/Source/cmGlobalNinjaGenerator.h,"(646, 15)-(647, 71)",b'bool operator!=(const ByConfig::TargetDepends...'
Source,../repos/CMake/Source/cmGlobalNinjaGenerator.h,"(648, 15)-(649, 70)",b'bool operator<(const ByConfig::TargetDependsC...'
Source,../repos/CMake/Source/cmGlobalNinjaGenerator.h,"(650, 15)-(651, 70)",b'bool operator>(const ByConfig::TargetDependsC...'
Source,../repos/CMake/Source/cmGlobalNinjaGenerator.h,"(652, 15)-(653, 71)",b'bool operator<=(const ByConfig::TargetDepends...'
Source,../repos/CMake/Source/cmGlobalNinjaGenerator.h,"(654, 15)-(655, 71)",b'bool operator>=(const ByConfig::TargetDepends...'
Source,../repos/CMake/Source/cmSystemTools.h,"(462, 29)-(462, 69)",b'& operator=(SaveRestoreEnvironment const&)'
Source,../repos/CMake/Source/cmXMLSafe.cxx,"(38, 15)-(38, 66)","b'& operator<<(std::ostream& os, cmXMLSafe cons...'"
Source,../repos/CMake/Source/cmEvaluatedTargetProperty.h,"(25, 33)-(25, 74)",b'& operator=(EvaluatedTargetPropertyEntry&&)'
Source,../repos/CMake/Source/cmEvaluatedTargetProperty.h,"(27, 33)-(28, 41)",b'& operator=(\n    EvaluatedTargetPropertyEntry...'
Source,../repos/CMake/Source/cmComputeLinkInformation.h,"(40, 29)-(40, 71)",b'& operator=(const cmComputeLinkInformation&)'
Source,../repos/CMake/Source/cmNinjaLinkLineDeviceComputer.h,"(24, 34)-(25, 42)",b'& operator=(\n    cmNinjaLinkLineDeviceCompute...'
Source,../repos/CMake/Source/cmGeneratorTarget.h,"(48, 22)-(48, 57)",b'& operator=(cmGeneratorTarget const&)'
Source,../repos/CMake/Source/cmGeneratorTarget.h,"(1293, 10)-(1294, 55)","b'bool operator()(cmGeneratorTarget const* t1,\n...'"
Source,../repos/CMake/Source/cmNinjaTargetGenerator.h,"(223, 10)-(224, 56)","b'void operator()(cmSourceFile const& source, c...'"
Source,../repos/CMake/Source/cmString.hxx,"(301, 11)-(301, 41)",b'& operator=(String&& s) noexcept'
Source,../repos/CMake/Source/cmString.hxx,"(311, 11)-(311, 44)",b'& operator=(String const&) noexcept'
Source,../repos/CMake/Source/cmString.hxx,"(313, 11)-(313, 42)",b'& operator=(static_string_view s)'
Source,../repos/CMake/Source/cmString.hxx,"(318, 11)-(318, 35)",b'& operator=(string_view s)'
Source,../repos/CMake/Source/cmString.hxx,"(328, 5)-(328, 21)",b'typename // NOLINT(*)\n    std::enable_if<Into...'
Source,../repos/CMake/Source/cmString.hxx,"(335, 11)-(335, 52)",b'& operator=(std::initializer_list<char> il)'
Source,../repos/CMake/Source/cmString.hxx,"(360, 8)-(360, 48)",b'char operator[](size_type pos) const noexcept...'
Source,../repos/CMake/Source/cmString.hxx,"(410, 66)-(411, 11)",b'typename std::enable_if<AsStringView<T>::valu...'
Source,../repos/CMake/Source/cmString.hxx,"(711, 13)-(711, 57)","b'inline bool operator==(const String& l, const...'"
Source,../repos/CMake/Source/cmString.hxx,"(716, 61)-(717, 26)",b'typename std::enable_if<IsComparable<L>::valu...'
Source,../repos/CMake/Source/cmString.hxx,"(722, 61)-(723, 26)",b'typename std::enable_if<IsComparable<R>::valu...'
Source,../repos/CMake/Source/cmString.hxx,"(728, 13)-(728, 57)","b'inline bool operator!=(const String& l, const...'"
Source,../repos/CMake/Source/cmString.hxx,"(733, 61)-(734, 26)",b'typename std::enable_if<IsComparable<L>::valu...'
Source,../repos/CMake/Source/cmString.hxx,"(739, 61)-(740, 26)",b'typename std::enable_if<IsComparable<R>::valu...'
Source,../repos/CMake/Source/cmString.hxx,"(745, 13)-(745, 56)","b'inline bool operator<(const String& l, const ...'"
Source,../repos/CMake/Source/cmString.hxx,"(750, 61)-(751, 26)",b'typename std::enable_if<IsComparable<L>::valu...'
Source,../repos/CMake/Source/cmString.hxx,"(756, 61)-(757, 26)",b'typename std::enable_if<IsComparable<R>::valu...'
Source,../repos/CMake/Source/cmString.hxx,"(762, 13)-(762, 57)","b'inline bool operator<=(const String& l, const...'"
Source,../repos/CMake/Source/cmString.hxx,"(767, 61)-(768, 26)",b'typename std::enable_if<IsComparable<L>::valu...'
Source,../repos/CMake/Source/cmString.hxx,"(773, 61)-(774, 26)",b'typename std::enable_if<IsComparable<R>::valu...'
Source,../repos/CMake/Source/cmString.hxx,"(779, 13)-(779, 56)","b'inline bool operator>(const String& l, const ...'"
Source,../repos/CMake/Source/cmString.hxx,"(784, 61)-(785, 26)",b'typename std::enable_if<IsComparable<L>::valu...'
Source,../repos/CMake/Source/cmString.hxx,"(790, 61)-(791, 26)",b'typename std::enable_if<IsComparable<R>::valu...'
Source,../repos/CMake/Source/cmString.hxx,"(796, 13)-(796, 57)","b'inline bool operator>=(const String& l, const...'"
Source,../repos/CMake/Source/cmString.hxx,"(801, 61)-(802, 26)",b'typename std::enable_if<IsComparable<L>::valu...'
Source,../repos/CMake/Source/cmString.hxx,"(807, 61)-(808, 26)",b'typename std::enable_if<IsComparable<R>::valu...'
Source,../repos/CMake/Source/cmString.hxx,"(813, 15)-(813, 60)","b'& operator<<(std::ostream& os, String const& s)'"
Source,../repos/CMake/Source/cmString.hxx,"(814, 14)-(814, 60)","b'& operator+=(std::string& self, String const& s)'"
Source,../repos/CMake/Source/cmString.hxx,"(864, 14)-(864, 69)","b'& operator+=(std::string& s, StringOpPlus<L, ...'"
Source,../repos/CMake/Source/cmString.hxx,"(873, 9)-(873, 59)","b'& operator+=(String& s, StringOpPlus<L, R> co...'"
Source,../repos/CMake/Source/cmString.hxx,"(885, 15)-(885, 72)","b'& operator<<(std::ostream& os, StringOpPlus<L...'"
Source,../repos/CMake/Source/cmString.hxx,"(900, 1)-(900, 24)",b'typename std::enable_if<StringAdd<L>::value &...'
Source,../repos/CMake/Source/cmString.hxx,"(907, 61)-(908, 40)",b'typename std::enable_if<AsStringView<R>::valu...'
Source,../repos/CMake/Source/cmString.hxx,"(914, 61)-(915, 40)",b'typename std::enable_if<AsStringView<L>::valu...'
Source,../repos/CMake/Source/cmString.hxx,"(930, 15)-(930, 64)",b'result_type operator()(argument_type const& s...'
Source,../repos/CMake/Source/cmJSONHelpers.h,"(104, 10)-(104, 80)","b'bool operator()(T& out, const Json::Value* va...'"
Source,../repos/CMake/Source/cmListFileCache.cxx,"(26, 21)-(26, 55)",b'& operator=(const cmListFileParser&)'
Source,../repos/CMake/Source/cmListFileCache.cxx,"(461, 15)-(461, 73)","b'& operator<<(std::ostream& os, cmListFileCont...'"
Source,../repos/CMake/Source/cmListFileCache.cxx,"(475, 6)-(475, 75)","b'bool operator<(const cmListFileContext& lhs, ...'"
Source,../repos/CMake/Source/cmListFileCache.cxx,"(483, 6)-(483, 76)","b'bool operator==(const cmListFileContext& lhs,...'"
Source,../repos/CMake/Source/cmListFileCache.cxx,"(488, 6)-(488, 76)","b'bool operator!=(const cmListFileContext& lhs,...'"
Source,../repos/CMake/Source/cmListFileCache.cxx,"(493, 15)-(493, 69)","b'& operator<<(std::ostream& os, BT<std::string...'"
Source,../repos/CMake/Source/cmSourceGroup.h,"(34, 18)-(34, 49)",b'& operator=(cmSourceGroup const&)'
Source,../repos/CMake/Source/cmUVHandlePtr.h,"(44, 16)-(44, 45)",b'& operator=(uv_loop_ptr const&)'
Source,../repos/CMake/Source/cmUVHandlePtr.h,"(46, 16)-(46, 49)",b'& operator=(uv_loop_ptr&&) noexcept'
Source,../repos/CMake/Source/cmUVHandlePtr.h,"(68, 14)-(68, 41)",b'* operator->() const noexcept'
Source,../repos/CMake/Source/cmUVHandlePtr.h,"(69, 14)-(69, 31)",b'& operator*() const'
Source,../repos/CMake/Source/cmUVHandlePtr.h,"(105, 24)-(105, 61)",b'& operator=(uv_handle_ptr_base_ const&)'
Source,../repos/CMake/Source/cmUVHandlePtr.h,"(107, 24)-(107, 65)",b'& operator=(uv_handle_ptr_base_&&) noexcept'
Source,../repos/CMake/Source/cmUVHandlePtr.h,"(157, 6)-(157, 33)",b'* operator->() const noexcept'
Source,../repos/CMake/Source/cmFileLock.h,"(29, 15)-(29, 43)",b'& operator=(cmFileLock const&)'
Source,../repos/CMake/Source/cmFileLock.h,"(30, 15)-(30, 47)",b'& operator=(cmFileLock&&) noexcept'
Source,../repos/CMake/Source/cmcmd.cxx,"(2233, 22)-(2234, 66)","b'& operator<<(std::ostream& stream,\n          ...'"
Source,../repos/CMake/Source/cmNinjaLinkLineComputer.h,"(24, 28)-(24, 69)",b'& operator=(cmNinjaLinkLineComputer const&)'
Source,../repos/CMake/Source/cmStandardLevel.h,"(17, 15)-(17, 76)","b'bool operator<(cmStandardLevel const& l, cmSt...'"
Source,../repos/CMake/Source/cmLinkLineComputer.h,"(28, 23)-(28, 59)",b'& operator=(cmLinkLineComputer const&)'
Source,../repos/CMake/Source/cmXMLWriter.h,"(24, 16)-(24, 45)",b'& operator=(cmXMLWriter const&)'
Source,../repos/CMake/Source/cmXMLWriter.h,"(145, 18)-(145, 49)",b'& operator=(const cmXMLDocument&)'
Source,../repos/CMake/Source/cmXMLWriter.h,"(173, 17)-(173, 47)",b'& operator=(const cmXMLElement&)'
Source,../repos/CMake/Source/cmConsoleBuf.h,"(21, 17)-(21, 47)",b'& operator=(cmConsoleBuf const&)'
Source,../repos/CMake/Source/cmTargetDepend.h,"(32, 28)-(32, 46)",b'* operator->() const'
Source,../repos/CMake/Source/cmTargetDepend.h,"(33, 28)-(33, 45)",b'& operator*() const'
Source,../repos/CMake/Source/cmTargetDepend.h,"(34, 15)-(34, 74)","b'bool operator<(cmTargetDepend const& l, cmTar...'"
Source,../repos/CMake/Source/cmMakefile.h,"(102, 15)-(102, 43)",b'& operator=(cmMakefile const&)'
Source,../repos/CMake/Source/cmMakefile.h,"(166, 10)-(166, 75)","b'void operator()(cmLocalGenerator& lg, const c...'"
Source,../repos/CMake/Source/cmMakefile.h,"(387, 20)-(387, 51)",b'& operator=(const PolicyPushPop&)'
Source,../repos/CMake/Source/cmMakefile.h,"(402, 22)-(402, 55)",b'& operator=(VariablePushPop const&)'
Source,../repos/CMake/Source/cmMakefile.h,"(873, 22)-(873, 55)",b'& operator=(const FunctionPushPop&)'
Source,../repos/CMake/Source/cmMakefile.h,"(890, 19)-(890, 49)",b'& operator=(const MacroPushPop&)'
Source,../repos/CMake/Source/cmMakefile.h,"(969, 19)-(969, 49)",b'& operator=(ScopePushPop const&)'
Source,../repos/CMake/Source/cmLoadCommandCommand.cxx,"(77, 23)-(77, 59)",b'& operator=(SignalHandlerGuard const&)'
Source,../repos/CMake/Source/cmLoadCommandCommand.cxx,"(105, 22)-(105, 57)",b'& operator=(LoadedCommandImpl const&)'
Source,../repos/CMake/Source/cmAlgorithms.h,"(48, 8)-(48, 51)",b'bool operator()(argument_type const& item) co...'
Source,../repos/CMake/Source/cmAlgorithms.h,"(110, 17)-(110, 53)",b'std::size_t operator()(ForwardIterator it) co...'
Source,../repos/CMake/Source/cmAlgorithms.h,"(118, 10)-(118, 68)","b'bool operator()(ForwardIterator it1, ForwardI...'"
Source,../repos/CMake/Source/cmQtAutoGenInitializer.cxx,"(149, 28)-(150, 49)",b'std::vector<std::string> operator()(\n    std:...'
Source,../repos/CMake/Source/cmGeneratorExpressionEvaluator.h,"(24, 35)-(25, 43)",b'& operator=(\n    cmGeneratorExpressionEvaluat...'
Source,../repos/CMake/Source/cmQtAutoGen.h,"(49, 10)-(49, 55)",b'bool operator>(IntegerVersion const version) ...'
Source,../repos/CMake/Source/cmQtAutoGen.h,"(55, 10)-(55, 56)",b'bool operator>=(IntegerVersion const version)...'
Source,../repos/CMake/Source/cmGlobalXCodeGenerator.h,"(46, 33)-(46, 73)",b'& operator=(const cmGlobalXCodeGenerator&)'
Source,../repos/CMake/Source/cmFileTimes.cxx,"(46, 8)-(46, 25)",b'bool operator!() const { return this->handle_...'
Source,../repos/CMake/Source/cmQtAutoGenerator.h,"(86, 22)-(86, 57)",b'& operator=(cmQtAutoGenerator const&)'
Source,../repos/CMake/Source/cmExportSet.h,"(28, 16)-(28, 45)",b'& operator=(const cmExportSet&)'
Source,../repos/CMake/Source/cmExportSet.h,"(92, 16)-(92, 51)",b'& operator[](const std::string& name)'
Source,../repos/CMake/Source/CPack/WiX/cmWIXPatchParser.h,"(39, 28)-(39, 63)",b'& operator=(const cmWIXPatchElement&)'
Source,../repos/CMake/Source/CPack/WiX/cmCPackWIXGenerator.h,"(28, 30)-(28, 67)",b'& operator=(const cmCPackWIXGenerator&)'
Source,../repos/CMake/Source/CPack/IFW/cmCPackIFWPackage.h,"(54, 10)-(54, 56)",b'bool operator<(const DependenceStruct& other)...'
Source,../repos/CMake/Source/CPack/cmCPackLog.h,"(30, 15)-(30, 43)",b'& operator=(const cmCPackLog&)'
Source,../repos/CMake/Source/CPack/cmCPackLog.h,"(134, 22)-(134, 76)","b'& operator<<(std::ostream& os, const cmCPackL...'"
Source,../repos/CMake/Source/CPack/cmCPackFreeBSDGenerator.cxx,"(118, 24)-(119, 57)","b'& operator<<(cmGeneratedFileStream& s,\n      ...'"
Source,../repos/CMake/Source/CPack/cmCPackFreeBSDGenerator.cxx,"(206, 25)-(206, 57)",b'& operator<<(const std::string& v)'
Source,../repos/CMake/Source/CPack/cmCPackFreeBSDGenerator.cxx,"(212, 25)-(212, 70)",b'& operator<<(const std::vector<std::string>& v)'
Source,../repos/CMake/Source/CPack/cmCPackFreeBSDGenerator.cxx,"(256, 24)-(257, 56)","b'& operator<<(cmGeneratedFileStream& s,\n      ...'"
Source,../repos/CMake/Source/cmSystemTools.cxx,"(367, 22)-(367, 57)",b'& operator=(const cmSystemToolsArgV&)'
Source,../repos/CMake/Source/cmSystemTools.cxx,"(819, 30)-(819, 73)",b'& operator=(SaveRestoreFileAttributes const&)'
Source,../repos/CMake/Source/cmMSVC60LinkLineComputer.h,"(22, 29)-(22, 71)",b'& operator=(cmMSVC60LinkLineComputer const&)'
Source,../repos/CMake/Source/cmSearchPath.h,"(30, 17)-(30, 47)",b'& operator=(const cmSearchPath&)'
Source,../repos/CMake/Source/cmSearchPath.h,"(37, 10)-(37, 54)",b'bool operator<(const PathWithPrefix& other) c...'
Source,../repos/CMake/Source/cmFileTime.h,"(28, 15)-(28, 43)",b'& operator=(const cmFileTime&)'
Source,../repos/CMake/Source/CursesDialog/cmCursesPathWidget.h,"(20, 23)-(20, 59)",b'& operator=(cmCursesPathWidget const&)'
Source,../repos/CMake/Source/CursesDialog/cmCursesBoolWidget.h,"(18, 23)-(18, 59)",b'& operator=(cmCursesBoolWidget const&)'
Source,../repos/CMake/Source/CursesDialog/cmCursesLongMessageForm.h,"(27, 28)-(27, 69)",b'& operator=(cmCursesLongMessageForm const&)'
Source,../repos/CMake/Source/CursesDialog/cmCursesWidget.h,"(21, 19)-(21, 51)",b'& operator=(cmCursesWidget const&)'
Source,../repos/CMake/Source/CursesDialog/cmCursesFilePathWidget.h,"(15, 27)-(15, 67)",b'& operator=(cmCursesFilePathWidget const&)'
Source,../repos/CMake/Source/CursesDialog/cmCursesOptionsWidget.h,"(21, 26)-(21, 65)",b'& operator=(cmCursesOptionsWidget const&)'
Source,../repos/CMake/Source/CursesDialog/cmCursesMainForm.h,"(34, 21)-(34, 55)",b'& operator=(cmCursesMainForm const&)'
Source,../repos/CMake/Source/CursesDialog/cmCursesDummyWidget.h,"(18, 24)-(18, 61)",b'& operator=(cmCursesDummyWidget const&)'
Source,../repos/CMake/Source/CursesDialog/cmCursesCacheEntryComposite.h,"(24, 32)-(24, 77)",b'& operator=(cmCursesCacheEntryComposite const&)'
Source,../repos/CMake/Source/CursesDialog/cmCursesCacheEntryComposite.h,"(28, 32)-(28, 72)",b'& operator=(cmCursesCacheEntryComposite&&)'
Source,../repos/CMake/Source/CursesDialog/cmCursesLabelWidget.h,"(22, 24)-(22, 61)",b'& operator=(cmCursesLabelWidget const&)'
Source,../repos/CMake/Source/CursesDialog/cmCursesForm.h,"(20, 17)-(20, 47)",b'& operator=(cmCursesForm const&)'
Source,../repos/CMake/Source/cmArchiveWrite.h,"(63, 19)-(63, 51)",b'& operator=(const cmArchiveWrite&)'
Source,../repos/CMake/Source/cmArchiveWrite.h,"(82, 8)-(82, 25)",b'bool operator!() const { return !this->Okay(); }'
Source,../repos/CMake/Source/cmLinkItem.cxx,"(41, 6)-(41, 57)","b'bool operator<(cmLinkItem const& l, cmLinkIte...'"
Source,../repos/CMake/Source/cmLinkItem.cxx,"(66, 6)-(66, 58)","b'bool operator==(cmLinkItem const& l, cmLinkIt...'"
Source,../repos/CMake/Source/cmLinkItem.cxx,"(71, 15)-(71, 67)","b'& operator<<(std::ostream& os, cmLinkItem con...'"
Source,../repos/CMake/Source/cmDependsC.h,"(36, 15)-(36, 43)",b'& operator=(cmDependsC const&)'
Source,../repos/CMake/Source/cmCTest.h,"(160, 12)-(160, 37)",b'& operator=(const cmCTest&)'
Source,../repos/CMake/Source/cmCTest.h,"(562, 22)-(562, 76)","b'& operator<<(std::ostream& os, const cmCTestL...'"
Source,../repos/CMake/Source/cmake.h,"(165, 10)-(165, 33)",b'& operator=(cmake const&)'
Source,../repos/CMake/Source/cmInstalledFile.h,"(35, 15)-(35, 41)",b'& operator=(const Property&)'
Source,../repos/CMake/Source/cmInstalledFile.h,"(47, 20)-(47, 53)",b'& operator=(const cmInstalledFile&)'
Source,../repos/CMake/Source/cmOSXBundleGenerator.h,"(46, 18)-(47, 55)",b'virtual void operator()(cmSourceFile const& s...'
Source,../repos/CMake/Source/cmInstallGenerator.h,"(42, 23)-(42, 59)",b'& operator=(cmInstallGenerator const&)'
Source,../repos/CMake/Source/cmFortranParser.h,"(148, 22)-(148, 57)",b'& operator=(const cmFortranParser_s&)'
Source,../repos/CMake/Source/cmWorkingDirectory.h,"(25, 23)-(25, 59)",b'& operator=(const cmWorkingDirectory&)'
Source,../repos/CMake/Source/cmList.h,"(149, 11)-(149, 35)",b'& operator=(const cmList&)'
Source,../repos/CMake/Source/cmList.h,"(150, 11)-(150, 30)",b'& operator=(cmList&&)'
Source,../repos/CMake/Source/cmList.h,"(152, 11)-(152, 43)",b'& operator=(cm::string_view value)'
Source,../repos/CMake/Source/cmList.h,"(157, 11)-(157, 46)",b'& operator=(std::string const& value)'
Source,../repos/CMake/Source/cmList.h,"(162, 11)-(162, 35)",b'& operator=(cmValue value)'
Source,../repos/CMake/Source/cmList.h,"(173, 11)-(173, 48)",b'& operator=(const container_type& init)'
Source,../repos/CMake/Source/cmList.h,"(178, 11)-(178, 43)",b'& operator=(container_type&& init)'
Source,../repos/CMake/Source/cmList.h,"(185, 11)-(185, 61)",b'& operator=(std::initializer_list<std::string...'
Source,../repos/CMake/Source/cmList.h,"(306, 13)-(306, 38)",b'reference operator[](size_type pos) { return ...'
Source,../repos/CMake/Source/cmList.h,"(307, 19)-(307, 50)",b'const_reference operator[](size_type pos) con...'
Source,../repos/CMake/Source/cmList.h,"(1138, 22)-(1138, 79)","b'inline bool operator==(const cmList& lhs, con...'"
Source,../repos/CMake/Source/cmList.h,"(1142, 22)-(1142, 79)","b'inline bool operator!=(const cmList& lhs, con...'"
Source,../repos/CMake/Source/cmList.h,"(1303, 34)-(1304, 61)","b'& operator+=(std::vector<std::string>& l,\n   ...'"
Source,../repos/CMake/Source/cmList.h,"(1309, 34)-(1310, 56)","b'& operator+=(std::vector<std::string>& l,\n   ...'"
Source,../repos/CMake/Source/cmOutputRequiredFilesCommand.cxx,"(104, 15)-(104, 43)",b'& operator=(const cmLBDepend&)'
Source,../repos/CMake/Source/cmStateSnapshot.cxx,"(438, 6)-(438, 72)","b'bool operator==(const cmStateSnapshot& lhs, c...'"
Source,../repos/CMake/Source/cmStateSnapshot.cxx,"(443, 6)-(443, 72)","b'bool operator!=(const cmStateSnapshot& lhs, c...'"
Source,../repos/CMake/Source/kwsys/SystemInformation.cxx,"(1287, 15)-(1287, 71)","b'& operator<<(std::ostream& os, const SymbolPr...'"
Source,../repos/CMake/Source/kwsys/SystemTools.cxx,"(441, 8)-(441, 60)","b'bool operator()(const envchar* l, const envch...'"
Source,../repos/CMake/Source/kwsys/SystemTools.cxx,"(482, 11)-(482, 33)",b'& operator=(const Free&)'
Source,../repos/CMake/Source/kwsys/SystemTools.cxx,"(509, 10)-(509, 51)",b'size_t operator()(std::string const& path) co...'
Source,../repos/CMake/Source/kwsys/SystemTools.cxx,"(523, 8)-(523, 68)","b'bool operator()(std::string const& l, std::st...'"
Source,../repos/CMake/Source/cmMacroCommand.cxx,"(34, 8)-(35, 53)",b'bool operator()(std::vector<cmListFileArgumen...'
Source,../repos/CMake/Source/cmFunctionCommand.cxx,"(43, 8)-(44, 53)",b'bool operator()(std::vector<cmListFileArgumen...'
Source,../repos/CMake/Source/cmUVProcessChain.h,"(102, 21)-(102, 61)",b'& operator=(const cmUVProcessChain& other)'
Source,../repos/CMake/Source/cmUVProcessChain.h,"(103, 21)-(103, 65)",b'& operator=(cmUVProcessChain&& other) noexcept'
Source,../repos/CMake/Source/cmFileCommand.cxx,"(1824, 18)-(1824, 49)",b'& operator=(const cURLEasyGuard&)'
Source,../repos/CMake/Source/cmString.cxx,"(130, 15)-(130, 60)","b'& operator<<(std::ostream& os, String const& s)'"
Source,../repos/CMake/Source/cmString.cxx,"(135, 14)-(135, 60)","b'& operator+=(std::string& self, String const& s)'"
Source,../repos/CMake/Source/cmGlobalXCodeGenerator.cxx,"(902, 40)-(903, 48)",b'& operator=(\n    XCodeGeneratorExpressionInte...'
Source,../repos/CMake/Source/cmGlobalXCodeGenerator.cxx,"(1332, 8)-(1332, 52)","b'bool operator()(cmSourceFile* l, cmSourceFile...'"
Source,../repos/CMake/Source/cmGlobalXCodeGenerator.cxx,"(1340, 8)-(1340, 60)","b'bool operator()(cmXCodeObject* l, cmXCodeObje...'"
Source,../repos/CMake/Source/cmComputeLinkDepends.h,"(40, 25)-(40, 63)",b'& operator=(const cmComputeLinkDepends&)'
Source,../repos/CMake/Source/cmInstallExportGenerator.h,"(37, 29)-(37, 71)",b'& operator=(const cmInstallExportGenerator&)'
Source,../repos/CMake/Source/cmGlobVerificationManager.h,"(65, 10)-(65, 49)",b'bool operator<(const CacheEntryKey& r) const;'
Source,../repos/CMake/Source/cmWorkerPool.h,"(49, 11)-(49, 33)",b'& operator=(JobT const&)'
Source,../repos/CMake/Source/cmWindowsRegistry.cxx,"(527, 10)-(527, 69)",b'size_t operator()(cmWindowsRegistry::View con...'
Source,../repos/CMake/Source/cmMakefile.cxx,"(464, 19)-(464, 51)",b'& operator=(const cmMakefileCall&)'
Source,../repos/CMake/Source/cmMakefile.cxx,"(566, 17)-(566, 47)",b'& operator=(const IncludeScope&)'
Source,../repos/CMake/Source/cmMakefile.cxx,"(757, 18)-(757, 49)",b'& operator=(const ListFileScope&)'
Source,../repos/CMake/Source/cmMakefile.cxx,"(784, 15)-(784, 43)",b'& operator=(const DeferScope&)'
Source,../repos/CMake/Source/cmMakefile.cxx,"(805, 19)-(805, 51)",b'& operator=(const DeferCallScope&)'
Source,../repos/CMake/Source/cmMakefile.cxx,"(1040, 8)-(1040, 49)",b'bool operator()(const std::string& path) cons...'
Source,../repos/CMake/Source/cmMakefile.cxx,"(1716, 25)-(1716, 63)",b'& operator=(const BuildsystemFileScope&)'
Source,../repos/CMake/Source/cmMakefileTargetGenerator.h,"(39, 30)-(39, 73)",b'& operator=(const cmMakefileTargetGenerator&)'
Source,../repos/CMake/Source/cmMakefileTargetGenerator.h,"(98, 10)-(99, 56)","b'void operator()(cmSourceFile const& source, c...'"
Source,../repos/CMake/Source/cmExpandedCommandArgument.h,"(26, 8)-(26, 43)",b'bool operator==(const char* value) const;'
Source,../repos/CMake/Source/cmExpandedCommandArgument.h,"(27, 8)-(27, 50)",b'bool operator==(std::string const& value) const;'
Source,../repos/CMake/Source/cmCryptoHash.h,"(38, 17)-(38, 47)",b'& operator=(cmCryptoHash const&)'
Source,../repos/CMake/Source/cmMachO.cxx,"(193, 20)-(193, 53)",b'& operator=(const cmMachOInternal&)'
Source,../repos/CMake/Source/cmLocalUnixMakefileGenerator3.cxx,"(89, 8)-(89, 46)",b'bool operator()(const std::string& p) const\n ...'
Source,../repos/CMake/Source/cmOrderDirectories.cxx,"(422, 8)-(422, 50)","b'bool operator()(ConflictPair l, ConflictPair ...'"
Source,../repos/CMake/Source/cmLinkLineDeviceComputer.h,"(29, 29)-(29, 71)",b'& operator=(cmLinkLineDeviceComputer const&)'
Source,../repos/CMake/Source/cmDepends.h,"(34, 14)-(34, 41)",b'& operator=(cmDepends const&)'
Source,../repos/CMake/Source/cmLocale.h,"(22, 17)-(22, 47)",b'& operator=(cmLocaleRAII const&)'
Source,../repos/CMake/Source/cmSourceFileLocation.h,"(36, 25)-(36, 63)",b'& operator=(cmSourceFileLocation const&)'
Source,../repos/CMake/Source/cmFileTimeCache.h,"(22, 20)-(22, 53)",b'& operator=(const cmFileTimeCache&)'
Source,../repos/CMake/Source/cmQtAutoRcc.cxx,"(33, 17)-(33, 47)",b'& operator=(cmQtAutoRccT const&)'
Source,../repos/CMake/Source/cmELF.h,"(29, 10)-(29, 33)",b'& operator=(const cmELF&)'
Source,../repos/CMake/Source/cmLinkedTree.h,"(55, 10)-(55, 22)",b'void operator++()\n    {\n      assert(this->Tr...'
Source,../repos/CMake/Source/cmLinkedTree.h,"(64, 17)-(64, 35)",b'PointerType operator->() const\n    {\n      as...'
Source,../repos/CMake/Source/cmLinkedTree.h,"(73, 17)-(73, 29)",b'PointerType operator->()\n    {\n      assert(t...'
Source,../repos/CMake/Source/cmLinkedTree.h,"(82, 19)-(82, 36)",b'ReferenceType operator*() const\n    {\n      a...'
Source,../repos/CMake/Source/cmLinkedTree.h,"(91, 19)-(91, 30)",b'ReferenceType operator*()\n    {\n      assert(...'
Source,../repos/CMake/Source/cmLinkedTree.h,"(100, 10)-(100, 42)",b'bool operator==(iterator other) const\n    {\n ...'
Source,../repos/CMake/Source/cmLinkedTree.h,"(108, 10)-(108, 42)",b'bool operator!=(iterator other) const\n    {\n ...'
Source,../repos/CMake/Source/cmVSSetupHelper.h,"(35, 7)-(35, 18)",b'* operator&()'
Source,../repos/CMake/Source/cmVSSetupHelper.h,"(36, 6)-(36, 18)",b'* operator->()'
Source,../repos/CMake/Source/cmVSSetupHelper.h,"(37, 6)-(37, 21)",b'* operator=(T* p)'
Source,../repos/CMake/Source/cmVSSetupHelper.h,"(79, 14)-(79, 45)",b'& operator=(const SmartBSTR& src)'
Source,../repos/CMake/Source/cmVSSetupHelper.h,"(81, 9)-(81, 28)",b'* operator&() throw()'
Source,../repos/CMake/Source/cmGlobalUnixMakefileGenerator3.h,"(74, 35)-(75, 43)",b'& operator=(\n    const cmGlobalUnixMakefileGe...'
Source,../repos/CMake/Source/cmStringAlgorithms.h,"(38, 8)-(38, 44)",b'bool operator()(cm::string_view sv) const { r...'
Source,../repos/CMake/Source/cmCMakePath.h,"(166, 16)-(166, 50)",b'& operator=(const cmCMakePath& path)'
Source,../repos/CMake/Source/cmCMakePath.h,"(173, 16)-(173, 54)",b'& operator=(cmCMakePath&& path) noexcept'
Source,../repos/CMake/Source/cmCMakePath.h,"(184, 16)-(184, 56)",b'& operator=(cm::filesystem::path&& source)'
Source,../repos/CMake/Source/cmCMakePath.h,"(189, 16)-(189, 47)",b'& operator=(std::string&& source)'
Source,../repos/CMake/Source/cmCMakePath.h,"(194, 16)-(194, 61)",b'& operator=(const cm::filesystem::path& source)'
Source,../repos/CMake/Source/cmCMakePath.h,"(199, 16)-(199, 52)",b'& operator=(const std::string& source)'
Source,../repos/CMake/Source/cmCMakePath.h,"(204, 16)-(204, 55)",b'& operator=(const cm::string_view source)'
Source,../repos/CMake/Source/cmCMakePath.h,"(209, 16)-(209, 45)",b'& operator=(const char* source)'
Source,../repos/CMake/Source/cmCMakePath.h,"(216, 16)-(216, 42)",b'& operator=(Source&& source)'
Source,../repos/CMake/Source/cmCMakePath.h,"(222, 16)-(222, 47)",b'& operator=(const Source& source)'
Source,../repos/CMake/Source/cmCMakePath.h,"(266, 16)-(266, 51)",b'& operator/=(const cmCMakePath& path)'
Source,../repos/CMake/Source/cmCMakePath.h,"(271, 16)-(271, 48)",b'& operator/=(const Source& source)'
Source,../repos/CMake/Source/cmCMakePath.h,"(314, 16)-(314, 51)",b'& operator+=(const cmCMakePath& path)'
Source,../repos/CMake/Source/cmCMakePath.h,"(319, 16)-(319, 48)",b'& operator+=(const Source& source)'
Source,../repos/CMake/Source/cmCMakePath.h,"(620, 22)-(621, 65)",b'inline bool operator==(const cmCMakePath& lhs...'
Source,../repos/CMake/Source/cmCMakePath.h,"(625, 22)-(626, 65)",b'inline bool operator!=(const cmCMakePath& lhs...'
Source,../repos/CMake/Source/cmCMakePath.h,"(631, 29)-(632, 62)",b'inline cmCMakePath operator/(const cmCMakePat...'
Source,../repos/CMake/Source/cmCMakePath.h,"(677, 13)-(677, 45)",b'& operator=(const iterator& other)'
Source,../repos/CMake/Source/cmCMakePath.h,"(688, 13)-(688, 30)",b'reference operator*() const { return this->Pa...'
Source,../repos/CMake/Source/cmCMakePath.h,"(690, 11)-(690, 29)",b'pointer operator->() const { return &this->Pa...'
Source,../repos/CMake/Source/cmCMakePath.h,"(692, 13)-(692, 25)",b'& operator++()'
Source,../repos/CMake/Source/cmCMakePath.h,"(700, 12)-(700, 27)",b'iterator operator++(int)\n  {\n    iterator it(...'
Source,../repos/CMake/Source/cmCMakePath.h,"(707, 13)-(707, 25)",b'& operator--()'
Source,../repos/CMake/Source/cmCMakePath.h,"(715, 12)-(715, 27)",b'iterator operator--(int)\n  {\n    iterator it(...'
Source,../repos/CMake/Source/cmCMakePath.h,"(724, 15)-(724, 59)","b'bool operator==(const iterator&, const iterator&);'"
Source,../repos/CMake/Source/cmCMakePath.h,"(749, 13)-(750, 57)",b'inline bool operator==(const cmCMakePath::ite...'
Source,../repos/CMake/Source/cmCMakePath.h,"(756, 13)-(757, 57)",b'inline bool operator!=(const cmCMakePath::ite...'
Source,../repos/CMake/Source/cmFileAPICodemodel.cxx,"(94, 15)-(94, 59)","b'bool operator==(JBT<T> const& l, JBT<T> const...'"
Source,../repos/CMake/Source/cmFileAPICodemodel.cxx,"(119, 15)-(119, 61)","b'bool operator==(JBTs<T> const& l, JBTs<T> con...'"
Source,../repos/CMake/Source/cmFileAPICodemodel.cxx,"(319, 17)-(319, 73)","b'bool operator==(IncludeEntry const& l, Includ...'"
Source,../repos/CMake/Source/cmFileAPICodemodel.cxx,"(334, 15)-(334, 69)","b'bool operator==(CompileData const& l, Compile...'"
Source,../repos/CMake/Source/cmFileAPICodemodel.cxx,"(350, 15)-(350, 54)",b'std::size_t operator()(CompileData const& in)...'
Source,../repos/CMake/Source/cmInstallRuntimeDependencySet.h,"(24, 34)-(25, 42)",b'& operator=(\n    const cmInstallRuntimeDepend...'
Source,../repos/CMake/Source/cmUVHandlePtr.cxx,"(22, 8)-(22, 41)",b'void operator()(uv_loop_t* loop) const;'
Source,../repos/CMake/Source/cmUVHandlePtr.cxx,"(88, 8)-(88, 40)",b'void operator()(T* type_handle) const { handl...'
Source,../repos/CMake/Source/cmUVHandlePtr.cxx,"(165, 8)-(165, 38)",b'void operator()(uv_async_t* handle)\n  {\n    s...'
Source,../repos/CMake/Source/cmUVHandlePtr.cxx,"(194, 8)-(194, 45)",b'void operator()(uv_signal_t* handle) const\n  ...'
Source,../repos/CMake/Source/cmBuildOptions.h,"(39, 19)-(39, 60)",b'& operator=(const cmBuildOptions&) noexcept'
Source,../repos/CMake/Source/cmScriptGenerator.h,"(33, 22)-(34, 64)","b'& operator<<(std::ostream& os,\n              ...'"
Source,../repos/CMake/Source/cmScriptGenerator.h,"(52, 22)-(52, 57)",b'& operator=(cmScriptGenerator const&)'
Source,../repos/CMake/Source/cmCMakePresetsGraph.h,"(67, 13)-(67, 47)",b'& operator=(const Preset& /*other*/)'
Source,../repos/CMake/Source/cmCMakePresetsGraph.h,"(70, 13)-(70, 42)",b'& operator=(Preset&& /*other*/)'
Source,../repos/CMake/Source/cmCMakePresetsGraph.h,"(75, 13)-(75, 42)",b'& operator=(Preset&& /*other*/)'
Source,../repos/CMake/Source/cmCMakePresetsGraph.h,"(106, 22)-(106, 65)",b'& operator=(const ConfigurePreset& /*other*/)'
Source,../repos/CMake/Source/cmCMakePresetsGraph.h,"(109, 22)-(109, 60)",b'& operator=(ConfigurePreset&& /*other*/)'
Source,../repos/CMake/Source/cmCMakePresetsGraph.h,"(114, 22)-(114, 60)",b'& operator=(ConfigurePreset&& /*other*/)'
Source,../repos/CMake/Source/cmCMakePresetsGraph.h,"(156, 18)-(156, 57)",b'& operator=(const BuildPreset& /*other*/)'
Source,../repos/CMake/Source/cmCMakePresetsGraph.h,"(159, 18)-(159, 52)",b'& operator=(BuildPreset&& /*other*/)'
Source,../repos/CMake/Source/cmCMakePresetsGraph.h,"(164, 18)-(164, 52)",b'& operator=(BuildPreset&& /*other*/)'
Source,../repos/CMake/Source/cmCMakePresetsGraph.h,"(188, 17)-(188, 55)",b'& operator=(const TestPreset& /*other*/)'
Source,../repos/CMake/Source/cmCMakePresetsGraph.h,"(191, 17)-(191, 50)",b'& operator=(TestPreset&& /*other*/)'
Source,../repos/CMake/Source/cmCMakePresetsGraph.h,"(196, 17)-(196, 50)",b'& operator=(TestPreset&& /*other*/)'
Source,../repos/CMake/Source/cmCMakePresetsGraph.h,"(322, 20)-(322, 61)",b'& operator=(const PackagePreset& /*other*/)'
Source,../repos/CMake/Source/cmCMakePresetsGraph.h,"(325, 20)-(325, 56)",b'& operator=(PackagePreset&& /*other*/)'
Source,../repos/CMake/Source/cmCMakePresetsGraph.h,"(330, 20)-(330, 56)",b'& operator=(PackagePreset&& /*other*/)'
Source,../repos/CMake/Source/cmCMakePresetsGraph.h,"(359, 21)-(359, 63)",b'& operator=(const WorkflowPreset& /*other*/)'
Source,../repos/CMake/Source/cmCMakePresetsGraph.h,"(362, 21)-(362, 58)",b'& operator=(WorkflowPreset&& /*other*/)'
Source,../repos/CMake/Source/cmCMakePresetsGraph.h,"(367, 21)-(367, 58)",b'& operator=(WorkflowPreset&& /*other*/)'
Source,../repos/CMake/Source/cmFindPackageCommand.h,"(233, 10)-(233, 52)",b'bool operator<(ConfigFileInfo const& rhs) con...'
Source,../repos/CMake/Source/cmFindPackageCommand.h,"(238, 10)-(238, 53)",b'bool operator==(ConfigFileInfo const& rhs) co...'
Source,../repos/CMake/Source/cmFindPackageCommand.h,"(243, 10)-(243, 53)",b'bool operator!=(ConfigFileInfo const& rhs) co...'
Source,../repos/CMake/Source/cmFindPackageCommand.h,"(261, 15)-(261, 64)",b'result_type operator()(argument_type const& s...'
Source,../repos/CMake/Source/cmList.cxx,"(71, 8)-(71, 45)",b'bool operator()(const std::string& target)\n  ...'
Source,../repos/CMake/Source/cmList.cxx,"(156, 8)-(156, 62)","b'bool operator()(const std::string& a, const s...'"
Source,../repos/CMake/Source/cmList.cxx,"(405, 23)-(405, 55)",b'virtual std::string operator()(const std::str...'
Source,../repos/CMake/Source/cmList.cxx,"(427, 15)-(427, 56)",b'std::string operator()(const std::string& s) ...'
Source,../repos/CMake/Source/cmList.cxx,"(456, 15)-(456, 56)",b'std::string operator()(const std::string& s) ...'
Source,../repos/CMake/Source/cmList.cxx,"(471, 15)-(471, 56)",b'std::string operator()(const std::string& s) ...'
Source,../repos/CMake/Source/cmList.cxx,"(483, 15)-(483, 56)",b'std::string operator()(const std::string& s) ...'
Source,../repos/CMake/Source/cmList.cxx,"(495, 15)-(495, 56)",b'std::string operator()(const std::string& s) ...'
Source,../repos/CMake/Source/cmList.cxx,"(507, 15)-(507, 56)",b'std::string operator()(const std::string& s) ...'
Source,../repos/CMake/Source/cmList.cxx,"(546, 15)-(546, 56)",b'std::string operator()(const std::string& s) ...'
Source,../repos/CMake/Source/cmXCOFF.h,"(40, 12)-(40, 41)",b'& operator=(cmXCOFF&&) noexcept'
Source,../repos/CMake/Source/cmXCOFF.h,"(41, 12)-(41, 37)",b'& operator=(cmXCOFF const&)'
Source,../repos/CMake/Source/cmVariableWatch.h,"(75, 11)-(75, 33)",b'& operator=(const Pair&)'
Source,../repos/CMake/Source/cmValue.h,"(27, 12)-(27, 52)",b'& operator=(const cmValue& other) noexcept'
Source,../repos/CMake/Source/cmValue.h,"(28, 12)-(28, 46)",b'& operator=(std::nullptr_t) noexcept'
Source,../repos/CMake/Source/cmValue.h,"(40, 22)-(40, 49)",b'* operator->() const noexcept'
Source,../repos/CMake/Source/cmValue.h,"(44, 22)-(44, 48)",b'& operator*() const noexcept'
Source,../repos/CMake/Source/cmValue.h,"(160, 15)-(160, 53)","b'& operator<<(std::ostream& o, cmValue v)'"
Source,../repos/CMake/Source/cmValue.h,"(162, 13)-(162, 54)","b'inline bool operator==(cmValue l, cmValue r) ...'"
Source,../repos/CMake/Source/cmValue.h,"(166, 13)-(166, 54)","b'inline bool operator!=(cmValue l, cmValue r) ...'"
Source,../repos/CMake/Source/cmValue.h,"(170, 13)-(170, 53)","b'inline bool operator<(cmValue l, cmValue r) n...'"
Source,../repos/CMake/Source/cmValue.h,"(174, 13)-(174, 54)","b'inline bool operator<=(cmValue l, cmValue r) ...'"
Source,../repos/CMake/Source/cmValue.h,"(178, 13)-(178, 53)","b'inline bool operator>(cmValue l, cmValue r) n...'"
Source,../repos/CMake/Source/cmValue.h,"(182, 13)-(182, 54)","b'inline bool operator>=(cmValue l, cmValue r) ...'"
Source,../repos/CMake/Source/cmValue.h,"(187, 13)-(187, 62)","b'inline bool operator==(cmValue l, cm::string_...'"
Source,../repos/CMake/Source/cmValue.h,"(191, 13)-(191, 62)","b'inline bool operator!=(cmValue l, cm::string_...'"
Source,../repos/CMake/Source/cmValue.h,"(195, 13)-(195, 61)","b'inline bool operator<(cmValue l, cm::string_v...'"
Source,../repos/CMake/Source/cmValue.h,"(199, 13)-(199, 62)","b'inline bool operator<=(cmValue l, cm::string_...'"
Source,../repos/CMake/Source/cmValue.h,"(203, 13)-(203, 61)","b'inline bool operator>(cmValue l, cm::string_v...'"
Source,../repos/CMake/Source/cmValue.h,"(207, 13)-(207, 62)","b'inline bool operator>=(cmValue l, cm::string_...'"
Source,../repos/CMake/Source/cmValue.h,"(212, 13)-(212, 59)","b'inline bool operator==(cmValue l, std::nullpt...'"
Source,../repos/CMake/Source/cmValue.h,"(216, 13)-(216, 59)","b'inline bool operator!=(cmValue l, std::nullpt...'"
Source,../repos/CMake/Source/cmValue.h,"(220, 13)-(220, 58)","b'inline bool operator<(cmValue l, std::nullptr...'"
Source,../repos/CMake/Source/cmValue.h,"(224, 13)-(224, 59)","b'inline bool operator<=(cmValue l, std::nullpt...'"
Source,../repos/CMake/Source/cmValue.h,"(228, 13)-(228, 58)","b'inline bool operator>(cmValue l, std::nullptr...'"
Source,../repos/CMake/Source/cmValue.h,"(232, 13)-(232, 59)","b'inline bool operator>=(cmValue l, std::nullpt...'"
Source,../repos/CMake/Source/cmFileLockPool.h,"(21, 19)-(21, 51)",b'& operator=(cmFileLockPool const&)'
Source,../repos/CMake/Source/cmFileLockPool.h,"(68, 16)-(68, 43)",b'& operator=(ScopePool const&)'
Source,../repos/CMake/Source/cmFileLockPool.h,"(69, 16)-(69, 47)",b'& operator=(ScopePool&&) noexcept'
Source,../repos/CMake/Source/cmTarget.cxx,"(1426, 24)-(1426, 69)",b'cmSourceFileLocation operator()(const std::st...'
Source,../repos/CMake/Source/cmTarget.cxx,"(1441, 8)-(1441, 45)",b'bool operator()(cmSourceFileLocation& loc)\n  ...'
Source,../repos/CMake/Source/cmTarget.cxx,"(1458, 8)-(1458, 48)",b'bool operator()(BT<std::string> const& entry)...'
Source,../repos/CMake/Source/cmOrderDirectories.h,"(30, 23)-(30, 59)",b'& operator=(const cmOrderDirectories&)'
Source,../repos/CMake/Source/cmRange.h,"(31, 19)-(31, 31)",b'& operator++()'
Source,../repos/CMake/Source/cmRange.h,"(38, 19)-(38, 31)",b'& operator--()'
Source,../repos/CMake/Source/cmRange.h,"(46, 8)-(46, 53)",b'bool operator==(FilterIterator const& other) ...'
Source,../repos/CMake/Source/cmRange.h,"(51, 8)-(51, 53)",b'bool operator!=(FilterIterator const& other) ...'
Source,../repos/CMake/Source/cmRange.h,"(56, 8)-(56, 60)",b'auto operator*() const -> decltype(*std::decl...'
Source,../repos/CMake/Source/cmRange.h,"(92, 22)-(92, 34)",b'& operator++()'
Source,../repos/CMake/Source/cmRange.h,"(98, 22)-(98, 34)",b'& operator--()'
Source,../repos/CMake/Source/cmRange.h,"(104, 8)-(104, 56)",b'bool operator==(TransformIterator const& othe...'
Source,../repos/CMake/Source/cmRange.h,"(109, 8)-(109, 56)",b'bool operator!=(TransformIterator const& othe...'
Source,../repos/CMake/Source/cmRange.h,"(114, 8)-(115, 70)",b'auto operator*() const\n    -> decltype(std::d...'
Source,../repos/CMake/Source/cmRange.h,"(214, 6)-(214, 73)","b'bool operator==(cmRange<Iter1> const& left, c...'"
Source,../repos/CMake/Source/CTest/cmCTestMultiProcessHandler.cxx,"(59, 8)-(59, 48)","b'bool operator()(int index1, int index2) const...'"
Source,../repos/CMake/Source/CTest/cmCTestCurl.h,"(20, 16)-(20, 45)",b'& operator=(const cmCTestCurl&)'
Source,../repos/CMake/Source/CTest/cmCTestTestHandler.cxx,"(69, 19)-(69, 51)",b'& operator=(const cmCTestCommand&)'
Source,../repos/CMake/Source/CTest/cmCTestTestHandler.cxx,"(71, 8)-(72, 45)",b'bool operator()(std::vector<cmListFileArgumen...'
Source,../repos/CMake/Source/CTest/cmCTestResourceAllocator.h,"(20, 10)-(20, 49)",b'bool operator==(const Resource& other) const;'
Source,../repos/CMake/Source/CTest/cmCTestResourceAllocator.h,"(21, 10)-(21, 49)",b'bool operator!=(const Resource& other) const;'
Source,../repos/CMake/Source/CTest/cmCTestTestHandler.h,"(118, 10)-(118, 71)",b'bool operator==(const cmCTestTestResourceRequ...'
Source,../repos/CMake/Source/CTest/cmCTestTestHandler.h,"(119, 10)-(119, 71)",b'bool operator!=(const cmCTestTestResourceRequ...'
Source,../repos/CMake/Source/CTest/cmCTestTestHandler.h,"(201, 10)-(202, 56)","b'bool operator()(const cmCTestTestResult& lhs,...'"
Source,../repos/CMake/Source/CTest/cmCTestHandlerCommand.cxx,"(67, 26)-(67, 65)",b'& operator=(const SaveRestoreErrorState&)'
Source,../repos/CMake/Source/CTest/cmCTestBuildAndTestHandler.cxx,"(150, 35)-(151, 43)",b'& operator=(\n    const cmCTestBuildAndTestCap...'
Source,../repos/CMake/Source/CTest/cmCTestBuildHandler.cxx,"(520, 8)-(520, 68)","b'bool operator()(std::string const& l, std::st...'"
Source,../repos/CMake/Source/CTest/cmCTestBuildHandler.cxx,"(692, 17)-(692, 47)",b'& operator=(const LaunchHelper&)'
Source,../repos/CMake/Source/CTest/cmCTestCoverageHandler.cxx,"(731, 33)-(732, 41)",b'& operator=(\n    const cmCTestCoverageHandler...'
Source,../repos/CMake/Source/CTest/cmCTestLaunchReporter.h,"(28, 26)-(28, 65)",b'& operator=(const cmCTestLaunchReporter&)'
Source,../repos/CMake/Source/CTest/cmUVJobServerClient.h,"(54, 24)-(54, 65)",b'& operator=(cmUVJobServerClient&&) noexcept'
Source,../repos/CMake/Source/CTest/cmUVJobServerClient.h,"(55, 24)-(55, 61)",b'& operator=(cmUVJobServerClient const&)'
Source,../repos/CMake/Source/CTest/cmCTestResourceSpec.h,"(26, 10)-(26, 49)",b'bool operator==(const Resource& other) const;'
Source,../repos/CMake/Source/CTest/cmCTestResourceSpec.h,"(27, 10)-(27, 49)",b'bool operator!=(const Resource& other) const;'
Source,../repos/CMake/Source/CTest/cmCTestResourceSpec.h,"(35, 10)-(35, 47)",b'bool operator==(const Socket& other) const;'
Source,../repos/CMake/Source/CTest/cmCTestResourceSpec.h,"(36, 10)-(36, 47)",b'bool operator!=(const Socket& other) const;'
Source,../repos/CMake/Source/CTest/cmCTestResourceSpec.h,"(44, 8)-(44, 58)",b'bool operator==(const cmCTestResourceSpec& ot...'
Source,../repos/CMake/Source/CTest/cmCTestResourceSpec.h,"(45, 8)-(45, 58)",b'bool operator!=(const cmCTestResourceSpec& ot...'
Source,../repos/CMake/Source/CTest/cmCTestLaunch.h,"(28, 18)-(28, 49)",b'& operator=(const cmCTestLaunch&)'
Source,../repos/CMake/Source/CTest/cmCTestScriptHandler.h,"(108, 31)-(108, 69)",b'& operator=(const cmCTestScriptHandler&)'
Source,../repos/CMake/Source/CTest/cmCTestBinPacker.h,"(18, 8)-(18, 65)",b'bool operator==(const cmCTestBinPackerAllocat...'
Source,../repos/CMake/Source/CTest/cmCTestBinPacker.h,"(19, 8)-(19, 65)",b'bool operator!=(const cmCTestBinPackerAllocat...'
Source,../repos/CMake/Source/cmGeneratorExpression.h,"(42, 26)-(42, 65)",b'& operator=(cmGeneratorExpression const&)'
Source,../repos/CMake/Source/cmGeneratorExpression.h,"(97, 34)-(98, 42)",b'& operator=(\n    cmCompiledGeneratorExpressio...'
Source,../repos/CMake/Source/cmGeneratorExpression.h,"(201, 37)-(202, 45)",b'& operator=(\n    cmGeneratorExpressionInterpr...'
Source,../repos/CMake/Source/cmDependsFortran.h,"(39, 21)-(39, 55)",b'& operator=(cmDependsFortran const&)'
Source,../repos/CMake/Source/cmStateSnapshot.h,"(65, 10)-(66, 54)","b'bool operator()(const cmStateSnapshot& lhs,\n ...'"
Source,../repos/CMake/Source/cmStateSnapshot.h,"(73, 15)-(74, 53)","b'bool operator==(const cmStateSnapshot& lhs,\n ...'"
Source,../repos/CMake/Source/cmStateSnapshot.h,"(75, 15)-(76, 53)","b'bool operator!=(const cmStateSnapshot& lhs,\n ...'"
Source,../repos/CMake/Source/cmStateSnapshot.h,"(87, 6)-(87, 72)","b'bool operator==(const cmStateSnapshot& lhs, c...'"
Source,../repos/CMake/Source/cmStateSnapshot.h,"(88, 6)-(88, 72)","b'bool operator!=(const cmStateSnapshot& lhs, c...'"
Source,../repos/CMake/Source/cmFindPackageCommand.cxx,"(63, 8)-(63, 72)","b'bool operator()(const std::string& lhs, const...'"
Source,../repos/CMake/Source/cmFindPackageCommand.cxx,"(101, 33)-(102, 41)",b'& operator=(\n    const cmFindPackageCommandHo...'
Source,../repos/CMake/Source/cmCustomCommandGenerator.h,"(55, 29)-(55, 71)",b'& operator=(const cmCustomCommandGenerator&)'
Source,../repos/CMake/Source/cmCustomCommandGenerator.h,"(57, 29)-(57, 66)",b'& operator=(cmCustomCommandGenerator&&)'
Source,../repos/CMake/Source/cmGeneratorExpressionNode.cxx,"(634, 19)-(634, 50)",b'const_reference operator[](size_type pos) con...'
Source,../repos/CMake/Source/cmMakefileProfilingData.h,"(39, 11)-(39, 33)",b'& operator=(const RAII&)'
Source,../repos/CMake/Source/cmMakefileProfilingData.h,"(40, 11)-(40, 37)",b'& operator=(RAII&&) noexcept'
Source,../repos/CMake/Source/cmDependsJavaParserHelper.h,"(28, 30)-(28, 73)",b'& operator=(const cmDependsJavaParserHelper&)'
Source,../repos/CMake/Source/cmGlobalVisualStudio14Generator.cxx,"(420, 8)-(420, 40)",b'bool operator()(std::string const& p)\n  {\n   ...'
Source,../repos/CMake/Source/cmGlobalVisualStudio14Generator.cxx,"(434, 8)-(434, 40)",b'bool operator()(std::string const& v)\n  {\n   ...'
Source,../repos/CMake/Source/cmListFileCache.h,"(43, 8)-(43, 53)",b'bool operator==(const cmListFileArgument& r) ...'
Source,../repos/CMake/Source/cmListFileCache.h,"(47, 8)-(47, 53)",b'bool operator!=(const cmListFileArgument& r) ...'
Source,../repos/CMake/Source/cmListFileCache.h,"(120, 22)-(120, 67)",b'& operator=(const cmListFileContext& /*other*/)'
Source,../repos/CMake/Source/cmListFileCache.h,"(122, 22)-(122, 71)",b'& operator=(cmListFileContext&& /*other*/) no...'
Source,../repos/CMake/Source/cmListFileCache.h,"(128, 22)-(128, 71)",b'& operator=(cmListFileContext&& /*other*/) no...'
Source,../repos/CMake/Source/cmListFileCache.h,"(163, 15)-(163, 66)","b'& operator<<(std::ostream&, cmListFileContext...'"
Source,../repos/CMake/Source/cmListFileCache.h,"(164, 6)-(164, 75)","b'bool operator<(const cmListFileContext& lhs, ...'"
Source,../repos/CMake/Source/cmListFileCache.h,"(165, 6)-(165, 76)","b'bool operator==(cmListFileContext const& lhs,...'"
Source,../repos/CMake/Source/cmListFileCache.h,"(166, 6)-(166, 76)","b'bool operator!=(cmListFileContext const& lhs,...'"
Source,../repos/CMake/Source/cmListFileCache.h,"(193, 15)-(193, 57)","b'bool operator==(BT<T> const& l, BT<T> const& ...'"
Source,../repos/CMake/Source/cmListFileCache.h,"(197, 15)-(197, 56)","b'bool operator<(BT<T> const& l, BT<T> const& r...'"
Source,../repos/CMake/Source/cmListFileCache.h,"(201, 15)-(201, 53)","b'bool operator==(BT<T> const& l, T const& r) {...'"
Source,../repos/CMake/Source/cmListFileCache.h,"(202, 15)-(202, 53)","b'bool operator==(T const& l, BT<T> const& r) {...'"
Source,../repos/CMake/Source/cmListFileCache.h,"(205, 15)-(205, 69)","b'& operator<<(std::ostream& os, BT<std::string...'"
Source,../repos/CMake/Source/cmListFileCache.h,"(221, 15)-(221, 59)","b'bool operator==(BTs<T> const& l, BTs<T> const...'"
Source,../repos/CMake/Source/cmListFileCache.h,"(225, 15)-(225, 58)","b'bool operator<(BTs<T> const& l, BTs<T> const&...'"
Source,../repos/CMake/Source/cmListFileCache.h,"(229, 15)-(229, 54)","b'bool operator==(BTs<T> const& l, T const& r) ...'"
Source,../repos/CMake/Source/cmListFileCache.h,"(230, 15)-(230, 54)","b'bool operator==(T const& l, BTs<T> const& r) ...'"
Source,../repos/CMake/Source/cmVisualStudio10TargetGenerator.h,"(39, 36)-(40, 44)",b'& operator=(\n    cmVisualStudio10TargetGenera...'
Source,../repos/CMake/Source/QtDialog/QCMakePreset.h,"(24, 6)-(24, 66)","b'bool operator==(const QCMakePreset& lhs, cons...'"
Source,../repos/CMake/Source/QtDialog/QCMakePreset.h,"(25, 6)-(25, 66)","b'bool operator!=(const QCMakePreset& lhs, cons...'"
Source,../repos/CMake/Source/QtDialog/QCMakePreset.h,"(26, 6)-(26, 65)","b'bool operator<(const QCMakePreset& lhs, const...'"
Source,../repos/CMake/Source/QtDialog/QCMakePreset.h,"(27, 6)-(27, 66)","b'bool operator<=(const QCMakePreset& lhs, cons...'"
Source,../repos/CMake/Source/QtDialog/QCMakePreset.h,"(28, 6)-(28, 65)","b'bool operator>(const QCMakePreset& lhs, const...'"
Source,../repos/CMake/Source/QtDialog/QCMakePreset.h,"(29, 6)-(29, 66)","b'bool operator>=(const QCMakePreset& lhs, cons...'"
Source,../repos/CMake/Source/QtDialog/QCMake.h,"(46, 8)-(46, 53)",b'bool operator==(const QCMakeProperty& other) ...'
Source,../repos/CMake/Source/QtDialog/QCMake.h,"(50, 8)-(50, 52)",b'bool operator<(const QCMakeProperty& other) c...'
Source,../repos/CMake/Source/QtDialog/QCMakePreset.cxx,"(5, 6)-(5, 66)","b'bool operator==(const QCMakePreset& lhs, cons...'"
Source,../repos/CMake/Source/QtDialog/QCMakePreset.cxx,"(14, 6)-(14, 66)","b'bool operator!=(const QCMakePreset& lhs, cons...'"
Source,../repos/CMake/Source/QtDialog/QCMakePreset.cxx,"(19, 6)-(19, 65)","b'bool operator<(const QCMakePreset& lhs, const...'"
Source,../repos/CMake/Source/QtDialog/QCMakePreset.cxx,"(40, 6)-(40, 66)","b'bool operator<=(const QCMakePreset& lhs, cons...'"
Source,../repos/CMake/Source/QtDialog/QCMakePreset.cxx,"(45, 6)-(45, 65)","b'bool operator>(const QCMakePreset& lhs, const...'"
Source,../repos/CMake/Source/QtDialog/QCMakePreset.cxx,"(50, 6)-(50, 66)","b'bool operator>=(const QCMakePreset& lhs, cons...'"
Source,../repos/CMake/Source/cmCPackPropertiesGenerator.h,"(28, 31)-(28, 75)",b'& operator=(cmCPackPropertiesGenerator const&)'
Source,../repos/CMake/Source/cmCLocaleEnvironmentScope.h,"(17, 30)-(17, 73)",b'& operator=(cmCLocaleEnvironmentScope const&)'
Source,../repos/CMake/Source/cmArchiveWrite.cxx,"(70, 10)-(70, 33)",b'& operator=(const Entry&)'
Source,../repos/CMake/Source/cmValue.cxx,"(119, 15)-(119, 53)","b'& operator<<(std::ostream& o, cmValue v)'"
Source,../repos/CMake/Source/cmDebuggerExceptionManager.h,"(43, 17)-(43, 48)",b'std::size_t operator()(MessageType t) const\n ...'
Source,../repos/CMake/Source/cmLocalVisualStudio7Generator.h,"(54, 40)-(55, 42)",b'& operator=(\n    const cmLocalVisualStudio7Ge...'
Source,../repos/CMake/Source/cmWorkerPool.cxx,"(386, 23)-(386, 59)",b'& operator=(cmWorkerPoolWorker const&)'
Source,../repos/CMake/Source/cmTarget.h,"(67, 13)-(67, 39)",b'& operator=(cmTarget const&)'
Source,../repos/CMake/Source/cmTarget.h,"(68, 13)-(68, 43)",b'& operator=(cmTarget&&) noexcept'
Source,../repos/CMake/Source/cmTarget.h,"(313, 10)-(313, 66)","b'bool operator()(cmTarget const* t1, cmTarget ...'"
Source,../repos/CMake/Source/cmDependsJava.h,"(27, 18)-(27, 49)",b'& operator=(cmDependsJava const&)'
Source,../repos/CMake/Source/cmBlockCommand.cxx,"(40, 22)-(40, 57)",b'& operator=(const BlockScopePushPop&)'
Source,../repos/CMake/Source/cmGlobalNinjaGenerator.cxx,"(81, 6)-(83, 72)",b'bool operator==(\n  const cmGlobalNinjaGenerat...'
Source,../repos/CMake/Source/cmGlobalNinjaGenerator.cxx,"(89, 6)-(91, 72)",b'bool operator!=(\n  const cmGlobalNinjaGenerat...'
Source,../repos/CMake/Source/cmGlobalNinjaGenerator.cxx,"(96, 6)-(98, 72)",b'bool operator<(\n  const cmGlobalNinjaGenerato...'
Source,../repos/CMake/Source/cmGlobalNinjaGenerator.cxx,"(106, 6)-(108, 72)",b'bool operator>(\n  const cmGlobalNinjaGenerato...'
Source,../repos/CMake/Source/cmGlobalNinjaGenerator.cxx,"(113, 6)-(115, 72)",b'bool operator<=(\n  const cmGlobalNinjaGenerat...'
Source,../repos/CMake/Source/cmGlobalNinjaGenerator.cxx,"(120, 6)-(122, 72)",b'bool operator>=(\n  const cmGlobalNinjaGenerat...'
Source,../repos/CMake/Source/cmDyndepCollation.h,"(38, 8)-(38, 51)",b'void operator()(cmCxxModuleExportInfo* ei) const;'
Source,../repos/CMake/Source/cmPathLabel.h,"(23, 8)-(23, 45)",b'bool operator<(const cmPathLabel& l) const;'
Source,../repos/CMake/Source/cmPathLabel.h,"(24, 8)-(24, 46)",b'bool operator==(const cmPathLabel& l) const;'
Source,../repos/CMake/Source/cmGlobalVisualStudioGenerator.h,"(139, 10)-(140, 54)","b'bool operator()(cmGeneratorTarget const* l,\n ...'"
Source,../repos/CMake/Source/cmTestGenerator.h,"(30, 20)-(30, 53)",b'& operator=(cmTestGenerator const&)'
Source,../repos/CMake/Source/cmXMLSafe.h,"(33, 24)-(33, 67)","b'& operator<<(std::ostream&, cmXMLSafe const&)'"
Source,../repos/CMake/Source/cmFileAPI.h,"(75, 17)-(75, 60)","b'bool operator<(Object const& l, Object const&...'"
Source,../repos/CMake/Source/cmFileAPI.h,"(82, 17)-(82, 61)","b'bool operator==(Object const& l, Object const...'"
Source,../repos/CMake/Source/cmFileAPI.h,"(86, 17)-(86, 61)","b'bool operator!=(Object const& l, Object const...'"
Source,../repos/CMake/Source/cmVariableWatchCommand.cxx,"(98, 8)-(98, 71)","b'void operator()(cmLocalGenerator&, const cmLi...'"
Source,../repos/CMake/Source/cmCommandArgumentParserHelper.h,"(25, 34)-(26, 42)",b'& operator=(\n    cmCommandArgumentParserHelpe...'
Source,../repos/CMake/Source/cmNinjaNormalTargetGenerator.cxx,"(279, 8)-(279, 42)",b'bool operator()(std::string const& cmd)\n  {\n ...'
Source,../repos/CMake/Source/cmIDEOptions.h,"(56, 16)-(56, 47)",b'& operator=(std::string const& r)'
Source,../repos/CMake/Source/cmIDEOptions.h,"(62, 16)-(62, 60)",b'& operator=(std::vector<std::string> const& r)'
Source,../repos/CMake/Source/cmState.h,"(68, 12)-(68, 37)",b'& operator=(const cmState&)'
Source,../repos/CMake/Source/cmGlobalGhsMultiGenerator.h,"(142, 10)-(143, 54)","b'bool operator()(cmGeneratorTarget const* l,\n ...'"
Source,../repos/CMake/Source/cmLinkItem.h,"(45, 15)-(45, 66)","b'bool operator<(cmLinkItem const& l, cmLinkIte...'"
Source,../repos/CMake/Source/cmLinkItem.h,"(46, 15)-(46, 67)","b'bool operator==(cmLinkItem const& l, cmLinkIt...'"
Source,../repos/CMake/Source/cmLinkItem.h,"(47, 24)-(47, 76)","b'& operator<<(std::ostream& os, cmLinkItem con...'"
Source,../repos/CMake/Source/cmQtAutoMocUic.cxx,"(58, 20)-(58, 53)",b'& operator=(cmQtAutoMocUicT const&)'
Source,../repos/CMake/Source/cmQtAutoMocUic.cxx,"(169, 20)-(169, 51)",b'& operator=(BaseSettingsT const&)'
Source,../repos/CMake/Source/cmQtAutoMocUic.cxx,"(216, 19)-(216, 49)",b'& operator=(MocSettingsT const&)'
Source,../repos/CMake/Source/cmQtAutoMocUic.cxx,"(276, 19)-(276, 49)",b'& operator=(UicSettingsT const&)'
