Repo name,File name,Location,Content
Source,../repos/CMake/Source/cmQtAutoGenGlobalInitializer.h,"(58, 3)-(58, 39)",b'friend class cmQtAutoGenInitializer;'
Source,../repos/CMake/Source/cmGlobalNinjaGenerator.h,"(644, 3)-(645, 72)",b'friend bool operator==(const ByConfig::Target...'
Source,../repos/CMake/Source/cmGlobalNinjaGenerator.h,"(646, 3)-(647, 72)",b'friend bool operator!=(const ByConfig::Target...'
Source,../repos/CMake/Source/cmGlobalNinjaGenerator.h,"(648, 3)-(649, 71)",b'friend bool operator<(const ByConfig::TargetD...'
Source,../repos/CMake/Source/cmGlobalNinjaGenerator.h,"(650, 3)-(651, 71)",b'friend bool operator>(const ByConfig::TargetD...'
Source,../repos/CMake/Source/cmGlobalNinjaGenerator.h,"(652, 3)-(653, 72)",b'friend bool operator<=(const ByConfig::Target...'
Source,../repos/CMake/Source/cmGlobalNinjaGenerator.h,"(654, 3)-(655, 72)",b'friend bool operator>=(const ByConfig::Target...'
Source,../repos/CMake/Source/cmGlobalVisualStudio9Generator.h,"(42, 3)-(42, 24)",b'friend class Factory;'
Source,../repos/CMake/Source/cmGeneratorTarget.h,"(972, 3)-(972, 42)",b'friend class cmTargetTraceDependencies;'
Source,../repos/CMake/Source/cmGeneratorTarget.h,"(1076, 3)-(1076, 45)",b'friend class cmTargetCollectLinkLanguages;'
Source,../repos/CMake/Source/cmNinjaTargetGenerator.h,"(230, 3)-(230, 44)",b'friend struct MacOSXContentGeneratorType;'
Source,../repos/CMake/Source/cmUVHandlePtr.h,"(84, 3)-(84, 36)",b'friend class uv_handle_ptr_base_;'
Source,../repos/CMake/Source/cmUVHandlePtr.h,"(176, 3)-(176, 31)",b'friend class uv_handle_ptr_;'
Source,../repos/CMake/Source/cmStandardLevel.h,"(17, 3)-(20, 4)",b'friend bool operator<(cmStandardLevel const& ...'
Source,../repos/CMake/Source/cmXMLWriter.h,"(148, 3)-(148, 29)",b'friend class cmXMLElement;'
Source,../repos/CMake/Source/cmTargetDepend.h,"(34, 3)-(37, 4)",b'friend bool operator<(cmTargetDepend const& l...'
Source,../repos/CMake/Source/cmMakefile.h,"(392, 3)-(392, 30)",b'friend class PolicyPushPop;'
Source,../repos/CMake/Source/cmMakefile.h,"(1178, 3)-(1178, 31)",b'friend class cmMakefileCall;'
Source,../repos/CMake/Source/cmMakefile.h,"(1179, 3)-(1179, 33)",b'friend class cmParseFileScope;'
Source,../repos/CMake/Source/cmMakefile.h,"(1190, 3)-(1191, 63)",b'friend bool cmCMakePolicyCommand(std::vector<...'
Source,../repos/CMake/Source/cmMakefile.h,"(1193, 3)-(1193, 29)",b'friend class IncludeScope;'
Source,../repos/CMake/Source/cmMakefile.h,"(1196, 3)-(1196, 30)",b'friend class ListFileScope;'
Source,../repos/CMake/Source/cmMakefile.h,"(1199, 3)-(1199, 27)",b'friend class DeferScope;'
Source,../repos/CMake/Source/cmMakefile.h,"(1202, 3)-(1202, 31)",b'friend class DeferCallScope;'
Source,../repos/CMake/Source/cmMakefile.h,"(1205, 3)-(1205, 37)",b'friend class BuildsystemFileScope;'
Source,../repos/CMake/Source/cmGlobalVisualStudioVersionedGenerator.h,"(88, 3)-(88, 26)",b'friend class Factory15;'
Source,../repos/CMake/Source/cmGlobalVisualStudioVersionedGenerator.h,"(90, 3)-(90, 26)",b'friend class Factory16;'
Source,../repos/CMake/Source/cmGlobalVisualStudioVersionedGenerator.h,"(92, 3)-(92, 26)",b'friend class Factory17;'
Source,../repos/CMake/Source/cmGlobalXCodeGenerator.h,"(311, 3)-(311, 40)",b'friend class BuildObjectListOrString;'
Source,../repos/CMake/Source/CPack/IFW/cmCPackIFWGenerator.h,"(120, 3)-(120, 34)",b'friend class cmCPackIFWPackage;'
Source,../repos/CMake/Source/CPack/IFW/cmCPackIFWGenerator.h,"(121, 3)-(121, 33)",b'friend class cmCPackIFWCommon;'
Source,../repos/CMake/Source/CPack/IFW/cmCPackIFWGenerator.h,"(122, 3)-(122, 36)",b'friend class cmCPackIFWInstaller;'
Source,../repos/CMake/Source/CPack/IFW/cmCPackIFWGenerator.h,"(123, 3)-(123, 37)",b'friend class cmCPackIFWRepository;'
Source,../repos/CMake/Source/cmLocalCommonGenerator.h,"(44, 3)-(44, 40)",b'friend class cmCommonTargetGenerator;'
Source,../repos/CMake/Source/CursesDialog/cmCursesWidget.h,"(61, 3)-(61, 33)",b'friend class cmCursesMainForm;'
Source,../repos/CMake/Source/CursesDialog/cmCursesCacheEntryComposite.h,"(33, 3)-(33, 33)",b'friend class cmCursesMainForm;'
Source,../repos/CMake/Source/cmArchiveWrite.h,"(152, 3)-(152, 26)",b'friend struct Callback;'
Source,../repos/CMake/Source/cmConditionEvaluator.cxx,"(141, 5)-(141, 55)",b'friend class cmConditionEvaluator::cmArgumentList;'
Source,../repos/CMake/Source/cmConditionEvaluator.cxx,"(168, 5)-(168, 55)",b'friend class cmConditionEvaluator::cmArgumentList;'
Source,../repos/CMake/Source/cmList.h,"(1138, 3)-(1141, 4)",b'friend inline bool operator==(const cmList& l...'
Source,../repos/CMake/Source/cmList.h,"(1142, 3)-(1145, 4)",b'friend inline bool operator!=(const cmList& l...'
Source,../repos/CMake/Source/cmUVProcessChain.h,"(53, 3)-(53, 33)",b'friend class cmUVProcessChain;'
Source,../repos/CMake/Source/cmUVProcessChain.h,"(118, 3)-(118, 40)",b'friend class cmUVProcessChainBuilder;'
Source,../repos/CMake/Source/cmGlobVerificationManager.h,"(83, 3)-(83, 24)",b'friend class cmState;'
Source,../repos/CMake/Source/cmWorkerPool.h,"(111, 5)-(111, 39)",b'friend class cmWorkerPoolInternal;'
Source,../repos/CMake/Source/cmMakefileTargetGenerator.h,"(104, 3)-(104, 44)",b'friend struct MacOSXContentGeneratorType;'
Source,../repos/CMake/Source/cmFindCommon.h,"(36, 3)-(36, 29)",b'friend class cmSearchPath;'
Source,../repos/CMake/Source/cmFindCommon.h,"(37, 3)-(37, 37)",b'friend class cmFindBaseDebugState;'
Source,../repos/CMake/Source/cmELF.h,"(112, 3)-(112, 30)",b'friend class cmELFInternal;'
Source,../repos/CMake/Source/cmLinkedTree.h,"(36, 5)-(36, 31)",b'friend class cmLinkedTree;'
Source,../repos/CMake/Source/cmCMakePath.h,"(620, 3)-(624, 4)",b'friend inline bool operator==(const cmCMakePa...'
Source,../repos/CMake/Source/cmCMakePath.h,"(625, 3)-(629, 4)",b'friend inline bool operator!=(const cmCMakePa...'
Source,../repos/CMake/Source/cmCMakePath.h,"(631, 3)-(638, 4)",b'friend inline cmCMakePath operator/(const cmC...'
Source,../repos/CMake/Source/cmCMakePath.h,"(641, 3)-(641, 67)",b'friend std::size_t hash_value(const cmCMakePa...'
Source,../repos/CMake/Source/cmCMakePath.h,"(723, 3)-(723, 28)",b'friend class cmCMakePath;'
Source,../repos/CMake/Source/cmCMakePath.h,"(724, 3)-(724, 60)","b'friend bool operator==(const iterator&, const...'"
Source,../repos/CMake/Source/cmFileAPICodemodel.cxx,"(94, 3)-(97, 4)","b'friend bool operator==(JBT<T> const& l, JBT<T...'"
Source,../repos/CMake/Source/cmFileAPICodemodel.cxx,"(119, 3)-(129, 4)","b'friend bool operator==(JBTs<T> const& l, JBTs...'"
Source,../repos/CMake/Source/cmFileAPICodemodel.cxx,"(319, 5)-(322, 6)","b'friend bool operator==(IncludeEntry const& l,...'"
Source,../repos/CMake/Source/cmFileAPICodemodel.cxx,"(334, 3)-(341, 4)","b'friend bool operator==(CompileData const& l, ...'"
Source,../repos/CMake/Source/cmGlobalVisualStudio12Generator.h,"(47, 3)-(47, 24)",b'friend class Factory;'
Source,../repos/CMake/Source/cmFindPackageStack.h,"(29, 3)-(29, 68)","b'friend class cmConstStack<cmFindPackageCall, ...'"
Source,../repos/CMake/Source/cmFindPackageCommand.h,"(250, 3)-(250, 43)",b'friend struct std::hash<ConfigFileInfo>;'
Source,../repos/CMake/Source/cmXMLParser.h,"(102, 3)-(102, 73)","b'friend void cmXMLParserStartElement(void*, co...'"
Source,../repos/CMake/Source/cmXMLParser.h,"(103, 3)-(103, 57)","b'friend void cmXMLParserEndElement(void*, cons...'"
Source,../repos/CMake/Source/cmXMLParser.h,"(104, 3)-(104, 72)",b'friend void cmXMLParserCharacterDataHandler(v...'
Source,../repos/CMake/Source/cmXCOFF.h,"(61, 3)-(61, 32)",b'friend class cmXCOFFInternal;'
Source,../repos/CMake/Source/cmGlobalVisualStudio14Generator.h,"(72, 3)-(72, 24)",b'friend class Factory;'
Source,../repos/CMake/Source/cmUVStream.h,"(118, 3)-(119, 72)",b'friend std::unique_ptr<cmUVStreamReadHandle> ...'
Source,../repos/CMake/Source/cmOrderDirectories.h,"(94, 3)-(94, 45)",b'friend class cmOrderDirectoriesConstraint;'
Source,../repos/CMake/Source/cmOrderDirectories.h,"(95, 3)-(95, 52)",b'friend class cmOrderDirectoriesConstraintLibrary;'
Source,../repos/CMake/Source/cmVisualStudioSlnParser.h,"(71, 3)-(71, 22)",b'friend class State;'
Source,../repos/CMake/Source/cmFindBase.h,"(40, 3)-(40, 37)",b'friend class cmFindBaseDebugState;'
Source,../repos/CMake/Source/CTest/cmCTestCVS.h,"(50, 3)-(50, 26)",b'friend class LogParser;'
Source,../repos/CMake/Source/CTest/cmCTestCVS.h,"(51, 3)-(51, 29)",b'friend class UpdateParser;'
Source,../repos/CMake/Source/CTest/cmCTestBZR.h,"(46, 3)-(46, 27)",b'friend class InfoParser;'
Source,../repos/CMake/Source/CTest/cmCTestBZR.h,"(47, 3)-(47, 26)",b'friend class LogParser;'
Source,../repos/CMake/Source/CTest/cmCTestBZR.h,"(48, 3)-(48, 28)",b'friend class RevnoParser;'
Source,../repos/CMake/Source/CTest/cmCTestBZR.h,"(49, 3)-(49, 29)",b'friend class UpdateParser;'
Source,../repos/CMake/Source/CTest/cmCTestBZR.h,"(50, 3)-(50, 29)",b'friend class StatusParser;'
Source,../repos/CMake/Source/CTest/cmCTestTestHandler.h,"(38, 3)-(38, 24)",b'friend class cmCTest;'
Source,../repos/CMake/Source/CTest/cmCTestTestHandler.h,"(39, 3)-(39, 31)",b'friend class cmCTestRunTest;'
Source,../repos/CMake/Source/CTest/cmCTestTestHandler.h,"(40, 3)-(40, 43)",b'friend class cmCTestMultiProcessHandler;'
Source,../repos/CMake/Source/CTest/cmCTestMultiProcessHandler.h,"(34, 3)-(34, 31)",b'friend class TestComparator;'
Source,../repos/CMake/Source/CTest/cmCTestMultiProcessHandler.h,"(35, 3)-(35, 31)",b'friend class cmCTestRunTest;'
Source,../repos/CMake/Source/CTest/cmCTestHG.h,"(40, 3)-(40, 31)",b'friend class IdentifyParser;'
Source,../repos/CMake/Source/CTest/cmCTestHG.h,"(41, 3)-(41, 26)",b'friend class LogParser;'
Source,../repos/CMake/Source/CTest/cmCTestHG.h,"(42, 3)-(42, 29)",b'friend class StatusParser;'
Source,../repos/CMake/Source/CTest/cmCTestMemCheckHandler.h,"(21, 3)-(21, 31)",b'friend class cmCTestRunTest;'
Source,../repos/CMake/Source/CTest/cmCTestP4.h,"(60, 3)-(60, 31)",b'friend class IdentifyParser;'
Source,../repos/CMake/Source/CTest/cmCTestP4.h,"(61, 3)-(61, 30)",b'friend class ChangesParser;'
Source,../repos/CMake/Source/CTest/cmCTestP4.h,"(62, 3)-(62, 27)",b'friend class UserParser;'
Source,../repos/CMake/Source/CTest/cmCTestP4.h,"(63, 3)-(63, 31)",b'friend class DescribeParser;'
Source,../repos/CMake/Source/CTest/cmCTestP4.h,"(64, 3)-(64, 27)",b'friend class DiffParser;'
Source,../repos/CMake/Source/CTest/cmCTestVC.h,"(94, 3)-(94, 22)",b'friend struct File;'
Source,../repos/CMake/Source/CTest/cmCTestGIT.h,"(51, 3)-(51, 29)",b'friend class CommitParser;'
Source,../repos/CMake/Source/CTest/cmCTestGIT.h,"(52, 3)-(52, 27)",b'friend class DiffParser;'
Source,../repos/CMake/Source/CTest/cmCTestGIT.h,"(53, 3)-(53, 30)",b'friend class OneLineParser;'
Source,../repos/CMake/Source/CTest/cmCTestBuildHandler.h,"(154, 3)-(154, 29)",b'friend class LaunchHelper;'
Source,../repos/CMake/Source/CTest/cmCTestSVN.h,"(70, 3)-(70, 26)",b'friend struct Revision;'
Source,../repos/CMake/Source/CTest/cmCTestSVN.h,"(99, 3)-(99, 27)",b'friend class InfoParser;'
Source,../repos/CMake/Source/CTest/cmCTestSVN.h,"(100, 3)-(100, 26)",b'friend class LogParser;'
Source,../repos/CMake/Source/CTest/cmCTestSVN.h,"(101, 3)-(101, 29)",b'friend class StatusParser;'
Source,../repos/CMake/Source/CTest/cmCTestSVN.h,"(102, 3)-(102, 29)",b'friend class UpdateParser;'
Source,../repos/CMake/Source/CTest/cmCTestSVN.h,"(103, 3)-(103, 31)",b'friend class ExternalParser;'
Source,../repos/CMake/Source/cmGeneratorExpression.h,"(162, 3)-(162, 38)",b'friend class cmGeneratorExpression;'
Source,../repos/CMake/Source/cmStateDirectory.h,"(86, 3)-(86, 32)",b'friend class cmStateSnapshot;'
Source,../repos/CMake/Source/cmStateSnapshot.h,"(73, 3)-(74, 54)",b'friend bool operator==(const cmStateSnapshot&...'
Source,../repos/CMake/Source/cmStateSnapshot.h,"(75, 3)-(76, 54)",b'friend bool operator!=(const cmStateSnapshot&...'
Source,../repos/CMake/Source/cmStateSnapshot.h,"(77, 3)-(77, 24)",b'friend class cmState;'
Source,../repos/CMake/Source/cmStateSnapshot.h,"(78, 3)-(78, 33)",b'friend class cmStateDirectory;'
Source,../repos/CMake/Source/cmStateSnapshot.h,"(79, 3)-(79, 33)",b'friend struct StrictWeakOrder;'
Source,../repos/CMake/Source/cmDebuggerVariablesManager.h,"(27, 3)-(27, 36)",b'friend class cmDebuggerVariables;'
Source,../repos/CMake/Source/cmLocalUnixMakefileGenerator3.h,"(253, 3)-(253, 42)",b'friend class cmMakefileTargetGenerator;'
Source,../repos/CMake/Source/cmLocalUnixMakefileGenerator3.h,"(254, 3)-(254, 52)",b'friend class cmMakefileExecutableTargetGenerator;'
Source,../repos/CMake/Source/cmLocalUnixMakefileGenerator3.h,"(255, 3)-(255, 49)",b'friend class cmMakefileLibraryTargetGenerator;'
Source,../repos/CMake/Source/cmLocalUnixMakefileGenerator3.h,"(256, 3)-(256, 49)",b'friend class cmMakefileUtilityTargetGenerator;'
Source,../repos/CMake/Source/cmLocalUnixMakefileGenerator3.h,"(257, 3)-(257, 47)",b'friend class cmGlobalUnixMakefileGenerator3;'
Source,../repos/CMake/Source/cmCacheManager.h,"(30, 5)-(30, 33)",b'friend class cmCacheManager;'
Source,../repos/CMake/Source/cmListFileCache.h,"(173, 3)-(173, 69)","b'friend class cmConstStack<cmListFileContext, ...'"
Source,../repos/CMake/Source/cmListFileCache.h,"(193, 3)-(196, 4)","b'friend bool operator==(BT<T> const& l, BT<T> ...'"
Source,../repos/CMake/Source/cmListFileCache.h,"(197, 3)-(200, 4)","b'friend bool operator<(BT<T> const& l, BT<T> c...'"
Source,../repos/CMake/Source/cmListFileCache.h,"(201, 3)-(201, 78)","b'friend bool operator==(BT<T> const& l, T cons...'"
Source,../repos/CMake/Source/cmListFileCache.h,"(202, 3)-(202, 78)","b'friend bool operator==(T const& l, BT<T> cons...'"
Source,../repos/CMake/Source/cmListFileCache.h,"(221, 3)-(224, 4)","b'friend bool operator==(BTs<T> const& l, BTs<T...'"
Source,../repos/CMake/Source/cmListFileCache.h,"(225, 3)-(228, 4)","b'friend bool operator<(BTs<T> const& l, BTs<T>...'"
Source,../repos/CMake/Source/cmListFileCache.h,"(229, 3)-(229, 79)","b'friend bool operator==(BTs<T> const& l, T con...'"
Source,../repos/CMake/Source/cmListFileCache.h,"(230, 3)-(230, 79)","b'friend bool operator==(T const& l, BTs<T> con...'"
Source,../repos/CMake/Source/cmVisualStudio10TargetGenerator.h,"(214, 3)-(214, 39)",b'friend class cmVS10GeneratorOptions;'
Source,../repos/CMake/Source/cmVisualStudio10TargetGenerator.cxx,"(180, 3)-(180, 57)",b'friend cmVisualStudio10TargetGenerator::Optio...'
Source,../repos/CMake/Source/cmGlobalGenerator.h,"(832, 3)-(832, 22)",b'friend class cmake;'
Source,../repos/CMake/Source/cmLocalVisualStudio7Generator.h,"(149, 3)-(149, 52)",b'friend class cmLocalVisualStudio7GeneratorFCInfo;'
Source,../repos/CMake/Source/cmLocalVisualStudio7Generator.h,"(150, 3)-(150, 55)",b'friend class cmLocalVisualStudio7GeneratorInt...'
Source,../repos/CMake/Source/cmLocalVisualStudio7Generator.h,"(154, 3)-(154, 28)",b'friend class EventWriter;'
Source,../repos/CMake/Source/cmTarget.h,"(335, 3)-(335, 34)",b'friend class cmGeneratorTarget;'
Source,../repos/CMake/Source/cmArgumentParser.h,"(236, 3)-(236, 35)",b'friend class ::cmArgumentParser;'
Source,../repos/CMake/Source/cmMachO.h,"(42, 3)-(42, 32)",b'friend class cmMachOInternal;'
Source,../repos/CMake/Source/cmDebuggerVariables.h,"(88, 3)-(88, 43)",b'friend class cmDebuggerVariablesManager;'
Source,../repos/CMake/Source/cmXMLSafe.h,"(33, 3)-(33, 68)",b'friend std::ostream& operator<<(std::ostream&...'
Source,../repos/CMake/Source/cmDebuggerThread.h,"(55, 3)-(56, 54)",b'friend dap::StackTraceResponse GetStackTraceR...'
Source,../repos/CMake/Source/cmFileAPI.h,"(75, 5)-(81, 6)","b'friend bool operator<(Object const& l, Object...'"
Source,../repos/CMake/Source/cmFileAPI.h,"(82, 5)-(85, 6)","b'friend bool operator==(Object const& l, Objec...'"
Source,../repos/CMake/Source/cmFileAPI.h,"(86, 5)-(89, 6)","b'friend bool operator!=(Object const& l, Objec...'"
Source,../repos/CMake/Source/cmState.h,"(44, 3)-(44, 32)",b'friend class cmStateSnapshot;'
Source,../repos/CMake/Source/cmState.h,"(257, 3)-(257, 22)",b'friend class cmake;'
Source,../repos/CMake/Source/cmLinkItem.h,"(45, 3)-(45, 67)","b'friend bool operator<(cmLinkItem const& l, cm...'"
Source,../repos/CMake/Source/cmLinkItem.h,"(46, 3)-(46, 68)","b'friend bool operator==(cmLinkItem const& l, c...'"
Source,../repos/CMake/Source/cmLinkItem.h,"(47, 3)-(47, 77)",b'friend std::ostream& operator<<(std::ostream&...'
