Repo name,File name,Location,Content
Source,../repos/CMake/Source/cmTargetLinkDirectoriesCommand.cxx,"(20, 3)-(20, 58)",b'using cmTargetPropCommandBase::cmTargetPropCo...'
Source,../repos/CMake/Source/cmCMakePresetsGraphReadJSON.cxx,"(38, 1)-(38, 49)",b'using cmCMakePresetsGraphInternal::ExpandMacros;'
Source,../repos/CMake/Source/cmArgumentParserTypes.h,"(19, 3)-(19, 35)",b'using std::string::basic_string;'
Source,../repos/CMake/Source/cmArgumentParserTypes.h,"(27, 3)-(27, 32)",b'using std::vector<T>::vector;'
Source,../repos/CMake/Source/cmArgumentParserTypes.h,"(35, 3)-(35, 32)",b'using std::vector<T>::vector;'
Source,../repos/CMake/Source/cmArgumentParserTypes.h,"(40, 3)-(40, 35)",b'using std::string::basic_string;'
Source,../repos/CMake/Source/cmArgumentParserTypes.h,"(52, 3)-(52, 14)",b'using T::T;'
Source,../repos/CMake/Source/cmArgumentParserTypes.h,"(58, 3)-(58, 14)",b'using T::T;'
Source,../repos/CMake/Source/cmArgumentParserTypes.h,"(64, 3)-(64, 14)",b'using T::T;'
Source,../repos/CMake/Source/cmCMakePresetsGraph.cxx,"(52, 1)-(52, 49)",b'using cmCMakePresetsGraphInternal::ExpandMacros;'
Source,../repos/CMake/Source/cmFileCopier.cxx,"(29, 1)-(29, 33)",b'using namespace cmFSPermissions;'
Source,../repos/CMake/Source/cmTargetCompileFeaturesCommand.cxx,"(19, 3)-(19, 58)",b'using cmTargetPropCommandBase::cmTargetPropCo...'
Source,../repos/CMake/Source/cmTargetPrecompileHeadersCommand.cxx,"(44, 3)-(44, 58)",b'using cmTargetPropCommandBase::cmTargetPropCo...'
Source,../repos/CMake/Source/CPack/IFW/cmCPackIFWGenerator.h,"(38, 3)-(38, 37)",b'using cmCPackIFWCommon::GetOption;'
Source,../repos/CMake/Source/CPack/IFW/cmCPackIFWGenerator.h,"(39, 3)-(39, 32)",b'using cmCPackIFWCommon::IsOn;'
Source,../repos/CMake/Source/CPack/IFW/cmCPackIFWGenerator.h,"(40, 3)-(40, 38)",b'using cmCPackIFWCommon::IsSetToOff;'
Source,../repos/CMake/Source/CPack/IFW/cmCPackIFWGenerator.h,"(41, 3)-(41, 40)",b'using cmCPackIFWCommon::IsSetToEmpty;'
Source,../repos/CMake/Source/CPack/cmCPackExternalGenerator.h,"(79, 5)-(79, 76)",b'using cmCPackExternalVersionGenerator::cmCPac...'
Source,../repos/CMake/Source/cmTargetCompileDefinitionsCommand.cxx,"(17, 3)-(17, 58)",b'using cmTargetPropCommandBase::cmTargetPropCo...'
Source,../repos/CMake/Source/kwsys/testDirectory.cxx,"(24, 3)-(24, 25)",b'using namespace kwsys;'
Source,../repos/CMake/Source/kwsys/testDirectory.cxx,"(82, 3)-(82, 25)",b'using namespace kwsys;'
Source,../repos/CMake/Source/kwsys/testDirectory.cxx,"(110, 3)-(110, 25)",b'using namespace kwsys;'
Source,../repos/CMake/Source/cmStringCommand.cxx,"(942, 3)-(942, 77)",b'using cmRange<typename std::vector<std::strin...'
Source,../repos/CMake/Source/cmTargetLinkOptionsCommand.cxx,"(18, 3)-(18, 58)",b'using cmTargetPropCommandBase::cmTargetPropCo...'
Source,../repos/CMake/Source/cmTargetIncludeDirectoriesCommand.cxx,"(21, 3)-(21, 58)",b'using cmTargetPropCommandBase::cmTargetPropCo...'
Source,../repos/CMake/Source/cmFileAPICodemodel.cxx,"(352, 5)-(352, 21)",b'using std::hash;'
Source,../repos/CMake/Source/cmFindPackageStack.h,"(28, 3)-(28, 36)",b'using cmConstStack::cmConstStack;'
Source,../repos/CMake/Source/cmList.cxx,"(413, 3)-(413, 37)",b'using TransformAction::Initialize;'
Source,../repos/CMake/Source/cmList.cxx,"(442, 3)-(442, 37)",b'using TransformAction::Initialize;'
Source,../repos/CMake/Source/cmList.cxx,"(520, 3)-(520, 37)",b'using TransformAction::Initialize;'
Source,../repos/CMake/Source/cmUVStream.h,"(73, 3)-(73, 50)","b'using cmBasicUVIStream<CharT, Traits>::is_open;'"
Source,../repos/CMake/Source/cmTargetSourcesCommand.cxx,"(53, 3)-(53, 58)",b'using cmTargetPropCommandBase::cmTargetPropCo...'
Source,../repos/CMake/Source/CTest/cmCTestTestHandler.cxx,"(167, 3)-(167, 40)",b'using cmCTestCommand::cmCTestCommand;'
Source,../repos/CMake/Source/CTest/cmCTestTestHandler.cxx,"(190, 3)-(190, 40)",b'using cmCTestCommand::cmCTestCommand;'
Source,../repos/CMake/Source/CTest/cmCTestTestHandler.cxx,"(209, 3)-(209, 40)",b'using cmCTestCommand::cmCTestCommand;'
Source,../repos/CMake/Source/cmLocalUnixMakefileGenerator3.h,"(102, 3)-(102, 45)",b'using cmLocalCommonGenerator::AppendFlags;'
Source,../repos/CMake/Source/cmFileInstaller.cxx,"(22, 1)-(22, 33)",b'using namespace cmFSPermissions;'
Source,../repos/CMake/Source/cmListFileCache.h,"(172, 3)-(172, 36)",b'using cmConstStack::cmConstStack;'
Source,../repos/CMake/Source/cmTargetCompileOptionsCommand.cxx,"(19, 3)-(19, 58)",b'using cmTargetPropCommandBase::cmTargetPropCo...'
Source,../repos/CMake/Source/cmArgumentParser.h,"(442, 3)-(442, 24)",b'using Base::Instance;'
Source,../repos/CMake/Source/cmArgumentParser.h,"(443, 3)-(443, 39)",b'using Base::BindKeywordMissingValue;'
Source,../repos/CMake/Source/cmQtAutoMocUic.cxx,"(399, 5)-(399, 32)",b'using JobParseT::JobParseT;'
Source,../repos/CMake/Source/cmQtAutoMocUic.cxx,"(407, 5)-(407, 32)",b'using JobParseT::JobParseT;'
Source,../repos/CMake/Source/cmQtAutoMocUic.cxx,"(519, 5)-(519, 36)",b'using JobCompileT::JobCompileT;'
