Repo name,File name,Location,Content
Source,../repos/CMake/Source/cmStateDirectory.cxx,"(68, 1)-(77, 2)","b'template <typename T, typename U>\ncmBTStringR...'"
Source,../repos/CMake/Source/cmStateDirectory.cxx,"(79, 1)-(92, 2)","b'template <typename T, typename U>\nvoid Append...'"
Source,../repos/CMake/Source/cmStateDirectory.cxx,"(94, 1)-(104, 2)","b'template <typename T, typename U>\nvoid SetCon...'"
Source,../repos/CMake/Source/cmStateDirectory.cxx,"(106, 1)-(114, 2)","b'template <typename T, typename U>\nvoid ClearC...'"
Source,../repos/CMake/Source/cmDebugTools.h,"(13, 1)-(19, 2)",b'template <typename T>\nT dbg_impl(const char* ...'
Source,../repos/CMake/Source/cmGeneratorTarget.cxx,"(74, 1)-(79, 2)",b'template <>\ncmValue cmTargetPropertyComputer:...'
Source,../repos/CMake/Source/cmGeneratorTarget.cxx,"(81, 1)-(87, 2)",b'template <>\nconst std::string&\ncmTargetProper...'
Source,../repos/CMake/Source/cmGeneratorTarget.cxx,"(89, 1)-(95, 2)",b'template <>\nconst std::string&\ncmTargetProper...'
Source,../repos/CMake/Source/cmGeneratorTarget.cxx,"(5878, 1)-(5882, 79)",b'template <typename PropertyType>\nPropertyType...'
Source,../repos/CMake/Source/cmGeneratorTarget.cxx,"(5884, 1)-(5892, 2)",b'template <>\nbool getLinkInterfaceDependentPro...'
Source,../repos/CMake/Source/cmGeneratorTarget.cxx,"(5894, 1)-(5915, 2)",b'template <>\nconst char* getLinkInterfaceDepen...'
Source,../repos/CMake/Source/cmGeneratorTarget.cxx,"(5917, 1)-(5957, 2)",b'template <typename PropertyType>\nvoid checkPr...'
Source,../repos/CMake/Source/cmGeneratorTarget.cxx,"(6093, 1)-(6094, 41)",b'template <typename PropertyType>\nstd::string ...'
Source,../repos/CMake/Source/cmGeneratorTarget.cxx,"(6095, 1)-(6099, 2)",b'template <>\nstd::string valueAsString<bool>(b...'
Source,../repos/CMake/Source/cmGeneratorTarget.cxx,"(6100, 1)-(6104, 2)",b'template <>\nstd::string valueAsString<const c...'
Source,../repos/CMake/Source/cmGeneratorTarget.cxx,"(6105, 1)-(6109, 2)",b'template <>\nstd::string valueAsString<std::st...'
Source,../repos/CMake/Source/cmGeneratorTarget.cxx,"(6110, 1)-(6114, 2)",b'template <>\nstd::string valueAsString<cmValue...'
Source,../repos/CMake/Source/cmGeneratorTarget.cxx,"(6115, 1)-(6119, 2)",b'template <>\nstd::string valueAsString<std::nu...'
Source,../repos/CMake/Source/cmGeneratorTarget.cxx,"(6151, 1)-(6154, 65)",b'template <typename PropertyType>\nPropertyType...'
Source,../repos/CMake/Source/cmGeneratorTarget.cxx,"(6156, 1)-(6167, 2)",b'template <>\nbool getTypedProperty<bool>(cmGen...'
Source,../repos/CMake/Source/cmGeneratorTarget.cxx,"(6169, 1)-(6181, 2)",b'template <>\nconst char* getTypedProperty<cons...'
Source,../repos/CMake/Source/cmGeneratorTarget.cxx,"(6183, 1)-(6195, 2)",b'template <>\nstd::string getTypedProperty<std:...'
Source,../repos/CMake/Source/cmGeneratorTarget.cxx,"(6197, 1)-(6198, 41)",b'template <typename PropertyType>\nPropertyType...'
Source,../repos/CMake/Source/cmGeneratorTarget.cxx,"(6199, 1)-(6203, 2)",b'template <>\nbool impliedValue<bool>(bool /*un...'
Source,../repos/CMake/Source/cmGeneratorTarget.cxx,"(6204, 1)-(6208, 2)",b'template <>\nconst char* impliedValue<const ch...'
Source,../repos/CMake/Source/cmGeneratorTarget.cxx,"(6209, 1)-(6213, 2)",b'template <>\nstd::string impliedValue<std::str...'
Source,../repos/CMake/Source/cmGeneratorTarget.cxx,"(6215, 1)-(6218, 68)",b'template <typename PropertyType>\nstd::pair<bo...'
Source,../repos/CMake/Source/cmGeneratorTarget.cxx,"(6220, 1)-(6225, 2)","b'template <>\nstd::pair<bool, bool> consistentP...'"
Source,../repos/CMake/Source/cmGeneratorTarget.cxx,"(6264, 1)-(6292, 2)","b'template <>\nstd::pair<bool, const char*> cons...'"
Source,../repos/CMake/Source/cmGeneratorTarget.cxx,"(6328, 1)-(6470, 2)",b'template <typename PropertyType>\nPropertyType...'
Source,../repos/CMake/Source/cmGeneratorTarget.cxx,"(7614, 1)-(7616, 57)",b'template <typename ReturnType>\nReturnType con...'
Source,../repos/CMake/Source/cmGeneratorTarget.cxx,"(7618, 1)-(7623, 2)",b'template <>\ninline cmLinkImplItem constructIt...'
Source,../repos/CMake/Source/cmGeneratorTarget.cxx,"(7625, 1)-(7630, 2)",b'template <>\ninline cmLinkItem constructItem(c...'
Source,../repos/CMake/Source/cmGeneratorTarget.cxx,"(7632, 1)-(7658, 2)",b'template <typename ValueType>\nstd::vector<Val...'
Source,../repos/CMake/Source/cmGlobalVisualStudio7Generator.h,"(25, 1)-(26, 10)",b'template <typename T>\nclass BT;'
Source,../repos/CMake/Source/bindexplib.cxx,"(189, 1)-(341, 3)",b'template <\n  // cmANON_OBJECT_HEADER_BIGOBJ o...'
Source,../repos/CMake/Source/cmStringAlgorithms.cxx,"(84, 1)-(92, 2)","b'template <std::size_t N, typename T>\ninline v...'"
Source,../repos/CMake/Source/cmStringAlgorithms.cxx,"(242, 1)-(253, 2)",b'template <typename Range>\nstd::size_t getJoin...'
Source,../repos/CMake/Source/cmStringAlgorithms.cxx,"(255, 1)-(277, 2)",b'template <typename Range>\nstd::string cmJoinI...'
Source,../repos/CMake/Source/cmExportFileGenerator.h,"(115, 3)-(121, 73)",b'template <typename T>\n  void SetImportLinkPro...'
Source,../repos/CMake/Source/cmDebuggerVariablesHelper.h,"(28, 1)-(29, 10)",b'template <typename T>\nclass BT;'
Source,../repos/CMake/Source/cmGraphVizWriter.cxx,"(76, 3)-(80, 4)",b'template <typename T>\n  static const cmLinkIt...'
Source,../repos/CMake/Source/cmGraphVizWriter.cxx,"(82, 3)-(86, 4)",b'template <typename T>\n  static const cmLinkIt...'
Source,../repos/CMake/Source/cmGraphVizWriter.cxx,"(91, 3)-(95, 4)",b'template <typename T>\n  static const cmLinkIt...'
Source,../repos/CMake/Source/cmGraphVizWriter.cxx,"(97, 3)-(101, 4)",b'template <typename T>\n  static const cmLinkIt...'
Source,../repos/CMake/Source/cmGraphVizWriter.cxx,"(344, 1)-(378, 2)",b'template <typename DirFunc>\nvoid cmGraphVizWr...'
Source,../repos/CMake/Source/cmString.hxx,"(35, 1)-(38, 3)",b'template <typename T>\nstruct IntoString : std...'
Source,../repos/CMake/Source/cmString.hxx,"(40, 1)-(43, 3)",b'template <typename T>\nstruct IntoString<T&> :...'
Source,../repos/CMake/Source/cmString.hxx,"(45, 1)-(48, 3)",b'template <typename T>\nstruct IntoString<T con...'
Source,../repos/CMake/Source/cmString.hxx,"(50, 1)-(53, 3)",b'template <typename T>\nstruct IntoString<T con...'
Source,../repos/CMake/Source/cmString.hxx,"(55, 1)-(58, 3)","b'template <typename T, std::string::size_type ...'"
Source,../repos/CMake/Source/cmString.hxx,"(60, 1)-(64, 3)",b'template <>\nstruct IntoString<char*> : std::t...'
Source,../repos/CMake/Source/cmString.hxx,"(66, 1)-(70, 3)",b'template <>\nstruct IntoString<std::nullptr_t>...'
Source,../repos/CMake/Source/cmString.hxx,"(72, 1)-(79, 3)",b'template <std::string::size_type N>\nstruct In...'
Source,../repos/CMake/Source/cmString.hxx,"(81, 1)-(85, 3)",b'template <>\nstruct IntoString<std::string> : ...'
Source,../repos/CMake/Source/cmString.hxx,"(87, 1)-(91, 3)",b'template <>\nstruct IntoString<char> : std::tr...'
Source,../repos/CMake/Source/cmString.hxx,"(99, 1)-(102, 3)",b'template <typename T>\nstruct AsStringView : s...'
Source,../repos/CMake/Source/cmString.hxx,"(104, 1)-(107, 3)",b'template <typename T>\nstruct AsStringView<T&>...'
Source,../repos/CMake/Source/cmString.hxx,"(109, 1)-(112, 3)",b'template <typename T>\nstruct AsStringView<T c...'
Source,../repos/CMake/Source/cmString.hxx,"(114, 1)-(117, 3)",b'template <typename T>\nstruct AsStringView<T c...'
Source,../repos/CMake/Source/cmString.hxx,"(119, 1)-(122, 3)","b'template <typename T, std::string::size_type ...'"
Source,../repos/CMake/Source/cmString.hxx,"(124, 1)-(128, 3)",b'template <>\nstruct AsStringView<char*> : std:...'
Source,../repos/CMake/Source/cmString.hxx,"(130, 1)-(134, 3)",b'template <std::string::size_type N>\nstruct As...'
Source,../repos/CMake/Source/cmString.hxx,"(136, 1)-(140, 3)",b'template <>\nstruct AsStringView<std::string> ...'
Source,../repos/CMake/Source/cmString.hxx,"(142, 1)-(146, 3)",b'template <>\nstruct AsStringView<char> : std::...'
Source,../repos/CMake/Source/cmString.hxx,"(148, 1)-(152, 3)",b'template <>\nstruct AsStringView<string_view> ...'
Source,../repos/CMake/Source/cmString.hxx,"(154, 1)-(158, 3)",b'template <>\nstruct AsStringView<static_string...'
Source,../repos/CMake/Source/cmString.hxx,"(160, 1)-(164, 3)",b'template <>\nstruct AsStringView<String> : std...'
Source,../repos/CMake/Source/cmString.hxx,"(220, 3)-(225, 4)","b'template <typename T,\n            typename = ...'"
Source,../repos/CMake/Source/cmString.hxx,"(259, 3)-(263, 4)",b'template <typename InputIterator>\n  String(In...'
Source,../repos/CMake/Source/cmString.hxx,"(325, 3)-(332, 4)",b'template <typename T>\n  typename // NOLINT(*)...'
Source,../repos/CMake/Source/cmString.hxx,"(409, 3)-(419, 4)",b'template <typename T>\n  typename std::enable_...'
Source,../repos/CMake/Source/cmString.hxx,"(441, 3)-(448, 4)",b'template <typename T>\n  typename std::enable_...'
Source,../repos/CMake/Source/cmString.hxx,"(450, 3)-(459, 4)",b'template <typename InputIterator>\n  String& r...'
Source,../repos/CMake/Source/cmString.hxx,"(461, 3)-(473, 4)",b'template <typename T>\n  typename std::enable_...'
Source,../repos/CMake/Source/cmString.hxx,"(475, 3)-(483, 4)",b'template <typename T>\n  typename std::enable_...'
Source,../repos/CMake/Source/cmString.hxx,"(531, 3)-(536, 4)",b'template <typename T>\n  typename std::enable_...'
Source,../repos/CMake/Source/cmString.hxx,"(560, 3)-(566, 4)",b'template <typename T>\n  typename std::enable_...'
Source,../repos/CMake/Source/cmString.hxx,"(573, 3)-(579, 4)",b'template <typename T>\n  typename std::enable_...'
Source,../repos/CMake/Source/cmString.hxx,"(586, 3)-(592, 4)",b'template <typename T>\n  typename std::enable_...'
Source,../repos/CMake/Source/cmString.hxx,"(599, 3)-(605, 4)",b'template <typename T>\n  typename std::enable_...'
Source,../repos/CMake/Source/cmString.hxx,"(613, 3)-(619, 4)",b'template <typename T>\n  typename std::enable_...'
Source,../repos/CMake/Source/cmString.hxx,"(626, 3)-(632, 4)",b'template <typename T>\n  typename std::enable_...'
Source,../repos/CMake/Source/cmString.hxx,"(665, 1)-(668, 3)",b'template <typename T>\nstruct IsComparable : s...'
Source,../repos/CMake/Source/cmString.hxx,"(670, 1)-(673, 3)",b'template <typename T>\nstruct IsComparable<T&>...'
Source,../repos/CMake/Source/cmString.hxx,"(675, 1)-(678, 3)",b'template <typename T>\nstruct IsComparable<T c...'
Source,../repos/CMake/Source/cmString.hxx,"(680, 1)-(683, 3)",b'template <typename T>\nstruct IsComparable<T c...'
Source,../repos/CMake/Source/cmString.hxx,"(685, 1)-(688, 3)","b'template <typename T, std::string::size_type ...'"
Source,../repos/CMake/Source/cmString.hxx,"(690, 1)-(693, 3)",b'template <>\nstruct IsComparable<char*> : std:...'
Source,../repos/CMake/Source/cmString.hxx,"(695, 1)-(698, 3)",b'template <std::string::size_type N>\nstruct Is...'
Source,../repos/CMake/Source/cmString.hxx,"(700, 1)-(703, 3)",b'template <>\nstruct IsComparable<std::string> ...'
Source,../repos/CMake/Source/cmString.hxx,"(705, 1)-(708, 3)",b'template <>\nstruct IsComparable<char> : std::...'
Source,../repos/CMake/Source/cmString.hxx,"(715, 1)-(720, 2)",b'template <typename L>\ntypename std::enable_if...'
Source,../repos/CMake/Source/cmString.hxx,"(721, 1)-(726, 2)",b'template <typename R>\ntypename std::enable_if...'
Source,../repos/CMake/Source/cmString.hxx,"(732, 1)-(737, 2)",b'template <typename L>\ntypename std::enable_if...'
Source,../repos/CMake/Source/cmString.hxx,"(738, 1)-(743, 2)",b'template <typename R>\ntypename std::enable_if...'
Source,../repos/CMake/Source/cmString.hxx,"(749, 1)-(754, 2)",b'template <typename L>\ntypename std::enable_if...'
Source,../repos/CMake/Source/cmString.hxx,"(755, 1)-(760, 2)",b'template <typename R>\ntypename std::enable_if...'
Source,../repos/CMake/Source/cmString.hxx,"(766, 1)-(771, 2)",b'template <typename L>\ntypename std::enable_if...'
Source,../repos/CMake/Source/cmString.hxx,"(772, 1)-(777, 2)",b'template <typename R>\ntypename std::enable_if...'
Source,../repos/CMake/Source/cmString.hxx,"(783, 1)-(788, 2)",b'template <typename L>\ntypename std::enable_if...'
Source,../repos/CMake/Source/cmString.hxx,"(789, 1)-(794, 2)",b'template <typename R>\ntypename std::enable_if...'
Source,../repos/CMake/Source/cmString.hxx,"(800, 1)-(805, 2)",b'template <typename L>\ntypename std::enable_if...'
Source,../repos/CMake/Source/cmString.hxx,"(806, 1)-(811, 2)",b'template <typename R>\ntypename std::enable_if...'
Source,../repos/CMake/Source/cmString.hxx,"(816, 1)-(833, 3)","b'template <typename L, typename R>\nstruct Stri...'"
Source,../repos/CMake/Source/cmString.hxx,"(835, 1)-(845, 3)",b'template <typename T>\nstruct StringAdd\n{\n  st...'
Source,../repos/CMake/Source/cmString.hxx,"(840, 3)-(844, 4)",b'template <typename S>\n  static temp_type temp...'
Source,../repos/CMake/Source/cmString.hxx,"(847, 1)-(852, 3)","b'template <typename L, typename R>\nstruct Stri...'"
Source,../repos/CMake/Source/cmString.hxx,"(854, 1)-(861, 2)","b'template <typename L, typename R>\nStringOpPlu...'"
Source,../repos/CMake/Source/cmString.hxx,"(863, 1)-(870, 2)","b'template <typename L, typename R>\nstd::string...'"
Source,../repos/CMake/Source/cmString.hxx,"(872, 1)-(882, 2)","b'template <typename L, typename R>\nString& ope...'"
Source,../repos/CMake/Source/cmString.hxx,"(884, 1)-(888, 2)","b'template <typename L, typename R>\nstd::ostrea...'"
Source,../repos/CMake/Source/cmString.hxx,"(890, 1)-(894, 3)","b'template <typename L, typename R>\nstruct Into...'"
Source,../repos/CMake/Source/cmString.hxx,"(896, 1)-(904, 2)","b'template <typename L, typename R>\ntypename st...'"
Source,../repos/CMake/Source/cmString.hxx,"(906, 1)-(911, 2)","b'template <typename LL, typename LR, typename ...'"
Source,../repos/CMake/Source/cmString.hxx,"(913, 1)-(918, 2)","b'template <typename L, typename RL, typename R...'"
Source,../repos/CMake/Source/cmString.hxx,"(924, 1)-(935, 3)",b'template <>\nstruct hash<cm::String>\n{\n  using...'
Source,../repos/CMake/Source/cmJSONHelpers.h,"(23, 1)-(25, 77)",b'template <typename T>\nusing cmJSONHelper =\n  ...'
Source,../repos/CMake/Source/cmJSONHelpers.h,"(64, 3)-(178, 5)",b'template <typename T>\n  class Object\n  {\n  pu...'
Source,../repos/CMake/Source/cmJSONHelpers.h,"(75, 5)-(84, 6)","b'template <typename U, typename M, typename F>...'"
Source,../repos/CMake/Source/cmJSONHelpers.h,"(85, 5)-(97, 6)","b'template <typename M, typename F>\n    Object&...'"
Source,../repos/CMake/Source/cmJSONHelpers.h,"(98, 5)-(102, 6)",b'template <typename F>\n    Object& Bind(const ...'
Source,../repos/CMake/Source/cmJSONHelpers.h,"(280, 3)-(312, 4)","b'template <typename T, typename F, typename Fi...'"
Source,../repos/CMake/Source/cmJSONHelpers.h,"(314, 3)-(320, 4)","b'template <typename T, typename F>\n  static cm...'"
Source,../repos/CMake/Source/cmJSONHelpers.h,"(322, 3)-(355, 4)","b'template <typename T, typename F, typename Fi...'"
Source,../repos/CMake/Source/cmJSONHelpers.h,"(357, 3)-(363, 4)","b'template <typename T, typename F>\n  static cm...'"
Source,../repos/CMake/Source/cmJSONHelpers.h,"(365, 3)-(377, 4)","b'template <typename T, typename F>\n  static cm...'"
Source,../repos/CMake/Source/cmJSONHelpers.h,"(379, 3)-(392, 4)","b'template <typename T, typename F>\n  static cm...'"
Source,../repos/CMake/Source/cmSourceFile.h,"(156, 3)-(157, 64)",b'template <typename ValueType>\n  void StorePro...'
Source,../repos/CMake/Source/cmCMakePathCommand.cxx,"(31, 1)-(60, 3)",b'template <typename Result>\nclass CMakePathArg...'
Source,../repos/CMake/Source/cmCMakePathCommand.cxx,"(40, 3)-(45, 4)",b'template <typename T>\n  CMakePathArgumentPars...'
Source,../repos/CMake/Source/cmCMakePathCommand.cxx,"(47, 3)-(54, 4)",b'template <int Advance = 2>\n  Result Parse(std...'
Source,../repos/CMake/Source/cmCMakePathCommand.cxx,"(63, 1)-(87, 3)",b'template <typename Result>\nclass ArgumentPars...'
Source,../repos/CMake/Source/cmCMakePathCommand.cxx,"(73, 3)-(79, 4)",b'template <typename T>\n  ArgumentParserWithOut...'
Source,../repos/CMake/Source/cmCMakePathCommand.cxx,"(81, 3)-(86, 4)",b'template <int Advance = 2>\n  Result Parse(std...'
Source,../repos/CMake/Source/cmArgumentParserTypes.h,"(14, 1)-(15, 14)",b'template <typename T>\nstruct Maybe;'
Source,../repos/CMake/Source/cmArgumentParserTypes.h,"(16, 1)-(20, 3)",b'template <>\nstruct Maybe<std::string> : publi...'
Source,../repos/CMake/Source/cmArgumentParserTypes.h,"(22, 1)-(23, 19)",b'template <typename T>\nstruct MaybeEmpty;'
Source,../repos/CMake/Source/cmArgumentParserTypes.h,"(24, 1)-(28, 3)",b'template <typename T>\nstruct MaybeEmpty<std::...'
Source,../repos/CMake/Source/cmArgumentParserTypes.h,"(30, 1)-(31, 17)",b'template <typename T>\nstruct NonEmpty;'
Source,../repos/CMake/Source/cmArgumentParserTypes.h,"(32, 1)-(36, 3)",b'template <typename T>\nstruct NonEmpty<std::ve...'
Source,../repos/CMake/Source/cmArgumentParserTypes.h,"(37, 1)-(41, 3)",b'template <>\nstruct NonEmpty<std::string> : pu...'
Source,../repos/CMake/Source/cmArgumentParserTypes.h,"(49, 1)-(53, 3)",b'template <typename T>\nstruct Maybe : public T...'
Source,../repos/CMake/Source/cmArgumentParserTypes.h,"(55, 1)-(59, 3)",b'template <typename T>\nstruct MaybeEmpty : pub...'
Source,../repos/CMake/Source/cmArgumentParserTypes.h,"(61, 1)-(65, 3)",b'template <typename T>\nstruct NonEmpty : publi...'
Source,../repos/CMake/Source/cmGlobalGeneratorFactory.h,"(53, 1)-(97, 3)",b'template <typename T>\nclass cmGlobalGenerator...'
Source,../repos/CMake/Source/cmCMakePresetsGraph.cxx,"(48, 1)-(49, 55)",b'template <typename T>\nusing PresetPair = cmCM...'
Source,../repos/CMake/Source/cmCMakePresetsGraph.cxx,"(61, 1)-(68, 2)",b'template <typename T>\nvoid InheritOptionalVal...'
Source,../repos/CMake/Source/cmCMakePresetsGraph.cxx,"(70, 1)-(76, 2)",b'template <typename T>\nvoid InheritVector(std:...'
Source,../repos/CMake/Source/cmCMakePresetsGraph.cxx,"(84, 1)-(162, 2)",b'template <class T>\nbool VisitPreset(\n  T& pre...'
Source,../repos/CMake/Source/cmCMakePresetsGraph.cxx,"(164, 1)-(182, 2)",b'template <class T>\nbool ComputePresetInherita...'
Source,../repos/CMake/Source/cmCMakePresetsGraph.cxx,"(351, 1)-(490, 2)",b'template <class T>\nbool ExpandMacros(cmCMakeP...'
Source,../repos/CMake/Source/cmCMakePresetsGraph.cxx,"(612, 1)-(622, 2)",b'template <typename T>\nbool SetupWorkflowConfi...'
Source,../repos/CMake/Source/cmCMakePresetsGraph.cxx,"(624, 1)-(631, 2)",b'template <>\nbool SetupWorkflowConfigurePreset...'
Source,../repos/CMake/Source/cmCMakePresetsGraph.cxx,"(633, 1)-(651, 2)",b'template <typename T>\nbool TryReachPresetFrom...'
Source,../repos/CMake/Source/cmUVHandlePtr.h,"(79, 1)-(158, 3)",b'template <typename T>\nclass uv_handle_ptr_bas...'
Source,../repos/CMake/Source/cmUVHandlePtr.h,"(83, 3)-(84, 36)",b'template <typename U>\n  friend class uv_handl...'
Source,../repos/CMake/Source/cmUVHandlePtr.h,"(118, 3)-(127, 4)","b'template <typename S,\n            typename = ...'"
Source,../repos/CMake/Source/cmUVHandlePtr.h,"(160, 1)-(162, 48)",b'template <typename T>\ninline uv_handle_ptr_ba...'
Source,../repos/CMake/Source/cmUVHandlePtr.h,"(163, 1)-(165, 48)",b'template <typename T>\ninline uv_handle_ptr_ba...'
Source,../repos/CMake/Source/cmUVHandlePtr.h,"(172, 1)-(186, 3)",b'template <typename T>\nclass uv_handle_ptr_ : ...'
Source,../repos/CMake/Source/cmUVHandlePtr.h,"(175, 3)-(176, 31)",b'template <typename U>\n  friend class uv_handl...'
Source,../repos/CMake/Source/cmUVHandlePtr.h,"(192, 1)-(197, 3)",b'template <>\nclass uv_handle_ptr_<uv_handle_t>...'
Source,../repos/CMake/Source/cmLinkLineComputer.h,"(17, 1)-(18, 10)",b'template <typename T>\nclass BT;'
Source,../repos/CMake/Source/cmXMLWriter.h,"(34, 3)-(39, 4)",b'template <typename T>\n  void Attribute(const ...'
Source,../repos/CMake/Source/cmXMLWriter.h,"(43, 3)-(49, 4)",b'template <typename T>\n  void Element(std::str...'
Source,../repos/CMake/Source/cmXMLWriter.h,"(51, 3)-(56, 4)",b'template <typename T>\n  void Content(T const&...'
Source,../repos/CMake/Source/cmXMLWriter.h,"(85, 3)-(89, 4)",b'template <typename T>\n  static T SafeAttribut...'
Source,../repos/CMake/Source/cmXMLWriter.h,"(117, 3)-(121, 4)",b'template <typename T>\n  static T SafeContent(...'
Source,../repos/CMake/Source/cmXMLWriter.h,"(175, 3)-(180, 4)",b'template <typename T>\n  cmXMLElement& Attribu...'
Source,../repos/CMake/Source/cmXMLWriter.h,"(181, 3)-(185, 4)",b'template <typename T>\n  void Content(T const&...'
Source,../repos/CMake/Source/cmXMLWriter.h,"(186, 3)-(190, 4)",b'template <typename T>\n  void Element(std::str...'
Source,../repos/CMake/Source/cmDuration.cxx,"(6, 1)-(24, 2)",b'template <typename T>\nT cmDurationTo(const cm...'
Source,../repos/CMake/Source/cmConditionEvaluator.h,"(53, 3)-(54, 55)",b'template <int N>\n  int matchKeysImpl(const cm...'
Source,../repos/CMake/Source/cmConditionEvaluator.h,"(56, 3)-(57, 67)","b'template <int N, typename T, typename... Keys...'"
Source,../repos/CMake/Source/cmConditionEvaluator.h,"(59, 3)-(60, 60)",b'template <typename... Keys>\n  int matchKeys(c...'
Source,../repos/CMake/Source/cmDocumentation.h,"(79, 3)-(85, 4)",b'template <typename Iterable>\n  void SetSectio...'
Source,../repos/CMake/Source/cmDocumentation.h,"(88, 3)-(92, 4)",b'template <typename Iterable>\n  void PrependSe...'
Source,../repos/CMake/Source/cmDocumentation.h,"(94, 3)-(98, 4)",b'template <typename Iterable>\n  void AppendSec...'
Source,../repos/CMake/Source/cmMakefile.h,"(182, 3)-(186, 4)",b'template <class... Args>\n  void AddGeneratorA...'
Source,../repos/CMake/Source/cmGetPropertyCommand.cxx,"(273, 1)-(288, 2)",b'template <typename ValueType>\nbool StoreResul...'
Source,../repos/CMake/Source/cmGetPropertyCommand.cxx,"(289, 1)-(294, 2)",b'template <>\nbool StoreResult(OutType infoType...'
Source,../repos/CMake/Source/cmAlgorithms.h,"(19, 1)-(27, 2)",b'template <typename FwdIt>\nFwdIt cmRotate(FwdI...'
Source,../repos/CMake/Source/cmAlgorithms.h,"(31, 1)-(37, 2)",b'template <typename FwdIt>\nFwdIt RemoveN(FwdIt...'
Source,../repos/CMake/Source/cmAlgorithms.h,"(39, 1)-(56, 3)",b'template <typename Range>\nstruct BinarySearch...'
Source,../repos/CMake/Source/cmAlgorithms.h,"(63, 1)-(64, 10)",b'template <typename T>\nclass BT;'
Source,../repos/CMake/Source/cmAlgorithms.h,"(67, 1)-(71, 2)",b'template <typename Range>\ntypename Range::con...'
Source,../repos/CMake/Source/cmAlgorithms.h,"(73, 1)-(95, 2)","b'template <typename Range, typename InputRange...'"
Source,../repos/CMake/Source/cmAlgorithms.h,"(97, 1)-(102, 2)","b'template <typename Range, typename MatchRange...'"
Source,../repos/CMake/Source/cmAlgorithms.h,"(104, 1)-(137, 2)",b'template <typename ForwardIterator>\nForwardIt...'
Source,../repos/CMake/Source/cmAlgorithms.h,"(139, 1)-(143, 2)",b'template <typename Range>\ntypename Range::ite...'
Source,../repos/CMake/Source/cmAlgorithms.h,"(145, 1)-(149, 2)",b'template <typename Range>\ntypename Range::con...'
Source,../repos/CMake/Source/cmAlgorithms.h,"(151, 1)-(155, 2)","b'template <typename Range, typename T>\ntypenam...'"
Source,../repos/CMake/Source/cmQtAutoGenInitializer.cxx,"(198, 3)-(199, 67)",b'template <typename CONT>\n  static bool MakeAr...'
Source,../repos/CMake/Source/cmQtAutoGenInitializer.cxx,"(201, 3)-(202, 73)",b'template <typename CONT>\n  static void MakeSt...'
Source,../repos/CMake/Source/cmQtAutoGenInitializer.cxx,"(205, 3)-(206, 64)",b'template <typename CONT>\n  void SetArray(std:...'
Source,../repos/CMake/Source/cmQtAutoGenInitializer.cxx,"(207, 3)-(210, 64)",b'template <typename CONT>\n  void SetConfigArra...'
Source,../repos/CMake/Source/cmQtAutoGenInitializer.cxx,"(213, 3)-(214, 80)","b'template <typename CONT, typename FUNC>\n  voi...'"
Source,../repos/CMake/Source/cmQtAutoGenInitializer.cxx,"(232, 1)-(242, 2)",b'template <typename CONT>\nbool InfoWriter::Mak...'
Source,../repos/CMake/Source/cmQtAutoGenInitializer.cxx,"(244, 1)-(253, 2)",b'template <typename CONT>\nvoid InfoWriter::Mak...'
Source,../repos/CMake/Source/cmQtAutoGenInitializer.cxx,"(255, 1)-(259, 2)",b'template <typename CONT>\nvoid InfoWriter::Set...'
Source,../repos/CMake/Source/cmQtAutoGenInitializer.cxx,"(261, 1)-(274, 2)","b'template <typename CONT, typename FUNC>\nvoid ...'"
Source,../repos/CMake/Source/cmQtAutoGenInitializer.cxx,"(276, 1)-(285, 2)",b'template <typename CONT>\nvoid InfoWriter::Set...'
Source,../repos/CMake/Source/cmQtAutoGen.h,"(29, 3)-(35, 5)",b'template <typename C>\n  class ConfigStrings\n ...'
Source,../repos/CMake/Source/CPack/cmCPackGenerator.h,"(339, 3)-(340, 60)",b'template <typename ValueType>\n  void StoreOpt...'
Source,../repos/CMake/Source/CPack/cmCPackGenerator.h,"(341, 3)-(342, 68)",b'template <typename ValueType>\n  void StoreOpt...'
Source,../repos/CMake/Source/CPack/cmCPackGenerator.cxx,"(985, 1)-(994, 2)",b'template <typename ValueType>\nvoid cmCPackGen...'
Source,../repos/CMake/Source/CPack/cmCPackGenerator.cxx,"(1006, 1)-(1017, 2)",b'template <typename ValueType>\nvoid cmCPackGen...'
Source,../repos/CMake/Source/cmCommandLineArgument.h,"(10, 1)-(284, 3)",b'template <typename FunctionSignature>\nstruct ...'
Source,../repos/CMake/Source/cmCommandLineArgument.h,"(43, 3)-(52, 4)",b'template <typename FunctionType>\n  cmCommandL...'
Source,../repos/CMake/Source/cmCommandLineArgument.h,"(54, 3)-(64, 4)",b'template <typename FunctionType>\n  cmCommandL...'
Source,../repos/CMake/Source/cmCommandLineArgument.h,"(66, 3)-(76, 4)",b'template <typename FunctionType>\n  cmCommandL...'
Source,../repos/CMake/Source/cmCommandLineArgument.h,"(78, 3)-(88, 4)",b'template <typename FunctionType>\n  cmCommandL...'
Source,../repos/CMake/Source/cmCommandLineArgument.h,"(108, 3)-(204, 4)","b'template <typename T, typename... CallState>\n...'"
Source,../repos/CMake/Source/cmCommandLineArgument.h,"(206, 3)-(211, 4)",b'template <typename... Values>\n  static std::f...'
Source,../repos/CMake/Source/cmCommandLineArgument.h,"(213, 3)-(218, 4)",b'template <typename... Values>\n  static std::f...'
Source,../repos/CMake/Source/cmCommandLineArgument.h,"(221, 3)-(222, 30)",b'template <typename T>\n  class ArgumentLambdaH...'
Source,../repos/CMake/Source/cmCommandLineArgument.h,"(224, 3)-(264, 5)",b'template <typename... CallState>\n  class Argu...'
Source,../repos/CMake/Source/Checks/cm_cxx17_check.cpp,"(11, 1)-(16, 2)","b'template <typename T,\n          typename std:...'"
Source,../repos/CMake/Source/cmDuration.h,"(18, 1)-(19, 44)",b'template <typename T>\nT cmDurationTo(const cm...'
Source,../repos/CMake/Source/cmCoreTryCompile.h,"(22, 1)-(23, 15)",b'template <typename Iter>\nclass cmRange;'
Source,../repos/CMake/Source/cmArchiveWrite.h,"(15, 1)-(34, 3)",b'template <typename T>\nclass cmArchiveWriteOpt...'
Source,../repos/CMake/Source/cmConditionEvaluator.cxx,"(75, 1)-(90, 3)","b'template <template <typename> class Comp, tem...'"
Source,../repos/CMake/Source/cmConditionEvaluator.cxx,"(78, 3)-(89, 4)",b'template <typename T>\n  static bool eval(int ...'
Source,../repos/CMake/Source/cmConditionEvaluator.cxx,"(92, 1)-(100, 3)",b'template <template <typename> class Comp>\nstr...'
Source,../repos/CMake/Source/cmConditionEvaluator.cxx,"(95, 3)-(99, 4)",b'template <typename T>\n  static bool eval(int ...'
Source,../repos/CMake/Source/cmConditionEvaluator.cxx,"(201, 3)-(206, 4)",b'template <typename Iter>\n  void ReduceOneArg(...'
Source,../repos/CMake/Source/cmConditionEvaluator.cxx,"(471, 1)-(477, 2)",b'template <int N>\ninline int cmConditionEvalua...'
Source,../repos/CMake/Source/cmConditionEvaluator.cxx,"(479, 1)-(488, 2)","b'template <int N, typename T, typename... Keys...'"
Source,../repos/CMake/Source/cmConditionEvaluator.cxx,"(490, 1)-(496, 2)",b'template <typename... Keys>\ninline int cmCond...'
Source,../repos/CMake/Source/cmake.h,"(662, 3)-(671, 4)",b'template <typename ArgsFunc>\n  cm::optional<c...'
Source,../repos/CMake/Source/cmake.h,"(818, 3)-(822, 68)",b'template <typename T>\n  const T* FindPresetFo...'
Source,../repos/CMake/Source/cmList.h,"(24, 1)-(25, 10)",b'template <typename T>\nclass BT;'
Source,../repos/CMake/Source/cmList.h,"(110, 3)-(116, 4)",b'template <typename InputIterator>\n  cmList(In...'
Source,../repos/CMake/Source/cmList.h,"(117, 3)-(121, 4)",b'template <typename InputIterator>\n  cmList(In...'
Source,../repos/CMake/Source/cmList.h,"(227, 3)-(234, 4)",b'template <typename InputIterator>\n  void assi...'
Source,../repos/CMake/Source/cmList.h,"(235, 3)-(240, 4)",b'template <typename InputIterator>\n  void assi...'
Source,../repos/CMake/Source/cmList.h,"(340, 3)-(344, 4)",b'template <typename InputIterator>\n  cmList ge...'
Source,../repos/CMake/Source/cmList.h,"(432, 3)-(439, 4)",b'template <typename InputIterator>\n  iterator ...'
Source,../repos/CMake/Source/cmList.h,"(440, 3)-(445, 4)",b'template <typename InputIterator>\n  iterator ...'
Source,../repos/CMake/Source/cmList.h,"(543, 3)-(550, 4)",b'template <typename InputIterator>\n  iterator ...'
Source,../repos/CMake/Source/cmList.h,"(551, 3)-(556, 4)",b'template <typename InputIterator>\n  iterator ...'
Source,../repos/CMake/Source/cmList.h,"(648, 3)-(655, 4)",b'template <typename InputIterator>\n  iterator ...'
Source,../repos/CMake/Source/cmList.h,"(656, 3)-(661, 4)",b'template <typename InputIterator>\n  iterator ...'
Source,../repos/CMake/Source/cmList.h,"(730, 3)-(734, 4)",b'template <typename... Args>\n  iterator emplac...'
Source,../repos/CMake/Source/cmList.h,"(736, 3)-(740, 4)",b'template <typename... Args>\n  void emplace_ba...'
Source,../repos/CMake/Source/cmList.h,"(744, 3)-(755, 4)",b'template <typename InputIterator>\n  cmList& i...'
Source,../repos/CMake/Source/cmList.h,"(756, 3)-(763, 4)",b'template <typename InputIterator>\n  cmList& i...'
Source,../repos/CMake/Source/cmList.h,"(804, 3)-(809, 4)",b'template <typename InputIterator>\n  cmList& r...'
Source,../repos/CMake/Source/cmList.h,"(896, 5)-(898, 42)",b'template <typename Type>\n    static std::uniq...'
Source,../repos/CMake/Source/cmList.h,"(899, 5)-(901, 39)",b'template <typename Type>\n    static std::uniq...'
Source,../repos/CMake/Source/cmList.h,"(902, 5)-(903, 78)",b'template <typename Type>\n    static std::uniq...'
Source,../repos/CMake/Source/cmList.h,"(905, 5)-(906, 71)",b'template <typename Type>\n    static std::uniq...'
Source,../repos/CMake/Source/cmList.h,"(907, 5)-(908, 66)",b'template <typename Type>\n    static std::uniq...'
Source,../repos/CMake/Source/cmList.h,"(988, 3)-(995, 4)",b'template <typename InputIterator>\n  static vo...'
Source,../repos/CMake/Source/cmList.h,"(1025, 3)-(1033, 4)",b'template <typename InputIterator>\n  static st...'
Source,../repos/CMake/Source/cmList.h,"(1057, 3)-(1064, 4)",b'template <typename InputIterator>\n  static st...'
Source,../repos/CMake/Source/cmList.h,"(1088, 3)-(1095, 4)",b'template <typename InputIterator>\n  static st...'
Source,../repos/CMake/Source/cmList.h,"(1103, 3)-(1113, 4)",b'template <typename InputIterator>\n  static st...'
Source,../repos/CMake/Source/cmList.h,"(1117, 3)-(1127, 4)",b'template <typename InputIterator>\n  static st...'
Source,../repos/CMake/Source/cmList.h,"(1129, 3)-(1134, 4)","b'template <typename Range,\n            cm::ena...'"
Source,../repos/CMake/Source/cmList.h,"(1171, 3)-(1203, 4)",b'template <typename InputIterator>\n  static co...'
Source,../repos/CMake/Source/cmList.h,"(1209, 3)-(1217, 4)",b'template <typename Range>\n  static std::strin...'
Source,../repos/CMake/Source/cmList.h,"(1218, 3)-(1235, 4)",b'template <typename InputIterator>\n  static st...'
Source,../repos/CMake/Source/cmList.h,"(1242, 1)-(1248, 2)",b'template <>\ninline std::unique_ptr<cmList::Tr...'
Source,../repos/CMake/Source/cmList.h,"(1249, 1)-(1255, 2)",b'template <>\ninline std::unique_ptr<cmList::Tr...'
Source,../repos/CMake/Source/cmList.h,"(1256, 1)-(1262, 2)",b'template <>\ninline std::unique_ptr<cmList::Tr...'
Source,../repos/CMake/Source/cmList.h,"(1264, 1)-(1270, 2)",b'template <>\ninline std::unique_ptr<cmList::Tr...'
Source,../repos/CMake/Source/cmList.h,"(1271, 1)-(1277, 2)",b'template <>\ninline std::unique_ptr<cmList::Tr...'
Source,../repos/CMake/Source/cmList.h,"(1278, 1)-(1284, 2)",b'template <>\ninline std::unique_ptr<cmList::Tr...'
Source,../repos/CMake/Source/cmList.h,"(1286, 1)-(1292, 2)",b'template <>\ninline std::unique_ptr<cmList::Tr...'
Source,../repos/CMake/Source/cmList.h,"(1293, 1)-(1299, 2)",b'template <>\ninline std::unique_ptr<cmList::Tr...'
Source,../repos/CMake/Source/cmList.h,"(1331, 1)-(1335, 2)",b'template <typename Predicate>\ninline void era...'
Source,../repos/CMake/Source/cmList.h,"(1345, 1)-(1350, 2)","b'template <typename InputIt,\n          cm::ena...'"
Source,../repos/CMake/Source/cmList.h,"(1352, 1)-(1357, 2)","b'template <typename Range,\n          cm::enabl...'"
Source,../repos/CMake/Source/cmList.h,"(1361, 1)-(1371, 2)","b'template <\n  typename InputIt,\n  cm::enable_i...'"
Source,../repos/CMake/Source/cmList.h,"(1373, 1)-(1381, 2)","b'template <typename Range,\n          cm::enabl...'"
Source,../repos/CMake/Source/cmStateSnapshot.cxx,"(267, 1)-(281, 2)","b'template <typename T, typename U>\nvoid Initia...'"
Source,../repos/CMake/Source/kwsys/SystemInformation.cxx,"(256, 1)-(260, 2)","b'template <typename T>\nT min(T a, T b)\n{\n  ret...'"
Source,../repos/CMake/Source/kwsys/SystemInformation.cxx,"(913, 1)-(928, 2)",b'template <typename T>\nint NameValue(std::vect...'
Source,../repos/CMake/Source/kwsys/SystemInformation.cxx,"(933, 1)-(949, 2)",b'template <typename T>\nint GetFieldsFromFile(c...'
Source,../repos/CMake/Source/kwsys/SystemInformation.cxx,"(952, 1)-(963, 2)",b'template <typename T>\nint GetFieldFromFile(co...'
Source,../repos/CMake/Source/kwsys/SystemInformation.cxx,"(968, 1)-(991, 2)",b'template <typename T>\nint GetFieldsFromComman...'
Source,../repos/CMake/Source/kwsys/testConsoleBuf.cxx,"(77, 1)-(107, 2)",b'template <typename T>\nstatic void dumpBuffers...'
Source,../repos/CMake/Source/cmConstStack.h,"(12, 1)-(39, 3)","b'template <typename T, typename Stack>\nclass c...'"
Source,../repos/CMake/Source/cmGlobalXCodeGenerator.cxx,"(1176, 1)-(1188, 2)",b'template <class T>\nstd::string GetTargetObjec...'
Source,../repos/CMake/Source/cmComputeLinkDepends.h,"(107, 3)-(108, 74)",b'template <typename T>\n  void AddLinkEntries(s...'
Source,../repos/CMake/Source/cmWorkerPool.h,"(211, 3)-(215, 4)","b'template <class T, typename... Args>\n  bool E...'"
Source,../repos/CMake/Source/cmWindowsRegistry.cxx,"(524, 1)-(532, 3)",b'template <>\nstruct hash<cmWindowsRegistry::Vi...'
Source,../repos/CMake/Source/cmMachO.cxx,"(44, 1)-(53, 2)",b'template <typename T>\nbool peek(cmsys::ifstre...'
Source,../repos/CMake/Source/cmMachO.cxx,"(56, 1)-(60, 2)",b'template <typename T>\nbool read(cmsys::ifstre...'
Source,../repos/CMake/Source/cmMachO.cxx,"(64, 1)-(73, 2)",b'template <typename T>\nbool read(cmsys::ifstre...'
Source,../repos/CMake/Source/cmMachO.cxx,"(128, 1)-(154, 3)",b'template <typename T>\nclass cmMachOHeaderAndL...'
Source,../repos/CMake/Source/cmLinkLineDeviceComputer.h,"(18, 1)-(19, 10)",b'template <typename T>\nclass BT;'
Source,../repos/CMake/Source/cmLinkedTree.h,"(26, 1)-(189, 3)",b'template <typename T>\nclass cmLinkedTree\n{\n  ...'
Source,../repos/CMake/Source/cmVSSetupHelper.h,"(16, 1)-(72, 3)",b'template <class T>\nclass SmartCOMPtr\n{\npublic...'
Source,../repos/CMake/Source/cmVSSetupHelper.h,"(48, 3)-(55, 4)",b'template <class I>\n  HRESULT QueryInterface(R...'
Source,../repos/CMake/Source/cmStringAlgorithms.h,"(24, 1)-(28, 2)",b'template <size_t N>\nconstexpr size_t cmStrLen...'
Source,../repos/CMake/Source/cmStringAlgorithms.h,"(63, 1)-(78, 2)",b'template <typename Range>\nstd::string cmJoin(...'
Source,../repos/CMake/Source/cmStringAlgorithms.h,"(153, 1)-(164, 2)","b'template <typename A, typename B, typename......'"
Source,../repos/CMake/Source/cmStringAlgorithms.h,"(167, 1)-(181, 2)",b'template <typename Range>\nstd::string cmWrap(...'
Source,../repos/CMake/Source/cmStringAlgorithms.h,"(184, 1)-(190, 2)",b'template <typename Range>\nstd::string cmWrap(...'
Source,../repos/CMake/Source/cmStringAlgorithms.h,"(215, 1)-(219, 2)",b'template <size_t N>\ninline bool cmHasLiteralP...'
Source,../repos/CMake/Source/cmStringAlgorithms.h,"(246, 1)-(250, 2)",b'template <size_t N>\ninline bool cmHasLiteralS...'
Source,../repos/CMake/Source/cmCMakePath.h,"(27, 1)-(30, 3)",b'template <typename T>\nstruct is_pathable : st...'
Source,../repos/CMake/Source/cmCMakePath.h,"(32, 1)-(35, 3)",b'template <typename T>\nstruct is_move_pathable...'
Source,../repos/CMake/Source/cmCMakePath.h,"(38, 1)-(41, 3)","b'template <typename T, typename = void>\nstruct...'"
Source,../repos/CMake/Source/cmCMakePath.h,"(43, 1)-(46, 3)",b'template <>\nstruct is_pathable<cm::filesystem...'
Source,../repos/CMake/Source/cmCMakePath.h,"(47, 1)-(50, 3)",b'template <>\nstruct is_pathable<std::string> :...'
Source,../repos/CMake/Source/cmCMakePath.h,"(51, 1)-(54, 3)",b'template <>\nstruct is_pathable<cm::string_vie...'
Source,../repos/CMake/Source/cmCMakePath.h,"(55, 1)-(58, 3)",b'template <>\nstruct is_pathable<cm::static_str...'
Source,../repos/CMake/Source/cmCMakePath.h,"(59, 1)-(66, 3)",b'template <typename T>\nstruct is_pathable<\n  T...'
Source,../repos/CMake/Source/cmCMakePath.h,"(68, 1)-(71, 3)",b'template <typename T>\nstruct is_move_pathable...'
Source,../repos/CMake/Source/cmCMakePath.h,"(73, 1)-(76, 3)",b'template <>\nstruct is_move_pathable<cm::files...'
Source,../repos/CMake/Source/cmCMakePath.h,"(77, 1)-(80, 3)",b'template <>\nstruct is_move_pathable<std::stri...'
Source,../repos/CMake/Source/cmCMakePath.h,"(87, 3)-(89, 76)",b'template <typename Source>\n  using enable_if_...'
Source,../repos/CMake/Source/cmCMakePath.h,"(91, 3)-(93, 71)",b'template <typename Source>\n  using enable_if_...'
Source,../repos/CMake/Source/cmCMakePath.h,"(146, 3)-(150, 4)","b'template <typename Source, typename = enable_...'"
Source,../repos/CMake/Source/cmCMakePath.h,"(153, 3)-(158, 4)","b'template <typename Source, typename = enable_...'"
Source,../repos/CMake/Source/cmCMakePath.h,"(159, 3)-(164, 4)","b'template <typename Source, typename = enable_...'"
Source,../repos/CMake/Source/cmCMakePath.h,"(215, 3)-(220, 4)","b'template <typename Source, typename = enable_...'"
Source,../repos/CMake/Source/cmCMakePath.h,"(221, 3)-(226, 4)","b'template <typename Source, typename = enable_...'"
Source,../repos/CMake/Source/cmCMakePath.h,"(259, 3)-(263, 4)","b'template <typename Source, typename = enable_...'"
Source,../repos/CMake/Source/cmCMakePath.h,"(270, 3)-(274, 4)","b'template <typename Source, typename = enable_...'"
Source,../repos/CMake/Source/cmCMakePath.h,"(306, 3)-(311, 4)","b'template <typename Source, typename = enable_...'"
Source,../repos/CMake/Source/cmCMakePath.h,"(318, 3)-(322, 4)","b'template <typename Source, typename = enable_...'"
Source,../repos/CMake/Source/cmCMakePath.h,"(366, 3)-(373, 4)","b'template <typename Source, typename = enable_...'"
Source,../repos/CMake/Source/cmCMakePath.h,"(401, 3)-(406, 4)","b'template <typename Source, typename = enable_...'"
Source,../repos/CMake/Source/cmCMakePath.h,"(429, 3)-(433, 4)","b'template <typename Source, typename = enable_...'"
Source,../repos/CMake/Source/cmCMakePath.h,"(529, 3)-(533, 4)","b'template <typename Source, typename = enable_...'"
Source,../repos/CMake/Source/cmCMakePath.h,"(559, 3)-(563, 4)","b'template <typename Source, typename = enable_...'"
Source,../repos/CMake/Source/cmCMakePath.h,"(583, 3)-(587, 4)","b'template <typename Source, typename = enable_...'"
Source,../repos/CMake/Source/cmFileAPICodemodel.cxx,"(83, 1)-(106, 3)",b'template <typename T>\nclass JBT\n{\npublic:\n  J...'
Source,../repos/CMake/Source/cmFileAPICodemodel.cxx,"(108, 1)-(138, 3)",b'template <typename T>\nclass JBTs\n{\npublic:\n  ...'
Source,../repos/CMake/Source/cmFileAPICodemodel.cxx,"(347, 1)-(387, 3)",b'template <>\nstruct hash<CompileData>\n{\n  std:...'
Source,../repos/CMake/Source/cmFileAPICodemodel.cxx,"(449, 3)-(453, 4)",b'template <typename T>\n  JBT<T> ToJBT(BT<T> co...'
Source,../repos/CMake/Source/cmFileAPICodemodel.cxx,"(455, 3)-(464, 4)",b'template <typename T>\n  JBTs<T> ToJBTs(BTs<T>...'
Source,../repos/CMake/Source/cmUVHandlePtr.cxx,"(17, 1)-(18, 26)",b'template <typename T>\nstruct uv_handle_deleter;'
Source,../repos/CMake/Source/cmUVHandlePtr.cxx,"(70, 1)-(80, 2)",b'template <typename T>\nstatic void handle_defa...'
Source,../repos/CMake/Source/cmUVHandlePtr.cxx,"(85, 1)-(89, 3)",b'template <typename T>\nstruct uv_handle_delete...'
Source,../repos/CMake/Source/cmUVHandlePtr.cxx,"(91, 1)-(105, 2)",b'template <typename T>\nvoid uv_handle_ptr_base...'
Source,../repos/CMake/Source/cmUVHandlePtr.cxx,"(107, 1)-(111, 2)",b'template <typename T>\nuv_handle_ptr_base_<T>:...'
Source,../repos/CMake/Source/cmUVHandlePtr.cxx,"(113, 1)-(117, 2)",b'template <typename T>\nvoid uv_handle_ptr_base...'
Source,../repos/CMake/Source/cmUVHandlePtr.cxx,"(119, 1)-(123, 2)",b'template <typename T>\nuv_handle_ptr_base_<T>:...'
Source,../repos/CMake/Source/cmUVHandlePtr.cxx,"(125, 1)-(129, 2)",b'template <typename T>\nT* uv_handle_ptr_base_<...'
Source,../repos/CMake/Source/cmUVHandlePtr.cxx,"(131, 1)-(135, 2)",b'template <typename T>\nT* uv_handle_ptr_base_<...'
Source,../repos/CMake/Source/cmUVHandlePtr.cxx,"(137, 1)-(141, 2)",b'template <typename T>\nuv_handle_ptr_<T>::oper...'
Source,../repos/CMake/Source/cmUVHandlePtr.cxx,"(144, 1)-(170, 3)",b'template <>\nstruct uv_handle_deleter<uv_async...'
Source,../repos/CMake/Source/cmUVHandlePtr.cxx,"(191, 1)-(201, 3)",b'template <>\nstruct uv_handle_deleter<uv_signa...'
Source,../repos/CMake/Source/cmUVStreambuf.h,"(50, 1)-(80, 3)","b'template <typename CharT, typename Traits = s...'"
Source,../repos/CMake/Source/cmUVStreambuf.h,"(82, 1)-(89, 2)","b'template <typename CharT, typename Traits>\ncm...'"
Source,../repos/CMake/Source/cmUVStreambuf.h,"(91, 1)-(95, 2)","b'template <typename CharT, typename Traits>\ncm...'"
Source,../repos/CMake/Source/cmUVStreambuf.h,"(97, 1)-(101, 2)","b'template <typename CharT, typename Traits>\nbo...'"
Source,../repos/CMake/Source/cmUVStreambuf.h,"(103, 1)-(116, 2)","b'template <typename CharT, typename Traits>\ncm...'"
Source,../repos/CMake/Source/cmUVStreambuf.h,"(118, 1)-(129, 2)","b'template <typename CharT, typename Traits>\ncm...'"
Source,../repos/CMake/Source/cmUVStreambuf.h,"(131, 1)-(151, 2)","b'template <typename CharT, typename Traits>\nty...'"
Source,../repos/CMake/Source/cmUVStreambuf.h,"(153, 1)-(160, 2)","b'template <typename CharT, typename Traits>\nst...'"
Source,../repos/CMake/Source/cmUVStreambuf.h,"(162, 1)-(182, 2)","b'template <typename CharT, typename Traits>\nvo...'"
Source,../repos/CMake/Source/cmUVStreambuf.h,"(184, 1)-(202, 2)","b'template <typename CharT, typename Traits>\nvo...'"
Source,../repos/CMake/Source/cmUVStreambuf.h,"(204, 1)-(215, 2)","b'template <typename CharT, typename Traits>\nvo...'"
Source,../repos/CMake/Source/cmParseArgumentsCommand.cxx,"(58, 3)-(70, 4)","b'template <typename T, typename H>\n  void Bind...'"
Source,../repos/CMake/Source/cmCMakePresetsGraph.h,"(391, 3)-(397, 5)",b'template <class T>\n  class PresetPair\n  {\n  p...'
Source,../repos/CMake/Source/cmFindPackageCommand.h,"(28, 3)-(28, 34)",b'template <class T> struct hash;'
Source,../repos/CMake/Source/cmFindPackageCommand.h,"(255, 1)-(266, 3)",b'template <>\nstruct hash<cmFindPackageCommand:...'
Source,../repos/CMake/Source/cmCMakeHostSystemInformationCommand.cxx,"(555, 1)-(563, 2)","b'template <typename GetterFn, typename... Next...'"
Source,../repos/CMake/Source/cmCMakeHostSystemInformationCommand.cxx,"(565, 1)-(650, 2)",b'template <typename Range>\nbool QueryWindowsRe...'
Source,../repos/CMake/Source/cmUVStream.h,"(16, 1)-(31, 3)","b'template <typename CharT, typename Traits = s...'"
Source,../repos/CMake/Source/cmUVStream.h,"(33, 1)-(37, 2)","b'template <typename CharT, typename Traits>\ncm...'"
Source,../repos/CMake/Source/cmUVStream.h,"(39, 1)-(44, 2)","b'template <typename CharT, typename Traits>\ncm...'"
Source,../repos/CMake/Source/cmUVStream.h,"(46, 1)-(50, 2)","b'template <typename CharT, typename Traits>\nbo...'"
Source,../repos/CMake/Source/cmUVStream.h,"(52, 1)-(56, 2)","b'template <typename CharT, typename Traits>\nvo...'"
Source,../repos/CMake/Source/cmUVStream.h,"(58, 1)-(62, 2)","b'template <typename CharT, typename Traits>\nvo...'"
Source,../repos/CMake/Source/cmUVStream.h,"(66, 1)-(81, 3)","b'template <typename CharT, typename Traits = s...'"
Source,../repos/CMake/Source/cmUVStream.h,"(83, 1)-(84, 71)","b'template <typename CharT, typename Traits>\ncm...'"
Source,../repos/CMake/Source/cmUVStream.h,"(86, 1)-(91, 2)","b'template <typename CharT, typename Traits>\ncm...'"
Source,../repos/CMake/Source/cmUVStream.h,"(93, 1)-(99, 2)","b'template <typename CharT, typename Traits>\nvo...'"
Source,../repos/CMake/Source/cmUVStream.h,"(101, 1)-(106, 2)","b'template <typename CharT, typename Traits>\nvo...'"
Source,../repos/CMake/Source/cmUVStream.h,"(117, 3)-(119, 72)","b'template <typename ReadCallback, typename Fin...'"
Source,../repos/CMake/Source/cmUVStream.h,"(122, 1)-(154, 2)","b'template <typename ReadCallback, typename Fin...'"
Source,../repos/CMake/Source/cmExportFileGenerator.cxx,"(933, 1)-(966, 2)",b'template <typename T>\nvoid cmExportFileGenera...'
Source,../repos/CMake/Source/cmDocumentationSection.h,"(48, 3)-(53, 4)",b'template <typename Iterable>\n  void Append(co...'
Source,../repos/CMake/Source/cmDocumentationSection.h,"(56, 3)-(61, 4)",b'template <typename Iterable>\n  void Prepend(c...'
Source,../repos/CMake/Source/cmTarget.cxx,"(47, 1)-(64, 2)",b'template <>\nconst std::string& cmTargetProper...'
Source,../repos/CMake/Source/cmTarget.cxx,"(66, 1)-(84, 2)",b'template <>\nconst std::string& cmTargetProper...'
Source,../repos/CMake/Source/cmTarget.cxx,"(86, 1)-(167, 2)",b'template <>\ncmValue cmTargetPropertyComputer:...'
Source,../repos/CMake/Source/cmTarget.cxx,"(223, 3)-(226, 39)",b'template <typename ValueType>\n  bool WritePro...'
Source,../repos/CMake/Source/cmTarget.cxx,"(262, 3)-(265, 71)",b'template <typename ValueType>\n  bool Write(cm...'
Source,../repos/CMake/Source/cmTarget.cxx,"(266, 3)-(269, 52)",b'template <typename ValueType>\n  void WriteDir...'
Source,../repos/CMake/Source/cmTarget.cxx,"(702, 3)-(706, 58)",b'template <typename ValueType>\n  void AddDirec...'
Source,../repos/CMake/Source/cmTarget.cxx,"(707, 3)-(711, 53)",b'template <typename ValueType>\n  void AddPathT...'
Source,../repos/CMake/Source/cmTarget.cxx,"(761, 1)-(818, 2)",b'template <typename ValueType>\nbool FileSetTyp...'
Source,../repos/CMake/Source/cmTarget.cxx,"(871, 1)-(881, 2)",b'template <typename ValueType>\nbool UsageRequi...'
Source,../repos/CMake/Source/cmTarget.cxx,"(883, 1)-(900, 2)",b'template <typename ValueType>\nvoid UsageRequi...'
Source,../repos/CMake/Source/cmTarget.cxx,"(2280, 1)-(2309, 2)",b'template <typename ValueType>\nvoid cmTargetIn...'
Source,../repos/CMake/Source/cmTarget.cxx,"(2311, 1)-(2340, 2)",b'template <typename ValueType>\nvoid cmTargetIn...'
Source,../repos/CMake/Source/cmRange.h,"(13, 1)-(72, 3)","b'template <typename Iter, typename UnaryPredic...'"
Source,../repos/CMake/Source/cmRange.h,"(74, 1)-(123, 3)","b'template <typename Iter, typename UnaryFuncti...'"
Source,../repos/CMake/Source/cmRange.h,"(127, 1)-(211, 3)",b'template <typename Iter>\nclass cmRange\n{\npubl...'
Source,../repos/CMake/Source/cmRange.h,"(174, 3)-(178, 4)",b'template <typename UnaryPredicate>\n  bool all...'
Source,../repos/CMake/Source/cmRange.h,"(180, 3)-(184, 4)",b'template <typename UnaryPredicate>\n  bool any...'
Source,../repos/CMake/Source/cmRange.h,"(186, 3)-(190, 4)",b'template <typename UnaryPredicate>\n  bool non...'
Source,../repos/CMake/Source/cmRange.h,"(192, 3)-(198, 4)",b'template <typename UnaryPredicate>\n  auto fil...'
Source,../repos/CMake/Source/cmRange.h,"(200, 3)-(206, 4)",b'template <typename UnaryFunction>\n  auto tran...'
Source,../repos/CMake/Source/cmRange.h,"(213, 1)-(218, 2)","b'template <typename Iter1, typename Iter2>\nboo...'"
Source,../repos/CMake/Source/cmRange.h,"(220, 1)-(224, 2)","b'template <typename Iter1, typename Iter2>\naut...'"
Source,../repos/CMake/Source/cmRange.h,"(226, 1)-(230, 2)",b'template <typename Range>\nauto cmMakeRange(Ra...'
Source,../repos/CMake/Source/cmRange.h,"(232, 1)-(236, 2)",b'template <typename Range>\nauto cmReverseRange...'
Source,../repos/CMake/Source/CTest/cmCTestBinPacker.cxx,"(36, 1)-(82, 2)",b'template <typename AllocationStrategy>\nbool A...'
Source,../repos/CMake/Source/CTest/cmCTestBinPacker.cxx,"(84, 1)-(112, 2)",b'template <typename AllocationStrategy>\nbool A...'
Source,../repos/CMake/Source/cmInstallGetRuntimeDependenciesGenerator.cxx,"(26, 1)-(42, 2)","b'template <typename T, typename F>\nvoid WriteM...'"
Source,../repos/CMake/Source/cmStateDirectory.h,"(19, 1)-(20, 10)",b'template <typename T>\nclass BT;'
Source,../repos/CMake/Source/cmStateDirectory.h,"(79, 3)-(81, 55)",b'template <typename ValueType>\n  void StorePro...'
Source,../repos/CMake/Source/cmake.cxx,"(3894, 1)-(3930, 2)",b'template <typename T>\nconst T* cmake::FindPre...'
Source,../repos/CMake/Source/cmFindPackageCommand.cxx,"(60, 1)-(67, 3)",b'template <template <typename> class Op>\nstruc...'
Source,../repos/CMake/Source/cmFindPackageCommand.cxx,"(390, 1)-(394, 2)",b'template <typename Generator>\nvoid ResetGener...'
Source,../repos/CMake/Source/cmFindPackageCommand.cxx,"(396, 1)-(401, 2)","b'template <typename Generator, typename... Gen...'"
Source,../repos/CMake/Source/cmFindPackageCommand.cxx,"(403, 1)-(409, 2)",b'template <typename CallbackFn>\nbool TryGenera...'
Source,../repos/CMake/Source/cmFindPackageCommand.cxx,"(411, 1)-(426, 2)","b'template <typename CallbackFn, typename Gener...'"
Source,../repos/CMake/Source/cmGeneratorExpressionNode.cxx,"(616, 1)-(652, 3)",b'template <typename Container>\nclass Range : p...'
Source,../repos/CMake/Source/cmGeneratorExpressionNode.cxx,"(1843, 1)-(1858, 3)",b'template <char C>\nstruct CharacterNode : publ...'
Source,../repos/CMake/Source/cmGeneratorExpressionNode.cxx,"(2045, 1)-(2062, 3)",b'template <cmSystemTools::CompareOp Op>\nstruct...'
Source,../repos/CMake/Source/cmGeneratorExpressionNode.cxx,"(3435, 1)-(3444, 3)","b'template <typename ArtifactT, typename Compon...'"
Source,../repos/CMake/Source/cmGeneratorExpressionNode.cxx,"(3476, 1)-(3480, 3)",b'template <typename ArtifactT>\nstruct TargetFi...'
Source,../repos/CMake/Source/cmGeneratorExpressionNode.cxx,"(3481, 1)-(3485, 3)",b'template <typename ArtifactT>\nstruct TargetFi...'
Source,../repos/CMake/Source/cmGeneratorExpressionNode.cxx,"(3486, 1)-(3491, 3)",b'template <>\nstruct TargetFilesystemArtifactDe...'
Source,../repos/CMake/Source/cmGeneratorExpressionNode.cxx,"(3492, 1)-(3497, 3)",b'template <>\nstruct TargetFilesystemArtifactDe...'
Source,../repos/CMake/Source/cmGeneratorExpressionNode.cxx,"(3498, 1)-(3503, 3)",b'template <>\nstruct TargetFilesystemArtifactDe...'
Source,../repos/CMake/Source/cmGeneratorExpressionNode.cxx,"(3505, 1)-(3511, 3)",b'template <typename ArtifactT>\nstruct TargetFi...'
Source,../repos/CMake/Source/cmGeneratorExpressionNode.cxx,"(3513, 1)-(3537, 3)",b'template <>\nstruct TargetFilesystemArtifactRe...'
Source,../repos/CMake/Source/cmGeneratorExpressionNode.cxx,"(3539, 1)-(3569, 3)",b'template <>\nstruct TargetFilesystemArtifactRe...'
Source,../repos/CMake/Source/cmGeneratorExpressionNode.cxx,"(3571, 1)-(3609, 3)",b'template <>\nstruct TargetFilesystemArtifactRe...'
Source,../repos/CMake/Source/cmGeneratorExpressionNode.cxx,"(3611, 1)-(3632, 3)",b'template <>\nstruct TargetFilesystemArtifactRe...'
Source,../repos/CMake/Source/cmGeneratorExpressionNode.cxx,"(3634, 1)-(3657, 3)",b'template <>\nstruct TargetFilesystemArtifactRe...'
Source,../repos/CMake/Source/cmGeneratorExpressionNode.cxx,"(3659, 1)-(3681, 3)",b'template <>\nstruct TargetFilesystemArtifactRe...'
Source,../repos/CMake/Source/cmGeneratorExpressionNode.cxx,"(3683, 1)-(3705, 3)",b'template <>\nstruct TargetFilesystemArtifactRe...'
Source,../repos/CMake/Source/cmGeneratorExpressionNode.cxx,"(3707, 1)-(3740, 3)",b'template <>\nstruct TargetFilesystemArtifactRe...'
Source,../repos/CMake/Source/cmGeneratorExpressionNode.cxx,"(3742, 1)-(3766, 3)",b'template <>\nstruct TargetFilesystemArtifactRe...'
Source,../repos/CMake/Source/cmGeneratorExpressionNode.cxx,"(3768, 1)-(3778, 3)",b'template <>\nstruct TargetFilesystemArtifactRe...'
Source,../repos/CMake/Source/cmGeneratorExpressionNode.cxx,"(3780, 1)-(3793, 3)",b'template <>\nstruct TargetFilesystemArtifactRe...'
Source,../repos/CMake/Source/cmGeneratorExpressionNode.cxx,"(3795, 1)-(3799, 3)",b'template <typename ArtifactT>\nstruct TargetFi...'
Source,../repos/CMake/Source/cmGeneratorExpressionNode.cxx,"(3801, 1)-(3808, 3)",b'template <>\nstruct TargetFilesystemArtifactRe...'
Source,../repos/CMake/Source/cmGeneratorExpressionNode.cxx,"(3810, 1)-(3817, 3)",b'template <>\nstruct TargetFilesystemArtifactRe...'
Source,../repos/CMake/Source/cmGeneratorExpressionNode.cxx,"(3819, 1)-(3823, 3)",b'template <>\nstruct TargetFilesystemArtifactRe...'
Source,../repos/CMake/Source/cmGeneratorExpressionNode.cxx,"(3871, 1)-(3903, 3)","b'template <typename ArtifactT, typename Compon...'"
Source,../repos/CMake/Source/cmGeneratorExpressionNode.cxx,"(3905, 1)-(3915, 3)",b'template <typename ArtifactT>\nstruct TargetFi...'
Source,../repos/CMake/Source/cmGeneratorExpressionNode.cxx,"(3955, 1)-(3961, 3)",b'template <typename ArtifactT>\nstruct TargetOu...'
Source,../repos/CMake/Source/cmGeneratorExpressionNode.cxx,"(3963, 1)-(3974, 3)",b'template <>\nstruct TargetOutputNameArtifactRe...'
Source,../repos/CMake/Source/cmGeneratorExpressionNode.cxx,"(3976, 1)-(3990, 3)",b'template <>\nstruct TargetOutputNameArtifactRe...'
Source,../repos/CMake/Source/cmGeneratorExpressionNode.cxx,"(3992, 1)-(4014, 3)",b'template <>\nstruct TargetOutputNameArtifactRe...'
Source,../repos/CMake/Source/cmGeneratorExpressionNode.cxx,"(4016, 1)-(4040, 3)",b'template <>\nstruct TargetOutputNameArtifactRe...'
Source,../repos/CMake/Source/cmGeneratorExpressionNode.cxx,"(4042, 1)-(4064, 3)",b'template <>\nstruct TargetOutputNameArtifactRe...'
Source,../repos/CMake/Source/cmGeneratorExpressionNode.cxx,"(4066, 1)-(4105, 3)",b'template <>\nstruct TargetOutputNameArtifactRe...'
Source,../repos/CMake/Source/cmGeneratorExpressionNode.cxx,"(4107, 1)-(4133, 3)",b'template <typename ArtifactT>\nstruct TargetFi...'
Source,../repos/CMake/Source/cmGeneratorExpressionNode.cxx,"(4159, 1)-(4165, 3)",b'template <typename ArtifactT>\nstruct TargetFi...'
Source,../repos/CMake/Source/cmGeneratorExpressionNode.cxx,"(4167, 1)-(4176, 3)",b'template <>\nstruct TargetFileArtifactResultGe...'
Source,../repos/CMake/Source/cmGeneratorExpressionNode.cxx,"(4177, 1)-(4190, 3)",b'template <>\nstruct TargetFileArtifactResultGe...'
Source,../repos/CMake/Source/cmGeneratorExpressionNode.cxx,"(4191, 1)-(4213, 3)",b'template <>\nstruct TargetFileArtifactResultGe...'
Source,../repos/CMake/Source/cmGeneratorExpressionNode.cxx,"(4214, 1)-(4237, 3)",b'template <>\nstruct TargetFileArtifactResultGe...'
Source,../repos/CMake/Source/cmGeneratorExpressionNode.cxx,"(4238, 1)-(4259, 3)",b'template <>\nstruct TargetFileArtifactResultGe...'
Source,../repos/CMake/Source/cmGeneratorExpressionNode.cxx,"(4260, 1)-(4269, 3)",b'template <>\nstruct TargetFileArtifactResultGe...'
Source,../repos/CMake/Source/cmGeneratorExpressionNode.cxx,"(4270, 1)-(4283, 3)",b'template <>\nstruct TargetFileArtifactResultGe...'
Source,../repos/CMake/Source/cmGeneratorExpressionNode.cxx,"(4284, 1)-(4306, 3)",b'template <>\nstruct TargetFileArtifactResultGe...'
Source,../repos/CMake/Source/cmGeneratorExpressionNode.cxx,"(4307, 1)-(4329, 3)",b'template <>\nstruct TargetFileArtifactResultGe...'
Source,../repos/CMake/Source/cmGeneratorExpressionNode.cxx,"(4330, 1)-(4351, 3)",b'template <>\nstruct TargetFileArtifactResultGe...'
Source,../repos/CMake/Source/cmGeneratorExpressionNode.cxx,"(4353, 1)-(4379, 3)",b'template <typename ArtifactT>\nstruct TargetFi...'
Source,../repos/CMake/Source/cmGeneratorExpressionDAGChecker.cxx,"(247, 1)-(251, 2)",b'template <TransitiveProperty>\nbool additional...'
Source,../repos/CMake/Source/cmGeneratorExpressionDAGChecker.cxx,"(253, 1)-(257, 2)",b'template <>\nbool additionalTest<COMPILE_DEFIN...'
Source,../repos/CMake/Source/cmListFileCache.h,"(182, 1)-(203, 3)",b'template <typename T>\nclass BT\n{\npublic:\n  BT...'
Source,../repos/CMake/Source/cmListFileCache.h,"(210, 1)-(231, 3)",b'template <typename T>\nclass BTs\n{\npublic:\n  B...'
Source,../repos/CMake/Source/QtDialog/QCMake.cxx,"(382, 1)-(408, 2)",b'template <typename T>\nQCMakeProperty cache_to...'
Source,../repos/CMake/Source/cmGlobalVisualStudio71Generator.h,"(17, 1)-(18, 10)",b'template <typename T>\nclass BT;'
Source,../repos/CMake/Source/cmComputeLinkDepends.cxx,"(408, 3)-(417, 4)",b'template <typename Range>\n  void AddLibraries...'
Source,../repos/CMake/Source/cmComputeLinkDepends.cxx,"(867, 1)-(1114, 2)",b'template <typename T>\nvoid cmComputeLinkDepen...'
Source,../repos/CMake/Source/cmGlobalGenerator.h,"(63, 1)-(68, 2)","b'template <typename T, typename... Ts>\ninline ...'"
Source,../repos/CMake/Source/cmGlobalGenerator.h,"(73, 3)-(78, 4)",b'template <typename... T>\n  void Add(T&&... ar...'
Source,../repos/CMake/Source/cmGraphVizWriter.h,"(92, 3)-(94, 74)",b'template <typename DirFunc>\n  void WritePerTa...'
Source,../repos/CMake/Source/cmELF.cxx,"(25, 1)-(28, 3)",b'template <size_t s>\nstruct cmELFByteSwapSize\n{\n};'
Source,../repos/CMake/Source/cmELF.cxx,"(64, 1)-(68, 2)",b'template <typename T>\nvoid cmELFByteSwap(T& x...'
Source,../repos/CMake/Source/cmELF.cxx,"(197, 1)-(396, 3)",b'template <class Types>\nclass cmELFInternalImp...'
Source,../repos/CMake/Source/cmELF.cxx,"(398, 1)-(454, 2)",b'template <class Types>\ncmELFInternalImpl<Type...'
Source,../repos/CMake/Source/cmELF.cxx,"(456, 1)-(493, 2)",b'template <class Types>\nbool cmELFInternalImpl...'
Source,../repos/CMake/Source/cmELF.cxx,"(495, 1)-(506, 2)",b'template <class Types>\nunsigned long cmELFInt...'
Source,../repos/CMake/Source/cmELF.cxx,"(508, 1)-(525, 2)",b'template <class Types>\ncmELF::DynamicEntryLis...'
Source,../repos/CMake/Source/cmELF.cxx,"(527, 1)-(549, 2)",b'template <class Types>\nstd::vector<char> cmEL...'
Source,../repos/CMake/Source/cmELF.cxx,"(551, 1)-(634, 2)",b'template <class Types>\ncmELF::StringEntry con...'
Source,../repos/CMake/Source/cmExtraEclipseCDT4Generator.cxx,"(41, 1)-(48, 2)",b'template <typename T>\nvoid AppendDictionary(c...'
Source,../repos/CMake/Source/cmLocalGenerator.h,"(46, 1)-(47, 15)",b'template <typename Iter>\nclass cmRange;'
Source,../repos/CMake/Source/cmTarget.h,"(331, 3)-(332, 64)",b'template <typename ValueType>\n  void StorePro...'
Source,../repos/CMake/Source/cmArgumentParser.h,"(23, 1)-(24, 24)",b'template <typename Result>\nclass cmArgumentParser;'
Source,../repos/CMake/Source/cmArgumentParser.h,"(51, 1)-(57, 2)",b'template <typename Result>\ntypename std::enab...'
Source,../repos/CMake/Source/cmArgumentParser.h,"(59, 1)-(65, 2)",b'template <typename Result>\ntypename std::enab...'
Source,../repos/CMake/Source/cmArgumentParser.h,"(180, 3)-(190, 4)",b'template <typename U>\n  void Bind(NonEmpty<st...'
Source,../repos/CMake/Source/cmArgumentParser.h,"(193, 3)-(200, 4)",b'template <typename T>\n  void Bind(cm::optiona...'
Source,../repos/CMake/Source/cmArgumentParser.h,"(202, 3)-(209, 4)","b'template <typename T, typename U>\n  void Bind...'"
Source,../repos/CMake/Source/cmArgumentParser.h,"(211, 3)-(218, 4)",b'template <typename Range>\n  void Parse(Range ...'
Source,../repos/CMake/Source/cmArgumentParser.h,"(235, 3)-(236, 35)",b'template <typename Result>\n  friend class ::c...'
Source,../repos/CMake/Source/cmArgumentParser.h,"(241, 1)-(359, 60)",b'template <typename Result>\nclass cmArgumentPa...'
Source,../repos/CMake/Source/cmArgumentParser.h,"(247, 3)-(254, 4)",b'template <typename T>\n  cmArgumentParser& Bin...'
Source,../repos/CMake/Source/cmArgumentParser.h,"(256, 3)-(265, 4)","b'template <typename T, typename U>\n  cmArgumen...'"
Source,../repos/CMake/Source/cmArgumentParser.h,"(366, 3)-(373, 4)",b'template <typename Range>\n  Result Parse(Rang...'
Source,../repos/CMake/Source/cmArgumentParser.h,"(376, 1)-(451, 3)",b'template <>\nclass cmArgumentParser<void> : pr...'
Source,../repos/CMake/Source/cmArgumentParser.h,"(380, 3)-(385, 4)",b'template <typename T>\n  cmArgumentParser& Bin...'
Source,../repos/CMake/Source/cmArgumentParser.h,"(430, 3)-(439, 4)",b'template <typename Range>\n  ParseResult Parse...'
Source,../repos/CMake/Source/cmArgumentParser.h,"(445, 3)-(450, 4)",b'template <typename T>\n  bool Bind(cm::string_...'
Source,../repos/CMake/Source/cmExternalMakefileProjectGenerator.h,"(92, 1)-(110, 3)",b'template <class T>\nclass cmExternalMakefilePr...'
Source,../repos/CMake/Source/cmTargetPropertyComputer.h,"(19, 3)-(33, 4)",b'template <typename Target>\n  static cmValue G...'
Source,../repos/CMake/Source/cmTargetPropertyComputer.h,"(39, 3)-(40, 72)",b'template <typename Target>\n  static const std...'
Source,../repos/CMake/Source/cmTargetPropertyComputer.h,"(41, 3)-(43, 72)",b'template <typename Target>\n  static const std...'
Source,../repos/CMake/Source/cmTargetPropertyComputer.h,"(45, 3)-(90, 4)",b'template <typename Target>\n  static cmValue G...'
Source,../repos/CMake/Source/cmTargetPropertyComputer.h,"(92, 3)-(93, 70)",b'template <typename Target>\n  static cmValue G...'
Source,../repos/CMake/Source/cmXCOFF.cxx,"(82, 1)-(138, 3)",b'template <typename XCOFF>\nclass Impl : public...'
Source,../repos/CMake/Source/cmXCOFF.cxx,"(140, 1)-(197, 2)",b'template <typename XCOFF>\nImpl<XCOFF>::Impl(c...'
Source,../repos/CMake/Source/cmXCOFF.cxx,"(199, 1)-(210, 2)",b'template <typename XCOFF>\ncm::optional<cm::st...'
Source,../repos/CMake/Source/cmXCOFF.cxx,"(212, 1)-(279, 2)",b'template <typename XCOFF>\nbool Impl<XCOFF>::S...'
Source,../repos/CMake/Source/cmXCOFF.cxx,"(281, 1)-(285, 2)",b'template <typename XCOFF>\nbool Impl<XCOFF>::R...'
Source,../repos/CMake/Source/cmInstallCommand.cxx,"(294, 1)-(305, 2)",b'template <typename T>\nbool AddBundleExecutabl...'
Source,../repos/CMake/Source/cmState.h,"(39, 1)-(40, 10)",b'template <typename T>\nclass BT;'
Source,../repos/CMake/Source/cmQtAutoMocUic.cxx,"(560, 3)-(561, 57)",b'template <class JOBTYPE>\n  void CreateParseJo...'
Source,../repos/CMake/Source/cmQtAutoMocUic.cxx,"(2815, 1)-(2830, 2)",b'template <class JOBTYPE>\nvoid cmQtAutoMocUicT...'
