Repo name,File name,Location,Content
Source,../repos/CMake/Source/cmStateDirectory.cxx,"(8, 10)-(8, 18)",b'#include <vector>\n'
Source,../repos/CMake/Source/cmVariableWatchCommand.h,"(8, 10)-(8, 18)",b'#include <vector>\n'
Source,../repos/CMake/Source/cmCommand.h,"(9, 10)-(9, 18)",b'#include <vector>\n'
Source,../repos/CMake/Source/cmSubcommandTable.h,"(10, 10)-(10, 18)",b'#include <vector>\n'
Source,../repos/CMake/Source/cmConfigureFileCommand.cxx,"(5, 10)-(5, 15)",b'#include <set>\n'
Source,../repos/CMake/Source/cmLocalCommonGenerator.cxx,"(6, 10)-(6, 18)",b'#include <vector>\n'
Source,../repos/CMake/Source/cmEnableLanguageCommand.h,"(8, 10)-(8, 18)",b'#include <vector>\n'
Source,../repos/CMake/Source/cmQtAutoGenGlobalInitializer.h,"(7, 10)-(7, 15)",b'#include <map>\n'
Source,../repos/CMake/Source/cmQtAutoGenGlobalInitializer.h,"(10, 10)-(10, 25)",b'#include <unordered_map>\n'
Source,../repos/CMake/Source/cmQtAutoGenGlobalInitializer.h,"(11, 10)-(11, 18)",b'#include <vector>\n'
Source,../repos/CMake/Source/cmLocalGhsMultiGenerator.cxx,"(6, 10)-(6, 18)",b'#include <vector>\n'
Source,../repos/CMake/Source/cmGlobalNinjaGenerator.h,"(8, 10)-(8, 15)",b'#include <map>\n'
Source,../repos/CMake/Source/cmGlobalNinjaGenerator.h,"(10, 10)-(10, 15)",b'#include <set>\n'
Source,../repos/CMake/Source/cmGlobalNinjaGenerator.h,"(12, 10)-(12, 25)",b'#include <unordered_map>\n'
Source,../repos/CMake/Source/cmGlobalNinjaGenerator.h,"(13, 10)-(13, 25)",b'#include <unordered_set>\n'
Source,../repos/CMake/Source/cmGlobalNinjaGenerator.h,"(15, 10)-(15, 18)",b'#include <vector>\n'
Source,../repos/CMake/Source/cmGetFilenameComponentCommand.h,"(8, 10)-(8, 18)",b'#include <vector>\n'
Source,../repos/CMake/Source/cmExecuteProcessCommand.cxx,"(8, 10)-(8, 15)",b'#include <map>\n'
Source,../repos/CMake/Source/cmExecuteProcessCommand.cxx,"(12, 10)-(12, 18)",b'#include <vector>\n'
Source,../repos/CMake/Source/cmSystemTools.h,"(13, 10)-(13, 15)",b'#include <map>\n'
Source,../repos/CMake/Source/cmSystemTools.h,"(16, 10)-(16, 18)",b'#include <vector>\n'
Source,../repos/CMake/Source/cmFortranParserImpl.cxx,"(5, 10)-(5, 15)",b'#include <set>\n'
Source,../repos/CMake/Source/cmFortranParserImpl.cxx,"(6, 10)-(6, 17)",b'#include <stack>\n'
Source,../repos/CMake/Source/cmFortranParserImpl.cxx,"(9, 10)-(9, 18)",b'#include <vector>\n'
Source,../repos/CMake/Source/cmGeneratorTarget.cxx,"(6, 10)-(6, 17)",b'#include <array>\n'
Source,../repos/CMake/Source/cmGeneratorTarget.cxx,"(14, 10)-(14, 17)",b'#include <queue>\n'
Source,../repos/CMake/Source/cmGeneratorTarget.cxx,"(17, 10)-(17, 25)",b'#include <unordered_set>\n'
Source,../repos/CMake/Source/cmGlobalVisualStudio7Generator.h,"(6, 10)-(6, 15)",b'#include <map>\n'
Source,../repos/CMake/Source/cmGlobalVisualStudio7Generator.h,"(8, 10)-(8, 15)",b'#include <set>\n'
Source,../repos/CMake/Source/cmGlobalVisualStudio7Generator.h,"(11, 10)-(11, 18)",b'#include <vector>\n'
Source,../repos/CMake/Source/cmBreakCommand.h,"(8, 10)-(8, 18)",b'#include <vector>\n'
Source,../repos/CMake/Source/cmDebuggerExceptionManager.cxx,"(6, 10)-(6, 18)",b'#include <vector>\n'
Source,../repos/CMake/Source/cmInstallRuntimeDependencySetGenerator.h,"(7, 10)-(7, 18)",b'#include <vector>\n'
Source,../repos/CMake/Source/cmLocalNinjaGenerator.h,"(8, 10)-(8, 15)",b'#include <map>\n'
Source,../repos/CMake/Source/cmLocalNinjaGenerator.h,"(10, 10)-(10, 15)",b'#include <set>\n'
Source,../repos/CMake/Source/cmLocalNinjaGenerator.h,"(12, 10)-(12, 18)",b'#include <vector>\n'
Source,../repos/CMake/Source/cmIncludeRegularExpressionCommand.h,"(8, 10)-(8, 18)",b'#include <vector>\n'
Source,../repos/CMake/Source/cmParseArgumentsCommand.h,"(8, 10)-(8, 18)",b'#include <vector>\n'
Source,../repos/CMake/Source/cmEvaluatedTargetProperty.h,"(7, 10)-(7, 18)",b'#include <vector>\n'
Source,../repos/CMake/Source/cmMakefileUtilityTargetGenerator.cxx,"(8, 10)-(8, 18)",b'#include <vector>\n'
Source,../repos/CMake/Source/cmQtAutoGenGlobalInitializer.cxx,"(5, 10)-(5, 15)",b'#include <set>\n'
Source,../repos/CMake/Source/cmStatePrivate.h,"(9, 10)-(9, 18)",b'#include <vector>\n'
Source,../repos/CMake/Source/cmGlobalCommonGenerator.h,"(7, 10)-(7, 15)",b'#include <map>\n'
Source,../repos/CMake/Source/cmGlobalCommonGenerator.h,"(8, 10)-(8, 15)",b'#include <set>\n'
Source,../repos/CMake/Source/cmGlobalCommonGenerator.h,"(10, 10)-(10, 18)",b'#include <vector>\n'
Source,../repos/CMake/Source/cmBinUtilsWindowsPEDumpbinGetRuntimeDependenciesTool.h,"(7, 10)-(7, 18)",b'#include <vector>\n'
Source,../repos/CMake/Source/cmTargetExport.h,"(7, 10)-(7, 15)",b'#include <map>\n'
Source,../repos/CMake/Source/cmComputeLinkInformation.h,"(8, 10)-(8, 15)",b'#include <map>\n'
Source,../repos/CMake/Source/cmComputeLinkInformation.h,"(10, 10)-(10, 15)",b'#include <set>\n'
Source,../repos/CMake/Source/cmComputeLinkInformation.h,"(13, 10)-(13, 18)",b'#include <vector>\n'
Source,../repos/CMake/Source/cmAddSubDirectoryCommand.h,"(8, 10)-(8, 18)",b'#include <vector>\n'
Source,../repos/CMake/Source/cmAddTestCommand.h,"(8, 10)-(8, 18)",b'#include <vector>\n'
Source,../repos/CMake/Source/cmInstallTargetGenerator.cxx,"(8, 10)-(8, 15)",b'#include <map>\n'
Source,../repos/CMake/Source/cmInstallTargetGenerator.cxx,"(9, 10)-(9, 15)",b'#include <set>\n'
Source,../repos/CMake/Source/cmInstallTargetGenerator.cxx,"(12, 10)-(12, 18)",b'#include <vector>\n'
Source,../repos/CMake/Source/bindexplib.cxx,"(69, 10)-(69, 18)",b'#include <vector>\n'
Source,../repos/CMake/Source/cmCMakePresetsGraphReadJSONConfigurePresets.cxx,"(5, 10)-(5, 15)",b'#include <map>\n'
Source,../repos/CMake/Source/cmCMakePresetsGraphReadJSONConfigurePresets.cxx,"(8, 10)-(8, 18)",b'#include <vector>\n'
Source,../repos/CMake/Source/cmTargetLinkOptionsCommand.h,"(8, 10)-(8, 18)",b'#include <vector>\n'
Source,../repos/CMake/Source/cmExportFileGenerator.h,"(8, 10)-(8, 15)",b'#include <map>\n'
Source,../repos/CMake/Source/cmExportFileGenerator.h,"(9, 10)-(9, 15)",b'#include <set>\n'
Source,../repos/CMake/Source/cmExportFileGenerator.h,"(11, 10)-(11, 18)",b'#include <vector>\n'
Source,../repos/CMake/Source/cmContinueCommand.h,"(8, 10)-(8, 18)",b'#include <vector>\n'
Source,../repos/CMake/Source/cmLinkLineComputer.cxx,"(8, 10)-(8, 18)",b'#include <vector>\n'
Source,../repos/CMake/Source/cmFindCommon.cxx,"(6, 10)-(6, 17)",b'#include <array>\n'
Source,../repos/CMake/Source/cmFileSet.h,"(5, 10)-(5, 15)",b'#include <map>\n'
Source,../repos/CMake/Source/cmFileSet.h,"(8, 10)-(8, 18)",b'#include <vector>\n'
Source,../repos/CMake/Source/cmInstallFileSetGenerator.h,"(6, 10)-(6, 15)",b'#include <map>\n'
Source,../repos/CMake/Source/cmInstallFileSetGenerator.h,"(8, 10)-(8, 18)",b'#include <vector>\n'
Source,../repos/CMake/Source/cmDebuggerVariablesHelper.h,"(8, 10)-(8, 15)",b'#include <set>\n'
Source,../repos/CMake/Source/cmDebuggerVariablesHelper.h,"(11, 10)-(11, 18)",b'#include <vector>\n'
Source,../repos/CMake/Source/cmGraphVizWriter.cxx,"(9, 10)-(9, 15)",b'#include <set>\n'
Source,../repos/CMake/Source/cmGeneratorTarget.h,"(8, 10)-(8, 15)",b'#include <map>\n'
Source,../repos/CMake/Source/cmGeneratorTarget.h,"(10, 10)-(10, 15)",b'#include <set>\n'
Source,../repos/CMake/Source/cmGeneratorTarget.h,"(12, 10)-(12, 25)",b'#include <unordered_map>\n'
Source,../repos/CMake/Source/cmGeneratorTarget.h,"(13, 10)-(13, 25)",b'#include <unordered_set>\n'
Source,../repos/CMake/Source/cmGeneratorTarget.h,"(15, 10)-(15, 18)",b'#include <vector>\n'
Source,../repos/CMake/Source/cmNinjaTargetGenerator.h,"(7, 10)-(7, 15)",b'#include <map>\n'
Source,../repos/CMake/Source/cmNinjaTargetGenerator.h,"(9, 10)-(9, 15)",b'#include <set>\n'
Source,../repos/CMake/Source/cmNinjaTargetGenerator.h,"(12, 10)-(12, 18)",b'#include <vector>\n'
Source,../repos/CMake/Source/cmJSONHelpers.h,"(10, 10)-(10, 15)",b'#include <map>\n'
Source,../repos/CMake/Source/cmJSONHelpers.h,"(13, 10)-(13, 18)",b'#include <vector>\n'
Source,../repos/CMake/Source/cmCMakePresetsGraphReadJSON.cxx,"(6, 10)-(6, 15)",b'#include <map>\n'
Source,../repos/CMake/Source/cmCMakePresetsGraphReadJSON.cxx,"(8, 10)-(8, 25)",b'#include <unordered_set>\n'
Source,../repos/CMake/Source/cmCMakePresetsGraphReadJSON.cxx,"(10, 10)-(10, 18)",b'#include <vector>\n'
Source,../repos/CMake/Source/cmSourceFile.h,"(9, 10)-(9, 18)",b'#include <vector>\n'
Source,../repos/CMake/Source/cmGeneratorExpressionEvaluationFile.h,"(7, 10)-(7, 15)",b'#include <map>\n'
Source,../repos/CMake/Source/cmGeneratorExpressionEvaluationFile.h,"(10, 10)-(10, 18)",b'#include <vector>\n'
Source,../repos/CMake/Source/cmCMakePathCommand.cxx,"(7, 10)-(7, 15)",b'#include <map>\n'
Source,../repos/CMake/Source/cmCMakePathCommand.cxx,"(11, 10)-(11, 18)",b'#include <vector>\n'
Source,../repos/CMake/Source/cmGlobalVisualStudio12Generator.cxx,"(7, 10)-(7, 18)",b'#include <vector>\n'
Source,../repos/CMake/Source/cmArgumentParserTypes.h,"(10, 12)-(10, 20)",b'#  include <vector>\n'
Source,../repos/CMake/Source/cmGlobalGeneratorFactory.h,"(13, 10)-(13, 18)",b'#include <vector>\n'
Source,../repos/CMake/Source/cmAddCustomTargetCommand.h,"(8, 10)-(8, 18)",b'#include <vector>\n'
Source,../repos/CMake/Source/cmLocalVisualStudioGenerator.h,"(7, 10)-(7, 15)",b'#include <map>\n'
Source,../repos/CMake/Source/cmTransformDepfile.cxx,"(9, 10)-(9, 18)",b'#include <vector>\n'
Source,../repos/CMake/Source/cmSourceGroup.h,"(8, 10)-(8, 15)",b'#include <set>\n'
Source,../repos/CMake/Source/cmSourceGroup.h,"(10, 10)-(10, 18)",b'#include <vector>\n'
Source,../repos/CMake/Source/cmInstallSubdirectoryGenerator.cxx,"(8, 10)-(8, 18)",b'#include <vector>\n'
Source,../repos/CMake/Source/cmListCommand.cxx,"(8, 10)-(8, 15)",b'#include <set>\n'
Source,../repos/CMake/Source/cmListCommand.cxx,"(12, 10)-(12, 18)",b'#include <vector>\n'
Source,../repos/CMake/Source/cmInstallImportedRuntimeArtifactsGenerator.h,"(7, 10)-(7, 18)",b'#include <vector>\n'
Source,../repos/CMake/Source/cmBinUtilsLinuxELFObjdumpGetRuntimeDependenciesTool.h,"(7, 10)-(7, 18)",b'#include <vector>\n'
Source,../repos/CMake/Source/cmExtraCodeBlocksGenerator.cxx,"(5, 10)-(5, 15)",b'#include <map>\n'
Source,../repos/CMake/Source/cmExtraCodeBlocksGenerator.cxx,"(8, 10)-(8, 15)",b'#include <set>\n'
Source,../repos/CMake/Source/cmcmd.cxx,"(58, 10)-(58, 17)",b'#include <array>\n'
Source,../repos/CMake/Source/cmGlobalVisualStudio71Generator.cxx,"(5, 10)-(5, 15)",b'#include <map>\n'
Source,../repos/CMake/Source/cmAddDefinitionsCommand.h,"(8, 10)-(8, 18)",b'#include <vector>\n'
Source,../repos/CMake/Source/cmMakeDirectoryCommand.h,"(8, 10)-(8, 18)",b'#include <vector>\n'
Source,../repos/CMake/Source/cmStringReplaceHelper.h,"(7, 10)-(7, 18)",b'#include <vector>\n'
Source,../repos/CMake/Source/cmSubdirCommand.h,"(8, 10)-(8, 18)",b'#include <vector>\n'
Source,../repos/CMake/Source/cmLinkLineComputer.h,"(9, 10)-(9, 18)",b'#include <vector>\n'
Source,../repos/CMake/Source/cmXMLWriter.h,"(11, 10)-(11, 17)",b'#include <stack>\n'
Source,../repos/CMake/Source/cmXMLWriter.h,"(13, 10)-(13, 18)",b'#include <vector>\n'
Source,../repos/CMake/Source/cmGccDepfileLexerHelper.cxx,"(8, 10)-(8, 18)",b'#include <vector>\n'
Source,../repos/CMake/Source/cmCurl.cxx,"(13, 12)-(13, 20)",b'#  include <vector>\n'
Source,../repos/CMake/Source/cmExtraCodeLiteGenerator.cxx,"(6, 10)-(6, 15)",b'#include <map>\n'
Source,../repos/CMake/Source/cmExtraCodeLiteGenerator.cxx,"(8, 10)-(8, 15)",b'#include <set>\n'
Source,../repos/CMake/Source/cmakemain.cxx,"(17, 10)-(17, 18)",b'#include <vector>\n'
Source,../repos/CMake/Source/cmInstallCommandArguments.h,"(8, 10)-(8, 18)",b'#include <vector>\n'
Source,../repos/CMake/Source/cmGraphAdjacencyList.h,"(9, 10)-(9, 18)",b'#include <vector>\n'
Source,../repos/CMake/Source/cmMakefileExecutableTargetGenerator.cxx,"(5, 10)-(5, 15)",b'#include <set>\n'
Source,../repos/CMake/Source/cmMakefileExecutableTargetGenerator.cxx,"(9, 10)-(9, 18)",b'#include <vector>\n'
Source,../repos/CMake/Source/cmWindowsRegistry.h,"(10, 10)-(10, 18)",b'#include <vector>\n'
Source,../repos/CMake/Source/cmConditionEvaluator.h,"(8, 10)-(8, 18)",b'#include <vector>\n'
Source,../repos/CMake/Source/cmDocumentation.h,"(8, 10)-(8, 15)",b'#include <map>\n'
Source,../repos/CMake/Source/cmDocumentation.h,"(11, 10)-(11, 18)",b'#include <vector>\n'
Source,../repos/CMake/Source/cmRemoveDefinitionsCommand.h,"(8, 10)-(8, 18)",b'#include <vector>\n'
Source,../repos/CMake/Source/cmTargetIncludeDirectoriesCommand.h,"(8, 10)-(8, 18)",b'#include <vector>\n'
Source,../repos/CMake/Source/cmBinUtilsMacOSMachOLinker.cxx,"(9, 10)-(9, 18)",b'#include <vector>\n'
Source,../repos/CMake/Source/cmcmd.h,"(9, 10)-(9, 18)",b'#include <vector>\n'
Source,../repos/CMake/Source/cmUseMangledMesaCommand.h,"(8, 10)-(8, 18)",b'#include <vector>\n'
Source,../repos/CMake/Source/cmTargetDepend.h,"(7, 10)-(7, 15)",b'#include <set>\n'
Source,../repos/CMake/Source/cmMakefile.h,"(8, 10)-(8, 17)",b'#include <deque>\n'
Source,../repos/CMake/Source/cmMakefile.h,"(10, 10)-(10, 15)",b'#include <map>\n'
Source,../repos/CMake/Source/cmMakefile.h,"(12, 10)-(12, 15)",b'#include <set>\n'
Source,../repos/CMake/Source/cmMakefile.h,"(13, 10)-(13, 17)",b'#include <stack>\n'
Source,../repos/CMake/Source/cmMakefile.h,"(15, 10)-(15, 25)",b'#include <unordered_map>\n'
Source,../repos/CMake/Source/cmMakefile.h,"(17, 10)-(17, 18)",b'#include <vector>\n'
Source,../repos/CMake/Source/cmAddCustomCommandCommand.h,"(8, 10)-(8, 18)",b'#include <vector>\n'
Source,../repos/CMake/Source/cmTargetLinkDirectoriesCommand.h,"(8, 10)-(8, 18)",b'#include <vector>\n'
Source,../repos/CMake/Source/cmXcFramework.h,"(6, 10)-(6, 18)",b'#include <vector>\n'
Source,../repos/CMake/Source/cmGeneratorExpressionNode.h,"(8, 10)-(8, 18)",b'#include <vector>\n'
Source,../repos/CMake/Source/cmExportBuildFileGenerator.h,"(10, 10)-(10, 18)",b'#include <vector>\n'
Source,../repos/CMake/Source/cmConfigureFileCommand.h,"(8, 10)-(8, 18)",b'#include <vector>\n'
Source,../repos/CMake/Source/cmCMakeHostSystemInformationCommand.h,"(8, 10)-(8, 18)",b'#include <vector>\n'
Source,../repos/CMake/Source/cmFunctionCommand.h,"(8, 10)-(8, 18)",b'#include <vector>\n'
Source,../repos/CMake/Source/cmNewLineStyle.h,"(8, 10)-(8, 18)",b'#include <vector>\n'
Source,../repos/CMake/Source/cmAlgorithms.h,"(11, 10)-(11, 25)",b'#include <unordered_set>\n'
Source,../repos/CMake/Source/cmAlgorithms.h,"(13, 10)-(13, 18)",b'#include <vector>\n'
Source,../repos/CMake/Source/cmQtAutoGenInitializer.cxx,"(5, 10)-(5, 17)",b'#include <array>\n'
Source,../repos/CMake/Source/cmQtAutoGenInitializer.cxx,"(7, 10)-(7, 17)",b'#include <deque>\n'
Source,../repos/CMake/Source/cmQtAutoGenInitializer.cxx,"(10, 10)-(10, 15)",b'#include <map>\n'
Source,../repos/CMake/Source/cmQtAutoGenInitializer.cxx,"(11, 10)-(11, 15)",b'#include <set>\n'
Source,../repos/CMake/Source/cmQtAutoGenInitializer.cxx,"(14, 10)-(14, 25)",b'#include <unordered_set>\n'
Source,../repos/CMake/Source/cmQtAutoGenInitializer.cxx,"(16, 10)-(16, 18)",b'#include <vector>\n'
Source,../repos/CMake/Source/cmInstallDirectoryGenerator.h,"(9, 10)-(9, 18)",b'#include <vector>\n'
Source,../repos/CMake/Source/cmGeneratorExpressionEvaluator.h,"(11, 10)-(11, 18)",b'#include <vector>\n'
Source,../repos/CMake/Source/cmBinUtilsWindowsPELinker.cxx,"(10, 10)-(10, 18)",b'#include <vector>\n'
Source,../repos/CMake/Source/cmQtAutoGen.h,"(9, 10)-(9, 25)",b'#include <unordered_map>\n'
Source,../repos/CMake/Source/cmQtAutoGen.h,"(10, 10)-(10, 18)",b'#include <vector>\n'
Source,../repos/CMake/Source/cmInstallScriptGenerator.cxx,"(7, 10)-(7, 18)",b'#include <vector>\n'
Source,../repos/CMake/Source/cmLocalGhsMultiGenerator.h,"(5, 10)-(5, 15)",b'#include <map>\n'
Source,../repos/CMake/Source/cmLDConfigLDConfigTool.cxx,"(8, 10)-(8, 18)",b'#include <vector>\n'
Source,../repos/CMake/Source/cmComputeTargetDepends.h,"(8, 10)-(8, 15)",b'#include <map>\n'
Source,../repos/CMake/Source/cmComputeTargetDepends.h,"(9, 10)-(9, 15)",b'#include <set>\n'
Source,../repos/CMake/Source/cmComputeTargetDepends.h,"(11, 10)-(11, 18)",b'#include <vector>\n'
Source,../repos/CMake/Source/cmAddLinkOptionsCommand.h,"(8, 10)-(8, 18)",b'#include <vector>\n'
Source,../repos/CMake/Source/cmStandardLevelResolver.cxx,"(11, 10)-(11, 25)",b'#include <unordered_map>\n'
Source,../repos/CMake/Source/cmStandardLevelResolver.cxx,"(13, 10)-(13, 18)",b'#include <vector>\n'
Source,../repos/CMake/Source/cmGlobalXCodeGenerator.h,"(8, 10)-(8, 15)",b'#include <map>\n'
Source,../repos/CMake/Source/cmGlobalXCodeGenerator.h,"(10, 10)-(10, 15)",b'#include <set>\n'
Source,../repos/CMake/Source/cmGlobalXCodeGenerator.h,"(12, 10)-(12, 18)",b'#include <vector>\n'
Source,../repos/CMake/Source/cmExtraKateGenerator.cxx,"(8, 10)-(8, 15)",b'#include <set>\n'
Source,../repos/CMake/Source/cmExtraKateGenerator.cxx,"(9, 10)-(9, 18)",b'#include <vector>\n'
Source,../repos/CMake/Source/cmFileAPICMakeFiles.cxx,"(7, 10)-(7, 18)",b'#include <vector>\n'
Source,../repos/CMake/Source/cmGccDepfileReader.cxx,"(7, 10)-(7, 18)",b'#include <vector>\n'
Source,../repos/CMake/Source/cmInstallRuntimeDependencySetGenerator.cxx,"(8, 10)-(8, 18)",b'#include <vector>\n'
Source,../repos/CMake/Source/cmQtAutoGenerator.h,"(10, 10)-(10, 25)",b'#include <unordered_set>\n'
Source,../repos/CMake/Source/cmQtAutoGenerator.h,"(11, 10)-(11, 18)",b'#include <vector>\n'
Source,../repos/CMake/Source/cmExportSet.h,"(7, 10)-(7, 15)",b'#include <map>\n'
Source,../repos/CMake/Source/cmExportSet.h,"(10, 10)-(10, 18)",b'#include <vector>\n'
Source,../repos/CMake/Source/cmUuid.h,"(8, 10)-(8, 18)",b'#include <vector>\n'
Source,../repos/CMake/Source/cmGlobalVisualStudio10Generator.h,"(7, 10)-(7, 15)",b'#include <set>\n'
Source,../repos/CMake/Source/cmGlobalVisualStudio10Generator.h,"(9, 10)-(9, 18)",b'#include <vector>\n'
Source,../repos/CMake/Source/cmTargetSourcesCommand.h,"(8, 10)-(8, 18)",b'#include <vector>\n'
Source,../repos/CMake/Source/cmProcessOutput.h,"(9, 10)-(9, 18)",b'#include <vector>\n'
Source,../repos/CMake/Source/cmInstallFileSetGenerator.cxx,"(5, 10)-(5, 15)",b'#include <map>\n'
Source,../repos/CMake/Source/cmInstallFileSetGenerator.cxx,"(8, 10)-(8, 18)",b'#include <vector>\n'
Source,../repos/CMake/Source/cmExportTryCompileFileGenerator.h,"(8, 10)-(8, 15)",b'#include <set>\n'
Source,../repos/CMake/Source/cmExportTryCompileFileGenerator.h,"(10, 10)-(10, 18)",b'#include <vector>\n'
Source,../repos/CMake/Source/CPack/cmCPackDebGenerator.cxx,"(7, 10)-(7, 15)",b'#include <map>\n'
Source,../repos/CMake/Source/CPack/cmCPackDebGenerator.cxx,"(9, 10)-(9, 15)",b'#include <set>\n'
Source,../repos/CMake/Source/CPack/WiX/cmCMakeToWixPath.cxx,"(6, 10)-(6, 18)",b'#include <vector>\n'
Source,../repos/CMake/Source/CPack/WiX/cmWIXSourceWriter.h,"(6, 10)-(6, 18)",b'#include <vector>\n'
Source,../repos/CMake/Source/CPack/WiX/cmWIXShortcut.h,"(5, 10)-(5, 15)",b'#include <map>\n'
Source,../repos/CMake/Source/CPack/WiX/cmWIXShortcut.h,"(6, 10)-(6, 15)",b'#include <set>\n'
Source,../repos/CMake/Source/CPack/WiX/cmWIXShortcut.h,"(8, 10)-(8, 18)",b'#include <vector>\n'
Source,../repos/CMake/Source/CPack/WiX/cmWIXPatchParser.h,"(5, 10)-(5, 15)",b'#include <map>\n'
Source,../repos/CMake/Source/CPack/WiX/cmWIXPatchParser.h,"(7, 10)-(7, 18)",b'#include <vector>\n'
Source,../repos/CMake/Source/CPack/WiX/cmCPackWIXGenerator.h,"(5, 10)-(5, 15)",b'#include <map>\n'
Source,../repos/CMake/Source/CPack/IFW/cmCPackIFWRepository.h,"(8, 10)-(8, 18)",b'#include <vector>\n'
Source,../repos/CMake/Source/CPack/IFW/cmCPackIFWPackage.h,"(7, 10)-(7, 15)",b'#include <map>\n'
Source,../repos/CMake/Source/CPack/IFW/cmCPackIFWPackage.h,"(8, 10)-(8, 15)",b'#include <set>\n'
Source,../repos/CMake/Source/CPack/IFW/cmCPackIFWPackage.h,"(10, 10)-(10, 18)",b'#include <vector>\n'
Source,../repos/CMake/Source/CPack/IFW/cmCPackIFWCommon.h,"(7, 10)-(7, 15)",b'#include <map>\n'
Source,../repos/CMake/Source/CPack/IFW/cmCPackIFWGenerator.h,"(7, 10)-(7, 15)",b'#include <map>\n'
Source,../repos/CMake/Source/CPack/IFW/cmCPackIFWGenerator.h,"(8, 10)-(8, 15)",b'#include <set>\n'
Source,../repos/CMake/Source/CPack/IFW/cmCPackIFWGenerator.h,"(10, 10)-(10, 18)",b'#include <vector>\n'
Source,../repos/CMake/Source/CPack/IFW/cmCPackIFWInstaller.h,"(7, 10)-(7, 15)",b'#include <map>\n'
Source,../repos/CMake/Source/CPack/IFW/cmCPackIFWInstaller.h,"(9, 10)-(9, 18)",b'#include <vector>\n'
Source,../repos/CMake/Source/CPack/IFW/cmCPackIFWPackage.cxx,"(6, 10)-(6, 15)",b'#include <map>\n'
Source,../repos/CMake/Source/CPack/cmCPackDragNDropGenerator.h,"(10, 10)-(10, 18)",b'#include <vector>\n'
Source,../repos/CMake/Source/CPack/cmCPackArchiveGenerator.cxx,"(6, 10)-(6, 15)",b'#include <map>\n'
Source,../repos/CMake/Source/CPack/cmCPackArchiveGenerator.cxx,"(8, 10)-(8, 25)",b'#include <unordered_map>\n'
Source,../repos/CMake/Source/CPack/cmCPackArchiveGenerator.cxx,"(9, 10)-(9, 25)",b'#include <unordered_set>\n'
Source,../repos/CMake/Source/CPack/cmCPackArchiveGenerator.cxx,"(11, 10)-(11, 18)",b'#include <vector>\n'
Source,../repos/CMake/Source/CPack/cmCPackGenerator.h,"(7, 10)-(7, 15)",b'#include <map>\n'
Source,../repos/CMake/Source/CPack/cmCPackGenerator.h,"(10, 10)-(10, 18)",b'#include <vector>\n'
Source,../repos/CMake/Source/CPack/cmCPackSTGZGenerator.cxx,"(8, 10)-(8, 18)",b'#include <vector>\n'
Source,../repos/CMake/Source/CPack/cmCPackInnoSetupGenerator.cxx,"(10, 10)-(10, 17)",b'#include <stack>\n'
Source,../repos/CMake/Source/CPack/cpack.cxx,"(9, 10)-(9, 15)",b'#include <map>\n'
Source,../repos/CMake/Source/CPack/cpack.cxx,"(15, 10)-(15, 18)",b'#include <vector>\n'
Source,../repos/CMake/Source/CPack/cmCPackDragNDropGenerator.cxx,"(8, 10)-(8, 15)",b'#include <map>\n'
Source,../repos/CMake/Source/CPack/cmCPackNSISGenerator.cxx,"(8, 10)-(8, 15)",b'#include <map>\n'
Source,../repos/CMake/Source/CPack/cmCPackNuGetGenerator.cxx,"(7, 10)-(7, 15)",b'#include <map>\n'
Source,../repos/CMake/Source/CPack/cmCPackNuGetGenerator.cxx,"(11, 10)-(11, 18)",b'#include <vector>\n'
Source,../repos/CMake/Source/CPack/cmCPackInnoSetupGenerator.h,"(6, 10)-(6, 15)",b'#include <map>\n'
Source,../repos/CMake/Source/CPack/cmCPackInnoSetupGenerator.h,"(8, 10)-(8, 18)",b'#include <vector>\n'
Source,../repos/CMake/Source/CPack/cmCPackFreeBSDGenerator.cxx,"(8, 10)-(8, 18)",b'#include <vector>\n'
Source,../repos/CMake/Source/CPack/cmCPackProductBuildGenerator.cxx,"(6, 10)-(6, 15)",b'#include <map>\n'
Source,../repos/CMake/Source/CPack/cmCPackExternalGenerator.cxx,"(5, 10)-(5, 15)",b'#include <map>\n'
Source,../repos/CMake/Source/CPack/cmCPackExternalGenerator.cxx,"(7, 10)-(7, 18)",b'#include <vector>\n'
Source,../repos/CMake/Source/CPack/cmCPackPKGGenerator.h,"(7, 10)-(7, 15)",b'#include <set>\n'
Source,../repos/CMake/Source/CPack/cmCPackDebGenerator.h,"(8, 10)-(8, 18)",b'#include <vector>\n'
Source,../repos/CMake/Source/CPack/cmCPackComponentGroup.h,"(8, 10)-(8, 18)",b'#include <vector>\n'
Source,../repos/CMake/Source/CPack/cmCPackNSISGenerator.h,"(8, 10)-(8, 15)",b'#include <set>\n'
Source,../repos/CMake/Source/CPack/cmCPackNSISGenerator.h,"(10, 10)-(10, 18)",b'#include <vector>\n'
Source,../repos/CMake/Source/CPack/cmCPackBundleGenerator.cxx,"(6, 10)-(6, 18)",b'#include <vector>\n'
Source,../repos/CMake/Source/CPack/cmCPackPKGGenerator.cxx,"(5, 10)-(5, 18)",b'#include <vector>\n'
Source,../repos/CMake/Source/CPack/cmCPackGeneratorFactory.h,"(7, 10)-(7, 15)",b'#include <map>\n'
Source,../repos/CMake/Source/CPack/cmCPackRPMGenerator.cxx,"(7, 10)-(7, 15)",b'#include <map>\n'
Source,../repos/CMake/Source/CPack/cmCPackRPMGenerator.cxx,"(10, 10)-(10, 18)",b'#include <vector>\n'
Source,../repos/CMake/Source/cmDynamicLoader.cxx,"(5, 10)-(5, 15)",b'#include <map>\n'
Source,../repos/CMake/Source/cmAuxSourceDirectoryCommand.h,"(8, 10)-(8, 18)",b'#include <vector>\n'
Source,../repos/CMake/Source/cmSetDirectoryPropertiesCommand.h,"(8, 10)-(8, 18)",b'#include <vector>\n'
Source,../repos/CMake/Source/cmSystemTools.cxx,"(77, 10)-(77, 18)",b'#include <vector>\n'
Source,../repos/CMake/Source/cmLDConfigTool.h,"(7, 10)-(7, 18)",b'#include <vector>\n'
Source,../repos/CMake/Source/cmNinjaUtilityTargetGenerator.cxx,"(6, 10)-(6, 17)",b'#include <array>\n'
Source,../repos/CMake/Source/cmNinjaUtilityTargetGenerator.cxx,"(8, 10)-(8, 15)",b'#include <set>\n'
Source,../repos/CMake/Source/cmNinjaUtilityTargetGenerator.cxx,"(11, 10)-(11, 18)",b'#include <vector>\n'
Source,../repos/CMake/Source/cmExecProgramCommand.h,"(8, 10)-(8, 18)",b'#include <vector>\n'
Source,../repos/CMake/Source/cmLoadCacheCommand.cxx,"(5, 10)-(5, 15)",b'#include <set>\n'
Source,../repos/CMake/Source/cmGhsMultiTargetGenerator.cxx,"(8, 10)-(8, 15)",b'#include <set>\n'
Source,../repos/CMake/Source/cmGhsMultiTargetGenerator.cxx,"(11, 10)-(11, 18)",b'#include <vector>\n'
Source,../repos/CMake/Source/cmExperimental.h,"(9, 10)-(9, 18)",b'#include <vector>\n'
Source,../repos/CMake/Source/cmLinkLibrariesCommand.h,"(8, 10)-(8, 18)",b'#include <vector>\n'
Source,../repos/CMake/Source/cmCMakeLanguageCommand.h,"(7, 10)-(7, 18)",b'#include <vector>\n'
Source,../repos/CMake/Source/cmExtraCodeBlocksGenerator.h,"(8, 10)-(8, 18)",b'#include <vector>\n'
Source,../repos/CMake/Source/cmGlobalVisualStudio10Generator.cxx,"(7, 10)-(7, 15)",b'#include <map>\n'
Source,../repos/CMake/Source/cmRemoveCommand.h,"(8, 10)-(8, 18)",b'#include <vector>\n'
Source,../repos/CMake/Source/cmCxxModuleMapper.h,"(8, 10)-(8, 15)",b'#include <map>\n'
Source,../repos/CMake/Source/cmCxxModuleMapper.h,"(9, 10)-(9, 15)",b'#include <set>\n'
Source,../repos/CMake/Source/cmCxxModuleMapper.h,"(11, 10)-(11, 18)",b'#include <vector>\n'
Source,../repos/CMake/Source/Checks/cm_cxx17_check.cpp,"(5, 10)-(5, 25)",b'#include <unordered_map>\n'
Source,../repos/CMake/Source/cmSearchPath.h,"(8, 10)-(8, 15)",b'#include <set>\n'
Source,../repos/CMake/Source/cmSearchPath.h,"(10, 10)-(10, 18)",b'#include <vector>\n'
Source,../repos/CMake/Source/cmLocalCommonGenerator.h,"(7, 10)-(7, 15)",b'#include <map>\n'
Source,../repos/CMake/Source/cmLocalCommonGenerator.h,"(9, 10)-(9, 18)",b'#include <vector>\n'
Source,../repos/CMake/Source/CursesDialog/cmCursesPathWidget.cxx,"(5, 10)-(5, 18)",b'#include <vector>\n'
Source,../repos/CMake/Source/CursesDialog/ccmake.cxx,"(10, 10)-(10, 18)",b'#include <vector>\n'
Source,../repos/CMake/Source/CursesDialog/cmCursesLongMessageForm.h,"(8, 10)-(8, 18)",b'#include <vector>\n'
Source,../repos/CMake/Source/CursesDialog/cmCursesOptionsWidget.h,"(8, 10)-(8, 18)",b'#include <vector>\n'
Source,../repos/CMake/Source/CursesDialog/cmCursesMainForm.h,"(10, 10)-(10, 18)",b'#include <vector>\n'
Source,../repos/CMake/Source/CursesDialog/cmCursesCacheEntryComposite.cxx,"(7, 10)-(7, 18)",b'#include <vector>\n'
Source,../repos/CMake/Source/CursesDialog/cmCursesColor.cxx,"(8, 10)-(8, 25)",b'#include <unordered_map>\n'
Source,../repos/CMake/Source/cmBinUtilsMacOSMachOOToolGetRuntimeDependenciesTool.h,"(7, 10)-(7, 18)",b'#include <vector>\n'
Source,../repos/CMake/Source/cmCoreTryCompile.h,"(7, 10)-(7, 15)",b'#include <map>\n'
Source,../repos/CMake/Source/cmCoreTryCompile.h,"(10, 10)-(10, 18)",b'#include <vector>\n'
Source,../repos/CMake/Source/cmEvaluatedTargetProperty.cxx,"(5, 10)-(5, 25)",b'#include <unordered_map>\n'
Source,../repos/CMake/Source/cmLoadCommandCommand.h,"(8, 10)-(8, 18)",b'#include <vector>\n'
Source,../repos/CMake/Source/cmSetPropertyCommand.h,"(8, 10)-(8, 18)",b'#include <vector>\n'
Source,../repos/CMake/Source/cmBuildNameCommand.h,"(8, 10)-(8, 18)",b'#include <vector>\n'
Source,../repos/CMake/Source/cmPolicies.cxx,"(8, 10)-(8, 18)",b'#include <vector>\n'
Source,../repos/CMake/Source/cmVisualStudioSlnData.h,"(7, 10)-(7, 15)",b'#include <map>\n'
Source,../repos/CMake/Source/cmVisualStudioSlnData.h,"(9, 10)-(9, 18)",b'#include <vector>\n'
Source,../repos/CMake/Source/cmConditionEvaluator.cxx,"(5, 10)-(5, 17)",b'#include <array>\n'
Source,../repos/CMake/Source/cmConditionEvaluator.cxx,"(10, 10)-(10, 16)",b'#include <list>\n'
Source,../repos/CMake/Source/cmAddExecutableCommand.h,"(8, 10)-(8, 18)",b'#include <vector>\n'
Source,../repos/CMake/Source/cmDependsC.h,"(8, 10)-(8, 15)",b'#include <map>\n'
Source,../repos/CMake/Source/cmDependsC.h,"(9, 10)-(9, 17)",b'#include <queue>\n'
Source,../repos/CMake/Source/cmDependsC.h,"(10, 10)-(10, 15)",b'#include <set>\n'
Source,../repos/CMake/Source/cmDependsC.h,"(12, 10)-(12, 18)",b'#include <vector>\n'
Source,../repos/CMake/Source/cmGetCMakePropertyCommand.h,"(8, 10)-(8, 18)",b'#include <vector>\n'
Source,../repos/CMake/Source/cmDefinitions.h,"(8, 10)-(8, 25)",b'#include <unordered_map>\n'
Source,../repos/CMake/Source/cmDefinitions.h,"(9, 10)-(9, 18)",b'#include <vector>\n'
Source,../repos/CMake/Source/cmQTWrapCPPCommand.h,"(8, 10)-(8, 18)",b'#include <vector>\n'
Source,../repos/CMake/Source/cmLinkItemGraphVisitor.cxx,"(5, 10)-(5, 15)",b'#include <map>\n'
Source,../repos/CMake/Source/cmLinkItemGraphVisitor.cxx,"(7, 10)-(7, 18)",b'#include <vector>\n'
Source,../repos/CMake/Source/cmCTest.h,"(9, 10)-(9, 15)",b'#include <map>\n'
Source,../repos/CMake/Source/cmCTest.h,"(13, 10)-(13, 18)",b'#include <vector>\n'
Source,../repos/CMake/Source/cmake.h,"(9, 10)-(9, 15)",b'#include <map>\n'
Source,../repos/CMake/Source/cmake.h,"(11, 10)-(11, 15)",b'#include <set>\n'
Source,../repos/CMake/Source/cmake.h,"(13, 10)-(13, 25)",b'#include <unordered_set>\n'
Source,../repos/CMake/Source/cmake.h,"(15, 10)-(15, 18)",b'#include <vector>\n'
Source,../repos/CMake/Source/cmInstalledFile.h,"(7, 10)-(7, 15)",b'#include <map>\n'
Source,../repos/CMake/Source/cmInstalledFile.h,"(10, 10)-(10, 18)",b'#include <vector>\n'
Source,../repos/CMake/Source/cmTest.h,"(9, 10)-(9, 18)",b'#include <vector>\n'
Source,../repos/CMake/Source/cmGlobalJOMMakefileGenerator.h,"(8, 10)-(8, 18)",b'#include <vector>\n'
Source,../repos/CMake/Source/cmTargetLinkLibrariesCommand.h,"(8, 10)-(8, 18)",b'#include <vector>\n'
Source,../repos/CMake/Source/cmSetSourceFilesPropertiesCommand.h,"(8, 10)-(8, 18)",b'#include <vector>\n'
Source,../repos/CMake/Source/cmOSXBundleGenerator.h,"(7, 10)-(7, 15)",b'#include <set>\n'
Source,../repos/CMake/Source/cmOSXBundleGenerator.h,"(9, 10)-(9, 18)",b'#include <vector>\n'
Source,../repos/CMake/Source/cmSubdirDependsCommand.h,"(8, 10)-(8, 18)",b'#include <vector>\n'
Source,../repos/CMake/Source/cmInstallGenerator.h,"(10, 10)-(10, 18)",b'#include <vector>\n'
Source,../repos/CMake/Source/cmFortranParser.h,"(8, 12)-(8, 17)",b'#  include <set>\n'
Source,../repos/CMake/Source/cmFortranParser.h,"(11, 12)-(11, 20)",b'#  include <vector>\n'
Source,../repos/CMake/Source/cmFortranParser.h,"(91, 12)-(91, 19)",b'#  include <stack>\n'
Source,../repos/CMake/Source/cmFindBase.cxx,"(7, 10)-(7, 17)",b'#include <deque>\n'
Source,../repos/CMake/Source/cmFindBase.cxx,"(10, 10)-(10, 15)",b'#include <map>\n'
Source,../repos/CMake/Source/cmIncludeExternalMSProjectCommand.h,"(8, 10)-(8, 18)",b'#include <vector>\n'
Source,../repos/CMake/Source/cmExtraSublimeTextGenerator.h,"(7, 10)-(7, 15)",b'#include <map>\n'
Source,../repos/CMake/Source/cmExtraSublimeTextGenerator.h,"(9, 10)-(9, 18)",b'#include <vector>\n'
Source,../repos/CMake/Source/cmVariableWatch.cxx,"(5, 10)-(5, 17)",b'#include <array>\n'
Source,../repos/CMake/Source/cmVariableWatch.cxx,"(8, 10)-(8, 18)",b'#include <vector>\n'
Source,../repos/CMake/Source/cmList.h,"(16, 10)-(16, 18)",b'#include <vector>\n'
Source,../repos/CMake/Source/cmLDConfigLDConfigTool.h,"(7, 10)-(7, 18)",b'#include <vector>\n'
Source,../repos/CMake/Source/cmOutputRequiredFilesCommand.cxx,"(6, 10)-(6, 15)",b'#include <map>\n'
Source,../repos/CMake/Source/cmOutputRequiredFilesCommand.cxx,"(7, 10)-(7, 15)",b'#include <set>\n'
Source,../repos/CMake/Source/cmOutputRequiredFilesCommand.cxx,"(8, 10)-(8, 25)",b'#include <unordered_map>\n'
Source,../repos/CMake/Source/cmNinjaTargetGenerator.cxx,"(6, 10)-(6, 17)",b'#include <array>\n'
Source,../repos/CMake/Source/cmNinjaTargetGenerator.cxx,"(10, 10)-(10, 15)",b'#include <map>\n'
Source,../repos/CMake/Source/cmNinjaTargetGenerator.cxx,"(12, 10)-(12, 25)",b'#include <unordered_map>\n'
Source,../repos/CMake/Source/cmNinjaTargetGenerator.cxx,"(13, 10)-(13, 25)",b'#include <unordered_set>\n'
Source,../repos/CMake/Source/cmProjectCommand.h,"(8, 10)-(8, 18)",b'#include <vector>\n'
Source,../repos/CMake/Source/kwsys/CommandLineArguments.cxx,"(16, 10)-(16, 15)",b'#include <map>\n'
Source,../repos/CMake/Source/kwsys/CommandLineArguments.cxx,"(17, 10)-(17, 15)",b'#include <set>\n'
Source,../repos/CMake/Source/kwsys/CommandLineArguments.cxx,"(20, 10)-(20, 18)",b'#include <vector>\n'
Source,../repos/CMake/Source/kwsys/Glob.cxx,"(24, 10)-(24, 18)",b'#include <vector>\n'
Source,../repos/CMake/Source/kwsys/testCommandLineArguments.cxx,"(13, 10)-(13, 18)",b'#include <vector>\n'
Source,../repos/CMake/Source/kwsys/SystemInformation.cxx,"(47, 10)-(47, 15)",b'#include <set>\n'
Source,../repos/CMake/Source/kwsys/SystemInformation.cxx,"(50, 10)-(50, 18)",b'#include <vector>\n'
Source,../repos/CMake/Source/kwsys/Directory.cxx,"(22, 10)-(22, 18)",b'#include <vector>\n'
Source,../repos/CMake/Source/kwsys/EncodingCXX.cxx,"(22, 10)-(22, 18)",b'#include <vector>\n'
Source,../repos/CMake/Source/kwsys/testCommandLineArguments1.cxx,"(13, 10)-(13, 18)",b'#include <vector>\n'
Source,../repos/CMake/Source/kwsys/SystemTools.cxx,"(32, 10)-(32, 15)",b'#include <set>\n'
Source,../repos/CMake/Source/kwsys/SystemTools.cxx,"(35, 10)-(35, 18)",b'#include <vector>\n'
Source,../repos/CMake/Source/kwsys/SystemTools.cxx,"(39, 12)-(39, 27)",b'#  include <unordered_map>\n'
Source,../repos/CMake/Source/cmCustomCommand.h,"(9, 10)-(9, 18)",b'#include <vector>\n'
Source,../repos/CMake/Source/cmRuntimeDependencyArchive.h,"(6, 10)-(6, 15)",b'#include <map>\n'
Source,../repos/CMake/Source/cmRuntimeDependencyArchive.h,"(8, 10)-(8, 15)",b'#include <set>\n'
Source,../repos/CMake/Source/cmRuntimeDependencyArchive.h,"(10, 10)-(10, 18)",b'#include <vector>\n'
Source,../repos/CMake/Source/cmBinUtilsLinuxELFLinker.h,"(11, 10)-(11, 18)",b'#include <vector>\n'
Source,../repos/CMake/Source/cmUVProcessChain.h,"(7, 10)-(7, 17)",b'#include <array>\n'
Source,../repos/CMake/Source/cmUVProcessChain.h,"(13, 10)-(13, 18)",b'#include <vector>\n'
Source,../repos/CMake/Source/cmUuid.cxx,"(5, 10)-(5, 17)",b'#include <array>\n'
Source,../repos/CMake/Source/cmCMakePathCommand.h,"(9, 10)-(9, 18)",b'#include <vector>\n'
Source,../repos/CMake/Source/cmInstallTargetsCommand.cxx,"(5, 10)-(5, 25)",b'#include <unordered_map>\n'
Source,../repos/CMake/Source/cmFileCommand.cxx,"(11, 10)-(11, 15)",b'#include <map>\n'
Source,../repos/CMake/Source/cmFileCommand.cxx,"(12, 10)-(12, 15)",b'#include <set>\n'
Source,../repos/CMake/Source/cmFileCommand.cxx,"(15, 10)-(15, 18)",b'#include <vector>\n'
Source,../repos/CMake/Source/cmNinjaTypes.h,"(7, 10)-(7, 15)",b'#include <map>\n'
Source,../repos/CMake/Source/cmNinjaTypes.h,"(9, 10)-(9, 25)",b'#include <unordered_set>\n'
Source,../repos/CMake/Source/cmNinjaTypes.h,"(11, 10)-(11, 18)",b'#include <vector>\n'
Source,../repos/CMake/Source/cmQtAutoGen.cxx,"(6, 10)-(6, 17)",b'#include <array>\n'
Source,../repos/CMake/Source/cmGlobalXCodeGenerator.cxx,"(12, 10)-(12, 25)",b'#include <unordered_set>\n'
Source,../repos/CMake/Source/cmComputeLinkDepends.h,"(8, 10)-(8, 15)",b'#include <map>\n'
Source,../repos/CMake/Source/cmComputeLinkDepends.h,"(10, 10)-(10, 17)",b'#include <queue>\n'
Source,../repos/CMake/Source/cmComputeLinkDepends.h,"(11, 10)-(11, 15)",b'#include <set>\n'
Source,../repos/CMake/Source/cmComputeLinkDepends.h,"(14, 10)-(14, 18)",b'#include <vector>\n'
Source,../repos/CMake/Source/cmInstallExportGenerator.h,"(10, 10)-(10, 18)",b'#include <vector>\n'
Source,../repos/CMake/Source/cmCTest.cxx,"(14, 10)-(14, 15)",b'#include <map>\n'
Source,../repos/CMake/Source/cmCTest.cxx,"(19, 10)-(19, 18)",b'#include <vector>\n'
Source,../repos/CMake/Source/cmExportLibraryDependenciesCommand.cxx,"(5, 10)-(5, 15)",b'#include <map>\n'
Source,../repos/CMake/Source/cmExportLibraryDependenciesCommand.cxx,"(6, 10)-(6, 25)",b'#include <unordered_map>\n'
Source,../repos/CMake/Source/cmInstallProgramsCommand.h,"(8, 10)-(8, 18)",b'#include <vector>\n'
Source,../repos/CMake/Source/cmXCodeScheme.h,"(9, 10)-(9, 18)",b'#include <vector>\n'
Source,../repos/CMake/Source/cmGlobVerificationManager.h,"(8, 10)-(8, 15)",b'#include <map>\n'
Source,../repos/CMake/Source/cmGlobVerificationManager.h,"(11, 10)-(11, 18)",b'#include <vector>\n'
Source,../repos/CMake/Source/cmWriteFileCommand.h,"(8, 10)-(8, 18)",b'#include <vector>\n'
Source,../repos/CMake/Source/cmInstallCommand.h,"(8, 10)-(8, 18)",b'#include <vector>\n'
Source,../repos/CMake/Source/cmWorkerPool.h,"(10, 10)-(10, 18)",b'#include <vector>\n'
Source,../repos/CMake/Source/cmInstallTargetsCommand.h,"(8, 10)-(8, 18)",b'#include <vector>\n'
Source,../repos/CMake/Source/cmAffinity.h,"(7, 10)-(7, 15)",b'#include <set>\n'
Source,../repos/CMake/Source/cmWindowsRegistry.cxx,"(10, 10)-(10, 25)",b'#include <unordered_map>\n'
Source,../repos/CMake/Source/cmWindowsRegistry.cxx,"(22, 12)-(22, 20)",b'#  include <vector>\n'
Source,../repos/CMake/Source/cmMathCommand.h,"(8, 10)-(8, 18)",b'#include <vector>\n'
Source,../repos/CMake/Source/cmExecuteProcessCommand.h,"(8, 10)-(8, 18)",b'#include <vector>\n'
Source,../repos/CMake/Source/cmCMakeLanguageCommand.cxx,"(6, 10)-(6, 17)",b'#include <array>\n'
Source,../repos/CMake/Source/cmMakefileExecutableTargetGenerator.h,"(8, 10)-(8, 18)",b'#include <vector>\n'
Source,../repos/CMake/Source/cmTargetLinkLibrariesCommand.cxx,"(9, 10)-(9, 25)",b'#include <unordered_set>\n'
Source,../repos/CMake/Source/cmMakefileTargetGenerator.h,"(8, 10)-(8, 15)",b'#include <map>\n'
Source,../repos/CMake/Source/cmMakefileTargetGenerator.h,"(10, 10)-(10, 15)",b'#include <set>\n'
Source,../repos/CMake/Source/cmMakefileTargetGenerator.h,"(12, 10)-(12, 18)",b'#include <vector>\n'
Source,../repos/CMake/Source/cmExportBuildAndroidMKGenerator.cxx,"(5, 10)-(5, 15)",b'#include <map>\n'
Source,../repos/CMake/Source/cmExportBuildAndroidMKGenerator.cxx,"(8, 10)-(8, 18)",b'#include <vector>\n'
Source,../repos/CMake/Source/cmCryptoHash.h,"(10, 10)-(10, 18)",b'#include <vector>\n'
Source,../repos/CMake/Source/cmOutputRequiredFilesCommand.h,"(8, 10)-(8, 18)",b'#include <vector>\n'
Source,../repos/CMake/Source/cmTargetPrecompileHeadersCommand.h,"(8, 10)-(8, 18)",b'#include <vector>\n'
Source,../repos/CMake/Source/cmMachO.cxx,"(7, 10)-(7, 18)",b'#include <vector>\n'
Source,../repos/CMake/Source/cmOrderDirectories.cxx,"(10, 10)-(10, 18)",b'#include <vector>\n'
Source,../repos/CMake/Source/cmGhsMultiTargetGenerator.h,"(6, 10)-(6, 15)",b'#include <map>\n'
Source,../repos/CMake/Source/cmGhsMultiTargetGenerator.h,"(7, 10)-(7, 15)",b'#include <set>\n'
Source,../repos/CMake/Source/cmGhsMultiTargetGenerator.h,"(9, 10)-(9, 18)",b'#include <vector>\n'
Source,../repos/CMake/Source/cmCMakePresetsGraphReadJSONTestPresets.cxx,"(4, 10)-(4, 15)",b'#include <map>\n'
Source,../repos/CMake/Source/cmCMakePresetsGraphReadJSONTestPresets.cxx,"(7, 10)-(7, 18)",b'#include <vector>\n'
Source,../repos/CMake/Source/cmGlobalGhsMultiGenerator.cxx,"(7, 10)-(7, 15)",b'#include <map>\n'
Source,../repos/CMake/Source/cmDependsFortran.cxx,"(8, 10)-(8, 15)",b'#include <map>\n'
Source,../repos/CMake/Source/cmJSONHelpers.cxx,"(9, 10)-(9, 18)",b'#include <vector>\n'
Source,../repos/CMake/Source/cmMarkAsAdvancedCommand.h,"(8, 10)-(8, 18)",b'#include <vector>\n'
Source,../repos/CMake/Source/cmCMakePresetsGraphReadJSONWorkflowPresets.cxx,"(5, 10)-(5, 18)",b'#include <vector>\n'
Source,../repos/CMake/Source/cmGlobalVisualStudio7Generator.cxx,"(9, 10)-(9, 18)",b'#include <vector>\n'
Source,../repos/CMake/Source/cmCMakePolicyCommand.h,"(8, 10)-(8, 18)",b'#include <vector>\n'
Source,../repos/CMake/Source/cmEnableTestingCommand.h,"(8, 10)-(8, 18)",b'#include <vector>\n'
Source,../repos/CMake/Source/cmExportInstallAndroidMKGenerator.cxx,"(8, 10)-(8, 18)",b'#include <vector>\n'
Source,../repos/CMake/Source/cmLinkLineDeviceComputer.h,"(9, 10)-(9, 18)",b'#include <vector>\n'
Source,../repos/CMake/Source/cmDepends.h,"(8, 10)-(8, 15)",b'#include <map>\n'
Source,../repos/CMake/Source/cmDepends.h,"(9, 10)-(9, 15)",b'#include <set>\n'
Source,../repos/CMake/Source/cmDepends.h,"(11, 10)-(11, 18)",b'#include <vector>\n'
Source,../repos/CMake/Source/cmBinUtilsMacOSMachOLinker.h,"(8, 10)-(8, 25)",b'#include <unordered_map>\n'
Source,../repos/CMake/Source/cmBinUtilsMacOSMachOLinker.h,"(9, 10)-(9, 18)",b'#include <vector>\n'
Source,../repos/CMake/Source/cmFindCommon.h,"(7, 10)-(7, 15)",b'#include <map>\n'
Source,../repos/CMake/Source/cmFindCommon.h,"(8, 10)-(8, 15)",b'#include <set>\n'
Source,../repos/CMake/Source/cmFindCommon.h,"(10, 10)-(10, 18)",b'#include <vector>\n'
Source,../repos/CMake/Source/cmCPackPropertiesGenerator.cxx,"(3, 10)-(3, 15)",b'#include <map>\n'
Source,../repos/CMake/Source/cmFLTKWrapUICommand.h,"(8, 10)-(8, 18)",b'#include <vector>\n'
Source,../repos/CMake/Source/cmInstallExportGenerator.cxx,"(5, 10)-(5, 15)",b'#include <map>\n'
Source,../repos/CMake/Source/cmFindLibraryCommand.h,"(8, 10)-(8, 18)",b'#include <vector>\n'
Source,../repos/CMake/Source/cmTargetIncludeDirectoriesCommand.cxx,"(5, 10)-(5, 15)",b'#include <set>\n'
Source,../repos/CMake/Source/cmUVProcessChain.cxx,"(5, 10)-(5, 17)",b'#include <array>\n'
Source,../repos/CMake/Source/cmTargetPropCommandBase.h,"(8, 10)-(8, 18)",b'#include <vector>\n'
Source,../repos/CMake/Source/cmExecutionStatus.h,"(8, 10)-(8, 18)",b'#include <vector>\n'
Source,../repos/CMake/Source/cmFileTimeCache.cxx,"(6, 10)-(6, 25)",b'#include <unordered_map>\n'
Source,../repos/CMake/Source/cmLinkLineDeviceComputer.cxx,"(7, 10)-(7, 15)",b'#include <set>\n'
Source,../repos/CMake/Source/cmRuntimeDependencyArchive.cxx,"(10, 10)-(10, 18)",b'#include <vector>\n'
Source,../repos/CMake/Source/cmFileTimeCache.h,"(8, 10)-(8, 25)",b'#include <unordered_map>\n'
Source,../repos/CMake/Source/cmQtAutoRcc.cxx,"(7, 10)-(7, 18)",b'#include <vector>\n'
Source,../repos/CMake/Source/cmELF.h,"(12, 10)-(12, 18)",b'#include <vector>\n'
Source,../repos/CMake/Source/cmBinUtilsMacOSMachOGetRuntimeDependenciesTool.h,"(7, 10)-(7, 18)",b'#include <vector>\n'
Source,../repos/CMake/Source/cmAddCompileOptionsCommand.h,"(8, 10)-(8, 18)",b'#include <vector>\n'
Source,../repos/CMake/Source/cmTargetCompileFeaturesCommand.h,"(8, 10)-(8, 18)",b'#include <vector>\n'
Source,../repos/CMake/Source/cmReturnCommand.h,"(8, 10)-(8, 18)",b'#include <vector>\n'
Source,../repos/CMake/Source/cmCMakePresetsGraphReadJSONBuildPresets.cxx,"(5, 10)-(5, 15)",b'#include <map>\n'
Source,../repos/CMake/Source/cmCMakePresetsGraphReadJSONBuildPresets.cxx,"(8, 10)-(8, 18)",b'#include <vector>\n'
Source,../repos/CMake/Source/cmInstallImportedRuntimeArtifactsGenerator.cxx,"(8, 10)-(8, 18)",b'#include <vector>\n'
Source,../repos/CMake/Source/cmLinkedTree.h,"(8, 10)-(8, 18)",b'#include <vector>\n'
Source,../repos/CMake/Source/cmVSSetupHelper.h,"(12, 10)-(12, 18)",b'#include <vector>\n'
Source,../repos/CMake/Source/cmGlobalUnixMakefileGenerator3.h,"(9, 10)-(9, 15)",b'#include <map>\n'
Source,../repos/CMake/Source/cmGlobalUnixMakefileGenerator3.h,"(11, 10)-(11, 15)",b'#include <set>\n'
Source,../repos/CMake/Source/cmGlobalUnixMakefileGenerator3.h,"(13, 10)-(13, 18)",b'#include <vector>\n'
Source,../repos/CMake/Source/cmBlockCommand.h,"(8, 10)-(8, 18)",b'#include <vector>\n'
Source,../repos/CMake/Source/cmExtraSublimeTextGenerator.cxx,"(7, 10)-(7, 15)",b'#include <set>\n'
Source,../repos/CMake/Source/cmStringAlgorithms.h,"(13, 10)-(13, 18)",b'#include <vector>\n'
Source,../repos/CMake/Source/cmCustomCommandLines.h,"(9, 10)-(9, 18)",b'#include <vector>\n'
Source,../repos/CMake/Source/cmLinkItemGraphVisitor.h,"(5, 10)-(5, 15)",b'#include <map>\n'
Source,../repos/CMake/Source/cmLinkItemGraphVisitor.h,"(6, 10)-(6, 15)",b'#include <set>\n'
Source,../repos/CMake/Source/cmIncludeDirectoryCommand.cxx,"(6, 10)-(6, 15)",b'#include <set>\n'
Source,../repos/CMake/Source/cmGetSourceFilePropertyCommand.h,"(8, 10)-(8, 18)",b'#include <vector>\n'
Source,../repos/CMake/Source/cmExtraEclipseCDT4Generator.h,"(8, 10)-(8, 15)",b'#include <set>\n'
Source,../repos/CMake/Source/cmExtraEclipseCDT4Generator.h,"(10, 10)-(10, 18)",b'#include <vector>\n'
Source,../repos/CMake/Source/cmFileAPICodemodel.cxx,"(9, 10)-(9, 15)",b'#include <map>\n'
Source,../repos/CMake/Source/cmFileAPICodemodel.cxx,"(11, 10)-(11, 15)",b'#include <set>\n'
Source,../repos/CMake/Source/cmFileAPICodemodel.cxx,"(13, 10)-(13, 25)",b'#include <unordered_map>\n'
Source,../repos/CMake/Source/cmFileAPICodemodel.cxx,"(15, 10)-(15, 18)",b'#include <vector>\n'
Source,../repos/CMake/Source/cmNinjaNormalTargetGenerator.h,"(8, 10)-(8, 18)",b'#include <vector>\n'
Source,../repos/CMake/Source/cmGlobalWatcomWMakeGenerator.h,"(10, 10)-(10, 18)",b'#include <vector>\n'
Source,../repos/CMake/Source/cmDebuggerAdapter.h,"(13, 10)-(13, 18)",b'#include <vector>\n'
Source,../repos/CMake/Source/cmAddCustomCommandCommand.cxx,"(6, 10)-(6, 25)",b'#include <unordered_set>\n'
Source,../repos/CMake/Source/cmInstallRuntimeDependencySet.h,"(5, 10)-(5, 15)",b'#include <map>\n'
Source,../repos/CMake/Source/cmInstallRuntimeDependencySet.h,"(6, 10)-(6, 15)",b'#include <set>\n'
Source,../repos/CMake/Source/cmInstallRuntimeDependencySet.h,"(8, 10)-(8, 18)",b'#include <vector>\n'
Source,../repos/CMake/Source/ctest.cxx,"(7, 10)-(7, 18)",b'#include <vector>\n'
Source,../repos/CMake/Source/cmIncludeCommand.h,"(8, 10)-(8, 18)",b'#include <vector>\n'
Source,../repos/CMake/Source/cmScriptGenerator.h,"(9, 10)-(9, 18)",b'#include <vector>\n'
Source,../repos/CMake/Source/cmBinUtilsLinuxELFGetRuntimeDependenciesTool.h,"(7, 10)-(7, 18)",b'#include <vector>\n'
Source,../repos/CMake/Source/cmDebuggerVariablesHelper.cxx,"(11, 10)-(11, 15)",b'#include <map>\n'
Source,../repos/CMake/Source/cmUVStreambuf.h,"(8, 10)-(8, 18)",b'#include <vector>\n'
Source,../repos/CMake/Source/cmParseArgumentsCommand.cxx,"(5, 10)-(5, 15)",b'#include <map>\n'
Source,../repos/CMake/Source/cmParseArgumentsCommand.cxx,"(6, 10)-(6, 15)",b'#include <set>\n'
Source,../repos/CMake/Source/cmSetPropertyCommand.cxx,"(5, 10)-(5, 15)",b'#include <set>\n'
Source,../repos/CMake/Source/cmSetPropertyCommand.cxx,"(7, 10)-(7, 25)",b'#include <unordered_set>\n'
Source,../repos/CMake/Source/cmExportLibraryDependenciesCommand.h,"(8, 10)-(8, 18)",b'#include <vector>\n'
Source,../repos/CMake/Source/cmGetCMakePropertyCommand.cxx,"(5, 10)-(5, 15)",b'#include <set>\n'
Source,../repos/CMake/Source/cmCMakePresetsGraphInternal.h,"(8, 10)-(8, 18)",b'#include <vector>\n'
Source,../repos/CMake/Source/cmCMakePresetsGraph.h,"(8, 10)-(8, 15)",b'#include <map>\n'
Source,../repos/CMake/Source/cmCMakePresetsGraph.h,"(11, 10)-(11, 25)",b'#include <unordered_set>\n'
Source,../repos/CMake/Source/cmCMakePresetsGraph.h,"(13, 10)-(13, 18)",b'#include <vector>\n'
Source,../repos/CMake/Source/cmFileAPIToolchains.cxx,"(7, 10)-(7, 18)",b'#include <vector>\n'
Source,../repos/CMake/Source/cmBinUtilsWindowsPEGetRuntimeDependenciesTool.h,"(7, 10)-(7, 18)",b'#include <vector>\n'
Source,../repos/CMake/Source/cmForEachCommand.h,"(8, 10)-(8, 18)",b'#include <vector>\n'
Source,../repos/CMake/Source/cmFindPackageCommand.h,"(9, 10)-(9, 15)",b'#include <map>\n'
Source,../repos/CMake/Source/cmFindPackageCommand.h,"(10, 10)-(10, 15)",b'#include <set>\n'
Source,../repos/CMake/Source/cmFindPackageCommand.h,"(13, 10)-(13, 18)",b'#include <vector>\n'
Source,../repos/CMake/Source/cmCreateTestSourceList.h,"(8, 10)-(8, 18)",b'#include <vector>\n'
Source,../repos/CMake/Source/cmAddLibraryCommand.h,"(8, 10)-(8, 18)",b'#include <vector>\n'
Source,../repos/CMake/Source/cmList.cxx,"(12, 10)-(12, 15)",b'#include <set>\n'
Source,../repos/CMake/Source/cmCMakePresetsErrors.cxx,"(9, 10)-(9, 18)",b'#include <vector>\n'
Source,../repos/CMake/Source/cmCMakeHostSystemInformationCommand.cxx,"(10, 10)-(10, 15)",b'#include <map>\n'
Source,../repos/CMake/Source/cmFileAPICommand.cxx,"(6, 10)-(6, 17)",b'#include <array>\n'
Source,../repos/CMake/Source/cmFindPathCommand.h,"(8, 10)-(8, 18)",b'#include <vector>\n'
Source,../repos/CMake/Source/cmWhileCommand.h,"(7, 10)-(7, 18)",b'#include <vector>\n'
Source,../repos/CMake/Source/cmCMakePresetsGraphReadJSONPackagePresets.cxx,"(4, 10)-(4, 15)",b'#include <map>\n'
Source,../repos/CMake/Source/cmCMakePresetsGraphReadJSONPackagePresets.cxx,"(7, 10)-(7, 18)",b'#include <vector>\n'
Source,../repos/CMake/Source/cmGeneratorExpressionParser.h,"(8, 10)-(8, 18)",b'#include <vector>\n'
Source,../repos/CMake/Source/cmTargetCompileDefinitionsCommand.h,"(8, 10)-(8, 18)",b'#include <vector>\n'
Source,../repos/CMake/Source/cmFindFileCommand.h,"(8, 10)-(8, 18)",b'#include <vector>\n'
Source,../repos/CMake/Source/cmGlobalVisualStudioVersionedGenerator.cxx,"(6, 10)-(6, 15)",b'#include <set>\n'
Source,../repos/CMake/Source/cmGlobalVisualStudioVersionedGenerator.cxx,"(9, 10)-(9, 18)",b'#include <vector>\n'
Source,../repos/CMake/Source/cmQTWrapUICommand.h,"(8, 10)-(8, 18)",b'#include <vector>\n'
Source,../repos/CMake/Source/cmDebuggerThreadManager.h,"(9, 10)-(9, 16)",b'#include <list>\n'
Source,../repos/CMake/Source/cmDependsCompiler.cxx,"(8, 10)-(8, 15)",b'#include <map>\n'
Source,../repos/CMake/Source/cmDependsCompiler.cxx,"(10, 10)-(10, 25)",b'#include <unordered_set>\n'
Source,../repos/CMake/Source/cmFilePathChecksum.h,"(7, 10)-(7, 17)",b'#include <array>\n'
Source,../repos/CMake/Source/cmMacroCommand.h,"(8, 10)-(8, 18)",b'#include <vector>\n'
Source,../repos/CMake/Source/cmRST.h,"(8, 10)-(8, 15)",b'#include <map>\n'
Source,../repos/CMake/Source/cmRST.h,"(9, 10)-(9, 15)",b'#include <set>\n'
Source,../repos/CMake/Source/cmRST.h,"(11, 10)-(11, 18)",b'#include <vector>\n'
Source,../repos/CMake/Source/cmGlobalVisualStudio9Generator.cxx,"(7, 10)-(7, 18)",b'#include <vector>\n'
Source,../repos/CMake/Source/cmExportFileGenerator.cxx,"(6, 10)-(6, 17)",b'#include <array>\n'
Source,../repos/CMake/Source/cmDocumentationSection.h,"(9, 10)-(9, 18)",b'#include <vector>\n'
Source,../repos/CMake/Source/cmExprParserHelper.h,"(8, 10)-(8, 18)",b'#include <vector>\n'
Source,../repos/CMake/Source/cmDependsCompiler.h,"(10, 10)-(10, 18)",b'#include <vector>\n'
Source,../repos/CMake/Source/cmVariableWatch.h,"(7, 10)-(7, 15)",b'#include <map>\n'
Source,../repos/CMake/Source/cmVariableWatch.h,"(10, 10)-(10, 18)",b'#include <vector>\n'
Source,../repos/CMake/Source/cmLocalXCodeGenerator.h,"(8, 10)-(8, 15)",b'#include <map>\n'
Source,../repos/CMake/Source/cmFileLockPool.h,"(8, 10)-(8, 18)",b'#include <vector>\n'
Source,../repos/CMake/Source/cmSetCommand.h,"(8, 10)-(8, 18)",b'#include <vector>\n'
Source,../repos/CMake/Source/cmTarget.cxx,"(8, 10)-(8, 15)",b'#include <map>\n'
Source,../repos/CMake/Source/cmTarget.cxx,"(9, 10)-(9, 15)",b'#include <set>\n'
Source,../repos/CMake/Source/cmTarget.cxx,"(11, 10)-(11, 25)",b'#include <unordered_set>\n'
Source,../repos/CMake/Source/cmOrderDirectories.h,"(7, 10)-(7, 15)",b'#include <map>\n'
Source,../repos/CMake/Source/cmOrderDirectories.h,"(9, 10)-(9, 15)",b'#include <set>\n'
Source,../repos/CMake/Source/cmOrderDirectories.h,"(12, 10)-(12, 18)",b'#include <vector>\n'
Source,../repos/CMake/Source/cmTryCompileCommand.h,"(8, 10)-(8, 18)",b'#include <vector>\n'
Source,../repos/CMake/Source/cmDependencyProvider.h,"(10, 10)-(10, 18)",b'#include <vector>\n'
Source,../repos/CMake/Source/cmIncludeCommand.cxx,"(5, 10)-(5, 15)",b'#include <map>\n'
Source,../repos/CMake/Source/cmTargetCompileOptionsCommand.h,"(8, 10)-(8, 18)",b'#include <vector>\n'
Source,../repos/CMake/Source/cmPropertyDefinition.h,"(7, 10)-(7, 15)",b'#include <map>\n'
Source,../repos/CMake/Source/cmInstallFilesCommand.h,"(8, 10)-(8, 18)",b'#include <vector>\n'
Source,../repos/CMake/Source/cmCxxModuleMapper.cxx,"(7, 10)-(7, 15)",b'#include <set>\n'
Source,../repos/CMake/Source/cmCxxModuleMapper.cxx,"(11, 10)-(11, 18)",b'#include <vector>\n'
Source,../repos/CMake/Source/cmFileSet.cxx,"(8, 10)-(8, 18)",b'#include <vector>\n'
Source,../repos/CMake/Source/cmDebuggerBreakpointManager.h,"(11, 10)-(11, 25)",b'#include <unordered_map>\n'
Source,../repos/CMake/Source/cmDebuggerBreakpointManager.h,"(12, 10)-(12, 25)",b'#include <unordered_set>\n'
Source,../repos/CMake/Source/cmDebuggerBreakpointManager.h,"(13, 10)-(13, 18)",b'#include <vector>\n'
Source,../repos/CMake/Source/cmFindBase.h,"(9, 10)-(9, 18)",b'#include <vector>\n'
Source,../repos/CMake/Source/cmVisualStudioSlnParser.cxx,"(7, 10)-(7, 17)",b'#include <stack>\n'
Source,../repos/CMake/Source/cmVisualStudioSlnParser.cxx,"(9, 10)-(9, 18)",b'#include <vector>\n'
Source,../repos/CMake/Source/cmAddCompileDefinitionsCommand.h,"(8, 10)-(8, 18)",b'#include <vector>\n'
Source,../repos/CMake/Source/CTest/cmCTestCoverageHandler.h,"(8, 10)-(8, 15)",b'#include <map>\n'
Source,../repos/CMake/Source/CTest/cmCTestCoverageHandler.h,"(9, 10)-(9, 15)",b'#include <set>\n'
Source,../repos/CMake/Source/CTest/cmCTestCoverageHandler.h,"(11, 10)-(11, 18)",b'#include <vector>\n'
Source,../repos/CMake/Source/CTest/cmCTestRunTest.h,"(8, 10)-(8, 15)",b'#include <map>\n'
Source,../repos/CMake/Source/CTest/cmCTestRunTest.h,"(10, 10)-(10, 15)",b'#include <set>\n'
Source,../repos/CMake/Source/CTest/cmCTestRunTest.h,"(12, 10)-(12, 18)",b'#include <vector>\n'
Source,../repos/CMake/Source/CTest/cmParseJacocoCoverage.h,"(7, 10)-(7, 15)",b'#include <map>\n'
Source,../repos/CMake/Source/CTest/cmParseJacocoCoverage.h,"(9, 10)-(9, 18)",b'#include <vector>\n'
Source,../repos/CMake/Source/CTest/cmCTestMultiProcessHandler.cxx,"(14, 10)-(14, 16)",b'#include <list>\n'
Source,../repos/CMake/Source/CTest/cmCTestMultiProcessHandler.cxx,"(16, 10)-(16, 17)",b'#include <stack>\n'
Source,../repos/CMake/Source/CTest/cmCTestMultiProcessHandler.cxx,"(17, 10)-(17, 25)",b'#include <unordered_map>\n'
Source,../repos/CMake/Source/CTest/cmCTestMultiProcessHandler.cxx,"(19, 10)-(19, 18)",b'#include <vector>\n'
Source,../repos/CMake/Source/CTest/cmCTestCVS.h,"(8, 10)-(8, 15)",b'#include <map>\n'
Source,../repos/CMake/Source/CTest/cmCTestCVS.h,"(10, 10)-(10, 18)",b'#include <vector>\n'
Source,../repos/CMake/Source/CTest/cmCTestConfigureCommand.cxx,"(7, 10)-(7, 18)",b'#include <vector>\n'
Source,../repos/CMake/Source/CTest/cmCTestCurl.h,"(8, 10)-(8, 18)",b'#include <vector>\n'
Source,../repos/CMake/Source/CTest/cmCTestSubmitCommand.h,"(9, 10)-(9, 18)",b'#include <vector>\n'
Source,../repos/CMake/Source/CTest/cmCTestBZR.cxx,"(6, 10)-(6, 16)",b'#include <list>\n'
Source,../repos/CMake/Source/CTest/cmCTestBZR.cxx,"(7, 10)-(7, 15)",b'#include <map>\n'
Source,../repos/CMake/Source/CTest/cmCTestBZR.cxx,"(9, 10)-(9, 18)",b'#include <vector>\n'
Source,../repos/CMake/Source/CTest/cmCTestHandlerCommand.h,"(8, 10)-(8, 18)",b'#include <vector>\n'
Source,../repos/CMake/Source/CTest/cmCTestTestHandler.cxx,"(17, 10)-(17, 15)",b'#include <set>\n'
Source,../repos/CMake/Source/CTest/cmCTestResourceAllocator.h,"(5, 10)-(5, 15)",b'#include <map>\n'
Source,../repos/CMake/Source/CTest/cmCTestReadCustomFilesCommand.h,"(9, 10)-(9, 18)",b'#include <vector>\n'
Source,../repos/CMake/Source/CTest/cmCTestTestHandler.h,"(11, 10)-(11, 15)",b'#include <map>\n'
Source,../repos/CMake/Source/CTest/cmCTestTestHandler.h,"(12, 10)-(12, 15)",b'#include <set>\n'
Source,../repos/CMake/Source/CTest/cmCTestTestHandler.h,"(15, 10)-(15, 18)",b'#include <vector>\n'
Source,../repos/CMake/Source/CTest/cmParseCoberturaCoverage.h,"(8, 10)-(8, 18)",b'#include <vector>\n'
Source,../repos/CMake/Source/CTest/cmCTestRunScriptCommand.h,"(9, 10)-(9, 18)",b'#include <vector>\n'
Source,../repos/CMake/Source/CTest/cmCTestBuildCommand.h,"(8, 10)-(8, 18)",b'#include <vector>\n'
Source,../repos/CMake/Source/CTest/cmCTestScriptHandler.cxx,"(7, 10)-(7, 15)",b'#include <map>\n'
Source,../repos/CMake/Source/CTest/cmCTestMultiProcessHandler.h,"(8, 10)-(8, 16)",b'#include <list>\n'
Source,../repos/CMake/Source/CTest/cmCTestMultiProcessHandler.h,"(9, 10)-(9, 15)",b'#include <map>\n'
Source,../repos/CMake/Source/CTest/cmCTestMultiProcessHandler.h,"(11, 10)-(11, 15)",b'#include <set>\n'
Source,../repos/CMake/Source/CTest/cmCTestMultiProcessHandler.h,"(13, 10)-(13, 18)",b'#include <vector>\n'
Source,../repos/CMake/Source/CTest/cmCTestSVN.cxx,"(7, 10)-(7, 15)",b'#include <map>\n'
Source,../repos/CMake/Source/CTest/cmCTestGlobalVC.h,"(8, 10)-(8, 16)",b'#include <list>\n'
Source,../repos/CMake/Source/CTest/cmCTestGlobalVC.h,"(9, 10)-(9, 15)",b'#include <map>\n'
Source,../repos/CMake/Source/CTest/cmCTestGlobalVC.h,"(11, 10)-(11, 18)",b'#include <vector>\n'
Source,../repos/CMake/Source/CTest/cmCTestUpdateHandler.h,"(9, 10)-(9, 18)",b'#include <vector>\n'
Source,../repos/CMake/Source/CTest/cmCTestBuildHandler.cxx,"(8, 10)-(8, 15)",b'#include <set>\n'
Source,../repos/CMake/Source/CTest/cmCTestCoverageCommand.h,"(9, 10)-(9, 18)",b'#include <vector>\n'
Source,../repos/CMake/Source/CTest/cmCTestHG.cxx,"(6, 10)-(6, 18)",b'#include <vector>\n'
Source,../repos/CMake/Source/CTest/cmCTestCoverageCommand.cxx,"(5, 10)-(5, 15)",b'#include <set>\n'
Source,../repos/CMake/Source/CTest/cmCTestMemCheckHandler.h,"(8, 10)-(8, 18)",b'#include <vector>\n'
Source,../repos/CMake/Source/CTest/cmCTestUploadHandler.h,"(7, 10)-(7, 15)",b'#include <set>\n'
Source,../repos/CMake/Source/CTest/cmProcess.h,"(13, 10)-(13, 18)",b'#include <vector>\n'
Source,../repos/CMake/Source/CTest/cmCTestLaunchReporter.h,"(7, 10)-(7, 15)",b'#include <set>\n'
Source,../repos/CMake/Source/CTest/cmCTestLaunchReporter.h,"(9, 10)-(9, 18)",b'#include <vector>\n'
Source,../repos/CMake/Source/CTest/cmParseGTMCoverage.cxx,"(5, 10)-(5, 18)",b'#include <vector>\n'
Source,../repos/CMake/Source/CTest/cmParseMumpsCoverage.h,"(7, 10)-(7, 15)",b'#include <map>\n'
Source,../repos/CMake/Source/CTest/cmCTestUploadCommand.cxx,"(5, 10)-(5, 15)",b'#include <set>\n'
Source,../repos/CMake/Source/CTest/cmCTestVC.cxx,"(8, 10)-(8, 18)",b'#include <vector>\n'
Source,../repos/CMake/Source/CTest/cmCTestResourceSpec.cxx,"(6, 10)-(6, 15)",b'#include <map>\n'
Source,../repos/CMake/Source/CTest/cmCTestResourceSpec.cxx,"(9, 10)-(9, 18)",b'#include <vector>\n'
Source,../repos/CMake/Source/CTest/cmCTestBuildAndTestHandler.h,"(10, 10)-(10, 18)",b'#include <vector>\n'
Source,../repos/CMake/Source/CTest/cmCTestP4.h,"(8, 10)-(8, 15)",b'#include <map>\n'
Source,../repos/CMake/Source/CTest/cmCTestP4.h,"(10, 10)-(10, 18)",b'#include <vector>\n'
Source,../repos/CMake/Source/CTest/cmCTestSleepCommand.h,"(9, 10)-(9, 18)",b'#include <vector>\n'
Source,../repos/CMake/Source/CTest/cmUVJobServerClient.cxx,"(11, 12)-(11, 20)",b'#  include <vector>\n'
Source,../repos/CMake/Source/CTest/cmCTestResourceSpec.h,"(7, 10)-(7, 15)",b'#include <map>\n'
Source,../repos/CMake/Source/CTest/cmCTestResourceSpec.h,"(9, 10)-(9, 18)",b'#include <vector>\n'
Source,../repos/CMake/Source/CTest/cmCTestEmptyBinaryDirectoryCommand.h,"(9, 10)-(9, 18)",b'#include <vector>\n'
Source,../repos/CMake/Source/CTest/cmCTestVC.h,"(9, 10)-(9, 18)",b'#include <vector>\n'
Source,../repos/CMake/Source/CTest/cmCTestGIT.cxx,"(9, 10)-(9, 18)",b'#include <vector>\n'
Source,../repos/CMake/Source/CTest/cmParseBlanketJSCoverage.h,"(8, 10)-(8, 18)",b'#include <vector>\n'
Source,../repos/CMake/Source/CTest/cmCTestGenericHandler.h,"(8, 10)-(8, 15)",b'#include <map>\n'
Source,../repos/CMake/Source/CTest/cmCTestGenericHandler.h,"(10, 10)-(10, 18)",b'#include <vector>\n'
Source,../repos/CMake/Source/CTest/cmCTestLaunch.h,"(8, 10)-(8, 18)",b'#include <vector>\n'
Source,../repos/CMake/Source/CTest/cmCTestScriptHandler.h,"(10, 10)-(10, 18)",b'#include <vector>\n'
Source,../repos/CMake/Source/CTest/cmCTestUploadCommand.h,"(9, 10)-(9, 18)",b'#include <vector>\n'
Source,../repos/CMake/Source/CTest/cmCTestStartCommand.h,"(10, 10)-(10, 18)",b'#include <vector>\n'
Source,../repos/CMake/Source/CTest/cmCTestResourceGroupsLexerHelper.h,"(6, 10)-(6, 18)",b'#include <vector>\n'
Source,../repos/CMake/Source/CTest/cmParseCacheCoverage.cxx,"(5, 10)-(5, 15)",b'#include <map>\n'
Source,../repos/CMake/Source/CTest/cmParseCacheCoverage.cxx,"(7, 10)-(7, 18)",b'#include <vector>\n'
Source,../repos/CMake/Source/CTest/cmCTestSubmitCommand.cxx,"(5, 10)-(5, 15)",b'#include <set>\n'
Source,../repos/CMake/Source/CTest/cmCTestBuildHandler.h,"(9, 10)-(9, 17)",b'#include <deque>\n'
Source,../repos/CMake/Source/CTest/cmCTestBuildHandler.h,"(12, 10)-(12, 18)",b'#include <vector>\n'
Source,../repos/CMake/Source/CTest/cmCTestSVN.h,"(8, 10)-(8, 16)",b'#include <list>\n'
Source,../repos/CMake/Source/CTest/cmCTestSVN.h,"(10, 10)-(10, 18)",b'#include <vector>\n'
Source,../repos/CMake/Source/CTest/cmCTestSubmitHandler.h,"(9, 10)-(9, 15)",b'#include <set>\n'
Source,../repos/CMake/Source/CTest/cmCTestSubmitHandler.h,"(11, 10)-(11, 18)",b'#include <vector>\n'
Source,../repos/CMake/Source/CTest/cmParseMumpsCoverage.cxx,"(3, 10)-(3, 15)",b'#include <map>\n'
Source,../repos/CMake/Source/CTest/cmParseMumpsCoverage.cxx,"(6, 10)-(6, 18)",b'#include <vector>\n'
Source,../repos/CMake/Source/CTest/cmParseDelphiCoverage.h,"(8, 10)-(8, 18)",b'#include <vector>\n'
Source,../repos/CMake/Source/CTest/cmCTestBinPacker.h,"(6, 10)-(6, 15)",b'#include <map>\n'
Source,../repos/CMake/Source/CTest/cmCTestBinPacker.h,"(8, 10)-(8, 18)",b'#include <vector>\n'
Source,../repos/CMake/Source/CTest/cmCTestResourceAllocator.cxx,"(7, 10)-(7, 18)",b'#include <vector>\n'
Source,../repos/CMake/Source/bindexplib.h,"(8, 10)-(8, 15)",b'#include <set>\n'
Source,../repos/CMake/Source/cmGeneratorExpression.h,"(7, 10)-(7, 15)",b'#include <map>\n'
Source,../repos/CMake/Source/cmGeneratorExpression.h,"(9, 10)-(9, 15)",b'#include <set>\n'
Source,../repos/CMake/Source/cmGeneratorExpression.h,"(12, 10)-(12, 18)",b'#include <vector>\n'
Source,../repos/CMake/Source/cmInstallGetRuntimeDependenciesGenerator.cxx,"(7, 10)-(7, 15)",b'#include <set>\n'
Source,../repos/CMake/Source/cmInstallGetRuntimeDependenciesGenerator.cxx,"(10, 10)-(10, 18)",b'#include <vector>\n'
Source,../repos/CMake/Source/cmDependsFortran.h,"(9, 10)-(9, 15)",b'#include <set>\n'
Source,../repos/CMake/Source/cmDependsFortran.h,"(11, 10)-(11, 18)",b'#include <vector>\n'
Source,../repos/CMake/Source/cmStateDirectory.h,"(10, 10)-(10, 18)",b'#include <vector>\n'
Source,../repos/CMake/Source/cmImportedCxxModuleInfo.cxx,"(9, 10)-(9, 18)",b'#include <vector>\n'
Source,../repos/CMake/Source/cmGlobalMSYSMakefileGenerator.h,"(7, 10)-(7, 18)",b'#include <vector>\n'
Source,../repos/CMake/Source/cmStateSnapshot.h,"(9, 10)-(9, 18)",b'#include <vector>\n'
Source,../repos/CMake/Source/cmake.cxx,"(6, 10)-(6, 17)",b'#include <array>\n'
Source,../repos/CMake/Source/cmake.cxx,"(75, 12)-(75, 27)",b'#  include <unordered_map>\n'
Source,../repos/CMake/Source/cmIfCommand.h,"(7, 10)-(7, 18)",b'#include <vector>\n'
Source,../repos/CMake/Source/cmVariableRequiresCommand.h,"(8, 10)-(8, 18)",b'#include <vector>\n'
Source,../repos/CMake/Source/cmInstallTargetGenerator.h,"(9, 10)-(9, 18)",b'#include <vector>\n'
Source,../repos/CMake/Source/cmSeparateArgumentsCommand.h,"(8, 10)-(8, 18)",b'#include <vector>\n'
Source,../repos/CMake/Source/cmFindPackageCommand.cxx,"(8, 10)-(8, 17)",b'#include <deque>\n'
Source,../repos/CMake/Source/cmGccDepfileReaderTypes.h,"(6, 10)-(6, 18)",b'#include <vector>\n'
Source,../repos/CMake/Source/cmCustomCommandGenerator.h,"(8, 10)-(8, 15)",b'#include <set>\n'
Source,../repos/CMake/Source/cmCustomCommandGenerator.h,"(11, 10)-(11, 18)",b'#include <vector>\n'
Source,../repos/CMake/Source/cmDebuggerVariablesManager.h,"(9, 10)-(9, 25)",b'#include <unordered_map>\n'
Source,../repos/CMake/Source/cmLocalUnixMakefileGenerator3.h,"(8, 10)-(8, 15)",b'#include <map>\n'
Source,../repos/CMake/Source/cmLocalUnixMakefileGenerator3.h,"(9, 10)-(9, 15)",b'#include <set>\n'
Source,../repos/CMake/Source/cmLocalUnixMakefileGenerator3.h,"(12, 10)-(12, 18)",b'#include <vector>\n'
Source,../repos/CMake/Source/cmGeneratorExpressionNode.cxx,"(11, 10)-(11, 15)",b'#include <map>\n'
Source,../repos/CMake/Source/cmGeneratorExpressionNode.cxx,"(13, 10)-(13, 15)",b'#include <set>\n'
Source,../repos/CMake/Source/cmGeneratorExpressionNode.cxx,"(16, 10)-(16, 25)",b'#include <unordered_map>\n'
Source,../repos/CMake/Source/cmExportBuildFileGenerator.cxx,"(7, 10)-(7, 15)",b'#include <map>\n'
Source,../repos/CMake/Source/cmExportBuildFileGenerator.cxx,"(9, 10)-(9, 15)",b'#include <set>\n'
Source,../repos/CMake/Source/cmCommonTargetGenerator.h,"(8, 10)-(8, 15)",b'#include <map>\n'
Source,../repos/CMake/Source/cmCommonTargetGenerator.h,"(9, 10)-(9, 15)",b'#include <set>\n'
Source,../repos/CMake/Source/cmCommonTargetGenerator.h,"(11, 10)-(11, 18)",b'#include <vector>\n'
Source,../repos/CMake/Source/cmGeneratorExpressionContext.h,"(5, 10)-(5, 15)",b'#include <map>\n'
Source,../repos/CMake/Source/cmGeneratorExpressionContext.h,"(6, 10)-(6, 15)",b'#include <set>\n'
Source,../repos/CMake/Source/cmGetDirectoryPropertyCommand.h,"(8, 10)-(8, 18)",b'#include <vector>\n'
Source,../repos/CMake/Source/cmDependsJavaParserHelper.h,"(9, 10)-(9, 18)",b'#include <vector>\n'
Source,../repos/CMake/Source/cmFindLibraryCommand.cxx,"(8, 10)-(8, 15)",b'#include <set>\n'
Source,../repos/CMake/Source/cmProcessTools.h,"(10, 10)-(10, 18)",b'#include <vector>\n'
Source,../repos/CMake/Source/cmGlobalVisualStudio11Generator.cxx,"(7, 10)-(7, 18)",b'#include <vector>\n'
Source,../repos/CMake/Source/cmTryRunCommand.h,"(8, 10)-(8, 18)",b'#include <vector>\n'
Source,../repos/CMake/Source/cmSetTargetPropertiesCommand.h,"(8, 10)-(8, 18)",b'#include <vector>\n'
Source,../repos/CMake/Source/cmCacheManager.h,"(8, 10)-(8, 15)",b'#include <map>\n'
Source,../repos/CMake/Source/cmCacheManager.h,"(9, 10)-(9, 15)",b'#include <set>\n'
Source,../repos/CMake/Source/cmCacheManager.h,"(12, 10)-(12, 18)",b'#include <vector>\n'
Source,../repos/CMake/Source/cmLinkDirectoriesCommand.h,"(8, 10)-(8, 18)",b'#include <vector>\n'
Source,../repos/CMake/Source/cmDefinePropertyCommand.h,"(8, 10)-(8, 18)",b'#include <vector>\n'
Source,../repos/CMake/Source/cmCMakeMinimumRequired.h,"(8, 10)-(8, 18)",b'#include <vector>\n'
Source,../repos/CMake/Source/cmInstallCxxModuleBmiGenerator.h,"(9, 10)-(9, 18)",b'#include <vector>\n'
Source,../repos/CMake/Source/cmFileInstaller.cxx,"(6, 10)-(6, 15)",b'#include <map>\n'
Source,../repos/CMake/Source/cmListFileCache.h,"(11, 10)-(11, 18)",b'#include <vector>\n'
Source,../repos/CMake/Source/cmFileCommand.h,"(8, 10)-(8, 18)",b'#include <vector>\n'
Source,../repos/CMake/Source/cmVisualStudio10TargetGenerator.h,"(8, 10)-(8, 15)",b'#include <map>\n'
Source,../repos/CMake/Source/cmVisualStudio10TargetGenerator.h,"(10, 10)-(10, 15)",b'#include <set>\n'
Source,../repos/CMake/Source/cmVisualStudio10TargetGenerator.h,"(12, 10)-(12, 25)",b'#include <unordered_map>\n'
Source,../repos/CMake/Source/cmVisualStudio10TargetGenerator.h,"(14, 10)-(14, 18)",b'#include <vector>\n'
Source,../repos/CMake/Source/QtDialog/QCMake.h,"(16, 10)-(16, 18)",b'#include <vector>\n'
Source,../repos/CMake/Source/cmExtraCodeLiteGenerator.h,"(7, 10)-(7, 15)",b'#include <map>\n'
Source,../repos/CMake/Source/cmExtraCodeLiteGenerator.h,"(8, 10)-(8, 15)",b'#include <set>\n'
Source,../repos/CMake/Source/cmExtraCodeLiteGenerator.h,"(10, 10)-(10, 18)",b'#include <vector>\n'
Source,../repos/CMake/Source/cmCPackPropertiesGenerator.h,"(9, 10)-(9, 18)",b'#include <vector>\n'
Source,../repos/CMake/Source/cmCLocaleEnvironmentScope.h,"(7, 10)-(7, 15)",b'#include <map>\n'
Source,../repos/CMake/Source/cmGeneratorExpressionLexer.h,"(9, 10)-(9, 18)",b'#include <vector>\n'
Source,../repos/CMake/Source/cmScanDepFormat.h,"(6, 10)-(6, 18)",b'#include <vector>\n'
Source,../repos/CMake/Source/cmVisualStudio10TargetGenerator.cxx,"(9, 10)-(9, 15)",b'#include <set>\n'
Source,../repos/CMake/Source/cmDyndepCollation.cxx,"(7, 10)-(7, 15)",b'#include <map>\n'
Source,../repos/CMake/Source/cmDyndepCollation.cxx,"(9, 10)-(9, 15)",b'#include <set>\n'
Source,../repos/CMake/Source/cmDyndepCollation.cxx,"(11, 10)-(11, 18)",b'#include <vector>\n'
Source,../repos/CMake/Source/cmVisualStudioWCEPlatformParser.h,"(8, 10)-(8, 15)",b'#include <map>\n'
Source,../repos/CMake/Source/cmVisualStudioWCEPlatformParser.h,"(10, 10)-(10, 18)",b'#include <vector>\n'
Source,../repos/CMake/Source/cmConfigureLog.h,"(5, 10)-(5, 15)",b'#include <map>\n'
Source,../repos/CMake/Source/cmConfigureLog.h,"(8, 10)-(8, 18)",b'#include <vector>\n'
Source,../repos/CMake/Source/cmFileAPICache.cxx,"(8, 10)-(8, 18)",b'#include <vector>\n'
Source,../repos/CMake/Source/cmGetTestPropertyCommand.h,"(8, 10)-(8, 18)",b'#include <vector>\n'
Source,../repos/CMake/Source/cmInstallGetRuntimeDependenciesGenerator.h,"(7, 10)-(7, 18)",b'#include <vector>\n'
Source,../repos/CMake/Source/cmExtraKateGenerator.h,"(8, 10)-(8, 18)",b'#include <vector>\n'
Source,../repos/CMake/Source/cmForEachCommand.cxx,"(14, 10)-(14, 15)",b'#include <map>\n'
Source,../repos/CMake/Source/cmGlobalVisualStudio71Generator.h,"(6, 10)-(6, 15)",b'#include <set>\n'
Source,../repos/CMake/Source/cmGlobalVisualStudio71Generator.h,"(9, 10)-(9, 18)",b'#include <vector>\n'
Source,../repos/CMake/Source/cmPropertyMap.h,"(8, 10)-(8, 25)",b'#include <unordered_map>\n'
Source,../repos/CMake/Source/cmPropertyMap.h,"(10, 10)-(10, 18)",b'#include <vector>\n'
Source,../repos/CMake/Source/cmGlobalBorlandMakefileGenerator.h,"(8, 10)-(8, 18)",b'#include <vector>\n'
Source,../repos/CMake/Source/cmQtAutoGenInitializer.h,"(10, 10)-(10, 15)",b'#include <set>\n'
Source,../repos/CMake/Source/cmQtAutoGenInitializer.h,"(12, 10)-(12, 25)",b'#include <unordered_map>\n'
Source,../repos/CMake/Source/cmQtAutoGenInitializer.h,"(13, 10)-(13, 25)",b'#include <unordered_set>\n'
Source,../repos/CMake/Source/cmQtAutoGenInitializer.h,"(15, 10)-(15, 18)",b'#include <vector>\n'
Source,../repos/CMake/Source/cmInstallRuntimeDependencySet.cxx,"(5, 10)-(5, 15)",b'#include <set>\n'
Source,../repos/CMake/Source/cmExportInstallFileGenerator.h,"(8, 10)-(8, 15)",b'#include <map>\n'
Source,../repos/CMake/Source/cmExportInstallFileGenerator.h,"(9, 10)-(9, 15)",b'#include <set>\n'
Source,../repos/CMake/Source/cmExportInstallFileGenerator.h,"(12, 10)-(12, 18)",b'#include <vector>\n'
Source,../repos/CMake/Source/cmComputeLinkDepends.cxx,"(12, 10)-(12, 25)",b'#include <unordered_map>\n'
Source,../repos/CMake/Source/cmListCommand.h,"(8, 10)-(8, 18)",b'#include <vector>\n'
Source,../repos/CMake/Source/cmGlobalVisualStudio8Generator.h,"(6, 10)-(6, 15)",b'#include <set>\n'
Source,../repos/CMake/Source/cmGlobalVisualStudio8Generator.h,"(8, 10)-(8, 18)",b'#include <vector>\n'
Source,../repos/CMake/Source/cmFunctionBlocker.h,"(7, 10)-(7, 18)",b'#include <vector>\n'
Source,../repos/CMake/Source/cmSiteNameCommand.h,"(8, 10)-(8, 18)",b'#include <vector>\n'
Source,../repos/CMake/Source/cmGlobalNMakeMakefileGenerator.h,"(8, 10)-(8, 18)",b'#include <vector>\n'
Source,../repos/CMake/Source/cmDebuggerExceptionManager.h,"(10, 10)-(10, 25)",b'#include <unordered_map>\n'
Source,../repos/CMake/Source/cmBuildCommand.h,"(8, 10)-(8, 18)",b'#include <vector>\n'
Source,../repos/CMake/Source/cmDocumentationFormatter.cxx,"(10, 10)-(10, 18)",b'#include <vector>\n'
Source,../repos/CMake/Source/cmVisualStudioGeneratorOptions.cxx,"(4, 10)-(4, 15)",b'#include <map>\n'
Source,../repos/CMake/Source/cmVisualStudioGeneratorOptions.cxx,"(7, 10)-(7, 18)",b'#include <vector>\n'
Source,../repos/CMake/Source/cmUtilitySourceCommand.h,"(8, 10)-(8, 18)",b'#include <vector>\n'
Source,../repos/CMake/Source/cmGlobalGenerator.h,"(9, 10)-(9, 15)",b'#include <map>\n'
Source,../repos/CMake/Source/cmGlobalGenerator.h,"(11, 10)-(11, 15)",b'#include <set>\n'
Source,../repos/CMake/Source/cmGlobalGenerator.h,"(13, 10)-(13, 25)",b'#include <unordered_map>\n'
Source,../repos/CMake/Source/cmGlobalGenerator.h,"(14, 10)-(14, 25)",b'#include <unordered_set>\n'
Source,../repos/CMake/Source/cmGlobalGenerator.h,"(16, 10)-(16, 18)",b'#include <vector>\n'
Source,../repos/CMake/Source/cmInstallFilesGenerator.h,"(9, 10)-(9, 18)",b'#include <vector>\n'
Source,../repos/CMake/Source/cmGraphVizWriter.h,"(7, 10)-(7, 15)",b'#include <map>\n'
Source,../repos/CMake/Source/cmGraphVizWriter.h,"(9, 10)-(9, 15)",b'#include <set>\n'
Source,../repos/CMake/Source/cmGraphVizWriter.h,"(12, 10)-(12, 18)",b'#include <vector>\n'
Source,../repos/CMake/Source/cmFilePathChecksum.cxx,"(5, 10)-(5, 18)",b'#include <vector>\n'
Source,../repos/CMake/Source/cmLocalVisualStudio7Generator.h,"(8, 10)-(8, 15)",b'#include <map>\n'
Source,../repos/CMake/Source/cmLocalVisualStudio7Generator.h,"(10, 10)-(10, 15)",b'#include <set>\n'
Source,../repos/CMake/Source/cmLocalVisualStudio7Generator.h,"(12, 10)-(12, 18)",b'#include <vector>\n'
Source,../repos/CMake/Source/cmJSONState.h,"(10, 10)-(10, 18)",b'#include <vector>\n'
Source,../repos/CMake/Source/cmWorkerPool.cxx,"(6, 10)-(6, 17)",b'#include <array>\n'
Source,../repos/CMake/Source/cmWorkerPool.cxx,"(9, 10)-(9, 17)",b'#include <deque>\n'
Source,../repos/CMake/Source/cmFileInstaller.h,"(8, 10)-(8, 18)",b'#include <vector>\n'
Source,../repos/CMake/Source/cmGetTargetPropertyCommand.h,"(8, 10)-(8, 18)",b'#include <vector>\n'
Source,../repos/CMake/Source/cmGlobalMinGWMakefileGenerator.h,"(7, 10)-(7, 18)",b'#include <vector>\n'
Source,../repos/CMake/Source/cmCoreTryCompile.cxx,"(5, 10)-(5, 17)",b'#include <array>\n'
Source,../repos/CMake/Source/cmCoreTryCompile.cxx,"(8, 10)-(8, 15)",b'#include <set>\n'
Source,../repos/CMake/Source/cmELF.cxx,"(7, 10)-(7, 15)",b'#include <map>\n'
Source,../repos/CMake/Source/cmELF.cxx,"(11, 10)-(11, 18)",b'#include <vector>\n'
Source,../repos/CMake/Source/cmExtraEclipseCDT4Generator.cxx,"(8, 10)-(8, 15)",b'#include <map>\n'
Source,../repos/CMake/Source/cmLocalGenerator.h,"(9, 10)-(9, 15)",b'#include <map>\n'
Source,../repos/CMake/Source/cmLocalGenerator.h,"(11, 10)-(11, 15)",b'#include <set>\n'
Source,../repos/CMake/Source/cmLocalGenerator.h,"(13, 10)-(13, 25)",b'#include <unordered_map>\n'
Source,../repos/CMake/Source/cmLocalGenerator.h,"(15, 10)-(15, 18)",b'#include <vector>\n'
Source,../repos/CMake/Source/cmIncludeDirectoryCommand.h,"(8, 10)-(8, 18)",b'#include <vector>\n'
Source,../repos/CMake/Source/cmTarget.h,"(8, 10)-(8, 15)",b'#include <map>\n'
Source,../repos/CMake/Source/cmTarget.h,"(10, 10)-(10, 15)",b'#include <set>\n'
Source,../repos/CMake/Source/cmTarget.h,"(13, 10)-(13, 18)",b'#include <vector>\n'
Source,../repos/CMake/Source/cmDefinitions.cxx,"(6, 10)-(6, 25)",b'#include <unordered_set>\n'
Source,../repos/CMake/Source/cmComputeComponentGraph.h,"(8, 10)-(8, 17)",b'#include <stack>\n'
Source,../repos/CMake/Source/cmComputeComponentGraph.h,"(9, 10)-(9, 18)",b'#include <vector>\n'
Source,../repos/CMake/Source/cmArgumentParser.h,"(11, 10)-(11, 15)",b'#include <map>\n'
Source,../repos/CMake/Source/cmArgumentParser.h,"(14, 10)-(14, 18)",b'#include <vector>\n'
Source,../repos/CMake/Source/cmDependsJava.h,"(8, 10)-(8, 15)",b'#include <set>\n'
Source,../repos/CMake/Source/cmMessageCommand.h,"(8, 10)-(8, 18)",b'#include <vector>\n'
Source,../repos/CMake/Source/cmExternalMakefileProjectGenerator.h,"(9, 10)-(9, 18)",b'#include <vector>\n'
Source,../repos/CMake/Source/cmGlobalVisualStudio11Generator.h,"(8, 10)-(8, 15)",b'#include <set>\n'
Source,../repos/CMake/Source/cmDyndepCollation.h,"(10, 10)-(10, 18)",b'#include <vector>\n'
Source,../repos/CMake/Source/cmBinUtilsWindowsPEObjdumpGetRuntimeDependenciesTool.h,"(7, 10)-(7, 18)",b'#include <vector>\n'
Source,../repos/CMake/Source/cmGeneratorExpressionDAGChecker.h,"(7, 10)-(7, 15)",b'#include <map>\n'
Source,../repos/CMake/Source/cmGeneratorExpressionDAGChecker.h,"(8, 10)-(8, 15)",b'#include <set>\n'
Source,../repos/CMake/Source/cmFileCopier.h,"(8, 10)-(8, 18)",b'#include <vector>\n'
Source,../repos/CMake/Source/cmExportCommand.h,"(8, 10)-(8, 18)",b'#include <vector>\n'
Source,../repos/CMake/Source/cmLoadCacheCommand.h,"(8, 10)-(8, 18)",b'#include <vector>\n'
Source,../repos/CMake/Source/cmXCode21Object.h,"(10, 10)-(10, 18)",b'#include <vector>\n'
Source,../repos/CMake/Source/cmGlobalVisualStudioGenerator.h,"(8, 10)-(8, 15)",b'#include <map>\n'
Source,../repos/CMake/Source/cmGlobalVisualStudioGenerator.h,"(9, 10)-(9, 15)",b'#include <set>\n'
Source,../repos/CMake/Source/cmGlobalVisualStudioGenerator.h,"(11, 10)-(11, 18)",b'#include <vector>\n'
Source,../repos/CMake/Source/cmRulePlaceholderExpander.h,"(8, 10)-(8, 15)",b'#include <map>\n'
Source,../repos/CMake/Source/cmAddDependenciesCommand.h,"(8, 10)-(8, 18)",b'#include <vector>\n'
Source,../repos/CMake/Source/cmState.cxx,"(6, 10)-(6, 17)",b'#include <array>\n'
Source,../repos/CMake/Source/cmSetTestsPropertiesCommand.h,"(8, 10)-(8, 18)",b'#include <vector>\n'
Source,../repos/CMake/Source/cmLocalGenerator.cxx,"(6, 10)-(6, 17)",b'#include <array>\n'
Source,../repos/CMake/Source/cmLocalGenerator.cxx,"(14, 10)-(14, 25)",b'#include <unordered_set>\n'
Source,../repos/CMake/Source/cmLocalGenerator.cxx,"(16, 10)-(16, 18)",b'#include <vector>\n'
Source,../repos/CMake/Source/cmTestGenerator.h,"(9, 10)-(9, 18)",b'#include <vector>\n'
Source,../repos/CMake/Source/cmOptionCommand.h,"(8, 10)-(8, 18)",b'#include <vector>\n'
Source,../repos/CMake/Source/cmSyntheticTargetCache.h,"(7, 10)-(7, 15)",b'#include <map>\n'
Source,../repos/CMake/Source/cmFileAPICommand.h,"(8, 10)-(8, 18)",b'#include <vector>\n'
Source,../repos/CMake/Source/cmUnsetCommand.h,"(8, 10)-(8, 18)",b'#include <vector>\n'
Source,../repos/CMake/Source/cmDebuggerVariables.h,"(13, 10)-(13, 18)",b'#include <vector>\n'
Source,../repos/CMake/Source/cmSourceGroupCommand.h,"(8, 10)-(8, 18)",b'#include <vector>\n'
Source,../repos/CMake/Source/cmIncludeGuardCommand.h,"(8, 10)-(8, 18)",b'#include <vector>\n'
Source,../repos/CMake/Source/cmDebuggerVariables.cxx,"(7, 10)-(7, 18)",b'#include <vector>\n'
Source,../repos/CMake/Source/cmXCodeObject.h,"(10, 10)-(10, 15)",b'#include <map>\n'
Source,../repos/CMake/Source/cmXCodeObject.h,"(13, 10)-(13, 18)",b'#include <vector>\n'
Source,../repos/CMake/Source/cmDebuggerThread.h,"(12, 10)-(12, 25)",b'#include <unordered_map>\n'
Source,../repos/CMake/Source/cmDebuggerThread.h,"(13, 10)-(13, 18)",b'#include <vector>\n'
Source,../repos/CMake/Source/cmGetPropertyCommand.h,"(8, 10)-(8, 18)",b'#include <vector>\n'
Source,../repos/CMake/Source/cmFileAPI.h,"(7, 10)-(7, 15)",b'#include <map>\n'
Source,../repos/CMake/Source/cmFileAPI.h,"(10, 10)-(10, 25)",b'#include <unordered_set>\n'
Source,../repos/CMake/Source/cmFileAPI.h,"(11, 10)-(11, 18)",b'#include <vector>\n'
Source,../repos/CMake/Source/cmOutputConverter.cxx,"(8, 10)-(8, 15)",b'#include <set>\n'
Source,../repos/CMake/Source/cmOutputConverter.cxx,"(9, 10)-(9, 18)",b'#include <vector>\n'
Source,../repos/CMake/Source/cmOutputConverter.cxx,"(12, 12)-(12, 27)",b'#  include <unordered_map>\n'
Source,../repos/CMake/Source/cmTestGenerator.cxx,"(12, 10)-(12, 18)",b'#include <vector>\n'
Source,../repos/CMake/Source/cmExportCommand.cxx,"(5, 10)-(5, 15)",b'#include <map>\n'
Source,../repos/CMake/Source/cmInstallCommand.cxx,"(9, 10)-(9, 15)",b'#include <map>\n'
Source,../repos/CMake/Source/cmInstallCommand.cxx,"(10, 10)-(10, 15)",b'#include <set>\n'
Source,../repos/CMake/Source/cmFindProgramCommand.h,"(8, 10)-(8, 18)",b'#include <vector>\n'
Source,../repos/CMake/Source/cmCommandArgumentParserHelper.h,"(9, 10)-(9, 18)",b'#include <vector>\n'
Source,../repos/CMake/Source/cmExportInstallAndroidMKGenerator.h,"(8, 10)-(8, 15)",b'#include <set>\n'
Source,../repos/CMake/Source/cmNinjaNormalTargetGenerator.cxx,"(8, 10)-(8, 15)",b'#include <set>\n'
Source,../repos/CMake/Source/cmNinjaNormalTargetGenerator.cxx,"(10, 10)-(10, 25)",b'#include <unordered_set>\n'
Source,../repos/CMake/Source/cmMakefileLibraryTargetGenerator.cxx,"(6, 10)-(6, 15)",b'#include <set>\n'
Source,../repos/CMake/Source/cmMakefileLibraryTargetGenerator.cxx,"(9, 10)-(9, 18)",b'#include <vector>\n'
Source,../repos/CMake/Source/cmIDEOptions.h,"(7, 10)-(7, 15)",b'#include <map>\n'
Source,../repos/CMake/Source/cmIDEOptions.h,"(9, 10)-(9, 18)",b'#include <vector>\n'
Source,../repos/CMake/Source/cmState.h,"(9, 10)-(9, 15)",b'#include <set>\n'
Source,../repos/CMake/Source/cmState.h,"(11, 10)-(11, 25)",b'#include <unordered_map>\n'
Source,../repos/CMake/Source/cmState.h,"(12, 10)-(12, 25)",b'#include <unordered_set>\n'
Source,../repos/CMake/Source/cmState.h,"(14, 10)-(14, 18)",b'#include <vector>\n'
Source,../repos/CMake/Source/cmMakefileLibraryTargetGenerator.h,"(8, 10)-(8, 18)",b'#include <vector>\n'
Source,../repos/CMake/Source/cmGlobalGhsMultiGenerator.h,"(7, 10)-(7, 15)",b'#include <set>\n'
Source,../repos/CMake/Source/cmGlobalGhsMultiGenerator.h,"(10, 10)-(10, 18)",b'#include <vector>\n'
Source,../repos/CMake/Source/cmMakefileTargetGenerator.cxx,"(6, 10)-(6, 17)",b'#include <array>\n'
Source,../repos/CMake/Source/cmMakefileTargetGenerator.cxx,"(11, 10)-(11, 25)",b'#include <unordered_map>\n'
Source,../repos/CMake/Source/cmMakefileTargetGenerator.cxx,"(12, 10)-(12, 25)",b'#include <unordered_set>\n'
Source,../repos/CMake/Source/cmImportedCxxModuleInfo.h,"(7, 10)-(7, 15)",b'#include <map>\n'
Source,../repos/CMake/Source/cmImportedCxxModuleInfo.h,"(9, 10)-(9, 18)",b'#include <vector>\n'
Source,../repos/CMake/Source/cmLinkItem.h,"(7, 10)-(7, 15)",b'#include <map>\n'
Source,../repos/CMake/Source/cmLinkItem.h,"(10, 10)-(10, 25)",b'#include <unordered_map>\n'
Source,../repos/CMake/Source/cmLinkItem.h,"(11, 10)-(11, 18)",b'#include <vector>\n'
Source,../repos/CMake/Source/cmQtAutoMocUic.cxx,"(9, 10)-(9, 15)",b'#include <map>\n'
Source,../repos/CMake/Source/cmQtAutoMocUic.cxx,"(11, 10)-(11, 15)",b'#include <set>\n'
Source,../repos/CMake/Source/cmQtAutoMocUic.cxx,"(13, 10)-(13, 25)",b'#include <unordered_map>\n'
Source,../repos/CMake/Source/cmQtAutoMocUic.cxx,"(14, 10)-(14, 25)",b'#include <unordered_set>\n'
Source,../repos/CMake/Source/cmQtAutoMocUic.cxx,"(16, 10)-(16, 18)",b'#include <vector>\n'
Source,../repos/CMake/Source/cmProjectCommand.cxx,"(5, 10)-(5, 17)",b'#include <array>\n'
Source,../repos/CMake/Source/cmSourceGroupCommand.cxx,"(6, 10)-(6, 15)",b'#include <map>\n'
Source,../repos/CMake/Source/cmSourceGroupCommand.cxx,"(8, 10)-(8, 15)",b'#include <set>\n'
Source,../repos/CMake/Source/cmStringCommand.h,"(8, 10)-(8, 18)",b'#include <vector>\n'
