Repo name,File name,Location,Content
Source,../repos/CMake/Source/cmDebuggerPosixPipeConnection.h,"(18, 1)-(81, 2)",b'namespace cmDebugger {\n\n#ifndef _WIN32\n\nclass...'
Source,../repos/CMake/Source/cmBuildCommand.cxx,"(14, 1)-(126, 2)",b'namespace {\n\nbool MainSignature(std::vector<s...'
Source,../repos/CMake/Source/cmDebugTools.h,"(9, 1)-(23, 2)",b'namespace cm {\n\nnamespace {\n\ntemplate <typena...'
Source,../repos/CMake/Source/cmDebugTools.h,"(11, 1)-(21, 2)",b'namespace {\n\ntemplate <typename T>\nT dbg_impl...'
Source,../repos/CMake/Source/cmExecuteProcessCommand.cxx,"(34, 1)-(44, 2)",b'namespace {\nbool cmExecuteProcessCommandIsWhi...'
Source,../repos/CMake/Source/cmExecuteProcessCommand.cxx,"(507, 1)-(553, 2)",b'namespace {\nvoid cmExecuteProcessCommandFixTe...'
Source,../repos/CMake/Source/cmCMakeMinimumRequired.cxx,"(14, 1)-(18, 2)",b'namespace {\nbool EnforceUnknownArguments(std:...'
Source,../repos/CMake/Source/cmCMakeMinimumRequired.cxx,"(127, 1)-(165, 2)",b'namespace {\nbool EnforceUnknownArguments(std:...'
Source,../repos/CMake/Source/cmGeneratorTarget.cxx,"(64, 1)-(72, 2)",b'namespace {\nusing LinkInterfaceFor = cmGenera...'
Source,../repos/CMake/Source/cmGeneratorTarget.cxx,"(769, 1)-(809, 2)",b'namespace {\nvoid handleSystemIncludesDep(cmLo...'
Source,../repos/CMake/Source/cmGeneratorTarget.cxx,"(1516, 1)-(1797, 2)",b'namespace {\n\nenum class IncludeDirectoryFallB...'
Source,../repos/CMake/Source/cmGeneratorTarget.cxx,"(2499, 1)-(2509, 2)",b'namespace {\nbool shouldAddFullLevel(cmGenerat...'
Source,../repos/CMake/Source/cmGeneratorTarget.cxx,"(3730, 1)-(3834, 2)",b'namespace {\nvoid processIncludeDirectories(cm...'
Source,../repos/CMake/Source/cmGeneratorTarget.cxx,"(3935, 1)-(4087, 2)","b'namespace {\nconst auto DL_BEGIN = ""<DEVICE_LI...'"
Source,../repos/CMake/Source/cmGeneratorTarget.cxx,"(4842, 1)-(4911, 2)",b'namespace {\nvoid processLinkDirectories(cmGen...'
Source,../repos/CMake/Source/cmGeneratorTarget.cxx,"(5959, 1)-(6008, 2)",b'namespace {\nstd::string intersect(const std::...'
Source,../repos/CMake/Source/cmGeneratorTarget.cxx,"(6593, 1)-(6599, 2)",b'namespace {\ncm::string_view missingTargetPoss...'
Source,../repos/CMake/Source/cmGeneratorTarget.cxx,"(7612, 1)-(7659, 2)",b'namespace {\n\ntemplate <typename ReturnType>\nR...'
Source,../repos/CMake/Source/cmGeneratorTarget.cxx,"(8293, 1)-(8400, 2)",b'namespace {\nclass TransitiveLinkImpl\n{\n  cmGe...'
Source,../repos/CMake/Source/cmDebuggerExceptionManager.cxx,"(15, 1)-(129, 2)",b'namespace cmDebugger {\n\ncmDebuggerExceptionMa...'
Source,../repos/CMake/Source/cmTargetLinkDirectoriesCommand.cxx,"(15, 1)-(65, 2)",b'namespace {\n\nclass TargetLinkDirectoriesImpl ...'
Source,../repos/CMake/Source/cmStatePrivate.h,"(19, 1)-(22, 2)",b'namespace cmStateDetail {\nstruct BuildsystemD...'
Source,../repos/CMake/Source/cmDebuggerWindowsPipeConnection.cxx,"(11, 1)-(287, 2)",b'namespace cmDebugger {\n\n#ifdef _WIN32\n\nDuplex...'
Source,../repos/CMake/Source/cmExportInstallFileGenerator.cxx,"(591, 1)-(597, 2)",b'namespace {\nbool EntryIsContextSensitive(\n  c...'
Source,../repos/CMake/Source/cmInstallTargetGenerator.cxx,"(34, 1)-(125, 2)",b'namespace {\nstd::string computeInstallObjectD...'
Source,../repos/CMake/Source/cmCMakePresetsGraphReadJSONConfigurePresets.cxx,"(23, 1)-(291, 2)",b'namespace {\nusing CacheVariable = cmCMakePres...'
Source,../repos/CMake/Source/cmCMakePresetsGraphReadJSONConfigurePresets.cxx,"(293, 1)-(302, 2)",b'namespace cmCMakePresetsGraphInternal {\nbool ...'
Source,../repos/CMake/Source/cmStringAlgorithms.cxx,"(83, 1)-(93, 2)","b'namespace {\ntemplate <std::size_t N, typename...'"
Source,../repos/CMake/Source/cmDebuggerVariablesHelper.h,"(22, 1)-(26, 2)",b'namespace cmDebugger {\nclass cmDebuggerStackF...'
Source,../repos/CMake/Source/cmDebuggerVariablesHelper.h,"(31, 1)-(106, 2)",b'namespace cmDebugger {\n\nclass cmDebuggerVaria...'
Source,../repos/CMake/Source/cmGraphVizWriter.cxx,"(28, 1)-(103, 2)",b'namespace {\n\nchar const* const GRAPHVIZ_EDGE_...'
Source,../repos/CMake/Source/cmString.hxx,"(19, 1)-(920, 2)",b'namespace cm {\n\nclass String;\n\n/**\n * Trait t...'
Source,../repos/CMake/Source/cmString.hxx,"(922, 1)-(936, 2)",b'namespace std {\n\ntemplate <>\nstruct hash<cm::...'
Source,../repos/CMake/Source/cmJSONHelpers.h,"(29, 1)-(59, 2)",b'namespace JsonErrors {\nenum ObjectError\n{\n  R...'
Source,../repos/CMake/Source/cmCMakePresetsGraphReadJSON.cxx,"(27, 1)-(300, 2)",b'namespace {\nusing CacheVariable = cmCMakePres...'
Source,../repos/CMake/Source/cmCMakePresetsGraphReadJSON.cxx,"(302, 1)-(425, 2)",b'namespace cmCMakePresetsGraphInternal {\nbool ...'
Source,../repos/CMake/Source/cmListFileCache.cxx,"(341, 1)-(363, 2)",b'namespace {\nenum class NestingStateEnum\n{\n  I...'
Source,../repos/CMake/Source/cmGetDirectoryPropertyCommand.cxx,"(13, 1)-(18, 2)",b'namespace {\nvoid StoreResult(cmMakefile& make...'
Source,../repos/CMake/Source/cmGetDirectoryPropertyCommand.cxx,"(102, 1)-(113, 2)",b'namespace {\nvoid StoreResult(cmMakefile& make...'
Source,../repos/CMake/Source/cmCMakePathCommand.cxx,"(29, 1)-(914, 2)",b'namespace {\n// Helper classes for argument pa...'
Source,../repos/CMake/Source/cmArgumentParserTypes.h,"(12, 1)-(43, 2)",b'namespace ArgumentParser {\n\ntemplate <typenam...'
Source,../repos/CMake/Source/cmArgumentParserTypes.h,"(47, 1)-(67, 2)",b'namespace ArgumentParser {\n\ntemplate <typenam...'
Source,../repos/CMake/Source/cmCMakePresetsGraph.cxx,"(35, 1)-(511, 2)",b'namespace {\nenum class CycleStatus\n{\n  Unvisi...'
Source,../repos/CMake/Source/cmCMakePresetsGraph.cxx,"(611, 1)-(652, 2)",b'namespace {\ntemplate <typename T>\nbool SetupW...'
Source,../repos/CMake/Source/cmTransformDepfile.cxx,"(24, 1)-(114, 2)",b'namespace {\nvoid WriteFilenameGcc(cmsys::ofst...'
Source,../repos/CMake/Source/cmListCommand.cxx,"(29, 1)-(999, 2)",b'namespace {\n\nbool GetIndexArg(const std::stri...'
Source,../repos/CMake/Source/cmUVHandlePtr.h,"(31, 1)-(321, 2)",b'namespace cm {\n\n/***\n * RAII class to simplif...'
Source,../repos/CMake/Source/cmcmd.cxx,"(85, 1)-(554, 2)",b'namespace {\nvoid CMakeCommandUsage(std::strin...'
Source,../repos/CMake/Source/cmLocalNinjaGenerator.cxx,"(483, 1)-(495, 2)",b'namespace {\nbool RuleNeedsCMD(std::string con...'
Source,../repos/CMake/Source/cmLocalNinjaGenerator.cxx,"(767, 1)-(786, 2)",b'namespace {\nbool HasUniqueOutputs(std::vector...'
Source,../repos/CMake/Source/cmakemain.cxx,"(48, 1)-(1041, 2)",b'namespace {\n#ifndef CMAKE_BOOTSTRAP\nconst cmD...'
Source,../repos/CMake/Source/cmDocumentation.cxx,"(21, 1)-(68, 2)",b'namespace {\nconst cmDocumentationEntry cmDocu...'
Source,../repos/CMake/Source/cmMathCommand.cxx,"(14, 1)-(17, 2)",b'namespace {\nbool HandleExprCommand(std::vecto...'
Source,../repos/CMake/Source/cmMathCommand.cxx,"(35, 1)-(120, 2)",b'namespace {\nbool HandleExprCommand(std::vecto...'
Source,../repos/CMake/Source/cmBinUtilsMacOSMachOLinker.cxx,"(18, 1)-(28, 2)",b'namespace {\nbool IsMissingSystemDylib(std::st...'
Source,../repos/CMake/Source/cmTargetCompileFeaturesCommand.cxx,"(14, 1)-(51, 2)",b'namespace {\n\nclass TargetCompileFeaturesImpl ...'
Source,../repos/CMake/Source/cmGetPropertyCommand.cxx,"(25, 1)-(63, 2)","b'namespace {\nenum OutType\n{\n  OutValue,\n  OutD...'"
Source,../repos/CMake/Source/cmGetPropertyCommand.cxx,"(270, 1)-(498, 2)",b'namespace {\n\n// Implementation of result stor...'
Source,../repos/CMake/Source/cmMessageType.h,"(20, 1)-(34, 2)",b'namespace Message {\n\n/** \\brief Define log le...'
Source,../repos/CMake/Source/cmLoadCommandCommand.cxx,"(43, 1)-(201, 2)",b'namespace {\n\nconst char* LastName = nullptr;\n...'
Source,../repos/CMake/Source/cmAlgorithms.h,"(29, 1)-(57, 2)",b'namespace ContainerAlgorithms {\n\ntemplate <ty...'
Source,../repos/CMake/Source/cmQtAutoGenInitializer.cxx,"(60, 1)-(324, 2)",b'namespace {\n\nunsigned int GetParallelCPUCount...'
Source,../repos/CMake/Source/cmBinUtilsWindowsPELinker.cxx,"(27, 1)-(42, 2)",b'namespace {\n\nvoid ReplaceWithActualNameCasing...'
Source,../repos/CMake/Source/cmTargetPrecompileHeadersCommand.cxx,"(17, 1)-(81, 2)",b'namespace {\n\nstd::vector<std::string> Convert...'
Source,../repos/CMake/Source/cmDebuggerSourceBreakpoint.h,"(9, 1)-(26, 2)",b'namespace cmDebugger {\n\nclass cmDebuggerSourc...'
Source,../repos/CMake/Source/cmStandardLevelResolver.cxx,"(35, 1)-(514, 2)","b'namespace {\n\n#define FEATURE_STRING(F) , #F\nc...'"
Source,../repos/CMake/Source/cmFileAPICMakeFiles.cxx,"(18, 1)-(109, 2)",b'namespace {\n\nclass CMakeFiles\n{\n  cmFileAPI& ...'
Source,../repos/CMake/Source/CPack/cmCPackDebGenerator.cxx,"(28, 1)-(521, 2)",b'namespace {\n\nclass DebGenerator\n{\npublic:\n  D...'
Source,../repos/CMake/Source/CPack/cpack.cxx,"(41, 1)-(87, 2)",b'namespace {\nconst cmDocumentationEntry cmDocu...'
Source,../repos/CMake/Source/CPack/cmCPackExternalGenerator.h,"(13, 1)-(15, 2)",b'namespace Json {\nclass Value;\n}'
Source,../repos/CMake/Source/cmDynamicLoader.cxx,"(9, 1)-(27, 2)",b'namespace {\nclass cmDynamicLoaderCache\n{\npubl...'
Source,../repos/CMake/Source/cmDebuggerThreadManager.cxx,"(12, 1)-(47, 2)",b'namespace cmDebugger {\n\nstd::atomic<int64_t> ...'
Source,../repos/CMake/Source/cmSystemTools.cxx,"(119, 1)-(126, 2)",b'namespace {\n\ncmSystemTools::InterruptCallback...'
Source,../repos/CMake/Source/cmSystemTools.cxx,"(805, 1)-(927, 2)",b'namespace {\n\n/* Helper class to save and rest...'
Source,../repos/CMake/Source/cmSystemTools.cxx,"(1121, 1)-(1136, 2)",b'namespace {\nbool cmMoveFile(std::wstring cons...'
Source,../repos/CMake/Source/cmSystemTools.cxx,"(1921, 1)-(2213, 2)",b'namespace {\n#  define BSDTAR_FILESIZE_PRINTF ...'
Source,../repos/CMake/Source/cmSystemTools.cxx,"(2834, 1)-(2998, 2)",b'namespace {\nstruct cmSystemToolsRPathInfo\n{\n ...'
Source,../repos/CMake/Source/cmSystemTools.cxx,"(3208, 1)-(3264, 2)",b'namespace {\nbool VersionCompare(cmSystemTools...'
Source,../repos/CMake/Source/CursesDialog/ccmake.cxx,"(26, 1)-(59, 2)",b'namespace {\nconst cmDocumentationEntry cmDocu...'
Source,../repos/CMake/Source/cmCMakePolicyCommand.cxx,"(14, 1)-(23, 2)",b'namespace {\nbool HandleSetMode(std::vector<st...'
Source,../repos/CMake/Source/cmCMakePolicyCommand.cxx,"(67, 1)-(225, 2)",b'namespace {\n\nbool HandleSetMode(std::vector<s...'
Source,../repos/CMake/Source/cmEvaluatedTargetProperty.cxx,"(52, 1)-(78, 2)",b'namespace {\nvoid addInterfaceEntry(cmGenerato...'
Source,../repos/CMake/Source/cmDebuggerThread.cxx,"(18, 1)-(150, 2)",b'namespace cmDebugger {\n\ncmDebuggerThread::cmD...'
Source,../repos/CMake/Source/cmSetPropertyCommand.h,"(17, 1)-(67, 2)",b'namespace SetPropertyCommand {\nbool HandleSou...'
Source,../repos/CMake/Source/cmLinkItem.cxx,"(87, 1)-(90, 2)",b'namespace {\nconst cm::string_view LL_BEGIN = ...'
Source,../repos/CMake/Source/cmConditionEvaluator.cxx,"(30, 1)-(117, 2)","b'namespace {\nauto const keyAND = ""AND""_s;\nauto...'"
Source,../repos/CMake/Source/cmake.h,"(43, 1)-(45, 2)",b'namespace cmDebugger {\nclass cmDebuggerAdapter;\n}'
Source,../repos/CMake/Source/cmTargetCompileDefinitionsCommand.cxx,"(12, 1)-(53, 2)",b'namespace {\n\nclass TargetCompileDefinitionsIm...'
Source,../repos/CMake/Source/cmFindBase.cxx,"(338, 1)-(373, 2)",b'namespace {\nstruct entry_to_remove\n{\n  entry_...'
Source,../repos/CMake/Source/cmList.h,"(1318, 1)-(1323, 2)","b'namespace std {\ninline void swap(cmList& lhs,...'"
Source,../repos/CMake/Source/cmList.h,"(1325, 1)-(1384, 2)",b'namespace cm {\ninline void erase(cmList& list...'
Source,../repos/CMake/Source/cmOutputRequiredFilesCommand.cxx,"(26, 1)-(457, 2)",b'namespace {\n/** \\class cmDependInformation\n *...'
Source,../repos/CMake/Source/cmOutputRequiredFilesCommand.cxx,"(493, 1)-(514, 2)",b'namespace {\nvoid ListDependencies(cmDependInf...'
Source,../repos/CMake/Source/cmNinjaTargetGenerator.cxx,"(591, 1)-(662, 2)",b'namespace {\n// Create the command to run the ...'
Source,../repos/CMake/Source/cmNinjaTargetGenerator.cxx,"(1297, 1)-(1379, 2)",b'namespace {\ncmNinjaBuild GetScanBuildStatemen...'
Source,../repos/CMake/Source/cmDebuggerWindowsPipeConnection.h,"(21, 1)-(103, 2)",b'namespace cmDebugger {\n\n#ifdef _WIN32\n\nclass ...'
Source,../repos/CMake/Source/kwsys/RegularExpression.cxx,"(34, 1)-(1267, 2)",b'namespace KWSYS_NAMESPACE {\n\n// RegularExpres...'
Source,../repos/CMake/Source/kwsys/DynamicLoader.cxx,"(59, 1)-(87, 2)",b'namespace KWSYS_NAMESPACE {\n\nDynamicLoader::L...'
Source,../repos/CMake/Source/kwsys/DynamicLoader.cxx,"(94, 1)-(152, 2)",b'namespace KWSYS_NAMESPACE {\n\nDynamicLoader::L...'
Source,../repos/CMake/Source/kwsys/DynamicLoader.cxx,"(159, 1)-(213, 2)",b'namespace KWSYS_NAMESPACE {\n\nDynamicLoader::L...'
Source,../repos/CMake/Source/kwsys/DynamicLoader.cxx,"(221, 1)-(297, 2)",b'namespace KWSYS_NAMESPACE {\n\nDynamicLoader::L...'
Source,../repos/CMake/Source/kwsys/DynamicLoader.cxx,"(306, 1)-(378, 2)",b'namespace KWSYS_NAMESPACE {\n\nstatic image_id ...'
Source,../repos/CMake/Source/kwsys/DynamicLoader.cxx,"(388, 1)-(427, 2)",b'namespace KWSYS_NAMESPACE {\n\nDynamicLoader::L...'
Source,../repos/CMake/Source/kwsys/DynamicLoader.cxx,"(434, 1)-(477, 2)",b'namespace KWSYS_NAMESPACE {\n\nDynamicLoader::L...'
Source,../repos/CMake/Source/kwsys/CommandLineArguments.cxx,"(41, 1)-(759, 2)",b'namespace KWSYS_NAMESPACE {\n\nstruct CommandLi...'
Source,../repos/CMake/Source/kwsys/Glob.cxx,"(29, 1)-(456, 2)",b'namespace KWSYS_NAMESPACE {\n#if defined(_WIN3...'
Source,../repos/CMake/Source/kwsys/FStream.cxx,"(12, 1)-(55, 2)",b'namespace KWSYS_NAMESPACE {\nnamespace FStream...'
Source,../repos/CMake/Source/kwsys/FStream.cxx,"(13, 1)-(54, 2)",b'namespace FStream {\n\nBOM ReadBOM(std::istream...'
Source,../repos/CMake/Source/kwsys/SystemInformation.cxx,"(255, 1)-(5620, 2)",b'namespace KWSYS_NAMESPACE {\ntemplate <typenam...'
Source,../repos/CMake/Source/kwsys/SystemInformation.cxx,"(866, 1)-(1439, 2)",b'namespace {\n// ******************************...'
Source,../repos/CMake/Source/kwsys/Status.cxx,"(20, 1)-(60, 2)",b'namespace KWSYS_NAMESPACE {\n\nStatus Status::P...'
Source,../repos/CMake/Source/kwsys/EncodingCXX.cxx,"(36, 1)-(288, 2)",b'namespace KWSYS_NAMESPACE {\n\nEncoding::Comman...'
Source,../repos/CMake/Source/kwsys/SystemTools.cxx,"(163, 1)-(189, 2)",b'namespace {\nWCHAR* GetAppExecLink(PREPARSE_DA...'
Source,../repos/CMake/Source/kwsys/SystemTools.cxx,"(222, 1)-(236, 2)",b'namespace KWSYS_NAMESPACE {\nclass SystemTools...'
Source,../repos/CMake/Source/kwsys/SystemTools.cxx,"(3534, 1)-(3597, 2)",b'namespace {\n\nstd::string CollapseFullPathImpl...'
Source,../repos/CMake/Source/kwsys/SystemTools.cxx,"(4970, 1)-(4991, 2)",b'namespace KWSYS_NAMESPACE {\n\nstatic int Syste...'
Source,../repos/CMake/Source/kwsys/SystemTools.cxx,"(4993, 1)-(4997, 2)",b'namespace KWSYS_NAMESPACE {\nvoid SystemTools:...'
Source,../repos/CMake/Source/cmMacroCommand.cxx,"(24, 1)-(182, 2)",b'namespace {\n\n// define the class for macro co...'
Source,../repos/CMake/Source/cmFunctionCommand.cxx,"(23, 1)-(175, 2)","b'namespace {\nstd::string const ARGC = ""ARGC"";\n...'"
Source,../repos/CMake/Source/cmExperimental.cxx,"(14, 1)-(41, 2)",b'namespace {\n\n/*\n * The `Uuid` fields of these...'
Source,../repos/CMake/Source/cmFileCommand.cxx,"(70, 1)-(3818, 2)",b'namespace {\n\nbool HandleWriteImpl(std::vector...'
Source,../repos/CMake/Source/cmXcFramework.cxx,"(20, 1)-(121, 2)",b'namespace {\nstruct PlistMetadata\n{\n  std::str...'
Source,../repos/CMake/Source/cmString.cxx,"(13, 1)-(153, 2)",b'namespace cm {\n\nstatic std::string const empt...'
Source,../repos/CMake/Source/cmDebuggerStackFrame.h,"(14, 1)-(37, 2)",b'namespace cmDebugger {\n\nclass cmDebuggerStack...'
Source,../repos/CMake/Source/cmGlobalXCodeGenerator.cxx,"(303, 1)-(314, 2)",b'namespace {\ncm::string_view cmXcodeBuildSyste...'
Source,../repos/CMake/Source/cmGlobalXCodeGenerator.cxx,"(1058, 1)-(1190, 2)",b'namespace {\n\nbool IsLinkPhaseLibraryExtension...'
Source,../repos/CMake/Source/cmFSPermissions.h,"(11, 1)-(42, 2)",b'namespace cmFSPermissions {\n\n// Table of perm...'
Source,../repos/CMake/Source/cmDebuggerProtocol.h,"(15, 1)-(191, 2)",b'namespace dap {\n\n// Represents the cmake vers...'
Source,../repos/CMake/Source/cmAffinity.h,"(9, 1)-(12, 2)",b'namespace cmAffinity {\n\nstd::set<size_t> GetP...'
Source,../repos/CMake/Source/cmWindowsRegistry.cxx,"(33, 1)-(475, 2)",b'namespace {\n//  Case-independent string compa...'
Source,../repos/CMake/Source/cmWindowsRegistry.cxx,"(523, 1)-(533, 2)",b'namespace std {\ntemplate <>\nstruct hash<cmWin...'
Source,../repos/CMake/Source/cmMakefile.cxx,"(1037, 1)-(1046, 2)",b'namespace {\nstruct file_not_persistent\n{\n  bo...'
Source,../repos/CMake/Source/cmMakefile.cxx,"(1107, 1)-(1125, 2)",b'namespace {\n// There are still too many impli...'
Source,../repos/CMake/Source/cmMakefile.cxx,"(2277, 1)-(2278, 2)",b'namespace {\n}'
Source,../repos/CMake/Source/cmCMakeLanguageCommand.cxx,"(30, 1)-(371, 2)",b'namespace {\n\nbool FatalError(cmExecutionStatu...'
Source,../repos/CMake/Source/cmTargetLinkLibrariesCommand.cxx,"(31, 1)-(65, 2)",b'namespace {\n\nenum ProcessingState\n{\n  Process...'
Source,../repos/CMake/Source/cmTargetLinkLibrariesCommand.cxx,"(397, 1)-(651, 2)","b'namespace {\n\nTLL::TLL(cmMakefile& mf, cmTarge...'"
Source,../repos/CMake/Source/cmStringCommand.cxx,"(41, 1)-(1228, 2)",b'namespace {\n\nbool RegexMatch(std::vector<std:...'
Source,../repos/CMake/Source/cmMachO.cxx,"(41, 1)-(74, 2)",b'namespace {\n\n// peek in the file\ntemplate <ty...'
Source,../repos/CMake/Source/cmMessenger.cxx,"(147, 1)-(180, 2)",b'namespace {\nvoid PrintCallStack(std::ostream&...'
Source,../repos/CMake/Source/cmLocalUnixMakefileGenerator3.cxx,"(59, 1)-(110, 2)",b'namespace {\n// Helper function used below.\nst...'
Source,../repos/CMake/Source/cmCMakePresetsGraphReadJSONTestPresets.cxx,"(23, 1)-(376, 2)",b'namespace {\nusing TestPreset = cmCMakePresets...'
Source,../repos/CMake/Source/cmCMakePresetsGraphReadJSONTestPresets.cxx,"(378, 1)-(387, 2)",b'namespace cmCMakePresetsGraphInternal {\nbool ...'
Source,../repos/CMake/Source/cmJSONHelpers.cxx,"(15, 1)-(113, 2)",b'namespace JsonErrors {\nErrorGenerator EXPECTE...'
Source,../repos/CMake/Source/cmCMakePresetsGraphReadJSONWorkflowPresets.cxx,"(18, 1)-(83, 2)",b'namespace {\nusing WorkflowPreset = cmCMakePre...'
Source,../repos/CMake/Source/cmCMakePresetsGraphReadJSONWorkflowPresets.cxx,"(85, 1)-(95, 2)",b'namespace cmCMakePresetsGraphInternal {\nbool ...'
Source,../repos/CMake/Source/cmGlobalVisualStudio7Generator.cxx,"(61, 1)-(67, 2)",b'namespace {\nstd::string GetSLNFile(cmLocalGen...'
Source,../repos/CMake/Source/cmTargetLinkOptionsCommand.cxx,"(13, 1)-(44, 2)",b'namespace {\n\nclass TargetLinkOptionsImpl : pu...'
Source,../repos/CMake/Source/cmCMakePresetsErrors.h,"(15, 1)-(118, 2)",b'namespace cmCMakePresetsErrors {\nconst Json::...'
Source,../repos/CMake/Source/cmTargetIncludeDirectoriesCommand.cxx,"(16, 1)-(96, 2)",b'namespace {\n\nclass TargetIncludeDirectoriesIm...'
Source,../repos/CMake/Source/cmBinUtilsLinuxELFLinker.cxx,"(174, 1)-(183, 2)",b'namespace {\nbool FileHasArchitecture(const ch...'
Source,../repos/CMake/Source/cmQtAutoRcc.cxx,"(21, 1)-(560, 2)",b'namespace {\n\n/** \\class cmQtAutoRccT\n * \\brie...'
Source,../repos/CMake/Source/cmCustomCommandGenerator.cxx,"(29, 1)-(160, 2)",b'namespace {\nstd::string EvaluateSplitConfigGe...'
Source,../repos/CMake/Source/cmCMakePresetsGraphReadJSONBuildPresets.cxx,"(22, 1)-(101, 2)",b'namespace {\nusing BuildPreset = cmCMakePreset...'
Source,../repos/CMake/Source/cmCMakePresetsGraphReadJSONBuildPresets.cxx,"(103, 1)-(112, 2)",b'namespace cmCMakePresetsGraphInternal {\nbool ...'
Source,../repos/CMake/Source/cmInstallImportedRuntimeArtifactsGenerator.cxx,"(21, 1)-(30, 2)",b'namespace {\nconst cmsys::RegularExpression Fr...'
Source,../repos/CMake/Source/cmIncludeGuardCommand.cxx,"(14, 1)-(46, 2)",b'namespace {\n\nenum IncludeGuardScope\n{\n  VARIA...'
Source,../repos/CMake/Source/cmComputeLinkInformation.cxx,"(449, 1)-(451, 2)",b'namespace {\nconst std::string& DEFAULT = cmCo...'
Source,../repos/CMake/Source/cmComputeLinkInformation.cxx,"(701, 1)-(758, 2)",b'namespace {\nvoid FinalizeFeatureFormat(std::s...'
Source,../repos/CMake/Source/cmTryCompileCommand.cxx,"(19, 1)-(34, 2)",b'namespace {\n#ifndef CMAKE_BOOTSTRAP\nvoid Writ...'
Source,../repos/CMake/Source/cmDebuggerPosixPipeConnection.cxx,"(14, 1)-(205, 2)",b'namespace cmDebugger {\n\n#ifndef _WIN32\n\ncmDeb...'
Source,../repos/CMake/Source/cmCMakePath.h,"(16, 1)-(18, 2)",b'namespace cm {\nclass static_string_view;\n}'
Source,../repos/CMake/Source/cmCMakePath.h,"(20, 1)-(82, 2)",b'namespace detail {\n#if defined(__SUNPRO_CC) &...'
Source,../repos/CMake/Source/cmFileAPICodemodel.cxx,"(64, 1)-(343, 2)",b'namespace {\n\nusing TargetIndexMapType =\n  std...'
Source,../repos/CMake/Source/cmFileAPICodemodel.cxx,"(345, 1)-(389, 2)",b'namespace std {\n\ntemplate <>\nstruct hash<Comp...'
Source,../repos/CMake/Source/cmFileAPICodemodel.cxx,"(391, 1)-(2129, 2)",b'namespace {\nclass DirectoryObject\n{\n  cmLocal...'
Source,../repos/CMake/Source/cmDebuggerAdapter.h,"(24, 1)-(31, 2)",b'namespace cmDebugger {\nclass Semaphore;\nclass...'
Source,../repos/CMake/Source/cmDebuggerAdapter.h,"(33, 1)-(35, 2)",b'namespace dap {\nclass Session;\n}'
Source,../repos/CMake/Source/cmDebuggerAdapter.h,"(37, 1)-(93, 2)",b'namespace cmDebugger {\n\nclass cmDebuggerConne...'
Source,../repos/CMake/Source/cmUVHandlePtr.cxx,"(15, 1)-(346, 2)",b'namespace cm {\n\ntemplate <typename T>\nstruct ...'
Source,../repos/CMake/Source/cmUVHandlePtr.cxx,"(313, 1)-(333, 2)",b'namespace {\nstruct write_req : public uv_writ...'
Source,../repos/CMake/Source/cmArgumentParser.cxx,"(12, 1)-(204, 2)",b'namespace ArgumentParser {\n\nauto KeywordActio...'
Source,../repos/CMake/Source/cmExecProgramCommand.cxx,"(17, 1)-(21, 2)",b'namespace {\nbool RunCommand(std::string comma...'
Source,../repos/CMake/Source/cmExecProgramCommand.cxx,"(124, 1)-(290, 2)",b'namespace {\nbool RunCommand(std::string comma...'
Source,../repos/CMake/Source/ctest.cxx,"(20, 1)-(161, 2)",b'namespace {\nconst cmDocumentationEntry cmDocu...'
Source,../repos/CMake/Source/cmDebuggerVariablesHelper.cxx,"(31, 1)-(639, 2)",b'namespace cmDebugger {\n\nstd::shared_ptr<cmDeb...'
Source,../repos/CMake/Source/cmParseArgumentsCommand.cxx,"(23, 1)-(73, 2)",b'namespace {\n\nstd::string EscapeArg(const std:...'
Source,../repos/CMake/Source/cmSetPropertyCommand.cxx,"(28, 1)-(84, 2)",b'namespace {\nbool HandleGlobalMode(cmExecution...'
Source,../repos/CMake/Source/cmSetPropertyCommand.cxx,"(86, 1)-(363, 2)",b'namespace SetPropertyCommand {\nbool HandleSou...'
Source,../repos/CMake/Source/cmSetPropertyCommand.cxx,"(531, 1)-(872, 2)",b'namespace /* anonymous */ {\nbool HandleGlobal...'
Source,../repos/CMake/Source/cmCMakePresetsGraphInternal.h,"(22, 1)-(42, 2)",b'namespace cmCMakePresetsGraphInternal {\nenum ...'
Source,../repos/CMake/Source/cmCMakePresetsGraphInternal.h,"(55, 1)-(185, 2)",b'namespace cmCMakePresetsGraphInternal {\n\nclas...'
Source,../repos/CMake/Source/cmFileAPIToolchains.cxx,"(20, 1)-(144, 2)",b'namespace {\n\nstruct ToolchainVariable\n{\n  std...'
Source,../repos/CMake/Source/cmFindPackageCommand.h,"(27, 1)-(29, 2)",b'namespace std {\n  template <class T> struct h...'
Source,../repos/CMake/Source/cmFindPackageCommand.h,"(253, 1)-(267, 2)",b'namespace std {\n\ntemplate <>\nstruct hash<cmFi...'
Source,../repos/CMake/Source/cmList.cxx,"(61, 1)-(80, 2)",b'namespace {\nclass MatchesRegex\n{\npublic:\n  Ma...'
Source,../repos/CMake/Source/cmList.cxx,"(98, 1)-(174, 2)",b'namespace {\nclass StringSorter\n{\nprotected:\n ...'
Source,../repos/CMake/Source/cmList.cxx,"(204, 1)-(644, 2)",b'namespace {\nusing transform_type = std::funct...'
Source,../repos/CMake/Source/cmCMakePresetsErrors.cxx,"(17, 1)-(310, 2)",b'namespace cmCMakePresetsErrors {\nconst Json::...'
Source,../repos/CMake/Source/cmCMakeHostSystemInformationCommand.cxx,"(40, 1)-(653, 2)",b'namespace {\nstd::string const DELIM[2] = { {}...'
Source,../repos/CMake/Source/cmFileAPICommand.cxx,"(23, 1)-(153, 2)",b'namespace {\n\nbool isCharDigit(char ch)\n{\n  re...'
Source,../repos/CMake/Source/cmCMakePresetsGraphReadJSONPackagePresets.cxx,"(20, 1)-(80, 2)",b'namespace {\nusing PackagePreset = cmCMakePres...'
Source,../repos/CMake/Source/cmCMakePresetsGraphReadJSONPackagePresets.cxx,"(82, 1)-(91, 2)",b'namespace cmCMakePresetsGraphInternal {\nbool ...'
Source,../repos/CMake/Source/cmDebuggerSourceBreakpoint.cxx,"(5, 1)-(14, 2)",b'namespace cmDebugger {\n\ncmDebuggerSourceBreak...'
Source,../repos/CMake/Source/cmDebuggerThreadManager.h,"(15, 1)-(17, 2)",b'namespace cmDebugger {\nclass cmDebuggerThread;\n}'
Source,../repos/CMake/Source/cmDebuggerThreadManager.h,"(19, 1)-(21, 2)",b'namespace dap {\nstruct StackTraceResponse;\n}'
Source,../repos/CMake/Source/cmDebuggerThreadManager.h,"(23, 1)-(38, 2)",b'namespace cmDebugger {\n\nclass cmDebuggerThrea...'
Source,../repos/CMake/Source/cmVSSetupHelper.cxx,"(56, 1)-(82, 2)",b'namespace {\nconst WCHAR* Win10SDKComponent =\n...'
Source,../repos/CMake/Source/cmVSSetupHelper.cxx,"(306, 1)-(322, 2)",b'namespace {\nstd::string FindVsWhereCommand()\n...'
Source,../repos/CMake/Source/cmExportFileGenerator.cxx,"(1396, 1)-(1408, 2)",b'namespace {\nbool PropertyTypeIsForPaths(Prope...'
Source,../repos/CMake/Source/cmMessenger.h,"(17, 1)-(19, 2)",b'namespace cmDebugger {\nclass cmDebuggerAdapter;\n}'
Source,../repos/CMake/Source/cmPlistParser.h,"(9, 1)-(11, 2)",b'namespace Json {\nclass Value;\n}'
Source,../repos/CMake/Source/cmDebuggerVariablesManager.cxx,"(11, 1)-(38, 2)",b'namespace cmDebugger {\n\nvoid cmDebuggerVariab...'
Source,../repos/CMake/Source/cmTarget.cxx,"(169, 1)-(635, 2)",b'namespace {\nstruct FileSetEntries\n{\n  FileSet...'
Source,../repos/CMake/Source/cmTarget.cxx,"(1967, 1)-(2008, 2)",b'namespace {\n#define MAKE_PROP(PROP) const std...'
Source,../repos/CMake/Source/cmTarget.cxx,"(2409, 1)-(2440, 2)",b'namespace {\nbool CheckLinkLibraryPattern(Usag...'
Source,../repos/CMake/Source/cmTarget.cxx,"(2540, 1)-(2613, 2)",b'namespace {\nvoid CheckLINK_INTERFACE_LIBRARIE...'
Source,../repos/CMake/Source/cmGlobalGenerator.cxx,"(77, 1)-(92, 2)",b'namespace detail {\nstd::string GeneratedMakeC...'
Source,../repos/CMake/Source/cmTargetSourcesCommand.cxx,"(26, 1)-(332, 2)",b'namespace {\n\nstruct FileSetArgs\n{\n  std::stri...'
Source,../repos/CMake/Source/cmRange.h,"(11, 1)-(125, 2)",b'namespace RangeIterators {\n\ntemplate <typenam...'
Source,../repos/CMake/Source/cmCxxModuleMapper.cxx,"(75, 1)-(245, 2)",b'namespace {\n\nstruct TransitiveUsage\n{\n  Trans...'
Source,../repos/CMake/Source/cmDebuggerBreakpointManager.h,"(21, 1)-(23, 2)",b'namespace dap {\nclass Session;\n}'
Source,../repos/CMake/Source/cmDebuggerBreakpointManager.h,"(25, 1)-(61, 2)",b'namespace cmDebugger {\n\nstruct cmDebuggerFunc...'
Source,../repos/CMake/Source/cmVisualStudioSlnParser.cxx,"(19, 1)-(27, 2)",b'namespace {\nenum LineFormat\n{\n  LineMultiValu...'
Source,../repos/CMake/Source/CTest/cmCTestMultiProcessHandler.cxx,"(46, 1)-(48, 2)",b'namespace cmsys {\nclass RegularExpression;\n}'
Source,../repos/CMake/Source/CTest/cmCTestTestHandler.cxx,"(57, 1)-(277, 2)",b'namespace {\n\nclass cmCTestCommand\n{\npublic:\n ...'
Source,../repos/CMake/Source/CTest/cmCTestBinPacker.cxx,"(21, 1)-(187, 2)",b'namespace {\n\n/*\n * The following algorithm is...'
Source,../repos/CMake/Source/CTest/cmCTestHandlerCommand.cxx,"(23, 1)-(73, 2)",b'namespace {\n// class to save and restore the ...'
Source,../repos/CMake/Source/CTest/cmCTestCoverageHandler.cxx,"(1709, 1)-(1725, 2)",b'namespace {\nconst char* bullseyeHelp[] = {\n  ...'
Source,../repos/CMake/Source/CTest/cmCTestGenericHandler.cxx,"(24, 1)-(43, 2)","b'namespace {\n/* Modify the given `map`, settin...'"
Source,../repos/CMake/Source/CTest/cmCTestResourceSpec.cxx,"(19, 1)-(113, 2)",b'namespace {\nusing JSONHelperBuilder = cmJSONH...'
Source,../repos/CMake/Source/CTest/cmUVJobServerClient.cxx,"(152, 1)-(462, 2)",b'namespace {\nclass ImplPosix : public cmUVJobS...'
Source,../repos/CMake/Source/CTest/cmCTestResourceSpec.h,"(13, 1)-(15, 2)",b'namespace Json {\nclass Value;\n}'
Source,../repos/CMake/Source/CTest/cmCTestResourceSpec.h,"(48, 1)-(81, 2)",b'namespace cmCTestResourceSpecErrors {\nconst a...'
Source,../repos/CMake/Source/CTest/cmCTestCurl.cxx,"(44, 1)-(60, 2)",b'namespace {\nsize_t curlWriteMemoryCallback(vo...'
Source,../repos/CMake/Source/CTest/cmCTestTypes.h,"(8, 1)-(16, 2)",b'namespace cmCTestTypes {\n\nenum class Truncati...'
Source,../repos/CMake/Source/CTest/cmCTestLaunch.h,"(12, 1)-(14, 2)",b'namespace cmsys {\nclass RegularExpression;\n}'
Source,../repos/CMake/Source/cmAffinity.cxx,"(31, 1)-(65, 2)",b'namespace cmAffinity {\n\nstd::set<size_t> GetP...'
Source,../repos/CMake/Source/cmInstallGetRuntimeDependenciesGenerator.cxx,"(25, 1)-(73, 2)","b'namespace {\ntemplate <typename T, typename F>...'"
Source,../repos/CMake/Source/cmDebuggerAdapter.cxx,"(38, 1)-(468, 2)",b'namespace cmDebugger {\n\n// Event provides a b...'
Source,../repos/CMake/Source/cmake.cxx,"(146, 1)-(261, 2)",b'namespace {\n\n#if !defined(CMAKE_BOOTSTRAP)\nus...'
Source,../repos/CMake/Source/cmake.cxx,"(918, 1)-(929, 2)","b'namespace {\nenum class ListPresets\n{\n  None,\n...'"
Source,../repos/CMake/Source/cmake.cxx,"(1641, 1)-(1657, 2)",b'namespace {\nusing LevelsPair = std::pair<cm::...'
Source,../repos/CMake/Source/cmFindPackageCommand.cxx,"(58, 1)-(457, 2)",b'namespace {\n\ntemplate <template <typename> cl...'
Source,../repos/CMake/Source/cmDebuggerVariablesManager.h,"(14, 1)-(35, 2)",b'namespace cmDebugger {\n\nclass cmDebuggerVaria...'
Source,../repos/CMake/Source/cmGeneratorExpressionNode.cxx,"(615, 1)-(710, 2)",b'namespace {\ntemplate <typename Container>\ncla...'
Source,../repos/CMake/Source/cmGeneratorExpressionNode.cxx,"(1156, 1)-(1224, 2)",b'namespace {\ninline bool CheckListParametersEx...'
Source,../repos/CMake/Source/cmGeneratorExpressionNode.cxx,"(2392, 1)-(2425, 2)",b'namespace {\nstruct LinkerId\n{\n  static std::s...'
Source,../repos/CMake/Source/cmExportBuildFileGenerator.cxx,"(418, 1)-(424, 2)",b'namespace {\nbool EntryIsContextSensitive(\n  c...'
Source,../repos/CMake/Source/cmMakefileProfilingData.h,"(13, 1)-(15, 2)",b'namespace Json {\nclass StreamWriter;\n}'
Source,../repos/CMake/Source/cmFindLibraryCommand.cxx,"(276, 1)-(303, 2)",b'namespace {\n\nstd::string const& get_prefixes(...'
Source,../repos/CMake/Source/cmMessageCommand.cxx,"(27, 1)-(91, 2)",b'namespace {\n\nenum class CheckingType\n{\n  UNDE...'
Source,../repos/CMake/Source/cmMessageCommand.cxx,"(74, 1)-(89, 2)",b'namespace {\n#ifndef CMAKE_BOOTSTRAP\nvoid Writ...'
Source,../repos/CMake/Source/QtDialog/CMakeSetup.cxx,"(25, 1)-(45, 2)",b'namespace {\nconst cmDocumentationEntry cmDocu...'
Source,../repos/CMake/Source/QtDialog/QCMakeWidgets.cxx,"(164, 1)-(191, 2)",b'namespace QtCMake {\nbool setSearchFilter(QSor...'
Source,../repos/CMake/Source/QtDialog/QCMakeWidgets.h,"(81, 1)-(86, 2)",b'namespace QtCMake {\nbool setSearchFilter(QSor...'
Source,../repos/CMake/Source/QtDialog/CMakeSetupDialog.cxx,"(61, 1)-(65, 2)",b'namespace {\nconst QString PRESETS_DISABLED_TO...'
Source,../repos/CMake/Source/QtDialog/QCMake.cxx,"(381, 1)-(427, 2)",b'namespace {\ntemplate <typename T>\nQCMakePrope...'
Source,../repos/CMake/Source/cmTryRunCommand.cxx,"(28, 1)-(549, 2)",b'namespace {\nstruct cmTryRunResult\n{\n  bool Va...'
Source,../repos/CMake/Source/cmVisualStudio10TargetGenerator.cxx,"(4926, 1)-(4991, 2)",b'namespace {\nstd::string ComputeCertificateThu...'
Source,../repos/CMake/Source/cmDyndepCollation.cxx,"(40, 1)-(280, 2)",b'namespace {\n\nJson::Value CollationInformation...'
Source,../repos/CMake/Source/cmConfigureLog.h,"(14, 1)-(16, 2)",b'namespace Json {\nclass StreamWriter;\n}'
Source,../repos/CMake/Source/cmFileAPICache.cxx,"(17, 1)-(102, 2)",b'namespace {\n\nclass Cache\n{\n  cmFileAPI& FileA...'
Source,../repos/CMake/Source/cmTargetCompileOptionsCommand.cxx,"(14, 1)-(52, 2)",b'namespace {\n\nclass TargetCompileOptionsImpl :...'
Source,../repos/CMake/Source/cmForEachCommand.cxx,"(36, 1)-(399, 2)",b'namespace {\nclass cmForEachFunctionBlocker : ...'
Source,../repos/CMake/Source/cmInstallRuntimeDependencySet.cxx,"(54, 1)-(79, 2)",b'namespace {\nconst std::set<const cmGeneratorT...'
Source,../repos/CMake/Source/cmDebuggerProtocol.cxx,"(8, 1)-(80, 2)",b'namespace dap {\nDAP_IMPLEMENT_STRUCT_TYPEINFO...'
Source,../repos/CMake/Source/cmComputeLinkDepends.cxx,"(188, 1)-(426, 2)",b'namespace {\n// LINK_LIBRARY helpers\nbool IsFe...'
Source,../repos/CMake/Source/cmDebuggerExceptionManager.h,"(18, 1)-(21, 2)",b'namespace dap {\nclass Session;\nstruct CMakeIn...'
Source,../repos/CMake/Source/cmDebuggerExceptionManager.h,"(23, 1)-(69, 2)",b'namespace cmDebugger {\n\nstruct cmDebuggerExce...'
Source,../repos/CMake/Source/cmDocumentationFormatter.cxx,"(15, 1)-(32, 2)",b'namespace {\nconst char* skipSpaces(const char...'
Source,../repos/CMake/Source/cmGlobalGenerator.h,"(59, 1)-(93, 2)",b'namespace detail {\ninline void AppendStrs(std...'
Source,../repos/CMake/Source/cmJSONState.h,"(14, 1)-(16, 2)",b'namespace Json {\nclass Value;\n}'
Source,../repos/CMake/Source/cmCoreTryCompile.cxx,"(38, 1)-(232, 2)",b'namespace {\nconstexpr const char* unique_bina...'
Source,../repos/CMake/Source/cmLocalGenerator.h,"(726, 1)-(750, 2)",b'namespace detail {\nvoid AddCustomCommandToTar...'
Source,../repos/CMake/Source/cmArgumentParser.h,"(28, 1)-(239, 2)",b'namespace ArgumentParser {\n\nclass ParseResult...'
Source,../repos/CMake/Source/cmBlockCommand.cxx,"(25, 1)-(137, 2)",b'namespace {\nenum class ScopeType : std::uint8...'
Source,../repos/CMake/Source/cmGlobalNinjaGenerator.cxx,"(68, 1)-(79, 2)",b'namespace {\n#ifdef _WIN32\nbool DetectGCCOnWin...'
Source,../repos/CMake/Source/cmDyndepCollation.h,"(18, 1)-(20, 2)",b'namespace Json {\nclass Value;\n}'
Source,../repos/CMake/Source/cmDebuggerStackFrame.cxx,"(9, 1)-(28, 2)",b'namespace cmDebugger {\n\nstd::atomic<int64_t> ...'
Source,../repos/CMake/Source/cmDebuggerBreakpointManager.cxx,"(18, 1)-(210, 2)",b'namespace cmDebugger {\n\ncmDebuggerBreakpointM...'
Source,../repos/CMake/Source/cmLocalGenerator.cxx,"(3029, 1)-(3037, 2)",b'namespace {\n\ninline void RegisterUnitySources...'
Source,../repos/CMake/Source/cmLocalGenerator.cxx,"(3830, 1)-(3876, 2)",b'namespace {\nbool cmLocalGeneratorShortenObjec...'
Source,../repos/CMake/Source/cmLocalGenerator.cxx,"(3987, 1)-(4000, 2)",b'namespace {\nstd::string relativeIfUnder(std::...'
Source,../repos/CMake/Source/cmLocalGenerator.cxx,"(4325, 1)-(4508, 2)",b'namespace {\ncm::string_view CustomOutputRoleK...'
Source,../repos/CMake/Source/cmLocalGenerator.cxx,"(4510, 1)-(4657, 2)",b'namespace detail {\nvoid AddCustomCommandToTar...'
Source,../repos/CMake/Source/cmDebuggerVariables.h,"(17, 1)-(19, 2)",b'namespace cmDebugger {\nclass cmDebuggerVariab...'
Source,../repos/CMake/Source/cmDebuggerVariables.h,"(21, 1)-(23, 2)",b'namespace dap {\nstruct Variable;\n}'
Source,../repos/CMake/Source/cmDebuggerVariables.h,"(25, 1)-(124, 2)",b'namespace cmDebugger {\n\nstruct cmDebuggerVari...'
Source,../repos/CMake/Source/cmDebuggerVariables.cxx,"(15, 1)-(134, 2)",b'namespace cmDebugger {\n\nnamespace {\nconst dap...'
Source,../repos/CMake/Source/cmDebuggerVariables.cxx,"(17, 1)-(26, 2)",b'namespace {\nconst dap::VariablePresentationHi...'
Source,../repos/CMake/Source/cmXCOFF.cxx,"(60, 1)-(286, 2)",b'namespace {\n\nstruct XCOFF32\n{\n  using filehdr...'
Source,../repos/CMake/Source/cmDebuggerThread.h,"(20, 1)-(24, 2)",b'namespace cmDebugger {\nclass cmDebuggerStackF...'
Source,../repos/CMake/Source/cmDebuggerThread.h,"(26, 1)-(59, 2)",b'namespace cmDebugger {\n\nclass cmDebuggerThrea...'
Source,../repos/CMake/Source/cmFileAPIConfigureLog.cxx,"(11, 1)-(61, 2)",b'namespace {\n\nclass ConfigureLog\n{\n  cmFileAPI...'
Source,../repos/CMake/Source/cmStateTypes.h,"(10, 1)-(13, 2)",b'namespace cmStateDetail {\nstruct SnapshotData...'
Source,../repos/CMake/Source/cmStateTypes.h,"(15, 1)-(62, 2)",b'namespace cmStateEnums {\n\nenum SnapshotType\n{...'
Source,../repos/CMake/Source/cmStateTypes.h,"(64, 1)-(73, 2)",b'namespace cmTraceEnums {\n\n/** \\brief Define s...'
Source,../repos/CMake/Source/cmVariableWatchCommand.cxx,"(21, 1)-(121, 2)",b'namespace {\nstruct cmVariableWatchCallbackDat...'
Source,../repos/CMake/Source/cmUseMangledMesaCommand.cxx,"(12, 1)-(15, 2)",b'namespace {\nvoid CopyAndFullPathMesaHeader(co...'
Source,../repos/CMake/Source/cmUseMangledMesaCommand.cxx,"(50, 1)-(103, 2)",b'namespace {\nvoid CopyAndFullPathMesaHeader(co...'
Source,../repos/CMake/Source/cmOutputConverter.cxx,"(22, 1)-(28, 2)",b'namespace {\nbool PathEqOrSubDir(std::string c...'
Source,../repos/CMake/Source/cmTestGenerator.cxx,"(31, 1)-(75, 2)",b'namespace /* anonymous */\n{\n\nbool needToQuote...'
Source,../repos/CMake/Source/cmInstallCommand.cxx,"(57, 1)-(2497, 2)",b'namespace {\n\nstruct RuntimeDependenciesArgs\n{...'
Source,../repos/CMake/Source/cmQtAutoMocUic.cxx,"(43, 1)-(3111, 2)",b'namespace {\n\nconstexpr std::size_t MocUndersc...'
Source,../repos/CMake/Source/cmSourceGroupCommand.cxx,"(21, 1)-(176, 2)",b'namespace {\n\nusing ParsedArguments = std::map...'
