Repo name,File name,Location,Content
Source,../repos/CMake/Source/cmFileAPI.cxx,"(72, 34)-(78, 4)",b'[&versions](Query const& q) {\n    for (Object...'
Source,../repos/CMake/Source/cmExecuteProcessCommand.cxx,"(286, 7)-(289, 8)",b'[](uv_timer_t* handle) {\n        auto* timeou...'
Source,../repos/CMake/Source/cmExecuteProcessCommand.cxx,"(312, 7)-(325, 8)","b'[&arguments, &processOutput, &outputData,\n   ...'"
Source,../repos/CMake/Source/cmExecuteProcessCommand.cxx,"(326, 7)-(326, 54)",b'[&outputData]() { outputData.Finished = true; }'
Source,../repos/CMake/Source/cmExecuteProcessCommand.cxx,"(337, 7)-(349, 8)","b'[&arguments, &processOutput, &errorData,\n    ...'"
Source,../repos/CMake/Source/cmExecuteProcessCommand.cxx,"(350, 7)-(350, 52)",b'[&errorData]() { errorData.Finished = true; }'
Source,../repos/CMake/Source/cmExecuteProcessCommand.cxx,"(434, 36)-(445, 4)",b'[&chain](std::size_t index) -> std::string {\n...'
Source,../repos/CMake/Source/cmGeneratorTarget.cxx,"(886, 26)-(888, 8)",b'[&](const std::string& item) {\n        return...'
Source,../repos/CMake/Source/cmGeneratorTarget.cxx,"(4070, 24)-(4072, 25)",b'[&wrapperFlag](std::string const& o) -> std::...'
Source,../repos/CMake/Source/cmGeneratorTarget.cxx,"(4503, 31)-(4512, 8)","b'[](const std::string& str,\n                  ...'"
Source,../repos/CMake/Source/cmGeneratorTarget.cxx,"(4699, 45)-(4701, 10)",b'[](const BT<std::string>& item) {\n          r...'
Source,../repos/CMake/Source/cmGeneratorTarget.cxx,"(4761, 32)-(4764, 33)",b'[&LINKER](BT<std::string> const& item) -> boo...'
Source,../repos/CMake/Source/cmGeneratorTarget.cxx,"(4784, 22)-(4786, 23)",b'[&SHELL](const std::string& item) -> bool {\n ...'
Source,../repos/CMake/Source/cmGeneratorTarget.cxx,"(8386, 20)-(8388, 21)",b'[this](cmLinkImplItem const& item) {\n        ...'
Source,../repos/CMake/Source/cmGeneratorTarget.cxx,"(9022, 7)-(9024, 8)",b'[](const std::unique_ptr<cmCompiledGeneratorE...'
Source,../repos/CMake/Source/cmGeneratorTarget.cxx,"(9234, 37)-(9236, 6)",b'[](BT<cmSourceFile*> const& sf) -> bool {\n   ...'
Source,../repos/CMake/Source/cmGeneratorTarget.cxx,"(9242, 19)-(9244, 20)",b'[&config](cmGeneratorTarget const* tgt) -> bo...'
Source,../repos/CMake/Source/cmGeneratorTarget.cxx,"(9253, 37)-(9255, 6)",b'[](AllConfigSource const& sf) -> bool {\n     ...'
Source,../repos/CMake/Source/cmGeneratorTarget.cxx,"(9265, 21)-(9267, 22)",b'[&config](cmGeneratorTarget const* tgt) -> bo...'
Source,../repos/CMake/Source/cmGeneratorTarget.cxx,"(9281, 5)-(9297, 6)","b'[this, errorMessage](std::string const& name)...'"
Source,../repos/CMake/Source/cmDebuggerExceptionManager.cxx,"(23, 5)-(25, 6)",b'[&](const dap::SetExceptionBreakpointsRequest...'
Source,../repos/CMake/Source/cmDebuggerExceptionManager.cxx,"(28, 31)-(31, 4)",b'[&](const dap::ExceptionInfoRequest& request)...'
Source,../repos/CMake/Source/cmInstallTargetGenerator.cxx,"(56, 18)-(60, 4)",b'[&GNUToMS](std::string const& file) {\n    if ...'
Source,../repos/CMake/Source/cmInstallTargetGenerator.cxx,"(169, 14)-(172, 15)","b'[this](std::ostream& o, Indent i, const std::...'"
Source,../repos/CMake/Source/cmInstallTargetGenerator.cxx,"(193, 14)-(196, 15)","b'[this](std::ostream& o, Indent i, const std::...'"
Source,../repos/CMake/Source/cmInstallTargetGenerator.cxx,"(336, 22)-(343, 8)","b'[this, &config, &files,\n                     ...'"
Source,../repos/CMake/Source/cmInstallTargetGenerator.cxx,"(756, 24)-(758, 25)",b'[&runpath_change](const std::string& runpath)...'
Source,../repos/CMake/Source/cmCMakePresetsGraphReadJSONConfigurePresets.cxx,"(69, 10)-(90, 4)","b'[valueField, strategyField,\n          objectH...'"
Source,../repos/CMake/Source/cmFindCommon.cxx,"(265, 40)-(269, 4)","b'[](std::string const& l,\n                    ...'"
Source,../repos/CMake/Source/cmJSONHelpers.h,"(81, 9)-(82, 62)","b'[func, member](T& out, const Json::Value* val...'"
Source,../repos/CMake/Source/cmJSONHelpers.h,"(91, 9)-(95, 10)","b'[func](T& /*out*/, const Json::Value* value,\n...'"
Source,../repos/CMake/Source/cmJSONHelpers.h,"(184, 12)-(197, 6)","b'[error, defval](std::string& out, const Json:...'"
Source,../repos/CMake/Source/cmJSONHelpers.h,"(209, 12)-(222, 6)","b'[error, defval](int& out, const Json::Value* ...'"
Source,../repos/CMake/Source/cmJSONHelpers.h,"(234, 12)-(247, 6)","b'[error, defval](unsigned int& out, const Json...'"
Source,../repos/CMake/Source/cmJSONHelpers.h,"(259, 12)-(272, 6)","b'[error, defval](bool& out, const Json::Value*...'"
Source,../repos/CMake/Source/cmJSONHelpers.h,"(284, 12)-(311, 6)","b'[error, func, filter](std::vector<T>& out, co...'"
Source,../repos/CMake/Source/cmJSONHelpers.h,"(319, 31)-(319, 60)",b'[](const T&) { return true; }'
Source,../repos/CMake/Source/cmJSONHelpers.h,"(326, 12)-(354, 6)","b'[error, func, filter](std::map<std::string, T...'"
Source,../repos/CMake/Source/cmJSONHelpers.h,"(362, 28)-(362, 67)",b'[](const std::string&) { return true; }'
Source,../repos/CMake/Source/cmJSONHelpers.h,"(368, 12)-(376, 6)","b'[func](cm::optional<T>& out, const Json::Valu...'"
Source,../repos/CMake/Source/cmJSONHelpers.h,"(383, 12)-(391, 6)","b'[error, func](T& out, const Json::Value* valu...'"
Source,../repos/CMake/Source/cmCMakePresetsGraphReadJSON.cxx,"(367, 10)-(379, 4)","b'[error](std::nullptr_t& /*out*/, const Json::...'"
Source,../repos/CMake/Source/cmCMakePresetsGraphReadJSON.cxx,"(421, 10)-(423, 4)","b'[](std::nullptr_t&, const Json::Value*, cmJSO...'"
Source,../repos/CMake/Source/cmCMakePresetsGraphReadJSON.cxx,"(692, 28)-(707, 4)","b'[this, &inProgressFiles,\n                    ...'"
Source,../repos/CMake/Source/cmCMakePresetsGraphReadJSON.cxx,"(712, 5)-(726, 4)","b'[](const std::string& macroNamespace, const s...'"
Source,../repos/CMake/Source/cmTimestamp.cxx,"(298, 27)-(308, 4)",b'[]() -> T {\n    auto handle =\n      LoadLibra...'
Source,../repos/CMake/Source/cmCMakePathCommand.cxx,"(130, 16)-(132, 17)","b'[](const cmCMakePath& path, bool) -> cmCMakeP...'"
Source,../repos/CMake/Source/cmCMakePathCommand.cxx,"(134, 16)-(136, 17)","b'[](const cmCMakePath& path, bool) -> cmCMakeP...'"
Source,../repos/CMake/Source/cmCMakePathCommand.cxx,"(138, 16)-(140, 17)","b'[](const cmCMakePath& path, bool) -> cmCMakeP...'"
Source,../repos/CMake/Source/cmCMakePathCommand.cxx,"(142, 16)-(144, 17)","b'[](const cmCMakePath& path, bool) -> cmCMakeP...'"
Source,../repos/CMake/Source/cmCMakePathCommand.cxx,"(146, 16)-(151, 17)","b'[](const cmCMakePath& path, bool last_only) -...'"
Source,../repos/CMake/Source/cmCMakePathCommand.cxx,"(153, 16)-(158, 17)","b'[](const cmCMakePath& path, bool last_only) -...'"
Source,../repos/CMake/Source/cmCMakePathCommand.cxx,"(160, 16)-(162, 17)","b'[](const cmCMakePath& path, bool) -> cmCMakeP...'"
Source,../repos/CMake/Source/cmCMakePathCommand.cxx,"(164, 16)-(166, 17)","b'[](const cmCMakePath& path, bool) -> cmCMakeP...'"
Source,../repos/CMake/Source/cmCMakePathCommand.cxx,"(539, 5)-(541, 6)","b'[](const cmCMakePath& path, const std::string...'"
Source,../repos/CMake/Source/cmCMakePathCommand.cxx,"(549, 5)-(551, 6)","b'[](const cmCMakePath& path, const std::string...'"
Source,../repos/CMake/Source/cmCMakePathCommand.cxx,"(670, 7)-(672, 8)","b'[](const cmCMakePath& path1, const cmCMakePat...'"
Source,../repos/CMake/Source/cmCMakePathCommand.cxx,"(674, 7)-(676, 8)","b'[](const cmCMakePath& path1, const cmCMakePat...'"
Source,../repos/CMake/Source/cmCMakePathCommand.cxx,"(733, 5)-(733, 71)",b'[](const cmCMakePath& path) -> bool { return ...'
Source,../repos/CMake/Source/cmCMakePathCommand.cxx,"(741, 5)-(741, 76)",b'[](const cmCMakePath& path) -> bool { return ...'
Source,../repos/CMake/Source/cmCMakePathCommand.cxx,"(749, 5)-(749, 71)",b'[](const cmCMakePath& path) -> bool { return ...'
Source,../repos/CMake/Source/cmCMakePathCommand.cxx,"(757, 5)-(757, 71)",b'[](const cmCMakePath& path) -> bool { return ...'
Source,../repos/CMake/Source/cmCMakePathCommand.cxx,"(765, 5)-(765, 72)",b'[](const cmCMakePath& path) -> bool { return ...'
Source,../repos/CMake/Source/cmCMakePathCommand.cxx,"(773, 5)-(773, 67)",b'[](const cmCMakePath& path) -> bool { return ...'
Source,../repos/CMake/Source/cmCMakePathCommand.cxx,"(781, 5)-(781, 75)",b'[](const cmCMakePath& path) -> bool { return ...'
Source,../repos/CMake/Source/cmCMakePathCommand.cxx,"(789, 5)-(789, 73)",b'[](const cmCMakePath& path) -> bool { return ...'
Source,../repos/CMake/Source/cmCMakePresetsGraph.cxx,"(195, 5)-(195, 76)",b'[&str](const char* prefix) -> bool { return c...'
Source,../repos/CMake/Source/cmCMakePresetsGraph.cxx,"(202, 5)-(202, 65)",b'[&str](const char* prefix) -> bool { return s...'
Source,../repos/CMake/Source/cmCMakePresetsGraph.cxx,"(365, 5)-(421, 4)","b'[&graph, &preset](const std::string& macroNam...'"
Source,../repos/CMake/Source/cmCMakePresetsGraph.cxx,"(424, 5)-(452, 4)","b'[&macroExpanders, &out, &envCycles](\n      co...'"
Source,../repos/CMake/Source/cmCMakePresetsGraph.cxx,"(1273, 22)-(1276, 23)","b'[](const cmCMakePresetsGraph::Preset* a,\n    ...'"
Source,../repos/CMake/Source/cmCMakePresetsGraph.cxx,"(1295, 28)-(1295, 71)",b'[](const ConfigurePreset&) { return true; }'
Source,../repos/CMake/Source/cmCMakePresetsGraph.cxx,"(1363, 32)-(1363, 73)",b'[](const PackagePreset&) { return true; }'
Source,../repos/CMake/Source/cmTransformDepfile.cxx,"(47, 5)-(49, 4)",b'[&lg](const std::string& path) -> std::string...'
Source,../repos/CMake/Source/cmTransformDepfile.cxx,"(52, 18)-(52, 77)",b'[](const std::string& path) -> std::string { ...'
Source,../repos/CMake/Source/cmListCommand.cxx,"(521, 18)-(523, 19)","b'[](const std::string& x, const std::string& y...'"
Source,../repos/CMake/Source/cmGeneratorExpressionEvaluator.cxx,"(120, 35)-(129, 10)",b'[&parameters]() -> Json::Value {\n          Js...'
Source,../repos/CMake/Source/cmcmd.cxx,"(365, 5)-(365, 78)",b'[](std::string const& opt) { return cmHasLite...'
Source,../repos/CMake/Source/cmFileLockPool.cxx,"(150, 22)-(152, 23)",b'[&filename](cmFileLock const& lock) -> bool {...'
Source,../repos/CMake/Source/cmLocalNinjaGenerator.cxx,"(489, 26)-(492, 27)",b'[](std::string const& arg) -> bool {\n        ...'
Source,../repos/CMake/Source/cmLocalNinjaGenerator.cxx,"(650, 37)-(652, 10)",b'[&jDeps](std::string const& dep) {\n          ...'
Source,../repos/CMake/Source/cmakemain.cxx,"(254, 7)-(263, 8)",b'[&wizard_mode](std::string const&) -> bool {\n...'
Source,../repos/CMake/Source/cmakemain.cxx,"(279, 22)-(284, 23)",b'[&](std::string const& value) -> bool {\n     ...'
Source,../repos/CMake/Source/cmakemain.cxx,"(286, 22)-(290, 23)",b'[&](std::string const&) -> bool {\n           ...'
Source,../repos/CMake/Source/cmakemain.cxx,"(292, 22)-(297, 23)",b'[&](std::string const& value) -> bool {\n     ...'
Source,../repos/CMake/Source/cmakemain.cxx,"(358, 5)-(360, 6)","b'[&cm](const std::string& msg, const cmMessage...'"
Source,../repos/CMake/Source/cmakemain.cxx,"(361, 26)-(363, 4)","b'[&cm](const std::string& msg, float prog) {\n ...'"
Source,../repos/CMake/Source/cmakemain.cxx,"(454, 18)-(460, 4)",b'[&](std::string const& value) -> bool {\n    j...'
Source,../repos/CMake/Source/cmakemain.cxx,"(461, 25)-(467, 4)",b'[&](std::string const& value) -> bool {\n    j...'
Source,../repos/CMake/Source/cmakemain.cxx,"(468, 23)-(482, 4)",b'[&](std::string const& value) -> bool {\n    i...'
Source,../repos/CMake/Source/cmakemain.cxx,"(483, 32)-(498, 4)",b'[&](std::string const& value) -> bool {\n    s...'
Source,../repos/CMake/Source/cmakemain.cxx,"(499, 24)-(502, 4)",b'[&](std::string const&) -> bool {\n    verbose...'
Source,../repos/CMake/Source/cmakemain.cxx,"(530, 22)-(530, 69)",b'[](std::string const&) -> bool { return true; }'
Source,../repos/CMake/Source/cmakemain.cxx,"(647, 5)-(649, 6)","b'[&cm](const std::string& msg, const cmMessage...'"
Source,../repos/CMake/Source/cmakemain.cxx,"(650, 26)-(652, 4)","b'[&cm](const std::string& msg, float prog) {\n ...'"
Source,../repos/CMake/Source/cmakemain.cxx,"(678, 25)-(683, 4)",b'[&parsedPermissions](const std::string& e) {\n...'
Source,../repos/CMake/Source/cmakemain.cxx,"(793, 24)-(796, 4)",b'[&](std::string const&) -> bool {\n    verbose...'
Source,../repos/CMake/Source/cmakemain.cxx,"(867, 5)-(869, 6)","b'[&cm](const std::string& msg, const cmMessage...'"
Source,../repos/CMake/Source/cmakemain.cxx,"(870, 26)-(872, 4)","b'[&cm](const std::string& msg, float prog) {\n ...'"
Source,../repos/CMake/Source/cmakemain.cxx,"(934, 22)-(937, 23)",b'[&listPresets](const std::string&) -> bool {\n...'
Source,../repos/CMake/Source/cmakemain.cxx,"(939, 22)-(942, 23)",b'[&fresh](const std::string&) -> bool {\n      ...'
Source,../repos/CMake/Source/cmakemain.cxx,"(988, 5)-(990, 6)","b'[&cm](const std::string& msg, const cmMessage...'"
Source,../repos/CMake/Source/cmakemain.cxx,"(991, 26)-(993, 4)","b'[&cm](const std::string& msg, float prog) {\n ...'"
Source,../repos/CMake/Source/cmakemain.cxx,"(1032, 5)-(1034, 6)","b'[&cm](const std::string& msg, const cmMessage...'"
Source,../repos/CMake/Source/cmakemain.cxx,"(1035, 26)-(1037, 4)","b'[&cm](const std::string& msg, float prog) {\n ...'"
Source,../repos/CMake/Source/cmDocumentation.cxx,"(247, 27)-(253, 4)","b'[=](const int nextIdx, std::string& target) -...'"
Source,../repos/CMake/Source/cmLoadCommandCommand.cxx,"(187, 9)-(189, 10)","b'[impl](cmLocalGenerator& lg, const cmListFile...'"
Source,../repos/CMake/Source/cmAlgorithms.h,"(154, 43)-(154, 78)",b'[&t](T const& i) { return i != t; }'
Source,../repos/CMake/Source/cmQtAutoGenInitializer.cxx,"(734, 7)-(742, 6)","b'[this, &sanitizer](std::string const& cfg) ->...'"
Source,../repos/CMake/Source/cmQtAutoGenInitializer.cxx,"(761, 20)-(771, 6)",b'[this](std::string const& cfg) -> std::set<st...'
Source,../repos/CMake/Source/cmQtAutoGenInitializer.cxx,"(816, 20)-(820, 6)",b'[this](std::string const& cfg) -> std::vector...'
Source,../repos/CMake/Source/cmQtAutoGenInitializer.cxx,"(860, 31)-(876, 6)",b'[this](CompilerFeaturesHandle& feature) {\n   ...'
Source,../repos/CMake/Source/cmQtAutoGenInitializer.cxx,"(894, 21)-(914, 4)","b'[this, &kw](cmSourceFile* sf, std::string con...'"
Source,../repos/CMake/Source/cmQtAutoGenInitializer.cxx,"(916, 22)-(929, 4)","b'[this](MUFileHandle&& muf, cm::string_view ex...'"
Source,../repos/CMake/Source/cmQtAutoGenInitializer.cxx,"(931, 22)-(936, 4)",b'[this](MUFileHandle&& muf) {\n    if ((muf->Mo...'
Source,../repos/CMake/Source/cmQtAutoGenInitializer.cxx,"(1290, 27)-(1295, 4)",b'[this]() -> bool {\n    auto const& gen = this...'
Source,../repos/CMake/Source/cmQtAutoGenInitializer.cxx,"(1784, 16)-(1786, 4)",b'[this](std::string const& key) {\n    return t...'
Source,../repos/CMake/Source/cmQtAutoGenInitializer.cxx,"(1813, 15)-(1815, 16)","b'[](MUFile const* a, MUFile const* b) {\n      ...'"
Source,../repos/CMake/Source/cmQtAutoGenInitializer.cxx,"(1837, 15)-(1839, 16)","b'[](MUFile const* a, MUFile const* b) {\n      ...'"
Source,../repos/CMake/Source/cmQtAutoGenInitializer.cxx,"(1877, 19)-(1886, 4)",b'[this](std::vector<size_t> const& configs) ->...'
Source,../repos/CMake/Source/cmQtAutoGenInitializer.cxx,"(1888, 22)-(1895, 23)","b'[this, &cfgArray](Json::Value& jval, MUFile c...'"
Source,../repos/CMake/Source/cmQtAutoGenInitializer.cxx,"(1897, 25)-(1902, 6)","b'[&cfgArray](Json::Value& jval, MUFile const* ...'"
Source,../repos/CMake/Source/cmQtAutoGenInitializer.cxx,"(1943, 7)-(1947, 8)","b'[](Json::Value& jval, std::pair<std::string, ...'"
Source,../repos/CMake/Source/cmQtAutoGenInitializer.cxx,"(1974, 24)-(1978, 25)","b'[](Json::Value& jval, UicT::UiFileT const& ui...'"
Source,../repos/CMake/Source/cmQtAutoGenInitializer.cxx,"(1992, 18)-(1994, 6)",b'[this](std::string const& key) {\n      return...'
Source,../repos/CMake/Source/cmQtAutoGenInitializer.cxx,"(2222, 17)-(2228, 4)",b'[](const char* const input) -> unsigned int {...'
Source,../repos/CMake/Source/cmQtAutoGenInitializer.cxx,"(2229, 18)-(2235, 4)",b'[](cmValue input) -> unsigned int {\n    unsig...'
Source,../repos/CMake/Source/cmQtAutoGenInitializer.cxx,"(2257, 23)-(2263, 6)","b'[&knownQtVersions, &toUInt2](cmValue major,\n ...'"
Source,../repos/CMake/Source/cmQtAutoGenInitializer.cxx,"(2358, 20)-(2361, 4)","b'[this, &genVars](std::string const& err) {\n  ...'"
Source,../repos/CMake/Source/CPack/cmCPackDebGenerator.cxx,"(682, 23)-(700, 4)","b'[this](const std::string& path,\n             ...'"
Source,../repos/CMake/Source/CPack/cpack.cxx,"(81, 5)-(83, 6)",b'[](const std::decay<decltype(generators)>::ty...'
Source,../repos/CMake/Source/CPack/cpack.cxx,"(142, 30)-(147, 4)","b'[&log](const std::string&, cmake*,\n          ...'"
Source,../repos/CMake/Source/CPack/cpack.cxx,"(149, 28)-(154, 4)","b'[&log](const std::string&, cmake*,\n          ...'"
Source,../repos/CMake/Source/CPack/cpack.cxx,"(156, 28)-(160, 4)","b'[](const std::string&, cmake* state,\n        ...'"
Source,../repos/CMake/Source/CPack/cpack.cxx,"(162, 34)-(167, 4)","b'[](const std::string&, cmake* state,\n        ...'"
Source,../repos/CMake/Source/CPack/cpack.cxx,"(211, 22)-(228, 23)","b'[&log, &definitions](const std::string& arg, ...'"
Source,../repos/CMake/Source/CPack/cpack.cxx,"(260, 7)-(266, 8)",b'[&generators](const cmCMakePresetsGraph::Pack...'
Source,../repos/CMake/Source/CPack/cpack.cxx,"(262, 28)-(265, 29)",b'[&generators](const std::string& gen) {\n     ...'
Source,../repos/CMake/Source/CPack/cmCPackGenerator.cxx,"(733, 26)-(735, 4)","b'[this](const std::string& msg, float prog) {\n...'"
Source,../repos/CMake/Source/CPack/cmCPackNuGetGenerator.cxx,"(83, 22)-(83, 77)",b'[](cmCPackComponent const* comp) { return com...'
Source,../repos/CMake/Source/CPack/cmCPackNuGetGenerator.cxx,"(114, 20)-(116, 21)","b'[](std::pair<std::string, cmCPackComponent> c...'"
Source,../repos/CMake/Source/cmDebuggerThreadManager.cxx,"(36, 21)-(38, 22)",b'[&](const std::shared_ptr<cmDebuggerThread>& ...'
Source,../repos/CMake/Source/cmSystemTools.cxx,"(610, 7)-(613, 8)",b'[](uv_timer_t* t) {\n        auto* timedOutPtr...'
Source,../repos/CMake/Source/cmSystemTools.cxx,"(629, 7)-(672, 6)","b'[&outputflag, &processOutput,\n       &chain](...'"
Source,../repos/CMake/Source/cmSystemTools.cxx,"(644, 9)-(661, 10)","b'[outputflag, &processOutput, captureStd, &tem...'"
Source,../repos/CMake/Source/cmSystemTools.cxx,"(662, 9)-(671, 10)","b'[&finished, outputflag, &processOutput, id, o...'"
Source,../repos/CMake/Source/cmSystemTools.cxx,"(1683, 21)-(1697, 4)","b'[this](const std::string& name,\n             ...'"
Source,../repos/CMake/Source/cmSystemTools.cxx,"(1733, 22)-(1733, 72)",b'[&value](std::string& output) { output += value; }'
Source,../repos/CMake/Source/cmSystemTools.cxx,"(1736, 16)-(1736, 74)",b'[&value](std::string& output) { output.insert...'
Source,../repos/CMake/Source/cmSystemTools.cxx,"(1738, 22)-(1743, 6)","b'[&value, path_sep](std::string& output) {\n   ...'"
Source,../repos/CMake/Source/cmSystemTools.cxx,"(1745, 22)-(1750, 6)","b'[&value, path_sep](std::string& output) {\n   ...'"
Source,../repos/CMake/Source/cmSystemTools.cxx,"(1752, 22)-(1757, 6)",b'[&value](std::string& output) {\n      if (!ou...'
Source,../repos/CMake/Source/cmSystemTools.cxx,"(1759, 22)-(1764, 6)",b'[&value](std::string& output) {\n      if (!ou...'
Source,../repos/CMake/Source/cmSystemTools.cxx,"(2304, 7)-(2315, 6)","b'[](uv_stream_t* stream,\n         ReadData& da...'"
Source,../repos/CMake/Source/cmSystemTools.cxx,"(2309, 9)-(2313, 10)",b'[&data](std::vector<char> buf) {\n          da...'
Source,../repos/CMake/Source/cmSystemTools.cxx,"(2314, 9)-(2314, 44)",b'[&data]() { data.Finished = true; }'
Source,../repos/CMake/Source/cmSystemTools.cxx,"(2325, 7)-(2328, 8)",b'[](uv_timer_t* handle) {\n        auto* timedO...'
Source,../repos/CMake/Source/cmSystemTools.cxx,"(2984, 10)-(2996, 4)","b'[newRPath](std::string* emsg, const cmELF& el...'"
Source,../repos/CMake/Source/cmSystemTools.cxx,"(3006, 25)-(3050, 4)","b'[oldRPath, newRPath, removeEnvironmentRPath](...'"
Source,../repos/CMake/Source/cmSystemTools.cxx,"(3060, 25)-(3068, 4)",b'[newRPath](cm::optional<std::string>& outRPat...'
Source,../repos/CMake/Source/cmGhsMultiTargetGenerator.cxx,"(581, 15)-(583, 16)","b'[](cmSourceFile* l, cmSourceFile* r) {\n      ...'"
Source,../repos/CMake/Source/cmGhsMultiTargetGenerator.cxx,"(772, 22)-(774, 23)",b'[](cmSourceFile const* sf) -> bool {\n        ...'
Source,../repos/CMake/Source/cmCommandLineArgument.h,"(231, 14)-(234, 8)","b'[&value1](const std::string&, CallState&&...)...'"
Source,../repos/CMake/Source/cmCommandLineArgument.h,"(240, 14)-(244, 8)","b'[&value1, &value2](const std::string&, CallSt...'"
Source,../repos/CMake/Source/cmCommandLineArgument.h,"(250, 14)-(253, 8)","b'[&value1](const std::string& arg, CallState&&...'"
Source,../repos/CMake/Source/cmCommandLineArgument.h,"(259, 14)-(262, 8)","b'[&value1](const std::string& arg, CallState&&...'"
Source,../repos/CMake/Source/CursesDialog/ccmake.cxx,"(160, 23)-(166, 4)",b'[](const std::string& message) -> std::string...'
Source,../repos/CMake/Source/CursesDialog/ccmake.cxx,"(168, 5)-(170, 6)","b'[&](const std::string& message, const cmMessa...'"
Source,../repos/CMake/Source/CursesDialog/ccmake.cxx,"(171, 36)-(173, 4)",b'[&](const std::string& message) {\n    myform-...'
Source,../repos/CMake/Source/CursesDialog/ccmake.cxx,"(174, 36)-(176, 4)",b'[&](const std::string& message) {\n    myform-...'
Source,../repos/CMake/Source/CursesDialog/cmCursesMainForm.cxx,"(67, 22)-(69, 23)",b'[&key](cmCursesCacheEntryComposite const& ent...'
Source,../repos/CMake/Source/CursesDialog/cmCursesMainForm.cxx,"(476, 7)-(478, 8)","b'[this](const std::string& msg, float prog) {\n...'"
Source,../repos/CMake/Source/CursesDialog/cmCursesMainForm.cxx,"(543, 5)-(545, 6)","b'[this](const std::string& msg, float prog) {\n...'"
Source,../repos/CMake/Source/CursesDialog/cmCursesMainForm.cxx,"(606, 18)-(609, 19)",b'[value](cmCursesCacheEntryComposite& entry) -...'
Source,../repos/CMake/Source/CursesDialog/cmCursesMainForm.cxx,"(941, 15)-(943, 16)",b'[&nextVal](cmCursesCacheEntryComposite const&...'
Source,../repos/CMake/Source/cmCommonTargetGenerator.cxx,"(184, 7)-(212, 8)","b'[this, &lang, &config, &dirs, &direct_emitted...'"
Source,../repos/CMake/Source/cmCommonTargetGenerator.cxx,"(364, 23)-(373, 4)",b'[&](std::string const& prop) -> std::string {...'
Source,../repos/CMake/Source/cmCommonTargetGenerator.cxx,"(532, 16)-(544, 4)","b'[&state, &makefile](const std::string& lang) ...'"
Source,../repos/CMake/Source/cmConditionEvaluator.cxx,"(544, 24)-(557, 6)","b'[&, this](const cmPolicies::PolicyID id,\n    ...'"
Source,../repos/CMake/Source/cmConditionEvaluator.cxx,"(728, 27)-(731, 8)",b'[&]() {\n        return std::sscanf(ldef->c_st...'
Source,../repos/CMake/Source/cmake.h,"(659, 23)-(659, 68)",b'[]() -> cm::nullopt_t { return cm::nullopt; }'
Source,../repos/CMake/Source/cmFindBase.cxx,"(161, 24)-(164, 25)",b'[&validatorName](const std::string& item) {\n ...'
Source,../repos/CMake/Source/cmSeparateArgumentsCommand.cxx,"(156, 47)-(162, 4)",b'[](std::string& value) {\n    std::string::siz...'
Source,../repos/CMake/Source/cmNinjaTargetGenerator.cxx,"(1264, 43)-(1274, 4)","b'[this, config]() -> std::string {\n    cmGener...'"
Source,../repos/CMake/Source/cmNinjaTargetGenerator.cxx,"(1430, 36)-(1432, 37)",b'[this](const std::string& path) {\n           ...'
Source,../repos/CMake/Source/cmNinjaTargetGenerator.cxx,"(1952, 5)-(1958, 4)","b'[](cmGeneratorTarget const& target, std::stri...'"
Source,../repos/CMake/Source/cmNinjaTargetGenerator.cxx,"(1984, 31)-(1994, 4)","b'[this, compileMode]() -> bool {\n    bool isMu...'"
Source,../repos/CMake/Source/cmNinjaTargetGenerator.cxx,"(2170, 23)-(2172, 4)","b'[this](cmSourceFile const* sf, std::string co...'"
Source,../repos/CMake/Source/cmNinjaTargetGenerator.cxx,"(2173, 20)-(2175, 4)","b'[this](cmSourceFile const* sf, std::string co...'"
Source,../repos/CMake/Source/cmNinjaTargetGenerator.cxx,"(2193, 37)-(2198, 4)","b'[source, objectFilePath]() -> std::string {\n ...'"
Source,../repos/CMake/Source/cmNinjaTargetGenerator.cxx,"(2199, 36)-(2204, 4)","b'[source, objectFilePath]() -> std::string {\n ...'"
Source,../repos/CMake/Source/cmNinjaTargetGenerator.cxx,"(2205, 36)-(2221, 4)","b'[this, source, config]() -> std::string {\n   ...'"
Source,../repos/CMake/Source/cmNinjaTargetGenerator.cxx,"(2353, 31)-(2364, 4)",b'[this](std::string srcFilename) -> std::strin...'
Source,../repos/CMake/Source/kwsys/testSystemTools.cxx,"(1180, 22)-(1198, 4)","b'[](std::string const& input,\n                ...'"
Source,../repos/CMake/Source/cmFileCommand.cxx,"(1340, 25)-(1348, 4)","b'[=](std::string const& in, std::string& resul...'"
Source,../repos/CMake/Source/cmQtAutoGen.cxx,"(252, 18)-(257, 4)",b'[](std::string& line) {\n    std::string::size...'
Source,../repos/CMake/Source/cmSetSourceFilesPropertiesCommand.cxx,"(40, 5)-(44, 6)",b'[](const std::vector<std::string>::const_iter...'
Source,../repos/CMake/Source/cmSetSourceFilesPropertiesCommand.cxx,"(43, 9)-(43, 78)",b'[&arg_it](cm::string_view prop_name) { return...'
Source,../repos/CMake/Source/cmGlobalXCodeGenerator.cxx,"(1916, 7)-(1917, 74)","b'[&depfilesPrefix](const std::string& config, ...'"
Source,../repos/CMake/Source/cmCTest.cxx,"(1122, 5)-(1146, 6)","b'[this, &processOutput, &output, &tick, &tick_...'"
Source,../repos/CMake/Source/cmCTest.cxx,"(1147, 5)-(1158, 6)","b'[this, &processOutput, &output, &ofs]() {\n   ...'"
Source,../repos/CMake/Source/cmCTest.cxx,"(1300, 5)-(1312, 6)","b'[this, &processOutput, &output, &tempOutput,\n...'"
Source,../repos/CMake/Source/cmCTest.cxx,"(1313, 5)-(1323, 6)","b'[this, &processOutput, &log]() {\n      std::s...'"
Source,../repos/CMake/Source/cmCTest.cxx,"(2668, 44)-(2670, 6)",b'[](std::string const& arg) -> bool {\n      re...'
Source,../repos/CMake/Source/cmCTest.cxx,"(3499, 7)-(3502, 8)",b'[](uv_timer_t* t) {\n        auto* timedOutPtr...'
Source,../repos/CMake/Source/cmCTest.cxx,"(3513, 20)-(3530, 4)","b'[this, &chain, &processOutput](\n             ...'"
Source,../repos/CMake/Source/cmCTest.cxx,"(3521, 7)-(3528, 8)","b'[this, &temp, &processOutput](std::vector<cha...'"
Source,../repos/CMake/Source/cmCTest.cxx,"(3529, 7)-(3529, 41)",b'[&finished]() { finished = true; }'
Source,../repos/CMake/Source/cmExportLibraryDependenciesCommand.cxx,"(159, 5)-(161, 6)","b'[filename, append](cmLocalGenerator& lg, cons...'"
Source,../repos/CMake/Source/cmMakefile.cxx,"(423, 40)-(435, 10)","b'[&lff, &lfc]() -> Json::Value {\n          Jso...'"
Source,../repos/CMake/Source/cmMakefile.cxx,"(1023, 18)-(1025, 19)",b'[gen](std::unique_ptr<cmExportBuildFileGenera...'
Source,../repos/CMake/Source/cmMakefile.cxx,"(1234, 5)-(1240, 6)","b'[this, t, type](cmLocalGenerator& lg, const c...'"
Source,../repos/CMake/Source/cmMakefile.cxx,"(1273, 5)-(1283, 6)","b'[this, replace, callback](cmLocalGenerator& l...'"
Source,../repos/CMake/Source/cmMakefile.cxx,"(1310, 30)-(1323, 4)",b'[=](cmSourceFile* sf) {\n    // If the rule wa...'
Source,../repos/CMake/Source/cmMakefile.cxx,"(1361, 7)-(1366, 8)","b'[this, output, depends, implicit_depends,\n   ...'"
Source,../repos/CMake/Source/cmMakefile.cxx,"(1393, 5)-(1399, 6)","b'[this, target](cmLocalGenerator& lg, const cm...'"
Source,../repos/CMake/Source/cmMakefile.cxx,"(3042, 17)-(3042, 78)",b'[](DeferCommand const& dc) -> bool { return !...'
Source,../repos/CMake/Source/cmMakefile.cxx,"(3044, 11)-(3044, 77)",b'[](DeferCommand const& dc) -> std::string con...'
Source,../repos/CMake/Source/cmMakefile.cxx,"(4200, 7)-(4200, 76)",b'[](decltype(t->Tests)::value_type const& pair...'
Source,../repos/CMake/Source/cmCMakeLanguageCommand.cxx,"(381, 19)-(391, 4)",b'[&]() -> bool {\n    while (expArg >= expArgs....'
Source,../repos/CMake/Source/cmCMakeLanguageCommand.cxx,"(392, 21)-(396, 4)",b'[&]() {\n    std::vector<cmListFileArgument> t...'
Source,../repos/CMake/Source/cmPropertyMap.cxx,"(74, 13)-(76, 14)","b'[](StringPair const& a, StringPair const& b) ...'"
Source,../repos/CMake/Source/cmTargetLinkLibrariesCommand.cxx,"(190, 30)-(202, 4)",b'[&]() -> bool {\n    // FIXME: Warn about part...'
Source,../repos/CMake/Source/cmTargetLinkLibrariesCommand.cxx,"(203, 29)-(209, 4)",b'[&currentEntry](std::string const& arg) {\n   ...'
Source,../repos/CMake/Source/cmInstallFilesCommand.cxx,"(52, 7)-(54, 8)","b'[dest, finalArgs](cmLocalGenerator& lg, const...'"
Source,../repos/CMake/Source/cmLocalUnixMakefileGenerator3.cxx,"(1089, 20)-(1089, 77)",b'[](std::string const& cmd) { return cmStrCat(...'
Source,../repos/CMake/Source/cmLocalUnixMakefileGenerator3.cxx,"(2269, 20)-(2269, 74)",b'[&prefix](std::string const& s) { return pref...'
Source,../repos/CMake/Source/cmJSONHelpers.cxx,"(18, 10)-(28, 4)","b'[type](const Json::Value* value, cmJSONState*...'"
Source,../repos/CMake/Source/cmJSONHelpers.cxx,"(55, 10)-(87, 4)",b'[nameGenerator](\n           ObjectError error...'
Source,../repos/CMake/Source/cmJSONHelpers.cxx,"(58, 12)-(86, 6)","b'[nameGenerator, errorType, extraFields](\n    ...'"
Source,../repos/CMake/Source/cmJSONHelpers.cxx,"(94, 5)-(94, 77)","b'[](const Json::Value*, cmJSONState*) -> std::...'"
Source,../repos/CMake/Source/cmJSONHelpers.cxx,"(102, 5)-(111, 6)","b'[](const Json::Value*, cmJSONState* state) ->...'"
Source,../repos/CMake/Source/cmUVProcessChain.cxx,"(356, 21)-(362, 4)","b'[](uv_process_t* handle, int64_t exitStatus,\n...'"
Source,../repos/CMake/Source/cmUVProcessChain.cxx,"(426, 7)-(429, 8)",b'[](uv_timer_t* handle) {\n        auto* timeou...'
Source,../repos/CMake/Source/cmLinkLineDeviceComputer.cxx,"(62, 5)-(68, 6)",b'[](cmComputeLinkInformation::Item const& item...'
Source,../repos/CMake/Source/cmLinkLineDeviceComputer.cxx,"(81, 5)-(88, 6)",b'[config](cmComputeLinkInformation::Item const...'
Source,../repos/CMake/Source/cmRuntimeDependencyArchive.cxx,"(191, 37)-(193, 6)",b'[this](std::string const& mod) -> bool {\n    ...'
Source,../repos/CMake/Source/cmRuntimeDependencyArchive.cxx,"(318, 5)-(320, 4)","b'[&match, name](const cmsys::RegularExpression...'"
Source,../repos/CMake/Source/cmRuntimeDependencyArchive.cxx,"(322, 5)-(325, 4)",b'[&regexMatch](\n      const std::vector<cmsys:...'
Source,../repos/CMake/Source/cmRuntimeDependencyArchive.cxx,"(335, 5)-(337, 4)","b'[&match, name](const cmsys::RegularExpression...'"
Source,../repos/CMake/Source/cmRuntimeDependencyArchive.cxx,"(339, 5)-(342, 4)",b'[&regexMatch](\n      const std::vector<cmsys:...'
Source,../repos/CMake/Source/cmRuntimeDependencyArchive.cxx,"(343, 26)-(345, 4)",b'[name](const std::string& file) -> bool {\n   ...'
Source,../repos/CMake/Source/cmRuntimeDependencyArchive.cxx,"(347, 5)-(349, 4)",b'[&fileMatch](const std::vector<std::string>& ...'
Source,../repos/CMake/Source/cmQtAutoRcc.cxx,"(217, 16)-(220, 6)",b'[&cryptoHash](cm::string_view value) {\n      ...'
Source,../repos/CMake/Source/cmDefinePropertyCommand.cxx,"(108, 21)-(110, 22)",b'[&initializeFromVariable](const char* prefix)...'
Source,../repos/CMake/Source/cmCMakePresetsGraphReadJSONBuildPresets.cxx,"(54, 36)-(58, 2)","b'[](BuildPreset& out,\n                        ...'"
Source,../repos/CMake/Source/cmGlobalVisualStudio8Generator.cxx,"(492, 5)-(505, 6)","b'[target](BT<std::pair<std::string, bool>> con...'"
Source,../repos/CMake/Source/cmStringAlgorithms.h,"(157, 5)-(159, 4)",b'[](const cmAlphaNum& arg) -> std::pair<cm::st...'
Source,../repos/CMake/Source/cmFileAPICodemodel.cxx,"(678, 13)-(680, 14)","b'[](cmGeneratorTarget* l, cmGeneratorTarget* r...'"
Source,../repos/CMake/Source/cmScriptGenerator.cxx,"(120, 22)-(122, 23)",b'[&config_upper](std::string const& cfg) -> bo...'
Source,../repos/CMake/Source/cmUVHandlePtr.cxx,"(77, 24)-(77, 55)",b'[](uv_handle_t* h) { free(h); }'
Source,../repos/CMake/Source/cmArgumentParser.cxx,"(19, 22)-(21, 23)","b'[](value_type const& elem, cm::string_view co...'"
Source,../repos/CMake/Source/cmArgumentParser.cxx,"(31, 22)-(33, 23)","b'[](value_type const& elem, cm::string_view co...'"
Source,../repos/CMake/Source/cmArgumentParser.cxx,"(42, 5)-(42, 73)","b'[](value_type const& elem, std::size_t k) { r...'"
Source,../repos/CMake/Source/cmArgumentParser.cxx,"(52, 5)-(52, 73)","b'[](value_type const& elem, std::size_t k) { r...'"
Source,../repos/CMake/Source/cmArgumentParser.cxx,"(72, 5)-(75, 6)",b'[&val](cm::string_view arg) -> Continue {\n   ...'
Source,../repos/CMake/Source/cmArgumentParser.cxx,"(82, 5)-(89, 6)","b'[this, &val](cm::string_view arg) -> Continue...'"
Source,../repos/CMake/Source/cmArgumentParser.cxx,"(96, 5)-(99, 6)",b'[&val](cm::string_view arg) -> Continue {\n   ...'
Source,../repos/CMake/Source/cmArgumentParser.cxx,"(106, 5)-(109, 6)",b'[&val](cm::string_view arg) -> Continue {\n   ...'
Source,../repos/CMake/Source/cmArgumentParser.cxx,"(116, 5)-(119, 6)",b'[&val](cm::string_view arg) -> Continue {\n   ...'
Source,../repos/CMake/Source/cmArgumentParser.cxx,"(128, 5)-(131, 6)",b'[&val](cm::string_view arg) -> Continue {\n   ...'
Source,../repos/CMake/Source/cmDebuggerVariablesHelper.cxx,"(47, 51)-(59, 6)",b'[=]() {\n      std::vector<cmDebuggerVariableE...'
Source,../repos/CMake/Source/cmDebuggerVariablesHelper.cxx,"(72, 51)-(79, 6)",b'[=]() {\n      std::vector<cmDebuggerVariableE...'
Source,../repos/CMake/Source/cmDebuggerVariablesHelper.cxx,"(99, 60)-(108, 8)",b'[=]() {\n        cmList items{ entry.Value };\n...'
Source,../repos/CMake/Source/cmDebuggerVariablesHelper.cxx,"(127, 51)-(135, 6)",b'[=]() {\n      std::vector<cmDebuggerVariableE...'
Source,../repos/CMake/Source/cmDebuggerVariablesHelper.cxx,"(151, 51)-(159, 6)",b'[=]() {\n      std::vector<cmDebuggerVariableE...'
Source,../repos/CMake/Source/cmDebuggerVariablesHelper.cxx,"(176, 51)-(185, 6)",b'[=]() {\n      std::vector<cmDebuggerVariableE...'
Source,../repos/CMake/Source/cmDebuggerVariablesHelper.cxx,"(200, 34)-(211, 4)",b'[](cmFileSetVisibility visibility) {\n    swit...'
Source,../repos/CMake/Source/cmDebuggerVariablesHelper.cxx,"(214, 51)-(222, 6)",b'[=]() {\n      std::vector<cmDebuggerVariableE...'
Source,../repos/CMake/Source/cmDebuggerVariablesHelper.cxx,"(267, 66)-(285, 8)",b'[=]() {\n        std::vector<cmDebuggerVariabl...'
Source,../repos/CMake/Source/cmDebuggerVariablesHelper.cxx,"(381, 51)-(384, 6)",b'[=]() {\n      return std::vector<cmDebuggerVa...'
Source,../repos/CMake/Source/cmDebuggerVariablesHelper.cxx,"(388, 55)-(396, 6)",b'[=]() {\n      std::vector<cmDebuggerVariableE...'
Source,../repos/CMake/Source/cmDebuggerVariablesHelper.cxx,"(401, 5)-(406, 6)",b'[](std::string const& key) {\n      size_t pos...'
Source,../repos/CMake/Source/cmDebuggerVariablesHelper.cxx,"(410, 60)-(420, 6)",b'[=]() {\n      std::vector<cmDebuggerVariableE...'
Source,../repos/CMake/Source/cmDebuggerVariablesHelper.cxx,"(433, 29)-(447, 8)",b'[=]() {\n        std::vector<cmDebuggerVariabl...'
Source,../repos/CMake/Source/cmDebuggerVariablesHelper.cxx,"(479, 51)-(487, 6)",b'[=]() {\n      std::vector<cmDebuggerVariableE...'
Source,../repos/CMake/Source/cmDebuggerVariablesHelper.cxx,"(526, 29)-(541, 4)",b'[&](cmMakefile::AppleSDK sdk) {\n    switch (s...'
Source,../repos/CMake/Source/cmDebuggerVariablesHelper.cxx,"(544, 51)-(561, 6)",b'[=]() {\n      std::vector<cmDebuggerVariableE...'
Source,../repos/CMake/Source/cmDebuggerVariablesHelper.cxx,"(582, 33)-(597, 4)",b'[](codecvt_Encoding encoding) {\n    switch (e...'
Source,../repos/CMake/Source/cmDebuggerVariablesHelper.cxx,"(600, 51)-(625, 6)",b'[=]() {\n      std::vector<cmDebuggerVariableE...'
Source,../repos/CMake/Source/cmUVStreambuf.h,"(170, 9)-(174, 10)","b'[](uv_handle_t* handle, size_t /* unused */, ...'"
Source,../repos/CMake/Source/cmUVStreambuf.h,"(175, 9)-(179, 10)","b'[](uv_stream_t* stream2, ssize_t nread, const...'"
Source,../repos/CMake/Source/cmParseArgumentsCommand.cxx,"(55, 7)-(55, 72)","b'[&ref](Instance&, cm::string_view arg) { ref....'"
Source,../repos/CMake/Source/cmParseArgumentsCommand.cxx,"(168, 29)-(171, 4)",b'[&status](std::string const& key) {\n    statu...'
Source,../repos/CMake/Source/cmList.cxx,"(128, 9)-(130, 10)","b'[](const std::string& x, const std::string& y...'"
Source,../repos/CMake/Source/cmList.cxx,"(133, 7)-(133, 71)","b'[](const std::string& x, const std::string& y...'"
Source,../repos/CMake/Source/cmList.cxx,"(375, 19)-(379, 20)","b'[&start, step]() -> index_type {\n            ...'"
Source,../repos/CMake/Source/cmList.cxx,"(600, 33)-(603, 2)","b'[](cmList::TransformAction x,\n               ...'"
Source,../repos/CMake/Source/cmList.cxx,"(749, 19)-(751, 6)",b'[&descriptor](const std::string& s) -> std::s...'
Source,../repos/CMake/Source/cmList.cxx,"(765, 19)-(767, 6)",b'[&descriptor](const std::string& s) -> std::s...'
Source,../repos/CMake/Source/cmList.cxx,"(782, 19)-(784, 6)",b'[&descriptor](const std::string& s) -> std::s...'
Source,../repos/CMake/Source/cmList.cxx,"(799, 19)-(801, 6)",b'[&descriptor](const std::string& s) -> std::s...'
Source,../repos/CMake/Source/cmList.cxx,"(908, 18)-(910, 19)",b'[this](const index_type& index) -> size_type ...'
Source,../repos/CMake/Source/cmList.cxx,"(913, 13)-(913, 59)","b'[](size_type l, size_type r) { return l > r; }'"
Source,../repos/CMake/Source/cmCMakePresetsErrors.cxx,"(238, 10)-(244, 4)","b'[version, current, required](const Json::Valu...'"
Source,../repos/CMake/Source/cmCMakePresetsErrors.cxx,"(268, 5)-(270, 6)","b'[](const Json::Value*, cmJSONState* state) ->...'"
Source,../repos/CMake/Source/cmCMakePresetsErrors.cxx,"(277, 5)-(279, 6)","b'[](const Json::Value*, cmJSONState* state) ->...'"
Source,../repos/CMake/Source/cmCMakePresetsErrors.cxx,"(286, 5)-(286, 77)","b'[](const Json::Value*, cmJSONState*) -> std::...'"
Source,../repos/CMake/Source/cmCMakePresetsErrors.cxx,"(294, 5)-(296, 6)","b'[](const Json::Value*, cmJSONState*) -> std::...'"
Source,../repos/CMake/Source/cmCMakeHostSystemInformationCommand.cxx,"(311, 20)-(318, 4)",b'[](std::string const& filepath) -> bool {\n   ...'
Source,../repos/CMake/Source/cmCMakeHostSystemInformationCommand.cxx,"(324, 13)-(332, 14)","b'[](std::string const& lhs, std::string const&...'"
Source,../repos/CMake/Source/cmCMakeHostSystemInformationCommand.cxx,"(696, 11)-(696, 48)","b'[&]() { return GetValue(info, key); }'"
Source,../repos/CMake/Source/cmCMakeHostSystemInformationCommand.cxx,"(697, 11)-(697, 67)","b'[&]() { return GetDistribValue(status, key, v...'"
Source,../repos/CMake/Source/cmCMakeHostSystemInformationCommand.cxx,"(699, 11)-(699, 57)","b'[&]() { return GetWindowsValue(status, key); }'"
Source,../repos/CMake/Source/cmFileAPICommand.cxx,"(139, 20)-(139, 74)",b'[](const std::string& s) -> bool { return s.e...'
Source,../repos/CMake/Source/cmUVStream.h,"(134, 5)-(139, 6)","b'[](uv_handle_t* s, std::size_t suggestedSize,...'"
Source,../repos/CMake/Source/cmUVStream.h,"(140, 5)-(151, 6)","b'[](uv_stream_t* s, ssize_t nread, const uv_bu...'"
Source,../repos/CMake/Source/cmInstallProgramsCommand.cxx,"(42, 5)-(44, 6)","b'[dest, finalArgs](cmLocalGenerator& lg, const...'"
Source,../repos/CMake/Source/cmDependsCompiler.cxx,"(212, 20)-(215, 21)",b'[this](const std::string& dep) {\n            ...'
Source,../repos/CMake/Source/cmExportFileGenerator.cxx,"(1242, 5)-(1258, 6)","b'[](const std::pair<std::string, cmExportSet::...'"
Source,../repos/CMake/Source/cmExportSet.cxx,"(42, 7)-(54, 6)","b'[&tgtExport, lg](const std::string& fileSetNa...'"
Source,../repos/CMake/Source/cmTarget.cxx,"(1065, 23)-(1099, 4)","b'[this, mf, &defKey](const std::string& proper...'"
Source,../repos/CMake/Source/cmTarget.cxx,"(1882, 23)-(1887, 4)","b'[this, tgt](std::string const& prop) -> cmVal...'"
Source,../repos/CMake/Source/cmTarget.cxx,"(2602, 18)-(2604, 19)",b'[&](const std::unique_ptr<cmTarget>& importTa...'
Source,../repos/CMake/Source/cmTarget.cxx,"(2731, 9)-(2733, 10)","b'[](const BT<std::pair<std::string, bool>>& it...'"
Source,../repos/CMake/Source/cmTarget.cxx,"(3099, 22)-(3118, 8)",b'[&]() -> std::string {\n        std::string un...'
Source,../repos/CMake/Source/cmTarget.cxx,"(3207, 24)-(3212, 4)",b'[=](const std::vector<BT<std::string>>& entri...'
Source,../repos/CMake/Source/cmGlobalGenerator.cxx,"(1449, 18)-(1451, 19)",b'[mf](const std::unique_ptr<cmMakefile>& item)...'
Source,../repos/CMake/Source/cmGlobalGenerator.cxx,"(1794, 13)-(1796, 14)","b'[this](cmGeneratorTarget const* l, cmGenerato...'"
Source,../repos/CMake/Source/cmCxxModuleMapper.cxx,"(210, 26)-(221, 4)",b'[](LookupMethod method) -> cm::static_string_...'
Source,../repos/CMake/Source/cmCxxModuleMapper.cxx,"(258, 24)-(269, 6)",b'[](LookupMethod m) -> cm::static_string_view ...'
Source,../repos/CMake/Source/cmQtAutoGenerator.cxx,"(143, 10)-(161, 4)","b'[&ifs, length, &content, error]() -> bool {\n ...'"
Source,../repos/CMake/Source/cmQtAutoGenerator.cxx,"(180, 10)-(195, 4)","b'[&ofs, &content, error]() -> bool {\n    if (!...'"
Source,../repos/CMake/Source/CTest/cmCTestMultiProcessHandler.cxx,"(136, 30)-(136, 74)",b'[this]() { this->JobServerReceivedToken(); }'
Source,../repos/CMake/Source/CTest/cmCTestMultiProcessHandler.cxx,"(666, 37)-(670, 4)",b'[](uv_idle_t* idle) {\n    uv_idle_stop(idle);...'
Source,../repos/CMake/Source/CTest/cmCTestMultiProcessHandler.cxx,"(680, 5)-(684, 6)",b'[](uv_timer_t* timer) {\n      uv_timer_stop(t...'
Source,../repos/CMake/Source/CTest/cmCTestTestHandler.cxx,"(2121, 23)-(2138, 4)","b'[](char const* const begin, char const* const...'"
Source,../repos/CMake/Source/CTest/cmCTestBinPacker.cxx,"(97, 5)-(99, 6)","b'[](cmCTestBinPackerAllocation* a1, cmCTestBin...'"
Source,../repos/CMake/Source/CTest/cmCTestBinPacker.cxx,"(132, 5)-(134, 6)","b'[&resources](const std::string& id1, const st...'"
Source,../repos/CMake/Source/CTest/cmCTestBinPacker.cxx,"(170, 5)-(172, 6)","b'[&resources](const std::string& id1, const st...'"
Source,../repos/CMake/Source/CTest/cmCTestScriptHandler.cxx,"(248, 5)-(252, 6)","b'[this](const std::string& m, float /*unused*/...'"
Source,../repos/CMake/Source/CTest/cmCTestScriptHandler.cxx,"(333, 36)-(333, 73)",b'[this] { this->UpdateElapsedTime(); }'
Source,../repos/CMake/Source/CTest/cmCTestBuildAndTestHandler.cxx,"(124, 7)-(127, 8)","b'[&s](const std::string& msg, const cmMessageM...'"
Source,../repos/CMake/Source/CTest/cmCTestBuildAndTestHandler.cxx,"(129, 38)-(129, 76)",b'[&s](std::string const& m) { s += m; }'
Source,../repos/CMake/Source/CTest/cmCTestBuildAndTestHandler.cxx,"(130, 38)-(130, 76)",b'[&s](std::string const& m) { s += m; }'
Source,../repos/CMake/Source/CTest/cmCTestBuildAndTestHandler.cxx,"(132, 34)-(137, 6)","b'[&s](const std::string& msg, float prog) {\n  ...'"
Source,../repos/CMake/Source/CTest/cmCTestBuildHandler.cxx,"(838, 7)-(841, 8)",b'[](uv_timer_t* t) {\n        auto* timedOutPtr...'
Source,../repos/CMake/Source/CTest/cmCTestBuildHandler.cxx,"(850, 20)-(882, 4)","b'[this, &chain, &processOutput, &tick,\n       ...'"
Source,../repos/CMake/Source/CTest/cmCTestBuildHandler.cxx,"(858, 7)-(872, 8)","b'[this, &processOutput, &queue, id, &tick, &of...'"
Source,../repos/CMake/Source/CTest/cmCTestBuildHandler.cxx,"(873, 7)-(881, 8)","b'[this, &processOutput, &queue, id, &tick, &of...'"
Source,../repos/CMake/Source/CTest/cmCTestUploadCommand.cxx,"(26, 29)-(35, 4)",b'[this](std::string const& arg) -> bool {\n    ...'
Source,../repos/CMake/Source/CTest/cmCTestResourceSpec.cxx,"(77, 5)-(80, 6)",b'[](const std::string& key) -> bool {\n      cm...'
Source,../repos/CMake/Source/CTest/cmUVJobServerClient.cxx,"(117, 29)-(121, 4)",b'[](uv_idle_t* handle) {\n    uv_idle_stop(hand...'
Source,../repos/CMake/Source/CTest/cmUVJobServerClient.cxx,"(204, 56)-(208, 4)",b'[this](int status) {\n    if (status != 0) {\n ...'
Source,../repos/CMake/Source/CTest/cmCTestResourceSpec.h,"(49, 29)-(51, 2)","b'[](const Json::Value*, cmJSONState* state) {\n...'"
Source,../repos/CMake/Source/CTest/cmCTestResourceSpec.h,"(52, 31)-(55, 2)","b'[](const Json::Value* value,\n                ...'"
Source,../repos/CMake/Source/CTest/cmCTestResourceSpec.h,"(56, 27)-(58, 2)","b'[](const Json::Value* value, cmJSONState* sta...'"
Source,../repos/CMake/Source/CTest/cmCTestResourceSpec.h,"(59, 25)-(61, 2)","b'[](const Json::Value* value, cmJSONState* sta...'"
Source,../repos/CMake/Source/CTest/cmCTestResourceSpec.h,"(62, 30)-(64, 2)","b'[](const Json::Value* value, cmJSONState* sta...'"
Source,../repos/CMake/Source/CTest/cmCTestResourceSpec.h,"(65, 34)-(68, 2)","b'[](const Json::Value* value,\n                ...'"
Source,../repos/CMake/Source/CTest/cmCTestResourceSpec.h,"(69, 34)-(72, 2)","b'[](const Json::Value* value,\n                ...'"
Source,../repos/CMake/Source/CTest/cmCTestResourceSpec.h,"(73, 36)-(76, 2)","b'[](const Json::Value* value,\n                ...'"
Source,../repos/CMake/Source/CTest/cmCTestResourceSpec.h,"(77, 31)-(80, 2)","b'[](const Json::Value* value,\n                ...'"
Source,../repos/CMake/Source/CTest/cmCTestSubmitCommand.cxx,"(113, 45)-(115, 8)",b'[this](std::string const& arg) {\n        retu...'
Source,../repos/CMake/Source/CTest/cmCTestSubmitCommand.cxx,"(177, 34)-(186, 6)",b'[this](std::string const& arg) -> bool {\n    ...'
Source,../repos/CMake/Source/CTest/cmCTestSubmitCommand.cxx,"(190, 34)-(199, 6)",b'[this](std::string const& arg) -> bool {\n    ...'
Source,../repos/CMake/Source/CTest/cmCTestLaunch.cxx,"(193, 22)-(218, 6)","b'[&chain, &processOutput](\n                   ...'"
Source,../repos/CMake/Source/CTest/cmCTestLaunch.cxx,"(202, 9)-(208, 10)","b'[&processOutput, &out, &file, id, &haveData](...'"
Source,../repos/CMake/Source/CTest/cmCTestLaunch.cxx,"(209, 9)-(217, 10)","b'[&processOutput, &out, &file, &finished, id](...'"
Source,../repos/CMake/Source/cmInstallGetRuntimeDependenciesGenerator.cxx,"(52, 5)-(53, 76)",b'[config](const std::unique_ptr<cmInstallRunti...'
Source,../repos/CMake/Source/cmInstallGetRuntimeDependenciesGenerator.cxx,"(65, 5)-(71, 6)","b'[config, lg](const std::string& genex) -> cm:...'"
Source,../repos/CMake/Source/cmInstallGetRuntimeDependenciesGenerator.cxx,"(184, 5)-(191, 6)","b'[config, &postExcludeFiles, this](\n      cons...'"
Source,../repos/CMake/Source/cmDebuggerAdapter.cxx,"(48, 19)-(48, 40)",b'[&] { return Fired; }'
Source,../repos/CMake/Source/cmDebuggerAdapter.cxx,"(131, 20)-(144, 4)",b'[this](const char* msg) {\n    if (SessionLog)...'
Source,../repos/CMake/Source/cmDebuggerAdapter.cxx,"(147, 28)-(157, 4)",b'[this](const dap::CMakeInitializeRequest& req...'
Source,../repos/CMake/Source/cmDebuggerAdapter.cxx,"(161, 5)-(163, 6)",b'[&](const dap::ResponseOrError<dap::CMakeInit...'
Source,../repos/CMake/Source/cmDebuggerAdapter.cxx,"(166, 28)-(181, 4)",b'[this](const dap::ThreadsRequest& req) {\n    ...'
Source,../repos/CMake/Source/cmDebuggerAdapter.cxx,"(184, 28)-(195, 4)",b'[this](const dap::StackTraceRequest& request)...'
Source,../repos/CMake/Source/cmDebuggerAdapter.cxx,"(198, 28)-(203, 4)",b'[this](const dap::ScopesRequest& request)\n   ...'
Source,../repos/CMake/Source/cmDebuggerAdapter.cxx,"(206, 28)-(209, 4)",b'[this](const dap::VariablesRequest& request)\n...'
Source,../repos/CMake/Source/cmDebuggerAdapter.cxx,"(212, 28)-(216, 4)",b'[this](const dap::PauseRequest& req) {\n    (v...'
Source,../repos/CMake/Source/cmDebuggerAdapter.cxx,"(219, 28)-(223, 4)",b'[this](const dap::ContinueRequest& req) {\n   ...'
Source,../repos/CMake/Source/cmDebuggerAdapter.cxx,"(226, 28)-(231, 4)",b'[this](const dap::NextRequest& req) {\n    (vo...'
Source,../repos/CMake/Source/cmDebuggerAdapter.cxx,"(234, 28)-(240, 4)",b'[this](const dap::StepInRequest& req) {\n    (...'
Source,../repos/CMake/Source/cmDebuggerAdapter.cxx,"(243, 28)-(248, 4)",b'[this](const dap::StepOutRequest& req) {\n    ...'
Source,../repos/CMake/Source/cmDebuggerAdapter.cxx,"(251, 28)-(254, 4)",b'[](const dap::LaunchRequest& req) {\n    (void...'
Source,../repos/CMake/Source/cmDebuggerAdapter.cxx,"(257, 28)-(266, 4)",b'[this](const dap::DisconnectRequest& request)...'
Source,../repos/CMake/Source/cmDebuggerAdapter.cxx,"(268, 28)-(283, 4)",b'[this](const dap::EvaluateRequest& request) {...'
Source,../repos/CMake/Source/cmDebuggerAdapter.cxx,"(288, 28)-(292, 4)",b'[this](const dap::ConfigurationDoneRequest& r...'
Source,../repos/CMake/Source/cmDebuggerAdapter.cxx,"(313, 31)-(319, 4)",b'[this] {\n    while (SessionActive.load()) {\n ...'
Source,../repos/CMake/Source/cmDebuggerAdapter.cxx,"(399, 20)-(399, 71)",b'[&](const int64_t& id) { return dap::integer(...'
Source,../repos/CMake/Source/cmake.cxx,"(152, 28)-(154, 2)","b'[](std::string const&, cmake*) -> bool {\n  re...'"
Source,../repos/CMake/Source/cmake.cxx,"(330, 22)-(339, 6)","b'[](FileExtensions& exts,\n                    ...'"
Source,../repos/CMake/Source/cmake.cxx,"(543, 23)-(558, 4)","b'[](std::string const& entry, cmake* state) ->...'"
Source,../repos/CMake/Source/cmake.cxx,"(560, 24)-(599, 4)","b'[](cm::string_view entry, cmake* state) -> bo...'"
Source,../repos/CMake/Source/cmake.cxx,"(601, 22)-(626, 4)","b'[](std::string const& entryPattern,\n         ...'"
Source,../repos/CMake/Source/cmake.cxx,"(628, 23)-(645, 4)","b'[&](std::string const& path, cmake* state) ->...'"
Source,../repos/CMake/Source/cmake.cxx,"(647, 23)-(660, 4)","b'[&](std::string const& path, cmake* state) ->...'"
Source,../repos/CMake/Source/cmake.cxx,"(662, 26)-(670, 4)","b'[&](std::string const& path, cmake* state) ->...'"
Source,../repos/CMake/Source/cmake.cxx,"(685, 7)-(696, 8)","b'[&](std::string const& value, cmake* state) -...'"
Source,../repos/CMake/Source/cmake.cxx,"(899, 27)-(911, 4)","b'[&](std::string const& name, std::string& key...'"
Source,../repos/CMake/Source/cmake.cxx,"(947, 31)-(952, 4)","b'[](std::string const&, cmake* state) -> bool ...'"
Source,../repos/CMake/Source/cmake.cxx,"(954, 26)-(964, 4)","b'[](std::string const& value, cmake* state) ->...'"
Source,../repos/CMake/Source/cmake.cxx,"(966, 25)-(976, 4)","b'[&](std::string const& value, cmake* state) -...'"
Source,../repos/CMake/Source/cmake.cxx,"(978, 25)-(986, 4)","b'[&](std::string const& value, cmake* state) -...'"
Source,../repos/CMake/Source/cmake.cxx,"(988, 24)-(996, 4)","b'[&](std::string const& value, cmake* state) -...'"
Source,../repos/CMake/Source/cmake.cxx,"(1012, 22)-(1015, 23)","b'[](std::string const&, cmake* cm) -> bool {\n ...'"
Source,../repos/CMake/Source/cmake.cxx,"(1048, 22)-(1053, 23)","b'[](std::string const& value, cmake* state) ->...'"
Source,../repos/CMake/Source/cmake.cxx,"(1055, 22)-(1058, 23)","b'[](std::string const& value, cmake* state) ->...'"
Source,../repos/CMake/Source/cmake.cxx,"(1060, 22)-(1063, 23)","b'[](std::string const& value, cmake* state) ->...'"
Source,../repos/CMake/Source/cmake.cxx,"(1066, 22)-(1069, 23)","b'[](std::string const&, cmake* state) -> bool ...'"
Source,../repos/CMake/Source/cmake.cxx,"(1076, 22)-(1082, 23)","b'[](std::string const& value, cmake* state) ->...'"
Source,../repos/CMake/Source/cmake.cxx,"(1085, 22)-(1089, 23)","b'[](std::string const&, cmake* state) -> bool ...'"
Source,../repos/CMake/Source/cmake.cxx,"(1091, 22)-(1095, 23)","b'[](std::string const&, cmake* state) -> bool ...'"
Source,../repos/CMake/Source/cmake.cxx,"(1099, 22)-(1109, 23)","b'[](std::string const& value, cmake* state) ->...'"
Source,../repos/CMake/Source/cmake.cxx,"(1115, 22)-(1125, 23)","b'[](std::string const& value, cmake* state) ->...'"
Source,../repos/CMake/Source/cmake.cxx,"(1128, 22)-(1131, 23)","b'[](std::string const&, cmake* state) -> bool ...'"
Source,../repos/CMake/Source/cmake.cxx,"(1134, 7)-(1138, 8)","b'[](std::string const&, cmake* state) -> bool ...'"
Source,../repos/CMake/Source/cmake.cxx,"(1142, 7)-(1152, 8)","b'[](std::string const& value, cmake* state) ->...'"
Source,../repos/CMake/Source/cmake.cxx,"(1156, 7)-(1165, 8)","b'[](std::string const& value, cmake* state) ->...'"
Source,../repos/CMake/Source/cmake.cxx,"(1167, 22)-(1172, 23)","b'[](std::string const&, cmake* state) -> bool ...'"
Source,../repos/CMake/Source/cmake.cxx,"(1174, 22)-(1180, 23)","b'[](std::string const&, cmake* state) -> bool ...'"
Source,../repos/CMake/Source/cmake.cxx,"(1184, 7)-(1196, 8)","b'[](std::string const& value, cmake* state) ->...'"
Source,../repos/CMake/Source/cmake.cxx,"(1199, 22)-(1210, 23)","b'[](std::string const& values, cmake* state) -...'"
Source,../repos/CMake/Source/cmake.cxx,"(1214, 22)-(1223, 23)","b'[](std::string const& value, cmake* state) ->...'"
Source,../repos/CMake/Source/cmake.cxx,"(1225, 22)-(1229, 23)","b'[](std::string const&, cmake* state) -> bool ...'"
Source,../repos/CMake/Source/cmake.cxx,"(1233, 22)-(1239, 23)","b'[](std::string const&, cmake* state) -> bool ...'"
Source,../repos/CMake/Source/cmake.cxx,"(1242, 7)-(1247, 8)","b'[](std::string const&, cmake* state) -> bool ...'"
Source,../repos/CMake/Source/cmake.cxx,"(1250, 7)-(1255, 8)","b'[](std::string const&, cmake* state) -> bool ...'"
Source,../repos/CMake/Source/cmake.cxx,"(1257, 22)-(1268, 23)","b'[](std::string const&, cmake* state) -> bool ...'"
Source,../repos/CMake/Source/cmake.cxx,"(1272, 22)-(1283, 23)","b'[](std::string const& value, cmake* state) ->...'"
Source,../repos/CMake/Source/cmake.cxx,"(1287, 7)-(1300, 8)","b'[](std::string const& value, cmake* state) ->...'"
Source,../repos/CMake/Source/cmake.cxx,"(1305, 26)-(1308, 27)","b'[](std::string const& value, cmake* state) ->...'"
Source,../repos/CMake/Source/cmake.cxx,"(1315, 26)-(1318, 27)","b'[&](std::string const& value, cmake*) -> bool...'"
Source,../repos/CMake/Source/cmake.cxx,"(1322, 5)-(1326, 6)","b'[&](std::string const& value, cmake*) -> bool...'"
Source,../repos/CMake/Source/cmake.cxx,"(1329, 26)-(1332, 27)","b'[&](std::string const& value, cmake*) -> bool...'"
Source,../repos/CMake/Source/cmake.cxx,"(1335, 5)-(1357, 6)","b'[&](std::string const& value, cmake*) -> bool...'"
Source,../repos/CMake/Source/cmake.cxx,"(1365, 5)-(1369, 6)","b'[&](std::string const& value, cmake* state) -...'"
Source,../repos/CMake/Source/cmake.cxx,"(1668, 32)-(1670, 33)",b'[&levelStrLowCase](const LevelsPair& p) {\n   ...'
Source,../repos/CMake/Source/cmake.cxx,"(1681, 18)-(1681, 77)",b'[&level](const LevelsPair& p) { return p.seco...'
Source,../repos/CMake/Source/cmake.cxx,"(1700, 32)-(1702, 33)",b'[&traceStrLowCase](const TracePair& p) {\n    ...'
Source,../repos/CMake/Source/cmake.cxx,"(2054, 5)-(2063, 4)",b'[&generators](const cmCMakePresetsGraph::Conf...'
Source,../repos/CMake/Source/cmake.cxx,"(2058, 22)-(2060, 6)",b'[&preset](const GeneratorInfo& info) -> bool ...'
Source,../repos/CMake/Source/cmake.cxx,"(3941, 10)-(3945, 4)",b'[builder]() -> int {\n    auto chain = builder...'
Source,../repos/CMake/Source/cmSourceFile.cxx,"(154, 20)-(199, 4)","b'[this, &exts, &lPath, cmp0115, cmp0115Warning...'"
Source,../repos/CMake/Source/cmFindPackageCommand.cxx,"(1011, 20)-(1014, 21)",b'[](const std::string& arg) {\n                ...'
Source,../repos/CMake/Source/cmFindPackageCommand.cxx,"(1280, 24)-(1283, 4)","b'[this](const std::string& variable,\n         ...'"
Source,../repos/CMake/Source/cmFindPackageCommand.cxx,"(1746, 5)-(1746, 75)",b'[this](std::string const& p) -> bool { return...'
Source,../repos/CMake/Source/cmFindPackageCommand.cxx,"(1753, 22)-(1755, 23)",b'[this](std::string const& p) -> bool {\n      ...'
Source,../repos/CMake/Source/cmFindPackageCommand.cxx,"(1762, 22)-(1764, 23)",b'[this](std::string const& p) -> bool {\n      ...'
Source,../repos/CMake/Source/cmFindPackageCommand.cxx,"(2504, 24)-(2507, 4)","b'[this](const std::string& variable,\n         ...'"
Source,../repos/CMake/Source/cmFindPackageCommand.cxx,"(2590, 24)-(2593, 4)","b'[this](const std::string& variable,\n         ...'"
Source,../repos/CMake/Source/cmFindPackageCommand.cxx,"(2633, 19)-(2635, 4)",b'[this](const std::string& fullPath) -> bool {...'
Source,../repos/CMake/Source/cmFindPackageCommand.cxx,"(2729, 19)-(2731, 4)",b'[this](const std::string& fullPath) -> bool {...'
Source,../repos/CMake/Source/cmFindPackageCommand.cxx,"(2767, 19)-(2769, 4)",b'[this](const std::string& fullPath) -> bool {...'
Source,../repos/CMake/Source/cmGeneratorExpressionNode.cxx,"(727, 7)-(732, 6)","b'[](std::string const& arg,\n         std::func...'"
Source,../repos/CMake/Source/cmGeneratorExpressionNode.cxx,"(741, 11)-(751, 12)","b'[](cmGeneratorExpressionContext* ctx,\n       ...'"
Source,../repos/CMake/Source/cmGeneratorExpressionNode.cxx,"(746, 48)-(748, 16)",b'[](std::string& value) {\n                valu...'
Source,../repos/CMake/Source/cmGeneratorExpressionNode.cxx,"(753, 11)-(763, 12)","b'[](cmGeneratorExpressionContext* ctx,\n       ...'"
Source,../repos/CMake/Source/cmGeneratorExpressionNode.cxx,"(758, 48)-(760, 16)",b'[](std::string& value) {\n                valu...'
Source,../repos/CMake/Source/cmGeneratorExpressionNode.cxx,"(765, 11)-(775, 12)","b'[](cmGeneratorExpressionContext* ctx,\n       ...'"
Source,../repos/CMake/Source/cmGeneratorExpressionNode.cxx,"(770, 48)-(772, 16)",b'[](std::string& value) {\n                valu...'
Source,../repos/CMake/Source/cmGeneratorExpressionNode.cxx,"(777, 11)-(787, 12)","b'[](cmGeneratorExpressionContext* ctx,\n       ...'"
Source,../repos/CMake/Source/cmGeneratorExpressionNode.cxx,"(782, 48)-(784, 16)",b'[](std::string& value) {\n                valu...'
Source,../repos/CMake/Source/cmGeneratorExpressionNode.cxx,"(789, 11)-(813, 12)","b'[](cmGeneratorExpressionContext* ctx,\n       ...'"
Source,../repos/CMake/Source/cmGeneratorExpressionNode.cxx,"(804, 50)-(806, 18)",b'[](std::string& value) {\n                  va...'
Source,../repos/CMake/Source/cmGeneratorExpressionNode.cxx,"(808, 48)-(810, 16)",b'[](std::string& value) {\n                valu...'
Source,../repos/CMake/Source/cmGeneratorExpressionNode.cxx,"(815, 11)-(838, 12)","b'[](cmGeneratorExpressionContext* ctx,\n       ...'"
Source,../repos/CMake/Source/cmGeneratorExpressionNode.cxx,"(829, 50)-(831, 18)",b'[](std::string& value) {\n                  va...'
Source,../repos/CMake/Source/cmGeneratorExpressionNode.cxx,"(833, 48)-(835, 16)",b'[](std::string& value) {\n                valu...'
Source,../repos/CMake/Source/cmGeneratorExpressionNode.cxx,"(840, 11)-(850, 12)","b'[](cmGeneratorExpressionContext* ctx,\n       ...'"
Source,../repos/CMake/Source/cmGeneratorExpressionNode.cxx,"(845, 48)-(847, 16)",b'[](std::string& value) {\n                valu...'
Source,../repos/CMake/Source/cmGeneratorExpressionNode.cxx,"(852, 11)-(861, 12)","b'[](cmGeneratorExpressionContext* ctx,\n       ...'"
Source,../repos/CMake/Source/cmGeneratorExpressionNode.cxx,"(856, 48)-(858, 16)",b'[](std::string& value) {\n                valu...'
Source,../repos/CMake/Source/cmGeneratorExpressionNode.cxx,"(863, 11)-(869, 12)","b'[](cmGeneratorExpressionContext* ctx,\n       ...'"
Source,../repos/CMake/Source/cmGeneratorExpressionNode.cxx,"(871, 11)-(877, 12)","b'[](cmGeneratorExpressionContext* ctx,\n       ...'"
Source,../repos/CMake/Source/cmGeneratorExpressionNode.cxx,"(879, 11)-(885, 12)","b'[](cmGeneratorExpressionContext* ctx,\n       ...'"
Source,../repos/CMake/Source/cmGeneratorExpressionNode.cxx,"(887, 11)-(893, 12)","b'[](cmGeneratorExpressionContext* ctx,\n       ...'"
Source,../repos/CMake/Source/cmGeneratorExpressionNode.cxx,"(895, 11)-(902, 12)","b'[](cmGeneratorExpressionContext* ctx,\n       ...'"
Source,../repos/CMake/Source/cmGeneratorExpressionNode.cxx,"(904, 11)-(910, 12)","b'[](cmGeneratorExpressionContext* ctx,\n       ...'"
Source,../repos/CMake/Source/cmGeneratorExpressionNode.cxx,"(912, 11)-(918, 12)","b'[](cmGeneratorExpressionContext* ctx,\n       ...'"
Source,../repos/CMake/Source/cmGeneratorExpressionNode.cxx,"(920, 11)-(926, 12)","b'[](cmGeneratorExpressionContext* ctx,\n       ...'"
Source,../repos/CMake/Source/cmGeneratorExpressionNode.cxx,"(928, 11)-(934, 12)","b'[](cmGeneratorExpressionContext* ctx,\n       ...'"
Source,../repos/CMake/Source/cmGeneratorExpressionNode.cxx,"(936, 11)-(942, 12)","b'[](cmGeneratorExpressionContext* ctx,\n       ...'"
Source,../repos/CMake/Source/cmGeneratorExpressionNode.cxx,"(944, 11)-(963, 12)","b'[](cmGeneratorExpressionContext* ctx,\n       ...'"
Source,../repos/CMake/Source/cmGeneratorExpressionNode.cxx,"(965, 11)-(984, 12)","b'[](cmGeneratorExpressionContext* ctx,\n       ...'"
Source,../repos/CMake/Source/cmGeneratorExpressionNode.cxx,"(977, 31)-(981, 18)",b'[normalize](std::string& value) {\n           ...'
Source,../repos/CMake/Source/cmGeneratorExpressionNode.cxx,"(986, 11)-(1003, 12)","b'[](cmGeneratorExpressionContext* ctx,\n       ...'"
Source,../repos/CMake/Source/cmGeneratorExpressionNode.cxx,"(994, 40)-(1000, 16)",b'[&args](std::string& value) {\n               ...'
Source,../repos/CMake/Source/cmGeneratorExpressionNode.cxx,"(1005, 11)-(1015, 12)","b'[](cmGeneratorExpressionContext* ctx,\n       ...'"
Source,../repos/CMake/Source/cmGeneratorExpressionNode.cxx,"(1010, 48)-(1012, 16)",b'[](std::string& value) {\n                valu...'
Source,../repos/CMake/Source/cmGeneratorExpressionNode.cxx,"(1017, 11)-(1028, 12)","b'[](cmGeneratorExpressionContext* ctx,\n       ...'"
Source,../repos/CMake/Source/cmGeneratorExpressionNode.cxx,"(1021, 48)-(1025, 16)",b'[&args](std::string& value) {\n               ...'
Source,../repos/CMake/Source/cmGeneratorExpressionNode.cxx,"(1030, 11)-(1054, 12)","b'[](cmGeneratorExpressionContext* ctx,\n       ...'"
Source,../repos/CMake/Source/cmGeneratorExpressionNode.cxx,"(1045, 50)-(1047, 18)",b'[](std::string& value) {\n                  va...'
Source,../repos/CMake/Source/cmGeneratorExpressionNode.cxx,"(1049, 48)-(1051, 16)",b'[](std::string& value) {\n                valu...'
Source,../repos/CMake/Source/cmGeneratorExpressionNode.cxx,"(1056, 11)-(1082, 12)","b'[](cmGeneratorExpressionContext* ctx,\n       ...'"
Source,../repos/CMake/Source/cmGeneratorExpressionNode.cxx,"(1069, 50)-(1073, 18)",b'[&args](std::string& value) {\n               ...'
Source,../repos/CMake/Source/cmGeneratorExpressionNode.cxx,"(1075, 48)-(1079, 16)",b'[&args](std::string& value) {\n               ...'
Source,../repos/CMake/Source/cmGeneratorExpressionNode.cxx,"(1084, 11)-(1094, 12)","b'[](cmGeneratorExpressionContext* ctx,\n       ...'"
Source,../repos/CMake/Source/cmGeneratorExpressionNode.cxx,"(1089, 48)-(1091, 16)",b'[](std::string& value) {\n                valu...'
Source,../repos/CMake/Source/cmGeneratorExpressionNode.cxx,"(1096, 11)-(1105, 12)","b'[](cmGeneratorExpressionContext* ctx,\n       ...'"
Source,../repos/CMake/Source/cmGeneratorExpressionNode.cxx,"(1100, 48)-(1102, 16)",b'[&args](std::string& value) {\n               ...'
Source,../repos/CMake/Source/cmGeneratorExpressionNode.cxx,"(1107, 11)-(1125, 12)","b'[](cmGeneratorExpressionContext* ctx,\n       ...'"
Source,../repos/CMake/Source/cmGeneratorExpressionNode.cxx,"(1119, 31)-(1122, 18)","b'[&args, normalize](std::string& value) {\n    ...'"
Source,../repos/CMake/Source/cmGeneratorExpressionNode.cxx,"(1247, 11)-(1254, 12)","b'[](cmGeneratorExpressionContext* ctx,\n       ...'"
Source,../repos/CMake/Source/cmGeneratorExpressionNode.cxx,"(1256, 11)-(1282, 12)","b'[](cmGeneratorExpressionContext* ctx,\n       ...'"
Source,../repos/CMake/Source/cmGeneratorExpressionNode.cxx,"(1284, 11)-(1291, 12)","b'[](cmGeneratorExpressionContext* ctx,\n       ...'"
Source,../repos/CMake/Source/cmGeneratorExpressionNode.cxx,"(1293, 11)-(1328, 12)","b'[](cmGeneratorExpressionContext* ctx,\n       ...'"
Source,../repos/CMake/Source/cmGeneratorExpressionNode.cxx,"(1330, 11)-(1339, 12)","b'[](cmGeneratorExpressionContext* ctx,\n       ...'"
Source,../repos/CMake/Source/cmGeneratorExpressionNode.cxx,"(1341, 11)-(1351, 12)","b'[](cmGeneratorExpressionContext* ctx,\n       ...'"
Source,../repos/CMake/Source/cmGeneratorExpressionNode.cxx,"(1353, 11)-(1363, 12)","b'[](cmGeneratorExpressionContext* ctx,\n       ...'"
Source,../repos/CMake/Source/cmGeneratorExpressionNode.cxx,"(1365, 11)-(1390, 12)","b'[](cmGeneratorExpressionContext* ctx,\n       ...'"
Source,../repos/CMake/Source/cmGeneratorExpressionNode.cxx,"(1392, 11)-(1403, 12)","b'[](cmGeneratorExpressionContext* ctx,\n       ...'"
Source,../repos/CMake/Source/cmGeneratorExpressionNode.cxx,"(1405, 11)-(1416, 12)","b'[](cmGeneratorExpressionContext* ctx,\n       ...'"
Source,../repos/CMake/Source/cmGeneratorExpressionNode.cxx,"(1418, 11)-(1425, 12)","b'[](cmGeneratorExpressionContext* ctx,\n       ...'"
Source,../repos/CMake/Source/cmGeneratorExpressionNode.cxx,"(1427, 11)-(1439, 12)","b'[](cmGeneratorExpressionContext* ctx,\n       ...'"
Source,../repos/CMake/Source/cmGeneratorExpressionNode.cxx,"(1441, 11)-(1461, 12)","b'[](cmGeneratorExpressionContext* ctx,\n       ...'"
Source,../repos/CMake/Source/cmGeneratorExpressionNode.cxx,"(1463, 11)-(1490, 12)","b'[](cmGeneratorExpressionContext* ctx,\n       ...'"
Source,../repos/CMake/Source/cmGeneratorExpressionNode.cxx,"(1492, 11)-(1699, 12)","b'[](cmGeneratorExpressionContext* ctx,\n       ...'"
Source,../repos/CMake/Source/cmGeneratorExpressionNode.cxx,"(1530, 21)-(1532, 22)","b'[](const std::string& x, const std::string& y...'"
Source,../repos/CMake/Source/cmGeneratorExpressionNode.cxx,"(1701, 11)-(1708, 12)","b'[](cmGeneratorExpressionContext* ctx,\n       ...'"
Source,../repos/CMake/Source/cmGeneratorExpressionNode.cxx,"(1710, 11)-(1813, 12)","b'[](cmGeneratorExpressionContext* ctx,\n       ...'"
Source,../repos/CMake/Source/cmGeneratorExpressionNode.cxx,"(2532, 24)-(2534, 6)",b'[&](const std::string& item) -> bool {\n      ...'
Source,../repos/CMake/Source/cmGeneratorExpressionNode.cxx,"(2537, 20)-(2540, 21)",b'[&feature](const std::string& item) -> bool {...'
Source,../repos/CMake/Source/cmGeneratorExpressionNode.cxx,"(2549, 23)-(2551, 24)",b'[](const std::string& item) -> bool {\n       ...'
Source,../repos/CMake/Source/cmGeneratorExpressionNode.cxx,"(2600, 22)-(2602, 23)",b'[](const std::string& item) -> bool {\n       ...'
Source,../repos/CMake/Source/cmGeneratorExpressionNode.cxx,"(2684, 26)-(2686, 8)",b'[&](const std::string& item) {\n        return...'
Source,../repos/CMake/Source/cmExportBuildFileGenerator.cxx,"(373, 11)-(373, 70)",b'[&name](const TargetExport& te) { return te.N...'
Source,../repos/CMake/Source/QtDialog/EnvironmentDialog.cxx,"(115, 44)-(118, 6)",b'[this](const QString& text) {\n      const boo...'
Source,../repos/CMake/Source/QtDialog/EnvironmentDialog.cxx,"(158, 5)-(176, 6)","b'[this, &dialog, nameEdit]() {\n      auto text...'"
Source,../repos/CMake/Source/QtDialog/QCMakePresetComboBox.cxx,"(14, 26)-(14, 64)",b'[this]() { this->m_resetting = true; }'
Source,../repos/CMake/Source/QtDialog/QCMakePresetComboBox.cxx,"(16, 20)-(20, 21)",b'[this]() {\n                     this->setPres...'
Source,../repos/CMake/Source/QtDialog/QCMakePresetComboBox.cxx,"(24, 11)-(28, 6)",b'[this](int /*row*/) {\n      if (!this->m_rese...'
Source,../repos/CMake/Source/QtDialog/CMakeSetupDialog.cxx,"(217, 20)-(217, 61)","b'[] { OpenReferenceManual(""index.html""); }'"
Source,../repos/CMake/Source/QtDialog/QCMake.cxx,"(41, 5)-(43, 6)","b'[this](std::string const& msg, const cmMessag...'"
Source,../repos/CMake/Source/QtDialog/QCMake.cxx,"(45, 5)-(45, 66)",b'[this](std::string const& msg) { this->stdout...'
Source,../repos/CMake/Source/QtDialog/QCMake.cxx,"(47, 5)-(47, 66)",b'[this](std::string const& msg) { this->stderr...'
Source,../repos/CMake/Source/QtDialog/QCMake.cxx,"(54, 5)-(56, 6)","b'[this](const std::string& msg, float percent)...'"
Source,../repos/CMake/Source/QtDialog/QCMake.cxx,"(59, 5)-(59, 49)",b'[this] { return this->interruptCallback(); }'
Source,../repos/CMake/Source/QtDialog/QCMake.cxx,"(69, 60)-(77, 4)",b'[this]() {\n    this->loadPresets();\n    if (!...'
Source,../repos/CMake/Source/QtDialog/QCMake.cxx,"(584, 20)-(586, 21)",b'[&p](const cmake::GeneratorInfo& g) {\n       ...'
Source,../repos/CMake/Source/cmVisualStudio10TargetGenerator.cxx,"(1082, 22)-(1084, 23)",b'[](cmGeneratorTarget::AllConfigSource const& ...'
Source,../repos/CMake/Source/cmVisualStudio10TargetGenerator.cxx,"(2019, 17)-(2021, 18)","b'[](cmSourceGroup const* l, cmSourceGroup cons...'"
Source,../repos/CMake/Source/cmVisualStudio10TargetGenerator.cxx,"(3208, 5)-(3208, 71)",b'[this](std::string const& c) { return this->C...'
Source,../repos/CMake/Source/cmVisualStudio10TargetGenerator.cxx,"(3400, 35)-(3402, 8)",b'[](std::string const& def) {\n        return d...'
Source,../repos/CMake/Source/cmVisualStudio10TargetGenerator.cxx,"(3584, 5)-(3584, 71)",b'[this](std::string const& c) { return this->C...'
Source,../repos/CMake/Source/cmVisualStudio10TargetGenerator.cxx,"(3635, 22)-(3639, 23)",b'[this](std::string const& c) {\n              ...'
Source,../repos/CMake/Source/cmVisualStudio10TargetGenerator.cxx,"(3827, 5)-(3827, 77)",b'[this](std::string const& c) { return this->C...'
Source,../repos/CMake/Source/cmVisualStudio10TargetGenerator.cxx,"(3945, 5)-(3945, 76)",b'[this](std::string const& c) { return this->C...'
Source,../repos/CMake/Source/cmVisualStudio10TargetGenerator.cxx,"(3997, 5)-(3997, 73)",b'[this](std::string const& c) { return this->C...'
Source,../repos/CMake/Source/cmVisualStudio10TargetGenerator.cxx,"(4053, 5)-(4053, 73)",b'[this](std::string const& c) { return this->C...'
Source,../repos/CMake/Source/cmDyndepCollation.cxx,"(83, 26)-(94, 8)","b'[gt, tgt, &sf_map](cmSourceFile const* sf,\n  ...'"
Source,../repos/CMake/Source/cmDyndepCollation.cxx,"(216, 20)-(218, 21)",b'[gt](std::unique_ptr<cmTargetExport> const& t...'
Source,../repos/CMake/Source/cmDyndepCollation.cxx,"(252, 19)-(254, 20)",b'[name](cmExportBuildFileGenerator::TargetExpo...'
Source,../repos/CMake/Source/cmDyndepCollation.cxx,"(446, 19)-(449, 4)",b'[](cm::string_view str) {\n    return cmOutput...'
Source,../repos/CMake/Source/cmDyndepCollation.cxx,"(451, 5)-(457, 4)",b'[&cmEscape](std::string const& dest) -> std::...'
Source,../repos/CMake/Source/cmForEachCommand.cxx,"(193, 7)-(193, 77)",b'[&]() -> std::string { return iter_var_prefix...'
Source,../repos/CMake/Source/cmForEachCommand.cxx,"(216, 5)-(216, 68)",b'[](decltype(values)::value_type& list) { retu...'
Source,../repos/CMake/Source/cmForEachCommand.cxx,"(469, 24)-(473, 8)","b'[&cc, step]() -> std::string {\n        auto r...'"
Source,../repos/CMake/Source/cmComputeLinkDepends.cxx,"(367, 29)-(369, 30)",b'[&groupEntry](const LinkEntry& entry) -> bool...'
Source,../repos/CMake/Source/cmComputeLinkDepends.cxx,"(449, 5)-(465, 6)","b'[this, &lloPrefix, &config, &linkLanguage](st...'"
Source,../repos/CMake/Source/cmComputeLinkDepends.cxx,"(480, 16)-(482, 17)","b'[this, &feature](std::string const& item) {\n ...'"
Source,../repos/CMake/Source/cmComputeLinkDepends.cxx,"(1238, 23)-(1248, 6)",b'[](LinkEntry const& entry) -> std::string {\n ...'
Source,../repos/CMake/Source/cmWhileCommand.cxx,"(76, 21)-(82, 4)",b'[&mf](std::vector<cmListFileArgument> const& ...'
Source,../repos/CMake/Source/cmFindProgramCommand.cxx,"(73, 24)-(78, 25)",b'[this](std::string const& n) -> bool {\n      ...'
Source,../repos/CMake/Source/cmFindProgramCommand.cxx,"(83, 24)-(87, 25)","b'[this, &path](std::string const& n) -> bool {...'"
Source,../repos/CMake/Source/cmFindProgramCommand.cxx,"(92, 24)-(107, 25)","b'[this, &path, &name](std::string const& ext) ...'"
Source,../repos/CMake/Source/cmVisualStudioGeneratorOptions.cxx,"(141, 49)-(143, 6)",b'[](std::string const& di) {\n      return di =...'
Source,../repos/CMake/Source/cmVisualStudioGeneratorOptions.cxx,"(149, 49)-(151, 6)",b'[](std::string const& di) {\n      return di =...'
Source,../repos/CMake/Source/cmWorkerPool.cxx,"(270, 11)-(272, 12)",b'[this](cmUVPipeBuffer::DataRange range) {\n   ...'
Source,../repos/CMake/Source/cmWorkerPool.cxx,"(273, 11)-(273, 63)",b'[this](ssize_t error) { this->UVPipeOutEnd(er...'
Source,../repos/CMake/Source/cmWorkerPool.cxx,"(280, 11)-(282, 12)",b'[this](cmUVPipeBuffer::DataRange range) {\n   ...'
Source,../repos/CMake/Source/cmWorkerPool.cxx,"(283, 11)-(283, 63)",b'[this](ssize_t error) { this->UVPipeErrEnd(er...'
Source,../repos/CMake/Source/cmWorkerPool.cxx,"(463, 40)-(463, 75)",b'[wrk] { wrk->UVProcessFinished(); }'
Source,../repos/CMake/Source/cmProcessTools.cxx,"(32, 5)-(39, 6)","b'[&out, &processOutput, &strdata](std::vector<...'"
Source,../repos/CMake/Source/cmProcessTools.cxx,"(40, 5)-(40, 32)",b'[&out]() { out = nullptr; }'
Source,../repos/CMake/Source/cmProcessTools.cxx,"(46, 5)-(53, 6)","b'[&err, &processOutput, &strdata](std::vector<...'"
Source,../repos/CMake/Source/cmProcessTools.cxx,"(54, 5)-(54, 32)",b'[&err]() { err = nullptr; }'
Source,../repos/CMake/Source/cmProcessTools.cxx,"(63, 5)-(65, 6)",b'[](const cmUVProcessChain::Status* s) -> cmUV...'
Source,../repos/CMake/Source/cmSubcommandTable.cxx,"(14, 13)-(16, 14)","b'[](Elem const& left, Elem const& right) {\n   ...'"
Source,../repos/CMake/Source/cmSubcommandTable.cxx,"(25, 5)-(25, 71)","b'[](Elem const& elem, cm::string_view k) { ret...'"
Source,../repos/CMake/Source/cmArgumentParser.h,"(185, 7)-(188, 8)","b'[&val, &context](cm::string_view arg) -> Cont...'"
Source,../repos/CMake/Source/cmArgumentParser.h,"(250, 28)-(252, 6)",b'[member](Instance& instance) {\n      instance...'
Source,../repos/CMake/Source/cmArgumentParser.h,"(260, 28)-(263, 6)","b'[member, context](Instance& instance) {\n     ...'"
Source,../repos/CMake/Source/cmArgumentParser.h,"(271, 28)-(278, 6)","b'[member, expect](Instance& instance) {\n      ...'"
Source,../repos/CMake/Source/cmArgumentParser.h,"(274, 9)-(276, 10)","b'[result, member](cm::string_view arg) -> Cont...'"
Source,../repos/CMake/Source/cmArgumentParser.h,"(287, 28)-(295, 6)","b'[member, expect](Instance& instance) {\n      ...'"
Source,../repos/CMake/Source/cmArgumentParser.h,"(291, 9)-(293, 10)","b'[result, member, keyword](cm::string_view arg...'"
Source,../repos/CMake/Source/cmArgumentParser.h,"(303, 28)-(310, 6)","b'[f, expect](Instance& instance) {\n      Resul...'"
Source,../repos/CMake/Source/cmArgumentParser.h,"(306, 9)-(308, 10)","b'[result, &f](cm::string_view arg) -> Continue...'"
Source,../repos/CMake/Source/cmArgumentParser.h,"(319, 28)-(327, 6)","b'[f, expect](Instance& instance) {\n      Resul...'"
Source,../repos/CMake/Source/cmArgumentParser.h,"(323, 9)-(325, 10)","b'[result, keyword, &f](cm::string_view arg) ->...'"
Source,../repos/CMake/Source/cmArgumentParser.h,"(336, 7)-(339, 8)","b'[member](Instance& instance, std::size_t, cm:...'"
Source,../repos/CMake/Source/cmArgumentParser.h,"(383, 28)-(383, 78)",b'[&ref](Instance& instance) { instance.Bind(ref); }'
Source,../repos/CMake/Source/cmArgumentParser.h,"(391, 28)-(394, 6)","b'[f, expect](Instance& instance) {\n      insta...'"
Source,../repos/CMake/Source/cmArgumentParser.h,"(392, 21)-(392, 77)",b'[&f](cm::string_view arg) -> Continue { retur...'
Source,../repos/CMake/Source/cmArgumentParser.h,"(403, 28)-(410, 6)","b'[f, expect](Instance& instance) {\n      cm::s...'"
Source,../repos/CMake/Source/cmArgumentParser.h,"(406, 9)-(408, 10)","b'[keyword, &f](cm::string_view arg) -> Continu...'"
Source,../repos/CMake/Source/cmArgumentParser.h,"(417, 22)-(419, 23)","b'[&ref](Instance&, std::size_t, cm::string_vie...'"
Source,../repos/CMake/Source/cmArgumentParser.h,"(426, 7)-(426, 72)","b'[&ref](Instance&, cm::string_view arg) { ref....'"
Source,../repos/CMake/Source/cmArgumentParser.h,"(449, 28)-(449, 78)",b'[&ref](Instance& instance) { instance.Bind(ref); }'
Source,../repos/CMake/Source/cmGlobalNinjaGenerator.cxx,"(488, 18)-(493, 4)","b'[&os](const char* key, std::string const& val...'"
Source,../repos/CMake/Source/cmGlobalNinjaGenerator.cxx,"(686, 25)-(707, 4)",b'[this](std::vector<char const*> const& args) ...'
Source,../repos/CMake/Source/cmInstallCommandArguments.cxx,"(186, 22)-(189, 23)",b'[this](std::string const& perm) -> bool {\n   ...'
Source,../repos/CMake/Source/cmState.cxx,"(120, 5)-(120, 62)",b'[&key](std::string const& i) -> bool { return...'
Source,../repos/CMake/Source/cmState.cxx,"(428, 5)-(431, 6)",b'[command](const std::vector<cmListFileArgumen...'
Source,../repos/CMake/Source/cmState.cxx,"(455, 5)-(477, 6)","b'[command, policy, message,\n     additionalWar...'"
Source,../repos/CMake/Source/cmState.cxx,"(484, 5)-(494, 6)","b'[name, error](std::vector<cmListFileArgument>...'"
Source,../repos/CMake/Source/cmDebuggerBreakpointManager.cxx,"(25, 31)-(27, 4)",b'[&](const dap::SetBreakpointsRequest& request...'
Source,../repos/CMake/Source/cmDebuggerBreakpointManager.cxx,"(36, 13)-(38, 14)",b'[=](cmDebuggerFunctionLocation const& loc) {\n...'
Source,../repos/CMake/Source/cmDebuggerBreakpointManager.cxx,"(52, 27)-(54, 28)",b'[=](cmDebuggerFunctionLocation const& loc) {\n...'
Source,../repos/CMake/Source/cmDebuggerBreakpointManager.cxx,"(185, 28)-(187, 14)",b'[&](const cmDebuggerSourceBreakpoint& breakpo...'
Source,../repos/CMake/Source/cmLocalGenerator.cxx,"(268, 5)-(271, 6)","b'[&target, &config, &lang](std::string const& ...'"
Source,../repos/CMake/Source/cmLocalGenerator.cxx,"(284, 20)-(289, 21)","b'[target, &config, &lang](BT<std::string> cons...'"
Source,../repos/CMake/Source/cmLocalGenerator.cxx,"(1137, 18)-(1141, 4)","b'[&result, &emitted](std::string const& dir) {...'"
Source,../repos/CMake/Source/cmLocalGenerator.cxx,"(1143, 17)-(1147, 4)","b'[&result, &emitted](BT<std::string> const& di...'"
Source,../repos/CMake/Source/cmLocalGenerator.cxx,"(1225, 22)-(1227, 23)",b'[](std::string const& d) {\n                  ...'
Source,../repos/CMake/Source/cmLocalGenerator.cxx,"(1252, 22)-(1264, 4)","b'[this, &implicitSet, &implicitExclude, &resol...'"
Source,../repos/CMake/Source/cmLocalGenerator.cxx,"(1956, 22)-(1960, 23)","b'[this, sysroot](std::string const& arch) -> b...'"
Source,../repos/CMake/Source/cmLocalGenerator.cxx,"(2680, 41)-(2683, 10)",b'[lang](cmSourceFile* sf) {\n          return l...'
Source,../repos/CMake/Source/cmLocalGenerator.cxx,"(2932, 22)-(2937, 4)",b'[&](cm::string_view expr) -> std::string {\n  ...'
Source,../repos/CMake/Source/cmLocalGenerator.cxx,"(3082, 27)-(3085, 6)","b'[](std::string const& a, std::string const& b...'"
Source,../repos/CMake/Source/cmLocalGenerator.cxx,"(3251, 18)-(3260, 19)",b'[&](UnityBatchedSource const& ubs) -> bool {\n...'
Source,../repos/CMake/Source/cmLocalGenerator.cxx,"(4491, 22)-(4497, 23)",b'[&name](std::string const& output) -> bool {\n...'
Source,../repos/CMake/Source/cmLocalGenerator.cxx,"(4504, 22)-(4506, 23)",b'[&name](cmCustomCommand const& command) -> bo...'
Source,../repos/CMake/Source/cmDebuggerVariables.cxx,"(39, 9)-(42, 6)",b'[this](dap::VariablesRequest const& request) ...'
Source,../repos/CMake/Source/cmDebuggerVariables.cxx,"(56, 9)-(59, 6)",b'[this](dap::VariablesRequest const& request) ...'
Source,../repos/CMake/Source/cmDebuggerVariables.cxx,"(98, 15)-(100, 16)","b'[](dap::Variable const& a, dap::Variable cons...'"
Source,../repos/CMake/Source/cmGlobalCommonGenerator.cxx,"(143, 24)-(145, 25)",b'[&file](const std::string& knownFile) -> bool...'
Source,../repos/CMake/Source/cmOutputConverter.cxx,"(171, 29)-(187, 6)",b'[&]() {\n      auto cachedShortPathIt = shortP...'
Source,../repos/CMake/Source/cmTestGenerator.cxx,"(68, 44)-(68, 75)","b""[](char c) { return c == '='; }"""
Source,../repos/CMake/Source/cmTestGenerator.cxx,"(345, 33)-(347, 6)",b'[&](const std::string& arg) {\n      return ge...'
Source,../repos/CMake/Source/cmInstallCommand.cxx,"(551, 19)-(552, 69)",b'[](const cmInstallCommandFileSetArguments& fi...'
Source,../repos/CMake/Source/cmInstallCommand.cxx,"(565, 19)-(566, 69)",b'[](const cmInstallCommandFileSetArguments& fi...'
Source,../repos/CMake/Source/cmInstallCommand.cxx,"(582, 19)-(583, 74)",b'[](const cmInstallCommandFileSetArguments& fi...'
Source,../repos/CMake/Source/cmInstallCommand.cxx,"(602, 19)-(603, 70)",b'[](const cmInstallCommandFileSetArguments& fi...'
Source,../repos/CMake/Source/cmInstallCommand.cxx,"(611, 19)-(612, 72)",b'[](const cmInstallCommandFileSetArguments& fi...'
Source,../repos/CMake/Source/cmInstallCommand.cxx,"(763, 28)-(802, 6)",b'[&]() -> bool {\n      // Add this install rul...'
Source,../repos/CMake/Source/cmInstallCommand.cxx,"(769, 15)-(774, 16)",b'[=](const std::string& name) -> bool {\n      ...'
Source,../repos/CMake/Source/cmInstallCommand.cxx,"(772, 19)-(773, 72)",b'[=](const cmInstallCommandFileSetArguments& f...'
Source,../repos/CMake/Source/cmInstallCommand.cxx,"(1416, 5)-(1425, 4)","b'[helper](cmTarget& target, const cmInstallCom...'"
Source,../repos/CMake/Source/cmNinjaNormalTargetGenerator.cxx,"(862, 36)-(873, 4)",b'[&]() -> std::vector<std::string> {\n    std::...'
Source,../repos/CMake/Source/cmNinjaNormalTargetGenerator.cxx,"(1218, 34)-(1222, 6)","b'[this, config]() -> std::string {\n      cmGen...'"
Source,../repos/CMake/Source/cmNinjaNormalTargetGenerator.cxx,"(1229, 29)-(1244, 6)","b'[this, config]() -> std::string {\n      std::...'"
Source,../repos/CMake/Source/cmFLTKWrapUICommand.cxx,"(134, 5)-(136, 6)","b'[target](cmLocalGenerator& lg, const cmListFi...'"
Source,../repos/CMake/Source/cmMakefileTargetGenerator.cxx,"(212, 25)-(217, 4)",b'[this](const std::string& prop_value) -> cmLi...'
Source,../repos/CMake/Source/cmMakefileTargetGenerator.cxx,"(1589, 45)-(1602, 4)",b'[&]() -> std::vector<std::string> {\n    std::...'
Source,../repos/CMake/Source/cmQtAutoMocUic.cxx,"(1440, 21)-(1481, 4)","b'[this,\n                     &headerHandle](st...'"
Source,../repos/CMake/Source/cmQtAutoMocUic.cxx,"(1491, 5)-(1493, 6)","b'[&findHeader, &includeBase](std::string const...'"
Source,../repos/CMake/Source/cmQtAutoMocUic.cxx,"(1601, 5)-(1622, 6)","b'[this, &sourceDirPrefix, &sourceFile,\n     &s...'"
Source,../repos/CMake/Source/cmQtAutoMocUic.cxx,"(1631, 17)-(1648, 4)",b'[this](std::string const& testPath) -> bool {...'
Source,../repos/CMake/Source/cmQtAutoMocUic.cxx,"(1999, 23)-(2008, 6)","b'[this](GenT genType, StringSet const& dirSet)...'"
Source,../repos/CMake/Source/cmQtAutoMocUic.cxx,"(2273, 5)-(2275, 6)",b'[&dependencies](const SourceFileMapT::value_t...'
Source,../repos/CMake/Source/cmQtAutoMocUic.cxx,"(2291, 5)-(2297, 4)",b'[this](const std::string& mocOutputFile) -> s...'
Source,../repos/CMake/Source/cmQtAutoMocUic.cxx,"(2301, 30)-(2309, 4)",b'[&](const MappingMapT::value_type& m) {\n    a...'
Source,../repos/CMake/Source/cmQtAutoMocUic.cxx,"(2320, 20)-(2328, 21)",b'[this](const std::string& dep) {\n            ...'
Source,../repos/CMake/Source/cmQtAutoMocUic.cxx,"(2325, 31)-(2327, 32)",b'[&dep](MappingMapT::value_type const& mapping...'
Source,../repos/CMake/Source/cmQtAutoMocUic.cxx,"(2511, 26)-(2517, 10)","b'[&info, ii](bool test, cm::string_view msg) -...'"
Source,../repos/CMake/Source/cmQtAutoMocUic.cxx,"(2580, 26)-(2585, 10)","b'[&info, ii](bool test, cm::string_view msg) -...'"
Source,../repos/CMake/Source/cmQtAutoMocUic.cxx,"(2625, 24)-(2630, 8)","b'[&info, ii](bool test, cm::string_view msg) -...'"
Source,../repos/CMake/Source/cmQtAutoMocUic.cxx,"(2708, 24)-(2713, 8)","b'[&info, ii](bool test, cm::string_view msg) -...'"
Source,../repos/CMake/Source/cmQtAutoMocUic.cxx,"(2898, 16)-(2901, 6)",b'[&cryptoHash](cm::string_view value) {\n      ...'
Source,../repos/CMake/Source/cmQtAutoMocUic.cxx,"(2986, 28)-(2991, 8)","b'[&content](cm::string_view key,\n             ...'"
Source,../repos/CMake/Source/cmProjectCommand.cxx,"(98, 24)-(100, 4)",b'[&missedValueReporter]() {\n    missedValueRep...'
Source,../repos/CMake/Source/cmProjectCommand.cxx,"(141, 29)-(147, 8)","b'[&mf, &resetReporter]() {\n        mf.IssueMes...'"
Source,../repos/CMake/Source/cmProjectCommand.cxx,"(160, 29)-(166, 8)","b'[&mf, &resetReporter]() {\n        mf.IssueMes...'"
Source,../repos/CMake/Source/cmProjectCommand.cxx,"(176, 29)-(182, 8)","b'[&mf, &resetReporter]() {\n        mf.IssueMes...'"
