Repo name,File name,Location,Content
Source,../repos/CMake/Source/cmDebuggerPosixPipeConnection.h,"(56, 1)-(56, 65)",b'using cmDebuggerPipeConnection = cmDebuggerPi...'
Source,../repos/CMake/Source/cmDebuggerPosixPipeConnection.h,"(77, 1)-(77, 57)",b'using cmDebuggerPipeClient = cmDebuggerPipeCl...'
Source,../repos/CMake/Source/cmSubcommandTable.h,"(20, 3)-(21, 48)",b'using Command = bool (*)(std::vector<std::str...'
Source,../repos/CMake/Source/cmSubcommandTable.h,"(23, 3)-(23, 52)","b'using Elem = std::pair<cm::string_view, Command>;'"
Source,../repos/CMake/Source/cmSubcommandTable.h,"(24, 3)-(24, 63)",b'using InitElem = std::pair<cm::static_string_...'
Source,../repos/CMake/Source/cmGlobalNinjaGenerator.h,"(582, 3)-(582, 61)","b'using TargetAliasMap = std::map<std::string, ...'"
Source,../repos/CMake/Source/cmSystemTools.h,"(40, 3)-(40, 41)",b'using Superclass = cmsys::SystemTools;'
Source,../repos/CMake/Source/cmSystemTools.h,"(41, 3)-(41, 46)",b'using Encoding = cmProcessOutput::Encoding;'
Source,../repos/CMake/Source/cmSystemTools.h,"(52, 3)-(53, 71)",b'using MessageCallback =\n    std::function<voi...'
Source,../repos/CMake/Source/cmSystemTools.h,"(72, 3)-(72, 66)",b'using OutputCallback = std::function<void(std...'
Source,../repos/CMake/Source/cmSystemTools.h,"(82, 3)-(82, 51)",b'using InterruptCallback = std::function<bool()>;'
Source,../repos/CMake/Source/cmSystemTools.h,"(168, 3)-(168, 33)",b'using mode_t = unsigned short;'
Source,../repos/CMake/Source/cmGeneratorTarget.cxx,"(65, 1)-(65, 62)",b'using LinkInterfaceFor = cmGeneratorTarget::L...'
Source,../repos/CMake/Source/cmGeneratorTarget.cxx,"(3111, 3)-(3111, 54)",b'using SourceEntry = cmGeneratorTarget::Source...'
Source,../repos/CMake/Source/cmGeneratorTarget.cxx,"(3115, 3)-(3115, 66)","b'using NameMapType = std::map<std::string, cmS...'"
Source,../repos/CMake/Source/cmLocalNinjaGenerator.h,"(140, 3)-(141, 68)",b'using CustomCommandTargetMap =\n    std::map<c...'
Source,../repos/CMake/Source/cmStatePrivate.h,"(50, 3)-(50, 41)",b'using derived = cmPolicies::PolicyMap;'
Source,../repos/CMake/Source/cmComputeLinkInformation.h,"(89, 3)-(89, 40)",b'using ItemVector = std::vector<Item>;'
Source,../repos/CMake/Source/cmComputeLinkInformation.h,"(131, 3)-(131, 53)",b'using LinkEntry = cmComputeLinkDepends::LinkEntry;'
Source,../repos/CMake/Source/cmCMakePresetsGraphReadJSONConfigurePresets.cxx,"(24, 1)-(24, 58)",b'using CacheVariable = cmCMakePresetsGraph::Ca...'
Source,../repos/CMake/Source/cmCMakePresetsGraphReadJSONConfigurePresets.cxx,"(25, 1)-(25, 62)",b'using ConfigurePreset = cmCMakePresetsGraph::...'
Source,../repos/CMake/Source/cmCMakePresetsGraphReadJSONConfigurePresets.cxx,"(26, 1)-(26, 70)",b'using ArchToolsetStrategy = cmCMakePresetsGra...'
Source,../repos/CMake/Source/cmCMakePresetsGraphReadJSONConfigurePresets.cxx,"(27, 1)-(27, 47)",b'using JSONHelperBuilder = cmJSONHelperBuilder;'
Source,../repos/CMake/Source/cmCMakePresetsGraphReadJSONConfigurePresets.cxx,"(28, 1)-(28, 62)",b'using TraceEnableMode = cmCMakePresetsGraph::...'
Source,../repos/CMake/Source/cmCMakePresetsGraphReadJSONConfigurePresets.cxx,"(29, 1)-(29, 59)",b'using TraceOutputFormat = cmTraceEnums::Trace...'
Source,../repos/CMake/Source/cmExportFileGenerator.h,"(71, 3)-(71, 64)",b'using ImportPropertyMap = std::map<std::strin...'
Source,../repos/CMake/Source/cmLinkLineComputer.cxx,"(64, 3)-(64, 59)",b'using ItemVector = cmComputeLinkInformation::...'
Source,../repos/CMake/Source/cmGeneratorTarget.h,"(537, 3)-(537, 65)",b'using ConfigAndLanguage = std::pair<std::stri...'
Source,../repos/CMake/Source/cmGeneratorTarget.h,"(538, 3)-(539, 63)",b'using ConfigAndLanguageToBTStrings =\n    std:...'
Source,../repos/CMake/Source/cmGeneratorTarget.h,"(631, 3)-(631, 60)","b'using LanguagePair = std::pair<std::string, s...'"
Source,../repos/CMake/Source/cmGeneratorTarget.h,"(695, 3)-(695, 65)",b'using CompileInfoMapType = std::map<std::stri...'
Source,../repos/CMake/Source/cmGeneratorTarget.h,"(977, 3)-(977, 72)",b'using SourceEntriesType = std::map<cmSourceFi...'
Source,../repos/CMake/Source/cmGeneratorTarget.h,"(983, 3)-(983, 66)",b'using TargetPtrToBoolMap = std::unordered_map...'
Source,../repos/CMake/Source/cmGeneratorTarget.h,"(1011, 3)-(1011, 63)","b'using FullNameCache = std::map<std::string, N...'"
Source,../repos/CMake/Source/cmGeneratorTarget.h,"(1020, 3)-(1020, 65)",b'using LinkClosureMapType = std::map<std::stri...'
Source,../repos/CMake/Source/cmGeneratorTarget.h,"(1047, 3)-(1048, 70)",b'using cmTargetLinkInformationMap =\n    std::m...'
Source,../repos/CMake/Source/cmGeneratorTarget.h,"(1064, 3)-(1064, 80)",b'using LinkInterfaceMapType = std::map<std::st...'
Source,../repos/CMake/Source/cmGeneratorTarget.h,"(1114, 3)-(1114, 63)",b'using ImportInfoMapType = std::map<std::strin...'
Source,../repos/CMake/Source/cmGeneratorTarget.h,"(1129, 3)-(1129, 69)",b'using KindedSourcesMapType = std::map<std::st...'
Source,../repos/CMake/Source/cmGeneratorTarget.h,"(1142, 3)-(1143, 55)",b'using TargetPropertyEntryVector =\n    std::ve...'
Source,../repos/CMake/Source/cmGeneratorTarget.h,"(1206, 3)-(1206, 78)","b'using LinkImplMapType = std::map<std::string,...'"
Source,../repos/CMake/Source/cmGeneratorTarget.h,"(1222, 3)-(1222, 63)",b'using OutputInfoMapType = std::map<std::strin...'
Source,../repos/CMake/Source/cmGeneratorTarget.h,"(1225, 3)-(1226, 49)",b'using ModuleDefinitionInfoMapType =\n    std::...'
Source,../repos/CMake/Source/cmGeneratorTarget.h,"(1231, 3)-(1231, 76)","b'using OutputNameKey = std::pair<std::string, ...'"
Source,../repos/CMake/Source/cmGeneratorTarget.h,"(1232, 3)-(1232, 66)",b'using OutputNameMapType = std::map<OutputName...'
Source,../repos/CMake/Source/cmString.hxx,"(201, 3)-(201, 48)",b'using traits_type = std::string::traits_type;'
Source,../repos/CMake/Source/cmString.hxx,"(202, 3)-(202, 46)",b'using value_type = string_view::value_type;'
Source,../repos/CMake/Source/cmString.hxx,"(203, 3)-(203, 40)",b'using pointer = string_view::pointer;'
Source,../repos/CMake/Source/cmString.hxx,"(204, 3)-(204, 52)",b'using const_pointer = string_view::const_pointer;'
Source,../repos/CMake/Source/cmString.hxx,"(205, 3)-(205, 44)",b'using reference = string_view::reference;'
Source,../repos/CMake/Source/cmString.hxx,"(206, 3)-(206, 56)",b'using const_reference = string_view::const_re...'
Source,../repos/CMake/Source/cmString.hxx,"(207, 3)-(207, 54)",b'using const_iterator = string_view::const_ite...'
Source,../repos/CMake/Source/cmString.hxx,"(208, 3)-(208, 48)",b'using iterator = string_view::const_iterator;'
Source,../repos/CMake/Source/cmString.hxx,"(209, 3)-(209, 70)",b'using const_reverse_iterator = string_view::c...'
Source,../repos/CMake/Source/cmString.hxx,"(210, 3)-(210, 64)",b'using reverse_iterator = string_view::const_r...'
Source,../repos/CMake/Source/cmString.hxx,"(211, 3)-(211, 56)",b'using difference_type = string_view::differen...'
Source,../repos/CMake/Source/cmString.hxx,"(212, 3)-(212, 44)",b'using size_type = string_view::size_type;'
Source,../repos/CMake/Source/cmString.hxx,"(839, 3)-(839, 33)",b'using temp_type = string_view;'
Source,../repos/CMake/Source/cmString.hxx,"(850, 3)-(850, 47)","b'using temp_type = StringOpPlus<L, R> const&;'"
Source,../repos/CMake/Source/cmString.hxx,"(927, 3)-(927, 36)",b'using argument_type = cm::String;'
Source,../repos/CMake/Source/cmString.hxx,"(928, 3)-(928, 30)",b'using result_type = size_t;'
Source,../repos/CMake/Source/cmJSONHelpers.h,"(24, 1)-(25, 77)",b'using cmJSONHelper =\n  std::function<bool(T& ...'
Source,../repos/CMake/Source/cmJSONHelpers.h,"(27, 1)-(27, 78)",b'using ErrorGenerator = std::function<void(con...'
Source,../repos/CMake/Source/cmJSONHelpers.h,"(37, 1)-(37, 78)",b'using ErrorGenerator = std::function<void(con...'
Source,../repos/CMake/Source/cmJSONHelpers.h,"(38, 1)-(39, 75)",b'using ObjectErrorGenerator =\n  std::function<...'
Source,../repos/CMake/Source/cmJSONHelpers.h,"(152, 5)-(153, 68)",b'using MemberFunction = std::function<bool(T& ...'
Source,../repos/CMake/Source/cmCMakePresetsGraphReadJSON.cxx,"(28, 1)-(28, 58)",b'using CacheVariable = cmCMakePresetsGraph::Ca...'
Source,../repos/CMake/Source/cmCMakePresetsGraphReadJSON.cxx,"(29, 1)-(29, 62)",b'using ConfigurePreset = cmCMakePresetsGraph::...'
Source,../repos/CMake/Source/cmCMakePresetsGraphReadJSON.cxx,"(30, 1)-(30, 54)",b'using BuildPreset = cmCMakePresetsGraph::Buil...'
Source,../repos/CMake/Source/cmCMakePresetsGraphReadJSON.cxx,"(31, 1)-(31, 52)",b'using TestPreset = cmCMakePresetsGraph::TestP...'
Source,../repos/CMake/Source/cmCMakePresetsGraphReadJSON.cxx,"(32, 1)-(32, 58)",b'using PackagePreset = cmCMakePresetsGraph::Pa...'
Source,../repos/CMake/Source/cmCMakePresetsGraphReadJSON.cxx,"(33, 1)-(33, 60)",b'using WorkflowPreset = cmCMakePresetsGraph::W...'
Source,../repos/CMake/Source/cmCMakePresetsGraphReadJSON.cxx,"(34, 1)-(34, 70)",b'using ArchToolsetStrategy = cmCMakePresetsGra...'
Source,../repos/CMake/Source/cmCMakePresetsGraphReadJSON.cxx,"(35, 1)-(35, 47)",b'using JSONHelperBuilder = cmJSONHelperBuilder;'
Source,../repos/CMake/Source/cmCMakePresetsGraphReadJSON.cxx,"(36, 1)-(36, 74)",b'using ExpandMacroResult = cmCMakePresetsGraph...'
Source,../repos/CMake/Source/cmCMakePresetsGraphReadJSON.cxx,"(37, 1)-(37, 66)",b'using MacroExpander = cmCMakePresetsGraphInte...'
Source,../repos/CMake/Source/cmTimestamp.cxx,"(297, 3)-(297, 76)","b'using T = size_t(__cdecl*)(char*, size_t, con...'"
Source,../repos/CMake/Source/cmCMakePresetsGraph.cxx,"(43, 1)-(43, 62)",b'using ConfigurePreset = cmCMakePresetsGraph::...'
Source,../repos/CMake/Source/cmCMakePresetsGraph.cxx,"(44, 1)-(44, 54)",b'using BuildPreset = cmCMakePresetsGraph::Buil...'
Source,../repos/CMake/Source/cmCMakePresetsGraph.cxx,"(45, 1)-(45, 52)",b'using TestPreset = cmCMakePresetsGraph::TestP...'
Source,../repos/CMake/Source/cmCMakePresetsGraph.cxx,"(46, 1)-(46, 58)",b'using PackagePreset = cmCMakePresetsGraph::Pa...'
Source,../repos/CMake/Source/cmCMakePresetsGraph.cxx,"(47, 1)-(47, 60)",b'using WorkflowPreset = cmCMakePresetsGraph::W...'
Source,../repos/CMake/Source/cmCMakePresetsGraph.cxx,"(49, 1)-(49, 55)",b'using PresetPair = cmCMakePresetsGraph::Prese...'
Source,../repos/CMake/Source/cmCMakePresetsGraph.cxx,"(50, 1)-(50, 74)",b'using ExpandMacroResult = cmCMakePresetsGraph...'
Source,../repos/CMake/Source/cmCMakePresetsGraph.cxx,"(51, 1)-(51, 66)",b'using MacroExpander = cmCMakePresetsGraphInte...'
Source,../repos/CMake/Source/cmCMakePresetsGraph.cxx,"(1180, 5)-(1180, 53)",b'using Type = WorkflowPreset::WorkflowStep::Type;'
Source,../repos/CMake/Source/cmListCommand.cxx,"(528, 3)-(528, 57)",b'using size_type = std::vector<std::string>::s...'
Source,../repos/CMake/Source/cmListCommand.cxx,"(735, 3)-(735, 48)",b'using SortConfig = cmList::SortConfiguration;'
Source,../repos/CMake/Source/cmListCommand.cxx,"(878, 3)-(878, 39)",b'using size_type = cmList::size_type;'
Source,../repos/CMake/Source/cmUVHandlePtr.h,"(268, 1)-(268, 51)",b'using uv_stream_ptr = uv_handle_ptr_<uv_stream_t>;'
Source,../repos/CMake/Source/cmUVHandlePtr.h,"(269, 1)-(269, 51)",b'using uv_handle_ptr = uv_handle_ptr_<uv_handle_t>;'
Source,../repos/CMake/Source/cmFileLock.h,"(10, 1)-(10, 22)",b'using HANDLE = void*;'
Source,../repos/CMake/Source/cmExtraCodeBlocksGenerator.cxx,"(341, 3)-(341, 58)","b'using all_files_map_t = std::map<std::string,...'"
Source,../repos/CMake/Source/cmcmd.cxx,"(530, 1)-(531, 67)",b'using CoCompileHandler = int (*)(const std::s...'
Source,../repos/CMake/Source/cmcmd.cxx,"(661, 7)-(662, 63)",b'using CommandArgument =\n        cmCommandLine...'
Source,../repos/CMake/Source/cmLocalVisualStudio7Generator.cxx,"(59, 3)-(59, 59)",b'using ItemVector = cmComputeLinkInformation::...'
Source,../repos/CMake/Source/cmakemain.cxx,"(249, 3)-(250, 59)",b'using CommandArgument =\n    cmCommandLineArgu...'
Source,../repos/CMake/Source/cmakemain.cxx,"(504, 3)-(505, 59)",b'using CommandArgument =\n    cmCommandLineArgu...'
Source,../repos/CMake/Source/cmakemain.cxx,"(798, 3)-(799, 59)",b'using CommandArgument =\n    cmCommandLineArgu...'
Source,../repos/CMake/Source/cmakemain.cxx,"(921, 3)-(921, 58)",b'using WorkflowListPresets = cmake::WorkflowLi...'
Source,../repos/CMake/Source/cmakemain.cxx,"(922, 3)-(922, 46)",b'using WorkflowFresh = cmake::WorkflowFresh;'
Source,../repos/CMake/Source/cmakemain.cxx,"(927, 3)-(928, 59)",b'using CommandArgument =\n    cmCommandLineArgu...'
Source,../repos/CMake/Source/cmWindowsRegistry.h,"(42, 3)-(42, 48)",b'using ValueTypeSet = cm::enum_set<ValueType>;'
Source,../repos/CMake/Source/cmMakefile.h,"(148, 5)-(149, 74)",b'using ActionT =\n      std::function<void(cmLo...'
Source,../repos/CMake/Source/cmMakefile.h,"(150, 5)-(152, 64)",b'using CCActionT =\n      std::function<void(cm...'
Source,../repos/CMake/Source/cmMakefile.h,"(212, 3)-(212, 68)",b'using CommandSourceCallback = std::function<v...'
Source,../repos/CMake/Source/cmMakefile.h,"(461, 3)-(461, 65)",b'using cmTargetMap = std::unordered_map<std::s...'
Source,../repos/CMake/Source/cmMakefile.h,"(1089, 3)-(1090, 65)",b'using SourceFileMap =\n    std::unordered_map<...'
Source,../repos/CMake/Source/cmMakefile.h,"(1155, 3)-(1155, 65)",b'using FunctionBlockerPtr = std::unique_ptr<cm...'
Source,../repos/CMake/Source/cmMakefile.h,"(1156, 3)-(1157, 69)",b'using FunctionBlockersType =\n    std::stack<F...'
Source,../repos/CMake/Source/cmMakefile.h,"(1182, 3)-(1182, 64)",b'using TargetMap = std::unordered_map<std::str...'
Source,../repos/CMake/Source/cmGeneratedFileStream.h,"(79, 3)-(79, 34)",b'using Stream = cmsys::ofstream;'
Source,../repos/CMake/Source/cmGeneratedFileStream.h,"(80, 3)-(80, 37)",b'using Encoding = codecvt_Encoding;'
Source,../repos/CMake/Source/cmAlgorithms.h,"(42, 3)-(42, 52)",b'using argument_type = typename Range::value_type;'
Source,../repos/CMake/Source/cmAlgorithms.h,"(60, 1)-(61, 61)",b'using cmBacktraceRange =\n  cmRange<std::vecto...'
Source,../repos/CMake/Source/cmAlgorithms.h,"(65, 1)-(65, 79)",b'using cmBTStringRange = cmRange<std::vector<B...'
Source,../repos/CMake/Source/cmAlgorithms.h,"(107, 3)-(107, 76)",b'using Value = typename std::iterator_traits<F...'
Source,../repos/CMake/Source/cmQtAutoGenInitializer.cxx,"(512, 7)-(512, 67)",b'using ParallelType = decltype(this->AutogenTa...'
Source,../repos/CMake/Source/cmQtAutoGenInitializer.cxx,"(538, 9)-(539, 62)",b'using maxCommandLineLengthType =\n          de...'
Source,../repos/CMake/Source/cmGeneratorExpressionEvaluator.h,"(39, 1)-(40, 64)",b'using cmGeneratorExpressionEvaluatorVector =\n...'
Source,../repos/CMake/Source/cmQtAutoGen.h,"(70, 3)-(70, 68)",b'using CompilerFeaturesHandle = std::shared_pt...'
Source,../repos/CMake/Source/cmFileLockResult.h,"(16, 3)-(16, 21)",b'using Error = int;'
Source,../repos/CMake/Source/cmComputeTargetDepends.h,"(92, 3)-(92, 36)",b'using NodeList = cmGraphNodeList;'
Source,../repos/CMake/Source/cmComputeTargetDepends.h,"(93, 3)-(93, 36)",b'using EdgeList = cmGraphEdgeList;'
Source,../repos/CMake/Source/cmComputeTargetDepends.h,"(94, 3)-(94, 38)",b'using Graph = cmGraphAdjacencyList;'
Source,../repos/CMake/Source/CPack/WiX/cmWIXShortcut.h,"(30, 3)-(30, 54)",b'using shortcut_list_t = std::vector<cmWIXShor...'
Source,../repos/CMake/Source/CPack/WiX/cmWIXShortcut.h,"(31, 3)-(31, 68)",b'using shortcut_id_map_t = std::map<std::strin...'
Source,../repos/CMake/Source/CPack/WiX/cmWIXShortcut.h,"(48, 3)-(48, 65)","b'using shortcut_type_map_t = std::map<Type, sh...'"
Source,../repos/CMake/Source/CPack/WiX/cmWIXPatchParser.h,"(43, 3)-(43, 69)",b'using child_list_t = std::vector<std::unique_...'
Source,../repos/CMake/Source/CPack/WiX/cmWIXPatchParser.h,"(44, 3)-(44, 59)","b'using attributes_t = std::map<std::string, st...'"
Source,../repos/CMake/Source/CPack/WiX/cmWIXPatchParser.h,"(57, 3)-(57, 67)","b'using fragment_map_t = std::map<std::string, ...'"
Source,../repos/CMake/Source/CPack/WiX/cmWIXRichTextFormatWriter.cxx,"(28, 3)-(28, 36)",b'using rtf_byte_t = unsigned char;'
Source,../repos/CMake/Source/CPack/WiX/cmCPackWIXGenerator.h,"(48, 3)-(48, 55)","b'using id_map_t = std::map<std::string, std::s...'"
Source,../repos/CMake/Source/CPack/WiX/cmCPackWIXGenerator.h,"(49, 3)-(49, 57)","b'using ambiguity_map_t = std::map<std::string,...'"
Source,../repos/CMake/Source/CPack/WiX/cmCPackWIXGenerator.h,"(50, 3)-(50, 49)",b'using extension_set_t = std::set<std::string>;'
Source,../repos/CMake/Source/CPack/WiX/cmCPackWIXGenerator.h,"(51, 3)-(51, 58)","b'using xmlns_map_t = std::map<std::string, std...'"
Source,../repos/CMake/Source/CPack/IFW/cmCPackIFWRepository.h,"(30, 3)-(30, 65)",b'using RepositoriesVector = std::vector<cmCPac...'
Source,../repos/CMake/Source/CPack/IFW/cmCPackIFWGenerator.h,"(33, 3)-(33, 64)","b'using PackagesMap = std::map<std::string, cmC...'"
Source,../repos/CMake/Source/CPack/IFW/cmCPackIFWGenerator.h,"(34, 3)-(34, 71)","b'using RepositoriesMap = std::map<std::string,...'"
Source,../repos/CMake/Source/CPack/IFW/cmCPackIFWGenerator.h,"(35, 3)-(36, 64)",b'using DependenceMap =\n    std::map<std::strin...'
Source,../repos/CMake/Source/CPack/IFW/cmCPackIFWInstaller.h,"(24, 3)-(24, 65)","b'using PackagesMap = std::map<std::string, cmC...'"
Source,../repos/CMake/Source/CPack/IFW/cmCPackIFWInstaller.h,"(25, 3)-(25, 65)",b'using RepositoriesVector = std::vector<cmCPac...'
Source,../repos/CMake/Source/CPack/cpack.cxx,"(169, 3)-(170, 74)",b'using CommandArgument =\n    cmCommandLineArgu...'
Source,../repos/CMake/Source/CPack/cmCPackArchiveGenerator.h,"(24, 3)-(24, 39)",b'using Superclass = cmCPackGenerator;'
Source,../repos/CMake/Source/CPack/cmCPackInnoSetupGenerator.h,"(13, 1)-(13, 74)",b'using cmCPackInnoSetupKeyValuePairs = std::ma...'
Source,../repos/CMake/Source/CPack/cmCPackFreeBSDGenerator.cxx,"(198, 3)-(198, 42)",b'using VList = std::vector<std::string>;'
Source,../repos/CMake/Source/CPack/cmCPackGeneratorFactory.h,"(28, 3)-(28, 51)",b'using CreateGeneratorCall = cmCPackGenerator*();'
Source,../repos/CMake/Source/CPack/cmCPackGeneratorFactory.h,"(36, 3)-(36, 62)","b'using DescriptionsMap = std::map<std::string,...'"
Source,../repos/CMake/Source/CPack/cmCPackGeneratorFactory.h,"(43, 3)-(43, 78)",b'using t_GeneratorCreatorsMap = std::map<std::...'
Source,../repos/CMake/Source/cmCPluginAPI.cxx,"(512, 1)-(513, 68)",b'using cmCPluginAPISourceFileMap =\n  std::map<...'
Source,../repos/CMake/Source/cmSystemTools.cxx,"(1038, 1)-(1038, 51)",b'using mode_t = cmSystemTools::SystemTools::mode_t;'
Source,../repos/CMake/Source/cmSystemTools.cxx,"(2843, 1)-(2843, 71)",b'using EmptyCallback = std::function<bool(std:...'
Source,../repos/CMake/Source/cmSystemTools.cxx,"(2844, 1)-(2845, 79)",b'using AdjustCallback = std::function<bool(\n  ...'
Source,../repos/CMake/Source/cmFileTime.h,"(16, 3)-(16, 30)",b'using TimeType = long long;'
Source,../repos/CMake/Source/CursesDialog/cmCursesMainForm.cxx,"(388, 3)-(388, 55)",b'using size_type = decltype(this->Fields)::siz...'
Source,../repos/CMake/Source/cmDuration.h,"(8, 1)-(8, 65)",b'using cmDuration = std::chrono::duration<doub...'
Source,../repos/CMake/Source/cm_sys_stat.h,"(6, 1)-(6, 31)",b'using mode_t = unsigned short;'
Source,../repos/CMake/Source/cmVisualStudioSlnData.h,"(82, 3)-(82, 67)","b'using ProjectStorage = std::map<std::string, ...'"
Source,../repos/CMake/Source/cmVisualStudioSlnData.h,"(84, 3)-(84, 78)",b'using ProjectStringIndex = std::map<std::stri...'
Source,../repos/CMake/Source/cmConditionEvaluator.cxx,"(134, 3)-(134, 55)",b'using base_t = std::list<cmExpandedCommandArg...'
Source,../repos/CMake/Source/cmConditionEvaluator.cxx,"(263, 3)-(264, 50)",b'using handlerFn_t = bool (cmConditionEvaluato...'
Source,../repos/CMake/Source/cmDependsC.h,"(62, 3)-(62, 65)",b'using TransformRulesType = std::map<std::stri...'
Source,../repos/CMake/Source/cmDefinitions.h,"(26, 3)-(26, 59)",b'using StackIter = cmLinkedTree<cmDefinitions>...'
Source,../repos/CMake/Source/cmCTest.h,"(45, 3)-(45, 46)",b'using Encoding = cmProcessOutput::Encoding;'
Source,../repos/CMake/Source/cmake.h,"(128, 3)-(128, 55)",b'using TraceFormat = cmTraceEnums::TraceOutput...'
Source,../repos/CMake/Source/cmake.h,"(153, 3)-(153, 68)",b'using InstalledFilesMap = std::map<std::strin...'
Source,../repos/CMake/Source/cmake.h,"(391, 3)-(391, 79)",b'using ProgressCallbackType = std::function<vo...'
Source,../repos/CMake/Source/cmake.h,"(695, 3)-(696, 60)",b'using RegisteredGeneratorsVector =\n    std::v...'
Source,../repos/CMake/Source/cmake.h,"(698, 3)-(699, 61)",b'using RegisteredExtraGeneratorsVector =\n    s...'
Source,../repos/CMake/Source/cmInstalledFile.h,"(24, 3)-(25, 52)",b'using CompiledGeneratorExpressionPtrType =\n  ...'
Source,../repos/CMake/Source/cmInstalledFile.h,"(27, 3)-(27, 80)",b'using ExpressionVectorType = std::vector<Comp...'
Source,../repos/CMake/Source/cmInstalledFile.h,"(40, 3)-(40, 59)","b'using PropertyMapType = std::map<std::string,...'"
Source,../repos/CMake/Source/cmInstallGenerator.h,"(84, 3)-(86, 77)",b'using TweakMethod =\n    std::function<void(st...'
Source,../repos/CMake/Source/cmFortranParser.h,"(17, 1)-(17, 50)",b'using cmFortranParser = struct cmFortranParser_s;'
Source,../repos/CMake/Source/cmExtraSublimeTextGenerator.h,"(26, 3)-(26, 78)",b'using MapSourceFileFlags = std::map<std::stri...'
Source,../repos/CMake/Source/cmList.h,"(46, 3)-(46, 51)",b'using container_type = std::vector<std::string>;'
Source,../repos/CMake/Source/cmList.h,"(48, 3)-(48, 49)",b'using value_type = container_type::value_type;'
Source,../repos/CMake/Source/cmList.h,"(49, 3)-(49, 57)",b'using allocator_type = container_type::alloca...'
Source,../repos/CMake/Source/cmList.h,"(50, 3)-(50, 36)",b'using index_type = std::intptr_t;'
Source,../repos/CMake/Source/cmList.h,"(51, 3)-(51, 47)",b'using size_type = container_type::size_type;'
Source,../repos/CMake/Source/cmList.h,"(52, 3)-(52, 59)",b'using difference_type = container_type::diffe...'
Source,../repos/CMake/Source/cmList.h,"(53, 3)-(53, 47)",b'using reference = container_type::reference;'
Source,../repos/CMake/Source/cmList.h,"(54, 3)-(54, 59)",b'using const_reference = container_type::const...'
Source,../repos/CMake/Source/cmList.h,"(55, 3)-(55, 45)",b'using iterator = container_type::iterator;'
Source,../repos/CMake/Source/cmList.h,"(56, 3)-(56, 57)",b'using const_iterator = container_type::const_...'
Source,../repos/CMake/Source/cmList.h,"(57, 3)-(57, 61)",b'using reverse_iterator = container_type::reve...'
Source,../repos/CMake/Source/cmList.h,"(58, 3)-(58, 73)",b'using const_reverse_iterator = container_type...'
Source,../repos/CMake/Source/cmList.h,"(880, 5)-(880, 43)",b'using index_type = cmList::index_type;'
Source,../repos/CMake/Source/cmOutputRequiredFilesCommand.cxx,"(44, 3)-(44, 60)",b'using DependencySetType = std::set<cmDependIn...'
Source,../repos/CMake/Source/cmOutputRequiredFilesCommand.cxx,"(446, 3)-(446, 64)",b'using FileToPathMapType = std::map<std::strin...'
Source,../repos/CMake/Source/cmOutputRequiredFilesCommand.cxx,"(447, 3)-(448, 46)",b'using DirectoryToFileToPathMapType =\n    std:...'
Source,../repos/CMake/Source/cmOutputRequiredFilesCommand.cxx,"(449, 3)-(450, 65)",b'using DependInformationMapType =\n    std::map...'
Source,../repos/CMake/Source/cmDebuggerWindowsPipeConnection.h,"(76, 1)-(76, 65)",b'using cmDebuggerPipeConnection = cmDebuggerPi...'
Source,../repos/CMake/Source/cmDebuggerWindowsPipeConnection.h,"(99, 1)-(99, 57)",b'using cmDebuggerPipeClient = cmDebuggerPipeCl...'
Source,../repos/CMake/Source/kwsys/CommandLineArguments.cxx,"(70, 3)-(70, 63)",b'using VectorOfStrings = CommandLineArgumentsV...'
Source,../repos/CMake/Source/kwsys/CommandLineArguments.cxx,"(71, 3)-(71, 56)",b'using CallbacksMap = CommandLineArgumentsMapO...'
Source,../repos/CMake/Source/kwsys/CommandLineArguments.cxx,"(72, 3)-(72, 30)",b'using String = std::string;'
Source,../repos/CMake/Source/kwsys/CommandLineArguments.cxx,"(73, 3)-(73, 57)",b'using SetOfStrings = CommandLineArgumentsSetO...'
Source,../repos/CMake/Source/kwsys/CommandLineArguments.cxx,"(465, 3)-(466, 74)",b'using MapArgs = std::map<CommandLineArguments...'
Source,../repos/CMake/Source/kwsys/testCommandLineArguments.cxx,"(101, 3)-(101, 44)",b'using argT = kwsys::CommandLineArguments;'
Source,../repos/CMake/Source/kwsys/SystemInformation.cxx,"(135, 1)-(135, 43)",b'using ResourceLimitType = struct rlimit64;'
Source,../repos/CMake/Source/kwsys/SystemInformation.cxx,"(263, 1)-(263, 52)","b'using SigAction = void (*)(int, siginfo_t*, v...'"
Source,../repos/CMake/Source/kwsys/SystemInformation.cxx,"(267, 1)-(267, 43)",b'using DELAY_FUNC = void (*)(unsigned int);'
Source,../repos/CMake/Source/kwsys/SystemInformation.cxx,"(336, 3)-(359, 5)",b'using ID = struct tagID\n\n  {\n\n    int Type;\n\n...'
Source,../repos/CMake/Source/kwsys/SystemInformation.cxx,"(361, 3)-(370, 5)",b'using CPUPowerManagement = struct tagCPUPower...'
Source,../repos/CMake/Source/kwsys/SystemInformation.cxx,"(372, 3)-(391, 5)",b'using CPUExtendedFeatures = struct tagCPUExte...'
Source,../repos/CMake/Source/kwsys/SystemInformation.cxx,"(393, 3)-(432, 5)",b'using CPUFeatures = struct CPUtagFeatures\n\n  ...'
Source,../repos/CMake/Source/kwsys/testCommandLineArguments1.cxx,"(28, 3)-(28, 44)",b'using argT = kwsys::CommandLineArguments;'
Source,../repos/CMake/Source/kwsys/SystemTools.cxx,"(435, 1)-(435, 22)",b'using envchar = char;'
Source,../repos/CMake/Source/kwsys/SystemTools.cxx,"(542, 3)-(542, 56)","b'using StringMap = std::map<std::string, std::...'"
Source,../repos/CMake/Source/cmUuid.cxx,"(56, 3)-(56, 32)",b'using byte_t = unsigned char;'
Source,../repos/CMake/Source/cmFileCommand.cxx,"(1671, 1)-(1671, 53)",b'using cmFileCommandVectorOfChar = std::vector...'
Source,../repos/CMake/Source/cmFileCommand.cxx,"(1725, 1)-(1725, 34)",b'using cm_curl_off_t = curl_off_t;'
Source,../repos/CMake/Source/cmFileCommand.cxx,"(1728, 1)-(1728, 30)",b'using cm_curl_off_t = double;'
Source,../repos/CMake/Source/cmNinjaTypes.h,"(19, 1)-(19, 46)",b'using cmNinjaDeps = std::vector<std::string>;'
Source,../repos/CMake/Source/cmNinjaTypes.h,"(20, 1)-(20, 56)","b'using cmNinjaVars = std::map<std::string, std...'"
Source,../repos/CMake/Source/cmGlobalXCodeGenerator.cxx,"(1534, 5)-(1535, 57)",b'using mapOfVectorOfSourceFiles =\n      std::m...'
Source,../repos/CMake/Source/cmGlobalXCodeGenerator.cxx,"(1582, 5)-(1583, 57)",b'using mapOfVectorOfSourceFiles =\n      std::m...'
Source,../repos/CMake/Source/cmComputeLinkDepends.h,"(76, 3)-(76, 46)",b'using EntryVector = std::vector<LinkEntry>;'
Source,../repos/CMake/Source/cmComputeLinkDepends.h,"(160, 3)-(160, 36)",b'using NodeList = cmGraphNodeList;'
Source,../repos/CMake/Source/cmComputeLinkDepends.h,"(161, 3)-(161, 36)",b'using EdgeList = cmGraphEdgeList;'
Source,../repos/CMake/Source/cmComputeLinkDepends.h,"(162, 3)-(162, 38)",b'using Graph = cmGraphAdjacencyList;'
Source,../repos/CMake/Source/cmXCodeScheme.h,"(21, 3)-(21, 57)",b'using TestObjects = std::vector<const cmXCode...'
Source,../repos/CMake/Source/cmDebuggerProtocol.h,"(149, 3)-(149, 44)",b'using Response = CMakeInitializeResponse;'
Source,../repos/CMake/Source/cmGlobVerificationManager.h,"(76, 3)-(76, 66)","b'using CacheEntryMap = std::map<CacheEntryKey,...'"
Source,../repos/CMake/Source/cmWorkerPool.h,"(128, 3)-(128, 44)",b'using JobHandleT = std::unique_ptr<JobT>;'
Source,../repos/CMake/Source/cmWindowsRegistry.cxx,"(73, 3)-(73, 50)",b'using ValueType = cmWindowsRegistry::ValueType;'
Source,../repos/CMake/Source/cmWindowsRegistry.cxx,"(110, 3)-(110, 40)",b'using View = cmWindowsRegistry::View;'
Source,../repos/CMake/Source/cmWindowsRegistry.cxx,"(111, 3)-(111, 56)",b'using ValueTypeSet = cmWindowsRegistry::Value...'
Source,../repos/CMake/Source/cmMakefile.cxx,"(4742, 3)-(4742, 41)",b'using PolicyID = cmPolicies::PolicyID;'
Source,../repos/CMake/Source/cmPropertyMap.cxx,"(67, 3)-(67, 58)","b'using StringPair = std::pair<std::string, std...'"
Source,../repos/CMake/Source/cmMakefileTargetGenerator.h,"(262, 3)-(262, 70)",b'using MultipleOutputPairsType = std::map<std:...'
Source,../repos/CMake/Source/cmOrderDirectories.cxx,"(417, 3)-(417, 44)","b'using ConflictPair = std::pair<int, int>;'"
Source,../repos/CMake/Source/cmOrderDirectories.cxx,"(560, 5)-(560, 71)","b'using value_type = std::map<std::string, std:...'"
Source,../repos/CMake/Source/cmCMakePresetsGraphReadJSONTestPresets.cxx,"(24, 1)-(24, 52)",b'using TestPreset = cmCMakePresetsGraph::TestP...'
Source,../repos/CMake/Source/cmCMakePresetsGraphReadJSONTestPresets.cxx,"(25, 1)-(25, 47)",b'using JSONHelperBuilder = cmJSONHelperBuilder;'
Source,../repos/CMake/Source/cmDependsFortran.cxx,"(52, 3)-(52, 64)",b'using TargetRequiresMap = std::map<std::strin...'
Source,../repos/CMake/Source/cmDependsFortran.cxx,"(56, 3)-(56, 68)","b'using ObjectInfoMap = std::map<std::string, c...'"
Source,../repos/CMake/Source/cmDependsFortran.cxx,"(174, 3)-(174, 66)",b'using ObjectInfoMap = cmDependsFortranInterna...'
Source,../repos/CMake/Source/cmDependsFortran.cxx,"(225, 3)-(225, 66)",b'using ObjectInfoMap = cmDependsFortranInterna...'
Source,../repos/CMake/Source/cmCMakePresetsGraphReadJSONWorkflowPresets.cxx,"(19, 1)-(19, 60)",b'using WorkflowPreset = cmCMakePresetsGraph::W...'
Source,../repos/CMake/Source/cmDepends.h,"(26, 3)-(26, 73)","b'using DependencyMap = std::map<std::string, s...'"
Source,../repos/CMake/Source/cmVisualStudioGeneratorOptions.h,"(16, 1)-(16, 39)",b'using cmVS7FlagTable = cmIDEFlagTable;'
Source,../repos/CMake/Source/cmLinkLineDeviceComputer.cxx,"(58, 3)-(58, 59)",b'using ItemVector = cmComputeLinkInformation::...'
Source,../repos/CMake/Source/cmLinkLineDeviceComputer.cxx,"(76, 3)-(76, 59)",b'using ItemVector = cmComputeLinkInformation::...'
Source,../repos/CMake/Source/cmLinkLineDeviceComputer.cxx,"(100, 3)-(100, 59)",b'using ItemVector = cmComputeLinkInformation::...'
Source,../repos/CMake/Source/cmELF.h,"(67, 3)-(67, 72)",b'using DynamicEntryList = std::vector<std::pai...'
Source,../repos/CMake/Source/cmCMakePresetsGraphReadJSONBuildPresets.cxx,"(23, 1)-(23, 54)",b'using BuildPreset = cmCMakePresetsGraph::Buil...'
Source,../repos/CMake/Source/cmCMakePresetsGraphReadJSONBuildPresets.cxx,"(24, 1)-(24, 47)",b'using JSONHelperBuilder = cmJSONHelperBuilder;'
Source,../repos/CMake/Source/cmLinkedTree.h,"(29, 3)-(29, 59)",b'using PositionType = typename std::vector<T>:...'
Source,../repos/CMake/Source/cmLinkedTree.h,"(30, 3)-(30, 26)",b'using PointerType = T*;'
Source,../repos/CMake/Source/cmLinkedTree.h,"(31, 3)-(31, 28)",b'using ReferenceType = T&;'
Source,../repos/CMake/Source/cmGlobalUnixMakefileGenerator3.h,"(280, 3)-(281, 79)",b'using ProgressMapType = std::map<cmGeneratorT...'
Source,../repos/CMake/Source/cmStringAlgorithms.h,"(21, 1)-(21, 73)",b'using cmStringRange = cmRange<std::vector<std...'
Source,../repos/CMake/Source/cmCMakePath.h,"(88, 3)-(89, 76)",b'using enable_if_move_pathable =\n    cm::enabl...'
Source,../repos/CMake/Source/cmCMakePath.h,"(92, 3)-(93, 71)",b'using enable_if_pathable =\n    cm::enable_if_...'
Source,../repos/CMake/Source/cmCMakePath.h,"(96, 3)-(96, 55)",b'using value_type = cm::filesystem::path::valu...'
Source,../repos/CMake/Source/cmCMakePath.h,"(97, 3)-(97, 57)",b'using string_type = cm::filesystem::path::str...'
Source,../repos/CMake/Source/cmCMakePath.h,"(110, 3)-(110, 35)",b'using const_iterator = iterator;'
Source,../repos/CMake/Source/cmCMakePath.h,"(659, 3)-(659, 79)",b'using iterator_category = cm::filesystem::pat...'
Source,../repos/CMake/Source/cmCMakePath.h,"(661, 3)-(661, 34)",b'using value_type = cmCMakePath;'
Source,../repos/CMake/Source/cmCMakePath.h,"(662, 3)-(662, 75)",b'using difference_type = cm::filesystem::path:...'
Source,../repos/CMake/Source/cmCMakePath.h,"(663, 3)-(663, 38)",b'using pointer = const cmCMakePath*;'
Source,../repos/CMake/Source/cmCMakePath.h,"(664, 3)-(664, 40)",b'using reference = const cmCMakePath&;'
Source,../repos/CMake/Source/cmLinkItemGraphVisitor.h,"(63, 3)-(63, 60)","b'using Dependency = std::pair<DependencyType, ...'"
Source,../repos/CMake/Source/cmLinkItemGraphVisitor.h,"(64, 3)-(64, 59)","b'using DependencyMap = std::map<std::string, D...'"
Source,../repos/CMake/Source/cmFileAPICodemodel.cxx,"(66, 1)-(67, 66)",b'using TargetIndexMapType =\n  std::unordered_m...'
Source,../repos/CMake/Source/cmFileAPICodemodel.cxx,"(447, 3)-(447, 67)","b'using FileSetDatabase = std::map<std::string,...'"
Source,../repos/CMake/Source/cmExecProgramCommand.cxx,"(15, 1)-(15, 44)",b'using Encoding = cmProcessOutput::Encoding;'
Source,../repos/CMake/Source/cmScriptGenerator.h,"(58, 3)-(58, 42)",b'using Indent = cmScriptGeneratorIndent;'
Source,../repos/CMake/Source/cmUVStreambuf.h,"(217, 1)-(217, 48)",b'using cmUVStreambuf = cmBasicUVStreambuf<char>;'
Source,../repos/CMake/Source/cmParseArgumentsCommand.cxx,"(44, 1)-(44, 49)","b'using options_map = std::map<std::string, bool>;'"
Source,../repos/CMake/Source/cmParseArgumentsCommand.cxx,"(45, 1)-(45, 55)","b'using single_map = std::map<std::string, std:...'"
Source,../repos/CMake/Source/cmParseArgumentsCommand.cxx,"(46, 1)-(47, 77)","b'using multi_map =\n  std::map<std::string, Arg...'"
Source,../repos/CMake/Source/cmParseArgumentsCommand.cxx,"(48, 1)-(48, 47)",b'using options_set = std::set<cm::string_view>;'
Source,../repos/CMake/Source/cmCMakePresetsGraphInternal.h,"(30, 1)-(31, 71)",b'using MacroExpander = std::function<ExpandMac...'
Source,../repos/CMake/Source/cmFindPackageCommand.h,"(258, 3)-(258, 62)",b'using argument_type = cmFindPackageCommand::C...'
Source,../repos/CMake/Source/cmFindPackageCommand.h,"(259, 3)-(259, 30)",b'using result_type = size_t;'
Source,../repos/CMake/Source/cmXMLParser.h,"(45, 3)-(45, 60)","b'using ReportFunction = void (*)(int, const ch...'"
Source,../repos/CMake/Source/cmList.cxx,"(102, 3)-(102, 71)",b'using StringFilter = std::function<std::strin...'
Source,../repos/CMake/Source/cmList.cxx,"(104, 3)-(104, 58)",b'using OrderMode = cmList::SortConfiguration::...'
Source,../repos/CMake/Source/cmList.cxx,"(105, 3)-(105, 66)",b'using CompareMethod = cmList::SortConfigurati...'
Source,../repos/CMake/Source/cmList.cxx,"(106, 3)-(106, 70)",b'using CaseSensitivity = cmList::SortConfigura...'
Source,../repos/CMake/Source/cmList.cxx,"(122, 3)-(123, 65)",b'using ComparisonFunction =\n    std::function<...'
Source,../repos/CMake/Source/cmList.cxx,"(205, 1)-(205, 71)",b'using transform_type = std::function<std::str...'
Source,../repos/CMake/Source/cmList.cxx,"(206, 1)-(206, 49)",b'using transform_error = cmList::transform_error;'
Source,../repos/CMake/Source/cmList.cxx,"(596, 1)-(598, 74)",b'using ActionDescriptorSet = std::set<\n  Actio...'
Source,../repos/CMake/Source/cmCMakeHostSystemInformationCommand.cxx,"(569, 3)-(569, 40)",b'using View = cmWindowsRegistry::View;'
Source,../repos/CMake/Source/cmCMakePresetsGraphReadJSONPackagePresets.cxx,"(21, 1)-(21, 58)",b'using PackagePreset = cmCMakePresetsGraph::Pa...'
Source,../repos/CMake/Source/cmGeneratorExpressionParser.h,"(17, 3)-(18, 66)",b'using cmGeneratorExpressionEvaluatorVector =\n...'
Source,../repos/CMake/Source/cmUVStream.h,"(64, 1)-(64, 44)",b'using cmUVIStream = cmBasicUVIStream<char>;'
Source,../repos/CMake/Source/cmUVStream.h,"(108, 1)-(108, 52)",b'using cmUVPipeIStream = cmBasicUVPipeIStream<...'
Source,../repos/CMake/Source/cmVariableWatch.h,"(22, 3)-(23, 51)",b'using WatchMethod = void (*)(const std::strin...'
Source,../repos/CMake/Source/cmVariableWatch.h,"(24, 3)-(24, 38)",b'using DeleteData = void (*)(void*);'
Source,../repos/CMake/Source/cmVariableWatch.h,"(78, 3)-(78, 60)",b'using VectorOfPairs = std::vector<std::shared...'
Source,../repos/CMake/Source/cmVariableWatch.h,"(79, 3)-(79, 70)",b'using StringToVectorOfPairs = std::map<std::s...'
Source,../repos/CMake/Source/cmFileLockPool.h,"(77, 5)-(77, 42)",b'using List = std::vector<cmFileLock>;'
Source,../repos/CMake/Source/cmFileLockPool.h,"(82, 3)-(82, 39)",b'using List = std::vector<ScopePool>;'
Source,../repos/CMake/Source/cmOrderDirectories.h,"(80, 3)-(80, 44)","b'using ConflictPair = std::pair<int, int>;'"
Source,../repos/CMake/Source/cmVisualStudioSlnParser.h,"(46, 3)-(46, 52)",b'using DataGroupSet = std::bitset<DataGroupCount>;'
Source,../repos/CMake/Source/cmRange.h,"(17, 3)-(17, 61)",b'using iterator_category = std::bidirectional_...'
Source,../repos/CMake/Source/cmRange.h,"(18, 3)-(18, 70)",b'using value_type = typename std::iterator_tra...'
Source,../repos/CMake/Source/cmRange.h,"(19, 3)-(19, 80)",b'using difference_type = typename std::iterato...'
Source,../repos/CMake/Source/cmRange.h,"(20, 3)-(20, 64)",b'using pointer = typename std::iterator_traits...'
Source,../repos/CMake/Source/cmRange.h,"(21, 3)-(21, 68)",b'using reference = typename std::iterator_trai...'
Source,../repos/CMake/Source/cmRange.h,"(78, 3)-(78, 61)",b'using iterator_category = std::bidirectional_...'
Source,../repos/CMake/Source/cmRange.h,"(79, 3)-(81, 45)",b'using value_type = typename std::remove_cv<\n ...'
Source,../repos/CMake/Source/cmRange.h,"(82, 3)-(82, 80)",b'using difference_type = typename std::iterato...'
Source,../repos/CMake/Source/cmRange.h,"(83, 3)-(83, 37)",b'using pointer = value_type const*;'
Source,../repos/CMake/Source/cmRange.h,"(84, 3)-(84, 39)",b'using reference = value_type const&;'
Source,../repos/CMake/Source/cmRange.h,"(131, 3)-(131, 31)",b'using const_iterator = Iter;'
Source,../repos/CMake/Source/cmRange.h,"(132, 3)-(132, 70)",b'using value_type = typename std::iterator_tra...'
Source,../repos/CMake/Source/cmRange.h,"(133, 3)-(133, 80)",b'using difference_type = typename std::iterato...'
Source,../repos/CMake/Source/cmRange.h,"(196, 5)-(196, 69)",b'using It = RangeIterators::FilterIterator<Ite...'
Source,../repos/CMake/Source/cmRange.h,"(204, 5)-(204, 71)",b'using It = RangeIterators::TransformIterator<...'
Source,../repos/CMake/Source/cmPropertyDefinition.h,"(72, 3)-(72, 65)","b'using KeyType = std::pair<std::string, cmProp...'"
Source,../repos/CMake/Source/cmVisualStudioSlnParser.cxx,"(60, 3)-(60, 51)","b'using StringData = std::pair<std::string, bool>;'"
Source,../repos/CMake/Source/cmQtAutoGenerator.cxx,"(151, 5)-(151, 49)",b'using IsIt = std::istreambuf_iterator<char>;'
Source,../repos/CMake/Source/CTest/cmCTestCoverageHandler.h,"(27, 3)-(27, 53)",b'using SingleFileCoverageVector = std::vector<int>;'
Source,../repos/CMake/Source/CTest/cmCTestCoverageHandler.h,"(28, 3)-(28, 76)",b'using TotalCoverageMap = std::map<std::string...'
Source,../repos/CMake/Source/CTest/cmCTestCoverageHandler.h,"(40, 3)-(40, 44)",b'using Superclass = cmCTestGenericHandler;'
Source,../repos/CMake/Source/CTest/cmCTestCoverageHandler.h,"(131, 3)-(131, 56)","b'using LabelMapType = std::map<std::string, La...'"
Source,../repos/CMake/Source/CTest/cmCTestCoverageHandler.h,"(136, 3)-(136, 53)","b'using LabelIdMapType = std::map<std::string, int>;'"
Source,../repos/CMake/Source/CTest/cmCTestBZR.cxx,"(204, 3)-(204, 41)",b'using Revision = cmCTestBZR::Revision;'
Source,../repos/CMake/Source/CTest/cmCTestBZR.cxx,"(205, 3)-(205, 37)",b'using Change = cmCTestBZR::Change;'
Source,../repos/CMake/Source/CTest/cmCTestTestHandler.cxx,"(1012, 3)-(1012, 52)",b'using TestIterator = ListOfTests::const_iterator;'
Source,../repos/CMake/Source/CTest/cmCTestTestHandler.cxx,"(1013, 3)-(1013, 72)",b'using FixtureDependencies = std::multimap<std...'
Source,../repos/CMake/Source/CTest/cmCTestTestHandler.cxx,"(1014, 3)-(1014, 67)",b'using FixtureDepsIterator = FixtureDependenci...'
Source,../repos/CMake/Source/CTest/cmCTestTestHandler.h,"(43, 3)-(43, 44)",b'using Superclass = cmCTestGenericHandler;'
Source,../repos/CMake/Source/CTest/cmCTestTestHandler.h,"(225, 3)-(225, 58)",b'using ListOfTests = std::vector<cmCTestTestPr...'
Source,../repos/CMake/Source/CTest/cmCTestTestHandler.h,"(231, 3)-(232, 76)",b'using SetOfTests =\n    std::set<cmCTestTestHa...'
Source,../repos/CMake/Source/CTest/cmCTestTestHandler.h,"(264, 3)-(264, 60)",b'using TestResultsVector = std::vector<cmCTest...'
Source,../repos/CMake/Source/CTest/cmParseBlanketJSCoverage.cxx,"(17, 3)-(18, 63)",b'using FileLinesType =\n    cmCTestCoverageHand...'
Source,../repos/CMake/Source/CTest/cmCTestSVN.cxx,"(305, 3)-(305, 41)",b'using Revision = cmCTestSVN::Revision;'
Source,../repos/CMake/Source/CTest/cmCTestSVN.cxx,"(306, 3)-(306, 37)",b'using Change = cmCTestSVN::Change;'
Source,../repos/CMake/Source/CTest/cmCTestUpdateHandler.h,"(20, 3)-(20, 44)",b'using Superclass = cmCTestGenericHandler;'
Source,../repos/CMake/Source/CTest/cmCTestBuildHandler.cxx,"(544, 3)-(544, 60)","b'using Fragments = std::set<std::string, Fragm...'"
Source,../repos/CMake/Source/CTest/cmParseDelphiCoverage.cxx,"(16, 3)-(17, 63)",b'using FileLinesType =\n    cmCTestCoverageHand...'
Source,../repos/CMake/Source/CTest/cmCTestHG.cxx,"(173, 3)-(173, 40)",b'using Revision = cmCTestHG::Revision;'
Source,../repos/CMake/Source/CTest/cmCTestHG.cxx,"(174, 3)-(174, 36)",b'using Change = cmCTestHG::Change;'
Source,../repos/CMake/Source/CTest/cmCTestConfigureHandler.h,"(16, 3)-(16, 44)",b'using Superclass = cmCTestGenericHandler;'
Source,../repos/CMake/Source/CTest/cmCTestMemCheckHandler.h,"(24, 3)-(24, 41)",b'using Superclass = cmCTestTestHandler;'
Source,../repos/CMake/Source/CTest/cmCTestUploadHandler.h,"(21, 3)-(21, 44)",b'using Superclass = cmCTestGenericHandler;'
Source,../repos/CMake/Source/CTest/cmCTestResourceSpec.cxx,"(20, 1)-(20, 47)",b'using JSONHelperBuilder = cmJSONHelperBuilder;'
Source,../repos/CMake/Source/CTest/cmCTestBuildAndTestHandler.h,"(24, 3)-(24, 44)",b'using Superclass = cmCTestGenericHandler;'
Source,../repos/CMake/Source/CTest/cmParseJacocoCoverage.cxx,"(137, 3)-(138, 63)",b'using FileLinesType =\n    cmCTestCoverageHand...'
Source,../repos/CMake/Source/CTest/cmParseCoberturaCoverage.cxx,"(146, 3)-(147, 63)",b'using FileLinesType =\n    cmCTestCoverageHand...'
Source,../repos/CMake/Source/CTest/cmCTestGIT.cxx,"(337, 3)-(337, 37)",b'using Change = cmCTestGIT::Change;'
Source,../repos/CMake/Source/CTest/cmCTestGIT.cxx,"(459, 3)-(459, 41)",b'using Revision = cmCTestGIT::Revision;'
Source,../repos/CMake/Source/CTest/cmCTestGenericHandler.h,"(73, 3)-(73, 63)",b'using t_StringToString = std::map<std::string...'
Source,../repos/CMake/Source/CTest/cmCTestGenericHandler.h,"(74, 3)-(75, 53)",b'using t_StringToMultiString =\n    std::map<st...'
Source,../repos/CMake/Source/CTest/cmCTestScriptHandler.h,"(62, 3)-(62, 44)",b'using Superclass = cmCTestGenericHandler;'
Source,../repos/CMake/Source/CTest/cmCTestBuildHandler.h,"(31, 3)-(31, 44)",b'using Superclass = cmCTestGenericHandler;'
Source,../repos/CMake/Source/CTest/cmCTestBuildHandler.h,"(32, 3)-(32, 46)",b'using Encoding = cmProcessOutput::Encoding;'
Source,../repos/CMake/Source/CTest/cmCTestBuildHandler.h,"(114, 3)-(114, 55)",b'using t_BuildProcessingQueueType = std::deque...'
Source,../repos/CMake/Source/CTest/cmCTestBuildHandler.h,"(129, 3)-(129, 75)",b'using t_ErrorsAndWarningsVector = std::vector...'
Source,../repos/CMake/Source/CTest/cmCTestSubmitHandler.h,"(25, 3)-(25, 44)",b'using Superclass = cmCTestGenericHandler;'
Source,../repos/CMake/Source/CTest/cmCTestSubmitHandler.h,"(72, 3)-(72, 62)",b'using cmCTestSubmitHandlerVectorOfChar = std:...'
Source,../repos/CMake/Source/CTest/cmCTestP4.cxx,"(204, 3)-(204, 40)",b'using Revision = cmCTestP4::Revision;'
Source,../repos/CMake/Source/CTest/cmCTestP4.cxx,"(205, 3)-(205, 36)",b'using Change = cmCTestP4::Change;'
Source,../repos/CMake/Source/CTest/cmCTestSubmitHandler.cxx,"(35, 1)-(35, 60)",b'using cmCTestSubmitHandlerVectorOfChar = std:...'
Source,../repos/CMake/Source/CTest/cmCTestCVS.cxx,"(107, 3)-(107, 41)",b'using Revision = cmCTestCVS::Revision;'
Source,../repos/CMake/Source/cmAffinity.cxx,"(24, 1)-(24, 31)",b'using cm_cpuset_t = cpu_set_t;'
Source,../repos/CMake/Source/cmAffinity.cxx,"(26, 1)-(26, 30)",b'using cm_cpuset_t = cpuset_t;'
Source,../repos/CMake/Source/cmake.cxx,"(149, 1)-(149, 71)",b'using JsonValueMapType = std::unordered_map<s...'
Source,../repos/CMake/Source/cmake.cxx,"(156, 1)-(157, 71)",b'using CommandArgument =\n  cmCommandLineArgume...'
Source,../repos/CMake/Source/cmake.cxx,"(1642, 1)-(1642, 66)","b'using LevelsPair = std::pair<cm::string_view,...'"
Source,../repos/CMake/Source/cmake.cxx,"(1643, 1)-(1643, 51)","b'using LevelsPairArray = std::array<LevelsPair, 7>;'"
Source,../repos/CMake/Source/cmake.cxx,"(1691, 3)-(1691, 57)","b'using TracePair = std::pair<std::string, Trac...'"
Source,../repos/CMake/Source/cmFindPackageCommand.cxx,"(1772, 3)-(1772, 51)",b'using ITScope = cmMakefile::ImportedTargetScope;'
Source,../repos/CMake/Source/cmGccDepfileReaderTypes.h,"(14, 1)-(14, 63)",b'using cmGccDepfileContent = std::vector<cmGcc...'
Source,../repos/CMake/Source/cmLocalUnixMakefileGenerator3.h,"(156, 3)-(156, 58)",b'using ImplicitDependFileMap = cmDepends::Depe...'
Source,../repos/CMake/Source/cmLocalUnixMakefileGenerator3.h,"(157, 3)-(158, 50)",b'using ImplicitDependLanguageMap =\n    std::ma...'
Source,../repos/CMake/Source/cmLocalUnixMakefileGenerator3.h,"(159, 3)-(160, 66)",b'using ImplicitDependScannerMap =\n    std::map...'
Source,../repos/CMake/Source/cmLocalUnixMakefileGenerator3.h,"(161, 3)-(162, 53)",b'using ImplicitDependTargetMap =\n    std::map<...'
Source,../repos/CMake/Source/cmGeneratorExpressionNode.cxx,"(620, 3)-(620, 60)",b'using Base = cmRange<typename Container::cons...'
Source,../repos/CMake/Source/cmGeneratorExpressionNode.cxx,"(623, 3)-(623, 61)",b'using const_iterator = typename Container::co...'
Source,../repos/CMake/Source/cmGeneratorExpressionNode.cxx,"(624, 3)-(624, 53)",b'using value_type = typename Container::value_type;'
Source,../repos/CMake/Source/cmGeneratorExpressionNode.cxx,"(625, 3)-(625, 51)",b'using size_type = typename Container::size_type;'
Source,../repos/CMake/Source/cmGeneratorExpressionNode.cxx,"(626, 3)-(626, 63)",b'using difference_type = typename Container::d...'
Source,../repos/CMake/Source/cmGeneratorExpressionNode.cxx,"(627, 3)-(627, 63)",b'using const_reference = typename Container::c...'
Source,../repos/CMake/Source/cmGeneratorExpressionNode.cxx,"(654, 1)-(654, 51)",b'using Arguments = Range<std::vector<std::string>>;'
Source,../repos/CMake/Source/cmGeneratorExpressionNode.cxx,"(1205, 3)-(1205, 57)",b'using IndexRange = cmRange<Arguments::const_i...'
Source,../repos/CMake/Source/cmGeneratorExpressionNode.cxx,"(1720, 15)-(1720, 60)",b'using SortConfig = cmList::SortConfiguration;'
Source,../repos/CMake/Source/cmGeneratorExpressionNode.cxx,"(2493, 5)-(2493, 64)",b'using ForGenex = cmGeneratorExpressionDAGChec...'
Source,../repos/CMake/Source/cmGeneratorExpressionNode.cxx,"(2578, 5)-(2578, 64)",b'using ForGenex = cmGeneratorExpressionDAGChec...'
Source,../repos/CMake/Source/cmGeneratorExpressionNode.cxx,"(3237, 5)-(3237, 51)","b'using LangMap = std::map<std::string, cmList>;'"
Source,../repos/CMake/Source/cmCommonTargetGenerator.h,"(94, 3)-(94, 60)","b'using ByLanguageMap = std::map<std::string, s...'"
Source,../repos/CMake/Source/cmFindLibraryCommand.cxx,"(206, 3)-(206, 57)",b'using size_type = std::vector<std::string>::s...'
Source,../repos/CMake/Source/cmProcessTools.h,"(22, 3)-(22, 46)",b'using Encoding = cmProcessOutput::Encoding;'
Source,../repos/CMake/Source/cmVisualStudio10TargetGenerator.h,"(63, 3)-(65, 70)",b'using ConfigToSettings =\n    std::unordered_m...'
Source,../repos/CMake/Source/cmVisualStudio10TargetGenerator.h,"(215, 3)-(215, 42)",b'using Options = cmVS10GeneratorOptions;'
Source,../repos/CMake/Source/cmVisualStudio10TargetGenerator.h,"(216, 3)-(216, 70)","b'using OptionsMap = std::map<std::string, std:...'"
Source,../repos/CMake/Source/cmVisualStudio10TargetGenerator.h,"(255, 3)-(255, 67)",b'using DotNetHintReference = std::pair<std::st...'
Source,../repos/CMake/Source/cmVisualStudio10TargetGenerator.h,"(256, 3)-(256, 68)",b'using DotNetHintReferenceList = std::vector<D...'
Source,../repos/CMake/Source/cmVisualStudio10TargetGenerator.h,"(257, 3)-(258, 52)",b'using DotNetHintReferenceMap =\n    std::map<s...'
Source,../repos/CMake/Source/cmVisualStudio10TargetGenerator.h,"(260, 3)-(260, 50)",b'using UsingDirectories = std::set<std::string>;'
Source,../repos/CMake/Source/cmVisualStudio10TargetGenerator.h,"(261, 3)-(261, 71)",b'using UsingDirectoriesMap = std::map<std::str...'
Source,../repos/CMake/Source/cmVisualStudio10TargetGenerator.h,"(264, 3)-(264, 60)","b'using ToolSourceMap = std::map<std::string, T...'"
Source,../repos/CMake/Source/QtDialog/QCMake.h,"(57, 1)-(57, 50)",b'using QCMakePropertyList = QList<QCMakeProperty>;'
Source,../repos/CMake/Source/QtDialog/QCMakeSizeType.h,"(9, 1)-(9, 32)",b'using cm_qsizetype = qsizetype;'
Source,../repos/CMake/Source/QtDialog/QCMakeSizeType.h,"(11, 1)-(11, 26)",b'using cm_qsizetype = int;'
Source,../repos/CMake/Source/QtDialog/QCMake.cxx,"(475, 9)-(475, 66)",b'using CacheVariable = cmCMakePresetsGraph::Ca...'
Source,../repos/CMake/Source/cmCLocaleEnvironmentScope.h,"(24, 3)-(24, 59)","b'using backup_map_t = std::map<std::string, st...'"
Source,../repos/CMake/Source/cmVisualStudio10TargetGenerator.cxx,"(154, 3)-(154, 54)",b'using Elem = cmVisualStudio10TargetGenerator:...'
Source,../repos/CMake/Source/cmVisualStudio10TargetGenerator.cxx,"(1206, 3)-(1206, 57)","b'using CustomTags = std::map<std::string, std:...'"
Source,../repos/CMake/Source/cmVisualStudio10TargetGenerator.cxx,"(2955, 5)-(2955, 58)","b'using CsPropMap = std::map<std::string, std::...'"
Source,../repos/CMake/Source/cmVisualStudio10TargetGenerator.cxx,"(4509, 3)-(4509, 59)",b'using ItemVector = cmComputeLinkInformation::...'
Source,../repos/CMake/Source/cmVisualStudio10TargetGenerator.cxx,"(4553, 3)-(4553, 59)",b'using ItemVector = cmComputeLinkInformation::...'
Source,../repos/CMake/Source/cmVisualStudio10TargetGenerator.cxx,"(4795, 3)-(4796, 59)",b'using OrderedTargetDependSet =\n    cmGlobalVi...'
Source,../repos/CMake/Source/cmVisualStudio10TargetGenerator.cxx,"(5765, 5)-(5766, 61)",b'using OrderedTargetDependSet =\n      cmGlobal...'
Source,../repos/CMake/Source/cmArchiveWrite.cxx,"(440, 5)-(440, 40)",b'using ssize_type = std::streamsize;'
Source,../repos/CMake/Source/cmQtAutoGenInitializer.h,"(66, 3)-(66, 48)",b'using MUFileHandle = std::unique_ptr<MUFile>;'
Source,../repos/CMake/Source/cmQtAutoGenInitializer.h,"(239, 5)-(239, 70)","b'using UiFileT = std::pair<std::string, std::v...'"
Source,../repos/CMake/Source/cmComputeLinkDepends.cxx,"(232, 3)-(232, 53)",b'using LinkEntry = cmComputeLinkDepends::LinkEntry;'
Source,../repos/CMake/Source/cmComputeLinkDepends.cxx,"(233, 3)-(233, 57)",b'using EntryVector = cmComputeLinkDepends::Ent...'
Source,../repos/CMake/Source/cmDocumentationFormatter.cxx,"(44, 5)-(46, 15)",b'using PrinterFn = void (cmDocumentationFormat...'
Source,../repos/CMake/Source/cmGlobalGenerator.h,"(104, 3)-(104, 79)",b'using LocalGeneratorVector = std::vector<std:...'
Source,../repos/CMake/Source/cmGlobalGenerator.h,"(510, 3)-(510, 45)",b'using TargetDependSet = cmTargetDependSet;'
Source,../repos/CMake/Source/cmGlobalGenerator.h,"(751, 3)-(751, 64)",b'using TargetMap = std::unordered_map<std::str...'
Source,../repos/CMake/Source/cmGlobalGenerator.h,"(752, 3)-(753, 57)",b'using GeneratorTargetMap =\n    std::unordered...'
Source,../repos/CMake/Source/cmGlobalGenerator.h,"(754, 3)-(754, 68)",b'using MakefileMap = std::unordered_map<std::s...'
Source,../repos/CMake/Source/cmGlobalGenerator.h,"(755, 3)-(755, 80)",b'using LocalGeneratorMap = std::unordered_map<...'
Source,../repos/CMake/Source/cmGlobalGenerator.h,"(829, 3)-(829, 79)",b'using TargetDependMap = std::map<cmGeneratorT...'
Source,../repos/CMake/Source/cmGraphVizWriter.h,"(61, 3)-(61, 47)",b'using Connections = std::vector<Connection>;'
Source,../repos/CMake/Source/cmGraphVizWriter.h,"(62, 3)-(62, 60)","b'using ConnectionsMap = std::map<cmLinkItem, C...'"
Source,../repos/CMake/Source/cmLocalVisualStudio7Generator.h,"(98, 3)-(98, 41)",b'using Options = cmVS7GeneratorOptions;'
Source,../repos/CMake/Source/cmLocalVisualStudio7Generator.h,"(99, 3)-(99, 54)",b'using FCInfo = cmLocalVisualStudio7GeneratorF...'
Source,../repos/CMake/Source/cmJSONState.h,"(20, 3)-(24, 5)",b'using Location = struct\n  {\n    int line;\n   ...'
Source,../repos/CMake/Source/cmJSONState.h,"(27, 3)-(27, 69)","b'using JsonPair = std::pair<const std::string,...'"
Source,../repos/CMake/Source/cmWorkerPool.cxx,"(28, 3)-(28, 42)",b'using DataRange = cmRange<const char*>;'
Source,../repos/CMake/Source/cmWorkerPool.cxx,"(29, 3)-(29, 55)",b'using DataFunction = std::function<void(DataR...'
Source,../repos/CMake/Source/cmWorkerPool.cxx,"(31, 3)-(31, 52)",b'using EndFunction = std::function<void(ssize_t)>;'
Source,../repos/CMake/Source/cmCoreTryCompile.cxx,"(120, 1)-(120, 47)",b'using Arguments = cmCoreTryCompile::Arguments;'
Source,../repos/CMake/Source/cmELF.cxx,"(73, 3)-(73, 42)",b'using StringEntry = cmELF::StringEntry;'
Source,../repos/CMake/Source/cmELF.cxx,"(177, 3)-(177, 31)",b'using ELF_Ehdr = Elf32_Ehdr;'
Source,../repos/CMake/Source/cmELF.cxx,"(178, 3)-(178, 31)",b'using ELF_Shdr = Elf32_Shdr;'
Source,../repos/CMake/Source/cmELF.cxx,"(179, 3)-(179, 29)",b'using ELF_Dyn = Elf32_Dyn;'
Source,../repos/CMake/Source/cmELF.cxx,"(180, 3)-(180, 31)",b'using ELF_Half = Elf32_Half;'
Source,../repos/CMake/Source/cmELF.cxx,"(181, 3)-(181, 30)",b'using tagtype = ::uint32_t;'
Source,../repos/CMake/Source/cmELF.cxx,"(188, 3)-(188, 31)",b'using ELF_Ehdr = Elf64_Ehdr;'
Source,../repos/CMake/Source/cmELF.cxx,"(189, 3)-(189, 31)",b'using ELF_Shdr = Elf64_Shdr;'
Source,../repos/CMake/Source/cmELF.cxx,"(190, 3)-(190, 29)",b'using ELF_Dyn = Elf64_Dyn;'
Source,../repos/CMake/Source/cmELF.cxx,"(191, 3)-(191, 31)",b'using ELF_Half = Elf64_Half;'
Source,../repos/CMake/Source/cmELF.cxx,"(192, 3)-(192, 30)",b'using tagtype = ::uint64_t;'
Source,../repos/CMake/Source/cmELF.cxx,"(202, 3)-(202, 45)",b'using ELF_Ehdr = typename Types::ELF_Ehdr;'
Source,../repos/CMake/Source/cmELF.cxx,"(203, 3)-(203, 45)",b'using ELF_Shdr = typename Types::ELF_Shdr;'
Source,../repos/CMake/Source/cmELF.cxx,"(204, 3)-(204, 43)",b'using ELF_Dyn = typename Types::ELF_Dyn;'
Source,../repos/CMake/Source/cmELF.cxx,"(205, 3)-(205, 45)",b'using ELF_Half = typename Types::ELF_Half;'
Source,../repos/CMake/Source/cmELF.cxx,"(206, 3)-(206, 43)",b'using tagtype = typename Types::tagtype;'
Source,../repos/CMake/Source/cmLocalGenerator.h,"(219, 3)-(220, 53)",b'using GeneratorTargetVector =\n    std::vector...'
Source,../repos/CMake/Source/cmLocalGenerator.h,"(610, 3)-(611, 57)",b'using GeneratorTargetMap =\n    std::unordered...'
Source,../repos/CMake/Source/cmLocalGenerator.h,"(652, 3)-(652, 74)",b'using OutputToSourceMap = std::unordered_map<...'
Source,../repos/CMake/Source/cmTarget.h,"(120, 3)-(120, 69)","b'using LibraryID = std::pair<std::string, cmTa...'"
Source,../repos/CMake/Source/cmTarget.h,"(121, 3)-(121, 56)",b'using LinkLibraryVectorType = std::vector<Lib...'
Source,../repos/CMake/Source/cmComputeComponentGraph.h,"(27, 3)-(27, 36)",b'using NodeList = cmGraphNodeList;'
Source,../repos/CMake/Source/cmComputeComponentGraph.h,"(28, 3)-(28, 36)",b'using EdgeList = cmGraphEdgeList;'
Source,../repos/CMake/Source/cmComputeComponentGraph.h,"(29, 3)-(29, 38)",b'using Graph = cmGraphAdjacencyList;'
Source,../repos/CMake/Source/cmArgumentParser.h,"(84, 1)-(84, 54)",b'using KeywordAction = std::function<void(Inst...'
Source,../repos/CMake/Source/cmArgumentParser.h,"(85, 1)-(85, 75)",b'using KeywordNameAction = std::function<void(...'
Source,../repos/CMake/Source/cmArgumentParser.h,"(86, 1)-(87, 64)",b'using PositionAction =\n  std::function<void(I...'
Source,../repos/CMake/Source/cmArgumentParser.h,"(120, 3)-(120, 55)",b'using ExpectAtLeast = ArgumentParser::ExpectA...'
Source,../repos/CMake/Source/cmArgumentParser.h,"(121, 3)-(121, 45)",b'using Continue = ArgumentParser::Continue;'
Source,../repos/CMake/Source/cmArgumentParser.h,"(122, 3)-(122, 45)",b'using Instance = ArgumentParser::Instance;'
Source,../repos/CMake/Source/cmArgumentParser.h,"(123, 3)-(123, 51)",b'using ParseResult = ArgumentParser::ParseResult;'
Source,../repos/CMake/Source/cmBlockCommand.cxx,"(31, 1)-(31, 42)",b'using ScopeSet = cm::enum_set<ScopeType>;'
Source,../repos/CMake/Source/cmGlobalVisualStudioGenerator.h,"(194, 3)-(194, 77)",b'using UtilityDependsMap = std::map<cmGenerato...'
Source,../repos/CMake/Source/cmGlobalVisualStudioGenerator.h,"(226, 3)-(227, 79)","b'using derived = std::multiset<cmTargetDepend,...'"
Source,../repos/CMake/Source/cmGlobalVisualStudioGenerator.h,"(230, 3)-(230, 62)",b'using TargetDependSet = cmGlobalGenerator::Ta...'
Source,../repos/CMake/Source/cmGlobalVisualStudioGenerator.h,"(231, 3)-(231, 62)",b'using TargetSet = cmGlobalVisualStudioGenerat...'
Source,../repos/CMake/Source/cmLocalGenerator.cxx,"(359, 3)-(359, 46)",b'using vec_t = std::vector<cmStateSnapshot>;'
Source,../repos/CMake/Source/cmLocalGenerator.cxx,"(789, 3)-(789, 60)","b'using LanguagePair = std::pair<std::string, s...'"
Source,../repos/CMake/Source/cmFileTime.cxx,"(43, 3)-(43, 37)",b'using uint64 = unsigned long long;'
Source,../repos/CMake/Source/cmXCOFF.cxx,"(64, 3)-(64, 34)",b'using filehdr = struct filehdr;'
Source,../repos/CMake/Source/cmXCOFF.cxx,"(65, 3)-(65, 34)",b'using aouthdr = struct aouthdr;'
Source,../repos/CMake/Source/cmXCOFF.cxx,"(66, 3)-(66, 32)",b'using scnhdr = struct scnhdr;'
Source,../repos/CMake/Source/cmXCOFF.cxx,"(67, 3)-(67, 30)",b'using ldhdr = struct ldhdr;'
Source,../repos/CMake/Source/cmXCOFF.cxx,"(74, 3)-(74, 37)",b'using filehdr = struct filehdr_64;'
Source,../repos/CMake/Source/cmXCOFF.cxx,"(75, 3)-(75, 37)",b'using aouthdr = struct aouthdr_64;'
Source,../repos/CMake/Source/cmXCOFF.cxx,"(76, 3)-(76, 35)",b'using scnhdr = struct scnhdr_64;'
Source,../repos/CMake/Source/cmXCOFF.cxx,"(77, 3)-(77, 33)",b'using ldhdr = struct ldhdr_64;'
Source,../repos/CMake/Source/cmStateTypes.h,"(12, 1)-(12, 78)",b'using PositionType = cmLinkedTree<cmStateDeta...'
Source,../repos/CMake/Source/cmIDEOptions.h,"(53, 5)-(53, 46)",b'using derived = std::vector<std::string>;'
Source,../repos/CMake/Source/cmState.h,"(169, 3)-(170, 59)",b'using Command = std::function<bool(std::vecto...'
Source,../repos/CMake/Source/cmState.h,"(171, 3)-(172, 55)",b'using BuiltinCommand = bool (*)(std::vector<s...'
Source,../repos/CMake/Source/cmGlobalGhsMultiGenerator.h,"(152, 3)-(153, 77)",b'using derived =\n    std::multiset<cmTargetDep...'
Source,../repos/CMake/Source/cmGlobalGhsMultiGenerator.h,"(156, 3)-(156, 62)",b'using TargetDependSet = cmGlobalGenerator::Ta...'
Source,../repos/CMake/Source/cmQtAutoMocUic.cxx,"(113, 5)-(113, 48)",b'using FileHandleT = std::shared_ptr<FileT>;'
Source,../repos/CMake/Source/cmQtAutoMocUic.cxx,"(114, 5)-(114, 55)","b'using GetOrInsertT = std::pair<FileHandleT, bool>;'"
Source,../repos/CMake/Source/cmQtAutoMocUic.cxx,"(146, 3)-(146, 58)",b'using SourceFileHandleT = std::shared_ptr<Sou...'
Source,../repos/CMake/Source/cmQtAutoMocUic.cxx,"(147, 3)-(147, 67)","b'using SourceFileMapT = std::map<std::string, ...'"
Source,../repos/CMake/Source/cmQtAutoMocUic.cxx,"(157, 3)-(157, 52)",b'using MappingHandleT = std::shared_ptr<MappingT>;'
Source,../repos/CMake/Source/cmQtAutoMocUic.cxx,"(158, 3)-(158, 61)","b'using MappingMapT = std::map<std::string, Map...'"
Source,../repos/CMake/Source/cmQtAutoMocUic.cxx,"(1896, 3)-(1896, 54)","b'using ResPair = std::pair<std::string, cmFile...'"
Source,../repos/CMake/Source/cmQtAutoMocUic.cxx,"(1998, 5)-(1998, 55)",b'using StringSet = std::unordered_set<std::string>;'
Source,../repos/CMake/Source/cmSourceGroupCommand.cxx,"(23, 1)-(23, 73)","b'using ParsedArguments = std::map<std::string,...'"
Source,../repos/CMake/Source/cmSourceGroupCommand.cxx,"(24, 1)-(24, 50)",b'using ExpectedOptions = std::vector<std::string>;'
