Repo name,File name,Location,Content
Source,../repos/CMake/Source/cmGeneratorTarget.cxx,"(4798, 36)-(4798, 62)",b'decltype(options.cbegin())'
Source,../repos/CMake/Source/cmcmd.cxx,"(671, 12)-(671, 33)",b'decltype(args.size())'
Source,../repos/CMake/Source/cmakemain.cxx,"(304, 8)-(304, 34)",b'decltype(inputArgs.size())'
Source,../repos/CMake/Source/cmakemain.cxx,"(541, 5)-(541, 31)",b'decltype(inputArgs.size())'
Source,../repos/CMake/Source/cmakemain.cxx,"(824, 10)-(824, 36)",b'decltype(inputArgs.size())'
Source,../repos/CMake/Source/cmakemain.cxx,"(950, 3)-(950, 29)",b'decltype(inputArgs.size())'
Source,../repos/CMake/Source/cmAlgorithms.h,"(98, 57)-(98, 76)",b'decltype(r.begin())'
Source,../repos/CMake/Source/cmQtAutoGenInitializer.cxx,"(512, 28)-(512, 66)",b'decltype(this->AutogenTarget.Parallel)'
Source,../repos/CMake/Source/cmQtAutoGenInitializer.cxx,"(539, 11)-(539, 61)",b'decltype(this->AutogenTarget.MaxCommandLineLength)'
Source,../repos/CMake/Source/cmFileLock.cxx,"(15, 17)-(15, 37)",b'decltype(other.File)'
Source,../repos/CMake/Source/cmFileLock.cxx,"(31, 17)-(31, 37)",b'decltype(other.File)'
Source,../repos/CMake/Source/CPack/cpack.cxx,"(81, 25)-(81, 45)",b'decltype(generators)'
Source,../repos/CMake/Source/Checks/cm_cxx17_check.cpp,"(12, 39)-(12, 56)",b'decltype(&T::get)'
Source,../repos/CMake/Source/CursesDialog/cmCursesMainForm.cxx,"(388, 21)-(388, 43)",b'decltype(this->Fields)'
Source,../repos/CMake/Source/cmList.h,"(1191, 34)-(1191, 49)",b'decltype(delta)'
Source,../repos/CMake/Source/cmQtAutoGen.cxx,"(112, 3)-(112, 16)",b'decltype(lst)'
Source,../repos/CMake/Source/cmMakefile.cxx,"(4200, 10)-(4200, 28)",b'decltype(t->Tests)'
Source,../repos/CMake/Source/cmList.cxx,"(331, 5)-(331, 28)",b'decltype(this->Indexes)'
Source,../repos/CMake/Source/cmTarget.cxx,"(1701, 5)-(1701, 24)",b'decltype(i->second)'
Source,../repos/CMake/Source/cmRange.h,"(56, 29)-(56, 60)",b'decltype(*std::declval<Iter>())'
Source,../repos/CMake/Source/cmRange.h,"(80, 36)-(81, 30)",b'decltype(std::declval<UnaryFunction>()(\n     ...'
Source,../repos/CMake/Source/cmRange.h,"(115, 8)-(115, 70)",b'decltype(std::declval<UnaryFunction>()(*std::...'
Source,../repos/CMake/Source/cmRange.h,"(227, 49)-(227, 72)",b'decltype(range.begin())'
Source,../repos/CMake/Source/cmRange.h,"(233, 52)-(233, 76)",b'decltype(range.rbegin())'
Source,../repos/CMake/Source/cmake.cxx,"(709, 8)-(709, 29)",b'decltype(args.size())'
Source,../repos/CMake/Source/cmake.cxx,"(1371, 8)-(1371, 29)",b'decltype(args.size())'
Source,../repos/CMake/Source/cmGeneratorExpressionNode.cxx,"(2623, 22)-(2623, 45)",b'decltype(list.cbegin())'
Source,../repos/CMake/Source/cmForEachCommand.cxx,"(211, 15)-(211, 31)",b'decltype(values)'
Source,../repos/CMake/Source/cmForEachCommand.cxx,"(216, 8)-(216, 24)",b'decltype(values)'
Source,../repos/CMake/Source/cmCoreTryCompile.cxx,"(536, 21)-(536, 32)",b'decltype(k)'
Source,../repos/CMake/Source/cmCoreTryCompile.cxx,"(549, 21)-(549, 32)",b'decltype(k)'
Source,../repos/CMake/Source/cmCoreTryCompile.cxx,"(563, 21)-(563, 32)",b'decltype(k)'
Source,../repos/CMake/Source/cmConfigureLog.cxx,"(231, 14)-(231, 25)",b'decltype(l)'
Source,../repos/CMake/Source/cmXCOFF.cxx,"(124, 41)-(124, 73)",b'decltype(XCOFF::ldhdr::l_istlen)'
Source,../repos/CMake/Source/cmXCOFF.cxx,"(250, 19)-(250, 51)",b'decltype(XCOFF::ldhdr::l_istlen)'
Source,../repos/CMake/Source/cmVariableWatchCommand.cxx,"(51, 27)-(51, 61)",b'decltype(cmListFileArgument::Line)'
