Repo name,File name,Location,Content
Source,../repos/CMake/Source/bindexplib.cxx,"(124, 3)-(133, 4)",b'union\n  {\n    BYTE ShortName[8];\n    struct\n ...'
Source,../repos/CMake/Source/cmSystemTools.cxx,"(2512, 3)-(2516, 4)",b'union\n  {\n    unsigned int integer;\n    char ...'
Source,../repos/CMake/Source/kwsys/DynamicLoader.cxx,"(347, 3)-(351, 4)",b'union\n  {\n    void* pvoid;\n    DynamicLoader:...'
Source,../repos/CMake/Source/kwsys/DynamicLoader.cxx,"(413, 3)-(417, 4)",b'union\n  {\n    void* pvoid;\n    DynamicLoader:...'
Source,../repos/CMake/Source/kwsys/DynamicLoader.cxx,"(463, 3)-(467, 4)",b'union\n  {\n    void* pvoid;\n    DynamicLoader:...'
Source,../repos/CMake/Source/kwsys/SystemTools.cxx,"(127, 3)-(160, 4)",b'union\n  {\n    struct\n    {\n      USHORT Subst...'
Source,../repos/CMake/Source/LexerParser/cmCommandArgumentParser.cxx,"(461, 1)-(465, 2)",b'#if (! defined yyoverflow \\\n     && (! define...'
Source,../repos/CMake/Source/LexerParser/cmCommandArgumentParser.cxx,"(1300, 9)-(1300, 22)",b'union yyalloc *yyptr =\n          YY_CAST (uni...'
Source,../repos/CMake/Source/LexerParser/cmFortranParserTokens.h,"(101, 1)-(109, 2)",b'#if ! defined YYSTYPE && ! defined YYSTYPE_IS...'
Source,../repos/CMake/Source/LexerParser/cmFortranParserTokens.h,"(110, 9)-(110, 22)",b'typedef union YYSTYPE YYSTYPE;'
Source,../repos/CMake/Source/LexerParser/cmDependsJavaParser.cxx,"(689, 1)-(693, 2)",b'#if (! defined yyoverflow \\\n     && (! define...'
Source,../repos/CMake/Source/LexerParser/cmDependsJavaParser.cxx,"(2333, 9)-(2333, 22)",b'union yyalloc *yyptr =\n          YY_CAST (uni...'
Source,../repos/CMake/Source/LexerParser/cmFortranParser.cxx,"(493, 1)-(497, 2)",b'#if (! defined yyoverflow \\\n     && (! define...'
Source,../repos/CMake/Source/LexerParser/cmFortranParser.cxx,"(1482, 9)-(1482, 22)",b'union yyalloc *yyptr =\n          YY_CAST (uni...'
Source,../repos/CMake/Source/LexerParser/cmExprParser.cxx,"(453, 1)-(457, 2)",b'#if (! defined yyoverflow \\\n     && (! define...'
Source,../repos/CMake/Source/LexerParser/cmExprParser.cxx,"(1295, 9)-(1295, 22)",b'union yyalloc *yyptr =\n          YY_CAST (uni...'
