Repo name,File name,Location,Content
Source,../repos/CMake/Source/cmGeneratorTarget.cxx,"(8413, 13)-(8413, 18)",b'for (auto const& entry : impl.Libraries) {\n  ...'
Source,../repos/CMake/Source/cmGeneratorTarget.cxx,"(8421, 7)-(8421, 16)",b'constexpr size_t HASH_TRUNCATION = 12;'
Source,../repos/CMake/Source/cmFindCommon.cxx,"(304, 10)-(304, 19)",b'static constexpr const char* paths[] = {\n    ...'
Source,../repos/CMake/Source/cmFindCommon.cxx,"(304, 20)-(304, 25)",b'static constexpr const char* paths[] = {\n    ...'
Source,../repos/CMake/Source/cmFindCommon.cxx,"(329, 10)-(329, 19)",b'static constexpr const char* paths[] = {\n    ...'
Source,../repos/CMake/Source/cmFindCommon.cxx,"(329, 20)-(329, 25)",b'static constexpr const char* paths[] = {\n    ...'
Source,../repos/CMake/Source/cmCMakePresetsGraphReadJSON.cxx,"(40, 1)-(40, 10)",b'constexpr int MIN_VERSION = 1;'
Source,../repos/CMake/Source/cmCMakePresetsGraphReadJSON.cxx,"(41, 1)-(41, 10)",b'constexpr int MAX_VERSION = 8;'
Source,../repos/CMake/Source/cmCMakePresetsGraph.cxx,"(184, 1)-(184, 10)","b'constexpr const char* ValidPrefixes[] = {\n  ""...'"
Source,../repos/CMake/Source/cmCMakePresetsGraph.cxx,"(184, 11)-(184, 16)","b'constexpr const char* ValidPrefixes[] = {\n  ""...'"
Source,../repos/CMake/Source/cmQtAutoGenInitializer.cxx,"(993, 15)-(993, 20)",b'for (auto const& pair : this->AutogenTarget.S...'
Source,../repos/CMake/Source/cmQtAutoGenInitializer.cxx,"(1001, 19)-(1001, 24)",b'for (auto const& suffix : suffixes) {\n       ...'
Source,../repos/CMake/Source/cmQtAutoGenInitializer.cxx,"(1003, 21)-(1003, 26)",b'for (auto const& ext : exts) {\n            st...'
Source,../repos/CMake/Source/cmQtAutoGenInitializer.cxx,"(1006, 18)-(1006, 27)",b'auto constexpr locationKind = cmSourceFileLoc...'
Source,../repos/CMake/Source/cmQtAutoGenInitializer.cxx,"(1349, 8)-(1349, 17)",b'bool constexpr stdPipesUTF8 = true;'
Source,../repos/CMake/Source/cmQtAutoGenInitializer.cxx,"(2338, 3)-(2338, 12)",b'constexpr std::size_t number_begin = 2;'
Source,../repos/CMake/Source/cmQtAutoGenInitializer.cxx,"(2339, 3)-(2339, 12)",b'constexpr std::size_t number_end = 256;'
Source,../repos/CMake/Source/cmFileTime.h,"(20, 10)-(20, 19)",b'static constexpr TimeType UtPerS = 1000000000;'
Source,../repos/CMake/Source/cmFileTime.h,"(23, 10)-(23, 19)",b'static constexpr TimeType UtPerS = 10000000;'
Source,../repos/CMake/Source/CursesDialog/cmCursesLongMessageForm.h,"(51, 10)-(51, 19)",b'static constexpr int MAX_CONTENT_SIZE = 60000;'
Source,../repos/CMake/Source/CursesDialog/cmCursesMainForm.cxx,"(445, 5)-(445, 14)",b'constexpr int progressBarWidth = 40;'
Source,../repos/CMake/Source/kwsys/SystemTools.cxx,"(499, 8)-(499, 17)",b'static constexpr size_t FNV_OFFSET_BASIS = 14...'
Source,../repos/CMake/Source/kwsys/SystemTools.cxx,"(500, 8)-(500, 17)",b'static constexpr size_t FNV_PRIME = 109951162...'
Source,../repos/CMake/Source/kwsys/SystemTools.cxx,"(502, 8)-(502, 17)",b'static constexpr size_t FNV_OFFSET_BASIS = 21...'
Source,../repos/CMake/Source/kwsys/SystemTools.cxx,"(503, 8)-(503, 17)",b'static constexpr size_t FNV_PRIME = 16777619U;'
Source,../repos/CMake/Source/cmLocalUnixMakefileGenerator3.cxx,"(725, 5)-(725, 14)","b'constexpr const char* vcs_rules[] = {\n      ""...'"
Source,../repos/CMake/Source/cmLocalUnixMakefileGenerator3.cxx,"(725, 15)-(725, 20)","b'constexpr const char* vcs_rules[] = {\n      ""...'"
Source,../repos/CMake/Source/cmDefinePropertyCommand.cxx,"(103, 12)-(103, 21)",b'static constexpr const char* reservedPrefixes...'
Source,../repos/CMake/Source/cmDefinePropertyCommand.cxx,"(103, 22)-(103, 27)",b'static constexpr const char* reservedPrefixes...'
Source,../repos/CMake/Source/cmStringAlgorithms.h,"(25, 1)-(25, 10)",b'constexpr size_t cmStrLen(const char (&/*str*...'
Source,../repos/CMake/Source/cmGlobalGenerator.cxx,"(2605, 3)-(2605, 12)",b'constexpr size_t sizeof_ptr =\n    sizeof(gt);'
Source,../repos/CMake/Source/CTest/cmCTestBuildHandler.cxx,"(809, 10)-(809, 19)",b'static constexpr std::string::size_type tick_...'
Source,../repos/CMake/Source/cmImportedCxxModuleInfo.cxx,"(63, 3)-(63, 12)",b'constexpr size_t HASH_TRUNCATION = 12;'
Source,../repos/CMake/Source/cmExportBuildFileGenerator.cxx,"(166, 5)-(166, 14)",b'constexpr std::size_t HASH_TRUNCATION = 12;'
Source,../repos/CMake/Source/QtDialog/QCMakePresetItemModel.h,"(43, 10)-(43, 19)",b'static constexpr quintptr SEPARATOR_INDEX = s...'
Source,../repos/CMake/Source/QtDialog/QCMakePresetItemModel.h,"(44, 10)-(44, 19)",b'static constexpr quintptr CUSTOM_INDEX = stat...'
Source,../repos/CMake/Source/cmCoreTryCompile.cxx,"(39, 1)-(39, 10)",b'constexpr const char* unique_binary_directory...'
Source,../repos/CMake/Source/cmCoreTryCompile.cxx,"(39, 11)-(39, 16)",b'constexpr const char* unique_binary_directory...'
Source,../repos/CMake/Source/cmCoreTryCompile.cxx,"(40, 1)-(40, 10)",b'constexpr size_t lang_property_start = 0;'
Source,../repos/CMake/Source/cmCoreTryCompile.cxx,"(41, 1)-(41, 10)",b'constexpr size_t lang_property_size = 4;'
Source,../repos/CMake/Source/cmCoreTryCompile.cxx,"(42, 1)-(42, 10)",b'constexpr size_t pie_property_start = 4;'
Source,../repos/CMake/Source/cmCoreTryCompile.cxx,"(43, 1)-(43, 10)",b'constexpr size_t pie_property_size = 2;'
Source,../repos/CMake/Source/cmConfigureLog.cxx,"(236, 14)-(236, 23)",b'static constexpr unsigned int C1_LAST = 0x9F;'
Source,../repos/CMake/Source/cmMakefileTargetGenerator.cxx,"(2222, 28)-(2222, 37)",b'std::string::size_type constexpr responseFile...'
Source,../repos/CMake/Source/cmQtAutoMocUic.cxx,"(45, 1)-(45, 10)",b'constexpr std::size_t MocUnderscoreLength = 4;'
Source,../repos/CMake/Source/cmQtAutoMocUic.cxx,"(46, 1)-(46, 10)",b'constexpr std::size_t UiUnderscoreLength = 3;'
Source,../repos/CMake/Source/cmQtAutoMocUic.cxx,"(674, 5)-(674, 14)",b'constexpr std::size_t offset = 5;'
Source,../repos/CMake/Source/cmProjectCommand.cxx,"(242, 5)-(242, 14)",b'constexpr std::size_t MAX_VERSION_COMPONENTS = 4u;'
Source,../repos/CMake/Source/cmProjectCommand.cxx,"(247, 7)-(247, 16)",b'constexpr size_t maxIntLength =\n        std::...'
