Repo name,File name,Location,Content
opencv,../repos/opencv/opencv/apps/interactive-calibration/main.cpp,"(155, 5)-(207, 6)",b'try {\n        bool pipelineFinished = false;\n...'
opencv,../repos/opencv/opencv/modules/flann/src/miniflann.cpp,"(107, 9)-(115, 23)",b'try\n        {\n            String val = it->se...'
opencv,../repos/opencv/opencv/modules/flann/src/miniflann.cpp,"(119, 9)-(126, 23)",b'try\n        {\n            double val = it->se...'
opencv,../repos/opencv/opencv/modules/flann/src/miniflann.cpp,"(127, 9)-(134, 23)",b'try\n        {\n            float val = it->sec...'
opencv,../repos/opencv/opencv/modules/flann/src/miniflann.cpp,"(135, 9)-(142, 23)",b'try\n        {\n            int val = it->secon...'
opencv,../repos/opencv/opencv/modules/flann/src/miniflann.cpp,"(143, 9)-(150, 23)",b'try\n        {\n            short val = it->sec...'
opencv,../repos/opencv/opencv/modules/flann/src/miniflann.cpp,"(151, 9)-(158, 23)",b'try\n        {\n            ushort val = it->se...'
opencv,../repos/opencv/opencv/modules/flann/src/miniflann.cpp,"(159, 9)-(166, 23)",b'try\n        {\n            char val = it->seco...'
opencv,../repos/opencv/opencv/modules/flann/src/miniflann.cpp,"(167, 9)-(174, 23)",b'try\n        {\n            uchar val = it->sec...'
opencv,../repos/opencv/opencv/modules/flann/src/miniflann.cpp,"(175, 9)-(182, 23)",b'try\n        {\n            bool val = it->seco...'
opencv,../repos/opencv/opencv/modules/flann/src/miniflann.cpp,"(183, 9)-(190, 23)",b'try\n        {\n            cvflann::flann_algo...'
opencv,../repos/opencv/opencv/modules/flann/src/miniflann.cpp,"(343, 5)-(353, 6)",b'try\n    {\n        _index->buildIndex();\n    }...'
opencv,../repos/opencv/opencv/modules/flann/include/opencv2/flann/params.h,"(79, 9)-(84, 10)",b'try {\n            return it->second.cast<T>()...'
opencv,../repos/opencv/opencv/modules/flann/include/opencv2/flann/params.h,"(96, 9)-(101, 10)",b'try {\n            return it->second.cast<T>()...'
opencv,../repos/opencv/opencv/modules/gapi/misc/python/pyopencv_gapi.hpp,"(677, 5)-(758, 6)","b""try\n    {\n        // NB: Doesn't increase ref..."""
opencv,../repos/opencv/opencv/modules/gapi/misc/python/pyopencv_gapi.hpp,"(808, 5)-(835, 6)","b""try\n    {\n        // NB: Doesn't increase ref..."""
opencv,../repos/opencv/opencv/modules/gapi/misc/python/pyopencv_gapi.hpp,"(872, 5)-(900, 6)","b""try\n    {\n        // NB: Doesn't increase ref..."""
opencv,../repos/opencv/opencv/modules/gapi/misc/python/pyopencv_gapi.hpp,"(1043, 9)-(1051, 10)",b'try\n        {\n            args = extract_run_...'
opencv,../repos/opencv/opencv/modules/gapi/misc/python/pyopencv_gapi.hpp,"(1068, 9)-(1076, 10)",b'try\n        {\n            args = extract_meta...'
opencv,../repos/opencv/opencv/modules/gapi/misc/python/pyopencv_gapi.hpp,"(1095, 13)-(1102, 14)",b'try\n            {\n                value = cv:...'
opencv,../repos/opencv/opencv/modules/gapi/misc/python/pyopencv_gapi.hpp,"(1121, 13)-(1128, 14)",b'try\n            {\n                value = cv:...'
opencv,../repos/opencv/opencv/modules/gapi/misc/python/pyopencv_gapi.hpp,"(1138, 5)-(1147, 6)",b'try\n    {\n        value = extract_proto_args<...'
opencv,../repos/opencv/opencv/modules/gapi/misc/python/pyopencv_gapi.hpp,"(1153, 5)-(1162, 6)",b'try\n    {\n        value = extract_proto_args<...'
opencv,../repos/opencv/opencv/modules/gapi/src/3rdparty/vasot/src/components/ot/object_tracker.cpp,"(344, 9)-(348, 10)",b'try {\n            max_num_threads = std::stoi...'
opencv,../repos/opencv/opencv/modules/gapi/src/backends/ov/govbackend.cpp,"(469, 5)-(476, 6)",b'try {\n        task.set_input_data(m_request);...'
opencv,../repos/opencv/opencv/modules/gapi/src/backends/ov/govbackend.cpp,"(498, 5)-(505, 6)",b'try {\n        task.set_input_data(m_request);...'
opencv,../repos/opencv/opencv/modules/gapi/src/backends/ov/govbackend.cpp,"(1512, 5)-(1523, 6)","b'try {\n        kk.run(ctx, *m_reqPool);\n    } ...'"
opencv,../repos/opencv/opencv/modules/gapi/src/backends/onnx/dml_ep.cpp,"(51, 13)-(58, 14)",b'try {\n                OrtSessionOptionsAppend...'
opencv,../repos/opencv/opencv/modules/gapi/src/backends/onnx/dml_ep.cpp,"(247, 5)-(255, 6)",b'try {\n        OrtSessionOptionsAppendExecutio...'
opencv,../repos/opencv/opencv/modules/gapi/src/backends/onnx/coreml_ep.cpp,"(31, 5)-(38, 6)",b'try {\n        OrtSessionOptionsAppendExecutio...'
opencv,../repos/opencv/opencv/modules/gapi/src/backends/onnx/gonnxbackend.cpp,"(154, 6)-(161, 7)",b'try {\n        session_options->AppendExecutio...'
opencv,../repos/opencv/opencv/modules/gapi/src/backends/onnx/gonnxbackend.cpp,"(169, 6)-(176, 7)",b'try {\n        session_options->AppendExecutio...'
opencv,../repos/opencv/opencv/modules/gapi/src/backends/onnx/gonnxbackend.cpp,"(189, 6)-(196, 7)",b'try {\n        session_options->AppendExecutio...'
opencv,../repos/opencv/opencv/modules/gapi/src/backends/ie/giebackend/giewrapper.cpp,"(83, 13)-(92, 14)",b'try\n            {\n                plugin.AddE...'
opencv,../repos/opencv/opencv/modules/gapi/src/backends/ie/giebackend/giewrapper.cpp,"(136, 13)-(149, 14)",b'try\n            {\n#if INF_ENGINE_RELEASE >= 2...'
opencv,../repos/opencv/opencv/modules/gapi/src/backends/ie/giebackend.cpp,"(1007, 9)-(1020, 10)",b'try {\n            // NB: make_shared_blob() c...'
opencv,../repos/opencv/opencv/modules/gapi/src/backends/ie/giebackend.cpp,"(1081, 5)-(1088, 6)",b'try {\n        task.set_input_data(m_request);...'
opencv,../repos/opencv/opencv/modules/gapi/src/backends/ie/giebackend.cpp,"(1110, 5)-(1117, 6)",b'try {\n        task.set_input_data(m_request);...'
opencv,../repos/opencv/opencv/modules/gapi/src/backends/ie/giebackend.cpp,"(1293, 5)-(1304, 6)","b'try {\n        kk.run(ctx, *m_reqPool);\n    } ...'"
opencv,../repos/opencv/opencv/modules/gapi/src/executor/gasync.cpp,"(121, 5)-(125, 6)",b'try {\n        std::forward<f_t>(f)();\n    } c...'
opencv,../repos/opencv/opencv/modules/gapi/src/executor/gstreamingexecutor.cpp,"(601, 9)-(614, 9)",b'try {\n            result = [&](){\n           ...'
opencv,../repos/opencv/opencv/modules/gapi/src/executor/gstreamingexecutor.cpp,"(1527, 5)-(1534, 6)",b'try {\n        if (state == State::READY || st...'
opencv,../repos/opencv/opencv/modules/gapi/src/streaming/onevpl/data_provider_dispatcher.cpp,"(38, 9)-(44, 10)",b'try {\n            provider = std::make_shared...'
opencv,../repos/opencv/opencv/modules/gapi/src/streaming/onevpl/data_provider_dispatcher.cpp,"(49, 9)-(55, 10)",b'try {\n            provider = std::make_shared...'
opencv,../repos/opencv/opencv/modules/gapi/src/streaming/onevpl/demux/async_mfp_demux_data_provider.cpp,"(344, 13)-(348, 29)",b'try {\n                out_codec_id = convert_...'
opencv,../repos/opencv/opencv/modules/gapi/src/streaming/onevpl/engine/engine_session.cpp,"(37, 5)-(54, 6)",b'try {\n        auto cand = acceleration_policy...'
opencv,../repos/opencv/opencv/modules/gapi/src/streaming/onevpl/engine/preproc/preproc_engine.cpp,"(102, 21)-(113, 22)",b'try {\n                        my_sess.swap_su...'
opencv,../repos/opencv/opencv/modules/gapi/src/streaming/onevpl/engine/preproc/preproc_engine.cpp,"(263, 5)-(305, 6)",b'try {\n        // assign HW acceleration proce...'
opencv,../repos/opencv/opencv/modules/gapi/src/streaming/onevpl/engine/preproc/preproc_engine.cpp,"(266, 9)-(301, 10)",b'try {\n            // ask to allocate external...'
opencv,../repos/opencv/opencv/modules/gapi/src/streaming/onevpl/engine/preproc/preproc_engine.cpp,"(369, 5)-(384, 6)",b'try\n    {\n        ExecutionStatus status = Ex...'
opencv,../repos/opencv/opencv/modules/gapi/src/streaming/onevpl/engine/preproc/preproc_engine.cpp,"(400, 13)-(406, 14)",b'try {\n                sess.swap_surface(*this...'
opencv,../repos/opencv/opencv/modules/gapi/src/streaming/onevpl/engine/preproc/preproc_engine.cpp,"(415, 13)-(421, 14)",b'try {\n                sess.swap_surface(*this...'
opencv,../repos/opencv/opencv/modules/gapi/src/streaming/onevpl/engine/transcode/transcode_engine_legacy.cpp,"(126, 17)-(145, 18)",b'try {\n                    if (my_sess.last_st...'
opencv,../repos/opencv/opencv/modules/gapi/src/streaming/onevpl/engine/transcode/transcode_engine_legacy.cpp,"(204, 21)-(215, 22)",b'try {\n                        my_sess.swap_tr...'
opencv,../repos/opencv/opencv/modules/gapi/src/streaming/onevpl/engine/decode/decode_engine_legacy.cpp,"(96, 17)-(115, 18)",b'try {\n                    if (my_sess.last_st...'
opencv,../repos/opencv/opencv/modules/gapi/src/streaming/onevpl/engine/decode/decode_engine_legacy.cpp,"(315, 13)-(321, 14)",b'try {\n                sess.swap_decode_surfac...'
opencv,../repos/opencv/opencv/modules/gapi/src/streaming/onevpl/engine/decode/decode_engine_legacy.cpp,"(336, 13)-(342, 14)",b'try {\n                sess.swap_decode_surfac...'
opencv,../repos/opencv/opencv/modules/gapi/src/streaming/onevpl/engine/decode/decode_engine_legacy.cpp,"(380, 13)-(386, 14)",b'try {\n                sess.swap_decode_surfac...'
opencv,../repos/opencv/opencv/modules/gapi/src/streaming/onevpl/accelerators/accel_policy_dx11.cpp,"(129, 5)-(136, 6)","b'try {\n        if (!pool_table.emplace(key, st...'"
opencv,../repos/opencv/opencv/modules/gapi/src/streaming/onevpl/accelerators/accel_policy_cpu.cpp,"(188, 5)-(203, 6)",b'try {\n        for (; i < pool_size; i++) {\n  ...'
opencv,../repos/opencv/opencv/modules/gapi/src/streaming/onevpl/accelerators/dx11_alloc_resource.cpp,"(41, 5)-(44, 6)",b'try {\n        sts = lockable_allocator.Lock(n...'
opencv,../repos/opencv/opencv/modules/gapi/src/streaming/onevpl/accelerators/dx11_alloc_resource.cpp,"(71, 5)-(74, 6)",b'try {\n        sts = lockable_allocator.Lock(n...'
opencv,../repos/opencv/opencv/modules/gapi/src/streaming/gstreamer/gstreamersource.cpp,"(286, 5)-(328, 6)",b'try\n    {\n        switch (m_type) {\n         ...'
opencv,../repos/opencv/opencv/modules/gapi/src/streaming/gstreamer/gstreamerpipeline.cpp,"(57, 5)-(65, 6)",b'try {\n        src = cv::gapi::wip::make_src<c...'
opencv,../repos/opencv/opencv/modules/gapi/src/streaming/gstreamer/gstreamer_pipeline_facade.cpp,"(66, 9)-(73, 10)",b'try\n        {\n            setState(GST_STATE_...'
opencv,../repos/opencv/opencv/modules/gapi/src/compiler/gislandmodel.cpp,"(416, 5)-(425, 6)","b'try {\n        run(std::move(in_objs), std::mo...'"
opencv,../repos/opencv/opencv/modules/gapi/test/gapi_async_test.cpp,"(380, 9)-(384, 10)",b'try {\n            r.wait_for_result();\n      ...'
opencv,../repos/opencv/opencv/modules/gapi/test/common/gapi_video_tests_inl.hpp,"(113, 5)-(118, 64)",b'try\n    {\n        gapiBackSub.setSource(gapi:...'
opencv,../repos/opencv/opencv/modules/gapi/test/streaming/gapi_streaming_vpl_core_test.cpp,"(353, 5)-(358, 6)",b'try {\n        source = cv::gapi::wip::make_on...'
opencv,../repos/opencv/opencv/modules/gapi/test/streaming/gapi_streaming_vpl_core_test.cpp,"(930, 17)-(945, 18)",b'try {\n                    if (my_sess.last_st...'
opencv,../repos/opencv/opencv/modules/gapi/test/streaming/gapi_streaming_vpl_core_test.cpp,"(961, 13)-(965, 14)",b'try {\n                my_sess.swap_transcode_...'
opencv,../repos/opencv/opencv/modules/gapi/test/streaming/gapi_streaming_vpl_core_test.cpp,"(1142, 17)-(1157, 18)",b'try {\n                    if (my_sess.last_st...'
opencv,../repos/opencv/opencv/modules/gapi/test/streaming/gapi_streaming_vpp_preproc_test.cpp,"(170, 9)-(172, 24)",b'try {\n            return f.get<IStopAdapter>(...'
opencv,../repos/opencv/opencv/modules/gapi/test/streaming/gapi_streaming_vpp_preproc_test.cpp,"(295, 5)-(322, 21)",b'try {\n        while(true) {\n            cv::M...'
opencv,../repos/opencv/opencv/modules/gapi/test/streaming/gapi_streaming_vpp_preproc_test.cpp,"(343, 5)-(348, 21)",b'try {\n        while(true) {\n            queue...'
opencv,../repos/opencv/opencv/modules/gapi/test/streaming/gapi_streaming_vpp_preproc_test.cpp,"(386, 5)-(412, 21)",b'try {\n        while(true) {\n            cv::M...'
opencv,../repos/opencv/opencv/modules/gapi/test/streaming/gapi_streaming_vpp_preproc_test.cpp,"(448, 5)-(471, 6)",b'try {\n        while(received_stop_count != so...'
opencv,../repos/opencv/opencv/modules/gapi/test/streaming/gapi_streaming_vpp_preproc_test.cpp,"(628, 5)-(640, 21)",b'try {\n        while(true) {\n            cv::M...'
opencv,../repos/opencv/opencv/modules/gapi/test/streaming/gapi_streaming_vpl_data_provider.cpp,"(67, 5)-(73, 6)",b'try {\n        provider_ptr.reset(new MFPAsync...'
opencv,../repos/opencv/opencv/modules/gapi/test/streaming/gapi_streaming_vpl_data_provider.cpp,"(131, 5)-(142, 6)",b'try {\n        provider_ptr = DataProviderDisp...'
opencv,../repos/opencv/opencv/modules/gapi/test/streaming/gapi_streaming_queue_source_tests.cpp,"(65, 5)-(69, 6)",b'try {\n        src2 = cv::gapi::wip::make_src<...'
opencv,../repos/opencv/opencv/modules/gapi/test/streaming/gapi_streaming_tests.cpp,"(458, 5)-(462, 6)",b'try {\n        ccomp.setSource(gapi::wip::make...'
opencv,../repos/opencv/opencv/modules/gapi/test/streaming/gapi_streaming_tests.cpp,"(535, 5)-(539, 6)",b'try {\n        ccomp.setSource(gapi::wip::make...'
opencv,../repos/opencv/opencv/modules/gapi/test/streaming/gapi_streaming_tests.cpp,"(550, 5)-(554, 6)",b'try {\n        ccomp.setSource(gapi::wip::make...'
opencv,../repos/opencv/opencv/modules/gapi/test/streaming/gapi_streaming_tests.cpp,"(576, 5)-(580, 6)",b'try {\n        refc.setSource(gapi::wip::make_...'
opencv,../repos/opencv/opencv/modules/gapi/test/streaming/gapi_streaming_tests.cpp,"(623, 5)-(627, 6)",b'try {\n        testc.setSource(cv::gin(in_cons...'
opencv,../repos/opencv/opencv/modules/gapi/test/streaming/gapi_streaming_tests.cpp,"(636, 5)-(640, 6)",b'try {\n        testc.setSource(cv::gin(in_cons...'
opencv,../repos/opencv/opencv/modules/gapi/test/streaming/gapi_streaming_tests.cpp,"(694, 5)-(698, 6)",b'try {\n        testc.setSource(cv::gin(gapi::w...'
opencv,../repos/opencv/opencv/modules/gapi/test/streaming/gapi_streaming_tests.cpp,"(707, 5)-(711, 6)",b'try {\n        testc.setSource(cv::gin(gapi::w...'
opencv,../repos/opencv/opencv/modules/gapi/test/streaming/gapi_streaming_tests.cpp,"(817, 5)-(821, 6)",b'try {\n        testc.setSource(cv::gin(gapi::w...'
opencv,../repos/opencv/opencv/modules/gapi/test/streaming/gapi_streaming_tests.cpp,"(831, 5)-(835, 6)",b'try {\n        testc.setSource(cv::gin(gapi::w...'
opencv,../repos/opencv/opencv/modules/gapi/test/streaming/gapi_streaming_tests.cpp,"(954, 5)-(958, 6)",b'try {\n        sc.setSource(gapi::wip::make_sr...'
opencv,../repos/opencv/opencv/modules/gapi/test/streaming/gapi_streaming_tests.cpp,"(1017, 5)-(1022, 6)",b'try {\n        sc.setSource(cv::gin(gapi::wip:...'
opencv,../repos/opencv/opencv/modules/gapi/test/streaming/gapi_streaming_tests.cpp,"(1050, 5)-(1054, 6)",b'try {\n        sc.setSource(gapi::wip::make_sr...'
opencv,../repos/opencv/opencv/modules/gapi/test/streaming/gapi_streaming_tests.cpp,"(1100, 5)-(1104, 6)","b'try {\n        sc.setSource(cv::gin(in_eye, ga...'"
opencv,../repos/opencv/opencv/modules/gapi/test/streaming/gapi_streaming_tests.cpp,"(1264, 5)-(1269, 6)",b'try {\n        sc.setSource(cv::gin(gapi::wip:...'
opencv,../repos/opencv/opencv/modules/gapi/test/streaming/gapi_streaming_tests.cpp,"(1352, 9)-(1356, 10)",b'try {\n            sc.setSource(cv::gin(cv::ga...'
opencv,../repos/opencv/opencv/modules/gapi/test/streaming/gapi_streaming_tests.cpp,"(1526, 5)-(1530, 6)",b'try {\n        sc.setSource(cv::gin(gapi::wip:...'
opencv,../repos/opencv/opencv/modules/gapi/test/streaming/gapi_streaming_tests.cpp,"(1563, 5)-(1567, 6)",b'try {\n        sc.setSource(cv::gin(gapi::wip:...'
opencv,../repos/opencv/opencv/modules/gapi/test/streaming/gapi_streaming_tests.cpp,"(1692, 5)-(1696, 6)",b'try {\n        sc.setSource(cv::gin(gapi::wip:...'
opencv,../repos/opencv/opencv/modules/gapi/test/streaming/gapi_streaming_tests.cpp,"(1715, 5)-(1719, 6)",b'try {\n        sc.setSource(cv::gin(gapi::wip:...'
opencv,../repos/opencv/opencv/modules/gapi/test/streaming/gapi_streaming_tests.cpp,"(1869, 5)-(1873, 6)",b'try {\n        cc.setSource<BGRSource>(filepat...'
opencv,../repos/opencv/opencv/modules/gapi/test/streaming/gapi_streaming_tests.cpp,"(1907, 5)-(1912, 6)",b'try {\n        cc.setSource<GRAYSource>(filepa...'
opencv,../repos/opencv/opencv/modules/gapi/test/streaming/gapi_streaming_tests.cpp,"(1947, 5)-(1951, 6)",b'try {\n        cc.setSource<cv::gapi::wip::GCa...'
opencv,../repos/opencv/opencv/modules/gapi/test/streaming/gapi_streaming_tests.cpp,"(1983, 5)-(1987, 6)",b'try {\n        cc.setSource<BGRSource>(filepat...'
opencv,../repos/opencv/opencv/modules/gapi/test/streaming/gapi_streaming_tests.cpp,"(2013, 5)-(2017, 6)",b'try {\n        cc.setSource<BGRSource>(filepat...'
opencv,../repos/opencv/opencv/modules/gapi/test/streaming/gapi_streaming_tests.cpp,"(2050, 5)-(2055, 6)",b'try {\n        cc.setSource<GRAYSource>(filepa...'
opencv,../repos/opencv/opencv/modules/gapi/test/streaming/gapi_streaming_tests.cpp,"(2082, 5)-(2087, 6)",b'try {\n        cc.setSource<GRAYSource>(filepa...'
opencv,../repos/opencv/opencv/modules/gapi/test/streaming/gapi_streaming_tests.cpp,"(2136, 17)-(2142, 18)",b'try {\n                    ptr = cv::gapi::wip...'
opencv,../repos/opencv/opencv/modules/gapi/test/streaming/gapi_streaming_tests.cpp,"(2146, 17)-(2152, 18)",b'try {\n                    ptr = cv::gapi::wip...'
opencv,../repos/opencv/opencv/modules/gapi/test/streaming/gapi_streaming_tests.cpp,"(2156, 17)-(2162, 18)",b'try {\n                    ptr = cv::gapi::wip...'
opencv,../repos/opencv/opencv/modules/gapi/test/streaming/gapi_streaming_tests.cpp,"(2458, 5)-(2462, 6)",b'try {\n        cap = cv::gapi::wip::make_onevp...'
opencv,../repos/opencv/opencv/modules/gapi/test/streaming/gapi_streaming_tests.cpp,"(2520, 5)-(2524, 6)",b'try {\n        pipe.setSource<BGRSource>(filep...'
opencv,../repos/opencv/opencv/modules/gapi/test/streaming/gapi_streaming_tests.cpp,"(2561, 5)-(2566, 6)",b'try {\n        pipe.setSource<GRAYSource>(file...'
opencv,../repos/opencv/opencv/modules/gapi/test/streaming/gapi_streaming_tests.cpp,"(2672, 9)-(2677, 10)",b'try {\n            has_frame = pipeline.pull(c...'
opencv,../repos/opencv/opencv/modules/gapi/test/cpu/gapi_ocv_stateful_kernel_tests.cpp,"(321, 5)-(325, 6)",b'try {\n        ccomp.setSource(gapi::wip::make...'
opencv,../repos/opencv/opencv/modules/gapi/test/cpu/gapi_ocv_stateful_kernel_tests.cpp,"(337, 5)-(341, 6)",b'try {\n        ccomp.setSource(gapi::wip::make...'
opencv,../repos/opencv/opencv/modules/gapi/test/cpu/gapi_ocv_stateful_kernel_tests.cpp,"(470, 5)-(474, 6)",b'try {\n        gapiBackSub.setSource(gapi::wip...'
opencv,../repos/opencv/opencv/modules/gapi/test/cpu/gapi_ocv_stateful_kernel_tests.cpp,"(479, 5)-(484, 6)","b'try {\n        // Additionally, test the case ...'"
opencv,../repos/opencv/opencv/modules/gapi/test/cpu/gapi_ocv_stateful_kernel_tests.cpp,"(503, 9)-(507, 10)",b'try {\n            source = gapi::wip::make_sr...'
opencv,../repos/opencv/opencv/modules/gapi/test/cpu/gapi_ocv_stateful_kernel_tests.cpp,"(549, 9)-(553, 10)",b'try {\n            ccomp.setSource<cv::gapi::w...'
opencv,../repos/opencv/opencv/modules/gapi/test/gapi_graph_meta_tests.cpp,"(84, 5)-(88, 6)",b'try {\n        ccomp.setSource<cv::gapi::wip::...'
opencv,../repos/opencv/opencv/modules/gapi/test/gapi_graph_meta_tests.cpp,"(110, 5)-(114, 6)",b'try {\n        ccomp.setSource<cv::gapi::wip::...'
opencv,../repos/opencv/opencv/modules/gapi/test/gapi_graph_meta_tests.cpp,"(146, 5)-(150, 6)",b'try {\n        ccomp.setSource<cv::gapi::wip::...'
opencv,../repos/opencv/opencv/modules/gapi/samples/onevpl_infer_with_advanced_device_selection.cpp,"(390, 5)-(398, 6)",b'try {\n        std::string line;\n        while...'
opencv,../repos/opencv/opencv/modules/gapi/samples/onevpl_infer_with_advanced_device_selection.cpp,"(608, 5)-(622, 6)",b'try {\n        if (is_gpu(source_device)) {\n  ...'
opencv,../repos/opencv/opencv/modules/gapi/samples/pipeline_modeling_tool.cpp,"(297, 5)-(539, 6)",b'try {\n        const std::string keys =\n      ...'
opencv,../repos/opencv/opencv/modules/gapi/samples/pipeline_modeling_tool.cpp,"(442, 21)-(449, 22)",b'try {\n                        utils::mergeMap...'
opencv,../repos/opencv/opencv/modules/gapi/samples/pipeline_modeling_tool.cpp,"(506, 17)-(510, 18)",b'try {\n                    pipelines[i]->run()...'
opencv,../repos/opencv/opencv/modules/gapi/samples/pipeline_modeling_tool.cpp,"(525, 17)-(529, 18)",b'try {\n                    std::rethrow_except...'
opencv,../repos/opencv/opencv/modules/dnn/src/tflite/tflite_importer.cpp,"(222, 9)-(252, 10)","b'try\n        {\n            if (type == ""DEQUAN...'"
opencv,../repos/opencv/opencv/modules/dnn/src/op_vkcom.cpp,"(37, 9)-(45, 10)",b'try\n        {\n            ld.backendNodes[DNN...'
opencv,../repos/opencv/opencv/modules/dnn/src/onnx/onnx_importer.cpp,"(448, 9)-(579, 10)",b'try\n        {\n            if(attribute_name =...'
opencv,../repos/opencv/opencv/modules/dnn/src/onnx/onnx_importer.cpp,"(984, 5)-(1054, 6)",b'try\n    {\n        // FIXIT not all cases can ...'
opencv,../repos/opencv/opencv/modules/dnn/src/onnx/onnx_importer.cpp,"(1018, 17)-(1026, 18)",b'try\n                {\n                    Ptr...'
opencv,../repos/opencv/opencv/modules/dnn/src/net_impl.cpp,"(830, 17)-(839, 18)",b'try\n                {\n                    for...'
opencv,../repos/opencv/opencv/modules/dnn/src/net_impl.cpp,"(1160, 5)-(1184, 6)",b'try\n    {\n        layerSupportInPlace = l->ge...'
opencv,../repos/opencv/opencv/modules/dnn/src/net_impl.cpp,"(1187, 5)-(1216, 6)",b'try\n    {\n        for (int i = 0; i < ints.si...'
opencv,../repos/opencv/opencv/modules/dnn/src/net_impl.cpp,"(1843, 5)-(1858, 6)",b'try\n    {\n        string dumpStr = dump();\n  ...'
opencv,../repos/opencv/opencv/modules/dnn/src/tensorflow/tf_importer.cpp,"(2924, 9)-(2987, 10)","b'try\n        {\n            if (type == ""Dequan...'"
opencv,../repos/opencv/opencv/modules/dnn/src/tensorflow/tf_importer.cpp,"(3093, 9)-(3138, 10)",b'try\n        {\n            DataLayout layout =...'
opencv,../repos/opencv/opencv/modules/dnn/src/tensorflow/tf_importer.cpp,"(3192, 5)-(3227, 6)",b'try\n    {\n\n        if (layers_to_ignore.find(...'
opencv,../repos/opencv/opencv/modules/dnn/src/ie_ngraph.cpp,"(119, 9)-(127, 10)",b'try\n        {\n            cvLayer->forward(in...'
opencv,../repos/opencv/opencv/modules/dnn/src/ie_ngraph.cpp,"(245, 9)-(253, 10)",b'try\n        {\n            cvLayer->forward(in...'
opencv,../repos/opencv/opencv/modules/dnn/src/ie_ngraph.cpp,"(521, 13)-(534, 14)",b'try\n            {\n                cnn.seriali...'
opencv,../repos/opencv/opencv/modules/dnn/src/ie_ngraph.cpp,"(656, 5)-(772, 6)",b'try\n    {\n        AutoLock lock(getInitializa...'
opencv,../repos/opencv/opencv/modules/dnn/src/ie_ngraph.cpp,"(672, 17)-(690, 30)",b'try\n                {\n#if INF_ENGINE_VER_MAJO...'
opencv,../repos/opencv/opencv/modules/dnn/src/ie_ngraph.cpp,"(699, 13)-(706, 14)",b'try\n            {\n                ie.AddExten...'
opencv,../repos/opencv/opencv/modules/dnn/src/ie_ngraph.cpp,"(1023, 9)-(1030, 10)",b'try\n        {\n            reqWrapper->req = n...'
opencv,../repos/opencv/opencv/modules/dnn/src/ie_ngraph.cpp,"(1080, 13)-(1111, 14)",b'try\n            {\n                for (; proc...'
opencv,../repos/opencv/opencv/modules/dnn/src/ie_ngraph.cpp,"(1086, 21)-(1097, 22)",b'try\n                    {\n                   ...'
opencv,../repos/opencv/opencv/modules/dnn/src/ie_ngraph.cpp,"(1092, 25)-(1096, 26)",b'try {\n                            (*promises)...'
opencv,../repos/opencv/opencv/modules/dnn/src/ie_ngraph.cpp,"(1105, 21)-(1109, 22)",b'try {\n                        (*promises)[pro...'
opencv,../repos/opencv/opencv/modules/dnn/src/ie_ngraph.cpp,"(1149, 17)-(1182, 18)",b'try\n                {\n                    for...'
opencv,../repos/opencv/opencv/modules/dnn/src/ie_ngraph.cpp,"(1156, 25)-(1168, 26)",b'try\n                        {\n               ...'
opencv,../repos/opencv/opencv/modules/dnn/src/ie_ngraph.cpp,"(1163, 29)-(1167, 30)",b'try {\n                                wrapper...'
opencv,../repos/opencv/opencv/modules/dnn/src/ie_ngraph.cpp,"(1176, 25)-(1180, 26)",b'try {\n                            wrapper.out...'
opencv,../repos/opencv/opencv/modules/dnn/src/cuda4dnn/primitives/convolution.hpp,"(317, 17)-(339, 18)",b'try\n                {\n                    if ...'
opencv,../repos/opencv/opencv/modules/dnn/src/cuda4dnn/csl/memory.hpp,"(60, 21)-(68, 22)",b'try {\n                        CUDA4DNN_CHECK_...'
opencv,../repos/opencv/opencv/modules/dnn/src/cuda4dnn/csl/cublas.hpp,"(80, 13)-(86, 14)",b'try {\n                CUDA4DNN_CHECK_CUBLAS(c...'
opencv,../repos/opencv/opencv/modules/dnn/src/cuda4dnn/csl/event.hpp,"(42, 13)-(51, 14)",b'try {\n                if (event != nullptr)\n ...'
opencv,../repos/opencv/opencv/modules/dnn/src/cuda4dnn/csl/cudnn/pooling.hpp,"(102, 13)-(130, 14)",b'try {\n                const auto rank = windo...'
opencv,../repos/opencv/opencv/modules/dnn/src/cuda4dnn/csl/cudnn/cudnn.hpp,"(75, 13)-(81, 14)",b'try {\n                CUDA4DNN_CHECK_CUDNN(cu...'
opencv,../repos/opencv/opencv/modules/dnn/src/cuda4dnn/csl/cudnn/cudnn.hpp,"(219, 13)-(284, 14)",b'try {\n                /* cuDNN documentation ...'
opencv,../repos/opencv/opencv/modules/dnn/src/cuda4dnn/csl/cudnn/activation.hpp,"(36, 13)-(55, 14)",b'try {\n                const auto mode = [type...'
opencv,../repos/opencv/opencv/modules/dnn/src/cuda4dnn/csl/cudnn/convolution.hpp,"(108, 13)-(134, 14)",b'try {\n                const auto rank = std::...'
opencv,../repos/opencv/opencv/modules/dnn/src/cuda4dnn/csl/cudnn/convolution.hpp,"(201, 13)-(243, 14)",b'try {\n                const auto rank = zero_...'
opencv,../repos/opencv/opencv/modules/dnn/src/cuda4dnn/csl/cudnn/lrn.hpp,"(78, 13)-(92, 14)",b'try {\n                CUDA4DNN_CHECK_CUDNN(\n ...'
opencv,../repos/opencv/opencv/modules/dnn/src/cuda4dnn/csl/cudnn/recurrent.hpp,"(38, 9)-(48, 10)",b'try\n        {\n            auto seed = 1234ull...'
opencv,../repos/opencv/opencv/modules/dnn/src/cuda4dnn/csl/cudnn/recurrent.hpp,"(120, 9)-(133, 10)",b'try\n        {\n            CUDA4DNN_CHECK_CUDN...'
opencv,../repos/opencv/opencv/modules/dnn/src/cuda4dnn/csl/cudnn/transform.hpp,"(80, 13)-(93, 14)",b'try {\n                CUDA4DNN_CHECK_CUDNN(\n ...'
opencv,../repos/opencv/opencv/modules/dnn/src/cuda4dnn/csl/stream.hpp,"(54, 13)-(66, 14)",b'try {\n                /* cudaStreamDestroy do...'
opencv,../repos/opencv/opencv/modules/dnn/src/ocl4dnn/src/ocl4dnn_conv_spatial.cpp,"(1080, 5)-(1088, 6)",b'try\n    {\n        queue = cv::ocl::Queue::get...'
opencv,../repos/opencv/opencv/modules/dnn/src/ocl4dnn/src/ocl4dnn_conv_spatial.cpp,"(1219, 13)-(1241, 14)",b'try\n            {\n                int n_outpu...'
opencv,../repos/opencv/opencv/modules/dnn/src/ocl4dnn/src/ocl4dnn_conv_spatial.cpp,"(1596, 17)-(1611, 18)",b'try\n                {\n                    con...'
opencv,../repos/opencv/opencv/modules/dnn/src/ocl4dnn/src/ocl4dnn_conv_spatial.cpp,"(1677, 13)-(1710, 14)",b'try\n            {\n                config->tes...'
opencv,../repos/opencv/opencv/modules/dnn/src/net_openvino.cpp,"(839, 5)-(846, 6)",b'try\n    {\n        ieNet = ie.ReadNetwork(mode...'
opencv,../repos/opencv/opencv/modules/dnn/src/net_openvino.cpp,"(865, 5)-(880, 6)",b'try\n    {\n#if INF_ENGINE_VER_MAJOR_GE(INF_ENG...'
opencv,../repos/opencv/opencv/modules/dnn/src/net_openvino.cpp,"(992, 5)-(1002, 6)",b'try\n    {\n        if (!handle)\n            re...'
opencv,../repos/opencv/opencv/modules/dnn/src/plugin_wrapper.impl.hpp,"(161, 9)-(169, 10)",b'try\n        {\n            if (!initialized)\n ...'
opencv,../repos/opencv/opencv/modules/dnn/src/plugin_wrapper.impl.hpp,"(249, 9)-(269, 10)",b'try\n        {\n            auto pluginBackend ...'
opencv,../repos/opencv/opencv/modules/dnn/src/op_inf_engine.cpp,"(263, 5)-(268, 19)","b'try\n    {\n        ie.UnregisterPlugin(""MYRIAD...'"
opencv,../repos/opencv/opencv/modules/dnn/src/op_inf_engine.cpp,"(280, 5)-(285, 19)","b'try\n    {\n        ie.UnregisterPlugin(""HDDL"")...'"
opencv,../repos/opencv/opencv/modules/dnn/src/op_inf_engine.cpp,"(311, 9)-(327, 10)",b'try {\n            bool isMyriadX_ = detectMyr...'
opencv,../repos/opencv/opencv/modules/dnn/src/op_inf_engine.cpp,"(381, 5)-(389, 6)",b'try\n    {\n        auto& networkBackend = dnn_...'
opencv,../repos/opencv/opencv/modules/dnn/src/op_inf_engine.cpp,"(400, 5)-(409, 6)",b'try\n    {\n        auto& networkBackend = dnn_...'
opencv,../repos/opencv/opencv/modules/dnn/src/op_inf_engine.cpp,"(416, 5)-(425, 6)",b'try\n    {\n        auto& networkBackend = dnn_...'
opencv,../repos/opencv/opencv/modules/dnn/src/op_inf_engine.cpp,"(433, 5)-(443, 6)",b'try\n    {\n        auto& networkBackend = dnn_...'
opencv,../repos/opencv/opencv/modules/dnn/src/op_inf_engine.cpp,"(451, 5)-(464, 6)",b'try\n    {\n        auto& networkBackend = dnn_...'
opencv,../repos/opencv/opencv/modules/dnn/src/op_cuda.hpp,"(320, 13)-(325, 14)",b'try {\n                shared_block->memGuard ...'
opencv,../repos/opencv/opencv/modules/dnn/src/op_cuda.hpp,"(345, 17)-(351, 18)",b'try {\n                    CV_Assert(shared_bl...'
opencv,../repos/opencv/opencv/modules/dnn/test/test_onnx_conformance.cpp,"(1164, 5)-(1194, 6)",b'try\n    {\n        std::string model_path = fi...'
opencv,../repos/opencv/opencv/modules/dnn/test/test_onnx_conformance.cpp,"(1202, 5)-(1217, 6)",b'try\n    {\n        net.setPreferableBackend(ba...'
opencv,../repos/opencv/opencv/modules/dnn/test/test_onnx_conformance.cpp,"(1221, 5)-(1230, 6)","b'try\n    {\n        net.forward(outputs, layerN...'"
opencv,../repos/opencv/opencv/modules/dnn/test/test_onnx_conformance.cpp,"(1240, 9)-(1260, 10)",b'try\n        {\n            if (ref_outputs.siz...'
opencv,../repos/opencv/opencv/modules/dnn/test/test_misc.cpp,"(534, 5)-(549, 6)",b'try\n    {\n        LayerParams lp;\n        Net...'
opencv,../repos/opencv/opencv/modules/dnn/test/test_misc.cpp,"(563, 5)-(578, 6)",b'try\n    {\n        LayerParams lp;\n        Net...'
opencv,../repos/opencv/opencv/modules/dnn/test/test_layers.cpp,"(1518, 5)-(1529, 6)",b'try\n    {\n        test_dldt_fused_output(back...'
opencv,../repos/opencv/opencv/modules/dnn/test/test_layers.cpp,"(1685, 5)-(1693, 6)","b'try\n    {\n        testLayerUsingCaffeModels(""...'"
opencv,../repos/opencv/opencv/modules/dnn/test/test_torch_importer.cpp,"(652, 5)-(660, 6)","b'try\n    {\n        runTorchNet(""net_spatial_up...'"
opencv,../repos/opencv/opencv/modules/dnn/test/test_ie_models.cpp,"(212, 5)-(281, 6)",b'try\n    {\n        switch (target)\n        {\n ...'
opencv,../repos/opencv/opencv/modules/dnn/test/test_ie_models.cpp,"(256, 17)-(266, 30)",b'try\n                {\n                    IEx...'
opencv,../repos/opencv/opencv/modules/python/src2/cv2_convert.hpp,"(29, 5)-(42, 6)","b'try\n    {\n        return pyopencv_to(obj, val...'"
opencv,../repos/opencv/opencv/modules/ts/src/ts_gtest.cpp,"(3954, 5)-(3971, 6)",b'try {\n      return HandleSehExceptionsInMetho...'
opencv,../repos/opencv/opencv/modules/ts/src/ts.cpp,"(297, 9)-(334, 10)",b'try\n        {\n        #if !defined _WIN32\n   ...'
opencv,../repos/opencv/opencv/modules/ts/src/ts.cpp,"(449, 5)-(471, 6)",b'try\n    {\n        run_func();\n    }\n    catch...'
opencv,../repos/opencv/opencv/modules/ts/src/ts_perf.cpp,"(226, 5)-(239, 6)",b'try\n    {\n        if (storageIn.open(storageI...'
opencv,../repos/opencv/opencv/modules/ts/src/ts_perf.cpp,"(1931, 5)-(1976, 6)",b'try\n    {\n#ifdef CV_COLLECT_IMPL_DATA\n       ...'
opencv,../repos/opencv/opencv/modules/ts/include/opencv2/ts.hpp,"(705, 9)-(725, 10)",b'try\n        {\n            f();\n        }\n    ...'
opencv,../repos/opencv/opencv/modules/java/generator/src/cpp/utils.cpp,"(33, 5)-(68, 10)","b'try {\n            LOGD(""nBitmapToMat"");\n     ...'"
opencv,../repos/opencv/opencv/modules/java/generator/src/cpp/utils.cpp,"(96, 5)-(150, 10)","b'try {\n            LOGD(""nMatToBitmap"");\n     ...'"
opencv,../repos/opencv/opencv/modules/java/generator/src/cpp/Mat.cpp,"(78, 5)-(85, 6)","b'try {\n        LOGD(""%s"", method_name);\n      ...'"
opencv,../repos/opencv/opencv/modules/java/generator/src/cpp/Mat.cpp,"(105, 5)-(112, 6)","b'try {\n        LOGD(""%s"", method_name);\n      ...'"
opencv,../repos/opencv/opencv/modules/java/generator/src/cpp/Mat.cpp,"(129, 5)-(136, 6)","b'try {\n        LOGD(""%s"", method_name);\n      ...'"
opencv,../repos/opencv/opencv/modules/java/generator/src/cpp/Mat.cpp,"(152, 5)-(160, 6)","b'try {\n        LOGD(""%s"", method_name);\n      ...'"
opencv,../repos/opencv/opencv/modules/java/generator/src/cpp/Mat.cpp,"(178, 5)-(186, 6)","b'try {\n        LOGD(""%s"", method_name);\n      ...'"
opencv,../repos/opencv/opencv/modules/java/generator/src/cpp/Mat.cpp,"(205, 5)-(213, 6)","b'try {\n        LOGD(""%s"", method_name);\n      ...'"
opencv,../repos/opencv/opencv/modules/java/generator/src/cpp/Mat.cpp,"(231, 5)-(240, 6)","b'try {\n        LOGD(""%s"", method_name);\n      ...'"
opencv,../repos/opencv/opencv/modules/java/generator/src/cpp/Mat.cpp,"(258, 5)-(267, 6)","b'try {\n        LOGD(""%s"", method_name);\n      ...'"
opencv,../repos/opencv/opencv/modules/java/generator/src/cpp/Mat.cpp,"(285, 5)-(294, 6)","b'try {\n        LOGD(""%s"", method_name);\n      ...'"
opencv,../repos/opencv/opencv/modules/java/generator/src/cpp/Mat.cpp,"(332, 5)-(347, 6)","b'try {\n        LOGD(""%s"", method_name);\n      ...'"
opencv,../repos/opencv/opencv/modules/java/generator/src/cpp/Mat.cpp,"(361, 5)-(369, 6)","b'try {\n        LOGD(""%s"", method_name);\n      ...'"
opencv,../repos/opencv/opencv/modules/java/generator/src/cpp/Mat.cpp,"(386, 5)-(395, 6)","b'try {\n        LOGD(""%s"", method_name);\n      ...'"
opencv,../repos/opencv/opencv/modules/java/generator/src/cpp/Mat.cpp,"(413, 5)-(421, 6)","b'try {\n        LOGD(""%s"", method_name);\n      ...'"
opencv,../repos/opencv/opencv/modules/java/generator/src/cpp/Mat.cpp,"(432, 5)-(440, 6)","b'try {\n        LOGD(""%s"", method_name);\n      ...'"
opencv,../repos/opencv/opencv/modules/java/generator/src/cpp/Mat.cpp,"(456, 5)-(464, 6)","b'try {\n        LOGD(""%s"", method_name);\n      ...'"
opencv,../repos/opencv/opencv/modules/java/generator/src/cpp/Mat.cpp,"(482, 5)-(490, 6)","b'try {\n        LOGD(""%s"", method_name);\n      ...'"
opencv,../repos/opencv/opencv/modules/java/generator/src/cpp/Mat.cpp,"(504, 5)-(512, 6)","b'try {\n        LOGD(""%s"", method_name);\n      ...'"
opencv,../repos/opencv/opencv/modules/java/generator/src/cpp/Mat.cpp,"(526, 5)-(534, 6)","b'try {\n        LOGD(""%s"", method_name);\n      ...'"
opencv,../repos/opencv/opencv/modules/java/generator/src/cpp/Mat.cpp,"(553, 5)-(562, 6)","b'try {\n        LOGD(""%s"", method_name);\n      ...'"
opencv,../repos/opencv/opencv/modules/java/generator/src/cpp/Mat.cpp,"(580, 5)-(589, 6)","b'try {\n        LOGD(""%s"", method_name);\n      ...'"
opencv,../repos/opencv/opencv/modules/java/generator/src/cpp/Mat.cpp,"(607, 5)-(616, 6)","b'try {\n        LOGD(""%s"", method_name);\n      ...'"
opencv,../repos/opencv/opencv/modules/java/generator/src/cpp/Mat.cpp,"(634, 5)-(642, 6)","b'try {\n        LOGD(""%s"", method_name);\n      ...'"
opencv,../repos/opencv/opencv/modules/java/generator/src/cpp/Mat.cpp,"(660, 5)-(668, 6)","b'try {\n        LOGD(""%s"", method_name);\n      ...'"
opencv,../repos/opencv/opencv/modules/java/generator/src/cpp/Mat.cpp,"(684, 5)-(693, 6)","b'try {\n        LOGD(""%s"", method_name);\n      ...'"
opencv,../repos/opencv/opencv/modules/java/generator/src/cpp/Mat.cpp,"(709, 5)-(718, 6)","b'try {\n        LOGD(""%s"", method_name);\n      ...'"
opencv,../repos/opencv/opencv/modules/java/generator/src/cpp/Mat.cpp,"(729, 5)-(738, 6)","b'try {\n        LOGD(""%s"", method_name);\n      ...'"
opencv,../repos/opencv/opencv/modules/java/generator/src/cpp/Mat.cpp,"(749, 5)-(758, 6)","b'try {\n        LOGD(""%s"", method_name);\n      ...'"
opencv,../repos/opencv/opencv/modules/java/generator/src/cpp/Mat.cpp,"(774, 5)-(783, 6)","b'try {\n        LOGD(""%s"", method_name);\n      ...'"
opencv,../repos/opencv/opencv/modules/java/generator/src/cpp/Mat.cpp,"(799, 5)-(809, 6)","b'try {\n        LOGD(""%s"", method_name);\n      ...'"
opencv,../repos/opencv/opencv/modules/java/generator/src/cpp/Mat.cpp,"(825, 5)-(833, 6)","b'try {\n        LOGD(""%s"", method_name);\n      ...'"
opencv,../repos/opencv/opencv/modules/java/generator/src/cpp/Mat.cpp,"(849, 5)-(858, 6)","b'try {\n        LOGD(""%s"", method_name);\n      ...'"
opencv,../repos/opencv/opencv/modules/java/generator/src/cpp/Mat.cpp,"(874, 5)-(883, 6)","b'try {\n        LOGD(""%s"", method_name);\n      ...'"
opencv,../repos/opencv/opencv/modules/java/generator/src/cpp/Mat.cpp,"(899, 5)-(908, 6)","b'try {\n        LOGD(""%s"", method_name);\n      ...'"
opencv,../repos/opencv/opencv/modules/java/generator/src/cpp/Mat.cpp,"(924, 5)-(934, 6)","b'try {\n        LOGD(""%s"", method_name);\n      ...'"
opencv,../repos/opencv/opencv/modules/java/generator/src/cpp/Mat.cpp,"(969, 5)-(977, 6)","b'try {\n        LOGD(""%s"", method_name);\n      ...'"
opencv,../repos/opencv/opencv/modules/java/generator/src/cpp/Mat.cpp,"(995, 5)-(1004, 6)","b'try {\n        LOGD(""%s"", method_name);\n      ...'"
opencv,../repos/opencv/opencv/modules/java/generator/src/cpp/Mat.cpp,"(1023, 5)-(1031, 6)","b'try {\n        LOGD(""%s"", method_name);\n      ...'"
opencv,../repos/opencv/opencv/modules/java/generator/src/cpp/Mat.cpp,"(1049, 5)-(1058, 6)","b'try {\n        LOGD(""%s"", method_name);\n      ...'"
opencv,../repos/opencv/opencv/modules/java/generator/src/cpp/Mat.cpp,"(1076, 5)-(1084, 6)","b'try {\n        LOGD(""%s"", method_name);\n      ...'"
opencv,../repos/opencv/opencv/modules/java/generator/src/cpp/Mat.cpp,"(1102, 5)-(1110, 6)","b'try {\n        LOGD(""%s"", method_name);\n      ...'"
opencv,../repos/opencv/opencv/modules/java/generator/src/cpp/Mat.cpp,"(1128, 5)-(1136, 6)","b'try {\n        LOGD(""%s"", method_name);\n      ...'"
opencv,../repos/opencv/opencv/modules/java/generator/src/cpp/Mat.cpp,"(1154, 5)-(1162, 6)","b'try {\n        LOGD(""%s"", method_name);\n      ...'"
opencv,../repos/opencv/opencv/modules/java/generator/src/cpp/Mat.cpp,"(1180, 5)-(1189, 6)","b'try {\n        LOGD(""%s"", method_name);\n      ...'"
opencv,../repos/opencv/opencv/modules/java/generator/src/cpp/Mat.cpp,"(1207, 5)-(1216, 6)","b'try {\n        LOGD(""%s"", method_name);\n      ...'"
opencv,../repos/opencv/opencv/modules/java/generator/src/cpp/Mat.cpp,"(1229, 5)-(1238, 6)","b'try {\n        LOGD(""%s"", method_name);\n      ...'"
opencv,../repos/opencv/opencv/modules/java/generator/src/cpp/Mat.cpp,"(1256, 5)-(1264, 6)","b'try {\n        LOGD(""%s"", method_name);\n      ...'"
opencv,../repos/opencv/opencv/modules/java/generator/src/cpp/Mat.cpp,"(1282, 5)-(1290, 6)","b'try {\n        LOGD(""%s"", method_name);\n      ...'"
opencv,../repos/opencv/opencv/modules/java/generator/src/cpp/Mat.cpp,"(1308, 5)-(1319, 6)","b'try {\n        LOGD(""%s"", method_name);\n      ...'"
opencv,../repos/opencv/opencv/modules/java/generator/src/cpp/Mat.cpp,"(1335, 5)-(1345, 6)","b'try {\n        LOGD(""%s"", method_name);\n      ...'"
opencv,../repos/opencv/opencv/modules/java/generator/src/cpp/Mat.cpp,"(1359, 5)-(1369, 6)","b'try {\n        LOGD(""%s"", method_name);\n      ...'"
opencv,../repos/opencv/opencv/modules/java/generator/src/cpp/Mat.cpp,"(1386, 5)-(1396, 6)","b'try {\n        LOGD(""%s"", method_name);\n      ...'"
opencv,../repos/opencv/opencv/modules/java/generator/src/cpp/Mat.cpp,"(1413, 5)-(1421, 6)","b'try {\n        LOGD(""%s"", method_name);\n      ...'"
opencv,../repos/opencv/opencv/modules/java/generator/src/cpp/Mat.cpp,"(1439, 5)-(1448, 6)","b'try {\n        LOGD(""%s"", method_name);\n      ...'"
opencv,../repos/opencv/opencv/modules/java/generator/src/cpp/Mat.cpp,"(1466, 5)-(1475, 6)","b'try {\n        LOGD(""%s"", method_name);\n      ...'"
opencv,../repos/opencv/opencv/modules/java/generator/src/cpp/Mat.cpp,"(1493, 5)-(1501, 6)","b'try {\n        LOGD(""%s"", method_name);\n      ...'"
opencv,../repos/opencv/opencv/modules/java/generator/src/cpp/Mat.cpp,"(1517, 5)-(1525, 6)","b'try {\n        LOGD(""%s"", method_name);\n      ...'"
opencv,../repos/opencv/opencv/modules/java/generator/src/cpp/Mat.cpp,"(1541, 5)-(1550, 6)","b'try {\n        LOGD(""%s"", method_name);\n      ...'"
opencv,../repos/opencv/opencv/modules/java/generator/src/cpp/Mat.cpp,"(1564, 5)-(1573, 6)","b'try {\n        LOGD(""%s"", method_name);\n      ...'"
opencv,../repos/opencv/opencv/modules/java/generator/src/cpp/Mat.cpp,"(1589, 5)-(1599, 6)","b'try {\n        LOGD(""%s"", method_name);\n      ...'"
opencv,../repos/opencv/opencv/modules/java/generator/src/cpp/Mat.cpp,"(1615, 5)-(1624, 6)","b'try {\n        LOGD(""%s"", method_name);\n      ...'"
opencv,../repos/opencv/opencv/modules/java/generator/src/cpp/Mat.cpp,"(1642, 5)-(1651, 6)","b'try {\n        LOGD(""%s"", method_name);\n      ...'"
opencv,../repos/opencv/opencv/modules/java/generator/src/cpp/Mat.cpp,"(1669, 5)-(1677, 6)","b'try {\n        LOGD(""%s"", method_name);\n      ...'"
opencv,../repos/opencv/opencv/modules/java/generator/src/cpp/Mat.cpp,"(1695, 5)-(1705, 6)","b'try {\n        LOGD(""%s"", method_name);\n      ...'"
opencv,../repos/opencv/opencv/modules/java/generator/src/cpp/Mat.cpp,"(1723, 5)-(1734, 6)","b'try {\n        LOGD(""%s"", method_name);\n      ...'"
opencv,../repos/opencv/opencv/modules/java/generator/src/cpp/Mat.cpp,"(1752, 5)-(1763, 6)","b'try {\n        LOGD(""%s"", method_name);\n      ...'"
opencv,../repos/opencv/opencv/modules/java/generator/src/cpp/Mat.cpp,"(1777, 5)-(1787, 6)","b'try {\n        LOGD(""%s"", method_name);\n      ...'"
opencv,../repos/opencv/opencv/modules/java/generator/src/cpp/Mat.cpp,"(1805, 5)-(1817, 6)","b'try {\n        LOGD(""%s"", method_name);\n      ...'"
opencv,../repos/opencv/opencv/modules/java/generator/src/cpp/Mat.cpp,"(1835, 5)-(1843, 6)","b'try {\n        LOGD(""%s"", method_name);\n      ...'"
opencv,../repos/opencv/opencv/modules/java/generator/src/cpp/Mat.cpp,"(1857, 5)-(1865, 6)","b'try {\n        LOGD(""%s"", method_name);\n      ...'"
opencv,../repos/opencv/opencv/modules/java/generator/src/cpp/Mat.cpp,"(1881, 5)-(1892, 6)","b'try {\n        LOGD(""%s"", method_name);\n      ...'"
opencv,../repos/opencv/opencv/modules/java/generator/src/cpp/Mat.cpp,"(1908, 5)-(1925, 6)","b'try {\n        LOGD(""%s"", method_name);\n      ...'"
opencv,../repos/opencv/opencv/modules/java/generator/src/cpp/Mat.cpp,"(1943, 5)-(1953, 6)","b'try {\n        LOGD(""%s"", method_name);\n      ...'"
opencv,../repos/opencv/opencv/modules/java/generator/src/cpp/Mat.cpp,"(1971, 5)-(1980, 6)","b'try {\n        LOGD(""%s"", method_name);\n      ...'"
opencv,../repos/opencv/opencv/modules/java/generator/src/cpp/Mat.cpp,"(1998, 5)-(2006, 6)","b'try {\n        LOGD(""%s"", method_name);\n      ...'"
opencv,../repos/opencv/opencv/modules/java/generator/src/cpp/Mat.cpp,"(2024, 5)-(2032, 6)","b'try {\n        LOGD(""%s"", method_name);\n      ...'"
opencv,../repos/opencv/opencv/modules/java/generator/src/cpp/Mat.cpp,"(2050, 5)-(2058, 6)","b'try {\n        LOGD(""%s"", method_name);\n      ...'"
opencv,../repos/opencv/opencv/modules/java/generator/src/cpp/Mat.cpp,"(2076, 5)-(2085, 6)","b'try {\n        LOGD(""%s"", method_name);\n      ...'"
opencv,../repos/opencv/opencv/modules/java/generator/src/cpp/Mat.cpp,"(2103, 5)-(2112, 6)","b'try {\n        LOGD(""%s"", method_name);\n      ...'"
opencv,../repos/opencv/opencv/modules/java/generator/src/cpp/Mat.cpp,"(2238, 5)-(2253, 6)","b'try {\n        LOGD(""%s"", method_name);\n      ...'"
opencv,../repos/opencv/opencv/modules/java/generator/src/cpp/Mat.cpp,"(2261, 5)-(2278, 6)","b'try {\n        LOGD(""%s"", method_name);\n      ...'"
opencv,../repos/opencv/opencv/modules/java/generator/src/cpp/Mat.cpp,"(2385, 5)-(2430, 6)","b'try {\n        LOGD(""%s"", method_name);\n      ...'"
opencv,../repos/opencv/opencv/modules/java/generator/src/cpp/Mat.cpp,"(2445, 5)-(2480, 6)","b'try {\n        LOGD(""%s"", method_name);\n      ...'"
opencv,../repos/opencv/opencv/modules/java/generator/src/cpp/Mat.cpp,"(2501, 5)-(2516, 6)","b'try {\n        LOGD(""%s"", method_name);\n      ...'"
opencv,../repos/opencv/opencv/modules/java/generator/src/cpp/Mat.cpp,"(2523, 5)-(2541, 6)","b'try {\n        LOGD(""%s"", method_name);\n      ...'"
opencv,../repos/opencv/opencv/modules/java/generator/src/cpp/Mat.cpp,"(2645, 5)-(2671, 6)","b'try {\n        LOGD(""%s"", method_name);\n      ...'"
opencv,../repos/opencv/opencv/modules/java/generator/src/cpp/Mat.cpp,"(2683, 5)-(2712, 6)","b'try {\n        LOGD(""%s"", method_name);\n      ...'"
opencv,../repos/opencv/opencv/modules/java/generator/src/cpp/Mat.cpp,"(2724, 5)-(2738, 6)","b'try {\n        LOGD(""%s"", method_name);\n      ...'"
opencv,../repos/opencv/opencv/modules/calib3d/src/calibinit.cpp,"(2120, 9)-(2146, 10)",b'try\n        {\n            bool isFound = boxF...'
opencv,../repos/opencv/opencv/modules/calib3d/src/solvepnp.cpp,"(323, 5)-(354, 6)",b'try\n    {\n       if (flags == SOLVEPNP_ITERAT...'
opencv,../repos/opencv/opencv/modules/calib3d/src/solvepnp.cpp,"(914, 9)-(935, 24)",b'try\n        {\n            poseSolver.solveGen...'
opencv,../repos/opencv/opencv/modules/calib3d/src/solvepnp.cpp,"(987, 9)-(1007, 26)",b'try\n        {\n            poseSolver.solveSqu...'
opencv,../repos/opencv/opencv/modules/calib3d/test/test_usac.cpp,"(316, 9)-(322, 10)",b'try {\n            E = cv::findEssentialMat(pt...'
opencv,../repos/opencv/opencv/modules/calib3d/test/test_usac.cpp,"(345, 9)-(360, 10)","b'try {\n            cv::Mat pts1 = cv::Mat(2, 5...'"
opencv,../repos/opencv/opencv/modules/calib3d/test/test_usac.cpp,"(441, 5)-(454, 6)",b'try {\n        model = cv::findEssentialMat(pt...'
opencv,../repos/opencv/opencv/modules/videoio/src/backend_plugin.cpp,"(287, 9)-(294, 10)",b'try {\n            if (!initialized)\n         ...'
opencv,../repos/opencv/opencv/modules/videoio/src/backend_plugin.cpp,"(394, 9)-(441, 10)",b'try\n        {\n            Ptr<PluginBackend> ...'
opencv,../repos/opencv/opencv/modules/videoio/src/backend_plugin.cpp,"(663, 5)-(681, 6)",b'try\n    {\n        if (capture_api_)\n         ...'
opencv,../repos/opencv/opencv/modules/videoio/src/backend_plugin.cpp,"(687, 5)-(705, 6)",b'try\n    {\n        if (capture_api_)\n         ...'
opencv,../repos/opencv/opencv/modules/videoio/src/backend_plugin.cpp,"(712, 5)-(722, 6)",b'try\n    {\n        if (writer_api_)\n          ...'
opencv,../repos/opencv/opencv/modules/videoio/src/cap_gphoto2.cpp,"(324, 5)-(342, 6)",b'try\n    {\n        // Load abilities\n        C...'
opencv,../repos/opencv/opencv/modules/videoio/src/cap_gphoto2.cpp,"(381, 5)-(395, 6)",b'try\n    {\n        CR(gp_abilities_list_free(a...'
opencv,../repos/opencv/opencv/modules/videoio/src/cap_gphoto2.cpp,"(411, 5)-(449, 6)",b'try\n    {\n        CR(gp_camera_new(&camera));...'
opencv,../repos/opencv/opencv/modules/videoio/src/cap_gphoto2.cpp,"(465, 5)-(497, 6)",b'try\n    {\n        if (!frame.empty())\n       ...'
opencv,../repos/opencv/opencv/modules/videoio/src/cap_gphoto2.cpp,"(623, 5)-(673, 6)",b'try\n    {\n        CameraWidgetType type;\n    ...'
opencv,../repos/opencv/opencv/modules/videoio/src/cap_gphoto2.cpp,"(759, 5)-(816, 6)",b'try\n    {\n        CameraWidgetType type;\n    ...'
opencv,../repos/opencv/opencv/modules/videoio/src/cap_gphoto2.cpp,"(828, 5)-(858, 6)",b'try\n    {\n        CR(gp_file_new(&file));\n\n  ...'
opencv,../repos/opencv/opencv/modules/videoio/src/cap_gphoto2.cpp,"(871, 9)-(880, 10)",b'try\n        {\n            readFrameFromFile(f...'
opencv,../repos/opencv/opencv/modules/videoio/src/cap_gphoto2.cpp,"(903, 5)-(920, 6)",b'try\n    {\n        if (deviceName != 0)\n      ...'
opencv,../repos/opencv/opencv/modules/videoio/src/cap_gphoto2.cpp,"(969, 9)-(986, 10)",b'try\n        {\n            const char * name;\n...'
opencv,../repos/opencv/opencv/modules/videoio/src/cap_ueye.cpp,"(189, 5)-(228, 6)",b'try\n    {\n        bool set_format = false;\n  ...'
opencv,../repos/opencv/opencv/modules/videoio/src/cap_ueye.cpp,"(238, 5)-(266, 6)",b'try\n    {\n        IS_WAIT_EVENT wait_event{IS...'
opencv,../repos/opencv/opencv/modules/videoio/src/cap_ueye.cpp,"(275, 5)-(283, 6)",b'try\n    {\n        unlock_image_buffer();\n    ...'
opencv,../repos/opencv/opencv/modules/videoio/src/cap_ueye.cpp,"(346, 5)-(353, 6)",b'try\n    {\n        stop_camera();\n    }\n    ca...'
opencv,../repos/opencv/opencv/modules/videoio/src/cap_gstreamer.cpp,"(2196, 9)-(2207, 10)",b'try\n        {\n            close();\n        }\n...'
opencv,../repos/opencv/opencv/modules/videoio/src/cap_gstreamer.cpp,"(2759, 5)-(2769, 6)","b'try\n    {\n        if (wrt->open(filename, fou...'"
opencv,../repos/opencv/opencv/modules/videoio/src/cap_gstreamer.cpp,"(2883, 5)-(2905, 6)",b'try\n    {\n        cv::VideoCaptureParameters ...'
opencv,../repos/opencv/opencv/modules/videoio/src/cap_gstreamer.cpp,"(2935, 5)-(2950, 6)",b'try\n    {\n        GStreamerCapture* instance ...'
opencv,../repos/opencv/opencv/modules/videoio/src/cap_gstreamer.cpp,"(2958, 5)-(2972, 6)",b'try\n    {\n        GStreamerCapture* instance ...'
opencv,../repos/opencv/opencv/modules/videoio/src/cap_gstreamer.cpp,"(2980, 5)-(2994, 6)",b'try\n    {\n        GStreamerCapture* instance ...'
opencv,../repos/opencv/opencv/modules/videoio/src/cap_gstreamer.cpp,"(3002, 5)-(3020, 6)",b'try\n    {\n        GStreamerCapture* instance ...'
opencv,../repos/opencv/opencv/modules/videoio/src/cap_gstreamer.cpp,"(3030, 5)-(3048, 6)","b'try\n    {\n        CvSize sz = { width, height...'"
opencv,../repos/opencv/opencv/modules/videoio/src/cap_gstreamer.cpp,"(3079, 5)-(3088, 6)",b'try\n    {\n        CvVideoWriter_GStreamer* in...'
opencv,../repos/opencv/opencv/modules/videoio/src/cap_gstreamer.cpp,"(3103, 5)-(3121, 6)",b'try\n    {\n        CvVideoWriter_GStreamer* in...'
opencv,../repos/opencv/opencv/modules/videoio/src/cap_images.cpp,"(461, 5)-(471, 6)",b'try\n    {\n        if( writer->open( filename....'
opencv,../repos/opencv/opencv/modules/videoio/src/cap_v4l.cpp,"(471, 5)-(480, 6)",b'try\n    {\n        closeDevice();\n    }\n    ca...'
opencv,../repos/opencv/opencv/modules/videoio/src/cap_winrt/MFIncludes.hpp,"(146, 5)-(162, 6)",b'try\n    {\n        lambda();\n        return S_...'
opencv,../repos/opencv/opencv/modules/videoio/src/cap_msmf.cpp,"(2732, 5)-(2754, 6)",b'try\n    {\n        cv::VideoCaptureParameters ...'
opencv,../repos/opencv/opencv/modules/videoio/src/cap_msmf.cpp,"(2784, 5)-(2799, 6)",b'try\n    {\n        CaptureT* instance = (Captu...'
opencv,../repos/opencv/opencv/modules/videoio/src/cap_msmf.cpp,"(2807, 5)-(2821, 6)",b'try\n    {\n        CaptureT* instance = (Captu...'
opencv,../repos/opencv/opencv/modules/videoio/src/cap_msmf.cpp,"(2829, 5)-(2843, 6)",b'try\n    {\n        CaptureT* instance = (Captu...'
opencv,../repos/opencv/opencv/modules/videoio/src/cap_msmf.cpp,"(2851, 5)-(2872, 6)",b'try\n    {\n        CaptureT* instance = (Captu...'
opencv,../repos/opencv/opencv/modules/videoio/src/cap_msmf.cpp,"(2882, 5)-(2900, 6)",b'try\n    {\n        VideoWriterParameters param...'
opencv,../repos/opencv/opencv/modules/videoio/src/cap_msmf.cpp,"(2931, 5)-(2940, 6)",b'try\n    {\n        WriterT* instance = (Writer...'
opencv,../repos/opencv/opencv/modules/videoio/src/cap_msmf.cpp,"(2954, 5)-(2972, 6)",b'try\n    {\n        CV_Assert(step >= 0);\n     ...'
opencv,../repos/opencv/opencv/modules/videoio/src/cap_librealsense.cpp,"(15, 5)-(26, 6)",b'try\n    {\n        rs2::config config;\n       ...'
opencv,../repos/opencv/opencv/modules/videoio/src/cap_librealsense.cpp,"(182, 5)-(189, 6)",b'try\n    {\n        mData = mAlign.process(mPip...'
opencv,../repos/opencv/opencv/modules/videoio/src/cap_librealsense.cpp,"(215, 5)-(227, 6)",b'try\n    {\n        // we copy the data straigh...'
opencv,../repos/opencv/opencv/modules/videoio/src/cap_mfx_plugin.cpp,"(28, 5)-(47, 6)",b'try\n    {\n        if (filename)\n        {\n   ...'
opencv,../repos/opencv/opencv/modules/videoio/src/cap_mfx_plugin.cpp,"(71, 5)-(86, 6)",b'try\n    {\n        VideoCapture_IntelMFX* inst...'
opencv,../repos/opencv/opencv/modules/videoio/src/cap_mfx_plugin.cpp,"(94, 5)-(108, 6)",b'try\n    {\n        VideoCapture_IntelMFX* inst...'
opencv,../repos/opencv/opencv/modules/videoio/src/cap_mfx_plugin.cpp,"(116, 5)-(130, 6)",b'try\n    {\n        VideoCapture_IntelMFX* inst...'
opencv,../repos/opencv/opencv/modules/videoio/src/cap_mfx_plugin.cpp,"(138, 5)-(155, 6)",b'try\n    {\n        VideoCapture_IntelMFX* inst...'
opencv,../repos/opencv/opencv/modules/videoio/src/cap_mfx_plugin.cpp,"(163, 5)-(179, 6)",b'try\n    {\n        wrt = new VideoWriter_Intel...'
opencv,../repos/opencv/opencv/modules/videoio/src/cap_mfx_plugin.cpp,"(212, 5)-(228, 6)",b'try\n    {\n        VideoWriter_IntelMFX* insta...'
opencv,../repos/opencv/opencv/modules/videoio/src/cap_ffmpeg.cpp,"(259, 5)-(275, 6)",b'try\n    {\n        cap = new CvCapture_FFMPEG_...'
opencv,../repos/opencv/opencv/modules/videoio/src/cap_ffmpeg.cpp,"(295, 5)-(312, 6)",b'try\n    {\n        cv::VideoCaptureParameters ...'
opencv,../repos/opencv/opencv/modules/videoio/src/cap_ffmpeg.cpp,"(336, 5)-(351, 6)",b'try\n    {\n        CvCapture_FFMPEG_proxy* ins...'
opencv,../repos/opencv/opencv/modules/videoio/src/cap_ffmpeg.cpp,"(359, 5)-(373, 6)",b'try\n    {\n        CvCapture_FFMPEG_proxy* ins...'
opencv,../repos/opencv/opencv/modules/videoio/src/cap_ffmpeg.cpp,"(381, 5)-(395, 6)",b'try\n    {\n        CvCapture_FFMPEG_proxy* ins...'
opencv,../repos/opencv/opencv/modules/videoio/src/cap_ffmpeg.cpp,"(404, 5)-(422, 6)",b'try\n    {\n        CvCapture_FFMPEG_proxy* ins...'
opencv,../repos/opencv/opencv/modules/videoio/src/cap_ffmpeg.cpp,"(430, 5)-(448, 6)",b'try\n    {\n        CvCapture_FFMPEG_proxy* ins...'
opencv,../repos/opencv/opencv/modules/videoio/src/cap_ffmpeg.cpp,"(460, 5)-(477, 6)",b'try\n    {\n        VideoWriterParameters param...'
opencv,../repos/opencv/opencv/modules/videoio/src/cap_ffmpeg.cpp,"(508, 5)-(517, 6)",b'try\n    {\n        CvVideoWriter_FFMPEG_proxy*...'
opencv,../repos/opencv/opencv/modules/videoio/src/cap_ffmpeg.cpp,"(531, 5)-(547, 6)",b'try\n    {\n        CvVideoWriter_FFMPEG_proxy*...'
opencv,../repos/opencv/opencv/modules/videoio/src/cap.cpp,"(137, 17)-(186, 18)",b'try\n                {\n                    ica...'
opencv,../repos/opencv/opencv/modules/videoio/src/cap.cpp,"(275, 17)-(324, 18)",b'try\n                {\n                    ica...'
opencv,../repos/opencv/opencv/modules/videoio/src/cap.cpp,"(611, 17)-(657, 18)",b'try\n                {\n                    iwr...'
opencv,../repos/opencv/opencv/modules/videoio/src/cap_ffmpeg_hw.hpp,"(524, 5)-(534, 6)",b'try {\n        hw_device_ctx = hw_create_conte...'
opencv,../repos/opencv/opencv/modules/videoio/src/cap_ffmpeg_hw.hpp,"(572, 21)-(581, 22)",b'try {\n                        hw_init_opencl(...'
opencv,../repos/opencv/opencv/modules/videoio/src/cap_ffmpeg_hw.hpp,"(806, 5)-(843, 6)",b'try {\n        // check that current OpenCL co...'
opencv,../repos/opencv/opencv/modules/videoio/src/cap_ffmpeg_hw.hpp,"(858, 5)-(895, 6)",b'try {\n        // check that current OpenCL co...'
opencv,../repos/opencv/opencv/modules/videoio/test/test_plugins.cpp,"(20, 5)-(31, 6)",b'try\n    {\n        name = videoio_registry::ge...'
opencv,../repos/opencv/opencv/modules/videoio/test/test_plugins.cpp,"(33, 5)-(42, 6)",b'try\n    {\n        isBuiltIn = videoio_registr...'
opencv,../repos/opencv/opencv/modules/videoio/test/test_plugins.cpp,"(52, 5)-(77, 6)",b'try\n    {\n        if (mode == MODE_CAMERA)\n  ...'
opencv,../repos/opencv/opencv/modules/imgproc/src/smooth.dispatch.cpp,"(435, 5)-(465, 6)",b'try\n    {\n        ivx::Context ctx = ovx::get...'
opencv,../repos/opencv/opencv/modules/imgproc/src/smooth.dispatch.cpp,"(504, 9)-(513, 10)",b'try\n        {\n            ::ipp::IwiTile tile...'
opencv,../repos/opencv/opencv/modules/imgproc/src/smooth.dispatch.cpp,"(549, 5)-(587, 6)",b'try\n    {\n        Mat src = _src.getMat();\n  ...'
opencv,../repos/opencv/opencv/modules/imgproc/src/contours.cpp,"(1762, 9)-(1779, 10)",b'try\n        {\n            scanner = cvStartFi...'
opencv,../repos/opencv/opencv/modules/imgproc/src/canny.cpp,"(80, 9)-(95, 10)",b'try\n        {\n            ::ipp::IwiImage iwS...'
opencv,../repos/opencv/opencv/modules/imgproc/src/canny.cpp,"(108, 9)-(121, 10)",b'try\n        {\n            ::ipp::IwiImage iwS...'
opencv,../repos/opencv/opencv/modules/imgproc/src/canny.cpp,"(773, 5)-(817, 6)",b'try\n    {\n    Image _src = Image::createFromH...'
opencv,../repos/opencv/opencv/modules/imgproc/src/resize.cpp,"(3601, 9)-(3610, 10)",b'try\n        {\n            ::ipp::IwiTile tile...'
opencv,../repos/opencv/opencv/modules/imgproc/src/resize.cpp,"(3651, 9)-(3660, 10)",b'try\n        {\n            ::ipp::IwiTile tile...'
opencv,../repos/opencv/opencv/modules/imgproc/src/resize.cpp,"(3722, 5)-(3755, 6)",b'try\n    {\n        ::ipp::IwiImage iwSrc(::ipp...'
opencv,../repos/opencv/opencv/modules/imgproc/src/median_blur.dispatch.cpp,"(139, 5)-(200, 6)",b'try\n    {\n        ivx::Context ctx = ovx::get...'
opencv,../repos/opencv/opencv/modules/imgproc/src/bilateral_filter.dispatch.cpp,"(331, 9)-(340, 10)",b'try\n        {\n            ::ipp::IwiTile tile...'
opencv,../repos/opencv/opencv/modules/imgproc/src/bilateral_filter.dispatch.cpp,"(366, 5)-(394, 6)",b'try\n    {\n        ::ipp::IwiImage      iwSrc ...'
opencv,../repos/opencv/opencv/modules/imgproc/src/morph.dispatch.cpp,"(309, 5)-(416, 6)",b'try\n    {\n        ::ipp::IwiImage iwSrc(initS...'
opencv,../repos/opencv/opencv/modules/imgproc/src/featureselect.cpp,"(295, 5)-(357, 6)",b'try\n    {\n        Context context = ovx::getO...'
opencv,../repos/opencv/opencv/modules/imgproc/src/box_filter.dispatch.cpp,"(356, 9)-(386, 10)",b'try\n        {\n            ivx::Context ctx = ...'
opencv,../repos/opencv/opencv/modules/imgproc/src/box_filter.dispatch.cpp,"(414, 5)-(429, 6)",b'try\n    {\n        ::ipp::IwiImage       iwSrc...'
opencv,../repos/opencv/opencv/modules/imgproc/src/accum.cpp,"(263, 5)-(301, 6)",b'try\n    {\n        ivx::Context context = ovx:...'
opencv,../repos/opencv/opencv/modules/imgproc/src/thresh.cpp,"(1500, 5)-(1532, 6)",b'try\n    {\n        ivx::Context ctx = ovx::get...'
opencv,../repos/opencv/opencv/modules/imgproc/src/deriv.cpp,"(221, 9)-(256, 10)",b'try\n        {\n            ivx::Context ctx = ...'
opencv,../repos/opencv/opencv/modules/imgproc/src/deriv.cpp,"(306, 5)-(343, 6)",b'try\n    {\n        Mat src = _src.getMat();\n  ...'
opencv,../repos/opencv/opencv/modules/imgproc/src/deriv.cpp,"(740, 5)-(775, 6)",b'try\n    {\n        Mat src = _src.getMat();\n  ...'
opencv,../repos/opencv/opencv/modules/imgproc/src/filter.dispatch.cpp,"(1242, 5)-(1261, 6)",b'try\n    {\n        ::ipp::IwiBorderSize    iwB...'
opencv,../repos/opencv/opencv/modules/imgproc/src/histogram.cpp,"(858, 9)-(890, 10)",b'try\n        {\n            ivx::Context ctx = ...'
opencv,../repos/opencv/opencv/modules/imgproc/src/histogram.cpp,"(3406, 5)-(3429, 6)",b'try\n    {\n        Context context = ovx::getO...'
opencv,../repos/opencv/opencv/modules/imgproc/src/imgwarp.cpp,"(1583, 5)-(1625, 6)",b'try\n    {\n        ivx::Context ctx = ovx::get...'
opencv,../repos/opencv/opencv/modules/imgproc/src/imgwarp.cpp,"(2596, 9)-(2605, 10)",b'try\n        {\n            ::ipp::IwiTile tile...'
opencv,../repos/opencv/opencv/modules/imgproc/src/imgwarp.cpp,"(2635, 5)-(2679, 6)",b'try\n    {\n        Mat src = _src.getMat();\n  ...'
opencv,../repos/opencv/opencv/modules/imgproc/src/pyramids.cpp,"(1367, 5)-(1403, 6)",b'try\n    {\n        Context context = ovx::getO...'
opencv,../repos/opencv/opencv/modules/imgproc/test/test_filter.cpp,"(1898, 9)-(1965, 10)","b'try\n        {\n            // use some ""odd"" s...'"
opencv,../repos/opencv/opencv/modules/imgproc/test/test_moments.cpp,"(421, 9)-(437, 10)",b'try\n        {\n            vector<Point> point...'
opencv,../repos/opencv/opencv/modules/video/src/tracking/detail/tracking_feature.cpp,"(110, 5)-(118, 6)",b'try\n    {\n        generateRandomFeature(patch...'
opencv,../repos/opencv/opencv/modules/video/src/lkpyramid.cpp,"(1129, 9)-(1230, 10)",b'try\n        {\n            Context context = o...'
opencv,../repos/opencv/opencv/modules/highgui/src/window_w32.cpp,"(3041, 5)-(3051, 6)",b'try\n    {\n        if (!handle)\n            re...'
opencv,../repos/opencv/opencv/modules/highgui/src/window_gtk.cpp,"(1741, 9)-(1748, 10)",b'try\n        {\n            icvShowSaveAsDialog...'
opencv,../repos/opencv/opencv/modules/highgui/src/window_gtk.cpp,"(1816, 9)-(1823, 10)",b'try\n        {\n            icvDeleteWindow_(wi...'
opencv,../repos/opencv/opencv/modules/highgui/src/window_gtk.cpp,"(2322, 5)-(2332, 6)",b'try\n    {\n        if (!handle)\n            re...'
opencv,../repos/opencv/opencv/modules/highgui/src/backend.cpp,"(76, 9)-(102, 10)","b'try\n        {\n            CV_LOG_DEBUG(NULL, ...'"
opencv,../repos/opencv/opencv/modules/highgui/src/window_wayland.cpp,"(1031, 5)-(1059, 6)",b'try {\n        if (format != WL_KEYBOARD_KEYMA...'
opencv,../repos/opencv/opencv/modules/highgui/src/plugin_wrapper.impl.hpp,"(159, 9)-(167, 10)",b'try\n        {\n            if (!initialized)\n ...'
opencv,../repos/opencv/opencv/modules/highgui/src/plugin_wrapper.impl.hpp,"(254, 9)-(274, 10)",b'try\n        {\n            auto pluginBackend ...'
opencv,../repos/opencv/opencv/modules/features2d/src/fast.cpp,"(395, 5)-(432, 6)",b'try\n    {\n        Context context = ovx::getO...'
opencv,../repos/opencv/opencv/modules/features2d/test/test_descriptors_regression.impl.hpp,"(154, 9)-(162, 10)",b'try\n        {\n            dextractor->compute...'
opencv,../repos/opencv/opencv/modules/features2d/test/test_descriptors_regression.impl.hpp,"(166, 9)-(174, 10)",b'try\n        {\n            dextractor->compute...'
opencv,../repos/opencv/opencv/modules/features2d/test/test_descriptors_regression.impl.hpp,"(178, 9)-(193, 10)","b'try\n        {\n            double_image(image,...'"
opencv,../repos/opencv/opencv/modules/features2d/test/test_descriptors_regression.impl.hpp,"(199, 9)-(207, 10)",b'try\n        {\n            dextractor->compute...'
opencv,../repos/opencv/opencv/modules/features2d/test/test_matchers_algorithmic.cpp,"(90, 5)-(98, 6)",b'try\n    {\n        dmatcher->match( queryDescr...'
opencv,../repos/opencv/opencv/modules/features2d/test/test_matchers_algorithmic.cpp,"(100, 5)-(108, 6)",b'try\n    {\n        dmatcher->knnMatch( queryDe...'
opencv,../repos/opencv/opencv/modules/features2d/test/test_matchers_algorithmic.cpp,"(110, 5)-(118, 6)",b'try\n    {\n        dmatcher->radiusMatch( quer...'
opencv,../repos/opencv/opencv/modules/features2d/test/test_matchers_algorithmic.cpp,"(120, 5)-(128, 6)",b'try\n    {\n        dmatcher->add( trainDescrip...'
opencv,../repos/opencv/opencv/modules/features2d/test/test_matchers_algorithmic.cpp,"(130, 5)-(138, 6)",b'try\n    {\n        dmatcher->match( queryDescr...'
opencv,../repos/opencv/opencv/modules/features2d/test/test_matchers_algorithmic.cpp,"(140, 5)-(148, 6)",b'try\n    {\n        dmatcher->knnMatch( queryDe...'
opencv,../repos/opencv/opencv/modules/features2d/test/test_matchers_algorithmic.cpp,"(150, 5)-(158, 6)",b'try\n    {\n        dmatcher->radiusMatch( quer...'
opencv,../repos/opencv/opencv/modules/features2d/test/test_detectors_regression.impl.hpp,"(35, 5)-(43, 6)","b'try\n    {\n        fdetector->detect( image, k...'"
opencv,../repos/opencv/opencv/modules/features2d/test/test_detectors_regression.impl.hpp,"(55, 5)-(63, 6)","b'try\n    {\n        fdetector->detect( images, ...'"
opencv,../repos/opencv/opencv/modules/core/src/persistence.cpp,"(714, 9)-(761, 10)",b'try {\n            char *ptr = bufferStart();\n...'
opencv,../repos/opencv/opencv/modules/core/src/persistence.cpp,"(1894, 5)-(1905, 6)",b'try\n    {\n        bool ok = p->open(filename....'
opencv,../repos/opencv/opencv/modules/core/src/lut.cpp,"(109, 5)-(130, 6)",b'try\n    {\n        ivx::Context ctx = ovx::get...'
opencv,../repos/opencv/opencv/modules/core/src/glob.cpp,"(246, 9)-(274, 10)",b'try\n        {\n            struct dirent *ent;...'
opencv,../repos/opencv/opencv/modules/core/src/system.cpp,"(2109, 9)-(2117, 10)",b'try\n        {\n            getTlsStorage().set...'
opencv,../repos/opencv/opencv/modules/core/src/system.cpp,"(2285, 5)-(2294, 6)",b'try\n    {\n        const char * res = envRead(...'
opencv,../repos/opencv/opencv/modules/core/src/utils/filesystem.cpp,"(511, 21)-(518, 22)",b'try\n                    {\n                   ...'
opencv,../repos/opencv/opencv/modules/core/src/minmax.cpp,"(1134, 5)-(1190, 6)",b'try\n    {\n        ivx::Context ctx = ovx::get...'
opencv,../repos/opencv/opencv/modules/core/src/bindings_utils.cpp,"(20, 5)-(57, 6)",b'try {\n        do {\n            ss << (argumen...'
opencv,../repos/opencv/opencv/modules/core/src/bindings_utils.cpp,"(67, 5)-(110, 6)",b'try {\n        do {\n            ss << (argumen...'
opencv,../repos/opencv/opencv/modules/core/src/bindings_utils.cpp,"(120, 5)-(157, 6)",b'try {\n        do {\n            ss << (argumen...'
opencv,../repos/opencv/opencv/modules/core/src/bindings_utils.cpp,"(167, 5)-(210, 6)",b'try {\n        do {\n            ss << (argumen...'
opencv,../repos/opencv/opencv/modules/core/src/matrix.cpp,"(701, 9)-(712, 10)",b'try\n        {\n            u = a->allocate(dim...'
opencv,../repos/opencv/opencv/modules/core/src/matrix.cpp,"(762, 5)-(786, 6)",b'try\n    {\n        if( _rowRange != Range::all...'
opencv,../repos/opencv/opencv/modules/core/src/va_intel.cpp,"(164, 13)-(174, 14)",b'try\n            {\n                clExecCtx =...'
opencv,../repos/opencv/opencv/modules/core/src/ovx.cpp,"(56, 9)-(69, 30)",b'try\n        {\n        ivx::Context context = ...'
opencv,../repos/opencv/opencv/modules/core/src/directx.cpp,"(453, 17)-(463, 18)",b'try\n                {\n                    clE...'
opencv,../repos/opencv/opencv/modules/core/src/directx.cpp,"(534, 17)-(544, 18)",b'try\n                {\n                    clE...'
opencv,../repos/opencv/opencv/modules/core/src/directx.cpp,"(648, 13)-(658, 14)",b'try\n            {\n                clExecCtx =...'
opencv,../repos/opencv/opencv/modules/core/src/directx.cpp,"(762, 13)-(772, 14)",b'try\n            {\n                clExecCtx =...'
opencv,../repos/opencv/opencv/modules/core/src/directx.cpp,"(878, 13)-(888, 14)",b'try\n            {\n                clExecCtx =...'
opencv,../repos/opencv/opencv/modules/core/src/parallel/parallel_openmp.cpp,"(38, 5)-(48, 6)",b'try\n    {\n        if (!handle)\n            re...'
opencv,../repos/opencv/opencv/modules/core/src/parallel/parallel_tbb.cpp,"(40, 5)-(50, 6)",b'try\n    {\n        if (!handle)\n            re...'
opencv,../repos/opencv/opencv/modules/core/src/parallel/plugin_parallel_wrapper.impl.hpp,"(158, 9)-(166, 10)",b'try\n        {\n            if (!initialized)\n ...'
opencv,../repos/opencv/opencv/modules/core/src/parallel/plugin_parallel_wrapper.impl.hpp,"(246, 9)-(270, 10)",b'try\n        {\n            auto pluginBackend ...'
opencv,../repos/opencv/opencv/modules/core/src/parallel/parallel.cpp,"(63, 9)-(89, 10)","b'try\n        {\n            CV_LOG_DEBUG(NULL, ...'"
opencv,../repos/opencv/opencv/modules/core/src/matrix_transform.cpp,"(757, 5)-(767, 6)",b'try\n    {\n        ::ipp::IwiImage iwSrc = ipp...'
opencv,../repos/opencv/opencv/modules/core/src/mean.dispatch.cpp,"(325, 9)-(373, 10)",b'try\n        {\n            ivx::Context ctx = ...'
opencv,../repos/opencv/opencv/modules/core/src/parallel.cpp,"(354, 13)-(362, 14)",b'try\n            {\n                (*ctx.body)...'
opencv,../repos/opencv/opencv/modules/core/src/parallel.cpp,"(522, 9)-(531, 10)",b'try\n        {\n            parallel_for_impl(r...'
opencv,../repos/opencv/opencv/modules/core/src/umatrix.cpp,"(605, 5)-(612, 6)",b'try\n    {\n        allocated = UMat::getStdAll...'
opencv,../repos/opencv/opencv/modules/core/src/umatrix.cpp,"(629, 5)-(649, 6)",b'try\n    {\n        hdr.flags = flags;\n        ...'
opencv,../repos/opencv/opencv/modules/core/src/umatrix.cpp,"(701, 9)-(711, 10)",b'try\n        {\n            u = a->allocate(dim...'
opencv,../repos/opencv/opencv/modules/core/src/umatrix.cpp,"(1078, 5)-(1097, 6)","b'try\n    {\n        if(CV_XADD(&u->refcount, 1)...'"
opencv,../repos/opencv/opencv/modules/core/src/ocl.cpp,"(336, 13)-(398, 14)",b'try\n            {\n                if (cache_p...'
opencv,../repos/opencv/opencv/modules/core/src/ocl.cpp,"(363, 21)-(379, 22)",b'try\n                    {\n                   ...'
opencv,../repos/opencv/opencv/modules/core/src/ocl.cpp,"(439, 13)-(454, 14)",b'try\n            {\n                CV_LOG_VERB...'
opencv,../repos/opencv/opencv/modules/core/src/ocl.cpp,"(461, 13)-(508, 14)",b'try\n            {\n                std::vector...'
opencv,../repos/opencv/opencv/modules/core/src/ocl.cpp,"(493, 25)-(501, 26)",b'try\n                        {\n               ...'
opencv,../repos/opencv/opencv/modules/core/src/ocl.cpp,"(622, 13)-(650, 14)",b'try\n            {\n                uint32_t fi...'
opencv,../repos/opencv/opencv/modules/core/src/ocl.cpp,"(952, 13)-(964, 14)",b'try\n            {\n                useOpenCL_ ...'
opencv,../repos/opencv/opencv/modules/core/src/ocl.cpp,"(994, 17)-(1031, 18)",b'try\n                {\n                    Con...'
opencv,../repos/opencv/opencv/modules/core/src/ocl.cpp,"(1186, 9)-(1196, 10)",b'try\n        {\n            cl_uint n = 0;\n    ...'
opencv,../repos/opencv/opencv/modules/core/src/ocl.cpp,"(1207, 9)-(1219, 10)",b'try\n        {\n            data.useOpenCL = 0;...'
opencv,../repos/opencv/opencv/modules/core/src/ocl.cpp,"(1290, 21)-(1297, 22)",b'try\n                    {\n                   ...'
opencv,../repos/opencv/opencv/modules/core/src/ocl.cpp,"(1366, 21)-(1378, 22)",b'try\n                    {\n                   ...'
opencv,../repos/opencv/opencv/modules/core/src/ocl.cpp,"(1562, 9)-(1571, 10)",b'try\n        {\n            cl_device_id device...'
opencv,../repos/opencv/opencv/modules/core/src/ocl.cpp,"(2492, 9)-(2504, 10)",b'try\n        {\n            impl->createFromDev...'
opencv,../repos/opencv/opencv/modules/core/src/ocl.cpp,"(2523, 9)-(2534, 10)",b'try\n        {\n            CV_OCL_CHECK(clReta...'
opencv,../repos/opencv/opencv/modules/core/src/ocl.cpp,"(2555, 9)-(2565, 10)",b'try\n        {\n            impl->createFromDev...'
opencv,../repos/opencv/opencv/modules/core/src/ocl.cpp,"(2762, 9)-(2849, 10)",b'try\n        {\n            // Try OpenCL 2.0\n ...'
opencv,../repos/opencv/opencv/modules/core/src/ocl.cpp,"(2772, 13)-(2807, 14)",b'try\n            {\n                bool error ...'
opencv,../repos/opencv/opencv/modules/core/src/ocl.cpp,"(2782, 17)-(2790, 18)",b'try\n                {\n                    ((i...'
opencv,../repos/opencv/opencv/modules/core/src/ocl.cpp,"(2822, 13)-(2848, 14)",b'try\n            {\n                // Try HSA ...'
opencv,../repos/opencv/opencv/modules/core/src/ocl.cpp,"(3477, 21)-(3487, 22)",b'try\n                    {\n                   ...'
opencv,../repos/opencv/opencv/modules/core/src/ocl.cpp,"(3527, 9)-(3535, 10)",b'try\n        {\n            cleanupUMats();\n   ...'
opencv,../repos/opencv/opencv/modules/core/src/ocl.cpp,"(3570, 5)-(3585, 6)",b'try\n    {\n        ((cv::ocl::Kernel::Impl*)p)...'
opencv,../repos/opencv/opencv/modules/core/src/ocl.cpp,"(4430, 13)-(4456, 14)",b'try\n            {\n                std::vector...'
opencv,../repos/opencv/opencv/modules/core/src/ocl.cpp,"(4491, 13)-(4508, 14)",b'try\n            {\n                std::vector...'
opencv,../repos/opencv/opencv/modules/core/src/command_line_parser.cpp,"(122, 5)-(152, 6)",b'try\n    {\n        for (size_t i = 0; i < impl...'
opencv,../repos/opencv/opencv/modules/core/src/command_line_parser.cpp,"(160, 5)-(185, 6)",b'try\n    {\n        for (size_t i = 0; i < impl...'
opencv,../repos/opencv/opencv/modules/core/include/opencv2/core/opencl/opencl_info.hpp,"(74, 5)-(208, 6)",b'try\n    {\n        if (!haveOpenCL() || !useOp...'
opencv,../repos/opencv/opencv/modules/core/include/opencv2/core/bindings_utils.hpp,"(222, 5)-(229, 6)","b'try\n    {\n        CV_Error(Error::StsOk, ""Tes...'"
opencv,../repos/opencv/opencv/modules/core/test/ocl/test_opencl.cpp,"(170, 5)-(178, 6)",b'try\n    {\n        cv::ocl::Image2D image_(ima...'
opencv,../repos/opencv/opencv/modules/core/test/test_misc.cpp,"(333, 5)-(354, 6)","b'try\n    {\n        test_check_eq_1(123, 5678);...'"
opencv,../repos/opencv/opencv/modules/core/test/test_misc.cpp,"(371, 5)-(392, 6)","b'try\n    {\n        test_check_eq_2(1234.5f, 12...'"
opencv,../repos/opencv/opencv/modules/core/test/test_misc.cpp,"(409, 5)-(430, 6)","b'try\n    {\n        test_check_eq_3(1234.5, 123...'"
opencv,../repos/opencv/opencv/modules/core/test/test_misc.cpp,"(447, 5)-(468, 6)","b'try\n    {\n        test_check_ne_1(123, 123);\n...'"
opencv,../repos/opencv/opencv/modules/core/test/test_misc.cpp,"(485, 5)-(506, 6)","b'try\n    {\n        test_check_le_1(1234, 123);...'"
opencv,../repos/opencv/opencv/modules/core/test/test_misc.cpp,"(526, 5)-(547, 6)","b'try\n    {\n        test_check_lt_1(1234, 123);...'"
opencv,../repos/opencv/opencv/modules/core/test/test_misc.cpp,"(551, 5)-(572, 6)","b'try\n    {\n        test_check_lt_1(123, 123);\n...'"
opencv,../repos/opencv/opencv/modules/core/test/test_misc.cpp,"(589, 5)-(610, 6)","b'try\n    {\n        test_check_ge_1(123, 1234);...'"
opencv,../repos/opencv/opencv/modules/core/test/test_misc.cpp,"(630, 5)-(651, 6)","b'try\n    {\n        test_check_gt_1(123, 1234);...'"
opencv,../repos/opencv/opencv/modules/core/test/test_misc.cpp,"(655, 5)-(676, 6)","b'try\n    {\n        test_check_gt_1(123, 123);\n...'"
opencv,../repos/opencv/opencv/modules/core/test/test_misc.cpp,"(700, 5)-(721, 6)",b'try\n    {\n        test_check_MatType_1(CV_8UC...'
opencv,../repos/opencv/opencv/modules/core/test/test_misc.cpp,"(730, 5)-(751, 6)",b'try\n    {\n        test_check_MatType_2(CV_8UC...'
opencv,../repos/opencv/opencv/modules/core/test/test_misc.cpp,"(767, 5)-(788, 6)",b'try\n    {\n        test_check_MatDepth_1(CV_8U...'
opencv,../repos/opencv/opencv/modules/core/test/test_misc.cpp,"(797, 5)-(818, 6)",b'try\n    {\n        test_check_MatDepth_2(CV_8U...'
opencv,../repos/opencv/opencv/modules/core/test/test_misc.cpp,"(828, 5)-(849, 6)","b'try\n    {\n        test_check_Size_1(Size(2, 1...'"
opencv,../repos/opencv/opencv/modules/core/test/test_eigen.cpp,"(530, 5)-(542, 6)","b'try\n    {\n        cv::eigenNonSymmetric(m, ei...'"
opencv,../repos/opencv/opencv/modules/core/test/test_opencl.cpp,"(112, 5)-(123, 6)",b'try\n    {\n        ctx2.bind();\n        execut...'
opencv,../repos/opencv/opencv/modules/core/test/test_opencl.cpp,"(154, 5)-(167, 6)","b'try\n    {\n        std::cout << ""ctx2..."" << s...'"
opencv,../repos/opencv/opencv/modules/core/test/test_opencl.cpp,"(196, 5)-(205, 6)",b'try\n    {\n        OpenCLExecutionContextScope...'
opencv,../repos/opencv/opencv/modules/core/test/test_io.cpp,"(366, 13)-(444, 14)",b'try\n            {\n                string fnam...'
opencv,../repos/opencv/opencv/modules/core/test/test_io.cpp,"(1119, 5)-(1126, 6)","b'try\n    {\n        reader[""matxTestWrongSize""]...'"
opencv,../repos/opencv/opencv/modules/core/test/test_io.cpp,"(1672, 5)-(1679, 6)","b'try\n    {\n        FileStorage fs(fileName, Fi...'"
opencv,../repos/opencv/opencv/modules/core/test/test_io.cpp,"(1789, 5)-(1806, 6)","b'try\n    {\n        FileStorage fs(fname, FileS...'"
opencv,../repos/opencv/opencv/modules/core/test/test_io.cpp,"(1820, 5)-(1837, 6)","b'try\n    {\n        fs.open(fname, FileStorage:...'"
opencv,../repos/opencv/opencv/modules/core/test/test_ds.cpp,"(990, 5)-(1041, 6)",b'try\n    {\n        RNG& rng = ts->get_rng();\n ...'
opencv,../repos/opencv/opencv/modules/core/test/test_ds.cpp,"(1076, 5)-(1209, 6)",b'try\n    {\n        RNG& rng = ts->get_rng();\n ...'
opencv,../repos/opencv/opencv/modules/core/test/test_ds.cpp,"(1385, 5)-(1425, 6)",b'try\n    {\n        RNG& rng = ts->get_rng();\n ...'
opencv,../repos/opencv/opencv/modules/core/test/test_ds.cpp,"(1813, 5)-(1868, 6)",b'try\n    {\n        RNG& rng = ts->get_rng();\n ...'
opencv,../repos/opencv/opencv/modules/core/test/test_ds.cpp,"(1930, 5)-(2130, 6)",b'try\n    {\n        RNG& rng = ts->get_rng();\n ...'
opencv,../repos/opencv/opencv/modules/core/test/test_umat.cpp,"(774, 5)-(868, 6)","b'try\n    {\n        Mat a(100, 100, CV_16SC2), ...'"
opencv,../repos/opencv/opencv/modules/core/test/test_umat.cpp,"(1050, 5)-(1063, 6)","b'try\n    {\n        UMat u(1000, 1000, CV_32FC1...'"
opencv,../repos/opencv/opencv/modules/core/test/test_umat.cpp,"(1071, 9)-(1089, 10)","b'try\n        {\n            Mat m = Mat(1000, 1...'"
opencv,../repos/opencv/opencv/modules/core/test/test_umat.cpp,"(1116, 5)-(1132, 6)","b'try\n    {\n        Mat m = Mat(1000, 1000, CV_...'"
opencv,../repos/opencv/opencv/modules/core/test/test_umat.cpp,"(1255, 5)-(1265, 6)","b'try\n    {\n        UMat u(Size(10, 10), CV_8UC...'"
opencv,../repos/opencv/opencv/modules/core/test/test_umat.cpp,"(1273, 5)-(1282, 6)","b'try\n    {\n        UMat u(Size(10, 10), CV_8UC...'"
opencv,../repos/opencv/opencv/modules/core/test/test_umat.cpp,"(1289, 5)-(1299, 6)","b'try\n    {\n        UMat u(Size(10, 10), CV_8UC...'"
opencv,../repos/opencv/opencv/modules/core/test/test_umat.cpp,"(1306, 5)-(1315, 6)","b'try\n    {\n        UMat u(Size(10, 10), CV_8UC...'"
opencv,../repos/opencv/opencv/modules/core/test/test_umat.cpp,"(1437, 5)-(1444, 6)",b'try\n    {\n        Mat mat1 = umat1.getMat(ACC...'
opencv,../repos/opencv/opencv/modules/core/test/test_operations.cpp,"(126, 5)-(429, 6)","b'try\n    {\n        Mat one_3x1(3, 1, CV_32F, S...'"
opencv,../repos/opencv/opencv/modules/core/test/test_operations.cpp,"(435, 5)-(457, 6)","b'try\n    {\n        Mat rgba( 10, 10, CV_8UC4, ...'"
opencv,../repos/opencv/opencv/modules/core/test/test_operations.cpp,"(465, 5)-(494, 6)","b'try\n    {\n        Mat_<float> T_bs(4,4);\n    ...'"
opencv,../repos/opencv/opencv/modules/core/test/test_operations.cpp,"(500, 5)-(814, 6)","b'try\n    {\n        Mat_<float> one_3x1(3, 1, 1...'"
opencv,../repos/opencv/opencv/modules/core/test/test_operations.cpp,"(786, 9)-(795, 10)",b'try\n        {\n            Mat m1 = Mat::zeros...'
opencv,../repos/opencv/opencv/modules/core/test/test_operations.cpp,"(828, 5)-(844, 6)","b'try\n    {\n        int sizes[] = { 10, 10, 10}...'"
opencv,../repos/opencv/opencv/modules/core/test/test_operations.cpp,"(851, 5)-(887, 6)","b'try\n    {\n        Matx33f mat(1, 1, 1, 0, 1, ...'"
opencv,../repos/opencv/opencv/modules/core/test/test_operations.cpp,"(893, 5)-(955, 6)","b'try\n    {\n        Mat ref1 = (Mat_<double>(3,...'"
opencv,../repos/opencv/opencv/modules/core/test/test_operations.cpp,"(961, 5)-(977, 6)","b'try\n    {\n        Matx22f mat(2, 4, 6, 8);\n  ...'"
opencv,../repos/opencv/opencv/modules/core/test/test_operations.cpp,"(983, 5)-(999, 6)","b'try\n    {\n        Matx22f mat(2, 4, 6, 8);\n  ...'"
opencv,../repos/opencv/opencv/modules/core/test/test_operations.cpp,"(1006, 5)-(1022, 6)","b'try\n    {\n        Matx22f mat(2, 4, 6, 8);\n  ...'"
opencv,../repos/opencv/opencv/modules/core/test/test_operations.cpp,"(1028, 5)-(1051, 6)","b'try\n    {\n        cv::Mat hsvImage_f(5, 5, CV...'"
opencv,../repos/opencv/opencv/modules/core/test/test_operations.cpp,"(1057, 5)-(1161, 6)","b'try\n    {\n        Point3d p1(1, 1, 1), p2(2, ...'"
opencv,../repos/opencv/opencv/modules/core/test/test_operations.cpp,"(1179, 5)-(1223, 6)","b'try\n    {\n        Mat A = (Mat_<double>(3,4) ...'"
opencv,../repos/opencv/opencv/modules/core/test/test_operations.cpp,"(1287, 9)-(1362, 10)",b'try\n        {\n            RNG& rng = theRNG()...'
opencv,../repos/opencv/opencv/modules/core/test/test_async.cpp,"(48, 5)-(55, 6)","b'try\n    {\n        CV_Error(Error::StsOk, ""Tes...'"
opencv,../repos/opencv/opencv/modules/core/test/test_async.cpp,"(57, 5)-(65, 6)",b'try {\n        Mat m2;\n        r.get(m2);\n    ...'
opencv,../repos/opencv/opencv/modules/core/test/test_async.cpp,"(98, 9)-(104, 10)",b'try {\n            p.setValue(m);\n        } ca...'
opencv,../repos/opencv/opencv/modules/core/test/test_async.cpp,"(107, 5)-(119, 6)",b'try\n    {\n        Mat m2;\n        r.get(m2);\n...'
opencv,../repos/opencv/opencv/modules/core/test/test_async.cpp,"(135, 9)-(146, 10)",b'try {\n            p.setValue(m);\n        } ca...'
opencv,../repos/opencv/opencv/modules/objdetect/src/detection_based_tracker.cpp,"(226, 5)-(230, 6)",b'try{\n        ((cv::DetectionBasedTracker::Sep...'
opencv,../repos/opencv/opencv/modules/imgcodecs/src/grfmt_bmp.cpp,"(93, 5)-(207, 6)",b'try\n    {\n        m_strm.skip( 10 );\n        ...'
opencv,../repos/opencv/opencv/modules/imgcodecs/src/grfmt_bmp.cpp,"(259, 5)-(545, 6)",b'try\n    {\n        m_strm.setPos( m_offset );\n...'
opencv,../repos/opencv/opencv/modules/imgcodecs/src/grfmt_pxm.cpp,"(153, 5)-(196, 6)",b'try\n    {\n        int code = m_strm.getByte()...'
opencv,../repos/opencv/opencv/modules/imgcodecs/src/grfmt_pxm.cpp,"(235, 5)-(369, 6)",b'try\n    {\n        m_strm.setPos( m_offset );\n...'
opencv,../repos/opencv/opencv/modules/imgcodecs/src/grfmt_pam.cpp,"(387, 5)-(496, 6)",b'try\n    {\n        byte = m_strm.getByte();\n  ...'
opencv,../repos/opencv/opencv/modules/imgcodecs/src/grfmt_exr.cpp,"(761, 5)-(768, 6)",b'try\n    {\n        file.writePixels( height );...'
opencv,../repos/opencv/opencv/modules/imgcodecs/src/loadsave.cpp,"(432, 5)-(447, 6)",b'try\n    {\n        // read the header to make ...'
opencv,../repos/opencv/opencv/modules/imgcodecs/src/loadsave.cpp,"(471, 5)-(483, 6)",b'try\n    {\n        if (decoder->readData(mat))...'
opencv,../repos/opencv/opencv/modules/imgcodecs/src/loadsave.cpp,"(537, 5)-(552, 6)",b'try\n    {\n        // read the header to make ...'
opencv,../repos/opencv/opencv/modules/imgcodecs/src/loadsave.cpp,"(587, 9)-(599, 10)",b'try\n        {\n            if (decoder->readDa...'
opencv,../repos/opencv/opencv/modules/imgcodecs/src/loadsave.cpp,"(670, 5)-(676, 6)",b'try{\n        ImageCollection collection(filen...'
opencv,../repos/opencv/opencv/modules/imgcodecs/src/loadsave.cpp,"(745, 5)-(776, 6)",b'try\n    {\n        if (!isMultiImg)\n          ...'
opencv,../repos/opencv/opencv/modules/imgcodecs/src/loadsave.cpp,"(846, 5)-(858, 6)",b'try\n    {\n        if (decoder->readHeader())\n...'
opencv,../repos/opencv/opencv/modules/imgcodecs/src/loadsave.cpp,"(891, 5)-(903, 6)",b'try\n    {\n        if (decoder->readData(mat))...'
opencv,../repos/opencv/opencv/modules/imgcodecs/src/loadsave.cpp,"(994, 5)-(1007, 6)",b'try\n    {\n        // read the header to make ...'
opencv,../repos/opencv/opencv/modules/imgcodecs/src/loadsave.cpp,"(1055, 9)-(1067, 10)",b'try\n        {\n            if (decoder->readDa...'
opencv,../repos/opencv/opencv/modules/imgcodecs/src/loadsave.cpp,"(1323, 5)-(1332, 6)",b'try {\n        if (m_decoder->readData(mat))\n ...'
opencv,../repos/opencv/opencv/modules/imgcodecs/src/grfmt_sunras.cpp,"(87, 5)-(149, 6)",b'try\n    {\n        m_strm.skip( 4 );\n        m...'
opencv,../repos/opencv/opencv/modules/imgcodecs/src/grfmt_sunras.cpp,"(182, 5)-(381, 6)",b'try\n    {\n        m_strm.setPos( m_offset );\n...'
opencv,../repos/opencv/opencv/modules/imgcodecs/src/exif.cpp,"(119, 5)-(129, 6)",b'try {\n        parseExif();\n        if( !m_exi...'
opencv,../repos/opencv/opencv/modules/imgcodecs/test/test_tiff.cpp,"(69, 5)-(77, 6)","b'try\n    {\n        cv::imread(file3, IMREAD_UN...'"
