Repo name,File name,Location,Content
opencv,../repos/opencv/opencv/apps/traincascade/lbpfeatures.h,"(26, 5)-(36, 6)",b'class Feature\n    {\n    public:\n        Featu...'
opencv,../repos/opencv/opencv/apps/traincascade/imagestorage.h,"(14, 5)-(29, 6)",b'class PosReader\n    {\n    public:\n        Pos...'
opencv,../repos/opencv/opencv/apps/traincascade/imagestorage.h,"(31, 5)-(47, 6)",b'class NegReader\n    {\n    public:\n        Neg...'
opencv,../repos/opencv/opencv/apps/traincascade/HOGfeatures.h,"(30, 5)-(45, 6)",b'class Feature\n    {\n    public:\n        Featu...'
opencv,../repos/opencv/opencv/modules/flann/include/opencv2/flann/kmeans_index.h,"(288, 5)-(337, 6)",b'class KMeansDistanceComputer : public cv::Par...'
opencv,../repos/opencv/opencv/modules/gapi/misc/python/pyopencv_gapi.hpp,"(82, 5)-(82, 15)",b'class Impl'
opencv,../repos/opencv/opencv/modules/gapi/src/3rdparty/vasot/src/common/prof.hpp,"(59, 5)-(80, 6)",b'class ProfData {\n      public:\n        ProfDa...'
opencv,../repos/opencv/opencv/modules/gapi/src/3rdparty/vasot/src/components/ot/object_tracker.cpp,"(52, 5)-(56, 6)",b'class InitParameters : public vas::ot::Tracke...'
opencv,../repos/opencv/opencv/modules/gapi/src/3rdparty/vasot/src/components/ot/tracker.hpp,"(37, 5)-(47, 6)",b'class InitParameters {\n      public:\n        ...'
opencv,../repos/opencv/opencv/modules/gapi/src/executor/gstreamingexecutor.hpp,"(162, 5)-(162, 23)",b'class Synchronizer'
opencv,../repos/opencv/opencv/modules/gapi/src/executor/gexecutor.hpp,"(41, 5)-(41, 16)",b'class Input'
opencv,../repos/opencv/opencv/modules/gapi/src/executor/gexecutor.hpp,"(42, 5)-(42, 17)",b'class Output'
opencv,../repos/opencv/opencv/modules/gapi/include/opencv2/gapi/gtyped.hpp,"(93, 5)-(115, 6)",b'class GCompiledT\n    {\n    private:\n        f...'
opencv,../repos/opencv/opencv/modules/gapi/include/opencv2/gapi/gtyped.hpp,"(169, 5)-(190, 6)",b'class GCompiledT\n    {\n    private:\n        f...'
opencv,../repos/opencv/opencv/modules/gapi/test/streaming/gapi_streaming_sync_tests.cpp,"(41, 5)-(53, 6)",b'class SingleSource : public cv::gapi::wip::IS...'
opencv,../repos/opencv/opencv/modules/ml/src/nbayes.cpp,"(188, 5)-(300, 6)",b'class NBPredictBody : public ParallelLoopBody...'
opencv,../repos/opencv/opencv/modules/dnn/src/cuda/block_stride_range.hpp,"(21, 5)-(48, 6)",b'class iterator\n    {\n    public:\n        __de...'
opencv,../repos/opencv/opencv/modules/dnn/src/cuda/grid_stride_range.hpp,"(21, 5)-(47, 6)",b'class iterator\n    {\n    public:\n        __de...'
opencv,../repos/opencv/opencv/modules/dnn/src/layers/elementwise_layers.cpp,"(101, 5)-(144, 6)",b'class PBody : public cv::ParallelLoopBody\n   ...'
opencv,../repos/opencv/opencv/modules/ts/include/opencv2/ts/ts_gtest.h,"(11197, 1)-(11208, 2)",b'class UniversalPrinter<::absl::optional<T>> {...'
opencv,../repos/opencv/opencv/modules/ts/include/opencv2/ts/ts_gtest.h,"(11213, 1)-(11230, 2)",b'class UniversalPrinter<::absl::variant<T...>>...'
opencv,../repos/opencv/opencv/modules/ts/include/opencv2/ts/ts_gtest.h,"(11268, 1)-(11275, 2)",b'class UniversalPrinter<T[N]> {\n public:\n  // ...'
opencv,../repos/opencv/opencv/modules/ts/include/opencv2/ts/ts_gtest.h,"(11279, 1)-(11499, 2)",b'class UniversalPrinter<T&> {\n public:\n  // MS...'
opencv,../repos/opencv/opencv/modules/ts/include/opencv2/ts/ts_gtest.h,"(11302, 1)-(11307, 2)",b'class UniversalTersePrinter {\n public:\n  stat...'
opencv,../repos/opencv/opencv/modules/ts/include/opencv2/ts/ts_gtest.h,"(11309, 1)-(11314, 2)",b'class UniversalTersePrinter<T&> {\n public:\n  ...'
opencv,../repos/opencv/opencv/modules/ts/include/opencv2/ts/ts_gtest.h,"(11316, 1)-(11321, 2)",b'class UniversalTersePrinter<T[N]> {\n public:\n...'
opencv,../repos/opencv/opencv/modules/ts/include/opencv2/ts/ts_gtest.h,"(11323, 1)-(11332, 2)",b'class UniversalTersePrinter<const char*> {\n p...'
opencv,../repos/opencv/opencv/modules/ts/include/opencv2/ts/ts_gtest.h,"(11334, 1)-(11339, 2)",b'class UniversalTersePrinter<char*> {\n public:...'
opencv,../repos/opencv/opencv/modules/ts/include/opencv2/ts/ts_gtest.h,"(11343, 1)-(11352, 2)",b'class UniversalTersePrinter<const wchar_t*> {...'
opencv,../repos/opencv/opencv/modules/ts/include/opencv2/ts/ts_gtest.h,"(11356, 1)-(11361, 2)",b'class UniversalTersePrinter<wchar_t*> {\n publ...'
opencv,../repos/opencv/opencv/modules/ts/include/opencv2/ts/ts_gtest.h,"(11736, 3)-(11778, 4)",b'class Iterator : public ParamIteratorInterfac...'
opencv,../repos/opencv/opencv/modules/ts/include/opencv2/ts/ts_gtest.h,"(11823, 3)-(11878, 4)",b'class Iterator : public ParamIteratorInterfac...'
opencv,../repos/opencv/opencv/modules/ts/include/opencv2/ts/ts_gtest.h,"(15833, 3)-(15919, 4)",b'class Iterator : public ParamIteratorInterfac...'
opencv,../repos/opencv/opencv/modules/ts/include/opencv2/ts/ts_gtest.h,"(15949, 3)-(16050, 4)",b'class Iterator : public ParamIteratorInterfac...'
opencv,../repos/opencv/opencv/modules/ts/include/opencv2/ts/ts_gtest.h,"(16083, 3)-(16200, 4)",b'class Iterator : public ParamIteratorInterfac...'
opencv,../repos/opencv/opencv/modules/ts/include/opencv2/ts/ts_gtest.h,"(16234, 3)-(16366, 4)",b'class Iterator : public ParamIteratorInterfac...'
opencv,../repos/opencv/opencv/modules/ts/include/opencv2/ts/ts_gtest.h,"(16404, 3)-(16551, 4)",b'class Iterator : public ParamIteratorInterfac...'
opencv,../repos/opencv/opencv/modules/ts/include/opencv2/ts/ts_gtest.h,"(16591, 3)-(16753, 4)",b'class Iterator : public ParamIteratorInterfac...'
opencv,../repos/opencv/opencv/modules/ts/include/opencv2/ts/ts_gtest.h,"(16797, 3)-(16974, 4)",b'class Iterator : public ParamIteratorInterfac...'
opencv,../repos/opencv/opencv/modules/ts/include/opencv2/ts/ts_gtest.h,"(17019, 3)-(17212, 4)",b'class Iterator : public ParamIteratorInterfac...'
opencv,../repos/opencv/opencv/modules/ts/include/opencv2/ts/ts_gtest.h,"(17259, 3)-(17467, 4)",b'class Iterator : public ParamIteratorInterfac...'
opencv,../repos/opencv/opencv/modules/calib3d/src/usac/utils.cpp,"(20, 5)-(77, 6)",b'class Poly {\n    public:\n        Poly () = de...'
opencv,../repos/opencv/opencv/modules/imgproc/include/opencv2/imgproc/detail/gcgraph.hpp,"(61, 5)-(71, 6)",b'class Vtx\n    {\n    public:\n        Vtx *next...'
opencv,../repos/opencv/opencv/modules/imgproc/include/opencv2/imgproc/detail/gcgraph.hpp,"(72, 5)-(78, 6)",b'class Edge\n    {\n    public:\n        int dst;...'
opencv,../repos/opencv/opencv/modules/core/src/persistence_impl.hpp,"(138, 5)-(172, 6)",b'class Base64Decoder\n    {\n    public:\n       ...'
opencv,../repos/opencv/opencv/modules/core/src/opengl.cpp,"(156, 9)-(156, 32)",b'class GraphicsMapHolder'
opencv,../repos/opencv/opencv/modules/core/include/opencv2/core/cvstd.hpp,"(120, 26)-(120, 70)",b'class rebind { typedef Allocator<U> other; }'
opencv,../repos/opencv/opencv/modules/core/include/opencv2/core/parallel/backend/parallel_for.tbb.hpp,"(65, 5)-(86, 6)",b'class CallbackProxy\n    {\n        const FN_pa...'
