Repo name,File name,Location,Content
opencv,../repos/opencv/opencv/apps/traincascade/cascadeclassifier.cpp,"(4, 10)-(4, 17)",b'#include <queue>\n'
opencv,../repos/opencv/opencv/apps/traincascade/boost.cpp,"(32, 10)-(32, 17)",b'#include <queue>\n'
opencv,../repos/opencv/opencv/apps/traincascade/old_ml.hpp,"(53, 10)-(53, 15)",b'#include <map>\n'
opencv,../repos/opencv/opencv/apps/annotation/opencv_annotation.cpp,"(62, 10)-(62, 15)",b'#include <map>\n'
opencv,../repos/opencv/opencv/apps/interactive-calibration/main.cpp,"(12, 10)-(12, 18)",b'#include <vector>\n'
opencv,../repos/opencv/opencv/apps/interactive-calibration/calibCommon.hpp,"(11, 10)-(11, 18)",b'#include <vector>\n'
opencv,../repos/opencv/opencv/apps/interactive-calibration/frameProcessor.cpp,"(12, 10)-(12, 18)",b'#include <vector>\n'
opencv,../repos/opencv/opencv/apps/interactive-calibration/calibController.hpp,"(10, 10)-(10, 17)",b'#include <stack>\n'
opencv,../repos/opencv/opencv/apps/interactive-calibration/calibPipeline.hpp,"(9, 10)-(9, 18)",b'#include <vector>\n'
opencv,../repos/opencv/opencv/modules/flann/include/opencv2/flann/heap.h,"(37, 10)-(37, 18)",b'#include <vector>\n'
opencv,../repos/opencv/opencv/modules/flann/include/opencv2/flann/heap.h,"(39, 10)-(39, 25)",b'#include <unordered_map>\n'
opencv,../repos/opencv/opencv/modules/flann/include/opencv2/flann/kmeans_index.h,"(37, 10)-(37, 15)",b'#include <map>\n'
opencv,../repos/opencv/opencv/modules/flann/include/opencv2/flann/result_set.h,"(40, 10)-(40, 15)",b'#include <set>\n'
opencv,../repos/opencv/opencv/modules/flann/include/opencv2/flann/result_set.h,"(41, 10)-(41, 18)",b'#include <vector>\n'
opencv,../repos/opencv/opencv/modules/flann/include/opencv2/flann/hierarchical_clustering_index.h,"(37, 10)-(37, 15)",b'#include <map>\n'
opencv,../repos/opencv/opencv/modules/flann/include/opencv2/flann/flann_base.hpp,"(36, 10)-(36, 18)",b'#include <vector>\n'
opencv,../repos/opencv/opencv/modules/flann/include/opencv2/flann/random.h,"(38, 10)-(38, 18)",b'#include <vector>\n'
opencv,../repos/opencv/opencv/modules/flann/include/opencv2/flann/saving.h,"(35, 10)-(35, 18)",b'#include <vector>\n'
opencv,../repos/opencv/opencv/modules/flann/include/opencv2/flann/lsh_table.h,"(51, 10)-(51, 25)",b'#include <unordered_map>\n'
opencv,../repos/opencv/opencv/modules/flann/include/opencv2/flann/lsh_table.h,"(53, 10)-(53, 15)",b'#include <map>\n'
opencv,../repos/opencv/opencv/modules/flann/include/opencv2/flann/params.h,"(38, 10)-(38, 15)",b'#include <map>\n'
opencv,../repos/opencv/opencv/modules/flann/include/opencv2/flann/lsh_index.h,"(42, 10)-(42, 15)",b'#include <map>\n'
opencv,../repos/opencv/opencv/modules/flann/include/opencv2/flann/lsh_index.h,"(43, 10)-(43, 18)",b'#include <vector>\n'
opencv,../repos/opencv/opencv/modules/flann/include/opencv2/flann/kdtree_single_index.h,"(37, 10)-(37, 15)",b'#include <map>\n'
opencv,../repos/opencv/opencv/modules/flann/include/opencv2/flann/kdtree_index.h,"(37, 10)-(37, 15)",b'#include <map>\n'
opencv,../repos/opencv/opencv/modules/flann/include/opencv2/flann/object_factory.h,"(36, 10)-(36, 15)",b'#include <map>\n'
opencv,../repos/opencv/opencv/modules/gapi/src/3rdparty/vasot/src/common/prof.hpp,"(12, 10)-(12, 16)",b'#include <list>\n'
opencv,../repos/opencv/opencv/modules/gapi/src/3rdparty/vasot/src/common/prof.hpp,"(13, 10)-(13, 15)",b'#include <map>\n'
opencv,../repos/opencv/opencv/modules/gapi/src/3rdparty/vasot/src/common/prof.hpp,"(16, 10)-(16, 17)",b'#include <stack>\n'
opencv,../repos/opencv/opencv/modules/gapi/src/3rdparty/vasot/src/common/prof.hpp,"(17, 10)-(17, 18)",b'#include <vector>\n'
opencv,../repos/opencv/opencv/modules/gapi/src/3rdparty/vasot/src/components/ot/mtt/hungarian_wrap.hpp,"(13, 10)-(13, 18)",b'#include <vector>\n'
opencv,../repos/opencv/opencv/modules/gapi/src/3rdparty/vasot/src/components/ot/tracker.hpp,"(16, 10)-(16, 17)",b'#include <deque>\n'
opencv,../repos/opencv/opencv/modules/gapi/src/3rdparty/vasot/src/components/ot/tracklet.hpp,"(15, 10)-(15, 17)",b'#include <deque>\n'
opencv,../repos/opencv/opencv/modules/gapi/src/3rdparty/vasot/src/components/ot/short_term_imageless_tracker.hpp,"(12, 10)-(12, 17)",b'#include <deque>\n'
opencv,../repos/opencv/opencv/modules/gapi/src/3rdparty/vasot/src/components/ot/short_term_imageless_tracker.hpp,"(13, 10)-(13, 18)",b'#include <vector>\n'
opencv,../repos/opencv/opencv/modules/gapi/src/3rdparty/vasot/src/components/ot/zero_term_imageless_tracker.hpp,"(12, 10)-(12, 17)",b'#include <deque>\n'
opencv,../repos/opencv/opencv/modules/gapi/src/3rdparty/vasot/src/components/ot/zero_term_imageless_tracker.hpp,"(13, 10)-(13, 18)",b'#include <vector>\n'
opencv,../repos/opencv/opencv/modules/gapi/src/3rdparty/vasot/include/vas/ot.hpp,"(15, 10)-(15, 15)",b'#include <map>\n'
opencv,../repos/opencv/opencv/modules/gapi/src/3rdparty/vasot/include/vas/ot.hpp,"(17, 10)-(17, 18)",b'#include <vector>\n'
opencv,../repos/opencv/opencv/modules/gapi/src/backends/oak/goakbackend.cpp,"(13, 10)-(13, 25)",b'#include <unordered_set>\n'
opencv,../repos/opencv/opencv/modules/gapi/src/backends/common/serialization.hpp,"(13, 10)-(13, 15)",b'#include <map>\n'
opencv,../repos/opencv/opencv/modules/gapi/src/backends/common/serialization.cpp,"(7, 10)-(7, 15)",b'#include <set> // set\n'
opencv,../repos/opencv/opencv/modules/gapi/src/backends/common/serialization.cpp,"(8, 10)-(8, 15)",b'#include <map> // map\n'
opencv,../repos/opencv/opencv/modules/gapi/src/backends/ocl/goclimgproc.hpp,"(11, 10)-(11, 15)",b'#include <map>\n'
opencv,../repos/opencv/opencv/modules/gapi/src/backends/ocl/goclbackend.hpp,"(11, 10)-(11, 15)",b'#include <map>                // map\n'
opencv,../repos/opencv/opencv/modules/gapi/src/backends/ocl/goclbackend.hpp,"(12, 10)-(12, 25)",b'#include <unordered_map>      // unordered_map\n'
opencv,../repos/opencv/opencv/modules/gapi/src/backends/ocl/goclcore.hpp,"(11, 10)-(11, 15)",b'#include <map>\n'
opencv,../repos/opencv/opencv/modules/gapi/src/backends/plaidml/gplaidmlbackend.hpp,"(12, 10)-(12, 15)",b'#include <map>                // map\n'
opencv,../repos/opencv/opencv/modules/gapi/src/backends/plaidml/gplaidmlbackend.hpp,"(13, 10)-(13, 25)",b'#include <unordered_map>      // unordered_map\n'
opencv,../repos/opencv/opencv/modules/gapi/src/backends/fluid/gfluidimgproc_func.simd.hpp,"(24, 10)-(24, 18)",b'#include <vector>\n'
opencv,../repos/opencv/opencv/modules/gapi/src/backends/fluid/gfluidbuffer_priv.hpp,"(11, 10)-(11, 18)",b'#include <vector>\n'
opencv,../repos/opencv/opencv/modules/gapi/src/backends/fluid/gfluidcore_func.simd.hpp,"(23, 10)-(23, 18)",b'#include <vector>\n'
opencv,../repos/opencv/opencv/modules/gapi/src/backends/fluid/gfluidimgproc_simd_avx2.hpp,"(22, 10)-(22, 18)",b'#include <vector>\n'
opencv,../repos/opencv/opencv/modules/gapi/src/backends/fluid/gfluidcore_simd_sse41.hpp,"(22, 10)-(22, 18)",b'#include <vector>\n'
opencv,../repos/opencv/opencv/modules/gapi/src/backends/fluid/gfluidbackend.cpp,"(13, 10)-(13, 15)",b'#include <set>\n'
opencv,../repos/opencv/opencv/modules/gapi/src/backends/fluid/gfluidbackend.cpp,"(14, 10)-(14, 25)",b'#include <unordered_set>\n'
opencv,../repos/opencv/opencv/modules/gapi/src/backends/fluid/gfluidbackend.cpp,"(15, 10)-(15, 17)",b'#include <stack>\n'
opencv,../repos/opencv/opencv/modules/gapi/src/backends/cpu/gcpubackend.hpp,"(11, 10)-(11, 15)",b'#include <map>                // map\n'
opencv,../repos/opencv/opencv/modules/gapi/src/backends/cpu/gcpubackend.hpp,"(12, 10)-(12, 25)",b'#include <unordered_map>      // unordered_map\n'
opencv,../repos/opencv/opencv/modules/gapi/src/backends/ie/giebackend/giewrapper.cpp,"(9, 10)-(9, 18)",b'#include <vector>\n'
opencv,../repos/opencv/opencv/modules/gapi/src/backends/ie/giebackend/giewrapper.hpp,"(14, 10)-(14, 18)",b'#include <vector>\n'
opencv,../repos/opencv/opencv/modules/gapi/src/backends/ie/giebackend.cpp,"(20, 10)-(20, 25)",b'#include <unordered_set>\n'
opencv,../repos/opencv/opencv/modules/gapi/src/api/gcall_priv.hpp,"(11, 10)-(11, 18)",b'#include <vector>\n'
opencv,../repos/opencv/opencv/modules/gapi/src/api/gcall_priv.hpp,"(12, 10)-(12, 25)",b'#include <unordered_map>\n'
opencv,../repos/opencv/opencv/modules/gapi/src/api/gnode_priv.hpp,"(12, 10)-(12, 18)",b'#include <vector>\n'
opencv,../repos/opencv/opencv/modules/gapi/src/api/gnode_priv.hpp,"(13, 10)-(13, 25)",b'#include <unordered_map>\n'
opencv,../repos/opencv/opencv/modules/gapi/src/api/render_ocv.hpp,"(1, 10)-(1, 18)",b'#include <vector>\n'
opencv,../repos/opencv/opencv/modules/gapi/src/api/gbackend_priv.hpp,"(12, 10)-(12, 25)",b'#include <unordered_set>\n'
opencv,../repos/opencv/opencv/modules/gapi/src/api/gorigin.hpp,"(10, 10)-(10, 15)",b'#include <set>   // set\n'
opencv,../repos/opencv/opencv/modules/gapi/src/api/gorigin.hpp,"(11, 10)-(11, 15)",b'#include <map>   // map\n'
opencv,../repos/opencv/opencv/modules/gapi/src/api/ginfer.cpp,"(12, 10)-(12, 25)",b'#include <unordered_set>\n'
opencv,../repos/opencv/opencv/modules/gapi/src/executor/gtbbexecutor.hpp,"(24, 10)-(24, 18)",b'#include <vector>\n'
opencv,../repos/opencv/opencv/modules/gapi/src/executor/conc_queue.hpp,"(10, 10)-(10, 17)",b'#include <queue>\n'
opencv,../repos/opencv/opencv/modules/gapi/src/executor/gasync.cpp,"(21, 10)-(21, 17)",b'#include <queue>\n'
opencv,../repos/opencv/opencv/modules/gapi/src/executor/gstreamingexecutor.hpp,"(16, 10)-(16, 18)",b'#include <vector>\n'
opencv,../repos/opencv/opencv/modules/gapi/src/executor/gstreamingexecutor.hpp,"(17, 10)-(17, 25)",b'#include <unordered_map>\n'
opencv,../repos/opencv/opencv/modules/gapi/src/executor/gabstractexecutor.hpp,"(14, 10)-(14, 25)",b'#include <unordered_map> // required by magazine\n'
opencv,../repos/opencv/opencv/modules/gapi/src/executor/gexecutor.hpp,"(12, 10)-(12, 25)",b'#include <unordered_map> // required by magazine\n'
opencv,../repos/opencv/opencv/modules/gapi/src/streaming/onevpl/utils.hpp,"(13, 10)-(13, 15)",b'#include <map>\n'
opencv,../repos/opencv/opencv/modules/gapi/src/streaming/onevpl/utils.hpp,"(15, 10)-(15, 15)",b'#include <set>\n'
opencv,../repos/opencv/opencv/modules/gapi/src/streaming/onevpl/cfg_params_parser.hpp,"(13, 10)-(13, 15)",b'#include <map>\n'
opencv,../repos/opencv/opencv/modules/gapi/src/streaming/onevpl/demux/async_mfp_demux_data_provider.hpp,"(13, 10)-(13, 17)",b'#include <queue>\n'
opencv,../repos/opencv/opencv/modules/gapi/src/streaming/onevpl/engine/engine_session.hpp,"(11, 10)-(11, 15)",b'#include <map>\n'
opencv,../repos/opencv/opencv/modules/gapi/src/streaming/onevpl/engine/engine_session.hpp,"(15, 10)-(15, 18)",b'#include <vector>\n'
opencv,../repos/opencv/opencv/modules/gapi/src/streaming/onevpl/engine/preproc/preproc_session.hpp,"(10, 10)-(10, 17)",b'#include <queue>\n'
opencv,../repos/opencv/opencv/modules/gapi/src/streaming/onevpl/engine/preproc/preproc_dispatcher.hpp,"(11, 10)-(11, 18)",b'#include <vector>\n'
opencv,../repos/opencv/opencv/modules/gapi/src/streaming/onevpl/engine/preproc/preproc_engine.hpp,"(11, 10)-(11, 25)",b'#include <unordered_map>\n'
opencv,../repos/opencv/opencv/modules/gapi/src/streaming/onevpl/engine/processing_engine_base.hpp,"(10, 10)-(10, 17)",b'#include <queue>\n'
opencv,../repos/opencv/opencv/modules/gapi/src/streaming/onevpl/engine/decode/decode_session.hpp,"(11, 10)-(11, 17)",b'#include <queue>\n'
opencv,../repos/opencv/opencv/modules/gapi/src/streaming/onevpl/accelerators/accel_policy_cpu.hpp,"(10, 10)-(10, 15)",b'#include <map>\n'
opencv,../repos/opencv/opencv/modules/gapi/src/streaming/onevpl/accelerators/accel_policy_cpu.hpp,"(11, 10)-(11, 18)",b'#include <vector>\n'
opencv,../repos/opencv/opencv/modules/gapi/src/streaming/onevpl/accelerators/dx11_alloc_resource.hpp,"(4, 10)-(4, 15)",b'#include <map>\n'
opencv,../repos/opencv/opencv/modules/gapi/src/streaming/onevpl/accelerators/accel_policy_dx11.hpp,"(9, 10)-(9, 15)",b'#include <map>\n'
opencv,../repos/opencv/opencv/modules/gapi/src/streaming/onevpl/accelerators/surface/surface_pool.hpp,"(4, 10)-(4, 15)",b'#include <map>\n'
opencv,../repos/opencv/opencv/modules/gapi/src/streaming/onevpl/accelerators/surface/surface_pool.hpp,"(6, 10)-(6, 18)",b'#include <vector>\n'
opencv,../repos/opencv/opencv/modules/gapi/src/streaming/onevpl/accelerators/accel_policy_va_api.hpp,"(8, 10)-(8, 15)",b'#include <map>\n'
opencv,../repos/opencv/opencv/modules/gapi/src/streaming/onevpl/accelerators/accel_policy_va_api.hpp,"(9, 10)-(9, 18)",b'#include <vector>\n'
opencv,../repos/opencv/opencv/modules/gapi/src/streaming/gstreamer/gstreamerpipeline_priv.hpp,"(13, 10)-(13, 25)",b'#include <unordered_map>\n'
opencv,../repos/opencv/opencv/modules/gapi/src/compiler/gmodel.hpp,"(12, 10)-(12, 25)",b'#include <unordered_map>\n'
opencv,../repos/opencv/opencv/modules/gapi/src/compiler/gmodelbuilder.cpp,"(17, 10)-(17, 17)",b'#include <stack>                // stack\n'
opencv,../repos/opencv/opencv/modules/gapi/src/compiler/gmodelbuilder.cpp,"(18, 10)-(18, 18)",b'#include <vector>               // vector\n'
opencv,../repos/opencv/opencv/modules/gapi/src/compiler/gmodelbuilder.cpp,"(19, 10)-(19, 25)",b'#include <unordered_set>        // unordered_set\n'
opencv,../repos/opencv/opencv/modules/gapi/src/compiler/gcompiler.cpp,"(10, 10)-(10, 18)",b'#include <vector>\n'
opencv,../repos/opencv/opencv/modules/gapi/src/compiler/gcompiler.cpp,"(11, 10)-(11, 17)",b'#include <stack>\n'
opencv,../repos/opencv/opencv/modules/gapi/src/compiler/gcompiler.cpp,"(12, 10)-(12, 25)",b'#include <unordered_map>\n'
opencv,../repos/opencv/opencv/modules/gapi/src/compiler/transactions.hpp,"(13, 10)-(13, 16)",b'#include <list>\n'
opencv,../repos/opencv/opencv/modules/gapi/src/compiler/gislandmodel.hpp,"(11, 10)-(11, 25)",b'#include <unordered_set>\n'
opencv,../repos/opencv/opencv/modules/gapi/src/compiler/gislandmodel.cpp,"(11, 10)-(11, 25)",b'#include <unordered_set>\n'
opencv,../repos/opencv/opencv/modules/gapi/src/compiler/gislandmodel.cpp,"(12, 10)-(12, 25)",b'#include <unordered_map>\n'
opencv,../repos/opencv/opencv/modules/gapi/src/compiler/passes/helpers.hpp,"(14, 10)-(14, 18)",b'#include <vector>\n'
opencv,../repos/opencv/opencv/modules/gapi/src/compiler/passes/helpers.cpp,"(11, 10)-(11, 25)",b'#include <unordered_map>\n'
opencv,../repos/opencv/opencv/modules/gapi/src/compiler/passes/helpers.cpp,"(12, 10)-(12, 25)",b'#include <unordered_set>\n'
opencv,../repos/opencv/opencv/modules/gapi/src/compiler/passes/streaming.cpp,"(12, 10)-(12, 15)",b'#include <map>\n'
opencv,../repos/opencv/opencv/modules/gapi/src/compiler/passes/exec.cpp,"(11, 10)-(11, 16)",b'#include <list> // list\n'
opencv,../repos/opencv/opencv/modules/gapi/src/compiler/passes/pattern_matching.hpp,"(11, 10)-(11, 25)",b'#include <unordered_map>\n'
opencv,../repos/opencv/opencv/modules/gapi/src/compiler/passes/pattern_matching.hpp,"(12, 10)-(12, 25)",b'#include <unordered_set>\n'
opencv,../repos/opencv/opencv/modules/gapi/src/compiler/passes/pattern_matching.hpp,"(13, 10)-(13, 18)",b'#include <vector>\n'
opencv,../repos/opencv/opencv/modules/gapi/src/compiler/passes/pattern_matching.hpp,"(14, 10)-(14, 16)",b'#include <list>\n'
opencv,../repos/opencv/opencv/modules/gapi/src/compiler/passes/pattern_matching.cpp,"(7, 10)-(7, 25)",b'#include <unordered_set>\n'
opencv,../repos/opencv/opencv/modules/gapi/src/compiler/passes/dump_dot.cpp,"(13, 10)-(13, 15)",b'#include <map>\n'
opencv,../repos/opencv/opencv/modules/gapi/src/compiler/passes/islands.cpp,"(11, 10)-(11, 17)",b'#include <stack>\n'
opencv,../repos/opencv/opencv/modules/gapi/src/compiler/gmodelbuilder.hpp,"(11, 10)-(11, 15)",b'#include <map>\n'
opencv,../repos/opencv/opencv/modules/gapi/src/compiler/gmodelbuilder.hpp,"(12, 10)-(12, 25)",b'#include <unordered_map>\n'
opencv,../repos/opencv/opencv/modules/gapi/include/opencv2/gapi/oak/infer.hpp,"(10, 10)-(10, 25)",b'#include <unordered_map>\n'
opencv,../repos/opencv/opencv/modules/gapi/include/opencv2/gapi/oak/infer.hpp,"(12, 10)-(12, 17)",b'#include <array>\n'
opencv,../repos/opencv/opencv/modules/gapi/include/opencv2/gapi/gtype_traits.hpp,"(11, 10)-(11, 18)",b'#include <vector>\n'
opencv,../repos/opencv/opencv/modules/gapi/include/opencv2/gapi/ocl/goclkernel.hpp,"(11, 10)-(11, 18)",b'#include <vector>\n'
opencv,../repos/opencv/opencv/modules/gapi/include/opencv2/gapi/ocl/goclkernel.hpp,"(13, 10)-(13, 15)",b'#include <map>\n'
opencv,../repos/opencv/opencv/modules/gapi/include/opencv2/gapi/ocl/goclkernel.hpp,"(14, 10)-(14, 25)",b'#include <unordered_map>\n'
opencv,../repos/opencv/opencv/modules/gapi/include/opencv2/gapi/gkernel.hpp,"(15, 10)-(15, 25)",b'#include <unordered_map> // map (for GKernelP...'
opencv,../repos/opencv/opencv/modules/gapi/include/opencv2/gapi/gmetaarg.hpp,"(11, 10)-(11, 18)",b'#include <vector>\n'
opencv,../repos/opencv/opencv/modules/gapi/include/opencv2/gapi/garg.hpp,"(11, 10)-(11, 18)",b'#include <vector>\n'
opencv,../repos/opencv/opencv/modules/gapi/include/opencv2/gapi/garg.hpp,"(12, 10)-(12, 25)",b'#include <unordered_map>\n'
opencv,../repos/opencv/opencv/modules/gapi/include/opencv2/gapi/util/variant.hpp,"(11, 10)-(11, 17)",b'#include <array>\n'
opencv,../repos/opencv/opencv/modules/gapi/include/opencv2/gapi/render/render_types.hpp,"(12, 10)-(12, 18)",b'#include <vector>\n'
opencv,../repos/opencv/opencv/modules/gapi/include/opencv2/gapi/gproto.hpp,"(12, 10)-(12, 18)",b'#include <vector>\n'
opencv,../repos/opencv/opencv/modules/gapi/include/opencv2/gapi/own/mat.hpp,"(20, 10)-(20, 18)",b'#include <vector>\n'
opencv,../repos/opencv/opencv/modules/gapi/include/opencv2/gapi/media.hpp,"(11, 10)-(11, 17)",b'#include <array>      // array<>\n'
opencv,../repos/opencv/opencv/modules/gapi/include/opencv2/gapi/s11n.hpp,"(10, 10)-(10, 18)",b'#include <vector>\n'
opencv,../repos/opencv/opencv/modules/gapi/include/opencv2/gapi/s11n.hpp,"(11, 10)-(11, 15)",b'#include <map>\n'
opencv,../repos/opencv/opencv/modules/gapi/include/opencv2/gapi/s11n.hpp,"(12, 10)-(12, 25)",b'#include <unordered_map>\n'
opencv,../repos/opencv/opencv/modules/gapi/include/opencv2/gapi/garray.hpp,"(13, 10)-(13, 18)",b'#include <vector>\n'
opencv,../repos/opencv/opencv/modules/gapi/include/opencv2/gapi/gstreaming.hpp,"(12, 10)-(12, 18)",b'#include <vector>\n'
opencv,../repos/opencv/opencv/modules/gapi/include/opencv2/gapi/streaming/onevpl/device_selector_interface.hpp,"(11, 10)-(11, 15)",b'#include <map>\n'
opencv,../repos/opencv/opencv/modules/gapi/include/opencv2/gapi/streaming/onevpl/device_selector_interface.hpp,"(13, 10)-(13, 18)",b'#include <vector>\n'
opencv,../repos/opencv/opencv/modules/gapi/include/opencv2/gapi/streaming/onevpl/cfg_params.hpp,"(10, 10)-(10, 15)",b'#include <map>\n'
opencv,../repos/opencv/opencv/modules/gapi/include/opencv2/gapi/streaming/gstreamer/gstreamerpipeline.hpp,"(14, 10)-(14, 25)",b'#include <unordered_map>\n'
opencv,../repos/opencv/opencv/modules/gapi/include/opencv2/gapi/streaming/cap.hpp,"(25, 10)-(25, 15)",b'#include <map>\n'
opencv,../repos/opencv/opencv/modules/gapi/include/opencv2/gapi/infer/ie.hpp,"(10, 10)-(10, 25)",b'#include <unordered_map>\n'
opencv,../repos/opencv/opencv/modules/gapi/include/opencv2/gapi/infer/ie.hpp,"(11, 10)-(11, 25)",b'#include <unordered_set>\n'
opencv,../repos/opencv/opencv/modules/gapi/include/opencv2/gapi/infer/ie.hpp,"(13, 10)-(13, 17)",b'#include <array>\n'
opencv,../repos/opencv/opencv/modules/gapi/include/opencv2/gapi/infer/ie.hpp,"(15, 10)-(15, 15)",b'#include <map>\n'
opencv,../repos/opencv/opencv/modules/gapi/include/opencv2/gapi/infer/onnx.hpp,"(10, 10)-(10, 25)",b'#include <unordered_map>\n'
opencv,../repos/opencv/opencv/modules/gapi/include/opencv2/gapi/infer/onnx.hpp,"(12, 10)-(12, 17)",b'#include <array>\n'
opencv,../repos/opencv/opencv/modules/gapi/include/opencv2/gapi/infer/ov.hpp,"(17, 10)-(17, 15)",b'#include <map>\n'
opencv,../repos/opencv/opencv/modules/gapi/include/opencv2/gapi/gcommon.hpp,"(12, 10)-(12, 18)",b'#include <vector>       // std::vector\n'
opencv,../repos/opencv/opencv/modules/gapi/include/opencv2/gapi/gtyped.hpp,"(12, 10)-(12, 18)",b'#include <vector>\n'
opencv,../repos/opencv/opencv/modules/gapi/include/opencv2/gapi/gcompiled.hpp,"(11, 10)-(11, 18)",b'#include <vector>\n'
opencv,../repos/opencv/opencv/modules/gapi/include/opencv2/gapi/fluid/gfluidbuffer.hpp,"(11, 10)-(11, 16)",b'#include <list>\n'
opencv,../repos/opencv/opencv/modules/gapi/include/opencv2/gapi/fluid/gfluidkernel.hpp,"(11, 10)-(11, 18)",b'#include <vector>\n'
opencv,../repos/opencv/opencv/modules/gapi/include/opencv2/gapi/fluid/gfluidkernel.hpp,"(13, 10)-(13, 15)",b'#include <map>\n'
opencv,../repos/opencv/opencv/modules/gapi/include/opencv2/gapi/fluid/gfluidkernel.hpp,"(14, 10)-(14, 25)",b'#include <unordered_map>\n'
opencv,../repos/opencv/opencv/modules/gapi/include/opencv2/gapi/cpu/gcpukernel.hpp,"(17, 10)-(17, 25)",b'#include <unordered_map>\n'
opencv,../repos/opencv/opencv/modules/gapi/include/opencv2/gapi/cpu/gcpukernel.hpp,"(19, 10)-(19, 18)",b'#include <vector>\n'
opencv,../repos/opencv/opencv/modules/gapi/perf/perf_precomp.hpp,"(12, 10)-(12, 18)",b'#include <vector>\n'
opencv,../repos/opencv/opencv/modules/gapi/test/gapi_fluid_test_kernels.cpp,"(10, 10)-(10, 18)",b'#include <vector>\n'
opencv,../repos/opencv/opencv/modules/gapi/test/gapi_array_tests.cpp,"(10, 10)-(10, 18)",b'#include <vector>\n'
opencv,../repos/opencv/opencv/modules/gapi/test/own/conc_queue_tests.cpp,"(9, 10)-(9, 25)",b'#include <unordered_set>\n'
opencv,../repos/opencv/opencv/modules/gapi/test/own/last_written_value_tests.cpp,"(9, 10)-(9, 25)",b'#include <unordered_set>\n'
opencv,../repos/opencv/opencv/modules/gapi/test/test_precomp.hpp,"(15, 10)-(15, 18)",b'#include <vector>\n'
opencv,../repos/opencv/opencv/modules/gapi/test/gapi_graph_meta_tests.cpp,"(8, 10)-(8, 25)",b'#include <unordered_set>\n'
opencv,../repos/opencv/opencv/modules/gapi/samples/face_detection_mtcnn.cpp,"(9, 10)-(9, 18)",b'#include <vector>\n'
opencv,../repos/opencv/opencv/modules/gapi/samples/pipeline_modeling_tool/utils.hpp,"(4, 10)-(4, 15)",b'#include <map>\n'
opencv,../repos/opencv/opencv/modules/gapi/samples/pipeline_modeling_tool/pipeline_builder.hpp,"(4, 10)-(4, 15)",b'#include <map>\n'
opencv,../repos/opencv/opencv/modules/gapi/samples/text_detection.cpp,"(9, 10)-(9, 18)",b'#include <vector>\n'
opencv,../repos/opencv/opencv/modules/gapi/samples/pipeline_modeling_tool.cpp,"(5, 10)-(5, 25)",b'#include <unordered_map>\n'
opencv,../repos/opencv/opencv/modules/gapi/samples/pipeline_modeling_tool.cpp,"(6, 10)-(6, 18)",b'#include <vector>\n'
opencv,../repos/opencv/opencv/modules/ml/src/precomp.hpp,"(58, 10)-(58, 18)",b'#include <vector>\n'
opencv,../repos/opencv/opencv/modules/ml/include/opencv2/ml.hpp,"(54, 10)-(54, 15)",b'#include <map>\n'
opencv,../repos/opencv/opencv/modules/dnn/src/dnn_common.hpp,"(8, 10)-(8, 25)",b'#include <unordered_map>\n'
opencv,../repos/opencv/opencv/modules/dnn/src/dnn_common.hpp,"(9, 10)-(9, 25)",b'#include <unordered_set>\n'
opencv,../repos/opencv/opencv/modules/dnn/src/vkcom/src/internal.hpp,"(13, 10)-(13, 15)",b'#include <map>\n'
opencv,../repos/opencv/opencv/modules/dnn/src/vkcom/src/internal.hpp,"(16, 10)-(16, 18)",b'#include <vector>\n'
opencv,../repos/opencv/opencv/modules/dnn/src/vkcom/include/command.hpp,"(8, 10)-(8, 17)",b'#include <queue>\n'
opencv,../repos/opencv/opencv/modules/dnn/src/vkcom/include/pipeline.hpp,"(10, 10)-(10, 15)",b'#include <map>\n'
opencv,../repos/opencv/opencv/modules/dnn/src/vkcom/include/pipeline.hpp,"(11, 10)-(11, 17)",b'#include <queue>\n'
opencv,../repos/opencv/opencv/modules/dnn/src/vkcom/include/vkcom.hpp,"(11, 10)-(11, 18)",b'#include <vector>\n'
opencv,../repos/opencv/opencv/modules/dnn/src/onnx/onnx_graph_simplifier.cpp,"(15, 10)-(15, 17)",b'#include <queue>\n'
opencv,../repos/opencv/opencv/modules/dnn/src/darknet/darknet_importer.cpp,"(49, 10)-(49, 18)",b'#include <vector>\n'
opencv,../repos/opencv/opencv/modules/dnn/src/darknet/darknet_importer.cpp,"(50, 10)-(50, 15)",b'#include <map>\n'
opencv,../repos/opencv/opencv/modules/dnn/src/tensorflow/tf_io.cpp,"(21, 10)-(21, 15)",b'#include <map>\n'
opencv,../repos/opencv/opencv/modules/dnn/src/tensorflow/tf_io.cpp,"(24, 10)-(24, 18)",b'#include <vector>\n'
opencv,../repos/opencv/opencv/modules/dnn/src/tensorflow/tf_importer.cpp,"(29, 10)-(29, 17)",b'#include <queue>\n'
opencv,../repos/opencv/opencv/modules/dnn/src/tensorflow/tf_graph_simplifier.cpp,"(14, 10)-(14, 17)",b'#include <queue>\n'
opencv,../repos/opencv/opencv/modules/dnn/src/op_cann.cpp,"(9, 10)-(9, 15)",b'#include <map>\n'
opencv,../repos/opencv/opencv/modules/dnn/src/op_cann.hpp,"(33, 10)-(33, 18)",b'#include <vector>\n'
opencv,../repos/opencv/opencv/modules/dnn/src/cuda4dnn/primitives/inner_product.hpp,"(20, 10)-(20, 18)",b'#include <vector>\n'
opencv,../repos/opencv/opencv/modules/dnn/src/cuda4dnn/primitives/eltwise.hpp,"(19, 10)-(19, 18)",b'#include <vector>\n'
opencv,../repos/opencv/opencv/modules/dnn/src/cuda4dnn/primitives/pooling.hpp,"(18, 10)-(18, 18)",b'#include <vector>\n'
opencv,../repos/opencv/opencv/modules/dnn/src/cuda4dnn/primitives/max_unpooling.hpp,"(17, 10)-(17, 18)",b'#include <vector>\n'
opencv,../repos/opencv/opencv/modules/dnn/src/cuda4dnn/primitives/normalize_bbox.hpp,"(21, 10)-(21, 18)",b'#include <vector>\n'
opencv,../repos/opencv/opencv/modules/dnn/src/cuda4dnn/primitives/instance_norm.hpp,"(21, 10)-(21, 18)",b'#include <vector>\n'
opencv,../repos/opencv/opencv/modules/dnn/src/cuda4dnn/primitives/padding.hpp,"(20, 10)-(20, 18)",b'#include <vector>\n'
opencv,../repos/opencv/opencv/modules/dnn/src/cuda4dnn/primitives/reorg.hpp,"(15, 10)-(15, 18)",b'#include <vector>\n'
opencv,../repos/opencv/opencv/modules/dnn/src/cuda4dnn/primitives/convolution.hpp,"(29, 10)-(29, 18)",b'#include <vector>\n'
opencv,../repos/opencv/opencv/modules/dnn/src/cuda4dnn/primitives/slice.hpp,"(18, 10)-(18, 18)",b'#include <vector>\n'
opencv,../repos/opencv/opencv/modules/dnn/src/cuda4dnn/primitives/concat.hpp,"(19, 10)-(19, 18)",b'#include <vector>\n'
opencv,../repos/opencv/opencv/modules/dnn/src/cuda4dnn/primitives/layer_norm.hpp,"(21, 10)-(21, 18)",b'#include <vector>\n'
opencv,../repos/opencv/opencv/modules/dnn/src/cuda4dnn/primitives/shuffle_channel.hpp,"(17, 10)-(17, 18)",b'#include <vector>\n'
opencv,../repos/opencv/opencv/modules/dnn/src/cuda4dnn/primitives/transpose_convolution.hpp,"(21, 10)-(21, 18)",b'#include <vector>\n'
opencv,../repos/opencv/opencv/modules/dnn/src/cuda4dnn/primitives/mvn.hpp,"(21, 10)-(21, 18)",b'#include <vector>\n'
opencv,../repos/opencv/opencv/modules/dnn/src/cuda4dnn/primitives/permute.hpp,"(18, 10)-(18, 18)",b'#include <vector>\n'
opencv,../repos/opencv/opencv/modules/dnn/src/cuda4dnn/primitives/prior_box.hpp,"(17, 10)-(17, 18)",b'#include <vector>\n'
opencv,../repos/opencv/opencv/modules/dnn/src/cuda4dnn/primitives/region.hpp,"(22, 10)-(22, 18)",b'#include <vector>\n'
opencv,../repos/opencv/opencv/modules/dnn/src/cuda4dnn/csl/tensor_ops.hpp,"(26, 10)-(26, 17)",b'#include <array>\n'
opencv,../repos/opencv/opencv/modules/dnn/src/cuda4dnn/csl/tensor_ops.hpp,"(27, 10)-(27, 18)",b'#include <vector>\n'
opencv,../repos/opencv/opencv/modules/dnn/src/cuda4dnn/csl/tensor.hpp,"(22, 10)-(22, 17)",b'#include <array>\n'
opencv,../repos/opencv/opencv/modules/dnn/src/cuda4dnn/csl/tensor.hpp,"(27, 10)-(27, 18)",b'#include <vector>\n'
opencv,../repos/opencv/opencv/modules/dnn/src/cuda4dnn/csl/cudnn/pooling.hpp,"(17, 10)-(17, 17)",b'#include <array>\n'
opencv,../repos/opencv/opencv/modules/dnn/src/cuda4dnn/csl/cudnn/pooling.hpp,"(19, 10)-(19, 18)",b'#include <vector>\n'
opencv,../repos/opencv/opencv/modules/dnn/src/cuda4dnn/csl/cudnn/cudnn.hpp,"(13, 10)-(13, 17)",b'#include <array>\n'
opencv,../repos/opencv/opencv/modules/dnn/src/cuda4dnn/csl/cudnn/cudnn.hpp,"(17, 10)-(17, 18)",b'#include <vector>\n'
opencv,../repos/opencv/opencv/modules/dnn/src/cuda4dnn/csl/cudnn/convolution.hpp,"(17, 10)-(17, 17)",b'#include <array>\n'
opencv,../repos/opencv/opencv/modules/dnn/src/cuda4dnn/csl/cudnn/convolution.hpp,"(19, 10)-(19, 18)",b'#include <vector>\n'
opencv,../repos/opencv/opencv/modules/dnn/src/cuda4dnn/csl/cudnn/transform.hpp,"(13, 10)-(13, 18)",b'#include <vector>\n'
opencv,../repos/opencv/opencv/modules/dnn/src/cuda4dnn/kernels/max_unpooling.hpp,"(12, 10)-(12, 18)",b'#include <vector>\n'
opencv,../repos/opencv/opencv/modules/dnn/src/cuda4dnn/kernels/padding.hpp,"(12, 10)-(12, 18)",b'#include <vector>\n'
opencv,../repos/opencv/opencv/modules/dnn/src/cuda4dnn/kernels/concat.hpp,"(12, 10)-(12, 18)",b'#include <vector>\n'
opencv,../repos/opencv/opencv/modules/dnn/src/cuda4dnn/kernels/permute.hpp,"(12, 10)-(12, 18)",b'#include <vector>\n'
opencv,../repos/opencv/opencv/modules/dnn/src/cuda4dnn/cxx_utils/resizable_static_array.hpp,"(9, 10)-(9, 17)",b'#include <array>\n'
opencv,../repos/opencv/opencv/modules/dnn/src/graph_simplifier.cpp,"(12, 10)-(12, 17)",b'#include <queue>\n'
opencv,../repos/opencv/opencv/modules/dnn/src/ocl4dnn/src/ocl4dnn_softmax.cpp,"(43, 10)-(43, 18)",b'#include <vector>\n'
opencv,../repos/opencv/opencv/modules/dnn/src/ocl4dnn/src/ocl4dnn_conv_spatial.cpp,"(48, 10)-(48, 18)",b'#include <vector>\n'
opencv,../repos/opencv/opencv/modules/dnn/src/ocl4dnn/src/math_functions.cpp,"(46, 10)-(46, 18)",b'#include <vector>\n'
opencv,../repos/opencv/opencv/modules/dnn/src/ocl4dnn/src/ocl4dnn_pool.cpp,"(44, 10)-(44, 18)",b'#include <vector>\n'
opencv,../repos/opencv/opencv/modules/dnn/src/ocl4dnn/include/ocl4dnn.hpp,"(46, 10)-(46, 15)",b'#include <map>\n'
opencv,../repos/opencv/opencv/modules/dnn/src/ocl4dnn/include/ocl4dnn.hpp,"(49, 10)-(49, 18)",b'#include <vector>\n'
opencv,../repos/opencv/opencv/modules/dnn/src/backend.hpp,"(8, 10)-(8, 15)",b'#include <map>\n'
opencv,../repos/opencv/opencv/modules/dnn/src/layers/padding_layer.cpp,"(20, 10)-(20, 18)",b'#include <vector>\n'
opencv,../repos/opencv/opencv/modules/dnn/src/op_webnn.hpp,"(25, 10)-(25, 25)",b'#include <unordered_map>\n'
opencv,../repos/opencv/opencv/modules/dnn/src/op_webnn.hpp,"(26, 10)-(26, 25)",b'#include <unordered_set>\n'
opencv,../repos/opencv/opencv/modules/dnn/src/precomp.hpp,"(80, 10)-(80, 18)",b'#include <vector>\n'
opencv,../repos/opencv/opencv/modules/dnn/src/precomp.hpp,"(81, 10)-(81, 15)",b'#include <set>\n'
opencv,../repos/opencv/opencv/modules/dnn/src/model.cpp,"(9, 10)-(9, 25)",b'#include <unordered_map>\n'
opencv,../repos/opencv/opencv/modules/dnn/src/torch/torch_importer.cpp,"(47, 10)-(47, 15)",b'#include <set>\n'
opencv,../repos/opencv/opencv/modules/dnn/src/torch/torch_importer.cpp,"(48, 10)-(48, 15)",b'#include <map>\n'
opencv,../repos/opencv/opencv/modules/dnn/src/caffe/caffe_io.cpp,"(100, 10)-(100, 15)",b'#include <map>\n'
opencv,../repos/opencv/opencv/modules/dnn/src/caffe/caffe_io.cpp,"(103, 10)-(103, 18)",b'#include <vector>\n'
opencv,../repos/opencv/opencv/modules/dnn/include/opencv2/dnn/dnn.hpp,"(45, 10)-(45, 18)",b'#include <vector>\n'
opencv,../repos/opencv/opencv/modules/dnn/include/opencv2/dnn/dict.hpp,"(43, 10)-(43, 15)",b'#include <map>\n'
opencv,../repos/opencv/opencv/modules/dnn/test/test_onnx_conformance.cpp,"(7, 10)-(7, 15)",b'#include <set>\n'
opencv,../repos/opencv/opencv/modules/python/src2/cv2_util.hpp,"(7, 10)-(7, 18)",b'#include <vector>\n'
opencv,../repos/opencv/opencv/modules/python/src2/cv2_convert.hpp,"(7, 10)-(7, 18)",b'#include <vector>\n'
opencv,../repos/opencv/opencv/modules/python/src2/cv2_convert.hpp,"(9, 10)-(9, 25)",b'#include <unordered_map>\n'
opencv,../repos/opencv/opencv/modules/python/src2/cv2_convert.hpp,"(10, 10)-(10, 15)",b'#include <map>\n'
opencv,../repos/opencv/opencv/modules/python/src2/cv2_highgui.cpp,"(7, 10)-(7, 15)",b'#include <map>\n'
opencv,../repos/opencv/opencv/modules/ts/src/ts_gtest.cpp,"(330, 10)-(330, 16)",b'#include <list>\n'
opencv,../repos/opencv/opencv/modules/ts/src/ts_gtest.cpp,"(331, 10)-(331, 15)",b'#include <map>\n'
opencv,../repos/opencv/opencv/modules/ts/src/ts_gtest.cpp,"(334, 10)-(334, 18)",b'#include <vector>\n'
opencv,../repos/opencv/opencv/modules/ts/src/ts_gtest.cpp,"(461, 10)-(461, 18)",b'#include <vector>\n'
opencv,../repos/opencv/opencv/modules/ts/src/ts_gtest.cpp,"(9507, 11)-(9507, 16)",b'# include <map>  // Used in ThreadLocal.\n'
opencv,../repos/opencv/opencv/modules/ts/src/ts_perf.cpp,"(5, 10)-(5, 15)",b'#include <map>\n'
opencv,../repos/opencv/opencv/modules/ts/include/opencv2/ts.hpp,"(27, 10)-(27, 18)",b'#include <vector>\n'
opencv,../repos/opencv/opencv/modules/ts/include/opencv2/ts.hpp,"(28, 10)-(28, 16)",b'#include <list>\n'
opencv,../repos/opencv/opencv/modules/ts/include/opencv2/ts.hpp,"(29, 10)-(29, 15)",b'#include <map>\n'
opencv,../repos/opencv/opencv/modules/ts/include/opencv2/ts.hpp,"(30, 10)-(30, 17)",b'#include <queue>\n'
opencv,../repos/opencv/opencv/modules/ts/include/opencv2/ts.hpp,"(40, 10)-(40, 15)",b'#include <set>\n'
opencv,../repos/opencv/opencv/modules/ts/include/opencv2/ts/ts_gtest.h,"(57, 10)-(57, 18)",b'#include <vector>\n'
opencv,../repos/opencv/opencv/modules/ts/include/opencv2/ts/ts_gtest.h,"(385, 10)-(385, 18)",b'#include <vector>  // NOLINT\n'
opencv,../repos/opencv/opencv/modules/ts/include/opencv2/ts/ts_gtest.h,"(2177, 11)-(2177, 19)",b'# include <vector>  // NOLINT\n'
opencv,../repos/opencv/opencv/modules/ts/include/opencv2/ts/ts_gtest.h,"(4074, 10)-(4074, 15)",b'#include <map>\n'
opencv,../repos/opencv/opencv/modules/ts/include/opencv2/ts/ts_gtest.h,"(4075, 10)-(4075, 15)",b'#include <set>\n'
opencv,../repos/opencv/opencv/modules/ts/include/opencv2/ts/ts_gtest.h,"(4077, 10)-(4077, 18)",b'#include <vector>\n'
opencv,../repos/opencv/opencv/modules/ts/include/opencv2/ts/ts_gtest.h,"(10171, 10)-(10171, 15)",b'#include <set>\n'
opencv,../repos/opencv/opencv/modules/ts/include/opencv2/ts/ts_gtest.h,"(10173, 10)-(10173, 18)",b'#include <vector>\n'
opencv,../repos/opencv/opencv/modules/ts/include/opencv2/ts/ts_gtest.h,"(10523, 10)-(10523, 18)",b'#include <vector>\n'
opencv,../repos/opencv/opencv/modules/ts/include/opencv2/ts/ts_gtest.h,"(19140, 10)-(19140, 18)",b'#include <vector>\n'
opencv,../repos/opencv/opencv/modules/photo/src/contrast_preserve.hpp,"(45, 10)-(45, 18)",b'#include <vector>\n'
opencv,../repos/opencv/opencv/modules/photo/src/denoise_tvl1.cpp,"(42, 10)-(42, 18)",b'#include <vector>\n'
opencv,../repos/opencv/opencv/modules/photo/src/seamless_cloning.hpp,"(48, 10)-(48, 18)",b'#include <vector>\n'
opencv,../repos/opencv/opencv/modules/photo/src/contrast_preserve.cpp,"(46, 10)-(46, 18)",b'#include <vector>\n'
opencv,../repos/opencv/opencv/modules/calib3d/src/stereobm.cpp,"(51, 10)-(51, 18)",b'#include <vector>\n'
opencv,../repos/opencv/opencv/modules/calib3d/src/usac/utils.cpp,"(8, 10)-(8, 15)",b'#include <map>\n'
opencv,../repos/opencv/opencv/modules/calib3d/src/calibinit.cpp,"(76, 10)-(76, 17)",b'#include <stack>\n'
opencv,../repos/opencv/opencv/modules/calib3d/src/checkchessboard.cpp,"(46, 10)-(46, 18)",b'#include <vector>\n'
opencv,../repos/opencv/opencv/modules/calib3d/src/rho.cpp,"(56, 10)-(56, 18)",b'#include <vector>\n'
opencv,../repos/opencv/opencv/modules/calib3d/src/precomp.hpp,"(56, 10)-(56, 15)",b'#include <set>\n'
opencv,../repos/opencv/opencv/modules/calib3d/src/circlesgrid.hpp,"(47, 10)-(47, 15)",b'#include <set>\n'
opencv,../repos/opencv/opencv/modules/calib3d/src/circlesgrid.hpp,"(48, 10)-(48, 16)",b'#include <list>\n'
opencv,../repos/opencv/opencv/modules/calib3d/src/circlesgrid.hpp,"(50, 10)-(50, 15)",b'#include <map>\n'
opencv,../repos/opencv/opencv/modules/calib3d/src/chessboard.hpp,"(10, 10)-(10, 18)",b'#include <vector>\n'
opencv,../repos/opencv/opencv/modules/calib3d/src/chessboard.hpp,"(11, 10)-(11, 15)",b'#include <set>\n'
opencv,../repos/opencv/opencv/modules/calib3d/src/chessboard.hpp,"(12, 10)-(12, 15)",b'#include <map>\n'
opencv,../repos/opencv/opencv/modules/videoio/src/wrl.h,"(7, 10)-(7, 17)",b'#include <array>\n'
opencv,../repos/opencv/opencv/modules/videoio/src/wrl.h,"(8, 10)-(8, 18)",b'#include <vector>\n'
opencv,../repos/opencv/opencv/modules/videoio/src/cap_mjpeg_encoder.cpp,"(45, 10)-(45, 18)",b'#include <vector>\n'
opencv,../repos/opencv/opencv/modules/videoio/src/cap_mjpeg_encoder.cpp,"(46, 10)-(46, 17)",b'#include <deque>\n'
opencv,../repos/opencv/opencv/modules/videoio/src/cap_gphoto2.cpp,"(39, 10)-(39, 17)",b'#include <deque>\n'
opencv,../repos/opencv/opencv/modules/videoio/src/cap_gphoto2.cpp,"(41, 10)-(41, 15)",b'#include <map>\n'
opencv,../repos/opencv/opencv/modules/videoio/src/cap_ueye.cpp,"(24, 10)-(24, 17)",b'#include <array>\n'
opencv,../repos/opencv/opencv/modules/videoio/src/cap_winrt_video.cpp,"(36, 10)-(36, 18)",b'#include <vector>\n'
opencv,../repos/opencv/opencv/modules/videoio/src/cap_gstreamer.cpp,"(58, 10)-(58, 17)",b'#include <queue>\n'
opencv,../repos/opencv/opencv/modules/videoio/src/cap_gstreamer.cpp,"(59, 10)-(59, 17)",b'#include <deque>\n'
opencv,../repos/opencv/opencv/modules/videoio/src/cap_openni2.cpp,"(48, 10)-(48, 17)",b'#include <queue>\n'
opencv,../repos/opencv/opencv/modules/videoio/src/cap_obsensor/obsensor_stream_channel_interface.hpp,"(30, 10)-(30, 18)",b'#include <vector>\n'
opencv,../repos/opencv/opencv/modules/videoio/src/cap_obsensor/obsensor_stream_channel_v4l2.cpp,"(35, 10)-(35, 15)",b'#include <map>\n'
opencv,../repos/opencv/opencv/modules/videoio/src/cap_obsensor/obsensor_stream_channel_v4l2.cpp,"(36, 10)-(36, 18)",b'#include <vector>\n'
opencv,../repos/opencv/opencv/modules/videoio/src/cap_obsensor/obsensor_uvc_stream_channel.cpp,"(24, 10)-(24, 15)",b'#include <map>\n'
opencv,../repos/opencv/opencv/modules/videoio/src/cap_obsensor/obsensor_uvc_stream_channel.cpp,"(25, 10)-(25, 18)",b'#include <vector>\n'
opencv,../repos/opencv/opencv/modules/videoio/src/cap_winrt/MFIncludes.hpp,"(34, 10)-(34, 17)",b'#include <queue>\n'
opencv,../repos/opencv/opencv/modules/videoio/src/cap_msmf.cpp,"(36, 10)-(36, 15)",b'#include <map>\n'
opencv,../repos/opencv/opencv/modules/videoio/src/cap_msmf.cpp,"(37, 10)-(37, 17)",b'#include <queue>\n'
opencv,../repos/opencv/opencv/modules/videoio/src/cap_msmf.cpp,"(38, 10)-(38, 18)",b'#include <vector>\n'
opencv,../repos/opencv/opencv/modules/videoio/src/cap_msmf.cpp,"(41, 10)-(41, 17)",b'#include <deque>\n'
opencv,../repos/opencv/opencv/modules/videoio/src/cap_obsensor_capture.hpp,"(25, 10)-(25, 15)",b'#include <map>\n'
opencv,../repos/opencv/opencv/modules/videoio/src/cap_dshow.cpp,"(108, 10)-(108, 18)",b'#include <vector>\n'
opencv,../repos/opencv/opencv/modules/videoio/include/opencv2/videoio/container_avi.private.hpp,"(14, 10)-(14, 17)",b'#include <deque>\n'
opencv,../repos/opencv/opencv/modules/stitching/src/seam_finders.cpp,"(45, 10)-(45, 15)",b'#include <map>\n'
opencv,../repos/opencv/opencv/modules/stitching/src/precomp.hpp,"(48, 10)-(48, 18)",b'#include <vector>\n'
opencv,../repos/opencv/opencv/modules/stitching/src/precomp.hpp,"(51, 10)-(51, 15)",b'#include <set>\n'
opencv,../repos/opencv/opencv/modules/stitching/include/opencv2/stitching/detail/util_inl.hpp,"(46, 10)-(46, 17)",b'#include <queue>\n'
opencv,../repos/opencv/opencv/modules/stitching/include/opencv2/stitching/detail/seam_finders.hpp,"(46, 10)-(46, 15)",b'#include <set>\n'
opencv,../repos/opencv/opencv/modules/stitching/include/opencv2/stitching/detail/util.hpp,"(46, 10)-(46, 16)",b'#include <list>\n'
opencv,../repos/opencv/opencv/modules/imgproc/src/lsd.cpp,"(43, 10)-(43, 18)",b'#include <vector>\n'
opencv,../repos/opencv/opencv/modules/imgproc/src/intelligent_scissors.cpp,"(14, 10)-(14, 17)",b'#include <queue>  // std::priority_queue\n'
opencv,../repos/opencv/opencv/modules/imgproc/src/smooth.dispatch.cpp,"(50, 10)-(50, 18)",b'#include <vector>\n'
opencv,../repos/opencv/opencv/modules/imgproc/src/canny.cpp,"(46, 10)-(46, 17)",b'#include <deque>\n'
opencv,../repos/opencv/opencv/modules/imgproc/src/median_blur.dispatch.cpp,"(46, 10)-(46, 18)",b'#include <vector>\n'
opencv,../repos/opencv/opencv/modules/imgproc/src/bilateral_filter.dispatch.cpp,"(46, 10)-(46, 18)",b'#include <vector>\n'
opencv,../repos/opencv/opencv/modules/imgproc/src/phasecorr.cpp,"(40, 10)-(40, 18)",b'#include <vector>\n'
opencv,../repos/opencv/opencv/modules/imgproc/src/connectedcomponents.cpp,"(50, 10)-(50, 18)",b'#include <vector>\n'
opencv,../repos/opencv/opencv/modules/imgproc/src/featureselect.cpp,"(48, 10)-(48, 18)",b'#include <vector>\n'
opencv,../repos/opencv/opencv/modules/imgproc/src/box_filter.dispatch.cpp,"(46, 10)-(46, 18)",b'#include <vector>\n'
opencv,../repos/opencv/opencv/modules/imgproc/src/smooth.simd.hpp,"(46, 10)-(46, 18)",b'#include <vector>\n'
opencv,../repos/opencv/opencv/modules/imgproc/src/median_blur.simd.hpp,"(46, 10)-(46, 18)",b'#include <vector>\n'
opencv,../repos/opencv/opencv/modules/imgproc/src/min_enclosing_triangle.cpp,"(72, 10)-(72, 18)",b'#include <vector>\n'
opencv,../repos/opencv/opencv/modules/highgui/src/window_winrt_bridge.hpp,"(29, 10)-(29, 15)",b'#include <map>\n'
opencv,../repos/opencv/opencv/modules/highgui/src/window_w32.cpp,"(72, 10)-(72, 18)",b'#include <vector>\n'
opencv,../repos/opencv/opencv/modules/highgui/src/window_winrt.cpp,"(29, 10)-(29, 15)",b'#include <map>\n'
opencv,../repos/opencv/opencv/modules/highgui/src/backend.hpp,"(8, 10)-(8, 15)",b'#include <map>\n'
opencv,../repos/opencv/opencv/modules/highgui/src/window_wayland.cpp,"(13, 10)-(13, 18)",b'#include <vector>\n'
opencv,../repos/opencv/opencv/modules/highgui/src/window_wayland.cpp,"(14, 10)-(14, 15)",b'#include <map>\n'
opencv,../repos/opencv/opencv/modules/highgui/src/window_wayland.cpp,"(15, 10)-(15, 17)",b'#include <queue>\n'
opencv,../repos/opencv/opencv/modules/highgui/src/window_wayland.cpp,"(20, 10)-(20, 25)",b'#include <unordered_map>\n'
opencv,../repos/opencv/opencv/modules/features2d/src/kaze/fed.h,"(8, 10)-(8, 18)",b'#include <vector>\n'
opencv,../repos/opencv/opencv/modules/core/src/persistence.cpp,"(9, 10)-(9, 25)",b'#include <unordered_map>\n'
opencv,../repos/opencv/opencv/modules/core/src/persistence_impl.hpp,"(10, 10)-(10, 25)",b'#include <unordered_map>\n'
opencv,../repos/opencv/opencv/modules/core/src/utils/samples.cpp,"(7, 10)-(7, 18)",b'#include <vector>\n'
opencv,../repos/opencv/opencv/modules/core/src/utils/datafile.cpp,"(9, 10)-(9, 18)",b'#include <vector>\n'
opencv,../repos/opencv/opencv/modules/core/src/utils/logtagconfigparser.hpp,"(10, 10)-(10, 18)",b'#include <vector>\n'
opencv,../repos/opencv/opencv/modules/core/src/utils/logtagmanager.hpp,"(12, 10)-(12, 25)",b'#include <unordered_map>\n'
opencv,../repos/opencv/opencv/modules/core/src/cuda_host_mem.cpp,"(45, 10)-(45, 15)",b'#include <map>\n'
opencv,../repos/opencv/opencv/modules/core/src/alloc.cpp,"(66, 10)-(66, 15)",b'#include <map>\n'
opencv,../repos/opencv/opencv/modules/core/src/hal_internal.cpp,"(58, 10)-(58, 18)",b'#include <vector>\n'
opencv,../repos/opencv/opencv/modules/core/src/directx.cpp,"(50, 10)-(50, 18)",b'#include <vector>\n'
opencv,../repos/opencv/opencv/modules/core/src/dxt.cpp,"(46, 10)-(46, 15)",b'#include <map>\n'
opencv,../repos/opencv/opencv/modules/core/src/ocl.cpp,"(48, 10)-(48, 16)",b'#include <list>\n'
opencv,../repos/opencv/opencv/modules/core/src/ocl.cpp,"(49, 10)-(49, 15)",b'#include <map>\n'
opencv,../repos/opencv/opencv/modules/core/src/ocl.cpp,"(50, 10)-(50, 17)",b'#include <deque>\n'
opencv,../repos/opencv/opencv/modules/core/src/ocl.cpp,"(51, 10)-(51, 15)",b'#include <set>\n'
opencv,../repos/opencv/opencv/modules/core/src/lda.cpp,"(21, 10)-(21, 15)",b'#include <map>\n'
opencv,../repos/opencv/opencv/modules/core/src/lda.cpp,"(22, 10)-(22, 15)",b'#include <set>\n'
opencv,../repos/opencv/opencv/modules/core/src/persistence.hpp,"(10, 10)-(10, 17)",b'#include <deque>\n'
opencv,../repos/opencv/opencv/modules/core/include/opencv2/core/types.hpp,"(53, 10)-(53, 18)",b'#include <vector>\n'
opencv,../repos/opencv/opencv/modules/core/include/opencv2/core/utils/trace.private.hpp,"(18, 10)-(18, 17)",b'#include <deque>\n'
opencv,../repos/opencv/opencv/modules/core/include/opencv2/core/utils/buffer_area.private.hpp,"(10, 10)-(10, 18)",b'#include <vector>\n'
opencv,../repos/opencv/opencv/modules/core/include/opencv2/core/utils/configuration.private.hpp,"(9, 10)-(9, 18)",b'#include <vector>\n'
opencv,../repos/opencv/opencv/modules/core/include/opencv2/core/cvdef.h,"(794, 10)-(794, 17)",b'#include <array>\n'
opencv,../repos/opencv/opencv/modules/core/include/opencv2/core/hal/intrin_rvv_scalable.hpp,"(13, 10)-(13, 18)",b'#include <vector>\n'
opencv,../repos/opencv/opencv/modules/core/perf/perf_allocation.cpp,"(6, 10)-(6, 17)",b'#include <array>\n'
opencv,../repos/opencv/opencv/modules/objdetect/src/barcode_decoder/upcean_decoder.cpp,"(8, 10)-(8, 15)",b'#include <map>\n'
opencv,../repos/opencv/opencv/modules/objdetect/src/aruco/aruco_utils.hpp,"(8, 10)-(8, 18)",b'#include <vector>\n'
opencv,../repos/opencv/opencv/modules/objdetect/src/qrcode.cpp,"(20, 10)-(20, 17)",b'#include <queue>\n'
opencv,../repos/opencv/opencv/modules/objdetect/src/qrcode.cpp,"(22, 10)-(22, 15)",b'#include <map>\n'
opencv,../repos/opencv/opencv/modules/objdetect/include/opencv2/objdetect/detection_based_tracker.hpp,"(49, 10)-(49, 18)",b'#include <vector>\n'
opencv,../repos/opencv/opencv/modules/objdetect/test/test_barcode.cpp,"(7, 10)-(7, 15)",b'#include <set>\n'
opencv,../repos/opencv/opencv/modules/imgcodecs/src/exif.hpp,"(48, 10)-(48, 15)",b'#include <map>\n'
opencv,../repos/opencv/opencv/modules/imgcodecs/src/exif.hpp,"(52, 10)-(52, 18)",b'#include <vector>\n'
