Repo name,File name,Location,Content
opencv,../repos/opencv/opencv/modules/gapi/src/backends/ocl/goclbackend.cpp,"(176, 37)-(176, 55)",b'decltype(clean_up)'
opencv,../repos/opencv/opencv/modules/gapi/src/backends/onnx/dml_ep.cpp,"(87, 40)-(87, 61)",b'decltype(&release<T>)'
opencv,../repos/opencv/opencv/modules/gapi/src/backends/fluid/gfluidbackend.hpp,"(172, 5)-(172, 46)",b'decltype(GFluidParallelFor::parallel_for)'
opencv,../repos/opencv/opencv/modules/gapi/src/backends/fluid/gfluidbackend.hpp,"(177, 36)-(177, 58)",b'decltype(parallel_for)'
opencv,../repos/opencv/opencv/modules/gapi/src/backends/fluid/gfluidbackend.cpp,"(102, 21)-(102, 32)",b'decltype(f)'
opencv,../repos/opencv/opencv/modules/gapi/src/backends/fluid/gfluidbackend.cpp,"(103, 27)-(103, 38)",b'decltype(f)'
opencv,../repos/opencv/opencv/modules/gapi/src/backends/fluid/gfluidbackend.cpp,"(749, 5)-(749, 49)",b'decltype(FluidGraphInputData::m_agents_data)'
opencv,../repos/opencv/opencv/modules/gapi/src/backends/fluid/gfluidbackend.cpp,"(750, 5)-(750, 51)",b'decltype(FluidGraphInputData::m_scratch_users)'
opencv,../repos/opencv/opencv/modules/gapi/src/backends/fluid/gfluidbackend.cpp,"(751, 5)-(751, 44)",b'decltype(FluidGraphInputData::m_id_map)'
opencv,../repos/opencv/opencv/modules/gapi/src/backends/fluid/gfluidbackend.cpp,"(752, 5)-(752, 50)",b'decltype(FluidGraphInputData::m_all_gmat_ids)'
opencv,../repos/opencv/opencv/modules/gapi/src/backends/fluid/gfluidbackend.cpp,"(1379, 69)-(1379, 91)",b'decltype(parallel_for)'
opencv,../repos/opencv/opencv/modules/gapi/src/executor/gtbbexecutor.hpp,"(89, 15)-(89, 45)",b'decltype(sync_task_body::body)'
opencv,../repos/opencv/opencv/modules/gapi/src/executor/gtbbexecutor.hpp,"(90, 26)-(90, 57)",b'decltype(async_task_body::body)'
opencv,../repos/opencv/opencv/modules/gapi/src/executor/gasync.cpp,"(62, 21)-(62, 32)",b'decltype(q)'
opencv,../repos/opencv/opencv/modules/gapi/src/streaming/onevpl/utils.hpp,"(38, 59)-(38, 99)",b'decltype(&release<COMNonManageableType>)'
opencv,../repos/opencv/opencv/modules/gapi/src/streaming/onevpl/file_data_provider.hpp,"(31, 44)-(31, 61)",b'decltype(&fclose)'
opencv,../repos/opencv/opencv/modules/gapi/src/streaming/onevpl/engine/processing_engine_base.hpp,"(39, 44)-(39, 61)",b'decltype(&fclose)'
opencv,../repos/opencv/opencv/modules/gapi/src/streaming/gstreamer/gstreamerptr.hpp,"(155, 31)-(155, 64)",b'decltype(&GStreamerPtrRelease<T>)'
opencv,../repos/opencv/opencv/modules/gapi/src/streaming/gstreamer/gstreamerptr.hpp,"(157, 42)-(157, 75)",b'decltype(&GStreamerPtrRelease<T>)'
opencv,../repos/opencv/opencv/modules/gapi/include/opencv2/gapi/gtype_traits.hpp,"(34, 40)-(34, 76)",b'decltype(TaggedTypeCandidate::shape)'
opencv,../repos/opencv/opencv/modules/gapi/include/opencv2/gapi/gtype_traits.hpp,"(35, 42)-(35, 78)",b'decltype(TaggedTypeCandidate::shape)'
opencv,../repos/opencv/opencv/modules/gapi/include/opencv2/gapi/gtype_traits.hpp,"(122, 67)-(122, 104)",b'decltype(&GTypeTraits<C>::wrap_value)'
opencv,../repos/opencv/opencv/modules/gapi/include/opencv2/gapi/gtype_traits.hpp,"(124, 22)-(124, 48)",b'decltype(test<T>(nullptr))'
opencv,../repos/opencv/opencv/modules/gapi/include/opencv2/gapi/gtype_traits.hpp,"(125, 74)-(125, 100)",b'decltype(test<T>(nullptr))'
opencv,../repos/opencv/opencv/modules/gapi/include/opencv2/gapi/gtype_traits.hpp,"(194, 41)-(194, 80)",b'decltype(GTypeTraits<T>::wrap_value(t))'
opencv,../repos/opencv/opencv/modules/gapi/include/opencv2/gapi/ocl/goclkernel.hpp,"(230, 30)-(230, 70)","b'decltype(ocl_get_in<Ins>::get(ctx, IIs))'"
opencv,../repos/opencv/opencv/modules/gapi/include/opencv2/gapi/util/variant.hpp,"(571, 48)-(571, 83)",b'decltype(visitor(get<CurIndex>(v)))'
opencv,../repos/opencv/opencv/modules/gapi/include/opencv2/gapi/util/variant.hpp,"(615, 48)-(615, 83)",b'decltype(visitor(get<CurIndex>(v)))'
opencv,../repos/opencv/opencv/modules/gapi/include/opencv2/gapi/util/variant.hpp,"(635, 79)-(635, 109)",b'decltype(visitor(get<0>(var)))'
opencv,../repos/opencv/opencv/modules/gapi/include/opencv2/gapi/util/variant.hpp,"(641, 28)-(641, 58)",b'decltype(visitor(get<0>(var)))'
opencv,../repos/opencv/opencv/modules/gapi/include/opencv2/gapi/util/variant.hpp,"(651, 58)-(651, 88)",b'decltype(visitor(get<0>(var)))'
opencv,../repos/opencv/opencv/modules/gapi/include/opencv2/gapi/util/variant.hpp,"(657, 28)-(657, 58)",b'decltype(visitor(get<0>(var)))'
opencv,../repos/opencv/opencv/modules/gapi/include/opencv2/gapi/streaming/queue_source.hpp,"(45, 18)-(45, 45)",b'decltype(cv::descr_of(T{}))'
opencv,../repos/opencv/opencv/modules/gapi/include/opencv2/gapi/gtyped.hpp,"(42, 26)-(42, 39)",b'decltype(T{})'
opencv,../repos/opencv/opencv/modules/gapi/include/opencv2/gapi/fluid/gfluidkernel.hpp,"(330, 62)-(330, 81)",b'decltype(U::Window)'
opencv,../repos/opencv/opencv/modules/gapi/include/opencv2/gapi/fluid/gfluidkernel.hpp,"(335, 13)-(335, 34)",b'decltype(Check<C>(0))'
opencv,../repos/opencv/opencv/modules/gapi/include/opencv2/gapi/cpu/gcpukernel.hpp,"(317, 9)-(322, 41)",b'decltype(Impl::setup(detail::get_in_meta<Ins>...'
opencv,../repos/opencv/opencv/modules/gapi/include/opencv2/gapi/cpu/gcpukernel.hpp,"(338, 9)-(344, 26)",b'decltype(Impl::setup(detail::get_in_meta<Ins>...'
opencv,../repos/opencv/opencv/modules/gapi/include/opencv2/gapi/cpu/gcpukernel.hpp,"(394, 30)-(394, 66)","b'decltype(get_in<Ins>::get(ctx, IIs))'"
opencv,../repos/opencv/opencv/modules/gapi/include/opencv2/gapi/cpu/gcpukernel.hpp,"(402, 30)-(402, 66)","b'decltype(get_in<Ins>::get(ctx, IIs))'"
opencv,../repos/opencv/opencv/modules/gapi/include/opencv2/gapi/cpu/gcpukernel.hpp,"(447, 30)-(447, 66)","b'decltype(get_in<Ins>::get(ctx, IIs))'"
opencv,../repos/opencv/opencv/modules/gapi/include/opencv2/gapi/gcompoundkernel.hpp,"(98, 47)-(98, 63)",b'decltype(result)'
opencv,../repos/opencv/opencv/modules/gapi/perf/streaming/gapi_streaming_source_perf_tests.cpp,"(113, 38)-(114, 106)",b'decltype(std::tuple_cat(std::declval<source_d...'
opencv,../repos/opencv/opencv/modules/gapi/test/gapi_async_test.cpp,"(254, 35)-(254, 126)",b'decltype(cv::gapi::wip::async(std::declval<cv...'
opencv,../repos/opencv/opencv/modules/gapi/test/gapi_async_test.cpp,"(261, 9)-(261, 147)",b'decltype(cv::gapi::wip::async(std::declval<cv...'
opencv,../repos/opencv/opencv/modules/gapi/test/gapi_async_test.cpp,"(274, 10)-(274, 144)",b'decltype(cv::gapi::wip::async_apply(std::decl...'
opencv,../repos/opencv/opencv/modules/gapi/test/gapi_async_test.cpp,"(283, 10)-(283, 192)",b'decltype(cv::gapi::wip::async_apply(std::decl...'
opencv,../repos/opencv/opencv/modules/gapi/test/common/gapi_tests_common.hpp,"(460, 12)-(460, 72)",b'decltype(AllParams::template getCommon<I>(thi...'
opencv,../repos/opencv/opencv/modules/gapi/test/common/gapi_tests_common.hpp,"(468, 12)-(468, 74)",b'decltype(AllParams::template getSpecific<I>(t...'
opencv,../repos/opencv/opencv/modules/gapi/test/common/gapi_render_tests.hpp,"(53, 12)-(53, 72)",b'decltype(AllParams::template getCommon<I>(thi...'
opencv,../repos/opencv/opencv/modules/gapi/test/common/gapi_render_tests.hpp,"(61, 12)-(61, 74)",b'decltype(AllParams::template getSpecific<I>(t...'
opencv,../repos/opencv/opencv/modules/gapi/test/gapi_fluid_parallel_rois_test.cpp,"(140, 111)-(140, 156)",b'decltype(cv::GFluidParallelFor::parallel_for)'
opencv,../repos/opencv/opencv/modules/gapi/test/gapi_fluid_parallel_rois_test.cpp,"(146, 5)-(146, 50)",b'decltype(cv::GFluidParallelFor::parallel_for)'
opencv,../repos/opencv/opencv/modules/gapi/test/gapi_fluid_parallel_rois_test.cpp,"(213, 27)-(213, 72)",b'decltype(cv::GFluidParallelFor::parallel_for)'
opencv,../repos/opencv/opencv/modules/gapi/test/gapi_fluid_parallel_rois_test.cpp,"(293, 18)-(293, 63)",b'decltype(cv::GFluidParallelFor::parallel_for)'
opencv,../repos/opencv/opencv/modules/gapi/test/gapi_fluid_parallel_rois_test.cpp,"(297, 19)-(297, 64)",b'decltype(cv::GFluidParallelFor::parallel_for)'
opencv,../repos/opencv/opencv/modules/gapi/test/gapi_fluid_parallel_rois_test.cpp,"(300, 27)-(300, 47)",b'decltype(serial_for)'
opencv,../repos/opencv/opencv/modules/gapi/test/gapi_fluid_parallel_rois_test.cpp,"(303, 27)-(303, 52)",b'decltype(cv_parallel_for)'
opencv,../repos/opencv/opencv/modules/gapi/test/own/mat_tests.cpp,"(156, 5)-(156, 35)",b'decltype(state_of(moved_from))'
opencv,../repos/opencv/opencv/modules/gapi/test/own/mat_tests.cpp,"(179, 5)-(179, 26)",b'decltype(state_of(m))'
opencv,../repos/opencv/opencv/modules/gapi/test/streaming/gapi_streaming_vpp_preproc_test.cpp,"(488, 28)-(489, 87)",b'decltype(std::tuple_cat(std::declval<preproc_...'
opencv,../repos/opencv/opencv/modules/gapi/test/infer/gapi_infer_ie_test.cpp,"(2205, 38)-(2205, 56)",b'decltype(expected)'
opencv,../repos/opencv/opencv/modules/gapi/samples/onevpl_infer_with_advanced_device_selection.cpp,"(116, 59)-(116, 99)",b'decltype(&release<COMNonManageableType>)'
opencv,../repos/opencv/opencv/modules/dnn/misc/onnx/opencv-onnx.pb.cc,"(673, 19)-(673, 70)",b'decltype(std::declval<AttributeProto>()._has_...'
opencv,../repos/opencv/opencv/modules/dnn/misc/onnx/opencv-onnx.pb.cc,"(1423, 19)-(1423, 70)",b'decltype(std::declval<ValueInfoProto>()._has_...'
opencv,../repos/opencv/opencv/modules/dnn/misc/onnx/opencv-onnx.pb.cc,"(1751, 19)-(1751, 65)",b'decltype(std::declval<NodeProto>()._has_bits_)'
opencv,../repos/opencv/opencv/modules/dnn/misc/onnx/opencv-onnx.pb.cc,"(2258, 19)-(2258, 66)",b'decltype(std::declval<ModelProto>()._has_bits_)'
opencv,../repos/opencv/opencv/modules/dnn/misc/onnx/opencv-onnx.pb.cc,"(2833, 19)-(2833, 78)",b'decltype(std::declval<StringStringEntryProto>...'
opencv,../repos/opencv/opencv/modules/dnn/misc/onnx/opencv-onnx.pb.cc,"(3115, 19)-(3115, 66)",b'decltype(std::declval<GraphProto>()._has_bits_)'
opencv,../repos/opencv/opencv/modules/dnn/misc/onnx/opencv-onnx.pb.cc,"(3562, 19)-(3562, 75)",b'decltype(std::declval<TensorProto_Segment>()....'
opencv,../repos/opencv/opencv/modules/dnn/misc/onnx/opencv-onnx.pb.cc,"(3799, 19)-(3799, 67)",b'decltype(std::declval<TensorProto>()._has_bits_)'
opencv,../repos/opencv/opencv/modules/dnn/misc/onnx/opencv-onnx.pb.cc,"(4474, 19)-(4474, 82)",b'decltype(std::declval<TensorShapeProto_Dimens...'
opencv,../repos/opencv/opencv/modules/dnn/misc/onnx/opencv-onnx.pb.cc,"(4985, 19)-(4985, 72)",b'decltype(std::declval<TypeProto_Tensor>()._ha...'
opencv,../repos/opencv/opencv/modules/dnn/misc/onnx/opencv-onnx.pb.cc,"(5240, 19)-(5240, 65)",b'decltype(std::declval<TypeProto>()._has_bits_)'
opencv,../repos/opencv/opencv/modules/dnn/misc/onnx/opencv-onnx.pb.cc,"(5550, 19)-(5550, 74)",b'decltype(std::declval<OperatorSetIdProto>()._...'
opencv,../repos/opencv/opencv/modules/dnn/misc/caffe/opencv-caffe.pb.cc,"(4230, 19)-(4230, 65)",b'decltype(std::declval<BlobProto>()._has_bits_)'
opencv,../repos/opencv/opencv/modules/dnn/misc/caffe/opencv-caffe.pb.cc,"(5153, 19)-(5153, 78)",b'decltype(std::declval<NormalizeBBoxParameter>...'
opencv,../repos/opencv/opencv/modules/dnn/misc/caffe/opencv-caffe.pb.cc,"(5458, 19)-(5458, 73)",b'decltype(std::declval<PriorBoxParameter>()._h...'
opencv,../repos/opencv/opencv/modules/dnn/misc/caffe/opencv-caffe.pb.cc,"(6174, 19)-(6174, 80)",b'decltype(std::declval<DetectionOutputParamete...'
opencv,../repos/opencv/opencv/modules/dnn/misc/caffe/opencv-caffe.pb.cc,"(6708, 19)-(6708, 61)",b'decltype(std::declval<Datum>()._has_bits_)'
opencv,../repos/opencv/opencv/modules/dnn/misc/caffe/opencv-caffe.pb.cc,"(7110, 19)-(7110, 71)",b'decltype(std::declval<FillerParameter>()._has...'
opencv,../repos/opencv/opencv/modules/dnn/misc/caffe/opencv-caffe.pb.cc,"(7545, 19)-(7545, 68)",b'decltype(std::declval<NetParameter>()._has_bits_)'
opencv,../repos/opencv/opencv/modules/dnn/misc/caffe/opencv-caffe.pb.cc,"(8061, 19)-(8061, 71)",b'decltype(std::declval<SolverParameter>()._has...'
opencv,../repos/opencv/opencv/modules/dnn/misc/caffe/opencv-caffe.pb.cc,"(9661, 19)-(9661, 67)",b'decltype(std::declval<SolverState>()._has_bits_)'
opencv,../repos/opencv/opencv/modules/dnn/misc/caffe/opencv-caffe.pb.cc,"(9989, 19)-(9989, 64)",b'decltype(std::declval<NetState>()._has_bits_)'
opencv,../repos/opencv/opencv/modules/dnn/misc/caffe/opencv-caffe.pb.cc,"(10265, 19)-(10265, 68)",b'decltype(std::declval<NetStateRule>()._has_bits_)'
opencv,../repos/opencv/opencv/modules/dnn/misc/caffe/opencv-caffe.pb.cc,"(10614, 19)-(10614, 65)",b'decltype(std::declval<ParamSpec>()._has_bits_)'
opencv,../repos/opencv/opencv/modules/dnn/misc/caffe/opencv-caffe.pb.cc,"(10937, 19)-(10937, 70)",b'decltype(std::declval<LayerParameter>()._has_...'
opencv,../repos/opencv/opencv/modules/dnn/misc/caffe/opencv-caffe.pb.cc,"(13967, 19)-(13967, 79)",b'decltype(std::declval<TransformationParameter...'
opencv,../repos/opencv/opencv/modules/dnn/misc/caffe/opencv-caffe.pb.cc,"(14379, 19)-(14379, 69)",b'decltype(std::declval<LossParameter>()._has_bits_)'
opencv,../repos/opencv/opencv/modules/dnn/misc/caffe/opencv-caffe.pb.cc,"(14651, 19)-(14651, 73)",b'decltype(std::declval<AccuracyParameter>()._h...'
opencv,../repos/opencv/opencv/modules/dnn/misc/caffe/opencv-caffe.pb.cc,"(14910, 19)-(14910, 71)",b'decltype(std::declval<ArgMaxParameter>()._has...'
opencv,../repos/opencv/opencv/modules/dnn/misc/caffe/opencv-caffe.pb.cc,"(15176, 19)-(15176, 71)",b'decltype(std::declval<ConcatParameter>()._has...'
opencv,../repos/opencv/opencv/modules/dnn/misc/caffe/opencv-caffe.pb.cc,"(15406, 19)-(15406, 74)",b'decltype(std::declval<BatchNormParameter>()._...'
opencv,../repos/opencv/opencv/modules/dnn/misc/caffe/opencv-caffe.pb.cc,"(15701, 19)-(15701, 69)",b'decltype(std::declval<BiasParameter>()._has_bits_)'
opencv,../repos/opencv/opencv/modules/dnn/misc/caffe/opencv-caffe.pb.cc,"(15977, 19)-(15977, 80)",b'decltype(std::declval<ContrastiveLossParamete...'
opencv,../repos/opencv/opencv/modules/dnn/misc/caffe/opencv-caffe.pb.cc,"(16207, 19)-(16207, 76)",b'decltype(std::declval<ConvolutionParameter>()...'
opencv,../repos/opencv/opencv/modules/dnn/misc/caffe/opencv-caffe.pb.cc,"(16965, 19)-(16965, 69)",b'decltype(std::declval<CropParameter>()._has_bits_)'
opencv,../repos/opencv/opencv/modules/dnn/misc/caffe/opencv-caffe.pb.cc,"(17191, 19)-(17191, 69)",b'decltype(std::declval<DataParameter>()._has_bits_)'
opencv,../repos/opencv/opencv/modules/dnn/misc/caffe/opencv-caffe.pb.cc,"(17719, 19)-(17719, 86)",b'decltype(std::declval<NonMaximumSuppressionPa...'
opencv,../repos/opencv/opencv/modules/dnn/misc/caffe/opencv-caffe.pb.cc,"(17978, 19)-(17978, 75)",b'decltype(std::declval<SaveOutputParameter>()....'
opencv,../repos/opencv/opencv/modules/dnn/misc/caffe/opencv-caffe.pb.cc,"(18459, 19)-(18459, 72)",b'decltype(std::declval<DropoutParameter>()._ha...'
opencv,../repos/opencv/opencv/modules/dnn/misc/caffe/opencv-caffe.pb.cc,"(19051, 19)-(19051, 72)",b'decltype(std::declval<EltwiseParameter>()._ha...'
opencv,../repos/opencv/opencv/modules/dnn/misc/caffe/opencv-caffe.pb.cc,"(19323, 19)-(19323, 68)",b'decltype(std::declval<ELUParameter>()._has_bits_)'
opencv,../repos/opencv/opencv/modules/dnn/misc/caffe/opencv-caffe.pb.cc,"(19513, 19)-(19513, 70)",b'decltype(std::declval<EmbedParameter>()._has_...'
opencv,../repos/opencv/opencv/modules/dnn/misc/caffe/opencv-caffe.pb.cc,"(19869, 19)-(19869, 68)",b'decltype(std::declval<ExpParameter>()._has_bits_)'
opencv,../repos/opencv/opencv/modules/dnn/misc/caffe/opencv-caffe.pb.cc,"(20128, 19)-(20128, 72)",b'decltype(std::declval<FlattenParameter>()._ha...'
opencv,../repos/opencv/opencv/modules/dnn/misc/caffe/opencv-caffe.pb.cc,"(20358, 19)-(20358, 73)",b'decltype(std::declval<HDF5DataParameter>()._h...'
opencv,../repos/opencv/opencv/modules/dnn/misc/caffe/opencv-caffe.pb.cc,"(20653, 19)-(20653, 75)",b'decltype(std::declval<HDF5OutputParameter>()....'
opencv,../repos/opencv/opencv/modules/dnn/misc/caffe/opencv-caffe.pb.cc,"(20872, 19)-(20872, 74)",b'decltype(std::declval<HingeLossParameter>()._...'
opencv,../repos/opencv/opencv/modules/dnn/misc/caffe/opencv-caffe.pb.cc,"(21068, 19)-(21068, 74)",b'decltype(std::declval<ImageDataParameter>()._...'
opencv,../repos/opencv/opencv/modules/dnn/misc/caffe/opencv-caffe.pb.cc,"(21676, 19)-(21676, 77)",b'decltype(std::declval<InfogainLossParameter>(...'
opencv,../repos/opencv/opencv/modules/dnn/misc/caffe/opencv-caffe.pb.cc,"(21895, 19)-(21895, 77)",b'decltype(std::declval<InnerProductParameter>(...'
opencv,../repos/opencv/opencv/modules/dnn/misc/caffe/opencv-caffe.pb.cc,"(22465, 19)-(22465, 68)",b'decltype(std::declval<LogParameter>()._has_bits_)'
opencv,../repos/opencv/opencv/modules/dnn/misc/caffe/opencv-caffe.pb.cc,"(22724, 19)-(22724, 68)",b'decltype(std::declval<LRNParameter>()._has_bits_)'
opencv,../repos/opencv/opencv/modules/dnn/misc/caffe/opencv-caffe.pb.cc,"(23089, 19)-(23089, 75)",b'decltype(std::declval<MemoryDataParameter>()....'
opencv,../repos/opencv/opencv/modules/dnn/misc/caffe/opencv-caffe.pb.cc,"(23378, 19)-(23378, 68)",b'decltype(std::declval<MVNParameter>()._has_bits_)'
opencv,../repos/opencv/opencv/modules/dnn/misc/caffe/opencv-caffe.pb.cc,"(23637, 19)-(23637, 74)",b'decltype(std::declval<ParameterParameter>()._...'
opencv,../repos/opencv/opencv/modules/dnn/misc/caffe/opencv-caffe.pb.cc,"(23844, 19)-(23844, 72)",b'decltype(std::declval<PoolingParameter>()._ha...'
opencv,../repos/opencv/opencv/modules/dnn/misc/caffe/opencv-caffe.pb.cc,"(24395, 19)-(24395, 70)",b'decltype(std::declval<PowerParameter>()._has_...'
opencv,../repos/opencv/opencv/modules/dnn/misc/caffe/opencv-caffe.pb.cc,"(24654, 19)-(24654, 71)",b'decltype(std::declval<PythonParameter>()._has...'
opencv,../repos/opencv/opencv/modules/dnn/misc/caffe/opencv-caffe.pb.cc,"(25023, 19)-(25023, 74)",b'decltype(std::declval<RecurrentParameter>()._...'
opencv,../repos/opencv/opencv/modules/dnn/misc/caffe/opencv-caffe.pb.cc,"(25376, 19)-(25376, 74)",b'decltype(std::declval<ReductionParameter>()._...'
opencv,../repos/opencv/opencv/modules/dnn/misc/caffe/opencv-caffe.pb.cc,"(25641, 19)-(25641, 69)",b'decltype(std::declval<ReLUParameter>()._has_bits_)'
opencv,../repos/opencv/opencv/modules/dnn/misc/caffe/opencv-caffe.pb.cc,"(25884, 19)-(25884, 72)",b'decltype(std::declval<ReshapeParameter>()._ha...'
opencv,../repos/opencv/opencv/modules/dnn/misc/caffe/opencv-caffe.pb.cc,"(26166, 19)-(26166, 70)",b'decltype(std::declval<ScaleParameter>()._has_...'
opencv,../repos/opencv/opencv/modules/dnn/misc/caffe/opencv-caffe.pb.cc,"(26523, 19)-(26523, 72)",b'decltype(std::declval<SigmoidParameter>()._ha...'
opencv,../repos/opencv/opencv/modules/dnn/misc/caffe/opencv-caffe.pb.cc,"(26719, 19)-(26719, 70)",b'decltype(std::declval<SliceParameter>()._has_...'
opencv,../repos/opencv/opencv/modules/dnn/misc/caffe/opencv-caffe.pb.cc,"(26985, 19)-(26985, 72)",b'decltype(std::declval<SoftmaxParameter>()._ha...'
opencv,../repos/opencv/opencv/modules/dnn/misc/caffe/opencv-caffe.pb.cc,"(27221, 19)-(27221, 69)",b'decltype(std::declval<TanHParameter>()._has_bits_)'
opencv,../repos/opencv/opencv/modules/dnn/misc/caffe/opencv-caffe.pb.cc,"(27417, 19)-(27417, 69)",b'decltype(std::declval<TileParameter>()._has_bits_)'
opencv,../repos/opencv/opencv/modules/dnn/misc/caffe/opencv-caffe.pb.cc,"(27647, 19)-(27647, 74)",b'decltype(std::declval<ThresholdParameter>()._...'
opencv,../repos/opencv/opencv/modules/dnn/misc/caffe/opencv-caffe.pb.cc,"(27837, 19)-(27837, 75)",b'decltype(std::declval<WindowDataParameter>()....'
opencv,../repos/opencv/opencv/modules/dnn/misc/caffe/opencv-caffe.pb.cc,"(28499, 19)-(28499, 68)",b'decltype(std::declval<SPPParameter>()._has_bits_)'
opencv,../repos/opencv/opencv/modules/dnn/misc/caffe/opencv-caffe.pb.cc,"(28774, 19)-(28774, 72)",b'decltype(std::declval<V1LayerParameter>()._ha...'
opencv,../repos/opencv/opencv/modules/dnn/misc/caffe/opencv-caffe.pb.cc,"(30798, 19)-(30798, 72)",b'decltype(std::declval<V0LayerParameter>()._ha...'
opencv,../repos/opencv/opencv/modules/dnn/misc/caffe/opencv-caffe.pb.cc,"(32296, 19)-(32296, 70)",b'decltype(std::declval<PReLUParameter>()._has_...'
opencv,../repos/opencv/opencv/modules/dnn/misc/caffe/opencv-caffe.pb.cc,"(32545, 19)-(32545, 70)",b'decltype(std::declval<NormalizedBBox>()._has_...'
opencv,../repos/opencv/opencv/modules/dnn/misc/caffe/opencv-caffe.pb.cc,"(32938, 19)-(32938, 75)",b'decltype(std::declval<ROIPoolingParameter>()....'
opencv,../repos/opencv/opencv/modules/dnn/misc/caffe/opencv-caffe.pb.cc,"(33204, 19)-(33204, 73)",b'decltype(std::declval<ProposalParameter>()._h...'
opencv,../repos/opencv/opencv/modules/dnn/misc/caffe/opencv-caffe.pb.cc,"(33622, 19)-(33622, 77)",b'decltype(std::declval<PSROIPoolingParameter>(...'
opencv,../repos/opencv/opencv/modules/dnn/src/cuda/index_helpers.hpp,"(15, 30)-(15, 47)",b'decltype(dim3::x)'
opencv,../repos/opencv/opencv/modules/dnn/src/cuda/index_helpers.hpp,"(16, 31)-(16, 49)",b'decltype(uint3::x)'
opencv,../repos/opencv/opencv/modules/dnn/src/cuda4dnn/csl/cudnn/pooling.hpp,"(50, 55)-(50, 110)",b'decltype(std::begin(std::declval<SequenceCont...'
opencv,../repos/opencv/opencv/modules/dnn/src/cuda4dnn/csl/cudnn/cudnn.hpp,"(47, 38)-(47, 64)",b'decltype(CUDNN_DATA_FLOAT)'
opencv,../repos/opencv/opencv/modules/dnn/src/cuda4dnn/csl/cudnn/cudnn.hpp,"(171, 55)-(171, 110)",b'decltype(std::begin(std::declval<SequenceCont...'
opencv,../repos/opencv/opencv/modules/dnn/src/cuda4dnn/csl/cudnn/convolution.hpp,"(48, 55)-(48, 110)",b'decltype(std::begin(std::declval<SequenceCont...'
opencv,../repos/opencv/opencv/modules/dnn/src/cuda4dnn/csl/cudnn/convolution.hpp,"(163, 55)-(163, 110)",b'decltype(std::begin(std::declval<SequenceCont...'
opencv,../repos/opencv/opencv/modules/dnn/src/cuda4dnn/csl/cudnn/transform.hpp,"(44, 55)-(44, 110)",b'decltype(std::begin(std::declval<SequenceCont...'
opencv,../repos/opencv/opencv/modules/ts/include/opencv2/ts/ts_gtest.h,"(8936, 28)-(8936, 72)",b'decltype(::std::declval<const C&>().begin())'
opencv,../repos/opencv/opencv/modules/ts/include/opencv2/ts/ts_gtest.h,"(8937, 19)-(8937, 61)",b'decltype(::std::declval<const C&>().end())'
opencv,../repos/opencv/opencv/modules/ts/include/opencv2/ts/ts_gtest.h,"(8938, 19)-(8938, 58)",b'decltype(++::std::declval<Iterator&>())'
opencv,../repos/opencv/opencv/modules/ts/include/opencv2/ts/ts_gtest.h,"(8939, 19)-(8939, 56)",b'decltype(*::std::declval<Iterator>())'
opencv,../repos/opencv/opencv/modules/videoio/test/test_images.cpp,"(165, 40)-(165, 53)",b'decltype(pos)'
opencv,../repos/opencv/opencv/modules/core/include/opencv2/core/cvstd_wrapper.hpp,"(45, 113)-(45, 176)",b'decltype(std::declval<T>().operator()(std::de...'
opencv,../repos/opencv/opencv/modules/core/include/opencv2/core/cvstd_wrapper.hpp,"(49, 13)-(49, 59)",b'decltype(has_parenthesis_operator_check<C>(0))'
opencv,../repos/opencv/opencv/modules/core/test/test_mat.cpp,"(2574, 38)-(2574, 72)",b'decltype(m_1d_const.rend<uchar>())'
opencv,../repos/opencv/opencv/modules/core/test/test_mat.cpp,"(2575, 38)-(2575, 74)",b'decltype(m_1d_const.rbegin<uchar>())'
opencv,../repos/opencv/opencv/modules/core/test/test_mat.cpp,"(2584, 38)-(2584, 67)",b'decltype(m_1d_const_t.rend())'
opencv,../repos/opencv/opencv/modules/core/test/test_mat.cpp,"(2585, 38)-(2585, 69)",b'decltype(m_1d_const_t.rbegin())'
opencv,../repos/opencv/opencv/modules/imgcodecs/src/grfmt_avif.cpp,"(163, 32)-(163, 61)",b'decltype(&avifDecoderDestroy)'
opencv,../repos/opencv/opencv/modules/imgcodecs/src/grfmt_avif.cpp,"(322, 31)-(322, 56)",b'decltype(&avifRWDataFree)'
