Repo name,File name,Location,Content
cocos2d-x-4,../repos/cocos2d-x-4/cocos/audio/linux/AudioEngine-linux.cpp,"(120, 5)-(125, 6)",b'try {\n        mapChannelInfo[audioID].channel...'
cocos2d-x-4,../repos/cocos2d-x-4/cocos/audio/linux/AudioEngine-linux.cpp,"(130, 5)-(135, 6)",b'try {\n        mapChannelInfo[audioID].channel...'
cocos2d-x-4,../repos/cocos2d-x-4/cocos/audio/linux/AudioEngine-linux.cpp,"(140, 5)-(148, 6)",b'try {\n        mapChannelInfo[audioID].channel...'
cocos2d-x-4,../repos/cocos2d-x-4/cocos/audio/linux/AudioEngine-linux.cpp,"(153, 5)-(177, 6)",b'try {\n        if (!mapChannelInfo[audioID].ch...'
cocos2d-x-4,../repos/cocos2d-x-4/cocos/audio/linux/AudioEngine-linux.cpp,"(182, 5)-(190, 6)",b'try {\n        mapChannelInfo[audioID].channel...'
cocos2d-x-4,../repos/cocos2d-x-4/cocos/audio/linux/AudioEngine-linux.cpp,"(204, 5)-(215, 6)",b'try {\n        FMOD::Sound * sound = mapChanne...'
cocos2d-x-4,../repos/cocos2d-x-4/cocos/audio/linux/AudioEngine-linux.cpp,"(220, 5)-(230, 6)",b'try {\n        unsigned int position;\n        ...'
cocos2d-x-4,../repos/cocos2d-x-4/cocos/audio/linux/AudioEngine-linux.cpp,"(236, 5)-(243, 6)",b'try {\n        unsigned int position = (unsign...'
cocos2d-x-4,../repos/cocos2d-x-4/cocos/audio/linux/AudioEngine-linux.cpp,"(249, 5)-(257, 6)",b'try {\n        FMOD::Channel * channel = mapCh...'
cocos2d-x-4,../repos/cocos2d-x-4/cocos/audio/linux/AudioEngine-linux.cpp,"(263, 5)-(274, 6)",b'try {\n        void * data;\n        channel->g...'
cocos2d-x-4,../repos/cocos2d-x-4/cocos/base/CCConsole.cpp,"(945, 5)-(951, 6)",b'try {\n        for(auto command : commands) {\n...'
cocos2d-x-4,../repos/cocos2d-x-4/cocos/platform/CCSAXParser.cpp,"(108, 5)-(116, 6)","b'try {\n        parser.parse<>(xmlData, static_...'"
