Repo name,File name,Location,Content
cocos2d-x-4,../repos/cocos2d-x-4/cocos/2d/CCActionInterval.cpp,"(180, 27)-(180, 59)","b'Sequence::create(FiniteTimeAction *action1, ...)'"
cocos2d-x-4,../repos/cocos2d-x-4/cocos/2d/CCActionInterval.cpp,"(620, 21)-(620, 53)","b'Spawn::create(FiniteTimeAction *action1, ...)'"
cocos2d-x-4,../repos/cocos2d-x-4/cocos/2d/CCLayer.cpp,"(915, 40)-(915, 60)","b'LayerMultiplex::create(Layer * layer, ...)'"
cocos2d-x-4,../repos/cocos2d-x-4/cocos/2d/CCLayer.h,"(550, 35)-(550, 55)","b'create(Layer* layer, ... )'"
cocos2d-x-4,../repos/cocos2d-x-4/cocos/2d/CCMenu.cpp,"(62, 20)-(62, 41)","b'Menu::create(MenuItem* item, ...)'"
cocos2d-x-4,../repos/cocos2d-x-4/cocos/2d/CCMenu.cpp,"(350, 31)-(350, 49)","b'Menu::alignItemsInColumns(int columns, ...)'"
cocos2d-x-4,../repos/cocos2d-x-4/cocos/2d/CCMenu.cpp,"(442, 28)-(442, 43)","b'Menu::alignItemsInRows(int rows, ...)'"
cocos2d-x-4,../repos/cocos2d-x-4/cocos/2d/CCMenu.h,"(68, 24)-(68, 45)","b'create(MenuItem* item, ...)'"
cocos2d-x-4,../repos/cocos2d-x-4/cocos/2d/CCMenu.h,"(106, 29)-(106, 47)","b'alignItemsInColumns(int columns, ...)'"
cocos2d-x-4,../repos/cocos2d-x-4/cocos/2d/CCMenu.h,"(117, 26)-(117, 41)","b'alignItemsInRows(int rows, ...)'"
cocos2d-x-4,../repos/cocos2d-x-4/cocos/2d/CCMenuItem.cpp,"(689, 52)-(689, 105)",b'MenuItemToggle::createWithCallback(const ccMe...'
cocos2d-x-4,../repos/cocos2d-x-4/cocos/2d/CCMenuItem.h,"(433, 46)-(433, 99)",b'createWithCallback(const ccMenuCallback& call...'
cocos2d-x-4,../repos/cocos2d-x-4/cocos/audio/android/cutils/log.h,"(558, 28)-(558, 88)","b'__android_log_buf_print(int bufID, int prio, ...'"
cocos2d-x-4,../repos/cocos2d-x-4/cocos/audio/win32/AudioEngine-win32.cpp,"(95, 14)-(95, 40)","b'audioLog(const char * format, ...)'"
cocos2d-x-4,../repos/cocos2d-x-4/cocos/audio/win32/AudioMacros.h,"(36, 14)-(36, 40)","b'audioLog(const char * format, ...)'"
cocos2d-x-4,../repos/cocos2d-x-4/cocos/base/CCConsole.cpp,"(122, 9)-(122, 35)","b'log(const char * format, ...)'"
cocos2d-x-4,../repos/cocos2d-x-4/cocos/base/CCConsole.cpp,"(282, 36)-(282, 71)","b'Console::Utility::mydprintf(int sock, const c...'"
cocos2d-x-4,../repos/cocos2d-x-4/cocos/base/CCConsole.h,"(63, 16)-(63, 42)","b'log(const char * format, ...)'"
cocos2d-x-4,../repos/cocos2d-x-4/cocos/base/CCConsole.h,"(98, 33)-(98, 68)","b'mydprintf(int sock, const char *format, ...)'"
cocos2d-x-4,../repos/cocos2d-x-4/cocos/base/ccUTF8.cpp,"(43, 19)-(43, 44)","b'format(const char* format, ...)'"
cocos2d-x-4,../repos/cocos2d-x-4/cocos/base/ccUTF8.h,"(66, 26)-(66, 51)","b'format(const char* format, ...)'"
cocos2d-x-4,../repos/cocos2d-x-4/cocos/network/WebSocket.cpp,"(108, 18)-(108, 44)","b'wsLog(const char * format, ...)'"
cocos2d-x-4,../repos/cocos2d-x-4/cocos/platform/android/jni/JniHelper.h,"(79, 37)-(81, 47)",b'callStaticVoidMethod(const std::string& class...'
cocos2d-x-4,../repos/cocos2d-x-4/cocos/platform/android/jni/JniHelper.h,"(99, 40)-(101, 50)",b'callStaticBooleanMethod(const std::string& cl...'
cocos2d-x-4,../repos/cocos2d-x-4/cocos/platform/android/jni/JniHelper.h,"(121, 35)-(123, 45)",b'callStaticIntMethod(const std::string& classN...'
cocos2d-x-4,../repos/cocos2d-x-4/cocos/platform/android/jni/JniHelper.h,"(143, 39)-(145, 49)",b'callStaticFloatMethod(const std::string& clas...'
cocos2d-x-4,../repos/cocos2d-x-4/cocos/platform/android/jni/JniHelper.h,"(165, 45)-(167, 49)",b'callStaticFloatArrayMethod(const std::string&...'
cocos2d-x-4,../repos/cocos2d-x-4/cocos/platform/android/jni/JniHelper.h,"(196, 41)-(198, 49)",b'callStaticIntArrayMethod(const std::string& c...'
cocos2d-x-4,../repos/cocos2d-x-4/cocos/platform/android/jni/JniHelper.h,"(227, 37)-(229, 49)",b'callStaticVec3Method(const std::string& class...'
cocos2d-x-4,../repos/cocos2d-x-4/cocos/platform/android/jni/JniHelper.h,"(257, 41)-(259, 51)",b'callStaticDoubleMethod(const std::string& cla...'
cocos2d-x-4,../repos/cocos2d-x-4/cocos/platform/android/jni/JniHelper.h,"(279, 46)-(281, 56)",b'callStaticStringMethod(const std::string& cla...'
cocos2d-x-4,../repos/cocos2d-x-4/cocos/platform/android/jni/JniHelper.h,"(379, 39)-(379, 54)","b'getJNISignature(T x, Ts... xs)'"
cocos2d-x-4,../repos/cocos2d-x-4/cocos/platform/CCFileUtils.h,"(974, 42)-(974, 84)","b'performOperationOffthread(T&& action, R&& cal...'"
cocos2d-x-4,../repos/cocos2d-x-4/cocos/platform/CCFileUtils.h,"(987, 35)-(987, 98)","b'(const T& actionIn, const R& callbackIn, cons...'"
cocos2d-x-4,../repos/cocos2d-x-4/cocos/scripting/deprecated/CCArray.cpp,"(79, 25)-(79, 43)","b'__Array::create(Ref* object, ...)'"
cocos2d-x-4,../repos/cocos2d-x-4/cocos/scripting/deprecated/CCArray.cpp,"(159, 30)-(159, 48)","b'__Array::initWithObjects(Ref* object, ...)'"
cocos2d-x-4,../repos/cocos2d-x-4/cocos/scripting/deprecated/CCArray.cpp,"(423, 25)-(423, 43)","b'__Array::create(Ref* object, ...)'"
cocos2d-x-4,../repos/cocos2d-x-4/cocos/scripting/deprecated/CCArray.cpp,"(515, 30)-(515, 48)","b'__Array::initWithObjects(Ref* object, ...)'"
cocos2d-x-4,../repos/cocos2d-x-4/cocos/scripting/deprecated/CCArray.h,"(250, 27)-(250, 45)","b'create(Ref* object, ...)'"
cocos2d-x-4,../repos/cocos2d-x-4/cocos/scripting/deprecated/CCArray.h,"(298, 25)-(298, 43)","b'initWithObjects(Ref* object, ...)'"
cocos2d-x-4,../repos/cocos2d-x-4/cocos/scripting/deprecated/CCDeprecated.h,"(987, 42)-(987, 71)","b'CCLog(const char * pszFormat, ...)'"
cocos2d-x-4,../repos/cocos2d-x-4/cocos/scripting/deprecated/CCString.cpp,"(84, 30)-(84, 55)","b'__String::initWithFormat(const char* format, ...)'"
cocos2d-x-4,../repos/cocos2d-x-4/cocos/scripting/deprecated/CCString.cpp,"(168, 32)-(168, 57)",b'__String::appendWithFormat(const char* format...'
cocos2d-x-4,../repos/cocos2d-x-4/cocos/scripting/deprecated/CCString.cpp,"(249, 37)-(249, 62)",b'__String::createWithFormat(const char* format...'
cocos2d-x-4,../repos/cocos2d-x-4/cocos/scripting/deprecated/CCString.h,"(91, 24)-(91, 49)","b'initWithFormat(const char* format, ...)'"
cocos2d-x-4,../repos/cocos2d-x-4/cocos/scripting/deprecated/CCString.h,"(143, 26)-(143, 51)","b'appendWithFormat(const char* format, ...)'"
cocos2d-x-4,../repos/cocos2d-x-4/cocos/scripting/deprecated/CCString.h,"(169, 38)-(169, 63)","b'createWithFormat(const char* format, ...)'"
cocos2d-x-4,../repos/cocos2d-x-4/tests/cpp-tests/Classes/controller.cpp,"(431, 27)-(431, 53)","b'TestController::logEx(const char * format, ...)'"
cocos2d-x-4,../repos/cocos2d-x-4/tests/cpp-tests/Classes/controller.h,"(76, 15)-(76, 41)","b'logEx(const char * format, ...)'"
cocos2d-x-4,../repos/cocos2d-x-4/tests/performance-tests/Classes/Profile.cpp,"(61, 19)-(61, 44)","b'genStr(const char* format, ...)'"
cocos2d-x-4,../repos/cocos2d-x-4/tests/performance-tests/Classes/Profile.cpp,"(74, 38)-(74, 61)","b'genStrVector(const char* str1, ...)'"
cocos2d-x-4,../repos/cocos2d-x-4/tests/performance-tests/Classes/Profile.h,"(34, 19)-(34, 44)","b'genStr(const char* format, ...)'"
cocos2d-x-4,../repos/cocos2d-x-4/tests/performance-tests/Classes/Profile.h,"(35, 38)-(35, 61)","b'genStrVector(const char* str1, ...)'"
cocos2d-x-4,../repos/cocos2d-x-4/tests/performance-tests/Classes/tests/controller.cpp,"(357, 27)-(357, 53)","b'TestController::logEx(const char * format, ...)'"
cocos2d-x-4,../repos/cocos2d-x-4/tests/performance-tests/Classes/tests/controller.h,"(74, 15)-(74, 41)","b'logEx(const char * format, ...)'"
