Repo name,File name,Location,Content
cocos2d-x-4,../repos/cocos2d-x-4/cocos/3d/CCVertexAttribBinding.h,"(117, 10)-(117, 20)",b'shared_ptr<backend::VertexLayout>'
cocos2d-x-4,../repos/cocos2d-x-4/cocos/audio/android/CCThreadPool.cpp,"(401, 10)-(401, 20)",b'shared_ptr<std::atomic<bool>>'
cocos2d-x-4,../repos/cocos2d-x-4/cocos/audio/android/CCThreadPool.cpp,"(411, 22)-(411, 32)",b'unique_ptr<std::function<void(int)>>'
cocos2d-x-4,../repos/cocos2d-x-4/cocos/audio/android/CCThreadPool.cpp,"(411, 22)-(411, 32)",b'unique_ptr<std::function<void(int)>>'
cocos2d-x-4,../repos/cocos2d-x-4/cocos/audio/android/UrlAudioPlayer.cpp,"(99, 14)-(99, 24)",b'shared_ptr<bool>'
cocos2d-x-4,../repos/cocos2d-x-4/cocos/audio/win32/AudioCache.h,"(107, 10)-(107, 20)",b'shared_ptr<bool>'
cocos2d-x-4,../repos/cocos2d-x-4/cocos/base/ZipUtils.cpp,"(748, 10)-(748, 20)",b'unique_ptr<ourmemory_t>'
cocos2d-x-4,../repos/cocos2d-x-4/cocos/network/CCDownloader.cpp,"(120, 14)-(120, 24)",b'shared_ptr<const DownloadTask>'
cocos2d-x-4,../repos/cocos2d-x-4/cocos/network/CCDownloader.cpp,"(145, 14)-(145, 24)",b'shared_ptr<const DownloadTask>'
cocos2d-x-4,../repos/cocos2d-x-4/cocos/network/CCDownloader.h,"(58, 14)-(58, 24)",b'unique_ptr<IDownloadTask>'
cocos2d-x-4,../repos/cocos2d-x-4/cocos/network/CCDownloader.h,"(103, 14)-(103, 24)",b'shared_ptr<const DownloadTask>'
cocos2d-x-4,../repos/cocos2d-x-4/cocos/network/CCDownloader.h,"(105, 14)-(105, 24)",b'shared_ptr<const DownloadTask>'
cocos2d-x-4,../repos/cocos2d-x-4/cocos/network/SocketIO.cpp,"(1214, 10)-(1214, 20)",b'shared_ptr<SIOClientImpl>'
cocos2d-x-4,../repos/cocos2d-x-4/cocos/network/SocketIO.cpp,"(1251, 18)-(1251, 28)",b'shared_ptr<SIOClientImpl>'
cocos2d-x-4,../repos/cocos2d-x-4/cocos/network/SocketIO.h,"(179, 10)-(179, 20)",b'shared_ptr<SIOClientImpl>'
cocos2d-x-4,../repos/cocos2d-x-4/cocos/network/SocketIO.h,"(180, 49)-(180, 59)",b'shared_ptr<SIOClientImpl>'
cocos2d-x-4,../repos/cocos2d-x-4/cocos/network/SocketIO.h,"(206, 10)-(206, 20)",b'shared_ptr<SIOClientImpl>'
cocos2d-x-4,../repos/cocos2d-x-4/cocos/network/WebSocket.cpp,"(536, 10)-(536, 20)",b'shared_ptr<std::atomic<bool>>'
cocos2d-x-4,../repos/cocos2d-x-4/cocos/network/WebSocket.cpp,"(1140, 14)-(1140, 24)",b'shared_ptr<std::atomic<bool>>'
cocos2d-x-4,../repos/cocos2d-x-4/cocos/network/WebSocket.cpp,"(1186, 10)-(1186, 20)",b'shared_ptr<std::atomic<bool>>'
cocos2d-x-4,../repos/cocos2d-x-4/cocos/network/WebSocket.cpp,"(1212, 10)-(1212, 20)",b'shared_ptr<std::atomic<bool>>'
cocos2d-x-4,../repos/cocos2d-x-4/cocos/network/WebSocket.cpp,"(1274, 10)-(1274, 20)",b'shared_ptr<std::atomic<bool>>'
cocos2d-x-4,../repos/cocos2d-x-4/cocos/network/WebSocket.h,"(253, 10)-(253, 20)",b'shared_ptr<std::atomic<bool>>'
cocos2d-x-4,../repos/cocos2d-x-4/cocos/platform/apple/CCFileUtils-apple.h,"(74, 10)-(74, 20)",b'unique_ptr<IMPL>'
cocos2d-x-4,../repos/cocos2d-x-4/cocos/renderer/backend/opengl/CommandBufferGL.cpp,"(628, 10)-(628, 20)",b'shared_ptr<GLubyte>'
cocos2d-x-4,../repos/cocos2d-x-4/cocos/renderer/backend/opengl/CommandBufferGL.cpp,"(638, 10)-(638, 20)",b'shared_ptr<GLubyte>'
cocos2d-x-4,../repos/cocos2d-x-4/extensions/assets-manager/AssetsManagerEx.h,"(235, 10)-(235, 20)",b'shared_ptr<network::Downloader>'
cocos2d-x-4,../repos/cocos2d-x-4/templates/cpp-template-default/proj.android/app/jni/hellocpp/main.cpp,"(36, 6)-(36, 16)",b'unique_ptr<AppDelegate>'
cocos2d-x-4,../repos/cocos2d-x-4/templates/lua-template-default/frameworks/runtime-src/proj.android/app/jni/hellolua/main.cpp,"(36, 6)-(36, 16)",b'unique_ptr<AppDelegate>'
cocos2d-x-4,../repos/cocos2d-x-4/tests/cpp-empty-test/proj.android/app/jni/main.cpp,"(36, 6)-(36, 16)",b'unique_ptr<AppDelegate>'
cocos2d-x-4,../repos/cocos2d-x-4/tests/cpp-tests/Classes/NewEventDispatcherTest/NewEventDispatcherTest.cpp,"(316, 10)-(316, 20)",b'shared_ptr<bool>'
cocos2d-x-4,../repos/cocos2d-x-4/tests/cpp-tests/Classes/NewEventDispatcherTest/NewEventDispatcherTest.cpp,"(340, 10)-(340, 20)",b'shared_ptr<bool>'
cocos2d-x-4,../repos/cocos2d-x-4/tests/cpp-tests/proj.android/app/jni/main.cpp,"(36, 6)-(36, 16)",b'unique_ptr<AppDelegate>'
cocos2d-x-4,../repos/cocos2d-x-4/tests/lua-empty-test/project/proj.android/app/jni/main.cpp,"(36, 6)-(36, 16)",b'unique_ptr<AppDelegate>'
cocos2d-x-4,../repos/cocos2d-x-4/tests/lua-tests/project/proj.android/app/jni/main.cpp,"(36, 6)-(36, 16)",b'unique_ptr<AppDelegate>'
cocos2d-x-4,../repos/cocos2d-x-4/tests/performance-tests/proj.android/app/jni/hellocpp/main.cpp,"(36, 6)-(36, 16)",b'unique_ptr<AppDelegate>'
