Repo name,File name,Location,Content
cocos2d-x-4,../repos/cocos2d-x-4/cocos/audio/android/AudioDecoderMp3.h,"(40, 5)-(40, 39)",b'friend class AudioDecoderProvider;'
cocos2d-x-4,../repos/cocos2d-x-4/cocos/audio/android/AudioDecoderOgg.h,"(43, 5)-(43, 39)",b'friend class AudioDecoderProvider;'
cocos2d-x-4,../repos/cocos2d-x-4/cocos/audio/android/AudioDecoderSLES.h,"(93, 5)-(93, 46)",b'friend class SLAudioDecoderCallbackProxy;'
cocos2d-x-4,../repos/cocos2d-x-4/cocos/audio/android/AudioDecoderSLES.h,"(94, 5)-(94, 39)",b'friend class AudioDecoderProvider;'
cocos2d-x-4,../repos/cocos2d-x-4/cocos/audio/android/AudioDecoderWav.h,"(44, 5)-(44, 39)",b'friend class AudioDecoderProvider;'
cocos2d-x-4,../repos/cocos2d-x-4/cocos/audio/android/PcmAudioPlayer.h,"(95, 5)-(95, 38)",b'friend class AudioPlayerProvider;'
cocos2d-x-4,../repos/cocos2d-x-4/cocos/audio/android/PcmAudioService.h,"(78, 5)-(78, 48)",b'friend class SLPcmAudioPlayerCallbackProxy;'
cocos2d-x-4,../repos/cocos2d-x-4/cocos/audio/android/PcmAudioService.h,"(79, 5)-(79, 38)",b'friend class AudioPlayerProvider;'
cocos2d-x-4,../repos/cocos2d-x-4/cocos/audio/android/Track.h,"(104, 5)-(104, 39)",b'friend class AudioMixerController;'
cocos2d-x-4,../repos/cocos2d-x-4/cocos/audio/android/UrlAudioPlayer.h,"(131, 5)-(131, 48)",b'friend class SLUrlAudioPlayerCallbackProxy;'
cocos2d-x-4,../repos/cocos2d-x-4/cocos/audio/android/UrlAudioPlayer.h,"(132, 5)-(132, 38)",b'friend class AudioPlayerProvider;'
cocos2d-x-4,../repos/cocos2d-x-4/cocos/audio/apple/AudioCache.h,"(105, 5)-(105, 34)",b'friend class AudioEngineImpl;'
cocos2d-x-4,../repos/cocos2d-x-4/cocos/audio/apple/AudioCache.h,"(106, 5)-(106, 30)",b'friend class AudioPlayer;'
cocos2d-x-4,../repos/cocos2d-x-4/cocos/audio/apple/AudioPlayer.h,"(87, 5)-(87, 34)",b'friend class AudioEngineImpl;'
cocos2d-x-4,../repos/cocos2d-x-4/cocos/audio/win32/AudioDecoder.h,"(117, 5)-(117, 38)",b'friend class AudioDecoderManager;'
cocos2d-x-4,../repos/cocos2d-x-4/cocos/audio/win32/AudioDecoderMp3.h,"(83, 5)-(83, 38)",b'friend class AudioDecoderManager;'
cocos2d-x-4,../repos/cocos2d-x-4/cocos/audio/win32/AudioDecoderOgg.h,"(79, 5)-(79, 38)",b'friend class AudioDecoderManager;'
cocos2d-x-4,../repos/cocos2d-x-4/cocos/audio/win32/MciPlayer.h,"(89, 5)-(89, 93)",b'friend LRESULT WINAPI _SoundPlayProc(HWND hWn...'
cocos2d-x-4,../repos/cocos2d-x-4/cocos/network/CCDownloader-curl.cpp,"(195, 9)-(195, 37)",b'friend class DownloaderCURL;'
cocos2d-x-4,../repos/cocos2d-x-4/cocos/network/SocketIO.cpp,"(394, 5)-(394, 28)",b'friend class SIOClient;'
cocos2d-x-4,../repos/cocos2d-x-4/cocos/platform/win32/CCDevice-win32.cpp,"(450, 5)-(450, 24)",b'friend class Image;'
cocos2d-x-4,../repos/cocos2d-x-4/cocos/renderer/backend/Device.h,"(60, 5)-(60, 31)",b'friend class ProgramCache;'
cocos2d-x-4,../repos/cocos2d-x-4/cocos/renderer/backend/Device.h,"(61, 5)-(61, 30)",b'friend class ShaderCache;'
cocos2d-x-4,../repos/cocos2d-x-4/cocos/renderer/backend/Program.h,"(181, 5)-(181, 31)",b'friend class ProgramState;'
cocos2d-x-4,../repos/cocos2d-x-4/cocos/renderer/backend/Program.h,"(183, 5)-(183, 31)",b'friend class ProgramCache;'
cocos2d-x-4,../repos/cocos2d-x-4/cocos/renderer/backend/ShaderModule.h,"(81, 5)-(81, 30)",b'friend class ShaderCache;'
cocos2d-x-4,../repos/cocos2d-x-4/cocos/renderer/CCTextureCache.h,"(250, 5)-(250, 38)",b'friend class  VolatileTextureMgr;'
cocos2d-x-4,../repos/cocos2d-x-4/cocos/ui/UIWidget.cpp,"(65, 5)-(65, 25)",b'friend class Widget;'
cocos2d-x-4,../repos/cocos2d-x-4/tests/cpp-tests/Classes/BaseTest.h,"(176, 5)-(176, 33)",b'friend class TestController;'
cocos2d-x-4,../repos/cocos2d-x-4/tests/cpp-tests/Classes/BaseTest.h,"(205, 5)-(205, 33)",b'friend class TestController;'
cocos2d-x-4,../repos/cocos2d-x-4/tests/performance-tests/Classes/tests/BaseTest.h,"(174, 5)-(174, 33)",b'friend class TestController;'
cocos2d-x-4,../repos/cocos2d-x-4/tests/performance-tests/Classes/tests/BaseTest.h,"(203, 5)-(203, 33)",b'friend class TestController;'
