Repo name,File name,Location,Content
cocos2d-x-4,../repos/cocos2d-x-4/cocos/audio/android/cutils/log.h,"(396, 82)-(396, 84)",b'( (__predict_false(cond)) \\\n    ? ((void)andr...'
cocos2d-x-4,../repos/cocos2d-x-4/cocos/audio/android/cutils/log.h,"(403, 49)-(403, 51)","b'( ((void)android_printAssert(NULL, LOG_TAG, #...'"
cocos2d-x-4,../repos/cocos2d-x-4/cocos/audio/android/cutils/log.h,"(422, 59)-(422, 61)","b'LOG_ALWAYS_FATAL_IF(cond, ## __VA_ARGS__)'"
cocos2d-x-4,../repos/cocos2d-x-4/cocos/audio/android/cutils/log.h,"(435, 54)-(435, 56)","b'LOG_FATAL_IF(!(cond), ## __VA_ARGS__)'"
cocos2d-x-4,../repos/cocos2d-x-4/cocos/audio/android/cutils/log.h,"(451, 21)-(451, 23)","b'LOG_PRI(ANDROID_##priority, tag, __VA_ARGS__)'"
cocos2d-x-4,../repos/cocos2d-x-4/cocos/audio/android/cutils/log.h,"(475, 33)-(475, 35)","b'if (android_testLog(ANDROID_##priority, tag))'"
cocos2d-x-4,../repos/cocos2d-x-4/cocos/audio/android/cutils/log.h,"(505, 52)-(505, 54)","b', ## __VA_ARGS__'"
cocos2d-x-4,../repos/cocos2d-x-4/cocos/audio/android/cutils/log.h,"(508, 67)-(508, 69)","b'__android_log_assert(cond, tag, \\\n        __a...'"
cocos2d-x-4,../repos/cocos2d-x-4/cocos/audio/apple/AudioMacros.h,"(35, 84)-(35, 86)","b'printf(""V/"" LOG_TAG "" ("" QUOTEME(__LINE__) "")...'"
cocos2d-x-4,../repos/cocos2d-x-4/cocos/audio/apple/AudioMacros.h,"(39, 84)-(39, 86)","b'printf(""D/"" LOG_TAG "" ("" QUOTEME(__LINE__) "")...'"
cocos2d-x-4,../repos/cocos2d-x-4/cocos/audio/apple/AudioMacros.h,"(40, 84)-(40, 86)","b'printf(""I/"" LOG_TAG "" ("" QUOTEME(__LINE__) "")...'"
cocos2d-x-4,../repos/cocos2d-x-4/cocos/audio/apple/AudioMacros.h,"(41, 84)-(41, 86)","b'printf(""W/"" LOG_TAG "" ("" QUOTEME(__LINE__) "")...'"
cocos2d-x-4,../repos/cocos2d-x-4/cocos/audio/apple/AudioMacros.h,"(42, 84)-(42, 86)","b'printf(""E/"" LOG_TAG "" ("" QUOTEME(__LINE__) "")...'"
cocos2d-x-4,../repos/cocos2d-x-4/cocos/audio/apple/AudioMacros.h,"(62, 92)-(62, 94)","b'if (!!(condition)) { \\\n        ALOGE(""("" QUOT...'"
cocos2d-x-4,../repos/cocos2d-x-4/cocos/audio/win32/AudioMacros.h,"(42, 84)-(42, 86)","b'audioLog(""V/"" LOG_TAG "" ("" QUOTEME(__LINE__) ...'"
cocos2d-x-4,../repos/cocos2d-x-4/cocos/audio/win32/AudioMacros.h,"(46, 84)-(46, 86)","b'audioLog(""D/"" LOG_TAG "" ("" QUOTEME(__LINE__) ...'"
cocos2d-x-4,../repos/cocos2d-x-4/cocos/audio/win32/AudioMacros.h,"(47, 84)-(47, 86)","b'audioLog(""I/"" LOG_TAG "" ("" QUOTEME(__LINE__) ...'"
cocos2d-x-4,../repos/cocos2d-x-4/cocos/audio/win32/AudioMacros.h,"(48, 84)-(48, 86)","b'audioLog(""W/"" LOG_TAG "" ("" QUOTEME(__LINE__) ...'"
cocos2d-x-4,../repos/cocos2d-x-4/cocos/audio/win32/AudioMacros.h,"(49, 84)-(49, 86)","b'audioLog(""E/"" LOG_TAG "" ("" QUOTEME(__LINE__) ...'"
cocos2d-x-4,../repos/cocos2d-x-4/cocos/audio/win32/AudioMacros.h,"(69, 92)-(69, 94)","b'if (!!(condition)) { \\\n        ALOGE(""("" QUOT...'"
cocos2d-x-4,../repos/cocos2d-x-4/cocos/base/ccMacros.h,"(340, 89)-(340, 91)","b'std::bind(&__selector__,__target__, ##__VA_ARGS__)'"
cocos2d-x-4,../repos/cocos2d-x-4/cocos/base/ccMacros.h,"(341, 112)-(341, 114)","b'std::bind(&__selector__,__target__, std::plac...'"
cocos2d-x-4,../repos/cocos2d-x-4/cocos/base/ccMacros.h,"(342, 135)-(342, 137)","b'std::bind(&__selector__,__target__, std::plac...'"
cocos2d-x-4,../repos/cocos2d-x-4/cocos/base/ccMacros.h,"(343, 158)-(343, 160)","b'std::bind(&__selector__,__target__, std::plac...'"
cocos2d-x-4,../repos/cocos2d-x-4/cocos/network/CCIDownloaderImpl.h,"(36, 54)-(36, 56)","b'cocos2d::log(format, ##__VA_ARGS__)'"
cocos2d-x-4,../repos/cocos2d-x-4/cocos/network/WebSocket.cpp,"(134, 88)-(134, 90)","b'wsLog(""D/"" LOG_TAG "" ("" QUOTEME(__LINE__) ""):...'"
cocos2d-x-4,../repos/cocos2d-x-4/cocos/network/WebSocket.cpp,"(139, 84)-(139, 86)","b'wsLog(""E/"" LOG_TAG "" ("" QUOTEME(__LINE__) ""):...'"
cocos2d-x-4,../repos/cocos2d-x-4/cocos/platform/CCPlatformMacros.h,"(133, 56)-(133, 58)",b'protected: varType varName; public: virtual v...'
cocos2d-x-4,../repos/cocos2d-x-4/cocos/platform/CCPlatformMacros.h,"(136, 63)-(136, 65)",b'protected: varType varName; public: virtual c...'
cocos2d-x-4,../repos/cocos2d-x-4/cocos/platform/CCPlatformMacros.h,"(151, 56)-(151, 58)",b'protected: varType varName; public: virtual v...'
cocos2d-x-4,../repos/cocos2d-x-4/cocos/platform/CCPlatformMacros.h,"(151, 91)-(151, 93)",b'protected: varType varName; public: virtual v...'
cocos2d-x-4,../repos/cocos2d-x-4/cocos/platform/CCPlatformMacros.h,"(154, 63)-(154, 65)",b'protected: varType varName; public: virtual c...'
cocos2d-x-4,../repos/cocos2d-x-4/cocos/platform/CCPlatformMacros.h,"(154, 98)-(154, 100)",b'protected: varType varName; public: virtual c...'
cocos2d-x-4,../repos/cocos2d-x-4/cocos/platform/CCPlatformMacros.h,"(167, 63)-(167, 65)",b'protected: varType varName; public: virtual i...'
cocos2d-x-4,../repos/cocos2d-x-4/cocos/platform/CCPlatformMacros.h,"(170, 70)-(170, 72)",b'protected: varType varName; public: virtual i...'
cocos2d-x-4,../repos/cocos2d-x-4/cocos/platform/CCPlatformMacros.h,"(185, 63)-(185, 65)",b'protected: varType varName; public: virtual i...'
cocos2d-x-4,../repos/cocos2d-x-4/cocos/platform/CCPlatformMacros.h,"(185, 124)-(185, 126)",b'protected: varType varName; public: virtual i...'
cocos2d-x-4,../repos/cocos2d-x-4/cocos/platform/CCPlatformMacros.h,"(188, 70)-(188, 72)",b'protected: varType varName; public: virtual i...'
cocos2d-x-4,../repos/cocos2d-x-4/cocos/platform/CCPlatformMacros.h,"(188, 131)-(188, 133)",b'protected: varType varName; public: virtual i...'
cocos2d-x-4,../repos/cocos2d-x-4/cocos/platform/CCPlatformMacros.h,"(191, 61)-(191, 63)",b'private: varType varName; public: virtual inl...'
cocos2d-x-4,../repos/cocos2d-x-4/cocos/platform/CCPlatformMacros.h,"(191, 122)-(191, 124)",b'private: varType varName; public: virtual inl...'
cocos2d-x-4,../repos/cocos2d-x-4/cocos/platform/CCPlatformMacros.h,"(210, 74)-(210, 76)","b'cocos2d::log(""%s : %s"",__FUNCTION__, cocos2d:...'"
cocos2d-x-4,../repos/cocos2d-x-4/cocos/platform/CCPlatformMacros.h,"(221, 54)-(221, 56)","b'cocos2d::log(format, ##__VA_ARGS__)'"
cocos2d-x-4,../repos/cocos2d-x-4/cocos/platform/CCPlatformMacros.h,"(222, 54)-(222, 56)","b'cocos2d::log(format, ##__VA_ARGS__)'"
cocos2d-x-4,../repos/cocos2d-x-4/cocos/platform/CCPlatformMacros.h,"(227, 54)-(227, 56)","b'cocos2d::log(format, ##__VA_ARGS__)'"
cocos2d-x-4,../repos/cocos2d-x-4/cocos/platform/CCPlatformMacros.h,"(228, 54)-(228, 56)","b'cocos2d::log(format, ##__VA_ARGS__)'"
cocos2d-x-4,../repos/cocos2d-x-4/cocos/platform/CCPlatformMacros.h,"(229, 54)-(229, 56)","b'cocos2d::log(format, ##__VA_ARGS__)'"
cocos2d-x-4,../repos/cocos2d-x-4/cocos/platform/CCPlatformMacros.h,"(237, 54)-(237, 56)","b'cocos2d::log(format, ##__VA_ARGS__)'"
cocos2d-x-4,../repos/cocos2d-x-4/cocos/platform/win32/compat/stdint.h,"(233, 25)-(233, 27)",b'val##i8'
cocos2d-x-4,../repos/cocos2d-x-4/cocos/platform/win32/compat/stdint.h,"(234, 25)-(234, 27)",b'val##i16'
cocos2d-x-4,../repos/cocos2d-x-4/cocos/platform/win32/compat/stdint.h,"(235, 25)-(235, 27)",b'val##i32'
cocos2d-x-4,../repos/cocos2d-x-4/cocos/platform/win32/compat/stdint.h,"(236, 25)-(236, 27)",b'val##i64'
cocos2d-x-4,../repos/cocos2d-x-4/cocos/platform/win32/compat/stdint.h,"(238, 26)-(238, 28)",b'val##ui8'
cocos2d-x-4,../repos/cocos2d-x-4/cocos/platform/win32/compat/stdint.h,"(239, 26)-(239, 28)",b'val##ui16'
cocos2d-x-4,../repos/cocos2d-x-4/cocos/platform/win32/compat/stdint.h,"(240, 26)-(240, 28)",b'val##ui32'
cocos2d-x-4,../repos/cocos2d-x-4/cocos/platform/win32/compat/stdint.h,"(241, 26)-(241, 28)",b'val##ui64'
cocos2d-x-4,../repos/cocos2d-x-4/cocos/scripting/deprecated/CCDictionary.h,"(146, 22)-(146, 24)",b'DictElement* pTmp##__dict__##__el__ = nullptr...'
cocos2d-x-4,../repos/cocos2d-x-4/cocos/scripting/deprecated/CCDictionary.h,"(146, 32)-(146, 34)",b'DictElement* pTmp##__dict__##__el__ = nullptr...'
cocos2d-x-4,../repos/cocos2d-x-4/cocos/scripting/deprecated/CCDictionary.h,"(146, 127)-(146, 129)",b'DictElement* pTmp##__dict__##__el__ = nullptr...'
cocos2d-x-4,../repos/cocos2d-x-4/cocos/scripting/deprecated/CCDictionary.h,"(146, 137)-(146, 139)",b'DictElement* pTmp##__dict__##__el__ = nullptr...'
