Repo name,File name,Location,Content
cocos2d-x-4,../repos/cocos2d-x-4/cocos/2d/CCNode.h,"(770, 5)-(771, 82)",b'template <typename T>\n    T getChildByTag(int...'
cocos2d-x-4,../repos/cocos2d-x-4/cocos/2d/CCNode.h,"(790, 5)-(791, 101)",b'template <typename T>\n    T getChildByName(co...'
cocos2d-x-4,../repos/cocos2d-x-4/cocos/2d/CCNode.h,"(927, 5)-(940, 6)",b'template<typename _T> inline\n    static void ...'
cocos2d-x-4,../repos/cocos2d-x-4/cocos/3d/CCAnimationCurve.h,"(58, 1)-(101, 3)",b'template <int componentSize>\nclass AnimationC...'
cocos2d-x-4,../repos/cocos2d-x-4/cocos/3d/CCBundleReader.h,"(113, 5)-(113, 44)",b'template<typename T> bool read(T* ptr);'
cocos2d-x-4,../repos/cocos2d-x-4/cocos/3d/CCBundleReader.h,"(114, 5)-(114, 87)",b'template<typename T> bool readArray(unsigned ...'
cocos2d-x-4,../repos/cocos2d-x-4/cocos/3d/CCBundleReader.h,"(138, 1)-(142, 2)",b'template<typename T>\ninline bool BundleReader...'
cocos2d-x-4,../repos/cocos2d-x-4/cocos/3d/CCBundleReader.h,"(147, 1)-(164, 2)",b'template<typename T>\ninline bool BundleReader...'
cocos2d-x-4,../repos/cocos2d-x-4/cocos/3d/CCBundleReader.h,"(169, 1)-(181, 2)",b'template<>\ninline bool BundleReader::read<cha...'
cocos2d-x-4,../repos/cocos2d-x-4/cocos/3d/CCBundleReader.h,"(186, 1)-(191, 2)",b'template<>\ninline bool BundleReader::read<std...'
cocos2d-x-4,../repos/cocos2d-x-4/cocos/3d/CCBundleReader.h,"(196, 1)-(212, 2)",b'template<>\ninline bool BundleReader::readArra...'
cocos2d-x-4,../repos/cocos2d-x-4/cocos/audio/android/AudioMixer.cpp,"(58, 1)-(62, 2)",b'template <typename T>\nstatic inline\nT max(con...'
cocos2d-x-4,../repos/cocos2d-x-4/cocos/audio/android/AudioMixer.cpp,"(80, 1)-(84, 2)","b'template <typename T>\nT min(const T& a, const...'"
cocos2d-x-4,../repos/cocos2d-x-4/cocos/audio/android/AudioMixer.cpp,"(1709, 1)-(1746, 2)","b'template <int MIXTYPE,\n        typename TO, t...'"
cocos2d-x-4,../repos/cocos2d-x-4/cocos/audio/android/AudioMixer.cpp,"(1753, 1)-(1784, 2)","b'template <int MIXTYPE,\n        typename TO, t...'"
cocos2d-x-4,../repos/cocos2d-x-4/cocos/audio/android/AudioMixer.cpp,"(1793, 1)-(1821, 2)","b'template <int MIXTYPE, bool USEFLOATVOL, bool...'"
cocos2d-x-4,../repos/cocos2d-x-4/cocos/audio/android/AudioMixer.cpp,"(1832, 1)-(1880, 2)","b'template <int MIXTYPE, typename TO, typename ...'"
cocos2d-x-4,../repos/cocos2d-x-4/cocos/audio/android/AudioMixer.cpp,"(1890, 1)-(1911, 2)","b'template <int MIXTYPE, typename TO, typename ...'"
cocos2d-x-4,../repos/cocos2d-x-4/cocos/audio/android/AudioMixer.cpp,"(1921, 1)-(1935, 2)","b'template <int MIXTYPE, typename TO, typename ...'"
cocos2d-x-4,../repos/cocos2d-x-4/cocos/audio/android/AudioMixer.h,"(350, 5)-(353, 71)","b'template <int MIXTYPE, bool USEFLOATVOL, bool...'"
cocos2d-x-4,../repos/cocos2d-x-4/cocos/audio/android/AudioMixer.h,"(356, 5)-(357, 73)","b'template <int MIXTYPE, typename TO, typename ...'"
cocos2d-x-4,../repos/cocos2d-x-4/cocos/audio/android/AudioMixer.h,"(360, 5)-(362, 41)","b'template <int MIXTYPE, typename TO, typename ...'"
cocos2d-x-4,../repos/cocos2d-x-4/cocos/audio/android/AudioMixer.h,"(363, 5)-(365, 41)","b'template <int MIXTYPE, typename TO, typename ...'"
cocos2d-x-4,../repos/cocos2d-x-4/cocos/audio/android/AudioMixerController.cpp,"(91, 1)-(99, 2)",b'template <typename T>\nstatic void removeItemF...'
cocos2d-x-4,../repos/cocos2d-x-4/cocos/audio/android/AudioMixerOps.h,"(26, 1)-(30, 3)","b'template<typename T, typename U>\nstruct is_sa...'"
cocos2d-x-4,../repos/cocos2d-x-4/cocos/audio/android/AudioMixerOps.h,"(32, 1)-(36, 3)","b'template<typename T>\nstruct is_same<T, T>  //...'"
cocos2d-x-4,../repos/cocos2d-x-4/cocos/audio/android/AudioMixerOps.h,"(60, 1)-(61, 32)","b'template <typename TO, typename TI, typename ...'"
cocos2d-x-4,../repos/cocos2d-x-4/cocos/audio/android/AudioMixerOps.h,"(63, 1)-(66, 2)","b'template <>\ninline int32_t MixMul<int32_t, in...'"
cocos2d-x-4,../repos/cocos2d-x-4/cocos/audio/android/AudioMixerOps.h,"(68, 1)-(71, 2)","b'template <>\ninline int32_t MixMul<int32_t, in...'"
cocos2d-x-4,../repos/cocos2d-x-4/cocos/audio/android/AudioMixerOps.h,"(73, 1)-(76, 2)","b'template <>\ninline int32_t MixMul<int32_t, in...'"
cocos2d-x-4,../repos/cocos2d-x-4/cocos/audio/android/AudioMixerOps.h,"(78, 1)-(81, 2)","b'template <>\ninline int32_t MixMul<int32_t, in...'"
cocos2d-x-4,../repos/cocos2d-x-4/cocos/audio/android/AudioMixerOps.h,"(83, 1)-(87, 2)","b'template <>\ninline float MixMul<float, float,...'"
cocos2d-x-4,../repos/cocos2d-x-4/cocos/audio/android/AudioMixerOps.h,"(89, 1)-(93, 2)","b'template <>\ninline float MixMul<float, float,...'"
cocos2d-x-4,../repos/cocos2d-x-4/cocos/audio/android/AudioMixerOps.h,"(95, 1)-(98, 2)","b'template <>\ninline int16_t MixMul<int16_t, fl...'"
cocos2d-x-4,../repos/cocos2d-x-4/cocos/audio/android/AudioMixerOps.h,"(100, 1)-(103, 2)","b'template <>\ninline int16_t MixMul<int16_t, fl...'"
cocos2d-x-4,../repos/cocos2d-x-4/cocos/audio/android/AudioMixerOps.h,"(105, 1)-(109, 2)","b'template <>\ninline float MixMul<float, int16_...'"
cocos2d-x-4,../repos/cocos2d-x-4/cocos/audio/android/AudioMixerOps.h,"(111, 1)-(115, 2)","b'template <>\ninline float MixMul<float, int16_...'"
cocos2d-x-4,../repos/cocos2d-x-4/cocos/audio/android/AudioMixerOps.h,"(117, 1)-(120, 2)","b'template <>\ninline int16_t MixMul<int16_t, in...'"
cocos2d-x-4,../repos/cocos2d-x-4/cocos/audio/android/AudioMixerOps.h,"(122, 1)-(125, 2)","b'template <>\ninline int16_t MixMul<int16_t, in...'"
cocos2d-x-4,../repos/cocos2d-x-4/cocos/audio/android/AudioMixerOps.h,"(127, 1)-(130, 2)","b'template <>\ninline int16_t MixMul<int16_t, in...'"
cocos2d-x-4,../repos/cocos2d-x-4/cocos/audio/android/AudioMixerOps.h,"(132, 1)-(135, 2)","b'template <>\ninline int16_t MixMul<int16_t, in...'"
cocos2d-x-4,../repos/cocos2d-x-4/cocos/audio/android/AudioMixerOps.h,"(141, 1)-(144, 2)","b'template <>\ninline float MixMul<float, float,...'"
cocos2d-x-4,../repos/cocos2d-x-4/cocos/audio/android/AudioMixerOps.h,"(146, 1)-(150, 2)","b'template <>\ninline float MixMul<float, int16_...'"
cocos2d-x-4,../repos/cocos2d-x-4/cocos/audio/android/AudioMixerOps.h,"(152, 1)-(156, 2)","b'template <>\ninline int32_t MixMul<int32_t, in...'"
cocos2d-x-4,../repos/cocos2d-x-4/cocos/audio/android/AudioMixerOps.h,"(158, 1)-(163, 2)","b'template <>\ninline int32_t MixMul<int32_t, in...'"
cocos2d-x-4,../repos/cocos2d-x-4/cocos/audio/android/AudioMixerOps.h,"(165, 1)-(169, 2)","b'template <>\ninline int16_t MixMul<int16_t, in...'"
cocos2d-x-4,../repos/cocos2d-x-4/cocos/audio/android/AudioMixerOps.h,"(171, 1)-(174, 2)","b'template <>\ninline int16_t MixMul<int16_t, fl...'"
cocos2d-x-4,../repos/cocos2d-x-4/cocos/audio/android/AudioMixerOps.h,"(181, 1)-(188, 2)","b'template <typename TO, typename TI>\ninline vo...'"
cocos2d-x-4,../repos/cocos2d-x-4/cocos/audio/android/AudioMixerOps.h,"(190, 1)-(194, 2)","b'template<>\ninline void MixAccum<float, int16_...'"
cocos2d-x-4,../repos/cocos2d-x-4/cocos/audio/android/AudioMixerOps.h,"(196, 1)-(200, 2)","b'template<>\ninline void MixAccum<float, int32_...'"
cocos2d-x-4,../repos/cocos2d-x-4/cocos/audio/android/AudioMixerOps.h,"(202, 1)-(205, 2)","b'template<>\ninline void MixAccum<int32_t, int1...'"
cocos2d-x-4,../repos/cocos2d-x-4/cocos/audio/android/AudioMixerOps.h,"(207, 1)-(210, 2)","b'template<>\ninline void MixAccum<int32_t, floa...'"
cocos2d-x-4,../repos/cocos2d-x-4/cocos/audio/android/AudioMixerOps.h,"(216, 1)-(220, 2)","b'template <typename TO, typename TI, typename ...'"
cocos2d-x-4,../repos/cocos2d-x-4/cocos/audio/android/AudioMixerOps.h,"(274, 1)-(365, 2)","b'template <int MIXTYPE, int NCHAN,\n        typ...'"
cocos2d-x-4,../repos/cocos2d-x-4/cocos/audio/android/AudioMixerOps.h,"(367, 1)-(447, 2)","b'template <int MIXTYPE, int NCHAN,\n        typ...'"
cocos2d-x-4,../repos/cocos2d-x-4/cocos/audio/android/CCThreadPool.h,"(164, 5)-(203, 7)",b'template<typename T>\n    class ThreadSafeQueu...'
cocos2d-x-4,../repos/cocos2d-x-4/cocos/base/CCEnumClass.h,"(7, 1)-(11, 3)",b'template<typename Enum>\nstruct EnableBitMaskO...'
cocos2d-x-4,../repos/cocos2d-x-4/cocos/base/CCEnumClass.h,"(13, 1)-(22, 2)",b'template<typename Enum>\ntypename std::enable_...'
cocos2d-x-4,../repos/cocos2d-x-4/cocos/base/CCEnumClass.h,"(24, 1)-(30, 2)",b'template<typename Enum>\ntypename std::enable_...'
cocos2d-x-4,../repos/cocos2d-x-4/cocos/base/CCEnumClass.h,"(32, 1)-(43, 2)",b'template<typename Enum>\ntypename std::enable_...'
cocos2d-x-4,../repos/cocos2d-x-4/cocos/base/CCEnumClass.h,"(45, 1)-(55, 2)",b'template<typename Enum>\ntypename std::enable_...'
cocos2d-x-4,../repos/cocos2d-x-4/cocos/base/ccRandom.h,"(55, 5)-(60, 6)",b'template<typename T>\n    static T random_int(...'
cocos2d-x-4,../repos/cocos2d-x-4/cocos/base/ccRandom.h,"(68, 1)-(71, 2)","b'template<typename T>\ninline T random(T min, T...'"
cocos2d-x-4,../repos/cocos2d-x-4/cocos/base/ccRandom.h,"(73, 1)-(76, 2)","b'template<>\ninline float random(float min, flo...'"
cocos2d-x-4,../repos/cocos2d-x-4/cocos/base/ccRandom.h,"(78, 1)-(81, 2)",b'template<>\ninline long double random(long dou...'
cocos2d-x-4,../repos/cocos2d-x-4/cocos/base/ccRandom.h,"(83, 1)-(86, 2)","b'template<>\ninline double random(double min, d...'"
cocos2d-x-4,../repos/cocos2d-x-4/cocos/base/CCRefPtr.h,"(86, 1)-(272, 3)",b'template <typename T> class RefPtr\n{\npublic:\n...'
cocos2d-x-4,../repos/cocos2d-x-4/cocos/base/CCRefPtr.h,"(274, 1)-(278, 2)",b'template <class T> inline\nRefPtr<T> makeRef(T...'
cocos2d-x-4,../repos/cocos2d-x-4/cocos/base/CCRefPtr.h,"(280, 1)-(284, 2)",b'template<class T> inline\nbool operator<(const...'
cocos2d-x-4,../repos/cocos2d-x-4/cocos/base/CCRefPtr.h,"(286, 1)-(290, 2)",b'template<class T> inline\nbool operator<(std::...'
cocos2d-x-4,../repos/cocos2d-x-4/cocos/base/CCRefPtr.h,"(292, 1)-(296, 2)",b'template<class T> inline\nbool operator>(const...'
cocos2d-x-4,../repos/cocos2d-x-4/cocos/base/CCRefPtr.h,"(298, 1)-(302, 2)",b'template<class T> inline\nbool operator>(std::...'
cocos2d-x-4,../repos/cocos2d-x-4/cocos/base/CCRefPtr.h,"(304, 1)-(308, 2)",b'template<class T> inline\nbool operator<=(cons...'
cocos2d-x-4,../repos/cocos2d-x-4/cocos/base/CCRefPtr.h,"(310, 1)-(314, 2)",b'template<class T> inline\nbool operator<=(std:...'
cocos2d-x-4,../repos/cocos2d-x-4/cocos/base/CCRefPtr.h,"(316, 1)-(320, 2)",b'template<class T> inline\nbool operator>=(cons...'
cocos2d-x-4,../repos/cocos2d-x-4/cocos/base/CCRefPtr.h,"(322, 1)-(326, 2)",b'template<class T> inline\nbool operator>=(std:...'
cocos2d-x-4,../repos/cocos2d-x-4/cocos/base/CCRefPtr.h,"(331, 1)-(334, 2)","b'template<class T, class U> RefPtr<T> static_p...'"
cocos2d-x-4,../repos/cocos2d-x-4/cocos/base/CCRefPtr.h,"(339, 1)-(342, 2)","b'template<class T, class U> RefPtr<T> dynamic_...'"
cocos2d-x-4,../repos/cocos2d-x-4/cocos/base/CCScheduler.h,"(279, 5)-(285, 6)",b'template <class T>\n    void scheduleUpdate(T ...'
cocos2d-x-4,../repos/cocos2d-x-4/cocos/base/ccUTF8.cpp,"(219, 1)-(222, 3)",b'template <typename T>\nstruct ConvertTrait {\n ...'
cocos2d-x-4,../repos/cocos2d-x-4/cocos/base/ccUTF8.cpp,"(223, 1)-(226, 3)",b'template <>\nstruct ConvertTrait<char> {\n    t...'
cocos2d-x-4,../repos/cocos2d-x-4/cocos/base/ccUTF8.cpp,"(227, 1)-(230, 3)",b'template <>\nstruct ConvertTrait<char16_t> {\n ...'
cocos2d-x-4,../repos/cocos2d-x-4/cocos/base/ccUTF8.cpp,"(231, 1)-(234, 3)",b'template <>\nstruct ConvertTrait<char32_t> {\n ...'
cocos2d-x-4,../repos/cocos2d-x-4/cocos/base/ccUTF8.cpp,"(236, 1)-(275, 2)","b'template <typename From, typename To, typenam...'"
cocos2d-x-4,../repos/cocos2d-x-4/cocos/base/ccUTF8.h,"(58, 1)-(64, 2)",b'template<typename T>\nstd::string toString(T a...'
cocos2d-x-4,../repos/cocos2d-x-4/cocos/base/ccUtils.h,"(154, 5)-(158, 6)",b'template<typename T> inline\n    T findChild(N...'
cocos2d-x-4,../repos/cocos2d-x-4/cocos/base/ccUtils.h,"(165, 5)-(169, 6)",b'template<typename T> inline\n    T findChild(N...'
cocos2d-x-4,../repos/cocos2d-x-4/cocos/base/CCValue.cpp,"(802, 1)-(821, 2)",b'template <class T>\nstatic std::string visitMa...'
cocos2d-x-4,../repos/cocos2d-x-4/cocos/editor-support/cocostudio/FlatBuffersSerialize.h,"(40, 5)-(40, 40)",b'template<typename T> struct Offset;'
cocos2d-x-4,../repos/cocos2d-x-4/cocos/editor-support/cocostudio/WidgetReader/NodeReaderProtocol.h,"(34, 5)-(34, 40)",b'template<typename T> struct Offset;'
cocos2d-x-4,../repos/cocos2d-x-4/cocos/editor-support/spine/ContainerUtil.h,"(62, 3)-(74, 4)",b'template<typename T>\n\t\tstatic int findIndexWi...'
cocos2d-x-4,../repos/cocos2d-x-4/cocos/editor-support/spine/ContainerUtil.h,"(79, 3)-(91, 4)",b'template<typename T>\n\t\tstatic T* findWithData...'
cocos2d-x-4,../repos/cocos2d-x-4/cocos/editor-support/spine/ContainerUtil.h,"(94, 3)-(106, 4)",b'template<typename T>\n\t\tstatic int findIndexWi...'
cocos2d-x-4,../repos/cocos2d-x-4/cocos/editor-support/spine/ContainerUtil.h,"(108, 3)-(117, 4)",b'template<typename T>\n\t\tstatic void cleanUpVec...'
cocos2d-x-4,../repos/cocos2d-x-4/cocos/editor-support/spine/Extension.h,"(49, 2)-(52, 3)",b'template<typename T>\n\tstatic T *calloc(size_t...'
cocos2d-x-4,../repos/cocos2d-x-4/cocos/editor-support/spine/Extension.h,"(54, 2)-(57, 3)",b'template<typename T>\n\tstatic T *realloc(T *pt...'
cocos2d-x-4,../repos/cocos2d-x-4/cocos/editor-support/spine/Extension.h,"(59, 2)-(62, 3)",b'template<typename T>\n\tstatic void free(T *ptr...'
cocos2d-x-4,../repos/cocos2d-x-4/cocos/editor-support/spine/HashMap.h,"(43, 1)-(55, 3)","b'template<typename K, typename V>\nclass SP_API...'"
cocos2d-x-4,../repos/cocos2d-x-4/cocos/editor-support/spine/MathUtil.h,"(49, 2)-(50, 57)",b'template<typename T>\n\tstatic inline T min(T a...'
cocos2d-x-4,../repos/cocos2d-x-4/cocos/editor-support/spine/MathUtil.h,"(52, 2)-(53, 57)",b'template<typename T>\n\tstatic inline T max(T a...'
cocos2d-x-4,../repos/cocos2d-x-4/cocos/editor-support/spine/Pool.h,"(39, 1)-(71, 2)",b'template<typename T>\nclass SP_API Pool : publ...'
cocos2d-x-4,../repos/cocos2d-x-4/cocos/editor-support/spine/Vector.h,"(39, 1)-(219, 2)",b'template<typename T>\nclass SP_API Vector : pu...'
cocos2d-x-4,../repos/cocos2d-x-4/cocos/network/HttpClient.cpp,"(233, 5)-(237, 6)",b'template <class T>\n    bool setOption(CURLopt...'
cocos2d-x-4,../repos/cocos2d-x-4/cocos/network/Uri.cpp,"(43, 1)-(49, 2)",b'template<typename T>\nstd::string toString(T a...'
cocos2d-x-4,../repos/cocos2d-x-4/cocos/network/Uri.cpp,"(57, 1)-(63, 2)",b'template <class String>\nvoid toLower(String& ...'
cocos2d-x-4,../repos/cocos2d-x-4/cocos/platform/android/jni/JniHelper.h,"(78, 5)-(92, 6)",b'template <typename... Ts>\n    static void cal...'
cocos2d-x-4,../repos/cocos2d-x-4/cocos/platform/android/jni/JniHelper.h,"(98, 5)-(114, 6)",b'template <typename... Ts>\n    static bool cal...'
cocos2d-x-4,../repos/cocos2d-x-4/cocos/platform/android/jni/JniHelper.h,"(120, 5)-(136, 6)",b'template <typename... Ts>\n    static int call...'
cocos2d-x-4,../repos/cocos2d-x-4/cocos/platform/android/jni/JniHelper.h,"(142, 5)-(158, 6)",b'template <typename... Ts>\n    static float ca...'
cocos2d-x-4,../repos/cocos2d-x-4/cocos/platform/android/jni/JniHelper.h,"(164, 5)-(189, 6)",b'template <typename... Ts>\n    static float* c...'
cocos2d-x-4,../repos/cocos2d-x-4/cocos/platform/android/jni/JniHelper.h,"(195, 5)-(220, 6)",b'template <typename... Ts>\n    static int* cal...'
cocos2d-x-4,../repos/cocos2d-x-4/cocos/platform/android/jni/JniHelper.h,"(226, 5)-(250, 6)",b'template <typename... Ts>\n    static Vec3 cal...'
cocos2d-x-4,../repos/cocos2d-x-4/cocos/platform/android/jni/JniHelper.h,"(256, 5)-(272, 6)",b'template <typename... Ts>\n    static double c...'
cocos2d-x-4,../repos/cocos2d-x-4/cocos/platform/android/jni/JniHelper.h,"(278, 5)-(297, 6)",b'template <typename... Ts>\n    static std::str...'
cocos2d-x-4,../repos/cocos2d-x-4/cocos/platform/android/jni/JniHelper.h,"(324, 5)-(327, 6)",b'template <typename T>\n    static T convert(Lo...'
cocos2d-x-4,../repos/cocos2d-x-4/cocos/platform/android/jni/JniHelper.h,"(371, 5)-(376, 6)",b'template <typename T>\n    static std::string ...'
cocos2d-x-4,../repos/cocos2d-x-4/cocos/platform/android/jni/JniHelper.h,"(378, 5)-(381, 6)","b'template <typename T, typename... Ts>\n    sta...'"
cocos2d-x-4,../repos/cocos2d-x-4/cocos/platform/CCFileUtils.h,"(58, 1)-(59, 34)",b'template<typename T>\nclass ResizableBufferAda...'
cocos2d-x-4,../repos/cocos2d-x-4/cocos/platform/CCFileUtils.h,"(62, 1)-(79, 3)","b'template<typename CharT, typename Traits, typ...'"
cocos2d-x-4,../repos/cocos2d-x-4/cocos/platform/CCFileUtils.h,"(81, 1)-(98, 3)","b'template<typename T, typename Allocator>\nclas...'"
cocos2d-x-4,../repos/cocos2d-x-4/cocos/platform/CCFileUtils.h,"(101, 1)-(119, 3)",b'template<>\nclass ResizableBufferAdapter<Data>...'
cocos2d-x-4,../repos/cocos2d-x-4/cocos/platform/CCFileUtils.h,"(259, 5)-(268, 6)","b'template <\n        typename T,\n        typena...'"
cocos2d-x-4,../repos/cocos2d-x-4/cocos/platform/CCFileUtils.h,"(973, 5)-(995, 6)","b'template<typename T, typename R, typename ......'"
cocos2d-x-4,../repos/cocos2d-x-4/cocos/renderer/backend/ProgramCache.cpp,"(34, 5)-(43, 7)",b'template <>\n    struct hash<cocos2d::backend:...'
cocos2d-x-4,../repos/cocos2d-x-4/cocos/scripting/deprecated/CCArray.h,"(52, 1)-(127, 3)",b'template < class T >\nclass RCPtr\n{\npublic:\n\t/...'
cocos2d-x-4,../repos/cocos2d-x-4/cocos/scripting/lua-bindings/manual/cocos2d/lua_cocos2dx_deprecated.cpp,"(44, 1)-(60, 2)",b'template <class T>\nbool array_to_vector_t_dep...'
cocos2d-x-4,../repos/cocos2d-x-4/cocos/scripting/lua-bindings/manual/LuaBasicConversions.h,"(492, 1)-(517, 2)",b'template <class T>\nbool luavals_variadic_to_c...'
cocos2d-x-4,../repos/cocos2d-x-4/cocos/scripting/lua-bindings/manual/LuaBasicConversions.h,"(529, 1)-(565, 2)",b'template <class T>\nbool luaval_to_ccvector(lu...'
cocos2d-x-4,../repos/cocos2d-x-4/cocos/scripting/lua-bindings/manual/LuaBasicConversions.h,"(599, 1)-(643, 2)",b'template <class T>\nbool luaval_to_ccmap_strin...'
cocos2d-x-4,../repos/cocos2d-x-4/cocos/scripting/lua-bindings/manual/LuaBasicConversions.h,"(703, 1)-(718, 2)",b'template <class T>\nbool luaval_to_object(lua_...'
cocos2d-x-4,../repos/cocos2d-x-4/cocos/scripting/lua-bindings/manual/LuaBasicConversions.h,"(1029, 1)-(1059, 2)",b'template <class T>\nvoid ccvector_to_luaval(lu...'
cocos2d-x-4,../repos/cocos2d-x-4/cocos/scripting/lua-bindings/manual/LuaBasicConversions.h,"(1069, 1)-(1095, 2)",b'template <class T>\nvoid ccmap_string_key_to_l...'
cocos2d-x-4,../repos/cocos2d-x-4/cocos/scripting/lua-bindings/manual/LuaBasicConversions.h,"(1150, 1)-(1168, 2)",b'template <class T>\nconst char* getLuaTypeName...'
cocos2d-x-4,../repos/cocos2d-x-4/cocos/scripting/lua-bindings/manual/LuaBasicConversions.h,"(1177, 1)-(1199, 2)",b'template <class T>\nvoid object_to_luaval(lua_...'
cocos2d-x-4,../repos/cocos2d-x-4/extensions/Particle3D/CCParticleSystem3D.h,"(62, 1)-(145, 2)",b'template<typename T>\nclass CC_DLL DataPool\n{\n...'
cocos2d-x-4,../repos/cocos2d-x-4/tests/cpp-tests/Classes/InputTest/MouseTest.cpp,"(29, 1)-(29, 103)",b'template <typename T> std::string tostr(const...'
cocos2d-x-4,../repos/cocos2d-x-4/tests/cpp-tests/Classes/UserDefaultTest/UserDefaultTest.cpp,"(61, 1)-(76, 2)",b'template<typename T>\nvoid logData(const char*...'
cocos2d-x-4,../repos/cocos2d-x-4/tests/cpp-tests/Classes/UserDefaultTest/UserDefaultTest.cpp,"(78, 1)-(90, 2)",b'template<typename T>\nvoid setData(const char*...'
cocos2d-x-4,../repos/cocos2d-x-4/tests/cpp-tests/Classes/UserDefaultTest/UserDefaultTest.cpp,"(92, 1)-(104, 2)",b'template<typename T>\nvoid setData2(const char...'
cocos2d-x-4,../repos/cocos2d-x-4/tests/performance-tests/Classes/tests/PerformanceCallbackTest.h,"(69, 5)-(75, 6)",b'template <class T>\n    void simulateScheduleU...'
