Repo name,File name,Location,Content
cocos2d-x-4,../repos/cocos2d-x-4/cocos/2d/CCActionCatmullRom.h,"(39, 10)-(39, 18)",b'#include <vector>\n'
cocos2d-x-4,../repos/cocos2d-x-4/cocos/2d/CCActionInterval.h,"(32, 10)-(32, 18)",b'#include <vector>\n'
cocos2d-x-4,../repos/cocos2d-x-4/cocos/2d/CCAutoPolygon.h,"(33, 10)-(33, 18)",b'#include <vector>\n'
cocos2d-x-4,../repos/cocos2d-x-4/cocos/2d/CCCameraBackgroundBrush.h,"(36, 10)-(36, 18)",b'#include <vector>\n'
cocos2d-x-4,../repos/cocos2d-x-4/cocos/2d/CCClippingNode.h,"(34, 10)-(34, 25)",b'#include <unordered_map>\n'
cocos2d-x-4,../repos/cocos2d-x-4/cocos/2d/CCFastTMXLayer.h,"(30, 10)-(30, 25)",b'#include <unordered_map>\n'
cocos2d-x-4,../repos/cocos2d-x-4/cocos/2d/CCFontAtlas.h,"(33, 10)-(33, 25)",b'#include <unordered_map>\n'
cocos2d-x-4,../repos/cocos2d-x-4/cocos/2d/CCFontAtlasCache.h,"(32, 10)-(32, 25)",b'#include <unordered_map>\n'
cocos2d-x-4,../repos/cocos2d-x-4/cocos/2d/CCFontFNT.h,"(33, 10)-(33, 15)",b'#include <set>\n'
cocos2d-x-4,../repos/cocos2d-x-4/cocos/2d/CCFontFNT.h,"(34, 10)-(34, 25)",b'#include <unordered_map>\n'
cocos2d-x-4,../repos/cocos2d-x-4/cocos/2d/CCLabelTextFormatter.cpp,"(28, 10)-(28, 18)",b'#include <vector>\n'
cocos2d-x-4,../repos/cocos2d-x-4/cocos/2d/CCLayer.h,"(34, 10)-(34, 18)",b'#include <vector>\n'
cocos2d-x-4,../repos/cocos2d-x-4/cocos/2d/CCMenu.cpp,"(36, 10)-(36, 18)",b'#include <vector>\n'
cocos2d-x-4,../repos/cocos2d-x-4/cocos/2d/CCProgressTimer.h,"(33, 10)-(33, 18)",b'#include <vector>\n'
cocos2d-x-4,../repos/cocos2d-x-4/cocos/2d/CCSpriteBatchNode.h,"(31, 10)-(31, 18)",b'#include <vector>\n'
cocos2d-x-4,../repos/cocos2d-x-4/cocos/2d/CCSpriteFrameCache.cpp,"(33, 10)-(33, 18)",b'#include <vector>\n'
cocos2d-x-4,../repos/cocos2d-x-4/cocos/2d/CCSpriteFrameCache.h,"(34, 10)-(34, 15)",b'#include <set>\n'
cocos2d-x-4,../repos/cocos2d-x-4/cocos/2d/CCSpriteFrameCache.h,"(35, 10)-(35, 25)",b'#include <unordered_map>\n'
cocos2d-x-4,../repos/cocos2d-x-4/cocos/2d/CCTMXXMLParser.cpp,"(31, 10)-(31, 25)",b'#include <unordered_map>\n'
cocos2d-x-4,../repos/cocos2d-x-4/cocos/3d/CC3DProgramInfo.h,"(7, 10)-(7, 25)",b'#include <unordered_map>\n'
cocos2d-x-4,../repos/cocos2d-x-4/cocos/3d/CC3DProgramInfo.h,"(8, 10)-(8, 18)",b'#include <vector>\n'
cocos2d-x-4,../repos/cocos2d-x-4/cocos/3d/CCAnimate3D.h,"(29, 10)-(29, 15)",b'#include <map>\n'
cocos2d-x-4,../repos/cocos2d-x-4/cocos/3d/CCAnimate3D.h,"(30, 10)-(30, 25)",b'#include <unordered_map>\n'
cocos2d-x-4,../repos/cocos2d-x-4/cocos/3d/CCAnimation3D.h,"(29, 10)-(29, 25)",b'#include <unordered_map>\n'
cocos2d-x-4,../repos/cocos2d-x-4/cocos/3d/CCBundle3DData.h,"(36, 10)-(36, 18)",b'#include <vector>\n'
cocos2d-x-4,../repos/cocos2d-x-4/cocos/3d/CCBundle3DData.h,"(37, 10)-(37, 15)",b'#include <map>\n'
cocos2d-x-4,../repos/cocos2d-x-4/cocos/3d/CCBundleReader.h,"(30, 10)-(30, 18)",b'#include <vector>\n'
cocos2d-x-4,../repos/cocos2d-x-4/cocos/3d/CCMesh.h,"(28, 10)-(28, 15)",b'#include <map>\n'
cocos2d-x-4,../repos/cocos2d-x-4/cocos/3d/CCMeshSkin.h,"(33, 10)-(33, 18)",b'#include <vector>\n'
cocos2d-x-4,../repos/cocos2d-x-4/cocos/3d/CCMeshVertexIndexData.cpp,"(26, 10)-(26, 16)",b'#include <list>\n'
cocos2d-x-4,../repos/cocos2d-x-4/cocos/3d/CCMeshVertexIndexData.h,"(28, 10)-(28, 18)",b'#include <vector>\n'
cocos2d-x-4,../repos/cocos2d-x-4/cocos/3d/CCMotionStreak3D.h,"(33, 10)-(33, 18)",b'#include <vector>\n'
cocos2d-x-4,../repos/cocos2d-x-4/cocos/3d/CCObjLoader.cpp,"(32, 10)-(32, 18)",b'#include <vector>\n'
cocos2d-x-4,../repos/cocos2d-x-4/cocos/3d/CCObjLoader.cpp,"(33, 10)-(33, 15)",b'#include <map>\n'
cocos2d-x-4,../repos/cocos2d-x-4/cocos/3d/CCObjLoader.h,"(29, 10)-(29, 18)",b'#include <vector>\n'
cocos2d-x-4,../repos/cocos2d-x-4/cocos/3d/CCObjLoader.h,"(30, 10)-(30, 15)",b'#include <map>\n'
cocos2d-x-4,../repos/cocos2d-x-4/cocos/3d/CCSprite3D.h,"(29, 10)-(29, 25)",b'#include <unordered_map>\n'
cocos2d-x-4,../repos/cocos2d-x-4/cocos/3d/CCSprite3DMaterial.h,"(28, 10)-(28, 25)",b'#include <unordered_map>\n'
cocos2d-x-4,../repos/cocos2d-x-4/cocos/3d/CCTerrain.cpp,"(31, 10)-(31, 15)",b'#include <set>\n'
cocos2d-x-4,../repos/cocos2d-x-4/cocos/3d/CCTerrain.h,"(27, 10)-(27, 18)",b'#include <vector>\n'
cocos2d-x-4,../repos/cocos2d-x-4/cocos/3d/CCVertexAttribBinding.h,"(25, 10)-(25, 25)",b'#include <unordered_map>\n'
cocos2d-x-4,../repos/cocos2d-x-4/cocos/audio/android/AudioEngine-inl.cpp,"(37, 10)-(37, 25)",b'#include <unordered_map>\n'
cocos2d-x-4,../repos/cocos2d-x-4/cocos/audio/android/AudioEngine-inl.h,"(33, 10)-(33, 25)",b'#include <unordered_map>\n'
cocos2d-x-4,../repos/cocos2d-x-4/cocos/audio/android/AudioMixerController.h,"(34, 10)-(34, 18)",b'#include <vector>\n'
cocos2d-x-4,../repos/cocos2d-x-4/cocos/audio/android/AudioPlayerProvider.h,"(32, 10)-(32, 25)",b'#include <unordered_map>\n'
cocos2d-x-4,../repos/cocos2d-x-4/cocos/audio/android/CCThreadPool.h,"(35, 10)-(35, 17)",b'#include <queue>\n'
cocos2d-x-4,../repos/cocos2d-x-4/cocos/audio/android/CCThreadPool.h,"(38, 10)-(38, 18)",b'#include <vector>\n'
cocos2d-x-4,../repos/cocos2d-x-4/cocos/audio/android/mp3reader.cpp,"(35, 10)-(35, 18)",b'#include <vector>\n'
cocos2d-x-4,../repos/cocos2d-x-4/cocos/audio/android/PcmData.h,"(30, 10)-(30, 18)",b'#include <vector>\n'
cocos2d-x-4,../repos/cocos2d-x-4/cocos/audio/android/UrlAudioPlayer.h,"(32, 10)-(32, 18)",b'#include <vector>\n'
cocos2d-x-4,../repos/cocos2d-x-4/cocos/audio/apple/AudioCache.h,"(32, 10)-(32, 18)",b'#include <vector>\n'
cocos2d-x-4,../repos/cocos2d-x-4/cocos/audio/apple/AudioEngine-inl.h,"(27, 10)-(27, 25)",b'#include <unordered_map>\n'
cocos2d-x-4,../repos/cocos2d-x-4/cocos/audio/apple/AudioEngine-inl.h,"(28, 10)-(28, 16)",b'#include <list>\n'
cocos2d-x-4,../repos/cocos2d-x-4/cocos/audio/AudioEngine.cpp,"(30, 10)-(30, 17)",b'#include <queue>\n'
cocos2d-x-4,../repos/cocos2d-x-4/cocos/audio/include/AudioEngine.h,"(28, 10)-(28, 16)",b'#include <list>\n'
cocos2d-x-4,../repos/cocos2d-x-4/cocos/audio/include/AudioEngine.h,"(30, 10)-(30, 25)",b'#include <unordered_map>\n'
cocos2d-x-4,../repos/cocos2d-x-4/cocos/audio/linux/AudioEngine-linux.h,"(34, 10)-(34, 15)",b'#include <map>\n'
cocos2d-x-4,../repos/cocos2d-x-4/cocos/audio/win32/AudioCache.h,"(36, 10)-(36, 18)",b'#include <vector>\n'
cocos2d-x-4,../repos/cocos2d-x-4/cocos/audio/win32/AudioEngine-win32.h,"(27, 10)-(27, 25)",b'#include <unordered_map>\n'
cocos2d-x-4,../repos/cocos2d-x-4/cocos/base/CCAsyncTaskPool.h,"(32, 10)-(32, 18)",b'#include <vector>\n'
cocos2d-x-4,../repos/cocos2d-x-4/cocos/base/CCAsyncTaskPool.h,"(33, 10)-(33, 17)",b'#include <queue>\n'
cocos2d-x-4,../repos/cocos2d-x-4/cocos/base/CCAutoreleasePool.h,"(29, 10)-(29, 18)",b'#include <vector>\n'
cocos2d-x-4,../repos/cocos2d-x-4/cocos/base/CCConsole.h,"(44, 10)-(44, 18)",b'#include <vector>\n'
cocos2d-x-4,../repos/cocos2d-x-4/cocos/base/CCConsole.h,"(45, 10)-(45, 25)",b'#include <unordered_map>\n'
cocos2d-x-4,../repos/cocos2d-x-4/cocos/base/CCController.h,"(32, 10)-(32, 18)",b'#include <vector>\n'
cocos2d-x-4,../repos/cocos2d-x-4/cocos/base/CCController.h,"(33, 10)-(33, 25)",b'#include <unordered_map>\n'
cocos2d-x-4,../repos/cocos2d-x-4/cocos/base/CCDirector.h,"(30, 10)-(30, 17)",b'#include <stack>\n'
cocos2d-x-4,../repos/cocos2d-x-4/cocos/base/CCEventDispatcher.h,"(31, 10)-(31, 25)",b'#include <unordered_map>\n'
cocos2d-x-4,../repos/cocos2d-x-4/cocos/base/CCEventDispatcher.h,"(32, 10)-(32, 18)",b'#include <vector>\n'
cocos2d-x-4,../repos/cocos2d-x-4/cocos/base/CCEventDispatcher.h,"(33, 10)-(33, 15)",b'#include <set>\n'
cocos2d-x-4,../repos/cocos2d-x-4/cocos/base/CCEventListenerTouch.h,"(31, 10)-(31, 18)",b'#include <vector>\n'
cocos2d-x-4,../repos/cocos2d-x-4/cocos/base/CCEventTouch.h,"(30, 10)-(30, 18)",b'#include <vector>\n'
cocos2d-x-4,../repos/cocos2d-x-4/cocos/base/CCIMEDispatcher.cpp,"(29, 10)-(29, 16)",b'#include <list>\n'
cocos2d-x-4,../repos/cocos2d-x-4/cocos/base/CCMap.h,"(33, 10)-(33, 18)",b'#include <vector>\n'
cocos2d-x-4,../repos/cocos2d-x-4/cocos/base/CCMap.h,"(36, 10)-(36, 25)",b'#include <unordered_map>\n'
cocos2d-x-4,../repos/cocos2d-x-4/cocos/base/CCMap.h,"(38, 10)-(38, 15)",b'#include <map>\n'
cocos2d-x-4,../repos/cocos2d-x-4/cocos/base/CCNS.cpp,"(28, 10)-(28, 18)",b'#include <vector>\n'
cocos2d-x-4,../repos/cocos2d-x-4/cocos/base/CCProperties.h,"(30, 10)-(30, 18)",b'#include <vector>\n'
cocos2d-x-4,../repos/cocos2d-x-4/cocos/base/CCRef.cpp,"(36, 10)-(36, 18)",b'#include <vector>\n'
cocos2d-x-4,../repos/cocos2d-x-4/cocos/base/CCScheduler.h,"(34, 10)-(34, 15)",b'#include <set>\n'
cocos2d-x-4,../repos/cocos2d-x-4/cocos/base/CCScriptSupport.h,"(35, 10)-(35, 15)",b'#include <map>\n'
cocos2d-x-4,../repos/cocos2d-x-4/cocos/base/CCScriptSupport.h,"(37, 10)-(37, 16)",b'#include <list>\n'
cocos2d-x-4,../repos/cocos2d-x-4/cocos/base/ccUTF8.h,"(31, 10)-(31, 18)",b'#include <vector>\n'
cocos2d-x-4,../repos/cocos2d-x-4/cocos/base/ccUtils.h,"(29, 10)-(29, 18)",b'#include <vector>\n'
cocos2d-x-4,../repos/cocos2d-x-4/cocos/base/CCValue.h,"(32, 10)-(32, 18)",b'#include <vector>\n'
cocos2d-x-4,../repos/cocos2d-x-4/cocos/base/CCValue.h,"(33, 10)-(33, 25)",b'#include <unordered_map>\n'
cocos2d-x-4,../repos/cocos2d-x-4/cocos/base/CCVector.h,"(32, 10)-(32, 18)",b'#include <vector>\n'
cocos2d-x-4,../repos/cocos2d-x-4/cocos/base/ObjectFactory.h,"(30, 10)-(30, 25)",b'#include <unordered_map>\n'
cocos2d-x-4,../repos/cocos2d-x-4/cocos/base/ZipUtils.cpp,"(40, 10)-(40, 15)",b'#include <set>\n'
cocos2d-x-4,../repos/cocos2d-x-4/cocos/base/ZipUtils.cpp,"(45, 10)-(45, 15)",b'#include <map>\n'
cocos2d-x-4,../repos/cocos2d-x-4/cocos/editor-support/cocostudio/ActionTimeline/CCActionTimelineCache.h,"(29, 10)-(29, 25)",b'#include <unordered_map>\n'
cocos2d-x-4,../repos/cocos2d-x-4/cocos/editor-support/cocostudio/ActionTimeline/CCSkeletonNode.cpp,"(32, 10)-(32, 17)",b'#include <stack>\n'
cocos2d-x-4,../repos/cocos2d-x-4/cocos/editor-support/cocostudio/CCArmatureAnimation.h,"(33, 10)-(33, 17)",b'#include <queue>\n'
cocos2d-x-4,../repos/cocos2d-x-4/cocos/editor-support/cocostudio/CCDataReaderHelper.h,"(38, 10)-(38, 17)",b'#include <queue>\n'
cocos2d-x-4,../repos/cocos2d-x-4/cocos/editor-support/cocostudio/CCSpriteFrameCacheHelper.h,"(32, 10)-(32, 15)",b'#include <map>\n'
cocos2d-x-4,../repos/cocos2d-x-4/cocos/editor-support/cocostudio/CCSpriteFrameCacheHelper.h,"(33, 10)-(33, 18)",b'#include <vector>\n'
cocos2d-x-4,../repos/cocos2d-x-4/cocos/editor-support/cocostudio/FlatBuffersSerialize.h,"(30, 10)-(30, 18)",b'#include <vector>\n'
cocos2d-x-4,../repos/cocos2d-x-4/cocos/editor-support/cocostudio/LocalizationManager.h,"(29, 10)-(29, 25)",b'#include <unordered_map>\n'
cocos2d-x-4,../repos/cocos2d-x-4/cocos/editor-support/spine/Debug.h,"(35, 10)-(35, 15)",b'#include <map>\n'
cocos2d-x-4,../repos/cocos2d-x-4/cocos/editor-support/spine/v3/SkeletonBatch.h,"(37, 10)-(37, 18)",b'#include <vector>\n'
cocos2d-x-4,../repos/cocos2d-x-4/cocos/editor-support/spine/v3/SkeletonTwoColorBatch.h,"(37, 10)-(37, 18)",b'#include <vector>\n'
cocos2d-x-4,../repos/cocos2d-x-4/cocos/editor-support/spine/v4/SkeletonBatch.h,"(37, 10)-(37, 18)",b'#include <vector>\n'
cocos2d-x-4,../repos/cocos2d-x-4/cocos/editor-support/spine/v4/SkeletonTwoColorBatch.h,"(37, 10)-(37, 18)",b'#include <vector>\n'
cocos2d-x-4,../repos/cocos2d-x-4/cocos/navmesh/CCNavMesh.h,"(39, 10)-(39, 18)",b'#include <vector>\n'
cocos2d-x-4,../repos/cocos2d-x-4/cocos/navmesh/CCNavMeshDebugDraw.h,"(41, 10)-(41, 18)",b'#include <vector>\n'
cocos2d-x-4,../repos/cocos2d-x-4/cocos/network/CCDownloader-curl.cpp,"(28, 10)-(28, 15)",b'#include <set>\n'
cocos2d-x-4,../repos/cocos2d-x-4/cocos/network/CCDownloader.h,"(31, 10)-(31, 18)",b'#include <vector>\n'
cocos2d-x-4,../repos/cocos2d-x-4/cocos/network/CCIDownloaderImpl.h,"(29, 10)-(29, 25)",b'#include <unordered_map>\n'
cocos2d-x-4,../repos/cocos2d-x-4/cocos/network/HttpClient-android.cpp,"(33, 10)-(33, 17)",b'#include <queue>\n'
cocos2d-x-4,../repos/cocos2d-x-4/cocos/network/HttpClient.cpp,"(29, 10)-(29, 17)",b'#include <queue>\n'
cocos2d-x-4,../repos/cocos2d-x-4/cocos/network/HttpCookie.h,"(31, 9)-(31, 17)",b'#include<vector>\n'
cocos2d-x-4,../repos/cocos2d-x-4/cocos/network/HttpRequest.h,"(31, 10)-(31, 18)",b'#include <vector>\n'
cocos2d-x-4,../repos/cocos2d-x-4/cocos/network/SocketIO.h,"(64, 10)-(64, 25)",b'#include <unordered_map>\n'
cocos2d-x-4,../repos/cocos2d-x-4/cocos/network/SocketIO.h,"(65, 10)-(65, 18)",b'#include <vector>\n'
cocos2d-x-4,../repos/cocos2d-x-4/cocos/network/Uri.h,"(26, 10)-(26, 18)",b'#include <vector>\n'
cocos2d-x-4,../repos/cocos2d-x-4/cocos/network/WebSocket.cpp,"(41, 10)-(41, 17)",b'#include <queue>\n'
cocos2d-x-4,../repos/cocos2d-x-4/cocos/network/WebSocket.cpp,"(42, 10)-(42, 16)",b'#include <list>\n'
cocos2d-x-4,../repos/cocos2d-x-4/cocos/network/WebSocket.h,"(34, 10)-(34, 18)",b'#include <vector>\n'
cocos2d-x-4,../repos/cocos2d-x-4/cocos/physics/CCPhysicsShape.cpp,"(31, 10)-(31, 25)",b'#include <unordered_map>\n'
cocos2d-x-4,../repos/cocos2d-x-4/cocos/physics/CCPhysicsWorld.h,"(32, 10)-(32, 16)",b'#include <list>\n'
cocos2d-x-4,../repos/cocos2d-x-4/cocos/physics3d/CCPhysics3DObject.h,"(33, 10)-(33, 18)",b'#include <vector>\n'
cocos2d-x-4,../repos/cocos2d-x-4/cocos/platform/android/CCFileUtils-android.h,"(32, 10)-(32, 18)",b'#include <vector>\n'
cocos2d-x-4,../repos/cocos2d-x-4/cocos/platform/android/CCFileUtils-android.h,"(33, 10)-(33, 25)",b'#include <unordered_map>\n'
cocos2d-x-4,../repos/cocos2d-x-4/cocos/platform/android/jni/JniHelper.h,"(31, 10)-(31, 18)",b'#include <vector>\n'
cocos2d-x-4,../repos/cocos2d-x-4/cocos/platform/android/jni/JniHelper.h,"(32, 10)-(32, 25)",b'#include <unordered_map>\n'
cocos2d-x-4,../repos/cocos2d-x-4/cocos/platform/apple/CCFileUtils-apple.h,"(32, 10)-(32, 18)",b'#include <vector>\n'
cocos2d-x-4,../repos/cocos2d-x-4/cocos/platform/CCFileUtils.cpp,"(29, 10)-(29, 17)",b'#include <stack>\n'
cocos2d-x-4,../repos/cocos2d-x-4/cocos/platform/CCFileUtils.h,"(30, 10)-(30, 18)",b'#include <vector>\n'
cocos2d-x-4,../repos/cocos2d-x-4/cocos/platform/CCFileUtils.h,"(31, 10)-(31, 25)",b'#include <unordered_map>\n'
cocos2d-x-4,../repos/cocos2d-x-4/cocos/platform/CCGLView.h,"(33, 10)-(33, 18)",b'#include <vector>\n'
cocos2d-x-4,../repos/cocos2d-x-4/cocos/platform/CCSAXParser.cpp,"(28, 10)-(28, 18)",b'#include <vector> // because its based on win...'
cocos2d-x-4,../repos/cocos2d-x-4/cocos/platform/desktop/CCGLViewImpl-desktop.cpp,"(30, 10)-(30, 25)",b'#include <unordered_map>\n'
cocos2d-x-4,../repos/cocos2d-x-4/cocos/platform/linux/CCDevice-linux.cpp,"(33, 10)-(33, 18)",b'#include <vector>\n'
cocos2d-x-4,../repos/cocos2d-x-4/cocos/platform/linux/CCDevice-linux.cpp,"(34, 10)-(34, 15)",b'#include <map>\n'
cocos2d-x-4,../repos/cocos2d-x-4/cocos/platform/linux/CCFileUtils-linux.h,"(32, 10)-(32, 18)",b'#include <vector>\n'
cocos2d-x-4,../repos/cocos2d-x-4/cocos/platform/win32/CCFileUtils-win32.h,"(32, 10)-(32, 18)",b'#include <vector>\n'
cocos2d-x-4,../repos/cocos2d-x-4/cocos/renderer/backend/CommandBuffer.h,"(39, 10)-(39, 18)",b'#include <vector>\n'
cocos2d-x-4,../repos/cocos2d-x-4/cocos/renderer/backend/metal/BufferManager.h,"(27, 10)-(27, 18)",b'#include <vector>\n'
cocos2d-x-4,../repos/cocos2d-x-4/cocos/renderer/backend/metal/CommandBufferMTL.h,"(30, 10)-(30, 25)",b'#include <unordered_map>\n'
cocos2d-x-4,../repos/cocos2d-x-4/cocos/renderer/backend/metal/RenderPipelineMTL.h,"(30, 10)-(30, 18)",b'#include <vector>\n'
cocos2d-x-4,../repos/cocos2d-x-4/cocos/renderer/backend/metal/ShaderModuleMTL.h,"(31, 10)-(31, 18)",b'#include <vector>\n'
cocos2d-x-4,../repos/cocos2d-x-4/cocos/renderer/backend/metal/ShaderModuleMTL.h,"(33, 10)-(33, 25)",b'#include <unordered_map>\n'
cocos2d-x-4,../repos/cocos2d-x-4/cocos/renderer/backend/opengl/BufferGL.h,"(31, 10)-(31, 18)",b'#include <vector>\n'
cocos2d-x-4,../repos/cocos2d-x-4/cocos/renderer/backend/opengl/CommandBufferGL.h,"(34, 10)-(34, 18)",b'#include <vector>\n'
cocos2d-x-4,../repos/cocos2d-x-4/cocos/renderer/backend/opengl/ProgramGL.h,"(36, 10)-(36, 18)",b'#include <vector>\n'
cocos2d-x-4,../repos/cocos2d-x-4/cocos/renderer/backend/opengl/ProgramGL.h,"(37, 10)-(37, 25)",b'#include <unordered_map>\n'
cocos2d-x-4,../repos/cocos2d-x-4/cocos/renderer/backend/opengl/RenderPipelineGL.h,"(32, 10)-(32, 18)",b'#include <vector>\n'
cocos2d-x-4,../repos/cocos2d-x-4/cocos/renderer/backend/Program.h,"(34, 10)-(34, 18)",b'#include <vector>\n'
cocos2d-x-4,../repos/cocos2d-x-4/cocos/renderer/backend/Program.h,"(35, 10)-(35, 25)",b'#include <unordered_map>\n'
cocos2d-x-4,../repos/cocos2d-x-4/cocos/renderer/backend/ProgramCache.h,"(33, 10)-(33, 25)",b'#include <unordered_map>\n'
cocos2d-x-4,../repos/cocos2d-x-4/cocos/renderer/backend/ProgramState.h,"(27, 10)-(27, 18)",b'#include <vector>\n'
cocos2d-x-4,../repos/cocos2d-x-4/cocos/renderer/backend/ProgramState.h,"(29, 10)-(29, 25)",b'#include <unordered_map>\n'
cocos2d-x-4,../repos/cocos2d-x-4/cocos/renderer/backend/RenderPassDescriptor.h,"(27, 10)-(27, 17)",b'#include <array>\n'
cocos2d-x-4,../repos/cocos2d-x-4/cocos/renderer/backend/RenderPassDescriptor.h,"(28, 10)-(28, 18)",b'#include <vector>\n'
cocos2d-x-4,../repos/cocos2d-x-4/cocos/renderer/backend/RenderPipelineDescriptor.h,"(32, 10)-(32, 18)",b'#include <vector>\n'
cocos2d-x-4,../repos/cocos2d-x-4/cocos/renderer/backend/ShaderCache.h,"(32, 10)-(32, 25)",b'#include <unordered_map>\n'
cocos2d-x-4,../repos/cocos2d-x-4/cocos/renderer/backend/VertexLayout.h,"(33, 10)-(33, 18)",b'#include <vector>\n'
cocos2d-x-4,../repos/cocos2d-x-4/cocos/renderer/backend/VertexLayout.h,"(34, 10)-(34, 25)",b'#include <unordered_map>\n'
cocos2d-x-4,../repos/cocos2d-x-4/cocos/renderer/CCGroupCommand.h,"(30, 10)-(30, 18)",b'#include <vector>\n'
cocos2d-x-4,../repos/cocos2d-x-4/cocos/renderer/CCGroupCommand.h,"(31, 10)-(31, 25)",b'#include <unordered_map>\n'
cocos2d-x-4,../repos/cocos2d-x-4/cocos/renderer/CCMaterial.h,"(33, 10)-(33, 25)",b'#include <unordered_map>\n'
cocos2d-x-4,../repos/cocos2d-x-4/cocos/renderer/CCMeshCommand.h,"(28, 10)-(28, 25)",b'#include <unordered_map>\n'
cocos2d-x-4,../repos/cocos2d-x-4/cocos/renderer/CCQuadCommand.h,"(29, 10)-(29, 18)",b'#include <vector>\n'
cocos2d-x-4,../repos/cocos2d-x-4/cocos/renderer/CCRenderCommandPool.h,"(30, 10)-(30, 16)",b'#include <list>\n'
cocos2d-x-4,../repos/cocos2d-x-4/cocos/renderer/CCRenderer.h,"(27, 10)-(27, 18)",b'#include <vector>\n'
cocos2d-x-4,../repos/cocos2d-x-4/cocos/renderer/CCRenderer.h,"(28, 10)-(28, 17)",b'#include <stack>\n'
cocos2d-x-4,../repos/cocos2d-x-4/cocos/renderer/CCRenderer.h,"(29, 10)-(29, 17)",b'#include <array>\n'
cocos2d-x-4,../repos/cocos2d-x-4/cocos/renderer/CCRenderer.h,"(30, 10)-(30, 17)",b'#include <deque>\n'
cocos2d-x-4,../repos/cocos2d-x-4/cocos/renderer/CCTexture2D.h,"(31, 10)-(31, 15)",b'#include <map>\n'
cocos2d-x-4,../repos/cocos2d-x-4/cocos/renderer/CCTexture2D.h,"(32, 10)-(32, 25)",b'#include <unordered_map>\n'
cocos2d-x-4,../repos/cocos2d-x-4/cocos/renderer/CCTextureCache.cpp,"(32, 10)-(32, 17)",b'#include <stack>\n'
cocos2d-x-4,../repos/cocos2d-x-4/cocos/renderer/CCTextureCache.cpp,"(34, 10)-(34, 16)",b'#include <list>\n'
cocos2d-x-4,../repos/cocos2d-x-4/cocos/renderer/CCTextureCache.h,"(35, 10)-(35, 17)",b'#include <queue>\n'
cocos2d-x-4,../repos/cocos2d-x-4/cocos/renderer/CCTextureCache.h,"(37, 10)-(37, 25)",b'#include <unordered_map>\n'
cocos2d-x-4,../repos/cocos2d-x-4/cocos/renderer/CCTextureCache.h,"(45, 14)-(45, 20)",b'#include <list>\n'
cocos2d-x-4,../repos/cocos2d-x-4/cocos/renderer/CCTextureCube.h,"(33, 10)-(33, 25)",b'#include <unordered_map>\n'
cocos2d-x-4,../repos/cocos2d-x-4/cocos/scripting/deprecated/CCArray.h,"(35, 10)-(35, 18)",b'#include <vector>\n'
cocos2d-x-4,../repos/cocos2d-x-4/cocos/scripting/deprecated/CCSet.h,"(31, 10)-(31, 15)",b'#include <set>\n'
cocos2d-x-4,../repos/cocos2d-x-4/cocos/scripting/lua-bindings/manual/CCComponentLua.h,"(29, 10)-(29, 25)",b'#include <unordered_map>\n'
cocos2d-x-4,../repos/cocos2d-x-4/cocos/scripting/lua-bindings/manual/CCLuaBridge.h,"(30, 10)-(30, 15)",b'#include <map>\n'
cocos2d-x-4,../repos/cocos2d-x-4/cocos/scripting/lua-bindings/manual/CCLuaValue.h,"(31, 10)-(31, 15)",b'#include <map>\n'
cocos2d-x-4,../repos/cocos2d-x-4/cocos/scripting/lua-bindings/manual/CCLuaValue.h,"(32, 10)-(32, 16)",b'#include <list>\n'
cocos2d-x-4,../repos/cocos2d-x-4/cocos/scripting/lua-bindings/manual/cocos2d/LuaScriptHandlerMgr.cpp,"(26, 10)-(26, 15)",b'#include <map>\n'
cocos2d-x-4,../repos/cocos2d-x-4/cocos/scripting/lua-bindings/manual/cocos2d/LuaScriptHandlerMgr.h,"(37, 10)-(37, 18)",b'#include <vector>\n'
cocos2d-x-4,../repos/cocos2d-x-4/cocos/scripting/lua-bindings/manual/cocos2d/LuaScriptHandlerMgr.h,"(38, 10)-(38, 15)",b'#include <map>\n'
cocos2d-x-4,../repos/cocos2d-x-4/cocos/scripting/lua-bindings/manual/LuaBasicConversions.h,"(28, 10)-(28, 25)",b'#include <unordered_map>\n'
cocos2d-x-4,../repos/cocos2d-x-4/cocos/scripting/lua-bindings/manual/network/lua_downloader.cpp,"(30, 10)-(30, 25)",b'#include <unordered_map>\n'
cocos2d-x-4,../repos/cocos2d-x-4/cocos/scripting/lua-bindings/manual/network/Lua_web_socket.cpp,"(28, 10)-(28, 15)",b'#include <map>\n'
cocos2d-x-4,../repos/cocos2d-x-4/cocos/scripting/lua-bindings/manual/network/lua_xml_http_request.cpp,"(34, 10)-(34, 25)",b'#include <unordered_map>\n'
cocos2d-x-4,../repos/cocos2d-x-4/cocos/scripting/lua-bindings/manual/platform/android/CCLuaJavaBridge.h,"(31, 10)-(31, 18)",b'#include <vector>\n'
cocos2d-x-4,../repos/cocos2d-x-4/cocos/ui/UIRichText.cpp,"(29, 10)-(29, 18)",b'#include <vector>\n'
cocos2d-x-4,../repos/cocos2d-x-4/cocos/ui/UIScrollView.h,"(31, 10)-(31, 16)",b'#include <list>\n'
cocos2d-x-4,../repos/cocos2d-x-4/cocos/ui/UIVideoPlayer-android.cpp,"(29, 10)-(29, 25)",b'#include <unordered_map>\n'
cocos2d-x-4,../repos/cocos2d-x-4/cocos/ui/UIWebView/UIWebViewImpl-android.cpp,"(27, 10)-(27, 25)",b'#include <unordered_map>\n'
cocos2d-x-4,../repos/cocos2d-x-4/extensions/assets-manager/AssetsManagerEx.h,"(30, 10)-(30, 25)",b'#include <unordered_map>\n'
cocos2d-x-4,../repos/cocos2d-x-4/extensions/assets-manager/AssetsManagerEx.h,"(31, 10)-(31, 18)",b'#include <vector>\n'
cocos2d-x-4,../repos/cocos2d-x-4/extensions/assets-manager/Manifest.h,"(30, 10)-(30, 25)",b'#include <unordered_map>\n'
cocos2d-x-4,../repos/cocos2d-x-4/extensions/assets-manager/Manifest.h,"(31, 10)-(31, 18)",b'#include <vector>\n'
cocos2d-x-4,../repos/cocos2d-x-4/extensions/GUI/CCScrollView/CCTableView.h,"(34, 10)-(34, 15)",b'#include <set>\n'
cocos2d-x-4,../repos/cocos2d-x-4/extensions/GUI/CCScrollView/CCTableView.h,"(35, 10)-(35, 18)",b'#include <vector>\n'
cocos2d-x-4,../repos/cocos2d-x-4/extensions/Particle3D/CCParticle3DAffector.h,"(30, 10)-(30, 18)",b'#include <vector>\n'
cocos2d-x-4,../repos/cocos2d-x-4/extensions/Particle3D/CCParticle3DEmitter.h,"(30, 10)-(30, 18)",b'#include <vector>\n'
cocos2d-x-4,../repos/cocos2d-x-4/extensions/Particle3D/CCParticle3DRender.h,"(28, 10)-(28, 18)",b'#include <vector>\n'
cocos2d-x-4,../repos/cocos2d-x-4/extensions/Particle3D/CCParticleSystem3D.h,"(31, 10)-(31, 18)",b'#include <vector>\n'
cocos2d-x-4,../repos/cocos2d-x-4/extensions/Particle3D/CCParticleSystem3D.h,"(32, 10)-(32, 15)",b'#include <map>\n'
cocos2d-x-4,../repos/cocos2d-x-4/extensions/Particle3D/CCParticleSystem3D.h,"(33, 10)-(33, 16)",b'#include <list>\n'
cocos2d-x-4,../repos/cocos2d-x-4/extensions/Particle3D/PU/CCPUAffector.h,"(33, 10)-(33, 18)",b'#include <vector>\n'
cocos2d-x-4,../repos/cocos2d-x-4/extensions/Particle3D/PU/CCPUBeamRender.h,"(36, 10)-(36, 18)",b'#include <vector>\n'
cocos2d-x-4,../repos/cocos2d-x-4/extensions/Particle3D/PU/CCPUBehaviour.h,"(33, 10)-(33, 18)",b'#include <vector>\n'
cocos2d-x-4,../repos/cocos2d-x-4/extensions/Particle3D/PU/CCPUBillboardChain.h,"(29, 10)-(29, 18)",b'#include <vector>\n'
cocos2d-x-4,../repos/cocos2d-x-4/extensions/Particle3D/PU/CCPUColorAffector.h,"(33, 10)-(33, 15)",b'#include <map>\n'
cocos2d-x-4,../repos/cocos2d-x-4/extensions/Particle3D/PU/CCPUDoAffectorEventHandler.h,"(33, 10)-(33, 18)",b'#include <vector>\n'
cocos2d-x-4,../repos/cocos2d-x-4/extensions/Particle3D/PU/CCPUDoEnableComponentEventHandler.h,"(34, 10)-(34, 18)",b'#include <vector>\n'
cocos2d-x-4,../repos/cocos2d-x-4/extensions/Particle3D/PU/CCPUDoExpireEventHandler.h,"(33, 10)-(33, 18)",b'#include <vector>\n'
cocos2d-x-4,../repos/cocos2d-x-4/extensions/Particle3D/PU/CCPUDoFreezeEventHandler.h,"(33, 10)-(33, 18)",b'#include <vector>\n'
cocos2d-x-4,../repos/cocos2d-x-4/extensions/Particle3D/PU/CCPUDoPlacementParticleEventHandler.h,"(34, 10)-(34, 18)",b'#include <vector>\n'
cocos2d-x-4,../repos/cocos2d-x-4/extensions/Particle3D/PU/CCPUDoScaleEventHandler.h,"(33, 10)-(33, 18)",b'#include <vector>\n'
cocos2d-x-4,../repos/cocos2d-x-4/extensions/Particle3D/PU/CCPUDoStopSystemEventHandler.h,"(33, 10)-(33, 18)",b'#include <vector>\n'
cocos2d-x-4,../repos/cocos2d-x-4/extensions/Particle3D/PU/CCPUDynamicAttribute.h,"(33, 10)-(33, 18)",b'#include <vector>\n'
cocos2d-x-4,../repos/cocos2d-x-4/extensions/Particle3D/PU/CCPUEmitter.h,"(35, 10)-(35, 18)",b'#include <vector>\n'
cocos2d-x-4,../repos/cocos2d-x-4/extensions/Particle3D/PU/CCPUEventHandler.h,"(32, 10)-(32, 18)",b'#include <vector>\n'
cocos2d-x-4,../repos/cocos2d-x-4/extensions/Particle3D/PU/CCPUListener.h,"(32, 10)-(32, 18)",b'#include <vector>\n'
cocos2d-x-4,../repos/cocos2d-x-4/extensions/Particle3D/PU/CCPUMaterialManager.h,"(31, 10)-(31, 18)",b'#include <vector>\n'
cocos2d-x-4,../repos/cocos2d-x-4/extensions/Particle3D/PU/CCPUObserver.h,"(33, 10)-(33, 18)",b'#include <vector>\n'
cocos2d-x-4,../repos/cocos2d-x-4/extensions/Particle3D/PU/CCPUOnClearObserver.h,"(33, 10)-(33, 18)",b'#include <vector>\n'
cocos2d-x-4,../repos/cocos2d-x-4/extensions/Particle3D/PU/CCPUOnCollisionObserver.h,"(33, 10)-(33, 18)",b'#include <vector>\n'
cocos2d-x-4,../repos/cocos2d-x-4/extensions/Particle3D/PU/CCPUOnCountObserver.h,"(33, 10)-(33, 18)",b'#include <vector>\n'
cocos2d-x-4,../repos/cocos2d-x-4/extensions/Particle3D/PU/CCPUOnEmissionObserver.h,"(33, 10)-(33, 18)",b'#include <vector>\n'
cocos2d-x-4,../repos/cocos2d-x-4/extensions/Particle3D/PU/CCPUOnEventFlagObserver.h,"(33, 10)-(33, 18)",b'#include <vector>\n'
cocos2d-x-4,../repos/cocos2d-x-4/extensions/Particle3D/PU/CCPUOnExpireObserver.h,"(33, 10)-(33, 18)",b'#include <vector>\n'
cocos2d-x-4,../repos/cocos2d-x-4/extensions/Particle3D/PU/CCPUOnPositionObserver.h,"(33, 10)-(33, 18)",b'#include <vector>\n'
cocos2d-x-4,../repos/cocos2d-x-4/extensions/Particle3D/PU/CCPUOnQuotaObserver.h,"(33, 10)-(33, 18)",b'#include <vector>\n'
cocos2d-x-4,../repos/cocos2d-x-4/extensions/Particle3D/PU/CCPUOnRandomObserver.h,"(33, 10)-(33, 18)",b'#include <vector>\n'
cocos2d-x-4,../repos/cocos2d-x-4/extensions/Particle3D/PU/CCPUOnTimeObserver.h,"(33, 10)-(33, 18)",b'#include <vector>\n'
cocos2d-x-4,../repos/cocos2d-x-4/extensions/Particle3D/PU/CCPUOnVelocityObserver.h,"(33, 10)-(33, 18)",b'#include <vector>\n'
cocos2d-x-4,../repos/cocos2d-x-4/extensions/Particle3D/PU/CCPUParticleSystem3D.h,"(34, 10)-(34, 18)",b'#include <vector>\n'
cocos2d-x-4,../repos/cocos2d-x-4/extensions/Particle3D/PU/CCPUParticleSystem3D.h,"(35, 10)-(35, 15)",b'#include <map>\n'
cocos2d-x-4,../repos/cocos2d-x-4/extensions/Particle3D/PU/CCPUPlane.h,"(33, 10)-(33, 18)",b'#include <vector>\n'
cocos2d-x-4,../repos/cocos2d-x-4/extensions/Particle3D/PU/CCPURender.h,"(29, 10)-(29, 18)",b'#include <vector>\n'
cocos2d-x-4,../repos/cocos2d-x-4/extensions/Particle3D/PU/CCPURibbonTrail.h,"(33, 10)-(33, 18)",b'#include <vector>\n'
cocos2d-x-4,../repos/cocos2d-x-4/extensions/Particle3D/PU/CCPURibbonTrail.h,"(34, 10)-(34, 25)",b'#include <unordered_map>\n'
cocos2d-x-4,../repos/cocos2d-x-4/extensions/Particle3D/PU/CCPURibbonTrailRender.h,"(37, 10)-(37, 18)",b'#include <vector>\n'
cocos2d-x-4,../repos/cocos2d-x-4/extensions/Particle3D/PU/CCPUScriptCompiler.h,"(32, 10)-(32, 16)",b'#include <list>\n'
cocos2d-x-4,../repos/cocos2d-x-4/extensions/Particle3D/PU/CCPUScriptCompiler.h,"(33, 10)-(33, 25)",b'#include <unordered_map>\n'
cocos2d-x-4,../repos/cocos2d-x-4/extensions/Particle3D/PU/CCPUScriptLexer.h,"(31, 10)-(31, 18)",b'#include <vector>\n'
cocos2d-x-4,../repos/cocos2d-x-4/extensions/Particle3D/PU/CCPUScriptParser.h,"(33, 10)-(33, 16)",b'#include <list>\n'
cocos2d-x-4,../repos/cocos2d-x-4/extensions/Particle3D/PU/CCPUScriptParser.h,"(34, 10)-(34, 15)",b'#include <map>\n'
cocos2d-x-4,../repos/cocos2d-x-4/extensions/Particle3D/PU/CCPUSimpleSpline.h,"(32, 10)-(32, 18)",b'#include <vector>\n'
cocos2d-x-4,../repos/cocos2d-x-4/extensions/Particle3D/PU/CCPUSlaveBehaviour.h,"(34, 10)-(34, 18)",b'#include <vector>\n'
cocos2d-x-4,../repos/cocos2d-x-4/extensions/Particle3D/PU/CCPUSphere.h,"(33, 10)-(33, 18)",b'#include <vector>\n'
cocos2d-x-4,../repos/cocos2d-x-4/extensions/Particle3D/PU/CCPUUtil.h,"(32, 10)-(32, 18)",b'#include <vector>\n'
cocos2d-x-4,../repos/cocos2d-x-4/extensions/Particle3D/PU/CCPUVertexEmitter.h,"(32, 10)-(32, 16)",b'#include <list>\n'
cocos2d-x-4,../repos/cocos2d-x-4/tests/cpp-empty-test/Classes/AppDelegate.cpp,"(27, 10)-(27, 18)",b'#include <vector>\n'
cocos2d-x-4,../repos/cocos2d-x-4/tests/cpp-tests/Classes/ClippingNodeTest/ClippingNodeTest.h,"(28, 10)-(28, 16)",b'#include <list>\n'
cocos2d-x-4,../repos/cocos2d-x-4/tests/cpp-tests/Classes/MaterialSystemTest/MaterialSystemTest.h,"(32, 10)-(32, 18)",b'#include <vector>\n'
cocos2d-x-4,../repos/cocos2d-x-4/tests/cpp-tests/Classes/PhysicsTest/PhysicsTest.h,"(27, 10)-(27, 15)",b'#include <map>\n'
cocos2d-x-4,../repos/cocos2d-x-4/tests/cpp-tests/Classes/UserDefaultTest/UserDefaultTest.cpp,"(28, 10)-(28, 18)",b'#include <vector>\n'
cocos2d-x-4,../repos/cocos2d-x-4/tests/performance-tests/Classes/Profile.h,"(29, 10)-(29, 18)",b'#include <vector>\n'
cocos2d-x-4,../repos/cocos2d-x-4/tests/performance-tests/Classes/tests/PerformanceSpriteTest.h,"(32, 10)-(32, 18)",b'#include <vector>\n'
