Repo name,File name,Location,Content
cocos2d-x-4,../repos/cocos2d-x-4/cocos/2d/CCCameraBackgroundBrush.h,"(45, 1)-(48, 2)",b'namespace backend {\n    class ProgramState;\n ...'
cocos2d-x-4,../repos/cocos2d-x-4/cocos/2d/CCFastTMXLayer.h,"(43, 1)-(46, 2)",b'namespace backend\n{\n    class Buffer;\n}'
cocos2d-x-4,../repos/cocos2d-x-4/cocos/2d/CCNode.h,"(65, 1)-(67, 2)",b'namespace backend{\n    class ProgramState;\n}'
cocos2d-x-4,../repos/cocos2d-x-4/cocos/2d/CCProgressTimer.cpp,"(45, 1)-(92, 2)",b'namespace\n{\n    backend::ProgramState* initPi...'
cocos2d-x-4,../repos/cocos2d-x-4/cocos/3d/CC3DProgramInfo.cpp,"(9, 5)-(50, 6)",b'namespace shader {\n        const char* SHADER...'
cocos2d-x-4,../repos/cocos2d-x-4/cocos/3d/CC3DProgramInfo.cpp,"(52, 5)-(70, 6)",b'namespace uniform {\n        // uniform names\n...'
cocos2d-x-4,../repos/cocos2d-x-4/cocos/3d/CC3DProgramInfo.cpp,"(72, 5)-(85, 6)",b'namespace attribute {\n        // Attribute na...'
cocos2d-x-4,../repos/cocos2d-x-4/cocos/3d/CC3DProgramInfo.h,"(82, 5)-(188, 6)",b'namespace shader {\n\n        extern const char...'
cocos2d-x-4,../repos/cocos2d-x-4/cocos/3d/CC3DProgramInfo.h,"(190, 5)-(233, 6)",b'namespace uniform {\n        /**\n        @name...'
cocos2d-x-4,../repos/cocos2d-x-4/cocos/3d/CC3DProgramInfo.h,"(235, 5)-(264, 6)",b'namespace attribute {\n        /**\n        @na...'
cocos2d-x-4,../repos/cocos2d-x-4/cocos/3d/CCMesh.h,"(54, 1)-(57, 2)",b'namespace backend\n{\n    class Buffer;\n}'
cocos2d-x-4,../repos/cocos2d-x-4/cocos/3d/CCObjLoader.cpp,"(41, 1)-(904, 2)",b'namespace tinyobj {\n    \n#define TINYOBJ_SSCA...'
cocos2d-x-4,../repos/cocos2d-x-4/cocos/3d/CCObjLoader.h,"(32, 1)-(111, 2)",b'namespace tinyobj {\n    \n    typedef struct {...'
cocos2d-x-4,../repos/cocos2d-x-4/cocos/3d/CCSprite3DMaterial.h,"(43, 1)-(46, 2)",b'namespace backend\n{\n    class ProgramState;\n}'
cocos2d-x-4,../repos/cocos2d-x-4/cocos/audio/android/AssetFd.cpp,"(31, 1)-(48, 2)",b'namespace cocos2d {\n\nAssetFd::AssetFd(int ass...'
cocos2d-x-4,../repos/cocos2d-x-4/cocos/audio/android/AssetFd.h,"(29, 1)-(42, 2)",b'namespace cocos2d {\n\nclass AssetFd\n{\npublic:\n...'
cocos2d-x-4,../repos/cocos2d-x-4/cocos/audio/android/AudioBufferProvider.h,"(23, 1)-(80, 2)",b'namespace cocos2d {\n// ----------------------...'
cocos2d-x-4,../repos/cocos2d-x-4/cocos/audio/android/AudioDecoder.cpp,"(37, 1)-(294, 2)",b'namespace cocos2d {\n\nsize_t AudioDecoder::fil...'
cocos2d-x-4,../repos/cocos2d-x-4/cocos/audio/android/AudioDecoder.h,"(32, 1)-(64, 2)",b'namespace cocos2d {\n\nclass AudioDecoder\n{\npub...'
cocos2d-x-4,../repos/cocos2d-x-4/cocos/audio/android/AudioDecoderMp3.cpp,"(32, 1)-(83, 2)",b'namespace cocos2d {\n\nAudioDecoderMp3::AudioDe...'
cocos2d-x-4,../repos/cocos2d-x-4/cocos/audio/android/AudioDecoderMp3.h,"(30, 1)-(43, 2)",b'namespace cocos2d {\n\nclass AudioDecoderMp3 : ...'
cocos2d-x-4,../repos/cocos2d-x-4/cocos/audio/android/AudioDecoderOgg.cpp,"(31, 1)-(113, 2)",b'namespace cocos2d {\n\nAudioDecoderOgg::AudioDe...'
cocos2d-x-4,../repos/cocos2d-x-4/cocos/audio/android/AudioDecoderOgg.h,"(32, 1)-(46, 2)",b'namespace cocos2d {\n\nclass AudioDecoderOgg : ...'
cocos2d-x-4,../repos/cocos2d-x-4/cocos/audio/android/AudioDecoderProvider.cpp,"(34, 1)-(93, 2)",b'namespace cocos2d {\n\nAudioDecoder* AudioDecod...'
cocos2d-x-4,../repos/cocos2d-x-4/cocos/audio/android/AudioDecoderProvider.h,"(30, 1)-(41, 2)",b'namespace cocos2d {\n\nclass AudioDecoder;\n\ncla...'
cocos2d-x-4,../repos/cocos2d-x-4/cocos/audio/android/AudioDecoderSLES.cpp,"(31, 1)-(646, 2)",b'namespace cocos2d {\n\n/* Explicitly requesting...'
cocos2d-x-4,../repos/cocos2d-x-4/cocos/audio/android/AudioDecoderSLES.h,"(32, 1)-(97, 2)",b'namespace cocos2d {\n\nclass AudioDecoderSLES :...'
cocos2d-x-4,../repos/cocos2d-x-4/cocos/audio/android/AudioDecoderWav.cpp,"(32, 1)-(113, 2)",b'namespace cocos2d {\n\nAudioDecoderWav::AudioDe...'
cocos2d-x-4,../repos/cocos2d-x-4/cocos/audio/android/AudioDecoderWav.h,"(30, 1)-(47, 2)",b'namespace cocos2d {\n\nclass AudioDecoderWav : ...'
cocos2d-x-4,../repos/cocos2d-x-4/cocos/audio/android/AudioMixer.cpp,"(76, 1)-(2101, 2)",b'namespace cocos2d {\n\n// ---------------------...'
cocos2d-x-4,../repos/cocos2d-x-4/cocos/audio/android/AudioMixer.h,"(33, 1)-(389, 2)",b'namespace cocos2d {\n\n// ---------------------...'
cocos2d-x-4,../repos/cocos2d-x-4/cocos/audio/android/AudioMixerController.cpp,"(36, 1)-(351, 2)",b'namespace cocos2d {\n\nAudioMixerController::Au...'
cocos2d-x-4,../repos/cocos2d-x-4/cocos/audio/android/AudioMixerController.h,"(36, 1)-(88, 2)",b'namespace cocos2d {\n\nclass Track;\nclass Audio...'
cocos2d-x-4,../repos/cocos2d-x-4/cocos/audio/android/AudioMixerOps.h,"(21, 1)-(449, 2)",b'namespace cocos2d {\n\n/* Behavior of is_same<>...'
cocos2d-x-4,../repos/cocos2d-x-4/cocos/audio/android/AudioPlayerProvider.cpp,"(43, 1)-(519, 2)",b'namespace cocos2d {\n\nstatic int getSystemAPIL...'
cocos2d-x-4,../repos/cocos2d-x-4/cocos/audio/android/AudioPlayerProvider.h,"(36, 1)-(127, 2)",b'namespace cocos2d {\n// Manage PcmAudioPlayer&...'
cocos2d-x-4,../repos/cocos2d-x-4/cocos/audio/android/AudioResampler.cpp,"(42, 1)-(788, 2)",b'namespace cocos2d {\n\n// ---------------------...'
cocos2d-x-4,../repos/cocos2d-x-4/cocos/audio/android/AudioResampler.h,"(34, 1)-(181, 2)",b'namespace cocos2d {\n\n\nclass AudioResampler {\n...'
cocos2d-x-4,../repos/cocos2d-x-4/cocos/audio/android/AudioResamplerCubic.cpp,"(27, 1)-(191, 2)",b'namespace cocos2d {\n// ----------------------...'
cocos2d-x-4,../repos/cocos2d-x-4/cocos/audio/android/AudioResamplerCubic.h,"(25, 1)-(65, 2)",b'namespace cocos2d {\n// ----------------------...'
cocos2d-x-4,../repos/cocos2d-x-4/cocos/audio/android/AudioResamplerPublic.h,"(22, 1)-(172, 2)",b'namespace cocos2d {\n\n// AUDIO_RESAMPLER_DOWN_...'
cocos2d-x-4,../repos/cocos2d-x-4/cocos/audio/android/ccdandroidUtils.cpp,"(36, 1)-(50, 2)",b'namespace CocosDenshion {\n    namespace andro...'
cocos2d-x-4,../repos/cocos2d-x-4/cocos/audio/android/ccdandroidUtils.cpp,"(37, 5)-(49, 6)",b'namespace android {\n        std::string getFu...'
cocos2d-x-4,../repos/cocos2d-x-4/cocos/audio/android/ccdandroidUtils.h,"(31, 1)-(35, 2)",b'namespace CocosDenshion {\n    namespace andro...'
cocos2d-x-4,../repos/cocos2d-x-4/cocos/audio/android/ccdandroidUtils.h,"(32, 5)-(34, 6)",b'namespace android {\n        std::string getFu...'
cocos2d-x-4,../repos/cocos2d-x-4/cocos/audio/android/CCThreadPool.cpp,"(41, 1)-(443, 2)",b'namespace cocos2d {\n\n#define DEFAULT_THREAD_P...'
cocos2d-x-4,../repos/cocos2d-x-4/cocos/audio/android/CCThreadPool.h,"(41, 1)-(237, 2)",b'namespace cocos2d {\n\n/**\n * @addtogroup base\n...'
cocos2d-x-4,../repos/cocos2d-x-4/cocos/audio/android/IAudioPlayer.h,"(30, 1)-(89, 2)",b'namespace cocos2d {\n\nclass IAudioPlayer\n{\npub...'
cocos2d-x-4,../repos/cocos2d-x-4/cocos/audio/android/ICallerThreadUtils.h,"(30, 1)-(42, 2)",b'namespace cocos2d {\n\nclass ICallerThreadUtils...'
cocos2d-x-4,../repos/cocos2d-x-4/cocos/audio/android/IVolumeProvider.h,"(29, 1)-(45, 2)",b'namespace cocos2d {\n\nclass IVolumeProvider\n{\n...'
cocos2d-x-4,../repos/cocos2d-x-4/cocos/audio/android/PcmAudioPlayer.cpp,"(33, 1)-(226, 2)",b'namespace cocos2d {\n\nPcmAudioPlayer::PcmAudio...'
cocos2d-x-4,../repos/cocos2d-x-4/cocos/audio/android/PcmAudioPlayer.h,"(32, 1)-(98, 2)",b'namespace cocos2d {\n\nclass ICallerThreadUtils...'
cocos2d-x-4,../repos/cocos2d-x-4/cocos/audio/android/PcmAudioService.cpp,"(31, 1)-(200, 2)",b'namespace cocos2d {\n\nstatic std::vector<char>...'
cocos2d-x-4,../repos/cocos2d-x-4/cocos/audio/android/PcmAudioService.h,"(35, 1)-(82, 2)",b'namespace cocos2d {\n\nclass AudioMixerControll...'
cocos2d-x-4,../repos/cocos2d-x-4/cocos/audio/android/PcmBufferProvider.cpp,"(38, 1)-(102, 2)",b'namespace cocos2d {\n\nPcmBufferProvider::PcmBu...'
cocos2d-x-4,../repos/cocos2d-x-4/cocos/audio/android/PcmBufferProvider.h,"(33, 1)-(52, 2)",b'namespace cocos2d {\n\nclass PcmBufferProvider ...'
cocos2d-x-4,../repos/cocos2d-x-4/cocos/audio/android/PcmData.cpp,"(31, 1)-(139, 2)",b'namespace cocos2d {\n\nPcmData::PcmData()\n{\n// ...'
cocos2d-x-4,../repos/cocos2d-x-4/cocos/audio/android/PcmData.h,"(33, 1)-(66, 2)",b'namespace cocos2d {\n\nstruct PcmData\n{\n    std...'
cocos2d-x-4,../repos/cocos2d-x-4/cocos/audio/android/Track.cpp,"(33, 1)-(106, 2)",b'namespace cocos2d {\n\nTrack::Track(const PcmDa...'
cocos2d-x-4,../repos/cocos2d-x-4/cocos/audio/android/Track.h,"(35, 1)-(107, 2)",b'namespace cocos2d {\n\nclass Track : public Pcm...'
cocos2d-x-4,../repos/cocos2d-x-4/cocos/audio/android/UrlAudioPlayer.cpp,"(34, 1)-(40, 2)",b'namespace {\n\nstd::mutex __playerContainerMute...'
cocos2d-x-4,../repos/cocos2d-x-4/cocos/audio/android/UrlAudioPlayer.cpp,"(42, 1)-(424, 2)",b'namespace cocos2d {\n\nclass SLUrlAudioPlayerCa...'
cocos2d-x-4,../repos/cocos2d-x-4/cocos/audio/android/UrlAudioPlayer.h,"(36, 1)-(135, 2)",b'namespace cocos2d {\n\nclass ICallerThreadUtils...'
cocos2d-x-4,../repos/cocos2d-x-4/cocos/audio/android/utils/Errors.h,"(23, 1)-(84, 2)",b'namespace cocos2d {\n\n// use this type to retu...'
cocos2d-x-4,../repos/cocos2d-x-4/cocos/audio/android/utils/Utils.cpp,"(28, 1)-(35, 2)",b'namespace cocos2d {\n\nint getSDKVersion()\n{\n  ...'
cocos2d-x-4,../repos/cocos2d-x-4/cocos/audio/android/utils/Utils.h,"(28, 1)-(30, 2)",b'namespace cocos2d {\n\textern int getSDKVersion();\n}'
cocos2d-x-4,../repos/cocos2d-x-4/cocos/audio/apple/AudioDecoder.h,"(31, 1)-(120, 2)",b'namespace cocos2d {\n\n/**\n * @brief The class ...'
cocos2d-x-4,../repos/cocos2d-x-4/cocos/audio/win32/AudioCache.cpp,"(47, 1)-(49, 2)",b'namespace {\nunsigned int __idIndex = 0;\n}'
cocos2d-x-4,../repos/cocos2d-x-4/cocos/audio/win32/AudioDecoder.cpp,"(32, 1)-(92, 2)",b'namespace cocos2d {\n\nAudioDecoder::AudioDecod...'
cocos2d-x-4,../repos/cocos2d-x-4/cocos/audio/win32/AudioDecoder.h,"(32, 1)-(120, 2)",b'namespace cocos2d {\n\n/**\n * @brief The class ...'
cocos2d-x-4,../repos/cocos2d-x-4/cocos/audio/win32/AudioDecoderManager.cpp,"(36, 1)-(70, 2)",b'namespace cocos2d {\n\nstatic bool __mp3Inited ...'
cocos2d-x-4,../repos/cocos2d-x-4/cocos/audio/win32/AudioDecoderManager.h,"(28, 1)-(41, 2)",b'namespace cocos2d {\n\nclass AudioDecoder;\n\ncla...'
cocos2d-x-4,../repos/cocos2d-x-4/cocos/audio/win32/AudioDecoderMp3.cpp,"(35, 1)-(184, 2)",b'namespace cocos2d {\n\n    static bool __mp3Ini...'
cocos2d-x-4,../repos/cocos2d-x-4/cocos/audio/win32/AudioDecoderMp3.h,"(32, 1)-(86, 2)",b'namespace cocos2d {\n\n/**\n * @brief The class ...'
cocos2d-x-4,../repos/cocos2d-x-4/cocos/audio/win32/AudioDecoderOgg.cpp,"(32, 1)-(87, 2)",b'namespace cocos2d {\n\n    AudioDecoderOgg::Aud...'
cocos2d-x-4,../repos/cocos2d-x-4/cocos/audio/win32/AudioDecoderOgg.h,"(32, 1)-(82, 2)",b'namespace cocos2d {\n\n/**\n * @brief The class ...'
cocos2d-x-4,../repos/cocos2d-x-4/cocos/audio/win32/AudioPlayer.cpp,"(42, 1)-(44, 2)",b'namespace {\nunsigned int __idIndex = 0;\n}'
cocos2d-x-4,../repos/cocos2d-x-4/cocos/audio/win32/MciPlayer.cpp,"(32, 1)-(261, 2)",b'namespace CocosDenshion {\n\nstatic HINSTANCE s...'
cocos2d-x-4,../repos/cocos2d-x-4/cocos/audio/win32/MciPlayer.h,"(34, 1)-(101, 2)",b'namespace CocosDenshion {\n\nclass MciPlayer\n{\n...'
cocos2d-x-4,../repos/cocos2d-x-4/cocos/base/base64.cpp,"(31, 1)-(175, 2)",b'namespace cocos2d {\n\nunsigned char alphabet[]...'
cocos2d-x-4,../repos/cocos2d-x-4/cocos/base/base64.h,"(33, 1)-(59, 2)",b'namespace cocos2d {\n\n/** @file\n base64 helper...'
cocos2d-x-4,../repos/cocos2d-x-4/cocos/base/CCConsole.cpp,"(76, 1)-(120, 2)",b'namespace {\n#if defined(__MINGW32__)\n    // i...'
cocos2d-x-4,../repos/cocos2d-x-4/cocos/base/ccConstants.h,"(47, 1)-(63, 2)",b'namespace GLTexParamConst\n{\n    const int NEA...'
cocos2d-x-4,../repos/cocos2d-x-4/cocos/base/CCEnumClass.h,"(5, 1)-(64, 2)",b'namespace cocos2d{\n\ntemplate<typename Enum>\ns...'
cocos2d-x-4,../repos/cocos2d-x-4/cocos/base/CCEventDispatcher.cpp,"(45, 1)-(66, 2)",b'namespace\n{\n\nclass DispatchGuard\n{\npublic:\n  ...'
cocos2d-x-4,../repos/cocos2d-x-4/cocos/base/ccTypes.h,"(408, 1)-(410, 2)",b'namespace backend {\n    enum class BlendFacto...'
cocos2d-x-4,../repos/cocos2d-x-4/cocos/base/ccUTF8.h,"(43, 1)-(49, 2)",b'namespace UnicodeCharacters {\n    const char3...'
cocos2d-x-4,../repos/cocos2d-x-4/cocos/base/ccUTF8.h,"(51, 1)-(56, 2)",b'namespace AsciiCharacters {\n    const char Ne...'
cocos2d-x-4,../repos/cocos2d-x-4/cocos/base/ccUtils.cpp,"(63, 1)-(689, 2)",b'namespace utils\n{\n/**\n* Capture screen implem...'
cocos2d-x-4,../repos/cocos2d-x-4/cocos/base/ccUtils.h,"(62, 1)-(217, 2)",b'namespace utils\n{\n    /** Capture the entire ...'
cocos2d-x-4,../repos/cocos2d-x-4/cocos/base/TGAlib.h,"(31, 1)-(76, 2)","b'namespace cocos2d {\n\nenum {\n    TGA_OK,\n    T...'"
cocos2d-x-4,../repos/cocos2d-x-4/cocos/base/ZipUtils.h,"(47, 1)-(301, 2)",b'namespace cocos2d\n{\n#ifndef _unz64_H\ntypedef ...'
cocos2d-x-4,../repos/cocos2d-x-4/cocos/editor-support/cocostudio/ActionTimeline/CCActionTimelineCache.cpp,"(49, 1)-(1014, 2)",b'namespace cocostudio {\nnamespace timeline{\n\ns...'
cocos2d-x-4,../repos/cocos2d-x-4/cocos/editor-support/cocostudio/ActionTimeline/CCActionTimelineCache.cpp,"(50, 1)-(1013, 2)",b'namespace timeline{\n\nstatic const char* Prope...'
cocos2d-x-4,../repos/cocos2d-x-4/cocos/editor-support/cocostudio/ActionTimeline/CCActionTimelineCache.h,"(37, 1)-(53, 2)",b'namespace flatbuffers\n{\n    class FlatBufferB...'
cocos2d-x-4,../repos/cocos2d-x-4/cocos/editor-support/cocostudio/ActionTimeline/CCBoneNode.h,"(34, 1)-(36, 3)",b'namespace cocos2d{ namespace backend {\n    cl...'
cocos2d-x-4,../repos/cocos2d-x-4/cocos/editor-support/cocostudio/ActionTimeline/CCBoneNode.h,"(34, 20)-(36, 2)",b'namespace backend {\n    class ProgramState;\n}'
cocos2d-x-4,../repos/cocos2d-x-4/cocos/editor-support/cocostudio/ActionTimeline/CSLoader.h,"(36, 1)-(51, 2)",b'namespace flatbuffers\n{\n    class FlatBufferB...'
cocos2d-x-4,../repos/cocos2d-x-4/cocos/editor-support/cocostudio/ActionTimeline/CSLoader.h,"(53, 1)-(56, 2)",b'namespace cocostudio\n{\n    class ComAudio;\n}'
cocos2d-x-4,../repos/cocos2d-x-4/cocos/editor-support/cocostudio/ActionTimeline/CSLoader.h,"(58, 1)-(65, 2)",b'namespace cocostudio\n{\n    namespace timeline...'
cocos2d-x-4,../repos/cocos2d-x-4/cocos/editor-support/cocostudio/ActionTimeline/CSLoader.h,"(60, 5)-(64, 6)",b'namespace timeline\n    {\n        class Action...'
cocos2d-x-4,../repos/cocos2d-x-4/cocos/editor-support/cocostudio/CCActionFrame.cpp,"(31, 1)-(377, 2)",b'namespace cocostudio {\n\nActionFrame::ActionFr...'
cocos2d-x-4,../repos/cocos2d-x-4/cocos/editor-support/cocostudio/CCActionFrame.h,"(33, 1)-(454, 2)",b'namespace cocostudio {\n    \nenum FrameType\n{\n...'
cocos2d-x-4,../repos/cocos2d-x-4/cocos/editor-support/cocostudio/CCActionFrameEasing.cpp,"(31, 1)-(192, 2)",b'namespace cocostudio {\n\n#ifndef M_PI_X_2\n#def...'
cocos2d-x-4,../repos/cocos2d-x-4/cocos/editor-support/cocostudio/CCActionFrameEasing.h,"(32, 1)-(75, 2)",b'namespace cocostudio {\n\nenum FrameEasingType\n...'
cocos2d-x-4,../repos/cocos2d-x-4/cocos/editor-support/cocostudio/CCActionManagerEx.cpp,"(31, 1)-(191, 2)",b'namespace cocostudio {\n\nstatic ActionManagerE...'
cocos2d-x-4,../repos/cocos2d-x-4/cocos/editor-support/cocostudio/CCActionManagerEx.h,"(33, 1)-(130, 2)",b'namespace cocostudio {\n    \nclass CocoLoader;...'
cocos2d-x-4,../repos/cocos2d-x-4/cocos/editor-support/cocostudio/CCActionNode.cpp,"(39, 1)-(676, 2)",b'namespace cocostudio {\n\nActionNode::ActionNod...'
cocos2d-x-4,../repos/cocos2d-x-4/cocos/editor-support/cocostudio/CCActionNode.h,"(33, 1)-(190, 2)",b'namespace cocostudio {\n    \nclass CocoLoader;...'
cocos2d-x-4,../repos/cocos2d-x-4/cocos/editor-support/cocostudio/CCActionObject.cpp,"(36, 1)-(296, 2)",b'namespace cocostudio {\n\nActionObject::ActionO...'
cocos2d-x-4,../repos/cocos2d-x-4/cocos/editor-support/cocostudio/CCActionObject.h,"(34, 1)-(191, 2)",b'namespace cocostudio {\n\nclass CocoLoader;\nstr...'
cocos2d-x-4,../repos/cocos2d-x-4/cocos/editor-support/cocostudio/CCArmature.cpp,"(46, 1)-(734, 2)",b'namespace cocostudio {\n\nArmature *Armature::c...'
cocos2d-x-4,../repos/cocos2d-x-4/cocos/editor-support/cocostudio/CCArmature.h,"(41, 1)-(281, 2)",b'namespace cocostudio {\n\nCC_DEPRECATED_ATTRIBU...'
cocos2d-x-4,../repos/cocos2d-x-4/cocos/editor-support/cocostudio/CCArmatureAnimation.cpp,"(36, 1)-(560, 2)",b'namespace cocostudio {\n\nArmatureAnimation *Ar...'
cocos2d-x-4,../repos/cocos2d-x-4/cocos/editor-support/cocostudio/CCArmatureAnimation.h,"(35, 1)-(329, 2)",b'namespace cocostudio {\n\n\nenum MovementEventTy...'
cocos2d-x-4,../repos/cocos2d-x-4/cocos/editor-support/cocostudio/CCArmatureDataManager.cpp,"(35, 1)-(261, 2)",b'namespace cocostudio {\n\nstatic ArmatureDataMa...'
cocos2d-x-4,../repos/cocos2d-x-4/cocos/editor-support/cocostudio/CCArmatureDataManager.h,"(33, 1)-(207, 2)",b'namespace cocostudio {\n\nstruct RelativeData\n{...'
cocos2d-x-4,../repos/cocos2d-x-4/cocos/editor-support/cocostudio/CCArmatureDefine.cpp,"(28, 1)-(35, 2)",b'namespace cocostudio {\n\nconst char *armatureV...'
cocos2d-x-4,../repos/cocos2d-x-4/cocos/editor-support/cocostudio/CCArmatureDefine.h,"(54, 1)-(58, 2)",b'namespace cocostudio {\n\nconst char *armatureV...'
cocos2d-x-4,../repos/cocos2d-x-4/cocos/editor-support/cocostudio/CCBatchNode.cpp,"(36, 1)-(177, 2)",b'namespace cocostudio {\n\nBatchNode *BatchNode:...'
cocos2d-x-4,../repos/cocos2d-x-4/cocos/editor-support/cocostudio/CCBatchNode.h,"(33, 1)-(35, 2)",b'namespace cocos2d {\n    class GroupCommand;\n}'
cocos2d-x-4,../repos/cocos2d-x-4/cocos/editor-support/cocostudio/CCBatchNode.h,"(37, 1)-(70, 2)",b'namespace cocostudio {\n\nclass CC_STUDIO_DLL B...'
cocos2d-x-4,../repos/cocos2d-x-4/cocos/editor-support/cocostudio/CCBone.cpp,"(35, 1)-(481, 2)",b'namespace cocostudio {\n\nBone *Bone::create()\n...'
cocos2d-x-4,../repos/cocos2d-x-4/cocos/editor-support/cocostudio/CCBone.h,"(38, 1)-(259, 2)",b'namespace cocostudio {\n\nclass Armature;\n\nclas...'
cocos2d-x-4,../repos/cocos2d-x-4/cocos/editor-support/cocostudio/CCColliderDetector.cpp,"(34, 1)-(506, 2)",b'namespace cocostudio {\n\n\n#if ENABLE_PHYSICS_B...'
cocos2d-x-4,../repos/cocos2d-x-4/cocos/editor-support/cocostudio/CCColliderDetector.h,"(45, 1)-(199, 2)",b'namespace cocostudio {\n\nclass Bone;\n\n/**\n *  ...'
cocos2d-x-4,../repos/cocos2d-x-4/cocos/editor-support/cocostudio/CCComAttribute.cpp,"(31, 1)-(221, 2)",b'namespace cocostudio {\n\nIMPLEMENT_CLASS_COMPO...'
cocos2d-x-4,../repos/cocos2d-x-4/cocos/editor-support/cocostudio/CCComAttribute.h,"(34, 1)-(71, 2)",b'namespace cocostudio {\n\nclass CC_STUDIO_DLL C...'
cocos2d-x-4,../repos/cocos2d-x-4/cocos/editor-support/cocostudio/CCComAudio.cpp,"(30, 1)-(335, 2)",b'namespace cocostudio {\n\nIMPLEMENT_CLASS_COMPO...'
cocos2d-x-4,../repos/cocos2d-x-4/cocos/editor-support/cocostudio/CCComAudio.h,"(34, 1)-(127, 2)",b'namespace cocostudio {\n\n    class CC_STUDIO_D...'
cocos2d-x-4,../repos/cocos2d-x-4/cocos/editor-support/cocostudio/CCComController.cpp,"(29, 1)-(91, 2)",b'namespace cocostudio {\n\nIMPLEMENT_CLASS_COMPO...'
cocos2d-x-4,../repos/cocos2d-x-4/cocos/editor-support/cocostudio/CCComController.h,"(34, 1)-(82, 2)",b'namespace cocostudio {\n\nclass CC_STUDIO_DLL C...'
cocos2d-x-4,../repos/cocos2d-x-4/cocos/editor-support/cocostudio/CCComExtensionData.cpp,"(29, 1)-(97, 2)",b'namespace cocostudio\n{\n    IMPLEMENT_CLASS_CO...'
cocos2d-x-4,../repos/cocos2d-x-4/cocos/editor-support/cocostudio/CCComExtensionData.h,"(34, 1)-(40, 2)",b'namespace cocostudio\n{\n    namespace timeline...'
cocos2d-x-4,../repos/cocos2d-x-4/cocos/editor-support/cocostudio/CCComExtensionData.h,"(36, 5)-(39, 6)",b'namespace timeline\n    {\n        class Action...'
cocos2d-x-4,../repos/cocos2d-x-4/cocos/editor-support/cocostudio/CCComExtensionData.h,"(42, 1)-(87, 2)",b'namespace cocostudio\n{\n    class CC_STUDIO_DL...'
cocos2d-x-4,../repos/cocos2d-x-4/cocos/editor-support/cocostudio/CCComRender.cpp,"(36, 1)-(398, 2)",b'namespace cocostudio {\n\nIMPLEMENT_CLASS_COMPO...'
cocos2d-x-4,../repos/cocos2d-x-4/cocos/editor-support/cocostudio/CCComRender.h,"(33, 1)-(87, 2)",b'namespace cocostudio {\n\nclass CC_STUDIO_DLL C...'
cocos2d-x-4,../repos/cocos2d-x-4/cocos/editor-support/cocostudio/CCDataReaderHelper.cpp,"(155, 1)-(2577, 2)",b'namespace cocostudio {\n\n\n\nfloat s_PositionRea...'
cocos2d-x-4,../repos/cocos2d-x-4/cocos/editor-support/cocostudio/CCDataReaderHelper.h,"(43, 1)-(46, 2)",b'namespace tinyxml2\n{\n    class XMLElement;\n}'
cocos2d-x-4,../repos/cocos2d-x-4/cocos/editor-support/cocostudio/CCDataReaderHelper.h,"(48, 1)-(230, 2)",b'namespace cocostudio {\n    class CocoLoader;\n...'
cocos2d-x-4,../repos/cocos2d-x-4/cocos/editor-support/cocostudio/CCDatas.cpp,"(32, 1)-(428, 2)",b'namespace cocostudio {\n\n\nBaseData::BaseData()...'
cocos2d-x-4,../repos/cocos2d-x-4/cocos/editor-support/cocostudio/CCDatas.h,"(66, 1)-(553, 2)",b'namespace cocostudio {\n\n/**\n * The base node ...'
cocos2d-x-4,../repos/cocos2d-x-4/cocos/editor-support/cocostudio/CCDecorativeDisplay.cpp,"(31, 1)-(81, 2)",b'namespace cocostudio {\n\nDecorativeDisplay *De...'
cocos2d-x-4,../repos/cocos2d-x-4/cocos/editor-support/cocostudio/CCDecorativeDisplay.h,"(39, 1)-(41, 2)",b'namespace cocos2d {\n    class Node;\n}'
cocos2d-x-4,../repos/cocos2d-x-4/cocos/editor-support/cocostudio/CCDecorativeDisplay.h,"(43, 1)-(93, 2)",b'namespace cocostudio {\n/**\n *  @js NA\n *  @lu...'
cocos2d-x-4,../repos/cocos2d-x-4/cocos/editor-support/cocostudio/CCDisplayFactory.cpp,"(37, 1)-(288, 2)",b'namespace cocostudio {\n\nvoid DisplayFactory::...'
cocos2d-x-4,../repos/cocos2d-x-4/cocos/editor-support/cocostudio/CCDisplayFactory.h,"(33, 1)-(65, 2)",b'namespace cocostudio {\n\nclass Skin;\nclass Bon...'
cocos2d-x-4,../repos/cocos2d-x-4/cocos/editor-support/cocostudio/CCDisplayManager.cpp,"(36, 1)-(450, 2)",b'namespace cocostudio {\n\nDisplayManager *Displ...'
cocos2d-x-4,../repos/cocos2d-x-4/cocos/editor-support/cocostudio/CCDisplayManager.h,"(34, 1)-(158, 2)",b'namespace cocostudio {\n\nclass Bone;\n\n/**! Dis...'
cocos2d-x-4,../repos/cocos2d-x-4/cocos/editor-support/cocostudio/CCInputDelegate.cpp,"(36, 1)-(267, 2)",b'namespace cocostudio {\n\nInputDelegate::InputD...'
cocos2d-x-4,../repos/cocos2d-x-4/cocos/editor-support/cocostudio/CCInputDelegate.h,"(37, 1)-(39, 2)",b'namespace cocos2d {\n    class __Set;\n}'
cocos2d-x-4,../repos/cocos2d-x-4/cocos/editor-support/cocostudio/CCInputDelegate.h,"(41, 1)-(164, 2)",b'namespace cocostudio {\n\n/**\n *  @lua NA\n */\nc...'
cocos2d-x-4,../repos/cocos2d-x-4/cocos/editor-support/cocostudio/CCProcessBase.cpp,"(31, 1)-(159, 2)",b'namespace cocostudio {\n\nProcessBase::ProcessB...'
cocos2d-x-4,../repos/cocos2d-x-4/cocos/editor-support/cocostudio/CCProcessBase.h,"(33, 1)-(183, 2)",b'namespace cocostudio {\n\n\nenum AnimationType\n{...'
cocos2d-x-4,../repos/cocos2d-x-4/cocos/editor-support/cocostudio/CCSGUIReader.cpp,"(56, 1)-(1587, 2)",b'namespace cocostudio {\n    \nstatic GUIReader*...'
cocos2d-x-4,../repos/cocos2d-x-4/cocos/editor-support/cocostudio/CCSGUIReader.h,"(36, 1)-(39, 2)",b'namespace protocolbuffers\n{\n    class NodeTree;\n}'
cocos2d-x-4,../repos/cocos2d-x-4/cocos/editor-support/cocostudio/CCSGUIReader.h,"(41, 1)-(44, 2)",b'namespace tinyxml2\n{\n    class XMLElement;\n}'
cocos2d-x-4,../repos/cocos2d-x-4/cocos/editor-support/cocostudio/CCSGUIReader.h,"(46, 1)-(235, 2)",b'namespace cocostudio {\n    \n    class CocoLoa...'
cocos2d-x-4,../repos/cocos2d-x-4/cocos/editor-support/cocostudio/CCSkin.cpp,"(38, 1)-(263, 2)",b'namespace cocostudio {\n\n#if CC_SPRITEBATCHNOD...'
cocos2d-x-4,../repos/cocos2d-x-4/cocos/editor-support/cocostudio/CCSkin.h,"(36, 1)-(85, 2)",b'namespace cocostudio {\n\nclass CC_STUDIO_DLL S...'
cocos2d-x-4,../repos/cocos2d-x-4/cocos/editor-support/cocostudio/CCSpriteFrameCacheHelper.cpp,"(34, 1)-(117, 2)",b'namespace cocostudio {\n\nSpriteFrameCacheHelpe...'
cocos2d-x-4,../repos/cocos2d-x-4/cocos/editor-support/cocostudio/CCSpriteFrameCacheHelper.h,"(35, 1)-(37, 2)",b'namespace cocos2d {\n    class SpriteFrame;\n}'
cocos2d-x-4,../repos/cocos2d-x-4/cocos/editor-support/cocostudio/CCSpriteFrameCacheHelper.h,"(39, 1)-(73, 2)",b'namespace cocostudio {\n\n/**\n *  @js NA\n *  @l...'
cocos2d-x-4,../repos/cocos2d-x-4/cocos/editor-support/cocostudio/CCSSceneReader.cpp,"(36, 1)-(584, 2)",b'namespace cocostudio {\n\nSceneReader* SceneRea...'
cocos2d-x-4,../repos/cocos2d-x-4/cocos/editor-support/cocostudio/CCSSceneReader.h,"(32, 1)-(95, 2)",b'namespace cocostudio {\n\n\nclass CC_STUDIO_DLL ...'
cocos2d-x-4,../repos/cocos2d-x-4/cocos/editor-support/cocostudio/CCTransformHelp.cpp,"(31, 1)-(222, 2)",b'namespace cocostudio {\n\nAffineTransform Trans...'
cocos2d-x-4,../repos/cocos2d-x-4/cocos/editor-support/cocostudio/CCTransformHelp.h,"(33, 1)-(66, 2)",b'namespace cocostudio {\n\n/*\n * use to calculat...'
cocos2d-x-4,../repos/cocos2d-x-4/cocos/editor-support/cocostudio/CCTween.cpp,"(35, 1)-(488, 2)",b'namespace cocostudio {\n\nusing cocos2d::tweenf...'
cocos2d-x-4,../repos/cocos2d-x-4/cocos/editor-support/cocostudio/CCTween.h,"(34, 1)-(152, 2)",b'namespace cocostudio {\n\nclass Bone;\nclass Arm...'
cocos2d-x-4,../repos/cocos2d-x-4/cocos/editor-support/cocostudio/CCUtilMath.cpp,"(31, 1)-(81, 2)",b'namespace cocostudio {\n\nbool isSpriteContainP...'
cocos2d-x-4,../repos/cocos2d-x-4/cocos/editor-support/cocostudio/CCUtilMath.h,"(34, 1)-(56, 2)",b'namespace cocostudio {\n\n#define CC_DOUBLE_PI ...'
cocos2d-x-4,../repos/cocos2d-x-4/cocos/editor-support/cocostudio/CocoLoader.cpp,"(31, 1)-(241, 2)",b'namespace cocostudio{\n    \n\nchar\tcTypeName[] ...'
cocos2d-x-4,../repos/cocos2d-x-4/cocos/editor-support/cocostudio/CocoLoader.h,"(35, 1)-(111, 2)",b'namespace cocostudio{\n        \nclass CocoLoad...'
cocos2d-x-4,../repos/cocos2d-x-4/cocos/editor-support/cocostudio/CocoStudio.cpp,"(56, 1)-(97, 2)",b'namespace cocostudio\n{\n    void destroyCocosS...'
cocos2d-x-4,../repos/cocos2d-x-4/cocos/editor-support/cocostudio/CocoStudio.h,"(71, 1)-(74, 2)",b'namespace cocostudio\n{\n    void CC_STUDIO_DLL...'
cocos2d-x-4,../repos/cocos2d-x-4/cocos/editor-support/cocostudio/CSLanguageDataBinary_generated.h,"(33, 1)-(109, 2)",b'namespace flatbuffers {\n\nstruct LanguageItem;...'
cocos2d-x-4,../repos/cocos2d-x-4/cocos/editor-support/cocostudio/CSParse3DBinary_generated.h,"(32, 1)-(82, 2)",b'namespace flatbuffers {\nstruct CSParseBinary;...'
cocos2d-x-4,../repos/cocos2d-x-4/cocos/editor-support/cocostudio/CSParse3DBinary_generated.h,"(84, 1)-(506, 2)",b'namespace flatbuffers {\n\nstruct Node3DOption;...'
cocos2d-x-4,../repos/cocos2d-x-4/cocos/editor-support/cocostudio/CSParseBinary_generated.h,"(33, 1)-(2680, 2)",b'namespace flatbuffers {\n\nstruct CSParseBinary...'
cocos2d-x-4,../repos/cocos2d-x-4/cocos/editor-support/cocostudio/DictionaryHelper.cpp,"(29, 1)-(234, 2)",b'namespace cocostudio {\n    \nstatic Dictionary...'
cocos2d-x-4,../repos/cocos2d-x-4/cocos/editor-support/cocostudio/DictionaryHelper.h,"(34, 1)-(67, 2)",b'namespace cocostudio {\n/**\n *  @js NA\n *  @lu...'
cocos2d-x-4,../repos/cocos2d-x-4/cocos/editor-support/cocostudio/FlatBuffersSerialize.cpp,"(73, 1)-(1652, 2)",b'namespace cocostudio {\n\nstatic const char* Pr...'
cocos2d-x-4,../repos/cocos2d-x-4/cocos/editor-support/cocostudio/FlatBuffersSerialize.h,"(37, 1)-(87, 2)",b'namespace flatbuffers\n{\n    class FlatBufferB...'
cocos2d-x-4,../repos/cocos2d-x-4/cocos/editor-support/cocostudio/FlatBuffersSerialize.h,"(89, 1)-(92, 2)",b'namespace tinyxml2\n{\n    class XMLElement;\n}'
cocos2d-x-4,../repos/cocos2d-x-4/cocos/editor-support/cocostudio/FlatBuffersSerialize.h,"(94, 1)-(167, 2)",b'namespace cocostudio {\n    \nclass CC_STUDIO_D...'
cocos2d-x-4,../repos/cocos2d-x-4/cocos/editor-support/cocostudio/LocalizationManager.h,"(33, 1)-(128, 2)",b'namespace cocostudio {\n    /**\n    *@brief Lo...'
cocos2d-x-4,../repos/cocos2d-x-4/cocos/editor-support/cocostudio/SimpleAudioEngine.h,"(67, 1)-(280, 2)",b'namespace CocosDenshion {\n\n/**\n * @class Simp...'
cocos2d-x-4,../repos/cocos2d-x-4/cocos/editor-support/cocostudio/TriggerMng.cpp,"(36, 1)-(525, 2)",b'namespace cocostudio {\n    \nTriggerMng* Trigg...'
cocos2d-x-4,../repos/cocos2d-x-4/cocos/editor-support/cocostudio/TriggerMng.h,"(30, 1)-(33, 2)",b'namespace cocos2d {\nclass EventDispatcher;\ncl...'
cocos2d-x-4,../repos/cocos2d-x-4/cocos/editor-support/cocostudio/TriggerMng.h,"(35, 1)-(92, 2)",b'namespace cocostudio {\n\nclass TriggerObj;\n\ncl...'
cocos2d-x-4,../repos/cocos2d-x-4/cocos/editor-support/cocostudio/TriggerObj.cpp,"(30, 1)-(349, 2)",b'namespace cocostudio {\n    \nBaseTriggerCondit...'
cocos2d-x-4,../repos/cocos2d-x-4/cocos/editor-support/cocostudio/TriggerObj.h,"(34, 1)-(87, 2)",b'namespace cocostudio {\n\nclass CC_STUDIO_DLL B...'
cocos2d-x-4,../repos/cocos2d-x-4/cocos/editor-support/cocostudio/WidgetCallBackHandlerProtocol.h,"(33, 1)-(46, 2)",b'namespace cocostudio {\n    \n    class CC_STUD...'
cocos2d-x-4,../repos/cocos2d-x-4/cocos/editor-support/cocostudio/WidgetReader/ArmatureNodeReader/CSArmatureNode_generated.h,"(33, 1)-(130, 2)",b'namespace flatbuffers {\n\nstruct CSArmatureNod...'
cocos2d-x-4,../repos/cocos2d-x-4/cocos/editor-support/cocostudio/WidgetReader/ButtonReader/ButtonReader.cpp,"(45, 1)-(987, 2)",b'namespace cocostudio\n{\n    \n    static const ...'
cocos2d-x-4,../repos/cocos2d-x-4/cocos/editor-support/cocostudio/WidgetReader/ButtonReader/ButtonReader.h,"(32, 1)-(59, 2)",b'namespace cocostudio\n{\n    class CC_STUDIO_DL...'
cocos2d-x-4,../repos/cocos2d-x-4/cocos/editor-support/cocostudio/WidgetReader/CheckBoxReader/CheckBoxReader.cpp,"(43, 1)-(795, 2)",b'namespace cocostudio\n{\n    static const char*...'
cocos2d-x-4,../repos/cocos2d-x-4/cocos/editor-support/cocostudio/WidgetReader/CheckBoxReader/CheckBoxReader.h,"(32, 1)-(55, 2)",b'namespace cocostudio\n{\n    class CC_STUDIO_DL...'
cocos2d-x-4,../repos/cocos2d-x-4/cocos/editor-support/cocostudio/WidgetReader/ComAudioReader/ComAudioReader.cpp,"(38, 1)-(202, 2)",b'namespace cocostudio\n{\n    ComAudioReader::Co...'
cocos2d-x-4,../repos/cocos2d-x-4/cocos/editor-support/cocostudio/WidgetReader/ComAudioReader/ComAudioReader.h,"(36, 1)-(55, 6)",b'namespace cocostudio\n{\n    class CC_STUDIO_DL...'
cocos2d-x-4,../repos/cocos2d-x-4/cocos/editor-support/cocostudio/WidgetReader/GameMapReader/GameMapReader.cpp,"(42, 1)-(260, 2)",b'namespace cocostudio\n{\n    IMPLEMENT_CLASS_NO...'
cocos2d-x-4,../repos/cocos2d-x-4/cocos/editor-support/cocostudio/WidgetReader/GameMapReader/GameMapReader.h,"(34, 1)-(53, 6)",b'namespace cocostudio\n{\n    class CC_STUDIO_DL...'
cocos2d-x-4,../repos/cocos2d-x-4/cocos/editor-support/cocostudio/WidgetReader/GameNode3DReader/GameNode3DReader.cpp,"(43, 1)-(460, 2)",b'namespace cocostudio\n{\n    IMPLEMENT_CLASS_NO...'
cocos2d-x-4,../repos/cocos2d-x-4/cocos/editor-support/cocostudio/WidgetReader/GameNode3DReader/GameNode3DReader.h,"(34, 1)-(37, 2)",b'namespace tinyxml2\n{\n    class XMLAttribute;\n}'
cocos2d-x-4,../repos/cocos2d-x-4/cocos/editor-support/cocostudio/WidgetReader/GameNode3DReader/GameNode3DReader.h,"(39, 1)-(62, 6)",b'namespace cocostudio\n{\n    class CC_STUDIO_DL...'
cocos2d-x-4,../repos/cocos2d-x-4/cocos/editor-support/cocostudio/WidgetReader/ImageViewReader/ImageViewReader.cpp,"(44, 1)-(443, 2)",b'namespace cocostudio\n{\n    static const char*...'
cocos2d-x-4,../repos/cocos2d-x-4/cocos/editor-support/cocostudio/WidgetReader/ImageViewReader/ImageViewReader.h,"(32, 1)-(58, 2)",b'namespace cocostudio\n{\n    class CC_STUDIO_DL...'
cocos2d-x-4,../repos/cocos2d-x-4/cocos/editor-support/cocostudio/WidgetReader/LayoutReader/LayoutReader.cpp,"(47, 1)-(767, 2)",b'namespace cocostudio\n{\n    static const char*...'
cocos2d-x-4,../repos/cocos2d-x-4/cocos/editor-support/cocostudio/WidgetReader/LayoutReader/LayoutReader.h,"(32, 1)-(58, 2)",b'namespace cocostudio\n{\n    class CC_STUDIO_DL...'
cocos2d-x-4,../repos/cocos2d-x-4/cocos/editor-support/cocostudio/WidgetReader/Light3DReader/Light3DReader.cpp,"(41, 1)-(195, 2)",b'namespace cocostudio\n{\n    IMPLEMENT_CLASS_NO...'
cocos2d-x-4,../repos/cocos2d-x-4/cocos/editor-support/cocostudio/WidgetReader/Light3DReader/Light3DReader.h,"(33, 1)-(36, 2)",b'namespace tinyxml2\n{\n    class XMLAttribute;\n}'
cocos2d-x-4,../repos/cocos2d-x-4/cocos/editor-support/cocostudio/WidgetReader/Light3DReader/Light3DReader.h,"(38, 1)-(57, 6)",b'namespace cocostudio\n{\n    class CC_STUDIO_DL...'
cocos2d-x-4,../repos/cocos2d-x-4/cocos/editor-support/cocostudio/WidgetReader/ListViewReader/ListViewReader.cpp,"(43, 1)-(630, 2)",b'namespace cocostudio\n{\n    static const char*...'
cocos2d-x-4,../repos/cocos2d-x-4/cocos/editor-support/cocostudio/WidgetReader/ListViewReader/ListViewReader.h,"(32, 1)-(57, 2)",b'namespace cocostudio\n{\n    class CC_STUDIO_DL...'
cocos2d-x-4,../repos/cocos2d-x-4/cocos/editor-support/cocostudio/WidgetReader/LoadingBarReader/LoadingBarReader.cpp,"(44, 1)-(376, 2)",b'namespace cocostudio\n{\n    static const char*...'
cocos2d-x-4,../repos/cocos2d-x-4/cocos/editor-support/cocostudio/WidgetReader/LoadingBarReader/LoadingBarReader.h,"(32, 1)-(57, 2)",b'namespace cocostudio\n{\n    class CC_STUDIO_DL...'
cocos2d-x-4,../repos/cocos2d-x-4/cocos/editor-support/cocostudio/WidgetReader/Node3DReader/Node3DReader.cpp,"(40, 1)-(419, 2)",b'namespace cocostudio\n{\n    IMPLEMENT_CLASS_NO...'
cocos2d-x-4,../repos/cocos2d-x-4/cocos/editor-support/cocostudio/WidgetReader/Node3DReader/Node3DReader.h,"(34, 1)-(37, 2)",b'namespace tinyxml2\n{\n    class XMLAttribute;\n}'
cocos2d-x-4,../repos/cocos2d-x-4/cocos/editor-support/cocostudio/WidgetReader/Node3DReader/Node3DReader.h,"(39, 1)-(63, 6)",b'namespace cocostudio\n{\n    class CC_STUDIO_DL...'
cocos2d-x-4,../repos/cocos2d-x-4/cocos/editor-support/cocostudio/WidgetReader/NodeReader/NodeReader.cpp,"(39, 1)-(606, 2)",b'namespace cocostudio\n{\n    const char* Layout...'
cocos2d-x-4,../repos/cocos2d-x-4/cocos/editor-support/cocostudio/WidgetReader/NodeReader/NodeReader.h,"(34, 1)-(54, 6)",b'namespace cocostudio\n{\n    class CC_STUDIO_DL...'
cocos2d-x-4,../repos/cocos2d-x-4/cocos/editor-support/cocostudio/WidgetReader/NodeReaderProtocol.h,"(31, 1)-(37, 2)",b'namespace flatbuffers\n{\n    class FlatBufferB...'
cocos2d-x-4,../repos/cocos2d-x-4/cocos/editor-support/cocostudio/WidgetReader/NodeReaderProtocol.h,"(39, 1)-(42, 2)",b'namespace tinyxml2\n{\n    class XMLElement;\n}'
cocos2d-x-4,../repos/cocos2d-x-4/cocos/editor-support/cocostudio/WidgetReader/NodeReaderProtocol.h,"(44, 1)-(47, 2)",b'namespace cocos2d\n{\n    class Node;\n}'
cocos2d-x-4,../repos/cocos2d-x-4/cocos/editor-support/cocostudio/WidgetReader/NodeReaderProtocol.h,"(49, 1)-(62, 2)",b'namespace cocostudio\n{\n    class CC_STUDIO_DL...'
cocos2d-x-4,../repos/cocos2d-x-4/cocos/editor-support/cocostudio/WidgetReader/PageViewReader/PageViewReader.cpp,"(44, 1)-(493, 2)",b'namespace cocostudio\n{\n    static PageViewRea...'
cocos2d-x-4,../repos/cocos2d-x-4/cocos/editor-support/cocostudio/WidgetReader/PageViewReader/PageViewReader.h,"(32, 1)-(57, 2)",b'namespace cocostudio\n{\n    class CC_STUDIO_DL...'
cocos2d-x-4,../repos/cocos2d-x-4/cocos/editor-support/cocostudio/WidgetReader/Particle3DReader/Particle3DReader.cpp,"(42, 1)-(167, 2)",b'namespace cocostudio\n{\n    IMPLEMENT_CLASS_NO...'
cocos2d-x-4,../repos/cocos2d-x-4/cocos/editor-support/cocostudio/WidgetReader/Particle3DReader/Particle3DReader.h,"(33, 1)-(52, 6)",b'namespace cocostudio\n{\n    class CC_STUDIO_DL...'
cocos2d-x-4,../repos/cocos2d-x-4/cocos/editor-support/cocostudio/WidgetReader/ParticleReader/ParticleReader.cpp,"(41, 1)-(226, 2)",b'namespace cocostudio\n{\n    IMPLEMENT_CLASS_NO...'
cocos2d-x-4,../repos/cocos2d-x-4/cocos/editor-support/cocostudio/WidgetReader/ParticleReader/ParticleReader.h,"(34, 1)-(53, 6)",b'namespace cocostudio\n{\n    class CC_STUDIO_DL...'
cocos2d-x-4,../repos/cocos2d-x-4/cocos/editor-support/cocostudio/WidgetReader/ProjectNodeReader/ProjectNodeReader.cpp,"(37, 1)-(145, 2)",b'namespace cocostudio\n{\n    ProjectNodeReader:...'
cocos2d-x-4,../repos/cocos2d-x-4/cocos/editor-support/cocostudio/WidgetReader/ProjectNodeReader/ProjectNodeReader.h,"(34, 1)-(53, 6)",b'namespace cocostudio\n{\n    class CC_STUDIO_DL...'
cocos2d-x-4,../repos/cocos2d-x-4/cocos/editor-support/cocostudio/WidgetReader/ScrollViewReader/ScrollViewReader.cpp,"(43, 1)-(612, 2)",b'namespace cocostudio\n{\n    static const char*...'
cocos2d-x-4,../repos/cocos2d-x-4/cocos/editor-support/cocostudio/WidgetReader/ScrollViewReader/ScrollViewReader.h,"(32, 1)-(57, 2)",b'namespace cocostudio\n{\n    class CC_STUDIO_DL...'
cocos2d-x-4,../repos/cocos2d-x-4/cocos/editor-support/cocostudio/WidgetReader/SingleNodeReader/SingleNodeReader.cpp,"(40, 1)-(105, 2)",b'namespace cocostudio\n{\n    IMPLEMENT_CLASS_NO...'
cocos2d-x-4,../repos/cocos2d-x-4/cocos/editor-support/cocostudio/WidgetReader/SingleNodeReader/SingleNodeReader.h,"(34, 1)-(53, 6)",b'namespace cocostudio\n{\n    class CC_STUDIO_DL...'
cocos2d-x-4,../repos/cocos2d-x-4/cocos/editor-support/cocostudio/WidgetReader/SkeletonReader/CSBoneBinary_generated.h,"(32, 1)-(81, 2)",b'namespace flatbuffers {\nstruct CSParseBinary;...'
cocos2d-x-4,../repos/cocos2d-x-4/cocos/editor-support/cocostudio/WidgetReader/SkeletonReader/CSBoneBinary_generated.h,"(83, 1)-(162, 2)",b'namespace flatbuffers {\n\nstruct BoneOptions;\n...'
cocos2d-x-4,../repos/cocos2d-x-4/cocos/editor-support/cocostudio/WidgetReader/SliderReader/SliderReader.cpp,"(44, 1)-(883, 2)",b'namespace cocostudio\n{\n    static const char*...'
cocos2d-x-4,../repos/cocos2d-x-4/cocos/editor-support/cocostudio/WidgetReader/SliderReader/SliderReader.h,"(32, 1)-(57, 2)",b'namespace cocostudio\n{\n    class CC_STUDIO_DL...'
cocos2d-x-4,../repos/cocos2d-x-4/cocos/editor-support/cocostudio/WidgetReader/Sprite3DReader/Sprite3DReader.cpp,"(45, 1)-(280, 2)",b'namespace cocostudio\n{\n    IMPLEMENT_CLASS_NO...'
cocos2d-x-4,../repos/cocos2d-x-4/cocos/editor-support/cocostudio/WidgetReader/Sprite3DReader/Sprite3DReader.h,"(34, 1)-(37, 2)",b'namespace tinyxml2\n{\n    class XMLAttribute;\n}'
cocos2d-x-4,../repos/cocos2d-x-4/cocos/editor-support/cocostudio/WidgetReader/Sprite3DReader/Sprite3DReader.h,"(39, 1)-(62, 6)",b'namespace cocostudio\n{\n    class CC_STUDIO_DL...'
cocos2d-x-4,../repos/cocos2d-x-4/cocos/editor-support/cocostudio/WidgetReader/SpriteReader/SpriteReader.cpp,"(44, 1)-(294, 2)",b'namespace cocostudio\n{\n    IMPLEMENT_CLASS_NO...'
cocos2d-x-4,../repos/cocos2d-x-4/cocos/editor-support/cocostudio/WidgetReader/SpriteReader/SpriteReader.h,"(34, 1)-(55, 6)",b'namespace cocostudio\n{\n    class CC_STUDIO_DL...'
cocos2d-x-4,../repos/cocos2d-x-4/cocos/editor-support/cocostudio/WidgetReader/TabControlReader/CSTabControl_generated.h,"(33, 1)-(233, 2)",b'namespace flatbuffers {\n\nstruct WidgetOptions...'
cocos2d-x-4,../repos/cocos2d-x-4/cocos/editor-support/cocostudio/WidgetReader/TextAtlasReader/TextAtlasReader.cpp,"(43, 1)-(330, 2)",b'namespace cocostudio\n{\n    static const char*...'
cocos2d-x-4,../repos/cocos2d-x-4/cocos/editor-support/cocostudio/WidgetReader/TextAtlasReader/TextAtlasReader.h,"(32, 1)-(55, 2)",b'namespace cocostudio\n{\n    class CC_STUDIO_DL...'
cocos2d-x-4,../repos/cocos2d-x-4/cocos/editor-support/cocostudio/WidgetReader/TextBMFontReader/TextBMFontReader.cpp,"(43, 1)-(291, 2)",b'namespace cocostudio\n{\n    static const char*...'
cocos2d-x-4,../repos/cocos2d-x-4/cocos/editor-support/cocostudio/WidgetReader/TextBMFontReader/TextBMFontReader.h,"(32, 1)-(55, 2)",b'namespace cocostudio\n{\n    class CC_STUDIO_DL...'
cocos2d-x-4,../repos/cocos2d-x-4/cocos/editor-support/cocostudio/WidgetReader/TextFieldReader/TextFieldReader.cpp,"(42, 1)-(407, 2)",b'namespace cocostudio\n{\n    static TextFieldRe...'
cocos2d-x-4,../repos/cocos2d-x-4/cocos/editor-support/cocostudio/WidgetReader/TextFieldReader/TextFieldReader.h,"(32, 1)-(55, 2)",b'namespace cocostudio\n{\n    class CC_STUDIO_DL...'
cocos2d-x-4,../repos/cocos2d-x-4/cocos/editor-support/cocostudio/WidgetReader/TextReader/TextReader.cpp,"(43, 1)-(532, 2)",b'namespace cocostudio\n{\n    static const char*...'
cocos2d-x-4,../repos/cocos2d-x-4/cocos/editor-support/cocostudio/WidgetReader/TextReader/TextReader.h,"(32, 1)-(55, 2)",b'namespace cocostudio\n{\n    class CC_STUDIO_DL...'
cocos2d-x-4,../repos/cocos2d-x-4/cocos/editor-support/cocostudio/WidgetReader/UserCameraReader/UserCameraReader.cpp,"(43, 1)-(503, 2)",b'namespace cocostudio\n{\n    IMPLEMENT_CLASS_NO...'
cocos2d-x-4,../repos/cocos2d-x-4/cocos/editor-support/cocostudio/WidgetReader/UserCameraReader/UserCameraReader.h,"(34, 1)-(37, 2)",b'namespace tinyxml2\n{\n    class XMLAttribute;\n}'
cocos2d-x-4,../repos/cocos2d-x-4/cocos/editor-support/cocostudio/WidgetReader/UserCameraReader/UserCameraReader.h,"(39, 1)-(62, 6)",b'namespace cocostudio\n{\n    class CC_STUDIO_DL...'
cocos2d-x-4,../repos/cocos2d-x-4/cocos/editor-support/cocostudio/WidgetReader/WidgetReader.cpp,"(49, 1)-(990, 2)",b'namespace cocostudio\n{\n    \n    const char* P...'
cocos2d-x-4,../repos/cocos2d-x-4/cocos/editor-support/cocostudio/WidgetReader/WidgetReader.h,"(36, 1)-(104, 6)",b'namespace cocostudio\n{\n    class CocoLoader;\n...'
cocos2d-x-4,../repos/cocos2d-x-4/cocos/editor-support/cocostudio/WidgetReader/WidgetReaderProtocol.h,"(33, 1)-(36, 2)",b'namespace protocolbuffers\n{\n    class NodeTree;\n}'
cocos2d-x-4,../repos/cocos2d-x-4/cocos/editor-support/cocostudio/WidgetReader/WidgetReaderProtocol.h,"(38, 1)-(44, 2)",b'namespace cocos2d\n{\n    namespace ui\n    {\n  ...'
cocos2d-x-4,../repos/cocos2d-x-4/cocos/editor-support/cocostudio/WidgetReader/WidgetReaderProtocol.h,"(40, 5)-(43, 6)",b'namespace ui\n    {\n        class Widget;\n    }'
cocos2d-x-4,../repos/cocos2d-x-4/cocos/editor-support/cocostudio/WidgetReader/WidgetReaderProtocol.h,"(46, 1)-(58, 2)",b'namespace cocostudio\n{\n    class CocoLoader;\n...'
cocos2d-x-4,../repos/cocos2d-x-4/cocos/editor-support/spine/Animation.h,"(40, 1)-(120, 2)",b'namespace spine {\nclass Timeline;\n\nclass Skel...'
cocos2d-x-4,../repos/cocos2d-x-4/cocos/editor-support/spine/AnimationState.h,"(44, 1)-(254, 3)",b'namespace spine {\n\tenum EventType {\n\t\tEventTy...'
cocos2d-x-4,../repos/cocos2d-x-4/cocos/editor-support/spine/AnimationStateData.h,"(39, 1)-(82, 3)",b'namespace spine {\n\tclass SkeletonData;\n\tclass...'
cocos2d-x-4,../repos/cocos2d-x-4/cocos/editor-support/spine/Atlas.h,"(39, 1)-(82, 2)",b'namespace spine {\nenum Format {\n\tFormat_Alpha...'
cocos2d-x-4,../repos/cocos2d-x-4/cocos/editor-support/spine/AtlasAttachmentLoader.cpp,"(45, 1)-(129, 2)",b'namespace spine {\nRTTI_IMPL(AtlasAttachmentLo...'
cocos2d-x-4,../repos/cocos2d-x-4/cocos/editor-support/spine/AtlasAttachmentLoader.h,"(38, 1)-(69, 2)",b'namespace spine {\n\tclass Atlas;\n\tclass AtlasR...'
cocos2d-x-4,../repos/cocos2d-x-4/cocos/editor-support/spine/Attachment.h,"(37, 1)-(58, 2)",b'namespace spine {\nclass SP_API Attachment : p...'
cocos2d-x-4,../repos/cocos2d-x-4/cocos/editor-support/spine/AttachmentLoader.h,"(37, 1)-(73, 2)",b'namespace spine {\n\tclass Skin;\n\tclass Attachm...'
cocos2d-x-4,../repos/cocos2d-x-4/cocos/editor-support/spine/AttachmentTimeline.h,"(40, 1)-(71, 2)",b'namespace spine {\n\n\tclass Skeleton;\n\tclass Ev...'
cocos2d-x-4,../repos/cocos2d-x-4/cocos/editor-support/spine/AttachmentType.h,"(33, 1)-(43, 2)",b'namespace spine {\n\tenum AttachmentType {\n\t\tAt...'
cocos2d-x-4,../repos/cocos2d-x-4/cocos/editor-support/spine/AttachmentVertices.cpp,"(34, 1)-(53, 2)",b'namespace spine {\n\nAttachmentVertices::Attach...'
cocos2d-x-4,../repos/cocos2d-x-4/cocos/editor-support/spine/AttachmentVertices.h,"(35, 1)-(46, 2)",b'namespace spine {\n\nclass AttachmentVertices {...'
cocos2d-x-4,../repos/cocos2d-x-4/cocos/editor-support/spine/BlendMode.h,"(33, 1)-(40, 2)",b'namespace spine {\nenum BlendMode {\n\tBlendMode...'
cocos2d-x-4,../repos/cocos2d-x-4/cocos/editor-support/spine/Bone.h,"(37, 1)-(249, 2)",b'namespace spine {\nclass BoneData;\n\nclass Skel...'
cocos2d-x-4,../repos/cocos2d-x-4/cocos/editor-support/spine/BoneData.h,"(37, 1)-(121, 2)",b'namespace spine {\nclass SP_API BoneData : pub...'
cocos2d-x-4,../repos/cocos2d-x-4/cocos/editor-support/spine/BoundingBoxAttachment.h,"(36, 1)-(45, 2)",b'namespace spine {\n\t/// Attachment that has a ...'
cocos2d-x-4,../repos/cocos2d-x-4/cocos/editor-support/spine/ClippingAttachment.h,"(35, 1)-(57, 2)",b'namespace spine {\n\tclass SlotData;\n\n\tclass SP...'
cocos2d-x-4,../repos/cocos2d-x-4/cocos/editor-support/spine/Color.h,"(35, 1)-(91, 2)",b'namespace spine {\nclass SP_API Color : public...'
cocos2d-x-4,../repos/cocos2d-x-4/cocos/editor-support/spine/ColorTimeline.h,"(35, 1)-(78, 2)",b'namespace spine {\nclass SP_API ColorTimeline ...'
cocos2d-x-4,../repos/cocos2d-x-4/cocos/editor-support/spine/ConstraintData.h,"(36, 1)-(61, 2)",b'namespace spine {\n/// The interface for all c...'
cocos2d-x-4,../repos/cocos2d-x-4/cocos/editor-support/spine/ContainerUtil.h,"(41, 1)-(125, 2)",b'namespace spine {\n\tclass SP_API ContainerUtil...'
cocos2d-x-4,../repos/cocos2d-x-4/cocos/editor-support/spine/CurveTimeline.h,"(36, 1)-(74, 2)",b'namespace spine {\n\t/// Base class for frames ...'
cocos2d-x-4,../repos/cocos2d-x-4/cocos/editor-support/spine/Debug.h,"(37, 1)-(124, 2)",b'namespace spine {\nclass SP_API DebugExtension...'
cocos2d-x-4,../repos/cocos2d-x-4/cocos/editor-support/spine/DeformTimeline.h,"(35, 1)-(67, 2)",b'namespace spine {\n\tclass VertexAttachment;\n\n\t...'
cocos2d-x-4,../repos/cocos2d-x-4/cocos/editor-support/spine/DrawOrderTimeline.h,"(35, 1)-(61, 2)",b'namespace spine {\n\tclass SP_API DrawOrderTime...'
cocos2d-x-4,../repos/cocos2d-x-4/cocos/editor-support/spine/Event.h,"(36, 1)-(84, 2)",b'namespace spine {\nclass EventData;\n\n/// Store...'
cocos2d-x-4,../repos/cocos2d-x-4/cocos/editor-support/spine/EventData.h,"(36, 1)-(84, 2)",b'namespace spine {\n/// Stores the setup pose v...'
cocos2d-x-4,../repos/cocos2d-x-4/cocos/editor-support/spine/EventTimeline.h,"(35, 1)-(62, 2)",b'namespace spine {\n\tclass SP_API EventTimeline...'
cocos2d-x-4,../repos/cocos2d-x-4/cocos/editor-support/spine/Extension.h,"(39, 1)-(116, 2)",b'namespace spine {\nclass String;\n\nclass SP_API...'
cocos2d-x-4,../repos/cocos2d-x-4/cocos/editor-support/spine/HashMap.h,"(42, 1)-(187, 2)","b'namespace spine {\ntemplate<typename K, typena...'"
cocos2d-x-4,../repos/cocos2d-x-4/cocos/editor-support/spine/HasRendererObject.h,"(33, 1)-(59, 2)",b'namespace spine {\n\ntypedef void (*DisposeRend...'
cocos2d-x-4,../repos/cocos2d-x-4/cocos/editor-support/spine/IkConstraint.h,"(37, 1)-(113, 2)",b'namespace spine {\nclass IkConstraintData;\n\ncl...'
cocos2d-x-4,../repos/cocos2d-x-4/cocos/editor-support/spine/IkConstraintData.h,"(38, 1)-(87, 2)",b'namespace spine {\n\tclass BoneData;\n\n\tclass SP...'
cocos2d-x-4,../repos/cocos2d-x-4/cocos/editor-support/spine/IkConstraintTimeline.h,"(35, 1)-(71, 2)",b'namespace spine {\n\n\tclass SP_API IkConstraint...'
cocos2d-x-4,../repos/cocos2d-x-4/cocos/editor-support/spine/Json.h,"(40, 1)-(113, 2)",b'namespace spine {\nclass SP_API Json : public ...'
cocos2d-x-4,../repos/cocos2d-x-4/cocos/editor-support/spine/LinkedMesh.h,"(36, 1)-(54, 2)",b'namespace spine {\nclass MeshAttachment;\n\nclas...'
cocos2d-x-4,../repos/cocos2d-x-4/cocos/editor-support/spine/MathUtil.h,"(37, 1)-(127, 2)",b'namespace spine {\n\nclass SP_API MathUtil : pu...'
cocos2d-x-4,../repos/cocos2d-x-4/cocos/editor-support/spine/MeshAttachment.h,"(38, 1)-(140, 3)",b'namespace spine {\n\t/// Attachment that displa...'
cocos2d-x-4,../repos/cocos2d-x-4/cocos/editor-support/spine/MixBlend.h,"(33, 1)-(43, 2)",b'namespace spine {\n\n/// Controls how a timelin...'
cocos2d-x-4,../repos/cocos2d-x-4/cocos/editor-support/spine/MixDirection.h,"(33, 1)-(42, 2)",b'namespace spine {\n\n/// Indicates whether a ti...'
cocos2d-x-4,../repos/cocos2d-x-4/cocos/editor-support/spine/PathAttachment.h,"(35, 1)-(58, 2)",b'namespace spine {\n\tclass SP_API PathAttachmen...'
cocos2d-x-4,../repos/cocos2d-x-4/cocos/editor-support/spine/PathConstraint.h,"(37, 1)-(113, 2)",b'namespace spine {\n\tclass PathConstraintData;\n...'
cocos2d-x-4,../repos/cocos2d-x-4/cocos/editor-support/spine/PathConstraintData.h,"(41, 1)-(96, 2)",b'namespace spine {\n\tclass BoneData;\n\tclass Slo...'
cocos2d-x-4,../repos/cocos2d-x-4/cocos/editor-support/spine/PathConstraintMixTimeline.h,"(35, 1)-(66, 2)",b'namespace spine {\n#define SP_PATHCONSTRAINTMI...'
cocos2d-x-4,../repos/cocos2d-x-4/cocos/editor-support/spine/PathConstraintPositionTimeline.h,"(35, 1)-(65, 2)",b'namespace spine {\n\n\tclass SP_API PathConstrai...'
cocos2d-x-4,../repos/cocos2d-x-4/cocos/editor-support/spine/PathConstraintSpacingTimeline.h,"(35, 1)-(49, 2)",b'namespace spine {\n\tclass SP_API PathConstrain...'
cocos2d-x-4,../repos/cocos2d-x-4/cocos/editor-support/spine/PointAttachment.h,"(35, 1)-(71, 2)",b'namespace spine {\n\tclass Bone;\n\n\t/// An attac...'
cocos2d-x-4,../repos/cocos2d-x-4/cocos/editor-support/spine/Pool.h,"(38, 1)-(72, 2)",b'namespace spine {\ntemplate<typename T>\nclass ...'
cocos2d-x-4,../repos/cocos2d-x-4/cocos/editor-support/spine/PositionMode.h,"(33, 1)-(38, 2)",b'namespace spine {\nenum PositionMode {\n\tPositi...'
cocos2d-x-4,../repos/cocos2d-x-4/cocos/editor-support/spine/RegionAttachment.h,"(41, 1)-(130, 3)",b'namespace spine {\n\tclass Bone;\n\n\t/// Attachme...'
cocos2d-x-4,../repos/cocos2d-x-4/cocos/editor-support/spine/RotateMode.h,"(33, 1)-(39, 2)",b'namespace spine {\nenum RotateMode {\n\tRotateMo...'
cocos2d-x-4,../repos/cocos2d-x-4/cocos/editor-support/spine/RotateTimeline.h,"(35, 1)-(68, 2)",b'namespace spine {\n\tclass SP_API RotateTimelin...'
cocos2d-x-4,../repos/cocos2d-x-4/cocos/editor-support/spine/RTTI.h,"(35, 1)-(57, 2)",b'namespace spine {\nclass SP_API RTTI : public ...'
cocos2d-x-4,../repos/cocos2d-x-4/cocos/editor-support/spine/ScaleTimeline.h,"(35, 1)-(49, 2)",b'namespace spine {\n\tclass SP_API ScaleTimeline...'
cocos2d-x-4,../repos/cocos2d-x-4/cocos/editor-support/spine/ShearTimeline.h,"(35, 1)-(49, 2)",b'namespace spine {\n\tclass SP_API ShearTimeline...'
cocos2d-x-4,../repos/cocos2d-x-4/cocos/editor-support/spine/Skeleton.h,"(39, 1)-(241, 2)",b'namespace spine {\nclass SkeletonData;\n\nclass ...'
cocos2d-x-4,../repos/cocos2d-x-4/cocos/editor-support/spine/SkeletonAnimation.cpp,"(40, 1)-(327, 2)",b'namespace spine {\n\ntypedef struct _TrackEntry...'
cocos2d-x-4,../repos/cocos2d-x-4/cocos/editor-support/spine/SkeletonAnimation.h,"(37, 1)-(134, 2)",b'namespace spine {\n\nclass SkeletonAnimation;\n\n...'
cocos2d-x-4,../repos/cocos2d-x-4/cocos/editor-support/spine/SkeletonBinary.h,"(39, 1)-(128, 3)",b'namespace spine {\n\tclass SkeletonData;\n\tclass...'
cocos2d-x-4,../repos/cocos2d-x-4/cocos/editor-support/spine/SkeletonBounds.h,"(36, 1)-(102, 2)",b'namespace spine {\n\tclass Skeleton;\n\tclass Bou...'
cocos2d-x-4,../repos/cocos2d-x-4/cocos/editor-support/spine/SkeletonClipping.h,"(36, 1)-(77, 2)",b'namespace spine {\n\tclass Slot;\n\tclass Clippin...'
cocos2d-x-4,../repos/cocos2d-x-4/cocos/editor-support/spine/SkeletonData.h,"(36, 1)-(189, 2)",b'namespace spine {\nclass BoneData;\n\nclass Slot...'
cocos2d-x-4,../repos/cocos2d-x-4/cocos/editor-support/spine/SkeletonJson.h,"(37, 1)-(89, 2)",b'namespace spine {\nclass CurveTimeline;\n\nclass...'
cocos2d-x-4,../repos/cocos2d-x-4/cocos/editor-support/spine/SkeletonRenderer.cpp,"(38, 1)-(1092, 2)",b'namespace spine {\n\n\tnamespace {\n\t\tCocos2dText...'
cocos2d-x-4,../repos/cocos2d-x-4/cocos/editor-support/spine/SkeletonRenderer.cpp,"(40, 2)-(51, 3)",b'namespace {\n\t\tCocos2dTextureLoader textureLoa...'
cocos2d-x-4,../repos/cocos2d-x-4/cocos/editor-support/spine/SkeletonRenderer.cpp,"(910, 2)-(1090, 3)",b'namespace {\n\t\tcocos2d::Rect computeBoundingRe...'
cocos2d-x-4,../repos/cocos2d-x-4/cocos/editor-support/spine/SkeletonRenderer.h,"(36, 1)-(163, 2)",b'namespace spine {\n\n\tclass AttachmentVertices;...'
cocos2d-x-4,../repos/cocos2d-x-4/cocos/editor-support/spine/Skin.h,"(36, 1)-(114, 3)",b'namespace spine {\nclass Attachment;\n\nclass Sk...'
cocos2d-x-4,../repos/cocos2d-x-4/cocos/editor-support/spine/Slot.h,"(37, 1)-(122, 2)",b'namespace spine {\nclass SlotData;\n\nclass Bone...'
cocos2d-x-4,../repos/cocos2d-x-4/cocos/editor-support/spine/SlotData.h,"(38, 1)-(111, 2)",b'namespace spine {\nclass BoneData;\n\nclass SP_A...'
cocos2d-x-4,../repos/cocos2d-x-4/cocos/editor-support/spine/SpacingMode.h,"(33, 1)-(39, 2)",b'namespace spine {\nenum SpacingMode {\n\tSpacing...'
cocos2d-x-4,../repos/cocos2d-x-4/cocos/editor-support/spine/spine-cocos2dx.h,"(48, 1)-(76, 2)",b'namespace spine {\n\tclass Cocos2dAtlasAttachme...'
cocos2d-x-4,../repos/cocos2d-x-4/cocos/editor-support/spine/SpineObject.h,"(38, 1)-(57, 2)",b'namespace spine {\nclass String;\n\nclass SP_API...'
cocos2d-x-4,../repos/cocos2d-x-4/cocos/editor-support/spine/SpineString.h,"(44, 1)-(209, 2)",b'namespace spine {\nclass SP_API String : publi...'
cocos2d-x-4,../repos/cocos2d-x-4/cocos/editor-support/spine/TextureLoader.cpp,"(36, 1)-(42, 2)",b'namespace spine {\nTextureLoader::TextureLoade...'
cocos2d-x-4,../repos/cocos2d-x-4/cocos/editor-support/spine/TextureLoader.h,"(36, 1)-(49, 2)",b'namespace spine {\n\tclass AtlasPage;\n\n\tclass S...'
cocos2d-x-4,../repos/cocos2d-x-4/cocos/editor-support/spine/Timeline.cpp,"(39, 1)-(48, 2)",b'namespace spine {\nRTTI_IMPL_NOPARENT(Timeline...'
cocos2d-x-4,../repos/cocos2d-x-4/cocos/editor-support/spine/Timeline.h,"(39, 1)-(68, 2)",b'namespace spine {\nclass Skeleton;\n\nclass Even...'
cocos2d-x-4,../repos/cocos2d-x-4/cocos/editor-support/spine/TimelineType.h,"(33, 1)-(51, 2)",b'namespace spine {\nenum TimelineType {\n\tTimeli...'
cocos2d-x-4,../repos/cocos2d-x-4/cocos/editor-support/spine/TransformConstraint.h,"(37, 1)-(95, 2)",b'namespace spine {\n\tclass TransformConstraintD...'
cocos2d-x-4,../repos/cocos2d-x-4/cocos/editor-support/spine/TransformConstraintData.h,"(38, 1)-(76, 2)",b'namespace spine {\n\tclass BoneData;\n\n\tclass SP...'
cocos2d-x-4,../repos/cocos2d-x-4/cocos/editor-support/spine/TransformConstraintTimeline.h,"(35, 1)-(68, 2)",b'namespace spine {\n\n\tclass SP_API TransformCon...'
cocos2d-x-4,../repos/cocos2d-x-4/cocos/editor-support/spine/TransformMode.h,"(33, 1)-(41, 2)",b'namespace spine {\n\tenum TransformMode {\n\t\tTra...'
cocos2d-x-4,../repos/cocos2d-x-4/cocos/editor-support/spine/TranslateTimeline.h,"(38, 1)-(70, 2)",b'namespace spine {\n\n\tclass SP_API TranslateTim...'
cocos2d-x-4,../repos/cocos2d-x-4/cocos/editor-support/spine/Triangulator.h,"(36, 1)-(62, 2)",b'namespace spine {\nclass SP_API Triangulator :...'
cocos2d-x-4,../repos/cocos2d-x-4/cocos/editor-support/spine/TwoColorTimeline.h,"(35, 1)-(78, 2)",b'namespace spine {\n\n\tclass SP_API TwoColorTime...'
cocos2d-x-4,../repos/cocos2d-x-4/cocos/editor-support/spine/Updatable.h,"(36, 1)-(51, 2)",b'namespace spine {\nclass SP_API Updatable : pu...'
cocos2d-x-4,../repos/cocos2d-x-4/cocos/editor-support/spine/v3/SkeletonBatch.cpp,"(41, 1)-(153, 2)",b'namespace spine {\n\nstatic SkeletonBatch* inst...'
cocos2d-x-4,../repos/cocos2d-x-4/cocos/editor-support/spine/v3/SkeletonBatch.h,"(39, 1)-(75, 2)",b'namespace spine {\n\n\tclass SkeletonBatch {\n\tpu...'
cocos2d-x-4,../repos/cocos2d-x-4/cocos/editor-support/spine/v3/SkeletonTwoColorBatch.h,"(39, 1)-(168, 2)",b'namespace spine {\n\tstruct V3F_C4B_C4B_T2F {\n\t...'
cocos2d-x-4,../repos/cocos2d-x-4/cocos/editor-support/spine/v4/SkeletonBatch.cpp,"(44, 1)-(193, 2)",b'namespace spine {\n\nstatic SkeletonBatch* inst...'
cocos2d-x-4,../repos/cocos2d-x-4/cocos/editor-support/spine/v4/SkeletonBatch.h,"(39, 1)-(80, 2)",b'namespace spine {\n    \n    class SkeletonBatc...'
cocos2d-x-4,../repos/cocos2d-x-4/cocos/editor-support/spine/v4/SkeletonTwoColorBatch.h,"(39, 1)-(161, 2)",b'namespace spine {\n\tstruct V3F_C4B_C4B_T2F {\n\t...'
cocos2d-x-4,../repos/cocos2d-x-4/cocos/editor-support/spine/Vector.h,"(38, 1)-(220, 2)",b'namespace spine {\ntemplate<typename T>\nclass ...'
cocos2d-x-4,../repos/cocos2d-x-4/cocos/editor-support/spine/VertexAttachment.h,"(37, 1)-(91, 2)",b'namespace spine {\n\tclass Slot;\n\n\t/// An attac...'
cocos2d-x-4,../repos/cocos2d-x-4/cocos/editor-support/spine/VertexEffect.h,"(36, 1)-(103, 2)",b'namespace spine {\n\nclass Skeleton;\nclass Colo...'
cocos2d-x-4,../repos/cocos2d-x-4/cocos/editor-support/spine/Vertices.h,"(35, 1)-(41, 2)",b'namespace spine {\nclass SP_API Vertices : pub...'
cocos2d-x-4,../repos/cocos2d-x-4/cocos/math/TransformUtils.cpp,"(31, 1)-(52, 2)",b'namespace cocos2d {\n\nvoid CGAffineToGL(const ...'
cocos2d-x-4,../repos/cocos2d-x-4/cocos/math/TransformUtils.h,"(38, 1)-(49, 2)",b'namespace   cocos2d {\n\nstruct AffineTransform...'
cocos2d-x-4,../repos/cocos2d-x-4/cocos/network/CCDownloader-android.cpp,"(73, 1)-(219, 2)",b'namespace cocos2d { namespace network {\n\n    ...'
cocos2d-x-4,../repos/cocos2d-x-4/cocos/network/CCDownloader-android.cpp,"(73, 21)-(218, 6)",b'namespace network {\n\n        static int sTask...'
cocos2d-x-4,../repos/cocos2d-x-4/cocos/network/CCDownloader-android.h,"(32, 1)-(57, 7)",b'namespace cocos2d { namespace network\n    {\n ...'
cocos2d-x-4,../repos/cocos2d-x-4/cocos/network/CCDownloader-android.h,"(32, 21)-(57, 6)",b'namespace network\n    {\n        class Downloa...'
cocos2d-x-4,../repos/cocos2d-x-4/cocos/network/CCDownloader-apple.h,"(30, 1)-(44, 3)",b'namespace cocos2d { namespace network\n{\n    c...'
cocos2d-x-4,../repos/cocos2d-x-4/cocos/network/CCDownloader-apple.h,"(30, 21)-(44, 2)",b'namespace network\n{\n    class DownloaderHints...'
cocos2d-x-4,../repos/cocos2d-x-4/cocos/network/CCDownloader-curl.cpp,"(44, 1)-(861, 3)",b'namespace cocos2d { namespace network {\n    u...'
cocos2d-x-4,../repos/cocos2d-x-4/cocos/network/CCDownloader-curl.cpp,"(44, 21)-(861, 2)",b'namespace network {\n    using namespace std;\n...'
cocos2d-x-4,../repos/cocos2d-x-4/cocos/network/CCDownloader-curl.h,"(30, 1)-(32, 2)",b'namespace cocos2d {\n    class Scheduler;\n}'
cocos2d-x-4,../repos/cocos2d-x-4/cocos/network/CCDownloader-curl.h,"(34, 1)-(61, 3)",b'namespace cocos2d { namespace network\n{\n    c...'
cocos2d-x-4,../repos/cocos2d-x-4/cocos/network/CCDownloader-curl.h,"(34, 21)-(61, 2)",b'namespace network\n{\n    class DownloadTaskCUR...'
cocos2d-x-4,../repos/cocos2d-x-4/cocos/network/CCDownloader.cpp,"(46, 1)-(176, 3)",b'namespace cocos2d { namespace network {\n\n    ...'
cocos2d-x-4,../repos/cocos2d-x-4/cocos/network/CCDownloader.cpp,"(46, 21)-(176, 2)",b'namespace network {\n\n    DownloadTask::Downlo...'
cocos2d-x-4,../repos/cocos2d-x-4/cocos/network/CCDownloader.h,"(35, 1)-(111, 3)",b'namespace cocos2d { namespace network {\n\n    ...'
cocos2d-x-4,../repos/cocos2d-x-4/cocos/network/CCDownloader.h,"(35, 21)-(111, 2)",b'namespace network {\n\n    class IDownloadTask;...'
cocos2d-x-4,../repos/cocos2d-x-4/cocos/network/CCIDownloaderImpl.h,"(41, 1)-(71, 3)",b'namespace cocos2d { namespace network\n{\n    c...'
cocos2d-x-4,../repos/cocos2d-x-4/cocos/network/CCIDownloaderImpl.h,"(41, 21)-(71, 2)",b'namespace network\n{\n    class DownloadTask;\n\n...'
cocos2d-x-4,../repos/cocos2d-x-4/cocos/network/Uri.cpp,"(41, 1)-(65, 2)",b'namespace {\n\ntemplate<typename T>\nstd::string...'
cocos2d-x-4,../repos/cocos2d-x-4/cocos/network/WebSocket.h,"(55, 1)-(277, 2)",b'namespace network {\n\nclass WsThreadHelper;\n\n/...'
cocos2d-x-4,../repos/cocos2d-x-4/cocos/physics/CCPhysicsBody.cpp,"(76, 1)-(80, 2)",b'namespace\n{\n    static const float MASS_DEFAU...'
cocos2d-x-4,../repos/cocos2d-x-4/cocos/physics/CCPhysicsWorld.cpp,"(54, 1)-(78, 2)",b'namespace\n{\n    typedef struct RayCastCallbac...'
cocos2d-x-4,../repos/cocos2d-x-4/cocos/platform/android/jni/JniHelper.cpp,"(66, 1)-(315, 2)",b'namespace cocos2d {\n\n    JavaVM* JniHelper::_...'
cocos2d-x-4,../repos/cocos2d-x-4/cocos/platform/apple/CCDevice-apple.h,"(32, 1)-(36, 2)",b'namespace FontUtils {\n    NSMutableParagraphS...'
cocos2d-x-4,../repos/cocos2d-x-4/cocos/platform/CCFileUtils.cpp,"(1380, 1)-(1393, 2)",b'namespace\n{\n#if (CC_TARGET_PLATFORM != CC_PLA...'
cocos2d-x-4,../repos/cocos2d-x-4/cocos/platform/CCImage.cpp,"(308, 1)-(397, 2)",b'namespace\n{\n    struct DDColorKey\n    {\n     ...'
cocos2d-x-4,../repos/cocos2d-x-4/cocos/platform/CCImage.cpp,"(403, 1)-(423, 2)",b'namespace\n{\n    struct ATITCTexHeader\n    {\n ...'
cocos2d-x-4,../repos/cocos2d-x-4/cocos/platform/CCImage.cpp,"(428, 1)-(453, 2)",b'namespace\n{\n    typedef struct \n    {\n       ...'
cocos2d-x-4,../repos/cocos2d-x-4/cocos/platform/CCImage.cpp,"(747, 1)-(804, 2)",b'namespace\n{\n/*\n * ERROR HANDLING:\n *\n * The J...'
cocos2d-x-4,../repos/cocos2d-x-4/cocos/platform/CCImage.cpp,"(1056, 1)-(1093, 2)",b'namespace\n{\n    bool testFormatForPvr2TCSuppo...'
cocos2d-x-4,../repos/cocos2d-x-4/cocos/platform/CCImage.cpp,"(1557, 1)-(1564, 2)",b'namespace\n{\n    static uint32_t makeFourCC(ch...'
cocos2d-x-4,../repos/cocos2d-x-4/cocos/renderer/backend/Buffer.h,"(31, 1)-(34, 2)",b'namespace cocos2d {\n    class MeshVertexData;...'
cocos2d-x-4,../repos/cocos2d-x-4/cocos/renderer/backend/opengl/TextureGL.cpp,"(38, 1)-(53, 2)",b'namespace {\n    bool isMipmapEnabled(GLint fi...'
cocos2d-x-4,../repos/cocos2d-x-4/cocos/renderer/backend/ProgramCache.cpp,"(32, 1)-(44, 2)",b'namespace std\n{\n    template <>\n    struct ha...'
cocos2d-x-4,../repos/cocos2d-x-4/cocos/renderer/backend/Texture.cpp,"(31, 1)-(95, 2)",b'namespace\n{\n    uint8_t computeBitsPerElement...'
cocos2d-x-4,../repos/cocos2d-x-4/cocos/renderer/CCMaterial.h,"(56, 1)-(59, 2)",b'namespace backend\n{\n    class ProgramState;\n}'
cocos2d-x-4,../repos/cocos2d-x-4/cocos/renderer/CCPass.h,"(48, 1)-(52, 2)",b'namespace backend\n{\n    class ProgramState;\n ...'
cocos2d-x-4,../repos/cocos2d-x-4/cocos/renderer/CCRenderer.h,"(46, 1)-(53, 2)",b'namespace backend\n{\n    class Buffer;\n    cla...'
cocos2d-x-4,../repos/cocos2d-x-4/cocos/renderer/CCTechnique.h,"(43, 1)-(46, 2)",b'namespace  backend\n{\n    class ProgramState;\n}'
cocos2d-x-4,../repos/cocos2d-x-4/cocos/renderer/CCTexture2D.h,"(46, 1)-(49, 2)",b'namespace ui\n{\n    class Scale9Sprite;\n}'
cocos2d-x-4,../repos/cocos2d-x-4/cocos/renderer/CCTexture2D.h,"(51, 1)-(55, 2)",b'namespace backend {\n    class Texture2DBacken...'
cocos2d-x-4,../repos/cocos2d-x-4/cocos/renderer/CCTextureUtils.cpp,"(30, 21)-(1049, 2)",b'namespace PixelFormatUtils {\n    \n    ///////...'
cocos2d-x-4,../repos/cocos2d-x-4/cocos/renderer/CCTextureUtils.h,"(33, 5)-(97, 6)",b'namespace PixelFormatUtils {\n        typedef ...'
cocos2d-x-4,../repos/cocos2d-x-4/cocos/scripting/lua-bindings/manual/CCComponentLua.cpp,"(41, 1)-(60, 2)",b'namespace {\n    void adjustScriptFileName(std...'
cocos2d-x-4,../repos/cocos2d-x-4/cocos/scripting/lua-bindings/manual/CCLuaStack.cpp,"(61, 1)-(102, 2)",b'namespace {\n    int get_string_for_print(lua_...'
cocos2d-x-4,../repos/cocos2d-x-4/cocos/scripting/lua-bindings/manual/CCLuaStack.cpp,"(848, 1)-(862, 2)","b'namespace {\n\nvoid skipBOM(const char*& chunk,...'"
cocos2d-x-4,../repos/cocos2d-x-4/cocos/scripting/lua-bindings/manual/cocostudio/CustomGUIReader.cpp,"(32, 1)-(109, 2)",b'namespace cocostudio\n{\n\n    CustomGUIReader* ...'
cocos2d-x-4,../repos/cocos2d-x-4/cocos/scripting/lua-bindings/manual/cocostudio/CustomGUIReader.h,"(32, 1)-(54, 2)",b'namespace cocostudio\n{\n    class CustomGUIRea...'
cocos2d-x-4,../repos/cocos2d-x-4/cocos/scripting/lua-bindings/manual/cocostudio/lua-cocos-studio-conversions.h,"(35, 1)-(41, 2)",b'namespace cocostudio\n{\n    namespace timeline...'
cocos2d-x-4,../repos/cocos2d-x-4/cocos/scripting/lua-bindings/manual/cocostudio/lua-cocos-studio-conversions.h,"(37, 5)-(40, 6)",b'namespace timeline\n    {\n        struct Anima...'
cocos2d-x-4,../repos/cocos2d-x-4/cocos/scripting/lua-bindings/manual/navmesh/lua_cocos2dx_navmesh_conversions.h,"(37, 1)-(41, 2)",b'namespace cocos2d\n{\n    struct NavMeshAgentPa...'
cocos2d-x-4,../repos/cocos2d-x-4/cocos/ui/UIAbstractCheckButton.h,"(40, 1)-(256, 2)",b'namespace ui {\n    \n/**\n *  AbstractCheckButt...'
cocos2d-x-4,../repos/cocos2d-x-4/cocos/ui/UIButton.h,"(42, 1)-(390, 2)",b'namespace ui{\n\n    class Scale9Sprite;\n/**\n *...'
cocos2d-x-4,../repos/cocos2d-x-4/cocos/ui/UIEditBox/UIEditBoxImpl-android.cpp,"(46, 1)-(247, 2)",b'namespace ui {\n\n#define  LOGD(...)  __android...'
cocos2d-x-4,../repos/cocos2d-x-4/cocos/ui/UIEditBox/UIEditBoxImpl-android.h,"(40, 1)-(82, 2)",b'namespace ui {\n\nclass EditBox;\n\nclass EditBox...'
cocos2d-x-4,../repos/cocos2d-x-4/cocos/ui/UIEditBox/UIEditBoxImpl-linux.h,"(40, 1)-(83, 2)",b'namespace ui {\n\nclass EditBox;\n\nclass EditBox...'
cocos2d-x-4,../repos/cocos2d-x-4/cocos/ui/UIEditBox/UIEditBoxImpl.h,"(33, 1)-(119, 2)",b'namespace cocos2d {\n    namespace ui{\n       ...'
cocos2d-x-4,../repos/cocos2d-x-4/cocos/ui/UIEditBox/UIEditBoxImpl.h,"(34, 5)-(118, 6)",b'namespace ui{\n        \n        class CC_GUI_D...'
cocos2d-x-4,../repos/cocos2d-x-4/cocos/ui/UIImageView.h,"(40, 1)-(173, 2)",b'namespace ui {\n    class Scale9Sprite;\n/**\n *...'
cocos2d-x-4,../repos/cocos2d-x-4/cocos/ui/UILayout.h,"(47, 1)-(651, 2)",b'namespace ui {\n    \nclass LayoutManager;\nclas...'
cocos2d-x-4,../repos/cocos2d-x-4/cocos/ui/UIListView.cpp,"(33, 1)-(1069, 2)",b'namespace ui {\n    \nIMPLEMENT_CLASS_GUI_INFO(...'
cocos2d-x-4,../repos/cocos2d-x-4/cocos/ui/UILoadingBar.h,"(40, 1)-(211, 2)",b'namespace ui {\n    class Scale9Sprite;\n\n/**\n ...'
cocos2d-x-4,../repos/cocos2d-x-4/cocos/ui/UIPageViewIndicator.cpp,"(40, 1)-(279, 2)",b'namespace ui {\n\nPageViewIndicator* PageViewIn...'
cocos2d-x-4,../repos/cocos2d-x-4/cocos/ui/UIRichText.cpp,"(1498, 1)-(1639, 2)",b'namespace {\n    inline bool isUTF8CharWrappab...'
cocos2d-x-4,../repos/cocos2d-x-4/cocos/ui/UIRichText.cpp,"(1878, 1)-(1890, 2)",b'namespace {\n    float getPaddingAmount(const ...'
cocos2d-x-4,../repos/cocos2d-x-4/cocos/ui/UIRichText.cpp,"(1905, 1)-(1916, 2)",b'namespace {\n    bool isWhitespace(char c) {\n ...'
cocos2d-x-4,../repos/cocos2d-x-4/cocos/ui/UIRichText.h,"(41, 1)-(585, 2)",b'namespace ui {\n\n/**\n *@brief Rich text elemen...'
cocos2d-x-4,../repos/cocos2d-x-4/cocos/ui/UIScale9Sprite.h,"(44, 1)-(564, 2)",b'namespace ui {\n\n    /**\n     *@brief A 9-slic...'
cocos2d-x-4,../repos/cocos2d-x-4/cocos/ui/UIScrollView.cpp,"(49, 1)-(1562, 2)",b'namespace ui {\n\nIMPLEMENT_CLASS_GUI_INFO(Scro...'
cocos2d-x-4,../repos/cocos2d-x-4/cocos/ui/UIScrollView.h,"(41, 1)-(683, 2)",b'namespace ui {\n\nclass ScrollViewBar;\n\n/**\n * ...'
cocos2d-x-4,../repos/cocos2d-x-4/cocos/ui/UIScrollViewBar.h,"(39, 1)-(179, 2)",b'namespace ui {\n\n/**\n * Scroll bar being attac...'
cocos2d-x-4,../repos/cocos2d-x-4/cocos/ui/UISlider.h,"(42, 1)-(357, 2)",b'namespace ui {\n    class Scale9Sprite;\n    \nt...'
cocos2d-x-4,../repos/cocos2d-x-4/cocos/ui/UITabControl.h,"(41, 1)-(384, 6)",b'namespace ui {\n    \n    class Layout;\n    cla...'
cocos2d-x-4,../repos/cocos2d-x-4/cocos/ui/UIText.h,"(43, 1)-(371, 2)",b'namespace ui {\n\n/**\n *  For creating a system...'
cocos2d-x-4,../repos/cocos2d-x-4/cocos/ui/UITextAtlas.h,"(42, 1)-(161, 2)",b'namespace ui {\n    \n/**\n * @brief UI TextAtla...'
cocos2d-x-4,../repos/cocos2d-x-4/cocos/ui/UITextBMFont.h,"(41, 1)-(119, 2)",b'namespace ui {\n    \n/**\n * A widget for displ...'
cocos2d-x-4,../repos/cocos2d-x-4/cocos/ui/UIWebView/UIWebViewImpl-android.cpp,"(128, 1)-(162, 2)",b'namespace {\n\nint createWebViewJNI() {\n    coc...'
cocos2d-x-4,../repos/cocos2d-x-4/cocos/ui/UIWebView/UIWebViewImpl-android.cpp,"(164, 1)-(309, 2)",b'namespace cocos2d {\nnamespace ui{\n\n    static...'
cocos2d-x-4,../repos/cocos2d-x-4/cocos/ui/UIWebView/UIWebViewImpl-android.cpp,"(165, 1)-(308, 2)",b'namespace ui{\n\n    static std::unordered_map<...'
cocos2d-x-4,../repos/cocos2d-x-4/cocos/ui/UIWebView/UIWebViewImpl-android.h,"(32, 1)-(40, 2)",b'namespace cocos2d {\n    class Data;\n    class...'
cocos2d-x-4,../repos/cocos2d-x-4/cocos/ui/UIWebView/UIWebViewImpl-android.h,"(37, 5)-(39, 6)",b'namespace ui{\n        class WebView;\n    }'
cocos2d-x-4,../repos/cocos2d-x-4/cocos/ui/UIWebView/UIWebViewImpl-android.h,"(42, 1)-(101, 2)",b'namespace cocos2d {\nnamespace ui{\n\n    class ...'
cocos2d-x-4,../repos/cocos2d-x-4/cocos/ui/UIWebView/UIWebViewImpl-android.h,"(43, 1)-(100, 2)",b'namespace ui{\n\n    class WebViewImpl {\n    pu...'
cocos2d-x-4,../repos/cocos2d-x-4/cocos/ui/UIWebView/UIWebViewImpl-ios.h,"(33, 1)-(97, 2)",b'namespace cocos2d {\n    \nclass Data;\nclass Re...'
cocos2d-x-4,../repos/cocos2d-x-4/cocos/ui/UIWebView/UIWebViewImpl-ios.h,"(39, 1)-(96, 6)",b'namespace ui{\n    \nclass WebView;\n\nclass WebV...'
cocos2d-x-4,../repos/cocos2d-x-4/cocos/ui/UIWidget.h,"(45, 1)-(850, 2)",b'namespace ui {\n    class LayoutComponent;\n\n/*...'
cocos2d-x-4,../repos/cocos2d-x-4/extensions/assets-manager/AssetsManager.h,"(38, 1)-(40, 3)",b'namespace cocos2d { namespace network {\n    c...'
cocos2d-x-4,../repos/cocos2d-x-4/extensions/assets-manager/AssetsManager.h,"(38, 21)-(40, 2)",b'namespace network {\n    class Downloader;\n}'
cocos2d-x-4,../repos/cocos2d-x-4/extensions/GUI/CCControlExtension/CCControlSwitch.h,"(36, 1)-(36, 36)",b'namespace cocos2d { class Sprite; }'
cocos2d-x-4,../repos/cocos2d-x-4/extensions/GUI/CCControlExtension/CCControlSwitch.h,"(37, 1)-(37, 35)",b'namespace cocos2d { class Label; }'
cocos2d-x-4,../repos/cocos2d-x-4/templates/cpp-template-default/proj.android/app/jni/hellocpp/main.cpp,"(35, 1)-(37, 2)",b'namespace {\nstd::unique_ptr<AppDelegate> appD...'
cocos2d-x-4,../repos/cocos2d-x-4/templates/lua-template-default/frameworks/runtime-src/proj.android/app/jni/hellolua/main.cpp,"(35, 1)-(37, 2)",b'namespace {\nstd::unique_ptr<AppDelegate> appD...'
cocos2d-x-4,../repos/cocos2d-x-4/tests/cpp-empty-test/proj.android/app/jni/main.cpp,"(35, 1)-(37, 2)",b'namespace {\nstd::unique_ptr<AppDelegate> appD...'
cocos2d-x-4,../repos/cocos2d-x-4/tests/cpp-tests/Classes/BillBoardTest/BillBoardTest.h,"(32, 1)-(35, 2)",b'namespace cocos2d {\n    class BillBoard;\n    ...'
cocos2d-x-4,../repos/cocos2d-x-4/tests/cpp-tests/Classes/Camera3DTest/Camera3DTest.h,"(36, 1)-(39, 2)",b'namespace cocos2d {\n    class Sprite3D;\n    c...'
cocos2d-x-4,../repos/cocos2d-x-4/tests/cpp-tests/Classes/ClippingNodeTest/ClippingNodeTest.h,"(30, 1)-(32, 3)",b'namespace cocos2d { namespace backend {\nclass...'
cocos2d-x-4,../repos/cocos2d-x-4/tests/cpp-tests/Classes/ClippingNodeTest/ClippingNodeTest.h,"(30, 21)-(32, 2)",b'namespace backend {\nclass ProgramState;\n}'
cocos2d-x-4,../repos/cocos2d-x-4/tests/cpp-tests/Classes/controller.h,"(38, 1)-(44, 2)",b'namespace cocos2d\n{\n    class Director;\n    c...'
cocos2d-x-4,../repos/cocos2d-x-4/tests/cpp-tests/Classes/NewAudioEngineTest/NewAudioEngineTest.cpp,"(59, 1)-(193, 2)",b'namespace {\n    \n    class TextButton : publi...'
cocos2d-x-4,../repos/cocos2d-x-4/tests/cpp-tests/Classes/Physics3DTest/Physics3DTest.h,"(32, 1)-(34, 2)",b'namespace cocos2d {\n    class Physics3DConstr...'
cocos2d-x-4,../repos/cocos2d-x-4/tests/cpp-tests/Classes/PhysicsTest/PhysicsTest.cpp,"(57, 1)-(61, 2)","b'namespace\n{\n    Color4F STATIC_COLOR(1.0f, 0....'"
cocos2d-x-4,../repos/cocos2d-x-4/tests/cpp-tests/Classes/PhysicsTest/PhysicsTest.cpp,"(136, 1)-(187, 2)",b'namespace\n{\n    const int LOGO_WIDTH = 188;\n ...'
cocos2d-x-4,../repos/cocos2d-x-4/tests/cpp-tests/Classes/Sprite3DTest/Sprite3DTest.h,"(31, 1)-(39, 2)",b'namespace cocos2d {\n    class Animate3D;\n    ...'
cocos2d-x-4,../repos/cocos2d-x-4/tests/cpp-tests/Classes/Sprite3DTest/Sprite3DTest.h,"(457, 1)-(461, 2)",b'namespace cocos2d\n{\nclass TextureCube;\nclass ...'
cocos2d-x-4,../repos/cocos2d-x-4/tests/cpp-tests/Classes/UnitTest/UnitTest.cpp,"(1455, 1)-(1471, 2)",b'namespace UnitTest {\n\n#ifdef INCLUDE_NEON32\n#...'
cocos2d-x-4,../repos/cocos2d-x-4/tests/cpp-tests/Classes/VibrateTest/VibrateTest.cpp,"(39, 1)-(252, 2)",b'namespace {\n    class TextButton : public coc...'
cocos2d-x-4,../repos/cocos2d-x-4/tests/cpp-tests/proj.android/app/jni/main.cpp,"(35, 1)-(37, 2)",b'namespace {\nstd::unique_ptr<AppDelegate> appD...'
cocos2d-x-4,../repos/cocos2d-x-4/tests/lua-empty-test/project/proj.android/app/jni/main.cpp,"(35, 1)-(37, 2)",b'namespace {\nstd::unique_ptr<AppDelegate> appD...'
cocos2d-x-4,../repos/cocos2d-x-4/tests/lua-tests/project/proj.android/app/jni/main.cpp,"(35, 1)-(37, 2)",b'namespace {\nstd::unique_ptr<AppDelegate> appD...'
cocos2d-x-4,../repos/cocos2d-x-4/tests/performance-tests/Classes/tests/controller.h,"(37, 1)-(43, 2)",b'namespace cocos2d\n{\n    class Director;\n    c...'
cocos2d-x-4,../repos/cocos2d-x-4/tests/performance-tests/proj.android/app/jni/hellocpp/main.cpp,"(35, 1)-(37, 2)",b'namespace {\nstd::unique_ptr<AppDelegate> appD...'
