Repo name,File name,Location,Content
cocos2d-x-4,../repos/cocos2d-x-4/cocos/2d/CCActionInterval.h,"(914, 1)-(921, 18)",b'typedef struct _ccBezierConfig {\n    //! end ...'
cocos2d-x-4,../repos/cocos2d-x-4/cocos/2d/CCFontFNT.h,"(59, 1)-(68, 17)",b'typedef struct _BMFontPadding {\n    /// paddi...'
cocos2d-x-4,../repos/cocos2d-x-4/cocos/2d/CCFontFreeType.cpp,"(45, 1)-(49, 10)",b'typedef struct _DataRef\n{\n    Data data;\n    ...'
cocos2d-x-4,../repos/cocos2d-x-4/cocos/2d/CCLabel.h,"(49, 1)-(84, 13)",b'typedef struct _ttfConfig\n{\n    std::string f...'
cocos2d-x-4,../repos/cocos2d-x-4/cocos/2d/CCTMXXMLParser.h,"(78, 1)-(84, 16)",b'typedef enum TMXTileFlags_ {\n    kTMXTileHori...'
cocos2d-x-4,../repos/cocos2d-x-4/cocos/3d/CCAnimation3D.h,"(57, 9)-(57, 54)",b'typedef AnimationCurve<4> AnimationCurveQuat;'
cocos2d-x-4,../repos/cocos2d-x-4/cocos/3d/CCBundle3DData.h,"(145, 5)-(145, 52)",b'typedef std::vector<unsigned short> IndexArray;'
cocos2d-x-4,../repos/cocos2d-x-4/cocos/3d/CCObjLoader.h,"(34, 5)-(53, 18)",b'typedef struct {\n        std::string name;\n  ...'
cocos2d-x-4,../repos/cocos2d-x-4/cocos/3d/CCObjLoader.h,"(55, 5)-(61, 14)",b'typedef struct {\n        std::vector<float> p...'
cocos2d-x-4,../repos/cocos2d-x-4/cocos/3d/CCObjLoader.h,"(63, 5)-(66, 15)",b'typedef struct {\n        std::string name;\n  ...'
cocos2d-x-4,../repos/cocos2d-x-4/cocos/audio/android/audio.h,"(50, 1)-(68, 19)",b'typedef enum {\n    /* session for effects att...'
cocos2d-x-4,../repos/cocos2d-x-4/cocos/audio/android/audio.h,"(73, 1)-(81, 30)",b'typedef enum {\n    /* All of these are in nat...'
cocos2d-x-4,../repos/cocos2d-x-4/cocos/audio/android/audio.h,"(88, 1)-(90, 30)",b'typedef enum {\n    AUDIO_FORMAT_MP3_SUB_NONE ...'
cocos2d-x-4,../repos/cocos2d-x-4/cocos/audio/android/audio.h,"(95, 1)-(97, 30)",b'typedef enum {\n    AUDIO_FORMAT_AMR_SUB_NONE ...'
cocos2d-x-4,../repos/cocos2d-x-4/cocos/audio/android/audio.h,"(100, 1)-(111, 30)",b'typedef enum {\n    AUDIO_FORMAT_AAC_SUB_MAIN ...'
cocos2d-x-4,../repos/cocos2d-x-4/cocos/audio/android/audio.h,"(114, 1)-(116, 33)",b'typedef enum {\n    AUDIO_FORMAT_VORBIS_SUB_NO...'
cocos2d-x-4,../repos/cocos2d-x-4/cocos/audio/android/audio.h,"(127, 1)-(181, 18)",b'typedef enum {\n    AUDIO_FORMAT_INVALID      ...'
cocos2d-x-4,../repos/cocos2d-x-4/cocos/audio/android/audio.h,"(332, 1)-(332, 39)",b'typedef uint32_t audio_channel_mask_t;'
cocos2d-x-4,../repos/cocos2d-x-4/cocos/audio/android/audio.h,"(341, 1)-(346, 34)",b'typedef enum {\n    AUDIO_CHANNEL_REPRESENTATI...'
cocos2d-x-4,../repos/cocos2d-x-4/cocos/audio/android/AudioDecoderSLES.h,"(78, 5)-(85, 21)",b'typedef struct CallbackCntxt_\n    {\n        S...'
cocos2d-x-4,../repos/cocos2d-x-4/cocos/audio/android/AudioMixer.h,"(164, 5)-(165, 42)","b'typedef void (*hook_t)(track_t* t, int32_t* o...'"
cocos2d-x-4,../repos/cocos2d-x-4/cocos/audio/android/AudioMixer.h,"(276, 5)-(276, 65)",b'typedef void (*process_hook_t)(state_t* state...'
cocos2d-x-4,../repos/cocos2d-x-4/cocos/audio/android/AudioPlayerProvider.h,"(58, 5)-(58, 88)","b'typedef std::function<void(bool/* succeed */,...'"
cocos2d-x-4,../repos/cocos2d-x-4/cocos/audio/android/AudioResamplerCubic.h,"(41, 5)-(43, 13)","b'typedef struct {\n        int32_t a, b, c, y0,...'"
cocos2d-x-4,../repos/cocos2d-x-4/cocos/audio/android/audio_utils/include/audio_utils/minifloat.h,"(29, 1)-(29, 42)",b'typedef uint32_t gain_minifloat_packed_t;'
cocos2d-x-4,../repos/cocos2d-x-4/cocos/audio/android/mp3reader.h,"(32, 1)-(37, 17)",b'typedef struct {\n  size_t (*read)  (void *ptr...'
cocos2d-x-4,../repos/cocos2d-x-4/cocos/audio/android/OpenSLHelper.h,"(61, 1)-(61, 94)","b'typedef std::function<int(const std::string&,...'"
cocos2d-x-4,../repos/cocos2d-x-4/cocos/audio/android/tinysndfile.h,"(33, 1)-(38, 11)",b'typedef struct {\n    sf_count_t frames;\n    i...'
cocos2d-x-4,../repos/cocos2d-x-4/cocos/audio/android/tinysndfile.h,"(41, 1)-(41, 33)",b'typedef struct SNDFILE_ SNDFILE;'
cocos2d-x-4,../repos/cocos2d-x-4/cocos/audio/android/tinysndfile.h,"(53, 1)-(59, 17)",b'typedef struct {\n    void* (*open)(const char...'
cocos2d-x-4,../repos/cocos2d-x-4/cocos/audio/android/utils/Compat.h,"(26, 1)-(26, 23)",b'typedef off_t off64_t;'
cocos2d-x-4,../repos/cocos2d-x-4/cocos/audio/android/utils/Errors.h,"(27, 1)-(27, 30)",b'typedef int         status_t;'
cocos2d-x-4,../repos/cocos2d-x-4/cocos/audio/android/utils/Errors.h,"(29, 1)-(29, 30)",b'typedef int32_t     status_t;'
cocos2d-x-4,../repos/cocos2d-x-4/cocos/base/ccCArray.h,"(62, 1)-(65, 11)","b'typedef struct _ccArray {\n\tssize_t num, max;\n...'"
cocos2d-x-4,../repos/cocos2d-x-4/cocos/base/ccCArray.h,"(136, 1)-(139, 12)","b'typedef struct _ccCArray {\n    ssize_t num, m...'"
cocos2d-x-4,../repos/cocos2d-x-4/cocos/base/CCConsole.h,"(36, 1)-(36, 25)",b'typedef SSIZE_T ssize_t;'
cocos2d-x-4,../repos/cocos2d-x-4/cocos/base/CCController.h,"(101, 5)-(112, 16)",b'typedef struct _keyStatus\n    {\n        /** A...'
cocos2d-x-4,../repos/cocos2d-x-4/cocos/base/CCEventListener.h,"(68, 5)-(68, 36)",b'typedef std::string ListenerID;'
cocos2d-x-4,../repos/cocos2d-x-4/cocos/base/CCEventListenerTouch.h,"(80, 5)-(80, 65)","b'typedef std::function<void(Touch*, Event*)> c...'"
cocos2d-x-4,../repos/cocos2d-x-4/cocos/base/CCIMEDelegate.h,"(49, 1)-(54, 31)",b'typedef struct\n{\n    Rect  begin;            ...'
cocos2d-x-4,../repos/cocos2d-x-4/cocos/base/CCIMEDispatcher.cpp,"(59, 1)-(59, 49)",b'typedef std::list< IMEDelegate * > DelegateList;'
cocos2d-x-4,../repos/cocos2d-x-4/cocos/base/CCIMEDispatcher.cpp,"(60, 1)-(60, 60)",b'typedef std::list< IMEDelegate * >::iterator ...'
cocos2d-x-4,../repos/cocos2d-x-4/cocos/base/CCMap.h,"(62, 5)-(62, 35)","b'typedef std::map<K, V> RefMap;'"
cocos2d-x-4,../repos/cocos2d-x-4/cocos/base/CCMap.h,"(70, 5)-(70, 48)",b'typedef typename RefMap::iterator iterator;'
cocos2d-x-4,../repos/cocos2d-x-4/cocos/base/CCMap.h,"(72, 5)-(72, 60)",b'typedef typename RefMap::const_iterator const...'
cocos2d-x-4,../repos/cocos2d-x-4/cocos/base/CCRef.h,"(166, 1)-(166, 37)",b'typedef void (Ref::*SEL_CallFunc)();'
cocos2d-x-4,../repos/cocos2d-x-4/cocos/base/CCRef.h,"(167, 1)-(167, 43)",b'typedef void (Ref::*SEL_CallFuncN)(Node*);'
cocos2d-x-4,../repos/cocos2d-x-4/cocos/base/CCRef.h,"(168, 1)-(168, 51)","b'typedef void (Ref::*SEL_CallFuncND)(Node*, void*);'"
cocos2d-x-4,../repos/cocos2d-x-4/cocos/base/CCRef.h,"(169, 1)-(169, 42)",b'typedef void (Ref::*SEL_CallFuncO)(Ref*);'
cocos2d-x-4,../repos/cocos2d-x-4/cocos/base/CCRef.h,"(170, 1)-(170, 44)",b'typedef void (Ref::*SEL_MenuHandler)(Ref*);'
cocos2d-x-4,../repos/cocos2d-x-4/cocos/base/CCRef.h,"(171, 1)-(171, 42)",b'typedef void (Ref::*SEL_SCHEDULE)(float);'
cocos2d-x-4,../repos/cocos2d-x-4/cocos/base/CCScheduler.cpp,"(51, 1)-(58, 20)",b'typedef struct _hashUpdateEntry\n{\n    tListEn...'
cocos2d-x-4,../repos/cocos2d-x-4/cocos/base/CCScheduler.cpp,"(61, 1)-(69, 19)",b'typedef struct _hashSelectorEntry\n{\n    ccArr...'
cocos2d-x-4,../repos/cocos2d-x-4/cocos/base/CCScheduler.h,"(44, 1)-(44, 52)",b'typedef std::function<void(float)> ccSchedule...'
cocos2d-x-4,../repos/cocos2d-x-4/cocos/base/CCScriptSupport.h,"(46, 1)-(46, 36)",b'typedef struct lua_State lua_State;'
cocos2d-x-4,../repos/cocos2d-x-4/cocos/base/ccUTF8.cpp,"(221, 5)-(221, 23)",b'typedef T ArgType;'
cocos2d-x-4,../repos/cocos2d-x-4/cocos/base/ccUTF8.cpp,"(225, 5)-(225, 26)",b'typedef UTF8 ArgType;'
cocos2d-x-4,../repos/cocos2d-x-4/cocos/base/ccUTF8.cpp,"(229, 5)-(229, 27)",b'typedef UTF16 ArgType;'
cocos2d-x-4,../repos/cocos2d-x-4/cocos/base/ccUTF8.cpp,"(233, 5)-(233, 27)",b'typedef UTF32 ArgType;'
cocos2d-x-4,../repos/cocos2d-x-4/cocos/base/ccUTF8.h,"(230, 5)-(230, 49)",b'typedef std::vector<CharUTF8> CharUTF8Store;'
cocos2d-x-4,../repos/cocos2d-x-4/cocos/base/CCValue.h,"(44, 1)-(44, 40)",b'typedef std::vector<Value> ValueVector;'
cocos2d-x-4,../repos/cocos2d-x-4/cocos/base/CCValue.h,"(45, 1)-(45, 57)","b'typedef std::unordered_map<std::string, Value...'"
cocos2d-x-4,../repos/cocos2d-x-4/cocos/base/CCValue.h,"(46, 1)-(46, 55)","b'typedef std::unordered_map<int, Value> ValueM...'"
cocos2d-x-4,../repos/cocos2d-x-4/cocos/base/etc1.cpp,"(233, 1)-(237, 18)",b'typedef struct {\n    etc1_uint32 high;\n    et...'
cocos2d-x-4,../repos/cocos2d-x-4/cocos/base/etc1.h,"(26, 1)-(26, 33)",b'typedef unsigned char etc1_byte;'
cocos2d-x-4,../repos/cocos2d-x-4/cocos/base/etc1.h,"(27, 1)-(27, 23)",b'typedef int etc1_bool;'
cocos2d-x-4,../repos/cocos2d-x-4/cocos/base/etc1.h,"(28, 1)-(28, 34)",b'typedef unsigned int etc1_uint32;'
cocos2d-x-4,../repos/cocos2d-x-4/cocos/base/ObjectFactory.h,"(41, 5)-(41, 62)",b'typedef std::function<cocos2d::Ref* (void)> I...'
cocos2d-x-4,../repos/cocos2d-x-4/cocos/base/ObjectFactory.h,"(54, 5)-(54, 64)","b'typedef std::unordered_map<std::string, TInfo...'"
cocos2d-x-4,../repos/cocos2d-x-4/cocos/base/pvr.cpp,"(54, 1)-(54, 22)",b'typedef uint32_t U32;'
cocos2d-x-4,../repos/cocos2d-x-4/cocos/base/pvr.cpp,"(55, 1)-(55, 20)",b'typedef uint8_t U8;'
cocos2d-x-4,../repos/cocos2d-x-4/cocos/base/pvr.cpp,"(65, 1)-(69, 20)",b'typedef struct\n{\n\t// Uses 64 bits pre block\n\t...'
cocos2d-x-4,../repos/cocos2d-x-4/cocos/base/TGAlib.h,"(43, 1)-(56, 13)",b'typedef struct sImageTGA {\n    int status;\n  ...'
cocos2d-x-4,../repos/cocos2d-x-4/cocos/base/uthash.h,"(62, 1)-(62, 31)",b'typedef unsigned int uint32_t;'
cocos2d-x-4,../repos/cocos2d-x-4/cocos/base/uthash.h,"(63, 1)-(63, 31)",b'typedef unsigned char uint8_t;'
cocos2d-x-4,../repos/cocos2d-x-4/cocos/base/uthash.h,"(873, 1)-(891, 18)",b'typedef struct UT_hash_bucket {\n   struct UT_...'
cocos2d-x-4,../repos/cocos2d-x-4/cocos/base/uthash.h,"(897, 1)-(928, 17)",b'typedef struct UT_hash_table {\n   UT_hash_buc...'
cocos2d-x-4,../repos/cocos2d-x-4/cocos/base/uthash.h,"(930, 1)-(939, 18)",b'typedef struct UT_hash_handle {\n   struct UT_...'
cocos2d-x-4,../repos/cocos2d-x-4/cocos/base/ZipUtils.cpp,"(517, 5)-(517, 84)","b'typedef std::unordered_map<std::string, struc...'"
cocos2d-x-4,../repos/cocos2d-x-4/cocos/base/ZipUtils.h,"(50, 1)-(50, 46)",b'typedef struct unz_file_info_s unz_file_info;'
cocos2d-x-4,../repos/cocos2d-x-4/cocos/editor-support/cocostudio/ActionTimeline/CCActionTimeline.cpp,"(235, 1)-(235, 46)",b'typedef std::function<void(Node*)> tCallBack;'
cocos2d-x-4,../repos/cocos2d-x-4/cocos/editor-support/cocostudio/ActionTimeline/CCActionTimelineCache.h,"(133, 5)-(133, 58)","b'typedef std::pair<std::string, FrameCreateFun...'"
cocos2d-x-4,../repos/cocos2d-x-4/cocos/editor-support/cocostudio/ActionTimeline/CSLoader.h,"(158, 5)-(158, 88)",b'typedef std::function<cocos2d::Node*(const ra...'
cocos2d-x-4,../repos/cocos2d-x-4/cocos/editor-support/cocostudio/ActionTimeline/CSLoader.h,"(159, 5)-(159, 57)","b'typedef std::pair<std::string, NodeCreateFunc...'"
cocos2d-x-4,../repos/cocos2d-x-4/cocos/editor-support/cocostudio/ActionTimeline/CSLoader.h,"(163, 5)-(163, 98)",b'typedef std::function<cocos2d::Component*(con...'
cocos2d-x-4,../repos/cocos2d-x-4/cocos/editor-support/cocostudio/ActionTimeline/CSLoader.h,"(164, 5)-(164, 71)","b'typedef std::pair<std::string, ComponentCreat...'"
cocos2d-x-4,../repos/cocos2d-x-4/cocos/editor-support/cocostudio/CCArmatureAnimation.h,"(49, 1)-(49, 108)",b'typedef void (cocos2d::Ref::*SEL_MovementEven...'
cocos2d-x-4,../repos/cocos2d-x-4/cocos/editor-support/cocostudio/CCArmatureAnimation.h,"(50, 1)-(50, 92)",b'typedef void (cocos2d::Ref::*SEL_FrameEventCa...'
cocos2d-x-4,../repos/cocos2d-x-4/cocos/editor-support/cocostudio/CCDataReaderHelper.h,"(66, 5)-(78, 19)",b'typedef struct _AsyncStruct\n    {\n        std...'
cocos2d-x-4,../repos/cocos2d-x-4/cocos/editor-support/cocostudio/CCDataReaderHelper.h,"(80, 5)-(89, 16)",b'typedef struct _DataInfo\n    {\n        AsyncS...'
cocos2d-x-4,../repos/cocos2d-x-4/cocos/editor-support/cocostudio/CCSGUIReader.h,"(54, 5)-(54, 110)",b'typedef void (cocos2d::Ref::*SEL_ParseEvent)(...'
cocos2d-x-4,../repos/cocos2d-x-4/cocos/editor-support/cocostudio/CCSGUIReader.h,"(99, 5)-(99, 69)","b'typedef std::map<std::string, SEL_ParseEvent>...'"
cocos2d-x-4,../repos/cocos2d-x-4/cocos/editor-support/cocostudio/CCSGUIReader.h,"(101, 5)-(101, 56)","b'typedef std::map<std::string, Ref*> ParseObje...'"
cocos2d-x-4,../repos/cocos2d-x-4/cocos/editor-support/spine/AnimationState.h,"(64, 2)-(64, 126)",b'typedef std::function<void (AnimationState* s...'
cocos2d-x-4,../repos/cocos2d-x-4/cocos/editor-support/spine/AnimationState.h,"(66, 2)-(66, 114)",b'typedef void (*AnimationStateListener) (Anima...'
cocos2d-x-4,../repos/cocos2d-x-4/cocos/editor-support/spine/HasRendererObject.h,"(35, 1)-(35, 62)",b'typedef void (*DisposeRendererObject) (void* ...'
cocos2d-x-4,../repos/cocos2d-x-4/cocos/editor-support/spine/SkeletonAnimation.cpp,"(42, 1)-(49, 24)",b'typedef struct _TrackEntryListeners {\n\tStartL...'
cocos2d-x-4,../repos/cocos2d-x-4/cocos/editor-support/spine/SkeletonAnimation.h,"(41, 1)-(41, 62)",b'typedef std::function<void(TrackEntry* entry)...'
cocos2d-x-4,../repos/cocos2d-x-4/cocos/editor-support/spine/SkeletonAnimation.h,"(42, 1)-(42, 66)",b'typedef std::function<void(TrackEntry* entry)...'
cocos2d-x-4,../repos/cocos2d-x-4/cocos/editor-support/spine/SkeletonAnimation.h,"(43, 1)-(43, 60)",b'typedef std::function<void(TrackEntry* entry)...'
cocos2d-x-4,../repos/cocos2d-x-4/cocos/editor-support/spine/SkeletonAnimation.h,"(44, 1)-(44, 64)",b'typedef std::function<void(TrackEntry* entry)...'
cocos2d-x-4,../repos/cocos2d-x-4/cocos/editor-support/spine/SkeletonAnimation.h,"(45, 1)-(45, 65)",b'typedef std::function<void(TrackEntry* entry)...'
cocos2d-x-4,../repos/cocos2d-x-4/cocos/editor-support/spine/SkeletonAnimation.h,"(46, 1)-(46, 76)","b'typedef std::function<void(TrackEntry* entry,...'"
cocos2d-x-4,../repos/cocos2d-x-4/cocos/editor-support/spine/SkeletonAnimation.h,"(47, 1)-(47, 84)",b'typedef std::function<void(SkeletonAnimation*...'
cocos2d-x-4,../repos/cocos2d-x-4/cocos/editor-support/spine/SkeletonAnimation.h,"(131, 2)-(131, 33)",b'typedef SkeletonRenderer super;'
cocos2d-x-4,../repos/cocos2d-x-4/cocos/math/Vec2.h,"(749, 1)-(749, 20)",b'typedef Vec2 Point;'
cocos2d-x-4,../repos/cocos2d-x-4/cocos/navmesh/CCNavMeshAgent.h,"(92, 5)-(92, 93)",b'typedef std::function<void(NavMeshAgent *agen...'
cocos2d-x-4,../repos/cocos2d-x-4/cocos/network/CCDownloader-curl.cpp,"(238, 5)-(238, 83)","b'typedef pair< shared_ptr<const DownloadTask>,...'"
cocos2d-x-4,../repos/cocos2d-x-4/cocos/network/HttpClient-android.cpp,"(48, 1)-(48, 53)",b'typedef std::vector<std::string> HttpRequestH...'
cocos2d-x-4,../repos/cocos2d-x-4/cocos/network/HttpClient-android.cpp,"(49, 1)-(49, 61)",b'typedef HttpRequestHeaders::iterator HttpRequ...'
cocos2d-x-4,../repos/cocos2d-x-4/cocos/network/HttpClient-android.cpp,"(50, 1)-(50, 46)",b'typedef std::vector<std::string> HttpCookies;'
cocos2d-x-4,../repos/cocos2d-x-4/cocos/network/HttpClient-android.cpp,"(51, 1)-(51, 47)",b'typedef HttpCookies::iterator HttpCookiesIter;'
cocos2d-x-4,../repos/cocos2d-x-4/cocos/network/HttpClient.cpp,"(40, 1)-(40, 21)",b'typedef int int32_t;'
cocos2d-x-4,../repos/cocos2d-x-4/cocos/network/HttpClient.cpp,"(45, 1)-(45, 86)","b'typedef size_t (*write_callback)(void *ptr, s...'"
cocos2d-x-4,../repos/cocos2d-x-4/cocos/network/HttpClient.h,"(154, 5)-(154, 69)",b'typedef std::function<bool(HttpRequest*)> Cle...'
cocos2d-x-4,../repos/cocos2d-x-4/cocos/network/HttpClient.h,"(155, 5)-(155, 71)",b'typedef std::function<bool(HttpResponse*)> Cl...'
cocos2d-x-4,../repos/cocos2d-x-4/cocos/network/HttpRequest.h,"(47, 1)-(47, 95)",b'typedef std::function<void(HttpClient* client...'
cocos2d-x-4,../repos/cocos2d-x-4/cocos/network/HttpRequest.h,"(48, 1)-(48, 92)",b'typedef void (cocos2d::Ref::*SEL_HttpResponse...'
cocos2d-x-4,../repos/cocos2d-x-4/cocos/network/SocketIO.h,"(189, 1)-(189, 70)","b'typedef std::function<void(SIOClient*, const ...'"
cocos2d-x-4,../repos/cocos2d-x-4/cocos/network/SocketIO.h,"(191, 1)-(191, 65)","b'typedef std::unordered_map<std::string, SIOEv...'"
cocos2d-x-4,../repos/cocos2d-x-4/cocos/physics/CCPhysicsBody.h,"(45, 1)-(45, 19)",b'typedef Vec2 Vect;'
cocos2d-x-4,../repos/cocos2d-x-4/cocos/physics/CCPhysicsContact.h,"(44, 1)-(44, 41)",b'typedef struct CC_DLL PhysicsContactData'
cocos2d-x-4,../repos/cocos2d-x-4/cocos/physics/CCPhysicsShape.h,"(41, 1)-(41, 38)",b'typedef struct CC_DLL PhysicsMaterial'
cocos2d-x-4,../repos/cocos2d-x-4/cocos/physics/CCPhysicsWorld.cpp,"(56, 5)-(63, 26)",b'typedef struct RayCastCallbackInfo\n    {\n    ...'
cocos2d-x-4,../repos/cocos2d-x-4/cocos/physics/CCPhysicsWorld.cpp,"(65, 5)-(70, 28)",b'typedef struct RectQueryCallbackInfo\n    {\n  ...'
cocos2d-x-4,../repos/cocos2d-x-4/cocos/physics/CCPhysicsWorld.cpp,"(72, 5)-(77, 29)",b'typedef struct PointQueryCallbackInfo\n    {\n ...'
cocos2d-x-4,../repos/cocos2d-x-4/cocos/physics/CCPhysicsWorld.h,"(56, 1)-(72, 21)",b'typedef struct PhysicsRayCastInfo\n{\n    Physi...'
cocos2d-x-4,../repos/cocos2d-x-4/cocos/physics/CCPhysicsWorld.h,"(84, 1)-(84, 121)",b'typedef std::function<bool(PhysicsWorld& worl...'
cocos2d-x-4,../repos/cocos2d-x-4/cocos/physics/CCPhysicsWorld.h,"(85, 1)-(85, 95)","b'typedef std::function<bool(PhysicsWorld&, Phy...'"
cocos2d-x-4,../repos/cocos2d-x-4/cocos/physics/CCPhysicsWorld.h,"(86, 1)-(86, 68)",b'typedef PhysicsQueryRectCallbackFunc PhysicsQ...'
cocos2d-x-4,../repos/cocos2d-x-4/cocos/platform/android/CCGL-android.h,"(49, 1)-(49, 21)",b'typedef char GLchar;'
cocos2d-x-4,../repos/cocos2d-x-4/cocos/platform/android/javaactivity-android.cpp,"(56, 5)-(56, 70)",b'typedef __sighandler_t (*bsd_signal_func_t)(i...'
cocos2d-x-4,../repos/cocos2d-x-4/cocos/platform/android/jni/Java_org_cocos2dx_lib_Cocos2dxHelper.h,"(31, 1)-(31, 63)",b'typedef void (*EditTextCallback)(const char* ...'
cocos2d-x-4,../repos/cocos2d-x-4/cocos/platform/CCFileUtils.cpp,"(53, 1)-(62, 11)","b'typedef enum\n{\n    SAX_NONE = 0,\n    SAX_KEY,...'"
cocos2d-x-4,../repos/cocos2d-x-4/cocos/platform/CCFileUtils.cpp,"(64, 1)-(69, 12)","b'typedef enum\n{\n    SAX_RESULT_NONE = 0,\n    S...'"
cocos2d-x-4,../repos/cocos2d-x-4/cocos/platform/CCFileUtils.h,"(64, 5)-(64, 68)","b'typedef std::basic_string<CharT, Traits, Allo...'"
cocos2d-x-4,../repos/cocos2d-x-4/cocos/platform/CCFileUtils.h,"(83, 5)-(83, 50)","b'typedef std::vector<T, Allocator> BufferType;'"
cocos2d-x-4,../repos/cocos2d-x-4/cocos/platform/CCFileUtils.h,"(103, 5)-(103, 29)",b'typedef Data BufferType;'
cocos2d-x-4,../repos/cocos2d-x-4/cocos/platform/CCGLView.h,"(40, 1)-(40, 18)",b'typedef void* id;'
cocos2d-x-4,../repos/cocos2d-x-4/cocos/platform/CCImage.cpp,"(215, 5)-(215, 93)",b'typedef const std::map<PVR2TexturePixelFormat...'
cocos2d-x-4,../repos/cocos2d-x-4/cocos/platform/CCImage.cpp,"(237, 5)-(237, 93)",b'typedef const std::map<PVR3TexturePixelFormat...'
cocos2d-x-4,../repos/cocos2d-x-4/cocos/platform/CCImage.cpp,"(262, 5)-(277, 22)",b'typedef struct _PVRTexHeader\n    {\n        un...'
cocos2d-x-4,../repos/cocos2d-x-4/cocos/platform/CCImage.cpp,"(282, 5)-(297, 22)",b'typedef struct\n    {\n        uint32_t version...'
cocos2d-x-4,../repos/cocos2d-x-4/cocos/platform/CCImage.cpp,"(430, 5)-(435, 19)",b'typedef struct \n    {\n        const unsigned ...'
cocos2d-x-4,../repos/cocos2d-x-4/cocos/platform/CCImage.cpp,"(778, 5)-(778, 44)",b'typedef struct MyErrorMgr * MyErrorPtr;'
cocos2d-x-4,../repos/cocos2d-x-4/cocos/platform/CCImage.h,"(169, 5)-(169, 40)",b'typedef struct sImageTGA tImageTGA;'
cocos2d-x-4,../repos/cocos2d-x-4/cocos/platform/win32/CCStdC-win32.h,"(31, 1)-(31, 25)",b'typedef SSIZE_T ssize_t;'
cocos2d-x-4,../repos/cocos2d-x-4/cocos/platform/win32/compat/stdint.h,"(78, 4)-(78, 37)",b'typedef signed char       int8_t;'
cocos2d-x-4,../repos/cocos2d-x-4/cocos/platform/win32/compat/stdint.h,"(79, 4)-(79, 38)",b'typedef signed short      int16_t;'
cocos2d-x-4,../repos/cocos2d-x-4/cocos/platform/win32/compat/stdint.h,"(80, 4)-(80, 38)",b'typedef signed int        int32_t;'
cocos2d-x-4,../repos/cocos2d-x-4/cocos/platform/win32/compat/stdint.h,"(81, 4)-(81, 38)",b'typedef unsigned char     uint8_t;'
cocos2d-x-4,../repos/cocos2d-x-4/cocos/platform/win32/compat/stdint.h,"(82, 4)-(82, 39)",b'typedef unsigned short    uint16_t;'
cocos2d-x-4,../repos/cocos2d-x-4/cocos/platform/win32/compat/stdint.h,"(83, 4)-(83, 39)",b'typedef unsigned int      uint32_t;'
cocos2d-x-4,../repos/cocos2d-x-4/cocos/platform/win32/compat/stdint.h,"(85, 4)-(85, 37)",b'typedef signed __int8     int8_t;'
cocos2d-x-4,../repos/cocos2d-x-4/cocos/platform/win32/compat/stdint.h,"(86, 4)-(86, 38)",b'typedef signed __int16    int16_t;'
cocos2d-x-4,../repos/cocos2d-x-4/cocos/platform/win32/compat/stdint.h,"(87, 4)-(87, 38)",b'typedef signed __int32    int32_t;'
cocos2d-x-4,../repos/cocos2d-x-4/cocos/platform/win32/compat/stdint.h,"(88, 4)-(88, 38)",b'typedef unsigned __int8   uint8_t;'
cocos2d-x-4,../repos/cocos2d-x-4/cocos/platform/win32/compat/stdint.h,"(89, 4)-(89, 39)",b'typedef unsigned __int16  uint16_t;'
cocos2d-x-4,../repos/cocos2d-x-4/cocos/platform/win32/compat/stdint.h,"(90, 4)-(90, 39)",b'typedef unsigned __int32  uint32_t;'
cocos2d-x-4,../repos/cocos2d-x-4/cocos/platform/win32/compat/stdint.h,"(92, 1)-(92, 38)",b'typedef signed __int64       int64_t;'
cocos2d-x-4,../repos/cocos2d-x-4/cocos/platform/win32/compat/stdint.h,"(93, 1)-(93, 39)",b'typedef unsigned __int64     uint64_t;'
cocos2d-x-4,../repos/cocos2d-x-4/cocos/platform/win32/compat/stdint.h,"(97, 1)-(97, 32)",b'typedef int8_t    int_least8_t;'
cocos2d-x-4,../repos/cocos2d-x-4/cocos/platform/win32/compat/stdint.h,"(98, 1)-(98, 33)",b'typedef int16_t   int_least16_t;'
cocos2d-x-4,../repos/cocos2d-x-4/cocos/platform/win32/compat/stdint.h,"(99, 1)-(99, 33)",b'typedef int32_t   int_least32_t;'
cocos2d-x-4,../repos/cocos2d-x-4/cocos/platform/win32/compat/stdint.h,"(100, 1)-(100, 33)",b'typedef int64_t   int_least64_t;'
cocos2d-x-4,../repos/cocos2d-x-4/cocos/platform/win32/compat/stdint.h,"(101, 1)-(101, 33)",b'typedef uint8_t   uint_least8_t;'
cocos2d-x-4,../repos/cocos2d-x-4/cocos/platform/win32/compat/stdint.h,"(102, 1)-(102, 34)",b'typedef uint16_t  uint_least16_t;'
cocos2d-x-4,../repos/cocos2d-x-4/cocos/platform/win32/compat/stdint.h,"(103, 1)-(103, 34)",b'typedef uint32_t  uint_least32_t;'
cocos2d-x-4,../repos/cocos2d-x-4/cocos/platform/win32/compat/stdint.h,"(104, 1)-(104, 34)",b'typedef uint64_t  uint_least64_t;'
cocos2d-x-4,../repos/cocos2d-x-4/cocos/platform/win32/compat/stdint.h,"(107, 1)-(107, 31)",b'typedef int8_t    int_fast8_t;'
cocos2d-x-4,../repos/cocos2d-x-4/cocos/platform/win32/compat/stdint.h,"(108, 1)-(108, 32)",b'typedef int16_t   int_fast16_t;'
cocos2d-x-4,../repos/cocos2d-x-4/cocos/platform/win32/compat/stdint.h,"(109, 1)-(109, 32)",b'typedef int32_t   int_fast32_t;'
cocos2d-x-4,../repos/cocos2d-x-4/cocos/platform/win32/compat/stdint.h,"(110, 1)-(110, 32)",b'typedef int64_t   int_fast64_t;'
cocos2d-x-4,../repos/cocos2d-x-4/cocos/platform/win32/compat/stdint.h,"(111, 1)-(111, 32)",b'typedef uint8_t   uint_fast8_t;'
cocos2d-x-4,../repos/cocos2d-x-4/cocos/platform/win32/compat/stdint.h,"(112, 1)-(112, 33)",b'typedef uint16_t  uint_fast16_t;'
cocos2d-x-4,../repos/cocos2d-x-4/cocos/platform/win32/compat/stdint.h,"(113, 1)-(113, 33)",b'typedef uint32_t  uint_fast32_t;'
cocos2d-x-4,../repos/cocos2d-x-4/cocos/platform/win32/compat/stdint.h,"(114, 1)-(114, 33)",b'typedef uint64_t  uint_fast64_t;'
cocos2d-x-4,../repos/cocos2d-x-4/cocos/platform/win32/compat/stdint.h,"(118, 4)-(118, 39)",b'typedef signed __int64    intptr_t;'
cocos2d-x-4,../repos/cocos2d-x-4/cocos/platform/win32/compat/stdint.h,"(119, 4)-(119, 40)",b'typedef unsigned __int64  uintptr_t;'
cocos2d-x-4,../repos/cocos2d-x-4/cocos/platform/win32/compat/stdint.h,"(121, 4)-(121, 23)",b'typedef _W64 signed'
cocos2d-x-4,../repos/cocos2d-x-4/cocos/platform/win32/compat/stdint.h,"(122, 4)-(122, 25)",b'typedef _W64 unsigned'
cocos2d-x-4,../repos/cocos2d-x-4/cocos/platform/win32/compat/stdint.h,"(126, 1)-(126, 28)",b'typedef int64_t   intmax_t;'
cocos2d-x-4,../repos/cocos2d-x-4/cocos/platform/win32/compat/stdint.h,"(127, 1)-(127, 29)",b'typedef uint64_t  uintmax_t;'
cocos2d-x-4,../repos/cocos2d-x-4/cocos/renderer/backend/ProgramCache.cpp,"(37, 9)-(37, 61)",b'typedef cocos2d::backend::ProgramType argumen...'
cocos2d-x-4,../repos/cocos2d-x-4/cocos/renderer/backend/ProgramCache.cpp,"(38, 9)-(38, 41)",b'typedef std::size_t result_type;'
cocos2d-x-4,../repos/cocos2d-x-4/cocos/renderer/CCCustomCommand.h,"(67, 5)-(67, 48)",b'typedef std::function<void()> CallBackFunc;'
cocos2d-x-4,../repos/cocos2d-x-4/cocos/renderer/CCTexture2D.cpp,"(62, 5)-(62, 79)",b'typedef Texture2D::PixelFormatInfoMap::value_...'
cocos2d-x-4,../repos/cocos2d-x-4/cocos/renderer/CCTexture2D.h,"(44, 1)-(44, 39)",b'typedef struct _MipmapInfo MipmapInfo;'
cocos2d-x-4,../repos/cocos2d-x-4/cocos/renderer/CCTexture2D.h,"(88, 5)-(88, 86)","b'typedef std::map<backend::PixelFormat, const ...'"
cocos2d-x-4,../repos/cocos2d-x-4/cocos/renderer/CCTextureCache.h,"(233, 5)-(239, 24)","b'typedef enum {\n        kInvalid = 0,\n        ...'"
cocos2d-x-4,../repos/cocos2d-x-4/cocos/renderer/CCTextureUtils.h,"(34, 9)-(34, 59)",b'typedef cocos2d::backend::PixelFormat PixelFormat;'
cocos2d-x-4,../repos/cocos2d-x-4/cocos/scripting/deprecated/CCArray.h,"(512, 5)-(512, 59)",b'typedef std::vector<RCPtr<Object>>::iterator ...'
cocos2d-x-4,../repos/cocos2d-x-4/cocos/scripting/deprecated/CCArray.h,"(513, 5)-(513, 71)",b'typedef std::vector<RCPtr<Object>>::const_ite...'
cocos2d-x-4,../repos/cocos2d-x-4/cocos/scripting/lua-bindings/manual/CCLuaValue.h,"(54, 1)-(54, 23)",b'typedef int LUA_TABLE;'
cocos2d-x-4,../repos/cocos2d-x-4/cocos/scripting/lua-bindings/manual/CCLuaValue.h,"(55, 1)-(55, 24)",b'typedef int LUA_STRING;'
cocos2d-x-4,../repos/cocos2d-x-4/cocos/scripting/lua-bindings/manual/CCLuaValue.h,"(59, 1)-(59, 56)","b'typedef std::map<std::string, LuaValue>   Lua...'"
cocos2d-x-4,../repos/cocos2d-x-4/cocos/scripting/lua-bindings/manual/CCLuaValue.h,"(60, 1)-(60, 64)",b'typedef LuaValueDict::const_iterator      Lua...'
cocos2d-x-4,../repos/cocos2d-x-4/cocos/scripting/lua-bindings/manual/CCLuaValue.h,"(61, 1)-(61, 57)",b'typedef std::list<LuaValue>               Lua...'
cocos2d-x-4,../repos/cocos2d-x-4/cocos/scripting/lua-bindings/manual/CCLuaValue.h,"(62, 1)-(62, 65)",b'typedef LuaValueArray::const_iterator     Lua...'
cocos2d-x-4,../repos/cocos2d-x-4/cocos/scripting/lua-bindings/manual/CCLuaValue.h,"(65, 1)-(73, 16)","b'typedef enum {\n    LuaValueTypeInt,\n    LuaVa...'"
cocos2d-x-4,../repos/cocos2d-x-4/cocos/scripting/lua-bindings/manual/CCLuaValue.h,"(77, 1)-(85, 17)",b'typedef union {\n    int                 intVa...'
cocos2d-x-4,../repos/cocos2d-x-4/cocos/scripting/lua-bindings/manual/cocos2d/LuaScriptHandlerMgr.h,"(50, 1)-(50, 58)",b'typedef std::vector<ScheduleHandlerDelegate*>...'
cocos2d-x-4,../repos/cocos2d-x-4/cocos/scripting/lua-bindings/manual/cocos2d/LuaScriptHandlerMgr.h,"(51, 1)-(51, 62)","b'typedef std::map<cocos2d::Node*,VecShedule> M...'"
cocos2d-x-4,../repos/cocos2d-x-4/cocos/scripting/lua-bindings/manual/cocos2d/LuaScriptHandlerMgr.h,"(226, 5)-(226, 25)",b'typedef int Handler;'
cocos2d-x-4,../repos/cocos2d-x-4/cocos/scripting/lua-bindings/manual/cocos2d/LuaScriptHandlerMgr.h,"(227, 5)-(227, 57)","b'typedef std::pair<HandlerType, Handler> Handl...'"
cocos2d-x-4,../repos/cocos2d-x-4/cocos/scripting/lua-bindings/manual/cocos2d/LuaScriptHandlerMgr.h,"(228, 5)-(228, 54)",b'typedef std::vector<HandlerPair> VecHandlerPairs;'
cocos2d-x-4,../repos/cocos2d-x-4/cocos/scripting/lua-bindings/manual/cocos2d/LuaScriptHandlerMgr.h,"(229, 5)-(229, 63)","b'typedef std::map<void*,VecHandlerPairs> MapOb...'"
cocos2d-x-4,../repos/cocos2d-x-4/cocos/scripting/lua-bindings/manual/platform/android/CCLuaJavaBridge.h,"(120, 5)-(130, 17)","b'typedef enum\n    {\n        TypeInvalid = -1,\n...'"
cocos2d-x-4,../repos/cocos2d-x-4/cocos/scripting/lua-bindings/manual/platform/android/CCLuaJavaBridge.h,"(132, 5)-(132, 42)",b'typedef vector<ValueType> ValueTypes;'
cocos2d-x-4,../repos/cocos2d-x-4/cocos/scripting/lua-bindings/manual/platform/android/CCLuaJavaBridge.h,"(134, 5)-(140, 19)",b'typedef union\n    {\n        int     intValue;...'
cocos2d-x-4,../repos/cocos2d-x-4/cocos/ui/UICheckBox.h,"(62, 5)-(62, 78)","b'typedef std::function<void(Ref*,CheckBox::Eve...'"
cocos2d-x-4,../repos/cocos2d-x-4/cocos/ui/UIListView.h,"(93, 5)-(93, 69)","b'typedef std::function<void(Ref*, EventType)> ...'"
cocos2d-x-4,../repos/cocos2d-x-4/cocos/ui/UIPageView.h,"(74, 5)-(74, 69)","b'typedef std::function<void(Ref*, EventType)> ...'"
cocos2d-x-4,../repos/cocos2d-x-4/cocos/ui/UIRadioButton.h,"(67, 5)-(67, 92)",b'typedef std::function<void(RadioButton* radio...'
cocos2d-x-4,../repos/cocos2d-x-4/cocos/ui/UIRadioButton.h,"(160, 5)-(160, 108)",b'typedef std::function<void(RadioButton* radio...'
cocos2d-x-4,../repos/cocos2d-x-4/cocos/ui/UIRichText.cpp,"(305, 5)-(305, 68)","b'typedef std::unordered_map<std::string, TagBe...'"
cocos2d-x-4,../repos/cocos2d-x-4/cocos/ui/UIRichText.h,"(364, 5)-(364, 72)",b'typedef std::function<void(const std::string&...'
cocos2d-x-4,../repos/cocos2d-x-4/cocos/ui/UIRichText.h,"(371, 5)-(371, 113)","b'typedef std::function<std::pair<ValueMap, Ric...'"
cocos2d-x-4,../repos/cocos2d-x-4/cocos/ui/UIScrollView.h,"(89, 5)-(89, 71)","b'typedef std::function<void(Ref*, EventType)> ...'"
cocos2d-x-4,../repos/cocos2d-x-4/cocos/ui/UISlider.h,"(45, 1)-(48, 18)",b'typedef enum\n{\n    SLIDER_PERCENTCHANGED\n}Sli...'
cocos2d-x-4,../repos/cocos2d-x-4/cocos/ui/UISlider.h,"(50, 1)-(50, 72)",b'typedef void (Ref::*SEL_SlidPercentChangedEve...'
cocos2d-x-4,../repos/cocos2d-x-4/cocos/ui/UISlider.h,"(72, 5)-(72, 66)","b'typedef std::function<void(Ref*,EventType)> c...'"
cocos2d-x-4,../repos/cocos2d-x-4/cocos/ui/UITabControl.h,"(179, 9)-(179, 87)","b'typedef std::function<void(int tabindex, TabH...'"
cocos2d-x-4,../repos/cocos2d-x-4/cocos/ui/UITabControl.h,"(210, 9)-(210, 83)","b'typedef std::function<void(int tabIndex, Even...'"
cocos2d-x-4,../repos/cocos2d-x-4/cocos/ui/UITextField.h,"(251, 5)-(251, 70)","b'typedef std::function<void(Ref*, EventType)> ...'"
cocos2d-x-4,../repos/cocos2d-x-4/cocos/ui/UIVideoPlayer.h,"(76, 9)-(76, 88)","b'typedef std::function<void(Ref*,VideoPlayer::...'"
cocos2d-x-4,../repos/cocos2d-x-4/cocos/ui/UIWebView/UIWebView.h,"(159, 5)-(159, 92)","b'typedef std::function<void(WebView *sender, c...'"
cocos2d-x-4,../repos/cocos2d-x-4/cocos/ui/UIWidget.h,"(121, 5)-(121, 84)","b'typedef std::function<void(Ref*,Widget::Touch...'"
cocos2d-x-4,../repos/cocos2d-x-4/cocos/ui/UIWidget.h,"(125, 5)-(125, 61)",b'typedef std::function<void(Ref*)> ccWidgetCli...'
cocos2d-x-4,../repos/cocos2d-x-4/cocos/ui/UIWidget.h,"(130, 5)-(130, 66)","b'typedef std::function<void(Ref*, int)> ccWidg...'"
cocos2d-x-4,../repos/cocos2d-x-4/extensions/assets-manager/AssetsManager.h,"(92, 5)-(92, 52)",b'typedef std::function<void(int)> ErrorCallback;'
cocos2d-x-4,../repos/cocos2d-x-4/extensions/assets-manager/AssetsManager.h,"(93, 5)-(93, 55)",b'typedef std::function<void(int)> ProgressCallback;'
cocos2d-x-4,../repos/cocos2d-x-4/extensions/assets-manager/AssetsManager.h,"(94, 5)-(94, 55)",b'typedef std::function<void(void)> SuccessCallback;'
cocos2d-x-4,../repos/cocos2d-x-4/extensions/assets-manager/Manifest.h,"(58, 1)-(58, 69)","b'typedef std::unordered_map<std::string, Downl...'"
cocos2d-x-4,../repos/cocos2d-x-4/extensions/assets-manager/Manifest.h,"(81, 5)-(81, 33)",b'typedef ManifestAsset Asset;'
cocos2d-x-4,../repos/cocos2d-x-4/extensions/GUI/CCControlExtension/CCControl.h,"(84, 5)-(84, 51)","b'typedef void (Ref::*Handler)(Ref*, EventType);'"
cocos2d-x-4,../repos/cocos2d-x-4/extensions/GUI/CCControlExtension/CCControlUtils.h,"(53, 1)-(58, 7)",b'typedef struct\n{\n    double h;       // angle...'
cocos2d-x-4,../repos/cocos2d-x-4/extensions/Particle3D/CCParticleSystem3D.h,"(67, 5)-(67, 59)",b'typedef typename std::list<T*>::iterator Pool...'
cocos2d-x-4,../repos/cocos2d-x-4/extensions/Particle3D/CCParticleSystem3D.h,"(147, 1)-(147, 43)",b'typedef DataPool<Particle3D> ParticlePool;'
cocos2d-x-4,../repos/cocos2d-x-4/extensions/Particle3D/PU/CCPUBillboardChain.h,"(77, 5)-(77, 46)",b'typedef std::vector<Element> ElementList;'
cocos2d-x-4,../repos/cocos2d-x-4/extensions/Particle3D/PU/CCPUBillboardChain.h,"(314, 5)-(314, 56)",b'typedef std::vector<ChainSegment> ChainSegmen...'
cocos2d-x-4,../repos/cocos2d-x-4/extensions/Particle3D/PU/CCPUColorAffector.h,"(41, 5)-(41, 62)","b'typedef std::map<float, Vec4>::iterator Color...'"
cocos2d-x-4,../repos/cocos2d-x-4/extensions/Particle3D/PU/CCPUMeshSurfaceEmitter.h,"(105, 1)-(105, 43)",b'typedef std::vector<PUTriangle> Triangles;'
cocos2d-x-4,../repos/cocos2d-x-4/extensions/Particle3D/PU/CCPUObserver.h,"(59, 5)-(59, 81)",b'typedef std::vector<PUEventHandler*>::iterato...'
cocos2d-x-4,../repos/cocos2d-x-4/extensions/Particle3D/PU/CCPUObserver.h,"(60, 5)-(60, 92)",b'typedef std::vector<PUEventHandler*>::const_i...'
cocos2d-x-4,../repos/cocos2d-x-4/extensions/Particle3D/PU/CCPUObserver.h,"(61, 5)-(61, 67)",b'typedef std::vector<PUEventHandler*> Particle...'
cocos2d-x-4,../repos/cocos2d-x-4/extensions/Particle3D/PU/CCPUParticleSystem3D.h,"(67, 5)-(67, 61)",b'typedef std::vector<PUBehaviour*> ParticleBeh...'
cocos2d-x-4,../repos/cocos2d-x-4/extensions/Particle3D/PU/CCPUPlane.h,"(143, 1)-(143, 40)",b'typedef std::vector<PUPlane> PlaneList;'
cocos2d-x-4,../repos/cocos2d-x-4/extensions/Particle3D/PU/CCPURibbonTrail.h,"(56, 5)-(56, 41)",b'typedef std::vector<Node*> NodeList;'
cocos2d-x-4,../repos/cocos2d-x-4/extensions/Particle3D/PU/CCPURibbonTrail.h,"(160, 5)-(160, 45)",b'typedef std::vector<size_t> IndexVector;'
cocos2d-x-4,../repos/cocos2d-x-4/extensions/Particle3D/PU/CCPURibbonTrail.h,"(168, 5)-(168, 75)","b'typedef std::unordered_map<const Node*, size_...'"
cocos2d-x-4,../repos/cocos2d-x-4/extensions/Particle3D/PU/CCPURibbonTrail.h,"(177, 5)-(177, 46)",b'typedef std::vector<Vec4> ColorValueList;'
cocos2d-x-4,../repos/cocos2d-x-4/extensions/Particle3D/PU/CCPURibbonTrail.h,"(178, 5)-(178, 41)",b'typedef std::vector<float> RealList;'
cocos2d-x-4,../repos/cocos2d-x-4/extensions/Particle3D/PU/CCPUScriptCompiler.h,"(49, 1)-(49, 55)",b'typedef std::list<PUAbstractNode*> PUAbstract...'
cocos2d-x-4,../repos/cocos2d-x-4/extensions/Particle3D/PU/CCPUScriptLexer.h,"(60, 1)-(60, 55)",b'typedef std::vector<PUScriptToken*> PUScriptT...'
cocos2d-x-4,../repos/cocos2d-x-4/extensions/Particle3D/PU/CCPUScriptParser.h,"(56, 1)-(56, 55)",b'typedef std::list<PUConcreteNode*> PUConcrete...'
cocos2d-x-4,../repos/cocos2d-x-4/tests/cpp-empty-test/Classes/AppMacros.h,"(57, 1)-(61, 11)",b'typedef struct tagResource\n{\n    cocos2d::Siz...'
cocos2d-x-4,../repos/cocos2d-x-4/tests/cpp-tests/Classes/NewEventDispatcherTest/NewEventDispatcherTest.cpp,"(1395, 5)-(1395, 90)",b'typedef std::function<void (DanglingNodePoint...'
cocos2d-x-4,../repos/cocos2d-x-4/tests/cpp-tests/Classes/TouchesTest/Paddle.h,"(31, 1)-(35, 15)",b'typedef enum tagPaddleState \n{\n    kPaddleSta...'
cocos2d-x-4,../repos/cocos2d-x-4/tests/cpp-tests/Classes/VibrateTest/VibrateTest.cpp,"(144, 9)-(144, 84)","b'typedef std::function<void(SliderEx*,float,To...'"
cocos2d-x-4,../repos/cocos2d-x-4/tests/performance-tests/Classes/tests/PerformanceScenarioTest.cpp,"(50, 1)-(55, 16)",b'typedef struct\n{\n    int spriteCount;\n    int...'
