Repo name,File name,Location,Content
cocos2d-x-4,../repos/cocos2d-x-4/cocos/2d/CCNode.h,"(1858, 5)-(1864, 6)",b'#if CC_LITTLE_ENDIAN\n    union {\n        stru...'
cocos2d-x-4,../repos/cocos2d-x-4/cocos/2d/CCNode.h,"(1866, 5)-(1872, 6)",b'#else\n    union {\n        struct {\n          ...'
cocos2d-x-4,../repos/cocos2d-x-4/cocos/2d/CCParticleSystem.cpp,"(105, 5)-(108, 6)",b'union {\n        uint32_t d;                  ...'
cocos2d-x-4,../repos/cocos2d-x-4/cocos/audio/android/AudioBufferProvider.h,"(34, 9)-(38, 10)",b'union {\n            void*       raw;\n        ...'
cocos2d-x-4,../repos/cocos2d-x-4/cocos/audio/android/AudioMixer.h,"(172, 9)-(175, 10)",b'union {\n        int16_t     volume[MAX_NUM_VO...'
cocos2d-x-4,../repos/cocos2d-x-4/cocos/audio/android/AudioResampler.h,"(114, 5)-(117, 6)",b'union {\n        int16_t mVolume[2];\n        u...'
cocos2d-x-4,../repos/cocos2d-x-4/cocos/audio/android/audio_utils/include/audio_utils/primitives.h,"(532, 5)-(535, 6)",b'union {\n        float f;\n        int32_t i;\n ...'
cocos2d-x-4,../repos/cocos2d-x-4/cocos/audio/android/audio_utils/include/audio_utils/primitives.h,"(571, 5)-(574, 6)",b'union {\n        float f;\n        int32_t i;\n ...'
cocos2d-x-4,../repos/cocos2d-x-4/cocos/base/CCValue.h,"(230, 5)-(243, 6)",b'union\n    {\n        unsigned char byteVal;\n  ...'
cocos2d-x-4,../repos/cocos2d-x-4/cocos/editor-support/spine/SkeletonBinary.cpp,"(381, 2)-(384, 3)",b'union {\n\t\tint intValue;\n\t\tfloat floatValue;\n\t...'
cocos2d-x-4,../repos/cocos2d-x-4/cocos/math/Mat4.h,"(94, 5)-(97, 6)",b'#ifdef __SSE__\n    union {\n        __m128 col...'
cocos2d-x-4,../repos/cocos2d-x-4/cocos/math/Vec4.h,"(48, 5)-(56, 6)",b'#ifdef __SSE__\n    union {\n        struct {\n ...'
cocos2d-x-4,../repos/cocos2d-x-4/cocos/platform/CCImage.cpp,"(344, 9)-(348, 10)",b'union\n        {\n            uint32_t pitch;\n ...'
cocos2d-x-4,../repos/cocos2d-x-4/cocos/platform/CCImage.cpp,"(350, 9)-(354, 10)",b'union\n        {\n            uint32_t backBuff...'
cocos2d-x-4,../repos/cocos2d-x-4/cocos/platform/CCImage.cpp,"(356, 9)-(361, 10)",b'union\n        {\n            uint32_t mipMapCo...'
cocos2d-x-4,../repos/cocos2d-x-4/cocos/platform/CCImage.cpp,"(367, 9)-(371, 10)",b'union\n        {\n            DDColorKey ddckCK...'
cocos2d-x-4,../repos/cocos2d-x-4/cocos/platform/CCImage.cpp,"(377, 9)-(381, 10)",b'union\n        {\n            DDPixelFormat ddp...'
cocos2d-x-4,../repos/cocos2d-x-4/cocos/scripting/lua-bindings/manual/CCLuaValue.h,"(77, 9)-(85, 2)",b'typedef union {\n    int                 intVa...'
cocos2d-x-4,../repos/cocos2d-x-4/cocos/scripting/lua-bindings/manual/platform/android/CCLuaJavaBridge.h,"(134, 13)-(140, 6)",b'typedef union\n    {\n        int     intValue;...'
