Repo name,File name,Location,Content
cocos2d-x-4,../repos/cocos2d-x-4/cocos/scripting/deprecated/CCDictionary.cpp,"(589, 76)-(589, 106)",b'decltype(element->getObject())'
cocos2d-x-4,../repos/cocos2d-x-4/cocos/scripting/deprecated/CCDictionary.cpp,"(609, 76)-(609, 106)",b'decltype(element->getObject())'
cocos2d-x-4,../repos/cocos2d-x-4/tests/cpp-tests/Classes/Sprite3DTest/Sprite3DTest.cpp,"(1474, 18)-(1474, 35)",b'decltype(obbSize)'
cocos2d-x-4,../repos/cocos2d-x-4/tests/cpp-tests/Classes/Sprite3DTest/Sprite3DTest.cpp,"(1498, 14)-(1498, 31)",b'decltype(obbSize)'
cocos2d-x-4,../repos/cocos2d-x-4/tests/cpp-tests/Classes/Sprite3DTest/Sprite3DTest.cpp,"(1529, 14)-(1529, 31)",b'decltype(obbSize)'
