Repo name,File name,Location,Content
CnC_Remastered_Collection-master,../repos/CnC_Remastered_Collection-master/REDALERT/DLLInterface.cpp,"(401, 14)-(401, 30)",b'static_cast<int>(microseconds_since_epoch.tim...'
CnC_Remastered_Collection-master,../repos/CnC_Remastered_Collection-master/REDALERT/DLLInterface.cpp,"(3478, 36)-(3478, 69)",b'static_cast<const BuildingClass*>(object)'
CnC_Remastered_Collection-master,../repos/CnC_Remastered_Collection-master/REDALERT/DLLInterface.cpp,"(3486, 39)-(3486, 70)",b'static_cast<const TechnoClass*>(object)'
CnC_Remastered_Collection-master,../repos/CnC_Remastered_Collection-master/REDALERT/DLLInterface.cpp,"(3522, 28)-(3522, 57)",b'static_cast<const FootClass*>(object)'
CnC_Remastered_Collection-master,../repos/CnC_Remastered_Collection-master/REDALERT/DLLInterface.cpp,"(3529, 36)-(3529, 69)",b'static_cast<const InfantryClass*>(object)'
CnC_Remastered_Collection-master,../repos/CnC_Remastered_Collection-master/REDALERT/DLLInterface.cpp,"(3537, 28)-(3537, 57)",b'static_cast<const UnitClass*>(object)'
CnC_Remastered_Collection-master,../repos/CnC_Remastered_Collection-master/REDALERT/DLLInterface.cpp,"(3549, 36)-(3549, 69)",b'static_cast<const AircraftClass*>(object)'
CnC_Remastered_Collection-master,../repos/CnC_Remastered_Collection-master/REDALERT/DLLInterface.cpp,"(3566, 40)-(3566, 71)",b'static_cast<const TechnoClass*>(object)'
CnC_Remastered_Collection-master,../repos/CnC_Remastered_Collection-master/REDALERT/DLLInterface.cpp,"(3588, 36)-(3588, 65)",b'static_cast<const AnimClass*>(object)'
CnC_Remastered_Collection-master,../repos/CnC_Remastered_Collection-master/REDALERT/DLLInterface.cpp,"(3593, 38)-(3593, 71)",b'static_cast<const AnimTypeClass&>(anim_object...'
CnC_Remastered_Collection-master,../repos/CnC_Remastered_Collection-master/REDALERT/DLLInterface.cpp,"(3760, 35)-(3760, 60)",b'static_cast<TechnoClass*>(object)'
CnC_Remastered_Collection-master,../repos/CnC_Remastered_Collection-master/REDALERT/DLLInterface.cpp,"(4558, 45)-(4558, 82)",b'static_cast<const BuildingTypeClass*>(tech)'
CnC_Remastered_Collection-master,../repos/CnC_Remastered_Collection-master/REDALERT/DLLInterface.cpp,"(4720, 46)-(4720, 83)",b'static_cast<const BuildingTypeClass*>(tech)'
CnC_Remastered_Collection-master,../repos/CnC_Remastered_Collection-master/REDALERT/DLLInterface.cpp,"(6195, 40)-(6195, 87)",b'reinterpret_cast<CNCOccupierEntryHeaderStruct...'
CnC_Remastered_Collection-master,../repos/CnC_Remastered_Collection-master/REDALERT/DLLInterface.cpp,"(6240, 40)-(6240, 82)",b'reinterpret_cast<CNCOccupierObjectStruct*>(en...'
CnC_Remastered_Collection-master,../repos/CnC_Remastered_Collection-master/REDALERT/DLLInterface.cpp,"(6252, 12)-(6252, 59)",b'reinterpret_cast<CNCOccupierEntryHeaderStruct...'
CnC_Remastered_Collection-master,../repos/CnC_Remastered_Collection-master/REDALERT/DLLInterface.cpp,"(7095, 22)-(7095, 47)",b'static_cast<TechnoClass*>(object)'
CnC_Remastered_Collection-master,../repos/CnC_Remastered_Collection-master/REDALERT/DLLInterface.cpp,"(8820, 35)-(8820, 65)",b'reinterpret_cast<unsigned int>(PlacementType[i])'
CnC_Remastered_Collection-master,../repos/CnC_Remastered_Collection-master/TIBERIANDAWN/DLLInterface.cpp,"(3125, 30)-(3125, 57)",b'static_cast<BuildingClass*>(object)'
CnC_Remastered_Collection-master,../repos/CnC_Remastered_Collection-master/TIBERIANDAWN/DLLInterface.cpp,"(3132, 33)-(3132, 58)",b'static_cast<TechnoClass*>(object)'
CnC_Remastered_Collection-master,../repos/CnC_Remastered_Collection-master/TIBERIANDAWN/DLLInterface.cpp,"(3159, 30)-(3159, 57)",b'static_cast<InfantryClass*>(object)'
CnC_Remastered_Collection-master,../repos/CnC_Remastered_Collection-master/TIBERIANDAWN/DLLInterface.cpp,"(3167, 22)-(3167, 45)",b'static_cast<UnitClass*>(object)'
CnC_Remastered_Collection-master,../repos/CnC_Remastered_Collection-master/TIBERIANDAWN/DLLInterface.cpp,"(3178, 30)-(3178, 57)",b'static_cast<AircraftClass*>(object)'
CnC_Remastered_Collection-master,../repos/CnC_Remastered_Collection-master/TIBERIANDAWN/DLLInterface.cpp,"(3195, 34)-(3195, 59)",b'static_cast<TechnoClass*>(object)'
CnC_Remastered_Collection-master,../repos/CnC_Remastered_Collection-master/TIBERIANDAWN/DLLInterface.cpp,"(3203, 30)-(3203, 53)",b'static_cast<AnimClass*>(object)'
CnC_Remastered_Collection-master,../repos/CnC_Remastered_Collection-master/TIBERIANDAWN/DLLInterface.cpp,"(3375, 35)-(3375, 60)",b'static_cast<TechnoClass*>(object)'
CnC_Remastered_Collection-master,../repos/CnC_Remastered_Collection-master/TIBERIANDAWN/DLLInterface.cpp,"(4129, 45)-(4129, 82)",b'static_cast<const BuildingTypeClass*>(tech)'
CnC_Remastered_Collection-master,../repos/CnC_Remastered_Collection-master/TIBERIANDAWN/DLLInterface.cpp,"(4309, 46)-(4309, 83)",b'static_cast<const BuildingTypeClass*>(tech)'
CnC_Remastered_Collection-master,../repos/CnC_Remastered_Collection-master/TIBERIANDAWN/DLLInterface.cpp,"(5591, 40)-(5591, 87)",b'reinterpret_cast<CNCOccupierEntryHeaderStruct...'
CnC_Remastered_Collection-master,../repos/CnC_Remastered_Collection-master/TIBERIANDAWN/DLLInterface.cpp,"(5637, 40)-(5637, 82)",b'reinterpret_cast<CNCOccupierObjectStruct*>(en...'
CnC_Remastered_Collection-master,../repos/CnC_Remastered_Collection-master/TIBERIANDAWN/DLLInterface.cpp,"(5650, 12)-(5650, 59)",b'reinterpret_cast<CNCOccupierEntryHeaderStruct...'
CnC_Remastered_Collection-master,../repos/CnC_Remastered_Collection-master/TIBERIANDAWN/DLLInterface.cpp,"(6258, 22)-(6258, 47)",b'static_cast<TechnoClass*>(object)'
CnC_Remastered_Collection-master,../repos/CnC_Remastered_Collection-master/TIBERIANDAWN/DLLInterface.cpp,"(7793, 35)-(7793, 65)",b'reinterpret_cast<unsigned int>(PlacementType[i])'
