Repo name,File name,Location,Content
CnC_Remastered_Collection-master,../repos/CnC_Remastered_Collection-master/REDALERT/DLLInterface.cpp,"(56, 6)-(56, 130)","b'bool Debug_Write_Shape(const char *file_name,...'"
CnC_Remastered_Collection-master,../repos/CnC_Remastered_Collection-master/REDALERT/DLLInterface.cpp,"(129, 47)-(129, 291)",b'__declspec(dllexport) bool __cdecl CNC_Start_...'
CnC_Remastered_Collection-master,../repos/CnC_Remastered_Collection-master/REDALERT/DLLInterface.cpp,"(137, 47)-(137, 176)",b'__declspec(dllexport) void __cdecl CNC_Handle...'
CnC_Remastered_Collection-master,../repos/CnC_Remastered_Collection-master/REDALERT/DLLInterface.cpp,"(152, 47)-(152, 91)",b'__declspec(dllexport) void __cdecl CNC_Handle...'
CnC_Remastered_Collection-master,../repos/CnC_Remastered_Collection-master/REDALERT/DLLInterface.cpp,"(186, 15)-(186, 226)",b'static void DLL_Draw_Intercept(int shape_numb...'
CnC_Remastered_Collection-master,../repos/CnC_Remastered_Collection-master/REDALERT/DLLInterface.cpp,"(231, 15)-(231, 140)",b'static void On_Sound_Effect(const HouseClass*...'
CnC_Remastered_Collection-master,../repos/CnC_Remastered_Collection-master/REDALERT/DLLInterface.cpp,"(232, 15)-(232, 72)",b'static void On_Speech(const HouseClass* playe...'
CnC_Remastered_Collection-master,../repos/CnC_Remastered_Collection-master/REDALERT/DLLInterface.cpp,"(233, 15)-(233, 156)",b'static void On_Message(const HouseClass* play...'
CnC_Remastered_Collection-master,../repos/CnC_Remastered_Collection-master/REDALERT/DLLInterface.cpp,"(259, 15)-(259, 63)",b'static void Logic_Switch_Player_Context(Objec...'
CnC_Remastered_Collection-master,../repos/CnC_Remastered_Collection-master/REDALERT/DLLInterface.cpp,"(260, 15)-(260, 61)",b'static void Logic_Switch_Player_Context(House...'
CnC_Remastered_Collection-master,../repos/CnC_Remastered_Collection-master/REDALERT/DLLInterface.cpp,"(268, 30)-(268, 88)",b'*Get_Current_Context_Sidebar(HouseClass *play...'
CnC_Remastered_Collection-master,../repos/CnC_Remastered_Collection-master/REDALERT/DLLInterface.cpp,"(421, 6)-(421, 82)","b'void On_Sound_Effect(int sound_index, int var...'"
CnC_Remastered_Collection-master,../repos/CnC_Remastered_Collection-master/REDALERT/DLLInterface.cpp,"(534, 6)-(534, 52)","b'void On_Speech(int speech_index, HouseClass *...'"
CnC_Remastered_Collection-master,../repos/CnC_Remastered_Collection-master/REDALERT/DLLInterface.cpp,"(546, 6)-(546, 70)","b'void On_Message(const char* message, float ti...'"
CnC_Remastered_Collection-master,../repos/CnC_Remastered_Collection-master/REDALERT/DLLInterface.cpp,"(1231, 47)-(1231, 291)",b'__declspec(dllexport) bool __cdecl CNC_Start_...'
CnC_Remastered_Collection-master,../repos/CnC_Remastered_Collection-master/REDALERT/DLLInterface.cpp,"(1623, 6)-(1623, 119)","b'bool Debug_Write_Shape(const char *file_name,...'"
CnC_Remastered_Collection-master,../repos/CnC_Remastered_Collection-master/REDALERT/DLLInterface.cpp,"(2121, 47)-(2121, 100)",b'__declspec(dllexport) void __cdecl CNC_Handle...'
CnC_Remastered_Collection-master,../repos/CnC_Remastered_Collection-master/REDALERT/DLLInterface.cpp,"(3317, 6)-(3317, 197)","b'void DLL_Draw_Intercept(int shape_number, int...'"
CnC_Remastered_Collection-master,../repos/CnC_Remastered_Collection-master/REDALERT/DLLInterface.cpp,"(3944, 47)-(3944, 176)",b'__declspec(dllexport) void __cdecl CNC_Handle...'
CnC_Remastered_Collection-master,../repos/CnC_Remastered_Collection-master/REDALERT/DLLInterface.cpp,"(7065, 6)-(7065, 54)",b'void Logic_Switch_Player_Context(ObjectClass ...'
CnC_Remastered_Collection-master,../repos/CnC_Remastered_Collection-master/REDALERT/DLLInterface.cpp,"(7082, 6)-(7082, 70)",b'void DLLExportClass::Logic_Switch_Player_Cont...'
CnC_Remastered_Collection-master,../repos/CnC_Remastered_Collection-master/REDALERT/DLLInterface.cpp,"(7114, 6)-(7114, 53)",b'void Logic_Switch_Player_Context(HouseClass *...'
CnC_Remastered_Collection-master,../repos/CnC_Remastered_Collection-master/REDALERT/DLLInterface.cpp,"(7131, 6)-(7131, 68)",b'void DLLExportClass::Logic_Switch_Player_Cont...'
CnC_Remastered_Collection-master,../repos/CnC_Remastered_Collection-master/REDALERT/DLLInterface.cpp,"(7315, 21)-(7315, 72)",b'*Get_Current_Context_Sidebar(HouseClass *play...'
CnC_Remastered_Collection-master,../repos/CnC_Remastered_Collection-master/REDALERT/DLLInterfaceEditor.cpp,"(30, 46)-(30, 160)",b'__declspec(dllexport) int __cdecl CNC_Editor_...'
CnC_Remastered_Collection-master,../repos/CnC_Remastered_Collection-master/REDALERT/DLLInterfaceEditor.cpp,"(31, 46)-(31, 128)",b'__declspec(dllexport) int __cdecl CNC_Editor_...'
CnC_Remastered_Collection-master,../repos/CnC_Remastered_Collection-master/REDALERT/DLLInterfaceEditor.cpp,"(205, 46)-(210, 16)",b'__declspec(dllexport) int __cdecl CNC_Editor_...'
CnC_Remastered_Collection-master,../repos/CnC_Remastered_Collection-master/REDALERT/DLLInterfaceEditor.cpp,"(332, 46)-(334, 22)",b'__declspec(dllexport) int __cdecl CNC_Editor_...'
CnC_Remastered_Collection-master,../repos/CnC_Remastered_Collection-master/REDALERT/WIN32LIB/DrawMisc.cpp,"(112, 14)-(112, 102)",b'void __cdecl Buffer_Draw_Line(void *this_obje...'
CnC_Remastered_Collection-master,../repos/CnC_Remastered_Collection-master/REDALERT/WIN32LIB/DrawMisc.cpp,"(2963, 14)-(2963, 182)",b'void __cdecl Buffer_Draw_Stamp_Clip(void cons...'
CnC_Remastered_Collection-master,../repos/CnC_Remastered_Collection-master/REDALERT/WIN32LIB/DrawMisc.cpp,"(3262, 16)-(3262, 100)","b'VOID __cdecl Buffer_Draw_Line(void *thisptr, ...'"
CnC_Remastered_Collection-master,../repos/CnC_Remastered_Collection-master/REDALERT/WIN32LIB/DrawMisc.cpp,"(3264, 16)-(3264, 96)","b'VOID __cdecl Buffer_Remap(void * thisptr, int...'"
CnC_Remastered_Collection-master,../repos/CnC_Remastered_Collection-master/REDALERT/WIN32LIB/DrawMisc.cpp,"(3268, 16)-(3268, 154)",b'void __cdecl Buffer_Draw_Stamp_Clip(void cons...'
CnC_Remastered_Collection-master,../repos/CnC_Remastered_Collection-master/REDALERT/WIN32LIB/DrawMisc.cpp,"(3293, 14)-(3293, 98)","b'VOID __cdecl Buffer_Remap(void * this_object,...'"
CnC_Remastered_Collection-master,../repos/CnC_Remastered_Collection-master/TIBERIANDAWN/DLLInterface.cpp,"(58, 6)-(58, 130)","b'bool Debug_Write_Shape(const char *file_name,...'"
CnC_Remastered_Collection-master,../repos/CnC_Remastered_Collection-master/TIBERIANDAWN/DLLInterface.cpp,"(129, 47)-(129, 193)",b'__declspec(dllexport) bool __cdecl CNC_Start_...'
CnC_Remastered_Collection-master,../repos/CnC_Remastered_Collection-master/TIBERIANDAWN/DLLInterface.cpp,"(136, 47)-(136, 176)",b'__declspec(dllexport) void __cdecl CNC_Handle...'
CnC_Remastered_Collection-master,../repos/CnC_Remastered_Collection-master/TIBERIANDAWN/DLLInterface.cpp,"(150, 47)-(150, 91)",b'__declspec(dllexport) void __cdecl CNC_Handle...'
CnC_Remastered_Collection-master,../repos/CnC_Remastered_Collection-master/TIBERIANDAWN/DLLInterface.cpp,"(228, 15)-(228, 140)",b'static void On_Sound_Effect(const HouseClass*...'
CnC_Remastered_Collection-master,../repos/CnC_Remastered_Collection-master/TIBERIANDAWN/DLLInterface.cpp,"(229, 15)-(229, 72)",b'static void On_Speech(const HouseClass* playe...'
CnC_Remastered_Collection-master,../repos/CnC_Remastered_Collection-master/TIBERIANDAWN/DLLInterface.cpp,"(234, 15)-(234, 156)",b'static void On_Message(const HouseClass* play...'
CnC_Remastered_Collection-master,../repos/CnC_Remastered_Collection-master/TIBERIANDAWN/DLLInterface.cpp,"(254, 15)-(254, 63)",b'static void Logic_Switch_Player_Context(Objec...'
CnC_Remastered_Collection-master,../repos/CnC_Remastered_Collection-master/TIBERIANDAWN/DLLInterface.cpp,"(255, 15)-(255, 61)",b'static void Logic_Switch_Player_Context(House...'
CnC_Remastered_Collection-master,../repos/CnC_Remastered_Collection-master/TIBERIANDAWN/DLLInterface.cpp,"(262, 30)-(262, 88)",b'*Get_Current_Context_Sidebar(HouseClass *play...'
CnC_Remastered_Collection-master,../repos/CnC_Remastered_Collection-master/TIBERIANDAWN/DLLInterface.cpp,"(392, 6)-(392, 71)","b'void On_Sound_Effect(int sound_index, int var...'"
CnC_Remastered_Collection-master,../repos/CnC_Remastered_Collection-master/TIBERIANDAWN/DLLInterface.cpp,"(432, 6)-(432, 52)","b'void On_Speech(int speech_index, HouseClass *...'"
CnC_Remastered_Collection-master,../repos/CnC_Remastered_Collection-master/TIBERIANDAWN/DLLInterface.cpp,"(1286, 47)-(1287, 63)",b'__declspec(dllexport) bool __cdecl CNC_Start_...'
CnC_Remastered_Collection-master,../repos/CnC_Remastered_Collection-master/TIBERIANDAWN/DLLInterface.cpp,"(1394, 6)-(1394, 119)","b'bool Debug_Write_Shape(const char *file_name,...'"
CnC_Remastered_Collection-master,../repos/CnC_Remastered_Collection-master/TIBERIANDAWN/DLLInterface.cpp,"(1843, 47)-(1843, 100)",b'__declspec(dllexport) void __cdecl CNC_Handle...'
CnC_Remastered_Collection-master,../repos/CnC_Remastered_Collection-master/TIBERIANDAWN/DLLInterface.cpp,"(2608, 6)-(2608, 117)","b'void On_Message(const char* message, float ti...'"
CnC_Remastered_Collection-master,../repos/CnC_Remastered_Collection-master/TIBERIANDAWN/DLLInterface.cpp,"(2613, 6)-(2613, 78)","b'void On_Message(const char* message, float ti...'"
CnC_Remastered_Collection-master,../repos/CnC_Remastered_Collection-master/TIBERIANDAWN/DLLInterface.cpp,"(3513, 47)-(3513, 176)",b'__declspec(dllexport) void __cdecl CNC_Handle...'
CnC_Remastered_Collection-master,../repos/CnC_Remastered_Collection-master/TIBERIANDAWN/DLLInterface.cpp,"(6228, 6)-(6228, 54)",b'void Logic_Switch_Player_Context(ObjectClass ...'
CnC_Remastered_Collection-master,../repos/CnC_Remastered_Collection-master/TIBERIANDAWN/DLLInterface.cpp,"(6245, 6)-(6245, 70)",b'void DLLExportClass::Logic_Switch_Player_Cont...'
CnC_Remastered_Collection-master,../repos/CnC_Remastered_Collection-master/TIBERIANDAWN/DLLInterface.cpp,"(6277, 6)-(6277, 53)",b'void Logic_Switch_Player_Context(HouseClass *...'
CnC_Remastered_Collection-master,../repos/CnC_Remastered_Collection-master/TIBERIANDAWN/DLLInterface.cpp,"(6294, 6)-(6294, 68)",b'void DLLExportClass::Logic_Switch_Player_Cont...'
CnC_Remastered_Collection-master,../repos/CnC_Remastered_Collection-master/TIBERIANDAWN/DLLInterface.cpp,"(6479, 21)-(6479, 72)",b'*Get_Current_Context_Sidebar(HouseClass *play...'
CnC_Remastered_Collection-master,../repos/CnC_Remastered_Collection-master/TIBERIANDAWN/DLLInterfaceEditor.cpp,"(30, 46)-(30, 160)",b'__declspec(dllexport) int __cdecl CNC_Editor_...'
CnC_Remastered_Collection-master,../repos/CnC_Remastered_Collection-master/TIBERIANDAWN/DLLInterfaceEditor.cpp,"(132, 6)-(132, 85)",b'void CNC_Editor_Setup_Content_Directory(char*...'
CnC_Remastered_Collection-master,../repos/CnC_Remastered_Collection-master/TIBERIANDAWN/DLLInterfaceEditor.cpp,"(147, 6)-(147, 79)",b'void CNC_Editor_Setup_Content_Directory(char*...'
CnC_Remastered_Collection-master,../repos/CnC_Remastered_Collection-master/TIBERIANDAWN/DLLInterfaceEditor.cpp,"(169, 46)-(174, 16)",b'__declspec(dllexport) int __cdecl CNC_Editor_...'
CnC_Remastered_Collection-master,../repos/CnC_Remastered_Collection-master/TIBERIANDAWN/DLLInterfaceEditor.cpp,"(276, 14)-(276, 25)",b'CCFileClass file(fname);'
CnC_Remastered_Collection-master,../repos/CnC_Remastered_Collection-master/TIBERIANDAWN/DLLInterfaceEditor.cpp,"(702, 18)-(702, 33)",b'CCFileClass file(file_name);'
CnC_Remastered_Collection-master,../repos/CnC_Remastered_Collection-master/TIBERIANDAWN/WIN32LIB/DrawMisc.cpp,"(111, 14)-(111, 102)",b'void __cdecl Buffer_Draw_Line(void *this_obje...'
CnC_Remastered_Collection-master,../repos/CnC_Remastered_Collection-master/TIBERIANDAWN/WIN32LIB/DrawMisc.cpp,"(2962, 14)-(2962, 182)",b'void __cdecl Buffer_Draw_Stamp_Clip(void cons...'
CnC_Remastered_Collection-master,../repos/CnC_Remastered_Collection-master/TIBERIANDAWN/WIN32LIB/DrawMisc.cpp,"(3261, 16)-(3261, 100)","b'VOID __cdecl Buffer_Draw_Line(void *thisptr, ...'"
CnC_Remastered_Collection-master,../repos/CnC_Remastered_Collection-master/TIBERIANDAWN/WIN32LIB/DrawMisc.cpp,"(3263, 16)-(3263, 96)","b'VOID __cdecl Buffer_Remap(void * thisptr, int...'"
CnC_Remastered_Collection-master,../repos/CnC_Remastered_Collection-master/TIBERIANDAWN/WIN32LIB/DrawMisc.cpp,"(3267, 16)-(3267, 154)",b'void __cdecl Buffer_Draw_Stamp_Clip(void cons...'
CnC_Remastered_Collection-master,../repos/CnC_Remastered_Collection-master/TIBERIANDAWN/WIN32LIB/DrawMisc.cpp,"(3292, 14)-(3292, 98)","b'VOID __cdecl Buffer_Remap(void * this_object,...'"
