Repo name,File name,Location,Content
CnC_Remastered_Collection-master,../repos/CnC_Remastered_Collection-master/REDALERT/DLLInterface.cpp,"(996, 1)-(1187, 2)",b'void GlyphX_Assign_Houses(void)\n{\n\t/*\n\t** RA ...'
CnC_Remastered_Collection-master,../repos/CnC_Remastered_Collection-master/REDALERT/DLLInterface.cpp,"(1213, 12)-(1216, 2)",b'__declspec(dllexport) bool __cdecl CNC_Start_...'
CnC_Remastered_Collection-master,../repos/CnC_Remastered_Collection-master/REDALERT/DLLInterface.cpp,"(1231, 12)-(1372, 2)",b'__declspec(dllexport) bool __cdecl CNC_Start_...'
CnC_Remastered_Collection-master,../repos/CnC_Remastered_Collection-master/REDALERT/DLLInterface.cpp,"(1385, 12)-(1447, 2)",b'__declspec(dllexport) bool __cdecl CNC_Read_I...'
CnC_Remastered_Collection-master,../repos/CnC_Remastered_Collection-master/REDALERT/DLLInterface.cpp,"(1461, 12)-(1602, 2)",b'__declspec(dllexport) bool __cdecl CNC_Start_...'
CnC_Remastered_Collection-master,../repos/CnC_Remastered_Collection-master/REDALERT/DLLInterface.cpp,"(3317, 1)-(3320, 2)","b'void DLL_Draw_Intercept(int shape_number, int...'"
CnC_Remastered_Collection-master,../repos/CnC_Remastered_Collection-master/REDALERT/DLLInterface.cpp,"(3329, 1)-(3676, 2)",b'void DLLExportClass::DLL_Draw_Intercept(int s...'
CnC_Remastered_Collection-master,../repos/CnC_Remastered_Collection-master/REDALERT/WIN32LIB/DrawMisc.cpp,"(1308, 1)-(5507, 2)","b'void\t__cdecl Buffer_Clear(void *this_object, ...'"
CnC_Remastered_Collection-master,../repos/CnC_Remastered_Collection-master/TIBERIANDAWN/DLLInterface.cpp,"(838, 1)-(996, 2)",b'void GlyphX_Assign_Houses(void)\n{\n\tHousesType...'
CnC_Remastered_Collection-master,../repos/CnC_Remastered_Collection-master/TIBERIANDAWN/DLLInterface.cpp,"(1009, 12)-(1012, 2)",b'__declspec(dllexport) bool __cdecl CNC_Start_...'
CnC_Remastered_Collection-master,../repos/CnC_Remastered_Collection-master/TIBERIANDAWN/DLLInterface.cpp,"(1067, 12)-(1133, 2)",b'__declspec(dllexport) bool __cdecl CNC_Read_I...'
CnC_Remastered_Collection-master,../repos/CnC_Remastered_Collection-master/TIBERIANDAWN/DLLInterface.cpp,"(1161, 12)-(1272, 2)",b'__declspec(dllexport) bool __cdecl CNC_Start_...'
CnC_Remastered_Collection-master,../repos/CnC_Remastered_Collection-master/TIBERIANDAWN/DLLInterface.cpp,"(2948, 1)-(2951, 2)","b'void DLL_Draw_Intercept(int shape_number, int...'"
CnC_Remastered_Collection-master,../repos/CnC_Remastered_Collection-master/TIBERIANDAWN/DLLInterface.cpp,"(2966, 1)-(3274, 2)",b'void DLLExportClass::DLL_Draw_Intercept(int s...'
CnC_Remastered_Collection-master,../repos/CnC_Remastered_Collection-master/TIBERIANDAWN/WIN32LIB/DrawMisc.cpp,"(1307, 1)-(5506, 2)","b'void\t__cdecl Buffer_Clear(void *this_object, ...'"
