Repo name,File name,Location,Content
CnC_Remastered_Collection-master,../repos/CnC_Remastered_Collection-master/REDALERT/WIN32LIB/DrawMisc.cpp,"(1255, 17)-(1255, 21)",b'this'
CnC_Remastered_Collection-master,../repos/CnC_Remastered_Collection-master/REDALERT/WIN32LIB/DrawMisc.cpp,"(2809, 62)-(2809, 66)",b'this'
CnC_Remastered_Collection-master,../repos/CnC_Remastered_Collection-master/REDALERT/WIN32LIB/DrawMisc.cpp,"(3104, 62)-(3104, 66)",b'this'
CnC_Remastered_Collection-master,../repos/CnC_Remastered_Collection-master/REDALERT/WIN32LIB/DrawMisc.cpp,"(4191, 34)-(4191, 38)",b'this'
CnC_Remastered_Collection-master,../repos/CnC_Remastered_Collection-master/REDALERT/WIN32LIB/DrawMisc.cpp,"(4707, 41)-(4707, 45)",b'this'
CnC_Remastered_Collection-master,../repos/CnC_Remastered_Collection-master/REDALERT/WIN32LIB/DrawMisc.cpp,"(4716, 41)-(4716, 45)",b'this'
CnC_Remastered_Collection-master,../repos/CnC_Remastered_Collection-master/TIBERIANDAWN/WIN32LIB/DrawMisc.cpp,"(1254, 17)-(1254, 21)",b'this'
CnC_Remastered_Collection-master,../repos/CnC_Remastered_Collection-master/TIBERIANDAWN/WIN32LIB/DrawMisc.cpp,"(2808, 62)-(2808, 66)",b'this'
CnC_Remastered_Collection-master,../repos/CnC_Remastered_Collection-master/TIBERIANDAWN/WIN32LIB/DrawMisc.cpp,"(3103, 62)-(3103, 66)",b'this'
CnC_Remastered_Collection-master,../repos/CnC_Remastered_Collection-master/TIBERIANDAWN/WIN32LIB/DrawMisc.cpp,"(4190, 34)-(4190, 38)",b'this'
CnC_Remastered_Collection-master,../repos/CnC_Remastered_Collection-master/TIBERIANDAWN/WIN32LIB/DrawMisc.cpp,"(4706, 41)-(4706, 45)",b'this'
CnC_Remastered_Collection-master,../repos/CnC_Remastered_Collection-master/TIBERIANDAWN/WIN32LIB/DrawMisc.cpp,"(4715, 41)-(4715, 45)",b'this'
CnC_Remastered_Collection-master,../repos/CnC_Remastered_Collection-master/TIBERIANDAWN/WIN32LIB/FACINGFF.h,"(135, 4)-(135, 8)",b'this'
