Repo name,File name,Location,Content
CnC_Remastered_Collection-master,../repos/CnC_Remastered_Collection-master/REDALERT/WIN32LIB/wwstd.h,"(121, 1)-(124, 2)",b'template<class T> T ABS(T a)\n{\n\treturn (a < 0...'
CnC_Remastered_Collection-master,../repos/CnC_Remastered_Collection-master/REDALERT/WIN32LIB/wwstd.h,"(132, 1)-(135, 2)","b'template<class T> T MIN(T a, T b)\n{\n\treturn (...'"
CnC_Remastered_Collection-master,../repos/CnC_Remastered_Collection-master/REDALERT/WIN32LIB/wwstd.h,"(145, 1)-(148, 2)","b'template<class T> T MAX(T a, T b)\n{\n\treturn (...'"
CnC_Remastered_Collection-master,../repos/CnC_Remastered_Collection-master/REDALERT/WIN32LIB/wwstd.h,"(262, 1)-(265, 2)","b'template<class T> T Min(T a, T b)\n{\n\treturn (...'"
CnC_Remastered_Collection-master,../repos/CnC_Remastered_Collection-master/REDALERT/WIN32LIB/wwstd.h,"(267, 1)-(270, 2)","b'template<class T> inline  T Max(T a, T b)\n{\n\t...'"
CnC_Remastered_Collection-master,../repos/CnC_Remastered_Collection-master/REDALERT/WIN32LIB/wwstd.h,"(272, 1)-(275, 2)",b'template<class T> T Abs(T a)\n{\n\treturn ((a<0)...'
CnC_Remastered_Collection-master,../repos/CnC_Remastered_Collection-master/REDALERT/WIN32LIB/wwstd.h,"(277, 1)-(281, 2)","b'template<class T> VOID minimize(T &a, T b)\n{\n...'"
CnC_Remastered_Collection-master,../repos/CnC_Remastered_Collection-master/REDALERT/WIN32LIB/wwstd.h,"(283, 1)-(287, 2)","b'template<class T> VOID maximize(T &a, T b)\n{\n...'"
CnC_Remastered_Collection-master,../repos/CnC_Remastered_Collection-master/REDALERT/WIN32LIB/wwstd.h,"(300, 1)-(303, 2)","b'template<class T> VOID BitFlagsOn(T &a, T b)\n...'"
CnC_Remastered_Collection-master,../repos/CnC_Remastered_Collection-master/REDALERT/WIN32LIB/wwstd.h,"(305, 1)-(308, 2)","b'template<class T> VOID BitFlagsOff(T &a, T b)...'"
CnC_Remastered_Collection-master,../repos/CnC_Remastered_Collection-master/REDALERT/WIN32LIB/wwstd.h,"(310, 1)-(313, 2)","b'template<class T> T BitFlagsValue(T a, T b)\n{...'"
CnC_Remastered_Collection-master,../repos/CnC_Remastered_Collection-master/REDALERT/WIN32LIB/wwstd.h,"(315, 1)-(318, 2)","b'template<class T> VOID BitFlagsFlip(T &a, T b...'"
