Repo name,File name,Location,Content
CnC_Remastered_Collection-master,../repos/CnC_Remastered_Collection-master/REDALERT/DLLInterface.cpp,"(58, 1)-(58, 83)",b'typedef void (__cdecl* CNC_Event_Callback_Typ...'
CnC_Remastered_Collection-master,../repos/CnC_Remastered_Collection-master/REDALERT/DLLInterface.cpp,"(59, 1)-(59, 33)",b'typedef unsigned __int64 uint64;'
CnC_Remastered_Collection-master,../repos/CnC_Remastered_Collection-master/REDALERT/DLLInterface.cpp,"(60, 1)-(60, 23)",b'typedef __int64 int64;'
CnC_Remastered_Collection-master,../repos/CnC_Remastered_Collection-master/REDALERT/DLLInterface.cpp,"(88, 1)-(91, 3)","b'typedef enum {\n\tIN_NOVAR,\t\t\t// No variation o...'"
CnC_Remastered_Collection-master,../repos/CnC_Remastered_Collection-master/REDALERT/WIN32LIB/wwstd.h,"(185, 1)-(185, 20)",b'typedef void \tVOID;'
CnC_Remastered_Collection-master,../repos/CnC_Remastered_Collection-master/REDALERT/WIN32LIB/wwstd.h,"(218, 1)-(218, 18)",b'typedef int bool;'
CnC_Remastered_Collection-master,../repos/CnC_Remastered_Collection-master/REDALERT/WIN32LIB/wwstd.h,"(321, 1)-(339, 13)","b'typedef enum : unsigned short {\n\tTBLACK,\n\tPUR...'"
CnC_Remastered_Collection-master,../repos/CnC_Remastered_Collection-master/TIBERIANDAWN/DLLInterface.cpp,"(60, 1)-(60, 83)",b'typedef void (__cdecl* CNC_Event_Callback_Typ...'
CnC_Remastered_Collection-master,../repos/CnC_Remastered_Collection-master/TIBERIANDAWN/DLLInterface.cpp,"(61, 1)-(61, 33)",b'typedef unsigned __int64 uint64;'
CnC_Remastered_Collection-master,../repos/CnC_Remastered_Collection-master/TIBERIANDAWN/DLLInterface.cpp,"(62, 1)-(62, 23)",b'typedef __int64 int64;'
CnC_Remastered_Collection-master,../repos/CnC_Remastered_Collection-master/TIBERIANDAWN/DLLInterface.cpp,"(90, 1)-(94, 3)","b'typedef enum {\n\tIN_NOVAR,\t\t\t// No variation o...'"
