Repo name,File name,Location,Content
json,../repos/json/tests/thirdparty/Fuzzer/FuzzerLoop.cpp,"(141, 23)-(141, 31)",b'const volatile void *ptr'
json,../repos/json/tests/thirdparty/Fuzzer/FuzzerLoop.cpp,"(152, 21)-(152, 29)",b'const volatile void *ptr'
json,../repos/json/tests/thirdparty/Fuzzer/test/SignedIntOverflowTest.cpp,"(12, 8)-(12, 16)",b'static volatile int Sink;'
json,../repos/json/tests/thirdparty/Fuzzer/test/ShrinkControlFlowTest.cpp,"(11, 8)-(11, 16)",b'static volatile int Sink;'
json,../repos/json/tests/thirdparty/Fuzzer/test/StrncmpTest.cpp,"(10, 8)-(10, 16)",b'static volatile int sink;'
json,../repos/json/tests/thirdparty/Fuzzer/test/OutOfMemorySingleLargeMallocTest.cpp,"(12, 8)-(12, 16)",b'static volatile char *SinkPtr;'
json,../repos/json/tests/thirdparty/Fuzzer/test/CustomMutatorTest.cpp,"(13, 8)-(13, 16)",b'static volatile int Sink;'
json,../repos/json/tests/thirdparty/Fuzzer/test/LeakTimeoutTest.cpp,"(8, 8)-(8, 16)",b'static volatile int *Sink;'
json,../repos/json/tests/thirdparty/Fuzzer/test/ThreadedLeakTest.cpp,"(9, 8)-(9, 16)",b'static volatile int *Sink;'
json,../repos/json/tests/thirdparty/Fuzzer/test/StrncmpOOBTest.cpp,"(12, 8)-(12, 16)",b'static volatile int Sink;'
json,../repos/json/tests/thirdparty/Fuzzer/test/TimeoutTest.cpp,"(10, 8)-(10, 16)",b'static volatile int Sink;'
json,../repos/json/tests/thirdparty/Fuzzer/test/NullDerefTest.cpp,"(10, 8)-(10, 16)",b'static volatile int Sink;'
json,../repos/json/tests/thirdparty/Fuzzer/test/NullDerefTest.cpp,"(11, 8)-(11, 16)",b'static volatile int *Null = 0;'
json,../repos/json/tests/thirdparty/Fuzzer/test/ShrinkValueProfileTest.cpp,"(11, 8)-(11, 16)",b'static volatile uint32_t Sink;'
json,../repos/json/tests/thirdparty/Fuzzer/test/SwitchTest.cpp,"(11, 8)-(11, 16)",b'static volatile int Sink;'
json,../repos/json/tests/thirdparty/Fuzzer/test/SimpleDictionaryTest.cpp,"(14, 8)-(14, 16)",b'static volatile int Zero = 0;'
json,../repos/json/tests/thirdparty/Fuzzer/test/SimpleTest.cpp,"(11, 8)-(11, 16)",b'static volatile int Sink;'
json,../repos/json/tests/thirdparty/Fuzzer/test/NullDerefOnEmptyTest.cpp,"(10, 8)-(10, 16)",b'static volatile int *Null = 0;'
json,../repos/json/tests/thirdparty/Fuzzer/test/DSOTestMain.cpp,"(14, 8)-(14, 16)",b'static volatile int *nil = 0;'
json,../repos/json/tests/thirdparty/Fuzzer/test/OutOfMemoryTest.cpp,"(13, 8)-(13, 16)",b'static volatile char *SinkPtr;'
json,../repos/json/tests/thirdparty/Fuzzer/test/OneHugeAllocTest.cpp,"(12, 8)-(12, 16)",b'static volatile char *SinkPtr;'
json,../repos/json/tests/thirdparty/Fuzzer/test/LoadTest.cpp,"(11, 8)-(11, 16)",b'static volatile int Sink;'
json,../repos/json/tests/thirdparty/Fuzzer/test/CustomCrossOverTest.cpp,"(18, 8)-(18, 16)",b'static volatile int sink;'
json,../repos/json/tests/thirdparty/Fuzzer/test/TimeoutEmptyTest.cpp,"(9, 10)-(9, 18)",b'static volatile int Zero = 0;'
json,../repos/json/tests/thirdparty/Fuzzer/test/DivTest.cpp,"(11, 8)-(11, 16)",b'static volatile int Sink;'
json,../repos/json/tests/thirdparty/Fuzzer/test/BufferOverflowOnInput.cpp,"(11, 8)-(11, 16)",b'static volatile bool SeedLargeBuffer;'
json,../repos/json/tests/thirdparty/Fuzzer/test/LeakTest.cpp,"(8, 8)-(8, 16)",b'static volatile void *Sink;'
json,../repos/json/tests/thirdparty/Fuzzer/afl/afl_driver.cpp,"(91, 8)-(91, 16)","b'static volatile char AFL_PERSISTENT[] = ""##SI...'"
json,../repos/json/tests/thirdparty/Fuzzer/afl/afl_driver.cpp,"(93, 8)-(93, 16)",b'static volatile char suppress_warning2 = AFL_...'
json,../repos/json/tests/thirdparty/Fuzzer/afl/afl_driver.cpp,"(96, 8)-(96, 16)","b'static volatile char AFL_DEFER_FORKSVR[] = ""#...'"
json,../repos/json/tests/thirdparty/Fuzzer/afl/afl_driver.cpp,"(98, 8)-(98, 16)",b'static volatile char suppress_warning1 = AFL_...'
