Repo name,File name,Location,Content
json,../repos/json/single_include/nlohmann/json.hpp,"(2900, 84)-(2900, 92)","b'operator<=>(const value_t lhs, const value_t ...'"
json,../repos/json/single_include/nlohmann/json.hpp,"(2902, 65)-(2902, 73)","b'operator<(const value_t lhs, const value_t rh...'"
json,../repos/json/single_include/nlohmann/json.hpp,"(2930, 61)-(2930, 69)","b'operator<(const value_t lhs, const value_t rh...'"
json,../repos/json/single_include/nlohmann/json.hpp,"(3125, 41)-(3125, 49)",b'size() noexcept'
json,../repos/json/single_include/nlohmann/json.hpp,"(3615, 46)-(3615, 54)",b'to_int_type(char_type c) noexcept'
json,../repos/json/single_include/nlohmann/json.hpp,"(3620, 47)-(3620, 55)",b'to_char_type(int_type i) noexcept'
json,../repos/json/single_include/nlohmann/json.hpp,"(3625, 37)-(3625, 45)",b'eof() noexcept'
json,../repos/json/single_include/nlohmann/json.hpp,"(3639, 46)-(3639, 54)",b'to_int_type(char_type c) noexcept'
json,../repos/json/single_include/nlohmann/json.hpp,"(3644, 47)-(3644, 55)",b'to_char_type(int_type i) noexcept'
json,../repos/json/single_include/nlohmann/json.hpp,"(3649, 37)-(3649, 45)",b'eof() noexcept'
json,../repos/json/single_include/nlohmann/json.hpp,"(4375, 30)-(4375, 38)",b'what() const noexcept override'
json,../repos/json/single_include/nlohmann/json.hpp,"(5102, 5)-(5102, 59)","b'operator()(const BasicJsonType& j, T&& val) c...'"
json,../repos/json/single_include/nlohmann/json.hpp,"(5210, 5)-(5211, 75)","b'iteration_proxy_value(IteratorType it, std::s...'"
json,../repos/json/single_include/nlohmann/json.hpp,"(5220, 5)-(5221, 72)",b'iteration_proxy_value(iteration_proxy_value&&...'
json,../repos/json/single_include/nlohmann/json.hpp,"(5223, 5)-(5224, 69)",b'operator=(iteration_proxy_value&&)\n    noexce...'
json,../repos/json/single_include/nlohmann/json.hpp,"(5316, 69)-(5316, 77)",b'iteration_proxy(typename IteratorType::refere...'
json,../repos/json/single_include/nlohmann/json.hpp,"(5321, 40)-(5321, 48)",b'iteration_proxy(iteration_proxy&&) noexcept'
json,../repos/json/single_include/nlohmann/json.hpp,"(5322, 51)-(5322, 59)",b'operator=(iteration_proxy&&) noexcept'
json,../repos/json/single_include/nlohmann/json.hpp,"(5326, 55)-(5326, 63)",b'begin() const noexcept'
json,../repos/json/single_include/nlohmann/json.hpp,"(5332, 53)-(5332, 61)",b'end() const noexcept'
json,../repos/json/single_include/nlohmann/json.hpp,"(5425, 82)-(5425, 90)","b'construct(BasicJsonType& j, typename BasicJso...'"
json,../repos/json/single_include/nlohmann/json.hpp,"(5493, 89)-(5493, 97)","b'construct(BasicJsonType& j, typename BasicJso...'"
json,../repos/json/single_include/nlohmann/json.hpp,"(5506, 92)-(5506, 100)","b'construct(BasicJsonType& j, typename BasicJso...'"
json,../repos/json/single_include/nlohmann/json.hpp,"(5519, 91)-(5519, 99)","b'construct(BasicJsonType& j, typename BasicJso...'"
json,../repos/json/single_include/nlohmann/json.hpp,"(5642, 44)-(5642, 52)","b'to_json(BasicJsonType& j, T b) noexcept'"
json,../repos/json/single_include/nlohmann/json.hpp,"(5655, 57)-(5655, 65)","b'to_json(BasicJsonType& j, const BoolRef& b) n...'"
json,../repos/json/single_include/nlohmann/json.hpp,"(5675, 54)-(5675, 62)","b'to_json(BasicJsonType& j, FloatType val) noexcept'"
json,../repos/json/single_include/nlohmann/json.hpp,"(5682, 73)-(5682, 81)","b'to_json(BasicJsonType& j, CompatibleNumberUns...'"
json,../repos/json/single_include/nlohmann/json.hpp,"(5689, 72)-(5689, 80)","b'to_json(BasicJsonType& j, CompatibleNumberInt...'"
json,../repos/json/single_include/nlohmann/json.hpp,"(5697, 51)-(5697, 59)","b'to_json(BasicJsonType& j, EnumType e) noexcept'"
json,../repos/json/single_include/nlohmann/json.hpp,"(5803, 54)-(5803, 106)","b'operator()(BasicJsonType& j, T&& val) const n...'"
json,../repos/json/single_include/nlohmann/json.hpp,"(5838, 64)-(5839, 78)","b'from_json(BasicJsonType && j, TargetType& val...'"
json,../repos/json/single_include/nlohmann/json.hpp,"(5848, 47)-(5849, 106)",b'from_json(BasicJsonType && j) noexcept(\n    n...'
json,../repos/json/single_include/nlohmann/json.hpp,"(5858, 62)-(5859, 73)","b'to_json(BasicJsonType& j, TargetType && val) ...'"
json,../repos/json/single_include/nlohmann/json.hpp,"(5939, 45)-(5939, 53)",b'set_subtype(subtype_type subtype_) noexcept'
json,../repos/json/single_include/nlohmann/json.hpp,"(5947, 44)-(5947, 52)",b'subtype() const noexcept'
json,../repos/json/single_include/nlohmann/json.hpp,"(5954, 40)-(5954, 48)",b'has_subtype() const noexcept'
json,../repos/json/single_include/nlohmann/json.hpp,"(5961, 26)-(5961, 34)",b'clear_subtype() noexcept'
json,../repos/json/single_include/nlohmann/json.hpp,"(6005, 61)-(6005, 69)","b'combine(std::size_t seed, std::size_t h) noexcept'"
json,../repos/json/single_include/nlohmann/json.hpp,"(6194, 47)-(6194, 55)",b'file_input_adapter(std::FILE* f) noexcept'
json,../repos/json/single_include/nlohmann/json.hpp,"(6202, 46)-(6202, 54)",b'file_input_adapter(file_input_adapter&&) noexcept'
json,../repos/json/single_include/nlohmann/json.hpp,"(6207, 54)-(6207, 62)",b'get_character() noexcept'
json,../repos/json/single_include/nlohmann/json.hpp,"(6250, 54)-(6250, 62)",b'input_stream_adapter(input_stream_adapter&& r...'
json,../repos/json/single_include/nlohmann/json.hpp,"(6448, 63)-(6448, 71)",b'get_character() noexcept'
json,../repos/json/single_include/nlohmann/json.hpp,"(7435, 60)-(7435, 68)",b'token_type_name(const token_type t) noexcept'
json,../repos/json/single_include/nlohmann/json.hpp,"(7496, 79)-(7496, 87)","b'lexer(InputAdapterType&& adapter, bool ignore...'"
json,../repos/json/single_include/nlohmann/json.hpp,"(7516, 37)-(7516, 45)",b'get_decimal_point() noexcept'
json,../repos/json/single_include/nlohmann/json.hpp,"(8285, 66)-(8285, 74)","b'strtof(float& f, const char* str, char** endp...'"
json,../repos/json/single_include/nlohmann/json.hpp,"(8291, 67)-(8291, 75)","b'strtof(double& f, const char* str, char** end...'"
json,../repos/json/single_include/nlohmann/json.hpp,"(8297, 72)-(8297, 80)","b'strtof(long double& f, const char* str, char*...'"
json,../repos/json/single_include/nlohmann/json.hpp,"(8693, 18)-(8693, 26)",b'reset() noexcept'
json,../repos/json/single_include/nlohmann/json.hpp,"(8791, 61)-(8791, 69)",b'get_number_unsigned() const noexcept'
json,../repos/json/single_include/nlohmann/json.hpp,"(8797, 55)-(8797, 63)",b'get_number_float() const noexcept'
json,../repos/json/single_include/nlohmann/json.hpp,"(8813, 47)-(8813, 55)",b'get_position() const noexcept'
json,../repos/json/single_include/nlohmann/json.hpp,"(8846, 53)-(8846, 61)",b'get_error_message() const noexcept'
json,../repos/json/single_include/nlohmann/json.hpp,"(9199, 51)-(9199, 59)",b'little_endianness(int num = 1) noexcept'
json,../repos/json/single_include/nlohmann/json.hpp,"(9229, 108)-(9229, 116)","b'binary_reader(InputAdapterType&& adapter, con...'"
json,../repos/json/single_include/nlohmann/json.hpp,"(12745, 49)-(12745, 57)",b'get_value() const noexcept'
json,../repos/json/single_include/nlohmann/json.hpp,"(12751, 22)-(12751, 30)",b'set_begin() noexcept'
json,../repos/json/single_include/nlohmann/json.hpp,"(12757, 20)-(12757, 28)",b'set_end() noexcept'
json,../repos/json/single_include/nlohmann/json.hpp,"(12763, 37)-(12763, 45)",b'is_begin() const noexcept'
json,../repos/json/single_include/nlohmann/json.hpp,"(12769, 35)-(12769, 43)",b'is_end() const noexcept'
json,../repos/json/single_include/nlohmann/json.hpp,"(12774, 90)-(12774, 98)","b'operator==(primitive_iterator_t lhs, primitiv...'"
json,../repos/json/single_include/nlohmann/json.hpp,"(12779, 89)-(12779, 97)","b'operator<(primitive_iterator_t lhs, primitive...'"
json,../repos/json/single_include/nlohmann/json.hpp,"(12784, 55)-(12784, 63)",b'operator+(difference_type n) noexcept'
json,../repos/json/single_include/nlohmann/json.hpp,"(12791, 100)-(12791, 108)","b'operator-(primitive_iterator_t lhs, primitive...'"
json,../repos/json/single_include/nlohmann/json.hpp,"(12796, 40)-(12796, 48)",b'operator++() noexcept'
json,../repos/json/single_include/nlohmann/json.hpp,"(12802, 43)-(12802, 51)",b'operator++(int)& noexcept'
json,../repos/json/single_include/nlohmann/json.hpp,"(12809, 40)-(12809, 48)",b'operator--() noexcept'
json,../repos/json/single_include/nlohmann/json.hpp,"(12815, 43)-(12815, 51)",b'operator--(int)& noexcept'
json,../repos/json/single_include/nlohmann/json.hpp,"(12822, 57)-(12822, 65)",b'operator+=(difference_type n) noexcept'
json,../repos/json/single_include/nlohmann/json.hpp,"(12828, 57)-(12828, 65)",b'operator-=(difference_type n) noexcept'
json,../repos/json/single_include/nlohmann/json.hpp,"(12960, 28)-(12960, 36)",b'iter_impl(iter_impl&&) noexcept'
json,../repos/json/single_include/nlohmann/json.hpp,"(12961, 39)-(12961, 47)",b'operator=(iter_impl&&) noexcept'
json,../repos/json/single_include/nlohmann/json.hpp,"(12969, 40)-(12969, 48)",b'iter_impl(pointer object) noexcept'
json,../repos/json/single_include/nlohmann/json.hpp,"(13019, 60)-(13019, 68)",b'iter_impl(const iter_impl<const BasicJsonType...'
json,../repos/json/single_include/nlohmann/json.hpp,"(13029, 71)-(13029, 79)",b'operator=(const iter_impl<const BasicJsonType...'
json,../repos/json/single_include/nlohmann/json.hpp,"(13044, 88)-(13044, 96)",b'iter_impl(const iter_impl<typename std::remov...'
json,../repos/json/single_include/nlohmann/json.hpp,"(13054, 99)-(13054, 107)",b'operator=(const iter_impl<typename std::remov...'
json,../repos/json/single_include/nlohmann/json.hpp,"(13110, 20)-(13110, 28)",b'set_end() noexcept'
json,../repos/json/single_include/nlohmann/json.hpp,"(13679, 85)-(13679, 93)",b'json_reverse_iterator(const typename base_ite...'
json,../repos/json/single_include/nlohmann/json.hpp,"(13683, 61)-(13683, 69)",b'json_reverse_iterator(const base_iterator& it...'
json,../repos/json/single_include/nlohmann/json.hpp,"(14003, 24)-(14003, 32)",b'empty() const noexcept'
json,../repos/json/single_include/nlohmann/json.hpp,"(14660, 70)-(14660, 78)",b'operator==(const json_pointer<RefStringTypeRh...'
json,../repos/json/single_include/nlohmann/json.hpp,"(14675, 87)-(14675, 95)",b'operator<=>(const json_pointer<RefStringTypeR...'
json,../repos/json/single_include/nlohmann/json.hpp,"(14685, 71)-(14685, 79)",b'operator==(const json_pointer<RefStringTypeLh...'
json,../repos/json/single_include/nlohmann/json.hpp,"(14706, 71)-(14706, 79)",b'operator!=(const json_pointer<RefStringTypeLh...'
json,../repos/json/single_include/nlohmann/json.hpp,"(14726, 70)-(14726, 78)",b'operator<(const json_pointer<RefStringTypeLhs...'
json,../repos/json/single_include/nlohmann/json.hpp,"(14738, 67)-(14738, 75)",b'operator==(const json_pointer<RefStringTypeLh...'
json,../repos/json/single_include/nlohmann/json.hpp,"(14763, 67)-(14763, 75)",b'operator!=(const json_pointer<RefStringTypeLh...'
json,../repos/json/single_include/nlohmann/json.hpp,"(14788, 66)-(14788, 74)",b'operator<(const json_pointer<RefStringTypeLhs...'
json,../repos/json/single_include/nlohmann/json.hpp,"(14845, 26)-(14845, 34)",b'json_ref(json_ref&&) noexcept'
json,../repos/json/single_include/nlohmann/json.hpp,"(14953, 56)-(14953, 64)",b'output_adapter_protocol(output_adapter_protoc...'
json,../repos/json/single_include/nlohmann/json.hpp,"(14955, 67)-(14955, 75)",b'operator=(output_adapter_protocol&&) noexcept'
json,../repos/json/single_include/nlohmann/json.hpp,"(14967, 79)-(14967, 87)","b'output_vector_adapter(std::vector<CharType, A...'"
json,../repos/json/single_include/nlohmann/json.hpp,"(14992, 69)-(14992, 77)",b'output_stream_adapter(std::basic_ostream<Char...'
json,../repos/json/single_include/nlohmann/json.hpp,"(15017, 51)-(15017, 59)",b'output_string_adapter(StringType& s) noexcept'
json,../repos/json/single_include/nlohmann/json.hpp,"(16105, 85)-(16105, 93)",b'calc_bson_unsigned_size(const std::uint64_t v...'
json,../repos/json/single_include/nlohmann/json.hpp,"(16544, 81)-(16544, 89)","b'ubjson_prefix(const BasicJsonType& j, const b...'"
json,../repos/json/single_include/nlohmann/json.hpp,"(16835, 60)-(16835, 68)",b'to_char_type(std::uint8_t x) noexcept'
json,../repos/json/single_include/nlohmann/json.hpp,"(16842, 50)-(16842, 58)",b'to_char_type(std::uint8_t x) noexcept'
json,../repos/json/single_include/nlohmann/json.hpp,"(16853, 60)-(16853, 68)",b'to_char_type(std::uint8_t x) noexcept'
json,../repos/json/single_include/nlohmann/json.hpp,"(16864, 61)-(16864, 69)",b'to_char_type(InputCharType x) noexcept'
json,../repos/json/single_include/nlohmann/json.hpp,"(16972, 47)-(16972, 55)","b'diyfp(std::uint64_t f_, int e_) noexcept'"
json,../repos/json/single_include/nlohmann/json.hpp,"(16978, 54)-(16978, 62)","b'sub(const diyfp& x, const diyfp& y) noexcept'"
json,../repos/json/single_include/nlohmann/json.hpp,"(16990, 54)-(16990, 62)","b'mul(const diyfp& x, const diyfp& y) noexcept'"
json,../repos/json/single_include/nlohmann/json.hpp,"(17055, 37)-(17055, 45)",b'normalize(diyfp x) noexcept'
json,../repos/json/single_include/nlohmann/json.hpp,"(17072, 74)-(17072, 82)","b'normalize_to(const diyfp& x, const int target...'"
json,../repos/json/single_include/nlohmann/json.hpp,"(18909, 100)-(18909, 108)","b'decode(std::uint8_t& state, std::uint32_t& co...'"
json,../repos/json/single_include/nlohmann/json.hpp,"(18964, 62)-(18964, 70)",b'remove_sign(number_integer_t x) noexcept'
json,../repos/json/single_include/nlohmann/json.hpp,"(19051, 19)-(19051, 50)",b'ordered_map() noexcept(noexcept(Container()))'
json,../repos/json/single_include/nlohmann/json.hpp,"(19052, 50)-(19052, 86)",b'ordered_map(const Allocator& alloc) noexcept(...'
json,../repos/json/single_include/nlohmann/json.hpp,"(19748, 33)-(19748, 41)",b'json_value(boolean_t v) noexcept'
json,../repos/json/single_include/nlohmann/json.hpp,"(19750, 40)-(19750, 48)",b'json_value(number_integer_t v) noexcept'
json,../repos/json/single_include/nlohmann/json.hpp,"(19752, 41)-(19752, 49)",b'json_value(number_unsigned_t v) noexcept'
json,../repos/json/single_include/nlohmann/json.hpp,"(19754, 38)-(19754, 46)",b'json_value(number_float_t v) noexcept'
json,../repos/json/single_include/nlohmann/json.hpp,"(20126, 42)-(20126, 50)",b'basic_json(std::nullptr_t = nullptr) noexcept'
json,../repos/json/single_include/nlohmann/json.hpp,"(20138, 39)-(20140, 80)",b'basic_json(CompatibleType && val) noexcept(no...'
json,../repos/json/single_include/nlohmann/json.hpp,"(20517, 36)-(20517, 44)",b'basic_json(basic_json&& other) noexcept'
json,../repos/json/single_include/nlohmann/json.hpp,"(20534, 45)-(20540, 6)",b'operator=(basic_json other) noexcept (\n      ...'
json,../repos/json/single_include/nlohmann/json.hpp,"(20557, 19)-(20557, 27)",b'~basic_json() noexcept'
json,../repos/json/single_include/nlohmann/json.hpp,"(20597, 36)-(20597, 44)",b'type() const noexcept'
json,../repos/json/single_include/nlohmann/json.hpp,"(20604, 41)-(20604, 49)",b'is_primitive() const noexcept'
json,../repos/json/single_include/nlohmann/json.hpp,"(20611, 42)-(20611, 50)",b'is_structured() const noexcept'
json,../repos/json/single_include/nlohmann/json.hpp,"(20618, 36)-(20618, 44)",b'is_null() const noexcept'
json,../repos/json/single_include/nlohmann/json.hpp,"(20625, 39)-(20625, 47)",b'is_boolean() const noexcept'
json,../repos/json/single_include/nlohmann/json.hpp,"(20632, 38)-(20632, 46)",b'is_number() const noexcept'
json,../repos/json/single_include/nlohmann/json.hpp,"(20639, 46)-(20639, 54)",b'is_number_integer() const noexcept'
json,../repos/json/single_include/nlohmann/json.hpp,"(20646, 47)-(20646, 55)",b'is_number_unsigned() const noexcept'
json,../repos/json/single_include/nlohmann/json.hpp,"(20653, 44)-(20653, 52)",b'is_number_float() const noexcept'
json,../repos/json/single_include/nlohmann/json.hpp,"(20660, 38)-(20660, 46)",b'is_object() const noexcept'
json,../repos/json/single_include/nlohmann/json.hpp,"(20667, 37)-(20667, 45)",b'is_array() const noexcept'
json,../repos/json/single_include/nlohmann/json.hpp,"(20674, 38)-(20674, 46)",b'is_string() const noexcept'
json,../repos/json/single_include/nlohmann/json.hpp,"(20681, 38)-(20681, 46)",b'is_binary() const noexcept'
json,../repos/json/single_include/nlohmann/json.hpp,"(20688, 41)-(20688, 49)",b'is_discarded() const noexcept'
json,../repos/json/single_include/nlohmann/json.hpp,"(20695, 40)-(20695, 48)",b'() const noexcept'
json,../repos/json/single_include/nlohmann/json.hpp,"(22071, 22)-(22071, 30)",b'begin() noexcept'
json,../repos/json/single_include/nlohmann/json.hpp,"(22080, 34)-(22080, 42)",b'begin() const noexcept'
json,../repos/json/single_include/nlohmann/json.hpp,"(22087, 35)-(22087, 43)",b'cbegin() const noexcept'
json,../repos/json/single_include/nlohmann/json.hpp,"(22096, 20)-(22096, 28)",b'end() noexcept'
json,../repos/json/single_include/nlohmann/json.hpp,"(22105, 32)-(22105, 40)",b'end() const noexcept'
json,../repos/json/single_include/nlohmann/json.hpp,"(22112, 33)-(22112, 41)",b'cend() const noexcept'
json,../repos/json/single_include/nlohmann/json.hpp,"(22121, 31)-(22121, 39)",b'rbegin() noexcept'
json,../repos/json/single_include/nlohmann/json.hpp,"(22128, 43)-(22128, 51)",b'rbegin() const noexcept'
json,../repos/json/single_include/nlohmann/json.hpp,"(22135, 29)-(22135, 37)",b'rend() noexcept'
json,../repos/json/single_include/nlohmann/json.hpp,"(22142, 41)-(22142, 49)",b'rend() const noexcept'
json,../repos/json/single_include/nlohmann/json.hpp,"(22149, 44)-(22149, 52)",b'crbegin() const noexcept'
json,../repos/json/single_include/nlohmann/json.hpp,"(22156, 42)-(22156, 50)",b'crend() const noexcept'
json,../repos/json/single_include/nlohmann/json.hpp,"(22168, 70)-(22168, 78)",b'iterator_wrapper(reference ref) noexcept'
json,../repos/json/single_include/nlohmann/json.hpp,"(22179, 82)-(22179, 90)",b'iterator_wrapper(const_reference ref) noexcept'
json,../repos/json/single_include/nlohmann/json.hpp,"(22186, 39)-(22186, 47)",b'items() noexcept'
json,../repos/json/single_include/nlohmann/json.hpp,"(22193, 51)-(22193, 59)",b'items() const noexcept'
json,../repos/json/single_include/nlohmann/json.hpp,"(22209, 24)-(22209, 32)",b'empty() const noexcept'
json,../repos/json/single_include/nlohmann/json.hpp,"(22248, 28)-(22248, 36)",b'size() const noexcept'
json,../repos/json/single_include/nlohmann/json.hpp,"(22287, 32)-(22287, 40)",b'max_size() const noexcept'
json,../repos/json/single_include/nlohmann/json.hpp,"(22330, 18)-(22330, 26)",b'clear() noexcept'
json,../repos/json/single_include/nlohmann/json.hpp,"(22765, 32)-(22770, 6)",b'swap(reference other) noexcept (\n        std:...'
json,../repos/json/single_include/nlohmann/json.hpp,"(22782, 55)-(22787, 6)","b'swap(reference left, reference right) noexcep...'"
json,../repos/json/single_include/nlohmann/json.hpp,"(22976, 78)-(22976, 86)","b'compares_unordered(const_reference rhs, bool ...'"
json,../repos/json/single_include/nlohmann/json.hpp,"(22985, 48)-(22985, 56)",b'operator==(const_reference rhs) const noexcept'
json,../repos/json/single_include/nlohmann/json.hpp,"(23002, 43)-(23002, 51)",b'operator==(ScalarType rhs) const noexcept'
json,../repos/json/single_include/nlohmann/json.hpp,"(23009, 48)-(23009, 56)",b'operator!=(const_reference rhs) const noexcept'
json,../repos/json/single_include/nlohmann/json.hpp,"(23020, 66)-(23020, 74)",b'operator<=>(const_reference rhs) const noexcept'
json,../repos/json/single_include/nlohmann/json.hpp,"(23035, 61)-(23035, 69)",b'operator<=>(ScalarType rhs) const noexcept'
json,../repos/json/single_include/nlohmann/json.hpp,"(23047, 48)-(23047, 56)",b'operator<=(const_reference rhs) const noexcept'
json,../repos/json/single_include/nlohmann/json.hpp,"(23060, 43)-(23060, 51)",b'operator<=(ScalarType rhs) const noexcept'
json,../repos/json/single_include/nlohmann/json.hpp,"(23068, 48)-(23068, 56)",b'operator>=(const_reference rhs) const noexcept'
json,../repos/json/single_include/nlohmann/json.hpp,"(23081, 43)-(23081, 51)",b'operator>=(ScalarType rhs) const noexcept'
json,../repos/json/single_include/nlohmann/json.hpp,"(23089, 70)-(23089, 78)","b'operator==(const_reference lhs, const_referen...'"
json,../repos/json/single_include/nlohmann/json.hpp,"(23105, 65)-(23105, 73)","b'operator==(const_reference lhs, ScalarType rh...'"
json,../repos/json/single_include/nlohmann/json.hpp,"(23114, 65)-(23114, 73)","b'operator==(ScalarType lhs, const_reference rh...'"
json,../repos/json/single_include/nlohmann/json.hpp,"(23121, 70)-(23121, 78)","b'operator!=(const_reference lhs, const_referen...'"
json,../repos/json/single_include/nlohmann/json.hpp,"(23134, 65)-(23134, 73)","b'operator!=(const_reference lhs, ScalarType rh...'"
json,../repos/json/single_include/nlohmann/json.hpp,"(23143, 65)-(23143, 73)","b'operator!=(ScalarType lhs, const_reference rh...'"
json,../repos/json/single_include/nlohmann/json.hpp,"(23150, 69)-(23150, 77)","b'operator<(const_reference lhs, const_referenc...'"
json,../repos/json/single_include/nlohmann/json.hpp,"(23162, 64)-(23162, 72)","b'operator<(const_reference lhs, ScalarType rhs...'"
json,../repos/json/single_include/nlohmann/json.hpp,"(23171, 64)-(23171, 72)","b'operator<(ScalarType lhs, const_reference rhs...'"
json,../repos/json/single_include/nlohmann/json.hpp,"(23178, 70)-(23178, 78)","b'operator<=(const_reference lhs, const_referen...'"
json,../repos/json/single_include/nlohmann/json.hpp,"(23191, 65)-(23191, 73)","b'operator<=(const_reference lhs, ScalarType rh...'"
json,../repos/json/single_include/nlohmann/json.hpp,"(23200, 65)-(23200, 73)","b'operator<=(ScalarType lhs, const_reference rh...'"
json,../repos/json/single_include/nlohmann/json.hpp,"(23207, 69)-(23207, 77)","b'operator>(const_reference lhs, const_referenc...'"
json,../repos/json/single_include/nlohmann/json.hpp,"(23221, 64)-(23221, 72)","b'operator>(const_reference lhs, ScalarType rhs...'"
json,../repos/json/single_include/nlohmann/json.hpp,"(23230, 64)-(23230, 72)","b'operator>(ScalarType lhs, const_reference rhs...'"
json,../repos/json/single_include/nlohmann/json.hpp,"(23237, 70)-(23237, 78)","b'operator>=(const_reference lhs, const_referen...'"
json,../repos/json/single_include/nlohmann/json.hpp,"(23250, 65)-(23250, 73)","b'operator>=(const_reference lhs, ScalarType rh...'"
json,../repos/json/single_include/nlohmann/json.hpp,"(23259, 65)-(23259, 73)","b'operator>=(ScalarType lhs, const_reference rh...'"
json,../repos/json/single_include/nlohmann/json.hpp,"(23461, 35)-(23461, 43)",b'type_name() const noexcept'
json,../repos/json/single_include/nlohmann/json.hpp,"(23511, 16)-(23511, 24)",b'data() noexcept'
json,../repos/json/single_include/nlohmann/json.hpp,"(23512, 22)-(23512, 30)",b'data(data&&) noexcept'
json,../repos/json/single_include/nlohmann/json.hpp,"(23513, 27)-(23513, 35)",b'data(const data&) noexcept'
json,../repos/json/single_include/nlohmann/json.hpp,"(23514, 33)-(23514, 41)",b'operator=(data&&) noexcept'
json,../repos/json/single_include/nlohmann/json.hpp,"(23517, 17)-(23517, 25)",b'~data() noexcept'
json,../repos/json/single_include/nlohmann/json.hpp,"(24522, 60)-(24522, 68)","b'operator()(::nlohmann::detail::value_t lhs,\n ...'"
json,../repos/json/single_include/nlohmann/json.hpp,"(24538, 96)-(24540, 74)","b'swap(nlohmann::NLOHMANN_BASIC_JSON_TPL& j1, n...'"
json,../repos/json/include/nlohmann/byte_container_with_subtype.hpp,"(70, 45)-(70, 53)",b'set_subtype(subtype_type subtype_) noexcept'
json,../repos/json/include/nlohmann/byte_container_with_subtype.hpp,"(78, 44)-(78, 52)",b'subtype() const noexcept'
json,../repos/json/include/nlohmann/byte_container_with_subtype.hpp,"(85, 40)-(85, 48)",b'has_subtype() const noexcept'
json,../repos/json/include/nlohmann/byte_container_with_subtype.hpp,"(92, 26)-(92, 34)",b'clear_subtype() noexcept'
json,../repos/json/include/nlohmann/detail/value_t.hpp,"(81, 84)-(81, 92)","b'operator<=>(const value_t lhs, const value_t ...'"
json,../repos/json/include/nlohmann/detail/value_t.hpp,"(83, 65)-(83, 73)","b'operator<(const value_t lhs, const value_t rh...'"
json,../repos/json/include/nlohmann/detail/value_t.hpp,"(111, 61)-(111, 69)","b'operator<(const value_t lhs, const value_t rh...'"
json,../repos/json/include/nlohmann/detail/hash.hpp,"(23, 61)-(23, 69)","b'combine(std::size_t seed, std::size_t h) noexcept'"
json,../repos/json/include/nlohmann/detail/exceptions.hpp,"(42, 30)-(42, 38)",b'what() const noexcept override'
json,../repos/json/include/nlohmann/detail/json_pointer.hpp,"(197, 24)-(197, 32)",b'empty() const noexcept'
json,../repos/json/include/nlohmann/detail/json_pointer.hpp,"(854, 70)-(854, 78)",b'operator==(const json_pointer<RefStringTypeRh...'
json,../repos/json/include/nlohmann/detail/json_pointer.hpp,"(869, 87)-(869, 95)",b'operator<=>(const json_pointer<RefStringTypeR...'
json,../repos/json/include/nlohmann/detail/json_pointer.hpp,"(879, 71)-(879, 79)",b'operator==(const json_pointer<RefStringTypeLh...'
json,../repos/json/include/nlohmann/detail/json_pointer.hpp,"(900, 71)-(900, 79)",b'operator!=(const json_pointer<RefStringTypeLh...'
json,../repos/json/include/nlohmann/detail/json_pointer.hpp,"(920, 70)-(920, 78)",b'operator<(const json_pointer<RefStringTypeLhs...'
json,../repos/json/include/nlohmann/detail/json_pointer.hpp,"(932, 67)-(932, 75)",b'operator==(const json_pointer<RefStringTypeLh...'
json,../repos/json/include/nlohmann/detail/json_pointer.hpp,"(957, 67)-(957, 75)",b'operator!=(const json_pointer<RefStringTypeLh...'
json,../repos/json/include/nlohmann/detail/json_pointer.hpp,"(982, 66)-(982, 74)",b'operator<(const json_pointer<RefStringTypeLhs...'
json,../repos/json/include/nlohmann/detail/conversions/to_json.hpp,"(48, 82)-(48, 90)","b'construct(BasicJsonType& j, typename BasicJso...'"
json,../repos/json/include/nlohmann/detail/conversions/to_json.hpp,"(116, 89)-(116, 97)","b'construct(BasicJsonType& j, typename BasicJso...'"
json,../repos/json/include/nlohmann/detail/conversions/to_json.hpp,"(129, 92)-(129, 100)","b'construct(BasicJsonType& j, typename BasicJso...'"
json,../repos/json/include/nlohmann/detail/conversions/to_json.hpp,"(142, 91)-(142, 99)","b'construct(BasicJsonType& j, typename BasicJso...'"
json,../repos/json/include/nlohmann/detail/conversions/to_json.hpp,"(265, 44)-(265, 52)","b'to_json(BasicJsonType& j, T b) noexcept'"
json,../repos/json/include/nlohmann/detail/conversions/to_json.hpp,"(278, 57)-(278, 65)","b'to_json(BasicJsonType& j, const BoolRef& b) n...'"
json,../repos/json/include/nlohmann/detail/conversions/to_json.hpp,"(298, 54)-(298, 62)","b'to_json(BasicJsonType& j, FloatType val) noexcept'"
json,../repos/json/include/nlohmann/detail/conversions/to_json.hpp,"(305, 73)-(305, 81)","b'to_json(BasicJsonType& j, CompatibleNumberUns...'"
json,../repos/json/include/nlohmann/detail/conversions/to_json.hpp,"(312, 72)-(312, 80)","b'to_json(BasicJsonType& j, CompatibleNumberInt...'"
json,../repos/json/include/nlohmann/detail/conversions/to_json.hpp,"(320, 51)-(320, 59)","b'to_json(BasicJsonType& j, EnumType e) noexcept'"
json,../repos/json/include/nlohmann/detail/conversions/to_json.hpp,"(426, 54)-(426, 106)","b'operator()(BasicJsonType& j, T&& val) const n...'"
json,../repos/json/include/nlohmann/detail/conversions/from_json.hpp,"(475, 5)-(475, 59)","b'operator()(const BasicJsonType& j, T&& val) c...'"
json,../repos/json/include/nlohmann/detail/conversions/to_chars.hpp,"(64, 47)-(64, 55)","b'diyfp(std::uint64_t f_, int e_) noexcept'"
json,../repos/json/include/nlohmann/detail/conversions/to_chars.hpp,"(70, 54)-(70, 62)","b'sub(const diyfp& x, const diyfp& y) noexcept'"
json,../repos/json/include/nlohmann/detail/conversions/to_chars.hpp,"(82, 54)-(82, 62)","b'mul(const diyfp& x, const diyfp& y) noexcept'"
json,../repos/json/include/nlohmann/detail/conversions/to_chars.hpp,"(147, 37)-(147, 45)",b'normalize(diyfp x) noexcept'
json,../repos/json/include/nlohmann/detail/conversions/to_chars.hpp,"(164, 74)-(164, 82)","b'normalize_to(const diyfp& x, const int target...'"
json,../repos/json/include/nlohmann/detail/json_ref.hpp,"(47, 26)-(47, 34)",b'json_ref(json_ref&&) noexcept'
json,../repos/json/include/nlohmann/detail/meta/cpp_future.hpp,"(68, 41)-(68, 49)",b'size() noexcept'
json,../repos/json/include/nlohmann/detail/meta/type_traits.hpp,"(202, 46)-(202, 54)",b'to_int_type(char_type c) noexcept'
json,../repos/json/include/nlohmann/detail/meta/type_traits.hpp,"(207, 47)-(207, 55)",b'to_char_type(int_type i) noexcept'
json,../repos/json/include/nlohmann/detail/meta/type_traits.hpp,"(212, 37)-(212, 45)",b'eof() noexcept'
json,../repos/json/include/nlohmann/detail/meta/type_traits.hpp,"(226, 46)-(226, 54)",b'to_int_type(char_type c) noexcept'
json,../repos/json/include/nlohmann/detail/meta/type_traits.hpp,"(231, 47)-(231, 55)",b'to_char_type(int_type i) noexcept'
json,../repos/json/include/nlohmann/detail/meta/type_traits.hpp,"(236, 37)-(236, 45)",b'eof() noexcept'
json,../repos/json/include/nlohmann/detail/output/serializer.hpp,"(900, 100)-(900, 108)","b'decode(std::uint8_t& state, std::uint32_t& co...'"
json,../repos/json/include/nlohmann/detail/output/serializer.hpp,"(955, 62)-(955, 70)",b'remove_sign(number_integer_t x) noexcept'
json,../repos/json/include/nlohmann/detail/output/output_adapters.hpp,"(38, 56)-(38, 64)",b'output_adapter_protocol(output_adapter_protoc...'
json,../repos/json/include/nlohmann/detail/output/output_adapters.hpp,"(40, 67)-(40, 75)",b'operator=(output_adapter_protocol&&) noexcept'
json,../repos/json/include/nlohmann/detail/output/output_adapters.hpp,"(52, 79)-(52, 87)","b'output_vector_adapter(std::vector<CharType, A...'"
json,../repos/json/include/nlohmann/detail/output/output_adapters.hpp,"(77, 69)-(77, 77)",b'output_stream_adapter(std::basic_ostream<Char...'
json,../repos/json/include/nlohmann/detail/output/output_adapters.hpp,"(102, 51)-(102, 59)",b'output_string_adapter(StringType& s) noexcept'
json,../repos/json/include/nlohmann/detail/output/binary_writer.hpp,"(1065, 85)-(1065, 93)",b'calc_bson_unsigned_size(const std::uint64_t v...'
json,../repos/json/include/nlohmann/detail/output/binary_writer.hpp,"(1504, 81)-(1504, 89)","b'ubjson_prefix(const BasicJsonType& j, const b...'"
json,../repos/json/include/nlohmann/detail/output/binary_writer.hpp,"(1795, 60)-(1795, 68)",b'to_char_type(std::uint8_t x) noexcept'
json,../repos/json/include/nlohmann/detail/output/binary_writer.hpp,"(1802, 50)-(1802, 58)",b'to_char_type(std::uint8_t x) noexcept'
json,../repos/json/include/nlohmann/detail/output/binary_writer.hpp,"(1813, 60)-(1813, 68)",b'to_char_type(std::uint8_t x) noexcept'
json,../repos/json/include/nlohmann/detail/output/binary_writer.hpp,"(1824, 61)-(1824, 69)",b'to_char_type(InputCharType x) noexcept'
json,../repos/json/include/nlohmann/detail/iterators/json_reverse_iterator.hpp,"(54, 85)-(54, 93)",b'json_reverse_iterator(const typename base_ite...'
json,../repos/json/include/nlohmann/detail/iterators/json_reverse_iterator.hpp,"(58, 61)-(58, 69)",b'json_reverse_iterator(const base_iterator& it...'
json,../repos/json/include/nlohmann/detail/iterators/primitive_iterator.hpp,"(41, 49)-(41, 57)",b'get_value() const noexcept'
json,../repos/json/include/nlohmann/detail/iterators/primitive_iterator.hpp,"(47, 22)-(47, 30)",b'set_begin() noexcept'
json,../repos/json/include/nlohmann/detail/iterators/primitive_iterator.hpp,"(53, 20)-(53, 28)",b'set_end() noexcept'
json,../repos/json/include/nlohmann/detail/iterators/primitive_iterator.hpp,"(59, 37)-(59, 45)",b'is_begin() const noexcept'
json,../repos/json/include/nlohmann/detail/iterators/primitive_iterator.hpp,"(65, 35)-(65, 43)",b'is_end() const noexcept'
json,../repos/json/include/nlohmann/detail/iterators/primitive_iterator.hpp,"(70, 90)-(70, 98)","b'operator==(primitive_iterator_t lhs, primitiv...'"
json,../repos/json/include/nlohmann/detail/iterators/primitive_iterator.hpp,"(75, 89)-(75, 97)","b'operator<(primitive_iterator_t lhs, primitive...'"
json,../repos/json/include/nlohmann/detail/iterators/primitive_iterator.hpp,"(80, 55)-(80, 63)",b'operator+(difference_type n) noexcept'
json,../repos/json/include/nlohmann/detail/iterators/primitive_iterator.hpp,"(87, 100)-(87, 108)","b'operator-(primitive_iterator_t lhs, primitive...'"
json,../repos/json/include/nlohmann/detail/iterators/primitive_iterator.hpp,"(92, 40)-(92, 48)",b'operator++() noexcept'
json,../repos/json/include/nlohmann/detail/iterators/primitive_iterator.hpp,"(98, 43)-(98, 51)",b'operator++(int)& noexcept'
json,../repos/json/include/nlohmann/detail/iterators/primitive_iterator.hpp,"(105, 40)-(105, 48)",b'operator--() noexcept'
json,../repos/json/include/nlohmann/detail/iterators/primitive_iterator.hpp,"(111, 43)-(111, 51)",b'operator--(int)& noexcept'
json,../repos/json/include/nlohmann/detail/iterators/primitive_iterator.hpp,"(118, 57)-(118, 65)",b'operator+=(difference_type n) noexcept'
json,../repos/json/include/nlohmann/detail/iterators/primitive_iterator.hpp,"(124, 57)-(124, 65)",b'operator-=(difference_type n) noexcept'
json,../repos/json/include/nlohmann/detail/iterators/iteration_proxy.hpp,"(61, 5)-(62, 75)","b'iteration_proxy_value(IteratorType it, std::s...'"
json,../repos/json/include/nlohmann/detail/iterators/iteration_proxy.hpp,"(71, 5)-(72, 72)",b'iteration_proxy_value(iteration_proxy_value&&...'
json,../repos/json/include/nlohmann/detail/iterators/iteration_proxy.hpp,"(74, 5)-(75, 69)",b'operator=(iteration_proxy_value&&)\n    noexce...'
json,../repos/json/include/nlohmann/detail/iterators/iteration_proxy.hpp,"(167, 69)-(167, 77)",b'iteration_proxy(typename IteratorType::refere...'
json,../repos/json/include/nlohmann/detail/iterators/iteration_proxy.hpp,"(172, 40)-(172, 48)",b'iteration_proxy(iteration_proxy&&) noexcept'
json,../repos/json/include/nlohmann/detail/iterators/iteration_proxy.hpp,"(173, 51)-(173, 59)",b'operator=(iteration_proxy&&) noexcept'
json,../repos/json/include/nlohmann/detail/iterators/iteration_proxy.hpp,"(177, 55)-(177, 63)",b'begin() const noexcept'
json,../repos/json/include/nlohmann/detail/iterators/iteration_proxy.hpp,"(183, 53)-(183, 61)",b'end() const noexcept'
json,../repos/json/include/nlohmann/detail/iterators/iter_impl.hpp,"(91, 28)-(91, 36)",b'iter_impl(iter_impl&&) noexcept'
json,../repos/json/include/nlohmann/detail/iterators/iter_impl.hpp,"(92, 39)-(92, 47)",b'operator=(iter_impl&&) noexcept'
json,../repos/json/include/nlohmann/detail/iterators/iter_impl.hpp,"(100, 40)-(100, 48)",b'iter_impl(pointer object) noexcept'
json,../repos/json/include/nlohmann/detail/iterators/iter_impl.hpp,"(150, 60)-(150, 68)",b'iter_impl(const iter_impl<const BasicJsonType...'
json,../repos/json/include/nlohmann/detail/iterators/iter_impl.hpp,"(160, 71)-(160, 79)",b'operator=(const iter_impl<const BasicJsonType...'
json,../repos/json/include/nlohmann/detail/iterators/iter_impl.hpp,"(175, 88)-(175, 96)",b'iter_impl(const iter_impl<typename std::remov...'
json,../repos/json/include/nlohmann/detail/iterators/iter_impl.hpp,"(185, 99)-(185, 107)",b'operator=(const iter_impl<typename std::remov...'
json,../repos/json/include/nlohmann/detail/iterators/iter_impl.hpp,"(241, 20)-(241, 28)",b'set_end() noexcept'
json,../repos/json/include/nlohmann/detail/input/lexer.hpp,"(63, 60)-(63, 68)",b'token_type_name(const token_type t) noexcept'
json,../repos/json/include/nlohmann/detail/input/lexer.hpp,"(124, 79)-(124, 87)","b'lexer(InputAdapterType&& adapter, bool ignore...'"
json,../repos/json/include/nlohmann/detail/input/lexer.hpp,"(144, 37)-(144, 45)",b'get_decimal_point() noexcept'
json,../repos/json/include/nlohmann/detail/input/lexer.hpp,"(913, 66)-(913, 74)","b'strtof(float& f, const char* str, char** endp...'"
json,../repos/json/include/nlohmann/detail/input/lexer.hpp,"(919, 67)-(919, 75)","b'strtof(double& f, const char* str, char** end...'"
json,../repos/json/include/nlohmann/detail/input/lexer.hpp,"(925, 72)-(925, 80)","b'strtof(long double& f, const char* str, char*...'"
json,../repos/json/include/nlohmann/detail/input/lexer.hpp,"(1321, 18)-(1321, 26)",b'reset() noexcept'
json,../repos/json/include/nlohmann/detail/input/lexer.hpp,"(1419, 61)-(1419, 69)",b'get_number_unsigned() const noexcept'
json,../repos/json/include/nlohmann/detail/input/lexer.hpp,"(1425, 55)-(1425, 63)",b'get_number_float() const noexcept'
json,../repos/json/include/nlohmann/detail/input/lexer.hpp,"(1441, 47)-(1441, 55)",b'get_position() const noexcept'
json,../repos/json/include/nlohmann/detail/input/lexer.hpp,"(1474, 53)-(1474, 61)",b'get_error_message() const noexcept'
json,../repos/json/include/nlohmann/detail/input/binary_reader.hpp,"(53, 51)-(53, 59)",b'little_endianness(int num = 1) noexcept'
json,../repos/json/include/nlohmann/detail/input/binary_reader.hpp,"(83, 108)-(83, 116)","b'binary_reader(InputAdapterType&& adapter, con...'"
json,../repos/json/include/nlohmann/detail/input/input_adapters.hpp,"(52, 47)-(52, 55)",b'file_input_adapter(std::FILE* f) noexcept'
json,../repos/json/include/nlohmann/detail/input/input_adapters.hpp,"(60, 46)-(60, 54)",b'file_input_adapter(file_input_adapter&&) noexcept'
json,../repos/json/include/nlohmann/detail/input/input_adapters.hpp,"(65, 54)-(65, 62)",b'get_character() noexcept'
json,../repos/json/include/nlohmann/detail/input/input_adapters.hpp,"(108, 54)-(108, 62)",b'input_stream_adapter(input_stream_adapter&& r...'
json,../repos/json/include/nlohmann/detail/input/input_adapters.hpp,"(306, 63)-(306, 71)",b'get_character() noexcept'
json,../repos/json/include/nlohmann/ordered_map.hpp,"(46, 19)-(46, 50)",b'ordered_map() noexcept(noexcept(Container()))'
json,../repos/json/include/nlohmann/ordered_map.hpp,"(47, 50)-(47, 86)",b'ordered_map(const Allocator& alloc) noexcept(...'
json,../repos/json/include/nlohmann/adl_serializer.hpp,"(27, 64)-(28, 78)","b'from_json(BasicJsonType && j, TargetType& val...'"
json,../repos/json/include/nlohmann/adl_serializer.hpp,"(37, 47)-(38, 106)",b'from_json(BasicJsonType && j) noexcept(\n    n...'
json,../repos/json/include/nlohmann/adl_serializer.hpp,"(47, 62)-(48, 73)","b'to_json(BasicJsonType& j, TargetType && val) ...'"
json,../repos/json/include/nlohmann/json.hpp,"(445, 33)-(445, 41)",b'json_value(boolean_t v) noexcept'
json,../repos/json/include/nlohmann/json.hpp,"(447, 40)-(447, 48)",b'json_value(number_integer_t v) noexcept'
json,../repos/json/include/nlohmann/json.hpp,"(449, 41)-(449, 49)",b'json_value(number_unsigned_t v) noexcept'
json,../repos/json/include/nlohmann/json.hpp,"(451, 38)-(451, 46)",b'json_value(number_float_t v) noexcept'
json,../repos/json/include/nlohmann/json.hpp,"(823, 42)-(823, 50)",b'basic_json(std::nullptr_t = nullptr) noexcept'
json,../repos/json/include/nlohmann/json.hpp,"(835, 39)-(837, 80)",b'basic_json(CompatibleType && val) noexcept(no...'
json,../repos/json/include/nlohmann/json.hpp,"(1214, 36)-(1214, 44)",b'basic_json(basic_json&& other) noexcept'
json,../repos/json/include/nlohmann/json.hpp,"(1231, 45)-(1237, 6)",b'operator=(basic_json other) noexcept (\n      ...'
json,../repos/json/include/nlohmann/json.hpp,"(1254, 19)-(1254, 27)",b'~basic_json() noexcept'
json,../repos/json/include/nlohmann/json.hpp,"(1294, 36)-(1294, 44)",b'type() const noexcept'
json,../repos/json/include/nlohmann/json.hpp,"(1301, 41)-(1301, 49)",b'is_primitive() const noexcept'
json,../repos/json/include/nlohmann/json.hpp,"(1308, 42)-(1308, 50)",b'is_structured() const noexcept'
json,../repos/json/include/nlohmann/json.hpp,"(1315, 36)-(1315, 44)",b'is_null() const noexcept'
json,../repos/json/include/nlohmann/json.hpp,"(1322, 39)-(1322, 47)",b'is_boolean() const noexcept'
json,../repos/json/include/nlohmann/json.hpp,"(1329, 38)-(1329, 46)",b'is_number() const noexcept'
json,../repos/json/include/nlohmann/json.hpp,"(1336, 46)-(1336, 54)",b'is_number_integer() const noexcept'
json,../repos/json/include/nlohmann/json.hpp,"(1343, 47)-(1343, 55)",b'is_number_unsigned() const noexcept'
json,../repos/json/include/nlohmann/json.hpp,"(1350, 44)-(1350, 52)",b'is_number_float() const noexcept'
json,../repos/json/include/nlohmann/json.hpp,"(1357, 38)-(1357, 46)",b'is_object() const noexcept'
json,../repos/json/include/nlohmann/json.hpp,"(1364, 37)-(1364, 45)",b'is_array() const noexcept'
json,../repos/json/include/nlohmann/json.hpp,"(1371, 38)-(1371, 46)",b'is_string() const noexcept'
json,../repos/json/include/nlohmann/json.hpp,"(1378, 38)-(1378, 46)",b'is_binary() const noexcept'
json,../repos/json/include/nlohmann/json.hpp,"(1385, 41)-(1385, 49)",b'is_discarded() const noexcept'
json,../repos/json/include/nlohmann/json.hpp,"(1392, 40)-(1392, 48)",b'() const noexcept'
json,../repos/json/include/nlohmann/json.hpp,"(2768, 22)-(2768, 30)",b'begin() noexcept'
json,../repos/json/include/nlohmann/json.hpp,"(2777, 34)-(2777, 42)",b'begin() const noexcept'
json,../repos/json/include/nlohmann/json.hpp,"(2784, 35)-(2784, 43)",b'cbegin() const noexcept'
json,../repos/json/include/nlohmann/json.hpp,"(2793, 20)-(2793, 28)",b'end() noexcept'
json,../repos/json/include/nlohmann/json.hpp,"(2802, 32)-(2802, 40)",b'end() const noexcept'
json,../repos/json/include/nlohmann/json.hpp,"(2809, 33)-(2809, 41)",b'cend() const noexcept'
json,../repos/json/include/nlohmann/json.hpp,"(2818, 31)-(2818, 39)",b'rbegin() noexcept'
json,../repos/json/include/nlohmann/json.hpp,"(2825, 43)-(2825, 51)",b'rbegin() const noexcept'
json,../repos/json/include/nlohmann/json.hpp,"(2832, 29)-(2832, 37)",b'rend() noexcept'
json,../repos/json/include/nlohmann/json.hpp,"(2839, 41)-(2839, 49)",b'rend() const noexcept'
json,../repos/json/include/nlohmann/json.hpp,"(2846, 44)-(2846, 52)",b'crbegin() const noexcept'
json,../repos/json/include/nlohmann/json.hpp,"(2853, 42)-(2853, 50)",b'crend() const noexcept'
json,../repos/json/include/nlohmann/json.hpp,"(2865, 70)-(2865, 78)",b'iterator_wrapper(reference ref) noexcept'
json,../repos/json/include/nlohmann/json.hpp,"(2876, 82)-(2876, 90)",b'iterator_wrapper(const_reference ref) noexcept'
json,../repos/json/include/nlohmann/json.hpp,"(2883, 39)-(2883, 47)",b'items() noexcept'
json,../repos/json/include/nlohmann/json.hpp,"(2890, 51)-(2890, 59)",b'items() const noexcept'
json,../repos/json/include/nlohmann/json.hpp,"(2906, 24)-(2906, 32)",b'empty() const noexcept'
json,../repos/json/include/nlohmann/json.hpp,"(2945, 28)-(2945, 36)",b'size() const noexcept'
json,../repos/json/include/nlohmann/json.hpp,"(2984, 32)-(2984, 40)",b'max_size() const noexcept'
json,../repos/json/include/nlohmann/json.hpp,"(3027, 18)-(3027, 26)",b'clear() noexcept'
json,../repos/json/include/nlohmann/json.hpp,"(3462, 32)-(3467, 6)",b'swap(reference other) noexcept (\n        std:...'
json,../repos/json/include/nlohmann/json.hpp,"(3479, 55)-(3484, 6)","b'swap(reference left, reference right) noexcep...'"
json,../repos/json/include/nlohmann/json.hpp,"(3673, 78)-(3673, 86)","b'compares_unordered(const_reference rhs, bool ...'"
json,../repos/json/include/nlohmann/json.hpp,"(3682, 48)-(3682, 56)",b'operator==(const_reference rhs) const noexcept'
json,../repos/json/include/nlohmann/json.hpp,"(3699, 43)-(3699, 51)",b'operator==(ScalarType rhs) const noexcept'
json,../repos/json/include/nlohmann/json.hpp,"(3706, 48)-(3706, 56)",b'operator!=(const_reference rhs) const noexcept'
json,../repos/json/include/nlohmann/json.hpp,"(3717, 66)-(3717, 74)",b'operator<=>(const_reference rhs) const noexcept'
json,../repos/json/include/nlohmann/json.hpp,"(3732, 61)-(3732, 69)",b'operator<=>(ScalarType rhs) const noexcept'
json,../repos/json/include/nlohmann/json.hpp,"(3744, 48)-(3744, 56)",b'operator<=(const_reference rhs) const noexcept'
json,../repos/json/include/nlohmann/json.hpp,"(3757, 43)-(3757, 51)",b'operator<=(ScalarType rhs) const noexcept'
json,../repos/json/include/nlohmann/json.hpp,"(3765, 48)-(3765, 56)",b'operator>=(const_reference rhs) const noexcept'
json,../repos/json/include/nlohmann/json.hpp,"(3778, 43)-(3778, 51)",b'operator>=(ScalarType rhs) const noexcept'
json,../repos/json/include/nlohmann/json.hpp,"(3786, 70)-(3786, 78)","b'operator==(const_reference lhs, const_referen...'"
json,../repos/json/include/nlohmann/json.hpp,"(3802, 65)-(3802, 73)","b'operator==(const_reference lhs, ScalarType rh...'"
json,../repos/json/include/nlohmann/json.hpp,"(3811, 65)-(3811, 73)","b'operator==(ScalarType lhs, const_reference rh...'"
json,../repos/json/include/nlohmann/json.hpp,"(3818, 70)-(3818, 78)","b'operator!=(const_reference lhs, const_referen...'"
json,../repos/json/include/nlohmann/json.hpp,"(3831, 65)-(3831, 73)","b'operator!=(const_reference lhs, ScalarType rh...'"
json,../repos/json/include/nlohmann/json.hpp,"(3840, 65)-(3840, 73)","b'operator!=(ScalarType lhs, const_reference rh...'"
json,../repos/json/include/nlohmann/json.hpp,"(3847, 69)-(3847, 77)","b'operator<(const_reference lhs, const_referenc...'"
json,../repos/json/include/nlohmann/json.hpp,"(3859, 64)-(3859, 72)","b'operator<(const_reference lhs, ScalarType rhs...'"
json,../repos/json/include/nlohmann/json.hpp,"(3868, 64)-(3868, 72)","b'operator<(ScalarType lhs, const_reference rhs...'"
json,../repos/json/include/nlohmann/json.hpp,"(3875, 70)-(3875, 78)","b'operator<=(const_reference lhs, const_referen...'"
json,../repos/json/include/nlohmann/json.hpp,"(3888, 65)-(3888, 73)","b'operator<=(const_reference lhs, ScalarType rh...'"
json,../repos/json/include/nlohmann/json.hpp,"(3897, 65)-(3897, 73)","b'operator<=(ScalarType lhs, const_reference rh...'"
json,../repos/json/include/nlohmann/json.hpp,"(3904, 69)-(3904, 77)","b'operator>(const_reference lhs, const_referenc...'"
json,../repos/json/include/nlohmann/json.hpp,"(3918, 64)-(3918, 72)","b'operator>(const_reference lhs, ScalarType rhs...'"
json,../repos/json/include/nlohmann/json.hpp,"(3927, 64)-(3927, 72)","b'operator>(ScalarType lhs, const_reference rhs...'"
json,../repos/json/include/nlohmann/json.hpp,"(3934, 70)-(3934, 78)","b'operator>=(const_reference lhs, const_referen...'"
json,../repos/json/include/nlohmann/json.hpp,"(3947, 65)-(3947, 73)","b'operator>=(const_reference lhs, ScalarType rh...'"
json,../repos/json/include/nlohmann/json.hpp,"(3956, 65)-(3956, 73)","b'operator>=(ScalarType lhs, const_reference rh...'"
json,../repos/json/include/nlohmann/json.hpp,"(4158, 35)-(4158, 43)",b'type_name() const noexcept'
json,../repos/json/include/nlohmann/json.hpp,"(4208, 16)-(4208, 24)",b'data() noexcept'
json,../repos/json/include/nlohmann/json.hpp,"(4209, 22)-(4209, 30)",b'data(data&&) noexcept'
json,../repos/json/include/nlohmann/json.hpp,"(4210, 27)-(4210, 35)",b'data(const data&) noexcept'
json,../repos/json/include/nlohmann/json.hpp,"(4211, 33)-(4211, 41)",b'operator=(data&&) noexcept'
json,../repos/json/include/nlohmann/json.hpp,"(4214, 17)-(4214, 25)",b'~data() noexcept'
json,../repos/json/include/nlohmann/json.hpp,"(5219, 60)-(5219, 68)","b'operator()(::nlohmann::detail::value_t lhs,\n ...'"
json,../repos/json/include/nlohmann/json.hpp,"(5235, 96)-(5237, 74)","b'swap(nlohmann::NLOHMANN_BASIC_JSON_TPL& j1, n...'"
json,../repos/json/tests/src/unit-noexcept.cpp,"(26, 48)-(26, 56)","b'to_json(json& /*unused*/, pod /*unused*/) noexcept'"
json,../repos/json/tests/src/unit-noexcept.cpp,"(28, 56)-(28, 64)","b'from_json(const json& /*unused*/, pod /*unuse...'"
json,../repos/json/tests/src/unit-noexcept.cpp,"(30, 48)-(30, 56)","b'to_json(json& /*unused*/, pod /*unused*/) noexcept'"
json,../repos/json/tests/src/unit-noexcept.cpp,"(32, 56)-(32, 64)","b'from_json(const json& /*unused*/, pod /*unuse...'"
json,../repos/json/tests/src/unit-udt.cpp,"(599, 56)-(599, 64)","b'to_json(BasicJsonType& j, const  T& t) noexcept'"
json,../repos/json/tests/src/unit-udt.cpp,"(636, 54)-(636, 62)","b'operator==(small_pod lhs, small_pod rhs) noexcept'"
json,../repos/json/tests/src/unit-udt.cpp,"(642, 66)-(642, 74)","b'operator==(const  non_pod& lhs, const  non_po...'"
json,../repos/json/tests/src/unit-ubjson.cpp,"(1620, 152)-(1620, 160)","b'(int /*unused*/, json::parse_event_t /*unused...'"
json,../repos/json/tests/src/unit-ubjson.cpp,"(1634, 152)-(1634, 160)","b'(int /*unused*/, json::parse_event_t /*unused...'"
json,../repos/json/tests/src/unit-regression2.cpp,"(120, 71)-(120, 79)",b'from_json(json const& /*unused*/) noexcept'
json,../repos/json/tests/src/unit-regression2.cpp,"(292, 73)-(292, 81)",b'for_3204_bar(std::function<void(for_3204_foo)...'
json,../repos/json/tests/src/unit-regression2.cpp,"(294, 65)-(294, 73)",b'for_3204_bar(std::function<void(json)> /*unus...'
json,../repos/json/tests/src/unit-regression2.cpp,"(362, 105)-(362, 113)","b'(int /*level*/, json::parse_event_t event, js...'"
json,../repos/json/tests/src/unit-regression2.cpp,"(920, 52)-(920, 60)",b'(for_3204_foo) noexcept'
json,../repos/json/tests/src/unit-regression2.cpp,"(921, 45)-(921, 53)",b'(json) noexcept'
json,../repos/json/tests/src/unit-iterators2.cpp,"(916, 61)-(916, 69)",b'(int v) noexcept'
json,../repos/json/tests/src/unit-iterators2.cpp,"(921, 70)-(921, 78)",b'(const json & j) noexcept'
json,../repos/json/tests/src/unit-allocator.cpp,"(238, 48)-(238, 108)","b'construct(T* p, const Args& ... args) noexcep...'"
json,../repos/json/tests/src/unit-convenience.cpp,"(37, 47)-(37, 55)",b'begin() const noexcept'
json,../repos/json/tests/src/unit-convenience.cpp,"(42, 45)-(42, 53)",b'end() const noexcept'
json,../repos/json/tests/src/unit-convenience.cpp,"(47, 30)-(47, 38)",b'size() const noexcept'
json,../repos/json/tests/src/unit-cbor.cpp,"(1625, 109)-(1625, 117)","b'(int /*depth*/, json::parse_event_t /*event*/...'"
json,../repos/json/tests/src/unit-alt-string.cpp,"(19, 56)-(19, 64)","b'operator<(const char* op1, const alt_string& ...'"
json,../repos/json/tests/src/unit-alt-string.cpp,"(72, 30)-(72, 38)",b'size() const noexcept'
json,../repos/json/tests/src/unit-alt-string.cpp,"(88, 45)-(88, 53)",b'operator<(const op_type& op) const noexcept'
json,../repos/json/tests/src/unit-alt-string.cpp,"(93, 48)-(93, 56)",b'operator<(const alt_string& op) const noexcept'
json,../repos/json/tests/src/unit-alt-string.cpp,"(163, 75)-(163, 83)","b'operator<(const char* /*op1*/, const alt_stri...'"
json,../repos/json/tests/src/unit-alt-string.cpp,"(182, 56)-(182, 64)","b'operator<(const char* op1, const alt_string& ...'"
json,../repos/json/tests/src/unit-regression1.cpp,"(75, 59)-(75, 67)","b'to_json(BasicJsonType& j, const T& value) noexcept'"
json,../repos/json/tests/src/unit-class_parser.cpp,"(252, 109)-(252, 117)","b'(int /*unused*/, json::parse_event_t /*unused...'"
json,../repos/json/tests/src/unit-class_parser.cpp,"(1364, 112)-(1364, 120)","b'(int /*unused*/, json::parse_event_t event, j...'"
json,../repos/json/tests/src/unit-class_parser.cpp,"(1403, 126)-(1403, 134)","b'(int /*unused*/, json::parse_event_t /*unused...'"
json,../repos/json/tests/src/unit-class_parser.cpp,"(1410, 124)-(1410, 132)","b'(int /*unused*/, json::parse_event_t /*unused...'"
json,../repos/json/tests/src/unit-class_parser.cpp,"(1420, 132)-(1420, 140)","b'(int /*unused*/, json::parse_event_t /*unused...'"
json,../repos/json/tests/src/unit-class_parser.cpp,"(1428, 130)-(1428, 138)","b'(int /*unused*/, json::parse_event_t /*unused...'"
json,../repos/json/tests/src/unit-class_parser.cpp,"(1439, 113)-(1439, 121)","b'(int /*unused*/, json::parse_event_t event, c...'"
json,../repos/json/tests/src/unit-class_parser.cpp,"(1447, 111)-(1447, 119)","b'(int /*unused*/, json::parse_event_t event, c...'"
json,../repos/json/tests/src/unit-class_parser.cpp,"(1466, 128)-(1466, 136)","b'(int /*unused*/, json::parse_event_t e, const...'"
json,../repos/json/tests/src/unit-class_parser.cpp,"(1481, 125)-(1481, 133)","b'(int /*unused*/, json::parse_event_t e, const...'"
json,../repos/json/tests/src/unit-class_parser.cpp,"(1498, 123)-(1498, 131)","b'(int /*unused*/, json::parse_event_t e, const...'"
json,../repos/json/tests/src/unit-class_parser.cpp,"(1522, 119)-(1522, 127)","b'(int /*unused*/, json::parse_event_t e, const...'"
json,../repos/json/tests/src/unit-class_parser.cpp,"(1528, 118)-(1528, 126)","b'(int /*unused*/, json::parse_event_t e, const...'"
json,../repos/json/tests/src/unit-class_parser.cpp,"(1596, 117)-(1596, 125)","b'(int /*unused*/, json::parse_event_t /*unused...'"
json,../repos/json/tests/src/unit-comparison.cpp,"(579, 118)-(579, 126)","b'(int /*unused*/, json::parse_event_t /*unused...'"
json,../repos/json/tests/src/unit-comparison.cpp,"(587, 116)-(587, 124)","b'(int /*unused*/, json::parse_event_t /*unused...'"
json,../repos/json/tests/abi/include/nlohmann/json_v3_10_5.hpp,"(156, 61)-(156, 69)","b'operator<(const value_t lhs, const value_t rh...'"
json,../repos/json/tests/abi/include/nlohmann/json_v3_10_5.hpp,"(2812, 30)-(2812, 38)",b'what() const noexcept override'
json,../repos/json/tests/abi/include/nlohmann/json_v3_10_5.hpp,"(3085, 41)-(3085, 49)",b'size() noexcept'
json,../repos/json/tests/abi/include/nlohmann/json_v3_10_5.hpp,"(4270, 5)-(4270, 59)","b'operator()(const BasicJsonType& j, T&& val) c...'"
json,../repos/json/tests/abi/include/nlohmann/json_v3_10_5.hpp,"(4349, 53)-(4349, 61)",b'iteration_proxy_value(IteratorType it) noexcept'
json,../repos/json/tests/abi/include/nlohmann/json_v3_10_5.hpp,"(4432, 69)-(4432, 77)",b'iteration_proxy(typename IteratorType::refere...'
json,../repos/json/tests/abi/include/nlohmann/json_v3_10_5.hpp,"(4436, 49)-(4436, 57)",b'begin() noexcept'
json,../repos/json/tests/abi/include/nlohmann/json_v3_10_5.hpp,"(4442, 47)-(4442, 55)",b'end() noexcept'
json,../repos/json/tests/abi/include/nlohmann/json_v3_10_5.hpp,"(4536, 82)-(4536, 90)","b'construct(BasicJsonType& j, typename BasicJso...'"
json,../repos/json/tests/abi/include/nlohmann/json_v3_10_5.hpp,"(4604, 89)-(4604, 97)","b'construct(BasicJsonType& j, typename BasicJso...'"
json,../repos/json/tests/abi/include/nlohmann/json_v3_10_5.hpp,"(4617, 92)-(4617, 100)","b'construct(BasicJsonType& j, typename BasicJso...'"
json,../repos/json/tests/abi/include/nlohmann/json_v3_10_5.hpp,"(4630, 91)-(4630, 99)","b'construct(BasicJsonType& j, typename BasicJso...'"
json,../repos/json/tests/abi/include/nlohmann/json_v3_10_5.hpp,"(4753, 37)-(4753, 45)","b'to_json(BasicJsonType& j, T b) noexcept'"
json,../repos/json/tests/abi/include/nlohmann/json_v3_10_5.hpp,"(4773, 47)-(4773, 55)","b'to_json(BasicJsonType& j, FloatType val) noexcept'"
json,../repos/json/tests/abi/include/nlohmann/json_v3_10_5.hpp,"(4780, 66)-(4780, 74)","b'to_json(BasicJsonType& j, CompatibleNumberUns...'"
json,../repos/json/tests/abi/include/nlohmann/json_v3_10_5.hpp,"(4787, 65)-(4787, 73)","b'to_json(BasicJsonType& j, CompatibleNumberInt...'"
json,../repos/json/tests/abi/include/nlohmann/json_v3_10_5.hpp,"(4794, 44)-(4794, 52)","b'to_json(BasicJsonType& j, EnumType e) noexcept'"
json,../repos/json/tests/abi/include/nlohmann/json_v3_10_5.hpp,"(4898, 54)-(4898, 106)","b'operator()(BasicJsonType& j, T&& val) const n...'"
json,../repos/json/tests/abi/include/nlohmann/json_v3_10_5.hpp,"(4930, 64)-(4931, 78)","b'from_json(BasicJsonType && j, TargetType& val...'"
json,../repos/json/tests/abi/include/nlohmann/json_v3_10_5.hpp,"(4940, 47)-(4941, 106)",b'from_json(BasicJsonType && j) noexcept(\n    n...'
json,../repos/json/tests/abi/include/nlohmann/json_v3_10_5.hpp,"(4950, 62)-(4951, 73)","b'to_json(BasicJsonType& j, TargetType && val) ...'"
json,../repos/json/tests/abi/include/nlohmann/json_v3_10_5.hpp,"(4979, 35)-(4979, 71)",b'byte_container_with_subtype() noexcept(noexce...'
json,../repos/json/tests/abi/include/nlohmann/json_v3_10_5.hpp,"(4984, 58)-(4984, 95)",b'byte_container_with_subtype(const container_t...'
json,../repos/json/tests/abi/include/nlohmann/json_v3_10_5.hpp,"(4989, 53)-(4989, 101)",b'byte_container_with_subtype(container_type&& ...'
json,../repos/json/tests/abi/include/nlohmann/json_v3_10_5.hpp,"(4994, 81)-(4994, 118)",b'byte_container_with_subtype(const container_t...'
json,../repos/json/tests/abi/include/nlohmann/json_v3_10_5.hpp,"(5001, 76)-(5001, 124)",b'byte_container_with_subtype(container_type&& ...'
json,../repos/json/tests/abi/include/nlohmann/json_v3_10_5.hpp,"(5020, 45)-(5020, 53)",b'set_subtype(subtype_type subtype_) noexcept'
json,../repos/json/tests/abi/include/nlohmann/json_v3_10_5.hpp,"(5028, 44)-(5028, 52)",b'subtype() const noexcept'
json,../repos/json/tests/abi/include/nlohmann/json_v3_10_5.hpp,"(5035, 40)-(5035, 48)",b'has_subtype() const noexcept'
json,../repos/json/tests/abi/include/nlohmann/json_v3_10_5.hpp,"(5042, 26)-(5042, 34)",b'clear_subtype() noexcept'
json,../repos/json/tests/abi/include/nlohmann/json_v3_10_5.hpp,"(5079, 61)-(5079, 69)","b'combine(std::size_t seed, std::size_t h) noexcept'"
json,../repos/json/tests/abi/include/nlohmann/json_v3_10_5.hpp,"(5250, 47)-(5250, 55)",b'file_input_adapter(std::FILE* f) noexcept'
json,../repos/json/tests/abi/include/nlohmann/json_v3_10_5.hpp,"(5256, 46)-(5256, 54)",b'file_input_adapter(file_input_adapter&&) noexcept'
json,../repos/json/tests/abi/include/nlohmann/json_v3_10_5.hpp,"(5261, 54)-(5261, 62)",b'get_character() noexcept'
json,../repos/json/tests/abi/include/nlohmann/json_v3_10_5.hpp,"(5305, 54)-(5305, 62)",b'input_stream_adapter(input_stream_adapter&& r...'
json,../repos/json/tests/abi/include/nlohmann/json_v3_10_5.hpp,"(5504, 63)-(5504, 71)",b'get_character() noexcept'
json,../repos/json/tests/abi/include/nlohmann/json_v3_10_5.hpp,"(5825, 26)-(5825, 34)",b'json_sax(json_sax&&) noexcept'
json,../repos/json/tests/abi/include/nlohmann/json_v3_10_5.hpp,"(5827, 37)-(5827, 45)",b'operator=(json_sax&&) noexcept'
json,../repos/json/tests/abi/include/nlohmann/json_v3_10_5.hpp,"(6464, 60)-(6464, 68)",b'token_type_name(const token_type t) noexcept'
json,../repos/json/tests/abi/include/nlohmann/json_v3_10_5.hpp,"(6525, 79)-(6525, 87)","b'lexer(InputAdapterType&& adapter, bool ignore...'"
json,../repos/json/tests/abi/include/nlohmann/json_v3_10_5.hpp,"(6545, 37)-(6545, 45)",b'get_decimal_point() noexcept'
json,../repos/json/tests/abi/include/nlohmann/json_v3_10_5.hpp,"(7314, 66)-(7314, 74)","b'strtof(float& f, const char* str, char** endp...'"
json,../repos/json/tests/abi/include/nlohmann/json_v3_10_5.hpp,"(7320, 67)-(7320, 75)","b'strtof(double& f, const char* str, char** end...'"
json,../repos/json/tests/abi/include/nlohmann/json_v3_10_5.hpp,"(7326, 72)-(7326, 80)","b'strtof(long double& f, const char* str, char*...'"
json,../repos/json/tests/abi/include/nlohmann/json_v3_10_5.hpp,"(7722, 18)-(7722, 26)",b'reset() noexcept'
json,../repos/json/tests/abi/include/nlohmann/json_v3_10_5.hpp,"(7820, 61)-(7820, 69)",b'get_number_unsigned() const noexcept'
json,../repos/json/tests/abi/include/nlohmann/json_v3_10_5.hpp,"(7826, 55)-(7826, 63)",b'get_number_float() const noexcept'
json,../repos/json/tests/abi/include/nlohmann/json_v3_10_5.hpp,"(7842, 47)-(7842, 55)",b'get_position() const noexcept'
json,../repos/json/tests/abi/include/nlohmann/json_v3_10_5.hpp,"(7875, 53)-(7875, 61)",b'get_error_message() const noexcept'
json,../repos/json/tests/abi/include/nlohmann/json_v3_10_5.hpp,"(8215, 51)-(8215, 59)",b'little_endianness(int num = 1) noexcept'
json,../repos/json/tests/abi/include/nlohmann/json_v3_10_5.hpp,"(8246, 56)-(8246, 64)",b'binary_reader(InputAdapterType&& adapter) noexcept'
json,../repos/json/tests/abi/include/nlohmann/json_v3_10_5.hpp,"(11245, 49)-(11245, 57)",b'get_value() const noexcept'
json,../repos/json/tests/abi/include/nlohmann/json_v3_10_5.hpp,"(11251, 22)-(11251, 30)",b'set_begin() noexcept'
json,../repos/json/tests/abi/include/nlohmann/json_v3_10_5.hpp,"(11257, 20)-(11257, 28)",b'set_end() noexcept'
json,../repos/json/tests/abi/include/nlohmann/json_v3_10_5.hpp,"(11263, 37)-(11263, 45)",b'is_begin() const noexcept'
json,../repos/json/tests/abi/include/nlohmann/json_v3_10_5.hpp,"(11269, 35)-(11269, 43)",b'is_end() const noexcept'
json,../repos/json/tests/abi/include/nlohmann/json_v3_10_5.hpp,"(11274, 90)-(11274, 98)","b'operator==(primitive_iterator_t lhs, primitiv...'"
json,../repos/json/tests/abi/include/nlohmann/json_v3_10_5.hpp,"(11279, 89)-(11279, 97)","b'operator<(primitive_iterator_t lhs, primitive...'"
json,../repos/json/tests/abi/include/nlohmann/json_v3_10_5.hpp,"(11284, 55)-(11284, 63)",b'operator+(difference_type n) noexcept'
json,../repos/json/tests/abi/include/nlohmann/json_v3_10_5.hpp,"(11291, 100)-(11291, 108)","b'operator-(primitive_iterator_t lhs, primitive...'"
json,../repos/json/tests/abi/include/nlohmann/json_v3_10_5.hpp,"(11296, 40)-(11296, 48)",b'operator++() noexcept'
json,../repos/json/tests/abi/include/nlohmann/json_v3_10_5.hpp,"(11302, 48)-(11302, 56)",b'operator++(int) noexcept'
json,../repos/json/tests/abi/include/nlohmann/json_v3_10_5.hpp,"(11309, 40)-(11309, 48)",b'operator--() noexcept'
json,../repos/json/tests/abi/include/nlohmann/json_v3_10_5.hpp,"(11315, 48)-(11315, 56)",b'operator--(int) noexcept'
json,../repos/json/tests/abi/include/nlohmann/json_v3_10_5.hpp,"(11322, 57)-(11322, 65)",b'operator+=(difference_type n) noexcept'
json,../repos/json/tests/abi/include/nlohmann/json_v3_10_5.hpp,"(11328, 57)-(11328, 65)",b'operator-=(difference_type n) noexcept'
json,../repos/json/tests/abi/include/nlohmann/json_v3_10_5.hpp,"(11447, 28)-(11447, 36)",b'iter_impl(iter_impl&&) noexcept'
json,../repos/json/tests/abi/include/nlohmann/json_v3_10_5.hpp,"(11448, 39)-(11448, 47)",b'operator=(iter_impl&&) noexcept'
json,../repos/json/tests/abi/include/nlohmann/json_v3_10_5.hpp,"(11456, 40)-(11456, 48)",b'iter_impl(pointer object) noexcept'
json,../repos/json/tests/abi/include/nlohmann/json_v3_10_5.hpp,"(11506, 60)-(11506, 68)",b'iter_impl(const iter_impl<const BasicJsonType...'
json,../repos/json/tests/abi/include/nlohmann/json_v3_10_5.hpp,"(11516, 71)-(11516, 79)",b'operator=(const iter_impl<const BasicJsonType...'
json,../repos/json/tests/abi/include/nlohmann/json_v3_10_5.hpp,"(11531, 88)-(11531, 96)",b'iter_impl(const iter_impl<typename std::remov...'
json,../repos/json/tests/abi/include/nlohmann/json_v3_10_5.hpp,"(11541, 99)-(11541, 107)",b'operator=(const iter_impl<typename std::remov...'
json,../repos/json/tests/abi/include/nlohmann/json_v3_10_5.hpp,"(11597, 20)-(11597, 28)",b'set_end() noexcept'
json,../repos/json/tests/abi/include/nlohmann/json_v3_10_5.hpp,"(12154, 85)-(12154, 93)",b'json_reverse_iterator(const typename base_ite...'
json,../repos/json/tests/abi/include/nlohmann/json_v3_10_5.hpp,"(12158, 61)-(12158, 69)",b'json_reverse_iterator(const base_iterator& it...'
json,../repos/json/tests/abi/include/nlohmann/json_v3_10_5.hpp,"(12392, 24)-(12392, 32)",b'empty() const noexcept'
json,../repos/json/tests/abi/include/nlohmann/json_v3_10_5.hpp,"(13038, 53)-(13038, 61)","b'operator==(json_pointer const& lhs,\n         ...'"
json,../repos/json/tests/abi/include/nlohmann/json_v3_10_5.hpp,"(13055, 53)-(13055, 61)","b'operator!=(json_pointer const& lhs,\n         ...'"
json,../repos/json/tests/abi/include/nlohmann/json_v3_10_5.hpp,"(13104, 26)-(13104, 34)",b'json_ref(json_ref&&) noexcept'
json,../repos/json/tests/abi/include/nlohmann/json_v3_10_5.hpp,"(13191, 56)-(13191, 64)",b'output_adapter_protocol(output_adapter_protoc...'
json,../repos/json/tests/abi/include/nlohmann/json_v3_10_5.hpp,"(13193, 67)-(13193, 75)",b'operator=(output_adapter_protocol&&) noexcept'
json,../repos/json/tests/abi/include/nlohmann/json_v3_10_5.hpp,"(13205, 79)-(13205, 87)","b'output_vector_adapter(std::vector<CharType, A...'"
json,../repos/json/tests/abi/include/nlohmann/json_v3_10_5.hpp,"(13230, 69)-(13230, 77)",b'output_stream_adapter(std::basic_ostream<Char...'
json,../repos/json/tests/abi/include/nlohmann/json_v3_10_5.hpp,"(13255, 51)-(13255, 59)",b'output_string_adapter(StringType& s) noexcept'
json,../repos/json/tests/abi/include/nlohmann/json_v3_10_5.hpp,"(14326, 85)-(14326, 93)",b'calc_bson_unsigned_size(const std::uint64_t v...'
json,../repos/json/tests/abi/include/nlohmann/json_v3_10_5.hpp,"(14722, 58)-(14722, 66)",b'ubjson_prefix(const BasicJsonType& j) const n...'
json,../repos/json/tests/abi/include/nlohmann/json_v3_10_5.hpp,"(14879, 60)-(14879, 68)",b'to_char_type(std::uint8_t x) noexcept'
json,../repos/json/tests/abi/include/nlohmann/json_v3_10_5.hpp,"(14886, 50)-(14886, 58)",b'to_char_type(std::uint8_t x) noexcept'
json,../repos/json/tests/abi/include/nlohmann/json_v3_10_5.hpp,"(14897, 60)-(14897, 68)",b'to_char_type(std::uint8_t x) noexcept'
json,../repos/json/tests/abi/include/nlohmann/json_v3_10_5.hpp,"(14908, 61)-(14908, 69)",b'to_char_type(InputCharType x) noexcept'
json,../repos/json/tests/abi/include/nlohmann/json_v3_10_5.hpp,"(14999, 47)-(14999, 55)","b'diyfp(std::uint64_t f_, int e_) noexcept'"
json,../repos/json/tests/abi/include/nlohmann/json_v3_10_5.hpp,"(15005, 54)-(15005, 62)","b'sub(const diyfp& x, const diyfp& y) noexcept'"
json,../repos/json/tests/abi/include/nlohmann/json_v3_10_5.hpp,"(15017, 54)-(15017, 62)","b'mul(const diyfp& x, const diyfp& y) noexcept'"
json,../repos/json/tests/abi/include/nlohmann/json_v3_10_5.hpp,"(15082, 37)-(15082, 45)",b'normalize(diyfp x) noexcept'
json,../repos/json/tests/abi/include/nlohmann/json_v3_10_5.hpp,"(15099, 74)-(15099, 82)","b'normalize_to(const diyfp& x, const int target...'"
json,../repos/json/tests/abi/include/nlohmann/json_v3_10_5.hpp,"(16924, 100)-(16924, 108)","b'decode(std::uint8_t& state, std::uint32_t& co...'"
json,../repos/json/tests/abi/include/nlohmann/json_v3_10_5.hpp,"(16979, 62)-(16979, 70)",b'remove_sign(number_integer_t x) noexcept'
json,../repos/json/tests/abi/include/nlohmann/json_v3_10_5.hpp,"(17613, 33)-(17613, 41)",b'json_value(boolean_t v) noexcept'
json,../repos/json/tests/abi/include/nlohmann/json_v3_10_5.hpp,"(17615, 40)-(17615, 48)",b'json_value(number_integer_t v) noexcept'
json,../repos/json/tests/abi/include/nlohmann/json_v3_10_5.hpp,"(17617, 41)-(17617, 49)",b'json_value(number_unsigned_t v) noexcept'
json,../repos/json/tests/abi/include/nlohmann/json_v3_10_5.hpp,"(17619, 38)-(17619, 46)",b'json_value(number_float_t v) noexcept'
json,../repos/json/tests/abi/include/nlohmann/json_v3_10_5.hpp,"(17981, 42)-(17981, 50)",b'basic_json(std::nullptr_t = nullptr) noexcept'
json,../repos/json/tests/abi/include/nlohmann/json_v3_10_5.hpp,"(17993, 39)-(17995, 80)",b'basic_json(CompatibleType && val) noexcept(no...'
json,../repos/json/tests/abi/include/nlohmann/json_v3_10_5.hpp,"(18369, 36)-(18369, 44)",b'basic_json(basic_json&& other) noexcept'
json,../repos/json/tests/abi/include/nlohmann/json_v3_10_5.hpp,"(18386, 45)-(18391, 6)",b'operator=(basic_json other) noexcept (\n      ...'
json,../repos/json/tests/abi/include/nlohmann/json_v3_10_5.hpp,"(18407, 19)-(18407, 27)",b'~basic_json() noexcept'
json,../repos/json/tests/abi/include/nlohmann/json_v3_10_5.hpp,"(18448, 36)-(18448, 44)",b'type() const noexcept'
json,../repos/json/tests/abi/include/nlohmann/json_v3_10_5.hpp,"(18455, 41)-(18455, 49)",b'is_primitive() const noexcept'
json,../repos/json/tests/abi/include/nlohmann/json_v3_10_5.hpp,"(18462, 42)-(18462, 50)",b'is_structured() const noexcept'
json,../repos/json/tests/abi/include/nlohmann/json_v3_10_5.hpp,"(18469, 36)-(18469, 44)",b'is_null() const noexcept'
json,../repos/json/tests/abi/include/nlohmann/json_v3_10_5.hpp,"(18476, 39)-(18476, 47)",b'is_boolean() const noexcept'
json,../repos/json/tests/abi/include/nlohmann/json_v3_10_5.hpp,"(18483, 38)-(18483, 46)",b'is_number() const noexcept'
json,../repos/json/tests/abi/include/nlohmann/json_v3_10_5.hpp,"(18490, 46)-(18490, 54)",b'is_number_integer() const noexcept'
json,../repos/json/tests/abi/include/nlohmann/json_v3_10_5.hpp,"(18497, 47)-(18497, 55)",b'is_number_unsigned() const noexcept'
json,../repos/json/tests/abi/include/nlohmann/json_v3_10_5.hpp,"(18504, 44)-(18504, 52)",b'is_number_float() const noexcept'
json,../repos/json/tests/abi/include/nlohmann/json_v3_10_5.hpp,"(18511, 38)-(18511, 46)",b'is_object() const noexcept'
json,../repos/json/tests/abi/include/nlohmann/json_v3_10_5.hpp,"(18518, 37)-(18518, 45)",b'is_array() const noexcept'
json,../repos/json/tests/abi/include/nlohmann/json_v3_10_5.hpp,"(18525, 38)-(18525, 46)",b'is_string() const noexcept'
json,../repos/json/tests/abi/include/nlohmann/json_v3_10_5.hpp,"(18532, 38)-(18532, 46)",b'is_binary() const noexcept'
json,../repos/json/tests/abi/include/nlohmann/json_v3_10_5.hpp,"(18539, 41)-(18539, 49)",b'is_discarded() const noexcept'
json,../repos/json/tests/abi/include/nlohmann/json_v3_10_5.hpp,"(18546, 40)-(18546, 48)",b'() const noexcept'
json,../repos/json/tests/abi/include/nlohmann/json_v3_10_5.hpp,"(19664, 22)-(19664, 30)",b'begin() noexcept'
json,../repos/json/tests/abi/include/nlohmann/json_v3_10_5.hpp,"(19673, 34)-(19673, 42)",b'begin() const noexcept'
json,../repos/json/tests/abi/include/nlohmann/json_v3_10_5.hpp,"(19680, 35)-(19680, 43)",b'cbegin() const noexcept'
json,../repos/json/tests/abi/include/nlohmann/json_v3_10_5.hpp,"(19689, 20)-(19689, 28)",b'end() noexcept'
json,../repos/json/tests/abi/include/nlohmann/json_v3_10_5.hpp,"(19698, 32)-(19698, 40)",b'end() const noexcept'
json,../repos/json/tests/abi/include/nlohmann/json_v3_10_5.hpp,"(19705, 33)-(19705, 41)",b'cend() const noexcept'
json,../repos/json/tests/abi/include/nlohmann/json_v3_10_5.hpp,"(19714, 31)-(19714, 39)",b'rbegin() noexcept'
json,../repos/json/tests/abi/include/nlohmann/json_v3_10_5.hpp,"(19721, 43)-(19721, 51)",b'rbegin() const noexcept'
json,../repos/json/tests/abi/include/nlohmann/json_v3_10_5.hpp,"(19728, 29)-(19728, 37)",b'rend() noexcept'
json,../repos/json/tests/abi/include/nlohmann/json_v3_10_5.hpp,"(19735, 41)-(19735, 49)",b'rend() const noexcept'
json,../repos/json/tests/abi/include/nlohmann/json_v3_10_5.hpp,"(19742, 44)-(19742, 52)",b'crbegin() const noexcept'
json,../repos/json/tests/abi/include/nlohmann/json_v3_10_5.hpp,"(19749, 42)-(19749, 50)",b'crend() const noexcept'
json,../repos/json/tests/abi/include/nlohmann/json_v3_10_5.hpp,"(19761, 70)-(19761, 78)",b'iterator_wrapper(reference ref) noexcept'
json,../repos/json/tests/abi/include/nlohmann/json_v3_10_5.hpp,"(19772, 82)-(19772, 90)",b'iterator_wrapper(const_reference ref) noexcept'
json,../repos/json/tests/abi/include/nlohmann/json_v3_10_5.hpp,"(19779, 39)-(19779, 47)",b'items() noexcept'
json,../repos/json/tests/abi/include/nlohmann/json_v3_10_5.hpp,"(19786, 51)-(19786, 59)",b'items() const noexcept'
json,../repos/json/tests/abi/include/nlohmann/json_v3_10_5.hpp,"(19803, 24)-(19803, 32)",b'empty() const noexcept'
json,../repos/json/tests/abi/include/nlohmann/json_v3_10_5.hpp,"(19842, 28)-(19842, 36)",b'size() const noexcept'
json,../repos/json/tests/abi/include/nlohmann/json_v3_10_5.hpp,"(19881, 32)-(19881, 40)",b'max_size() const noexcept'
json,../repos/json/tests/abi/include/nlohmann/json_v3_10_5.hpp,"(19925, 18)-(19925, 26)",b'clear() noexcept'
json,../repos/json/tests/abi/include/nlohmann/json_v3_10_5.hpp,"(20360, 32)-(20365, 6)",b'swap(reference other) noexcept (\n        std:...'
json,../repos/json/tests/abi/include/nlohmann/json_v3_10_5.hpp,"(20377, 55)-(20382, 6)","b'swap(reference left, reference right) noexcep...'"
json,../repos/json/tests/abi/include/nlohmann/json_v3_10_5.hpp,"(20554, 65)-(20554, 73)","b'operator==(const_reference lhs, ScalarType rh...'"
json,../repos/json/tests/abi/include/nlohmann/json_v3_10_5.hpp,"(20563, 65)-(20563, 73)","b'operator==(ScalarType lhs, const_reference rh...'"
json,../repos/json/tests/abi/include/nlohmann/json_v3_10_5.hpp,"(20570, 70)-(20570, 78)","b'operator!=(const_reference lhs, const_referen...'"
json,../repos/json/tests/abi/include/nlohmann/json_v3_10_5.hpp,"(20579, 65)-(20579, 73)","b'operator!=(const_reference lhs, ScalarType rh...'"
json,../repos/json/tests/abi/include/nlohmann/json_v3_10_5.hpp,"(20588, 65)-(20588, 73)","b'operator!=(ScalarType lhs, const_reference rh...'"
json,../repos/json/tests/abi/include/nlohmann/json_v3_10_5.hpp,"(20595, 69)-(20595, 77)","b'operator<(const_reference lhs, const_referenc...'"
json,../repos/json/tests/abi/include/nlohmann/json_v3_10_5.hpp,"(20673, 64)-(20673, 72)","b'operator<(const_reference lhs, ScalarType rhs...'"
json,../repos/json/tests/abi/include/nlohmann/json_v3_10_5.hpp,"(20682, 64)-(20682, 72)","b'operator<(ScalarType lhs, const_reference rhs...'"
json,../repos/json/tests/abi/include/nlohmann/json_v3_10_5.hpp,"(20689, 70)-(20689, 78)","b'operator<=(const_reference lhs, const_referen...'"
json,../repos/json/tests/abi/include/nlohmann/json_v3_10_5.hpp,"(20698, 65)-(20698, 73)","b'operator<=(const_reference lhs, ScalarType rh...'"
json,../repos/json/tests/abi/include/nlohmann/json_v3_10_5.hpp,"(20707, 65)-(20707, 73)","b'operator<=(ScalarType lhs, const_reference rh...'"
json,../repos/json/tests/abi/include/nlohmann/json_v3_10_5.hpp,"(20714, 69)-(20714, 77)","b'operator>(const_reference lhs, const_referenc...'"
json,../repos/json/tests/abi/include/nlohmann/json_v3_10_5.hpp,"(20723, 64)-(20723, 72)","b'operator>(const_reference lhs, ScalarType rhs...'"
json,../repos/json/tests/abi/include/nlohmann/json_v3_10_5.hpp,"(20732, 64)-(20732, 72)","b'operator>(ScalarType lhs, const_reference rhs...'"
json,../repos/json/tests/abi/include/nlohmann/json_v3_10_5.hpp,"(20739, 70)-(20739, 78)","b'operator>=(const_reference lhs, const_referen...'"
json,../repos/json/tests/abi/include/nlohmann/json_v3_10_5.hpp,"(20748, 65)-(20748, 73)","b'operator>=(const_reference lhs, ScalarType rh...'"
json,../repos/json/tests/abi/include/nlohmann/json_v3_10_5.hpp,"(20757, 65)-(20757, 73)","b'operator>=(ScalarType lhs, const_reference rh...'"
json,../repos/json/tests/abi/include/nlohmann/json_v3_10_5.hpp,"(20957, 35)-(20957, 43)",b'type_name() const noexcept'
json,../repos/json/tests/abi/include/nlohmann/json_v3_10_5.hpp,"(21872, 58)-(21872, 66)","b'operator()(nlohmann::detail::value_t lhs,\n   ...'"
json,../repos/json/tests/abi/include/nlohmann/json_v3_10_5.hpp,"(21884, 96)-(21886, 74)","b'swap(nlohmann::NLOHMANN_BASIC_JSON_TPL& j1, n...'"
json,../repos/json/tests/thirdparty/fifo_map/fifo_map.hpp,"(188, 22)-(188, 30)",b'begin() noexcept'
json,../repos/json/tests/thirdparty/fifo_map/fifo_map.hpp,"(194, 20)-(194, 28)",b'end() noexcept'
json,../repos/json/tests/thirdparty/fifo_map/fifo_map.hpp,"(200, 34)-(200, 42)",b'begin() const noexcept'
json,../repos/json/tests/thirdparty/fifo_map/fifo_map.hpp,"(206, 32)-(206, 40)",b'end() const noexcept'
json,../repos/json/tests/thirdparty/fifo_map/fifo_map.hpp,"(212, 35)-(212, 43)",b'cbegin() const noexcept'
json,../repos/json/tests/thirdparty/fifo_map/fifo_map.hpp,"(218, 33)-(218, 41)",b'cend() const noexcept'
json,../repos/json/tests/thirdparty/fifo_map/fifo_map.hpp,"(224, 31)-(224, 39)",b'rbegin() noexcept'
json,../repos/json/tests/thirdparty/fifo_map/fifo_map.hpp,"(230, 29)-(230, 37)",b'rend() noexcept'
json,../repos/json/tests/thirdparty/fifo_map/fifo_map.hpp,"(236, 43)-(236, 51)",b'rbegin() const noexcept'
json,../repos/json/tests/thirdparty/fifo_map/fifo_map.hpp,"(242, 41)-(242, 49)",b'rend() const noexcept'
json,../repos/json/tests/thirdparty/fifo_map/fifo_map.hpp,"(248, 44)-(248, 52)",b'crbegin() const noexcept'
json,../repos/json/tests/thirdparty/fifo_map/fifo_map.hpp,"(254, 42)-(254, 50)",b'crend() const noexcept'
json,../repos/json/tests/thirdparty/fifo_map/fifo_map.hpp,"(265, 24)-(265, 32)",b'empty() const noexcept'
json,../repos/json/tests/thirdparty/fifo_map/fifo_map.hpp,"(271, 28)-(271, 36)",b'size() const noexcept'
json,../repos/json/tests/thirdparty/fifo_map/fifo_map.hpp,"(277, 32)-(277, 40)",b'max_size() const noexcept'
json,../repos/json/tests/thirdparty/fifo_map/fifo_map.hpp,"(288, 18)-(288, 26)",b'clear() noexcept'
json,../repos/json/tests/thirdparty/doctest/doctest.h,"(447, 59)-(447, 67)","b'consume(const int*, int) noexcept'"
json,../repos/json/tests/thirdparty/doctest/doctest.h,"(611, 28)-(611, 36)",b'isOnStack() const noexcept'
json,../repos/json/tests/thirdparty/doctest/doctest.h,"(612, 22)-(612, 30)",b'setOnHeap() noexcept'
json,../repos/json/tests/thirdparty/doctest/doctest.h,"(613, 39)-(613, 47)",b'setLast(size_type in = last) noexcept'
json,../repos/json/tests/thirdparty/doctest/doctest.h,"(614, 32)-(614, 40)",b'setSize(size_type sz) noexcept'
json,../repos/json/tests/thirdparty/doctest/doctest.h,"(621, 14)-(621, 22)",b'String() noexcept'
json,../repos/json/tests/thirdparty/doctest/doctest.h,"(635, 28)-(635, 36)",b'String(String&& other) noexcept'
json,../repos/json/tests/thirdparty/doctest/doctest.h,"(636, 39)-(636, 47)",b'operator=(String&& other) noexcept'
