Repo name,File name,Location,Content
json,../repos/json/single_include/nlohmann/json.hpp,"(3222, 59)-(3222, 76)",b'make_array(Args&& ... args)'
json,../repos/json/single_include/nlohmann/json.hpp,"(4043, 42)-(4043, 47)",b'test(...)'
json,../repos/json/single_include/nlohmann/json.hpp,"(4240, 33)-(4240, 73)","b'concat_length(const char* cstr, const Args& ....'"
json,../repos/json/single_include/nlohmann/json.hpp,"(4243, 33)-(4243, 78)","b'concat_length(const StringType& str, const Ar...'"
json,../repos/json/single_include/nlohmann/json.hpp,"(4246, 33)-(4246, 73)","b'concat_length(const char /*c*/, const Args& ....'"
json,../repos/json/single_include/nlohmann/json.hpp,"(4252, 33)-(4252, 73)","b'concat_length(const char* cstr, const Args& ....'"
json,../repos/json/single_include/nlohmann/json.hpp,"(4259, 33)-(4259, 78)","b'concat_length(const StringType& str, const Ar...'"
json,../repos/json/single_include/nlohmann/json.hpp,"(4295, 24)-(4295, 74)","b'concat_into(OutStringType& out, Arg && arg, A...'"
json,../repos/json/single_include/nlohmann/json.hpp,"(4301, 24)-(4301, 78)","b'concat_into(OutStringType& out, const Arg& ar...'"
json,../repos/json/single_include/nlohmann/json.hpp,"(4308, 24)-(4308, 78)","b'concat_into(OutStringType& out, const Arg& ar...'"
json,../repos/json/single_include/nlohmann/json.hpp,"(4312, 24)-(4312, 74)","b'concat_into(OutStringType& out, Arg && arg, A...'"
json,../repos/json/single_include/nlohmann/json.hpp,"(4321, 24)-(4321, 72)","b'concat_into(OutStringType& out, Arg&& arg, Ar...'"
json,../repos/json/single_include/nlohmann/json.hpp,"(4331, 24)-(4331, 77)","b'concat_into(OutStringType& out, const Arg& ar...'"
json,../repos/json/single_include/nlohmann/json.hpp,"(4342, 24)-(4342, 77)","b'concat_into(OutStringType& out, const Arg& ar...'"
json,../repos/json/single_include/nlohmann/json.hpp,"(4349, 28)-(4349, 46)",b'concat(Args && ... args)'
json,../repos/json/single_include/nlohmann/json.hpp,"(4904, 59)-(4905, 99)",b'from_json_inplace_array_impl(BasicJsonType&& ...'
json,../repos/json/single_include/nlohmann/json.hpp,"(5004, 46)-(5004, 100)","b'from_json_tuple_impl_base(BasicJsonType&& j, ...'"
json,../repos/json/single_include/nlohmann/json.hpp,"(5023, 41)-(5023, 134)","b'from_json_tuple_impl(BasicJsonType&& j, ident...'"
json,../repos/json/single_include/nlohmann/json.hpp,"(5029, 33)-(5029, 104)","b'from_json_tuple_impl(BasicJsonType&& j, std::...'"
json,../repos/json/single_include/nlohmann/json.hpp,"(5781, 31)-(5781, 100)","b'to_json_tuple_impl(BasicJsonType& j, const Tu...'"
json,../repos/json/single_include/nlohmann/json.hpp,"(14840, 13)-(14840, 31)",b'json_ref(Args && ... args)'
json,../repos/json/single_include/nlohmann/json.hpp,"(19681, 21)-(19681, 38)",b'create(Args&& ... args)'
json,../repos/json/single_include/nlohmann/json.hpp,"(20001, 19)-(20001, 24)",b'JSON_CATCH(...)'
json,../repos/json/single_include/nlohmann/json.hpp,"(22512, 27)-(22512, 44)",b'emplace_back(Args&& ... args)'
json,../repos/json/single_include/nlohmann/json.hpp,"(22537, 38)-(22537, 55)",b'emplace(Args&& ... args)'
json,../repos/json/single_include/nlohmann/json.hpp,"(22569, 29)-(22569, 66)","b'insert_iterator(const_iterator pos, Args&& .....'"
json,../repos/json/single_include/nlohmann/json.hpp,"(23417, 48)-(23417, 69)","b'sax_parse(ptr, ptr + len, ...)'"
json,../repos/json/include/nlohmann/detail/conversions/to_json.hpp,"(404, 31)-(404, 100)","b'to_json_tuple_impl(BasicJsonType& j, const Tu...'"
json,../repos/json/include/nlohmann/detail/conversions/from_json.hpp,"(277, 59)-(278, 99)",b'from_json_inplace_array_impl(BasicJsonType&& ...'
json,../repos/json/include/nlohmann/detail/conversions/from_json.hpp,"(377, 46)-(377, 100)","b'from_json_tuple_impl_base(BasicJsonType&& j, ...'"
json,../repos/json/include/nlohmann/detail/conversions/from_json.hpp,"(396, 41)-(396, 134)","b'from_json_tuple_impl(BasicJsonType&& j, ident...'"
json,../repos/json/include/nlohmann/detail/conversions/from_json.hpp,"(402, 33)-(402, 104)","b'from_json_tuple_impl(BasicJsonType&& j, std::...'"
json,../repos/json/include/nlohmann/detail/json_ref.hpp,"(42, 13)-(42, 31)",b'json_ref(Args && ... args)'
json,../repos/json/include/nlohmann/detail/string_concat.hpp,"(28, 33)-(28, 73)","b'concat_length(const char* cstr, const Args& ....'"
json,../repos/json/include/nlohmann/detail/string_concat.hpp,"(31, 33)-(31, 78)","b'concat_length(const StringType& str, const Ar...'"
json,../repos/json/include/nlohmann/detail/string_concat.hpp,"(34, 33)-(34, 73)","b'concat_length(const char /*c*/, const Args& ....'"
json,../repos/json/include/nlohmann/detail/string_concat.hpp,"(40, 33)-(40, 73)","b'concat_length(const char* cstr, const Args& ....'"
json,../repos/json/include/nlohmann/detail/string_concat.hpp,"(47, 33)-(47, 78)","b'concat_length(const StringType& str, const Ar...'"
json,../repos/json/include/nlohmann/detail/string_concat.hpp,"(83, 24)-(83, 74)","b'concat_into(OutStringType& out, Arg && arg, A...'"
json,../repos/json/include/nlohmann/detail/string_concat.hpp,"(89, 24)-(89, 78)","b'concat_into(OutStringType& out, const Arg& ar...'"
json,../repos/json/include/nlohmann/detail/string_concat.hpp,"(96, 24)-(96, 78)","b'concat_into(OutStringType& out, const Arg& ar...'"
json,../repos/json/include/nlohmann/detail/string_concat.hpp,"(100, 24)-(100, 74)","b'concat_into(OutStringType& out, Arg && arg, A...'"
json,../repos/json/include/nlohmann/detail/string_concat.hpp,"(109, 24)-(109, 72)","b'concat_into(OutStringType& out, Arg&& arg, Ar...'"
json,../repos/json/include/nlohmann/detail/string_concat.hpp,"(119, 24)-(119, 77)","b'concat_into(OutStringType& out, const Arg& ar...'"
json,../repos/json/include/nlohmann/detail/string_concat.hpp,"(130, 24)-(130, 77)","b'concat_into(OutStringType& out, const Arg& ar...'"
json,../repos/json/include/nlohmann/detail/string_concat.hpp,"(137, 28)-(137, 46)",b'concat(Args && ... args)'
json,../repos/json/include/nlohmann/detail/meta/cpp_future.hpp,"(165, 59)-(165, 76)",b'make_array(Args&& ... args)'
json,../repos/json/include/nlohmann/detail/meta/type_traits.hpp,"(630, 42)-(630, 47)",b'test(...)'
json,../repos/json/include/nlohmann/json.hpp,"(378, 21)-(378, 38)",b'create(Args&& ... args)'
json,../repos/json/include/nlohmann/json.hpp,"(698, 19)-(698, 24)",b'JSON_CATCH(...)'
json,../repos/json/include/nlohmann/json.hpp,"(3209, 27)-(3209, 44)",b'emplace_back(Args&& ... args)'
json,../repos/json/include/nlohmann/json.hpp,"(3234, 38)-(3234, 55)",b'emplace(Args&& ... args)'
json,../repos/json/include/nlohmann/json.hpp,"(3266, 29)-(3266, 66)","b'insert_iterator(const_iterator pos, Args&& .....'"
json,../repos/json/include/nlohmann/json.hpp,"(4114, 48)-(4114, 69)","b'sax_parse(ptr, ptr + len, ...)'"
json,../repos/json/tests/src/unit-allocator.cpp,"(27, 19)-(27, 57)","b'construct(T* /*unused*/, Args&& ... /*unused*/)'"
json,../repos/json/tests/src/unit-allocator.cpp,"(71, 19)-(71, 42)","b'construct(T* p, Args&& ... args)'"
json,../repos/json/tests/src/unit-allocator.cpp,"(238, 19)-(238, 47)","b'construct(T* p, const Args& ... args) noexcep...'"
json,../repos/json/tests/src/unit-no-mem-leak-on-adl-serialize.cpp,"(54, 11)-(54, 16)",b'catch (...) // NOLINT(bugprone-empty-catch)\n ...'
json,../repos/json/tests/src/unit-no-mem-leak-on-adl-serialize.cpp,"(67, 11)-(67, 16)",b'catch (...) // NOLINT(bugprone-empty-catch)\n ...'
json,../repos/json/tests/src/unit-no-mem-leak-on-adl-serialize.cpp,"(80, 11)-(80, 16)",b'catch (...) // NOLINT(bugprone-empty-catch)\n ...'
json,../repos/json/tests/src/unit-alt-string.cpp,"(39, 23)-(39, 44)",b'append(TParams&& ...params)'
json,../repos/json/tests/abi/include/nlohmann/json_v3_10_5.hpp,"(3791, 42)-(3791, 47)",b'test(...)'
json,../repos/json/tests/abi/include/nlohmann/json_v3_10_5.hpp,"(4072, 59)-(4073, 99)",b'from_json_inplace_array_impl(BasicJsonType&& ...'
json,../repos/json/tests/abi/include/nlohmann/json_v3_10_5.hpp,"(4172, 46)-(4172, 100)","b'from_json_tuple_impl_base(BasicJsonType&& j, ...'"
json,../repos/json/tests/abi/include/nlohmann/json_v3_10_5.hpp,"(4191, 41)-(4191, 134)","b'from_json_tuple_impl(BasicJsonType&& j, ident...'"
json,../repos/json/tests/abi/include/nlohmann/json_v3_10_5.hpp,"(4197, 26)-(4197, 97)","b'from_json_tuple_impl(BasicJsonType&& j, std::...'"
json,../repos/json/tests/abi/include/nlohmann/json_v3_10_5.hpp,"(4876, 24)-(4876, 93)","b'to_json_tuple_impl(BasicJsonType& j, const Tu...'"
json,../repos/json/tests/abi/include/nlohmann/json_v3_10_5.hpp,"(13099, 13)-(13099, 31)",b'json_ref(Args && ... args)'
json,../repos/json/tests/abi/include/nlohmann/json_v3_10_5.hpp,"(17546, 21)-(17546, 38)",b'create(Args&& ... args)'
json,../repos/json/tests/abi/include/nlohmann/json_v3_10_5.hpp,"(17856, 19)-(17856, 24)",b'JSON_CATCH(...)'
json,../repos/json/tests/abi/include/nlohmann/json_v3_10_5.hpp,"(20107, 27)-(20107, 44)",b'emplace_back(Args&& ... args)'
json,../repos/json/tests/abi/include/nlohmann/json_v3_10_5.hpp,"(20132, 38)-(20132, 55)",b'emplace(Args&& ... args)'
json,../repos/json/tests/abi/include/nlohmann/json_v3_10_5.hpp,"(20164, 29)-(20164, 66)","b'insert_iterator(const_iterator pos, Args&& .....'"
json,../repos/json/tests/abi/include/nlohmann/json_v3_10_5.hpp,"(20913, 48)-(20913, 69)","b'sax_parse(ptr, ptr + len, ...)'"
json,../repos/json/tests/thirdparty/fifo_map/fifo_map.hpp,"(348, 38)-(348, 55)",b'emplace(Args&& ... args)'
json,../repos/json/tests/thirdparty/fifo_map/fifo_map.hpp,"(357, 26)-(357, 64)","b'emplace_hint(const_iterator hint, Args&& ... args)'"
json,../repos/json/tests/thirdparty/Fuzzer/FuzzerIO.cpp,"(109, 12)-(109, 34)","b'Printf(const char *Fmt, ...)'"
json,../repos/json/tests/thirdparty/Fuzzer/FuzzerIO.h,"(44, 12)-(44, 34)","b'Printf(const char *Fmt, ...)'"
