Repo name,File name,Location,Content
json,../repos/json/tests/src/unit-udt_macro.cpp,"(77, 1)-(428, 10)",b'class person_without_private_data_1\n{\n  publi...'
json,../repos/json/tests/src/unit-udt_macro.cpp,"(99, 1)-(117, 2)",b'class person_without_private_data_2\n{\n  publi...'
json,../repos/json/tests/src/unit-udt_macro.cpp,"(121, 1)-(152, 2)",b'class person_without_private_data_3\n{\n  publi...'
json,../repos/json/tests/src/unit-udt_macro.cpp,"(156, 1)-(406, 10)",b'class person_with_private_alphabet\n{\n  public...'
json,../repos/json/tests/src/unit-udt_macro.cpp,"(219, 1)-(278, 2)",b'class person_with_public_alphabet\n{\n  public:...'
json,../repos/json/tests/src/unit-udt_macro.cpp,"(282, 1)-(320, 2)",b'class person_without_default_constructor_1\n{\n...'
json,../repos/json/tests/src/unit-udt_macro.cpp,"(301, 1)-(316, 2)",b'class person_without_default_constructor_2\n{\n...'
json,../repos/json/tests/abi/include/nlohmann/json_v3_10_5.hpp,"(12263, 12)-(12263, 28)",b'class basic_json'
