Repo name,File name,Location,Content
json,../repos/json/single_include/nlohmann/json.hpp,"(4358, 1)-(4589, 2)",b'NLOHMANN_JSON_NAMESPACE_END\n\n\nNLOHMANN_JSON_N...'
json,../repos/json/single_include/nlohmann/json.hpp,"(4375, 5)-(4378, 6)",b'const char* what() const noexcept override\n  ...'
json,../repos/json/single_include/nlohmann/json.hpp,"(14472, 5)-(14530, 6)",b'static std::vector<string_t> split(const stri...'
json,../repos/json/single_include/nlohmann/json.hpp,"(14940, 1)-(15061, 2)",b'NLOHMANN_JSON_NAMESPACE_BEGIN\nnamespace detai...'
json,../repos/json/single_include/nlohmann/json.hpp,"(14971, 5)-(14974, 6)",b'void write_character(CharType c) override\n   ...'
json,../repos/json/single_include/nlohmann/json.hpp,"(14976, 5)-(14980, 6)",b'JSON_HEDLEY_NON_NULL(2)\n    void write_charac...'
json,../repos/json/single_include/nlohmann/json.hpp,"(14996, 5)-(14999, 6)",b'void write_character(CharType c) override\n   ...'
json,../repos/json/single_include/nlohmann/json.hpp,"(15001, 5)-(15005, 6)",b'JSON_HEDLEY_NON_NULL(2)\n    void write_charac...'
json,../repos/json/single_include/nlohmann/json.hpp,"(15021, 5)-(15024, 6)",b'void write_character(CharType c) override\n   ...'
json,../repos/json/single_include/nlohmann/json.hpp,"(15026, 5)-(15030, 6)",b'JSON_HEDLEY_NON_NULL(2)\n    void write_charac...'
json,../repos/json/docs/examples/sax_parse.cpp,"(16, 5)-(20, 6)",b'bool null() override\n    {\n        events.pus...'
json,../repos/json/docs/examples/sax_parse.cpp,"(22, 5)-(26, 6)",b'bool boolean(bool val) override\n    {\n       ...'
json,../repos/json/docs/examples/sax_parse.cpp,"(28, 5)-(32, 6)",b'bool number_integer(number_integer_t val) ove...'
json,../repos/json/docs/examples/sax_parse.cpp,"(34, 5)-(38, 6)",b'bool number_unsigned(number_unsigned_t val) o...'
json,../repos/json/docs/examples/sax_parse.cpp,"(40, 5)-(44, 6)","b'bool number_float(number_float_t val, const s...'"
json,../repos/json/docs/examples/sax_parse.cpp,"(46, 5)-(50, 6)",b'bool string(string_t& val) override\n    {\n   ...'
json,../repos/json/docs/examples/sax_parse.cpp,"(52, 5)-(56, 6)",b'bool start_object(std::size_t elements) overr...'
json,../repos/json/docs/examples/sax_parse.cpp,"(58, 5)-(62, 6)",b'bool end_object() override\n    {\n        even...'
json,../repos/json/docs/examples/sax_parse.cpp,"(64, 5)-(68, 6)",b'bool start_array(std::size_t elements) overri...'
json,../repos/json/docs/examples/sax_parse.cpp,"(70, 5)-(74, 6)",b'bool end_array() override\n    {\n        event...'
json,../repos/json/docs/examples/sax_parse.cpp,"(76, 5)-(80, 6)",b'bool key(string_t& val) override\n    {\n      ...'
json,../repos/json/docs/examples/sax_parse.cpp,"(82, 5)-(86, 6)",b'bool binary(json::binary_t& val) override\n   ...'
json,../repos/json/docs/examples/sax_parse.cpp,"(88, 5)-(92, 6)","b'bool parse_error(std::size_t position, const ...'"
json,../repos/json/docs/examples/sax_parse__binary.cpp,"(16, 5)-(20, 6)",b'bool null() override\n    {\n        events.pus...'
json,../repos/json/docs/examples/sax_parse__binary.cpp,"(22, 5)-(26, 6)",b'bool boolean(bool val) override\n    {\n       ...'
json,../repos/json/docs/examples/sax_parse__binary.cpp,"(28, 5)-(32, 6)",b'bool number_integer(number_integer_t val) ove...'
json,../repos/json/docs/examples/sax_parse__binary.cpp,"(34, 5)-(38, 6)",b'bool number_unsigned(number_unsigned_t val) o...'
json,../repos/json/docs/examples/sax_parse__binary.cpp,"(40, 5)-(44, 6)","b'bool number_float(number_float_t val, const s...'"
json,../repos/json/docs/examples/sax_parse__binary.cpp,"(46, 5)-(50, 6)",b'bool string(string_t& val) override\n    {\n   ...'
json,../repos/json/docs/examples/sax_parse__binary.cpp,"(52, 5)-(56, 6)",b'bool start_object(std::size_t elements) overr...'
json,../repos/json/docs/examples/sax_parse__binary.cpp,"(58, 5)-(62, 6)",b'bool end_object() override\n    {\n        even...'
json,../repos/json/docs/examples/sax_parse__binary.cpp,"(64, 5)-(68, 6)",b'bool start_array(std::size_t elements) overri...'
json,../repos/json/docs/examples/sax_parse__binary.cpp,"(70, 5)-(74, 6)",b'bool end_array() override\n    {\n        event...'
json,../repos/json/docs/examples/sax_parse__binary.cpp,"(76, 5)-(80, 6)",b'bool key(string_t& val) override\n    {\n      ...'
json,../repos/json/docs/examples/sax_parse__binary.cpp,"(82, 5)-(86, 6)",b'bool binary(json::binary_t& val) override\n   ...'
json,../repos/json/docs/examples/sax_parse__binary.cpp,"(88, 5)-(92, 6)","b'bool parse_error(std::size_t position, const ...'"
json,../repos/json/include/nlohmann/detail/exceptions.hpp,"(28, 1)-(132, 2)",b'NLOHMANN_JSON_NAMESPACE_BEGIN\nnamespace detai...'
json,../repos/json/include/nlohmann/detail/exceptions.hpp,"(42, 5)-(45, 6)",b'const char* what() const noexcept override\n  ...'
json,../repos/json/include/nlohmann/detail/json_pointer.hpp,"(666, 5)-(724, 6)",b'static std::vector<string_t> split(const stri...'
json,../repos/json/include/nlohmann/detail/output/output_adapters.hpp,"(25, 1)-(146, 2)",b'NLOHMANN_JSON_NAMESPACE_BEGIN\nnamespace detai...'
json,../repos/json/include/nlohmann/detail/output/output_adapters.hpp,"(56, 5)-(59, 6)",b'void write_character(CharType c) override\n   ...'
json,../repos/json/include/nlohmann/detail/output/output_adapters.hpp,"(61, 5)-(65, 6)",b'JSON_HEDLEY_NON_NULL(2)\n    void write_charac...'
json,../repos/json/include/nlohmann/detail/output/output_adapters.hpp,"(81, 5)-(84, 6)",b'void write_character(CharType c) override\n   ...'
json,../repos/json/include/nlohmann/detail/output/output_adapters.hpp,"(86, 5)-(90, 6)",b'JSON_HEDLEY_NON_NULL(2)\n    void write_charac...'
json,../repos/json/include/nlohmann/detail/output/output_adapters.hpp,"(106, 5)-(109, 6)",b'void write_character(CharType c) override\n   ...'
json,../repos/json/include/nlohmann/detail/output/output_adapters.hpp,"(111, 5)-(115, 6)",b'JSON_HEDLEY_NON_NULL(2)\n    void write_charac...'
json,../repos/json/tests/src/unit-deserialization.cpp,"(27, 5)-(31, 6)",b'bool null() override\n    {\n        events.emp...'
json,../repos/json/tests/src/unit-deserialization.cpp,"(33, 5)-(37, 6)",b'bool boolean(bool val) override\n    {\n       ...'
json,../repos/json/tests/src/unit-deserialization.cpp,"(39, 5)-(43, 6)",b'bool number_integer(json::number_integer_t va...'
json,../repos/json/tests/src/unit-deserialization.cpp,"(45, 5)-(49, 6)",b'bool number_unsigned(json::number_unsigned_t ...'
json,../repos/json/tests/src/unit-deserialization.cpp,"(51, 5)-(55, 6)",b'bool number_float(json::number_float_t /*val*...'
json,../repos/json/tests/src/unit-deserialization.cpp,"(57, 5)-(61, 6)",b'bool string(std::string& val) override\n    {\n...'
json,../repos/json/tests/src/unit-deserialization.cpp,"(63, 5)-(76, 6)",b'bool binary(json::binary_t& val) override\n   ...'
json,../repos/json/tests/src/unit-deserialization.cpp,"(78, 5)-(89, 6)",b'bool start_object(std::size_t elements) overr...'
json,../repos/json/tests/src/unit-deserialization.cpp,"(91, 5)-(95, 6)",b'bool key(std::string& val) override\n    {\n   ...'
json,../repos/json/tests/src/unit-deserialization.cpp,"(97, 5)-(101, 6)",b'bool end_object() override\n    {\n        even...'
json,../repos/json/tests/src/unit-deserialization.cpp,"(103, 5)-(114, 6)",b'bool start_array(std::size_t elements) overri...'
json,../repos/json/tests/src/unit-deserialization.cpp,"(116, 5)-(120, 6)",b'bool end_array() override\n    {\n        event...'
json,../repos/json/tests/src/unit-deserialization.cpp,"(122, 5)-(126, 6)","b'bool parse_error(std::size_t position, const ...'"
json,../repos/json/tests/src/unit-deserialization.cpp,"(133, 5)-(144, 6)",b'bool start_object(std::size_t elements) overr...'
json,../repos/json/tests/src/unit-deserialization.cpp,"(149, 5)-(153, 6)",b'bool key(std::string& val) override\n    {\n   ...'
json,../repos/json/tests/src/unit-deserialization.cpp,"(158, 5)-(169, 6)",b'bool start_array(std::size_t elements) overri...'
json,../repos/json/tests/src/unit-regression1.cpp,"(501, 13)-(504, 14)",b'char do_decimal_point() const override\n      ...'
json,../repos/json/tests/src/unit-regression1.cpp,"(506, 13)-(509, 14)",b'char do_thousands_sep() const override\n      ...'
json,../repos/json/tests/src/unit-regression1.cpp,"(511, 13)-(514, 14)",b'std::string do_grouping() const override\n    ...'
json,../repos/json/tests/src/unit-class_parser.cpp,"(137, 5)-(140, 6)",b'bool null() override\n    {\n        return eve...'
json,../repos/json/tests/src/unit-class_parser.cpp,"(142, 5)-(145, 6)",b'bool boolean(bool /*val*/) override\n    {\n   ...'
json,../repos/json/tests/src/unit-class_parser.cpp,"(147, 5)-(150, 6)",b'bool number_integer(json::number_integer_t /*...'
json,../repos/json/tests/src/unit-class_parser.cpp,"(152, 5)-(155, 6)",b'bool number_unsigned(json::number_unsigned_t ...'
json,../repos/json/tests/src/unit-class_parser.cpp,"(157, 5)-(160, 6)",b'bool number_float(json::number_float_t /*val*...'
json,../repos/json/tests/src/unit-class_parser.cpp,"(162, 5)-(165, 6)",b'bool string(std::string& /*val*/) override\n  ...'
json,../repos/json/tests/src/unit-class_parser.cpp,"(167, 5)-(170, 6)",b'bool binary(json::binary_t& /*val*/) override...'
json,../repos/json/tests/src/unit-class_parser.cpp,"(172, 5)-(175, 6)",b'bool start_object(std::size_t /*elements*/) o...'
json,../repos/json/tests/src/unit-class_parser.cpp,"(177, 5)-(180, 6)",b'bool key(std::string& /*val*/) override\n    {...'
json,../repos/json/tests/src/unit-class_parser.cpp,"(182, 5)-(185, 6)",b'bool end_object() override\n    {\n        retu...'
json,../repos/json/tests/src/unit-class_parser.cpp,"(187, 5)-(190, 6)",b'bool start_array(std::size_t /*elements*/) ov...'
json,../repos/json/tests/src/unit-class_parser.cpp,"(192, 5)-(195, 6)",b'bool end_array() override\n    {\n        retur...'
json,../repos/json/tests/src/unit-class_parser.cpp,"(197, 5)-(200, 6)","b'bool parse_error(std::size_t /*position*/, co...'"
json,../repos/json/tests/abi/include/nlohmann/json_v3_10_5.hpp,"(2812, 5)-(2815, 6)",b'const char* what() const noexcept override\n  ...'
json,../repos/json/tests/abi/include/nlohmann/json_v3_10_5.hpp,"(12860, 5)-(12918, 6)",b'static std::vector<std::string> split(const s...'
json,../repos/json/tests/abi/include/nlohmann/json_v3_10_5.hpp,"(13209, 5)-(13212, 6)",b'void write_character(CharType c) override\n   ...'
json,../repos/json/tests/abi/include/nlohmann/json_v3_10_5.hpp,"(13214, 5)-(13218, 6)",b'JSON_HEDLEY_NON_NULL(2)\n    void write_charac...'
json,../repos/json/tests/abi/include/nlohmann/json_v3_10_5.hpp,"(13234, 5)-(13237, 6)",b'void write_character(CharType c) override\n   ...'
json,../repos/json/tests/abi/include/nlohmann/json_v3_10_5.hpp,"(13239, 5)-(13243, 6)",b'JSON_HEDLEY_NON_NULL(2)\n    void write_charac...'
json,../repos/json/tests/abi/include/nlohmann/json_v3_10_5.hpp,"(13259, 5)-(13262, 6)",b'void write_character(CharType c) override\n   ...'
json,../repos/json/tests/abi/include/nlohmann/json_v3_10_5.hpp,"(13264, 5)-(13268, 6)",b'JSON_HEDLEY_NON_NULL(2)\n    void write_charac...'
json,../repos/json/tests/thirdparty/Fuzzer/FuzzerDriver.cpp,"(356, 1)-(540, 2)","b'int FuzzerDriver(int *argc, char ***argv, Use...'"
json,../repos/json/tests/thirdparty/doctest/doctest.h,"(587, 1)-(663, 2)",b'class DOCTEST_INTERFACE String\n{\npublic:\n    ...'
