Repo name,File name,Location,Content
json,../repos/json/single_include/nlohmann/json.hpp,"(272, 10)-(272, 36)",b'void operator=(nonesuch const&) = delete;'
json,../repos/json/single_include/nlohmann/json.hpp,"(273, 10)-(273, 31)",b'void operator=(nonesuch&&) = delete;'
json,../repos/json/single_include/nlohmann/json.hpp,"(2900, 34)-(2900, 92)",b'inline std::partial_ordering operator<=>(cons...'
json,../repos/json/single_include/nlohmann/json.hpp,"(2902, 17)-(2902, 73)","b'inline bool operator<(const value_t lhs, cons...'"
json,../repos/json/single_include/nlohmann/json.hpp,"(2930, 13)-(2930, 69)","b'inline bool operator<(const value_t lhs, cons...'"
json,../repos/json/single_include/nlohmann/json.hpp,"(5101, 10)-(5103, 52)","b'auto operator()(const BasicJsonType& j, T&& v...'"
json,../repos/json/single_include/nlohmann/json.hpp,"(5217, 28)-(5217, 67)",b'& operator=(iteration_proxy_value const&)'
json,../repos/json/single_include/nlohmann/json.hpp,"(5222, 28)-(5224, 69)",b'& operator=(iteration_proxy_value&&)\n    noex...'
json,../repos/json/single_include/nlohmann/json.hpp,"(5228, 34)-(5228, 51)",b'& operator*() const'
json,../repos/json/single_include/nlohmann/json.hpp,"(5234, 28)-(5234, 40)",b'& operator++()'
json,../repos/json/single_include/nlohmann/json.hpp,"(5242, 27)-(5242, 43)",b'iteration_proxy_value operator++(int)& // NOL...'
json,../repos/json/single_include/nlohmann/json.hpp,"(5251, 10)-(5251, 58)",b'bool operator==(const iteration_proxy_value& ...'
json,../repos/json/single_include/nlohmann/json.hpp,"(5257, 10)-(5257, 58)",b'bool operator!=(const iteration_proxy_value& ...'
json,../repos/json/single_include/nlohmann/json.hpp,"(5320, 22)-(5320, 55)",b'& operator=(iteration_proxy const&)'
json,../repos/json/single_include/nlohmann/json.hpp,"(5322, 22)-(5322, 59)",b'& operator=(iteration_proxy&&) noexcept'
json,../repos/json/single_include/nlohmann/json.hpp,"(5803, 10)-(5804, 58)","b'auto operator()(BasicJsonType& j, T&& val) co...'"
json,../repos/json/single_include/nlohmann/json.hpp,"(5932, 10)-(5932, 66)",b'bool operator!=(const byte_container_with_sub...'
json,../repos/json/single_include/nlohmann/json.hpp,"(6203, 25)-(6203, 61)",b'& operator=(const file_input_adapter&)'
json,../repos/json/single_include/nlohmann/json.hpp,"(6204, 25)-(6204, 56)",b'& operator=(file_input_adapter&&)'
json,../repos/json/single_include/nlohmann/json.hpp,"(6247, 27)-(6247, 59)",b'& operator=(input_stream_adapter&)'
json,../repos/json/single_include/nlohmann/json.hpp,"(6248, 27)-(6248, 60)",b'& operator=(input_stream_adapter&&)'
json,../repos/json/single_include/nlohmann/json.hpp,"(6821, 26)-(6821, 63)",b'& operator=(const json_sax_dom_parser&)'
json,../repos/json/single_include/nlohmann/json.hpp,"(6822, 26)-(6822, 58)",b'& operator=(json_sax_dom_parser&&)'
json,../repos/json/single_include/nlohmann/json.hpp,"(7005, 35)-(7005, 81)",b'& operator=(const json_sax_dom_callback_parser&)'
json,../repos/json/single_include/nlohmann/json.hpp,"(7006, 35)-(7006, 76)",b'& operator=(json_sax_dom_callback_parser&&)'
json,../repos/json/single_include/nlohmann/json.hpp,"(7505, 12)-(7505, 29)",b'& operator=(lexer&)'
json,../repos/json/single_include/nlohmann/json.hpp,"(7506, 12)-(7506, 30)",b'& operator=(lexer&&)'
json,../repos/json/single_include/nlohmann/json.hpp,"(9237, 20)-(9237, 51)",b'& operator=(const binary_reader&)'
json,../repos/json/single_include/nlohmann/json.hpp,"(9238, 20)-(9238, 46)",b'& operator=(binary_reader&&)'
json,../repos/json/single_include/nlohmann/json.hpp,"(12774, 27)-(12774, 98)",b'constexpr bool operator==(primitive_iterator_...'
json,../repos/json/single_include/nlohmann/json.hpp,"(12779, 27)-(12779, 97)",b'constexpr bool operator<(primitive_iterator_t...'
json,../repos/json/single_include/nlohmann/json.hpp,"(12784, 26)-(12784, 63)",b'primitive_iterator_t operator+(difference_typ...'
json,../repos/json/single_include/nlohmann/json.hpp,"(12791, 38)-(12791, 108)",b'constexpr difference_type operator-(primitive...'
json,../repos/json/single_include/nlohmann/json.hpp,"(12796, 27)-(12796, 48)",b'& operator++() noexcept'
json,../repos/json/single_include/nlohmann/json.hpp,"(12802, 26)-(12802, 51)",b'primitive_iterator_t operator++(int)& noexcep...'
json,../repos/json/single_include/nlohmann/json.hpp,"(12809, 27)-(12809, 48)",b'& operator--() noexcept'
json,../repos/json/single_include/nlohmann/json.hpp,"(12815, 26)-(12815, 51)",b'primitive_iterator_t operator--(int)& noexcep...'
json,../repos/json/single_include/nlohmann/json.hpp,"(12822, 27)-(12822, 65)",b'& operator+=(difference_type n) noexcept'
json,../repos/json/single_include/nlohmann/json.hpp,"(12828, 27)-(12828, 65)",b'& operator-=(difference_type n) noexcept'
json,../repos/json/single_include/nlohmann/json.hpp,"(12961, 16)-(12961, 47)",b'& operator=(iter_impl&&) noexcept'
json,../repos/json/single_include/nlohmann/json.hpp,"(13029, 16)-(13029, 79)",b'& operator=(const iter_impl<const BasicJsonTy...'
json,../repos/json/single_include/nlohmann/json.hpp,"(13054, 16)-(13054, 107)",b'& operator=(const iter_impl<typename std::rem...'
json,../repos/json/single_include/nlohmann/json.hpp,"(13193, 13)-(13193, 31)",b'pointer operator->() const\n    {\n        JSON...'
json,../repos/json/single_include/nlohmann/json.hpp,"(13235, 15)-(13235, 31)",b'iter_impl operator++(int)& // NOLINT(cert-dcl...'
json,../repos/json/single_include/nlohmann/json.hpp,"(13246, 16)-(13246, 28)",b'& operator++()'
json,../repos/json/single_include/nlohmann/json.hpp,"(13286, 15)-(13286, 31)",b'iter_impl operator--(int)& // NOLINT(cert-dcl...'
json,../repos/json/single_include/nlohmann/json.hpp,"(13297, 16)-(13297, 28)",b'& operator--()'
json,../repos/json/single_include/nlohmann/json.hpp,"(13338, 10)-(13338, 49)",b'bool operator==(const IterImpl& other) const\n...'
json,../repos/json/single_include/nlohmann/json.hpp,"(13374, 10)-(13374, 49)",b'bool operator!=(const IterImpl& other) const\n...'
json,../repos/json/single_include/nlohmann/json.hpp,"(13383, 10)-(13383, 49)",b'bool operator<(const iter_impl& other) const\n...'
json,../repos/json/single_include/nlohmann/json.hpp,"(13418, 10)-(13418, 50)",b'bool operator<=(const iter_impl& other) const...'
json,../repos/json/single_include/nlohmann/json.hpp,"(13427, 10)-(13427, 49)",b'bool operator>(const iter_impl& other) const\n...'
json,../repos/json/single_include/nlohmann/json.hpp,"(13436, 10)-(13436, 50)",b'bool operator>=(const iter_impl& other) const...'
json,../repos/json/single_include/nlohmann/json.hpp,"(13445, 16)-(13445, 45)",b'& operator+=(difference_type i)'
json,../repos/json/single_include/nlohmann/json.hpp,"(13482, 16)-(13482, 45)",b'& operator-=(difference_type i)'
json,../repos/json/single_include/nlohmann/json.hpp,"(13491, 15)-(13491, 49)",b'iter_impl operator+(difference_type i) const\n...'
json,../repos/json/single_include/nlohmann/json.hpp,"(13502, 22)-(13502, 71)","b'friend iter_impl operator+(difference_type i,...'"
json,../repos/json/single_include/nlohmann/json.hpp,"(13513, 15)-(13513, 49)",b'iter_impl operator-(difference_type i) const\n...'
json,../repos/json/single_include/nlohmann/json.hpp,"(13524, 21)-(13524, 60)",b'difference_type operator-(const iter_impl& ot...'
json,../repos/json/single_include/nlohmann/json.hpp,"(13553, 15)-(13553, 50)",b'reference operator[](difference_type n) const...'
json,../repos/json/single_include/nlohmann/json.hpp,"(13686, 27)-(13686, 43)",b'json_reverse_iterator operator++(int)& // NOL...'
json,../repos/json/single_include/nlohmann/json.hpp,"(13692, 28)-(13692, 40)",b'& operator++()'
json,../repos/json/single_include/nlohmann/json.hpp,"(13698, 27)-(13698, 43)",b'json_reverse_iterator operator--(int)& // NOL...'
json,../repos/json/single_include/nlohmann/json.hpp,"(13704, 28)-(13704, 40)",b'& operator--()'
json,../repos/json/single_include/nlohmann/json.hpp,"(13710, 28)-(13710, 57)",b'& operator+=(difference_type i)'
json,../repos/json/single_include/nlohmann/json.hpp,"(13716, 27)-(13716, 61)",b'json_reverse_iterator operator+(difference_ty...'
json,../repos/json/single_include/nlohmann/json.hpp,"(13722, 27)-(13722, 61)",b'json_reverse_iterator operator-(difference_ty...'
json,../repos/json/single_include/nlohmann/json.hpp,"(13728, 21)-(13728, 72)",b'difference_type operator-(const json_reverse_...'
json,../repos/json/single_include/nlohmann/json.hpp,"(13734, 15)-(13734, 50)",b'reference operator[](difference_type n) const...'
json,../repos/json/single_include/nlohmann/json.hpp,"(13895, 26)-(13895, 78)","b'& operator<<(std::ostream& o, const json_poin...'"
json,../repos/json/single_include/nlohmann/json.hpp,"(13904, 19)-(13904, 54)",b'& operator/=(const json_pointer& ptr)'
json,../repos/json/single_include/nlohmann/json.hpp,"(13914, 19)-(13914, 45)",b'& operator/=(string_t token)'
json,../repos/json/single_include/nlohmann/json.hpp,"(13922, 19)-(13922, 52)",b'& operator/=(std::size_t array_idx)'
json,../repos/json/single_include/nlohmann/json.hpp,"(14660, 10)-(14660, 78)",b'bool operator==(const json_pointer<RefStringT...'
json,../repos/json/single_include/nlohmann/json.hpp,"(14668, 10)-(14668, 47)",b'bool operator==(const string_t& rhs) const\n  ...'
json,../repos/json/single_include/nlohmann/json.hpp,"(14675, 26)-(14675, 95)",b'std::strong_ordering operator<=>(const json_p...'
json,../repos/json/single_include/nlohmann/json.hpp,"(14684, 17)-(14685, 79)",b'bool operator==(const json_pointer<RefStringT...'
json,../repos/json/single_include/nlohmann/json.hpp,"(14691, 17)-(14692, 50)",b'bool operator==(const json_pointer<RefStringT...'
json,../repos/json/single_include/nlohmann/json.hpp,"(14698, 17)-(14699, 70)","b'bool operator==(const StringType& lhs,\n      ...'"
json,../repos/json/single_include/nlohmann/json.hpp,"(14705, 17)-(14706, 79)",b'bool operator!=(const json_pointer<RefStringT...'
json,../repos/json/single_include/nlohmann/json.hpp,"(14712, 17)-(14713, 50)",b'bool operator!=(const json_pointer<RefStringT...'
json,../repos/json/single_include/nlohmann/json.hpp,"(14719, 17)-(14720, 70)","b'bool operator!=(const StringType& lhs,\n      ...'"
json,../repos/json/single_include/nlohmann/json.hpp,"(14725, 17)-(14726, 78)",b'bool operator<(const json_pointer<RefStringTy...'
json,../repos/json/single_include/nlohmann/json.hpp,"(14737, 13)-(14738, 75)",b'inline bool operator==(const json_pointer<Ref...'
json,../repos/json/single_include/nlohmann/json.hpp,"(14745, 36)-(14745, 74)","b'(3.11.2, operator==(json_pointer, json_pointer))'"
json,../repos/json/single_include/nlohmann/json.hpp,"(14746, 13)-(14747, 46)",b'inline bool operator==(const json_pointer<Ref...'
json,../repos/json/single_include/nlohmann/json.hpp,"(14754, 36)-(14754, 74)","b'(3.11.2, operator==(json_pointer, json_pointer))'"
json,../repos/json/single_include/nlohmann/json.hpp,"(14755, 13)-(14756, 66)","b'inline bool operator==(const StringType& lhs,...'"
json,../repos/json/single_include/nlohmann/json.hpp,"(14762, 13)-(14763, 75)",b'inline bool operator!=(const json_pointer<Ref...'
json,../repos/json/single_include/nlohmann/json.hpp,"(14770, 36)-(14770, 74)","b'(3.11.2, operator!=(json_pointer, json_pointer))'"
json,../repos/json/single_include/nlohmann/json.hpp,"(14771, 13)-(14772, 46)",b'inline bool operator!=(const json_pointer<Ref...'
json,../repos/json/single_include/nlohmann/json.hpp,"(14779, 36)-(14779, 74)","b'(3.11.2, operator!=(json_pointer, json_pointer))'"
json,../repos/json/single_include/nlohmann/json.hpp,"(14780, 13)-(14781, 66)","b'inline bool operator!=(const StringType& lhs,...'"
json,../repos/json/single_include/nlohmann/json.hpp,"(14787, 13)-(14788, 74)",b'inline bool operator<(const json_pointer<RefS...'
json,../repos/json/single_include/nlohmann/json.hpp,"(14847, 15)-(14847, 41)",b'& operator=(const json_ref&)'
json,../repos/json/single_include/nlohmann/json.hpp,"(14848, 15)-(14848, 36)",b'& operator=(json_ref&&)'
json,../repos/json/single_include/nlohmann/json.hpp,"(14860, 23)-(14860, 40)",b'& operator*() const'
json,../repos/json/single_include/nlohmann/json.hpp,"(14865, 23)-(14865, 41)",b'* operator->() const'
json,../repos/json/single_include/nlohmann/json.hpp,"(14954, 30)-(14954, 71)",b'& operator=(const output_adapter_protocol&)'
json,../repos/json/single_include/nlohmann/json.hpp,"(14955, 30)-(14955, 75)",b'& operator=(output_adapter_protocol&&) noexcept'
json,../repos/json/single_include/nlohmann/json.hpp,"(18089, 17)-(18089, 45)",b'& operator=(const serializer&)'
json,../repos/json/single_include/nlohmann/json.hpp,"(18091, 17)-(18091, 40)",b'& operator=(serializer&&)'
json,../repos/json/single_include/nlohmann/json.hpp,"(19087, 8)-(19087, 39)",b'& operator[](const key_type& key)'
json,../repos/json/single_include/nlohmann/json.hpp,"(19094, 9)-(19094, 35)",b'& operator[](KeyType && key)'
json,../repos/json/single_include/nlohmann/json.hpp,"(19099, 14)-(19099, 51)",b'& operator[](const key_type& key) const'
json,../repos/json/single_include/nlohmann/json.hpp,"(19106, 15)-(19106, 47)",b'& operator[](KeyType && key) const'
json,../repos/json/single_include/nlohmann/json.hpp,"(20534, 17)-(20540, 6)",b'& operator=(basic_json other) noexcept (\n    ...'
json,../repos/json/single_include/nlohmann/json.hpp,"(21363, 15)-(21363, 40)",b'reference operator[](size_type idx)\n    {\n   ...'
json,../repos/json/single_include/nlohmann/json.hpp,"(21409, 21)-(21409, 52)",b'const_reference operator[](size_type idx) con...'
json,../repos/json/single_include/nlohmann/json.hpp,"(21422, 15)-(21422, 58)",b'reference operator[](typename object_t::key_t...'
json,../repos/json/single_include/nlohmann/json.hpp,"(21444, 21)-(21444, 77)",b'const_reference operator[](const typename obj...'
json,../repos/json/single_include/nlohmann/json.hpp,"(21460, 15)-(21460, 33)",b'reference operator[](T* key)\n    {\n        re...'
json,../repos/json/single_include/nlohmann/json.hpp,"(21466, 21)-(21466, 45)",b'const_reference operator[](T* key) const\n    ...'
json,../repos/json/single_include/nlohmann/json.hpp,"(21475, 15)-(21475, 41)",b'reference operator[](KeyType && key)\n    {\n  ...'
json,../repos/json/single_include/nlohmann/json.hpp,"(21499, 21)-(21499, 53)",b'const_reference operator[](KeyType && key) co...'
json,../repos/json/single_include/nlohmann/json.hpp,"(22416, 15)-(22416, 43)",b'reference operator+=(basic_json&& val)\n    {\n...'
json,../repos/json/single_include/nlohmann/json.hpp,"(22448, 15)-(22448, 48)",b'reference operator+=(const basic_json& val)\n ...'
json,../repos/json/single_include/nlohmann/json.hpp,"(22479, 15)-(22479, 67)",b'reference operator+=(const typename object_t:...'
json,../repos/json/single_include/nlohmann/json.hpp,"(22503, 15)-(22503, 50)",b'reference operator+=(initializer_list_t init)...'
json,../repos/json/single_include/nlohmann/json.hpp,"(22985, 10)-(22985, 56)",b'bool operator==(const_reference rhs) const no...'
json,../repos/json/single_include/nlohmann/json.hpp,"(23002, 10)-(23002, 51)",b'bool operator==(ScalarType rhs) const noexcep...'
json,../repos/json/single_include/nlohmann/json.hpp,"(23009, 10)-(23009, 56)",b'bool operator!=(const_reference rhs) const no...'
json,../repos/json/single_include/nlohmann/json.hpp,"(23020, 27)-(23020, 74)",b'std::partial_ordering operator<=>(const_refer...'
json,../repos/json/single_include/nlohmann/json.hpp,"(23035, 27)-(23035, 69)",b'std::partial_ordering operator<=>(ScalarType ...'
json,../repos/json/single_include/nlohmann/json.hpp,"(23047, 10)-(23047, 56)",b'bool operator<=(const_reference rhs) const no...'
json,../repos/json/single_include/nlohmann/json.hpp,"(23060, 10)-(23060, 51)",b'bool operator<=(ScalarType rhs) const noexcep...'
json,../repos/json/single_include/nlohmann/json.hpp,"(23068, 10)-(23068, 56)",b'bool operator>=(const_reference rhs) const no...'
json,../repos/json/single_include/nlohmann/json.hpp,"(23081, 10)-(23081, 51)",b'bool operator>=(ScalarType rhs) const noexcep...'
json,../repos/json/single_include/nlohmann/json.hpp,"(23089, 17)-(23089, 78)","b'friend bool operator==(const_reference lhs, c...'"
json,../repos/json/single_include/nlohmann/json.hpp,"(23105, 17)-(23105, 73)","b'bool operator==(const_reference lhs, ScalarTy...'"
json,../repos/json/single_include/nlohmann/json.hpp,"(23114, 17)-(23114, 73)","b'bool operator==(ScalarType lhs, const_referen...'"
json,../repos/json/single_include/nlohmann/json.hpp,"(23121, 17)-(23121, 78)","b'friend bool operator!=(const_reference lhs, c...'"
json,../repos/json/single_include/nlohmann/json.hpp,"(23134, 17)-(23134, 73)","b'bool operator!=(const_reference lhs, ScalarTy...'"
json,../repos/json/single_include/nlohmann/json.hpp,"(23143, 17)-(23143, 73)","b'bool operator!=(ScalarType lhs, const_referen...'"
json,../repos/json/single_include/nlohmann/json.hpp,"(23150, 17)-(23150, 77)","b'operator<(const_reference lhs, const_referenc...'"
json,../repos/json/single_include/nlohmann/json.hpp,"(23162, 17)-(23162, 72)","b'bool operator<(const_reference lhs, ScalarTyp...'"
json,../repos/json/single_include/nlohmann/json.hpp,"(23171, 17)-(23171, 72)","b'bool operator<(ScalarType lhs, const_referenc...'"
json,../repos/json/single_include/nlohmann/json.hpp,"(23178, 17)-(23178, 78)","b'friend bool operator<=(const_reference lhs, c...'"
json,../repos/json/single_include/nlohmann/json.hpp,"(23191, 17)-(23191, 73)","b'bool operator<=(const_reference lhs, ScalarTy...'"
json,../repos/json/single_include/nlohmann/json.hpp,"(23200, 17)-(23200, 73)","b'bool operator<=(ScalarType lhs, const_referen...'"
json,../repos/json/single_include/nlohmann/json.hpp,"(23207, 17)-(23207, 77)","b'friend bool operator>(const_reference lhs, co...'"
json,../repos/json/single_include/nlohmann/json.hpp,"(23221, 17)-(23221, 72)","b'bool operator>(const_reference lhs, ScalarTyp...'"
json,../repos/json/single_include/nlohmann/json.hpp,"(23230, 17)-(23230, 72)","b'bool operator>(ScalarType lhs, const_referenc...'"
json,../repos/json/single_include/nlohmann/json.hpp,"(23237, 17)-(23237, 78)","b'friend bool operator>=(const_reference lhs, c...'"
json,../repos/json/single_include/nlohmann/json.hpp,"(23250, 17)-(23250, 73)","b'bool operator>=(const_reference lhs, ScalarTy...'"
json,../repos/json/single_include/nlohmann/json.hpp,"(23259, 17)-(23259, 73)","b'bool operator>=(ScalarType lhs, const_referen...'"
json,../repos/json/single_include/nlohmann/json.hpp,"(23278, 26)-(23278, 74)","b'& operator<<(std::ostream& o, const basic_json& j)'"
json,../repos/json/single_include/nlohmann/json.hpp,"(23514, 15)-(23514, 41)",b'& operator=(data&&) noexcept'
json,../repos/json/single_include/nlohmann/json.hpp,"(23921, 15)-(23921, 50)",b'reference operator[](const json_pointer& ptr)...'
json,../repos/json/single_include/nlohmann/json.hpp,"(23928, 15)-(23928, 77)",b'reference operator[](const ::nlohmann::json_p...'
json,../repos/json/single_include/nlohmann/json.hpp,"(23935, 21)-(23935, 62)",b'const_reference operator[](const json_pointer...'
json,../repos/json/single_include/nlohmann/json.hpp,"(23942, 21)-(23942, 89)",b'const_reference operator[](const ::nlohmann::...'
json,../repos/json/single_include/nlohmann/json.hpp,"(24441, 21)-(24441, 41)",b'operator[](it.key()).'
json,../repos/json/single_include/nlohmann/json.hpp,"(24471, 27)-(24471, 73)","b'inline nlohmann::json operator """"_json(const ...'"
json,../repos/json/single_include/nlohmann/json.hpp,"(24473, 27)-(24473, 74)","b'inline nlohmann::json operator """" _json(const...'"
json,../repos/json/single_include/nlohmann/json.hpp,"(24483, 41)-(24483, 95)",b'inline nlohmann::json::json_pointer operator ...'
json,../repos/json/single_include/nlohmann/json.hpp,"(24485, 41)-(24485, 96)",b'inline nlohmann::json::json_pointer operator ...'
json,../repos/json/single_include/nlohmann/json.hpp,"(24507, 17)-(24507, 77)",b'std::size_t operator()(const nlohmann::NLOHMA...'
json,../repos/json/single_include/nlohmann/json.hpp,"(24521, 10)-(24522, 68)",b'bool operator()(::nlohmann::detail::value_t l...'
json,../repos/json/include/nlohmann/byte_container_with_subtype.hpp,"(63, 10)-(63, 66)",b'bool operator!=(const byte_container_with_sub...'
json,../repos/json/include/nlohmann/detail/value_t.hpp,"(81, 34)-(81, 92)",b'inline std::partial_ordering operator<=>(cons...'
json,../repos/json/include/nlohmann/detail/value_t.hpp,"(83, 17)-(83, 73)","b'inline bool operator<(const value_t lhs, cons...'"
json,../repos/json/include/nlohmann/detail/value_t.hpp,"(111, 13)-(111, 69)","b'inline bool operator<(const value_t lhs, cons...'"
json,../repos/json/include/nlohmann/detail/json_pointer.hpp,"(89, 26)-(89, 78)","b'& operator<<(std::ostream& o, const json_poin...'"
json,../repos/json/include/nlohmann/detail/json_pointer.hpp,"(98, 19)-(98, 54)",b'& operator/=(const json_pointer& ptr)'
json,../repos/json/include/nlohmann/detail/json_pointer.hpp,"(108, 19)-(108, 45)",b'& operator/=(string_t token)'
json,../repos/json/include/nlohmann/detail/json_pointer.hpp,"(116, 19)-(116, 52)",b'& operator/=(std::size_t array_idx)'
json,../repos/json/include/nlohmann/detail/json_pointer.hpp,"(854, 10)-(854, 78)",b'bool operator==(const json_pointer<RefStringT...'
json,../repos/json/include/nlohmann/detail/json_pointer.hpp,"(862, 10)-(862, 47)",b'bool operator==(const string_t& rhs) const\n  ...'
json,../repos/json/include/nlohmann/detail/json_pointer.hpp,"(869, 26)-(869, 95)",b'std::strong_ordering operator<=>(const json_p...'
json,../repos/json/include/nlohmann/detail/json_pointer.hpp,"(878, 17)-(879, 79)",b'bool operator==(const json_pointer<RefStringT...'
json,../repos/json/include/nlohmann/detail/json_pointer.hpp,"(885, 17)-(886, 50)",b'bool operator==(const json_pointer<RefStringT...'
json,../repos/json/include/nlohmann/detail/json_pointer.hpp,"(892, 17)-(893, 70)","b'bool operator==(const StringType& lhs,\n      ...'"
json,../repos/json/include/nlohmann/detail/json_pointer.hpp,"(899, 17)-(900, 79)",b'bool operator!=(const json_pointer<RefStringT...'
json,../repos/json/include/nlohmann/detail/json_pointer.hpp,"(906, 17)-(907, 50)",b'bool operator!=(const json_pointer<RefStringT...'
json,../repos/json/include/nlohmann/detail/json_pointer.hpp,"(913, 17)-(914, 70)","b'bool operator!=(const StringType& lhs,\n      ...'"
json,../repos/json/include/nlohmann/detail/json_pointer.hpp,"(919, 17)-(920, 78)",b'bool operator<(const json_pointer<RefStringTy...'
json,../repos/json/include/nlohmann/detail/json_pointer.hpp,"(931, 13)-(932, 75)",b'inline bool operator==(const json_pointer<Ref...'
json,../repos/json/include/nlohmann/detail/json_pointer.hpp,"(939, 36)-(939, 74)","b'(3.11.2, operator==(json_pointer, json_pointer))'"
json,../repos/json/include/nlohmann/detail/json_pointer.hpp,"(940, 13)-(941, 46)",b'inline bool operator==(const json_pointer<Ref...'
json,../repos/json/include/nlohmann/detail/json_pointer.hpp,"(948, 36)-(948, 74)","b'(3.11.2, operator==(json_pointer, json_pointer))'"
json,../repos/json/include/nlohmann/detail/json_pointer.hpp,"(949, 13)-(950, 66)","b'inline bool operator==(const StringType& lhs,...'"
json,../repos/json/include/nlohmann/detail/json_pointer.hpp,"(956, 13)-(957, 75)",b'inline bool operator!=(const json_pointer<Ref...'
json,../repos/json/include/nlohmann/detail/json_pointer.hpp,"(964, 36)-(964, 74)","b'(3.11.2, operator!=(json_pointer, json_pointer))'"
json,../repos/json/include/nlohmann/detail/json_pointer.hpp,"(965, 13)-(966, 46)",b'inline bool operator!=(const json_pointer<Ref...'
json,../repos/json/include/nlohmann/detail/json_pointer.hpp,"(973, 36)-(973, 74)","b'(3.11.2, operator!=(json_pointer, json_pointer))'"
json,../repos/json/include/nlohmann/detail/json_pointer.hpp,"(974, 13)-(975, 66)","b'inline bool operator!=(const StringType& lhs,...'"
json,../repos/json/include/nlohmann/detail/json_pointer.hpp,"(981, 13)-(982, 74)",b'inline bool operator<(const json_pointer<RefS...'
json,../repos/json/include/nlohmann/detail/conversions/to_json.hpp,"(426, 10)-(427, 58)","b'auto operator()(BasicJsonType& j, T&& val) co...'"
json,../repos/json/include/nlohmann/detail/conversions/from_json.hpp,"(474, 10)-(476, 52)","b'auto operator()(const BasicJsonType& j, T&& v...'"
json,../repos/json/include/nlohmann/detail/json_ref.hpp,"(49, 15)-(49, 41)",b'& operator=(const json_ref&)'
json,../repos/json/include/nlohmann/detail/json_ref.hpp,"(50, 15)-(50, 36)",b'& operator=(json_ref&&)'
json,../repos/json/include/nlohmann/detail/json_ref.hpp,"(62, 23)-(62, 40)",b'& operator*() const'
json,../repos/json/include/nlohmann/detail/json_ref.hpp,"(67, 23)-(67, 41)",b'* operator->() const'
json,../repos/json/include/nlohmann/detail/meta/detected.hpp,"(26, 10)-(26, 36)",b'void operator=(nonesuch const&) = delete;'
json,../repos/json/include/nlohmann/detail/meta/detected.hpp,"(27, 10)-(27, 31)",b'void operator=(nonesuch&&) = delete;'
json,../repos/json/include/nlohmann/detail/output/serializer.hpp,"(80, 17)-(80, 45)",b'& operator=(const serializer&)'
json,../repos/json/include/nlohmann/detail/output/serializer.hpp,"(82, 17)-(82, 40)",b'& operator=(serializer&&)'
json,../repos/json/include/nlohmann/detail/output/output_adapters.hpp,"(39, 30)-(39, 71)",b'& operator=(const output_adapter_protocol&)'
json,../repos/json/include/nlohmann/detail/output/output_adapters.hpp,"(40, 30)-(40, 75)",b'& operator=(output_adapter_protocol&&) noexcept'
json,../repos/json/include/nlohmann/detail/iterators/json_reverse_iterator.hpp,"(61, 27)-(61, 43)",b'json_reverse_iterator operator++(int)& // NOL...'
json,../repos/json/include/nlohmann/detail/iterators/json_reverse_iterator.hpp,"(67, 28)-(67, 40)",b'& operator++()'
json,../repos/json/include/nlohmann/detail/iterators/json_reverse_iterator.hpp,"(73, 27)-(73, 43)",b'json_reverse_iterator operator--(int)& // NOL...'
json,../repos/json/include/nlohmann/detail/iterators/json_reverse_iterator.hpp,"(79, 28)-(79, 40)",b'& operator--()'
json,../repos/json/include/nlohmann/detail/iterators/json_reverse_iterator.hpp,"(85, 28)-(85, 57)",b'& operator+=(difference_type i)'
json,../repos/json/include/nlohmann/detail/iterators/json_reverse_iterator.hpp,"(91, 27)-(91, 61)",b'json_reverse_iterator operator+(difference_ty...'
json,../repos/json/include/nlohmann/detail/iterators/json_reverse_iterator.hpp,"(97, 27)-(97, 61)",b'json_reverse_iterator operator-(difference_ty...'
json,../repos/json/include/nlohmann/detail/iterators/json_reverse_iterator.hpp,"(103, 21)-(103, 72)",b'difference_type operator-(const json_reverse_...'
json,../repos/json/include/nlohmann/detail/iterators/json_reverse_iterator.hpp,"(109, 15)-(109, 50)",b'reference operator[](difference_type n) const...'
json,../repos/json/include/nlohmann/detail/iterators/primitive_iterator.hpp,"(70, 27)-(70, 98)",b'constexpr bool operator==(primitive_iterator_...'
json,../repos/json/include/nlohmann/detail/iterators/primitive_iterator.hpp,"(75, 27)-(75, 97)",b'constexpr bool operator<(primitive_iterator_t...'
json,../repos/json/include/nlohmann/detail/iterators/primitive_iterator.hpp,"(80, 26)-(80, 63)",b'primitive_iterator_t operator+(difference_typ...'
json,../repos/json/include/nlohmann/detail/iterators/primitive_iterator.hpp,"(87, 38)-(87, 108)",b'constexpr difference_type operator-(primitive...'
json,../repos/json/include/nlohmann/detail/iterators/primitive_iterator.hpp,"(92, 27)-(92, 48)",b'& operator++() noexcept'
json,../repos/json/include/nlohmann/detail/iterators/primitive_iterator.hpp,"(98, 26)-(98, 51)",b'primitive_iterator_t operator++(int)& noexcep...'
json,../repos/json/include/nlohmann/detail/iterators/primitive_iterator.hpp,"(105, 27)-(105, 48)",b'& operator--() noexcept'
json,../repos/json/include/nlohmann/detail/iterators/primitive_iterator.hpp,"(111, 26)-(111, 51)",b'primitive_iterator_t operator--(int)& noexcep...'
json,../repos/json/include/nlohmann/detail/iterators/primitive_iterator.hpp,"(118, 27)-(118, 65)",b'& operator+=(difference_type n) noexcept'
json,../repos/json/include/nlohmann/detail/iterators/primitive_iterator.hpp,"(124, 27)-(124, 65)",b'& operator-=(difference_type n) noexcept'
json,../repos/json/include/nlohmann/detail/iterators/iteration_proxy.hpp,"(68, 28)-(68, 67)",b'& operator=(iteration_proxy_value const&)'
json,../repos/json/include/nlohmann/detail/iterators/iteration_proxy.hpp,"(73, 28)-(75, 69)",b'& operator=(iteration_proxy_value&&)\n    noex...'
json,../repos/json/include/nlohmann/detail/iterators/iteration_proxy.hpp,"(79, 34)-(79, 51)",b'& operator*() const'
json,../repos/json/include/nlohmann/detail/iterators/iteration_proxy.hpp,"(85, 28)-(85, 40)",b'& operator++()'
json,../repos/json/include/nlohmann/detail/iterators/iteration_proxy.hpp,"(93, 27)-(93, 43)",b'iteration_proxy_value operator++(int)& // NOL...'
json,../repos/json/include/nlohmann/detail/iterators/iteration_proxy.hpp,"(102, 10)-(102, 58)",b'bool operator==(const iteration_proxy_value& ...'
json,../repos/json/include/nlohmann/detail/iterators/iteration_proxy.hpp,"(108, 10)-(108, 58)",b'bool operator!=(const iteration_proxy_value& ...'
json,../repos/json/include/nlohmann/detail/iterators/iteration_proxy.hpp,"(171, 22)-(171, 55)",b'& operator=(iteration_proxy const&)'
json,../repos/json/include/nlohmann/detail/iterators/iteration_proxy.hpp,"(173, 22)-(173, 59)",b'& operator=(iteration_proxy&&) noexcept'
json,../repos/json/include/nlohmann/detail/iterators/iter_impl.hpp,"(92, 16)-(92, 47)",b'& operator=(iter_impl&&) noexcept'
json,../repos/json/include/nlohmann/detail/iterators/iter_impl.hpp,"(160, 16)-(160, 79)",b'& operator=(const iter_impl<const BasicJsonTy...'
json,../repos/json/include/nlohmann/detail/iterators/iter_impl.hpp,"(185, 16)-(185, 107)",b'& operator=(const iter_impl<typename std::rem...'
json,../repos/json/include/nlohmann/detail/iterators/iter_impl.hpp,"(324, 13)-(324, 31)",b'pointer operator->() const\n    {\n        JSON...'
json,../repos/json/include/nlohmann/detail/iterators/iter_impl.hpp,"(366, 15)-(366, 31)",b'iter_impl operator++(int)& // NOLINT(cert-dcl...'
json,../repos/json/include/nlohmann/detail/iterators/iter_impl.hpp,"(377, 16)-(377, 28)",b'& operator++()'
json,../repos/json/include/nlohmann/detail/iterators/iter_impl.hpp,"(417, 15)-(417, 31)",b'iter_impl operator--(int)& // NOLINT(cert-dcl...'
json,../repos/json/include/nlohmann/detail/iterators/iter_impl.hpp,"(428, 16)-(428, 28)",b'& operator--()'
json,../repos/json/include/nlohmann/detail/iterators/iter_impl.hpp,"(469, 10)-(469, 49)",b'bool operator==(const IterImpl& other) const\n...'
json,../repos/json/include/nlohmann/detail/iterators/iter_impl.hpp,"(505, 10)-(505, 49)",b'bool operator!=(const IterImpl& other) const\n...'
json,../repos/json/include/nlohmann/detail/iterators/iter_impl.hpp,"(514, 10)-(514, 49)",b'bool operator<(const iter_impl& other) const\n...'
json,../repos/json/include/nlohmann/detail/iterators/iter_impl.hpp,"(549, 10)-(549, 50)",b'bool operator<=(const iter_impl& other) const...'
json,../repos/json/include/nlohmann/detail/iterators/iter_impl.hpp,"(558, 10)-(558, 49)",b'bool operator>(const iter_impl& other) const\n...'
json,../repos/json/include/nlohmann/detail/iterators/iter_impl.hpp,"(567, 10)-(567, 50)",b'bool operator>=(const iter_impl& other) const...'
json,../repos/json/include/nlohmann/detail/iterators/iter_impl.hpp,"(576, 16)-(576, 45)",b'& operator+=(difference_type i)'
json,../repos/json/include/nlohmann/detail/iterators/iter_impl.hpp,"(613, 16)-(613, 45)",b'& operator-=(difference_type i)'
json,../repos/json/include/nlohmann/detail/iterators/iter_impl.hpp,"(622, 15)-(622, 49)",b'iter_impl operator+(difference_type i) const\n...'
json,../repos/json/include/nlohmann/detail/iterators/iter_impl.hpp,"(633, 22)-(633, 71)","b'friend iter_impl operator+(difference_type i,...'"
json,../repos/json/include/nlohmann/detail/iterators/iter_impl.hpp,"(644, 15)-(644, 49)",b'iter_impl operator-(difference_type i) const\n...'
json,../repos/json/include/nlohmann/detail/iterators/iter_impl.hpp,"(655, 21)-(655, 60)",b'difference_type operator-(const iter_impl& ot...'
json,../repos/json/include/nlohmann/detail/iterators/iter_impl.hpp,"(684, 15)-(684, 50)",b'reference operator[](difference_type n) const...'
json,../repos/json/include/nlohmann/detail/input/lexer.hpp,"(133, 12)-(133, 29)",b'& operator=(lexer&)'
json,../repos/json/include/nlohmann/detail/input/lexer.hpp,"(134, 12)-(134, 30)",b'& operator=(lexer&&)'
json,../repos/json/include/nlohmann/detail/input/binary_reader.hpp,"(91, 20)-(91, 51)",b'& operator=(const binary_reader&)'
json,../repos/json/include/nlohmann/detail/input/binary_reader.hpp,"(92, 20)-(92, 46)",b'& operator=(binary_reader&&)'
json,../repos/json/include/nlohmann/detail/input/json_sax.hpp,"(182, 26)-(182, 63)",b'& operator=(const json_sax_dom_parser&)'
json,../repos/json/include/nlohmann/detail/input/json_sax.hpp,"(183, 26)-(183, 58)",b'& operator=(json_sax_dom_parser&&)'
json,../repos/json/include/nlohmann/detail/input/json_sax.hpp,"(366, 35)-(366, 81)",b'& operator=(const json_sax_dom_callback_parser&)'
json,../repos/json/include/nlohmann/detail/input/json_sax.hpp,"(367, 35)-(367, 76)",b'& operator=(json_sax_dom_callback_parser&&)'
json,../repos/json/include/nlohmann/detail/input/input_adapters.hpp,"(61, 25)-(61, 61)",b'& operator=(const file_input_adapter&)'
json,../repos/json/include/nlohmann/detail/input/input_adapters.hpp,"(62, 25)-(62, 56)",b'& operator=(file_input_adapter&&)'
json,../repos/json/include/nlohmann/detail/input/input_adapters.hpp,"(105, 27)-(105, 59)",b'& operator=(input_stream_adapter&)'
json,../repos/json/include/nlohmann/detail/input/input_adapters.hpp,"(106, 27)-(106, 60)",b'& operator=(input_stream_adapter&&)'
json,../repos/json/include/nlohmann/ordered_map.hpp,"(82, 8)-(82, 39)",b'& operator[](const key_type& key)'
json,../repos/json/include/nlohmann/ordered_map.hpp,"(89, 9)-(89, 35)",b'& operator[](KeyType && key)'
json,../repos/json/include/nlohmann/ordered_map.hpp,"(94, 14)-(94, 51)",b'& operator[](const key_type& key) const'
json,../repos/json/include/nlohmann/ordered_map.hpp,"(101, 15)-(101, 47)",b'& operator[](KeyType && key) const'
json,../repos/json/include/nlohmann/json.hpp,"(1231, 17)-(1237, 6)",b'& operator=(basic_json other) noexcept (\n    ...'
json,../repos/json/include/nlohmann/json.hpp,"(2060, 15)-(2060, 40)",b'reference operator[](size_type idx)\n    {\n   ...'
json,../repos/json/include/nlohmann/json.hpp,"(2106, 21)-(2106, 52)",b'const_reference operator[](size_type idx) con...'
json,../repos/json/include/nlohmann/json.hpp,"(2119, 15)-(2119, 58)",b'reference operator[](typename object_t::key_t...'
json,../repos/json/include/nlohmann/json.hpp,"(2141, 21)-(2141, 77)",b'const_reference operator[](const typename obj...'
json,../repos/json/include/nlohmann/json.hpp,"(2157, 15)-(2157, 33)",b'reference operator[](T* key)\n    {\n        re...'
json,../repos/json/include/nlohmann/json.hpp,"(2163, 21)-(2163, 45)",b'const_reference operator[](T* key) const\n    ...'
json,../repos/json/include/nlohmann/json.hpp,"(2172, 15)-(2172, 41)",b'reference operator[](KeyType && key)\n    {\n  ...'
json,../repos/json/include/nlohmann/json.hpp,"(2196, 21)-(2196, 53)",b'const_reference operator[](KeyType && key) co...'
json,../repos/json/include/nlohmann/json.hpp,"(3113, 15)-(3113, 43)",b'reference operator+=(basic_json&& val)\n    {\n...'
json,../repos/json/include/nlohmann/json.hpp,"(3145, 15)-(3145, 48)",b'reference operator+=(const basic_json& val)\n ...'
json,../repos/json/include/nlohmann/json.hpp,"(3176, 15)-(3176, 67)",b'reference operator+=(const typename object_t:...'
json,../repos/json/include/nlohmann/json.hpp,"(3200, 15)-(3200, 50)",b'reference operator+=(initializer_list_t init)...'
json,../repos/json/include/nlohmann/json.hpp,"(3682, 10)-(3682, 56)",b'bool operator==(const_reference rhs) const no...'
json,../repos/json/include/nlohmann/json.hpp,"(3699, 10)-(3699, 51)",b'bool operator==(ScalarType rhs) const noexcep...'
json,../repos/json/include/nlohmann/json.hpp,"(3706, 10)-(3706, 56)",b'bool operator!=(const_reference rhs) const no...'
json,../repos/json/include/nlohmann/json.hpp,"(3717, 27)-(3717, 74)",b'std::partial_ordering operator<=>(const_refer...'
json,../repos/json/include/nlohmann/json.hpp,"(3732, 27)-(3732, 69)",b'std::partial_ordering operator<=>(ScalarType ...'
json,../repos/json/include/nlohmann/json.hpp,"(3744, 10)-(3744, 56)",b'bool operator<=(const_reference rhs) const no...'
json,../repos/json/include/nlohmann/json.hpp,"(3757, 10)-(3757, 51)",b'bool operator<=(ScalarType rhs) const noexcep...'
json,../repos/json/include/nlohmann/json.hpp,"(3765, 10)-(3765, 56)",b'bool operator>=(const_reference rhs) const no...'
json,../repos/json/include/nlohmann/json.hpp,"(3778, 10)-(3778, 51)",b'bool operator>=(ScalarType rhs) const noexcep...'
json,../repos/json/include/nlohmann/json.hpp,"(3786, 17)-(3786, 78)","b'friend bool operator==(const_reference lhs, c...'"
json,../repos/json/include/nlohmann/json.hpp,"(3802, 17)-(3802, 73)","b'bool operator==(const_reference lhs, ScalarTy...'"
json,../repos/json/include/nlohmann/json.hpp,"(3811, 17)-(3811, 73)","b'bool operator==(ScalarType lhs, const_referen...'"
json,../repos/json/include/nlohmann/json.hpp,"(3818, 17)-(3818, 78)","b'friend bool operator!=(const_reference lhs, c...'"
json,../repos/json/include/nlohmann/json.hpp,"(3831, 17)-(3831, 73)","b'bool operator!=(const_reference lhs, ScalarTy...'"
json,../repos/json/include/nlohmann/json.hpp,"(3840, 17)-(3840, 73)","b'bool operator!=(ScalarType lhs, const_referen...'"
json,../repos/json/include/nlohmann/json.hpp,"(3847, 17)-(3847, 77)","b'operator<(const_reference lhs, const_referenc...'"
json,../repos/json/include/nlohmann/json.hpp,"(3859, 17)-(3859, 72)","b'bool operator<(const_reference lhs, ScalarTyp...'"
json,../repos/json/include/nlohmann/json.hpp,"(3868, 17)-(3868, 72)","b'bool operator<(ScalarType lhs, const_referenc...'"
json,../repos/json/include/nlohmann/json.hpp,"(3875, 17)-(3875, 78)","b'friend bool operator<=(const_reference lhs, c...'"
json,../repos/json/include/nlohmann/json.hpp,"(3888, 17)-(3888, 73)","b'bool operator<=(const_reference lhs, ScalarTy...'"
json,../repos/json/include/nlohmann/json.hpp,"(3897, 17)-(3897, 73)","b'bool operator<=(ScalarType lhs, const_referen...'"
json,../repos/json/include/nlohmann/json.hpp,"(3904, 17)-(3904, 77)","b'friend bool operator>(const_reference lhs, co...'"
json,../repos/json/include/nlohmann/json.hpp,"(3918, 17)-(3918, 72)","b'bool operator>(const_reference lhs, ScalarTyp...'"
json,../repos/json/include/nlohmann/json.hpp,"(3927, 17)-(3927, 72)","b'bool operator>(ScalarType lhs, const_referenc...'"
json,../repos/json/include/nlohmann/json.hpp,"(3934, 17)-(3934, 78)","b'friend bool operator>=(const_reference lhs, c...'"
json,../repos/json/include/nlohmann/json.hpp,"(3947, 17)-(3947, 73)","b'bool operator>=(const_reference lhs, ScalarTy...'"
json,../repos/json/include/nlohmann/json.hpp,"(3956, 17)-(3956, 73)","b'bool operator>=(ScalarType lhs, const_referen...'"
json,../repos/json/include/nlohmann/json.hpp,"(3975, 26)-(3975, 74)","b'& operator<<(std::ostream& o, const basic_json& j)'"
json,../repos/json/include/nlohmann/json.hpp,"(4211, 15)-(4211, 41)",b'& operator=(data&&) noexcept'
json,../repos/json/include/nlohmann/json.hpp,"(4618, 15)-(4618, 50)",b'reference operator[](const json_pointer& ptr)...'
json,../repos/json/include/nlohmann/json.hpp,"(4625, 15)-(4625, 77)",b'reference operator[](const ::nlohmann::json_p...'
json,../repos/json/include/nlohmann/json.hpp,"(4632, 21)-(4632, 62)",b'const_reference operator[](const json_pointer...'
json,../repos/json/include/nlohmann/json.hpp,"(4639, 21)-(4639, 89)",b'const_reference operator[](const ::nlohmann::...'
json,../repos/json/include/nlohmann/json.hpp,"(5138, 21)-(5138, 41)",b'operator[](it.key()).'
json,../repos/json/include/nlohmann/json.hpp,"(5168, 27)-(5168, 73)","b'inline nlohmann::json operator """"_json(const ...'"
json,../repos/json/include/nlohmann/json.hpp,"(5170, 27)-(5170, 74)","b'inline nlohmann::json operator """" _json(const...'"
json,../repos/json/include/nlohmann/json.hpp,"(5180, 41)-(5180, 95)",b'inline nlohmann::json::json_pointer operator ...'
json,../repos/json/include/nlohmann/json.hpp,"(5182, 41)-(5182, 96)",b'inline nlohmann::json::json_pointer operator ...'
json,../repos/json/include/nlohmann/json.hpp,"(5204, 17)-(5204, 77)",b'std::size_t operator()(const nlohmann::NLOHMA...'
json,../repos/json/include/nlohmann/json.hpp,"(5218, 10)-(5219, 68)",b'bool operator()(::nlohmann::detail::value_t l...'
json,../repos/json/tests/src/unit-udt.cpp,"(139, 13)-(139, 41)","b'static bool operator==(age lhs, age rhs)\n{\n  ...'"
json,../repos/json/tests/src/unit-udt.cpp,"(144, 13)-(144, 63)","b'static bool operator==(const address& lhs, co...'"
json,../repos/json/tests/src/unit-udt.cpp,"(149, 13)-(149, 57)","b'static bool operator==(const name& lhs, const...'"
json,../repos/json/tests/src/unit-udt.cpp,"(154, 13)-(154, 61)","b'static bool operator==(const person& lhs, con...'"
json,../repos/json/tests/src/unit-udt.cpp,"(159, 13)-(159, 63)","b'static bool operator==(const contact& lhs, co...'"
json,../repos/json/tests/src/unit-udt.cpp,"(165, 13)-(165, 73)",b'static bool operator==(const contact_book& lh...'
json,../repos/json/tests/src/unit-udt.cpp,"(636, 13)-(636, 62)","b'static bool operator==(small_pod lhs, small_p...'"
json,../repos/json/tests/src/unit-udt.cpp,"(642, 13)-(642, 74)","b'static bool operator==(const  non_pod& lhs, c...'"
json,../repos/json/tests/src/unit-udt.cpp,"(647, 22)-(647, 63)","b'& operator<<(std::ostream& os, small_pod l)'"
json,../repos/json/tests/src/unit-udt_macro.cpp,"(26, 10)-(26, 63)",b'bool operator==(const person_with_private_dat...'
json,../repos/json/tests/src/unit-udt_macro.cpp,"(49, 10)-(49, 65)",b'bool operator==(const person_with_private_dat...'
json,../repos/json/tests/src/unit-udt_macro.cpp,"(84, 10)-(84, 68)",b'bool operator==(const person_without_private_...'
json,../repos/json/tests/src/unit-udt_macro.cpp,"(106, 10)-(106, 68)",b'bool operator==(const person_without_private_...'
json,../repos/json/tests/src/unit-udt_macro.cpp,"(128, 10)-(128, 68)",b'bool operator==(const person_without_private_...'
json,../repos/json/tests/src/unit-udt_macro.cpp,"(159, 10)-(159, 69)",b'bool operator==(const person_with_private_alp...'
json,../repos/json/tests/src/unit-udt_macro.cpp,"(222, 10)-(222, 68)",b'bool operator==(const person_with_public_alph...'
json,../repos/json/tests/src/unit-udt_macro.cpp,"(288, 10)-(288, 77)",b'bool operator==(const person_without_default_...'
json,../repos/json/tests/src/unit-udt_macro.cpp,"(307, 10)-(307, 77)",b'bool operator==(const person_without_default_...'
json,../repos/json/tests/src/unit-regression2.cpp,"(63, 13)-(63, 111)",b'inline bool operator==(NonDefaultFromJsonStru...'
json,../repos/json/tests/src/unit-regression2.cpp,"(104, 6)-(104, 50)","b'bool operator==(Data const& lhs, Data const& rhs);'"
json,../repos/json/tests/src/unit-regression2.cpp,"(105, 6)-(105, 50)","b'bool operator==(Data const& lhs, Data const& ...'"
json,../repos/json/tests/src/unit-convenience.cpp,"(52, 22)-(52, 46)",b'& operator+=(const char c)'
json,../repos/json/tests/src/unit-convenience.cpp,"(88, 22)-(88, 46)",b'& operator+=(const char c)'
json,../repos/json/tests/src/unit-deserialization.cpp,"(187, 21)-(187, 33)",b'& operator++()'
json,../repos/json/tests/src/unit-deserialization.cpp,"(193, 21)-(193, 33)",b'& operator--()'
json,../repos/json/tests/src/unit-deserialization.cpp,"(199, 10)-(199, 53)",b'bool operator==(const proxy_iterator& rhs) co...'
json,../repos/json/tests/src/unit-deserialization.cpp,"(204, 10)-(204, 53)",b'bool operator!=(const proxy_iterator& rhs) co...'
json,../repos/json/tests/src/unit-deserialization.cpp,"(209, 15)-(209, 32)",b'reference operator*() const\n    {\n        ret...'
json,../repos/json/tests/src/unit-user_defined_input.cpp,"(94, 21)-(94, 33)",b'& operator++()'
json,../repos/json/tests/src/unit-user_defined_input.cpp,"(100, 19)-(100, 36)",b'reference operator*() const\n        {\n       ...'
json,../repos/json/tests/src/unit-user_defined_input.cpp,"(105, 14)-(105, 53)",b'bool operator!=(const MyIterator& rhs) const\n...'
json,../repos/json/tests/src/unit-alt-string.cpp,"(19, 6)-(19, 64)","b'bool operator<(const char* op1, const alt_str...'"
json,../repos/json/tests/src/unit-alt-string.cpp,"(51, 10)-(51, 45)",b'bool operator==(const op_type& op) const\n    ...'
json,../repos/json/tests/src/unit-alt-string.cpp,"(56, 10)-(56, 48)",b'bool operator==(const alt_string& op) const\n ...'
json,../repos/json/tests/src/unit-alt-string.cpp,"(62, 10)-(62, 45)",b'bool operator!=(const op_type& op) const\n    ...'
json,../repos/json/tests/src/unit-alt-string.cpp,"(67, 10)-(67, 48)",b'bool operator!=(const alt_string& op) const\n ...'
json,../repos/json/tests/src/unit-alt-string.cpp,"(88, 10)-(88, 53)",b'bool operator<(const op_type& op) const noexc...'
json,../repos/json/tests/src/unit-alt-string.cpp,"(93, 10)-(93, 56)",b'bool operator<(const alt_string& op) const no...'
json,../repos/json/tests/src/unit-alt-string.cpp,"(103, 11)-(103, 40)",b'& operator[](std::size_t index)'
json,../repos/json/tests/src/unit-alt-string.cpp,"(108, 17)-(108, 52)",b'& operator[](std::size_t index) const'
json,../repos/json/tests/src/unit-alt-string.cpp,"(163, 17)-(163, 83)","b'bool operator<(const char* /*op1*/, const alt...'"
json,../repos/json/tests/src/unit-alt-string.cpp,"(182, 6)-(182, 64)","b'bool operator<(const char* op1, const alt_str...'"
json,../repos/json/tests/src/unit-regression1.cpp,"(101, 13)-(101, 37)",b'& operator=(const nocopy&)'
json,../repos/json/tests/src/unit-regression1.cpp,"(102, 13)-(102, 32)",b'& operator=(nocopy&&)'
json,../repos/json/tests/abi/include/nlohmann/json_v3_10_5.hpp,"(156, 13)-(156, 69)","b'inline bool operator<(const value_t lhs, cons...'"
json,../repos/json/tests/abi/include/nlohmann/json_v3_10_5.hpp,"(2258, 10)-(2258, 36)",b'void operator=(nonesuch const&) = delete;'
json,../repos/json/tests/abi/include/nlohmann/json_v3_10_5.hpp,"(2259, 10)-(2259, 31)",b'void operator=(nonesuch&&) = delete;'
json,../repos/json/tests/abi/include/nlohmann/json_v3_10_5.hpp,"(4269, 10)-(4271, 52)","b'auto operator()(const BasicJsonType& j, T&& v...'"
json,../repos/json/tests/abi/include/nlohmann/json_v3_10_5.hpp,"(4354, 28)-(4354, 39)",b'& operator*()'
json,../repos/json/tests/abi/include/nlohmann/json_v3_10_5.hpp,"(4360, 28)-(4360, 40)",b'& operator++()'
json,../repos/json/tests/abi/include/nlohmann/json_v3_10_5.hpp,"(4369, 10)-(4369, 58)",b'bool operator==(const iteration_proxy_value& ...'
json,../repos/json/tests/abi/include/nlohmann/json_v3_10_5.hpp,"(4375, 10)-(4375, 58)",b'bool operator!=(const iteration_proxy_value& ...'
json,../repos/json/tests/abi/include/nlohmann/json_v3_10_5.hpp,"(4898, 10)-(4899, 58)","b'auto operator()(BasicJsonType& j, T&& val) co...'"
json,../repos/json/tests/abi/include/nlohmann/json_v3_10_5.hpp,"(5007, 10)-(5007, 66)",b'bool operator==(const byte_container_with_sub...'
json,../repos/json/tests/abi/include/nlohmann/json_v3_10_5.hpp,"(5013, 10)-(5013, 66)",b'bool operator!=(const byte_container_with_sub...'
json,../repos/json/tests/abi/include/nlohmann/json_v3_10_5.hpp,"(5257, 25)-(5257, 61)",b'& operator=(const file_input_adapter&)'
json,../repos/json/tests/abi/include/nlohmann/json_v3_10_5.hpp,"(5258, 25)-(5258, 56)",b'& operator=(file_input_adapter&&)'
json,../repos/json/tests/abi/include/nlohmann/json_v3_10_5.hpp,"(5302, 27)-(5302, 59)",b'& operator=(input_stream_adapter&)'
json,../repos/json/tests/abi/include/nlohmann/json_v3_10_5.hpp,"(5303, 27)-(5303, 60)",b'& operator=(input_stream_adapter&&)'
json,../repos/json/tests/abi/include/nlohmann/json_v3_10_5.hpp,"(5826, 15)-(5826, 41)",b'& operator=(const json_sax&)'
json,../repos/json/tests/abi/include/nlohmann/json_v3_10_5.hpp,"(5827, 15)-(5827, 45)",b'& operator=(json_sax&&) noexcept'
json,../repos/json/tests/abi/include/nlohmann/json_v3_10_5.hpp,"(5869, 26)-(5869, 63)",b'& operator=(const json_sax_dom_parser&)'
json,../repos/json/tests/abi/include/nlohmann/json_v3_10_5.hpp,"(5870, 26)-(5870, 58)",b'& operator=(json_sax_dom_parser&&)'
json,../repos/json/tests/abi/include/nlohmann/json_v3_10_5.hpp,"(6044, 35)-(6044, 81)",b'& operator=(const json_sax_dom_callback_parser&)'
json,../repos/json/tests/abi/include/nlohmann/json_v3_10_5.hpp,"(6045, 35)-(6045, 76)",b'& operator=(json_sax_dom_callback_parser&&)'
json,../repos/json/tests/abi/include/nlohmann/json_v3_10_5.hpp,"(6534, 12)-(6534, 29)",b'& operator=(lexer&)'
json,../repos/json/tests/abi/include/nlohmann/json_v3_10_5.hpp,"(6535, 12)-(6535, 30)",b'& operator=(lexer&&)'
json,../repos/json/tests/abi/include/nlohmann/json_v3_10_5.hpp,"(8254, 20)-(8254, 51)",b'& operator=(const binary_reader&)'
json,../repos/json/tests/abi/include/nlohmann/json_v3_10_5.hpp,"(8255, 20)-(8255, 46)",b'& operator=(binary_reader&&)'
json,../repos/json/tests/abi/include/nlohmann/json_v3_10_5.hpp,"(11274, 27)-(11274, 98)",b'constexpr bool operator==(primitive_iterator_...'
json,../repos/json/tests/abi/include/nlohmann/json_v3_10_5.hpp,"(11279, 27)-(11279, 97)",b'constexpr bool operator<(primitive_iterator_t...'
json,../repos/json/tests/abi/include/nlohmann/json_v3_10_5.hpp,"(11284, 26)-(11284, 63)",b'primitive_iterator_t operator+(difference_typ...'
json,../repos/json/tests/abi/include/nlohmann/json_v3_10_5.hpp,"(11291, 38)-(11291, 108)",b'constexpr difference_type operator-(primitive...'
json,../repos/json/tests/abi/include/nlohmann/json_v3_10_5.hpp,"(11296, 27)-(11296, 48)",b'& operator++() noexcept'
json,../repos/json/tests/abi/include/nlohmann/json_v3_10_5.hpp,"(11302, 32)-(11302, 56)",b'primitive_iterator_t const operator++(int) no...'
json,../repos/json/tests/abi/include/nlohmann/json_v3_10_5.hpp,"(11309, 27)-(11309, 48)",b'& operator--() noexcept'
json,../repos/json/tests/abi/include/nlohmann/json_v3_10_5.hpp,"(11315, 32)-(11315, 56)",b'primitive_iterator_t const operator--(int) no...'
json,../repos/json/tests/abi/include/nlohmann/json_v3_10_5.hpp,"(11322, 27)-(11322, 65)",b'& operator+=(difference_type n) noexcept'
json,../repos/json/tests/abi/include/nlohmann/json_v3_10_5.hpp,"(11328, 27)-(11328, 65)",b'& operator-=(difference_type n) noexcept'
json,../repos/json/tests/abi/include/nlohmann/json_v3_10_5.hpp,"(11448, 16)-(11448, 47)",b'& operator=(iter_impl&&) noexcept'
json,../repos/json/tests/abi/include/nlohmann/json_v3_10_5.hpp,"(11516, 16)-(11516, 79)",b'& operator=(const iter_impl<const BasicJsonTy...'
json,../repos/json/tests/abi/include/nlohmann/json_v3_10_5.hpp,"(11541, 16)-(11541, 107)",b'& operator=(const iter_impl<typename std::rem...'
json,../repos/json/tests/abi/include/nlohmann/json_v3_10_5.hpp,"(11680, 13)-(11680, 31)",b'pointer operator->() const\n    {\n        JSON...'
json,../repos/json/tests/abi/include/nlohmann/json_v3_10_5.hpp,"(11722, 21)-(11722, 36)",b'iter_impl const operator++(int) // NOLINT(rea...'
json,../repos/json/tests/abi/include/nlohmann/json_v3_10_5.hpp,"(11733, 16)-(11733, 28)",b'& operator++()'
json,../repos/json/tests/abi/include/nlohmann/json_v3_10_5.hpp,"(11773, 21)-(11773, 36)",b'iter_impl const operator--(int) // NOLINT(rea...'
json,../repos/json/tests/abi/include/nlohmann/json_v3_10_5.hpp,"(11784, 16)-(11784, 28)",b'& operator--()'
json,../repos/json/tests/abi/include/nlohmann/json_v3_10_5.hpp,"(11825, 10)-(11825, 49)",b'bool operator==(const IterImpl& other) const\n...'
json,../repos/json/tests/abi/include/nlohmann/json_v3_10_5.hpp,"(11861, 10)-(11861, 49)",b'bool operator!=(const IterImpl& other) const\n...'
json,../repos/json/tests/abi/include/nlohmann/json_v3_10_5.hpp,"(11870, 10)-(11870, 49)",b'bool operator<(const iter_impl& other) const\n...'
json,../repos/json/tests/abi/include/nlohmann/json_v3_10_5.hpp,"(11905, 10)-(11905, 50)",b'bool operator<=(const iter_impl& other) const...'
json,../repos/json/tests/abi/include/nlohmann/json_v3_10_5.hpp,"(11914, 10)-(11914, 49)",b'bool operator>(const iter_impl& other) const\n...'
json,../repos/json/tests/abi/include/nlohmann/json_v3_10_5.hpp,"(11923, 10)-(11923, 50)",b'bool operator>=(const iter_impl& other) const...'
json,../repos/json/tests/abi/include/nlohmann/json_v3_10_5.hpp,"(11932, 16)-(11932, 45)",b'& operator+=(difference_type i)'
json,../repos/json/tests/abi/include/nlohmann/json_v3_10_5.hpp,"(11969, 16)-(11969, 45)",b'& operator-=(difference_type i)'
json,../repos/json/tests/abi/include/nlohmann/json_v3_10_5.hpp,"(11978, 15)-(11978, 49)",b'iter_impl operator+(difference_type i) const\n...'
json,../repos/json/tests/abi/include/nlohmann/json_v3_10_5.hpp,"(11989, 22)-(11989, 71)","b'friend iter_impl operator+(difference_type i,...'"
json,../repos/json/tests/abi/include/nlohmann/json_v3_10_5.hpp,"(12000, 15)-(12000, 49)",b'iter_impl operator-(difference_type i) const\n...'
json,../repos/json/tests/abi/include/nlohmann/json_v3_10_5.hpp,"(12011, 21)-(12011, 60)",b'difference_type operator-(const iter_impl& ot...'
json,../repos/json/tests/abi/include/nlohmann/json_v3_10_5.hpp,"(12040, 15)-(12040, 50)",b'reference operator[](difference_type n) const...'
json,../repos/json/tests/abi/include/nlohmann/json_v3_10_5.hpp,"(12161, 33)-(12161, 48)",b'json_reverse_iterator const operator++(int) /...'
json,../repos/json/tests/abi/include/nlohmann/json_v3_10_5.hpp,"(12167, 28)-(12167, 40)",b'& operator++()'
json,../repos/json/tests/abi/include/nlohmann/json_v3_10_5.hpp,"(12173, 33)-(12173, 48)",b'json_reverse_iterator const operator--(int) /...'
json,../repos/json/tests/abi/include/nlohmann/json_v3_10_5.hpp,"(12179, 28)-(12179, 40)",b'& operator--()'
json,../repos/json/tests/abi/include/nlohmann/json_v3_10_5.hpp,"(12185, 28)-(12185, 57)",b'& operator+=(difference_type i)'
json,../repos/json/tests/abi/include/nlohmann/json_v3_10_5.hpp,"(12191, 27)-(12191, 61)",b'json_reverse_iterator operator+(difference_ty...'
json,../repos/json/tests/abi/include/nlohmann/json_v3_10_5.hpp,"(12197, 27)-(12197, 61)",b'json_reverse_iterator operator-(difference_ty...'
json,../repos/json/tests/abi/include/nlohmann/json_v3_10_5.hpp,"(12203, 21)-(12203, 72)",b'difference_type operator-(const json_reverse_...'
json,../repos/json/tests/abi/include/nlohmann/json_v3_10_5.hpp,"(12209, 15)-(12209, 50)",b'reference operator[](difference_type n) const...'
json,../repos/json/tests/abi/include/nlohmann/json_v3_10_5.hpp,"(12293, 19)-(12293, 54)",b'& operator/=(const json_pointer& ptr)'
json,../repos/json/tests/abi/include/nlohmann/json_v3_10_5.hpp,"(12303, 19)-(12303, 48)",b'& operator/=(std::string token)'
json,../repos/json/tests/abi/include/nlohmann/json_v3_10_5.hpp,"(12311, 19)-(12311, 52)",b'& operator/=(std::size_t array_idx)'
json,../repos/json/tests/abi/include/nlohmann/json_v3_10_5.hpp,"(12318, 25)-(12319, 59)",b'json_pointer operator/(const json_pointer& lh...'
json,../repos/json/tests/abi/include/nlohmann/json_v3_10_5.hpp,"(12326, 25)-(12326, 78)",b'json_pointer operator/(const json_pointer& lh...'
json,../repos/json/tests/abi/include/nlohmann/json_v3_10_5.hpp,"(12333, 25)-(12333, 82)",b'json_pointer operator/(const json_pointer& lh...'
json,../repos/json/tests/abi/include/nlohmann/json_v3_10_5.hpp,"(13037, 17)-(13038, 61)",b'friend bool operator==(json_pointer const& lh...'
json,../repos/json/tests/abi/include/nlohmann/json_v3_10_5.hpp,"(13054, 17)-(13055, 61)",b'friend bool operator!=(json_pointer const& lh...'
json,../repos/json/tests/abi/include/nlohmann/json_v3_10_5.hpp,"(13106, 15)-(13106, 41)",b'& operator=(const json_ref&)'
json,../repos/json/tests/abi/include/nlohmann/json_v3_10_5.hpp,"(13107, 15)-(13107, 36)",b'& operator=(json_ref&&)'
json,../repos/json/tests/abi/include/nlohmann/json_v3_10_5.hpp,"(13119, 23)-(13119, 40)",b'& operator*() const'
json,../repos/json/tests/abi/include/nlohmann/json_v3_10_5.hpp,"(13124, 23)-(13124, 41)",b'* operator->() const'
json,../repos/json/tests/abi/include/nlohmann/json_v3_10_5.hpp,"(13192, 30)-(13192, 71)",b'& operator=(const output_adapter_protocol&)'
json,../repos/json/tests/abi/include/nlohmann/json_v3_10_5.hpp,"(13193, 30)-(13193, 75)",b'& operator=(output_adapter_protocol&&) noexcept'
json,../repos/json/tests/abi/include/nlohmann/json_v3_10_5.hpp,"(16114, 17)-(16114, 45)",b'& operator=(const serializer&)'
json,../repos/json/tests/abi/include/nlohmann/json_v3_10_5.hpp,"(16116, 17)-(16116, 40)",b'& operator=(serializer&&)'
json,../repos/json/tests/abi/include/nlohmann/json_v3_10_5.hpp,"(17071, 8)-(17071, 34)",b'& operator[](const Key& key)'
json,../repos/json/tests/abi/include/nlohmann/json_v3_10_5.hpp,"(17076, 14)-(17076, 46)",b'& operator[](const Key& key) const'
json,../repos/json/tests/abi/include/nlohmann/json_v3_10_5.hpp,"(18386, 17)-(18391, 6)",b'& operator=(basic_json other) noexcept (\n    ...'
json,../repos/json/tests/abi/include/nlohmann/json_v3_10_5.hpp,"(19241, 15)-(19241, 65)",b'reference operator[](const typename object_t:...'
json,../repos/json/tests/abi/include/nlohmann/json_v3_10_5.hpp,"(19262, 21)-(19262, 77)",b'const_reference operator[](const typename obj...'
json,../repos/json/tests/abi/include/nlohmann/json_v3_10_5.hpp,"(19278, 15)-(19278, 33)",b'(2)\n    reference operator[](T* key)'
json,../repos/json/tests/abi/include/nlohmann/json_v3_10_5.hpp,"(19301, 21)-(19301, 45)",b'(2)\n    const_reference operator[](T* key) const'
json,../repos/json/tests/abi/include/nlohmann/json_v3_10_5.hpp,"(20011, 15)-(20011, 43)",b'reference operator+=(basic_json&& val)\n    {\n...'
json,../repos/json/tests/abi/include/nlohmann/json_v3_10_5.hpp,"(20043, 15)-(20043, 48)",b'reference operator+=(const basic_json& val)\n ...'
json,../repos/json/tests/abi/include/nlohmann/json_v3_10_5.hpp,"(20074, 15)-(20074, 67)",b'reference operator+=(const typename object_t:...'
json,../repos/json/tests/abi/include/nlohmann/json_v3_10_5.hpp,"(20098, 15)-(20098, 50)",b'reference operator+=(initializer_list_t init)...'
json,../repos/json/tests/abi/include/nlohmann/json_v3_10_5.hpp,"(20554, 17)-(20554, 73)","b'bool operator==(const_reference lhs, ScalarTy...'"
json,../repos/json/tests/abi/include/nlohmann/json_v3_10_5.hpp,"(20563, 17)-(20563, 73)","b'bool operator==(ScalarType lhs, const_referen...'"
json,../repos/json/tests/abi/include/nlohmann/json_v3_10_5.hpp,"(20570, 17)-(20570, 78)","b'friend bool operator!=(const_reference lhs, c...'"
json,../repos/json/tests/abi/include/nlohmann/json_v3_10_5.hpp,"(20579, 17)-(20579, 73)","b'bool operator!=(const_reference lhs, ScalarTy...'"
json,../repos/json/tests/abi/include/nlohmann/json_v3_10_5.hpp,"(20588, 17)-(20588, 73)","b'bool operator!=(ScalarType lhs, const_referen...'"
json,../repos/json/tests/abi/include/nlohmann/json_v3_10_5.hpp,"(20595, 17)-(20595, 77)","b'friend bool operator<(const_reference lhs, co...'"
json,../repos/json/tests/abi/include/nlohmann/json_v3_10_5.hpp,"(20673, 17)-(20673, 72)","b'bool operator<(const_reference lhs, ScalarTyp...'"
json,../repos/json/tests/abi/include/nlohmann/json_v3_10_5.hpp,"(20682, 17)-(20682, 72)","b'bool operator<(ScalarType lhs, const_referenc...'"
json,../repos/json/tests/abi/include/nlohmann/json_v3_10_5.hpp,"(20689, 17)-(20689, 78)","b'friend bool operator<=(const_reference lhs, c...'"
json,../repos/json/tests/abi/include/nlohmann/json_v3_10_5.hpp,"(20698, 17)-(20698, 73)","b'bool operator<=(const_reference lhs, ScalarTy...'"
json,../repos/json/tests/abi/include/nlohmann/json_v3_10_5.hpp,"(20707, 17)-(20707, 73)","b'bool operator<=(ScalarType lhs, const_referen...'"
json,../repos/json/tests/abi/include/nlohmann/json_v3_10_5.hpp,"(20714, 17)-(20714, 77)","b'friend bool operator>(const_reference lhs, co...'"
json,../repos/json/tests/abi/include/nlohmann/json_v3_10_5.hpp,"(20723, 17)-(20723, 72)","b'bool operator>(const_reference lhs, ScalarTyp...'"
json,../repos/json/tests/abi/include/nlohmann/json_v3_10_5.hpp,"(20732, 17)-(20732, 72)","b'bool operator>(ScalarType lhs, const_referenc...'"
json,../repos/json/tests/abi/include/nlohmann/json_v3_10_5.hpp,"(20739, 17)-(20739, 78)","b'friend bool operator>=(const_reference lhs, c...'"
json,../repos/json/tests/abi/include/nlohmann/json_v3_10_5.hpp,"(20748, 17)-(20748, 73)","b'bool operator>=(const_reference lhs, ScalarTy...'"
json,../repos/json/tests/abi/include/nlohmann/json_v3_10_5.hpp,"(20757, 17)-(20757, 73)","b'bool operator>=(ScalarType lhs, const_referen...'"
json,../repos/json/tests/abi/include/nlohmann/json_v3_10_5.hpp,"(20773, 26)-(20773, 74)","b'& operator<<(std::ostream& o, const basic_json& j)'"
json,../repos/json/tests/abi/include/nlohmann/json_v3_10_5.hpp,"(21335, 15)-(21335, 50)",b'reference operator[](const json_pointer& ptr)...'
json,../repos/json/tests/abi/include/nlohmann/json_v3_10_5.hpp,"(21342, 21)-(21342, 62)",b'const_reference operator[](const json_pointer...'
json,../repos/json/tests/abi/include/nlohmann/json_v3_10_5.hpp,"(21822, 21)-(21822, 41)",b'operator[](it.key()).'
json,../repos/json/tests/abi/include/nlohmann/json_v3_10_5.hpp,"(21857, 17)-(21857, 77)",b'std::size_t operator()(const nlohmann::NLOHMA...'
json,../repos/json/tests/abi/include/nlohmann/json_v3_10_5.hpp,"(21871, 10)-(21872, 66)",b'bool operator()(nlohmann::detail::value_t lhs...'
json,../repos/json/tests/abi/include/nlohmann/json_v3_10_5.hpp,"(21898, 23)-(21898, 70)","b'inline nlohmann::json operator """" _json(const...'"
json,../repos/json/tests/abi/include/nlohmann/json_v3_10_5.hpp,"(21906, 37)-(21906, 92)",b'inline nlohmann::json::json_pointer operator ...'
json,../repos/json/tests/thirdparty/fifo_map/fifo_map.hpp,"(57, 10)-(57, 58)","b'bool operator()(const Key& lhs, const Key& rh...'"
json,../repos/json/tests/thirdparty/fifo_map/fifo_map.hpp,"(169, 8)-(169, 34)",b'& operator[](const Key& key)'
json,../repos/json/tests/thirdparty/fifo_map/fifo_map.hpp,"(176, 8)-(176, 29)",b'& operator[](Key&& key)'
json,../repos/json/tests/thirdparty/fifo_map/fifo_map.hpp,"(478, 17)-(478, 69)","b'bool operator==(const fifo_map& lhs, const fi...'"
json,../repos/json/tests/thirdparty/fifo_map/fifo_map.hpp,"(483, 17)-(483, 69)","b'bool operator!=(const fifo_map& lhs, const fi...'"
json,../repos/json/tests/thirdparty/fifo_map/fifo_map.hpp,"(488, 17)-(488, 68)","b'bool operator<(const fifo_map& lhs, const fif...'"
json,../repos/json/tests/thirdparty/fifo_map/fifo_map.hpp,"(493, 17)-(493, 69)","b'bool operator<=(const fifo_map& lhs, const fi...'"
json,../repos/json/tests/thirdparty/fifo_map/fifo_map.hpp,"(498, 17)-(498, 68)","b'bool operator>(const fifo_map& lhs, const fif...'"
json,../repos/json/tests/thirdparty/fifo_map/fifo_map.hpp,"(503, 17)-(503, 69)","b'bool operator>=(const fifo_map& lhs, const fi...'"
json,../repos/json/tests/thirdparty/Fuzzer/FuzzerRandom.h,"(23, 10)-(23, 30)",b'size_t operator()(size_t n) { return n ? Rand...'
json,../repos/json/tests/thirdparty/Fuzzer/FuzzerRandom.h,"(24, 12)-(24, 50)","b'intptr_t operator()(intptr_t From, intptr_t T...'"
json,../repos/json/tests/thirdparty/Fuzzer/FuzzerDictionary.h,"(34, 8)-(34, 54)",b'bool operator==(const FixedWord<kMaxSize> &w)...'
json,../repos/json/tests/thirdparty/Fuzzer/FuzzerDictionary.h,"(38, 8)-(38, 53)",b'bool operator<(const FixedWord<kMaxSize> &w) ...'
json,../repos/json/tests/thirdparty/Fuzzer/FuzzerDictionary.h,"(97, 21)-(97, 44)",b'& operator[] (size_t Idx)'
json,../repos/json/tests/thirdparty/Fuzzer/FuzzerCorpus.h,"(63, 15)-(63, 44)",b'&operator[] (size_t Idx) const'
json,../repos/json/tests/thirdparty/doctest/doctest.h,"(534, 30)-(534, 83)","b'& operator<<(basic_ostream<char, traits>&, co...'"
json,../repos/json/tests/thirdparty/doctest/doctest.h,"(631, 13)-(631, 43)",b'& operator=(const String& other)'
json,../repos/json/tests/thirdparty/doctest/doctest.h,"(633, 13)-(633, 44)",b'& operator+=(const String& other)'
json,../repos/json/tests/thirdparty/doctest/doctest.h,"(636, 13)-(636, 47)",b'& operator=(String&& other) noexcept'
json,../repos/json/tests/thirdparty/doctest/doctest.h,"(638, 11)-(638, 40)",b'char  operator[](size_type i) const;'
json,../repos/json/tests/thirdparty/doctest/doctest.h,"(639, 11)-(639, 34)",b'& operator[](size_type i)'
json,../repos/json/tests/thirdparty/doctest/doctest.h,"(662, 40)-(662, 85)","b'& operator<<(std::ostream& s, const String& in)'"
json,../repos/json/tests/thirdparty/doctest/doctest.h,"(665, 26)-(665, 73)",b'DOCTEST_INTERFACE String operator+(const Stri...'
json,../repos/json/tests/thirdparty/doctest/doctest.h,"(667, 24)-(667, 72)",b'DOCTEST_INTERFACE bool operator==(const Strin...'
json,../repos/json/tests/thirdparty/doctest/doctest.h,"(668, 24)-(668, 72)",b'DOCTEST_INTERFACE bool operator!=(const Strin...'
json,../repos/json/tests/thirdparty/doctest/doctest.h,"(669, 24)-(669, 71)",b'DOCTEST_INTERFACE bool operator<(const String...'
json,../repos/json/tests/thirdparty/doctest/doctest.h,"(670, 24)-(670, 71)",b'DOCTEST_INTERFACE bool operator>(const String...'
json,../repos/json/tests/thirdparty/doctest/doctest.h,"(671, 24)-(671, 72)",b'DOCTEST_INTERFACE bool operator<=(const Strin...'
json,../repos/json/tests/thirdparty/doctest/doctest.h,"(672, 24)-(672, 72)",b'DOCTEST_INTERFACE bool operator>=(const Strin...'
json,../repos/json/tests/thirdparty/doctest/doctest.h,"(685, 24)-(685, 74)",b'DOCTEST_INTERFACE bool operator==(const Strin...'
json,../repos/json/tests/thirdparty/doctest/doctest.h,"(686, 24)-(686, 74)",b'DOCTEST_INTERFACE bool operator==(const Conta...'
json,../repos/json/tests/thirdparty/doctest/doctest.h,"(687, 24)-(687, 74)",b'DOCTEST_INTERFACE bool operator!=(const Strin...'
json,../repos/json/tests/thirdparty/doctest/doctest.h,"(688, 24)-(688, 74)",b'DOCTEST_INTERFACE bool operator!=(const Conta...'
json,../repos/json/tests/thirdparty/doctest/doctest.h,"(710, 37)-(710, 82)","b'& operator<<(std::ostream& s, Color::Enum code)'"
json,../repos/json/tests/thirdparty/doctest/doctest.h,"(879, 10)-(879, 57)",b'bool operator==(const SubcaseSignature& other...'
json,../repos/json/tests/thirdparty/doctest/doctest.h,"(880, 10)-(880, 56)",b'bool operator<(const SubcaseSignature& other)...'
json,../repos/json/tests/thirdparty/doctest/doctest.h,"(1016, 60)-(1016, 77)","b'operator<<(os, t)'"
json,../repos/json/tests/thirdparty/doctest/doctest.h,"(1155, 9)-(1155, 32)","b'operator<<(*stream, in)'"
json,../repos/json/tests/thirdparty/doctest/doctest.h,"(1213, 12)-(1213, 42)",b'Approx operator()(double value) const;'
json,../repos/json/tests/thirdparty/doctest/doctest.h,"(1247, 35)-(1247, 77)",b'DOCTEST_INTERFACE friend bool operator==(doub...'
json,../repos/json/tests/thirdparty/doctest/doctest.h,"(1248, 35)-(1248, 77)",b'DOCTEST_INTERFACE friend bool operator==(cons...'
json,../repos/json/tests/thirdparty/doctest/doctest.h,"(1249, 35)-(1249, 77)",b'DOCTEST_INTERFACE friend bool operator!=(doub...'
json,../repos/json/tests/thirdparty/doctest/doctest.h,"(1250, 35)-(1250, 77)",b'DOCTEST_INTERFACE friend bool operator!=(cons...'
json,../repos/json/tests/thirdparty/doctest/doctest.h,"(1251, 35)-(1251, 77)",b'DOCTEST_INTERFACE friend bool operator<=(doub...'
json,../repos/json/tests/thirdparty/doctest/doctest.h,"(1252, 35)-(1252, 77)",b'DOCTEST_INTERFACE friend bool operator<=(cons...'
json,../repos/json/tests/thirdparty/doctest/doctest.h,"(1253, 35)-(1253, 77)",b'DOCTEST_INTERFACE friend bool operator>=(doub...'
json,../repos/json/tests/thirdparty/doctest/doctest.h,"(1254, 35)-(1254, 77)",b'DOCTEST_INTERFACE friend bool operator>=(cons...'
json,../repos/json/tests/thirdparty/doctest/doctest.h,"(1255, 35)-(1255, 77)",b'DOCTEST_INTERFACE friend bool operator< (doub...'
json,../repos/json/tests/thirdparty/doctest/doctest.h,"(1256, 35)-(1256, 77)",b'DOCTEST_INTERFACE friend bool operator< (cons...'
json,../repos/json/tests/thirdparty/doctest/doctest.h,"(1257, 35)-(1257, 77)",b'DOCTEST_INTERFACE friend bool operator> (doub...'
json,../repos/json/tests/thirdparty/doctest/doctest.h,"(1258, 35)-(1258, 77)",b'DOCTEST_INTERFACE friend bool operator> (cons...'
json,../repos/json/tests/thirdparty/doctest/doctest.h,"(1264, 27)-(1264, 70)",b'DOCTEST_APPROX_PREFIX operator==(const T& lhs...'
json,../repos/json/tests/thirdparty/doctest/doctest.h,"(1265, 27)-(1265, 70)",b'DOCTEST_APPROX_PREFIX operator==(const Approx...'
json,../repos/json/tests/thirdparty/doctest/doctest.h,"(1266, 27)-(1266, 70)",b'DOCTEST_APPROX_PREFIX operator!=(const T& lhs...'
json,../repos/json/tests/thirdparty/doctest/doctest.h,"(1267, 27)-(1267, 70)",b'DOCTEST_APPROX_PREFIX operator!=(const Approx...'
json,../repos/json/tests/thirdparty/doctest/doctest.h,"(1268, 27)-(1268, 70)",b'DOCTEST_APPROX_PREFIX operator<=(const T& lhs...'
json,../repos/json/tests/thirdparty/doctest/doctest.h,"(1269, 27)-(1269, 70)",b'DOCTEST_APPROX_PREFIX operator<=(const Approx...'
json,../repos/json/tests/thirdparty/doctest/doctest.h,"(1270, 27)-(1270, 70)",b'DOCTEST_APPROX_PREFIX operator>=(const T& lhs...'
json,../repos/json/tests/thirdparty/doctest/doctest.h,"(1271, 27)-(1271, 70)",b'DOCTEST_APPROX_PREFIX operator>=(const Approx...'
json,../repos/json/tests/thirdparty/doctest/doctest.h,"(1272, 27)-(1272, 70)",b'DOCTEST_APPROX_PREFIX operator< (const T& lhs...'
json,../repos/json/tests/thirdparty/doctest/doctest.h,"(1273, 27)-(1273, 70)",b'DOCTEST_APPROX_PREFIX operator< (const Approx...'
json,../repos/json/tests/thirdparty/doctest/doctest.h,"(1274, 27)-(1274, 70)",b'DOCTEST_APPROX_PREFIX operator> (const T& lhs...'
json,../repos/json/tests/thirdparty/doctest/doctest.h,"(1275, 27)-(1275, 70)",b'DOCTEST_APPROX_PREFIX operator> (const Approx...'
json,../repos/json/tests/thirdparty/doctest/doctest.h,"(1295, 14)-(1295, 31)","b'IsNaN<F> operator!() const { return { value, ...'"
json,../repos/json/tests/thirdparty/doctest/doctest.h,"(1343, 18)-(1343, 43)",b'& operator=(const Subcase&)'
json,../repos/json/tests/thirdparty/doctest/doctest.h,"(1344, 18)-(1344, 38)",b'& operator=(Subcase&&)'
