Repo name,File name,Location,Content
json,../repos/json/single_include/nlohmann/json.hpp,"(3086, 1)-(3086, 24)",b'using std::enable_if_t;'
json,../repos/json/single_include/nlohmann/json.hpp,"(3087, 1)-(3087, 27)",b'using std::index_sequence;'
json,../repos/json/single_include/nlohmann/json.hpp,"(3088, 1)-(3088, 32)",b'using std::make_index_sequence;'
json,../repos/json/single_include/nlohmann/json.hpp,"(3089, 1)-(3089, 31)",b'using std::index_sequence_for;'
json,../repos/json/single_include/nlohmann/json.hpp,"(4847, 5)-(4847, 20)",b'using std::end;'
json,../repos/json/single_include/nlohmann/json.hpp,"(4868, 5)-(4868, 20)",b'using std::end;'
json,../repos/json/single_include/nlohmann/json.hpp,"(5182, 5)-(5182, 26)",b'using std::to_string;'
json,../repos/json/single_include/nlohmann/json.hpp,"(5556, 9)-(5556, 26)",b'using std::begin;'
json,../repos/json/single_include/nlohmann/json.hpp,"(5557, 9)-(5557, 24)",b'using std::end;'
json,../repos/json/single_include/nlohmann/json.hpp,"(5625, 9)-(5625, 26)",b'using std::begin;'
json,../repos/json/single_include/nlohmann/json.hpp,"(5626, 9)-(5626, 24)",b'using std::end;'
json,../repos/json/single_include/nlohmann/json.hpp,"(6535, 1)-(6535, 18)",b'using std::begin;'
json,../repos/json/single_include/nlohmann/json.hpp,"(6536, 1)-(6536, 16)",b'using std::end;'
json,../repos/json/single_include/nlohmann/json.hpp,"(20545, 9)-(20545, 25)",b'using std::swap;'
json,../repos/json/single_include/nlohmann/json.hpp,"(22799, 13)-(22799, 29)",b'using std::swap;'
json,../repos/json/single_include/nlohmann/json.hpp,"(22815, 13)-(22815, 29)",b'using std::swap;'
json,../repos/json/single_include/nlohmann/json.hpp,"(22831, 13)-(22831, 29)",b'using std::swap;'
json,../repos/json/single_include/nlohmann/json.hpp,"(22847, 13)-(22847, 29)",b'using std::swap;'
json,../repos/json/single_include/nlohmann/json.hpp,"(22863, 13)-(22863, 29)",b'using std::swap;'
json,../repos/json/single_include/nlohmann/json.hpp,"(24551, 9)-(24551, 67)",b'using nlohmann::literals::json_literals::oper...'
json,../repos/json/single_include/nlohmann/json.hpp,"(24552, 9)-(24552, 75)",b'using nlohmann::literals::json_literals::oper...'
json,../repos/json/single_include/nlohmann/json.hpp,"(24554, 9)-(24554, 68)",b'using nlohmann::literals::json_literals::oper...'
json,../repos/json/single_include/nlohmann/json.hpp,"(24555, 9)-(24555, 76)",b'using nlohmann::literals::json_literals::oper...'
json,../repos/json/docs/examples/operator_array__keytype_const.c++17.cpp,"(5, 1)-(5, 43)",b'using namespace std::string_view_literals;'
json,../repos/json/docs/examples/update.cpp,"(6, 1)-(6, 36)",b'using namespace nlohmann::literals;'
json,../repos/json/docs/examples/value__keytype.c++17.cpp,"(5, 1)-(5, 43)",b'using namespace std::string_view_literals;'
json,../repos/json/docs/examples/erase__keytype.c++17.cpp,"(5, 1)-(5, 43)",b'using namespace std::string_view_literals;'
json,../repos/json/docs/examples/other_error.cpp,"(5, 1)-(5, 36)",b'using namespace nlohmann::literals;'
json,../repos/json/docs/examples/at__json_pointer.cpp,"(5, 1)-(5, 36)",b'using namespace nlohmann::literals;'
json,../repos/json/docs/examples/nlohmann_define_type_non_intrusive_with_default_explicit.cpp,"(5, 1)-(5, 36)",b'using namespace nlohmann::literals;'
json,../repos/json/docs/examples/nlohmann_define_type_intrusive_with_default_explicit.cpp,"(5, 1)-(5, 36)",b'using namespace nlohmann::literals;'
json,../repos/json/docs/examples/at__keytype_const.c++17.cpp,"(5, 1)-(5, 43)",b'using namespace std::string_view_literals;'
json,../repos/json/docs/examples/std_hash.cpp,"(6, 1)-(6, 36)",b'using namespace nlohmann::literals;'
json,../repos/json/docs/examples/nlohmann_define_type_non_intrusive_only_serialize_macro.cpp,"(5, 1)-(5, 36)",b'using namespace nlohmann::literals;'
json,../repos/json/docs/examples/to_msgpack.cpp,"(6, 1)-(6, 36)",b'using namespace nlohmann::literals;'
json,../repos/json/docs/examples/operator_array__keytype.c++17.cpp,"(6, 1)-(6, 43)",b'using namespace std::string_view_literals;'
json,../repos/json/docs/examples/to_bson.cpp,"(6, 1)-(6, 36)",b'using namespace nlohmann::literals;'
json,../repos/json/docs/examples/operator_array__json_pointer.cpp,"(5, 1)-(5, 36)",b'using namespace nlohmann::literals;'
json,../repos/json/docs/examples/nlohmann_define_type_non_intrusive_with_default_macro.cpp,"(5, 1)-(5, 36)",b'using namespace nlohmann::literals;'
json,../repos/json/docs/examples/to_bjdata.cpp,"(6, 1)-(6, 36)",b'using namespace nlohmann::literals;'
json,../repos/json/docs/examples/nlohmann_define_type_intrusive_only_serialize_macro.cpp,"(5, 1)-(5, 36)",b'using namespace nlohmann::literals;'
json,../repos/json/docs/examples/diff.cpp,"(6, 1)-(6, 36)",b'using namespace nlohmann::literals;'
json,../repos/json/docs/examples/nlohmann_define_type_non_intrusive_macro.cpp,"(5, 1)-(5, 36)",b'using namespace nlohmann::literals;'
json,../repos/json/docs/examples/update__range.cpp,"(6, 1)-(6, 36)",b'using namespace nlohmann::literals;'
json,../repos/json/docs/examples/contains__keytype.c++17.cpp,"(5, 1)-(5, 43)",b'using namespace std::string_view_literals;'
json,../repos/json/docs/examples/contains__keytype.c++17.cpp,"(7, 1)-(7, 36)",b'using namespace nlohmann::literals;'
json,../repos/json/docs/examples/find__keytype.c++17.cpp,"(5, 1)-(5, 43)",b'using namespace std::string_view_literals;'
json,../repos/json/docs/examples/operator_literal_json_pointer.cpp,"(6, 1)-(6, 36)",b'using namespace nlohmann::literals;'
json,../repos/json/docs/examples/contains__object_t_key_type.cpp,"(5, 1)-(5, 36)",b'using namespace nlohmann::literals;'
json,../repos/json/docs/examples/operator_literal_json.cpp,"(6, 1)-(6, 36)",b'using namespace nlohmann::literals;'
json,../repos/json/docs/examples/at__keytype.c++17.cpp,"(5, 1)-(5, 43)",b'using namespace std::string_view_literals;'
json,../repos/json/docs/examples/at__json_pointer_const.cpp,"(5, 1)-(5, 36)",b'using namespace nlohmann::literals;'
json,../repos/json/docs/examples/to_ubjson.cpp,"(6, 1)-(6, 36)",b'using namespace nlohmann::literals;'
json,../repos/json/docs/examples/operator_array__json_pointer_const.cpp,"(5, 1)-(5, 36)",b'using namespace nlohmann::literals;'
json,../repos/json/docs/examples/nlohmann_define_type_intrusive_explicit.cpp,"(5, 1)-(5, 36)",b'using namespace nlohmann::literals;'
json,../repos/json/docs/examples/nlohmann_define_type_non_intrusive_only_serialize_explicit.cpp,"(5, 1)-(5, 36)",b'using namespace nlohmann::literals;'
json,../repos/json/docs/examples/contains__json_pointer.cpp,"(5, 1)-(5, 36)",b'using namespace nlohmann::literals;'
json,../repos/json/docs/examples/patch_inplace.cpp,"(6, 1)-(6, 36)",b'using namespace nlohmann::literals;'
json,../repos/json/docs/examples/to_string.cpp,"(5, 1)-(5, 22)",b'using std::to_string;'
json,../repos/json/docs/examples/nlohmann_define_type_intrusive_only_serialize_explicit.cpp,"(5, 1)-(5, 36)",b'using namespace nlohmann::literals;'
json,../repos/json/docs/examples/count__keytype.c++17.cpp,"(5, 1)-(5, 43)",b'using namespace std::string_view_literals;'
json,../repos/json/docs/examples/patch.cpp,"(6, 1)-(6, 36)",b'using namespace nlohmann::literals;'
json,../repos/json/docs/examples/nlohmann_define_type_non_intrusive_explicit.cpp,"(5, 1)-(5, 36)",b'using namespace nlohmann::literals;'
json,../repos/json/docs/examples/value__json_ptr.cpp,"(5, 1)-(5, 36)",b'using namespace nlohmann::literals;'
json,../repos/json/docs/examples/nlohmann_define_type_intrusive_with_default_macro.cpp,"(5, 1)-(5, 36)",b'using namespace nlohmann::literals;'
json,../repos/json/docs/examples/merge_patch.cpp,"(6, 1)-(6, 36)",b'using namespace nlohmann::literals;'
json,../repos/json/docs/examples/to_cbor.cpp,"(6, 1)-(6, 36)",b'using namespace nlohmann::literals;'
json,../repos/json/docs/examples/nlohmann_define_type_intrusive_macro.cpp,"(5, 1)-(5, 36)",b'using namespace nlohmann::literals;'
json,../repos/json/include/nlohmann/detail/conversions/to_json.hpp,"(179, 9)-(179, 26)",b'using std::begin;'
json,../repos/json/include/nlohmann/detail/conversions/to_json.hpp,"(180, 9)-(180, 24)",b'using std::end;'
json,../repos/json/include/nlohmann/detail/conversions/to_json.hpp,"(248, 9)-(248, 26)",b'using std::begin;'
json,../repos/json/include/nlohmann/detail/conversions/to_json.hpp,"(249, 9)-(249, 24)",b'using std::end;'
json,../repos/json/include/nlohmann/detail/conversions/from_json.hpp,"(220, 5)-(220, 20)",b'using std::end;'
json,../repos/json/include/nlohmann/detail/conversions/from_json.hpp,"(241, 5)-(241, 20)",b'using std::end;'
json,../repos/json/include/nlohmann/detail/meta/cpp_future.hpp,"(29, 1)-(29, 24)",b'using std::enable_if_t;'
json,../repos/json/include/nlohmann/detail/meta/cpp_future.hpp,"(30, 1)-(30, 27)",b'using std::index_sequence;'
json,../repos/json/include/nlohmann/detail/meta/cpp_future.hpp,"(31, 1)-(31, 32)",b'using std::make_index_sequence;'
json,../repos/json/include/nlohmann/detail/meta/cpp_future.hpp,"(32, 1)-(32, 31)",b'using std::index_sequence_for;'
json,../repos/json/include/nlohmann/detail/iterators/iteration_proxy.hpp,"(33, 5)-(33, 26)",b'using std::to_string;'
json,../repos/json/include/nlohmann/detail/input/input_adapters.hpp,"(393, 1)-(393, 18)",b'using std::begin;'
json,../repos/json/include/nlohmann/detail/input/input_adapters.hpp,"(394, 1)-(394, 16)",b'using std::end;'
json,../repos/json/include/nlohmann/json.hpp,"(1242, 9)-(1242, 25)",b'using std::swap;'
json,../repos/json/include/nlohmann/json.hpp,"(3496, 13)-(3496, 29)",b'using std::swap;'
json,../repos/json/include/nlohmann/json.hpp,"(3512, 13)-(3512, 29)",b'using std::swap;'
json,../repos/json/include/nlohmann/json.hpp,"(3528, 13)-(3528, 29)",b'using std::swap;'
json,../repos/json/include/nlohmann/json.hpp,"(3544, 13)-(3544, 29)",b'using std::swap;'
json,../repos/json/include/nlohmann/json.hpp,"(3560, 13)-(3560, 29)",b'using std::swap;'
json,../repos/json/include/nlohmann/json.hpp,"(5248, 9)-(5248, 67)",b'using nlohmann::literals::json_literals::oper...'
json,../repos/json/include/nlohmann/json.hpp,"(5249, 9)-(5249, 75)",b'using nlohmann::literals::json_literals::oper...'
json,../repos/json/include/nlohmann/json.hpp,"(5251, 9)-(5251, 68)",b'using nlohmann::literals::json_literals::oper...'
json,../repos/json/include/nlohmann/json.hpp,"(5252, 9)-(5252, 76)",b'using nlohmann::literals::json_literals::oper...'
json,../repos/json/tests/src/unit-json_patch.cpp,"(12, 1)-(12, 22)",b'using nlohmann::json;'
json,../repos/json/tests/src/unit-json_patch.cpp,"(14, 5)-(14, 40)",b'using namespace nlohmann::literals;'
json,../repos/json/tests/src/unit-type_traits.cpp,"(21, 9)-(21, 45)",b'using nlohmann::detail::is_c_string;'
json,../repos/json/tests/src/unit-type_traits.cpp,"(22, 9)-(22, 53)",b'using nlohmann::detail::is_c_string_uncvref;'
json,../repos/json/tests/src/unit-algorithms.cpp,"(13, 1)-(13, 22)",b'using nlohmann::json;'
json,../repos/json/tests/src/unit-byte_container_with_subtype.cpp,"(13, 1)-(13, 22)",b'using nlohmann::json;'
json,../repos/json/tests/src/unit-inspection.cpp,"(12, 1)-(12, 22)",b'using nlohmann::json;'
json,../repos/json/tests/src/unit-element_access2.cpp,"(14, 5)-(14, 40)",b'using namespace nlohmann::literals;'
json,../repos/json/tests/src/unit-pointer_access.cpp,"(12, 1)-(12, 22)",b'using nlohmann::json;'
json,../repos/json/tests/src/unit-unicode2.cpp,"(15, 1)-(15, 22)",b'using nlohmann::json;'
json,../repos/json/tests/src/unit-noexcept.cpp,"(17, 1)-(17, 22)",b'using nlohmann::json;'
json,../repos/json/tests/src/unit-constructor2.cpp,"(12, 1)-(12, 22)",b'using nlohmann::json;'
json,../repos/json/tests/src/unit-udt.cpp,"(16, 1)-(16, 22)",b'using nlohmann::json;'
json,../repos/json/tests/src/unit-udt.cpp,"(18, 5)-(18, 40)",b'using namespace nlohmann::literals;'
json,../repos/json/tests/src/unit-udt.cpp,"(556, 9)-(556, 35)",b'using nlohmann::from_json;'
json,../repos/json/tests/src/unit-udt.cpp,"(592, 9)-(592, 33)",b'using nlohmann::to_json;'
json,../repos/json/tests/src/unit-udt.cpp,"(682, 9)-(682, 35)",b'using nlohmann::from_json;'
json,../repos/json/tests/src/unit-udt.cpp,"(688, 9)-(688, 33)",b'using nlohmann::to_json;'
json,../repos/json/tests/src/unit-items.cpp,"(12, 1)-(12, 22)",b'using nlohmann::json;'
json,../repos/json/tests/src/unit-capacity.cpp,"(13, 1)-(13, 22)",b'using nlohmann::json;'
json,../repos/json/tests/src/unit-constructor1.cpp,"(13, 1)-(13, 22)",b'using nlohmann::json;'
json,../repos/json/tests/src/unit-32bit.cpp,"(12, 1)-(12, 22)",b'using nlohmann::json;'
json,../repos/json/tests/src/unit-32bit.cpp,"(28, 5)-(28, 47)",b'using nlohmann::detail::value_in_range_of;'
json,../repos/json/tests/src/unit-meta.cpp,"(12, 1)-(12, 22)",b'using nlohmann::json;'
json,../repos/json/tests/src/unit-class_const_iterator.cpp,"(13, 1)-(13, 22)",b'using nlohmann::json;'
json,../repos/json/tests/src/unit-concepts.cpp,"(12, 1)-(12, 22)",b'using nlohmann::json;'
json,../repos/json/tests/src/unit-ubjson.cpp,"(12, 1)-(12, 22)",b'using nlohmann::json;'
json,../repos/json/tests/src/unit-udt_macro.cpp,"(14, 1)-(14, 22)",b'using nlohmann::json;'
json,../repos/json/tests/src/unit-class_iterator.cpp,"(13, 1)-(13, 22)",b'using nlohmann::json;'
json,../repos/json/tests/src/unit-class_iterator.cpp,"(427, 9)-(427, 45)",b'using nlohmann::detail::is_detected;'
json,../repos/json/tests/src/unit-regression2.cpp,"(26, 5)-(26, 40)",b'using namespace nlohmann::literals;'
json,../repos/json/tests/src/unit-regression2.cpp,"(191, 5)-(191, 40)",b'using std::allocator<T>::allocator;'
json,../repos/json/tests/src/unit-iterators2.cpp,"(19, 1)-(19, 22)",b'using nlohmann::json;'
json,../repos/json/tests/src/unit-bson.cpp,"(12, 1)-(12, 22)",b'using nlohmann::json;'
json,../repos/json/tests/src/unit-binary_formats.cpp,"(12, 1)-(12, 22)",b'using nlohmann::json;'
json,../repos/json/tests/src/unit-allocator.cpp,"(13, 1)-(13, 22)",b'using nlohmann::json;'
json,../repos/json/tests/src/unit-allocator.cpp,"(21, 5)-(21, 40)",b'using std::allocator<T>::allocator;'
json,../repos/json/tests/src/unit-allocator.cpp,"(68, 5)-(68, 40)",b'using std::allocator<T>::allocator;'
json,../repos/json/tests/src/unit-iterators1.cpp,"(13, 1)-(13, 22)",b'using nlohmann::json;'
json,../repos/json/tests/src/unit-ordered_map.cpp,"(12, 1)-(12, 29)",b'using nlohmann::ordered_map;'
json,../repos/json/tests/src/unit-convenience.cpp,"(13, 1)-(13, 22)",b'using nlohmann::json;'
json,../repos/json/tests/src/unit-convenience.cpp,"(173, 9)-(173, 40)",b'using nlohmann::detail::concat;'
json,../repos/json/tests/src/unit-large_json.cpp,"(12, 1)-(12, 22)",b'using nlohmann::json;'
json,../repos/json/tests/src/unit-deserialization.cpp,"(13, 1)-(13, 22)",b'using nlohmann::json;'
json,../repos/json/tests/src/unit-deserialization.cpp,"(15, 5)-(15, 40)",b'using namespace nlohmann::literals;'
json,../repos/json/tests/src/unit-deserialization.cpp,"(574, 17)-(574, 38)",b'using nlohmann::json;'
json,../repos/json/tests/src/unit-deserialization.cpp,"(575, 17)-(575, 56)",b'using nlohmann::detail::input_format_t;'
json,../repos/json/tests/src/unit-deserialization.cpp,"(576, 17)-(576, 61)",b'using nlohmann::detail::json_sax_dom_parser;'
json,../repos/json/tests/src/unit-diagnostics.cpp,"(19, 1)-(19, 22)",b'using nlohmann::json;'
json,../repos/json/tests/src/unit-modifiers.cpp,"(13, 1)-(13, 22)",b'using nlohmann::json;'
json,../repos/json/tests/src/unit-modifiers.cpp,"(829, 17)-(829, 33)",b'using std::swap;'
json,../repos/json/tests/src/unit-user_defined_input.cpp,"(12, 1)-(12, 22)",b'using nlohmann::json;'
json,../repos/json/tests/src/unit-testsuites.cpp,"(12, 1)-(12, 22)",b'using nlohmann::json;'
json,../repos/json/tests/src/unit-json_pointer.cpp,"(13, 1)-(13, 22)",b'using nlohmann::json;'
json,../repos/json/tests/src/unit-json_pointer.cpp,"(15, 5)-(15, 40)",b'using namespace nlohmann::literals;'
json,../repos/json/tests/src/unit-json_pointer.cpp,"(734, 9)-(734, 38)",b'using nlohmann::ordered_json;'
json,../repos/json/tests/src/unit-bjdata.cpp,"(13, 1)-(13, 22)",b'using nlohmann::json;'
json,../repos/json/tests/src/unit-bjdata.cpp,"(114, 5)-(114, 47)",b'using nlohmann::detail::value_in_range_of;'
json,../repos/json/tests/src/unit-conversions.cpp,"(21, 1)-(21, 22)",b'using nlohmann::json;'
json,../repos/json/tests/src/unit-unicode3.cpp,"(15, 1)-(15, 22)",b'using nlohmann::json;'
json,../repos/json/tests/src/unit-wstring.cpp,"(12, 1)-(12, 22)",b'using nlohmann::json;'
json,../repos/json/tests/src/unit-cbor.cpp,"(12, 1)-(12, 22)",b'using nlohmann::json;'
json,../repos/json/tests/src/unit-element_access1.cpp,"(13, 1)-(13, 22)",b'using nlohmann::json;'
json,../repos/json/tests/src/unit-assert_macro.cpp,"(24, 1)-(24, 22)",b'using nlohmann::json;'
json,../repos/json/tests/src/unit-reference_access.cpp,"(12, 1)-(12, 22)",b'using nlohmann::json;'
json,../repos/json/tests/src/unit-msgpack.cpp,"(12, 1)-(12, 22)",b'using nlohmann::json;'
json,../repos/json/tests/src/unit-msgpack.cpp,"(14, 5)-(14, 40)",b'using namespace nlohmann::literals;'
json,../repos/json/tests/src/unit-to_chars.cpp,"(16, 1)-(16, 53)",b'using nlohmann::detail::dtoa_impl::reinterpre...'
json,../repos/json/tests/src/unit-unicode5.cpp,"(15, 1)-(15, 22)",b'using nlohmann::json;'
json,../repos/json/tests/src/unit-ordered_json.cpp,"(12, 1)-(12, 22)",b'using nlohmann::json;'
json,../repos/json/tests/src/unit-ordered_json.cpp,"(13, 1)-(13, 30)",b'using nlohmann::ordered_json;'
json,../repos/json/tests/src/unit-serialization.cpp,"(12, 1)-(12, 22)",b'using nlohmann::json;'
json,../repos/json/tests/src/unit-serialization.cpp,"(156, 13)-(156, 34)",b'using std::to_string;'
json,../repos/json/tests/src/unit-unicode1.cpp,"(14, 1)-(14, 22)",b'using nlohmann::json;'
json,../repos/json/tests/src/unit-udl.cpp,"(20, 9)-(20, 59)",b'using namespace nlohmann::literals::json_literals;'
json,../repos/json/tests/src/unit-udl.cpp,"(28, 9)-(28, 49)",b'using namespace nlohmann::json_literals;'
json,../repos/json/tests/src/unit-udl.cpp,"(36, 9)-(36, 44)",b'using namespace nlohmann::literals;'
json,../repos/json/tests/src/unit-udl.cpp,"(44, 9)-(44, 34)",b'using namespace nlohmann;'
json,../repos/json/tests/src/unit-regression1.cpp,"(16, 1)-(16, 22)",b'using nlohmann::json;'
json,../repos/json/tests/src/unit-regression1.cpp,"(18, 5)-(18, 40)",b'using namespace nlohmann::literals;'
json,../repos/json/tests/src/unit-readme.cpp,"(12, 1)-(12, 22)",b'using nlohmann::json;'
json,../repos/json/tests/src/unit-readme.cpp,"(14, 5)-(14, 40)",b'using namespace nlohmann::literals;'
json,../repos/json/tests/src/unit-windows_h.cpp,"(18, 1)-(18, 22)",b'using nlohmann::json;'
json,../repos/json/tests/src/unit-class_lexer.cpp,"(13, 1)-(13, 22)",b'using nlohmann::json;'
json,../repos/json/tests/src/unit-class_parser.cpp,"(13, 1)-(13, 22)",b'using nlohmann::json;'
json,../repos/json/tests/src/unit-class_parser.cpp,"(15, 5)-(15, 40)",b'using namespace nlohmann::literals;'
json,../repos/json/tests/src/unit-merge_patch.cpp,"(12, 1)-(12, 22)",b'using nlohmann::json;'
json,../repos/json/tests/src/unit-merge_patch.cpp,"(14, 5)-(14, 40)",b'using namespace nlohmann::literals;'
json,../repos/json/tests/src/unit-comparison.cpp,"(20, 1)-(20, 22)",b'using nlohmann::json;'
json,../repos/json/tests/src/unit-unicode4.cpp,"(15, 1)-(15, 22)",b'using nlohmann::json;'
json,../repos/json/tests/abi/diag/diag_off.cpp,"(27, 5)-(27, 26)",b'using nlohmann::json;'
json,../repos/json/tests/abi/diag/diag_on.cpp,"(27, 5)-(27, 26)",b'using nlohmann::json;'
json,../repos/json/tests/abi/include/nlohmann/json_v3_10_5.hpp,"(3046, 1)-(3046, 24)",b'using std::enable_if_t;'
json,../repos/json/tests/abi/include/nlohmann/json_v3_10_5.hpp,"(3047, 1)-(3047, 27)",b'using std::index_sequence;'
json,../repos/json/tests/abi/include/nlohmann/json_v3_10_5.hpp,"(3048, 1)-(3048, 32)",b'using std::make_index_sequence;'
json,../repos/json/tests/abi/include/nlohmann/json_v3_10_5.hpp,"(3049, 1)-(3049, 31)",b'using std::index_sequence_for;'
json,../repos/json/tests/abi/include/nlohmann/json_v3_10_5.hpp,"(4015, 5)-(4015, 20)",b'using std::end;'
json,../repos/json/tests/abi/include/nlohmann/json_v3_10_5.hpp,"(4036, 5)-(4036, 20)",b'using std::end;'
json,../repos/json/tests/abi/include/nlohmann/json_v3_10_5.hpp,"(4323, 5)-(4323, 26)",b'using std::to_string;'
json,../repos/json/tests/abi/include/nlohmann/json_v3_10_5.hpp,"(4667, 9)-(4667, 26)",b'using std::begin;'
json,../repos/json/tests/abi/include/nlohmann/json_v3_10_5.hpp,"(4668, 9)-(4668, 24)",b'using std::end;'
json,../repos/json/tests/abi/include/nlohmann/json_v3_10_5.hpp,"(4736, 9)-(4736, 26)",b'using std::begin;'
json,../repos/json/tests/abi/include/nlohmann/json_v3_10_5.hpp,"(4737, 9)-(4737, 24)",b'using std::end;'
json,../repos/json/tests/abi/include/nlohmann/json_v3_10_5.hpp,"(5592, 1)-(5592, 18)",b'using std::begin;'
json,../repos/json/tests/abi/include/nlohmann/json_v3_10_5.hpp,"(5593, 1)-(5593, 16)",b'using std::end;'
json,../repos/json/tests/abi/include/nlohmann/json_v3_10_5.hpp,"(18396, 9)-(18396, 25)",b'using std::swap;'
json,../repos/json/tests/abi/inline_ns/use_current.cpp,"(17, 9)-(17, 30)",b'using nlohmann::json;'
json,../repos/json/tests/abi/inline_ns/use_current.cpp,"(18, 9)-(18, 38)",b'using nlohmann::ordered_json;'
json,../repos/json/tests/abi/inline_ns/use_current.cpp,"(29, 9)-(29, 45)",b'using NLOHMANN_JSON_NAMESPACE::json;'
json,../repos/json/tests/abi/inline_ns/use_current.cpp,"(30, 9)-(30, 53)",b'using NLOHMANN_JSON_NAMESPACE::ordered_json;'
json,../repos/json/tests/abi/inline_ns/use_v3_10_5.cpp,"(12, 1)-(12, 22)",b'using nlohmann::json;'
json,../repos/json/tests/abi/inline_ns/use_v3_10_5.cpp,"(13, 1)-(13, 30)",b'using nlohmann::ordered_json;'
json,../repos/json/tests/thirdparty/Fuzzer/FuzzerInternal.h,"(30, 1)-(30, 29)",b'using namespace std::chrono;'
json,../repos/json/tests/thirdparty/Fuzzer/FuzzerExtFunctionsWeakAlias.cpp,"(17, 1)-(17, 24)",b'using namespace fuzzer;'
json,../repos/json/tests/thirdparty/Fuzzer/FuzzerExtFunctionsWeak.cpp,"(31, 1)-(31, 24)",b'using namespace fuzzer;'
json,../repos/json/tests/thirdparty/Fuzzer/FuzzerDriver.cpp,"(357, 3)-(357, 26)",b'using namespace fuzzer;'
json,../repos/json/tests/thirdparty/Fuzzer/test/FuzzerUnittest.cpp,"(18, 1)-(18, 24)",b'using namespace fuzzer;'
json,../repos/json/tests/thirdparty/Fuzzer/FuzzerTraceState.cpp,"(254, 1)-(254, 18)",b'using fuzzer::TS;'
json,../repos/json/tests/thirdparty/Fuzzer/FuzzerTraceState.cpp,"(255, 1)-(255, 31)",b'using fuzzer::RecordingMemcmp;'
json,../repos/json/tests/thirdparty/Fuzzer/FuzzerExtFunctionsDlsym.cpp,"(21, 1)-(21, 24)",b'using namespace fuzzer;'
json,../repos/json/tests/thirdparty/doctest/doctest.h,"(560, 1)-(560, 19)",b'using std::size_t;'
json,../repos/json/tests/thirdparty/doctest/doctest.h,"(944, 9)-(944, 29)",b'using namespace std;'
json,../repos/json/tests/thirdparty/doctest/doctest_compatibility.h,"(35, 1)-(35, 23)",b'using doctest::Approx;'
json,../repos/json/tools/macro_builder/main.cpp,"(5, 1)-(5, 21)",b'using namespace std;'
