Repo name,File name,Location,Content
json,../repos/json/single_include/nlohmann/json.hpp,"(6307, 5)-(6307, 44)",b'friend struct wide_string_input_helper;'
json,../repos/json/single_include/nlohmann/json.hpp,"(12774, 5)-(12777, 6)",b'friend constexpr bool operator==(primitive_it...'
json,../repos/json/single_include/nlohmann/json.hpp,"(12779, 5)-(12782, 6)",b'friend constexpr bool operator<(primitive_ite...'
json,../repos/json/single_include/nlohmann/json.hpp,"(12791, 5)-(12794, 6)",b'friend constexpr difference_type operator-(pr...'
json,../repos/json/single_include/nlohmann/json.hpp,"(12921, 5)-(12921, 28)",b'friend other_iter_impl;'
json,../repos/json/single_include/nlohmann/json.hpp,"(12922, 5)-(12922, 26)",b'friend BasicJsonType;'
json,../repos/json/single_include/nlohmann/json.hpp,"(12923, 5)-(12923, 39)",b'friend iteration_proxy<iter_impl>;'
json,../repos/json/single_include/nlohmann/json.hpp,"(12924, 5)-(12924, 45)",b'friend iteration_proxy_value<iter_impl>;'
json,../repos/json/single_include/nlohmann/json.hpp,"(14684, 5)-(14685, 80)",b'friend bool operator==(const json_pointer<Ref...'
json,../repos/json/single_include/nlohmann/json.hpp,"(14691, 5)-(14692, 51)",b'friend bool operator==(const json_pointer<Ref...'
json,../repos/json/single_include/nlohmann/json.hpp,"(14698, 5)-(14699, 71)","b'friend bool operator==(const StringType& lhs,...'"
json,../repos/json/single_include/nlohmann/json.hpp,"(14705, 5)-(14706, 80)",b'friend bool operator!=(const json_pointer<Ref...'
json,../repos/json/single_include/nlohmann/json.hpp,"(14712, 5)-(14713, 51)",b'friend bool operator!=(const json_pointer<Ref...'
json,../repos/json/single_include/nlohmann/json.hpp,"(14719, 5)-(14720, 71)","b'friend bool operator!=(const StringType& lhs,...'"
json,../repos/json/single_include/nlohmann/json.hpp,"(14725, 5)-(14726, 79)",b'friend bool operator<(const json_pointer<RefS...'
json,../repos/json/single_include/nlohmann/json.hpp,"(19407, 5)-(19407, 43)",b'friend class ::nlohmann::json_pointer;'
json,../repos/json/single_include/nlohmann/json.hpp,"(19412, 5)-(19412, 45)",b'friend class ::nlohmann::detail::parser;'
json,../repos/json/single_include/nlohmann/json.hpp,"(19415, 5)-(19415, 48)",b'friend class ::nlohmann::detail::iter_impl;'
json,../repos/json/single_include/nlohmann/json.hpp,"(19417, 5)-(19417, 52)",b'friend class ::nlohmann::detail::binary_writer;'
json,../repos/json/single_include/nlohmann/json.hpp,"(19419, 5)-(19419, 52)",b'friend class ::nlohmann::detail::binary_reader;'
json,../repos/json/single_include/nlohmann/json.hpp,"(19421, 5)-(19421, 58)",b'friend class ::nlohmann::detail::json_sax_dom...'
json,../repos/json/single_include/nlohmann/json.hpp,"(19423, 5)-(19423, 67)",b'friend class ::nlohmann::detail::json_sax_dom...'
json,../repos/json/single_include/nlohmann/json.hpp,"(23105, 5)-(23108, 6)","b'friend bool operator==(const_reference lhs, S...'"
json,../repos/json/single_include/nlohmann/json.hpp,"(23114, 5)-(23117, 6)","b'friend bool operator==(ScalarType lhs, const_...'"
json,../repos/json/single_include/nlohmann/json.hpp,"(23134, 5)-(23137, 6)","b'friend bool operator!=(const_reference lhs, S...'"
json,../repos/json/single_include/nlohmann/json.hpp,"(23143, 5)-(23146, 6)","b'friend bool operator!=(ScalarType lhs, const_...'"
json,../repos/json/single_include/nlohmann/json.hpp,"(23162, 5)-(23165, 6)","b'friend bool operator<(const_reference lhs, Sc...'"
json,../repos/json/single_include/nlohmann/json.hpp,"(23171, 5)-(23174, 6)","b'friend bool operator<(ScalarType lhs, const_r...'"
json,../repos/json/single_include/nlohmann/json.hpp,"(23191, 5)-(23194, 6)","b'friend bool operator<=(const_reference lhs, S...'"
json,../repos/json/single_include/nlohmann/json.hpp,"(23200, 5)-(23203, 6)","b'friend bool operator<=(ScalarType lhs, const_...'"
json,../repos/json/single_include/nlohmann/json.hpp,"(23221, 5)-(23224, 6)","b'friend bool operator>(const_reference lhs, Sc...'"
json,../repos/json/single_include/nlohmann/json.hpp,"(23230, 5)-(23233, 6)","b'friend bool operator>(ScalarType lhs, const_r...'"
json,../repos/json/single_include/nlohmann/json.hpp,"(23250, 5)-(23253, 6)","b'friend bool operator>=(const_reference lhs, S...'"
json,../repos/json/single_include/nlohmann/json.hpp,"(23259, 5)-(23262, 6)","b'friend bool operator>=(ScalarType lhs, const_...'"
json,../repos/json/docs/examples/nlohmann_define_type_intrusive_with_default_explicit.cpp,"(22, 5)-(27, 6)",b'friend void to_json(nlohmann::json& nlohmann_...'
json,../repos/json/docs/examples/nlohmann_define_type_intrusive_with_default_explicit.cpp,"(29, 5)-(35, 6)",b'friend void from_json(const nlohmann::json& n...'
json,../repos/json/docs/examples/nlohmann_define_type_intrusive_explicit.cpp,"(22, 5)-(27, 6)",b'friend void to_json(nlohmann::json& nlohmann_...'
json,../repos/json/docs/examples/nlohmann_define_type_intrusive_explicit.cpp,"(29, 5)-(34, 6)",b'friend void from_json(const nlohmann::json& n...'
json,../repos/json/docs/examples/nlohmann_define_type_intrusive_only_serialize_explicit.cpp,"(22, 5)-(27, 6)",b'friend void to_json(nlohmann::json& nlohmann_...'
json,../repos/json/include/nlohmann/detail/json_pointer.hpp,"(878, 5)-(879, 80)",b'friend bool operator==(const json_pointer<Ref...'
json,../repos/json/include/nlohmann/detail/json_pointer.hpp,"(885, 5)-(886, 51)",b'friend bool operator==(const json_pointer<Ref...'
json,../repos/json/include/nlohmann/detail/json_pointer.hpp,"(892, 5)-(893, 71)","b'friend bool operator==(const StringType& lhs,...'"
json,../repos/json/include/nlohmann/detail/json_pointer.hpp,"(899, 5)-(900, 80)",b'friend bool operator!=(const json_pointer<Ref...'
json,../repos/json/include/nlohmann/detail/json_pointer.hpp,"(906, 5)-(907, 51)",b'friend bool operator!=(const json_pointer<Ref...'
json,../repos/json/include/nlohmann/detail/json_pointer.hpp,"(913, 5)-(914, 71)","b'friend bool operator!=(const StringType& lhs,...'"
json,../repos/json/include/nlohmann/detail/json_pointer.hpp,"(919, 5)-(920, 79)",b'friend bool operator<(const json_pointer<RefS...'
json,../repos/json/include/nlohmann/detail/iterators/primitive_iterator.hpp,"(70, 5)-(73, 6)",b'friend constexpr bool operator==(primitive_it...'
json,../repos/json/include/nlohmann/detail/iterators/primitive_iterator.hpp,"(75, 5)-(78, 6)",b'friend constexpr bool operator<(primitive_ite...'
json,../repos/json/include/nlohmann/detail/iterators/primitive_iterator.hpp,"(87, 5)-(90, 6)",b'friend constexpr difference_type operator-(pr...'
json,../repos/json/include/nlohmann/detail/iterators/iter_impl.hpp,"(52, 5)-(52, 28)",b'friend other_iter_impl;'
json,../repos/json/include/nlohmann/detail/iterators/iter_impl.hpp,"(53, 5)-(53, 26)",b'friend BasicJsonType;'
json,../repos/json/include/nlohmann/detail/iterators/iter_impl.hpp,"(54, 5)-(54, 39)",b'friend iteration_proxy<iter_impl>;'
json,../repos/json/include/nlohmann/detail/iterators/iter_impl.hpp,"(55, 5)-(55, 45)",b'friend iteration_proxy_value<iter_impl>;'
json,../repos/json/include/nlohmann/detail/input/input_adapters.hpp,"(165, 5)-(165, 44)",b'friend struct wide_string_input_helper;'
json,../repos/json/include/nlohmann/json.hpp,"(104, 5)-(104, 43)",b'friend class ::nlohmann::json_pointer;'
json,../repos/json/include/nlohmann/json.hpp,"(109, 5)-(109, 45)",b'friend class ::nlohmann::detail::parser;'
json,../repos/json/include/nlohmann/json.hpp,"(112, 5)-(112, 48)",b'friend class ::nlohmann::detail::iter_impl;'
json,../repos/json/include/nlohmann/json.hpp,"(114, 5)-(114, 52)",b'friend class ::nlohmann::detail::binary_writer;'
json,../repos/json/include/nlohmann/json.hpp,"(116, 5)-(116, 52)",b'friend class ::nlohmann::detail::binary_reader;'
json,../repos/json/include/nlohmann/json.hpp,"(118, 5)-(118, 58)",b'friend class ::nlohmann::detail::json_sax_dom...'
json,../repos/json/include/nlohmann/json.hpp,"(120, 5)-(120, 67)",b'friend class ::nlohmann::detail::json_sax_dom...'
json,../repos/json/include/nlohmann/json.hpp,"(3802, 5)-(3805, 6)","b'friend bool operator==(const_reference lhs, S...'"
json,../repos/json/include/nlohmann/json.hpp,"(3811, 5)-(3814, 6)","b'friend bool operator==(ScalarType lhs, const_...'"
json,../repos/json/include/nlohmann/json.hpp,"(3831, 5)-(3834, 6)","b'friend bool operator!=(const_reference lhs, S...'"
json,../repos/json/include/nlohmann/json.hpp,"(3840, 5)-(3843, 6)","b'friend bool operator!=(ScalarType lhs, const_...'"
json,../repos/json/include/nlohmann/json.hpp,"(3859, 5)-(3862, 6)","b'friend bool operator<(const_reference lhs, Sc...'"
json,../repos/json/include/nlohmann/json.hpp,"(3868, 5)-(3871, 6)","b'friend bool operator<(ScalarType lhs, const_r...'"
json,../repos/json/include/nlohmann/json.hpp,"(3888, 5)-(3891, 6)","b'friend bool operator<=(const_reference lhs, S...'"
json,../repos/json/include/nlohmann/json.hpp,"(3897, 5)-(3900, 6)","b'friend bool operator<=(ScalarType lhs, const_...'"
json,../repos/json/include/nlohmann/json.hpp,"(3918, 5)-(3921, 6)","b'friend bool operator>(const_reference lhs, Sc...'"
json,../repos/json/include/nlohmann/json.hpp,"(3927, 5)-(3930, 6)","b'friend bool operator>(ScalarType lhs, const_r...'"
json,../repos/json/include/nlohmann/json.hpp,"(3947, 5)-(3950, 6)","b'friend bool operator>=(const_reference lhs, S...'"
json,../repos/json/include/nlohmann/json.hpp,"(3956, 5)-(3959, 6)","b'friend bool operator>=(ScalarType lhs, const_...'"
json,../repos/json/tests/src/unit-alt-string.cpp,"(163, 5)-(163, 84)","b'friend bool operator<(const char* /*op1*/, co...'"
json,../repos/json/tests/src/unit-regression1.cpp,"(106, 5)-(109, 6)","b'friend void to_json(json& j, const nocopy& n)...'"
json,../repos/json/tests/abi/include/nlohmann/json_v3_10_5.hpp,"(5362, 5)-(5362, 44)",b'friend struct wide_string_input_helper;'
json,../repos/json/tests/abi/include/nlohmann/json_v3_10_5.hpp,"(11274, 5)-(11277, 6)",b'friend constexpr bool operator==(primitive_it...'
json,../repos/json/tests/abi/include/nlohmann/json_v3_10_5.hpp,"(11279, 5)-(11282, 6)",b'friend constexpr bool operator<(primitive_ite...'
json,../repos/json/tests/abi/include/nlohmann/json_v3_10_5.hpp,"(11291, 5)-(11294, 6)",b'friend constexpr difference_type operator-(pr...'
json,../repos/json/tests/abi/include/nlohmann/json_v3_10_5.hpp,"(11411, 5)-(11411, 28)",b'friend other_iter_impl;'
json,../repos/json/tests/abi/include/nlohmann/json_v3_10_5.hpp,"(11412, 5)-(11412, 26)",b'friend BasicJsonType;'
json,../repos/json/tests/abi/include/nlohmann/json_v3_10_5.hpp,"(11413, 5)-(11413, 39)",b'friend iteration_proxy<iter_impl>;'
json,../repos/json/tests/abi/include/nlohmann/json_v3_10_5.hpp,"(11414, 5)-(11414, 45)",b'friend iteration_proxy_value<iter_impl>;'
json,../repos/json/tests/abi/include/nlohmann/json_v3_10_5.hpp,"(12318, 5)-(12322, 6)",b'friend json_pointer operator/(const json_poin...'
json,../repos/json/tests/abi/include/nlohmann/json_v3_10_5.hpp,"(12326, 5)-(12329, 6)",b'friend json_pointer operator/(const json_poin...'
json,../repos/json/tests/abi/include/nlohmann/json_v3_10_5.hpp,"(12333, 5)-(12336, 6)",b'friend json_pointer operator/(const json_poin...'
json,../repos/json/tests/abi/include/nlohmann/json_v3_10_5.hpp,"(17288, 5)-(17288, 45)",b'friend class ::nlohmann::detail::parser;'
json,../repos/json/tests/abi/include/nlohmann/json_v3_10_5.hpp,"(17291, 5)-(17291, 48)",b'friend class ::nlohmann::detail::iter_impl;'
json,../repos/json/tests/abi/include/nlohmann/json_v3_10_5.hpp,"(17293, 5)-(17293, 52)",b'friend class ::nlohmann::detail::binary_writer;'
json,../repos/json/tests/abi/include/nlohmann/json_v3_10_5.hpp,"(17295, 5)-(17295, 52)",b'friend class ::nlohmann::detail::binary_reader;'
json,../repos/json/tests/abi/include/nlohmann/json_v3_10_5.hpp,"(17297, 5)-(17297, 58)",b'friend class ::nlohmann::detail::json_sax_dom...'
json,../repos/json/tests/abi/include/nlohmann/json_v3_10_5.hpp,"(17299, 5)-(17299, 67)",b'friend class ::nlohmann::detail::json_sax_dom...'
json,../repos/json/tests/abi/include/nlohmann/json_v3_10_5.hpp,"(20554, 5)-(20557, 6)","b'friend bool operator==(const_reference lhs, S...'"
json,../repos/json/tests/abi/include/nlohmann/json_v3_10_5.hpp,"(20563, 5)-(20566, 6)","b'friend bool operator==(ScalarType lhs, const_...'"
json,../repos/json/tests/abi/include/nlohmann/json_v3_10_5.hpp,"(20579, 5)-(20582, 6)","b'friend bool operator!=(const_reference lhs, S...'"
json,../repos/json/tests/abi/include/nlohmann/json_v3_10_5.hpp,"(20588, 5)-(20591, 6)","b'friend bool operator!=(ScalarType lhs, const_...'"
json,../repos/json/tests/abi/include/nlohmann/json_v3_10_5.hpp,"(20673, 5)-(20676, 6)","b'friend bool operator<(const_reference lhs, Sc...'"
json,../repos/json/tests/abi/include/nlohmann/json_v3_10_5.hpp,"(20682, 5)-(20685, 6)","b'friend bool operator<(ScalarType lhs, const_r...'"
json,../repos/json/tests/abi/include/nlohmann/json_v3_10_5.hpp,"(20698, 5)-(20701, 6)","b'friend bool operator<=(const_reference lhs, S...'"
json,../repos/json/tests/abi/include/nlohmann/json_v3_10_5.hpp,"(20707, 5)-(20710, 6)","b'friend bool operator<=(ScalarType lhs, const_...'"
json,../repos/json/tests/abi/include/nlohmann/json_v3_10_5.hpp,"(20723, 5)-(20726, 6)","b'friend bool operator>(const_reference lhs, Sc...'"
json,../repos/json/tests/abi/include/nlohmann/json_v3_10_5.hpp,"(20732, 5)-(20735, 6)","b'friend bool operator>(ScalarType lhs, const_r...'"
json,../repos/json/tests/abi/include/nlohmann/json_v3_10_5.hpp,"(20748, 5)-(20751, 6)","b'friend bool operator>=(const_reference lhs, S...'"
json,../repos/json/tests/abi/include/nlohmann/json_v3_10_5.hpp,"(20757, 5)-(20760, 6)","b'friend bool operator>=(ScalarType lhs, const_...'"
json,../repos/json/tests/thirdparty/fifo_map/fifo_map.hpp,"(478, 5)-(481, 6)","b'friend bool operator==(const fifo_map& lhs, c...'"
json,../repos/json/tests/thirdparty/fifo_map/fifo_map.hpp,"(483, 5)-(486, 6)","b'friend bool operator!=(const fifo_map& lhs, c...'"
json,../repos/json/tests/thirdparty/fifo_map/fifo_map.hpp,"(488, 5)-(491, 6)","b'friend bool operator<(const fifo_map& lhs, co...'"
json,../repos/json/tests/thirdparty/fifo_map/fifo_map.hpp,"(493, 5)-(496, 6)","b'friend bool operator<=(const fifo_map& lhs, c...'"
json,../repos/json/tests/thirdparty/fifo_map/fifo_map.hpp,"(498, 5)-(501, 6)","b'friend bool operator>(const fifo_map& lhs, co...'"
json,../repos/json/tests/thirdparty/fifo_map/fifo_map.hpp,"(503, 5)-(506, 6)","b'friend bool operator>=(const fifo_map& lhs, c...'"
