Repo name,File name,Location,Content
json,../repos/json/single_include/nlohmann/json.hpp,"(5230, 17)-(5230, 21)",b'this'
json,../repos/json/single_include/nlohmann/json.hpp,"(5239, 17)-(5239, 21)",b'this'
json,../repos/json/single_include/nlohmann/json.hpp,"(5928, 57)-(5928, 61)",b'this'
json,../repos/json/single_include/nlohmann/json.hpp,"(5934, 26)-(5934, 30)",b'this'
json,../repos/json/single_include/nlohmann/json.hpp,"(12786, 24)-(12786, 28)",b'this'
json,../repos/json/single_include/nlohmann/json.hpp,"(12799, 17)-(12799, 21)",b'this'
json,../repos/json/single_include/nlohmann/json.hpp,"(12804, 24)-(12804, 28)",b'this'
json,../repos/json/single_include/nlohmann/json.hpp,"(12812, 17)-(12812, 21)",b'this'
json,../repos/json/single_include/nlohmann/json.hpp,"(12817, 24)-(12817, 28)",b'this'
json,../repos/json/single_include/nlohmann/json.hpp,"(12825, 17)-(12825, 21)",b'this'
json,../repos/json/single_include/nlohmann/json.hpp,"(12831, 17)-(12831, 21)",b'this'
json,../repos/json/single_include/nlohmann/json.hpp,"(13031, 23)-(13031, 27)",b'this'
json,../repos/json/single_include/nlohmann/json.hpp,"(13036, 17)-(13036, 21)",b'this'
json,../repos/json/single_include/nlohmann/json.hpp,"(13058, 17)-(13058, 21)",b'this'
json,../repos/json/single_include/nlohmann/json.hpp,"(13237, 24)-(13237, 28)",b'this'
json,../repos/json/single_include/nlohmann/json.hpp,"(13238, 13)-(13238, 17)",b'this'
json,../repos/json/single_include/nlohmann/json.hpp,"(13279, 17)-(13279, 21)",b'this'
json,../repos/json/single_include/nlohmann/json.hpp,"(13288, 24)-(13288, 28)",b'this'
json,../repos/json/single_include/nlohmann/json.hpp,"(13289, 13)-(13289, 17)",b'this'
json,../repos/json/single_include/nlohmann/json.hpp,"(13330, 17)-(13330, 21)",b'this'
json,../repos/json/single_include/nlohmann/json.hpp,"(13420, 36)-(13420, 40)",b'this'
json,../repos/json/single_include/nlohmann/json.hpp,"(13475, 17)-(13475, 21)",b'this'
json,../repos/json/single_include/nlohmann/json.hpp,"(13493, 24)-(13493, 28)",b'this'
json,../repos/json/single_include/nlohmann/json.hpp,"(13515, 24)-(13515, 28)",b'this'
json,../repos/json/single_include/nlohmann/json.hpp,"(13730, 31)-(13730, 35)",b'this'
json,../repos/json/single_include/nlohmann/json.hpp,"(13736, 18)-(13736, 22)",b'this'
json,../repos/json/single_include/nlohmann/json.hpp,"(13742, 21)-(13742, 25)",b'this'
json,../repos/json/single_include/nlohmann/json.hpp,"(13749, 21)-(13749, 25)",b'this'
json,../repos/json/single_include/nlohmann/json.hpp,"(13909, 17)-(13909, 21)",b'this'
json,../repos/json/single_include/nlohmann/json.hpp,"(13917, 17)-(13917, 21)",b'this'
json,../repos/json/single_include/nlohmann/json.hpp,"(13924, 17)-(13924, 21)",b'this'
json,../repos/json/single_include/nlohmann/json.hpp,"(13955, 21)-(13955, 25)",b'this'
json,../repos/json/single_include/nlohmann/json.hpp,"(13958, 29)-(13958, 33)",b'this'
json,../repos/json/single_include/nlohmann/json.hpp,"(14065, 32)-(14065, 36)",b'this'
json,../repos/json/single_include/nlohmann/json.hpp,"(14670, 17)-(14670, 21)",b'this'
json,../repos/json/single_include/nlohmann/json.hpp,"(14867, 20)-(14867, 24)",b'this'
json,../repos/json/single_include/nlohmann/json.hpp,"(15849, 59)-(15849, 63)",b'this'
json,../repos/json/single_include/nlohmann/json.hpp,"(15947, 59)-(15947, 63)",b'this'
json,../repos/json/single_include/nlohmann/json.hpp,"(19061, 24)-(19061, 28)",b'this'
json,../repos/json/single_include/nlohmann/json.hpp,"(19061, 45)-(19061, 49)",b'this'
json,../repos/json/single_include/nlohmann/json.hpp,"(19069, 27)-(19069, 31)",b'this'
json,../repos/json/single_include/nlohmann/json.hpp,"(19076, 24)-(19076, 28)",b'this'
json,../repos/json/single_include/nlohmann/json.hpp,"(19076, 45)-(19076, 49)",b'this'
json,../repos/json/single_include/nlohmann/json.hpp,"(19084, 27)-(19084, 31)",b'this'
json,../repos/json/single_include/nlohmann/json.hpp,"(19113, 24)-(19113, 28)",b'this'
json,../repos/json/single_include/nlohmann/json.hpp,"(19113, 45)-(19113, 49)",b'this'
json,../repos/json/single_include/nlohmann/json.hpp,"(19128, 24)-(19128, 28)",b'this'
json,../repos/json/single_include/nlohmann/json.hpp,"(19128, 45)-(19128, 49)",b'this'
json,../repos/json/single_include/nlohmann/json.hpp,"(19141, 24)-(19141, 28)",b'this'
json,../repos/json/single_include/nlohmann/json.hpp,"(19141, 45)-(19141, 49)",b'this'
json,../repos/json/single_include/nlohmann/json.hpp,"(19156, 24)-(19156, 28)",b'this'
json,../repos/json/single_include/nlohmann/json.hpp,"(19156, 45)-(19156, 49)",b'this'
json,../repos/json/single_include/nlohmann/json.hpp,"(19169, 24)-(19169, 28)",b'this'
json,../repos/json/single_include/nlohmann/json.hpp,"(19169, 45)-(19169, 49)",b'this'
json,../repos/json/single_include/nlohmann/json.hpp,"(19174, 48)-(19174, 52)",b'this'
json,../repos/json/single_include/nlohmann/json.hpp,"(19190, 24)-(19190, 28)",b'this'
json,../repos/json/single_include/nlohmann/json.hpp,"(19190, 45)-(19190, 49)",b'this'
json,../repos/json/single_include/nlohmann/json.hpp,"(19195, 48)-(19195, 52)",b'this'
json,../repos/json/single_include/nlohmann/json.hpp,"(19253, 27)-(19253, 31)",b'this'
json,../repos/json/single_include/nlohmann/json.hpp,"(19267, 24)-(19267, 28)",b'this'
json,../repos/json/single_include/nlohmann/json.hpp,"(19267, 45)-(19267, 49)",b'this'
json,../repos/json/single_include/nlohmann/json.hpp,"(19281, 24)-(19281, 28)",b'this'
json,../repos/json/single_include/nlohmann/json.hpp,"(19281, 45)-(19281, 49)",b'this'
json,../repos/json/single_include/nlohmann/json.hpp,"(19293, 24)-(19293, 28)",b'this'
json,../repos/json/single_include/nlohmann/json.hpp,"(19293, 45)-(19293, 49)",b'this'
json,../repos/json/single_include/nlohmann/json.hpp,"(19307, 24)-(19307, 28)",b'this'
json,../repos/json/single_include/nlohmann/json.hpp,"(19307, 45)-(19307, 49)",b'this'
json,../repos/json/single_include/nlohmann/json.hpp,"(19319, 24)-(19319, 28)",b'this'
json,../repos/json/single_include/nlohmann/json.hpp,"(19319, 45)-(19319, 49)",b'this'
json,../repos/json/single_include/nlohmann/json.hpp,"(19336, 24)-(19336, 28)",b'this'
json,../repos/json/single_include/nlohmann/json.hpp,"(19336, 45)-(19336, 49)",b'this'
json,../repos/json/single_include/nlohmann/json.hpp,"(19344, 19)-(19344, 23)",b'this'
json,../repos/json/single_include/nlohmann/json.hpp,"(19996, 92)-(19996, 96)",b'this'
json,../repos/json/single_include/nlohmann/json.hpp,"(19998, 38)-(19998, 42)",b'this'
json,../repos/json/single_include/nlohmann/json.hpp,"(20015, 40)-(20015, 44)",b'this'
json,../repos/json/single_include/nlohmann/json.hpp,"(20024, 47)-(20024, 51)",b'this'
json,../repos/json/single_include/nlohmann/json.hpp,"(20048, 34)-(20048, 38)",b'this'
json,../repos/json/single_include/nlohmann/json.hpp,"(20086, 22)-(20086, 26)",b'this'
json,../repos/json/single_include/nlohmann/json.hpp,"(20142, 37)-(20142, 41)",b'this'
json,../repos/json/single_include/nlohmann/json.hpp,"(20166, 59)-(20166, 63)",b'this'
json,../repos/json/single_include/nlohmann/json.hpp,"(20169, 64)-(20169, 68)",b'this'
json,../repos/json/single_include/nlohmann/json.hpp,"(20172, 66)-(20172, 70)",b'this'
json,../repos/json/single_include/nlohmann/json.hpp,"(20175, 67)-(20175, 71)",b'this'
json,../repos/json/single_include/nlohmann/json.hpp,"(20178, 58)-(20178, 62)",b'this'
json,../repos/json/single_include/nlohmann/json.hpp,"(20181, 58)-(20181, 62)",b'this'
json,../repos/json/single_include/nlohmann/json.hpp,"(20184, 57)-(20184, 61)",b'this'
json,../repos/json/single_include/nlohmann/json.hpp,"(20187, 58)-(20187, 62)",b'this'
json,../repos/json/single_include/nlohmann/json.hpp,"(20190, 18)-(20190, 22)",b'this'
json,../repos/json/single_include/nlohmann/json.hpp,"(20552, 17)-(20552, 21)",b'this'
json,../repos/json/single_include/nlohmann/json.hpp,"(20585, 21)-(20585, 25)",b'this'
json,../repos/json/single_include/nlohmann/json.hpp,"(20589, 21)-(20589, 25)",b'this'
json,../repos/json/single_include/nlohmann/json.hpp,"(20715, 106)-(20715, 110)",b'this'
json,../repos/json/single_include/nlohmann/json.hpp,"(20913, 47)-(20913, 51)",b'this'
json,../repos/json/single_include/nlohmann/json.hpp,"(20954, 54)-(20954, 58)",b'this'
json,../repos/json/single_include/nlohmann/json.hpp,"(20978, 17)-(20978, 21)",b'this'
json,../repos/json/single_include/nlohmann/json.hpp,"(21001, 17)-(21001, 21)",b'this'
json,../repos/json/single_include/nlohmann/json.hpp,"(21104, 47)-(21104, 51)",b'this'
json,../repos/json/single_include/nlohmann/json.hpp,"(21116, 14)-(21116, 18)",b'this'
json,../repos/json/single_include/nlohmann/json.hpp,"(21129, 43)-(21129, 47)",b'this'
json,../repos/json/single_include/nlohmann/json.hpp,"(21140, 45)-(21140, 49)",b'this'
json,../repos/json/single_include/nlohmann/json.hpp,"(21151, 45)-(21151, 49)",b'this'
json,../repos/json/single_include/nlohmann/json.hpp,"(21211, 109)-(21211, 113)",b'this'
json,../repos/json/single_include/nlohmann/json.hpp,"(21223, 109)-(21223, 113)",b'this'
json,../repos/json/single_include/nlohmann/json.hpp,"(21253, 127)-(21253, 131)",b'this'
json,../repos/json/single_include/nlohmann/json.hpp,"(21258, 102)-(21258, 106)",b'this'
json,../repos/json/single_include/nlohmann/json.hpp,"(21276, 127)-(21276, 131)",b'this'
json,../repos/json/single_include/nlohmann/json.hpp,"(21281, 102)-(21281, 106)",b'this'
json,../repos/json/single_include/nlohmann/json.hpp,"(21292, 102)-(21292, 106)",b'this'
json,../repos/json/single_include/nlohmann/json.hpp,"(21298, 95)-(21298, 99)",b'this'
json,../repos/json/single_include/nlohmann/json.hpp,"(21312, 102)-(21312, 106)",b'this'
json,../repos/json/single_include/nlohmann/json.hpp,"(21318, 128)-(21318, 132)",b'this'
json,../repos/json/single_include/nlohmann/json.hpp,"(21330, 102)-(21330, 106)",b'this'
json,../repos/json/single_include/nlohmann/json.hpp,"(21336, 95)-(21336, 99)",b'this'
json,../repos/json/single_include/nlohmann/json.hpp,"(21350, 102)-(21350, 106)",b'this'
json,../repos/json/single_include/nlohmann/json.hpp,"(21356, 128)-(21356, 132)",b'this'
json,../repos/json/single_include/nlohmann/json.hpp,"(21404, 128)-(21404, 132)",b'this'
json,../repos/json/single_include/nlohmann/json.hpp,"(21417, 128)-(21417, 132)",b'this'
json,../repos/json/single_include/nlohmann/json.hpp,"(21439, 127)-(21439, 131)",b'this'
json,../repos/json/single_include/nlohmann/json.hpp,"(21454, 127)-(21454, 131)",b'this'
json,../repos/json/single_include/nlohmann/json.hpp,"(21492, 127)-(21492, 131)",b'this'
json,../repos/json/single_include/nlohmann/json.hpp,"(21509, 127)-(21509, 131)",b'this'
json,../repos/json/single_include/nlohmann/json.hpp,"(21544, 101)-(21544, 105)",b'this'
json,../repos/json/single_include/nlohmann/json.hpp,"(21569, 101)-(21569, 105)",b'this'
json,../repos/json/single_include/nlohmann/json.hpp,"(21595, 101)-(21595, 105)",b'this'
json,../repos/json/single_include/nlohmann/json.hpp,"(21622, 101)-(21622, 105)",b'this'
json,../repos/json/single_include/nlohmann/json.hpp,"(21638, 40)-(21638, 44)",b'this'
json,../repos/json/single_include/nlohmann/json.hpp,"(21646, 101)-(21646, 105)",b'this'
json,../repos/json/single_include/nlohmann/json.hpp,"(21663, 40)-(21663, 44)",b'this'
json,../repos/json/single_include/nlohmann/json.hpp,"(21671, 101)-(21671, 105)",b'this'
json,../repos/json/single_include/nlohmann/json.hpp,"(21735, 34)-(21735, 38)",b'this'
json,../repos/json/single_include/nlohmann/json.hpp,"(21737, 93)-(21737, 97)",b'this'
json,../repos/json/single_include/nlohmann/json.hpp,"(21753, 87)-(21753, 91)",b'this'
json,../repos/json/single_include/nlohmann/json.hpp,"(21791, 109)-(21791, 113)",b'this'
json,../repos/json/single_include/nlohmann/json.hpp,"(21805, 34)-(21805, 38)",b'this'
json,../repos/json/single_include/nlohmann/json.hpp,"(21805, 60)-(21805, 64)",b'this'
json,../repos/json/single_include/nlohmann/json.hpp,"(21807, 92)-(21807, 96)",b'this'
json,../repos/json/single_include/nlohmann/json.hpp,"(21824, 88)-(21824, 92)",b'this'
json,../repos/json/single_include/nlohmann/json.hpp,"(21864, 109)-(21864, 113)",b'this'
json,../repos/json/single_include/nlohmann/json.hpp,"(21878, 105)-(21878, 109)",b'this'
json,../repos/json/single_include/nlohmann/json.hpp,"(21891, 105)-(21891, 109)",b'this'
json,../repos/json/single_include/nlohmann/json.hpp,"(21932, 127)-(21932, 131)",b'this'
json,../repos/json/single_include/nlohmann/json.hpp,"(21939, 105)-(21939, 109)",b'this'
json,../repos/json/single_include/nlohmann/json.hpp,"(22050, 29)-(22050, 33)",b'this'
json,../repos/json/single_include/nlohmann/json.hpp,"(22057, 29)-(22057, 33)",b'this'
json,../repos/json/single_include/nlohmann/json.hpp,"(22073, 25)-(22073, 29)",b'this'
json,../repos/json/single_include/nlohmann/json.hpp,"(22089, 31)-(22089, 35)",b'this'
json,../repos/json/single_include/nlohmann/json.hpp,"(22098, 25)-(22098, 29)",b'this'
json,../repos/json/single_include/nlohmann/json.hpp,"(22114, 31)-(22114, 35)",b'this'
json,../repos/json/single_include/nlohmann/json.hpp,"(22188, 43)-(22188, 47)",b'this'
json,../repos/json/single_include/nlohmann/json.hpp,"(22195, 49)-(22195, 53)",b'this'
json,../repos/json/single_include/nlohmann/json.hpp,"(22396, 109)-(22396, 113)",b'this'
json,../repos/json/single_include/nlohmann/json.hpp,"(22419, 17)-(22419, 21)",b'this'
json,../repos/json/single_include/nlohmann/json.hpp,"(22429, 109)-(22429, 113)",b'this'
json,../repos/json/single_include/nlohmann/json.hpp,"(22451, 17)-(22451, 21)",b'this'
json,../repos/json/single_include/nlohmann/json.hpp,"(22461, 109)-(22461, 113)",b'this'
json,../repos/json/single_include/nlohmann/json.hpp,"(22482, 17)-(22482, 21)",b'this'
json,../repos/json/single_include/nlohmann/json.hpp,"(22506, 17)-(22506, 21)",b'this'
json,../repos/json/single_include/nlohmann/json.hpp,"(22517, 112)-(22517, 116)",b'this'
json,../repos/json/single_include/nlohmann/json.hpp,"(22542, 107)-(22542, 111)",b'this'
json,../repos/json/single_include/nlohmann/json.hpp,"(22571, 25)-(22571, 29)",b'this'
json,../repos/json/single_include/nlohmann/json.hpp,"(22594, 54)-(22594, 58)",b'this'
json,../repos/json/single_include/nlohmann/json.hpp,"(22596, 97)-(22596, 101)",b'this'
json,../repos/json/single_include/nlohmann/json.hpp,"(22603, 102)-(22603, 106)",b'this'
json,../repos/json/single_include/nlohmann/json.hpp,"(22621, 54)-(22621, 58)",b'this'
json,../repos/json/single_include/nlohmann/json.hpp,"(22623, 97)-(22623, 101)",b'this'
json,../repos/json/single_include/nlohmann/json.hpp,"(22630, 102)-(22630, 106)",b'this'
json,../repos/json/single_include/nlohmann/json.hpp,"(22640, 106)-(22640, 110)",b'this'
json,../repos/json/single_include/nlohmann/json.hpp,"(22644, 50)-(22644, 54)",b'this'
json,../repos/json/single_include/nlohmann/json.hpp,"(22646, 93)-(22646, 97)",b'this'
json,../repos/json/single_include/nlohmann/json.hpp,"(22652, 78)-(22652, 82)",b'this'
json,../repos/json/single_include/nlohmann/json.hpp,"(22655, 52)-(22655, 56)",b'this'
json,../repos/json/single_include/nlohmann/json.hpp,"(22657, 102)-(22657, 106)",b'this'
json,../repos/json/single_include/nlohmann/json.hpp,"(22671, 106)-(22671, 110)",b'this'
json,../repos/json/single_include/nlohmann/json.hpp,"(22675, 50)-(22675, 54)",b'this'
json,../repos/json/single_include/nlohmann/json.hpp,"(22677, 93)-(22677, 97)",b'this'
json,../repos/json/single_include/nlohmann/json.hpp,"(22691, 106)-(22691, 110)",b'this'
json,../repos/json/single_include/nlohmann/json.hpp,"(22697, 78)-(22697, 82)",b'this'
json,../repos/json/single_include/nlohmann/json.hpp,"(22703, 104)-(22703, 108)",b'this'
json,../repos/json/single_include/nlohmann/json.hpp,"(22730, 106)-(22730, 110)",b'this'
json,../repos/json/single_include/nlohmann/json.hpp,"(22736, 78)-(22736, 82)",b'this'
json,../repos/json/single_include/nlohmann/json.hpp,"(22758, 68)-(22758, 72)",b'this'
json,../repos/json/single_include/nlohmann/json.hpp,"(22804, 112)-(22804, 116)",b'this'
json,../repos/json/single_include/nlohmann/json.hpp,"(22820, 113)-(22820, 117)",b'this'
json,../repos/json/single_include/nlohmann/json.hpp,"(22836, 113)-(22836, 117)",b'this'
json,../repos/json/single_include/nlohmann/json.hpp,"(22852, 113)-(22852, 117)",b'this'
json,../repos/json/single_include/nlohmann/json.hpp,"(22868, 129)-(22868, 133)",b'this'
json,../repos/json/single_include/nlohmann/json.hpp,"(22978, 36)-(22978, 40)",b'this'
json,../repos/json/single_include/nlohmann/json.hpp,"(22991, 32)-(22991, 36)",b'this'
json,../repos/json/single_include/nlohmann/json.hpp,"(23004, 17)-(23004, 21)",b'this'
json,../repos/json/single_include/nlohmann/json.hpp,"(23022, 32)-(23022, 36)",b'this'
json,../repos/json/single_include/nlohmann/json.hpp,"(23037, 17)-(23037, 21)",b'this'
json,../repos/json/single_include/nlohmann/json.hpp,"(23053, 25)-(23053, 29)",b'this'
json,../repos/json/single_include/nlohmann/json.hpp,"(23062, 17)-(23062, 21)",b'this'
json,../repos/json/single_include/nlohmann/json.hpp,"(23074, 19)-(23074, 23)",b'this'
json,../repos/json/single_include/nlohmann/json.hpp,"(23083, 17)-(23083, 21)",b'this'
json,../repos/json/single_include/nlohmann/json.hpp,"(23923, 34)-(23923, 38)",b'this'
json,../repos/json/single_include/nlohmann/json.hpp,"(23930, 34)-(23930, 38)",b'this'
json,../repos/json/single_include/nlohmann/json.hpp,"(23937, 34)-(23937, 38)",b'this'
json,../repos/json/single_include/nlohmann/json.hpp,"(23944, 34)-(23944, 38)",b'this'
json,../repos/json/single_include/nlohmann/json.hpp,"(23951, 32)-(23951, 36)",b'this'
json,../repos/json/single_include/nlohmann/json.hpp,"(23958, 32)-(23958, 36)",b'this'
json,../repos/json/single_include/nlohmann/json.hpp,"(23965, 32)-(23965, 36)",b'this'
json,../repos/json/single_include/nlohmann/json.hpp,"(23972, 32)-(23972, 36)",b'this'
json,../repos/json/single_include/nlohmann/json.hpp,"(23980, 36)-(23980, 40)",b'this'
json,../repos/json/single_include/nlohmann/json.hpp,"(23988, 41)-(23988, 45)",b'this'
json,../repos/json/single_include/nlohmann/json.hpp,"(24004, 31)-(24004, 35)",b'this'
json,../repos/json/single_include/nlohmann/json.hpp,"(24107, 40)-(24107, 44)",b'this'
json,../repos/json/single_include/nlohmann/json.hpp,"(24125, 109)-(24125, 113)",b'this'
json,../repos/json/single_include/nlohmann/json.hpp,"(24275, 30)-(24275, 34)",b'this'
json,../repos/json/single_include/nlohmann/json.hpp,"(24431, 18)-(24431, 22)",b'this'
json,../repos/json/single_include/nlohmann/json.hpp,"(24447, 14)-(24447, 18)",b'this'
json,../repos/json/docs/examples/json_base_class_t.cpp,"(40, 47)-(40, 51)",b'this'
json,../repos/json/include/nlohmann/byte_container_with_subtype.hpp,"(59, 57)-(59, 61)",b'this'
json,../repos/json/include/nlohmann/byte_container_with_subtype.hpp,"(65, 26)-(65, 30)",b'this'
json,../repos/json/include/nlohmann/detail/json_pointer.hpp,"(103, 17)-(103, 21)",b'this'
json,../repos/json/include/nlohmann/detail/json_pointer.hpp,"(111, 17)-(111, 21)",b'this'
json,../repos/json/include/nlohmann/detail/json_pointer.hpp,"(118, 17)-(118, 21)",b'this'
json,../repos/json/include/nlohmann/detail/json_pointer.hpp,"(149, 21)-(149, 25)",b'this'
json,../repos/json/include/nlohmann/detail/json_pointer.hpp,"(152, 29)-(152, 33)",b'this'
json,../repos/json/include/nlohmann/detail/json_pointer.hpp,"(259, 32)-(259, 36)",b'this'
json,../repos/json/include/nlohmann/detail/json_pointer.hpp,"(864, 17)-(864, 21)",b'this'
json,../repos/json/include/nlohmann/detail/json_ref.hpp,"(69, 20)-(69, 24)",b'this'
json,../repos/json/include/nlohmann/detail/output/binary_writer.hpp,"(809, 59)-(809, 63)",b'this'
json,../repos/json/include/nlohmann/detail/output/binary_writer.hpp,"(907, 59)-(907, 63)",b'this'
json,../repos/json/include/nlohmann/detail/iterators/json_reverse_iterator.hpp,"(105, 31)-(105, 35)",b'this'
json,../repos/json/include/nlohmann/detail/iterators/json_reverse_iterator.hpp,"(111, 18)-(111, 22)",b'this'
json,../repos/json/include/nlohmann/detail/iterators/json_reverse_iterator.hpp,"(117, 21)-(117, 25)",b'this'
json,../repos/json/include/nlohmann/detail/iterators/json_reverse_iterator.hpp,"(124, 21)-(124, 25)",b'this'
json,../repos/json/include/nlohmann/detail/iterators/primitive_iterator.hpp,"(82, 24)-(82, 28)",b'this'
json,../repos/json/include/nlohmann/detail/iterators/primitive_iterator.hpp,"(95, 17)-(95, 21)",b'this'
json,../repos/json/include/nlohmann/detail/iterators/primitive_iterator.hpp,"(100, 24)-(100, 28)",b'this'
json,../repos/json/include/nlohmann/detail/iterators/primitive_iterator.hpp,"(108, 17)-(108, 21)",b'this'
json,../repos/json/include/nlohmann/detail/iterators/primitive_iterator.hpp,"(113, 24)-(113, 28)",b'this'
json,../repos/json/include/nlohmann/detail/iterators/primitive_iterator.hpp,"(121, 17)-(121, 21)",b'this'
json,../repos/json/include/nlohmann/detail/iterators/primitive_iterator.hpp,"(127, 17)-(127, 21)",b'this'
json,../repos/json/include/nlohmann/detail/iterators/iteration_proxy.hpp,"(81, 17)-(81, 21)",b'this'
json,../repos/json/include/nlohmann/detail/iterators/iteration_proxy.hpp,"(90, 17)-(90, 21)",b'this'
json,../repos/json/include/nlohmann/detail/iterators/iter_impl.hpp,"(162, 23)-(162, 27)",b'this'
json,../repos/json/include/nlohmann/detail/iterators/iter_impl.hpp,"(167, 17)-(167, 21)",b'this'
json,../repos/json/include/nlohmann/detail/iterators/iter_impl.hpp,"(189, 17)-(189, 21)",b'this'
json,../repos/json/include/nlohmann/detail/iterators/iter_impl.hpp,"(368, 24)-(368, 28)",b'this'
json,../repos/json/include/nlohmann/detail/iterators/iter_impl.hpp,"(369, 13)-(369, 17)",b'this'
json,../repos/json/include/nlohmann/detail/iterators/iter_impl.hpp,"(410, 17)-(410, 21)",b'this'
json,../repos/json/include/nlohmann/detail/iterators/iter_impl.hpp,"(419, 24)-(419, 28)",b'this'
json,../repos/json/include/nlohmann/detail/iterators/iter_impl.hpp,"(420, 13)-(420, 17)",b'this'
json,../repos/json/include/nlohmann/detail/iterators/iter_impl.hpp,"(461, 17)-(461, 21)",b'this'
json,../repos/json/include/nlohmann/detail/iterators/iter_impl.hpp,"(551, 36)-(551, 40)",b'this'
json,../repos/json/include/nlohmann/detail/iterators/iter_impl.hpp,"(606, 17)-(606, 21)",b'this'
json,../repos/json/include/nlohmann/detail/iterators/iter_impl.hpp,"(624, 24)-(624, 28)",b'this'
json,../repos/json/include/nlohmann/detail/iterators/iter_impl.hpp,"(646, 24)-(646, 28)",b'this'
json,../repos/json/include/nlohmann/ordered_map.hpp,"(56, 24)-(56, 28)",b'this'
json,../repos/json/include/nlohmann/ordered_map.hpp,"(56, 45)-(56, 49)",b'this'
json,../repos/json/include/nlohmann/ordered_map.hpp,"(64, 27)-(64, 31)",b'this'
json,../repos/json/include/nlohmann/ordered_map.hpp,"(71, 24)-(71, 28)",b'this'
json,../repos/json/include/nlohmann/ordered_map.hpp,"(71, 45)-(71, 49)",b'this'
json,../repos/json/include/nlohmann/ordered_map.hpp,"(79, 27)-(79, 31)",b'this'
json,../repos/json/include/nlohmann/ordered_map.hpp,"(108, 24)-(108, 28)",b'this'
json,../repos/json/include/nlohmann/ordered_map.hpp,"(108, 45)-(108, 49)",b'this'
json,../repos/json/include/nlohmann/ordered_map.hpp,"(123, 24)-(123, 28)",b'this'
json,../repos/json/include/nlohmann/ordered_map.hpp,"(123, 45)-(123, 49)",b'this'
json,../repos/json/include/nlohmann/ordered_map.hpp,"(136, 24)-(136, 28)",b'this'
json,../repos/json/include/nlohmann/ordered_map.hpp,"(136, 45)-(136, 49)",b'this'
json,../repos/json/include/nlohmann/ordered_map.hpp,"(151, 24)-(151, 28)",b'this'
json,../repos/json/include/nlohmann/ordered_map.hpp,"(151, 45)-(151, 49)",b'this'
json,../repos/json/include/nlohmann/ordered_map.hpp,"(164, 24)-(164, 28)",b'this'
json,../repos/json/include/nlohmann/ordered_map.hpp,"(164, 45)-(164, 49)",b'this'
json,../repos/json/include/nlohmann/ordered_map.hpp,"(169, 48)-(169, 52)",b'this'
json,../repos/json/include/nlohmann/ordered_map.hpp,"(185, 24)-(185, 28)",b'this'
json,../repos/json/include/nlohmann/ordered_map.hpp,"(185, 45)-(185, 49)",b'this'
json,../repos/json/include/nlohmann/ordered_map.hpp,"(190, 48)-(190, 52)",b'this'
json,../repos/json/include/nlohmann/ordered_map.hpp,"(248, 27)-(248, 31)",b'this'
json,../repos/json/include/nlohmann/ordered_map.hpp,"(262, 24)-(262, 28)",b'this'
json,../repos/json/include/nlohmann/ordered_map.hpp,"(262, 45)-(262, 49)",b'this'
json,../repos/json/include/nlohmann/ordered_map.hpp,"(276, 24)-(276, 28)",b'this'
json,../repos/json/include/nlohmann/ordered_map.hpp,"(276, 45)-(276, 49)",b'this'
json,../repos/json/include/nlohmann/ordered_map.hpp,"(288, 24)-(288, 28)",b'this'
json,../repos/json/include/nlohmann/ordered_map.hpp,"(288, 45)-(288, 49)",b'this'
json,../repos/json/include/nlohmann/ordered_map.hpp,"(302, 24)-(302, 28)",b'this'
json,../repos/json/include/nlohmann/ordered_map.hpp,"(302, 45)-(302, 49)",b'this'
json,../repos/json/include/nlohmann/ordered_map.hpp,"(314, 24)-(314, 28)",b'this'
json,../repos/json/include/nlohmann/ordered_map.hpp,"(314, 45)-(314, 49)",b'this'
json,../repos/json/include/nlohmann/ordered_map.hpp,"(331, 24)-(331, 28)",b'this'
json,../repos/json/include/nlohmann/ordered_map.hpp,"(331, 45)-(331, 49)",b'this'
json,../repos/json/include/nlohmann/ordered_map.hpp,"(339, 19)-(339, 23)",b'this'
json,../repos/json/include/nlohmann/json.hpp,"(693, 92)-(693, 96)",b'this'
json,../repos/json/include/nlohmann/json.hpp,"(695, 38)-(695, 42)",b'this'
json,../repos/json/include/nlohmann/json.hpp,"(712, 40)-(712, 44)",b'this'
json,../repos/json/include/nlohmann/json.hpp,"(721, 47)-(721, 51)",b'this'
json,../repos/json/include/nlohmann/json.hpp,"(745, 34)-(745, 38)",b'this'
json,../repos/json/include/nlohmann/json.hpp,"(783, 22)-(783, 26)",b'this'
json,../repos/json/include/nlohmann/json.hpp,"(839, 37)-(839, 41)",b'this'
json,../repos/json/include/nlohmann/json.hpp,"(863, 59)-(863, 63)",b'this'
json,../repos/json/include/nlohmann/json.hpp,"(866, 64)-(866, 68)",b'this'
json,../repos/json/include/nlohmann/json.hpp,"(869, 66)-(869, 70)",b'this'
json,../repos/json/include/nlohmann/json.hpp,"(872, 67)-(872, 71)",b'this'
json,../repos/json/include/nlohmann/json.hpp,"(875, 58)-(875, 62)",b'this'
json,../repos/json/include/nlohmann/json.hpp,"(878, 58)-(878, 62)",b'this'
json,../repos/json/include/nlohmann/json.hpp,"(881, 57)-(881, 61)",b'this'
json,../repos/json/include/nlohmann/json.hpp,"(884, 58)-(884, 62)",b'this'
json,../repos/json/include/nlohmann/json.hpp,"(887, 18)-(887, 22)",b'this'
json,../repos/json/include/nlohmann/json.hpp,"(1249, 17)-(1249, 21)",b'this'
json,../repos/json/include/nlohmann/json.hpp,"(1282, 21)-(1282, 25)",b'this'
json,../repos/json/include/nlohmann/json.hpp,"(1286, 21)-(1286, 25)",b'this'
json,../repos/json/include/nlohmann/json.hpp,"(1412, 106)-(1412, 110)",b'this'
json,../repos/json/include/nlohmann/json.hpp,"(1610, 47)-(1610, 51)",b'this'
json,../repos/json/include/nlohmann/json.hpp,"(1651, 54)-(1651, 58)",b'this'
json,../repos/json/include/nlohmann/json.hpp,"(1675, 17)-(1675, 21)",b'this'
json,../repos/json/include/nlohmann/json.hpp,"(1698, 17)-(1698, 21)",b'this'
json,../repos/json/include/nlohmann/json.hpp,"(1801, 47)-(1801, 51)",b'this'
json,../repos/json/include/nlohmann/json.hpp,"(1813, 14)-(1813, 18)",b'this'
json,../repos/json/include/nlohmann/json.hpp,"(1826, 43)-(1826, 47)",b'this'
json,../repos/json/include/nlohmann/json.hpp,"(1837, 45)-(1837, 49)",b'this'
json,../repos/json/include/nlohmann/json.hpp,"(1848, 45)-(1848, 49)",b'this'
json,../repos/json/include/nlohmann/json.hpp,"(1908, 109)-(1908, 113)",b'this'
json,../repos/json/include/nlohmann/json.hpp,"(1920, 109)-(1920, 113)",b'this'
json,../repos/json/include/nlohmann/json.hpp,"(1950, 127)-(1950, 131)",b'this'
json,../repos/json/include/nlohmann/json.hpp,"(1955, 102)-(1955, 106)",b'this'
json,../repos/json/include/nlohmann/json.hpp,"(1973, 127)-(1973, 131)",b'this'
json,../repos/json/include/nlohmann/json.hpp,"(1978, 102)-(1978, 106)",b'this'
json,../repos/json/include/nlohmann/json.hpp,"(1989, 102)-(1989, 106)",b'this'
json,../repos/json/include/nlohmann/json.hpp,"(1995, 95)-(1995, 99)",b'this'
json,../repos/json/include/nlohmann/json.hpp,"(2009, 102)-(2009, 106)",b'this'
json,../repos/json/include/nlohmann/json.hpp,"(2015, 128)-(2015, 132)",b'this'
json,../repos/json/include/nlohmann/json.hpp,"(2027, 102)-(2027, 106)",b'this'
json,../repos/json/include/nlohmann/json.hpp,"(2033, 95)-(2033, 99)",b'this'
json,../repos/json/include/nlohmann/json.hpp,"(2047, 102)-(2047, 106)",b'this'
json,../repos/json/include/nlohmann/json.hpp,"(2053, 128)-(2053, 132)",b'this'
json,../repos/json/include/nlohmann/json.hpp,"(2101, 128)-(2101, 132)",b'this'
json,../repos/json/include/nlohmann/json.hpp,"(2114, 128)-(2114, 132)",b'this'
json,../repos/json/include/nlohmann/json.hpp,"(2136, 127)-(2136, 131)",b'this'
json,../repos/json/include/nlohmann/json.hpp,"(2151, 127)-(2151, 131)",b'this'
json,../repos/json/include/nlohmann/json.hpp,"(2189, 127)-(2189, 131)",b'this'
json,../repos/json/include/nlohmann/json.hpp,"(2206, 127)-(2206, 131)",b'this'
json,../repos/json/include/nlohmann/json.hpp,"(2241, 101)-(2241, 105)",b'this'
json,../repos/json/include/nlohmann/json.hpp,"(2266, 101)-(2266, 105)",b'this'
json,../repos/json/include/nlohmann/json.hpp,"(2292, 101)-(2292, 105)",b'this'
json,../repos/json/include/nlohmann/json.hpp,"(2319, 101)-(2319, 105)",b'this'
json,../repos/json/include/nlohmann/json.hpp,"(2335, 40)-(2335, 44)",b'this'
json,../repos/json/include/nlohmann/json.hpp,"(2343, 101)-(2343, 105)",b'this'
json,../repos/json/include/nlohmann/json.hpp,"(2360, 40)-(2360, 44)",b'this'
json,../repos/json/include/nlohmann/json.hpp,"(2368, 101)-(2368, 105)",b'this'
json,../repos/json/include/nlohmann/json.hpp,"(2432, 34)-(2432, 38)",b'this'
json,../repos/json/include/nlohmann/json.hpp,"(2434, 93)-(2434, 97)",b'this'
json,../repos/json/include/nlohmann/json.hpp,"(2450, 87)-(2450, 91)",b'this'
json,../repos/json/include/nlohmann/json.hpp,"(2488, 109)-(2488, 113)",b'this'
json,../repos/json/include/nlohmann/json.hpp,"(2502, 34)-(2502, 38)",b'this'
json,../repos/json/include/nlohmann/json.hpp,"(2502, 60)-(2502, 64)",b'this'
json,../repos/json/include/nlohmann/json.hpp,"(2504, 92)-(2504, 96)",b'this'
json,../repos/json/include/nlohmann/json.hpp,"(2521, 88)-(2521, 92)",b'this'
json,../repos/json/include/nlohmann/json.hpp,"(2561, 109)-(2561, 113)",b'this'
json,../repos/json/include/nlohmann/json.hpp,"(2575, 105)-(2575, 109)",b'this'
json,../repos/json/include/nlohmann/json.hpp,"(2588, 105)-(2588, 109)",b'this'
json,../repos/json/include/nlohmann/json.hpp,"(2629, 127)-(2629, 131)",b'this'
json,../repos/json/include/nlohmann/json.hpp,"(2636, 105)-(2636, 109)",b'this'
json,../repos/json/include/nlohmann/json.hpp,"(2747, 29)-(2747, 33)",b'this'
json,../repos/json/include/nlohmann/json.hpp,"(2754, 29)-(2754, 33)",b'this'
json,../repos/json/include/nlohmann/json.hpp,"(2770, 25)-(2770, 29)",b'this'
json,../repos/json/include/nlohmann/json.hpp,"(2786, 31)-(2786, 35)",b'this'
json,../repos/json/include/nlohmann/json.hpp,"(2795, 25)-(2795, 29)",b'this'
json,../repos/json/include/nlohmann/json.hpp,"(2811, 31)-(2811, 35)",b'this'
json,../repos/json/include/nlohmann/json.hpp,"(2885, 43)-(2885, 47)",b'this'
json,../repos/json/include/nlohmann/json.hpp,"(2892, 49)-(2892, 53)",b'this'
json,../repos/json/include/nlohmann/json.hpp,"(3093, 109)-(3093, 113)",b'this'
json,../repos/json/include/nlohmann/json.hpp,"(3116, 17)-(3116, 21)",b'this'
json,../repos/json/include/nlohmann/json.hpp,"(3126, 109)-(3126, 113)",b'this'
json,../repos/json/include/nlohmann/json.hpp,"(3148, 17)-(3148, 21)",b'this'
json,../repos/json/include/nlohmann/json.hpp,"(3158, 109)-(3158, 113)",b'this'
json,../repos/json/include/nlohmann/json.hpp,"(3179, 17)-(3179, 21)",b'this'
json,../repos/json/include/nlohmann/json.hpp,"(3203, 17)-(3203, 21)",b'this'
json,../repos/json/include/nlohmann/json.hpp,"(3214, 112)-(3214, 116)",b'this'
json,../repos/json/include/nlohmann/json.hpp,"(3239, 107)-(3239, 111)",b'this'
json,../repos/json/include/nlohmann/json.hpp,"(3268, 25)-(3268, 29)",b'this'
json,../repos/json/include/nlohmann/json.hpp,"(3291, 54)-(3291, 58)",b'this'
json,../repos/json/include/nlohmann/json.hpp,"(3293, 97)-(3293, 101)",b'this'
json,../repos/json/include/nlohmann/json.hpp,"(3300, 102)-(3300, 106)",b'this'
json,../repos/json/include/nlohmann/json.hpp,"(3318, 54)-(3318, 58)",b'this'
json,../repos/json/include/nlohmann/json.hpp,"(3320, 97)-(3320, 101)",b'this'
json,../repos/json/include/nlohmann/json.hpp,"(3327, 102)-(3327, 106)",b'this'
json,../repos/json/include/nlohmann/json.hpp,"(3337, 106)-(3337, 110)",b'this'
json,../repos/json/include/nlohmann/json.hpp,"(3341, 50)-(3341, 54)",b'this'
json,../repos/json/include/nlohmann/json.hpp,"(3343, 93)-(3343, 97)",b'this'
json,../repos/json/include/nlohmann/json.hpp,"(3349, 78)-(3349, 82)",b'this'
json,../repos/json/include/nlohmann/json.hpp,"(3352, 52)-(3352, 56)",b'this'
json,../repos/json/include/nlohmann/json.hpp,"(3354, 102)-(3354, 106)",b'this'
json,../repos/json/include/nlohmann/json.hpp,"(3368, 106)-(3368, 110)",b'this'
json,../repos/json/include/nlohmann/json.hpp,"(3372, 50)-(3372, 54)",b'this'
json,../repos/json/include/nlohmann/json.hpp,"(3374, 93)-(3374, 97)",b'this'
json,../repos/json/include/nlohmann/json.hpp,"(3388, 106)-(3388, 110)",b'this'
json,../repos/json/include/nlohmann/json.hpp,"(3394, 78)-(3394, 82)",b'this'
json,../repos/json/include/nlohmann/json.hpp,"(3400, 104)-(3400, 108)",b'this'
json,../repos/json/include/nlohmann/json.hpp,"(3427, 106)-(3427, 110)",b'this'
json,../repos/json/include/nlohmann/json.hpp,"(3433, 78)-(3433, 82)",b'this'
json,../repos/json/include/nlohmann/json.hpp,"(3455, 68)-(3455, 72)",b'this'
json,../repos/json/include/nlohmann/json.hpp,"(3501, 112)-(3501, 116)",b'this'
json,../repos/json/include/nlohmann/json.hpp,"(3517, 113)-(3517, 117)",b'this'
json,../repos/json/include/nlohmann/json.hpp,"(3533, 113)-(3533, 117)",b'this'
json,../repos/json/include/nlohmann/json.hpp,"(3549, 113)-(3549, 117)",b'this'
json,../repos/json/include/nlohmann/json.hpp,"(3565, 129)-(3565, 133)",b'this'
json,../repos/json/include/nlohmann/json.hpp,"(3675, 36)-(3675, 40)",b'this'
json,../repos/json/include/nlohmann/json.hpp,"(3688, 32)-(3688, 36)",b'this'
json,../repos/json/include/nlohmann/json.hpp,"(3701, 17)-(3701, 21)",b'this'
json,../repos/json/include/nlohmann/json.hpp,"(3719, 32)-(3719, 36)",b'this'
json,../repos/json/include/nlohmann/json.hpp,"(3734, 17)-(3734, 21)",b'this'
json,../repos/json/include/nlohmann/json.hpp,"(3750, 25)-(3750, 29)",b'this'
json,../repos/json/include/nlohmann/json.hpp,"(3759, 17)-(3759, 21)",b'this'
json,../repos/json/include/nlohmann/json.hpp,"(3771, 19)-(3771, 23)",b'this'
json,../repos/json/include/nlohmann/json.hpp,"(3780, 17)-(3780, 21)",b'this'
json,../repos/json/include/nlohmann/json.hpp,"(4620, 34)-(4620, 38)",b'this'
json,../repos/json/include/nlohmann/json.hpp,"(4627, 34)-(4627, 38)",b'this'
json,../repos/json/include/nlohmann/json.hpp,"(4634, 34)-(4634, 38)",b'this'
json,../repos/json/include/nlohmann/json.hpp,"(4641, 34)-(4641, 38)",b'this'
json,../repos/json/include/nlohmann/json.hpp,"(4648, 32)-(4648, 36)",b'this'
json,../repos/json/include/nlohmann/json.hpp,"(4655, 32)-(4655, 36)",b'this'
json,../repos/json/include/nlohmann/json.hpp,"(4662, 32)-(4662, 36)",b'this'
json,../repos/json/include/nlohmann/json.hpp,"(4669, 32)-(4669, 36)",b'this'
json,../repos/json/include/nlohmann/json.hpp,"(4677, 36)-(4677, 40)",b'this'
json,../repos/json/include/nlohmann/json.hpp,"(4685, 41)-(4685, 45)",b'this'
json,../repos/json/include/nlohmann/json.hpp,"(4701, 31)-(4701, 35)",b'this'
json,../repos/json/include/nlohmann/json.hpp,"(4804, 40)-(4804, 44)",b'this'
json,../repos/json/include/nlohmann/json.hpp,"(4822, 109)-(4822, 113)",b'this'
json,../repos/json/include/nlohmann/json.hpp,"(4972, 30)-(4972, 34)",b'this'
json,../repos/json/include/nlohmann/json.hpp,"(5128, 18)-(5128, 22)",b'this'
json,../repos/json/include/nlohmann/json.hpp,"(5144, 14)-(5144, 18)",b'this'
json,../repos/json/tests/src/unit-convenience.cpp,"(55, 17)-(55, 21)",b'this'
json,../repos/json/tests/src/unit-convenience.cpp,"(91, 17)-(91, 21)",b'this'
json,../repos/json/tests/src/unit-deserialization.cpp,"(190, 17)-(190, 21)",b'this'
json,../repos/json/tests/src/unit-deserialization.cpp,"(196, 17)-(196, 21)",b'this'
json,../repos/json/tests/src/unit-deserialization.cpp,"(206, 19)-(206, 23)",b'this'
json,../repos/json/tests/src/unit-user_defined_input.cpp,"(97, 21)-(97, 25)",b'this'
json,../repos/json/tests/src/unit-custom-base-class.cpp,"(222, 80)-(222, 84)",b'this'
json,../repos/json/tests/src/unit-alt-string.cpp,"(42, 17)-(42, 21)",b'this'
json,../repos/json/tests/src/unit-alt-string.cpp,"(157, 17)-(157, 21)",b'this'
json,../repos/json/tests/abi/include/nlohmann/json_v3_10_5.hpp,"(4356, 17)-(4356, 21)",b'this'
json,../repos/json/tests/abi/include/nlohmann/json_v3_10_5.hpp,"(4365, 17)-(4365, 21)",b'this'
json,../repos/json/tests/abi/include/nlohmann/json_v3_10_5.hpp,"(5009, 57)-(5009, 61)",b'this'
json,../repos/json/tests/abi/include/nlohmann/json_v3_10_5.hpp,"(5015, 26)-(5015, 30)",b'this'
json,../repos/json/tests/abi/include/nlohmann/json_v3_10_5.hpp,"(11286, 24)-(11286, 28)",b'this'
json,../repos/json/tests/abi/include/nlohmann/json_v3_10_5.hpp,"(11299, 17)-(11299, 21)",b'this'
json,../repos/json/tests/abi/include/nlohmann/json_v3_10_5.hpp,"(11304, 24)-(11304, 28)",b'this'
json,../repos/json/tests/abi/include/nlohmann/json_v3_10_5.hpp,"(11312, 17)-(11312, 21)",b'this'
json,../repos/json/tests/abi/include/nlohmann/json_v3_10_5.hpp,"(11317, 24)-(11317, 28)",b'this'
json,../repos/json/tests/abi/include/nlohmann/json_v3_10_5.hpp,"(11325, 17)-(11325, 21)",b'this'
json,../repos/json/tests/abi/include/nlohmann/json_v3_10_5.hpp,"(11331, 17)-(11331, 21)",b'this'
json,../repos/json/tests/abi/include/nlohmann/json_v3_10_5.hpp,"(11518, 23)-(11518, 27)",b'this'
json,../repos/json/tests/abi/include/nlohmann/json_v3_10_5.hpp,"(11523, 17)-(11523, 21)",b'this'
json,../repos/json/tests/abi/include/nlohmann/json_v3_10_5.hpp,"(11545, 17)-(11545, 21)",b'this'
json,../repos/json/tests/abi/include/nlohmann/json_v3_10_5.hpp,"(11724, 24)-(11724, 28)",b'this'
json,../repos/json/tests/abi/include/nlohmann/json_v3_10_5.hpp,"(11725, 13)-(11725, 17)",b'this'
json,../repos/json/tests/abi/include/nlohmann/json_v3_10_5.hpp,"(11766, 17)-(11766, 21)",b'this'
json,../repos/json/tests/abi/include/nlohmann/json_v3_10_5.hpp,"(11775, 24)-(11775, 28)",b'this'
json,../repos/json/tests/abi/include/nlohmann/json_v3_10_5.hpp,"(11776, 13)-(11776, 17)",b'this'
json,../repos/json/tests/abi/include/nlohmann/json_v3_10_5.hpp,"(11817, 17)-(11817, 21)",b'this'
json,../repos/json/tests/abi/include/nlohmann/json_v3_10_5.hpp,"(11907, 36)-(11907, 40)",b'this'
json,../repos/json/tests/abi/include/nlohmann/json_v3_10_5.hpp,"(11962, 17)-(11962, 21)",b'this'
json,../repos/json/tests/abi/include/nlohmann/json_v3_10_5.hpp,"(11980, 24)-(11980, 28)",b'this'
json,../repos/json/tests/abi/include/nlohmann/json_v3_10_5.hpp,"(12002, 24)-(12002, 28)",b'this'
json,../repos/json/tests/abi/include/nlohmann/json_v3_10_5.hpp,"(12205, 31)-(12205, 35)",b'this'
json,../repos/json/tests/abi/include/nlohmann/json_v3_10_5.hpp,"(12211, 18)-(12211, 22)",b'this'
json,../repos/json/tests/abi/include/nlohmann/json_v3_10_5.hpp,"(12217, 21)-(12217, 25)",b'this'
json,../repos/json/tests/abi/include/nlohmann/json_v3_10_5.hpp,"(12224, 21)-(12224, 25)",b'this'
json,../repos/json/tests/abi/include/nlohmann/json_v3_10_5.hpp,"(12298, 17)-(12298, 21)",b'this'
json,../repos/json/tests/abi/include/nlohmann/json_v3_10_5.hpp,"(12306, 17)-(12306, 21)",b'this'
json,../repos/json/tests/abi/include/nlohmann/json_v3_10_5.hpp,"(12313, 17)-(12313, 21)",b'this'
json,../repos/json/tests/abi/include/nlohmann/json_v3_10_5.hpp,"(12344, 21)-(12344, 25)",b'this'
json,../repos/json/tests/abi/include/nlohmann/json_v3_10_5.hpp,"(12347, 29)-(12347, 33)",b'this'
json,../repos/json/tests/abi/include/nlohmann/json_v3_10_5.hpp,"(12459, 32)-(12459, 36)",b'this'
json,../repos/json/tests/abi/include/nlohmann/json_v3_10_5.hpp,"(13126, 20)-(13126, 24)",b'this'
json,../repos/json/tests/abi/include/nlohmann/json_v3_10_5.hpp,"(14082, 59)-(14082, 63)",b'this'
json,../repos/json/tests/abi/include/nlohmann/json_v3_10_5.hpp,"(14170, 59)-(14170, 63)",b'this'
json,../repos/json/tests/abi/include/nlohmann/json_v3_10_5.hpp,"(17060, 24)-(17060, 28)",b'this'
json,../repos/json/tests/abi/include/nlohmann/json_v3_10_5.hpp,"(17060, 45)-(17060, 49)",b'this'
json,../repos/json/tests/abi/include/nlohmann/json_v3_10_5.hpp,"(17068, 19)-(17068, 23)",b'this'
json,../repos/json/tests/abi/include/nlohmann/json_v3_10_5.hpp,"(17083, 24)-(17083, 28)",b'this'
json,../repos/json/tests/abi/include/nlohmann/json_v3_10_5.hpp,"(17083, 45)-(17083, 49)",b'this'
json,../repos/json/tests/abi/include/nlohmann/json_v3_10_5.hpp,"(17096, 24)-(17096, 28)",b'this'
json,../repos/json/tests/abi/include/nlohmann/json_v3_10_5.hpp,"(17096, 45)-(17096, 49)",b'this'
json,../repos/json/tests/abi/include/nlohmann/json_v3_10_5.hpp,"(17109, 24)-(17109, 28)",b'this'
json,../repos/json/tests/abi/include/nlohmann/json_v3_10_5.hpp,"(17109, 45)-(17109, 49)",b'this'
json,../repos/json/tests/abi/include/nlohmann/json_v3_10_5.hpp,"(17114, 48)-(17114, 52)",b'this'
json,../repos/json/tests/abi/include/nlohmann/json_v3_10_5.hpp,"(17167, 27)-(17167, 31)",b'this'
json,../repos/json/tests/abi/include/nlohmann/json_v3_10_5.hpp,"(17181, 24)-(17181, 28)",b'this'
json,../repos/json/tests/abi/include/nlohmann/json_v3_10_5.hpp,"(17181, 45)-(17181, 49)",b'this'
json,../repos/json/tests/abi/include/nlohmann/json_v3_10_5.hpp,"(17193, 24)-(17193, 28)",b'this'
json,../repos/json/tests/abi/include/nlohmann/json_v3_10_5.hpp,"(17193, 45)-(17193, 49)",b'this'
json,../repos/json/tests/abi/include/nlohmann/json_v3_10_5.hpp,"(17205, 24)-(17205, 28)",b'this'
json,../repos/json/tests/abi/include/nlohmann/json_v3_10_5.hpp,"(17205, 45)-(17205, 49)",b'this'
json,../repos/json/tests/abi/include/nlohmann/json_v3_10_5.hpp,"(17222, 24)-(17222, 28)",b'this'
json,../repos/json/tests/abi/include/nlohmann/json_v3_10_5.hpp,"(17222, 45)-(17222, 49)",b'this'
json,../repos/json/tests/abi/include/nlohmann/json_v3_10_5.hpp,"(17230, 19)-(17230, 23)",b'this'
json,../repos/json/tests/abi/include/nlohmann/json_v3_10_5.hpp,"(17851, 92)-(17851, 96)",b'this'
json,../repos/json/tests/abi/include/nlohmann/json_v3_10_5.hpp,"(17853, 38)-(17853, 42)",b'this'
json,../repos/json/tests/abi/include/nlohmann/json_v3_10_5.hpp,"(17870, 40)-(17870, 44)",b'this'
json,../repos/json/tests/abi/include/nlohmann/json_v3_10_5.hpp,"(17879, 47)-(17879, 51)",b'this'
json,../repos/json/tests/abi/include/nlohmann/json_v3_10_5.hpp,"(17903, 34)-(17903, 38)",b'this'
json,../repos/json/tests/abi/include/nlohmann/json_v3_10_5.hpp,"(17941, 22)-(17941, 26)",b'this'
json,../repos/json/tests/abi/include/nlohmann/json_v3_10_5.hpp,"(17997, 37)-(17997, 41)",b'this'
json,../repos/json/tests/abi/include/nlohmann/json_v3_10_5.hpp,"(18021, 59)-(18021, 63)",b'this'
json,../repos/json/tests/abi/include/nlohmann/json_v3_10_5.hpp,"(18024, 64)-(18024, 68)",b'this'
json,../repos/json/tests/abi/include/nlohmann/json_v3_10_5.hpp,"(18027, 66)-(18027, 70)",b'this'
json,../repos/json/tests/abi/include/nlohmann/json_v3_10_5.hpp,"(18030, 67)-(18030, 71)",b'this'
json,../repos/json/tests/abi/include/nlohmann/json_v3_10_5.hpp,"(18033, 58)-(18033, 62)",b'this'
json,../repos/json/tests/abi/include/nlohmann/json_v3_10_5.hpp,"(18036, 58)-(18036, 62)",b'this'
json,../repos/json/tests/abi/include/nlohmann/json_v3_10_5.hpp,"(18039, 57)-(18039, 61)",b'this'
json,../repos/json/tests/abi/include/nlohmann/json_v3_10_5.hpp,"(18042, 58)-(18042, 62)",b'this'
json,../repos/json/tests/abi/include/nlohmann/json_v3_10_5.hpp,"(18045, 18)-(18045, 22)",b'this'
json,../repos/json/tests/abi/include/nlohmann/json_v3_10_5.hpp,"(18402, 17)-(18402, 21)",b'this'
json,../repos/json/tests/abi/include/nlohmann/json_v3_10_5.hpp,"(18436, 21)-(18436, 25)",b'this'
json,../repos/json/tests/abi/include/nlohmann/json_v3_10_5.hpp,"(18440, 21)-(18440, 25)",b'this'
json,../repos/json/tests/abi/include/nlohmann/json_v3_10_5.hpp,"(18566, 105)-(18566, 109)",b'this'
json,../repos/json/tests/abi/include/nlohmann/json_v3_10_5.hpp,"(18764, 47)-(18764, 51)",b'this'
json,../repos/json/tests/abi/include/nlohmann/json_v3_10_5.hpp,"(18805, 54)-(18805, 58)",b'this'
json,../repos/json/tests/abi/include/nlohmann/json_v3_10_5.hpp,"(18829, 17)-(18829, 21)",b'this'
json,../repos/json/tests/abi/include/nlohmann/json_v3_10_5.hpp,"(18852, 17)-(18852, 21)",b'this'
json,../repos/json/tests/abi/include/nlohmann/json_v3_10_5.hpp,"(18955, 47)-(18955, 51)",b'this'
json,../repos/json/tests/abi/include/nlohmann/json_v3_10_5.hpp,"(18967, 14)-(18967, 18)",b'this'
json,../repos/json/tests/abi/include/nlohmann/json_v3_10_5.hpp,"(18980, 43)-(18980, 47)",b'this'
json,../repos/json/tests/abi/include/nlohmann/json_v3_10_5.hpp,"(18991, 45)-(18991, 49)",b'this'
json,../repos/json/tests/abi/include/nlohmann/json_v3_10_5.hpp,"(19002, 45)-(19002, 49)",b'this'
json,../repos/json/tests/abi/include/nlohmann/json_v3_10_5.hpp,"(19059, 108)-(19059, 112)",b'this'
json,../repos/json/tests/abi/include/nlohmann/json_v3_10_5.hpp,"(19071, 108)-(19071, 112)",b'this'
json,../repos/json/tests/abi/include/nlohmann/json_v3_10_5.hpp,"(19102, 114)-(19102, 118)",b'this'
json,../repos/json/tests/abi/include/nlohmann/json_v3_10_5.hpp,"(19107, 101)-(19107, 105)",b'this'
json,../repos/json/tests/abi/include/nlohmann/json_v3_10_5.hpp,"(19125, 114)-(19125, 118)",b'this'
json,../repos/json/tests/abi/include/nlohmann/json_v3_10_5.hpp,"(19130, 101)-(19130, 105)",b'this'
json,../repos/json/tests/abi/include/nlohmann/json_v3_10_5.hpp,"(19148, 86)-(19148, 90)",b'this'
json,../repos/json/tests/abi/include/nlohmann/json_v3_10_5.hpp,"(19153, 101)-(19153, 105)",b'this'
json,../repos/json/tests/abi/include/nlohmann/json_v3_10_5.hpp,"(19171, 86)-(19171, 90)",b'this'
json,../repos/json/tests/abi/include/nlohmann/json_v3_10_5.hpp,"(19176, 101)-(19176, 105)",b'this'
json,../repos/json/tests/abi/include/nlohmann/json_v3_10_5.hpp,"(19223, 127)-(19223, 131)",b'this'
json,../repos/json/tests/abi/include/nlohmann/json_v3_10_5.hpp,"(19236, 127)-(19236, 131)",b'this'
json,../repos/json/tests/abi/include/nlohmann/json_v3_10_5.hpp,"(19257, 126)-(19257, 130)",b'this'
json,../repos/json/tests/abi/include/nlohmann/json_v3_10_5.hpp,"(19271, 126)-(19271, 130)",b'this'
json,../repos/json/tests/abi/include/nlohmann/json_v3_10_5.hpp,"(19294, 126)-(19294, 130)",b'this'
json,../repos/json/tests/abi/include/nlohmann/json_v3_10_5.hpp,"(19310, 126)-(19310, 130)",b'this'
json,../repos/json/tests/abi/include/nlohmann/json_v3_10_5.hpp,"(19334, 100)-(19334, 104)",b'this'
json,../repos/json/tests/abi/include/nlohmann/json_v3_10_5.hpp,"(19357, 40)-(19357, 44)",b'this'
json,../repos/json/tests/abi/include/nlohmann/json_v3_10_5.hpp,"(19365, 100)-(19365, 104)",b'this'
json,../repos/json/tests/abi/include/nlohmann/json_v3_10_5.hpp,"(19418, 34)-(19418, 38)",b'this'
json,../repos/json/tests/abi/include/nlohmann/json_v3_10_5.hpp,"(19420, 94)-(19420, 98)",b'this'
json,../repos/json/tests/abi/include/nlohmann/json_v3_10_5.hpp,"(19436, 88)-(19436, 92)",b'this'
json,../repos/json/tests/abi/include/nlohmann/json_v3_10_5.hpp,"(19474, 108)-(19474, 112)",b'this'
json,../repos/json/tests/abi/include/nlohmann/json_v3_10_5.hpp,"(19489, 34)-(19489, 38)",b'this'
json,../repos/json/tests/abi/include/nlohmann/json_v3_10_5.hpp,"(19489, 60)-(19489, 64)",b'this'
json,../repos/json/tests/abi/include/nlohmann/json_v3_10_5.hpp,"(19491, 93)-(19491, 97)",b'this'
json,../repos/json/tests/abi/include/nlohmann/json_v3_10_5.hpp,"(19508, 89)-(19508, 93)",b'this'
json,../repos/json/tests/abi/include/nlohmann/json_v3_10_5.hpp,"(19548, 108)-(19548, 112)",b'this'
json,../repos/json/tests/abi/include/nlohmann/json_v3_10_5.hpp,"(19564, 100)-(19564, 104)",b'this'
json,../repos/json/tests/abi/include/nlohmann/json_v3_10_5.hpp,"(19576, 114)-(19576, 118)",b'this'
json,../repos/json/tests/abi/include/nlohmann/json_v3_10_5.hpp,"(19583, 104)-(19583, 108)",b'this'
json,../repos/json/tests/abi/include/nlohmann/json_v3_10_5.hpp,"(19649, 29)-(19649, 33)",b'this'
json,../repos/json/tests/abi/include/nlohmann/json_v3_10_5.hpp,"(19666, 25)-(19666, 29)",b'this'
json,../repos/json/tests/abi/include/nlohmann/json_v3_10_5.hpp,"(19682, 31)-(19682, 35)",b'this'
json,../repos/json/tests/abi/include/nlohmann/json_v3_10_5.hpp,"(19691, 25)-(19691, 29)",b'this'
json,../repos/json/tests/abi/include/nlohmann/json_v3_10_5.hpp,"(19707, 31)-(19707, 35)",b'this'
json,../repos/json/tests/abi/include/nlohmann/json_v3_10_5.hpp,"(19781, 43)-(19781, 47)",b'this'
json,../repos/json/tests/abi/include/nlohmann/json_v3_10_5.hpp,"(19788, 49)-(19788, 53)",b'this'
json,../repos/json/tests/abi/include/nlohmann/json_v3_10_5.hpp,"(19991, 108)-(19991, 112)",b'this'
json,../repos/json/tests/abi/include/nlohmann/json_v3_10_5.hpp,"(20014, 17)-(20014, 21)",b'this'
json,../repos/json/tests/abi/include/nlohmann/json_v3_10_5.hpp,"(20024, 108)-(20024, 112)",b'this'
json,../repos/json/tests/abi/include/nlohmann/json_v3_10_5.hpp,"(20046, 17)-(20046, 21)",b'this'
json,../repos/json/tests/abi/include/nlohmann/json_v3_10_5.hpp,"(20056, 108)-(20056, 112)",b'this'
json,../repos/json/tests/abi/include/nlohmann/json_v3_10_5.hpp,"(20077, 17)-(20077, 21)",b'this'
json,../repos/json/tests/abi/include/nlohmann/json_v3_10_5.hpp,"(20101, 17)-(20101, 21)",b'this'
json,../repos/json/tests/abi/include/nlohmann/json_v3_10_5.hpp,"(20112, 111)-(20112, 115)",b'this'
json,../repos/json/tests/abi/include/nlohmann/json_v3_10_5.hpp,"(20137, 106)-(20137, 110)",b'this'
json,../repos/json/tests/abi/include/nlohmann/json_v3_10_5.hpp,"(20166, 25)-(20166, 29)",b'this'
json,../repos/json/tests/abi/include/nlohmann/json_v3_10_5.hpp,"(20189, 54)-(20189, 58)",b'this'
json,../repos/json/tests/abi/include/nlohmann/json_v3_10_5.hpp,"(20191, 98)-(20191, 102)",b'this'
json,../repos/json/tests/abi/include/nlohmann/json_v3_10_5.hpp,"(20198, 101)-(20198, 105)",b'this'
json,../repos/json/tests/abi/include/nlohmann/json_v3_10_5.hpp,"(20216, 54)-(20216, 58)",b'this'
json,../repos/json/tests/abi/include/nlohmann/json_v3_10_5.hpp,"(20218, 98)-(20218, 102)",b'this'
json,../repos/json/tests/abi/include/nlohmann/json_v3_10_5.hpp,"(20225, 101)-(20225, 105)",b'this'
json,../repos/json/tests/abi/include/nlohmann/json_v3_10_5.hpp,"(20235, 105)-(20235, 109)",b'this'
json,../repos/json/tests/abi/include/nlohmann/json_v3_10_5.hpp,"(20239, 50)-(20239, 54)",b'this'
json,../repos/json/tests/abi/include/nlohmann/json_v3_10_5.hpp,"(20241, 94)-(20241, 98)",b'this'
json,../repos/json/tests/abi/include/nlohmann/json_v3_10_5.hpp,"(20247, 79)-(20247, 83)",b'this'
json,../repos/json/tests/abi/include/nlohmann/json_v3_10_5.hpp,"(20250, 52)-(20250, 56)",b'this'
json,../repos/json/tests/abi/include/nlohmann/json_v3_10_5.hpp,"(20252, 103)-(20252, 107)",b'this'
json,../repos/json/tests/abi/include/nlohmann/json_v3_10_5.hpp,"(20266, 105)-(20266, 109)",b'this'
json,../repos/json/tests/abi/include/nlohmann/json_v3_10_5.hpp,"(20270, 50)-(20270, 54)",b'this'
json,../repos/json/tests/abi/include/nlohmann/json_v3_10_5.hpp,"(20272, 94)-(20272, 98)",b'this'
json,../repos/json/tests/abi/include/nlohmann/json_v3_10_5.hpp,"(20286, 105)-(20286, 109)",b'this'
json,../repos/json/tests/abi/include/nlohmann/json_v3_10_5.hpp,"(20292, 79)-(20292, 83)",b'this'
json,../repos/json/tests/abi/include/nlohmann/json_v3_10_5.hpp,"(20298, 105)-(20298, 109)",b'this'
json,../repos/json/tests/abi/include/nlohmann/json_v3_10_5.hpp,"(20325, 105)-(20325, 109)",b'this'
json,../repos/json/tests/abi/include/nlohmann/json_v3_10_5.hpp,"(20331, 79)-(20331, 83)",b'this'
json,../repos/json/tests/abi/include/nlohmann/json_v3_10_5.hpp,"(20353, 61)-(20353, 65)",b'this'
json,../repos/json/tests/abi/include/nlohmann/json_v3_10_5.hpp,"(20398, 103)-(20398, 107)",b'this'
json,../repos/json/tests/abi/include/nlohmann/json_v3_10_5.hpp,"(20413, 103)-(20413, 107)",b'this'
json,../repos/json/tests/abi/include/nlohmann/json_v3_10_5.hpp,"(20428, 103)-(20428, 107)",b'this'
json,../repos/json/tests/abi/include/nlohmann/json_v3_10_5.hpp,"(20443, 103)-(20443, 107)",b'this'
json,../repos/json/tests/abi/include/nlohmann/json_v3_10_5.hpp,"(20458, 103)-(20458, 107)",b'this'
json,../repos/json/tests/abi/include/nlohmann/json_v3_10_5.hpp,"(21337, 34)-(21337, 38)",b'this'
json,../repos/json/tests/abi/include/nlohmann/json_v3_10_5.hpp,"(21344, 34)-(21344, 38)",b'this'
json,../repos/json/tests/abi/include/nlohmann/json_v3_10_5.hpp,"(21351, 32)-(21351, 36)",b'this'
json,../repos/json/tests/abi/include/nlohmann/json_v3_10_5.hpp,"(21358, 32)-(21358, 36)",b'this'
json,../repos/json/tests/abi/include/nlohmann/json_v3_10_5.hpp,"(21366, 36)-(21366, 40)",b'this'
json,../repos/json/tests/abi/include/nlohmann/json_v3_10_5.hpp,"(21374, 41)-(21374, 45)",b'this'
json,../repos/json/tests/abi/include/nlohmann/json_v3_10_5.hpp,"(21391, 30)-(21391, 34)",b'this'
json,../repos/json/tests/abi/include/nlohmann/json_v3_10_5.hpp,"(21494, 40)-(21494, 44)",b'this'
json,../repos/json/tests/abi/include/nlohmann/json_v3_10_5.hpp,"(21512, 96)-(21512, 100)",b'this'
json,../repos/json/tests/abi/include/nlohmann/json_v3_10_5.hpp,"(21812, 18)-(21812, 22)",b'this'
json,../repos/json/tests/abi/include/nlohmann/json_v3_10_5.hpp,"(21828, 14)-(21828, 18)",b'this'
json,../repos/json/tests/thirdparty/Fuzzer/FuzzerLoop.cpp,"(116, 5)-(116, 9)",b'this'
json,../repos/json/tests/thirdparty/Fuzzer/FuzzerLoop.cpp,"(182, 7)-(182, 11)",b'this'
json,../repos/json/tests/thirdparty/Fuzzer/FuzzerLoop.cpp,"(392, 10)-(392, 14)",b'this'
json,../repos/json/tests/thirdparty/Fuzzer/FuzzerLoop.cpp,"(394, 3)-(394, 7)",b'this'
json,../repos/json/tests/thirdparty/Fuzzer/FuzzerLoop.cpp,"(395, 3)-(395, 7)",b'this'
json,../repos/json/tests/thirdparty/Fuzzer/FuzzerLoop.cpp,"(402, 3)-(402, 7)",b'this'
json,../repos/json/tests/thirdparty/Fuzzer/FuzzerMutate.h,"(90, 47)-(90, 51)",b'this'
json,../repos/json/tests/thirdparty/Fuzzer/FuzzerDictionary.h,"(103, 7)-(103, 11)",b'this'
json,../repos/json/tests/thirdparty/Fuzzer/FuzzerMutate.cpp,"(501, 23)-(501, 27)",b'this'
json,../repos/json/tests/thirdparty/Fuzzer/FuzzerTraceState.cpp,"(243, 36)-(243, 40)",b'this'
json,../repos/json/tests/thirdparty/doctest/doctest.h,"(642, 60)-(642, 64)",b'this'
json,../repos/json/tests/thirdparty/doctest/doctest.h,"(1220, 10)-(1220, 14)",b'this'
json,../repos/json/tests/thirdparty/doctest/doctest.h,"(1231, 17)-(1231, 21)",b'this'
json,../repos/json/tests/thirdparty/doctest/doctest.h,"(1242, 17)-(1242, 21)",b'this'
json,../repos/json/tests/thirdparty/doctest/doctest.h,"(1607, 22)-(1607, 26)",b'this'
json,../repos/json/tests/thirdparty/doctest/doctest.h,"(1608, 21)-(1608, 25)",b'this'
json,../repos/json/tests/thirdparty/doctest/doctest.h,"(1638, 22)-(1638, 26)",b'this'
json,../repos/json/tests/thirdparty/doctest/doctest.h,"(1639, 21)-(1639, 25)",b'this'
json,../repos/json/tests/thirdparty/doctest/doctest.h,"(1889, 21)-(1889, 25)",b'this'
json,../repos/json/tests/thirdparty/doctest/doctest.h,"(1895, 58)-(1895, 62)",b'this'
json,../repos/json/tests/thirdparty/doctest/doctest.h,"(1902, 57)-(1902, 61)",b'this'
json,../repos/json/tests/thirdparty/doctest/doctest.h,"(3652, 8)-(3652, 12)",b'this'
json,../repos/json/tests/thirdparty/doctest/doctest.h,"(3659, 13)-(3659, 17)",b'this'
json,../repos/json/tests/thirdparty/doctest/doctest.h,"(3709, 13)-(3709, 17)",b'this'
json,../repos/json/tests/thirdparty/doctest/doctest.h,"(3719, 8)-(3719, 12)",b'this'
json,../repos/json/tests/thirdparty/doctest/doctest.h,"(3726, 13)-(3726, 17)",b'this'
json,../repos/json/tests/thirdparty/doctest/doctest.h,"(3730, 32)-(3730, 36)",b'this'
json,../repos/json/tests/thirdparty/doctest/doctest.h,"(3758, 23)-(3758, 27)",b'this'
json,../repos/json/tests/thirdparty/doctest/doctest.h,"(3976, 13)-(3976, 17)",b'this'
json,../repos/json/tests/thirdparty/doctest/doctest.h,"(3980, 13)-(3980, 17)",b'this'
json,../repos/json/tests/thirdparty/doctest/doctest.h,"(4290, 17)-(4290, 21)",b'this'
json,../repos/json/tests/thirdparty/doctest/doctest.h,"(4315, 10)-(4315, 14)",b'this'
json,../repos/json/tests/thirdparty/doctest/doctest.h,"(4328, 17)-(4328, 21)",b'this'
json,../repos/json/tests/thirdparty/doctest/doctest.h,"(4340, 17)-(4340, 21)",b'this'
json,../repos/json/tests/thirdparty/doctest/doctest.h,"(4581, 34)-(4581, 38)",b'this'
json,../repos/json/tests/thirdparty/doctest/doctest.h,"(4589, 34)-(4589, 38)",b'this'
json,../repos/json/tests/thirdparty/doctest/doctest.h,"(4606, 13)-(4606, 17)",b'this'
json,../repos/json/tests/thirdparty/doctest/doctest.h,"(4950, 60)-(4950, 64)",b'this'
json,../repos/json/tests/thirdparty/doctest/doctest.h,"(4955, 46)-(4955, 50)",b'this'
json,../repos/json/tests/thirdparty/doctest/doctest.h,"(5007, 57)-(5007, 61)",b'this'
json,../repos/json/tests/thirdparty/doctest/doctest.h,"(5068, 25)-(5068, 29)",b'this'
json,../repos/json/tests/thirdparty/doctest/doctest.h,"(5290, 17)-(5290, 21)",b'this'
json,../repos/json/tests/thirdparty/doctest/doctest.h,"(5301, 17)-(5301, 21)",b'this'
json,../repos/json/tests/thirdparty/doctest/doctest.h,"(5321, 17)-(5321, 21)",b'this'
json,../repos/json/tests/thirdparty/doctest/doctest.h,"(5325, 31)-(5325, 35)",b'this'
json,../repos/json/tests/thirdparty/doctest/doctest.h,"(5342, 17)-(5342, 21)",b'this'
json,../repos/json/tests/thirdparty/doctest/doctest.h,"(5348, 17)-(5348, 21)",b'this'
json,../repos/json/tests/thirdparty/doctest/doctest.h,"(5354, 17)-(5354, 21)",b'this'
json,../repos/json/tests/thirdparty/doctest/doctest.h,"(5359, 17)-(5359, 21)",b'this'
json,../repos/json/tests/thirdparty/doctest/doctest.h,"(5371, 17)-(5371, 21)",b'this'
json,../repos/json/tests/thirdparty/doctest/doctest.h,"(6099, 62)-(6099, 66)",b'this'
json,../repos/json/tests/thirdparty/doctest/doctest.h,"(6195, 36)-(6195, 40)",b'this'
