Repo name,File name,Location,Content
json,../repos/json/single_include/nlohmann/json_fwd.hpp,"(68, 57)-(68, 59)",b'json_abi ## a ## b'
json,../repos/json/single_include/nlohmann/json_fwd.hpp,"(68, 62)-(68, 64)",b'json_abi ## a ## b'
json,../repos/json/single_include/nlohmann/json_fwd.hpp,"(79, 8)-(79, 10)",b'_v ## major ## _ ## minor ## _ ## patch'
json,../repos/json/single_include/nlohmann/json_fwd.hpp,"(79, 17)-(79, 19)",b'_v ## major ## _ ## minor ## _ ## patch'
json,../repos/json/single_include/nlohmann/json_fwd.hpp,"(79, 22)-(79, 24)",b'_v ## major ## _ ## minor ## _ ## patch'
json,../repos/json/single_include/nlohmann/json_fwd.hpp,"(79, 31)-(79, 33)",b'_v ## major ## _ ## minor ## _ ## patch'
json,../repos/json/single_include/nlohmann/json_fwd.hpp,"(79, 36)-(79, 38)",b'_v ## major ## _ ## minor ## _ ## patch'
json,../repos/json/single_include/nlohmann/json_fwd.hpp,"(93, 51)-(93, 53)",b'a ## b'
json,../repos/json/single_include/nlohmann/json.hpp,"(97, 57)-(97, 59)",b'json_abi ## a ## b'
json,../repos/json/single_include/nlohmann/json.hpp,"(97, 62)-(97, 64)",b'json_abi ## a ## b'
json,../repos/json/single_include/nlohmann/json.hpp,"(108, 8)-(108, 10)",b'_v ## major ## _ ## minor ## _ ## patch'
json,../repos/json/single_include/nlohmann/json.hpp,"(108, 17)-(108, 19)",b'_v ## major ## _ ## minor ## _ ## patch'
json,../repos/json/single_include/nlohmann/json.hpp,"(108, 22)-(108, 24)",b'_v ## major ## _ ## minor ## _ ## patch'
json,../repos/json/single_include/nlohmann/json.hpp,"(108, 31)-(108, 33)",b'_v ## major ## _ ## minor ## _ ## patch'
json,../repos/json/single_include/nlohmann/json.hpp,"(108, 36)-(108, 38)",b'_v ## major ## _ ## minor ## _ ## patch'
json,../repos/json/single_include/nlohmann/json.hpp,"(122, 51)-(122, 53)",b'a ## b'
json,../repos/json/single_include/nlohmann/json.hpp,"(353, 37)-(353, 39)",b'a##b'
json,../repos/json/single_include/nlohmann/json.hpp,"(363, 40)-(363, 42)",b'a##b##c'
json,../repos/json/single_include/nlohmann/json.hpp,"(363, 43)-(363, 45)",b'a##b##c'
json,../repos/json/single_include/nlohmann/json.hpp,"(2787, 279)-(2787, 281)",b'namespace detail {                           ...'
json,../repos/json/single_include/nlohmann/json.hpp,"(2787, 536)-(2787, 538)",b'namespace detail {                           ...'
json,../repos/json/single_include/nlohmann/json.hpp,"(2787, 871)-(2787, 873)",b'namespace detail {                           ...'
json,../repos/json/single_include/nlohmann/json.hpp,"(2787, 1053)-(2787, 1055)",b'namespace detail {                           ...'
json,../repos/json/single_include/nlohmann/json.hpp,"(2787, 1233)-(2787, 1235)",b'namespace detail {                           ...'
json,../repos/json/single_include/nlohmann/json.hpp,"(2787, 1529)-(2787, 1531)",b'namespace detail {                           ...'
json,../repos/json/single_include/nlohmann/json.hpp,"(2787, 1547)-(2787, 1549)",b'namespace detail {                           ...'
json,../repos/json/single_include/nlohmann/json.hpp,"(2814, 64)-(2814, 66)",b': detail2::would_call_std_##std_name<T...>   ...'
json,../repos/json/include/nlohmann/detail/abi_macros.hpp,"(50, 57)-(50, 59)",b'json_abi ## a ## b'
json,../repos/json/include/nlohmann/detail/abi_macros.hpp,"(50, 62)-(50, 64)",b'json_abi ## a ## b'
json,../repos/json/include/nlohmann/detail/abi_macros.hpp,"(61, 8)-(61, 10)",b'_v ## major ## _ ## minor ## _ ## patch'
json,../repos/json/include/nlohmann/detail/abi_macros.hpp,"(61, 17)-(61, 19)",b'_v ## major ## _ ## minor ## _ ## patch'
json,../repos/json/include/nlohmann/detail/abi_macros.hpp,"(61, 22)-(61, 24)",b'_v ## major ## _ ## minor ## _ ## patch'
json,../repos/json/include/nlohmann/detail/abi_macros.hpp,"(61, 31)-(61, 33)",b'_v ## major ## _ ## minor ## _ ## patch'
json,../repos/json/include/nlohmann/detail/abi_macros.hpp,"(61, 36)-(61, 38)",b'_v ## major ## _ ## minor ## _ ## patch'
json,../repos/json/include/nlohmann/detail/abi_macros.hpp,"(75, 51)-(75, 53)",b'a ## b'
json,../repos/json/include/nlohmann/detail/macro_scope.hpp,"(435, 279)-(435, 281)",b'namespace detail {                           ...'
json,../repos/json/include/nlohmann/detail/macro_scope.hpp,"(435, 536)-(435, 538)",b'namespace detail {                           ...'
json,../repos/json/include/nlohmann/detail/macro_scope.hpp,"(435, 871)-(435, 873)",b'namespace detail {                           ...'
json,../repos/json/include/nlohmann/detail/macro_scope.hpp,"(435, 1053)-(435, 1055)",b'namespace detail {                           ...'
json,../repos/json/include/nlohmann/detail/macro_scope.hpp,"(435, 1233)-(435, 1235)",b'namespace detail {                           ...'
json,../repos/json/include/nlohmann/detail/macro_scope.hpp,"(435, 1529)-(435, 1531)",b'namespace detail {                           ...'
json,../repos/json/include/nlohmann/detail/macro_scope.hpp,"(435, 1547)-(435, 1549)",b'namespace detail {                           ...'
json,../repos/json/include/nlohmann/detail/macro_scope.hpp,"(462, 64)-(462, 66)",b': detail2::would_call_std_##std_name<T...>   ...'
json,../repos/json/include/nlohmann/thirdparty/hedley/hedley.hpp,"(35, 37)-(35, 39)",b'a##b'
json,../repos/json/include/nlohmann/thirdparty/hedley/hedley.hpp,"(45, 40)-(45, 42)",b'a##b##c'
json,../repos/json/include/nlohmann/thirdparty/hedley/hedley.hpp,"(45, 43)-(45, 45)",b'a##b##c'
json,../repos/json/tests/abi/include/nlohmann/json_v3_10_5.hpp,"(214, 37)-(214, 39)",b'a##b'
json,../repos/json/tests/abi/include/nlohmann/json_v3_10_5.hpp,"(224, 40)-(224, 42)",b'a##b##c'
json,../repos/json/tests/abi/include/nlohmann/json_v3_10_5.hpp,"(224, 43)-(224, 45)",b'a##b##c'
json,../repos/json/tests/abi/include/nlohmann/json_v3_10_5.hpp,"(2661, 279)-(2661, 281)",b'namespace detail {                           ...'
json,../repos/json/tests/abi/include/nlohmann/json_v3_10_5.hpp,"(2661, 536)-(2661, 538)",b'namespace detail {                           ...'
json,../repos/json/tests/abi/include/nlohmann/json_v3_10_5.hpp,"(2661, 871)-(2661, 873)",b'namespace detail {                           ...'
json,../repos/json/tests/abi/include/nlohmann/json_v3_10_5.hpp,"(2661, 1053)-(2661, 1055)",b'namespace detail {                           ...'
json,../repos/json/tests/abi/include/nlohmann/json_v3_10_5.hpp,"(2661, 1233)-(2661, 1235)",b'namespace detail {                           ...'
json,../repos/json/tests/abi/include/nlohmann/json_v3_10_5.hpp,"(2661, 1529)-(2661, 1531)",b'namespace detail {                           ...'
json,../repos/json/tests/abi/include/nlohmann/json_v3_10_5.hpp,"(2661, 1547)-(2661, 1549)",b'namespace detail {                           ...'
json,../repos/json/tests/abi/include/nlohmann/json_v3_10_5.hpp,"(2688, 64)-(2688, 66)",b': detail2::would_call_std_##std_name<T...>   ...'
json,../repos/json/tests/thirdparty/Fuzzer/FuzzerExtFunctionsWeakAlias.cpp,"(22, 19)-(22, 21)",b'RETURN_TYPE NAME##Def FUNC_SIG {             ...'
json,../repos/json/tests/thirdparty/Fuzzer/FuzzerExtFunctionsWeakAlias.cpp,"(47, 57)-(47, 59)",b'this->NAME = GetFnPtr<decltype(::NAME)>(::NAM...'
json,../repos/json/tests/thirdparty/doctest/doctest.h,"(419, 36)-(419, 38)",b's1##s2'
