Repo name,File name,Location,Content
json,../repos/json/single_include/nlohmann/json.hpp,"(3139, 1)-(3173, 2)",b'namespace utility_internal\n{\n\ntemplate <typen...'
json,../repos/json/single_include/nlohmann/json.hpp,"(4162, 1)-(4177, 2)",b'namespace impl\n{\n\ntemplate<typename T>\ninline...'
json,../repos/json/single_include/nlohmann/json.hpp,"(4190, 1)-(4199, 2)",b'namespace impl\n{\n\ntemplate<typename T>\ninline...'
json,../repos/json/single_include/nlohmann/json.hpp,"(5115, 1)-(8686, 6)","b'namespace // NOLINT(cert-dcl59-cpp,fuchsia-he...'"
json,../repos/json/single_include/nlohmann/json.hpp,"(5815, 1)-(5930, 6)","b'namespace // NOLINT(cert-dcl59-cpp,fuchsia-he...'"
json,../repos/json/single_include/nlohmann/json.hpp,"(6532, 1)-(6553, 2)",b'namespace container_input_adapter_factory_imp...'
json,../repos/json/single_include/nlohmann/json.hpp,"(16952, 1)-(17958, 2)",b'namespace dtoa_impl\n{\n\ntemplate<typename Targ...'
json,../repos/json/docs/examples/nlohmann_define_type_non_intrusive_with_default_explicit.cpp,"(7, 1)-(35, 2)",b'namespace ns\n{\nstruct person\n{\n    std::strin...'
json,../repos/json/docs/examples/nlohmann_define_type_intrusive_with_default_explicit.cpp,"(7, 1)-(37, 2)",b'namespace ns\n{\nclass person\n{\n  private:\n    ...'
json,../repos/json/docs/examples/nlohmann_define_type_non_intrusive_only_serialize_macro.cpp,"(7, 1)-(17, 2)",b'namespace ns\n{\nstruct person\n{\n    std::strin...'
json,../repos/json/docs/examples/to_json.cpp,"(6, 1)-(15, 2)",b'namespace ns\n{\n// a simple struct to model a ...'
json,../repos/json/docs/examples/to_json.cpp,"(17, 1)-(23, 2)","b'namespace ns\n{\nvoid to_json(json& j, const pe...'"
json,../repos/json/docs/examples/nlohmann_define_type_non_intrusive_with_default_macro.cpp,"(7, 1)-(22, 2)",b'namespace ns\n{\nstruct person\n{\n    std::strin...'
json,../repos/json/docs/examples/nlohmann_json_serialize_enum_2.cpp,"(6, 1)-(19, 2)","b'namespace ns\n{\nenum class Color\n{\n    red, gr...'"
json,../repos/json/docs/examples/from_json__non_default_constructible.cpp,"(6, 1)-(19, 2)",b'namespace ns\n{\n// a simple struct to model a ...'
json,../repos/json/docs/examples/from_json__non_default_constructible.cpp,"(21, 1)-(41, 2)",b'namespace nlohmann\n{\ntemplate <>\nstruct adl_s...'
json,../repos/json/docs/examples/nlohmann_define_type_intrusive_only_serialize_macro.cpp,"(7, 1)-(24, 2)",b'namespace ns\n{\nclass person\n{\n  private:\n    ...'
json,../repos/json/docs/examples/nlohmann_define_type_non_intrusive_macro.cpp,"(7, 1)-(17, 2)",b'namespace ns\n{\nstruct person\n{\n    std::strin...'
json,../repos/json/docs/examples/from_json__default_constructible.cpp,"(6, 1)-(15, 2)",b'namespace ns\n{\n// a simple struct to model a ...'
json,../repos/json/docs/examples/from_json__default_constructible.cpp,"(17, 1)-(25, 2)","b'namespace ns\n{\nvoid from_json(const json& j, ...'"
json,../repos/json/docs/examples/nlohmann_json_serialize_enum.cpp,"(6, 1)-(34, 2)",b'namespace ns\n{\nenum TaskState\n{\n    TS_STOPPE...'
json,../repos/json/docs/examples/nlohmann_define_type_intrusive_explicit.cpp,"(7, 1)-(36, 2)",b'namespace ns\n{\nclass person\n{\n  private:\n    ...'
json,../repos/json/docs/examples/nlohmann_define_type_non_intrusive_only_serialize_explicit.cpp,"(7, 1)-(22, 2)",b'namespace ns\n{\nstruct person\n{\n    std::strin...'
json,../repos/json/docs/examples/nlohmann_define_type_intrusive_only_serialize_explicit.cpp,"(7, 1)-(29, 2)",b'namespace ns\n{\nclass person\n{\n  private:\n    ...'
json,../repos/json/docs/examples/nlohmann_define_type_non_intrusive_explicit.cpp,"(7, 1)-(29, 2)",b'namespace ns\n{\nstruct person\n{\n    std::strin...'
json,../repos/json/docs/examples/nlohmann_define_type_intrusive_with_default_macro.cpp,"(7, 1)-(24, 2)",b'namespace ns\n{\nclass person\n{\n  private:\n    ...'
json,../repos/json/docs/examples/nlohmann_define_type_intrusive_macro.cpp,"(7, 1)-(24, 2)",b'namespace ns\n{\nclass person\n{\n  private:\n    ...'
json,../repos/json/include/nlohmann/detail/conversions/to_chars.hpp,"(44, 1)-(1050, 2)",b'namespace dtoa_impl\n{\n\ntemplate<typename Targ...'
json,../repos/json/include/nlohmann/detail/meta/cpp_future.hpp,"(82, 1)-(116, 2)",b'namespace utility_internal\n{\n\ntemplate <typen...'
json,../repos/json/include/nlohmann/detail/meta/type_traits.hpp,"(749, 1)-(764, 2)",b'namespace impl\n{\n\ntemplate<typename T>\ninline...'
json,../repos/json/include/nlohmann/detail/meta/type_traits.hpp,"(777, 1)-(786, 2)",b'namespace impl\n{\n\ntemplate<typename T>\ninline...'
json,../repos/json/include/nlohmann/detail/input/input_adapters.hpp,"(390, 1)-(411, 2)",b'namespace container_input_adapter_factory_imp...'
json,../repos/json/tests/src/unit-unicode2.cpp,"(27, 1)-(167, 2)",b'namespace\n{\nextern size_t calls;\nsize_t calls...'
json,../repos/json/tests/src/unit-noexcept.cpp,"(19, 1)-(48, 2)",b'namespace\n{\nenum test {};\n\nstruct pod {};\nstr...'
json,../repos/json/tests/src/unit-udt.cpp,"(26, 1)-(80, 2)",b'namespace udt\n{\nenum class country\n{\n    chin...'
json,../repos/json/tests/src/unit-udt.cpp,"(83, 1)-(170, 2)",b'namespace udt\n{\n// templates because of the c...'
json,../repos/json/tests/src/unit-udt.cpp,"(173, 1)-(228, 2)",b'namespace udt\n{\ntemplate <typename BasicJsonT...'
json,../repos/json/tests/src/unit-udt.cpp,"(342, 1)-(350, 2)",b'namespace udt\n{\nstruct legacy_type\n{\n    std:...'
json,../repos/json/tests/src/unit-udt.cpp,"(352, 1)-(395, 2)",b'namespace nlohmann\n{\ntemplate <typename T>\nst...'
json,../repos/json/tests/src/unit-udt.cpp,"(449, 1)-(471, 2)",b'namespace nlohmann\n{\ntemplate <>\nstruct adl_s...'
json,../repos/json/tests/src/unit-udt.cpp,"(482, 1)-(510, 2)",b'namespace nlohmann\n{\ntemplate <typename T>\nst...'
json,../repos/json/tests/src/unit-udt.cpp,"(608, 1)-(651, 2)",b'namespace udt\n{\nstruct small_pod\n{\n    int be...'
json,../repos/json/tests/src/unit-udt.cpp,"(791, 1)-(803, 2)",b'namespace\n{\nstruct incomplete;\n\n// std::is_co...'
json,../repos/json/tests/src/unit-udt.cpp,"(810, 1)-(826, 2)",b'namespace\n{\nclass Evil\n{\n  public:\n    Evil()...'
json,../repos/json/tests/src/unit-udt.cpp,"(847, 1)-(869, 2)",b'namespace\n{\nclass no_iterator_type\n{\n  public...'
json,../repos/json/tests/src/unit-ubjson.cpp,"(20, 1)-(96, 2)",b'namespace\n{\nclass SaxCountdown\n{\n  public:\n  ...'
json,../repos/json/tests/src/unit-udt_macro.cpp,"(16, 1)-(474, 2)",b'namespace persons\n{\nclass person_with_private...'
json,../repos/json/tests/src/unit-regression2.cpp,"(58, 1)-(80, 2)",b'namespace\n{\nstruct NonDefaultFromJsonStruct\n{...'
json,../repos/json/tests/src/unit-regression2.cpp,"(115, 1)-(125, 2)",b'namespace nlohmann\n{\ntemplate<>\nstruct adl_se...'
json,../repos/json/tests/src/unit-regression2.cpp,"(149, 1)-(159, 2)",b'namespace nlohmann\n{\ntemplate<>\nstruct adl_se...'
json,../repos/json/tests/src/unit-bson.cpp,"(648, 1)-(724, 2)",b'namespace\n{\nclass SaxCountdown\n{\n  public:\n  ...'
json,../repos/json/tests/src/unit-allocator.cpp,"(15, 1)-(38, 2)",b'namespace\n{\n// special test case to check if ...'
json,../repos/json/tests/src/unit-allocator.cpp,"(59, 1)-(121, 2)",b'namespace\n{\nbool next_construct_fails = false...'
json,../repos/json/tests/src/unit-allocator.cpp,"(222, 1)-(244, 2)",b'namespace\n{\ntemplate<class T>\nstruct allocato...'
json,../repos/json/tests/src/unit-convenience.cpp,"(17, 1)-(105, 2)",b'namespace\n{\nstruct alt_string_iter\n{\n    alt_...'
json,../repos/json/tests/src/unit-deserialization.cpp,"(23, 1)-(217, 2)",b'namespace\n{\nstruct SaxEventLogger : public nl...'
json,../repos/json/tests/src/unit-user_defined_input.cpp,"(16, 1)-(130, 2)","b'namespace\n{\nTEST_CASE(""Use arbitrary stdlib c...'"
json,../repos/json/tests/src/unit-testsuites.cpp,"(1336, 1)-(1351, 2)",b'namespace\n{\nstd::string trim(const std::strin...'
json,../repos/json/tests/src/test_utils.hpp,"(15, 1)-(33, 2)",b'namespace utils\n{\n\ninline std::vector<std::ui...'
json,../repos/json/tests/src/unit-bjdata.cpp,"(24, 1)-(100, 2)",b'namespace\n{\nclass SaxCountdown\n{\n  public:\n  ...'
json,../repos/json/tests/src/unit-unicode3.cpp,"(27, 1)-(167, 2)",b'namespace\n{\nextern size_t calls;\nsize_t calls...'
json,../repos/json/tests/src/unit-wstring.cpp,"(16, 1)-(35, 2)",b'namespace\n{\nbool wstring_is_utf16();\nbool wst...'
json,../repos/json/tests/src/unit-cbor.cpp,"(23, 1)-(99, 2)",b'namespace\n{\nclass SaxCountdown\n{\n  public:\n  ...'
json,../repos/json/tests/src/make_test_data_available.hpp,"(16, 1)-(30, 2)",b'namespace utils\n{\n\ninline bool check_testsuit...'
json,../repos/json/tests/src/unit-msgpack.cpp,"(25, 1)-(101, 2)",b'namespace\n{\nclass SaxCountdown\n{\n  public:\n  ...'
json,../repos/json/tests/src/unit-to_chars.cpp,"(18, 1)-(123, 2)",b'namespace\n{\nfloat make_float(uint32_t sign_bi...'
json,../repos/json/tests/src/unit-unicode5.cpp,"(27, 1)-(167, 2)",b'namespace\n{\nextern size_t calls;\nsize_t calls...'
json,../repos/json/tests/src/unit-no-mem-leak-on-adl-serialize.cpp,"(21, 1)-(45, 2)",b'namespace nlohmann\n{\ntemplate <>\nstruct adl_s...'
json,../repos/json/tests/src/unit-unicode1.cpp,"(226, 1)-(268, 2)",b'namespace\n{\nvoid roundtrip(bool success_expec...'
json,../repos/json/tests/src/unit-regression1.cpp,"(46, 1)-(85, 2)",b'namespace ns\n{\nstruct foo\n{\n    int x;\n};\n\nte...'
json,../repos/json/tests/src/unit-regression1.cpp,"(94, 1)-(111, 2)",b'namespace\n{\nstruct nocopy // NOLINT(cppcoregu...'
json,../repos/json/tests/src/unit-class_lexer.cpp,"(15, 1)-(24, 2)",b'namespace\n{\n// shortcut to scan a string lite...'
json,../repos/json/tests/src/unit-class_parser.cpp,"(20, 1)-(305, 2)",b'namespace\n{\nclass SaxEventLogger\n{\n  public:\n...'
json,../repos/json/tests/src/unit-comparison.cpp,"(24, 1)-(49, 2)",b'namespace doctest\n{\ntemplate<> struct StringM...'
json,../repos/json/tests/src/unit-comparison.cpp,"(53, 1)-(62, 2)",b'namespace\n{\n// helper function to check std::...'
json,../repos/json/tests/src/unit-unicode4.cpp,"(27, 1)-(167, 2)",b'namespace\n{\nextern size_t calls;\nsize_t calls...'
json,../repos/json/tests/abi/include/nlohmann/json_v3_10_5.hpp,"(97, 1)-(170, 2)",b'namespace nlohmann\n{\nnamespace detail\n{\n/////...'
json,../repos/json/tests/abi/include/nlohmann/json_v3_10_5.hpp,"(99, 1)-(169, 2)",b'namespace detail\n{\n//////////////////////////...'
json,../repos/json/tests/abi/include/nlohmann/json_v3_10_5.hpp,"(2234, 1)-(2244, 2)",b'namespace nlohmann\n{\nnamespace detail\n{\ntempl...'
json,../repos/json/tests/abi/include/nlohmann/json_v3_10_5.hpp,"(2236, 1)-(2243, 2)",b'namespace detail\n{\ntemplate<typename ...Ts> s...'
json,../repos/json/tests/abi/include/nlohmann/json_v3_10_5.hpp,"(2248, 1)-(2301, 2)",b'namespace nlohmann\n{\nnamespace detail\n{\nstruc...'
json,../repos/json/tests/abi/include/nlohmann/json_v3_10_5.hpp,"(2250, 1)-(2300, 2)",b'namespace detail\n{\nstruct nonesuch\n{\n    none...'
json,../repos/json/tests/abi/include/nlohmann/json_v3_10_5.hpp,"(2707, 1)-(2764, 2)",b'namespace nlohmann\n{\nnamespace detail\n{\n\n/*!\n...'
json,../repos/json/tests/abi/include/nlohmann/json_v3_10_5.hpp,"(2709, 1)-(2763, 2)",b'namespace detail\n{\n\n/*!\n@brief replace all oc...'
json,../repos/json/tests/abi/include/nlohmann/json_v3_10_5.hpp,"(2771, 1)-(2793, 2)",b'namespace nlohmann\n{\nnamespace detail\n{\n/// s...'
json,../repos/json/tests/abi/include/nlohmann/json_v3_10_5.hpp,"(2773, 1)-(2792, 2)",b'namespace detail\n{\n/// struct to capture the ...'
json,../repos/json/tests/abi/include/nlohmann/json_v3_10_5.hpp,"(2798, 1)-(3021, 2)",b'namespace nlohmann\n{\nnamespace detail\n{\n/////...'
json,../repos/json/tests/abi/include/nlohmann/json_v3_10_5.hpp,"(2800, 1)-(3020, 2)",b'namespace detail\n{\n////////////////\n// except...'
json,../repos/json/tests/abi/include/nlohmann/json_v3_10_5.hpp,"(3035, 1)-(3180, 2)",b'namespace nlohmann\n{\nnamespace detail\n{\n\ntemp...'
json,../repos/json/tests/abi/include/nlohmann/json_v3_10_5.hpp,"(3037, 1)-(3179, 2)",b'namespace detail\n{\n\ntemplate<typename T>\nusin...'
json,../repos/json/tests/abi/include/nlohmann/json_v3_10_5.hpp,"(3099, 1)-(3133, 2)",b'namespace utility_internal\n{\n\ntemplate <typen...'
json,../repos/json/tests/abi/include/nlohmann/json_v3_10_5.hpp,"(3185, 1)-(3192, 2)",b'namespace nlohmann\n{\nnamespace detail\n{\n// di...'
json,../repos/json/tests/abi/include/nlohmann/json_v3_10_5.hpp,"(3187, 1)-(3191, 2)",b'namespace detail\n{\n// dispatching helper stru...'
json,../repos/json/tests/abi/include/nlohmann/json_v3_10_5.hpp,"(3215, 1)-(3258, 2)",b'namespace nlohmann\n{\nnamespace detail\n{\ntempl...'
json,../repos/json/tests/abi/include/nlohmann/json_v3_10_5.hpp,"(3217, 1)-(3257, 2)","b'namespace detail\n{\ntemplate<typename It, type...'"
json,../repos/json/tests/abi/include/nlohmann/json_v3_10_5.hpp,"(3266, 1)-(3269, 2)",b'namespace nlohmann\n{\nNLOHMANN_CAN_CALL_STD_FU...'
json,../repos/json/tests/abi/include/nlohmann/json_v3_10_5.hpp,"(3277, 1)-(3280, 2)",b'namespace nlohmann\n{\nNLOHMANN_CAN_CALL_STD_FU...'
json,../repos/json/tests/abi/include/nlohmann/json_v3_10_5.hpp,"(3301, 1)-(3348, 2)",b'namespace nlohmann\n{\n/*!\n@brief default JSONS...'
json,../repos/json/tests/abi/include/nlohmann/json_v3_10_5.hpp,"(3353, 1)-(3810, 2)",b'namespace nlohmann\n{\n/*!\n@brief detail namesp...'
json,../repos/json/tests/abi/include/nlohmann/json_v3_10_5.hpp,"(3363, 1)-(3809, 2)",b'namespace detail\n{\n/////////////\n// helpers /...'
json,../repos/json/tests/abi/include/nlohmann/json_v3_10_5.hpp,"(3817, 1)-(3820, 2)",b'namespace nlohmann::detail\n{\nnamespace std_fs...'
json,../repos/json/tests/abi/include/nlohmann/json_v3_10_5.hpp,"(3823, 1)-(3826, 2)",b'namespace nlohmann::detail\n{\nnamespace std_fs...'
json,../repos/json/tests/abi/include/nlohmann/json_v3_10_5.hpp,"(3829, 1)-(4285, 2)",b'namespace nlohmann\n{\nnamespace detail\n{\ntempl...'
json,../repos/json/tests/abi/include/nlohmann/json_v3_10_5.hpp,"(3831, 1)-(4276, 2)",b'namespace detail\n{\ntemplate<typename BasicJso...'
json,../repos/json/tests/abi/include/nlohmann/json_v3_10_5.hpp,"(4281, 1)-(4284, 2)","b'namespace // NOLINT(cert-dcl59-cpp,fuchsia-he...'"
json,../repos/json/tests/abi/include/nlohmann/json_v3_10_5.hpp,"(4315, 1)-(4464, 2)",b'namespace nlohmann\n{\nnamespace detail\n{\ntempl...'
json,../repos/json/tests/abi/include/nlohmann/json_v3_10_5.hpp,"(4317, 1)-(4463, 2)",b'namespace detail\n{\ntemplate<typename string_t...'
json,../repos/json/tests/abi/include/nlohmann/json_v3_10_5.hpp,"(4470, 1)-(4492, 2)",b'namespace std\n{\n#if defined(__clang__)\n    //...'
json,../repos/json/tests/abi/include/nlohmann/json_v3_10_5.hpp,"(4503, 1)-(4506, 2)",b'namespace nlohmann::detail\n{\nnamespace std_fs...'
json,../repos/json/tests/abi/include/nlohmann/json_v3_10_5.hpp,"(4509, 1)-(4512, 2)",b'namespace nlohmann::detail\n{\nnamespace std_fs...'
json,../repos/json/tests/abi/include/nlohmann/json_v3_10_5.hpp,"(4515, 1)-(4913, 2)",b'namespace nlohmann\n{\nnamespace detail\n{\n/////...'
json,../repos/json/tests/abi/include/nlohmann/json_v3_10_5.hpp,"(4517, 1)-(4904, 2)",b'namespace detail\n{\n//////////////////\n// cons...'
json,../repos/json/tests/abi/include/nlohmann/json_v3_10_5.hpp,"(4909, 1)-(4912, 2)","b'namespace // NOLINT(cert-dcl59-cpp,fuchsia-he...'"
json,../repos/json/tests/abi/include/nlohmann/json_v3_10_5.hpp,"(4920, 1)-(4957, 2)",b'namespace nlohmann\n{\n\n/// @sa https://json.nl...'
json,../repos/json/tests/abi/include/nlohmann/json_v3_10_5.hpp,"(4966, 1)-(5053, 2)",b'namespace nlohmann\n{\n\n/// @brief an internal ...'
json,../repos/json/tests/abi/include/nlohmann/json_v3_10_5.hpp,"(5073, 1)-(5185, 2)",b'namespace nlohmann\n{\nnamespace detail\n{\n\n// b...'
json,../repos/json/tests/abi/include/nlohmann/json_v3_10_5.hpp,"(5075, 1)-(5184, 2)",b'namespace detail\n{\n\n// boost::hash_combine\nin...'
json,../repos/json/tests/abi/include/nlohmann/json_v3_10_5.hpp,"(5228, 1)-(5690, 2)",b'namespace nlohmann\n{\nnamespace detail\n{\n/// t...'
json,../repos/json/tests/abi/include/nlohmann/json_v3_10_5.hpp,"(5230, 1)-(5689, 2)",b'namespace detail\n{\n/// the supported input fo...'
json,../repos/json/tests/abi/include/nlohmann/json_v3_10_5.hpp,"(5589, 1)-(5610, 2)",b'namespace container_input_adapter_factory_imp...'
json,../repos/json/tests/abi/include/nlohmann/json_v3_10_5.hpp,"(5705, 1)-(6405, 2)",b'namespace nlohmann\n{\n\n/*!\n@brief SAX interfac...'
json,../repos/json/tests/abi/include/nlohmann/json_v3_10_5.hpp,"(5832, 1)-(6403, 2)",b'namespace detail\n{\n/*!\n@brief SAX implementat...'
json,../repos/json/tests/abi/include/nlohmann/json_v3_10_5.hpp,"(6427, 1)-(7715, 6)",b'namespace nlohmann\n{\nnamespace detail\n{\n/////...'
json,../repos/json/tests/abi/include/nlohmann/json_v3_10_5.hpp,"(6429, 1)-(7713, 10)",b'namespace detail\n{\n///////////\n// lexer //\n//...'
json,../repos/json/tests/abi/include/nlohmann/json_v3_10_5.hpp,"(8049, 1)-(8188, 2)",b'namespace nlohmann\n{\nnamespace detail\n{\ntempl...'
json,../repos/json/tests/abi/include/nlohmann/json_v3_10_5.hpp,"(8051, 1)-(8187, 2)",b'namespace detail\n{\ntemplate<typename T>\nusing...'
json,../repos/json/tests/abi/include/nlohmann/json_v3_10_5.hpp,"(8195, 1)-(10694, 2)",b'namespace nlohmann\n{\nnamespace detail\n{\n\n/// ...'
json,../repos/json/tests/abi/include/nlohmann/json_v3_10_5.hpp,"(8197, 1)-(10693, 2)",b'namespace detail\n{\n\n/// how to treat CBOR tag...'
json,../repos/json/tests/abi/include/nlohmann/json_v3_10_5.hpp,"(10725, 1)-(11206, 2)",b'namespace nlohmann\n{\nnamespace detail\n{\n/////...'
json,../repos/json/tests/abi/include/nlohmann/json_v3_10_5.hpp,"(10727, 1)-(11205, 2)",b'namespace detail\n{\n////////////\n// parser //\n...'
json,../repos/json/tests/abi/include/nlohmann/json_v3_10_5.hpp,"(11220, 1)-(11335, 2)",b'namespace nlohmann\n{\nnamespace detail\n{\n/*\n@b...'
json,../repos/json/tests/abi/include/nlohmann/json_v3_10_5.hpp,"(11222, 1)-(11334, 2)",b'namespace detail\n{\n/*\n@brief an iterator for ...'
json,../repos/json/tests/abi/include/nlohmann/json_v3_10_5.hpp,"(11338, 1)-(11358, 2)",b'namespace nlohmann\n{\nnamespace detail\n{\n/*!\n@...'
json,../repos/json/tests/abi/include/nlohmann/json_v3_10_5.hpp,"(11340, 1)-(11357, 2)",b'namespace detail\n{\n/*!\n@brief an iterator val...'
json,../repos/json/tests/abi/include/nlohmann/json_v3_10_5.hpp,"(11381, 1)-(12105, 2)",b'namespace nlohmann\n{\nnamespace detail\n{\n// fo...'
json,../repos/json/tests/abi/include/nlohmann/json_v3_10_5.hpp,"(11383, 1)-(12104, 2)","b'namespace detail\n{\n// forward declare, to be ...'"
json,../repos/json/tests/abi/include/nlohmann/json_v3_10_5.hpp,"(12117, 1)-(12229, 2)",b'namespace nlohmann\n{\nnamespace detail\n{\n/////...'
json,../repos/json/tests/abi/include/nlohmann/json_v3_10_5.hpp,"(12119, 1)-(12228, 2)",b'namespace detail\n{\n//////////////////////\n// ...'
json,../repos/json/tests/abi/include/nlohmann/json_v3_10_5.hpp,"(12253, 1)-(12986, 6)",b'namespace nlohmann\n{\n\n/// @brief JSON Pointer...'
json,../repos/json/tests/abi/include/nlohmann/json_v3_10_5.hpp,"(13074, 1)-(13134, 2)",b'namespace nlohmann\n{\nnamespace detail\n{\ntempl...'
json,../repos/json/tests/abi/include/nlohmann/json_v3_10_5.hpp,"(13076, 1)-(13133, 2)",b'namespace detail\n{\ntemplate<typename BasicJso...'
json,../repos/json/tests/abi/include/nlohmann/json_v3_10_5.hpp,"(13178, 1)-(13299, 2)",b'namespace nlohmann\n{\nnamespace detail\n{\n/// a...'
json,../repos/json/tests/abi/include/nlohmann/json_v3_10_5.hpp,"(13180, 1)-(13298, 2)",b'namespace detail\n{\n/// abstract output adapte...'
json,../repos/json/tests/abi/include/nlohmann/json_v3_10_5.hpp,"(13302, 1)-(14921, 2)",b'namespace nlohmann\n{\nnamespace detail\n{\n/////...'
json,../repos/json/tests/abi/include/nlohmann/json_v3_10_5.hpp,"(13304, 1)-(14920, 2)",b'namespace detail\n{\n///////////////////\n// bin...'
json,../repos/json/tests/abi/include/nlohmann/json_v3_10_5.hpp,"(14955, 1)-(16052, 2)",b'namespace nlohmann\n{\nnamespace detail\n{\n\n/*!\n...'
json,../repos/json/tests/abi/include/nlohmann/json_v3_10_5.hpp,"(14957, 1)-(16050, 2)",b'namespace detail\n{\n\n/*!\n@brief implements the...'
json,../repos/json/tests/abi/include/nlohmann/json_v3_10_5.hpp,"(14979, 1)-(15985, 2)",b'namespace dtoa_impl\n{\n\ntemplate<typename Targ...'
json,../repos/json/tests/abi/include/nlohmann/json_v3_10_5.hpp,"(16068, 1)-(16673, 6)",b'namespace nlohmann\n{\nnamespace detail\n{\n/////...'
json,../repos/json/tests/abi/include/nlohmann/json_v3_10_5.hpp,"(16070, 1)-(16672, 10)",b'namespace detail\n{\n///////////////////\n// ser...'
json,../repos/json/tests/abi/include/nlohmann/json_v3_10_5.hpp,"(17032, 1)-(17247, 2)",b'namespace nlohmann\n{\n\n/// ordered_map: a mini...'
json,../repos/json/tests/abi/include/nlohmann/json_v3_10_5.hpp,"(17259, 1)-(17859, 6)",b'namespace nlohmann\n{\n\n/*!\n@brief a class to s...'
json,../repos/json/tests/abi/include/nlohmann/json_v3_10_5.hpp,"(21849, 1)-(21893, 2)",b'namespace std // NOLINT(cert-dcl58-cpp)\n{\n\n//...'
json,../repos/json/tests/thirdparty/fifo_map/fifo_map.hpp,"(43, 1)-(517, 2)",b'namespace nlohmann\n{\n\ntemplate<class Key>\ncla...'
json,../repos/json/tests/thirdparty/fifo_map/fifo_map.hpp,"(520, 1)-(528, 2)","b'namespace std // NOLINT(cert-dcl58-cpp,-warni...'"
json,../repos/json/tests/thirdparty/Fuzzer/FuzzerDefs.h,"(54, 1)-(87, 2)",b'namespace fuzzer {\n\ntemplate <class T> T Min(...'
json,../repos/json/tests/thirdparty/Fuzzer/FuzzerIO.cpp,"(22, 1)-(117, 2)",b'namespace fuzzer {\n\nstatic FILE *OutputFile =...'
json,../repos/json/tests/thirdparty/Fuzzer/FuzzerMerge.cpp,"(22, 1)-(261, 2)",b'namespace fuzzer {\n\nbool Merger::Parse(const ...'
json,../repos/json/tests/thirdparty/Fuzzer/FuzzerUtilPosix.cpp,"(30, 1)-(115, 2)",b'namespace fuzzer {\n\nstatic void AlarmHandler(...'
json,../repos/json/tests/thirdparty/Fuzzer/FuzzerInternal.h,"(28, 1)-(180, 2)",b'namespace fuzzer {\n\nusing namespace std::chro...'
json,../repos/json/tests/thirdparty/Fuzzer/FuzzerOptions.h,"(17, 1)-(66, 2)",b'namespace fuzzer {\n\nstruct FuzzingOptions {\n ...'
json,../repos/json/tests/thirdparty/Fuzzer/FuzzerValueBitMap.h,"(17, 1)-(85, 2)",b'namespace fuzzer {\n\n// A bit map containing k...'
json,../repos/json/tests/thirdparty/Fuzzer/FuzzerExtFunctionsWeakAlias.cpp,"(43, 1)-(54, 2)",b'namespace fuzzer {\n\nExternalFunctions::Extern...'
json,../repos/json/tests/thirdparty/Fuzzer/FuzzerLoop.cpp,"(40, 1)-(784, 2)",b'namespace fuzzer {\nstatic const size_t kMaxUn...'
json,../repos/json/tests/thirdparty/Fuzzer/FuzzerUtilWindows.cpp,"(27, 1)-(180, 2)",b'namespace fuzzer {\n\nstatic const FuzzingOptio...'
json,../repos/json/tests/thirdparty/Fuzzer/FuzzerUtilDarwin.cpp,"(23, 1)-(150, 2)",b'namespace fuzzer {\n\nstatic std::mutex SignalM...'
json,../repos/json/tests/thirdparty/Fuzzer/FuzzerExtFunctionsWeak.cpp,"(39, 1)-(51, 2)",b'namespace fuzzer {\n\nExternalFunctions::Extern...'
json,../repos/json/tests/thirdparty/Fuzzer/FuzzerIOPosix.cpp,"(26, 1)-(86, 2)",b'namespace fuzzer {\n\nbool IsFile(const std::st...'
json,../repos/json/tests/thirdparty/Fuzzer/FuzzerTracePC.h,"(19, 1)-(156, 2)",b'namespace fuzzer {\n\n// TableOfRecentCompares ...'
json,../repos/json/tests/thirdparty/Fuzzer/FuzzerSHA1.cpp,"(31, 1)-(197, 2)",b'namespace {  // Added for LibFuzzer\n\n#ifdef _...'
json,../repos/json/tests/thirdparty/Fuzzer/FuzzerSHA1.cpp,"(199, 1)-(222, 2)",b'namespace fuzzer {\n\n// The rest is added for ...'
json,../repos/json/tests/thirdparty/Fuzzer/FuzzerDriver.cpp,"(31, 1)-(545, 2)",b'namespace fuzzer {\n\n// Program arguments.\nstr...'
json,../repos/json/tests/thirdparty/Fuzzer/FuzzerCrossOver.cpp,"(17, 1)-(52, 2)","b'namespace fuzzer {\n\n// Cross Data1 and Data2,...'"
json,../repos/json/tests/thirdparty/Fuzzer/FuzzerUtilLinux.cpp,"(16, 1)-(22, 2)",b'namespace fuzzer {\n\nint ExecuteCommand(const ...'
json,../repos/json/tests/thirdparty/Fuzzer/FuzzerMerge.h,"(48, 1)-(68, 2)",b'namespace fuzzer {\n\nstruct MergeFileInfo {\n  ...'
json,../repos/json/tests/thirdparty/Fuzzer/FuzzerMutate.h,"(19, 1)-(143, 2)",b'namespace fuzzer {\n\nclass MutationDispatcher ...'
json,../repos/json/tests/thirdparty/Fuzzer/FuzzerIO.h,"(17, 1)-(62, 2)",b'namespace fuzzer {\n\nlong GetEpoch(const std::...'
json,../repos/json/tests/thirdparty/Fuzzer/FuzzerSHA1.h,"(19, 1)-(31, 2)",b'namespace fuzzer {\n\n// Private copy of SHA1 i...'
json,../repos/json/tests/thirdparty/Fuzzer/FuzzerRandom.h,"(17, 1)-(34, 2)",b'namespace fuzzer {\nclass Random {\n public:\n  ...'
json,../repos/json/tests/thirdparty/Fuzzer/FuzzerDictionary.h,"(21, 1)-(122, 2)",b'namespace fuzzer {\n// A simple POD sized arra...'
json,../repos/json/tests/thirdparty/Fuzzer/FuzzerUtil.h,"(17, 1)-(70, 2)",b'namespace fuzzer {\n\nvoid PrintHexArray(const ...'
json,../repos/json/tests/thirdparty/Fuzzer/FuzzerTracePC.cpp,"(27, 1)-(259, 2)",b'namespace fuzzer {\n\nTracePC TPC;\n\nvoid TraceP...'
json,../repos/json/tests/thirdparty/Fuzzer/FuzzerCorpus.h,"(24, 1)-(215, 2)",b'namespace fuzzer {\n\nstruct InputInfo {\n  Unit...'
json,../repos/json/tests/thirdparty/Fuzzer/FuzzerIOWindows.cpp,"(25, 1)-(280, 2)",b'namespace fuzzer {\n\nstatic bool IsFile(const ...'
json,../repos/json/tests/thirdparty/Fuzzer/FuzzerMutate.cpp,"(19, 1)-(527, 2)",b'namespace fuzzer {\n\nconst size_t Dictionary::...'
json,../repos/json/tests/thirdparty/Fuzzer/FuzzerExtFunctions.h,"(18, 1)-(33, 2)",b'namespace fuzzer {\n\nstruct ExternalFunctions ...'
json,../repos/json/tests/thirdparty/Fuzzer/FuzzerTraceState.cpp,"(24, 1)-(252, 2)","b'namespace fuzzer {\n\n// For now, very simple: ...'"
json,../repos/json/tests/thirdparty/Fuzzer/FuzzerUtil.cpp,"(25, 1)-(218, 2)",b'namespace fuzzer {\n\nvoid PrintHexArray(const ...'
json,../repos/json/tests/thirdparty/Fuzzer/FuzzerExtFunctionsDlsym.cpp,"(39, 1)-(50, 2)",b'namespace fuzzer {\n\nExternalFunctions::Extern...'
json,../repos/json/tests/thirdparty/doctest/doctest.h,"(446, 1)-(448, 3)",b'namespace doctest { namespace detail {\n    st...'
json,../repos/json/tests/thirdparty/doctest/doctest.h,"(446, 21)-(448, 2)",b'namespace detail {\n    static DOCTEST_CONSTEX...'
json,../repos/json/tests/thirdparty/doctest/doctest.h,"(522, 1)-(548, 2)",b'namespace std { // NOLINT(cert-dcl58-cpp)\ntyp...'
json,../repos/json/tests/thirdparty/doctest/doctest.h,"(558, 1)-(1207, 2)",b'namespace doctest {\n\nusing std::size_t;\n\nDOCT...'
json,../repos/json/tests/thirdparty/doctest/doctest.h,"(690, 1)-(711, 2)",b'namespace Color {\n    enum Enum\n    {\n       ...'
json,../repos/json/tests/thirdparty/doctest/doctest.h,"(713, 1)-(802, 2)",b'namespace assertType {\n    enum Enum\n    {\n  ...'
json,../repos/json/tests/thirdparty/doctest/doctest.h,"(889, 1)-(891, 2)",b'namespace detail {\n    struct DOCTEST_INTERFA...'
json,../repos/json/tests/thirdparty/doctest/doctest.h,"(941, 1)-(1077, 2)",b'namespace detail {\n    namespace types {\n#ifd...'
json,../repos/json/tests/thirdparty/doctest/doctest.h,"(942, 5)-(976, 6)",b'namespace types {\n#ifdef DOCTEST_CONFIG_INCLU...'
json,../repos/json/tests/thirdparty/doctest/doctest.h,"(1147, 1)-(1183, 6)",b'namespace detail {\n    template <typename T>\n...'
