Repo name,File name,Location,Content
json,../repos/json/single_include/nlohmann/json.hpp,"(4451, 36)-(4454, 10)","b'[](const std::string & a, const std::string &...'"
json,../repos/json/single_include/nlohmann/json.hpp,"(4787, 44)-(4790, 6)",b'[](const BasicJsonType & i)\n    {\n        ret...'
json,../repos/json/single_include/nlohmann/json.hpp,"(4804, 20)-(4807, 6)",b'[](const BasicJsonType & elem)\n    {\n        ...'
json,../repos/json/single_include/nlohmann/json.hpp,"(4852, 50)-(4857, 6)",b'[](const BasicJsonType & i)\n    {\n        // ...'
json,../repos/json/single_include/nlohmann/json.hpp,"(4873, 9)-(4878, 6)",b'[](const BasicJsonType & i)\n    {\n        // ...'
json,../repos/json/single_include/nlohmann/json.hpp,"(4948, 9)-(4951, 6)",b'[](typename BasicJsonType::object_t::value_ty...'
json,../repos/json/single_include/nlohmann/json.hpp,"(10001, 36)-(10018, 18)",b'[&half]\n                {\n                   ...'
json,../repos/json/single_include/nlohmann/json.hpp,"(10808, 39)-(10812, 10)",b'[&result](std::int8_t subtype)\n        {\n    ...'
json,../repos/json/single_include/nlohmann/json.hpp,"(11548, 36)-(11565, 18)",b'[&half]\n                {\n                   ...'
json,../repos/json/single_include/nlohmann/json.hpp,"(11641, 106)-(11644, 14)","b'[](const bjd_type & p, char_int_type t)\n     ...'"
json,../repos/json/single_include/nlohmann/json.hpp,"(13878, 32)-(13881, 10)","b'[](const string_t& a, const string_t& b)\n    ...'"
json,../repos/json/single_include/nlohmann/json.hpp,"(14170, 33)-(14173, 18)",b'[](const unsigned char x)\n                {\n ...'
json,../repos/json/single_include/nlohmann/json.hpp,"(15849, 58)-(15852, 22)","b'[this, first_prefix, use_bjdata](const BasicJ...'"
json,../repos/json/single_include/nlohmann/json.hpp,"(15947, 58)-(15950, 22)","b'[this, first_prefix, use_bjdata](const BasicJ...'"
json,../repos/json/single_include/nlohmann/json.hpp,"(16151, 133)-(16154, 10)","b'[&array_index](std::size_t result, const type...'"
json,../repos/json/single_include/nlohmann/json.hpp,"(16302, 43)-(16305, 10)","b'[](size_t result, const typename BasicJsonTyp...'"
json,../repos/json/single_include/nlohmann/json.hpp,"(18877, 26)-(18880, 10)",b'[](char c)\n        {\n            return c == ...'
json,../repos/json/single_include/nlohmann/json.hpp,"(19686, 24)-(19689, 10)",b'[&](T * obj)\n        {\n            AllocatorT...'
json,../repos/json/single_include/nlohmann/json.hpp,"(19996, 91)-(19999, 14)",b'[this](const basic_json & j)\n            {\n  ...'
json,../repos/json/single_include/nlohmann/json.hpp,"(20212, 41)-(20218, 10)",b'[](const detail::json_ref<basic_json>& elemen...'
json,../repos/json/single_include/nlohmann/json.hpp,"(24008, 29)-(24036, 10)",b'[](const std::string & op)\n        {\n        ...'
json,../repos/json/single_include/nlohmann/json.hpp,"(24039, 36)-(24104, 10)","b'[&result](json_pointer & ptr, basic_json val)...'"
json,../repos/json/single_include/nlohmann/json.hpp,"(24107, 39)-(24133, 10)","b'[this, & result](json_pointer & ptr)\n        ...'"
json,../repos/json/single_include/nlohmann/json.hpp,"(24145, 36)-(24171, 14)","b'[&val](const std::string & op,\n              ...'"
json,../repos/json/docs/examples/parse__istream__parser_callback_t.cpp,"(37, 34)-(48, 6)","b'[](int depth, json::parse_event_t event, json...'"
json,../repos/json/docs/examples/parse__string__parser_callback_t.cpp,"(32, 34)-(43, 6)","b'[](int depth, json::parse_event_t event, json...'"
json,../repos/json/docs/examples/json_base_class_t.cpp,"(82, 9)-(87, 6)","b'[&](const json::json_pointer & p,\n           ...'"
json,../repos/json/include/nlohmann/detail/exceptions.hpp,"(118, 36)-(121, 10)","b'[](const std::string & a, const std::string &...'"
json,../repos/json/include/nlohmann/detail/json_pointer.hpp,"(72, 32)-(75, 10)","b'[](const string_t& a, const string_t& b)\n    ...'"
json,../repos/json/include/nlohmann/detail/json_pointer.hpp,"(364, 33)-(367, 18)",b'[](const unsigned char x)\n                {\n ...'
json,../repos/json/include/nlohmann/detail/conversions/from_json.hpp,"(160, 44)-(163, 6)",b'[](const BasicJsonType & i)\n    {\n        ret...'
json,../repos/json/include/nlohmann/detail/conversions/from_json.hpp,"(177, 20)-(180, 6)",b'[](const BasicJsonType & elem)\n    {\n        ...'
json,../repos/json/include/nlohmann/detail/conversions/from_json.hpp,"(225, 50)-(230, 6)",b'[](const BasicJsonType & i)\n    {\n        // ...'
json,../repos/json/include/nlohmann/detail/conversions/from_json.hpp,"(246, 9)-(251, 6)",b'[](const BasicJsonType & i)\n    {\n        // ...'
json,../repos/json/include/nlohmann/detail/conversions/from_json.hpp,"(321, 9)-(324, 6)",b'[](typename BasicJsonType::object_t::value_ty...'
json,../repos/json/include/nlohmann/detail/output/serializer.hpp,"(868, 26)-(871, 10)",b'[](char c)\n        {\n            return c == ...'
json,../repos/json/include/nlohmann/detail/output/binary_writer.hpp,"(809, 58)-(812, 22)","b'[this, first_prefix, use_bjdata](const BasicJ...'"
json,../repos/json/include/nlohmann/detail/output/binary_writer.hpp,"(907, 58)-(910, 22)","b'[this, first_prefix, use_bjdata](const BasicJ...'"
json,../repos/json/include/nlohmann/detail/output/binary_writer.hpp,"(1111, 133)-(1114, 10)","b'[&array_index](std::size_t result, const type...'"
json,../repos/json/include/nlohmann/detail/output/binary_writer.hpp,"(1262, 43)-(1265, 10)","b'[](size_t result, const typename BasicJsonTyp...'"
json,../repos/json/include/nlohmann/detail/input/binary_reader.hpp,"(855, 36)-(872, 18)",b'[&half]\n                {\n                   ...'
json,../repos/json/include/nlohmann/detail/input/binary_reader.hpp,"(1662, 39)-(1666, 10)",b'[&result](std::int8_t subtype)\n        {\n    ...'
json,../repos/json/include/nlohmann/detail/input/binary_reader.hpp,"(2402, 36)-(2419, 18)",b'[&half]\n                {\n                   ...'
json,../repos/json/include/nlohmann/detail/input/binary_reader.hpp,"(2495, 106)-(2498, 14)","b'[](const bjd_type & p, char_int_type t)\n     ...'"
json,../repos/json/include/nlohmann/json.hpp,"(383, 24)-(386, 10)",b'[&](T * obj)\n        {\n            AllocatorT...'
json,../repos/json/include/nlohmann/json.hpp,"(693, 91)-(696, 14)",b'[this](const basic_json & j)\n            {\n  ...'
json,../repos/json/include/nlohmann/json.hpp,"(909, 41)-(915, 10)",b'[](const detail::json_ref<basic_json>& elemen...'
json,../repos/json/include/nlohmann/json.hpp,"(4705, 29)-(4733, 10)",b'[](const std::string & op)\n        {\n        ...'
json,../repos/json/include/nlohmann/json.hpp,"(4736, 36)-(4801, 10)","b'[&result](json_pointer & ptr, basic_json val)...'"
json,../repos/json/include/nlohmann/json.hpp,"(4804, 39)-(4830, 10)","b'[this, & result](json_pointer & ptr)\n        ...'"
json,../repos/json/include/nlohmann/json.hpp,"(4842, 36)-(4868, 14)","b'[&val](const std::string & op,\n              ...'"
json,../repos/json/tests/src/unit-algorithms.cpp,"(24, 63)-(27, 14)",b'[](const json & value)\n            {\n        ...'
json,../repos/json/tests/src/unit-algorithms.cpp,"(28, 65)-(31, 14)",b'[](const json & value)\n            {\n        ...'
json,../repos/json/tests/src/unit-algorithms.cpp,"(36, 63)-(39, 14)",b'[](const json & value)\n            {\n        ...'
json,../repos/json/tests/src/unit-algorithms.cpp,"(40, 65)-(43, 14)",b'[](const json & value)\n            {\n        ...'
json,../repos/json/tests/src/unit-algorithms.cpp,"(48, 64)-(51, 14)",b'[](const json & value)\n            {\n        ...'
json,../repos/json/tests/src/unit-algorithms.cpp,"(52, 66)-(55, 14)",b'[](const json & value)\n            {\n        ...'
json,../repos/json/tests/src/unit-algorithms.cpp,"(64, 65)-(70, 18)",b'[&sum](const json & value)\n                {\n...'
json,../repos/json/tests/src/unit-algorithms.cpp,"(77, 30)-(83, 18)",b'[](json & value)\n                {\n          ...'
json,../repos/json/tests/src/unit-algorithms.cpp,"(98, 65)-(101, 14)",b'[](const json & value)\n            {\n        ...'
json,../repos/json/tests/src/unit-algorithms.cpp,"(102, 65)-(105, 14)",b'[](const json&)\n            {\n               ...'
json,../repos/json/tests/src/unit-algorithms.cpp,"(131, 34)-(134, 18)","b'[](const json & a, const json & b)\n          ...'"
json,../repos/json/tests/src/unit-algorithms.cpp,"(147, 36)-(150, 14)",b'[](const json & value)\n            {\n        ...'
json,../repos/json/tests/src/unit-algorithms.cpp,"(157, 40)-(160, 14)",b'[](const json & value)\n            {\n        ...'
json,../repos/json/tests/src/unit-algorithms.cpp,"(168, 38)-(171, 14)","b'[](const json & v1, const json & v2)\n        ...'"
json,../repos/json/tests/src/unit-algorithms.cpp,"(191, 70)-(194, 14)",b'[](const json & v)\n            {\n            ...'
json,../repos/json/tests/src/unit-algorithms.cpp,"(214, 47)-(217, 18)","b'[](const json & a, const json & b)\n          ...'"
json,../repos/json/tests/src/unit-algorithms.cpp,"(338, 94)-(341, 14)",b'[](const json & _value)\n            {\n       ...'
json,../repos/json/tests/src/unit-ubjson.cpp,"(1620, 77)-(1623, 18)","b'[](int /*unused*/, json::parse_event_t /*unus...'"
json,../repos/json/tests/src/unit-ubjson.cpp,"(1634, 77)-(1637, 18)","b'[](int /*unused*/, json::parse_event_t /*unus...'"
json,../repos/json/tests/src/unit-regression2.cpp,"(362, 44)-(402, 10)","b'[&](int /*level*/, json::parse_event_t event,...'"
json,../repos/json/tests/src/unit-regression2.cpp,"(435, 13)-(439, 10)","b'[&](const it_type & e1, const it_type & e2) -...'"
json,../repos/json/tests/src/unit-regression2.cpp,"(861, 52)-(864, 10)",b'[](const ordered_json & val)\n        {\n      ...'
json,../repos/json/tests/src/unit-regression2.cpp,"(920, 35)-(920, 63)",b'[](for_3204_foo) noexcept {}'
json,../repos/json/tests/src/unit-regression2.cpp,"(921, 36)-(921, 56)",b'[](json) noexcept {}'
json,../repos/json/tests/src/unit-iterators2.cpp,"(916, 51)-(919, 18)",b'[](int v) noexcept\n                {\n        ...'
json,../repos/json/tests/src/unit-iterators2.cpp,"(921, 51)-(926, 18)",b'[](const json & j) noexcept\n                {...'
json,../repos/json/tests/src/unit-iterators2.cpp,"(958, 70)-(961, 18)",b'[](const auto & item)\n                {\n     ...'
json,../repos/json/tests/src/unit-testsuites.cpp,"(109, 28)-(114, 10)","b'[](const std::string & json_string, const dou...'"
json,../repos/json/tests/src/unit-testsuites.cpp,"(241, 28)-(246, 10)","b'[](const std::string & json_string, const std...'"
json,../repos/json/tests/src/unit-cbor.cpp,"(1625, 33)-(1632, 18)","b'[&binary_seen](int /*depth*/, json::parse_eve...'"
json,../repos/json/tests/src/unit-to_chars.cpp,"(129, 28)-(142, 10)","b'[](float number, const std::string & digits, ...'"
json,../repos/json/tests/src/unit-to_chars.cpp,"(193, 29)-(206, 10)","b'[](double number, const std::string & digits,...'"
json,../repos/json/tests/src/unit-to_chars.cpp,"(339, 28)-(346, 10)","b'[](float number, const std::string & expected...'"
json,../repos/json/tests/src/unit-to_chars.cpp,"(399, 29)-(406, 10)","b'[](double number, const std::string & expecte...'"
json,../repos/json/tests/src/unit-to_chars.cpp,"(459, 30)-(463, 10)","b'[](std::int64_t number, const std::string & e...'"
json,../repos/json/tests/src/unit-custom-base-class.cpp,"(286, 9)-(333, 6)",b'[&](const json_with_visitor_t::json_pointer &...'
json,../repos/json/tests/src/unit-serialization.cpp,"(121, 25)-(125, 14)","b'[&](std::string const & input, std::string co...'"
json,../repos/json/tests/src/unit-serialization.cpp,"(154, 21)-(159, 10)","b'[&](std::string const & input, std::string co...'"
json,../repos/json/tests/src/unit-unicode1.cpp,"(26, 43)-(35, 10)",b'[](std::size_t cp)\n        {\n            // c...'
json,../repos/json/tests/src/unit-regression1.cpp,"(301, 55)-(304, 14)",b'[](json el)\n            {\n                ret...'
json,../repos/json/tests/src/unit-regression1.cpp,"(310, 64)-(313, 14)",b'[](json el)\n            {\n                ret...'
json,../repos/json/tests/src/unit-regression1.cpp,"(665, 32)-(678, 10)",b'[](double number)\n        {\n            CAPTU...'
json,../repos/json/tests/src/unit-regression1.cpp,"(1120, 27)-(1123, 14)",b'[](const json & j)\n            {\n            ...'
json,../repos/json/tests/src/unit-regression1.cpp,"(1132, 27)-(1135, 14)",b'[](const json & j)\n            {\n            ...'
json,../repos/json/tests/src/unit-regression1.cpp,"(1144, 27)-(1147, 14)",b'[](const json & j)\n            {\n            ...'
json,../repos/json/tests/src/unit-regression1.cpp,"(1456, 44)-(1460, 10)","b'[](int /*depth*/, json::parse_event_t event, ...'"
json,../repos/json/tests/src/unit-class_parser.cpp,"(252, 40)-(255, 6)","b'[](int /*unused*/, json::parse_event_t /*unus...'"
json,../repos/json/tests/src/unit-class_parser.cpp,"(1057, 32)-(1092, 14)",b'[](int c)\n            {\n                switc...'
json,../repos/json/tests/src/unit-class_parser.cpp,"(1272, 32)-(1307, 14)",b'[](int c)\n            {\n                switc...'
json,../repos/json/tests/src/unit-class_parser.cpp,"(1364, 48)-(1367, 14)","b'[](int /*unused*/, json::parse_event_t event,...'"
json,../repos/json/tests/src/unit-class_parser.cpp,"(1403, 51)-(1406, 14)","b'[](int /*unused*/, json::parse_event_t /*unus...'"
json,../repos/json/tests/src/unit-class_parser.cpp,"(1410, 49)-(1413, 14)","b'[](int /*unused*/, json::parse_event_t /*unus...'"
json,../repos/json/tests/src/unit-class_parser.cpp,"(1420, 57)-(1423, 14)","b'[](int /*unused*/, json::parse_event_t /*unus...'"
json,../repos/json/tests/src/unit-class_parser.cpp,"(1428, 55)-(1431, 14)","b'[](int /*unused*/, json::parse_event_t /*unus...'"
json,../repos/json/tests/src/unit-class_parser.cpp,"(1439, 51)-(1443, 14)","b'[](int /*unused*/, json::parse_event_t event,...'"
json,../repos/json/tests/src/unit-class_parser.cpp,"(1447, 49)-(1450, 14)","b'[](int /*unused*/, json::parse_event_t event,...'"
json,../repos/json/tests/src/unit-class_parser.cpp,"(1457, 62)-(1460, 14)","b'[](int /*unused*/, json::parse_event_t e, con...'"
json,../repos/json/tests/src/unit-class_parser.cpp,"(1466, 62)-(1469, 14)","b'[](int /*unused*/, json::parse_event_t e, con...'"
json,../repos/json/tests/src/unit-class_parser.cpp,"(1481, 59)-(1491, 22)","b'[](int /*unused*/, json::parse_event_t e, con...'"
json,../repos/json/tests/src/unit-class_parser.cpp,"(1498, 57)-(1508, 22)","b'[](int /*unused*/, json::parse_event_t e, con...'"
json,../repos/json/tests/src/unit-class_parser.cpp,"(1522, 53)-(1525, 14)","b'[](int /*unused*/, json::parse_event_t e, con...'"
json,../repos/json/tests/src/unit-class_parser.cpp,"(1528, 52)-(1531, 14)","b'[](int /*unused*/, json::parse_event_t e, con...'"
json,../repos/json/tests/src/unit-class_parser.cpp,"(1596, 48)-(1599, 14)","b'[](int /*unused*/, json::parse_event_t /*unus...'"
json,../repos/json/tests/src/unit-comparison.cpp,"(579, 51)-(583, 14)","b'[](int /*unused*/, json::parse_event_t /*unus...'"
json,../repos/json/tests/src/unit-comparison.cpp,"(587, 49)-(590, 14)","b'[](int /*unused*/, json::parse_event_t /*unus...'"
json,../repos/json/tests/abi/include/nlohmann/json_v3_10_5.hpp,"(2883, 38)-(2886, 10)","b'[](const std::string & a, const std::string &...'"
json,../repos/json/tests/abi/include/nlohmann/json_v3_10_5.hpp,"(3955, 44)-(3958, 6)",b'[](const BasicJsonType & i)\n    {\n        ret...'
json,../repos/json/tests/abi/include/nlohmann/json_v3_10_5.hpp,"(3972, 20)-(3975, 6)",b'[](const BasicJsonType & elem)\n    {\n        ...'
json,../repos/json/tests/abi/include/nlohmann/json_v3_10_5.hpp,"(4020, 50)-(4025, 6)",b'[](const BasicJsonType & i)\n    {\n        // ...'
json,../repos/json/tests/abi/include/nlohmann/json_v3_10_5.hpp,"(4041, 9)-(4046, 6)",b'[](const BasicJsonType & i)\n    {\n        // ...'
json,../repos/json/tests/abi/include/nlohmann/json_v3_10_5.hpp,"(4116, 9)-(4119, 6)",b'[](typename BasicJsonType::object_t::value_ty...'
json,../repos/json/tests/abi/include/nlohmann/json_v3_10_5.hpp,"(9011, 36)-(9028, 18)",b'[&half]\n                {\n                   ...'
json,../repos/json/tests/abi/include/nlohmann/json_v3_10_5.hpp,"(9813, 39)-(9817, 10)",b'[&result](std::int8_t subtype)\n        {\n    ...'
json,../repos/json/tests/abi/include/nlohmann/json_v3_10_5.hpp,"(12278, 32)-(12281, 10)","b'[](const std::string & a, const std::string &...'"
json,../repos/json/tests/abi/include/nlohmann/json_v3_10_5.hpp,"(12562, 33)-(12565, 18)",b'[](const unsigned char x)\n                {\n ...'
json,../repos/json/tests/abi/include/nlohmann/json_v3_10_5.hpp,"(14082, 58)-(14085, 22)","b'[this, first_prefix](const BasicJsonType & v)...'"
json,../repos/json/tests/abi/include/nlohmann/json_v3_10_5.hpp,"(14170, 58)-(14173, 22)","b'[this, first_prefix](const BasicJsonType & v)...'"
json,../repos/json/tests/abi/include/nlohmann/json_v3_10_5.hpp,"(14372, 133)-(14375, 10)","b'[&array_index](std::size_t result, const type...'"
json,../repos/json/tests/abi/include/nlohmann/json_v3_10_5.hpp,"(14523, 37)-(14526, 10)","b'[](size_t result, const typename BasicJsonTyp...'"
json,../repos/json/tests/abi/include/nlohmann/json_v3_10_5.hpp,"(16892, 26)-(16895, 10)",b'[](char c)\n        {\n            return c == ...'
json,../repos/json/tests/abi/include/nlohmann/json_v3_10_5.hpp,"(17551, 24)-(17554, 10)",b'[&](T * obj)\n        {\n            AllocatorT...'
json,../repos/json/tests/abi/include/nlohmann/json_v3_10_5.hpp,"(17851, 91)-(17854, 14)",b'[this](const basic_json & j)\n            {\n  ...'
json,../repos/json/tests/abi/include/nlohmann/json_v3_10_5.hpp,"(18066, 41)-(18069, 10)",b'[](const detail::json_ref<basic_json>& elemen...'
json,../repos/json/tests/abi/include/nlohmann/json_v3_10_5.hpp,"(21396, 29)-(21424, 10)",b'[](const std::string & op)\n        {\n        ...'
json,../repos/json/tests/abi/include/nlohmann/json_v3_10_5.hpp,"(21427, 36)-(21491, 10)","b'[&result](json_pointer & ptr, basic_json val)...'"
json,../repos/json/tests/abi/include/nlohmann/json_v3_10_5.hpp,"(21494, 39)-(21520, 10)","b'[this, &result](json_pointer & ptr)\n        {...'"
json,../repos/json/tests/abi/include/nlohmann/json_v3_10_5.hpp,"(21532, 36)-(21558, 14)","b'[&val](const std::string & op,\n              ...'"
json,../repos/json/tests/thirdparty/Fuzzer/FuzzerMerge.cpp,"(141, 13)-(145, 14)","b'[&](const MergeFileInfo &a, const MergeFileIn...'"
json,../repos/json/tests/thirdparty/Fuzzer/FuzzerMerge.cpp,"(193, 25)-(196, 6)",b'[&](size_t Feature) -> bool {\n      Features....'
json,../repos/json/tests/thirdparty/Fuzzer/FuzzerLoop.cpp,"(456, 44)-(458, 6)","b'[](const Unit &A, const Unit &B) {\n      retu...'"
json,../repos/json/tests/thirdparty/Fuzzer/FuzzerLoop.cpp,"(495, 48)-(497, 8)",b'[&](size_t Feature) -> bool {\n        return ...'
json,../repos/json/tests/thirdparty/Fuzzer/FuzzerTracePC.h,"(147, 29)-(150, 6)",b'[&](size_t Idx) {\n      if (CB(NumGuards * 8 ...'
json,../repos/json/tests/thirdparty/Fuzzer/test/ThreadedLeakTest.cpp,"(14, 17)-(14, 40)",b'[&] { Sink = new int; }'
json,../repos/json/tests/thirdparty/Fuzzer/test/ThreadedTest.cpp,"(14, 12)-(19, 4)",b'[&] {\n    size_t Res = 0;\n    for (size_t i =...'
json,../repos/json/tests/thirdparty/Fuzzer/test/SimpleThreadedTest.cpp,"(13, 12)-(18, 4)","b""[&] {\n    if (Size >= 2 && Data[0] == 'H') {\n..."""
json,../repos/json/tests/thirdparty/Fuzzer/FuzzerDictionary.h,"(91, 40)-(93, 6)",b'[&](const DictionaryEntry &DE) {\n      return...'
json,../repos/json/tests/thirdparty/Fuzzer/FuzzerTraceState.cpp,"(81, 21)-(81, 79)","b'[](const CU &a, const CU &b) { return a.first...'"
