Repo name,File name,Location,Content
json,../repos/json/single_include/nlohmann/json_fwd.hpp,"(13, 10)-(13, 15)",b'#include <map> // map\n'
json,../repos/json/single_include/nlohmann/json_fwd.hpp,"(16, 10)-(16, 18)",b'#include <vector> // vector\n'
json,../repos/json/single_include/nlohmann/json.hpp,"(32, 10)-(32, 18)",b'#include <vector> // vector\n'
json,../repos/json/single_include/nlohmann/json.hpp,"(161, 10)-(161, 17)",b'#include <array> // array\n'
json,../repos/json/single_include/nlohmann/json.hpp,"(162, 10)-(162, 24)",b'#include <forward_list> // forward_list\n'
json,../repos/json/single_include/nlohmann/json.hpp,"(164, 10)-(164, 15)",b'#include <map> // map\n'
json,../repos/json/single_include/nlohmann/json.hpp,"(168, 10)-(168, 25)",b'#include <unordered_map> // unordered_map\n'
json,../repos/json/single_include/nlohmann/json.hpp,"(190, 10)-(190, 18)",b'#include <vector> // vector\n'
json,../repos/json/single_include/nlohmann/json.hpp,"(203, 10)-(203, 17)",b'#include <array> // array\n'
json,../repos/json/single_include/nlohmann/json.hpp,"(3068, 10)-(3068, 17)",b'#include <array> // array\n'
json,../repos/json/single_include/nlohmann/json.hpp,"(3372, 14)-(3372, 19)",b'#include <map> // map\n'
json,../repos/json/single_include/nlohmann/json.hpp,"(3375, 14)-(3375, 22)",b'#include <vector> // vector\n'
json,../repos/json/single_include/nlohmann/json.hpp,"(5144, 10)-(5144, 18)",b'#include <vector> // vector\n'
json,../repos/json/single_include/nlohmann/json.hpp,"(6125, 10)-(6125, 17)",b'#include <array> // array\n'
json,../repos/json/single_include/nlohmann/json.hpp,"(6135, 10)-(6135, 18)",b'#include <vector> // vector\n'
json,../repos/json/single_include/nlohmann/json.hpp,"(6150, 10)-(6150, 17)",b'#include <array> // array\n'
json,../repos/json/single_include/nlohmann/json.hpp,"(6650, 10)-(6650, 18)",b'#include <vector> // vector\n'
json,../repos/json/single_include/nlohmann/json.hpp,"(7379, 10)-(7379, 17)",b'#include <array> // array\n'
json,../repos/json/single_include/nlohmann/json.hpp,"(7387, 10)-(7387, 18)",b'#include <vector> // vector\n'
json,../repos/json/single_include/nlohmann/json.hpp,"(12177, 10)-(12177, 18)",b'#include <vector> // vector\n'
json,../repos/json/single_include/nlohmann/json.hpp,"(13823, 10)-(13823, 18)",b'#include <vector> // vector\n'
json,../repos/json/single_include/nlohmann/json.hpp,"(14900, 10)-(14900, 17)",b'#include <array> // array\n'
json,../repos/json/single_include/nlohmann/json.hpp,"(14901, 10)-(14901, 15)",b'#include <map> // map\n'
json,../repos/json/single_include/nlohmann/json.hpp,"(14908, 10)-(14908, 18)",b'#include <vector> // vector\n'
json,../repos/json/single_include/nlohmann/json.hpp,"(14930, 10)-(14930, 18)",b'#include <vector> // vector\n'
json,../repos/json/single_include/nlohmann/json.hpp,"(16895, 10)-(16895, 17)",b'#include <array> // array\n'
json,../repos/json/single_include/nlohmann/json.hpp,"(16919, 10)-(16919, 17)",b'#include <array> // array\n'
json,../repos/json/single_include/nlohmann/json.hpp,"(19021, 10)-(19021, 18)",b'#include <vector> // vector\n'
json,../repos/json/docs/examples/operator__ValueType.cpp,"(2, 10)-(2, 25)",b'#include <unordered_map>\n'
json,../repos/json/docs/examples/basic_json__CompatibleType.cpp,"(2, 10)-(2, 17)",b'#include <deque>\n'
json,../repos/json/docs/examples/basic_json__CompatibleType.cpp,"(3, 10)-(3, 16)",b'#include <list>\n'
json,../repos/json/docs/examples/basic_json__CompatibleType.cpp,"(4, 10)-(4, 24)",b'#include <forward_list>\n'
json,../repos/json/docs/examples/basic_json__CompatibleType.cpp,"(5, 10)-(5, 15)",b'#include <set>\n'
json,../repos/json/docs/examples/basic_json__CompatibleType.cpp,"(6, 10)-(6, 25)",b'#include <unordered_map>\n'
json,../repos/json/docs/examples/basic_json__CompatibleType.cpp,"(7, 10)-(7, 25)",b'#include <unordered_set>\n'
json,../repos/json/docs/examples/get__ValueType_const.cpp,"(2, 10)-(2, 25)",b'#include <unordered_map>\n'
json,../repos/json/docs/examples/get_to.cpp,"(2, 10)-(2, 25)",b'#include <unordered_map>\n'
json,../repos/json/include/nlohmann/detail/value_t.hpp,"(11, 10)-(11, 17)",b'#include <array> // array\n'
json,../repos/json/include/nlohmann/detail/exceptions.hpp,"(18, 10)-(18, 18)",b'#include <vector> // vector\n'
json,../repos/json/include/nlohmann/detail/json_pointer.hpp,"(22, 10)-(22, 18)",b'#include <vector> // vector\n'
json,../repos/json/include/nlohmann/detail/conversions/to_json.hpp,"(18, 10)-(18, 18)",b'#include <vector> // vector\n'
json,../repos/json/include/nlohmann/detail/conversions/from_json.hpp,"(12, 10)-(12, 17)",b'#include <array> // array\n'
json,../repos/json/include/nlohmann/detail/conversions/from_json.hpp,"(13, 10)-(13, 24)",b'#include <forward_list> // forward_list\n'
json,../repos/json/include/nlohmann/detail/conversions/from_json.hpp,"(15, 10)-(15, 15)",b'#include <map> // map\n'
json,../repos/json/include/nlohmann/detail/conversions/from_json.hpp,"(19, 10)-(19, 25)",b'#include <unordered_map> // unordered_map\n'
json,../repos/json/include/nlohmann/detail/conversions/to_chars.hpp,"(12, 10)-(12, 17)",b'#include <array> // array\n'
json,../repos/json/include/nlohmann/detail/meta/cpp_future.hpp,"(12, 10)-(12, 17)",b'#include <array> // array\n'
json,../repos/json/include/nlohmann/detail/output/serializer.hpp,"(13, 10)-(13, 17)",b'#include <array> // array\n'
json,../repos/json/include/nlohmann/detail/output/output_adapters.hpp,"(16, 10)-(16, 18)",b'#include <vector> // vector\n'
json,../repos/json/include/nlohmann/detail/output/binary_writer.hpp,"(12, 10)-(12, 17)",b'#include <array> // array\n'
json,../repos/json/include/nlohmann/detail/output/binary_writer.hpp,"(13, 10)-(13, 15)",b'#include <map> // map\n'
json,../repos/json/include/nlohmann/detail/output/binary_writer.hpp,"(20, 10)-(20, 18)",b'#include <vector> // vector\n'
json,../repos/json/include/nlohmann/detail/input/parser.hpp,"(16, 10)-(16, 18)",b'#include <vector> // vector\n'
json,../repos/json/include/nlohmann/detail/input/lexer.hpp,"(11, 10)-(11, 17)",b'#include <array> // array\n'
json,../repos/json/include/nlohmann/detail/input/lexer.hpp,"(19, 10)-(19, 18)",b'#include <vector> // vector\n'
json,../repos/json/include/nlohmann/detail/input/binary_reader.hpp,"(12, 10)-(12, 17)",b'#include <array> // array\n'
json,../repos/json/include/nlohmann/detail/input/binary_reader.hpp,"(22, 10)-(22, 18)",b'#include <vector> // vector\n'
json,../repos/json/include/nlohmann/detail/input/json_sax.hpp,"(14, 10)-(14, 18)",b'#include <vector> // vector\n'
json,../repos/json/include/nlohmann/detail/input/input_adapters.hpp,"(11, 10)-(11, 17)",b'#include <array> // array\n'
json,../repos/json/include/nlohmann/json_fwd.hpp,"(13, 10)-(13, 15)",b'#include <map> // map\n'
json,../repos/json/include/nlohmann/json_fwd.hpp,"(16, 10)-(16, 18)",b'#include <vector> // vector\n'
json,../repos/json/include/nlohmann/ordered_map.hpp,"(18, 10)-(18, 18)",b'#include <vector> // vector\n'
json,../repos/json/include/nlohmann/json.hpp,"(32, 10)-(32, 18)",b'#include <vector> // vector\n'
json,../repos/json/tests/src/unit-udt.cpp,"(21, 10)-(21, 15)",b'#include <map>\n'
json,../repos/json/tests/src/unit-constructor1.cpp,"(15, 10)-(15, 17)",b'#include <deque>\n'
json,../repos/json/tests/src/unit-constructor1.cpp,"(16, 10)-(16, 24)",b'#include <forward_list>\n'
json,../repos/json/tests/src/unit-constructor1.cpp,"(18, 10)-(18, 16)",b'#include <list>\n'
json,../repos/json/tests/src/unit-constructor1.cpp,"(19, 10)-(19, 15)",b'#include <set>\n'
json,../repos/json/tests/src/unit-constructor1.cpp,"(20, 10)-(20, 25)",b'#include <unordered_map>\n'
json,../repos/json/tests/src/unit-constructor1.cpp,"(21, 10)-(21, 25)",b'#include <unordered_set>\n'
json,../repos/json/tests/src/fuzzer-driver_afl.cpp,"(15, 10)-(15, 18)",b'#include <vector>    // for vector\n'
json,../repos/json/tests/src/unit-ubjson.cpp,"(16, 10)-(16, 15)",b'#include <set>\n'
json,../repos/json/tests/src/unit-udt_macro.cpp,"(10, 10)-(10, 18)",b'#include <vector>\n'
json,../repos/json/tests/src/unit-regression2.cpp,"(30, 10)-(30, 16)",b'#include <list>\n'
json,../repos/json/tests/src/unit-hash.cpp,"(15, 10)-(15, 15)",b'#include <set>\n'
json,../repos/json/tests/src/unit-user_defined_input.cpp,"(14, 10)-(14, 16)",b'#include <list>\n'
json,../repos/json/tests/src/unit-json_pointer.cpp,"(18, 10)-(18, 15)",b'#include <map>\n'
json,../repos/json/tests/src/test_utils.hpp,"(13, 10)-(13, 18)",b'#include <vector> // vector\n'
json,../repos/json/tests/src/unit-bjdata.cpp,"(20, 10)-(20, 15)",b'#include <set>\n'
json,../repos/json/tests/src/unit-conversions.cpp,"(23, 10)-(23, 17)",b'#include <deque>\n'
json,../repos/json/tests/src/unit-conversions.cpp,"(24, 10)-(24, 24)",b'#include <forward_list>\n'
json,../repos/json/tests/src/unit-conversions.cpp,"(25, 10)-(25, 16)",b'#include <list>\n'
json,../repos/json/tests/src/unit-conversions.cpp,"(26, 10)-(26, 15)",b'#include <set>\n'
json,../repos/json/tests/src/unit-conversions.cpp,"(27, 10)-(27, 25)",b'#include <unordered_map>\n'
json,../repos/json/tests/src/unit-conversions.cpp,"(28, 10)-(28, 25)",b'#include <unordered_set>\n'
json,../repos/json/tests/src/unit-cbor.cpp,"(19, 10)-(19, 15)",b'#include <set>\n'
json,../repos/json/tests/src/unit-msgpack.cpp,"(21, 10)-(21, 15)",b'#include <set>\n'
json,../repos/json/tests/src/unit-custom-base-class.cpp,"(10, 10)-(10, 15)",b'#include <set>\n'
json,../repos/json/tests/src/unit-regression1.cpp,"(23, 10)-(23, 16)",b'#include <list>\n'
json,../repos/json/tests/src/unit-readme.cpp,"(17, 10)-(17, 17)",b'#include <deque>\n'
json,../repos/json/tests/src/unit-readme.cpp,"(18, 10)-(18, 24)",b'#include <forward_list>\n'
json,../repos/json/tests/src/unit-readme.cpp,"(19, 10)-(19, 16)",b'#include <list>\n'
json,../repos/json/tests/src/unit-readme.cpp,"(20, 10)-(20, 15)",b'#include <set>\n'
json,../repos/json/tests/src/unit-readme.cpp,"(21, 10)-(21, 25)",b'#include <unordered_map>\n'
json,../repos/json/tests/src/unit-readme.cpp,"(22, 10)-(22, 25)",b'#include <unordered_set>\n'
json,../repos/json/tests/abi/include/nlohmann/json_v3_10_5.hpp,"(58, 10)-(58, 18)",b'#include <vector> // vector\n'
json,../repos/json/tests/abi/include/nlohmann/json_v3_10_5.hpp,"(70, 10)-(70, 17)",b'#include <array> // array\n'
json,../repos/json/tests/abi/include/nlohmann/json_v3_10_5.hpp,"(71, 10)-(71, 24)",b'#include <forward_list> // forward_list\n'
json,../repos/json/tests/abi/include/nlohmann/json_v3_10_5.hpp,"(73, 10)-(73, 15)",b'#include <map> // map\n'
json,../repos/json/tests/abi/include/nlohmann/json_v3_10_5.hpp,"(77, 10)-(77, 25)",b'#include <unordered_map> // unordered_map\n'
json,../repos/json/tests/abi/include/nlohmann/json_v3_10_5.hpp,"(87, 10)-(87, 18)",b'#include <vector> // vector\n'
json,../repos/json/tests/abi/include/nlohmann/json_v3_10_5.hpp,"(92, 10)-(92, 17)",b'#include <array> // array\n'
json,../repos/json/tests/abi/include/nlohmann/json_v3_10_5.hpp,"(3291, 10)-(3291, 15)",b'#include <map> // map\n'
json,../repos/json/tests/abi/include/nlohmann/json_v3_10_5.hpp,"(3294, 10)-(3294, 18)",b'#include <vector> // vector\n'
json,../repos/json/tests/abi/include/nlohmann/json_v3_10_5.hpp,"(4297, 10)-(4297, 18)",b'#include <vector> // vector\n'
json,../repos/json/tests/abi/include/nlohmann/json_v3_10_5.hpp,"(5191, 10)-(5191, 17)",b'#include <array> // array\n'
json,../repos/json/tests/abi/include/nlohmann/json_v3_10_5.hpp,"(5201, 10)-(5201, 18)",b'#include <vector> // vector\n'
json,../repos/json/tests/abi/include/nlohmann/json_v3_10_5.hpp,"(5208, 10)-(5208, 17)",b'#include <array> // array\n'
json,../repos/json/tests/abi/include/nlohmann/json_v3_10_5.hpp,"(5698, 10)-(5698, 18)",b'#include <vector> // vector\n'
json,../repos/json/tests/abi/include/nlohmann/json_v3_10_5.hpp,"(6410, 10)-(6410, 17)",b'#include <array> // array\n'
json,../repos/json/tests/abi/include/nlohmann/json_v3_10_5.hpp,"(6418, 10)-(6418, 18)",b'#include <vector> // vector\n'
json,../repos/json/tests/abi/include/nlohmann/json_v3_10_5.hpp,"(10708, 10)-(10708, 18)",b'#include <vector> // vector\n'
json,../repos/json/tests/abi/include/nlohmann/json_v3_10_5.hpp,"(12242, 10)-(12242, 18)",b'#include <vector> // vector\n'
json,../repos/json/tests/abi/include/nlohmann/json_v3_10_5.hpp,"(13148, 10)-(13148, 17)",b'#include <array> // array\n'
json,../repos/json/tests/abi/include/nlohmann/json_v3_10_5.hpp,"(13168, 10)-(13168, 18)",b'#include <vector> // vector\n'
json,../repos/json/tests/abi/include/nlohmann/json_v3_10_5.hpp,"(14929, 10)-(14929, 17)",b'#include <array> // array\n'
json,../repos/json/tests/abi/include/nlohmann/json_v3_10_5.hpp,"(14945, 10)-(14945, 17)",b'#include <array> // array\n'
json,../repos/json/tests/abi/include/nlohmann/json_v3_10_5.hpp,"(17027, 10)-(17027, 18)",b'#include <vector> // vector\n'
json,../repos/json/tests/benchmarks/src/benchmarks.cpp,"(13, 10)-(13, 18)",b'#include <vector>\n'
json,../repos/json/tests/thirdparty/fifo_map/fifo_map.hpp,"(33, 10)-(33, 15)",b'#include <map>\n'
json,../repos/json/tests/thirdparty/fifo_map/fifo_map.hpp,"(35, 10)-(35, 25)",b'#include <unordered_map>\n'
json,../repos/json/tests/thirdparty/fifo_map/fifo_map.hpp,"(37, 10)-(37, 18)",b'#include <vector>\n'
json,../repos/json/tests/thirdparty/Fuzzer/FuzzerDefs.h,"(20, 10)-(20, 18)",b'#include <vector>\n'
json,../repos/json/tests/thirdparty/Fuzzer/FuzzerLoop.cpp,"(21, 10)-(21, 15)",b'#include <set>\n'
json,../repos/json/tests/thirdparty/Fuzzer/FuzzerTracePC.h,"(17, 10)-(17, 15)",b'#include <set>\n'
json,../repos/json/tests/thirdparty/Fuzzer/test/FuzzerUnittest.cpp,"(16, 10)-(16, 15)",b'#include <set>\n'
json,../repos/json/tests/thirdparty/Fuzzer/FuzzerMerge.h,"(46, 10)-(46, 15)",b'#include <set>\n'
json,../repos/json/tests/thirdparty/Fuzzer/FuzzerTracePC.cpp,"(22, 10)-(22, 15)",b'#include <map>\n'
json,../repos/json/tests/thirdparty/Fuzzer/FuzzerTracePC.cpp,"(24, 10)-(24, 15)",b'#include <set>\n'
json,../repos/json/tests/thirdparty/Fuzzer/FuzzerCorpus.h,"(22, 10)-(22, 25)",b'#include <unordered_set>\n'
json,../repos/json/tests/thirdparty/Fuzzer/FuzzerTraceState.cpp,"(20, 10)-(20, 15)",b'#include <map>\n'
json,../repos/json/tests/thirdparty/Fuzzer/FuzzerTraceState.cpp,"(21, 10)-(21, 15)",b'#include <set>\n'
