Repo name,File name,Location,Content
json,../repos/json/single_include/nlohmann/json.hpp,"(2905, 12)-(2905, 21)","b'static constexpr std::array<std::uint8_t, 9> ...'"
json,../repos/json/single_include/nlohmann/json.hpp,"(3045, 5)-(3045, 14)",b'constexpr operator size_t() const\n    {\n     ...'
json,../repos/json/single_include/nlohmann/json.hpp,"(3125, 12)-(3125, 21)",b'static constexpr std::size_t size() noexcept\n...'
json,../repos/json/single_include/nlohmann/json.hpp,"(3213, 33)-(3213, 42)",b'static JSON_INLINE_VARIABLE constexpr T value{};'
json,../repos/json/single_include/nlohmann/json.hpp,"(3218, 5)-(3218, 14)",b'constexpr T static_const<T>::value;'
json,../repos/json/single_include/nlohmann/json.hpp,"(3222, 8)-(3222, 17)","b'inline constexpr std::array<T, sizeof...(Args...'"
json,../repos/json/single_include/nlohmann/json.hpp,"(3536, 12)-(3536, 21)",b'static constexpr bool value = is_detected<get...'
json,../repos/json/single_include/nlohmann/json.hpp,"(3544, 12)-(3544, 21)",b'static constexpr bool value =\n        is_dete...'
json,../repos/json/single_include/nlohmann/json.hpp,"(3559, 12)-(3559, 21)",b'static constexpr bool value =\n        is_dete...'
json,../repos/json/single_include/nlohmann/json.hpp,"(3574, 12)-(3574, 21)",b'static constexpr bool value =\n        is_dete...'
json,../repos/json/single_include/nlohmann/json.hpp,"(3625, 12)-(3625, 21)",b'static constexpr int_type eof() noexcept\n    ...'
json,../repos/json/single_include/nlohmann/json.hpp,"(3649, 12)-(3649, 21)",b'static constexpr int_type eof() noexcept\n    ...'
json,../repos/json/single_include/nlohmann/json.hpp,"(3716, 12)-(3716, 21)",b'static constexpr auto value =\n        is_dete...'
json,../repos/json/single_include/nlohmann/json.hpp,"(3736, 12)-(3736, 21)",b'static constexpr auto is_iterator_begin =\n   ...'
json,../repos/json/single_include/nlohmann/json.hpp,"(3740, 12)-(3740, 21)",b'static constexpr bool value = !std::is_same<i...'
json,../repos/json/single_include/nlohmann/json.hpp,"(3772, 12)-(3772, 21)",b'static constexpr bool value =\n        is_cons...'
json,../repos/json/single_include/nlohmann/json.hpp,"(3795, 12)-(3795, 21)",b'static constexpr bool value =\n        (is_def...'
json,../repos/json/single_include/nlohmann/json.hpp,"(3819, 12)-(3819, 21)",b'static constexpr auto value =\n        is_cons...'
json,../repos/json/single_include/nlohmann/json.hpp,"(3833, 12)-(3833, 21)",b'static constexpr auto value =\n        conjunc...'
json,../repos/json/single_include/nlohmann/json.hpp,"(3853, 12)-(3853, 21)",b'static constexpr bool value =\n        is_cons...'
json,../repos/json/single_include/nlohmann/json.hpp,"(3892, 12)-(3892, 21)",b'static constexpr bool value =\n        std::is...'
json,../repos/json/single_include/nlohmann/json.hpp,"(3921, 12)-(3921, 21)",b'static constexpr auto value =\n        is_cons...'
json,../repos/json/single_include/nlohmann/json.hpp,"(3941, 12)-(3941, 21)",b'static constexpr bool value =\n        has_to_...'
json,../repos/json/single_include/nlohmann/json.hpp,"(4088, 12)-(4088, 21)",b'static constexpr bool test(T val)\n    {\n     ...'
json,../repos/json/single_include/nlohmann/json.hpp,"(4098, 12)-(4098, 21)",b'static constexpr bool test(T val)\n    {\n     ...'
json,../repos/json/single_include/nlohmann/json.hpp,"(4108, 12)-(4108, 21)",b'static constexpr bool test(T val)\n    {\n     ...'
json,../repos/json/single_include/nlohmann/json.hpp,"(4118, 12)-(4118, 21)",b'static constexpr bool test(T val)\n    {\n     ...'
json,../repos/json/single_include/nlohmann/json.hpp,"(4134, 12)-(4134, 21)",b'static constexpr bool test(T val)\n    {\n     ...'
json,../repos/json/single_include/nlohmann/json.hpp,"(4143, 12)-(4143, 21)",b'static constexpr bool test(T /*val*/)\n    {\n ...'
json,../repos/json/single_include/nlohmann/json.hpp,"(4150, 8)-(4150, 17)",b'inline constexpr bool value_in_range_of(T val...'
json,../repos/json/single_include/nlohmann/json.hpp,"(4166, 8)-(4166, 17)",b'inline constexpr bool is_c_string()\n{\n    usi...'
json,../repos/json/single_include/nlohmann/json.hpp,"(4194, 8)-(4194, 17)",b'inline constexpr bool is_transparent()\n{\n    ...'
json,../repos/json/single_include/nlohmann/json.hpp,"(5118, 22)-(5118, 31)",b'JSON_INLINE_VARIABLE constexpr const auto& fr...'
json,../repos/json/single_include/nlohmann/json.hpp,"(5118, 32)-(5118, 37)",b'JSON_INLINE_VARIABLE constexpr const auto& fr...'
json,../repos/json/single_include/nlohmann/json.hpp,"(5390, 12)-(5390, 21)",b'inline constexpr bool ::std::ranges::enable_b...'
json,../repos/json/single_include/nlohmann/json.hpp,"(5700, 12)-(5700, 21)",b'static constexpr value_t integral_value_t = s...'
json,../repos/json/single_include/nlohmann/json.hpp,"(5818, 22)-(5818, 31)",b'JSON_INLINE_VARIABLE constexpr const auto& to...'
json,../repos/json/single_include/nlohmann/json.hpp,"(5818, 32)-(5818, 37)",b'JSON_INLINE_VARIABLE constexpr const auto& to...'
json,../repos/json/single_include/nlohmann/json.hpp,"(5947, 5)-(5947, 14)",b'constexpr subtype_type subtype() const noexce...'
json,../repos/json/single_include/nlohmann/json.hpp,"(5954, 5)-(5954, 14)",b'constexpr bool has_subtype() const noexcept\n ...'
json,../repos/json/single_include/nlohmann/json.hpp,"(6934, 5)-(6934, 14)",b'constexpr bool is_errored() const\n    {\n     ...'
json,../repos/json/single_include/nlohmann/json.hpp,"(7184, 5)-(7184, 14)",b'constexpr bool is_errored() const\n    {\n     ...'
json,../repos/json/single_include/nlohmann/json.hpp,"(8791, 5)-(8791, 14)",b'constexpr number_unsigned_t get_number_unsign...'
json,../repos/json/single_include/nlohmann/json.hpp,"(8797, 5)-(8797, 14)",b'constexpr number_float_t get_number_float() c...'
json,../repos/json/single_include/nlohmann/json.hpp,"(8813, 5)-(8813, 14)",b'constexpr position_t get_position() const noe...'
json,../repos/json/single_include/nlohmann/json.hpp,"(8846, 5)-(8846, 14)",b'JSON_HEDLEY_RETURNS_NON_NULL\n    constexpr co...'
json,../repos/json/single_include/nlohmann/json.hpp,"(8846, 15)-(8846, 20)",b'JSON_HEDLEY_RETURNS_NON_NULL\n    constexpr co...'
json,../repos/json/single_include/nlohmann/json.hpp,"(9100, 12)-(9100, 21)",b'static constexpr bool value =\n        is_dete...'
json,../repos/json/single_include/nlohmann/json.hpp,"(12096, 33)-(12096, 42)",b'static JSON_INLINE_VARIABLE constexpr std::si...'
json,../repos/json/single_include/nlohmann/json.hpp,"(12151, 5)-(12151, 14)",b'constexpr std::size_t binary_reader<BasicJson...'
json,../repos/json/single_include/nlohmann/json.hpp,"(12737, 12)-(12737, 21)",b'static constexpr difference_type begin_value = 0;'
json,../repos/json/single_include/nlohmann/json.hpp,"(12738, 12)-(12738, 21)",b'static constexpr difference_type end_value = ...'
json,../repos/json/single_include/nlohmann/json.hpp,"(12745, 5)-(12745, 14)",b'constexpr difference_type get_value() const n...'
json,../repos/json/single_include/nlohmann/json.hpp,"(12763, 5)-(12763, 14)",b'constexpr bool is_begin() const noexcept\n    ...'
json,../repos/json/single_include/nlohmann/json.hpp,"(12769, 5)-(12769, 14)",b'constexpr bool is_end() const noexcept\n    {\n...'
json,../repos/json/single_include/nlohmann/json.hpp,"(12774, 12)-(12774, 21)",b'constexpr bool operator==(primitive_iterator_...'
json,../repos/json/single_include/nlohmann/json.hpp,"(12779, 12)-(12779, 21)",b'constexpr bool operator<(primitive_iterator_t...'
json,../repos/json/single_include/nlohmann/json.hpp,"(12791, 12)-(12791, 21)",b'constexpr difference_type operator-(primitive...'
json,../repos/json/single_include/nlohmann/json.hpp,"(16105, 12)-(16105, 21)",b'static constexpr std::size_t calc_bson_unsign...'
json,../repos/json/single_include/nlohmann/json.hpp,"(16330, 12)-(16330, 21)",b'static constexpr CharType get_cbor_float_pref...'
json,../repos/json/single_include/nlohmann/json.hpp,"(16335, 12)-(16335, 21)",b'static constexpr CharType get_cbor_float_pref...'
json,../repos/json/single_include/nlohmann/json.hpp,"(16344, 12)-(16344, 21)",b'static constexpr CharType get_msgpack_float_p...'
json,../repos/json/single_include/nlohmann/json.hpp,"(16349, 12)-(16349, 21)",b'static constexpr CharType get_msgpack_float_p...'
json,../repos/json/single_include/nlohmann/json.hpp,"(16645, 12)-(16645, 21)",b'static constexpr CharType get_ubjson_float_pr...'
json,../repos/json/single_include/nlohmann/json.hpp,"(16650, 12)-(16650, 21)",b'static constexpr CharType get_ubjson_float_pr...'
json,../repos/json/single_include/nlohmann/json.hpp,"(16835, 12)-(16835, 21)",b'static constexpr CharType to_char_type(std::u...'
json,../repos/json/single_include/nlohmann/json.hpp,"(16853, 12)-(16853, 21)",b'static constexpr CharType to_char_type(std::u...'
json,../repos/json/single_include/nlohmann/json.hpp,"(16864, 12)-(16864, 21)",b'static constexpr CharType to_char_type(InputC...'
json,../repos/json/single_include/nlohmann/json.hpp,"(16967, 12)-(16967, 21)",b'static constexpr int kPrecision = 64;'
json,../repos/json/single_include/nlohmann/json.hpp,"(16972, 5)-(16972, 14)","b'constexpr diyfp(std::uint64_t f_, int e_) noe...'"
json,../repos/json/single_include/nlohmann/json.hpp,"(17112, 5)-(17112, 14)",b'constexpr int      kPrecision = std::numeric_...'
json,../repos/json/single_include/nlohmann/json.hpp,"(17113, 5)-(17113, 14)",b'constexpr int      kBias      = std::numeric_...'
json,../repos/json/single_include/nlohmann/json.hpp,"(17114, 5)-(17114, 14)",b'constexpr int      kMinExp    = 1 - kBias;'
json,../repos/json/single_include/nlohmann/json.hpp,"(17115, 5)-(17115, 14)",b'constexpr std::uint64_t kHiddenBit = std::uin...'
json,../repos/json/single_include/nlohmann/json.hpp,"(17219, 1)-(17219, 10)",b'constexpr int kAlpha = -60;'
json,../repos/json/single_include/nlohmann/json.hpp,"(17220, 1)-(17220, 10)",b'constexpr int kGamma = -32;'
json,../repos/json/single_include/nlohmann/json.hpp,"(17288, 5)-(17288, 14)",b'constexpr int kCachedPowersMinDecExp = -300;'
json,../repos/json/single_include/nlohmann/json.hpp,"(17289, 5)-(17289, 14)",b'constexpr int kCachedPowersDecStep = 8;'
json,../repos/json/single_include/nlohmann/json.hpp,"(17291, 12)-(17291, 21)","b'static constexpr std::array<cached_power, 79>...'"
json,../repos/json/single_include/nlohmann/json.hpp,"(18014, 5)-(18014, 14)",b'constexpr int kMinExp = -4;'
json,../repos/json/single_include/nlohmann/json.hpp,"(18016, 5)-(18016, 14)",b'constexpr int kMaxExp = std::numeric_limits<F...'
json,../repos/json/single_include/nlohmann/json.hpp,"(18067, 12)-(18067, 21)",b'static constexpr std::uint8_t UTF8_ACCEPT = 0;'
json,../repos/json/single_include/nlohmann/json.hpp,"(18068, 12)-(18068, 21)",b'static constexpr std::uint8_t UTF8_REJECT = 1;'
json,../repos/json/single_include/nlohmann/json.hpp,"(18689, 9)-(18689, 18)","b'constexpr const char* nibble_to_hex = ""012345...'"
json,../repos/json/single_include/nlohmann/json.hpp,"(18689, 19)-(18689, 24)","b'constexpr const char* nibble_to_hex = ""012345...'"
json,../repos/json/single_include/nlohmann/json.hpp,"(18725, 16)-(18725, 25)","b'static constexpr std::array<std::array<char, ...'"
json,../repos/json/single_include/nlohmann/json.hpp,"(18822, 16)-(18822, 25)",b'static constexpr bool is_ieee_single_or_doubl...'
json,../repos/json/single_include/nlohmann/json.hpp,"(18840, 16)-(18840, 25)",b'static constexpr auto d = std::numeric_limits...'
json,../repos/json/single_include/nlohmann/json.hpp,"(20597, 5)-(20597, 14)",b'constexpr value_t type() const noexcept\n    {...'
json,../repos/json/single_include/nlohmann/json.hpp,"(20604, 5)-(20604, 14)",b'constexpr bool is_primitive() const noexcept\n...'
json,../repos/json/single_include/nlohmann/json.hpp,"(20611, 5)-(20611, 14)",b'constexpr bool is_structured() const noexcept...'
json,../repos/json/single_include/nlohmann/json.hpp,"(20618, 5)-(20618, 14)",b'constexpr bool is_null() const noexcept\n    {...'
json,../repos/json/single_include/nlohmann/json.hpp,"(20625, 5)-(20625, 14)",b'constexpr bool is_boolean() const noexcept\n  ...'
json,../repos/json/single_include/nlohmann/json.hpp,"(20632, 5)-(20632, 14)",b'constexpr bool is_number() const noexcept\n   ...'
json,../repos/json/single_include/nlohmann/json.hpp,"(20639, 5)-(20639, 14)",b'constexpr bool is_number_integer() const noex...'
json,../repos/json/single_include/nlohmann/json.hpp,"(20646, 5)-(20646, 14)",b'constexpr bool is_number_unsigned() const noe...'
json,../repos/json/single_include/nlohmann/json.hpp,"(20653, 5)-(20653, 14)",b'constexpr bool is_number_float() const noexce...'
json,../repos/json/single_include/nlohmann/json.hpp,"(20660, 5)-(20660, 14)",b'constexpr bool is_object() const noexcept\n   ...'
json,../repos/json/single_include/nlohmann/json.hpp,"(20667, 5)-(20667, 14)",b'constexpr bool is_array() const noexcept\n    ...'
json,../repos/json/single_include/nlohmann/json.hpp,"(20674, 5)-(20674, 14)",b'constexpr bool is_string() const noexcept\n   ...'
json,../repos/json/single_include/nlohmann/json.hpp,"(20681, 5)-(20681, 14)",b'constexpr bool is_binary() const noexcept\n   ...'
json,../repos/json/single_include/nlohmann/json.hpp,"(20688, 5)-(20688, 14)",b'constexpr bool is_discarded() const noexcept\n...'
json,../repos/json/single_include/nlohmann/json.hpp,"(20695, 5)-(20695, 14)",b'constexpr operator value_t() const noexcept\n ...'
json,../repos/json/docs/examples/operator_spaceship__scalartype.c++20.cpp,"(27, 5)-(27, 14)",b'constexpr auto nan = float_limits::quiet_NaN();'
json,../repos/json/include/nlohmann/byte_container_with_subtype.hpp,"(78, 5)-(78, 14)",b'constexpr subtype_type subtype() const noexce...'
json,../repos/json/include/nlohmann/byte_container_with_subtype.hpp,"(85, 5)-(85, 14)",b'constexpr bool has_subtype() const noexcept\n ...'
json,../repos/json/include/nlohmann/detail/value_t.hpp,"(86, 12)-(86, 21)","b'static constexpr std::array<std::uint8_t, 9> ...'"
json,../repos/json/include/nlohmann/detail/conversions/to_json.hpp,"(323, 12)-(323, 21)",b'static constexpr value_t integral_value_t = s...'
json,../repos/json/include/nlohmann/detail/conversions/to_json.hpp,"(441, 22)-(441, 31)",b'JSON_INLINE_VARIABLE constexpr const auto& to...'
json,../repos/json/include/nlohmann/detail/conversions/to_json.hpp,"(441, 32)-(441, 37)",b'JSON_INLINE_VARIABLE constexpr const auto& to...'
json,../repos/json/include/nlohmann/detail/conversions/from_json.hpp,"(491, 22)-(491, 31)",b'JSON_INLINE_VARIABLE constexpr const auto& fr...'
json,../repos/json/include/nlohmann/detail/conversions/from_json.hpp,"(491, 32)-(491, 37)",b'JSON_INLINE_VARIABLE constexpr const auto& fr...'
json,../repos/json/include/nlohmann/detail/conversions/to_chars.hpp,"(59, 12)-(59, 21)",b'static constexpr int kPrecision = 64;'
json,../repos/json/include/nlohmann/detail/conversions/to_chars.hpp,"(64, 5)-(64, 14)","b'constexpr diyfp(std::uint64_t f_, int e_) noe...'"
json,../repos/json/include/nlohmann/detail/conversions/to_chars.hpp,"(204, 5)-(204, 14)",b'constexpr int      kPrecision = std::numeric_...'
json,../repos/json/include/nlohmann/detail/conversions/to_chars.hpp,"(205, 5)-(205, 14)",b'constexpr int      kBias      = std::numeric_...'
json,../repos/json/include/nlohmann/detail/conversions/to_chars.hpp,"(206, 5)-(206, 14)",b'constexpr int      kMinExp    = 1 - kBias;'
json,../repos/json/include/nlohmann/detail/conversions/to_chars.hpp,"(207, 5)-(207, 14)",b'constexpr std::uint64_t kHiddenBit = std::uin...'
json,../repos/json/include/nlohmann/detail/conversions/to_chars.hpp,"(311, 1)-(311, 10)",b'constexpr int kAlpha = -60;'
json,../repos/json/include/nlohmann/detail/conversions/to_chars.hpp,"(312, 1)-(312, 10)",b'constexpr int kGamma = -32;'
json,../repos/json/include/nlohmann/detail/conversions/to_chars.hpp,"(380, 5)-(380, 14)",b'constexpr int kCachedPowersMinDecExp = -300;'
json,../repos/json/include/nlohmann/detail/conversions/to_chars.hpp,"(381, 5)-(381, 14)",b'constexpr int kCachedPowersDecStep = 8;'
json,../repos/json/include/nlohmann/detail/conversions/to_chars.hpp,"(383, 12)-(383, 21)","b'static constexpr std::array<cached_power, 79>...'"
json,../repos/json/include/nlohmann/detail/conversions/to_chars.hpp,"(1106, 5)-(1106, 14)",b'constexpr int kMinExp = -4;'
json,../repos/json/include/nlohmann/detail/conversions/to_chars.hpp,"(1108, 5)-(1108, 14)",b'constexpr int kMaxExp = std::numeric_limits<F...'
json,../repos/json/include/nlohmann/detail/meta/is_sax.hpp,"(88, 12)-(88, 21)",b'static constexpr bool value =\n        is_dete...'
json,../repos/json/include/nlohmann/detail/meta/cpp_future.hpp,"(68, 12)-(68, 21)",b'static constexpr std::size_t size() noexcept\n...'
json,../repos/json/include/nlohmann/detail/meta/cpp_future.hpp,"(156, 33)-(156, 42)",b'static JSON_INLINE_VARIABLE constexpr T value{};'
json,../repos/json/include/nlohmann/detail/meta/cpp_future.hpp,"(161, 5)-(161, 14)",b'constexpr T static_const<T>::value;'
json,../repos/json/include/nlohmann/detail/meta/cpp_future.hpp,"(165, 8)-(165, 17)","b'inline constexpr std::array<T, sizeof...(Args...'"
json,../repos/json/include/nlohmann/detail/meta/type_traits.hpp,"(123, 12)-(123, 21)",b'static constexpr bool value = is_detected<get...'
json,../repos/json/include/nlohmann/detail/meta/type_traits.hpp,"(131, 12)-(131, 21)",b'static constexpr bool value =\n        is_dete...'
json,../repos/json/include/nlohmann/detail/meta/type_traits.hpp,"(146, 12)-(146, 21)",b'static constexpr bool value =\n        is_dete...'
json,../repos/json/include/nlohmann/detail/meta/type_traits.hpp,"(161, 12)-(161, 21)",b'static constexpr bool value =\n        is_dete...'
json,../repos/json/include/nlohmann/detail/meta/type_traits.hpp,"(212, 12)-(212, 21)",b'static constexpr int_type eof() noexcept\n    ...'
json,../repos/json/include/nlohmann/detail/meta/type_traits.hpp,"(236, 12)-(236, 21)",b'static constexpr int_type eof() noexcept\n    ...'
json,../repos/json/include/nlohmann/detail/meta/type_traits.hpp,"(303, 12)-(303, 21)",b'static constexpr auto value =\n        is_dete...'
json,../repos/json/include/nlohmann/detail/meta/type_traits.hpp,"(323, 12)-(323, 21)",b'static constexpr auto is_iterator_begin =\n   ...'
json,../repos/json/include/nlohmann/detail/meta/type_traits.hpp,"(327, 12)-(327, 21)",b'static constexpr bool value = !std::is_same<i...'
json,../repos/json/include/nlohmann/detail/meta/type_traits.hpp,"(359, 12)-(359, 21)",b'static constexpr bool value =\n        is_cons...'
json,../repos/json/include/nlohmann/detail/meta/type_traits.hpp,"(382, 12)-(382, 21)",b'static constexpr bool value =\n        (is_def...'
json,../repos/json/include/nlohmann/detail/meta/type_traits.hpp,"(406, 12)-(406, 21)",b'static constexpr auto value =\n        is_cons...'
json,../repos/json/include/nlohmann/detail/meta/type_traits.hpp,"(420, 12)-(420, 21)",b'static constexpr auto value =\n        conjunc...'
json,../repos/json/include/nlohmann/detail/meta/type_traits.hpp,"(440, 12)-(440, 21)",b'static constexpr bool value =\n        is_cons...'
json,../repos/json/include/nlohmann/detail/meta/type_traits.hpp,"(479, 12)-(479, 21)",b'static constexpr bool value =\n        std::is...'
json,../repos/json/include/nlohmann/detail/meta/type_traits.hpp,"(508, 12)-(508, 21)",b'static constexpr auto value =\n        is_cons...'
json,../repos/json/include/nlohmann/detail/meta/type_traits.hpp,"(528, 12)-(528, 21)",b'static constexpr bool value =\n        has_to_...'
json,../repos/json/include/nlohmann/detail/meta/type_traits.hpp,"(675, 12)-(675, 21)",b'static constexpr bool test(T val)\n    {\n     ...'
json,../repos/json/include/nlohmann/detail/meta/type_traits.hpp,"(685, 12)-(685, 21)",b'static constexpr bool test(T val)\n    {\n     ...'
json,../repos/json/include/nlohmann/detail/meta/type_traits.hpp,"(695, 12)-(695, 21)",b'static constexpr bool test(T val)\n    {\n     ...'
json,../repos/json/include/nlohmann/detail/meta/type_traits.hpp,"(705, 12)-(705, 21)",b'static constexpr bool test(T val)\n    {\n     ...'
json,../repos/json/include/nlohmann/detail/meta/type_traits.hpp,"(721, 12)-(721, 21)",b'static constexpr bool test(T val)\n    {\n     ...'
json,../repos/json/include/nlohmann/detail/meta/type_traits.hpp,"(730, 12)-(730, 21)",b'static constexpr bool test(T /*val*/)\n    {\n ...'
json,../repos/json/include/nlohmann/detail/meta/type_traits.hpp,"(737, 8)-(737, 17)",b'inline constexpr bool value_in_range_of(T val...'
json,../repos/json/include/nlohmann/detail/meta/type_traits.hpp,"(753, 8)-(753, 17)",b'inline constexpr bool is_c_string()\n{\n    usi...'
json,../repos/json/include/nlohmann/detail/meta/type_traits.hpp,"(781, 8)-(781, 17)",b'inline constexpr bool is_transparent()\n{\n    ...'
json,../repos/json/include/nlohmann/detail/output/serializer.hpp,"(58, 12)-(58, 21)",b'static constexpr std::uint8_t UTF8_ACCEPT = 0;'
json,../repos/json/include/nlohmann/detail/output/serializer.hpp,"(59, 12)-(59, 21)",b'static constexpr std::uint8_t UTF8_REJECT = 1;'
json,../repos/json/include/nlohmann/detail/output/serializer.hpp,"(680, 9)-(680, 18)","b'constexpr const char* nibble_to_hex = ""012345...'"
json,../repos/json/include/nlohmann/detail/output/serializer.hpp,"(680, 19)-(680, 24)","b'constexpr const char* nibble_to_hex = ""012345...'"
json,../repos/json/include/nlohmann/detail/output/serializer.hpp,"(716, 16)-(716, 25)","b'static constexpr std::array<std::array<char, ...'"
json,../repos/json/include/nlohmann/detail/output/serializer.hpp,"(813, 16)-(813, 25)",b'static constexpr bool is_ieee_single_or_doubl...'
json,../repos/json/include/nlohmann/detail/output/serializer.hpp,"(831, 16)-(831, 25)",b'static constexpr auto d = std::numeric_limits...'
json,../repos/json/include/nlohmann/detail/output/binary_writer.hpp,"(1065, 12)-(1065, 21)",b'static constexpr std::size_t calc_bson_unsign...'
json,../repos/json/include/nlohmann/detail/output/binary_writer.hpp,"(1290, 12)-(1290, 21)",b'static constexpr CharType get_cbor_float_pref...'
json,../repos/json/include/nlohmann/detail/output/binary_writer.hpp,"(1295, 12)-(1295, 21)",b'static constexpr CharType get_cbor_float_pref...'
json,../repos/json/include/nlohmann/detail/output/binary_writer.hpp,"(1304, 12)-(1304, 21)",b'static constexpr CharType get_msgpack_float_p...'
json,../repos/json/include/nlohmann/detail/output/binary_writer.hpp,"(1309, 12)-(1309, 21)",b'static constexpr CharType get_msgpack_float_p...'
json,../repos/json/include/nlohmann/detail/output/binary_writer.hpp,"(1605, 12)-(1605, 21)",b'static constexpr CharType get_ubjson_float_pr...'
json,../repos/json/include/nlohmann/detail/output/binary_writer.hpp,"(1610, 12)-(1610, 21)",b'static constexpr CharType get_ubjson_float_pr...'
json,../repos/json/include/nlohmann/detail/output/binary_writer.hpp,"(1795, 12)-(1795, 21)",b'static constexpr CharType to_char_type(std::u...'
json,../repos/json/include/nlohmann/detail/output/binary_writer.hpp,"(1813, 12)-(1813, 21)",b'static constexpr CharType to_char_type(std::u...'
json,../repos/json/include/nlohmann/detail/output/binary_writer.hpp,"(1824, 12)-(1824, 21)",b'static constexpr CharType to_char_type(InputC...'
json,../repos/json/include/nlohmann/detail/iterators/primitive_iterator.hpp,"(33, 12)-(33, 21)",b'static constexpr difference_type begin_value = 0;'
json,../repos/json/include/nlohmann/detail/iterators/primitive_iterator.hpp,"(34, 12)-(34, 21)",b'static constexpr difference_type end_value = ...'
json,../repos/json/include/nlohmann/detail/iterators/primitive_iterator.hpp,"(41, 5)-(41, 14)",b'constexpr difference_type get_value() const n...'
json,../repos/json/include/nlohmann/detail/iterators/primitive_iterator.hpp,"(59, 5)-(59, 14)",b'constexpr bool is_begin() const noexcept\n    ...'
json,../repos/json/include/nlohmann/detail/iterators/primitive_iterator.hpp,"(65, 5)-(65, 14)",b'constexpr bool is_end() const noexcept\n    {\n...'
json,../repos/json/include/nlohmann/detail/iterators/primitive_iterator.hpp,"(70, 12)-(70, 21)",b'constexpr bool operator==(primitive_iterator_...'
json,../repos/json/include/nlohmann/detail/iterators/primitive_iterator.hpp,"(75, 12)-(75, 21)",b'constexpr bool operator<(primitive_iterator_t...'
json,../repos/json/include/nlohmann/detail/iterators/primitive_iterator.hpp,"(87, 12)-(87, 21)",b'constexpr difference_type operator-(primitive...'
json,../repos/json/include/nlohmann/detail/iterators/iteration_proxy.hpp,"(241, 12)-(241, 21)",b'inline constexpr bool ::std::ranges::enable_b...'
json,../repos/json/include/nlohmann/detail/input/lexer.hpp,"(1419, 5)-(1419, 14)",b'constexpr number_unsigned_t get_number_unsign...'
json,../repos/json/include/nlohmann/detail/input/lexer.hpp,"(1425, 5)-(1425, 14)",b'constexpr number_float_t get_number_float() c...'
json,../repos/json/include/nlohmann/detail/input/lexer.hpp,"(1441, 5)-(1441, 14)",b'constexpr position_t get_position() const noe...'
json,../repos/json/include/nlohmann/detail/input/lexer.hpp,"(1474, 5)-(1474, 14)",b'JSON_HEDLEY_RETURNS_NON_NULL\n    constexpr co...'
json,../repos/json/include/nlohmann/detail/input/lexer.hpp,"(1474, 15)-(1474, 20)",b'JSON_HEDLEY_RETURNS_NON_NULL\n    constexpr co...'
json,../repos/json/include/nlohmann/detail/input/position_t.hpp,"(30, 5)-(30, 14)",b'constexpr operator size_t() const\n    {\n     ...'
json,../repos/json/include/nlohmann/detail/input/binary_reader.hpp,"(2950, 33)-(2950, 42)",b'static JSON_INLINE_VARIABLE constexpr std::si...'
json,../repos/json/include/nlohmann/detail/input/binary_reader.hpp,"(3005, 5)-(3005, 14)",b'constexpr std::size_t binary_reader<BasicJson...'
json,../repos/json/include/nlohmann/detail/input/json_sax.hpp,"(295, 5)-(295, 14)",b'constexpr bool is_errored() const\n    {\n     ...'
json,../repos/json/include/nlohmann/detail/input/json_sax.hpp,"(545, 5)-(545, 14)",b'constexpr bool is_errored() const\n    {\n     ...'
json,../repos/json/include/nlohmann/json.hpp,"(1294, 5)-(1294, 14)",b'constexpr value_t type() const noexcept\n    {...'
json,../repos/json/include/nlohmann/json.hpp,"(1301, 5)-(1301, 14)",b'constexpr bool is_primitive() const noexcept\n...'
json,../repos/json/include/nlohmann/json.hpp,"(1308, 5)-(1308, 14)",b'constexpr bool is_structured() const noexcept...'
json,../repos/json/include/nlohmann/json.hpp,"(1315, 5)-(1315, 14)",b'constexpr bool is_null() const noexcept\n    {...'
json,../repos/json/include/nlohmann/json.hpp,"(1322, 5)-(1322, 14)",b'constexpr bool is_boolean() const noexcept\n  ...'
json,../repos/json/include/nlohmann/json.hpp,"(1329, 5)-(1329, 14)",b'constexpr bool is_number() const noexcept\n   ...'
json,../repos/json/include/nlohmann/json.hpp,"(1336, 5)-(1336, 14)",b'constexpr bool is_number_integer() const noex...'
json,../repos/json/include/nlohmann/json.hpp,"(1343, 5)-(1343, 14)",b'constexpr bool is_number_unsigned() const noe...'
json,../repos/json/include/nlohmann/json.hpp,"(1350, 5)-(1350, 14)",b'constexpr bool is_number_float() const noexce...'
json,../repos/json/include/nlohmann/json.hpp,"(1357, 5)-(1357, 14)",b'constexpr bool is_object() const noexcept\n   ...'
json,../repos/json/include/nlohmann/json.hpp,"(1364, 5)-(1364, 14)",b'constexpr bool is_array() const noexcept\n    ...'
json,../repos/json/include/nlohmann/json.hpp,"(1371, 5)-(1371, 14)",b'constexpr bool is_string() const noexcept\n   ...'
json,../repos/json/include/nlohmann/json.hpp,"(1378, 5)-(1378, 14)",b'constexpr bool is_binary() const noexcept\n   ...'
json,../repos/json/include/nlohmann/json.hpp,"(1385, 5)-(1385, 14)",b'constexpr bool is_discarded() const noexcept\n...'
json,../repos/json/include/nlohmann/json.hpp,"(1392, 5)-(1392, 14)",b'constexpr operator value_t() const noexcept\n ...'
json,../repos/json/tests/src/unit-32bit.cpp,"(22, 12)-(22, 21)",b'static constexpr bool min_in_range = MinInRange;'
json,../repos/json/tests/src/unit-32bit.cpp,"(23, 12)-(23, 21)",b'static constexpr bool max_in_range = MaxInRange;'
json,../repos/json/tests/src/unit-32bit.cpp,"(32, 5)-(32, 14)",b'constexpr bool min_in_range = T::min_in_range;'
json,../repos/json/tests/src/unit-32bit.cpp,"(33, 5)-(33, 14)",b'constexpr bool max_in_range = T::max_in_range;'
json,../repos/json/tests/src/unit-regression2.cpp,"(532, 9)-(532, 18)",b'constexpr auto smallest = (std::numeric_limit...'
json,../repos/json/tests/src/unit-bjdata.cpp,"(108, 12)-(108, 21)",b'static constexpr bool min_in_range = MinInRange;'
json,../repos/json/tests/src/unit-bjdata.cpp,"(109, 12)-(109, 21)",b'static constexpr bool max_in_range = MaxInRange;'
json,../repos/json/tests/src/unit-bjdata.cpp,"(118, 5)-(118, 14)",b'constexpr bool min_in_range = T::min_in_range;'
json,../repos/json/tests/src/unit-bjdata.cpp,"(119, 5)-(119, 14)",b'constexpr bool max_in_range = T::max_in_range;'
json,../repos/json/tests/src/unit-to_chars.cpp,"(38, 5)-(38, 14)",b'constexpr uint64_t kHiddenBit               =...'
json,../repos/json/tests/src/unit-to_chars.cpp,"(39, 5)-(39, 14)",b'constexpr uint64_t kSignificandMask         =...'
json,../repos/json/tests/src/unit-to_chars.cpp,"(40, 5)-(40, 14)",b'constexpr int      kPhysicalSignificandSize = 23;'
json,../repos/json/tests/src/unit-to_chars.cpp,"(41, 5)-(41, 14)",b'constexpr int      kExponentBias            =...'
json,../repos/json/tests/src/unit-to_chars.cpp,"(42, 5)-(42, 14)",b'constexpr int      kDenormalExponent        =...'
json,../repos/json/tests/src/unit-to_chars.cpp,"(43, 5)-(43, 14)",b'constexpr int      kMaxExponent             =...'
json,../repos/json/tests/src/unit-to_chars.cpp,"(90, 5)-(90, 14)",b'constexpr uint64_t kHiddenBit               =...'
json,../repos/json/tests/src/unit-to_chars.cpp,"(91, 5)-(91, 14)",b'constexpr uint64_t kSignificandMask         =...'
json,../repos/json/tests/src/unit-to_chars.cpp,"(92, 5)-(92, 14)",b'constexpr int      kPhysicalSignificandSize = 52;'
json,../repos/json/tests/src/unit-to_chars.cpp,"(93, 5)-(93, 14)",b'constexpr int      kExponentBias            =...'
json,../repos/json/tests/src/unit-to_chars.cpp,"(94, 5)-(94, 14)",b'constexpr int      kDenormalExponent        =...'
json,../repos/json/tests/src/unit-to_chars.cpp,"(95, 5)-(95, 14)",b'constexpr int      kMaxExponent             =...'
json,../repos/json/tests/src/unit-alt-string.cpp,"(31, 12)-(31, 21)",b'static constexpr auto npos = static_cast<std:...'
json,../repos/json/tests/src/unit-regression1.cpp,"(416, 16)-(416, 25)",b'static constexpr const char* constexpr_ptr_ke...'
json,../repos/json/tests/src/unit-regression1.cpp,"(416, 26)-(416, 31)",b'static constexpr const char* constexpr_ptr_ke...'
json,../repos/json/tests/src/unit-comparison.cpp,"(66, 5)-(66, 14)",b'constexpr auto f_ = false;'
json,../repos/json/tests/src/unit-comparison.cpp,"(67, 5)-(67, 14)",b'constexpr auto _t = true;'
json,../repos/json/tests/src/unit-comparison.cpp,"(68, 5)-(68, 14)",b'constexpr auto nan = std::numeric_limits<json...'
json,../repos/json/tests/src/unit-comparison.cpp,"(70, 5)-(70, 14)",b'constexpr auto lt = std::partial_ordering::less;'
json,../repos/json/tests/src/unit-comparison.cpp,"(71, 5)-(71, 14)",b'constexpr auto gt = std::partial_ordering::gr...'
json,../repos/json/tests/src/unit-comparison.cpp,"(72, 5)-(72, 14)",b'constexpr auto eq = std::partial_ordering::eq...'
json,../repos/json/tests/src/unit-comparison.cpp,"(73, 5)-(73, 14)",b'constexpr auto un = std::partial_ordering::un...'
json,../repos/json/tests/abi/include/nlohmann/json_v3_10_5.hpp,"(158, 12)-(158, 21)","b'static constexpr std::array<std::uint8_t, 9> ...'"
json,../repos/json/tests/abi/include/nlohmann/json_v3_10_5.hpp,"(2786, 5)-(2786, 14)",b'constexpr operator size_t() const\n    {\n     ...'
json,../repos/json/tests/abi/include/nlohmann/json_v3_10_5.hpp,"(3085, 12)-(3085, 21)",b'static constexpr std::size_t size() noexcept\n...'
json,../repos/json/tests/abi/include/nlohmann/json_v3_10_5.hpp,"(3173, 12)-(3173, 21)",b'static constexpr T value{};'
json,../repos/json/tests/abi/include/nlohmann/json_v3_10_5.hpp,"(3177, 1)-(3177, 10)",b'constexpr T static_const<T>::value;'
json,../repos/json/tests/abi/include/nlohmann/json_v3_10_5.hpp,"(3441, 12)-(3441, 21)",b'static constexpr bool value = is_detected<get...'
json,../repos/json/tests/abi/include/nlohmann/json_v3_10_5.hpp,"(3449, 12)-(3449, 21)",b'static constexpr bool value =\n        is_dete...'
json,../repos/json/tests/abi/include/nlohmann/json_v3_10_5.hpp,"(3464, 12)-(3464, 21)",b'static constexpr bool value =\n        is_dete...'
json,../repos/json/tests/abi/include/nlohmann/json_v3_10_5.hpp,"(3479, 12)-(3479, 21)",b'static constexpr bool value =\n        is_dete...'
json,../repos/json/tests/abi/include/nlohmann/json_v3_10_5.hpp,"(3548, 12)-(3548, 21)",b'static constexpr auto value =\n        is_dete...'
json,../repos/json/tests/abi/include/nlohmann/json_v3_10_5.hpp,"(3568, 12)-(3568, 21)",b'static constexpr auto is_iterator_begin =\n   ...'
json,../repos/json/tests/abi/include/nlohmann/json_v3_10_5.hpp,"(3572, 12)-(3572, 21)",b'static constexpr bool value = !std::is_same<i...'
json,../repos/json/tests/abi/include/nlohmann/json_v3_10_5.hpp,"(3604, 12)-(3604, 21)",b'static constexpr bool value =\n        is_cons...'
json,../repos/json/tests/abi/include/nlohmann/json_v3_10_5.hpp,"(3627, 12)-(3627, 21)",b'static constexpr bool value =\n        (is_def...'
json,../repos/json/tests/abi/include/nlohmann/json_v3_10_5.hpp,"(3651, 12)-(3651, 21)",b'static constexpr auto value =\n        is_cons...'
json,../repos/json/tests/abi/include/nlohmann/json_v3_10_5.hpp,"(3658, 12)-(3658, 21)",b'static constexpr auto value =\n        is_cons...'
json,../repos/json/tests/abi/include/nlohmann/json_v3_10_5.hpp,"(3676, 12)-(3676, 21)",b'static constexpr bool value =\n        is_cons...'
json,../repos/json/tests/abi/include/nlohmann/json_v3_10_5.hpp,"(3715, 12)-(3715, 21)",b'static constexpr bool value =\n        std::is...'
json,../repos/json/tests/abi/include/nlohmann/json_v3_10_5.hpp,"(3744, 12)-(3744, 21)",b'static constexpr auto value =\n        is_cons...'
json,../repos/json/tests/abi/include/nlohmann/json_v3_10_5.hpp,"(3764, 12)-(3764, 21)",b'static constexpr bool value =\n        has_to_...'
json,../repos/json/tests/abi/include/nlohmann/json_v3_10_5.hpp,"(4283, 1)-(4283, 10)",b'constexpr const auto& from_json = detail::sta...'
json,../repos/json/tests/abi/include/nlohmann/json_v3_10_5.hpp,"(4283, 11)-(4283, 16)",b'constexpr const auto& from_json = detail::sta...'
json,../repos/json/tests/abi/include/nlohmann/json_v3_10_5.hpp,"(4911, 1)-(4911, 10)",b'constexpr const auto& to_json = detail::stati...'
json,../repos/json/tests/abi/include/nlohmann/json_v3_10_5.hpp,"(4911, 11)-(4911, 16)",b'constexpr const auto& to_json = detail::stati...'
json,../repos/json/tests/abi/include/nlohmann/json_v3_10_5.hpp,"(5028, 5)-(5028, 14)",b'constexpr subtype_type subtype() const noexce...'
json,../repos/json/tests/abi/include/nlohmann/json_v3_10_5.hpp,"(5035, 5)-(5035, 14)",b'constexpr bool has_subtype() const noexcept\n ...'
json,../repos/json/tests/abi/include/nlohmann/json_v3_10_5.hpp,"(5973, 5)-(5973, 14)",b'constexpr bool is_errored() const\n    {\n     ...'
json,../repos/json/tests/abi/include/nlohmann/json_v3_10_5.hpp,"(6223, 5)-(6223, 14)",b'constexpr bool is_errored() const\n    {\n     ...'
json,../repos/json/tests/abi/include/nlohmann/json_v3_10_5.hpp,"(7820, 5)-(7820, 14)",b'constexpr number_unsigned_t get_number_unsign...'
json,../repos/json/tests/abi/include/nlohmann/json_v3_10_5.hpp,"(7826, 5)-(7826, 14)",b'constexpr number_float_t get_number_float() c...'
json,../repos/json/tests/abi/include/nlohmann/json_v3_10_5.hpp,"(7842, 5)-(7842, 14)",b'constexpr position_t get_position() const noe...'
json,../repos/json/tests/abi/include/nlohmann/json_v3_10_5.hpp,"(7875, 5)-(7875, 14)",b'JSON_HEDLEY_RETURNS_NON_NULL\n    constexpr co...'
json,../repos/json/tests/abi/include/nlohmann/json_v3_10_5.hpp,"(7875, 15)-(7875, 20)",b'JSON_HEDLEY_RETURNS_NON_NULL\n    constexpr co...'
json,../repos/json/tests/abi/include/nlohmann/json_v3_10_5.hpp,"(8118, 12)-(8118, 21)",b'static constexpr bool value =\n        is_dete...'
json,../repos/json/tests/abi/include/nlohmann/json_v3_10_5.hpp,"(11237, 12)-(11237, 21)",b'static constexpr difference_type begin_value = 0;'
json,../repos/json/tests/abi/include/nlohmann/json_v3_10_5.hpp,"(11238, 12)-(11238, 21)",b'static constexpr difference_type end_value = ...'
json,../repos/json/tests/abi/include/nlohmann/json_v3_10_5.hpp,"(11245, 5)-(11245, 14)",b'constexpr difference_type get_value() const n...'
json,../repos/json/tests/abi/include/nlohmann/json_v3_10_5.hpp,"(11263, 5)-(11263, 14)",b'constexpr bool is_begin() const noexcept\n    ...'
json,../repos/json/tests/abi/include/nlohmann/json_v3_10_5.hpp,"(11269, 5)-(11269, 14)",b'constexpr bool is_end() const noexcept\n    {\n...'
json,../repos/json/tests/abi/include/nlohmann/json_v3_10_5.hpp,"(11274, 12)-(11274, 21)",b'constexpr bool operator==(primitive_iterator_...'
json,../repos/json/tests/abi/include/nlohmann/json_v3_10_5.hpp,"(11279, 12)-(11279, 21)",b'constexpr bool operator<(primitive_iterator_t...'
json,../repos/json/tests/abi/include/nlohmann/json_v3_10_5.hpp,"(11291, 12)-(11291, 21)",b'constexpr difference_type operator-(primitive...'
json,../repos/json/tests/abi/include/nlohmann/json_v3_10_5.hpp,"(14326, 12)-(14326, 21)",b'static constexpr std::size_t calc_bson_unsign...'
json,../repos/json/tests/abi/include/nlohmann/json_v3_10_5.hpp,"(14551, 12)-(14551, 21)",b'static constexpr CharType get_cbor_float_pref...'
json,../repos/json/tests/abi/include/nlohmann/json_v3_10_5.hpp,"(14556, 12)-(14556, 21)",b'static constexpr CharType get_cbor_float_pref...'
json,../repos/json/tests/abi/include/nlohmann/json_v3_10_5.hpp,"(14565, 12)-(14565, 21)",b'static constexpr CharType get_msgpack_float_p...'
json,../repos/json/tests/abi/include/nlohmann/json_v3_10_5.hpp,"(14570, 12)-(14570, 21)",b'static constexpr CharType get_msgpack_float_p...'
json,../repos/json/tests/abi/include/nlohmann/json_v3_10_5.hpp,"(14803, 12)-(14803, 21)",b'static constexpr CharType get_ubjson_float_pr...'
json,../repos/json/tests/abi/include/nlohmann/json_v3_10_5.hpp,"(14808, 12)-(14808, 21)",b'static constexpr CharType get_ubjson_float_pr...'
json,../repos/json/tests/abi/include/nlohmann/json_v3_10_5.hpp,"(14879, 12)-(14879, 21)",b'static constexpr CharType to_char_type(std::u...'
json,../repos/json/tests/abi/include/nlohmann/json_v3_10_5.hpp,"(14897, 12)-(14897, 21)",b'static constexpr CharType to_char_type(std::u...'
json,../repos/json/tests/abi/include/nlohmann/json_v3_10_5.hpp,"(14908, 12)-(14908, 21)",b'static constexpr CharType to_char_type(InputC...'
json,../repos/json/tests/abi/include/nlohmann/json_v3_10_5.hpp,"(14994, 12)-(14994, 21)",b'static constexpr int kPrecision = 64;'
json,../repos/json/tests/abi/include/nlohmann/json_v3_10_5.hpp,"(14999, 5)-(14999, 14)","b'constexpr diyfp(std::uint64_t f_, int e_) noe...'"
json,../repos/json/tests/abi/include/nlohmann/json_v3_10_5.hpp,"(15139, 5)-(15139, 14)",b'constexpr int      kPrecision = std::numeric_...'
json,../repos/json/tests/abi/include/nlohmann/json_v3_10_5.hpp,"(15140, 5)-(15140, 14)",b'constexpr int      kBias      = std::numeric_...'
json,../repos/json/tests/abi/include/nlohmann/json_v3_10_5.hpp,"(15141, 5)-(15141, 14)",b'constexpr int      kMinExp    = 1 - kBias;'
json,../repos/json/tests/abi/include/nlohmann/json_v3_10_5.hpp,"(15142, 5)-(15142, 14)",b'constexpr std::uint64_t kHiddenBit = std::uin...'
json,../repos/json/tests/abi/include/nlohmann/json_v3_10_5.hpp,"(15246, 1)-(15246, 10)",b'constexpr int kAlpha = -60;'
json,../repos/json/tests/abi/include/nlohmann/json_v3_10_5.hpp,"(15247, 1)-(15247, 10)",b'constexpr int kGamma = -32;'
json,../repos/json/tests/abi/include/nlohmann/json_v3_10_5.hpp,"(15315, 5)-(15315, 14)",b'constexpr int kCachedPowersMinDecExp = -300;'
json,../repos/json/tests/abi/include/nlohmann/json_v3_10_5.hpp,"(15316, 5)-(15316, 14)",b'constexpr int kCachedPowersDecStep = 8;'
json,../repos/json/tests/abi/include/nlohmann/json_v3_10_5.hpp,"(15318, 12)-(15318, 21)","b'static constexpr std::array<cached_power, 79>...'"
json,../repos/json/tests/abi/include/nlohmann/json_v3_10_5.hpp,"(16041, 5)-(16041, 14)",b'constexpr int kMinExp = -4;'
json,../repos/json/tests/abi/include/nlohmann/json_v3_10_5.hpp,"(16043, 5)-(16043, 14)",b'constexpr int kMaxExp = std::numeric_limits<F...'
json,../repos/json/tests/abi/include/nlohmann/json_v3_10_5.hpp,"(16092, 12)-(16092, 21)",b'static constexpr std::uint8_t UTF8_ACCEPT = 0;'
json,../repos/json/tests/abi/include/nlohmann/json_v3_10_5.hpp,"(16093, 12)-(16093, 21)",b'static constexpr std::uint8_t UTF8_REJECT = 1;'
json,../repos/json/tests/abi/include/nlohmann/json_v3_10_5.hpp,"(16740, 16)-(16740, 25)","b'static constexpr std::array<std::array<char, ...'"
json,../repos/json/tests/abi/include/nlohmann/json_v3_10_5.hpp,"(16837, 16)-(16837, 25)",b'static constexpr bool is_ieee_single_or_doubl...'
json,../repos/json/tests/abi/include/nlohmann/json_v3_10_5.hpp,"(16855, 16)-(16855, 25)",b'static constexpr auto d = std::numeric_limits...'
json,../repos/json/tests/abi/include/nlohmann/json_v3_10_5.hpp,"(18448, 5)-(18448, 14)",b'constexpr value_t type() const noexcept\n    {...'
json,../repos/json/tests/abi/include/nlohmann/json_v3_10_5.hpp,"(18455, 5)-(18455, 14)",b'constexpr bool is_primitive() const noexcept\n...'
json,../repos/json/tests/abi/include/nlohmann/json_v3_10_5.hpp,"(18462, 5)-(18462, 14)",b'constexpr bool is_structured() const noexcept...'
json,../repos/json/tests/abi/include/nlohmann/json_v3_10_5.hpp,"(18469, 5)-(18469, 14)",b'constexpr bool is_null() const noexcept\n    {...'
json,../repos/json/tests/abi/include/nlohmann/json_v3_10_5.hpp,"(18476, 5)-(18476, 14)",b'constexpr bool is_boolean() const noexcept\n  ...'
json,../repos/json/tests/abi/include/nlohmann/json_v3_10_5.hpp,"(18483, 5)-(18483, 14)",b'constexpr bool is_number() const noexcept\n   ...'
json,../repos/json/tests/abi/include/nlohmann/json_v3_10_5.hpp,"(18490, 5)-(18490, 14)",b'constexpr bool is_number_integer() const noex...'
json,../repos/json/tests/abi/include/nlohmann/json_v3_10_5.hpp,"(18497, 5)-(18497, 14)",b'constexpr bool is_number_unsigned() const noe...'
json,../repos/json/tests/abi/include/nlohmann/json_v3_10_5.hpp,"(18504, 5)-(18504, 14)",b'constexpr bool is_number_float() const noexce...'
json,../repos/json/tests/abi/include/nlohmann/json_v3_10_5.hpp,"(18511, 5)-(18511, 14)",b'constexpr bool is_object() const noexcept\n   ...'
json,../repos/json/tests/abi/include/nlohmann/json_v3_10_5.hpp,"(18518, 5)-(18518, 14)",b'constexpr bool is_array() const noexcept\n    ...'
json,../repos/json/tests/abi/include/nlohmann/json_v3_10_5.hpp,"(18525, 5)-(18525, 14)",b'constexpr bool is_string() const noexcept\n   ...'
json,../repos/json/tests/abi/include/nlohmann/json_v3_10_5.hpp,"(18532, 5)-(18532, 14)",b'constexpr bool is_binary() const noexcept\n   ...'
json,../repos/json/tests/abi/include/nlohmann/json_v3_10_5.hpp,"(18539, 5)-(18539, 14)",b'constexpr bool is_discarded() const noexcept\n...'
json,../repos/json/tests/abi/include/nlohmann/json_v3_10_5.hpp,"(18546, 5)-(18546, 14)",b'constexpr operator value_t() const noexcept\n ...'
