Repo name,File name,Location,Content
json,../repos/json/tests/thirdparty/Fuzzer/FuzzerDefs.h,"(71, 1)-(71, 35)",b'typedef std::vector<uint8_t> Unit;'
json,../repos/json/tests/thirdparty/Fuzzer/FuzzerDefs.h,"(72, 1)-(72, 38)",b'typedef std::vector<Unit> UnitVector;'
json,../repos/json/tests/thirdparty/Fuzzer/FuzzerDefs.h,"(73, 1)-(73, 63)",b'typedef int (*UserCallback)(const uint8_t *Da...'
json,../repos/json/tests/thirdparty/Fuzzer/FuzzerSHA1.cpp,"(54, 1)-(61, 11)",b'typedef struct sha1nfo {\n\tuint32_t buffer[BLO...'
json,../repos/json/tests/thirdparty/Fuzzer/test/FuzzerUnittest.cpp,"(93, 1)-(94, 63)",b'typedef size_t (MutationDispatcher::*Mutator)...'
json,../repos/json/tests/thirdparty/Fuzzer/test/CallerCalleeTest.cpp,"(12, 1)-(12, 21)",b'typedef void (*F)();'
json,../repos/json/tests/thirdparty/Fuzzer/FuzzerDictionary.h,"(53, 1)-(53, 28)",b'typedef FixedWord<27> Word;'
json,../repos/json/tests/thirdparty/Fuzzer/FuzzerTraceState.cpp,"(76, 11)-(76, 46)","b'typedef std::pair<size_t, Word> CU;'"
json,../repos/json/tests/thirdparty/doctest/doctest.h,"(523, 1)-(523, 37)",b'typedef decltype(nullptr) nullptr_t;'
json,../repos/json/tests/thirdparty/doctest/doctest.h,"(524, 1)-(524, 40)",b'typedef decltype(sizeof(void*)) size_t;'
json,../repos/json/tests/thirdparty/doctest/doctest.h,"(531, 1)-(531, 56)","b'typedef basic_ostream<char, char_traits<char>...'"
json,../repos/json/tests/thirdparty/doctest/doctest.h,"(537, 1)-(537, 56)","b'typedef basic_istream<char, char_traits<char>...'"
