Repo name,File name,Location,Content
json,../repos/json/single_include/nlohmann/json.hpp,"(3517, 26)-(3517, 71)",b'decltype(T::to_json(std::declval<Args>()...))'
json,../repos/json/single_include/nlohmann/json.hpp,"(3520, 28)-(3520, 75)",b'decltype(T::from_json(std::declval<Args>()...))'
json,../repos/json/single_include/nlohmann/json.hpp,"(3523, 31)-(3523, 76)",b'decltype(std::declval<T>().template get<U>())'
json,../repos/json/single_include/nlohmann/json.hpp,"(3744, 68)-(3744, 96)",b'decltype(std::declval<R&>())'
json,../repos/json/single_include/nlohmann/json.hpp,"(3757, 28)-(3757, 53)",b'decltype(void(sizeof(T)))'
json,../repos/json/single_include/nlohmann/json.hpp,"(3828, 28)-(3828, 77)",b'decltype(std::declval<ConstructibleStringType>())'
json,../repos/json/single_include/nlohmann/json.hpp,"(3981, 1)-(3981, 72)",b'decltype(std::declval<Compare>()(std::declval...'
json,../repos/json/single_include/nlohmann/json.hpp,"(3982, 1)-(3982, 72)",b'decltype(std::declval<Compare>()(std::declval...'
json,../repos/json/single_include/nlohmann/json.hpp,"(4019, 36)-(4019, 104)",b'decltype(std::declval<ObjectType&>().erase(st...'
json,../repos/json/single_include/nlohmann/json.hpp,"(4042, 44)-(4042, 66)",b'decltype(&C::capacity)'
json,../repos/json/single_include/nlohmann/json.hpp,"(4269, 27)-(4269, 99)",b'decltype(std::declval<StringType&>().append(s...'
json,../repos/json/single_include/nlohmann/json.hpp,"(4275, 30)-(4275, 97)",b'decltype(std::declval<StringType&>() += std::...'
json,../repos/json/single_include/nlohmann/json.hpp,"(4281, 32)-(4281, 146)",b'decltype(std::declval<StringType&>().append(s...'
json,../repos/json/single_include/nlohmann/json.hpp,"(4287, 32)-(4287, 146)",b'decltype(std::declval<StringType&>().append(s...'
json,../repos/json/single_include/nlohmann/json.hpp,"(4812, 4)-(4812, 41)","b'decltype(j.template get<T>(), void())'"
json,../repos/json/single_include/nlohmann/json.hpp,"(4829, 4)-(4829, 41)","b'decltype(j.template get<T>(), void())'"
json,../repos/json/single_include/nlohmann/json.hpp,"(4842, 4)-(4845, 12)",b'decltype(\n    arr.reserve(std::declval<typena...'
json,../repos/json/single_include/nlohmann/json.hpp,"(4891, 4)-(4893, 8)","b'decltype(from_json_array_impl(j, arr, priorit...'"
json,../repos/json/single_include/nlohmann/json.hpp,"(4912, 4)-(4912, 106)",b'decltype(from_json_inplace_array_impl(std::fo...'
json,../repos/json/single_include/nlohmann/json.hpp,"(5036, 4)-(5036, 117)",b'decltype(from_json_tuple_impl(std::forward<Ba...'
json,../repos/json/single_include/nlohmann/json.hpp,"(5103, 8)-(5103, 52)","b'decltype(from_json(j, std::forward<T>(val)))'"
json,../repos/json/single_include/nlohmann/json.hpp,"(5193, 81)-(5193, 127)",b'decltype( std::declval<IteratorType>().key() )'
json,../repos/json/single_include/nlohmann/json.hpp,"(5342, 77)-(5342, 94)",b'decltype(i.key())'
json,../repos/json/single_include/nlohmann/json.hpp,"(5350, 77)-(5350, 96)",b'decltype(i.value())'
json,../repos/json/single_include/nlohmann/json.hpp,"(5378, 18)-(5380, 91)",b'decltype(\n                     get<N>(std::de...'
json,../repos/json/single_include/nlohmann/json.hpp,"(5804, 8)-(5804, 58)","b'decltype(to_json(j, std::forward<T>(val)), void())'"
json,../repos/json/single_include/nlohmann/json.hpp,"(5840, 8)-(5840, 84)",b'decltype(::nlohmann::from_json(std::forward<B...'
json,../repos/json/single_include/nlohmann/json.hpp,"(5850, 8)-(5850, 108)",b'decltype(::nlohmann::from_json(std::forward<B...'
json,../repos/json/single_include/nlohmann/json.hpp,"(5860, 8)-(5860, 79)","b'decltype(::nlohmann::to_json(j, std::forward<...'"
json,../repos/json/single_include/nlohmann/json.hpp,"(6543, 15)-(6543, 60)",b'decltype(begin(std::declval<ContainerType>())'
json,../repos/json/single_include/nlohmann/json.hpp,"(6545, 33)-(6545, 130)",b'decltype(input_adapter(begin(std::declval<Con...'
json,../repos/json/single_include/nlohmann/json.hpp,"(6579, 40)-(6579, 121)",b'decltype(input_adapter(std::declval<const cha...'
json,../repos/json/single_include/nlohmann/json.hpp,"(6597, 38)-(6597, 79)","b'decltype(input_adapter(array, array + N))'"
json,../repos/json/single_include/nlohmann/json.hpp,"(9036, 25)-(9036, 60)",b'decltype(std::declval<T&>().null())'
json,../repos/json/single_include/nlohmann/json.hpp,"(9040, 5)-(9040, 63)",b'decltype(std::declval<T&>().boolean(std::decl...'
json,../repos/json/single_include/nlohmann/json.hpp,"(9044, 5)-(9044, 73)",b'decltype(std::declval<T&>().number_integer(st...'
json,../repos/json/single_include/nlohmann/json.hpp,"(9048, 5)-(9048, 75)",b'decltype(std::declval<T&>().number_unsigned(s...'
json,../repos/json/single_include/nlohmann/json.hpp,"(9051, 33)-(9052, 91)",b'decltype(std::declval<T&>().number_float(\n   ...'
json,../repos/json/single_include/nlohmann/json.hpp,"(9056, 5)-(9056, 65)",b'decltype(std::declval<T&>().string(std::declv...'
json,../repos/json/single_include/nlohmann/json.hpp,"(9060, 5)-(9060, 65)",b'decltype(std::declval<T&>().binary(std::declv...'
json,../repos/json/single_include/nlohmann/json.hpp,"(9064, 5)-(9064, 75)",b'decltype(std::declval<T&>().start_object(std:...'
json,../repos/json/single_include/nlohmann/json.hpp,"(9068, 5)-(9068, 62)",b'decltype(std::declval<T&>().key(std::declval<...'
json,../repos/json/single_include/nlohmann/json.hpp,"(9071, 31)-(9071, 72)",b'decltype(std::declval<T&>().end_object())'
json,../repos/json/single_include/nlohmann/json.hpp,"(9075, 5)-(9075, 74)",b'decltype(std::declval<T&>().start_array(std::...'
json,../repos/json/single_include/nlohmann/json.hpp,"(9078, 30)-(9078, 70)",b'decltype(std::declval<T&>().end_array())'
json,../repos/json/single_include/nlohmann/json.hpp,"(9081, 32)-(9083, 43)",b'decltype(std::declval<T&>().parse_error(\n    ...'
json,../repos/json/single_include/nlohmann/json.hpp,"(11842, 25)-(11842, 71)",b'decltype(detail::input_adapter(number_vector))'
json,../repos/json/single_include/nlohmann/json.hpp,"(12142, 11)-(12142, 59)",b'decltype(JSON_BINARY_READER_MAKE_BJD_TYPES_MAP_)'
json,../repos/json/single_include/nlohmann/json.hpp,"(13740, 25)-(13740, 61)",b'decltype(std::declval<Base>().key())'
json,../repos/json/single_include/nlohmann/json.hpp,"(19690, 28)-(19690, 45)",b'decltype(deleter)'
json,../repos/json/single_include/nlohmann/json.hpp,"(19923, 43)-(19923, 58)",b'decltype(alloc)'
json,../repos/json/single_include/nlohmann/json.hpp,"(19924, 43)-(19924, 58)",b'decltype(alloc)'
json,../repos/json/single_include/nlohmann/json.hpp,"(19931, 43)-(19931, 58)",b'decltype(alloc)'
json,../repos/json/single_include/nlohmann/json.hpp,"(19932, 43)-(19932, 58)",b'decltype(alloc)'
json,../repos/json/single_include/nlohmann/json.hpp,"(19939, 43)-(19939, 58)",b'decltype(alloc)'
json,../repos/json/single_include/nlohmann/json.hpp,"(19940, 43)-(19940, 58)",b'decltype(alloc)'
json,../repos/json/single_include/nlohmann/json.hpp,"(19947, 43)-(19947, 58)",b'decltype(alloc)'
json,../repos/json/single_include/nlohmann/json.hpp,"(19948, 43)-(19948, 58)",b'decltype(alloc)'
json,../repos/json/single_include/nlohmann/json.hpp,"(21759, 43)-(21759, 58)",b'decltype(alloc)'
json,../repos/json/single_include/nlohmann/json.hpp,"(21760, 43)-(21760, 58)",b'decltype(alloc)'
json,../repos/json/single_include/nlohmann/json.hpp,"(21766, 43)-(21766, 58)",b'decltype(alloc)'
json,../repos/json/single_include/nlohmann/json.hpp,"(21767, 43)-(21767, 58)",b'decltype(alloc)'
json,../repos/json/single_include/nlohmann/json.hpp,"(21830, 43)-(21830, 58)",b'decltype(alloc)'
json,../repos/json/single_include/nlohmann/json.hpp,"(21831, 43)-(21831, 58)",b'decltype(alloc)'
json,../repos/json/single_include/nlohmann/json.hpp,"(21837, 43)-(21837, 58)",b'decltype(alloc)'
json,../repos/json/single_include/nlohmann/json.hpp,"(21838, 43)-(21838, 58)",b'decltype(alloc)'
json,../repos/json/single_include/nlohmann/json.hpp,"(23393, 52)-(23393, 64)",b'decltype(ia)'
json,../repos/json/single_include/nlohmann/json.hpp,"(23408, 52)-(23408, 64)",b'decltype(ia)'
json,../repos/json/single_include/nlohmann/json.hpp,"(23429, 52)-(23429, 64)",b'decltype(ia)'
json,../repos/json/single_include/nlohmann/json.hpp,"(23673, 40)-(23673, 52)",b'decltype(ia)'
json,../repos/json/single_include/nlohmann/json.hpp,"(23689, 40)-(23689, 52)",b'decltype(ia)'
json,../repos/json/single_include/nlohmann/json.hpp,"(23715, 40)-(23715, 52)",b'decltype(ia)'
json,../repos/json/single_include/nlohmann/json.hpp,"(23730, 40)-(23730, 52)",b'decltype(ia)'
json,../repos/json/single_include/nlohmann/json.hpp,"(23745, 40)-(23745, 52)",b'decltype(ia)'
json,../repos/json/single_include/nlohmann/json.hpp,"(23769, 40)-(23769, 52)",b'decltype(ia)'
json,../repos/json/single_include/nlohmann/json.hpp,"(23784, 40)-(23784, 52)",b'decltype(ia)'
json,../repos/json/single_include/nlohmann/json.hpp,"(23799, 40)-(23799, 52)",b'decltype(ia)'
json,../repos/json/single_include/nlohmann/json.hpp,"(23823, 40)-(23823, 52)",b'decltype(ia)'
json,../repos/json/single_include/nlohmann/json.hpp,"(23838, 40)-(23838, 52)",b'decltype(ia)'
json,../repos/json/single_include/nlohmann/json.hpp,"(23853, 40)-(23853, 52)",b'decltype(ia)'
json,../repos/json/single_include/nlohmann/json.hpp,"(23868, 40)-(23868, 52)",b'decltype(ia)'
json,../repos/json/single_include/nlohmann/json.hpp,"(23883, 40)-(23883, 52)",b'decltype(ia)'
json,../repos/json/single_include/nlohmann/json.hpp,"(23907, 40)-(23907, 52)",b'decltype(ia)'
json,../repos/json/docs/examples/get_allocator.cpp,"(9, 44)-(9, 59)",b'decltype(alloc)'
json,../repos/json/include/nlohmann/detail/conversions/to_json.hpp,"(427, 8)-(427, 58)","b'decltype(to_json(j, std::forward<T>(val)), void())'"
json,../repos/json/include/nlohmann/detail/conversions/from_json.hpp,"(185, 4)-(185, 41)","b'decltype(j.template get<T>(), void())'"
json,../repos/json/include/nlohmann/detail/conversions/from_json.hpp,"(202, 4)-(202, 41)","b'decltype(j.template get<T>(), void())'"
json,../repos/json/include/nlohmann/detail/conversions/from_json.hpp,"(215, 4)-(218, 12)",b'decltype(\n    arr.reserve(std::declval<typena...'
json,../repos/json/include/nlohmann/detail/conversions/from_json.hpp,"(264, 4)-(266, 8)","b'decltype(from_json_array_impl(j, arr, priorit...'"
json,../repos/json/include/nlohmann/detail/conversions/from_json.hpp,"(285, 4)-(285, 106)",b'decltype(from_json_inplace_array_impl(std::fo...'
json,../repos/json/include/nlohmann/detail/conversions/from_json.hpp,"(409, 4)-(409, 117)",b'decltype(from_json_tuple_impl(std::forward<Ba...'
json,../repos/json/include/nlohmann/detail/conversions/from_json.hpp,"(476, 8)-(476, 52)","b'decltype(from_json(j, std::forward<T>(val)))'"
json,../repos/json/include/nlohmann/detail/string_concat.hpp,"(57, 27)-(57, 99)",b'decltype(std::declval<StringType&>().append(s...'
json,../repos/json/include/nlohmann/detail/string_concat.hpp,"(63, 30)-(63, 97)",b'decltype(std::declval<StringType&>() += std::...'
json,../repos/json/include/nlohmann/detail/string_concat.hpp,"(69, 32)-(69, 146)",b'decltype(std::declval<StringType&>().append(s...'
json,../repos/json/include/nlohmann/detail/string_concat.hpp,"(75, 32)-(75, 146)",b'decltype(std::declval<StringType&>().append(s...'
json,../repos/json/include/nlohmann/detail/meta/is_sax.hpp,"(24, 25)-(24, 60)",b'decltype(std::declval<T&>().null())'
json,../repos/json/include/nlohmann/detail/meta/is_sax.hpp,"(28, 5)-(28, 63)",b'decltype(std::declval<T&>().boolean(std::decl...'
json,../repos/json/include/nlohmann/detail/meta/is_sax.hpp,"(32, 5)-(32, 73)",b'decltype(std::declval<T&>().number_integer(st...'
json,../repos/json/include/nlohmann/detail/meta/is_sax.hpp,"(36, 5)-(36, 75)",b'decltype(std::declval<T&>().number_unsigned(s...'
json,../repos/json/include/nlohmann/detail/meta/is_sax.hpp,"(39, 33)-(40, 91)",b'decltype(std::declval<T&>().number_float(\n   ...'
json,../repos/json/include/nlohmann/detail/meta/is_sax.hpp,"(44, 5)-(44, 65)",b'decltype(std::declval<T&>().string(std::declv...'
json,../repos/json/include/nlohmann/detail/meta/is_sax.hpp,"(48, 5)-(48, 65)",b'decltype(std::declval<T&>().binary(std::declv...'
json,../repos/json/include/nlohmann/detail/meta/is_sax.hpp,"(52, 5)-(52, 75)",b'decltype(std::declval<T&>().start_object(std:...'
json,../repos/json/include/nlohmann/detail/meta/is_sax.hpp,"(56, 5)-(56, 62)",b'decltype(std::declval<T&>().key(std::declval<...'
json,../repos/json/include/nlohmann/detail/meta/is_sax.hpp,"(59, 31)-(59, 72)",b'decltype(std::declval<T&>().end_object())'
json,../repos/json/include/nlohmann/detail/meta/is_sax.hpp,"(63, 5)-(63, 74)",b'decltype(std::declval<T&>().start_array(std::...'
json,../repos/json/include/nlohmann/detail/meta/is_sax.hpp,"(66, 30)-(66, 70)",b'decltype(std::declval<T&>().end_array())'
json,../repos/json/include/nlohmann/detail/meta/is_sax.hpp,"(69, 32)-(71, 43)",b'decltype(std::declval<T&>().parse_error(\n    ...'
json,../repos/json/include/nlohmann/detail/meta/type_traits.hpp,"(104, 26)-(104, 71)",b'decltype(T::to_json(std::declval<Args>()...))'
json,../repos/json/include/nlohmann/detail/meta/type_traits.hpp,"(107, 28)-(107, 75)",b'decltype(T::from_json(std::declval<Args>()...))'
json,../repos/json/include/nlohmann/detail/meta/type_traits.hpp,"(110, 31)-(110, 76)",b'decltype(std::declval<T>().template get<U>())'
json,../repos/json/include/nlohmann/detail/meta/type_traits.hpp,"(331, 68)-(331, 96)",b'decltype(std::declval<R&>())'
json,../repos/json/include/nlohmann/detail/meta/type_traits.hpp,"(344, 28)-(344, 53)",b'decltype(void(sizeof(T)))'
json,../repos/json/include/nlohmann/detail/meta/type_traits.hpp,"(415, 28)-(415, 77)",b'decltype(std::declval<ConstructibleStringType>())'
json,../repos/json/include/nlohmann/detail/meta/type_traits.hpp,"(568, 1)-(568, 72)",b'decltype(std::declval<Compare>()(std::declval...'
json,../repos/json/include/nlohmann/detail/meta/type_traits.hpp,"(569, 1)-(569, 72)",b'decltype(std::declval<Compare>()(std::declval...'
json,../repos/json/include/nlohmann/detail/meta/type_traits.hpp,"(606, 36)-(606, 104)",b'decltype(std::declval<ObjectType&>().erase(st...'
json,../repos/json/include/nlohmann/detail/meta/type_traits.hpp,"(629, 44)-(629, 66)",b'decltype(&C::capacity)'
json,../repos/json/include/nlohmann/detail/iterators/json_reverse_iterator.hpp,"(115, 25)-(115, 61)",b'decltype(std::declval<Base>().key())'
json,../repos/json/include/nlohmann/detail/iterators/iteration_proxy.hpp,"(44, 81)-(44, 127)",b'decltype( std::declval<IteratorType>().key() )'
json,../repos/json/include/nlohmann/detail/iterators/iteration_proxy.hpp,"(193, 77)-(193, 94)",b'decltype(i.key())'
json,../repos/json/include/nlohmann/detail/iterators/iteration_proxy.hpp,"(201, 77)-(201, 96)",b'decltype(i.value())'
json,../repos/json/include/nlohmann/detail/iterators/iteration_proxy.hpp,"(229, 18)-(231, 91)",b'decltype(\n                     get<N>(std::de...'
json,../repos/json/include/nlohmann/detail/input/binary_reader.hpp,"(2696, 25)-(2696, 71)",b'decltype(detail::input_adapter(number_vector))'
json,../repos/json/include/nlohmann/detail/input/binary_reader.hpp,"(2996, 11)-(2996, 59)",b'decltype(JSON_BINARY_READER_MAKE_BJD_TYPES_MAP_)'
json,../repos/json/include/nlohmann/detail/input/input_adapters.hpp,"(401, 15)-(401, 60)",b'decltype(begin(std::declval<ContainerType>())'
json,../repos/json/include/nlohmann/detail/input/input_adapters.hpp,"(403, 33)-(403, 130)",b'decltype(input_adapter(begin(std::declval<Con...'
json,../repos/json/include/nlohmann/detail/input/input_adapters.hpp,"(437, 40)-(437, 121)",b'decltype(input_adapter(std::declval<const cha...'
json,../repos/json/include/nlohmann/detail/input/input_adapters.hpp,"(455, 38)-(455, 79)","b'decltype(input_adapter(array, array + N))'"
json,../repos/json/include/nlohmann/adl_serializer.hpp,"(29, 8)-(29, 84)",b'decltype(::nlohmann::from_json(std::forward<B...'
json,../repos/json/include/nlohmann/adl_serializer.hpp,"(39, 8)-(39, 108)",b'decltype(::nlohmann::from_json(std::forward<B...'
json,../repos/json/include/nlohmann/adl_serializer.hpp,"(49, 8)-(49, 79)","b'decltype(::nlohmann::to_json(j, std::forward<...'"
json,../repos/json/include/nlohmann/json.hpp,"(387, 28)-(387, 45)",b'decltype(deleter)'
json,../repos/json/include/nlohmann/json.hpp,"(620, 43)-(620, 58)",b'decltype(alloc)'
json,../repos/json/include/nlohmann/json.hpp,"(621, 43)-(621, 58)",b'decltype(alloc)'
json,../repos/json/include/nlohmann/json.hpp,"(628, 43)-(628, 58)",b'decltype(alloc)'
json,../repos/json/include/nlohmann/json.hpp,"(629, 43)-(629, 58)",b'decltype(alloc)'
json,../repos/json/include/nlohmann/json.hpp,"(636, 43)-(636, 58)",b'decltype(alloc)'
json,../repos/json/include/nlohmann/json.hpp,"(637, 43)-(637, 58)",b'decltype(alloc)'
json,../repos/json/include/nlohmann/json.hpp,"(644, 43)-(644, 58)",b'decltype(alloc)'
json,../repos/json/include/nlohmann/json.hpp,"(645, 43)-(645, 58)",b'decltype(alloc)'
json,../repos/json/include/nlohmann/json.hpp,"(2456, 43)-(2456, 58)",b'decltype(alloc)'
json,../repos/json/include/nlohmann/json.hpp,"(2457, 43)-(2457, 58)",b'decltype(alloc)'
json,../repos/json/include/nlohmann/json.hpp,"(2463, 43)-(2463, 58)",b'decltype(alloc)'
json,../repos/json/include/nlohmann/json.hpp,"(2464, 43)-(2464, 58)",b'decltype(alloc)'
json,../repos/json/include/nlohmann/json.hpp,"(2527, 43)-(2527, 58)",b'decltype(alloc)'
json,../repos/json/include/nlohmann/json.hpp,"(2528, 43)-(2528, 58)",b'decltype(alloc)'
json,../repos/json/include/nlohmann/json.hpp,"(2534, 43)-(2534, 58)",b'decltype(alloc)'
json,../repos/json/include/nlohmann/json.hpp,"(2535, 43)-(2535, 58)",b'decltype(alloc)'
json,../repos/json/include/nlohmann/json.hpp,"(4090, 52)-(4090, 64)",b'decltype(ia)'
json,../repos/json/include/nlohmann/json.hpp,"(4105, 52)-(4105, 64)",b'decltype(ia)'
json,../repos/json/include/nlohmann/json.hpp,"(4126, 52)-(4126, 64)",b'decltype(ia)'
json,../repos/json/include/nlohmann/json.hpp,"(4370, 40)-(4370, 52)",b'decltype(ia)'
json,../repos/json/include/nlohmann/json.hpp,"(4386, 40)-(4386, 52)",b'decltype(ia)'
json,../repos/json/include/nlohmann/json.hpp,"(4412, 40)-(4412, 52)",b'decltype(ia)'
json,../repos/json/include/nlohmann/json.hpp,"(4427, 40)-(4427, 52)",b'decltype(ia)'
json,../repos/json/include/nlohmann/json.hpp,"(4442, 40)-(4442, 52)",b'decltype(ia)'
json,../repos/json/include/nlohmann/json.hpp,"(4466, 40)-(4466, 52)",b'decltype(ia)'
json,../repos/json/include/nlohmann/json.hpp,"(4481, 40)-(4481, 52)",b'decltype(ia)'
json,../repos/json/include/nlohmann/json.hpp,"(4496, 40)-(4496, 52)",b'decltype(ia)'
json,../repos/json/include/nlohmann/json.hpp,"(4520, 40)-(4520, 52)",b'decltype(ia)'
json,../repos/json/include/nlohmann/json.hpp,"(4535, 40)-(4535, 52)",b'decltype(ia)'
json,../repos/json/include/nlohmann/json.hpp,"(4550, 40)-(4550, 52)",b'decltype(ia)'
json,../repos/json/include/nlohmann/json.hpp,"(4565, 40)-(4565, 52)",b'decltype(ia)'
json,../repos/json/include/nlohmann/json.hpp,"(4580, 40)-(4580, 52)",b'decltype(ia)'
json,../repos/json/include/nlohmann/json.hpp,"(4604, 40)-(4604, 52)",b'decltype(ia)'
json,../repos/json/tests/src/unit-udt.cpp,"(802, 36)-(802, 75)",b'decltype(void(json(std::declval<T>())))'
json,../repos/json/tests/src/unit-items.cpp,"(878, 25)-(878, 36)",b'decltype(m)'
json,../repos/json/tests/src/unit-constructor1.cpp,"(164, 26)-(164, 37)",b'decltype(m)'
json,../repos/json/tests/src/unit-constructor1.cpp,"(244, 25)-(244, 36)",b'decltype(p)'
json,../repos/json/tests/src/unit-constructor1.cpp,"(266, 25)-(266, 36)",b'decltype(t)'
json,../repos/json/tests/src/unit-constructor1.cpp,"(462, 32)-(462, 46)",b'decltype(v[0])'
json,../repos/json/tests/src/unit-constructor1.cpp,"(470, 32)-(470, 46)",b'decltype(v[0])'
json,../repos/json/tests/src/unit-class_iterator.cpp,"(16, 38)-(16, 74)",b'decltype((std::declval<Iter>()++)++)'
json,../repos/json/tests/src/unit-class_iterator.cpp,"(19, 38)-(19, 74)",b'decltype((std::declval<Iter>()--)--)'
json,../repos/json/tests/src/unit-class_iterator.cpp,"(390, 38)-(390, 71)",b'decltype(std::declval<Iter&>()++)'
json,../repos/json/tests/src/unit-class_iterator.cpp,"(395, 38)-(395, 71)",b'decltype(std::declval<Iter&>()++)'
json,../repos/json/tests/src/unit-class_iterator.cpp,"(401, 38)-(401, 71)",b'decltype(std::declval<Iter&>()++)'
json,../repos/json/tests/src/unit-class_iterator.cpp,"(409, 38)-(409, 71)",b'decltype(std::declval<Iter&>()--)'
json,../repos/json/tests/src/unit-class_iterator.cpp,"(414, 38)-(414, 71)",b'decltype(std::declval<Iter&>()--)'
json,../repos/json/tests/src/unit-class_iterator.cpp,"(420, 38)-(420, 71)",b'decltype(std::declval<Iter&>()--)'
json,../repos/json/tests/src/unit-regression2.cpp,"(427, 25)-(427, 45)",b'decltype(p1.begin())'
json,../repos/json/tests/src/unit-regression2.cpp,"(437, 56)-(437, 76)",b'decltype(e1.value())'
json,../repos/json/tests/src/unit-regression2.cpp,"(467, 33)-(467, 51)",b'decltype(expected)'
json,../repos/json/tests/src/unit-testsuites.cpp,"(366, 42)-(366, 64)",b'decltype(&std::fclose)'
json,../repos/json/tests/src/unit-testsuites.cpp,"(373, 42)-(373, 64)",b'decltype(&std::fclose)'
json,../repos/json/tests/src/unit-testsuites.cpp,"(380, 42)-(380, 64)",b'decltype(&std::fclose)'
json,../repos/json/tests/src/unit-testsuites.cpp,"(387, 42)-(387, 64)",b'decltype(&std::fclose)'
json,../repos/json/tests/src/unit-testsuites.cpp,"(394, 42)-(394, 64)",b'decltype(&std::fclose)'
json,../repos/json/tests/src/unit-bjdata.cpp,"(215, 47)-(215, 59)",b'decltype(ia)'
json,../repos/json/tests/src/make_test_data_available.hpp,"(21, 38)-(21, 60)",b'decltype(&std::fclose)'
json,../repos/json/tests/src/unit-regression1.cpp,"(181, 39)-(181, 50)",b'decltype(u)'
json,../repos/json/tests/src/unit-regression1.cpp,"(187, 36)-(187, 61)",b'decltype(anon_enum_value)'
json,../repos/json/tests/src/unit-regression1.cpp,"(187, 63)-(187, 74)",b'decltype(u)'
json,../repos/json/tests/src/unit-class_lexer.cpp,"(22, 42)-(22, 54)",b'decltype(ia)'
json,../repos/json/tests/src/unit-class_lexer.cpp,"(30, 48)-(30, 60)",b'decltype(ia)'
json,../repos/json/tests/abi/include/nlohmann/json_v3_10_5.hpp,"(3422, 26)-(3422, 71)",b'decltype(T::to_json(std::declval<Args>()...))'
json,../repos/json/tests/abi/include/nlohmann/json_v3_10_5.hpp,"(3425, 28)-(3425, 75)",b'decltype(T::from_json(std::declval<Args>()...))'
json,../repos/json/tests/abi/include/nlohmann/json_v3_10_5.hpp,"(3428, 31)-(3428, 76)",b'decltype(std::declval<T>().template get<U>())'
json,../repos/json/tests/abi/include/nlohmann/json_v3_10_5.hpp,"(3576, 68)-(3576, 96)",b'decltype(std::declval<R&>())'
json,../repos/json/tests/abi/include/nlohmann/json_v3_10_5.hpp,"(3589, 28)-(3589, 53)",b'decltype(void(sizeof(T)))'
json,../repos/json/tests/abi/include/nlohmann/json_v3_10_5.hpp,"(3790, 44)-(3790, 66)",b'decltype(&C::capacity)'
json,../repos/json/tests/abi/include/nlohmann/json_v3_10_5.hpp,"(3980, 4)-(3980, 41)","b'decltype(j.template get<T>(), void())'"
json,../repos/json/tests/abi/include/nlohmann/json_v3_10_5.hpp,"(3997, 4)-(3997, 41)","b'decltype(j.template get<T>(), void())'"
json,../repos/json/tests/abi/include/nlohmann/json_v3_10_5.hpp,"(4010, 4)-(4013, 12)",b'decltype(\n    arr.reserve(std::declval<typena...'
json,../repos/json/tests/abi/include/nlohmann/json_v3_10_5.hpp,"(4059, 4)-(4061, 8)","b'decltype(from_json_array_impl(j, arr, priorit...'"
json,../repos/json/tests/abi/include/nlohmann/json_v3_10_5.hpp,"(4080, 4)-(4080, 106)",b'decltype(from_json_inplace_array_impl(std::fo...'
json,../repos/json/tests/abi/include/nlohmann/json_v3_10_5.hpp,"(4204, 4)-(4204, 117)",b'decltype(from_json_tuple_impl(std::forward<Ba...'
json,../repos/json/tests/abi/include/nlohmann/json_v3_10_5.hpp,"(4271, 8)-(4271, 52)","b'decltype(from_json(j, std::forward<T>(val)))'"
json,../repos/json/tests/abi/include/nlohmann/json_v3_10_5.hpp,"(4334, 81)-(4334, 127)",b'decltype( std::declval<IteratorType>().key() )'
json,../repos/json/tests/abi/include/nlohmann/json_v3_10_5.hpp,"(4451, 77)-(4451, 94)",b'decltype(i.key())'
json,../repos/json/tests/abi/include/nlohmann/json_v3_10_5.hpp,"(4459, 77)-(4459, 96)",b'decltype(i.value())'
json,../repos/json/tests/abi/include/nlohmann/json_v3_10_5.hpp,"(4485, 18)-(4487, 91)",b'decltype(\n                     get<N>(std::de...'
json,../repos/json/tests/abi/include/nlohmann/json_v3_10_5.hpp,"(4899, 8)-(4899, 58)","b'decltype(to_json(j, std::forward<T>(val)), void())'"
json,../repos/json/tests/abi/include/nlohmann/json_v3_10_5.hpp,"(4932, 8)-(4932, 84)",b'decltype(::nlohmann::from_json(std::forward<B...'
json,../repos/json/tests/abi/include/nlohmann/json_v3_10_5.hpp,"(4942, 8)-(4942, 108)",b'decltype(::nlohmann::from_json(std::forward<B...'
json,../repos/json/tests/abi/include/nlohmann/json_v3_10_5.hpp,"(4952, 8)-(4952, 79)","b'decltype(::nlohmann::to_json(j, std::forward<...'"
json,../repos/json/tests/abi/include/nlohmann/json_v3_10_5.hpp,"(5600, 15)-(5600, 60)",b'decltype(begin(std::declval<ContainerType>())'
json,../repos/json/tests/abi/include/nlohmann/json_v3_10_5.hpp,"(5602, 33)-(5602, 130)",b'decltype(input_adapter(begin(std::declval<Con...'
json,../repos/json/tests/abi/include/nlohmann/json_v3_10_5.hpp,"(5636, 40)-(5636, 121)",b'decltype(input_adapter(std::declval<const cha...'
json,../repos/json/tests/abi/include/nlohmann/json_v3_10_5.hpp,"(5654, 38)-(5654, 79)","b'decltype(input_adapter(array, array + N))'"
json,../repos/json/tests/abi/include/nlohmann/json_v3_10_5.hpp,"(8054, 25)-(8054, 60)",b'decltype(std::declval<T&>().null())'
json,../repos/json/tests/abi/include/nlohmann/json_v3_10_5.hpp,"(8058, 5)-(8058, 63)",b'decltype(std::declval<T&>().boolean(std::decl...'
json,../repos/json/tests/abi/include/nlohmann/json_v3_10_5.hpp,"(8062, 5)-(8062, 73)",b'decltype(std::declval<T&>().number_integer(st...'
json,../repos/json/tests/abi/include/nlohmann/json_v3_10_5.hpp,"(8066, 5)-(8066, 75)",b'decltype(std::declval<T&>().number_unsigned(s...'
json,../repos/json/tests/abi/include/nlohmann/json_v3_10_5.hpp,"(8069, 33)-(8070, 91)",b'decltype(std::declval<T&>().number_float(\n   ...'
json,../repos/json/tests/abi/include/nlohmann/json_v3_10_5.hpp,"(8074, 5)-(8074, 65)",b'decltype(std::declval<T&>().string(std::declv...'
json,../repos/json/tests/abi/include/nlohmann/json_v3_10_5.hpp,"(8078, 5)-(8078, 65)",b'decltype(std::declval<T&>().binary(std::declv...'
json,../repos/json/tests/abi/include/nlohmann/json_v3_10_5.hpp,"(8082, 5)-(8082, 75)",b'decltype(std::declval<T&>().start_object(std:...'
json,../repos/json/tests/abi/include/nlohmann/json_v3_10_5.hpp,"(8086, 5)-(8086, 62)",b'decltype(std::declval<T&>().key(std::declval<...'
json,../repos/json/tests/abi/include/nlohmann/json_v3_10_5.hpp,"(8089, 31)-(8089, 72)",b'decltype(std::declval<T&>().end_object())'
json,../repos/json/tests/abi/include/nlohmann/json_v3_10_5.hpp,"(8093, 5)-(8093, 74)",b'decltype(std::declval<T&>().start_array(std::...'
json,../repos/json/tests/abi/include/nlohmann/json_v3_10_5.hpp,"(8096, 30)-(8096, 70)",b'decltype(std::declval<T&>().end_array())'
json,../repos/json/tests/abi/include/nlohmann/json_v3_10_5.hpp,"(8099, 32)-(8101, 43)",b'decltype(std::declval<T&>().parse_error(\n    ...'
json,../repos/json/tests/abi/include/nlohmann/json_v3_10_5.hpp,"(10432, 25)-(10432, 71)",b'decltype(detail::input_adapter(number_vector))'
json,../repos/json/tests/abi/include/nlohmann/json_v3_10_5.hpp,"(12215, 25)-(12215, 61)",b'decltype(std::declval<Base>().key())'
json,../repos/json/tests/abi/include/nlohmann/json_v3_10_5.hpp,"(17555, 28)-(17555, 45)",b'decltype(deleter)'
json,../repos/json/tests/abi/include/nlohmann/json_v3_10_5.hpp,"(17778, 43)-(17778, 58)",b'decltype(alloc)'
json,../repos/json/tests/abi/include/nlohmann/json_v3_10_5.hpp,"(17779, 43)-(17779, 58)",b'decltype(alloc)'
json,../repos/json/tests/abi/include/nlohmann/json_v3_10_5.hpp,"(17786, 43)-(17786, 58)",b'decltype(alloc)'
json,../repos/json/tests/abi/include/nlohmann/json_v3_10_5.hpp,"(17787, 43)-(17787, 58)",b'decltype(alloc)'
json,../repos/json/tests/abi/include/nlohmann/json_v3_10_5.hpp,"(17794, 43)-(17794, 58)",b'decltype(alloc)'
json,../repos/json/tests/abi/include/nlohmann/json_v3_10_5.hpp,"(17795, 43)-(17795, 58)",b'decltype(alloc)'
json,../repos/json/tests/abi/include/nlohmann/json_v3_10_5.hpp,"(17802, 43)-(17802, 58)",b'decltype(alloc)'
json,../repos/json/tests/abi/include/nlohmann/json_v3_10_5.hpp,"(17803, 43)-(17803, 58)",b'decltype(alloc)'
json,../repos/json/tests/abi/include/nlohmann/json_v3_10_5.hpp,"(19442, 43)-(19442, 58)",b'decltype(alloc)'
json,../repos/json/tests/abi/include/nlohmann/json_v3_10_5.hpp,"(19443, 43)-(19443, 58)",b'decltype(alloc)'
json,../repos/json/tests/abi/include/nlohmann/json_v3_10_5.hpp,"(19449, 43)-(19449, 58)",b'decltype(alloc)'
json,../repos/json/tests/abi/include/nlohmann/json_v3_10_5.hpp,"(19450, 43)-(19450, 58)",b'decltype(alloc)'
json,../repos/json/tests/abi/include/nlohmann/json_v3_10_5.hpp,"(19514, 43)-(19514, 58)",b'decltype(alloc)'
json,../repos/json/tests/abi/include/nlohmann/json_v3_10_5.hpp,"(19515, 43)-(19515, 58)",b'decltype(alloc)'
json,../repos/json/tests/abi/include/nlohmann/json_v3_10_5.hpp,"(19521, 43)-(19521, 58)",b'decltype(alloc)'
json,../repos/json/tests/abi/include/nlohmann/json_v3_10_5.hpp,"(19522, 43)-(19522, 58)",b'decltype(alloc)'
json,../repos/json/tests/abi/include/nlohmann/json_v3_10_5.hpp,"(20889, 52)-(20889, 64)",b'decltype(ia)'
json,../repos/json/tests/abi/include/nlohmann/json_v3_10_5.hpp,"(20904, 52)-(20904, 64)",b'decltype(ia)'
json,../repos/json/tests/abi/include/nlohmann/json_v3_10_5.hpp,"(20925, 52)-(20925, 64)",b'decltype(ia)'
json,../repos/json/tests/abi/include/nlohmann/json_v3_10_5.hpp,"(21116, 40)-(21116, 52)",b'decltype(ia)'
json,../repos/json/tests/abi/include/nlohmann/json_v3_10_5.hpp,"(21132, 40)-(21132, 52)",b'decltype(ia)'
json,../repos/json/tests/abi/include/nlohmann/json_v3_10_5.hpp,"(21159, 40)-(21159, 52)",b'decltype(ia)'
json,../repos/json/tests/abi/include/nlohmann/json_v3_10_5.hpp,"(21174, 40)-(21174, 52)",b'decltype(ia)'
json,../repos/json/tests/abi/include/nlohmann/json_v3_10_5.hpp,"(21189, 40)-(21189, 52)",b'decltype(ia)'
json,../repos/json/tests/abi/include/nlohmann/json_v3_10_5.hpp,"(21213, 40)-(21213, 52)",b'decltype(ia)'
json,../repos/json/tests/abi/include/nlohmann/json_v3_10_5.hpp,"(21228, 40)-(21228, 52)",b'decltype(ia)'
json,../repos/json/tests/abi/include/nlohmann/json_v3_10_5.hpp,"(21243, 40)-(21243, 52)",b'decltype(ia)'
json,../repos/json/tests/abi/include/nlohmann/json_v3_10_5.hpp,"(21267, 40)-(21267, 52)",b'decltype(ia)'
json,../repos/json/tests/abi/include/nlohmann/json_v3_10_5.hpp,"(21282, 40)-(21282, 52)",b'decltype(ia)'
json,../repos/json/tests/abi/include/nlohmann/json_v3_10_5.hpp,"(21297, 40)-(21297, 52)",b'decltype(ia)'
json,../repos/json/tests/abi/include/nlohmann/json_v3_10_5.hpp,"(21321, 40)-(21321, 52)",b'decltype(ia)'
json,../repos/json/tests/thirdparty/doctest/doctest.h,"(523, 9)-(523, 26)",b'decltype(nullptr)'
json,../repos/json/tests/thirdparty/doctest/doctest.h,"(524, 9)-(524, 32)",b'decltype(sizeof(void*))'
json,../repos/json/tests/thirdparty/doctest/doctest.h,"(1001, 45)-(1001, 122)",b'decltype(::operator<<(declval<std::ostream&>(...'
json,../repos/json/tests/thirdparty/doctest/doctest.h,"(1027, 38)-(1027, 113)","b'decltype(operator<<(declval<std::ostream&>(),...'"
json,../repos/json/tests/thirdparty/doctest/doctest.h,"(1060, 50)-(1060, 62)",b'decltype(in)'
