Repo name,File name,Location,Content
rocksdb-main,../repos/rocksdb-main/cache/cache_helpers.h,"(49, 44)-(49, 52)",b'CacheHandleGuard(CacheHandleGuard&& rhs) noexcept'
rocksdb-main,../repos/rocksdb-main/cache/cache_helpers.h,"(56, 55)-(56, 63)",b'operator=(CacheHandleGuard&& rhs) noexcept'
rocksdb-main,../repos/rocksdb-main/cache/typed_cache.h,"(70, 41)-(70, 49)",b'() const noexcept'
rocksdb-main,../repos/rocksdb-main/db/compaction/subcompaction_state.h,"(142, 50)-(142, 58)",b'SubcompactionState(SubcompactionState&& state...'
rocksdb-main,../repos/rocksdb-main/db/job_context.h,"(41, 61)-(41, 69)",b'SuperVersionContext(SuperVersionContext&& oth...'
rocksdb-main,../repos/rocksdb-main/db/pinned_iterators_manager.h,"(29, 58)-(29, 66)",b'PinnedIteratorsManager(PinnedIteratorsManager...'
rocksdb-main,../repos/rocksdb-main/db/pinned_iterators_manager.h,"(30, 69)-(30, 77)",b'operator=(PinnedIteratorsManager&& other) noexcept'
rocksdb-main,../repos/rocksdb-main/db/range_del_aggregator_bench.cc,"(130, 58)-(130, 66)",b'PersistentRangeTombstone(PersistentRangeTombs...'
rocksdb-main,../repos/rocksdb-main/db/version_set.h,"(791, 22)-(791, 30)",b'ObsoleteFileInfo() noexcept'
rocksdb-main,../repos/rocksdb-main/db/version_set.h,"(804, 44)-(804, 52)",b'ObsoleteFileInfo(ObsoleteFileInfo&& rhs) noexcept'
rocksdb-main,../repos/rocksdb-main/db/version_set.h,"(808, 55)-(808, 63)",b'operator=(ObsoleteFileInfo&& rhs) noexcept'
rocksdb-main,../repos/rocksdb-main/db/write_batch.cc,"(211, 42)-(211, 50)",b'WriteBatch::WriteBatch(WriteBatch&& src) noexcept'
rocksdb-main,../repos/rocksdb-main/env/env_test.cc,"(2998, 53)-(2998, 61)","b'operator()(\n      std::pair<uint64_t, uint64_...'"
rocksdb-main,../repos/rocksdb-main/include/rocksdb/cleanable.h,"(26, 26)-(26, 34)",b'Cleanable(Cleanable&&) noexcept'
rocksdb-main,../repos/rocksdb-main/include/rocksdb/cleanable.h,"(27, 37)-(27, 45)",b'operator=(Cleanable&&) noexcept'
rocksdb-main,../repos/rocksdb-main/include/rocksdb/cleanable.h,"(95, 49)-(95, 57)",b'SharedCleanablePtr(SharedCleanablePtr&& from)...'
rocksdb-main,../repos/rocksdb-main/include/rocksdb/cleanable.h,"(97, 60)-(97, 68)",b'operator=(SharedCleanablePtr&& from) noexcept'
rocksdb-main,../repos/rocksdb-main/include/rocksdb/data_structure.h,"(77, 43)-(77, 51)",b'const_iterator(const_iterator&& that) noexcept'
rocksdb-main,../repos/rocksdb-main/include/rocksdb/data_structure.h,"(78, 54)-(78, 62)",b'operator=(const_iterator&& that) noexcept'
rocksdb-main,../repos/rocksdb-main/include/rocksdb/io_status.h,"(47, 26)-(47, 34)",b'IOStatus(IOStatus&& s) noexcept'
rocksdb-main,../repos/rocksdb-main/include/rocksdb/io_status.h,"(48, 37)-(48, 45)",b'operator=(IOStatus&& s) noexcept'
rocksdb-main,../repos/rocksdb-main/include/rocksdb/io_status.h,"(198, 41)-(198, 49)",b'IOStatus::IOStatus(IOStatus&& s) noexcept'
rocksdb-main,../repos/rocksdb-main/include/rocksdb/io_status.h,"(202, 52)-(202, 60)",b'IOStatus::operator=(IOStatus&& s) noexcept'
rocksdb-main,../repos/rocksdb-main/include/rocksdb/perf_context.h,"(282, 30)-(282, 38)",b'PerfContext(PerfContext&&) noexcept'
rocksdb-main,../repos/rocksdb-main/include/rocksdb/perf_context.h,"(300, 46)-(300, 54)",b'copyMetrics(const PerfContext* other) noexcept'
rocksdb-main,../repos/rocksdb-main/include/rocksdb/status.h,"(59, 22)-(59, 30)",b'Status(Status&& s) noexcept'
rocksdb-main,../repos/rocksdb-main/include/rocksdb/status.h,"(60, 33)-(60, 41)",b'operator=(Status&& s) noexcept'
rocksdb-main,../repos/rocksdb-main/include/rocksdb/status.h,"(571, 35)-(571, 43)",b'Status::Status(Status&& s) noexcept'
rocksdb-main,../repos/rocksdb-main/include/rocksdb/status.h,"(576, 46)-(576, 54)",b'Status::operator=(Status&& s) noexcept'
rocksdb-main,../repos/rocksdb-main/include/rocksdb/write_batch.h,"(447, 32)-(447, 40)",b'WriteBatch(WriteBatch&& src) noexcept'
rocksdb-main,../repos/rocksdb-main/monitoring/perf_context.cc,"(208, 47)-(208, 55)",b'PerfContext::PerfContext(PerfContext&& other)...'
rocksdb-main,../repos/rocksdb-main/monitoring/perf_context.cc,"(225, 57)-(225, 65)",b'PerfContext::copyMetrics(const PerfContext* o...'
rocksdb-main,../repos/rocksdb-main/port/mmap.cc,"(37, 44)-(37, 52)",b'MemMapping::MemMapping(MemMapping&& other) no...'
rocksdb-main,../repos/rocksdb-main/port/mmap.cc,"(41, 55)-(41, 63)",b'MemMapping::operator=(MemMapping&& other) noexcept'
rocksdb-main,../repos/rocksdb-main/port/mmap.h,"(47, 28)-(47, 36)",b'MemMapping(MemMapping&&) noexcept'
rocksdb-main,../repos/rocksdb-main/port/mmap.h,"(48, 39)-(48, 47)",b'operator=(MemMapping&&) noexcept'
rocksdb-main,../repos/rocksdb-main/port/mmap.h,"(77, 48)-(77, 56)",b'TypedMemMapping(MemMapping&& v) noexcept'
rocksdb-main,../repos/rocksdb-main/port/mmap.h,"(79, 46)-(79, 54)",b'operator=(MemMapping&& v) noexcept'
rocksdb-main,../repos/rocksdb-main/port/win/io_win.h,"(478, 64)-(478, 72)","b'WinDirectory(const std::string& filename, HAN...'"
rocksdb-main,../repos/rocksdb-main/port/win/port_win.h,"(224, 61)-(224, 69)","b'jemalloc_aligned_alloc(size_t size, size_t al...'"
rocksdb-main,../repos/rocksdb-main/port/win/port_win.h,"(225, 37)-(225, 45)",b'jemalloc_aligned_free(void* p) noexcept'
rocksdb-main,../repos/rocksdb-main/port/win/win_jemalloc.cc,"(45, 61)-(45, 69)","b'jemalloc_aligned_alloc(size_t size, size_t al...'"
rocksdb-main,../repos/rocksdb-main/port/win/win_jemalloc.cc,"(48, 37)-(48, 45)",b'jemalloc_aligned_free(void* p) noexcept'
rocksdb-main,../repos/rocksdb-main/port/win/win_thread.cc,"(80, 49)-(80, 57)",b'WindowsThread::WindowsThread(WindowsThread&& ...'
rocksdb-main,../repos/rocksdb-main/port/win/win_thread.cc,"(84, 60)-(84, 68)",b'WindowsThread::operator=(WindowsThread&& o) n...'
rocksdb-main,../repos/rocksdb-main/port/win/win_thread.h,"(89, 34)-(89, 42)",b'WindowsThread(WindowsThread&&) noexcept'
rocksdb-main,../repos/rocksdb-main/port/win/win_thread.h,"(91, 45)-(91, 53)",b'operator=(WindowsThread&&) noexcept'
rocksdb-main,../repos/rocksdb-main/table/block_based/cachable_entry.h,"(63, 38)-(63, 46)",b'CachableEntry(CachableEntry&& rhs) noexcept'
rocksdb-main,../repos/rocksdb-main/table/block_based/cachable_entry.h,"(76, 49)-(76, 57)",b'operator=(CachableEntry&& rhs) noexcept'
rocksdb-main,../repos/rocksdb-main/table/block_based/cachable_entry.h,"(203, 26)-(203, 34)",b'ReleaseResource() noexcept'
rocksdb-main,../repos/rocksdb-main/table/block_based/cachable_entry.h,"(212, 22)-(212, 30)",b'ResetFields() noexcept'
rocksdb-main,../repos/rocksdb-main/table/format.h,"(385, 40)-(385, 48)",b'BlockContents(BlockContents&& other) noexcept'
rocksdb-main,../repos/rocksdb-main/table/scoped_arena_iterator.h,"(15, 38)-(15, 46)",b'reset(InternalIterator* iter) noexcept'
rocksdb-main,../repos/rocksdb-main/table/scoped_arena_iterator.h,"(29, 48)-(29, 56)",b'ScopedArenaIterator(ScopedArenaIterator&& o) ...'
rocksdb-main,../repos/rocksdb-main/table/scoped_arena_iterator.h,"(34, 59)-(34, 67)",b'operator=(ScopedArenaIterator&& o) noexcept'
rocksdb-main,../repos/rocksdb-main/util/aligned_buffer.h,"(68, 36)-(68, 44)",b'AlignedBuffer(AlignedBuffer&& o) noexcept'
rocksdb-main,../repos/rocksdb-main/util/aligned_buffer.h,"(70, 47)-(70, 55)",b'operator=(AlignedBuffer&& o) noexcept'
rocksdb-main,../repos/rocksdb-main/util/async_file_reader.h,"(39, 70)-(39, 78)","b'MultiReadAsync(RandomAccessFileReader* file,\n...'"
rocksdb-main,../repos/rocksdb-main/util/async_file_reader.h,"(52, 72)-(52, 80)","b'ReadAwaiter(AsyncFileReader& reader, RandomAc...'"
rocksdb-main,../repos/rocksdb-main/util/async_file_reader.h,"(60, 24)-(60, 32)",b'await_ready() noexcept'
rocksdb-main,../repos/rocksdb-main/util/async_file_reader.h,"(66, 62)-(66, 70)",b'await_suspend(\n        folly::coro::impl::cor...'
rocksdb-main,../repos/rocksdb-main/util/async_file_reader.h,"(72, 25)-(72, 33)",b'await_resume() noexcept'
rocksdb-main,../repos/rocksdb-main/util/async_file_reader.h,"(104, 53)-(104, 61)","b'ReadOperation(AsyncFileReader& reader,\n      ...'"
rocksdb-main,../repos/rocksdb-main/util/autovector.h,"(331, 34)-(331, 42)",b'autovector(autovector&& other) noexcept'
rocksdb-main,../repos/rocksdb-main/util/cleanable.cc,"(25, 41)-(25, 49)",b'Cleanable::Cleanable(Cleanable&& other) noexcept'
rocksdb-main,../repos/rocksdb-main/util/cleanable.cc,"(27, 52)-(27, 60)",b'Cleanable::operator=(Cleanable&& other) noexcept'
rocksdb-main,../repos/rocksdb-main/util/cleanable.cc,"(126, 67)-(126, 75)",b'SharedCleanablePtr::SharedCleanablePtr(Shared...'
rocksdb-main,../repos/rocksdb-main/util/cleanable.cc,"(143, 32)-(143, 40)",b'SharedCleanablePtr::operator=(\n    SharedClea...'
rocksdb-main,../repos/rocksdb-main/util/compression.h,"(95, 58)-(95, 66)",b'ZSTDUncompressCachedData(ZSTDUncompressCached...'
rocksdb-main,../repos/rocksdb-main/util/compression.h,"(99, 69)-(99, 77)",b'operator=(ZSTDUncompressCachedData&& o) noexcept'
rocksdb-main,../repos/rocksdb-main/util/compression.h,"(145, 56)-(145, 64)",b'ZSTDUncompressCachedData(ZSTDUncompressCached...'
rocksdb-main,../repos/rocksdb-main/util/compression.h,"(146, 67)-(146, 75)",b'operator=(ZSTDUncompressCachedData&&) noexcept'
rocksdb-main,../repos/rocksdb-main/util/thread_guard.h,"(25, 30)-(25, 38)",b'ThreadGuard(ThreadGuard&&) noexcept'
rocksdb-main,../repos/rocksdb-main/util/thread_guard.h,"(26, 41)-(26, 49)",b'operator=(ThreadGuard&&) noexcept'
rocksdb-main,../repos/rocksdb-main/utilities/backup/backup_engine.cc,"(662, 52)-(662, 60)",b'CopyOrCreateWorkItem(CopyOrCreateWorkItem&& o...'
rocksdb-main,../repos/rocksdb-main/utilities/backup/backup_engine.cc,"(666, 63)-(666, 71)",b'operator=(CopyOrCreateWorkItem&& o) noexcept'
rocksdb-main,../repos/rocksdb-main/utilities/backup/backup_engine.cc,"(738, 46)-(738, 54)",b'BackupAfterCopyOrCreateWorkItem(\n        Back...'
rocksdb-main,../repos/rocksdb-main/utilities/backup/backup_engine.cc,"(743, 46)-(743, 54)",b'operator=(\n        BackupAfterCopyOrCreateWor...'
rocksdb-main,../repos/rocksdb-main/utilities/backup/backup_engine.cc,"(786, 47)-(786, 55)",b'RestoreAfterCopyOrCreateWorkItem(\n        Res...'
rocksdb-main,../repos/rocksdb-main/utilities/backup/backup_engine.cc,"(791, 47)-(791, 55)",b'operator=(\n        RestoreAfterCopyOrCreateWo...'
rocksdb-main,../repos/rocksdb-main/utilities/cassandra/format.h,"(154, 33)-(154, 41)",b'RowValue(RowValue&& /*that*/) noexcept'
rocksdb-main,../repos/rocksdb-main/utilities/persistent_cache/volatile_tier_impl.h,"(76, 41)-(76, 49)",b'CacheData(CacheData&& rhs) noexcept'
rocksdb-main,../repos/rocksdb-main/utilities/transactions/write_prepared_txn_db.h,"(382, 32)-(382, 40)",b'CommitEntry64b() noexcept'
