Repo name,File name,Location,Content
rocksdb-main,../repos/rocksdb-main/options/options_helper.cc,"(892, 3)-(932, 4)",b'try {\n    const std::string& opt_value = conf...'
rocksdb-main,../repos/rocksdb-main/port/win/env_win.cc,"(1301, 3)-(1310, 4)","b'try {\n    Thread th(&StartThreadWrapper, stat...'"
rocksdb-main,../repos/rocksdb-main/third-party/gtest-1.8.1/fused-src/gtest/gtest-all.cc,"(3934, 5)-(3951, 6)",b'try {\n      return HandleSehExceptionsInMetho...'
rocksdb-main,../repos/rocksdb-main/tools/ldb_cmd.cc,"(601, 5)-(610, 6)",b'try {\n      value = std::stod(itr->second);\n ...'
rocksdb-main,../repos/rocksdb-main/tools/ldb_cmd.cc,"(642, 5)-(651, 6)",b'try {\n      value = std::stoi(itr->second);\n ...'
rocksdb-main,../repos/rocksdb-main/tools/ldb_cmd.cc,"(2013, 5)-(2025, 6)",b'try {\n#if defined(CYGWIN)\n      max_keys_ = s...'
rocksdb-main,../repos/rocksdb-main/tools/ldb_cmd.cc,"(3089, 5)-(3101, 6)",b'try {\n#if defined(CYGWIN)\n      max_keys_scan...'
rocksdb-main,../repos/rocksdb-main/tools/ldb_cmd.cc,"(4308, 5)-(4320, 6)",b'try {\n#if defined(CYGWIN)\n      max_keys_ = s...'
rocksdb-main,../repos/rocksdb-main/tools/ldb_cmd_test.cc,"(85, 5)-(90, 6)",b'try {\n      ROCKSDB_NAMESPACE::LDBCommand::He...'
rocksdb-main,../repos/rocksdb-main/tools/sst_dump_tool.cc,"(258, 7)-(265, 8)",b'try {\n        in_key = ROCKSDB_NAMESPACE::LDB...'
rocksdb-main,../repos/rocksdb-main/util/thread_local_test.cc,"(562, 3)-(569, 4)",b'try {\n    ROCKSDB_NAMESPACE::port::Thread th(...'
rocksdb-main,../repos/rocksdb-main/utilities/backup/backup_engine.cc,"(1530, 7)-(1539, 8)",b'try {\n        options.exclude_files_callback(...'
rocksdb-main,../repos/rocksdb-main/utilities/backup/backup_engine.cc,"(2261, 9)-(2270, 10)",b'try {\n          progress_callback();\n        ...'
