Repo name,File name,Location,Content
rocksdb-main,../repos/rocksdb-main/db/merge_helper.h,"(65, 31)-(71, 52)",b'TimedFullMerge(const MergeOperator* merge_ope...'
rocksdb-main,../repos/rocksdb-main/db/merge_helper.h,"(80, 31)-(84, 76)",b'TimedFullMerge(\n      const MergeOperator* me...'
rocksdb-main,../repos/rocksdb-main/db/merge_helper.h,"(93, 31)-(97, 76)",b'TimedFullMerge(\n      const MergeOperator* me...'
rocksdb-main,../repos/rocksdb-main/db/merge_helper.h,"(117, 31)-(124, 52)",b'TimedFullMerge(const MergeOperator* merge_ope...'
rocksdb-main,../repos/rocksdb-main/env/env.cc,"(855, 9)-(855, 52)","b'Log(Logger* info_log, const char* format, ...)'"
rocksdb-main,../repos/rocksdb-main/env/env.cc,"(906, 9)-(907, 14)","b'Log(const InfoLogLevel log_level, Logger* inf...'"
rocksdb-main,../repos/rocksdb-main/env/env.cc,"(920, 12)-(920, 55)","b'Header(Logger* info_log, const char* format, ...)'"
rocksdb-main,../repos/rocksdb-main/env/env.cc,"(933, 11)-(933, 54)","b'Debug(Logger* info_log, const char* format, ...)'"
rocksdb-main,../repos/rocksdb-main/env/env.cc,"(946, 10)-(946, 53)","b'Info(Logger* info_log, const char* format, ...)'"
rocksdb-main,../repos/rocksdb-main/env/env.cc,"(959, 10)-(959, 53)","b'Warn(Logger* info_log, const char* format, ...)'"
rocksdb-main,../repos/rocksdb-main/env/env.cc,"(972, 11)-(972, 54)","b'Error(Logger* info_log, const char* format, ...)'"
rocksdb-main,../repos/rocksdb-main/env/env.cc,"(985, 11)-(985, 54)","b'Fatal(Logger* info_log, const char* format, ...)'"
rocksdb-main,../repos/rocksdb-main/env/env.cc,"(996, 9)-(997, 34)","b'Log(const InfoLogLevel log_level, const std::...'"
rocksdb-main,../repos/rocksdb-main/env/env.cc,"(1004, 12)-(1004, 78)",b'Header(const std::shared_ptr<Logger>& info_lo...'
rocksdb-main,../repos/rocksdb-main/env/env.cc,"(1011, 11)-(1011, 77)",b'Debug(const std::shared_ptr<Logger>& info_log...'
rocksdb-main,../repos/rocksdb-main/env/env.cc,"(1018, 10)-(1018, 76)","b'Info(const std::shared_ptr<Logger>& info_log,...'"
rocksdb-main,../repos/rocksdb-main/env/env.cc,"(1025, 10)-(1025, 76)","b'Warn(const std::shared_ptr<Logger>& info_log,...'"
rocksdb-main,../repos/rocksdb-main/env/env.cc,"(1032, 11)-(1032, 77)",b'Error(const std::shared_ptr<Logger>& info_log...'
rocksdb-main,../repos/rocksdb-main/env/env.cc,"(1039, 11)-(1039, 77)",b'Fatal(const std::shared_ptr<Logger>& info_log...'
rocksdb-main,../repos/rocksdb-main/env/env.cc,"(1046, 9)-(1046, 75)","b'Log(const std::shared_ptr<Logger>& info_log, ...'"
rocksdb-main,../repos/rocksdb-main/file/line_file_reader.h,"(29, 26)-(29, 42)",b'LineFileReader(Args&&... args)'
rocksdb-main,../repos/rocksdb-main/include/rocksdb/data_structure.h,"(40, 38)-(40, 72)","b'SmallEnumSet(const ENUM_TYPE e, TRest... rest)'"
rocksdb-main,../repos/rocksdb-main/include/rocksdb/data_structure.h,"(154, 30)-(155, 45)","b'With(const ENUM_TYPE e1, const ENUM_TYPE e2,\n...'"
rocksdb-main,../repos/rocksdb-main/include/rocksdb/data_structure.h,"(166, 33)-(167, 48)","b'Without(const ENUM_TYPE e1, const ENUM_TYPE e...'"
rocksdb-main,../repos/rocksdb-main/include/rocksdb/env.h,"(480, 24)-(480, 60)","b'StartThreadTyped(FunctionT function, Args&&.....'"
rocksdb-main,../repos/rocksdb-main/include/rocksdb/env.h,"(488, 38)-(488, 47)",b'(Args...)'
rocksdb-main,../repos/rocksdb-main/include/rocksdb/env.h,"(1307, 16)-(1309, 21)","b'Log(const InfoLogLevel log_level,\n           ...'"
rocksdb-main,../repos/rocksdb-main/include/rocksdb/env.h,"(1312, 19)-(1313, 24)",b'Header(const std::shared_ptr<Logger>& info_lo...'
rocksdb-main,../repos/rocksdb-main/include/rocksdb/env.h,"(1314, 18)-(1315, 23)",b'Debug(const std::shared_ptr<Logger>& info_log...'
rocksdb-main,../repos/rocksdb-main/include/rocksdb/env.h,"(1316, 17)-(1317, 22)","b'Info(const std::shared_ptr<Logger>& info_log,...'"
rocksdb-main,../repos/rocksdb-main/include/rocksdb/env.h,"(1318, 17)-(1319, 22)","b'Warn(const std::shared_ptr<Logger>& info_log,...'"
rocksdb-main,../repos/rocksdb-main/include/rocksdb/env.h,"(1320, 18)-(1321, 23)",b'Error(const std::shared_ptr<Logger>& info_log...'
rocksdb-main,../repos/rocksdb-main/include/rocksdb/env.h,"(1322, 18)-(1323, 23)",b'Fatal(const std::shared_ptr<Logger>& info_log...'
rocksdb-main,../repos/rocksdb-main/include/rocksdb/env.h,"(1327, 16)-(1328, 21)","b'Log(const std::shared_ptr<Logger>& info_log, ...'"
rocksdb-main,../repos/rocksdb-main/include/rocksdb/env.h,"(1332, 16)-(1333, 41)","b'Log(const InfoLogLevel log_level, Logger* inf...'"
rocksdb-main,../repos/rocksdb-main/include/rocksdb/env.h,"(1336, 16)-(1336, 59)","b'Log(Logger* info_log, const char* format, ...)'"
rocksdb-main,../repos/rocksdb-main/include/rocksdb/env.h,"(1340, 19)-(1340, 62)","b'Header(Logger* info_log, const char* format, ...)'"
rocksdb-main,../repos/rocksdb-main/include/rocksdb/env.h,"(1342, 18)-(1342, 61)","b'Debug(Logger* info_log, const char* format, ...)'"
rocksdb-main,../repos/rocksdb-main/include/rocksdb/env.h,"(1344, 17)-(1344, 60)","b'Info(Logger* info_log, const char* format, ...)'"
rocksdb-main,../repos/rocksdb-main/include/rocksdb/env.h,"(1346, 17)-(1346, 60)","b'Warn(Logger* info_log, const char* format, ...)'"
rocksdb-main,../repos/rocksdb-main/include/rocksdb/env.h,"(1348, 18)-(1348, 61)","b'Error(Logger* info_log, const char* format, ...)'"
rocksdb-main,../repos/rocksdb-main/include/rocksdb/env.h,"(1350, 18)-(1350, 61)","b'Fatal(Logger* info_log, const char* format, ...)'"
rocksdb-main,../repos/rocksdb-main/include/rocksdb/functor_wrapper.h,"(33, 10)-(33, 52)","b'call(Function f, Tuple t, IndexSequence<I...>)'"
rocksdb-main,../repos/rocksdb-main/include/rocksdb/functor_wrapper.h,"(47, 26)-(47, 80)",b'FunctorWrapper(std::function<void(Args...)> f...'
rocksdb-main,../repos/rocksdb-main/include/rocksdb/functor_wrapper.h,"(47, 45)-(47, 54)",b'(Args...)'
rocksdb-main,../repos/rocksdb-main/include/rocksdb/functor_wrapper.h,"(53, 21)-(53, 30)",b'(Args...)'
rocksdb-main,../repos/rocksdb-main/logging/auto_roll_logger.cc,"(181, 33)-(181, 58)",b'AutoRollLogger::LogInternal(const char* forma...'
rocksdb-main,../repos/rocksdb-main/logging/auto_roll_logger.h,"(127, 19)-(127, 44)","b'LogInternal(const char* format, ...)'"
rocksdb-main,../repos/rocksdb-main/logging/log_buffer.cc,"(72, 17)-(73, 22)","b'LogToBuffer(LogBuffer* log_buffer, size_t max...'"
rocksdb-main,../repos/rocksdb-main/logging/log_buffer.cc,"(82, 17)-(82, 65)","b'LogToBuffer(LogBuffer* log_buffer, const char...'"
rocksdb-main,../repos/rocksdb-main/logging/log_buffer.h,"(52, 24)-(53, 49)","b'LogToBuffer(LogBuffer* log_buffer, size_t max...'"
rocksdb-main,../repos/rocksdb-main/logging/log_buffer.h,"(55, 24)-(55, 72)","b'LogToBuffer(LogBuffer* log_buffer, const char...'"
rocksdb-main,../repos/rocksdb-main/port/win/win_thread.h,"(72, 25)-(72, 48)","b'WindowsThread(Fn&& fx, Args&&... ax)'"
rocksdb-main,../repos/rocksdb-main/third-party/gtest-1.8.1/fused-src/gtest/gtest-all.cc,"(3947, 13)-(3947, 18)",b'catch (...) {  // NOLINT\n      internal::Repo...'
rocksdb-main,../repos/rocksdb-main/third-party/gtest-1.8.1/fused-src/gtest/gtest-all.cc,"(4480, 26)-(4480, 66)","b'ColoredPrintf(GTestColor color, const char* f...'"
rocksdb-main,../repos/rocksdb-main/third-party/gtest-1.8.1/fused-src/gtest/gtest.h,"(8017, 27)-(8017, 32)",b'IsNullLiteralHelper(...)'
rocksdb-main,../repos/rocksdb-main/third-party/gtest-1.8.1/fused-src/gtest/gtest.h,"(8780, 23)-(8780, 28)",b'Helper(...)'
rocksdb-main,../repos/rocksdb-main/third-party/gtest-1.8.1/fused-src/gtest/gtest.h,"(8871, 18)-(8871, 44)","b'test(typename U::hasher*, ...)'"
rocksdb-main,../repos/rocksdb-main/third-party/gtest-1.8.1/fused-src/gtest/gtest.h,"(8873, 19)-(8873, 24)",b'test(...)'
rocksdb-main,../repos/rocksdb-main/third-party/gtest-1.8.1/fused-src/gtest/gtest.h,"(11044, 13)-(11044, 66)","b'PrintTo(const ::std::tuple<Types...>& t, ::st...'"
rocksdb-main,../repos/rocksdb-main/third-party/gtest-1.8.1/fused-src/gtest/gtest.h,"(11111, 20)-(11111, 76)","b'Print(const ::absl::variant<T...>& value, ::s...'"
rocksdb-main,../repos/rocksdb-main/tools/db_bench_tool.cc,"(4035, 39)-(4036, 53)","b'ChecksumBenchmark(FnType fn, ThreadState* thr...'"
rocksdb-main,../repos/rocksdb-main/tools/ldb_cmd_test.cc,"(89, 13)-(89, 18)",b'catch (...) {\n    }'
rocksdb-main,../repos/rocksdb-main/tools/sst_dump_tool.cc,"(260, 15)-(260, 20)","b'catch (...) {\n        std::cerr << ""ERROR: In...'"
rocksdb-main,../repos/rocksdb-main/util/autovector.h,"(289, 25)-(289, 41)",b'emplace_back(Args&&... args)'
rocksdb-main,../repos/rocksdb-main/util/autovector.h,"(298, 20)-(298, 36)",b'emplace_back(Args&&... args)'
rocksdb-main,../repos/rocksdb-main/util/crc32c.cc,"(1192, 58)-(1193, 28)",b'operator()(\n      index_sequence<i...>) const'
rocksdb-main,../repos/rocksdb-main/util/overload.h,"(21, 9)-(21, 16)",b'overload(Ts...) -> overload<Ts...>'
rocksdb-main,../repos/rocksdb-main/utilities/backup/backup_engine.cc,"(1537, 15)-(1537, 20)",b'catch (...) {\n        io_s = IOStatus::Aborte...'
rocksdb-main,../repos/rocksdb-main/utilities/backup/backup_engine.cc,"(2267, 17)-(2267, 22)",b'catch (...) {\n          io_s = IOStatus::Abor...'
rocksdb-main,../repos/rocksdb-main/utilities/write_batch_with_index/write_batch_with_index_internal.h,"(393, 40)-(396, 61)",b'MergeKeyWithNoBaseValue(ColumnFamilyHandle* c...'
rocksdb-main,../repos/rocksdb-main/utilities/write_batch_with_index/write_batch_with_index_internal.h,"(416, 38)-(420, 59)",b'MergeKeyWithBaseValue(ColumnFamilyHandle* col...'
