Repo name,File name,Location,Content
rocksdb-main,../repos/rocksdb-main/cache/cache_reservation_manager.h,"(33, 3)-(36, 4)",b'class CacheReservationHandle {\n   public:\n   ...'
rocksdb-main,../repos/rocksdb-main/cache/tiered_secondary_cache.h,"(78, 3)-(123, 4)",b'class ResultHandle : public SecondaryCacheRes...'
rocksdb-main,../repos/rocksdb-main/cache/tiered_secondary_cache_test.cc,"(135, 3)-(167, 4)",b'class TestSecondaryCacheResultHandle : public...'
rocksdb-main,../repos/rocksdb-main/db/db_with_timestamp_test_util.h,"(30, 3)-(108, 4)",b'class TestComparator : public Comparator {\n  ...'
rocksdb-main,../repos/rocksdb-main/db/log_test.cc,"(55, 3)-(125, 4)",b'class StringSource : public FSSequentialFile ...'
rocksdb-main,../repos/rocksdb-main/db/log_test.cc,"(127, 3)-(137, 4)",b'class ReportCollector : public Reader::Report...'
rocksdb-main,../repos/rocksdb-main/db/version_builder.cc,"(40, 3)-(55, 4)",b'class NewestFirstByEpochNumber {\n   private:\n...'
rocksdb-main,../repos/rocksdb-main/db/version_builder.cc,"(56, 3)-(76, 4)",b'class BySmallestKey {\n   public:\n    explicit...'
rocksdb-main,../repos/rocksdb-main/db/version_builder.cc,"(87, 3)-(152, 4)",b'class BlobFileMetaDataDelta {\n   public:\n    ...'
rocksdb-main,../repos/rocksdb-main/db/version_builder.cc,"(159, 3)-(231, 4)",b'class MutableBlobFileMetaData {\n   public:\n  ...'
rocksdb-main,../repos/rocksdb-main/db_stress_tool/multi_ops_txns_stress.h,"(112, 3)-(192, 4)",b'class Record {\n   public:\n    static constexp...'
rocksdb-main,../repos/rocksdb-main/db_stress_tool/multi_ops_txns_stress.h,"(294, 3)-(300, 4)",b'class Counter {\n   public:\n    uint64_t Next(...'
rocksdb-main,../repos/rocksdb-main/db_stress_tool/multi_ops_txns_stress.h,"(303, 3)-(339, 4)",b'class KeyGenerator {\n   public:\n    explicit ...'
rocksdb-main,../repos/rocksdb-main/include/rocksdb/data_structure.h,"(70, 3)-(117, 4)",b'class const_iterator {\n   public:\n    // copy...'
rocksdb-main,../repos/rocksdb-main/include/rocksdb/iterator.h,"(122, 32)-(122, 46)",b'class Snapshot'
rocksdb-main,../repos/rocksdb-main/logging/env_logger.h,"(53, 3)-(72, 4)",b'class FileOpGuard {\n   public:\n    explicit F...'
rocksdb-main,../repos/rocksdb-main/memtable/hash_linklist_rep.cc,"(263, 3)-(325, 4)",b'class FullListIterator : public MemTableRep::...'
rocksdb-main,../repos/rocksdb-main/memtable/hash_linklist_rep.cc,"(327, 3)-(406, 4)",b'class LinkListIterator : public MemTableRep::...'
rocksdb-main,../repos/rocksdb-main/memtable/hash_linklist_rep.cc,"(408, 3)-(479, 4)",b'class DynamicIterator : public HashLinkListRe...'
rocksdb-main,../repos/rocksdb-main/memtable/hash_linklist_rep.cc,"(481, 3)-(501, 4)",b'class EmptyIterator : public MemTableRep::Ite...'
rocksdb-main,../repos/rocksdb-main/memtable/hash_skiplist_rep.cc,"(79, 3)-(171, 4)",b'class Iterator : public MemTableRep::Iterator...'
rocksdb-main,../repos/rocksdb-main/memtable/hash_skiplist_rep.cc,"(173, 3)-(205, 4)",b'class DynamicIterator : public HashSkipListRe...'
rocksdb-main,../repos/rocksdb-main/memtable/hash_skiplist_rep.cc,"(207, 3)-(227, 4)",b'class EmptyIterator : public MemTableRep::Ite...'
rocksdb-main,../repos/rocksdb-main/memtable/inlineskiplist.h,"(150, 3)-(197, 4)",b'class Iterator {\n   public:\n    // Initialize...'
rocksdb-main,../repos/rocksdb-main/memtable/skiplist.h,"(71, 3)-(115, 4)",b'class Iterator {\n   public:\n    // Initialize...'
rocksdb-main,../repos/rocksdb-main/memtable/skiplistrep.cc,"(167, 3)-(224, 4)",b'class Iterator : public MemTableRep::Iterator...'
rocksdb-main,../repos/rocksdb-main/memtable/skiplistrep.cc,"(230, 3)-(324, 4)",b'class LookaheadIterator : public MemTableRep:...'
rocksdb-main,../repos/rocksdb-main/memtable/vectorrep.cc,"(45, 3)-(92, 4)",b'class Iterator : public MemTableRep::Iterator...'
rocksdb-main,../repos/rocksdb-main/memtable/vectorrep.cc,"(46, 5)-(46, 20)",b'class VectorRep'
rocksdb-main,../repos/rocksdb-main/memtable/vectorrep.cc,"(55, 23)-(55, 38)",b'class VectorRep'
rocksdb-main,../repos/rocksdb-main/table/compaction_merging_iterator.cc,"(165, 3)-(185, 4)",b'class CompactionHeapItemComparator {\n   publi...'
rocksdb-main,../repos/rocksdb-main/table/merging_iterator.cc,"(511, 3)-(534, 4)",b'class MinHeapItemComparator {\n   public:\n    ...'
rocksdb-main,../repos/rocksdb-main/table/merging_iterator.cc,"(536, 3)-(559, 4)",b'class MaxHeapItemComparator {\n   public:\n    ...'
rocksdb-main,../repos/rocksdb-main/test_util/secondary_cache_test_util.h,"(28, 3)-(42, 4)",b'class TestItem {\n   public:\n    TestItem(cons...'
rocksdb-main,../repos/rocksdb-main/test_util/testharness.h,"(105, 3)-(105, 13)",b'class Impl'
rocksdb-main,../repos/rocksdb-main/third-party/gtest-1.8.1/fused-src/gtest/gtest.h,"(11093, 1)-(11104, 2)",b'class UniversalPrinter<::absl::optional<T>> {...'
rocksdb-main,../repos/rocksdb-main/third-party/gtest-1.8.1/fused-src/gtest/gtest.h,"(11109, 1)-(11126, 2)",b'class UniversalPrinter<::absl::variant<T...>>...'
rocksdb-main,../repos/rocksdb-main/third-party/gtest-1.8.1/fused-src/gtest/gtest.h,"(11164, 1)-(11171, 2)",b'class UniversalPrinter<T[N]> {\n public:\n  // ...'
rocksdb-main,../repos/rocksdb-main/third-party/gtest-1.8.1/fused-src/gtest/gtest.h,"(11175, 1)-(11395, 2)",b'class UniversalPrinter<T&> {\n public:\n  // MS...'
rocksdb-main,../repos/rocksdb-main/third-party/gtest-1.8.1/fused-src/gtest/gtest.h,"(11198, 1)-(11203, 2)",b'class UniversalTersePrinter {\n public:\n  stat...'
rocksdb-main,../repos/rocksdb-main/third-party/gtest-1.8.1/fused-src/gtest/gtest.h,"(11205, 1)-(11210, 2)",b'class UniversalTersePrinter<T&> {\n public:\n  ...'
rocksdb-main,../repos/rocksdb-main/third-party/gtest-1.8.1/fused-src/gtest/gtest.h,"(11212, 1)-(11217, 2)",b'class UniversalTersePrinter<T[N]> {\n public:\n...'
rocksdb-main,../repos/rocksdb-main/third-party/gtest-1.8.1/fused-src/gtest/gtest.h,"(11219, 1)-(11228, 2)",b'class UniversalTersePrinter<const char*> {\n p...'
rocksdb-main,../repos/rocksdb-main/third-party/gtest-1.8.1/fused-src/gtest/gtest.h,"(11230, 1)-(11235, 2)",b'class UniversalTersePrinter<char*> {\n public:...'
rocksdb-main,../repos/rocksdb-main/third-party/gtest-1.8.1/fused-src/gtest/gtest.h,"(11239, 1)-(11248, 2)",b'class UniversalTersePrinter<const wchar_t*> {...'
rocksdb-main,../repos/rocksdb-main/third-party/gtest-1.8.1/fused-src/gtest/gtest.h,"(11252, 1)-(11257, 2)",b'class UniversalTersePrinter<wchar_t*> {\n publ...'
rocksdb-main,../repos/rocksdb-main/third-party/gtest-1.8.1/fused-src/gtest/gtest.h,"(11632, 3)-(11674, 4)",b'class Iterator : public ParamIteratorInterfac...'
rocksdb-main,../repos/rocksdb-main/third-party/gtest-1.8.1/fused-src/gtest/gtest.h,"(11719, 3)-(11774, 4)",b'class Iterator : public ParamIteratorInterfac...'
rocksdb-main,../repos/rocksdb-main/third-party/gtest-1.8.1/fused-src/gtest/gtest.h,"(15724, 3)-(15810, 4)",b'class Iterator : public ParamIteratorInterfac...'
rocksdb-main,../repos/rocksdb-main/third-party/gtest-1.8.1/fused-src/gtest/gtest.h,"(15840, 3)-(15941, 4)",b'class Iterator : public ParamIteratorInterfac...'
rocksdb-main,../repos/rocksdb-main/third-party/gtest-1.8.1/fused-src/gtest/gtest.h,"(15974, 3)-(16091, 4)",b'class Iterator : public ParamIteratorInterfac...'
rocksdb-main,../repos/rocksdb-main/third-party/gtest-1.8.1/fused-src/gtest/gtest.h,"(16125, 3)-(16257, 4)",b'class Iterator : public ParamIteratorInterfac...'
rocksdb-main,../repos/rocksdb-main/third-party/gtest-1.8.1/fused-src/gtest/gtest.h,"(16295, 3)-(16442, 4)",b'class Iterator : public ParamIteratorInterfac...'
rocksdb-main,../repos/rocksdb-main/third-party/gtest-1.8.1/fused-src/gtest/gtest.h,"(16482, 3)-(16644, 4)",b'class Iterator : public ParamIteratorInterfac...'
rocksdb-main,../repos/rocksdb-main/third-party/gtest-1.8.1/fused-src/gtest/gtest.h,"(16688, 3)-(16865, 4)",b'class Iterator : public ParamIteratorInterfac...'
rocksdb-main,../repos/rocksdb-main/third-party/gtest-1.8.1/fused-src/gtest/gtest.h,"(16910, 3)-(17103, 4)",b'class Iterator : public ParamIteratorInterfac...'
rocksdb-main,../repos/rocksdb-main/third-party/gtest-1.8.1/fused-src/gtest/gtest.h,"(17150, 3)-(17358, 4)",b'class Iterator : public ParamIteratorInterfac...'
rocksdb-main,../repos/rocksdb-main/util/autovector.h,"(53, 3)-(163, 4)",b'class iterator_impl {\n   public:\n    // -- it...'
rocksdb-main,../repos/rocksdb-main/util/thread_local.h,"(92, 3)-(92, 19)",b'class StaticMeta'
rocksdb-main,../repos/rocksdb-main/util/timer_queue.h,"(224, 3)-(228, 4)",b'class Queue : public std::priority_queue<Work...'
rocksdb-main,../repos/rocksdb-main/util/udt_util_test.cc,"(28, 3)-(97, 4)",b'class KeyCollector : public WriteBatch::Handl...'
rocksdb-main,../repos/rocksdb-main/utilities/agg_merge/agg_merge_impl.h,"(37, 3)-(37, 20)",b'class Accumulator'
rocksdb-main,../repos/rocksdb-main/utilities/backup/backup_engine.cc,"(280, 3)-(367, 4)",b'class RemapSharedFileSystem : public RemapFil...'
rocksdb-main,../repos/rocksdb-main/utilities/backup/backup_engine.cc,"(369, 3)-(501, 4)",b'class BackupMeta {\n   public:\n    BackupMeta(...'
rocksdb-main,../repos/rocksdb-main/utilities/fault_injection_secondary_cache.h,"(67, 3)-(93, 4)",b'class ResultHandle : public SecondaryCacheRes...'
rocksdb-main,../repos/rocksdb-main/utilities/transactions/lock/lock_tracker.h,"(155, 3)-(166, 4)",b'class ColumnFamilyIterator {\n   public:\n    v...'
rocksdb-main,../repos/rocksdb-main/utilities/transactions/lock/lock_tracker.h,"(176, 3)-(187, 4)",b'class KeyIterator {\n   public:\n    virtual ~K...'
rocksdb-main,../repos/rocksdb-main/utilities/transactions/lock/range/range_tree/lib/locktree/concurrent_tree.h,"(78, 3)-(150, 4)",b'class locked_keyrange {\n   public:\n    // eff...'
rocksdb-main,../repos/rocksdb-main/utilities/transactions/lock/range/range_tree/lib/locktree/range_buffer.h,"(95, 3)-(144, 4)",b'class iterator {\n   public:\n    iterator();\n ...'
rocksdb-main,../repos/rocksdb-main/utilities/transactions/lock/range/range_tree/lib/locktree/range_buffer.h,"(103, 5)-(124, 6)",b'class record {\n     public:\n      // get a re...'
rocksdb-main,../repos/rocksdb-main/utilities/transactions/lock/range/range_tree/lib/util/memarena.h,"(105, 3)-(124, 4)",b'class chunk_iterator {\n   public:\n    chunk_i...'
rocksdb-main,../repos/rocksdb-main/utilities/transactions/write_prepared_txn_db.h,"(540, 3)-(621, 4)",b'class PreparedHeap {\n    // The mutex is requ...'
