Repo name,File name,Location,Content
rocksdb-main,../repos/rocksdb-main/cache/cache_bench_tool.cc,"(40, 1)-(40, 47)",b'using GFLAGS_NAMESPACE::ParseCommandLineFlags;'
rocksdb-main,../repos/rocksdb-main/cache/compressed_secondary_cache_test.cc,"(24, 1)-(24, 55)",b'using secondary_cache_test_util::GetTestingCa...'
rocksdb-main,../repos/rocksdb-main/cache/compressed_secondary_cache_test.cc,"(25, 1)-(25, 48)",b'using secondary_cache_test_util::WithCacheType;'
rocksdb-main,../repos/rocksdb-main/cache/compressed_secondary_cache_test.cc,"(980, 1)-(980, 48)",b'using secondary_cache_test_util::WithCacheType;'
rocksdb-main,../repos/rocksdb-main/cache/compressed_secondary_cache_test.cc,"(988, 3)-(988, 60)",b'using secondary_cache_test_util::WithCacheTyp...'
rocksdb-main,../repos/rocksdb-main/cache/lru_cache_test.cc,"(1215, 1)-(1215, 55)",b'using secondary_cache_test_util::GetTestingCa...'
rocksdb-main,../repos/rocksdb-main/cache/lru_cache_test.cc,"(1216, 1)-(1216, 53)",b'using secondary_cache_test_util::WithCacheTyp...'
rocksdb-main,../repos/rocksdb-main/cache/lru_cache_test.cc,"(2088, 3)-(2088, 36)",b'using CacheWrapper::CacheWrapper;'
rocksdb-main,../repos/rocksdb-main/cache/secondary_cache_adapter.h,"(35, 3)-(35, 24)",b'using Cache::Release;'
rocksdb-main,../repos/rocksdb-main/cache/sharded_cache.h,"(105, 3)-(105, 25)",b'using Cache::GetUsage;'
rocksdb-main,../repos/rocksdb-main/cache/sharded_cache.h,"(225, 3)-(225, 36)",b'using ShardedCacheBase::GetUsage;'
rocksdb-main,../repos/rocksdb-main/cache/typed_cache.h,"(83, 3)-(83, 58)",b'using BaseCacheInterface<CachePtr>::BaseCache...'
rocksdb-main,../repos/rocksdb-main/cache/typed_cache.h,"(151, 3)-(151, 62)",b'using typename BasicTypedCacheHelperFns<TValu...'
rocksdb-main,../repos/rocksdb-main/cache/typed_cache.h,"(153, 3)-(153, 62)","b'using BasicTypedCacheHelper<TValue, kRole>::G...'"
rocksdb-main,../repos/rocksdb-main/cache/typed_cache.h,"(155, 3)-(155, 58)",b'using BaseCacheInterface<CachePtr>::BaseCache...'
rocksdb-main,../repos/rocksdb-main/cache/typed_cache.h,"(217, 3)-(217, 62)",b'using typename BasicTypedCacheHelperFns<TValu...'
rocksdb-main,../repos/rocksdb-main/cache/typed_cache.h,"(218, 3)-(218, 57)",b'using BasicTypedCacheHelperFns<TValue>::DownC...'
rocksdb-main,../repos/rocksdb-main/cache/typed_cache.h,"(219, 3)-(219, 55)",b'using BasicTypedCacheHelperFns<TValue>::UpCas...'
rocksdb-main,../repos/rocksdb-main/cache/typed_cache.h,"(291, 3)-(291, 81)",b'using typename BasicTypedCacheInterface<TValu...'
rocksdb-main,../repos/rocksdb-main/cache/typed_cache.h,"(292, 3)-(293, 77)",b'using typename BasicTypedCacheInterface<TValu...'
rocksdb-main,../repos/rocksdb-main/cache/typed_cache.h,"(294, 3)-(294, 62)",b'using typename BasicTypedCacheHelperFns<TValu...'
rocksdb-main,../repos/rocksdb-main/cache/typed_cache.h,"(295, 3)-(295, 62)","b'using BasicTypedCacheHelper<TValue, kRole>::G...'"
rocksdb-main,../repos/rocksdb-main/cache/typed_cache.h,"(296, 3)-(296, 76)","b'using FullTypedCacheHelper<TValue, TCreateCon...'"
rocksdb-main,../repos/rocksdb-main/cache/typed_cache.h,"(297, 3)-(297, 55)",b'using BasicTypedCacheHelperFns<TValue>::UpCas...'
rocksdb-main,../repos/rocksdb-main/cache/typed_cache.h,"(298, 3)-(298, 57)",b'using BasicTypedCacheHelperFns<TValue>::DownC...'
rocksdb-main,../repos/rocksdb-main/cache/typed_cache.h,"(300, 3)-(301, 70)","b'using BasicTypedCacheInterface<TValue, kRole,...'"
rocksdb-main,../repos/rocksdb-main/db/c.cc,"(51, 1)-(51, 39)",b'using ROCKSDB_NAMESPACE::BackupEngine;'
rocksdb-main,../repos/rocksdb-main/db/c.cc,"(52, 1)-(52, 46)",b'using ROCKSDB_NAMESPACE::BackupEngineOptions;'
rocksdb-main,../repos/rocksdb-main/db/c.cc,"(53, 1)-(53, 35)",b'using ROCKSDB_NAMESPACE::BackupID;'
rocksdb-main,../repos/rocksdb-main/db/c.cc,"(54, 1)-(54, 37)",b'using ROCKSDB_NAMESPACE::BackupInfo;'
rocksdb-main,../repos/rocksdb-main/db/c.cc,"(55, 1)-(55, 38)",b'using ROCKSDB_NAMESPACE::BatchResult;'
rocksdb-main,../repos/rocksdb-main/db/c.cc,"(56, 1)-(56, 49)",b'using ROCKSDB_NAMESPACE::BlockBasedTableOptions;'
rocksdb-main,../repos/rocksdb-main/db/c.cc,"(57, 1)-(57, 52)",b'using ROCKSDB_NAMESPACE::BottommostLevelCompa...'
rocksdb-main,../repos/rocksdb-main/db/c.cc,"(58, 1)-(58, 45)",b'using ROCKSDB_NAMESPACE::BytewiseComparator;'
rocksdb-main,../repos/rocksdb-main/db/c.cc,"(59, 1)-(59, 32)",b'using ROCKSDB_NAMESPACE::Cache;'
rocksdb-main,../repos/rocksdb-main/db/c.cc,"(60, 1)-(60, 37)",b'using ROCKSDB_NAMESPACE::Checkpoint;'
rocksdb-main,../repos/rocksdb-main/db/c.cc,"(61, 1)-(61, 49)",b'using ROCKSDB_NAMESPACE::ColumnFamilyDescriptor;'
rocksdb-main,../repos/rocksdb-main/db/c.cc,"(62, 1)-(62, 45)",b'using ROCKSDB_NAMESPACE::ColumnFamilyHandle;'
rocksdb-main,../repos/rocksdb-main/db/c.cc,"(63, 1)-(63, 47)",b'using ROCKSDB_NAMESPACE::ColumnFamilyMetaData;'
rocksdb-main,../repos/rocksdb-main/db/c.cc,"(64, 1)-(64, 46)",b'using ROCKSDB_NAMESPACE::ColumnFamilyOptions;'
rocksdb-main,../repos/rocksdb-main/db/c.cc,"(65, 1)-(65, 43)",b'using ROCKSDB_NAMESPACE::CompactionFilter;'
rocksdb-main,../repos/rocksdb-main/db/c.cc,"(66, 1)-(66, 50)",b'using ROCKSDB_NAMESPACE::CompactionFilterFactory;'
rocksdb-main,../repos/rocksdb-main/db/c.cc,"(67, 1)-(67, 48)",b'using ROCKSDB_NAMESPACE::CompactionOptionsFIFO;'
rocksdb-main,../repos/rocksdb-main/db/c.cc,"(68, 1)-(68, 46)",b'using ROCKSDB_NAMESPACE::CompactRangeOptions;'
rocksdb-main,../repos/rocksdb-main/db/c.cc,"(69, 1)-(69, 37)",b'using ROCKSDB_NAMESPACE::Comparator;'
rocksdb-main,../repos/rocksdb-main/db/c.cc,"(70, 1)-(70, 42)",b'using ROCKSDB_NAMESPACE::CompressionType;'
rocksdb-main,../repos/rocksdb-main/db/c.cc,"(71, 1)-(71, 40)",b'using ROCKSDB_NAMESPACE::ConfigOptions;'
rocksdb-main,../repos/rocksdb-main/db/c.cc,"(72, 1)-(72, 45)",b'using ROCKSDB_NAMESPACE::CuckooTableOptions;'
rocksdb-main,../repos/rocksdb-main/db/c.cc,"(73, 1)-(73, 29)",b'using ROCKSDB_NAMESPACE::DB;'
rocksdb-main,../repos/rocksdb-main/db/c.cc,"(74, 1)-(74, 36)",b'using ROCKSDB_NAMESPACE::DBOptions;'
rocksdb-main,../repos/rocksdb-main/db/c.cc,"(75, 1)-(75, 33)",b'using ROCKSDB_NAMESPACE::DbPath;'
rocksdb-main,../repos/rocksdb-main/db/c.cc,"(76, 1)-(76, 30)",b'using ROCKSDB_NAMESPACE::Env;'
rocksdb-main,../repos/rocksdb-main/db/c.cc,"(77, 1)-(77, 37)",b'using ROCKSDB_NAMESPACE::EnvOptions;'
rocksdb-main,../repos/rocksdb-main/db/c.cc,"(78, 1)-(78, 35)",b'using ROCKSDB_NAMESPACE::FileLock;'
rocksdb-main,../repos/rocksdb-main/db/c.cc,"(79, 1)-(79, 39)",b'using ROCKSDB_NAMESPACE::FilterPolicy;'
rocksdb-main,../repos/rocksdb-main/db/c.cc,"(80, 1)-(80, 39)",b'using ROCKSDB_NAMESPACE::FlushOptions;'
rocksdb-main,../repos/rocksdb-main/db/c.cc,"(81, 1)-(81, 40)",b'using ROCKSDB_NAMESPACE::HistogramData;'
rocksdb-main,../repos/rocksdb-main/db/c.cc,"(82, 1)-(82, 49)",b'using ROCKSDB_NAMESPACE::HyperClockCacheOptions;'
rocksdb-main,../repos/rocksdb-main/db/c.cc,"(83, 1)-(83, 39)",b'using ROCKSDB_NAMESPACE::InfoLogLevel;'
rocksdb-main,../repos/rocksdb-main/db/c.cc,"(84, 1)-(84, 52)",b'using ROCKSDB_NAMESPACE::IngestExternalFileOp...'
rocksdb-main,../repos/rocksdb-main/db/c.cc,"(85, 1)-(85, 35)",b'using ROCKSDB_NAMESPACE::Iterator;'
rocksdb-main,../repos/rocksdb-main/db/c.cc,"(86, 1)-(86, 40)",b'using ROCKSDB_NAMESPACE::LevelMetaData;'
rocksdb-main,../repos/rocksdb-main/db/c.cc,"(87, 1)-(87, 43)",b'using ROCKSDB_NAMESPACE::LiveFileMetaData;'
rocksdb-main,../repos/rocksdb-main/db/c.cc,"(88, 1)-(88, 33)",b'using ROCKSDB_NAMESPACE::Logger;'
rocksdb-main,../repos/rocksdb-main/db/c.cc,"(89, 1)-(89, 42)",b'using ROCKSDB_NAMESPACE::LRUCacheOptions;'
rocksdb-main,../repos/rocksdb-main/db/c.cc,"(90, 1)-(90, 42)",b'using ROCKSDB_NAMESPACE::MemoryAllocator;'
rocksdb-main,../repos/rocksdb-main/db/c.cc,"(91, 1)-(91, 37)",b'using ROCKSDB_NAMESPACE::MemoryUtil;'
rocksdb-main,../repos/rocksdb-main/db/c.cc,"(92, 1)-(92, 40)",b'using ROCKSDB_NAMESPACE::MergeOperator;'
rocksdb-main,../repos/rocksdb-main/db/c.cc,"(93, 1)-(93, 47)",b'using ROCKSDB_NAMESPACE::NewBloomFilterPolicy;'
rocksdb-main,../repos/rocksdb-main/db/c.cc,"(94, 1)-(94, 63)",b'using ROCKSDB_NAMESPACE::NewCompactOnDeletion...'
rocksdb-main,../repos/rocksdb-main/db/c.cc,"(95, 1)-(95, 48)",b'using ROCKSDB_NAMESPACE::NewGenericRateLimiter;'
rocksdb-main,../repos/rocksdb-main/db/c.cc,"(96, 1)-(96, 38)",b'using ROCKSDB_NAMESPACE::NewLRUCache;'
rocksdb-main,../repos/rocksdb-main/db/c.cc,"(97, 1)-(97, 48)",b'using ROCKSDB_NAMESPACE::NewRibbonFilterPolicy;'
rocksdb-main,../repos/rocksdb-main/db/c.cc,"(98, 1)-(98, 50)",b'using ROCKSDB_NAMESPACE::OptimisticTransactionDB;'
rocksdb-main,../repos/rocksdb-main/db/c.cc,"(99, 1)-(99, 55)",b'using ROCKSDB_NAMESPACE::OptimisticTransactio...'
rocksdb-main,../repos/rocksdb-main/db/c.cc,"(100, 1)-(100, 34)",b'using ROCKSDB_NAMESPACE::Options;'
rocksdb-main,../repos/rocksdb-main/db/c.cc,"(101, 1)-(101, 38)",b'using ROCKSDB_NAMESPACE::PerfContext;'
rocksdb-main,../repos/rocksdb-main/db/c.cc,"(102, 1)-(102, 36)",b'using ROCKSDB_NAMESPACE::PerfLevel;'
rocksdb-main,../repos/rocksdb-main/db/c.cc,"(103, 1)-(103, 40)",b'using ROCKSDB_NAMESPACE::PinnableSlice;'
rocksdb-main,../repos/rocksdb-main/db/c.cc,"(104, 1)-(104, 47)",b'using ROCKSDB_NAMESPACE::PrepopulateBlobCache;'
rocksdb-main,../repos/rocksdb-main/db/c.cc,"(105, 1)-(105, 43)",b'using ROCKSDB_NAMESPACE::RandomAccessFile;'
rocksdb-main,../repos/rocksdb-main/db/c.cc,"(106, 1)-(106, 32)",b'using ROCKSDB_NAMESPACE::Range;'
rocksdb-main,../repos/rocksdb-main/db/c.cc,"(107, 1)-(107, 38)",b'using ROCKSDB_NAMESPACE::RateLimiter;'
rocksdb-main,../repos/rocksdb-main/db/c.cc,"(108, 1)-(108, 38)",b'using ROCKSDB_NAMESPACE::ReadOptions;'
rocksdb-main,../repos/rocksdb-main/db/c.cc,"(109, 1)-(109, 41)",b'using ROCKSDB_NAMESPACE::RestoreOptions;'
rocksdb-main,../repos/rocksdb-main/db/c.cc,"(110, 1)-(110, 41)",b'using ROCKSDB_NAMESPACE::SequentialFile;'
rocksdb-main,../repos/rocksdb-main/db/c.cc,"(111, 1)-(111, 32)",b'using ROCKSDB_NAMESPACE::Slice;'
rocksdb-main,../repos/rocksdb-main/db/c.cc,"(112, 1)-(112, 37)",b'using ROCKSDB_NAMESPACE::SliceParts;'
rocksdb-main,../repos/rocksdb-main/db/c.cc,"(113, 1)-(113, 41)",b'using ROCKSDB_NAMESPACE::SliceTransform;'
rocksdb-main,../repos/rocksdb-main/db/c.cc,"(114, 1)-(114, 35)",b'using ROCKSDB_NAMESPACE::Snapshot;'
rocksdb-main,../repos/rocksdb-main/db/c.cc,"(115, 1)-(115, 42)",b'using ROCKSDB_NAMESPACE::SstFileMetaData;'
rocksdb-main,../repos/rocksdb-main/db/c.cc,"(116, 1)-(116, 40)",b'using ROCKSDB_NAMESPACE::SstFileWriter;'
rocksdb-main,../repos/rocksdb-main/db/c.cc,"(117, 1)-(117, 33)",b'using ROCKSDB_NAMESPACE::Status;'
rocksdb-main,../repos/rocksdb-main/db/c.cc,"(118, 1)-(118, 58)",b'using ROCKSDB_NAMESPACE::TablePropertiesColle...'
rocksdb-main,../repos/rocksdb-main/db/c.cc,"(119, 1)-(119, 38)",b'using ROCKSDB_NAMESPACE::Transaction;'
rocksdb-main,../repos/rocksdb-main/db/c.cc,"(120, 1)-(120, 40)",b'using ROCKSDB_NAMESPACE::TransactionDB;'
rocksdb-main,../repos/rocksdb-main/db/c.cc,"(121, 1)-(121, 47)",b'using ROCKSDB_NAMESPACE::TransactionDBOptions;'
rocksdb-main,../repos/rocksdb-main/db/c.cc,"(122, 1)-(122, 49)",b'using ROCKSDB_NAMESPACE::TransactionLogIterator;'
rocksdb-main,../repos/rocksdb-main/db/c.cc,"(123, 1)-(123, 45)",b'using ROCKSDB_NAMESPACE::TransactionOptions;'
rocksdb-main,../repos/rocksdb-main/db/c.cc,"(124, 1)-(124, 48)",b'using ROCKSDB_NAMESPACE::WaitForCompactOptions;'
rocksdb-main,../repos/rocksdb-main/db/c.cc,"(125, 1)-(125, 42)",b'using ROCKSDB_NAMESPACE::WALRecoveryMode;'
rocksdb-main,../repos/rocksdb-main/db/c.cc,"(126, 1)-(126, 39)",b'using ROCKSDB_NAMESPACE::WritableFile;'
rocksdb-main,../repos/rocksdb-main/db/c.cc,"(127, 1)-(127, 37)",b'using ROCKSDB_NAMESPACE::WriteBatch;'
rocksdb-main,../repos/rocksdb-main/db/c.cc,"(128, 1)-(128, 46)",b'using ROCKSDB_NAMESPACE::WriteBatchWithIndex;'
rocksdb-main,../repos/rocksdb-main/db/c.cc,"(129, 1)-(129, 45)",b'using ROCKSDB_NAMESPACE::WriteBufferManager;'
rocksdb-main,../repos/rocksdb-main/db/c.cc,"(130, 1)-(130, 39)",b'using ROCKSDB_NAMESPACE::WriteOptions;'
rocksdb-main,../repos/rocksdb-main/db/c.cc,"(132, 1)-(132, 26)",b'using std::unordered_set;'
rocksdb-main,../repos/rocksdb-main/db/c.cc,"(133, 1)-(133, 19)",b'using std::vector;'
rocksdb-main,../repos/rocksdb-main/db/compaction/compaction_picker_test.cc,"(25, 3)-(25, 22)",b'using Logger::Logv;'
rocksdb-main,../repos/rocksdb-main/db/db_basic_test.cc,"(1145, 5)-(1145, 24)",b'using Logger::Logv;'
rocksdb-main,../repos/rocksdb-main/db/db_block_cache_test.cc,"(291, 3)-(291, 36)",b'using CacheWrapper::CacheWrapper;'
rocksdb-main,../repos/rocksdb-main/db/db_block_cache_test.cc,"(630, 3)-(630, 30)",b'using ShardedCache::Insert;'
rocksdb-main,../repos/rocksdb-main/db/db_block_cache_test.cc,"(1255, 3)-(1255, 22)",b'using Logger::Logv;'
rocksdb-main,../repos/rocksdb-main/db/db_bloom_filter_test.cc,"(626, 3)-(626, 35)",b'using FilterBitsBuilder::Finish;'
rocksdb-main,../repos/rocksdb-main/db/db_impl/compacted_db_impl.h,"(28, 3)-(28, 17)",b'using DB::Get;'
rocksdb-main,../repos/rocksdb-main/db/db_impl/compacted_db_impl.h,"(37, 3)-(37, 22)",b'using DB::MultiGet;'
rocksdb-main,../repos/rocksdb-main/db/db_impl/compacted_db_impl.h,"(52, 3)-(52, 21)",b'using DBImpl::Put;'
rocksdb-main,../repos/rocksdb-main/db/db_impl/compacted_db_impl.h,"(59, 3)-(59, 27)",b'using DBImpl::PutEntity;'
rocksdb-main,../repos/rocksdb-main/db/db_impl/compacted_db_impl.h,"(67, 3)-(67, 23)",b'using DBImpl::Merge;'
rocksdb-main,../repos/rocksdb-main/db/db_impl/compacted_db_impl.h,"(74, 3)-(74, 24)",b'using DBImpl::Delete;'
rocksdb-main,../repos/rocksdb-main/db/db_impl/compacted_db_impl.h,"(84, 3)-(84, 30)",b'using DBImpl::CompactRange;'
rocksdb-main,../repos/rocksdb-main/db/db_impl/compacted_db_impl.h,"(104, 3)-(104, 23)",b'using DBImpl::Flush;'
rocksdb-main,../repos/rocksdb-main/db/db_impl/compacted_db_impl.h,"(114, 3)-(114, 32)",b'using DB::IngestExternalFile;'
rocksdb-main,../repos/rocksdb-main/db/db_impl/compacted_db_impl.h,"(122, 3)-(122, 42)",b'using DB::CreateColumnFamilyWithImport;'
rocksdb-main,../repos/rocksdb-main/db/db_impl/compacted_db_impl.h,"(132, 3)-(132, 30)",b'using DB::ClipColumnFamily;'
rocksdb-main,../repos/rocksdb-main/db/db_impl/db_impl.h,"(187, 3)-(187, 20)",b'using DB::Resume;'
rocksdb-main,../repos/rocksdb-main/db/db_impl/db_impl.h,"(190, 3)-(190, 17)",b'using DB::Put;'
rocksdb-main,../repos/rocksdb-main/db/db_impl/db_impl.h,"(196, 3)-(196, 23)",b'using DB::PutEntity;'
rocksdb-main,../repos/rocksdb-main/db/db_impl/db_impl.h,"(203, 3)-(203, 19)",b'using DB::Merge;'
rocksdb-main,../repos/rocksdb-main/db/db_impl/db_impl.h,"(209, 3)-(209, 20)",b'using DB::Delete;'
rocksdb-main,../repos/rocksdb-main/db/db_impl/db_impl.h,"(215, 3)-(215, 26)",b'using DB::SingleDelete;'
rocksdb-main,../repos/rocksdb-main/db/db_impl/db_impl.h,"(223, 3)-(223, 25)",b'using DB::DeleteRange;'
rocksdb-main,../repos/rocksdb-main/db/db_impl/db_impl.h,"(231, 3)-(231, 19)",b'using DB::Write;'
rocksdb-main,../repos/rocksdb-main/db/db_impl/db_impl.h,"(235, 3)-(235, 17)",b'using DB::Get;'
rocksdb-main,../repos/rocksdb-main/db/db_impl/db_impl.h,"(243, 3)-(243, 23)",b'using DB::GetEntity;'
rocksdb-main,../repos/rocksdb-main/db/db_impl/db_impl.h,"(250, 3)-(250, 30)",b'using DB::GetMergeOperands;'
rocksdb-main,../repos/rocksdb-main/db/db_impl/db_impl.h,"(265, 3)-(265, 22)",b'using DB::MultiGet;'
rocksdb-main,../repos/rocksdb-main/db/db_impl/db_impl.h,"(307, 3)-(307, 28)",b'using DB::MultiGetEntity;'
rocksdb-main,../repos/rocksdb-main/db/db_impl/db_impl.h,"(367, 3)-(367, 25)",b'using DB::KeyMayExist;'
rocksdb-main,../repos/rocksdb-main/db/db_impl/db_impl.h,"(373, 3)-(373, 25)",b'using DB::NewIterator;'
rocksdb-main,../repos/rocksdb-main/db/db_impl/db_impl.h,"(396, 3)-(396, 25)",b'using DB::GetProperty;'
rocksdb-main,../repos/rocksdb-main/db/db_impl/db_impl.h,"(399, 3)-(399, 28)",b'using DB::GetMapProperty;'
rocksdb-main,../repos/rocksdb-main/db/db_impl/db_impl.h,"(403, 3)-(403, 28)",b'using DB::GetIntProperty;'
rocksdb-main,../repos/rocksdb-main/db/db_impl/db_impl.h,"(406, 3)-(406, 38)",b'using DB::GetAggregatedIntProperty;'
rocksdb-main,../repos/rocksdb-main/db/db_impl/db_impl.h,"(409, 3)-(409, 33)",b'using DB::GetApproximateSizes;'
rocksdb-main,../repos/rocksdb-main/db/db_impl/db_impl.h,"(414, 3)-(414, 41)",b'using DB::GetApproximateMemTableStats;'
rocksdb-main,../repos/rocksdb-main/db/db_impl/db_impl.h,"(419, 3)-(419, 26)",b'using DB::CompactRange;'
rocksdb-main,../repos/rocksdb-main/db/db_impl/db_impl.h,"(424, 3)-(424, 26)",b'using DB::CompactFiles;'
rocksdb-main,../repos/rocksdb-main/db/db_impl/db_impl.h,"(442, 3)-(442, 24)",b'using DB::SetOptions;'
rocksdb-main,../repos/rocksdb-main/db/db_impl/db_impl.h,"(450, 3)-(450, 26)",b'using DB::NumberLevels;'
rocksdb-main,../repos/rocksdb-main/db/db_impl/db_impl.h,"(452, 3)-(452, 35)",b'using DB::MaxMemCompactionLevel;'
rocksdb-main,../repos/rocksdb-main/db/db_impl/db_impl.h,"(454, 3)-(454, 36)",b'using DB::Level0StopWriteTrigger;'
rocksdb-main,../repos/rocksdb-main/db/db_impl/db_impl.h,"(460, 3)-(460, 24)",b'using DB::GetOptions;'
rocksdb-main,../repos/rocksdb-main/db/db_impl/db_impl.h,"(462, 3)-(462, 26)",b'using DB::GetDBOptions;'
rocksdb-main,../repos/rocksdb-main/db/db_impl/db_impl.h,"(464, 3)-(464, 19)",b'using DB::Flush;'
rocksdb-main,../repos/rocksdb-main/db/db_impl/db_impl.h,"(515, 3)-(515, 24)",b'using DB::ResetStats;'
rocksdb-main,../repos/rocksdb-main/db/db_impl/db_impl.h,"(560, 3)-(560, 32)",b'using DB::IngestExternalFile;'
rocksdb-main,../repos/rocksdb-main/db/db_impl/db_impl.h,"(566, 3)-(566, 33)",b'using DB::IngestExternalFiles;'
rocksdb-main,../repos/rocksdb-main/db/db_impl/db_impl.h,"(570, 3)-(570, 42)",b'using DB::CreateColumnFamilyWithImport;'
rocksdb-main,../repos/rocksdb-main/db/db_impl/db_impl.h,"(577, 3)-(577, 30)",b'using DB::ClipColumnFamily;'
rocksdb-main,../repos/rocksdb-main/db/db_impl/db_impl.h,"(582, 3)-(582, 33)",b'using DB::VerifyFileChecksums;'
rocksdb-main,../repos/rocksdb-main/db/db_impl/db_impl.h,"(585, 3)-(585, 28)",b'using DB::VerifyChecksum;'
rocksdb-main,../repos/rocksdb-main/db/db_impl/db_impl.h,"(606, 3)-(606, 24)",b'using DB::StartTrace;'
rocksdb-main,../repos/rocksdb-main/db/db_impl/db_impl.h,"(611, 3)-(611, 22)",b'using DB::EndTrace;'
rocksdb-main,../repos/rocksdb-main/db/db_impl/db_impl.h,"(614, 3)-(614, 32)",b'using DB::NewDefaultReplayer;'
rocksdb-main,../repos/rocksdb-main/db/db_impl/db_impl.h,"(620, 3)-(620, 34)",b'using DB::StartBlockCacheTrace;'
rocksdb-main,../repos/rocksdb-main/db/db_impl/db_impl.h,"(629, 3)-(629, 32)",b'using DB::EndBlockCacheTrace;'
rocksdb-main,../repos/rocksdb-main/db/db_impl/db_impl.h,"(632, 3)-(632, 26)",b'using DB::StartIOTrace;'
rocksdb-main,../repos/rocksdb-main/db/db_impl/db_impl.h,"(636, 3)-(636, 24)",b'using DB::EndIOTrace;'
rocksdb-main,../repos/rocksdb-main/db/db_impl/db_impl.h,"(639, 3)-(639, 38)",b'using DB::GetPropertiesOfAllTables;'
rocksdb-main,../repos/rocksdb-main/db/db_impl/db_impl_readonly.h,"(27, 3)-(27, 25)",b'using DBImpl::GetImpl;'
rocksdb-main,../repos/rocksdb-main/db/db_impl/db_impl_readonly.h,"(33, 3)-(33, 29)",b'using DBImpl::NewIterator;'
rocksdb-main,../repos/rocksdb-main/db/db_impl/db_impl_readonly.h,"(42, 3)-(42, 21)",b'using DBImpl::Put;'
rocksdb-main,../repos/rocksdb-main/db/db_impl/db_impl_readonly.h,"(49, 3)-(49, 27)",b'using DBImpl::PutEntity;'
rocksdb-main,../repos/rocksdb-main/db/db_impl/db_impl_readonly.h,"(61, 3)-(61, 23)",b'using DBImpl::Merge;'
rocksdb-main,../repos/rocksdb-main/db/db_impl/db_impl_readonly.h,"(67, 3)-(67, 24)",b'using DBImpl::Delete;'
rocksdb-main,../repos/rocksdb-main/db/db_impl/db_impl_readonly.h,"(73, 3)-(73, 30)",b'using DBImpl::SingleDelete;'
rocksdb-main,../repos/rocksdb-main/db/db_impl/db_impl_readonly.h,"(83, 3)-(83, 30)",b'using DBImpl::CompactRange;'
rocksdb-main,../repos/rocksdb-main/db/db_impl/db_impl_readonly.h,"(91, 3)-(91, 30)",b'using DBImpl::CompactFiles;'
rocksdb-main,../repos/rocksdb-main/db/db_impl/db_impl_readonly.h,"(116, 3)-(116, 23)",b'using DBImpl::Flush;'
rocksdb-main,../repos/rocksdb-main/db/db_impl/db_impl_readonly.h,"(122, 3)-(122, 25)",b'using DBImpl::SyncWAL;'
rocksdb-main,../repos/rocksdb-main/db/db_impl/db_impl_readonly.h,"(127, 3)-(127, 32)",b'using DB::IngestExternalFile;'
rocksdb-main,../repos/rocksdb-main/db/db_impl/db_impl_readonly.h,"(135, 3)-(135, 42)",b'using DB::CreateColumnFamilyWithImport;'
rocksdb-main,../repos/rocksdb-main/db/db_impl/db_impl_readonly.h,"(154, 3)-(154, 30)",b'using DB::ClipColumnFamily;'
rocksdb-main,../repos/rocksdb-main/db/db_impl/db_impl_secondary.h,"(97, 3)-(97, 25)",b'using DBImpl::GetImpl;'
rocksdb-main,../repos/rocksdb-main/db/db_impl/db_impl_secondary.h,"(101, 3)-(101, 29)",b'using DBImpl::NewIterator;'
rocksdb-main,../repos/rocksdb-main/db/db_impl/db_impl_secondary.h,"(125, 3)-(125, 21)",b'using DBImpl::Put;'
rocksdb-main,../repos/rocksdb-main/db/db_impl/db_impl_secondary.h,"(132, 3)-(132, 27)",b'using DBImpl::PutEntity;'
rocksdb-main,../repos/rocksdb-main/db/db_impl/db_impl_secondary.h,"(144, 3)-(144, 23)",b'using DBImpl::Merge;'
rocksdb-main,../repos/rocksdb-main/db/db_impl/db_impl_secondary.h,"(151, 3)-(151, 24)",b'using DBImpl::Delete;'
rocksdb-main,../repos/rocksdb-main/db/db_impl/db_impl_secondary.h,"(158, 3)-(158, 30)",b'using DBImpl::SingleDelete;'
rocksdb-main,../repos/rocksdb-main/db/db_impl/db_impl_secondary.h,"(170, 3)-(170, 30)",b'using DBImpl::CompactRange;'
rocksdb-main,../repos/rocksdb-main/db/db_impl/db_impl_secondary.h,"(177, 3)-(177, 30)",b'using DBImpl::CompactFiles;'
rocksdb-main,../repos/rocksdb-main/db/db_impl/db_impl_secondary.h,"(202, 3)-(202, 23)",b'using DBImpl::Flush;'
rocksdb-main,../repos/rocksdb-main/db/db_impl/db_impl_secondary.h,"(208, 3)-(208, 30)",b'using DBImpl::SetDBOptions;'
rocksdb-main,../repos/rocksdb-main/db/db_impl/db_impl_secondary.h,"(216, 3)-(216, 28)",b'using DBImpl::SetOptions;'
rocksdb-main,../repos/rocksdb-main/db/db_impl/db_impl_secondary.h,"(226, 3)-(226, 25)",b'using DBImpl::SyncWAL;'
rocksdb-main,../repos/rocksdb-main/db/db_impl/db_impl_secondary.h,"(231, 3)-(231, 32)",b'using DB::IngestExternalFile;'
rocksdb-main,../repos/rocksdb-main/db/db_impl/db_impl_secondary.h,"(286, 3)-(286, 25)",b'using DBImpl::Recover;'
rocksdb-main,../repos/rocksdb-main/db/db_iter_stress_test.cc,"(20, 1)-(20, 47)",b'using GFLAGS_NAMESPACE::ParseCommandLineFlags;'
rocksdb-main,../repos/rocksdb-main/db/db_test.cc,"(3030, 3)-(3030, 17)",b'using DB::Put;'
rocksdb-main,../repos/rocksdb-main/db/db_test.cc,"(3046, 3)-(3046, 23)",b'using DB::PutEntity;'
rocksdb-main,../repos/rocksdb-main/db/db_test.cc,"(3054, 3)-(3054, 19)",b'using DB::Close;'
rocksdb-main,../repos/rocksdb-main/db/db_test.cc,"(3056, 3)-(3056, 20)",b'using DB::Delete;'
rocksdb-main,../repos/rocksdb-main/db/db_test.cc,"(3070, 3)-(3070, 26)",b'using DB::SingleDelete;'
rocksdb-main,../repos/rocksdb-main/db/db_test.cc,"(3084, 3)-(3084, 19)",b'using DB::Merge;'
rocksdb-main,../repos/rocksdb-main/db/db_test.cc,"(3099, 3)-(3099, 17)",b'using DB::Get;'
rocksdb-main,../repos/rocksdb-main/db/db_test.cc,"(3105, 3)-(3105, 30)",b'using DB::GetMergeOperands;'
rocksdb-main,../repos/rocksdb-main/db/db_test.cc,"(3114, 3)-(3114, 22)",b'using DB::MultiGet;'
rocksdb-main,../repos/rocksdb-main/db/db_test.cc,"(3125, 3)-(3125, 32)",b'using DB::IngestExternalFile;'
rocksdb-main,../repos/rocksdb-main/db/db_test.cc,"(3133, 3)-(3133, 33)",b'using DB::IngestExternalFiles;'
rocksdb-main,../repos/rocksdb-main/db/db_test.cc,"(3139, 3)-(3139, 42)",b'using DB::CreateColumnFamilyWithImport;'
rocksdb-main,../repos/rocksdb-main/db/db_test.cc,"(3149, 3)-(3149, 28)",b'using DB::VerifyChecksum;'
rocksdb-main,../repos/rocksdb-main/db/db_test.cc,"(3154, 3)-(3154, 30)",b'using DB::ClipColumnFamily;'
rocksdb-main,../repos/rocksdb-main/db/db_test.cc,"(3161, 3)-(3161, 38)",b'using DB::GetPropertiesOfAllTables;'
rocksdb-main,../repos/rocksdb-main/db/db_test.cc,"(3174, 3)-(3174, 25)",b'using DB::KeyMayExist;'
rocksdb-main,../repos/rocksdb-main/db/db_test.cc,"(3184, 3)-(3184, 25)",b'using DB::NewIterator;'
rocksdb-main,../repos/rocksdb-main/db/db_test.cc,"(3230, 3)-(3230, 25)",b'using DB::GetProperty;'
rocksdb-main,../repos/rocksdb-main/db/db_test.cc,"(3235, 3)-(3235, 28)",b'using DB::GetIntProperty;'
rocksdb-main,../repos/rocksdb-main/db/db_test.cc,"(3240, 3)-(3240, 28)",b'using DB::GetMapProperty;'
rocksdb-main,../repos/rocksdb-main/db/db_test.cc,"(3246, 3)-(3246, 38)",b'using DB::GetAggregatedIntProperty;'
rocksdb-main,../repos/rocksdb-main/db/db_test.cc,"(3251, 3)-(3251, 33)",b'using DB::GetApproximateSizes;'
rocksdb-main,../repos/rocksdb-main/db/db_test.cc,"(3261, 3)-(3261, 41)",b'using DB::GetApproximateMemTableStats;'
rocksdb-main,../repos/rocksdb-main/db/db_test.cc,"(3269, 3)-(3269, 26)",b'using DB::CompactRange;'
rocksdb-main,../repos/rocksdb-main/db/db_test.cc,"(3282, 3)-(3282, 26)",b'using DB::CompactFiles;'
rocksdb-main,../repos/rocksdb-main/db/db_test.cc,"(3316, 3)-(3316, 26)",b'using DB::NumberLevels;'
rocksdb-main,../repos/rocksdb-main/db/db_test.cc,"(3319, 3)-(3319, 35)",b'using DB::MaxMemCompactionLevel;'
rocksdb-main,../repos/rocksdb-main/db/db_test.cc,"(3324, 3)-(3324, 36)",b'using DB::Level0StopWriteTrigger;'
rocksdb-main,../repos/rocksdb-main/db/db_test.cc,"(3333, 3)-(3333, 24)",b'using DB::GetOptions;'
rocksdb-main,../repos/rocksdb-main/db/db_test.cc,"(3338, 3)-(3338, 26)",b'using DB::GetDBOptions;'
rocksdb-main,../repos/rocksdb-main/db/db_test.cc,"(3341, 3)-(3341, 19)",b'using DB::Flush;'
rocksdb-main,../repos/rocksdb-main/db/db_test.cc,"(4272, 3)-(4272, 30)",b'using RateLimiter::Request;'
rocksdb-main,../repos/rocksdb-main/db/db_test.cc,"(7049, 5)-(7049, 38)",b'using CacheWrapper::CacheWrapper;'
rocksdb-main,../repos/rocksdb-main/db/db_test2.cc,"(6979, 5)-(6979, 56)",b'using FileTemperatureTestFS::FileTemperatureT...'
rocksdb-main,../repos/rocksdb-main/db/db_test_util.h,"(945, 3)-(945, 24)",b'using Cache::Release;'
rocksdb-main,../repos/rocksdb-main/db/db_with_timestamp_test_util.h,"(56, 5)-(56, 47)",b'using Comparator::CompareWithoutTimestamp;'
rocksdb-main,../repos/rocksdb-main/db/manual_compaction_test.cc,"(16, 1)-(16, 43)",b'using ROCKSDB_NAMESPACE::CompactionFilter;'
rocksdb-main,../repos/rocksdb-main/db/manual_compaction_test.cc,"(17, 1)-(17, 42)",b'using ROCKSDB_NAMESPACE::CompactionStyle;'
rocksdb-main,../repos/rocksdb-main/db/manual_compaction_test.cc,"(18, 1)-(18, 46)",b'using ROCKSDB_NAMESPACE::CompactRangeOptions;'
rocksdb-main,../repos/rocksdb-main/db/manual_compaction_test.cc,"(19, 1)-(19, 42)",b'using ROCKSDB_NAMESPACE::CompressionType;'
rocksdb-main,../repos/rocksdb-main/db/manual_compaction_test.cc,"(20, 1)-(20, 29)",b'using ROCKSDB_NAMESPACE::DB;'
rocksdb-main,../repos/rocksdb-main/db/manual_compaction_test.cc,"(21, 1)-(21, 36)",b'using ROCKSDB_NAMESPACE::DestroyDB;'
rocksdb-main,../repos/rocksdb-main/db/manual_compaction_test.cc,"(22, 1)-(22, 39)",b'using ROCKSDB_NAMESPACE::FlushOptions;'
rocksdb-main,../repos/rocksdb-main/db/manual_compaction_test.cc,"(23, 1)-(23, 35)",b'using ROCKSDB_NAMESPACE::Iterator;'
rocksdb-main,../repos/rocksdb-main/db/manual_compaction_test.cc,"(24, 1)-(24, 34)",b'using ROCKSDB_NAMESPACE::Options;'
rocksdb-main,../repos/rocksdb-main/db/manual_compaction_test.cc,"(25, 1)-(25, 38)",b'using ROCKSDB_NAMESPACE::ReadOptions;'
rocksdb-main,../repos/rocksdb-main/db/manual_compaction_test.cc,"(26, 1)-(26, 32)",b'using ROCKSDB_NAMESPACE::Slice;'
rocksdb-main,../repos/rocksdb-main/db/manual_compaction_test.cc,"(27, 1)-(27, 37)",b'using ROCKSDB_NAMESPACE::WriteBatch;'
rocksdb-main,../repos/rocksdb-main/db/manual_compaction_test.cc,"(28, 1)-(28, 39)",b'using ROCKSDB_NAMESPACE::WriteOptions;'
rocksdb-main,../repos/rocksdb-main/db/plain_table_db_test.cc,"(326, 3)-(326, 43)",b'using PlainTableFactory::NewTableReader;'
rocksdb-main,../repos/rocksdb-main/db/prefix_test.cc,"(38, 1)-(38, 47)",b'using GFLAGS_NAMESPACE::ParseCommandLineFlags;'
rocksdb-main,../repos/rocksdb-main/db/range_del_aggregator.h,"(384, 3)-(384, 42)",b'using RangeDelAggregator::ShouldDelete;'
rocksdb-main,../repos/rocksdb-main/db/range_del_aggregator.h,"(440, 3)-(440, 42)",b'using RangeDelAggregator::ShouldDelete;'
rocksdb-main,../repos/rocksdb-main/db/range_del_aggregator_bench.cc,"(33, 1)-(33, 47)",b'using GFLAGS_NAMESPACE::ParseCommandLineFlags;'
rocksdb-main,../repos/rocksdb-main/db/version_set.h,"(1759, 3)-(1759, 33)",b'using VersionSet::LogAndApply;'
rocksdb-main,../repos/rocksdb-main/db/version_set.h,"(1760, 3)-(1760, 29)",b'using VersionSet::Recover;'
rocksdb-main,../repos/rocksdb-main/db/version_set_test.cc,"(97, 3)-(97, 22)",b'using Logger::Logv;'
rocksdb-main,../repos/rocksdb-main/db/write_callback_test.cc,"(23, 1)-(23, 19)",b'using std::string;'
rocksdb-main,../repos/rocksdb-main/db_stress_tool/db_stress_common.h,"(75, 1)-(75, 47)",b'using GFLAGS_NAMESPACE::ParseCommandLineFlags;'
rocksdb-main,../repos/rocksdb-main/db_stress_tool/db_stress_common.h,"(76, 1)-(76, 47)",b'using GFLAGS_NAMESPACE::RegisterFlagValidator;'
rocksdb-main,../repos/rocksdb-main/db_stress_tool/db_stress_common.h,"(77, 1)-(77, 41)",b'using GFLAGS_NAMESPACE::SetUsageMessage;'
rocksdb-main,../repos/rocksdb-main/env/env_test.cc,"(74, 1)-(74, 23)",b'using port::kPageSize;'
rocksdb-main,../repos/rocksdb-main/env/env_test.cc,"(1816, 3)-(1816, 22)",b'using Logger::Logv;'
rocksdb-main,../repos/rocksdb-main/env/env_test.cc,"(1898, 3)-(1898, 22)",b'using Logger::Logv;'
rocksdb-main,../repos/rocksdb-main/env/env_test.cc,"(2381, 5)-(2381, 24)",b'using Logger::Logv;'
rocksdb-main,../repos/rocksdb-main/env/env_test.cc,"(2449, 3)-(2449, 22)",b'using Logger::Logv;'
rocksdb-main,../repos/rocksdb-main/env/mock_env.cc,"(378, 3)-(378, 32)",b'using FSWritableFile::Append;'
rocksdb-main,../repos/rocksdb-main/env/mock_env.cc,"(394, 3)-(394, 42)",b'using FSWritableFile::PositionedAppend;'
rocksdb-main,../repos/rocksdb-main/env/mock_env.cc,"(495, 3)-(495, 22)",b'using Logger::Logv;'
rocksdb-main,../repos/rocksdb-main/examples/column_families_example.cc,"(19, 1)-(19, 49)",b'using ROCKSDB_NAMESPACE::ColumnFamilyDescriptor;'
rocksdb-main,../repos/rocksdb-main/examples/column_families_example.cc,"(20, 1)-(20, 45)",b'using ROCKSDB_NAMESPACE::ColumnFamilyHandle;'
rocksdb-main,../repos/rocksdb-main/examples/column_families_example.cc,"(21, 1)-(21, 46)",b'using ROCKSDB_NAMESPACE::ColumnFamilyOptions;'
rocksdb-main,../repos/rocksdb-main/examples/column_families_example.cc,"(22, 1)-(22, 29)",b'using ROCKSDB_NAMESPACE::DB;'
rocksdb-main,../repos/rocksdb-main/examples/column_families_example.cc,"(23, 1)-(23, 36)",b'using ROCKSDB_NAMESPACE::DBOptions;'
rocksdb-main,../repos/rocksdb-main/examples/column_families_example.cc,"(24, 1)-(24, 34)",b'using ROCKSDB_NAMESPACE::Options;'
rocksdb-main,../repos/rocksdb-main/examples/column_families_example.cc,"(25, 1)-(25, 38)",b'using ROCKSDB_NAMESPACE::ReadOptions;'
rocksdb-main,../repos/rocksdb-main/examples/column_families_example.cc,"(26, 1)-(26, 32)",b'using ROCKSDB_NAMESPACE::Slice;'
rocksdb-main,../repos/rocksdb-main/examples/column_families_example.cc,"(27, 1)-(27, 33)",b'using ROCKSDB_NAMESPACE::Status;'
rocksdb-main,../repos/rocksdb-main/examples/column_families_example.cc,"(28, 1)-(28, 37)",b'using ROCKSDB_NAMESPACE::WriteBatch;'
rocksdb-main,../repos/rocksdb-main/examples/column_families_example.cc,"(29, 1)-(29, 39)",b'using ROCKSDB_NAMESPACE::WriteOptions;'
rocksdb-main,../repos/rocksdb-main/examples/compact_files_example.cc,"(16, 1)-(16, 47)",b'using ROCKSDB_NAMESPACE::ColumnFamilyMetaData;'
rocksdb-main,../repos/rocksdb-main/examples/compact_files_example.cc,"(17, 1)-(17, 44)",b'using ROCKSDB_NAMESPACE::CompactionOptions;'
rocksdb-main,../repos/rocksdb-main/examples/compact_files_example.cc,"(18, 1)-(18, 29)",b'using ROCKSDB_NAMESPACE::DB;'
rocksdb-main,../repos/rocksdb-main/examples/compact_files_example.cc,"(19, 1)-(19, 40)",b'using ROCKSDB_NAMESPACE::EventListener;'
rocksdb-main,../repos/rocksdb-main/examples/compact_files_example.cc,"(20, 1)-(20, 39)",b'using ROCKSDB_NAMESPACE::FlushJobInfo;'
rocksdb-main,../repos/rocksdb-main/examples/compact_files_example.cc,"(21, 1)-(21, 34)",b'using ROCKSDB_NAMESPACE::Options;'
rocksdb-main,../repos/rocksdb-main/examples/compact_files_example.cc,"(22, 1)-(22, 38)",b'using ROCKSDB_NAMESPACE::ReadOptions;'
rocksdb-main,../repos/rocksdb-main/examples/compact_files_example.cc,"(23, 1)-(23, 33)",b'using ROCKSDB_NAMESPACE::Status;'
rocksdb-main,../repos/rocksdb-main/examples/compact_files_example.cc,"(24, 1)-(24, 39)",b'using ROCKSDB_NAMESPACE::WriteOptions;'
rocksdb-main,../repos/rocksdb-main/examples/multi_processes_example.cc,"(40, 1)-(40, 49)",b'using ROCKSDB_NAMESPACE::ColumnFamilyDescriptor;'
rocksdb-main,../repos/rocksdb-main/examples/multi_processes_example.cc,"(41, 1)-(41, 45)",b'using ROCKSDB_NAMESPACE::ColumnFamilyHandle;'
rocksdb-main,../repos/rocksdb-main/examples/multi_processes_example.cc,"(42, 1)-(42, 46)",b'using ROCKSDB_NAMESPACE::ColumnFamilyOptions;'
rocksdb-main,../repos/rocksdb-main/examples/multi_processes_example.cc,"(43, 1)-(43, 29)",b'using ROCKSDB_NAMESPACE::DB;'
rocksdb-main,../repos/rocksdb-main/examples/multi_processes_example.cc,"(44, 1)-(44, 39)",b'using ROCKSDB_NAMESPACE::FlushOptions;'
rocksdb-main,../repos/rocksdb-main/examples/multi_processes_example.cc,"(45, 1)-(45, 35)",b'using ROCKSDB_NAMESPACE::Iterator;'
rocksdb-main,../repos/rocksdb-main/examples/multi_processes_example.cc,"(46, 1)-(46, 34)",b'using ROCKSDB_NAMESPACE::Options;'
rocksdb-main,../repos/rocksdb-main/examples/multi_processes_example.cc,"(47, 1)-(47, 38)",b'using ROCKSDB_NAMESPACE::ReadOptions;'
rocksdb-main,../repos/rocksdb-main/examples/multi_processes_example.cc,"(48, 1)-(48, 32)",b'using ROCKSDB_NAMESPACE::Slice;'
rocksdb-main,../repos/rocksdb-main/examples/multi_processes_example.cc,"(49, 1)-(49, 33)",b'using ROCKSDB_NAMESPACE::Status;'
rocksdb-main,../repos/rocksdb-main/examples/multi_processes_example.cc,"(50, 1)-(50, 39)",b'using ROCKSDB_NAMESPACE::WriteOptions;'
rocksdb-main,../repos/rocksdb-main/examples/optimistic_transaction_example.cc,"(13, 1)-(13, 29)",b'using ROCKSDB_NAMESPACE::DB;'
rocksdb-main,../repos/rocksdb-main/examples/optimistic_transaction_example.cc,"(14, 1)-(14, 50)",b'using ROCKSDB_NAMESPACE::OptimisticTransactionDB;'
rocksdb-main,../repos/rocksdb-main/examples/optimistic_transaction_example.cc,"(15, 1)-(15, 55)",b'using ROCKSDB_NAMESPACE::OptimisticTransactio...'
rocksdb-main,../repos/rocksdb-main/examples/optimistic_transaction_example.cc,"(16, 1)-(16, 34)",b'using ROCKSDB_NAMESPACE::Options;'
rocksdb-main,../repos/rocksdb-main/examples/optimistic_transaction_example.cc,"(17, 1)-(17, 38)",b'using ROCKSDB_NAMESPACE::ReadOptions;'
rocksdb-main,../repos/rocksdb-main/examples/optimistic_transaction_example.cc,"(18, 1)-(18, 35)",b'using ROCKSDB_NAMESPACE::Snapshot;'
rocksdb-main,../repos/rocksdb-main/examples/optimistic_transaction_example.cc,"(19, 1)-(19, 33)",b'using ROCKSDB_NAMESPACE::Status;'
rocksdb-main,../repos/rocksdb-main/examples/optimistic_transaction_example.cc,"(20, 1)-(20, 38)",b'using ROCKSDB_NAMESPACE::Transaction;'
rocksdb-main,../repos/rocksdb-main/examples/optimistic_transaction_example.cc,"(21, 1)-(21, 39)",b'using ROCKSDB_NAMESPACE::WriteOptions;'
rocksdb-main,../repos/rocksdb-main/examples/options_file_example.cc,"(21, 1)-(21, 49)",b'using ROCKSDB_NAMESPACE::BlockBasedTableOptions;'
rocksdb-main,../repos/rocksdb-main/examples/options_file_example.cc,"(22, 1)-(22, 49)",b'using ROCKSDB_NAMESPACE::ColumnFamilyDescriptor;'
rocksdb-main,../repos/rocksdb-main/examples/options_file_example.cc,"(23, 1)-(23, 45)",b'using ROCKSDB_NAMESPACE::ColumnFamilyHandle;'
rocksdb-main,../repos/rocksdb-main/examples/options_file_example.cc,"(24, 1)-(24, 46)",b'using ROCKSDB_NAMESPACE::ColumnFamilyOptions;'
rocksdb-main,../repos/rocksdb-main/examples/options_file_example.cc,"(25, 1)-(25, 43)",b'using ROCKSDB_NAMESPACE::CompactionFilter;'
rocksdb-main,../repos/rocksdb-main/examples/options_file_example.cc,"(26, 1)-(26, 40)",b'using ROCKSDB_NAMESPACE::ConfigOptions;'
rocksdb-main,../repos/rocksdb-main/examples/options_file_example.cc,"(27, 1)-(27, 29)",b'using ROCKSDB_NAMESPACE::DB;'
rocksdb-main,../repos/rocksdb-main/examples/options_file_example.cc,"(28, 1)-(28, 36)",b'using ROCKSDB_NAMESPACE::DBOptions;'
rocksdb-main,../repos/rocksdb-main/examples/options_file_example.cc,"(29, 1)-(29, 38)",b'using ROCKSDB_NAMESPACE::NewLRUCache;'
rocksdb-main,../repos/rocksdb-main/examples/options_file_example.cc,"(30, 1)-(30, 34)",b'using ROCKSDB_NAMESPACE::Options;'
rocksdb-main,../repos/rocksdb-main/examples/options_file_example.cc,"(31, 1)-(31, 32)",b'using ROCKSDB_NAMESPACE::Slice;'
rocksdb-main,../repos/rocksdb-main/examples/options_file_example.cc,"(32, 1)-(32, 33)",b'using ROCKSDB_NAMESPACE::Status;'
rocksdb-main,../repos/rocksdb-main/examples/rocksdb_backup_restore_example.cc,"(14, 1)-(14, 39)",b'using ROCKSDB_NAMESPACE::BackupEngine;'
rocksdb-main,../repos/rocksdb-main/examples/rocksdb_backup_restore_example.cc,"(15, 1)-(15, 46)",b'using ROCKSDB_NAMESPACE::BackupEngineOptions;'
rocksdb-main,../repos/rocksdb-main/examples/rocksdb_backup_restore_example.cc,"(16, 1)-(16, 47)",b'using ROCKSDB_NAMESPACE::BackupEngineReadOnly;'
rocksdb-main,../repos/rocksdb-main/examples/rocksdb_backup_restore_example.cc,"(17, 1)-(17, 37)",b'using ROCKSDB_NAMESPACE::BackupInfo;'
rocksdb-main,../repos/rocksdb-main/examples/rocksdb_backup_restore_example.cc,"(18, 1)-(18, 29)",b'using ROCKSDB_NAMESPACE::DB;'
rocksdb-main,../repos/rocksdb-main/examples/rocksdb_backup_restore_example.cc,"(19, 1)-(19, 30)",b'using ROCKSDB_NAMESPACE::Env;'
rocksdb-main,../repos/rocksdb-main/examples/rocksdb_backup_restore_example.cc,"(20, 1)-(20, 34)",b'using ROCKSDB_NAMESPACE::Options;'
rocksdb-main,../repos/rocksdb-main/examples/rocksdb_backup_restore_example.cc,"(21, 1)-(21, 38)",b'using ROCKSDB_NAMESPACE::ReadOptions;'
rocksdb-main,../repos/rocksdb-main/examples/rocksdb_backup_restore_example.cc,"(22, 1)-(22, 33)",b'using ROCKSDB_NAMESPACE::Status;'
rocksdb-main,../repos/rocksdb-main/examples/rocksdb_backup_restore_example.cc,"(23, 1)-(23, 39)",b'using ROCKSDB_NAMESPACE::WriteOptions;'
rocksdb-main,../repos/rocksdb-main/examples/simple_example.cc,"(13, 1)-(13, 29)",b'using ROCKSDB_NAMESPACE::DB;'
rocksdb-main,../repos/rocksdb-main/examples/simple_example.cc,"(14, 1)-(14, 34)",b'using ROCKSDB_NAMESPACE::Options;'
rocksdb-main,../repos/rocksdb-main/examples/simple_example.cc,"(15, 1)-(15, 40)",b'using ROCKSDB_NAMESPACE::PinnableSlice;'
rocksdb-main,../repos/rocksdb-main/examples/simple_example.cc,"(16, 1)-(16, 38)",b'using ROCKSDB_NAMESPACE::ReadOptions;'
rocksdb-main,../repos/rocksdb-main/examples/simple_example.cc,"(17, 1)-(17, 33)",b'using ROCKSDB_NAMESPACE::Status;'
rocksdb-main,../repos/rocksdb-main/examples/simple_example.cc,"(18, 1)-(18, 37)",b'using ROCKSDB_NAMESPACE::WriteBatch;'
rocksdb-main,../repos/rocksdb-main/examples/simple_example.cc,"(19, 1)-(19, 39)",b'using ROCKSDB_NAMESPACE::WriteOptions;'
rocksdb-main,../repos/rocksdb-main/examples/transaction_example.cc,"(13, 1)-(13, 34)",b'using ROCKSDB_NAMESPACE::Options;'
rocksdb-main,../repos/rocksdb-main/examples/transaction_example.cc,"(14, 1)-(14, 38)",b'using ROCKSDB_NAMESPACE::ReadOptions;'
rocksdb-main,../repos/rocksdb-main/examples/transaction_example.cc,"(15, 1)-(15, 35)",b'using ROCKSDB_NAMESPACE::Snapshot;'
rocksdb-main,../repos/rocksdb-main/examples/transaction_example.cc,"(16, 1)-(16, 33)",b'using ROCKSDB_NAMESPACE::Status;'
rocksdb-main,../repos/rocksdb-main/examples/transaction_example.cc,"(17, 1)-(17, 38)",b'using ROCKSDB_NAMESPACE::Transaction;'
rocksdb-main,../repos/rocksdb-main/examples/transaction_example.cc,"(18, 1)-(18, 40)",b'using ROCKSDB_NAMESPACE::TransactionDB;'
rocksdb-main,../repos/rocksdb-main/examples/transaction_example.cc,"(19, 1)-(19, 47)",b'using ROCKSDB_NAMESPACE::TransactionDBOptions;'
rocksdb-main,../repos/rocksdb-main/examples/transaction_example.cc,"(20, 1)-(20, 45)",b'using ROCKSDB_NAMESPACE::TransactionOptions;'
rocksdb-main,../repos/rocksdb-main/examples/transaction_example.cc,"(21, 1)-(21, 39)",b'using ROCKSDB_NAMESPACE::WriteOptions;'
rocksdb-main,../repos/rocksdb-main/fuzz/sst_file_writer_fuzzer.cc,"(19, 1)-(19, 45)",b'using ROCKSDB_NAMESPACE::BytewiseComparator;'
rocksdb-main,../repos/rocksdb-main/fuzz/sst_file_writer_fuzzer.cc,"(20, 1)-(20, 37)",b'using ROCKSDB_NAMESPACE::Comparator;'
rocksdb-main,../repos/rocksdb-main/fuzz/sst_file_writer_fuzzer.cc,"(21, 1)-(21, 37)",b'using ROCKSDB_NAMESPACE::EnvOptions;'
rocksdb-main,../repos/rocksdb-main/fuzz/sst_file_writer_fuzzer.cc,"(22, 1)-(22, 46)",b'using ROCKSDB_NAMESPACE::ExternalSstFileInfo;'
rocksdb-main,../repos/rocksdb-main/fuzz/sst_file_writer_fuzzer.cc,"(23, 1)-(23, 38)",b'using ROCKSDB_NAMESPACE::FileOptions;'
rocksdb-main,../repos/rocksdb-main/fuzz/sst_file_writer_fuzzer.cc,"(24, 1)-(24, 37)",b'using ROCKSDB_NAMESPACE::FileSystem;'
rocksdb-main,../repos/rocksdb-main/fuzz/sst_file_writer_fuzzer.cc,"(25, 1)-(25, 45)",b'using ROCKSDB_NAMESPACE::ImmutableCFOptions;'
rocksdb-main,../repos/rocksdb-main/fuzz/sst_file_writer_fuzzer.cc,"(26, 1)-(26, 43)",b'using ROCKSDB_NAMESPACE::ImmutableOptions;'
rocksdb-main,../repos/rocksdb-main/fuzz/sst_file_writer_fuzzer.cc,"(27, 1)-(27, 43)",b'using ROCKSDB_NAMESPACE::InternalIterator;'
rocksdb-main,../repos/rocksdb-main/fuzz/sst_file_writer_fuzzer.cc,"(28, 1)-(28, 36)",b'using ROCKSDB_NAMESPACE::IOOptions;'
rocksdb-main,../repos/rocksdb-main/fuzz/sst_file_writer_fuzzer.cc,"(29, 1)-(29, 45)",b'using ROCKSDB_NAMESPACE::kMaxSequenceNumber;'
rocksdb-main,../repos/rocksdb-main/fuzz/sst_file_writer_fuzzer.cc,"(30, 1)-(30, 34)",b'using ROCKSDB_NAMESPACE::Options;'
rocksdb-main,../repos/rocksdb-main/fuzz/sst_file_writer_fuzzer.cc,"(31, 1)-(31, 44)",b'using ROCKSDB_NAMESPACE::ParsedInternalKey;'
rocksdb-main,../repos/rocksdb-main/fuzz/sst_file_writer_fuzzer.cc,"(32, 1)-(32, 43)",b'using ROCKSDB_NAMESPACE::ParseInternalKey;'
rocksdb-main,../repos/rocksdb-main/fuzz/sst_file_writer_fuzzer.cc,"(33, 1)-(33, 49)",b'using ROCKSDB_NAMESPACE::RandomAccessFileReader;'
rocksdb-main,../repos/rocksdb-main/fuzz/sst_file_writer_fuzzer.cc,"(34, 1)-(34, 38)",b'using ROCKSDB_NAMESPACE::ReadOptions;'
rocksdb-main,../repos/rocksdb-main/fuzz/sst_file_writer_fuzzer.cc,"(35, 1)-(35, 40)",b'using ROCKSDB_NAMESPACE::SstFileWriter;'
rocksdb-main,../repos/rocksdb-main/fuzz/sst_file_writer_fuzzer.cc,"(36, 1)-(36, 33)",b'using ROCKSDB_NAMESPACE::Status;'
rocksdb-main,../repos/rocksdb-main/fuzz/sst_file_writer_fuzzer.cc,"(37, 1)-(37, 38)",b'using ROCKSDB_NAMESPACE::TableReader;'
rocksdb-main,../repos/rocksdb-main/fuzz/sst_file_writer_fuzzer.cc,"(38, 1)-(38, 44)",b'using ROCKSDB_NAMESPACE::TableReaderCaller;'
rocksdb-main,../repos/rocksdb-main/fuzz/sst_file_writer_fuzzer.cc,"(39, 1)-(39, 45)",b'using ROCKSDB_NAMESPACE::TableReaderOptions;'
rocksdb-main,../repos/rocksdb-main/fuzz/sst_file_writer_fuzzer.cc,"(40, 1)-(40, 36)",b'using ROCKSDB_NAMESPACE::ValueType;'
rocksdb-main,../repos/rocksdb-main/include/rocksdb/advanced_cache.h,"(586, 3)-(586, 24)",b'using Cache::Release;'
rocksdb-main,../repos/rocksdb-main/include/rocksdb/env_encryption.h,"(261, 3)-(261, 32)",b'using FSWritableFile::Append;'
rocksdb-main,../repos/rocksdb-main/include/rocksdb/env_encryption.h,"(265, 3)-(265, 42)",b'using FSWritableFile::PositionedAppend;'
rocksdb-main,../repos/rocksdb-main/include/rocksdb/memtablerep.h,"(349, 3)-(349, 47)",b'using MemTableRepFactory::CreateMemTableRep;'
rocksdb-main,../repos/rocksdb-main/include/rocksdb/memtablerep.h,"(383, 3)-(383, 47)",b'using MemTableRepFactory::CreateMemTableRep;'
rocksdb-main,../repos/rocksdb-main/include/rocksdb/statistics.h,"(776, 3)-(776, 32)",b'using Customizable::ToString;'
rocksdb-main,../repos/rocksdb-main/include/rocksdb/utilities/sim_cache.h,"(48, 3)-(48, 36)",b'using CacheWrapper::CacheWrapper;'
rocksdb-main,../repos/rocksdb-main/include/rocksdb/utilities/stackable_db.h,"(78, 3)-(78, 17)",b'using DB::Put;'
rocksdb-main,../repos/rocksdb-main/include/rocksdb/utilities/stackable_db.h,"(89, 3)-(89, 23)",b'using DB::PutEntity;'
rocksdb-main,../repos/rocksdb-main/include/rocksdb/utilities/stackable_db.h,"(100, 3)-(100, 17)",b'using DB::Get;'
rocksdb-main,../repos/rocksdb-main/include/rocksdb/utilities/stackable_db.h,"(107, 3)-(107, 23)",b'using DB::GetEntity;'
rocksdb-main,../repos/rocksdb-main/include/rocksdb/utilities/stackable_db.h,"(114, 3)-(114, 30)",b'using DB::GetMergeOperands;'
rocksdb-main,../repos/rocksdb-main/include/rocksdb/utilities/stackable_db.h,"(125, 3)-(125, 22)",b'using DB::MultiGet;'
rocksdb-main,../repos/rocksdb-main/include/rocksdb/utilities/stackable_db.h,"(143, 3)-(143, 28)",b'using DB::MultiGetEntity;'
rocksdb-main,../repos/rocksdb-main/include/rocksdb/utilities/stackable_db.h,"(161, 3)-(161, 32)",b'using DB::IngestExternalFile;'
rocksdb-main,../repos/rocksdb-main/include/rocksdb/utilities/stackable_db.h,"(169, 3)-(169, 33)",b'using DB::IngestExternalFiles;'
rocksdb-main,../repos/rocksdb-main/include/rocksdb/utilities/stackable_db.h,"(175, 3)-(175, 42)",b'using DB::CreateColumnFamilyWithImport;'
rocksdb-main,../repos/rocksdb-main/include/rocksdb/utilities/stackable_db.h,"(194, 3)-(194, 30)",b'using DB::ClipColumnFamily;'
rocksdb-main,../repos/rocksdb-main/include/rocksdb/utilities/stackable_db.h,"(201, 3)-(201, 33)",b'using DB::VerifyFileChecksums;'
rocksdb-main,../repos/rocksdb-main/include/rocksdb/utilities/stackable_db.h,"(212, 3)-(212, 25)",b'using DB::KeyMayExist;'
rocksdb-main,../repos/rocksdb-main/include/rocksdb/utilities/stackable_db.h,"(220, 3)-(220, 20)",b'using DB::Delete;'
rocksdb-main,../repos/rocksdb-main/include/rocksdb/utilities/stackable_db.h,"(231, 3)-(231, 26)",b'using DB::SingleDelete;'
rocksdb-main,../repos/rocksdb-main/include/rocksdb/utilities/stackable_db.h,"(243, 3)-(243, 25)",b'using DB::DeleteRange;'
rocksdb-main,../repos/rocksdb-main/include/rocksdb/utilities/stackable_db.h,"(250, 3)-(250, 19)",b'using DB::Merge;'
rocksdb-main,../repos/rocksdb-main/include/rocksdb/utilities/stackable_db.h,"(265, 3)-(265, 25)",b'using DB::NewIterator;'
rocksdb-main,../repos/rocksdb-main/include/rocksdb/utilities/stackable_db.h,"(284, 3)-(284, 28)",b'using DB::GetMapProperty;'
rocksdb-main,../repos/rocksdb-main/include/rocksdb/utilities/stackable_db.h,"(285, 3)-(285, 25)",b'using DB::GetProperty;'
rocksdb-main,../repos/rocksdb-main/include/rocksdb/utilities/stackable_db.h,"(296, 3)-(296, 28)",b'using DB::GetIntProperty;'
rocksdb-main,../repos/rocksdb-main/include/rocksdb/utilities/stackable_db.h,"(302, 3)-(302, 38)",b'using DB::GetAggregatedIntProperty;'
rocksdb-main,../repos/rocksdb-main/include/rocksdb/utilities/stackable_db.h,"(308, 3)-(308, 33)",b'using DB::GetApproximateSizes;'
rocksdb-main,../repos/rocksdb-main/include/rocksdb/utilities/stackable_db.h,"(316, 3)-(316, 41)",b'using DB::GetApproximateMemTableStats;'
rocksdb-main,../repos/rocksdb-main/include/rocksdb/utilities/stackable_db.h,"(324, 3)-(324, 26)",b'using DB::CompactRange;'
rocksdb-main,../repos/rocksdb-main/include/rocksdb/utilities/stackable_db.h,"(331, 3)-(331, 26)",b'using DB::CompactFiles;'
rocksdb-main,../repos/rocksdb-main/include/rocksdb/utilities/stackable_db.h,"(368, 3)-(368, 26)",b'using DB::NumberLevels;'
rocksdb-main,../repos/rocksdb-main/include/rocksdb/utilities/stackable_db.h,"(373, 3)-(373, 35)",b'using DB::MaxMemCompactionLevel;'
rocksdb-main,../repos/rocksdb-main/include/rocksdb/utilities/stackable_db.h,"(379, 3)-(379, 36)",b'using DB::Level0StopWriteTrigger;'
rocksdb-main,../repos/rocksdb-main/include/rocksdb/utilities/stackable_db.h,"(393, 3)-(393, 24)",b'using DB::GetOptions;'
rocksdb-main,../repos/rocksdb-main/include/rocksdb/utilities/stackable_db.h,"(398, 3)-(398, 26)",b'using DB::GetDBOptions;'
rocksdb-main,../repos/rocksdb-main/include/rocksdb/utilities/stackable_db.h,"(403, 3)-(403, 19)",b'using DB::Flush;'
rocksdb-main,../repos/rocksdb-main/include/rocksdb/utilities/stackable_db.h,"(452, 3)-(452, 34)",b'using DB::StartBlockCacheTrace;'
rocksdb-main,../repos/rocksdb-main/include/rocksdb/utilities/stackable_db.h,"(465, 3)-(465, 32)",b'using DB::EndBlockCacheTrace;'
rocksdb-main,../repos/rocksdb-main/include/rocksdb/utilities/stackable_db.h,"(468, 3)-(468, 26)",b'using DB::StartIOTrace;'
rocksdb-main,../repos/rocksdb-main/include/rocksdb/utilities/stackable_db.h,"(474, 3)-(474, 24)",b'using DB::EndIOTrace;'
rocksdb-main,../repos/rocksdb-main/include/rocksdb/utilities/stackable_db.h,"(477, 3)-(477, 24)",b'using DB::StartTrace;'
rocksdb-main,../repos/rocksdb-main/include/rocksdb/utilities/stackable_db.h,"(483, 3)-(483, 22)",b'using DB::EndTrace;'
rocksdb-main,../repos/rocksdb-main/include/rocksdb/utilities/stackable_db.h,"(486, 3)-(486, 32)",b'using DB::NewDefaultReplayer;'
rocksdb-main,../repos/rocksdb-main/include/rocksdb/utilities/stackable_db.h,"(545, 3)-(545, 24)",b'using DB::SetOptions;'
rocksdb-main,../repos/rocksdb-main/include/rocksdb/utilities/stackable_db.h,"(558, 3)-(558, 24)",b'using DB::ResetStats;'
rocksdb-main,../repos/rocksdb-main/include/rocksdb/utilities/stackable_db.h,"(561, 3)-(561, 38)",b'using DB::GetPropertiesOfAllTables;'
rocksdb-main,../repos/rocksdb-main/include/rocksdb/utilities/stackable_db.h,"(568, 3)-(568, 42)",b'using DB::GetPropertiesOfTablesInRange;'
rocksdb-main,../repos/rocksdb-main/include/rocksdb/utilities/transaction_db.h,"(377, 3)-(377, 28)",b'using StackableDB::Write;'
rocksdb-main,../repos/rocksdb-main/include/rocksdb/utilities/transaction_db.h,"(392, 3)-(392, 34)",b'using StackableDB::DeleteRange;'
rocksdb-main,../repos/rocksdb-main/include/rocksdb/utilities/write_batch_with_index.h,"(106, 3)-(106, 29)",b'using WriteBatchBase::Put;'
rocksdb-main,../repos/rocksdb-main/include/rocksdb/utilities/write_batch_with_index.h,"(115, 3)-(115, 34)",b'using WriteBatchBase::TimedPut;'
rocksdb-main,../repos/rocksdb-main/include/rocksdb/utilities/write_batch_with_index.h,"(136, 3)-(136, 31)",b'using WriteBatchBase::Merge;'
rocksdb-main,../repos/rocksdb-main/include/rocksdb/utilities/write_batch_with_index.h,"(147, 3)-(147, 32)",b'using WriteBatchBase::Delete;'
rocksdb-main,../repos/rocksdb-main/include/rocksdb/utilities/write_batch_with_index.h,"(153, 3)-(153, 38)",b'using WriteBatchBase::SingleDelete;'
rocksdb-main,../repos/rocksdb-main/include/rocksdb/utilities/write_batch_with_index.h,"(160, 3)-(160, 37)",b'using WriteBatchBase::DeleteRange;'
rocksdb-main,../repos/rocksdb-main/include/rocksdb/utilities/write_batch_with_index.h,"(179, 3)-(179, 36)",b'using WriteBatchBase::PutLogData;'
rocksdb-main,../repos/rocksdb-main/include/rocksdb/utilities/write_batch_with_index.h,"(182, 3)-(182, 31)",b'using WriteBatchBase::Clear;'
rocksdb-main,../repos/rocksdb-main/include/rocksdb/utilities/write_batch_with_index.h,"(185, 3)-(185, 39)",b'using WriteBatchBase::GetWriteBatch;'
rocksdb-main,../repos/rocksdb-main/include/rocksdb/write_batch.h,"(76, 3)-(76, 29)",b'using WriteBatchBase::Put;'
rocksdb-main,../repos/rocksdb-main/include/rocksdb/write_batch.h,"(103, 3)-(103, 34)",b'using WriteBatchBase::TimedPut;'
rocksdb-main,../repos/rocksdb-main/include/rocksdb/write_batch.h,"(116, 3)-(116, 35)",b'using WriteBatchBase::PutEntity;'
rocksdb-main,../repos/rocksdb-main/include/rocksdb/write_batch.h,"(125, 3)-(125, 32)",b'using WriteBatchBase::Delete;'
rocksdb-main,../repos/rocksdb-main/include/rocksdb/write_batch.h,"(145, 3)-(145, 38)",b'using WriteBatchBase::SingleDelete;'
rocksdb-main,../repos/rocksdb-main/include/rocksdb/write_batch.h,"(162, 3)-(162, 37)",b'using WriteBatchBase::DeleteRange;'
rocksdb-main,../repos/rocksdb-main/include/rocksdb/write_batch.h,"(182, 3)-(182, 31)",b'using WriteBatchBase::Merge;'
rocksdb-main,../repos/rocksdb-main/include/rocksdb/write_batch.h,"(200, 3)-(200, 36)",b'using WriteBatchBase::PutLogData;'
rocksdb-main,../repos/rocksdb-main/include/rocksdb/write_batch.h,"(213, 3)-(213, 31)",b'using WriteBatchBase::Clear;'
rocksdb-main,../repos/rocksdb-main/include/rocksdb/write_batch.h,"(439, 3)-(439, 39)",b'using WriteBatchBase::GetWriteBatch;'
rocksdb-main,../repos/rocksdb-main/logging/auto_roll_logger.h,"(34, 3)-(34, 22)",b'using Logger::Logv;'
rocksdb-main,../repos/rocksdb-main/logging/auto_roll_logger.h,"(78, 3)-(78, 33)",b'using Logger::GetInfoLogLevel;'
rocksdb-main,../repos/rocksdb-main/logging/auto_roll_logger.h,"(87, 3)-(87, 33)",b'using Logger::SetInfoLogLevel;'
rocksdb-main,../repos/rocksdb-main/logging/env_logger.h,"(107, 3)-(107, 22)",b'using Logger::Logv;'
rocksdb-main,../repos/rocksdb-main/logging/event_logger_test.cc,"(18, 3)-(18, 22)",b'using Logger::Logv;'
rocksdb-main,../repos/rocksdb-main/memtable/hash_linklist_rep.cc,"(889, 3)-(889, 47)",b'using MemTableRepFactory::CreateMemTableRep;'
rocksdb-main,../repos/rocksdb-main/memtable/hash_skiplist_rep.cc,"(359, 3)-(359, 47)",b'using MemTableRepFactory::CreateMemTableRep;'
rocksdb-main,../repos/rocksdb-main/memtable/memtablerep_bench.cc,"(42, 1)-(42, 47)",b'using GFLAGS_NAMESPACE::ParseCommandLineFlags;'
rocksdb-main,../repos/rocksdb-main/memtable/memtablerep_bench.cc,"(43, 1)-(43, 47)",b'using GFLAGS_NAMESPACE::RegisterFlagValidator;'
rocksdb-main,../repos/rocksdb-main/memtable/memtablerep_bench.cc,"(44, 1)-(44, 41)",b'using GFLAGS_NAMESPACE::SetUsageMessage;'
rocksdb-main,../repos/rocksdb-main/options/configurable_test.cc,"(28, 1)-(28, 47)",b'using GFLAGS_NAMESPACE::ParseCommandLineFlags;'
rocksdb-main,../repos/rocksdb-main/options/configurable_test.cc,"(36, 3)-(36, 22)",b'using Logger::Logv;'
rocksdb-main,../repos/rocksdb-main/options/customizable_test.cc,"(56, 1)-(56, 47)",b'using GFLAGS_NAMESPACE::ParseCommandLineFlags;'
rocksdb-main,../repos/rocksdb-main/options/customizable_test.cc,"(64, 3)-(64, 22)",b'using Logger::Logv;'
rocksdb-main,../repos/rocksdb-main/options/options_settable_test.cc,"(22, 1)-(22, 47)",b'using GFLAGS_NAMESPACE::ParseCommandLineFlags;'
rocksdb-main,../repos/rocksdb-main/options/options_test.cc,"(42, 1)-(42, 47)",b'using GFLAGS_NAMESPACE::ParseCommandLineFlags;'
rocksdb-main,../repos/rocksdb-main/options/options_test.cc,"(54, 3)-(54, 38)",b'using TableFactory::NewTableReader;'
rocksdb-main,../repos/rocksdb-main/port/port_dirent.h,"(36, 1)-(36, 22)",b'using port::closedir;'
rocksdb-main,../repos/rocksdb-main/port/port_dirent.h,"(37, 1)-(37, 17)",b'using port::DIR;'
rocksdb-main,../repos/rocksdb-main/port/port_dirent.h,"(38, 1)-(38, 20)",b'using port::dirent;'
rocksdb-main,../repos/rocksdb-main/port/port_dirent.h,"(39, 1)-(39, 21)",b'using port::opendir;'
rocksdb-main,../repos/rocksdb-main/port/port_dirent.h,"(40, 1)-(40, 21)",b'using port::readdir;'
rocksdb-main,../repos/rocksdb-main/port/win/port_win.h,"(375, 1)-(375, 33)",b'using port::pthread_getspecific;'
rocksdb-main,../repos/rocksdb-main/port/win/port_win.h,"(376, 1)-(376, 32)",b'using port::pthread_key_create;'
rocksdb-main,../repos/rocksdb-main/port/win/port_win.h,"(377, 1)-(377, 32)",b'using port::pthread_key_delete;'
rocksdb-main,../repos/rocksdb-main/port/win/port_win.h,"(378, 1)-(378, 27)",b'using port::pthread_key_t;'
rocksdb-main,../repos/rocksdb-main/port/win/port_win.h,"(379, 1)-(379, 33)",b'using port::pthread_setspecific;'
rocksdb-main,../repos/rocksdb-main/port/win/port_win.h,"(380, 1)-(380, 22)",b'using port::truncate;'
rocksdb-main,../repos/rocksdb-main/port/win/win_logger.h,"(40, 3)-(40, 41)",b'using ROCKSDB_NAMESPACE::Logger::Logv;'
rocksdb-main,../repos/rocksdb-main/table/adaptive/adaptive_table_factory.h,"(36, 3)-(36, 38)",b'using TableFactory::NewTableReader;'
rocksdb-main,../repos/rocksdb-main/table/block_based/block_based_table_factory.h,"(62, 3)-(62, 38)",b'using TableFactory::NewTableReader;'
rocksdb-main,../repos/rocksdb-main/table/block_based/block_cache.h,"(29, 3)-(29, 22)",b'using Block::Block;'
rocksdb-main,../repos/rocksdb-main/table/block_based/block_cache.h,"(37, 3)-(37, 22)",b'using Block::Block;'
rocksdb-main,../repos/rocksdb-main/table/block_based/block_cache.h,"(45, 3)-(45, 22)",b'using Block::Block;'
rocksdb-main,../repos/rocksdb-main/table/block_based/block_cache.h,"(54, 3)-(54, 22)",b'using Block::Block;'
rocksdb-main,../repos/rocksdb-main/table/block_based/block_cache.h,"(64, 3)-(64, 22)",b'using Block::Block;'
rocksdb-main,../repos/rocksdb-main/table/block_based/filter_policy.cc,"(326, 3)-(326, 35)",b'using FilterBitsBuilder::Finish;'
rocksdb-main,../repos/rocksdb-main/table/block_based/filter_policy.cc,"(611, 3)-(611, 35)",b'using FilterBitsBuilder::Finish;'
rocksdb-main,../repos/rocksdb-main/table/block_based/filter_policy.cc,"(1027, 3)-(1027, 35)",b'using FilterBitsBuilder::Finish;'
rocksdb-main,../repos/rocksdb-main/table/block_based/filter_policy.cc,"(1267, 3)-(1267, 36)",b'using FilterBitsReader::MayMatch;'
rocksdb-main,../repos/rocksdb-main/table/block_based/filter_policy.cc,"(1269, 3)-(1269, 47)",b'using BuiltinFilterBitsReader::HashMayMatch;'
rocksdb-main,../repos/rocksdb-main/table/block_based/filter_policy.cc,"(1275, 3)-(1275, 36)",b'using FilterBitsReader::MayMatch;'
rocksdb-main,../repos/rocksdb-main/table/block_based/filter_policy.cc,"(1277, 3)-(1277, 47)",b'using BuiltinFilterBitsReader::HashMayMatch;'
rocksdb-main,../repos/rocksdb-main/table/block_based/full_filter_block.h,"(58, 3)-(58, 36)",b'using FilterBlockBuilder::Finish;'
rocksdb-main,../repos/rocksdb-main/table/block_based/full_filter_block_test.cc,"(33, 3)-(33, 35)",b'using FilterBitsBuilder::Finish;'
rocksdb-main,../repos/rocksdb-main/table/block_based/full_filter_block_test.cc,"(67, 3)-(67, 36)",b'using FilterBitsReader::MayMatch;'
rocksdb-main,../repos/rocksdb-main/table/block_based/full_filter_block_test.cc,"(207, 3)-(207, 35)",b'using FilterBitsBuilder::Finish;'
rocksdb-main,../repos/rocksdb-main/table/block_based/index_builder.h,"(253, 3)-(253, 30)",b'using IndexBuilder::Finish;'
rocksdb-main,../repos/rocksdb-main/table/cuckoo/cuckoo_table_factory.h,"(63, 3)-(63, 38)",b'using TableFactory::NewTableReader;'
rocksdb-main,../repos/rocksdb-main/table/cuckoo/cuckoo_table_reader_test.cc,"(33, 1)-(33, 47)",b'using GFLAGS_NAMESPACE::ParseCommandLineFlags;'
rocksdb-main,../repos/rocksdb-main/table/cuckoo/cuckoo_table_reader_test.cc,"(67, 3)-(67, 30)",b'using testing::Test::SetUp;'
rocksdb-main,../repos/rocksdb-main/table/mock_table.h,"(54, 3)-(54, 38)",b'using TableFactory::NewTableReader;'
rocksdb-main,../repos/rocksdb-main/table/plain/plain_table_factory.h,"(162, 3)-(162, 38)",b'using TableFactory::NewTableReader;'
rocksdb-main,../repos/rocksdb-main/table/table_reader_bench.cc,"(32, 1)-(32, 47)",b'using GFLAGS_NAMESPACE::ParseCommandLineFlags;'
rocksdb-main,../repos/rocksdb-main/table/table_reader_bench.cc,"(33, 1)-(33, 41)",b'using GFLAGS_NAMESPACE::SetUsageMessage;'
rocksdb-main,../repos/rocksdb-main/table/table_test.cc,"(3621, 3)-(3621, 36)",b'using CacheWrapper::CacheWrapper;'
rocksdb-main,../repos/rocksdb-main/test_util/testharness.cc,"(73, 3)-(73, 33)",b'using std::regex::basic_regex;'
rocksdb-main,../repos/rocksdb-main/test_util/testharness.h,"(122, 1)-(122, 23)",b'using test::TestRegex;'
rocksdb-main,../repos/rocksdb-main/test_util/testutil.cc,"(667, 3)-(667, 47)",b'using MemTableRepFactory::CreateMemTableRep;'
rocksdb-main,../repos/rocksdb-main/test_util/testutil.h,"(177, 3)-(177, 32)",b'using FSWritableFile::Append;'
rocksdb-main,../repos/rocksdb-main/test_util/testutil.h,"(277, 3)-(277, 32)",b'using FSWritableFile::Append;'
rocksdb-main,../repos/rocksdb-main/test_util/testutil.h,"(361, 3)-(361, 22)",b'using Logger::Logv;'
rocksdb-main,../repos/rocksdb-main/test_util/testutil.h,"(559, 5)-(559, 34)",b'using FSWritableFile::Append;'
rocksdb-main,../repos/rocksdb-main/third-party/gtest-1.8.1/fused-src/gtest/gtest-all.cc,"(1612, 1)-(1612, 25)",b'using internal::CountIf;'
rocksdb-main,../repos/rocksdb-main/third-party/gtest-1.8.1/fused-src/gtest/gtest-all.cc,"(1613, 1)-(1613, 25)",b'using internal::ForEach;'
rocksdb-main,../repos/rocksdb-main/third-party/gtest-1.8.1/fused-src/gtest/gtest-all.cc,"(1614, 1)-(1614, 30)",b'using internal::GetElementOr;'
rocksdb-main,../repos/rocksdb-main/third-party/gtest-1.8.1/fused-src/gtest/gtest-all.cc,"(1615, 1)-(1615, 25)",b'using internal::Shuffle;'
rocksdb-main,../repos/rocksdb-main/third-party/gtest-1.8.1/fused-src/gtest/gtest-all.cc,"(2496, 3)-(2496, 19)",b'using std::swap;'
rocksdb-main,../repos/rocksdb-main/third-party/gtest-1.8.1/fused-src/gtest/gtest-all.cc,"(7303, 5)-(7303, 35)",b'using internal::ParseBoolFlag;'
rocksdb-main,../repos/rocksdb-main/third-party/gtest-1.8.1/fused-src/gtest/gtest-all.cc,"(7304, 5)-(7304, 36)",b'using internal::ParseInt32Flag;'
rocksdb-main,../repos/rocksdb-main/third-party/gtest-1.8.1/fused-src/gtest/gtest-all.cc,"(7305, 5)-(7305, 37)",b'using internal::ParseStringFlag;'
rocksdb-main,../repos/rocksdb-main/third-party/gtest-1.8.1/fused-src/gtest/gtest-all.cc,"(10779, 1)-(10779, 22)",b'using ::std::ostream;'
rocksdb-main,../repos/rocksdb-main/third-party/gtest-1.8.1/fused-src/gtest/gtest-all.cc,"(11215, 1)-(11215, 33)",b'using internal::GetUnitTestImpl;'
rocksdb-main,../repos/rocksdb-main/third-party/gtest-1.8.1/fused-src/gtest/gtest.h,"(2320, 1)-(2320, 35)",b'using GTEST_TUPLE_NAMESPACE_::get;'
rocksdb-main,../repos/rocksdb-main/third-party/gtest-1.8.1/fused-src/gtest/gtest.h,"(2321, 1)-(2321, 42)",b'using GTEST_TUPLE_NAMESPACE_::make_tuple;'
rocksdb-main,../repos/rocksdb-main/third-party/gtest-1.8.1/fused-src/gtest/gtest.h,"(2322, 1)-(2322, 37)",b'using GTEST_TUPLE_NAMESPACE_::tuple;'
rocksdb-main,../repos/rocksdb-main/third-party/gtest-1.8.1/fused-src/gtest/gtest.h,"(2323, 1)-(2323, 42)",b'using GTEST_TUPLE_NAMESPACE_::tuple_size;'
rocksdb-main,../repos/rocksdb-main/third-party/gtest-1.8.1/fused-src/gtest/gtest.h,"(2324, 1)-(2324, 45)",b'using GTEST_TUPLE_NAMESPACE_::tuple_element;'
rocksdb-main,../repos/rocksdb-main/third-party/gtest-1.8.1/fused-src/gtest/gtest.h,"(2692, 1)-(2692, 20)",b'using std::forward;'
rocksdb-main,../repos/rocksdb-main/third-party/gtest-1.8.1/fused-src/gtest/gtest.h,"(2693, 1)-(2693, 17)",b'using std::move;'
rocksdb-main,../repos/rocksdb-main/third-party/gtest-1.8.1/fused-src/gtest/gtest.h,"(4115, 5)-(4115, 25)",b'using ::operator <<;'
rocksdb-main,../repos/rocksdb-main/third-party/gtest-1.8.1/fused-src/gtest/gtest.h,"(4202, 5)-(4202, 25)",b'using ::operator <<;'
rocksdb-main,../repos/rocksdb-main/third-party/gtest-1.8.1/fused-src/gtest/gtest.h,"(4701, 3)-(4701, 29)",b'using abi::__cxa_demangle;'
rocksdb-main,../repos/rocksdb-main/third-party/gtest-1.8.1/fused-src/gtest/gtest.h,"(10586, 3)-(10586, 40)",b'using namespace ::testing::internal2;'
rocksdb-main,../repos/rocksdb-main/tools/blob_dump.cc,"(14, 1)-(14, 33)",b'using ROCKSDB_NAMESPACE::Status;'
rocksdb-main,../repos/rocksdb-main/tools/blob_dump.cc,"(15, 1)-(15, 48)",b'using ROCKSDB_NAMESPACE::blob_db::BlobDumpTool;'
rocksdb-main,../repos/rocksdb-main/tools/block_cache_analyzer/block_cache_trace_analyzer.cc,"(26, 1)-(26, 47)",b'using GFLAGS_NAMESPACE::ParseCommandLineFlags;'
rocksdb-main,../repos/rocksdb-main/tools/db_bench_tool.cc,"(103, 1)-(103, 47)",b'using GFLAGS_NAMESPACE::ParseCommandLineFlags;'
rocksdb-main,../repos/rocksdb-main/tools/db_bench_tool.cc,"(104, 1)-(104, 47)",b'using GFLAGS_NAMESPACE::RegisterFlagValidator;'
rocksdb-main,../repos/rocksdb-main/tools/db_bench_tool.cc,"(105, 1)-(105, 41)",b'using GFLAGS_NAMESPACE::SetUsageMessage;'
rocksdb-main,../repos/rocksdb-main/tools/db_bench_tool.cc,"(106, 1)-(106, 42)",b'using GFLAGS_NAMESPACE::SetVersionString;'
rocksdb-main,../repos/rocksdb-main/tools/db_repl_stress.cc,"(37, 1)-(37, 38)",b'using ROCKSDB_NAMESPACE::BatchResult;'
rocksdb-main,../repos/rocksdb-main/tools/db_repl_stress.cc,"(38, 1)-(38, 29)",b'using ROCKSDB_NAMESPACE::DB;'
rocksdb-main,../repos/rocksdb-main/tools/db_repl_stress.cc,"(39, 1)-(39, 36)",b'using ROCKSDB_NAMESPACE::DestroyDB;'
rocksdb-main,../repos/rocksdb-main/tools/db_repl_stress.cc,"(40, 1)-(40, 30)",b'using ROCKSDB_NAMESPACE::Env;'
rocksdb-main,../repos/rocksdb-main/tools/db_repl_stress.cc,"(41, 1)-(41, 34)",b'using ROCKSDB_NAMESPACE::Options;'
rocksdb-main,../repos/rocksdb-main/tools/db_repl_stress.cc,"(42, 1)-(42, 33)",b'using ROCKSDB_NAMESPACE::Random;'
rocksdb-main,../repos/rocksdb-main/tools/db_repl_stress.cc,"(43, 1)-(43, 41)",b'using ROCKSDB_NAMESPACE::SequenceNumber;'
rocksdb-main,../repos/rocksdb-main/tools/db_repl_stress.cc,"(44, 1)-(44, 32)",b'using ROCKSDB_NAMESPACE::Slice;'
rocksdb-main,../repos/rocksdb-main/tools/db_repl_stress.cc,"(45, 1)-(45, 33)",b'using ROCKSDB_NAMESPACE::Status;'
rocksdb-main,../repos/rocksdb-main/tools/db_repl_stress.cc,"(46, 1)-(46, 49)",b'using ROCKSDB_NAMESPACE::TransactionLogIterator;'
rocksdb-main,../repos/rocksdb-main/tools/db_repl_stress.cc,"(47, 1)-(47, 39)",b'using ROCKSDB_NAMESPACE::WriteOptions;'
rocksdb-main,../repos/rocksdb-main/tools/db_repl_stress.cc,"(49, 1)-(49, 47)",b'using GFLAGS_NAMESPACE::ParseCommandLineFlags;'
rocksdb-main,../repos/rocksdb-main/tools/db_repl_stress.cc,"(50, 1)-(50, 41)",b'using GFLAGS_NAMESPACE::SetUsageMessage;'
rocksdb-main,../repos/rocksdb-main/tools/io_tracer_parser_tool.cc,"(20, 1)-(20, 47)",b'using GFLAGS_NAMESPACE::ParseCommandLineFlags;'
rocksdb-main,../repos/rocksdb-main/tools/ldb_cmd.cc,"(3848, 3)-(3848, 50)",b'using ROCKSDB_NAMESPACE::blob_db::BlobDumpTool;'
rocksdb-main,../repos/rocksdb-main/tools/ldb_cmd_test.cc,"(29, 1)-(29, 16)",b'using std::map;'
rocksdb-main,../repos/rocksdb-main/tools/ldb_cmd_test.cc,"(30, 1)-(30, 19)",b'using std::string;'
rocksdb-main,../repos/rocksdb-main/tools/ldb_cmd_test.cc,"(31, 1)-(31, 19)",b'using std::vector;'
rocksdb-main,../repos/rocksdb-main/tools/trace_analyzer_tool.cc,"(49, 1)-(49, 47)",b'using GFLAGS_NAMESPACE::ParseCommandLineFlags;'
rocksdb-main,../repos/rocksdb-main/tools/trace_analyzer_tool.h,"(190, 3)-(190, 38)",b'using TraceRecord::Handler::Handle;'
rocksdb-main,../repos/rocksdb-main/tools/trace_analyzer_tool.h,"(200, 3)-(200, 36)",b'using WriteBatch::Handler::PutCF;'
rocksdb-main,../repos/rocksdb-main/tools/trace_analyzer_tool.h,"(204, 3)-(204, 42)",b'using WriteBatch::Handler::PutEntityCF;'
rocksdb-main,../repos/rocksdb-main/tools/trace_analyzer_tool.h,"(208, 3)-(208, 39)",b'using WriteBatch::Handler::DeleteCF;'
rocksdb-main,../repos/rocksdb-main/tools/trace_analyzer_tool.h,"(211, 3)-(211, 45)",b'using WriteBatch::Handler::SingleDeleteCF;'
rocksdb-main,../repos/rocksdb-main/tools/trace_analyzer_tool.h,"(214, 3)-(214, 44)",b'using WriteBatch::Handler::DeleteRangeCF;'
rocksdb-main,../repos/rocksdb-main/tools/trace_analyzer_tool.h,"(218, 3)-(218, 38)",b'using WriteBatch::Handler::MergeCF;'
rocksdb-main,../repos/rocksdb-main/tools/trace_analyzer_tool.h,"(224, 3)-(224, 45)",b'using WriteBatch::Handler::PutBlobIndexCF;'
rocksdb-main,../repos/rocksdb-main/tools/trace_analyzer_tool.h,"(231, 3)-(231, 38)",b'using WriteBatch::Handler::LogData;'
rocksdb-main,../repos/rocksdb-main/tools/trace_analyzer_tool.h,"(234, 3)-(234, 47)",b'using WriteBatch::Handler::MarkBeginPrepare;'
rocksdb-main,../repos/rocksdb-main/tools/trace_analyzer_tool.h,"(237, 3)-(237, 45)",b'using WriteBatch::Handler::MarkEndPrepare;'
rocksdb-main,../repos/rocksdb-main/tools/trace_analyzer_tool.h,"(240, 3)-(240, 39)",b'using WriteBatch::Handler::MarkNoop;'
rocksdb-main,../repos/rocksdb-main/tools/trace_analyzer_tool.h,"(243, 3)-(243, 43)",b'using WriteBatch::Handler::MarkRollback;'
rocksdb-main,../repos/rocksdb-main/tools/trace_analyzer_tool.h,"(246, 3)-(246, 41)",b'using WriteBatch::Handler::MarkCommit;'
rocksdb-main,../repos/rocksdb-main/tools/trace_analyzer_tool.h,"(249, 3)-(249, 54)",b'using WriteBatch::Handler::MarkCommitWithTime...'
rocksdb-main,../repos/rocksdb-main/tools/write_stress.cc,"(75, 1)-(75, 47)",b'using GFLAGS_NAMESPACE::ParseCommandLineFlags;'
rocksdb-main,../repos/rocksdb-main/tools/write_stress.cc,"(76, 1)-(76, 47)",b'using GFLAGS_NAMESPACE::RegisterFlagValidator;'
rocksdb-main,../repos/rocksdb-main/tools/write_stress.cc,"(77, 1)-(77, 41)",b'using GFLAGS_NAMESPACE::SetUsageMessage;'
rocksdb-main,../repos/rocksdb-main/util/autovector_test.cc,"(18, 1)-(18, 17)",b'using std::cout;'
rocksdb-main,../repos/rocksdb-main/util/autovector_test.cc,"(19, 1)-(19, 17)",b'using std::endl;'
rocksdb-main,../repos/rocksdb-main/util/bloom_test.cc,"(34, 1)-(34, 47)",b'using GFLAGS_NAMESPACE::ParseCommandLineFlags;'
rocksdb-main,../repos/rocksdb-main/util/comparator.cc,"(139, 3)-(139, 45)",b'using Comparator::CompareWithoutTimestamp;'
rocksdb-main,../repos/rocksdb-main/util/comparator.cc,"(228, 3)-(228, 45)",b'using Comparator::CompareWithoutTimestamp;'
rocksdb-main,../repos/rocksdb-main/util/comparator.cc,"(274, 3)-(274, 45)",b'using Comparator::CompareWithoutTimestamp;'
rocksdb-main,../repos/rocksdb-main/util/dynamic_bloom_test.cc,"(31, 1)-(31, 47)",b'using GFLAGS_NAMESPACE::ParseCommandLineFlags;'
rocksdb-main,../repos/rocksdb-main/util/file_reader_writer_test.cc,"(36, 5)-(36, 34)",b'using FSWritableFile::Append;'
rocksdb-main,../repos/rocksdb-main/util/file_reader_writer_test.cc,"(139, 5)-(139, 34)",b'using FSWritableFile::Append;'
rocksdb-main,../repos/rocksdb-main/util/file_reader_writer_test.cc,"(146, 5)-(146, 44)",b'using FSWritableFile::PositionedAppend;'
rocksdb-main,../repos/rocksdb-main/util/file_reader_writer_test.cc,"(434, 5)-(434, 34)",b'using FSWritableFile::Append;'
rocksdb-main,../repos/rocksdb-main/util/file_reader_writer_test.cc,"(442, 5)-(442, 44)",b'using FSWritableFile::PositionedAppend;'
rocksdb-main,../repos/rocksdb-main/util/file_reader_writer_test.cc,"(822, 5)-(822, 34)",b'using FSWritableFile::Append;'
rocksdb-main,../repos/rocksdb-main/util/file_reader_writer_test.cc,"(832, 5)-(832, 44)",b'using FSWritableFile::PositionedAppend;'
rocksdb-main,../repos/rocksdb-main/util/filter_bench.cc,"(38, 1)-(38, 47)",b'using GFLAGS_NAMESPACE::ParseCommandLineFlags;'
rocksdb-main,../repos/rocksdb-main/util/filter_bench.cc,"(39, 1)-(39, 47)",b'using GFLAGS_NAMESPACE::RegisterFlagValidator;'
rocksdb-main,../repos/rocksdb-main/util/filter_bench.cc,"(40, 1)-(40, 41)",b'using GFLAGS_NAMESPACE::SetUsageMessage;'
rocksdb-main,../repos/rocksdb-main/util/filter_bench.cc,"(143, 1)-(143, 32)",b'using ROCKSDB_NAMESPACE::Arena;'
rocksdb-main,../repos/rocksdb-main/util/filter_bench.cc,"(144, 1)-(144, 40)",b'using ROCKSDB_NAMESPACE::BlockContents;'
rocksdb-main,../repos/rocksdb-main/util/filter_bench.cc,"(145, 1)-(145, 44)",b'using ROCKSDB_NAMESPACE::BloomFilterPolicy;'
rocksdb-main,../repos/rocksdb-main/util/filter_bench.cc,"(146, 1)-(146, 36)",b'using ROCKSDB_NAMESPACE::BloomHash;'
rocksdb-main,../repos/rocksdb-main/util/filter_bench.cc,"(147, 1)-(147, 48)",b'using ROCKSDB_NAMESPACE::BloomLikeFilterPolicy;'
rocksdb-main,../repos/rocksdb-main/util/filter_bench.cc,"(148, 1)-(148, 51)",b'using ROCKSDB_NAMESPACE::BuiltinFilterBitsBuilder;'
rocksdb-main,../repos/rocksdb-main/util/filter_bench.cc,"(149, 1)-(149, 40)",b'using ROCKSDB_NAMESPACE::CachableEntry;'
rocksdb-main,../repos/rocksdb-main/util/filter_bench.cc,"(150, 1)-(150, 32)",b'using ROCKSDB_NAMESPACE::Cache;'
rocksdb-main,../repos/rocksdb-main/util/filter_bench.cc,"(151, 1)-(151, 41)",b'using ROCKSDB_NAMESPACE::CacheEntryRole;'
rocksdb-main,../repos/rocksdb-main/util/filter_bench.cc,"(152, 1)-(152, 48)",b'using ROCKSDB_NAMESPACE::CacheEntryRoleOptions;'
rocksdb-main,../repos/rocksdb-main/util/filter_bench.cc,"(153, 1)-(153, 40)",b'using ROCKSDB_NAMESPACE::EncodeFixed32;'
rocksdb-main,../repos/rocksdb-main/util/filter_bench.cc,"(154, 1)-(154, 30)",b'using ROCKSDB_NAMESPACE::Env;'
rocksdb-main,../repos/rocksdb-main/util/filter_bench.cc,"(155, 1)-(155, 38)",b'using ROCKSDB_NAMESPACE::FastRange32;'
rocksdb-main,../repos/rocksdb-main/util/filter_bench.cc,"(156, 1)-(156, 43)",b'using ROCKSDB_NAMESPACE::FilterBitsReader;'
rocksdb-main,../repos/rocksdb-main/util/filter_bench.cc,"(157, 1)-(157, 48)",b'using ROCKSDB_NAMESPACE::FilterBuildingContext;'
rocksdb-main,../repos/rocksdb-main/util/filter_bench.cc,"(158, 1)-(158, 39)",b'using ROCKSDB_NAMESPACE::FilterPolicy;'
rocksdb-main,../repos/rocksdb-main/util/filter_bench.cc,"(159, 1)-(159, 48)",b'using ROCKSDB_NAMESPACE::FullFilterBlockReader;'
rocksdb-main,../repos/rocksdb-main/util/filter_bench.cc,"(160, 1)-(160, 39)",b'using ROCKSDB_NAMESPACE::GetSliceHash;'
rocksdb-main,../repos/rocksdb-main/util/filter_bench.cc,"(161, 1)-(161, 41)",b'using ROCKSDB_NAMESPACE::GetSliceHash64;'
rocksdb-main,../repos/rocksdb-main/util/filter_bench.cc,"(162, 1)-(162, 38)",b'using ROCKSDB_NAMESPACE::Lower32of64;'
rocksdb-main,../repos/rocksdb-main/util/filter_bench.cc,"(163, 1)-(163, 42)",b'using ROCKSDB_NAMESPACE::LRUCacheOptions;'
rocksdb-main,../repos/rocksdb-main/util/filter_bench.cc,"(164, 1)-(164, 48)",b'using ROCKSDB_NAMESPACE::ParsedFullFilterBlock;'
rocksdb-main,../repos/rocksdb-main/util/filter_bench.cc,"(165, 1)-(165, 44)",b'using ROCKSDB_NAMESPACE::PlainTableBloomV1;'
rocksdb-main,../repos/rocksdb-main/util/filter_bench.cc,"(166, 1)-(166, 35)",b'using ROCKSDB_NAMESPACE::Random32;'
rocksdb-main,../repos/rocksdb-main/util/filter_bench.cc,"(167, 1)-(167, 32)",b'using ROCKSDB_NAMESPACE::Slice;'
rocksdb-main,../repos/rocksdb-main/util/filter_bench.cc,"(168, 1)-(168, 49)",b'using ROCKSDB_NAMESPACE::static_cast_with_check;'
rocksdb-main,../repos/rocksdb-main/util/filter_bench.cc,"(169, 1)-(169, 33)",b'using ROCKSDB_NAMESPACE::Status;'
rocksdb-main,../repos/rocksdb-main/util/filter_bench.cc,"(170, 1)-(170, 39)",b'using ROCKSDB_NAMESPACE::StderrLogger;'
rocksdb-main,../repos/rocksdb-main/util/filter_bench.cc,"(171, 1)-(171, 58)",b'using ROCKSDB_NAMESPACE::mock::MockBlockBased...'
rocksdb-main,../repos/rocksdb-main/util/hash_test.cc,"(23, 1)-(23, 44)",b'using ROCKSDB_NAMESPACE::BijectiveHash2x64;'
rocksdb-main,../repos/rocksdb-main/util/hash_test.cc,"(24, 1)-(24, 46)",b'using ROCKSDB_NAMESPACE::BijectiveUnhash2x64;'
rocksdb-main,../repos/rocksdb-main/util/hash_test.cc,"(25, 1)-(25, 40)",b'using ROCKSDB_NAMESPACE::DecodeFixed64;'
rocksdb-main,../repos/rocksdb-main/util/hash_test.cc,"(26, 1)-(26, 40)",b'using ROCKSDB_NAMESPACE::EncodeFixed32;'
rocksdb-main,../repos/rocksdb-main/util/hash_test.cc,"(27, 1)-(27, 42)",b'using ROCKSDB_NAMESPACE::EndianSwapValue;'
rocksdb-main,../repos/rocksdb-main/util/hash_test.cc,"(28, 1)-(28, 41)",b'using ROCKSDB_NAMESPACE::GetSliceHash64;'
rocksdb-main,../repos/rocksdb-main/util/hash_test.cc,"(29, 1)-(29, 31)",b'using ROCKSDB_NAMESPACE::Hash;'
rocksdb-main,../repos/rocksdb-main/util/hash_test.cc,"(30, 1)-(30, 34)",b'using ROCKSDB_NAMESPACE::Hash128;'
rocksdb-main,../repos/rocksdb-main/util/hash_test.cc,"(31, 1)-(31, 35)",b'using ROCKSDB_NAMESPACE::Hash2x64;'
rocksdb-main,../repos/rocksdb-main/util/hash_test.cc,"(32, 1)-(32, 33)",b'using ROCKSDB_NAMESPACE::Hash64;'
rocksdb-main,../repos/rocksdb-main/util/hash_test.cc,"(33, 1)-(33, 38)",b'using ROCKSDB_NAMESPACE::Lower32of64;'
rocksdb-main,../repos/rocksdb-main/util/hash_test.cc,"(34, 1)-(34, 39)",b'using ROCKSDB_NAMESPACE::Lower64of128;'
rocksdb-main,../repos/rocksdb-main/util/hash_test.cc,"(35, 1)-(35, 38)",b'using ROCKSDB_NAMESPACE::ReverseBits;'
rocksdb-main,../repos/rocksdb-main/util/hash_test.cc,"(36, 1)-(36, 32)",b'using ROCKSDB_NAMESPACE::Slice;'
rocksdb-main,../repos/rocksdb-main/util/hash_test.cc,"(37, 1)-(37, 38)",b'using ROCKSDB_NAMESPACE::Unsigned128;'
rocksdb-main,../repos/rocksdb-main/util/hash_test.cc,"(38, 1)-(38, 38)",b'using ROCKSDB_NAMESPACE::Upper32of64;'
rocksdb-main,../repos/rocksdb-main/util/hash_test.cc,"(39, 1)-(39, 39)",b'using ROCKSDB_NAMESPACE::Upper64of128;'
rocksdb-main,../repos/rocksdb-main/util/hash_test.cc,"(442, 3)-(442, 40)",b'using ROCKSDB_NAMESPACE::FastRange32;'
rocksdb-main,../repos/rocksdb-main/util/hash_test.cc,"(480, 3)-(480, 40)",b'using ROCKSDB_NAMESPACE::FastRange64;'
rocksdb-main,../repos/rocksdb-main/util/hash_test.cc,"(537, 3)-(537, 45)",b'using ROCKSDB_NAMESPACE::FastRangeGeneric;'
rocksdb-main,../repos/rocksdb-main/util/hash_test.cc,"(566, 1)-(566, 36)",b'using ROCKSDB_NAMESPACE::BitParity;'
rocksdb-main,../repos/rocksdb-main/util/hash_test.cc,"(567, 1)-(567, 39)",b'using ROCKSDB_NAMESPACE::BitsSetToOne;'
rocksdb-main,../repos/rocksdb-main/util/hash_test.cc,"(568, 1)-(568, 37)",b'using ROCKSDB_NAMESPACE::BitwiseAnd;'
rocksdb-main,../repos/rocksdb-main/util/hash_test.cc,"(569, 1)-(569, 38)",b'using ROCKSDB_NAMESPACE::BottomNBits;'
rocksdb-main,../repos/rocksdb-main/util/hash_test.cc,"(570, 1)-(570, 45)",b'using ROCKSDB_NAMESPACE::ConstexprFloorLog2;'
rocksdb-main,../repos/rocksdb-main/util/hash_test.cc,"(571, 1)-(571, 48)",b'using ROCKSDB_NAMESPACE::CountTrailingZeroBits;'
rocksdb-main,../repos/rocksdb-main/util/hash_test.cc,"(572, 1)-(572, 41)",b'using ROCKSDB_NAMESPACE::DecodeFixed128;'
rocksdb-main,../repos/rocksdb-main/util/hash_test.cc,"(573, 1)-(573, 45)",b'using ROCKSDB_NAMESPACE::DecodeFixedGeneric;'
rocksdb-main,../repos/rocksdb-main/util/hash_test.cc,"(574, 1)-(574, 45)",b'using ROCKSDB_NAMESPACE::DownwardInvolution;'
rocksdb-main,../repos/rocksdb-main/util/hash_test.cc,"(575, 1)-(575, 41)",b'using ROCKSDB_NAMESPACE::EncodeFixed128;'
rocksdb-main,../repos/rocksdb-main/util/hash_test.cc,"(576, 1)-(576, 45)",b'using ROCKSDB_NAMESPACE::EncodeFixedGeneric;'
rocksdb-main,../repos/rocksdb-main/util/hash_test.cc,"(577, 1)-(577, 36)",b'using ROCKSDB_NAMESPACE::FloorLog2;'
rocksdb-main,../repos/rocksdb-main/util/hash_test.cc,"(578, 1)-(578, 39)",b'using ROCKSDB_NAMESPACE::Lower64of128;'
rocksdb-main,../repos/rocksdb-main/util/hash_test.cc,"(579, 1)-(579, 42)",b'using ROCKSDB_NAMESPACE::Multiply64to128;'
rocksdb-main,../repos/rocksdb-main/util/hash_test.cc,"(580, 1)-(580, 38)",b'using ROCKSDB_NAMESPACE::Unsigned128;'
rocksdb-main,../repos/rocksdb-main/util/hash_test.cc,"(581, 1)-(581, 39)",b'using ROCKSDB_NAMESPACE::Upper64of128;'
rocksdb-main,../repos/rocksdb-main/util/log_write_bench.cc,"(22, 1)-(22, 47)",b'using GFLAGS_NAMESPACE::ParseCommandLineFlags;'
rocksdb-main,../repos/rocksdb-main/util/log_write_bench.cc,"(23, 1)-(23, 41)",b'using GFLAGS_NAMESPACE::SetUsageMessage;'
rocksdb-main,../repos/rocksdb-main/util/overload.h,"(17, 3)-(17, 27)",b'using Ts::operator()...;'
rocksdb-main,../repos/rocksdb-main/util/random_test.cc,"(17, 1)-(17, 33)",b'using ROCKSDB_NAMESPACE::Random;'
rocksdb-main,../repos/rocksdb-main/util/rate_limiter_impl.h,"(45, 3)-(45, 30)",b'using RateLimiter::Request;'
rocksdb-main,../repos/rocksdb-main/util/ribbon_test.cc,"(36, 1)-(36, 47)",b'using GFLAGS_NAMESPACE::ParseCommandLineFlags;'
rocksdb-main,../repos/rocksdb-main/util/ribbon_test.cc,"(176, 1)-(176, 60)",b'using ROCKSDB_NAMESPACE::ribbon::Construction...'
rocksdb-main,../repos/rocksdb-main/util/ribbon_test.cc,"(190, 1)-(190, 58)",b'using ROCKSDB_NAMESPACE::ribbon::ExpectedColl...'
rocksdb-main,../repos/rocksdb-main/util/ribbon_test.cc,"(191, 1)-(191, 49)",b'using ROCKSDB_NAMESPACE::ribbon::StandardHasher;'
rocksdb-main,../repos/rocksdb-main/util/ribbon_test.cc,"(192, 1)-(192, 58)",b'using ROCKSDB_NAMESPACE::ribbon::StandardReha...'
rocksdb-main,../repos/rocksdb-main/util/stderr_logger.h,"(30, 3)-(30, 22)",b'using Logger::Logv;'
rocksdb-main,../repos/rocksdb-main/utilities/backup/backup_engine.cc,"(879, 3)-(879, 51)",b'using BackupEngine::CreateNewBackupWithMetadata;'
rocksdb-main,../repos/rocksdb-main/utilities/backup/backup_engine.cc,"(933, 3)-(933, 43)",b'using BackupEngine::RestoreDBFromBackup;'
rocksdb-main,../repos/rocksdb-main/utilities/backup/backup_engine.cc,"(970, 3)-(970, 49)",b'using BackupEngine::RestoreDBFromLatestBackup;'
rocksdb-main,../repos/rocksdb-main/utilities/backup/backup_engine_test.cc,"(82, 3)-(82, 24)",b'using DB::GetOptions;'
rocksdb-main,../repos/rocksdb-main/utilities/blob_db/blob_db.h,"(90, 3)-(90, 45)",b'using ROCKSDB_NAMESPACE::StackableDB::Put;'
rocksdb-main,../repos/rocksdb-main/utilities/blob_db/blob_db.h,"(103, 3)-(103, 48)",b'using ROCKSDB_NAMESPACE::StackableDB::Delete;'
rocksdb-main,../repos/rocksdb-main/utilities/blob_db/blob_db.h,"(141, 3)-(141, 45)",b'using ROCKSDB_NAMESPACE::StackableDB::Get;'
rocksdb-main,../repos/rocksdb-main/utilities/blob_db/blob_db.h,"(155, 3)-(155, 50)",b'using ROCKSDB_NAMESPACE::StackableDB::MultiGet;'
rocksdb-main,../repos/rocksdb-main/utilities/blob_db/blob_db.h,"(185, 3)-(185, 54)",b'using ROCKSDB_NAMESPACE::StackableDB::SingleD...'
rocksdb-main,../repos/rocksdb-main/utilities/blob_db/blob_db.h,"(192, 3)-(192, 47)",b'using ROCKSDB_NAMESPACE::StackableDB::Merge;'
rocksdb-main,../repos/rocksdb-main/utilities/blob_db/blob_db.h,"(202, 3)-(202, 53)",b'using ROCKSDB_NAMESPACE::StackableDB::NewIterator;'
rocksdb-main,../repos/rocksdb-main/utilities/blob_db/blob_db.h,"(235, 3)-(235, 47)",b'using ROCKSDB_NAMESPACE::StackableDB::Close;'
rocksdb-main,../repos/rocksdb-main/utilities/blob_db/blob_db_impl.h,"(101, 3)-(101, 21)",b'using BlobDB::Put;'
rocksdb-main,../repos/rocksdb-main/utilities/blob_db/blob_db_impl.h,"(105, 3)-(105, 21)",b'using BlobDB::Get;'
rocksdb-main,../repos/rocksdb-main/utilities/blob_db/blob_db_impl.h,"(114, 3)-(114, 29)",b'using BlobDB::NewIterator;'
rocksdb-main,../repos/rocksdb-main/utilities/blob_db/blob_db_impl.h,"(117, 3)-(117, 30)",b'using BlobDB::NewIterators;'
rocksdb-main,../repos/rocksdb-main/utilities/blob_db/blob_db_impl.h,"(125, 3)-(125, 26)",b'using BlobDB::MultiGet;'
rocksdb-main,../repos/rocksdb-main/utilities/blob_db/blob_db_impl.h,"(130, 3)-(130, 23)",b'using BlobDB::Write;'
rocksdb-main,../repos/rocksdb-main/utilities/blob_db/blob_db_impl.h,"(135, 3)-(135, 28)",b'using BlobDB::PutWithTTL;'
rocksdb-main,../repos/rocksdb-main/utilities/blob_db/blob_db_impl.h,"(139, 3)-(139, 26)",b'using BlobDB::PutUntil;'
rocksdb-main,../repos/rocksdb-main/utilities/blob_db/blob_db_impl.h,"(143, 3)-(143, 30)",b'using BlobDB::CompactFiles;'
rocksdb-main,../repos/rocksdb-main/utilities/blob_db/blob_db_iterator.h,"(19, 1)-(19, 42)",b'using ROCKSDB_NAMESPACE::ManagedSnapshot;'
rocksdb-main,../repos/rocksdb-main/utilities/merge_operators/put_operator.h,"(36, 3)-(36, 42)",b'using MergeOperator::PartialMergeMulti;'
rocksdb-main,../repos/rocksdb-main/utilities/options/options_util_test.cc,"(27, 1)-(27, 47)",b'using GFLAGS_NAMESPACE::ParseCommandLineFlags;'
rocksdb-main,../repos/rocksdb-main/utilities/options/options_util_test.cc,"(159, 3)-(159, 38)",b'using TableFactory::NewTableReader;'
rocksdb-main,../repos/rocksdb-main/utilities/persistent_cache/block_cache_tier_metadata.cc,"(28, 3)-(28, 31)",b'using std::placeholders::_1;'
rocksdb-main,../repos/rocksdb-main/utilities/persistent_cache/hash_table_bench.cc,"(30, 1)-(30, 19)",b'using std::string;'
rocksdb-main,../repos/rocksdb-main/utilities/persistent_cache/persistent_cache_test.cc,"(51, 3)-(51, 22)",b'using Logger::Logv;'
rocksdb-main,../repos/rocksdb-main/utilities/simulator_cache/sim_cache.cc,"(218, 3)-(218, 24)",b'using Cache::Release;'
rocksdb-main,../repos/rocksdb-main/utilities/trace/replayer_impl.h,"(31, 3)-(31, 27)",b'using Replayer::Prepare;'
rocksdb-main,../repos/rocksdb-main/utilities/trace/replayer_impl.h,"(34, 3)-(34, 24)",b'using Replayer::Next;'
rocksdb-main,../repos/rocksdb-main/utilities/trace/replayer_impl.h,"(37, 3)-(37, 27)",b'using Replayer::Execute;'
rocksdb-main,../repos/rocksdb-main/utilities/trace/replayer_impl.h,"(41, 3)-(41, 26)",b'using Replayer::Replay;'
rocksdb-main,../repos/rocksdb-main/utilities/trace/replayer_impl.h,"(47, 3)-(47, 38)",b'using Replayer::GetHeaderTimestamp;'
rocksdb-main,../repos/rocksdb-main/utilities/transactions/lock/range/range_locking_test.cc,"(24, 1)-(24, 19)",b'using std::string;'
rocksdb-main,../repos/rocksdb-main/utilities/transactions/lock/range/range_lock_manager.h,"(26, 3)-(26, 30)",b'using LockManager::TryLock;'
rocksdb-main,../repos/rocksdb-main/utilities/transactions/lock/range/range_tree/lib/portability/toku_external_pthread.h,"(28, 1)-(28, 47)",b'using ROCKSDB_NAMESPACE::TransactionDBCondVar;'
rocksdb-main,../repos/rocksdb-main/utilities/transactions/lock/range/range_tree/lib/portability/toku_external_pthread.h,"(29, 1)-(29, 45)",b'using ROCKSDB_NAMESPACE::TransactionDBMutex;'
rocksdb-main,../repos/rocksdb-main/utilities/transactions/lock/range/range_tree/range_tree_lock_manager.h,"(41, 3)-(41, 30)",b'using LockManager::TryLock;'
rocksdb-main,../repos/rocksdb-main/utilities/transactions/optimistic_transaction_db_impl.h,"(76, 3)-(76, 34)",b'using StackableDB::DeleteRange;'
rocksdb-main,../repos/rocksdb-main/utilities/transactions/pessimistic_transaction.h,"(229, 3)-(229, 43)",b'using TransactionBaseImpl::GetForUpdate;'
rocksdb-main,../repos/rocksdb-main/utilities/transactions/pessimistic_transaction.h,"(239, 3)-(239, 34)",b'using TransactionBaseImpl::Put;'
rocksdb-main,../repos/rocksdb-main/utilities/transactions/pessimistic_transaction.h,"(247, 3)-(247, 43)",b'using TransactionBaseImpl::PutUntracked;'
rocksdb-main,../repos/rocksdb-main/utilities/transactions/pessimistic_transaction.h,"(253, 3)-(253, 37)",b'using TransactionBaseImpl::Delete;'
rocksdb-main,../repos/rocksdb-main/utilities/transactions/pessimistic_transaction.h,"(260, 3)-(260, 46)",b'using TransactionBaseImpl::DeleteUntracked;'
rocksdb-main,../repos/rocksdb-main/utilities/transactions/pessimistic_transaction.h,"(266, 3)-(266, 43)",b'using TransactionBaseImpl::SingleDelete;'
rocksdb-main,../repos/rocksdb-main/utilities/transactions/pessimistic_transaction.h,"(273, 3)-(273, 52)",b'using TransactionBaseImpl::SingleDeleteUntracked;'
rocksdb-main,../repos/rocksdb-main/utilities/transactions/pessimistic_transaction.h,"(277, 3)-(277, 36)",b'using TransactionBaseImpl::Merge;'
rocksdb-main,../repos/rocksdb-main/utilities/transactions/pessimistic_transaction_db.h,"(49, 3)-(49, 26)",b'using StackableDB::Put;'
rocksdb-main,../repos/rocksdb-main/utilities/transactions/pessimistic_transaction_db.h,"(54, 3)-(54, 29)",b'using StackableDB::Delete;'
rocksdb-main,../repos/rocksdb-main/utilities/transactions/pessimistic_transaction_db.h,"(59, 3)-(59, 35)",b'using StackableDB::SingleDelete;'
rocksdb-main,../repos/rocksdb-main/utilities/transactions/pessimistic_transaction_db.h,"(64, 3)-(64, 28)",b'using StackableDB::Merge;'
rocksdb-main,../repos/rocksdb-main/utilities/transactions/pessimistic_transaction_db.h,"(69, 3)-(69, 30)",b'using TransactionDB::Write;'
rocksdb-main,../repos/rocksdb-main/utilities/transactions/pessimistic_transaction_db.h,"(98, 3)-(98, 41)",b'using StackableDB::CreateColumnFamily;'
rocksdb-main,../repos/rocksdb-main/utilities/transactions/pessimistic_transaction_db.h,"(112, 3)-(112, 39)",b'using StackableDB::DropColumnFamily;'
rocksdb-main,../repos/rocksdb-main/utilities/transactions/pessimistic_transaction_db.h,"(256, 3)-(256, 30)",b'using TransactionDB::Write;'
rocksdb-main,../repos/rocksdb-main/utilities/transactions/transaction_base.h,"(55, 3)-(55, 26)",b'using Transaction::Get;'
rocksdb-main,../repos/rocksdb-main/utilities/transactions/transaction_base.h,"(69, 3)-(69, 35)",b'using Transaction::GetForUpdate;'
rocksdb-main,../repos/rocksdb-main/utilities/transactions/transaction_base.h,"(87, 3)-(87, 31)",b'using Transaction::MultiGet;'
rocksdb-main,../repos/rocksdb-main/utilities/transactions/transaction_base.h,"(108, 3)-(108, 40)",b'using Transaction::MultiGetForUpdate;'
rocksdb-main,../repos/rocksdb-main/utilities/transactions/write_prepared_transaction_test.cc,"(39, 1)-(39, 19)",b'using std::string;'
rocksdb-main,../repos/rocksdb-main/utilities/transactions/write_prepared_txn.h,"(53, 3)-(53, 26)",b'using Transaction::Get;'
rocksdb-main,../repos/rocksdb-main/utilities/transactions/write_prepared_txn.h,"(58, 3)-(58, 31)",b'using Transaction::MultiGet;'
rocksdb-main,../repos/rocksdb-main/utilities/transactions/write_prepared_txn.h,"(70, 3)-(70, 34)",b'using Transaction::GetIterator;'
rocksdb-main,../repos/rocksdb-main/utilities/transactions/write_prepared_txn.h,"(89, 3)-(89, 30)",b'using Transaction::GetImpl;'
rocksdb-main,../repos/rocksdb-main/utilities/transactions/write_prepared_txn_db.h,"(71, 3)-(71, 30)",b'using TransactionDB::Write;'
rocksdb-main,../repos/rocksdb-main/utilities/transactions/write_prepared_txn_db.h,"(76, 3)-(76, 41)",b'using PessimisticTransactionDB::Write;'
rocksdb-main,../repos/rocksdb-main/utilities/transactions/write_prepared_txn_db.h,"(85, 3)-(85, 17)",b'using DB::Get;'
rocksdb-main,../repos/rocksdb-main/utilities/transactions/write_prepared_txn_db.h,"(90, 3)-(90, 22)",b'using DB::MultiGet;'
rocksdb-main,../repos/rocksdb-main/utilities/transactions/write_prepared_txn_db.h,"(97, 3)-(97, 25)",b'using DB::NewIterator;'
rocksdb-main,../repos/rocksdb-main/utilities/transactions/write_prepared_txn_db.h,"(101, 3)-(101, 26)",b'using DB::NewIterators;'
rocksdb-main,../repos/rocksdb-main/utilities/transactions/write_unprepared_txn.h,"(119, 3)-(119, 34)",b'using TransactionBaseImpl::Put;'
rocksdb-main,../repos/rocksdb-main/utilities/transactions/write_unprepared_txn.h,"(127, 3)-(127, 36)",b'using TransactionBaseImpl::Merge;'
rocksdb-main,../repos/rocksdb-main/utilities/transactions/write_unprepared_txn.h,"(132, 3)-(132, 37)",b'using TransactionBaseImpl::Delete;'
rocksdb-main,../repos/rocksdb-main/utilities/transactions/write_unprepared_txn.h,"(139, 3)-(139, 43)",b'using TransactionBaseImpl::SingleDelete;'
rocksdb-main,../repos/rocksdb-main/utilities/transactions/write_unprepared_txn.h,"(186, 3)-(186, 26)",b'using Transaction::Get;'
rocksdb-main,../repos/rocksdb-main/utilities/transactions/write_unprepared_txn.h,"(191, 3)-(191, 31)",b'using Transaction::MultiGet;'
rocksdb-main,../repos/rocksdb-main/utilities/transactions/write_unprepared_txn.h,"(198, 3)-(198, 34)",b'using Transaction::GetIterator;'
rocksdb-main,../repos/rocksdb-main/utilities/transactions/write_unprepared_txn.h,"(214, 3)-(214, 30)",b'using Transaction::GetImpl;'
rocksdb-main,../repos/rocksdb-main/utilities/transactions/write_unprepared_txn_db.h,"(17, 3)-(17, 48)",b'using WritePreparedTxnDB::WritePreparedTxnDB;'
rocksdb-main,../repos/rocksdb-main/utilities/transactions/write_unprepared_txn_db.h,"(29, 3)-(29, 41)",b'using WritePreparedTxnDB::NewIterator;'
rocksdb-main,../repos/rocksdb-main/utilities/ttl/db_ttl_impl.h,"(50, 3)-(50, 26)",b'using StackableDB::Put;'
rocksdb-main,../repos/rocksdb-main/utilities/ttl/db_ttl_impl.h,"(55, 3)-(55, 26)",b'using StackableDB::Get;'
rocksdb-main,../repos/rocksdb-main/utilities/ttl/db_ttl_impl.h,"(60, 3)-(60, 31)",b'using StackableDB::MultiGet;'
rocksdb-main,../repos/rocksdb-main/utilities/ttl/db_ttl_impl.h,"(67, 3)-(67, 34)",b'using StackableDB::KeyMayExist;'
rocksdb-main,../repos/rocksdb-main/utilities/ttl/db_ttl_impl.h,"(73, 3)-(73, 28)",b'using StackableDB::Merge;'
rocksdb-main,../repos/rocksdb-main/utilities/ttl/db_ttl_impl.h,"(80, 3)-(80, 34)",b'using StackableDB::NewIterator;'
