Repo name,File name,Location,Content
rocksdb-main,../repos/rocksdb-main/logging/logging.h,"(29, 64)-(29, 66)",b'ROCKSDB_NAMESPACE::Log(InfoLogLevel::HEADER_L...'
rocksdb-main,../repos/rocksdb-main/logging/logging.h,"(32, 136)-(32, 138)","b'ROCKSDB_NAMESPACE::Log((LVL), (LGR), ROCKS_LO...'"
rocksdb-main,../repos/rocksdb-main/logging/logging.h,"(36, 61)-(36, 63)","b'ROCKS_LOG_AT_LEVEL((LGR), InfoLogLevel::DEBUG...'"
rocksdb-main,../repos/rocksdb-main/logging/logging.h,"(39, 60)-(39, 62)","b'ROCKS_LOG_AT_LEVEL((LGR), InfoLogLevel::INFO_...'"
rocksdb-main,../repos/rocksdb-main/logging/logging.h,"(42, 60)-(42, 62)","b'ROCKS_LOG_AT_LEVEL((LGR), InfoLogLevel::WARN_...'"
rocksdb-main,../repos/rocksdb-main/logging/logging.h,"(45, 61)-(45, 63)","b'ROCKS_LOG_AT_LEVEL((LGR), InfoLogLevel::ERROR...'"
rocksdb-main,../repos/rocksdb-main/logging/logging.h,"(48, 61)-(48, 63)","b'ROCKS_LOG_AT_LEVEL((LGR), InfoLogLevel::FATAL...'"
rocksdb-main,../repos/rocksdb-main/logging/logging.h,"(51, 190)-(51, 192)","b'ROCKSDB_NAMESPACE::LogToBuffer(LOG_BUF, ROCKS...'"
rocksdb-main,../repos/rocksdb-main/logging/logging.h,"(56, 176)-(56, 178)",b'ROCKSDB_NAMESPACE::LogToBuffer(              ...'
rocksdb-main,../repos/rocksdb-main/monitoring/iostats_context_imp.h,"(36, 36)-(36, 38)",b'PerfStepTimer iostats_step_timer_##metric(&(i...'
rocksdb-main,../repos/rocksdb-main/monitoring/iostats_context_imp.h,"(36, 96)-(36, 98)",b'PerfStepTimer iostats_step_timer_##metric(&(i...'
rocksdb-main,../repos/rocksdb-main/monitoring/iostats_context_imp.h,"(41, 36)-(41, 38)",b'PerfStepTimer iostats_step_timer_##metric(   ...'
rocksdb-main,../repos/rocksdb-main/monitoring/iostats_context_imp.h,"(41, 193)-(41, 195)",b'PerfStepTimer iostats_step_timer_##metric(   ...'
rocksdb-main,../repos/rocksdb-main/monitoring/perf_context_imp.h,"(39, 49)-(39, 51)",b'perf_step_timer_##metric.Stop();'
rocksdb-main,../repos/rocksdb-main/monitoring/perf_context_imp.h,"(41, 50)-(41, 52)",b'perf_step_timer_##metric.Start();'
rocksdb-main,../repos/rocksdb-main/monitoring/perf_context_imp.h,"(45, 33)-(45, 35)",b'PerfStepTimer perf_step_timer_##metric(&(perf...'
rocksdb-main,../repos/rocksdb-main/monitoring/perf_context_imp.h,"(45, 87)-(45, 89)",b'PerfStepTimer perf_step_timer_##metric(&(perf...'
rocksdb-main,../repos/rocksdb-main/monitoring/perf_context_imp.h,"(50, 33)-(50, 35)",b'PerfStepTimer perf_step_timer_##metric(&(perf...'
rocksdb-main,../repos/rocksdb-main/monitoring/perf_context_imp.h,"(50, 94)-(50, 96)",b'PerfStepTimer perf_step_timer_##metric(&(perf...'
rocksdb-main,../repos/rocksdb-main/monitoring/perf_context_imp.h,"(55, 33)-(55, 35)",b'PerfStepTimer perf_step_timer_##metric(      ...'
rocksdb-main,../repos/rocksdb-main/monitoring/perf_context_imp.h,"(55, 190)-(55, 192)",b'PerfStepTimer perf_step_timer_##metric(      ...'
rocksdb-main,../repos/rocksdb-main/monitoring/perf_context_imp.h,"(62, 33)-(62, 35)",b'PerfStepTimer perf_step_timer_##metric(&(perf...'
rocksdb-main,../repos/rocksdb-main/monitoring/perf_context_imp.h,"(62, 345)-(62, 347)",b'PerfStepTimer perf_step_timer_##metric(&(perf...'
rocksdb-main,../repos/rocksdb-main/monitoring/perf_context_imp.h,"(71, 52)-(71, 54)",b'perf_step_timer_##metric.Measure();'
rocksdb-main,../repos/rocksdb-main/third-party/gcc/ppc-asm.h,"(246, 21)-(246, 23)",b'a##b'
rocksdb-main,../repos/rocksdb-main/third-party/gtest-1.8.1/fused-src/gtest/gtest-all.cc,"(2957, 26)-(2957, 28)",b'AssertionResult CmpHelper##op_name(const char...'
rocksdb-main,../repos/rocksdb-main/third-party/gtest-1.8.1/fused-src/gtest/gtest.h,"(1036, 34)-(1036, 36)","b'tuple<T##0, void, void, void, void, void, voi...'"
rocksdb-main,../repos/rocksdb-main/third-party/gtest-1.8.1/fused-src/gtest/gtest.h,"(1038, 34)-(1038, 36)","b'tuple<T##0, T##1, void, void, void, void, voi...'"
rocksdb-main,../repos/rocksdb-main/third-party/gtest-1.8.1/fused-src/gtest/gtest.h,"(1038, 40)-(1038, 42)","b'tuple<T##0, T##1, void, void, void, void, voi...'"
rocksdb-main,../repos/rocksdb-main/third-party/gtest-1.8.1/fused-src/gtest/gtest.h,"(1040, 34)-(1040, 36)","b'tuple<T##0, T##1, T##2, void, void, void, voi...'"
rocksdb-main,../repos/rocksdb-main/third-party/gtest-1.8.1/fused-src/gtest/gtest.h,"(1040, 40)-(1040, 42)","b'tuple<T##0, T##1, T##2, void, void, void, voi...'"
rocksdb-main,../repos/rocksdb-main/third-party/gtest-1.8.1/fused-src/gtest/gtest.h,"(1040, 46)-(1040, 48)","b'tuple<T##0, T##1, T##2, void, void, void, voi...'"
rocksdb-main,../repos/rocksdb-main/third-party/gtest-1.8.1/fused-src/gtest/gtest.h,"(1042, 34)-(1042, 36)","b'tuple<T##0, T##1, T##2, T##3, void, void, voi...'"
rocksdb-main,../repos/rocksdb-main/third-party/gtest-1.8.1/fused-src/gtest/gtest.h,"(1042, 40)-(1042, 42)","b'tuple<T##0, T##1, T##2, T##3, void, void, voi...'"
rocksdb-main,../repos/rocksdb-main/third-party/gtest-1.8.1/fused-src/gtest/gtest.h,"(1042, 46)-(1042, 48)","b'tuple<T##0, T##1, T##2, T##3, void, void, voi...'"
rocksdb-main,../repos/rocksdb-main/third-party/gtest-1.8.1/fused-src/gtest/gtest.h,"(1042, 52)-(1042, 54)","b'tuple<T##0, T##1, T##2, T##3, void, void, voi...'"
rocksdb-main,../repos/rocksdb-main/third-party/gtest-1.8.1/fused-src/gtest/gtest.h,"(1044, 34)-(1044, 36)","b'tuple<T##0, T##1, T##2, T##3, T##4, void, voi...'"
rocksdb-main,../repos/rocksdb-main/third-party/gtest-1.8.1/fused-src/gtest/gtest.h,"(1044, 40)-(1044, 42)","b'tuple<T##0, T##1, T##2, T##3, T##4, void, voi...'"
rocksdb-main,../repos/rocksdb-main/third-party/gtest-1.8.1/fused-src/gtest/gtest.h,"(1044, 46)-(1044, 48)","b'tuple<T##0, T##1, T##2, T##3, T##4, void, voi...'"
rocksdb-main,../repos/rocksdb-main/third-party/gtest-1.8.1/fused-src/gtest/gtest.h,"(1044, 52)-(1044, 54)","b'tuple<T##0, T##1, T##2, T##3, T##4, void, voi...'"
rocksdb-main,../repos/rocksdb-main/third-party/gtest-1.8.1/fused-src/gtest/gtest.h,"(1044, 58)-(1044, 60)","b'tuple<T##0, T##1, T##2, T##3, T##4, void, voi...'"
rocksdb-main,../repos/rocksdb-main/third-party/gtest-1.8.1/fused-src/gtest/gtest.h,"(1046, 34)-(1046, 36)","b'tuple<T##0, T##1, T##2, T##3, T##4, T##5, voi...'"
rocksdb-main,../repos/rocksdb-main/third-party/gtest-1.8.1/fused-src/gtest/gtest.h,"(1046, 40)-(1046, 42)","b'tuple<T##0, T##1, T##2, T##3, T##4, T##5, voi...'"
rocksdb-main,../repos/rocksdb-main/third-party/gtest-1.8.1/fused-src/gtest/gtest.h,"(1046, 46)-(1046, 48)","b'tuple<T##0, T##1, T##2, T##3, T##4, T##5, voi...'"
rocksdb-main,../repos/rocksdb-main/third-party/gtest-1.8.1/fused-src/gtest/gtest.h,"(1046, 52)-(1046, 54)","b'tuple<T##0, T##1, T##2, T##3, T##4, T##5, voi...'"
rocksdb-main,../repos/rocksdb-main/third-party/gtest-1.8.1/fused-src/gtest/gtest.h,"(1046, 58)-(1046, 60)","b'tuple<T##0, T##1, T##2, T##3, T##4, T##5, voi...'"
rocksdb-main,../repos/rocksdb-main/third-party/gtest-1.8.1/fused-src/gtest/gtest.h,"(1046, 64)-(1046, 66)","b'tuple<T##0, T##1, T##2, T##3, T##4, T##5, voi...'"
rocksdb-main,../repos/rocksdb-main/third-party/gtest-1.8.1/fused-src/gtest/gtest.h,"(1048, 34)-(1048, 36)","b'tuple<T##0, T##1, T##2, T##3, T##4, T##5, T##...'"
rocksdb-main,../repos/rocksdb-main/third-party/gtest-1.8.1/fused-src/gtest/gtest.h,"(1048, 40)-(1048, 42)","b'tuple<T##0, T##1, T##2, T##3, T##4, T##5, T##...'"
rocksdb-main,../repos/rocksdb-main/third-party/gtest-1.8.1/fused-src/gtest/gtest.h,"(1048, 46)-(1048, 48)","b'tuple<T##0, T##1, T##2, T##3, T##4, T##5, T##...'"
rocksdb-main,../repos/rocksdb-main/third-party/gtest-1.8.1/fused-src/gtest/gtest.h,"(1048, 52)-(1048, 54)","b'tuple<T##0, T##1, T##2, T##3, T##4, T##5, T##...'"
rocksdb-main,../repos/rocksdb-main/third-party/gtest-1.8.1/fused-src/gtest/gtest.h,"(1048, 58)-(1048, 60)","b'tuple<T##0, T##1, T##2, T##3, T##4, T##5, T##...'"
rocksdb-main,../repos/rocksdb-main/third-party/gtest-1.8.1/fused-src/gtest/gtest.h,"(1048, 64)-(1048, 66)","b'tuple<T##0, T##1, T##2, T##3, T##4, T##5, T##...'"
rocksdb-main,../repos/rocksdb-main/third-party/gtest-1.8.1/fused-src/gtest/gtest.h,"(1048, 70)-(1048, 72)","b'tuple<T##0, T##1, T##2, T##3, T##4, T##5, T##...'"
rocksdb-main,../repos/rocksdb-main/third-party/gtest-1.8.1/fused-src/gtest/gtest.h,"(1050, 34)-(1050, 36)","b'tuple<T##0, T##1, T##2, T##3, T##4, T##5, T##...'"
rocksdb-main,../repos/rocksdb-main/third-party/gtest-1.8.1/fused-src/gtest/gtest.h,"(1050, 40)-(1050, 42)","b'tuple<T##0, T##1, T##2, T##3, T##4, T##5, T##...'"
rocksdb-main,../repos/rocksdb-main/third-party/gtest-1.8.1/fused-src/gtest/gtest.h,"(1050, 46)-(1050, 48)","b'tuple<T##0, T##1, T##2, T##3, T##4, T##5, T##...'"
rocksdb-main,../repos/rocksdb-main/third-party/gtest-1.8.1/fused-src/gtest/gtest.h,"(1050, 52)-(1050, 54)","b'tuple<T##0, T##1, T##2, T##3, T##4, T##5, T##...'"
rocksdb-main,../repos/rocksdb-main/third-party/gtest-1.8.1/fused-src/gtest/gtest.h,"(1050, 58)-(1050, 60)","b'tuple<T##0, T##1, T##2, T##3, T##4, T##5, T##...'"
rocksdb-main,../repos/rocksdb-main/third-party/gtest-1.8.1/fused-src/gtest/gtest.h,"(1050, 64)-(1050, 66)","b'tuple<T##0, T##1, T##2, T##3, T##4, T##5, T##...'"
rocksdb-main,../repos/rocksdb-main/third-party/gtest-1.8.1/fused-src/gtest/gtest.h,"(1050, 70)-(1050, 72)","b'tuple<T##0, T##1, T##2, T##3, T##4, T##5, T##...'"
rocksdb-main,../repos/rocksdb-main/third-party/gtest-1.8.1/fused-src/gtest/gtest.h,"(1050, 82)-(1050, 84)","b'tuple<T##0, T##1, T##2, T##3, T##4, T##5, T##...'"
rocksdb-main,../repos/rocksdb-main/third-party/gtest-1.8.1/fused-src/gtest/gtest.h,"(1052, 34)-(1052, 36)","b'tuple<T##0, T##1, T##2, T##3, T##4, T##5, T##...'"
rocksdb-main,../repos/rocksdb-main/third-party/gtest-1.8.1/fused-src/gtest/gtest.h,"(1052, 40)-(1052, 42)","b'tuple<T##0, T##1, T##2, T##3, T##4, T##5, T##...'"
rocksdb-main,../repos/rocksdb-main/third-party/gtest-1.8.1/fused-src/gtest/gtest.h,"(1052, 46)-(1052, 48)","b'tuple<T##0, T##1, T##2, T##3, T##4, T##5, T##...'"
rocksdb-main,../repos/rocksdb-main/third-party/gtest-1.8.1/fused-src/gtest/gtest.h,"(1052, 52)-(1052, 54)","b'tuple<T##0, T##1, T##2, T##3, T##4, T##5, T##...'"
rocksdb-main,../repos/rocksdb-main/third-party/gtest-1.8.1/fused-src/gtest/gtest.h,"(1052, 58)-(1052, 60)","b'tuple<T##0, T##1, T##2, T##3, T##4, T##5, T##...'"
rocksdb-main,../repos/rocksdb-main/third-party/gtest-1.8.1/fused-src/gtest/gtest.h,"(1052, 64)-(1052, 66)","b'tuple<T##0, T##1, T##2, T##3, T##4, T##5, T##...'"
rocksdb-main,../repos/rocksdb-main/third-party/gtest-1.8.1/fused-src/gtest/gtest.h,"(1052, 70)-(1052, 72)","b'tuple<T##0, T##1, T##2, T##3, T##4, T##5, T##...'"
rocksdb-main,../repos/rocksdb-main/third-party/gtest-1.8.1/fused-src/gtest/gtest.h,"(1052, 82)-(1052, 84)","b'tuple<T##0, T##1, T##2, T##3, T##4, T##5, T##...'"
rocksdb-main,../repos/rocksdb-main/third-party/gtest-1.8.1/fused-src/gtest/gtest.h,"(1052, 88)-(1052, 90)","b'tuple<T##0, T##1, T##2, T##3, T##4, T##5, T##...'"
rocksdb-main,../repos/rocksdb-main/third-party/gtest-1.8.1/fused-src/gtest/gtest.h,"(1054, 35)-(1054, 37)","b'tuple<T##0, T##1, T##2, T##3, T##4, T##5, T##...'"
rocksdb-main,../repos/rocksdb-main/third-party/gtest-1.8.1/fused-src/gtest/gtest.h,"(1054, 41)-(1054, 43)","b'tuple<T##0, T##1, T##2, T##3, T##4, T##5, T##...'"
rocksdb-main,../repos/rocksdb-main/third-party/gtest-1.8.1/fused-src/gtest/gtest.h,"(1054, 47)-(1054, 49)","b'tuple<T##0, T##1, T##2, T##3, T##4, T##5, T##...'"
rocksdb-main,../repos/rocksdb-main/third-party/gtest-1.8.1/fused-src/gtest/gtest.h,"(1054, 53)-(1054, 55)","b'tuple<T##0, T##1, T##2, T##3, T##4, T##5, T##...'"
rocksdb-main,../repos/rocksdb-main/third-party/gtest-1.8.1/fused-src/gtest/gtest.h,"(1054, 59)-(1054, 61)","b'tuple<T##0, T##1, T##2, T##3, T##4, T##5, T##...'"
rocksdb-main,../repos/rocksdb-main/third-party/gtest-1.8.1/fused-src/gtest/gtest.h,"(1054, 65)-(1054, 67)","b'tuple<T##0, T##1, T##2, T##3, T##4, T##5, T##...'"
rocksdb-main,../repos/rocksdb-main/third-party/gtest-1.8.1/fused-src/gtest/gtest.h,"(1054, 71)-(1054, 73)","b'tuple<T##0, T##1, T##2, T##3, T##4, T##5, T##...'"
rocksdb-main,../repos/rocksdb-main/third-party/gtest-1.8.1/fused-src/gtest/gtest.h,"(1054, 83)-(1054, 85)","b'tuple<T##0, T##1, T##2, T##3, T##4, T##5, T##...'"
rocksdb-main,../repos/rocksdb-main/third-party/gtest-1.8.1/fused-src/gtest/gtest.h,"(1054, 89)-(1054, 91)","b'tuple<T##0, T##1, T##2, T##3, T##4, T##5, T##...'"
rocksdb-main,../repos/rocksdb-main/third-party/gtest-1.8.1/fused-src/gtest/gtest.h,"(1054, 95)-(1054, 97)","b'tuple<T##0, T##1, T##2, T##3, T##4, T##5, T##...'"
rocksdb-main,../repos/rocksdb-main/third-party/gtest-1.8.1/fused-src/gtest/gtest.h,"(1059, 41)-(1059, 43)",b'typename T##0'
rocksdb-main,../repos/rocksdb-main/third-party/gtest-1.8.1/fused-src/gtest/gtest.h,"(1060, 41)-(1060, 43)","b'typename T##0, typename T##1'"
rocksdb-main,../repos/rocksdb-main/third-party/gtest-1.8.1/fused-src/gtest/gtest.h,"(1060, 56)-(1060, 58)","b'typename T##0, typename T##1'"
rocksdb-main,../repos/rocksdb-main/third-party/gtest-1.8.1/fused-src/gtest/gtest.h,"(1061, 41)-(1061, 43)","b'typename T##0, typename T##1, typename T##2'"
rocksdb-main,../repos/rocksdb-main/third-party/gtest-1.8.1/fused-src/gtest/gtest.h,"(1061, 56)-(1061, 58)","b'typename T##0, typename T##1, typename T##2'"
rocksdb-main,../repos/rocksdb-main/third-party/gtest-1.8.1/fused-src/gtest/gtest.h,"(1061, 71)-(1061, 73)","b'typename T##0, typename T##1, typename T##2'"
rocksdb-main,../repos/rocksdb-main/third-party/gtest-1.8.1/fused-src/gtest/gtest.h,"(1062, 41)-(1062, 43)","b'typename T##0, typename T##1, typename T##2, ...'"
rocksdb-main,../repos/rocksdb-main/third-party/gtest-1.8.1/fused-src/gtest/gtest.h,"(1062, 56)-(1062, 58)","b'typename T##0, typename T##1, typename T##2, ...'"
rocksdb-main,../repos/rocksdb-main/third-party/gtest-1.8.1/fused-src/gtest/gtest.h,"(1062, 71)-(1062, 73)","b'typename T##0, typename T##1, typename T##2, ...'"
rocksdb-main,../repos/rocksdb-main/third-party/gtest-1.8.1/fused-src/gtest/gtest.h,"(1062, 92)-(1062, 94)","b'typename T##0, typename T##1, typename T##2, ...'"
rocksdb-main,../repos/rocksdb-main/third-party/gtest-1.8.1/fused-src/gtest/gtest.h,"(1064, 41)-(1064, 43)","b'typename T##0, typename T##1, typename T##2, ...'"
rocksdb-main,../repos/rocksdb-main/third-party/gtest-1.8.1/fused-src/gtest/gtest.h,"(1064, 56)-(1064, 58)","b'typename T##0, typename T##1, typename T##2, ...'"
rocksdb-main,../repos/rocksdb-main/third-party/gtest-1.8.1/fused-src/gtest/gtest.h,"(1064, 71)-(1064, 73)","b'typename T##0, typename T##1, typename T##2, ...'"
rocksdb-main,../repos/rocksdb-main/third-party/gtest-1.8.1/fused-src/gtest/gtest.h,"(1064, 92)-(1064, 94)","b'typename T##0, typename T##1, typename T##2, ...'"
rocksdb-main,../repos/rocksdb-main/third-party/gtest-1.8.1/fused-src/gtest/gtest.h,"(1064, 107)-(1064, 109)","b'typename T##0, typename T##1, typename T##2, ...'"
rocksdb-main,../repos/rocksdb-main/third-party/gtest-1.8.1/fused-src/gtest/gtest.h,"(1066, 41)-(1066, 43)","b'typename T##0, typename T##1, typename T##2, ...'"
rocksdb-main,../repos/rocksdb-main/third-party/gtest-1.8.1/fused-src/gtest/gtest.h,"(1066, 56)-(1066, 58)","b'typename T##0, typename T##1, typename T##2, ...'"
rocksdb-main,../repos/rocksdb-main/third-party/gtest-1.8.1/fused-src/gtest/gtest.h,"(1066, 71)-(1066, 73)","b'typename T##0, typename T##1, typename T##2, ...'"
rocksdb-main,../repos/rocksdb-main/third-party/gtest-1.8.1/fused-src/gtest/gtest.h,"(1066, 92)-(1066, 94)","b'typename T##0, typename T##1, typename T##2, ...'"
rocksdb-main,../repos/rocksdb-main/third-party/gtest-1.8.1/fused-src/gtest/gtest.h,"(1066, 107)-(1066, 109)","b'typename T##0, typename T##1, typename T##2, ...'"
rocksdb-main,../repos/rocksdb-main/third-party/gtest-1.8.1/fused-src/gtest/gtest.h,"(1066, 122)-(1066, 124)","b'typename T##0, typename T##1, typename T##2, ...'"
rocksdb-main,../repos/rocksdb-main/third-party/gtest-1.8.1/fused-src/gtest/gtest.h,"(1068, 41)-(1068, 43)","b'typename T##0, typename T##1, typename T##2, ...'"
rocksdb-main,../repos/rocksdb-main/third-party/gtest-1.8.1/fused-src/gtest/gtest.h,"(1068, 56)-(1068, 58)","b'typename T##0, typename T##1, typename T##2, ...'"
rocksdb-main,../repos/rocksdb-main/third-party/gtest-1.8.1/fused-src/gtest/gtest.h,"(1068, 71)-(1068, 73)","b'typename T##0, typename T##1, typename T##2, ...'"
rocksdb-main,../repos/rocksdb-main/third-party/gtest-1.8.1/fused-src/gtest/gtest.h,"(1068, 92)-(1068, 94)","b'typename T##0, typename T##1, typename T##2, ...'"
rocksdb-main,../repos/rocksdb-main/third-party/gtest-1.8.1/fused-src/gtest/gtest.h,"(1068, 107)-(1068, 109)","b'typename T##0, typename T##1, typename T##2, ...'"
rocksdb-main,../repos/rocksdb-main/third-party/gtest-1.8.1/fused-src/gtest/gtest.h,"(1068, 122)-(1068, 124)","b'typename T##0, typename T##1, typename T##2, ...'"
rocksdb-main,../repos/rocksdb-main/third-party/gtest-1.8.1/fused-src/gtest/gtest.h,"(1068, 137)-(1068, 139)","b'typename T##0, typename T##1, typename T##2, ...'"
rocksdb-main,../repos/rocksdb-main/third-party/gtest-1.8.1/fused-src/gtest/gtest.h,"(1070, 41)-(1070, 43)","b'typename T##0, typename T##1, typename T##2, ...'"
rocksdb-main,../repos/rocksdb-main/third-party/gtest-1.8.1/fused-src/gtest/gtest.h,"(1070, 56)-(1070, 58)","b'typename T##0, typename T##1, typename T##2, ...'"
rocksdb-main,../repos/rocksdb-main/third-party/gtest-1.8.1/fused-src/gtest/gtest.h,"(1070, 71)-(1070, 73)","b'typename T##0, typename T##1, typename T##2, ...'"
rocksdb-main,../repos/rocksdb-main/third-party/gtest-1.8.1/fused-src/gtest/gtest.h,"(1070, 92)-(1070, 94)","b'typename T##0, typename T##1, typename T##2, ...'"
rocksdb-main,../repos/rocksdb-main/third-party/gtest-1.8.1/fused-src/gtest/gtest.h,"(1070, 107)-(1070, 109)","b'typename T##0, typename T##1, typename T##2, ...'"
rocksdb-main,../repos/rocksdb-main/third-party/gtest-1.8.1/fused-src/gtest/gtest.h,"(1070, 122)-(1070, 124)","b'typename T##0, typename T##1, typename T##2, ...'"
rocksdb-main,../repos/rocksdb-main/third-party/gtest-1.8.1/fused-src/gtest/gtest.h,"(1070, 137)-(1070, 139)","b'typename T##0, typename T##1, typename T##2, ...'"
rocksdb-main,../repos/rocksdb-main/third-party/gtest-1.8.1/fused-src/gtest/gtest.h,"(1070, 152)-(1070, 154)","b'typename T##0, typename T##1, typename T##2, ...'"
rocksdb-main,../repos/rocksdb-main/third-party/gtest-1.8.1/fused-src/gtest/gtest.h,"(1072, 41)-(1072, 43)","b'typename T##0, typename T##1, typename T##2, ...'"
rocksdb-main,../repos/rocksdb-main/third-party/gtest-1.8.1/fused-src/gtest/gtest.h,"(1072, 56)-(1072, 58)","b'typename T##0, typename T##1, typename T##2, ...'"
rocksdb-main,../repos/rocksdb-main/third-party/gtest-1.8.1/fused-src/gtest/gtest.h,"(1072, 71)-(1072, 73)","b'typename T##0, typename T##1, typename T##2, ...'"
rocksdb-main,../repos/rocksdb-main/third-party/gtest-1.8.1/fused-src/gtest/gtest.h,"(1072, 92)-(1072, 94)","b'typename T##0, typename T##1, typename T##2, ...'"
rocksdb-main,../repos/rocksdb-main/third-party/gtest-1.8.1/fused-src/gtest/gtest.h,"(1072, 107)-(1072, 109)","b'typename T##0, typename T##1, typename T##2, ...'"
rocksdb-main,../repos/rocksdb-main/third-party/gtest-1.8.1/fused-src/gtest/gtest.h,"(1072, 122)-(1072, 124)","b'typename T##0, typename T##1, typename T##2, ...'"
rocksdb-main,../repos/rocksdb-main/third-party/gtest-1.8.1/fused-src/gtest/gtest.h,"(1072, 137)-(1072, 139)","b'typename T##0, typename T##1, typename T##2, ...'"
rocksdb-main,../repos/rocksdb-main/third-party/gtest-1.8.1/fused-src/gtest/gtest.h,"(1072, 158)-(1072, 160)","b'typename T##0, typename T##1, typename T##2, ...'"
rocksdb-main,../repos/rocksdb-main/third-party/gtest-1.8.1/fused-src/gtest/gtest.h,"(1072, 173)-(1072, 175)","b'typename T##0, typename T##1, typename T##2, ...'"
rocksdb-main,../repos/rocksdb-main/third-party/gtest-1.8.1/fused-src/gtest/gtest.h,"(1075, 42)-(1075, 44)","b'typename T##0, typename T##1, typename T##2, ...'"
rocksdb-main,../repos/rocksdb-main/third-party/gtest-1.8.1/fused-src/gtest/gtest.h,"(1075, 57)-(1075, 59)","b'typename T##0, typename T##1, typename T##2, ...'"
rocksdb-main,../repos/rocksdb-main/third-party/gtest-1.8.1/fused-src/gtest/gtest.h,"(1075, 72)-(1075, 74)","b'typename T##0, typename T##1, typename T##2, ...'"
rocksdb-main,../repos/rocksdb-main/third-party/gtest-1.8.1/fused-src/gtest/gtest.h,"(1075, 93)-(1075, 95)","b'typename T##0, typename T##1, typename T##2, ...'"
rocksdb-main,../repos/rocksdb-main/third-party/gtest-1.8.1/fused-src/gtest/gtest.h,"(1075, 108)-(1075, 110)","b'typename T##0, typename T##1, typename T##2, ...'"
rocksdb-main,../repos/rocksdb-main/third-party/gtest-1.8.1/fused-src/gtest/gtest.h,"(1075, 123)-(1075, 125)","b'typename T##0, typename T##1, typename T##2, ...'"
rocksdb-main,../repos/rocksdb-main/third-party/gtest-1.8.1/fused-src/gtest/gtest.h,"(1075, 138)-(1075, 140)","b'typename T##0, typename T##1, typename T##2, ...'"
rocksdb-main,../repos/rocksdb-main/third-party/gtest-1.8.1/fused-src/gtest/gtest.h,"(1075, 159)-(1075, 161)","b'typename T##0, typename T##1, typename T##2, ...'"
rocksdb-main,../repos/rocksdb-main/third-party/gtest-1.8.1/fused-src/gtest/gtest.h,"(1075, 174)-(1075, 176)","b'typename T##0, typename T##1, typename T##2, ...'"
rocksdb-main,../repos/rocksdb-main/third-party/gtest-1.8.1/fused-src/gtest/gtest.h,"(1075, 189)-(1075, 191)","b'typename T##0, typename T##1, typename T##2, ...'"
rocksdb-main,../repos/rocksdb-main/third-party/gtest-1.8.1/fused-src/gtest/gtest.h,"(2617, 62)-(2617, 64)",b'::testing::internal::GTestLog(::testing::inte...'
rocksdb-main,../repos/rocksdb-main/third-party/gtest-1.8.1/fused-src/gtest/gtest.h,"(3909, 39)-(3909, 41)",b'FLAGS_gtest_##name'
rocksdb-main,../repos/rocksdb-main/third-party/gtest-1.8.1/fused-src/gtest/gtest.h,"(7970, 48)-(7970, 50)",b'foo ## bar'
rocksdb-main,../repos/rocksdb-main/third-party/gtest-1.8.1/fused-src/gtest/gtest.h,"(9197, 17)-(9197, 19)",b'test_case_name##_##test_name##_Test'
rocksdb-main,../repos/rocksdb-main/third-party/gtest-1.8.1/fused-src/gtest/gtest.h,"(9197, 20)-(9197, 22)",b'test_case_name##_##test_name##_Test'
rocksdb-main,../repos/rocksdb-main/third-party/gtest-1.8.1/fused-src/gtest/gtest.h,"(9197, 31)-(9197, 33)",b'test_case_name##_##test_name##_Test'
rocksdb-main,../repos/rocksdb-main/third-party/gtest-1.8.1/fused-src/gtest/gtest.h,"(18913, 87)-(18913, 89)",b'static ::testing::internal::ParamGenerator<te...'
rocksdb-main,../repos/rocksdb-main/third-party/gtest-1.8.1/fused-src/gtest/gtest.h,"(18913, 95)-(18913, 97)",b'static ::testing::internal::ParamGenerator<te...'
rocksdb-main,../repos/rocksdb-main/third-party/gtest-1.8.1/fused-src/gtest/gtest.h,"(18913, 111)-(18913, 113)",b'static ::testing::internal::ParamGenerator<te...'
rocksdb-main,../repos/rocksdb-main/third-party/gtest-1.8.1/fused-src/gtest/gtest.h,"(18913, 184)-(18913, 186)",b'static ::testing::internal::ParamGenerator<te...'
rocksdb-main,../repos/rocksdb-main/third-party/gtest-1.8.1/fused-src/gtest/gtest.h,"(18913, 192)-(18913, 194)",b'static ::testing::internal::ParamGenerator<te...'
rocksdb-main,../repos/rocksdb-main/third-party/gtest-1.8.1/fused-src/gtest/gtest.h,"(18913, 208)-(18913, 210)",b'static ::testing::internal::ParamGenerator<te...'
rocksdb-main,../repos/rocksdb-main/third-party/gtest-1.8.1/fused-src/gtest/gtest.h,"(18913, 440)-(18913, 442)",b'static ::testing::internal::ParamGenerator<te...'
rocksdb-main,../repos/rocksdb-main/third-party/gtest-1.8.1/fused-src/gtest/gtest.h,"(18913, 448)-(18913, 450)",b'static ::testing::internal::ParamGenerator<te...'
rocksdb-main,../repos/rocksdb-main/third-party/gtest-1.8.1/fused-src/gtest/gtest.h,"(18913, 464)-(18913, 466)",b'static ::testing::internal::ParamGenerator<te...'
rocksdb-main,../repos/rocksdb-main/third-party/gtest-1.8.1/fused-src/gtest/gtest.h,"(18913, 842)-(18913, 844)",b'static ::testing::internal::ParamGenerator<te...'
rocksdb-main,../repos/rocksdb-main/third-party/gtest-1.8.1/fused-src/gtest/gtest.h,"(18913, 850)-(18913, 852)",b'static ::testing::internal::ParamGenerator<te...'
rocksdb-main,../repos/rocksdb-main/third-party/gtest-1.8.1/fused-src/gtest/gtest.h,"(18913, 866)-(18913, 868)",b'static ::testing::internal::ParamGenerator<te...'
rocksdb-main,../repos/rocksdb-main/third-party/gtest-1.8.1/fused-src/gtest/gtest.h,"(18913, 916)-(18913, 918)",b'static ::testing::internal::ParamGenerator<te...'
rocksdb-main,../repos/rocksdb-main/third-party/gtest-1.8.1/fused-src/gtest/gtest.h,"(18913, 924)-(18913, 926)",b'static ::testing::internal::ParamGenerator<te...'
rocksdb-main,../repos/rocksdb-main/third-party/gtest-1.8.1/fused-src/gtest/gtest.h,"(18913, 940)-(18913, 942)",b'static ::testing::internal::ParamGenerator<te...'
rocksdb-main,../repos/rocksdb-main/third-party/gtest-1.8.1/fused-src/gtest/gtest.h,"(18992, 28)-(18992, 30)",b'friend class test_case_name##_##test_name##_Test'
rocksdb-main,../repos/rocksdb-main/third-party/gtest-1.8.1/fused-src/gtest/gtest.h,"(18992, 31)-(18992, 33)",b'friend class test_case_name##_##test_name##_Test'
rocksdb-main,../repos/rocksdb-main/third-party/gtest-1.8.1/fused-src/gtest/gtest.h,"(18992, 42)-(18992, 44)",b'friend class test_case_name##_##test_name##_Test'
rocksdb-main,../repos/rocksdb-main/third-party/gtest-1.8.1/fused-src/gtest/gtest.h,"(19357, 61)-(19357, 63)",b'gtest_type_params_##TestCaseName##_'
rocksdb-main,../repos/rocksdb-main/third-party/gtest-1.8.1/fused-src/gtest/gtest.h,"(19357, 75)-(19357, 77)",b'gtest_type_params_##TestCaseName##_'
rocksdb-main,../repos/rocksdb-main/third-party/gtest-1.8.1/fused-src/gtest/gtest.h,"(19362, 21)-(19362, 23)",b'gtest_type_params_##TestCaseName##_NameGenerator'
rocksdb-main,../repos/rocksdb-main/third-party/gtest-1.8.1/fused-src/gtest/gtest.h,"(19362, 35)-(19362, 37)",b'gtest_type_params_##TestCaseName##_NameGenerator'
rocksdb-main,../repos/rocksdb-main/third-party/gtest-1.8.1/fused-src/gtest/gtest.h,"(19374, 661)-(19374, 663)",b'template <typename gtest_TypeParam_>         ...'
rocksdb-main,../repos/rocksdb-main/third-party/gtest-1.8.1/fused-src/gtest/gtest.h,"(19374, 671)-(19374, 673)",b'template <typename gtest_TypeParam_>         ...'
rocksdb-main,../repos/rocksdb-main/third-party/gtest-1.8.1/fused-src/gtest/gtest.h,"(19374, 674)-(19374, 676)",b'template <typename gtest_TypeParam_>         ...'
rocksdb-main,../repos/rocksdb-main/third-party/gtest-1.8.1/fused-src/gtest/gtest.h,"(19374, 684)-(19374, 686)",b'template <typename gtest_TypeParam_>         ...'
rocksdb-main,../repos/rocksdb-main/third-party/gtest-1.8.1/fused-src/gtest/gtest.h,"(19412, 14)-(19412, 16)",b'gtest_case_##TestCaseName##_'
rocksdb-main,../repos/rocksdb-main/third-party/gtest-1.8.1/fused-src/gtest/gtest.h,"(19412, 28)-(19412, 30)",b'gtest_case_##TestCaseName##_'
rocksdb-main,../repos/rocksdb-main/third-party/gtest-1.8.1/fused-src/gtest/gtest.h,"(19419, 33)-(19419, 35)",b'gtest_typed_test_case_p_state_##TestCaseName##_'
rocksdb-main,../repos/rocksdb-main/third-party/gtest-1.8.1/fused-src/gtest/gtest.h,"(19419, 47)-(19419, 49)",b'gtest_typed_test_case_p_state_##TestCaseName##_'
rocksdb-main,../repos/rocksdb-main/third-party/gtest-1.8.1/fused-src/gtest/gtest.h,"(19426, 31)-(19426, 33)",b'gtest_registered_test_names_##TestCaseName##_'
rocksdb-main,../repos/rocksdb-main/third-party/gtest-1.8.1/fused-src/gtest/gtest.h,"(19426, 45)-(19426, 47)",b'gtest_registered_test_names_##TestCaseName##_'
rocksdb-main,../repos/rocksdb-main/third-party/gtest-1.8.1/fused-src/gtest/gtest.h,"(19436, 315)-(19436, 317)",b'namespace GTEST_CASE_NAMESPACE_(CaseName) { \\...'
rocksdb-main,../repos/rocksdb-main/third-party/gtest-1.8.1/fused-src/gtest/gtest.h,"(19436, 325)-(19436, 327)",b'namespace GTEST_CASE_NAMESPACE_(CaseName) { \\...'
rocksdb-main,../repos/rocksdb-main/third-party/gtest-1.8.1/fused-src/gtest/gtest.h,"(19464, 21)-(19464, 23)",b'static bool gtest_##Prefix##_##CaseName GTEST...'
rocksdb-main,../repos/rocksdb-main/third-party/gtest-1.8.1/fused-src/gtest/gtest.h,"(19464, 29)-(19464, 31)",b'static bool gtest_##Prefix##_##CaseName GTEST...'
rocksdb-main,../repos/rocksdb-main/third-party/gtest-1.8.1/fused-src/gtest/gtest.h,"(19464, 32)-(19464, 34)",b'static bool gtest_##Prefix##_##CaseName GTEST...'
rocksdb-main,../repos/rocksdb-main/third-party/gtest-1.8.1/fused-src/gtest/gtest.h,"(21327, 63)-(21327, 65)","b'template <typename T1, typename T2>\\\nAssertio...'"
rocksdb-main,../repos/rocksdb-main/third-party/gtest-1.8.1/fused-src/gtest/gtest.h,"(21327, 357)-(21327, 359)","b'template <typename T1, typename T2>\\\nAssertio...'"
rocksdb-main,../repos/rocksdb-main/util/coro_utils.h,"(26, 115)-(26, 117)",b'__ret_type__ __func_name__(__VA_ARGS__);     ...'
rocksdb-main,../repos/rocksdb-main/util/coro_utils.h,"(30, 124)-(30, 126)",b'__ret_type__ __func_name__(__VA_ARGS__) overr...'
rocksdb-main,../repos/rocksdb-main/util/coro_utils.h,"(35, 121)-(35, 123)",b'__ret_type__ __func_name__(__VA_ARGS__) const...'
rocksdb-main,../repos/rocksdb-main/util/coro_utils.h,"(73, 48)-(73, 50)",b'folly::coro::Task<__ret_type__> __func_name__...'
rocksdb-main,../repos/rocksdb-main/util/coro_utils.h,"(83, 55)-(83, 57)",b'co_await __func_name__##Coroutine'
rocksdb-main,../repos/rocksdb-main/util/crc32c.cc,"(433, 6)-(433, 8)","b'crc##0 = _mm_crc32_u64(crc##0, *(buf##0 + off...'"
rocksdb-main,../repos/rocksdb-main/util/crc32c.cc,"(433, 29)-(433, 31)","b'crc##0 = _mm_crc32_u64(crc##0, *(buf##0 + off...'"
rocksdb-main,../repos/rocksdb-main/util/crc32c.cc,"(433, 39)-(433, 41)","b'crc##0 = _mm_crc32_u64(crc##0, *(buf##0 + off...'"
rocksdb-main,../repos/rocksdb-main/util/crc32c.cc,"(433, 62)-(433, 64)","b'crc##0 = _mm_crc32_u64(crc##0, *(buf##0 + off...'"
rocksdb-main,../repos/rocksdb-main/util/crc32c.cc,"(433, 85)-(433, 87)","b'crc##0 = _mm_crc32_u64(crc##0, *(buf##0 + off...'"
rocksdb-main,../repos/rocksdb-main/util/crc32c.cc,"(433, 95)-(433, 97)","b'crc##0 = _mm_crc32_u64(crc##0, *(buf##0 + off...'"
rocksdb-main,../repos/rocksdb-main/util/crc32c.cc,"(433, 118)-(433, 120)","b'crc##0 = _mm_crc32_u64(crc##0, *(buf##0 + off...'"
rocksdb-main,../repos/rocksdb-main/util/crc32c.cc,"(433, 141)-(433, 143)","b'crc##0 = _mm_crc32_u64(crc##0, *(buf##0 + off...'"
rocksdb-main,../repos/rocksdb-main/util/crc32c.cc,"(433, 151)-(433, 153)","b'crc##0 = _mm_crc32_u64(crc##0, *(buf##0 + off...'"
rocksdb-main,../repos/rocksdb-main/util/crc32c.cc,"(438, 6)-(438, 8)","b'crc##0 = _mm_crc32_u64(crc##0, *(buf##0 + off...'"
rocksdb-main,../repos/rocksdb-main/util/crc32c.cc,"(438, 29)-(438, 31)","b'crc##0 = _mm_crc32_u64(crc##0, *(buf##0 + off...'"
rocksdb-main,../repos/rocksdb-main/util/crc32c.cc,"(438, 39)-(438, 41)","b'crc##0 = _mm_crc32_u64(crc##0, *(buf##0 + off...'"
rocksdb-main,../repos/rocksdb-main/util/crc32c.cc,"(438, 62)-(438, 64)","b'crc##0 = _mm_crc32_u64(crc##0, *(buf##0 + off...'"
rocksdb-main,../repos/rocksdb-main/util/crc32c.cc,"(438, 85)-(438, 87)","b'crc##0 = _mm_crc32_u64(crc##0, *(buf##0 + off...'"
rocksdb-main,../repos/rocksdb-main/util/crc32c.cc,"(438, 95)-(438, 97)","b'crc##0 = _mm_crc32_u64(crc##0, *(buf##0 + off...'"
rocksdb-main,../repos/rocksdb-main/util/gflags_compat.h,"(22, 139)-(22, 141)",b'namespace gflags_compat {           \\\n  DEFIN...'
rocksdb-main,../repos/rocksdb-main/util/gflags_compat.h,"(22, 219)-(22, 221)",b'namespace gflags_compat {           \\\n  DEFIN...'
rocksdb-main,../repos/rocksdb-main/util/gflags_compat.h,"(28, 53)-(28, 55)",b'extern uint32_t &FLAGS_##name;'
rocksdb-main,../repos/rocksdb-main/util/xxhash.h,"(338, 41)-(338, 43)",b'XXH_NAMESPACE ## Id'
rocksdb-main,../repos/rocksdb-main/util/xxhash.h,"(377, 25)-(377, 27)",b'A##B'
rocksdb-main,../repos/rocksdb-main/util/xxhash.h,"(4176, 79)-(4176, 81)",b'void                                         ...'
rocksdb-main,../repos/rocksdb-main/util/xxhash.h,"(4176, 649)-(4176, 651)",b'void                                         ...'
rocksdb-main,../repos/rocksdb-main/util/xxph3.h,"(124, 26)-(124, 28)",b'A##B'
