Repo name,File name,Location,Content
rocksdb-main,../repos/rocksdb-main/include/rocksdb/c.h,"(71, 1)-(71, 36)",b'typedef struct rocksdb_t rocksdb_t;'
rocksdb-main,../repos/rocksdb-main/include/rocksdb/c.h,"(72, 1)-(72, 64)",b'typedef struct rocksdb_backup_engine_t rocksd...'
rocksdb-main,../repos/rocksdb-main/include/rocksdb/c.h,"(73, 1)-(73, 74)",b'typedef struct rocksdb_backup_engine_info_t r...'
rocksdb-main,../repos/rocksdb-main/include/rocksdb/c.h,"(74, 1)-(74, 80)",b'typedef struct rocksdb_backup_engine_options_...'
rocksdb-main,../repos/rocksdb-main/include/rocksdb/c.h,"(75, 1)-(75, 68)",b'typedef struct rocksdb_restore_options_t rock...'
rocksdb-main,../repos/rocksdb-main/include/rocksdb/c.h,"(76, 1)-(76, 70)",b'typedef struct rocksdb_memory_allocator_t roc...'
rocksdb-main,../repos/rocksdb-main/include/rocksdb/c.h,"(77, 1)-(77, 72)",b'typedef struct rocksdb_lru_cache_options_t ro...'
rocksdb-main,../repos/rocksdb-main/include/rocksdb/c.h,"(78, 1)-(79, 41)",b'typedef struct rocksdb_hyper_clock_cache_opti...'
rocksdb-main,../repos/rocksdb-main/include/rocksdb/c.h,"(80, 1)-(80, 48)",b'typedef struct rocksdb_cache_t rocksdb_cache_t;'
rocksdb-main,../repos/rocksdb-main/include/rocksdb/c.h,"(81, 1)-(81, 78)",b'typedef struct rocksdb_write_buffer_manager_t...'
rocksdb-main,../repos/rocksdb-main/include/rocksdb/c.h,"(82, 1)-(82, 70)",b'typedef struct rocksdb_compactionfilter_t roc...'
rocksdb-main,../repos/rocksdb-main/include/rocksdb/c.h,"(83, 1)-(84, 39)",b'typedef struct rocksdb_compactionfiltercontex...'
rocksdb-main,../repos/rocksdb-main/include/rocksdb/c.h,"(85, 1)-(86, 39)",b'typedef struct rocksdb_compactionfilterfactor...'
rocksdb-main,../repos/rocksdb-main/include/rocksdb/c.h,"(87, 1)-(87, 58)",b'typedef struct rocksdb_comparator_t rocksdb_c...'
rocksdb-main,../repos/rocksdb-main/include/rocksdb/c.h,"(88, 1)-(88, 50)",b'typedef struct rocksdb_dbpath_t rocksdb_dbpath_t;'
rocksdb-main,../repos/rocksdb-main/include/rocksdb/c.h,"(89, 1)-(89, 44)",b'typedef struct rocksdb_env_t rocksdb_env_t;'
rocksdb-main,../repos/rocksdb-main/include/rocksdb/c.h,"(90, 1)-(91, 39)",b'typedef struct rocksdb_fifo_compaction_option...'
rocksdb-main,../repos/rocksdb-main/include/rocksdb/c.h,"(92, 1)-(92, 54)",b'typedef struct rocksdb_filelock_t rocksdb_fil...'
rocksdb-main,../repos/rocksdb-main/include/rocksdb/c.h,"(93, 1)-(93, 62)",b'typedef struct rocksdb_filterpolicy_t rocksdb...'
rocksdb-main,../repos/rocksdb-main/include/rocksdb/c.h,"(94, 1)-(94, 62)",b'typedef struct rocksdb_flushoptions_t rocksdb...'
rocksdb-main,../repos/rocksdb-main/include/rocksdb/c.h,"(95, 1)-(95, 54)",b'typedef struct rocksdb_iterator_t rocksdb_ite...'
rocksdb-main,../repos/rocksdb-main/include/rocksdb/c.h,"(96, 1)-(96, 50)",b'typedef struct rocksdb_logger_t rocksdb_logger_t;'
rocksdb-main,../repos/rocksdb-main/include/rocksdb/c.h,"(97, 1)-(97, 64)",b'typedef struct rocksdb_mergeoperator_t rocksd...'
rocksdb-main,../repos/rocksdb-main/include/rocksdb/c.h,"(98, 1)-(98, 52)",b'typedef struct rocksdb_options_t rocksdb_opti...'
rocksdb-main,../repos/rocksdb-main/include/rocksdb/c.h,"(99, 1)-(99, 66)",b'typedef struct rocksdb_compactoptions_t rocks...'
rocksdb-main,../repos/rocksdb-main/include/rocksdb/c.h,"(100, 1)-(101, 41)",b'typedef struct rocksdb_block_based_table_opti...'
rocksdb-main,../repos/rocksdb-main/include/rocksdb/c.h,"(102, 1)-(102, 78)",b'typedef struct rocksdb_cuckoo_table_options_t...'
rocksdb-main,../repos/rocksdb-main/include/rocksdb/c.h,"(103, 1)-(103, 58)",b'typedef struct rocksdb_randomfile_t rocksdb_r...'
rocksdb-main,../repos/rocksdb-main/include/rocksdb/c.h,"(104, 1)-(104, 60)",b'typedef struct rocksdb_readoptions_t rocksdb_...'
rocksdb-main,../repos/rocksdb-main/include/rocksdb/c.h,"(105, 1)-(105, 52)",b'typedef struct rocksdb_seqfile_t rocksdb_seqf...'
rocksdb-main,../repos/rocksdb-main/include/rocksdb/c.h,"(106, 1)-(106, 66)",b'typedef struct rocksdb_slicetransform_t rocks...'
rocksdb-main,../repos/rocksdb-main/include/rocksdb/c.h,"(107, 1)-(107, 54)",b'typedef struct rocksdb_snapshot_t rocksdb_sna...'
rocksdb-main,../repos/rocksdb-main/include/rocksdb/c.h,"(108, 1)-(108, 62)",b'typedef struct rocksdb_writablefile_t rocksdb...'
rocksdb-main,../repos/rocksdb-main/include/rocksdb/c.h,"(109, 1)-(109, 58)",b'typedef struct rocksdb_writebatch_t rocksdb_w...'
rocksdb-main,../repos/rocksdb-main/include/rocksdb/c.h,"(110, 1)-(110, 64)",b'typedef struct rocksdb_writebatch_wi_t rocksd...'
rocksdb-main,../repos/rocksdb-main/include/rocksdb/c.h,"(111, 1)-(111, 62)",b'typedef struct rocksdb_writeoptions_t rocksdb...'
rocksdb-main,../repos/rocksdb-main/include/rocksdb/c.h,"(112, 1)-(113, 44)",b'typedef struct rocksdb_universal_compaction_o...'
rocksdb-main,../repos/rocksdb-main/include/rocksdb/c.h,"(114, 1)-(114, 56)",b'typedef struct rocksdb_livefiles_t rocksdb_li...'
rocksdb-main,../repos/rocksdb-main/include/rocksdb/c.h,"(115, 1)-(115, 78)",b'typedef struct rocksdb_column_family_handle_t...'
rocksdb-main,../repos/rocksdb-main/include/rocksdb/c.h,"(116, 1)-(117, 38)",b'typedef struct rocksdb_column_family_metadata...'
rocksdb-main,../repos/rocksdb-main/include/rocksdb/c.h,"(118, 1)-(118, 66)",b'typedef struct rocksdb_level_metadata_t rocks...'
rocksdb-main,../repos/rocksdb-main/include/rocksdb/c.h,"(119, 1)-(119, 72)",b'typedef struct rocksdb_sst_file_metadata_t ro...'
rocksdb-main,../repos/rocksdb-main/include/rocksdb/c.h,"(120, 1)-(120, 58)",b'typedef struct rocksdb_envoptions_t rocksdb_e...'
rocksdb-main,../repos/rocksdb-main/include/rocksdb/c.h,"(121, 1)-(122, 41)",b'typedef struct rocksdb_ingestexternalfileopti...'
rocksdb-main,../repos/rocksdb-main/include/rocksdb/c.h,"(123, 1)-(123, 64)",b'typedef struct rocksdb_sstfilewriter_t rocksd...'
rocksdb-main,../repos/rocksdb-main/include/rocksdb/c.h,"(124, 1)-(124, 60)",b'typedef struct rocksdb_ratelimiter_t rocksdb_...'
rocksdb-main,../repos/rocksdb-main/include/rocksdb/c.h,"(125, 1)-(125, 60)",b'typedef struct rocksdb_perfcontext_t rocksdb_...'
rocksdb-main,../repos/rocksdb-main/include/rocksdb/c.h,"(126, 1)-(126, 64)",b'typedef struct rocksdb_pinnableslice_t rocksd...'
rocksdb-main,../repos/rocksdb-main/include/rocksdb/c.h,"(127, 1)-(127, 80)",b'typedef struct rocksdb_transactiondb_options_...'
rocksdb-main,../repos/rocksdb-main/include/rocksdb/c.h,"(128, 1)-(128, 64)",b'typedef struct rocksdb_transactiondb_t rocksd...'
rocksdb-main,../repos/rocksdb-main/include/rocksdb/c.h,"(129, 1)-(129, 76)",b'typedef struct rocksdb_transaction_options_t ...'
rocksdb-main,../repos/rocksdb-main/include/rocksdb/c.h,"(130, 1)-(131, 39)",b'typedef struct rocksdb_optimistictransactiond...'
rocksdb-main,../repos/rocksdb-main/include/rocksdb/c.h,"(132, 1)-(133, 45)",b'typedef struct rocksdb_optimistictransaction_...'
rocksdb-main,../repos/rocksdb-main/include/rocksdb/c.h,"(134, 1)-(134, 60)",b'typedef struct rocksdb_transaction_t rocksdb_...'
rocksdb-main,../repos/rocksdb-main/include/rocksdb/c.h,"(135, 1)-(135, 58)",b'typedef struct rocksdb_checkpoint_t rocksdb_c...'
rocksdb-main,../repos/rocksdb-main/include/rocksdb/c.h,"(136, 1)-(136, 62)",b'typedef struct rocksdb_wal_iterator_t rocksdb...'
rocksdb-main,../repos/rocksdb-main/include/rocksdb/c.h,"(137, 1)-(137, 68)",b'typedef struct rocksdb_wal_readoptions_t rock...'
rocksdb-main,../repos/rocksdb-main/include/rocksdb/c.h,"(138, 1)-(138, 70)",b'typedef struct rocksdb_memory_consumers_t roc...'
rocksdb-main,../repos/rocksdb-main/include/rocksdb/c.h,"(139, 1)-(139, 62)",b'typedef struct rocksdb_memory_usage_t rocksdb...'
rocksdb-main,../repos/rocksdb-main/include/rocksdb/c.h,"(140, 1)-(141, 41)",b'typedef struct rocksdb_statistics_histogram_d...'
rocksdb-main,../repos/rocksdb-main/include/rocksdb/c.h,"(142, 1)-(143, 40)",b'typedef struct rocksdb_wait_for_compact_optio...'
rocksdb-main,../repos/rocksdb-main/table/block_based/block_test.cc,"(1449, 5)-(1449, 52)",b'typedef std::unique_ptr<DataBlockIter> IterPtr;'
rocksdb-main,../repos/rocksdb-main/table/block_based/block_test.cc,"(1450, 5)-(1450, 58)","b'typedef void(IterAPI)(IterPtr & iter, std::st...'"
rocksdb-main,../repos/rocksdb-main/table/block_based/block_test.cc,"(1467, 5)-(1467, 50)",b'typedef void (DataBlockIter::*IterStepAPI)();'
rocksdb-main,../repos/rocksdb-main/table/block_based/block_test.cc,"(1580, 7)-(1580, 55)",b'typedef std::unique_ptr<IndexBlockIter> IterPtr;'
rocksdb-main,../repos/rocksdb-main/table/block_based/block_test.cc,"(1581, 7)-(1581, 60)","b'typedef void(IterAPI)(IterPtr & iter, std::st...'"
rocksdb-main,../repos/rocksdb-main/table/block_based/block_test.cc,"(1595, 7)-(1595, 53)",b'typedef void (IndexBlockIter::*IterStepAPI)();'
rocksdb-main,../repos/rocksdb-main/table/block_based/block_test.cc,"(1662, 5)-(1662, 52)",b'typedef std::unique_ptr<MetaBlockIter> IterPtr;'
rocksdb-main,../repos/rocksdb-main/table/block_based/block_test.cc,"(1663, 5)-(1663, 58)","b'typedef void(IterAPI)(IterPtr & iter, std::st...'"
rocksdb-main,../repos/rocksdb-main/table/block_based/block_test.cc,"(1664, 5)-(1664, 50)",b'typedef void (MetaBlockIter::*IterStepAPI)();'
rocksdb-main,../repos/rocksdb-main/third-party/gtest-1.8.1/fused-src/gtest/gtest-all.cc,"(1389, 3)-(1389, 47)",b'typedef unsigned __int64 BiggestConvertible;'
rocksdb-main,../repos/rocksdb-main/third-party/gtest-1.8.1/fused-src/gtest/gtest-all.cc,"(1394, 3)-(1394, 49)",b'typedef unsigned long long BiggestConvertible;'
rocksdb-main,../repos/rocksdb-main/third-party/gtest-1.8.1/fused-src/gtest/gtest-all.cc,"(2598, 3)-(2598, 47)","b'typedef std::map<std::string, size_t> IdMap;'"
rocksdb-main,../repos/rocksdb-main/third-party/gtest-1.8.1/fused-src/gtest/gtest-all.cc,"(9945, 3)-(9946, 79)","b'typedef std::map<const ThreadLocalBase*,\n    ...'"
rocksdb-main,../repos/rocksdb-main/third-party/gtest-1.8.1/fused-src/gtest/gtest-all.cc,"(9949, 3)-(9949, 69)","b'typedef std::map<DWORD, ThreadLocalValues> Th...'"
rocksdb-main,../repos/rocksdb-main/third-party/gtest-1.8.1/fused-src/gtest/gtest-all.cc,"(9953, 3)-(9953, 54)","b'typedef std::pair<DWORD, HANDLE> ThreadIdAndH...'"
rocksdb-main,../repos/rocksdb-main/third-party/gtest-1.8.1/fused-src/gtest/gtest-all.cc,"(11338, 3)-(11338, 65)",b'typedef RegisteredTestsMap::const_iterator Re...'
rocksdb-main,../repos/rocksdb-main/third-party/gtest-1.8.1/fused-src/gtest/gtest.h,"(665, 1)-(665, 57)",b'typedef struct _CRITICAL_SECTION GTEST_CRITIC...'
rocksdb-main,../repos/rocksdb-main/third-party/gtest-1.8.1/fused-src/gtest/gtest.h,"(670, 1)-(670, 61)",b'typedef struct _RTL_CRITICAL_SECTION GTEST_CR...'
rocksdb-main,../repos/rocksdb-main/third-party/gtest-1.8.1/fused-src/gtest/gtest.h,"(1097, 16)-(1097, 38)",b'typedef const T& type;'
rocksdb-main,../repos/rocksdb-main/third-party/gtest-1.8.1/fused-src/gtest/gtest.h,"(1099, 20)-(1099, 36)",b'typedef T& type;'
rocksdb-main,../repos/rocksdb-main/third-party/gtest-1.8.1/fused-src/gtest/gtest.h,"(1107, 17)-(1107, 33)",b'typedef T& type;'
rocksdb-main,../repos/rocksdb-main/third-party/gtest-1.8.1/fused-src/gtest/gtest.h,"(1109, 21)-(1109, 37)",b'typedef T& type;'
rocksdb-main,../repos/rocksdb-main/third-party/gtest-1.8.1/fused-src/gtest/gtest.h,"(1124, 3)-(1124, 19)",b'typedef T0 type;'
rocksdb-main,../repos/rocksdb-main/third-party/gtest-1.8.1/fused-src/gtest/gtest.h,"(1129, 3)-(1129, 19)",b'typedef T1 type;'
rocksdb-main,../repos/rocksdb-main/third-party/gtest-1.8.1/fused-src/gtest/gtest.h,"(1134, 3)-(1134, 19)",b'typedef T2 type;'
rocksdb-main,../repos/rocksdb-main/third-party/gtest-1.8.1/fused-src/gtest/gtest.h,"(1139, 3)-(1139, 19)",b'typedef T3 type;'
rocksdb-main,../repos/rocksdb-main/third-party/gtest-1.8.1/fused-src/gtest/gtest.h,"(1144, 3)-(1144, 19)",b'typedef T4 type;'
rocksdb-main,../repos/rocksdb-main/third-party/gtest-1.8.1/fused-src/gtest/gtest.h,"(1149, 3)-(1149, 19)",b'typedef T5 type;'
rocksdb-main,../repos/rocksdb-main/third-party/gtest-1.8.1/fused-src/gtest/gtest.h,"(1154, 3)-(1154, 19)",b'typedef T6 type;'
rocksdb-main,../repos/rocksdb-main/third-party/gtest-1.8.1/fused-src/gtest/gtest.h,"(1159, 3)-(1159, 19)",b'typedef T7 type;'
rocksdb-main,../repos/rocksdb-main/third-party/gtest-1.8.1/fused-src/gtest/gtest.h,"(1164, 3)-(1164, 19)",b'typedef T8 type;'
rocksdb-main,../repos/rocksdb-main/third-party/gtest-1.8.1/fused-src/gtest/gtest.h,"(1169, 3)-(1169, 19)",b'typedef T9 type;'
rocksdb-main,../repos/rocksdb-main/third-party/gtest-1.8.1/fused-src/gtest/gtest.h,"(1767, 3)-(1768, 60)",b'typedef typename gtest_internal::TupleElement...'
rocksdb-main,../repos/rocksdb-main/third-party/gtest-1.8.1/fused-src/gtest/gtest.h,"(2429, 1)-(2429, 25)",b'typedef ::string string;'
rocksdb-main,../repos/rocksdb-main/third-party/gtest-1.8.1/fused-src/gtest/gtest.h,"(2431, 1)-(2431, 30)",b'typedef ::std::string string;'
rocksdb-main,../repos/rocksdb-main/third-party/gtest-1.8.1/fused-src/gtest/gtest.h,"(2435, 1)-(2435, 27)",b'typedef ::wstring wstring;'
rocksdb-main,../repos/rocksdb-main/third-party/gtest-1.8.1/fused-src/gtest/gtest.h,"(2437, 1)-(2437, 32)",b'typedef ::std::wstring wstring;'
rocksdb-main,../repos/rocksdb-main/third-party/gtest-1.8.1/fused-src/gtest/gtest.h,"(2662, 23)-(2662, 39)",b'typedef T& type;'
rocksdb-main,../repos/rocksdb-main/third-party/gtest-1.8.1/fused-src/gtest/gtest.h,"(2664, 27)-(2664, 43)",b'typedef T& type;'
rocksdb-main,../repos/rocksdb-main/third-party/gtest-1.8.1/fused-src/gtest/gtest.h,"(2683, 19)-(2683, 41)",b'typedef const T& type;'
rocksdb-main,../repos/rocksdb-main/third-party/gtest-1.8.1/fused-src/gtest/gtest.h,"(2685, 23)-(2685, 39)",b'typedef T& type;'
rocksdb-main,../repos/rocksdb-main/third-party/gtest-1.8.1/fused-src/gtest/gtest.h,"(2697, 3)-(2697, 20)",b'typedef T&& type;'
rocksdb-main,../repos/rocksdb-main/third-party/gtest-1.8.1/fused-src/gtest/gtest.h,"(2709, 3)-(2709, 25)",b'typedef const T& type;'
rocksdb-main,../repos/rocksdb-main/third-party/gtest-1.8.1/fused-src/gtest/gtest.h,"(2989, 3)-(2989, 34)",b'typedef void UserThreadFunc(T);'
rocksdb-main,../repos/rocksdb-main/third-party/gtest-1.8.1/fused-src/gtest/gtest.h,"(3116, 1)-(3116, 34)",b'typedef GTestMutexLock MutexLock;'
rocksdb-main,../repos/rocksdb-main/third-party/gtest-1.8.1/fused-src/gtest/gtest.h,"(3180, 3)-(3180, 34)",b'typedef void UserThreadFunc(T);'
rocksdb-main,../repos/rocksdb-main/third-party/gtest-1.8.1/fused-src/gtest/gtest.h,"(3405, 1)-(3405, 34)",b'typedef GTestMutexLock MutexLock;'
rocksdb-main,../repos/rocksdb-main/third-party/gtest-1.8.1/fused-src/gtest/gtest.h,"(3555, 1)-(3555, 34)",b'typedef GTestMutexLock MutexLock;'
rocksdb-main,../repos/rocksdb-main/third-party/gtest-1.8.1/fused-src/gtest/gtest.h,"(3601, 3)-(3601, 42)",b'typedef bool_constant<bool_value> type;'
rocksdb-main,../repos/rocksdb-main/third-party/gtest-1.8.1/fused-src/gtest/gtest.h,"(3606, 1)-(3606, 41)",b'typedef bool_constant<false> false_type;'
rocksdb-main,../repos/rocksdb-main/third-party/gtest-1.8.1/fused-src/gtest/gtest.h,"(3607, 1)-(3607, 39)",b'typedef bool_constant<true> true_type;'
rocksdb-main,../repos/rocksdb-main/third-party/gtest-1.8.1/fused-src/gtest/gtest.h,"(3624, 3)-(3624, 52)",b'typedef typename Iterator::value_type value_type;'
rocksdb-main,../repos/rocksdb-main/third-party/gtest-1.8.1/fused-src/gtest/gtest.h,"(3630, 3)-(3630, 24)",b'typedef T value_type;'
rocksdb-main,../repos/rocksdb-main/third-party/gtest-1.8.1/fused-src/gtest/gtest.h,"(3635, 3)-(3635, 24)",b'typedef T value_type;'
rocksdb-main,../repos/rocksdb-main/third-party/gtest-1.8.1/fused-src/gtest/gtest.h,"(3642, 1)-(3642, 28)",b'typedef __int64 BiggestInt;'
rocksdb-main,../repos/rocksdb-main/third-party/gtest-1.8.1/fused-src/gtest/gtest.h,"(3646, 1)-(3646, 30)",b'typedef long long BiggestInt;'
rocksdb-main,../repos/rocksdb-main/third-party/gtest-1.8.1/fused-src/gtest/gtest.h,"(3708, 1)-(3708, 33)",b'typedef struct _stat StatStruct;'
rocksdb-main,../repos/rocksdb-main/third-party/gtest-1.8.1/fused-src/gtest/gtest.h,"(3743, 1)-(3743, 32)",b'typedef struct stat StatStruct;'
rocksdb-main,../repos/rocksdb-main/third-party/gtest-1.8.1/fused-src/gtest/gtest.h,"(3870, 3)-(3870, 21)",b'typedef void UInt;'
rocksdb-main,../repos/rocksdb-main/third-party/gtest-1.8.1/fused-src/gtest/gtest.h,"(3881, 3)-(3881, 19)",b'typedef int Int;'
rocksdb-main,../repos/rocksdb-main/third-party/gtest-1.8.1/fused-src/gtest/gtest.h,"(3882, 3)-(3882, 29)",b'typedef unsigned int UInt;'
rocksdb-main,../repos/rocksdb-main/third-party/gtest-1.8.1/fused-src/gtest/gtest.h,"(3890, 3)-(3890, 23)",b'typedef __int64 Int;'
rocksdb-main,../repos/rocksdb-main/third-party/gtest-1.8.1/fused-src/gtest/gtest.h,"(3891, 3)-(3891, 33)",b'typedef unsigned __int64 UInt;'
rocksdb-main,../repos/rocksdb-main/third-party/gtest-1.8.1/fused-src/gtest/gtest.h,"(3893, 3)-(3893, 25)",b'typedef long long Int;'
rocksdb-main,../repos/rocksdb-main/third-party/gtest-1.8.1/fused-src/gtest/gtest.h,"(3894, 3)-(3894, 35)",b'typedef unsigned long long UInt;'
rocksdb-main,../repos/rocksdb-main/third-party/gtest-1.8.1/fused-src/gtest/gtest.h,"(3899, 1)-(3899, 36)",b'typedef TypeWithSize<4>::Int Int32;'
rocksdb-main,../repos/rocksdb-main/third-party/gtest-1.8.1/fused-src/gtest/gtest.h,"(3900, 1)-(3900, 38)",b'typedef TypeWithSize<4>::UInt UInt32;'
rocksdb-main,../repos/rocksdb-main/third-party/gtest-1.8.1/fused-src/gtest/gtest.h,"(3901, 1)-(3901, 36)",b'typedef TypeWithSize<8>::Int Int64;'
rocksdb-main,../repos/rocksdb-main/third-party/gtest-1.8.1/fused-src/gtest/gtest.h,"(3902, 1)-(3902, 38)",b'typedef TypeWithSize<8>::UInt UInt64;'
rocksdb-main,../repos/rocksdb-main/third-party/gtest-1.8.1/fused-src/gtest/gtest.h,"(3903, 1)-(3903, 43)",b'typedef TypeWithSize<8>::Int TimeInMillis;'
rocksdb-main,../repos/rocksdb-main/third-party/gtest-1.8.1/fused-src/gtest/gtest.h,"(4729, 3)-(4729, 21)",b'typedef bool type;'
rocksdb-main,../repos/rocksdb-main/third-party/gtest-1.8.1/fused-src/gtest/gtest.h,"(4752, 3)-(4752, 19)",b'typedef T1 Head;'
rocksdb-main,../repos/rocksdb-main/third-party/gtest-1.8.1/fused-src/gtest/gtest.h,"(4753, 3)-(4753, 23)",b'typedef Types0 Tail;'
rocksdb-main,../repos/rocksdb-main/third-party/gtest-1.8.1/fused-src/gtest/gtest.h,"(4757, 3)-(4757, 19)",b'typedef T1 Head;'
rocksdb-main,../repos/rocksdb-main/third-party/gtest-1.8.1/fused-src/gtest/gtest.h,"(4758, 3)-(4758, 27)",b'typedef Types1<T2> Tail;'
rocksdb-main,../repos/rocksdb-main/third-party/gtest-1.8.1/fused-src/gtest/gtest.h,"(4763, 3)-(4763, 19)",b'typedef T1 Head;'
rocksdb-main,../repos/rocksdb-main/third-party/gtest-1.8.1/fused-src/gtest/gtest.h,"(4764, 3)-(4764, 31)","b'typedef Types2<T2, T3> Tail;'"
rocksdb-main,../repos/rocksdb-main/third-party/gtest-1.8.1/fused-src/gtest/gtest.h,"(4769, 3)-(4769, 19)",b'typedef T1 Head;'
rocksdb-main,../repos/rocksdb-main/third-party/gtest-1.8.1/fused-src/gtest/gtest.h,"(4770, 3)-(4770, 35)","b'typedef Types3<T2, T3, T4> Tail;'"
rocksdb-main,../repos/rocksdb-main/third-party/gtest-1.8.1/fused-src/gtest/gtest.h,"(4775, 3)-(4775, 19)",b'typedef T1 Head;'
rocksdb-main,../repos/rocksdb-main/third-party/gtest-1.8.1/fused-src/gtest/gtest.h,"(4776, 3)-(4776, 39)","b'typedef Types4<T2, T3, T4, T5> Tail;'"
rocksdb-main,../repos/rocksdb-main/third-party/gtest-1.8.1/fused-src/gtest/gtest.h,"(4782, 3)-(4782, 19)",b'typedef T1 Head;'
rocksdb-main,../repos/rocksdb-main/third-party/gtest-1.8.1/fused-src/gtest/gtest.h,"(4783, 3)-(4783, 43)","b'typedef Types5<T2, T3, T4, T5, T6> Tail;'"
rocksdb-main,../repos/rocksdb-main/third-party/gtest-1.8.1/fused-src/gtest/gtest.h,"(4789, 3)-(4789, 19)",b'typedef T1 Head;'
rocksdb-main,../repos/rocksdb-main/third-party/gtest-1.8.1/fused-src/gtest/gtest.h,"(4790, 3)-(4790, 47)","b'typedef Types6<T2, T3, T4, T5, T6, T7> Tail;'"
rocksdb-main,../repos/rocksdb-main/third-party/gtest-1.8.1/fused-src/gtest/gtest.h,"(4796, 3)-(4796, 19)",b'typedef T1 Head;'
rocksdb-main,../repos/rocksdb-main/third-party/gtest-1.8.1/fused-src/gtest/gtest.h,"(4797, 3)-(4797, 51)","b'typedef Types7<T2, T3, T4, T5, T6, T7, T8> Tail;'"
rocksdb-main,../repos/rocksdb-main/third-party/gtest-1.8.1/fused-src/gtest/gtest.h,"(4803, 3)-(4803, 19)",b'typedef T1 Head;'
rocksdb-main,../repos/rocksdb-main/third-party/gtest-1.8.1/fused-src/gtest/gtest.h,"(4804, 3)-(4804, 55)","b'typedef Types8<T2, T3, T4, T5, T6, T7, T8, T9...'"
rocksdb-main,../repos/rocksdb-main/third-party/gtest-1.8.1/fused-src/gtest/gtest.h,"(4810, 3)-(4810, 19)",b'typedef T1 Head;'
rocksdb-main,../repos/rocksdb-main/third-party/gtest-1.8.1/fused-src/gtest/gtest.h,"(4811, 3)-(4811, 60)","b'typedef Types9<T2, T3, T4, T5, T6, T7, T8, T9...'"
rocksdb-main,../repos/rocksdb-main/third-party/gtest-1.8.1/fused-src/gtest/gtest.h,"(4818, 3)-(4818, 19)",b'typedef T1 Head;'
rocksdb-main,../repos/rocksdb-main/third-party/gtest-1.8.1/fused-src/gtest/gtest.h,"(4819, 3)-(4819, 66)","b'typedef Types10<T2, T3, T4, T5, T6, T7, T8, T...'"
rocksdb-main,../repos/rocksdb-main/third-party/gtest-1.8.1/fused-src/gtest/gtest.h,"(4826, 3)-(4826, 19)",b'typedef T1 Head;'
rocksdb-main,../repos/rocksdb-main/third-party/gtest-1.8.1/fused-src/gtest/gtest.h,"(4827, 3)-(4827, 71)","b'typedef Types11<T2, T3, T4, T5, T6, T7, T8, T...'"
rocksdb-main,../repos/rocksdb-main/third-party/gtest-1.8.1/fused-src/gtest/gtest.h,"(4834, 3)-(4834, 19)",b'typedef T1 Head;'
rocksdb-main,../repos/rocksdb-main/third-party/gtest-1.8.1/fused-src/gtest/gtest.h,"(4835, 3)-(4835, 76)","b'typedef Types12<T2, T3, T4, T5, T6, T7, T8, T...'"
rocksdb-main,../repos/rocksdb-main/third-party/gtest-1.8.1/fused-src/gtest/gtest.h,"(4842, 3)-(4842, 19)",b'typedef T1 Head;'
rocksdb-main,../repos/rocksdb-main/third-party/gtest-1.8.1/fused-src/gtest/gtest.h,"(4843, 3)-(4843, 81)","b'typedef Types13<T2, T3, T4, T5, T6, T7, T8, T...'"
rocksdb-main,../repos/rocksdb-main/third-party/gtest-1.8.1/fused-src/gtest/gtest.h,"(4850, 3)-(4850, 19)",b'typedef T1 Head;'
rocksdb-main,../repos/rocksdb-main/third-party/gtest-1.8.1/fused-src/gtest/gtest.h,"(4851, 3)-(4852, 17)","b'typedef Types14<T2, T3, T4, T5, T6, T7, T8, T...'"
rocksdb-main,../repos/rocksdb-main/third-party/gtest-1.8.1/fused-src/gtest/gtest.h,"(4860, 3)-(4860, 19)",b'typedef T1 Head;'
rocksdb-main,../repos/rocksdb-main/third-party/gtest-1.8.1/fused-src/gtest/gtest.h,"(4861, 3)-(4862, 17)","b'typedef Types15<T2, T3, T4, T5, T6, T7, T8, T...'"
rocksdb-main,../repos/rocksdb-main/third-party/gtest-1.8.1/fused-src/gtest/gtest.h,"(4870, 3)-(4870, 19)",b'typedef T1 Head;'
rocksdb-main,../repos/rocksdb-main/third-party/gtest-1.8.1/fused-src/gtest/gtest.h,"(4871, 3)-(4872, 22)","b'typedef Types16<T2, T3, T4, T5, T6, T7, T8, T...'"
rocksdb-main,../repos/rocksdb-main/third-party/gtest-1.8.1/fused-src/gtest/gtest.h,"(4880, 3)-(4880, 19)",b'typedef T1 Head;'
rocksdb-main,../repos/rocksdb-main/third-party/gtest-1.8.1/fused-src/gtest/gtest.h,"(4881, 3)-(4882, 27)","b'typedef Types17<T2, T3, T4, T5, T6, T7, T8, T...'"
rocksdb-main,../repos/rocksdb-main/third-party/gtest-1.8.1/fused-src/gtest/gtest.h,"(4890, 3)-(4890, 19)",b'typedef T1 Head;'
rocksdb-main,../repos/rocksdb-main/third-party/gtest-1.8.1/fused-src/gtest/gtest.h,"(4891, 3)-(4892, 32)","b'typedef Types18<T2, T3, T4, T5, T6, T7, T8, T...'"
rocksdb-main,../repos/rocksdb-main/third-party/gtest-1.8.1/fused-src/gtest/gtest.h,"(4900, 3)-(4900, 19)",b'typedef T1 Head;'
rocksdb-main,../repos/rocksdb-main/third-party/gtest-1.8.1/fused-src/gtest/gtest.h,"(4901, 3)-(4902, 37)","b'typedef Types19<T2, T3, T4, T5, T6, T7, T8, T...'"
rocksdb-main,../repos/rocksdb-main/third-party/gtest-1.8.1/fused-src/gtest/gtest.h,"(4911, 3)-(4911, 19)",b'typedef T1 Head;'
rocksdb-main,../repos/rocksdb-main/third-party/gtest-1.8.1/fused-src/gtest/gtest.h,"(4912, 3)-(4913, 42)","b'typedef Types20<T2, T3, T4, T5, T6, T7, T8, T...'"
rocksdb-main,../repos/rocksdb-main/third-party/gtest-1.8.1/fused-src/gtest/gtest.h,"(4922, 3)-(4922, 19)",b'typedef T1 Head;'
rocksdb-main,../repos/rocksdb-main/third-party/gtest-1.8.1/fused-src/gtest/gtest.h,"(4923, 3)-(4924, 47)","b'typedef Types21<T2, T3, T4, T5, T6, T7, T8, T...'"
rocksdb-main,../repos/rocksdb-main/third-party/gtest-1.8.1/fused-src/gtest/gtest.h,"(4933, 3)-(4933, 19)",b'typedef T1 Head;'
rocksdb-main,../repos/rocksdb-main/third-party/gtest-1.8.1/fused-src/gtest/gtest.h,"(4934, 3)-(4935, 52)","b'typedef Types22<T2, T3, T4, T5, T6, T7, T8, T...'"
rocksdb-main,../repos/rocksdb-main/third-party/gtest-1.8.1/fused-src/gtest/gtest.h,"(4944, 3)-(4944, 19)",b'typedef T1 Head;'
rocksdb-main,../repos/rocksdb-main/third-party/gtest-1.8.1/fused-src/gtest/gtest.h,"(4945, 3)-(4946, 57)","b'typedef Types23<T2, T3, T4, T5, T6, T7, T8, T...'"
rocksdb-main,../repos/rocksdb-main/third-party/gtest-1.8.1/fused-src/gtest/gtest.h,"(4955, 3)-(4955, 19)",b'typedef T1 Head;'
rocksdb-main,../repos/rocksdb-main/third-party/gtest-1.8.1/fused-src/gtest/gtest.h,"(4956, 3)-(4957, 62)","b'typedef Types24<T2, T3, T4, T5, T6, T7, T8, T...'"
rocksdb-main,../repos/rocksdb-main/third-party/gtest-1.8.1/fused-src/gtest/gtest.h,"(4967, 3)-(4967, 19)",b'typedef T1 Head;'
rocksdb-main,../repos/rocksdb-main/third-party/gtest-1.8.1/fused-src/gtest/gtest.h,"(4968, 3)-(4969, 67)","b'typedef Types25<T2, T3, T4, T5, T6, T7, T8, T...'"
rocksdb-main,../repos/rocksdb-main/third-party/gtest-1.8.1/fused-src/gtest/gtest.h,"(4979, 3)-(4979, 19)",b'typedef T1 Head;'
rocksdb-main,../repos/rocksdb-main/third-party/gtest-1.8.1/fused-src/gtest/gtest.h,"(4980, 3)-(4981, 72)","b'typedef Types26<T2, T3, T4, T5, T6, T7, T8, T...'"
rocksdb-main,../repos/rocksdb-main/third-party/gtest-1.8.1/fused-src/gtest/gtest.h,"(4991, 3)-(4991, 19)",b'typedef T1 Head;'
rocksdb-main,../repos/rocksdb-main/third-party/gtest-1.8.1/fused-src/gtest/gtest.h,"(4992, 3)-(4993, 77)","b'typedef Types27<T2, T3, T4, T5, T6, T7, T8, T...'"
rocksdb-main,../repos/rocksdb-main/third-party/gtest-1.8.1/fused-src/gtest/gtest.h,"(5003, 3)-(5003, 19)",b'typedef T1 Head;'
rocksdb-main,../repos/rocksdb-main/third-party/gtest-1.8.1/fused-src/gtest/gtest.h,"(5004, 3)-(5006, 17)","b'typedef Types28<T2, T3, T4, T5, T6, T7, T8, T...'"
rocksdb-main,../repos/rocksdb-main/third-party/gtest-1.8.1/fused-src/gtest/gtest.h,"(5016, 3)-(5016, 19)",b'typedef T1 Head;'
rocksdb-main,../repos/rocksdb-main/third-party/gtest-1.8.1/fused-src/gtest/gtest.h,"(5017, 3)-(5019, 17)","b'typedef Types29<T2, T3, T4, T5, T6, T7, T8, T...'"
rocksdb-main,../repos/rocksdb-main/third-party/gtest-1.8.1/fused-src/gtest/gtest.h,"(5030, 3)-(5030, 19)",b'typedef T1 Head;'
rocksdb-main,../repos/rocksdb-main/third-party/gtest-1.8.1/fused-src/gtest/gtest.h,"(5031, 3)-(5033, 22)","b'typedef Types30<T2, T3, T4, T5, T6, T7, T8, T...'"
rocksdb-main,../repos/rocksdb-main/third-party/gtest-1.8.1/fused-src/gtest/gtest.h,"(5044, 3)-(5044, 19)",b'typedef T1 Head;'
rocksdb-main,../repos/rocksdb-main/third-party/gtest-1.8.1/fused-src/gtest/gtest.h,"(5045, 3)-(5047, 27)","b'typedef Types31<T2, T3, T4, T5, T6, T7, T8, T...'"
rocksdb-main,../repos/rocksdb-main/third-party/gtest-1.8.1/fused-src/gtest/gtest.h,"(5058, 3)-(5058, 19)",b'typedef T1 Head;'
rocksdb-main,../repos/rocksdb-main/third-party/gtest-1.8.1/fused-src/gtest/gtest.h,"(5059, 3)-(5061, 32)","b'typedef Types32<T2, T3, T4, T5, T6, T7, T8, T...'"
rocksdb-main,../repos/rocksdb-main/third-party/gtest-1.8.1/fused-src/gtest/gtest.h,"(5072, 3)-(5072, 19)",b'typedef T1 Head;'
rocksdb-main,../repos/rocksdb-main/third-party/gtest-1.8.1/fused-src/gtest/gtest.h,"(5073, 3)-(5075, 37)","b'typedef Types33<T2, T3, T4, T5, T6, T7, T8, T...'"
rocksdb-main,../repos/rocksdb-main/third-party/gtest-1.8.1/fused-src/gtest/gtest.h,"(5086, 3)-(5086, 19)",b'typedef T1 Head;'
rocksdb-main,../repos/rocksdb-main/third-party/gtest-1.8.1/fused-src/gtest/gtest.h,"(5087, 3)-(5089, 42)","b'typedef Types34<T2, T3, T4, T5, T6, T7, T8, T...'"
rocksdb-main,../repos/rocksdb-main/third-party/gtest-1.8.1/fused-src/gtest/gtest.h,"(5101, 3)-(5101, 19)",b'typedef T1 Head;'
rocksdb-main,../repos/rocksdb-main/third-party/gtest-1.8.1/fused-src/gtest/gtest.h,"(5102, 3)-(5104, 47)","b'typedef Types35<T2, T3, T4, T5, T6, T7, T8, T...'"
rocksdb-main,../repos/rocksdb-main/third-party/gtest-1.8.1/fused-src/gtest/gtest.h,"(5116, 3)-(5116, 19)",b'typedef T1 Head;'
rocksdb-main,../repos/rocksdb-main/third-party/gtest-1.8.1/fused-src/gtest/gtest.h,"(5117, 3)-(5119, 52)","b'typedef Types36<T2, T3, T4, T5, T6, T7, T8, T...'"
rocksdb-main,../repos/rocksdb-main/third-party/gtest-1.8.1/fused-src/gtest/gtest.h,"(5131, 3)-(5131, 19)",b'typedef T1 Head;'
rocksdb-main,../repos/rocksdb-main/third-party/gtest-1.8.1/fused-src/gtest/gtest.h,"(5132, 3)-(5134, 57)","b'typedef Types37<T2, T3, T4, T5, T6, T7, T8, T...'"
rocksdb-main,../repos/rocksdb-main/third-party/gtest-1.8.1/fused-src/gtest/gtest.h,"(5146, 3)-(5146, 19)",b'typedef T1 Head;'
rocksdb-main,../repos/rocksdb-main/third-party/gtest-1.8.1/fused-src/gtest/gtest.h,"(5147, 3)-(5149, 62)","b'typedef Types38<T2, T3, T4, T5, T6, T7, T8, T...'"
rocksdb-main,../repos/rocksdb-main/third-party/gtest-1.8.1/fused-src/gtest/gtest.h,"(5161, 3)-(5161, 19)",b'typedef T1 Head;'
rocksdb-main,../repos/rocksdb-main/third-party/gtest-1.8.1/fused-src/gtest/gtest.h,"(5162, 3)-(5164, 67)","b'typedef Types39<T2, T3, T4, T5, T6, T7, T8, T...'"
rocksdb-main,../repos/rocksdb-main/third-party/gtest-1.8.1/fused-src/gtest/gtest.h,"(5177, 3)-(5177, 19)",b'typedef T1 Head;'
rocksdb-main,../repos/rocksdb-main/third-party/gtest-1.8.1/fused-src/gtest/gtest.h,"(5178, 3)-(5180, 72)","b'typedef Types40<T2, T3, T4, T5, T6, T7, T8, T...'"
rocksdb-main,../repos/rocksdb-main/third-party/gtest-1.8.1/fused-src/gtest/gtest.h,"(5193, 3)-(5193, 19)",b'typedef T1 Head;'
rocksdb-main,../repos/rocksdb-main/third-party/gtest-1.8.1/fused-src/gtest/gtest.h,"(5194, 3)-(5196, 77)","b'typedef Types41<T2, T3, T4, T5, T6, T7, T8, T...'"
rocksdb-main,../repos/rocksdb-main/third-party/gtest-1.8.1/fused-src/gtest/gtest.h,"(5209, 3)-(5209, 19)",b'typedef T1 Head;'
rocksdb-main,../repos/rocksdb-main/third-party/gtest-1.8.1/fused-src/gtest/gtest.h,"(5210, 3)-(5213, 17)","b'typedef Types42<T2, T3, T4, T5, T6, T7, T8, T...'"
rocksdb-main,../repos/rocksdb-main/third-party/gtest-1.8.1/fused-src/gtest/gtest.h,"(5226, 3)-(5226, 19)",b'typedef T1 Head;'
rocksdb-main,../repos/rocksdb-main/third-party/gtest-1.8.1/fused-src/gtest/gtest.h,"(5227, 3)-(5230, 17)","b'typedef Types43<T2, T3, T4, T5, T6, T7, T8, T...'"
rocksdb-main,../repos/rocksdb-main/third-party/gtest-1.8.1/fused-src/gtest/gtest.h,"(5243, 3)-(5243, 19)",b'typedef T1 Head;'
rocksdb-main,../repos/rocksdb-main/third-party/gtest-1.8.1/fused-src/gtest/gtest.h,"(5244, 3)-(5247, 22)","b'typedef Types44<T2, T3, T4, T5, T6, T7, T8, T...'"
rocksdb-main,../repos/rocksdb-main/third-party/gtest-1.8.1/fused-src/gtest/gtest.h,"(5261, 3)-(5261, 19)",b'typedef T1 Head;'
rocksdb-main,../repos/rocksdb-main/third-party/gtest-1.8.1/fused-src/gtest/gtest.h,"(5262, 3)-(5265, 27)","b'typedef Types45<T2, T3, T4, T5, T6, T7, T8, T...'"
rocksdb-main,../repos/rocksdb-main/third-party/gtest-1.8.1/fused-src/gtest/gtest.h,"(5279, 3)-(5279, 19)",b'typedef T1 Head;'
rocksdb-main,../repos/rocksdb-main/third-party/gtest-1.8.1/fused-src/gtest/gtest.h,"(5280, 3)-(5283, 32)","b'typedef Types46<T2, T3, T4, T5, T6, T7, T8, T...'"
rocksdb-main,../repos/rocksdb-main/third-party/gtest-1.8.1/fused-src/gtest/gtest.h,"(5297, 3)-(5297, 19)",b'typedef T1 Head;'
rocksdb-main,../repos/rocksdb-main/third-party/gtest-1.8.1/fused-src/gtest/gtest.h,"(5298, 3)-(5301, 37)","b'typedef Types47<T2, T3, T4, T5, T6, T7, T8, T...'"
rocksdb-main,../repos/rocksdb-main/third-party/gtest-1.8.1/fused-src/gtest/gtest.h,"(5315, 3)-(5315, 19)",b'typedef T1 Head;'
rocksdb-main,../repos/rocksdb-main/third-party/gtest-1.8.1/fused-src/gtest/gtest.h,"(5316, 3)-(5319, 42)","b'typedef Types48<T2, T3, T4, T5, T6, T7, T8, T...'"
rocksdb-main,../repos/rocksdb-main/third-party/gtest-1.8.1/fused-src/gtest/gtest.h,"(5333, 3)-(5333, 19)",b'typedef T1 Head;'
rocksdb-main,../repos/rocksdb-main/third-party/gtest-1.8.1/fused-src/gtest/gtest.h,"(5334, 3)-(5337, 47)","b'typedef Types49<T2, T3, T4, T5, T6, T7, T8, T...'"
rocksdb-main,../repos/rocksdb-main/third-party/gtest-1.8.1/fused-src/gtest/gtest.h,"(5382, 3)-(5385, 62)","b'typedef internal::Types50<T1, T2, T3, T4, T5,...'"
rocksdb-main,../repos/rocksdb-main/third-party/gtest-1.8.1/fused-src/gtest/gtest.h,"(5402, 3)-(5402, 33)",b'typedef internal::Types0 type;'
rocksdb-main,../repos/rocksdb-main/third-party/gtest-1.8.1/fused-src/gtest/gtest.h,"(5418, 3)-(5418, 37)",b'typedef internal::Types1<T1> type;'
rocksdb-main,../repos/rocksdb-main/third-party/gtest-1.8.1/fused-src/gtest/gtest.h,"(5434, 3)-(5434, 41)","b'typedef internal::Types2<T1, T2> type;'"
rocksdb-main,../repos/rocksdb-main/third-party/gtest-1.8.1/fused-src/gtest/gtest.h,"(5449, 3)-(5449, 45)","b'typedef internal::Types3<T1, T2, T3> type;'"
rocksdb-main,../repos/rocksdb-main/third-party/gtest-1.8.1/fused-src/gtest/gtest.h,"(5464, 3)-(5464, 49)","b'typedef internal::Types4<T1, T2, T3, T4> type;'"
rocksdb-main,../repos/rocksdb-main/third-party/gtest-1.8.1/fused-src/gtest/gtest.h,"(5479, 3)-(5479, 53)","b'typedef internal::Types5<T1, T2, T3, T4, T5> type;'"
rocksdb-main,../repos/rocksdb-main/third-party/gtest-1.8.1/fused-src/gtest/gtest.h,"(5495, 3)-(5495, 57)","b'typedef internal::Types6<T1, T2, T3, T4, T5, ...'"
rocksdb-main,../repos/rocksdb-main/third-party/gtest-1.8.1/fused-src/gtest/gtest.h,"(5511, 3)-(5511, 61)","b'typedef internal::Types7<T1, T2, T3, T4, T5, ...'"
rocksdb-main,../repos/rocksdb-main/third-party/gtest-1.8.1/fused-src/gtest/gtest.h,"(5526, 3)-(5526, 65)","b'typedef internal::Types8<T1, T2, T3, T4, T5, ...'"
rocksdb-main,../repos/rocksdb-main/third-party/gtest-1.8.1/fused-src/gtest/gtest.h,"(5541, 3)-(5541, 69)","b'typedef internal::Types9<T1, T2, T3, T4, T5, ...'"
rocksdb-main,../repos/rocksdb-main/third-party/gtest-1.8.1/fused-src/gtest/gtest.h,"(5556, 3)-(5556, 75)","b'typedef internal::Types10<T1, T2, T3, T4, T5,...'"
rocksdb-main,../repos/rocksdb-main/third-party/gtest-1.8.1/fused-src/gtest/gtest.h,"(5572, 3)-(5572, 80)","b'typedef internal::Types11<T1, T2, T3, T4, T5,...'"
rocksdb-main,../repos/rocksdb-main/third-party/gtest-1.8.1/fused-src/gtest/gtest.h,"(5588, 3)-(5589, 17)","b'typedef internal::Types12<T1, T2, T3, T4, T5,...'"
rocksdb-main,../repos/rocksdb-main/third-party/gtest-1.8.1/fused-src/gtest/gtest.h,"(5605, 3)-(5606, 17)","b'typedef internal::Types13<T1, T2, T3, T4, T5,...'"
rocksdb-main,../repos/rocksdb-main/third-party/gtest-1.8.1/fused-src/gtest/gtest.h,"(5621, 3)-(5622, 22)","b'typedef internal::Types14<T1, T2, T3, T4, T5,...'"
rocksdb-main,../repos/rocksdb-main/third-party/gtest-1.8.1/fused-src/gtest/gtest.h,"(5637, 3)-(5638, 27)","b'typedef internal::Types15<T1, T2, T3, T4, T5,...'"
rocksdb-main,../repos/rocksdb-main/third-party/gtest-1.8.1/fused-src/gtest/gtest.h,"(5654, 3)-(5655, 32)","b'typedef internal::Types16<T1, T2, T3, T4, T5,...'"
rocksdb-main,../repos/rocksdb-main/third-party/gtest-1.8.1/fused-src/gtest/gtest.h,"(5671, 3)-(5672, 37)","b'typedef internal::Types17<T1, T2, T3, T4, T5,...'"
rocksdb-main,../repos/rocksdb-main/third-party/gtest-1.8.1/fused-src/gtest/gtest.h,"(5688, 3)-(5689, 42)","b'typedef internal::Types18<T1, T2, T3, T4, T5,...'"
rocksdb-main,../repos/rocksdb-main/third-party/gtest-1.8.1/fused-src/gtest/gtest.h,"(5704, 3)-(5705, 47)","b'typedef internal::Types19<T1, T2, T3, T4, T5,...'"
rocksdb-main,../repos/rocksdb-main/third-party/gtest-1.8.1/fused-src/gtest/gtest.h,"(5720, 3)-(5721, 52)","b'typedef internal::Types20<T1, T2, T3, T4, T5,...'"
rocksdb-main,../repos/rocksdb-main/third-party/gtest-1.8.1/fused-src/gtest/gtest.h,"(5737, 3)-(5738, 57)","b'typedef internal::Types21<T1, T2, T3, T4, T5,...'"
rocksdb-main,../repos/rocksdb-main/third-party/gtest-1.8.1/fused-src/gtest/gtest.h,"(5754, 3)-(5755, 62)","b'typedef internal::Types22<T1, T2, T3, T4, T5,...'"
rocksdb-main,../repos/rocksdb-main/third-party/gtest-1.8.1/fused-src/gtest/gtest.h,"(5771, 3)-(5772, 67)","b'typedef internal::Types23<T1, T2, T3, T4, T5,...'"
rocksdb-main,../repos/rocksdb-main/third-party/gtest-1.8.1/fused-src/gtest/gtest.h,"(5788, 3)-(5789, 72)","b'typedef internal::Types24<T1, T2, T3, T4, T5,...'"
rocksdb-main,../repos/rocksdb-main/third-party/gtest-1.8.1/fused-src/gtest/gtest.h,"(5804, 3)-(5805, 77)","b'typedef internal::Types25<T1, T2, T3, T4, T5,...'"
rocksdb-main,../repos/rocksdb-main/third-party/gtest-1.8.1/fused-src/gtest/gtest.h,"(5821, 3)-(5823, 17)","b'typedef internal::Types26<T1, T2, T3, T4, T5,...'"
rocksdb-main,../repos/rocksdb-main/third-party/gtest-1.8.1/fused-src/gtest/gtest.h,"(5839, 3)-(5841, 17)","b'typedef internal::Types27<T1, T2, T3, T4, T5,...'"
rocksdb-main,../repos/rocksdb-main/third-party/gtest-1.8.1/fused-src/gtest/gtest.h,"(5857, 3)-(5859, 22)","b'typedef internal::Types28<T1, T2, T3, T4, T5,...'"
rocksdb-main,../repos/rocksdb-main/third-party/gtest-1.8.1/fused-src/gtest/gtest.h,"(5875, 3)-(5877, 27)","b'typedef internal::Types29<T1, T2, T3, T4, T5,...'"
rocksdb-main,../repos/rocksdb-main/third-party/gtest-1.8.1/fused-src/gtest/gtest.h,"(5892, 3)-(5894, 32)","b'typedef internal::Types30<T1, T2, T3, T4, T5,...'"
rocksdb-main,../repos/rocksdb-main/third-party/gtest-1.8.1/fused-src/gtest/gtest.h,"(5910, 3)-(5912, 37)","b'typedef internal::Types31<T1, T2, T3, T4, T5,...'"
rocksdb-main,../repos/rocksdb-main/third-party/gtest-1.8.1/fused-src/gtest/gtest.h,"(5928, 3)-(5930, 42)","b'typedef internal::Types32<T1, T2, T3, T4, T5,...'"
rocksdb-main,../repos/rocksdb-main/third-party/gtest-1.8.1/fused-src/gtest/gtest.h,"(5946, 3)-(5948, 47)","b'typedef internal::Types33<T1, T2, T3, T4, T5,...'"
rocksdb-main,../repos/rocksdb-main/third-party/gtest-1.8.1/fused-src/gtest/gtest.h,"(5964, 3)-(5966, 52)","b'typedef internal::Types34<T1, T2, T3, T4, T5,...'"
rocksdb-main,../repos/rocksdb-main/third-party/gtest-1.8.1/fused-src/gtest/gtest.h,"(5981, 3)-(5983, 57)","b'typedef internal::Types35<T1, T2, T3, T4, T5,...'"
rocksdb-main,../repos/rocksdb-main/third-party/gtest-1.8.1/fused-src/gtest/gtest.h,"(5999, 3)-(6001, 62)","b'typedef internal::Types36<T1, T2, T3, T4, T5,...'"
rocksdb-main,../repos/rocksdb-main/third-party/gtest-1.8.1/fused-src/gtest/gtest.h,"(6017, 3)-(6019, 67)","b'typedef internal::Types37<T1, T2, T3, T4, T5,...'"
rocksdb-main,../repos/rocksdb-main/third-party/gtest-1.8.1/fused-src/gtest/gtest.h,"(6035, 3)-(6037, 72)","b'typedef internal::Types38<T1, T2, T3, T4, T5,...'"
rocksdb-main,../repos/rocksdb-main/third-party/gtest-1.8.1/fused-src/gtest/gtest.h,"(6053, 3)-(6055, 77)","b'typedef internal::Types39<T1, T2, T3, T4, T5,...'"
rocksdb-main,../repos/rocksdb-main/third-party/gtest-1.8.1/fused-src/gtest/gtest.h,"(6071, 3)-(6074, 17)","b'typedef internal::Types40<T1, T2, T3, T4, T5,...'"
rocksdb-main,../repos/rocksdb-main/third-party/gtest-1.8.1/fused-src/gtest/gtest.h,"(6090, 3)-(6093, 17)","b'typedef internal::Types41<T1, T2, T3, T4, T5,...'"
rocksdb-main,../repos/rocksdb-main/third-party/gtest-1.8.1/fused-src/gtest/gtest.h,"(6109, 3)-(6112, 22)","b'typedef internal::Types42<T1, T2, T3, T4, T5,...'"
rocksdb-main,../repos/rocksdb-main/third-party/gtest-1.8.1/fused-src/gtest/gtest.h,"(6128, 3)-(6131, 27)","b'typedef internal::Types43<T1, T2, T3, T4, T5,...'"
rocksdb-main,../repos/rocksdb-main/third-party/gtest-1.8.1/fused-src/gtest/gtest.h,"(6147, 3)-(6150, 32)","b'typedef internal::Types44<T1, T2, T3, T4, T5,...'"
rocksdb-main,../repos/rocksdb-main/third-party/gtest-1.8.1/fused-src/gtest/gtest.h,"(6166, 3)-(6169, 37)","b'typedef internal::Types45<T1, T2, T3, T4, T5,...'"
rocksdb-main,../repos/rocksdb-main/third-party/gtest-1.8.1/fused-src/gtest/gtest.h,"(6185, 3)-(6188, 42)","b'typedef internal::Types46<T1, T2, T3, T4, T5,...'"
rocksdb-main,../repos/rocksdb-main/third-party/gtest-1.8.1/fused-src/gtest/gtest.h,"(6204, 3)-(6207, 47)","b'typedef internal::Types47<T1, T2, T3, T4, T5,...'"
rocksdb-main,../repos/rocksdb-main/third-party/gtest-1.8.1/fused-src/gtest/gtest.h,"(6223, 3)-(6226, 52)","b'typedef internal::Types48<T1, T2, T3, T4, T5,...'"
rocksdb-main,../repos/rocksdb-main/third-party/gtest-1.8.1/fused-src/gtest/gtest.h,"(6242, 3)-(6245, 57)","b'typedef internal::Types49<T1, T2, T3, T4, T5,...'"
rocksdb-main,../repos/rocksdb-main/third-party/gtest-1.8.1/fused-src/gtest/gtest.h,"(6264, 5)-(6264, 26)",b'typedef Tmpl<T> type;'
rocksdb-main,../repos/rocksdb-main/third-party/gtest-1.8.1/fused-src/gtest/gtest.h,"(6292, 3)-(6292, 32)",b'typedef TemplateSel<T1> Head;'
rocksdb-main,../repos/rocksdb-main/third-party/gtest-1.8.1/fused-src/gtest/gtest.h,"(6293, 3)-(6293, 27)",b'typedef Templates0 Tail;'
rocksdb-main,../repos/rocksdb-main/third-party/gtest-1.8.1/fused-src/gtest/gtest.h,"(6297, 3)-(6297, 32)",b'typedef TemplateSel<T1> Head;'
rocksdb-main,../repos/rocksdb-main/third-party/gtest-1.8.1/fused-src/gtest/gtest.h,"(6298, 3)-(6298, 31)",b'typedef Templates1<T2> Tail;'
rocksdb-main,../repos/rocksdb-main/third-party/gtest-1.8.1/fused-src/gtest/gtest.h,"(6303, 3)-(6303, 32)",b'typedef TemplateSel<T1> Head;'
rocksdb-main,../repos/rocksdb-main/third-party/gtest-1.8.1/fused-src/gtest/gtest.h,"(6304, 3)-(6304, 35)","b'typedef Templates2<T2, T3> Tail;'"
rocksdb-main,../repos/rocksdb-main/third-party/gtest-1.8.1/fused-src/gtest/gtest.h,"(6310, 3)-(6310, 32)",b'typedef TemplateSel<T1> Head;'
rocksdb-main,../repos/rocksdb-main/third-party/gtest-1.8.1/fused-src/gtest/gtest.h,"(6311, 3)-(6311, 39)","b'typedef Templates3<T2, T3, T4> Tail;'"
rocksdb-main,../repos/rocksdb-main/third-party/gtest-1.8.1/fused-src/gtest/gtest.h,"(6317, 3)-(6317, 32)",b'typedef TemplateSel<T1> Head;'
rocksdb-main,../repos/rocksdb-main/third-party/gtest-1.8.1/fused-src/gtest/gtest.h,"(6318, 3)-(6318, 43)","b'typedef Templates4<T2, T3, T4, T5> Tail;'"
rocksdb-main,../repos/rocksdb-main/third-party/gtest-1.8.1/fused-src/gtest/gtest.h,"(6324, 3)-(6324, 32)",b'typedef TemplateSel<T1> Head;'
rocksdb-main,../repos/rocksdb-main/third-party/gtest-1.8.1/fused-src/gtest/gtest.h,"(6325, 3)-(6325, 47)","b'typedef Templates5<T2, T3, T4, T5, T6> Tail;'"
rocksdb-main,../repos/rocksdb-main/third-party/gtest-1.8.1/fused-src/gtest/gtest.h,"(6332, 3)-(6332, 32)",b'typedef TemplateSel<T1> Head;'
rocksdb-main,../repos/rocksdb-main/third-party/gtest-1.8.1/fused-src/gtest/gtest.h,"(6333, 3)-(6333, 51)","b'typedef Templates6<T2, T3, T4, T5, T6, T7> Tail;'"
rocksdb-main,../repos/rocksdb-main/third-party/gtest-1.8.1/fused-src/gtest/gtest.h,"(6340, 3)-(6340, 32)",b'typedef TemplateSel<T1> Head;'
rocksdb-main,../repos/rocksdb-main/third-party/gtest-1.8.1/fused-src/gtest/gtest.h,"(6341, 3)-(6341, 55)","b'typedef Templates7<T2, T3, T4, T5, T6, T7, T8...'"
rocksdb-main,../repos/rocksdb-main/third-party/gtest-1.8.1/fused-src/gtest/gtest.h,"(6348, 3)-(6348, 32)",b'typedef TemplateSel<T1> Head;'
rocksdb-main,../repos/rocksdb-main/third-party/gtest-1.8.1/fused-src/gtest/gtest.h,"(6349, 3)-(6349, 59)","b'typedef Templates8<T2, T3, T4, T5, T6, T7, T8...'"
rocksdb-main,../repos/rocksdb-main/third-party/gtest-1.8.1/fused-src/gtest/gtest.h,"(6357, 3)-(6357, 32)",b'typedef TemplateSel<T1> Head;'
rocksdb-main,../repos/rocksdb-main/third-party/gtest-1.8.1/fused-src/gtest/gtest.h,"(6358, 3)-(6358, 64)","b'typedef Templates9<T2, T3, T4, T5, T6, T7, T8...'"
rocksdb-main,../repos/rocksdb-main/third-party/gtest-1.8.1/fused-src/gtest/gtest.h,"(6366, 3)-(6366, 32)",b'typedef TemplateSel<T1> Head;'
rocksdb-main,../repos/rocksdb-main/third-party/gtest-1.8.1/fused-src/gtest/gtest.h,"(6367, 3)-(6367, 70)","b'typedef Templates10<T2, T3, T4, T5, T6, T7, T...'"
rocksdb-main,../repos/rocksdb-main/third-party/gtest-1.8.1/fused-src/gtest/gtest.h,"(6375, 3)-(6375, 32)",b'typedef TemplateSel<T1> Head;'
rocksdb-main,../repos/rocksdb-main/third-party/gtest-1.8.1/fused-src/gtest/gtest.h,"(6376, 3)-(6376, 75)","b'typedef Templates11<T2, T3, T4, T5, T6, T7, T...'"
rocksdb-main,../repos/rocksdb-main/third-party/gtest-1.8.1/fused-src/gtest/gtest.h,"(6385, 3)-(6385, 32)",b'typedef TemplateSel<T1> Head;'
rocksdb-main,../repos/rocksdb-main/third-party/gtest-1.8.1/fused-src/gtest/gtest.h,"(6386, 3)-(6386, 80)","b'typedef Templates12<T2, T3, T4, T5, T6, T7, T...'"
rocksdb-main,../repos/rocksdb-main/third-party/gtest-1.8.1/fused-src/gtest/gtest.h,"(6395, 3)-(6395, 32)",b'typedef TemplateSel<T1> Head;'
rocksdb-main,../repos/rocksdb-main/third-party/gtest-1.8.1/fused-src/gtest/gtest.h,"(6396, 3)-(6397, 17)","b'typedef Templates13<T2, T3, T4, T5, T6, T7, T...'"
rocksdb-main,../repos/rocksdb-main/third-party/gtest-1.8.1/fused-src/gtest/gtest.h,"(6406, 3)-(6406, 32)",b'typedef TemplateSel<T1> Head;'
rocksdb-main,../repos/rocksdb-main/third-party/gtest-1.8.1/fused-src/gtest/gtest.h,"(6407, 3)-(6408, 17)","b'typedef Templates14<T2, T3, T4, T5, T6, T7, T...'"
rocksdb-main,../repos/rocksdb-main/third-party/gtest-1.8.1/fused-src/gtest/gtest.h,"(6418, 3)-(6418, 32)",b'typedef TemplateSel<T1> Head;'
rocksdb-main,../repos/rocksdb-main/third-party/gtest-1.8.1/fused-src/gtest/gtest.h,"(6419, 3)-(6420, 22)","b'typedef Templates15<T2, T3, T4, T5, T6, T7, T...'"
rocksdb-main,../repos/rocksdb-main/third-party/gtest-1.8.1/fused-src/gtest/gtest.h,"(6430, 3)-(6430, 32)",b'typedef TemplateSel<T1> Head;'
rocksdb-main,../repos/rocksdb-main/third-party/gtest-1.8.1/fused-src/gtest/gtest.h,"(6431, 3)-(6432, 27)","b'typedef Templates16<T2, T3, T4, T5, T6, T7, T...'"
rocksdb-main,../repos/rocksdb-main/third-party/gtest-1.8.1/fused-src/gtest/gtest.h,"(6442, 3)-(6442, 32)",b'typedef TemplateSel<T1> Head;'
rocksdb-main,../repos/rocksdb-main/third-party/gtest-1.8.1/fused-src/gtest/gtest.h,"(6443, 3)-(6444, 32)","b'typedef Templates17<T2, T3, T4, T5, T6, T7, T...'"
rocksdb-main,../repos/rocksdb-main/third-party/gtest-1.8.1/fused-src/gtest/gtest.h,"(6455, 3)-(6455, 32)",b'typedef TemplateSel<T1> Head;'
rocksdb-main,../repos/rocksdb-main/third-party/gtest-1.8.1/fused-src/gtest/gtest.h,"(6456, 3)-(6457, 37)","b'typedef Templates18<T2, T3, T4, T5, T6, T7, T...'"
rocksdb-main,../repos/rocksdb-main/third-party/gtest-1.8.1/fused-src/gtest/gtest.h,"(6468, 3)-(6468, 32)",b'typedef TemplateSel<T1> Head;'
rocksdb-main,../repos/rocksdb-main/third-party/gtest-1.8.1/fused-src/gtest/gtest.h,"(6469, 3)-(6470, 42)","b'typedef Templates19<T2, T3, T4, T5, T6, T7, T...'"
rocksdb-main,../repos/rocksdb-main/third-party/gtest-1.8.1/fused-src/gtest/gtest.h,"(6481, 3)-(6481, 32)",b'typedef TemplateSel<T1> Head;'
rocksdb-main,../repos/rocksdb-main/third-party/gtest-1.8.1/fused-src/gtest/gtest.h,"(6482, 3)-(6483, 47)","b'typedef Templates20<T2, T3, T4, T5, T6, T7, T...'"
rocksdb-main,../repos/rocksdb-main/third-party/gtest-1.8.1/fused-src/gtest/gtest.h,"(6495, 3)-(6495, 32)",b'typedef TemplateSel<T1> Head;'
rocksdb-main,../repos/rocksdb-main/third-party/gtest-1.8.1/fused-src/gtest/gtest.h,"(6496, 3)-(6497, 52)","b'typedef Templates21<T2, T3, T4, T5, T6, T7, T...'"
rocksdb-main,../repos/rocksdb-main/third-party/gtest-1.8.1/fused-src/gtest/gtest.h,"(6509, 3)-(6509, 32)",b'typedef TemplateSel<T1> Head;'
rocksdb-main,../repos/rocksdb-main/third-party/gtest-1.8.1/fused-src/gtest/gtest.h,"(6510, 3)-(6511, 57)","b'typedef Templates22<T2, T3, T4, T5, T6, T7, T...'"
rocksdb-main,../repos/rocksdb-main/third-party/gtest-1.8.1/fused-src/gtest/gtest.h,"(6523, 3)-(6523, 32)",b'typedef TemplateSel<T1> Head;'
rocksdb-main,../repos/rocksdb-main/third-party/gtest-1.8.1/fused-src/gtest/gtest.h,"(6524, 3)-(6525, 62)","b'typedef Templates23<T2, T3, T4, T5, T6, T7, T...'"
rocksdb-main,../repos/rocksdb-main/third-party/gtest-1.8.1/fused-src/gtest/gtest.h,"(6538, 3)-(6538, 32)",b'typedef TemplateSel<T1> Head;'
rocksdb-main,../repos/rocksdb-main/third-party/gtest-1.8.1/fused-src/gtest/gtest.h,"(6539, 3)-(6540, 67)","b'typedef Templates24<T2, T3, T4, T5, T6, T7, T...'"
rocksdb-main,../repos/rocksdb-main/third-party/gtest-1.8.1/fused-src/gtest/gtest.h,"(6553, 3)-(6553, 32)",b'typedef TemplateSel<T1> Head;'
rocksdb-main,../repos/rocksdb-main/third-party/gtest-1.8.1/fused-src/gtest/gtest.h,"(6554, 3)-(6555, 72)","b'typedef Templates25<T2, T3, T4, T5, T6, T7, T...'"
rocksdb-main,../repos/rocksdb-main/third-party/gtest-1.8.1/fused-src/gtest/gtest.h,"(6568, 3)-(6568, 32)",b'typedef TemplateSel<T1> Head;'
rocksdb-main,../repos/rocksdb-main/third-party/gtest-1.8.1/fused-src/gtest/gtest.h,"(6569, 3)-(6570, 77)","b'typedef Templates26<T2, T3, T4, T5, T6, T7, T...'"
rocksdb-main,../repos/rocksdb-main/third-party/gtest-1.8.1/fused-src/gtest/gtest.h,"(6584, 3)-(6584, 32)",b'typedef TemplateSel<T1> Head;'
rocksdb-main,../repos/rocksdb-main/third-party/gtest-1.8.1/fused-src/gtest/gtest.h,"(6585, 3)-(6587, 17)","b'typedef Templates27<T2, T3, T4, T5, T6, T7, T...'"
rocksdb-main,../repos/rocksdb-main/third-party/gtest-1.8.1/fused-src/gtest/gtest.h,"(6601, 3)-(6601, 32)",b'typedef TemplateSel<T1> Head;'
rocksdb-main,../repos/rocksdb-main/third-party/gtest-1.8.1/fused-src/gtest/gtest.h,"(6602, 3)-(6604, 17)","b'typedef Templates28<T2, T3, T4, T5, T6, T7, T...'"
rocksdb-main,../repos/rocksdb-main/third-party/gtest-1.8.1/fused-src/gtest/gtest.h,"(6618, 3)-(6618, 32)",b'typedef TemplateSel<T1> Head;'
rocksdb-main,../repos/rocksdb-main/third-party/gtest-1.8.1/fused-src/gtest/gtest.h,"(6619, 3)-(6621, 22)","b'typedef Templates29<T2, T3, T4, T5, T6, T7, T...'"
rocksdb-main,../repos/rocksdb-main/third-party/gtest-1.8.1/fused-src/gtest/gtest.h,"(6636, 3)-(6636, 32)",b'typedef TemplateSel<T1> Head;'
rocksdb-main,../repos/rocksdb-main/third-party/gtest-1.8.1/fused-src/gtest/gtest.h,"(6637, 3)-(6639, 27)","b'typedef Templates30<T2, T3, T4, T5, T6, T7, T...'"
rocksdb-main,../repos/rocksdb-main/third-party/gtest-1.8.1/fused-src/gtest/gtest.h,"(6654, 3)-(6654, 32)",b'typedef TemplateSel<T1> Head;'
rocksdb-main,../repos/rocksdb-main/third-party/gtest-1.8.1/fused-src/gtest/gtest.h,"(6655, 3)-(6657, 32)","b'typedef Templates31<T2, T3, T4, T5, T6, T7, T...'"
rocksdb-main,../repos/rocksdb-main/third-party/gtest-1.8.1/fused-src/gtest/gtest.h,"(6672, 3)-(6672, 32)",b'typedef TemplateSel<T1> Head;'
rocksdb-main,../repos/rocksdb-main/third-party/gtest-1.8.1/fused-src/gtest/gtest.h,"(6673, 3)-(6675, 37)","b'typedef Templates32<T2, T3, T4, T5, T6, T7, T...'"
rocksdb-main,../repos/rocksdb-main/third-party/gtest-1.8.1/fused-src/gtest/gtest.h,"(6691, 3)-(6691, 32)",b'typedef TemplateSel<T1> Head;'
rocksdb-main,../repos/rocksdb-main/third-party/gtest-1.8.1/fused-src/gtest/gtest.h,"(6692, 3)-(6694, 42)","b'typedef Templates33<T2, T3, T4, T5, T6, T7, T...'"
rocksdb-main,../repos/rocksdb-main/third-party/gtest-1.8.1/fused-src/gtest/gtest.h,"(6710, 3)-(6710, 32)",b'typedef TemplateSel<T1> Head;'
rocksdb-main,../repos/rocksdb-main/third-party/gtest-1.8.1/fused-src/gtest/gtest.h,"(6711, 3)-(6713, 47)","b'typedef Templates34<T2, T3, T4, T5, T6, T7, T...'"
rocksdb-main,../repos/rocksdb-main/third-party/gtest-1.8.1/fused-src/gtest/gtest.h,"(6729, 3)-(6729, 32)",b'typedef TemplateSel<T1> Head;'
rocksdb-main,../repos/rocksdb-main/third-party/gtest-1.8.1/fused-src/gtest/gtest.h,"(6730, 3)-(6732, 52)","b'typedef Templates35<T2, T3, T4, T5, T6, T7, T...'"
rocksdb-main,../repos/rocksdb-main/third-party/gtest-1.8.1/fused-src/gtest/gtest.h,"(6749, 3)-(6749, 32)",b'typedef TemplateSel<T1> Head;'
rocksdb-main,../repos/rocksdb-main/third-party/gtest-1.8.1/fused-src/gtest/gtest.h,"(6750, 3)-(6752, 57)","b'typedef Templates36<T2, T3, T4, T5, T6, T7, T...'"
rocksdb-main,../repos/rocksdb-main/third-party/gtest-1.8.1/fused-src/gtest/gtest.h,"(6769, 3)-(6769, 32)",b'typedef TemplateSel<T1> Head;'
rocksdb-main,../repos/rocksdb-main/third-party/gtest-1.8.1/fused-src/gtest/gtest.h,"(6770, 3)-(6772, 62)","b'typedef Templates37<T2, T3, T4, T5, T6, T7, T...'"
rocksdb-main,../repos/rocksdb-main/third-party/gtest-1.8.1/fused-src/gtest/gtest.h,"(6789, 3)-(6789, 32)",b'typedef TemplateSel<T1> Head;'
rocksdb-main,../repos/rocksdb-main/third-party/gtest-1.8.1/fused-src/gtest/gtest.h,"(6790, 3)-(6792, 67)","b'typedef Templates38<T2, T3, T4, T5, T6, T7, T...'"
rocksdb-main,../repos/rocksdb-main/third-party/gtest-1.8.1/fused-src/gtest/gtest.h,"(6810, 3)-(6810, 32)",b'typedef TemplateSel<T1> Head;'
rocksdb-main,../repos/rocksdb-main/third-party/gtest-1.8.1/fused-src/gtest/gtest.h,"(6811, 3)-(6813, 72)","b'typedef Templates39<T2, T3, T4, T5, T6, T7, T...'"
rocksdb-main,../repos/rocksdb-main/third-party/gtest-1.8.1/fused-src/gtest/gtest.h,"(6831, 3)-(6831, 32)",b'typedef TemplateSel<T1> Head;'
rocksdb-main,../repos/rocksdb-main/third-party/gtest-1.8.1/fused-src/gtest/gtest.h,"(6832, 3)-(6834, 77)","b'typedef Templates40<T2, T3, T4, T5, T6, T7, T...'"
rocksdb-main,../repos/rocksdb-main/third-party/gtest-1.8.1/fused-src/gtest/gtest.h,"(6852, 3)-(6852, 32)",b'typedef TemplateSel<T1> Head;'
rocksdb-main,../repos/rocksdb-main/third-party/gtest-1.8.1/fused-src/gtest/gtest.h,"(6853, 3)-(6856, 17)","b'typedef Templates41<T2, T3, T4, T5, T6, T7, T...'"
rocksdb-main,../repos/rocksdb-main/third-party/gtest-1.8.1/fused-src/gtest/gtest.h,"(6875, 3)-(6875, 32)",b'typedef TemplateSel<T1> Head;'
rocksdb-main,../repos/rocksdb-main/third-party/gtest-1.8.1/fused-src/gtest/gtest.h,"(6876, 3)-(6879, 17)","b'typedef Templates42<T2, T3, T4, T5, T6, T7, T...'"
rocksdb-main,../repos/rocksdb-main/third-party/gtest-1.8.1/fused-src/gtest/gtest.h,"(6898, 3)-(6898, 32)",b'typedef TemplateSel<T1> Head;'
rocksdb-main,../repos/rocksdb-main/third-party/gtest-1.8.1/fused-src/gtest/gtest.h,"(6899, 3)-(6902, 22)","b'typedef Templates43<T2, T3, T4, T5, T6, T7, T...'"
rocksdb-main,../repos/rocksdb-main/third-party/gtest-1.8.1/fused-src/gtest/gtest.h,"(6921, 3)-(6921, 32)",b'typedef TemplateSel<T1> Head;'
rocksdb-main,../repos/rocksdb-main/third-party/gtest-1.8.1/fused-src/gtest/gtest.h,"(6922, 3)-(6925, 27)","b'typedef Templates44<T2, T3, T4, T5, T6, T7, T...'"
rocksdb-main,../repos/rocksdb-main/third-party/gtest-1.8.1/fused-src/gtest/gtest.h,"(6945, 3)-(6945, 32)",b'typedef TemplateSel<T1> Head;'
rocksdb-main,../repos/rocksdb-main/third-party/gtest-1.8.1/fused-src/gtest/gtest.h,"(6946, 3)-(6949, 32)","b'typedef Templates45<T2, T3, T4, T5, T6, T7, T...'"
rocksdb-main,../repos/rocksdb-main/third-party/gtest-1.8.1/fused-src/gtest/gtest.h,"(6969, 3)-(6969, 32)",b'typedef TemplateSel<T1> Head;'
rocksdb-main,../repos/rocksdb-main/third-party/gtest-1.8.1/fused-src/gtest/gtest.h,"(6970, 3)-(6973, 37)","b'typedef Templates46<T2, T3, T4, T5, T6, T7, T...'"
rocksdb-main,../repos/rocksdb-main/third-party/gtest-1.8.1/fused-src/gtest/gtest.h,"(6993, 3)-(6993, 32)",b'typedef TemplateSel<T1> Head;'
rocksdb-main,../repos/rocksdb-main/third-party/gtest-1.8.1/fused-src/gtest/gtest.h,"(6994, 3)-(6997, 42)","b'typedef Templates47<T2, T3, T4, T5, T6, T7, T...'"
rocksdb-main,../repos/rocksdb-main/third-party/gtest-1.8.1/fused-src/gtest/gtest.h,"(7018, 3)-(7018, 32)",b'typedef TemplateSel<T1> Head;'
rocksdb-main,../repos/rocksdb-main/third-party/gtest-1.8.1/fused-src/gtest/gtest.h,"(7019, 3)-(7022, 47)","b'typedef Templates48<T2, T3, T4, T5, T6, T7, T...'"
rocksdb-main,../repos/rocksdb-main/third-party/gtest-1.8.1/fused-src/gtest/gtest.h,"(7043, 3)-(7043, 32)",b'typedef TemplateSel<T1> Head;'
rocksdb-main,../repos/rocksdb-main/third-party/gtest-1.8.1/fused-src/gtest/gtest.h,"(7044, 3)-(7047, 52)","b'typedef Templates49<T2, T3, T4, T5, T6, T7, T...'"
rocksdb-main,../repos/rocksdb-main/third-party/gtest-1.8.1/fused-src/gtest/gtest.h,"(7090, 3)-(7093, 57)","b'typedef Templates50<T1, T2, T3, T4, T5, T6, T...'"
rocksdb-main,../repos/rocksdb-main/third-party/gtest-1.8.1/fused-src/gtest/gtest.h,"(7103, 3)-(7103, 27)",b'typedef Templates0 type;'
rocksdb-main,../repos/rocksdb-main/third-party/gtest-1.8.1/fused-src/gtest/gtest.h,"(7112, 3)-(7112, 31)",b'typedef Templates1<T1> type;'
rocksdb-main,../repos/rocksdb-main/third-party/gtest-1.8.1/fused-src/gtest/gtest.h,"(7121, 3)-(7121, 35)","b'typedef Templates2<T1, T2> type;'"
rocksdb-main,../repos/rocksdb-main/third-party/gtest-1.8.1/fused-src/gtest/gtest.h,"(7129, 3)-(7129, 39)","b'typedef Templates3<T1, T2, T3> type;'"
rocksdb-main,../repos/rocksdb-main/third-party/gtest-1.8.1/fused-src/gtest/gtest.h,"(7138, 3)-(7138, 43)","b'typedef Templates4<T1, T2, T3, T4> type;'"
rocksdb-main,../repos/rocksdb-main/third-party/gtest-1.8.1/fused-src/gtest/gtest.h,"(7147, 3)-(7147, 47)","b'typedef Templates5<T1, T2, T3, T4, T5> type;'"
rocksdb-main,../repos/rocksdb-main/third-party/gtest-1.8.1/fused-src/gtest/gtest.h,"(7156, 3)-(7156, 51)","b'typedef Templates6<T1, T2, T3, T4, T5, T6> type;'"
rocksdb-main,../repos/rocksdb-main/third-party/gtest-1.8.1/fused-src/gtest/gtest.h,"(7166, 3)-(7166, 55)","b'typedef Templates7<T1, T2, T3, T4, T5, T6, T7...'"
rocksdb-main,../repos/rocksdb-main/third-party/gtest-1.8.1/fused-src/gtest/gtest.h,"(7176, 3)-(7176, 59)","b'typedef Templates8<T1, T2, T3, T4, T5, T6, T7...'"
rocksdb-main,../repos/rocksdb-main/third-party/gtest-1.8.1/fused-src/gtest/gtest.h,"(7186, 3)-(7186, 63)","b'typedef Templates9<T1, T2, T3, T4, T5, T6, T7...'"
rocksdb-main,../repos/rocksdb-main/third-party/gtest-1.8.1/fused-src/gtest/gtest.h,"(7197, 3)-(7197, 69)","b'typedef Templates10<T1, T2, T3, T4, T5, T6, T...'"
rocksdb-main,../repos/rocksdb-main/third-party/gtest-1.8.1/fused-src/gtest/gtest.h,"(7208, 3)-(7208, 74)","b'typedef Templates11<T1, T2, T3, T4, T5, T6, T...'"
rocksdb-main,../repos/rocksdb-main/third-party/gtest-1.8.1/fused-src/gtest/gtest.h,"(7219, 3)-(7219, 79)","b'typedef Templates12<T1, T2, T3, T4, T5, T6, T...'"
rocksdb-main,../repos/rocksdb-main/third-party/gtest-1.8.1/fused-src/gtest/gtest.h,"(7231, 3)-(7232, 17)","b'typedef Templates13<T1, T2, T3, T4, T5, T6, T...'"
rocksdb-main,../repos/rocksdb-main/third-party/gtest-1.8.1/fused-src/gtest/gtest.h,"(7244, 3)-(7245, 17)","b'typedef Templates14<T1, T2, T3, T4, T5, T6, T...'"
rocksdb-main,../repos/rocksdb-main/third-party/gtest-1.8.1/fused-src/gtest/gtest.h,"(7257, 3)-(7258, 22)","b'typedef Templates15<T1, T2, T3, T4, T5, T6, T...'"
rocksdb-main,../repos/rocksdb-main/third-party/gtest-1.8.1/fused-src/gtest/gtest.h,"(7271, 3)-(7272, 27)","b'typedef Templates16<T1, T2, T3, T4, T5, T6, T...'"
rocksdb-main,../repos/rocksdb-main/third-party/gtest-1.8.1/fused-src/gtest/gtest.h,"(7285, 3)-(7286, 32)","b'typedef Templates17<T1, T2, T3, T4, T5, T6, T...'"
rocksdb-main,../repos/rocksdb-main/third-party/gtest-1.8.1/fused-src/gtest/gtest.h,"(7299, 3)-(7300, 37)","b'typedef Templates18<T1, T2, T3, T4, T5, T6, T...'"
rocksdb-main,../repos/rocksdb-main/third-party/gtest-1.8.1/fused-src/gtest/gtest.h,"(7314, 3)-(7315, 42)","b'typedef Templates19<T1, T2, T3, T4, T5, T6, T...'"
rocksdb-main,../repos/rocksdb-main/third-party/gtest-1.8.1/fused-src/gtest/gtest.h,"(7329, 3)-(7330, 47)","b'typedef Templates20<T1, T2, T3, T4, T5, T6, T...'"
rocksdb-main,../repos/rocksdb-main/third-party/gtest-1.8.1/fused-src/gtest/gtest.h,"(7344, 3)-(7345, 52)","b'typedef Templates21<T1, T2, T3, T4, T5, T6, T...'"
rocksdb-main,../repos/rocksdb-main/third-party/gtest-1.8.1/fused-src/gtest/gtest.h,"(7360, 3)-(7361, 57)","b'typedef Templates22<T1, T2, T3, T4, T5, T6, T...'"
rocksdb-main,../repos/rocksdb-main/third-party/gtest-1.8.1/fused-src/gtest/gtest.h,"(7376, 3)-(7377, 62)","b'typedef Templates23<T1, T2, T3, T4, T5, T6, T...'"
rocksdb-main,../repos/rocksdb-main/third-party/gtest-1.8.1/fused-src/gtest/gtest.h,"(7392, 3)-(7393, 67)","b'typedef Templates24<T1, T2, T3, T4, T5, T6, T...'"
rocksdb-main,../repos/rocksdb-main/third-party/gtest-1.8.1/fused-src/gtest/gtest.h,"(7409, 3)-(7410, 72)","b'typedef Templates25<T1, T2, T3, T4, T5, T6, T...'"
rocksdb-main,../repos/rocksdb-main/third-party/gtest-1.8.1/fused-src/gtest/gtest.h,"(7426, 3)-(7427, 77)","b'typedef Templates26<T1, T2, T3, T4, T5, T6, T...'"
rocksdb-main,../repos/rocksdb-main/third-party/gtest-1.8.1/fused-src/gtest/gtest.h,"(7443, 3)-(7445, 17)","b'typedef Templates27<T1, T2, T3, T4, T5, T6, T...'"
rocksdb-main,../repos/rocksdb-main/third-party/gtest-1.8.1/fused-src/gtest/gtest.h,"(7462, 3)-(7464, 17)","b'typedef Templates28<T1, T2, T3, T4, T5, T6, T...'"
rocksdb-main,../repos/rocksdb-main/third-party/gtest-1.8.1/fused-src/gtest/gtest.h,"(7481, 3)-(7483, 22)","b'typedef Templates29<T1, T2, T3, T4, T5, T6, T...'"
rocksdb-main,../repos/rocksdb-main/third-party/gtest-1.8.1/fused-src/gtest/gtest.h,"(7499, 3)-(7501, 27)","b'typedef Templates30<T1, T2, T3, T4, T5, T6, T...'"
rocksdb-main,../repos/rocksdb-main/third-party/gtest-1.8.1/fused-src/gtest/gtest.h,"(7518, 3)-(7520, 32)","b'typedef Templates31<T1, T2, T3, T4, T5, T6, T...'"
rocksdb-main,../repos/rocksdb-main/third-party/gtest-1.8.1/fused-src/gtest/gtest.h,"(7537, 3)-(7539, 37)","b'typedef Templates32<T1, T2, T3, T4, T5, T6, T...'"
rocksdb-main,../repos/rocksdb-main/third-party/gtest-1.8.1/fused-src/gtest/gtest.h,"(7556, 3)-(7558, 42)","b'typedef Templates33<T1, T2, T3, T4, T5, T6, T...'"
rocksdb-main,../repos/rocksdb-main/third-party/gtest-1.8.1/fused-src/gtest/gtest.h,"(7576, 3)-(7578, 47)","b'typedef Templates34<T1, T2, T3, T4, T5, T6, T...'"
rocksdb-main,../repos/rocksdb-main/third-party/gtest-1.8.1/fused-src/gtest/gtest.h,"(7596, 3)-(7598, 52)","b'typedef Templates35<T1, T2, T3, T4, T5, T6, T...'"
rocksdb-main,../repos/rocksdb-main/third-party/gtest-1.8.1/fused-src/gtest/gtest.h,"(7616, 3)-(7618, 57)","b'typedef Templates36<T1, T2, T3, T4, T5, T6, T...'"
rocksdb-main,../repos/rocksdb-main/third-party/gtest-1.8.1/fused-src/gtest/gtest.h,"(7637, 3)-(7639, 62)","b'typedef Templates37<T1, T2, T3, T4, T5, T6, T...'"
rocksdb-main,../repos/rocksdb-main/third-party/gtest-1.8.1/fused-src/gtest/gtest.h,"(7658, 3)-(7660, 67)","b'typedef Templates38<T1, T2, T3, T4, T5, T6, T...'"
rocksdb-main,../repos/rocksdb-main/third-party/gtest-1.8.1/fused-src/gtest/gtest.h,"(7679, 3)-(7681, 72)","b'typedef Templates39<T1, T2, T3, T4, T5, T6, T...'"
rocksdb-main,../repos/rocksdb-main/third-party/gtest-1.8.1/fused-src/gtest/gtest.h,"(7701, 3)-(7703, 77)","b'typedef Templates40<T1, T2, T3, T4, T5, T6, T...'"
rocksdb-main,../repos/rocksdb-main/third-party/gtest-1.8.1/fused-src/gtest/gtest.h,"(7723, 3)-(7726, 17)","b'typedef Templates41<T1, T2, T3, T4, T5, T6, T...'"
rocksdb-main,../repos/rocksdb-main/third-party/gtest-1.8.1/fused-src/gtest/gtest.h,"(7746, 3)-(7749, 17)","b'typedef Templates42<T1, T2, T3, T4, T5, T6, T...'"
rocksdb-main,../repos/rocksdb-main/third-party/gtest-1.8.1/fused-src/gtest/gtest.h,"(7770, 3)-(7773, 22)","b'typedef Templates43<T1, T2, T3, T4, T5, T6, T...'"
rocksdb-main,../repos/rocksdb-main/third-party/gtest-1.8.1/fused-src/gtest/gtest.h,"(7794, 3)-(7797, 27)","b'typedef Templates44<T1, T2, T3, T4, T5, T6, T...'"
rocksdb-main,../repos/rocksdb-main/third-party/gtest-1.8.1/fused-src/gtest/gtest.h,"(7818, 3)-(7821, 32)","b'typedef Templates45<T1, T2, T3, T4, T5, T6, T...'"
rocksdb-main,../repos/rocksdb-main/third-party/gtest-1.8.1/fused-src/gtest/gtest.h,"(7843, 3)-(7846, 37)","b'typedef Templates46<T1, T2, T3, T4, T5, T6, T...'"
rocksdb-main,../repos/rocksdb-main/third-party/gtest-1.8.1/fused-src/gtest/gtest.h,"(7868, 3)-(7871, 42)","b'typedef Templates47<T1, T2, T3, T4, T5, T6, T...'"
rocksdb-main,../repos/rocksdb-main/third-party/gtest-1.8.1/fused-src/gtest/gtest.h,"(7893, 3)-(7896, 47)","b'typedef Templates48<T1, T2, T3, T4, T5, T6, T...'"
rocksdb-main,../repos/rocksdb-main/third-party/gtest-1.8.1/fused-src/gtest/gtest.h,"(7919, 3)-(7922, 52)","b'typedef Templates49<T1, T2, T3, T4, T5, T6, T...'"
rocksdb-main,../repos/rocksdb-main/third-party/gtest-1.8.1/fused-src/gtest/gtest.h,"(7931, 3)-(7931, 26)",b'typedef Types1<T> type;'
rocksdb-main,../repos/rocksdb-main/third-party/gtest-1.8.1/fused-src/gtest/gtest.h,"(7948, 3)-(7951, 68)","b'typedef typename Types<T1, T2, T3, T4, T5, T6...'"
rocksdb-main,../repos/rocksdb-main/third-party/gtest-1.8.1/fused-src/gtest/gtest.h,"(8147, 3)-(8147, 61)",b'typedef typename TypeWithSize<sizeof(RawType)...'
rocksdb-main,../repos/rocksdb-main/third-party/gtest-1.8.1/fused-src/gtest/gtest.h,"(8301, 1)-(8301, 36)",b'typedef FloatingPoint<float> Float;'
rocksdb-main,../repos/rocksdb-main/third-party/gtest-1.8.1/fused-src/gtest/gtest.h,"(8302, 1)-(8302, 38)",b'typedef FloatingPoint<double> Double;'
rocksdb-main,../repos/rocksdb-main/third-party/gtest-1.8.1/fused-src/gtest/gtest.h,"(8310, 1)-(8310, 28)",b'typedef const void* TypeId;'
rocksdb-main,../repos/rocksdb-main/third-party/gtest-1.8.1/fused-src/gtest/gtest.h,"(8382, 1)-(8382, 37)",b'typedef void (*SetUpTestCaseFunc)();'
rocksdb-main,../repos/rocksdb-main/third-party/gtest-1.8.1/fused-src/gtest/gtest.h,"(8383, 1)-(8383, 40)",b'typedef void (*TearDownTestCaseFunc)();'
rocksdb-main,../repos/rocksdb-main/third-party/gtest-1.8.1/fused-src/gtest/gtest.h,"(8513, 3)-(8513, 25)",b'typedef Provided type;'
rocksdb-main,../repos/rocksdb-main/third-party/gtest-1.8.1/fused-src/gtest/gtest.h,"(8551, 5)-(8551, 39)",b'typedef typename Types::Head Type;'
rocksdb-main,../repos/rocksdb-main/third-party/gtest-1.8.1/fused-src/gtest/gtest.h,"(8552, 5)-(8552, 40)",b'typedef Fixture<Type> FixtureClass;'
rocksdb-main,../repos/rocksdb-main/third-party/gtest-1.8.1/fused-src/gtest/gtest.h,"(8553, 5)-(8553, 59)","b'typedef typename GTEST_BIND_(TestSel, Type) T...'"
rocksdb-main,../repos/rocksdb-main/third-party/gtest-1.8.1/fused-src/gtest/gtest.h,"(8615, 5)-(8615, 39)",b'typedef typename Tests::Head Head;'
rocksdb-main,../repos/rocksdb-main/third-party/gtest-1.8.1/fused-src/gtest/gtest.h,"(8711, 26)-(8711, 41)",b'typedef T type;'
rocksdb-main,../repos/rocksdb-main/third-party/gtest-1.8.1/fused-src/gtest/gtest.h,"(8713, 30)-(8713, 45)",b'typedef T type;'
rocksdb-main,../repos/rocksdb-main/third-party/gtest-1.8.1/fused-src/gtest/gtest.h,"(8724, 22)-(8724, 37)",b'typedef T type;'
rocksdb-main,../repos/rocksdb-main/third-party/gtest-1.8.1/fused-src/gtest/gtest.h,"(8726, 31)-(8726, 46)",b'typedef T type;'
rocksdb-main,../repos/rocksdb-main/third-party/gtest-1.8.1/fused-src/gtest/gtest.h,"(8733, 3)-(8733, 49)",b'typedef typename RemoveConst<T>::type type[N];'
rocksdb-main,../repos/rocksdb-main/third-party/gtest-1.8.1/fused-src/gtest/gtest.h,"(8742, 3)-(8742, 49)",b'typedef typename RemoveConst<T>::type type[N];'
rocksdb-main,../repos/rocksdb-main/third-party/gtest-1.8.1/fused-src/gtest/gtest.h,"(8837, 1)-(8837, 25)",b'typedef int IsContainer;'
rocksdb-main,../repos/rocksdb-main/third-party/gtest-1.8.1/fused-src/gtest/gtest.h,"(8857, 1)-(8857, 29)",b'typedef char IsNotContainer;'
rocksdb-main,../repos/rocksdb-main/third-party/gtest-1.8.1/fused-src/gtest/gtest.h,"(8884, 5)-(8884, 29)",b'typedef void value_type;'
rocksdb-main,../repos/rocksdb-main/third-party/gtest-1.8.1/fused-src/gtest/gtest.h,"(8911, 3)-(8912, 18)",b'typedef typename IteratorTraits<typename C::c...'
rocksdb-main,../repos/rocksdb-main/third-party/gtest-1.8.1/fused-src/gtest/gtest.h,"(8914, 3)-(8914, 80)",b'typedef typename IteratorTraits<typename C::i...'
rocksdb-main,../repos/rocksdb-main/third-party/gtest-1.8.1/fused-src/gtest/gtest.h,"(8916, 3)-(8916, 39)","b'typedef is_same<value_type, C> type;'"
rocksdb-main,../repos/rocksdb-main/third-party/gtest-1.8.1/fused-src/gtest/gtest.h,"(8933, 36)-(8933, 54)",b'typedef void type;'
rocksdb-main,../repos/rocksdb-main/third-party/gtest-1.8.1/fused-src/gtest/gtest.h,"(9023, 3)-(9023, 30)",b'typedef Element value_type;'
rocksdb-main,../repos/rocksdb-main/third-party/gtest-1.8.1/fused-src/gtest/gtest.h,"(9024, 3)-(9024, 29)",b'typedef Element* iterator;'
rocksdb-main,../repos/rocksdb-main/third-party/gtest-1.8.1/fused-src/gtest/gtest.h,"(9025, 3)-(9025, 41)",b'typedef const Element* const_iterator;'
rocksdb-main,../repos/rocksdb-main/third-party/gtest-1.8.1/fused-src/gtest/gtest.h,"(10221, 3)-(10221, 26)",b'typedef T element_type;'
rocksdb-main,../repos/rocksdb-main/third-party/gtest-1.8.1/fused-src/gtest/gtest.h,"(11272, 3)-(11272, 16)",b'typedef T T1;'
rocksdb-main,../repos/rocksdb-main/third-party/gtest-1.8.1/fused-src/gtest/gtest.h,"(11276, 1)-(11276, 47)",b'typedef ::std::vector< ::std::string> Strings;'
rocksdb-main,../repos/rocksdb-main/third-party/gtest-1.8.1/fused-src/gtest/gtest.h,"(11291, 3)-(11291, 24)",b'typedef TupleT Tuple;'
rocksdb-main,../repos/rocksdb-main/third-party/gtest-1.8.1/fused-src/gtest/gtest.h,"(11312, 3)-(11312, 40)",b'typedef ::std::tuple<Types...> Tuple;'
rocksdb-main,../repos/rocksdb-main/third-party/gtest-1.8.1/fused-src/gtest/gtest.h,"(11535, 3)-(11535, 24)",b'typedef T value_type;'
rocksdb-main,../repos/rocksdb-main/third-party/gtest-1.8.1/fused-src/gtest/gtest.h,"(11536, 3)-(11536, 30)",b'typedef const T& reference;'
rocksdb-main,../repos/rocksdb-main/third-party/gtest-1.8.1/fused-src/gtest/gtest.h,"(11537, 3)-(11537, 37)",b'typedef ptrdiff_t difference_type;'
rocksdb-main,../repos/rocksdb-main/third-party/gtest-1.8.1/fused-src/gtest/gtest.h,"(11578, 3)-(11578, 23)",b'typedef T ParamType;'
rocksdb-main,../repos/rocksdb-main/third-party/gtest-1.8.1/fused-src/gtest/gtest.h,"(11595, 3)-(11595, 37)",b'typedef ParamIterator<T> iterator;'
rocksdb-main,../repos/rocksdb-main/third-party/gtest-1.8.1/fused-src/gtest/gtest.h,"(11717, 3)-(11717, 51)",b'typedef typename ::std::vector<T> ContainerType;'
rocksdb-main,../repos/rocksdb-main/third-party/gtest-1.8.1/fused-src/gtest/gtest.h,"(11805, 3)-(11805, 61)",b'typedef std::string Type(const TestParamInfo<...'
rocksdb-main,../repos/rocksdb-main/third-party/gtest-1.8.1/fused-src/gtest/gtest.h,"(11820, 3)-(11820, 51)",b'typedef typename TestClass::ParamType ParamType;'
rocksdb-main,../repos/rocksdb-main/third-party/gtest-1.8.1/fused-src/gtest/gtest.h,"(11858, 3)-(11858, 50)",b'typedef typename TestCase::ParamType ParamType;'
rocksdb-main,../repos/rocksdb-main/third-party/gtest-1.8.1/fused-src/gtest/gtest.h,"(11914, 3)-(11914, 50)",b'typedef typename TestCase::ParamType ParamType;'
rocksdb-main,../repos/rocksdb-main/third-party/gtest-1.8.1/fused-src/gtest/gtest.h,"(11916, 3)-(11916, 62)",b'typedef ParamGenerator<ParamType>(GeneratorCr...'
rocksdb-main,../repos/rocksdb-main/third-party/gtest-1.8.1/fused-src/gtest/gtest.h,"(11917, 3)-(11917, 77)",b'typedef typename ParamNameGenFunc<ParamType>:...'
rocksdb-main,../repos/rocksdb-main/third-party/gtest-1.8.1/fused-src/gtest/gtest.h,"(12025, 3)-(12025, 66)",b'typedef ::std::vector<linked_ptr<TestInfo> > ...'
rocksdb-main,../repos/rocksdb-main/third-party/gtest-1.8.1/fused-src/gtest/gtest.h,"(12047, 3)-(12047, 67)",b'typedef ::std::vector<InstantiationInfo> Inst...'
rocksdb-main,../repos/rocksdb-main/third-party/gtest-1.8.1/fused-src/gtest/gtest.h,"(12128, 3)-(12128, 79)",b'typedef ::std::vector<ParameterizedTestCaseIn...'
rocksdb-main,../repos/rocksdb-main/third-party/gtest-1.8.1/fused-src/gtest/gtest.h,"(15709, 3)-(15709, 46)","b'typedef ::testing::tuple<T1, T2> ParamType;'"
rocksdb-main,../repos/rocksdb-main/third-party/gtest-1.8.1/fused-src/gtest/gtest.h,"(15824, 3)-(15824, 50)","b'typedef ::testing::tuple<T1, T2, T3> ParamType;'"
rocksdb-main,../repos/rocksdb-main/third-party/gtest-1.8.1/fused-src/gtest/gtest.h,"(15956, 3)-(15956, 54)","b'typedef ::testing::tuple<T1, T2, T3, T4> Para...'"
rocksdb-main,../repos/rocksdb-main/third-party/gtest-1.8.1/fused-src/gtest/gtest.h,"(16107, 3)-(16107, 58)","b'typedef ::testing::tuple<T1, T2, T3, T4, T5> ...'"
rocksdb-main,../repos/rocksdb-main/third-party/gtest-1.8.1/fused-src/gtest/gtest.h,"(16276, 3)-(16276, 62)","b'typedef ::testing::tuple<T1, T2, T3, T4, T5, ...'"
rocksdb-main,../repos/rocksdb-main/third-party/gtest-1.8.1/fused-src/gtest/gtest.h,"(16462, 3)-(16462, 66)","b'typedef ::testing::tuple<T1, T2, T3, T4, T5, ...'"
rocksdb-main,../repos/rocksdb-main/third-party/gtest-1.8.1/fused-src/gtest/gtest.h,"(16665, 3)-(16665, 70)","b'typedef ::testing::tuple<T1, T2, T3, T4, T5, ...'"
rocksdb-main,../repos/rocksdb-main/third-party/gtest-1.8.1/fused-src/gtest/gtest.h,"(16887, 3)-(16887, 74)","b'typedef ::testing::tuple<T1, T2, T3, T4, T5, ...'"
rocksdb-main,../repos/rocksdb-main/third-party/gtest-1.8.1/fused-src/gtest/gtest.h,"(17126, 3)-(17126, 79)","b'typedef ::testing::tuple<T1, T2, T3, T4, T5, ...'"
rocksdb-main,../repos/rocksdb-main/third-party/gtest-1.8.1/fused-src/gtest/gtest.h,"(17804, 3)-(17805, 30)",b'typedef typename ::testing::internal::Iterato...'
rocksdb-main,../repos/rocksdb-main/third-party/gtest-1.8.1/fused-src/gtest/gtest.h,"(19225, 3)-(19225, 29)",b'typedef std::list<T> List;'
rocksdb-main,../repos/rocksdb-main/third-party/gtest-1.8.1/fused-src/gtest/gtest.h,"(19233, 1)-(19233, 57)","b'typedef testing::Types<char, int, unsigned in...'"
rocksdb-main,../repos/rocksdb-main/third-party/gtest-1.8.1/fused-src/gtest/gtest.h,"(19334, 1)-(19334, 57)","b'typedef testing::Types<char, int, unsigned in...'"
rocksdb-main,../repos/rocksdb-main/third-party/gtest-1.8.1/fused-src/gtest/gtest.h,"(20184, 3)-(20184, 57)",b'typedef internal::SetUpTestCaseFunc SetUpTest...'
rocksdb-main,../repos/rocksdb-main/third-party/gtest-1.8.1/fused-src/gtest/gtest.h,"(20185, 3)-(20185, 63)",b'typedef internal::TearDownTestCaseFunc TearDo...'
rocksdb-main,../repos/rocksdb-main/third-party/gtest-1.8.1/fused-src/gtest/gtest.h,"(20287, 1)-(20287, 45)",b'typedef internal::TimeInMillis TimeInMillis;'
rocksdb-main,../repos/rocksdb-main/third-party/gtest-1.8.1/fused-src/gtest/gtest.h,"(21566, 3)-(21566, 23)",b'typedef T ParamType;'
rocksdb-main,../repos/rocksdb-main/util/xxhash.h,"(489, 1)-(492, 17)","b'typedef enum {\n    XXH_OK = 0, /*!< OK */\n   ...'"
rocksdb-main,../repos/rocksdb-main/util/xxhash.h,"(504, 1)-(504, 31)",b'typedef uint32_t XXH32_hash_t;'
rocksdb-main,../repos/rocksdb-main/util/xxhash.h,"(510, 5)-(510, 35)",b'typedef uint32_t XXH32_hash_t;'
rocksdb-main,../repos/rocksdb-main/util/xxhash.h,"(515, 7)-(515, 41)",b'typedef unsigned int XXH32_hash_t;'
rocksdb-main,../repos/rocksdb-main/util/xxhash.h,"(517, 7)-(517, 42)",b'typedef unsigned long XXH32_hash_t;'
rocksdb-main,../repos/rocksdb-main/util/xxhash.h,"(598, 1)-(598, 44)",b'typedef struct XXH32_state_s XXH32_state_t;'
rocksdb-main,../repos/rocksdb-main/util/xxhash.h,"(701, 1)-(703, 21)",b'typedef struct {\n    unsigned char digest[4];...'
rocksdb-main,../repos/rocksdb-main/util/xxhash.h,"(790, 1)-(790, 31)",b'typedef uint64_t XXH64_hash_t;'
rocksdb-main,../repos/rocksdb-main/util/xxhash.h,"(795, 4)-(795, 34)",b'typedef uint64_t XXH64_hash_t;'
rocksdb-main,../repos/rocksdb-main/util/xxhash.h,"(800, 6)-(800, 41)",b'typedef unsigned long XXH64_hash_t;'
rocksdb-main,../repos/rocksdb-main/util/xxhash.h,"(803, 6)-(803, 46)",b'typedef unsigned long long XXH64_hash_t;'
rocksdb-main,../repos/rocksdb-main/util/xxhash.h,"(853, 1)-(853, 44)",b'typedef struct XXH64_state_s XXH64_state_t;'
rocksdb-main,../repos/rocksdb-main/util/xxhash.h,"(863, 1)-(863, 82)",b'typedef struct { unsigned char digest[sizeof(...'
rocksdb-main,../repos/rocksdb-main/util/xxhash.h,"(996, 1)-(996, 42)",b'typedef struct XXH3_state_s XXH3_state_t;'
rocksdb-main,../repos/rocksdb-main/util/xxhash.h,"(1042, 1)-(1045, 17)",b'typedef struct {\n    XXH64_hash_t low64;   /*...'
rocksdb-main,../repos/rocksdb-main/util/xxhash.h,"(1114, 1)-(1114, 84)",b'typedef struct { unsigned char digest[sizeof(...'
rocksdb-main,../repos/rocksdb-main/util/xxhash.h,"(1885, 3)-(1885, 26)",b'typedef uint8_t xxh_u8;'
rocksdb-main,../repos/rocksdb-main/util/xxhash.h,"(1887, 3)-(1887, 32)",b'typedef unsigned char xxh_u8;'
rocksdb-main,../repos/rocksdb-main/util/xxhash.h,"(1889, 1)-(1889, 30)",b'typedef XXH32_hash_t xxh_u32;'
rocksdb-main,../repos/rocksdb-main/util/xxhash.h,"(1972, 1)-(1972, 64)",b'typedef union { xxh_u32 u32; } __attribute__(...'
rocksdb-main,../repos/rocksdb-main/util/xxhash.h,"(1976, 5)-(1976, 40)",b'typedef __attribute__((aligned(1)))'
rocksdb-main,../repos/rocksdb-main/util/xxhash.h,"(2140, 1)-(2143, 17)","b'typedef enum {\n    XXH_aligned,  /*!< Aligned...'"
rocksdb-main,../repos/rocksdb-main/util/xxhash.h,"(2610, 1)-(2610, 30)",b'typedef XXH64_hash_t xxh_u64;'
rocksdb-main,../repos/rocksdb-main/util/xxhash.h,"(2639, 1)-(2639, 79)",b'typedef union { xxh_u32 u32; xxh_u64 u64; } _...'
rocksdb-main,../repos/rocksdb-main/util/xxhash.h,"(2643, 5)-(2643, 40)",b'typedef __attribute__((aligned(1)))'
rocksdb-main,../repos/rocksdb-main/util/xxhash.h,"(3522, 1)-(3522, 26)",b'typedef __vector unsigned'
rocksdb-main,../repos/rocksdb-main/util/xxhash.h,"(3523, 1)-(3523, 26)",b'typedef __vector unsigned'
rocksdb-main,../repos/rocksdb-main/util/xxhash.h,"(3524, 1)-(3524, 37)",b'typedef __vector unsigned xxh_u32x4;'
rocksdb-main,../repos/rocksdb-main/util/xxhash.h,"(4208, 5)-(4208, 29)",b'typedef int64_t xxh_i64;'
rocksdb-main,../repos/rocksdb-main/util/xxhash.h,"(4211, 5)-(4211, 31)",b'typedef long long xxh_i64;'
rocksdb-main,../repos/rocksdb-main/util/xxhash.h,"(5062, 1)-(5062, 122)",b'typedef void (*XXH3_f_accumulate)(xxh_u64* XX...'
rocksdb-main,../repos/rocksdb-main/util/xxhash.h,"(5063, 1)-(5063, 69)",b'typedef void (*XXH3_f_scrambleAcc)(void* XXH_...'
rocksdb-main,../repos/rocksdb-main/util/xxhash.h,"(5064, 1)-(5064, 70)",b'typedef void (*XXH3_f_initCustomSecret)(void*...'
rocksdb-main,../repos/rocksdb-main/util/xxhash.h,"(5282, 1)-(5283, 93)",b'typedef XXH64_hash_t (*XXH3_hashLong64_f)(con...'
rocksdb-main,../repos/rocksdb-main/util/xxhash.h,"(6076, 1)-(6077, 93)",b'typedef XXH128_hash_t (*XXH3_hashLong128_f)(c...'
rocksdb-main,../repos/rocksdb-main/util/xxph3.h,"(68, 1)-(68, 55)","b'typedef enum { XXPH_OK=0, XXPH_ERROR } XXPH_e...'"
rocksdb-main,../repos/rocksdb-main/util/xxph3.h,"(147, 5)-(147, 36)",b'typedef uint32_t XXPH32_hash_t;'
rocksdb-main,../repos/rocksdb-main/util/xxph3.h,"(151, 7)-(151, 42)",b'typedef unsigned int XXPH32_hash_t;'
rocksdb-main,../repos/rocksdb-main/util/xxph3.h,"(154, 9)-(154, 45)",b'typedef unsigned long XXPH32_hash_t;'
rocksdb-main,../repos/rocksdb-main/util/xxph3.h,"(169, 5)-(169, 36)",b'typedef uint64_t XXPH64_hash_t;'
rocksdb-main,../repos/rocksdb-main/util/xxph3.h,"(172, 5)-(172, 46)",b'typedef unsigned long long XXPH64_hash_t;'
rocksdb-main,../repos/rocksdb-main/util/xxph3.h,"(316, 1)-(319, 18)",b'typedef struct {\n    XXPH64_hash_t low64;\n   ...'
rocksdb-main,../repos/rocksdb-main/util/xxph3.h,"(441, 3)-(441, 27)",b'typedef uint8_t  xxh_u8;'
rocksdb-main,../repos/rocksdb-main/util/xxph3.h,"(443, 3)-(443, 37)",b'typedef unsigned char      xxh_u8;'
rocksdb-main,../repos/rocksdb-main/util/xxph3.h,"(445, 1)-(445, 31)",b'typedef XXPH32_hash_t xxh_u32;'
rocksdb-main,../repos/rocksdb-main/util/xxph3.h,"(459, 1)-(459, 64)",b'typedef union { xxh_u32 u32; } __attribute__(...'
rocksdb-main,../repos/rocksdb-main/util/xxph3.h,"(540, 1)-(540, 62)","b'typedef enum { XXPH_aligned, XXPH_unaligned }...'"
rocksdb-main,../repos/rocksdb-main/util/xxph3.h,"(578, 1)-(578, 31)",b'typedef XXPH64_hash_t xxh_u64;'
rocksdb-main,../repos/rocksdb-main/util/xxph3.h,"(589, 1)-(589, 79)",b'typedef union { xxh_u32 u32; xxh_u64 u64; } _...'
rocksdb-main,../repos/rocksdb-main/util/xxph3.h,"(816, 1)-(816, 26)",b'typedef __vector unsigned'
rocksdb-main,../repos/rocksdb-main/util/xxph3.h,"(817, 1)-(817, 26)",b'typedef __vector unsigned'
rocksdb-main,../repos/rocksdb-main/util/xxph3.h,"(818, 1)-(818, 33)",b'typedef __vector unsigned U32x4;'
rocksdb-main,../repos/rocksdb-main/util/xxph3.h,"(1149, 1)-(1149, 71)","b'typedef enum { XXPH3_acc_64bits, XXPH3_acc_12...'"
rocksdb-main,../repos/rocksdb-main/utilities/transactions/lock/range/range_tree/lib/db.h,"(12, 1)-(12, 31)",b'typedef struct __toku_dbt DBT;'
rocksdb-main,../repos/rocksdb-main/utilities/transactions/lock/range/range_tree/lib/db.h,"(23, 1)-(31, 35)","b'typedef enum {\n  STATUS_FS_STATE = 0,  // int...'"
rocksdb-main,../repos/rocksdb-main/utilities/transactions/lock/range/range_tree/lib/db.h,"(33, 1)-(37, 35)",b'typedef enum {\n  TOKU_ENGINE_STATUS = (1ULL <...'
rocksdb-main,../repos/rocksdb-main/utilities/transactions/lock/range/range_tree/lib/db.h,"(39, 1)-(56, 54)",b'typedef struct __toku_engine_status_row {\n  c...'
rocksdb-main,../repos/rocksdb-main/utilities/transactions/lock/range/range_tree/lib/db.h,"(70, 1)-(71, 61)","b'typedef void (*lock_wait_callback)(void *arg,...'"
rocksdb-main,../repos/rocksdb-main/utilities/transactions/lock/range/range_tree/lib/ft/comparator.h,"(61, 1)-(61, 71)","b'typedef int (*ft_compare_func)(void *arg, con...'"
rocksdb-main,../repos/rocksdb-main/utilities/transactions/lock/range/range_tree/lib/ft/ft-status.h,"(96, 1)-(96, 34)",b'typedef LTM_STATUS_S* LTM_STATUS;'
rocksdb-main,../repos/rocksdb-main/utilities/transactions/lock/range/range_tree/lib/locktree/locktree.h,"(83, 1)-(83, 56)","b'typedef int (*lt_create_cb)(locktree *lt, voi...'"
rocksdb-main,../repos/rocksdb-main/utilities/transactions/lock/range/range_tree/lib/locktree/locktree.h,"(84, 1)-(84, 45)",b'typedef void (*lt_destroy_cb)(locktree *lt);'
rocksdb-main,../repos/rocksdb-main/utilities/transactions/lock/range/range_tree/lib/locktree/locktree.h,"(85, 1)-(86, 73)","b'typedef void (*lt_escalate_cb)(TXNID txnid, c...'"
rocksdb-main,../repos/rocksdb-main/utilities/transactions/lock/range/range_tree/lib/locktree/locktree.h,"(88, 1)-(89, 63)",b'typedef bool (*lt_escalation_barrier_check_fu...'
rocksdb-main,../repos/rocksdb-main/utilities/transactions/lock/range/range_tree/lib/locktree/locktree.h,"(162, 3)-(167, 61)",b'typedef int (*lock_request_iterate_callback)(...'
rocksdb-main,../repos/rocksdb-main/utilities/transactions/lock/range/range_tree/lib/locktree/locktree.h,"(374, 3)-(376, 54)","b'typedef void (*dump_callback)(void *cdata, co...'"
rocksdb-main,../repos/rocksdb-main/utilities/transactions/lock/range/range_tree/lib/locktree/lock_request.h,"(75, 1)-(75, 53)",b'typedef std::vector<lock_wait_info> lock_wait...'
rocksdb-main,../repos/rocksdb-main/utilities/transactions/lock/range/range_tree/lib/portability/memory.h,"(172, 1)-(172, 39)",b'typedef void *(*malloc_fun_t)(size_t);'
rocksdb-main,../repos/rocksdb-main/utilities/transactions/lock/range/range_tree/lib/portability/memory.h,"(173, 1)-(173, 36)",b'typedef void (*free_fun_t)(void *);'
rocksdb-main,../repos/rocksdb-main/utilities/transactions/lock/range/range_tree/lib/portability/memory.h,"(174, 1)-(174, 48)","b'typedef void *(*realloc_fun_t)(void *, size_t);'"
rocksdb-main,../repos/rocksdb-main/utilities/transactions/lock/range/range_tree/lib/portability/memory.h,"(175, 1)-(175, 78)",b'typedef void *(*malloc_aligned_fun_t)(size_t ...'
rocksdb-main,../repos/rocksdb-main/utilities/transactions/lock/range/range_tree/lib/portability/memory.h,"(176, 1)-(177, 57)",b'typedef void *(*realloc_aligned_fun_t)(size_t...'
rocksdb-main,../repos/rocksdb-main/utilities/transactions/lock/range/range_tree/lib/portability/memory.h,"(187, 1)-(204, 47)",b'typedef struct memory_status {\n  uint64_t mal...'
rocksdb-main,../repos/rocksdb-main/utilities/transactions/lock/range/range_tree/lib/portability/toku_external_pthread.h,"(31, 1)-(32, 35)",b'typedef std::shared_ptr<ROCKSDB_NAMESPACE::Tr...'
rocksdb-main,../repos/rocksdb-main/utilities/transactions/lock/range/range_tree/lib/portability/toku_external_pthread.h,"(34, 1)-(34, 67)",b'typedef std::shared_ptr<TransactionDBMutex> t...'
rocksdb-main,../repos/rocksdb-main/utilities/transactions/lock/range/range_tree/lib/portability/toku_external_pthread.h,"(35, 1)-(35, 68)",b'typedef std::shared_ptr<TransactionDBCondVar>...'
rocksdb-main,../repos/rocksdb-main/utilities/transactions/lock/range/range_tree/lib/portability/toku_instrumentation.h,"(52, 1)-(52, 32)",b'typedef unsigned int pfs_key_t;'
rocksdb-main,../repos/rocksdb-main/utilities/transactions/lock/range/range_tree/lib/portability/toku_instrumentation.h,"(104, 1)-(104, 49)",b'typedef toku_instr_probe_empty toku_instr_probe;'
rocksdb-main,../repos/rocksdb-main/utilities/transactions/lock/range/range_tree/lib/portability/toku_pthread.h,"(65, 1)-(65, 44)",b'typedef pthread_attr_t toku_pthread_attr_t;'
rocksdb-main,../repos/rocksdb-main/utilities/transactions/lock/range/range_tree/lib/portability/toku_pthread.h,"(66, 1)-(66, 34)",b'typedef pthread_t toku_pthread_t;'
rocksdb-main,../repos/rocksdb-main/utilities/transactions/lock/range/range_tree/lib/portability/toku_pthread.h,"(67, 1)-(67, 46)",b'typedef pthread_mutex_t toku_pthread_mutex_t;'
rocksdb-main,../repos/rocksdb-main/utilities/transactions/lock/range/range_tree/lib/portability/toku_pthread.h,"(68, 1)-(68, 52)",b'typedef pthread_condattr_t toku_pthread_conda...'
rocksdb-main,../repos/rocksdb-main/utilities/transactions/lock/range/range_tree/lib/portability/toku_pthread.h,"(69, 1)-(69, 44)",b'typedef pthread_cond_t toku_pthread_cond_t;'
rocksdb-main,../repos/rocksdb-main/utilities/transactions/lock/range/range_tree/lib/portability/toku_pthread.h,"(70, 1)-(70, 56)",b'typedef pthread_rwlockattr_t toku_pthread_rwl...'
rocksdb-main,../repos/rocksdb-main/utilities/transactions/lock/range/range_tree/lib/portability/toku_pthread.h,"(71, 1)-(71, 42)",b'typedef pthread_key_t toku_pthread_key_t;'
rocksdb-main,../repos/rocksdb-main/utilities/transactions/lock/range/range_tree/lib/portability/toku_pthread.h,"(72, 1)-(72, 41)",b'typedef struct timespec toku_timespec_t;'
rocksdb-main,../repos/rocksdb-main/utilities/transactions/lock/range/range_tree/lib/portability/toku_pthread.h,"(76, 1)-(76, 54)",b'typedef pthread_mutexattr_t toku_pthread_mute...'
rocksdb-main,../repos/rocksdb-main/utilities/transactions/lock/range/range_tree/lib/portability/toku_pthread.h,"(113, 1)-(115, 24)",b'typedef struct toku_mutex_aligned {\n  toku_mu...'
rocksdb-main,../repos/rocksdb-main/utilities/transactions/lock/range/range_tree/lib/portability/toku_time.h,"(73, 1)-(73, 23)",b'typedef int clockid_t;'
rocksdb-main,../repos/rocksdb-main/utilities/transactions/lock/range/range_tree/lib/portability/toku_time.h,"(101, 1)-(101, 29)",b'typedef uint64_t tokutime_t;'
rocksdb-main,../repos/rocksdb-main/utilities/transactions/lock/range/range_tree/lib/portability/txn_subst.h,"(14, 1)-(14, 24)",b'typedef uint64_t TXNID;'
rocksdb-main,../repos/rocksdb-main/utilities/transactions/lock/range/range_tree/lib/util/omt.h,"(632, 3)-(632, 29)",b'typedef uint32_t node_idx;'
rocksdb-main,../repos/rocksdb-main/utilities/transactions/lock/range/range_tree/lib/util/omt.h,"(633, 3)-(633, 67)",b'typedef omt_internal::subtree_templated<suppo...'
rocksdb-main,../repos/rocksdb-main/utilities/transactions/lock/range/range_tree/lib/util/omt.h,"(634, 3)-(634, 80)",b'typedef omt_internal::omt_node_templated<omtd...'
rocksdb-main,../repos/rocksdb-main/utilities/transactions/lock/range/range_tree/lib/util/partitioned_counter.h,"(102, 1)-(102, 57)",b'typedef struct partitioned_counter *PARTITION...'
rocksdb-main,../repos/rocksdb-main/utilities/transactions/lock/range/range_tree/range_tree_lock_manager.h,"(21, 1)-(21, 76)",b'typedef DeadlockInfoBufferTempl<RangeDeadlock...'
