Repo name,File name,Location,Content
swift,../repos/swift/lib/Demangling/Errors.cpp,"(66, 6)-(66, 14)",b'volatile std::atomic<char *> *'
swift,../repos/swift/lib/Demangling/Errors.cpp,"(81, 15)-(81, 23)",b'volatile std::atomic<char *> *'
swift,../repos/swift/include/swift/Threading/Impl/chrono_utils.h,"(46, 20)-(46, 28)","b'volatile std::chrono::duration<_Rep, _Period>'"
swift,../repos/swift/include/swift/Threading/Impl/chrono_utils.h,"(50, 26)-(50, 34)","b'const volatile std::chrono::duration<_Rep, _P...'"
swift,../repos/swift/include/swift/Runtime/Atomic.h,"(94, 11)-(94, 19)",b'mutable volatile Value atomicValue;'
swift,../repos/swift/include/swift/Runtime/Atomic.h,"(113, 46)-(113, 54)",b'volatile __int64*'
swift,../repos/swift/include/swift/Runtime/Atomic.h,"(118, 46)-(118, 54)",b'volatile __int64*'
swift,../repos/swift/include/swift/Runtime/Atomic.h,"(152, 46)-(152, 54)",b'volatile __int64*'
swift,../repos/swift/include/swift/Runtime/Atomic.h,"(158, 46)-(158, 54)",b'volatile __int64*'
swift,../repos/swift/include/swift/Runtime/Atomic.h,"(164, 46)-(164, 54)",b'volatile __int64*'
swift,../repos/swift/include/swift/Runtime/Atomic.h,"(171, 46)-(171, 54)",b'volatile __int64*'
swift,../repos/swift/stdlib/public/runtime/ExistentialContainer.cpp,"(66, 3)-(66, 11)",b'volatile uint8_t firstVolatileByte = firstByte;'
swift,../repos/swift/stdlib/public/runtime/Errors.cpp,"(280, 6)-(280, 14)",b'volatile std::atomic<char *> *'
swift,../repos/swift/stdlib/public/runtime/Errors.cpp,"(295, 15)-(295, 23)",b'volatile std::atomic<char *> *'
swift,../repos/swift/stdlib/include/llvm/Support/Compiler.h,"(437, 61)-(437, 69)",b'const volatile void *cv'
swift,../repos/swift/stdlib/include/llvm/Support/Compiler.h,"(438, 62)-(438, 70)",b'const volatile void *cv'
swift,../repos/swift/stdlib/include/llvm/Support/Atomic.h,"(37, 29)-(37, 37)",b'volatile cas_flag* ptr'
