Repo name,File name,Location,Content
swift,../repos/swift/lib/AST/ASTScopeCreation.cpp,"(79, 41)-(79, 77)",b'constructExpandAndInsert(ASTScopeImpl *parent...'
swift,../repos/swift/lib/AST/ASTScopeCreation.cpp,"(92, 52)-(93, 66)",b'constructWithPortionExpandAndInsert(ASTScopeI...'
swift,../repos/swift/lib/AST/Builtins.cpp,"(202, 10)-(202, 28)",b'_generics(ParamS... params)'
swift,../repos/swift/lib/AST/Builtins.cpp,"(263, 52)-(264, 74)",b'synthesizeGenericParamList(SynthesisContext &...'
swift,../repos/swift/lib/AST/Builtins.cpp,"(307, 27)-(308, 74)",b'synthesizeGenericSignature(SynthesisContext &...'
swift,../repos/swift/lib/AST/Builtins.cpp,"(800, 10)-(800, 43)",b'makeTuple(const Gs & ...elementGenerators)'
swift,../repos/swift/lib/AST/Builtins.cpp,"(813, 21)-(814, 55)","b'makeBoundGenericType(NominalTypeDecl *decl,\n ...'"
swift,../repos/swift/lib/Threading/Errors.cpp,"(30, 11)-(30, 33)","b'fatal(const char *msg, ...)'"
swift,../repos/swift/lib/RemoteAST/RemoteAST.cpp,"(141, 31)-(142, 77)",b'getFailureAsResult(DefaultFailureKindTy defau...'
swift,../repos/swift/lib/RemoteAST/RemoteAST.cpp,"(161, 17)-(161, 48)","b'fail(KindTy kind, ArgTys &&...args)'"
swift,../repos/swift/lib/Demangling/Errors.cpp,"(54, 29)-(54, 67)","b'demangle_asprintf(char **strp, const char *fo...'"
swift,../repos/swift/lib/Demangling/Errors.cpp,"(152, 29)-(152, 67)","b'demangle_asprintf(char **strp, const char *fo...'"
swift,../repos/swift/lib/Demangling/Errors.cpp,"(199, 26)-(199, 67)","b'fatal(uint32_t flags, const char *format, ...)'"
swift,../repos/swift/lib/Demangling/Errors.cpp,"(207, 10)-(207, 51)","b'warn(uint32_t flags, const char *format, ...)'"
swift,../repos/swift/lib/Serialization/ModuleFile.h,"(354, 16)-(354, 33)",b'createDecl(Args &&... args)'
swift,../repos/swift/lib/Serialization/Deserialization.cpp,"(3064, 26)-(3064, 43)",b'ModuleFile::createDecl(Args &&... args)'
swift,../repos/swift/lib/PrintAsClang/PrintSwiftToClangCoreScaffold.cpp,"(72, 30)-(72, 64)","b'makeParams(const char *arg, const T... args)'"
swift,../repos/swift/lib/IRGen/GenTuple.cpp,"(144, 22)-(144, 36)",b'TupleTypeInfoBase(As &&...args)'
swift,../repos/swift/lib/IRGen/GenExistential.cpp,"(145, 28)-(146, 42)",b'ExistentialTypeInfoBase(ArrayRef<const Protoc...'
swift,../repos/swift/lib/IRGen/GenExistential.cpp,"(156, 11)-(156, 67)",b'create(ArrayRef<const ProtocolDecl *> protoco...'
swift,../repos/swift/lib/IRGen/GenExistential.cpp,"(226, 44)-(229, 22)",b'AddressOnlyClassExistentialTypeInfoBase(\n    ...'
swift,../repos/swift/lib/IRGen/GenExistential.cpp,"(337, 34)-(337, 47)",b'ScalarExistentialTypeInfoBase(T &&...args)'
swift,../repos/swift/lib/IRGen/GenEnum.cpp,"(6336, 21)-(6336, 63)","b'EnumTypeInfoBase(EnumImplStrategy &strategy, ...'"
swift,../repos/swift/lib/IRGen/IndirectTypeInfo.h,"(40, 41)-(40, 54)",b'IndirectTypeInfo(T &&...args)'
swift,../repos/swift/lib/IRGen/GenType.cpp,"(1273, 26)-(1273, 42)",b'ImmovableTypeInfoBase(Args &&...args)'
swift,../repos/swift/lib/IRGen/GenStruct.cpp,"(144, 23)-(144, 62)","b'StructTypeInfoBase(StructTypeInfoKind kind, A...'"
swift,../repos/swift/lib/IRGen/NominalMetadataVisitor.h,"(47, 24)-(47, 64)","b'addGenericFields(NominalTypeDecl *typeDecl, T...'"
swift,../repos/swift/lib/IRGen/NominalMetadataVisitor.h,"(63, 38)-(63, 51)",b'noteStartOfGenericRequirements(T &&...args)'
swift,../repos/swift/lib/IRGen/NominalMetadataVisitor.h,"(66, 36)-(66, 49)",b'noteEndOfGenericRequirements(T &&...args)'
swift,../repos/swift/lib/IRGen/ScalarTypeInfo.h,"(37, 39)-(37, 52)",b'ScalarTypeInfo(T &&...args)'
swift,../repos/swift/lib/IRGen/ScalarTypeInfo.h,"(84, 45)-(84, 58)",b'SingleScalarTypeInfo(T &&...args)'
swift,../repos/swift/lib/IRGen/ScalarTypeInfo.h,"(244, 37)-(244, 68)",b'SingleScalarTypeInfoWithTypeLayout(ScalarKind...'
swift,../repos/swift/lib/IRGen/ScalarTypeInfo.h,"(276, 26)-(278, 56)","b'PODSingleScalarTypeInfo(StorageType *storage,...'"
swift,../repos/swift/lib/IRGen/GenProto.cpp,"(147, 29)-(148, 57)","b'considerNewTypeSource(IsExact_t isExact, Meta...'"
swift,../repos/swift/lib/IRGen/GenProto.cpp,"(320, 50)-(323, 64)",b'PolymorphicConvention::considerNewTypeSource(...'
swift,../repos/swift/lib/IRGen/IRGen.cpp,"(514, 13)-(516, 75)","b'diagnoseSync(DiagnosticEngine &Diags, llvm::s...'"
swift,../repos/swift/lib/IRGen/MetadataLayout.cpp,"(53, 16)-(53, 31)",b'LayoutScanner(As &&... args)'
swift,../repos/swift/lib/IRGen/ConstantBuilder.h,"(195, 24)-(195, 39)",b'ConstantStructBuilder(As &&... args)'
swift,../repos/swift/lib/IRGen/GenValueWitness.cpp,"(219, 38)-(223, 54)","b'emitForDynamicPacking(IRGenFunction &IGF,\n   ...'"
swift,../repos/swift/lib/IRGen/GenValueWitness.cpp,"(220, 53)-(220, 66)",b'(*fn)(ParamTys...)'
swift,../repos/swift/lib/IRGen/GenMeta.cpp,"(4654, 49)-(4657, 63)",b'SpecializedGenericNominalMetadataBuilderBase(...'
swift,../repos/swift/lib/IRGen/GenMeta.cpp,"(6128, 31)-(6128, 44)",b'ForeignMetadataBuilderBase(T &&...args)'
swift,../repos/swift/lib/IRGen/GenRecord.h,"(134, 21)-(136, 34)",b'RecordTypeInfoImpl(ArrayRef<FieldImpl> fields...'
swift,../repos/swift/lib/IRGen/GenRecord.h,"(147, 22)-(147, 64)","b'create(ArrayRef<FieldImpl> fields, As &&...args)'"
swift,../repos/swift/lib/IRGen/GenRecord.h,"(520, 17)-(520, 58)","b'RecordTypeInfo(ArrayRef<FieldImpl> fields, As...'"
swift,../repos/swift/lib/IRGen/GenRecord.h,"(584, 17)-(584, 59)","b'RecordTypeInfo(ArrayRef<FieldImpl> fields, As...'"
swift,../repos/swift/lib/IRGen/GenRecord.h,"(697, 17)-(699, 31)","b'RecordTypeInfo(ArrayRef<FieldImpl> fields,\n  ...'"
swift,../repos/swift/lib/IRGen/GenCall.cpp,"(967, 15)-(967, 54)","b'visit(clang::CanQualType type, Args... args)'"
swift,../repos/swift/lib/IRGen/ScalarPairTypeInfo.h,"(32, 43)-(32, 56)",b'ScalarPairTypeInfo(T &&...args)'
swift,../repos/swift/lib/IRGen/ScalarPairTypeInfo.h,"(187, 50)-(187, 63)",b'TrivialScalarPairTypeInfo(T &&...args)'
swift,../repos/swift/lib/SILGen/SILGenStmt.cpp,"(36, 21)-(37, 34)","b'diagnose(ASTContext &Context, SourceLoc loc, ...'"
swift,../repos/swift/lib/SILGen/SILGenApply.cpp,"(4791, 19)-(4791, 32)",b'addCallSite(T &&...args)'
swift,../repos/swift/lib/SILGen/ASTVisitor.h,"(51, 27)-(51, 52)","b'visitErrorExpr(ErrorExpr *E, Args...AA)'"
swift,../repos/swift/lib/SILGen/ASTVisitor.h,"(55, 36)-(55, 70)",b'visitCodeCompletionExpr(CodeCompletionExpr *E...'
swift,../repos/swift/lib/SILGen/ASTVisitor.h,"(59, 37)-(59, 72)",b'visitDefaultArgumentExpr(DefaultArgumentExpr ...'
swift,../repos/swift/lib/SILGen/ASTVisitor.h,"(63, 37)-(63, 73)",b'visitVarargExpansionExpr(VarargExpansionExpr ...'
swift,../repos/swift/lib/SILGen/ASTVisitor.h,"(68, 30)-(68, 58)","b'visitIdentityExpr(IdentityExpr *E, Args...AA)'"
swift,../repos/swift/lib/SILGen/ASTVisitor.h,"(73, 25)-(73, 48)","b'visitTryExpr(TryExpr *E, Args...AA)'"
swift,../repos/swift/lib/SILGen/ASTVisitor.h,"(78, 37)-(78, 72)",b'visitLazyInitializerExpr(LazyInitializerExpr ...'
swift,../repos/swift/lib/SILGen/SILGen.h,"(596, 30)-(597, 29)","b'diagnose(SourceLoc loc, Diag<T...> diag,\n    ...'"
swift,../repos/swift/lib/SILGen/SILGen.h,"(602, 30)-(603, 29)","b'diagnose(SILLocation loc, Diag<T...> diag,\n  ...'"
swift,../repos/swift/lib/SILGen/SILGenProlog.cpp,"(36, 21)-(37, 34)","b'diagnose(ASTContext &Context, SourceLoc loc, ...'"
swift,../repos/swift/lib/SILGen/Cleanup.h,"(238, 24)-(239, 38)","b'pushCleanupInState(CleanupState state,\n      ...'"
swift,../repos/swift/lib/SILGen/Cleanup.h,"(257, 17)-(257, 31)",b'pushCleanup(A &&... args)'
swift,../repos/swift/lib/SILGen/FormalEvaluation.h,"(146, 50)-(146, 71)",b'push(ArgTypes &&... args)'
swift,../repos/swift/lib/SILGen/LValue.h,"(441, 11)-(441, 26)",b'add(As &&... args)'
swift,../repos/swift/lib/SILGen/SILGenFunctionBuilder.h,"(29, 41)-(29, 60)",b'getOrCreateSharedFunction(ArgTys &&... args)'
swift,../repos/swift/lib/SILGen/SILGenFunctionBuilder.h,"(34, 35)-(34, 54)",b'getOrCreateFunction(ArgTys &&... args)'
swift,../repos/swift/lib/SILGen/SILGenFunctionBuilder.h,"(38, 57)-(38, 76)",b'createFunction(ArgTys &&... args)'
swift,../repos/swift/lib/SILGen/SILGenDecl.cpp,"(44, 21)-(45, 34)","b'diagnose(ASTContext &Context, SourceLoc loc, ...'"
swift,../repos/swift/lib/Parse/ParseDecl.cpp,"(8112, 39)-(8115, 79)","b'diagnoseAndIgnoreObservers(Parser &P,\n       ...'"
swift,../repos/swift/lib/ClangImporter/ImporterImpl.h,"(962, 16)-(962, 32)",b'diagnose(Args &&...args)'
swift,../repos/swift/lib/ClangImporter/ImporterImpl.h,"(974, 16)-(974, 47)","b'diagnose(SourceLoc loc, Args &&...args)'"
swift,../repos/swift/lib/ClangImporter/ImporterImpl.h,"(990, 30)-(990, 61)","b'diagnose(HeaderLoc loc, Args &&...args)'"
swift,../repos/swift/lib/ClangImporter/ImporterImpl.h,"(1690, 34)-(1691, 52)","b'createDeclWithClangNode(ClangNode ClangN, Acc...'"
swift,../repos/swift/lib/Sema/CSDiagnostics.cpp,"(138, 34)-(138, 55)",b'FailureDiagnostic::emitDiagnostic(ArgTypes &&...'
swift,../repos/swift/lib/Sema/CSDiagnostics.cpp,"(144, 36)-(144, 57)",b'FailureDiagnostic::emitDiagnosticAt(ArgTypes ...'
swift,../repos/swift/lib/Sema/TypeCheckType.cpp,"(2074, 32)-(2074, 52)",b'diagnose(ArgTypes &&...Args) const'
swift,../repos/swift/lib/Sema/TypeCheckType.cpp,"(2080, 39)-(2081, 60)","b'diagnoseInvalid(TypeRepr *repr,\n             ...'"
swift,../repos/swift/lib/Sema/CSDiagnostics.h,"(104, 36)-(104, 57)",b'emitDiagnostic(ArgTypes &&... Args) const'
swift,../repos/swift/lib/Sema/CSDiagnostics.h,"(107, 38)-(107, 59)",b'emitDiagnosticAt(ArgTypes &&... Args) const'
swift,../repos/swift/lib/Sema/TypeCheckDeclObjC.cpp,"(2797, 30)-(2798, 79)","b'diagnose(Loc loc, Diag<ArgTypes...> diagID,\n ...'"
swift,../repos/swift/lib/Sema/TypeChecker.h,"(1479, 29)-(1480, 49)","b'diagnoseAttrWithRemovalFixIt(const Decl *D, c...'"
swift,../repos/swift/lib/Sema/TypeChecker.h,"(1506, 22)-(1507, 42)","b'diagnoseAndRemoveAttr(const Decl *D, const De...'"
swift,../repos/swift/lib/Sema/PreCheckExpr.cpp,"(957, 33)-(957, 49)","b'tryUpdateDirectCalleeImpl(E *callee, ...)'"
swift,../repos/swift/lib/Sema/TypeCheckConcurrency.h,"(426, 30)-(431, 59)","b'diagnoseNonSendableTypes(\n    Type type, Send...'"
swift,../repos/swift/lib/Sema/TypeCheckConcurrency.h,"(453, 30)-(457, 59)","b'diagnoseNonSendableTypes(\n    Type type, Send...'"
swift,../repos/swift/lib/Sema/TypeCheckAttr.cpp,"(66, 43)-(67, 63)","b'diagnoseAndRemoveAttr(DeclAttribute *attr,\n  ...'"
swift,../repos/swift/lib/Sema/TypeCheckAttr.cpp,"(112, 30)-(112, 51)",b'diagnose(ArgTypes &&... Args) const'
swift,../repos/swift/lib/Sema/ImportResolution.cpp,"(204, 30)-(204, 50)",b'diagnose(ArgTypes &&...Args)'
swift,../repos/swift/lib/Frontend/ModuleInterfaceLoader.cpp,"(347, 16)-(349, 40)","b'diagnose(ASTContext &ctx, DiagnosticEngine &d...'"
swift,../repos/swift/lib/Frontend/ModuleInterfaceBuilder.h,"(59, 11)-(61, 66)","b'diagnose(DiagnosticEngine *Diags, SourceManag...'"
swift,../repos/swift/lib/Frontend/ModuleInterfaceBuilder.h,"(73, 11)-(74, 66)","b'diagnose(Diag<ArgTypes...> ID,\n           typ...'"
swift,../repos/swift/lib/Frontend/ModuleInterfaceBuilder.h,"(156, 11)-(158, 66)","b'diagnose(DiagnosticEngine *Diags, SourceManag...'"
swift,../repos/swift/lib/Frontend/ModuleInterfaceBuilder.h,"(169, 30)-(172, 61)","b'diagnose(\n      Diag<ArgTypes...> ID,\n      S...'"
swift,../repos/swift/lib/Frontend/DependencyVerifier.cpp,"(316, 11)-(317, 66)","b'diagnose(DiagnosticEngine &Diags, const char ...'"
swift,../repos/swift/lib/SIL/Parser/SILParser.h,"(148, 26)-(149, 44)","b'parseSILIdentifier(Identifier &Result, Diag<D...'"
swift,../repos/swift/lib/SIL/Parser/SILParser.h,"(155, 32)-(156, 76)","b'parseSILIdentifierSwitch(T &Result, ArrayRef<...'"
swift,../repos/swift/lib/SIL/Parser/SILParser.h,"(174, 26)-(175, 70)","b'parseSILIdentifier(Identifier &Result, Source...'"
swift,../repos/swift/lib/SIL/IR/SILFunctionType.cpp,"(2930, 22)-(2930, 39)",b'addRequirement(Args &&... args)'
swift,../repos/swift/lib/SIL/IR/SILInstructions.cpp,"(41, 34)-(41, 72)","b'allocateTrailingInst(SILFunction &F, CountTyp...'"
swift,../repos/swift/lib/SIL/IR/SILInstructions.cpp,"(65, 18)-(65, 43)","b'collectAll(T &&first, Ts &&...rest)'"
swift,../repos/swift/lib/SIL/IR/SILInstructions.cpp,"(140, 41)-(142, 61)",b'collectTypeDependentOperands(\n               ...'
swift,../repos/swift/lib/SIL/IR/SILInstructions.cpp,"(2033, 63)-(2037, 56)","b'SelectEnumInstBase<SELECT_ENUM_INST, BaseTy>:...'"
swift,../repos/swift/lib/SIL/IR/SILInstructions.cpp,"(2084, 63)-(2088, 56)",b'SwitchEnumInstBase<BaseTy>::createSwitchEnum(...'
swift,../repos/swift/lib/SIL/IR/SILConstants.cpp,"(29, 35)-(30, 66)","b'diagnose(ASTContext &Context, SourceLoc loc,\n...'"
swift,../repos/swift/lib/SIL/Utils/OptimizationRemark.cpp,"(303, 23)-(304, 63)","b'emitRemark(SILFunction &fn, const Remark<Rema...'"
swift,../repos/swift/lib/SILOptimizer/Mandatory/DiagnoseUnreachable.cpp,"(44, 21)-(45, 34)","b'diagnose(ASTContext &Context, SourceLoc loc, ...'"
swift,../repos/swift/lib/SILOptimizer/Mandatory/MandatoryInlining.cpp,"(67, 21)-(68, 34)","b'diagnose(ASTContext &Context, SourceLoc loc, ...'"
swift,../repos/swift/lib/SILOptimizer/Mandatory/PerformanceDiagnostics.cpp,"(142, 16)-(143, 71)","b'diagnose(LocWithParent loc, Diag<ArgTypes...>...'"
swift,../repos/swift/lib/SILOptimizer/Mandatory/ConsumeOperatorCopyableValuesChecker.cpp,"(45, 21)-(46, 34)","b'diagnose(ASTContext &Context, SourceLoc loc, ...'"
swift,../repos/swift/lib/SILOptimizer/Mandatory/MoveOnlyDiagnostics.cpp,"(43, 21)-(44, 34)","b'diagnose(ASTContext &context, SILInstruction ...'"
swift,../repos/swift/lib/SILOptimizer/Mandatory/MoveOnlyDiagnostics.cpp,"(65, 21)-(66, 34)","b'diagnose(ASTContext &context, SourceLoc loc, ...'"
swift,../repos/swift/lib/SILOptimizer/Mandatory/YieldOnceCheck.cpp,"(42, 37)-(43, 68)","b'diagnose(ASTContext &Context, SourceLoc loc,\n...'"
swift,../repos/swift/lib/SILOptimizer/Mandatory/ConsumeOperatorCopyableAddressesChecker.cpp,"(182, 21)-(183, 34)","b'diagnose(ASTContext &Context, SourceLoc loc, ...'"
swift,../repos/swift/lib/SILOptimizer/Mandatory/TransferNonSendable.cpp,"(55, 35)-(56, 65)","b'diagnose(ASTContext &context, SourceLoc loc,\n...'"
swift,../repos/swift/lib/SILOptimizer/Mandatory/TransferNonSendable.cpp,"(61, 35)-(62, 48)","b'diagnose(const PartitionOp &op, Diag<T...> di...'"
swift,../repos/swift/lib/SILOptimizer/Mandatory/TransferNonSendable.cpp,"(69, 35)-(70, 48)","b'diagnose(const Operand *op, Diag<T...> diag,\n...'"
swift,../repos/swift/lib/SILOptimizer/Mandatory/TransferNonSendable.cpp,"(77, 35)-(78, 48)","b'diagnose(const SILInstruction *inst, Diag<T.....'"
swift,../repos/swift/lib/SILOptimizer/Mandatory/DiagnoseInvalidEscapingCaptures.cpp,"(36, 35)-(37, 66)","b'diagnose(ASTContext &Context, SILLocation loc...'"
swift,../repos/swift/lib/SILOptimizer/Mandatory/DiagnoseInvalidEscapingCaptures.cpp,"(43, 35)-(44, 66)","b'diagnose(ASTContext &Context, SourceLoc loc,\n...'"
swift,../repos/swift/lib/SILOptimizer/Mandatory/OSLogOptimization.cpp,"(113, 21)-(114, 35)","b'diagnose(ASTContext &Context, SourceLoc loc, ...'"
swift,../repos/swift/lib/SILOptimizer/Mandatory/ReferenceBindingTransform.cpp,"(37, 21)-(37, 73)","b'diagnose(SILInstruction *inst, Diag<T...> dia...'"
swift,../repos/swift/lib/SILOptimizer/Mandatory/DefiniteInitialization.cpp,"(52, 35)-(53, 53)","b'diagnose(SILModule &M, SILLocation loc,\n     ...'"
swift,../repos/swift/lib/SILOptimizer/Mandatory/DataflowDiagnostics.cpp,"(33, 21)-(34, 27)","b'diagnose(ASTContext &Context, SourceLoc loc, ...'"
swift,../repos/swift/lib/SILOptimizer/Mandatory/DiagnoseStaticExclusivity.cpp,"(51, 35)-(52, 66)","b'diagnose(ASTContext &Context, SourceLoc loc,\n...'"
swift,../repos/swift/lib/SILOptimizer/Transforms/AllocBoxToStack.cpp,"(447, 35)-(448, 66)","b'diagnose(ASTContext &Context, SourceLoc loc,\n...'"
swift,../repos/swift/lib/SILOptimizer/UtilityPasses/ConstantEvaluatorTester.cpp,"(25, 35)-(26, 66)","b'diagnose(ASTContext &Context, SourceLoc loc,\n...'"
swift,../repos/swift/lib/SILOptimizer/UtilityPasses/ConstantEvaluableSubsetChecker.cpp,"(35, 35)-(36, 66)","b'diagnose(ASTContext &Context, SourceLoc loc,\n...'"
swift,../repos/swift/lib/SILOptimizer/Utils/CanonicalizeOSSALifetime.cpp,"(104, 21)-(105, 34)","b'diagnose(ASTContext &Context, SourceLoc loc, ...'"
swift,../repos/swift/lib/SILOptimizer/Utils/ConstantFolding.cpp,"(178, 9)-(178, 75)","b'diagnose(ASTContext &Context, SourceLoc loc, ...'"
swift,../repos/swift/lib/SILOptimizer/Utils/SILInliner.cpp,"(810, 21)-(811, 34)","b'diagnose(ASTContext &Context, SourceLoc loc, ...'"
swift,../repos/swift/lib/IDE/CodeCompletionDiagnostics.cpp,"(54, 17)-(56, 80)",b'getDiagnostics(CodeCompletionDiagnosticSeveri...'
swift,../repos/swift/lib/IDE/CodeCompletionDiagnostics.cpp,"(64, 47)-(67, 67)",b'CodeCompletionDiagnostics::getDiagnostics(\n  ...'
swift,../repos/swift/lib/DependencyScan/ModuleDependencyScanner.cpp,"(225, 59)-(226, 78)",b'ModuleDependencyScanner::withDependencyScanni...'
swift,../repos/swift/include/swift/Driver/Compilation.h,"(275, 31)-(275, 47)",b'createAction(Args &&...args)'
swift,../repos/swift/include/swift/AST/SimpleRequest.h,"(78, 38)-(78, 43)",b'extractNearestSourceLoc(...)'
swift,../repos/swift/include/swift/AST/SimpleRequest.h,"(84, 25)-(84, 53)","b'anyTrue(bool current, Rest... rest)'"
swift,../repos/swift/include/swift/AST/SimpleRequest.h,"(135, 41)-(135, 71)",b'extractNearestSourceLocTuple(const std::tuple...'
swift,../repos/swift/include/swift/AST/SimpleRequest.h,"(142, 41)-(142, 76)",b'extractNearestSourceLocTuple(const std::tuple...'
swift,../repos/swift/include/swift/AST/SimpleRequest.h,"(179, 34)-(179, 75)",b'extractNearestSourceLoc(const std::tuple<Firs...'
swift,../repos/swift/include/swift/AST/SimpleRequest.h,"(252, 36)-(252, 47)",b'(Inputs...)'
swift,../repos/swift/include/swift/AST/SimpleRequest.h,"(265, 14)-(265, 69)","b'callDerived(Evaluator &evaluator, std::index_...'"
swift,../repos/swift/include/swift/AST/SimpleRequest.h,"(284, 25)-(284, 50)",b'SimpleRequest(const Inputs& ...inputs)'
swift,../repos/swift/include/swift/AST/Decl.h,"(1323, 30)-(1325, 61)","b'diagnose(\n      Diag<ArgTypes...> ID,\n      t...'"
swift,../repos/swift/include/swift/AST/CanTypeVisitor.h,"(32, 14)-(32, 39)","b'visit(CanType T, Args... args)'"
swift,../repos/swift/include/swift/AST/ASTVisitor.h,"(45, 18)-(45, 39)","b'visit(Decl *D, Args... AA)'"
swift,../repos/swift/include/swift/AST/ASTVisitor.h,"(57, 18)-(57, 39)","b'visit(Expr *E, Args... AA)'"
swift,../repos/swift/include/swift/AST/ASTVisitor.h,"(84, 18)-(84, 39)","b'visit(Stmt *S, Args... AA)'"
swift,../repos/swift/include/swift/AST/ASTVisitor.h,"(106, 21)-(106, 45)","b'visit(Pattern *P, Args... AA)'"
swift,../repos/swift/include/swift/AST/ASTVisitor.h,"(118, 22)-(118, 47)","b'visit(TypeRepr *T, Args... AA)'"
swift,../repos/swift/include/swift/AST/ASTVisitor.h,"(138, 23)-(138, 53)","b'visit(DeclAttribute *A, Args... AA)'"
swift,../repos/swift/include/swift/AST/TypeVisitor.h,"(30, 14)-(30, 36)","b'visit(Type T, Args... args)'"
swift,../repos/swift/include/swift/AST/DiagnosticsCommon.h,"(37, 34)-(37, 47)",b'(ArgTypes...)'
swift,../repos/swift/include/swift/AST/DiagnosticsCommon.h,"(45, 45)-(45, 58)",b'(ArgTypes...)'
swift,../repos/swift/include/swift/AST/Evaluator.h,"(282, 13)-(282, 42)",b'operator()(const Requests &...requests)'
swift,../repos/swift/include/swift/AST/DiagnosticEngine.h,"(462, 15)-(463, 71)","b'Diagnostic(Diag<ArgTypes...> ID,\n            ...'"
swift,../repos/swift/include/swift/AST/DiagnosticEngine.h,"(496, 12)-(496, 42)",b'is(Diag<OtherArgTypes...> Other) const'
swift,../repos/swift/include/swift/AST/DiagnosticEngine.h,"(634, 11)-(635, 67)","b'wrapIn(Diag<DiagnosticInfo *, ArgTypes...> ID...'"
swift,../repos/swift/include/swift/AST/DiagnosticEngine.h,"(652, 17)-(653, 73)","b'fixItReplace(SourceRange R, StructuredFixIt<A...'"
swift,../repos/swift/include/swift/AST/DiagnosticEngine.h,"(662, 22)-(664, 78)","b'fixItReplaceChars(SourceLoc Start, SourceLoc ...'"
swift,../repos/swift/include/swift/AST/DiagnosticEngine.h,"(672, 16)-(673, 72)","b'fixItInsert(SourceLoc L, StructuredFixIt<ArgT...'"
swift,../repos/swift/include/swift/AST/DiagnosticEngine.h,"(682, 21)-(683, 77)","b'fixItInsertAfter(SourceLoc L, StructuredFixIt...'"
swift,../repos/swift/include/swift/AST/DiagnosticEngine.h,"(1064, 13)-(1065, 68)","b'diagnose(SourceLoc Loc, Diag<ArgTypes...> ID,...'"
swift,../repos/swift/include/swift/AST/DiagnosticEngine.h,"(1072, 13)-(1073, 68)","b'diagnose(Diag<ArgTypes...> ID,\n             t...'"
swift,../repos/swift/include/swift/AST/DiagnosticEngine.h,"(1086, 13)-(1087, 68)","b'diagnose(DeclNameLoc Loc, Diag<ArgTypes...> I...'"
swift,../repos/swift/include/swift/AST/DiagnosticEngine.h,"(1137, 13)-(1138, 68)","b'diagnose(const Decl *decl, Diag<ArgTypes...> ...'"
swift,../repos/swift/include/swift/AST/ASTSynthesis.h,"(168, 39)-(168, 64)","b'VariadicSynthesizerStorage(Head head, Tail......'"
swift,../repos/swift/include/swift/AST/ASTSynthesis.h,"(212, 43)-(212, 57)",b'_tuple(Elts... elts)'
swift,../repos/swift/include/swift/AST/ASTSynthesis.h,"(216, 20)-(217, 60)","b'synthesizeType(SynthesisContext &SC,\n        ...'"
swift,../repos/swift/include/swift/AST/ASTSynthesis.h,"(277, 58)-(277, 72)",b'_parameters(Params... ps)'
swift,../repos/swift/include/swift/AST/ASTSynthesis.h,"(292, 39)-(293, 69)","b'synthesizeParameterList(SynthesisContext &SC,...'"
swift,../repos/swift/include/swift/AST/ASTSynthesis.h,"(310, 30)-(312, 75)",b'synthesizeParameterTypes(SynthesisContext &SC...'
swift,../repos/swift/include/swift/AST/Types.h,"(1506, 17)-(1506, 72)","b'AnyGenericType(NominalTypeDecl *TheDecl, Type...'"
swift,../repos/swift/include/swift/AST/Types.h,"(1511, 17)-(1511, 72)","b'AnyGenericType(GenericTypeDecl *TheDecl, Type...'"
swift,../repos/swift/include/swift/AST/Types.h,"(1545, 35)-(1545, 51)",b'NominalOrBoundGenericNominalType(Args &&...args)'
swift,../repos/swift/include/swift/AST/Types.h,"(7039, 34)-(7040, 50)","b'getNew(const ASTContext &C, unsigned ID,\n    ...'"
swift,../repos/swift/include/swift/AST/Requirement.h,"(161, 20)-(161, 36)",b'subst(Args &&...args) const'
swift,../repos/swift/include/swift/ABI/Metadata.h,"(184, 25)-(184, 75)","b'FullMetadata(const HeaderType &header, Args &...'"
swift,../repos/swift/include/swift/ABI/Metadata.h,"(204, 24)-(204, 30)",b'(*)(A...)'
swift,../repos/swift/include/swift/ABI/Metadata.h,"(3580, 31)-(3580, 36)",b'(*Function)(...)'
swift,../repos/swift/include/swift/ABI/Metadata.h,"(3586, 34)-(3586, 69)",b'MetadataAccessFunction(MetadataResponse (*Fun...'
swift,../repos/swift/include/swift/ABI/Metadata.h,"(3586, 63)-(3586, 68)",b'(*Function)(...)'
swift,../repos/swift/include/swift/ABI/Metadata.h,"(3655, 30)-(3659, 44)","b'operator()(MetadataRequest request,\n         ...'"
swift,../repos/swift/include/swift/ABI/Metadata.h,"(3824, 57)-(3824, 62)",b'(...)'
swift,../repos/swift/include/swift/ABI/Executor.h,"(303, 37)-(303, 48)",b'(ArgTys...)'
swift,../repos/swift/include/swift/ABI/Executor.h,"(329, 34)-(329, 45)",b'(ArgTys...)'
swift,../repos/swift/include/swift/ABI/Executor.h,"(331, 41)-(332, 52)","b'(SWIFT_ASYNC_CONTEXT AsyncContext *,\n        ...'"
swift,../repos/swift/include/swift/ABI/Executor.h,"(340, 32)-(340, 43)",b'(ArgTys...)'
swift,../repos/swift/include/swift/ABI/Executor.h,"(349, 32)-(349, 43)",b'(ArgTys...)'
swift,../repos/swift/include/swift/ABI/Executor.h,"(357, 22)-(357, 33)",b'(ArgTys...)'
swift,../repos/swift/include/swift/ABI/Executor.h,"(365, 22)-(365, 33)",b'(ArgTys...)'
swift,../repos/swift/include/swift/ABI/CompactFunctionPointer.h,"(51, 34)-(51, 44)",b'(ArgTy...)'
swift,../repos/swift/include/swift/ABI/CompactFunctionPointer.h,"(51, 62)-(51, 76)",b'operator()(ArgTy... arg) const'
swift,../repos/swift/include/swift/ABI/TrailingObjects.h,"(201, 52)-(203, 71)",b'additionalSizeToAllocImpl(\n      size_t SizeS...'
swift,../repos/swift/include/swift/ABI/TrailingObjects.h,"(330, 24)-(331, 62)",b'additionalSizeToAlloc(typename trailing_objec...'
swift,../repos/swift/include/swift/ABI/TrailingObjects.h,"(342, 19)-(343, 57)",b'totalSizeToAlloc(typename trailing_objects_in...'
swift,../repos/swift/include/swift/Threading/Errors.h,"(30, 11)-(30, 33)","b'fatal(const char *msg, ...)'"
swift,../repos/swift/include/swift/RemoteAST/RemoteAST.h,"(104, 31)-(104, 49)",b'emplaceSuccess(ArgTys &&...args)'
swift,../repos/swift/include/swift/RemoteAST/RemoteAST.h,"(111, 31)-(111, 62)","b'emplaceFailure(KindTy kind, ArgTys &&...args)'"
swift,../repos/swift/include/swift/RemoteInspection/TypeLowering.h,"(417, 33)-(417, 50)",b'makeTypeInfo(Args &&... args)'
swift,../repos/swift/include/swift/RemoteInspection/RuntimeHeaders/llvm/Support/Format.h,"(95, 20)-(96, 48)","b'snprint_tuple(char *Buffer, unsigned BufferSi...'"
swift,../repos/swift/include/swift/RemoteInspection/RuntimeHeaders/llvm/Support/Format.h,"(105, 16)-(105, 53)","b'format_object(const char *fmt, const Ts &... vals)'"
swift,../repos/swift/include/swift/RemoteInspection/RuntimeHeaders/llvm/Support/Format.h,"(125, 35)-(125, 72)","b'format(const char *Fmt, const Ts &... Vals)'"
swift,../repos/swift/include/swift/RemoteInspection/RuntimeHeaders/llvm/Support/Error.h,"(162, 28)-(162, 63)","b'handleErrors(Error E, HandlerTs &&... Handlers)'"
swift,../repos/swift/include/swift/RemoteInspection/RuntimeHeaders/llvm/Support/Error.h,"(332, 61)-(332, 79)",b'make_error(ArgTs &&... Args)'
swift,../repos/swift/include/swift/RemoteInspection/RuntimeHeaders/llvm/Support/Error.h,"(365, 28)-(365, 63)","b'handleErrors(Error E, HandlerTs &&... Handlers)'"
swift,../repos/swift/include/swift/RemoteInspection/RuntimeHeaders/llvm/Support/Error.h,"(925, 22)-(926, 68)",b'handleErrorImpl(std::unique_ptr<ErrorInfoBase...'
swift,../repos/swift/include/swift/RemoteInspection/RuntimeHeaders/llvm/Support/Error.h,"(941, 19)-(941, 48)","b'handleErrors(Error E, HandlerTs &&... Hs)'"
swift,../repos/swift/include/swift/RemoteInspection/RuntimeHeaders/llvm/Support/Error.h,"(964, 21)-(964, 56)","b'handleAllErrors(Error E, HandlerTs &&... Handlers)'"
swift,../repos/swift/include/swift/RemoteInspection/RuntimeHeaders/llvm/Support/Error.h,"(999, 27)-(1000, 53)","b'handleExpected(Expected<T> ValOrErr, Recovery...'"
swift,../repos/swift/include/swift/RemoteInspection/RuntimeHeaders/llvm/Support/Error.h,"(1238, 31)-(1239, 51)","b'createStringError(std::error_code EC, char co...'"
swift,../repos/swift/include/swift/RemoteInspection/RuntimeHeaders/llvm/Support/Error.h,"(1253, 31)-(1254, 51)","b'createStringError(std::errc EC, char const *F...'"
swift,../repos/swift/include/swift/RemoteInspection/MetadataSource.h,"(341, 14)-(341, 54)","b'visit(const MetadataSource *MS, Args... args)'"
swift,../repos/swift/include/swift/RemoteInspection/MetadataSourceBuilder.h,"(36, 32)-(36, 46)",b'make_source(Args... args)'
swift,../repos/swift/include/swift/RemoteInspection/TypeRefBuilder.h,"(420, 31)-(420, 45)",b'makeTypeRef(Args... args)'
swift,../repos/swift/include/swift/RemoteInspection/TypeRefBuilder.h,"(427, 53)-(427, 67)",b'makeGenericSignatureRef(Args... args)'
swift,../repos/swift/include/swift/RemoteInspection/TypeRef.h,"(1074, 14)-(1074, 52)","b'visit(const TypeRef *typeRef, Args... args)'"
swift,../repos/swift/include/swift/Demangling/TypeLookupError.h,"(208, 43)-(208, 74)","b'TypeLookupErrorImpl(const char *fmt, Args... args)'"
swift,../repos/swift/include/swift/Demangling/Errors.h,"(58, 45)-(59, 50)","b'fatal(uint32_t flags, const char *format,\n   ...'"
swift,../repos/swift/include/swift/Demangling/Errors.h,"(60, 29)-(60, 70)","b'warn(uint32_t flags, const char *format, ...)'"
swift,../repos/swift/include/swift/Markup/AST.h,"(772, 14)-(772, 55)","b'visit(const MarkupASTNode *Node, Args... args)'"
swift,../repos/swift/include/swift/Parse/Token.h,"(98, 13)-(98, 37)","b'isAny(tok K1, tok K2, T... K) const'"
swift,../repos/swift/include/swift/Parse/Token.h,"(106, 13)-(106, 29)","b'isNot(tok K1, T... K) const'"
swift,../repos/swift/include/swift/Parse/Lexer.h,"(572, 30)-(573, 50)","b'diagnose(const char *Loc, Diag<DiagArgTypes.....'"
swift,../repos/swift/include/swift/Parse/Parser.h,"(654, 31)-(654, 39)",b'skipUntilDeclStmtRBrace(T... K)'
swift,../repos/swift/include/swift/Parse/Parser.h,"(731, 30)-(732, 50)","b'diagnose(SourceLoc Loc, Diag<DiagArgTypes...>...'"
swift,../repos/swift/include/swift/Parse/Parser.h,"(737, 30)-(738, 50)","b'diagnose(Token Tok, Diag<DiagArgTypes...> Dia...'"
swift,../repos/swift/include/swift/Parse/Parser.h,"(808, 23)-(810, 41)","b'parseIdentifier(Identifier &Result, SourceLoc...'"
swift,../repos/swift/include/swift/Parse/Parser.h,"(816, 31)-(817, 75)","b'parseSpecificIdentifier(StringRef expected,\n ...'"
swift,../repos/swift/include/swift/Parse/Parser.h,"(828, 26)-(829, 70)","b'parseAnyIdentifier(Identifier &Result, bool d...'"
swift,../repos/swift/include/swift/Parse/Parser.h,"(848, 18)-(848, 69)","b'parseToken(tok K, Diag<DiagArgTypes...> ID, A...'"
swift,../repos/swift/include/swift/Parse/Parser.h,"(853, 18)-(854, 62)","b'parseToken(tok K, SourceLoc &L,\n             ...'"
swift,../repos/swift/include/swift/Sema/ConstraintSystem.h,"(6454, 43)-(6455, 59)","b'TypeVariableType::getNew(const ASTContext &C,...'"
swift,../repos/swift/include/swift/Sema/ConstraintLocator.h,"(1204, 45)-(1204, 50)",b'hasStoredValueImpl(...)'
swift,../repos/swift/include/swift/Frontend/ModuleInterfaceLoader.h,"(632, 30)-(635, 85)","b'diagnose(StringRef interfacePath,\n           ...'"
swift,../repos/swift/include/swift/Frontend/ModuleInterfaceLoader.h,"(660, 37)-(665, 92)","b'diagnose(StringRef interfacePath,\n           ...'"
swift,../repos/swift/include/swift/SIL/SILNode.h,"(293, 27)-(294, 65)","b'SHARED_TEMPLATE4_FIELD(SILInstructionKind, ty...'"
swift,../repos/swift/include/swift/SIL/PatternMatch.h,"(169, 12)-(169, 61)","b'm_CombineOr(const LTy &L, const RTy &R, const...'"
swift,../repos/swift/include/swift/SIL/PatternMatch.h,"(314, 13)-(314, 65)","b'operator()(SILInstruction *i, std::index_sequ...'"
swift,../repos/swift/include/swift/SIL/PatternMatch.h,"(322, 17)-(322, 49)",b'MatcherFunctor(const MatcherTys &... matchers)'
swift,../repos/swift/include/swift/SIL/PatternMatch.h,"(330, 14)-(331, 47)","b'matchHelper(const std::array<SILValue, sizeof...'"
swift,../repos/swift/include/swift/SIL/PatternMatch.h,"(365, 27)-(365, 59)",b'InstructionOperand_match(const MatcherTys &.....'
swift,../repos/swift/include/swift/SIL/PatternMatch.h,"(591, 12)-(591, 70)","b'm_ApplyInst(CalleeTy Callee, const T0 &Op0, c...'"
swift,../repos/swift/include/swift/SIL/PatternMatch.h,"(614, 14)-(614, 80)","b'm_BuiltinInst(BuiltinValueKind Callee, const ...'"
swift,../repos/swift/include/swift/SIL/SILBitfield.h,"(192, 15)-(192, 53)","b'StackState(BitfieldRef &ref, ArgTypes &&...Args)'"
swift,../repos/swift/include/swift/SIL/SILInstruction.h,"(1501, 42)-(1503, 73)",b'MultipleValueInstructionTrailingObjects(\n    ...'
swift,../repos/swift/include/swift/SIL/SILInstruction.h,"(1599, 18)-(1599, 33)",b'InstructionBase(As &&... args)'
swift,../repos/swift/include/swift/SIL/SILInstruction.h,"(1616, 18)-(1616, 33)",b'InstructionBase(As &&... args)'
swift,../repos/swift/include/swift/SIL/SILInstruction.h,"(1639, 23)-(1639, 72)","b'UnaryInstructionBase(SILDebugLocation loc, SI...'"
swift,../repos/swift/include/swift/SIL/SILInstruction.h,"(1686, 38)-(1687, 54)",b'InstructionBaseWithTrailingOperands(ArrayRef<...'
swift,../repos/swift/include/swift/SIL/SILInstruction.h,"(1696, 38)-(1698, 54)",b'InstructionBaseWithTrailingOperands(SILValue ...'
swift,../repos/swift/include/swift/SIL/SILInstruction.h,"(1707, 38)-(1710, 54)",b'InstructionBaseWithTrailingOperands(SILValue ...'
swift,../repos/swift/include/swift/SIL/SILInstruction.h,"(1763, 50)-(1765, 52)",b'NullaryInstructionWithTypeDependentOperandsBa...'
swift,../repos/swift/include/swift/SIL/SILInstruction.h,"(1808, 48)-(1811, 55)",b'UnaryInstructionWithTypeDependentOperandsBase...'
swift,../repos/swift/include/swift/SIL/SILInstruction.h,"(2603, 16)-(2608, 40)","b'ApplyInstBase(SILInstructionKind kind, SILDeb...'"
swift,../repos/swift/include/swift/SIL/SILInstruction.h,"(2897, 16)-(2899, 30)","b'ApplyInstBase(SILInstructionKind kind,\n      ...'"
swift,../repos/swift/include/swift/SIL/SILInstruction.h,"(4670, 18)-(4672, 73)","b'BeginAccessBase(SILDebugLocation loc,\n       ...'"
swift,../repos/swift/include/swift/SIL/SILInstruction.h,"(4918, 17)-(4918, 56)","b'AssignInstBase(SILDebugLocation DebugLoc, T&&...'"
swift,../repos/swift/include/swift/SIL/SILInstruction.h,"(6795, 21)-(6798, 66)","b'SelectEnumInstBase(SILInstructionKind kind, S...'"
swift,../repos/swift/include/swift/SIL/SILInstruction.h,"(6804, 19)-(6809, 71)","b'createSelectEnum(SILDebugLocation DebugLoc, S...'"
swift,../repos/swift/include/swift/SIL/SILInstruction.h,"(7110, 22)-(7111, 76)","b'FieldIndexCacheBase(SILInstructionKind kind, ...'"
swift,../repos/swift/include/swift/SIL/SILInstruction.h,"(10062, 21)-(10067, 51)",b'SwitchEnumInstBase(\n      SILInstructionKind ...'
swift,../repos/swift/include/swift/SIL/SILInstruction.h,"(10091, 44)-(10095, 58)",b'createSwitchEnum(\n      SILDebugLocation Debu...'
swift,../repos/swift/include/swift/SIL/SILInstruction.h,"(10350, 21)-(10353, 40)","b'CastBranchInstBase(SILInstructionKind K, SILD...'"
swift,../repos/swift/include/swift/SIL/SILInstruction.h,"(10405, 20)-(10407, 36)","b'TypesForAddrCasts(SILInstructionKind K, SILDe...'"
swift,../repos/swift/include/swift/SIL/SILInstruction.h,"(10431, 19)-(10435, 55)","b'AddrCastInstBase(SILDebugLocation debugLoc,\n ...'"
swift,../repos/swift/include/swift/SIL/BasicBlockData.h,"(229, 38)-(230, 58)","b'try_emplace(SILBasicBlock *block,\n           ...'"
swift,../repos/swift/include/swift/SIL/SILVisitor.h,"(34, 26)-(34, 61)","b'visitSILBasicBlock(SILBasicBlock *BB, ArgTys....'"
swift,../repos/swift/include/swift/SIL/SILVisitor.h,"(40, 26)-(40, 61)","b'visitSILBasicBlock(SILBasicBlock &BB, ArgTys....'"
swift,../repos/swift/include/swift/SIL/SILVisitor.h,"(44, 24)-(44, 56)","b'visitSILFunction(SILFunction *F, ArgTys... args)'"
swift,../repos/swift/include/swift/SIL/SILVisitor.h,"(48, 24)-(48, 56)","b'visitSILFunction(SILFunction &F, ArgTys... args)'"
swift,../repos/swift/include/swift/SIL/SILVisitor.h,"(62, 14)-(62, 44)","b'visit(ValueBase *V, ArgTys... args)'"
swift,../repos/swift/include/swift/SIL/SILVisitor.h,"(95, 14)-(95, 52)","b'visit(SILInstruction *inst, ArgTys... args)'"
swift,../repos/swift/include/swift/SIL/SILVisitor.h,"(116, 32)-(116, 67)","b'visitBasicBlockArguments(SILBasicBlock *BB, A...'"
swift,../repos/swift/include/swift/SIL/SILVisitor.h,"(130, 19)-(130, 47)","b'beforeVisit(SILNode *I, ArgTys... args)'"
swift,../repos/swift/include/swift/SIL/SILVisitor.h,"(132, 14)-(132, 45)","b'visit(SILNode *node, ArgTys... args)'"
swift,../repos/swift/include/swift/SIL/SILVisitor.h,"(153, 32)-(153, 67)","b'visitBasicBlockArguments(SILBasicBlock *BB, A...'"
swift,../repos/swift/include/swift/SIL/SILValue.h,"(1529, 41)-(1529, 75)","b'FixedOperandList(SILInstruction *user, T&&...args)'"
swift,../repos/swift/include/swift/SIL/Dominance.h,"(221, 35)-(222, 58)",b'runInDominanceOrderWithScopes(DominanceInfo *...'
swift,../repos/swift/include/swift/SIL/Dominance.h,"(245, 34)-(245, 47)",b'stackNode(trackers...)'
swift,../repos/swift/include/swift/Runtime/GenericMetadataBuilder.h,"(52, 45)-(52, 67)","b'BuilderError(const char *fmt, ...)'"
swift,../repos/swift/include/swift/Runtime/Debug.h,"(96, 11)-(96, 52)","b'fatalError(uint32_t flags, const char *format...'"
swift,../repos/swift/include/swift/Runtime/Debug.h,"(106, 8)-(106, 49)","b'warning(uint32_t flags, const char *format, ...)'"
swift,../repos/swift/include/swift/Runtime/Portability.h,"(66, 15)-(66, 50)","b'swift_asprintf(char **strp, const char *fmt, ...)'"
swift,../repos/swift/include/swift/Runtime/Metadata.h,"(68, 35)-(68, 46)",b'(ArgTys...)'
swift,../repos/swift/include/swift/Runtime/Metadata.h,"(70, 47)-(71, 58)",b'YieldOnceResult<ResultTy> (YieldOnceBuffer *b...'
swift,../repos/swift/include/swift/Runtime/Concurrent.h,"(804, 40)-(804, 69)","b'getOrInsert(KeyTy key, ArgTys &&...args)'"
swift,../repos/swift/include/swift/Runtime/Heap.h,"(62, 37)-(62, 54)",b'swift_cxx_newObject(Args &&... args)'
swift,../repos/swift/include/swift/Runtime/AtomicWaitQueue.h,"(259, 22)-(259, 38)",b'createQueue(Args &&...args)'
swift,../repos/swift/include/swift/Runtime/AtomicWaitQueue.h,"(306, 33)-(306, 49)",b'createReplacementQueue(Args &&...args)'
swift,../repos/swift/include/swift/Runtime/AtomicWaitQueue.h,"(428, 32)-(428, 48)",b'createNewQueue(Args &&...args)'
swift,../repos/swift/include/swift/APIDigester/ModuleAnalyzerNodes.h,"(242, 16)-(243, 71)","b'diagnose(YAMLNodeTy node, Diag<ArgTypes...> I...'"
swift,../repos/swift/include/swift/APIDigester/ModuleAnalyzerNodes.h,"(415, 16)-(417, 71)","b'emitDiag(SourceLoc Loc,\n                Diag<...'"
swift,../repos/swift/include/swift/SILOptimizer/Differentiation/ADContext.h,"(244, 30)-(245, 44)","b'diagnose(SourceLoc loc, Diag<T...> diag,\n    ...'"
swift,../repos/swift/include/swift/SILOptimizer/Differentiation/ADContext.h,"(255, 32)-(257, 46)",b'emitNondifferentiabilityError(SILInstruction ...'
swift,../repos/swift/include/swift/SILOptimizer/Differentiation/ADContext.h,"(265, 32)-(266, 63)","b'emitNondifferentiabilityError(SILValue value,...'"
swift,../repos/swift/include/swift/SILOptimizer/Differentiation/ADContext.h,"(272, 32)-(273, 63)","b'emitNondifferentiabilityError(SourceLoc loc, ...'"
swift,../repos/swift/include/swift/SILOptimizer/Differentiation/ADContext.h,"(282, 41)-(284, 72)",b'ADContext::emitNondifferentiabilityError(SILV...'
swift,../repos/swift/include/swift/SILOptimizer/Differentiation/ADContext.h,"(300, 41)-(302, 72)",b'ADContext::emitNondifferentiabilityError(SILI...'
swift,../repos/swift/include/swift/SILOptimizer/Differentiation/ADContext.h,"(319, 41)-(321, 72)",b'ADContext::emitNondifferentiabilityError(Sour...'
swift,../repos/swift/include/swift/SILOptimizer/Utils/ScopeOptUtils.h,"(32, 23)-(32, 32)",b'(Args...)'
swift,../repos/swift/include/swift/SILOptimizer/Utils/ScopeOptUtils.h,"(53, 21)-(53, 58)",b'pushScope(std::function<Result(Args...)> func)'
swift,../repos/swift/include/swift/SILOptimizer/Utils/ScopeOptUtils.h,"(53, 42)-(53, 51)",b'(Args...)'
swift,../repos/swift/include/swift/SILOptimizer/Utils/ScopeOptUtils.h,"(72, 11)-(72, 25)",b'pop(Args... args) &&'
swift,../repos/swift/include/swift/SILOptimizer/Utils/ScopeOptUtils.h,"(83, 25)-(83, 39)",b'nonDestructivePop(Args... args) const'
swift,../repos/swift/include/swift/SILOptimizer/Utils/SILOptFunctionBuilder.h,"(32, 41)-(32, 60)",b'getOrCreateSharedFunction(ArgTys &&... args)'
swift,../repos/swift/include/swift/SILOptimizer/Utils/SILOptFunctionBuilder.h,"(40, 35)-(40, 54)",b'getOrCreateFunction(ArgTys &&... args)'
swift,../repos/swift/include/swift/SILOptimizer/Utils/SILOptFunctionBuilder.h,"(46, 57)-(46, 76)",b'createFunction(ArgTys &&... args)'
swift,../repos/swift/include/swift/DependencyScan/ModuleDependencyScanner.h,"(137, 36)-(137, 69)","b'withDependencyScanningWorker(Function &&F, Ar...'"
swift,../repos/swift/include/swift/Basic/PrefixMap.h,"(72, 17)-(72, 32)",b'emplace(A && ...value)'
swift,../repos/swift/include/swift/Basic/PrefixMap.h,"(144, 17)-(144, 32)",b'emplace(A && ...value)'
swift,../repos/swift/include/swift/Basic/OptionSet.h,"(147, 41)-(147, 46)",b'_checkResultTypeOperatorOr(...)'
swift,../repos/swift/include/swift/Basic/TaggedUnion.h,"(88, 13)-(88, 30)",b'emplace(Args &&... args)'
swift,../repos/swift/include/swift/Basic/TaggedUnion.h,"(101, 22)-(101, 39)",b'emplaceAggregate(Args &&... args)'
swift,../repos/swift/include/swift/Basic/RelativePointer.h,"(554, 61)-(554, 75)",b'operator()(ArgTy... arg) const'
swift,../repos/swift/include/swift/Basic/Statistic.h,"(415, 32)-(416, 66)","b'make_tracer(UnifiedStatsReporter *Reporter, S...'"
swift,../repos/swift/include/swift/Basic/ExternalUnion.h,"(140, 25)-(140, 42)",b'emplaceWithoutIndex(Args &&... args)'
swift,../repos/swift/include/swift/Basic/ExternalUnion.h,"(149, 13)-(149, 43)","b'emplace(Index index, Args &&... args)'"
swift,../repos/swift/include/swift/Basic/ExternalUnion.h,"(159, 34)-(159, 51)",b'emplaceAggregateWithoutIndex(Args &&... args)'
swift,../repos/swift/include/swift/Basic/ExternalUnion.h,"(168, 22)-(168, 52)","b'emplaceAggregate(Index index, Args &&... args)'"
swift,../repos/swift/include/swift/Basic/ExternalUnion.h,"(314, 13)-(314, 41)","b'emplace(Kind kind, Args &&... args)'"
swift,../repos/swift/include/swift/Basic/ExternalUnion.h,"(325, 22)-(325, 50)","b'emplaceAggregate(Kind kind, Args &&... args)'"
swift,../repos/swift/include/swift/Basic/STLExtras.h,"(43, 59)-(43, 68)",b'(Args...)'
swift,../repos/swift/include/swift/Basic/STLExtras.h,"(49, 63)-(49, 72)",b'(*)(Args...)'
swift,../repos/swift/include/swift/Basic/STLExtras.h,"(56, 39)-(56, 48)",b'(Args...)'
swift,../repos/swift/include/swift/Basic/STLExtras.h,"(779, 22)-(780, 46)","b'emplace_back_all(VectorType &vector, ValueTyp...'"
swift,../repos/swift/include/swift/Basic/DiverseStack.h,"(356, 41)-(356, 55)",b'push(A && ...args)'
swift,../repos/swift/include/swift/Basic/SimpleDisplay.h,"(66, 28)-(67, 63)","b'simple_display_tuple(llvm::raw_ostream &out,\n...'"
swift,../repos/swift/include/swift/Basic/SimpleDisplay.h,"(71, 28)-(72, 63)","b'simple_display_tuple(llvm::raw_ostream &out,\n...'"
swift,../repos/swift/include/swift/Basic/SimpleDisplay.h,"(86, 28)-(87, 63)","b'simple_display_tuple(llvm::raw_ostream &out,\n...'"
swift,../repos/swift/include/swift/Basic/SimpleDisplay.h,"(93, 22)-(94, 57)","b'simple_display(llvm::raw_ostream &out,\n      ...'"
swift,../repos/swift/include/swift/Basic/BlotMapVector.h,"(72, 40)-(72, 67)","b'try_emplace(KeyT &&Key, Ts &&... Args)'"
swift,../repos/swift/include/swift/Basic/BlotMapVector.h,"(86, 40)-(86, 72)","b'try_emplace(const KeyT &Key, Ts &&... Args)'"
swift,../repos/swift/include/swift/Basic/ScopedTracking.h,"(57, 17)-(57, 68)","b'TrackingScopes(Tracker &tracker, OtherTracker...'"
swift,../repos/swift/include/swift/Basic/StableHasher.h,"(168, 15)-(168, 49)","b'combine(const T &arg, const Ts &... args)'"
swift,../repos/swift/include/swift/Basic/StableHasher.h,"(201, 41)-(201, 71)",b'combine(const std::tuple<Ts...> &arg)'
swift,../repos/swift/include/swift/Basic/StableHasher.h,"(207, 21)-(208, 62)","b'combine_tuple(const std::tuple<Ts...> &arg,\n ...'"
swift,../repos/swift/include/swift/Basic/StableHasher.h,"(217, 20)-(217, 54)","b'combine_many(const T &arg, const Ts &... args)'"
swift,../repos/swift/include/swift/Basic/JSONSerialization.h,"(200, 21)-(200, 26)",b'test(...)'
swift,../repos/swift/include/swift/Basic/JSONSerialization.h,"(218, 21)-(218, 26)",b'test(...)'
swift,../repos/swift/include/swift/Basic/JSONSerialization.h,"(237, 21)-(237, 26)",b'test(...)'
swift,../repos/swift/include/swift/Basic/JSONSerialization.h,"(256, 21)-(256, 26)",b'test(...)'
swift,../repos/swift/include/swift/Basic/JSONSerialization.h,"(273, 21)-(273, 26)",b'test(...)'
swift,../repos/swift/include/swift/Basic/JSONSerialization.h,"(289, 21)-(289, 26)",b'test(...)'
swift,../repos/swift/include/swift/Basic/JSONSerialization.h,"(307, 21)-(307, 26)",b'test(...)'
swift,../repos/swift/include/swift/Basic/JSONSerialization.h,"(328, 21)-(328, 26)",b'test(...)'
swift,../repos/swift/include/swift/Basic/DiverseList.h,"(271, 40)-(271, 54)",b'add(A && ...args)'
swift,../repos/swift/include/swift/Basic/DiverseList.h,"(278, 49)-(278, 77)","b'addWithExtra(size_t extra, A && ...args)'"
swift,../repos/swift/include/swift/Remote/MetadataReader.h,"(435, 17)-(435, 69)",b'MetadataReader(std::shared_ptr<MemoryReader> ...'
swift,../repos/swift/include/swift/Remote/Failure.h,"(78, 43)-(79, 64)",b'validateFailureArgsRecursive(TypeBundle<Ts......'
swift,../repos/swift/include/swift/Remote/Failure.h,"(86, 43)-(88, 72)",b'validateFailureArgsRecursive(\n               ...'
swift,../repos/swift/include/swift/Remote/Failure.h,"(99, 34)-(99, 66)","b'validateFailureArgs(KindTy ty, ArgTys &&... a...'"
swift,../repos/swift/include/swift/Remote/Failure.h,"(147, 16)-(147, 50)","b'initArgs(T &&nextArg, Ts &&... restOfArgs)'"
swift,../repos/swift/include/swift/Remote/Failure.h,"(170, 19)-(170, 46)","b'Failure(KindTy kind, Ts &&...args)'"
swift,../repos/swift/include/swift/Remote/Failure.h,"(310, 57)-(310, 65)",b'(Tys...)'
swift,../repos/swift/tools/SourceKit/tools/sourcekitd/include/sourcekitd/CompactArray.h,"(78, 16)-(78, 36)",b'addEntry(EntryTypes... Args)'
swift,../repos/swift/tools/SourceKit/tools/sourcekitd/include/sourcekitd/CompactArray.h,"(87, 11)-(87, 33)","b'add(T Val, Targs... Args)'"
swift,../repos/swift/tools/SourceKit/tools/sourcekitd/include/sourcekitd/CompactArray.h,"(135, 19)-(135, 57)","b'readEntries(size_t Index, EntryTypes &... Fields)'"
swift,../repos/swift/tools/SourceKit/tools/sourcekitd/include/sourcekitd/CompactArray.h,"(142, 12)-(142, 56)","b'read(size_t Offset, T &Field, Targs &... Fields)'"
swift,../repos/swift/tools/swift-stdlib-tool/swift-stdlib-tool.cpp,"(430, 10)-(430, 32)","b'fail(const char *msg, ...) __attribute__((for...'"
swift,../repos/swift/tools/swift-stdlib-tool/swift-stdlib-tool.cpp,"(440, 16)-(440, 38)","b'fail_errno(const char *msg, ...) __attribute_...'"
swift,../repos/swift/tools/swift-stdlib-tool/swift-stdlib-tool.cpp,"(450, 16)-(450, 38)","b'fail_usage(const char *msg, ...) __attribute_...'"
swift,../repos/swift/tools/swift-stdlib-tool/swift-stdlib-tool.cpp,"(471, 10)-(471, 32)","b'log_v(const char *msg, ...) __attribute__((fo...'"
swift,../repos/swift/tools/swift-stdlib-tool/swift-stdlib-tool.cpp,"(478, 11)-(478, 33)","b'log_vv(const char *msg, ...) __attribute__((f...'"
swift,../repos/swift/stdlib/public/Backtracing/modules/OS/Libc.h,"(70, 23)-(70, 61)","b'open(const char *filename, int oflag, ...)'"
swift,../repos/swift/stdlib/public/runtime/ReflectionMirror.cpp,"(331, 36)-(331, 58)",b'missing_reflection_metadata_warning(const cha...'
swift,../repos/swift/stdlib/public/runtime/Paths.cpp,"(90, 27)-(90, 68)","b'_swift_tryAuxExePath(const char *name, const ...'"
swift,../repos/swift/stdlib/public/runtime/Paths.cpp,"(284, 17)-(284, 40)","b'_swift_joinPaths(const char *path, ...)'"
swift,../repos/swift/stdlib/public/runtime/Paths.cpp,"(491, 21)-(491, 62)","b'_swift_tryAuxExePath(const char *name, const ...'"
swift,../repos/swift/stdlib/public/runtime/BytecodeLayouts.h,"(73, 24)-(73, 38)",b'readBytes(T&... result)'
swift,../repos/swift/stdlib/public/runtime/BytecodeLayouts.h,"(124, 24)-(124, 38)",b'readBytes(T&... result)'
swift,../repos/swift/stdlib/public/runtime/BytecodeLayouts.cpp,"(241, 22)-(245, 44)","b'handleEnd(const Metadata *metadata,\n         ...'"
swift,../repos/swift/stdlib/public/runtime/MetadataCache.h,"(192, 14)-(192, 45)","b'getOrInsert(KeyType key, ArgTys &&...args)'"
swift,../repos/swift/stdlib/public/runtime/MetadataCache.h,"(253, 14)-(253, 45)","b'getOrInsert(KeyType key, ArgTys &&...args)'"
swift,../repos/swift/stdlib/public/runtime/MetadataCache.h,"(293, 15)-(293, 46)","b'await(KeyType key, ArgTys &&...args)'"
swift,../repos/swift/stdlib/public/runtime/MetadataCache.h,"(301, 41)-(301, 72)","b'tryAwaitExisting(KeyType key, ArgTys &&...args)'"
swift,../repos/swift/stdlib/public/runtime/MetadataCache.h,"(313, 18)-(313, 49)","b'checkDependency(KeyType key, ArgTys &&...args)'"
swift,../repos/swift/stdlib/public/runtime/MetadataCache.h,"(361, 15)-(361, 66)","b'await(ConcurrencyControl &concurrency, ArgTys...'"
swift,../repos/swift/stdlib/public/runtime/MetadataCache.h,"(386, 40)-(387, 58)","b'beginAllocation(WaitQueue::Worker &worker,\n  ...'"
swift,../repos/swift/stdlib/public/runtime/MetadataCache.h,"(405, 29)-(406, 47)",b'beginInitialization(WaitQueue::Worker &worker...'
swift,../repos/swift/stdlib/public/runtime/MetadataCache.h,"(785, 39)-(786, 55)","b'getExtraAllocationSize(const KeyType &key,\n  ...'"
swift,../repos/swift/stdlib/public/runtime/MetadataCache.h,"(1129, 15)-(1130, 36)","b'await(ConcurrencyControl &concurrency, Metada...'"
swift,../repos/swift/stdlib/public/runtime/MetadataCache.h,"(1147, 40)-(1149, 56)",b'beginAllocation(MetadataWaitQueue::Worker &wo...'
swift,../repos/swift/stdlib/public/runtime/MetadataCache.h,"(1220, 43)-(1220, 59)",b'allowMangledNameVerification(Args &&...args)'
swift,../repos/swift/stdlib/public/runtime/MetadataCache.h,"(1226, 27)-(1226, 43)",b'verifyBuiltMetadata(Args &&...args)'
swift,../repos/swift/stdlib/public/runtime/MetadataCache.h,"(1232, 29)-(1233, 70)",b'beginInitialization(WaitQueue::Worker &worker...'
swift,../repos/swift/stdlib/public/runtime/MetadataCache.h,"(1559, 35)-(1561, 56)",b'numTrailingObjects(OverloadToken<const void *...'
swift,../repos/swift/stdlib/public/runtime/MetadataCache.h,"(1605, 36)-(1605, 99)",b'hash_value(const VariadicMetadataCacheEntryBa...'
swift,../repos/swift/stdlib/public/runtime/ThreadingError.cpp,"(20, 29)-(20, 54)","b'swift::threading::fatal(const char *format, ...)'"
swift,../repos/swift/stdlib/public/runtime/MetadataLookup.cpp,"(319, 41)-(319, 58)",b'getExtraAllocationSize(T &&... ignored)'
swift,../repos/swift/stdlib/public/runtime/MetadataLookup.cpp,"(937, 41)-(937, 58)",b'getExtraAllocationSize(T &&... ignored)'
swift,../repos/swift/stdlib/public/runtime/MetadataLookup.cpp,"(1081, 39)-(1081, 59)",b'getExtraAllocationSize(Args &&... ignored)'
swift,../repos/swift/stdlib/public/runtime/ProtocolConformance.cpp,"(406, 41)-(406, 61)",b'getExtraAllocationSize(Args &&... ignored)'
swift,../repos/swift/stdlib/public/runtime/Metadata.cpp,"(1069, 16)-(1069, 47)","b'getOrInsert(KeyType key, ArgTys &&...args)'"
swift,../repos/swift/stdlib/public/runtime/Metadata.cpp,"(1823, 35)-(1825, 56)",b'numTrailingObjects(OverloadToken<TupleTypeMet...'
swift,../repos/swift/stdlib/public/runtime/Metadata.cpp,"(2572, 49)-(2572, 63)",b'(*)(OutArgs *...)'
swift,../repos/swift/stdlib/public/runtime/Metadata.cpp,"(2575, 22)-(2575, 36)",b'(*)(OutArgs *...)'
swift,../repos/swift/stdlib/public/runtime/Metadata.cpp,"(2579, 26)-(2579, 40)",b'(*)(OutArgs *...)'
swift,../repos/swift/stdlib/public/runtime/Metadata.cpp,"(2584, 45)-(2584, 59)",b'(*)(OutArgs *...)'
swift,../repos/swift/stdlib/public/runtime/Metadata.cpp,"(2587, 18)-(2587, 32)",b'(*)(OutArgs *...)'
swift,../repos/swift/stdlib/public/runtime/Metadata.cpp,"(2591, 23)-(2591, 37)",b'(*)(OutArgs *...)'
swift,../repos/swift/stdlib/public/runtime/Metadata.cpp,"(5169, 35)-(5169, 67)","b'numTrailingObjects(OverloadToken<int>, Args &&...)'"
swift,../repos/swift/stdlib/public/runtime/AccessibleFunction.cpp,"(83, 39)-(83, 55)",b'getExtraAllocationSize(T &&...ignored)'
swift,../repos/swift/stdlib/public/runtime/Errors.cpp,"(386, 38)-(386, 79)","b'swift::fatalError(uint32_t flags, const char ...'"
swift,../repos/swift/stdlib/public/runtime/Errors.cpp,"(410, 15)-(410, 56)","b'swift::warning(uint32_t flags, const char *fo...'"
swift,../repos/swift/stdlib/public/runtime/ExistentialMetadataImpl.h,"(35, 22)-(35, 51)","b'destroy(Container *value, A... args)'"
swift,../repos/swift/stdlib/public/runtime/ExistentialMetadataImpl.h,"(59, 28)-(60, 39)","b'copyReference(Container *dest, Container *src...'"
swift,../repos/swift/stdlib/public/runtime/ExistentialMetadataImpl.h,"(84, 39)-(85, 50)","b'initializeWithCopy(Container *dest, Container...'"
swift,../repos/swift/stdlib/public/runtime/ExistentialMetadataImpl.h,"(105, 39)-(106, 50)","b'initializeWithTake(Container *dest, Container...'"
swift,../repos/swift/stdlib/public/runtime/ExistentialMetadataImpl.h,"(115, 35)-(116, 46)","b'assignWithCopy(Container *dest, Container *sr...'"
swift,../repos/swift/stdlib/public/runtime/ExistentialMetadataImpl.h,"(198, 35)-(199, 46)","b'assignWithTake(Container *dest, Container *sr...'"
swift,../repos/swift/stdlib/public/runtime/ExistentialMetadataImpl.h,"(407, 22)-(407, 51)","b'destroy(Container *value, A... args)'"
swift,../repos/swift/stdlib/public/runtime/ExistentialMetadataImpl.h,"(412, 39)-(413, 50)","b'initializeWithCopy(Container *dest, Container...'"
swift,../repos/swift/stdlib/public/runtime/ExistentialMetadataImpl.h,"(422, 39)-(423, 50)","b'initializeWithTake(Container *dest, Container...'"
swift,../repos/swift/stdlib/public/runtime/ExistentialMetadataImpl.h,"(430, 35)-(431, 46)","b'assignWithCopy(Container *dest, Container *sr...'"
swift,../repos/swift/stdlib/public/runtime/ExistentialMetadataImpl.h,"(442, 35)-(443, 46)","b'assignWithTake(Container *dest, Container *sr...'"
swift,../repos/swift/stdlib/public/runtime/ExistentialMetadataImpl.h,"(453, 38)-(453, 80)","b'storeExtraInhabitantTag(Container *dest, unsi...'"
swift,../repos/swift/stdlib/public/runtime/ExistentialMetadataImpl.h,"(459, 35)-(459, 68)","b'getExtraInhabitantTag(const Container *src, A...'"
swift,../repos/swift/stdlib/public/runtime/ExistentialMetadataImpl.h,"(537, 22)-(537, 51)","b'destroy(Container *value, A... args)'"
swift,../repos/swift/stdlib/public/runtime/ExistentialMetadataImpl.h,"(541, 39)-(542, 50)","b'initializeWithCopy(Container *dest, Container...'"
swift,../repos/swift/stdlib/public/runtime/ExistentialMetadataImpl.h,"(549, 39)-(550, 50)","b'initializeWithTake(Container *dest, Container...'"
swift,../repos/swift/stdlib/public/runtime/ExistentialMetadataImpl.h,"(557, 35)-(558, 46)","b'assignWithCopy(Container *dest, Container *sr...'"
swift,../repos/swift/stdlib/public/runtime/ExistentialMetadataImpl.h,"(565, 35)-(566, 46)","b'assignWithTake(Container *dest, Container *sr...'"
swift,../repos/swift/stdlib/public/runtime/ExistentialMetadataImpl.h,"(573, 38)-(573, 80)","b'storeExtraInhabitantTag(Container *dest, unsi...'"
swift,../repos/swift/stdlib/public/runtime/ExistentialMetadataImpl.h,"(580, 35)-(580, 68)","b'getExtraInhabitantTag(const Container *src, A...'"
swift,../repos/swift/stdlib/public/runtime/GenericMetadataBuilder.cpp,"(272, 41)-(274, 46)","b'log(const char *filename, unsigned line,\n    ...'"
swift,../repos/swift/stdlib/public/runtime/GenericMetadataBuilder.cpp,"(328, 14)-(328, 62)","b'validationLog(bool isValidationFailure, const...'"
swift,../repos/swift/stdlib/public/runtime/GenericMetadataBuilder.cpp,"(345, 56)-(345, 78)","b'printToStderr(const char *fmt, ...)'"
swift,../repos/swift/stdlib/public/Concurrency/Error.h,"(29, 68)-(30, 45)",b'swift_Concurrency_fatalError(\n    uint32_t fl...'
swift,../repos/swift/stdlib/public/Concurrency/ThreadingError.cpp,"(21, 29)-(21, 54)","b'swift::threading::fatal(const char *format, ...)'"
swift,../repos/swift/stdlib/public/Concurrency/Error.cpp,"(30, 41)-(31, 46)",b'swift::swift_Concurrency_fatalError(uint32_t ...'
swift,../repos/swift/stdlib/include/llvm/ADT/DenseMapInfo.h,"(263, 31)-(263, 64)",b'getHashValue(const std::tuple<Ts...> &values)'
swift,../repos/swift/stdlib/include/llvm/ADT/Hashing.h,"(119, 21)-(119, 51)",b'hash_value(const std::tuple<Ts...> &arg)'
swift,../repos/swift/stdlib/include/llvm/ADT/Hashing.h,"(558, 20)-(559, 53)","b'combine(size_t length, char *buffer_ptr, char...'"
swift,../repos/swift/stdlib/include/llvm/ADT/Hashing.h,"(605, 49)-(605, 68)",b'hash_combine(const Ts &...args)'
swift,../repos/swift/stdlib/include/llvm/ADT/Hashing.h,"(659, 34)-(660, 67)",b'hash_value_tuple_helper(const std::tuple<Ts.....'
swift,../repos/swift/stdlib/include/llvm/ADT/Hashing.h,"(668, 21)-(668, 51)",b'hash_value(const std::tuple<Ts...> &arg)'
swift,../repos/swift/stdlib/include/llvm/ADT/StringExtras.h,"(334, 28)-(335, 46)","b'join_items_impl(std::string &Result, Sep Sepa...'"
swift,../repos/swift/stdlib/include/llvm/ADT/StringExtras.h,"(354, 30)-(354, 61)","b'join_items_size(const A1 &A, Args &&... Items)'"
swift,../repos/swift/stdlib/include/llvm/ADT/StringExtras.h,"(380, 30)-(380, 63)","b'join_items(Sep Separator, Args &&... Items)'"
swift,../repos/swift/stdlib/include/llvm/ADT/Optional.h,"(96, 37)-(96, 66)","b'OptionalStorage(in_place_t, Args &&... args)'"
swift,../repos/swift/stdlib/include/llvm/ADT/Optional.h,"(123, 40)-(123, 57)",b'emplace(Args &&... args)'
swift,../repos/swift/stdlib/include/llvm/ADT/Optional.h,"(196, 37)-(196, 66)","b'OptionalStorage(in_place_t, Args &&... args)'"
swift,../repos/swift/stdlib/include/llvm/ADT/Optional.h,"(223, 40)-(223, 57)",b'emplace(Args &&... args)'
swift,../repos/swift/stdlib/include/llvm/ADT/Optional.h,"(267, 21)-(267, 53)","b'Optional(in_place_t, ArgTypes &&...Args)'"
swift,../repos/swift/stdlib/include/llvm/ADT/Optional.h,"(277, 47)-(277, 68)",b'emplace(ArgTypes &&... Args)'
swift,../repos/swift/stdlib/include/llvm/ADT/STLExtras.h,"(156, 38)-(156, 47)",b'(*)(Args...)'
swift,../repos/swift/stdlib/include/llvm/ADT/STLExtras.h,"(169, 38)-(169, 47)",b'(&)(Args...)'
swift,../repos/swift/stdlib/include/llvm/ADT/STLExtras.h,"(170, 44)-(170, 53)",b'(*)(Args...)'
swift,../repos/swift/stdlib/include/llvm/ADT/STLExtras.h,"(196, 23)-(196, 34)",b'(Params...)'
swift,../repos/swift/stdlib/include/llvm/ADT/STLExtras.h,"(197, 18)-(197, 55)","b'(*callback)(intptr_t callable, Params ...params)'"
swift,../repos/swift/stdlib/include/llvm/ADT/STLExtras.h,"(201, 25)-(201, 62)","b'callback_fn(intptr_t callable, Params ...params)'"
swift,../repos/swift/stdlib/include/llvm/ADT/STLExtras.h,"(211, 15)-(220, 69)","b'function_ref(\n      Callable &&callable,\n    ...'"
swift,../repos/swift/stdlib/include/llvm/ADT/STLExtras.h,"(224, 17)-(224, 35)",b'operator()(Params ...params) const'
swift,../repos/swift/stdlib/include/llvm/ADT/STLExtras.h,"(340, 18)-(340, 23)",b'test(...)'
swift,../repos/swift/stdlib/include/llvm/ADT/STLExtras.h,"(628, 43)-(628, 71)",b'deref(std::index_sequence<Ns...>) const'
swift,../repos/swift/stdlib/include/llvm/ADT/STLExtras.h,"(633, 30)-(633, 58)",b'tup_inc(std::index_sequence<Ns...>) const'
swift,../repos/swift/stdlib/include/llvm/ADT/STLExtras.h,"(638, 30)-(638, 58)",b'tup_dec(std::index_sequence<Ns...>) const'
swift,../repos/swift/stdlib/include/llvm/ADT/STLExtras.h,"(643, 13)-(643, 29)",b'zip_common(Iters &&... ts)'
swift,../repos/swift/stdlib/include/llvm/ADT/STLExtras.h,"(668, 18)-(668, 52)",b'operator==(const zip_first<Iters...> &other) const'
swift,../repos/swift/stdlib/include/llvm/ADT/STLExtras.h,"(672, 12)-(672, 28)",b'zip_first(Iters &&... ts)'
swift,../repos/swift/stdlib/include/llvm/ADT/STLExtras.h,"(678, 12)-(679, 40)","b'test(const zip_shortest<Iters...> &other,\n   ...'"
swift,../repos/swift/stdlib/include/llvm/ADT/STLExtras.h,"(688, 15)-(688, 31)",b'zip_shortest(Iters &&... ts)'
swift,../repos/swift/stdlib/include/llvm/ADT/STLExtras.h,"(690, 18)-(690, 55)",b'operator==(const zip_shortest<Iters...> &othe...'
swift,../repos/swift/stdlib/include/llvm/ADT/STLExtras.h,"(708, 22)-(708, 50)",b'begin_impl(std::index_sequence<Ns...>) const'
swift,../repos/swift/stdlib/include/llvm/ADT/STLExtras.h,"(711, 44)-(711, 72)",b'end_impl(std::index_sequence<Ns...>) const'
swift,../repos/swift/stdlib/include/llvm/ADT/STLExtras.h,"(716, 8)-(716, 24)",b'zippy(Args &&... ts_)'
swift,../repos/swift/stdlib/include/llvm/ADT/STLExtras.h,"(728, 55)-(729, 72)","b'zip(T &&t, U &&u,\n                           ...'"
swift,../repos/swift/stdlib/include/llvm/ADT/STLExtras.h,"(737, 58)-(738, 75)","b'zip_first(T &&t, U &&u,\n                     ...'"
swift,../repos/swift/stdlib/include/llvm/ADT/STLExtras.h,"(790, 12)-(791, 40)",b'test(const zip_longest_iterator<Iters...> &ot...'
swift,../repos/swift/stdlib/include/llvm/ADT/STLExtras.h,"(798, 43)-(798, 71)",b'deref(std::index_sequence<Ns...>) const'
swift,../repos/swift/stdlib/include/llvm/ADT/STLExtras.h,"(804, 30)-(804, 58)",b'tup_inc(std::index_sequence<Ns...>) const'
swift,../repos/swift/stdlib/include/llvm/ADT/STLExtras.h,"(810, 23)-(810, 60)","b'zip_longest_iterator(std::pair<Iters &&, Iter...'"
swift,../repos/swift/stdlib/include/llvm/ADT/STLExtras.h,"(825, 18)-(825, 63)",b'operator==(const zip_longest_iterator<Iters.....'
swift,../repos/swift/stdlib/include/llvm/ADT/STLExtras.h,"(844, 22)-(844, 50)",b'begin_impl(std::index_sequence<Ns...>) const'
swift,../repos/swift/stdlib/include/llvm/ADT/STLExtras.h,"(849, 44)-(849, 72)",b'end_impl(std::index_sequence<Ns...>) const'
swift,../repos/swift/stdlib/include/llvm/ADT/STLExtras.h,"(855, 20)-(855, 36)",b'zip_longest_range(Args &&... ts_)'
swift,../repos/swift/stdlib/include/llvm/ADT/STLExtras.h,"(868, 53)-(869, 70)","b'zip_longest(T &&t, U &&u,\n                   ...'"
swift,../repos/swift/stdlib/include/llvm/ADT/STLExtras.h,"(916, 41)-(916, 69)",b'increment(std::index_sequence<Ns...>)'
swift,../repos/swift/stdlib/include/llvm/ADT/STLExtras.h,"(945, 38)-(945, 66)",b'get(std::index_sequence<Ns...>) const'
swift,../repos/swift/stdlib/include/llvm/ADT/STLExtras.h,"(964, 27)-(964, 49)",b'concat_iterator(RangeTs &&... Ranges)'
swift,../repos/swift/stdlib/include/llvm/ADT/STLExtras.h,"(999, 46)-(999, 74)",b'begin_impl(std::index_sequence<Ns...>)'
swift,../repos/swift/stdlib/include/llvm/ADT/STLExtras.h,"(1002, 44)-(1002, 72)",b'end_impl(std::index_sequence<Ns...>)'
swift,../repos/swift/stdlib/include/llvm/ADT/STLExtras.h,"(1008, 15)-(1008, 37)",b'concat_range(RangeTs &&... Ranges)'
swift,../repos/swift/stdlib/include/llvm/ADT/STLExtras.h,"(1021, 48)-(1021, 70)",b'concat(RangeTs &&... Ranges)'
swift,../repos/swift/stdlib/include/llvm/ADT/STLExtras.h,"(1317, 29)-(1317, 61)","b'Visitor(HeadT &&Head, TailTs &&...Tail)'"
swift,../repos/swift/stdlib/include/llvm/ADT/STLExtras.h,"(1360, 37)-(1360, 64)",b'makeVisitor(CallableTs &&...Callables)'
swift,../repos/swift/stdlib/include/llvm/ADT/STLExtras.h,"(1974, 32)-(1974, 77)","b'apply_tuple_impl(F &&f, Tuple &&t, std::index...'"
swift,../repos/swift/stdlib/include/llvm/ADT/SmallVector.h,"(393, 56)-(393, 77)",b'growAndEmplaceBack(ArgTypes &&... Args)'
swift,../repos/swift/stdlib/include/llvm/ADT/SmallVector.h,"(538, 56)-(538, 77)",b'growAndEmplaceBack(ArgTypes &&... Args)'
swift,../repos/swift/stdlib/include/llvm/ADT/SmallVector.h,"(909, 57)-(909, 78)",b'emplace_back(ArgTypes &&... Args)'
swift,../repos/swift/stdlib/include/llvm/ADT/DenseMap.h,"(204, 40)-(204, 67)","b'try_emplace(KeyT &&Key, Ts &&... Args)'"
swift,../repos/swift/stdlib/include/llvm/ADT/DenseMap.h,"(220, 40)-(220, 72)","b'try_emplace(const KeyT &Key, Ts &&... Args)'"
swift,../repos/swift/stdlib/include/llvm/ADT/DenseMap.h,"(490, 28)-(491, 52)","b'InsertIntoBucket(BucketT *TheBucket, KeyArg &...'"
swift,../repos/swift/stdlib/include/llvm/ADT/PointerUnion.h,"(237, 16)-(237, 68)","b'operator==(PointerUnion<PTs...> lhs, PointerU...'"
swift,../repos/swift/stdlib/include/llvm/ADT/PointerUnion.h,"(242, 16)-(242, 68)","b'operator!=(PointerUnion<PTs...> lhs, PointerU...'"
swift,../repos/swift/stdlib/include/llvm/ADT/PointerUnion.h,"(247, 15)-(247, 67)","b'operator<(PointerUnion<PTs...> lhs, PointerUn...'"
swift,../repos/swift/stdlib/include/llvm/ADT/PointerUnion.h,"(255, 39)-(255, 70)",b'getAsVoidPointer(const PointerUnion<PTs...> &P)'
swift,../repos/swift/stdlib/include/llvm/Support/PointerLikeTypeTraits.h,"(148, 41)-(148, 53)",b'(*)(ParamTs...)'
swift,../repos/swift/stdlib/include/llvm/Support/PointerLikeTypeTraits.h,"(149, 51)-(149, 63)",b'(*)(ParamTs...)'
swift,../repos/swift/stdlib/include/llvm/Support/type_traits.h,"(123, 31)-(123, 36)",b'get(...)'
swift,../repos/swift/stdlib/include/llvm/Support/type_traits.h,"(131, 31)-(131, 36)",b'get(...)'
swift,../repos/swift/stdlib/toolchain/Compatibility56/Concurrency/Error.cpp,"(17, 56)-(17, 97)",b'swift::swift_Concurrency_fatalError(uint32_t ...'
swift,../repos/swift/stdlib/toolchain/Compatibility56/include/Concurrency/Error.h,"(27, 49)-(27, 90)","b'swift_Concurrency_fatalError(uint32_t flags, ...'"
swift,../repos/swift/stdlib/toolchain/Compatibility56/include/Concurrency/Executor.h,"(159, 37)-(159, 48)",b'(ArgTys...)'
swift,../repos/swift/stdlib/toolchain/Compatibility56/include/Concurrency/Executor.h,"(186, 54)-(186, 65)",b'(ArgTys...)'
swift,../repos/swift/stdlib/toolchain/Compatibility56/include/Runtime/AtomicWaitQueue.h,"(257, 22)-(257, 38)",b'createQueue(Args &&...args)'
swift,../repos/swift/stdlib/toolchain/Compatibility56/include/Runtime/AtomicWaitQueue.h,"(304, 33)-(304, 49)",b'createReplacementQueue(Args &&...args)'
swift,../repos/swift/stdlib/toolchain/Compatibility56/include/Runtime/AtomicWaitQueue.h,"(426, 32)-(426, 48)",b'createNewQueue(Args &&...args)'
swift,../repos/swift/stdlib/toolchain/Compatibility51/ProtocolConformance.cpp,"(371, 41)-(371, 61)",b'getExtraAllocationSize(Args &&... ignored)'
swift,../repos/swift/stdlib/toolchain/Compatibility51/Concurrent.h,"(56, 9)-(56, 26)",b'Node(Args &&... args)'
swift,../repos/swift/stdlib/toolchain/Compatibility51/Concurrent.h,"(230, 40)-(230, 70)","b'getOrInsert(KeyTy key, ArgTys &&... args)'"
