Repo name,File name,Location,Content
swift,../repos/swift/lib/LLVMPasses/LLVMMergeFunctions.cpp,"(270, 3)-(281, 4)",b'class FunctionNodeCmp {\n    GlobalNumberState...'
swift,../repos/swift/lib/DriverTool/swift_indent_main.cpp,"(43, 3)-(51, 4)",b'class FormatterDiagConsumer : public swift::D...'
swift,../repos/swift/lib/AST/ASTScopeCreation.cpp,"(105, 5)-(164, 6)",b'class NestedExprScopeFinder : public ASTWalke...'
swift,../repos/swift/lib/AST/ASTPrinter.cpp,"(633, 3)-(648, 4)",b'class IndentRAII {\n    PrintAST &Self;\n    bo...'
swift,../repos/swift/lib/AST/ASTPrinter.cpp,"(3972, 3)-(3981, 4)",b'class SuppressibleGenerator {\n    Suppressibl...'
swift,../repos/swift/lib/AST/ASTWalker.cpp,"(81, 3)-(95, 4)",b'class SetParentRAII {\n    ASTWalker &Walker;\n...'
swift,../repos/swift/lib/AST/UnqualifiedLookup.cpp,"(59, 5)-(95, 6)",b'class ResultFinderForTypeContext {\n      Unqu...'
swift,../repos/swift/lib/Demangling/Remangler.cpp,"(186, 3)-(202, 4)",b'class EntityContext {\n    bool AsContext = fa...'
swift,../repos/swift/lib/Demangling/Remangler.cpp,"(189, 5)-(201, 6)",b'class ManglingContextRAII {\n      EntityConte...'
swift,../repos/swift/lib/Demangling/OldRemangler.cpp,"(39, 5)-(70, 6)",b'class EntityContext {\n      bool AsContext = ...'
swift,../repos/swift/lib/Demangling/OldRemangler.cpp,"(57, 7)-(69, 8)",b'class ManglingContextRAII {\n        EntityCon...'
swift,../repos/swift/lib/Serialization/DeserializationErrors.h,"(56, 3)-(185, 4)",b'class PathPiece {\n  public:\n    enum class Ki...'
swift,../repos/swift/lib/Serialization/DeserializeSIL.h,"(39, 5)-(39, 24)",b'class FuncTableInfo'
swift,../repos/swift/lib/Serialization/ModuleFileSharedCore.h,"(111, 3)-(169, 4)",b'class Dependency {\n  public:\n    const String...'
swift,../repos/swift/lib/Serialization/ModuleFileSharedCore.h,"(252, 3)-(252, 22)",b'class DeclTableInfo'
swift,../repos/swift/lib/Serialization/ModuleFileSharedCore.h,"(256, 3)-(256, 27)",b'class ExtensionTableInfo'
swift,../repos/swift/lib/Serialization/ModuleFileSharedCore.h,"(260, 3)-(260, 27)",b'class LocalDeclTableInfo'
swift,../repos/swift/lib/Serialization/ModuleFileSharedCore.h,"(268, 3)-(268, 33)",b'class NestedTypeDeclsTableInfo'
swift,../repos/swift/lib/Serialization/ModuleFileSharedCore.h,"(272, 3)-(272, 33)",b'class DeclMemberNamesTableInfo'
swift,../repos/swift/lib/Serialization/ModuleFileSharedCore.h,"(276, 3)-(276, 29)",b'class DeclMembersTableInfo'
swift,../repos/swift/lib/Serialization/ModuleFileSharedCore.h,"(280, 3)-(280, 34)",b'class DeclFingerprintsTableInfo'
swift,../repos/swift/lib/Serialization/ModuleFileSharedCore.h,"(296, 3)-(296, 28)",b'class ObjCMethodTableInfo'
swift,../repos/swift/lib/Serialization/ModuleFileSharedCore.h,"(305, 3)-(305, 29)",b'class DeclCommentTableInfo'
swift,../repos/swift/lib/Serialization/ModuleFileSharedCore.h,"(315, 3)-(315, 25)",b'class DeclUSRTableInfo'
swift,../repos/swift/lib/Serialization/ModuleFileSharedCore.h,"(320, 3)-(320, 42)",b'class DerivativeFunctionConfigTableInfo'
swift,../repos/swift/lib/PrintAsClang/DeclAndTypePrinter.cpp,"(2690, 3)-(2714, 4)",b'class PrintMultiPartType {\n    PrinterImpl &P...'
swift,../repos/swift/lib/IRGen/GenClass.cpp,"(1162, 5)-(1204, 6)",b'class MethodDescriptor {\n    public:\n      en...'
swift,../repos/swift/lib/SILGen/SILGenTopLevel.h,"(47, 3)-(63, 4)",b'class TypeVisitor : public TypeMemberVisitor<...'
swift,../repos/swift/lib/SILGen/SILGenTopLevel.h,"(64, 3)-(70, 4)",b'class ExtensionVisitor : public TypeVisitor {...'
swift,../repos/swift/lib/SILGen/SILGenPoly.cpp,"(3012, 3)-(3028, 4)",b'class InnerPackResultGenerator {\n    ResultPl...'
swift,../repos/swift/lib/Sema/PlaygroundTransform.cpp,"(80, 3)-(103, 4)",b'class BracePairPusher {\n    BracePairStack &B...'
swift,../repos/swift/lib/Sema/PlaygroundTransform.cpp,"(105, 3)-(118, 4)",b'class TargetKindSetter {\n    BracePairStack &...'
swift,../repos/swift/lib/Sema/InstrumenterSupport.h,"(59, 3)-(92, 4)",b'class ClosureFinder : public ASTWalker {\n  pr...'
swift,../repos/swift/lib/Sema/MiscDiagnostics.cpp,"(4915, 5)-(4925, 6)",b'class OptionalToAnyCoercion {\n    public:\n   ...'
swift,../repos/swift/lib/Sema/TypeCheckCaptures.cpp,"(97, 5)-(118, 6)",b'class TypeCaptureWalker : public TypeWalker {...'
swift,../repos/swift/lib/SIL/Verifier/SILVerifier.cpp,"(3906, 3)-(3929, 4)",b'class VerifyClassMethodVisitor\n      : public...'
swift,../repos/swift/lib/SILOptimizer/Mandatory/AddressLowering.h,"(241, 3)-(279, 4)",b'class ProjectionIterator {\n  public:\n    usin...'
swift,../repos/swift/lib/SILOptimizer/Transforms/CSE.cpp,"(684, 3)-(693, 4)",b'class NodeScope {\n   public:\n    NodeScope(Sc...'
swift,../repos/swift/lib/SILOptimizer/Transforms/CSE.cpp,"(699, 3)-(729, 4)",b'class StackNode {\n   public:\n    StackNode(Sc...'
swift,../repos/swift/lib/SILOptimizer/ARC/GlobalARCSequenceDataflow.h,"(37, 3)-(37, 29)",b'class ARCBBStateInfoHandle'
swift,../repos/swift/lib/SILOptimizer/ARC/GlobalARCSequenceDataflow.h,"(38, 3)-(38, 23)",b'class ARCBBStateInfo'
swift,../repos/swift/lib/SILOptimizer/ARC/GlobalARCSequenceDataflow.h,"(39, 3)-(39, 19)",b'class ARCBBState'
swift,../repos/swift/lib/SILOptimizer/Utils/SILSSAUpdater.cpp,"(274, 3)-(313, 4)",b'class PHI_iterator {\n  private:\n    SILBasicB...'
swift,../repos/swift/lib/IDE/SyntaxModel.cpp,"(360, 3)-(371, 4)",b'class InactiveClauseRAII {\n    const bool was...'
swift,../repos/swift/lib/Migrator/Diff.h,"(101, 3)-(150, 4)",b'class Diff {\n   public:\n    Operation operati...'
swift,../repos/swift/lib/Migrator/Diff.h,"(158, 3)-(217, 4)",b'class Patch {\n   public:\n    Diffs diffs;\n   ...'
swift,../repos/swift/include/swift/Serialization/SerializationOptions.h,"(62, 5)-(147, 6)",b'class FileDependency {\n      /// The size of ...'
swift,../repos/swift/include/swift/Parse/IDEInspectionCallbacks.h,"(109, 3)-(123, 4)",b'class InEnumElementRawValueRAII {\n    CodeCom...'
swift,../repos/swift/include/swift/Parse/IDEInspectionCallbacks.h,"(127, 3)-(142, 4)",b'class InObjCSelectorExprRAII {\n    CodeComple...'
swift,../repos/swift/include/swift/Frontend/CASOutputBackends.h,"(53, 3)-(53, 23)",b'class Implementation'
swift,../repos/swift/include/swift/SIL/TypeSubstCloner.h,"(52, 3)-(139, 4)",b'class ApplySiteCloningHelper {\n    SILValue C...'
swift,../repos/swift/include/swift/SIL/SILInstruction.h,"(243, 3)-(243, 17)",b'class iterator'
swift,../repos/swift/include/swift/SIL/StackList.h,"(65, 3)-(103, 4)",b'class iterator {\n    friend StackList<Element...'
swift,../repos/swift/include/swift/SIL/BasicBlockData.h,"(66, 49)-(110, 4)",b'class IteratorTy {\n    using DataTy = typenam...'
swift,../repos/swift/include/swift/SIL/MemAccessUtils.h,"(1055, 3)-(1106, 4)",b'class Index {\n  public:\n    friend struct Pat...'
swift,../repos/swift/include/swift/SIL/SILCoverageMap.h,"(44, 3)-(90, 4)",b'class MappedRegion {\n  public:\n    enum class...'
swift,../repos/swift/include/swift/Runtime/AtomicWaitQueue.h,"(186, 3)-(433, 4)",b'class Worker {\n  protected:\n    typename Impl...'
swift,../repos/swift/include/swift/Runtime/AtomicWaitQueue.h,"(360, 5)-(391, 6)",b'class Operation {\n      friend class Worker;\n...'
swift,../repos/swift/include/swift/Runtime/AtomicWaitQueue.h,"(452, 3)-(482, 4)",b'class Waiter {\n    GlobalLockType &GlobalLock...'
swift,../repos/swift/include/swift/Runtime/Atomic.h,"(193, 1)-(196, 2)",b'class atomic : public impl::atomic_impl<T> {\n...'
swift,../repos/swift/include/swift/SILOptimizer/Analysis/IVAnalysis.h,"(35, 3)-(45, 4)",b'class IVDesc {\n  public:\n    BuiltinInst *Inc...'
swift,../repos/swift/include/swift/SILOptimizer/Analysis/LoopRegionAnalysis.h,"(243, 3)-(323, 4)",b'class subregion_iterator {\n    friend struct ...'
swift,../repos/swift/include/swift/SILOptimizer/Analysis/LoopRegionAnalysis.h,"(328, 3)-(382, 4)",b'class backedge_iterator {\n    friend struct S...'
swift,../repos/swift/include/swift/SILOptimizer/Analysis/AccessSummaryAnalysis.h,"(33, 3)-(67, 4)",b'class SubAccessSummary {\n  private:\n    /// T...'
swift,../repos/swift/include/swift/SILOptimizer/Analysis/AccessSummaryAnalysis.h,"(74, 3)-(100, 4)",b'class ArgumentSummary {\n  private:\n    SubAcc...'
swift,../repos/swift/include/swift/SILOptimizer/Analysis/AccessSummaryAnalysis.h,"(104, 3)-(126, 4)",b'class FunctionSummary {\n  private:\n    llvm::...'
swift,../repos/swift/include/swift/SILOptimizer/Analysis/AccessSummaryAnalysis.h,"(128, 3)-(128, 21)",b'class FunctionInfo'
swift,../repos/swift/include/swift/SILOptimizer/Analysis/AccessSummaryAnalysis.h,"(144, 3)-(169, 4)",b'class FunctionInfo : public FunctionInfoBase<...'
swift,../repos/swift/include/swift/SILOptimizer/Analysis/CallerAnalysis.h,"(44, 3)-(44, 21)",b'class FunctionInfo'
swift,../repos/swift/include/swift/SILOptimizer/Analysis/BottomUpIPAnalysis.h,"(40, 35)-(40, 61)",b'class FunctionInfoWorkList'
swift,../repos/swift/include/swift/SILOptimizer/Analysis/BottomUpIPAnalysis.h,"(47, 35)-(156, 4)",b'class FunctionInfoBase {\n  public:\n\n    /// A...'
swift,../repos/swift/include/swift/SILOptimizer/Analysis/BottomUpIPAnalysis.h,"(159, 35)-(288, 4)",b'class BottomUpFunctionOrder {\n\n    typedef ll...'
swift,../repos/swift/include/swift/SILOptimizer/Analysis/Reachability.h,"(235, 3)-(296, 4)",b'class Result final {\n    /// Blocks whose ins...'
swift,../repos/swift/include/swift/Basic/FixedBitSet.h,"(178, 3)-(241, 4)",b'class iterator {\n    const ChunkType *chunks;...'
swift,../repos/swift/include/swift/Basic/ArrayRefView.h,"(36, 3)-(91, 4)",b'class iterator {\n    friend class ArrayRefVie...'
swift,../repos/swift/include/swift/Basic/PrefixMap.h,"(413, 3)-(513, 4)",b'class const_iterator {\n  protected:\n    enum ...'
swift,../repos/swift/include/swift/Basic/PrefixMap.h,"(430, 5)-(455, 6)",b'class ConstEntryProxy {\n      ArrayRef<NodeAn...'
swift,../repos/swift/include/swift/Basic/PrefixMap.h,"(563, 3)-(573, 4)",b'class Handle {\n    Node *Ptr;\n  public:\n    H...'
swift,../repos/swift/include/swift/Basic/Mangler.h,"(80, 3)-(88, 4)",b'class Index {\n    unsigned N;\n  public:\n    e...'
swift,../repos/swift/include/swift/Basic/Range.h,"(101, 3)-(159, 4)",b'class iterator {\n    friend class IntRange<T>...'
swift,../repos/swift/include/swift/Basic/OwnedString.h,"(35, 3)-(54, 4)",b'class TextOwner final : public llvm::ThreadSa...'
swift,../repos/swift/include/swift/Basic/DiverseStack.h,"(101, 3)-(174, 4)",b'class stable_iterator {\n    std::size_t Depth...'
swift,../repos/swift/include/swift/Basic/DiverseStack.h,"(133, 5)-(172, 6)",b'class AsPointer {\n      void *EncodedValue;\n ...'
swift,../repos/swift/include/swift/Basic/DiverseList.h,"(98, 3)-(111, 4)",b'class stable_iterator {\n    std::size_t Offse...'
swift,../repos/swift/include/swift/Remote/MetadataReader.h,"(244, 3)-(311, 4)",b'class ParentContextDescriptorRef {\n    bool I...'
swift,../repos/swift/tools/SourceKit/lib/SwiftLang/CodeCompletionOrganizer.h,"(74, 3)-(74, 13)",b'class Impl'
swift,../repos/swift/tools/SourceKit/tools/sourcekitd/include/sourcekitd/Internal.h,"(67, 3)-(67, 14)",b'class Array'
swift,../repos/swift/tools/SourceKit/tools/sourcekitd/include/sourcekitd/Internal.h,"(69, 3)-(94, 4)",b'class Dictionary {\n  public:\n    Dictionary()...'
swift,../repos/swift/tools/SourceKit/tools/sourcekitd/include/sourcekitd/Internal.h,"(96, 3)-(108, 4)",b'class Array {\n  public:\n    Array() = default...'
swift,../repos/swift/stdlib/public/runtime/AutoDiffSupport.h,"(34, 3)-(69, 4)",b'class [[nodiscard]] AllocatedContextObjectRec...'
swift,../repos/swift/stdlib/public/runtime/GenericMetadataBuilder.cpp,"(50, 3)-(117, 4)",b'class Buffer {\n  public:\n    Buffer() : ptr(n...'
swift,../repos/swift/stdlib/public/runtime/GenericMetadataBuilder.cpp,"(121, 3)-(175, 4)",b'class WritableData : public Buffer<T> {\n    /...'
swift,../repos/swift/stdlib/include/llvm/ADT/STLExtras.h,"(1090, 3)-(1106, 4)",b'class iterator : public indexed_accessor_iter...'
swift,../repos/swift/stdlib/include/llvm/ADT/iterator.h,"(88, 3)-(97, 4)",b'class ReferenceProxy {\n    friend iterator_fa...'
swift,../repos/swift/stdlib/include/llvm/ADT/DenseSet.h,"(110, 3)-(110, 22)",b'class ConstIterator'
swift,../repos/swift/stdlib/include/llvm/ADT/DenseSet.h,"(112, 3)-(140, 4)",b'class Iterator {\n    typename MapTy::iterator...'
swift,../repos/swift/stdlib/include/llvm/ADT/DenseSet.h,"(142, 3)-(169, 4)",b'class ConstIterator {\n    typename MapTy::con...'
swift,../repos/swift/stdlib/toolchain/Compatibility56/include/Concurrency/Threading/Mutex.h,"(138, 3)-(314, 4)",b'class Mutex {\n\n    Mutex(const Mutex &) = del...'
swift,../repos/swift/stdlib/toolchain/Compatibility56/include/Runtime/AtomicWaitQueue.h,"(184, 3)-(431, 4)",b'class Worker {\n  protected:\n    typename Impl...'
swift,../repos/swift/stdlib/toolchain/Compatibility56/include/Runtime/AtomicWaitQueue.h,"(358, 5)-(389, 6)",b'class Operation {\n      friend class Worker;\n...'
swift,../repos/swift/stdlib/toolchain/Compatibility56/include/Runtime/AtomicWaitQueue.h,"(450, 3)-(480, 4)",b'class Waiter {\n    GlobalLockType &GlobalLock...'
