Repo name,File name,Location,Content
swift,../repos/swift/lib/FrontendTool/FrontendTool.cpp,"(101, 10)-(101, 25)",b'#include <unordered_set>\n'
swift,../repos/swift/lib/FrontendTool/TBD.cpp,"(34, 10)-(34, 18)",b'#include <vector>\n'
swift,../repos/swift/lib/LLVMPasses/LLVMMergeFunctions.cpp,"(59, 10)-(59, 18)",b'#include <vector>\n'
swift,../repos/swift/lib/DriverTool/autolink_extract_main.cpp,"(20, 10)-(20, 18)",b'#include <vector>\n'
swift,../repos/swift/lib/DriverTool/swift_indent_main.cpp,"(31, 10)-(31, 18)",b'#include <vector>\n'
swift,../repos/swift/lib/AST/ASTContext.cpp,"(78, 10)-(78, 17)",b'#include <queue>\n'
swift,../repos/swift/lib/AST/RequirementMachine/PropertyMap.cpp,"(98, 10)-(98, 18)",b'#include <vector>\n'
swift,../repos/swift/lib/AST/RequirementMachine/RewriteSystem.cpp,"(17, 10)-(17, 18)",b'#include <vector>\n'
swift,../repos/swift/lib/AST/RequirementMachine/ConcreteTypeWitness.cpp,"(28, 10)-(28, 18)",b'#include <vector>\n'
swift,../repos/swift/lib/AST/RequirementMachine/Symbol.cpp,"(19, 10)-(19, 18)",b'#include <vector>\n'
swift,../repos/swift/lib/AST/RequirementMachine/Histogram.h,"(22, 10)-(22, 18)",b'#include <vector>\n'
swift,../repos/swift/lib/AST/RequirementMachine/RequirementMachineRequests.cpp,"(96, 10)-(96, 18)",b'#include <vector>\n'
swift,../repos/swift/lib/AST/RequirementMachine/RequirementLowering.h,"(20, 10)-(20, 18)",b'#include <vector>\n'
swift,../repos/swift/lib/AST/RequirementMachine/Term.cpp,"(18, 10)-(18, 18)",b'#include <vector>\n'
swift,../repos/swift/lib/AST/RequirementMachine/PropertyUnification.cpp,"(29, 10)-(29, 18)",b'#include <vector>\n'
swift,../repos/swift/lib/AST/RequirementMachine/RequirementBuilder.cpp,"(31, 10)-(31, 18)",b'#include <vector>\n'
swift,../repos/swift/lib/AST/RequirementMachine/PropertyMap.h,"(26, 10)-(26, 18)",b'#include <vector>\n'
swift,../repos/swift/lib/AST/RequirementMachine/GenericSignatureQueries.cpp,"(40, 10)-(40, 18)",b'#include <vector>\n'
swift,../repos/swift/lib/AST/RequirementMachine/KnuthBendix.cpp,"(36, 10)-(36, 17)",b'#include <deque>\n'
swift,../repos/swift/lib/AST/RequirementMachine/KnuthBendix.cpp,"(37, 10)-(37, 18)",b'#include <vector>\n'
swift,../repos/swift/lib/AST/RequirementMachine/RuleBuilder.h,"(20, 10)-(20, 18)",b'#include <vector>\n'
swift,../repos/swift/lib/AST/RequirementMachine/RequirementMachine.h,"(19, 10)-(19, 18)",b'#include <vector>\n'
swift,../repos/swift/lib/AST/Evaluator.cpp,"(27, 10)-(27, 18)",b'#include <vector>\n'
swift,../repos/swift/lib/AST/ASTScopeCreation.cpp,"(38, 10)-(38, 25)",b'#include <unordered_set>\n'
swift,../repos/swift/lib/AST/DocComment.cpp,"(28, 10)-(28, 17)",b'#include <queue>\n'
swift,../repos/swift/lib/AST/ASTPrinter.cpp,"(72, 10)-(72, 17)",b'#include <queue>\n'
swift,../repos/swift/lib/AST/ConformanceLookupTable.h,"(31, 10)-(31, 25)",b'#include <unordered_map>\n'
swift,../repos/swift/lib/AST/Availability.cpp,"(27, 10)-(27, 15)",b'#include <map>\n'
swift,../repos/swift/lib/Demangling/Punycode.cpp,"(16, 10)-(16, 18)",b'#include <vector>\n'
swift,../repos/swift/lib/Demangling/NodePrinter.cpp,"(24, 10)-(24, 18)",b'#include <vector>\n'
swift,../repos/swift/lib/Demangling/OldDemangler.cpp,"(28, 10)-(28, 18)",b'#include <vector>\n'
swift,../repos/swift/lib/Demangling/RemanglerBase.h,"(22, 10)-(22, 25)",b'#include <unordered_map>\n'
swift,../repos/swift/lib/Serialization/Serialization.h,"(28, 10)-(28, 17)",b'#include <array>\n'
swift,../repos/swift/lib/Serialization/Serialization.h,"(29, 10)-(29, 17)",b'#include <queue>\n'
swift,../repos/swift/lib/Serialization/SerializeDoc.cpp,"(34, 10)-(34, 18)",b'#include <vector>\n'
swift,../repos/swift/lib/Serialization/Serialization.cpp,"(75, 10)-(75, 18)",b'#include <vector>\n'
swift,../repos/swift/lib/IRGen/Temporary.h,"(22, 10)-(22, 18)",b'#include <vector>\n'
swift,../repos/swift/lib/IRGen/EnumPayload.cpp,"(20, 10)-(20, 15)",b'#include <map>\n'
swift,../repos/swift/lib/IRGen/TypeLayoutDumper.cpp,"(40, 10)-(40, 18)",b'#include <vector>\n'
swift,../repos/swift/lib/SILGen/SILGenConstructor.cpp,"(33, 10)-(33, 15)",b'#include <map>\n'
swift,../repos/swift/lib/SILGen/SILGen.h,"(26, 10)-(26, 17)",b'#include <deque>\n'
swift,../repos/swift/lib/Localization/LocalizationFormat.cpp,"(28, 10)-(28, 15)",b'#include <map>\n'
swift,../repos/swift/lib/ClangImporter/ImporterImpl.h,"(55, 10)-(55, 15)",b'#include <set>\n'
swift,../repos/swift/lib/ClangImporter/ImporterImpl.h,"(56, 10)-(56, 25)",b'#include <unordered_set>\n'
swift,../repos/swift/lib/ClangImporter/ImporterImpl.h,"(57, 10)-(57, 25)",b'#include <unordered_map>\n'
swift,../repos/swift/lib/ClangImporter/ImporterImpl.h,"(58, 10)-(58, 18)",b'#include <vector>\n'
swift,../repos/swift/lib/Sema/PlaygroundTransform.cpp,"(29, 10)-(29, 24)",b'#include <forward_list>\n'
swift,../repos/swift/lib/Sema/TypeCheckSwitchStmt.cpp,"(27, 10)-(27, 24)",b'#include <forward_list>\n'
swift,../repos/swift/lib/Sema/LookupVisibleDecls.cpp,"(40, 10)-(40, 15)",b'#include <set>\n'
swift,../repos/swift/lib/Sema/TypeCheckConstraints.cpp,"(43, 10)-(43, 15)",b'#include <map>\n'
swift,../repos/swift/lib/Sema/BuilderTransform.cpp,"(34, 10)-(34, 15)",b'#include <map>\n'
swift,../repos/swift/lib/Frontend/ArgsToFrontendOptionsConverter.h,"(22, 10)-(22, 18)",b'#include <vector>\n'
swift,../repos/swift/lib/Frontend/ArgsToFrontendInputsConverter.h,"(21, 10)-(21, 15)",b'#include <set>\n'
swift,../repos/swift/lib/Frontend/ArgsToFrontendOutputsConverter.h,"(24, 10)-(24, 18)",b'#include <vector>\n'
swift,../repos/swift/lib/SIL/IR/SILPrinter.cpp,"(58, 10)-(58, 15)",b'#include <set>\n'
swift,../repos/swift/lib/SIL/IR/SILDebugInfoExpression.cpp,"(20, 10)-(20, 25)",b'#include <unordered_map>\n'
swift,../repos/swift/lib/SILOptimizer/Transforms/SILMem2Reg.cpp,"(54, 10)-(54, 17)",b'#include <queue>\n'
swift,../repos/swift/lib/SILOptimizer/Utils/InstOptUtils.cpp,"(46, 10)-(46, 17)",b'#include <deque>\n'
swift,../repos/swift/lib/SILOptimizer/Utils/CastOptimizer.cpp,"(44, 10)-(44, 17)",b'#include <deque>\n'
swift,../repos/swift/lib/IDE/SyntaxModel.cpp,"(34, 10)-(34, 18)",b'#include <vector>\n'
swift,../repos/swift/lib/IDE/ModuleInterfacePrinting.cpp,"(40, 10)-(40, 17)",b'#include <queue>\n'
swift,../repos/swift/lib/IDE/ModuleInterfacePrinting.cpp,"(43, 10)-(43, 18)",b'#include <vector>\n'
swift,../repos/swift/lib/DependencyScan/StringUtils.cpp,"(15, 10)-(15, 18)",b'#include <vector>\n'
swift,../repos/swift/lib/DependencyScan/ModuleDependencyCacheSerialization.cpp,"(20, 10)-(20, 25)",b'#include <unordered_map>\n'
swift,../repos/swift/lib/DependencyScan/ScanDependencies.cpp,"(63, 10)-(63, 15)",b'#include <set>\n'
swift,../repos/swift/lib/Basic/Version.cpp,"(25, 10)-(25, 18)",b'#include <vector>\n'
swift,../repos/swift/lib/ConstExtract/ConstExtract.cpp,"(32, 10)-(32, 15)",b'#include <set>\n'
swift,../repos/swift/lib/Migrator/Diff.h,"(27, 10)-(27, 16)",b'#include <list>\n'
swift,../repos/swift/lib/Migrator/Diff.h,"(28, 10)-(28, 15)",b'#include <map>\n'
swift,../repos/swift/lib/Migrator/Diff.h,"(30, 10)-(30, 18)",b'#include <vector>\n'
swift,../repos/swift/lib/SymbolGraphGen/Symbol.cpp,"(33, 10)-(33, 17)",b'#include <queue>\n'
swift,../repos/swift/lib/SymbolGraphGen/Edge.cpp,"(18, 10)-(18, 17)",b'#include <queue>\n'
swift,../repos/swift/include/swift/Driver/Compilation.h,"(33, 10)-(33, 18)",b'#include <vector>\n'
swift,../repos/swift/include/swift/AST/ASTContext.h,"(52, 10)-(52, 18)",b'#include <vector>\n'
swift,../repos/swift/include/swift/AST/Decl.h,"(56, 10)-(56, 15)",b'#include <map>\n'
swift,../repos/swift/include/swift/AST/EvaluatorDependencies.h,"(27, 10)-(27, 18)",b'#include <vector>\n'
swift,../repos/swift/include/swift/AST/PluginRegistry.h,"(24, 10)-(24, 18)",b'#include <vector>\n'
swift,../repos/swift/include/swift/AST/DiagnosticSuppression.h,"(21, 10)-(21, 18)",b'#include <vector>\n'
swift,../repos/swift/include/swift/AST/SearchPathOptions.h,"(28, 10)-(28, 18)",b'#include <vector>\n'
swift,../repos/swift/include/swift/AST/AccessNotes.h,"(28, 10)-(28, 15)",b'#include <set>\n'
swift,../repos/swift/include/swift/AST/AccessNotes.h,"(30, 10)-(30, 18)",b'#include <vector>\n'
swift,../repos/swift/include/swift/AST/ConstTypeInfo.h,"(20, 10)-(20, 18)",b'#include <vector>\n'
swift,../repos/swift/include/swift/AST/FineGrainedDependencies.h,"(34, 10)-(34, 25)",b'#include <unordered_map>\n'
swift,../repos/swift/include/swift/AST/FineGrainedDependencies.h,"(35, 10)-(35, 25)",b'#include <unordered_set>\n'
swift,../repos/swift/include/swift/AST/FineGrainedDependencies.h,"(36, 10)-(36, 18)",b'#include <vector>\n'
swift,../repos/swift/include/swift/AST/IRGenOptions.h,"(35, 10)-(35, 18)",b'#include <vector>\n'
swift,../repos/swift/include/swift/AST/ModuleDependencies.h,"(42, 10)-(42, 25)",b'#include <unordered_map>\n'
swift,../repos/swift/include/swift/AST/ModuleDependencies.h,"(43, 10)-(43, 25)",b'#include <unordered_set>\n'
swift,../repos/swift/include/swift/AST/ModuleDependencies.h,"(44, 10)-(44, 18)",b'#include <vector>\n'
swift,../repos/swift/include/swift/AST/Module.h,"(41, 10)-(41, 15)",b'#include <set>\n'
swift,../repos/swift/include/swift/AST/Evaluator.h,"(35, 10)-(35, 18)",b'#include <vector>\n'
swift,../repos/swift/include/swift/AST/PrintOptions.h,"(24, 10)-(24, 18)",b'#include <vector>\n'
swift,../repos/swift/include/swift/Immediate/Immediate.h,"(23, 10)-(23, 18)",b'#include <vector>\n'
swift,../repos/swift/include/swift/RemoteInspection/RuntimeHeaders/llvm/TargetParser/SubtargetFeature.h,"(24, 10)-(24, 17)",b'#include <array>\n'
swift,../repos/swift/include/swift/RemoteInspection/RuntimeHeaders/llvm/TargetParser/SubtargetFeature.h,"(27, 10)-(27, 18)",b'#include <vector>\n'
swift,../repos/swift/include/swift/RemoteInspection/RuntimeHeaders/llvm/Support/Error.h,"(37, 10)-(37, 18)",b'#include <vector>\n'
swift,../repos/swift/include/swift/RemoteInspection/ReflectionContext.h,"(42, 10)-(42, 15)",b'#include <set>\n'
swift,../repos/swift/include/swift/RemoteInspection/ReflectionContext.h,"(44, 10)-(44, 18)",b'#include <vector>\n'
swift,../repos/swift/include/swift/RemoteInspection/TypeRefBuilder.h,"(34, 10)-(34, 25)",b'#include <unordered_map>\n'
swift,../repos/swift/include/swift/RemoteInspection/TypeRefBuilder.h,"(35, 10)-(35, 18)",b'#include <vector>\n'
swift,../repos/swift/include/swift/Demangling/Punycode.h,"(32, 10)-(32, 18)",b'#include <vector>\n'
swift,../repos/swift/include/swift/Demangling/TypeDecoder.h,"(39, 10)-(39, 18)",b'#include <vector>\n'
swift,../repos/swift/include/swift/Serialization/SerializationOptions.h,"(21, 10)-(21, 15)",b'#include <set>\n'
swift,../repos/swift/include/swift/Serialization/SerializationOptions.h,"(23, 10)-(23, 18)",b'#include <vector>\n'
swift,../repos/swift/include/swift/Serialization/SerializedSILLoader.h,"(24, 10)-(24, 18)",b'#include <vector>\n'
swift,../repos/swift/include/swift/Markup/SourceLoc.h,"(21, 10)-(21, 18)",b'#include <vector>\n'
swift,../repos/swift/include/swift/IRGen/TBDGen.h,"(18, 10)-(18, 18)",b'#include <vector>\n'
swift,../repos/swift/include/swift/Localization/LocalizationFormat.h,"(36, 10)-(36, 18)",b'#include <vector>\n'
swift,../repos/swift/include/swift/Frontend/FrontendInputsAndOutputs.h,"(23, 10)-(23, 18)",b'#include <vector>\n'
swift,../repos/swift/include/swift/Frontend/FrontendOptions.h,"(27, 10)-(27, 15)",b'#include <set>\n'
swift,../repos/swift/include/swift/Frontend/FrontendOptions.h,"(29, 10)-(29, 18)",b'#include <vector>\n'
swift,../repos/swift/include/swift/SIL/PostOrder.h,"(24, 10)-(24, 18)",b'#include <vector>\n'
swift,../repos/swift/include/swift/SIL/SILInstruction.h,"(52, 10)-(52, 17)",b'#include <array>\n'
swift,../repos/swift/include/swift/SIL/BasicBlockDatastructures.h,"(22, 10)-(22, 17)",b'#include <deque>\n'
swift,../repos/swift/include/swift/Runtime/Concurrent.h,"(24, 10)-(24, 18)",b'#include <vector>\n'
swift,../repos/swift/include/swift/APIDigester/ModuleDiagsConsumer.h,"(27, 10)-(27, 15)",b'#include <set>\n'
swift,../repos/swift/include/swift/SILOptimizer/PassManager/PassPipeline.h,"(31, 10)-(31, 18)",b'#include <vector>\n'
swift,../repos/swift/include/swift/SILOptimizer/PassManager/PassManager.h,"(26, 10)-(26, 18)",b'#include <vector>\n'
swift,../repos/swift/include/swift/IDE/ModuleInterfacePrinting.h,"(22, 10)-(22, 18)",b'#include <vector>\n'
swift,../repos/swift/include/swift/IDE/Utils.h,"(32, 10)-(32, 18)",b'#include <vector>\n'
swift,../repos/swift/include/swift/IDE/REPLCodeCompletion.h,"(29, 10)-(29, 18)",b'#include <vector>\n'
swift,../repos/swift/include/swift/IDE/SyntaxModel.h,"(20, 10)-(20, 18)",b'#include <vector>\n'
swift,../repos/swift/include/swift/IDE/IDEBridging.h,"(22, 10)-(22, 18)",b'#include <vector>\n'
swift,../repos/swift/include/swift/DependencyScan/StringUtils.h,"(17, 10)-(17, 18)",b'#include <vector>\n'
swift,../repos/swift/include/swift/Basic/LangOptions.h,"(42, 10)-(42, 18)",b'#include <vector>\n'
swift,../repos/swift/include/swift/Basic/TaskQueue.h,"(24, 10)-(24, 17)",b'#include <queue>\n'
swift,../repos/swift/include/swift/Basic/STLExtras.h,"(30, 10)-(30, 25)",b'#include <unordered_set>\n'
swift,../repos/swift/include/swift/Basic/BlotMapVector.h,"(20, 10)-(20, 18)",b'#include <vector>\n'
swift,../repos/swift/include/swift/Basic/SourceManager.h,"(24, 10)-(24, 15)",b'#include <map>\n'
swift,../repos/swift/include/swift/Basic/SourceManager.h,"(25, 10)-(25, 18)",b'#include <vector>\n'
swift,../repos/swift/include/swift/Basic/FrozenMultiMap.h,"(42, 10)-(42, 18)",b'#include <vector>\n'
swift,../repos/swift/include/swift/Basic/BlotSetVector.h,"(20, 10)-(20, 18)",b'#include <vector>\n'
swift,../repos/swift/include/swift/Basic/StableHasher.h,"(31, 10)-(31, 18)",b'#include <vector>\n'
swift,../repos/swift/include/swift/Basic/UUID.h,"(25, 10)-(25, 17)",b'#include <array>\n'
swift,../repos/swift/include/swift/Basic/BasicBridging.h,"(40, 10)-(40, 18)",b'#include <vector>\n'
swift,../repos/swift/include/swift/Basic/JSONSerialization.h,"(32, 10)-(32, 15)",b'#include <map>\n'
swift,../repos/swift/include/swift/Basic/JSONSerialization.h,"(33, 10)-(33, 18)",b'#include <vector>\n'
swift,../repos/swift/include/swift/Basic/Version.h,"(28, 10)-(28, 17)",b'#include <array>\n'
swift,../repos/swift/include/swift/Basic/TypeID.h,"(30, 10)-(30, 18)",b'#include <vector>\n'
swift,../repos/swift/include/swift/ConstExtract/ConstExtract.h,"(19, 10)-(19, 25)",b'#include <unordered_set>\n'
swift,../repos/swift/include/swift/ConstExtract/ConstExtract.h,"(20, 10)-(20, 18)",b'#include <vector>\n'
swift,../repos/swift/include/swift/Remote/MetadataReader.h,"(36, 10)-(36, 18)",b'#include <vector>\n'
swift,../repos/swift/utils/test-prefix-map/main.cpp,"(4, 10)-(4, 15)",b'#include <map>\n'
swift,../repos/swift/utils/test-successor-map/main.cpp,"(3, 10)-(3, 15)",b'#include <map>\n'
swift,../repos/swift/utils/test-list-merger/TestListMerger.cpp,"(4, 10)-(4, 18)",b'#include <vector>\n'
swift,../repos/swift/utils/test-clustered-bit-vector/generator.cpp,"(5, 10)-(5, 18)",b'#include <vector>\n'
swift,../repos/swift/tools/SourceKit/lib/SwiftLang/CodeCompletionOrganizer.cpp,"(26, 10)-(26, 17)",b'#include <deque>\n'
swift,../repos/swift/tools/SourceKit/lib/SwiftLang/SwiftLangSupport.h,"(37, 10)-(37, 15)",b'#include <map>\n'
swift,../repos/swift/tools/SourceKit/lib/SwiftLang/SwiftInvocation.h,"(18, 10)-(18, 18)",b'#include <vector>\n'
swift,../repos/swift/tools/SourceKit/lib/Support/UIDRegistry.cpp,"(19, 10)-(19, 18)",b'#include <vector>\n'
swift,../repos/swift/tools/SourceKit/include/SourceKit/Support/Tracing.h,"(23, 10)-(23, 18)",b'#include <vector>\n'
swift,../repos/swift/tools/SourceKit/include/SourceKit/Core/Context.h,"(23, 10)-(23, 15)",b'#include <map>\n'
swift,../repos/swift/tools/SourceKit/include/SourceKit/Core/LangSupport.h,"(31, 10)-(31, 25)",b'#include <unordered_set>\n'
swift,../repos/swift/tools/SourceKit/include/SourceKit/Core/NotificationCenter.h,"(21, 10)-(21, 18)",b'#include <vector>\n'
swift,../repos/swift/tools/SourceKit/tools/sourcekitd/lib/API/sourcekitdAPI-InProc.cpp,"(34, 10)-(34, 15)",b'#include <map>\n'
swift,../repos/swift/tools/SourceKit/tools/sourcekitd/lib/API/sourcekitdAPI-XPC.cpp,"(27, 10)-(27, 18)",b'#include <vector>\n'
swift,../repos/swift/tools/SourceKit/tools/sourcekitd/include/sourcekitd/RequestResponsePrinterBase.h,"(19, 10)-(19, 18)",b'#include <vector>\n'
swift,../repos/swift/tools/swift-inspect/Sources/SwiftInspectClient/SwiftInspectClient.cpp,"(22, 10)-(22, 18)",b'#include <vector>\n'
swift,../repos/swift/tools/swift-stdlib-tool/swift-stdlib-tool.cpp,"(90, 10)-(90, 25)",b'#include <unordered_map>\n'
swift,../repos/swift/tools/swift-stdlib-tool/swift-stdlib-tool.cpp,"(91, 10)-(91, 25)",b'#include <unordered_set>\n'
swift,../repos/swift/tools/swift-stdlib-tool/swift-stdlib-tool.cpp,"(92, 10)-(92, 18)",b'#include <vector>\n'
swift,../repos/swift/stdlib/public/runtime/BytecodeLayouts.h,"(23, 10)-(23, 18)",b'#include <vector>\n'
swift,../repos/swift/stdlib/public/runtime/MetadataLookup.cpp,"(44, 10)-(44, 16)",b'#include <list>\n'
swift,../repos/swift/stdlib/public/runtime/MetadataLookup.cpp,"(46, 10)-(46, 18)",b'#include <vector>\n'
swift,../repos/swift/stdlib/public/runtime/ProtocolConformance.cpp,"(36, 10)-(36, 18)",b'#include <vector>\n'
swift,../repos/swift/stdlib/public/runtime/Metadata.cpp,"(48, 10)-(48, 25)",b'#include <unordered_set>\n'
swift,../repos/swift/stdlib/public/runtime/Metadata.cpp,"(49, 10)-(49, 18)",b'#include <vector>\n'
swift,../repos/swift/stdlib/public/runtime/Demangle.cpp,"(20, 10)-(20, 18)",b'#include <vector>\n'
swift,../repos/swift/stdlib/public/Concurrency/Task.cpp,"(40, 10)-(40, 25)",b'#include <unordered_set>\n'
swift,../repos/swift/stdlib/public/Concurrency/TaskLocal.cpp,"(25, 10)-(25, 15)",b'#include <set>\n'
swift,../repos/swift/stdlib/include/llvm/ADT/ArrayRef.h,"(18, 10)-(18, 17)",b'#include <array>\n'
swift,../repos/swift/stdlib/include/llvm/ADT/ArrayRef.h,"(25, 10)-(25, 18)",b'#include <vector>\n'
swift,../repos/swift/stdlib/toolchain/Compatibility56/Concurrency/TaskLocal.cpp,"(32, 10)-(32, 15)",b'#include <set>\n'
swift,../repos/swift/stdlib/toolchain/Compatibility56/include/Concurrency/Task.h,"(30, 10)-(30, 17)",b'#include <queue> // TODO: remove and replace ...'
