Repo name,File name,Location,Content
swift,../repos/swift/lib/FrontendTool/FrontendTool.cpp,"(2165, 25)-(2165, 54)",b'decltype(&diagnoseFatalError)'
swift,../repos/swift/lib/AST/RequirementMachine/RewriteLoop.h,"(400, 3)-(400, 18)",b'decltype(Steps)'
swift,../repos/swift/lib/AST/RequirementMachine/RewriteLoop.h,"(404, 3)-(404, 18)",b'decltype(Steps)'
swift,../repos/swift/lib/AST/FineGrainedDependencyFormat.cpp,"(318, 25)-(318, 44)",b'decltype(AbbrCodes)'
swift,../repos/swift/lib/AST/FineGrainedDependencyFormat.cpp,"(471, 3)-(471, 26)",b'decltype(IdentifierIDs)'
swift,../repos/swift/lib/AST/Module.cpp,"(154, 5)-(154, 22)",b'decltype(Members)'
swift,../repos/swift/lib/AST/Module.cpp,"(155, 5)-(155, 22)",b'decltype(Members)'
swift,../repos/swift/lib/AST/Module.cpp,"(156, 5)-(156, 22)",b'decltype(Members)'
swift,../repos/swift/lib/AST/ASTWalker.cpp,"(83, 5)-(83, 32)",b'decltype(ASTWalker::Parent)'
swift,../repos/swift/lib/AST/Builtins.cpp,"(1291, 15)-(1291, 36)",b'decltype(fnResultGen)'
swift,../repos/swift/lib/AST/Builtins.cpp,"(1355, 15)-(1355, 42)",b'decltype(linearFnResultGen)'
swift,../repos/swift/lib/Serialization/ModuleFile.h,"(179, 26)-(179, 68)",b'decltype(DeclTypeCursor.GetCurrentBitNo())'
swift,../repos/swift/lib/Serialization/SerializeSIL.cpp,"(246, 27)-(246, 49)",b'decltype(SILAbbrCodes)'
swift,../repos/swift/lib/Serialization/SerializeSIL.cpp,"(632, 34)-(632, 71)",b'decltype(SA->getType().getCategory())'
swift,../repos/swift/lib/Serialization/SerializeSIL.cpp,"(638, 53)-(639, 59)",b'decltype(\n                                   ...'
swift,../repos/swift/lib/Serialization/Serialization.h,"(387, 25)-(387, 52)",b'decltype(DeclTypeAbbrCodes)'
swift,../repos/swift/lib/Serialization/Serialization.cpp,"(712, 3)-(712, 29)",b'decltype(UniquedStringIDs)'
swift,../repos/swift/lib/Serialization/BCReadingExtras.h,"(24, 3)-(24, 38)",b'decltype(Cursor->GetCurrentBitNo())'
swift,../repos/swift/lib/PrintAsClang/ModuleContentsWriter.cpp,"(59, 33)-(59, 51)",b'decltype(Callback)'
swift,../repos/swift/lib/PrintAsClang/ModuleContentsWriter.cpp,"(114, 29)-(114, 47)",b'decltype(Callback)'
swift,../repos/swift/lib/PrintAsClang/DeclAndTypePrinter.cpp,"(2692, 5)-(2692, 45)",b'decltype(PrinterImpl::openFunctionTypes)'
swift,../repos/swift/lib/PrintAsClang/PrintClangFunction.cpp,"(346, 5)-(346, 32)",b'decltype(modifiersDelegate)'
swift,../repos/swift/lib/PrintAsClang/PrintClangFunction.cpp,"(347, 26)-(347, 53)",b'decltype(modifiersDelegate)'
swift,../repos/swift/lib/PrintAsClang/_SwiftStdlibCxxOverlay.h,"(74, 21)-(74, 48)",b'decltype(u.getStartIndex())'
swift,../repos/swift/lib/PrintAsClang/_SwiftStdlibCxxOverlay.h,"(93, 7)-(93, 71)",b'decltype(reinterpret_cast<Collection *>(0x123...'
swift,../repos/swift/lib/IRGen/GenPointerAuth.h,"(118, 17)-(118, 34)",b'decltype(Storage)'
swift,../repos/swift/lib/IRGen/Fulfillment.h,"(85, 20)-(85, 42)",b'decltype(Fulfillments)'
swift,../repos/swift/lib/SILGen/SILGenApply.cpp,"(2989, 23)-(2989, 44)",b'decltype(delayedArgs)'
swift,../repos/swift/lib/SILGen/SILGenApply.cpp,"(2990, 21)-(2990, 35)",b'decltype(args)'
swift,../repos/swift/lib/SILGen/FormalEvaluation.h,"(117, 27)-(117, 42)",b'decltype(stack)'
swift,../repos/swift/lib/SILGen/FormalEvaluation.h,"(118, 20)-(118, 35)",b'decltype(stack)'
swift,../repos/swift/lib/SILGen/Conversion.h,"(103, 17)-(103, 32)",b'decltype(Types)'
swift,../repos/swift/lib/Parse/ParseStmt.cpp,"(1213, 26)-(1213, 54)",b'decltype(P.InBindingPattern)'
swift,../repos/swift/lib/Parse/ParseStmt.cpp,"(1707, 26)-(1707, 52)",b'decltype(InBindingPattern)'
swift,../repos/swift/lib/Parse/ParseStmt.cpp,"(1729, 26)-(1729, 52)",b'decltype(InBindingPattern)'
swift,../repos/swift/lib/Parse/ParseStmt.cpp,"(2378, 26)-(2378, 52)",b'decltype(InBindingPattern)'
swift,../repos/swift/lib/Parse/ParseDecl.cpp,"(491, 41)-(491, 63)",b'decltype(ArgumentKind)'
swift,../repos/swift/lib/Parse/ParseDecl.cpp,"(8292, 28)-(8292, 54)",b'decltype(InBindingPattern)'
swift,../repos/swift/lib/Parse/ParseDecl.cpp,"(8984, 30)-(8984, 56)",b'decltype(InBindingPattern)'
swift,../repos/swift/lib/Parse/ParsePattern.cpp,"(189, 7)-(189, 49)",b'decltype(diag::enum_element_empty_arglist)'
swift,../repos/swift/lib/Parse/ParsePattern.cpp,"(1166, 26)-(1166, 52)",b'decltype(InBindingPattern)'
swift,../repos/swift/lib/Parse/ParsePattern.cpp,"(1391, 24)-(1391, 50)",b'decltype(InBindingPattern)'
swift,../repos/swift/lib/Parse/Parser.cpp,"(63, 19)-(63, 36)",b'decltype(TokComp)'
swift,../repos/swift/lib/Parse/ParseExpr.cpp,"(2960, 24)-(2960, 50)",b'decltype(InBindingPattern)'
swift,../repos/swift/lib/ClangImporter/ClangDiagnosticConsumer.cpp,"(37, 23)-(37, 41)",b'decltype(callback)'
swift,../repos/swift/lib/ClangImporter/ClangDiagnosticConsumer.cpp,"(145, 5)-(145, 37)",b'decltype(diag::error_from_clang)'
swift,../repos/swift/lib/Sema/TypeCheckType.cpp,"(4450, 5)-(4450, 44)",b'decltype(diag::attr_only_on_parameters)'
swift,../repos/swift/lib/Sema/TypeCheckType.cpp,"(4585, 5)-(4585, 44)",b'decltype(diag::attr_only_on_parameters)'
swift,../repos/swift/lib/Sema/CSGen.cpp,"(2117, 26)-(2117, 44)",b'decltype(elements)'
swift,../repos/swift/lib/Sema/TypeCheckPattern.cpp,"(181, 25)-(181, 45)",b'decltype(components)'
swift,../repos/swift/lib/Sema/TypeCheckDecl.cpp,"(2985, 3)-(2985, 17)",b'decltype(elts)'
swift,../repos/swift/lib/Sema/TypeCheckDecl.cpp,"(2990, 3)-(2990, 17)",b'decltype(elts)'
swift,../repos/swift/lib/Sema/TypeCheckSwitchStmt.cpp,"(1127, 22)-(1127, 59)",b'decltype(diag::non_exhaustive_switch)'
swift,../repos/swift/lib/Sema/PreCheckExpr.cpp,"(949, 23)-(949, 68)",b'decltype(((E*)nullptr)->getFunctionRefKind())'
swift,../repos/swift/lib/Sema/TypeCheckProtocolInference.cpp,"(1700, 30)-(1700, 53)",b'decltype(typeWitnesses)'
swift,../repos/swift/lib/Sema/TypeCheckConcurrency.h,"(461, 22)-(461, 40)",b'decltype(diagArgs)'
swift,../repos/swift/lib/Sema/TypeCheckProtocol.cpp,"(2184, 22)-(2184, 78)",b'decltype(diag::cf_class_cannot_conform_to_obj...'
swift,../repos/swift/lib/Sema/TypeCheckProtocol.cpp,"(4805, 3)-(4805, 57)",b'decltype(&ConformanceChecker::resolveWitnessV...'
swift,../repos/swift/lib/SIL/IR/SILProfiler.cpp,"(1216, 5)-(1216, 32)",b'decltype(ASTWalker::Parent)'
swift,../repos/swift/lib/SIL/Verifier/SILVerifier.cpp,"(5053, 24)-(5053, 37)",b'decltype(ult)'
swift,../repos/swift/lib/SILOptimizer/Mandatory/PredictableMemOpt.cpp,"(286, 24)-(286, 49)",b'decltype(InsertionPoints)'
swift,../repos/swift/lib/SILOptimizer/Transforms/SILCodeMotion.cpp,"(140, 20)-(140, 44)",b'decltype(ValueToCaseMap)'
swift,../repos/swift/lib/SILOptimizer/ARC/ARCRegionState.h,"(140, 7)-(140, 43)",b'decltype(SummarizedInterestingInsts)'
swift,../repos/swift/lib/SILOptimizer/ARC/ARCRegionState.h,"(151, 7)-(151, 43)",b'decltype(SummarizedInterestingInsts)'
swift,../repos/swift/lib/SILOptimizer/ARC/RCStateTransition.h,"(124, 42)-(124, 60)",b'decltype(Mutators)'
swift,../repos/swift/lib/SILOptimizer/SemanticARC/Context.h,"(118, 7)-(118, 56)",b'decltype(joinedOwnedIntroducerToConsumedOperands)'
swift,../repos/swift/lib/IDE/SyntaxModel.cpp,"(1194, 15)-(1194, 33)",b'decltype(passNode)'
swift,../repos/swift/lib/DependencyScan/ModuleDependencyCacheSerialization.cpp,"(812, 25)-(812, 44)",b'decltype(AbbrCodes)'
swift,../repos/swift/lib/DependencyScan/ModuleDependencyCacheSerialization.cpp,"(1055, 3)-(1055, 26)",b'decltype(IdentifierIDs)'
swift,../repos/swift/lib/Basic/Program.cpp,"(199, 47)-(199, 69)",b'decltype(&CloseHandle)'
swift,../repos/swift/lib/Migrator/Migrator.cpp,"(300, 12)-(300, 25)",b'decltype(DMP)'
swift,../repos/swift/lib/Migrator/Migrator.cpp,"(303, 12)-(303, 25)",b'decltype(DMP)'
swift,../repos/swift/lib/Migrator/Migrator.cpp,"(306, 12)-(306, 25)",b'decltype(DMP)'
swift,../repos/swift/include/swift/Driver/ToolChain.h,"(134, 20)-(134, 46)",b'decltype(ExtraEnvironment)'
swift,../repos/swift/include/swift/AST/Type.h,"(220, 3)-(220, 22)",b'decltype(Covariant)'
swift,../repos/swift/include/swift/AST/Type.h,"(223, 16)-(223, 30)",b'decltype(kind)'
swift,../repos/swift/include/swift/AST/Type.h,"(238, 12)-(238, 26)",b'decltype(kind)'
swift,../repos/swift/include/swift/AST/SimpleRequest.h,"(94, 24)-(94, 71)",b'decltype(extractNearestSourceLoc(*(T*)nullptr))'
swift,../repos/swift/include/swift/AST/InFlightSubstitution.h,"(128, 10)-(128, 42)",b'decltype(std::forward<Fn>(fn)())'
swift,../repos/swift/include/swift/AST/Decl.h,"(2607, 45)-(2607, 78)",b'decltype(TypePosition::Covariant)'
swift,../repos/swift/include/swift/AST/Decl.h,"(4255, 10)-(4255, 50)",b'decltype(getAttrs().getSemanticsAttrs())'
swift,../repos/swift/include/swift/AST/Decl.h,"(6386, 10)-(6386, 61)",b'decltype(getAttrs().getAttributes<SemanticsAt...'
swift,../repos/swift/include/swift/AST/Import.h,"(753, 31)-(753, 45)",b'decltype(pair)'
swift,../repos/swift/include/swift/AST/RequestCache.h,"(40, 12)-(40, 57)",b'decltype(llvm::DenseMapInfo<Ts>::getEmptyKey)'
swift,../repos/swift/include/swift/AST/ClangNode.h,"(107, 13)-(107, 26)",b'decltype(Ptr)'
swift,../repos/swift/include/swift/AST/OperatorNameLookup.h,"(69, 35)-(69, 52)",b'decltype(Results)'
swift,../repos/swift/include/swift/AST/Attr.h,"(2805, 10)-(2805, 50)",b'decltype(getAttributes<SemanticsAttr>())'
swift,../repos/swift/include/swift/AST/Stmt.h,"(580, 21)-(580, 40)",b'decltype(Condition)'
swift,../repos/swift/include/swift/AST/ASTNode.h,"(78, 20)-(78, 40)",b'decltype(result.Val)'
swift,../repos/swift/include/swift/AST/Identifier.h,"(467, 26)-(467, 54)",b'decltype(BaseNameOrCompound)'
swift,../repos/swift/include/swift/AST/AnyFunctionRef.h,"(38, 18)-(38, 39)",b'decltype(TheFunction)'
swift,../repos/swift/include/swift/AST/AnyFunctionRef.h,"(331, 24)-(331, 68)",b'decltype(swift::AnyFunctionRef::TheFunction)'
swift,../repos/swift/include/swift/AST/FineGrainedDependencies.h,"(246, 28)-(246, 42)",b'decltype(map1)'
swift,../repos/swift/include/swift/AST/FineGrainedDependencies.h,"(247, 28)-(247, 42)",b'decltype(map2)'
swift,../repos/swift/include/swift/AST/ASTDemangler.h,"(69, 21)-(69, 45)",b'decltype(ParameterPacks)'
swift,../repos/swift/include/swift/ABI/GenericContext.h,"(171, 52)-(171, 67)",b'decltype(*this)'
swift,../repos/swift/include/swift/ABI/GenericContext.h,"(177, 52)-(177, 67)",b'decltype(*this)'
swift,../repos/swift/include/swift/ABI/GenericContext.h,"(183, 52)-(183, 67)",b'decltype(*this)'
swift,../repos/swift/include/swift/ABI/Metadata.h,"(2772, 52)-(2772, 67)",b'decltype(*this)'
swift,../repos/swift/include/swift/ABI/Metadata.h,"(2777, 52)-(2777, 67)",b'decltype(*this)'
swift,../repos/swift/include/swift/ABI/Metadata.h,"(2952, 52)-(2952, 67)",b'decltype(*this)'
swift,../repos/swift/include/swift/ABI/Metadata.h,"(2991, 52)-(2991, 67)",b'decltype(*this)'
swift,../repos/swift/include/swift/ABI/Metadata.h,"(3215, 52)-(3215, 67)",b'decltype(*this)'
swift,../repos/swift/include/swift/ABI/Metadata.h,"(3893, 52)-(3893, 67)",b'decltype(*this)'
swift,../repos/swift/include/swift/Threading/ConditionVariable.h,"(122, 10)-(122, 68)",b'decltype(std::forward<CriticalSection>(critic...'
swift,../repos/swift/include/swift/Threading/Mutex.h,"(101, 10)-(101, 68)",b'decltype(std::forward<CriticalSection>(critic...'
swift,../repos/swift/include/swift/Threading/Mutex.h,"(164, 10)-(164, 68)",b'decltype(std::forward<CriticalSection>(critic...'
swift,../repos/swift/include/swift/Threading/Mutex.h,"(218, 10)-(218, 37)",b'decltype(criticalSection())'
swift,../repos/swift/include/swift/RemoteInspection/RuntimeHeaders/llvm/Support/Error.h,"(824, 11)-(824, 67)",b'decltype(&std::remove_reference_t<HandlerT>::...'
swift,../repos/swift/include/swift/RemoteInspection/RuntimeHeaders/llvm/Support/raw_ostream.h,"(759, 34)-(760, 72)",b'decltype(std::declval<raw_ostream &>()\n      ...'
swift,../repos/swift/include/swift/Sema/ConstraintSystem.h,"(3628, 30)-(3628, 46)",b'decltype(inputs)'
swift,../repos/swift/include/swift/SIL/FieldSensitivePrunedLiveness.h,"(1065, 40)-(1065, 59)",b'decltype(lastUsers)'
swift,../repos/swift/include/swift/SIL/FieldSensitivePrunedLiveness.h,"(1070, 44)-(1070, 67)",b'decltype(boundaryEdges)'
swift,../repos/swift/include/swift/SIL/FieldSensitivePrunedLiveness.h,"(1075, 39)-(1075, 57)",b'decltype(deadDefs)'
swift,../repos/swift/include/swift/SIL/SILDebugInfoExpression.h,"(168, 29)-(168, 47)",b'decltype(Elements)'
swift,../repos/swift/include/swift/SIL/SILDebugInfoExpression.h,"(169, 35)-(169, 53)",b'decltype(Elements)'
swift,../repos/swift/include/swift/SIL/Lifetime.h,"(43, 12)-(43, 27)",b'decltype(value)'
swift,../repos/swift/include/swift/SIL/PostOrder.h,"(40, 20)-(40, 39)",b'decltype(PostOrder)'
swift,../repos/swift/include/swift/SIL/PostOrder.h,"(41, 26)-(41, 45)",b'decltype(PostOrder)'
swift,../repos/swift/include/swift/SIL/PostOrder.h,"(42, 28)-(42, 47)",b'decltype(PostOrder)'
swift,../repos/swift/include/swift/SIL/PostOrder.h,"(43, 34)-(43, 53)",b'decltype(PostOrder)'
swift,../repos/swift/include/swift/SIL/SILInstruction.h,"(4485, 7)-(4485, 74)",b'decltype(std::declval<ValueBase>().getUsersOf...'
swift,../repos/swift/include/swift/SIL/SILInstruction.h,"(4519, 7)-(4519, 74)",b'decltype(std::declval<ValueBase>().getUsersOf...'
swift,../repos/swift/include/swift/SIL/SILInstruction.h,"(4577, 7)-(4577, 74)",b'decltype(std::declval<ValueBase>().getUsersOf...'
swift,../repos/swift/include/swift/SIL/SILInstruction.h,"(4749, 7)-(4749, 74)",b'decltype(std::declval<ValueBase>().getUsersOf...'
swift,../repos/swift/include/swift/SIL/SILValue.h,"(1665, 19)-(1665, 33)",b'decltype(auto)'
swift,../repos/swift/include/swift/SIL/Notifications.h,"(204, 7)-(204, 27)",b'decltype(handlerSet)'
swift,../repos/swift/include/swift/SIL/Notifications.h,"(205, 7)-(205, 77)",b'decltype(&DeserializationNotificationHandlerS...'
swift,../repos/swift/include/swift/SIL/SILArgumentConvention.h,"(41, 25)-(41, 40)",b'decltype(Value)'
swift,../repos/swift/include/swift/SIL/OptimizationRemark.h,"(300, 30)-(300, 55)",b'decltype(remarkBuilder())'
swift,../repos/swift/include/swift/SIL/OptimizationRemark.h,"(301, 21)-(301, 46)",b'decltype(remarkBuilder())'
swift,../repos/swift/include/swift/SIL/OptimizationRemark.h,"(314, 27)-(314, 52)",b'decltype(remarkBuilder())'
swift,../repos/swift/include/swift/SIL/OptimizationRemark.h,"(315, 21)-(315, 46)",b'decltype(remarkBuilder())'
swift,../repos/swift/include/swift/SILOptimizer/Analysis/LoopRegionAnalysis.h,"(662, 31)-(662, 46)",b'decltype(Preds)'
swift,../repos/swift/include/swift/SILOptimizer/Analysis/LoopRegionAnalysis.h,"(671, 31)-(671, 46)",b'decltype(Succs)'
swift,../repos/swift/include/swift/SILOptimizer/Analysis/LoopRegionAnalysis.h,"(678, 41)-(678, 56)",b'decltype(Succs)'
swift,../repos/swift/include/swift/SILOptimizer/Analysis/LoopRegionAnalysis.h,"(961, 20)-(961, 43)",b'decltype(IDToRegionMap)'
swift,../repos/swift/include/swift/SILOptimizer/Analysis/LoopRegionAnalysis.h,"(962, 26)-(962, 49)",b'decltype(IDToRegionMap)'
swift,../repos/swift/include/swift/SILOptimizer/Analysis/CallerAnalysis.h,"(251, 33)-(251, 55)",b'decltype(callerStates)'
swift,../repos/swift/include/swift/SILOptimizer/Analysis/CallerAnalysis.h,"(341, 10)-(341, 78)",b'decltype(llvm::make_range(callerStates.begin(...'
swift,../repos/swift/include/swift/SILOptimizer/Analysis/ARCAnalysis.h,"(160, 20)-(160, 49)",b'decltype(EpilogueRetainInsts)'
swift,../repos/swift/include/swift/SILOptimizer/Analysis/ARCAnalysis.h,"(161, 26)-(161, 55)",b'decltype(EpilogueRetainInsts)'
swift,../repos/swift/include/swift/SILOptimizer/Analysis/ARCAnalysis.h,"(167, 28)-(167, 57)",b'decltype(EpilogueRetainInsts)'
swift,../repos/swift/include/swift/SILOptimizer/Analysis/ARCAnalysis.h,"(168, 34)-(168, 63)",b'decltype(EpilogueRetainInsts)'
swift,../repos/swift/include/swift/SILOptimizer/PassManager/PassPipeline.h,"(112, 32)-(112, 47)",b'decltype(Kinds)'
swift,../repos/swift/include/swift/SILOptimizer/PassManager/PassPipeline.h,"(117, 28)-(117, 52)",b'decltype(PipelineStages)'
swift,../repos/swift/include/swift/SILOptimizer/Utils/InstModCallbacks.h,"(144, 12)-(144, 36)",b'decltype(deleteInstFunc)'
swift,../repos/swift/include/swift/SILOptimizer/Utils/InstModCallbacks.h,"(153, 19)-(153, 47)",b'decltype(createdNewInstFunc)'
swift,../repos/swift/include/swift/SILOptimizer/Utils/InstModCallbacks.h,"(161, 17)-(161, 42)",b'decltype(setUseValueFunc)'
swift,../repos/swift/include/swift/SILOptimizer/Utils/InstModCallbacks.h,"(171, 7)-(171, 40)",b'decltype(notifyWillBeDeletedFunc)'
swift,../repos/swift/include/swift/SILOptimizer/Utils/PartitionUtils.h,"(897, 5)-(897, 39)",b'decltype(regionToTransferredOpMap)'
swift,../repos/swift/include/swift/Basic/OptionSet.h,"(145, 50)-(145, 65)",b'decltype(t | t)'
swift,../repos/swift/include/swift/Basic/OptionSet.h,"(157, 31)-(157, 76)",b'decltype(_checkResultTypeOperatorOr(Flags()))'
swift,../repos/swift/include/swift/Basic/Range.h,"(206, 34)-(206, 68)",b'decltype(std::declval<T>().size())'
swift,../repos/swift/include/swift/Basic/Range.h,"(208, 19)-(208, 53)",b'decltype(std::declval<T>().size())'
swift,../repos/swift/include/swift/Basic/Range.h,"(224, 3)-(224, 49)","b'decltype(llvm::reverse(range(start+1, end+1)))'"
swift,../repos/swift/include/swift/Basic/ExternalUnion.h,"(309, 35)-(309, 50)",b'decltype(Union)'
swift,../repos/swift/include/swift/Basic/STLExtras.h,"(40, 42)-(40, 66)",b'decltype(&T::operator())'
swift,../repos/swift/include/swift/Basic/STLExtras.h,"(346, 38)-(346, 59)",b'decltype(Rng.begin())'
swift,../repos/swift/include/swift/Basic/STLExtras.h,"(358, 28)-(358, 50)",b'decltype(&Dummy::size)'
swift,../repos/swift/include/swift/Basic/STLExtras.h,"(485, 31)-(485, 70)",b'decltype(std::declval<Range>().begin())'
swift,../repos/swift/include/swift/Basic/STLExtras.h,"(531, 25)-(531, 62)",b'decltype(llvm::cast<Subclass>(value))'
swift,../repos/swift/include/swift/Basic/STLExtras.h,"(540, 25)-(540, 62)",b'decltype(llvm::cast<Subclass>(value))'
swift,../repos/swift/include/swift/Basic/STLExtras.h,"(791, 23)-(791, 50)",b'decltype(operation(*value))'
swift,../repos/swift/include/swift/Basic/Defer.h,"(28, 9)-(28, 61)",b'decltype(llvm::make_scope_exit(std::forward<F...'
swift,../repos/swift/include/swift/Basic/FrozenMultiMap.h,"(165, 36)-(165, 53)",b'decltype(storage)'
swift,../repos/swift/include/swift/Basic/StableHasher.h,"(165, 33)-(165, 74)","b'decltype(""Cannot hash-combine pointers!"")'"
swift,../repos/swift/include/swift/Basic/StableHasher.h,"(189, 13)-(189, 57)",b'decltype(StableHasher::Combiner<T>::combine)'
swift,../repos/swift/include/swift/Remote/MetadataReader.h,"(2996, 17)-(2996, 73)",b'decltype(T::needsToPrecomputeParentGenericCon...'
swift,../repos/swift/include/swift/Remote/MetadataReader.h,"(3015, 21)-(3015, 77)",b'decltype(T::needsToPrecomputeParentGenericCon...'
swift,../repos/swift/include/swift/Remote/Failure.h,"(80, 32)-(80, 50)",b'decltype(expected)'
swift,../repos/swift/include/swift/Remote/Failure.h,"(80, 52)-(80, 68)",b'decltype(actual)'
swift,../repos/swift/tools/SourceKit/lib/SwiftLang/CodeCompletionOrganizer.cpp,"(48, 26)-(48, 40)",b'decltype(kind)'
swift,../repos/swift/tools/SourceKit/tools/sourcekitd/lib/API/TokenAnnotationsArray.cpp,"(152, 36)-(152, 79)","b'decltype(Fn(nullptr, nullptr, 0, 0, false))'"
swift,../repos/swift/stdlib/public/runtime/ReflectionMirror.cpp,"(850, 26)-(850, 46)",b'decltype(f(nullptr))'
swift,../repos/swift/stdlib/public/runtime/GenericMetadataBuilder.cpp,"(100, 58)-(100, 73)",b'decltype(**ptr)'
swift,../repos/swift/stdlib/public/runtime/GenericMetadataBuilder.cpp,"(101, 45)-(101, 60)",b'decltype(**ptr)'
swift,../repos/swift/stdlib/public/runtime/GenericMetadataBuilder.cpp,"(172, 32)-(172, 47)",b'decltype(&**to)'
swift,../repos/swift/stdlib/public/Concurrency/Clock.cpp,"(80, 15)-(80, 58)",b'decltype(QueryUnbiasedInterruptTimePrecise)'
swift,../repos/swift/stdlib/public/SwiftShims/swift/shims/RefCount.h,"(1300, 8)-(1300, 22)",b'decltype(auto)'
swift,../repos/swift/stdlib/include/llvm/ADT/Optional.h,"(322, 19)-(322, 42)",b'decltype(F(getValue()))'
swift,../repos/swift/stdlib/include/llvm/ADT/Optional.h,"(340, 19)-(340, 59)",b'decltype(F(std::move(*this).getValue()))'
swift,../repos/swift/stdlib/include/llvm/ADT/Optional.h,"(503, 34)-(504, 72)",b'decltype(std::declval<raw_ostream &>()\n      ...'
swift,../repos/swift/stdlib/include/llvm/ADT/STLExtras.h,"(77, 21)-(77, 67)",b'decltype(std::begin(std::declval<RangeT &>()))'
swift,../repos/swift/stdlib/include/llvm/ADT/STLExtras.h,"(80, 53)-(81, 43)",b'decltype(\n    *std::begin(std::declval<RangeT...'
swift,../repos/swift/stdlib/include/llvm/ADT/STLExtras.h,"(123, 5)-(123, 66)",b'decltype(std::declval<Callable &>()(std::decl...'
swift,../repos/swift/stdlib/include/llvm/ADT/STLExtras.h,"(135, 49)-(135, 73)",b'decltype(&T::operator())'
swift,../repos/swift/stdlib/include/llvm/ADT/STLExtras.h,"(218, 44)-(219, 75)",b'decltype(std::declval<Callable>()(\n          ...'
swift,../repos/swift/stdlib/include/llvm/ADT/STLExtras.h,"(240, 1)-(240, 15)",b'decltype(auto)'
swift,../repos/swift/stdlib/include/llvm/ADT/STLExtras.h,"(247, 1)-(247, 15)",b'decltype(auto)'
swift,../repos/swift/stdlib/include/llvm/ADT/STLExtras.h,"(262, 1)-(262, 15)",b'decltype(auto)'
swift,../repos/swift/stdlib/include/llvm/ADT/STLExtras.h,"(267, 1)-(267, 15)",b'decltype(auto)'
swift,../repos/swift/stdlib/include/llvm/ADT/STLExtras.h,"(301, 13)-(301, 68)",b'decltype(std::declval<FuncTy>()(*std::declval...'
swift,../repos/swift/stdlib/include/llvm/ADT/STLExtras.h,"(337, 30)-(337, 51)",b'decltype(I->rbegin())'
swift,../repos/swift/stdlib/include/llvm/ADT/STLExtras.h,"(552, 3)-(552, 46)",b'decltype(*std::declval<WrappedIteratorT>())'
swift,../repos/swift/stdlib/include/llvm/ADT/STLExtras.h,"(601, 27)-(601, 54)",b'decltype(*declval<Iters>())'
swift,../repos/swift/stdlib/include/llvm/ADT/STLExtras.h,"(633, 3)-(633, 22)",b'decltype(iterators)'
swift,../repos/swift/stdlib/include/llvm/ADT/STLExtras.h,"(638, 3)-(638, 22)",b'decltype(iterators)'
swift,../repos/swift/stdlib/include/llvm/ADT/STLExtras.h,"(697, 27)-(697, 69)",b'decltype(std::begin(std::declval<Args>()))'
swift,../repos/swift/stdlib/include/llvm/ADT/STLExtras.h,"(754, 49)-(754, 61)",b'decltype(*I)'
swift,../repos/swift/stdlib/include/llvm/ADT/STLExtras.h,"(763, 11)-(763, 42)",b'decltype(*std::declval<Iter>())'
swift,../repos/swift/stdlib/include/llvm/ADT/STLExtras.h,"(804, 3)-(804, 22)",b'decltype(iterators)'
swift,../repos/swift/stdlib/include/llvm/ADT/STLExtras.h,"(833, 28)-(833, 69)",b'decltype(adl_begin(std::declval<Args>()))'
swift,../repos/swift/stdlib/include/llvm/ADT/STLExtras.h,"(994, 23)-(994, 70)",b'decltype(std::begin(std::declval<RangeTs &>()))'
swift,../repos/swift/stdlib/include/llvm/ADT/STLExtras.h,"(1251, 10)-(1251, 36)",b'decltype((*std::begin(c)))'
swift,../repos/swift/stdlib/include/llvm/ADT/STLExtras.h,"(1251, 45)-(1251, 66)",b'decltype((elt.first))'
swift,../repos/swift/stdlib/include/llvm/ADT/STLExtras.h,"(1260, 10)-(1260, 36)",b'decltype((*std::begin(c)))'
swift,../repos/swift/stdlib/include/llvm/ADT/STLExtras.h,"(1260, 45)-(1260, 67)",b'decltype((elt.second))'
swift,../repos/swift/stdlib/include/llvm/ADT/STLExtras.h,"(1292, 3)-(1292, 17)",b'decltype(auto)'
swift,../repos/swift/stdlib/include/llvm/ADT/STLExtras.h,"(1360, 11)-(1360, 25)",b'decltype(auto)'
swift,../repos/swift/stdlib/include/llvm/ADT/STLExtras.h,"(1528, 61)-(1529, 49)",b'decltype(\n                                  R...'
swift,../repos/swift/stdlib/include/llvm/ADT/STLExtras.h,"(1691, 26)-(1691, 65)",b'decltype(*adl_begin(std::declval<R>()))'
swift,../repos/swift/stdlib/include/llvm/ADT/STLExtras.h,"(1974, 1)-(1974, 15)",b'decltype(auto)'
swift,../repos/swift/stdlib/include/llvm/ADT/STLExtras.h,"(1984, 1)-(1984, 15)",b'decltype(auto)'
swift,../repos/swift/stdlib/include/llvm/ADT/STLExtras.h,"(1996, 42)-(1996, 75)",b'decltype(*std::declval<IterTy>())'
swift,../repos/swift/stdlib/include/llvm/ADT/STLExtras.h,"(2000, 18)-(2000, 51)",b'decltype(*std::declval<IterTy>())'
swift,../repos/swift/stdlib/include/llvm/ADT/STLExtras.h,"(2004, 30)-(2004, 45)",b'decltype(Begin)'
swift,../repos/swift/stdlib/include/llvm/ADT/STLExtras.h,"(2021, 42)-(2021, 75)",b'decltype(*std::declval<IterTy>())'
swift,../repos/swift/stdlib/include/llvm/ADT/STLExtras.h,"(2025, 18)-(2025, 51)",b'decltype(*std::declval<IterTy>())'
swift,../repos/swift/stdlib/include/llvm/ADT/STLExtras.h,"(2029, 30)-(2029, 45)",b'decltype(Begin)'
swift,../repos/swift/stdlib/include/llvm/ADT/STLExtras.h,"(2042, 42)-(2042, 75)",b'decltype(*std::declval<IterTy>())'
swift,../repos/swift/stdlib/include/llvm/ADT/STLExtras.h,"(2045, 39)-(2045, 72)",b'decltype(*std::declval<IterTy>())'
swift,../repos/swift/stdlib/include/llvm/ADT/SmallVector.h,"(1248, 17)-(1248, 59)",b'decltype(*std::begin(std::declval<R &>()))'
swift,../repos/swift/stdlib/include/llvm/ADT/PointerUnion.h,"(231, 13)-(231, 28)",b'decltype(V.Val)'
swift,../repos/swift/stdlib/include/llvm/ADT/PointerUnion.h,"(265, 68)-(266, 33)",b'decltype(\n      PointerUnion<PTs...>::Val)'
swift,../repos/swift/stdlib/include/llvm/ADT/iterator.h,"(295, 48)-(296, 50)",b'decltype(\n              **std::declval<Wrappe...'
swift,../repos/swift/stdlib/include/llvm/ADT/iterator.h,"(311, 32)-(311, 76)",b'decltype(std::begin(std::declval<RangeT>()))'
swift,../repos/swift/stdlib/include/llvm/ADT/iterator.h,"(320, 24)-(320, 68)",b'decltype(&*std::declval<WrappedIteratorT>())'
swift,../repos/swift/stdlib/include/llvm/ADT/iterator.h,"(339, 32)-(339, 76)",b'decltype(std::begin(std::declval<RangeT>()))'
swift,../repos/swift/stdlib/include/llvm/ADT/iterator.h,"(348, 49)-(349, 50)",b'decltype(\n              **std::declval<Wrappe...'
swift,../repos/swift/stdlib/include/llvm/Support/Casting.h,"(379, 8)-(379, 30)",b'decltype(cast<X>(Val))'
swift,../repos/swift/stdlib/include/llvm/Support/Casting.h,"(394, 8)-(394, 30)",b'decltype(cast<X>(Val))'
swift,../repos/swift/stdlib/include/llvm/Support/PointerLikeTypeTraits.h,"(43, 8)-(43, 72)",b'decltype((sizeof(PointerLikeTypeTraits<T>) + ...'
swift,../repos/swift/stdlib/include/llvm/Support/type_traits.h,"(122, 28)-(122, 84)",b'decltype(std::declval<F &>() = std::declval<c...'
swift,../repos/swift/stdlib/include/llvm/Support/type_traits.h,"(124, 35)-(124, 61)",b'decltype(get((T*)nullptr))'
swift,../repos/swift/stdlib/include/llvm/Support/type_traits.h,"(130, 28)-(130, 79)",b'decltype(std::declval<F &>() = std::declval<F...'
swift,../repos/swift/stdlib/include/llvm/Support/type_traits.h,"(132, 35)-(132, 61)",b'decltype(get((T*)nullptr))'
swift,../repos/swift/stdlib/toolchain/Compatibility56/include/Concurrency/Threading/Mutex.h,"(214, 12)-(214, 70)",b'decltype(std::forward<CriticalSection>(critic...'
swift,../repos/swift/stdlib/toolchain/Compatibility56/include/Concurrency/Threading/Mutex.h,"(269, 12)-(269, 70)",b'decltype(std::forward<CriticalSection>(critic...'
swift,../repos/swift/stdlib/toolchain/Compatibility56/include/Concurrency/Threading/Mutex.h,"(293, 12)-(293, 70)",b'decltype(std::forward<CriticalSection>(critic...'
swift,../repos/swift/stdlib/toolchain/Compatibility56/include/Concurrency/Threading/Mutex.h,"(392, 10)-(392, 68)",b'decltype(std::forward<CriticalSection>(critic...'
swift,../repos/swift/stdlib/toolchain/Compatibility56/include/Concurrency/Threading/Mutex.h,"(616, 10)-(616, 68)",b'decltype(std::forward<CriticalSection>(critic...'
swift,../repos/swift/stdlib/toolchain/Compatibility56/include/Concurrency/Threading/Mutex.h,"(636, 10)-(636, 68)",b'decltype(std::forward<CriticalSection>(critic...'
swift,../repos/swift/stdlib/toolchain/Compatibility56/include/Concurrency/Threading/Mutex.h,"(709, 12)-(709, 70)",b'decltype(std::forward<CriticalSection>(critic...'
swift,../repos/swift/stdlib/toolchain/Compatibility56/include/Concurrency/Threading/Mutex.h,"(729, 12)-(729, 70)",b'decltype(std::forward<CriticalSection>(critic...'
swift,../repos/swift/stdlib/toolchain/Compatibility56/include/Concurrency/Threading/Mutex.h,"(740, 12)-(740, 70)",b'decltype(std::forward<CriticalSection>(critic...'
swift,../repos/swift/stdlib/toolchain/Compatibility56/include/Concurrency/Threading/Mutex.h,"(797, 10)-(797, 68)",b'decltype(std::forward<CriticalSection>(critic...'
swift,../repos/swift/stdlib/toolchain/Compatibility56/include/Concurrency/Threading/Mutex.h,"(861, 10)-(861, 68)",b'decltype(std::forward<CriticalSection>(critic...'
swift,../repos/swift/stdlib/toolchain/Compatibility56/include/Concurrency/Threading/Mutex.h,"(869, 10)-(869, 68)",b'decltype(std::forward<CriticalSection>(critic...'
swift,../repos/swift/stdlib/toolchain/Compatibility56/include/Concurrency/Threading/Mutex.h,"(924, 10)-(924, 68)",b'decltype(std::forward<CriticalSection>(critic...'
swift,../repos/swift/stdlib/toolchain/Compatibility56/include/Concurrency/Threading/Mutex.h,"(957, 10)-(957, 37)",b'decltype(criticalSection())'
swift,../repos/swift/stdlib/toolchain/Compatibility56/include/Concurrency/TaskPrivate.h,"(33, 18)-(33, 42)",b'decltype(pthread_self())'
