Repo name,File name,Location,Content
swift,../repos/swift/lib/AST/RequirementMachine/Symbol.cpp,"(49, 3)-(54, 4)",b'union {\n    Identifier Name;\n    CanType Conc...'
swift,../repos/swift/lib/AST/RequirementMachine/Diagnostics.h,"(63, 3)-(66, 4)",b'union {\n    Requirement requirement;\n    Inve...'
swift,../repos/swift/lib/IRGen/MemberAccessStrategy.h,"(57, 3)-(63, 4)",b'union StorageType {\n    std::string GlobalSym...'
swift,../repos/swift/lib/IRGen/TypeInfo.h,"(99, 3)-(146, 4)",b'union {\n    uint64_t OpaqueBits;\n\n    SWIFT_I...'
swift,../repos/swift/lib/IRGen/MetadataLayout.h,"(179, 5)-(182, 6)",b'union {\n      Offset TheOffset;\n      llvm::F...'
swift,../repos/swift/lib/IRGen/MetadataLayout.h,"(214, 5)-(217, 6)",b'union {\n      StoredOffset TheOffset;\n      l...'
swift,../repos/swift/lib/IRGen/TypeLayout.cpp,"(119, 5)-(125, 6)",b'union {\n      size_t size;\n      llvm::Functi...'
swift,../repos/swift/lib/IRGen/MetadataSource.h,"(66, 3)-(69, 4)",b'union {\n    unsigned Index;\n    CanType Fixed...'
swift,../repos/swift/lib/IRGen/IRGenModule.h,"(668, 3)-(675, 4)",b'union {\n    llvm::IntegerType *SizeTy;       ...'
swift,../repos/swift/lib/IRGen/IRGenModule.h,"(677, 3)-(683, 4)",b'union {\n    llvm::PointerType *Int8PtrTy;    ...'
swift,../repos/swift/lib/IRGen/IRGenModule.h,"(684, 3)-(687, 4)",b'union {\n    llvm::PointerType *Int8PtrPtrTy; ...'
swift,../repos/swift/lib/IRGen/IRGenModule.h,"(702, 3)-(705, 4)",b'union {\n    llvm::StructType *TypeMetadataRes...'
swift,../repos/swift/lib/IRGen/IRGenModule.h,"(722, 3)-(725, 4)",b'union {\n    llvm::PointerType *ObjCPtrTy;    ...'
swift,../repos/swift/lib/IRGen/ProtocolInfo.h,"(68, 3)-(73, 4)",b'union {\n    OutOfLineBaseWitness OutOfLineBas...'
swift,../repos/swift/lib/IRGen/IRGen.h,"(197, 3)-(201, 4)",b'union {\n    ConstantInitFuture Future;\n    co...'
swift,../repos/swift/lib/SILGen/SpecializedEmitter.h,"(75, 3)-(79, 4)",b'union {\n    EarlyEmitter *TheEarlyEmitter;\n  ...'
swift,../repos/swift/lib/SILGen/SILGenPoly.cpp,"(2987, 5)-(2992, 6)",b'union {\n      SILValue InnerResultAddr;\n     ...'
swift,../repos/swift/lib/SILGen/SILGenPoly.cpp,"(2994, 5)-(2997, 6)",b'union {\n      SILValue OuterResultAddr;\n     ...'
swift,../repos/swift/lib/SILGen/SILGenPoly.cpp,"(2999, 5)-(3006, 6)",b'union {\n      struct {\n        CanPackType Ou...'
swift,../repos/swift/lib/ClangImporter/SwiftLookupTable.h,"(170, 3)-(176, 4)",b'union {\n    const clang::DeclContext *DC;\n   ...'
swift,../repos/swift/lib/Sema/TypeCheckDecl.cpp,"(99, 3)-(104, 4)",b'union {\n    StringRef stringValue;\n    IntVal...'
swift,../repos/swift/lib/Sema/TypeCheckEffects.cpp,"(253, 3)-(258, 4)",b'union {\n    AbstractFunctionDecl *TheFunction...'
swift,../repos/swift/lib/Sema/TypeCheckRequestFunctions.cpp,"(227, 5)-(234, 6)",b'union {\n      struct {\n        ProtocolConfor...'
swift,../repos/swift/lib/SILOptimizer/Mandatory/DiagnoseStaticExclusivity.cpp,"(75, 3)-(81, 4)",b'union {\n   BeginAccessInst *Inst;\n    struct ...'
swift,../repos/swift/include/swift/AST/Pattern.h,"(69, 3)-(99, 4)",b'union { uint64_t OpaqueBits;\n\n  SWIFT_INLINE_...'
swift,../repos/swift/include/swift/AST/Decl.h,"(357, 3)-(796, 4)",b'union { uint64_t OpaqueBits;\n\n  SWIFT_INLINE_...'
swift,../repos/swift/include/swift/AST/Decl.h,"(1962, 3)-(1968, 4)",b'union {\n    /// The initializer expression an...'
swift,../repos/swift/include/swift/AST/Decl.h,"(7108, 3)-(7123, 4)",b'union {\n    /// This enum member is active if...'
swift,../repos/swift/include/swift/AST/RequestCache.h,"(52, 3)-(55, 4)",b'union {\n    char Empty;\n    Request Req;\n  };'
swift,../repos/swift/include/swift/AST/TBDGenRequests.h,"(170, 3)-(174, 4)",b'union {\n    VarDecl *Global;\n    SILDeclRef s...'
swift,../repos/swift/include/swift/AST/Availability.h,"(46, 3)-(49, 4)",b'union {\n    llvm::VersionTuple LowerEndpoint;...'
swift,../repos/swift/include/swift/AST/Attr.h,"(107, 3)-(191, 4)",b'union {\n    uint64_t OpaqueBits;\n\n    SWIFT_I...'
swift,../repos/swift/include/swift/AST/Expr.h,"(147, 3)-(372, 4)",b'union { uint64_t OpaqueBits;\n\n  SWIFT_INLINE_...'
swift,../repos/swift/include/swift/AST/Expr.h,"(5666, 5)-(5673, 6)",b'union DeclNameOrRef {\n      DeclNameRef Unres...'
swift,../repos/swift/include/swift/AST/GenericParamList.h,"(66, 3)-(69, 4)",b'union {\n    TypeRepr *SecondType;\n    LayoutC...'
swift,../repos/swift/include/swift/AST/Stmt.h,"(71, 3)-(108, 4)",b'union { uint64_t OpaqueBits;\n\n  SWIFT_INLINE_...'
swift,../repos/swift/include/swift/AST/ActorIsolation.h,"(76, 3)-(80, 4)",b'union {\n    llvm::PointerUnion<NominalTypeDec...'
swift,../repos/swift/include/swift/AST/AutoDiff.h,"(279, 3)-(286, 4)",b'union Value {\n    struct { Identifier name; }...'
swift,../repos/swift/include/swift/AST/AutoDiff.h,"(358, 3)-(366, 4)",b'union Value {\n    // TangentVector\n    Type t...'
swift,../repos/swift/include/swift/AST/AutoDiff.h,"(428, 3)-(432, 4)",b'union Value {\n    TypeAndIndex typeAndIndex;\n...'
swift,../repos/swift/include/swift/AST/AutoDiff.h,"(493, 5)-(497, 6)",b'union Value {\n      Type type;\n      Value(Ty...'
swift,../repos/swift/include/swift/AST/TypeRefinementContext.h,"(105, 5)-(112, 6)",b'union {\n      SourceFile *SF;\n      Decl *D;\n...'
swift,../repos/swift/include/swift/AST/TypeRepr.h,"(65, 3)-(112, 4)",b'union { uint64_t OpaqueBits;\n\n  SWIFT_INLINE_...'
swift,../repos/swift/include/swift/AST/MacroDefinition.h,"(119, 3)-(125, 4)",b'union Data {\n    ExternalMacroReference exter...'
swift,../repos/swift/include/swift/AST/DiagnosticEngine.h,"(143, 5)-(165, 6)",b'union {\n      int IntegerVal;\n      unsigned ...'
swift,../repos/swift/include/swift/AST/Types.h,"(372, 3)-(375, 4)",b'union {\n    CanType CanonicalType;\n    const ...'
swift,../repos/swift/include/swift/AST/Types.h,"(391, 3)-(522, 4)",b'union { uint64_t OpaqueBits;\n\n  SWIFT_INLINE_...'
swift,../repos/swift/include/swift/AST/Types.h,"(1497, 3)-(1500, 4)",b'union {\n    GenericTypeDecl *GenDecl;\n    Nom...'
swift,../repos/swift/include/swift/AST/Types.h,"(2080, 3)-(2083, 4)",b'union {\n    TypeBase *UnderlyingType;\n    con...'
swift,../repos/swift/include/swift/AST/Requirement.h,"(63, 3)-(66, 4)",b'union {\n    Type SecondType;\n    LayoutConstr...'
swift,../repos/swift/include/swift/AST/ProtocolConformance.h,"(140, 3)-(436, 2)",b'union { uint64_t OpaqueBits;\n\n    SWIFT_INLIN...'
swift,../repos/swift/include/swift/ABI/TaskStatus.h,"(319, 3)-(348, 4)",b'union Dependent {\n    constexpr Dependent(): ...'
swift,../repos/swift/include/swift/ABI/GenericContext.h,"(118, 3)-(140, 4)",b'union {\n    /// A mangled representation of t...'
swift,../repos/swift/include/swift/ABI/Task.h,"(95, 3)-(101, 4)",b'union {\n    // A function to run a job that i...'
swift,../repos/swift/include/swift/ABI/Metadata.h,"(583, 3)-(586, 4)",b'union {\n    TargetCompactFunctionPointer<Runt...'
swift,../repos/swift/include/swift/ABI/Metadata.h,"(666, 3)-(669, 4)",b'union {\n    TargetCompactFunctionPointer<Runt...'
swift,../repos/swift/include/swift/ABI/Metadata.h,"(1754, 3)-(1757, 4)",b'union {\n    TargetCompactFunctionPointer<Runt...'
swift,../repos/swift/include/swift/ABI/Metadata.h,"(2526, 3)-(2529, 4)",b'union {\n    TargetRelativeDirectPointer<Runti...'
swift,../repos/swift/include/swift/ABI/Metadata.h,"(2634, 3)-(2647, 4)",b'union {\n    /// A direct reference to a nomin...'
swift,../repos/swift/include/swift/ABI/Metadata.h,"(3759, 3)-(3771, 4)","b'union {\n    /// The incomplete metadata, for ...'"
swift,../repos/swift/include/swift/ABI/Metadata.h,"(4119, 3)-(4129, 4)",b'#ifndef SWIFT_ABI_METADATA_H\n#define SWIFT_AB...'
swift,../repos/swift/include/swift/ABI/Metadata.h,"(4131, 3)-(4139, 4)",b'#ifndef SWIFT_ABI_METADATA_H\n#define SWIFT_AB...'
swift,../repos/swift/include/swift/ABI/Metadata.h,"(4896, 3)-(4899, 4)",b'union {\n    TargetCompactFunctionPointer<InPr...'
swift,../repos/swift/include/swift/ABI/MetadataRef.h,"(273, 3)-(287, 4)",b'union {\n    /// Relative pointer to a Swift p...'
swift,../repos/swift/include/swift/ABI/MetadataRef.h,"(331, 3)-(349, 4)",b'union {\n    /// A direct reference to a TypeC...'
swift,../repos/swift/include/swift/RemoteAST/RemoteAST.h,"(39, 3)-(47, 4)",b'union Storage {\n    remote::Failure Failure;\n...'
swift,../repos/swift/include/swift/RemoteInspection/RuntimeHeaders/llvm/BinaryFormat/COFF.h,"(477, 1)-(482, 2)",b'{\n\n// The maximum number of sections that a C...'
swift,../repos/swift/include/swift/RemoteInspection/RuntimeHeaders/llvm/BinaryFormat/MachO.h,"(1905, 3)-(1908, 4)",b'union {\n    x86_thread_state64_t ts64;\n    x8...'
swift,../repos/swift/include/swift/RemoteInspection/RuntimeHeaders/llvm/BinaryFormat/MachO.h,"(1913, 3)-(1915, 4)",b'union {\n    x86_float_state64_t fs64;\n  } ufs;'
swift,../repos/swift/include/swift/RemoteInspection/RuntimeHeaders/llvm/BinaryFormat/MachO.h,"(1920, 3)-(1922, 4)",b'union {\n    x86_exception_state64_t es64;\n  } ues;'
swift,../repos/swift/include/swift/RemoteInspection/RuntimeHeaders/llvm/BinaryFormat/MachO.h,"(2024, 3)-(2026, 4)",b'union {\n    arm_thread_state32_t ts32;\n  } uts;'
swift,../repos/swift/include/swift/RemoteInspection/RuntimeHeaders/llvm/BinaryFormat/MachO.h,"(2149, 3)-(2151, 4)",b'union {\n    ppc_thread_state32_t ts32;\n  } uts;'
swift,../repos/swift/include/swift/RemoteInspection/RuntimeHeaders/llvm/BinaryFormat/ELF.h,"(1446, 3)-(1449, 4)",b'union {\n    Elf32_Word d_val; // Integer valu...'
swift,../repos/swift/include/swift/RemoteInspection/RuntimeHeaders/llvm/BinaryFormat/ELF.h,"(1455, 3)-(1458, 4)",b'union {\n    Elf64_Xword d_val; // Integer val...'
swift,../repos/swift/include/swift/RemoteInspection/RuntimeHeaders/llvm/Object/COFF.h,"(236, 1)-(239, 2)",b'{\n\nclass BaseRelocRef;\nclass DelayImportDirec...'
swift,../repos/swift/include/swift/RemoteInspection/RuntimeHeaders/llvm/Object/COFF.h,"(251, 3)-(254, 4)",b'union {\n    char ShortName[COFF::NameSize];\n ...'
swift,../repos/swift/include/swift/RemoteInspection/RuntimeHeaders/llvm/Object/COFF.h,"(270, 3)-(273, 4)",b'union {\n    char ShortName[COFF::NameSize];\n ...'
swift,../repos/swift/include/swift/RemoteInspection/RuntimeHeaders/llvm/Object/COFF.h,"(785, 3)-(794, 4)",b'union {\n    support::ulittle32_t NameOffset;\n...'
swift,../repos/swift/include/swift/RemoteInspection/RuntimeHeaders/llvm/Object/COFF.h,"(795, 3)-(804, 4)",b'union {\n    support::ulittle32_t DataEntryOff...'
swift,../repos/swift/include/swift/RemoteInspection/RuntimeHeaders/llvm/Object/CVDebugRecord.h,"(45, 1)-(49, 2)",b'{\nstruct PDB70DebugInfo {\n  support::ulittle3...'
swift,../repos/swift/include/swift/RemoteInspection/RuntimeHeaders/llvm/Object/SymbolicFile.h,"(35, 1)-(44, 2)",b'{\n\nunion DataRefImpl {\n  // This entire union...'
swift,../repos/swift/include/swift/RemoteInspection/RuntimeHeaders/llvm/Support/Error.h,"(716, 3)-(719, 4)",b'union {\n    AlignedCharArrayUnion<storage_typ...'
swift,../repos/swift/include/swift/RemoteInspection/RuntimeHeaders/llvm/Support/ErrorOr.h,"(254, 3)-(257, 4)",b'union {\n    AlignedCharArrayUnion<storage_typ...'
swift,../repos/swift/include/swift/RemoteInspection/RuntimeInternals.h,"(134, 3)-(137, 4)","b'union {\n    AsyncTaskPrivateStorage<Runtime, ...'"
swift,../repos/swift/include/swift/RemoteInspection/TypeRef.h,"(152, 3)-(155, 4)",b'union {\n    const TypeRef * SecondType;\n    T...'
swift,../repos/swift/include/swift/Demangling/Demangle.h,"(196, 3)-(201, 4)",b'#ifndef SWIFT_DEMANGLING_DEMANGLE_H\n#define S...'
swift,../repos/swift/include/swift/Serialization/SerializationOptions.h,"(72, 7)-(78, 8)",b'union {\n        /// The last modification tim...'
swift,../repos/swift/include/swift/Sema/ConstraintGraph.h,"(466, 5)-(485, 6)",b'union {\n      TypeVariableType *TypeVar;\n    ...'
swift,../repos/swift/include/swift/Sema/ConstraintSystem.h,"(230, 3)-(233, 4)",b'union {\n    ConversionRestrictionKind Restric...'
swift,../repos/swift/include/swift/Sema/ConstraintSystem.h,"(1241, 3)-(1258, 4)",b'union {\n    const StmtConditionElement *stmtC...'
swift,../repos/swift/include/swift/Sema/CSFix.h,"(2109, 3)-(2111, 4)",b'union {\n    Type type;\n  };'
swift,../repos/swift/include/swift/Sema/SyntacticElementTarget.h,"(78, 3)-(167, 4)",b'union {\n    struct {\n      /// The expression...'
swift,../repos/swift/include/swift/Sema/SyntacticElementTarget.h,"(115, 7)-(123, 8)",b'union {\n        struct {\n          /// The pa...'
swift,../repos/swift/include/swift/Sema/Constraint.h,"(396, 3)-(454, 4)",b'union {\n    struct {\n      /// The first type...'
swift,../repos/swift/include/swift/Sema/Constraint.h,"(415, 7)-(426, 8)","b'union {\n        /// If non-null, the name of ...'"
swift,../repos/swift/include/swift/SIL/AbstractionPattern.h,"(434, 3)-(440, 4)",b'union {\n    const clang::Type *ClangType;\n   ...'
swift,../repos/swift/include/swift/SIL/SILDebugInfoExpression.h,"(73, 3)-(77, 4)",b'union {\n    SILDIExprOperator Operator;\n    D...'
swift,../repos/swift/include/swift/SIL/SILNode.h,"(185, 3)-(283, 4)",b'union SharedUInt8Fields {\n    uint8_t opaque;...'
swift,../repos/swift/include/swift/SIL/SILNode.h,"(290, 3)-(315, 4)",b'union SharedUInt32Fields {\n    uint32_t opaqu...'
swift,../repos/swift/include/swift/SIL/SILWitnessTable.h,"(98, 5)-(103, 6)",b'union {\n      MethodWitness Method;\n      Ass...'
swift,../repos/swift/include/swift/SIL/SILInstruction.h,"(1850, 3)-(1867, 4)",b'union {\n    int_type RawValue;\n    struct {\n ...'
swift,../repos/swift/include/swift/SIL/SILInstruction.h,"(3358, 5)-(3367, 6)",b'union ValueType {\n      AbstractStorageDecl *...'
swift,../repos/swift/include/swift/SIL/SILInstruction.h,"(3461, 3)-(3464, 4)",b'union {\n    unsigned TupleIndex = 0;\n    Comp...'
swift,../repos/swift/include/swift/SIL/MemAccessUtils.h,"(365, 3)-(405, 4)",b'union {\n    uint64_t opaqueBits;\n    // eleme...'
swift,../repos/swift/include/swift/SIL/MemAccessUtils.h,"(408, 3)-(417, 4)","b""union {\n    // For AccessBase, 'value' always..."""
swift,../repos/swift/include/swift/SIL/SILConstants.h,"(156, 3)-(160, 4)",b'union {\n    SILFunction *function;   // For C...'
swift,../repos/swift/include/swift/SIL/SILConstants.h,"(293, 3)-(363, 4)","b'union {\n    /// When the value is Unknown, th...'"
swift,../repos/swift/include/swift/SIL/SILConstants.h,"(367, 3)-(374, 4)",b'union {\n    /// This is the number of bits in...'
swift,../repos/swift/include/swift/SIL/SILLocation.h,"(156, 3)-(167, 4)",b'union Storage {\n    Storage() : filePositionL...'
swift,../repos/swift/include/swift/SIL/SILLocation.h,"(176, 3)-(193, 4)",b'union KindAndFlags {\n    KindAndFlags() : pac...'
swift,../repos/swift/include/swift/Runtime/Config.h,"(486, 3)-(489, 4)",b'union {\n    T value;\n    void *voidValue;\n  }...'
swift,../repos/swift/include/swift/Runtime/Config.h,"(506, 3)-(509, 4)",b'union {\n    T value;\n    void *voidValue;\n  }...'
swift,../repos/swift/include/swift/Runtime/Config.h,"(524, 3)-(527, 4)",b'union {\n    T value;\n    void *voidValue;\n  }...'
swift,../repos/swift/include/swift/SILOptimizer/Differentiation/DifferentiationInvoker.h,"(63, 3)-(83, 4)",b'union Value {\n    /// The instruction associa...'
swift,../repos/swift/include/swift/SILOptimizer/Differentiation/AdjointValue.h,"(72, 3)-(83, 4)",b'union Value {\n    unsigned numAggregateElemen...'
swift,../repos/swift/include/swift/IDE/CodeCompletionResult.h,"(363, 3)-(368, 4)",b'union {\n    CodeCompletionDeclKind Decl;\n    ...'
swift,../repos/swift/include/swift/IDE/CancellableResult.h,"(42, 3)-(49, 4)","b'union {\n    /// If \\c Kind == Success, carrie...'"
swift,../repos/swift/include/swift/DependencyScan/DependencyScanImpl.h,"(178, 3)-(183, 4)",b'union {\n    swiftscan_swift_textual_details_t...'
swift,../repos/swift/include/swift/Basic/PrefixMap.h,"(68, 3)-(78, 4)",b'template <typename T>\n  union UninitializedSt...'
swift,../repos/swift/include/swift/Basic/UUID.h,"(104, 7)-(107, 8)",b'union {\n        swift::UUID uu;\n        unsig...'
swift,../repos/swift/include/swift/Remote/MetadataReader.h,"(354, 3)-(357, 4)",b'union {\n    StoredPointer IsaMask;\n    Stored...'
swift,../repos/swift/include/swift/Remote/Failure.h,"(115, 3)-(123, 4)",b'{\n\nclass Failure {\npublic:\n  /// An enum whic...'
swift,../repos/swift/tools/SourceKit/include/SourceKit/Core/LangSupport.h,"(470, 3)-(473, 4)",b'union {\n    const T *data;\n    StringRef erro...'
swift,../repos/swift/stdlib/public/Backtracing/modules/ImageFormats/Elf/elf.h,"(748, 3)-(751, 4)",b'union {\n    Elf32_Word  d_val;\n    Elf32_Addr...'
swift,../repos/swift/stdlib/public/Backtracing/modules/ImageFormats/Elf/elf.h,"(756, 3)-(759, 4)",b'union {\n    Elf64_Xword d_val;\n    Elf64_Addr...'
swift,../repos/swift/stdlib/public/Backtracing/modules/OS/Darwin.h,"(214, 5)-(226, 6)",b'union {\n        struct Ping {\n            uin...'
swift,../repos/swift/stdlib/public/runtime/WeakReference.h,"(157, 3)-(162, 4)",b'union {\n    std::atomic<WeakReferenceBits> na...'
swift,../repos/swift/stdlib/public/runtime/MetadataLookup.cpp,"(1586, 5)-(1589, 6)",b'union {\n      BuiltType SecondType;\n      Bui...'
swift,../repos/swift/stdlib/public/runtime/Metadata.cpp,"(3194, 5)-(3197, 6)",b'union {\n      const uint8_t *IvarLayout;\n    ...'
swift,../repos/swift/stdlib/public/runtime/Private.h,"(364, 5)-(368, 6)",b'{\n    /// Whether the source is metadata (vs....'
swift,../repos/swift/stdlib/public/stubs/MathStubs.cpp,"(40, 9)-(53, 2)",b'typedef union\n{\n    tu_int all;\n    struct\n  ...'
swift,../repos/swift/stdlib/include/llvm/ADT/Optional.h,"(73, 3)-(76, 4)",b'union {\n    char empty;\n    T val;\n  };'
swift,../repos/swift/stdlib/include/llvm/ADT/Optional.h,"(178, 3)-(181, 4)",b'union {\n    char empty;\n    T val;\n  };'
swift,../repos/swift/stdlib/include/llvm/ADT/Twine.h,"(139, 5)-(157, 6)",b'union Child\n    {\n      const Twine *twine;\n ...'
swift,../repos/swift/stdlib/include/llvm/Support/SwapByteOrder.h,"(133, 3)-(136, 4)","b'union {\n    uint32_t i;\n    float f;\n  } in, out;'"
swift,../repos/swift/stdlib/include/llvm/Support/SwapByteOrder.h,"(143, 3)-(146, 4)","b'union {\n    uint64_t i;\n    double d;\n  } in, out;'"
swift,../repos/swift/stdlib/include/llvm/Support/type_traits.h,"(75, 22)-(80, 2)",b'template<typename T> union copy_construction_...'
swift,../repos/swift/stdlib/include/llvm/Support/type_traits.h,"(82, 22)-(87, 2)",b'template<typename T> union move_construction_...'
swift,../repos/swift/stdlib/include/llvm/Support/type_traits.h,"(90, 1)-(92, 2)",b'template<class T>\nunion trivial_helper {\n    ...'
swift,../repos/swift/stdlib/toolchain/Compatibility56/include/Concurrency/Task.h,"(88, 3)-(94, 4)",b'union {\n    // A function to run a job that i...'
