Repo name,File name,Location,Content
swift,../repos/swift/lib/DriverTool/swift_api_digester_main.cpp,"(1743, 1)-(1743, 64)",b'typedef std::vector<NoEscapeFuncParam> NoEsca...'
swift,../repos/swift/lib/AST/Pattern.cpp,"(107, 1)-(107, 35)",b'typedef const char (&TwoChars)[2];'
swift,../repos/swift/lib/AST/Decl.cpp,"(745, 1)-(745, 35)",b'typedef const char (&TwoChars)[2];'
swift,../repos/swift/lib/AST/ASTVerifier.cpp,"(233, 3)-(233, 80)","b'typedef llvm::PointerIntPair<DeclContext *, 1...'"
swift,../repos/swift/lib/AST/ASTVerifier.cpp,"(238, 3)-(239, 38)",b'typedef std::pair</*MacroDiscriminatorContext...'
swift,../repos/swift/lib/AST/ASTBridging.cpp,"(245, 3)-(245, 43)",b'typedef llvm::MallocAllocator Allocator;'
swift,../repos/swift/lib/AST/ASTWalker.cpp,"(75, 3)-(75, 79)","b'typedef ASTVisitor<Traversal, Expr*, Stmt*, b...'"
swift,../repos/swift/lib/AST/Builtins.cpp,"(2189, 3)-(2189, 56)",b'typedef llvm::Intrinsic::IITDescriptor IITDes...'
swift,../repos/swift/lib/AST/Builtins.cpp,"(2284, 3)-(2284, 56)",b'typedef llvm::Intrinsic::IITDescriptor IITDes...'
swift,../repos/swift/lib/AST/ConformanceLookupTable.h,"(70, 3)-(70, 77)","b'typedef llvm::PointerIntPair<ExtensionDecl *,...'"
swift,../repos/swift/lib/AST/ConformanceLookupTable.h,"(353, 3)-(353, 70)",b'typedef llvm::TinyPtrVector<ConformanceEntry ...'
swift,../repos/swift/lib/AST/ConformanceLookupTable.h,"(356, 3)-(356, 80)","b'typedef llvm::MapVector<ProtocolDecl *, Confo...'"
swift,../repos/swift/lib/AST/ConformanceLookupTable.h,"(361, 3)-(361, 61)","b'typedef llvm::SmallVector<ProtocolDecl *, 2> ...'"
swift,../repos/swift/lib/AST/NameLookup.cpp,"(1243, 3)-(1244, 17)","b'typedef llvm::DenseMap<DeclName, llvm::TinyPt...'"
swift,../repos/swift/lib/AST/NameLookup.cpp,"(1359, 3)-(1359, 42)",b'typedef LookupTable::iterator iterator;'
swift,../repos/swift/lib/SILGen/SILGenFunction.h,"(1379, 3)-(1383, 76)",b'typedef llvm::function_ref<ManagedValue(SILGe...'
swift,../repos/swift/lib/SILGen/Cleanup.h,"(151, 1)-(151, 66)",b'typedef DiverseStackImpl<Cleanup>::stable_ite...'
swift,../repos/swift/lib/SILGen/Cleanup.h,"(157, 1)-(157, 66)",b'typedef DiverseStackImpl<Cleanup>::stable_ite...'
swift,../repos/swift/lib/SILGen/SILGenExpr.cpp,"(422, 5)-(422, 74)","b'typedef Lowering::ExprVisitor<RValueEmitter,R...'"
swift,../repos/swift/lib/SILGen/LValue.h,"(498, 3)-(498, 74)",b'typedef std::vector<std::unique_ptr<PathCompo...'
swift,../repos/swift/lib/SILGen/LValue.h,"(499, 3)-(500, 20)",b'typedef std::vector<std::unique_ptr<PathCompo...'
swift,../repos/swift/lib/SILGen/LValue.h,"(587, 3)-(587, 73)","b'typedef std::unique_ptr<BeginAccessInst, Dele...'"
swift,../repos/swift/lib/Index/Index.cpp,"(180, 3)-(181, 22)","b'typedef llvm::PointerUnion<const VarDecl *, c...'"
swift,../repos/swift/lib/Index/Index.cpp,"(182, 3)-(182, 71)","b'typedef llvm::PointerUnion<const Decl *, cons...'"
swift,../repos/swift/lib/Index/Index.cpp,"(183, 3)-(183, 37)",b'typedef const void *ActivationKey;'
swift,../repos/swift/lib/Index/Index.cpp,"(453, 3)-(453, 60)","b'typedef llvm::PointerIntPair<Decl *, 3> DeclA...'"
swift,../repos/swift/lib/ClangImporter/ImportName.cpp,"(415, 5)-(415, 70)","b'typedef std::pair<const DeclType *, ImportedN...'"
swift,../repos/swift/lib/ClangImporter/SwiftLookupTable.h,"(320, 3)-(322, 17)",b'typedef llvm::PointerUnion<clang::NamedDecl *...'
swift,../repos/swift/lib/ClangImporter/SwiftLookupTable.h,"(326, 3)-(326, 59)","b'typedef std::pair<ContextKind, StringRef> Sto...'"
swift,../repos/swift/lib/ClangImporter/SwiftLookupTable.h,"(593, 3)-(593, 60)",b'typedef swift::SwiftLookupTable::ContextKind ...'
swift,../repos/swift/lib/Sema/LookupVisibleDecls.cpp,"(418, 3)-(418, 61)","b'typedef llvm::SmallPtrSet<const TypeDecl *, 8...'"
swift,../repos/swift/lib/Sema/TypeCheckConcurrency.h,"(411, 5)-(411, 20)",b'typedef T type;'
swift,../repos/swift/lib/SILOptimizer/Mandatory/DiagnoseInfiniteRecursion.cpp,"(530, 1)-(530, 60)","b'typedef swift::SmallSetVector<Invariants, 4> ...'"
swift,../repos/swift/lib/SILOptimizer/Mandatory/AddressLowering.h,"(229, 3)-(229, 53)",b'typedef std::vector<ValueStoragePair> ValueVector;'
swift,../repos/swift/lib/SILOptimizer/Mandatory/AddressLowering.h,"(231, 3)-(231, 59)","b'typedef llvm::DenseMap<SILValue, unsigned> Va...'"
swift,../repos/swift/lib/SILOptimizer/Mandatory/AccessEnforcementSelection.cpp,"(216, 3)-(216, 66)","b'typedef llvm::SmallSetVector<SILBasicBlock*, ...'"
swift,../repos/swift/lib/SILOptimizer/Mandatory/DIMemoryUseCollector.cpp,"(615, 3)-(615, 53)","b'typedef SmallPtrSet<SILFunction *, 8> FunctionSet;'"
swift,../repos/swift/lib/SILOptimizer/Mandatory/DefiniteInitialization.cpp,"(525, 5)-(525, 59)","b'typedef SmallVector<SILBasicBlock *, 16> Work...'"
swift,../repos/swift/lib/SILOptimizer/Mandatory/OptimizeHopToExecutor.cpp,"(46, 3)-(46, 48)","b'typedef llvm::DenseMap<SILValue, int> Actors;'"
swift,../repos/swift/lib/SILOptimizer/LoopTransforms/COWArrayOpt.cpp,"(102, 3)-(102, 49)",b'typedef StructUseCollector::UserList UserList;'
swift,../repos/swift/lib/SILOptimizer/LoopTransforms/COWArrayOpt.cpp,"(103, 3)-(103, 57)",b'typedef StructUseCollector::UserOperList User...'
swift,../repos/swift/lib/SILOptimizer/LoopTransforms/ArrayOpt.h,"(52, 3)-(52, 48)","b'typedef SmallPtrSet<Operand*, 16> VisitedSet;'"
swift,../repos/swift/lib/SILOptimizer/LoopTransforms/ArrayOpt.h,"(53, 3)-(53, 53)","b'typedef SmallVector<SILInstruction*, 16> UserList;'"
swift,../repos/swift/lib/SILOptimizer/LoopTransforms/ArrayOpt.h,"(58, 3)-(58, 78)",b'typedef SmallVector<std::pair<SILInstruction*...'
swift,../repos/swift/lib/SILOptimizer/Transforms/DeadCodeElimination.cpp,"(92, 3)-(92, 57)","b'typedef std::pair<SILBasicBlock *, unsigned> ...'"
swift,../repos/swift/lib/SILOptimizer/Transforms/DeadCodeElimination.cpp,"(102, 3)-(102, 64)",b'typedef llvm::DomTreeNodeBase<SILBasicBlock> ...'
swift,../repos/swift/lib/SILOptimizer/Transforms/RedundantOverflowCheckRemoval.cpp,"(95, 3)-(95, 55)","b'typedef SmallVector<Constraint, 16>  Constrai...'"
swift,../repos/swift/lib/SILOptimizer/Transforms/RedundantOverflowCheckRemoval.cpp,"(96, 3)-(96, 56)","b'typedef SmallVector<CondFailInst*, 16>  CondF...'"
swift,../repos/swift/lib/SILOptimizer/Transforms/CopyForwarding.cpp,"(627, 3)-(627, 65)",b'typedef llvm::SmallSetVector<SILInstruction *...'
swift,../repos/swift/lib/SILOptimizer/Transforms/CSE.cpp,"(636, 3)-(636, 80)","b'typedef llvm::ScopedHashTableVal<SimpleValue,...'"
swift,../repos/swift/lib/SILOptimizer/Transforms/CSE.cpp,"(637, 3)-(638, 15)",b'typedef llvm::RecyclingAllocator<llvm::BumpPt...'
swift,../repos/swift/lib/SILOptimizer/Transforms/CSE.cpp,"(639, 3)-(641, 59)","b'typedef llvm::ScopedHashTable<SimpleValue, SI...'"
swift,../repos/swift/lib/SILOptimizer/Analysis/LoopRegionAnalysis.cpp,"(1062, 3)-(1062, 38)",b'typedef LoopRegionWrapper *NodeRef;'
swift,../repos/swift/lib/SILOptimizer/Analysis/LoopRegionAnalysis.cpp,"(1074, 3)-(1074, 38)",b'typedef LoopRegionWrapper *NodeRef;'
swift,../repos/swift/lib/SILOptimizer/Analysis/ColdBlockInfo.cpp,"(125, 3)-(125, 60)",b'typedef llvm::DomTreeNodeBase<SILBasicBlock> ...'
swift,../repos/swift/lib/SILOptimizer/SILCombiner/SILCombiner.h,"(426, 3)-(426, 54)","b'typedef SmallVector<SILInstruction*, 4> UserL...'"
swift,../repos/swift/lib/SILOptimizer/PassManager/PassManager.cpp,"(1205, 5)-(1205, 50)",b'typedef std::vector<Node>::iterator iterator;'
swift,../repos/swift/lib/SILOptimizer/PassManager/PassManager.cpp,"(1263, 5)-(1263, 57)",b'typedef CallGraph::child_iterator ChildIterat...'
swift,../repos/swift/lib/SILOptimizer/PassManager/PassManager.cpp,"(1264, 5)-(1264, 38)",b'typedef CallGraph::Node *NodeRef;'
swift,../repos/swift/lib/SILOptimizer/PassManager/PassManager.cpp,"(1277, 5)-(1277, 34)",b'typedef CallGraph *GraphType;'
swift,../repos/swift/lib/SILOptimizer/PassManager/PassManager.cpp,"(1278, 5)-(1278, 38)",b'typedef CallGraph::Node *NodeRef;'
swift,../repos/swift/lib/SILOptimizer/PassManager/PassManager.cpp,"(1282, 5)-(1282, 66)",b'typedef pointer_iterator<CallGraph::iterator>...'
swift,../repos/swift/lib/SILOptimizer/IPO/CrossModuleOptimization.cpp,"(67, 3)-(67, 61)","b'typedef llvm::DenseMap<SILFunction *, bool> F...'"
swift,../repos/swift/lib/SILOptimizer/IPO/LetPropertiesOpts.cpp,"(151, 3)-(151, 48)","b'typedef SmallVector<VarDecl *, 4> Properties;'"
swift,../repos/swift/lib/SILOptimizer/Utils/CheckedCastBrJumpThreading.cpp,"(62, 3)-(62, 52)","b'typedef SmallVector<SILBasicBlock *, 8> PredList;'"
swift,../repos/swift/lib/Basic/PrefixMap.cpp,"(37, 1)-(37, 27)",b'typedef struct _Node Node;'
swift,../repos/swift/lib/Migrator/Diff.h,"(85, 3)-(85, 28)",b'typedef stringT string_t;'
swift,../repos/swift/lib/Migrator/Diff.h,"(86, 3)-(86, 48)",b'typedef typename string_t::value_type char_t;'
swift,../repos/swift/lib/Migrator/Diff.h,"(152, 3)-(152, 33)",b'typedef std::list<Diff> Diffs;'
swift,../repos/swift/lib/Migrator/Diff.h,"(219, 3)-(219, 36)",b'typedef std::list<Patch> Patches;'
swift,../repos/swift/lib/Migrator/Diff.h,"(2528, 3)-(2528, 30)",b'typedef utf32_type utf32_t;'
swift,../repos/swift/lib/Migrator/Diff.h,"(2543, 3)-(2543, 30)",b'typedef utf32_type utf32_t;'
swift,../repos/swift/include/swift/AST/GenericSignature.h,"(79, 3)-(79, 49)","b'typedef std::pair<Type, ProtocolDecl *> Entry;'"
swift,../repos/swift/include/swift/AST/GenericSignature.h,"(90, 3)-(90, 39)",b'typedef const Entry *const_iterator;'
swift,../repos/swift/include/swift/AST/GenericSignature.h,"(91, 3)-(91, 35)",b'typedef const_iterator iterator;'
swift,../repos/swift/include/swift/AST/GenericSignature.h,"(594, 3)-(594, 59)",b'typedef const ::swift::GenericSignatureImpl *...'
swift,../repos/swift/include/swift/AST/Type.h,"(67, 1)-(67, 71)","b'typedef llvm::DenseMap<SubstitutableType *, T...'"
swift,../repos/swift/include/swift/AST/Type.h,"(167, 3)-(169, 29)",b'typedef std::function<TypeBase *(const Normal...'
swift,../repos/swift/include/swift/AST/Type.h,"(585, 49)-(585, 70)",b'typedef CanType type;'
swift,../repos/swift/include/swift/AST/Type.h,"(689, 5)-(689, 43)",b'typedef ::swift::TypeBase *SimpleType;'
swift,../repos/swift/include/swift/AST/ParameterList.h,"(79, 3)-(79, 58)",b'typedef MutableArrayRef<ParamDecl*>::iterator...'
swift,../repos/swift/include/swift/AST/ParameterList.h,"(80, 3)-(80, 57)",b'typedef ArrayRef<ParamDecl*>::iterator const_...'
swift,../repos/swift/include/swift/AST/Decl.h,"(1919, 3)-(1919, 38)",b'typedef ExtensionIterator iterator;'
swift,../repos/swift/include/swift/AST/LayoutConstraint.h,"(360, 3)-(360, 53)",b'typedef ::swift::LayoutConstraintInfo *SimpleType;'
swift,../repos/swift/include/swift/AST/ASTVisitor.h,"(43, 3)-(43, 37)",b'typedef ASTVisitor ASTVisitorType;'
swift,../repos/swift/include/swift/AST/Expr.h,"(1014, 3)-(1014, 57)",b'typedef uint16_t CaptureStructureSerializatio...'
swift,../repos/swift/include/swift/AST/DeclContext.h,"(740, 3)-(740, 55)",b'typedef std::forward_iterator_tag iterator_ca...'
swift,../repos/swift/include/swift/AST/DeclContext.h,"(741, 3)-(741, 28)",b'typedef Decl *value_type;'
swift,../repos/swift/include/swift/AST/DeclContext.h,"(742, 3)-(742, 27)",b'typedef Decl *reference;'
swift,../repos/swift/include/swift/AST/DeclContext.h,"(743, 3)-(743, 25)",b'typedef Decl *pointer;'
swift,../repos/swift/include/swift/AST/DeclContext.h,"(744, 3)-(744, 42)",b'typedef std::ptrdiff_t difference_type;'
swift,../repos/swift/include/swift/AST/IndexSubset.h,"(37, 3)-(37, 28)",b'typedef uint64_t BitWord;'
swift,../repos/swift/include/swift/AST/IndexSubset.h,"(219, 5)-(219, 33)",b'typedef unsigned value_type;'
swift,../repos/swift/include/swift/AST/IndexSubset.h,"(220, 5)-(220, 38)",b'typedef unsigned difference_type;'
swift,../repos/swift/include/swift/AST/IndexSubset.h,"(221, 5)-(221, 32)",b'typedef unsigned * pointer;'
swift,../repos/swift/include/swift/AST/IndexSubset.h,"(222, 5)-(222, 34)",b'typedef unsigned & reference;'
swift,../repos/swift/include/swift/AST/IndexSubset.h,"(223, 5)-(223, 57)",b'typedef std::forward_iterator_tag iterator_ca...'
swift,../repos/swift/include/swift/AST/DiagnosticsCommon.h,"(38, 7)-(38, 38)",b'typedef Diag<ArgTypes...> type;'
swift,../repos/swift/include/swift/AST/DiagnosticsCommon.h,"(46, 7)-(46, 49)",b'typedef StructuredFixIt<ArgTypes...> type;'
swift,../repos/swift/include/swift/AST/SubstitutionMap.h,"(38, 1)-(38, 70)",b'typedef CanTypeWrapper<GenericTypeParamType> ...'
swift,../repos/swift/include/swift/AST/SubstitutionMap.h,"(41, 1)-(41, 64)",b'typedef CanTypeWrapper<SubstitutableType> Can...'
swift,../repos/swift/include/swift/AST/DebuggerClient.h,"(30, 3)-(30, 59)",b'typedef SmallVectorImpl<LookupResultEntry> Re...'
swift,../repos/swift/include/swift/AST/DiagnosticEngine.h,"(86, 7)-(86, 22)",b'typedef T type;'
swift,../repos/swift/include/swift/AST/DiagnosticEngine.h,"(443, 5)-(443, 41)",b'typedef DiagnosticInfo::FixIt FixIt;'
swift,../repos/swift/include/swift/AST/Types.h,"(105, 1)-(105, 60)",b'typedef CanTypeWrapper<SILFunctionType> CanSI...'
swift,../repos/swift/include/swift/AST/Types.h,"(2503, 1)-(2503, 78)","b'typedef ArrayRefView<TupleTypeElt,Type,getTup...'"
swift,../repos/swift/include/swift/AST/Types.h,"(2508, 1)-(2509, 27)","b'typedef ArrayRefView<TupleTypeElt,CanType,get...'"
swift,../repos/swift/include/swift/AST/Types.h,"(2650, 1)-(2650, 65)","b'typedef ArrayRefView<Type,CanType,getAsCanTyp...'"
swift,../repos/swift/include/swift/AST/Types.h,"(5490, 1)-(5490, 50)",b'typedef CanTypeWrapper<SILBoxType> CanSILBoxType;'
swift,../repos/swift/include/swift/AST/Types.h,"(5534, 1)-(5534, 74)",b'typedef CanTypeWrapper<SILMoveOnlyWrappedType...'
swift,../repos/swift/include/swift/AST/Types.h,"(5563, 1)-(5563, 68)",b'typedef CanTypeWrapper<SILBlockStorageType> C...'
swift,../repos/swift/include/swift/AST/ASTBridging.h,"(1539, 1)-(1539, 41)",b'typedef const void *PluginCapabilityPtr;'
swift,../repos/swift/include/swift/AST/ProtocolConformance.h,"(47, 1)-(47, 71)","b'typedef llvm::DenseMap<SubstitutableType *, T...'"
swift,../repos/swift/include/swift/AST/ProtocolConformance.h,"(50, 1)-(50, 57)","b'typedef llvm::DenseMap<ValueDecl *, Witness> ...'"
swift,../repos/swift/include/swift/AST/ProtocolConformance.h,"(54, 1)-(55, 18)","b'typedef llvm::DenseMap<AssociatedTypeDecl *, ...'"
swift,../repos/swift/include/swift/ABI/ValueWitnessTable.h,"(122, 3)-(122, 23)",b'typedef size_t size;'
swift,../repos/swift/include/swift/ABI/ValueWitnessTable.h,"(123, 3)-(123, 25)",b'typedef size_t stride;'
swift,../repos/swift/include/swift/ABI/ValueWitnessTable.h,"(124, 3)-(124, 71)",b'typedef TargetValueWitnessFlags<typename Runt...'
swift,../repos/swift/include/swift/ABI/ValueWitnessTable.h,"(125, 3)-(125, 41)",b'typedef uint32_t extraInhabitantCount;'
swift,../repos/swift/include/swift/ABI/Metadata.h,"(177, 3)-(177, 45)",b'typedef typename T::HeaderType HeaderType;'
swift,../repos/swift/include/swift/ABI/Metadata.h,"(250, 3)-(250, 56)",b'typedef TargetTypeMetadataHeader<Runtime> Hea...'
swift,../repos/swift/include/swift/ABI/Metadata.h,"(510, 3)-(510, 60)",b'typedef TargetTypeMetadataHeaderBase<Runtime>...'
swift,../repos/swift/include/swift/ABI/MetadataValues.h,"(336, 3)-(336, 29)",b'typedef uint32_t int_type;'
swift,../repos/swift/include/swift/ABI/MetadataValues.h,"(471, 3)-(471, 29)",b'typedef uint32_t int_type;'
swift,../repos/swift/include/swift/ABI/MetadataValues.h,"(555, 3)-(555, 29)",b'typedef uint32_t int_type;'
swift,../repos/swift/include/swift/ABI/MetadataValues.h,"(659, 3)-(659, 29)",b'typedef uint32_t int_type;'
swift,../repos/swift/include/swift/ABI/MetadataValues.h,"(781, 3)-(781, 29)",b'typedef uint32_t int_type;'
swift,../repos/swift/include/swift/ABI/MetadataValues.h,"(842, 3)-(842, 29)",b'typedef uint32_t int_type;'
swift,../repos/swift/include/swift/ABI/TrailingObjects.h,"(119, 3)-(119, 20)",b'typedef Ty2 type;'
swift,../repos/swift/include/swift/ABI/TrailingObjects.h,"(144, 3)-(145, 18)","b'typedef TrailingObjectsImpl<Align, BaseTy, To...'"
swift,../repos/swift/include/swift/Threading/ConditionVariable.h,"(131, 3)-(131, 60)","b'typedef ScopedLockT<ConditionVariable, false>...'"
swift,../repos/swift/include/swift/Threading/ConditionVariable.h,"(137, 3)-(137, 61)","b'typedef ScopedLockT<ConditionVariable, true> ...'"
swift,../repos/swift/include/swift/Threading/Mutex.h,"(110, 3)-(110, 48)","b'typedef ScopedLockT<Mutex, false> ScopedLock;'"
swift,../repos/swift/include/swift/Threading/Mutex.h,"(116, 3)-(116, 49)","b'typedef ScopedLockT<Mutex, true> ScopedUnlock;'"
swift,../repos/swift/include/swift/Threading/Mutex.h,"(173, 3)-(173, 52)","b'typedef ScopedLockT<LazyMutex, false> ScopedLock;'"
swift,../repos/swift/include/swift/Threading/Mutex.h,"(179, 3)-(179, 53)","b'typedef ScopedLockT<LazyMutex, true> ScopedUnlock;'"
swift,../repos/swift/include/swift/Threading/Mutex.h,"(226, 3)-(226, 56)","b'typedef ScopedLockT<IndirectMutex, false> Sco...'"
swift,../repos/swift/include/swift/Threading/Mutex.h,"(232, 3)-(232, 57)","b'typedef ScopedLockT<IndirectMutex, true> Scop...'"
swift,../repos/swift/include/swift/Threading/Impl/Nothreads.h,"(86, 1)-(86, 21)",b'typedef bool once_t;'
swift,../repos/swift/include/swift/Threading/Impl/Win32.h,"(207, 1)-(207, 38)",b'typedef std::atomic<intptr_t> once_t;'
swift,../repos/swift/include/swift/Threading/Impl/C11.h,"(201, 1)-(201, 43)",b'typedef std::atomic<std::intptr_t> once_t;'
swift,../repos/swift/include/swift/Threading/Impl/Linux/ulock.h,"(43, 1)-(43, 30)",b'typedef std::int32_t ulock_t;'
swift,../repos/swift/include/swift/Threading/Impl/Win32/Win32Defs.h,"(34, 1)-(34, 27)","b'typedef void VOID, *PVOID;'"
swift,../repos/swift/include/swift/Threading/Impl/Win32/Win32Defs.h,"(35, 1)-(35, 28)",b'typedef unsigned char BYTE;'
swift,../repos/swift/include/swift/Threading/Impl/Win32/Win32Defs.h,"(36, 1)-(36, 22)",b'typedef BYTE BOOLEAN;'
swift,../repos/swift/include/swift/Threading/Impl/Win32/Win32Defs.h,"(37, 1)-(37, 18)",b'typedef int BOOL;'
swift,../repos/swift/include/swift/Threading/Impl/Win32/Win32Defs.h,"(38, 1)-(38, 29)",b'typedef unsigned long DWORD;'
swift,../repos/swift/include/swift/Threading/Impl/Win32/Win32Defs.h,"(39, 1)-(39, 29)",b'typedef unsigned long ULONG;'
swift,../repos/swift/include/swift/Threading/Impl/Win32/Win32Defs.h,"(41, 1)-(41, 62)",b'typedef VOID(NTAPI *PFLS_CALLBACK_FUNCTION)(P...'
swift,../repos/swift/include/swift/Threading/Impl/Win32/Win32Defs.h,"(43, 1)-(43, 43)",b'typedef struct _RTL_SRWLOCK *PRTL_SRWLOCK;'
swift,../repos/swift/include/swift/Threading/Impl/Win32/Win32Defs.h,"(44, 1)-(44, 31)",b'typedef PRTL_SRWLOCK PSRWLOCK;'
swift,../repos/swift/include/swift/Threading/Impl/Win32/Win32Defs.h,"(46, 1)-(46, 65)",b'typedef struct _RTL_CONDITION_VARIABLE *PRTL_...'
swift,../repos/swift/include/swift/Threading/Impl/Win32/Win32Defs.h,"(47, 1)-(47, 53)",b'typedef PRTL_CONDITION_VARIABLE PCONDITION_VA...'
swift,../repos/swift/include/swift/Threading/Impl/Win32/Win32Defs.h,"(101, 1)-(101, 39)",b'typedef SWIFT_SRWLOCK *PSWIFT_SRWLOCK;'
swift,../repos/swift/include/swift/Threading/Impl/Win32/Win32Defs.h,"(121, 1)-(121, 61)",b'typedef SWIFT_CONDITION_VARIABLE *PSWIFT_COND...'
swift,../repos/swift/include/swift/RemoteInspection/RuntimeHeaders/llvm/BinaryFormat/ELF.h,"(1323, 1)-(1323, 31)",b'typedef Elf32_Word Elf32_Relr;'
swift,../repos/swift/include/swift/RemoteInspection/RuntimeHeaders/llvm/BinaryFormat/ELF.h,"(1359, 1)-(1359, 32)",b'typedef Elf64_Xword Elf64_Relr;'
swift,../repos/swift/include/swift/RemoteInspection/RuntimeHeaders/llvm/Object/ObjectFile.h,"(49, 1)-(49, 72)",b'typedef std::function<bool(const SectionRef &...'
swift,../repos/swift/include/swift/RemoteInspection/RuntimeHeaders/llvm/Support/ConvertUTF.h,"(128, 1)-(128, 31)",b'typedef unsigned int    UTF32;'
swift,../repos/swift/include/swift/RemoteInspection/RuntimeHeaders/llvm/Support/ConvertUTF.h,"(129, 1)-(129, 31)",b'typedef unsigned short  UTF16;'
swift,../repos/swift/include/swift/RemoteInspection/RuntimeHeaders/llvm/Support/ConvertUTF.h,"(130, 1)-(130, 30)",b'typedef unsigned char   UTF8;'
swift,../repos/swift/include/swift/RemoteInspection/RuntimeHeaders/llvm/Support/ConvertUTF.h,"(131, 1)-(131, 33)",b'typedef unsigned char   Boolean;'
swift,../repos/swift/include/swift/RemoteInspection/RuntimeHeaders/llvm/Support/ConvertUTF.h,"(148, 1)-(153, 20)","b'typedef enum {\n  conversionOK,           /* c...'"
swift,../repos/swift/include/swift/RemoteInspection/RuntimeHeaders/llvm/Support/ConvertUTF.h,"(155, 1)-(158, 19)","b'typedef enum {\n  strictConversion = 0,\n  leni...'"
swift,../repos/swift/include/swift/RemoteInspection/RuntimeHeaders/llvm-c/Error.h,"(33, 1)-(33, 46)",b'typedef struct LLVMOpaqueError *LLVMErrorRef;'
swift,../repos/swift/include/swift/RemoteInspection/RuntimeHeaders/llvm-c/Error.h,"(38, 1)-(38, 37)",b'typedef const void *LLVMErrorTypeId;'
swift,../repos/swift/include/swift/RemoteInspection/RuntimeHeaders/llvm-c/DataTypes.h,"(62, 1)-(62, 32)",b'typedef signed __int64 ssize_t;'
swift,../repos/swift/include/swift/RemoteInspection/RuntimeHeaders/llvm-c/DataTypes.h,"(64, 1)-(64, 28)",b'typedef signed int ssize_t;'
swift,../repos/swift/include/swift/RemoteInspection/RuntimeHeaders/llvm-c/Types.h,"(48, 1)-(48, 60)",b'typedef struct LLVMOpaqueMemoryBuffer *LLVMMe...'
swift,../repos/swift/include/swift/RemoteInspection/RuntimeHeaders/llvm-c/Types.h,"(53, 1)-(53, 50)",b'typedef struct LLVMOpaqueContext *LLVMContextRef;'
swift,../repos/swift/include/swift/RemoteInspection/RuntimeHeaders/llvm-c/Types.h,"(61, 1)-(61, 48)",b'typedef struct LLVMOpaqueModule *LLVMModuleRef;'
swift,../repos/swift/include/swift/RemoteInspection/RuntimeHeaders/llvm-c/Types.h,"(68, 1)-(68, 44)",b'typedef struct LLVMOpaqueType *LLVMTypeRef;'
swift,../repos/swift/include/swift/RemoteInspection/RuntimeHeaders/llvm-c/Types.h,"(75, 1)-(75, 46)",b'typedef struct LLVMOpaqueValue *LLVMValueRef;'
swift,../repos/swift/include/swift/RemoteInspection/RuntimeHeaders/llvm-c/Types.h,"(82, 1)-(82, 56)",b'typedef struct LLVMOpaqueBasicBlock *LLVMBasi...'
swift,../repos/swift/include/swift/RemoteInspection/RuntimeHeaders/llvm-c/Types.h,"(89, 1)-(89, 52)",b'typedef struct LLVMOpaqueMetadata *LLVMMetada...'
swift,../repos/swift/include/swift/RemoteInspection/RuntimeHeaders/llvm-c/Types.h,"(96, 1)-(96, 58)",b'typedef struct LLVMOpaqueNamedMDNode *LLVMNam...'
swift,../repos/swift/include/swift/RemoteInspection/RuntimeHeaders/llvm-c/Types.h,"(103, 1)-(103, 68)",b'typedef struct LLVMOpaqueValueMetadataEntry L...'
swift,../repos/swift/include/swift/RemoteInspection/RuntimeHeaders/llvm-c/Types.h,"(110, 1)-(110, 50)",b'typedef struct LLVMOpaqueBuilder *LLVMBuilderRef;'
swift,../repos/swift/include/swift/RemoteInspection/RuntimeHeaders/llvm-c/Types.h,"(117, 1)-(117, 54)",b'typedef struct LLVMOpaqueDIBuilder *LLVMDIBui...'
swift,../repos/swift/include/swift/RemoteInspection/RuntimeHeaders/llvm-c/Types.h,"(124, 1)-(124, 64)",b'typedef struct LLVMOpaqueModuleProvider *LLVM...'
swift,../repos/swift/include/swift/RemoteInspection/RuntimeHeaders/llvm-c/Types.h,"(127, 1)-(127, 58)",b'typedef struct LLVMOpaquePassManager *LLVMPas...'
swift,../repos/swift/include/swift/RemoteInspection/RuntimeHeaders/llvm-c/Types.h,"(133, 1)-(133, 42)",b'typedef struct LLVMOpaqueUse *LLVMUseRef;'
swift,../repos/swift/include/swift/RemoteInspection/RuntimeHeaders/llvm-c/Types.h,"(140, 1)-(140, 57)",b'typedef struct LLVMOpaqueAttributeRef *LLVMAt...'
swift,../repos/swift/include/swift/RemoteInspection/RuntimeHeaders/llvm-c/Types.h,"(145, 1)-(145, 64)",b'typedef struct LLVMOpaqueDiagnosticInfo *LLVM...'
swift,../repos/swift/include/swift/RemoteInspection/RuntimeHeaders/llvm-c/Types.h,"(150, 1)-(150, 42)",b'typedef struct LLVMComdat *LLVMComdatRef;'
swift,../repos/swift/include/swift/RemoteInspection/RuntimeHeaders/llvm-c/Types.h,"(155, 1)-(155, 62)",b'typedef struct LLVMOpaqueModuleFlagEntry LLVM...'
swift,../repos/swift/include/swift/RemoteInspection/RuntimeHeaders/llvm-c/Types.h,"(160, 1)-(160, 68)",b'typedef struct LLVMOpaqueJITEventListener *LL...'
swift,../repos/swift/include/swift/RemoteInspection/RuntimeHeaders/llvm-c/Types.h,"(165, 1)-(165, 48)",b'typedef struct LLVMOpaqueBinary *LLVMBinaryRef;'
swift,../repos/swift/include/swift/Parse/Parser.h,"(345, 3)-(347, 53)","b'typedef llvm::DenseMap<llvm::VersionTuple,\n  ...'"
swift,../repos/swift/include/swift/Parse/Parser.h,"(348, 3)-(349, 46)","b'typedef llvm::DenseMap<StringRef, Availabilit...'"
swift,../repos/swift/include/swift/ClangImporter/ClangImporter.h,"(126, 1)-(128, 28)",b'typedef llvm::PointerUnion<const clang::Decl ...'
swift,../repos/swift/include/swift/SIL/SILBridging.h,"(507, 3)-(507, 96)",b'typedef void (* _Nonnull RegisterFn)(BridgedF...'
swift,../repos/swift/include/swift/SIL/SILBridging.h,"(508, 3)-(508, 80)",b'typedef void (* _Nonnull WriteFn)(BridgedFunc...'
swift,../repos/swift/include/swift/SIL/SILBridging.h,"(509, 3)-(512, 61)",b'typedef ParsingError (*_Nonnull ParseFn)(Brid...'
swift,../repos/swift/include/swift/SIL/SILBridging.h,"(513, 3)-(513, 81)",b'typedef SwiftInt (* _Nonnull CopyEffectsFn)(B...'
swift,../repos/swift/include/swift/SIL/SILBridging.h,"(514, 3)-(514, 78)",b'typedef EffectInfo (* _Nonnull GetEffectInfoF...'
swift,../repos/swift/include/swift/SIL/SILBridging.h,"(515, 3)-(515, 86)",b'typedef BridgedMemoryBehavior (* _Nonnull Get...'
swift,../repos/swift/include/swift/SIL/SILBridging.h,"(516, 3)-(516, 94)",b'typedef bool (* _Nonnull ArgumentMayReadFn)(B...'
swift,../repos/swift/include/swift/SIL/SILInstruction.h,"(89, 5)-(89, 48)",b'typedef ::swift::SILInstruction value_type;'
swift,../repos/swift/include/swift/SIL/SILInstruction.h,"(90, 5)-(90, 33)",b'typedef value_type *pointer;'
swift,../repos/swift/include/swift/SIL/SILInstruction.h,"(91, 5)-(91, 35)",b'typedef value_type &reference;'
swift,../repos/swift/include/swift/SIL/SILInstruction.h,"(92, 5)-(92, 45)",b'typedef const value_type *const_pointer;'
swift,../repos/swift/include/swift/SIL/SILInstruction.h,"(93, 5)-(93, 47)",b'typedef const value_type &const_reference;'
swift,../repos/swift/include/swift/SIL/SILInstruction.h,"(97, 5)-(97, 22)",b'typedef void tag;'
swift,../repos/swift/include/swift/SIL/SILInstruction.h,"(98, 5)-(98, 70)",b'typedef ilist_node_base<enable_sentinel_track...'
swift,../repos/swift/include/swift/SIL/SILInstruction.h,"(99, 5)-(99, 51)",b'typedef SILInstructionListBase list_base_type;'
swift,../repos/swift/include/swift/SIL/SILBasicBlock.h,"(344, 3)-(344, 44)",b'typedef phi_iterator_impl<> phi_iterator;'
swift,../repos/swift/include/swift/SIL/SILBasicBlock.h,"(345, 3)-(347, 26)",b'typedef phi_iterator_impl<const SILPhiArgumen...'
swift,../repos/swift/include/swift/Runtime/Concurrency.h,"(756, 1)-(756, 24)",b'typedef SWIFT_CC(swift)'
swift,../repos/swift/include/swift/Runtime/Concurrency.h,"(762, 1)-(762, 24)",b'typedef SWIFT_CC(swift)'
swift,../repos/swift/include/swift/Runtime/Concurrency.h,"(769, 1)-(769, 24)",b'typedef SWIFT_CC(swift)'
swift,../repos/swift/include/swift/Runtime/Concurrency.h,"(784, 1)-(784, 24)",b'typedef SWIFT_CC(swift)'
swift,../repos/swift/include/swift/Runtime/Concurrency.h,"(796, 1)-(796, 24)",b'typedef SWIFT_CC(swift)'
swift,../repos/swift/include/swift/Runtime/Concurrency.h,"(807, 1)-(807, 24)",b'typedef SWIFT_CC(swift)'
swift,../repos/swift/include/swift/Runtime/Concurrency.h,"(808, 1)-(808, 24)",b'typedef SWIFT_CC(swift)'
swift,../repos/swift/include/swift/Runtime/Once.h,"(24, 1)-(24, 36)",b'typedef swift::once_t swift_once_t;'
swift,../repos/swift/include/swift/Runtime/VoucherShims.h,"(80, 1)-(80, 25)",b'typedef void *voucher_t;'
swift,../repos/swift/include/swift/Runtime/ObjCBridge.h,"(54, 1)-(57, 19)",b'typedef struct objc_image_info {\n    uint32_t...'
swift,../repos/swift/include/swift/APIDigester/ModuleAnalyzerNodes.h,"(72, 1)-(72, 26)",b'typedef SDKNode* NodePtr;'
swift,../repos/swift/include/swift/APIDigester/ModuleAnalyzerNodes.h,"(73, 1)-(73, 46)","b'typedef std::map<NodePtr, NodePtr> ParentMap;'"
swift,../repos/swift/include/swift/APIDigester/ModuleAnalyzerNodes.h,"(74, 1)-(74, 44)","b'typedef std::map<NodePtr, NodePtr> NodeMap;'"
swift,../repos/swift/include/swift/APIDigester/ModuleAnalyzerNodes.h,"(75, 1)-(75, 41)",b'typedef std::vector<NodePtr> NodeVector;'
swift,../repos/swift/include/swift/APIDigester/ModuleAnalyzerNodes.h,"(76, 1)-(76, 48)",b'typedef std::vector<CommonDiffItem> DiffVector;'
swift,../repos/swift/include/swift/APIDigester/ModuleAnalyzerNodes.h,"(77, 1)-(77, 62)",b'typedef std::vector<TypeMemberDiffItem> TypeM...'
swift,../repos/swift/include/swift/APIDigester/ModuleAnalyzerNodes.h,"(78, 1)-(78, 58)","b'typedef llvm::MapVector<NodePtr, NodePtr> Nod...'"
swift,../repos/swift/include/swift/APIDigester/ModuleAnalyzerNodes.h,"(268, 3)-(268, 51)",b'typedef std::vector<SDKNode*>::iterator ChildIt;'
swift,../repos/swift/include/swift/APIDigester/ModuleAnalyzerNodes.h,"(512, 3)-(512, 49)",b'typedef ArrayRef<SDKNode*>::iterator VectorIt;'
swift,../repos/swift/include/swift/SILOptimizer/OptimizerBridging.h,"(67, 3)-(68, 81)",b'typedef BridgedMemoryBehavior (* _Nonnull Get...'
swift,../repos/swift/include/swift/SILOptimizer/OptimizerBridging.h,"(69, 3)-(70, 81)",b'typedef bool (* _Nonnull Escaping2InstFn)(\n  ...'
swift,../repos/swift/include/swift/SILOptimizer/OptimizerBridging.h,"(71, 3)-(72, 65)",b'typedef bool (* _Nonnull Escaping2ValFn)(\n   ...'
swift,../repos/swift/include/swift/SILOptimizer/OptimizerBridging.h,"(73, 3)-(74, 75)",b'typedef bool (* _Nonnull Escaping2ValIntFn)(\n...'
swift,../repos/swift/include/swift/SILOptimizer/OptimizerBridging.h,"(105, 3)-(105, 94)",b'typedef bool (* _Nonnull IsDeinitBarrierFn)(B...'
swift,../repos/swift/include/swift/SILOptimizer/OptimizerBridging.h,"(106, 3)-(107, 83)",b'typedef BridgedMemoryBehavior (* _Nonnull Get...'
swift,../repos/swift/include/swift/SILOptimizer/OptimizerBridging.h,"(327, 1)-(327, 70)",b'typedef void (* _Nonnull BridgedModulePassRun...'
swift,../repos/swift/include/swift/SILOptimizer/OptimizerBridging.h,"(328, 1)-(328, 77)",b'typedef void (* _Nonnull BridgedFunctionPassR...'
swift,../repos/swift/include/swift/SILOptimizer/OptimizerBridging.h,"(329, 1)-(329, 83)",b'typedef void (* _Nonnull BridgedInstructionPa...'
swift,../repos/swift/include/swift/SILOptimizer/Analysis/ClassHierarchyAnalysis.h,"(29, 3)-(29, 49)","b'typedef SmallVector<ClassDecl *, 8> ClassList;'"
swift,../repos/swift/include/swift/SILOptimizer/Analysis/ClassHierarchyAnalysis.h,"(30, 3)-(30, 63)","b'typedef llvm::DenseMap<ClassDecl *, ClassList...'"
swift,../repos/swift/include/swift/SILOptimizer/Analysis/IVAnalysis.h,"(28, 3)-(28, 52)",b'typedef llvm::SmallVectorImpl<SILNode *> SCCType;'
swift,../repos/swift/include/swift/SILOptimizer/Analysis/AccessStorageAnalysis.h,"(363, 3)-(363, 61)",b'typedef BottomUpFunctionOrder<FunctionInfo> F...'
swift,../repos/swift/include/swift/SILOptimizer/Analysis/AccessSummaryAnalysis.h,"(69, 3)-(70, 20)",b'typedef llvm::SmallDenseMap<const IndexTrieNo...'
swift,../repos/swift/include/swift/SILOptimizer/Analysis/AccessSummaryAnalysis.h,"(220, 3)-(220, 61)",b'typedef BottomUpFunctionOrder<FunctionInfo> F...'
swift,../repos/swift/include/swift/SILOptimizer/Analysis/ProtocolConformanceAnalysis.h,"(35, 3)-(35, 61)","b'typedef SmallVector<NominalTypeDecl *, 8> Nom...'"
swift,../repos/swift/include/swift/SILOptimizer/Analysis/ProtocolConformanceAnalysis.h,"(36, 3)-(37, 30)","b'typedef llvm::DenseMap<ProtocolDecl *, Nomina...'"
swift,../repos/swift/include/swift/SILOptimizer/Analysis/ProtocolConformanceAnalysis.h,"(38, 3)-(39, 29)","b'typedef llvm::DenseMap<ProtocolDecl *, Nomina...'"
swift,../repos/swift/include/swift/SILOptimizer/Analysis/BottomUpIPAnalysis.h,"(161, 5)-(161, 67)","b'typedef llvm::SmallVector<FunctionInfo *, 8> ...'"
swift,../repos/swift/include/swift/SILOptimizer/Analysis/FunctionOrder.h,"(31, 3)-(31, 44)",b'typedef TinyPtrVector<SILFunction *> SCC;'
swift,../repos/swift/include/swift/SILOptimizer/PassManager/PassManager.h,"(221, 3)-(221, 77)",b'typedef std::bitset<(size_t)PassKind::AllPass...'
swift,../repos/swift/include/swift/SILOptimizer/Utils/BasicBlockOptUtils.h,"(326, 3)-(326, 68)","b'typedef std::pair<SILInstruction *, SILInstru...'"
swift,../repos/swift/include/swift/SILOptimizer/Utils/BasicBlockOptUtils.h,"(327, 3)-(327, 80)","b'typedef std::function<void(SILInstruction *, ...'"
swift,../repos/swift/include/swift/SILOptimizer/Utils/BasicBlockOptUtils.h,"(328, 3)-(328, 61)",b'typedef std::function<bool (SILInstruction *)...'
swift,../repos/swift/include/swift/SILOptimizer/Utils/SCCVisitor.h,"(76, 3)-(76, 80)","b'typedef llvm::DenseMap<SILNode *, std::unique...'"
swift,../repos/swift/include/swift/SILOptimizer/Utils/StackNesting.h,"(65, 3)-(65, 36)",b'typedef SmallBitVector BitVector;'
swift,../repos/swift/include/swift/IDE/Utils.h,"(166, 1)-(166, 76)",b'typedef llvm::IntrusiveRefCntPtr<ResolvedCurs...'
swift,../repos/swift/include/swift/IDE/Utils.h,"(254, 1)-(255, 35)",b'typedef llvm::IntrusiveRefCntPtr<ResolvedValu...'
swift,../repos/swift/include/swift/DependencyScan/DependencyScanImpl.h,"(66, 1)-(111, 37)",b'typedef struct {\n  /// The module interface f...'
swift,../repos/swift/include/swift/DependencyScan/DependencyScanImpl.h,"(114, 1)-(137, 36)",b'typedef struct {\n  /// The path to the pre-co...'
swift,../repos/swift/include/swift/DependencyScan/DependencyScanImpl.h,"(141, 1)-(150, 41)",b'typedef struct {\n  /// The path to the pre-co...'
swift,../repos/swift/include/swift/DependencyScan/DependencyScanImpl.h,"(153, 1)-(174, 29)",b'typedef struct {\n  /// The path to the module...'
swift,../repos/swift/include/swift/Basic/PlaygroundOption.h,"(46, 1)-(46, 65)","b'typedef llvm::SmallSet<PlaygroundOption, 8> P...'"
swift,../repos/swift/include/swift/Basic/BridgedSwiftObject.h,"(46, 1)-(46, 58)",b'typedef struct BridgedSwiftObject * _Nonnull ...'
swift,../repos/swift/include/swift/Basic/BridgedSwiftObject.h,"(47, 1)-(47, 67)",b'typedef struct BridgedSwiftObject * _Nullable...'
swift,../repos/swift/include/swift/Basic/BasicBridging.h,"(71, 1)-(71, 29)",b'typedef uintptr_t SwiftUInt;'
swift,../repos/swift/include/swift/SwiftRemoteMirror/SwiftRemoteMirrorLegacyInterop.h,"(188, 1)-(197, 34)",b'typedef struct swift_reflection_legacy_info {...'
swift,../repos/swift/include/swift/SwiftRemoteMirror/SwiftRemoteMirrorLegacyInterop.h,"(200, 1)-(201, 67)",b'typedef int (*ReadBytesFunctionLegacy)(void *...'
swift,../repos/swift/include/swift/SwiftRemoteMirror/SwiftRemoteMirrorLegacyInterop.h,"(767, 1)-(767, 45)",b'typedef const struct mach_header MachHeader;'
swift,../repos/swift/include/swift/SwiftRemoteMirror/SwiftRemoteMirrorLegacyInterop.h,"(769, 1)-(769, 48)",b'typedef const struct mach_header_64 MachHeader;'
swift,../repos/swift/include/swift/SwiftRemoteMirror/SwiftRemoteMirrorLegacyInteropTypes.h,"(27, 1)-(30, 28)",b'typedef struct swift_metadata_interop {\n  uin...'
swift,../repos/swift/include/swift/SwiftRemoteMirror/SwiftRemoteMirrorLegacyInteropTypes.h,"(34, 1)-(37, 27)",b'typedef struct swift_typeref_interop {\n  swif...'
swift,../repos/swift/include/swift/SwiftRemoteMirror/SwiftRemoteMirrorLegacyInteropTypes.h,"(44, 1)-(44, 51)",b'typedef swift_typeinfo_t swift_typeinfo_interop_t;'
swift,../repos/swift/include/swift/SwiftRemoteMirror/SwiftRemoteMirrorLegacyInteropTypes.h,"(48, 1)-(54, 29)",b'typedef struct swift_childinfo_interop {\n  //...'
swift,../repos/swift/include/swift/SwiftRemoteMirror/SwiftRemoteMirrorLegacyInteropTypes.h,"(57, 1)-(57, 80)",b'typedef struct SwiftReflectionInteropContext ...'
swift,../repos/swift/include/swift/SwiftRemoteMirror/SwiftRemoteMirror.h,"(412, 1)-(414, 60)",b'typedef void (*swift_metadataAllocationBacktr...'
swift,../repos/swift/include/swift/SwiftRemoteMirror/SwiftRemoteMirrorTypes.h,"(39, 1)-(39, 42)",b'typedef uintptr_t swift_reflection_ptr_t;'
swift,../repos/swift/include/swift/SwiftRemoteMirror/SwiftRemoteMirrorTypes.h,"(41, 1)-(41, 41)",b'typedef uint64_t swift_reflection_ptr_t;'
swift,../repos/swift/include/swift/SwiftRemoteMirror/SwiftRemoteMirrorTypes.h,"(44, 1)-(44, 48)",b'typedef swift_reflection_ptr_t swift_typeref_t;'
swift,../repos/swift/include/swift/SwiftRemoteMirror/SwiftRemoteMirrorTypes.h,"(47, 1)-(50, 30)",b'typedef struct swift_reflection_section {\n  v...'
swift,../repos/swift/include/swift/SwiftRemoteMirror/SwiftRemoteMirrorTypes.h,"(53, 1)-(56, 37)",b'typedef struct swift_remote_reflection_sectio...'
swift,../repos/swift/include/swift/SwiftRemoteMirror/SwiftRemoteMirrorTypes.h,"(58, 1)-(61, 35)",b'typedef struct swift_reflection_section_pair ...'
swift,../repos/swift/include/swift/SwiftRemoteMirror/SwiftRemoteMirrorTypes.h,"(64, 1)-(67, 38)",b'typedef struct swift_reflection_section_mappi...'
swift,../repos/swift/include/swift/SwiftRemoteMirror/SwiftRemoteMirrorTypes.h,"(74, 1)-(85, 27)",b'typedef struct swift_reflection_info {\n  swif...'
swift,../repos/swift/include/swift/SwiftRemoteMirror/SwiftRemoteMirrorTypes.h,"(88, 1)-(97, 35)",b'typedef struct swift_reflection_mapping_info ...'
swift,../repos/swift/include/swift/SwiftRemoteMirror/SwiftRemoteMirrorTypes.h,"(100, 1)-(146, 23)",b'typedef enum swift_layout_kind {\n  // Nothing...'
swift,../repos/swift/include/swift/SwiftRemoteMirror/SwiftRemoteMirrorTypes.h,"(151, 1)-(159, 20)",b'typedef struct swift_typeinfo {\n  swift_layou...'
swift,../repos/swift/include/swift/SwiftRemoteMirror/SwiftRemoteMirrorTypes.h,"(161, 1)-(167, 21)",b'typedef struct swift_childinfo {\n  /// The me...'
swift,../repos/swift/include/swift/SwiftRemoteMirror/SwiftRemoteMirrorTypes.h,"(174, 1)-(174, 45)",b'typedef int swift_metadata_allocation_tag_t;'
swift,../repos/swift/include/swift/SwiftRemoteMirror/SwiftRemoteMirrorTypes.h,"(177, 1)-(188, 31)",b'typedef struct swift_metadata_allocation {\n  ...'
swift,../repos/swift/include/swift/SwiftRemoteMirror/SwiftRemoteMirrorTypes.h,"(190, 1)-(193, 31)",b'typedef struct swift_metadata_cache_node {\n  ...'
swift,../repos/swift/include/swift/SwiftRemoteMirror/SwiftRemoteMirrorTypes.h,"(196, 1)-(204, 34)",b'typedef struct swift_async_task_slab_return {...'
swift,../repos/swift/include/swift/SwiftRemoteMirror/SwiftRemoteMirrorTypes.h,"(206, 1)-(210, 39)",b'typedef struct swift_async_task_allocation_ch...'
swift,../repos/swift/include/swift/SwiftRemoteMirror/SwiftRemoteMirrorTypes.h,"(212, 1)-(229, 46)",b'typedef struct swift_async_task_slab_allocati...'
swift,../repos/swift/include/swift/SwiftRemoteMirror/SwiftRemoteMirrorTypes.h,"(231, 1)-(264, 27)",b'typedef struct swift_async_task_info {\n  /// ...'
swift,../repos/swift/include/swift/SwiftRemoteMirror/SwiftRemoteMirrorTypes.h,"(266, 1)-(281, 22)",b'typedef struct swift_actor_info {\n  /// On fa...'
swift,../repos/swift/include/swift/SwiftRemoteMirror/SwiftRemoteMirrorTypes.h,"(285, 1)-(285, 66)",b'typedef struct SwiftReflectionContext *SwiftR...'
swift,../repos/swift/include/swift/SwiftRemoteMirror/MemoryReaderInterface.h,"(33, 1)-(33, 31)",b'typedef uint64_t swift_addr_t;'
swift,../repos/swift/include/swift/SwiftRemoteMirror/MemoryReaderInterface.h,"(39, 1)-(39, 91)",b'typedef void (*FreeBytesFunction)(void *reade...'
swift,../repos/swift/include/swift/SwiftRemoteMirror/MemoryReaderInterface.h,"(42, 1)-(42, 62)",b'typedef uint8_t (*PointerSizeFunction)(void *...'
swift,../repos/swift/include/swift/SwiftRemoteMirror/MemoryReaderInterface.h,"(45, 1)-(45, 59)",b'typedef uint8_t (*SizeSizeFunction)(void *rea...'
swift,../repos/swift/include/swift/SwiftRemoteMirror/MemoryReaderInterface.h,"(56, 1)-(58, 65)",b'typedef const void *(*ReadBytesFunction)(void...'
swift,../repos/swift/include/swift/SwiftRemoteMirror/MemoryReaderInterface.h,"(68, 1)-(69, 67)",b'typedef uint64_t (*GetStringLengthFunction)(v...'
swift,../repos/swift/include/swift/SwiftRemoteMirror/MemoryReaderInterface.h,"(74, 1)-(76, 72)",b'typedef swift_addr_t (*GetSymbolAddressFuncti...'
swift,../repos/swift/include/swift/SwiftRemoteMirror/MemoryReaderInterface.h,"(78, 1)-(106, 23)",b'typedef enum {\n  /// The query should ignore ...'
swift,../repos/swift/include/swift/SwiftRemoteMirror/MemoryReaderInterface.h,"(114, 1)-(116, 57)",b'typedef int (*QueryDataLayoutFunction)(void *...'
swift,../repos/swift/include/swift-c/StaticMirror/BinaryScan.h,"(35, 1)-(35, 65)",b'typedef swiftscan_string_set_t swift_static_m...'
swift,../repos/swift/include/swift-c/StaticMirror/BinaryScan.h,"(39, 1)-(39, 37)",b'typedef void *swift_static_mirror_t;'
swift,../repos/swift/include/swift-c/StaticMirror/BinaryScan.h,"(42, 1)-(43, 45)",b'typedef struct swift_static_mirror_conformanc...'
swift,../repos/swift/include/swift-c/StaticMirror/BinaryScan.h,"(46, 1)-(47, 39)",b'typedef struct swift_static_mirror_field_info...'
swift,../repos/swift/include/swift-c/StaticMirror/BinaryScan.h,"(50, 1)-(51, 42)",b'typedef struct swift_static_mirror_property_i...'
swift,../repos/swift/include/swift-c/StaticMirror/BinaryScan.h,"(54, 1)-(55, 43)",b'typedef struct swift_static_mirror_enum_case_...'
swift,../repos/swift/include/swift-c/StaticMirror/BinaryScan.h,"(58, 1)-(59, 39)",b'typedef struct swift_static_mirror_type_alias...'
swift,../repos/swift/include/swift-c/StaticMirror/BinaryScan.h,"(62, 1)-(63, 49)",b'typedef struct swift_static_mirror_associated...'
swift,../repos/swift/include/swift-c/StaticMirror/BinaryScan.h,"(65, 1)-(68, 40)",b'typedef struct {\n  swift_static_mirror_type_a...'
swift,../repos/swift/include/swift-c/StaticMirror/BinaryScan.h,"(70, 1)-(73, 50)",b'typedef struct {\n  swift_static_mirror_associ...'
swift,../repos/swift/include/swift-c/StaticMirror/BinaryScan.h,"(75, 1)-(78, 42)",b'typedef struct {\n  swift_static_mirror_confor...'
swift,../repos/swift/include/swift-c/StaticMirror/BinaryScan.h,"(80, 1)-(83, 43)",b'typedef struct {\n  swift_static_mirror_proper...'
swift,../repos/swift/include/swift-c/StaticMirror/BinaryScan.h,"(85, 1)-(88, 44)",b'typedef struct {\n  swift_static_mirror_enum_c...'
swift,../repos/swift/include/swift-c/StaticMirror/BinaryScan.h,"(90, 1)-(93, 40)",b'typedef struct {\n  swift_static_mirror_field_...'
swift,../repos/swift/include/swift-c/DependencyScan/DependencyScan.h,"(44, 1)-(44, 71)",b'typedef struct swiftscan_module_details_s *sw...'
swift,../repos/swift/include/swift-c/DependencyScan/DependencyScan.h,"(47, 1)-(47, 73)",b'typedef struct swiftscan_dependency_info_s *s...'
swift,../repos/swift/include/swift-c/DependencyScan/DependencyScan.h,"(50, 1)-(50, 75)",b'typedef struct swiftscan_dependency_graph_s *...'
swift,../repos/swift/include/swift-c/DependencyScan/DependencyScan.h,"(53, 1)-(53, 63)",b'typedef struct swiftscan_import_set_s *swifts...'
swift,../repos/swift/include/swift-c/DependencyScan/DependencyScan.h,"(56, 1)-(56, 73)",b'typedef struct swiftscan_diagnostic_info_s *s...'
swift,../repos/swift/include/swift-c/DependencyScan/DependencyScan.h,"(59, 1)-(62, 30)",b'typedef struct {\n  swiftscan_dependency_info_...'
swift,../repos/swift/include/swift-c/DependencyScan/DependencyScan.h,"(67, 1)-(67, 75)",b'typedef struct swiftscan_batch_scan_entry_s *...'
swift,../repos/swift/include/swift-c/DependencyScan/DependencyScan.h,"(69, 1)-(72, 32)",b'typedef struct {\n  swiftscan_batch_scan_entry...'
swift,../repos/swift/include/swift-c/DependencyScan/DependencyScan.h,"(74, 1)-(77, 33)",b'typedef struct {\n  swiftscan_dependency_graph...'
swift,../repos/swift/include/swift-c/DependencyScan/DependencyScan.h,"(83, 1)-(83, 73)",b'typedef struct swiftscan_scan_invocation_s *s...'
swift,../repos/swift/include/swift-c/DependencyScan/DependencyScan.h,"(348, 1)-(348, 35)",b'typedef void *swiftscan_scanner_t;'
swift,../repos/swift/include/swift-c/DependencyScan/DependencyScan.h,"(381, 1)-(386, 35)",b'typedef enum {\n  SWIFTSCAN_DIAGNOSTIC_SEVERIT...'
swift,../repos/swift/include/swift-c/DependencyScan/DependencyScan.h,"(388, 1)-(391, 30)",b'typedef struct {\n  swiftscan_diagnostic_info_...'
swift,../repos/swift/include/swift-c/DependencyScan/DependencyScan.h,"(438, 1)-(438, 65)",b'typedef struct swiftscan_cas_options_s *swift...'
swift,../repos/swift/include/swift-c/DependencyScan/DependencyScan.h,"(442, 1)-(442, 49)",b'typedef struct swiftscan_cas_s *swiftscan_cas_t;'
swift,../repos/swift/include/swift-c/DependencyScan/DependencyScan.h,"(445, 1)-(445, 79)",b'typedef struct swiftscan_cached_compilation_s...'
swift,../repos/swift/include/swift-c/DependencyScan/DependencyScan.h,"(448, 1)-(448, 69)",b'typedef struct swiftscan_cached_output_s *swi...'
swift,../repos/swift/include/swift-c/DependencyScan/DependencyScan.h,"(451, 1)-(452, 40)",b'typedef struct swiftscan_cache_replay_instanc...'
swift,../repos/swift/include/swift-c/DependencyScan/DependencyScan.h,"(455, 1)-(455, 81)",b'typedef struct swiftscan_cache_replay_result_...'
swift,../repos/swift/include/swift-c/DependencyScan/DependencyScan.h,"(458, 1)-(459, 43)",b'typedef struct swiftscan_cache_cancellation_t...'
swift,../repos/swift/include/swift-c/CommonString/CommonString.h,"(25, 2)-(28, 27)",b'typedef struct {\n   const void *data;\n   size...'
swift,../repos/swift/include/swift-c/CommonString/CommonString.h,"(30, 2)-(33, 27)",b'typedef struct {\n   swiftscan_string_ref_t *s...'
swift,../repos/swift/cmake/dummy.cpp,"(13, 1)-(13, 19)",b'typedef int dummy;'
swift,../repos/swift/tools/libStaticMirror/c-include-check.c,"(5, 1)-(5, 57)",b'typedef swift_static_mirror_t _check_mirror_t...'
swift,../repos/swift/tools/SourceKit/lib/SwiftLang/SwiftEditorInterfaceGen.cpp,"(90, 1)-(90, 71)",b'typedef SwiftInterfaceGenContext::Implementat...'
swift,../repos/swift/tools/SourceKit/lib/SwiftLang/SwiftEditorInterfaceGen.cpp,"(91, 1)-(91, 79)",b'typedef SwiftInterfaceGenContext::Implementat...'
swift,../repos/swift/tools/SourceKit/lib/SwiftLang/SwiftEditorInterfaceGen.cpp,"(92, 1)-(92, 69)",b'typedef SwiftInterfaceGenContext::Implementat...'
swift,../repos/swift/tools/SourceKit/lib/SwiftLang/SwiftEditorInterfaceGen.cpp,"(93, 1)-(93, 81)",b'typedef SwiftInterfaceGenContext::Implementat...'
swift,../repos/swift/tools/SourceKit/lib/SwiftLang/SwiftInterfaceGenContext.h,"(30, 3)-(30, 72)",b'typedef RefPtr<SwiftInterfaceGenContext> Swif...'
swift,../repos/swift/tools/SourceKit/lib/SwiftLang/SwiftInterfaceGenContext.h,"(32, 3)-(32, 50)",b'typedef IntrusiveRefCntPtr<ASTUnit> ASTUnitRef;'
swift,../repos/swift/tools/SourceKit/lib/SwiftLang/SwiftASTManager.h,"(107, 3)-(107, 66)",b'typedef RefPtr<ImmutableTextSnapshot> Immutab...'
swift,../repos/swift/tools/SourceKit/lib/SwiftLang/SwiftASTManager.h,"(113, 3)-(113, 54)",b'typedef RefPtr<SwiftInvocation> SwiftInvocati...'
swift,../repos/swift/tools/SourceKit/lib/SwiftLang/SwiftASTManager.h,"(135, 1)-(135, 48)",b'typedef IntrusiveRefCntPtr<ASTUnit> ASTUnitRef;'
swift,../repos/swift/tools/SourceKit/lib/SwiftLang/SwiftASTManager.h,"(242, 1)-(242, 63)",b'typedef std::shared_ptr<SwiftASTConsumer> Swi...'
swift,../repos/swift/tools/SourceKit/lib/SwiftLang/SwiftASTManager.h,"(243, 1)-(243, 65)",b'typedef std::weak_ptr<SwiftASTConsumer> Swift...'
swift,../repos/swift/tools/SourceKit/lib/SwiftLang/SwiftASTManager.h,"(321, 1)-(321, 61)",b'typedef std::shared_ptr<SwiftASTManager> Swif...'
swift,../repos/swift/tools/SourceKit/lib/SwiftLang/SwiftLangSupport.h,"(77, 3)-(77, 66)",b'typedef RefPtr<ImmutableTextSnapshot> Immutab...'
swift,../repos/swift/tools/SourceKit/lib/SwiftLang/SwiftLangSupport.h,"(134, 1)-(134, 72)",b'typedef IntrusiveRefCntPtr<SwiftEditorDocumen...'
swift,../repos/swift/tools/SourceKit/lib/SwiftLang/SwiftLangSupport.h,"(203, 1)-(203, 46)",b'typedef RefPtr<SessionCache> SessionCacheRef;'
swift,../repos/swift/tools/SourceKit/lib/SwiftLang/SwiftLangSupport.h,"(209, 3)-(209, 45)","b'typedef std::pair<unsigned, unsigned> Key;'"
swift,../repos/swift/tools/SourceKit/lib/SwiftLang/SwiftASTManager.cpp,"(237, 1)-(237, 30)",b'typedef uint64_t BufferStamp;'
swift,../repos/swift/tools/SourceKit/lib/SwiftLang/SwiftASTManager.cpp,"(529, 1)-(529, 53)",b'typedef std::shared_ptr<ASTProducer> ASTProdu...'
swift,../repos/swift/tools/SourceKit/lib/SwiftLang/SwiftEditor.cpp,"(597, 5)-(597, 69)",b'typedef std::vector<SwiftSyntaxToken>::const_...'
swift,../repos/swift/tools/SourceKit/lib/SwiftLang/SwiftEditor.cpp,"(598, 5)-(598, 77)",b'typedef std::vector<SwiftSyntaxToken>::const_...'
swift,../repos/swift/tools/SourceKit/lib/SwiftLang/CodeCompletionOrganizer.h,"(59, 1)-(59, 63)",b'typedef llvm::StringMap<PopularityFactor> Nam...'
swift,../repos/swift/tools/SourceKit/lib/SwiftLang/SwiftEditorDiagConsumer.h,"(24, 3)-(24, 58)",b'typedef std::vector<DiagnosticEntryInfo> Diag...'
swift,../repos/swift/tools/SourceKit/lib/SwiftLang/SwiftDocSupport.cpp,"(96, 3)-(96, 75)","b'typedef llvm::SmallDenseMap<ValueDecl*, Value...'"
swift,../repos/swift/tools/SourceKit/lib/Support/UIDRegistry.cpp,"(26, 3)-(26, 71)","b'typedef llvm::StringMap<void *, llvm::BumpPtr...'"
swift,../repos/swift/tools/SourceKit/lib/Support/UIDRegistry.cpp,"(27, 3)-(27, 48)",b'typedef llvm::StringMapEntry<void *> EntryTy;'
swift,../repos/swift/tools/SourceKit/include/SourceKit/Support/Concurrency.h,"(59, 5)-(59, 22)",b'typedef void *Ty;'
swift,../repos/swift/tools/SourceKit/include/SourceKit/Support/Concurrency.h,"(84, 3)-(84, 45)",b'typedef void (*DispatchFn)(void *Context);'
swift,../repos/swift/tools/SourceKit/include/SourceKit/Support/Concurrency.h,"(225, 5)-(225, 22)",b'typedef void *Ty;'
swift,../repos/swift/tools/SourceKit/include/SourceKit/Support/Tracing.h,"(44, 1)-(44, 70)","b'typedef std::vector<std::pair<std::string, st...'"
swift,../repos/swift/tools/SourceKit/include/SourceKit/Support/Logging.h,"(32, 1)-(32, 43)",b'typedef IntrusiveRefCntPtr<Logger> LogRef;'
swift,../repos/swift/tools/SourceKit/include/SourceKit/Support/ThreadSafeRefCntPtr.h,"(37, 3)-(37, 26)",b'typedef T element_type;'
swift,../repos/swift/tools/SourceKit/include/SourceKit/Support/CancellationToken.h,"(22, 1)-(22, 48)",b'typedef const void *SourceKitCancellationToken;'
swift,../repos/swift/tools/SourceKit/include/SourceKit/Support/ImmutableTextBuffer.h,"(33, 1)-(33, 60)",b'typedef RefPtr<ImmutableTextUpdate> Immutable...'
swift,../repos/swift/tools/SourceKit/include/SourceKit/Support/ImmutableTextBuffer.h,"(36, 1)-(36, 60)",b'typedef RefPtr<ImmutableTextBuffer> Immutable...'
swift,../repos/swift/tools/SourceKit/include/SourceKit/Support/ImmutableTextBuffer.h,"(39, 1)-(39, 74)",b'typedef RefPtr<ReplaceImmutableTextUpdate> Re...'
swift,../repos/swift/tools/SourceKit/include/SourceKit/Support/ImmutableTextBuffer.h,"(42, 1)-(42, 64)",b'typedef RefPtr<ImmutableTextSnapshot> Immutab...'
swift,../repos/swift/tools/SourceKit/include/SourceKit/Support/ImmutableTextBuffer.h,"(45, 1)-(45, 58)",b'typedef RefPtr<EditableTextBuffer> EditableTe...'
swift,../repos/swift/tools/SourceKit/include/SourceKit/Core/LLVM.h,"(53, 5)-(53, 42)",b'typedef std::shared_ptr<To> ret_type;'
swift,../repos/swift/tools/SourceKit/include/SourceKit/Core/LangSupport.h,"(442, 1)-(442, 77)",b'typedef std::function<void(ArrayRef<Statistic...'
swift,../repos/swift/tools/SourceKit/include/SourceKit/Core/LangSupport.h,"(745, 1)-(745, 57)",b'typedef ArrayRef<DiagnosticEntryInfo> Diagnos...'
swift,../repos/swift/tools/SourceKit/include/SourceKit/Core/LangSupport.h,"(748, 1)-(748, 62)",b'typedef std::vector<SwiftSemanticToken> Seman...'
swift,../repos/swift/tools/SourceKit/include/SourceKit/Core/LangSupport.h,"(918, 1)-(919, 30)",b'typedef std::function<void(RequestResult<Arra...'
swift,../repos/swift/tools/SourceKit/include/SourceKit/Core/LangSupport.h,"(920, 1)-(922, 37)",b'typedef std::function<void(\n    CancellableRe...'
swift,../repos/swift/tools/SourceKit/include/SourceKit/Core/LangSupport.h,"(923, 1)-(923, 88)",b'typedef std::function<void(RequestResult<Inde...'
swift,../repos/swift/tools/SourceKit/include/SourceKit/Core/NotificationCenter.h,"(27, 1)-(28, 40)",b'typedef std::function<void(StringRef Document...'
swift,../repos/swift/tools/SourceKit/include/SourceKit/Core/NotificationCenter.h,"(30, 1)-(32, 42)",b'typedef std::function<void(uint64_t CompileID...'
swift,../repos/swift/tools/SourceKit/include/SourceKit/Core/NotificationCenter.h,"(33, 1)-(35, 42)",b'typedef std::function<void(uint64_t CompileID...'
swift,../repos/swift/tools/SourceKit/tools/sourcekitd/lib/API/TokenAnnotationsArray.cpp,"(65, 3)-(67, 61)","b'typedef CompactArrayReader<sourcekitd_uid_t,\n...'"
swift,../repos/swift/tools/SourceKit/tools/sourcekitd/lib/API/sourcekitdAPI-Common.cpp,"(72, 3)-(72, 72)","b'typedef std::vector<std::pair<UIdent, sourcek...'"
swift,../repos/swift/tools/SourceKit/tools/sourcekitd/lib/API/sourcekitdAPI-InProc.cpp,"(41, 1)-(41, 40)",b'typedef RefPtr<SKDObject> SKDObjectRef;'
swift,../repos/swift/tools/SourceKit/tools/sourcekitd/lib/API/sourcekitdAPI-InProc.cpp,"(319, 3)-(319, 71)","b'typedef std::vector<std::pair<UIdent, sourcek...'"
swift,../repos/swift/tools/SourceKit/tools/sourcekitd/lib/API/sourcekitdAPI-XPC.cpp,"(101, 3)-(101, 71)","b'typedef std::vector<std::pair<UIdent, sourcek...'"
swift,../repos/swift/tools/SourceKit/tools/sourcekitd/lib/API/DocStructureArray.cpp,"(59, 3)-(59, 64)",b'typedef CompactArrayBuilder<StringRef> Inheri...'
swift,../repos/swift/tools/SourceKit/tools/sourcekitd/lib/API/DocStructureArray.cpp,"(61, 3)-(61, 72)","b'typedef CompactArrayBuilder<UIdent, unsigned,...'"
swift,../repos/swift/tools/SourceKit/tools/sourcekitd/lib/API/DocStructureArray.cpp,"(63, 3)-(63, 75)","b'typedef CompactArrayBuilder<UIdent, unsigned,...'"
swift,../repos/swift/tools/SourceKit/tools/sourcekitd/lib/API/DocStructureArray.cpp,"(65, 3)-(65, 63)",b'typedef CompactArrayBuilder<unsigned> Structu...'
swift,../repos/swift/tools/SourceKit/tools/sourcekitd/lib/API/DocStructureArray.cpp,"(344, 3)-(364, 23)","b'typedef CompactArrayReader<unsigned,         ...'"
swift,../repos/swift/tools/SourceKit/tools/sourcekitd/lib/API/DocStructureArray.cpp,"(412, 3)-(413, 28)","b'typedef CompactArrayReader<sourcekitd_uid_t, ...'"
swift,../repos/swift/tools/SourceKit/tools/sourcekitd/lib/API/DocStructureArray.cpp,"(433, 3)-(433, 65)",b'typedef CompactArrayReader<const char *> Comp...'
swift,../repos/swift/tools/SourceKit/tools/sourcekitd/lib/API/DocStructureArray.cpp,"(450, 3)-(450, 89)","b'typedef CompactArrayReader<sourcekitd_uid_t, ...'"
swift,../repos/swift/tools/SourceKit/tools/sourcekitd/lib/API/DocSupportAnnotationArray.cpp,"(63, 3)-(67, 61)","b'typedef CompactArrayReader<sourcekitd_uid_t,\n...'"
swift,../repos/swift/tools/SourceKit/tools/sourcekitd/lib/API/CodeCompletionResultsArray.cpp,"(93, 3)-(104, 60)","b'typedef CompactArrayReader<sourcekitd_uid_t,\n...'"
swift,../repos/swift/tools/SourceKit/tools/sourcekitd/include/sourcekitd/RequestResponsePrinterBase.h,"(38, 3)-(38, 74)",b'typedef std::vector<std::pair<SourceKit::UIde...'
swift,../repos/swift/tools/SourceKit/tools/sourcekitd/include/sourcekitd/sourcekitd.h,"(118, 1)-(118, 66)",b'typedef void(^sourcekitd_interrupted_connecti...'
swift,../repos/swift/tools/SourceKit/tools/sourcekitd/include/sourcekitd/sourcekitd.h,"(144, 1)-(144, 51)",b'typedef struct sourcekitd_uid_s *sourcekitd_uid_t;'
swift,../repos/swift/tools/SourceKit/tools/sourcekitd/include/sourcekitd/sourcekitd.h,"(171, 1)-(171, 35)",b'typedef void *sourcekitd_object_t;'
swift,../repos/swift/tools/SourceKit/tools/sourcekitd/include/sourcekitd/sourcekitd.h,"(298, 1)-(298, 37)",b'typedef void *sourcekitd_response_t;'
swift,../repos/swift/tools/SourceKit/tools/sourcekitd/include/sourcekitd/sourcekitd.h,"(303, 1)-(305, 24)",b'typedef struct {\n  uint64_t data[3];\n} source...'
swift,../repos/swift/tools/SourceKit/tools/sourcekitd/include/sourcekitd/sourcekitd.h,"(307, 1)-(318, 29)",b'typedef enum {\n  SOURCEKITD_VARIANT_TYPE_NULL...'
swift,../repos/swift/tools/SourceKit/tools/sourcekitd/include/sourcekitd/sourcekitd.h,"(320, 1)-(325, 22)",b'typedef enum {\n  SOURCEKITD_ERROR_CONNECTION_...'
swift,../repos/swift/tools/SourceKit/tools/sourcekitd/include/sourcekitd/sourcekitd.h,"(408, 1)-(409, 81)",b'typedef bool (^sourcekitd_variant_dictionary_...'
swift,../repos/swift/tools/SourceKit/tools/sourcekitd/include/sourcekitd/sourcekitd.h,"(428, 1)-(430, 68)",b'typedef bool (*sourcekitd_variant_dictionary_...'
swift,../repos/swift/tools/SourceKit/tools/sourcekitd/include/sourcekitd/sourcekitd.h,"(475, 1)-(476, 80)",b'typedef bool (^sourcekitd_variant_array_appli...'
swift,../repos/swift/tools/SourceKit/tools/sourcekitd/include/sourcekitd/sourcekitd.h,"(495, 1)-(497, 69)",b'typedef bool (*sourcekitd_variant_array_appli...'
swift,../repos/swift/tools/SourceKit/tools/sourcekitd/include/sourcekitd/sourcekitd.h,"(595, 1)-(595, 49)",b'typedef const void *sourcekitd_request_handle_t;'
swift,../repos/swift/tools/SourceKit/tools/sourcekitd/include/sourcekitd/sourcekitd.h,"(602, 1)-(602, 76)",b'typedef void (^sourcekitd_response_receiver_t...'
swift,../repos/swift/tools/SourceKit/tools/sourcekitd/include/sourcekitd/sourcekitd.h,"(654, 1)-(654, 73)",b'typedef sourcekitd_uid_t(^sourcekitd_uid_hand...'
swift,../repos/swift/tools/SourceKit/tools/sourcekitd/include/sourcekitd/sourcekitd.h,"(659, 1)-(659, 82)",b'typedef sourcekitd_uid_t(^sourcekitd_uid_from...'
swift,../repos/swift/tools/SourceKit/tools/sourcekitd/include/sourcekitd/sourcekitd.h,"(660, 1)-(660, 80)",b'typedef const char *(^sourcekitd_str_from_uid...'
swift,../repos/swift/tools/SourceKit/tools/sourcekitd/include/sourcekitd/Service.h,"(38, 1)-(38, 69)",b'typedef std::function<void(sourcekitd_respons...'
swift,../repos/swift/tools/SourceKit/tools/sourcekitd/bin/XPC/Service/XPCService.cpp,"(64, 3)-(64, 48)","b'typedef llvm::DenseMap<void *, UIdent> MapTy;'"
swift,../repos/swift/tools/swift-stdlib-tool/swift-stdlib-tool.cpp,"(227, 1)-(227, 33)",b'typedef BigEndian CurrentEndian;'
swift,../repos/swift/tools/swift-stdlib-tool/swift-stdlib-tool.cpp,"(228, 1)-(228, 34)",b'typedef LittleEndian OtherEndian;'
swift,../repos/swift/tools/swift-stdlib-tool/swift-stdlib-tool.cpp,"(230, 1)-(230, 36)",b'typedef LittleEndian CurrentEndian;'
swift,../repos/swift/tools/swift-stdlib-tool/swift-stdlib-tool.cpp,"(231, 1)-(231, 31)",b'typedef BigEndian OtherEndian;'
swift,../repos/swift/tools/swift-stdlib-tool/swift-stdlib-tool.cpp,"(239, 3)-(239, 27)",b'typedef uint32_t uint_t;'
swift,../repos/swift/tools/swift-stdlib-tool/swift-stdlib-tool.cpp,"(240, 3)-(240, 26)",b'typedef int32_t sint_t;'
swift,../repos/swift/tools/swift-stdlib-tool/swift-stdlib-tool.cpp,"(241, 3)-(241, 16)",b'typedef _E E;'
swift,../repos/swift/tools/swift-stdlib-tool/swift-stdlib-tool.cpp,"(252, 3)-(252, 27)",b'typedef uint64_t uint_t;'
swift,../repos/swift/tools/swift-stdlib-tool/swift-stdlib-tool.cpp,"(253, 3)-(253, 26)",b'typedef int64_t sint_t;'
swift,../repos/swift/tools/swift-stdlib-tool/swift-stdlib-tool.cpp,"(254, 3)-(254, 16)",b'typedef _E E;'
swift,../repos/swift/tools/swift-stdlib-tool/swift-stdlib-tool.cpp,"(331, 3)-(331, 27)",b'typedef typename P::E E;'
swift,../repos/swift/tools/swift-stdlib-tool/swift-stdlib-tool.cpp,"(349, 3)-(349, 27)",b'typedef typename P::E E;'
swift,../repos/swift/tools/swift-stdlib-tool/swift-stdlib-tool.cpp,"(370, 3)-(370, 27)",b'typedef typename P::E E;'
swift,../repos/swift/tools/swift-stdlib-tool/swift-stdlib-tool.cpp,"(419, 3)-(419, 27)",b'typedef typename P::E E;'
swift,../repos/swift/tools/swift-stdlib-tool/swift-stdlib-tool.cpp,"(773, 1)-(774, 76)",b'typedef void (^XcrunToolBlock)(std::vector<ui...'
swift,../repos/swift/tools/libSwiftScan/c-include-check.c,"(5, 1)-(5, 65)",b'typedef swiftscan_module_details_t _check_mod...'
swift,../repos/swift/stdlib/public/Backtracing/modules/ImageFormats/Dwarf/eh_frame_hdr.h,"(45, 1)-(45, 51)","b'typedef EH_FRAME_OPTIONS(uint8_t, EHFrameEncoding)'"
swift,../repos/swift/stdlib/public/Backtracing/modules/ImageFormats/Dwarf/dwarf.h,"(38, 1)-(38, 29)",b'typedef uint8_t  Dwarf_Byte;'
swift,../repos/swift/stdlib/public/Backtracing/modules/ImageFormats/Dwarf/dwarf.h,"(39, 1)-(39, 29)",b'typedef uint16_t Dwarf_Half;'
swift,../repos/swift/stdlib/public/Backtracing/modules/ImageFormats/Dwarf/dwarf.h,"(40, 1)-(40, 29)",b'typedef uint32_t Dwarf_Word;'
swift,../repos/swift/stdlib/public/Backtracing/modules/ImageFormats/Dwarf/dwarf.h,"(41, 1)-(41, 30)",b'typedef uint64_t Dwarf_Xword;'
swift,../repos/swift/stdlib/public/Backtracing/modules/ImageFormats/Dwarf/dwarf.h,"(42, 1)-(42, 30)",b'typedef int8_t   Dwarf_Sbyte;'
swift,../repos/swift/stdlib/public/Backtracing/modules/ImageFormats/Dwarf/dwarf.h,"(43, 1)-(43, 30)",b'typedef int32_t  Dwarf_Sword;'
swift,../repos/swift/stdlib/public/Backtracing/modules/ImageFormats/Dwarf/dwarf.h,"(44, 1)-(44, 31)",b'typedef int64_t  Dwarf_Sxword;'
swift,../repos/swift/stdlib/public/Backtracing/modules/ImageFormats/Dwarf/dwarf.h,"(47, 1)-(47, 33)",b'typedef uint32_t Dwarf32_Offset;'
swift,../repos/swift/stdlib/public/Backtracing/modules/ImageFormats/Dwarf/dwarf.h,"(48, 1)-(48, 31)",b'typedef uint32_t Dwarf32_Size;'
swift,../repos/swift/stdlib/public/Backtracing/modules/ImageFormats/Dwarf/dwarf.h,"(49, 1)-(49, 33)",b'typedef uint32_t Dwarf32_Length;'
swift,../repos/swift/stdlib/public/Backtracing/modules/ImageFormats/Dwarf/dwarf.h,"(52, 1)-(52, 33)",b'typedef uint64_t Dwarf64_Offset;'
swift,../repos/swift/stdlib/public/Backtracing/modules/ImageFormats/Dwarf/dwarf.h,"(53, 1)-(53, 31)",b'typedef uint64_t Dwarf64_Size;'
swift,../repos/swift/stdlib/public/Backtracing/modules/ImageFormats/Dwarf/dwarf.h,"(54, 1)-(57, 18)",b'typedef struct {\n  uint32_t magic;  // 0xffff...'
swift,../repos/swift/stdlib/public/Backtracing/modules/ImageFormats/Dwarf/dwarf.h,"(62, 1)-(62, 47)","b'typedef DWARF_ENUM(Dwarf_Byte, Dwarf_UnitType)'"
swift,../repos/swift/stdlib/public/Backtracing/modules/ImageFormats/Dwarf/dwarf.h,"(77, 1)-(77, 43)","b'typedef DWARF_ENUM(Dwarf_Xword, Dwarf_Tag)'"
swift,../repos/swift/stdlib/public/Backtracing/modules/ImageFormats/Dwarf/dwarf.h,"(159, 1)-(159, 57)","b'typedef DWARF_ENUM(Dwarf_Byte, Dwarf_ChildDet...'"
swift,../repos/swift/stdlib/public/Backtracing/modules/ImageFormats/Dwarf/dwarf.h,"(167, 1)-(167, 51)",b'typedef enum DWARF_EXTENSIBLE_ENUM Dwarf_Attribute'
swift,../repos/swift/stdlib/public/Backtracing/modules/ImageFormats/Dwarf/dwarf.h,"(315, 1)-(315, 43)","b'typedef DWARF_ENUM(Dwarf_Byte, Dwarf_Form)'"
swift,../repos/swift/stdlib/public/Backtracing/modules/ImageFormats/Dwarf/dwarf.h,"(547, 1)-(547, 49)","b'typedef DWARF_ENUM(Dwarf_Byte, Dwarf_LNS_Opcode)'"
swift,../repos/swift/stdlib/public/Backtracing/modules/ImageFormats/Dwarf/dwarf.h,"(564, 1)-(564, 49)","b'typedef DWARF_ENUM(Dwarf_Byte, Dwarf_LNE_Opcode)'"
swift,../repos/swift/stdlib/public/Backtracing/modules/ImageFormats/Dwarf/dwarf.h,"(574, 1)-(574, 50)","b'typedef DWARF_ENUM(Dwarf_Half, Dwarf_Lhdr_Format)'"
swift,../repos/swift/stdlib/public/Backtracing/modules/ImageFormats/Dwarf/dwarf.h,"(585, 1)-(608, 16)",b'typedef struct {\n  Dwarf32_Length length;\n  D...'
swift,../repos/swift/stdlib/public/Backtracing/modules/ImageFormats/Dwarf/dwarf.h,"(610, 1)-(633, 16)",b'typedef struct {\n  Dwarf64_Length length;\n  D...'
swift,../repos/swift/stdlib/public/Backtracing/modules/ImageFormats/Dwarf/dwarf.h,"(672, 1)-(672, 48)","b'typedef DWARF_ENUM(Dwarf_Byte, Dwarf_RLE_Entry)'"
swift,../repos/swift/stdlib/public/Backtracing/modules/ImageFormats/Dwarf/dwarf.h,"(686, 1)-(701, 18)",b'typedef struct {\n  Dwarf32_Length length;\n  D...'
swift,../repos/swift/stdlib/public/Backtracing/modules/ImageFormats/Dwarf/dwarf.h,"(703, 1)-(718, 18)",b'typedef struct {\n  Dwarf64_Length length;\n  D...'
swift,../repos/swift/stdlib/public/Backtracing/modules/ImageFormats/Dwarf/dwarf.h,"(723, 1)-(733, 18)",b'typedef struct {\n  Dwarf32_Length length;\n  D...'
swift,../repos/swift/stdlib/public/Backtracing/modules/ImageFormats/Elf/elf.h,"(36, 1)-(36, 27)",b'typedef uint8_t  Elf_Byte;'
swift,../repos/swift/stdlib/public/Backtracing/modules/ImageFormats/Elf/elf.h,"(37, 1)-(37, 27)",b'typedef uint16_t Elf_Half;'
swift,../repos/swift/stdlib/public/Backtracing/modules/ImageFormats/Elf/elf.h,"(38, 1)-(38, 27)",b'typedef uint32_t Elf_Word;'
swift,../repos/swift/stdlib/public/Backtracing/modules/ImageFormats/Elf/elf.h,"(39, 1)-(39, 28)",b'typedef uint64_t Elf_Xword;'
swift,../repos/swift/stdlib/public/Backtracing/modules/ImageFormats/Elf/elf.h,"(40, 1)-(40, 28)",b'typedef int32_t  Elf_Sword;'
swift,../repos/swift/stdlib/public/Backtracing/modules/ImageFormats/Elf/elf.h,"(41, 1)-(41, 29)",b'typedef int64_t  Elf_Sxword;'
swift,../repos/swift/stdlib/public/Backtracing/modules/ImageFormats/Elf/elf.h,"(44, 1)-(44, 30)",b'typedef Elf_Byte  Elf32_Byte;'
swift,../repos/swift/stdlib/public/Backtracing/modules/ImageFormats/Elf/elf.h,"(45, 1)-(45, 30)",b'typedef uint32_t  Elf32_Addr;'
swift,../repos/swift/stdlib/public/Backtracing/modules/ImageFormats/Elf/elf.h,"(46, 1)-(46, 30)",b'typedef Elf_Half  Elf32_Half;'
swift,../repos/swift/stdlib/public/Backtracing/modules/ImageFormats/Elf/elf.h,"(47, 1)-(47, 29)",b'typedef uint32_t  Elf32_Off;'
swift,../repos/swift/stdlib/public/Backtracing/modules/ImageFormats/Elf/elf.h,"(48, 1)-(48, 31)",b'typedef Elf_Sword Elf32_Sword;'
swift,../repos/swift/stdlib/public/Backtracing/modules/ImageFormats/Elf/elf.h,"(49, 1)-(49, 30)",b'typedef Elf_Word  Elf32_Word;'
swift,../repos/swift/stdlib/public/Backtracing/modules/ImageFormats/Elf/elf.h,"(52, 1)-(52, 31)",b'typedef Elf_Byte   Elf64_Byte;'
swift,../repos/swift/stdlib/public/Backtracing/modules/ImageFormats/Elf/elf.h,"(53, 1)-(53, 31)",b'typedef uint64_t   Elf64_Addr;'
swift,../repos/swift/stdlib/public/Backtracing/modules/ImageFormats/Elf/elf.h,"(54, 1)-(54, 30)",b'typedef uint64_t   Elf64_Off;'
swift,../repos/swift/stdlib/public/Backtracing/modules/ImageFormats/Elf/elf.h,"(55, 1)-(55, 31)",b'typedef Elf_Half   Elf64_Half;'
swift,../repos/swift/stdlib/public/Backtracing/modules/ImageFormats/Elf/elf.h,"(56, 1)-(56, 31)",b'typedef Elf_Word   Elf64_Word;'
swift,../repos/swift/stdlib/public/Backtracing/modules/ImageFormats/Elf/elf.h,"(57, 1)-(57, 32)",b'typedef Elf_Sword  Elf64_Sword;'
swift,../repos/swift/stdlib/public/Backtracing/modules/ImageFormats/Elf/elf.h,"(58, 1)-(58, 32)",b'typedef Elf_Xword  Elf64_Xword;'
swift,../repos/swift/stdlib/public/Backtracing/modules/ImageFormats/Elf/elf.h,"(59, 1)-(59, 33)",b'typedef Elf_Sxword Elf64_Sxword;'
swift,../repos/swift/stdlib/public/Backtracing/modules/ImageFormats/Elf/elf.h,"(64, 1)-(64, 42)","b'typedef ELF_ENUM(Elf_Half, Elf_Ehdr_Type)'"
swift,../repos/swift/stdlib/public/Backtracing/modules/ImageFormats/Elf/elf.h,"(77, 1)-(77, 45)","b'typedef ELF_ENUM(Elf_Half, Elf_Ehdr_Machine)'"
swift,../repos/swift/stdlib/public/Backtracing/modules/ImageFormats/Elf/elf.h,"(248, 1)-(248, 45)","b'typedef ELF_ENUM(Elf_Word, Elf_Ehdr_Version)'"
swift,../repos/swift/stdlib/public/Backtracing/modules/ImageFormats/Elf/elf.h,"(276, 1)-(276, 43)","b'typedef ELF_ENUM(Elf_Byte, Elf_Ehdr_Class)'"
swift,../repos/swift/stdlib/public/Backtracing/modules/ImageFormats/Elf/elf.h,"(283, 1)-(283, 42)","b'typedef ELF_ENUM(Elf_Byte, Elf_Ehdr_Data)'"
swift,../repos/swift/stdlib/public/Backtracing/modules/ImageFormats/Elf/elf.h,"(290, 1)-(290, 43)","b'typedef ELF_ENUM(Elf_Byte, Elf_Ehdr_OsAbi)'"
swift,../repos/swift/stdlib/public/Backtracing/modules/ImageFormats/Elf/elf.h,"(329, 1)-(329, 42)","b'typedef ELF_ENUM(Elf_Word, Elf_Shdr_Type)'"
swift,../repos/swift/stdlib/public/Backtracing/modules/ImageFormats/Elf/elf.h,"(399, 1)-(399, 42)","b'typedef ELF_ENUM(Elf_Word, Elf_Chdr_Type)'"
swift,../repos/swift/stdlib/public/Backtracing/modules/ImageFormats/Elf/elf.h,"(415, 1)-(415, 44)","b'typedef ELF_ENUM(Elf_Byte, Elf_Sym_Binding)'"
swift,../repos/swift/stdlib/public/Backtracing/modules/ImageFormats/Elf/elf.h,"(427, 1)-(427, 41)","b'typedef ELF_ENUM(Elf_Byte, Elf_Sym_Type)'"
swift,../repos/swift/stdlib/public/Backtracing/modules/ImageFormats/Elf/elf.h,"(443, 1)-(443, 47)","b'typedef ELF_ENUM(Elf_Byte, Elf_Sym_Visibility)'"
swift,../repos/swift/stdlib/public/Backtracing/modules/ImageFormats/Elf/elf.h,"(451, 1)-(451, 42)","b'typedef ELF_ENUM(Elf_Word, Elf_Phdr_Type)'"
swift,../repos/swift/stdlib/public/Backtracing/modules/ImageFormats/Elf/elf.h,"(477, 1)-(477, 46)","b'typedef ELF_OPTIONS(Elf_Word, Elf_Phdr_Flags)'"
swift,../repos/swift/stdlib/public/Backtracing/modules/ImageFormats/Elf/elf.h,"(554, 1)-(569, 14)",b'typedef struct {\n  Elf32_Byte       e_ident[E...'
swift,../repos/swift/stdlib/public/Backtracing/modules/ImageFormats/Elf/elf.h,"(571, 1)-(586, 14)",b'typedef struct {\n  Elf64_Byte       e_ident[E...'
swift,../repos/swift/stdlib/public/Backtracing/modules/ImageFormats/Elf/elf.h,"(590, 1)-(601, 14)",b'typedef struct {\n  Elf32_Word    sh_name;\n  E...'
swift,../repos/swift/stdlib/public/Backtracing/modules/ImageFormats/Elf/elf.h,"(603, 1)-(614, 14)",b'typedef struct {\n  Elf64_Word    sh_name;\n  E...'
swift,../repos/swift/stdlib/public/Backtracing/modules/ImageFormats/Elf/elf.h,"(618, 1)-(622, 14)",b'typedef struct {\n  Elf_Chdr_Type ch_type;\n  E...'
swift,../repos/swift/stdlib/public/Backtracing/modules/ImageFormats/Elf/elf.h,"(624, 1)-(629, 14)",b'typedef struct {\n  Elf_Chdr_Type ch_type;\n  E...'
swift,../repos/swift/stdlib/public/Backtracing/modules/ImageFormats/Elf/elf.h,"(633, 1)-(640, 13)",b'typedef struct {\n  Elf32_Word st_name;\n  Elf3...'
swift,../repos/swift/stdlib/public/Backtracing/modules/ImageFormats/Elf/elf.h,"(642, 1)-(649, 13)",b'typedef struct {\n  Elf64_Word  st_name;\n  Elf...'
swift,../repos/swift/stdlib/public/Backtracing/modules/ImageFormats/Elf/elf.h,"(672, 1)-(675, 13)",b'typedef struct {\n  Elf32_Addr    r_offset;\n  ...'
swift,../repos/swift/stdlib/public/Backtracing/modules/ImageFormats/Elf/elf.h,"(677, 1)-(681, 14)",b'typedef struct {\n  Elf32_Addr    r_offset;\n  ...'
swift,../repos/swift/stdlib/public/Backtracing/modules/ImageFormats/Elf/elf.h,"(683, 1)-(686, 13)",b'typedef struct {\n  Elf64_Addr    r_offset;\n  ...'
swift,../repos/swift/stdlib/public/Backtracing/modules/ImageFormats/Elf/elf.h,"(688, 1)-(692, 14)",b'typedef struct {\n  Elf64_Addr    r_offset;\n  ...'
swift,../repos/swift/stdlib/public/Backtracing/modules/ImageFormats/Elf/elf.h,"(708, 1)-(717, 14)",b'typedef struct {\n  Elf_Phdr_Type   p_type;\n  ...'
swift,../repos/swift/stdlib/public/Backtracing/modules/ImageFormats/Elf/elf.h,"(719, 1)-(728, 14)",b'typedef struct {\n  Elf_Phdr_Type   p_type;\n  ...'
swift,../repos/swift/stdlib/public/Backtracing/modules/ImageFormats/Elf/elf.h,"(732, 1)-(736, 14)",b'typedef struct {\n  Elf32_Word n_namesz;\n  Elf...'
swift,../repos/swift/stdlib/public/Backtracing/modules/ImageFormats/Elf/elf.h,"(738, 1)-(742, 14)",b'typedef struct {\n  Elf64_Word n_namesz;\n  Elf...'
swift,../repos/swift/stdlib/public/Backtracing/modules/ImageFormats/Elf/elf.h,"(746, 1)-(752, 13)",b'typedef struct {\n  Elf32_Sword   d_tag;\n  uni...'
swift,../repos/swift/stdlib/public/Backtracing/modules/ImageFormats/Elf/elf.h,"(754, 1)-(760, 13)",b'typedef struct {\n  Elf64_Sxword  d_tag;\n  uni...'
swift,../repos/swift/stdlib/public/Backtracing/modules/ImageFormats/Elf/elf.h,"(764, 1)-(767, 14)",b'typedef struct {\n  Elf32_Word h_nbucket;\n  El...'
swift,../repos/swift/stdlib/public/Backtracing/modules/ImageFormats/Elf/elf.h,"(769, 1)-(772, 14)",b'typedef struct {\n  Elf64_Word h_nbucket;\n  El...'
swift,../repos/swift/stdlib/public/Backtracing/modules/OS/Libc.h,"(57, 1)-(57, 23)",b'typedef __int64 off_t;'
swift,../repos/swift/stdlib/public/Backtracing/modules/OS/Libc.h,"(58, 1)-(58, 21)",b'typedef int ssize_t;'
swift,../repos/swift/stdlib/public/Backtracing/modules/OS/Darwin.h,"(125, 1)-(125, 64)",b'typedef struct dyld_process_cache_info dyld_p...'
swift,../repos/swift/stdlib/public/Backtracing/modules/OS/Darwin.h,"(126, 1)-(126, 64)",b'typedef const struct dyld_process_info_base* ...'
swift,../repos/swift/stdlib/public/Backtracing/modules/OS/Darwin.h,"(144, 1)-(144, 28)",b'typedef int32_t cpu_type_t;'
swift,../repos/swift/stdlib/public/Backtracing/modules/OS/Darwin.h,"(145, 1)-(145, 31)",b'typedef int32_t cpu_subtype_t;'
swift,../repos/swift/stdlib/public/Backtracing/modules/OS/Darwin.h,"(152, 1)-(152, 47)",b'typedef struct _CSArchitecture CSArchitecture;'
swift,../repos/swift/stdlib/public/Backtracing/modules/OS/Darwin.h,"(170, 1)-(174, 33)",b'typedef struct _CSBinaryRelocationInformation...'
swift,../repos/swift/stdlib/public/Backtracing/modules/OS/Darwin.h,"(176, 1)-(185, 28)",b'typedef struct _CSBinaryImageInformation {\n  ...'
swift,../repos/swift/stdlib/public/Backtracing/modules/OS/Darwin.h,"(187, 1)-(187, 32)",b'typedef uint64_t CSMachineTime;'
swift,../repos/swift/stdlib/public/Backtracing/modules/OS/Darwin.h,"(199, 1)-(199, 37)",b'typedef struct _CSTypeRef CSTypeRef;'
swift,../repos/swift/stdlib/public/Backtracing/modules/OS/Darwin.h,"(201, 1)-(201, 29)",b'typedef CSTypeRef CSNullRef;'
swift,../repos/swift/stdlib/public/Backtracing/modules/OS/Darwin.h,"(202, 1)-(202, 37)",b'typedef CSTypeRef CSSymbolicatorRef;'
swift,../repos/swift/stdlib/public/Backtracing/modules/OS/Darwin.h,"(203, 1)-(203, 36)",b'typedef CSTypeRef CSSymbolOwnerRef;'
swift,../repos/swift/stdlib/public/Backtracing/modules/OS/Darwin.h,"(204, 1)-(204, 31)",b'typedef CSTypeRef CSSymbolRef;'
swift,../repos/swift/stdlib/public/Backtracing/modules/OS/Darwin.h,"(205, 1)-(205, 35)",b'typedef CSTypeRef CSSourceInfoRef;'
swift,../repos/swift/stdlib/public/Backtracing/modules/OS/Darwin.h,"(209, 1)-(209, 63)",b'typedef void (^CSSymbolOwnerIterator)(CSSymbo...'
swift,../repos/swift/stdlib/public/Backtracing/modules/OS/Darwin.h,"(210, 1)-(210, 80)",b'typedef void (^CSStackFrameIterator)(CSSymbol...'
swift,../repos/swift/stdlib/public/Backtracing/modules/OS/Darwin.h,"(212, 1)-(227, 22)",b'typedef struct _CSNotificationData {\n    CSSy...'
swift,../repos/swift/stdlib/public/Backtracing/modules/OS/Darwin.h,"(229, 1)-(229, 77)",b'typedef void (^CSNotificationBlock)(uint32_t ...'
swift,../repos/swift/stdlib/public/Backtracing/modules/OS/Darwin.h,"(236, 1)-(236, 33)",b'typedef struct _CSRange CSRange;'
swift,../repos/swift/stdlib/public/Backtracing/modules/Compression.h,"(42, 1)-(62, 12)",b'typedef struct z_stream_s {\n  uint8_t *next_i...'
swift,../repos/swift/stdlib/public/Backtracing/modules/Compression.h,"(64, 1)-(64, 29)",b'typedef z_stream *z_streamp;'
swift,../repos/swift/stdlib/public/Backtracing/modules/Compression.h,"(70, 1)-(74, 17)",b'typedef struct ZSTD_inBuffer_s {\n  const void...'
swift,../repos/swift/stdlib/public/Backtracing/modules/Compression.h,"(76, 1)-(80, 18)",b'typedef struct ZSTD_outBuffer_s {\n  void *dst...'
swift,../repos/swift/stdlib/public/Backtracing/modules/Compression.h,"(86, 1)-(99, 12)","b'typedef enum {\n  LZMA_OK = 0,\n  LZMA_STREAM_E...'"
swift,../repos/swift/stdlib/public/Backtracing/modules/Compression.h,"(101, 1)-(107, 15)","b'typedef enum {\n  LZMA_RUN = 0,\n  LZMA_SYNC_FL...'"
swift,../repos/swift/stdlib/public/Backtracing/modules/Compression.h,"(109, 1)-(111, 22)","b'typedef enum {\n  LZMA_RESERVED_ENUM = 0,\n} lz...'"
swift,../repos/swift/stdlib/public/Backtracing/modules/Compression.h,"(113, 1)-(117, 18)","b'typedef struct {\n  void *(*alloc)(void *, siz...'"
swift,../repos/swift/stdlib/public/Backtracing/modules/Compression.h,"(119, 1)-(119, 46)",b'typedef struct lzma_internal_s lzma_internal;'
swift,../repos/swift/stdlib/public/Backtracing/modules/Compression.h,"(121, 1)-(144, 15)",b'typedef struct {\n  const uint8_t *next_in;\n  ...'
swift,../repos/swift/stdlib/public/runtime/EnvironmentVariables.cpp,"(32, 1)-(32, 28)",b'typedef const char *string;'
swift,../repos/swift/stdlib/public/runtime/BytecodeLayouts.cpp,"(67, 1)-(67, 64)",b'typedef Metadata *(*MetadataAccessor)(const M...'
swift,../repos/swift/stdlib/public/runtime/BytecodeLayouts.cpp,"(352, 1)-(352, 51)",b'typedef unsigned (*GetEnumTagFn)(const uint8_t *);'
swift,../repos/swift/stdlib/public/runtime/BytecodeLayouts.cpp,"(817, 1)-(818, 63)",b'typedef void (*DestrFn)(const Metadata *metad...'
swift,../repos/swift/stdlib/public/runtime/BytecodeLayouts.cpp,"(1044, 1)-(1048, 48)",b'typedef void (*InitFn)(const Metadata *metada...'
swift,../repos/swift/stdlib/public/runtime/BytecodeLayouts.cpp,"(1829, 1)-(1830, 42)",b'typedef void (*AssignCPFn)(const Metadata *me...'
swift,../repos/swift/stdlib/public/runtime/BacktracePrivate.h,"(40, 1)-(40, 25)",b'typedef wchar_t ArgChar;'
swift,../repos/swift/stdlib/public/runtime/BacktracePrivate.h,"(41, 1)-(41, 25)",b'typedef DWORD ErrorCode;'
swift,../repos/swift/stdlib/public/runtime/BacktracePrivate.h,"(43, 1)-(43, 22)",b'typedef char ArgChar;'
swift,../repos/swift/stdlib/public/runtime/BacktracePrivate.h,"(44, 1)-(44, 23)",b'typedef int ErrorCode;'
swift,../repos/swift/stdlib/public/runtime/SwiftValue.h,"(33, 1)-(33, 42)",b'typedef struct __SwiftValue __SwiftValue;'
swift,../repos/swift/stdlib/public/runtime/Metadata.cpp,"(1915, 1)-(1915, 72)",b'typedef ValueWitnessTypes::initializeWithCopy...'
swift,../repos/swift/stdlib/public/runtime/DynamicCast.cpp,"(86, 1)-(91, 3)",b'typedef DynamicCastResult (tryCastFunctionTyp...'
swift,../repos/swift/stdlib/public/runtime/Array.cpp,"(63, 1)-(64, 65)",b'typedef OpaqueValue *(*const WitnessFunction)...'
swift,../repos/swift/stdlib/public/runtime/SwiftDtoa.cpp,"(133, 1)-(133, 37)",b'typedef __uint128_t swift_uint128_t;'
swift,../repos/swift/stdlib/public/runtime/SwiftDtoa.cpp,"(137, 1)-(139, 19)","b'typedef struct {\n    uint32_t low, b, c, high...'"
swift,../repos/swift/stdlib/public/runtime/SwiftDtoa.cpp,"(209, 1)-(209, 71)","b'typedef struct {uint64_t low, midlow, midhigh...'"
swift,../repos/swift/stdlib/public/runtime/SwiftDtoa.cpp,"(225, 1)-(225, 53)",b'typedef struct { uint32_t elt[8]; } swift_uin...'
swift,../repos/swift/stdlib/public/Concurrency/Clock.cpp,"(80, 7)-(80, 73)",b'typedef decltype(QueryUnbiasedInterruptTimePr...'
swift,../repos/swift/stdlib/public/SwiftShims/swift/shims/SwiftStddef.h,"(32, 1)-(32, 38)",b'typedef __SIZE_TYPE__ __swift_size_t;'
swift,../repos/swift/stdlib/public/SwiftShims/swift/shims/SwiftStddef.h,"(35, 1)-(35, 31)",b'typedef size_t __swift_size_t;'
swift,../repos/swift/stdlib/public/SwiftShims/swift/shims/SwiftStddef.h,"(40, 1)-(45, 78)",b'typedef __typeof__(_Generic((__swift_size_t)0...'
swift,../repos/swift/stdlib/public/SwiftShims/swift/shims/EmbeddedShims.h,"(44, 1)-(44, 80)",b'typedef void SWIFT_CC_swift (*HeapObjectDestr...'
swift,../repos/swift/stdlib/public/SwiftShims/swift/shims/SwiftStdint.h,"(29, 1)-(29, 33)",b'typedef int64_t __swift_int64_t;'
swift,../repos/swift/stdlib/public/SwiftShims/swift/shims/SwiftStdint.h,"(30, 1)-(30, 35)",b'typedef uint64_t __swift_uint64_t;'
swift,../repos/swift/stdlib/public/SwiftShims/swift/shims/SwiftStdint.h,"(31, 1)-(31, 33)",b'typedef int32_t __swift_int32_t;'
swift,../repos/swift/stdlib/public/SwiftShims/swift/shims/SwiftStdint.h,"(32, 1)-(32, 35)",b'typedef uint32_t __swift_uint32_t;'
swift,../repos/swift/stdlib/public/SwiftShims/swift/shims/SwiftStdint.h,"(33, 1)-(33, 33)",b'typedef int16_t __swift_int16_t;'
swift,../repos/swift/stdlib/public/SwiftShims/swift/shims/SwiftStdint.h,"(34, 1)-(34, 35)",b'typedef uint16_t __swift_uint16_t;'
swift,../repos/swift/stdlib/public/SwiftShims/swift/shims/SwiftStdint.h,"(35, 1)-(35, 31)",b'typedef int8_t __swift_int8_t;'
swift,../repos/swift/stdlib/public/SwiftShims/swift/shims/SwiftStdint.h,"(36, 1)-(36, 33)",b'typedef uint8_t __swift_uint8_t;'
swift,../repos/swift/stdlib/public/SwiftShims/swift/shims/SwiftStdint.h,"(37, 1)-(37, 35)",b'typedef intptr_t __swift_intptr_t;'
swift,../repos/swift/stdlib/public/SwiftShims/swift/shims/SwiftStdint.h,"(38, 1)-(38, 37)",b'typedef uintptr_t __swift_uintptr_t;'
swift,../repos/swift/stdlib/public/SwiftShims/swift/shims/SwiftStdint.h,"(40, 1)-(40, 40)",b'typedef __INT64_TYPE__ __swift_int64_t;'
swift,../repos/swift/stdlib/public/SwiftShims/swift/shims/SwiftStdint.h,"(42, 1)-(42, 42)",b'typedef __UINT64_TYPE__ __swift_uint64_t;'
swift,../repos/swift/stdlib/public/SwiftShims/swift/shims/SwiftStdint.h,"(44, 1)-(44, 50)",b'typedef unsigned __INT64_TYPE__ __swift_uint64_t;'
swift,../repos/swift/stdlib/public/SwiftShims/swift/shims/SwiftStdint.h,"(47, 1)-(47, 40)",b'typedef __INT32_TYPE__ __swift_int32_t;'
swift,../repos/swift/stdlib/public/SwiftShims/swift/shims/SwiftStdint.h,"(49, 1)-(49, 42)",b'typedef __UINT32_TYPE__ __swift_uint32_t;'
swift,../repos/swift/stdlib/public/SwiftShims/swift/shims/SwiftStdint.h,"(51, 1)-(51, 50)",b'typedef unsigned __INT32_TYPE__ __swift_uint32_t;'
swift,../repos/swift/stdlib/public/SwiftShims/swift/shims/SwiftStdint.h,"(54, 1)-(54, 40)",b'typedef __INT16_TYPE__ __swift_int16_t;'
swift,../repos/swift/stdlib/public/SwiftShims/swift/shims/SwiftStdint.h,"(56, 1)-(56, 42)",b'typedef __UINT16_TYPE__ __swift_uint16_t;'
swift,../repos/swift/stdlib/public/SwiftShims/swift/shims/SwiftStdint.h,"(58, 1)-(58, 50)",b'typedef unsigned __INT16_TYPE__ __swift_uint16_t;'
swift,../repos/swift/stdlib/public/SwiftShims/swift/shims/SwiftStdint.h,"(61, 1)-(61, 38)",b'typedef __INT8_TYPE__ __swift_int8_t;'
swift,../repos/swift/stdlib/public/SwiftShims/swift/shims/SwiftStdint.h,"(63, 1)-(63, 40)",b'typedef __UINT8_TYPE__ __swift_uint8_t;'
swift,../repos/swift/stdlib/public/SwiftShims/swift/shims/SwiftStdint.h,"(65, 1)-(65, 48)",b'typedef unsigned __INT8_TYPE__ __swift_uint8_t;'
swift,../repos/swift/stdlib/public/SwiftShims/swift/shims/SwiftStdint.h,"(75, 1)-(75, 42)",b'typedef __swift_int64_t __swift_intptr_t;'
swift,../repos/swift/stdlib/public/SwiftShims/swift/shims/SwiftStdint.h,"(76, 1)-(76, 44)",b'typedef __swift_uint64_t __swift_uintptr_t;'
swift,../repos/swift/stdlib/public/SwiftShims/swift/shims/SwiftStdint.h,"(78, 1)-(78, 42)",b'typedef __swift_int32_t __swift_intptr_t;'
swift,../repos/swift/stdlib/public/SwiftShims/swift/shims/SwiftStdint.h,"(79, 1)-(79, 44)",b'typedef __swift_uint32_t __swift_uintptr_t;'
swift,../repos/swift/stdlib/public/SwiftShims/swift/shims/SwiftStdint.h,"(84, 1)-(84, 41)",b'typedef __swift_intn_t(__INTPTR_WIDTH__)'
swift,../repos/swift/stdlib/public/SwiftShims/swift/shims/SwiftStdint.h,"(85, 1)-(85, 42)",b'typedef __swift_uintn_t(__INTPTR_WIDTH__)'
swift,../repos/swift/stdlib/public/SwiftShims/swift/shims/_SwiftConcurrency.h,"(24, 1)-(26, 17)",b'typedef struct _SwiftContext {\n  struct _Swif...'
swift,../repos/swift/stdlib/public/SwiftShims/swift/shims/MetadataSections.h,"(37, 1)-(40, 24)",b'typedef struct MetadataSectionRange {\n  __swi...'
swift,../repos/swift/stdlib/public/SwiftShims/swift/shims/RuntimeShims.h,"(127, 1)-(129, 23)",b'typedef struct {\n  __swift_uint32_t _value;\n}...'
swift,../repos/swift/stdlib/public/SwiftShims/swift/shims/FoundationShims.h,"(36, 1)-(39, 17)",b'typedef struct {\n  __swift_intptr_t location;...'
swift,../repos/swift/stdlib/public/SwiftShims/swift/shims/FoundationShims.h,"(42, 1)-(47, 32)",b'typedef struct {\n    unsigned long state;\n   ...'
swift,../repos/swift/stdlib/public/SwiftShims/swift/shims/FoundationShims.h,"(51, 1)-(55, 34)",b'typedef struct {\n  __swift_intptr_t majorVers...'
swift,../repos/swift/stdlib/public/SwiftShims/swift/shims/RefCount.h,"(20, 1)-(22, 30)",b'typedef struct {\n  __swift_uintptr_t refCount...'
swift,../repos/swift/stdlib/public/SwiftShims/swift/shims/RefCount.h,"(26, 1)-(26, 52)",b'typedef InlineRefCountsPlaceholder InlineRefC...'
swift,../repos/swift/stdlib/public/SwiftShims/swift/shims/RefCount.h,"(207, 3)-(207, 25)",b'typedef uint64_t Type;'
swift,../repos/swift/stdlib/public/SwiftShims/swift/shims/RefCount.h,"(208, 3)-(208, 30)",b'typedef int64_t SignedType;'
swift,../repos/swift/stdlib/public/SwiftShims/swift/shims/RefCount.h,"(214, 3)-(214, 25)",b'typedef uint64_t Type;'
swift,../repos/swift/stdlib/public/SwiftShims/swift/shims/RefCount.h,"(215, 3)-(215, 30)",b'typedef int64_t SignedType;'
swift,../repos/swift/stdlib/public/SwiftShims/swift/shims/RefCount.h,"(221, 3)-(221, 25)",b'typedef uint32_t Type;'
swift,../repos/swift/stdlib/public/SwiftShims/swift/shims/RefCount.h,"(222, 3)-(222, 30)",b'typedef int32_t SignedType;'
swift,../repos/swift/stdlib/public/SwiftShims/swift/shims/RefCount.h,"(349, 3)-(350, 14)",b'typedef typename RefCountBitsInt<refcountIsIn...'
swift,../repos/swift/stdlib/public/SwiftShims/swift/shims/RefCount.h,"(351, 3)-(352, 20)",b'typedef typename RefCountBitsInt<refcountIsIn...'
swift,../repos/swift/stdlib/public/SwiftShims/swift/shims/RefCount.h,"(353, 3)-(354, 13)",b'typedef RefCountBitOffsets<sizeof(BitsType)>\n...'
swift,../repos/swift/stdlib/public/SwiftShims/swift/shims/RefCount.h,"(632, 1)-(632, 60)",b'typedef RefCountBitsT<RefCountIsInline> Inlin...'
swift,../repos/swift/stdlib/public/SwiftShims/swift/shims/RefCount.h,"(1310, 1)-(1310, 55)",b'typedef RefCounts<InlineRefCountBits> InlineR...'
swift,../repos/swift/stdlib/public/SwiftShims/swift/shims/RefCount.h,"(1311, 1)-(1311, 61)",b'typedef RefCounts<SideTableRefCountBits> Side...'
swift,../repos/swift/stdlib/public/SwiftShims/swift/shims/RefCount.h,"(1622, 1)-(1622, 48)",b'typedef swift::InlineRefCounts InlineRefCounts;'
swift,../repos/swift/stdlib/public/SwiftShims/swift/shims/LibcOverlayShims.h,"(29, 1)-(29, 20)",b'typedef int mode_t;'
swift,../repos/swift/stdlib/public/SwiftShims/swift/shims/Reflection.h,"(23, 1)-(23, 43)",b'typedef void (*NameFreeFunc)(const char*);'
swift,../repos/swift/stdlib/public/SwiftShims/swift/shims/Reflection.h,"(25, 1)-(30, 28)",b'typedef struct _FieldReflectionMetadata {\n  c...'
swift,../repos/swift/stdlib/public/SwiftShims/swift/shims/HeapObject.h,"(34, 1)-(34, 42)",b'typedef struct HeapMetadata HeapMetadata;'
swift,../repos/swift/stdlib/public/SwiftShims/swift/shims/HeapObject.h,"(35, 1)-(35, 38)",b'typedef struct HeapObject HeapObject;'
swift,../repos/swift/stdlib/public/SwiftShims/swift/shims/CoreFoundationShims.h,"(31, 1)-(31, 52)",b'typedef unsigned long long _swift_shims_CFHas...'
swift,../repos/swift/stdlib/public/SwiftShims/swift/shims/CoreFoundationShims.h,"(32, 1)-(32, 47)",b'typedef signed long long _swift_shims_CFIndex;'
swift,../repos/swift/stdlib/public/SwiftShims/swift/shims/CoreFoundationShims.h,"(34, 1)-(34, 47)",b'typedef unsigned long _swift_shims_CFHashCode;'
swift,../repos/swift/stdlib/public/SwiftShims/swift/shims/CoreFoundationShims.h,"(35, 1)-(35, 42)",b'typedef signed long _swift_shims_CFIndex;'
swift,../repos/swift/stdlib/public/SwiftShims/swift/shims/CoreFoundationShims.h,"(39, 1)-(39, 44)",b'typedef unsigned char _swift_shims_Boolean;'
swift,../repos/swift/stdlib/public/SwiftShims/swift/shims/CoreFoundationShims.h,"(40, 1)-(40, 44)",b'typedef __swift_uint8_t _swift_shims_UInt8;'
swift,../repos/swift/stdlib/public/SwiftShims/swift/shims/CoreFoundationShims.h,"(41, 1)-(41, 56)",b'typedef __swift_uint32_t _swift_shims_CFStrin...'
swift,../repos/swift/stdlib/public/SwiftShims/swift/shims/CoreFoundationShims.h,"(44, 1)-(49, 33)",b'typedef struct __swift_shims_builtin_CFString...'
swift,../repos/swift/stdlib/public/SwiftShims/swift/shims/SwiftStdbool.h,"(17, 1)-(17, 27)",b'typedef bool __swift_bool;'
swift,../repos/swift/stdlib/public/SwiftShims/swift/shims/SwiftStdbool.h,"(19, 1)-(19, 28)",b'typedef _Bool __swift_bool;'
swift,../repos/swift/stdlib/public/SwiftShims/swift/shims/LibcShims.h,"(82, 1)-(82, 35)",b'typedef __builtin_va_list va_list;'
swift,../repos/swift/stdlib/public/SwiftShims/swift/shims/LibcShims.h,"(141, 3)-(141, 78)",b'typedef float __m128 __attribute__((__vector_...'
swift,../repos/swift/stdlib/public/Cxx/cxxshim/libcxxstdlibshim.h,"(5, 1)-(5, 60)",b'typedef std::hash<std::string> __swift_intero...'
swift,../repos/swift/stdlib/public/Cxx/cxxshim/libcxxstdlibshim.h,"(8, 1)-(8, 66)",b'typedef std::hash<std::u16string> __swift_int...'
swift,../repos/swift/stdlib/public/Cxx/cxxshim/libcxxstdlibshim.h,"(11, 1)-(11, 66)",b'typedef std::hash<std::u32string> __swift_int...'
swift,../repos/swift/stdlib/public/stubs/MathStubs.cpp,"(32, 1)-(32, 20)",b'typedef int si_int;'
swift,../repos/swift/stdlib/public/stubs/MathStubs.cpp,"(33, 1)-(33, 34)",b'typedef int di_int SWIFT_MODE_DI;'
swift,../repos/swift/stdlib/public/stubs/MathStubs.cpp,"(34, 1)-(34, 34)",b'typedef int ti_int SWIFT_MODE_TI;'
swift,../repos/swift/stdlib/public/stubs/MathStubs.cpp,"(36, 1)-(36, 25)",b'typedef unsigned su_int;'
swift,../repos/swift/stdlib/public/stubs/MathStubs.cpp,"(37, 1)-(37, 39)",b'typedef unsigned du_int SWIFT_MODE_DI;'
swift,../repos/swift/stdlib/public/stubs/MathStubs.cpp,"(38, 1)-(38, 39)",b'typedef unsigned tu_int SWIFT_MODE_TI;'
swift,../repos/swift/stdlib/public/stubs/MathStubs.cpp,"(40, 1)-(53, 11)",b'typedef union\n{\n    tu_int all;\n    struct\n  ...'
swift,../repos/swift/stdlib/include/llvm/ADT/STLExtras.h,"(1374, 3)-(1375, 80)",b'typedef\n      typename std::iterator_traits<I...'
swift,../repos/swift/stdlib/include/llvm/Support/Allocator.h,"(370, 1)-(370, 49)",b'typedef BumpPtrAllocatorImpl<> BumpPtrAllocator;'
swift,../repos/swift/stdlib/include/llvm/Support/PointerLikeTypeTraits.h,"(81, 3)-(81, 45)",b'typedef PointerLikeTypeTraits<T> NonConst;'
swift,../repos/swift/stdlib/include/llvm/Support/PointerLikeTypeTraits.h,"(94, 3)-(94, 47)",b'typedef PointerLikeTypeTraits<T *> NonConst;'
swift,../repos/swift/stdlib/include/llvm/Support/ErrorHandling.h,"(24, 1)-(26, 60)",b'typedef void (*fatal_error_handler_t)(void *u...'
swift,../repos/swift/stdlib/include/llvm/Support/Atomic.h,"(33, 5)-(33, 27)",b'typedef long cas_flag;'
swift,../repos/swift/stdlib/include/llvm/Support/Atomic.h,"(35, 5)-(35, 31)",b'typedef uint32_t cas_flag;'
swift,../repos/swift/stdlib/tools/swift-reflection-test/messages.h,"(24, 1)-(33, 16)","b'typedef enum InstanceKind {\n  None,\n  Object,...'"
swift,../repos/swift/stdlib/tools/swift-reflection-test/swift-reflection-test.c,"(55, 1)-(58, 20)",b'typedef struct PipeMemoryReader {\n  int to_ch...'
swift,../repos/swift/stdlib/toolchain/Compatibility56/include/Concurrency/VoucherShims.h,"(79, 1)-(79, 25)",b'typedef void *voucher_t;'
swift,../repos/swift/stdlib/toolchain/Compatibility56/include/Concurrency/Threading/Mutex.h,"(304, 5)-(304, 50)","b'typedef ScopedLockT<Mutex, false> ScopedLock;'"
swift,../repos/swift/stdlib/toolchain/Compatibility56/include/Concurrency/Threading/Mutex.h,"(310, 5)-(310, 51)","b'typedef ScopedLockT<Mutex, true> ScopedUnlock;'"
swift,../repos/swift/stdlib/toolchain/Compatibility56/include/Concurrency/Threading/Mutex.h,"(401, 3)-(401, 48)","b'typedef ScopedLockT<Mutex, false> ScopedLock;'"
swift,../repos/swift/stdlib/toolchain/Compatibility56/include/Concurrency/Threading/Mutex.h,"(407, 3)-(407, 49)","b'typedef ScopedLockT<Mutex, true> ScopedUnlock;'"
swift,../repos/swift/stdlib/toolchain/Compatibility56/include/Concurrency/Threading/Mutex.h,"(467, 1)-(467, 66)","b'typedef ScopedRWLockT<ReadWriteLock, true, fa...'"
swift,../repos/swift/stdlib/toolchain/Compatibility56/include/Concurrency/Threading/Mutex.h,"(468, 1)-(468, 78)","b'typedef ScopedRWLockT<StaticReadWriteLock, tr...'"
swift,../repos/swift/stdlib/toolchain/Compatibility56/include/Concurrency/Threading/Mutex.h,"(475, 1)-(475, 67)","b'typedef ScopedRWLockT<ReadWriteLock, true, tr...'"
swift,../repos/swift/stdlib/toolchain/Compatibility56/include/Concurrency/Threading/Mutex.h,"(476, 1)-(476, 79)","b'typedef ScopedRWLockT<StaticReadWriteLock, tr...'"
swift,../repos/swift/stdlib/toolchain/Compatibility56/include/Concurrency/Threading/Mutex.h,"(482, 1)-(482, 68)","b'typedef ScopedRWLockT<ReadWriteLock, false, f...'"
swift,../repos/swift/stdlib/toolchain/Compatibility56/include/Concurrency/Threading/Mutex.h,"(483, 1)-(483, 80)","b'typedef ScopedRWLockT<StaticReadWriteLock, fa...'"
swift,../repos/swift/stdlib/toolchain/Compatibility56/include/Concurrency/Threading/Mutex.h,"(489, 1)-(489, 69)","b'typedef ScopedRWLockT<ReadWriteLock, false, t...'"
swift,../repos/swift/stdlib/toolchain/Compatibility56/include/Concurrency/Threading/Mutex.h,"(490, 1)-(490, 81)","b'typedef ScopedRWLockT<StaticReadWriteLock, fa...'"
swift,../repos/swift/stdlib/toolchain/Compatibility56/include/Concurrency/Threading/Mutex.h,"(751, 5)-(751, 56)","b'typedef ScopedLockT<StaticMutex, false> Scope...'"
swift,../repos/swift/stdlib/toolchain/Compatibility56/include/Concurrency/Threading/Mutex.h,"(757, 5)-(757, 57)","b'typedef ScopedLockT<StaticMutex, true> Scoped...'"
swift,../repos/swift/stdlib/toolchain/Compatibility56/include/Concurrency/Threading/Mutex.h,"(806, 3)-(806, 54)","b'typedef ScopedLockT<StaticMutex, false> Scope...'"
swift,../repos/swift/stdlib/toolchain/Compatibility56/include/Concurrency/Threading/Mutex.h,"(812, 3)-(812, 55)","b'typedef ScopedLockT<StaticMutex, true> Scoped...'"
swift,../repos/swift/stdlib/toolchain/Compatibility56/include/Concurrency/Threading/Mutex.h,"(929, 3)-(929, 60)","b'typedef ScopedLockT<StaticUnsafeMutex, false>...'"
swift,../repos/swift/stdlib/toolchain/Compatibility56/include/Concurrency/Threading/Mutex.h,"(930, 3)-(930, 61)","b'typedef ScopedLockT<StaticUnsafeMutex, true> ...'"
swift,../repos/swift/stdlib/toolchain/Compatibility56/include/Concurrency/Threading/Mutex.h,"(965, 3)-(965, 56)","b'typedef ScopedLockT<IndirectMutex, false> Sco...'"
swift,../repos/swift/stdlib/toolchain/Compatibility56/include/Concurrency/Threading/Mutex.h,"(971, 3)-(971, 57)","b'typedef ScopedLockT<IndirectMutex, true> Scop...'"
swift,../repos/swift/stdlib/toolchain/Compatibility56/include/Concurrency/Threading/MutexPThread.h,"(30, 1)-(30, 40)",b'typedef pthread_cond_t ConditionHandle;'
swift,../repos/swift/stdlib/toolchain/Compatibility56/include/Concurrency/Threading/MutexPThread.h,"(31, 1)-(31, 46)",b'typedef pthread_mutex_t ConditionMutexHandle;'
swift,../repos/swift/stdlib/toolchain/Compatibility56/include/Concurrency/Threading/MutexPThread.h,"(32, 1)-(32, 46)",b'typedef pthread_rwlock_t ReadWriteLockHandle;'
swift,../repos/swift/stdlib/toolchain/Compatibility56/include/Concurrency/Threading/MutexPThread.h,"(35, 1)-(35, 36)",b'typedef os_unfair_lock MutexHandle;'
swift,../repos/swift/stdlib/toolchain/Compatibility56/include/Concurrency/Threading/MutexPThread.h,"(37, 1)-(37, 37)",b'typedef pthread_mutex_t MutexHandle;'
swift,../repos/swift/stdlib/toolchain/Compatibility56/include/Runtime/Threading/MutexWin32.h,"(27, 1)-(27, 44)",b'typedef CONDITION_VARIABLE ConditionHandle;'
swift,../repos/swift/stdlib/toolchain/Compatibility56/include/Runtime/Threading/MutexWin32.h,"(28, 1)-(28, 38)",b'typedef SRWLOCK ConditionMutexHandle;'
swift,../repos/swift/stdlib/toolchain/Compatibility56/include/Runtime/Threading/MutexWin32.h,"(29, 1)-(29, 29)",b'typedef SRWLOCK MutexHandle;'
swift,../repos/swift/stdlib/toolchain/Compatibility56/include/Runtime/Threading/MutexWin32.h,"(30, 1)-(30, 37)",b'typedef SRWLOCK ReadWriteLockHandle;'
swift,../repos/swift/stdlib/toolchain/Compatibility56/include/Runtime/Threading/Once.h,"(27, 1)-(27, 27)",b'typedef bool swift_once_t;'
swift,../repos/swift/stdlib/toolchain/Compatibility56/include/Runtime/Threading/Once.h,"(32, 1)-(32, 27)",b'typedef long swift_once_t;'
swift,../repos/swift/stdlib/toolchain/Compatibility56/include/Runtime/Threading/Once.h,"(38, 1)-(38, 32)",b'typedef uintptr_t swift_once_t;'
swift,../repos/swift/stdlib/toolchain/Compatibility56/include/Runtime/Threading/Once.h,"(42, 1)-(42, 37)",b'typedef std::once_flag swift_once_t;'
swift,../repos/swift/stdlib/toolchain/Compatibility56/include/Runtime/Threading/ThreadLocalStorage.h,"(88, 1)-(88, 34)",b'typedef int __swift_thread_key_t;'
swift,../repos/swift/stdlib/toolchain/Compatibility56/include/Runtime/Threading/ThreadLocalStorage.h,"(90, 1)-(90, 43)",b'typedef unsigned int __swift_thread_key_t;'
swift,../repos/swift/stdlib/toolchain/Compatibility56/include/Runtime/Threading/ThreadLocalStorage.h,"(93, 1)-(93, 34)",b'typedef int __swift_thread_key_t;'
swift,../repos/swift/stdlib/toolchain/Compatibility56/include/Runtime/Threading/ThreadLocalStorage.h,"(95, 1)-(95, 34)",b'typedef int __swift_thread_key_t;'
swift,../repos/swift/stdlib/toolchain/Compatibility56/include/Runtime/Threading/ThreadLocalStorage.h,"(97, 1)-(97, 44)",b'typedef unsigned long __swift_thread_key_t;'
swift,../repos/swift/stdlib/toolchain/Compatibility56/include/Runtime/Threading/ThreadLocalStorage.h,"(99, 1)-(99, 34)",b'typedef int __swift_thread_key_t;'
swift,../repos/swift/stdlib/toolchain/Compatibility56/include/Runtime/Threading/ThreadLocalStorage.h,"(101, 1)-(101, 44)",b'typedef unsigned long __swift_thread_key_t;'
swift,../repos/swift/stdlib/toolchain/Compatibility56/include/Runtime/Threading/MutexSingleThreaded.h,"(25, 1)-(25, 31)",b'typedef void* ConditionHandle;'
swift,../repos/swift/stdlib/toolchain/Compatibility56/include/Runtime/Threading/MutexSingleThreaded.h,"(26, 1)-(26, 36)",b'typedef void* ConditionMutexHandle;'
swift,../repos/swift/stdlib/toolchain/Compatibility56/include/Runtime/Threading/MutexSingleThreaded.h,"(27, 1)-(27, 27)",b'typedef void* MutexHandle;'
swift,../repos/swift/stdlib/toolchain/Compatibility56/include/Runtime/Threading/MutexSingleThreaded.h,"(28, 1)-(28, 35)",b'typedef void* ReadWriteLockHandle;'
