Repo name,File name,Location,Content
leveldb,../repos/leveldb/util/env_windows.cc,"(75, 38)-(75, 46)",b'ScopedHandle(ScopedHandle&& other) noexcept'
leveldb,../repos/leveldb/util/env_windows.cc,"(80, 47)-(80, 55)",b'operator=(ScopedHandle&& rhs) noexcept'
leveldb,../repos/leveldb/include/leveldb/status.h,"(33, 24)-(33, 32)",b'Status(Status&& rhs) noexcept'
leveldb,../repos/leveldb/include/leveldb/status.h,"(34, 35)-(34, 43)",b'operator=(Status&& rhs) noexcept'
leveldb,../repos/leveldb/include/leveldb/status.h,"(115, 48)-(115, 56)",b'Status::operator=(Status&& rhs) noexcept'
