Repo name,File name,Location,Content
leveldb,../repos/leveldb/util/crc32c.h,"(17, 10)-(17, 16)","b'Extend(uint32_t init_crc, const char* data, s...'"
leveldb,../repos/leveldb/util/posix_logger.h,"(29, 39)-(29, 48)",b'explicit PosixLogger(std::FILE* fp) : fp_(fp)...'
leveldb,../repos/leveldb/util/posix_logger.h,"(54, 43)-(54, 54)",b'static_cast<size_t>'
leveldb,../repos/leveldb/util/posix_logger.h,"(69, 34)-(69, 45)",b'static_cast<int>'
leveldb,../repos/leveldb/util/logging_test.cc,"(44, 9)-(44, 14)",b'input(input_string)'
leveldb,../repos/leveldb/util/logging_test.cc,"(94, 9)-(94, 14)",b'input(input_string)'
leveldb,../repos/leveldb/util/logging_test.cc,"(121, 9)-(121, 14)",b'input(input_string)'
leveldb,../repos/leveldb/util/windows_logger.h,"(26, 41)-(26, 50)",b'explicit WindowsLogger(std::FILE* fp) : fp_(f...'
leveldb,../repos/leveldb/util/windows_logger.h,"(48, 43)-(48, 54)",b'static_cast<size_t>'
leveldb,../repos/leveldb/util/windows_logger.h,"(63, 11)-(63, 22)",b'static_cast<int>'
leveldb,../repos/leveldb/util/no_destructor_test.cc,"(19, 41)-(19, 53)","b'DoNotDestruct(uint32_t a, uint64_t b) : a(a),...'"
leveldb,../repos/leveldb/util/no_destructor_test.cc,"(33, 31)-(33, 39)","b'instance(kGoldenA, kGoldenB)'"
leveldb,../repos/leveldb/util/no_destructor_test.cc,"(39, 38)-(39, 46)","b'instance(kGoldenA, kGoldenB)'"
leveldb,../repos/leveldb/util/comparator.cc,"(44, 27)-(44, 38)",b'static_cast<uint8_t>'
leveldb,../repos/leveldb/util/comparator.cc,"(45, 23)-(45, 34)",b'static_cast<uint8_t>'
leveldb,../repos/leveldb/util/comparator.cc,"(46, 27)-(46, 38)",b'static_cast<uint8_t>'
leveldb,../repos/leveldb/util/comparator.cc,"(59, 19)-(59, 30)",b'static_cast<uint8_t>'
leveldb,../repos/leveldb/util/options.cc,"(12, 20)-(12, 75)",b'Options::Options() : comparator(BytewiseCompa...'
leveldb,../repos/leveldb/util/crc32c_test.cc,"(38, 31)-(38, 47)",b'reinterpret_cast<char*>'
leveldb,../repos/leveldb/util/histogram.cc,"(265, 17)-(265, 28)",b'static_cast<int>'
leveldb,../repos/leveldb/util/cache_test.cc,"(24, 48)-(24, 64)",b'reinterpret_cast<void*>'
leveldb,../repos/leveldb/util/cache_test.cc,"(25, 42)-(25, 58)",b'reinterpret_cast<uintptr_t>'
leveldb,../repos/leveldb/util/cache_test.cc,"(39, 15)-(39, 48)",b'CacheTest() : cache_(NewLRUCache(kCacheSize))...'
leveldb,../repos/leveldb/util/coding.h,"(23, 6)-(23, 16)","b'PutFixed32(std::string* dst, uint32_t value)'"
leveldb,../repos/leveldb/util/coding.h,"(24, 6)-(24, 16)","b'PutFixed64(std::string* dst, uint64_t value)'"
leveldb,../repos/leveldb/util/coding.h,"(25, 6)-(25, 17)","b'PutVarint32(std::string* dst, uint32_t value)'"
leveldb,../repos/leveldb/util/coding.h,"(26, 6)-(26, 17)","b'PutVarint64(std::string* dst, uint64_t value)'"
leveldb,../repos/leveldb/util/coding.h,"(27, 6)-(27, 28)","b'PutLengthPrefixedSlice(std::string* dst, cons...'"
leveldb,../repos/leveldb/util/coding.h,"(31, 6)-(31, 17)","b'GetVarint32(Slice* input, uint32_t* value)'"
leveldb,../repos/leveldb/util/coding.h,"(32, 6)-(32, 17)","b'GetVarint64(Slice* input, uint64_t* value)'"
leveldb,../repos/leveldb/util/coding.h,"(33, 6)-(33, 28)","b'GetLengthPrefixedSlice(Slice* input, Slice* r...'"
leveldb,../repos/leveldb/util/coding.h,"(43, 5)-(43, 17)",b'VarintLength(uint64_t v)'
leveldb,../repos/leveldb/util/coding.h,"(55, 27)-(55, 43)",b'reinterpret_cast<uint8_t*>'
leveldb,../repos/leveldb/util/coding.h,"(58, 15)-(58, 26)",b'static_cast<uint8_t>'
leveldb,../repos/leveldb/util/coding.h,"(59, 15)-(59, 26)",b'static_cast<uint8_t>'
leveldb,../repos/leveldb/util/coding.h,"(60, 15)-(60, 26)",b'static_cast<uint8_t>'
leveldb,../repos/leveldb/util/coding.h,"(61, 15)-(61, 26)",b'static_cast<uint8_t>'
leveldb,../repos/leveldb/util/coding.h,"(65, 27)-(65, 43)",b'reinterpret_cast<uint8_t*>'
leveldb,../repos/leveldb/util/coding.h,"(68, 15)-(68, 26)",b'static_cast<uint8_t>'
leveldb,../repos/leveldb/util/coding.h,"(69, 15)-(69, 26)",b'static_cast<uint8_t>'
leveldb,../repos/leveldb/util/coding.h,"(70, 15)-(70, 26)",b'static_cast<uint8_t>'
leveldb,../repos/leveldb/util/coding.h,"(71, 15)-(71, 26)",b'static_cast<uint8_t>'
leveldb,../repos/leveldb/util/coding.h,"(72, 15)-(72, 26)",b'static_cast<uint8_t>'
leveldb,../repos/leveldb/util/coding.h,"(73, 15)-(73, 26)",b'static_cast<uint8_t>'
leveldb,../repos/leveldb/util/coding.h,"(74, 15)-(74, 26)",b'static_cast<uint8_t>'
leveldb,../repos/leveldb/util/coding.h,"(75, 15)-(75, 26)",b'static_cast<uint8_t>'
leveldb,../repos/leveldb/util/coding.h,"(82, 33)-(82, 49)",b'reinterpret_cast<const uint8_t*>'
leveldb,../repos/leveldb/util/coding.h,"(85, 11)-(85, 22)",b'static_cast<uint32_t>'
leveldb,../repos/leveldb/util/coding.h,"(86, 11)-(86, 22)",b'static_cast<uint32_t>'
leveldb,../repos/leveldb/util/coding.h,"(87, 11)-(87, 22)",b'static_cast<uint32_t>'
leveldb,../repos/leveldb/util/coding.h,"(88, 11)-(88, 22)",b'static_cast<uint32_t>'
leveldb,../repos/leveldb/util/coding.h,"(92, 33)-(92, 49)",b'reinterpret_cast<const uint8_t*>'
leveldb,../repos/leveldb/util/coding.h,"(95, 11)-(95, 22)",b'static_cast<uint64_t>'
leveldb,../repos/leveldb/util/coding.h,"(96, 11)-(96, 22)",b'static_cast<uint64_t>'
leveldb,../repos/leveldb/util/coding.h,"(97, 11)-(97, 22)",b'static_cast<uint64_t>'
leveldb,../repos/leveldb/util/coding.h,"(98, 11)-(98, 22)",b'static_cast<uint64_t>'
leveldb,../repos/leveldb/util/coding.h,"(99, 11)-(99, 22)",b'static_cast<uint64_t>'
leveldb,../repos/leveldb/util/coding.h,"(100, 11)-(100, 22)",b'static_cast<uint64_t>'
leveldb,../repos/leveldb/util/coding.h,"(101, 11)-(101, 22)",b'static_cast<uint64_t>'
leveldb,../repos/leveldb/util/coding.h,"(102, 11)-(102, 22)",b'static_cast<uint64_t>'
leveldb,../repos/leveldb/util/coding.h,"(111, 25)-(111, 41)",b'reinterpret_cast<const uint8_t*>'
leveldb,../repos/leveldb/util/logging.h,"(23, 6)-(23, 20)","b'AppendNumberTo(std::string* str, uint64_t num)'"
leveldb,../repos/leveldb/util/logging.h,"(27, 6)-(27, 27)","b'AppendEscapedStringTo(std::string* str, const...'"
leveldb,../repos/leveldb/util/logging.h,"(30, 13)-(30, 27)",b'NumberToString(uint64_t num)'
leveldb,../repos/leveldb/util/logging.h,"(34, 13)-(34, 25)",b'EscapeString(const Slice& value)'
leveldb,../repos/leveldb/util/logging.h,"(40, 6)-(40, 26)","b'ConsumeDecimalNumber(Slice* in, uint64_t* val)'"
leveldb,../repos/leveldb/util/bloom.cc,"(19, 48)-(19, 77)",b'explicit BloomFilterPolicy(int bits_per_key) ...'
leveldb,../repos/leveldb/util/bloom.cc,"(21, 10)-(21, 21)",b'static_cast<size_t>'
leveldb,../repos/leveldb/util/bloom.cc,"(41, 20)-(41, 31)",b'static_cast<char>'
leveldb,../repos/leveldb/util/bloom.cc,"(89, 10)-(89, 45)",b'return new BloomFilterPolicy(bits_per_key);'
leveldb,../repos/leveldb/util/testutil.h,"(34, 7)-(34, 19)","b'RandomString(Random* rnd, int len, std::strin...'"
leveldb,../repos/leveldb/util/testutil.h,"(38, 13)-(38, 22)","b'RandomKey(Random* rnd, int len)'"
leveldb,../repos/leveldb/util/testutil.h,"(43, 7)-(43, 25)","b'CompressibleString(Random* rnd, double compre...'"
leveldb,../repos/leveldb/util/testutil.h,"(53, 7)-(55, 37)",b'ErrorEnv()\n      : EnvWrapper(NewMemEnv(Env::...'
leveldb,../repos/leveldb/util/env_windows_test.cc,"(21, 20)-(21, 42)",b'EnvWindowsTest() : env_(Env::Default()) {}'
leveldb,../repos/leveldb/util/arena.cc,"(12, 5)-(12, 71)","b'Arena::Arena()\n    : alloc_ptr_(nullptr), all...'"
leveldb,../repos/leveldb/util/arena.cc,"(42, 24)-(42, 40)",b'reinterpret_cast<uintptr_t>'
leveldb,../repos/leveldb/util/arena.cc,"(54, 11)-(54, 27)",b'reinterpret_cast<uintptr_t>'
leveldb,../repos/leveldb/util/crc32c.cc,"(246, 45)-(246, 56)",b'static_cast<uint32_t>'
leveldb,../repos/leveldb/util/crc32c.cc,"(250, 24)-(250, 40)",b'reinterpret_cast<const char*>'
leveldb,../repos/leveldb/util/crc32c.cc,"(258, 10)-(258, 26)",b'reinterpret_cast<uint8_t*>'
leveldb,../repos/leveldb/util/crc32c.cc,"(259, 8)-(259, 24)",b'reinterpret_cast<uintptr_t>'
leveldb,../repos/leveldb/util/crc32c.cc,"(260, 8)-(260, 19)",b'static_cast<uintptr_t>'
leveldb,../repos/leveldb/util/crc32c.cc,"(282, 22)-(282, 38)",b'reinterpret_cast<const uint8_t*>'
leveldb,../repos/leveldb/util/crc32c.cc,"(324, 22)-(324, 29)",b'RoundUp<4>'
leveldb,../repos/leveldb/util/env_windows.cc,"(56, 7)-(56, 23)",b'reinterpret_cast<char*>'
leveldb,../repos/leveldb/util/env_windows.cc,"(73, 31)-(73, 48)",b'ScopedHandle(HANDLE handle) : handle_(handle) {}'
leveldb,../repos/leveldb/util/env_windows.cc,"(75, 47)-(75, 73)",b'ScopedHandle(ScopedHandle&& other) noexcept :...'
leveldb,../repos/leveldb/util/env_windows.cc,"(169, 7)-(169, 67)","b'WindowsSequentialFile(std::string filename, S...'"
leveldb,../repos/leveldb/util/env_windows.cc,"(178, 45)-(178, 56)",b'static_cast<DWORD>'
leveldb,../repos/leveldb/util/env_windows.cc,"(204, 7)-(204, 67)","b'WindowsRandomAccessFile(std::string filename,...'"
leveldb,../repos/leveldb/util/env_windows.cc,"(213, 29)-(213, 40)",b'static_cast<DWORD>'
leveldb,../repos/leveldb/util/env_windows.cc,"(214, 25)-(214, 36)",b'static_cast<DWORD>'
leveldb,../repos/leveldb/util/env_windows.cc,"(215, 45)-(215, 56)",b'static_cast<DWORD>'
leveldb,../repos/leveldb/util/env_windows.cc,"(238, 7)-(241, 39)","b'WindowsMmapReadableFile(std::string filename,...'"
leveldb,../repos/leveldb/util/env_windows.cc,"(269, 7)-(269, 76)","b'WindowsWritableFile(std::string filename, Sco...'"
leveldb,../repos/leveldb/util/env_windows.cc,"(337, 43)-(337, 54)",b'static_cast<DWORD>'
leveldb,../repos/leveldb/util/env_windows.cc,"(373, 7)-(373, 67)","b'WindowsFileLock(ScopedHandle handle, std::str...'"
leveldb,../repos/leveldb/util/env_windows.cc,"(406, 15)-(406, 69)","b'*result = new WindowsSequentialFile(filename,...'"
leveldb,../repos/leveldb/util/env_windows.cc,"(424, 17)-(424, 73)",b'*result = new WindowsRandomAccessFile(filenam...'
leveldb,../repos/leveldb/util/env_windows.cc,"(447, 19)-(449, 69)",b'*result = new WindowsMmapReadableFile(\n      ...'
leveldb,../repos/leveldb/util/env_windows.cc,"(448, 23)-(448, 39)",b'reinterpret_cast<char*>'
leveldb,../repos/leveldb/util/env_windows.cc,"(449, 13)-(449, 24)",b'static_cast<size_t>'
leveldb,../repos/leveldb/util/env_windows.cc,"(470, 15)-(470, 67)","b'*result = new WindowsWritableFile(filename, s...'"
leveldb,../repos/leveldb/util/env_windows.cc,"(487, 15)-(487, 67)","b'*result = new WindowsWritableFile(filename, s...'"
leveldb,../repos/leveldb/util/env_windows.cc,"(599, 15)-(599, 63)",b'*lock = new WindowsFileLock(std::move(handle)...'
leveldb,../repos/leveldb/util/env_windows.cc,"(606, 9)-(606, 25)",b'reinterpret_cast<WindowsFileLock*>'
leveldb,../repos/leveldb/util/env_windows.cc,"(620, 17)-(620, 27)","b'new_thread(thread_main, thread_main_arg)'"
leveldb,../repos/leveldb/util/env_windows.cc,"(650, 17)-(650, 38)",b'*result = new WindowsLogger(fp)'
leveldb,../repos/leveldb/util/env_windows.cc,"(664, 10)-(664, 21)",b'static_cast<uint64_t>'
leveldb,../repos/leveldb/util/env_windows.cc,"(687, 9)-(687, 39)",b'explicit BackgroundWorkItem(void (*function)(...'
leveldb,../repos/leveldb/util/env_windows.cc,"(707, 5)-(709, 32)",b'WindowsEnv::WindowsEnv()\n    : background_wor...'
leveldb,../repos/leveldb/util/env_windows.cc,"(719, 17)-(719, 34)",b'background_thread(WindowsEnv::BackgroundThrea...'
leveldb,../repos/leveldb/util/env_windows.cc,"(781, 23)-(781, 39)",b'reinterpret_cast<Env*>'
leveldb,../repos/leveldb/util/coding_test.cc,"(30, 18)-(30, 29)",b'static_cast<uint64_t>'
leveldb,../repos/leveldb/util/coding_test.cc,"(38, 18)-(38, 29)",b'static_cast<uint64_t>'
leveldb,../repos/leveldb/util/coding_test.cc,"(59, 19)-(59, 30)",b'static_cast<int>'
leveldb,../repos/leveldb/util/coding_test.cc,"(60, 19)-(60, 30)",b'static_cast<int>'
leveldb,../repos/leveldb/util/coding_test.cc,"(61, 19)-(61, 30)",b'static_cast<int>'
leveldb,../repos/leveldb/util/coding_test.cc,"(62, 19)-(62, 30)",b'static_cast<int>'
leveldb,../repos/leveldb/util/coding_test.cc,"(67, 19)-(67, 30)",b'static_cast<int>'
leveldb,../repos/leveldb/util/coding_test.cc,"(68, 19)-(68, 30)",b'static_cast<int>'
leveldb,../repos/leveldb/util/coding_test.cc,"(69, 19)-(69, 30)",b'static_cast<int>'
leveldb,../repos/leveldb/util/coding_test.cc,"(70, 19)-(70, 30)",b'static_cast<int>'
leveldb,../repos/leveldb/util/coding_test.cc,"(71, 19)-(71, 30)",b'static_cast<int>'
leveldb,../repos/leveldb/util/coding_test.cc,"(72, 19)-(72, 30)",b'static_cast<int>'
leveldb,../repos/leveldb/util/coding_test.cc,"(73, 19)-(73, 30)",b'static_cast<int>'
leveldb,../repos/leveldb/util/coding_test.cc,"(74, 19)-(74, 30)",b'static_cast<int>'
leveldb,../repos/leveldb/util/coding_test.cc,"(104, 21)-(104, 32)",b'static_cast<uint64_t>'
leveldb,../repos/leveldb/util/coding_test.cc,"(105, 21)-(105, 32)",b'static_cast<uint64_t>'
leveldb,../repos/leveldb/util/coding_test.cc,"(135, 15)-(135, 20)","b'input(""\\x81\\x82\\x83\\x84\\x85\\x11"")'"
leveldb,../repos/leveldb/util/coding_test.cc,"(155, 15)-(155, 20)","b'input(""\\x81\\x82\\x83\\x84\\x85\\x81\\x82\\x83\\x84\\x...'"
leveldb,../repos/leveldb/util/coding_test.cc,"(180, 9)-(180, 14)",b'input(s)'
leveldb,../repos/leveldb/util/logging.cc,"(19, 43)-(19, 54)",b'static_cast<unsigned long long>'
leveldb,../repos/leveldb/util/logging.cc,"(31, 21)-(31, 32)",b'static_cast<unsigned int>'
leveldb,../repos/leveldb/util/logging.cc,"(53, 13)-(53, 24)",b'static_cast<char>'
leveldb,../repos/leveldb/util/logging.cc,"(58, 26)-(58, 42)",b'reinterpret_cast<const uint8_t*>'
leveldb,../repos/leveldb/util/random.h,"(20, 31)-(20, 55)",b'explicit Random(uint32_t s) : seed_(s & 0x7ff...'
leveldb,../repos/leveldb/util/random.h,"(38, 13)-(38, 24)",b'static_cast<uint32_t>'
leveldb,../repos/leveldb/util/hash_test.cc,"(25, 12)-(25, 28)",b'reinterpret_cast<const char*>'
leveldb,../repos/leveldb/util/hash_test.cc,"(28, 12)-(28, 28)",b'reinterpret_cast<const char*>'
leveldb,../repos/leveldb/util/hash_test.cc,"(31, 12)-(31, 28)",b'reinterpret_cast<const char*>'
leveldb,../repos/leveldb/util/hash_test.cc,"(34, 12)-(34, 28)",b'reinterpret_cast<const char*>'
leveldb,../repos/leveldb/util/hash_test.cc,"(37, 12)-(37, 28)",b'reinterpret_cast<const char*>'
leveldb,../repos/leveldb/util/env_posix.cc,"(139, 7)-(139, 48)","b'PosixSequentialFile(std::string filename, int...'"
leveldb,../repos/leveldb/util/env_posix.cc,"(160, 38)-(160, 49)",b'static_cast<off_t>'
leveldb,../repos/leveldb/util/env_posix.cc,"(181, 7)-(184, 39)","b'PosixRandomAccessFile(std::string filename, i...'"
leveldb,../repos/leveldb/util/env_posix.cc,"(212, 49)-(212, 60)",b'static_cast<off_t>'
leveldb,../repos/leveldb/util/env_posix.cc,"(249, 7)-(252, 39)","b'PosixMmapReadableFile(std::string filename, c...'"
leveldb,../repos/leveldb/util/env_posix.cc,"(255, 14)-(255, 25)",b'static_cast<void*>'
leveldb,../repos/leveldb/util/env_posix.cc,"(280, 7)-(284, 37)","b'PosixWritableFile(std::string filename, int f...'"
leveldb,../repos/leveldb/util/env_posix.cc,"(482, 7)-(482, 48)","b'PosixFileLock(int fd, std::string filename)\n ...'"
leveldb,../repos/leveldb/util/env_posix.cc,"(536, 15)-(536, 52)","b'*result = new PosixSequentialFile(filename, fd)'"
leveldb,../repos/leveldb/util/env_posix.cc,"(549, 17)-(549, 70)","b'*result = new PosixRandomAccessFile(filename,...'"
leveldb,../repos/leveldb/util/env_posix.cc,"(559, 19)-(561, 71)","b'*result = new PosixMmapReadableFile(filename,...'"
leveldb,../repos/leveldb/util/env_posix.cc,"(560, 45)-(560, 61)",b'reinterpret_cast<char*>'
leveldb,../repos/leveldb/util/env_posix.cc,"(582, 15)-(582, 50)","b'*result = new PosixWritableFile(filename, fd)'"
leveldb,../repos/leveldb/util/env_posix.cc,"(595, 15)-(595, 50)","b'*result = new PosixWritableFile(filename, fd)'"
leveldb,../repos/leveldb/util/env_posix.cc,"(676, 13)-(676, 44)","b'*lock = new PosixFileLock(fd, filename)'"
leveldb,../repos/leveldb/util/env_posix.cc,"(681, 38)-(681, 49)",b'static_cast<PosixFileLock*>'
leveldb,../repos/leveldb/util/env_posix.cc,"(696, 17)-(696, 27)","b'new_thread(thread_main, thread_main_arg)'"
leveldb,../repos/leveldb/util/env_posix.cc,"(707, 21)-(707, 32)",b'static_cast<int>'
leveldb,../repos/leveldb/util/env_posix.cc,"(731, 17)-(731, 36)",b'*result = new PosixLogger(fp)'
leveldb,../repos/leveldb/util/env_posix.cc,"(740, 12)-(740, 23)",b'static_cast<uint64_t>'
leveldb,../repos/leveldb/util/env_posix.cc,"(762, 9)-(762, 39)",b'explicit BackgroundWorkItem(void (*function)(...'
leveldb,../repos/leveldb/util/env_posix.cc,"(809, 5)-(812, 34)",b'PosixEnv::PosixEnv()\n    : background_work_cv...'
leveldb,../repos/leveldb/util/env_posix.cc,"(822, 17)-(822, 34)",b'background_thread(PosixEnv::BackgroundThreadE...'
leveldb,../repos/leveldb/util/env_posix.cc,"(886, 23)-(886, 39)",b'reinterpret_cast<Env*>'
leveldb,../repos/leveldb/util/coding.cc,"(23, 18)-(23, 34)",b'reinterpret_cast<uint8_t*>'
leveldb,../repos/leveldb/util/coding.cc,"(46, 10)-(46, 26)",b'reinterpret_cast<char*>'
leveldb,../repos/leveldb/util/coding.cc,"(57, 18)-(57, 34)",b'reinterpret_cast<uint8_t*>'
leveldb,../repos/leveldb/util/coding.cc,"(62, 14)-(62, 25)",b'static_cast<uint8_t>'
leveldb,../repos/leveldb/util/coding.cc,"(63, 10)-(63, 26)",b'reinterpret_cast<char*>'
leveldb,../repos/leveldb/util/coding.cc,"(90, 23)-(90, 39)",b'reinterpret_cast<const uint8_t*>'
leveldb,../repos/leveldb/util/coding.cc,"(98, 14)-(98, 30)",b'reinterpret_cast<const char*>'
leveldb,../repos/leveldb/util/coding.cc,"(119, 23)-(119, 39)",b'reinterpret_cast<const uint8_t*>'
leveldb,../repos/leveldb/util/coding.cc,"(127, 14)-(127, 30)",b'reinterpret_cast<const char*>'
leveldb,../repos/leveldb/util/hash.h,"(15, 10)-(15, 14)","b'Hash(const char* data, size_t n, uint32_t seed)'"
leveldb,../repos/leveldb/util/cache.cc,"(72, 17)-(72, 56)","b'HandleTable() : length_(0), elems_(0), list_(...'"
leveldb,../repos/leveldb/util/cache.cc,"(168, 15)-(168, 16)",b'l(&mutex_)'
leveldb,../repos/leveldb/util/cache.cc,"(198, 22)-(198, 47)","b'LRUCache::LRUCache() : capacity_(0), usage_(0...'"
leveldb,../repos/leveldb/util/cache.cc,"(254, 13)-(254, 14)",b'l(&mutex_)'
leveldb,../repos/leveldb/util/cache.cc,"(259, 10)-(259, 26)",b'reinterpret_cast<Cache::Handle*>'
leveldb,../repos/leveldb/util/cache.cc,"(263, 13)-(263, 14)",b'l(&mutex_)'
leveldb,../repos/leveldb/util/cache.cc,"(264, 9)-(264, 25)",b'reinterpret_cast<LRUHandle*>'
leveldb,../repos/leveldb/util/cache.cc,"(271, 13)-(271, 14)",b'l(&mutex_)'
leveldb,../repos/leveldb/util/cache.cc,"(274, 7)-(274, 23)",b'reinterpret_cast<LRUHandle*>'
leveldb,../repos/leveldb/util/cache.cc,"(303, 10)-(303, 26)",b'reinterpret_cast<Cache::Handle*>'
leveldb,../repos/leveldb/util/cache.cc,"(320, 13)-(320, 14)",b'l(&mutex_)'
leveldb,../repos/leveldb/util/cache.cc,"(325, 13)-(325, 14)",b'l(&mutex_)'
leveldb,../repos/leveldb/util/cache.cc,"(352, 45)-(352, 58)",b'explicit ShardedLRUCache(size_t capacity) : l...'
leveldb,../repos/leveldb/util/cache.cc,"(369, 20)-(369, 36)",b'reinterpret_cast<LRUHandle*>'
leveldb,../repos/leveldb/util/cache.cc,"(377, 12)-(377, 28)",b'reinterpret_cast<LRUHandle*>'
leveldb,../repos/leveldb/util/cache.cc,"(380, 15)-(380, 16)",b'l(&id_mutex_)'
leveldb,../repos/leveldb/util/cache.cc,"(399, 46)-(399, 75)",b'return new ShardedLRUCache(capacity);'
leveldb,../repos/leveldb/util/no_destructor.h,"(26, 5)-(27, 77)",b'new (&instance_storage_)\n        InstanceType...'
leveldb,../repos/leveldb/util/no_destructor.h,"(36, 12)-(36, 28)",b'reinterpret_cast<InstanceType*>'
leveldb,../repos/leveldb/util/hash.cc,"(41, 12)-(41, 23)",b'static_cast<uint8_t>'
leveldb,../repos/leveldb/util/hash.cc,"(44, 12)-(44, 23)",b'static_cast<uint8_t>'
leveldb,../repos/leveldb/util/hash.cc,"(47, 12)-(47, 23)",b'static_cast<uint8_t>'
leveldb,../repos/leveldb/util/status.cc,"(23, 25)-(23, 36)",b'static_cast<uint32_t>'
leveldb,../repos/leveldb/util/status.cc,"(24, 25)-(24, 36)",b'static_cast<uint32_t>'
leveldb,../repos/leveldb/util/status.cc,"(28, 15)-(28, 26)",b'static_cast<char>'
leveldb,../repos/leveldb/util/status.cc,"(65, 45)-(65, 56)",b'static_cast<int>'
leveldb,../repos/leveldb/util/status.cc,"(69, 17)-(69, 23)",b'result(type)'
leveldb,../repos/leveldb/util/env_test.cc,"(19, 13)-(19, 35)",b'EnvTest() : env_(Env::Default()) {}'
leveldb,../repos/leveldb/util/env_test.cc,"(25, 10)-(25, 13)",b'rnd(test::RandomSeed())'
leveldb,../repos/leveldb/util/env_test.cc,"(78, 25)-(78, 41)",b'reinterpret_cast<RunState*>'
leveldb,../repos/leveldb/util/env_test.cc,"(79, 17)-(79, 18)",b'l(&state->mu)'
leveldb,../repos/leveldb/util/env_test.cc,"(89, 13)-(89, 14)",b'l(&state.mu)'
leveldb,../repos/leveldb/util/env_test.cc,"(106, 27)-(106, 38)",b'Callback(RunState* s) : state_(s) {}'
leveldb,../repos/leveldb/util/env_test.cc,"(109, 28)-(109, 44)",b'reinterpret_cast<Callback*>'
leveldb,../repos/leveldb/util/env_test.cc,"(112, 17)-(112, 18)",b'l(&state->mu)'
leveldb,../repos/leveldb/util/env_test.cc,"(120, 12)-(120, 21)",b'callback1(&state)'
leveldb,../repos/leveldb/util/env_test.cc,"(121, 12)-(121, 21)",b'callback2(&state)'
leveldb,../repos/leveldb/util/env_test.cc,"(122, 12)-(122, 21)",b'callback3(&state)'
leveldb,../repos/leveldb/util/env_test.cc,"(123, 12)-(123, 21)",b'callback4(&state)'
leveldb,../repos/leveldb/util/env_test.cc,"(129, 13)-(129, 14)",b'l(&state.mu)'
leveldb,../repos/leveldb/util/env_test.cc,"(147, 35)-(147, 71)","b'State(int val, int num_running) : val(val), n...'"
leveldb,../repos/leveldb/util/env_test.cc,"(151, 14)-(151, 30)",b'reinterpret_cast<State*>'
leveldb,../repos/leveldb/util/env_test.cc,"(160, 9)-(160, 14)","b'state(0, 3)'"
leveldb,../repos/leveldb/util/env_test.cc,"(165, 13)-(165, 14)",b'l(&state.mu)'
leveldb,../repos/leveldb/util/env_test.cc,"(208, 15)-(208, 19)","b'data(""hello world!"")'"
leveldb,../repos/leveldb/util/env_test.cc,"(232, 15)-(232, 19)","b'data(""hello world!"")'"
leveldb,../repos/leveldb/util/arena_test.cc,"(19, 10)-(19, 13)",b'rnd(301)'
leveldb,../repos/leveldb/util/bloom_test.cc,"(22, 15)-(22, 50)",b'BloomTest() : policy_(NewBloomFilterPolicy(10)) {}'
leveldb,../repos/leveldb/util/bloom_test.cc,"(39, 43)-(39, 54)",b'static_cast<int>'
leveldb,../repos/leveldb/util/bloom_test.cc,"(50, 30)-(50, 41)",b'static_cast<unsigned int>'
leveldb,../repos/leveldb/util/bloom_test.cc,"(123, 29)-(123, 40)",b'static_cast<size_t>'
leveldb,../repos/leveldb/util/bloom_test.cc,"(137, 42)-(137, 53)",b'static_cast<int>'
leveldb,../repos/leveldb/util/testutil.cc,"(17, 17)-(17, 28)",b'static_cast<char>'
leveldb,../repos/leveldb/util/testutil.cc,"(36, 13)-(36, 24)",b'static_cast<int>'
leveldb,../repos/leveldb/util/env_posix_test.cc,"(139, 21)-(139, 30)","b'fd_buffer(fd_string.begin(), fd_string.end())'"
leveldb,../repos/leveldb/util/env_posix_test.cc,"(179, 18)-(179, 40)",b'EnvPosixTest() : env_(Env::Default()) {}'
leveldb,../repos/leveldb/include/leveldb/env.h,"(110, 18)-(110, 35)","b'NewAppendableFile(const std::string& fname,\n ...'"
leveldb,../repos/leveldb/include/leveldb/env.h,"(130, 18)-(130, 28)",b'RemoveFile(const std::string& fname)'
leveldb,../repos/leveldb/include/leveldb/env.h,"(139, 18)-(139, 28)",b'DeleteFile(const std::string& fname)'
leveldb,../repos/leveldb/include/leveldb/env.h,"(153, 18)-(153, 27)",b'RemoveDir(const std::string& dirname)'
leveldb,../repos/leveldb/include/leveldb/env.h,"(162, 18)-(162, 27)",b'DeleteDir(const std::string& dirname)'
leveldb,../repos/leveldb/include/leveldb/env.h,"(318, 6)-(318, 9)","b'Log(Logger* info_log, const char* format, ...)'"
leveldb,../repos/leveldb/include/leveldb/env.h,"(325, 23)-(325, 40)","b'WriteStringToFile(Env* env, const Slice& data...'"
leveldb,../repos/leveldb/include/leveldb/env.h,"(329, 23)-(329, 39)","b'ReadFileToString(Env* env, const std::string&...'"
leveldb,../repos/leveldb/include/leveldb/c.h,"(77, 21)-(77, 34)",b'leveldb_close(leveldb_t* db)'
leveldb,../repos/leveldb/include/leveldb/c.h,"(79, 21)-(79, 32)","b'leveldb_put(leveldb_t* db,\n                  ...'"
leveldb,../repos/leveldb/include/leveldb/c.h,"(84, 21)-(84, 35)","b'leveldb_delete(leveldb_t* db,\n               ...'"
leveldb,../repos/leveldb/include/leveldb/c.h,"(89, 21)-(89, 34)","b'leveldb_write(leveldb_t* db,\n                ...'"
leveldb,../repos/leveldb/include/leveldb/c.h,"(105, 21)-(105, 45)","b'leveldb_release_snapshot(\n    leveldb_t* db, ...'"
leveldb,../repos/leveldb/include/leveldb/c.h,"(113, 21)-(113, 46)","b'leveldb_approximate_sizes(\n    leveldb_t* db,...'"
leveldb,../repos/leveldb/include/leveldb/c.h,"(118, 21)-(118, 42)","b'leveldb_compact_range(leveldb_t* db, const ch...'"
leveldb,../repos/leveldb/include/leveldb/c.h,"(125, 21)-(125, 39)",b'leveldb_destroy_db(const leveldb_options_t* o...'
leveldb,../repos/leveldb/include/leveldb/c.h,"(128, 21)-(128, 38)",b'leveldb_repair_db(const leveldb_options_t* op...'
leveldb,../repos/leveldb/include/leveldb/c.h,"(133, 21)-(133, 41)",b'leveldb_iter_destroy(leveldb_iterator_t*)'
leveldb,../repos/leveldb/include/leveldb/c.h,"(134, 24)-(134, 42)",b'leveldb_iter_valid(const leveldb_iterator_t*)'
leveldb,../repos/leveldb/include/leveldb/c.h,"(135, 21)-(135, 47)",b'leveldb_iter_seek_to_first(leveldb_iterator_t*)'
leveldb,../repos/leveldb/include/leveldb/c.h,"(136, 21)-(136, 46)",b'leveldb_iter_seek_to_last(leveldb_iterator_t*)'
leveldb,../repos/leveldb/include/leveldb/c.h,"(137, 21)-(137, 38)","b'leveldb_iter_seek(leveldb_iterator_t*, const ...'"
leveldb,../repos/leveldb/include/leveldb/c.h,"(139, 21)-(139, 38)",b'leveldb_iter_next(leveldb_iterator_t*)'
leveldb,../repos/leveldb/include/leveldb/c.h,"(140, 21)-(140, 38)",b'leveldb_iter_prev(leveldb_iterator_t*)'
leveldb,../repos/leveldb/include/leveldb/c.h,"(145, 21)-(145, 43)",b'leveldb_iter_get_error(const leveldb_iterator...'
leveldb,../repos/leveldb/include/leveldb/c.h,"(151, 21)-(151, 47)",b'leveldb_writebatch_destroy(leveldb_writebatch_t*)'
leveldb,../repos/leveldb/include/leveldb/c.h,"(152, 21)-(152, 45)",b'leveldb_writebatch_clear(leveldb_writebatch_t*)'
leveldb,../repos/leveldb/include/leveldb/c.h,"(153, 21)-(153, 43)","b'leveldb_writebatch_put(leveldb_writebatch_t*,...'"
leveldb,../repos/leveldb/include/leveldb/c.h,"(156, 21)-(156, 46)",b'leveldb_writebatch_delete(leveldb_writebatch_...'
leveldb,../repos/leveldb/include/leveldb/c.h,"(158, 21)-(158, 47)",b'leveldb_writebatch_iterate(\n    const leveldb...'
leveldb,../repos/leveldb/include/leveldb/c.h,"(162, 21)-(162, 46)",b'leveldb_writebatch_append(\n    leveldb_writeb...'
leveldb,../repos/leveldb/include/leveldb/c.h,"(168, 21)-(168, 44)",b'leveldb_options_destroy(leveldb_options_t*)'
leveldb,../repos/leveldb/include/leveldb/c.h,"(169, 21)-(169, 51)",b'leveldb_options_set_comparator(leveldb_option...'
leveldb,../repos/leveldb/include/leveldb/c.h,"(171, 21)-(171, 54)",b'leveldb_options_set_filter_policy(leveldb_opt...'
leveldb,../repos/leveldb/include/leveldb/c.h,"(173, 21)-(173, 58)",b'leveldb_options_set_create_if_missing(leveldb...'
leveldb,../repos/leveldb/include/leveldb/c.h,"(175, 21)-(175, 56)",b'leveldb_options_set_error_if_exists(leveldb_o...'
leveldb,../repos/leveldb/include/leveldb/c.h,"(177, 21)-(177, 56)",b'leveldb_options_set_paranoid_checks(leveldb_o...'
leveldb,../repos/leveldb/include/leveldb/c.h,"(179, 21)-(179, 44)","b'leveldb_options_set_env(leveldb_options_t*, l...'"
leveldb,../repos/leveldb/include/leveldb/c.h,"(180, 21)-(180, 49)",b'leveldb_options_set_info_log(leveldb_options_...'
leveldb,../repos/leveldb/include/leveldb/c.h,"(182, 21)-(182, 58)",b'leveldb_options_set_write_buffer_size(leveldb...'
leveldb,../repos/leveldb/include/leveldb/c.h,"(184, 21)-(184, 55)",b'leveldb_options_set_max_open_files(leveldb_op...'
leveldb,../repos/leveldb/include/leveldb/c.h,"(185, 21)-(185, 46)","b'leveldb_options_set_cache(leveldb_options_t*,...'"
leveldb,../repos/leveldb/include/leveldb/c.h,"(187, 21)-(187, 51)",b'leveldb_options_set_block_size(leveldb_option...'
leveldb,../repos/leveldb/include/leveldb/c.h,"(188, 21)-(188, 63)",b'leveldb_options_set_block_restart_interval(\n ...'
leveldb,../repos/leveldb/include/leveldb/c.h,"(190, 21)-(190, 54)",b'leveldb_options_set_max_file_size(leveldb_opt...'
leveldb,../repos/leveldb/include/leveldb/c.h,"(194, 21)-(194, 52)",b'leveldb_options_set_compression(leveldb_optio...'
leveldb,../repos/leveldb/include/leveldb/c.h,"(203, 21)-(203, 47)",b'leveldb_comparator_destroy(leveldb_comparator_t*)'
leveldb,../repos/leveldb/include/leveldb/c.h,"(215, 21)-(215, 49)",b'leveldb_filterpolicy_destroy(leveldb_filterpo...'
leveldb,../repos/leveldb/include/leveldb/c.h,"(223, 21)-(223, 48)",b'leveldb_readoptions_destroy(leveldb_readoptio...'
leveldb,../repos/leveldb/include/leveldb/c.h,"(224, 21)-(224, 61)",b'leveldb_readoptions_set_verify_checksums(\n   ...'
leveldb,../repos/leveldb/include/leveldb/c.h,"(226, 21)-(226, 55)",b'leveldb_readoptions_set_fill_cache(leveldb_re...'
leveldb,../repos/leveldb/include/leveldb/c.h,"(228, 21)-(228, 53)",b'leveldb_readoptions_set_snapshot(leveldb_read...'
leveldb,../repos/leveldb/include/leveldb/c.h,"(234, 21)-(234, 49)",b'leveldb_writeoptions_destroy(leveldb_writeopt...'
leveldb,../repos/leveldb/include/leveldb/c.h,"(235, 21)-(235, 50)",b'leveldb_writeoptions_set_sync(leveldb_writeop...'
leveldb,../repos/leveldb/include/leveldb/c.h,"(241, 21)-(241, 42)",b'leveldb_cache_destroy(leveldb_cache_t* cache)'
leveldb,../repos/leveldb/include/leveldb/c.h,"(246, 21)-(246, 40)",b'leveldb_env_destroy(leveldb_env_t*)'
leveldb,../repos/leveldb/include/leveldb/c.h,"(258, 21)-(258, 33)",b'leveldb_free(void* ptr)'
leveldb,../repos/leveldb/include/leveldb/c.h,"(261, 20)-(261, 41)",b'leveldb_major_version(void)'
leveldb,../repos/leveldb/include/leveldb/c.h,"(264, 20)-(264, 41)",b'leveldb_minor_version(void)'
leveldb,../repos/leveldb/include/leveldb/db.h,"(37, 41)-(37, 61)","b'Range(const Slice& s, const Slice& l) : start...'"
leveldb,../repos/leveldb/include/leveldb/db.h,"(155, 23)-(155, 32)","b'DestroyDB(const std::string& name,\n          ...'"
leveldb,../repos/leveldb/include/leveldb/db.h,"(162, 23)-(162, 31)","b'RepairDB(const std::string& dbname,\n         ...'"
leveldb,../repos/leveldb/include/leveldb/table.h,"(59, 12)-(59, 31)",b'ApproximateOffsetOf(const Slice& key) const'
leveldb,../repos/leveldb/include/leveldb/table.h,"(67, 28)-(67, 39)",b'explicit Table(Rep* rep) : rep_(rep) {}'
leveldb,../repos/leveldb/include/leveldb/table.h,"(72, 10)-(72, 21)","b'InternalGet(const ReadOptions&, const Slice& ...'"
leveldb,../repos/leveldb/include/leveldb/table.h,"(76, 8)-(76, 16)",b'ReadMeta(const Footer& footer)'
leveldb,../repos/leveldb/include/leveldb/table.h,"(77, 8)-(77, 18)",b'ReadFilter(const Slice& filter_handle_value)'
leveldb,../repos/leveldb/include/leveldb/dumpfile.h,"(23, 23)-(23, 31)","b'DumpFile(Env* env, const std::string& fname,\n...'"
leveldb,../repos/leveldb/include/leveldb/table_builder.h,"(47, 10)-(47, 23)",b'ChangeOptions(const Options& options)'
leveldb,../repos/leveldb/include/leveldb/table_builder.h,"(52, 8)-(52, 11)","b'Add(const Slice& key, const Slice& value)'"
leveldb,../repos/leveldb/include/leveldb/table_builder.h,"(84, 8)-(84, 18)","b'WriteBlock(BlockBuilder* block, BlockHandle* ...'"
leveldb,../repos/leveldb/include/leveldb/table_builder.h,"(85, 8)-(85, 21)","b'WriteRawBlock(const Slice& data, CompressionT...'"
leveldb,../repos/leveldb/include/leveldb/write_batch.h,"(51, 8)-(51, 11)","b'Put(const Slice& key, const Slice& value)'"
leveldb,../repos/leveldb/include/leveldb/write_batch.h,"(54, 8)-(54, 14)",b'Delete(const Slice& key)'
leveldb,../repos/leveldb/include/leveldb/write_batch.h,"(70, 8)-(70, 14)",b'Append(const WriteBatch& source)'
leveldb,../repos/leveldb/include/leveldb/write_batch.h,"(73, 10)-(73, 17)",b'Iterate(Handler* handler) const'
leveldb,../repos/leveldb/include/leveldb/status.h,"(33, 33)-(33, 53)",b'Status(Status&& rhs) noexcept : state_(rhs.st...'
leveldb,../repos/leveldb/include/leveldb/status.h,"(89, 40)-(89, 51)",b'static_cast<Code>'
leveldb,../repos/leveldb/include/leveldb/iterator.h,"(81, 8)-(81, 23)","b'RegisterCleanup(CleanupFunction function, voi...'"
leveldb,../repos/leveldb/include/leveldb/slice.h,"(33, 34)-(33, 54)","b'Slice(const char* d, size_t n) : data_(d), si...'"
leveldb,../repos/leveldb/include/leveldb/slice.h,"(36, 31)-(36, 65)",b'Slice(const std::string& s) : data_(s.data())...'
leveldb,../repos/leveldb/include/leveldb/slice.h,"(39, 24)-(39, 52)","b'Slice(const char* s) : data_(s), size_(strlen...'"
leveldb,../repos/leveldb/include/leveldb/slice.h,"(81, 7)-(81, 14)",b'compare(const Slice& b) const'
leveldb,../repos/leveldb/port/port_stdcxx.h,"(71, 31)-(71, 40)",b'explicit CondVar(Mutex* mu) : mu_(mu) { asser...'
leveldb,../repos/leveldb/port/port_stdcxx.h,"(78, 34)-(78, 38)","b'lock(mu_->mu_, std::adopt_lock)'"
leveldb,../repos/leveldb/port/port_stdcxx.h,"(210, 32)-(210, 48)",b'reinterpret_cast<const uint8_t*>'
leveldb,../repos/leveldb/port/port_example.h,"(65, 6)-(65, 21)","b'Snappy_Compress(const char* input, size_t inp...'"
leveldb,../repos/leveldb/port/port_example.h,"(71, 6)-(71, 34)",b'Snappy_GetUncompressedLength(const char* inpu...'
leveldb,../repos/leveldb/port/port_example.h,"(81, 6)-(81, 23)","b'Snappy_Uncompress(const char* input_data, siz...'"
leveldb,../repos/leveldb/port/port_example.h,"(86, 6)-(86, 19)","b'Zstd_Compress(int level, const char* input, s...'"
leveldb,../repos/leveldb/port/port_example.h,"(92, 6)-(92, 32)","b'Zstd_GetUncompressedLength(const char* input,...'"
leveldb,../repos/leveldb/port/port_example.h,"(102, 6)-(102, 21)","b'Zstd_Uncompress(const char* input_data, size_...'"
leveldb,../repos/leveldb/port/port_example.h,"(109, 6)-(109, 20)","b'GetHeapProfile(void (*func)(void*, const char...'"
leveldb,../repos/leveldb/port/port_example.h,"(115, 10)-(115, 27)","b'AcceleratedCRC32C(uint32_t crc, const char* b...'"
leveldb,../repos/leveldb/benchmarks/db_bench.cc,"(139, 46)-(139, 65)",b'CountComparator(const Comparator* wrapped) : ...'
leveldb,../repos/leveldb/benchmarks/db_bench.cc,"(175, 12)-(175, 15)",b'rnd(301)'
leveldb,../repos/leveldb/benchmarks/db_bench.cc,"(362, 7)-(362, 77)","b'SharedState(int total)\n      : cv(&mu), total...'"
leveldb,../repos/leveldb/benchmarks/db_bench.cc,"(372, 36)-(372, 77)","b'ThreadState(int index, int seed) : tid(index)...'"
leveldb,../repos/leveldb/benchmarks/db_bench.cc,"(449, 9)-(449, 20)",b'static_cast<int>'
leveldb,../repos/leveldb/benchmarks/db_bench.cc,"(452, 20)-(452, 31)",b'static_cast<int64_t>'
leveldb,../repos/leveldb/benchmarks/db_bench.cc,"(522, 7)-(533, 31)",b'Benchmark()\n      : cache_(FLAGS_cache_size >...'
leveldb,../repos/leveldb/benchmarks/db_bench.cc,"(683, 22)-(683, 38)",b'reinterpret_cast<ThreadArg*>'
leveldb,../repos/leveldb/benchmarks/db_bench.cc,"(687, 17)-(687, 18)",b'l(&shared->mu)'
leveldb,../repos/leveldb/benchmarks/db_bench.cc,"(702, 17)-(702, 18)",b'l(&shared->mu)'
leveldb,../repos/leveldb/benchmarks/db_bench.cc,"(712, 17)-(712, 23)",b'shared(n)'
leveldb,../repos/leveldb/benchmarks/db_bench.cc,"(723, 23)-(723, 78)","b'arg[i].thread = new ThreadState(i, /*seed=*/1...'"
leveldb,../repos/leveldb/benchmarks/db_bench.cc,"(760, 17)-(760, 21)","b""data(size, 'x')"""
leveldb,../repos/leveldb/benchmarks/db_bench.cc,"(769, 44)-(769, 55)",b'static_cast<unsigned int>'
leveldb,../repos/leveldb/benchmarks/db_bench.cc,"(1009, 21)-(1009, 22)",b'l(&thread->shared->mu)'
leveldb,../repos/leveldb/benchmarks/db_bench.cc,"(1042, 5)-(1042, 21)",b'reinterpret_cast<WritableFile*>'
leveldb,../repos/leveldb/benchmarks/db_bench_tree_db.cc,"(96, 12)-(96, 15)",b'rnd(301)'
leveldb,../repos/leveldb/benchmarks/db_bench_tree_db.cc,"(157, 9)-(157, 20)",b'static_cast<int>'
leveldb,../repos/leveldb/benchmarks/db_bench_tree_db.cc,"(160, 20)-(160, 31)",b'static_cast<int64_t>'
leveldb,../repos/leveldb/benchmarks/db_bench_tree_db.cc,"(297, 7)-(301, 19)","b'Benchmark()\n      : db_(nullptr),\n        num...'"
leveldb,../repos/leveldb/benchmarks/db_bench_tree_db.cc,"(309, 23)-(309, 32)",b'file_name(test_dir)'
leveldb,../repos/leveldb/benchmarks/db_bench_log.cc,"(49, 13)-(49, 14)",b'l(&mu)'
leveldb,../repos/leveldb/benchmarks/db_bench_log.cc,"(51, 25)-(51, 28)",b'cmp(BytewiseComparator())'
leveldb,../repos/leveldb/benchmarks/db_bench_log.cc,"(53, 14)-(53, 18)","b'vset(dbname, &options, nullptr, &cmp)'"
leveldb,../repos/leveldb/benchmarks/db_bench_log.cc,"(59, 17)-(59, 22)","b'start(MakeKey(2 * fnum), 1, kTypeValue)'"
leveldb,../repos/leveldb/benchmarks/db_bench_log.cc,"(60, 17)-(60, 22)","b'limit(MakeKey(2 * fnum + 1), 1, kTypeDeletion)'"
leveldb,../repos/leveldb/benchmarks/db_bench_log.cc,"(70, 17)-(70, 22)","b'start(MakeKey(2 * fnum), 1, kTypeValue)'"
leveldb,../repos/leveldb/benchmarks/db_bench_log.cc,"(71, 17)-(71, 22)","b'limit(MakeKey(2 * fnum + 1), 1, kTypeDeletion)'"
leveldb,../repos/leveldb/benchmarks/db_bench_sqlite3.cc,"(129, 12)-(129, 15)",b'rnd(301)'
leveldb,../repos/leveldb/benchmarks/db_bench_sqlite3.cc,"(189, 20)-(189, 31)",b'static_cast<int64_t>'
leveldb,../repos/leveldb/benchmarks/db_bench_sqlite3.cc,"(319, 7)-(324, 19)","b'Benchmark()\n      : db_(nullptr),\n        db_...'"
leveldb,../repos/leveldb/benchmarks/db_bench_sqlite3.cc,"(332, 23)-(332, 32)",b'file_name(test_dir)'
leveldb,../repos/leveldb/db/skiplist_test.cc,"(38, 29)-(38, 33)","b'list(cmp, &arena)'"
leveldb,../repos/leveldb/db/skiplist_test.cc,"(41, 39)-(41, 43)",b'iter(&list)'
leveldb,../repos/leveldb/db/skiplist_test.cc,"(54, 10)-(54, 13)",b'rnd(1000)'
leveldb,../repos/leveldb/db/skiplist_test.cc,"(58, 29)-(58, 33)","b'list(cmp, &arena)'"
leveldb,../repos/leveldb/db/skiplist_test.cc,"(76, 41)-(76, 45)",b'iter(&list)'
leveldb,../repos/leveldb/db/skiplist_test.cc,"(94, 41)-(94, 45)",b'iter(&list)'
leveldb,../repos/leveldb/db/skiplist_test.cc,"(114, 41)-(114, 45)",b'iter(&list)'
leveldb,../repos/leveldb/db/skiplist_test.cc,"(162, 17)-(162, 33)",b'reinterpret_cast<char*>'
leveldb,../repos/leveldb/db/skiplist_test.cc,"(215, 20)-(215, 50)","b'ConcurrentTest() : list_(Comparator(), &arena_) {}'"
leveldb,../repos/leveldb/db/skiplist_test.cc,"(234, 41)-(234, 45)",b'iter(&list_)'
leveldb,../repos/leveldb/db/skiplist_test.cc,"(254, 33)-(254, 44)",b'static_cast<Key>'
leveldb,../repos/leveldb/db/skiplist_test.cc,"(291, 10)-(291, 13)",b'rnd(test::RandomSeed())'
leveldb,../repos/leveldb/db/skiplist_test.cc,"(307, 7)-(307, 71)","b'explicit TestState(int s)\n      : seed_(s), q...'"
leveldb,../repos/leveldb/db/skiplist_test.cc,"(331, 22)-(331, 38)",b'reinterpret_cast<TestState*>'
leveldb,../repos/leveldb/db/skiplist_test.cc,"(332, 10)-(332, 13)",b'rnd(state->seed_)'
leveldb,../repos/leveldb/db/skiplist_test.cc,"(344, 10)-(344, 13)",b'rnd(seed)'
leveldb,../repos/leveldb/db/skiplist_test.cc,"(351, 15)-(351, 20)",b'state(seed + 1)'
leveldb,../repos/leveldb/db/builder.h,"(25, 8)-(25, 18)","b'BuildTable(const std::string& dbname, Env* en...'"
leveldb,../repos/leveldb/db/snapshot.h,"(20, 7)-(20, 42)",b'SnapshotImpl(SequenceNumber sequence_number)\n...'
leveldb,../repos/leveldb/db/snapshot.h,"(41, 18)-(41, 28)",b'SnapshotList() : head_(0) {\n    head_.prev_ =...'
leveldb,../repos/leveldb/db/snapshot.h,"(60, 30)-(60, 63)",b'* snapshot = new SnapshotImpl(sequence_number)'
leveldb,../repos/leveldb/db/db_impl.h,"(91, 23)-(91, 67)","b'CompactionStats() : micros(0), bytes_read(0),...'"
leveldb,../repos/leveldb/db/db_impl.h,"(210, 9)-(210, 24)","b'SanitizeOptions(const std::string& db,\n      ...'"
leveldb,../repos/leveldb/db/version_set_test.cc,"(15, 18)-(15, 48)",b'FindFileTest() : disjoint_sorted_files_(true) {}'
leveldb,../repos/leveldb/db/version_set_test.cc,"(34, 17)-(34, 23)","b'target(key, 100, kTypeValue)'"
leveldb,../repos/leveldb/db/version_set_test.cc,"(35, 27)-(35, 30)",b'cmp(BytewiseComparator())'
leveldb,../repos/leveldb/db/version_set_test.cc,"(40, 27)-(40, 30)",b'cmp(BytewiseComparator())'
leveldb,../repos/leveldb/db/version_set_test.cc,"(41, 11)-(41, 12)","b's(smallest != nullptr ? smallest : """")'"
leveldb,../repos/leveldb/db/version_set_test.cc,"(42, 11)-(42, 12)","b'l(largest != nullptr ? largest : """")'"
leveldb,../repos/leveldb/db/version_set_test.cc,"(177, 6)-(177, 23)",b'AddBoundaryInputs(const InternalKeyComparator...'
leveldb,../repos/leveldb/db/version_set_test.cc,"(188, 27)-(188, 56)",b'AddBoundaryInputsTest() : icmp_(BytewiseCompa...'
leveldb,../repos/leveldb/db/memtable.h,"(71, 60)-(71, 75)",b'explicit KeyComparator(const InternalKeyCompa...'
leveldb,../repos/leveldb/db/corruption_test.cc,"(26, 7)-(28, 38)","b'CorruptionTest()\n      : db_(nullptr),\n      ...'"
leveldb,../repos/leveldb/db/corruption_test.cc,"(85, 13)-(85, 15)",b'in(iter->key())'
leveldb,../repos/leveldb/db/corruption_test.cc,"(180, 12)-(180, 13)",b'r(k)'
leveldb,../repos/leveldb/db/corruption_test.cc,"(229, 17)-(229, 33)",b'reinterpret_cast<DBImpl*>'
leveldb,../repos/leveldb/db/corruption_test.cc,"(243, 17)-(243, 33)",b'reinterpret_cast<DBImpl*>'
leveldb,../repos/leveldb/db/corruption_test.cc,"(256, 17)-(256, 33)",b'reinterpret_cast<DBImpl*>'
leveldb,../repos/leveldb/db/corruption_test.cc,"(294, 17)-(294, 33)",b'reinterpret_cast<DBImpl*>'
leveldb,../repos/leveldb/db/corruption_test.cc,"(311, 17)-(311, 33)",b'reinterpret_cast<DBImpl*>'
leveldb,../repos/leveldb/db/corruption_test.cc,"(328, 17)-(328, 33)",b'reinterpret_cast<DBImpl*>'
leveldb,../repos/leveldb/db/corruption_test.cc,"(347, 17)-(347, 33)",b'reinterpret_cast<DBImpl*>'
leveldb,../repos/leveldb/db/db_impl.cc,"(45, 7)-(45, 57)",b'explicit Writer(port::Mutex* mu)\n      : batc...'
leveldb,../repos/leveldb/db/db_impl.cc,"(65, 7)-(69, 23)",b'explicit CompactionState(Compaction* c)\n     ...'
leveldb,../repos/leveldb/db/db_impl.cc,"(91, 7)-(91, 18)",b'static_cast<V>'
leveldb,../repos/leveldb/db/db_impl.cc,"(92, 7)-(92, 18)",b'static_cast<V>'
leveldb,../repos/leveldb/db/db_impl.cc,"(127, 5)-(150, 55)","b'DBImpl::DBImpl(const Options& raw_options, co...'"
leveldb,../repos/leveldb/db/db_impl.cc,"(135, 20)-(135, 79)","b'(new TableCache(dbname_, options_, TableCache...'"
leveldb,../repos/leveldb/db/db_impl.cc,"(149, 17)-(150, 54)","b'(new VersionSet(dbname_, &options_, table_cac...'"
leveldb,../repos/leveldb/db/db_impl.cc,"(195, 17)-(195, 20)",b'log(file)'
leveldb,../repos/leveldb/db/db_impl.cc,"(276, 58)-(276, 69)",b'static_cast<int>'
leveldb,../repos/leveldb/db/db_impl.cc,"(277, 13)-(277, 24)",b'static_cast<unsigned long long>'
leveldb,../repos/leveldb/db/db_impl.cc,"(328, 18)-(328, 30)",b'max_sequence(0)'
leveldb,../repos/leveldb/db/db_impl.cc,"(359, 19)-(359, 30)",b'static_cast<int>'
leveldb,../repos/leveldb/db/db_impl.cc,"(396, 11)-(396, 22)",b'static_cast<int>'
leveldb,../repos/leveldb/db/db_impl.cc,"(422, 15)-(422, 21)","b'reader(file, &reporter, true /*checksum*/, 0 ...'"
leveldb,../repos/leveldb/db/db_impl.cc,"(441, 13)-(441, 47)",b'mem = new MemTable(internal_comparator_)'
leveldb,../repos/leveldb/db/db_impl.cc,"(480, 14)-(480, 51)","b'log_ = new log::Writer(logfile_, lfile_size)'"
leveldb,../repos/leveldb/db/db_impl.cc,"(487, 16)-(487, 50)",b'mem_ = new MemTable(internal_comparator_)'
leveldb,../repos/leveldb/db/db_impl.cc,"(585, 15)-(585, 16)",b'l(&mutex_)'
leveldb,../repos/leveldb/db/db_impl.cc,"(618, 40)-(618, 51)",b'static_cast<ValueType>'
leveldb,../repos/leveldb/db/db_impl.cc,"(622, 13)-(622, 14)",b'l(&mutex_)'
leveldb,../repos/leveldb/db/db_impl.cc,"(643, 15)-(643, 16)",b'l(&mutex_)'
leveldb,../repos/leveldb/db/db_impl.cc,"(680, 3)-(680, 19)",b'reinterpret_cast<DBImpl*>'
leveldb,../repos/leveldb/db/db_impl.cc,"(684, 13)-(684, 14)",b'l(&mutex_)'
leveldb,../repos/leveldb/db/db_impl.cc,"(745, 9)-(745, 20)",b'static_cast<unsigned long long>'
leveldb,../repos/leveldb/db/db_impl.cc,"(746, 9)-(746, 20)",b'static_cast<unsigned long long>'
leveldb,../repos/leveldb/db/db_impl.cc,"(749, 32)-(749, 54)",b'* compact = new CompactionState(c)'
leveldb,../repos/leveldb/db/db_impl.cc,"(820, 24)-(820, 68)","b'compact->builder = new TableBuilder(options_,...'"
leveldb,../repos/leveldb/db/db_impl.cc,"(879, 7)-(879, 18)",b'static_cast<long long>'
leveldb,../repos/leveldb/db/db_impl.cc,"(1062, 7)-(1062, 56)","b'IterState(port::Mutex* mutex, MemTable* mem, ...'"
leveldb,../repos/leveldb/db/db_impl.cc,"(1066, 22)-(1066, 38)",b'reinterpret_cast<IterState*>'
leveldb,../repos/leveldb/db/db_impl.cc,"(1096, 24)-(1096, 80)","b'* cleanup = new IterState(&mutex_, mem_, imm_...'"
leveldb,../repos/leveldb/db/db_impl.cc,"(1111, 13)-(1111, 14)",b'l(&mutex_)'
leveldb,../repos/leveldb/db/db_impl.cc,"(1118, 13)-(1118, 14)",b'l(&mutex_)'
leveldb,../repos/leveldb/db/db_impl.cc,"(1122, 9)-(1122, 20)",b'static_cast<const SnapshotImpl*>'
leveldb,../repos/leveldb/db/db_impl.cc,"(1141, 15)-(1141, 19)","b'lkey(key, snapshot)'"
leveldb,../repos/leveldb/db/db_impl.cc,"(1168, 31)-(1168, 42)",b'static_cast<const SnapshotImpl*>'
leveldb,../repos/leveldb/db/db_impl.cc,"(1175, 13)-(1175, 14)",b'l(&mutex_)'
leveldb,../repos/leveldb/db/db_impl.cc,"(1182, 13)-(1182, 14)",b'l(&mutex_)'
leveldb,../repos/leveldb/db/db_impl.cc,"(1187, 13)-(1187, 14)",b'l(&mutex_)'
leveldb,../repos/leveldb/db/db_impl.cc,"(1188, 21)-(1188, 32)",b'static_cast<const SnapshotImpl*>'
leveldb,../repos/leveldb/db/db_impl.cc,"(1201, 10)-(1201, 11)",b'w(&mutex_)'
leveldb,../repos/leveldb/db/db_impl.cc,"(1206, 13)-(1206, 14)",b'l(&mutex_)'
leveldb,../repos/leveldb/db/db_impl.cc,"(1389, 14)-(1389, 36)",b'log_ = new log::Writer(lfile)'
leveldb,../repos/leveldb/db/db_impl.cc,"(1392, 14)-(1392, 48)",b'mem_ = new MemTable(internal_comparator_)'
leveldb,../repos/leveldb/db/db_impl.cc,"(1404, 13)-(1404, 14)",b'l(&mutex_)'
leveldb,../repos/leveldb/db/db_impl.cc,"(1406, 9)-(1406, 15)","b'prefix(""leveldb."")'"
leveldb,../repos/leveldb/db/db_impl.cc,"(1419, 46)-(1419, 57)",b'static_cast<int>'
leveldb,../repos/leveldb/db/db_impl.cc,"(1455, 19)-(1455, 30)",b'static_cast<unsigned long long>'
leveldb,../repos/leveldb/db/db_impl.cc,"(1465, 13)-(1465, 14)",b'l(&mutex_)'
leveldb,../repos/leveldb/db/db_impl.cc,"(1471, 17)-(1471, 19)","b'k1(range[i].start, kMaxSequenceNumber, kValue...'"
leveldb,../repos/leveldb/db/db_impl.cc,"(1472, 17)-(1472, 19)","b'k2(range[i].limit, kMaxSequenceNumber, kValue...'"
leveldb,../repos/leveldb/db/db_impl.cc,"(1500, 18)-(1500, 45)","b'* impl = new DBImpl(options, dbname)'"
leveldb,../repos/leveldb/db/db_impl.cc,"(1516, 20)-(1516, 42)",b'impl->log_ = new log::Writer(lfile)'
leveldb,../repos/leveldb/db/db_impl.cc,"(1517, 20)-(1517, 60)",b'impl->mem_ = new MemTable(impl->internal_comp...'
leveldb,../repos/leveldb/db/skiplist.h,"(145, 31)-(145, 39)",b'explicit Node(const Key& k) : key(k) {}'
leveldb,../repos/leveldb/db/skiplist.h,"(184, 10)-(184, 37)",b'return new (node_memory) Node(key);'
leveldb,../repos/leveldb/db/skiplist.h,"(324, 5)-(328, 23)","b'SkipList<Key, Comparator>::SkipList(Comparato...'"
leveldb,../repos/leveldb/db/log_writer.cc,"(18, 14)-(18, 25)",b'static_cast<char>'
leveldb,../repos/leveldb/db/log_writer.cc,"(23, 36)-(23, 67)",b'Writer::Writer(WritableFile* dest) : dest_(de...'
leveldb,../repos/leveldb/db/log_writer.cc,"(28, 5)-(28, 59)","b'Writer::Writer(WritableFile* dest, uint64_t d...'"
leveldb,../repos/leveldb/db/log_writer.cc,"(89, 12)-(89, 23)",b'static_cast<char>'
leveldb,../repos/leveldb/db/log_writer.cc,"(90, 12)-(90, 23)",b'static_cast<char>'
leveldb,../repos/leveldb/db/log_writer.cc,"(91, 12)-(91, 23)",b'static_cast<char>'
leveldb,../repos/leveldb/db/builder.cc,"(31, 29)-(31, 60)","b'* builder = new TableBuilder(options, file)'"
leveldb,../repos/leveldb/db/write_batch_test.cc,"(15, 25)-(15, 28)",b'cmp(BytewiseComparator())'
leveldb,../repos/leveldb/db/write_batch_test.cc,"(16, 19)-(16, 36)",b'* mem = new MemTable(cmp)'
leveldb,../repos/leveldb/db/write_batch.cc,"(43, 9)-(43, 14)",b'input(rep_)'
leveldb,../repos/leveldb/db/write_batch.cc,"(100, 18)-(100, 29)",b'static_cast<char>'
leveldb,../repos/leveldb/db/write_batch.cc,"(107, 18)-(107, 29)",b'static_cast<char>'
leveldb,../repos/leveldb/db/repair.cc,"(48, 7)-(55, 29)","b'Repairer(const std::string& dbname, const Opt...'"
leveldb,../repos/leveldb/db/repair.cc,"(57, 20)-(57, 57)","b'table_cache_ = new TableCache(dbname_, option...'"
leveldb,../repos/leveldb/db/repair.cc,"(87, 28)-(87, 39)",b'static_cast<int>'
leveldb,../repos/leveldb/db/repair.cc,"(151, 41)-(151, 52)",b'static_cast<int>'
leveldb,../repos/leveldb/db/repair.cc,"(173, 17)-(173, 23)","b'reader(lfile, &reporter, false /*do not check...'"
leveldb,../repos/leveldb/db/repair.cc,"(180, 21)-(180, 40)",b'* mem = new MemTable(icmp_)'
leveldb,../repos/leveldb/db/repair.cc,"(305, 29)-(305, 61)","b'* builder = new TableBuilder(options_, file)'"
leveldb,../repos/leveldb/db/repair.cc,"(378, 19)-(378, 22)",b'log(file)'
leveldb,../repos/leveldb/db/repair.cc,"(447, 12)-(447, 20)","b'repairer(dbname, options)'"
leveldb,../repos/leveldb/db/table_cache.cc,"(20, 22)-(20, 38)",b'reinterpret_cast<TableAndFile*>'
leveldb,../repos/leveldb/db/table_cache.cc,"(27, 18)-(27, 34)",b'reinterpret_cast<Cache*>'
leveldb,../repos/leveldb/db/table_cache.cc,"(28, 22)-(28, 38)",b'reinterpret_cast<Cache::Handle*>'
leveldb,../repos/leveldb/db/table_cache.cc,"(34, 5)-(37, 35)",b'TableCache::TableCache(const std::string& dbn...'
leveldb,../repos/leveldb/db/table_cache.cc,"(46, 9)-(46, 12)","b'key(buf, sizeof(buf))'"
leveldb,../repos/leveldb/db/table_cache.cc,"(91, 18)-(91, 34)",b'reinterpret_cast<TableAndFile*>'
leveldb,../repos/leveldb/db/table_cache.cc,"(107, 16)-(107, 32)",b'reinterpret_cast<TableAndFile*>'
leveldb,../repos/leveldb/db/db_test.cc,"(45, 19)-(45, 30)",b'AtomicCounter() : count_(0) {}'
leveldb,../repos/leveldb/db/db_test.cc,"(48, 15)-(48, 16)",b'l(&mu_)'
leveldb,../repos/leveldb/db/db_test.cc,"(52, 15)-(52, 16)",b'l(&mu_)'
leveldb,../repos/leveldb/db/db_test.cc,"(56, 15)-(56, 16)",b'l(&mu_)'
leveldb,../repos/leveldb/db/db_test.cc,"(86, 31)-(86, 75)",b'explicit TestEnv(Env* base) : EnvWrapper(base...'
leveldb,../repos/leveldb/db/db_test.cc,"(145, 7)-(153, 35)",b'explicit SpecialEnv(Env* base)\n      : EnvWra...'
leveldb,../repos/leveldb/db/db_test.cc,"(164, 11)-(164, 50)","b'DataFile(SpecialEnv* env, WritableFile* base,...'"
leveldb,../repos/leveldb/db/db_test.cc,"(200, 54)-(200, 75)","b'ManifestFile(SpecialEnv* env, WritableFile* b...'"
leveldb,../repos/leveldb/db/db_test.cc,"(227, 14)-(227, 39)","b'*r = new DataFile(this, *r, f)'"
leveldb,../repos/leveldb/db/db_test.cc,"(229, 14)-(229, 40)","b'*r = new ManifestFile(this, *r)'"
leveldb,../repos/leveldb/db/db_test.cc,"(243, 11)-(243, 47)","b'CountingFile(RandomAccessFile* target, Atomic...'"
leveldb,../repos/leveldb/db/db_test.cc,"(254, 12)-(254, 55)","b'*r = new CountingFile(*r, &random_read_counter_)'"
leveldb,../repos/leveldb/db/db_test.cc,"(268, 12)-(268, 76)",b'DBTest() : env_(new SpecialEnv(Env::Default()...'
leveldb,../repos/leveldb/db/db_test.cc,"(268, 19)-(268, 49)",b'(new SpecialEnv(Env::Default()))'
leveldb,../repos/leveldb/db/db_test.cc,"(315, 29)-(315, 45)",b'reinterpret_cast<DBImpl*>'
leveldb,../repos/leveldb/db/db_test.cc,"(396, 17)-(396, 23)","b'target(user_key, kMaxSequenceNumber, kTypeValue)'"
leveldb,../repos/leveldb/db/db_test.cc,"(471, 12)-(471, 23)",b'static_cast<int>'
leveldb,../repos/leveldb/db/db_test.cc,"(475, 11)-(475, 12)","b'r(start, limit)'"
leveldb,../repos/leveldb/db/db_test.cc,"(506, 9)-(506, 20)",b'static_cast<long long>'
leveldb,../repos/leveldb/db/db_test.cc,"(1136, 10)-(1136, 13)",b'rnd(301)'
leveldb,../repos/leveldb/db/db_test.cc,"(1167, 10)-(1167, 13)",b'rnd(301)'
leveldb,../repos/leveldb/db/db_test.cc,"(1189, 21)-(1189, 26)","b""value(1000, 'x')"""
leveldb,../repos/leveldb/db/db_test.cc,"(1242, 12)-(1242, 15)",b'rnd(301)'
leveldb,../repos/leveldb/db/db_test.cc,"(1291, 12)-(1291, 15)",b'rnd(301)'
leveldb,../repos/leveldb/db/db_test.cc,"(1382, 12)-(1382, 15)",b'rnd(301)'
leveldb,../repos/leveldb/db/db_test.cc,"(1399, 11)-(1399, 12)","b'x(""x"")'"
leveldb,../repos/leveldb/db/db_test.cc,"(1429, 9)-(1429, 10)","b'z(""z"")'"
leveldb,../repos/leveldb/db/db_test.cc,"(1553, 10)-(1553, 13)",b'rnd(test::RandomSeed())'
leveldb,../repos/leveldb/db/db_test.cc,"(1714, 11)-(1714, 14)",b'env(Env::Default())'
leveldb,../repos/leveldb/db/db_test.cc,"(1805, 15)-(1805, 18)","b""big(100000, 'x')"""
leveldb,../repos/leveldb/db/db_test.cc,"(1993, 15)-(1993, 20)","b""value(kValueSize, 'x')"""
leveldb,../repos/leveldb/db/db_test.cc,"(2027, 17)-(2027, 33)",b'reinterpret_cast<MTThread*>'
leveldb,../repos/leveldb/db/db_test.cc,"(2032, 10)-(2032, 13)",b'rnd(1000 + id)'
leveldb,../repos/leveldb/db/db_test.cc,"(2046, 21)-(2046, 32)",b'static_cast<int>'
leveldb,../repos/leveldb/db/db_test.cc,"(2115, 44)-(2115, 63)",b'explicit ModelDB(const Options& options) : op...'
leveldb,../repos/leveldb/db/db_test.cc,"(2132, 14)-(2132, 40)","b'return new ModelIter(saved, true);'"
leveldb,../repos/leveldb/db/db_test.cc,"(2135, 13)-(2135, 29)",b'reinterpret_cast<const ModelSnapshot*>'
leveldb,../repos/leveldb/db/db_test.cc,"(2136, 14)-(2136, 50)","b'return new ModelIter(snapshot_state, false);'"
leveldb,../repos/leveldb/db/db_test.cc,"(2146, 12)-(2146, 28)",b'reinterpret_cast<const ModelSnapshot*>'
leveldb,../repos/leveldb/db/db_test.cc,"(2176, 9)-(2176, 55)","b'ModelIter(const KVMap* map, bool owned)\n     ...'"
leveldb,../repos/leveldb/db/db_test.cc,"(2293, 10)-(2293, 13)",b'rnd(test::RandomSeed())'
leveldb,../repos/leveldb/db/db_test.cc,"(2295, 13)-(2295, 18)",b'model(CurrentOptions())'
leveldb,../repos/leveldb/db/version_set.h,"(45, 5)-(45, 13)","b'FindFile(const InternalKeyComparator& icmp,\n ...'"
leveldb,../repos/leveldb/db/version_set.h,"(54, 6)-(54, 27)",b'SomeFileOverlapsRange(const InternalKeyCompar...'
leveldb,../repos/leveldb/db/version_set.h,"(124, 7)-(131, 30)",b'explicit Version(VersionSet* vset)\n      : vs...'
leveldb,../repos/leveldb/db/filename.h,"(34, 13)-(34, 24)","b'LogFileName(const std::string& dbname, uint64...'"
leveldb,../repos/leveldb/db/filename.h,"(39, 13)-(39, 26)","b'TableFileName(const std::string& dbname, uint...'"
leveldb,../repos/leveldb/db/filename.h,"(44, 13)-(44, 29)","b'SSTTableFileName(const std::string& dbname, u...'"
leveldb,../repos/leveldb/db/filename.h,"(49, 13)-(49, 31)","b'DescriptorFileName(const std::string& dbname,...'"
leveldb,../repos/leveldb/db/filename.h,"(54, 13)-(54, 28)",b'CurrentFileName(const std::string& dbname)'
leveldb,../repos/leveldb/db/filename.h,"(58, 13)-(58, 25)",b'LockFileName(const std::string& dbname)'
leveldb,../repos/leveldb/db/filename.h,"(62, 13)-(62, 25)","b'TempFileName(const std::string& dbname, uint6...'"
leveldb,../repos/leveldb/db/filename.h,"(65, 13)-(65, 28)",b'InfoLogFileName(const std::string& dbname)'
leveldb,../repos/leveldb/db/filename.h,"(68, 13)-(68, 31)",b'OldInfoLogFileName(const std::string& dbname)'
leveldb,../repos/leveldb/db/filename.h,"(73, 6)-(73, 19)","b'ParseFileName(const std::string& filename, ui...'"
leveldb,../repos/leveldb/db/filename.h,"(78, 8)-(78, 22)","b'SetCurrentFile(Env* env, const std::string& d...'"
leveldb,../repos/leveldb/db/dbformat_test.cc,"(34, 9)-(34, 11)",b'in(encoded)'
leveldb,../repos/leveldb/db/dbformat_test.cc,"(35, 21)-(35, 28)","b'decoded("""", 0, kTypeValue)'"
leveldb,../repos/leveldb/db/dbformat_test.cc,"(115, 21)-(115, 24)","b'key(""The \\""key\\"" in \'single quotes\'"", 42, kTy...'"
leveldb,../repos/leveldb/db/dbformat_test.cc,"(121, 15)-(121, 18)","b'key(""The \\""key\\"" in \'single quotes\'"", 42, kTy...'"
leveldb,../repos/leveldb/db/fault_injection_test.cc,"(92, 7)-(95, 31)",b'FileState(const std::string& filename)\n      ...'
leveldb,../repos/leveldb/db/fault_injection_test.cc,"(97, 15)-(97, 72)","b'FileState() : pos_(-1), pos_at_last_sync_(-1)...'"
leveldb,../repos/leveldb/db/fault_injection_test.cc,"(130, 7)-(130, 61)",b'FaultInjectionTestEnv()\n      : EnvWrapper(En...'
leveldb,../repos/leveldb/db/fault_injection_test.cc,"(151, 15)-(151, 16)",b'l(&mutex_)'
leveldb,../repos/leveldb/db/fault_injection_test.cc,"(155, 15)-(155, 16)",b'l(&mutex_)'
leveldb,../repos/leveldb/db/fault_injection_test.cc,"(168, 5)-(168, 72)",b'TestWritableFile::TestWritableFile(const File...'
leveldb,../repos/leveldb/db/fault_injection_test.cc,"(235, 15)-(235, 20)",b'state(fname)'
leveldb,../repos/leveldb/db/fault_injection_test.cc,"(237, 15)-(237, 70)","b'*result = new TestWritableFile(state, actual_...'"
leveldb,../repos/leveldb/db/fault_injection_test.cc,"(242, 15)-(242, 16)",b'l(&mutex_)'
leveldb,../repos/leveldb/db/fault_injection_test.cc,"(253, 15)-(253, 20)",b'state(fname)'
leveldb,../repos/leveldb/db/fault_injection_test.cc,"(256, 17)-(256, 18)",b'l(&mutex_)'
leveldb,../repos/leveldb/db/fault_injection_test.cc,"(263, 15)-(263, 70)","b'*result = new TestWritableFile(state, actual_...'"
leveldb,../repos/leveldb/db/fault_injection_test.cc,"(270, 13)-(270, 14)",b'l(&mutex_)'
leveldb,../repos/leveldb/db/fault_injection_test.cc,"(284, 13)-(284, 14)",b'l(&mutex_)'
leveldb,../repos/leveldb/db/fault_injection_test.cc,"(290, 13)-(290, 14)",b'l(&mutex_)'
leveldb,../repos/leveldb/db/fault_injection_test.cc,"(296, 13)-(296, 14)",b'l(&mutex_)'
leveldb,../repos/leveldb/db/fault_injection_test.cc,"(315, 15)-(315, 16)",b'l(&mutex_)'
leveldb,../repos/leveldb/db/fault_injection_test.cc,"(341, 25)-(341, 34)",b'new_files(new_files_since_last_dir_sync_.begi...'
leveldb,../repos/leveldb/db/fault_injection_test.cc,"(355, 13)-(355, 14)",b'l(&mutex_)'
leveldb,../repos/leveldb/db/fault_injection_test.cc,"(376, 7)-(378, 21)",b'FaultInjectionTest()\n      : env_(new FaultIn...'
leveldb,../repos/leveldb/db/fault_injection_test.cc,"(449, 12)-(449, 13)",b'r(k)'
leveldb,../repos/leveldb/db/fault_injection_test.cc,"(515, 12)-(515, 15)",b'rnd(0)'
leveldb,../repos/leveldb/db/log_reader.cc,"(20, 5)-(29, 37)","b'Reader::Reader(SequentialFile* file, Reporter...'"
leveldb,../repos/leveldb/db/log_reader.cc,"(185, 27)-(185, 38)",b'static_cast<size_t>'
leveldb,../repos/leveldb/db/log_reader.cc,"(218, 24)-(218, 35)",b'static_cast<uint32_t>'
leveldb,../repos/leveldb/db/log_reader.cc,"(219, 24)-(219, 35)",b'static_cast<uint32_t>'
leveldb,../repos/leveldb/db/memtable.cc,"(22, 5)-(22, 70)",b'MemTable::MemTable(const InternalKeyComparato...'
leveldb,../repos/leveldb/db/memtable.cc,"(48, 53)-(48, 67)",b'explicit MemTableIterator(MemTable::Table* ta...'
leveldb,../repos/leveldb/db/memtable.cc,"(74, 44)-(74, 73)",b'return new MemTableIterator(&table_);'
leveldb,../repos/leveldb/db/memtable.cc,"(104, 19)-(104, 23)",b'iter(&table_)'
leveldb,../repos/leveldb/db/memtable.cc,"(123, 15)-(123, 26)",b'static_cast<ValueType>'
leveldb,../repos/leveldb/db/filename.cc,"(17, 8)-(17, 29)","b'WriteStringToFileSync(Env* env, const Slice& ...'"
leveldb,../repos/leveldb/db/filename.cc,"(24, 17)-(24, 28)",b'static_cast<unsigned long long>'
leveldb,../repos/leveldb/db/filename.cc,"(47, 17)-(47, 28)",b'static_cast<unsigned long long>'
leveldb,../repos/leveldb/db/filename.cc,"(80, 9)-(80, 13)",b'rest(filename)'
leveldb,../repos/leveldb/db/db_iter.cc,"(50, 7)-(57, 61)","b'DBIter(DBImpl* db, const Comparator* cmp, Ite...'"
leveldb,../repos/leveldb/db/db_iter.cc,"(315, 10)-(315, 76)","b'return new DBIter(db, user_key_comparator, in...'"
leveldb,../repos/leveldb/db/dbformat.h,"(76, 7)-(76, 44)","b'ParsedInternalKey(const Slice& u, const Seque...'"
leveldb,../repos/leveldb/db/dbformat.h,"(86, 6)-(86, 23)","b'AppendInternalKey(std::string* result, const ...'"
leveldb,../repos/leveldb/db/dbformat.h,"(92, 6)-(92, 22)","b'ParseInternalKey(const Slice& internal_key, P...'"
leveldb,../repos/leveldb/db/dbformat.h,"(107, 55)-(107, 76)",b'explicit InternalKeyComparator(const Comparat...'
leveldb,../repos/leveldb/db/dbformat.h,"(125, 56)-(125, 73)",b'explicit InternalFilterPolicy(const FilterPol...'
leveldb,../repos/leveldb/db/dbformat.h,"(178, 18)-(178, 29)",b'static_cast<ValueType>'
leveldb,../repos/leveldb/db/dbformat.h,"(180, 16)-(180, 27)",b'static_cast<uint8_t>'
leveldb,../repos/leveldb/db/recovery_test.cc,"(20, 18)-(20, 54)","b'RecoveryTest() : env_(Env::Default()), db_(nu...'"
leveldb,../repos/leveldb/db/recovery_test.cc,"(31, 35)-(31, 51)",b'reinterpret_cast<DBImpl*>'
leveldb,../repos/leveldb/db/recovery_test.cc,"(146, 17)-(146, 23)",b'writer(file)'
leveldb,../repos/leveldb/db/recovery_test.cc,"(193, 17)-(193, 23)","b'zeroes(3 * 1048576 - static_cast<size_t>(len), 0)'"
leveldb,../repos/leveldb/db/recovery_test.cc,"(193, 38)-(193, 49)",b'static_cast<size_t>'
leveldb,../repos/leveldb/db/version_edit.h,"(19, 18)-(19, 65)","b'FileMetaData() : refs(0), allowed_seeks(1 << ...'"
leveldb,../repos/leveldb/db/log_test.cc,"(42, 7)-(45, 50)","b'LogTest()\n      : reading_(false),\n        wr...'"
leveldb,../repos/leveldb/db/log_test.cc,"(43, 17)-(43, 35)",b'(new Writer(&dest_))'
leveldb,../repos/leveldb/db/log_test.cc,"(44, 17)-(45, 49)","b'(new Reader(&source_, &report_, true /*checks...'"
leveldb,../repos/leveldb/db/log_test.cc,"(54, 15)-(54, 57)","b'writer_ = new Writer(&dest_, dest_.contents_....'"
leveldb,../repos/leveldb/db/log_test.cc,"(114, 19)-(114, 25)","b'record(initial_offset_record_sizes_[i],\n     ...'"
leveldb,../repos/leveldb/db/log_test.cc,"(115, 26)-(115, 37)",b'static_cast<char>'
leveldb,../repos/leveldb/db/log_test.cc,"(122, 15)-(122, 80)","b'reader_ = new Reader(&source_, &report_, true...'"
leveldb,../repos/leveldb/db/log_test.cc,"(129, 29)-(130, 73)","b'* offset_reader = new Reader(&source_, &repor...'"
leveldb,../repos/leveldb/db/log_test.cc,"(143, 9)-(143, 74)",b'* offset_reader =\n        new Reader(&source_...'
leveldb,../repos/leveldb/db/log_test.cc,"(177, 20)-(177, 67)","b'StringSource() : force_error_(false), returne...'"
leveldb,../repos/leveldb/db/log_test.cc,"(215, 23)-(215, 42)",b'ReportCollector() : dropped_bytes_(0) {}'
leveldb,../repos/leveldb/db/log_test.cc,"(353, 10)-(353, 19)",b'write_rnd(301)'
leveldb,../repos/leveldb/db/log_test.cc,"(357, 10)-(357, 18)",b'read_rnd(301)'
leveldb,../repos/leveldb/db/c.cc,"(115, 30)-(115, 42)",b'key_pointers(n)'
leveldb,../repos/leveldb/db/c.cc,"(116, 25)-(116, 34)",b'key_sizes(n)'
leveldb,../repos/leveldb/db/c.cc,"(163, 7)-(163, 23)",b'reinterpret_cast<char*>'
leveldb,../repos/leveldb/db/c.cc,"(430, 26)-(430, 37)",b'static_cast<CompressionType>'
leveldb,../repos/leveldb/db/c.cc,"(553, 18)-(553, 29)",b'static_cast<char*>'
leveldb,../repos/leveldb/db/autocompact_test.cc,"(38, 11)-(38, 12)","b'r(start, limit)'"
leveldb,../repos/leveldb/db/autocompact_test.cc,"(60, 15)-(60, 20)","b""value(kValueSize, 'x')"""
leveldb,../repos/leveldb/db/autocompact_test.cc,"(61, 17)-(61, 33)",b'reinterpret_cast<DBImpl*>'
leveldb,../repos/leveldb/db/dumpfile.cc,"(64, 15)-(64, 21)","b'reader(file, &reporter, true, 0)'"
leveldb,../repos/leveldb/db/version_set.cc,"(145, 17)-(145, 26)","b'small_key(*smallest_user_key, kMaxSequenceNum...'"
leveldb,../repos/leveldb/db/version_set.cc,"(167, 7)-(167, 58)",b'LevelFileNumIterator(const InternalKeyCompara...'
leveldb,../repos/leveldb/db/version_set.cc,"(212, 23)-(212, 39)",b'reinterpret_cast<TableCache*>'
leveldb,../repos/leveldb/db/version_set.cc,"(225, 7)-(225, 61)",b'(\n      new LevelFileNumIterator(vset_->icmp_...'
leveldb,../repos/leveldb/db/version_set.cc,"(263, 14)-(263, 30)",b'reinterpret_cast<Saver*>'
leveldb,../repos/leveldb/db/version_set.cc,"(342, 22)-(342, 38)",b'reinterpret_cast<State*>'
leveldb,../repos/leveldb/db/version_set.cc,"(426, 22)-(426, 38)",b'reinterpret_cast<State*>'
leveldb,../repos/leveldb/db/version_set.cc,"(476, 17)-(476, 22)","b'start(smallest_user_key, kMaxSequenceNumber, ...'"
leveldb,../repos/leveldb/db/version_set.cc,"(477, 17)-(477, 22)","b'limit(largest_user_key, 0, static_cast<ValueT...'"
leveldb,../repos/leveldb/db/version_set.cc,"(477, 44)-(477, 55)",b'static_cast<ValueType>'
leveldb,../repos/leveldb/db/version_set.cc,"(598, 44)-(598, 70)","b'Builder(VersionSet* vset, Version* base) : vs...'"
leveldb,../repos/leveldb/db/version_set.cc,"(603, 36)-(603, 52)",b'levels_[level].added_files = new FileSet(cmp)'
leveldb,../repos/leveldb/db/version_set.cc,"(647, 25)-(647, 69)",b'* f = new FileMetaData(edit->new_files_[i].second)'
leveldb,../repos/leveldb/db/version_set.cc,"(663, 26)-(663, 37)",b'static_cast<int>'
leveldb,../repos/leveldb/db/version_set.cc,"(736, 5)-(749, 24)",b'VersionSet::VersionSet(const std::string& dbn...'
leveldb,../repos/leveldb/db/version_set.cc,"(750, 17)-(750, 34)",b'(new Version(this))'
leveldb,../repos/leveldb/db/version_set.cc,"(792, 16)-(792, 33)",b'* v = new Version(this)'
leveldb,../repos/leveldb/db/version_set.cc,"(794, 13)-(794, 20)","b'builder(this, current_)'"
leveldb,../repos/leveldb/db/version_set.cc,"(811, 25)-(811, 58)",b'descriptor_log_ = new log::Writer(descriptor_...'
leveldb,../repos/leveldb/db/version_set.cc,"(899, 11)-(899, 18)","b'builder(this, current_)'"
leveldb,../repos/leveldb/db/version_set.cc,"(905, 17)-(905, 23)","b'reader(file, &reporter, true /*checksum*/,\n  ...'"
leveldb,../repos/leveldb/db/version_set.cc,"(968, 18)-(968, 35)",b'* v = new Version(this)'
leveldb,../repos/leveldb/db/version_set.cc,"(1020, 21)-(1020, 69)",b'descriptor_log_ = new log::Writer(descriptor_...'
leveldb,../repos/leveldb/db/version_set.cc,"(1051, 15)-(1051, 26)",b'static_cast<double>'
leveldb,../repos/leveldb/db/version_set.cc,"(1056, 11)-(1056, 22)",b'static_cast<double>'
leveldb,../repos/leveldb/db/version_set.cc,"(1241, 13)-(1241, 73)",b'(\n            new Version::LevelFileNumIterat...'
leveldb,../repos/leveldb/db/version_set.cc,"(1264, 9)-(1264, 40)","b'c = new Compaction(options_, level)'"
leveldb,../repos/leveldb/db/version_set.cc,"(1281, 9)-(1281, 40)","b'c = new Compaction(options_, level)'"
leveldb,../repos/leveldb/db/version_set.cc,"(1473, 19)-(1473, 50)","b'* c = new Compaction(options_, level)'"
leveldb,../repos/leveldb/db/version_set.cc,"(1482, 5)-(1487, 27)",b'Compaction::Compaction(const Options* options...'
leveldb,../repos/leveldb/db/dbformat.cc,"(29, 9)-(29, 20)",b'static_cast<int>'
leveldb,../repos/leveldb/db/dbformat.cc,"(70, 15)-(70, 18)","b'tmp(user_start.data(), user_start.size())'"
leveldb,../repos/leveldb/db/dbformat.cc,"(86, 15)-(86, 18)","b'tmp(user_key.data(), user_key.size())'"
leveldb,../repos/leveldb/db/dbformat.cc,"(105, 17)-(105, 27)",b'const_cast<Slice*>'
leveldb,../repos/leveldb/helpers/memenv/memenv_test.cc,"(20, 16)-(20, 49)",b'MemEnvTest() : env_(NewMemEnv(Env::Default())) {}'
leveldb,../repos/leveldb/helpers/memenv/memenv_test.cc,"(166, 26)-(166, 37)",b'static_cast<char>'
leveldb,../repos/leveldb/helpers/memenv/memenv_test.cc,"(247, 17)-(247, 33)",b'reinterpret_cast<DBImpl*>'
leveldb,../repos/leveldb/helpers/memenv/memenv.cc,"(27, 15)-(27, 35)","b'FileState() : refs_(0), size_(0) {}'"
leveldb,../repos/leveldb/helpers/memenv/memenv.cc,"(35, 15)-(35, 19)",b'lock(&refs_mutex_)'
leveldb,../repos/leveldb/helpers/memenv/memenv.cc,"(44, 17)-(44, 21)",b'lock(&refs_mutex_)'
leveldb,../repos/leveldb/helpers/memenv/memenv.cc,"(58, 15)-(58, 19)",b'lock(&blocks_mutex_)'
leveldb,../repos/leveldb/helpers/memenv/memenv.cc,"(63, 15)-(63, 19)",b'lock(&blocks_mutex_)'
leveldb,../repos/leveldb/helpers/memenv/memenv.cc,"(72, 15)-(72, 19)",b'lock(&blocks_mutex_)'
leveldb,../repos/leveldb/helpers/memenv/memenv.cc,"(78, 11)-(78, 22)",b'static_cast<size_t>'
leveldb,../repos/leveldb/helpers/memenv/memenv.cc,"(86, 20)-(86, 31)",b'static_cast<size_t>'
leveldb,../repos/leveldb/helpers/memenv/memenv.cc,"(112, 15)-(112, 19)",b'lock(&blocks_mutex_)'
leveldb,../repos/leveldb/helpers/memenv/memenv.cc,"(154, 48)-(154, 70)",b'explicit SequentialFileImpl(FileState* file) ...'
leveldb,../repos/leveldb/helpers/memenv/memenv.cc,"(187, 50)-(187, 63)",b'explicit RandomAccessFileImpl(FileState* file...'
leveldb,../repos/leveldb/helpers/memenv/memenv.cc,"(202, 37)-(202, 50)",b'WritableFileImpl(FileState* file) : file_(fil...'
leveldb,../repos/leveldb/helpers/memenv/memenv.cc,"(223, 39)-(223, 61)",b'explicit InMemoryEnv(Env* base_env) : EnvWrap...'
leveldb,../repos/leveldb/helpers/memenv/memenv.cc,"(234, 15)-(234, 19)",b'lock(&mutex_)'
leveldb,../repos/leveldb/helpers/memenv/memenv.cc,"(240, 15)-(240, 55)",b'*result = new SequentialFileImpl(file_map_[fname])'
leveldb,../repos/leveldb/helpers/memenv/memenv.cc,"(246, 15)-(246, 19)",b'lock(&mutex_)'
leveldb,../repos/leveldb/helpers/memenv/memenv.cc,"(252, 15)-(252, 57)",b'*result = new RandomAccessFileImpl(file_map_[...'
leveldb,../repos/leveldb/helpers/memenv/memenv.cc,"(258, 15)-(258, 19)",b'lock(&mutex_)'
leveldb,../repos/leveldb/helpers/memenv/memenv.cc,"(272, 15)-(272, 41)",b'*result = new WritableFileImpl(file)'
leveldb,../repos/leveldb/helpers/memenv/memenv.cc,"(278, 15)-(278, 19)",b'lock(&mutex_)'
leveldb,../repos/leveldb/helpers/memenv/memenv.cc,"(285, 15)-(285, 41)",b'*result = new WritableFileImpl(file)'
leveldb,../repos/leveldb/helpers/memenv/memenv.cc,"(290, 15)-(290, 19)",b'lock(&mutex_)'
leveldb,../repos/leveldb/helpers/memenv/memenv.cc,"(296, 15)-(296, 19)",b'lock(&mutex_)'
leveldb,../repos/leveldb/helpers/memenv/memenv.cc,"(322, 15)-(322, 19)",b'lock(&mutex_)'
leveldb,../repos/leveldb/helpers/memenv/memenv.cc,"(336, 15)-(336, 19)",b'lock(&mutex_)'
leveldb,../repos/leveldb/helpers/memenv/memenv.cc,"(347, 15)-(347, 19)",b'lock(&mutex_)'
leveldb,../repos/leveldb/helpers/memenv/memenv.cc,"(388, 40)-(388, 65)",b'return new InMemoryEnv(base_env);'
leveldb,../repos/leveldb/table/block_builder.cc,"(41, 5)-(41, 68)",b'BlockBuilder::BlockBuilder(const Options* opt...'
leveldb,../repos/leveldb/table/block_builder.cc,"(72, 9)-(72, 23)",b'last_key_piece(last_key_)'
leveldb,../repos/leveldb/table/block.cc,"(26, 5)-(28, 38)",b'Block::Block(const BlockContents& contents)\n ...'
leveldb,../repos/leveldb/table/block.cc,"(59, 13)-(59, 29)",b'reinterpret_cast<const uint8_t*>'
leveldb,../repos/leveldb/table/block.cc,"(60, 17)-(60, 33)",b'reinterpret_cast<const uint8_t*>'
leveldb,../repos/leveldb/table/block.cc,"(61, 19)-(61, 35)",b'reinterpret_cast<const uint8_t*>'
leveldb,../repos/leveldb/table/block.cc,"(71, 7)-(71, 18)",b'static_cast<uint32_t>'
leveldb,../repos/leveldb/table/block.cc,"(118, 7)-(123, 38)","b'Iter(const Comparator* comparator, const char...'"
leveldb,../repos/leveldb/table/block.cc,"(198, 13)-(198, 20)","b'mid_key(key_ptr, non_shared)'"
leveldb,../repos/leveldb/table/block.cc,"(288, 12)-(288, 70)","b'return new Iter(comparator, data_, restart_of...'"
leveldb,../repos/leveldb/table/iterator.cc,"(45, 34)-(45, 46)",b'EmptyIterator(const Status& s) : status_(s) {}'
leveldb,../repos/leveldb/table/iterator.cc,"(70, 39)-(70, 70)",b'return new EmptyIterator(Status::OK());'
leveldb,../repos/leveldb/table/iterator.cc,"(73, 10)-(73, 35)",b'return new EmptyIterator(status);'
leveldb,../repos/leveldb/table/merger.cc,"(17, 7)-(21, 29)","b'MergingIterator(const Comparator* comparator,...'"
leveldb,../repos/leveldb/table/merger.cc,"(187, 12)-(187, 56)","b'return new MergingIterator(comparator, childr...'"
leveldb,../repos/leveldb/table/filter_block.cc,"(19, 5)-(19, 22)",b'FilterBlockBuilder::FilterBlockBuilder(const ...'
leveldb,../repos/leveldb/table/filter_block.cc,"(70, 40)-(70, 51)",b'static_cast<int>'
leveldb,../repos/leveldb/table/filter_block.cc,"(79, 5)-(79, 78)",b'FilterBlockReader::FilterBlockReader(const Fi...'
leveldb,../repos/leveldb/table/filter_block.cc,"(95, 36)-(95, 47)",b'static_cast<size_t>'
leveldb,../repos/leveldb/table/format.cc,"(18, 22)-(18, 33)",b'static_cast<uint64_t>'
leveldb,../repos/leveldb/table/format.cc,"(19, 20)-(19, 31)",b'static_cast<uint64_t>'
leveldb,../repos/leveldb/table/format.cc,"(37, 19)-(37, 30)",b'static_cast<uint32_t>'
leveldb,../repos/leveldb/table/format.cc,"(38, 19)-(38, 30)",b'static_cast<uint32_t>'
leveldb,../repos/leveldb/table/format.cc,"(51, 28)-(51, 39)",b'static_cast<uint64_t>'
leveldb,../repos/leveldb/table/format.cc,"(52, 28)-(52, 39)",b'static_cast<uint64_t>'
leveldb,../repos/leveldb/table/format.cc,"(77, 14)-(77, 25)",b'static_cast<size_t>'
leveldb,../repos/leveldb/table/table.cc,"(66, 26)-(66, 57)",b'* index_block = new Block(index_block_contents)'
leveldb,../repos/leveldb/table/table.cc,"(75, 14)-(75, 28)",b'*table = new Table(rep)'
leveldb,../repos/leveldb/table/table.cc,"(98, 17)-(98, 36)",b'* meta = new Block(contents)'
leveldb,../repos/leveldb/table/table.cc,"(131, 18)-(131, 80)",b'rep_->filter = new FilterBlockReader(rep_->op...'
leveldb,../repos/leveldb/table/table.cc,"(137, 10)-(137, 26)",b'reinterpret_cast<Block*>'
leveldb,../repos/leveldb/table/table.cc,"(141, 18)-(141, 34)",b'reinterpret_cast<Block*>'
leveldb,../repos/leveldb/table/table.cc,"(146, 18)-(146, 34)",b'reinterpret_cast<Cache*>'
leveldb,../repos/leveldb/table/table.cc,"(147, 27)-(147, 43)",b'reinterpret_cast<Cache::Handle*>'
leveldb,../repos/leveldb/table/table.cc,"(155, 18)-(155, 34)",b'reinterpret_cast<Table*>'
leveldb,../repos/leveldb/table/table.cc,"(172, 13)-(172, 16)","b'key(cache_key_buffer, sizeof(cache_key_buffer))'"
leveldb,../repos/leveldb/table/table.cc,"(175, 17)-(175, 33)",b'reinterpret_cast<Block*>'
leveldb,../repos/leveldb/table/table.cc,"(179, 19)-(179, 38)",b'block = new Block(contents)'
leveldb,../repos/leveldb/table/table.cc,"(189, 17)-(189, 36)",b'block = new Block(contents)'
leveldb,../repos/leveldb/table/table.cc,"(211, 28)-(211, 38)",b'const_cast<Table*>'
leveldb,../repos/leveldb/table/table_builder.cc,"(23, 7)-(34, 35)","b'Rep(const Options& opt, WritableFile* f)\n    ...'"
leveldb,../repos/leveldb/table/table_builder.cc,"(33, 28)-(33, 69)",b'opt.filter_policy == nullptr\n                ...'
leveldb,../repos/leveldb/table/table_builder.cc,"(66, 5)-(66, 35)",b'TableBuilder::TableBuilder(const Options& opt...'
leveldb,../repos/leveldb/table/table_builder.cc,"(66, 12)-(66, 34)","b'(new Rep(options, file))'"
leveldb,../repos/leveldb/table/table_builder.cc,"(229, 18)-(229, 34)",b'meta_index_block(&r->options)'
leveldb,../repos/leveldb/table/table_test.cc,"(30, 15)-(30, 18)",b'str(key.ToString())'
leveldb,../repos/leveldb/table/table_test.cc,"(31, 15)-(31, 18)","b'rev("""")'"
leveldb,../repos/leveldb/table/table_test.cc,"(83, 17)-(83, 44)",b'STLLessThan() : cmp(BytewiseComparator()) {}'
leveldb,../repos/leveldb/table/table_test.cc,"(84, 36)-(84, 44)",b'STLLessThan(const Comparator* c) : cmp(c) {}'
leveldb,../repos/leveldb/table/table_test.cc,"(113, 7)-(113, 52)",b'StringSource(const Slice& contents)\n      : c...'
leveldb,../repos/leveldb/table/table_test.cc,"(142, 47)-(142, 72)",b'explicit Constructor(const Comparator* cmp) :...'
leveldb,../repos/leveldb/table/table_test.cc,"(180, 7)-(180, 60)",b'explicit BlockConstructor(const Comparator* c...'
leveldb,../repos/leveldb/table/table_test.cc,"(185, 18)-(185, 25)",b'builder(&options)'
leveldb,../repos/leveldb/table/table_test.cc,"(196, 14)-(196, 33)",b'block_ = new Block(contents)'
leveldb,../repos/leveldb/table/table_test.cc,"(214, 7)-(214, 60)",b'TableConstructor(const Comparator* cmp)\n     ...'
leveldb,../repos/leveldb/table/table_test.cc,"(219, 18)-(219, 25)","b'builder(options, &sink)'"
leveldb,../repos/leveldb/table/table_test.cc,"(231, 15)-(231, 48)",b'source_ = new StringSource(sink.contents())'
leveldb,../repos/leveldb/table/table_test.cc,"(262, 50)-(262, 63)",b'explicit KeyConvertingIterator(Iterator* iter...'
leveldb,../repos/leveldb/table/table_test.cc,"(271, 23)-(271, 27)","b'ikey(target, kMaxSequenceNumber, kTypeValue)'"
leveldb,../repos/leveldb/table/table_test.cc,"(304, 7)-(304, 52)",b'explicit MemTableConstructor(const Comparator...'
leveldb,../repos/leveldb/table/table_test.cc,"(305, 17)-(305, 51)",b'memtable_ = new MemTable(internal_comparator_)'
leveldb,../repos/leveldb/table/table_test.cc,"(311, 17)-(311, 51)",b'memtable_ = new MemTable(internal_comparator_)'
leveldb,../repos/leveldb/table/table_test.cc,"(321, 12)-(321, 63)",b'return new KeyConvertingIterator(memtable_->N...'
leveldb,../repos/leveldb/table/table_test.cc,"(332, 7)-(332, 43)",b'explicit DBConstructor(const Comparator* cmp)...'
leveldb,../repos/leveldb/table/table_test.cc,"(409, 13)-(409, 36)",b'Harness() : constructor_(nullptr) {}'
leveldb,../repos/leveldb/table/table_test.cc,"(425, 24)-(425, 65)",b'constructor_ = new TableConstructor(options_....'
leveldb,../repos/leveldb/table/table_test.cc,"(428, 24)-(428, 65)",b'constructor_ = new BlockConstructor(options_....'
leveldb,../repos/leveldb/table/table_test.cc,"(431, 24)-(431, 68)",b'constructor_ = new MemTableConstructor(option...'
leveldb,../repos/leveldb/table/table_test.cc,"(434, 24)-(434, 62)",b'constructor_ = new DBConstructor(options_.com...'
leveldb,../repos/leveldb/table/table_test.cc,"(616, 12)-(616, 15)",b'rnd(test::RandomSeed() + 1)'
leveldb,../repos/leveldb/table/table_test.cc,"(631, 9)-(631, 14)",b'block(contents)'
leveldb,../repos/leveldb/table/table_test.cc,"(646, 12)-(646, 15)",b'rnd(test::RandomSeed() + 1)'
leveldb,../repos/leveldb/table/table_test.cc,"(655, 12)-(655, 15)",b'rnd(test::RandomSeed() + 2)'
leveldb,../repos/leveldb/table/table_test.cc,"(664, 12)-(664, 15)",b'rnd(test::RandomSeed() + 3)'
leveldb,../repos/leveldb/table/table_test.cc,"(675, 12)-(675, 15)",b'rnd(test::RandomSeed() + 4)'
leveldb,../repos/leveldb/table/table_test.cc,"(684, 12)-(684, 15)",b'rnd(test::RandomSeed() + 5)'
leveldb,../repos/leveldb/table/table_test.cc,"(702, 10)-(702, 13)",b'rnd(test::RandomSeed())'
leveldb,../repos/leveldb/table/table_test.cc,"(726, 25)-(726, 28)",b'cmp(BytewiseComparator())'
leveldb,../repos/leveldb/table/table_test.cc,"(727, 24)-(727, 41)",b'* memtable = new MemTable(cmp)'
leveldb,../repos/leveldb/table/table_test.cc,"(760, 20)-(760, 21)",b'c(BytewiseComparator())'
leveldb,../repos/leveldb/table/table_test.cc,"(812, 10)-(812, 13)",b'rnd(301)'
leveldb,../repos/leveldb/table/table_test.cc,"(813, 20)-(813, 21)",b'c(BytewiseComparator())'
leveldb,../repos/leveldb/table/format.h,"(89, 8)-(89, 17)","b'ReadBlock(RandomAccessFile* file, const ReadO...'"
leveldb,../repos/leveldb/table/format.h,"(95, 5)-(95, 75)",b'inline BlockHandle::BlockHandle()\n    : offse...'
leveldb,../repos/leveldb/table/format.h,"(95, 16)-(95, 27)",b'static_cast<uint64_t>'
leveldb,../repos/leveldb/table/format.h,"(95, 50)-(95, 61)",b'static_cast<uint64_t>'
leveldb,../repos/leveldb/table/two_level_iterator.cc,"(74, 5)-(78, 26)",b'TwoLevelIterator::TwoLevelIterator(Iterator* ...'
leveldb,../repos/leveldb/table/two_level_iterator.cc,"(168, 10)-(168, 72)","b'return new TwoLevelIterator(index_iter, block...'"
leveldb,../repos/leveldb/table/iterator_wrapper.h,"(19, 21)-(19, 52)","b'IteratorWrapper() : iter_(nullptr), valid_(fa...'"
leveldb,../repos/leveldb/table/iterator_wrapper.h,"(20, 44)-(20, 60)",b'explicit IteratorWrapper(Iterator* iter) : it...'
leveldb,../repos/leveldb/table/filter_block_test.cc,"(45, 22)-(45, 29)",b'builder(&policy_)'
leveldb,../repos/leveldb/table/filter_block_test.cc,"(48, 21)-(48, 27)","b'reader(&policy_, block)'"
leveldb,../repos/leveldb/table/filter_block_test.cc,"(54, 22)-(54, 29)",b'builder(&policy_)'
leveldb,../repos/leveldb/table/filter_block_test.cc,"(64, 21)-(64, 27)","b'reader(&policy_, block)'"
leveldb,../repos/leveldb/table/filter_block_test.cc,"(75, 22)-(75, 29)",b'builder(&policy_)'
leveldb,../repos/leveldb/table/filter_block_test.cc,"(95, 21)-(95, 27)","b'reader(&policy_, block)'"
leveldb,../repos/leveldb/issues/issue178_test.cc,"(65, 18)-(65, 23)","b'least(start_key.data(), start_key.size())'"
leveldb,../repos/leveldb/issues/issue178_test.cc,"(66, 18)-(66, 26)","b'greatest(end_key.data(), end_key.size())'"
leveldb,../repos/leveldb/issues/issue320_test.cc,"(47, 69)-(47, 77)",b'test_map(\n      10000)'
leveldb,../repos/leveldb/issues/issue320_test.cc,"(49, 32)-(49, 41)","b'snapshots(100, nullptr)'"
leveldb,../repos/leveldb/issues/issue320_test.cc,"(76, 29)-(77, 64)","b'(new std::pair<std::string, std::string>(\n   ...'"
