Repo name,File name,Location,Content
leveldb,../repos/leveldb/util/posix_logger.h,"(31, 3)-(31, 15)",b'~PosixLogger() override'
leveldb,../repos/leveldb/util/windows_logger.h,"(28, 3)-(28, 17)",b'~WindowsLogger() override'
leveldb,../repos/leveldb/util/no_destructor_test.cc,"(20, 3)-(20, 17)",b'~DoNotDestruct()'
leveldb,../repos/leveldb/util/mutexlock.h,"(28, 3)-(28, 13)",b'~MutexLock()'
leveldb,../repos/leveldb/util/comparator.cc,"(18, 13)-(18, 24)",b'Comparator::~Comparator'
leveldb,../repos/leveldb/util/cache_test.cc,"(41, 3)-(41, 13)",b'~CacheTest()'
leveldb,../repos/leveldb/util/testutil.h,"(56, 3)-(56, 12)",b'~ErrorEnv() override'
leveldb,../repos/leveldb/util/arena.cc,"(14, 8)-(14, 14)",b'Arena::~Arena'
leveldb,../repos/leveldb/util/env_windows.cc,"(76, 3)-(76, 16)",b'~ScopedHandle()'
leveldb,../repos/leveldb/util/env_windows.cc,"(170, 3)-(170, 25)",b'~WindowsSequentialFile() override'
leveldb,../repos/leveldb/util/env_windows.cc,"(206, 3)-(206, 27)",b'~WindowsRandomAccessFile() override'
leveldb,../repos/leveldb/util/env_windows.cc,"(243, 3)-(243, 27)",b'~WindowsMmapReadableFile() override'
leveldb,../repos/leveldb/util/env_windows.cc,"(271, 3)-(271, 23)",b'~WindowsWritableFile() override'
leveldb,../repos/leveldb/util/env_windows.cc,"(386, 3)-(386, 14)",b'~WindowsEnv() override'
leveldb,../repos/leveldb/util/env_windows.cc,"(776, 3)-(776, 16)",b'~SingletonEnv()'
leveldb,../repos/leveldb/util/filter_policy.cc,"(9, 15)-(9, 28)",b'FilterPolicy::~FilterPolicy'
leveldb,../repos/leveldb/util/env.cc,"(19, 6)-(19, 10)",b'Env::~Env'
leveldb,../repos/leveldb/util/env.cc,"(31, 17)-(31, 32)",b'SequentialFile::~SequentialFile'
leveldb,../repos/leveldb/util/env.cc,"(33, 19)-(33, 36)",b'RandomAccessFile::~RandomAccessFile'
leveldb,../repos/leveldb/util/env.cc,"(35, 15)-(35, 28)",b'WritableFile::~WritableFile'
leveldb,../repos/leveldb/util/env.cc,"(37, 9)-(37, 16)",b'Logger::~Logger'
leveldb,../repos/leveldb/util/env.cc,"(39, 11)-(39, 20)",b'FileLock::~FileLock'
leveldb,../repos/leveldb/util/env.cc,"(106, 13)-(106, 24)",b'EnvWrapper::~EnvWrapper'
leveldb,../repos/leveldb/util/env_posix.cc,"(140, 3)-(140, 23)",b'~PosixSequentialFile() override'
leveldb,../repos/leveldb/util/env_posix.cc,"(191, 3)-(191, 25)",b'~PosixRandomAccessFile() override'
leveldb,../repos/leveldb/util/env_posix.cc,"(254, 3)-(254, 25)",b'~PosixMmapReadableFile() override'
leveldb,../repos/leveldb/util/env_posix.cc,"(286, 3)-(286, 21)",b'~PosixWritableFile() override'
leveldb,../repos/leveldb/util/env_posix.cc,"(521, 3)-(521, 12)",b'~PosixEnv() override'
leveldb,../repos/leveldb/util/env_posix.cc,"(881, 3)-(881, 16)",b'~SingletonEnv()'
leveldb,../repos/leveldb/util/cache.cc,"(18, 8)-(18, 14)",b'Cache::~Cache'
leveldb,../repos/leveldb/util/cache.cc,"(73, 3)-(73, 15)",b'~HandleTable()'
leveldb,../repos/leveldb/util/cache.cc,"(154, 3)-(154, 12)",b'~LRUCache()'
leveldb,../repos/leveldb/util/cache.cc,"(206, 11)-(206, 20)",b'LRUCache::~LRUCache'
leveldb,../repos/leveldb/util/cache.cc,"(358, 3)-(358, 19)",b'~ShardedLRUCache() override'
leveldb,../repos/leveldb/util/histogram.h,"(15, 3)-(15, 13)",b'~Histogram()'
leveldb,../repos/leveldb/util/no_destructor.h,"(30, 3)-(30, 16)",b'~NoDestructor()'
leveldb,../repos/leveldb/util/arena.h,"(23, 3)-(23, 9)",b'~Arena()'
leveldb,../repos/leveldb/util/bloom_test.cc,"(24, 3)-(24, 13)",b'~BloomTest()'
leveldb,../repos/leveldb/include/leveldb/env.h,"(58, 11)-(58, 15)",b'~Env()'
leveldb,../repos/leveldb/include/leveldb/env.h,"(229, 11)-(229, 26)",b'~SequentialFile()'
leveldb,../repos/leveldb/include/leveldb/env.h,"(259, 11)-(259, 28)",b'~RandomAccessFile()'
leveldb,../repos/leveldb/include/leveldb/env.h,"(284, 11)-(284, 24)",b'~WritableFile()'
leveldb,../repos/leveldb/include/leveldb/env.h,"(300, 11)-(300, 18)",b'~Logger()'
leveldb,../repos/leveldb/include/leveldb/env.h,"(314, 11)-(314, 20)",b'~FileLock()'
leveldb,../repos/leveldb/include/leveldb/env.h,"(339, 11)-(339, 22)",b'~EnvWrapper()'
leveldb,../repos/leveldb/include/leveldb/db.h,"(61, 11)-(61, 14)",b'~DB()'
leveldb,../repos/leveldb/include/leveldb/cache.h,"(43, 11)-(43, 17)",b'~Cache()'
leveldb,../repos/leveldb/include/leveldb/table_builder.h,"(39, 3)-(39, 16)",b'~TableBuilder()'
leveldb,../repos/leveldb/include/leveldb/write_batch.h,"(48, 3)-(48, 14)",b'~WriteBatch()'
leveldb,../repos/leveldb/include/leveldb/status.h,"(28, 3)-(28, 10)",b'~Status()'
leveldb,../repos/leveldb/include/leveldb/iterator.h,"(31, 11)-(31, 20)",b'~Iterator()'
leveldb,../repos/leveldb/port/port_stdcxx.h,"(54, 3)-(54, 9)",b'~Mutex()'
leveldb,../repos/leveldb/port/port_stdcxx.h,"(72, 3)-(72, 11)",b'~CondVar()'
leveldb,../repos/leveldb/port/port_example.h,"(27, 3)-(27, 9)",b'~Mutex()'
leveldb,../repos/leveldb/port/port_example.h,"(46, 3)-(46, 11)",b'~CondVar()'
leveldb,../repos/leveldb/benchmarks/db_bench.cc,"(140, 3)-(140, 19)",b'~CountComparator() override'
leveldb,../repos/leveldb/benchmarks/db_bench.cc,"(546, 3)-(546, 13)",b'~Benchmark()'
leveldb,../repos/leveldb/benchmarks/db_bench_tree_db.cc,"(318, 3)-(318, 13)",b'~Benchmark()'
leveldb,../repos/leveldb/benchmarks/db_bench_sqlite3.cc,"(341, 3)-(341, 13)",b'~Benchmark()'
leveldb,../repos/leveldb/db/db_impl.h,"(36, 3)-(36, 10)",b'~DBImpl() override'
leveldb,../repos/leveldb/db/version_set_test.cc,"(17, 3)-(17, 16)",b'~FindFileTest()'
leveldb,../repos/leveldb/db/version_set_test.cc,"(190, 3)-(190, 25)",b'~AddBoundaryInputsTest()'
leveldb,../repos/leveldb/db/memtable.h,"(77, 3)-(77, 12)",b'~MemTable()'
leveldb,../repos/leveldb/db/corruption_test.cc,"(38, 3)-(38, 18)",b'~CorruptionTest()'
leveldb,../repos/leveldb/db/db_impl.cc,"(152, 9)-(152, 16)",b'DBImpl::~DBImpl'
leveldb,../repos/leveldb/db/db_impl.cc,"(1495, 5)-(1495, 8)",b'DB::~DB'
leveldb,../repos/leveldb/db/db_impl.cc,"(1540, 11)-(1540, 20)",b'Snapshot::~Snapshot'
leveldb,../repos/leveldb/db/log_writer.cc,"(32, 9)-(32, 16)",b'Writer::~Writer'
leveldb,../repos/leveldb/db/table_cache.h,"(29, 3)-(29, 14)",b'~TableCache()'
leveldb,../repos/leveldb/db/write_batch.cc,"(31, 13)-(31, 24)",b'WriteBatch::~WriteBatch'
leveldb,../repos/leveldb/db/write_batch.cc,"(33, 22)-(33, 30)",b'Handler::~Handler'
leveldb,../repos/leveldb/db/repair.cc,"(60, 3)-(60, 12)",b'~Repairer()'
leveldb,../repos/leveldb/db/table_cache.cc,"(39, 13)-(39, 24)",b'TableCache::~TableCache'
leveldb,../repos/leveldb/db/db_test.cc,"(166, 7)-(166, 16)",b'~DataFile()'
leveldb,../repos/leveldb/db/db_test.cc,"(201, 7)-(201, 20)",b'~ManifestFile()'
leveldb,../repos/leveldb/db/db_test.cc,"(244, 7)-(244, 20)",b'~CountingFile() override'
leveldb,../repos/leveldb/db/db_test.cc,"(276, 3)-(276, 10)",b'~DBTest()'
leveldb,../repos/leveldb/db/db_test.cc,"(2116, 3)-(2116, 11)",b'~ModelDB() override'
leveldb,../repos/leveldb/db/db_test.cc,"(2177, 5)-(2177, 15)",b'~ModelIter() override'
leveldb,../repos/leveldb/db/version_set.h,"(136, 3)-(136, 11)",b'~Version()'
leveldb,../repos/leveldb/db/version_set.h,"(174, 3)-(174, 14)",b'~VersionSet()'
leveldb,../repos/leveldb/db/version_set.h,"(321, 3)-(321, 14)",b'~Compaction()'
leveldb,../repos/leveldb/db/fault_injection_test.cc,"(112, 3)-(112, 20)",b'~TestWritableFile() override'
leveldb,../repos/leveldb/db/fault_injection_test.cc,"(131, 3)-(131, 25)",b'~FaultInjectionTestEnv() override'
leveldb,../repos/leveldb/db/fault_injection_test.cc,"(172, 19)-(172, 36)",b'TestWritableFile::~TestWritableFile'
leveldb,../repos/leveldb/db/fault_injection_test.cc,"(388, 3)-(388, 22)",b'~FaultInjectionTest()'
leveldb,../repos/leveldb/db/log_reader.cc,"(16, 19)-(16, 28)",b'Reporter::~Reporter'
leveldb,../repos/leveldb/db/log_reader.cc,"(31, 9)-(31, 16)",b'Reader::~Reader'
leveldb,../repos/leveldb/db/memtable.cc,"(24, 11)-(24, 20)",b'MemTable::~MemTable'
leveldb,../repos/leveldb/db/memtable.cc,"(53, 3)-(53, 20)",b'~MemTableIterator() override'
leveldb,../repos/leveldb/db/db_iter.cc,"(62, 3)-(62, 10)",b'~DBIter() override'
leveldb,../repos/leveldb/db/log_reader.h,"(25, 13)-(25, 22)",b'~Reporter()'
leveldb,../repos/leveldb/db/log_reader.h,"(49, 3)-(49, 10)",b'~Reader()'
leveldb,../repos/leveldb/db/dbformat.h,"(193, 3)-(193, 13)",b'~LookupKey()'
leveldb,../repos/leveldb/db/dbformat.h,"(218, 19)-(218, 29)",b'LookupKey::~LookupKey'
leveldb,../repos/leveldb/db/recovery_test.cc,"(26, 3)-(26, 16)",b'~RecoveryTest()'
leveldb,../repos/leveldb/db/version_edit.h,"(32, 3)-(32, 15)",b'~VersionEdit()'
leveldb,../repos/leveldb/db/log_test.cc,"(47, 3)-(47, 11)",b'~LogTest()'
leveldb,../repos/leveldb/db/log_writer.h,"(35, 3)-(35, 10)",b'~Writer()'
leveldb,../repos/leveldb/db/c.cc,"(90, 3)-(90, 24)",b'~leveldb_comparator_t() override'
leveldb,../repos/leveldb/db/c.cc,"(110, 3)-(110, 26)",b'~leveldb_filterpolicy_t() override'
leveldb,../repos/leveldb/db/c.cc,"(476, 5)-(476, 13)",b'~Wrapper()'
leveldb,../repos/leveldb/db/autocompact_test.cc,"(25, 3)-(25, 19)",b'~AutoCompactTest()'
leveldb,../repos/leveldb/db/version_set.cc,"(67, 10)-(67, 18)",b'Version::~Version'
leveldb,../repos/leveldb/db/version_set.cc,"(607, 3)-(607, 11)",b'~Builder()'
leveldb,../repos/leveldb/db/version_set.cc,"(753, 13)-(753, 24)",b'VersionSet::~VersionSet'
leveldb,../repos/leveldb/db/version_set.cc,"(1493, 13)-(1493, 24)",b'Compaction::~Compaction'
leveldb,../repos/leveldb/helpers/memenv/memenv_test.cc,"(21, 3)-(21, 14)",b'~MemEnvTest()'
leveldb,../repos/leveldb/helpers/memenv/memenv.cc,"(142, 3)-(142, 13)",b'~FileState()'
leveldb,../repos/leveldb/helpers/memenv/memenv.cc,"(158, 3)-(158, 22)",b'~SequentialFileImpl() override'
leveldb,../repos/leveldb/helpers/memenv/memenv.cc,"(189, 3)-(189, 24)",b'~RandomAccessFileImpl() override'
leveldb,../repos/leveldb/helpers/memenv/memenv.cc,"(204, 3)-(204, 20)",b'~WritableFileImpl() override'
leveldb,../repos/leveldb/helpers/memenv/memenv.cc,"(225, 3)-(225, 15)",b'~InMemoryEnv() override'
leveldb,../repos/leveldb/table/block.cc,"(42, 8)-(42, 14)",b'Block::~Block'
leveldb,../repos/leveldb/table/iterator.cc,"(14, 11)-(14, 20)",b'Iterator::~Iterator'
leveldb,../repos/leveldb/table/iterator.cc,"(46, 3)-(46, 17)",b'~EmptyIterator() override'
leveldb,../repos/leveldb/table/block.h,"(26, 3)-(26, 9)",b'~Block()'
leveldb,../repos/leveldb/table/merger.cc,"(27, 3)-(27, 19)",b'~MergingIterator() override'
leveldb,../repos/leveldb/table/table.cc,"(21, 3)-(21, 7)",b'~Rep()'
leveldb,../repos/leveldb/table/table.cc,"(134, 8)-(134, 14)",b'Table::~Table'
leveldb,../repos/leveldb/table/table_builder.cc,"(72, 15)-(72, 28)",b'TableBuilder::~TableBuilder'
leveldb,../repos/leveldb/table/table_test.cc,"(93, 3)-(93, 14)",b'~StringSink() override'
leveldb,../repos/leveldb/table/table_test.cc,"(115, 3)-(115, 16)",b'~StringSource() override'
leveldb,../repos/leveldb/table/table_test.cc,"(143, 11)-(143, 23)",b'~Constructor()'
leveldb,../repos/leveldb/table/table_test.cc,"(181, 3)-(181, 20)",b'~BlockConstructor() override'
leveldb,../repos/leveldb/table/table_test.cc,"(215, 3)-(215, 20)",b'~TableConstructor() override'
leveldb,../repos/leveldb/table/table_test.cc,"(267, 3)-(267, 25)",b'~KeyConvertingIterator() override'
leveldb,../repos/leveldb/table/table_test.cc,"(308, 3)-(308, 23)",b'~MemTableConstructor() override'
leveldb,../repos/leveldb/table/table_test.cc,"(336, 3)-(336, 17)",b'~DBConstructor() override'
leveldb,../repos/leveldb/table/table_test.cc,"(439, 3)-(439, 11)",b'~Harness()'
leveldb,../repos/leveldb/table/two_level_iterator.cc,"(23, 3)-(23, 20)",b'~TwoLevelIterator() override'
leveldb,../repos/leveldb/table/two_level_iterator.cc,"(80, 19)-(80, 36)",b'TwoLevelIterator::~TwoLevelIterator'
leveldb,../repos/leveldb/table/iterator_wrapper.h,"(21, 3)-(21, 19)",b'~IteratorWrapper()'
