Repo name,File name,Location,Content
leveldb,../repos/leveldb/util/posix_logger.h,"(31, 3)-(31, 48)",b'~PosixLogger() override { std::fclose(fp_); }'
leveldb,../repos/leveldb/util/posix_logger.h,"(33, 3)-(122, 4)","b'void Logv(const char* format, std::va_list ar...'"
leveldb,../repos/leveldb/util/windows_logger.h,"(28, 3)-(28, 50)",b'~WindowsLogger() override { std::fclose(fp_); }'
leveldb,../repos/leveldb/util/windows_logger.h,"(30, 3)-(116, 4)","b'void Logv(const char* format, std::va_list ar...'"
leveldb,../repos/leveldb/util/comparator.cc,"(25, 3)-(25, 77)","b'const char* Name() const override { return ""l...'"
leveldb,../repos/leveldb/util/comparator.cc,"(27, 3)-(29, 4)","b'int Compare(const Slice& a, const Slice& b) c...'"
leveldb,../repos/leveldb/util/comparator.cc,"(31, 3)-(52, 4)",b'void FindShortestSeparator(std::string* start...'
leveldb,../repos/leveldb/util/comparator.cc,"(54, 3)-(66, 4)",b'void FindShortSuccessor(std::string* key) con...'
leveldb,../repos/leveldb/util/bloom.cc,"(26, 3)-(26, 78)","b'const char* Name() const override { return ""l...'"
leveldb,../repos/leveldb/util/bloom.cc,"(28, 3)-(54, 4)","b'void CreateFilter(const Slice* keys, int n, s...'"
leveldb,../repos/leveldb/util/bloom.cc,"(56, 3)-(80, 4)","b'bool KeyMayMatch(const Slice& key, const Slic...'"
leveldb,../repos/leveldb/util/testutil.h,"(56, 3)-(56, 44)",b'~ErrorEnv() override { delete target(); }'
leveldb,../repos/leveldb/util/testutil.h,"(58, 3)-(66, 4)",b'Status NewWritableFile(const std::string& fna...'
leveldb,../repos/leveldb/util/testutil.h,"(68, 3)-(76, 4)",b'Status NewAppendableFile(const std::string& f...'
leveldb,../repos/leveldb/util/env_windows.cc,"(170, 3)-(170, 39)",b'~WindowsSequentialFile() override {}'
leveldb,../repos/leveldb/util/env_windows.cc,"(172, 3)-(185, 4)","b'Status Read(size_t n, Slice* result, char* sc...'"
leveldb,../repos/leveldb/util/env_windows.cc,"(187, 3)-(194, 4)",b'Status Skip(uint64_t n) override {\n    LARGE_...'
leveldb,../repos/leveldb/util/env_windows.cc,"(206, 3)-(206, 49)",b'~WindowsRandomAccessFile() override = default;'
leveldb,../repos/leveldb/util/env_windows.cc,"(208, 3)-(226, 4)","b'Status Read(uint64_t offset, size_t n, Slice*...'"
leveldb,../repos/leveldb/util/env_windows.cc,"(243, 3)-(246, 4)",b'~WindowsMmapReadableFile() override {\n    ::U...'
leveldb,../repos/leveldb/util/env_windows.cc,"(248, 3)-(257, 4)","b'Status Read(uint64_t offset, size_t n, Slice*...'"
leveldb,../repos/leveldb/util/env_windows.cc,"(271, 3)-(271, 45)",b'~WindowsWritableFile() override = default;'
leveldb,../repos/leveldb/util/env_windows.cc,"(273, 3)-(300, 4)",b'Status Append(const Slice& data) override {\n ...'
leveldb,../repos/leveldb/util/env_windows.cc,"(302, 3)-(308, 4)",b'Status Close() override {\n    Status status =...'
leveldb,../repos/leveldb/util/env_windows.cc,"(310, 3)-(310, 52)",b'Status Flush() override { return FlushBuffer(); }'
leveldb,../repos/leveldb/util/env_windows.cc,"(312, 3)-(326, 4)",b'Status Sync() override {\n    // On Windows no...'
leveldb,../repos/leveldb/util/env_windows.cc,"(386, 3)-(391, 4)",b'~WindowsEnv() override {\n    static const cha...'
leveldb,../repos/leveldb/util/env_windows.cc,"(393, 3)-(408, 4)",b'Status NewSequentialFile(const std::string& f...'
leveldb,../repos/leveldb/util/env_windows.cc,"(410, 3)-(455, 4)",b'Status NewRandomAccessFile(const std::string&...'
leveldb,../repos/leveldb/util/env_windows.cc,"(457, 3)-(472, 4)",b'Status NewWritableFile(const std::string& fil...'
leveldb,../repos/leveldb/util/env_windows.cc,"(474, 3)-(489, 4)",b'Status NewAppendableFile(const std::string& f...'
leveldb,../repos/leveldb/util/env_windows.cc,"(491, 3)-(493, 4)",b'bool FileExists(const std::string& filename) ...'
leveldb,../repos/leveldb/util/env_windows.cc,"(495, 3)-(522, 4)",b'Status GetChildren(const std::string& directo...'
leveldb,../repos/leveldb/util/env_windows.cc,"(524, 3)-(529, 4)",b'Status RemoveFile(const std::string& filename...'
leveldb,../repos/leveldb/util/env_windows.cc,"(531, 3)-(536, 4)",b'Status CreateDir(const std::string& dirname) ...'
leveldb,../repos/leveldb/util/env_windows.cc,"(538, 3)-(543, 4)",b'Status RemoveDir(const std::string& dirname) ...'
leveldb,../repos/leveldb/util/env_windows.cc,"(545, 3)-(556, 4)",b'Status GetFileSize(const std::string& filenam...'
leveldb,../repos/leveldb/util/env_windows.cc,"(558, 3)-(585, 4)","b'Status RenameFile(const std::string& from, co...'"
leveldb,../repos/leveldb/util/env_windows.cc,"(587, 3)-(602, 4)","b'Status LockFile(const std::string& filename, ...'"
leveldb,../repos/leveldb/util/env_windows.cc,"(604, 3)-(613, 4)",b'Status UnlockFile(FileLock* lock) override {\n...'
leveldb,../repos/leveldb/util/env_windows.cc,"(618, 3)-(622, 4)",b'void StartThread(void (*thread_main)(void* th...'
leveldb,../repos/leveldb/util/env_windows.cc,"(624, 3)-(642, 4)",b'Status GetTestDirectory(std::string* result) ...'
leveldb,../repos/leveldb/util/env_windows.cc,"(644, 3)-(653, 4)","b'Status NewLogger(const std::string& filename,...'"
leveldb,../repos/leveldb/util/env_windows.cc,"(655, 3)-(666, 4)",b'uint64_t NowMicros() override {\n    // GetSys...'
leveldb,../repos/leveldb/util/env_windows.cc,"(668, 3)-(670, 4)",b'void SleepForMicroseconds(int micros) overrid...'
leveldb,../repos/leveldb/util/env_posix.cc,"(140, 3)-(140, 50)",b'~PosixSequentialFile() override { close(fd_); }'
leveldb,../repos/leveldb/util/env_posix.cc,"(142, 3)-(157, 4)","b'Status Read(size_t n, Slice* result, char* sc...'"
leveldb,../repos/leveldb/util/env_posix.cc,"(159, 3)-(164, 4)",b'Status Skip(uint64_t n) override {\n    if (::...'
leveldb,../repos/leveldb/util/env_posix.cc,"(191, 3)-(197, 4)",b'~PosixRandomAccessFile() override {\n    if (h...'
leveldb,../repos/leveldb/util/env_posix.cc,"(199, 3)-(224, 4)","b'Status Read(uint64_t offset, size_t n, Slice*...'"
leveldb,../repos/leveldb/util/env_posix.cc,"(254, 3)-(257, 4)",b'~PosixMmapReadableFile() override {\n    ::mun...'
leveldb,../repos/leveldb/util/env_posix.cc,"(259, 3)-(268, 4)","b'Status Read(uint64_t offset, size_t n, Slice*...'"
leveldb,../repos/leveldb/util/env_posix.cc,"(286, 3)-(291, 4)",b'~PosixWritableFile() override {\n    if (fd_ >...'
leveldb,../repos/leveldb/util/env_posix.cc,"(293, 3)-(320, 4)",b'Status Append(const Slice& data) override {\n ...'
leveldb,../repos/leveldb/util/env_posix.cc,"(322, 3)-(330, 4)",b'Status Close() override {\n    Status status =...'
leveldb,../repos/leveldb/util/env_posix.cc,"(332, 3)-(332, 52)",b'Status Flush() override { return FlushBuffer(); }'
leveldb,../repos/leveldb/util/env_posix.cc,"(334, 3)-(351, 4)",b'Status Sync() override {\n    // Ensure new fi...'
leveldb,../repos/leveldb/util/env_posix.cc,"(521, 3)-(526, 4)",b'~PosixEnv() override {\n    static const char ...'
leveldb,../repos/leveldb/util/env_posix.cc,"(528, 3)-(538, 4)",b'Status NewSequentialFile(const std::string& f...'
leveldb,../repos/leveldb/util/env_posix.cc,"(540, 3)-(571, 4)",b'Status NewRandomAccessFile(const std::string&...'
leveldb,../repos/leveldb/util/env_posix.cc,"(573, 3)-(584, 4)",b'Status NewWritableFile(const std::string& fil...'
leveldb,../repos/leveldb/util/env_posix.cc,"(586, 3)-(597, 4)",b'Status NewAppendableFile(const std::string& f...'
leveldb,../repos/leveldb/util/env_posix.cc,"(599, 3)-(601, 4)",b'bool FileExists(const std::string& filename) ...'
leveldb,../repos/leveldb/util/env_posix.cc,"(603, 3)-(616, 4)",b'Status GetChildren(const std::string& directo...'
leveldb,../repos/leveldb/util/env_posix.cc,"(618, 3)-(623, 4)",b'Status RemoveFile(const std::string& filename...'
leveldb,../repos/leveldb/util/env_posix.cc,"(625, 3)-(630, 4)",b'Status CreateDir(const std::string& dirname) ...'
leveldb,../repos/leveldb/util/env_posix.cc,"(632, 3)-(637, 4)",b'Status RemoveDir(const std::string& dirname) ...'
leveldb,../repos/leveldb/util/env_posix.cc,"(639, 3)-(647, 4)",b'Status GetFileSize(const std::string& filenam...'
leveldb,../repos/leveldb/util/env_posix.cc,"(649, 3)-(654, 4)","b'Status RenameFile(const std::string& from, co...'"
leveldb,../repos/leveldb/util/env_posix.cc,"(656, 3)-(678, 4)","b'Status LockFile(const std::string& filename, ...'"
leveldb,../repos/leveldb/util/env_posix.cc,"(680, 3)-(689, 4)",b'Status UnlockFile(FileLock* lock) override {\n...'
leveldb,../repos/leveldb/util/env_posix.cc,"(694, 3)-(698, 4)",b'void StartThread(void (*thread_main)(void* th...'
leveldb,../repos/leveldb/util/env_posix.cc,"(700, 3)-(715, 4)",b'Status GetTestDirectory(std::string* result) ...'
leveldb,../repos/leveldb/util/env_posix.cc,"(717, 3)-(734, 4)","b'Status NewLogger(const std::string& filename,...'"
leveldb,../repos/leveldb/util/env_posix.cc,"(736, 3)-(741, 4)",b'uint64_t NowMicros() override {\n    static co...'
leveldb,../repos/leveldb/util/env_posix.cc,"(743, 3)-(745, 4)",b'void SleepForMicroseconds(int micros) overrid...'
leveldb,../repos/leveldb/util/cache.cc,"(358, 3)-(358, 33)",b'~ShardedLRUCache() override {}'
leveldb,../repos/leveldb/util/cache.cc,"(359, 3)-(363, 4)","b'Handle* Insert(const Slice& key, void* value,...'"
leveldb,../repos/leveldb/util/cache.cc,"(364, 3)-(367, 4)",b'Handle* Lookup(const Slice& key) override {\n ...'
leveldb,../repos/leveldb/util/cache.cc,"(368, 3)-(371, 4)",b'void Release(Handle* handle) override {\n    L...'
leveldb,../repos/leveldb/util/cache.cc,"(372, 3)-(375, 4)",b'void Erase(const Slice& key) override {\n    c...'
leveldb,../repos/leveldb/util/cache.cc,"(376, 3)-(378, 4)",b'void* Value(Handle* handle) override {\n    re...'
leveldb,../repos/leveldb/util/cache.cc,"(379, 3)-(382, 4)",b'uint64_t NewId() override {\n    MutexLock l(&...'
leveldb,../repos/leveldb/util/cache.cc,"(383, 3)-(387, 4)",b'void Prune() override {\n    for (int s = 0; s...'
leveldb,../repos/leveldb/util/cache.cc,"(388, 3)-(394, 4)",b'size_t TotalCharge() const override {\n    siz...'
leveldb,../repos/leveldb/include/leveldb/env.h,"(51, 1)-(219, 2)",b'class LEVELDB_EXPORT Env {\n public:\n  Env();\n...'
leveldb,../repos/leveldb/include/leveldb/env.h,"(335, 1)-(403, 2)",b'class LEVELDB_EXPORT EnvWrapper : public Env ...'
leveldb,../repos/leveldb/include/leveldb/env.h,"(345, 3)-(347, 4)",b'Status NewSequentialFile(const std::string& f...'
leveldb,../repos/leveldb/include/leveldb/env.h,"(348, 3)-(351, 4)",b'Status NewRandomAccessFile(const std::string&...'
leveldb,../repos/leveldb/include/leveldb/env.h,"(352, 3)-(354, 4)","b'Status NewWritableFile(const std::string& f, ...'"
leveldb,../repos/leveldb/include/leveldb/env.h,"(355, 3)-(357, 4)",b'Status NewAppendableFile(const std::string& f...'
leveldb,../repos/leveldb/include/leveldb/env.h,"(358, 3)-(360, 4)",b'bool FileExists(const std::string& f) overrid...'
leveldb,../repos/leveldb/include/leveldb/env.h,"(361, 3)-(364, 4)","b'Status GetChildren(const std::string& dir,\n  ...'"
leveldb,../repos/leveldb/include/leveldb/env.h,"(365, 3)-(367, 4)",b'Status RemoveFile(const std::string& f) overr...'
leveldb,../repos/leveldb/include/leveldb/env.h,"(368, 3)-(370, 4)",b'Status CreateDir(const std::string& d) overri...'
leveldb,../repos/leveldb/include/leveldb/env.h,"(371, 3)-(373, 4)",b'Status RemoveDir(const std::string& d) overri...'
leveldb,../repos/leveldb/include/leveldb/env.h,"(374, 3)-(376, 4)","b'Status GetFileSize(const std::string& f, uint...'"
leveldb,../repos/leveldb/include/leveldb/env.h,"(377, 3)-(379, 4)","b'Status RenameFile(const std::string& s, const...'"
leveldb,../repos/leveldb/include/leveldb/env.h,"(380, 3)-(382, 4)","b'Status LockFile(const std::string& f, FileLoc...'"
leveldb,../repos/leveldb/include/leveldb/env.h,"(383, 3)-(383, 77)",b'Status UnlockFile(FileLock* l) override { ret...'
leveldb,../repos/leveldb/include/leveldb/env.h,"(384, 3)-(386, 4)","b'void Schedule(void (*f)(void*), void* a) over...'"
leveldb,../repos/leveldb/include/leveldb/env.h,"(387, 3)-(389, 4)","b'void StartThread(void (*f)(void*), void* a) o...'"
leveldb,../repos/leveldb/include/leveldb/env.h,"(390, 3)-(392, 4)",b'Status GetTestDirectory(std::string* path) ov...'
leveldb,../repos/leveldb/include/leveldb/env.h,"(393, 3)-(395, 4)","b'Status NewLogger(const std::string& fname, Lo...'"
leveldb,../repos/leveldb/include/leveldb/env.h,"(396, 3)-(396, 65)",b'uint64_t NowMicros() override { return target...'
leveldb,../repos/leveldb/include/leveldb/env.h,"(397, 3)-(399, 4)",b'void SleepForMicroseconds(int micros) overrid...'
leveldb,../repos/leveldb/include/leveldb/cache.h,"(34, 1)-(99, 2)",b'class LEVELDB_EXPORT Cache {\n public:\n  Cache...'
leveldb,../repos/leveldb/include/leveldb/table_builder.h,"(28, 1)-(89, 2)",b'class LEVELDB_EXPORT TableBuilder {\n public:\n...'
leveldb,../repos/leveldb/include/leveldb/iterator.h,"(24, 1)-(88, 57)",b'class LEVELDB_EXPORT Iterator {\n public:\n  It...'
leveldb,../repos/leveldb/benchmarks/db_bench.cc,"(140, 3)-(140, 33)",b'~CountComparator() override {}'
leveldb,../repos/leveldb/benchmarks/db_bench.cc,"(141, 3)-(144, 4)","b'int Compare(const Slice& a, const Slice& b) c...'"
leveldb,../repos/leveldb/benchmarks/db_bench.cc,"(145, 3)-(145, 65)",b'const char* Name() const override { return wr...'
leveldb,../repos/leveldb/benchmarks/db_bench.cc,"(146, 3)-(149, 4)",b'void FindShortestSeparator(std::string* start...'
leveldb,../repos/leveldb/benchmarks/db_bench.cc,"(151, 3)-(153, 4)",b'void FindShortSuccessor(std::string* key) con...'
leveldb,../repos/leveldb/benchmarks/db_bench_sqlite3.cc,"(483, 3)-(584, 4)","b'void Write(bool write_sync, Order order, DBSt...'"
leveldb,../repos/leveldb/benchmarks/db_bench_sqlite3.cc,"(586, 3)-(653, 4)","b'void Read(Order order, int entries_per_batch)...'"
leveldb,../repos/leveldb/benchmarks/db_bench_sqlite3.cc,"(655, 3)-(669, 4)",b'void ReadSequential() {\n    int status;\n    s...'
leveldb,../repos/leveldb/db/db_impl.cc,"(385, 1)-(503, 2)",b'Status DBImpl::RecoverLogFile(uint64_t log_nu...'
leveldb,../repos/leveldb/db/db_impl.cc,"(393, 5)-(398, 6)","b'void Corruption(size_t bytes, const Status& s...'"
leveldb,../repos/leveldb/db/write_batch.cc,"(121, 3)-(124, 4)","b'void Put(const Slice& key, const Slice& value...'"
leveldb,../repos/leveldb/db/write_batch.cc,"(125, 3)-(128, 4)",b'void Delete(const Slice& key) override {\n    ...'
leveldb,../repos/leveldb/db/repair.cc,"(143, 3)-(219, 4)",b'Status ConvertLogToTable(uint64_t log) {\n    ...'
leveldb,../repos/leveldb/db/repair.cc,"(148, 7)-(153, 8)","b'void Corruption(size_t bytes, const Status& s...'"
leveldb,../repos/leveldb/db/db_test.cc,"(90, 3)-(107, 4)","b'Status GetChildren(const std::string& dir,\n  ...'"
leveldb,../repos/leveldb/db/db_test.cc,"(235, 3)-(257, 4)",b'Status NewRandomAccessFile(const std::string&...'
leveldb,../repos/leveldb/db/db_test.cc,"(244, 7)-(244, 51)",b'~CountingFile() override { delete target_; }'
leveldb,../repos/leveldb/db/db_test.cc,"(245, 7)-(249, 8)","b'Status Read(uint64_t offset, size_t n, Slice*...'"
leveldb,../repos/leveldb/db/db_test.cc,"(1560, 1)-(1581, 2)","b'TEST_F(DBTest, ComparatorCheck) {\n  class New...'"
leveldb,../repos/leveldb/db/db_test.cc,"(1563, 5)-(1563, 74)","b'const char* Name() const override { return ""l...'"
leveldb,../repos/leveldb/db/db_test.cc,"(1564, 5)-(1566, 6)","b'int Compare(const Slice& a, const Slice& b) c...'"
leveldb,../repos/leveldb/db/db_test.cc,"(1567, 5)-(1569, 6)","b'void FindShortestSeparator(std::string* s, co...'"
leveldb,../repos/leveldb/db/db_test.cc,"(1570, 5)-(1572, 6)",b'void FindShortSuccessor(std::string* key) con...'
leveldb,../repos/leveldb/db/db_test.cc,"(1583, 1)-(1637, 2)","b'TEST_F(DBTest, CustomComparator) {\n  class Nu...'"
leveldb,../repos/leveldb/db/db_test.cc,"(1586, 5)-(1586, 74)","b'const char* Name() const override { return ""t...'"
leveldb,../repos/leveldb/db/db_test.cc,"(1587, 5)-(1589, 6)","b'int Compare(const Slice& a, const Slice& b) c...'"
leveldb,../repos/leveldb/db/db_test.cc,"(1590, 5)-(1593, 6)","b'void FindShortestSeparator(std::string* s, co...'"
leveldb,../repos/leveldb/db/db_test.cc,"(1594, 5)-(1596, 6)",b'void FindShortSuccessor(std::string* key) con...'
leveldb,../repos/leveldb/db/db_test.cc,"(2116, 3)-(2116, 33)",b'~ModelDB() override = default;'
leveldb,../repos/leveldb/db/db_test.cc,"(2117, 3)-(2119, 4)","b'Status Put(const WriteOptions& o, const Slice...'"
leveldb,../repos/leveldb/db/db_test.cc,"(2120, 3)-(2122, 4)","b'Status Delete(const WriteOptions& o, const Sl...'"
leveldb,../repos/leveldb/db/db_test.cc,"(2123, 3)-(2127, 4)","b'Status Get(const ReadOptions& options, const ...'"
leveldb,../repos/leveldb/db/db_test.cc,"(2128, 3)-(2138, 4)",b'Iterator* NewIterator(const ReadOptions& opti...'
leveldb,../repos/leveldb/db/db_test.cc,"(2139, 3)-(2143, 4)",b'const Snapshot* GetSnapshot() override {\n    ...'
leveldb,../repos/leveldb/db/db_test.cc,"(2145, 3)-(2147, 4)",b'void ReleaseSnapshot(const Snapshot* snapshot...'
leveldb,../repos/leveldb/db/db_test.cc,"(2148, 3)-(2160, 4)","b'Status Write(const WriteOptions& options, Wri...'"
leveldb,../repos/leveldb/db/db_test.cc,"(2152, 7)-(2154, 8)","b'void Put(const Slice& key, const Slice& value...'"
leveldb,../repos/leveldb/db/db_test.cc,"(2155, 7)-(2155, 78)",b'void Delete(const Slice& key) override { map_...'
leveldb,../repos/leveldb/db/db_test.cc,"(2162, 3)-(2164, 4)","b'bool GetProperty(const Slice& property, std::...'"
leveldb,../repos/leveldb/db/db_test.cc,"(2165, 3)-(2169, 4)","b'void GetApproximateSizes(const Range* r, int ...'"
leveldb,../repos/leveldb/db/db_test.cc,"(2170, 3)-(2170, 70)","b'void CompactRange(const Slice* start, const S...'"
leveldb,../repos/leveldb/db/db_test.cc,"(2177, 5)-(2179, 6)",b'~ModelIter() override {\n      if (owned_) del...'
leveldb,../repos/leveldb/db/db_test.cc,"(2180, 5)-(2180, 65)",b'bool Valid() const override { return iter_ !=...'
leveldb,../repos/leveldb/db/db_test.cc,"(2181, 5)-(2181, 59)",b'void SeekToFirst() override { iter_ = map_->b...'
leveldb,../repos/leveldb/db/db_test.cc,"(2182, 5)-(2188, 6)",b'void SeekToLast() override {\n      if (map_->...'
leveldb,../repos/leveldb/db/db_test.cc,"(2189, 5)-(2191, 6)",b'void Seek(const Slice& k) override {\n      it...'
leveldb,../repos/leveldb/db/db_test.cc,"(2192, 5)-(2192, 38)",b'void Next() override { ++iter_; }'
leveldb,../repos/leveldb/db/db_test.cc,"(2193, 5)-(2193, 38)",b'void Prev() override { --iter_; }'
leveldb,../repos/leveldb/db/db_test.cc,"(2194, 5)-(2194, 56)",b'Slice key() const override { return iter_->fi...'
leveldb,../repos/leveldb/db/db_test.cc,"(2195, 5)-(2195, 59)",b'Slice value() const override { return iter_->...'
leveldb,../repos/leveldb/db/db_test.cc,"(2196, 5)-(2196, 60)",b'Status status() const override { return Statu...'
leveldb,../repos/leveldb/db/fault_injection_test.cc,"(131, 3)-(131, 47)",b'~FaultInjectionTestEnv() override = default;'
leveldb,../repos/leveldb/db/memtable.cc,"(53, 3)-(53, 42)",b'~MemTableIterator() override = default;'
leveldb,../repos/leveldb/db/memtable.cc,"(55, 3)-(55, 56)",b'bool Valid() const override { return iter_.Va...'
leveldb,../repos/leveldb/db/memtable.cc,"(56, 3)-(56, 74)",b'void Seek(const Slice& k) override { iter_.Se...'
leveldb,../repos/leveldb/db/memtable.cc,"(57, 3)-(57, 55)",b'void SeekToFirst() override { iter_.SeekToFir...'
leveldb,../repos/leveldb/db/memtable.cc,"(58, 3)-(58, 53)",b'void SeekToLast() override { iter_.SeekToLast(); }'
leveldb,../repos/leveldb/db/memtable.cc,"(59, 3)-(59, 41)",b'void Next() override { iter_.Next(); }'
leveldb,../repos/leveldb/db/memtable.cc,"(60, 3)-(60, 41)",b'void Prev() override { iter_.Prev(); }'
leveldb,../repos/leveldb/db/memtable.cc,"(61, 3)-(61, 77)",b'Slice key() const override { return GetLength...'
leveldb,../repos/leveldb/db/memtable.cc,"(62, 3)-(65, 4)",b'Slice value() const override {\n    Slice key_...'
leveldb,../repos/leveldb/db/memtable.cc,"(67, 3)-(67, 58)",b'Status status() const override { return Statu...'
leveldb,../repos/leveldb/db/db_iter.cc,"(62, 3)-(62, 39)",b'~DBIter() override { delete iter_; }'
leveldb,../repos/leveldb/db/db_iter.cc,"(63, 3)-(63, 49)",b'bool Valid() const override { return valid_; }'
leveldb,../repos/leveldb/db/db_iter.cc,"(64, 3)-(67, 4)",b'Slice key() const override {\n    assert(valid...'
leveldb,../repos/leveldb/db/db_iter.cc,"(68, 3)-(71, 4)",b'Slice value() const override {\n    assert(val...'
leveldb,../repos/leveldb/db/db_iter.cc,"(72, 3)-(78, 4)",b'Status status() const override {\n    if (stat...'
leveldb,../repos/leveldb/db/leveldbutil.cc,"(16, 3)-(19, 4)",b'Status Append(const Slice& data) override {\n ...'
leveldb,../repos/leveldb/db/leveldbutil.cc,"(20, 3)-(20, 51)",b'Status Close() override { return Status::OK(); }'
leveldb,../repos/leveldb/db/leveldbutil.cc,"(21, 3)-(21, 51)",b'Status Flush() override { return Status::OK(); }'
leveldb,../repos/leveldb/db/leveldbutil.cc,"(22, 3)-(22, 50)",b'Status Sync() override { return Status::OK(); }'
leveldb,../repos/leveldb/db/log_test.cc,"(164, 5)-(164, 53)",b'Status Close() override { return Status::OK(); }'
leveldb,../repos/leveldb/db/log_test.cc,"(165, 5)-(165, 53)",b'Status Flush() override { return Status::OK(); }'
leveldb,../repos/leveldb/db/log_test.cc,"(166, 5)-(166, 52)",b'Status Sync() override { return Status::OK(); }'
leveldb,../repos/leveldb/db/log_test.cc,"(167, 5)-(170, 6)",b'Status Append(const Slice& slice) override {\n...'
leveldb,../repos/leveldb/db/log_test.cc,"(179, 5)-(195, 6)","b'Status Read(size_t n, Slice* result, char* sc...'"
leveldb,../repos/leveldb/db/log_test.cc,"(197, 5)-(206, 6)",b'Status Skip(uint64_t n) override {\n      if (...'
leveldb,../repos/leveldb/db/log_test.cc,"(216, 5)-(219, 6)","b'void Corruption(size_t bytes, const Status& s...'"
leveldb,../repos/leveldb/db/c.cc,"(90, 3)-(90, 63)",b'~leveldb_comparator_t() override { (*destruct...'
leveldb,../repos/leveldb/db/c.cc,"(92, 3)-(94, 4)","b'int Compare(const Slice& a, const Slice& b) c...'"
leveldb,../repos/leveldb/db/c.cc,"(96, 3)-(96, 65)",b'const char* Name() const override { return (*...'
leveldb,../repos/leveldb/db/c.cc,"(99, 3)-(99, 75)","b'void FindShortestSeparator(std::string*, cons...'"
leveldb,../repos/leveldb/db/c.cc,"(100, 3)-(100, 62)",b'void FindShortSuccessor(std::string* key) con...'
leveldb,../repos/leveldb/db/c.cc,"(110, 3)-(110, 65)",b'~leveldb_filterpolicy_t() override { (*destru...'
leveldb,../repos/leveldb/db/c.cc,"(112, 3)-(112, 65)",b'const char* Name() const override { return (*...'
leveldb,../repos/leveldb/db/c.cc,"(114, 3)-(125, 4)","b'void CreateFilter(const Slice* keys, int n, s...'"
leveldb,../repos/leveldb/db/c.cc,"(127, 3)-(130, 4)","b'bool KeyMayMatch(const Slice& key, const Slic...'"
leveldb,../repos/leveldb/db/c.cc,"(342, 1)-(364, 2)",b'void leveldb_writebatch_iterate(const leveldb...'
leveldb,../repos/leveldb/db/c.cc,"(352, 5)-(354, 6)","b'void Put(const Slice& key, const Slice& value...'"
leveldb,../repos/leveldb/db/c.cc,"(355, 5)-(357, 6)",b'void Delete(const Slice& key) override {\n    ...'
leveldb,../repos/leveldb/db/c.cc,"(469, 1)-(492, 2)",b'leveldb_filterpolicy_t* leveldb_filterpolicy_...'
leveldb,../repos/leveldb/db/autocompact_test.cc,"(59, 1)-(104, 2)",b'void AutoCompactTest::DoReads(int n) {\n  std:...'
leveldb,../repos/leveldb/db/dumpfile.cc,"(41, 3)-(48, 4)","b'void Corruption(size_t bytes, const Status& s...'"
leveldb,../repos/leveldb/db/dumpfile.cc,"(77, 3)-(84, 4)","b'void Put(const Slice& key, const Slice& value...'"
leveldb,../repos/leveldb/db/dumpfile.cc,"(85, 3)-(90, 4)",b'void Delete(const Slice& key) override {\n    ...'
leveldb,../repos/leveldb/db/version_set.cc,"(169, 3)-(169, 66)",b'bool Valid() const override { return index_ <...'
leveldb,../repos/leveldb/db/version_set.cc,"(170, 3)-(172, 4)",b'void Seek(const Slice& target) override {\n   ...'
leveldb,../repos/leveldb/db/version_set.cc,"(173, 3)-(173, 46)",b'void SeekToFirst() override { index_ = 0; }'
leveldb,../repos/leveldb/db/version_set.cc,"(174, 3)-(176, 4)",b'void SeekToLast() override {\n    index_ = fli...'
leveldb,../repos/leveldb/db/version_set.cc,"(177, 3)-(180, 4)",b'void Next() override {\n    assert(Valid());\n ...'
leveldb,../repos/leveldb/db/version_set.cc,"(181, 3)-(188, 4)",b'void Prev() override {\n    assert(Valid());\n ...'
leveldb,../repos/leveldb/db/version_set.cc,"(189, 3)-(192, 4)",b'Slice key() const override {\n    assert(Valid...'
leveldb,../repos/leveldb/db/version_set.cc,"(193, 3)-(198, 4)",b'Slice value() const override {\n    assert(Val...'
leveldb,../repos/leveldb/db/version_set.cc,"(199, 3)-(199, 58)",b'Status status() const override { return Statu...'
leveldb,../repos/leveldb/db/version_set.cc,"(861, 1)-(992, 2)",b'Status VersionSet::Recover(bool* save_manifes...'
leveldb,../repos/leveldb/db/version_set.cc,"(864, 5)-(866, 6)","b'void Corruption(size_t bytes, const Status& s...'"
leveldb,../repos/leveldb/helpers/memenv/memenv.cc,"(158, 3)-(158, 53)",b'~SequentialFileImpl() override { file_->Unref(); }'
leveldb,../repos/leveldb/helpers/memenv/memenv.cc,"(160, 3)-(166, 4)","b'Status Read(size_t n, Slice* result, char* sc...'"
leveldb,../repos/leveldb/helpers/memenv/memenv.cc,"(168, 3)-(178, 4)",b'Status Skip(uint64_t n) override {\n    if (po...'
leveldb,../repos/leveldb/helpers/memenv/memenv.cc,"(189, 3)-(189, 55)",b'~RandomAccessFileImpl() override { file_->Unr...'
leveldb,../repos/leveldb/helpers/memenv/memenv.cc,"(191, 3)-(194, 4)","b'Status Read(uint64_t offset, size_t n, Slice*...'"
leveldb,../repos/leveldb/helpers/memenv/memenv.cc,"(204, 3)-(204, 51)",b'~WritableFileImpl() override { file_->Unref(); }'
leveldb,../repos/leveldb/helpers/memenv/memenv.cc,"(206, 3)-(206, 76)",b'Status Append(const Slice& data) override { r...'
leveldb,../repos/leveldb/helpers/memenv/memenv.cc,"(208, 3)-(208, 51)",b'Status Close() override { return Status::OK(); }'
leveldb,../repos/leveldb/helpers/memenv/memenv.cc,"(209, 3)-(209, 51)",b'Status Flush() override { return Status::OK(); }'
leveldb,../repos/leveldb/helpers/memenv/memenv.cc,"(210, 3)-(210, 50)",b'Status Sync() override { return Status::OK(); }'
leveldb,../repos/leveldb/helpers/memenv/memenv.cc,"(218, 3)-(218, 61)","b'void Logv(const char* format, std::va_list ap...'"
leveldb,../repos/leveldb/helpers/memenv/memenv.cc,"(225, 3)-(229, 4)",b'~InMemoryEnv() override {\n    for (const auto...'
leveldb,../repos/leveldb/helpers/memenv/memenv.cc,"(232, 3)-(242, 4)",b'Status NewSequentialFile(const std::string& f...'
leveldb,../repos/leveldb/helpers/memenv/memenv.cc,"(244, 3)-(254, 4)",b'Status NewRandomAccessFile(const std::string&...'
leveldb,../repos/leveldb/helpers/memenv/memenv.cc,"(256, 3)-(274, 4)",b'Status NewWritableFile(const std::string& fna...'
leveldb,../repos/leveldb/helpers/memenv/memenv.cc,"(276, 3)-(287, 4)",b'Status NewAppendableFile(const std::string& f...'
leveldb,../repos/leveldb/helpers/memenv/memenv.cc,"(289, 3)-(292, 4)",b'bool FileExists(const std::string& fname) ove...'
leveldb,../repos/leveldb/helpers/memenv/memenv.cc,"(294, 3)-(309, 4)","b'Status GetChildren(const std::string& dir,\n  ...'"
leveldb,../repos/leveldb/helpers/memenv/memenv.cc,"(321, 3)-(329, 4)",b'Status RemoveFile(const std::string& fname) o...'
leveldb,../repos/leveldb/helpers/memenv/memenv.cc,"(331, 3)-(331, 81)",b'Status CreateDir(const std::string& dirname) ...'
leveldb,../repos/leveldb/helpers/memenv/memenv.cc,"(333, 3)-(333, 81)",b'Status RemoveDir(const std::string& dirname) ...'
leveldb,../repos/leveldb/helpers/memenv/memenv.cc,"(335, 3)-(343, 4)","b'Status GetFileSize(const std::string& fname, ...'"
leveldb,../repos/leveldb/helpers/memenv/memenv.cc,"(345, 3)-(356, 4)","b'Status RenameFile(const std::string& src,\n   ...'"
leveldb,../repos/leveldb/helpers/memenv/memenv.cc,"(358, 3)-(361, 4)","b'Status LockFile(const std::string& fname, Fil...'"
leveldb,../repos/leveldb/helpers/memenv/memenv.cc,"(363, 3)-(366, 4)",b'Status UnlockFile(FileLock* lock) override {\n...'
leveldb,../repos/leveldb/helpers/memenv/memenv.cc,"(368, 3)-(371, 4)",b'Status GetTestDirectory(std::string* path) ov...'
leveldb,../repos/leveldb/helpers/memenv/memenv.cc,"(373, 3)-(376, 4)","b'Status NewLogger(const std::string& fname, Lo...'"
leveldb,../repos/leveldb/table/block.cc,"(127, 3)-(127, 63)",b'bool Valid() const override { return current_...'
leveldb,../repos/leveldb/table/block.cc,"(128, 3)-(128, 53)",b'Status status() const override { return status_; }'
leveldb,../repos/leveldb/table/block.cc,"(129, 3)-(132, 4)",b'Slice key() const override {\n    assert(Valid...'
leveldb,../repos/leveldb/table/block.cc,"(133, 3)-(136, 4)",b'Slice value() const override {\n    assert(Val...'
leveldb,../repos/leveldb/table/block.cc,"(138, 3)-(141, 4)",b'void Next() override {\n    assert(Valid());\n ...'
leveldb,../repos/leveldb/table/block.cc,"(143, 3)-(162, 4)",b'void Prev() override {\n    assert(Valid());\n\n...'
leveldb,../repos/leveldb/table/block.cc,"(164, 3)-(227, 4)",b'void Seek(const Slice& target) override {\n   ...'
leveldb,../repos/leveldb/table/block.cc,"(229, 3)-(232, 4)",b'void SeekToFirst() override {\n    SeekToResta...'
leveldb,../repos/leveldb/table/block.cc,"(234, 3)-(239, 4)",b'void SeekToLast() override {\n    SeekToRestar...'
leveldb,../repos/leveldb/table/iterator.cc,"(46, 3)-(46, 39)",b'~EmptyIterator() override = default;'
leveldb,../repos/leveldb/table/iterator.cc,"(48, 3)-(48, 48)",b'bool Valid() const override { return false; }'
leveldb,../repos/leveldb/table/iterator.cc,"(49, 3)-(49, 45)",b'void Seek(const Slice& target) override {}'
leveldb,../repos/leveldb/table/iterator.cc,"(50, 3)-(50, 33)",b'void SeekToFirst() override {}'
leveldb,../repos/leveldb/table/iterator.cc,"(51, 3)-(51, 32)",b'void SeekToLast() override {}'
leveldb,../repos/leveldb/table/iterator.cc,"(52, 3)-(52, 42)",b'void Next() override { assert(false); }'
leveldb,../repos/leveldb/table/iterator.cc,"(53, 3)-(53, 42)",b'void Prev() override { assert(false); }'
leveldb,../repos/leveldb/table/iterator.cc,"(54, 3)-(57, 4)",b'Slice key() const override {\n    assert(false...'
leveldb,../repos/leveldb/table/iterator.cc,"(58, 3)-(61, 4)",b'Slice value() const override {\n    assert(fal...'
leveldb,../repos/leveldb/table/iterator.cc,"(62, 3)-(62, 53)",b'Status status() const override { return status_; }'
leveldb,../repos/leveldb/table/merger.cc,"(27, 3)-(27, 54)",b'~MergingIterator() override { delete[] childr...'
leveldb,../repos/leveldb/table/merger.cc,"(29, 3)-(29, 64)",b'bool Valid() const override { return (current...'
leveldb,../repos/leveldb/table/merger.cc,"(31, 3)-(37, 4)",b'void SeekToFirst() override {\n    for (int i ...'
leveldb,../repos/leveldb/table/merger.cc,"(39, 3)-(45, 4)",b'void SeekToLast() override {\n    for (int i =...'
leveldb,../repos/leveldb/table/merger.cc,"(47, 3)-(53, 4)",b'void Seek(const Slice& target) override {\n   ...'
leveldb,../repos/leveldb/table/merger.cc,"(55, 3)-(79, 4)",b'void Next() override {\n    assert(Valid());\n\n...'
leveldb,../repos/leveldb/table/merger.cc,"(81, 3)-(108, 4)",b'void Prev() override {\n    assert(Valid());\n\n...'
leveldb,../repos/leveldb/table/merger.cc,"(110, 3)-(113, 4)",b'Slice key() const override {\n    assert(Valid...'
leveldb,../repos/leveldb/table/merger.cc,"(115, 3)-(118, 4)",b'Slice value() const override {\n    assert(Val...'
leveldb,../repos/leveldb/table/merger.cc,"(120, 3)-(129, 4)",b'Status status() const override {\n    Status s...'
leveldb,../repos/leveldb/table/table_test.cc,"(42, 3)-(44, 4)",b'const char* Name() const override {\n    retur...'
leveldb,../repos/leveldb/table/table_test.cc,"(46, 3)-(48, 4)","b'int Compare(const Slice& a, const Slice& b) c...'"
leveldb,../repos/leveldb/table/table_test.cc,"(50, 3)-(56, 4)",b'void FindShortestSeparator(std::string* start...'
leveldb,../repos/leveldb/table/table_test.cc,"(58, 3)-(62, 4)",b'void FindShortSuccessor(std::string* key) con...'
leveldb,../repos/leveldb/table/table_test.cc,"(93, 3)-(93, 36)",b'~StringSink() override = default;'
leveldb,../repos/leveldb/table/table_test.cc,"(97, 3)-(97, 51)",b'Status Close() override { return Status::OK(); }'
leveldb,../repos/leveldb/table/table_test.cc,"(98, 3)-(98, 51)",b'Status Flush() override { return Status::OK(); }'
leveldb,../repos/leveldb/table/table_test.cc,"(99, 3)-(99, 50)",b'Status Sync() override { return Status::OK(); }'
leveldb,../repos/leveldb/table/table_test.cc,"(101, 3)-(104, 4)",b'Status Append(const Slice& data) override {\n ...'
leveldb,../repos/leveldb/table/table_test.cc,"(115, 3)-(115, 38)",b'~StringSource() override = default;'
leveldb,../repos/leveldb/table/table_test.cc,"(119, 3)-(130, 4)","b'Status Read(uint64_t offset, size_t n, Slice*...'"
leveldb,../repos/leveldb/table/table_test.cc,"(181, 3)-(181, 50)",b'~BlockConstructor() override { delete block_; }'
leveldb,../repos/leveldb/table/table_test.cc,"(182, 3)-(198, 4)","b'Status FinishImpl(const Options& options, con...'"
leveldb,../repos/leveldb/table/table_test.cc,"(199, 3)-(201, 4)",b'Iterator* NewIterator() const override {\n    ...'
leveldb,../repos/leveldb/table/table_test.cc,"(215, 3)-(215, 44)",b'~TableConstructor() override { Reset(); }'
leveldb,../repos/leveldb/table/table_test.cc,"(216, 3)-(235, 4)","b'Status FinishImpl(const Options& options, con...'"
leveldb,../repos/leveldb/table/table_test.cc,"(237, 3)-(239, 4)",b'Iterator* NewIterator() const override {\n    ...'
leveldb,../repos/leveldb/table/table_test.cc,"(267, 3)-(267, 54)",b'~KeyConvertingIterator() override { delete it...'
leveldb,../repos/leveldb/table/table_test.cc,"(269, 3)-(269, 57)",b'bool Valid() const override { return iter_->V...'
leveldb,../repos/leveldb/table/table_test.cc,"(270, 3)-(275, 4)",b'void Seek(const Slice& target) override {\n   ...'
leveldb,../repos/leveldb/table/table_test.cc,"(276, 3)-(276, 56)",b'void SeekToFirst() override { iter_->SeekToFi...'
leveldb,../repos/leveldb/table/table_test.cc,"(277, 3)-(277, 54)",b'void SeekToLast() override { iter_->SeekToLas...'
leveldb,../repos/leveldb/table/table_test.cc,"(278, 3)-(278, 42)",b'void Next() override { iter_->Next(); }'
leveldb,../repos/leveldb/table/table_test.cc,"(279, 3)-(279, 42)",b'void Prev() override { iter_->Prev(); }'
leveldb,../repos/leveldb/table/table_test.cc,"(281, 3)-(289, 4)",b'Slice key() const override {\n    assert(Valid...'
leveldb,../repos/leveldb/table/table_test.cc,"(291, 3)-(291, 58)",b'Slice value() const override { return iter_->...'
leveldb,../repos/leveldb/table/table_test.cc,"(292, 3)-(294, 4)",b'Status status() const override {\n    return s...'
leveldb,../repos/leveldb/table/table_test.cc,"(308, 3)-(308, 58)",b'~MemTableConstructor() override { memtable_->...'
leveldb,../repos/leveldb/table/table_test.cc,"(309, 3)-(319, 4)","b'Status FinishImpl(const Options& options, con...'"
leveldb,../repos/leveldb/table/table_test.cc,"(320, 3)-(322, 4)",b'Iterator* NewIterator() const override {\n    ...'
leveldb,../repos/leveldb/table/table_test.cc,"(336, 3)-(336, 44)",b'~DBConstructor() override { delete db_; }'
leveldb,../repos/leveldb/table/table_test.cc,"(337, 3)-(347, 4)","b'Status FinishImpl(const Options& options, con...'"
leveldb,../repos/leveldb/table/table_test.cc,"(348, 3)-(350, 4)",b'Iterator* NewIterator() const override {\n    ...'
leveldb,../repos/leveldb/table/table_test.cc,"(352, 3)-(352, 42)",b'DB* db() const override { return db_; }'
leveldb,../repos/leveldb/table/two_level_iterator.cc,"(31, 3)-(31, 61)",b'bool Valid() const override { return data_ite...'
leveldb,../repos/leveldb/table/two_level_iterator.cc,"(32, 3)-(35, 4)",b'Slice key() const override {\n    assert(Valid...'
leveldb,../repos/leveldb/table/two_level_iterator.cc,"(36, 3)-(39, 4)",b'Slice value() const override {\n    assert(Val...'
leveldb,../repos/leveldb/table/two_level_iterator.cc,"(40, 3)-(49, 4)","b""Status status() const override {\n    // It'd ..."""
leveldb,../repos/leveldb/table/filter_block_test.cc,"(19, 3)-(19, 65)","b'const char* Name() const override { return ""T...'"
leveldb,../repos/leveldb/table/filter_block_test.cc,"(21, 3)-(26, 4)","b'void CreateFilter(const Slice* keys, int n, s...'"
leveldb,../repos/leveldb/table/filter_block_test.cc,"(28, 3)-(36, 4)","b'bool KeyMayMatch(const Slice& key, const Slic...'"
