Repo name,File name,Location,Content
leveldb,../repos/leveldb/util/mutexlock.h,"(31, 14)-(31, 41)",b'& operator=(const MutexLock&)'
leveldb,../repos/leveldb/util/env_windows.cc,"(78, 17)-(78, 47)",b'& operator=(const ScopedHandle&)'
leveldb,../repos/leveldb/util/env_windows.cc,"(80, 17)-(80, 55)",b'& operator=(ScopedHandle&& rhs) noexcept'
leveldb,../repos/leveldb/util/env_windows.cc,"(127, 11)-(127, 36)",b'Limiter operator=(const Limiter&) = delete;'
leveldb,../repos/leveldb/util/env_windows.cc,"(779, 17)-(779, 47)",b'& operator=(const SingletonEnv&)'
leveldb,../repos/leveldb/util/env_posix.cc,"(86, 11)-(86, 36)",b'Limiter operator=(const Limiter&) = delete;'
leveldb,../repos/leveldb/util/env_posix.cc,"(884, 17)-(884, 47)",b'& operator=(const SingletonEnv&)'
leveldb,../repos/leveldb/util/no_destructor.h,"(33, 17)-(33, 47)",b'& operator=(const NoDestructor&)'
leveldb,../repos/leveldb/util/arena.h,"(21, 10)-(21, 33)",b'& operator=(const Arena&)'
leveldb,../repos/leveldb/include/leveldb/env.h,"(56, 8)-(56, 29)",b'& operator=(const Env&)'
leveldb,../repos/leveldb/include/leveldb/env.h,"(227, 19)-(227, 51)",b'& operator=(const SequentialFile&)'
leveldb,../repos/leveldb/include/leveldb/env.h,"(257, 21)-(257, 55)",b'& operator=(const RandomAccessFile&)'
leveldb,../repos/leveldb/include/leveldb/env.h,"(282, 17)-(282, 47)",b'& operator=(const WritableFile&)'
leveldb,../repos/leveldb/include/leveldb/env.h,"(298, 11)-(298, 35)",b'& operator=(const Logger&)'
leveldb,../repos/leveldb/include/leveldb/env.h,"(312, 13)-(312, 39)",b'& operator=(const FileLock&)'
leveldb,../repos/leveldb/include/leveldb/db.h,"(59, 7)-(59, 27)",b'& operator=(const DB&)'
leveldb,../repos/leveldb/include/leveldb/table.h,"(44, 10)-(44, 33)",b'& operator=(const Table&)'
leveldb,../repos/leveldb/include/leveldb/cache.h,"(39, 10)-(39, 33)",b'& operator=(const Cache&)'
leveldb,../repos/leveldb/include/leveldb/table_builder.h,"(36, 17)-(36, 47)",b'& operator=(const TableBuilder&)'
leveldb,../repos/leveldb/include/leveldb/write_batch.h,"(46, 15)-(46, 43)",b'& operator=(const WriteBatch&)'
leveldb,../repos/leveldb/include/leveldb/status.h,"(31, 11)-(31, 39)",b'& operator=(const Status& rhs)'
leveldb,../repos/leveldb/include/leveldb/status.h,"(34, 11)-(34, 43)",b'& operator=(Status&& rhs) noexcept'
leveldb,../repos/leveldb/include/leveldb/iterator.h,"(29, 13)-(29, 39)",b'& operator=(const Iterator&)'
leveldb,../repos/leveldb/include/leveldb/slice.h,"(43, 10)-(43, 33)",b'& operator=(const Slice&)'
leveldb,../repos/leveldb/include/leveldb/slice.h,"(56, 8)-(56, 34)",b'char operator[](size_t n) const {\n    assert(...'
leveldb,../repos/leveldb/include/leveldb/slice.h,"(93, 13)-(93, 55)","b'inline bool operator==(const Slice& x, const ...'"
leveldb,../repos/leveldb/include/leveldb/slice.h,"(98, 13)-(98, 55)","b'inline bool operator!=(const Slice& x, const ...'"
leveldb,../repos/leveldb/port/port_stdcxx.h,"(57, 10)-(57, 33)",b'& operator=(const Mutex&)'
leveldb,../repos/leveldb/port/port_stdcxx.h,"(75, 12)-(75, 37)",b'& operator=(const CondVar&)'
leveldb,../repos/leveldb/benchmarks/db_bench.cc,"(202, 14)-(202, 41)",b'& operator=(KeyBuffer& other)'
leveldb,../repos/leveldb/db/skiplist_test.cc,"(24, 7)-(24, 51)","b'int operator()(const Key& a, const Key& b) co...'"
leveldb,../repos/leveldb/db/db_impl.h,"(34, 11)-(34, 35)",b'& operator=(const DBImpl&)'
leveldb,../repos/leveldb/db/memtable.h,"(27, 13)-(27, 39)",b'& operator=(const MemTable&)'
leveldb,../repos/leveldb/db/memtable.h,"(72, 9)-(72, 55)","b'int operator()(const char* a, const char* b) ...'"
leveldb,../repos/leveldb/db/skiplist.h,"(51, 13)-(51, 39)",b'& operator=(const SkipList&)'
leveldb,../repos/leveldb/db/table_cache.h,"(27, 15)-(27, 43)",b'& operator=(const TableCache&)'
leveldb,../repos/leveldb/db/version_set.h,"(134, 12)-(134, 37)",b'& operator=(const Version&)'
leveldb,../repos/leveldb/db/version_set.h,"(172, 15)-(172, 43)",b'& operator=(const VersionSet&)'
leveldb,../repos/leveldb/db/memtable.cc,"(51, 21)-(51, 55)",b'& operator=(const MemTableIterator&)'
leveldb,../repos/leveldb/db/db_iter.cc,"(60, 11)-(60, 35)",b'& operator=(const DBIter&)'
leveldb,../repos/leveldb/db/log_reader.h,"(47, 11)-(47, 35)",b'& operator=(const Reader&)'
leveldb,../repos/leveldb/db/dbformat.h,"(191, 14)-(191, 41)",b'& operator=(const LookupKey&)'
leveldb,../repos/leveldb/db/log_writer.h,"(33, 11)-(33, 35)",b'& operator=(const Writer&)'
leveldb,../repos/leveldb/db/version_set.cc,"(575, 10)-(575, 62)","b'bool operator()(FileMetaData* f1, FileMetaDat...'"
leveldb,../repos/leveldb/helpers/memenv/memenv.cc,"(31, 14)-(31, 41)",b'& operator=(const FileState&)'
leveldb,../repos/leveldb/table/block.h,"(24, 10)-(24, 33)",b'& operator=(const Block&)'
leveldb,../repos/leveldb/table/block_builder.h,"(22, 17)-(22, 47)",b'& operator=(const BlockBuilder&)'
leveldb,../repos/leveldb/table/table_test.cc,"(85, 8)-(85, 68)","b'bool operator()(const std::string& a, const s...'"
leveldb,../repos/leveldb/table/table_test.cc,"(265, 26)-(265, 65)",b'& operator=(const KeyConvertingIterator&)'
leveldb,../repos/leveldb/table/filter_block.h,"(35, 23)-(35, 59)",b'& operator=(const FilterBlockBuilder&)'
