Repo name,File name,Location,Content
leveldb,../repos/leveldb/util/posix_logger.h,"(54, 43)-(54, 62)",b'static_cast<size_t>(kStackBufferSize)'
leveldb,../repos/leveldb/util/posix_logger.h,"(69, 34)-(69, 50)",b'static_cast<int>(now_timeval.tv_usec)'
leveldb,../repos/leveldb/util/windows_logger.h,"(48, 43)-(48, 62)",b'static_cast<size_t>(kStackBufferSize)'
leveldb,../repos/leveldb/util/windows_logger.h,"(63, 11)-(63, 27)",b'static_cast<int>(now_components.wMilliseconds...'
leveldb,../repos/leveldb/util/comparator.cc,"(44, 27)-(44, 47)",b'static_cast<uint8_t>((*start)[diff_index])'
leveldb,../repos/leveldb/util/comparator.cc,"(45, 23)-(45, 43)",b'static_cast<uint8_t>(0xff)'
leveldb,../repos/leveldb/util/comparator.cc,"(46, 27)-(46, 47)",b'static_cast<uint8_t>(limit[diff_index])'
leveldb,../repos/leveldb/util/comparator.cc,"(59, 19)-(59, 39)",b'static_cast<uint8_t>(0xff)'
leveldb,../repos/leveldb/util/crc32c_test.cc,"(38, 31)-(38, 54)",b'reinterpret_cast<char*>(data)'
leveldb,../repos/leveldb/util/histogram.cc,"(265, 17)-(265, 33)",b'static_cast<int>(20 * (buckets_[b] / num_) + 0.5)'
leveldb,../repos/leveldb/util/cache_test.cc,"(24, 48)-(24, 71)",b'reinterpret_cast<void*>(v)'
leveldb,../repos/leveldb/util/cache_test.cc,"(25, 42)-(25, 69)",b'reinterpret_cast<uintptr_t>(v)'
leveldb,../repos/leveldb/util/coding.h,"(55, 27)-(55, 53)",b'reinterpret_cast<uint8_t*>(dst)'
leveldb,../repos/leveldb/util/coding.h,"(58, 15)-(58, 35)",b'static_cast<uint8_t>(value)'
leveldb,../repos/leveldb/util/coding.h,"(59, 15)-(59, 35)",b'static_cast<uint8_t>(value >> 8)'
leveldb,../repos/leveldb/util/coding.h,"(60, 15)-(60, 35)",b'static_cast<uint8_t>(value >> 16)'
leveldb,../repos/leveldb/util/coding.h,"(61, 15)-(61, 35)",b'static_cast<uint8_t>(value >> 24)'
leveldb,../repos/leveldb/util/coding.h,"(65, 27)-(65, 53)",b'reinterpret_cast<uint8_t*>(dst)'
leveldb,../repos/leveldb/util/coding.h,"(68, 15)-(68, 35)",b'static_cast<uint8_t>(value)'
leveldb,../repos/leveldb/util/coding.h,"(69, 15)-(69, 35)",b'static_cast<uint8_t>(value >> 8)'
leveldb,../repos/leveldb/util/coding.h,"(70, 15)-(70, 35)",b'static_cast<uint8_t>(value >> 16)'
leveldb,../repos/leveldb/util/coding.h,"(71, 15)-(71, 35)",b'static_cast<uint8_t>(value >> 24)'
leveldb,../repos/leveldb/util/coding.h,"(72, 15)-(72, 35)",b'static_cast<uint8_t>(value >> 32)'
leveldb,../repos/leveldb/util/coding.h,"(73, 15)-(73, 35)",b'static_cast<uint8_t>(value >> 40)'
leveldb,../repos/leveldb/util/coding.h,"(74, 15)-(74, 35)",b'static_cast<uint8_t>(value >> 48)'
leveldb,../repos/leveldb/util/coding.h,"(75, 15)-(75, 35)",b'static_cast<uint8_t>(value >> 56)'
leveldb,../repos/leveldb/util/coding.h,"(82, 33)-(82, 65)",b'reinterpret_cast<const uint8_t*>(ptr)'
leveldb,../repos/leveldb/util/coding.h,"(85, 11)-(85, 32)",b'static_cast<uint32_t>(buffer[0])'
leveldb,../repos/leveldb/util/coding.h,"(86, 11)-(86, 32)",b'static_cast<uint32_t>(buffer[1])'
leveldb,../repos/leveldb/util/coding.h,"(87, 11)-(87, 32)",b'static_cast<uint32_t>(buffer[2])'
leveldb,../repos/leveldb/util/coding.h,"(88, 11)-(88, 32)",b'static_cast<uint32_t>(buffer[3])'
leveldb,../repos/leveldb/util/coding.h,"(92, 33)-(92, 65)",b'reinterpret_cast<const uint8_t*>(ptr)'
leveldb,../repos/leveldb/util/coding.h,"(95, 11)-(95, 32)",b'static_cast<uint64_t>(buffer[0])'
leveldb,../repos/leveldb/util/coding.h,"(96, 11)-(96, 32)",b'static_cast<uint64_t>(buffer[1])'
leveldb,../repos/leveldb/util/coding.h,"(97, 11)-(97, 32)",b'static_cast<uint64_t>(buffer[2])'
leveldb,../repos/leveldb/util/coding.h,"(98, 11)-(98, 32)",b'static_cast<uint64_t>(buffer[3])'
leveldb,../repos/leveldb/util/coding.h,"(99, 11)-(99, 32)",b'static_cast<uint64_t>(buffer[4])'
leveldb,../repos/leveldb/util/coding.h,"(100, 11)-(100, 32)",b'static_cast<uint64_t>(buffer[5])'
leveldb,../repos/leveldb/util/coding.h,"(101, 11)-(101, 32)",b'static_cast<uint64_t>(buffer[6])'
leveldb,../repos/leveldb/util/coding.h,"(102, 11)-(102, 32)",b'static_cast<uint64_t>(buffer[7])'
leveldb,../repos/leveldb/util/coding.h,"(111, 25)-(111, 57)",b'reinterpret_cast<const uint8_t*>(p)'
leveldb,../repos/leveldb/util/bloom.cc,"(21, 10)-(21, 29)",b'static_cast<size_t>(bits_per_key * 0.69)'
leveldb,../repos/leveldb/util/bloom.cc,"(41, 20)-(41, 37)",b'static_cast<char>(k_)'
leveldb,../repos/leveldb/util/arena.cc,"(42, 24)-(42, 51)",b'reinterpret_cast<uintptr_t>(alloc_ptr_)'
leveldb,../repos/leveldb/util/arena.cc,"(54, 11)-(54, 38)",b'reinterpret_cast<uintptr_t>(result)'
leveldb,../repos/leveldb/util/crc32c.cc,"(246, 45)-(246, 66)",b'static_cast<uint32_t>(0xffffffffU)'
leveldb,../repos/leveldb/util/crc32c.cc,"(250, 24)-(250, 53)",b'reinterpret_cast<const char*>(buffer)'
leveldb,../repos/leveldb/util/crc32c.cc,"(258, 10)-(258, 36)",b'reinterpret_cast<uint8_t*>(\n      (reinterpre...'
leveldb,../repos/leveldb/util/crc32c.cc,"(259, 8)-(259, 35)",b'reinterpret_cast<uintptr_t>(pointer)'
leveldb,../repos/leveldb/util/crc32c.cc,"(260, 8)-(260, 30)",b'static_cast<uintptr_t>(N - 1)'
leveldb,../repos/leveldb/util/crc32c.cc,"(282, 22)-(282, 54)",b'reinterpret_cast<const uint8_t*>(data)'
leveldb,../repos/leveldb/util/env_windows.cc,"(56, 7)-(56, 30)",b'reinterpret_cast<char*>(&error_text)'
leveldb,../repos/leveldb/util/env_windows.cc,"(178, 45)-(178, 63)",b'static_cast<DWORD>(n)'
leveldb,../repos/leveldb/util/env_windows.cc,"(213, 29)-(213, 47)",b'static_cast<DWORD>(offset >> 32)'
leveldb,../repos/leveldb/util/env_windows.cc,"(214, 25)-(214, 43)",b'static_cast<DWORD>(offset)'
leveldb,../repos/leveldb/util/env_windows.cc,"(215, 45)-(215, 63)",b'static_cast<DWORD>(n)'
leveldb,../repos/leveldb/util/env_windows.cc,"(337, 43)-(337, 61)",b'static_cast<DWORD>(size)'
leveldb,../repos/leveldb/util/env_windows.cc,"(448, 23)-(448, 46)",b'reinterpret_cast<char*>(mmap_base)'
leveldb,../repos/leveldb/util/env_windows.cc,"(449, 13)-(449, 32)",b'static_cast<size_t>(file_size.QuadPart)'
leveldb,../repos/leveldb/util/env_windows.cc,"(606, 9)-(606, 43)",b'reinterpret_cast<WindowsFileLock*>(lock)'
leveldb,../repos/leveldb/util/env_windows.cc,"(664, 10)-(664, 31)",b'static_cast<uint64_t>(ft.dwHighDateTime)'
leveldb,../repos/leveldb/util/env_windows.cc,"(781, 23)-(781, 45)",b'reinterpret_cast<Env*>(&env_storage_)'
leveldb,../repos/leveldb/util/coding_test.cc,"(30, 18)-(30, 39)",b'static_cast<uint64_t>(1)'
leveldb,../repos/leveldb/util/coding_test.cc,"(38, 18)-(38, 39)",b'static_cast<uint64_t>(1)'
leveldb,../repos/leveldb/util/coding_test.cc,"(59, 19)-(59, 35)",b'static_cast<int>(dst[0])'
leveldb,../repos/leveldb/util/coding_test.cc,"(60, 19)-(60, 35)",b'static_cast<int>(dst[1])'
leveldb,../repos/leveldb/util/coding_test.cc,"(61, 19)-(61, 35)",b'static_cast<int>(dst[2])'
leveldb,../repos/leveldb/util/coding_test.cc,"(62, 19)-(62, 35)",b'static_cast<int>(dst[3])'
leveldb,../repos/leveldb/util/coding_test.cc,"(67, 19)-(67, 35)",b'static_cast<int>(dst[0])'
leveldb,../repos/leveldb/util/coding_test.cc,"(68, 19)-(68, 35)",b'static_cast<int>(dst[1])'
leveldb,../repos/leveldb/util/coding_test.cc,"(69, 19)-(69, 35)",b'static_cast<int>(dst[2])'
leveldb,../repos/leveldb/util/coding_test.cc,"(70, 19)-(70, 35)",b'static_cast<int>(dst[3])'
leveldb,../repos/leveldb/util/coding_test.cc,"(71, 19)-(71, 35)",b'static_cast<int>(dst[4])'
leveldb,../repos/leveldb/util/coding_test.cc,"(72, 19)-(72, 35)",b'static_cast<int>(dst[5])'
leveldb,../repos/leveldb/util/coding_test.cc,"(73, 19)-(73, 35)",b'static_cast<int>(dst[6])'
leveldb,../repos/leveldb/util/coding_test.cc,"(74, 19)-(74, 35)",b'static_cast<int>(dst[7])'
leveldb,../repos/leveldb/util/coding_test.cc,"(104, 21)-(104, 42)",b'static_cast<uint64_t>(0)'
leveldb,../repos/leveldb/util/coding_test.cc,"(105, 21)-(105, 42)",b'static_cast<uint64_t>(0)'
leveldb,../repos/leveldb/util/logging.cc,"(19, 43)-(19, 74)",b'static_cast<unsigned long long>(num)'
leveldb,../repos/leveldb/util/logging.cc,"(31, 21)-(31, 46)",b'static_cast<unsigned int>(c)'
leveldb,../repos/leveldb/util/logging.cc,"(53, 13)-(53, 30)",b'static_cast<char>(kMaxUint64 % 10)'
leveldb,../repos/leveldb/util/logging.cc,"(58, 26)-(58, 58)",b'reinterpret_cast<const uint8_t*>(in->data())'
leveldb,../repos/leveldb/util/random.h,"(38, 13)-(38, 34)",b'static_cast<uint32_t>((product >> 31) + (prod...'
leveldb,../repos/leveldb/util/hash_test.cc,"(25, 12)-(25, 41)",b'reinterpret_cast<const char*>(data1)'
leveldb,../repos/leveldb/util/hash_test.cc,"(28, 12)-(28, 41)",b'reinterpret_cast<const char*>(data2)'
leveldb,../repos/leveldb/util/hash_test.cc,"(31, 12)-(31, 41)",b'reinterpret_cast<const char*>(data3)'
leveldb,../repos/leveldb/util/hash_test.cc,"(34, 12)-(34, 41)",b'reinterpret_cast<const char*>(data4)'
leveldb,../repos/leveldb/util/hash_test.cc,"(37, 12)-(37, 41)",b'reinterpret_cast<const char*>(data5)'
leveldb,../repos/leveldb/util/env_posix.cc,"(160, 38)-(160, 56)",b'static_cast<off_t>(-1)'
leveldb,../repos/leveldb/util/env_posix.cc,"(212, 49)-(212, 67)",b'static_cast<off_t>(offset)'
leveldb,../repos/leveldb/util/env_posix.cc,"(255, 14)-(255, 32)",b'static_cast<void*>(mmap_base_)'
leveldb,../repos/leveldb/util/env_posix.cc,"(560, 45)-(560, 68)",b'reinterpret_cast<char*>(mmap_base)'
leveldb,../repos/leveldb/util/env_posix.cc,"(681, 38)-(681, 65)",b'static_cast<PosixFileLock*>(lock)'
leveldb,../repos/leveldb/util/env_posix.cc,"(707, 21)-(707, 37)",b'static_cast<int>(::geteuid())'
leveldb,../repos/leveldb/util/env_posix.cc,"(740, 12)-(740, 33)",b'static_cast<uint64_t>(tv.tv_sec)'
leveldb,../repos/leveldb/util/env_posix.cc,"(886, 23)-(886, 45)",b'reinterpret_cast<Env*>(&env_storage_)'
leveldb,../repos/leveldb/util/coding.cc,"(23, 18)-(23, 44)",b'reinterpret_cast<uint8_t*>(dst)'
leveldb,../repos/leveldb/util/coding.cc,"(46, 10)-(46, 33)",b'reinterpret_cast<char*>(ptr)'
leveldb,../repos/leveldb/util/coding.cc,"(57, 18)-(57, 44)",b'reinterpret_cast<uint8_t*>(dst)'
leveldb,../repos/leveldb/util/coding.cc,"(62, 14)-(62, 34)",b'static_cast<uint8_t>(v)'
leveldb,../repos/leveldb/util/coding.cc,"(63, 10)-(63, 33)",b'reinterpret_cast<char*>(ptr)'
leveldb,../repos/leveldb/util/coding.cc,"(90, 23)-(90, 55)",b'reinterpret_cast<const uint8_t*>(p)'
leveldb,../repos/leveldb/util/coding.cc,"(98, 14)-(98, 43)",b'reinterpret_cast<const char*>(p)'
leveldb,../repos/leveldb/util/coding.cc,"(119, 23)-(119, 55)",b'reinterpret_cast<const uint8_t*>(p)'
leveldb,../repos/leveldb/util/coding.cc,"(127, 14)-(127, 43)",b'reinterpret_cast<const char*>(p)'
leveldb,../repos/leveldb/util/cache.cc,"(259, 10)-(259, 42)",b'reinterpret_cast<Cache::Handle*>(e)'
leveldb,../repos/leveldb/util/cache.cc,"(264, 9)-(264, 37)",b'reinterpret_cast<LRUHandle*>(handle)'
leveldb,../repos/leveldb/util/cache.cc,"(274, 7)-(274, 35)",b'reinterpret_cast<LRUHandle*>(malloc(sizeof(LR...'
leveldb,../repos/leveldb/util/cache.cc,"(303, 10)-(303, 42)",b'reinterpret_cast<Cache::Handle*>(e)'
leveldb,../repos/leveldb/util/cache.cc,"(369, 20)-(369, 48)",b'reinterpret_cast<LRUHandle*>(handle)'
leveldb,../repos/leveldb/util/cache.cc,"(377, 12)-(377, 40)",b'reinterpret_cast<LRUHandle*>(handle)'
leveldb,../repos/leveldb/util/no_destructor.h,"(36, 12)-(36, 43)",b'reinterpret_cast<InstanceType*>(&instance_sto...'
leveldb,../repos/leveldb/util/hash.cc,"(41, 12)-(41, 32)",b'static_cast<uint8_t>(data[2])'
leveldb,../repos/leveldb/util/hash.cc,"(44, 12)-(44, 32)",b'static_cast<uint8_t>(data[1])'
leveldb,../repos/leveldb/util/hash.cc,"(47, 12)-(47, 32)",b'static_cast<uint8_t>(data[0])'
leveldb,../repos/leveldb/util/status.cc,"(23, 25)-(23, 46)",b'static_cast<uint32_t>(msg.size())'
leveldb,../repos/leveldb/util/status.cc,"(24, 25)-(24, 46)",b'static_cast<uint32_t>(msg2.size())'
leveldb,../repos/leveldb/util/status.cc,"(28, 15)-(28, 32)",b'static_cast<char>(code)'
leveldb,../repos/leveldb/util/status.cc,"(65, 45)-(65, 61)",b'static_cast<int>(code())'
leveldb,../repos/leveldb/util/env_test.cc,"(78, 25)-(78, 52)",b'reinterpret_cast<RunState*>(arg)'
leveldb,../repos/leveldb/util/env_test.cc,"(109, 28)-(109, 55)",b'reinterpret_cast<Callback*>(arg)'
leveldb,../repos/leveldb/util/env_test.cc,"(151, 14)-(151, 38)",b'reinterpret_cast<State*>(arg)'
leveldb,../repos/leveldb/util/bloom_test.cc,"(39, 43)-(39, 59)",b'static_cast<int>(key_slices.size())'
leveldb,../repos/leveldb/util/bloom_test.cc,"(50, 30)-(50, 55)",b'static_cast<unsigned int>(filter_[i])'
leveldb,../repos/leveldb/util/bloom_test.cc,"(123, 29)-(123, 48)",b'static_cast<size_t>((length * 10 / 8) + 40)'
leveldb,../repos/leveldb/util/bloom_test.cc,"(137, 42)-(137, 58)",b'static_cast<int>(FilterSize())'
leveldb,../repos/leveldb/util/testutil.cc,"(17, 17)-(17, 34)","b""static_cast<char>(' ' + rnd->Uniform(95))"""
leveldb,../repos/leveldb/util/testutil.cc,"(36, 13)-(36, 29)",b'static_cast<int>(len * compressed_fraction)'
leveldb,../repos/leveldb/include/leveldb/status.h,"(89, 40)-(89, 57)",b'static_cast<Code>(state_[4])'
leveldb,../repos/leveldb/port/port_stdcxx.h,"(210, 32)-(210, 64)",b'reinterpret_cast<const uint8_t*>(buf)'
leveldb,../repos/leveldb/benchmarks/db_bench.cc,"(449, 9)-(449, 25)",b'static_cast<int>(FLAGS_value_size * FLAGS_com...'
leveldb,../repos/leveldb/benchmarks/db_bench.cc,"(452, 20)-(452, 40)",b'static_cast<int64_t>(kKeySize + FLAGS_value_size)'
leveldb,../repos/leveldb/benchmarks/db_bench.cc,"(683, 22)-(683, 50)",b'reinterpret_cast<ThreadArg*>(v)'
leveldb,../repos/leveldb/benchmarks/db_bench.cc,"(769, 44)-(769, 69)",b'static_cast<unsigned int>(crc)'
leveldb,../repos/leveldb/benchmarks/db_bench.cc,"(1042, 5)-(1042, 36)",b'reinterpret_cast<WritableFile*>(arg)'
leveldb,../repos/leveldb/benchmarks/db_bench_tree_db.cc,"(157, 9)-(157, 25)",b'static_cast<int>(FLAGS_value_size * FLAGS_com...'
leveldb,../repos/leveldb/benchmarks/db_bench_tree_db.cc,"(160, 20)-(160, 40)",b'static_cast<int64_t>(kKeySize + FLAGS_value_size)'
leveldb,../repos/leveldb/benchmarks/db_bench_sqlite3.cc,"(189, 20)-(189, 40)",b'static_cast<int64_t>(kKeySize + FLAGS_value_size)'
leveldb,../repos/leveldb/db/skiplist_test.cc,"(162, 17)-(162, 40)",b'reinterpret_cast<char*>(data)'
leveldb,../repos/leveldb/db/skiplist_test.cc,"(254, 33)-(254, 49)",b'static_cast<Key>(initial_state.Get(key(pos)))'
leveldb,../repos/leveldb/db/skiplist_test.cc,"(331, 22)-(331, 50)",b'reinterpret_cast<TestState*>(arg)'
leveldb,../repos/leveldb/db/corruption_test.cc,"(229, 17)-(229, 42)",b'reinterpret_cast<DBImpl*>(db_)'
leveldb,../repos/leveldb/db/corruption_test.cc,"(243, 17)-(243, 42)",b'reinterpret_cast<DBImpl*>(db_)'
leveldb,../repos/leveldb/db/corruption_test.cc,"(256, 17)-(256, 42)",b'reinterpret_cast<DBImpl*>(db_)'
leveldb,../repos/leveldb/db/corruption_test.cc,"(294, 17)-(294, 42)",b'reinterpret_cast<DBImpl*>(db_)'
leveldb,../repos/leveldb/db/corruption_test.cc,"(311, 17)-(311, 42)",b'reinterpret_cast<DBImpl*>(db_)'
leveldb,../repos/leveldb/db/corruption_test.cc,"(328, 17)-(328, 42)",b'reinterpret_cast<DBImpl*>(db_)'
leveldb,../repos/leveldb/db/corruption_test.cc,"(347, 17)-(347, 42)",b'reinterpret_cast<DBImpl*>(db_)'
leveldb,../repos/leveldb/db/db_impl.cc,"(91, 7)-(91, 21)",b'static_cast<V>(*ptr)'
leveldb,../repos/leveldb/db/db_impl.cc,"(92, 7)-(92, 21)",b'static_cast<V>(*ptr)'
leveldb,../repos/leveldb/db/db_impl.cc,"(276, 58)-(276, 74)",b'static_cast<int>(type)'
leveldb,../repos/leveldb/db/db_impl.cc,"(277, 13)-(277, 44)",b'static_cast<unsigned long long>(number)'
leveldb,../repos/leveldb/db/db_impl.cc,"(359, 19)-(359, 35)",b'static_cast<int>(expected.size())'
leveldb,../repos/leveldb/db/db_impl.cc,"(396, 11)-(396, 27)",b'static_cast<int>(bytes)'
leveldb,../repos/leveldb/db/db_impl.cc,"(618, 40)-(618, 62)",b'static_cast<ValueType>(0)'
leveldb,../repos/leveldb/db/db_impl.cc,"(680, 3)-(680, 28)",b'reinterpret_cast<DBImpl*>(db)'
leveldb,../repos/leveldb/db/db_impl.cc,"(745, 9)-(745, 40)",b'static_cast<unsigned long long>(f->number)'
leveldb,../repos/leveldb/db/db_impl.cc,"(746, 9)-(746, 40)",b'static_cast<unsigned long long>(f->file_size)'
leveldb,../repos/leveldb/db/db_impl.cc,"(879, 7)-(879, 29)",b'static_cast<long long>(compact->total_bytes)'
leveldb,../repos/leveldb/db/db_impl.cc,"(1066, 22)-(1066, 50)",b'reinterpret_cast<IterState*>(arg1)'
leveldb,../repos/leveldb/db/db_impl.cc,"(1122, 9)-(1122, 41)",b'static_cast<const SnapshotImpl*>(options.snapshot)'
leveldb,../repos/leveldb/db/db_impl.cc,"(1168, 31)-(1168, 63)",b'static_cast<const SnapshotImpl*>(options.snapshot)'
leveldb,../repos/leveldb/db/db_impl.cc,"(1188, 21)-(1188, 53)",b'static_cast<const SnapshotImpl*>(snapshot)'
leveldb,../repos/leveldb/db/db_impl.cc,"(1419, 46)-(1419, 62)",b'static_cast<int>(level)'
leveldb,../repos/leveldb/db/db_impl.cc,"(1455, 19)-(1455, 50)",b'static_cast<unsigned long long>(total_usage)'
leveldb,../repos/leveldb/db/log_writer.cc,"(18, 14)-(18, 31)",b'static_cast<char>(i)'
leveldb,../repos/leveldb/db/log_writer.cc,"(89, 12)-(89, 29)",b'static_cast<char>(length & 0xff)'
leveldb,../repos/leveldb/db/log_writer.cc,"(90, 12)-(90, 29)",b'static_cast<char>(length >> 8)'
leveldb,../repos/leveldb/db/log_writer.cc,"(91, 12)-(91, 29)",b'static_cast<char>(t)'
leveldb,../repos/leveldb/db/write_batch.cc,"(100, 18)-(100, 35)",b'static_cast<char>(kTypeValue)'
leveldb,../repos/leveldb/db/write_batch.cc,"(107, 18)-(107, 35)",b'static_cast<char>(kTypeDeletion)'
leveldb,../repos/leveldb/db/repair.cc,"(87, 28)-(87, 44)",b'static_cast<int>(tables_.size())'
leveldb,../repos/leveldb/db/repair.cc,"(151, 41)-(151, 57)",b'static_cast<int>(bytes)'
leveldb,../repos/leveldb/db/table_cache.cc,"(20, 22)-(20, 53)",b'reinterpret_cast<TableAndFile*>(value)'
leveldb,../repos/leveldb/db/table_cache.cc,"(27, 18)-(27, 42)",b'reinterpret_cast<Cache*>(arg1)'
leveldb,../repos/leveldb/db/table_cache.cc,"(28, 22)-(28, 54)",b'reinterpret_cast<Cache::Handle*>(arg2)'
leveldb,../repos/leveldb/db/table_cache.cc,"(91, 18)-(91, 49)",b'reinterpret_cast<TableAndFile*>(cache_->Value...'
leveldb,../repos/leveldb/db/table_cache.cc,"(107, 16)-(107, 47)",b'reinterpret_cast<TableAndFile*>(cache_->Value...'
leveldb,../repos/leveldb/db/db_test.cc,"(315, 29)-(315, 54)",b'reinterpret_cast<DBImpl*>(db_)'
leveldb,../repos/leveldb/db/db_test.cc,"(471, 12)-(471, 28)",b'static_cast<int>(files.size())'
leveldb,../repos/leveldb/db/db_test.cc,"(506, 9)-(506, 31)",b'static_cast<long long>(dbfull()->TEST_MaxNext...'
leveldb,../repos/leveldb/db/db_test.cc,"(2027, 17)-(2027, 44)",b'reinterpret_cast<MTThread*>(arg)'
leveldb,../repos/leveldb/db/db_test.cc,"(2046, 21)-(2046, 37)",b'static_cast<int>(counter)'
leveldb,../repos/leveldb/db/db_test.cc,"(2135, 13)-(2135, 51)",b'reinterpret_cast<const ModelSnapshot*>(option...'
leveldb,../repos/leveldb/db/db_test.cc,"(2146, 12)-(2146, 50)",b'reinterpret_cast<const ModelSnapshot*>(snapshot)'
leveldb,../repos/leveldb/db/log_reader.cc,"(185, 27)-(185, 46)",b'static_cast<size_t>(bytes)'
leveldb,../repos/leveldb/db/log_reader.cc,"(218, 24)-(218, 45)",b'static_cast<uint32_t>(header[4])'
leveldb,../repos/leveldb/db/log_reader.cc,"(219, 24)-(219, 45)",b'static_cast<uint32_t>(header[5])'
leveldb,../repos/leveldb/db/memtable.cc,"(123, 15)-(123, 37)",b'static_cast<ValueType>(tag & 0xff)'
leveldb,../repos/leveldb/db/filename.cc,"(24, 17)-(24, 48)",b'static_cast<unsigned long long>(number)'
leveldb,../repos/leveldb/db/filename.cc,"(47, 17)-(47, 48)",b'static_cast<unsigned long long>(number)'
leveldb,../repos/leveldb/db/dbformat.h,"(178, 18)-(178, 40)",b'static_cast<ValueType>(c)'
leveldb,../repos/leveldb/db/dbformat.h,"(180, 16)-(180, 36)",b'static_cast<uint8_t>(kTypeValue)'
leveldb,../repos/leveldb/db/recovery_test.cc,"(31, 35)-(31, 60)",b'reinterpret_cast<DBImpl*>(db_)'
leveldb,../repos/leveldb/db/recovery_test.cc,"(193, 38)-(193, 57)",b'static_cast<size_t>(len)'
leveldb,../repos/leveldb/db/log_test.cc,"(115, 26)-(115, 43)","b""static_cast<char>('a' + i)"""
leveldb,../repos/leveldb/db/c.cc,"(163, 7)-(163, 30)",b'reinterpret_cast<char*>(std::malloc(sizeof(ch...'
leveldb,../repos/leveldb/db/c.cc,"(430, 26)-(430, 54)",b'static_cast<CompressionType>(t)'
leveldb,../repos/leveldb/db/c.cc,"(553, 18)-(553, 36)",b'static_cast<char*>(std::malloc(result.size() + 1))'
leveldb,../repos/leveldb/db/autocompact_test.cc,"(61, 17)-(61, 42)",b'reinterpret_cast<DBImpl*>(db_)'
leveldb,../repos/leveldb/db/version_set.cc,"(212, 23)-(212, 52)",b'reinterpret_cast<TableCache*>(arg)'
leveldb,../repos/leveldb/db/version_set.cc,"(263, 14)-(263, 38)",b'reinterpret_cast<Saver*>(arg)'
leveldb,../repos/leveldb/db/version_set.cc,"(342, 22)-(342, 46)",b'reinterpret_cast<State*>(arg)'
leveldb,../repos/leveldb/db/version_set.cc,"(426, 22)-(426, 46)",b'reinterpret_cast<State*>(arg)'
leveldb,../repos/leveldb/db/version_set.cc,"(477, 44)-(477, 66)",b'static_cast<ValueType>(0)'
leveldb,../repos/leveldb/db/version_set.cc,"(663, 26)-(663, 42)",b'static_cast<int>((f->file_size / 16384U))'
leveldb,../repos/leveldb/db/version_set.cc,"(1051, 15)-(1051, 34)",b'static_cast<double>(config::kL0_CompactionTrigger)'
leveldb,../repos/leveldb/db/version_set.cc,"(1056, 11)-(1056, 30)",b'static_cast<double>(level_bytes)'
leveldb,../repos/leveldb/db/dbformat.cc,"(29, 9)-(29, 25)",b'static_cast<int>(type)'
leveldb,../repos/leveldb/db/dbformat.cc,"(105, 17)-(105, 35)",b'const_cast<Slice*>(keys)'
leveldb,../repos/leveldb/helpers/memenv/memenv_test.cc,"(166, 26)-(166, 43)",b'static_cast<char>(i)'
leveldb,../repos/leveldb/helpers/memenv/memenv_test.cc,"(247, 17)-(247, 42)",b'reinterpret_cast<DBImpl*>(db)'
leveldb,../repos/leveldb/helpers/memenv/memenv.cc,"(78, 11)-(78, 30)",b'static_cast<size_t>(available)'
leveldb,../repos/leveldb/helpers/memenv/memenv.cc,"(86, 20)-(86, 39)",b'static_cast<size_t>(offset / kBlockSize)'
leveldb,../repos/leveldb/table/block.cc,"(59, 13)-(59, 45)",b'reinterpret_cast<const uint8_t*>(p)'
leveldb,../repos/leveldb/table/block.cc,"(60, 17)-(60, 49)",b'reinterpret_cast<const uint8_t*>(p)'
leveldb,../repos/leveldb/table/block.cc,"(61, 19)-(61, 51)",b'reinterpret_cast<const uint8_t*>(p)'
leveldb,../repos/leveldb/table/block.cc,"(71, 7)-(71, 28)",b'static_cast<uint32_t>(limit - p)'
leveldb,../repos/leveldb/table/filter_block.cc,"(70, 40)-(70, 56)",b'static_cast<int>(num_keys)'
leveldb,../repos/leveldb/table/filter_block.cc,"(95, 36)-(95, 55)",b'static_cast<size_t>(offset_ - data_)'
leveldb,../repos/leveldb/table/format.cc,"(18, 22)-(18, 43)",b'static_cast<uint64_t>(0)'
leveldb,../repos/leveldb/table/format.cc,"(19, 20)-(19, 41)",b'static_cast<uint64_t>(0)'
leveldb,../repos/leveldb/table/format.cc,"(37, 19)-(37, 40)",b'static_cast<uint32_t>(kTableMagicNumber & 0xf...'
leveldb,../repos/leveldb/table/format.cc,"(38, 19)-(38, 40)",b'static_cast<uint32_t>(kTableMagicNumber >> 32)'
leveldb,../repos/leveldb/table/format.cc,"(51, 28)-(51, 49)",b'static_cast<uint64_t>(magic_hi)'
leveldb,../repos/leveldb/table/format.cc,"(52, 28)-(52, 49)",b'static_cast<uint64_t>(magic_lo)'
leveldb,../repos/leveldb/table/format.cc,"(77, 14)-(77, 33)",b'static_cast<size_t>(handle.size())'
leveldb,../repos/leveldb/table/table.cc,"(137, 10)-(137, 34)",b'reinterpret_cast<Block*>(arg)'
leveldb,../repos/leveldb/table/table.cc,"(141, 18)-(141, 42)",b'reinterpret_cast<Block*>(value)'
leveldb,../repos/leveldb/table/table.cc,"(146, 18)-(146, 42)",b'reinterpret_cast<Cache*>(arg)'
leveldb,../repos/leveldb/table/table.cc,"(147, 27)-(147, 59)",b'reinterpret_cast<Cache::Handle*>(h)'
leveldb,../repos/leveldb/table/table.cc,"(155, 18)-(155, 42)",b'reinterpret_cast<Table*>(arg)'
leveldb,../repos/leveldb/table/table.cc,"(175, 17)-(175, 41)",b'reinterpret_cast<Block*>(block_cache->Value(c...'
leveldb,../repos/leveldb/table/table.cc,"(211, 28)-(211, 46)",b'const_cast<Table*>(this)'
leveldb,../repos/leveldb/table/format.h,"(95, 16)-(95, 37)",b'static_cast<uint64_t>(0)'
leveldb,../repos/leveldb/table/format.h,"(95, 50)-(95, 71)",b'static_cast<uint64_t>(0)'
