Repo name,File name,Location,Content
leveldb,../repos/leveldb/util/env_posix_test_helper.h,"(15, 3)-(15, 29)",b'friend class EnvPosixTest;'
leveldb,../repos/leveldb/util/env_windows_test_helper.h,"(15, 3)-(15, 31)",b'friend class CorruptionTest;'
leveldb,../repos/leveldb/util/env_windows_test_helper.h,"(16, 3)-(16, 31)",b'friend class EnvWindowsTest;'
leveldb,../repos/leveldb/db/snapshot.h,"(25, 3)-(25, 29)",b'friend class SnapshotList;'
leveldb,../repos/leveldb/db/db_impl.h,"(75, 3)-(75, 19)",b'friend class DB;'
leveldb,../repos/leveldb/db/memtable.h,"(66, 3)-(66, 33)",b'friend class MemTableIterator;'
leveldb,../repos/leveldb/db/memtable.h,"(67, 3)-(67, 41)",b'friend class MemTableBackwardIterator;'
leveldb,../repos/leveldb/db/version_set.h,"(118, 3)-(118, 27)",b'friend class Compaction;'
leveldb,../repos/leveldb/db/version_set.h,"(119, 3)-(119, 27)",b'friend class VersionSet;'
leveldb,../repos/leveldb/db/version_set.h,"(275, 3)-(275, 27)",b'friend class Compaction;'
leveldb,../repos/leveldb/db/version_set.h,"(276, 3)-(276, 24)",b'friend class Version;'
leveldb,../repos/leveldb/db/version_set.h,"(361, 3)-(361, 24)",b'friend class Version;'
leveldb,../repos/leveldb/db/version_set.h,"(362, 3)-(362, 27)",b'friend class VersionSet;'
leveldb,../repos/leveldb/db/version_edit.h,"(84, 3)-(84, 27)",b'friend class VersionSet;'
