Repo name,File name,Location,Content
leveldb,../repos/leveldb/util/mutexlock.h,"(26, 5)-(26, 9)",b'this'
leveldb,../repos/leveldb/util/mutexlock.h,"(28, 36)-(28, 40)",b'this'
leveldb,../repos/leveldb/util/cache_test.cc,"(39, 62)-(39, 66)",b'this'
leveldb,../repos/leveldb/util/env_windows.cc,"(81, 9)-(81, 13)",b'this'
leveldb,../repos/leveldb/util/env_windows.cc,"(82, 13)-(82, 17)",b'this'
leveldb,../repos/leveldb/util/cache.cc,"(59, 20)-(59, 24)",b'this'
leveldb,../repos/leveldb/include/leveldb/status.h,"(113, 11)-(113, 15)",b'this'
leveldb,../repos/leveldb/include/leveldb/status.h,"(117, 11)-(117, 15)",b'this'
leveldb,../repos/leveldb/benchmarks/db_bench.cc,"(716, 19)-(716, 23)",b'this'
leveldb,../repos/leveldb/db/snapshot.h,"(63, 23)-(63, 27)",b'this'
leveldb,../repos/leveldb/db/snapshot.h,"(81, 31)-(81, 35)",b'this'
leveldb,../repos/leveldb/db/db_impl.h,"(94, 7)-(94, 11)",b'this'
leveldb,../repos/leveldb/db/db_impl.h,"(95, 7)-(95, 11)",b'this'
leveldb,../repos/leveldb/db/db_impl.h,"(96, 7)-(96, 11)",b'this'
leveldb,../repos/leveldb/db/memtable.h,"(37, 14)-(37, 18)",b'this'
leveldb,../repos/leveldb/db/db_impl.cc,"(395, 12)-(395, 16)",b'this'
leveldb,../repos/leveldb/db/db_impl.cc,"(397, 11)-(397, 15)",b'this'
leveldb,../repos/leveldb/db/db_impl.cc,"(397, 38)-(397, 42)",b'this'
leveldb,../repos/leveldb/db/db_impl.cc,"(397, 59)-(397, 63)",b'this'
leveldb,../repos/leveldb/db/db_impl.cc,"(675, 37)-(675, 41)",b'this'
leveldb,../repos/leveldb/db/db_impl.cc,"(1166, 24)-(1166, 28)",b'this'
leveldb,../repos/leveldb/db/write_batch.cc,"(75, 42)-(75, 46)",b'this'
leveldb,../repos/leveldb/db/write_batch.cc,"(99, 32)-(99, 36)",b'this'
leveldb,../repos/leveldb/db/write_batch.cc,"(99, 64)-(99, 68)",b'this'
leveldb,../repos/leveldb/db/write_batch.cc,"(106, 32)-(106, 36)",b'this'
leveldb,../repos/leveldb/db/write_batch.cc,"(106, 64)-(106, 68)",b'this'
leveldb,../repos/leveldb/db/write_batch.cc,"(112, 30)-(112, 34)",b'this'
leveldb,../repos/leveldb/db/db_test.cc,"(227, 27)-(227, 31)",b'this'
leveldb,../repos/leveldb/db/db_test.cc,"(229, 31)-(229, 35)",b'this'
leveldb,../repos/leveldb/db/db_test.cc,"(2076, 15)-(2076, 19)",b'this'
leveldb,../repos/leveldb/db/version_set.h,"(125, 15)-(125, 19)",b'this'
leveldb,../repos/leveldb/db/version_set.h,"(126, 15)-(126, 19)",b'this'
leveldb,../repos/leveldb/db/fault_injection_test.cc,"(237, 65)-(237, 69)",b'this'
leveldb,../repos/leveldb/db/fault_injection_test.cc,"(263, 65)-(263, 69)",b'this'
leveldb,../repos/leveldb/db/version_set.cc,"(456, 10)-(456, 14)",b'this'
leveldb,../repos/leveldb/db/version_set.cc,"(460, 12)-(460, 16)",b'this'
leveldb,../repos/leveldb/db/version_set.cc,"(748, 23)-(748, 27)",b'this'
leveldb,../repos/leveldb/db/version_set.cc,"(750, 29)-(750, 33)",b'this'
leveldb,../repos/leveldb/db/version_set.cc,"(792, 28)-(792, 32)",b'this'
leveldb,../repos/leveldb/db/version_set.cc,"(794, 21)-(794, 25)",b'this'
leveldb,../repos/leveldb/db/version_set.cc,"(865, 11)-(865, 15)",b'this'
leveldb,../repos/leveldb/db/version_set.cc,"(865, 32)-(865, 36)",b'this'
leveldb,../repos/leveldb/db/version_set.cc,"(899, 19)-(899, 23)",b'this'
leveldb,../repos/leveldb/db/version_set.cc,"(968, 30)-(968, 34)",b'this'
leveldb,../repos/leveldb/db/dbformat.cc,"(78, 12)-(78, 16)",b'this'
leveldb,../repos/leveldb/db/dbformat.cc,"(79, 12)-(79, 16)",b'this'
leveldb,../repos/leveldb/db/dbformat.cc,"(94, 12)-(94, 16)",b'this'
leveldb,../repos/leveldb/helpers/memenv/memenv.cc,"(53, 14)-(53, 18)",b'this'
leveldb,../repos/leveldb/table/table.cc,"(211, 47)-(211, 51)",b'this'
leveldb,../repos/leveldb/table/table.cc,"(228, 42)-(228, 46)",b'this'
