Repo name,File name,Location,Content
leveldb,../repos/leveldb/util/cache_test.cc,"(7, 10)-(7, 18)",b'#include <vector>\n'
leveldb,../repos/leveldb/util/env_windows.cc,"(22, 10)-(22, 17)",b'#include <queue>\n'
leveldb,../repos/leveldb/util/env_windows.cc,"(25, 10)-(25, 18)",b'#include <vector>\n'
leveldb,../repos/leveldb/util/coding_test.cc,"(7, 10)-(7, 18)",b'#include <vector>\n'
leveldb,../repos/leveldb/util/env_posix.cc,"(24, 10)-(24, 17)",b'#include <queue>\n'
leveldb,../repos/leveldb/util/env_posix.cc,"(25, 10)-(25, 15)",b'#include <set>\n'
leveldb,../repos/leveldb/util/arena.h,"(12, 10)-(12, 18)",b'#include <vector>\n'
leveldb,../repos/leveldb/util/env_posix_test.cc,"(13, 10)-(13, 25)",b'#include <unordered_set>\n'
leveldb,../repos/leveldb/util/env_posix_test.cc,"(14, 10)-(14, 18)",b'#include <vector>\n'
leveldb,../repos/leveldb/include/leveldb/env.h,"(19, 10)-(19, 18)",b'#include <vector>\n'
leveldb,../repos/leveldb/db/skiplist_test.cc,"(8, 10)-(8, 15)",b'#include <set>\n'
leveldb,../repos/leveldb/db/db_impl.h,"(9, 10)-(9, 17)",b'#include <deque>\n'
leveldb,../repos/leveldb/db/db_impl.h,"(10, 10)-(10, 15)",b'#include <set>\n'
leveldb,../repos/leveldb/db/db_impl.cc,"(11, 10)-(11, 15)",b'#include <set>\n'
leveldb,../repos/leveldb/db/db_impl.cc,"(13, 10)-(13, 18)",b'#include <vector>\n'
leveldb,../repos/leveldb/db/version_set.h,"(18, 10)-(18, 15)",b'#include <map>\n'
leveldb,../repos/leveldb/db/version_set.h,"(19, 10)-(19, 15)",b'#include <set>\n'
leveldb,../repos/leveldb/db/version_set.h,"(20, 10)-(20, 18)",b'#include <vector>\n'
leveldb,../repos/leveldb/db/fault_injection_test.cc,"(9, 10)-(9, 15)",b'#include <map>\n'
leveldb,../repos/leveldb/db/fault_injection_test.cc,"(10, 10)-(10, 15)",b'#include <set>\n'
leveldb,../repos/leveldb/db/version_edit.h,"(8, 10)-(8, 15)",b'#include <set>\n'
leveldb,../repos/leveldb/db/version_edit.h,"(10, 10)-(10, 18)",b'#include <vector>\n'
leveldb,../repos/leveldb/helpers/memenv/memenv_test.cc,"(8, 10)-(8, 18)",b'#include <vector>\n'
leveldb,../repos/leveldb/helpers/memenv/memenv.cc,"(9, 10)-(9, 15)",b'#include <map>\n'
leveldb,../repos/leveldb/helpers/memenv/memenv.cc,"(11, 10)-(11, 18)",b'#include <vector>\n'
leveldb,../repos/leveldb/table/block.cc,"(11, 10)-(11, 18)",b'#include <vector>\n'
leveldb,../repos/leveldb/table/block_builder.h,"(9, 10)-(9, 18)",b'#include <vector>\n'
leveldb,../repos/leveldb/table/table_test.cc,"(7, 10)-(7, 15)",b'#include <map>\n'
leveldb,../repos/leveldb/table/filter_block.h,"(15, 10)-(15, 18)",b'#include <vector>\n'
leveldb,../repos/leveldb/issues/issue320_test.cc,"(10, 10)-(10, 18)",b'#include <vector>\n'
