Repo name,File name,Location,Content
leveldb,../repos/leveldb/util/crc32c.cc,"(295, 89)-(295, 91)",b'do {                                         ...'
leveldb,../repos/leveldb/util/crc32c.cc,"(295, 147)-(295, 149)",b'do {                                         ...'
leveldb,../repos/leveldb/util/crc32c.cc,"(295, 203)-(295, 205)",b'do {                                         ...'
leveldb,../repos/leveldb/util/crc32c.cc,"(295, 284)-(295, 286)",b'do {                                         ...'
leveldb,../repos/leveldb/util/crc32c.cc,"(295, 364)-(295, 366)",b'do {                                         ...'
