Repo name,File name,Location,Content
leveldb,../repos/leveldb/util/crc32c.cc,"(256, 1)-(261, 2)",b'template <int N>\nconstexpr inline const uint8...'
leveldb,../repos/leveldb/util/env_windows.cc,"(763, 1)-(795, 3)",b'template <typename EnvType>\nclass SingletonEn...'
leveldb,../repos/leveldb/util/env_windows.cc,"(798, 1)-(799, 59)",b'template <typename EnvType>\nstd::atomic<bool>...'
leveldb,../repos/leveldb/util/env_posix.cc,"(868, 1)-(900, 3)",b'template <typename EnvType>\nclass SingletonEn...'
leveldb,../repos/leveldb/util/env_posix.cc,"(903, 1)-(904, 59)",b'template <typename EnvType>\nstd::atomic<bool>...'
leveldb,../repos/leveldb/util/no_destructor.h,"(16, 1)-(42, 3)",b'template <typename InstanceType>\nclass NoDest...'
leveldb,../repos/leveldb/util/no_destructor.h,"(19, 3)-(28, 4)",b'template <typename... ConstructorArgTypes>\n  ...'
leveldb,../repos/leveldb/db/db_impl.cc,"(89, 1)-(93, 2)","b'template <class T, class V>\nstatic void ClipT...'"
leveldb,../repos/leveldb/db/skiplist.h,"(39, 1)-(140, 3)","b'template <typename Key, class Comparator>\ncla...'"
leveldb,../repos/leveldb/db/skiplist.h,"(143, 1)-(177, 3)","b'template <typename Key, class Comparator>\nstr...'"
leveldb,../repos/leveldb/db/skiplist.h,"(179, 1)-(185, 2)","b'template <typename Key, class Comparator>\ntyp...'"
leveldb,../repos/leveldb/db/skiplist.h,"(187, 1)-(191, 2)","b'template <typename Key, class Comparator>\ninl...'"
leveldb,../repos/leveldb/db/skiplist.h,"(193, 1)-(196, 2)","b'template <typename Key, class Comparator>\ninl...'"
leveldb,../repos/leveldb/db/skiplist.h,"(198, 1)-(202, 2)","b'template <typename Key, class Comparator>\ninl...'"
leveldb,../repos/leveldb/db/skiplist.h,"(204, 1)-(208, 2)","b'template <typename Key, class Comparator>\ninl...'"
leveldb,../repos/leveldb/db/skiplist.h,"(210, 1)-(219, 2)","b'template <typename Key, class Comparator>\ninl...'"
leveldb,../repos/leveldb/db/skiplist.h,"(221, 1)-(224, 2)","b'template <typename Key, class Comparator>\ninl...'"
leveldb,../repos/leveldb/db/skiplist.h,"(226, 1)-(229, 2)","b'template <typename Key, class Comparator>\ninl...'"
leveldb,../repos/leveldb/db/skiplist.h,"(231, 1)-(237, 2)","b'template <typename Key, class Comparator>\ninl...'"
leveldb,../repos/leveldb/db/skiplist.h,"(239, 1)-(250, 2)","b'template <typename Key, class Comparator>\nint...'"
leveldb,../repos/leveldb/db/skiplist.h,"(252, 1)-(256, 2)","b'template <typename Key, class Comparator>\nboo...'"
leveldb,../repos/leveldb/db/skiplist.h,"(258, 1)-(279, 2)","b'template <typename Key, class Comparator>\ntyp...'"
leveldb,../repos/leveldb/db/skiplist.h,"(281, 1)-(300, 2)","b'template <typename Key, class Comparator>\ntyp...'"
leveldb,../repos/leveldb/db/skiplist.h,"(302, 1)-(320, 2)","b'template <typename Key, class Comparator>\ntyp...'"
leveldb,../repos/leveldb/db/skiplist.h,"(322, 1)-(332, 2)","b'template <typename Key, class Comparator>\nSki...'"
leveldb,../repos/leveldb/db/skiplist.h,"(334, 1)-(366, 2)","b'template <typename Key, class Comparator>\nvoi...'"
leveldb,../repos/leveldb/db/skiplist.h,"(368, 1)-(376, 2)","b'template <typename Key, class Comparator>\nboo...'"
