Repo name,File name,Location,Content
leveldb,../repos/leveldb/util/posix_logger.h,"(42, 5)-(42, 14)",b'constexpr const int kMaxThreadIdSize = 32;'
leveldb,../repos/leveldb/util/posix_logger.h,"(42, 15)-(42, 20)",b'constexpr const int kMaxThreadIdSize = 32;'
leveldb,../repos/leveldb/util/posix_logger.h,"(52, 5)-(52, 14)",b'constexpr const int kStackBufferSize = 512;'
leveldb,../repos/leveldb/util/posix_logger.h,"(52, 15)-(52, 20)",b'constexpr const int kStackBufferSize = 512;'
leveldb,../repos/leveldb/util/windows_logger.h,"(36, 5)-(36, 14)",b'constexpr const int kMaxThreadIdSize = 32;'
leveldb,../repos/leveldb/util/windows_logger.h,"(36, 15)-(36, 20)",b'constexpr const int kMaxThreadIdSize = 32;'
leveldb,../repos/leveldb/util/windows_logger.h,"(46, 5)-(46, 14)",b'constexpr const int kStackBufferSize = 512;'
leveldb,../repos/leveldb/util/windows_logger.h,"(46, 15)-(46, 20)",b'constexpr const int kStackBufferSize = 512;'
leveldb,../repos/leveldb/util/no_destructor_test.cc,"(27, 1)-(27, 10)",b'constexpr const uint32_t kGoldenA = 0xdeadbeef;'
leveldb,../repos/leveldb/util/no_destructor_test.cc,"(27, 11)-(27, 16)",b'constexpr const uint32_t kGoldenA = 0xdeadbeef;'
leveldb,../repos/leveldb/util/no_destructor_test.cc,"(28, 1)-(28, 10)",b'constexpr const uint64_t kGoldenB = 0xaabbccd...'
leveldb,../repos/leveldb/util/no_destructor_test.cc,"(28, 11)-(28, 16)",b'constexpr const uint64_t kGoldenB = 0xaabbccd...'
leveldb,../repos/leveldb/util/cache_test.cc,"(34, 10)-(34, 19)",b'static constexpr int kCacheSize = 1000;'
leveldb,../repos/leveldb/util/crc32c.cc,"(246, 8)-(246, 17)",b'static constexpr const uint32_t kCRC32Xor = s...'
leveldb,../repos/leveldb/util/crc32c.cc,"(246, 18)-(246, 23)",b'static constexpr const uint32_t kCRC32Xor = s...'
leveldb,../repos/leveldb/util/crc32c.cc,"(257, 1)-(257, 10)",b'constexpr inline const uint8_t* RoundUp(const...'
leveldb,../repos/leveldb/util/crc32c.cc,"(257, 18)-(257, 23)",b'constexpr inline const uint8_t* RoundUp(const...'
leveldb,../repos/leveldb/util/env_windows.cc,"(40, 1)-(40, 10)",b'constexpr const size_t kWritableFileBufferSiz...'
leveldb,../repos/leveldb/util/env_windows.cc,"(40, 11)-(40, 16)",b'constexpr const size_t kWritableFileBufferSiz...'
leveldb,../repos/leveldb/util/env_windows.cc,"(43, 1)-(43, 10)",b'constexpr int kDefaultMmapLimit = (sizeof(voi...'
leveldb,../repos/leveldb/util/logging.cc,"(51, 3)-(51, 12)",b'constexpr const uint64_t kMaxUint64 = std::nu...'
leveldb,../repos/leveldb/util/logging.cc,"(51, 13)-(51, 18)",b'constexpr const uint64_t kMaxUint64 = std::nu...'
leveldb,../repos/leveldb/util/logging.cc,"(52, 3)-(52, 12)",b'constexpr const char kLastDigitOfMaxUint64 =\n...'
leveldb,../repos/leveldb/util/logging.cc,"(52, 13)-(52, 18)",b'constexpr const char kLastDigitOfMaxUint64 =\n...'
leveldb,../repos/leveldb/util/env_posix.cc,"(47, 1)-(47, 10)",b'constexpr const int kDefaultMmapLimit = (size...'
leveldb,../repos/leveldb/util/env_posix.cc,"(47, 11)-(47, 16)",b'constexpr const int kDefaultMmapLimit = (size...'
leveldb,../repos/leveldb/util/env_posix.cc,"(54, 1)-(54, 10)",b'constexpr const int kOpenBaseFlags = O_CLOEXEC;'
leveldb,../repos/leveldb/util/env_posix.cc,"(54, 11)-(54, 16)",b'constexpr const int kOpenBaseFlags = O_CLOEXEC;'
leveldb,../repos/leveldb/util/env_posix.cc,"(56, 1)-(56, 10)",b'constexpr const int kOpenBaseFlags = 0;'
leveldb,../repos/leveldb/util/env_posix.cc,"(56, 11)-(56, 16)",b'constexpr const int kOpenBaseFlags = 0;'
leveldb,../repos/leveldb/util/env_posix.cc,"(59, 1)-(59, 10)",b'constexpr const size_t kWritableFileBufferSiz...'
leveldb,../repos/leveldb/util/env_posix.cc,"(59, 11)-(59, 16)",b'constexpr const size_t kWritableFileBufferSiz...'
leveldb,../repos/leveldb/util/env_posix.cc,"(737, 12)-(737, 21)",b'static constexpr uint64_t kUsecondsPerSecond ...'
leveldb,../repos/leveldb/util/env_posix_test.cc,"(28, 1)-(28, 10)",b'constexpr int kTextCloseOnExecHelperExecFaile...'
leveldb,../repos/leveldb/util/env_posix_test.cc,"(29, 1)-(29, 10)",b'constexpr int kTextCloseOnExecHelperDup2Faile...'
leveldb,../repos/leveldb/util/env_posix_test.cc,"(30, 1)-(30, 10)",b'constexpr int kTextCloseOnExecHelperFoundOpen...'
leveldb,../repos/leveldb/util/env_posix_test.cc,"(147, 3)-(147, 12)",b'constexpr int kForkInChildProcessReturnValue = 0;'
leveldb,../repos/leveldb/db/skiplist_test.cc,"(154, 10)-(154, 19)",b'static constexpr uint32_t K = 4;'
leveldb,../repos/leveldb/db/skiplist_test.cc,"(285, 1)-(285, 10)",b'constexpr uint32_t ConcurrentTest::K;'
