Repo name,File name,Location,Content
leveldb,../repos/leveldb/include/leveldb/c.h,"(55, 1)-(55, 36)",b'typedef struct leveldb_t leveldb_t;'
leveldb,../repos/leveldb/include/leveldb/c.h,"(56, 1)-(56, 48)",b'typedef struct leveldb_cache_t leveldb_cache_t;'
leveldb,../repos/leveldb/include/leveldb/c.h,"(57, 1)-(57, 58)",b'typedef struct leveldb_comparator_t leveldb_c...'
leveldb,../repos/leveldb/include/leveldb/c.h,"(58, 1)-(58, 44)",b'typedef struct leveldb_env_t leveldb_env_t;'
leveldb,../repos/leveldb/include/leveldb/c.h,"(59, 1)-(59, 54)",b'typedef struct leveldb_filelock_t leveldb_fil...'
leveldb,../repos/leveldb/include/leveldb/c.h,"(60, 1)-(60, 62)",b'typedef struct leveldb_filterpolicy_t leveldb...'
leveldb,../repos/leveldb/include/leveldb/c.h,"(61, 1)-(61, 54)",b'typedef struct leveldb_iterator_t leveldb_ite...'
leveldb,../repos/leveldb/include/leveldb/c.h,"(62, 1)-(62, 50)",b'typedef struct leveldb_logger_t leveldb_logger_t;'
leveldb,../repos/leveldb/include/leveldb/c.h,"(63, 1)-(63, 52)",b'typedef struct leveldb_options_t leveldb_opti...'
leveldb,../repos/leveldb/include/leveldb/c.h,"(64, 1)-(64, 58)",b'typedef struct leveldb_randomfile_t leveldb_r...'
leveldb,../repos/leveldb/include/leveldb/c.h,"(65, 1)-(65, 60)",b'typedef struct leveldb_readoptions_t leveldb_...'
leveldb,../repos/leveldb/include/leveldb/c.h,"(66, 1)-(66, 52)",b'typedef struct leveldb_seqfile_t leveldb_seqf...'
leveldb,../repos/leveldb/include/leveldb/c.h,"(67, 1)-(67, 54)",b'typedef struct leveldb_snapshot_t leveldb_sna...'
leveldb,../repos/leveldb/include/leveldb/c.h,"(68, 1)-(68, 62)",b'typedef struct leveldb_writablefile_t leveldb...'
leveldb,../repos/leveldb/include/leveldb/c.h,"(69, 1)-(69, 58)",b'typedef struct leveldb_writebatch_t leveldb_w...'
leveldb,../repos/leveldb/include/leveldb/c.h,"(70, 1)-(70, 62)",b'typedef struct leveldb_writeoptions_t leveldb...'
leveldb,../repos/leveldb/db/skiplist_test.cc,"(21, 1)-(21, 22)",b'typedef uint64_t Key;'
leveldb,../repos/leveldb/db/memtable.h,"(75, 3)-(75, 54)","b'typedef SkipList<const char*, KeyComparator> ...'"
leveldb,../repos/leveldb/db/db_test.cc,"(2105, 1)-(2105, 50)","b'typedef std::map<std::string, std::string> KVMap;'"
leveldb,../repos/leveldb/db/dbformat.h,"(63, 1)-(63, 33)",b'typedef uint64_t SequenceNumber;'
leveldb,../repos/leveldb/db/version_edit.h,"(86, 3)-(86, 61)","b'typedef std::set<std::pair<int, uint64_t>> De...'"
leveldb,../repos/leveldb/db/version_set.cc,"(586, 3)-(586, 58)","b'typedef std::set<FileMetaData*, BySmallestKey...'"
leveldb,../repos/leveldb/helpers/memenv/memenv.cc,"(380, 3)-(380, 56)","b'typedef std::map<std::string, FileState*> Fil...'"
leveldb,../repos/leveldb/table/table_test.cc,"(136, 1)-(136, 63)","b'typedef std::map<std::string, std::string, ST...'"
leveldb,../repos/leveldb/table/two_level_iterator.cc,"(16, 1)-(16, 77)","b'typedef Iterator* (*BlockFunction)(void*, con...'"
