Repo name,File name,Location,Content
reactos,../repos/reactos/base/services/tcpsvcs/tcpsvcs.h,"(38, 8)-(38, 16)",b'extern volatile BOOL bShutdown;'
reactos,../repos/reactos/base/services/tcpsvcs/tcpsvcs.h,"(39, 8)-(39, 16)",b'extern volatile BOOL bPause;'
reactos,../repos/reactos/base/services/tcpsvcs/tcpsvcs.c,"(16, 1)-(16, 9)",b'volatile BOOL bShutdown = FALSE;'
reactos,../repos/reactos/base/services/tcpsvcs/tcpsvcs.c,"(17, 1)-(17, 9)",b'volatile BOOL bPause = FALSE;'
reactos,../repos/reactos/base/shell/explorer/tbsite.cpp,"(37, 5)-(37, 13)",b'volatile LONG m_RefCount;'
reactos,../repos/reactos/base/system/smss/smloop.c,"(33, 1)-(33, 9)",b'volatile LONG SmTotalApiThreads;'
reactos,../repos/reactos/base/system/winlogon/shutdown.c,"(330, 39)-(330, 47)",b'volatile char*'
reactos,../repos/reactos/base/system/winlogon/shutdown.c,"(350, 39)-(350, 47)",b'volatile char*'
reactos,../repos/reactos/dll/opengl/opengl32/opengl32.h,"(74, 5)-(74, 13)",b'volatile LONG lock;'
reactos,../repos/reactos/dll/opengl/opengl32/opengl32.h,"(81, 5)-(81, 13)",b'volatile LONG thread_id;'
reactos,../repos/reactos/dll/opengl/mesa/vbxform.c,"(658, 16)-(658, 24)",b'volatile GLfloat cx = m0 * ex                ...'
reactos,../repos/reactos/dll/opengl/mesa/vbxform.c,"(659, 16)-(659, 24)",b'volatile GLfloat cy =           m5 * ey      ...'
reactos,../repos/reactos/dll/opengl/mesa/vbxform.c,"(660, 16)-(660, 24)",b'volatile GLfloat cz =                     m10...'
reactos,../repos/reactos/dll/opengl/mesa/vbxform.c,"(661, 16)-(661, 24)",b'volatile GLfloat cw =                        ...'
reactos,../repos/reactos/dll/opengl/mesa/vbxform.c,"(690, 16)-(690, 24)",b'volatile GLfloat cx = m0 * ex           + m8 ...'
reactos,../repos/reactos/dll/opengl/mesa/vbxform.c,"(691, 16)-(691, 24)",b'volatile GLfloat cy =           m5 * ey + m9 ...'
reactos,../repos/reactos/dll/opengl/mesa/vbxform.c,"(692, 16)-(692, 24)",b'volatile GLfloat cz =                     m10...'
reactos,../repos/reactos/dll/opengl/mesa/vbxform.c,"(693, 16)-(693, 24)",b'volatile GLfloat cw =                        ...'
reactos,../repos/reactos/dll/directx/ksproxy/output_pin.cpp,"(1080, 34)-(1080, 42)",b'volatile LONG*'
reactos,../repos/reactos/dll/directx/ksproxy/output_pin.cpp,"(1087, 34)-(1087, 42)",b'volatile LONG*'
reactos,../repos/reactos/dll/directx/ksproxy/input_pin.cpp,"(880, 34)-(880, 42)",b'volatile LONG*'
reactos,../repos/reactos/dll/directx/ksproxy/input_pin.cpp,"(887, 34)-(887, 42)",b'volatile LONG*'
reactos,../repos/reactos/dll/directx/wine/wined3d/cs.c,"(2583, 14)-(2583, 22)",b'volatile LONG *'
reactos,../repos/reactos/dll/directx/wine/wined3d/cs.c,"(2660, 23)-(2660, 31)",b'volatile LONG *'
reactos,../repos/reactos/dll/directx/wine/wined3d/cs.c,"(2712, 42)-(2712, 50)",b'volatile LONG *'
reactos,../repos/reactos/dll/directx/dsound_new/capturebuffer.c,"(39, 5)-(39, 13)",b'volatile LONG StopMixerThread;'
reactos,../repos/reactos/dll/directx/dsound_new/capturebuffer.c,"(40, 5)-(40, 13)",b'volatile LONG CurrentMixPosition;'
reactos,../repos/reactos/dll/ntdll/rtl/libsupp.c,"(1060, 29)-(1060, 37)",b'volatile ULONG64*'
reactos,../repos/reactos/hal/halarm/generic/timer.c,"(90, 35)-(90, 43)",b'IN volatile PLONG'
reactos,../repos/reactos/hal/halx86/generic/bios.c,"(253, 5)-(253, 13)",b'volatile KTRAP_FRAME V86TrapFrame;'
reactos,../repos/reactos/hal/halx86/generic/timer.c,"(212, 35)-(212, 43)",b'IN volatile PLONG'
reactos,../repos/reactos/hal/halx86/apic/tsc.c,"(172, 8)-(172, 16)",b'IN volatile PLONG'
reactos,../repos/reactos/ntoskrnl/cc/cacheman.c,"(229, 24)-(229, 32)",b'volatile long *'
reactos,../repos/reactos/ntoskrnl/cc/cacheman.c,"(251, 25)-(251, 33)",b'volatile long *'
reactos,../repos/reactos/ntoskrnl/cc/copy.c,"(278, 25)-(278, 33)",b'volatile long *'
reactos,../repos/reactos/ntoskrnl/kd/kdio.c,"(31, 8)-(31, 16)",b'static volatile ULONG KdpCurrentPosition = 0;'
reactos,../repos/reactos/ntoskrnl/kd/kdio.c,"(32, 8)-(32, 16)",b'static volatile ULONG KdpFreeBytes = 0;'
reactos,../repos/reactos/ntoskrnl/vdm/vdmmain.c,"(95, 5)-(95, 13)",b'volatile PVOID NullAddress = NULL;'
reactos,../repos/reactos/ntoskrnl/se/audit.c,"(1640, 5)-(1640, 13)",b'volatile PPRIVILEGE_SET CapturedPrivilegeSet;'
reactos,../repos/reactos/ntoskrnl/se/audit.c,"(1892, 5)-(1892, 13)",b'volatile PPRIVILEGE_SET CapturedPrivileges = NULL;'
reactos,../repos/reactos/ntoskrnl/cache/cachesub.c,"(65, 9)-(65, 17)",b'volatile char *chptr;'
reactos,../repos/reactos/ntoskrnl/include/internal/cc.h,"(224, 5)-(224, 13)",b'volatile ULONG ReferenceCount;'
reactos,../repos/reactos/ntoskrnl/include/internal/spinlock.h,"(47, 18)-(47, 26)",b'volatile KSPIN_LOCK *'
reactos,../repos/reactos/ntoskrnl/include/internal/ke.h,"(373, 8)-(373, 16)",b'IN volatile PULONG ReverseStall'
reactos,../repos/reactos/ntoskrnl/include/internal/ob.h,"(643, 8)-(643, 16)",b'extern volatile PVOID ObpReaperList;'
reactos,../repos/reactos/ntoskrnl/include/internal/io.h,"(504, 5)-(504, 13)",b'volatile LONG ReserveIrpInUse;'
reactos,../repos/reactos/ntoskrnl/include/internal/amd64/ke.h,"(349, 8)-(349, 16)",b'volatile ULONG*'
reactos,../repos/reactos/ntoskrnl/include/internal/amd64/ke.h,"(452, 20)-(452, 28)",b'extern NTKERNELAPI volatile KSYSTEM_TIME KeTi...'
reactos,../repos/reactos/ntoskrnl/lpc/create.c,"(73, 28)-(73, 36)",b'volatile OBJECT_ATTRIBUTES*'
reactos,../repos/reactos/ntoskrnl/lpc/reply.c,"(212, 38)-(212, 46)",b'volatile PORT_MESSAGE*'
reactos,../repos/reactos/ntoskrnl/lpc/reply.c,"(395, 42)-(395, 50)",b'volatile PORT_MESSAGE*'
reactos,../repos/reactos/ntoskrnl/lpc/reply.c,"(401, 37)-(401, 45)",b'volatile LARGE_INTEGER*'
reactos,../repos/reactos/ntoskrnl/lpc/reply.c,"(797, 33)-(797, 41)",b'volatile PORT_MESSAGE*'
reactos,../repos/reactos/ntoskrnl/lpc/complete.c,"(81, 38)-(81, 46)",b'volatile PORT_MESSAGE*'
reactos,../repos/reactos/ntoskrnl/lpc/complete.c,"(93, 40)-(93, 48)",b'volatile PORT_VIEW*'
reactos,../repos/reactos/ntoskrnl/lpc/complete.c,"(109, 23)-(109, 31)",b'volatile REMOTE_PORT_VIEW*'
reactos,../repos/reactos/ntoskrnl/lpc/send.c,"(460, 36)-(460, 44)",b'volatile PORT_MESSAGE*'
reactos,../repos/reactos/ntoskrnl/lpc/send.c,"(725, 36)-(725, 44)",b'volatile PORT_MESSAGE*'
reactos,../repos/reactos/ntoskrnl/lpc/port.c,"(145, 27)-(145, 35)",b'volatile PORT_MESSAGE*'
reactos,../repos/reactos/ntoskrnl/lpc/port.c,"(146, 27)-(146, 35)",b'volatile PORT_MESSAGE*'
reactos,../repos/reactos/ntoskrnl/lpc/connect.c,"(123, 29)-(123, 37)",b'volatile SECURITY_QUALITY_OF_SERVICE*'
reactos,../repos/reactos/ntoskrnl/lpc/connect.c,"(132, 40)-(132, 48)",b'volatile PORT_VIEW*'
reactos,../repos/reactos/ntoskrnl/lpc/connect.c,"(148, 23)-(148, 31)",b'volatile REMOTE_PORT_VIEW*'
reactos,../repos/reactos/ntoskrnl/lpc/connect.c,"(162, 42)-(162, 50)",b'volatile ULONG*'
reactos,../repos/reactos/ntoskrnl/mm/ARM3/virtual.c,"(803, 5)-(803, 13)",b'volatile BOOLEAN FailedInProbe = FALSE;'
reactos,../repos/reactos/ntoskrnl/mm/ARM3/virtual.c,"(804, 5)-(804, 13)",b'volatile BOOLEAN PagesLocked = FALSE;'
reactos,../repos/reactos/ntoskrnl/mm/ARM3/virtual.c,"(806, 5)-(806, 13)",b'volatile PVOID MdlAddress = NULL;'
reactos,../repos/reactos/ntoskrnl/mm/ARM3/virtual.c,"(1027, 5)-(1027, 13)","b'volatile BOOLEAN FailedInProbe = FALSE, HaveP...'"
reactos,../repos/reactos/ntoskrnl/mm/ARM3/virtual.c,"(3424, 22)-(3424, 30)",b'volatile CHAR*'
reactos,../repos/reactos/ntoskrnl/mm/ARM3/session.c,"(27, 1)-(27, 9)",b'volatile LONG MiSessionLeaderExists;'
reactos,../repos/reactos/ntoskrnl/mm/ARM3/section.c,"(2735, 31)-(2735, 39)",b'volatile LONG*'
reactos,../repos/reactos/ntoskrnl/mm/ARM3/section.c,"(2784, 35)-(2784, 43)",b'volatile LONG*'
reactos,../repos/reactos/ntoskrnl/mm/ARM3/mdlsup.c,"(1036, 15)-(1036, 23)",b'volatile CHAR*'
reactos,../repos/reactos/ntoskrnl/ex/pushlock.c,"(339, 21)-(339, 29)",b'volatile LONG *'
reactos,../repos/reactos/ntoskrnl/ex/pushlock.c,"(603, 29)-(603, 37)",b'volatile LONG *'
reactos,../repos/reactos/ntoskrnl/ex/pushlock.c,"(770, 29)-(770, 37)",b'volatile LONG *'
reactos,../repos/reactos/ntoskrnl/ex/handle.c,"(757, 27)-(757, 35)",b'volatile ULONG*'
reactos,../repos/reactos/ntoskrnl/ex/handle.c,"(766, 22)-(766, 30)",b'volatile ULONG*'
reactos,../repos/reactos/ntoskrnl/ex/handle.c,"(897, 22)-(897, 30)",b'volatile LONG_PTR *'
reactos,../repos/reactos/ntoskrnl/ex/exintrin.c,"(59, 40)-(59, 48)",b'IN OUT LONG volatile'
reactos,../repos/reactos/ntoskrnl/ex/exintrin.c,"(74, 33)-(74, 41)",b'IN OUT LONG volatile'
reactos,../repos/reactos/ntoskrnl/ex/exintrin.c,"(88, 36)-(88, 44)",b'IN OUT LONG volatile'
reactos,../repos/reactos/ntoskrnl/ex/exintrin.c,"(180, 15)-(180, 23)",b'volatile CHAR*'
reactos,../repos/reactos/ntoskrnl/ex/exintrin.c,"(180, 42)-(180, 50)",b'volatile CHAR*'
reactos,../repos/reactos/ntoskrnl/ex/interlocked.c,"(473, 17)-(473, 25)",b'IN OUT LONG volatile'
reactos,../repos/reactos/ntoskrnl/ex/interlocked.c,"(530, 21)-(530, 29)",b'IN OUT LONGLONG volatile'
reactos,../repos/reactos/ntoskrnl/ex/interlocked.c,"(541, 21)-(541, 29)",b'IN OUT LONGLONG volatile'
reactos,../repos/reactos/ntoskrnl/io/iomgr/util.c,"(83, 5)-(83, 13)",b'volatile ULONG_PTR StackAddress;'
reactos,../repos/reactos/ntoskrnl/io/iomgr/iofunc.c,"(20, 1)-(20, 9)",b'volatile LONG IoPageReadIrpAllocationFailure = 0;'
reactos,../repos/reactos/ntoskrnl/io/iomgr/iofunc.c,"(21, 1)-(21, 9)",b'volatile LONG IoPageReadNonPagefileIrpAllocat...'
reactos,../repos/reactos/ntoskrnl/io/iomgr/iofunc.c,"(2014, 5)-(2014, 13)",b'volatile PVOID AuxBuffer = NULL;'
reactos,../repos/reactos/ntoskrnl/io/pnpmgr/plugplay.c,"(243, 5)-(243, 13)",b'volatile UNICODE_STRING Name;'
reactos,../repos/reactos/ntoskrnl/fsrtl/filtrctx.c,"(371, 5)-(371, 13)",b'volatile BOOLEAN IsMutexLocked = FALSE;'
reactos,../repos/reactos/ntoskrnl/ob/oblife.c,"(29, 1)-(29, 9)",b'volatile PVOID ObpReaperList;'
reactos,../repos/reactos/ntoskrnl/ke/i386/traphdlr.c,"(1794, 23)-(1794, 31)",b'volatile PVOID*'
reactos,../repos/reactos/ntoskrnl/ke/i386/traphdlr.c,"(1795, 37)-(1795, 45)",b'volatile ULONG_PTR*'
reactos,../repos/reactos/ntoskrnl/ke/i386/cpu.c,"(55, 1)-(55, 9)",b'volatile LONG KiTbFlushTimeStamp;'
reactos,../repos/reactos/ntoskrnl/ke/i386/kiinit.c,"(829, 18)-(829, 26)",b'volatile PKSPIN_LOCK*'
reactos,../repos/reactos/ntoskrnl/ke/clock.c,"(19, 1)-(19, 9)","b'volatile KSYSTEM_TIME KeTickCount = { 0, 0, 0 };'"
reactos,../repos/reactos/ntoskrnl/ke/time.c,"(25, 19)-(25, 27)",b'volatile KSYSTEM_TIME *SystemTime'
reactos,../repos/reactos/ntoskrnl/ke/spinlock.c,"(500, 14)-(500, 22)",b'volatile KSPIN_LOCK *'
reactos,../repos/reactos/ntoskrnl/ke/dpc.c,"(59, 26)-(59, 34)",b'volatile PULONG*'
reactos,../repos/reactos/ntoskrnl/ke/amd64/except.c,"(182, 5)-(182, 13)",b'volatile CHAR *Pointer;'
reactos,../repos/reactos/ntoskrnl/ke/amd64/cpu.c,"(33, 1)-(33, 9)",b'volatile LONG KiTbFlushTimeStamp;'
reactos,../repos/reactos/ntoskrnl/ke/amd64/kiinit.c,"(545, 19)-(545, 27)",b'volatile KSPIN_LOCK*'
reactos,../repos/reactos/ntoskrnl/ke/ipi.c,"(66, 34)-(66, 42)",b'IN volatile PULONG ReverseStall'
reactos,../repos/reactos/ntoskrnl/kdbg/kdb_cli.c,"(142, 8)-(142, 16)",b'static volatile ULONG KdpDmesgCurrentPosition = 0;'
reactos,../repos/reactos/ntoskrnl/kdbg/kdb_cli.c,"(143, 8)-(143, 16)",b'static volatile ULONG KdpDmesgFreeBytes = 0;'
reactos,../repos/reactos/ntoskrnl/kdbg/kdb_cli.c,"(144, 8)-(144, 16)",b'static volatile ULONG KdbDmesgTotalWritten = 0;'
reactos,../repos/reactos/ntoskrnl/kdbg/kdb_cli.c,"(145, 8)-(145, 16)",b'static volatile BOOLEAN KdbpIsInDmesgMode = FALSE;'
reactos,../repos/reactos/boot/armllb/hw/versatile/hwkmi.c,"(66, 5)-(66, 13)",b'volatile int i = 1000;'
reactos,../repos/reactos/boot/armllb/hw/omap3-zoom2/hwtwl40x.c,"(18, 5)-(18, 13)",b'volatile int i = 1000;'
reactos,../repos/reactos/boot/armllb/hw/omap3-zoom2/hwtwl40x.c,"(36, 5)-(36, 13)",b'volatile int i = 1000;'
reactos,../repos/reactos/boot/freeldr/freeldr/arch/i386/pc98/pc98hw.c,"(41, 14)-(41, 22)",b'register volatile unsigned int i;'
reactos,../repos/reactos/boot/freeldr/freeldr/arch/i386/pc/machpc.c,"(1454, 8)-(1454, 16)",b'extern volatile ULONG HwIrqCount;'
reactos,../repos/reactos/boot/freeldr/freeldr/arch/i386/pc/pchw.c,"(56, 14)-(56, 22)",b'register volatile unsigned int i;'
reactos,../repos/reactos/boot/freeldr/freeldr/arch/arm/debug.c,"(12, 1)-(12, 9)",b'volatile unsigned int * UART0DR = (unsigned i...'
