Repo name,File name,Location,Content
reactos,../repos/reactos/dll/shellext/shellbtrfs/main.cpp,"(317, 5)-(336, 6)","b'try {\n#ifndef __REACTOS__\n        inproc = L""...'"
reactos,../repos/reactos/dll/shellext/shellbtrfs/main.cpp,"(351, 5)-(389, 6)",b'try {\n        WCHAR* buf;\n        ULONG bufsi...'
reactos,../repos/reactos/dll/shellext/shellbtrfs/main.cpp,"(363, 9)-(383, 10)",b'try {\n            do {\n                ULONG ...'
reactos,../repos/reactos/dll/shellext/shellbtrfs/main.cpp,"(399, 5)-(409, 6)",b'try {\n#ifndef __REACTOS__\n        reg_delete_...'
reactos,../repos/reactos/dll/shellext/shellbtrfs/main.cpp,"(419, 5)-(430, 6)",b'try {\n#ifndef __REACTOS__\n        wstring pat...'
reactos,../repos/reactos/dll/shellext/shellbtrfs/main.cpp,"(449, 5)-(460, 6)",b'try {\n#ifndef __REACTOS__\n        wstring pat...'
reactos,../repos/reactos/dll/shellext/shellbtrfs/main.cpp,"(477, 5)-(488, 6)",b'try {\n#ifndef __REACTOS__\n        wstring pat...'
reactos,../repos/reactos/dll/shellext/shellbtrfs/main.cpp,"(501, 5)-(518, 6)",b'try {\n        register_clsid(CLSID_ShellBtrfs...'
reactos,../repos/reactos/dll/shellext/shellbtrfs/main.cpp,"(524, 5)-(539, 6)","b'try {\n        unreg_prop_sheet_handler(L""Fold...'"
reactos,../repos/reactos/dll/shellext/shellbtrfs/main.cpp,"(656, 5)-(665, 6)",b'try {\n        args.reserve(num_args);\n\n      ...'
reactos,../repos/reactos/dll/shellext/shellbtrfs/main.cpp,"(773, 5)-(778, 6)",b'try {\n        msg = utf16_to_utf8(buf);\n    }...'
reactos,../repos/reactos/dll/shellext/shellbtrfs/main.cpp,"(801, 5)-(822, 6)",b'try {\n        RtlNtStatusToDosError = (_RtlNt...'
reactos,../repos/reactos/dll/shellext/shellbtrfs/main.cpp,"(811, 9)-(816, 10)",b'try {\n            msg = utf16_to_utf8(buf);\n ...'
reactos,../repos/reactos/dll/shellext/shellbtrfs/balance.cpp,"(515, 5)-(835, 6)",b'try {\n        switch (uMsg) {\n            cas...'
reactos,../repos/reactos/dll/shellext/shellbtrfs/balance.cpp,"(862, 5)-(960, 6)",b'try {\n        switch (uMsg) {\n            cas...'
reactos,../repos/reactos/dll/shellext/shellbtrfs/balance.cpp,"(1067, 5)-(1124, 6)","b'try {\n        WCHAR *s, *vol, *block;\n       ...'"
reactos,../repos/reactos/dll/shellext/shellbtrfs/balance.cpp,"(1128, 5)-(1171, 6)","b'try {\n        win_handle h, token;\n        TO...'"
reactos,../repos/reactos/dll/shellext/shellbtrfs/balance.cpp,"(1175, 5)-(1216, 6)","b'try {\n        win_handle h, token;\n        TO...'"
reactos,../repos/reactos/dll/shellext/shellbtrfs/send.cpp,"(31, 5)-(205, 6)",b'try {\n        NTSTATUS Status;\n        IO_STA...'
reactos,../repos/reactos/dll/shellext/shellbtrfs/send.cpp,"(41, 9)-(199, 10)",b'try {\n            dirh = CreateFileW(subvol.c...'
reactos,../repos/reactos/dll/shellext/shellbtrfs/send.cpp,"(46, 13)-(183, 14)",b'try {\n                size_t bss_size = offse...'
reactos,../repos/reactos/dll/shellext/shellbtrfs/send.cpp,"(133, 17)-(174, 18)",b'try {\n                    memcpy(header.magic...'
reactos,../repos/reactos/dll/shellext/shellbtrfs/send.cpp,"(422, 5)-(508, 6)",b'try {\n        switch (uMsg) {\n            cas...'
reactos,../repos/reactos/dll/shellext/shellbtrfs/send.cpp,"(536, 5)-(561, 6)",b'try {\n        win_handle token;\n        TOKEN...'
reactos,../repos/reactos/dll/shellext/shellbtrfs/send.cpp,"(576, 5)-(672, 6)",b'try {\n        dirh = CreateFileW(subvol.c_str...'
reactos,../repos/reactos/dll/shellext/shellbtrfs/send.cpp,"(585, 9)-(668, 10)",b'try {\n            size_t bss_size = offsetof(...'
reactos,../repos/reactos/dll/shellext/shellbtrfs/send.cpp,"(725, 13)-(729, 14)","b'try {\n                send_subvol(subvol, fil...'"
reactos,../repos/reactos/dll/shellext/shellbtrfs/devices.cpp,"(569, 5)-(623, 6)",b'try {\n        switch (uMsg) {\n            cas...'
reactos,../repos/reactos/dll/shellext/shellbtrfs/devices.cpp,"(698, 5)-(818, 6)",b'try {\n        switch (uMsg) {\n            cas...'
reactos,../repos/reactos/dll/shellext/shellbtrfs/devices.cpp,"(850, 5)-(874, 6)",b'try {\n        win_handle token;\n        TOKEN...'
reactos,../repos/reactos/dll/shellext/shellbtrfs/devices.cpp,"(878, 5)-(935, 6)","b'try {\n        WCHAR *s, *vol, *dev;\n        u...'"
reactos,../repos/reactos/dll/shellext/shellbtrfs/devices.cpp,"(939, 5)-(978, 6)","b'try {\n        WCHAR *s, *vol, *dev;\n        u...'"
reactos,../repos/reactos/dll/shellext/shellbtrfs/volpropsheet.cpp,"(488, 5)-(561, 6)",b'try {\n        switch (uMsg) {\n            cas...'
reactos,../repos/reactos/dll/shellext/shellbtrfs/volpropsheet.cpp,"(868, 5)-(937, 6)",b'try {\n        switch (uMsg) {\n            cas...'
reactos,../repos/reactos/dll/shellext/shellbtrfs/volpropsheet.cpp,"(965, 5)-(1244, 6)",b'try {\n        switch (uMsg) {\n            cas...'
reactos,../repos/reactos/dll/shellext/shellbtrfs/volpropsheet.cpp,"(1330, 5)-(1424, 6)",b'try {\n        switch (uMsg) {\n            cas...'
reactos,../repos/reactos/dll/shellext/shellbtrfs/volpropsheet.cpp,"(1430, 5)-(1467, 6)",b'try {\n        PROPSHEETPAGEW psp;\n        HPR...'
reactos,../repos/reactos/dll/shellext/shellbtrfs/volpropsheet.cpp,"(1514, 9)-(1520, 10)","b'try {\n            mm.create_point(new_dd, dev...'"
reactos,../repos/reactos/dll/shellext/shellbtrfs/volpropsheet.cpp,"(1527, 5)-(1588, 6)",b'try {\n        switch (uMsg) {\n            cas...'
reactos,../repos/reactos/dll/shellext/shellbtrfs/volpropsheet.cpp,"(1545, 21)-(1555, 22)",b'try {\n                        auto v = mm.que...'
reactos,../repos/reactos/dll/shellext/shellbtrfs/volpropsheet.cpp,"(1614, 5)-(1664, 6)",b'try {\n        win_handle token;\n        NTSTA...'
reactos,../repos/reactos/dll/shellext/shellbtrfs/recv.cpp,"(1158, 5)-(1360, 6)",b'try {\n        btrfs_send_header header;\n     ...'
reactos,../repos/reactos/dll/shellext/shellbtrfs/recv.cpp,"(1208, 13)-(1313, 14)",b'try {\n                if (data) {\n           ...'
reactos,../repos/reactos/dll/shellext/shellbtrfs/recv.cpp,"(1397, 5)-(1423, 6)",b'try {\n        win_handle f = CreateFileW(stre...'
reactos,../repos/reactos/dll/shellext/shellbtrfs/recv.cpp,"(1463, 13)-(1475, 14)",b'try {\n                this->hwnd = hwndDlg;\n ...'
reactos,../repos/reactos/dll/shellext/shellbtrfs/recv.cpp,"(1546, 5)-(1623, 6)",b'try {\n        OPENFILENAMEW ofn;\n        WCHA...'
reactos,../repos/reactos/dll/shellext/shellbtrfs/recv.cpp,"(1627, 5)-(1693, 6)",b'try {\n        vector<wstring> args;\n\n        ...'
reactos,../repos/reactos/dll/shellext/shellbtrfs/contextmenu.cpp,"(719, 5)-(951, 6)","b'try {\n        memset(&bsii, 0, sizeof(btrfs_s...'"
reactos,../repos/reactos/dll/shellext/shellbtrfs/contextmenu.cpp,"(957, 5)-(1164, 6)",b'try {\n        if (ignore)\n            return ...'
reactos,../repos/reactos/dll/shellext/shellbtrfs/contextmenu.cpp,"(1124, 17)-(1155, 18)",b'try {\n                    hdrop = (HDROP)GetC...'
reactos,../repos/reactos/dll/shellext/shellbtrfs/contextmenu.cpp,"(1133, 29)-(1147, 30)",b'try {\n                                ULONG n...'
reactos,../repos/reactos/dll/shellext/shellbtrfs/contextmenu.cpp,"(1417, 5)-(1643, 6)","b'try {\n        Status = NtFsControlFile(dest, ...'"
reactos,../repos/reactos/dll/shellext/shellbtrfs/contextmenu.cpp,"(1461, 17)-(1470, 18)",b'try {\n                    if (!DeviceIoContro...'
reactos,../repos/reactos/dll/shellext/shellbtrfs/contextmenu.cpp,"(1707, 29)-(1711, 30)",b'try {\n                                reflink...'
reactos,../repos/reactos/dll/shellext/shellbtrfs/propsheet.cpp,"(362, 5)-(409, 6)","b'try {\n        FORMATETC format = { CF_HDROP, ...'"
reactos,../repos/reactos/dll/shellext/shellbtrfs/propsheet.cpp,"(388, 9)-(402, 10)",b'try {\n            hr = load_file_list();\n    ...'
reactos,../repos/reactos/dll/shellext/shellbtrfs/propsheet.cpp,"(822, 5)-(861, 6)",b'try {\n        switch (uMsg) {\n            cas...'
reactos,../repos/reactos/dll/shellext/shellbtrfs/propsheet.cpp,"(1103, 5)-(1312, 6)",b'try {\n        switch (uMsg) {\n            cas...'
reactos,../repos/reactos/dll/shellext/shellbtrfs/propsheet.cpp,"(1318, 5)-(1355, 6)",b'try {\n        PROPSHEETPAGEW psp;\n        HPR...'
reactos,../repos/reactos/dll/shellext/shellbtrfs/propsheet.cpp,"(1369, 5)-(1412, 6)",b'try {\n        BtrfsPropSheet bps;\n        PRO...'
reactos,../repos/reactos/dll/shellext/shellbtrfs/scrub.cpp,"(55, 5)-(261, 6)",b'try {\n        if (bqs->num_errors > 0) {\n    ...'
reactos,../repos/reactos/dll/shellext/shellbtrfs/scrub.cpp,"(68, 13)-(89, 14)",b'try {\n                do {\n                  ...'
reactos,../repos/reactos/dll/shellext/shellbtrfs/scrub.cpp,"(427, 5)-(465, 6)",b'try {\n        switch (uMsg) {\n            cas...'
reactos,../repos/reactos/dll/shellext/shellbtrfs/scrub.cpp,"(487, 5)-(512, 6)",b'try {\n        win_handle token;\n        TOKEN...'
