Repo name,File name,Location,Content
reactos,../repos/reactos/dll/shellext/shellbtrfs/shellext.h,"(356, 30)-(356, 38)",b'what() const noexcept'
reactos,../repos/reactos/dll/shellext/shellbtrfs/shellext.h,"(369, 30)-(369, 38)",b'what() const noexcept'
reactos,../repos/reactos/dll/shellext/shellbtrfs/shellext.h,"(381, 30)-(381, 38)",b'what() const noexcept'
reactos,../repos/reactos/dll/shellext/shellbtrfs/iconoverlay.cpp,"(46, 114)-(46, 122)",b'BtrfsIconOverlay::GetOverlayInfo(PWSTR pwszIc...'
reactos,../repos/reactos/dll/shellext/shellbtrfs/iconoverlay.cpp,"(65, 65)-(65, 73)",b'BtrfsIconOverlay::GetPriority(int *pPriority)...'
reactos,../repos/reactos/dll/shellext/shellbtrfs/iconoverlay.cpp,"(74, 81)-(74, 89)","b'BtrfsIconOverlay::IsMemberOf(PCWSTR pwszPath,...'"
reactos,../repos/reactos/dll/shellext/shellbtrfs/iconoverlay.h,"(54, 108)-(54, 116)","b'GetOverlayInfo(PWSTR pwszIconFile, int cchMax...'"
reactos,../repos/reactos/dll/shellext/shellbtrfs/iconoverlay.h,"(55, 59)-(55, 67)",b'GetPriority(int *pPriority) noexcept'
reactos,../repos/reactos/dll/shellext/shellbtrfs/iconoverlay.h,"(56, 75)-(56, 83)","b'IsMemberOf(PCWSTR pwszPath, DWORD dwAttrib) n...'"
