Repo name,File name,Location,Content
reactos,../repos/reactos/base/services/dhcpcsvc/include/rosdhcp.h,"(107, 9)-(107, 30)","b'warn( char *format, ... )'"
reactos,../repos/reactos/base/services/dhcpcsvc/include/dhcpd.h,"(294, 11)-(294, 24)","b'error(char *, ...)'"
reactos,../repos/reactos/base/services/dhcpcsvc/include/dhcpd.h,"(295, 12)-(295, 25)","b'warning(char *, ...)'"
reactos,../repos/reactos/base/services/dhcpcsvc/include/dhcpd.h,"(296, 9)-(296, 22)","b'note(char *, ...)'"
reactos,../repos/reactos/base/services/dhcpcsvc/include/dhcpd.h,"(297, 10)-(297, 23)","b'debug(char *, ...)'"
reactos,../repos/reactos/base/services/dhcpcsvc/include/dhcpd.h,"(298, 15)-(298, 28)","b'parse_warn(char *, ...)'"
reactos,../repos/reactos/base/services/dhcpcsvc/include/dhcpd.h,"(300, 11)-(300, 24)","b'error(char *, ...) __attribute__ ((__format__...'"
reactos,../repos/reactos/base/services/dhcpcsvc/include/dhcpd.h,"(301, 12)-(301, 25)","b'warning(char *, ...) __attribute__ ((__format...'"
reactos,../repos/reactos/base/services/dhcpcsvc/include/dhcpd.h,"(302, 9)-(302, 22)","b'note(char *, ...) __attribute__ ((__format__ ...'"
reactos,../repos/reactos/base/services/dhcpcsvc/include/dhcpd.h,"(303, 10)-(303, 23)","b'debug(char *, ...) __attribute__ ((__format__...'"
reactos,../repos/reactos/base/services/dhcpcsvc/include/dhcpd.h,"(304, 15)-(304, 28)","b'parse_warn(char *, ...) __attribute__ ((__for...'"
reactos,../repos/reactos/base/services/dhcpcsvc/include/dhcpd.h,"(433, 19)-(434, 51)","b'client_envadd(struct client_state *,\n    cons...'"
reactos,../repos/reactos/base/services/dhcpcsvc/dhcp/util.c,"(12, 9)-(12, 30)","b'note( char *format, ... )'"
reactos,../repos/reactos/base/services/dhcpcsvc/dhcp/util.c,"(27, 10)-(27, 31)","b'debug( char *format, ... )'"
reactos,../repos/reactos/base/services/dhcpcsvc/dhcp/util.c,"(42, 9)-(42, 30)","b'warn( char *format, ... )'"
reactos,../repos/reactos/base/services/dhcpcsvc/dhcp/util.c,"(57, 12)-(57, 33)","b'warning( char *format, ... )'"
reactos,../repos/reactos/base/services/dhcpcsvc/dhcp/util.c,"(72, 11)-(72, 32)","b'error( char *format, ... )'"
reactos,../repos/reactos/base/services/nfsd/daemon_debug.c,"(72, 13)-(72, 44)","b'dprintf(int level, LPCSTR format, ...)'"
reactos,../repos/reactos/base/services/nfsd/daemon_debug.c,"(86, 13)-(86, 33)","b'eprintf(LPCSTR format, ...)'"
reactos,../repos/reactos/base/services/nfsd/daemon_debug.h,"(39, 13)-(39, 44)","b'dprintf(int level, LPCSTR format, ...)'"
reactos,../repos/reactos/base/services/nfsd/daemon_debug.h,"(40, 13)-(40, 33)","b'eprintf(LPCSTR format, ...)'"
reactos,../repos/reactos/base/services/telnetd/syslog.h,"(179, 20)-(179, 49)","b'syslog (int __pri, char *__fmt, ...)'"
reactos,../repos/reactos/base/services/telnetd/telnetd.c,"(27, 33)-(27, 58)","b'telnetd_printf(const char *format, ...)'"
reactos,../repos/reactos/base/services/telnetd/telnetd.c,"(29, 11)-(29, 23)","b'printf(format,...)'"
reactos,../repos/reactos/base/services/telnetd/syslog.c,"(261, 12)-(261, 39)","b'syslog( int pri, char* fmt, ... )'"
reactos,../repos/reactos/base/shell/explorer/util.cpp,"(106, 17)-(109, 22)","b'FormatMenuString(IN HMENU hMenu,\n            ...'"
reactos,../repos/reactos/base/shell/explorer/precomp.h,"(104, 17)-(107, 22)","b'FormatMenuString(IN HMENU hMenu,\n            ...'"
reactos,../repos/reactos/base/shell/progman/main.c,"(124, 12)-(124, 35)","b'PrintString(IN LPCWSTR szStr, ...)'"
reactos,../repos/reactos/base/shell/progman/main.c,"(134, 20)-(134, 38)","b'PrintResourceString(IN UINT uID, ...)'"
reactos,../repos/reactos/base/shell/cmd/dir.c,"(578, 10)-(578, 58)","b'DirPrintf(LPDIRSWITCHFLAGS lpFlags, LPTSTR sz...'"
reactos,../repos/reactos/base/shell/cmd/cmd.h,"(202, 13)-(205, 9)","b'ErrorMessage(\n    IN DWORD dwErrorCode,\n    I...'"
reactos,../repos/reactos/base/shell/cmd/console.c,"(133, 30)-(133, 72)","b'ConFormatMessage(PCON_STREAM Stream, DWORD Me...'"
reactos,../repos/reactos/base/shell/cmd/console.c,"(171, 32)-(171, 72)","b'ConOutPrintfPaging(BOOL StartPaging, LPTSTR s...'"
reactos,../repos/reactos/base/shell/cmd/error.c,"(26, 13)-(29, 9)","b'ErrorMessage(\n    IN DWORD dwErrorCode,\n    I...'"
reactos,../repos/reactos/base/shell/cmd/console.h,"(27, 30)-(27, 72)","b'ConFormatMessage(PCON_STREAM Stream, DWORD Me...'"
reactos,../repos/reactos/base/shell/cmd/console.h,"(61, 32)-(61, 72)","b'ConOutPrintfPaging(BOOL StartPaging, LPTSTR s...'"
reactos,../repos/reactos/base/system/services/services.h,"(261, 17)-(261, 34)","b'PrintString(LPCSTR fmt, ...)'"
reactos,../repos/reactos/base/system/services/services.c,"(39, 12)-(39, 29)","b'PrintString(LPCSTR fmt, ...)'"
reactos,../repos/reactos/base/system/autochk/autochk.c,"(69, 12)-(69, 27)","b'PrintString(char* fmt,...)'"
reactos,../repos/reactos/base/system/expand/expand.c,"(29, 20)-(29, 45)","b'myprintf(const char* format, ...)'"
reactos,../repos/reactos/base/setup/lib/install.h,"(19, 37)-(19, 63)",b'(__cdecl *PFILE_COPY_STATUS_ROUTINE)(IN FILE_...'
reactos,../repos/reactos/base/setup/lib/utils/filesup.c,"(659, 12)-(663, 25)","b'ConcatPaths(\n    IN OUT PWSTR PathBuffer,\n   ...'"
reactos,../repos/reactos/base/setup/lib/utils/filesup.c,"(681, 13)-(685, 25)","b'CombinePaths(\n    OUT PWSTR PathBuffer,\n    I...'"
reactos,../repos/reactos/base/setup/lib/utils/filesup.h,"(55, 12)-(59, 25)","b'ConcatPaths(\n    IN OUT PWSTR PathBuffer,\n   ...'"
reactos,../repos/reactos/base/setup/lib/utils/filesup.h,"(62, 13)-(66, 25)","b'CombinePaths(\n    OUT PWSTR PathBuffer,\n    I...'"
reactos,../repos/reactos/base/setup/lib/setuplib.h,"(67, 32)-(67, 62)",b'(__cdecl *PSETUP_ERROR_ROUTINE)(IN struct _US...'
reactos,../repos/reactos/base/setup/lib/setuplib.h,"(193, 36)-(193, 61)",b'(__cdecl *PREGISTRY_STATUS_ROUTINE)(IN REGIST...'
reactos,../repos/reactos/base/setup/usetup/mui.h,"(62, 16)-(66, 9)","b'MUIDisplayError(\n    ULONG ErrorNum,\n    PINP...'"
reactos,../repos/reactos/base/setup/usetup/consup.c,"(163, 21)-(165, 9)","b'CONSOLE_ConOutPrintf(\n    IN LPCSTR szFormat,...'"
reactos,../repos/reactos/base/setup/usetup/consup.c,"(458, 23)-(461, 9)","b'CONSOLE_SetStatusTextX(\n    IN SHORT x,\n    I...'"
reactos,../repos/reactos/base/setup/usetup/consup.c,"(480, 22)-(482, 9)","b'CONSOLE_SetStatusText(\n    IN LPCSTR fmt,\n    ...)'"
reactos,../repos/reactos/base/setup/usetup/consup.c,"(512, 30)-(515, 9)",b'CONSOLE_SetStatusTextAutoFitX(\n    IN SHORT x...'
reactos,../repos/reactos/base/setup/usetup/consup.c,"(595, 20)-(599, 9)","b'CONSOLE_PrintTextXY(\n    IN SHORT x,\n    IN S...'"
reactos,../repos/reactos/base/setup/usetup/consup.c,"(622, 21)-(627, 9)","b'CONSOLE_PrintTextXYN(\n    IN SHORT x,\n    IN ...'"
reactos,../repos/reactos/base/setup/usetup/usetup.c,"(151, 12)-(151, 30)","b'PrintString(IN PCSTR fmt,...)'"
reactos,../repos/reactos/base/setup/usetup/usetup.c,"(3231, 19)-(3233, 9)",b'USetupErrorRoutine(\n    IN PUSETUP_DATA pSetu...'
reactos,../repos/reactos/base/setup/usetup/usetup.c,"(3518, 15)-(3518, 50)","b'RegistryStatus(IN REGISTRY_STATUS RegStatus, ...)'"
reactos,../repos/reactos/base/setup/usetup/mui.c,"(237, 16)-(241, 9)","b'MUIDisplayError(\n    IN ULONG ErrorNum,\n    O...'"
reactos,../repos/reactos/base/setup/usetup/consup.h,"(81, 21)-(83, 9)","b'CONSOLE_ConOutPrintf(\n    IN LPCSTR szFormat,...'"
reactos,../repos/reactos/base/setup/usetup/consup.h,"(119, 20)-(123, 9)","b'CONSOLE_PrintTextXY(\n    IN SHORT x,\n    IN S...'"
reactos,../repos/reactos/base/setup/usetup/consup.h,"(127, 21)-(132, 9)","b'CONSOLE_PrintTextXYN(\n    IN SHORT x,\n    IN ...'"
reactos,../repos/reactos/base/setup/usetup/consup.h,"(175, 22)-(177, 9)","b'CONSOLE_SetStatusText(\n    IN LPCSTR fmt,\n    ...)'"
reactos,../repos/reactos/base/setup/usetup/consup.h,"(187, 23)-(190, 9)","b'CONSOLE_SetStatusTextX(\n    IN SHORT x,\n    I...'"
reactos,../repos/reactos/base/setup/usetup/consup.h,"(194, 30)-(197, 9)",b'CONSOLE_SetStatusTextAutoFitX(\n    IN SHORT x...'
reactos,../repos/reactos/base/setup/setup/setup.c,"(75, 13)-(75, 18)",b'if (...)'
reactos,../repos/reactos/dll/cpl/sysdm/precomp.h,"(61, 19)-(67, 9)",b'ResourceMessageBox(\n    _In_opt_ HINSTANCE hI...'
reactos,../repos/reactos/dll/cpl/sysdm/sysdm.c,"(27, 19)-(33, 9)",b'ResourceMessageBox(\n    _In_opt_ HINSTANCE hI...'
reactos,../repos/reactos/dll/cpl/desk/desk.h,"(64, 23)-(64, 40)","b'DbgPrint(PCCH Format,...)'"
reactos,../repos/reactos/dll/cpl/main/mouse.c,"(140, 9)-(140, 26)","b'DebugMsg(LPTSTR fmt, ...)'"
reactos,../repos/reactos/dll/opengl/glu32/src/libnurbs/interface/mystdio.h,"(40, 25)-(40, 46)","b'_glu_dprintf( const char *, ... )'"
reactos,../repos/reactos/dll/opengl/glu32/src/libnurbs/interface/mystdio.h,"(48, 25)-(48, 46)","b'_glu_dprintf( const char *, ... )'"
reactos,../repos/reactos/dll/opengl/glu32/src/libnurbs/interface/mystdio.h,"(53, 25)-(53, 46)","b'_glu_dprintf( const char *, ... )'"
reactos,../repos/reactos/dll/opengl/glu32/src/libnurbs/nurbtess/mystdio.h,"(40, 25)-(40, 40)","b'_glu_dprintf( char *, ... )'"
reactos,../repos/reactos/dll/opengl/glu32/src/libnurbs/nurbtess/mystdio.h,"(48, 25)-(48, 40)","b'_glu_dprintf( char *, ... )'"
reactos,../repos/reactos/dll/opengl/glu32/src/libnurbs/nurbtess/mystdio.h,"(53, 25)-(53, 40)","b'_glu_dprintf( char *, ... )'"
reactos,../repos/reactos/dll/directx/d3d9/d3d9_helpers.h,"(19, 25)-(19, 97)","b'SafeFormatString(IN OUT LPSTR Buffer, IN DWOR...'"
reactos,../repos/reactos/dll/directx/d3d9/d3d9_helpers.c,"(41, 25)-(41, 94)","b'SafeFormatString(OUT LPSTR Buffer, IN DWORD B...'"
reactos,../repos/reactos/dll/directx/wine/d3dcompiler_43/compiler.c,"(126, 59)-(126, 81)","b'wpp_write_message_var(const char *fmt, ...)'"
reactos,../repos/reactos/dll/directx/wine/d3dcompiler_43/compiler.c,"(135, 22)-(135, 44)","b'ppy_error(const char *msg, ...)'"
reactos,../repos/reactos/dll/directx/wine/d3dcompiler_43/compiler.c,"(149, 24)-(149, 46)","b'ppy_warning(const char *msg, ...)'"
reactos,../repos/reactos/dll/directx/wine/d3dcompiler_43/preproc.c,"(438, 31)-(438, 79)","b'pp_internal_error(const char *file, int line,...'"
reactos,../repos/reactos/dll/directx/wine/d3dcompiler_43/wpp_private.h,"(212, 22)-(212, 42)","b'ppy_error(const char *s, ...) __attribute__((...'"
reactos,../repos/reactos/dll/directx/wine/d3dcompiler_43/wpp_private.h,"(213, 24)-(213, 44)","b'ppy_warning(const char *s, ...) __attribute__...'"
reactos,../repos/reactos/dll/directx/wine/d3dcompiler_43/wpp_private.h,"(214, 31)-(214, 79)","b'pp_internal_error(const char *file, int line,...'"
reactos,../repos/reactos/dll/directx/wine/d3dcompiler_43/wpp_private.h,"(243, 28)-(243, 53)","b'pp_writestring(const char *format, ...) __att...'"
reactos,../repos/reactos/dll/directx/wine/d3dcompiler_43/d3dcompiler_private.h,"(289, 31)-(289, 77)","b'asmparser_message(struct asm_parser *ctx, con...'"
reactos,../repos/reactos/dll/directx/wine/d3dcompiler_43/d3dcompiler_private.h,"(1065, 26)-(1065, 48)","b'hlsl_message(const char *fmt, ...)'"
reactos,../repos/reactos/dll/directx/wine/d3dcompiler_43/d3dcompiler_private.h,"(1066, 33)-(1067, 59)","b'hlsl_report_message(const char *filename, DWO...'"
reactos,../repos/reactos/dll/directx/wine/wined3d/glsl_shader.c,"(1822, 49)-(1823, 82)",b'declare_in_varying(const struct wined3d_gl_in...'
reactos,../repos/reactos/dll/directx/wine/wined3d/glsl_shader.c,"(1842, 50)-(1843, 82)",b'declare_out_varying(const struct wined3d_gl_i...'
reactos,../repos/reactos/dll/directx/wine/wined3d/glsl_shader.c,"(3450, 59)-(3453, 40)",b'shader_glsl_gen_sample_code(const struct wine...'
reactos,../repos/reactos/dll/directx/wine/wined3d/shader.c,"(478, 19)-(478, 82)",b'shader_addline(struct wined3d_string_buffer *...'
reactos,../repos/reactos/dll/directx/wine/wined3d/shader.c,"(526, 27)-(526, 90)",b'string_buffer_sprintf(struct wined3d_string_b...'
reactos,../repos/reactos/dll/directx/wine/wined3d/wined3d_private.h,"(3996, 27)-(3996, 90)",b'string_buffer_sprintf(struct wined3d_string_b...'
reactos,../repos/reactos/dll/directx/wine/wined3d/wined3d_private.h,"(4001, 19)-(4001, 79)",b'shader_addline(struct wined3d_string_buffer *...'
reactos,../repos/reactos/dll/ntdll/etw/trace.c,"(19, 16)-(24, 9)",b'EtwTraceMessage(\n    TRACEHANDLE  SessionHand...'
reactos,../repos/reactos/dll/shellext/shellbtrfs/main.cpp,"(225, 21)-(225, 51)","b'wstring_sprintf(wstring& s, wstring fmt, ...)'"
reactos,../repos/reactos/dll/shellext/shellbtrfs/main.cpp,"(333, 13)-(333, 18)",b'catch (...) {\n        CoTaskMemFree(clsidstri...'
reactos,../repos/reactos/dll/shellext/shellbtrfs/main.cpp,"(380, 17)-(380, 22)",b'catch (...) {\n            delete[] buf;\n     ...'
reactos,../repos/reactos/dll/shellext/shellbtrfs/main.cpp,"(386, 13)-(386, 18)",b'catch (...) {\n        RegCloseKey(k);\n       ...'
reactos,../repos/reactos/dll/shellext/shellbtrfs/main.cpp,"(406, 13)-(406, 18)",b'catch (...) {\n        CoTaskMemFree(clsidstri...'
reactos,../repos/reactos/dll/shellext/shellbtrfs/main.cpp,"(427, 13)-(427, 18)",b'catch (...) {\n        CoTaskMemFree(clsidstri...'
reactos,../repos/reactos/dll/shellext/shellbtrfs/main.cpp,"(457, 13)-(457, 18)",b'catch (...) {\n        CoTaskMemFree(clsidstri...'
reactos,../repos/reactos/dll/shellext/shellbtrfs/main.cpp,"(485, 13)-(485, 18)",b'catch (...) {\n        CoTaskMemFree(clsidstri...'
reactos,../repos/reactos/dll/shellext/shellbtrfs/main.cpp,"(662, 13)-(662, 18)",b'catch (...) {\n        LocalFree(l);\n        t...'
reactos,../repos/reactos/dll/shellext/shellbtrfs/main.cpp,"(707, 27)-(707, 43)","b'string_error::string_error(int resno, ...)'"
reactos,../repos/reactos/dll/shellext/shellbtrfs/main.cpp,"(775, 13)-(775, 18)",b'catch (...) {\n        LocalFree(buf);\n       ...'
reactos,../repos/reactos/dll/shellext/shellbtrfs/main.cpp,"(813, 17)-(813, 22)",b'catch (...) {\n            LocalFree(buf);\n   ...'
reactos,../repos/reactos/dll/shellext/shellbtrfs/main.cpp,"(819, 13)-(819, 18)",b'catch (...) {\n        FreeLibrary(ntdll);\n   ...'
reactos,../repos/reactos/dll/shellext/shellbtrfs/shellext.h,"(354, 17)-(354, 33)","b'string_error(int resno, ...)'"
reactos,../repos/reactos/dll/shellext/shellbtrfs/shellext.h,"(404, 21)-(404, 51)","b'wstring_sprintf(wstring& s, wstring fmt, ...)'"
reactos,../repos/reactos/dll/shellext/shellbtrfs/send.cpp,"(160, 25)-(160, 30)",b'catch (...) {\n                    FILE_DISPOS...'
reactos,../repos/reactos/dll/shellext/shellbtrfs/send.cpp,"(178, 21)-(178, 26)",b'catch (...) {\n                CloseHandle(dir...'
reactos,../repos/reactos/dll/shellext/shellbtrfs/send.cpp,"(187, 17)-(187, 22)",b'catch (...) {\n            free(buf);\n        ...'
reactos,../repos/reactos/dll/shellext/shellbtrfs/send.cpp,"(658, 17)-(658, 22)",b'catch (...) {\n            FILE_DISPOSITION_IN...'
reactos,../repos/reactos/dll/shellext/shellbtrfs/send.cpp,"(669, 13)-(669, 18)",b'catch (...) {\n        free(buf);\n        thro...'
reactos,../repos/reactos/dll/shellext/shellbtrfs/devices.cpp,"(263, 29)-(263, 34)",b'catch (...)'
reactos,../repos/reactos/dll/shellext/shellbtrfs/volpropsheet.cpp,"(1516, 17)-(1516, 22)","b'catch (...) {\n            // if fails, try to...'"
reactos,../repos/reactos/dll/shellext/shellbtrfs/recv.cpp,"(1310, 21)-(1310, 26)",b'catch (...) {\n                if (data) free(...'
reactos,../repos/reactos/dll/shellext/shellbtrfs/recv.cpp,"(1348, 13)-(1348, 18)","b'catch (...) {\n        if (subvolpath != L"""") ...'"
reactos,../repos/reactos/dll/shellext/shellbtrfs/contextmenu.cpp,"(942, 13)-(942, 18)",b'catch (...) {\n        FILE_DISPOSITION_INFO f...'
reactos,../repos/reactos/dll/shellext/shellbtrfs/contextmenu.cpp,"(1144, 37)-(1144, 42)",b'catch (...) {\n                               ...'
reactos,../repos/reactos/dll/shellext/shellbtrfs/contextmenu.cpp,"(1152, 25)-(1152, 30)",b'catch (...) {\n                    CloseClipbo...'
reactos,../repos/reactos/dll/shellext/shellbtrfs/contextmenu.cpp,"(1467, 25)-(1467, 30)",b'catch (...) {\n                    free(rp);\n ...'
reactos,../repos/reactos/dll/shellext/shellbtrfs/contextmenu.cpp,"(1634, 13)-(1634, 18)",b'catch (...) {\n        FILE_DISPOSITION_INFO f...'
reactos,../repos/reactos/dll/shellext/shellbtrfs/propsheet.cpp,"(399, 17)-(399, 22)",b'catch (...) {\n            GlobalUnlock(hdrop)...'
reactos,../repos/reactos/dll/shellext/shellbtrfs/scrub.cpp,"(84, 21)-(84, 26)",b'catch (...) {\n                if (bqs2)\n     ...'
reactos,../repos/reactos/dll/shellext/shellbtrfs/scrub.cpp,"(256, 13)-(256, 18)",b'catch (...) {\n        if (alloc_bqs2)\n       ...'
reactos,../repos/reactos/dll/shellext/acppage/CLayerUIPropPage.cpp,"(92, 14)-(92, 54)","b'ACDBG_FN(PCSTR FunctionName, PCWSTR Format, ...)'"
reactos,../repos/reactos/dll/shellext/acppage/precomp.h,"(22, 15)-(22, 31)","b'DbgPrint(PCH Format,...)'"
reactos,../repos/reactos/dll/shellext/deskadp/deskadp.h,"(60, 23)-(60, 40)","b'DbgPrint(PCCH Format,...)'"
reactos,../repos/reactos/dll/shellext/deskmon/deskmon.h,"(80, 23)-(80, 40)","b'DbgPrint(PCCH Format,...)'"
reactos,../repos/reactos/dll/np/nfs/nfs41_np.c,"(42, 27)-(42, 54)","b'NFS41DbgPrint( __in LPTSTR Format, ... )'"
reactos,../repos/reactos/dll/appcompat/shims/shimlib/shimlib.h,"(64, 25)-(64, 81)","b'SeiDbgPrint(SEI_LOG_LEVEL Level, PCSTR Functi...'"
reactos,../repos/reactos/dll/appcompat/shims/shimlib/shimlib.c,"(197, 25)-(197, 81)","b'SeiDbgPrint(SEI_LOG_LEVEL Level, PCSTR Functi...'"
reactos,../repos/reactos/dll/appcompat/apphelp/shimeng.c,"(160, 25)-(160, 81)","b'SeiDbgPrint(SEI_LOG_LEVEL Level, PCSTR Functi...'"
reactos,../repos/reactos/dll/appcompat/apphelp/sdbpapi.h,"(73, 26)-(73, 87)","b'ShimDbgPrint(SHIM_LOG_LEVEL Level, PCSTR Func...'"
reactos,../repos/reactos/dll/appcompat/apphelp/apphelp.c,"(106, 26)-(106, 87)","b'ShimDbgPrint(SHIM_LOG_LEVEL Level, PCSTR Func...'"
reactos,../repos/reactos/hal/halarm/generic/halinit.c,"(157, 14)-(157, 36)","b'DbgPrintEarly(const char *fmt, ...)'"
reactos,../repos/reactos/hal/halx86/generic/kdpci.c,"(22, 17)-(22, 64)",b'(*DPRINT0)(_In_ _Printf_format_string_ PCSTR ...'
reactos,../repos/reactos/ntoskrnl/kd/kd.h,"(25, 11)-(27, 9)","b'KdIoPrintf(\n    _In_ PCSTR Format,\n    ...)'"
reactos,../repos/reactos/ntoskrnl/kd/kdio.c,"(576, 11)-(578, 9)","b'KdIoPrintf(\n    _In_ PCSTR Format,\n    ...)'"
reactos,../repos/reactos/ntoskrnl/include/internal/kd64.h,"(517, 11)-(519, 9)","b'KdpDprintf(\n    _In_ PCSTR Format,\n    ...)'"
reactos,../repos/reactos/ntoskrnl/wmi/wmi.c,"(353, 16)-(357, 24)","b'WmiTraceMessage(IN TRACEHANDLE LoggerHandle,\n...'"
reactos,../repos/reactos/ntoskrnl/vf/driver.c,"(34, 17)-(41, 22)",b'VfFailDeviceNode(IN PDEVICE_OBJECT PhysicalDe...'
reactos,../repos/reactos/ntoskrnl/vf/driver.c,"(51, 17)-(57, 22)","b'VfFailSystemBIOS(IN ULONG BugCheckMajorCode,\n...'"
reactos,../repos/reactos/ntoskrnl/vf/driver.c,"(64, 13)-(70, 18)","b'VfFailDriver(IN ULONG BugCheckMajorCode,\n    ...'"
reactos,../repos/reactos/ntoskrnl/ke/arm/kiinit.c,"(431, 14)-(431, 36)","b'DbgPrintEarly(const char *fmt, ...)'"
reactos,../repos/reactos/ntoskrnl/ke/amd64/kiinit.c,"(23, 23)-(23, 48)","b'(*FrLdrDbgPrint)(const char *Format, ...)'"
reactos,../repos/reactos/ntoskrnl/kdbg/i386/i386-dis.c,"(37, 19)-(37, 55)","b'sprintf(char *str, const char *format, ...)'"
reactos,../repos/reactos/ntoskrnl/kdbg/i386/i386-dis.c,"(45, 16)-(45, 53)","b'KdbpPrintDisasm(void* Ignored, const char* fm...'"
reactos,../repos/reactos/ntoskrnl/kdbg/i386/i386-dis.c,"(59, 19)-(59, 56)","b'KdbpNopPrintDisasm(void* Ignored, const char*...'"
reactos,../repos/reactos/ntoskrnl/kdbg/kdb.h,"(133, 10)-(135, 14)","b'KdbpPrint(\n    _In_ PSTR Format,\n    _In_ ...)'"
reactos,../repos/reactos/ntoskrnl/kdbg/kdb.h,"(324, 10)-(326, 9)","b'KdbPrintf(\n    _In_ PCSTR Format,\n    ...)'"
reactos,../repos/reactos/ntoskrnl/kdbg/kdb_print.c,"(160, 10)-(162, 9)","b'KdbPrintf(\n    _In_ PCSTR Format,\n    ...)'"
reactos,../repos/reactos/ntoskrnl/kdbg/kdb_cli.c,"(3082, 10)-(3084, 14)","b'KdbpPrint(\n    _In_ PSTR Format,\n    _In_ ...)'"
reactos,../repos/reactos/ntoskrnl/kd64/kdprint.c,"(528, 11)-(530, 9)","b'KdpDprintf(\n    _In_ PCSTR Format,\n    ...)'"
reactos,../repos/reactos/boot/armllb/crtsupp.c,"(29, 11)-(29, 33)","b'printf(const char *fmt, ...)'"
reactos,../repos/reactos/boot/armllb/crtsupp.c,"(44, 9)-(44, 31)","b'DbgPrint(const char *fmt, ...)'"
reactos,../repos/reactos/boot/environ/lib/misc/rtlcompat.c,"(96, 10)-(99, 6)","b'DbgPrint (\n    const char *Format,\n    ...\n    )'"
reactos,../repos/reactos/boot/environ/lib/misc/debug.c,"(75, 15)-(78, 6)","b'BlStatusPrint (\n    _In_ PCWCH Format,\n    .....'"
reactos,../repos/reactos/boot/environ/lib/firmware/efi/firmware.c,"(126, 11)-(129, 6)","b'EfiPrintf (\n    _In_ PWCHAR Format,\n    ...\n    )'"
reactos,../repos/reactos/boot/environ/include/efi/UefiSpec.h,"(1152, 51)-(1155, 2)",b'(EFIAPI *EFI_INSTALL_MULTIPLE_PROTOCOL_INTERF...'
reactos,../repos/reactos/boot/environ/include/efi/UefiSpec.h,"(1222, 53)-(1225, 2)",b'(EFIAPI *EFI_UNINSTALL_MULTIPLE_PROTOCOL_INTE...'
reactos,../repos/reactos/boot/environ/include/bl.h,"(1490, 11)-(1493, 6)","b'EfiPrintf (\n    _In_ PWCHAR Format,\n    ...\n    )'"
reactos,../repos/reactos/boot/environ/include/bl.h,"(1733, 15)-(1736, 6)","b'BlStatusPrint (\n    _In_ PCWCH Format,\n    .....'"
reactos,../repos/reactos/boot/freeldr/freeldr/lib/debug.c,"(227, 9)-(227, 34)","b'DbgPrint(const char *Format, ...)'"
reactos,../repos/reactos/boot/freeldr/freeldr/lib/debug.c,"(256, 10)-(256, 84)","b'DbgPrint2(ULONG Mask, ULONG Level, const char...'"
reactos,../repos/reactos/boot/freeldr/freeldr/lib/debug.c,"(432, 9)-(432, 27)","b'DbgPrint(PCCH Format, ...)'"
reactos,../repos/reactos/boot/freeldr/freeldr/lib/debug.c,"(440, 12)-(440, 37)","b'MsgBoxPrint(const char *Format, ...)'"
reactos,../repos/reactos/boot/freeldr/freeldr/ui/ui.c,"(357, 18)-(357, 37)","b'UiMessageBox(PCSTR Format, ...)'"
reactos,../repos/reactos/boot/freeldr/freeldr/ui/tui.c,"(31, 10)-(32, 28)","b'TuiPrintf(\n    _In_ PCSTR Format, ...)'"
reactos,../repos/reactos/boot/freeldr/freeldr/include/ui.h,"(95, 21)-(95, 40)","b'UiMessageBox(PCSTR Format, ...)'"
reactos,../repos/reactos/boot/freeldr/freeldr/include/ui/tui.h,"(25, 10)-(26, 28)","b'TuiPrintf(\n    _In_ PCSTR Format, ...)'"
reactos,../repos/reactos/boot/freeldr/freeldr/include/debug.h,"(44, 21)-(44, 46)","b'DbgPrint(const char *Format, ...)'"
reactos,../repos/reactos/boot/freeldr/freeldr/include/debug.h,"(45, 22)-(45, 96)","b'DbgPrint2(ULONG Mask, ULONG Level, const char...'"
reactos,../repos/reactos/boot/freeldr/freeldr/include/debug.h,"(130, 25)-(135, 9)","b'FrLdrBugCheckWithMessage(\n    ULONG BugCode,\n...'"
reactos,../repos/reactos/boot/freeldr/freeldr/disk/scsiport.c,"(471, 15)-(474, 12)","b'ScsiDebugPrint(\n    IN ULONG DebugPrintLevel,...'"
reactos,../repos/reactos/boot/freeldr/freeldr/disk/scsiport.c,"(1324, 21)-(1327, 12)",b'ScsiPortNotification(\n    IN SCSI_NOTIFICATIO...'
reactos,../repos/reactos/boot/freeldr/freeldr/arch/i386/i386bug.c,"(79, 10)-(79, 35)","b'PrintText(const CHAR *Format, ...)'"
reactos,../repos/reactos/boot/freeldr/freeldr/arch/arm/debug.c,"(28, 25)-(33, 9)","b'FrLdrBugCheckWithMessage(\n    ULONG BugCode,\n...'"
