Repo name,File name,Location,Content
reactos,../repos/reactos/base/shell/explorer/trayprop.cpp,"(100, 5)-(100, 26)",b'~CTaskBarSettingsPage()'
reactos,../repos/reactos/base/shell/explorer/trayprop.cpp,"(199, 5)-(199, 28)",b'~CStartMenuSettingsPage()'
reactos,../repos/reactos/base/shell/explorer/trayprop.cpp,"(281, 5)-(281, 25)",b'~CNotifySettingsPage()'
reactos,../repos/reactos/base/shell/explorer/taskswnd.cpp,"(123, 5)-(123, 22)",b'~CHardErrorThread()'
reactos,../repos/reactos/base/shell/explorer/taskswnd.cpp,"(347, 13)-(347, 28)",b'~CTaskSwitchWnd()'
reactos,../repos/reactos/base/shell/explorer/startmnusite.cpp,"(38, 13)-(38, 28)",b'~CStartMenuSite()'
reactos,../repos/reactos/base/shell/explorer/trayclock.cpp,"(78, 13)-(78, 27)",b'~CTrayClockWnd()'
reactos,../repos/reactos/base/shell/explorer/trayclock.cpp,"(168, 16)-(168, 30)",b'CTrayClockWnd::~CTrayClockWnd'
reactos,../repos/reactos/base/shell/explorer/desktop.cpp,"(36, 5)-(36, 20)",b'~CDesktopThread()'
reactos,../repos/reactos/base/shell/explorer/desktop.cpp,"(52, 17)-(52, 32)",b'CDesktopThread::~CDesktopThread'
reactos,../repos/reactos/base/shell/explorer/trayntfy.cpp,"(62, 13)-(62, 28)",b'~CTrayNotifyWnd()'
reactos,../repos/reactos/base/shell/explorer/syspager.cpp,"(47, 5)-(47, 21)",b'~IconWatcherData()'
reactos,../repos/reactos/base/shell/explorer/syspager.cpp,"(68, 13)-(68, 26)",b'~CIconWatcher()'
reactos,../repos/reactos/base/shell/explorer/syspager.cpp,"(157, 13)-(157, 28)",b'~CNotifyToolbar()'
reactos,../repos/reactos/base/shell/explorer/syspager.cpp,"(202, 13)-(202, 26)",b'~CSysPagerWnd()'
reactos,../repos/reactos/base/shell/explorer/syspager.cpp,"(277, 15)-(277, 28)",b'CIconWatcher::~CIconWatcher'
reactos,../repos/reactos/base/shell/explorer/syspager.cpp,"(671, 17)-(671, 32)",b'CNotifyToolbar::~CNotifyToolbar'
reactos,../repos/reactos/base/shell/explorer/syspager.cpp,"(1288, 15)-(1288, 28)",b'CSysPagerWnd::~CSysPagerWnd'
reactos,../repos/reactos/base/shell/explorer/taskband.cpp,"(51, 13)-(51, 23)",b'~CTaskBand()'
reactos,../repos/reactos/base/shell/explorer/tbsite.cpp,"(116, 13)-(116, 27)",b'~CTrayBandSite()'
reactos,../repos/reactos/base/shell/explorer/traywnd.cpp,"(209, 13)-(209, 26)",b'~CStartButton()'
reactos,../repos/reactos/base/shell/explorer/traywnd.cpp,"(607, 13)-(607, 25)",b'~CTrayWindow()'
reactos,../repos/reactos/base/shell/explorer/traywnd.cpp,"(3843, 13)-(3843, 32)",b'~CTrayWindowCtxMenu()'
reactos,../repos/reactos/base/shell/explorer/startctxmnu.cpp,"(232, 13)-(232, 34)",b'~CStartMenuBtnCtxMenu()'
reactos,../repos/reactos/base/shell/rshell/CQuickLaunchBand.cpp,"(103, 23)-(103, 40)",b'CQuickLaunchBand::~CQuickLaunchBand'
reactos,../repos/reactos/base/shell/rshell/CQuickLaunchBand.h,"(33, 13)-(33, 30)",b'~CQuickLaunchBand()'
reactos,../repos/reactos/base/shell/rshell/misc.cpp,"(220, 13)-(220, 33)",b'~CRShellClassFactory()'
reactos,../repos/reactos/dll/opengl/glu32/src/libnurbs/internals/varray.cc,"(68, 9)-(68, 16)",b'Varray::~Varray'
reactos,../repos/reactos/dll/opengl/glu32/src/libnurbs/internals/subdivider.cc,"(148, 13)-(148, 24)",b'Subdivider::~Subdivider'
reactos,../repos/reactos/dll/opengl/glu32/src/libnurbs/internals/bin.cc,"(55, 6)-(55, 10)",b'Bin::~Bin'
reactos,../repos/reactos/dll/opengl/glu32/src/libnurbs/internals/coveandtiler.h,"(49, 8)-(49, 21)",b'~CoveAndTiler( void )'
reactos,../repos/reactos/dll/opengl/glu32/src/libnurbs/internals/coveandtiler.cc,"(56, 15)-(56, 28)",b'CoveAndTiler::~CoveAndTiler'
reactos,../repos/reactos/dll/opengl/glu32/src/libnurbs/internals/varray.h,"(46, 4)-(46, 11)",b'~Varray()'
reactos,../repos/reactos/dll/opengl/glu32/src/libnurbs/internals/hull.cc,"(54, 7)-(54, 12)",b'Hull::~Hull'
reactos,../repos/reactos/dll/opengl/glu32/src/libnurbs/internals/bufpool.cc,"(73, 7)-(73, 12)",b'Pool::~Pool'
reactos,../repos/reactos/dll/opengl/glu32/src/libnurbs/internals/mesher.h,"(50, 4)-(50, 11)",b'~Mesher( void )'
reactos,../repos/reactos/dll/opengl/glu32/src/libnurbs/internals/sorter.h,"(39, 25)-(39, 32)",b'~Sorter()'
reactos,../repos/reactos/dll/opengl/glu32/src/libnurbs/internals/trimregion.h,"(51, 5)-(51, 16)",b'~TrimRegion( void )'
reactos,../repos/reactos/dll/opengl/glu32/src/libnurbs/internals/bin.h,"(50, 4)-(50, 8)",b'~Bin()'
reactos,../repos/reactos/dll/opengl/glu32/src/libnurbs/internals/curvelist.h,"(52, 4)-(52, 14)",b'~Curvelist( void )'
reactos,../repos/reactos/dll/opengl/glu32/src/libnurbs/internals/mesher.cc,"(67, 9)-(67, 16)",b'Mesher::~Mesher'
reactos,../repos/reactos/dll/opengl/glu32/src/libnurbs/internals/flistsorter.h,"(45, 25)-(45, 37)",b'~FlistSorter()'
reactos,../repos/reactos/dll/opengl/glu32/src/libnurbs/internals/knotvector.cc,"(70, 13)-(70, 24)",b'Knotvector::~Knotvector'
reactos,../repos/reactos/dll/opengl/glu32/src/libnurbs/internals/trimline.h,"(65, 4)-(65, 13)",b'~Trimline()'
reactos,../repos/reactos/dll/opengl/glu32/src/libnurbs/internals/patchlist.h,"(50, 8)-(50, 18)",b'~Patchlist()'
reactos,../repos/reactos/dll/opengl/glu32/src/libnurbs/internals/basiccrveval.h,"(45, 25)-(45, 45)",b'~BasicCurveEvaluator()'
reactos,../repos/reactos/dll/opengl/glu32/src/libnurbs/internals/knotvector.h,"(43, 4)-(43, 15)",b'~Knotvector( void )'
reactos,../repos/reactos/dll/opengl/glu32/src/libnurbs/internals/basicsurfeval.h,"(45, 25)-(45, 47)",b'~BasicSurfaceEvaluator()'
reactos,../repos/reactos/dll/opengl/glu32/src/libnurbs/internals/displaylist.cc,"(53, 14)-(53, 26)",b'DisplayList::~DisplayList'
reactos,../repos/reactos/dll/opengl/glu32/src/libnurbs/internals/flist.cc,"(60, 8)-(60, 14)",b'Flist::~Flist'
reactos,../repos/reactos/dll/opengl/glu32/src/libnurbs/internals/nurbsinterfac.cc,"(88, 19)-(88, 36)",b'NurbsTessellator::~NurbsTessellator'
reactos,../repos/reactos/dll/opengl/glu32/src/libnurbs/internals/slicer.cc,"(1192, 9)-(1192, 16)",b'Slicer::~Slicer'
reactos,../repos/reactos/dll/opengl/glu32/src/libnurbs/internals/arctess.h,"(50, 4)-(50, 19)",b'~ArcTessellator( void )'
reactos,../repos/reactos/dll/opengl/glu32/src/libnurbs/internals/tobezier.cc,"(79, 4)-(79, 13)",b'~Knotspec( void )'
reactos,../repos/reactos/dll/opengl/glu32/src/libnurbs/internals/tobezier.cc,"(97, 25)-(97, 36)",b'~Splinespec(void)'
reactos,../repos/reactos/dll/opengl/glu32/src/libnurbs/internals/tobezier.cc,"(151, 13)-(151, 24)",b'Splinespec::~Splinespec'
reactos,../repos/reactos/dll/opengl/glu32/src/libnurbs/internals/tobezier.cc,"(608, 11)-(608, 20)",b'Knotspec::~Knotspec'
reactos,../repos/reactos/dll/opengl/glu32/src/libnurbs/internals/hull.h,"(50, 8)-(50, 13)",b'~Hull( void )'
reactos,../repos/reactos/dll/opengl/glu32/src/libnurbs/internals/uarray.cc,"(53, 9)-(53, 16)",b'Uarray::~Uarray'
reactos,../repos/reactos/dll/opengl/glu32/src/libnurbs/internals/trimline.cc,"(52, 11)-(52, 20)",b'Trimline::~Trimline'
reactos,../repos/reactos/dll/opengl/glu32/src/libnurbs/internals/arctess.cc,"(69, 17)-(69, 32)",b'ArcTessellator::~ArcTessellator'
reactos,../repos/reactos/dll/opengl/glu32/src/libnurbs/internals/trimvertpool.h,"(48, 8)-(48, 23)",b'~TrimVertexPool( void )'
reactos,../repos/reactos/dll/opengl/glu32/src/libnurbs/internals/nurbstess.h,"(57, 16)-(57, 33)",b'~NurbsTessellator( void )'
reactos,../repos/reactos/dll/opengl/glu32/src/libnurbs/internals/subdivider.h,"(58, 4)-(58, 15)",b'~Subdivider( void )'
reactos,../repos/reactos/dll/opengl/glu32/src/libnurbs/internals/slicer.h,"(52, 4)-(52, 11)",b'~Slicer( void )'
reactos,../repos/reactos/dll/opengl/glu32/src/libnurbs/internals/trimvertpool.cc,"(65, 17)-(65, 32)",b'TrimVertexPool::~TrimVertexPool'
reactos,../repos/reactos/dll/opengl/glu32/src/libnurbs/internals/cachingeval.h,"(41, 25)-(41, 42)",b'~CachingEvaluator()'
reactos,../repos/reactos/dll/opengl/glu32/src/libnurbs/internals/displaylist.h,"(68, 4)-(68, 16)",b'~DisplayList( void )'
reactos,../repos/reactos/dll/opengl/glu32/src/libnurbs/internals/flist.h,"(50, 8)-(50, 14)",b'~Flist( void )'
reactos,../repos/reactos/dll/opengl/glu32/src/libnurbs/internals/bufpool.h,"(53, 4)-(53, 9)",b'~Pool( void )'
reactos,../repos/reactos/dll/opengl/glu32/src/libnurbs/internals/curvelist.cc,"(75, 12)-(75, 22)",b'Curvelist::~Curvelist'
reactos,../repos/reactos/dll/opengl/glu32/src/libnurbs/internals/patchlist.cc,"(86, 12)-(86, 22)",b'Patchlist::~Patchlist'
reactos,../repos/reactos/dll/opengl/glu32/src/libnurbs/internals/uarray.h,"(50, 4)-(50, 11)",b'~Uarray()'
reactos,../repos/reactos/dll/opengl/glu32/src/libnurbs/interface/glsurfeval.h,"(87, 3)-(87, 16)",b'~StoredVertex(void)'
reactos,../repos/reactos/dll/opengl/glu32/src/libnurbs/interface/glsurfeval.h,"(103, 16)-(103, 39)",b'~OpenGLSurfaceEvaluator( void )'
reactos,../repos/reactos/dll/opengl/glu32/src/libnurbs/interface/glsurfeval.cc,"(162, 25)-(162, 48)",b'OpenGLSurfaceEvaluator::~OpenGLSurfaceEvaluator'
reactos,../repos/reactos/dll/opengl/glu32/src/libnurbs/interface/glcurveval.cc,"(78, 23)-(78, 44)",b'OpenGLCurveEvaluator::~OpenGLCurveEvaluator'
reactos,../repos/reactos/dll/opengl/glu32/src/libnurbs/interface/glcurveval.h,"(69, 12)-(69, 33)",b'~OpenGLCurveEvaluator(void)'
reactos,../repos/reactos/dll/opengl/glu32/src/libnurbs/nurbtess/sampledLine.cc,"(124, 14)-(124, 26)",b'sampledLine::~sampledLine'
reactos,../repos/reactos/dll/opengl/glu32/src/libnurbs/nurbtess/primitiveStream.h,"(63, 3)-(63, 14)",b'~primStream()'
reactos,../repos/reactos/dll/opengl/glu32/src/libnurbs/nurbtess/monoChain.h,"(59, 3)-(59, 13)",b'~monoChain()'
reactos,../repos/reactos/dll/opengl/glu32/src/libnurbs/nurbtess/directedLine.h,"(65, 3)-(65, 16)",b'~directedLine()'
reactos,../repos/reactos/dll/opengl/glu32/src/libnurbs/nurbtess/monoTriangulation.h,"(56, 3)-(56, 15)",b'~reflexChain()'
reactos,../repos/reactos/dll/opengl/glu32/src/libnurbs/nurbtess/monoTriangulation.h,"(84, 3)-(84, 15)",b'~vertexArray()'
reactos,../repos/reactos/dll/opengl/glu32/src/libnurbs/nurbtess/gridWrap.cc,"(121, 11)-(121, 20)",b'gridWrap::~gridWrap'
reactos,../repos/reactos/dll/opengl/glu32/src/libnurbs/nurbtess/primitiveStream.cc,"(163, 13)-(163, 24)",b'primStream::~primStream'
reactos,../repos/reactos/dll/opengl/glu32/src/libnurbs/nurbtess/gridWrap.h,"(68, 3)-(68, 12)",b'~gridWrap()'
reactos,../repos/reactos/dll/opengl/glu32/src/libnurbs/nurbtess/gridWrap.h,"(110, 3)-(110, 21)",b'~gridBoundaryChain()'
reactos,../repos/reactos/dll/opengl/glu32/src/libnurbs/nurbtess/rectBlock.h,"(47, 3)-(47, 13)",b'~rectBlock()'
reactos,../repos/reactos/dll/opengl/glu32/src/libnurbs/nurbtess/rectBlock.h,"(67, 3)-(67, 18)",b'~rectBlockArray()'
reactos,../repos/reactos/dll/opengl/glu32/src/libnurbs/nurbtess/sampledLine.h,"(47, 3)-(47, 15)",b'~sampledLine()'
reactos,../repos/reactos/dll/opengl/glu32/src/libnurbs/nurbtess/monoTriangulation.cc,"(1139, 14)-(1139, 26)",b'vertexArray::~vertexArray'
reactos,../repos/reactos/dll/opengl/glu32/src/libnurbs/nurbtess/monoTriangulation.cc,"(1351, 14)-(1351, 26)",b'reflexChain::~reflexChain'
reactos,../repos/reactos/dll/opengl/glu32/src/libnurbs/nurbtess/rectBlock.cc,"(70, 12)-(70, 22)",b'rectBlock::~rectBlock'
reactos,../repos/reactos/dll/opengl/glu32/src/libnurbs/nurbtess/rectBlock.cc,"(140, 17)-(140, 32)",b'rectBlockArray::~rectBlockArray'
reactos,../repos/reactos/dll/opengl/glu32/src/libnurbs/nurbtess/directedLine.cc,"(316, 15)-(316, 28)",b'directedLine::~directedLine'
reactos,../repos/reactos/dll/ime/msctfime/msctfime.cpp,"(420, 13)-(420, 35)",b'~CCompartmentEventSink()'
reactos,../repos/reactos/dll/ime/msctfime/msctfime.cpp,"(444, 24)-(444, 46)",b'CCompartmentEventSink::~CCompartmentEventSink'
reactos,../repos/reactos/dll/ime/msctfime/msctfime.cpp,"(578, 13)-(578, 28)",b'~CTextEventSink()'
reactos,../repos/reactos/dll/ime/msctfime/msctfime.cpp,"(615, 17)-(615, 32)",b'CTextEventSink::~CTextEventSink'
reactos,../repos/reactos/dll/ime/msctfime/msctfime.cpp,"(790, 13)-(790, 29)",b'~CicInputContext()'
reactos,../repos/reactos/dll/ime/msctfime/msctfime.cpp,"(1101, 13)-(1101, 33)",b'~CThreadMgrEventSink()'
reactos,../repos/reactos/dll/ime/msctfime/msctfime.cpp,"(1276, 13)-(1276, 35)",b'~CFunctionProviderBase()'
reactos,../repos/reactos/dll/ime/msctfime/msctfime.cpp,"(1301, 24)-(1301, 46)",b'CFunctionProviderBase::~CFunctionProviderBase'
reactos,../repos/reactos/dll/ime/msctfime/msctfime.cpp,"(1324, 13)-(1324, 24)",b'~CFnDocFeed()'
reactos,../repos/reactos/dll/ime/msctfime/msctfime.cpp,"(1343, 13)-(1343, 24)",b'CFnDocFeed::~CFnDocFeed'
reactos,../repos/reactos/dll/ime/msctfime/msctfime.cpp,"(1501, 13)-(1501, 23)",b'~CicBridge()'
reactos,../repos/reactos/dll/ime/msctfime/msctfime.cpp,"(1562, 13)-(1562, 46)",b'~CActiveLanguageProfileNotifySink()'
reactos,../repos/reactos/dll/ime/msctfime/msctfime.cpp,"(1592, 35)-(1592, 68)",b'CActiveLanguageProfileNotifySink::~CActiveLan...'
reactos,../repos/reactos/dll/ime/msctfime/msctfime.cpp,"(1721, 13)-(1721, 24)",b'~CicProfile()'
reactos,../repos/reactos/dll/ime/msctfime/msctfime.cpp,"(1753, 13)-(1753, 24)",b'CicProfile::~CicProfile'
reactos,../repos/reactos/dll/ime/msctfime/msctfime.cpp,"(2100, 12)-(2100, 22)",b'CicBridge::~CicBridge'
reactos,../repos/reactos/dll/ime/msctfime/msctfime.cpp,"(3345, 13)-(3345, 16)",b'~UI()'
reactos,../repos/reactos/dll/ime/msctfime/msctfime.cpp,"(3366, 5)-(3366, 8)",b'UI::~UI'
reactos,../repos/reactos/dll/directx/ksproxy/allocator.cpp,"(65, 13)-(65, 26)",b'~CKsAllocator()'
reactos,../repos/reactos/dll/directx/ksproxy/mediasample.cpp,"(55, 13)-(55, 26)",b'~CMediaSample()'
reactos,../repos/reactos/dll/directx/ksproxy/datatype.cpp,"(44, 13)-(44, 32)",b'~CKsDataTypeHandler()'
reactos,../repos/reactos/dll/directx/ksproxy/node.cpp,"(39, 13)-(39, 21)",b'~CKsNode()'
reactos,../repos/reactos/dll/directx/ksproxy/enum_mediatypes.cpp,"(39, 13)-(39, 29)",b'~CEnumMediaTypes()'
reactos,../repos/reactos/dll/directx/ksproxy/proxy.cpp,"(167, 5)-(167, 14)",b'~CKsProxy()'
reactos,../repos/reactos/dll/directx/ksproxy/qualityforward.cpp,"(42, 13)-(42, 33)",b'~CKsQualityForwarder()'
reactos,../repos/reactos/dll/directx/ksproxy/cvpconfig.cpp,"(60, 13)-(60, 23)",b'~CVPConfig()'
reactos,../repos/reactos/dll/directx/ksproxy/cvpvbiconfig.cpp,"(57, 13)-(57, 26)",b'~CVPVBIConfig()'
reactos,../repos/reactos/dll/directx/ksproxy/basicaudio.cpp,"(56, 13)-(56, 27)",b'~CKsBasicAudio()'
reactos,../repos/reactos/dll/directx/ksproxy/output_pin.cpp,"(161, 13)-(161, 24)",b'~COutputPin()'
reactos,../repos/reactos/dll/directx/ksproxy/output_pin.cpp,"(210, 13)-(210, 24)",b'COutputPin::~COutputPin'
reactos,../repos/reactos/dll/directx/ksproxy/enumpins.cpp,"(39, 13)-(39, 23)",b'~CEnumPins()'
reactos,../repos/reactos/dll/directx/ksproxy/clockforward.cpp,"(49, 13)-(49, 31)",b'~CKsClockForwarder()'
reactos,../repos/reactos/dll/directx/ksproxy/classfactory.cpp,"(39, 13)-(39, 27)",b'~CClassFactory()'
reactos,../repos/reactos/dll/directx/ksproxy/input_pin.cpp,"(155, 13)-(155, 23)",b'~CInputPin()'
reactos,../repos/reactos/dll/directx/ksproxy/interface.cpp,"(39, 13)-(39, 33)",b'~CKsInterfaceHandler()'
reactos,../repos/reactos/dll/directx/msdvbnp/networkprovider.cpp,"(66, 13)-(66, 30)",b'~CNetworkProvider()'
reactos,../repos/reactos/dll/directx/msdvbnp/ethernetfilter.cpp,"(28, 13)-(28, 29)",b'~CEthernetFilter()'
reactos,../repos/reactos/dll/directx/msdvbnp/ethernetfilter.cpp,"(45, 18)-(45, 34)",b'CEthernetFilter::~CEthernetFilter'
reactos,../repos/reactos/dll/directx/msdvbnp/enum_mediatypes.cpp,"(39, 13)-(39, 29)",b'~CEnumMediaTypes()'
reactos,../repos/reactos/dll/directx/msdvbnp/enumpins.cpp,"(39, 13)-(39, 23)",b'~CEnumPins()'
reactos,../repos/reactos/dll/directx/msdvbnp/classfactory.cpp,"(41, 13)-(41, 27)",b'~CClassFactory()'
reactos,../repos/reactos/dll/directx/msdvbnp/ipv4.cpp,"(27, 13)-(27, 25)",b'~CIPV4Filter()'
reactos,../repos/reactos/dll/directx/msdvbnp/ipv4.cpp,"(44, 14)-(44, 26)",b'CIPV4Filter::~CIPV4Filter'
reactos,../repos/reactos/dll/directx/msdvbnp/pin.cpp,"(55, 13)-(55, 18)",b'~CPin()'
reactos,../repos/reactos/dll/directx/msdvbnp/scanningtuner.cpp,"(52, 13)-(52, 29)",b'~CScanningTunner()'
reactos,../repos/reactos/dll/directx/msdvbnp/ipv6.cpp,"(26, 13)-(26, 25)",b'~CIPV6Filter()'
reactos,../repos/reactos/dll/directx/msdvbnp/ipv6.cpp,"(43, 14)-(43, 26)",b'CIPV6Filter::~CIPV6Filter'
reactos,../repos/reactos/dll/directx/bdaplgin/frequencyfilter.cpp,"(52, 13)-(52, 33)",b'~CBDAFrequencyFilter()'
reactos,../repos/reactos/dll/directx/bdaplgin/pincontrol.cpp,"(46, 13)-(46, 28)",b'~CBDAPinControl()'
reactos,../repos/reactos/dll/directx/bdaplgin/controlnode.cpp,"(38, 13)-(38, 26)",b'~CControlNode()'
reactos,../repos/reactos/dll/directx/bdaplgin/classfactory.cpp,"(41, 13)-(41, 27)",b'~CClassFactory()'
reactos,../repos/reactos/dll/directx/bdaplgin/devicecontrol.cpp,"(73, 13)-(73, 31)",b'~CBDADeviceControl()'
reactos,../repos/reactos/dll/directx/bdaplgin/digitaldemo.cpp,"(54, 5)-(54, 28)",b'~CBDADigitalDemodulator()'
reactos,../repos/reactos/dll/directx/bdaplgin/lnbinfo.cpp,"(47, 5)-(47, 17)",b'~CBDALNBInfo()'
reactos,../repos/reactos/dll/directx/bdaplgin/signalstatistics.cpp,"(51, 5)-(51, 26)",b'~CBDASignalStatistics()'
reactos,../repos/reactos/dll/directx/msvidctl/tuningspace_container.cpp,"(59, 13)-(59, 35)",b'~CTuningSpaceContainer()'
reactos,../repos/reactos/dll/directx/msvidctl/tunerequest.cpp,"(74, 13)-(74, 26)",b'~CTuneRequest()'
reactos,../repos/reactos/dll/directx/msvidctl/enumtuningspaces.cpp,"(40, 13)-(40, 31)",b'~CEnumTuningSpaces()'
reactos,../repos/reactos/dll/directx/msvidctl/classfactory.cpp,"(41, 13)-(41, 27)",b'~CClassFactory()'
reactos,../repos/reactos/dll/directx/msvidctl/tuningspace.cpp,"(72, 13)-(72, 26)",b'~CTuningSpace()'
reactos,../repos/reactos/dll/shellext/shellbtrfs/propsheet.h,"(123, 13)-(123, 28)",b'~BtrfsPropSheet()'
reactos,../repos/reactos/dll/shellext/shellbtrfs/shellext.h,"(238, 5)-(238, 16)",b'~win_handle()'
reactos,../repos/reactos/dll/shellext/shellbtrfs/shellext.h,"(280, 5)-(280, 16)",b'~fff_handle()'
reactos,../repos/reactos/dll/shellext/shellbtrfs/shellext.h,"(322, 5)-(322, 15)",b'~nt_handle()'
reactos,../repos/reactos/dll/shellext/shellbtrfs/volpropsheet.h,"(46, 13)-(46, 31)",b'~BtrfsVolPropSheet()'
reactos,../repos/reactos/dll/shellext/shellbtrfs/mountmgr_local.h,"(27, 5)-(27, 14)",b'~mountmgr()'
reactos,../repos/reactos/dll/shellext/shellbtrfs/recv.h,"(49, 13)-(49, 23)",b'~BtrfsRecv()'
reactos,../repos/reactos/dll/shellext/shellbtrfs/factory.h,"(38, 13)-(38, 21)",b'~Factory()'
reactos,../repos/reactos/dll/shellext/shellbtrfs/mountmgr_local.cpp,"(27, 11)-(27, 20)",b'mountmgr::~mountmgr'
reactos,../repos/reactos/dll/shellext/shellbtrfs/contextmenu.h,"(35, 13)-(35, 30)",b'~BtrfsContextMenu()'
reactos,../repos/reactos/dll/shellext/shellbtrfs/send.h,"(39, 5)-(39, 15)",b'~BtrfsSend()'
reactos,../repos/reactos/dll/shellext/shellbtrfs/iconoverlay.h,"(31, 13)-(31, 30)",b'~BtrfsIconOverlay()'
reactos,../repos/reactos/dll/shellext/acppage/CLayerUIPropPage.cpp,"(125, 19)-(125, 36)",b'CLayerUIPropPage::~CLayerUIPropPage'
reactos,../repos/reactos/dll/shellext/acppage/CLayerUIPropPage.hpp,"(21, 5)-(21, 22)",b'~CLayerUIPropPage()'
reactos,../repos/reactos/dll/shellext/acppage/CEditCompatModes.cpp,"(36, 5)-(36, 22)",b'~CEditCompatModes()'
reactos,../repos/reactos/dll/shellext/acppage/CLayerStringList.hpp,"(26, 5)-(26, 22)",b'~CLayerStringList()'
reactos,../repos/reactos/dll/shellext/stobject/csystray.cpp,"(29, 11)-(29, 20)",b'CSysTray::~CSysTray'
reactos,../repos/reactos/dll/shellext/stobject/csystray.h,"(64, 13)-(64, 22)",b'~CSysTray()'
reactos,../repos/reactos/dll/shellext/fontext/CFontExt.cpp,"(88, 11)-(88, 20)",b'CFontExt::~CFontExt'
reactos,../repos/reactos/dll/shellext/fontext/CFontExt.hpp,"(23, 5)-(23, 14)",b'~CFontExt()'
reactos,../repos/reactos/dll/shellext/sendmail/CDeskLinkDropHandler.hpp,"(21, 5)-(21, 26)",b'~CDeskLinkDropHandler()'
reactos,../repos/reactos/dll/shellext/sendmail/CDeskLinkDropHandler.cpp,"(17, 23)-(17, 44)",b'CDeskLinkDropHandler::~CDeskLinkDropHandler'
reactos,../repos/reactos/dll/shellext/ntobjshex/foldercommon.h,"(21, 13)-(21, 27)",b'~CFolderViewCB()'
reactos,../repos/reactos/dll/shellext/ntobjshex/foldercommon.h,"(77, 13)-(77, 27)",b'~CCommonFolder()'
reactos,../repos/reactos/dll/shellext/ntobjshex/regfolder.cpp,"(33, 29)-(33, 56)",b'CRegistryFolderExtractIcon::~CRegistryFolderE...'
reactos,../repos/reactos/dll/shellext/ntobjshex/regfolder.cpp,"(104, 18)-(104, 34)",b'CRegistryFolder::~CRegistryFolder'
reactos,../repos/reactos/dll/shellext/ntobjshex/ntobjfolder.cpp,"(33, 29)-(33, 56)",b'CNtObjectFolderExtractIcon::~CNtObjectFolderE...'
reactos,../repos/reactos/dll/shellext/ntobjshex/ntobjfolder.cpp,"(114, 18)-(114, 34)",b'CNtObjectFolder::~CNtObjectFolder'
reactos,../repos/reactos/dll/shellext/ntobjshex/ntobjenum.cpp,"(196, 5)-(196, 18)",b'~CEnumRegRoot()'
reactos,../repos/reactos/dll/shellext/ntobjshex/ntobjenum.cpp,"(314, 5)-(314, 17)",b'~CEnumRegKey()'
reactos,../repos/reactos/dll/shellext/ntobjshex/ntobjenum.cpp,"(566, 5)-(566, 22)",b'~CEnumNTDirectory()'
reactos,../repos/reactos/dll/shellext/ntobjshex/ntobjfolder.h,"(22, 13)-(22, 40)",b'~CNtObjectFolderExtractIcon()'
reactos,../repos/reactos/dll/shellext/ntobjshex/ntobjfolder.h,"(57, 13)-(57, 29)",b'~CNtObjectFolder()'
reactos,../repos/reactos/dll/shellext/ntobjshex/regfolder.h,"(22, 13)-(22, 40)",b'~CRegistryFolderExtractIcon()'
reactos,../repos/reactos/dll/shellext/ntobjshex/regfolder.h,"(59, 13)-(59, 29)",b'~CRegistryFolder()'
reactos,../repos/reactos/dll/shellext/mydocs/CMyDocsDropHandler.cpp,"(17, 21)-(17, 40)",b'CMyDocsDropHandler::~CMyDocsDropHandler'
reactos,../repos/reactos/dll/shellext/mydocs/CMyDocsDropHandler.hpp,"(20, 5)-(20, 24)",b'~CMyDocsDropHandler()'
reactos,../repos/reactos/dll/shellext/zipfldr/CZipFolder.hpp,"(51, 5)-(51, 16)",b'~CZipFolder()'
reactos,../repos/reactos/dll/shellext/zipfldr/CFolderViewCB.cpp,"(17, 13)-(17, 27)",b'~CFolderViewCB()'
reactos,../repos/reactos/dll/shellext/zipfldr/CSendToZip.hpp,"(27, 13)-(27, 24)",b'~CSendToZip()'
reactos,../repos/reactos/dll/shellext/zipfldr/CZipCreator.hpp,"(18, 13)-(18, 25)",b'~CZipCreator()'
reactos,../repos/reactos/dll/shellext/zipfldr/CZipExtract.cpp,"(32, 5)-(32, 17)",b'~CZipExtract()'
reactos,../repos/reactos/dll/shellext/zipfldr/CZipCreator.cpp,"(169, 14)-(169, 26)",b'CZipCreator::~CZipCreator'
reactos,../repos/reactos/dll/shellext/netshell/enumlist.cpp,"(135, 9)-(135, 21)",b'~CEnumIDList()'
reactos,../repos/reactos/dll/shellext/netshell/enumlist.cpp,"(204, 14)-(204, 26)",b'CEnumIDList::~CEnumIDList'
reactos,../repos/reactos/dll/shellext/netshell/shfldr_netconnect.h,"(22, 9)-(22, 29)",b'~CNetworkConnections()'
reactos,../repos/reactos/dll/shellext/netshell/shfldr_netconnect.h,"(102, 9)-(102, 25)",b'~CNetConUiObject()'
reactos,../repos/reactos/dll/shellext/netshell/connectmanager.h,"(53, 8)-(53, 23)",b'~CNetConnection()'
reactos,../repos/reactos/dll/shellext/netshell/shfldr_netconnect.cpp,"(69, 22)-(69, 42)",b'CNetworkConnections::~CNetworkConnections'
reactos,../repos/reactos/dll/shellext/netshell/shfldr_netconnect.cpp,"(407, 18)-(407, 34)",b'CNetConUiObject::~CNetConUiObject'
reactos,../repos/reactos/dll/shellext/netshell/lanconnectui.h,"(31, 9)-(31, 34)",b'~CNetConnectionPropertyUi()'
reactos,../repos/reactos/dll/shellext/netshell/lanconnectui.cpp,"(15, 27)-(15, 52)",b'CNetConnectionPropertyUi::~CNetConnectionProp...'
reactos,../repos/reactos/dll/shellext/netshell/connectmanager.cpp,"(40, 17)-(40, 32)",b'CNetConnection::~CNetConnection'
