Repo name,File name,Location,Content
reactos,../repos/reactos/base/services/dcomlaunch/network.c,"(36, 1)-(126, 2)",b'static VOID\nCookupNodeId(UCHAR * NodeId)\n{\n  ...'
reactos,../repos/reactos/base/services/nfsd/util.c,"(137, 1)-(161, 2)",b'ULONG nfs_file_info_to_attributes(\n    IN con...'
reactos,../repos/reactos/base/services/eventlog/eventsource.c,"(81, 1)-(198, 2)","b'BOOL\nLoadEventSources(HKEY hKey,\n            ...'"
reactos,../repos/reactos/base/shell/explorer/traywnd.cpp,"(1772, 5)-(1791, 6)",b'VOID CheckTrayWndPosition()\n    {\n        /* ...'
reactos,../repos/reactos/base/shell/cmd/dir.c,"(1842, 1)-(1994, 2)",b'INT\nCommandDir(LPTSTR rest)\n{\n    TCHAR   dir...'
reactos,../repos/reactos/base/shell/cmd/move.c,"(56, 1)-(63, 2)",b'static INT MoveOverwrite (LPTSTR fn)\n{\n    /*...'
reactos,../repos/reactos/base/shell/cmd/move.c,"(87, 1)-(520, 2)",b'INT cmd_move (LPTSTR param)\n{\n    LPTSTR *arg...'
reactos,../repos/reactos/base/shell/cmd/cmd.c,"(2072, 1)-(2125, 2)",b'static VOID\nGetCmdLineCommand(\n    OUT LPTSTR...'
reactos,../repos/reactos/base/shell/cmd/copy.c,"(285, 1)-(292, 2)",b'static INT CopyOverwrite (LPTSTR fn)\n{\n    /*...'
reactos,../repos/reactos/base/shell/cmd/copy.c,"(332, 1)-(883, 2)",b'INT cmd_copy(LPTSTR param)\n{\n    LPTSTR *arg;...'
reactos,../repos/reactos/base/system/diskpart/delete.c,"(36, 1)-(199, 2)","b'BOOL\nDeletePartition(\n    _In_ INT argc,\n    ...'"
reactos,../repos/reactos/base/system/smss/sminit.c,"(973, 1)-(1275, 2)",b'NTSTATUS\nNTAPI\nSmpCreateSecurityDescriptors(I...'
reactos,../repos/reactos/base/system/smss/sminit.c,"(1681, 1)-(2024, 2)",b'NTSTATUS\nNTAPI\nSmpCreateDynamicEnvironmentVar...'
reactos,../repos/reactos/base/system/smss/sminit.c,"(2241, 1)-(2445, 2)",b'NTSTATUS\nNTAPI\nSmpLoadDataFromRegistry(OUT PU...'
reactos,../repos/reactos/base/system/smss/pagefile.c,"(1047, 1)-(1150, 2)",b'NTSTATUS\nNTAPI\nSmpCreatePagingFiles(VOID)\n{\n ...'
reactos,../repos/reactos/base/system/winlogon/sas.c,"(660, 1)-(772, 2)",b'static\nNTSTATUS\nCreateLogoffSecurityAttribute...'
reactos,../repos/reactos/base/setup/lib/utils/bldrsup.c,"(265, 1)-(528, 2)",b'static NTSTATUS\nOpenIniBootLoaderStore(\n    O...'
reactos,../repos/reactos/base/setup/lib/utils/bldrsup.c,"(1351, 1)-(1483, 2)",b'static NTSTATUS\nNtLdrEnumerateBootEntries(\n  ...'
reactos,../repos/reactos/dll/opengl/glu32/src/libutil/project.c,"(268, 1)-(305, 2)","b'GLint GLAPIENTRY\ngluUnProject(GLdouble winx, ...'"
reactos,../repos/reactos/dll/opengl/glu32/src/libutil/project.c,"(307, 1)-(345, 2)","b'GLint GLAPIENTRY\ngluUnProject4(GLdouble winx,...'"
reactos,../repos/reactos/dll/opengl/glu32/src/libnurbs/internals/monoTriangulationBackend.cc,"(83, 1)-(156, 2)","b'void reflexChain::processNewVertex(Real v[2],...'"
reactos,../repos/reactos/dll/opengl/glu32/src/libnurbs/internals/trimline.cc,"(114, 1)-(134, 2)","b'void\nTrimline::getNextPts( REAL vval, Backend...'"
reactos,../repos/reactos/dll/opengl/glu32/src/libnurbs/internals/trimline.cc,"(136, 1)-(156, 2)","b'void \nTrimline::getPrevPts( REAL vval, Backen...'"
reactos,../repos/reactos/dll/opengl/glu32/src/libnurbs/nurbtess/polyDBG.cc,"(321, 1)-(374, 2)","b'Int DBG_rayIntersectEdge(Real v0[2], Real dx,...'"
reactos,../repos/reactos/dll/opengl/glu32/src/libnurbs/nurbtess/partitionY.cc,"(722, 1)-(836, 2)","b'void sweepY(Int nVertices, directedLine** sor...'"
reactos,../repos/reactos/dll/opengl/glu32/src/libnurbs/nurbtess/monoChain.cc,"(451, 1)-(565, 2)","b'Int MC_sweepY(Int nVertices, monoChain** sort...'"
reactos,../repos/reactos/dll/opengl/glu32/src/libnurbs/nurbtess/searchTree.cc,"(142, 1)-(215, 2)",b'treeNode* TreeNodeDeleteSingleNode(treeNode* ...'
reactos,../repos/reactos/dll/opengl/glu32/src/libnurbs/nurbtess/monoTriangulation.cc,"(1420, 1)-(1472, 2)","b'void reflexChain::processNewVertex(Real v[2],...'"
reactos,../repos/reactos/dll/opengl/mesa/matrix.c,"(814, 1)-(923, 2)","b'void gl_rotation_matrix( GLfloat angle, GLflo...'"
reactos,../repos/reactos/dll/opengl/mesa/vbrender.c,"(442, 1)-(592, 2)",b'static void render_clipped_polygon( GLcontext...'
reactos,../repos/reactos/dll/opengl/mesa/vbfill.c,"(1341, 1)-(1420, 2)","b'void gl_Begin( GLcontext *ctx, GLenum p )\n{\n ...'"
reactos,../repos/reactos/dll/opengl/mesa/shade.c,"(439, 1)-(606, 2)","b'void gl_index_shade_vertices( GLcontext *ctx,...'"
reactos,../repos/reactos/dll/directx/wine/d3dx9_36/effect.c,"(1119, 1)-(1211, 2)",b'static HRESULT d3dx9_get_param_value_ptr(stru...'
reactos,../repos/reactos/dll/directx/wine/d3dx9_36/txc_compress_dxtn.c,"(233, 1)-(354, 2)",b'static void storedxtencodedblock( GLubyte *bl...'
reactos,../repos/reactos/dll/directx/wine/qedit/timeline.c,"(324, 1)-(330, 2)",b'static HRESULT WINAPI Timeline_IAMTimeline_Va...'
reactos,../repos/reactos/dll/directx/wine/d3d9/device.c,"(975, 1)-(1004, 2)",b'static HRESULT WINAPI DECLSPEC_HOTPATCH d3d9_...'
reactos,../repos/reactos/dll/directx/wine/d3d9/device.c,"(3665, 1)-(3696, 2)",b'static HRESULT WINAPI DECLSPEC_HOTPATCH d3d9_...'
reactos,../repos/reactos/dll/directx/wine/d3d9/swapchain.c,"(120, 1)-(144, 2)",b'static HRESULT WINAPI DECLSPEC_HOTPATCH d3d9_...'
reactos,../repos/reactos/dll/directx/wine/dinput/mouse.c,"(198, 1)-(256, 2)",b'static SysMouseImpl *alloc_device(REFGUID rgu...'
reactos,../repos/reactos/dll/directx/wine/dinput/mouse.c,"(317, 1)-(417, 2)",b'static int dinput_mouse_hook( LPDIRECTINPUTDE...'
reactos,../repos/reactos/dll/directx/wine/dinput/mouse.c,"(458, 1)-(502, 2)",b'static HRESULT WINAPI SysMouseWImpl_Acquire(L...'
reactos,../repos/reactos/dll/directx/wine/dinput/mouse.c,"(513, 1)-(537, 2)",b'static HRESULT WINAPI SysMouseWImpl_Unacquire...'
reactos,../repos/reactos/dll/directx/wine/quartz/avisplit.c,"(678, 1)-(882, 2)",b'static HRESULT AVISplitter_ProcessStreamList(...'
reactos,../repos/reactos/dll/directx/wine/quartz/avisplit.c,"(1027, 1)-(1213, 2)",b'static HRESULT AVISplitter_InputPin_PreConnec...'
reactos,../repos/reactos/dll/directx/wine/d3d8/device.c,"(823, 1)-(838, 2)",b'static HRESULT WINAPI d3d8_device_Present(IDi...'
reactos,../repos/reactos/dll/directx/wine/d3d8/swapchain.c,"(89, 1)-(112, 2)",b'static HRESULT WINAPI DECLSPEC_HOTPATCH d3d8_...'
reactos,../repos/reactos/dll/directx/wine/d3drm/frame.c,"(2849, 1)-(2855, 2)",b'static HRESULT WINAPI d3drm_frame3_SetMateria...'
reactos,../repos/reactos/dll/directx/wine/d3drm/frame.c,"(2857, 1)-(2863, 2)",b'static HRESULT WINAPI d3drm_frame3_GetMateria...'
reactos,../repos/reactos/dll/directx/wine/qcap/vfwcapture.c,"(692, 1)-(706, 2)",b'static HRESULT WINAPI VfwPin_DecideBufferSize...'
reactos,../repos/reactos/dll/directx/wine/wined3d/glsl_shader.c,"(3565, 1)-(3585, 2)",b'static void shader_glsl_fixup_position(struct...'
reactos,../repos/reactos/dll/directx/wine/wined3d/directx.c,"(1566, 1)-(1621, 2)",b'static const struct gpu_description *query_gp...'
reactos,../repos/reactos/dll/directx/wine/wined3d/directx.c,"(1623, 1)-(1745, 2)",b'static void init_driver_info(struct wined3d_d...'
reactos,../repos/reactos/dll/directx/wine/wined3d/directx.c,"(4840, 1)-(4935, 2)",b'HRESULT CDECL wined3d_set_adapter_display_mod...'
reactos,../repos/reactos/dll/directx/wine/wined3d/palette.c,"(100, 1)-(141, 2)",b'HRESULT CDECL wined3d_palette_set_entries(str...'
reactos,../repos/reactos/dll/directx/wine/wined3d/cs.c,"(451, 1)-(475, 2)",b'static void wined3d_cs_exec_present(struct wi...'
reactos,../repos/reactos/dll/directx/wine/wined3d/cs.c,"(477, 1)-(512, 2)",b'void wined3d_cs_emit_present(struct wined3d_c...'
reactos,../repos/reactos/dll/directx/wine/wined3d/arb_program_shader.c,"(2220, 1)-(2240, 2)",b'static void pshader_hw_texm3x3pad(const struc...'
reactos,../repos/reactos/dll/directx/wine/wined3d/arb_program_shader.c,"(2662, 1)-(2767, 2)",b'static void shader_hw_sincos(const struct win...'
reactos,../repos/reactos/dll/directx/wine/wined3d/arb_program_shader.c,"(2769, 1)-(2810, 2)",b'static void shader_hw_sgn(const struct wined3...'
reactos,../repos/reactos/dll/directx/wine/wined3d/arb_program_shader.c,"(3180, 1)-(3288, 2)",b'static void vshader_add_footer(struct shader_...'
reactos,../repos/reactos/dll/directx/wine/wined3d/arb_program_shader.c,"(4105, 1)-(4241, 2)",b'static GLuint shader_arb_generate_vshader(con...'
reactos,../repos/reactos/dll/directx/wine/wined3d/arb_program_shader.c,"(7305, 1)-(7352, 2)",b'static GLuint gen_p8_shader(const struct wine...'
reactos,../repos/reactos/dll/directx/wine/wined3d/arb_program_shader.c,"(7392, 1)-(7513, 2)",b'static GLuint gen_yuv_shader(const struct win...'
reactos,../repos/reactos/dll/directx/wine/wined3d/swapchain.c,"(152, 1)-(192, 2)",b'HRESULT CDECL wined3d_swapchain_present(struc...'
reactos,../repos/reactos/dll/directx/wine/wined3d/swapchain.c,"(667, 1)-(687, 2)",b'static void wined3d_swapchain_apply_sample_co...'
reactos,../repos/reactos/dll/directx/wine/wined3d/swapchain.c,"(776, 1)-(1021, 2)",b'static HRESULT swapchain_init(struct wined3d_...'
reactos,../repos/reactos/dll/directx/wine/wined3d/swapchain.c,"(1200, 1)-(1295, 2)",b'HRESULT CDECL wined3d_swapchain_resize_buffer...'
reactos,../repos/reactos/dll/directx/wine/ddraw/main.c,"(801, 1)-(908, 2)","b'BOOL WINAPI DllMain(HINSTANCE inst, DWORD rea...'"
reactos,../repos/reactos/dll/directx/wine/ddraw/viewport.c,"(317, 1)-(355, 2)",b'static HRESULT WINAPI d3d_viewport_SetViewpor...'
reactos,../repos/reactos/dll/directx/wine/ddraw/surface.c,"(956, 1)-(1035, 2)",b'static HRESULT surface_lock(struct ddraw_surf...'
reactos,../repos/reactos/dll/ntdll/ldr/ldrutils.c,"(2667, 1)-(2702, 2)",b'ULONG\nNTAPI\nLdrpClearLoadInProgress(VOID)\n{\n ...'
reactos,../repos/reactos/dll/shellext/fontext/CDataObject.cpp,"(38, 1)-(101, 2)",b'HRESULT _CDataObject_CreateInstance(PCIDLIST_...'
reactos,../repos/reactos/dll/appcompat/apphelp/shimeng.c,"(812, 1)-(858, 2)",b'BOOL SeiIsExcluded(PLDR_DATA_TABLE_ENTRY LdrE...'
reactos,../repos/reactos/hal/halx86/legacy/bussupp.c,"(234, 1)-(278, 2)",b'NTAPI\nHalpMarkChipsetDecode(BOOLEAN OverrideE...'
reactos,../repos/reactos/hal/halx86/legacy/bussupp.c,"(641, 1)-(691, 2)",b'NTAPI\nHalpGetPciBridgeConfig(IN ULONG PciType...'
reactos,../repos/reactos/hal/halx86/legacy/bussupp.c,"(1022, 1)-(1257, 2)",b'NTAPI\nHalpInitializePciBus(VOID)\n{\n#ifndef _M...'
reactos,../repos/reactos/hal/halx86/legacy/bus/bushndlr.c,"(442, 1)-(471, 2)",b'VOID\nNTAPI\nHalpInitBusHandler(VOID)\n{\n    /* ...'
reactos,../repos/reactos/hal/halx86/generic/usage.c,"(267, 1)-(549, 2)",b'NTAPI\nHalpReportResourceUsage(IN PUNICODE_STR...'
reactos,../repos/reactos/hal/halx86/acpi/halacpi.c,"(640, 1)-(767, 2)",b'NTSTATUS\nNTAPI\nHalpAcpiTableCacheInit(IN PLOA...'
reactos,../repos/reactos/ntoskrnl/po/poshtdwn.c,"(175, 1)-(228, 2)",b'VOID\nNTAPI\nPopShutdownSystem(IN POWER_ACTION ...'
reactos,../repos/reactos/ntoskrnl/po/poshtdwn.c,"(230, 1)-(299, 2)",b'VOID\nNTAPI\nPopGracefulShutdown(IN PVOID Conte...'
reactos,../repos/reactos/ntoskrnl/se/token.c,"(1168, 1)-(1348, 2)",b'static\nNTSTATUS\nSepOpenThreadToken(\n    _In_ ...'
reactos,../repos/reactos/ntoskrnl/se/tokenlif.c,"(857, 1)-(1399, 2)",b'static\nNTSTATUS\nSepPerformTokenFiltering(\n   ...'
reactos,../repos/reactos/ntoskrnl/cache/pinsup.c,"(186, 1)-(195, 2)",b'VOID\nCcpUnmapCache(PVOID Context)\n{\n    PWORK...'
reactos,../repos/reactos/ntoskrnl/cache/pinsup.c,"(463, 1)-(690, 2)",b'BOOLEAN\nNTAPI\nCcpMapData(IN PFILE_OBJECT File...'
reactos,../repos/reactos/ntoskrnl/cache/section/swapout.c,"(343, 1)-(586, 2)",b'NTSTATUS\nNTAPI\nMmpPageOutPhysicalAddress(PFN_...'
reactos,../repos/reactos/ntoskrnl/config/i386/cmhardwr.c,"(129, 1)-(226, 2)",b'BOOLEAN\nNTAPI\nCmpGetBiosVersion(IN PCHAR Bios...'
reactos,../repos/reactos/ntoskrnl/config/i386/cmhardwr.c,"(228, 1)-(897, 2)",b'NTSTATUS\nNTAPI\nCmpInitializeMachineDependentC...'
reactos,../repos/reactos/ntoskrnl/config/cmparse.c,"(1458, 1)-(1635, 2)",b'static\nNTSTATUS\nCmpLookInCache(\n    _In_ PCM_...'
reactos,../repos/reactos/ntoskrnl/config/cmvalche.c,"(325, 1)-(696, 2)",b'VALUE_SEARCH_RETURN_TYPE\nNTAPI\nCmpQueryKeyVal...'
reactos,../repos/reactos/ntoskrnl/mm/region.c,"(106, 1)-(235, 2)",b'NTSTATUS\nNTAPI\nMmAlterRegion(PMMSUPPORT Addre...'
reactos,../repos/reactos/ntoskrnl/mm/ARM3/pagfault.c,"(897, 1)-(987, 2)",b'static\nNTSTATUS\nNTAPI\nMiResolvePageFileFault(...'
reactos,../repos/reactos/ntoskrnl/mm/ARM3/pagfault.c,"(989, 1)-(1119, 2)",b'static\nNTSTATUS\nNTAPI\nMiResolveTransitionFaul...'
reactos,../repos/reactos/ntoskrnl/mm/ARM3/pagfault.c,"(1121, 1)-(1334, 2)",b'static\nNTSTATUS\nNTAPI\nMiResolveProtoPteFault(...'
reactos,../repos/reactos/ntoskrnl/mm/ARM3/pool.c,"(916, 1)-(1272, 2)",b'ULONG\nNTAPI\nMiFreePoolPages(IN PVOID Starting...'
reactos,../repos/reactos/ntoskrnl/mm/ARM3/mminit.c,"(1621, 1)-(1746, 2)",b'NTAPI\nMmInitializeMemoryLimits(IN PLOADER_PAR...'
reactos,../repos/reactos/ntoskrnl/mm/ARM3/virtual.c,"(2477, 1)-(2569, 2)",b'VOID\nNTAPI\nMiMakePdeExistAndMakeValid(IN PMMP...'
reactos,../repos/reactos/ntoskrnl/mm/ARM3/expool.c,"(455, 1)-(471, 2)",b'FORCEINLINE\nULONG\nExpComputePartialHashForAdd...'
reactos,../repos/reactos/ntoskrnl/mm/ARM3/expool.c,"(758, 1)-(847, 2)","b'VOID\nNTAPI\nExpRemovePoolTracker(IN ULONG Key,...'"
reactos,../repos/reactos/ntoskrnl/mm/ARM3/expool.c,"(849, 1)-(965, 2)","b'VOID\nNTAPI\nExpInsertPoolTracker(IN ULONG Key,...'"
reactos,../repos/reactos/ntoskrnl/mm/ARM3/expool.c,"(1355, 1)-(1458, 2)",b'NTSTATUS\nNTAPI\nExGetPoolTagInfo(IN PSYSTEM_PO...'
reactos,../repos/reactos/ntoskrnl/mm/ARM3/section.c,"(138, 1)-(218, 2)",b'ULONG\nNTAPI\nMiMakeProtectionMask(IN ULONG Pro...'
reactos,../repos/reactos/ntoskrnl/mm/ARM3/section.c,"(2117, 1)-(2284, 2)",b'NTSTATUS\nNTAPI\nMiSetProtectionOnSection(IN PE...'
reactos,../repos/reactos/ntoskrnl/mm/mminit.c,"(205, 1)-(302, 2)","b'NTAPI\nMmInitSystem(IN ULONG Phase,\n          ...'"
reactos,../repos/reactos/ntoskrnl/mm/amd64/init.c,"(616, 1)-(692, 2)",b'NTAPI\nMiBuildPfnDatabase(IN PLOADER_PARAMETER...'
reactos,../repos/reactos/ntoskrnl/mm/rmap.c,"(49, 1)-(299, 6)",b'NTSTATUS\nNTAPI\nMmPageOutPhysicalAddress(PFN_N...'
reactos,../repos/reactos/ntoskrnl/ex/work.c,"(425, 1)-(504, 2)",b'VOID\nNTAPI\nExpWorkerThreadBalanceManager(IN P...'
reactos,../repos/reactos/ntoskrnl/ex/work.c,"(521, 1)-(610, 2)",b'NTAPI\nExpInitializeWorkerThreads(VOID)\n{\n    ...'
reactos,../repos/reactos/ntoskrnl/ex/init.c,"(921, 1)-(1332, 2)","b'NTAPI\nExpInitializeExecutive(IN ULONG Cpu,\n  ...'"
reactos,../repos/reactos/ntoskrnl/ex/sysinfo.c,"(89, 1)-(190, 2)",b'NTSTATUS\nNTAPI\nExpQueryModuleInformation(IN P...'
reactos,../repos/reactos/ntoskrnl/io/iomgr/device.c,"(1029, 1)-(1241, 2)",b'NTSTATUS\nNTAPI\nIoCreateDevice(IN PDRIVER_OBJE...'
reactos,../repos/reactos/ntoskrnl/io/iomgr/file.c,"(168, 1)-(272, 2)","b'VOID\nNTAPI\nIopDoNameTransmogrify(IN PIRP Irp,...'"
reactos,../repos/reactos/ntoskrnl/io/iomgr/file.c,"(322, 1)-(1315, 2)",b'NTSTATUS\nNTAPI\nIopParseDevice(IN PVOID ParseO...'
reactos,../repos/reactos/ntoskrnl/io/iomgr/file.c,"(3595, 1)-(3656, 2)",b'VOID\nNTAPI\nIoCancelFileOpen(IN PDEVICE_OBJECT...'
reactos,../repos/reactos/ntoskrnl/io/iomgr/iofunc.c,"(68, 1)-(104, 6)",b'NTSTATUS\nNTAPI\nIopFinalizeAsynchronousIo(IN N...'
reactos,../repos/reactos/ntoskrnl/io/iomgr/iofunc.c,"(117, 1)-(193, 2)",b'NTSTATUS\nNTAPI\nIopPerformSynchronousRequest(I...'
reactos,../repos/reactos/ntoskrnl/io/iomgr/iomgr.c,"(464, 1)-(645, 2)",b'NTAPI\nIoInitSystem(IN PLOADER_PARAMETER_BLOCK...'
reactos,../repos/reactos/ntoskrnl/io/iomgr/deviface.c,"(452, 1)-(921, 2)",b'NTSTATUS\nNTAPI\nIoGetDeviceInterfaces(IN CONST...'
reactos,../repos/reactos/ntoskrnl/io/iomgr/deviface.c,"(953, 1)-(1287, 2)",b'NTSTATUS\nNTAPI\nIoRegisterDeviceInterface(IN P...'
reactos,../repos/reactos/ntoskrnl/io/iomgr/iorsrce.c,"(859, 1)-(983, 2)",b'VOID\nIopStoreSystemPartitionInformation(\n    ...'
reactos,../repos/reactos/ntoskrnl/io/pnpmgr/pnpmap.c,"(152, 1)-(595, 2)",b'NTSTATUS\nIopEnumerateDetectedDevices(\n    _In...'
reactos,../repos/reactos/ntoskrnl/io/pnpmgr/pnpres.c,"(801, 1)-(958, 2)",b'NTSTATUS\nIopUpdateResourceMap(\n    IN PDEVICE...'
reactos,../repos/reactos/ntoskrnl/io/pnpmgr/devaction.c,"(593, 1)-(850, 2)",b'static\nNTSTATUS\nPiCallDriverAddDevice(\n    _I...'
reactos,../repos/reactos/ntoskrnl/io/pnpmgr/pnpmgr.c,"(1235, 1)-(1287, 2)",b'ULONG\nNTAPI\nPnpDetermineResourceListSize(IN P...'
reactos,../repos/reactos/ntoskrnl/ps/kill.c,"(448, 1)-(918, 2)",b'VOID\nNTAPI\nPspExitThread(IN NTSTATUS ExitStat...'
reactos,../repos/reactos/ntoskrnl/fstub/disksup.c,"(1641, 1)-(1745, 2)",b'VOID\nFASTCALL\nxHalExamineMBR(IN PDEVICE_OBJEC...'
reactos,../repos/reactos/ntoskrnl/dbgk/dbgkobj.c,"(791, 1)-(841, 2)",b'NTSTATUS\nNTAPI\nDbgkpPostFakeProcessCreateMess...'
reactos,../repos/reactos/ntoskrnl/fsrtl/largemcb.c,"(133, 1)-(281, 2)",b'BOOLEAN\nNTAPI\nFsRtlAddBaseMcbEntry(IN PBASE_M...'
reactos,../repos/reactos/ntoskrnl/fsrtl/tunnel.c,"(199, 1)-(251, 2)",b'NTAPI\nFsRtlInitializeTunnels(VOID)\n{\n    ULON...'
reactos,../repos/reactos/ntoskrnl/fsrtl/notify.c,"(496, 1)-(569, 6)",b'BOOLEAN\nFsRtlNotifyUpdateBuffer(OUT PFILE_NOT...'
reactos,../repos/reactos/ntoskrnl/fsrtl/notify.c,"(995, 1)-(1164, 14)",b'VOID\nNTAPI\nFsRtlNotifyFilterReportChange(IN P...'
reactos,../repos/reactos/ntoskrnl/ob/oblife.c,"(609, 1)-(870, 2)",b'NTSTATUS\nNTAPI\nObpAllocateObject(IN POBJECT_C...'
reactos,../repos/reactos/ntoskrnl/ob/obwait.c,"(44, 1)-(270, 6)",b'NTSTATUS\nNTAPI\nNtWaitForMultipleObjects(IN UL...'
reactos,../repos/reactos/ntoskrnl/ke/i386/irqobj.c,"(93, 1)-(130, 2)",b'VOID\nNTAPI\nKiConnectVectorToInterrupt(IN PKIN...'
reactos,../repos/reactos/ntoskrnl/ke/i386/exp.c,"(59, 1)-(133, 2)",b'BOOLEAN\nFASTCALL\nKiRecordDr7(OUT PULONG Dr7Pt...'
reactos,../repos/reactos/ntoskrnl/ke/bug.c,"(336, 1)-(424, 6)",b'BOOLEAN\nNTAPI\nKeGetBugMessageText(IN ULONG Bu...'
reactos,../repos/reactos/boot/environ/app/bootmgr/efiemu.c,"(197, 1)-(292, 2)",b'NTSTATUS\nEfiInitpConvertEfiFilePath (\n    _In...'
reactos,../repos/reactos/boot/environ/app/bootmgr/efiemu.c,"(598, 1)-(843, 2)",b'VOID\nEfiInitpCreateApplicationEntry (\n    __i...'
reactos,../repos/reactos/boot/environ/app/bootmgr/efiemu.c,"(861, 1)-(991, 2)",b'PBOOT_APPLICATION_PARAMETER_BLOCK\nEfiInitCrea...'
reactos,../repos/reactos/boot/environ/app/bootmgr/bootmgr.c,"(300, 1)-(397, 2)",b'NTSTATUS\nBmFwInitializeBootDirectoryPath (\n  ...'
reactos,../repos/reactos/boot/environ/app/bootmgr/bootmgr.c,"(710, 1)-(869, 2)",b'NTSTATUS\nBmOpenDataStore (\n    _Out_ PHANDLE ...'
reactos,../repos/reactos/boot/environ/app/bootmgr/bootmgr.c,"(1813, 1)-(2008, 2)",b'NTSTATUS\nBmpGetSelectedBootEntry (\n    _In_ H...'
reactos,../repos/reactos/boot/environ/app/bootmgr/bootmgr.c,"(2010, 1)-(2124, 2)",b'NTSTATUS\nBmLaunchRecoverySequence (\n    _In_ ...'
reactos,../repos/reactos/boot/environ/lib/misc/resource.c,"(153, 1)-(302, 2)",b'NTSTATUS\nResFindDataEntryFromImage (\n    _In_...'
reactos,../repos/reactos/boot/environ/lib/misc/bootreg.c,"(185, 1)-(313, 2)",b'NTSTATUS\nBiOpenKey(\n    _In_ HANDLE ParentHan...'
reactos,../repos/reactos/boot/environ/lib/misc/bootreg.c,"(315, 1)-(366, 2)",b'NTSTATUS\nBiInitializeAndValidateHive (\n    _I...'
reactos,../repos/reactos/boot/environ/lib/misc/bootreg.c,"(368, 1)-(654, 2)",b'NTSTATUS\nBiLoadHive (\n    _In_ PBL_FILE_PATH_...'
reactos,../repos/reactos/boot/environ/lib/misc/image.c,"(71, 1)-(121, 2)",b'NTSTATUS\nImgpReadAtFileOffset (\n    _In_ PBL_...'
reactos,../repos/reactos/boot/environ/lib/misc/image.c,"(177, 1)-(205, 2)",b'NTSTATUS\nImgpCloseFile (\n    _In_ PBL_IMG_FIL...'
reactos,../repos/reactos/boot/environ/lib/misc/image.c,"(357, 1)-(608, 2)",b'NTSTATUS\nBlImgLoadImageWithProgress2 (\n    _I...'
reactos,../repos/reactos/boot/environ/lib/misc/image.c,"(692, 1)-(1273, 2)",b'NTSTATUS\nImgpLoadPEImage (\n    _In_ PBL_IMG_F...'
reactos,../repos/reactos/boot/environ/lib/misc/bcd.c,"(349, 1)-(503, 2)",b'NTSTATUS\nBiConvertBcdElements (\n    _In_ PBCD...'
reactos,../repos/reactos/boot/environ/lib/misc/bcd.c,"(505, 1)-(557, 2)",b'NTSTATUS\nBcdOpenObject (\n    _In_ HANDLE BcdH...'
reactos,../repos/reactos/boot/environ/lib/misc/bcd.c,"(687, 1)-(801, 2)",b'NTSTATUS\nBiEnumerateSubObjectElements (\n    _...'
reactos,../repos/reactos/boot/environ/lib/misc/bcd.c,"(803, 1)-(1140, 2)",b'NTSTATUS\nBiEnumerateElements (\n    _In_ HANDL...'
reactos,../repos/reactos/boot/environ/lib/misc/bcdopt.c,"(78, 1)-(101, 2)",b'ULONG\nBlGetBootOptionListSize (\n    _In_ PBL_...'
reactos,../repos/reactos/boot/environ/lib/misc/bcdopt.c,"(114, 1)-(143, 2)",b'ULONG\nBlGetBootOptionSize (\n    _In_ PBL_BCD_...'
reactos,../repos/reactos/boot/environ/lib/firmware/efi/firmware.c,"(521, 1)-(578, 2)",b'NTSTATUS\nEfiVmCloseProtocol (\n    _In_ EFI_HA...'
reactos,../repos/reactos/boot/environ/lib/firmware/efi/firmware.c,"(1844, 1)-(2287, 2)",b'NTSTATUS\nMmFwGetMemoryMap (\n    _Out_ PBL_MEM...'
reactos,../repos/reactos/boot/environ/lib/mm/pagealloc.c,"(1221, 1)-(1502, 2)",b'NTSTATUS\nBlMmGetMemoryMap (\n    _In_ PLIST_EN...'
reactos,../repos/reactos/boot/environ/lib/mm/mm.c,"(191, 1)-(450, 2)",b'NTSTATUS\nBlMmMapPhysicalAddressEx (\n    _In_ ...'
reactos,../repos/reactos/boot/environ/lib/io/file.c,"(594, 1)-(652, 2)",b'NTSTATUS\nFileInformationCheck (\n    _In_ PBL_...'
reactos,../repos/reactos/boot/environ/lib/io/file.c,"(654, 1)-(785, 2)",b'NTSTATUS\nBlFileReadEx (\n    _In_ ULONG FileId...'
reactos,../repos/reactos/boot/environ/lib/io/display/display.c,"(57, 1)-(174, 2)",b'NTSTATUS\nDsppLoadFontFile (\n    _In_ PWCHAR F...'
reactos,../repos/reactos/boot/environ/lib/io/etfs.c,"(537, 1)-(663, 2)",b'NTSTATUS\nEtfsOpen (\n    _In_ PBL_FILE_ENTRY D...'
reactos,../repos/reactos/boot/freeldr/freeldr/ntldr/setupldr.c,"(474, 1)-(818, 2)",b'ARC_STATUS\nLoadReactOSSetup(\n    IN ULONG Arg...'
reactos,../repos/reactos/boot/freeldr/freeldr/ntldr/winldr.c,"(601, 1)-(897, 2)",b'static\nBOOLEAN\nLoadWindowsCore(IN USHORT Oper...'
reactos,../repos/reactos/boot/freeldr/freeldr/ntldr/winldr.c,"(1149, 1)-(1263, 2)",b'ARC_STATUS\nLoadAndBootWindowsCommon(\n    IN U...'
reactos,../repos/reactos/boot/freeldr/freeldr/lib/peloader.c,"(93, 1)-(344, 2)",b'static BOOLEAN\nPeLdrpBindImportName(\n    IN O...'
