Repo name,File name,Location,Content
reactos,../repos/reactos/dll/opengl/glu32/src/libnurbs/internals/bufpool.h,"(120, 19)-(120, 49)","b'*\toperator new( size_t, Pool & )'"
reactos,../repos/reactos/dll/opengl/glu32/src/libnurbs/internals/bufpool.h,"(121, 20)-(121, 49)","b'* \toperator new( size_t, void *)'"
reactos,../repos/reactos/dll/opengl/glu32/src/libnurbs/internals/bufpool.h,"(122, 20)-(122, 43)",b'* \toperator new( size_t s)'
reactos,../repos/reactos/dll/opengl/glu32/src/libnurbs/internals/bufpool.h,"(124, 18)-(124, 43)",b'inline void \toperator delete( void * ) { asse...'
reactos,../repos/reactos/dll/opengl/glu32/src/libnurbs/internals/bufpool.h,"(125, 25)-(125, 58)","b'inline void         operator delete( void *, ...'"
reactos,../repos/reactos/dll/shellext/shellbtrfs/shellext.h,"(247, 17)-(247, 43)",b'& operator=(const HANDLE nh)'
reactos,../repos/reactos/dll/shellext/shellbtrfs/shellext.h,"(256, 13)-(256, 24)",b'* operator&()'
reactos,../repos/reactos/dll/shellext/shellbtrfs/shellext.h,"(289, 17)-(289, 43)",b'& operator=(const HANDLE nh)'
reactos,../repos/reactos/dll/shellext/shellbtrfs/shellext.h,"(298, 13)-(298, 24)",b'* operator&()'
reactos,../repos/reactos/dll/shellext/shellbtrfs/shellext.h,"(331, 16)-(331, 42)",b'& operator=(const HANDLE nh)'
reactos,../repos/reactos/dll/shellext/shellbtrfs/shellext.h,"(340, 13)-(340, 24)",b'* operator&()'
reactos,../repos/reactos/ntoskrnl/include/internal/ke.h,"(1108, 28)-(1108, 67)",b'& operator=(KiQueuedSpinLockGuard const&)'
