Repo name,File name,Location,Content
reactos,../repos/reactos/base/shell/explorer/taskswnd.cpp,"(190, 66)-(190, 70)",b'this'
reactos,../repos/reactos/base/shell/explorer/taskswnd.cpp,"(1411, 55)-(1411, 59)",b'this'
reactos,../repos/reactos/base/shell/explorer/trayclock.cpp,"(186, 13)-(186, 17)",b'this'
reactos,../repos/reactos/base/shell/explorer/trayclock.cpp,"(187, 26)-(187, 30)",b'this'
reactos,../repos/reactos/base/shell/explorer/desktop.cpp,"(73, 68)-(73, 72)",b'this'
reactos,../repos/reactos/base/shell/explorer/syspager.cpp,"(300, 57)-(300, 61)",b'this'
reactos,../repos/reactos/base/shell/explorer/tbsite.cpp,"(70, 20)-(70, 24)",b'this'
reactos,../repos/reactos/base/shell/explorer/tbsite.cpp,"(83, 61)-(83, 65)",b'this'
reactos,../repos/reactos/base/shell/explorer/tbsite.cpp,"(87, 47)-(87, 51)",b'this'
reactos,../repos/reactos/base/shell/explorer/tbsite.cpp,"(297, 65)-(297, 69)",b'this'
reactos,../repos/reactos/base/shell/explorer/tbsite.cpp,"(650, 66)-(650, 70)",b'this'
reactos,../repos/reactos/base/shell/explorer/traywnd.cpp,"(736, 63)-(736, 67)",b'this'
reactos,../repos/reactos/base/shell/explorer/traywnd.cpp,"(790, 67)-(790, 71)",b'this'
reactos,../repos/reactos/base/shell/explorer/traywnd.cpp,"(2506, 51)-(2506, 55)",b'this'
reactos,../repos/reactos/base/shell/explorer/traywnd.cpp,"(2542, 24)-(2542, 28)",b'this'
reactos,../repos/reactos/base/shell/explorer/traywnd.cpp,"(2558, 44)-(2558, 48)",b'this'
reactos,../repos/reactos/base/shell/explorer/traywnd.cpp,"(2561, 41)-(2561, 45)",b'this'
reactos,../repos/reactos/base/shell/explorer/traywnd.cpp,"(2566, 45)-(2566, 49)",b'this'
reactos,../repos/reactos/base/shell/explorer/traywnd.cpp,"(3040, 53)-(3040, 57)",b'this'
reactos,../repos/reactos/base/shell/explorer/traywnd.cpp,"(3041, 83)-(3041, 87)",b'this'
reactos,../repos/reactos/base/shell/explorer/traywnd.cpp,"(3077, 30)-(3077, 34)",b'this'
reactos,../repos/reactos/base/shell/explorer/traywnd.cpp,"(3077, 54)-(3077, 58)",b'this'
reactos,../repos/reactos/base/shell/explorer/traywnd.cpp,"(3732, 9)-(3732, 13)",b'this'
reactos,../repos/reactos/base/shell/explorer/traywnd.cpp,"(3733, 9)-(3733, 13)",b'this'
reactos,../repos/reactos/base/shell/explorer/traywnd.cpp,"(3734, 9)-(3734, 13)",b'this'
reactos,../repos/reactos/dll/opengl/glu32/src/libnurbs/internals/arc.cc,"(82, 20)-(82, 24)",b'this'
reactos,../repos/reactos/dll/opengl/glu32/src/libnurbs/internals/arc.cc,"(87, 22)-(87, 26)",b'this'
reactos,../repos/reactos/dll/opengl/glu32/src/libnurbs/internals/arc.cc,"(99, 20)-(99, 24)",b'this'
reactos,../repos/reactos/dll/opengl/glu32/src/libnurbs/internals/arc.cc,"(106, 22)-(106, 26)",b'this'
reactos,../repos/reactos/dll/opengl/glu32/src/libnurbs/internals/arc.cc,"(119, 57)-(119, 61)",b'this'
reactos,../repos/reactos/dll/opengl/glu32/src/libnurbs/internals/arc.cc,"(121, 24)-(121, 28)",b'this'
reactos,../repos/reactos/dll/opengl/glu32/src/libnurbs/internals/arc.cc,"(122, 24)-(122, 28)",b'this'
reactos,../repos/reactos/dll/opengl/glu32/src/libnurbs/internals/arc.cc,"(124, 25)-(124, 29)",b'this'
reactos,../repos/reactos/dll/opengl/glu32/src/libnurbs/internals/arc.cc,"(124, 45)-(124, 49)",b'this'
reactos,../repos/reactos/dll/opengl/glu32/src/libnurbs/internals/arc.cc,"(174, 20)-(174, 24)",b'this'
reactos,../repos/reactos/dll/opengl/glu32/src/libnurbs/internals/arc.cc,"(182, 22)-(182, 26)",b'this'
reactos,../repos/reactos/dll/opengl/glu32/src/libnurbs/internals/arc.cc,"(239, 9)-(239, 13)",b'this'
reactos,../repos/reactos/dll/opengl/glu32/src/libnurbs/internals/arc.cc,"(240, 20)-(240, 24)",b'this'
reactos,../repos/reactos/dll/opengl/glu32/src/libnurbs/internals/arc.cc,"(316, 22)-(316, 26)",b'this'
reactos,../repos/reactos/dll/opengl/glu32/src/libnurbs/internals/arc.cc,"(340, 28)-(340, 32)",b'this'
reactos,../repos/reactos/dll/opengl/glu32/src/libnurbs/internals/arc.cc,"(342, 16)-(342, 20)",b'this'
reactos,../repos/reactos/dll/opengl/glu32/src/libnurbs/internals/arc.cc,"(344, 12)-(344, 16)",b'this'
reactos,../repos/reactos/dll/opengl/glu32/src/libnurbs/internals/bufpool.cc,"(75, 14)-(75, 18)",b'this'
reactos,../repos/reactos/dll/opengl/glu32/src/libnurbs/internals/bufpool.cc,"(87, 14)-(87, 18)",b'this'
reactos,../repos/reactos/dll/opengl/glu32/src/libnurbs/internals/bufpool.cc,"(102, 14)-(102, 18)",b'this'
reactos,../repos/reactos/dll/opengl/glu32/src/libnurbs/internals/nurbsinterfac.cc,"(517, 27)-(517, 31)",b'this'
reactos,../repos/reactos/dll/opengl/glu32/src/libnurbs/internals/splitarcs.cc,"(86, 24)-(86, 28)",b'this'
reactos,../repos/reactos/dll/opengl/glu32/src/libnurbs/internals/splitarcs.cc,"(101, 24)-(101, 28)",b'this'
reactos,../repos/reactos/dll/opengl/glu32/src/libnurbs/internals/quilt.cc,"(159, 21)-(159, 25)",b'this'
reactos,../repos/reactos/dll/opengl/glu32/src/libnurbs/internals/quilt.cc,"(199, 19)-(199, 23)",b'this'
reactos,../repos/reactos/dll/opengl/glu32/src/libnurbs/internals/quilt.cc,"(261, 27)-(261, 31)",b'this'
reactos,../repos/reactos/dll/opengl/glu32/src/libnurbs/internals/tobezier.cc,"(126, 24)-(126, 28)",b'this'
reactos,../repos/reactos/dll/opengl/glu32/src/libnurbs/internals/tobezier.cc,"(142, 24)-(142, 28)",b'this'
reactos,../repos/reactos/dll/opengl/glu32/src/libnurbs/internals/tobezier.cc,"(573, 6)-(573, 10)",b'this'
reactos,../repos/reactos/dll/opengl/glu32/src/libnurbs/internals/tobezier.cc,"(587, 6)-(587, 10)",b'this'
reactos,../repos/reactos/dll/opengl/glu32/src/libnurbs/internals/patch.cc,"(108, 16)-(108, 20)",b'this'
reactos,../repos/reactos/dll/opengl/glu32/src/libnurbs/internals/patch.cc,"(109, 3)-(109, 7)",b'this'
reactos,../repos/reactos/dll/opengl/glu32/src/libnurbs/internals/patch.cc,"(114, 16)-(114, 20)",b'this'
reactos,../repos/reactos/dll/opengl/glu32/src/libnurbs/internals/patch.cc,"(119, 16)-(119, 20)",b'this'
reactos,../repos/reactos/dll/opengl/glu32/src/libnurbs/internals/patch.cc,"(120, 3)-(120, 7)",b'this'
reactos,../repos/reactos/dll/opengl/glu32/src/libnurbs/internals/patch.cc,"(125, 16)-(125, 20)",b'this'
reactos,../repos/reactos/dll/opengl/glu32/src/libnurbs/internals/patch.cc,"(138, 21)-(138, 25)",b'this'
reactos,../repos/reactos/dll/opengl/glu32/src/libnurbs/internals/curve.cc,"(87, 16)-(87, 20)",b'this'
reactos,../repos/reactos/dll/opengl/glu32/src/libnurbs/internals/curve.cc,"(89, 3)-(89, 7)",b'this'
reactos,../repos/reactos/dll/opengl/glu32/src/libnurbs/internals/curve.cc,"(92, 16)-(92, 20)",b'this'
reactos,../repos/reactos/dll/opengl/glu32/src/libnurbs/internals/curve.cc,"(103, 21)-(103, 25)",b'this'
reactos,../repos/reactos/dll/opengl/glu32/src/libnurbs/internals/bufpool.h,"(83, 14)-(83, 18)",b'this'
reactos,../repos/reactos/dll/opengl/glu32/src/libnurbs/internals/bufpool.h,"(102, 14)-(102, 18)",b'this'
reactos,../repos/reactos/dll/opengl/glu32/src/libnurbs/internals/bufpool.h,"(138, 32)-(138, 36)",b'this'
reactos,../repos/reactos/dll/opengl/glu32/src/libnurbs/internals/patchlist.cc,"(64, 25)-(64, 29)",b'this'
reactos,../repos/reactos/dll/opengl/glu32/src/libnurbs/interface/glsurfeval.cc,"(1143, 29)-(1143, 33)",b'this'
reactos,../repos/reactos/dll/opengl/glu32/src/libnurbs/interface/glsurfeval.cc,"(1144, 29)-(1144, 33)",b'this'
reactos,../repos/reactos/dll/opengl/glu32/src/libnurbs/interface/glsurfeval.cc,"(1169, 29)-(1169, 33)",b'this'
reactos,../repos/reactos/dll/opengl/glu32/src/libnurbs/interface/glsurfeval.cc,"(1170, 29)-(1170, 33)",b'this'
reactos,../repos/reactos/dll/opengl/glu32/src/libnurbs/nurbtess/sampledLine.cc,"(56, 10)-(56, 14)",b'this'
reactos,../repos/reactos/dll/opengl/glu32/src/libnurbs/nurbtess/sampledLine.cc,"(62, 14)-(62, 18)",b'this'
reactos,../repos/reactos/dll/opengl/glu32/src/libnurbs/nurbtess/sampledLine.cc,"(178, 14)-(178, 18)",b'this'
reactos,../repos/reactos/dll/opengl/glu32/src/libnurbs/nurbtess/monoChain.cc,"(94, 10)-(94, 14)",b'this'
reactos,../repos/reactos/dll/opengl/glu32/src/libnurbs/nurbtess/monoChain.cc,"(95, 10)-(95, 14)",b'this'
reactos,../repos/reactos/dll/opengl/glu32/src/libnurbs/nurbtess/monoChain.cc,"(136, 14)-(136, 18)",b'this'
reactos,../repos/reactos/dll/opengl/glu32/src/libnurbs/nurbtess/monoChain.cc,"(146, 12)-(146, 16)",b'this'
reactos,../repos/reactos/dll/opengl/glu32/src/libnurbs/nurbtess/monoChain.cc,"(156, 12)-(156, 16)",b'this'
reactos,../repos/reactos/dll/opengl/glu32/src/libnurbs/nurbtess/monoChain.cc,"(166, 20)-(166, 24)",b'this'
reactos,../repos/reactos/dll/opengl/glu32/src/libnurbs/nurbtess/monoChain.cc,"(167, 28)-(167, 32)",b'this'
reactos,../repos/reactos/dll/opengl/glu32/src/libnurbs/nurbtess/monoChain.cc,"(181, 14)-(181, 18)",b'this'
reactos,../repos/reactos/dll/opengl/glu32/src/libnurbs/nurbtess/monoChain.cc,"(191, 14)-(191, 18)",b'this'
reactos,../repos/reactos/dll/opengl/glu32/src/libnurbs/nurbtess/monoChain.cc,"(193, 26)-(193, 30)",b'this'
reactos,../repos/reactos/dll/opengl/glu32/src/libnurbs/nurbtess/monoChain.cc,"(202, 13)-(202, 17)",b'this'
reactos,../repos/reactos/dll/opengl/glu32/src/libnurbs/nurbtess/monoChain.cc,"(435, 3)-(435, 7)",b'this'
reactos,../repos/reactos/dll/opengl/glu32/src/libnurbs/nurbtess/monoChain.cc,"(436, 28)-(436, 32)",b'this'
reactos,../repos/reactos/dll/opengl/glu32/src/libnurbs/nurbtess/monoChain.cc,"(446, 12)-(446, 16)",b'this'
reactos,../repos/reactos/dll/opengl/glu32/src/libnurbs/nurbtess/directedLine.cc,"(127, 6)-(127, 10)",b'this'
reactos,../repos/reactos/dll/opengl/glu32/src/libnurbs/nurbtess/directedLine.cc,"(127, 20)-(127, 24)",b'this'
reactos,../repos/reactos/dll/opengl/glu32/src/libnurbs/nurbtess/directedLine.cc,"(128, 12)-(128, 16)",b'this'
reactos,../repos/reactos/dll/opengl/glu32/src/libnurbs/nurbtess/directedLine.cc,"(129, 6)-(129, 10)",b'this'
reactos,../repos/reactos/dll/opengl/glu32/src/libnurbs/nurbtess/directedLine.cc,"(129, 20)-(129, 24)",b'this'
reactos,../repos/reactos/dll/opengl/glu32/src/libnurbs/nurbtess/directedLine.cc,"(130, 12)-(130, 16)",b'this'
reactos,../repos/reactos/dll/opengl/glu32/src/libnurbs/nurbtess/directedLine.cc,"(140, 13)-(140, 17)",b'this'
reactos,../repos/reactos/dll/opengl/glu32/src/libnurbs/nurbtess/directedLine.cc,"(143, 18)-(143, 22)",b'this'
reactos,../repos/reactos/dll/opengl/glu32/src/libnurbs/nurbtess/directedLine.cc,"(143, 38)-(143, 42)",b'this'
reactos,../repos/reactos/dll/opengl/glu32/src/libnurbs/nurbtess/directedLine.cc,"(186, 12)-(186, 16)",b'this'
reactos,../repos/reactos/dll/opengl/glu32/src/libnurbs/nurbtess/directedLine.cc,"(215, 12)-(215, 16)",b'this'
reactos,../repos/reactos/dll/opengl/glu32/src/libnurbs/nurbtess/directedLine.cc,"(244, 12)-(244, 16)",b'this'
reactos,../repos/reactos/dll/opengl/glu32/src/libnurbs/nurbtess/directedLine.cc,"(255, 12)-(255, 16)",b'this'
reactos,../repos/reactos/dll/opengl/glu32/src/libnurbs/nurbtess/directedLine.cc,"(266, 12)-(266, 16)",b'this'
reactos,../repos/reactos/dll/opengl/glu32/src/libnurbs/nurbtess/directedLine.cc,"(276, 12)-(276, 16)",b'this'
reactos,../repos/reactos/dll/opengl/glu32/src/libnurbs/nurbtess/directedLine.cc,"(289, 10)-(289, 14)",b'this'
reactos,../repos/reactos/dll/opengl/glu32/src/libnurbs/nurbtess/directedLine.cc,"(290, 10)-(290, 14)",b'this'
reactos,../repos/reactos/dll/opengl/glu32/src/libnurbs/nurbtess/directedLine.cc,"(307, 10)-(307, 14)",b'this'
reactos,../repos/reactos/dll/opengl/glu32/src/libnurbs/nurbtess/directedLine.cc,"(308, 10)-(308, 14)",b'this'
reactos,../repos/reactos/dll/opengl/glu32/src/libnurbs/nurbtess/directedLine.cc,"(339, 14)-(339, 18)",b'this'
reactos,../repos/reactos/dll/opengl/glu32/src/libnurbs/nurbtess/directedLine.cc,"(343, 18)-(343, 22)",b'this'
reactos,../repos/reactos/dll/opengl/glu32/src/libnurbs/nurbtess/directedLine.cc,"(350, 14)-(350, 18)",b'this'
reactos,../repos/reactos/dll/opengl/glu32/src/libnurbs/nurbtess/directedLine.cc,"(353, 28)-(353, 32)",b'this'
reactos,../repos/reactos/dll/opengl/glu32/src/libnurbs/nurbtess/directedLine.cc,"(362, 12)-(362, 16)",b'this'
reactos,../repos/reactos/dll/opengl/glu32/src/libnurbs/nurbtess/directedLine.cc,"(382, 26)-(382, 30)",b'this'
reactos,../repos/reactos/dll/opengl/glu32/src/libnurbs/nurbtess/directedLine.cc,"(485, 26)-(485, 30)",b'this'
reactos,../repos/reactos/dll/opengl/glu32/src/libnurbs/nurbtess/directedLine.cc,"(493, 14)-(493, 18)",b'this'
reactos,../repos/reactos/dll/opengl/glu32/src/libnurbs/nurbtess/directedLine.cc,"(505, 30)-(505, 34)",b'this'
reactos,../repos/reactos/dll/opengl/glu32/src/libnurbs/nurbtess/directedLine.cc,"(508, 10)-(508, 14)",b'this'
reactos,../repos/reactos/dll/opengl/glu32/src/libnurbs/nurbtess/directedLine.cc,"(518, 24)-(518, 28)",b'this'
reactos,../repos/reactos/dll/opengl/glu32/src/libnurbs/nurbtess/directedLine.cc,"(520, 12)-(520, 16)",b'this'
reactos,../repos/reactos/dll/opengl/glu32/src/libnurbs/nurbtess/directedLine.cc,"(537, 12)-(537, 16)",b'this'
reactos,../repos/reactos/dll/opengl/glu32/src/libnurbs/nurbtess/directedLine.cc,"(555, 20)-(555, 24)",b'this'
reactos,../repos/reactos/dll/opengl/glu32/src/libnurbs/nurbtess/directedLine.cc,"(556, 28)-(556, 32)",b'this'
reactos,../repos/reactos/dll/opengl/glu32/src/libnurbs/nurbtess/directedLine.cc,"(575, 12)-(575, 16)",b'this'
reactos,../repos/reactos/dll/opengl/glu32/src/libnurbs/nurbtess/directedLine.cc,"(590, 8)-(590, 12)",b'this'
reactos,../repos/reactos/dll/opengl/glu32/src/libnurbs/nurbtess/directedLine.cc,"(591, 8)-(591, 12)",b'this'
reactos,../repos/reactos/dll/opengl/glu32/src/libnurbs/nurbtess/directedLine.cc,"(592, 8)-(592, 12)",b'this'
reactos,../repos/reactos/dll/opengl/glu32/src/libnurbs/nurbtess/directedLine.cc,"(593, 8)-(593, 12)",b'this'
reactos,../repos/reactos/dll/opengl/glu32/src/libnurbs/nurbtess/directedLine.cc,"(595, 12)-(595, 16)",b'this'
reactos,../repos/reactos/dll/opengl/glu32/src/libnurbs/nurbtess/directedLine.cc,"(595, 30)-(595, 34)",b'this'
reactos,../repos/reactos/dll/opengl/glu32/src/libnurbs/nurbtess/directedLine.cc,"(724, 22)-(724, 26)",b'this'
reactos,../repos/reactos/dll/opengl/glu32/src/libnurbs/nurbtess/directedLine.cc,"(726, 28)-(726, 32)",b'this'
reactos,../repos/reactos/dll/opengl/glu32/src/libnurbs/nurbtess/directedLine.cc,"(735, 14)-(735, 18)",b'this'
reactos,../repos/reactos/dll/opengl/glu32/src/libnurbs/nurbtess/directedLine.cc,"(763, 14)-(763, 18)",b'this'
reactos,../repos/reactos/dll/ime/msctfime/msctfime.cpp,"(453, 19)-(453, 23)",b'this'
reactos,../repos/reactos/dll/ime/msctfime/msctfime.cpp,"(473, 16)-(473, 20)",b'this'
reactos,../repos/reactos/dll/ime/msctfime/msctfime.cpp,"(501, 67)-(501, 71)",b'this'
reactos,../repos/reactos/dll/ime/msctfime/msctfime.cpp,"(624, 19)-(624, 23)",b'this'
reactos,../repos/reactos/dll/ime/msctfime/msctfime.cpp,"(630, 51)-(630, 55)",b'this'
reactos,../repos/reactos/dll/ime/msctfime/msctfime.cpp,"(648, 16)-(648, 20)",b'this'
reactos,../repos/reactos/dll/ime/msctfime/msctfime.cpp,"(700, 64)-(700, 68)",b'this'
reactos,../repos/reactos/dll/ime/msctfime/msctfime.cpp,"(837, 64)-(837, 68)",b'this'
reactos,../repos/reactos/dll/ime/msctfime/msctfime.cpp,"(843, 19)-(843, 23)",b'this'
reactos,../repos/reactos/dll/ime/msctfime/msctfime.cpp,"(862, 16)-(862, 20)",b'this'
reactos,../repos/reactos/dll/ime/msctfime/msctfime.cpp,"(1143, 19)-(1143, 23)",b'this'
reactos,../repos/reactos/dll/ime/msctfime/msctfime.cpp,"(1162, 16)-(1162, 20)",b'this'
reactos,../repos/reactos/dll/ime/msctfime/msctfime.cpp,"(1227, 56)-(1227, 60)",b'this'
reactos,../repos/reactos/dll/ime/msctfime/msctfime.cpp,"(1352, 19)-(1352, 23)",b'this'
reactos,../repos/reactos/dll/ime/msctfime/msctfime.cpp,"(1370, 16)-(1370, 20)",b'this'
reactos,../repos/reactos/dll/ime/msctfime/msctfime.cpp,"(1408, 19)-(1408, 23)",b'this'
reactos,../repos/reactos/dll/ime/msctfime/msctfime.cpp,"(1426, 16)-(1426, 20)",b'this'
reactos,../repos/reactos/dll/ime/msctfime/msctfime.cpp,"(1601, 19)-(1601, 23)",b'this'
reactos,../repos/reactos/dll/ime/msctfime/msctfime.cpp,"(1620, 16)-(1620, 20)",b'this'
reactos,../repos/reactos/dll/ime/msctfime/msctfime.cpp,"(1651, 70)-(1651, 74)",b'this'
reactos,../repos/reactos/dll/ime/msctfime/msctfime.cpp,"(1790, 16)-(1790, 20)",b'this'
reactos,../repos/reactos/dll/ime/msctfime/msctfime.cpp,"(1984, 70)-(1984, 74)",b'this'
reactos,../repos/reactos/dll/ime/msctfime/msctfime.cpp,"(2076, 15)-(2076, 19)",b'this'
reactos,../repos/reactos/dll/ime/msctfime/msctfime.cpp,"(2093, 16)-(2093, 20)",b'this'
reactos,../repos/reactos/dll/ime/msctfime/msctfime.cpp,"(2363, 32)-(2363, 36)",b'this'
reactos,../repos/reactos/dll/ime/msctfime/msctfime.cpp,"(2368, 47)-(2368, 51)",b'this'
reactos,../repos/reactos/dll/ime/msctfime/msctfime.cpp,"(2393, 47)-(2393, 51)",b'this'
reactos,../repos/reactos/dll/ime/msctfime/msctfime.cpp,"(3378, 52)-(3378, 56)",b'this'
reactos,../repos/reactos/dll/directx/ksproxy/allocator.cpp,"(34, 20)-(34, 24)",b'this'
reactos,../repos/reactos/dll/directx/ksproxy/allocator.cpp,"(97, 25)-(97, 29)",b'this'
reactos,../repos/reactos/dll/directx/ksproxy/allocator.cpp,"(104, 48)-(104, 52)",b'this'
reactos,../repos/reactos/dll/directx/ksproxy/allocator.cpp,"(281, 55)-(281, 59)",b'this'
reactos,../repos/reactos/dll/directx/ksproxy/mediasample.cpp,"(28, 59)-(28, 63)",b'this'
reactos,../repos/reactos/dll/directx/ksproxy/mediasample.cpp,"(31, 20)-(31, 24)",b'this'
reactos,../repos/reactos/dll/directx/ksproxy/mediasample.cpp,"(112, 25)-(112, 29)",b'this'
reactos,../repos/reactos/dll/directx/ksproxy/mediasample.cpp,"(119, 36)-(119, 40)",b'this'
reactos,../repos/reactos/dll/directx/ksproxy/datatype.cpp,"(31, 20)-(31, 24)",b'this'
reactos,../repos/reactos/dll/directx/ksproxy/datatype.cpp,"(74, 25)-(74, 29)",b'this'
reactos,../repos/reactos/dll/directx/ksproxy/node.cpp,"(27, 20)-(27, 24)",b'this'
reactos,../repos/reactos/dll/directx/ksproxy/node.cpp,"(59, 25)-(59, 29)",b'this'
reactos,../repos/reactos/dll/directx/ksproxy/enum_mediatypes.cpp,"(26, 20)-(26, 24)",b'this'
reactos,../repos/reactos/dll/directx/ksproxy/enum_mediatypes.cpp,"(56, 25)-(56, 29)",b'this'
reactos,../repos/reactos/dll/directx/ksproxy/enum_mediatypes.cpp,"(62, 38)-(62, 42)",b'this'
reactos,../repos/reactos/dll/directx/ksproxy/enum_mediatypes.cpp,"(111, 43)-(111, 47)",b'this'
reactos,../repos/reactos/dll/directx/ksproxy/proxy.cpp,"(210, 24)-(210, 28)",b'this'
reactos,../repos/reactos/dll/directx/ksproxy/proxy.cpp,"(226, 25)-(226, 29)",b'this'
reactos,../repos/reactos/dll/directx/ksproxy/proxy.cpp,"(232, 42)-(232, 46)",b'this'
reactos,../repos/reactos/dll/directx/ksproxy/proxy.cpp,"(238, 39)-(238, 43)",b'this'
reactos,../repos/reactos/dll/directx/ksproxy/proxy.cpp,"(244, 37)-(244, 41)",b'this'
reactos,../repos/reactos/dll/directx/ksproxy/proxy.cpp,"(250, 37)-(250, 41)",b'this'
reactos,../repos/reactos/dll/directx/ksproxy/proxy.cpp,"(256, 32)-(256, 36)",b'this'
reactos,../repos/reactos/dll/directx/ksproxy/proxy.cpp,"(262, 31)-(262, 35)",b'this'
reactos,../repos/reactos/dll/directx/ksproxy/proxy.cpp,"(275, 38)-(275, 42)",b'this'
reactos,../repos/reactos/dll/directx/ksproxy/proxy.cpp,"(281, 36)-(281, 40)",b'this'
reactos,../repos/reactos/dll/directx/ksproxy/proxy.cpp,"(287, 41)-(287, 45)",b'this'
reactos,../repos/reactos/dll/directx/ksproxy/proxy.cpp,"(293, 33)-(293, 37)",b'this'
reactos,../repos/reactos/dll/directx/ksproxy/proxy.cpp,"(299, 37)-(299, 41)",b'this'
reactos,../repos/reactos/dll/directx/ksproxy/proxy.cpp,"(305, 34)-(305, 38)",b'this'
reactos,../repos/reactos/dll/directx/ksproxy/proxy.cpp,"(311, 42)-(311, 46)",b'this'
reactos,../repos/reactos/dll/directx/ksproxy/proxy.cpp,"(324, 42)-(324, 46)",b'this'
reactos,../repos/reactos/dll/directx/ksproxy/proxy.cpp,"(330, 44)-(330, 48)",b'this'
reactos,../repos/reactos/dll/directx/ksproxy/proxy.cpp,"(2290, 60)-(2290, 64)",b'this'
reactos,../repos/reactos/dll/directx/ksproxy/proxy.cpp,"(2535, 54)-(2535, 58)",b'this'
reactos,../repos/reactos/dll/directx/ksproxy/proxy.cpp,"(2550, 55)-(2550, 59)",b'this'
reactos,../repos/reactos/dll/directx/ksproxy/qualityforward.cpp,"(29, 20)-(29, 24)",b'this'
reactos,../repos/reactos/dll/directx/ksproxy/qualityforward.cpp,"(60, 25)-(60, 29)",b'this'
reactos,../repos/reactos/dll/directx/ksproxy/cvpconfig.cpp,"(28, 20)-(28, 24)",b'this'
reactos,../repos/reactos/dll/directx/ksproxy/cvpconfig.cpp,"(75, 25)-(75, 29)",b'this'
reactos,../repos/reactos/dll/directx/ksproxy/cvpconfig.cpp,"(81, 41)-(81, 45)",b'this'
reactos,../repos/reactos/dll/directx/ksproxy/cvpconfig.cpp,"(88, 32)-(88, 36)",b'this'
reactos,../repos/reactos/dll/directx/ksproxy/cvpvbiconfig.cpp,"(28, 20)-(28, 24)",b'this'
reactos,../repos/reactos/dll/directx/ksproxy/cvpvbiconfig.cpp,"(71, 25)-(71, 29)",b'this'
reactos,../repos/reactos/dll/directx/ksproxy/cvpvbiconfig.cpp,"(77, 41)-(77, 45)",b'this'
reactos,../repos/reactos/dll/directx/ksproxy/cvpvbiconfig.cpp,"(84, 32)-(84, 36)",b'this'
reactos,../repos/reactos/dll/directx/ksproxy/basicaudio.cpp,"(28, 20)-(28, 24)",b'this'
reactos,../repos/reactos/dll/directx/ksproxy/basicaudio.cpp,"(70, 25)-(70, 29)",b'this'
reactos,../repos/reactos/dll/directx/ksproxy/basicaudio.cpp,"(76, 41)-(76, 45)",b'this'
reactos,../repos/reactos/dll/directx/ksproxy/basicaudio.cpp,"(83, 34)-(83, 38)",b'this'
reactos,../repos/reactos/dll/directx/ksproxy/output_pin.cpp,"(279, 25)-(279, 29)",b'this'
reactos,../repos/reactos/dll/directx/ksproxy/output_pin.cpp,"(294, 32)-(294, 36)",b'this'
reactos,../repos/reactos/dll/directx/ksproxy/output_pin.cpp,"(300, 31)-(300, 35)",b'this'
reactos,../repos/reactos/dll/directx/ksproxy/output_pin.cpp,"(306, 33)-(306, 37)",b'this'
reactos,../repos/reactos/dll/directx/ksproxy/output_pin.cpp,"(312, 42)-(312, 46)",b'this'
reactos,../repos/reactos/dll/directx/ksproxy/output_pin.cpp,"(318, 38)-(318, 42)",b'this'
reactos,../repos/reactos/dll/directx/ksproxy/output_pin.cpp,"(333, 37)-(333, 41)",b'this'
reactos,../repos/reactos/dll/directx/ksproxy/output_pin.cpp,"(342, 33)-(342, 37)",b'this'
reactos,../repos/reactos/dll/directx/ksproxy/output_pin.cpp,"(349, 37)-(349, 41)",b'this'
reactos,../repos/reactos/dll/directx/ksproxy/output_pin.cpp,"(359, 36)-(359, 40)",b'this'
reactos,../repos/reactos/dll/directx/ksproxy/output_pin.cpp,"(368, 44)-(368, 48)",b'this'
reactos,../repos/reactos/dll/directx/ksproxy/output_pin.cpp,"(374, 36)-(374, 40)",b'this'
reactos,../repos/reactos/dll/directx/ksproxy/output_pin.cpp,"(380, 43)-(380, 47)",b'this'
reactos,../repos/reactos/dll/directx/ksproxy/output_pin.cpp,"(386, 38)-(386, 42)",b'this'
reactos,../repos/reactos/dll/directx/ksproxy/output_pin.cpp,"(392, 54)-(392, 58)",b'this'
reactos,../repos/reactos/dll/directx/ksproxy/output_pin.cpp,"(1646, 68)-(1646, 72)",b'this'
reactos,../repos/reactos/dll/directx/ksproxy/output_pin.cpp,"(1696, 48)-(1696, 52)",b'this'
reactos,../repos/reactos/dll/directx/ksproxy/output_pin.cpp,"(2066, 54)-(2066, 58)",b'this'
reactos,../repos/reactos/dll/directx/ksproxy/output_pin.cpp,"(2390, 60)-(2390, 64)",b'this'
reactos,../repos/reactos/dll/directx/ksproxy/output_pin.cpp,"(2595, 73)-(2595, 77)",b'this'
reactos,../repos/reactos/dll/directx/ksproxy/enumpins.cpp,"(26, 20)-(26, 24)",b'this'
reactos,../repos/reactos/dll/directx/ksproxy/enumpins.cpp,"(56, 25)-(56, 29)",b'this'
reactos,../repos/reactos/dll/directx/ksproxy/enumpins.cpp,"(62, 32)-(62, 36)",b'this'
reactos,../repos/reactos/dll/directx/ksproxy/clockforward.cpp,"(32, 20)-(32, 24)",b'this'
reactos,../repos/reactos/dll/directx/ksproxy/clockforward.cpp,"(88, 25)-(88, 29)",b'this'
reactos,../repos/reactos/dll/directx/ksproxy/clockforward.cpp,"(95, 32)-(95, 36)",b'this'
reactos,../repos/reactos/dll/directx/ksproxy/clockforward.cpp,"(102, 41)-(102, 45)",b'this'
reactos,../repos/reactos/dll/directx/ksproxy/clockforward.cpp,"(193, 84)-(193, 88)",b'this'
reactos,../repos/reactos/dll/directx/ksproxy/classfactory.cpp,"(27, 20)-(27, 24)",b'this'
reactos,../repos/reactos/dll/directx/ksproxy/classfactory.cpp,"(56, 25)-(56, 29)",b'this'
reactos,../repos/reactos/dll/directx/ksproxy/input_pin.cpp,"(56, 20)-(56, 24)",b'this'
reactos,../repos/reactos/dll/directx/ksproxy/input_pin.cpp,"(237, 25)-(237, 29)",b'this'
reactos,../repos/reactos/dll/directx/ksproxy/input_pin.cpp,"(250, 35)-(250, 39)",b'this'
reactos,../repos/reactos/dll/directx/ksproxy/input_pin.cpp,"(256, 32)-(256, 36)",b'this'
reactos,../repos/reactos/dll/directx/ksproxy/input_pin.cpp,"(269, 37)-(269, 41)",b'this'
reactos,../repos/reactos/dll/directx/ksproxy/input_pin.cpp,"(275, 33)-(275, 37)",b'this'
reactos,../repos/reactos/dll/directx/ksproxy/input_pin.cpp,"(282, 31)-(282, 35)",b'this'
reactos,../repos/reactos/dll/directx/ksproxy/input_pin.cpp,"(288, 33)-(288, 37)",b'this'
reactos,../repos/reactos/dll/directx/ksproxy/input_pin.cpp,"(294, 36)-(294, 40)",b'this'
reactos,../repos/reactos/dll/directx/ksproxy/input_pin.cpp,"(301, 37)-(301, 41)",b'this'
reactos,../repos/reactos/dll/directx/ksproxy/input_pin.cpp,"(308, 42)-(308, 46)",b'this'
reactos,../repos/reactos/dll/directx/ksproxy/input_pin.cpp,"(314, 38)-(314, 42)",b'this'
reactos,../repos/reactos/dll/directx/ksproxy/input_pin.cpp,"(320, 44)-(320, 48)",b'this'
reactos,../repos/reactos/dll/directx/ksproxy/input_pin.cpp,"(1439, 54)-(1439, 58)",b'this'
reactos,../repos/reactos/dll/directx/ksproxy/input_pin.cpp,"(1749, 60)-(1749, 64)",b'this'
reactos,../repos/reactos/dll/directx/ksproxy/interface.cpp,"(29, 20)-(29, 24)",b'this'
reactos,../repos/reactos/dll/directx/ksproxy/interface.cpp,"(69, 25)-(69, 29)",b'this'
reactos,../repos/reactos/dll/directx/ksproxy/interface.cpp,"(188, 77)-(188, 81)",b'this'
reactos,../repos/reactos/dll/directx/msdvbnp/networkprovider.cpp,"(32, 20)-(32, 24)",b'this'
reactos,../repos/reactos/dll/directx/msdvbnp/networkprovider.cpp,"(95, 25)-(95, 29)",b'this'
reactos,../repos/reactos/dll/directx/msdvbnp/networkprovider.cpp,"(101, 34)-(101, 38)",b'this'
reactos,../repos/reactos/dll/directx/msdvbnp/networkprovider.cpp,"(127, 75)-(127, 79)",b'this'
reactos,../repos/reactos/dll/directx/msdvbnp/networkprovider.cpp,"(142, 75)-(142, 79)",b'this'
reactos,../repos/reactos/dll/directx/msdvbnp/networkprovider.cpp,"(157, 75)-(157, 79)",b'this'
reactos,../repos/reactos/dll/directx/msdvbnp/networkprovider.cpp,"(169, 43)-(169, 47)",b'this'
reactos,../repos/reactos/dll/directx/msdvbnp/networkprovider.cpp,"(319, 61)-(319, 65)",b'this'
reactos,../repos/reactos/dll/directx/msdvbnp/enum_mediatypes.cpp,"(26, 20)-(26, 24)",b'this'
reactos,../repos/reactos/dll/directx/msdvbnp/enum_mediatypes.cpp,"(56, 25)-(56, 29)",b'this'
reactos,../repos/reactos/dll/directx/msdvbnp/enum_mediatypes.cpp,"(62, 38)-(62, 42)",b'this'
reactos,../repos/reactos/dll/directx/msdvbnp/enumpins.cpp,"(26, 20)-(26, 24)",b'this'
reactos,../repos/reactos/dll/directx/msdvbnp/enumpins.cpp,"(56, 25)-(56, 29)",b'this'
reactos,../repos/reactos/dll/directx/msdvbnp/enumpins.cpp,"(62, 32)-(62, 36)",b'this'
reactos,../repos/reactos/dll/directx/msdvbnp/classfactory.cpp,"(29, 20)-(29, 24)",b'this'
reactos,../repos/reactos/dll/directx/msdvbnp/classfactory.cpp,"(58, 25)-(58, 29)",b'this'
reactos,../repos/reactos/dll/directx/msdvbnp/pin.cpp,"(31, 20)-(31, 24)",b'this'
reactos,../repos/reactos/dll/directx/msdvbnp/pin.cpp,"(95, 25)-(95, 29)",b'this'
reactos,../repos/reactos/dll/directx/msdvbnp/pin.cpp,"(101, 27)-(101, 31)",b'this'
reactos,../repos/reactos/dll/directx/msdvbnp/pin.cpp,"(149, 48)-(149, 52)",b'this'
reactos,../repos/reactos/dll/directx/msdvbnp/scanningtuner.cpp,"(26, 20)-(26, 24)",b'this'
reactos,../repos/reactos/dll/directx/msdvbnp/scanningtuner.cpp,"(74, 25)-(74, 29)",b'this'
reactos,../repos/reactos/dll/directx/msdvbnp/scanningtuner.cpp,"(80, 29)-(80, 33)",b'this'
reactos,../repos/reactos/dll/directx/msdvbnp/scanningtuner.cpp,"(87, 37)-(87, 41)",b'this'
reactos,../repos/reactos/dll/directx/bdaplgin/frequencyfilter.cpp,"(32, 20)-(32, 24)",b'this'
reactos,../repos/reactos/dll/directx/bdaplgin/frequencyfilter.cpp,"(70, 25)-(70, 29)",b'this'
reactos,../repos/reactos/dll/directx/bdaplgin/frequencyfilter.cpp,"(77, 43)-(77, 47)",b'this'
reactos,../repos/reactos/dll/directx/bdaplgin/pincontrol.cpp,"(34, 20)-(34, 24)",b'this'
reactos,../repos/reactos/dll/directx/bdaplgin/pincontrol.cpp,"(69, 25)-(69, 29)",b'this'
reactos,../repos/reactos/dll/directx/bdaplgin/pincontrol.cpp,"(75, 38)-(75, 42)",b'this'
reactos,../repos/reactos/dll/directx/bdaplgin/controlnode.cpp,"(31, 20)-(31, 24)",b'this'
reactos,../repos/reactos/dll/directx/bdaplgin/controlnode.cpp,"(57, 25)-(57, 29)",b'this'
reactos,../repos/reactos/dll/directx/bdaplgin/classfactory.cpp,"(29, 20)-(29, 24)",b'this'
reactos,../repos/reactos/dll/directx/bdaplgin/classfactory.cpp,"(58, 25)-(58, 29)",b'this'
reactos,../repos/reactos/dll/directx/bdaplgin/devicecontrol.cpp,"(47, 20)-(47, 24)",b'this'
reactos,../repos/reactos/dll/directx/bdaplgin/devicecontrol.cpp,"(92, 25)-(92, 29)",b'this'
reactos,../repos/reactos/dll/directx/bdaplgin/devicecontrol.cpp,"(98, 41)-(98, 45)",b'this'
reactos,../repos/reactos/dll/directx/bdaplgin/devicecontrol.cpp,"(105, 36)-(105, 40)",b'this'
reactos,../repos/reactos/dll/directx/bdaplgin/digitaldemo.cpp,"(32, 20)-(32, 24)",b'this'
reactos,../repos/reactos/dll/directx/bdaplgin/digitaldemo.cpp,"(72, 25)-(72, 29)",b'this'
reactos,../repos/reactos/dll/directx/bdaplgin/digitaldemo.cpp,"(79, 46)-(79, 50)",b'this'
reactos,../repos/reactos/dll/directx/bdaplgin/lnbinfo.cpp,"(32, 20)-(32, 24)",b'this'
reactos,../repos/reactos/dll/directx/bdaplgin/lnbinfo.cpp,"(65, 25)-(65, 29)",b'this'
reactos,../repos/reactos/dll/directx/bdaplgin/lnbinfo.cpp,"(72, 35)-(72, 39)",b'this'
reactos,../repos/reactos/dll/directx/bdaplgin/signalstatistics.cpp,"(32, 20)-(32, 24)",b'this'
reactos,../repos/reactos/dll/directx/bdaplgin/signalstatistics.cpp,"(69, 25)-(69, 29)",b'this'
reactos,../repos/reactos/dll/directx/bdaplgin/signalstatistics.cpp,"(76, 44)-(76, 48)",b'this'
reactos,../repos/reactos/dll/directx/msvidctl/tuningspace_container.cpp,"(74, 25)-(74, 29)",b'this'
reactos,../repos/reactos/dll/directx/msvidctl/tuningspace_container.cpp,"(81, 43)-(81, 47)",b'this'
reactos,../repos/reactos/dll/directx/msvidctl/tunerequest.cpp,"(94, 25)-(94, 29)",b'this'
reactos,../repos/reactos/dll/directx/msvidctl/tunerequest.cpp,"(101, 34)-(101, 38)",b'this'
reactos,../repos/reactos/dll/directx/msvidctl/tunerequest.cpp,"(108, 37)-(108, 41)",b'this'
reactos,../repos/reactos/dll/directx/msvidctl/enumtuningspaces.cpp,"(54, 25)-(54, 29)",b'this'
reactos,../repos/reactos/dll/directx/msvidctl/enumtuningspaces.cpp,"(61, 39)-(61, 43)",b'this'
reactos,../repos/reactos/dll/directx/msvidctl/classfactory.cpp,"(29, 20)-(29, 24)",b'this'
reactos,../repos/reactos/dll/directx/msvidctl/classfactory.cpp,"(58, 25)-(58, 29)",b'this'
reactos,../repos/reactos/dll/directx/msvidctl/tuningspace.cpp,"(28, 71)-(28, 75)",b'this'
reactos,../repos/reactos/dll/directx/msvidctl/tuningspace.cpp,"(86, 25)-(86, 29)",b'this'
reactos,../repos/reactos/dll/directx/msvidctl/tuningspace.cpp,"(93, 34)-(93, 38)",b'this'
reactos,../repos/reactos/dll/directx/msvidctl/tuningspace.cpp,"(100, 37)-(100, 41)",b'this'
reactos,../repos/reactos/dll/directx/msvidctl/tuningspace.cpp,"(240, 60)-(240, 64)",b'this'
reactos,../repos/reactos/dll/shellext/shellbtrfs/propsheet.h,"(144, 20)-(144, 24)",b'this'
reactos,../repos/reactos/dll/shellext/shellbtrfs/shellext.h,"(253, 17)-(253, 21)",b'this'
reactos,../repos/reactos/dll/shellext/shellbtrfs/shellext.h,"(295, 17)-(295, 21)",b'this'
reactos,../repos/reactos/dll/shellext/shellbtrfs/shellext.h,"(337, 17)-(337, 21)",b'this'
reactos,../repos/reactos/dll/shellext/shellbtrfs/balance.cpp,"(858, 110)-(858, 114)",b'this'
reactos,../repos/reactos/dll/shellext/shellbtrfs/balance.cpp,"(1040, 98)-(1040, 102)",b'this'
reactos,../repos/reactos/dll/shellext/shellbtrfs/volpropsheet.h,"(73, 20)-(73, 24)",b'this'
reactos,../repos/reactos/dll/shellext/shellbtrfs/iconoverlay.cpp,"(37, 60)-(37, 64)",b'this'
reactos,../repos/reactos/dll/shellext/shellbtrfs/send.cpp,"(289, 52)-(289, 56)",b'this'
reactos,../repos/reactos/dll/shellext/shellbtrfs/send.cpp,"(425, 17)-(425, 21)",b'this'
reactos,../repos/reactos/dll/shellext/shellbtrfs/send.cpp,"(531, 100)-(531, 104)",b'this'
reactos,../repos/reactos/dll/shellext/shellbtrfs/devices.cpp,"(645, 100)-(645, 104)",b'this'
reactos,../repos/reactos/dll/shellext/shellbtrfs/devices.cpp,"(649, 5)-(649, 9)",b'this'
reactos,../repos/reactos/dll/shellext/shellbtrfs/devices.cpp,"(650, 5)-(650, 9)",b'this'
reactos,../repos/reactos/dll/shellext/shellbtrfs/devices.cpp,"(651, 5)-(651, 9)",b'this'
reactos,../repos/reactos/dll/shellext/shellbtrfs/devices.cpp,"(839, 5)-(839, 9)",b'this'
reactos,../repos/reactos/dll/shellext/shellbtrfs/devices.cpp,"(840, 5)-(840, 9)",b'this'
reactos,../repos/reactos/dll/shellext/shellbtrfs/devices.cpp,"(842, 99)-(842, 103)",b'this'
reactos,../repos/reactos/dll/shellext/shellbtrfs/factory.h,"(54, 20)-(54, 24)",b'this'
reactos,../repos/reactos/dll/shellext/shellbtrfs/volpropsheet.cpp,"(53, 51)-(53, 55)",b'this'
reactos,../repos/reactos/dll/shellext/shellbtrfs/volpropsheet.cpp,"(57, 46)-(57, 50)",b'this'
reactos,../repos/reactos/dll/shellext/shellbtrfs/volpropsheet.cpp,"(583, 97)-(583, 101)",b'this'
reactos,../repos/reactos/dll/shellext/shellbtrfs/volpropsheet.cpp,"(961, 101)-(961, 105)",b'this'
reactos,../repos/reactos/dll/shellext/shellbtrfs/volpropsheet.cpp,"(1266, 96)-(1266, 100)",b'this'
reactos,../repos/reactos/dll/shellext/shellbtrfs/volpropsheet.cpp,"(1453, 30)-(1453, 34)",b'this'
reactos,../repos/reactos/dll/shellext/shellbtrfs/volpropsheet.cpp,"(1459, 17)-(1459, 21)",b'this'
reactos,../repos/reactos/dll/shellext/shellbtrfs/volpropsheet.cpp,"(1606, 89)-(1606, 93)",b'this'
reactos,../repos/reactos/dll/shellext/shellbtrfs/contextmenu.h,"(59, 20)-(59, 24)",b'this'
reactos,../repos/reactos/dll/shellext/shellbtrfs/factory.cpp,"(28, 44)-(28, 48)",b'this'
reactos,../repos/reactos/dll/shellext/shellbtrfs/recv.cpp,"(95, 5)-(95, 9)",b'this'
reactos,../repos/reactos/dll/shellext/shellbtrfs/recv.cpp,"(96, 5)-(96, 9)",b'this'
reactos,../repos/reactos/dll/shellext/shellbtrfs/recv.cpp,"(139, 22)-(139, 26)",b'this'
reactos,../repos/reactos/dll/shellext/shellbtrfs/recv.cpp,"(139, 41)-(139, 45)",b'this'
reactos,../repos/reactos/dll/shellext/shellbtrfs/recv.cpp,"(201, 5)-(201, 9)",b'this'
reactos,../repos/reactos/dll/shellext/shellbtrfs/recv.cpp,"(202, 5)-(202, 9)",b'this'
reactos,../repos/reactos/dll/shellext/shellbtrfs/recv.cpp,"(272, 22)-(272, 26)",b'this'
reactos,../repos/reactos/dll/shellext/shellbtrfs/recv.cpp,"(272, 41)-(272, 45)",b'this'
reactos,../repos/reactos/dll/shellext/shellbtrfs/recv.cpp,"(1464, 17)-(1464, 21)",b'this'
reactos,../repos/reactos/dll/shellext/shellbtrfs/recv.cpp,"(1465, 71)-(1465, 75)",b'this'
reactos,../repos/reactos/dll/shellext/shellbtrfs/recv.cpp,"(1540, 114)-(1540, 118)",b'this'
reactos,../repos/reactos/dll/shellext/shellbtrfs/iconoverlay.h,"(47, 20)-(47, 24)",b'this'
reactos,../repos/reactos/dll/shellext/shellbtrfs/contextmenu.cpp,"(72, 45)-(72, 49)",b'this'
reactos,../repos/reactos/dll/shellext/shellbtrfs/contextmenu.cpp,"(76, 46)-(76, 50)",b'this'
reactos,../repos/reactos/dll/shellext/shellbtrfs/propsheet.cpp,"(75, 51)-(75, 55)",b'this'
reactos,../repos/reactos/dll/shellext/shellbtrfs/propsheet.cpp,"(79, 46)-(79, 50)",b'this'
reactos,../repos/reactos/dll/shellext/shellbtrfs/propsheet.cpp,"(394, 78)-(394, 82)",b'this'
reactos,../repos/reactos/dll/shellext/shellbtrfs/propsheet.cpp,"(549, 70)-(549, 74)",b'this'
reactos,../repos/reactos/dll/shellext/shellbtrfs/propsheet.cpp,"(555, 5)-(555, 9)",b'this'
reactos,../repos/reactos/dll/shellext/shellbtrfs/propsheet.cpp,"(788, 9)-(788, 13)",b'this'
reactos,../repos/reactos/dll/shellext/shellbtrfs/propsheet.cpp,"(789, 9)-(789, 13)",b'this'
reactos,../repos/reactos/dll/shellext/shellbtrfs/propsheet.cpp,"(797, 9)-(797, 13)",b'this'
reactos,../repos/reactos/dll/shellext/shellbtrfs/propsheet.cpp,"(798, 9)-(798, 13)",b'this'
reactos,../repos/reactos/dll/shellext/shellbtrfs/propsheet.cpp,"(1341, 30)-(1341, 34)",b'this'
reactos,../repos/reactos/dll/shellext/shellbtrfs/propsheet.cpp,"(1347, 17)-(1347, 21)",b'this'
reactos,../repos/reactos/dll/shellext/acppage/CLayerUIPropPage.cpp,"(408, 37)-(408, 41)",b'this'
reactos,../repos/reactos/dll/shellext/acppage/CLayerUIPropPage.cpp,"(473, 17)-(473, 21)",b'this'
reactos,../repos/reactos/dll/shellext/stobject/csystray.cpp,"(39, 5)-(39, 9)",b'this'
reactos,../repos/reactos/dll/shellext/stobject/csystray.cpp,"(55, 35)-(55, 39)",b'this'
reactos,../repos/reactos/dll/shellext/stobject/csystray.cpp,"(67, 9)-(67, 13)",b'this'
reactos,../repos/reactos/dll/shellext/stobject/csystray.cpp,"(69, 9)-(69, 13)",b'this'
reactos,../repos/reactos/dll/shellext/stobject/csystray.cpp,"(85, 33)-(85, 37)",b'this'
reactos,../repos/reactos/dll/shellext/stobject/csystray.cpp,"(94, 13)-(94, 17)",b'this'
reactos,../repos/reactos/dll/shellext/stobject/csystray.cpp,"(124, 13)-(124, 17)",b'this'
reactos,../repos/reactos/dll/shellext/stobject/csystray.cpp,"(126, 52)-(126, 56)",b'this'
reactos,../repos/reactos/dll/shellext/stobject/csystray.cpp,"(132, 20)-(132, 24)",b'this'
reactos,../repos/reactos/dll/shellext/stobject/csystray.cpp,"(142, 13)-(142, 17)",b'this'
reactos,../repos/reactos/dll/shellext/stobject/csystray.cpp,"(144, 13)-(144, 17)",b'this'
reactos,../repos/reactos/dll/shellext/stobject/csystray.cpp,"(145, 56)-(145, 60)",b'this'
reactos,../repos/reactos/dll/shellext/stobject/csystray.cpp,"(150, 24)-(150, 28)",b'this'
reactos,../repos/reactos/dll/shellext/stobject/csystray.cpp,"(160, 13)-(160, 17)",b'this'
reactos,../repos/reactos/dll/shellext/stobject/csystray.cpp,"(162, 54)-(162, 58)",b'this'
reactos,../repos/reactos/dll/shellext/stobject/csystray.cpp,"(175, 51)-(175, 55)",b'this'
reactos,../repos/reactos/dll/shellext/stobject/csystray.cpp,"(276, 65)-(276, 69)",b'this'
reactos,../repos/reactos/dll/shellext/stobject/csystray.cpp,"(331, 30)-(331, 34)",b'this'
reactos,../repos/reactos/dll/shellext/stobject/csystray.cpp,"(360, 30)-(360, 34)",b'this'
reactos,../repos/reactos/dll/shellext/fontext/CFontCache.cpp,"(71, 43)-(71, 47)",b'this'
reactos,../repos/reactos/dll/shellext/fontext/CFontExt.cpp,"(237, 39)-(237, 43)",b'this'
reactos,../repos/reactos/dll/shellext/fontext/CFontExt.cpp,"(320, 46)-(320, 50)",b'this'
reactos,../repos/reactos/dll/shellext/fontext/CFontExt.cpp,"(333, 20)-(333, 24)",b'this'
reactos,../repos/reactos/dll/shellext/fontext/CFontExt.cpp,"(375, 66)-(375, 70)",b'this'
reactos,../repos/reactos/dll/shellext/sendmail/CDeskLinkDropHandler.cpp,"(27, 21)-(27, 25)",b'this'
reactos,../repos/reactos/dll/shellext/sendmail/CDeskLinkDropHandler.cpp,"(37, 21)-(37, 25)",b'this'
reactos,../repos/reactos/dll/shellext/sendmail/CDeskLinkDropHandler.cpp,"(46, 21)-(46, 25)",b'this'
reactos,../repos/reactos/dll/shellext/sendmail/CDeskLinkDropHandler.cpp,"(54, 21)-(54, 25)",b'this'
reactos,../repos/reactos/dll/shellext/sendmail/CDeskLinkDropHandler.cpp,"(164, 21)-(164, 25)",b'this'
reactos,../repos/reactos/dll/shellext/sendmail/CDeskLinkDropHandler.cpp,"(170, 21)-(170, 25)",b'this'
reactos,../repos/reactos/dll/shellext/sendmail/CDeskLinkDropHandler.cpp,"(181, 21)-(181, 25)",b'this'
reactos,../repos/reactos/dll/shellext/sendmail/CDeskLinkDropHandler.cpp,"(187, 21)-(187, 25)",b'this'
reactos,../repos/reactos/dll/shellext/sendmail/CDeskLinkDropHandler.cpp,"(194, 21)-(194, 25)",b'this'
reactos,../repos/reactos/dll/shellext/ntobjshex/foldercommon.h,"(352, 20)-(352, 24)",b'this'
reactos,../repos/reactos/dll/shellext/ntobjshex/foldercommon.h,"(422, 47)-(422, 51)",b'this'
reactos,../repos/reactos/dll/shellext/mydocs/CMyDocsDropHandler.cpp,"(27, 21)-(27, 25)",b'this'
reactos,../repos/reactos/dll/shellext/mydocs/CMyDocsDropHandler.cpp,"(37, 21)-(37, 25)",b'this'
reactos,../repos/reactos/dll/shellext/mydocs/CMyDocsDropHandler.cpp,"(46, 21)-(46, 25)",b'this'
reactos,../repos/reactos/dll/shellext/mydocs/CMyDocsDropHandler.cpp,"(54, 21)-(54, 25)",b'this'
reactos,../repos/reactos/dll/shellext/mydocs/CMyDocsDropHandler.cpp,"(164, 21)-(164, 25)",b'this'
reactos,../repos/reactos/dll/shellext/mydocs/CMyDocsDropHandler.cpp,"(170, 21)-(170, 25)",b'this'
reactos,../repos/reactos/dll/shellext/mydocs/CMyDocsDropHandler.cpp,"(181, 21)-(181, 25)",b'this'
reactos,../repos/reactos/dll/shellext/mydocs/CMyDocsDropHandler.cpp,"(187, 21)-(187, 25)",b'this'
reactos,../repos/reactos/dll/shellext/mydocs/CMyDocsDropHandler.cpp,"(194, 21)-(194, 25)",b'this'
reactos,../repos/reactos/dll/shellext/zipfldr/CZipFolder.hpp,"(224, 49)-(224, 53)",b'this'
reactos,../repos/reactos/dll/shellext/zipfldr/CZipFolder.hpp,"(289, 57)-(289, 61)",b'this'
reactos,../repos/reactos/dll/shellext/zipfldr/CZipFolder.hpp,"(303, 61)-(303, 65)",b'this'
reactos,../repos/reactos/dll/shellext/zipfldr/CZipFolder.hpp,"(415, 77)-(415, 81)",b'this'
reactos,../repos/reactos/dll/shellext/zipfldr/CZipExtract.cpp,"(53, 26)-(53, 30)",b'this'
reactos,../repos/reactos/dll/shellext/zipfldr/CZipExtract.cpp,"(145, 48)-(145, 52)",b'this'
reactos,../repos/reactos/dll/shellext/zipfldr/CZipExtract.cpp,"(355, 42)-(355, 46)",b'this'
reactos,../repos/reactos/dll/shellext/zipfldr/CZipExtract.cpp,"(356, 44)-(356, 48)",b'this'
reactos,../repos/reactos/dll/shellext/zipfldr/CZipExtract.cpp,"(569, 33)-(569, 37)",b'this'
reactos,../repos/reactos/dll/shellext/netshell/shfldr_netconnect.cpp,"(144, 34)-(144, 38)",b'this'
reactos,../repos/reactos/dll/shellext/netshell/lanconnectui.cpp,"(256, 107)-(256, 111)",b'this'
reactos,../repos/reactos/dll/shellext/netshell/lanconnectui.cpp,"(259, 110)-(259, 114)",b'this'
reactos,../repos/reactos/dll/shellext/netshell/lanconnectui.cpp,"(477, 123)-(477, 127)",b'this'
reactos,../repos/reactos/dll/shellext/netshell/connectmanager.cpp,"(401, 48)-(401, 52)",b'this'
