Repo name,File name,Location,Content
reactos,../repos/reactos/base/services/nfsd/tree.h,"(120, 10)-(120, 12)","b'void name##_SPLAY(struct name *, struct type ...'"
reactos,../repos/reactos/base/services/nfsd/tree.h,"(120, 63)-(120, 65)","b'void name##_SPLAY(struct name *, struct type ...'"
reactos,../repos/reactos/base/services/nfsd/tree.h,"(120, 122)-(120, 124)","b'void name##_SPLAY(struct name *, struct type ...'"
reactos,../repos/reactos/base/services/nfsd/tree.h,"(120, 189)-(120, 191)","b'void name##_SPLAY(struct name *, struct type ...'"
reactos,../repos/reactos/base/services/nfsd/tree.h,"(162, 28)-(162, 30)",b'struct type *\t\t\t\t\t\t\t\t\\\nname##_SPLAY_INSERT(st...'
reactos,../repos/reactos/base/services/nfsd/tree.h,"(162, 252)-(162, 254)",b'struct type *\t\t\t\t\t\t\t\t\\\nname##_SPLAY_INSERT(st...'
reactos,../repos/reactos/base/services/nfsd/tree.h,"(162, 931)-(162, 933)",b'struct type *\t\t\t\t\t\t\t\t\\\nname##_SPLAY_INSERT(st...'
reactos,../repos/reactos/base/services/nfsd/tree.h,"(162, 1087)-(162, 1089)",b'struct type *\t\t\t\t\t\t\t\t\\\nname##_SPLAY_INSERT(st...'
reactos,../repos/reactos/base/services/nfsd/tree.h,"(162, 1412)-(162, 1414)",b'struct type *\t\t\t\t\t\t\t\t\\\nname##_SPLAY_INSERT(st...'
reactos,../repos/reactos/base/services/nfsd/tree.h,"(162, 1601)-(162, 1603)",b'struct type *\t\t\t\t\t\t\t\t\\\nname##_SPLAY_INSERT(st...'
reactos,../repos/reactos/base/services/nfsd/tree.h,"(281, 38)-(281, 40)","b'name##_SPLAY_INSERT(x, y)'"
reactos,../repos/reactos/base/services/nfsd/tree.h,"(282, 38)-(282, 40)","b'name##_SPLAY_REMOVE(x, y)'"
reactos,../repos/reactos/base/services/nfsd/tree.h,"(283, 37)-(283, 39)","b'name##_SPLAY_FIND(x, y)'"
reactos,../repos/reactos/base/services/nfsd/tree.h,"(284, 37)-(284, 39)","b'name##_SPLAY_NEXT(x, y)'"
reactos,../repos/reactos/base/services/nfsd/tree.h,"(285, 65)-(285, 67)",b'(SPLAY_EMPTY(x) ? NULL\t\\\n\t\t\t\t\t: name##_SPLAY_...'
reactos,../repos/reactos/base/services/nfsd/tree.h,"(287, 65)-(287, 67)",b'(SPLAY_EMPTY(x) ? NULL\t\\\n\t\t\t\t\t: name##_SPLAY_...'
reactos,../repos/reactos/base/services/nfsd/tree.h,"(386, 15)-(386, 17)",b'attr void name##_RB_INSERT_COLOR(struct name ...'
reactos,../repos/reactos/base/services/nfsd/tree.h,"(386, 82)-(386, 84)",b'attr void name##_RB_INSERT_COLOR(struct name ...'
reactos,../repos/reactos/base/services/nfsd/tree.h,"(386, 170)-(386, 172)",b'attr void name##_RB_INSERT_COLOR(struct name ...'
reactos,../repos/reactos/base/services/nfsd/tree.h,"(386, 238)-(386, 240)",b'attr void name##_RB_INSERT_COLOR(struct name ...'
reactos,../repos/reactos/base/services/nfsd/tree.h,"(386, 306)-(386, 308)",b'attr void name##_RB_INSERT_COLOR(struct name ...'
reactos,../repos/reactos/base/services/nfsd/tree.h,"(386, 373)-(386, 375)",b'attr void name##_RB_INSERT_COLOR(struct name ...'
reactos,../repos/reactos/base/services/nfsd/tree.h,"(386, 440)-(386, 442)",b'attr void name##_RB_INSERT_COLOR(struct name ...'
reactos,../repos/reactos/base/services/nfsd/tree.h,"(386, 493)-(386, 495)",b'attr void name##_RB_INSERT_COLOR(struct name ...'
reactos,../repos/reactos/base/services/nfsd/tree.h,"(386, 546)-(386, 548)",b'attr void name##_RB_INSERT_COLOR(struct name ...'
reactos,../repos/reactos/base/services/nfsd/tree.h,"(405, 24)-(405, 26)",b'attr void\t\t\t\t\t\t\t\t\\\nname##_RB_INSERT_COLOR(str...'
reactos,../repos/reactos/base/services/nfsd/tree.h,"(405, 1448)-(405, 1450)",b'attr void\t\t\t\t\t\t\t\t\\\nname##_RB_INSERT_COLOR(str...'
reactos,../repos/reactos/base/services/nfsd/tree.h,"(405, 4278)-(405, 4280)",b'attr void\t\t\t\t\t\t\t\t\\\nname##_RB_INSERT_COLOR(str...'
reactos,../repos/reactos/base/services/nfsd/tree.h,"(405, 6261)-(405, 6263)",b'attr void\t\t\t\t\t\t\t\t\\\nname##_RB_INSERT_COLOR(str...'
reactos,../repos/reactos/base/services/nfsd/tree.h,"(726, 35)-(726, 37)","b'name##_RB_INSERT(x, y)'"
reactos,../repos/reactos/base/services/nfsd/tree.h,"(727, 35)-(727, 37)","b'name##_RB_REMOVE(x, y)'"
reactos,../repos/reactos/base/services/nfsd/tree.h,"(728, 33)-(728, 35)","b'name##_RB_FIND(x, y)'"
reactos,../repos/reactos/base/services/nfsd/tree.h,"(729, 34)-(729, 36)","b'name##_RB_NFIND(x, y)'"
reactos,../repos/reactos/base/services/nfsd/tree.h,"(730, 33)-(730, 35)",b'name##_RB_NEXT(y)'
reactos,../repos/reactos/base/services/nfsd/tree.h,"(731, 33)-(731, 35)",b'name##_RB_PREV(y)'
reactos,../repos/reactos/base/services/nfsd/tree.h,"(732, 30)-(732, 32)","b'name##_RB_MINMAX(x, RB_NEGINF)'"
reactos,../repos/reactos/base/services/nfsd/tree.h,"(733, 30)-(733, 32)","b'name##_RB_MINMAX(x, RB_INF)'"
reactos,../repos/reactos/base/services/nfsd/tree.h,"(736, 81)-(736, 83)","b'for ((x) = RB_MIN(name, head);\t\t\t\t\t\\\n\t     (x...'"
reactos,../repos/reactos/base/services/nfsd/tree.h,"(741, 59)-(741, 61)",b'for ((x) = (y);\t\t\t\t\t\t\t\\\n\t    ((x) != NULL) &&...'
reactos,../repos/reactos/base/services/nfsd/tree.h,"(746, 72)-(746, 74)","b'for ((x) = RB_MIN(name, head);\t\t\t\t\t\\\n\t    ((x...'"
reactos,../repos/reactos/base/services/nfsd/tree.h,"(751, 81)-(751, 83)","b'for ((x) = RB_MAX(name, head);\t\t\t\t\t\\\n\t     (x...'"
reactos,../repos/reactos/base/services/nfsd/tree.h,"(756, 59)-(756, 61)",b'for ((x) = (y);\t\t\t\t\t\t\t\\\n\t    ((x) != NULL) &&...'
reactos,../repos/reactos/base/services/nfsd/tree.h,"(761, 72)-(761, 74)","b'for ((x) = RB_MAX(name, head);\t\t\t\t\t\\\n\t    ((x...'"
reactos,../repos/reactos/base/shell/cmd/console.h,"(42, 31)-(42, 33)","b'onPrintf(StdOut, (szStr), ##__VA_ARGS__)\n'"
reactos,../repos/reactos/base/shell/cmd/console.h,"(45, 31)-(45, 33)","b'onPrintf(StdErr, (szStr), ##__VA_ARGS__)\n'"
reactos,../repos/reactos/base/shell/cmd/console.h,"(48, 32)-(48, 34)","b'onResPrintf(StdOut, (uID), ##__VA_ARGS__)\n'"
reactos,../repos/reactos/base/shell/cmd/console.h,"(51, 32)-(51, 34)","b'onResPrintf(StdErr, (uID), ##__VA_ARGS__)\n'"
reactos,../repos/reactos/base/shell/cmd/console.h,"(54, 42)-(54, 44)","b'onFormatMessage(StdOut, (MessageId), ##__VA_A...'"
reactos,../repos/reactos/base/shell/cmd/console.h,"(57, 42)-(57, 44)","b'onFormatMessage(StdErr, (MessageId), ##__VA_A...'"
reactos,../repos/reactos/dll/cpl/wined3dcfg/wined3dcfg.h,"(36, 59)-(36, 61)","b'InitControl(hWndDlg, hKey, KEY_##a, b, IDC_##...'"
reactos,../repos/reactos/dll/cpl/wined3dcfg/wined3dcfg.h,"(36, 71)-(36, 73)","b'InitControl(hWndDlg, hKey, KEY_##a, b, IDC_##...'"
reactos,../repos/reactos/dll/cpl/wined3dcfg/wined3dcfg.h,"(37, 59)-(37, 61)","b'SaveSetting(hWndDlg, hKey, KEY_##a, b, IDC_##...'"
reactos,../repos/reactos/dll/cpl/wined3dcfg/wined3dcfg.h,"(37, 71)-(37, 73)","b'SaveSetting(hWndDlg, hKey, KEY_##a, b, IDC_##...'"
reactos,../repos/reactos/dll/cpl/desk/devsett.c,"(59, 67)-(59, 69)",b'(struct iface *)(&(impl)->lp##iface##Vtbl)'
reactos,../repos/reactos/dll/cpl/desk/devsett.c,"(59, 74)-(59, 76)",b'(struct iface *)(&(impl)->lp##iface##Vtbl)'
reactos,../repos/reactos/dll/opengl/opengl32/apistubs.c,"(15, 19)-(15, 21)",b'void GLAPIENTRY gl##name proto_args          ...'
reactos,../repos/reactos/dll/opengl/opengl32/apistubs.c,"(24, 23)-(24, 25)",b'ret_type GLAPIENTRY gl##name proto_args      ...'
reactos,../repos/reactos/dll/opengl/opengl32/swimpl.c,"(287, 103)-(287, 105)",b'case __x__:                                  ...'
reactos,../repos/reactos/dll/opengl/opengl32/swimpl.c,"(287, 324)-(287, 326)",b'case __x__:                                  ...'
reactos,../repos/reactos/dll/opengl/opengl32/swimpl.c,"(716, 38)-(716, 40)",b'static inline COLORREF MAKE_COLORREF_##__bpp(...'
reactos,../repos/reactos/dll/opengl/opengl32/swimpl.c,"(716, 704)-(716, 706)",b'static inline COLORREF MAKE_COLORREF_##__bpp(...'
reactos,../repos/reactos/dll/opengl/opengl32/swimpl.c,"(716, 908)-(716, 910)",b'static inline COLORREF MAKE_COLORREF_##__bpp(...'
reactos,../repos/reactos/dll/opengl/opengl32/swimpl.c,"(737, 25)-(737, 27)",b'static void clear_index_##__bpp(GLcontext* ct...'
reactos,../repos/reactos/dll/opengl/opengl32/swimpl.c,"(737, 278)-(737, 280)",b'static void clear_index_##__bpp(GLcontext* ct...'
reactos,../repos/reactos/dll/opengl/opengl32/swimpl.c,"(753, 25)-(753, 27)",b'static void clear_color_##__bpp( GLcontext* c...'
reactos,../repos/reactos/dll/opengl/opengl32/swimpl.c,"(753, 406)-(753, 408)",b'static void clear_color_##__bpp( GLcontext* c...'
reactos,../repos/reactos/dll/opengl/opengl32/swimpl.c,"(753, 438)-(753, 440)",b'static void clear_color_##__bpp( GLcontext* c...'
reactos,../repos/reactos/dll/opengl/opengl32/swimpl.c,"(799, 19)-(799, 21)","b'static void clear_##__bpp(GLcontext* ctx, GLb...'"
reactos,../repos/reactos/dll/opengl/opengl32/swimpl.c,"(799, 1663)-(799, 1665)","b'static void clear_##__bpp(GLcontext* ctx, GLb...'"
reactos,../repos/reactos/dll/opengl/opengl32/swimpl.c,"(799, 1698)-(799, 1700)","b'static void clear_##__bpp(GLcontext* ctx, GLb...'"
reactos,../repos/reactos/dll/opengl/opengl32/swimpl.c,"(799, 2879)-(799, 2881)","b'static void clear_##__bpp(GLcontext* ctx, GLb...'"
reactos,../repos/reactos/dll/opengl/opengl32/swimpl.c,"(799, 2913)-(799, 2915)","b'static void clear_##__bpp(GLcontext* ctx, GLb...'"
reactos,../repos/reactos/dll/opengl/opengl32/swimpl.c,"(842, 23)-(842, 25)","b'static void set_index_##__bpp(GLcontext* ctx,...'"
reactos,../repos/reactos/dll/opengl/opengl32/swimpl.c,"(842, 278)-(842, 280)","b'static void set_index_##__bpp(GLcontext* ctx,...'"
reactos,../repos/reactos/dll/opengl/opengl32/swimpl.c,"(856, 23)-(856, 25)",b'static void set_color_##__bpp( GLcontext* ctx...'
reactos,../repos/reactos/dll/opengl/opengl32/swimpl.c,"(856, 390)-(856, 392)",b'static void set_color_##__bpp( GLcontext* ctx...'
reactos,../repos/reactos/dll/opengl/opengl32/swimpl.c,"(856, 424)-(856, 426)",b'static void set_color_##__bpp( GLcontext* ctx...'
reactos,../repos/reactos/dll/opengl/opengl32/swimpl.c,"(948, 42)-(948, 44)",b'static void write_color_span_frontbuffer_##__...'
reactos,../repos/reactos/dll/opengl/opengl32/swimpl.c,"(948, 1187)-(948, 1189)",b'static void write_color_span_frontbuffer_##__...'
reactos,../repos/reactos/dll/opengl/opengl32/swimpl.c,"(948, 1921)-(948, 1923)",b'static void write_color_span_frontbuffer_##__...'
reactos,../repos/reactos/dll/opengl/opengl32/swimpl.c,"(982, 30)-(982, 32)",b'static void write_color_span_##__bpp(GLcontex...'
reactos,../repos/reactos/dll/opengl/opengl32/swimpl.c,"(982, 1070)-(982, 1072)",b'static void write_color_span_##__bpp(GLcontex...'
reactos,../repos/reactos/dll/opengl/opengl32/swimpl.c,"(982, 2177)-(982, 2179)",b'static void write_color_span_##__bpp(GLcontex...'
reactos,../repos/reactos/dll/opengl/opengl32/swimpl.c,"(982, 2272)-(982, 2274)",b'static void write_color_span_##__bpp(GLcontex...'
reactos,../repos/reactos/dll/opengl/opengl32/swimpl.c,"(982, 3033)-(982, 3035)",b'static void write_color_span_##__bpp(GLcontex...'
reactos,../repos/reactos/dll/opengl/opengl32/swimpl.c,"(982, 3128)-(982, 3130)",b'static void write_color_span_##__bpp(GLcontex...'
reactos,../repos/reactos/dll/opengl/opengl32/swimpl.c,"(1054, 34)-(1054, 36)",b'static void write_monocolor_span_##__bpp(GLco...'
reactos,../repos/reactos/dll/opengl/opengl32/swimpl.c,"(1054, 1153)-(1054, 1155)",b'static void write_monocolor_span_##__bpp(GLco...'
reactos,../repos/reactos/dll/opengl/opengl32/swimpl.c,"(1054, 1188)-(1054, 1190)",b'static void write_monocolor_span_##__bpp(GLco...'
reactos,../repos/reactos/dll/opengl/opengl32/swimpl.c,"(1054, 2271)-(1054, 2273)",b'static void write_monocolor_span_##__bpp(GLco...'
reactos,../repos/reactos/dll/opengl/opengl32/swimpl.c,"(1054, 2305)-(1054, 2307)",b'static void write_monocolor_span_##__bpp(GLco...'
reactos,../repos/reactos/dll/opengl/opengl32/swimpl.c,"(1054, 3083)-(1054, 3085)",b'static void write_monocolor_span_##__bpp(GLco...'
reactos,../repos/reactos/dll/opengl/opengl32/swimpl.c,"(1054, 3117)-(1054, 3119)",b'static void write_monocolor_span_##__bpp(GLco...'
reactos,../repos/reactos/dll/opengl/opengl32/swimpl.c,"(1096, 32)-(1096, 34)",b'static void write_color_pixels_##__bpp(GLcont...'
reactos,../repos/reactos/dll/opengl/opengl32/swimpl.c,"(1096, 1875)-(1096, 1877)",b'static void write_color_pixels_##__bpp(GLcont...'
reactos,../repos/reactos/dll/opengl/opengl32/swimpl.c,"(1096, 2079)-(1096, 2081)",b'static void write_color_pixels_##__bpp(GLcont...'
reactos,../repos/reactos/dll/opengl/opengl32/swimpl.c,"(1096, 3389)-(1096, 3391)",b'static void write_color_pixels_##__bpp(GLcont...'
reactos,../repos/reactos/dll/opengl/opengl32/swimpl.c,"(1096, 3425)-(1096, 3427)",b'static void write_color_pixels_##__bpp(GLcont...'
reactos,../repos/reactos/dll/opengl/opengl32/swimpl.c,"(1160, 36)-(1160, 38)",b'static void write_monocolor_pixels_##__bpp(GL...'
reactos,../repos/reactos/dll/opengl/opengl32/swimpl.c,"(1160, 971)-(1160, 973)",b'static void write_monocolor_pixels_##__bpp(GL...'
reactos,../repos/reactos/dll/opengl/opengl32/swimpl.c,"(1160, 1006)-(1160, 1008)",b'static void write_monocolor_pixels_##__bpp(GL...'
reactos,../repos/reactos/dll/opengl/opengl32/swimpl.c,"(1160, 1997)-(1160, 1999)",b'static void write_monocolor_pixels_##__bpp(GL...'
reactos,../repos/reactos/dll/opengl/opengl32/swimpl.c,"(1160, 2031)-(1160, 2033)",b'static void write_monocolor_pixels_##__bpp(GL...'
reactos,../repos/reactos/dll/opengl/opengl32/swimpl.c,"(1216, 29)-(1216, 31)",b'static void read_color_span_##__bpp(GLcontext...'
reactos,../repos/reactos/dll/opengl/opengl32/swimpl.c,"(1216, 1259)-(1216, 1261)",b'static void read_color_span_##__bpp(GLcontext...'
reactos,../repos/reactos/dll/opengl/opengl32/swimpl.c,"(1216, 2236)-(1216, 2238)",b'static void read_color_span_##__bpp(GLcontext...'
reactos,../repos/reactos/dll/opengl/opengl32/swimpl.c,"(1216, 2254)-(1216, 2256)",b'static void read_color_span_##__bpp(GLcontext...'
reactos,../repos/reactos/dll/opengl/opengl32/swimpl.c,"(1265, 31)-(1265, 33)",b'static void read_color_pixels_##__bpp(GLconte...'
reactos,../repos/reactos/dll/opengl/opengl32/swimpl.c,"(1265, 1631)-(1265, 1633)",b'static void read_color_pixels_##__bpp(GLconte...'
reactos,../repos/reactos/dll/opengl/opengl32/swimpl.c,"(1265, 2940)-(1265, 2942)",b'static void read_color_pixels_##__bpp(GLconte...'
reactos,../repos/reactos/dll/opengl/opengl32/swimpl.c,"(1265, 2958)-(1265, 2960)",b'static void read_color_pixels_##__bpp(GLconte...'
reactos,../repos/reactos/dll/opengl/opengl32/swimpl.c,"(1318, 124)-(1318, 126)",b'case __bpp:                                  ...'
reactos,../repos/reactos/dll/opengl/opengl32/swimpl.c,"(1318, 202)-(1318, 204)",b'case __bpp:                                  ...'
reactos,../repos/reactos/dll/opengl/opengl32/swimpl.c,"(1318, 269)-(1318, 271)",b'case __bpp:                                  ...'
reactos,../repos/reactos/dll/opengl/opengl32/swimpl.c,"(1318, 351)-(1318, 353)",b'case __bpp:                                  ...'
reactos,../repos/reactos/dll/opengl/opengl32/swimpl.c,"(1318, 429)-(1318, 431)",b'case __bpp:                                  ...'
reactos,../repos/reactos/dll/opengl/opengl32/swimpl.c,"(1318, 529)-(1318, 531)",b'case __bpp:                                  ...'
reactos,../repos/reactos/dll/opengl/opengl32/swimpl.c,"(1318, 611)-(1318, 613)",b'case __bpp:                                  ...'
reactos,../repos/reactos/dll/opengl/opengl32/swimpl.c,"(1318, 689)-(1318, 691)",b'case __bpp:                                  ...'
reactos,../repos/reactos/dll/opengl/opengl32/swimpl.c,"(1318, 765)-(1318, 767)",b'case __bpp:                                  ...'
reactos,../repos/reactos/dll/opengl/opengl32/swimpl.c,"(1318, 847)-(1318, 849)",b'case __bpp:                                  ...'
reactos,../repos/reactos/dll/opengl/opengl32/swimpl.c,"(1318, 925)-(1318, 927)",b'case __bpp:                                  ...'
reactos,../repos/reactos/dll/opengl/opengl32/swimpl.c,"(1318, 989)-(1318, 991)",b'case __bpp:                                  ...'
reactos,../repos/reactos/dll/opengl/opengl32/swimpl.c,"(1318, 1071)-(1318, 1073)",b'case __bpp:                                  ...'
reactos,../repos/reactos/dll/opengl/opengl32/swimpl.c,"(1369, 90)-(1369, 92)",b'extern void WINAPI _mesa_##name proto_args ;'
reactos,../repos/reactos/dll/opengl/opengl32/swimpl.c,"(1370, 108)-(1370, 110)",b'extern ret_type WINAPI _mesa_##name proto_args ;'
reactos,../repos/reactos/dll/opengl/opengl32/wgl_font.c,"(180, 26)-(180, 28)","b'p##f = (void *)GetProcAddress( module, #f )'"
reactos,../repos/reactos/dll/directx/wine/dinput/joystick_osx.c,"(1470, 26)-(1470, 28)","b'if(IsEqualGUID(&GUID_##X, effect)) \\\n        ...'"
reactos,../repos/reactos/dll/directx/wine/dinput/joystick_osx.c,"(1470, 71)-(1470, 73)","b'if(IsEqualGUID(&GUID_##X, effect)) \\\n        ...'"
reactos,../repos/reactos/dll/directx/wine/dinput/joystick_osx.c,"(1470, 74)-(1470, 76)","b'if(IsEqualGUID(&GUID_##X, effect)) \\\n        ...'"
reactos,../repos/reactos/dll/directx/wine/wined3d/directx.c,"(2698, 48)-(2698, 50)",b'gl_info->gl_ops.ext.p_##pfn = (void *)wglGetP...'
reactos,../repos/reactos/dll/directx/wine/wined3d/directx.c,"(3357, 216)-(3357, 218)",b'do                                           ...'
reactos,../repos/reactos/dll/directx/wine/wined3d/directx.c,"(3357, 303)-(3357, 305)",b'do                                           ...'
reactos,../repos/reactos/dll/directx/wine/wined3d/directx.c,"(3357, 339)-(3357, 341)",b'do                                           ...'
reactos,../repos/reactos/dll/directx/wine/wined3d/directx.c,"(3363, 232)-(3363, 234)",b'do                                           ...'
reactos,../repos/reactos/dll/directx/wine/wined3d/directx.c,"(3363, 327)-(3363, 329)",b'do                                           ...'
reactos,../repos/reactos/dll/directx/wine/wined3d/directx.c,"(3363, 371)-(3363, 373)",b'do                                           ...'
reactos,../repos/reactos/dll/directx/wine/wined3d/directx.c,"(6668, 45)-(6668, 47)",b'gl_info->gl_ops.gl.p_##f = (void *)GetProcAdd...'
reactos,../repos/reactos/dll/directx/wine/wined3d/dxtn.c,"(490, 16)-(490, 18)","b'if (!(p##f = wine_dlsym(txc_dxtn_handle, #f, ...'"
reactos,../repos/reactos/dll/directx/wine/wined3d/wined3d_private.h,"(1440, 46)-(1440, 48)",b'(gl_info->gl_ops.ext.p_##f)'
reactos,../repos/reactos/dll/directx/wine/ddraw/ddraw.c,"(3136, 16)-(3136, 18)","b'{ DDSD_##FLAG, offsetof(DDSURFACEDESC2, FIELD...'"
reactos,../repos/reactos/dll/shellext/acppage/CLayerUIPropPage.cpp,"(106, 54)-(106, 56)","b'ACDBG_FN(__FUNCTION__, fmt, ##__VA_ARGS__ )'"
reactos,../repos/reactos/dll/shellext/deskadp/deskadp.h,"(20, 67)-(20, 69)",b'(struct iface *)(&(impl)->lp##iface##Vtbl)'
reactos,../repos/reactos/dll/shellext/deskadp/deskadp.h,"(20, 74)-(20, 76)",b'(struct iface *)(&(impl)->lp##iface##Vtbl)'
reactos,../repos/reactos/dll/shellext/deskadp/deskadp.h,"(21, 122)-(21, 124)",b'((PDESKDISPLAYADAPTER)((ULONG_PTR)instance - ...'
reactos,../repos/reactos/dll/shellext/deskadp/deskadp.h,"(21, 129)-(21, 131)",b'((PDESKDISPLAYADAPTER)((ULONG_PTR)instance - ...'
reactos,../repos/reactos/dll/shellext/deskmon/deskmon.h,"(40, 67)-(40, 69)",b'(struct iface *)(&(impl)->lp##iface##Vtbl)'
reactos,../repos/reactos/dll/shellext/deskmon/deskmon.h,"(40, 74)-(40, 76)",b'(struct iface *)(&(impl)->lp##iface##Vtbl)'
reactos,../repos/reactos/dll/shellext/deskmon/deskmon.h,"(41, 108)-(41, 110)",b'((PDESKMONITOR)((ULONG_PTR)instance - FIELD_O...'
reactos,../repos/reactos/dll/shellext/deskmon/deskmon.h,"(41, 115)-(41, 117)",b'((PDESKMONITOR)((ULONG_PTR)instance - FIELD_O...'
reactos,../repos/reactos/dll/appcompat/shims/shimlib/shimlib.h,"(69, 102)-(69, 104)",b'do { if (g_ShimEngDebugLevel) SeiDbgPrint(SEI...'
reactos,../repos/reactos/dll/appcompat/shims/shimlib/shimlib.h,"(70, 104)-(70, 106)",b'do { if (g_ShimEngDebugLevel) SeiDbgPrint(SEI...'
reactos,../repos/reactos/dll/appcompat/shims/shimlib/shimlib.h,"(71, 104)-(71, 106)",b'do { if (g_ShimEngDebugLevel) SeiDbgPrint(SEI...'
reactos,../repos/reactos/dll/appcompat/shims/shimlib/shimlib.h,"(72, 104)-(72, 106)",b'do { if (g_ShimEngDebugLevel) SeiDbgPrint(SEI...'
reactos,../repos/reactos/dll/appcompat/shims/shimlib/shimlib.h,"(75, 116)-(75, 118)",b'do { if (g_ShimEngDebugLevel) SeiDbgPrint(SEI...'
reactos,../repos/reactos/dll/appcompat/shims/shimlib/shimlib.h,"(76, 118)-(76, 120)",b'do { if (g_ShimEngDebugLevel) SeiDbgPrint(SEI...'
reactos,../repos/reactos/dll/appcompat/shims/shimlib/shimlib.h,"(77, 118)-(77, 120)",b'do { if (g_ShimEngDebugLevel) SeiDbgPrint(SEI...'
reactos,../repos/reactos/dll/appcompat/shims/shimlib/shimlib.h,"(78, 118)-(78, 120)",b'do { if (g_ShimEngDebugLevel) SeiDbgPrint(SEI...'
reactos,../repos/reactos/dll/appcompat/apphelp/sdbpapi.h,"(76, 98)-(76, 100)",b'do { if (g_ShimDebugLevel) ShimDbgPrint(SHIM_...'
reactos,../repos/reactos/dll/appcompat/apphelp/sdbpapi.h,"(77, 100)-(77, 102)",b'do { if (g_ShimDebugLevel) ShimDbgPrint(SHIM_...'
reactos,../repos/reactos/dll/appcompat/apphelp/sdbpapi.h,"(78, 100)-(78, 102)",b'do { if (g_ShimDebugLevel) ShimDbgPrint(SHIM_...'
reactos,../repos/reactos/hal/halx86/include/bus.h,"(8, 75)-(8, 77)",b'x ## y'
reactos,../repos/reactos/hal/halx86/pic/pic.c,"(137, 39)-(137, 41)",b'VOID __cdecl HalpHardwareInterrupt##x(VOID); ...'
reactos,../repos/reactos/hal/halx86/pic/pic.c,"(137, 236)-(137, 238)",b'VOID __cdecl HalpHardwareInterrupt##x(VOID); ...'
reactos,../repos/reactos/hal/halx86/pic/pic.c,"(148, 39)-(148, 41)",b'VOID __cdecl HalpHardwareInterrupt##x(VOID); ...'
reactos,../repos/reactos/hal/halx86/pic/pic.c,"(148, 236)-(148, 238)",b'VOID __cdecl HalpHardwareInterrupt##x(VOID); ...'
reactos,../repos/reactos/ntoskrnl/include/internal/i386/ke.h,"(215, 48)-(215, 50)","b'KiVdmOpcode##x(TrapFrame, Flags)'"
reactos,../repos/reactos/ntoskrnl/include/internal/i386/ke.h,"(218, 124)-(218, 126)",b'BOOLEAN                                      ...'
reactos,../repos/reactos/ntoskrnl/include/internal/cc.h,"(36, 42)-(36, 44)","b'DPRINT(fmt, ##__VA_ARGS__)'"
reactos,../repos/reactos/ntoskrnl/include/internal/dbgk.h,"(46, 44)-(46, 46)","b'DPRINT(fmt, ##__VA_ARGS__)'"
reactos,../repos/reactos/ntoskrnl/include/internal/vdm.h,"(30, 42)-(30, 44)","b'DPRINT(fmt, ##__VA_ARGS__)'"
reactos,../repos/reactos/ntoskrnl/include/internal/hdl.h,"(33, 43)-(33, 45)","b'DPRINT(fmt, ##__VA_ARGS__)'"
reactos,../repos/reactos/ntoskrnl/include/internal/lpc.h,"(49, 43)-(49, 45)","b'DPRINT(fmt, ##__VA_ARGS__)'"
reactos,../repos/reactos/ntoskrnl/include/internal/ps.h,"(57, 42)-(57, 44)","b'DPRINT(fmt, ##__VA_ARGS__)'"
reactos,../repos/reactos/ntoskrnl/include/internal/cm.h,"(40, 42)-(40, 44)","b'DPRINT(fmt, ##__VA_ARGS__)'"
reactos,../repos/reactos/ntoskrnl/include/internal/napi.h,"(8, 43)-(8, 45)","b'(ULONG_PTR)Nt##name,'"
reactos,../repos/reactos/ntoskrnl/include/internal/ob.h,"(34, 42)-(34, 44)","b'DPRINT(fmt, ##__VA_ARGS__)'"
reactos,../repos/reactos/ntoskrnl/include/internal/io.h,"(47, 42)-(47, 44)","b'DPRINT(fmt, ##__VA_ARGS__)'"
reactos,../repos/reactos/ntoskrnl/include/internal/po.h,"(33, 42)-(33, 44)","b'DPRINT(fmt, ##__VA_ARGS__)'"
reactos,../repos/reactos/ntoskrnl/include/ntoskrnl.h,"(63, 18)-(63, 20)",b'L##s'
reactos,../repos/reactos/ntoskrnl/config/cmboot.c,"(32, 41)-(32, 43)","b'TRACE(fmt, ##__VA_ARGS__) // DPRINT'"
reactos,../repos/reactos/ntoskrnl/config/cmdata.c,"(729, 37)-(729, 39)","b'), \\\n        &Kd_##Name##_Mask, \\\n        NUL...'"
reactos,../repos/reactos/ntoskrnl/config/cmdata.c,"(729, 43)-(729, 45)","b'), \\\n        &Kd_##Name##_Mask, \\\n        NUL...'"
reactos,../repos/reactos/ntoskrnl/mm/ARM3/expool.c,"(488, 29)-(488, 31)","b'if (dbg) KdbpPrint(fmt, ##__VA_ARGS__); \\\n   ...'"
reactos,../repos/reactos/ntoskrnl/mm/ARM3/expool.c,"(488, 69)-(488, 71)","b'if (dbg) KdbpPrint(fmt, ##__VA_ARGS__); \\\n   ...'"
reactos,../repos/reactos/ntoskrnl/mm/ARM3/expool.c,"(492, 18)-(492, 20)","b'DPRINT1(fmt, ##__VA_ARGS__)'"
reactos,../repos/reactos/ntoskrnl/ex/sysinfo.c,"(597, 23)-(597, 25)",b'QSI##n'
reactos,../repos/reactos/ntoskrnl/ex/sysinfo.c,"(601, 23)-(601, 25)",b'SSI##n'
reactos,../repos/reactos/ntoskrnl/ke/arm/ke_i.h,"(59, 58)-(59, 60)",b'typedef NTSTATUS (*PKI_SYSCALL_##x##PARAM)y;'
reactos,../repos/reactos/ntoskrnl/ke/arm/ke_i.h,"(59, 61)-(59, 63)",b'typedef NTSTATUS (*PKI_SYSCALL_##x##PARAM)y;'
reactos,../repos/reactos/ntoskrnl/ke/arm/ke_i.h,"(91, 69)-(91, 71)",b'NTSTATUS                                 \\\n  ...'
reactos,../repos/reactos/ntoskrnl/ke/arm/ke_i.h,"(91, 72)-(91, 74)",b'NTSTATUS                                 \\\n  ...'
reactos,../repos/reactos/ntoskrnl/ke/arm/ke_i.h,"(91, 340)-(91, 342)",b'NTSTATUS                                 \\\n  ...'
reactos,../repos/reactos/ntoskrnl/ke/arm/ke_i.h,"(91, 343)-(91, 345)",b'NTSTATUS                                 \\\n  ...'
reactos,../repos/reactos/ntoskrnl/kdbg/kdb_cli.c,"(154, 21)-(154, 23)","b'{ #Name, DPFLTR_##Name##_ID }'"
reactos,../repos/reactos/ntoskrnl/kdbg/kdb_cli.c,"(154, 27)-(154, 29)","b'{ #Name, DPFLTR_##Name##_ID }'"
reactos,../repos/reactos/ntoskrnl/kdbg/debug.h,"(24, 58)-(24, 60)","b'KdbPrintf(""(%s:%d) "" fmt, __RELFILE__, __LINE...'"
reactos,../repos/reactos/ntoskrnl/kdbg/debug.h,"(29, 62)-(29, 64)","b'KdbPrintf(""(%s:%d) "" fmt, __RELFILE__, __LINE...'"
reactos,../repos/reactos/boot/environ/include/efi/Base.h,"(41, 62)-(41, 64)",b'extern UINT8 _VerifySizeof##TYPE[(sizeof(TYPE...'
reactos,../repos/reactos/boot/environ/include/efi/Base.h,"(88, 31)-(88, 33)",b'a ## b'
reactos,../repos/reactos/boot/freeldr/freeldr/include/freeldr.h,"(23, 26)-(23, 28)",b'val##ULL'
reactos,../repos/reactos/boot/freeldr/freeldr/include/debug.h,"(57, 75)-(57, 77)",b'static int DbgDefaultChannel = DPRINT_##ch'
reactos,../repos/reactos/boot/freeldr/freeldr/include/debug.h,"(59, 54)-(59, 56)","b'DbgPrint2(DPRINT_##ch, ERR_LEVEL, __FILE__, _...'"
reactos,../repos/reactos/boot/freeldr/freeldr/include/debug.h,"(59, 96)-(59, 98)","b'DbgPrint2(DPRINT_##ch, ERR_LEVEL, __FILE__, _...'"
reactos,../repos/reactos/boot/freeldr/freeldr/include/debug.h,"(60, 54)-(60, 56)","b'DbgPrint2(DPRINT_##ch, FIXME_LEVEL, __FILE__,...'"
reactos,../repos/reactos/boot/freeldr/freeldr/include/debug.h,"(60, 98)-(60, 100)","b'DbgPrint2(DPRINT_##ch, FIXME_LEVEL, __FILE__,...'"
reactos,../repos/reactos/boot/freeldr/freeldr/include/debug.h,"(61, 54)-(61, 56)","b'DbgPrint2(DPRINT_##ch, WARN_LEVEL, __FILE__, ...'"
reactos,../repos/reactos/boot/freeldr/freeldr/include/debug.h,"(61, 97)-(61, 99)","b'DbgPrint2(DPRINT_##ch, WARN_LEVEL, __FILE__, ...'"
reactos,../repos/reactos/boot/freeldr/freeldr/include/debug.h,"(62, 54)-(62, 56)","b'DbgPrint2(DPRINT_##ch, TRACE_LEVEL, __FILE__,...'"
reactos,../repos/reactos/boot/freeldr/freeldr/include/debug.h,"(62, 98)-(62, 100)","b'DbgPrint2(DPRINT_##ch, TRACE_LEVEL, __FILE__,...'"
reactos,../repos/reactos/boot/freeldr/freeldr/include/debug.h,"(64, 95)-(64, 97)","b'DbgPrint2(DbgDefaultChannel, ERR_LEVEL, __FIL...'"
reactos,../repos/reactos/boot/freeldr/freeldr/include/debug.h,"(65, 97)-(65, 99)","b'DbgPrint2(DbgDefaultChannel, FIXME_LEVEL, __F...'"
reactos,../repos/reactos/boot/freeldr/freeldr/include/debug.h,"(66, 96)-(66, 98)","b'DbgPrint2(DbgDefaultChannel, WARN_LEVEL, __FI...'"
reactos,../repos/reactos/boot/freeldr/freeldr/include/debug.h,"(67, 97)-(67, 99)","b'DbgPrint2(DbgDefaultChannel, TRACE_LEVEL, __F...'"
reactos,../repos/reactos/boot/freeldr/freeldr/include/debug.h,"(71, 128)-(71, 130)","b'do { DbgPrint(""(%s:%d) Fatal Error in %s: "" f...'"
reactos,../repos/reactos/boot/freeldr/freeldr/include/arch/pc/x86common.h,"(3, 17)-(3, 19)",b'x##y\n'
reactos,../repos/reactos/boot/freeldr/freeldr/include/multiboot.h,"(39, 43)-(39, 45)",b'_ ## sym'
