Repo name,File name,Location,Content
reactos,../repos/reactos/dll/directx/ksproxy/precomp.h,"(24, 10)-(24, 18)",b'#include <vector>\n'
reactos,../repos/reactos/dll/directx/ksproxy/precomp.h,"(25, 10)-(25, 17)",b'#include <stack>\n'
reactos,../repos/reactos/dll/directx/ksproxy/precomp.h,"(26, 10)-(26, 16)",b'#include <list>\n'
reactos,../repos/reactos/dll/directx/msdvbnp/precomp.h,"(23, 10)-(23, 18)",b'#include <vector>\n'
reactos,../repos/reactos/dll/shellext/shellbtrfs/propsheet.h,"(21, 10)-(21, 17)",b'#include <deque>\n'
reactos,../repos/reactos/dll/shellext/shellbtrfs/shellext.h,"(52, 10)-(52, 18)",b'#include <vector>\n'
reactos,../repos/reactos/dll/shellext/shellbtrfs/mountmgr_local.h,"(3, 10)-(3, 18)",b'#include <vector>\n'
