Repo name,File name,Location,Content
kernels,../repos/tensorflow/tensorflow/core/kernels/tensor_cord.h,"(96, 34)-(96, 42)",b'TensorCord(TensorCord&& other) noexcept'
kernels,../repos/tensorflow/tensorflow/core/kernels/tensor_cord.h,"(100, 45)-(100, 53)",b'operator=(TensorCord&& other) noexcept'
kernels,../repos/tensorflow/tensorflow/core/kernels/tensor_cord.h,"(281, 51)-(281, 59)",b'TensorCord::TensorCord(TensorCord&& other) no...'
kernels,../repos/tensorflow/tensorflow/core/kernels/tensor_cord.h,"(295, 62)-(295, 70)",b'TensorCord::operator=(TensorCord&& other) noexcept'
