Repo name,File name,Location,Content
kernels,../repos/tensorflow/tensorflow/core/kernels/mkl/mkl_conv_grad_input_ops.cc,"(341, 5)-(550, 6)",b'try {\n      // Input tensors.\n      const Ten...'
kernels,../repos/tensorflow/tensorflow/core/kernels/mkl/mkl_relu_op.cc,"(444, 5)-(556, 6)",b'try {\n      const size_t src_index = 0;  // i...'
kernels,../repos/tensorflow/tensorflow/core/kernels/mkl/mkl_relu_op.cc,"(597, 5)-(764, 6)",b'try {\n      MklDnnData<T> src(&cpu_engine);\n ...'
kernels,../repos/tensorflow/tensorflow/core/kernels/mkl/mkl_concat_op.cc,"(482, 5)-(872, 6)",b'try {\n      auto cpu_engine = engine(engine::...'
kernels,../repos/tensorflow/tensorflow/core/kernels/mkl/mkl_dequantize_op.cc,"(59, 5)-(192, 6)",b'try {\n      // Using CPU device\n      auto cp...'
kernels,../repos/tensorflow/tensorflow/core/kernels/mkl/mkl_conv_ops.cc,"(786, 5)-(1099, 6)",b'try {\n      // Input tensors\n      const Tens...'
kernels,../repos/tensorflow/tensorflow/core/kernels/mkl/mkl_fused_instance_norm_op.cc,"(50, 5)-(222, 6)",b'try {\n      const Tensor& src_tensor = ctx->i...'
kernels,../repos/tensorflow/tensorflow/core/kernels/mkl/mkl_conv_grad_filter_ops.cc,"(399, 5)-(689, 6)",b'try {\n      // Input tensors.\n      const Ten...'
kernels,../repos/tensorflow/tensorflow/core/kernels/mkl/mkl_avgpooling_op.cc,"(49, 5)-(187, 6)",b'try {\n      const Tensor& input_tensor =\n    ...'
kernels,../repos/tensorflow/tensorflow/core/kernels/mkl/mkl_avgpooling_op.cc,"(203, 5)-(386, 6)",b'try {\n      const Tensor& orig_input_tensor =...'
kernels,../repos/tensorflow/tensorflow/core/kernels/mkl/mkl_qmatmul_op.cc,"(179, 5)-(344, 6)",b'try {\n      // Input tensors\n      const Tens...'
kernels,../repos/tensorflow/tensorflow/core/kernels/mkl/mkl_eltwise_activation_base_op.h,"(274, 5)-(333, 6)",b'try {\n      const Tensor& src_tensor = contex...'
kernels,../repos/tensorflow/tensorflow/core/kernels/mkl/mkl_maxpooling_op.cc,"(50, 5)-(215, 6)",b'try {\n      const Tensor& input_tensor =\n    ...'
kernels,../repos/tensorflow/tensorflow/core/kernels/mkl/mkl_maxpooling_op.cc,"(256, 5)-(392, 6)",b'try {\n      const Tensor& orig_input_tensor =...'
kernels,../repos/tensorflow/tensorflow/core/kernels/mkl/mkl_fused_batch_norm_op.cc,"(870, 5)-(1191, 6)",b'try {\n      const size_t kSrcIndex = 0;      ...'
kernels,../repos/tensorflow/tensorflow/core/kernels/mkl/mkl_fused_batch_norm_op.cc,"(1339, 5)-(1650, 6)",b'try {\n      const size_t kDiffDstIndex = 0;  ...'
kernels,../repos/tensorflow/tensorflow/core/kernels/mkl/mkl_softmax_op.cc,"(228, 5)-(294, 6)",b'try {\n      const Tensor& src_tensor = contex...'
kernels,../repos/tensorflow/tensorflow/core/kernels/mkl/mkl_layer_norm_op.cc,"(42, 5)-(209, 6)",b'try {\n      const Tensor& src_tensor = MklGet...'
kernels,../repos/tensorflow/tensorflow/core/kernels/mkl/mkl_matmul_op_fused.cc,"(219, 5)-(290, 6)",b'try {\n      // Prepare the input and output f...'
kernels,../repos/tensorflow/tensorflow/core/kernels/mkl/mkl_transpose_op.cc,"(67, 3)-(108, 4)",b'try {\n    engine cpu_engine = engine(engine::...'
kernels,../repos/tensorflow/tensorflow/core/kernels/mkl/mkl_requantize_per_channel_op.cc,"(50, 5)-(182, 6)",b'try {\n      const Tensor& input = ctx->input(...'
