Repo name,File name,Location,Content
kernels,../repos/tensorflow/tensorflow/core/kernels/matmul_op_impl.h,"(183, 28)-(183, 44)",b'operator()(Args&&... args) const'
kernels,../repos/tensorflow/tensorflow/core/kernels/fill_empty_rows_functor_gpu.cu.cc,"(63, 24)-(64, 57)","b'wrap_kernel_call(void (*func)(KernelArgs...),...'"
kernels,../repos/tensorflow/tensorflow/core/kernels/fill_empty_rows_functor_gpu.cu.cc,"(63, 37)-(63, 52)",b'(*func)(KernelArgs...)'
kernels,../repos/tensorflow/tensorflow/core/kernels/cwise_ops.h,"(222, 48)-(222, 76)","b'scalar_left(const Tin* c, Args... args)'"
kernels,../repos/tensorflow/tensorflow/core/kernels/cwise_ops.h,"(253, 49)-(253, 77)","b'scalar_right(const Tin* c, Args... args)'"
kernels,../repos/tensorflow/tensorflow/core/kernels/image/non_max_suppression_op.cu.cc,"(229, 49)-(232, 63)","b'SelectHelper(const Index i_selected,\n        ...'"
kernels,../repos/tensorflow/tensorflow/core/kernels/image/non_max_suppression_op.cu.cc,"(244, 33)-(245, 79)","b'IndexMultiSelect(const int num_elements, cons...'"
kernels,../repos/tensorflow/tensorflow/core/kernels/matmul_util.cc,"(63, 15)-(63, 31)",b'emplace(Args&&... args)'
kernels,../repos/tensorflow/tensorflow/core/kernels/training_ops_gpu.cu.cc,"(373, 22)-(374, 42)","b'wrap_kernel_call(void (*func)(KernelArgs...),...'"
kernels,../repos/tensorflow/tensorflow/core/kernels/training_ops_gpu.cu.cc,"(373, 35)-(373, 50)",b'(*func)(KernelArgs...)'
