Repo name,File name,Location,Content
kernels,../repos/tensorflow/tensorflow/core/kernels/collective_nccl.h,"(26, 3)-(26, 12)",b'~NcclBase() override'
kernels,../repos/tensorflow/tensorflow/core/kernels/training_op_helpers.h,"(106, 3)-(106, 27)",b'~VariableInputLockHolder()'
kernels,../repos/tensorflow/tensorflow/core/kernels/initializable_lookup_table.h,"(115, 13)-(115, 31)",b'~InitTableIterator()'
kernels,../repos/tensorflow/tensorflow/core/kernels/initializable_lookup_table.h,"(166, 5)-(166, 27)",b'~InitializerSerializer()'
kernels,../repos/tensorflow/tensorflow/core/kernels/ragged_cross_op.cc,"(57, 11)-(57, 25)",b'~FeatureReader()'
kernels,../repos/tensorflow/tensorflow/core/kernels/ragged_cross_op.cc,"(172, 11)-(172, 24)",b'~OutputWriter()'
kernels,../repos/tensorflow/tensorflow/core/kernels/functional_ops.cc,"(137, 3)-(137, 8)",b'~IfOp() override'
kernels,../repos/tensorflow/tensorflow/core/kernels/functional_ops.cc,"(197, 5)-(197, 11)",b'~State()'
kernels,../repos/tensorflow/tensorflow/core/kernels/functional_ops.cc,"(278, 3)-(278, 10)",b'~CaseOp() override'
kernels,../repos/tensorflow/tensorflow/core/kernels/functional_ops.cc,"(372, 5)-(372, 11)",b'~State()'
kernels,../repos/tensorflow/tensorflow/core/kernels/functional_ops.cc,"(440, 3)-(440, 11)",b'~WhileOp() override'
kernels,../repos/tensorflow/tensorflow/core/kernels/functional_ops.cc,"(618, 5)-(618, 11)",b'~State()'
kernels,../repos/tensorflow/tensorflow/core/kernels/functional_ops.cc,"(839, 3)-(839, 9)",b'~ForOp() override'
kernels,../repos/tensorflow/tensorflow/core/kernels/functional_ops.cc,"(922, 5)-(922, 11)",b'~State()'
kernels,../repos/tensorflow/tensorflow/core/kernels/matmul_op_impl.h,"(916, 3)-(916, 21)",b'~BaseBatchMatMulOp() override'
kernels,../repos/tensorflow/tensorflow/core/kernels/matmul_op_impl.h,"(1055, 3)-(1055, 17)",b'~BatchMatMulOp() override'
kernels,../repos/tensorflow/tensorflow/core/kernels/matmul_op_impl.h,"(1100, 3)-(1100, 19)",b'~BatchMatMulV2Op() override'
kernels,../repos/tensorflow/tensorflow/core/kernels/queue_base.h,"(135, 3)-(135, 13)",b'~QueueBase() override'
kernels,../repos/tensorflow/tensorflow/core/kernels/sparse_tensors_map_ops.cc,"(102, 3)-(102, 20)",b'~SparseTensorsMap() override'
kernels,../repos/tensorflow/tensorflow/core/kernels/sparse_tensors_map_ops.cc,"(121, 3)-(121, 27)",b'~SparseTensorAccessingOp() override'
kernels,../repos/tensorflow/tensorflow/core/kernels/sparse/sparse_mat_mul_op.cc,"(762, 3)-(762, 31)",b'~CSRSparseSparseMatrixMatMul()'
kernels,../repos/tensorflow/tensorflow/core/kernels/sparse/mat_mul_op.cc,"(108, 3)-(108, 15)",b'~CSRMatMulOp() override'
kernels,../repos/tensorflow/tensorflow/core/kernels/sparse/mat_mul_op.cc,"(173, 3)-(173, 18)",b'~CSRMatMulCPUOp() override'
kernels,../repos/tensorflow/tensorflow/core/kernels/sparse/mat_mul_op.cc,"(508, 3)-(508, 18)",b'~CSRMatMulGPUOp() override'
kernels,../repos/tensorflow/tensorflow/core/kernels/sparse/kernels.h,"(166, 11)-(166, 40)",b'~CSRStructureModifyingFunctor()'
kernels,../repos/tensorflow/tensorflow/core/kernels/tensor_map.h,"(70, 3)-(70, 13)",b'~TensorMap()'
kernels,../repos/tensorflow/tensorflow/core/kernels/constant_op.h,"(33, 3)-(33, 14)",b'~ConstantOp() override'
kernels,../repos/tensorflow/tensorflow/core/kernels/queue_base.cc,"(61, 12)-(61, 22)",b'QueueBase::~QueueBase'
kernels,../repos/tensorflow/tensorflow/core/kernels/collective_nccl_reducer.h,"(27, 3)-(27, 15)",b'~NcclReducer() override'
kernels,../repos/tensorflow/tensorflow/core/kernels/collective_nccl_reducer.h,"(37, 3)-(37, 23)",b'~NcclReduceScatterer() override'
kernels,../repos/tensorflow/tensorflow/core/kernels/barrier_ops.cc,"(297, 3)-(297, 11)",b'~Barrier() override'
kernels,../repos/tensorflow/tensorflow/core/kernels/ops_testutil.h,"(75, 3)-(75, 15)",b'~OpsTestBase() override'
kernels,../repos/tensorflow/tensorflow/core/kernels/batch_kernels.cc,"(738, 3)-(738, 19)",b'~UnbatchResource() override'
kernels,../repos/tensorflow/tensorflow/core/kernels/regex_replace_op.cc,"(72, 3)-(72, 18)",b'~RegexReplaceOp() override'
kernels,../repos/tensorflow/tensorflow/core/kernels/linalg/banded_triangular_solve_op.cc,"(213, 3)-(213, 30)",b'~BandedTriangularSolveOpCpu() override'
kernels,../repos/tensorflow/tensorflow/core/kernels/linalg/matrix_triangular_solve_op_impl.h,"(147, 3)-(147, 31)",b'~BaseMatrixTriangularSolveOp() override'
kernels,../repos/tensorflow/tensorflow/core/kernels/linalg/matrix_triangular_solve_op_impl.h,"(220, 3)-(220, 27)",b'~MatrixTriangularSolveOp() override'
kernels,../repos/tensorflow/tensorflow/core/kernels/collective_nccl_all_to_all.h,"(26, 3)-(26, 16)",b'~NcclAllToAll() override'
kernels,../repos/tensorflow/tensorflow/core/kernels/immutable_constant_op_test.cc,"(46, 3)-(46, 28)",b'~TestReadOnlyMemoryRegion() override'
kernels,../repos/tensorflow/tensorflow/core/kernels/immutable_constant_op_test.cc,"(62, 3)-(62, 18)",b'~TestFileSystem() override'
kernels,../repos/tensorflow/tensorflow/core/kernels/resource_ops_test.cc,"(40, 3)-(40, 16)",b'~MockResource() override'
kernels,../repos/tensorflow/tensorflow/core/kernels/collective_ops.cc,"(77, 3)-(77, 24)",b'~CollectiveOpV1Kernel() override'
kernels,../repos/tensorflow/tensorflow/core/kernels/tensor_list.h,"(68, 3)-(68, 14)",b'~TensorList()'
kernels,../repos/tensorflow/tensorflow/core/kernels/lookup_ops_test.cc,"(51, 3)-(51, 17)",b'~MockHashTable() override'
kernels,../repos/tensorflow/tensorflow/core/kernels/host_constant_op.h,"(34, 3)-(34, 19)",b'~_HostConstantOp() override'
kernels,../repos/tensorflow/tensorflow/core/kernels/conditional_accumulator.h,"(59, 3)-(59, 26)",b'~ConditionalAccumulator() override'
kernels,../repos/tensorflow/tensorflow/core/kernels/fused_batch_norm_op.cc,"(697, 3)-(697, 33)",b'~CudnnBatchNormAllocatorInTemp() override'
kernels,../repos/tensorflow/tensorflow/core/kernels/fused_batch_norm_op.cc,"(744, 3)-(744, 35)",b'~CudnnBatchNormAllocatorInOutput() override'
kernels,../repos/tensorflow/tensorflow/core/kernels/ops_testutil.cc,"(91, 14)-(91, 26)",b'OpsTestBase::~OpsTestBase'
kernels,../repos/tensorflow/tensorflow/core/kernels/unicode_ops.cc,"(163, 3)-(163, 20)",b'~WrappedConverter()'
kernels,../repos/tensorflow/tensorflow/core/kernels/immutable_constant_op.h,"(33, 3)-(33, 23)",b'~ImmutableConstantOp() override'
kernels,../repos/tensorflow/tensorflow/core/kernels/tensor_cord.h,"(64, 3)-(64, 14)",b'~TensorCord()'
kernels,../repos/tensorflow/tensorflow/core/kernels/tensor_cord.h,"(214, 5)-(214, 13)",b'~CordRep() override'
kernels,../repos/tensorflow/tensorflow/core/kernels/collective_nccl_test.cc,"(252, 3)-(252, 19)",b'~NcclReducerTest() override'
kernels,../repos/tensorflow/tensorflow/core/kernels/collective_nccl_test.cc,"(287, 3)-(287, 27)",b'~NcclReduceScattererTest() override'
kernels,../repos/tensorflow/tensorflow/core/kernels/collective_nccl_test.cc,"(325, 3)-(325, 23)",b'~NcclBroadcasterTest() override'
kernels,../repos/tensorflow/tensorflow/core/kernels/collective_nccl_test.cc,"(359, 3)-(359, 20)",b'~NcclGathererTest() override'
kernels,../repos/tensorflow/tensorflow/core/kernels/collective_nccl_test.cc,"(390, 3)-(390, 20)",b'~NcclAllToAllTest() override'
kernels,../repos/tensorflow/tensorflow/core/kernels/padding_fifo_queue.h,"(75, 3)-(75, 20)",b'~PaddingFIFOQueue() override'
kernels,../repos/tensorflow/tensorflow/core/kernels/map_kernels.h,"(98, 3)-(98, 17)",b'~TensorMapSize() override'
kernels,../repos/tensorflow/tensorflow/core/kernels/map_kernels.h,"(112, 3)-(112, 19)",b'~TensorMapLookup() override'
kernels,../repos/tensorflow/tensorflow/core/kernels/map_kernels.h,"(132, 3)-(132, 19)",b'~TensorMapInsert() override'
kernels,../repos/tensorflow/tensorflow/core/kernels/map_kernels.h,"(172, 3)-(172, 19)",b'~TensorMapHasKey() override'
kernels,../repos/tensorflow/tensorflow/core/kernels/map_kernels.h,"(189, 3)-(189, 22)",b'~TensorMapStackKeys() override'
kernels,../repos/tensorflow/tensorflow/core/kernels/collective_nccl_gatherer.h,"(26, 3)-(26, 16)",b'~NcclGatherer() override'
kernels,../repos/tensorflow/tensorflow/core/kernels/immutable_constant_op.cc,"(113, 22)-(113, 42)",b'ImmutableConstantOp::~ImmutableConstantOp'
kernels,../repos/tensorflow/tensorflow/core/kernels/range_sampler.cc,"(36, 15)-(36, 28)",b'RangeSampler::~RangeSampler'
kernels,../repos/tensorflow/tensorflow/core/kernels/deep_conv2d.h,"(44, 11)-(44, 31)",b'~DeepConv2DTransform()'
kernels,../repos/tensorflow/tensorflow/core/kernels/mlir_generated/base_op.cc,"(33, 3)-(33, 20)",b'~MlirTensorBuffer() override'
kernels,../repos/tensorflow/tensorflow/core/kernels/loss.h,"(24, 11)-(24, 27)",b'~DualLossUpdater()'
kernels,../repos/tensorflow/tensorflow/core/kernels/partitioned_function_ops.h,"(39, 3)-(39, 21)",b'~PartitionedCallOp() override'
kernels,../repos/tensorflow/tensorflow/core/kernels/cudnn_rnn_ops.cc,"(366, 3)-(366, 27)",b'~CudnnRnnAllocatorInTemp() override'
kernels,../repos/tensorflow/tensorflow/core/kernels/cudnn_rnn_ops.cc,"(412, 3)-(412, 29)",b'~CudnnRnnAllocatorInOutput() override'
kernels,../repos/tensorflow/tensorflow/core/kernels/cudnn_rnn_ops.cc,"(452, 3)-(452, 26)",b'~CudnnRNNSpaceAllocator() override'
kernels,../repos/tensorflow/tensorflow/core/kernels/queue_op.cc,"(156, 16)-(156, 30)",b'EnqueueManyOp::~EnqueueManyOp'
kernels,../repos/tensorflow/tensorflow/core/kernels/queue_op.cc,"(195, 12)-(195, 22)",b'DequeueOp::~DequeueOp'
kernels,../repos/tensorflow/tensorflow/core/kernels/queue_op.cc,"(250, 16)-(250, 30)",b'DequeueManyOp::~DequeueManyOp'
kernels,../repos/tensorflow/tensorflow/core/kernels/queue_op.cc,"(323, 16)-(323, 30)",b'DequeueUpToOp::~DequeueUpToOp'
kernels,../repos/tensorflow/tensorflow/core/kernels/fifo_queue.h,"(58, 3)-(58, 13)",b'~FIFOQueue() override'
kernels,../repos/tensorflow/tensorflow/core/kernels/decode_compressed_op.cc,"(35, 3)-(35, 21)",b'~MemoryInputStream() override'
kernels,../repos/tensorflow/tensorflow/core/kernels/random_shuffle_queue_op.cc,"(69, 3)-(69, 22)",b'~RandomShuffleQueue() override'
kernels,../repos/tensorflow/tensorflow/core/kernels/regex_full_match_op.cc,"(32, 3)-(32, 20)",b'~RegexFullMatchOp() override'
kernels,../repos/tensorflow/tensorflow/core/kernels/conv_ops.h,"(83, 3)-(83, 24)","b'~Im2ColBufferResource<T, size>() {'"
kernels,../repos/tensorflow/tensorflow/core/kernels/collective_nccl_broadcaster.h,"(26, 3)-(26, 19)",b'~NcclBroadcaster() override'
kernels,../repos/tensorflow/tensorflow/core/kernels/tensor_cord.cc,"(27, 22)-(27, 30)",b'CordRep::~CordRep'
kernels,../repos/tensorflow/tensorflow/core/kernels/tensor_cord.cc,"(33, 13)-(33, 24)",b'TensorCord::~TensorCord'
kernels,../repos/tensorflow/tensorflow/core/kernels/conv_ops_gpu.h,"(52, 11)-(52, 31)",b'~DnnScratchAllocator()'
kernels,../repos/tensorflow/tensorflow/core/kernels/image/mirror_pad_op.cc,"(61, 3)-(61, 15)",b'~MirrorPadOp() override'
kernels,../repos/tensorflow/tensorflow/core/kernels/image/mirror_pad_op.cc,"(274, 3)-(274, 19)",b'~MirrorPadGradOp() override'
kernels,../repos/tensorflow/tensorflow/core/kernels/image/scale_and_translate_op_test.cc,"(39, 11)-(39, 25)",b'~DynamicKernel()'
kernels,../repos/tensorflow/tensorflow/core/kernels/sparse_cross_op.cc,"(53, 11)-(53, 27)",b'~ColumnInterface()'
kernels,../repos/tensorflow/tensorflow/core/kernels/sparse_cross_op.cc,"(75, 3)-(75, 22)",b'~SparseTensorColumn() override'
kernels,../repos/tensorflow/tensorflow/core/kernels/sparse_cross_op.cc,"(105, 3)-(105, 27)",b'~KeyedSparseTensorColumn() override'
kernels,../repos/tensorflow/tensorflow/core/kernels/sparse_cross_op.cc,"(190, 3)-(190, 21)",b'~DenseTensorColumn() override'
kernels,../repos/tensorflow/tensorflow/core/kernels/sparse_cross_op.cc,"(213, 3)-(213, 26)",b'~KeyedDenseTensorColumn() override'
kernels,../repos/tensorflow/tensorflow/core/kernels/conditional_accumulator_base_op.h,"(66, 3)-(66, 32)",b'~ConditionalAccumulatorBaseOp() override'
kernels,../repos/tensorflow/tensorflow/core/kernels/tensor_map.cc,"(25, 12)-(25, 22)",b'TensorMap::~TensorMap'
kernels,../repos/tensorflow/tensorflow/core/kernels/record_yielder.cc,"(35, 16)-(35, 30)",b'RecordYielder::~RecordYielder'
kernels,../repos/tensorflow/tensorflow/core/kernels/quantization_utils.h,"(913, 3)-(913, 33)",b'~TensorflowGemmlowpWorkersPool()'
kernels,../repos/tensorflow/tensorflow/core/kernels/range_sampler.h,"(42, 11)-(42, 24)",b'~RangeSampler()'
kernels,../repos/tensorflow/tensorflow/core/kernels/range_sampler.h,"(116, 3)-(116, 14)",b'~AllSampler() override'
kernels,../repos/tensorflow/tensorflow/core/kernels/range_sampler.h,"(141, 3)-(141, 18)",b'~UniformSampler() override'
kernels,../repos/tensorflow/tensorflow/core/kernels/range_sampler.h,"(155, 3)-(155, 21)",b'~LogUniformSampler() override'
kernels,../repos/tensorflow/tensorflow/core/kernels/range_sampler.h,"(169, 3)-(169, 30)",b'~ThreadUnsafeUnigramSampler() override'
kernels,../repos/tensorflow/tensorflow/core/kernels/range_sampler.h,"(186, 3)-(186, 18)",b'~UnigramSampler() override'
kernels,../repos/tensorflow/tensorflow/core/kernels/mkl/mkl_conv_grad_input_ops.cc,"(93, 3)-(93, 28)",b'~MklConvBwdInputPrimitive()'
kernels,../repos/tensorflow/tensorflow/core/kernels/mkl/mkl_conv_grad_input_ops.cc,"(267, 3)-(267, 35)",b'~MklConvBwdInputPrimitiveFactory()'
kernels,../repos/tensorflow/tensorflow/core/kernels/mkl/mkl_conv_grad_input_ops.cc,"(338, 3)-(338, 32)",b'~MklConvCustomBackpropInputOp()'
kernels,../repos/tensorflow/tensorflow/core/kernels/mkl/mkl_relu_op.cc,"(76, 3)-(76, 26)",b'~MklEltwiseFwdPrimitive()'
kernels,../repos/tensorflow/tensorflow/core/kernels/mkl/mkl_relu_op.cc,"(198, 3)-(198, 33)",b'~MklEltwiseFwdPrimitiveFactory()'
kernels,../repos/tensorflow/tensorflow/core/kernels/mkl/mkl_relu_op.cc,"(257, 3)-(257, 26)",b'~MklEltwiseBwdPrimitive()'
kernels,../repos/tensorflow/tensorflow/core/kernels/mkl/mkl_relu_op.cc,"(383, 3)-(383, 33)",b'~MklEltwiseBwdPrimitiveFactory()'
kernels,../repos/tensorflow/tensorflow/core/kernels/mkl/mkl_relu_op.cc,"(437, 3)-(437, 17)",b'~MklReluOpBase()'
kernels,../repos/tensorflow/tensorflow/core/kernels/mkl/mkl_relu_op.cc,"(571, 3)-(571, 21)",b'~MklReluGradOpBase()'
kernels,../repos/tensorflow/tensorflow/core/kernels/mkl/mkl_relu_op.cc,"(780, 3)-(780, 13)",b'~MklReluOp()'
kernels,../repos/tensorflow/tensorflow/core/kernels/mkl/mkl_relu_op.cc,"(811, 3)-(811, 17)",b'~MklReluGradOp()'
kernels,../repos/tensorflow/tensorflow/core/kernels/mkl/mkl_relu_op.cc,"(847, 3)-(847, 12)",b'~MklEluOp()'
kernels,../repos/tensorflow/tensorflow/core/kernels/mkl/mkl_relu_op.cc,"(882, 3)-(882, 16)",b'~MklEluGradOp()'
kernels,../repos/tensorflow/tensorflow/core/kernels/mkl/mkl_relu_op.cc,"(928, 3)-(928, 13)",b'~MklTanhOp()'
kernels,../repos/tensorflow/tensorflow/core/kernels/mkl/mkl_relu_op.cc,"(963, 3)-(963, 17)",b'~MklTanhGradOp()'
kernels,../repos/tensorflow/tensorflow/core/kernels/mkl/mkl_relu_op.cc,"(1013, 3)-(1013, 14)",b'~MklRelu6Op()'
kernels,../repos/tensorflow/tensorflow/core/kernels/mkl/mkl_relu_op.cc,"(1044, 3)-(1044, 18)",b'~MklRelu6GradOp()'
kernels,../repos/tensorflow/tensorflow/core/kernels/mkl/mkl_relu_op.cc,"(1079, 3)-(1079, 18)",b'~MklLeakyReluOp()'
kernels,../repos/tensorflow/tensorflow/core/kernels/mkl/mkl_relu_op.cc,"(1118, 3)-(1118, 22)",b'~MklLeakyReluGradOp()'
kernels,../repos/tensorflow/tensorflow/core/kernels/mkl/mkl_matmul_ops_common.h,"(144, 3)-(144, 28)",b'~MklDnnMatMulFwdPrimitive()'
kernels,../repos/tensorflow/tensorflow/core/kernels/mkl/mkl_matmul_ops_common.h,"(493, 3)-(493, 35)",b'~MklDnnMatMulFwdPrimitiveFactory()'
kernels,../repos/tensorflow/tensorflow/core/kernels/mkl/mkl_matmul_ops_common.h,"(809, 3)-(809, 22)",b'~MklMatMulPrimitive()'
kernels,../repos/tensorflow/tensorflow/core/kernels/mkl/mkl_matmul_ops_common.h,"(1049, 3)-(1049, 29)",b'~MklMatMulPrimitiveFactory()'
kernels,../repos/tensorflow/tensorflow/core/kernels/mkl/mkl_concat_op.cc,"(291, 3)-(291, 25)",b'~MklConcatFwdPrimitive()'
kernels,../repos/tensorflow/tensorflow/core/kernels/mkl/mkl_concat_op.cc,"(435, 3)-(435, 32)",b'~MklConcatFwdPrimitiveFactory()'
kernels,../repos/tensorflow/tensorflow/core/kernels/mkl/mkl_kernel_util.h,"(81, 3)-(81, 20)",b'~FilterMemoryDesc()'
kernels,../repos/tensorflow/tensorflow/core/kernels/mkl/mkl_conv_ops.cc,"(157, 3)-(157, 23)",b'~MklConvFwdPrimitive()'
kernels,../repos/tensorflow/tensorflow/core/kernels/mkl/mkl_conv_ops.cc,"(628, 3)-(628, 30)",b'~MklConvFwdPrimitiveFactory()'
kernels,../repos/tensorflow/tensorflow/core/kernels/mkl/mkl_conv_ops.cc,"(705, 3)-(705, 13)",b'~MklConvOp()'
kernels,../repos/tensorflow/tensorflow/core/kernels/mkl/mkl_conv_ops.cc,"(1801, 11)-(1801, 26)",b'~MklFusedConvOp()'
kernels,../repos/tensorflow/tensorflow/core/kernels/mkl/mkl_conv_ops.cc,"(1861, 11)-(1861, 35)",b'~MklFusedDepthwiseConvOp()'
kernels,../repos/tensorflow/tensorflow/core/kernels/mkl/mkl_conv_ops.cc,"(1877, 11)-(1877, 30)",b'~MklQuantizedConvOp()'
kernels,../repos/tensorflow/tensorflow/core/kernels/mkl/mkl_conv_ops.cc,"(2860, 11)-(2860, 28)",b'~MklFusedConv3DOp()'
kernels,../repos/tensorflow/tensorflow/core/kernels/mkl/mkl_conv_grad_filter_ops.cc,"(86, 3)-(86, 29)",b'~MklConvBwdFilterPrimitive()'
kernels,../repos/tensorflow/tensorflow/core/kernels/mkl/mkl_conv_grad_filter_ops.cc,"(350, 3)-(350, 36)",b'~MklConvBwdFilterPrimitiveFactory()'
kernels,../repos/tensorflow/tensorflow/core/kernels/mkl/mkl_conv_grad_filter_ops.cc,"(396, 3)-(396, 33)",b'~MklConvCustomBackpropFilterOp()'
kernels,../repos/tensorflow/tensorflow/core/kernels/mkl/mkl_swish_op.cc,"(29, 3)-(29, 14)",b'~MklSwishOp()'
kernels,../repos/tensorflow/tensorflow/core/kernels/mkl/mkl_batch_matmul_op.cc,"(73, 11)-(73, 26)",b'~BatchMatMulMkl()'
kernels,../repos/tensorflow/tensorflow/core/kernels/mkl/mkl_batch_matmul_op.cc,"(265, 11)-(265, 31)",b'~FusedBatchMatMulMkl()'
kernels,../repos/tensorflow/tensorflow/core/kernels/mkl/mkl_batch_matmul_op.cc,"(327, 11)-(327, 23)",b'~MklMatMulOp()'
kernels,../repos/tensorflow/tensorflow/core/kernels/mkl/mkl_qmatmul_op.cc,"(130, 11)-(130, 35)",b'~MklDnnQuantizedMatMulOp()'
kernels,../repos/tensorflow/tensorflow/core/kernels/mkl/mkl_qmatmul_op.cc,"(774, 11)-(774, 39)",b'~MklDnnQuantizedMatMulReluOp()'
kernels,../repos/tensorflow/tensorflow/core/kernels/mkl/mkl_eltwise_activation_base_op.h,"(97, 3)-(97, 36)",b'~MklEltwiseFwdActivationPrimitive()'
kernels,../repos/tensorflow/tensorflow/core/kernels/mkl/mkl_eltwise_activation_base_op.h,"(237, 3)-(237, 43)",b'~MklEltwiseFwdActivationPrimitiveFactory()'
kernels,../repos/tensorflow/tensorflow/core/kernels/mkl/mkl_eltwise_activation_base_op.h,"(266, 3)-(266, 33)",b'~MklEltwiseFwdActivationOpBase()'
kernels,../repos/tensorflow/tensorflow/core/kernels/mkl/mkl_pooling_ops_common.h,"(102, 3)-(102, 26)",b'~MklPoolingFwdPrimitive()'
kernels,../repos/tensorflow/tensorflow/core/kernels/mkl/mkl_pooling_ops_common.h,"(210, 3)-(210, 33)",b'~MklPoolingFwdPrimitiveFactory()'
kernels,../repos/tensorflow/tensorflow/core/kernels/mkl/mkl_pooling_ops_common.h,"(253, 3)-(253, 26)",b'~MklPoolingBwdPrimitive()'
kernels,../repos/tensorflow/tensorflow/core/kernels/mkl/mkl_pooling_ops_common.h,"(366, 3)-(366, 33)",b'~MklPoolingBwdPrimitiveFactory()'
kernels,../repos/tensorflow/tensorflow/core/kernels/mkl/mkl_fused_batch_norm_op.cc,"(115, 3)-(115, 33)",b'~MklFusedBatchNormFwdPrimitive()'
kernels,../repos/tensorflow/tensorflow/core/kernels/mkl/mkl_fused_batch_norm_op.cc,"(448, 3)-(448, 40)",b'~MklFusedBatchNormFwdPrimitiveFactory()'
kernels,../repos/tensorflow/tensorflow/core/kernels/mkl/mkl_fused_batch_norm_op.cc,"(521, 3)-(521, 33)",b'~MklFusedBatchNormBwdPrimitive()'
kernels,../repos/tensorflow/tensorflow/core/kernels/mkl/mkl_fused_batch_norm_op.cc,"(797, 3)-(797, 40)",b'~MklFusedBatchNormBwdPrimitiveFactory()'
kernels,../repos/tensorflow/tensorflow/core/kernels/mkl/mkl_fused_mish_op.cc,"(29, 3)-(29, 18)",b'~MklFusedMishOp()'
kernels,../repos/tensorflow/tensorflow/core/kernels/mkl/mkl_einsum_op.cc,"(200, 11)-(200, 21)",b'~MklEinsum()'
kernels,../repos/tensorflow/tensorflow/core/kernels/mkl/mkl_softmax_op.cc,"(60, 3)-(60, 23)",b'~MklSoftmaxPrimitive()'
kernels,../repos/tensorflow/tensorflow/core/kernels/mkl/mkl_softmax_op.cc,"(192, 3)-(192, 30)",b'~MklSoftmaxPrimitiveFactory()'
kernels,../repos/tensorflow/tensorflow/core/kernels/mkl/mkl_softmax_op.cc,"(223, 3)-(223, 16)",b'~MklSoftmaxOp()'
kernels,../repos/tensorflow/tensorflow/core/kernels/mkl/mkl_quantize_op.cc,"(105, 3)-(105, 32)",b'~MklReorderWithScalePrimitive()'
kernels,../repos/tensorflow/tensorflow/core/kernels/mkl/mkl_quantize_op.cc,"(235, 3)-(235, 39)",b'~MklReorderWithScalePrimitiveFactory()'
kernels,../repos/tensorflow/tensorflow/core/kernels/mkl/mkl_conv_ops.h,"(76, 11)-(76, 26)",b'~MklDnnConvUtil()'
kernels,../repos/tensorflow/tensorflow/core/kernels/mkl/mkl_conv_ops.h,"(636, 3)-(636, 27)",b'~MklConvBackpropCommonOp()'
kernels,../repos/tensorflow/tensorflow/core/kernels/mkl/mkl_conv_ops.h,"(697, 3)-(697, 14)",b'~MklDummyOp()'
kernels,../repos/tensorflow/tensorflow/core/kernels/mkl/mkl_requantize_per_channel_op.cc,"(48, 11)-(48, 37)",b'~MklRequantizePerChannelOp()'
kernels,../repos/tensorflow/tensorflow/core/kernels/queue_op.h,"(128, 3)-(128, 17)",b'~EnqueueManyOp() override'
kernels,../repos/tensorflow/tensorflow/core/kernels/queue_op.h,"(150, 3)-(150, 13)",b'~DequeueOp() override'
kernels,../repos/tensorflow/tensorflow/core/kernels/queue_op.h,"(176, 3)-(176, 17)",b'~DequeueManyOp() override'
kernels,../repos/tensorflow/tensorflow/core/kernels/queue_op.h,"(220, 3)-(220, 17)",b'~DequeueUpToOp() override'
kernels,../repos/tensorflow/tensorflow/core/kernels/ops_util_test.cc,"(29, 3)-(29, 15)",b'~OpsUtilTest() override'
kernels,../repos/tensorflow/tensorflow/core/kernels/mutex_ops.cc,"(60, 13)-(60, 26)",b'~LockReleaser()'
kernels,../repos/tensorflow/tensorflow/core/kernels/function_ops.h,"(66, 3)-(66, 16)",b'~RemoteCallOp() override'
kernels,../repos/tensorflow/tensorflow/core/kernels/priority_queue.h,"(77, 3)-(77, 17)",b'~PriorityQueue() override'
kernels,../repos/tensorflow/tensorflow/core/kernels/list_kernels.cc,"(194, 3)-(194, 22)",b'~TensorListPushBack() override'
kernels,../repos/tensorflow/tensorflow/core/kernels/list_kernels.cc,"(251, 3)-(251, 20)",b'~TensorListLength() override'
kernels,../repos/tensorflow/tensorflow/core/kernels/spectrogram.h,"(47, 3)-(47, 15)",b'~Spectrogram()'
kernels,../repos/tensorflow/tensorflow/core/kernels/variable_ops.cc,"(65, 3)-(65, 13)",b'~LegacyVar() override'
kernels,../repos/tensorflow/tensorflow/core/kernels/variable_ops.cc,"(135, 5)-(135, 12)",b'~TmpVar() override'
kernels,../repos/tensorflow/tensorflow/core/kernels/tensor_list.cc,"(24, 13)-(24, 24)",b'TensorList::~TensorList'
kernels,../repos/tensorflow/tensorflow/core/kernels/word2vec_kernels.cc,"(261, 3)-(261, 14)",b'~NegTrainOp() override'
kernels,../repos/tensorflow/tensorflow/core/kernels/batching_util/bounded_executor.h,"(44, 3)-(44, 19)",b'~BoundedExecutor() override'
kernels,../repos/tensorflow/tensorflow/core/kernels/batching_util/shared_batch_scheduler.h,"(135, 3)-(135, 24)",b'~SharedBatchScheduler()'
kernels,../repos/tensorflow/tensorflow/core/kernels/batching_util/shared_batch_scheduler.h,"(341, 3)-(341, 9)",b'~Queue()'
kernels,../repos/tensorflow/tensorflow/core/kernels/batching_util/shared_batch_scheduler.h,"(542, 3)-(542, 15)",b'~QueueHandle() override'
kernels,../repos/tensorflow/tensorflow/core/kernels/batching_util/shared_batch_scheduler.h,"(577, 33)-(577, 54)",b'SharedBatchScheduler<TaskType>::~SharedBatchS...'
kernels,../repos/tensorflow/tensorflow/core/kernels/batching_util/shared_batch_scheduler.h,"(826, 18)-(826, 24)",b'Queue<TaskType>::~Queue'
kernels,../repos/tensorflow/tensorflow/core/kernels/batching_util/shared_batch_scheduler.h,"(1269, 24)-(1269, 36)",b'QueueHandle<TaskType>::~QueueHandle'
kernels,../repos/tensorflow/tensorflow/core/kernels/batching_util/serial_device_batch_scheduler_test.cc,"(32, 3)-(32, 12)",b'~FakeTask() override'
kernels,../repos/tensorflow/tensorflow/core/kernels/batching_util/bounded_executor.cc,"(52, 18)-(52, 34)",b'BoundedExecutor::~BoundedExecutor'
kernels,../repos/tensorflow/tensorflow/core/kernels/batching_util/shared_batch_scheduler_test.cc,"(49, 3)-(49, 12)",b'~FakeTask() override'
kernels,../repos/tensorflow/tensorflow/core/kernels/batching_util/serial_device_batch_scheduler.h,"(70, 3)-(70, 30)",b'~SerialDeviceBatchScheduler()'
kernels,../repos/tensorflow/tensorflow/core/kernels/batching_util/serial_device_batch_scheduler.h,"(210, 3)-(210, 13)",b'~SDBSQueue() override'
kernels,../repos/tensorflow/tensorflow/core/kernels/batching_util/serial_device_batch_scheduler.h,"(248, 3)-(248, 13)",b'~SDBSBatch() override'
kernels,../repos/tensorflow/tensorflow/core/kernels/batching_util/serial_device_batch_scheduler.h,"(324, 39)-(324, 66)",b'SerialDeviceBatchScheduler<TaskType>::~Serial...'
kernels,../repos/tensorflow/tensorflow/core/kernels/batching_util/serial_device_batch_scheduler.h,"(474, 22)-(474, 32)",b'SDBSQueue<TaskType>::~SDBSQueue'
kernels,../repos/tensorflow/tensorflow/core/kernels/batching_util/basic_batch_scheduler_test.cc,"(34, 3)-(34, 12)",b'~FakeTask() override'
kernels,../repos/tensorflow/tensorflow/core/kernels/batching_util/periodic_function.h,"(102, 3)-(102, 20)",b'~PeriodicFunction()'
kernels,../repos/tensorflow/tensorflow/core/kernels/batching_util/batch_scheduler.h,"(62, 11)-(62, 21)",b'~BatchTask()'
kernels,../repos/tensorflow/tensorflow/core/kernels/batching_util/batch_scheduler.h,"(84, 11)-(84, 17)",b'~Batch()'
kernels,../repos/tensorflow/tensorflow/core/kernels/batching_util/batch_scheduler.h,"(157, 11)-(157, 26)",b'~BatchScheduler()'
kernels,../repos/tensorflow/tensorflow/core/kernels/batching_util/batch_scheduler.h,"(216, 18)-(216, 24)",b'Batch<TaskType>::~Batch'
kernels,../repos/tensorflow/tensorflow/core/kernels/batching_util/adaptive_shared_batch_scheduler_test.cc,"(33, 3)-(33, 12)",b'~FakeTask() override'
kernels,../repos/tensorflow/tensorflow/core/kernels/batching_util/fake_clock_env.h,"(42, 3)-(42, 16)",b'~FakeClockEnv() override'
kernels,../repos/tensorflow/tensorflow/core/kernels/batching_util/adaptive_shared_batch_scheduler.h,"(83, 3)-(83, 32)",b'~AdaptiveSharedBatchScheduler()'
kernels,../repos/tensorflow/tensorflow/core/kernels/batching_util/adaptive_shared_batch_scheduler.h,"(306, 3)-(306, 13)",b'~ASBSQueue() override'
kernels,../repos/tensorflow/tensorflow/core/kernels/batching_util/adaptive_shared_batch_scheduler.h,"(355, 3)-(355, 13)",b'~ASBSBatch() override'
kernels,../repos/tensorflow/tensorflow/core/kernels/batching_util/adaptive_shared_batch_scheduler.h,"(716, 22)-(716, 32)",b'ASBSQueue<TaskType>::~ASBSQueue'
kernels,../repos/tensorflow/tensorflow/core/kernels/batching_util/batch_scheduler_test.cc,"(30, 3)-(30, 12)",b'~FakeTask() override'
kernels,../repos/tensorflow/tensorflow/core/kernels/batching_util/basic_batch_scheduler.h,"(278, 3)-(278, 23)",b'~BasicBatchScheduler() override'
kernels,../repos/tensorflow/tensorflow/core/kernels/batching_util/warmup.h,"(86, 5)-(86, 12)",b'~Handle()'
kernels,../repos/tensorflow/tensorflow/core/kernels/batching_util/basic_batch_scheduler_benchmark_test.cc,"(40, 11)-(40, 24)",b'~LoadInjector()'
kernels,../repos/tensorflow/tensorflow/core/kernels/batching_util/basic_batch_scheduler_benchmark_test.cc,"(54, 3)-(54, 23)",b'~UniformLoadInjector() override'
kernels,../repos/tensorflow/tensorflow/core/kernels/batching_util/basic_batch_scheduler_benchmark_test.cc,"(96, 3)-(96, 22)",b'~BenchmarkBatchTask() override'
kernels,../repos/tensorflow/tensorflow/core/kernels/batching_util/periodic_function.cc,"(56, 19)-(56, 36)",b'PeriodicFunction::~PeriodicFunction'
kernels,../repos/tensorflow/tensorflow/core/kernels/control_flow_ops.h,"(44, 3)-(44, 12)",b'~SwitchOp() override'
kernels,../repos/tensorflow/tensorflow/core/kernels/control_flow_ops.h,"(60, 3)-(60, 13)",b'~SwitchNOp() override'
kernels,../repos/tensorflow/tensorflow/core/kernels/control_flow_ops.h,"(74, 3)-(74, 11)",b'~MergeOp() override'
kernels,../repos/tensorflow/tensorflow/core/kernels/control_flow_ops.h,"(88, 3)-(88, 11)",b'~EnterOp() override'
kernels,../repos/tensorflow/tensorflow/core/kernels/control_flow_ops.h,"(102, 3)-(102, 10)",b'~ExitOp() override'
kernels,../repos/tensorflow/tensorflow/core/kernels/control_flow_ops.h,"(115, 3)-(115, 19)",b'~NextIterationOp() override'
kernels,../repos/tensorflow/tensorflow/core/kernels/control_flow_ops.h,"(128, 3)-(128, 14)",b'~LoopCondOp() override'
kernels,../repos/tensorflow/tensorflow/core/kernels/summary_interface.h,"(32, 11)-(32, 34)",b'~SummaryWriterInterface() override'
kernels,../repos/tensorflow/tensorflow/core/kernels/lookup_table_op.h,"(114, 3)-(114, 17)",b'~LookupTableOp() override'
kernels,../repos/tensorflow/tensorflow/core/kernels/record_yielder.h,"(87, 3)-(87, 17)",b'~RecordYielder()'
kernels,../repos/tensorflow/tensorflow/core/kernels/fft_ops.cc,"(598, 3)-(598, 25)",b'~CufftScratchAllocator() override'
kernels,../repos/tensorflow/tensorflow/core/kernels/data/generator_dataset_op.cc,"(102, 5)-(102, 14)",b'~Iterator() override'
kernels,../repos/tensorflow/tensorflow/core/kernels/data/repeat_dataset_op.cc,"(132, 3)-(132, 11)",b'~Dataset() override'
kernels,../repos/tensorflow/tensorflow/core/kernels/data/parallel_filter_dataset_op.cc,"(75, 3)-(75, 11)",b'~Dataset() override'
kernels,../repos/tensorflow/tensorflow/core/kernels/data/parallel_filter_dataset_op.cc,"(147, 5)-(147, 14)",b'~Iterator() override'
kernels,../repos/tensorflow/tensorflow/core/kernels/data/zip_dataset_op.cc,"(58, 3)-(58, 11)",b'~Dataset() override'
kernels,../repos/tensorflow/tensorflow/core/kernels/data/cache_dataset_ops.cc,"(156, 3)-(156, 19)",b'~FileDatasetBase() override'
kernels,../repos/tensorflow/tensorflow/core/kernels/data/cache_dataset_ops.cc,"(300, 7)-(300, 26)",b'~FileWriterIterator() override'
kernels,../repos/tensorflow/tensorflow/core/kernels/data/cache_dataset_ops.cc,"(740, 3)-(740, 21)",b'~MemoryDatasetBase() override'
kernels,../repos/tensorflow/tensorflow/core/kernels/data/cache_dataset_ops.cc,"(855, 7)-(855, 28)",b'~MemoryWriterIterator() override'
kernels,../repos/tensorflow/tensorflow/core/kernels/data/cache_dataset_ops.cc,"(1037, 3)-(1037, 17)",b'~MemoryDataset() override'
kernels,../repos/tensorflow/tensorflow/core/kernels/data/cache_dataset_ops.cc,"(1080, 3)-(1080, 19)",b'~MemoryDatasetV2() override'
kernels,../repos/tensorflow/tensorflow/core/kernels/data/options_dataset_op.cc,"(50, 3)-(50, 11)",b'~Dataset() override'
kernels,../repos/tensorflow/tensorflow/core/kernels/data/padded_batch_dataset_op.cc,"(91, 3)-(91, 11)",b'~Dataset() override'
kernels,../repos/tensorflow/tensorflow/core/kernels/data/random_seed_ops.h,"(54, 11)-(54, 25)",b'~SeedGenerator()'
kernels,../repos/tensorflow/tensorflow/core/kernels/data/map_defun_op.cc,"(85, 3)-(85, 24)",b'~MapFunctionCallFrame() override'
kernels,../repos/tensorflow/tensorflow/core/kernels/data/concatenate_dataset_op.cc,"(62, 3)-(62, 11)",b'~Dataset() override'
kernels,../repos/tensorflow/tensorflow/core/kernels/data/cache_dataset_ops_test.cc,"(81, 3)-(81, 22)",b'~CacheDatasetOpTest() override'
kernels,../repos/tensorflow/tensorflow/core/kernels/data/shuffle_dataset_op.cc,"(105, 3)-(105, 22)",b'~ShuffleDatasetBase() override'
kernels,../repos/tensorflow/tensorflow/core/kernels/data/shuffle_dataset_op.cc,"(611, 3)-(611, 11)",b'~Dataset() override'
kernels,../repos/tensorflow/tensorflow/core/kernels/data/shuffle_dataset_op.cc,"(669, 3)-(669, 13)",b'~DatasetV2() override'
kernels,../repos/tensorflow/tensorflow/core/kernels/data/shuffle_dataset_op.cc,"(724, 3)-(724, 13)",b'~DatasetV3() override'
kernels,../repos/tensorflow/tensorflow/core/kernels/data/shuffle_dataset_op.cc,"(918, 3)-(918, 11)",b'~Dataset() override'
kernels,../repos/tensorflow/tensorflow/core/kernels/data/shuffle_dataset_op.cc,"(974, 3)-(974, 13)",b'~DatasetV2() override'
kernels,../repos/tensorflow/tensorflow/core/kernels/data/parallel_map_dataset_op.cc,"(110, 3)-(110, 11)",b'~Dataset() override'
kernels,../repos/tensorflow/tensorflow/core/kernels/data/parallel_map_dataset_op.cc,"(245, 5)-(245, 14)",b'~Iterator() override'
kernels,../repos/tensorflow/tensorflow/core/kernels/data/map_dataset_op.cc,"(58, 3)-(58, 11)",b'~Dataset() override'
kernels,../repos/tensorflow/tensorflow/core/kernels/data/shard_dataset_op.cc,"(63, 3)-(63, 11)",b'~Dataset() override'
kernels,../repos/tensorflow/tensorflow/core/kernels/data/parallel_batch_dataset_op.cc,"(110, 3)-(110, 11)",b'~Dataset() override'
kernels,../repos/tensorflow/tensorflow/core/kernels/data/parallel_batch_dataset_op.cc,"(199, 5)-(199, 14)",b'~Iterator() override'
kernels,../repos/tensorflow/tensorflow/core/kernels/data/iterator_ops.cc,"(101, 19)-(101, 36)",b'IteratorResource::~IteratorResource'
kernels,../repos/tensorflow/tensorflow/core/kernels/data/iterator_ops.cc,"(417, 19)-(417, 36)",b'IteratorHandleOp::~IteratorHandleOp'
kernels,../repos/tensorflow/tensorflow/core/kernels/data/iterator_ops.cc,"(690, 3)-(690, 21)",b'~OneShotIteratorOp() override'
kernels,../repos/tensorflow/tensorflow/core/kernels/data/experimental/sql_dataset_op.cc,"(134, 7)-(134, 16)",b'~Iterator() override'
kernels,../repos/tensorflow/tensorflow/core/kernels/data/experimental/stats_dataset_ops.cc,"(60, 5)-(60, 13)",b'~Dataset() override'
kernels,../repos/tensorflow/tensorflow/core/kernels/data/experimental/stats_dataset_ops.cc,"(185, 5)-(185, 13)",b'~Dataset() override'
kernels,../repos/tensorflow/tensorflow/core/kernels/data/experimental/dense_to_sparse_batch_dataset_op.cc,"(93, 5)-(93, 13)",b'~Dataset() override'
kernels,../repos/tensorflow/tensorflow/core/kernels/data/experimental/group_by_window_dataset_op.cc,"(91, 5)-(91, 13)",b'~Dataset() override'
kernels,../repos/tensorflow/tensorflow/core/kernels/data/experimental/non_serializable_dataset_op.cc,"(53, 5)-(53, 13)",b'~Dataset() override'
kernels,../repos/tensorflow/tensorflow/core/kernels/data/experimental/set_stats_aggregator_dataset_op.cc,"(120, 5)-(120, 13)",b'~Dataset() override'
kernels,../repos/tensorflow/tensorflow/core/kernels/data/experimental/lookup_ops.cc,"(54, 3)-(54, 19)",b'~DatasetIterator() override'
kernels,../repos/tensorflow/tensorflow/core/kernels/data/experimental/random_dataset_op.cc,"(70, 3)-(70, 11)",b'~Dataset() override'
kernels,../repos/tensorflow/tensorflow/core/kernels/data/experimental/assert_next_dataset_op.cc,"(48, 3)-(48, 11)",b'~Dataset() override'
kernels,../repos/tensorflow/tensorflow/core/kernels/data/experimental/save_dataset_op.cc,"(221, 3)-(221, 11)",b'~Dataset() override'
kernels,../repos/tensorflow/tensorflow/core/kernels/data/experimental/save_dataset_op.cc,"(316, 5)-(316, 14)",b'~Iterator() override'
kernels,../repos/tensorflow/tensorflow/core/kernels/data/experimental/load_dataset_op.cc,"(134, 5)-(134, 14)",b'~Iterator() override'
kernels,../repos/tensorflow/tensorflow/core/kernels/data/experimental/sleep_dataset_op.cc,"(52, 5)-(52, 13)",b'~Dataset() override'
kernels,../repos/tensorflow/tensorflow/core/kernels/data/experimental/sleep_dataset_op.cc,"(108, 7)-(108, 16)",b'~Iterator() override'
kernels,../repos/tensorflow/tensorflow/core/kernels/data/experimental/random_access_ops.h,"(38, 3)-(38, 23)",b'~GetElementAtIndexOp() override'
kernels,../repos/tensorflow/tensorflow/core/kernels/data/experimental/unbatch_dataset_op.cc,"(86, 5)-(86, 13)",b'~Dataset() override'
kernels,../repos/tensorflow/tensorflow/core/kernels/data/experimental/map_and_batch_dataset_op.cc,"(110, 3)-(110, 11)",b'~Dataset() override'
kernels,../repos/tensorflow/tensorflow/core/kernels/data/experimental/map_and_batch_dataset_op.cc,"(213, 5)-(213, 14)",b'~Iterator() override'
kernels,../repos/tensorflow/tensorflow/core/kernels/data/experimental/ignore_errors_dataset_op.cc,"(48, 5)-(48, 13)",b'~Dataset() override'
kernels,../repos/tensorflow/tensorflow/core/kernels/data/experimental/group_by_reducer_dataset_op.cc,"(97, 5)-(97, 13)",b'~Dataset() override'
kernels,../repos/tensorflow/tensorflow/core/kernels/data/experimental/scan_dataset_op.cc,"(92, 5)-(92, 13)",b'~Dataset() override'
kernels,../repos/tensorflow/tensorflow/core/kernels/data/experimental/assert_prev_dataset_op.cc,"(147, 3)-(147, 11)",b'~Dataset() override'
kernels,../repos/tensorflow/tensorflow/core/kernels/data/experimental/snapshot_dataset_op.cc,"(119, 3)-(119, 11)",b'~Dataset() override'
kernels,../repos/tensorflow/tensorflow/core/kernels/data/experimental/snapshot_dataset_op.cc,"(343, 5)-(343, 12)",b'~Writer() override'
kernels,../repos/tensorflow/tensorflow/core/kernels/data/experimental/snapshot_dataset_op.cc,"(970, 5)-(970, 13)",b'~Dataset() override'
kernels,../repos/tensorflow/tensorflow/core/kernels/data/experimental/snapshot_dataset_op.cc,"(1237, 9)-(1237, 32)",b'~SnapshotReaderIterator() override'
kernels,../repos/tensorflow/tensorflow/core/kernels/data/experimental/snapshot_dataset_op.cc,"(1657, 9)-(1657, 32)",b'~SnapshotWriterIterator() override'
kernels,../repos/tensorflow/tensorflow/core/kernels/data/experimental/parse_example_dataset_op.cc,"(248, 5)-(248, 13)",b'~Dataset() override'
kernels,../repos/tensorflow/tensorflow/core/kernels/data/experimental/parse_example_dataset_op.cc,"(377, 7)-(377, 16)",b'~Iterator() override'
kernels,../repos/tensorflow/tensorflow/core/kernels/data/experimental/assert_cardinality_dataset_op.cc,"(52, 3)-(52, 11)",b'~Dataset() override'
kernels,../repos/tensorflow/tensorflow/core/kernels/data/experimental/stats_aggregator_ops.cc,"(135, 3)-(135, 25)",b'~StatsAggregatorImplV2() override'
kernels,../repos/tensorflow/tensorflow/core/kernels/data/experimental/data_service_dataset_op.cc,"(153, 3)-(153, 11)",b'~Dataset() override'
kernels,../repos/tensorflow/tensorflow/core/kernels/data/experimental/data_service_dataset_op.cc,"(334, 5)-(334, 14)",b'~Iterator() override'
kernels,../repos/tensorflow/tensorflow/core/kernels/data/experimental/data_service_dataset_op.cc,"(398, 7)-(398, 34)",b'~DataServiceIteratorContext() override'
kernels,../repos/tensorflow/tensorflow/core/kernels/data/experimental/sliding_window_dataset_op.cc,"(91, 5)-(91, 13)",b'~Dataset() override'
kernels,../repos/tensorflow/tensorflow/core/kernels/data/experimental/choose_fastest_branch_dataset_op.cc,"(221, 5)-(221, 13)",b'~Dataset() override'
kernels,../repos/tensorflow/tensorflow/core/kernels/data/experimental/parallel_interleave_dataset_op.cc,"(126, 3)-(126, 11)",b'~Dataset() override'
kernels,../repos/tensorflow/tensorflow/core/kernels/data/experimental/parallel_interleave_dataset_op.cc,"(286, 5)-(286, 14)",b'~Iterator() override'
kernels,../repos/tensorflow/tensorflow/core/kernels/data/experimental/rebatch_dataset_op.cc,"(71, 5)-(71, 13)",b'~Dataset() override'
kernels,../repos/tensorflow/tensorflow/core/kernels/data/experimental/rebatch_dataset_op.cc,"(123, 7)-(123, 16)",b'~Iterator() override'
kernels,../repos/tensorflow/tensorflow/core/kernels/data/experimental/rebatch_dataset_op.cc,"(334, 5)-(334, 13)",b'~Dataset() override'
kernels,../repos/tensorflow/tensorflow/core/kernels/data/experimental/rebatch_dataset_op.cc,"(386, 7)-(386, 16)",b'~Iterator() override'
kernels,../repos/tensorflow/tensorflow/core/kernels/data/experimental/sql/query_connection.h,"(44, 11)-(44, 27)",b'~QueryConnection()'
kernels,../repos/tensorflow/tensorflow/core/kernels/data/experimental/sql/sqlite_query_connection.h,"(32, 3)-(32, 25)",b'~SqliteQueryConnection() override'
kernels,../repos/tensorflow/tensorflow/core/kernels/data/experimental/sql/sqlite_query_connection.cc,"(28, 24)-(28, 46)",b'SqliteQueryConnection::~SqliteQueryConnection'
kernels,../repos/tensorflow/tensorflow/core/kernels/data/experimental/sampling_dataset_op.cc,"(52, 3)-(52, 11)",b'~Dataset() override'
kernels,../repos/tensorflow/tensorflow/core/kernels/data/experimental/directed_interleave_dataset_op.cc,"(72, 3)-(72, 11)",b'~Dataset() override'
kernels,../repos/tensorflow/tensorflow/core/kernels/data/experimental/choose_fastest_dataset_op.cc,"(134, 5)-(134, 13)",b'~Dataset() override'
kernels,../repos/tensorflow/tensorflow/core/kernels/data/experimental/threadpool_dataset_op.cc,"(114, 3)-(114, 22)",b'~ThreadPoolHandleOp() override'
kernels,../repos/tensorflow/tensorflow/core/kernels/data/experimental/threadpool_dataset_op.cc,"(184, 5)-(184, 13)",b'~Dataset() override'
kernels,../repos/tensorflow/tensorflow/core/kernels/data/experimental/threadpool_dataset_op.cc,"(309, 3)-(309, 11)",b'~Dataset() override'
kernels,../repos/tensorflow/tensorflow/core/kernels/data/experimental/threadpool_dataset_op.cc,"(452, 3)-(452, 11)",b'~Dataset() override'
kernels,../repos/tensorflow/tensorflow/core/kernels/data/experimental/take_while_dataset_op.cc,"(64, 5)-(64, 13)",b'~Dataset() override'
kernels,../repos/tensorflow/tensorflow/core/kernels/data/experimental/unique_dataset_op.cc,"(37, 3)-(37, 11)",b'~Dataset() override'
kernels,../repos/tensorflow/tensorflow/core/kernels/data/take_dataset_op.h,"(30, 3)-(30, 15)",b'~TakeDataset() override'
kernels,../repos/tensorflow/tensorflow/core/kernels/data/multi_device_iterator_ops.cc,"(99, 3)-(99, 23)",b'~MultiDeviceIterator() override'
kernels,../repos/tensorflow/tensorflow/core/kernels/data/multi_device_iterator_ops.cc,"(187, 5)-(187, 23)",b'~MultiDeviceBuffer()'
kernels,../repos/tensorflow/tensorflow/core/kernels/data/multi_device_iterator_ops.cc,"(493, 3)-(493, 31)",b'~MultiDeviceIteratorHandleOp() override'
kernels,../repos/tensorflow/tensorflow/core/kernels/data/parallel_interleave_dataset_op.cc,"(239, 3)-(239, 11)",b'~Dataset() override'
kernels,../repos/tensorflow/tensorflow/core/kernels/data/parallel_interleave_dataset_op.cc,"(370, 5)-(370, 32)",b'~ParallelInterleaveIterator() override'
kernels,../repos/tensorflow/tensorflow/core/kernels/data/iterator_ops.h,"(46, 3)-(46, 20)",b'~IteratorResource() override'
kernels,../repos/tensorflow/tensorflow/core/kernels/data/iterator_ops.h,"(97, 5)-(97, 11)",b'~State()'
kernels,../repos/tensorflow/tensorflow/core/kernels/data/iterator_ops.h,"(165, 3)-(165, 20)",b'~IteratorHandleOp() override'
kernels,../repos/tensorflow/tensorflow/core/kernels/data/skip_dataset_op.cc,"(45, 3)-(45, 11)",b'~Dataset() override'
kernels,../repos/tensorflow/tensorflow/core/kernels/data/window_dataset_op.cc,"(66, 3)-(66, 11)",b'~Dataset() override'
kernels,../repos/tensorflow/tensorflow/core/kernels/data/model_dataset_op.cc,"(75, 3)-(75, 11)",b'~Dataset() override'
kernels,../repos/tensorflow/tensorflow/core/kernels/data/model_dataset_op.cc,"(141, 5)-(141, 14)",b'~Iterator() override'
kernels,../repos/tensorflow/tensorflow/core/kernels/data/batch_dataset_op.cc,"(87, 3)-(87, 11)",b'~Dataset() override'
kernels,../repos/tensorflow/tensorflow/core/kernels/data/prefetch_dataset_op.cc,"(81, 3)-(81, 11)",b'~Dataset() override'
kernels,../repos/tensorflow/tensorflow/core/kernels/data/prefetch_dataset_op.cc,"(161, 5)-(161, 14)",b'~Iterator() override'
kernels,../repos/tensorflow/tensorflow/core/kernels/data/map_defun_op.h,"(49, 3)-(49, 14)",b'~MapDefunOp() override'
kernels,../repos/tensorflow/tensorflow/core/kernels/data/interleave_dataset_op.cc,"(74, 3)-(74, 11)",b'~Dataset() override'
kernels,../repos/tensorflow/tensorflow/core/kernels/data/take_dataset_op.cc,"(50, 14)-(50, 26)",b'TakeDataset::~TakeDataset'
kernels,../repos/tensorflow/tensorflow/core/kernels/data/flat_map_dataset_op.cc,"(70, 3)-(70, 11)",b'~Dataset() override'
kernels,../repos/tensorflow/tensorflow/core/kernels/data/filter_dataset_op.cc,"(62, 3)-(62, 11)",b'~Dataset() override'
kernels,../repos/tensorflow/tensorflow/core/kernels/fuzzing/fuzz_session.h,"(69, 11)-(69, 23)",b'~FuzzSession()'
kernels,../repos/tensorflow/tensorflow/core/kernels/partitioned_function_ops.cc,"(76, 20)-(76, 38)",b'PartitionedCallOp::~PartitionedCallOp'
kernels,../repos/tensorflow/tensorflow/core/kernels/constant_op.cc,"(98, 13)-(98, 24)",b'ConstantOp::~ConstantOp'
kernels,../repos/tensorflow/tensorflow/core/kernels/control_flow_ops.cc,"(248, 3)-(248, 15)",b'~RefSelectOp() override'
kernels,../repos/tensorflow/tensorflow/core/kernels/control_flow_ops.cc,"(682, 13)-(682, 24)",b'LoopCondOp::~LoopCondOp'
kernels,../repos/tensorflow/tensorflow/core/kernels/function_ops.cc,"(233, 3)-(233, 22)",b'~SymbolicGradientOp() override'
kernels,../repos/tensorflow/tensorflow/core/kernels/rnn/lstm_ops.cc,"(799, 3)-(799, 15)",b'~SliceHelper()'
