Repo name,File name,Location,Content
kernels,../repos/tensorflow/tensorflow/core/kernels/unary_ops_composition.cc,"(57, 3)-(57, 39)",b'friend class UnaryOpsComposition<T>;'
kernels,../repos/tensorflow/tensorflow/core/kernels/batch_kernels.h,"(74, 3)-(74, 57)",b'friend class test_util::BatchFunctionKernelTe...'
kernels,../repos/tensorflow/tensorflow/core/kernels/stack.cc,"(108, 3)-(108, 24)",b'friend class StackOp;'
kernels,../repos/tensorflow/tensorflow/core/kernels/tensor_cord.h,"(151, 5)-(151, 29)",b'friend class TensorCord;'
kernels,../repos/tensorflow/tensorflow/core/kernels/tensor_cord.h,"(227, 5)-(227, 29)",b'friend class TensorCord;'
kernels,../repos/tensorflow/tensorflow/core/kernels/sdca_internal.h,"(186, 3)-(186, 25)",b'friend class Examples;'
kernels,../repos/tensorflow/tensorflow/core/kernels/sdca_internal.h,"(189, 3)-(189, 29)",b'friend class ModelWeights;'
kernels,../repos/tensorflow/tensorflow/core/kernels/variable_ops.cc,"(129, 3)-(129, 43)",b'friend class DestroyTemporaryVariableOp;'
kernels,../repos/tensorflow/tensorflow/core/kernels/eigen_cuboid_convolution.h,"(341, 3)-(348, 39)",b'friend class TensorContractionSubMapper<\n    ...'
kernels,../repos/tensorflow/tensorflow/core/kernels/batching_util/serial_device_batch_scheduler.h,"(132, 3)-(132, 46)",b'friend class internal::SDBSQueue<TaskType>;'
kernels,../repos/tensorflow/tensorflow/core/kernels/batching_util/periodic_function.h,"(105, 3)-(105, 53)",b'friend class internal::PeriodicFunctionTestAccess;'
kernels,../repos/tensorflow/tensorflow/core/kernels/batching_util/batch_input_task.h,"(70, 3)-(70, 57)",b'friend class internal::BatchInputTaskHandleTe...'
kernels,../repos/tensorflow/tensorflow/core/kernels/batching_util/batch_input_task.h,"(169, 3)-(169, 47)",b'friend class BatchInputTaskHandle<TaskType>;'
kernels,../repos/tensorflow/tensorflow/core/kernels/batching_util/batch_input_task.h,"(171, 3)-(171, 51)",b'friend class internal::BatchInputTaskTestAccess;'
kernels,../repos/tensorflow/tensorflow/core/kernels/batching_util/adaptive_shared_batch_scheduler.h,"(190, 3)-(190, 46)",b'friend class internal::ASBSQueue<TaskType>;'
kernels,../repos/tensorflow/tensorflow/core/kernels/batching_util/warmup.h,"(48, 5)-(50, 6)","b'friend H AbslHashValue(H state, const Key& ke...'"
kernels,../repos/tensorflow/tensorflow/core/kernels/batching_util/warmup.h,"(52, 5)-(54, 6)","b'friend bool operator==(const Key& x, const Ke...'"
kernels,../repos/tensorflow/tensorflow/core/kernels/batching_util/warmup.h,"(91, 5)-(91, 38)",b'friend class WarmupStateRegistry;'
kernels,../repos/tensorflow/tensorflow/core/kernels/batching_util/warmup.h,"(113, 3)-(113, 23)",b'friend class Handle;'
kernels,../repos/tensorflow/tensorflow/core/kernels/gpu_utils.h,"(226, 3)-(226, 34)",b'friend class AutotuneSingleton;'
kernels,../repos/tensorflow/tensorflow/core/kernels/fft_ops.cc,"(453, 3)-(458, 4)","b'friend inline H AbslHashValue(H h, const FftP...'"
kernels,../repos/tensorflow/tensorflow/core/kernels/fft_ops.cc,"(460, 3)-(470, 4)",b'friend inline bool operator==(const FftPlanIn...'
kernels,../repos/tensorflow/tensorflow/core/kernels/data/experimental/data_service_dataset_op.cc,"(496, 5)-(496, 45)",b'friend class DataServiceIteratorContext;'
kernels,../repos/tensorflow/tensorflow/core/kernels/data/parallel_map_dataset_op.h,"(58, 3)-(61, 61)",b'friend std::unique_ptr<DatasetBase> MakeDataS...'
