Repo name,File name,Location,Content
kernels,../repos/tensorflow/tensorflow/core/kernels/sparse_softmax_op.cc,"(31, 1)-(31, 35)",b'using tensorflow::gtl::ArraySlice;'
kernels,../repos/tensorflow/tensorflow/core/kernels/sparse_softmax_op.cc,"(32, 1)-(32, 40)",b'using tensorflow::sparse::SparseTensor;'
kernels,../repos/tensorflow/tensorflow/core/kernels/relu_op.h,"(36, 3)-(36, 70)","b'using UnaryElementWiseOp<T, ReluOp<Device, T>...'"
kernels,../repos/tensorflow/tensorflow/core/kernels/relu_op.h,"(64, 3)-(64, 76)","b'using BinaryElementWiseOp<T, ReluGradOp<Devic...'"
kernels,../repos/tensorflow/tensorflow/core/kernels/relu_op.h,"(95, 3)-(95, 71)","b'using UnaryElementWiseOp<T, Relu6Op<Device, T...'"
kernels,../repos/tensorflow/tensorflow/core/kernels/relu_op.h,"(107, 3)-(107, 77)","b'using BinaryElementWiseOp<T, Relu6GradOp<Devi...'"
kernels,../repos/tensorflow/tensorflow/core/kernels/relu_op.h,"(198, 3)-(198, 69)","b'using UnaryElementWiseOp<T, EluOp<Device, T>>...'"
kernels,../repos/tensorflow/tensorflow/core/kernels/relu_op.h,"(210, 3)-(210, 75)","b'using BinaryElementWiseOp<T, EluGradOp<Device...'"
kernels,../repos/tensorflow/tensorflow/core/kernels/relu_op.h,"(240, 3)-(240, 70)","b'using UnaryElementWiseOp<T, SeluOp<Device, T>...'"
kernels,../repos/tensorflow/tensorflow/core/kernels/relu_op.h,"(252, 3)-(252, 76)","b'using BinaryElementWiseOp<T, SeluGradOp<Devic...'"
kernels,../repos/tensorflow/tensorflow/core/kernels/spectrogram_test.cc,"(33, 1)-(33, 22)",b'using ::std::complex;'
kernels,../repos/tensorflow/tensorflow/core/kernels/stateless_random_ops.cc,"(99, 3)-(99, 54)",b'using StatelessRandomOpBase::StatelessRandomO...'
kernels,../repos/tensorflow/tensorflow/core/kernels/stateless_random_ops.cc,"(116, 3)-(116, 54)",b'using StatelessRandomOpBase::StatelessRandomO...'
kernels,../repos/tensorflow/tensorflow/core/kernels/stateless_random_ops.cc,"(154, 3)-(154, 54)",b'using StatelessRandomOpBase::StatelessRandomO...'
kernels,../repos/tensorflow/tensorflow/core/kernels/stateless_random_ops.cc,"(176, 3)-(176, 54)",b'using StatelessRandomOpBase::StatelessRandomO...'
kernels,../repos/tensorflow/tensorflow/core/kernels/topk_op_gpu_half.cu.cc,"(23, 1)-(23, 24)",b'using Eigen::GpuDevice;'
kernels,../repos/tensorflow/tensorflow/core/kernels/functional_ops.cc,"(687, 13)-(687, 29)",b'using std::swap;'
kernels,../repos/tensorflow/tensorflow/core/kernels/matching_files_op.cc,"(30, 3)-(30, 28)",b'using OpKernel::OpKernel;'
kernels,../repos/tensorflow/tensorflow/core/kernels/matmul_op_impl.h,"(280, 5)-(280, 24)",b'using Eigen::Index;'
kernels,../repos/tensorflow/tensorflow/core/kernels/sparse_tensors_map_ops.cc,"(38, 1)-(38, 28)",b'using sparse::SparseTensor;'
kernels,../repos/tensorflow/tensorflow/core/kernels/sparse/sparse_tensor_to_csr_sparse_matrix_op.cc,"(45, 1)-(45, 62)",b'using ::stream_executor::cuda::ScopedActivate...'
kernels,../repos/tensorflow/tensorflow/core/kernels/sparse/sparse_tensor_to_csr_sparse_matrix_op.cc,"(48, 1)-(48, 62)",b'using ::stream_executor::rocm::ScopedActivate...'
kernels,../repos/tensorflow/tensorflow/core/kernels/sparse/dense_to_csr_sparse_matrix_op.cc,"(44, 1)-(44, 62)",b'using ::stream_executor::cuda::ScopedActivate...'
kernels,../repos/tensorflow/tensorflow/core/kernels/sparse/dense_to_csr_sparse_matrix_op.cc,"(47, 1)-(47, 62)",b'using ::stream_executor::rocm::ScopedActivate...'
kernels,../repos/tensorflow/tensorflow/core/kernels/tile_functor_gpu_int16.cu.cc,"(24, 1)-(24, 24)",b'using Eigen::GpuDevice;'
kernels,../repos/tensorflow/tensorflow/core/kernels/depthwise_conv_op_gpu_bfloat16.cu.cc,"(23, 1)-(23, 24)",b'using Eigen::GpuDevice;'
kernels,../repos/tensorflow/tensorflow/core/kernels/tile_functor_gpu_bool.cu.cc,"(24, 1)-(24, 24)",b'using Eigen::GpuDevice;'
kernels,../repos/tensorflow/tensorflow/core/kernels/dynamic_stitch_op.cc,"(338, 3)-(338, 66)","b'using DynamicStitchOpImplCPU<T, false>::Dynam...'"
kernels,../repos/tensorflow/tensorflow/core/kernels/dynamic_stitch_op.cc,"(343, 3)-(343, 65)","b'using DynamicStitchOpImplCPU<T, true>::Dynami...'"
kernels,../repos/tensorflow/tensorflow/core/kernels/topk_op_gpu_uint8.cu.cc,"(23, 1)-(23, 24)",b'using Eigen::GpuDevice;'
kernels,../repos/tensorflow/tensorflow/core/kernels/eigen_benchmark.h,"(27, 1)-(27, 28)",b'using ::tensorflow::TTypes;'
kernels,../repos/tensorflow/tensorflow/core/kernels/batch_kernels.cc,"(109, 1)-(109, 47)",b'using ::tensorflow::concat_split_util::Concat;'
kernels,../repos/tensorflow/tensorflow/core/kernels/batch_kernels.cc,"(110, 1)-(110, 46)",b'using ::tensorflow::concat_split_util::Split;'
kernels,../repos/tensorflow/tensorflow/core/kernels/tile_functor_gpu_int32.cu.cc,"(24, 1)-(24, 24)",b'using Eigen::GpuDevice;'
kernels,../repos/tensorflow/tensorflow/core/kernels/sparse_matmul_op_test.cc,"(30, 1)-(30, 25)",b'using Eigen::operator==;'
kernels,../repos/tensorflow/tensorflow/core/kernels/linalg/determinant_op.cc,"(60, 5)-(60, 26)",b'using Eigen::Dynamic;'
kernels,../repos/tensorflow/tensorflow/core/kernels/scan_ops_gpu_half.cu.cc,"(24, 1)-(24, 24)",b'using Eigen::GpuDevice;'
kernels,../repos/tensorflow/tensorflow/core/kernels/immutable_constant_op_test.cc,"(65, 3)-(65, 57)",b'using NullFileSystem::NewReadOnlyMemoryRegion...'
kernels,../repos/tensorflow/tensorflow/core/kernels/relu_op.cc,"(224, 3)-(224, 78)","b'using UnaryElementWiseOp<qint8, ReluOp<Device...'"
kernels,../repos/tensorflow/tensorflow/core/kernels/ragged_tensor_to_tensor_op.cc,"(48, 1)-(48, 21)",b'using ::std::vector;'
kernels,../repos/tensorflow/tensorflow/core/kernels/tile_functor_gpu_double.cu.cc,"(24, 1)-(24, 24)",b'using Eigen::GpuDevice;'
kernels,../repos/tensorflow/tensorflow/core/kernels/scan_ops_gpu_float.cu.cc,"(24, 1)-(24, 24)",b'using Eigen::GpuDevice;'
kernels,../repos/tensorflow/tensorflow/core/kernels/tile_functor_gpu_bfloat16.cu.cc,"(24, 1)-(24, 24)",b'using Eigen::GpuDevice;'
kernels,../repos/tensorflow/tensorflow/core/kernels/ragged_range_op.cc,"(30, 1)-(30, 31)",b'using errors::InvalidArgument;'
kernels,../repos/tensorflow/tensorflow/core/kernels/ragged_range_op.cc,"(35, 3)-(35, 28)",b'using OpKernel::OpKernel;'
kernels,../repos/tensorflow/tensorflow/core/kernels/fill_empty_rows_functor_gpu.cu.cc,"(35, 1)-(35, 60)",b'using stream_executor::cuda::ScopedActivateEx...'
kernels,../repos/tensorflow/tensorflow/core/kernels/fill_empty_rows_functor_gpu.cu.cc,"(38, 1)-(38, 60)",b'using stream_executor::rocm::ScopedActivateEx...'
kernels,../repos/tensorflow/tensorflow/core/kernels/fill_empty_rows_functor_gpu.cu.cc,"(71, 1)-(71, 40)",b'using kernel_forward::wrap_kernel_call;'
kernels,../repos/tensorflow/tensorflow/core/kernels/conv_ops_test.cc,"(134, 5)-(134, 39)",b'using namespace ::tensorflow::ops;'
kernels,../repos/tensorflow/tensorflow/core/kernels/conv_ops_test.cc,"(195, 5)-(195, 39)",b'using namespace ::tensorflow::ops;'
kernels,../repos/tensorflow/tensorflow/core/kernels/depthwise_conv_op_gpu_double.cu.cc,"(23, 1)-(23, 24)",b'using Eigen::GpuDevice;'
kernels,../repos/tensorflow/tensorflow/core/kernels/fake_quant_ops.cc,"(33, 1)-(33, 39)",b'using tensorflow::BinaryElementWiseOp;'
kernels,../repos/tensorflow/tensorflow/core/kernels/fake_quant_ops.cc,"(34, 1)-(34, 30)",b'using tensorflow::DEVICE_CPU;'
kernels,../repos/tensorflow/tensorflow/core/kernels/fake_quant_ops.cc,"(37, 1)-(37, 30)",b'using tensorflow::DEVICE_GPU;'
kernels,../repos/tensorflow/tensorflow/core/kernels/fake_quant_ops.cc,"(39, 1)-(39, 28)",b'using tensorflow::OpKernel;'
kernels,../repos/tensorflow/tensorflow/core/kernels/fake_quant_ops.cc,"(40, 1)-(40, 40)",b'using tensorflow::OpKernelConstruction;'
kernels,../repos/tensorflow/tensorflow/core/kernels/fake_quant_ops.cc,"(41, 1)-(41, 35)",b'using tensorflow::OpKernelContext;'
kernels,../repos/tensorflow/tensorflow/core/kernels/fake_quant_ops.cc,"(42, 1)-(42, 26)",b'using tensorflow::Tensor;'
kernels,../repos/tensorflow/tensorflow/core/kernels/fake_quant_ops.cc,"(43, 1)-(43, 31)",b'using tensorflow::TensorShape;'
kernels,../repos/tensorflow/tensorflow/core/kernels/fake_quant_ops.cc,"(44, 1)-(44, 26)",b'using tensorflow::TTypes;'
kernels,../repos/tensorflow/tensorflow/core/kernels/fake_quant_ops.cc,"(45, 1)-(45, 38)",b'using tensorflow::UnaryElementWiseOp;'
kernels,../repos/tensorflow/tensorflow/core/kernels/fake_quant_ops.cc,"(46, 1)-(46, 43)",b'using tensorflow::errors::InvalidArgument;'
kernels,../repos/tensorflow/tensorflow/core/kernels/topk_op_gpu_bfloat16.cu.cc,"(23, 1)-(23, 24)",b'using Eigen::GpuDevice;'
kernels,../repos/tensorflow/tensorflow/core/kernels/quantize_and_dequantize_op_test.cc,"(40, 1)-(40, 39)",b'using ::tensorflow::testing::StatusIs;'
kernels,../repos/tensorflow/tensorflow/core/kernels/quantize_and_dequantize_op_test.cc,"(41, 1)-(41, 31)",b'using ::testing::MatchesRegex;'
kernels,../repos/tensorflow/tensorflow/core/kernels/segment_reduction_ops_impl.h,"(55, 1)-(55, 60)",b'using stream_executor::cuda::ScopedActivateEx...'
kernels,../repos/tensorflow/tensorflow/core/kernels/segment_reduction_ops_impl.h,"(59, 1)-(59, 60)",b'using stream_executor::rocm::ScopedActivateEx...'
kernels,../repos/tensorflow/tensorflow/core/kernels/fused_batch_norm_op.cc,"(54, 1)-(54, 24)",b'using se::DeviceMemory;'
kernels,../repos/tensorflow/tensorflow/core/kernels/fused_batch_norm_op.cc,"(55, 1)-(55, 28)",b'using se::ScratchAllocator;'
kernels,../repos/tensorflow/tensorflow/core/kernels/fused_batch_norm_op.cc,"(56, 1)-(56, 18)",b'using se::Stream;'
kernels,../repos/tensorflow/tensorflow/core/kernels/fused_batch_norm_op.cc,"(57, 1)-(57, 21)",b'using tsl::StatusOr;'
kernels,../repos/tensorflow/tensorflow/core/kernels/parameterized_truncated_normal_op.cc,"(48, 1)-(48, 28)",b'using random::PhiloxRandom;'
kernels,../repos/tensorflow/tensorflow/core/kernels/tile_functor_gpu_half.cu.cc,"(24, 1)-(24, 24)",b'using Eigen::GpuDevice;'
kernels,../repos/tensorflow/tensorflow/core/kernels/scan_ops.h,"(69, 5)-(69, 33)",b'using Eigen::internal::padd;'
kernels,../repos/tensorflow/tensorflow/core/kernels/scan_ops.h,"(70, 5)-(70, 36)",b'using Eigen::internal::pcmp_lt;'
kernels,../repos/tensorflow/tensorflow/core/kernels/scan_ops.h,"(71, 5)-(71, 33)",b'using Eigen::internal::pexp;'
kernels,../repos/tensorflow/tensorflow/core/kernels/scan_ops.h,"(72, 5)-(72, 35)",b'using Eigen::internal::plog1p;'
kernels,../repos/tensorflow/tensorflow/core/kernels/scan_ops.h,"(73, 5)-(73, 34)",b'using Eigen::internal::pset1;'
kernels,../repos/tensorflow/tensorflow/core/kernels/scan_ops.h,"(74, 5)-(74, 33)",b'using Eigen::internal::psub;'
kernels,../repos/tensorflow/tensorflow/core/kernels/scan_ops.h,"(126, 5)-(126, 33)",b'using Eigen::internal::pexp;'
kernels,../repos/tensorflow/tensorflow/core/kernels/scan_ops.h,"(127, 5)-(127, 33)",b'using Eigen::internal::psub;'
kernels,../repos/tensorflow/tensorflow/core/kernels/ragged_tensor_to_sparse_kernel.cc,"(28, 1)-(28, 31)",b'using errors::InvalidArgument;'
kernels,../repos/tensorflow/tensorflow/core/kernels/ragged_tensor_to_sparse_kernel.cc,"(33, 3)-(33, 28)",b'using OpKernel::OpKernel;'
kernels,../repos/tensorflow/tensorflow/core/kernels/unsorted_segment_join_op.cc,"(77, 3)-(77, 28)",b'using OpKernel::OpKernel;'
kernels,../repos/tensorflow/tensorflow/core/kernels/fake_quant_ops_test.cc,"(25, 1)-(25, 39)",b'using tensorflow::AllocatorAttributes;'
kernels,../repos/tensorflow/tensorflow/core/kernels/fake_quant_ops_test.cc,"(26, 1)-(26, 28)",b'using tensorflow::DT_FLOAT;'
kernels,../repos/tensorflow/tensorflow/core/kernels/fake_quant_ops_test.cc,"(27, 1)-(27, 34)",b'using tensorflow::NodeDefBuilder;'
kernels,../repos/tensorflow/tensorflow/core/kernels/fake_quant_ops_test.cc,"(28, 1)-(28, 31)",b'using tensorflow::OpsTestBase;'
kernels,../repos/tensorflow/tensorflow/core/kernels/fake_quant_ops_test.cc,"(29, 1)-(29, 26)",b'using tensorflow::Tensor;'
kernels,../repos/tensorflow/tensorflow/core/kernels/fake_quant_ops_test.cc,"(30, 1)-(30, 31)",b'using tensorflow::TensorShape;'
kernels,../repos/tensorflow/tensorflow/core/kernels/fake_quant_ops_test.cc,"(31, 1)-(31, 37)",b'using tensorflow::test::ExpectClose;'
kernels,../repos/tensorflow/tensorflow/core/kernels/fake_quant_ops_test.cc,"(32, 1)-(32, 36)",b'using tensorflow::test::FillValues;'
kernels,../repos/tensorflow/tensorflow/core/kernels/stateful_random_ops_gpu.cu.cc,"(36, 1)-(36, 28)",b'using random::PhiloxRandom;'
kernels,../repos/tensorflow/tensorflow/core/kernels/stochastic_cast_op.cc,"(26, 1)-(26, 19)",b'using Eigen::half;'
kernels,../repos/tensorflow/tensorflow/core/kernels/stochastic_cast_op.cc,"(43, 3)-(43, 52)",b'using StochasticCastOpBase::StochasticCastOpBase;'
kernels,../repos/tensorflow/tensorflow/core/kernels/quantize_and_dequantize_op.cc,"(38, 1)-(38, 45)",b'using ::tensorflow::errors::InvalidArgument;'
kernels,../repos/tensorflow/tensorflow/core/kernels/tile_functor_gpu_int64.cu.cc,"(24, 1)-(24, 24)",b'using Eigen::GpuDevice;'
kernels,../repos/tensorflow/tensorflow/core/kernels/string_join_op.cc,"(31, 3)-(31, 28)",b'using OpKernel::OpKernel;'
kernels,../repos/tensorflow/tensorflow/core/kernels/gpu_utils.cc,"(35, 1)-(35, 26)",b'using xla::AutotuningLog;'
kernels,../repos/tensorflow/tensorflow/core/kernels/gpu_utils.cc,"(36, 1)-(36, 30)",b'using xla::ComputeCapability;'
kernels,../repos/tensorflow/tensorflow/core/kernels/gpu_utils.cc,"(37, 1)-(37, 25)",b'using xla::CudnnVersion;'
kernels,../repos/tensorflow/tensorflow/core/kernels/topk_op_gpu_double.cu.cc,"(23, 1)-(23, 24)",b'using Eigen::GpuDevice;'
kernels,../repos/tensorflow/tensorflow/core/kernels/where_op.cc,"(45, 1)-(45, 60)",b'using stream_executor::cuda::ScopedActivateEx...'
kernels,../repos/tensorflow/tensorflow/core/kernels/where_op.cc,"(48, 1)-(48, 60)",b'using stream_executor::rocm::ScopedActivateEx...'
kernels,../repos/tensorflow/tensorflow/core/kernels/isotonic_regression_op.cc,"(25, 1)-(25, 17)",b'using ::int64_t;'
kernels,../repos/tensorflow/tensorflow/core/kernels/isotonic_regression_op.cc,"(26, 1)-(26, 25)",b'using tensorflow::int32;'
kernels,../repos/tensorflow/tensorflow/core/kernels/topk_op_gpu_int64.cu.cc,"(23, 1)-(23, 24)",b'using Eigen::GpuDevice;'
kernels,../repos/tensorflow/tensorflow/core/kernels/topk_op_gpu_int32.cu.cc,"(23, 1)-(23, 24)",b'using Eigen::GpuDevice;'
kernels,../repos/tensorflow/tensorflow/core/kernels/sdca_ops.cc,"(63, 1)-(63, 21)",b'using sdca::Example;'
kernels,../repos/tensorflow/tensorflow/core/kernels/sdca_ops.cc,"(64, 1)-(64, 22)",b'using sdca::Examples;'
kernels,../repos/tensorflow/tensorflow/core/kernels/sdca_ops.cc,"(65, 1)-(65, 31)",b'using sdca::ExampleStatistics;'
kernels,../repos/tensorflow/tensorflow/core/kernels/sdca_ops.cc,"(66, 1)-(66, 26)",b'using sdca::ModelWeights;'
kernels,../repos/tensorflow/tensorflow/core/kernels/sdca_ops.cc,"(67, 1)-(67, 29)",b'using sdca::Regularizations;'
kernels,../repos/tensorflow/tensorflow/core/kernels/unique_op_gpu.cu.h,"(292, 5)-(292, 35)",b'using namespace unique_op_gpu;'
kernels,../repos/tensorflow/tensorflow/core/kernels/conv_grad_filter_ops_launcher.cc,"(178, 3)-(178, 34)",b'using se::dnn::AlgorithmConfig;'
kernels,../repos/tensorflow/tensorflow/core/kernels/conv_grad_filter_ops_launcher.cc,"(179, 3)-(179, 32)",b'using se::dnn::AlgorithmDesc;'
kernels,../repos/tensorflow/tensorflow/core/kernels/conv_grad_filter_ops_launcher.cc,"(180, 3)-(180, 32)",b'using se::dnn::ProfileResult;'
kernels,../repos/tensorflow/tensorflow/core/kernels/range_sampler.cc,"(33, 1)-(33, 23)",b'using gtl::ArraySlice;'
kernels,../repos/tensorflow/tensorflow/core/kernels/range_sampler.cc,"(34, 1)-(34, 30)",b'using gtl::MutableArraySlice;'
kernels,../repos/tensorflow/tensorflow/core/kernels/topk_op_gpu_uint64.cu.cc,"(23, 1)-(23, 24)",b'using Eigen::GpuDevice;'
kernels,../repos/tensorflow/tensorflow/core/kernels/serialize_sparse_op.cc,"(44, 1)-(44, 28)",b'using sparse::SparseTensor;'
kernels,../repos/tensorflow/tensorflow/core/kernels/dense_update_ops.cc,"(36, 3)-(36, 28)",b'using AssignOp::AssignOp;'
kernels,../repos/tensorflow/tensorflow/core/kernels/reader_ops.cc,"(30, 3)-(30, 28)",b'using OpKernel::OpKernel;'
kernels,../repos/tensorflow/tensorflow/core/kernels/reader_ops.cc,"(47, 3)-(47, 38)",b'using AsyncOpKernel::AsyncOpKernel;'
kernels,../repos/tensorflow/tensorflow/core/kernels/reader_ops.cc,"(78, 3)-(78, 58)",b'using ReaderVerbAsyncOpKernel::ReaderVerbAsyn...'
kernels,../repos/tensorflow/tensorflow/core/kernels/reader_ops.cc,"(107, 3)-(107, 58)",b'using ReaderVerbAsyncOpKernel::ReaderVerbAsyn...'
kernels,../repos/tensorflow/tensorflow/core/kernels/reader_ops.cc,"(161, 3)-(161, 56)",b'using ReaderVerbSyncOpKernel::ReaderVerbSyncO...'
kernels,../repos/tensorflow/tensorflow/core/kernels/reader_ops.cc,"(179, 3)-(179, 56)",b'using ReaderVerbSyncOpKernel::ReaderVerbSyncO...'
kernels,../repos/tensorflow/tensorflow/core/kernels/reader_ops.cc,"(198, 3)-(198, 56)",b'using ReaderVerbSyncOpKernel::ReaderVerbSyncO...'
kernels,../repos/tensorflow/tensorflow/core/kernels/reader_ops.cc,"(217, 3)-(217, 56)",b'using ReaderVerbSyncOpKernel::ReaderVerbSyncO...'
kernels,../repos/tensorflow/tensorflow/core/kernels/reader_ops.cc,"(238, 3)-(238, 56)",b'using ReaderVerbSyncOpKernel::ReaderVerbSyncO...'
kernels,../repos/tensorflow/tensorflow/core/kernels/random_ops_util.h,"(24, 1)-(24, 28)",b'using random::PhiloxRandom;'
kernels,../repos/tensorflow/tensorflow/core/kernels/cudnn_rnn_ops.cc,"(88, 1)-(88, 18)",b'using se::Stream;'
kernels,../repos/tensorflow/tensorflow/core/kernels/cudnn_rnn_ops.cc,"(89, 1)-(89, 26)",b'using se::StreamExecutor;'
kernels,../repos/tensorflow/tensorflow/core/kernels/cudnn_rnn_ops.cc,"(90, 1)-(90, 30)",b'using se::dnn::RnnDescriptor;'
kernels,../repos/tensorflow/tensorflow/core/kernels/cudnn_rnn_ops.cc,"(126, 1)-(126, 24)",b'using se::DeviceMemory;'
kernels,../repos/tensorflow/tensorflow/core/kernels/cudnn_rnn_ops.cc,"(127, 1)-(127, 28)",b'using se::DeviceMemoryBase;'
kernels,../repos/tensorflow/tensorflow/core/kernels/cudnn_rnn_ops.cc,"(128, 1)-(128, 28)",b'using se::ScratchAllocator;'
kernels,../repos/tensorflow/tensorflow/core/kernels/cudnn_rnn_ops.cc,"(129, 1)-(129, 32)",b'using se::dnn::AlgorithmConfig;'
kernels,../repos/tensorflow/tensorflow/core/kernels/cudnn_rnn_ops.cc,"(130, 1)-(130, 30)",b'using se::dnn::AlgorithmDesc;'
kernels,../repos/tensorflow/tensorflow/core/kernels/cudnn_rnn_ops.cc,"(131, 1)-(131, 30)",b'using se::dnn::ProfileResult;'
kernels,../repos/tensorflow/tensorflow/core/kernels/cudnn_rnn_ops.cc,"(132, 1)-(132, 33)",b'using se::dnn::RnnDirectionMode;'
kernels,../repos/tensorflow/tensorflow/core/kernels/cudnn_rnn_ops.cc,"(133, 1)-(133, 29)",b'using se::dnn::RnnInputMode;'
kernels,../repos/tensorflow/tensorflow/core/kernels/cudnn_rnn_ops.cc,"(134, 1)-(134, 24)",b'using se::dnn::RnnMode;'
kernels,../repos/tensorflow/tensorflow/core/kernels/cudnn_rnn_ops.cc,"(135, 1)-(135, 44)",b'using se::dnn::RnnSequenceTensorDescriptor;'
kernels,../repos/tensorflow/tensorflow/core/kernels/cudnn_rnn_ops.cc,"(136, 1)-(136, 41)",b'using se::dnn::RnnStateTensorDescriptor;'
kernels,../repos/tensorflow/tensorflow/core/kernels/cudnn_rnn_ops.cc,"(137, 1)-(137, 27)",b'using se::dnn::ToDataType;'
kernels,../repos/tensorflow/tensorflow/core/kernels/cudnn_rnn_ops.cc,"(138, 1)-(138, 21)",b'using tsl::StatusOr;'
kernels,../repos/tensorflow/tensorflow/core/kernels/cudnn_rnn_ops.cc,"(1837, 3)-(1837, 54)","b'using CudnnRNNForwardOp<GPUDevice, T>::is_tra...'"
kernels,../repos/tensorflow/tensorflow/core/kernels/cudnn_rnn_ops.cc,"(1838, 3)-(1838, 51)",b'using CudnnRNNKernelCommon::CreateRnnDescriptor;'
kernels,../repos/tensorflow/tensorflow/core/kernels/cudnn_rnn_ops.cc,"(1839, 3)-(1839, 39)",b'using CudnnRNNKernelCommon::dropout;'
kernels,../repos/tensorflow/tensorflow/core/kernels/cudnn_rnn_ops.cc,"(1840, 3)-(1840, 41)",b'using CudnnRNNKernelCommon::HasInputC;'
kernels,../repos/tensorflow/tensorflow/core/kernels/cudnn_rnn_ops.cc,"(1841, 3)-(1841, 43)",b'using CudnnRNNKernelCommon::model_types;'
kernels,../repos/tensorflow/tensorflow/core/kernels/cudnn_rnn_ops.cc,"(2038, 3)-(2038, 54)","b'using CudnnRNNForwardOp<GPUDevice, T>::is_tra...'"
kernels,../repos/tensorflow/tensorflow/core/kernels/cudnn_rnn_ops.cc,"(2039, 3)-(2039, 51)",b'using CudnnRNNKernelCommon::CreateRnnDescriptor;'
kernels,../repos/tensorflow/tensorflow/core/kernels/cudnn_rnn_ops.cc,"(2040, 3)-(2040, 39)",b'using CudnnRNNKernelCommon::dropout;'
kernels,../repos/tensorflow/tensorflow/core/kernels/cudnn_rnn_ops.cc,"(2041, 3)-(2041, 41)",b'using CudnnRNNKernelCommon::HasInputC;'
kernels,../repos/tensorflow/tensorflow/core/kernels/cudnn_rnn_ops.cc,"(2042, 3)-(2042, 43)",b'using CudnnRNNKernelCommon::model_types;'
kernels,../repos/tensorflow/tensorflow/core/kernels/conv_grad_input_ops_3d.cc,"(53, 1)-(53, 38)",b'using stream_executor::dnn::DimIndex;'
kernels,../repos/tensorflow/tensorflow/core/kernels/conv_grad_input_ops_3d.cc,"(946, 3)-(946, 34)",b'using se::dnn::AlgorithmConfig;'
kernels,../repos/tensorflow/tensorflow/core/kernels/conv_grad_input_ops_3d.cc,"(947, 3)-(947, 32)",b'using se::dnn::AlgorithmDesc;'
kernels,../repos/tensorflow/tensorflow/core/kernels/conv_grad_input_ops_3d.cc,"(948, 3)-(948, 32)",b'using se::dnn::ProfileResult;'
kernels,../repos/tensorflow/tensorflow/core/kernels/scan_ops_gpu_double.cu.cc,"(24, 1)-(24, 24)",b'using Eigen::GpuDevice;'
kernels,../repos/tensorflow/tensorflow/core/kernels/ragged_gather_op.cc,"(57, 3)-(57, 28)",b'using OpKernel::OpKernel;'
kernels,../repos/tensorflow/tensorflow/core/kernels/ragged_gather_op.cc,"(274, 3)-(274, 73)","b'using RaggedGatherOpBase<INDEX_TYPE, SPLITS_T...'"
kernels,../repos/tensorflow/tensorflow/core/kernels/deserialize_sparse_string_op.cc,"(42, 1)-(42, 28)",b'using sparse::SparseTensor;'
kernels,../repos/tensorflow/tensorflow/core/kernels/depthwise_conv_op_gpu.h,"(56, 1)-(56, 24)",b'using Eigen::GpuDevice;'
kernels,../repos/tensorflow/tensorflow/core/kernels/lookup_table_op.cc,"(907, 3)-(907, 50)",b'using LookupTableOpKernel::LookupTableOpKernel;'
kernels,../repos/tensorflow/tensorflow/core/kernels/lookup_table_op.cc,"(941, 3)-(941, 50)",b'using LookupTableOpKernel::LookupTableOpKernel;'
kernels,../repos/tensorflow/tensorflow/core/kernels/lookup_table_op.cc,"(976, 3)-(976, 50)",b'using LookupTableOpKernel::LookupTableOpKernel;'
kernels,../repos/tensorflow/tensorflow/core/kernels/lookup_table_op.cc,"(1007, 3)-(1007, 50)",b'using LookupTableOpKernel::LookupTableOpKernel;'
kernels,../repos/tensorflow/tensorflow/core/kernels/lookup_table_op.cc,"(1028, 3)-(1028, 50)",b'using LookupTableOpKernel::LookupTableOpKernel;'
kernels,../repos/tensorflow/tensorflow/core/kernels/lookup_table_op.cc,"(1047, 3)-(1047, 50)",b'using LookupTableOpKernel::LookupTableOpKernel;'
kernels,../repos/tensorflow/tensorflow/core/kernels/as_string_op.cc,"(36, 3)-(36, 28)",b'using OpKernel::OpKernel;'
kernels,../repos/tensorflow/tensorflow/core/kernels/string_ngrams_op_test.cc,"(32, 1)-(32, 29)",b'using tensorflow::FakeInput;'
kernels,../repos/tensorflow/tensorflow/core/kernels/string_ngrams_op_test.cc,"(33, 1)-(33, 34)",b'using tensorflow::NodeDefBuilder;'
kernels,../repos/tensorflow/tensorflow/core/kernels/string_ngrams_op_test.cc,"(34, 1)-(34, 26)",b'using tensorflow::Status;'
kernels,../repos/tensorflow/tensorflow/core/kernels/string_ngrams_op_test.cc,"(35, 1)-(35, 31)",b'using tensorflow::TensorShape;'
kernels,../repos/tensorflow/tensorflow/core/kernels/decode_proto_op.cc,"(50, 1)-(50, 42)",b'using ::tensorflow::protobuf::Descriptor;'
kernels,../repos/tensorflow/tensorflow/core/kernels/decode_proto_op.cc,"(51, 1)-(51, 46)",b'using ::tensorflow::protobuf::DescriptorPool;'
kernels,../repos/tensorflow/tensorflow/core/kernels/decode_proto_op.cc,"(52, 1)-(52, 53)",b'using ::tensorflow::protobuf::DynamicMessageF...'
kernels,../repos/tensorflow/tensorflow/core/kernels/decode_proto_op.cc,"(53, 1)-(53, 47)",b'using ::tensorflow::protobuf::FieldDescriptor;'
kernels,../repos/tensorflow/tensorflow/core/kernels/decode_proto_op.cc,"(54, 1)-(54, 39)",b'using ::tensorflow::protobuf::Message;'
kernels,../repos/tensorflow/tensorflow/core/kernels/decode_proto_op.cc,"(55, 1)-(55, 42)",b'using ::tensorflow::protobuf::TextFormat;'
kernels,../repos/tensorflow/tensorflow/core/kernels/decode_proto_op.cc,"(56, 1)-(56, 56)",b'using ::tensorflow::protobuf::internal::WireF...'
kernels,../repos/tensorflow/tensorflow/core/kernels/decode_proto_op.cc,"(57, 1)-(57, 52)",b'using ::tensorflow::protobuf::io::CodedInputS...'
kernels,../repos/tensorflow/tensorflow/core/kernels/sparse_slice_op_gpu.cu.cc,"(37, 1)-(37, 60)",b'using stream_executor::cuda::ScopedActivateEx...'
kernels,../repos/tensorflow/tensorflow/core/kernels/sparse_slice_op_gpu.cu.cc,"(40, 1)-(40, 60)",b'using stream_executor::rocm::ScopedActivateEx...'
kernels,../repos/tensorflow/tensorflow/core/kernels/conv_grad_filter_ops_3d.cc,"(53, 1)-(53, 38)",b'using stream_executor::dnn::DimIndex;'
kernels,../repos/tensorflow/tensorflow/core/kernels/conv_grad_filter_ops_3d.cc,"(949, 3)-(949, 34)",b'using se::dnn::AlgorithmConfig;'
kernels,../repos/tensorflow/tensorflow/core/kernels/conv_grad_filter_ops_3d.cc,"(950, 3)-(950, 32)",b'using se::dnn::AlgorithmDesc;'
kernels,../repos/tensorflow/tensorflow/core/kernels/conv_grad_filter_ops_3d.cc,"(951, 3)-(951, 32)",b'using se::dnn::ProfileResult;'
kernels,../repos/tensorflow/tensorflow/core/kernels/depthwise_conv_op_gpu_half.cu.cc,"(23, 1)-(23, 24)",b'using Eigen::GpuDevice;'
kernels,../repos/tensorflow/tensorflow/core/kernels/ragged_tensor_to_variant_op.cc,"(250, 3)-(250, 28)",b'using OpKernel::OpKernel;'
kernels,../repos/tensorflow/tensorflow/core/kernels/conv_ops_3d.cc,"(50, 1)-(50, 38)",b'using stream_executor::dnn::DimIndex;'
kernels,../repos/tensorflow/tensorflow/core/kernels/cast_op_test.cc,"(32, 1)-(32, 19)",b'using Eigen::half;'
kernels,../repos/tensorflow/tensorflow/core/kernels/image/sample_distorted_bounding_box_op.cc,"(30, 1)-(30, 40)",b'using tensorflow::random::SimplePhilox;'
kernels,../repos/tensorflow/tensorflow/core/kernels/image/crop_and_resize_op.cc,"(46, 1)-(46, 60)",b'using stream_executor::cuda::ScopedActivateEx...'
kernels,../repos/tensorflow/tensorflow/core/kernels/image/crop_and_resize_op.cc,"(49, 1)-(49, 60)",b'using stream_executor::rocm::ScopedActivateEx...'
kernels,../repos/tensorflow/tensorflow/core/kernels/image/scale_and_translate_op.cc,"(37, 1)-(37, 23)",b'using strings::Printf;'
kernels,../repos/tensorflow/tensorflow/core/kernels/image/image_ops.cc,"(48, 1)-(48, 40)",b'using functor::FillProjectiveTransform;'
kernels,../repos/tensorflow/tensorflow/core/kernels/image/image_ops.cc,"(49, 1)-(49, 32)",b'using generator::Interpolation;'
kernels,../repos/tensorflow/tensorflow/core/kernels/image/image_ops.cc,"(50, 1)-(50, 23)",b'using generator::Mode;'
kernels,../repos/tensorflow/tensorflow/core/kernels/image/scale_and_translate_op_test.cc,"(35, 1)-(35, 23)",b'using Eigen::Vector2f;'
kernels,../repos/tensorflow/tensorflow/core/kernels/image/image_ops.h,"(35, 1)-(35, 20)",b'using Eigen::array;'
kernels,../repos/tensorflow/tensorflow/core/kernels/image/image_ops.h,"(36, 1)-(36, 25)",b'using Eigen::DenseIndex;'
kernels,../repos/tensorflow/tensorflow/core/kernels/image/image_ops.h,"(231, 1)-(231, 32)",b'using generator::Interpolation;'
kernels,../repos/tensorflow/tensorflow/core/kernels/image/image_ops.h,"(232, 1)-(232, 23)",b'using generator::Mode;'
kernels,../repos/tensorflow/tensorflow/core/kernels/image/image_ops.h,"(233, 1)-(233, 38)",b'using generator::ProjectiveGenerator;'
kernels,../repos/tensorflow/tensorflow/core/kernels/image/resize_bilinear_op_test.cc,"(568, 3)-(568, 43)",b'using ResizeBilinearOpTest::RunOpKernel;'
kernels,../repos/tensorflow/tensorflow/core/kernels/topk_op_gpu_int16.cu.cc,"(23, 1)-(23, 24)",b'using Eigen::GpuDevice;'
kernels,../repos/tensorflow/tensorflow/core/kernels/tensor_flag_utils_test.cc,"(26, 1)-(26, 17)",b'using ::int64_t;'
kernels,../repos/tensorflow/tensorflow/core/kernels/tensor_flag_utils_test.cc,"(27, 1)-(27, 28)",b'using tensorflow::DataType;'
kernels,../repos/tensorflow/tensorflow/core/kernels/tensor_flag_utils_test.cc,"(28, 1)-(28, 25)",b'using tensorflow::int32;'
kernels,../repos/tensorflow/tensorflow/core/kernels/tensor_flag_utils_test.cc,"(29, 1)-(29, 26)",b'using tensorflow::Tensor;'
kernels,../repos/tensorflow/tensorflow/core/kernels/tensor_flag_utils_test.cc,"(30, 1)-(30, 26)",b'using tensorflow::TTypes;'
kernels,../repos/tensorflow/tensorflow/core/kernels/tensor_flag_utils_test.cc,"(31, 1)-(31, 43)",b'using tensorflow::error::INVALID_ARGUMENT;'
kernels,../repos/tensorflow/tensorflow/core/kernels/tensor_flag_utils_test.cc,"(32, 1)-(32, 60)",b'using tensorflow::tensor_flag_utils::FindConf...'
kernels,../repos/tensorflow/tensorflow/core/kernels/tensor_flag_utils_test.cc,"(33, 1)-(33, 54)",b'using tensorflow::tensor_flag_utils::GetLinea...'
kernels,../repos/tensorflow/tensorflow/core/kernels/tensor_flag_utils_test.cc,"(34, 1)-(34, 53)",b'using tensorflow::tensor_flag_utils::GetPower...'
kernels,../repos/tensorflow/tensorflow/core/kernels/tensor_flag_utils_test.cc,"(35, 1)-(35, 75)",b'using tensorflow::tensor_flag_utils::Validate...'
kernels,../repos/tensorflow/tensorflow/core/kernels/tensor_flag_utils_test.cc,"(36, 1)-(36, 73)",b'using tensorflow::tensor_flag_utils::Validate...'
kernels,../repos/tensorflow/tensorflow/core/kernels/stochastic_cast_op_test.cc,"(130, 1)-(130, 19)",b'using Eigen::half;'
kernels,../repos/tensorflow/tensorflow/core/kernels/stochastic_cast_op_test.cc,"(131, 1)-(131, 40)",b'using tensorflow::random::PhiloxRandom;'
kernels,../repos/tensorflow/tensorflow/core/kernels/scan_ops_gpu_int.cu.cc,"(24, 1)-(24, 24)",b'using Eigen::GpuDevice;'
kernels,../repos/tensorflow/tensorflow/core/kernels/bincount_op.cc,"(36, 1)-(36, 26)",b'using thread::ThreadPool;'
kernels,../repos/tensorflow/tensorflow/core/kernels/stateful_random_ops.h,"(32, 1)-(32, 28)",b'using random::PhiloxRandom;'
kernels,../repos/tensorflow/tensorflow/core/kernels/stateless_random_gamma_op_gpu.cu.cc,"(55, 3)-(55, 28)",b'using Eigen::numext::exp;'
kernels,../repos/tensorflow/tensorflow/core/kernels/stateless_random_gamma_op_gpu.cu.cc,"(56, 3)-(56, 28)",b'using Eigen::numext::log;'
kernels,../repos/tensorflow/tensorflow/core/kernels/stateless_random_gamma_op_gpu.cu.cc,"(57, 3)-(57, 30)",b'using Eigen::numext::log1p;'
kernels,../repos/tensorflow/tensorflow/core/kernels/stateless_random_gamma_op_gpu.cu.cc,"(58, 3)-(58, 28)",b'using Eigen::numext::pow;'
kernels,../repos/tensorflow/tensorflow/core/kernels/conv_grad_input_ops.cc,"(81, 3)-(81, 34)",b'using se::dnn::AlgorithmConfig;'
kernels,../repos/tensorflow/tensorflow/core/kernels/conv_grad_input_ops.cc,"(82, 3)-(82, 32)",b'using se::dnn::AlgorithmDesc;'
kernels,../repos/tensorflow/tensorflow/core/kernels/conv_grad_input_ops.cc,"(83, 3)-(83, 32)",b'using se::dnn::ProfileResult;'
kernels,../repos/tensorflow/tensorflow/core/kernels/tile_functor_gpu_complex128.cu.cc,"(24, 1)-(24, 24)",b'using Eigen::GpuDevice;'
kernels,../repos/tensorflow/tensorflow/core/kernels/matmul_util.cc,"(90, 3)-(90, 35)",b'using se::blas::ComputationType;'
kernels,../repos/tensorflow/tensorflow/core/kernels/shuffle_common.h,"(45, 5)-(45, 26)",b'using std::iter_swap;'
kernels,../repos/tensorflow/tensorflow/core/kernels/dynamic_partition_op_gpu.cu.cc,"(53, 1)-(53, 60)",b'using stream_executor::cuda::ScopedActivateEx...'
kernels,../repos/tensorflow/tensorflow/core/kernels/dynamic_partition_op_gpu.cu.cc,"(56, 1)-(56, 60)",b'using stream_executor::rocm::ScopedActivateEx...'
kernels,../repos/tensorflow/tensorflow/core/kernels/parse_tensor_op.cc,"(78, 3)-(78, 28)",b'using OpKernel::OpKernel;'
kernels,../repos/tensorflow/tensorflow/core/kernels/spectrogram.cc,"(25, 1)-(25, 20)",b'using std::complex;'
kernels,../repos/tensorflow/tensorflow/core/kernels/depthwise_conv_op_gpu_float.cu.cc,"(23, 1)-(23, 24)",b'using Eigen::GpuDevice;'
kernels,../repos/tensorflow/tensorflow/core/kernels/topk_op_gpu_uint32.cu.cc,"(23, 1)-(23, 24)",b'using Eigen::GpuDevice;'
kernels,../repos/tensorflow/tensorflow/core/kernels/reduce_join_op.cc,"(117, 3)-(117, 28)",b'using OpKernel::OpKernel;'
kernels,../repos/tensorflow/tensorflow/core/kernels/mkl/mkl_conv_grad_input_ops.cc,"(37, 1)-(37, 39)",b'using dnnl::convolution_backward_data;'
kernels,../repos/tensorflow/tensorflow/core/kernels/mkl/mkl_conv_grad_input_ops.cc,"(38, 1)-(38, 23)",b'using dnnl::prop_kind;'
kernels,../repos/tensorflow/tensorflow/core/kernels/mkl/mkl_conv_grad_input_ops.cc,"(39, 1)-(39, 20)",b'using dnnl::stream;'
kernels,../repos/tensorflow/tensorflow/core/kernels/mkl/mkl_relu_op.cc,"(36, 1)-(36, 23)",b'using dnnl::algorithm;'
kernels,../repos/tensorflow/tensorflow/core/kernels/mkl/mkl_relu_op.cc,"(37, 1)-(37, 29)",b'using dnnl::eltwise_forward;'
kernels,../repos/tensorflow/tensorflow/core/kernels/mkl/mkl_relu_op.cc,"(38, 1)-(38, 20)",b'using dnnl::memory;'
kernels,../repos/tensorflow/tensorflow/core/kernels/mkl/mkl_relu_op.cc,"(39, 1)-(39, 23)",b'using dnnl::prop_kind;'
kernels,../repos/tensorflow/tensorflow/core/kernels/mkl/mkl_relu_op.cc,"(40, 1)-(40, 20)",b'using dnnl::stream;'
kernels,../repos/tensorflow/tensorflow/core/kernels/mkl/mkl_matmul_ops_common.h,"(36, 1)-(36, 35)",b'using dnnl::inner_product_forward;'
kernels,../repos/tensorflow/tensorflow/core/kernels/mkl/mkl_matmul_ops_common.h,"(37, 1)-(37, 28)",b'using dnnl::primitive_attr;'
kernels,../repos/tensorflow/tensorflow/core/kernels/mkl/mkl_matmul_ops_common.h,"(38, 1)-(38, 23)",b'using dnnl::prop_kind;'
kernels,../repos/tensorflow/tensorflow/core/kernels/mkl/mkl_matmul_ops_common.h,"(39, 1)-(39, 20)",b'using dnnl::stream;'
kernels,../repos/tensorflow/tensorflow/core/kernels/mkl/mkl_matmul_ops_common.h,"(767, 1)-(767, 20)",b'using dnnl::matmul;'
kernels,../repos/tensorflow/tensorflow/core/kernels/mkl/mkl_concat_op.cc,"(39, 1)-(39, 20)",b'using dnnl::concat;'
kernels,../repos/tensorflow/tensorflow/core/kernels/mkl/mkl_concat_op.cc,"(40, 1)-(40, 20)",b'using dnnl::stream;'
kernels,../repos/tensorflow/tensorflow/core/kernels/mkl/mkl_pooling_ops_common.cc,"(36, 1)-(36, 23)",b'using dnnl::prop_kind;'
kernels,../repos/tensorflow/tensorflow/core/kernels/mkl/mkl_kernel_util.h,"(26, 1)-(26, 20)",b'using dnnl::memory;'
kernels,../repos/tensorflow/tensorflow/core/kernels/mkl/mkl_kernel_util.h,"(28, 1)-(28, 20)",b'using dnnl::memory;'
kernels,../repos/tensorflow/tensorflow/core/kernels/mkl/mkl_dequantize_op.cc,"(31, 1)-(31, 28)",b'using dnnl::primitive_attr;'
kernels,../repos/tensorflow/tensorflow/core/kernels/mkl/mkl_dequantize_op.cc,"(32, 1)-(32, 20)",b'using dnnl::stream;'
kernels,../repos/tensorflow/tensorflow/core/kernels/mkl/mkl_conv_ops.cc,"(34, 1)-(34, 33)",b'using dnnl::convolution_forward;'
kernels,../repos/tensorflow/tensorflow/core/kernels/mkl/mkl_conv_ops.cc,"(35, 1)-(35, 23)",b'using dnnl::prop_kind;'
kernels,../repos/tensorflow/tensorflow/core/kernels/mkl/mkl_conv_ops.cc,"(36, 1)-(36, 20)",b'using dnnl::stream;'
kernels,../repos/tensorflow/tensorflow/core/kernels/mkl/mkl_fused_instance_norm_op.cc,"(27, 1)-(27, 22)",b'using namespace dnnl;'
kernels,../repos/tensorflow/tensorflow/core/kernels/mkl/mkl_fused_instance_norm_op.cc,"(28, 1)-(28, 41)",b'using dnnl::batch_normalization_forward;'
kernels,../repos/tensorflow/tensorflow/core/kernels/mkl/mkl_fused_instance_norm_op.cc,"(29, 1)-(29, 23)",b'using dnnl::prop_kind;'
kernels,../repos/tensorflow/tensorflow/core/kernels/mkl/mkl_fused_instance_norm_op.cc,"(30, 1)-(30, 20)",b'using dnnl::stream;'
kernels,../repos/tensorflow/tensorflow/core/kernels/mkl/mkl_conv_grad_filter_ops.cc,"(30, 1)-(30, 42)",b'using dnnl::convolution_backward_weights;'
kernels,../repos/tensorflow/tensorflow/core/kernels/mkl/mkl_conv_grad_filter_ops.cc,"(31, 1)-(31, 20)",b'using dnnl::memory;'
kernels,../repos/tensorflow/tensorflow/core/kernels/mkl/mkl_conv_grad_filter_ops.cc,"(32, 1)-(32, 23)",b'using dnnl::prop_kind;'
kernels,../repos/tensorflow/tensorflow/core/kernels/mkl/mkl_conv_grad_filter_ops.cc,"(33, 1)-(33, 20)",b'using dnnl::stream;'
kernels,../repos/tensorflow/tensorflow/core/kernels/mkl/mkl_avgpooling_op.cc,"(25, 1)-(25, 23)",b'using dnnl::algorithm;'
kernels,../repos/tensorflow/tensorflow/core/kernels/mkl/mkl_avgpooling_op.cc,"(26, 1)-(26, 20)",b'using dnnl::engine;'
kernels,../repos/tensorflow/tensorflow/core/kernels/mkl/mkl_avgpooling_op.cc,"(27, 1)-(27, 19)",b'using dnnl::error;'
kernels,../repos/tensorflow/tensorflow/core/kernels/mkl/mkl_avgpooling_op.cc,"(28, 1)-(28, 20)",b'using dnnl::memory;'
kernels,../repos/tensorflow/tensorflow/core/kernels/mkl/mkl_avgpooling_op.cc,"(29, 1)-(29, 30)",b'using dnnl::pooling_backward;'
kernels,../repos/tensorflow/tensorflow/core/kernels/mkl/mkl_avgpooling_op.cc,"(30, 1)-(30, 29)",b'using dnnl::pooling_forward;'
kernels,../repos/tensorflow/tensorflow/core/kernels/mkl/mkl_avgpooling_op.cc,"(31, 1)-(31, 23)",b'using dnnl::prop_kind;'
kernels,../repos/tensorflow/tensorflow/core/kernels/mkl/mkl_eltwise_activation_base_op.h,"(37, 1)-(37, 23)",b'using dnnl::algorithm;'
kernels,../repos/tensorflow/tensorflow/core/kernels/mkl/mkl_eltwise_activation_base_op.h,"(38, 1)-(38, 29)",b'using dnnl::eltwise_forward;'
kernels,../repos/tensorflow/tensorflow/core/kernels/mkl/mkl_eltwise_activation_base_op.h,"(39, 1)-(39, 20)",b'using dnnl::memory;'
kernels,../repos/tensorflow/tensorflow/core/kernels/mkl/mkl_eltwise_activation_base_op.h,"(40, 1)-(40, 23)",b'using dnnl::prop_kind;'
kernels,../repos/tensorflow/tensorflow/core/kernels/mkl/mkl_eltwise_activation_base_op.h,"(41, 1)-(41, 20)",b'using dnnl::stream;'
kernels,../repos/tensorflow/tensorflow/core/kernels/mkl/mkl_pooling_ops_common.h,"(44, 1)-(44, 30)",b'using dnnl::pooling_backward;'
kernels,../repos/tensorflow/tensorflow/core/kernels/mkl/mkl_pooling_ops_common.h,"(45, 1)-(45, 29)",b'using dnnl::pooling_forward;'
kernels,../repos/tensorflow/tensorflow/core/kernels/mkl/mkl_pooling_ops_common.h,"(46, 1)-(46, 23)",b'using dnnl::prop_kind;'
kernels,../repos/tensorflow/tensorflow/core/kernels/mkl/mkl_pooling_ops_common.h,"(47, 1)-(47, 20)",b'using dnnl::stream;'
kernels,../repos/tensorflow/tensorflow/core/kernels/mkl/mkl_maxpooling_op.cc,"(25, 1)-(25, 23)",b'using dnnl::algorithm;'
kernels,../repos/tensorflow/tensorflow/core/kernels/mkl/mkl_maxpooling_op.cc,"(26, 1)-(26, 20)",b'using dnnl::engine;'
kernels,../repos/tensorflow/tensorflow/core/kernels/mkl/mkl_maxpooling_op.cc,"(27, 1)-(27, 19)",b'using dnnl::error;'
kernels,../repos/tensorflow/tensorflow/core/kernels/mkl/mkl_maxpooling_op.cc,"(28, 1)-(28, 20)",b'using dnnl::memory;'
kernels,../repos/tensorflow/tensorflow/core/kernels/mkl/mkl_maxpooling_op.cc,"(29, 1)-(29, 30)",b'using dnnl::pooling_backward;'
kernels,../repos/tensorflow/tensorflow/core/kernels/mkl/mkl_maxpooling_op.cc,"(30, 1)-(30, 29)",b'using dnnl::pooling_forward;'
kernels,../repos/tensorflow/tensorflow/core/kernels/mkl/mkl_maxpooling_op.cc,"(31, 1)-(31, 23)",b'using dnnl::prop_kind;'
kernels,../repos/tensorflow/tensorflow/core/kernels/mkl/mkl_fused_batch_norm_op.cc,"(34, 1)-(34, 42)",b'using dnnl::batch_normalization_backward;'
kernels,../repos/tensorflow/tensorflow/core/kernels/mkl/mkl_fused_batch_norm_op.cc,"(35, 1)-(35, 41)",b'using dnnl::batch_normalization_forward;'
kernels,../repos/tensorflow/tensorflow/core/kernels/mkl/mkl_fused_batch_norm_op.cc,"(36, 1)-(36, 23)",b'using dnnl::prop_kind;'
kernels,../repos/tensorflow/tensorflow/core/kernels/mkl/mkl_fused_batch_norm_op.cc,"(37, 1)-(37, 20)",b'using dnnl::stream;'
kernels,../repos/tensorflow/tensorflow/core/kernels/mkl/mkl_softmax_op.cc,"(34, 1)-(34, 23)",b'using dnnl::prop_kind;'
kernels,../repos/tensorflow/tensorflow/core/kernels/mkl/mkl_softmax_op.cc,"(35, 1)-(35, 29)",b'using dnnl::softmax_forward;'
kernels,../repos/tensorflow/tensorflow/core/kernels/mkl/mkl_softmax_op.cc,"(36, 1)-(36, 20)",b'using dnnl::stream;'
kernels,../repos/tensorflow/tensorflow/core/kernels/mkl/mkl_quantize_op.cc,"(32, 1)-(32, 28)",b'using dnnl::primitive_attr;'
kernels,../repos/tensorflow/tensorflow/core/kernels/mkl/mkl_quantize_op.cc,"(33, 1)-(33, 23)",b'using dnnl::prop_kind;'
kernels,../repos/tensorflow/tensorflow/core/kernels/mkl/mkl_quantize_op.cc,"(34, 1)-(34, 21)",b'using dnnl::reorder;'
kernels,../repos/tensorflow/tensorflow/core/kernels/mkl/mkl_quantize_op.cc,"(35, 1)-(35, 20)",b'using dnnl::stream;'
kernels,../repos/tensorflow/tensorflow/core/kernels/mkl/mkl_layer_norm_op.cc,"(28, 1)-(28, 41)",b'using dnnl::layer_normalization_forward;'
kernels,../repos/tensorflow/tensorflow/core/kernels/mkl/mkl_layer_norm_op.cc,"(29, 1)-(29, 33)",b'using dnnl::normalization_flags;'
kernels,../repos/tensorflow/tensorflow/core/kernels/mkl/mkl_layer_norm_op.cc,"(30, 1)-(30, 23)",b'using dnnl::prop_kind;'
kernels,../repos/tensorflow/tensorflow/core/kernels/mkl/mkl_transpose_op.cc,"(28, 1)-(28, 20)",b'using dnnl::stream;'
kernels,../repos/tensorflow/tensorflow/core/kernels/mkl/mkl_conv_ops.h,"(45, 1)-(45, 33)",b'using dnnl::convolution_forward;'
kernels,../repos/tensorflow/tensorflow/core/kernels/mkl/mkl_conv_ops.h,"(46, 1)-(46, 23)",b'using dnnl::prop_kind;'
kernels,../repos/tensorflow/tensorflow/core/kernels/mkl/mkl_conv_ops.h,"(47, 1)-(47, 20)",b'using dnnl::stream;'
kernels,../repos/tensorflow/tensorflow/core/kernels/mkl/mkl_quantized_concat_op_test.cc,"(44, 1)-(44, 29)",b'using test::graph::Constant;'
kernels,../repos/tensorflow/tensorflow/core/kernels/whole_file_read_ops.cc,"(102, 3)-(102, 28)",b'using OpKernel::OpKernel;'
kernels,../repos/tensorflow/tensorflow/core/kernels/whole_file_read_ops.cc,"(124, 3)-(124, 28)",b'using OpKernel::OpKernel;'
kernels,../repos/tensorflow/tensorflow/core/kernels/tile_functor_gpu_float.cu.cc,"(24, 1)-(24, 24)",b'using Eigen::GpuDevice;'
kernels,../repos/tensorflow/tensorflow/core/kernels/tile_functor_gpu_complex64.cu.cc,"(24, 1)-(24, 24)",b'using Eigen::GpuDevice;'
kernels,../repos/tensorflow/tensorflow/core/kernels/base64_ops.cc,"(56, 3)-(56, 28)",b'using OpKernel::OpKernel;'
kernels,../repos/tensorflow/tensorflow/core/kernels/queue_op.h,"(51, 3)-(51, 26)",b'using QueueOp::QueueOp;'
kernels,../repos/tensorflow/tensorflow/core/kernels/training_ops_gpu.cu.cc,"(383, 1)-(383, 40)",b'using kernel_forward::wrap_kernel_call;'
kernels,../repos/tensorflow/tensorflow/core/kernels/sparse_reduce_op.cc,"(32, 1)-(32, 40)",b'using tensorflow::sparse::SparseTensor;'
kernels,../repos/tensorflow/tensorflow/core/kernels/sparse_reduce_op.cc,"(33, 1)-(33, 35)",b'using tensorflow::gtl::ArraySlice;'
kernels,../repos/tensorflow/tensorflow/core/kernels/sparse_split_op_gpu.cu.cc,"(34, 1)-(34, 60)",b'using stream_executor::cuda::ScopedActivateEx...'
kernels,../repos/tensorflow/tensorflow/core/kernels/sparse_split_op_gpu.cu.cc,"(37, 1)-(37, 60)",b'using stream_executor::rocm::ScopedActivateEx...'
kernels,../repos/tensorflow/tensorflow/core/kernels/random_op_gpu.h,"(183, 3)-(183, 30)",b'using random::PhiloxRandom;'
kernels,../repos/tensorflow/tensorflow/core/kernels/random_op_gpu.h,"(184, 3)-(184, 37)",b'using random::SingleSampleAdapter;'
kernels,../repos/tensorflow/tensorflow/core/kernels/encode_proto_op.cc,"(39, 1)-(39, 42)",b'using ::tensorflow::protobuf::Descriptor;'
kernels,../repos/tensorflow/tensorflow/core/kernels/encode_proto_op.cc,"(40, 1)-(40, 46)",b'using ::tensorflow::protobuf::DescriptorPool;'
kernels,../repos/tensorflow/tensorflow/core/kernels/encode_proto_op.cc,"(41, 1)-(41, 47)",b'using ::tensorflow::protobuf::FieldDescriptor;'
kernels,../repos/tensorflow/tensorflow/core/kernels/encode_proto_op.cc,"(42, 1)-(42, 56)",b'using ::tensorflow::protobuf::internal::WireF...'
kernels,../repos/tensorflow/tensorflow/core/kernels/encode_proto_op.cc,"(43, 1)-(43, 53)",b'using ::tensorflow::protobuf::io::CodedOutput...'
kernels,../repos/tensorflow/tensorflow/core/kernels/encode_proto_op.cc,"(44, 1)-(44, 54)",b'using ::tensorflow::protobuf::io::StringOutpu...'
kernels,../repos/tensorflow/tensorflow/core/kernels/training_ops.cc,"(668, 11)-(668, 36)",b'using Eigen::numext::pow;'
kernels,../repos/tensorflow/tensorflow/core/kernels/stateless_random_gamma_op.cc,"(83, 7)-(83, 32)",b'using Eigen::numext::exp;'
kernels,../repos/tensorflow/tensorflow/core/kernels/stateless_random_gamma_op.cc,"(84, 7)-(84, 32)",b'using Eigen::numext::log;'
kernels,../repos/tensorflow/tensorflow/core/kernels/stateless_random_gamma_op.cc,"(85, 7)-(85, 34)",b'using Eigen::numext::log1p;'
kernels,../repos/tensorflow/tensorflow/core/kernels/stateless_random_gamma_op.cc,"(86, 7)-(86, 32)",b'using Eigen::numext::pow;'
kernels,../repos/tensorflow/tensorflow/core/kernels/topk_op_gpu_uint16.cu.cc,"(23, 1)-(23, 24)",b'using Eigen::GpuDevice;'
kernels,../repos/tensorflow/tensorflow/core/kernels/random_op_cpu.h,"(54, 1)-(54, 28)",b'using random::PhiloxRandom;'
kernels,../repos/tensorflow/tensorflow/core/kernels/random_op_cpu.h,"(55, 1)-(55, 35)",b'using random::SingleSampleAdapter;'
kernels,../repos/tensorflow/tensorflow/core/kernels/scan_ops_gpu_bfloat16.cu.cc,"(24, 1)-(24, 24)",b'using Eigen::GpuDevice;'
kernels,../repos/tensorflow/tensorflow/core/kernels/stateless_random_ops_v2.cc,"(78, 3)-(79, 43)",b'using StatelessRandomOpBaseWithKeyCounter::\n ...'
kernels,../repos/tensorflow/tensorflow/core/kernels/stateless_random_ops_v2.cc,"(92, 3)-(93, 43)",b'using StatelessRandomOpBaseWithKeyCounter::\n ...'
kernels,../repos/tensorflow/tensorflow/core/kernels/stateless_random_ops_v2.cc,"(128, 3)-(129, 43)",b'using StatelessRandomOpBaseWithKeyCounter::\n ...'
kernels,../repos/tensorflow/tensorflow/core/kernels/random_poisson_op.cc,"(185, 9)-(185, 34)",b'using Eigen::numext::log;'
kernels,../repos/tensorflow/tensorflow/core/kernels/sparse_utils_test.cc,"(40, 1)-(40, 39)",b'using ::tensorflow::testing::StatusIs;'
kernels,../repos/tensorflow/tensorflow/core/kernels/sparse_utils_test.cc,"(41, 1)-(41, 31)",b'using ::testing::MatchesRegex;'
kernels,../repos/tensorflow/tensorflow/core/kernels/cwise_ops_test.cc,"(251, 1)-(251, 19)",b'using Eigen::half;'
kernels,../repos/tensorflow/tensorflow/core/kernels/cwise_ops_test.cc,"(311, 1)-(311, 19)",b'using Eigen::half;'
kernels,../repos/tensorflow/tensorflow/core/kernels/batching_util/batch_resource_base_test.cc,"(37, 1)-(37, 23)",b'using ::testing::Pair;'
kernels,../repos/tensorflow/tensorflow/core/kernels/batching_util/batch_resource_base_test.cc,"(38, 1)-(38, 39)",b'using ::testing::UnorderedElementsAre;'
kernels,../repos/tensorflow/tensorflow/core/kernels/batching_util/batch_resource_base_test.cc,"(42, 3)-(42, 42)",b'using CostMeasurement::CostMeasurement;'
kernels,../repos/tensorflow/tensorflow/core/kernels/batching_util/batch_resource_base_test.cc,"(51, 3)-(51, 42)",b'using CostMeasurement::CostMeasurement;'
kernels,../repos/tensorflow/tensorflow/core/kernels/batching_util/batch_resource_base.cc,"(284, 1)-(284, 47)",b'using ::tensorflow::concat_split_util::Concat;'
kernels,../repos/tensorflow/tensorflow/core/kernels/batching_util/batch_resource_base.cc,"(285, 1)-(285, 46)",b'using ::tensorflow::concat_split_util::Split;'
kernels,../repos/tensorflow/tensorflow/core/kernels/batching_util/periodic_function_test.cc,"(44, 1)-(44, 31)",b'using test_util::FakeClockEnv;'
kernels,../repos/tensorflow/tensorflow/core/kernels/batching_util/shared_batch_scheduler_test.cc,"(43, 1)-(43, 28)",b'using ::testing::HasSubstr;'
kernels,../repos/tensorflow/tensorflow/core/kernels/batching_util/basic_batch_scheduler_benchmark_test.cc,"(32, 1)-(32, 42)",b'using ::tensorflow::histogram::Histogram;'
kernels,../repos/tensorflow/tensorflow/core/kernels/uniform_quant_ops/uniform_quantized_clip_by_value_op.cc,"(26, 1)-(26, 31)",b'using errors::InvalidArgument;'
kernels,../repos/tensorflow/tensorflow/core/kernels/uniform_quant_ops/uniform_quantized_dot_ops.cc,"(23, 1)-(23, 43)",b'using tensorflow::errors::InvalidArgument;'
kernels,../repos/tensorflow/tensorflow/core/kernels/uniform_quant_ops/uniform_quantized_convolution_ops.cc,"(32, 1)-(32, 43)",b'using tensorflow::errors::InvalidArgument;'
kernels,../repos/tensorflow/tensorflow/core/kernels/uniform_quant_ops/uniform_quantized_convolution_ops_test.cc,"(36, 1)-(36, 28)",b'using protobuf::TextFormat;'
kernels,../repos/tensorflow/tensorflow/core/kernels/uniform_quant_ops/math_utils.cc,"(24, 1)-(24, 31)",b'using errors::InvalidArgument;'
kernels,../repos/tensorflow/tensorflow/core/kernels/uniform_quant_ops/uniform_quantized_add_op.cc,"(28, 1)-(28, 31)",b'using errors::InvalidArgument;'
kernels,../repos/tensorflow/tensorflow/core/kernels/uniform_quant_ops/uniform_quantize_op.cc,"(24, 1)-(24, 43)",b'using tensorflow::errors::InvalidArgument;'
kernels,../repos/tensorflow/tensorflow/core/kernels/uniform_quant_ops/uniform_requantize_op.cc,"(22, 1)-(22, 43)",b'using tensorflow::errors::InvalidArgument;'
kernels,../repos/tensorflow/tensorflow/core/kernels/uniform_quant_ops/tensor_utils.cc,"(19, 1)-(19, 43)",b'using tensorflow::errors::InvalidArgument;'
kernels,../repos/tensorflow/tensorflow/core/kernels/uniform_quant_ops/uniform_dequantize_op.cc,"(22, 1)-(22, 43)",b'using tensorflow::errors::InvalidArgument;'
kernels,../repos/tensorflow/tensorflow/core/kernels/random_binomial_op.cc,"(70, 3)-(70, 29)",b'using Eigen::numext::ceil;'
kernels,../repos/tensorflow/tensorflow/core/kernels/random_binomial_op.cc,"(71, 3)-(71, 28)",b'using Eigen::numext::log;'
kernels,../repos/tensorflow/tensorflow/core/kernels/random_binomial_op.cc,"(72, 3)-(72, 30)",b'using Eigen::numext::log1p;'
kernels,../repos/tensorflow/tensorflow/core/kernels/random_binomial_op.cc,"(110, 3)-(110, 28)",b'using Eigen::numext::abs;'
kernels,../repos/tensorflow/tensorflow/core/kernels/random_binomial_op.cc,"(111, 3)-(111, 30)",b'using Eigen::numext::floor;'
kernels,../repos/tensorflow/tensorflow/core/kernels/random_binomial_op.cc,"(112, 3)-(112, 28)",b'using Eigen::numext::log;'
kernels,../repos/tensorflow/tensorflow/core/kernels/random_binomial_op.cc,"(113, 3)-(113, 30)",b'using Eigen::numext::log1p;'
kernels,../repos/tensorflow/tensorflow/core/kernels/random_binomial_op.cc,"(114, 3)-(114, 29)",b'using Eigen::numext::sqrt;'
kernels,../repos/tensorflow/tensorflow/core/kernels/gpu_utils.h,"(50, 1)-(50, 27)",b'using xla::AutotuneResult;'
kernels,../repos/tensorflow/tensorflow/core/kernels/ctc_loss_op.cc,"(52, 1)-(52, 18)",b'using se::Stream;'
kernels,../repos/tensorflow/tensorflow/core/kernels/ctc_loss_op.cc,"(53, 1)-(53, 26)",b'using se::StreamExecutor;'
kernels,../repos/tensorflow/tensorflow/core/kernels/ctc_loss_op.cc,"(54, 1)-(54, 41)",b'using se::dnn::RnnStateTensorDescriptor;'
kernels,../repos/tensorflow/tensorflow/core/kernels/ctc_loss_op.cc,"(55, 1)-(55, 27)",b'using se::dnn::ToDataType;'
kernels,../repos/tensorflow/tensorflow/core/kernels/fractional_pool_common.h,"(33, 5)-(33, 26)",b'using std::iter_swap;'
kernels,../repos/tensorflow/tensorflow/core/kernels/fft_ops.cc,"(54, 1)-(54, 19)",b'using std::size_t;'
kernels,../repos/tensorflow/tensorflow/core/kernels/fft_ops.cc,"(386, 3)-(386, 26)",b'using FFTBase::FFTBase;'
kernels,../repos/tensorflow/tensorflow/core/kernels/fft_ops.cc,"(655, 3)-(655, 26)",b'using FFTBase::FFTBase;'
kernels,../repos/tensorflow/tensorflow/core/kernels/fft_ops.cc,"(834, 3)-(834, 28)",b'using FFTNBase::FFTNBase;'
kernels,../repos/tensorflow/tensorflow/core/kernels/quantized_concat_op_test.cc,"(43, 1)-(43, 29)",b'using test::graph::Constant;'
kernels,../repos/tensorflow/tensorflow/core/kernels/random_op.cc,"(176, 5)-(176, 32)",b'using random::PhiloxRandom;'
kernels,../repos/tensorflow/tensorflow/core/kernels/random_op.cc,"(206, 7)-(206, 32)",b'using Eigen::numext::exp;'
kernels,../repos/tensorflow/tensorflow/core/kernels/random_op.cc,"(207, 7)-(207, 32)",b'using Eigen::numext::log;'
kernels,../repos/tensorflow/tensorflow/core/kernels/random_op.cc,"(208, 7)-(208, 34)",b'using Eigen::numext::log1p;'
kernels,../repos/tensorflow/tensorflow/core/kernels/random_op.cc,"(209, 7)-(209, 32)",b'using Eigen::numext::pow;'
kernels,../repos/tensorflow/tensorflow/core/kernels/data/iterator_ops_test.cc,"(41, 1)-(41, 53)",b'using ::tensorflow::monitoring::testing::Cell...'
kernels,../repos/tensorflow/tensorflow/core/kernels/data/iterator_ops_test.cc,"(42, 1)-(42, 52)",b'using ::tensorflow::monitoring::testing::Hist...'
kernels,../repos/tensorflow/tensorflow/core/kernels/data/cache_dataset_ops.cc,"(688, 3)-(688, 42)",b'using FileDatasetBase::FileDatasetBase;'
kernels,../repos/tensorflow/tensorflow/core/kernels/data/experimental/sleep_dataset_op.cc,"(27, 3)-(27, 52)",b'using UnaryDatasetOpKernel::UnaryDatasetOpKernel;'
kernels,../repos/tensorflow/tensorflow/core/kernels/data/experimental/unbatch_dataset_op.cc,"(44, 1)-(44, 18)",b'using tsl::mutex;'
kernels,../repos/tensorflow/tensorflow/core/kernels/data/experimental/unbatch_dataset_op.cc,"(45, 1)-(45, 23)",b'using tsl::mutex_lock;'
kernels,../repos/tensorflow/tensorflow/core/kernels/data/experimental/unbatch_dataset_op.cc,"(46, 1)-(46, 21)",b'using tsl::OkStatus;'
kernels,../repos/tensorflow/tensorflow/core/kernels/data/experimental/unbatch_dataset_op.cc,"(47, 1)-(47, 19)",b'using tsl::Status;'
kernels,../repos/tensorflow/tensorflow/core/kernels/data/experimental/unbatch_dataset_op.cc,"(48, 1)-(48, 28)",b'using tsl::strings::StrCat;'
kernels,../repos/tensorflow/tensorflow/core/kernels/data/experimental/prefetching_kernels.cc,"(33, 3)-(33, 28)",b'using OpKernel::OpKernel;'
kernels,../repos/tensorflow/tensorflow/core/kernels/data/experimental/compute_batch_size_op.cc,"(30, 1)-(30, 54)",b'using grappler::graph_utils::GetScalarConstNo...'
kernels,../repos/tensorflow/tensorflow/core/kernels/data/experimental/lmdb_dataset_op.h,"(31, 3)-(31, 42)",b'using DatasetOpKernel::DatasetOpKernel;'
kernels,../repos/tensorflow/tensorflow/core/kernels/data/experimental/matching_files_dataset_op.cc,"(41, 3)-(41, 42)",b'using DatasetOpKernel::DatasetOpKernel;'
kernels,../repos/tensorflow/tensorflow/core/kernels/fuzzing/parse_tensor_op_fuzz.cc,"(26, 5)-(26, 39)",b'using namespace ::tensorflow::ops;'
kernels,../repos/tensorflow/tensorflow/core/kernels/fuzzing/example_proto_fast_parsing_fuzz.cc,"(31, 5)-(31, 39)",b'using namespace ::tensorflow::ops;'
kernels,../repos/tensorflow/tensorflow/core/kernels/string_to_number_op.cc,"(36, 3)-(36, 28)",b'using OpKernel::OpKernel;'
kernels,../repos/tensorflow/tensorflow/core/kernels/sparse_dense_binary_op_shared.cc,"(48, 1)-(48, 24)",b'using Eigen::TensorRef;'
kernels,../repos/tensorflow/tensorflow/core/kernels/sparse_dense_binary_op_shared.cc,"(49, 1)-(49, 35)",b'using tensorflow::gtl::ArraySlice;'
kernels,../repos/tensorflow/tensorflow/core/kernels/range_sampler_test.cc,"(31, 1)-(31, 23)",b'using gtl::ArraySlice;'
kernels,../repos/tensorflow/tensorflow/core/kernels/range_sampler_test.cc,"(32, 1)-(32, 30)",b'using gtl::MutableArraySlice;'
kernels,../repos/tensorflow/tensorflow/core/kernels/clustering_ops.cc,"(41, 1)-(41, 31)",b'using errors::InvalidArgument;'
kernels,../repos/tensorflow/tensorflow/core/kernels/topk_op_gpu_float.cu.cc,"(23, 1)-(23, 24)",b'using Eigen::GpuDevice;'
kernels,../repos/tensorflow/tensorflow/core/kernels/topk_op_gpu_int8.cu.cc,"(23, 1)-(23, 24)",b'using Eigen::GpuDevice;'
