Repo name,File name,Location,Content
kernels,../repos/tensorflow/tensorflow/core/kernels/depthwise_conv_op.cc,"(23, 10)-(23, 18)",b'#include <vector>\n'
kernels,../repos/tensorflow/tensorflow/core/kernels/padding_fifo_queue_op.cc,"(18, 10)-(18, 17)",b'#include <deque>\n'
kernels,../repos/tensorflow/tensorflow/core/kernels/padding_fifo_queue_op.cc,"(19, 10)-(19, 18)",b'#include <vector>\n'
kernels,../repos/tensorflow/tensorflow/core/kernels/quantized_conv_ops_test.cc,"(20, 10)-(20, 18)",b'#include <vector>\n'
kernels,../repos/tensorflow/tensorflow/core/kernels/conv_2d_gpu_bfloat16.cu.cc,"(21, 10)-(21, 17)",b'#include <array>\n'
kernels,../repos/tensorflow/tensorflow/core/kernels/segment_reduction_ops_test.cc,"(17, 10)-(17, 18)",b'#include <vector>\n'
kernels,../repos/tensorflow/tensorflow/core/kernels/map_stage_op.cc,"(18, 10)-(18, 15)",b'#include <map>\n'
kernels,../repos/tensorflow/tensorflow/core/kernels/map_stage_op.cc,"(22, 10)-(22, 25)",b'#include <unordered_map>\n'
kernels,../repos/tensorflow/tensorflow/core/kernels/map_stage_op.cc,"(23, 10)-(23, 18)",b'#include <vector>\n'
kernels,../repos/tensorflow/tensorflow/core/kernels/conv_grad_input_ops.h,"(26, 10)-(26, 18)",b'#include <vector>\n'
kernels,../repos/tensorflow/tensorflow/core/kernels/parse_tensor_test.cc,"(18, 10)-(18, 18)",b'#include <vector>\n'
kernels,../repos/tensorflow/tensorflow/core/kernels/quantized_matmul_op_test.cc,"(20, 10)-(20, 18)",b'#include <vector>\n'
kernels,../repos/tensorflow/tensorflow/core/kernels/restore_op_test.cc,"(18, 10)-(18, 18)",b'#include <vector>\n'
kernels,../repos/tensorflow/tensorflow/core/kernels/ragged_fill_empty_rows_op.cc,"(20, 10)-(20, 25)",b'#include <unordered_map>\n'
kernels,../repos/tensorflow/tensorflow/core/kernels/ragged_fill_empty_rows_op.cc,"(22, 10)-(22, 18)",b'#include <vector>\n'
kernels,../repos/tensorflow/tensorflow/core/kernels/spectrogram_test.cc,"(21, 10)-(21, 18)",b'#include <vector>\n'
kernels,../repos/tensorflow/tensorflow/core/kernels/conv_2d_gpu_uint16.cu.cc,"(21, 10)-(21, 17)",b'#include <array>\n'
kernels,../repos/tensorflow/tensorflow/core/kernels/conv_grad_input_ops_benchmark_test.cc,"(16, 10)-(16, 18)",b'#include <vector>\n'
kernels,../repos/tensorflow/tensorflow/core/kernels/ragged_cross_op.cc,"(18, 10)-(18, 18)",b'#include <vector>\n'
kernels,../repos/tensorflow/tensorflow/core/kernels/functional_ops.cc,"(15, 10)-(15, 25)",b'#include <unordered_map>\n'
kernels,../repos/tensorflow/tensorflow/core/kernels/matching_files_op.cc,"(19, 10)-(19, 18)",b'#include <vector>\n'
kernels,../repos/tensorflow/tensorflow/core/kernels/cudnn_pooling_gpu.h,"(21, 10)-(21, 17)",b'#include <array>\n'
kernels,../repos/tensorflow/tensorflow/core/kernels/matmul_op_impl.h,"(28, 10)-(28, 18)",b'#include <vector>\n'
kernels,../repos/tensorflow/tensorflow/core/kernels/queue_base.h,"(19, 10)-(19, 17)",b'#include <deque>\n'
kernels,../repos/tensorflow/tensorflow/core/kernels/queue_base.h,"(20, 10)-(20, 18)",b'#include <vector>\n'
kernels,../repos/tensorflow/tensorflow/core/kernels/sparse_tensors_map_ops.cc,"(20, 10)-(20, 25)",b'#include <unordered_map>\n'
kernels,../repos/tensorflow/tensorflow/core/kernels/sparse_tensors_map_ops.cc,"(22, 10)-(22, 18)",b'#include <vector>\n'
kernels,../repos/tensorflow/tensorflow/core/kernels/save_restore_tensor.cc,"(20, 10)-(20, 25)",b'#include <unordered_map>\n'
kernels,../repos/tensorflow/tensorflow/core/kernels/save_restore_tensor.cc,"(22, 10)-(22, 18)",b'#include <vector>\n'
kernels,../repos/tensorflow/tensorflow/core/kernels/sparse/sparse_cholesky_op.cc,"(18, 10)-(18, 18)",b'#include <vector>\n'
kernels,../repos/tensorflow/tensorflow/core/kernels/sparse/sparse_ordering_amd_op.cc,"(16, 10)-(16, 18)",b'#include <vector>\n'
kernels,../repos/tensorflow/tensorflow/core/kernels/stack_ops.cc,"(22, 10)-(22, 18)",b'#include <vector>\n'
kernels,../repos/tensorflow/tensorflow/core/kernels/conv_2d_gpu_int_spatial_convolution.cu.cc,"(21, 10)-(21, 17)",b'#include <array>\n'
kernels,../repos/tensorflow/tensorflow/core/kernels/tile_ops.cc,"(24, 10)-(24, 18)",b'#include <vector>\n'
kernels,../repos/tensorflow/tensorflow/core/kernels/queue_base.cc,"(18, 10)-(18, 18)",b'#include <vector>\n'
kernels,../repos/tensorflow/tensorflow/core/kernels/barrier_ops.cc,"(19, 10)-(19, 25)",b'#include <unordered_map>\n'
kernels,../repos/tensorflow/tensorflow/core/kernels/barrier_ops.cc,"(20, 10)-(20, 18)",b'#include <vector>\n'
kernels,../repos/tensorflow/tensorflow/core/kernels/ops_testutil.h,"(24, 10)-(24, 18)",b'#include <vector>\n'
kernels,../repos/tensorflow/tensorflow/core/kernels/pooling_ops_common_gpu.h,"(23, 10)-(23, 18)",b'#include <vector>\n'
kernels,../repos/tensorflow/tensorflow/core/kernels/padding_fifo_queue.cc,"(20, 10)-(20, 17)",b'#include <deque>\n'
kernels,../repos/tensorflow/tensorflow/core/kernels/padding_fifo_queue.cc,"(21, 10)-(21, 18)",b'#include <vector>\n'
kernels,../repos/tensorflow/tensorflow/core/kernels/linalg/matrix_band_part_op.cc,"(28, 10)-(28, 18)",b'#include <vector>\n'
kernels,../repos/tensorflow/tensorflow/core/kernels/linalg/lu_op_gpu.cu.cc,"(20, 10)-(20, 18)",b'#include <vector>\n'
kernels,../repos/tensorflow/tensorflow/core/kernels/linalg/matrix_diag_op.cc,"(27, 10)-(27, 18)",b'#include <vector>\n'
kernels,../repos/tensorflow/tensorflow/core/kernels/linalg/svd_op_gpu.cu.cc,"(31, 10)-(31, 18)",b'#include <vector>\n'
kernels,../repos/tensorflow/tensorflow/core/kernels/pooling_ops_common.h,"(19, 10)-(19, 18)",b'#include <vector>\n'
kernels,../repos/tensorflow/tensorflow/core/kernels/gather_nd_op_test.cc,"(18, 10)-(18, 18)",b'#include <vector>\n'
kernels,../repos/tensorflow/tensorflow/core/kernels/example_parsing_ops_test.cc,"(16, 10)-(16, 25)",b'#include <unordered_map>\n'
kernels,../repos/tensorflow/tensorflow/core/kernels/ragged_tensor_to_tensor_op.cc,"(22, 10)-(22, 18)",b'#include <vector>\n'
kernels,../repos/tensorflow/tensorflow/core/kernels/random_index_shuffle.cc,"(37, 10)-(37, 17)",b'#include <array>\n'
kernels,../repos/tensorflow/tensorflow/core/kernels/concat_lib_gpu.cc,"(18, 10)-(18, 18)",b'#include <vector>\n'
kernels,../repos/tensorflow/tensorflow/core/kernels/ragged_range_op.cc,"(20, 10)-(20, 18)",b'#include <vector>\n'
kernels,../repos/tensorflow/tensorflow/core/kernels/conv_ops_test.cc,"(20, 10)-(20, 18)",b'#include <vector>\n'
kernels,../repos/tensorflow/tensorflow/core/kernels/dilation_ops.cc,"(23, 10)-(23, 18)",b'#include <vector>\n'
kernels,../repos/tensorflow/tensorflow/core/kernels/concat_lib_gpu.h,"(23, 10)-(23, 18)",b'#include <vector>\n'
kernels,../repos/tensorflow/tensorflow/core/kernels/random_binomial_op_test.cc,"(18, 10)-(18, 18)",b'#include <vector>\n'
kernels,../repos/tensorflow/tensorflow/core/kernels/conv_grad_shape_utils.cc,"(24, 10)-(24, 18)",b'#include <vector>\n'
kernels,../repos/tensorflow/tensorflow/core/kernels/quantize_and_dequantize_op_test.cc,"(18, 10)-(18, 18)",b'#include <vector>\n'
kernels,../repos/tensorflow/tensorflow/core/kernels/tensor_array.h,"(21, 10)-(21, 18)",b'#include <vector>\n'
kernels,../repos/tensorflow/tensorflow/core/kernels/fused_batch_norm_op.cc,"(16, 10)-(16, 17)",b'#include <array>\n'
kernels,../repos/tensorflow/tensorflow/core/kernels/conv_2d_gpu_uint64.cu.cc,"(21, 10)-(21, 17)",b'#include <array>\n'
kernels,../repos/tensorflow/tensorflow/core/kernels/avgpooling_op.cc,"(22, 10)-(22, 18)",b'#include <vector>\n'
kernels,../repos/tensorflow/tensorflow/core/kernels/conv_2d_gpu_uint32.cu.cc,"(21, 10)-(21, 17)",b'#include <array>\n'
kernels,../repos/tensorflow/tensorflow/core/kernels/conv_3d.h,"(21, 10)-(21, 17)",b'#include <array>\n'
kernels,../repos/tensorflow/tensorflow/core/kernels/session_ops.cc,"(20, 10)-(20, 18)",b'#include <vector>\n'
kernels,../repos/tensorflow/tensorflow/core/kernels/ops_testutil.cc,"(26, 10)-(26, 18)",b'#include <vector>\n'
kernels,../repos/tensorflow/tensorflow/core/kernels/concat_lib_cpu.cc,"(20, 10)-(20, 18)",b'#include <vector>\n'
kernels,../repos/tensorflow/tensorflow/core/kernels/unicode_ops.cc,"(22, 10)-(22, 18)",b'#include <vector>\n'
kernels,../repos/tensorflow/tensorflow/core/kernels/resource_variable_ops.cc,"(62, 10)-(62, 18)",b'#include <vector>\n'
kernels,../repos/tensorflow/tensorflow/core/kernels/mfcc_dct_test.cc,"(18, 10)-(18, 18)",b'#include <vector>\n'
kernels,../repos/tensorflow/tensorflow/core/kernels/stack.cc,"(20, 10)-(20, 18)",b'#include <vector>\n'
kernels,../repos/tensorflow/tensorflow/core/kernels/ragged_tensor_to_sparse_kernel.cc,"(18, 10)-(18, 18)",b'#include <vector>\n'
kernels,../repos/tensorflow/tensorflow/core/kernels/tensor_cord.h,"(19, 10)-(19, 17)",b'#include <array>\n'
kernels,../repos/tensorflow/tensorflow/core/kernels/dequantize_op_test.cc,"(19, 10)-(19, 18)",b'#include <vector>\n'
kernels,../repos/tensorflow/tensorflow/core/kernels/lookup_table_init_op.cc,"(22, 10)-(22, 18)",b'#include <vector>\n'
kernels,../repos/tensorflow/tensorflow/core/kernels/conv_grad_filter_ops_benchmark_test.cc,"(17, 10)-(17, 18)",b'#include <vector>\n'
kernels,../repos/tensorflow/tensorflow/core/kernels/pooling_ops_3d.cc,"(19, 10)-(19, 17)",b'#include <array>\n'
kernels,../repos/tensorflow/tensorflow/core/kernels/spectrogram_test_utils.h,"(21, 10)-(21, 18)",b'#include <vector>\n'
kernels,../repos/tensorflow/tensorflow/core/kernels/ragged_tensor_from_variant_op.cc,"(16, 10)-(16, 18)",b'#include <vector>\n'
kernels,../repos/tensorflow/tensorflow/core/kernels/isotonic_regression_op_test.cc,"(19, 10)-(19, 18)",b'#include <vector>\n'
kernels,../repos/tensorflow/tensorflow/core/kernels/quantized_conv_ops.cc,"(19, 10)-(19, 18)",b'#include <vector>\n'
kernels,../repos/tensorflow/tensorflow/core/kernels/padding_fifo_queue.h,"(19, 10)-(19, 17)",b'#include <deque>\n'
kernels,../repos/tensorflow/tensorflow/core/kernels/padding_fifo_queue.h,"(20, 10)-(20, 18)",b'#include <vector>\n'
kernels,../repos/tensorflow/tensorflow/core/kernels/set_kernels.cc,"(27, 10)-(27, 18)",b'#include <vector>\n'
kernels,../repos/tensorflow/tensorflow/core/kernels/data_format_ops.cc,"(22, 10)-(22, 15)",b'#include <map>\n'
kernels,../repos/tensorflow/tensorflow/core/kernels/sdca_internal.h,"(26, 10)-(26, 25)",b'#include <unordered_map>\n'
kernels,../repos/tensorflow/tensorflow/core/kernels/sdca_internal.h,"(28, 10)-(28, 18)",b'#include <vector>\n'
kernels,../repos/tensorflow/tensorflow/core/kernels/conv_2d_gpu_int_spatial_convolution_backward.cu.cc,"(21, 10)-(21, 17)",b'#include <array>\n'
kernels,../repos/tensorflow/tensorflow/core/kernels/fractional_avg_pool_op.cc,"(21, 10)-(21, 18)",b'#include <vector>\n'
kernels,../repos/tensorflow/tensorflow/core/kernels/topk_op.cc,"(24, 10)-(24, 18)",b'#include <vector>\n'
kernels,../repos/tensorflow/tensorflow/core/kernels/in_topk_op_test.cc,"(16, 10)-(16, 18)",b'#include <vector>\n'
kernels,../repos/tensorflow/tensorflow/core/kernels/sdca_ops.cc,"(27, 10)-(27, 18)",b'#include <vector>\n'
kernels,../repos/tensorflow/tensorflow/core/kernels/edit_distance_op.cc,"(22, 10)-(22, 18)",b'#include <vector>\n'
kernels,../repos/tensorflow/tensorflow/core/kernels/immutable_constant_op.cc,"(18, 10)-(18, 25)",b'#include <unordered_set>\n'
kernels,../repos/tensorflow/tensorflow/core/kernels/sparse_matmul_op.cc,"(22, 10)-(22, 15)",b'#include <map>\n'
kernels,../repos/tensorflow/tensorflow/core/kernels/sparse_matmul_op.cc,"(24, 10)-(24, 18)",b'#include <vector>\n'
kernels,../repos/tensorflow/tensorflow/core/kernels/conv_grad_filter_ops_launcher.cc,"(21, 10)-(21, 18)",b'#include <vector>\n'
kernels,../repos/tensorflow/tensorflow/core/kernels/range_sampler.cc,"(19, 10)-(19, 25)",b'#include <unordered_set>\n'
kernels,../repos/tensorflow/tensorflow/core/kernels/range_sampler.cc,"(20, 10)-(20, 18)",b'#include <vector>\n'
kernels,../repos/tensorflow/tensorflow/core/kernels/sparse_reorder_op.cc,"(22, 10)-(22, 25)",b'#include <unordered_map>\n'
kernels,../repos/tensorflow/tensorflow/core/kernels/scoped_allocator_ops_test.cc,"(16, 10)-(16, 18)",b'#include <vector>\n'
kernels,../repos/tensorflow/tensorflow/core/kernels/example_parsing_ops.cc,"(19, 10)-(19, 25)",b'#include <unordered_set>\n'
kernels,../repos/tensorflow/tensorflow/core/kernels/example_parsing_ops.cc,"(20, 10)-(20, 18)",b'#include <vector>\n'
kernels,../repos/tensorflow/tensorflow/core/kernels/serialize_sparse_op.cc,"(20, 10)-(20, 25)",b'#include <unordered_map>\n'
kernels,../repos/tensorflow/tensorflow/core/kernels/serialize_sparse_op.cc,"(22, 10)-(22, 18)",b'#include <vector>\n'
kernels,../repos/tensorflow/tensorflow/core/kernels/listdiff_op.cc,"(17, 10)-(17, 25)",b'#include <unordered_set>\n'
kernels,../repos/tensorflow/tensorflow/core/kernels/mlir_generated/base_binary_ops_test.h,"(20, 10)-(20, 18)",b'#include <vector>\n'
kernels,../repos/tensorflow/tensorflow/core/kernels/mlir_generated/gpu_unary_ops_test.cc,"(24, 10)-(24, 18)",b'#include <vector>\n'
kernels,../repos/tensorflow/tensorflow/core/kernels/random_index_shuffle_ops.cc,"(17, 10)-(17, 17)",b'#include <array>\n'
kernels,../repos/tensorflow/tensorflow/core/kernels/quantized_reshape_op.cc,"(16, 10)-(16, 18)",b'#include <vector>\n'
kernels,../repos/tensorflow/tensorflow/core/kernels/priority_queue_op.cc,"(17, 10)-(17, 17)",b'#include <deque>\n'
kernels,../repos/tensorflow/tensorflow/core/kernels/priority_queue_op.cc,"(18, 10)-(18, 18)",b'#include <vector>\n'
kernels,../repos/tensorflow/tensorflow/core/kernels/quantized_resize_bilinear_op_test.cc,"(18, 10)-(18, 18)",b'#include <vector>\n'
kernels,../repos/tensorflow/tensorflow/core/kernels/quantized_reshape_op_test.cc,"(18, 10)-(18, 18)",b'#include <vector>\n'
kernels,../repos/tensorflow/tensorflow/core/kernels/conv_grad_filter_ops.cc,"(23, 10)-(23, 18)",b'#include <vector>\n'
kernels,../repos/tensorflow/tensorflow/core/kernels/cudnn_rnn_ops.cc,"(24, 10)-(24, 25)",b'#include <unordered_set>\n'
kernels,../repos/tensorflow/tensorflow/core/kernels/fifo_queue.h,"(19, 10)-(19, 17)",b'#include <deque>\n'
kernels,../repos/tensorflow/tensorflow/core/kernels/fifo_queue.h,"(20, 10)-(20, 18)",b'#include <vector>\n'
kernels,../repos/tensorflow/tensorflow/core/kernels/conv_grad_input_ops_3d.cc,"(22, 10)-(22, 18)",b'#include <vector>\n'
kernels,../repos/tensorflow/tensorflow/core/kernels/mfcc_mel_filterbank.h,"(21, 10)-(21, 18)",b'#include <vector>\n'
kernels,../repos/tensorflow/tensorflow/core/kernels/composite_tensor_variant.h,"(19, 10)-(19, 18)",b'#include <vector>\n'
kernels,../repos/tensorflow/tensorflow/core/kernels/mfcc.h,"(21, 10)-(21, 18)",b'#include <vector>\n'
kernels,../repos/tensorflow/tensorflow/core/kernels/ragged_gather_op.cc,"(18, 10)-(18, 18)",b'#include <vector>\n'
kernels,../repos/tensorflow/tensorflow/core/kernels/deserialize_sparse_string_op.cc,"(22, 10)-(22, 18)",b'#include <vector>\n'
kernels,../repos/tensorflow/tensorflow/core/kernels/ragged_tensor_variant.h,"(25, 10)-(25, 18)",b'#include <vector>\n'
kernels,../repos/tensorflow/tensorflow/core/kernels/string_ngrams_op_test.cc,"(15, 10)-(15, 18)",b'#include <vector>\n'
kernels,../repos/tensorflow/tensorflow/core/kernels/decode_proto_op.cc,"(32, 10)-(32, 18)",b'#include <vector>\n'
kernels,../repos/tensorflow/tensorflow/core/kernels/quantized_mul_op_test.cc,"(20, 10)-(20, 18)",b'#include <vector>\n'
kernels,../repos/tensorflow/tensorflow/core/kernels/random_shuffle_queue_op.cc,"(19, 10)-(19, 17)",b'#include <deque>\n'
kernels,../repos/tensorflow/tensorflow/core/kernels/random_shuffle_queue_op.cc,"(20, 10)-(20, 18)",b'#include <vector>\n'
kernels,../repos/tensorflow/tensorflow/core/kernels/sparse_split_op.cc,"(20, 10)-(20, 18)",b'#include <vector>\n'
kernels,../repos/tensorflow/tensorflow/core/kernels/conv_grad_filter_ops_3d.cc,"(22, 10)-(22, 18)",b'#include <vector>\n'
kernels,../repos/tensorflow/tensorflow/core/kernels/encode_wav_op_test.cc,"(20, 10)-(20, 18)",b'#include <vector>\n'
kernels,../repos/tensorflow/tensorflow/core/kernels/sparse_to_dense_op_test.cc,"(17, 10)-(17, 18)",b'#include <vector>\n'
kernels,../repos/tensorflow/tensorflow/core/kernels/ragged_tensor_to_variant_op.cc,"(17, 10)-(17, 18)",b'#include <vector>\n'
kernels,../repos/tensorflow/tensorflow/core/kernels/merge_v2_checkpoints_op_test.cc,"(17, 10)-(17, 18)",b'#include <vector>\n'
kernels,../repos/tensorflow/tensorflow/core/kernels/conv_ops_3d.cc,"(23, 10)-(23, 18)",b'#include <vector>\n'
kernels,../repos/tensorflow/tensorflow/core/kernels/priority_queue.cc,"(19, 10)-(19, 17)",b'#include <deque>\n'
kernels,../repos/tensorflow/tensorflow/core/kernels/priority_queue.cc,"(20, 10)-(20, 17)",b'#include <queue>\n'
kernels,../repos/tensorflow/tensorflow/core/kernels/priority_queue.cc,"(21, 10)-(21, 18)",b'#include <vector>\n'
kernels,../repos/tensorflow/tensorflow/core/kernels/split_v_op_test.cc,"(20, 10)-(20, 18)",b'#include <vector>\n'
kernels,../repos/tensorflow/tensorflow/core/kernels/sparse_reshape_op.cc,"(20, 10)-(20, 25)",b'#include <unordered_map>\n'
kernels,../repos/tensorflow/tensorflow/core/kernels/fingerprint_op_test.cc,"(17, 10)-(17, 18)",b'#include <vector>\n'
kernels,../repos/tensorflow/tensorflow/core/kernels/conv_grad_shape_utils.h,"(19, 10)-(19, 18)",b'#include <vector>\n'
kernels,../repos/tensorflow/tensorflow/core/kernels/tensor_array_ops.cc,"(27, 10)-(27, 18)",b'#include <vector>\n'
kernels,../repos/tensorflow/tensorflow/core/kernels/conv_ops_gpu.h,"(22, 10)-(22, 25)",b'#include <unordered_map>\n'
kernels,../repos/tensorflow/tensorflow/core/kernels/nccl_ops.cc,"(18, 10)-(18, 18)",b'#include <vector>\n'
kernels,../repos/tensorflow/tensorflow/core/kernels/image/non_max_suppression_op_gpu_test.cc,"(18, 10)-(18, 18)",b'#include <vector>\n'
kernels,../repos/tensorflow/tensorflow/core/kernels/image/extract_volume_patches_op.cc,"(29, 10)-(29, 18)",b'#include <vector>\n'
kernels,../repos/tensorflow/tensorflow/core/kernels/image/attention_ops.cc,"(20, 10)-(20, 18)",b'#include <vector>\n'
kernels,../repos/tensorflow/tensorflow/core/kernels/image/extract_image_patches_op.cc,"(23, 10)-(23, 18)",b'#include <vector>\n'
kernels,../repos/tensorflow/tensorflow/core/kernels/image/adjust_contrast_op_test.cc,"(16, 10)-(16, 18)",b'#include <vector>\n'
kernels,../repos/tensorflow/tensorflow/core/kernels/image/non_max_suppression_op.cc,"(25, 10)-(25, 17)",b'#include <queue>\n'
kernels,../repos/tensorflow/tensorflow/core/kernels/image/non_max_suppression_op.cc,"(26, 10)-(26, 18)",b'#include <vector>\n'
kernels,../repos/tensorflow/tensorflow/core/kernels/image/encode_png_op.cc,"(19, 10)-(19, 18)",b'#include <vector>\n'
kernels,../repos/tensorflow/tensorflow/core/kernels/image/resize_bicubic_op.cc,"(22, 10)-(22, 17)",b'#include <array>\n'
kernels,../repos/tensorflow/tensorflow/core/kernels/image/generate_box_proposals_op.cu.cc,"(20, 10)-(20, 18)",b'#include <vector>\n'
kernels,../repos/tensorflow/tensorflow/core/kernels/batch_kernels_test.cc,"(21, 10)-(21, 18)",b'#include <vector>\n'
kernels,../repos/tensorflow/tensorflow/core/kernels/sparse_cross_op.cc,"(21, 10)-(21, 18)",b'#include <vector>\n'
kernels,../repos/tensorflow/tensorflow/core/kernels/candidate_sampler_ops.cc,"(21, 10)-(21, 25)",b'#include <unordered_map>\n'
kernels,../repos/tensorflow/tensorflow/core/kernels/candidate_sampler_ops.cc,"(22, 10)-(22, 18)",b'#include <vector>\n'
kernels,../repos/tensorflow/tensorflow/core/kernels/pack_op.cc,"(19, 10)-(19, 18)",b'#include <vector>\n'
kernels,../repos/tensorflow/tensorflow/core/kernels/tensor_flag_utils_test.cc,"(18, 10)-(18, 18)",b'#include <vector>\n'
kernels,../repos/tensorflow/tensorflow/core/kernels/fifo_queue.cc,"(21, 10)-(21, 17)",b'#include <deque>\n'
kernels,../repos/tensorflow/tensorflow/core/kernels/fifo_queue.cc,"(22, 10)-(22, 18)",b'#include <vector>\n'
kernels,../repos/tensorflow/tensorflow/core/kernels/unique_op.cc,"(17, 10)-(17, 25)",b'#include <unordered_map>\n'
kernels,../repos/tensorflow/tensorflow/core/kernels/tensor_flag_utils.h,"(21, 10)-(21, 18)",b'#include <vector>\n'
kernels,../repos/tensorflow/tensorflow/core/kernels/mfcc_dct.h,"(21, 10)-(21, 18)",b'#include <vector>\n'
kernels,../repos/tensorflow/tensorflow/core/kernels/dynamic_partition_op.cc,"(18, 10)-(18, 18)",b'#include <vector>\n'
kernels,../repos/tensorflow/tensorflow/core/kernels/decode_csv_op.cc,"(17, 10)-(17, 18)",b'#include <vector>\n'
kernels,../repos/tensorflow/tensorflow/core/kernels/concat_lib_cpu.h,"(21, 10)-(21, 18)",b'#include <vector>\n'
kernels,../repos/tensorflow/tensorflow/core/kernels/ragged_tensor_to_variant_op_large_data_test.cc,"(18, 10)-(18, 18)",b'#include <vector>\n'
kernels,../repos/tensorflow/tensorflow/core/kernels/conv_ops_impl.h,"(36, 10)-(36, 17)",b'#include <array>\n'
kernels,../repos/tensorflow/tensorflow/core/kernels/conv_ops_impl.h,"(40, 10)-(40, 15)",b'#include <map>\n'
kernels,../repos/tensorflow/tensorflow/core/kernels/conv_ops_impl.h,"(43, 10)-(43, 18)",b'#include <vector>\n'
kernels,../repos/tensorflow/tensorflow/core/kernels/conv_ops_fused_impl.h,"(44, 10)-(44, 18)",b'#include <vector>\n'
kernels,../repos/tensorflow/tensorflow/core/kernels/sparse_utils.h,"(20, 10)-(20, 18)",b'#include <vector>\n'
kernels,../repos/tensorflow/tensorflow/core/kernels/transpose_functor.h,"(21, 10)-(21, 18)",b'#include <vector>\n'
kernels,../repos/tensorflow/tensorflow/core/kernels/conv_ops_using_gemm.cc,"(51, 10)-(51, 15)",b'#include <map>\n'
kernels,../repos/tensorflow/tensorflow/core/kernels/conv_ops_using_gemm.cc,"(52, 10)-(52, 18)",b'#include <vector>\n'
kernels,../repos/tensorflow/tensorflow/core/kernels/bucketize_op.h,"(19, 10)-(19, 18)",b'#include <vector>\n'
kernels,../repos/tensorflow/tensorflow/core/kernels/debug_ops_test.cc,"(19, 10)-(19, 18)",b'#include <vector>\n'
kernels,../repos/tensorflow/tensorflow/core/kernels/conv_2d_gpu_float.cu.cc,"(21, 10)-(21, 17)",b'#include <array>\n'
kernels,../repos/tensorflow/tensorflow/core/kernels/conv_2d_gpu.h,"(24, 10)-(24, 17)",b'#include <array>\n'
kernels,../repos/tensorflow/tensorflow/core/kernels/split_lib_gpu.h,"(23, 10)-(23, 18)",b'#include <vector>\n'
kernels,../repos/tensorflow/tensorflow/core/kernels/conditional_accumulator_base.h,"(19, 10)-(19, 17)",b'#include <deque>\n'
kernels,../repos/tensorflow/tensorflow/core/kernels/concat_op.cc,"(19, 10)-(19, 18)",b'#include <vector>\n'
kernels,../repos/tensorflow/tensorflow/core/kernels/restore_v2_op_test.cc,"(20, 10)-(20, 18)",b'#include <vector>\n'
kernels,../repos/tensorflow/tensorflow/core/kernels/quantization_utils.h,"(33, 10)-(33, 17)",b'#include <array>\n'
kernels,../repos/tensorflow/tensorflow/core/kernels/range_sampler.h,"(19, 10)-(19, 18)",b'#include <vector>\n'
kernels,../repos/tensorflow/tensorflow/core/kernels/nth_element_op.cc,"(21, 10)-(21, 18)",b'#include <vector>\n'
kernels,../repos/tensorflow/tensorflow/core/kernels/random_index_shuffle_test.cc,"(18, 10)-(18, 17)",b'#include <array>\n'
kernels,../repos/tensorflow/tensorflow/core/kernels/random_index_shuffle_test.cc,"(19, 10)-(19, 18)",b'#include <vector>\n'
kernels,../repos/tensorflow/tensorflow/core/kernels/mkl/mkl_conv_grad_input_ops.cc,"(26, 10)-(26, 18)",b'#include <vector>\n'
kernels,../repos/tensorflow/tensorflow/core/kernels/mkl/mkl_relu_op.cc,"(22, 10)-(22, 25)",b'#include <unordered_map>\n'
kernels,../repos/tensorflow/tensorflow/core/kernels/mkl/mkl_matmul_ops_common.h,"(22, 10)-(22, 18)",b'#include <vector>\n'
kernels,../repos/tensorflow/tensorflow/core/kernels/mkl/mkl_concat_op.cc,"(17, 10)-(17, 25)",b'#include <unordered_map>\n'
kernels,../repos/tensorflow/tensorflow/core/kernels/mkl/mkl_concat_op.cc,"(18, 10)-(18, 18)",b'#include <vector>\n'
kernels,../repos/tensorflow/tensorflow/core/kernels/mkl/mkl_pooling_ops_common.cc,"(21, 10)-(21, 18)",b'#include <vector>\n'
kernels,../repos/tensorflow/tensorflow/core/kernels/mkl/mkl_conv_ops.cc,"(22, 10)-(22, 15)",b'#include <map>\n'
kernels,../repos/tensorflow/tensorflow/core/kernels/mkl/mkl_conv_ops.cc,"(24, 10)-(24, 25)",b'#include <unordered_map>\n'
kernels,../repos/tensorflow/tensorflow/core/kernels/mkl/mkl_conv_grad_filter_ops.cc,"(21, 10)-(21, 18)",b'#include <vector>\n'
kernels,../repos/tensorflow/tensorflow/core/kernels/mkl/mkl_quantized_conv_ops_test.cc,"(21, 10)-(21, 18)",b'#include <vector>\n'
kernels,../repos/tensorflow/tensorflow/core/kernels/mkl/mkl_quantized_conv_ops_perchannel_test.cc,"(21, 10)-(21, 18)",b'#include <vector>\n'
kernels,../repos/tensorflow/tensorflow/core/kernels/mkl/mkl_eltwise_activation_base_op.h,"(23, 10)-(23, 25)",b'#include <unordered_map>\n'
kernels,../repos/tensorflow/tensorflow/core/kernels/mkl/mkl_pooling_ops_common.h,"(23, 10)-(23, 18)",b'#include <vector>\n'
kernels,../repos/tensorflow/tensorflow/core/kernels/mkl/mkl_qmatmul_op_test.cc,"(20, 10)-(20, 18)",b'#include <vector>\n'
kernels,../repos/tensorflow/tensorflow/core/kernels/mkl/mkl_conv_ops.h,"(22, 10)-(22, 18)",b'#include <vector>\n'
kernels,../repos/tensorflow/tensorflow/core/kernels/mkl/mkl_quantized_concat_op_test.cc,"(22, 10)-(22, 18)",b'#include <vector>\n'
kernels,../repos/tensorflow/tensorflow/core/kernels/sparse_fill_empty_rows_op.cc,"(20, 10)-(20, 25)",b'#include <unordered_map>\n'
kernels,../repos/tensorflow/tensorflow/core/kernels/sparse_fill_empty_rows_op.cc,"(22, 10)-(22, 18)",b'#include <vector>\n'
kernels,../repos/tensorflow/tensorflow/core/kernels/typed_queue.h,"(19, 10)-(19, 17)",b'#include <deque>\n'
kernels,../repos/tensorflow/tensorflow/core/kernels/typed_queue.h,"(20, 10)-(20, 17)",b'#include <queue>\n'
kernels,../repos/tensorflow/tensorflow/core/kernels/typed_queue.h,"(21, 10)-(21, 18)",b'#include <vector>\n'
kernels,../repos/tensorflow/tensorflow/core/kernels/topk_op_gpu.h,"(24, 10)-(24, 18)",b'#include <vector>\n'
kernels,../repos/tensorflow/tensorflow/core/kernels/queue_op.h,"(19, 10)-(19, 17)",b'#include <deque>\n'
kernels,../repos/tensorflow/tensorflow/core/kernels/decode_wav_op_test.cc,"(20, 10)-(20, 18)",b'#include <vector>\n'
kernels,../repos/tensorflow/tensorflow/core/kernels/conv_ops_benchmark_test.cc,"(17, 10)-(17, 18)",b'#include <vector>\n'
kernels,../repos/tensorflow/tensorflow/core/kernels/nn_ops_test.cc,"(27, 10)-(27, 25)",b'#include <unordered_map>\n'
kernels,../repos/tensorflow/tensorflow/core/kernels/nn_ops_test.cc,"(28, 10)-(28, 18)",b'#include <vector>\n'
kernels,../repos/tensorflow/tensorflow/core/kernels/reverse_sequence_op.cc,"(27, 10)-(27, 18)",b'#include <vector>\n'
kernels,../repos/tensorflow/tensorflow/core/kernels/mutex_ops.cc,"(18, 10)-(18, 17)",b'#include <deque>\n'
kernels,../repos/tensorflow/tensorflow/core/kernels/quantized_concat_op.cc,"(20, 10)-(20, 18)",b'#include <vector>\n'
kernels,../repos/tensorflow/tensorflow/core/kernels/mfcc_op_test.cc,"(20, 10)-(20, 18)",b'#include <vector>\n'
kernels,../repos/tensorflow/tensorflow/core/kernels/ragged_tensor_to_variant_op_test.cc,"(18, 10)-(18, 18)",b'#include <vector>\n'
kernels,../repos/tensorflow/tensorflow/core/kernels/load_and_remap_matrix_op.cc,"(18, 10)-(18, 25)",b'#include <unordered_map>\n'
kernels,../repos/tensorflow/tensorflow/core/kernels/load_and_remap_matrix_op.cc,"(19, 10)-(19, 18)",b'#include <vector>\n'
kernels,../repos/tensorflow/tensorflow/core/kernels/sparse_concat_op.cc,"(22, 10)-(22, 25)",b'#include <unordered_map>\n'
kernels,../repos/tensorflow/tensorflow/core/kernels/sparse_concat_op.cc,"(24, 10)-(24, 18)",b'#include <vector>\n'
kernels,../repos/tensorflow/tensorflow/core/kernels/spectrogram_op_test.cc,"(20, 10)-(20, 18)",b'#include <vector>\n'
kernels,../repos/tensorflow/tensorflow/core/kernels/encode_proto_op.cc,"(25, 10)-(25, 18)",b'#include <vector>\n'
kernels,../repos/tensorflow/tensorflow/core/kernels/save_restore_v2_ops.cc,"(21, 10)-(21, 18)",b'#include <vector>\n'
kernels,../repos/tensorflow/tensorflow/core/kernels/sparse_to_dense_op.cc,"(26, 10)-(26, 25)",b'#include <unordered_map>\n'
kernels,../repos/tensorflow/tensorflow/core/kernels/conv_grad_ops.h,"(162, 10)-(162, 18)",b'#include <vector>\n'
kernels,../repos/tensorflow/tensorflow/core/kernels/mfcc_mel_filterbank_test.cc,"(19, 10)-(19, 18)",b'#include <vector>\n'
kernels,../repos/tensorflow/tensorflow/core/kernels/matmul_op_fused.cc,"(39, 10)-(39, 18)",b'#include <vector>\n'
kernels,../repos/tensorflow/tensorflow/core/kernels/matmul_util.h,"(16, 10)-(16, 18)",b'#include <vector>\n'
kernels,../repos/tensorflow/tensorflow/core/kernels/fused_batch_norm_op_test.cc,"(16, 10)-(16, 18)",b'#include <vector>\n'
kernels,../repos/tensorflow/tensorflow/core/kernels/priority_queue.h,"(19, 10)-(19, 17)",b'#include <deque>\n'
kernels,../repos/tensorflow/tensorflow/core/kernels/priority_queue.h,"(20, 10)-(20, 17)",b'#include <queue>\n'
kernels,../repos/tensorflow/tensorflow/core/kernels/priority_queue.h,"(21, 10)-(21, 18)",b'#include <vector>\n'
kernels,../repos/tensorflow/tensorflow/core/kernels/shape_ops.h,"(20, 10)-(20, 25)",b'#include <unordered_set>\n'
kernels,../repos/tensorflow/tensorflow/core/kernels/shape_ops.h,"(21, 10)-(21, 18)",b'#include <vector>\n'
kernels,../repos/tensorflow/tensorflow/core/kernels/parameterized_truncated_normal_op_test.cc,"(18, 10)-(18, 18)",b'#include <vector>\n'
kernels,../repos/tensorflow/tensorflow/core/kernels/scatter_op_test.cc,"(18, 10)-(18, 18)",b'#include <vector>\n'
kernels,../repos/tensorflow/tensorflow/core/kernels/quantized_add_op_test.cc,"(20, 10)-(20, 18)",b'#include <vector>\n'
kernels,../repos/tensorflow/tensorflow/core/kernels/scatter_nd_op_test.cc,"(18, 10)-(18, 18)",b'#include <vector>\n'
kernels,../repos/tensorflow/tensorflow/core/kernels/ragged_tensor_to_variant_op_test.h,"(17, 10)-(17, 18)",b'#include <vector>\n'
kernels,../repos/tensorflow/tensorflow/core/kernels/gemm_functors.h,"(32, 10)-(32, 15)",b'#include <map>\n'
kernels,../repos/tensorflow/tensorflow/core/kernels/gemm_functors.h,"(33, 10)-(33, 18)",b'#include <vector>\n'
kernels,../repos/tensorflow/tensorflow/core/kernels/sparse_utils_test.cc,"(20, 10)-(20, 15)",b'#include <set>\n'
kernels,../repos/tensorflow/tensorflow/core/kernels/sparse_utils_test.cc,"(22, 10)-(22, 18)",b'#include <vector>\n'
kernels,../repos/tensorflow/tensorflow/core/kernels/spectrogram.h,"(35, 10)-(35, 17)",b'#include <deque>\n'
kernels,../repos/tensorflow/tensorflow/core/kernels/spectrogram.h,"(36, 10)-(36, 18)",b'#include <vector>\n'
kernels,../repos/tensorflow/tensorflow/core/kernels/batching_util/batch_resource_base_test.cc,"(20, 10)-(20, 18)",b'#include <vector>\n'
kernels,../repos/tensorflow/tensorflow/core/kernels/batching_util/batch_resource_base.cc,"(27, 10)-(27, 18)",b'#include <vector>\n'
kernels,../repos/tensorflow/tensorflow/core/kernels/batching_util/shared_batch_scheduler.h,"(21, 10)-(21, 17)",b'#include <deque>\n'
kernels,../repos/tensorflow/tensorflow/core/kernels/batching_util/shared_batch_scheduler.h,"(23, 10)-(23, 16)",b'#include <list>\n'
kernels,../repos/tensorflow/tensorflow/core/kernels/batching_util/shared_batch_scheduler.h,"(26, 10)-(26, 18)",b'#include <vector>\n'
kernels,../repos/tensorflow/tensorflow/core/kernels/batching_util/serial_device_batch_scheduler.h,"(22, 10)-(22, 25)",b'#include <unordered_map>\n'
kernels,../repos/tensorflow/tensorflow/core/kernels/batching_util/serial_device_batch_scheduler.h,"(23, 10)-(23, 18)",b'#include <vector>\n'
kernels,../repos/tensorflow/tensorflow/core/kernels/batching_util/batch_scheduler.h,"(35, 10)-(35, 18)",b'#include <vector>\n'
kernels,../repos/tensorflow/tensorflow/core/kernels/batching_util/fake_clock_env.h,"(21, 10)-(21, 18)",b'#include <vector>\n'
kernels,../repos/tensorflow/tensorflow/core/kernels/batching_util/adaptive_shared_batch_scheduler.h,"(24, 10)-(24, 25)",b'#include <unordered_map>\n'
kernels,../repos/tensorflow/tensorflow/core/kernels/batching_util/adaptive_shared_batch_scheduler.h,"(25, 10)-(25, 18)",b'#include <vector>\n'
kernels,../repos/tensorflow/tensorflow/core/kernels/batching_util/batch_resource_base.h,"(21, 10)-(21, 15)",b'#include <map>\n'
kernels,../repos/tensorflow/tensorflow/core/kernels/batching_util/batch_resource_base.h,"(25, 10)-(25, 18)",b'#include <vector>\n'
kernels,../repos/tensorflow/tensorflow/core/kernels/conv_2d_gpu_half.cu.cc,"(21, 10)-(21, 17)",b'#include <array>\n'
kernels,../repos/tensorflow/tensorflow/core/kernels/uniform_quant_ops/tensor_utils_test.cc,"(18, 10)-(18, 18)",b'#include <vector>\n'
kernels,../repos/tensorflow/tensorflow/core/kernels/uniform_quant_ops/uniform_quantized_clip_by_value_op.cc,"(16, 10)-(16, 18)",b'#include <vector>\n'
kernels,../repos/tensorflow/tensorflow/core/kernels/uniform_quant_ops/uniform_quantized_convolution_ops.cc,"(18, 10)-(18, 18)",b'#include <vector>\n'
kernels,../repos/tensorflow/tensorflow/core/kernels/uniform_quant_ops/uniform_quantized_convolution_ops_test.cc,"(17, 10)-(17, 18)",b'#include <vector>\n'
kernels,../repos/tensorflow/tensorflow/core/kernels/uniform_quant_ops/uniform_quantized_add_op.cc,"(17, 10)-(17, 18)",b'#include <vector>\n'
kernels,../repos/tensorflow/tensorflow/core/kernels/gather_op_test.cc,"(18, 10)-(18, 18)",b'#include <vector>\n'
kernels,../repos/tensorflow/tensorflow/core/kernels/fractional_max_pool_op.cc,"(20, 10)-(20, 18)",b'#include <vector>\n'
kernels,../repos/tensorflow/tensorflow/core/kernels/batch_norm_op_test.cc,"(16, 10)-(16, 18)",b'#include <vector>\n'
kernels,../repos/tensorflow/tensorflow/core/kernels/gpu_utils.h,"(21, 10)-(21, 25)",b'#include <unordered_map>\n'
kernels,../repos/tensorflow/tensorflow/core/kernels/conv_2d_gpu_uint8.cu.cc,"(21, 10)-(21, 17)",b'#include <array>\n'
kernels,../repos/tensorflow/tensorflow/core/kernels/random_index_shuffle.h,"(19, 10)-(19, 17)",b'#include <array>\n'
kernels,../repos/tensorflow/tensorflow/core/kernels/fractional_pool_common.h,"(19, 10)-(19, 18)",b'#include <vector>\n'
kernels,../repos/tensorflow/tensorflow/core/kernels/conv_2d_gpu_int.cu.cc,"(21, 10)-(21, 17)",b'#include <array>\n'
kernels,../repos/tensorflow/tensorflow/core/kernels/record_yielder.h,"(22, 10)-(22, 18)",b'#include <vector>\n'
kernels,../repos/tensorflow/tensorflow/core/kernels/concat_lib_gpu_impl.cu.cc,"(21, 10)-(21, 18)",b'#include <vector>\n'
kernels,../repos/tensorflow/tensorflow/core/kernels/cudnn_pooling_gpu.cc,"(21, 10)-(21, 17)",b'#include <array>\n'
kernels,../repos/tensorflow/tensorflow/core/kernels/quantized_instance_norm_test.cc,"(18, 10)-(18, 18)",b'#include <vector>\n'
kernels,../repos/tensorflow/tensorflow/core/kernels/fft_ops.cc,"(22, 10)-(22, 18)",b'#include <vector>\n'
kernels,../repos/tensorflow/tensorflow/core/kernels/quantized_concat_op_test.cc,"(20, 10)-(20, 18)",b'#include <vector>\n'
kernels,../repos/tensorflow/tensorflow/core/kernels/sparse_slice_op.cc,"(20, 10)-(20, 18)",b'#include <vector>\n'
kernels,../repos/tensorflow/tensorflow/core/kernels/conv_ops_fused_image_transform.cc,"(23, 10)-(23, 18)",b'#include <vector>\n'
kernels,../repos/tensorflow/tensorflow/core/kernels/reshape_util.cc,"(21, 10)-(21, 25)",b'#include <unordered_map>\n'
kernels,../repos/tensorflow/tensorflow/core/kernels/reshape_util.cc,"(23, 10)-(23, 18)",b'#include <vector>\n'
kernels,../repos/tensorflow/tensorflow/core/kernels/multinomial_op_test.cc,"(18, 10)-(18, 18)",b'#include <vector>\n'
kernels,../repos/tensorflow/tensorflow/core/kernels/data/generator_dataset_op.cc,"(18, 10)-(18, 18)",b'#include <vector>\n'
kernels,../repos/tensorflow/tensorflow/core/kernels/data/iterator_ops_test.cc,"(19, 10)-(19, 18)",b'#include <vector>\n'
kernels,../repos/tensorflow/tensorflow/core/kernels/data/repeat_dataset_op.cc,"(21, 10)-(21, 18)",b'#include <vector>\n'
kernels,../repos/tensorflow/tensorflow/core/kernels/data/parallel_filter_dataset_op.cc,"(17, 10)-(17, 17)",b'#include <deque>\n'
kernels,../repos/tensorflow/tensorflow/core/kernels/data/cache_dataset_ops.cc,"(23, 10)-(23, 18)",b'#include <vector>\n'
kernels,../repos/tensorflow/tensorflow/core/kernels/data/optional_ops.h,"(18, 10)-(18, 18)",b'#include <vector>\n'
kernels,../repos/tensorflow/tensorflow/core/kernels/data/prefetch_autotuner_test.cc,"(18, 10)-(18, 18)",b'#include <vector>\n'
kernels,../repos/tensorflow/tensorflow/core/kernels/data/finalize_dataset_op_test.cc,"(19, 10)-(19, 18)",b'#include <vector>\n'
kernels,../repos/tensorflow/tensorflow/core/kernels/data/shuffle_dataset_op.cc,"(18, 10)-(18, 17)",b'#include <deque>\n'
kernels,../repos/tensorflow/tensorflow/core/kernels/data/shuffle_dataset_op.cc,"(24, 10)-(24, 18)",b'#include <vector>\n'
kernels,../repos/tensorflow/tensorflow/core/kernels/data/parallel_map_dataset_op.cc,"(17, 10)-(17, 17)",b'#include <deque>\n'
kernels,../repos/tensorflow/tensorflow/core/kernels/data/parallel_map_dataset_op.cc,"(22, 10)-(22, 18)",b'#include <vector>\n'
kernels,../repos/tensorflow/tensorflow/core/kernels/data/shard_dataset_op.cc,"(19, 10)-(19, 18)",b'#include <vector>\n'
kernels,../repos/tensorflow/tensorflow/core/kernels/data/optional_ops_util.cc,"(22, 10)-(22, 18)",b'#include <vector>\n'
kernels,../repos/tensorflow/tensorflow/core/kernels/data/optimize_dataset_op.cc,"(20, 10)-(20, 15)",b'#include <map>\n'
kernels,../repos/tensorflow/tensorflow/core/kernels/data/iterator_ops.cc,"(22, 10)-(22, 18)",b'#include <vector>\n'
kernels,../repos/tensorflow/tensorflow/core/kernels/data/experimental/group_by_window_dataset_op.cc,"(15, 10)-(15, 15)",b'#include <map>\n'
kernels,../repos/tensorflow/tensorflow/core/kernels/data/experimental/non_serializable_dataset_op.cc,"(15, 10)-(15, 15)",b'#include <map>\n'
kernels,../repos/tensorflow/tensorflow/core/kernels/data/experimental/lookup_ops.cc,"(20, 10)-(20, 18)",b'#include <vector>\n'
kernels,../repos/tensorflow/tensorflow/core/kernels/data/experimental/data_service_dataset_op.h,"(20, 10)-(20, 18)",b'#include <vector>\n'
kernels,../repos/tensorflow/tensorflow/core/kernels/data/experimental/assert_next_dataset_op.cc,"(17, 10)-(17, 15)",b'#include <map>\n'
kernels,../repos/tensorflow/tensorflow/core/kernels/data/experimental/list_dataset_op.cc,"(20, 10)-(20, 18)",b'#include <vector>\n'
kernels,../repos/tensorflow/tensorflow/core/kernels/data/experimental/save_dataset_op.cc,"(22, 10)-(22, 18)",b'#include <vector>\n'
kernels,../repos/tensorflow/tensorflow/core/kernels/data/experimental/load_dataset_op.cc,"(22, 10)-(22, 18)",b'#include <vector>\n'
kernels,../repos/tensorflow/tensorflow/core/kernels/data/experimental/unbatch_dataset_op.cc,"(20, 10)-(20, 18)",b'#include <vector>\n'
kernels,../repos/tensorflow/tensorflow/core/kernels/data/experimental/group_by_reducer_dataset_op.cc,"(15, 10)-(15, 15)",b'#include <map>\n'
kernels,../repos/tensorflow/tensorflow/core/kernels/data/experimental/prefetching_kernels.cc,"(15, 10)-(15, 17)",b'#include <deque>\n'
kernels,../repos/tensorflow/tensorflow/core/kernels/data/experimental/scan_dataset_op.cc,"(16, 10)-(16, 18)",b'#include <vector>\n'
kernels,../repos/tensorflow/tensorflow/core/kernels/data/experimental/load_dataset_op.h,"(21, 10)-(21, 18)",b'#include <vector>\n'
kernels,../repos/tensorflow/tensorflow/core/kernels/data/experimental/assert_prev_dataset_op.cc,"(17, 10)-(17, 15)",b'#include <map>\n'
kernels,../repos/tensorflow/tensorflow/core/kernels/data/experimental/snapshot_dataset_op.cc,"(18, 10)-(18, 17)",b'#include <deque>\n'
kernels,../repos/tensorflow/tensorflow/core/kernels/data/experimental/snapshot_dataset_op.cc,"(23, 10)-(23, 18)",b'#include <vector>\n'
kernels,../repos/tensorflow/tensorflow/core/kernels/data/experimental/parse_example_dataset_op.cc,"(15, 10)-(15, 17)",b'#include <deque>\n'
kernels,../repos/tensorflow/tensorflow/core/kernels/data/experimental/list_dataset_op_test.cc,"(19, 10)-(19, 18)",b'#include <vector>\n'
kernels,../repos/tensorflow/tensorflow/core/kernels/data/experimental/save_dataset_op.h,"(21, 10)-(21, 18)",b'#include <vector>\n'
kernels,../repos/tensorflow/tensorflow/core/kernels/data/experimental/assert_cardinality_dataset_op.cc,"(17, 10)-(17, 15)",b'#include <map>\n'
kernels,../repos/tensorflow/tensorflow/core/kernels/data/experimental/data_service_dataset_op.cc,"(26, 10)-(26, 18)",b'#include <vector>\n'
kernels,../repos/tensorflow/tensorflow/core/kernels/data/experimental/random_dataset_op_test.cc,"(14, 10)-(14, 18)",b'#include <vector>\n'
kernels,../repos/tensorflow/tensorflow/core/kernels/data/experimental/sliding_window_dataset_op.cc,"(15, 10)-(15, 17)",b'#include <deque>\n'
kernels,../repos/tensorflow/tensorflow/core/kernels/data/experimental/sliding_window_dataset_op.cc,"(16, 10)-(16, 18)",b'#include <vector>\n'
kernels,../repos/tensorflow/tensorflow/core/kernels/data/experimental/parallel_interleave_dataset_op.cc,"(18, 10)-(18, 17)",b'#include <deque>\n'
kernels,../repos/tensorflow/tensorflow/core/kernels/data/experimental/save_dataset_op_test.cc,"(17, 10)-(17, 18)",b'#include <vector>\n'
kernels,../repos/tensorflow/tensorflow/core/kernels/data/experimental/take_while_dataset_op.cc,"(16, 10)-(16, 18)",b'#include <vector>\n'
kernels,../repos/tensorflow/tensorflow/core/kernels/data/experimental/matching_files_dataset_op.cc,"(15, 10)-(15, 17)",b'#include <queue>\n'
kernels,../repos/tensorflow/tensorflow/core/kernels/data/multi_device_iterator_ops.cc,"(17, 10)-(17, 17)",b'#include <deque>\n'
kernels,../repos/tensorflow/tensorflow/core/kernels/data/parallel_interleave_dataset_op.cc,"(22, 10)-(22, 17)",b'#include <deque>\n'
kernels,../repos/tensorflow/tensorflow/core/kernels/data/window_dataset_op.h,"(18, 10)-(18, 18)",b'#include <vector>\n'
kernels,../repos/tensorflow/tensorflow/core/kernels/data/iterator_ops.h,"(21, 10)-(21, 18)",b'#include <vector>\n'
kernels,../repos/tensorflow/tensorflow/core/kernels/data/optional_ops_util.h,"(21, 10)-(21, 18)",b'#include <vector>\n'
kernels,../repos/tensorflow/tensorflow/core/kernels/data/prefetch_dataset_op.cc,"(18, 10)-(18, 17)",b'#include <deque>\n'
kernels,../repos/tensorflow/tensorflow/core/kernels/data/window_dataset.h,"(18, 10)-(18, 18)",b'#include <vector>\n'
kernels,../repos/tensorflow/tensorflow/core/kernels/data/rewrite_dataset_op.cc,"(20, 10)-(20, 15)",b'#include <map>\n'
kernels,../repos/tensorflow/tensorflow/core/kernels/data/dataset_ops.cc,"(18, 10)-(18, 18)",b'#include <vector>\n'
kernels,../repos/tensorflow/tensorflow/core/kernels/data/filter_dataset_op.cc,"(19, 10)-(19, 18)",b'#include <vector>\n'
kernels,../repos/tensorflow/tensorflow/core/kernels/dilation_ops_gpu.cu.cc,"(23, 10)-(23, 18)",b'#include <vector>\n'
kernels,../repos/tensorflow/tensorflow/core/kernels/fuzzing/scatter_nd_fuzz.cc,"(16, 10)-(16, 18)",b'#include <vector>\n'
kernels,../repos/tensorflow/tensorflow/core/kernels/pooling_ops_common.cc,"(18, 10)-(18, 18)",b'#include <vector>\n'
kernels,../repos/tensorflow/tensorflow/core/kernels/stage_op.cc,"(17, 10)-(17, 17)",b'#include <deque>\n'
kernels,../repos/tensorflow/tensorflow/core/kernels/stage_op.cc,"(20, 10)-(20, 18)",b'#include <vector>\n'
kernels,../repos/tensorflow/tensorflow/core/kernels/ragged_tensor_from_variant_op_test.cc,"(16, 10)-(16, 18)",b'#include <vector>\n'
kernels,../repos/tensorflow/tensorflow/core/kernels/range_sampler_test.cc,"(18, 10)-(18, 18)",b'#include <vector>\n'
kernels,../repos/tensorflow/tensorflow/core/kernels/maxpooling_op.cc,"(23, 10)-(23, 18)",b'#include <vector>\n'
kernels,../repos/tensorflow/tensorflow/core/kernels/function_ops.cc,"(18, 10)-(18, 17)",b'#include <deque>\n'
kernels,../repos/tensorflow/tensorflow/core/kernels/function_ops.cc,"(19, 10)-(19, 18)",b'#include <vector>\n'
kernels,../repos/tensorflow/tensorflow/core/kernels/concat_op_test.cc,"(18, 10)-(18, 18)",b'#include <vector>\n'
kernels,../repos/tensorflow/tensorflow/core/kernels/clustering_ops.cc,"(22, 10)-(22, 25)",b'#include <unordered_set>\n'
kernels,../repos/tensorflow/tensorflow/core/kernels/clustering_ops.cc,"(23, 10)-(23, 18)",b'#include <vector>\n'
kernels,../repos/tensorflow/tensorflow/core/kernels/batch_kernel_test_util.cc,"(18, 10)-(18, 18)",b'#include <vector>\n'
kernels,../repos/tensorflow/tensorflow/core/kernels/concat_lib.h,"(19, 10)-(19, 18)",b'#include <vector>\n'
kernels,../repos/tensorflow/tensorflow/core/kernels/rnn/lstm_ops.cc,"(25, 10)-(25, 18)",b'#include <vector>\n'
