Repo name,File name,Location,Content
kernels,../repos/tensorflow/tensorflow/core/kernels/sparse_softmax_op.cc,"(36, 1)-(36, 43)",b'using CPUDevice = Eigen::ThreadPoolDevice;'
kernels,../repos/tensorflow/tensorflow/core/kernels/conv_ops_fused_int8.cc,"(50, 3)-(50, 26)",b'using BiasType = float;'
kernels,../repos/tensorflow/tensorflow/core/kernels/conv_ops_fused_int8.cc,"(51, 3)-(51, 27)",b'using ScaleType = float;'
kernels,../repos/tensorflow/tensorflow/core/kernels/conv_ops_fused_int8.cc,"(52, 3)-(52, 26)",b'using ComputeT = float;'
kernels,../repos/tensorflow/tensorflow/core/kernels/conv_ops_fused_int8.cc,"(53, 3)-(53, 23)",b'using TempT = float;'
kernels,../repos/tensorflow/tensorflow/core/kernels/conv_ops_fused_int8.cc,"(166, 3)-(167, 79)",b'using ContractionOutputMapper =\n      Eigen::...'
kernels,../repos/tensorflow/tensorflow/core/kernels/conv_ops_fused_int8.cc,"(444, 9)-(444, 29)",b'using VectT = int32;'
kernels,../repos/tensorflow/tensorflow/core/kernels/conv_ops_fused_int8.cc,"(527, 3)-(527, 26)",b'using BiasType = float;'
kernels,../repos/tensorflow/tensorflow/core/kernels/map_stage_op.cc,"(67, 3)-(67, 26)",b'using KeyType = Tensor;'
kernels,../repos/tensorflow/tensorflow/core/kernels/map_stage_op.cc,"(68, 3)-(68, 25)",b'using DataType = Data;'
kernels,../repos/tensorflow/tensorflow/core/kernels/map_stage_op.cc,"(69, 3)-(69, 58)","b'using MapType = std::map<KeyType, Data, KeyTe...'"
kernels,../repos/tensorflow/tensorflow/core/kernels/map_stage_op.cc,"(75, 3)-(75, 26)",b'using KeyType = Tensor;'
kernels,../repos/tensorflow/tensorflow/core/kernels/map_stage_op.cc,"(76, 3)-(76, 25)",b'using DataType = Data;'
kernels,../repos/tensorflow/tensorflow/core/kernels/map_stage_op.cc,"(77, 3)-(78, 72)",b'using MapType =\n      std::unordered_map<KeyT...'
kernels,../repos/tensorflow/tensorflow/core/kernels/map_stage_op.cc,"(86, 3)-(86, 37)",b'using Tuple = std::vector<Tensor>;'
kernels,../repos/tensorflow/tensorflow/core/kernels/map_stage_op.cc,"(87, 3)-(87, 48)",b'using OptionalTensor = std::optional<Tensor>;'
kernels,../repos/tensorflow/tensorflow/core/kernels/map_stage_op.cc,"(88, 3)-(88, 53)",b'using OptionalTuple = std::vector<OptionalTensor>;'
kernels,../repos/tensorflow/tensorflow/core/kernels/map_stage_op.cc,"(90, 3)-(90, 71)","b'using MapType = typename MapTraits<Ordered, O...'"
kernels,../repos/tensorflow/tensorflow/core/kernels/map_stage_op.cc,"(91, 3)-(91, 71)","b'using KeyType = typename MapTraits<Ordered, O...'"
kernels,../repos/tensorflow/tensorflow/core/kernels/map_stage_op.cc,"(93, 3)-(93, 76)",b'using IncompleteType = typename MapTraits<fal...'
kernels,../repos/tensorflow/tensorflow/core/kernels/conv_grad_input_ops.h,"(219, 3)-(220, 74)",b'using MatrixMap = Eigen::Map<\n      Eigen::Ma...'
kernels,../repos/tensorflow/tensorflow/core/kernels/conv_grad_input_ops.h,"(221, 3)-(222, 80)",b'using ConstMatrixMap = Eigen::Map<\n      cons...'
kernels,../repos/tensorflow/tensorflow/core/kernels/conv_grad_input_ops.h,"(240, 3)-(240, 19)",b'using T = float;'
kernels,../repos/tensorflow/tensorflow/core/kernels/ragged_fill_empty_rows_op.cc,"(36, 1)-(36, 43)",b'using CPUDevice = Eigen::ThreadPoolDevice;'
kernels,../repos/tensorflow/tensorflow/core/kernels/ragged_fill_empty_rows_op.cc,"(37, 1)-(37, 36)",b'using GPUDevice = Eigen::GpuDevice;'
kernels,../repos/tensorflow/tensorflow/core/kernels/ragged_fill_empty_rows_op.cc,"(85, 3)-(86, 74)",b'using FunctorType =\n      functor::FillEmptyR...'
kernels,../repos/tensorflow/tensorflow/core/kernels/depthtospace_op_gpu.cu.cc,"(28, 1)-(28, 36)",b'using GPUDevice = Eigen::GpuDevice;'
kernels,../repos/tensorflow/tensorflow/core/kernels/stateless_random_ops.cc,"(30, 1)-(30, 43)",b'using CPUDevice = Eigen::ThreadPoolDevice;'
kernels,../repos/tensorflow/tensorflow/core/kernels/stateless_random_ops.cc,"(31, 1)-(31, 36)",b'using GPUDevice = Eigen::GpuDevice;'
kernels,../repos/tensorflow/tensorflow/core/kernels/redux_functor.h,"(29, 1)-(29, 43)",b'using CPUDevice = Eigen::ThreadPoolDevice;'
kernels,../repos/tensorflow/tensorflow/core/kernels/redux_functor.h,"(85, 7)-(87, 29)",b'using Buffer = Eigen::TensorMap<\n          Ei...'
kernels,../repos/tensorflow/tensorflow/core/kernels/redux_functor.h,"(89, 7)-(91, 29)",b'using Input = Eigen::TensorMap<\n          Eig...'
kernels,../repos/tensorflow/tensorflow/core/kernels/redux_functor.h,"(151, 7)-(153, 29)",b'using Buffer = Eigen::TensorMap<\n          Ei...'
kernels,../repos/tensorflow/tensorflow/core/kernels/redux_functor.h,"(155, 7)-(157, 29)",b'using Input = Eigen::TensorMap<\n          Eig...'
kernels,../repos/tensorflow/tensorflow/core/kernels/redux_functor.h,"(261, 5)-(261, 63)",b'using Buffer = Eigen::TensorMap<Eigen::Tensor...'
kernels,../repos/tensorflow/tensorflow/core/kernels/redux_functor.h,"(262, 5)-(262, 68)",b'using Input = Eigen::TensorMap<Eigen::Tensor<...'
kernels,../repos/tensorflow/tensorflow/core/kernels/redux_functor.h,"(316, 5)-(318, 27)",b'using Output = Eigen::TensorMap<\n        Eige...'
kernels,../repos/tensorflow/tensorflow/core/kernels/initializable_lookup_table.h,"(152, 5)-(153, 72)",b'using SerializeFn = std::function<Status(Grap...'
kernels,../repos/tensorflow/tensorflow/core/kernels/initializable_lookup_table.h,"(155, 5)-(155, 45)",b'using CleanupFn = std::function<void()>;'
kernels,../repos/tensorflow/tensorflow/core/kernels/conv_grad_input_ops_benchmark_test.cc,"(130, 1)-(130, 20)",b'using fp32 = float;'
kernels,../repos/tensorflow/tensorflow/core/kernels/conv_grad_input_ops_benchmark_test.cc,"(131, 1)-(131, 26)",b'using fp16 = Eigen::half;'
kernels,../repos/tensorflow/tensorflow/core/kernels/ragged_cross_op.cc,"(60, 1)-(60, 68)",b'using FeatureReaders = std::vector<std::uniqu...'
kernels,../repos/tensorflow/tensorflow/core/kernels/ragged_cross_op.cc,"(178, 3)-(178, 56)",b'using FlatValues = typename TTypes<ValuesType...'
kernels,../repos/tensorflow/tensorflow/core/kernels/ragged_cross_op.cc,"(179, 3)-(179, 61)",b'using FlatSplits = typename TTypes<SplitsType...'
kernels,../repos/tensorflow/tensorflow/core/kernels/matmul_op_impl.h,"(198, 3)-(199, 78)","b'using Matrix =\n      Eigen::Matrix<Scalar, Ei...'"
kernels,../repos/tensorflow/tensorflow/core/kernels/matmul_op_impl.h,"(200, 3)-(200, 51)",b'using ConstMatrixMap = Eigen::Map<const Matrix>;'
kernels,../repos/tensorflow/tensorflow/core/kernels/matmul_op_impl.h,"(201, 3)-(201, 40)",b'using MatrixMap = Eigen::Map<Matrix>;'
kernels,../repos/tensorflow/tensorflow/core/kernels/matmul_op_impl.h,"(263, 3)-(264, 78)","b'using Matrix =\n      Eigen::Matrix<Scalar, Ei...'"
kernels,../repos/tensorflow/tensorflow/core/kernels/matmul_op_impl.h,"(265, 3)-(265, 51)",b'using ConstMatrixMap = Eigen::Map<const Matrix>;'
kernels,../repos/tensorflow/tensorflow/core/kernels/matmul_op_impl.h,"(266, 3)-(266, 40)",b'using MatrixMap = Eigen::Map<Matrix>;'
kernels,../repos/tensorflow/tensorflow/core/kernels/matmul_op_impl.h,"(496, 3)-(496, 29)",b'using Stream = se::Stream;'
kernels,../repos/tensorflow/tensorflow/core/kernels/matmul_op_impl.h,"(497, 3)-(497, 53)",b'using DeviceMemoryBytes = se::DeviceMemory<uint8>;'
kernels,../repos/tensorflow/tensorflow/core/kernels/matmul_op_impl.h,"(589, 5)-(589, 75)",b'using Coefficient = std::conditional_t<is_16b...'
kernels,../repos/tensorflow/tensorflow/core/kernels/unary_ops_composition.cc,"(36, 3)-(36, 53)",b'using InputBuffer = typename TTypes<T>::ConstFlat;'
kernels,../repos/tensorflow/tensorflow/core/kernels/unary_ops_composition.cc,"(37, 3)-(37, 49)",b'using OutputBuffer = typename TTypes<T>::Flat;'
kernels,../repos/tensorflow/tensorflow/core/kernels/unary_ops_composition.cc,"(39, 3)-(39, 65)",b'using ComputeFn = void (*)(const InputBuffer&...'
kernels,../repos/tensorflow/tensorflow/core/kernels/unary_ops_composition.cc,"(81, 3)-(81, 41)",b'using Kernel = UnaryOpsComposition<T>;'
kernels,../repos/tensorflow/tensorflow/core/kernels/unary_ops_composition.cc,"(83, 3)-(83, 20)",b'using Scalar = T;'
kernels,../repos/tensorflow/tensorflow/core/kernels/unary_ops_composition.cc,"(84, 3)-(84, 67)",b'using Packet = typename Eigen::internal::pack...'
kernels,../repos/tensorflow/tensorflow/core/kernels/unary_ops_composition.cc,"(86, 3)-(86, 49)",b'using Support = UnaryOpsCompositionSupport<T>;'
kernels,../repos/tensorflow/tensorflow/core/kernels/unary_ops_composition.cc,"(88, 3)-(88, 53)",b'using InputBuffer = typename Support::InputBuffer;'
kernels,../repos/tensorflow/tensorflow/core/kernels/unary_ops_composition.cc,"(89, 3)-(89, 55)",b'using OutputBuffer = typename Support::Output...'
kernels,../repos/tensorflow/tensorflow/core/kernels/unary_ops_composition.cc,"(90, 3)-(90, 49)",b'using ComputeFn = typename Support::ComputeFn;'
kernels,../repos/tensorflow/tensorflow/core/kernels/unary_ops_composition.cc,"(218, 3)-(218, 19)",b'using T = float;'
kernels,../repos/tensorflow/tensorflow/core/kernels/unary_ops_composition.cc,"(295, 3)-(295, 25)",b'using T = Eigen::half;'
kernels,../repos/tensorflow/tensorflow/core/kernels/unary_ops_composition.cc,"(349, 3)-(349, 20)",b'using T = double;'
kernels,../repos/tensorflow/tensorflow/core/kernels/checkpoint_callback_manager.h,"(38, 1)-(38, 78)",b'using SaveCallback = std::function<StatusOr<s...'
kernels,../repos/tensorflow/tensorflow/core/kernels/checkpoint_callback_manager.h,"(42, 1)-(43, 65)",b'using RestoreCallback =\n    std::function<Sta...'
kernels,../repos/tensorflow/tensorflow/core/kernels/sparse/csr_sparse_matrix_to_sparse_tensor_op.cc,"(42, 1)-(42, 43)",b'using CPUDevice = Eigen::ThreadPoolDevice;'
kernels,../repos/tensorflow/tensorflow/core/kernels/sparse/csr_sparse_matrix_to_sparse_tensor_op.cc,"(43, 1)-(43, 36)",b'using GPUDevice = Eigen::GpuDevice;'
kernels,../repos/tensorflow/tensorflow/core/kernels/sparse/transpose_op.cc,"(214, 3)-(214, 64)","b'using SparseMatrix = Eigen::SparseMatrix<T, E...'"
kernels,../repos/tensorflow/tensorflow/core/kernels/sparse/sparse_cholesky_op.cc,"(74, 3)-(74, 64)","b'using SparseMatrix = Eigen::SparseMatrix<T, E...'"
kernels,../repos/tensorflow/tensorflow/core/kernels/sparse/sparse_ordering_amd_op.cc,"(57, 3)-(57, 66)","b'using SparseMatrix = Eigen::SparseMatrix<int,...'"
kernels,../repos/tensorflow/tensorflow/core/kernels/sparse/sparse_ordering_amd_op.cc,"(58, 3)-(59, 75)","b'using Indices =\n      Eigen::Matrix<int, Eige...'"
kernels,../repos/tensorflow/tensorflow/core/kernels/sparse/sparse_ordering_amd_op.cc,"(60, 3)-(60, 42)",b'using IndicesMap = Eigen::Map<Indices>;'
kernels,../repos/tensorflow/tensorflow/core/kernels/sparse/sparse_ordering_amd_op.cc,"(61, 3)-(61, 53)",b'using ConstIndicesMap = Eigen::Map<const Indices>;'
kernels,../repos/tensorflow/tensorflow/core/kernels/sparse/sparse_mat_mul_op.cc,"(111, 3)-(111, 64)","b'using SparseMatrix = Eigen::SparseMatrix<T, E...'"
kernels,../repos/tensorflow/tensorflow/core/kernels/sparse/mat_mul_op.cc,"(163, 3)-(163, 64)","b'using SparseMatrix = Eigen::SparseMatrix<T, E...'"
kernels,../repos/tensorflow/tensorflow/core/kernels/sparse/mat_mul_op.cc,"(164, 3)-(165, 73)","b'using Matrix =\n      Eigen::Matrix<T, Eigen::...'"
kernels,../repos/tensorflow/tensorflow/core/kernels/sparse/mat_mul_op.cc,"(166, 3)-(166, 51)",b'using ConstMatrixMap = Eigen::Map<const Matrix>;'
kernels,../repos/tensorflow/tensorflow/core/kernels/sparse/mat_mul_op.cc,"(167, 3)-(167, 40)",b'using MatrixMap = Eigen::Map<Matrix>;'
kernels,../repos/tensorflow/tensorflow/core/kernels/sparse/mat_mul_op.cc,"(426, 5)-(426, 52)",b'using Reducer = Eigen::internal::SumReducer<T>;'
kernels,../repos/tensorflow/tensorflow/core/kernels/sparse/mat_mul_op.cc,"(427, 5)-(427, 53)",b'using Index = typename TTypes<T>::Tensor::Index;'
kernels,../repos/tensorflow/tensorflow/core/kernels/sparse/mat_mul_op.cc,"(498, 3)-(498, 64)","b'using SparseMatrix = Eigen::SparseMatrix<T, E...'"
kernels,../repos/tensorflow/tensorflow/core/kernels/sparse/mat_mul_op.cc,"(499, 3)-(500, 73)","b'using Matrix =\n      Eigen::Matrix<T, Eigen::...'"
kernels,../repos/tensorflow/tensorflow/core/kernels/sparse/mat_mul_op.cc,"(501, 3)-(501, 51)",b'using ConstMatrixMap = Eigen::Map<const Matrix>;'
kernels,../repos/tensorflow/tensorflow/core/kernels/sparse/mat_mul_op.cc,"(502, 3)-(502, 40)",b'using MatrixMap = Eigen::Map<Matrix>;'
kernels,../repos/tensorflow/tensorflow/core/kernels/segment_reduction_ops_gpu.cu.h,"(44, 1)-(44, 36)",b'using GPUDevice = Eigen::GpuDevice;'
kernels,../repos/tensorflow/tensorflow/core/kernels/segment_reduction_ops_gpu.cu.h,"(283, 3)-(283, 18)",b'using type = T;'
kernels,../repos/tensorflow/tensorflow/core/kernels/segment_reduction_ops_gpu.cu.h,"(288, 3)-(288, 21)",b'using type = Real;'
kernels,../repos/tensorflow/tensorflow/core/kernels/segment_reduction_ops_gpu.cu.h,"(523, 3)-(524, 80)",b'using FunctorTy =\n      LookupAndScaleAndCast...'
kernels,../repos/tensorflow/tensorflow/core/kernels/segment_reduction_ops_gpu.cu.h,"(525, 3)-(525, 68)",b'using InputIteratorTy = gpuprim::CountingInpu...'
kernels,../repos/tensorflow/tensorflow/core/kernels/segment_reduction_ops_gpu.cu.h,"(526, 3)-(527, 79)",b'using IteratorTy =\n      gpuprim::TransformIn...'
kernels,../repos/tensorflow/tensorflow/core/kernels/segment_reduction_ops_gpu.cu.h,"(537, 3)-(538, 68)",b'using CastIteratorTy =\n      CastIterator<Tre...'
kernels,../repos/tensorflow/tensorflow/core/kernels/segment_reduction_ops_gpu.cu.h,"(663, 7)-(663, 47)","b'using Tvec = AlignedVector<T, vec_size>;'"
kernels,../repos/tensorflow/tensorflow/core/kernels/segment_reduction_ops_gpu.cu.h,"(664, 7)-(664, 59)","b'using Treducevec = AlignedVector<Treduce, vec...'"
kernels,../repos/tensorflow/tensorflow/core/kernels/segment_reduction_ops_gpu.cu.h,"(737, 3)-(737, 18)",b'using type = T;'
kernels,../repos/tensorflow/tensorflow/core/kernels/segment_reduction_ops_gpu.cu.h,"(743, 3)-(743, 22)",b'using type = float;'
kernels,../repos/tensorflow/tensorflow/core/kernels/segment_reduction_ops_gpu.cu.h,"(748, 3)-(748, 22)",b'using type = float;'
kernels,../repos/tensorflow/tensorflow/core/kernels/segment_reduction_ops_gpu.cu.h,"(838, 5)-(838, 62)",b'using Treduce = typename ReduceType<Reduction...'
kernels,../repos/tensorflow/tensorflow/core/kernels/segment_reduction_ops_gpu.cu.h,"(839, 5)-(839, 58)",b'using Tweights = typename RealTypeIfComplex<T...'
kernels,../repos/tensorflow/tensorflow/core/kernels/segment_reduction_ops_gpu.cu.h,"(934, 7)-(934, 64)",b'using Treduce = typename ReduceType<Reduction...'
kernels,../repos/tensorflow/tensorflow/core/kernels/segment_reduction_ops_gpu.cu.h,"(935, 7)-(935, 60)",b'using Tweights = typename RealTypeIfComplex<T...'
kernels,../repos/tensorflow/tensorflow/core/kernels/segment_reduction_ops_gpu.cu.h,"(956, 3)-(956, 33)",b'using ReduceOp = functor::Sum;'
kernels,../repos/tensorflow/tensorflow/core/kernels/segment_reduction_ops_gpu.cu.h,"(957, 3)-(957, 58)","b'using Treduce = typename ReduceType<ReduceOp,...'"
kernels,../repos/tensorflow/tensorflow/core/kernels/segment_reduction_ops_gpu.cu.h,"(958, 3)-(958, 56)",b'using Tweights = typename RealTypeIfComplex<T...'
kernels,../repos/tensorflow/tensorflow/core/kernels/segment_reduction_ops_gpu.cu.h,"(990, 5)-(990, 58)",b'using Tweights = typename RealTypeIfComplex<T...'
kernels,../repos/tensorflow/tensorflow/core/kernels/segment_reduction_ops_gpu.cu.h,"(1041, 5)-(1041, 35)",b'using ReduceOp = functor::Sum;'
kernels,../repos/tensorflow/tensorflow/core/kernels/segment_reduction_ops_gpu.cu.h,"(1042, 5)-(1042, 60)","b'using Treduce = typename ReduceType<ReduceOp,...'"
kernels,../repos/tensorflow/tensorflow/core/kernels/segment_reduction_ops_gpu.cu.h,"(1126, 5)-(1126, 28)",b'using Toffsets = int32;'
kernels,../repos/tensorflow/tensorflow/core/kernels/segment_reduction_ops_gpu.cu.h,"(1144, 5)-(1144, 35)",b'using TindicesCompact = int32;'
kernels,../repos/tensorflow/tensorflow/core/kernels/segment_reduction_ops_gpu.cu.h,"(1182, 3)-(1182, 56)",b'using Tweights = typename RealTypeIfComplex<T...'
kernels,../repos/tensorflow/tensorflow/core/kernels/segment_reduction_ops_gpu.cu.h,"(1269, 5)-(1269, 64)",b'using CountIter = gpuprim::CountingInputItera...'
kernels,../repos/tensorflow/tensorflow/core/kernels/segment_reduction_ops_gpu.cu.h,"(1270, 5)-(1271, 69)",b'using EdgeIndicatorIter = gpuprim::TransformI...'
kernels,../repos/tensorflow/tensorflow/core/kernels/segment_reduction_ops_gpu.cu.h,"(1334, 7)-(1334, 37)",b'using ReduceOp = functor::Sum;'
kernels,../repos/tensorflow/tensorflow/core/kernels/segment_reduction_ops_gpu.cu.h,"(1335, 7)-(1335, 62)","b'using Treduce = typename ReduceType<ReduceOp,...'"
kernels,../repos/tensorflow/tensorflow/core/kernels/eigen_benchmark.h,"(32, 3)-(32, 47)","b'using Input = TTypes<float, 4>::ConstTensor;'"
kernels,../repos/tensorflow/tensorflow/core/kernels/eigen_benchmark.h,"(33, 3)-(33, 48)","b'using Filter = TTypes<float, 4>::ConstTensor;'"
kernels,../repos/tensorflow/tensorflow/core/kernels/eigen_benchmark.h,"(34, 3)-(34, 43)","b'using Output = TTypes<float, 4>::Tensor;'"
kernels,../repos/tensorflow/tensorflow/core/kernels/eigen_benchmark.h,"(36, 3)-(36, 53)","b'using Dimensions = Eigen::DSizes<Eigen::Index, 4>;'"
kernels,../repos/tensorflow/tensorflow/core/kernels/eigen_benchmark.h,"(78, 5)-(78, 58)","b'using OutputBackward = TTypes<float, 4>::Cons...'"
kernels,../repos/tensorflow/tensorflow/core/kernels/eigen_benchmark.h,"(79, 5)-(79, 52)","b'using InputBackward = TTypes<float, 4>::Tensor;'"
kernels,../repos/tensorflow/tensorflow/core/kernels/eigen_benchmark.h,"(117, 5)-(117, 58)","b'using OutputBackward = TTypes<float, 4>::Cons...'"
kernels,../repos/tensorflow/tensorflow/core/kernels/eigen_benchmark.h,"(118, 5)-(118, 53)","b'using FilterBackward = TTypes<float, 4>::Tensor;'"
kernels,../repos/tensorflow/tensorflow/core/kernels/eigen_benchmark.h,"(163, 3)-(163, 47)","b'using Input = TTypes<float, 5>::ConstTensor;'"
kernels,../repos/tensorflow/tensorflow/core/kernels/eigen_benchmark.h,"(164, 3)-(164, 48)","b'using Filter = TTypes<float, 5>::ConstTensor;'"
kernels,../repos/tensorflow/tensorflow/core/kernels/eigen_benchmark.h,"(165, 3)-(165, 43)","b'using Output = TTypes<float, 5>::Tensor;'"
kernels,../repos/tensorflow/tensorflow/core/kernels/eigen_benchmark.h,"(167, 3)-(167, 53)","b'using Dimensions = Eigen::DSizes<Eigen::Index, 5>;'"
kernels,../repos/tensorflow/tensorflow/core/kernels/eigen_benchmark.h,"(216, 5)-(216, 58)","b'using OutputBackward = TTypes<float, 5>::Cons...'"
kernels,../repos/tensorflow/tensorflow/core/kernels/eigen_benchmark.h,"(217, 5)-(217, 52)","b'using InputBackward = TTypes<float, 5>::Tensor;'"
kernels,../repos/tensorflow/tensorflow/core/kernels/eigen_benchmark.h,"(251, 5)-(251, 58)","b'using OutputBackward = TTypes<float, 5>::Cons...'"
kernels,../repos/tensorflow/tensorflow/core/kernels/eigen_benchmark.h,"(252, 5)-(252, 53)","b'using FilterBackward = TTypes<float, 5>::Tensor;'"
kernels,../repos/tensorflow/tensorflow/core/kernels/linalg/matrix_logarithm_op.cc,"(42, 5)-(43, 80)","b'using Matrix =\n        Eigen::Matrix<Scalar, ...'"
kernels,../repos/tensorflow/tensorflow/core/kernels/linalg/matrix_solve_ls_op_impl.h,"(43, 3)-(43, 52)",b'using TensorShapes = typename Base::TensorShapes;'
kernels,../repos/tensorflow/tensorflow/core/kernels/linalg/matrix_solve_ls_op_impl.h,"(44, 3)-(44, 40)",b'using Matrix = typename Base::Matrix;'
kernels,../repos/tensorflow/tensorflow/core/kernels/linalg/matrix_solve_ls_op_impl.h,"(45, 3)-(45, 48)",b'using MatrixMaps = typename Base::MatrixMaps;'
kernels,../repos/tensorflow/tensorflow/core/kernels/linalg/matrix_solve_ls_op_impl.h,"(46, 3)-(46, 56)",b'using ConstMatrixMap = typename Base::ConstMa...'
kernels,../repos/tensorflow/tensorflow/core/kernels/linalg/matrix_solve_ls_op_impl.h,"(47, 3)-(47, 58)",b'using ConstMatrixMaps = typename Base::ConstM...'
kernels,../repos/tensorflow/tensorflow/core/kernels/linalg/matrix_exponential_op.cc,"(42, 5)-(43, 80)","b'using Matrix =\n        Eigen::Matrix<Scalar, ...'"
kernels,../repos/tensorflow/tensorflow/core/kernels/linalg/self_adjoint_eig_v2_op_gpu.cc,"(87, 5)-(87, 64)",b'using RealScalar = typename Eigen::NumTraits<...'
kernels,../repos/tensorflow/tensorflow/core/kernels/linalg/tridiagonal_solve_op.cc,"(43, 3)-(44, 65)",b'using MatrixMapRow =\n      decltype(std::decl...'
kernels,../repos/tensorflow/tensorflow/core/kernels/linalg/matrix_square_root_op.cc,"(42, 5)-(43, 80)","b'using Matrix =\n        Eigen::Matrix<Scalar, ...'"
kernels,../repos/tensorflow/tensorflow/core/kernels/linalg/matrix_inverse_op.cc,"(106, 5)-(107, 79)",b'using FloatMatrix =\n        Eigen::Matrix<flo...'
kernels,../repos/tensorflow/tensorflow/core/kernels/linalg/linalg_ops_common.h,"(46, 3)-(46, 59)",b'using TensorShapes = gtl::InlinedVector<Tenso...'
kernels,../repos/tensorflow/tensorflow/core/kernels/linalg/linalg_ops_common.h,"(112, 3)-(113, 54)",b'using InputMatrix = Eigen::Matrix<InputScalar...'
kernels,../repos/tensorflow/tensorflow/core/kernels/linalg/linalg_ops_common.h,"(114, 3)-(114, 61)",b'using InputConstMatrixMap = Eigen::Map<const ...'
kernels,../repos/tensorflow/tensorflow/core/kernels/linalg/linalg_ops_common.h,"(115, 3)-(115, 50)",b'using InputMatrixMap = Eigen::Map<InputMatrix>;'
kernels,../repos/tensorflow/tensorflow/core/kernels/linalg/linalg_ops_common.h,"(116, 3)-(117, 71)",b'using InputConstVectorMap =\n      Eigen::Map<...'
kernels,../repos/tensorflow/tensorflow/core/kernels/linalg/linalg_ops_common.h,"(118, 3)-(118, 75)",b'using InputConstMatrixMaps = gtl::InlinedVect...'
kernels,../repos/tensorflow/tensorflow/core/kernels/linalg/linalg_ops_common.h,"(119, 3)-(119, 65)",b'using InputMatrixMaps = gtl::InlinedVector<In...'
kernels,../repos/tensorflow/tensorflow/core/kernels/linalg/linalg_ops_common.h,"(120, 3)-(120, 72)",b'using InputRealScalar = typename Eigen::NumTr...'
kernels,../repos/tensorflow/tensorflow/core/kernels/linalg/linalg_ops_common.h,"(122, 3)-(123, 71)",b'using OutputMatrix = Eigen::Matrix<OutputScal...'
kernels,../repos/tensorflow/tensorflow/core/kernels/linalg/linalg_ops_common.h,"(124, 3)-(124, 63)",b'using OutputConstMatrixMap = Eigen::Map<const...'
kernels,../repos/tensorflow/tensorflow/core/kernels/linalg/linalg_ops_common.h,"(125, 3)-(125, 52)",b'using OutputMatrixMap = Eigen::Map<OutputMatrix>;'
kernels,../repos/tensorflow/tensorflow/core/kernels/linalg/linalg_ops_common.h,"(126, 3)-(127, 72)",b'using OutputConstVectorMap =\n      Eigen::Map...'
kernels,../repos/tensorflow/tensorflow/core/kernels/linalg/linalg_ops_common.h,"(128, 3)-(128, 77)",b'using OutputConstMatrixMaps = gtl::InlinedVec...'
kernels,../repos/tensorflow/tensorflow/core/kernels/linalg/linalg_ops_common.h,"(129, 3)-(129, 67)",b'using OutputMatrixMaps = gtl::InlinedVector<O...'
kernels,../repos/tensorflow/tensorflow/core/kernels/linalg/linalg_ops_common.h,"(130, 3)-(130, 74)",b'using OutputRealScalar = typename Eigen::NumT...'
kernels,../repos/tensorflow/tensorflow/core/kernels/linalg/linalg_ops_common.h,"(133, 3)-(133, 31)",b'using Scalar = OutputScalar;'
kernels,../repos/tensorflow/tensorflow/core/kernels/linalg/linalg_ops_common.h,"(134, 3)-(135, 78)","b'using Matrix =\n      Eigen::Matrix<Scalar, Ei...'"
kernels,../repos/tensorflow/tensorflow/core/kernels/linalg/linalg_ops_common.h,"(136, 3)-(136, 51)",b'using ConstMatrixMap = Eigen::Map<const Matrix>;'
kernels,../repos/tensorflow/tensorflow/core/kernels/linalg/linalg_ops_common.h,"(137, 3)-(137, 40)",b'using MatrixMap = Eigen::Map<Matrix>;'
kernels,../repos/tensorflow/tensorflow/core/kernels/linalg/linalg_ops_common.h,"(138, 3)-(139, 66)",b'using ConstVectorMap =\n      Eigen::Map<const...'
kernels,../repos/tensorflow/tensorflow/core/kernels/linalg/linalg_ops_common.h,"(140, 3)-(140, 65)",b'using ConstMatrixMaps = gtl::InlinedVector<Co...'
kernels,../repos/tensorflow/tensorflow/core/kernels/linalg/linalg_ops_common.h,"(141, 3)-(141, 55)",b'using MatrixMaps = gtl::InlinedVector<MatrixM...'
kernels,../repos/tensorflow/tensorflow/core/kernels/linalg/linalg_ops_common.h,"(142, 3)-(142, 62)",b'using RealScalar = typename Eigen::NumTraits<...'
kernels,../repos/tensorflow/tensorflow/core/kernels/linalg/linalg_ops_common.h,"(155, 3)-(155, 61)",b'using TensorInputs = gtl::InlinedVector<const...'
kernels,../repos/tensorflow/tensorflow/core/kernels/linalg/linalg_ops_common.h,"(156, 3)-(156, 56)",b'using TensorOutputs = gtl::InlinedVector<Tens...'
kernels,../repos/tensorflow/tensorflow/core/kernels/linalg/linalg_ops_common.h,"(202, 3)-(202, 62)",b'using RealScalar = typename Eigen::NumTraits<...'
kernels,../repos/tensorflow/tensorflow/core/kernels/linalg/linalg_ops_common.h,"(203, 3)-(203, 40)",b'using Matrix = typename Base::Matrix;'
kernels,../repos/tensorflow/tensorflow/core/kernels/linalg/linalg_ops_common.h,"(204, 3)-(204, 46)",b'using MatrixMap = typename Base::MatrixMap;'
kernels,../repos/tensorflow/tensorflow/core/kernels/linalg/linalg_ops_common.h,"(205, 3)-(205, 48)",b'using MatrixMaps = typename Base::MatrixMaps;'
kernels,../repos/tensorflow/tensorflow/core/kernels/linalg/linalg_ops_common.h,"(206, 3)-(206, 56)",b'using ConstMatrixMap = typename Base::ConstMa...'
kernels,../repos/tensorflow/tensorflow/core/kernels/linalg/linalg_ops_common.h,"(207, 3)-(207, 58)",b'using ConstMatrixMaps = typename Base::ConstM...'
kernels,../repos/tensorflow/tensorflow/core/kernels/linalg/linalg_ops_common.h,"(208, 3)-(208, 56)",b'using ConstVectorMap = typename Base::ConstVe...'
kernels,../repos/tensorflow/tensorflow/core/kernels/linalg/linalg_ops_common.h,"(209, 3)-(209, 52)",b'using TensorShapes = typename Base::TensorShapes;'
kernels,../repos/tensorflow/tensorflow/core/kernels/linalg/banded_triangular_solve_op.cc,"(43, 3)-(44, 78)","b'using Matrix =\n      Eigen::Matrix<Scalar, Ei...'"
kernels,../repos/tensorflow/tensorflow/core/kernels/linalg/banded_triangular_solve_op.cc,"(45, 3)-(45, 51)",b'using ConstMatrixMap = Eigen::Map<const Matrix>;'
kernels,../repos/tensorflow/tensorflow/core/kernels/linalg/banded_triangular_solve_op.cc,"(46, 3)-(46, 40)",b'using MatrixMap = Eigen::Map<Matrix>;'
kernels,../repos/tensorflow/tensorflow/core/kernels/linalg/banded_triangular_solve_op.cc,"(47, 3)-(47, 62)",b'using RealScalar = typename Eigen::NumTraits<...'
kernels,../repos/tensorflow/tensorflow/core/kernels/linalg/banded_triangular_solve_op.cc,"(177, 5)-(178, 80)","b'using Matrix =\n        Eigen::Matrix<Scalar, ...'"
kernels,../repos/tensorflow/tensorflow/core/kernels/linalg/banded_triangular_solve_op.cc,"(179, 5)-(179, 53)",b'using ConstMatrixMap = Eigen::Map<const Matrix>;'
kernels,../repos/tensorflow/tensorflow/core/kernels/linalg/banded_triangular_solve_op.cc,"(180, 5)-(180, 64)",b'using RealScalar = typename Eigen::NumTraits<...'
kernels,../repos/tensorflow/tensorflow/core/kernels/linalg/cholesky_grad.cc,"(32, 3)-(32, 52)",b'using TensorShapes = typename Base::TensorShapes;'
kernels,../repos/tensorflow/tensorflow/core/kernels/linalg/cholesky_grad.cc,"(33, 3)-(33, 40)",b'using Matrix = typename Base::Matrix;'
kernels,../repos/tensorflow/tensorflow/core/kernels/linalg/cholesky_grad.cc,"(34, 3)-(34, 46)",b'using MatrixMap = typename Base::MatrixMap;'
kernels,../repos/tensorflow/tensorflow/core/kernels/linalg/cholesky_grad.cc,"(35, 3)-(35, 48)",b'using MatrixMaps = typename Base::MatrixMaps;'
kernels,../repos/tensorflow/tensorflow/core/kernels/linalg/cholesky_grad.cc,"(36, 3)-(36, 56)",b'using ConstMatrixMap = typename Base::ConstMa...'
kernels,../repos/tensorflow/tensorflow/core/kernels/linalg/cholesky_grad.cc,"(37, 3)-(37, 58)",b'using ConstMatrixMaps = typename Base::ConstM...'
kernels,../repos/tensorflow/tensorflow/core/kernels/linalg/cholesky_grad.cc,"(38, 3)-(38, 45)",b'using ConstRef = Eigen::Ref<const Matrix>;'
kernels,../repos/tensorflow/tensorflow/core/kernels/linalg/cholesky_grad.cc,"(39, 3)-(39, 34)",b'using Ref = Eigen::Ref<Matrix>;'
kernels,../repos/tensorflow/tensorflow/core/kernels/linalg/matrix_triangular_solve_op_impl.h,"(60, 3)-(61, 78)","b'using Matrix =\n      Eigen::Matrix<Scalar, Ei...'"
kernels,../repos/tensorflow/tensorflow/core/kernels/linalg/matrix_triangular_solve_op_impl.h,"(62, 3)-(62, 51)",b'using ConstMatrixMap = Eigen::Map<const Matrix>;'
kernels,../repos/tensorflow/tensorflow/core/kernels/linalg/matrix_triangular_solve_op_impl.h,"(63, 3)-(63, 40)",b'using MatrixMap = Eigen::Map<Matrix>;'
kernels,../repos/tensorflow/tensorflow/core/kernels/linalg/matrix_triangular_solve_op_impl.h,"(64, 3)-(64, 62)",b'using RealScalar = typename Eigen::NumTraits<...'
kernels,../repos/tensorflow/tensorflow/core/kernels/linalg/matrix_triangular_solve_op_impl.h,"(124, 5)-(125, 80)","b'using Matrix =\n        Eigen::Matrix<Scalar, ...'"
kernels,../repos/tensorflow/tensorflow/core/kernels/linalg/matrix_triangular_solve_op_impl.h,"(126, 5)-(126, 53)",b'using ConstMatrixMap = Eigen::Map<const Matrix>;'
kernels,../repos/tensorflow/tensorflow/core/kernels/linalg/matrix_triangular_solve_op_impl.h,"(127, 5)-(127, 64)",b'using RealScalar = typename Eigen::NumTraits<...'
kernels,../repos/tensorflow/tensorflow/core/kernels/linalg/self_adjoint_eig_v2_op_impl.h,"(43, 3)-(43, 52)",b'using TensorShapes = typename Base::TensorShapes;'
kernels,../repos/tensorflow/tensorflow/core/kernels/linalg/self_adjoint_eig_v2_op_impl.h,"(44, 3)-(44, 40)",b'using Matrix = typename Base::Matrix;'
kernels,../repos/tensorflow/tensorflow/core/kernels/linalg/self_adjoint_eig_v2_op_impl.h,"(45, 3)-(45, 48)",b'using MatrixMaps = typename Base::MatrixMaps;'
kernels,../repos/tensorflow/tensorflow/core/kernels/linalg/self_adjoint_eig_v2_op_impl.h,"(46, 3)-(46, 56)",b'using ConstMatrixMap = typename Base::ConstMa...'
kernels,../repos/tensorflow/tensorflow/core/kernels/linalg/self_adjoint_eig_v2_op_impl.h,"(47, 3)-(47, 58)",b'using ConstMatrixMaps = typename Base::ConstM...'
kernels,../repos/tensorflow/tensorflow/core/kernels/linalg/self_adjoint_eig_op.cc,"(38, 3)-(38, 52)",b'using TensorShapes = typename Base::TensorShapes;'
kernels,../repos/tensorflow/tensorflow/core/kernels/linalg/self_adjoint_eig_op.cc,"(39, 3)-(39, 40)",b'using Matrix = typename Base::Matrix;'
kernels,../repos/tensorflow/tensorflow/core/kernels/linalg/self_adjoint_eig_op.cc,"(40, 3)-(40, 48)",b'using MatrixMaps = typename Base::MatrixMaps;'
kernels,../repos/tensorflow/tensorflow/core/kernels/linalg/self_adjoint_eig_op.cc,"(41, 3)-(41, 56)",b'using ConstMatrixMap = typename Base::ConstMa...'
kernels,../repos/tensorflow/tensorflow/core/kernels/linalg/self_adjoint_eig_op.cc,"(42, 3)-(42, 58)",b'using ConstMatrixMaps = typename Base::ConstM...'
kernels,../repos/tensorflow/tensorflow/core/kernels/linalg/svd_op_impl.h,"(48, 3)-(48, 52)",b'using TensorShapes = typename Base::TensorShapes;'
kernels,../repos/tensorflow/tensorflow/core/kernels/linalg/svd_op_impl.h,"(79, 3)-(79, 40)",b'using Matrix = typename Base::Matrix;'
kernels,../repos/tensorflow/tensorflow/core/kernels/linalg/svd_op_impl.h,"(80, 3)-(80, 48)",b'using MatrixMaps = typename Base::MatrixMaps;'
kernels,../repos/tensorflow/tensorflow/core/kernels/linalg/svd_op_impl.h,"(81, 3)-(81, 56)",b'using ConstMatrixMap = typename Base::ConstMa...'
kernels,../repos/tensorflow/tensorflow/core/kernels/linalg/svd_op_impl.h,"(82, 3)-(82, 58)",b'using ConstMatrixMaps = typename Base::ConstM...'
kernels,../repos/tensorflow/tensorflow/core/kernels/linalg/qr_op_impl.h,"(62, 3)-(62, 52)",b'using TensorShapes = typename Base::TensorShapes;'
kernels,../repos/tensorflow/tensorflow/core/kernels/linalg/qr_op_impl.h,"(96, 3)-(96, 40)",b'using Matrix = typename Base::Matrix;'
kernels,../repos/tensorflow/tensorflow/core/kernels/linalg/qr_op_impl.h,"(97, 3)-(97, 48)",b'using MatrixMaps = typename Base::MatrixMaps;'
kernels,../repos/tensorflow/tensorflow/core/kernels/linalg/qr_op_impl.h,"(98, 3)-(98, 56)",b'using ConstMatrixMap = typename Base::ConstMa...'
kernels,../repos/tensorflow/tensorflow/core/kernels/linalg/qr_op_impl.h,"(99, 3)-(99, 58)",b'using ConstMatrixMaps = typename Base::ConstM...'
kernels,../repos/tensorflow/tensorflow/core/kernels/linalg/lu_op.cc,"(35, 3)-(35, 59)",b'using TensorShapes = gtl::InlinedVector<Tenso...'
kernels,../repos/tensorflow/tensorflow/core/kernels/linalg/lu_op.cc,"(36, 3)-(36, 56)",b'using TensorOutputs = gtl::InlinedVector<Tens...'
kernels,../repos/tensorflow/tensorflow/core/kernels/linalg/lu_op.cc,"(38, 3)-(39, 78)","b'using Matrix =\n      Eigen::Matrix<Scalar, Ei...'"
kernels,../repos/tensorflow/tensorflow/core/kernels/linalg/lu_op.cc,"(40, 3)-(40, 51)",b'using ConstMatrixMap = Eigen::Map<const Matrix>;'
kernels,../repos/tensorflow/tensorflow/core/kernels/linalg/lu_op.cc,"(41, 3)-(41, 40)",b'using MatrixMap = Eigen::Map<Matrix>;'
kernels,../repos/tensorflow/tensorflow/core/kernels/linalg/lu_op.cc,"(43, 3)-(43, 62)",b'using RealScalar = typename Eigen::NumTraits<...'
kernels,../repos/tensorflow/tensorflow/core/kernels/linalg/lu_op.cc,"(45, 3)-(46, 76)","b'using Indices =\n      Eigen::Matrix<Tidx, Eig...'"
kernels,../repos/tensorflow/tensorflow/core/kernels/linalg/lu_op.cc,"(47, 3)-(47, 42)",b'using IndicesMap = Eigen::Map<Indices>;'
kernels,../repos/tensorflow/tensorflow/core/kernels/linalg/lu_op.cc,"(48, 3)-(48, 53)",b'using ConstIndicesMap = Eigen::Map<const Indices>;'
kernels,../repos/tensorflow/tensorflow/core/kernels/linalg/eig_op_impl.h,"(43, 3)-(43, 52)",b'using TensorShapes = typename Base::TensorShapes;'
kernels,../repos/tensorflow/tensorflow/core/kernels/linalg/eig_op_impl.h,"(44, 3)-(44, 50)",b'using InputMatrix = typename Base::InputMatrix;'
kernels,../repos/tensorflow/tensorflow/core/kernels/linalg/eig_op_impl.h,"(45, 3)-(45, 58)",b'using InputMatrixMaps = typename Base::InputM...'
kernels,../repos/tensorflow/tensorflow/core/kernels/linalg/eig_op_impl.h,"(46, 3)-(46, 66)",b'using InputConstMatrixMap = typename Base::In...'
kernels,../repos/tensorflow/tensorflow/core/kernels/linalg/eig_op_impl.h,"(47, 3)-(47, 68)",b'using InputConstMatrixMaps = typename Base::I...'
kernels,../repos/tensorflow/tensorflow/core/kernels/linalg/eig_op_impl.h,"(49, 3)-(49, 52)",b'using OutputMatrix = typename Base::OutputMatrix;'
kernels,../repos/tensorflow/tensorflow/core/kernels/linalg/eig_op_impl.h,"(50, 3)-(50, 60)",b'using OutputMatrixMaps = typename Base::Outpu...'
kernels,../repos/tensorflow/tensorflow/core/kernels/linalg/eig_op_impl.h,"(51, 3)-(51, 68)",b'using OutputConstMatrixMap = typename Base::O...'
kernels,../repos/tensorflow/tensorflow/core/kernels/linalg/eig_op_impl.h,"(52, 3)-(52, 70)",b'using OutputConstMatrixMaps = typename Base::...'
kernels,../repos/tensorflow/tensorflow/core/kernels/linalg/eig_op_impl.h,"(77, 5)-(80, 61)",b'using EigenSolver =\n        std::conditional_...'
kernels,../repos/tensorflow/tensorflow/core/kernels/linalg/determinant_op.cc,"(53, 3)-(53, 62)",b'using RealScalar = typename Eigen::NumTraits<...'
kernels,../repos/tensorflow/tensorflow/core/kernels/linalg/einsum_op_impl.h,"(52, 1)-(52, 43)",b'using CPUDevice = Eigen::ThreadPoolDevice;'
kernels,../repos/tensorflow/tensorflow/core/kernels/linalg/einsum_op_impl.h,"(53, 1)-(53, 36)",b'using GPUDevice = Eigen::GpuDevice;'
kernels,../repos/tensorflow/tensorflow/core/kernels/linalg/einsum_op_impl.h,"(55, 1)-(55, 49)","b'using ShapeVec = gtl::InlinedVector<int64_t, 8>;'"
kernels,../repos/tensorflow/tensorflow/core/kernels/linalg/einsum_op_impl.h,"(56, 1)-(56, 43)","b'using Labels = gtl::InlinedVector<int, 8>;'"
kernels,../repos/tensorflow/tensorflow/core/kernels/linalg/einsum_op_impl.h,"(57, 1)-(57, 53)",b'using OperandLabels = gtl::InlinedVector<Labe...'
kernels,../repos/tensorflow/tensorflow/core/kernels/linalg/einsum_op_impl.h,"(58, 1)-(58, 48)","b'using LabelCounts = gtl::InlinedVector<int, 8>;'"
kernels,../repos/tensorflow/tensorflow/core/kernels/linalg/einsum_op_impl.h,"(59, 1)-(59, 63)",b'using OperandLabelCounts = gtl::InlinedVector...'
kernels,../repos/tensorflow/tensorflow/core/kernels/linalg/einsum_op_impl.h,"(60, 1)-(60, 56)",b'using LabelToDimSizes = gtl::InlinedVector<in...'
kernels,../repos/tensorflow/tensorflow/core/kernels/linalg/einsum_op_impl.h,"(406, 5)-(406, 52)",b'using Reducer = Eigen::internal::SumReducer<T>;'
kernels,../repos/tensorflow/tensorflow/core/kernels/linalg/einsum_op_impl.h,"(407, 5)-(407, 53)",b'using Index = typename TTypes<T>::Tensor::Index;'
kernels,../repos/tensorflow/tensorflow/core/kernels/linalg/svd_op_gpu.cu.cc,"(92, 3)-(92, 62)",b'using RealScalar = typename Eigen::NumTraits<...'
kernels,../repos/tensorflow/tensorflow/core/kernels/matmul_op_test.cc,"(47, 3)-(49, 65)",b'using BiasAddGraphRunner =\n      std::functio...'
kernels,../repos/tensorflow/tensorflow/core/kernels/matmul_op_test.cc,"(419, 1)-(419, 68)",b'using FusedBiasAddDataTypes = ::testing::Type...'
kernels,../repos/tensorflow/tensorflow/core/kernels/resource_ops_test.cc,"(128, 1)-(128, 43)",b'using CPUDevice = Eigen::ThreadPoolDevice;'
kernels,../repos/tensorflow/tensorflow/core/kernels/sparse_slice_grad_op_gpu.cu.cc,"(89, 1)-(89, 72)",b'using IndexIterator = gpuprim::CountingInputI...'
kernels,../repos/tensorflow/tensorflow/core/kernels/sparse_slice_grad_op_gpu.cu.cc,"(90, 1)-(92, 77)",b'using MultiIndexSearchIterator =\n    gpuprim:...'
kernels,../repos/tensorflow/tensorflow/core/kernels/bias_op.cc,"(203, 7)-(203, 56)",b'using AccumT = typename AccumulatorType<T>::type;'
kernels,../repos/tensorflow/tensorflow/core/kernels/bias_op.cc,"(336, 3)-(336, 55)",b'using SpatialArray = gtl::InlinedVector<int64...'
kernels,../repos/tensorflow/tensorflow/core/kernels/bias_op.cc,"(368, 3)-(368, 80)",b'using ParamsDataType = std::tuple<SpatialArra...'
kernels,../repos/tensorflow/tensorflow/core/kernels/quantize_and_dequantize_op.h,"(228, 5)-(228, 70)",b'using Index = typename tensorflow::TTypes<T>:...'
kernels,../repos/tensorflow/tensorflow/core/kernels/quantize_and_dequantize_op.h,"(300, 5)-(300, 70)",b'using Index = typename tensorflow::TTypes<T>:...'
kernels,../repos/tensorflow/tensorflow/core/kernels/conv_ops_test.cc,"(493, 3)-(495, 65)",b'using BiasAddGraphRunner =\n      std::functio...'
kernels,../repos/tensorflow/tensorflow/core/kernels/conv_ops_test.cc,"(497, 3)-(500, 75)",b'using BatchNormGraphRunner = std::function<vo...'
kernels,../repos/tensorflow/tensorflow/core/kernels/conv_ops_test.cc,"(906, 5)-(906, 69)",b'using ConvT = typename std::conditional<kIsIn...'
kernels,../repos/tensorflow/tensorflow/core/kernels/conv_ops_test.cc,"(1356, 1)-(1356, 76)",b'using FusedBiasAddDataTypes = ::testing::Type...'
kernels,../repos/tensorflow/tensorflow/core/kernels/conv_ops_test.cc,"(1360, 1)-(1360, 57)",b'using FusedBatchNormDataTypes = ::testing::Ty...'
kernels,../repos/tensorflow/tensorflow/core/kernels/fill_empty_rows_functor.h,"(23, 1)-(23, 43)",b'using CPUDevice = Eigen::ThreadPoolDevice;'
kernels,../repos/tensorflow/tensorflow/core/kernels/fill_empty_rows_functor.h,"(24, 1)-(24, 36)",b'using GPUDevice = Eigen::GpuDevice;'
kernels,../repos/tensorflow/tensorflow/core/kernels/segment_reduction_ops_impl.h,"(427, 1)-(427, 79)",b'using MatrixChip = Eigen::TensorChippingOp<0l...'
kernels,../repos/tensorflow/tensorflow/core/kernels/segment_reduction_ops_impl.h,"(430, 1)-(431, 75)",b'using constMatrixChip =\n    Eigen::TensorChip...'
kernels,../repos/tensorflow/tensorflow/core/kernels/segment_reduction_ops_impl.h,"(667, 3)-(670, 42)",b'using EnableIfBfloat16OrHalf =\n      typename...'
kernels,../repos/tensorflow/tensorflow/core/kernels/segment_reduction_ops_impl.h,"(672, 3)-(675, 42)",b'using EnableIfNotBfloat16OrHalf =\n      typen...'
kernels,../repos/tensorflow/tensorflow/core/kernels/fused_batch_norm_op.cc,"(48, 1)-(48, 43)",b'using CPUDevice = Eigen::ThreadPoolDevice;'
kernels,../repos/tensorflow/tensorflow/core/kernels/fused_batch_norm_op.cc,"(49, 1)-(49, 36)",b'using GPUDevice = Eigen::GpuDevice;'
kernels,../repos/tensorflow/tensorflow/core/kernels/fused_batch_norm_op.cc,"(464, 5)-(464, 57)",b'using ScalarSum = Eigen::internal::scalar_sum...'
kernels,../repos/tensorflow/tensorflow/core/kernels/fused_batch_norm_op.cc,"(604, 5)-(604, 57)",b'using ScalarSum = Eigen::internal::scalar_sum...'
kernels,../repos/tensorflow/tensorflow/core/kernels/fused_batch_norm_op.cc,"(1410, 3)-(1410, 67)",b'using FbnActivationMode = functor::FusedBatch...'
kernels,../repos/tensorflow/tensorflow/core/kernels/fused_batch_norm_op.cc,"(1643, 3)-(1643, 67)",b'using FbnActivationMode = functor::FusedBatch...'
kernels,../repos/tensorflow/tensorflow/core/kernels/parameterized_truncated_normal_op.cc,"(85, 7)-(85, 76)",b'using Uniform = random::UniformDistribution<r...'
kernels,../repos/tensorflow/tensorflow/core/kernels/parameterized_truncated_normal_op.cc,"(87, 7)-(87, 74)",b'using Normal = random::NormalDistribution<ran...'
kernels,../repos/tensorflow/tensorflow/core/kernels/parameterized_truncated_normal_op.cc,"(343, 7)-(343, 76)",b'using Uniform = random::UniformDistribution<r...'
kernels,../repos/tensorflow/tensorflow/core/kernels/parameterized_truncated_normal_op.cc,"(345, 7)-(345, 74)",b'using Normal = random::NormalDistribution<ran...'
kernels,../repos/tensorflow/tensorflow/core/kernels/spacetobatch_functor_gpu.cu.cc,"(103, 3)-(103, 67)","b'using SpaceT = typename std::conditional<B2S,...'"
kernels,../repos/tensorflow/tensorflow/core/kernels/spacetobatch_functor_gpu.cu.cc,"(104, 3)-(104, 67)","b'using BatchT = typename std::conditional<B2S,...'"
kernels,../repos/tensorflow/tensorflow/core/kernels/cwise_ops.h,"(215, 3)-(215, 28)",b'using result_type = Tout;'
kernels,../repos/tensorflow/tensorflow/core/kernels/cwise_ops.h,"(246, 3)-(246, 28)",b'using result_type = Tout;'
kernels,../repos/tensorflow/tensorflow/core/kernels/cwise_ops.h,"(1177, 5)-(1177, 52)",b'using U = typename std::make_unsigned<T>::type;'
kernels,../repos/tensorflow/tensorflow/core/kernels/ragged_tensor_to_sparse_kernel.cc,"(34, 3)-(34, 67)",b'using ConstFlatSplits = typename TTypes<SPLIT...'
kernels,../repos/tensorflow/tensorflow/core/kernels/tensor_cord.h,"(121, 5)-(121, 55)",b'using iterator_category = std::input_iterator_tag;'
kernels,../repos/tensorflow/tensorflow/core/kernels/tensor_cord.h,"(122, 5)-(122, 42)",b'using value_type = absl::string_view;'
kernels,../repos/tensorflow/tensorflow/core/kernels/tensor_cord.h,"(123, 5)-(123, 39)",b'using difference_type = ptrdiff_t;'
kernels,../repos/tensorflow/tensorflow/core/kernels/tensor_cord.h,"(124, 5)-(124, 39)",b'using pointer = const value_type*;'
kernels,../repos/tensorflow/tensorflow/core/kernels/tensor_cord.h,"(125, 5)-(125, 34)",b'using reference = value_type;'
kernels,../repos/tensorflow/tensorflow/core/kernels/tensor_cord.h,"(246, 5)-(246, 61)","b'using InlineRep = std::array<char, sizeof(Ext...'"
kernels,../repos/tensorflow/tensorflow/core/kernels/lookup_table_init_op.cc,"(40, 1)-(41, 61)",b'using InitializerSerializer =\n    lookup::Ini...'
kernels,../repos/tensorflow/tensorflow/core/kernels/conv_grad_filter_ops_benchmark_test.cc,"(157, 1)-(157, 20)",b'using fp32 = float;'
kernels,../repos/tensorflow/tensorflow/core/kernels/conv_grad_filter_ops_benchmark_test.cc,"(158, 1)-(158, 26)",b'using fp16 = Eigen::half;'
kernels,../repos/tensorflow/tensorflow/core/kernels/sparse_tensor_dense_matmul_op.h,"(74, 3)-(74, 18)",b'using type = T;'
kernels,../repos/tensorflow/tensorflow/core/kernels/sparse_tensor_dense_matmul_op.h,"(79, 3)-(79, 22)",b'using type = float;'
kernels,../repos/tensorflow/tensorflow/core/kernels/sparse_tensor_dense_matmul_op_gpu.cu.cc,"(97, 5)-(97, 44)",b'using Tsum = typename SumType<T>::type;'
kernels,../repos/tensorflow/tensorflow/core/kernels/fake_quant_ops_functor.h,"(67, 1)-(67, 65)",b'using ConstScalar = typename tensorflow::TTyp...'
kernels,../repos/tensorflow/tensorflow/core/kernels/fake_quant_ops_functor.h,"(69, 1)-(69, 55)",b'using Scalar = typename tensorflow::TTypes<T>...'
kernels,../repos/tensorflow/tensorflow/core/kernels/fake_quant_ops_functor.h,"(71, 1)-(71, 59)",b'using ConstVec = typename tensorflow::TTypes<...'
kernels,../repos/tensorflow/tensorflow/core/kernels/fake_quant_ops_functor.h,"(73, 1)-(73, 49)",b'using Vec = typename tensorflow::TTypes<T>::Vec;'
kernels,../repos/tensorflow/tensorflow/core/kernels/fake_quant_ops_functor.h,"(75, 1)-(75, 61)",b'using ConstFlat = typename tensorflow::TTypes...'
kernels,../repos/tensorflow/tensorflow/core/kernels/fake_quant_ops_functor.h,"(77, 1)-(77, 51)",b'using Flat = typename tensorflow::TTypes<T>::Flat;'
kernels,../repos/tensorflow/tensorflow/core/kernels/fake_quant_ops_functor.h,"(198, 1)-(198, 70)",b'using Index = typename tensorflow::TTypes<flo...'
kernels,../repos/tensorflow/tensorflow/core/kernels/stochastic_cast_op.cc,"(24, 1)-(24, 43)",b'using CPUDevice = Eigen::ThreadPoolDevice;'
kernels,../repos/tensorflow/tensorflow/core/kernels/stochastic_cast_op.cc,"(25, 1)-(25, 36)",b'using GPUDevice = Eigen::GpuDevice;'
kernels,../repos/tensorflow/tensorflow/core/kernels/set_kernels.cc,"(44, 1)-(44, 53)",b'using ShapeArray = sparse::SparseTensor::Shap...'
kernels,../repos/tensorflow/tensorflow/core/kernels/set_kernels.cc,"(45, 1)-(45, 55)",b'using VarDimArray = sparse::SparseTensor::Var...'
kernels,../repos/tensorflow/tensorflow/core/kernels/list_kernels.h,"(386, 3)-(387, 72)",b'using ConstMatrixVector =\n      std::vector<s...'
kernels,../repos/tensorflow/tensorflow/core/kernels/quantize_and_dequantize_op.cc,"(36, 1)-(36, 45)",b'using CpuDevice = ::Eigen::ThreadPoolDevice;'
kernels,../repos/tensorflow/tensorflow/core/kernels/quantize_and_dequantize_op.cc,"(37, 1)-(37, 38)",b'using GpuDevice = ::Eigen::GpuDevice;'
kernels,../repos/tensorflow/tensorflow/core/kernels/stateful_random_ops_cpu_gpu.h,"(76, 1)-(76, 43)",b'using CPUDevice = Eigen::ThreadPoolDevice;'
kernels,../repos/tensorflow/tensorflow/core/kernels/stateful_random_ops_cpu_gpu.h,"(89, 1)-(89, 36)",b'using GPUDevice = Eigen::GpuDevice;'
kernels,../repos/tensorflow/tensorflow/core/kernels/sequence_ops_gpu.cu.cc,"(27, 1)-(27, 36)",b'using GPUDevice = Eigen::GpuDevice;'
kernels,../repos/tensorflow/tensorflow/core/kernels/sparse_matmul_op.cc,"(52, 1)-(52, 58)","b'using BasicMatrix = Eigen::Tensor<T, 2, Eigen...'"
kernels,../repos/tensorflow/tensorflow/core/kernels/sparse_matmul_op.cc,"(55, 1)-(56, 76)",b'using BasicMatrixMap =\n    Eigen::TensorMap<E...'
kernels,../repos/tensorflow/tensorflow/core/kernels/sparse_matmul_op.cc,"(58, 1)-(58, 35)",b'using Matrix = BasicMatrix<float>;'
kernels,../repos/tensorflow/tensorflow/core/kernels/sparse_matmul_op.cc,"(59, 1)-(59, 41)",b'using MatrixMap = BasicMatrixMap<float>;'
kernels,../repos/tensorflow/tensorflow/core/kernels/sparse_matmul_op.cc,"(60, 1)-(60, 43)",b'using CPUDevice = Eigen::ThreadPoolDevice;'
kernels,../repos/tensorflow/tensorflow/core/kernels/sparse_matmul_op.cc,"(61, 1)-(61, 52)",b'using DSizes = Eigen::DSizes<Eigen::DenseInde...'
kernels,../repos/tensorflow/tensorflow/core/kernels/sparse_matmul_op.cc,"(103, 3)-(103, 50)",b'using ConstMatrixMap = BasicMatrixMap<const T>;'
kernels,../repos/tensorflow/tensorflow/core/kernels/sparse_matmul_op.cc,"(265, 1)-(265, 60)",b'using Packet = Eigen::internal::packet_traits...'
kernels,../repos/tensorflow/tensorflow/core/kernels/sparse_matmul_op.cc,"(771, 3)-(771, 35)",b'using MatrixL = BasicMatrix<TL>;'
kernels,../repos/tensorflow/tensorflow/core/kernels/sparse_matmul_op.cc,"(772, 3)-(772, 35)",b'using MatrixR = BasicMatrix<TR>;'
kernels,../repos/tensorflow/tensorflow/core/kernels/sparse_matmul_op.cc,"(773, 3)-(773, 52)",b'using ConstMatrixMapL = BasicMatrixMap<const TL>;'
kernels,../repos/tensorflow/tensorflow/core/kernels/sparse_matmul_op.cc,"(774, 3)-(774, 52)",b'using ConstMatrixMapR = BasicMatrixMap<const TR>;'
kernels,../repos/tensorflow/tensorflow/core/kernels/sparse_matmul_op.cc,"(775, 3)-(775, 41)",b'using MatrixMapR = BasicMatrixMap<TR>;'
kernels,../repos/tensorflow/tensorflow/core/kernels/sparse_matmul_op.cc,"(849, 3)-(849, 35)",b'using MatrixR = BasicMatrix<TR>;'
kernels,../repos/tensorflow/tensorflow/core/kernels/sparse_matmul_op.cc,"(850, 3)-(850, 52)",b'using ConstMatrixMapR = BasicMatrixMap<const TR>;'
kernels,../repos/tensorflow/tensorflow/core/kernels/count_ops.cc,"(36, 1)-(36, 65)",b'using BatchedMap = std::vector<absl::flat_has...'
kernels,../repos/tensorflow/tensorflow/core/kernels/sparse_reorder_op.cc,"(36, 1)-(36, 43)",b'using CPUDevice = Eigen::ThreadPoolDevice;'
kernels,../repos/tensorflow/tensorflow/core/kernels/sparse_reorder_op.cc,"(39, 1)-(39, 36)",b'using GPUDevice = Eigen::GpuDevice;'
kernels,../repos/tensorflow/tensorflow/core/kernels/eigen_mkldnn_contraction_kernel_test.cc,"(35, 1)-(35, 22)",b'using Scalar = float;'
kernels,../repos/tensorflow/tensorflow/core/kernels/eigen_mkldnn_contraction_kernel_test.cc,"(36, 1)-(36, 28)",b'using Index = Eigen::Index;'
kernels,../repos/tensorflow/tensorflow/core/kernels/eigen_mkldnn_contraction_kernel_test.cc,"(46, 3)-(46, 64)","b'using DataMapper = blas_data_mapper<Scalar, I...'"
kernels,../repos/tensorflow/tensorflow/core/kernels/eigen_mkldnn_contraction_kernel_test.cc,"(47, 3)-(48, 69)",b'using GemmPackColMajor =\n      gemm_pack_colm...'
kernels,../repos/tensorflow/tensorflow/core/kernels/eigen_mkldnn_contraction_kernel_test.cc,"(49, 3)-(49, 54)","b'using Tensor2d = Tensor<Scalar, 2, Options, I...'"
kernels,../repos/tensorflow/tensorflow/core/kernels/eigen_mkldnn_contraction_kernel_test.cc,"(96, 3)-(96, 54)","b'using Tensor2d = Tensor<Scalar, 2, Options, I...'"
kernels,../repos/tensorflow/tensorflow/core/kernels/eigen_mkldnn_contraction_kernel_test.cc,"(109, 3)-(109, 66)","b'using OutputMapper = blas_data_mapper<Scalar,...'"
kernels,../repos/tensorflow/tensorflow/core/kernels/eigen_mkldnn_contraction_kernel_test.cc,"(110, 3)-(111, 63)",b'using MkldnnGemmKernel =\n      dnnl_gemm_kern...'
kernels,../repos/tensorflow/tensorflow/core/kernels/eigen_mkldnn_contraction_kernel_test.cc,"(122, 3)-(122, 68)","b'using Matrix = Eigen::Matrix<Scalar, Dynamic,...'"
kernels,../repos/tensorflow/tensorflow/core/kernels/eigen_mkldnn_contraction_kernel_test.cc,"(123, 3)-(123, 76)","b'using MatrixMap = Map<Eigen::Matrix<Scalar, D...'"
kernels,../repos/tensorflow/tensorflow/core/kernels/eigen_mkldnn_contraction_kernel_test.cc,"(156, 3)-(156, 72)",b'using Tensor2dQInt8 = Eigen::Tensor<Eigen::QI...'
kernels,../repos/tensorflow/tensorflow/core/kernels/eigen_mkldnn_contraction_kernel_test.cc,"(157, 3)-(157, 74)",b'using Tensor2dQUInt8 = Eigen::Tensor<Eigen::Q...'
kernels,../repos/tensorflow/tensorflow/core/kernels/eigen_mkldnn_contraction_kernel_test.cc,"(158, 3)-(158, 74)",b'using Tensor2dQInt32 = Eigen::Tensor<Eigen::Q...'
kernels,../repos/tensorflow/tensorflow/core/kernels/eigen_mkldnn_contraction_kernel_test.cc,"(181, 3)-(181, 69)","b'using Matrix = Eigen::Matrix<int32_t, Dynamic...'"
kernels,../repos/tensorflow/tensorflow/core/kernels/fused_batch_norm_ex_op_test.cc,"(68, 3)-(73, 45)",b'using GraphRunner = std::function<void(\n     ...'
kernels,../repos/tensorflow/tensorflow/core/kernels/fused_batch_norm_ex_op_test.cc,"(491, 1)-(492, 42)",b'using FusedBatchNormExOpTrainingTest =\n    Fu...'
kernels,../repos/tensorflow/tensorflow/core/kernels/fused_batch_norm_ex_op_test.cc,"(517, 1)-(517, 73)",b'using FusedBatchNormExTrainingDataTypes = ::t...'
kernels,../repos/tensorflow/tensorflow/core/kernels/fused_batch_norm_ex_op_test.cc,"(527, 1)-(528, 42)",b'using FusedBatchNormExOpInferenceTest =\n    F...'
kernels,../repos/tensorflow/tensorflow/core/kernels/fused_batch_norm_ex_op_test.cc,"(553, 1)-(553, 81)",b'using FusedBatchNormExInferenceDataTypes = ::...'
kernels,../repos/tensorflow/tensorflow/core/kernels/fused_batch_norm_ex_op_test.cc,"(562, 1)-(562, 26)",b'using fp16 = Eigen::half;'
kernels,../repos/tensorflow/tensorflow/core/kernels/fused_batch_norm_ex_op_test.cc,"(563, 1)-(563, 20)",b'using fp32 = float;'
kernels,../repos/tensorflow/tensorflow/core/kernels/fused_batch_norm_ex_op_test.cc,"(564, 1)-(564, 56)",b'using SideInputAndActivation = std::pair<bool...'
kernels,../repos/tensorflow/tensorflow/core/kernels/bucketize_op.cc,"(28, 1)-(28, 43)",b'using CPUDevice = Eigen::ThreadPoolDevice;'
kernels,../repos/tensorflow/tensorflow/core/kernels/bucketize_op.cc,"(29, 1)-(29, 36)",b'using GPUDevice = Eigen::GpuDevice;'
kernels,../repos/tensorflow/tensorflow/core/kernels/mlir_generated/base_ops_test.h,"(32, 1)-(33, 75)","b'using is_integer = llvm::is_one_of<T, int8_t,...'"
kernels,../repos/tensorflow/tensorflow/core/kernels/mlir_generated/base_ops_test.h,"(250, 3)-(250, 46)",b'using ElementType = typename T::value_type;'
kernels,../repos/tensorflow/tensorflow/core/kernels/mlir_generated/base_ops_test.h,"(266, 3)-(266, 46)",b'using ElementType = typename T::value_type;'
kernels,../repos/tensorflow/tensorflow/core/kernels/mlir_generated/base_ops_test.h,"(303, 3)-(303, 46)",b'using ElementType = typename T::value_type;'
kernels,../repos/tensorflow/tensorflow/core/kernels/mlir_generated/base_op.h,"(48, 1)-(50, 75)",b'using DescriptorBuffer =\n    llvm::SmallVecto...'
kernels,../repos/tensorflow/tensorflow/core/kernels/eigen_cuboid_convolutions_test.cc,"(657, 3)-(657, 53)","b'using Dimensions = Eigen::DSizes<Eigen::Index, 4>;'"
kernels,../repos/tensorflow/tensorflow/core/kernels/eigen_cuboid_convolutions_test.cc,"(666, 3)-(666, 48)","b'using NewDimension = Eigen::DSizes<Index, 2>;'"
kernels,../repos/tensorflow/tensorflow/core/kernels/eigen_cuboid_convolutions_test.cc,"(669, 3)-(669, 54)",b'using nocontract_t = Eigen::array<Eigen::Inde...'
kernels,../repos/tensorflow/tensorflow/core/kernels/eigen_cuboid_convolutions_test.cc,"(670, 3)-(670, 52)","b'using contract_t = Eigen::array<Eigen::Index, 1>;'"
kernels,../repos/tensorflow/tensorflow/core/kernels/eigen_cuboid_convolutions_test.cc,"(676, 3)-(676, 59)","b'using ArgType = TensorMap<Tensor<T, 4>, Eigen...'"
kernels,../repos/tensorflow/tensorflow/core/kernels/eigen_cuboid_convolutions_test.cc,"(678, 3)-(681, 29)",b'using Evaluator = TensorEvaluator<\n      cons...'
kernels,../repos/tensorflow/tensorflow/core/kernels/eigen_cuboid_convolutions_test.cc,"(683, 3)-(689, 24)",b'using InputMapper = Eigen::internal::TensorCo...'
kernels,../repos/tensorflow/tensorflow/core/kernels/eigen_cuboid_convolutions_test.cc,"(691, 3)-(697, 24)",b'using SubMapper = Eigen::internal::TensorCont...'
kernels,../repos/tensorflow/tensorflow/core/kernels/eigen_cuboid_convolutions_test.cc,"(700, 3)-(702, 59)",b'using PackRhsImpl =\n      Eigen::internal::ge...'
kernels,../repos/tensorflow/tensorflow/core/kernels/eigen_cuboid_convolutions_test.cc,"(704, 3)-(704, 62)",b'using Traits = typename Eigen::internal::gebp...'
kernels,../repos/tensorflow/tensorflow/core/kernels/eigen_cuboid_convolutions_test.cc,"(705, 3)-(710, 59)",b'using PackRhsImpl =\n      Eigen::internal::ge...'
kernels,../repos/tensorflow/tensorflow/core/kernels/eigen_cuboid_convolutions_test.cc,"(852, 3)-(852, 53)","b'using Dimensions = Eigen::DSizes<Eigen::Index, 4>;'"
kernels,../repos/tensorflow/tensorflow/core/kernels/eigen_cuboid_convolutions_test.cc,"(861, 3)-(861, 48)","b'using NewDimension = Eigen::DSizes<Index, 2>;'"
kernels,../repos/tensorflow/tensorflow/core/kernels/eigen_cuboid_convolutions_test.cc,"(864, 3)-(864, 54)",b'using nocontract_t = Eigen::array<Eigen::Inde...'
kernels,../repos/tensorflow/tensorflow/core/kernels/eigen_cuboid_convolutions_test.cc,"(865, 3)-(865, 52)","b'using contract_t = Eigen::array<Eigen::Index, 1>;'"
kernels,../repos/tensorflow/tensorflow/core/kernels/eigen_cuboid_convolutions_test.cc,"(871, 3)-(871, 59)","b'using ArgType = TensorMap<Tensor<T, 4>, Eigen...'"
kernels,../repos/tensorflow/tensorflow/core/kernels/eigen_cuboid_convolutions_test.cc,"(873, 3)-(875, 45)",b'using Evaluator =\n      TensorEvaluator<const...'
kernels,../repos/tensorflow/tensorflow/core/kernels/eigen_cuboid_convolutions_test.cc,"(877, 3)-(883, 24)",b'using InputMapper = Eigen::internal::TensorCo...'
kernels,../repos/tensorflow/tensorflow/core/kernels/eigen_cuboid_convolutions_test.cc,"(885, 3)-(891, 24)",b'using SubMapper = Eigen::internal::TensorCont...'
kernels,../repos/tensorflow/tensorflow/core/kernels/eigen_cuboid_convolutions_test.cc,"(894, 3)-(896, 59)",b'using PackLhsImpl =\n      Eigen::internal::ge...'
kernels,../repos/tensorflow/tensorflow/core/kernels/eigen_cuboid_convolutions_test.cc,"(898, 3)-(898, 62)",b'using Traits = typename Eigen::internal::gebp...'
kernels,../repos/tensorflow/tensorflow/core/kernels/eigen_cuboid_convolutions_test.cc,"(899, 3)-(904, 48)",b'using PackLhsImpl =\n      Eigen::internal::ge...'
kernels,../repos/tensorflow/tensorflow/core/kernels/eigen_cuboid_convolutions_test.cc,"(1249, 1)-(1249, 28)",b'using qint8 = Eigen::QInt8;'
kernels,../repos/tensorflow/tensorflow/core/kernels/sequence_ops.cc,"(32, 1)-(32, 43)",b'using CPUDevice = Eigen::ThreadPoolDevice;'
kernels,../repos/tensorflow/tensorflow/core/kernels/sequence_ops.cc,"(33, 1)-(33, 36)",b'using GPUDevice = Eigen::GpuDevice;'
kernels,../repos/tensorflow/tensorflow/core/kernels/dynamic_stitch_op_gpu.cu.cc,"(27, 1)-(27, 36)",b'using GPUDevice = Eigen::GpuDevice;'
kernels,../repos/tensorflow/tensorflow/core/kernels/cudnn_rnn_ops.cc,"(83, 1)-(83, 43)",b'using CPUDevice = Eigen::ThreadPoolDevice;'
kernels,../repos/tensorflow/tensorflow/core/kernels/cudnn_rnn_ops.cc,"(87, 1)-(87, 36)",b'using GPUDevice = Eigen::GpuDevice;'
kernels,../repos/tensorflow/tensorflow/core/kernels/cudnn_rnn_ops.cc,"(203, 3)-(204, 75)","b'using ParameterDataType = std::tuple<int, int...'"
kernels,../repos/tensorflow/tensorflow/core/kernels/cudnn_rnn_ops.cc,"(230, 1)-(231, 78)",b'using AutotuneRnnConfigMap =\n    AutotuneSing...'
kernels,../repos/tensorflow/tensorflow/core/kernels/cudnn_rnn_ops.cc,"(1334, 3)-(1336, 72)",b'using RnnStateCache = gtl::FlatMap<\n      std...'
kernels,../repos/tensorflow/tensorflow/core/kernels/ragged_gather_op.cc,"(100, 3)-(100, 65)",b'using ConstFlatType = typename TTypes<SPLITS_...'
kernels,../repos/tensorflow/tensorflow/core/kernels/deserialize_sparse_string_op.cc,"(38, 1)-(38, 43)",b'using CPUDevice = Eigen::ThreadPoolDevice;'
kernels,../repos/tensorflow/tensorflow/core/kernels/depthwise_conv_op_gpu.h,"(44, 3)-(44, 18)",b'using Type = T;'
kernels,../repos/tensorflow/tensorflow/core/kernels/depthwise_conv_op_gpu.h,"(48, 3)-(48, 22)",b'using Type = float;'
kernels,../repos/tensorflow/tensorflow/core/kernels/depthwise_conv_op_gpu.h,"(52, 3)-(52, 22)",b'using Type = float;'
kernels,../repos/tensorflow/tensorflow/core/kernels/in_topk_op_gpu.cu.cc,"(89, 3)-(89, 51)","b'using Dims = Eigen::DSizes<Eigen::Index, ndims>;'"
kernels,../repos/tensorflow/tensorflow/core/kernels/fused_batch_norm_op.cu.cc,"(175, 3)-(175, 21)",b'using IT = __half;'
kernels,../repos/tensorflow/tensorflow/core/kernels/fused_batch_norm_op.cu.cc,"(177, 3)-(177, 26)",b'using IT = Eigen::half;'
kernels,../repos/tensorflow/tensorflow/core/kernels/fused_batch_norm_op.cu.cc,"(179, 3)-(179, 25)",b'using T = Eigen::half;'
kernels,../repos/tensorflow/tensorflow/core/kernels/fused_batch_norm_op.cu.cc,"(180, 3)-(180, 19)",b'using U = float;'
kernels,../repos/tensorflow/tensorflow/core/kernels/fused_batch_norm_op.cu.cc,"(184, 3)-(187, 65)",b'using GenericKernel =\n      FusedBatchNormInf...'
kernels,../repos/tensorflow/tensorflow/core/kernels/fused_batch_norm_op.cu.cc,"(354, 5)-(354, 53)",b'using Activation = FusedBatchNormActivationMode;'
kernels,../repos/tensorflow/tensorflow/core/kernels/sparse_sparse_binary_op_shared.cc,"(197, 5)-(199, 44)",b'using UnalignedTensorMap =\n        Eigen::Ten...'
kernels,../repos/tensorflow/tensorflow/core/kernels/ragged_tensor_to_variant_op.cc,"(304, 7)-(304, 60)","b'using Piece = typename TTypes<VALUE_TYPE, 2>:...'"
kernels,../repos/tensorflow/tensorflow/core/kernels/ragged_tensor_to_variant_op.cc,"(305, 7)-(305, 70)",b'using ConstPiece = typename TTypes<VALUE_TYPE...'
kernels,../repos/tensorflow/tensorflow/core/kernels/gather_functor_batched_gpu.cu.h,"(102, 7)-(102, 47)","b'using Tvec = AlignedVector<T, vec_size>;'"
kernels,../repos/tensorflow/tensorflow/core/kernels/multinomial_op_gpu.cu.cc,"(37, 1)-(37, 36)",b'using GPUDevice = Eigen::GpuDevice;'
kernels,../repos/tensorflow/tensorflow/core/kernels/multinomial_op_gpu.cu.cc,"(50, 7)-(50, 80)",b'using UnsignedOutputType = typename std::make...'
kernels,../repos/tensorflow/tensorflow/core/kernels/tensor_cord.cc,"(72, 3)-(72, 37)",b'using HasMember = std::false_type;'
kernels,../repos/tensorflow/tensorflow/core/kernels/tensor_cord.cc,"(81, 3)-(81, 36)",b'using HasMember = std::true_type;'
kernels,../repos/tensorflow/tensorflow/core/kernels/sparse_reshape_op.cc,"(33, 1)-(33, 43)",b'using CPUDevice = Eigen::ThreadPoolDevice;'
kernels,../repos/tensorflow/tensorflow/core/kernels/sparse_reshape_op.cc,"(34, 1)-(34, 36)",b'using GPUDevice = Eigen::GpuDevice;'
kernels,../repos/tensorflow/tensorflow/core/kernels/in_topk_op.h,"(45, 3)-(45, 51)","b'using Dims = Eigen::DSizes<Eigen::Index, ndims>;'"
kernels,../repos/tensorflow/tensorflow/core/kernels/quantized_batch_norm_op_test.cc,"(34, 1)-(34, 46)",b'using QuantizedBatchNormOpTest = OpsTestBase;'
kernels,../repos/tensorflow/tensorflow/core/kernels/image/encode_jpeg_op_test.cc,"(29, 1)-(29, 55)",b'using EncodeJpegWithVariableQualityTest = Ops...'
kernels,../repos/tensorflow/tensorflow/core/kernels/image/crop_and_resize_op.cc,"(57, 1)-(57, 40)",b'using Callback = std::function<void()>;'
kernels,../repos/tensorflow/tensorflow/core/kernels/image/non_max_suppression_op_test.cc,"(375, 1)-(378, 54)",b'using NmsValidTypes =\n    ::testing::Types<st...'
kernels,../repos/tensorflow/tensorflow/core/kernels/image/non_max_suppression_op_test.cc,"(383, 3)-(383, 65)",b'using InputType = typename InputAndThresholdT...'
kernels,../repos/tensorflow/tensorflow/core/kernels/image/non_max_suppression_op_test.cc,"(384, 3)-(384, 70)",b'using ThresholdType = typename InputAndThresh...'
kernels,../repos/tensorflow/tensorflow/core/kernels/image/non_max_suppression_op_test.cc,"(403, 3)-(403, 53)",b'using InputType = typename TestFixture::InputType;'
kernels,../repos/tensorflow/tensorflow/core/kernels/image/non_max_suppression_op_test.cc,"(404, 3)-(404, 61)",b'using ThresholdType = typename TestFixture::T...'
kernels,../repos/tensorflow/tensorflow/core/kernels/image/non_max_suppression_op_test.cc,"(424, 3)-(424, 53)",b'using InputType = typename TestFixture::InputType;'
kernels,../repos/tensorflow/tensorflow/core/kernels/image/non_max_suppression_op_test.cc,"(425, 3)-(425, 61)",b'using ThresholdType = typename TestFixture::T...'
kernels,../repos/tensorflow/tensorflow/core/kernels/image/non_max_suppression_op_test.cc,"(445, 3)-(445, 53)",b'using InputType = typename TestFixture::InputType;'
kernels,../repos/tensorflow/tensorflow/core/kernels/image/non_max_suppression_op_test.cc,"(446, 3)-(446, 61)",b'using ThresholdType = typename TestFixture::T...'
kernels,../repos/tensorflow/tensorflow/core/kernels/image/non_max_suppression_op_test.cc,"(469, 3)-(469, 53)",b'using InputType = typename TestFixture::InputType;'
kernels,../repos/tensorflow/tensorflow/core/kernels/image/non_max_suppression_op_test.cc,"(470, 3)-(470, 61)",b'using ThresholdType = typename TestFixture::T...'
kernels,../repos/tensorflow/tensorflow/core/kernels/image/non_max_suppression_op_test.cc,"(489, 3)-(489, 53)",b'using InputType = typename TestFixture::InputType;'
kernels,../repos/tensorflow/tensorflow/core/kernels/image/non_max_suppression_op_test.cc,"(490, 3)-(490, 61)",b'using ThresholdType = typename TestFixture::T...'
kernels,../repos/tensorflow/tensorflow/core/kernels/image/non_max_suppression_op_test.cc,"(510, 3)-(510, 53)",b'using InputType = typename TestFixture::InputType;'
kernels,../repos/tensorflow/tensorflow/core/kernels/image/non_max_suppression_op_test.cc,"(511, 3)-(511, 61)",b'using ThresholdType = typename TestFixture::T...'
kernels,../repos/tensorflow/tensorflow/core/kernels/image/non_max_suppression_op_test.cc,"(530, 3)-(530, 53)",b'using InputType = typename TestFixture::InputType;'
kernels,../repos/tensorflow/tensorflow/core/kernels/image/non_max_suppression_op_test.cc,"(531, 3)-(531, 61)",b'using ThresholdType = typename TestFixture::T...'
kernels,../repos/tensorflow/tensorflow/core/kernels/image/non_max_suppression_op_test.cc,"(546, 3)-(546, 53)",b'using InputType = typename TestFixture::InputType;'
kernels,../repos/tensorflow/tensorflow/core/kernels/image/non_max_suppression_op_test.cc,"(547, 3)-(547, 61)",b'using ThresholdType = typename TestFixture::T...'
kernels,../repos/tensorflow/tensorflow/core/kernels/image/non_max_suppression_op_test.cc,"(574, 3)-(574, 53)",b'using InputType = typename TestFixture::InputType;'
kernels,../repos/tensorflow/tensorflow/core/kernels/image/non_max_suppression_op_test.cc,"(575, 3)-(575, 61)",b'using ThresholdType = typename TestFixture::T...'
kernels,../repos/tensorflow/tensorflow/core/kernels/image/non_max_suppression_op_test.cc,"(594, 3)-(594, 53)",b'using InputType = typename TestFixture::InputType;'
kernels,../repos/tensorflow/tensorflow/core/kernels/image/non_max_suppression_op_test.cc,"(595, 3)-(595, 61)",b'using ThresholdType = typename TestFixture::T...'
kernels,../repos/tensorflow/tensorflow/core/kernels/image/non_max_suppression_op_test.cc,"(611, 3)-(611, 53)",b'using InputType = typename TestFixture::InputType;'
kernels,../repos/tensorflow/tensorflow/core/kernels/image/non_max_suppression_op_test.cc,"(612, 3)-(612, 61)",b'using ThresholdType = typename TestFixture::T...'
kernels,../repos/tensorflow/tensorflow/core/kernels/image/non_max_suppression_op_test.cc,"(633, 3)-(633, 65)",b'using InputType = typename InputAndThresholdT...'
kernels,../repos/tensorflow/tensorflow/core/kernels/image/non_max_suppression_op_test.cc,"(634, 3)-(634, 70)",b'using ThresholdType = typename InputAndThresh...'
kernels,../repos/tensorflow/tensorflow/core/kernels/image/non_max_suppression_op_test.cc,"(654, 3)-(654, 53)",b'using InputType = typename TestFixture::InputType;'
kernels,../repos/tensorflow/tensorflow/core/kernels/image/non_max_suppression_op_test.cc,"(655, 3)-(655, 61)",b'using ThresholdType = typename TestFixture::T...'
kernels,../repos/tensorflow/tensorflow/core/kernels/image/non_max_suppression_op_test.cc,"(676, 3)-(676, 53)",b'using InputType = typename TestFixture::InputType;'
kernels,../repos/tensorflow/tensorflow/core/kernels/image/non_max_suppression_op_test.cc,"(677, 3)-(677, 61)",b'using ThresholdType = typename TestFixture::T...'
kernels,../repos/tensorflow/tensorflow/core/kernels/image/mirror_pad_op_gpu.cu.cc,"(25, 1)-(25, 36)",b'using GpuDevice = Eigen::GpuDevice;'
kernels,../repos/tensorflow/tensorflow/core/kernels/image/mirror_pad_op.cc,"(149, 1)-(149, 43)",b'using CpuDevice = Eigen::ThreadPoolDevice;'
kernels,../repos/tensorflow/tensorflow/core/kernels/image/mirror_pad_op.cc,"(150, 1)-(150, 36)",b'using GpuDevice = Eigen::GpuDevice;'
kernels,../repos/tensorflow/tensorflow/core/kernels/image/encode_png_op.cc,"(38, 1)-(38, 43)",b'using CPUDevice = Eigen::ThreadPoolDevice;'
kernels,../repos/tensorflow/tensorflow/core/kernels/image/mirror_pad_op_cpu_impl.h,"(27, 1)-(27, 43)",b'using CpuDevice = Eigen::ThreadPoolDevice;'
kernels,../repos/tensorflow/tensorflow/core/kernels/batch_kernels_test.cc,"(44, 1)-(44, 65)",b'using PerModelData = serving::WarmupStateRegi...'
kernels,../repos/tensorflow/tensorflow/core/kernels/spacetodepth_op.cc,"(43, 3)-(43, 18)",b'using type = T;'
kernels,../repos/tensorflow/tensorflow/core/kernels/spacetodepth_op.cc,"(51, 3)-(51, 22)",b'using type = uint8;'
kernels,../repos/tensorflow/tensorflow/core/kernels/spacetodepth_op.cc,"(131, 7)-(131, 44)",b'using RT = typename RawType<T>::type;'
kernels,../repos/tensorflow/tensorflow/core/kernels/unique_op.cc,"(41, 3)-(41, 51)","b'using map_type = absl::flat_hash_map<T, TIndex>;'"
kernels,../repos/tensorflow/tensorflow/core/kernels/unique_op.cc,"(48, 3)-(48, 67)",b'using map_type = absl::flat_hash_map<absl::st...'
kernels,../repos/tensorflow/tensorflow/core/kernels/unique_op.cc,"(56, 3)-(56, 54)","b'using map_type = std::unordered_map<float, TI...'"
kernels,../repos/tensorflow/tensorflow/core/kernels/unique_op.cc,"(60, 3)-(60, 55)","b'using map_type = std::unordered_map<double, T...'"
kernels,../repos/tensorflow/tensorflow/core/kernels/unique_op.cc,"(64, 3)-(64, 60)",b'using map_type = std::unordered_map<Eigen::ha...'
kernels,../repos/tensorflow/tensorflow/core/kernels/unique_op.cc,"(68, 3)-(68, 57)","b'using map_type = std::unordered_map<bfloat16,...'"
kernels,../repos/tensorflow/tensorflow/core/kernels/lookup_util.cc,"(33, 1)-(34, 75)",b'using InitializerSerializer =\n    ::tensorflo...'
kernels,../repos/tensorflow/tensorflow/core/kernels/stochastic_cast_op_test.cc,"(50, 3)-(50, 66)",b'using T = typename Eigen::internal::make_inte...'
kernels,../repos/tensorflow/tensorflow/core/kernels/stochastic_cast_op_test.cc,"(209, 5)-(209, 68)",b'using T = typename Eigen::internal::make_inte...'
kernels,../repos/tensorflow/tensorflow/core/kernels/stateful_random_ops.cc,"(167, 3)-(167, 54)",b'using T = typename Distribution::ResultElemen...'
kernels,../repos/tensorflow/tensorflow/core/kernels/stateful_random_ops.cc,"(308, 5)-(308, 32)",b'using T = StateElementType;'
kernels,../repos/tensorflow/tensorflow/core/kernels/conv_ops_fused_impl.h,"(181, 5)-(184, 71)",b'using OutputKernelFn =\n        std::function<...'
kernels,../repos/tensorflow/tensorflow/core/kernels/conv_ops_fused_impl.h,"(709, 5)-(709, 38)",b'using FCT = FusedComputationType;'
kernels,../repos/tensorflow/tensorflow/core/kernels/stateful_random_ops.h,"(28, 1)-(28, 34)",b'using StateElementType = int64_t;'
kernels,../repos/tensorflow/tensorflow/core/kernels/sdca_internal.cc,"(36, 1)-(36, 69)",b'using UnalignedFloatVector = TTypes<const flo...'
kernels,../repos/tensorflow/tensorflow/core/kernels/sdca_internal.cc,"(37, 1)-(37, 71)",b'using UnalignedInt64Vector = TTypes<const int...'
kernels,../repos/tensorflow/tensorflow/core/kernels/conv_2d_gpu.h,"(890, 3)-(890, 22)",b'using type = uint8;'
kernels,../repos/tensorflow/tensorflow/core/kernels/conv_2d_gpu.h,"(894, 3)-(894, 23)",b'using type = uint16;'
kernels,../repos/tensorflow/tensorflow/core/kernels/conv_2d_gpu.h,"(898, 3)-(898, 23)",b'using type = uint32;'
kernels,../repos/tensorflow/tensorflow/core/kernels/conv_2d_gpu.h,"(902, 3)-(902, 23)",b'using type = float2;'
kernels,../repos/tensorflow/tensorflow/core/kernels/conv_2d_gpu.h,"(906, 3)-(906, 24)",b'using type = double2;'
kernels,../repos/tensorflow/tensorflow/core/kernels/conv_2d_gpu.h,"(985, 3)-(985, 64)",b'using ElemType = typename TransposeElemType<s...'
kernels,../repos/tensorflow/tensorflow/core/kernels/concat_op.cc,"(187, 1)-(187, 62)","b'using ConcatOp = ConcatBaseOp<Device, T, NAME...'"
kernels,../repos/tensorflow/tensorflow/core/kernels/concat_op.cc,"(189, 1)-(189, 58)","b'using ConcatV2Op = ConcatBaseOp<Device, T, NA...'"
kernels,../repos/tensorflow/tensorflow/core/kernels/dynamic_partition_op_gpu.cu.cc,"(421, 5)-(422, 56)",b'using ConstantInputIterator =\n        ::rocpr...'
kernels,../repos/tensorflow/tensorflow/core/kernels/range_sampler.h,"(35, 1)-(35, 22)",b'using Env = tsl::Env;'
kernels,../repos/tensorflow/tensorflow/core/kernels/mkl/mkl_conv_grad_input_ops.cc,"(49, 1)-(49, 63)",b'using ConvBwdDataDesc = dnnl::convolution_bac...'
kernels,../repos/tensorflow/tensorflow/core/kernels/mkl/mkl_conv_grad_input_ops.cc,"(51, 1)-(51, 71)",b'using ConvBwdDataPd = dnnl::convolution_backw...'
kernels,../repos/tensorflow/tensorflow/core/kernels/mkl/mkl_relu_op.cc,"(42, 1)-(42, 60)",b'using EltwiseFwdPd = dnnl::eltwise_forward::p...'
kernels,../repos/tensorflow/tensorflow/core/kernels/mkl/mkl_relu_op.cc,"(43, 1)-(43, 61)",b'using EltwiseBwdPd = dnnl::eltwise_backward::...'
kernels,../repos/tensorflow/tensorflow/core/kernels/mkl/mkl_matmul_ops_common.h,"(1101, 3)-(1101, 35)",b'using dims = dnnl::memory::dims;'
kernels,../repos/tensorflow/tensorflow/core/kernels/mkl/mkl_fused_ops_test.cc,"(49, 1)-(51, 63)",b'using BiasAddGraphRunner =\n    std::function<...'
kernels,../repos/tensorflow/tensorflow/core/kernels/mkl/mkl_fused_ops_test.cc,"(53, 1)-(56, 25)",b'using FusedGraphRunner = std::function<void(\n...'
kernels,../repos/tensorflow/tensorflow/core/kernels/mkl/mkl_fused_ops_test.cc,"(58, 1)-(61, 76)",b'using FusedMatMulRunner =\n    std::function<v...'
kernels,../repos/tensorflow/tensorflow/core/kernels/mkl/mkl_fused_ops_test.cc,"(171, 3)-(171, 65)",b'using random_gen_ = Eigen::internal::NormalRa...'
kernels,../repos/tensorflow/tensorflow/core/kernels/mkl/mkl_fused_ops_test.cc,"(491, 1)-(491, 58)",b'using MklFusedBiasAddDataTypes = ::testing::T...'
kernels,../repos/tensorflow/tensorflow/core/kernels/mkl/mkl_fused_ops_test.cc,"(696, 1)-(696, 58)",b'using MklFusedBiasAddDataTypes = ::testing::T...'
kernels,../repos/tensorflow/tensorflow/core/kernels/mkl/mkl_fused_ops_test.cc,"(789, 1)-(789, 65)",b'using FusedPadConvDataTypes = ::testing::Type...'
kernels,../repos/tensorflow/tensorflow/core/kernels/mkl/mkl_fused_ops_test.cc,"(1060, 1)-(1060, 57)",b'using MklFusedMatMulDataTypes = ::testing::Ty...'
kernels,../repos/tensorflow/tensorflow/core/kernels/mkl/mkl_fused_ops_test.cc,"(1101, 5)-(1101, 63)","b'using KernelType = MklDnnMatMulOpBase<float, ...'"
kernels,../repos/tensorflow/tensorflow/core/kernels/mkl/mkl_fused_ops_test.cc,"(1476, 1)-(1476, 64)",b'using MklPadWithFusedConv2DDataTypes = ::test...'
kernels,../repos/tensorflow/tensorflow/core/kernels/mkl/mkl_conv_ops.cc,"(37, 1)-(37, 61)",b'using ConvFwdPd = dnnl::convolution_forward::...'
kernels,../repos/tensorflow/tensorflow/core/kernels/mkl/mkl_conv_ops.cc,"(38, 1)-(38, 49)",b'using ReorderPd = dnnl::reorder::primitive_desc;'
kernels,../repos/tensorflow/tensorflow/core/kernels/mkl/mkl_fused_instance_norm_op.cc,"(31, 1)-(31, 43)",b'using CPUDevice = Eigen::ThreadPoolDevice;'
kernels,../repos/tensorflow/tensorflow/core/kernels/mkl/mkl_conv_grad_filter_ops.cc,"(40, 1)-(40, 68)",b'using ConvBwdFilterDesc = dnnl::convolution_b...'
kernels,../repos/tensorflow/tensorflow/core/kernels/mkl/mkl_conv_grad_filter_ops.cc,"(42, 1)-(42, 76)",b'using ConvBwdFilterPd = dnnl::convolution_bac...'
kernels,../repos/tensorflow/tensorflow/core/kernels/mkl/mkl_fused_batch_norm_op_test.cc,"(42, 1)-(46, 45)",b'using GraphRunner = std::function<void(\n    c...'
kernels,../repos/tensorflow/tensorflow/core/kernels/mkl/mkl_fused_batch_norm_op_test.cc,"(48, 1)-(52, 59)",b'using GraphRunnerGrad = std::function<void(\n ...'
kernels,../repos/tensorflow/tensorflow/core/kernels/mkl/mkl_fused_batch_norm_op_test.cc,"(168, 3)-(168, 65)",b'using random_gen_ = Eigen::internal::NormalRa...'
kernels,../repos/tensorflow/tensorflow/core/kernels/mkl/mkl_fused_batch_norm_op_test.cc,"(425, 1)-(425, 57)",b'using FusedBatchNormDataTypes = ::testing::Ty...'
kernels,../repos/tensorflow/tensorflow/core/kernels/mkl/mkl_eltwise_activation_base_op.h,"(43, 1)-(43, 70)",b'using EltwiseFwdActivationPd = dnnl::eltwise_...'
kernels,../repos/tensorflow/tensorflow/core/kernels/mkl/mkl_pooling_ops_common.h,"(49, 1)-(49, 60)",b'using PoolingFwdPd = dnnl::pooling_forward::p...'
kernels,../repos/tensorflow/tensorflow/core/kernels/mkl/mkl_pooling_ops_common.h,"(50, 1)-(50, 61)",b'using PoolingBwdPd = dnnl::pooling_backward::...'
kernels,../repos/tensorflow/tensorflow/core/kernels/mkl/mkl_fused_batch_norm_op.cc,"(39, 1)-(39, 74)",b'using BatchNormFwdPd = dnnl::batch_normalizat...'
kernels,../repos/tensorflow/tensorflow/core/kernels/mkl/mkl_fused_batch_norm_op.cc,"(40, 1)-(40, 75)",b'using BatchNormBwdPd = dnnl::batch_normalizat...'
kernels,../repos/tensorflow/tensorflow/core/kernels/mkl/mkl_fused_batch_norm_op.cc,"(68, 1)-(68, 43)",b'using CPUDevice = Eigen::ThreadPoolDevice;'
kernels,../repos/tensorflow/tensorflow/core/kernels/mkl/mkl_fused_batch_norm_op.cc,"(70, 1)-(70, 69)",b'using FusedBNActivationMode = functor::FusedB...'
kernels,../repos/tensorflow/tensorflow/core/kernels/mkl/mkl_batch_matmul_helper.h,"(32, 3)-(32, 35)",b'using dims = dnnl::memory::dims;'
kernels,../repos/tensorflow/tensorflow/core/kernels/mkl/mkl_layer_norm_op.cc,"(27, 1)-(27, 43)",b'using CPUDevice = Eigen::ThreadPoolDevice;'
kernels,../repos/tensorflow/tensorflow/core/kernels/mkl/mkl_conv_ops.h,"(54, 1)-(54, 53)",b'using ConvFwdDesc = dnnl::convolution_forward...'
kernels,../repos/tensorflow/tensorflow/core/kernels/mkl/mkl_conv_ops.h,"(56, 1)-(56, 61)",b'using ConvFwdPd = dnnl::convolution_forward::...'
kernels,../repos/tensorflow/tensorflow/core/kernels/sparse_fill_empty_rows_op.cc,"(37, 1)-(37, 43)",b'using CPUDevice = Eigen::ThreadPoolDevice;'
kernels,../repos/tensorflow/tensorflow/core/kernels/sparse_fill_empty_rows_op.cc,"(38, 1)-(38, 36)",b'using GPUDevice = Eigen::GpuDevice;'
kernels,../repos/tensorflow/tensorflow/core/kernels/sparse_fill_empty_rows_op.cc,"(98, 3)-(99, 75)",b'using FunctorType =\n      functor::FillEmptyR...'
kernels,../repos/tensorflow/tensorflow/core/kernels/typed_queue.h,"(96, 1)-(96, 47)","b'using TensorPair = std::pair<int64_t, Tensor>;'"
kernels,../repos/tensorflow/tensorflow/core/kernels/reshape_util_gpu.cu.cc,"(25, 1)-(25, 36)",b'using GPUDevice = Eigen::GpuDevice;'
kernels,../repos/tensorflow/tensorflow/core/kernels/softmax_op_gpu.cu.cc,"(39, 3)-(39, 30)",b'using accumulator_type = T;'
kernels,../repos/tensorflow/tensorflow/core/kernels/softmax_op_gpu.cu.cc,"(44, 3)-(44, 34)",b'using accumulator_type = float;'
kernels,../repos/tensorflow/tensorflow/core/kernels/softmax_op_gpu.cu.cc,"(49, 3)-(49, 34)",b'using accumulator_type = float;'
kernels,../repos/tensorflow/tensorflow/core/kernels/softmax_op_gpu.cu.cc,"(212, 7)-(215, 80)",b'using InputIterType =\n          gpuprim::Tran...'
kernels,../repos/tensorflow/tensorflow/core/kernels/conv_ops_benchmark_test.cc,"(735, 1)-(735, 20)",b'using fp32 = float;'
kernels,../repos/tensorflow/tensorflow/core/kernels/conv_ops_benchmark_test.cc,"(736, 1)-(736, 26)",b'using fp16 = Eigen::half;'
kernels,../repos/tensorflow/tensorflow/core/kernels/spacetobatch_functor.cc,"(91, 3)-(91, 67)","b'using SpaceT = typename std::conditional<B2S,...'"
kernels,../repos/tensorflow/tensorflow/core/kernels/spacetobatch_functor.cc,"(92, 3)-(92, 67)","b'using BatchT = typename std::conditional<B2S,...'"
kernels,../repos/tensorflow/tensorflow/core/kernels/spacetobatch_functor.h,"(87, 3)-(87, 67)","b'using InputT = typename std::conditional<B2S,...'"
kernels,../repos/tensorflow/tensorflow/core/kernels/spacetobatch_functor.h,"(88, 3)-(88, 68)",b'using OutputT = typename std::conditional<B2S...'
kernels,../repos/tensorflow/tensorflow/core/kernels/sparse_split_op_gpu.cu.cc,"(218, 5)-(218, 27)",b'using Index = int64_t;'
kernels,../repos/tensorflow/tensorflow/core/kernels/slice_op_cpu_impl.h,"(27, 1)-(27, 43)",b'using CpuDevice = Eigen::ThreadPoolDevice;'
kernels,../repos/tensorflow/tensorflow/core/kernels/training_ops.cc,"(32, 1)-(32, 43)",b'using CPUDevice = Eigen::ThreadPoolDevice;'
kernels,../repos/tensorflow/tensorflow/core/kernels/training_ops.cc,"(33, 1)-(33, 36)",b'using GPUDevice = Eigen::GpuDevice;'
kernels,../repos/tensorflow/tensorflow/core/kernels/training_ops.cc,"(34, 1)-(34, 28)",b'using Index = Eigen::Index;'
kernels,../repos/tensorflow/tensorflow/core/kernels/sparse_tensor_dense_matmul_op.cc,"(332, 5)-(332, 44)",b'using Tsum = typename SumType<T>::type;'
kernels,../repos/tensorflow/tensorflow/core/kernels/matmul_op_fused.cc,"(95, 3)-(96, 73)",b'using ComputeType =\n      std::conditional_t<...'
kernels,../repos/tensorflow/tensorflow/core/kernels/matmul_op_fused.cc,"(179, 5)-(182, 38)",b'using OutputKernelFn = std::function<void(\n  ...'
kernels,../repos/tensorflow/tensorflow/core/kernels/matmul_op_fused.cc,"(629, 5)-(629, 38)",b'using FCT = FusedComputationType;'
kernels,../repos/tensorflow/tensorflow/core/kernels/gather_functor_gpu.cu.h,"(90, 7)-(90, 47)","b'using Tvec = AlignedVector<T, vec_size>;'"
kernels,../repos/tensorflow/tensorflow/core/kernels/fused_batch_norm_op_test.cc,"(220, 1)-(220, 20)",b'using fp32 = float;'
kernels,../repos/tensorflow/tensorflow/core/kernels/fused_batch_norm_op_test.cc,"(221, 1)-(221, 26)",b'using fp16 = Eigen::half;'
kernels,../repos/tensorflow/tensorflow/core/kernels/fused_batch_norm_op_test.cc,"(222, 1)-(222, 23)",b'using bf16 = bfloat16;'
kernels,../repos/tensorflow/tensorflow/core/kernels/priority_queue.h,"(34, 1)-(34, 55)","b'using PriorityTensorPair = std::pair<int64_t,...'"
kernels,../repos/tensorflow/tensorflow/core/kernels/stateless_random_ops_v2.cc,"(45, 1)-(45, 43)",b'using CPUDevice = Eigen::ThreadPoolDevice;'
kernels,../repos/tensorflow/tensorflow/core/kernels/stateless_random_ops_v2.cc,"(46, 1)-(46, 36)",b'using GPUDevice = Eigen::GpuDevice;'
kernels,../repos/tensorflow/tensorflow/core/kernels/gemm_functors.h,"(123, 5)-(124, 68)",b'using ConstMatrix =\n        typename tensorfl...'
kernels,../repos/tensorflow/tensorflow/core/kernels/sparse_utils_test.cc,"(344, 1)-(344, 76)",b'using ValidateSparseTensorTest = ::testing::T...'
kernels,../repos/tensorflow/tensorflow/core/kernels/eigen_benchmark_cpu_test.cc,"(38, 3)-(39, 73)",b'using Benchmark =\n      SpatialConvolutionBen...'
kernels,../repos/tensorflow/tensorflow/core/kernels/eigen_benchmark_cpu_test.cc,"(66, 3)-(67, 73)",b'using Benchmark =\n      SpatialConvolutionBen...'
kernels,../repos/tensorflow/tensorflow/core/kernels/eigen_benchmark_cpu_test.cc,"(93, 3)-(94, 73)",b'using Benchmark =\n      SpatialConvolutionBen...'
kernels,../repos/tensorflow/tensorflow/core/kernels/eigen_benchmark_cpu_test.cc,"(256, 3)-(257, 72)",b'using Benchmark =\n      CuboidConvolutionBenc...'
kernels,../repos/tensorflow/tensorflow/core/kernels/eigen_benchmark_cpu_test.cc,"(285, 3)-(286, 72)",b'using Benchmark =\n      CuboidConvolutionBenc...'
kernels,../repos/tensorflow/tensorflow/core/kernels/eigen_benchmark_cpu_test.cc,"(313, 3)-(314, 72)",b'using Benchmark =\n      CuboidConvolutionBenc...'
kernels,../repos/tensorflow/tensorflow/core/kernels/batching_util/batch_resource_base.cc,"(286, 1)-(286, 55)",b'using TensorMatrix = std::vector<std::vector<...'
kernels,../repos/tensorflow/tensorflow/core/kernels/batching_util/shared_batch_scheduler.h,"(111, 3)-(112, 72)",b'using BatchTaskHandleUniquePtr =\n      std::u...'
kernels,../repos/tensorflow/tensorflow/core/kernels/batching_util/shared_batch_scheduler.h,"(113, 3)-(113, 63)",b'using BatchTaskUniqueptr = std::unique_ptr<Ba...'
kernels,../repos/tensorflow/tensorflow/core/kernels/batching_util/shared_batch_scheduler.h,"(114, 3)-(115, 67)",b'using BatchUniquePtr =\n      absl::variant<Ba...'
kernels,../repos/tensorflow/tensorflow/core/kernels/batching_util/shared_batch_scheduler.h,"(281, 3)-(281, 75)",b'using QueueList = std::list<std::unique_ptr<i...'
kernels,../repos/tensorflow/tensorflow/core/kernels/batching_util/shared_batch_scheduler.h,"(329, 3)-(330, 61)",b'using ProcessBatchCallback =\n      std::funct...'
kernels,../repos/tensorflow/tensorflow/core/kernels/batching_util/shared_batch_scheduler.h,"(331, 3)-(331, 58)",b'using SchedulableBatchCallback = std::functio...'
kernels,../repos/tensorflow/tensorflow/core/kernels/batching_util/shared_batch_scheduler.h,"(332, 3)-(335, 62)",b'using SplitInputTaskIntoSubtasksCallback = st...'
kernels,../repos/tensorflow/tensorflow/core/kernels/batching_util/serial_device_batch_scheduler_test.cc,"(69, 3)-(69, 58)",b'using Scheduler = SerialDeviceBatchScheduler<...'
kernels,../repos/tensorflow/tensorflow/core/kernels/batching_util/shared_batch_scheduler_test.cc,"(60, 1)-(60, 40)",b'using Queue = BatchScheduler<FakeTask>;'
kernels,../repos/tensorflow/tensorflow/core/kernels/batching_util/shared_batch_scheduler_test.cc,"(61, 1)-(61, 50)",b'using Scheduler = SharedBatchScheduler<FakeTask>;'
kernels,../repos/tensorflow/tensorflow/core/kernels/batching_util/shared_batch_scheduler_test.cc,"(62, 1)-(62, 46)",b'using QueueOptions = Scheduler::QueueOptions;'
kernels,../repos/tensorflow/tensorflow/core/kernels/batching_util/shared_batch_scheduler_test.cc,"(63, 1)-(66, 81)",b'using SplitFunc =\n    std::function<Status(st...'
kernels,../repos/tensorflow/tensorflow/core/kernels/batching_util/batch_input_task_test.cc,"(61, 1)-(61, 55)",b'using TensorMatrix = std::vector<std::vector<...'
kernels,../repos/tensorflow/tensorflow/core/kernels/batching_util/batch_input_task_test.cc,"(63, 1)-(66, 80)",b'using SplitFunc = std::function<Status(\n    s...'
kernels,../repos/tensorflow/tensorflow/core/kernels/batching_util/serial_device_batch_scheduler.h,"(113, 3)-(113, 80)",b'using BatchProcessor = std::function<void(std...'
kernels,../repos/tensorflow/tensorflow/core/kernels/batching_util/serial_device_batch_scheduler.h,"(204, 3)-(205, 67)",b'using QueueOptions =\n      typename SerialDev...'
kernels,../repos/tensorflow/tensorflow/core/kernels/batching_util/adaptive_shared_batch_scheduler_test.cc,"(72, 3)-(72, 60)",b'using Scheduler = AdaptiveSharedBatchSchedule...'
kernels,../repos/tensorflow/tensorflow/core/kernels/batching_util/batch_input_task.h,"(148, 3)-(151, 62)",b'using SplitInputFunc = std::function<Status(\n...'
kernels,../repos/tensorflow/tensorflow/core/kernels/batching_util/adaptive_shared_batch_scheduler.h,"(176, 3)-(176, 80)",b'using BatchProcessor = std::function<void(std...'
kernels,../repos/tensorflow/tensorflow/core/kernels/batching_util/adaptive_shared_batch_scheduler.h,"(300, 3)-(301, 69)",b'using QueueOptions =\n      typename AdaptiveS...'
kernels,../repos/tensorflow/tensorflow/core/kernels/batching_util/batch_resource_base.h,"(131, 3)-(131, 71)",b'using BatcherT = SharedBatchScheduler<BatchRe...'
kernels,../repos/tensorflow/tensorflow/core/kernels/batching_util/batch_resource_base.h,"(132, 3)-(133, 66)",b'using AdaptiveBatcherT =\n      AdaptiveShared...'
kernels,../repos/tensorflow/tensorflow/core/kernels/batching_util/batch_resource_base.h,"(134, 3)-(134, 70)",b'using BatcherQueueT = BatchScheduler<BatchRes...'
kernels,../repos/tensorflow/tensorflow/core/kernels/batching_util/batch_resource_base.h,"(135, 3)-(135, 54)",b'using BatchT = Batch<BatchResourceBase::Batch...'
kernels,../repos/tensorflow/tensorflow/core/kernels/batching_util/batch_resource_base.h,"(163, 3)-(164, 61)",b'using CreateBatchTaskFn =\n      std::function...'
kernels,../repos/tensorflow/tensorflow/core/kernels/gpu_prim.h,"(95, 3)-(95, 29)",b'using bit_type = uint16_t;'
kernels,../repos/tensorflow/tensorflow/core/kernels/gpu_prim.h,"(103, 3)-(103, 29)",b'using bit_type = uint16_t;'
kernels,../repos/tensorflow/tensorflow/core/kernels/uniform_quant_ops/uniform_quantized_convolution_ops.cc,"(526, 3)-(526, 26)",b'using TlhsQuant = Trhs;'
kernels,../repos/tensorflow/tensorflow/core/kernels/fused_eigen_output_kernels.h,"(77, 1)-(78, 78)",b'using ContractionOutputMapper =\n    Eigen::in...'
kernels,../repos/tensorflow/tensorflow/core/kernels/fused_eigen_output_kernels.h,"(387, 1)-(387, 44)",b'using WithBiasAdd = BiasAddOutputKernel<T>;'
kernels,../repos/tensorflow/tensorflow/core/kernels/fused_eigen_output_kernels.h,"(389, 1)-(389, 57)",b'using WithBiasAddAndRelu = BiasAddOutputKerne...'
kernels,../repos/tensorflow/tensorflow/core/kernels/fused_eigen_output_kernels.h,"(391, 1)-(391, 59)",b'using WithBiasAddAndRelu6 = BiasAddOutputKern...'
kernels,../repos/tensorflow/tensorflow/core/kernels/fused_eigen_output_kernels.h,"(393, 1)-(393, 57)",b'using WithBiasAddAndTanh = BiasAddOutputKerne...'
kernels,../repos/tensorflow/tensorflow/core/kernels/fused_eigen_output_kernels.h,"(395, 1)-(395, 63)",b'using WithBiasAddAndSigmoid = BiasAddOutputKe...'
kernels,../repos/tensorflow/tensorflow/core/kernels/fused_eigen_output_kernels.h,"(397, 1)-(397, 55)",b'using WithBiasAddAndElu = BiasAddOutputKernel...'
kernels,../repos/tensorflow/tensorflow/core/kernels/fused_eigen_output_kernels.h,"(399, 1)-(399, 67)",b'using WithBiasAddAndLeakyRelu = BiasAddOutput...'
kernels,../repos/tensorflow/tensorflow/core/kernels/fused_eigen_output_kernels.h,"(401, 1)-(401, 58)",b'using WithFusedBatchNorm = FusedBatchNormOutp...'
kernels,../repos/tensorflow/tensorflow/core/kernels/fused_eigen_output_kernels.h,"(403, 1)-(403, 71)",b'using WithFusedBatchNormAndRelu = FusedBatchN...'
kernels,../repos/tensorflow/tensorflow/core/kernels/fused_eigen_output_kernels.h,"(405, 1)-(405, 73)",b'using WithFusedBatchNormAndRelu6 = FusedBatch...'
kernels,../repos/tensorflow/tensorflow/core/kernels/fused_eigen_output_kernels.h,"(407, 1)-(407, 69)",b'using WithFusedBatchNormAndElu = FusedBatchNo...'
kernels,../repos/tensorflow/tensorflow/core/kernels/fused_eigen_output_kernels.h,"(409, 1)-(409, 81)",b'using WithFusedBatchNormAndLeakyRelu = FusedB...'
kernels,../repos/tensorflow/tensorflow/core/kernels/batch_norm_op_test.cc,"(76, 1)-(76, 56)","b'using DataTypes = ::testing::Types<float, Eig...'"
kernels,../repos/tensorflow/tensorflow/core/kernels/sparse_reorder_op_gpu.cu.cc,"(64, 1)-(64, 36)",b'using GPUDevice = Eigen::GpuDevice;'
kernels,../repos/tensorflow/tensorflow/core/kernels/ctc_loss_op.cc,"(49, 1)-(49, 36)",b'using GPUDevice = Eigen::GpuDevice;'
kernels,../repos/tensorflow/tensorflow/core/kernels/fft_ops.cc,"(55, 1)-(55, 36)",b'using Shape = ducc0::google::Shape;'
kernels,../repos/tensorflow/tensorflow/core/kernels/fft_ops.cc,"(56, 1)-(56, 38)",b'using Stride = ducc0::google::Stride;'
kernels,../repos/tensorflow/tensorflow/core/kernels/fft_ops.cc,"(518, 3)-(518, 27)",b'using Key = FftPlanInfo;'
kernels,../repos/tensorflow/tensorflow/core/kernels/fft_ops.cc,"(519, 3)-(519, 48)",b'using Value = std::unique_ptr<se::fft::Plan>;'
kernels,../repos/tensorflow/tensorflow/core/kernels/reshape_util.cc,"(36, 1)-(36, 43)",b'using CPUDevice = Eigen::ThreadPoolDevice;'
kernels,../repos/tensorflow/tensorflow/core/kernels/reshape_util.cc,"(37, 1)-(37, 36)",b'using GPUDevice = Eigen::GpuDevice;'
kernels,../repos/tensorflow/tensorflow/core/kernels/data/experimental/lookup_ops.cc,"(46, 1)-(47, 75)",b'using InitializerSerializer =\n    ::tensorflo...'
kernels,../repos/tensorflow/tensorflow/core/kernels/data/multi_device_iterator_ops.cc,"(60, 1)-(61, 51)",b'using MultiDeviceIteratorCallback =\n    std::...'
kernels,../repos/tensorflow/tensorflow/core/kernels/pooling_ops_common.cc,"(47, 3)-(47, 18)",b'using type = T;'
kernels,../repos/tensorflow/tensorflow/core/kernels/pooling_ops_common.cc,"(52, 3)-(52, 21)",b'using type = int8;'
kernels,../repos/tensorflow/tensorflow/core/kernels/pooling_ops_common.cc,"(427, 5)-(427, 42)",b'using RT = typename RawType<T>::type;'
kernels,../repos/tensorflow/tensorflow/core/kernels/stage_op.cc,"(35, 3)-(35, 37)",b'using Tuple = std::vector<Tensor>;'
kernels,../repos/tensorflow/tensorflow/core/kernels/clustering_ops.cc,"(44, 1)-(45, 76)",b'using RowMajorMatrix =\n    Eigen::Matrix<Scal...'
kernels,../repos/tensorflow/tensorflow/core/kernels/clustering_ops.cc,"(47, 1)-(47, 48)",b'using MatrixXfRowMajor = RowMajorMatrix<float>;'
kernels,../repos/tensorflow/tensorflow/core/kernels/clustering_ops.cc,"(48, 1)-(48, 52)",b'using MatrixXi64RowMajor = RowMajorMatrix<int...'
kernels,../repos/tensorflow/tensorflow/core/kernels/clustering_ops.cc,"(471, 7)-(471, 48)","b'using Center = std::pair<float, int64_t>;'"
kernels,../repos/tensorflow/tensorflow/core/kernels/depthwise_conv_grad_op.cc,"(1212, 5)-(1212, 72)",b'using U = typename std::conditional<cast_to_f...'
