Repo name,File name,Location,Content
kernels,../repos/tensorflow/tensorflow/core/kernels/redux_functor.h,"(108, 65)-(108, 78)",b'decltype(buf)'
kernels,../repos/tensorflow/tensorflow/core/kernels/redux_functor.h,"(109, 50)-(109, 64)",b'decltype(cast)'
kernels,../repos/tensorflow/tensorflow/core/kernels/redux_functor.h,"(171, 65)-(171, 78)",b'decltype(buf)'
kernels,../repos/tensorflow/tensorflow/core/kernels/redux_functor.h,"(172, 50)-(172, 64)",b'decltype(cast)'
kernels,../repos/tensorflow/tensorflow/core/kernels/redux_functor.h,"(191, 64)-(191, 78)",b'decltype(buf0)'
kernels,../repos/tensorflow/tensorflow/core/kernels/redux_functor.h,"(192, 49)-(192, 62)",b'decltype(buf)'
kernels,../repos/tensorflow/tensorflow/core/kernels/redux_functor.h,"(324, 62)-(324, 76)",b'decltype(buf0)'
kernels,../repos/tensorflow/tensorflow/core/kernels/redux_functor.h,"(325, 47)-(325, 60)",b'decltype(buf)'
kernels,../repos/tensorflow/tensorflow/core/kernels/matmul_op_impl.h,"(183, 3)-(183, 17)",b'decltype(auto)'
kernels,../repos/tensorflow/tensorflow/core/kernels/scatter_nd_op_cpu_impl.h,"(146, 24)-(146, 44)",b'decltype(input_chip)'
kernels,../repos/tensorflow/tensorflow/core/kernels/scatter_nd_op_cpu_impl.h,"(146, 46)-(146, 67)",b'decltype(update_chip)'
kernels,../repos/tensorflow/tensorflow/core/kernels/scatter_nd_op_cpu_impl.h,"(147, 13)-(147, 34)",b'decltype(output_chip)'
kernels,../repos/tensorflow/tensorflow/core/kernels/split_v_op.cc,"(348, 32)-(348, 56)",b'decltype(input_reshaped)'
kernels,../repos/tensorflow/tensorflow/core/kernels/split_v_op.cc,"(363, 32)-(363, 56)",b'decltype(input_reshaped)'
kernels,../repos/tensorflow/tensorflow/core/kernels/linalg/tridiagonal_solve_op.cc,"(44, 7)-(44, 64)",b'decltype(std::declval<const ConstMatrixMaps>(...'
kernels,../repos/tensorflow/tensorflow/core/kernels/fill_empty_rows_functor_gpu.cu.cc,"(577, 40)-(577, 64)",b'decltype(mask_values_fn)'
kernels,../repos/tensorflow/tensorflow/core/kernels/fill_empty_rows_functor_gpu.cu.cc,"(578, 37)-(578, 64)",b'decltype(counting_iterator)'
kernels,../repos/tensorflow/tensorflow/core/kernels/where_op.cc,"(103, 43)-(103, 58)",b'decltype(input)'
kernels,../repos/tensorflow/tensorflow/core/kernels/topk_op.cc,"(209, 27)-(209, 48)",b'decltype(stable_comp)'
kernels,../repos/tensorflow/tensorflow/core/kernels/eigen_cuboid_convolutions_test.cc,"(777, 41)-(777, 65)",b'decltype(image_patch_op)'
kernels,../repos/tensorflow/tensorflow/core/kernels/string_to_hash_bucket_op.h,"(54, 13)-(54, 40)",b'decltype(input_flat.size())'
kernels,../repos/tensorflow/tensorflow/core/kernels/sparse_slice_op_gpu.cu.cc,"(170, 43)-(170, 62)",b'decltype(select_fn)'
kernels,../repos/tensorflow/tensorflow/core/kernels/sparse_slice_op_gpu.cu.cc,"(171, 37)-(171, 55)",b'decltype(nonzeros)'
kernels,../repos/tensorflow/tensorflow/core/kernels/string_to_hash_bucket_op.cc,"(43, 13)-(43, 40)",b'decltype(input_flat.size())'
kernels,../repos/tensorflow/tensorflow/core/kernels/ragged_tensor_to_variant_op.cc,"(54, 17)-(54, 41)",b'decltype(num_components)'
kernels,../repos/tensorflow/tensorflow/core/kernels/ragged_tensor_to_variant_op.cc,"(59, 19)-(59, 39)",b'decltype(num_values)'
kernels,../repos/tensorflow/tensorflow/core/kernels/ragged_tensor_to_variant_op.cc,"(98, 19)-(98, 43)",b'decltype(num_components)'
kernels,../repos/tensorflow/tensorflow/core/kernels/ragged_tensor_to_variant_op.cc,"(107, 21)-(107, 59)",b'decltype(num_values * num_inner_elems)'
kernels,../repos/tensorflow/tensorflow/core/kernels/ragged_tensor_to_variant_op.cc,"(124, 17)-(124, 41)",b'decltype(num_components)'
kernels,../repos/tensorflow/tensorflow/core/kernels/ragged_tensor_to_variant_op.cc,"(157, 17)-(157, 41)",b'decltype(num_components)'
kernels,../repos/tensorflow/tensorflow/core/kernels/ragged_tensor_to_variant_op.cc,"(238, 19)-(238, 40)",b'decltype(output_size)'
kernels,../repos/tensorflow/tensorflow/core/kernels/tensor_cord.cc,"(79, 31)-(80, 72)",b'decltype(std::declval<string_type&>()\n       ...'
kernels,../repos/tensorflow/tensorflow/core/kernels/image/non_max_suppression_op.cc,"(222, 57)-(222, 70)",b'decltype(cmp)'
kernels,../repos/tensorflow/tensorflow/core/kernels/image/non_max_suppression_op.cc,"(354, 58)-(354, 71)",b'decltype(cmp)'
kernels,../repos/tensorflow/tensorflow/core/kernels/unique_op.cc,"(200, 45)-(200, 62)",b'decltype(hash_fn)'
kernels,../repos/tensorflow/tensorflow/core/kernels/unique_op.cc,"(201, 27)-(201, 48)",b'decltype(equal_to_fn)'
kernels,../repos/tensorflow/tensorflow/core/kernels/reduction_ops.h,"(163, 10)-(163, 40)",b'decltype(reducer.initialize())'
kernels,../repos/tensorflow/tensorflow/core/kernels/gpu_prim_helpers.h,"(178, 52)-(178, 68)",b'decltype(*input)'
kernels,../repos/tensorflow/tensorflow/core/kernels/sparse_tensor_dense_matmul_op.cc,"(273, 41)-(273, 52)",b'decltype(b)'
kernels,../repos/tensorflow/tensorflow/core/kernels/string_to_hash_bucket_fast_op.h,"(47, 13)-(47, 40)",b'decltype(input_flat.size())'
kernels,../repos/tensorflow/tensorflow/core/kernels/eigen_cuboid_convolution.h,"(450, 13)-(450, 29)",b'decltype(m_impl)'
kernels,../repos/tensorflow/tensorflow/core/kernels/eigen_cuboid_convolution.h,"(956, 13)-(956, 43)",b'decltype(m_base_mapper.m_impl)'
kernels,../repos/tensorflow/tensorflow/core/kernels/fused_eigen_output_kernels.h,"(92, 10)-(92, 75)",b'decltype(expr.cwiseMax(std::declval<typename ...'
kernels,../repos/tensorflow/tensorflow/core/kernels/fused_eigen_output_kernels.h,"(101, 10)-(102, 75)",b'decltype(expr.cwiseMax(std::declval<typename ...'
kernels,../repos/tensorflow/tensorflow/core/kernels/fused_eigen_output_kernels.h,"(111, 38)-(111, 59)",b'decltype(expr.tanh())'
kernels,../repos/tensorflow/tensorflow/core/kernels/fused_eigen_output_kernels.h,"(119, 38)-(119, 62)",b'decltype(expr.sigmoid())'
kernels,../repos/tensorflow/tensorflow/core/kernels/fused_eigen_output_kernels.h,"(127, 38)-(131, 25)",b'decltype(\n      (expr < std::declval<typename...'
kernels,../repos/tensorflow/tensorflow/core/kernels/fused_eigen_output_kernels.h,"(142, 67)-(146, 25)",b'decltype(\n      (expr < std::declval<typename...'
kernels,../repos/tensorflow/tensorflow/core/kernels/fused_eigen_output_kernels.h,"(246, 45)-(246, 59)",b'decltype(expr)'
kernels,../repos/tensorflow/tensorflow/core/kernels/fused_eigen_output_kernels.h,"(250, 45)-(250, 59)",b'decltype(expr)'
kernels,../repos/tensorflow/tensorflow/core/kernels/fused_eigen_output_kernels.h,"(280, 39)-(280, 53)",b'decltype(expr)'
kernels,../repos/tensorflow/tensorflow/core/kernels/fused_eigen_output_kernels.h,"(285, 39)-(285, 53)",b'decltype(expr)'
kernels,../repos/tensorflow/tensorflow/core/kernels/fused_eigen_output_kernels.h,"(328, 43)-(328, 60)",b'decltype(shifted)'
kernels,../repos/tensorflow/tensorflow/core/kernels/fused_eigen_output_kernels.h,"(371, 42)-(371, 59)",b'decltype(shifted)'
kernels,../repos/tensorflow/tensorflow/core/kernels/split_op.cc,"(243, 25)-(243, 49)",b'decltype(input_reshaped)'
kernels,../repos/tensorflow/tensorflow/core/kernels/split_op.cc,"(258, 25)-(258, 49)",b'decltype(input_reshaped)'
kernels,../repos/tensorflow/tensorflow/core/kernels/where_op_gpu.cu.h,"(246, 41)-(246, 56)",b'decltype(input)'
kernels,../repos/tensorflow/tensorflow/core/kernels/where_op_gpu.cu.h,"(282, 20)-(282, 45)",b'decltype(output_iterator)'
