Repo name,File name,Location,Content
sqlitebrowser-master,../repos/sqlitebrowser-master/libs/qcustomplot-source/qcustomplot.cpp,"(25934, 7)-(25938, 41)",b'try { // 2D arrays get memory intensive fast....'
sqlitebrowser-master,../repos/sqlitebrowser-master/libs/qcustomplot-source/qcustomplot.cpp,"(26265, 3)-(26269, 38)",b'try { // 2D arrays get memory intensive fast....'
sqlitebrowser-master,../repos/sqlitebrowser-master/libs/qcustomplot-source/qcustomplot.cpp,"(30037, 5)-(30046, 6)",b'try // drawEllipse sometimes throws exception...'
sqlitebrowser-master,../repos/sqlitebrowser-master/libs/qscintilla/lexlib/LexerNoExceptions.cpp,"(26, 2)-(30, 3)","b'try {\n\t\treturn LexerBase::PropertySet(key, va...'"
sqlitebrowser-master,../repos/sqlitebrowser-master/libs/qscintilla/lexlib/LexerNoExceptions.cpp,"(35, 2)-(39, 3)","b'try {\n\t\treturn LexerBase::WordListSet(n, wl);...'"
sqlitebrowser-master,../repos/sqlitebrowser-master/libs/qscintilla/lexlib/LexerNoExceptions.cpp,"(44, 2)-(51, 3)","b'try {\n\t\tAccessor astyler(pAccess, &props);\n\t\t...'"
sqlitebrowser-master,../repos/sqlitebrowser-master/libs/qscintilla/lexlib/LexerNoExceptions.cpp,"(54, 2)-(61, 3)","b'try {\n\t\tAccessor astyler(pAccess, &props);\n\t\t...'"
sqlitebrowser-master,../repos/sqlitebrowser-master/libs/qscintilla/src/Document.cpp,"(1264, 2)-(1271, 3)",b'try {\n\t\tconst Sci::Position position = Length...'
sqlitebrowser-master,../repos/sqlitebrowser-master/libs/qscintilla/src/Document.cpp,"(3051, 2)-(3099, 3)",b'try {\n\t\t//ElapsedPeriod ep;\n\t\tstd::regex::fla...'
sqlitebrowser-master,../repos/sqlitebrowser-master/libs/qscintilla/src/Editor.cpp,"(4040, 2)-(4055, 3)",b'try {\n\t\tconst Sci::Position pos = pdoc->FindT...'
sqlitebrowser-master,../repos/sqlitebrowser-master/libs/qscintilla/src/Editor.cpp,"(4089, 2)-(4102, 3)",b'try {\n\t\tif (iMessage == SCI_SEARCHNEXT) {\n\t\t\t...'
sqlitebrowser-master,../repos/sqlitebrowser-master/libs/qscintilla/src/Editor.cpp,"(4134, 2)-(4146, 3)",b'try {\n\t\tconst Sci::Position pos = pdoc->FindT...'
sqlitebrowser-master,../repos/sqlitebrowser-master/src/EditDialog.cpp,"(619, 13)-(625, 14)",b'try {\n                jsonDoc = json::parse(s...'
sqlitebrowser-master,../repos/sqlitebrowser-master/src/EditDialog.cpp,"(752, 13)-(756, 14)",b'try {\n                jsonDoc = json::parse(s...'
