Repo name,File name,Location,Content
sqlitebrowser-master,../repos/sqlitebrowser-master/libs/json/json.hpp,"(147, 61)-(147, 69)","b'operator<(const value_t lhs, const value_t rh...'"
sqlitebrowser-master,../repos/sqlitebrowser-master/libs/json/json.hpp,"(2769, 30)-(2769, 38)",b'what() const noexcept override'
sqlitebrowser-master,../repos/sqlitebrowser-master/libs/json/json.hpp,"(3209, 41)-(3209, 49)",b'size() noexcept'
sqlitebrowser-master,../repos/sqlitebrowser-master/libs/json/json.hpp,"(4398, 5)-(4398, 59)","b'operator()(const BasicJsonType& j, T&& val) c...'"
sqlitebrowser-master,../repos/sqlitebrowser-master/libs/json/json.hpp,"(4477, 53)-(4477, 61)",b'iteration_proxy_value(IteratorType it) noexcept'
sqlitebrowser-master,../repos/sqlitebrowser-master/libs/json/json.hpp,"(4560, 69)-(4560, 77)",b'iteration_proxy(typename IteratorType::refere...'
sqlitebrowser-master,../repos/sqlitebrowser-master/libs/json/json.hpp,"(4564, 49)-(4564, 57)",b'begin() noexcept'
sqlitebrowser-master,../repos/sqlitebrowser-master/libs/json/json.hpp,"(4570, 47)-(4570, 55)",b'end() noexcept'
sqlitebrowser-master,../repos/sqlitebrowser-master/libs/json/json.hpp,"(4654, 82)-(4654, 90)","b'construct(BasicJsonType& j, typename BasicJso...'"
sqlitebrowser-master,../repos/sqlitebrowser-master/libs/json/json.hpp,"(4722, 89)-(4722, 97)","b'construct(BasicJsonType& j, typename BasicJso...'"
sqlitebrowser-master,../repos/sqlitebrowser-master/libs/json/json.hpp,"(4735, 92)-(4735, 100)","b'construct(BasicJsonType& j, typename BasicJso...'"
sqlitebrowser-master,../repos/sqlitebrowser-master/libs/json/json.hpp,"(4748, 91)-(4748, 99)","b'construct(BasicJsonType& j, typename BasicJso...'"
sqlitebrowser-master,../repos/sqlitebrowser-master/libs/json/json.hpp,"(4871, 37)-(4871, 45)","b'to_json(BasicJsonType& j, T b) noexcept'"
sqlitebrowser-master,../repos/sqlitebrowser-master/libs/json/json.hpp,"(4891, 47)-(4891, 55)","b'to_json(BasicJsonType& j, FloatType val) noexcept'"
sqlitebrowser-master,../repos/sqlitebrowser-master/libs/json/json.hpp,"(4898, 66)-(4898, 74)","b'to_json(BasicJsonType& j, CompatibleNumberUns...'"
sqlitebrowser-master,../repos/sqlitebrowser-master/libs/json/json.hpp,"(4905, 65)-(4905, 73)","b'to_json(BasicJsonType& j, CompatibleNumberInt...'"
sqlitebrowser-master,../repos/sqlitebrowser-master/libs/json/json.hpp,"(4912, 44)-(4912, 52)","b'to_json(BasicJsonType& j, EnumType e) noexcept'"
sqlitebrowser-master,../repos/sqlitebrowser-master/libs/json/json.hpp,"(5016, 54)-(5016, 106)","b'operator()(BasicJsonType& j, T&& val) const n...'"
sqlitebrowser-master,../repos/sqlitebrowser-master/libs/json/json.hpp,"(5056, 64)-(5057, 78)","b'from_json(BasicJsonType && j, TargetType& val...'"
sqlitebrowser-master,../repos/sqlitebrowser-master/libs/json/json.hpp,"(5076, 47)-(5077, 106)",b'from_json(BasicJsonType && j) noexcept(\n    n...'
sqlitebrowser-master,../repos/sqlitebrowser-master/libs/json/json.hpp,"(5093, 62)-(5094, 73)","b'to_json(BasicJsonType& j, TargetType && val) ...'"
sqlitebrowser-master,../repos/sqlitebrowser-master/libs/json/json.hpp,"(5134, 35)-(5134, 71)",b'byte_container_with_subtype() noexcept(noexce...'
sqlitebrowser-master,../repos/sqlitebrowser-master/libs/json/json.hpp,"(5138, 58)-(5138, 95)",b'byte_container_with_subtype(const container_t...'
sqlitebrowser-master,../repos/sqlitebrowser-master/libs/json/json.hpp,"(5142, 53)-(5142, 101)",b'byte_container_with_subtype(container_type&& ...'
sqlitebrowser-master,../repos/sqlitebrowser-master/libs/json/json.hpp,"(5146, 81)-(5146, 118)",b'byte_container_with_subtype(const container_t...'
sqlitebrowser-master,../repos/sqlitebrowser-master/libs/json/json.hpp,"(5152, 76)-(5152, 124)",b'byte_container_with_subtype(container_type&& ...'
sqlitebrowser-master,../repos/sqlitebrowser-master/libs/json/json.hpp,"(5187, 45)-(5187, 53)",b'set_subtype(subtype_type subtype_) noexcept'
sqlitebrowser-master,../repos/sqlitebrowser-master/libs/json/json.hpp,"(5215, 44)-(5215, 52)",b'subtype() const noexcept'
sqlitebrowser-master,../repos/sqlitebrowser-master/libs/json/json.hpp,"(5236, 40)-(5236, 48)",b'has_subtype() const noexcept'
sqlitebrowser-master,../repos/sqlitebrowser-master/libs/json/json.hpp,"(5260, 26)-(5260, 34)",b'clear_subtype() noexcept'
sqlitebrowser-master,../repos/sqlitebrowser-master/libs/json/json.hpp,"(5297, 61)-(5297, 69)","b'combine(std::size_t seed, std::size_t h) noexcept'"
sqlitebrowser-master,../repos/sqlitebrowser-master/libs/json/json.hpp,"(5468, 47)-(5468, 55)",b'file_input_adapter(std::FILE* f) noexcept'
sqlitebrowser-master,../repos/sqlitebrowser-master/libs/json/json.hpp,"(5474, 46)-(5474, 54)",b'file_input_adapter(file_input_adapter&&) noexcept'
sqlitebrowser-master,../repos/sqlitebrowser-master/libs/json/json.hpp,"(5479, 54)-(5479, 62)",b'get_character() noexcept'
sqlitebrowser-master,../repos/sqlitebrowser-master/libs/json/json.hpp,"(5523, 54)-(5523, 62)",b'input_stream_adapter(input_stream_adapter&& r...'
sqlitebrowser-master,../repos/sqlitebrowser-master/libs/json/json.hpp,"(5722, 63)-(5722, 71)",b'get_character() noexcept'
sqlitebrowser-master,../repos/sqlitebrowser-master/libs/json/json.hpp,"(6043, 26)-(6043, 34)",b'json_sax(json_sax&&) noexcept'
sqlitebrowser-master,../repos/sqlitebrowser-master/libs/json/json.hpp,"(6045, 37)-(6045, 45)",b'operator=(json_sax&&) noexcept'
sqlitebrowser-master,../repos/sqlitebrowser-master/libs/json/json.hpp,"(6682, 60)-(6682, 68)",b'token_type_name(const token_type t) noexcept'
sqlitebrowser-master,../repos/sqlitebrowser-master/libs/json/json.hpp,"(6743, 79)-(6743, 87)","b'lexer(InputAdapterType&& adapter, bool ignore...'"
sqlitebrowser-master,../repos/sqlitebrowser-master/libs/json/json.hpp,"(6763, 37)-(6763, 45)",b'get_decimal_point() noexcept'
sqlitebrowser-master,../repos/sqlitebrowser-master/libs/json/json.hpp,"(7532, 66)-(7532, 74)","b'strtof(float& f, const char* str, char** endp...'"
sqlitebrowser-master,../repos/sqlitebrowser-master/libs/json/json.hpp,"(7538, 67)-(7538, 75)","b'strtof(double& f, const char* str, char** end...'"
sqlitebrowser-master,../repos/sqlitebrowser-master/libs/json/json.hpp,"(7544, 72)-(7544, 80)","b'strtof(long double& f, const char* str, char*...'"
sqlitebrowser-master,../repos/sqlitebrowser-master/libs/json/json.hpp,"(7940, 18)-(7940, 26)",b'reset() noexcept'
sqlitebrowser-master,../repos/sqlitebrowser-master/libs/json/json.hpp,"(8038, 61)-(8038, 69)",b'get_number_unsigned() const noexcept'
sqlitebrowser-master,../repos/sqlitebrowser-master/libs/json/json.hpp,"(8044, 55)-(8044, 63)",b'get_number_float() const noexcept'
sqlitebrowser-master,../repos/sqlitebrowser-master/libs/json/json.hpp,"(8060, 47)-(8060, 55)",b'get_position() const noexcept'
sqlitebrowser-master,../repos/sqlitebrowser-master/libs/json/json.hpp,"(8093, 53)-(8093, 61)",b'get_error_message() const noexcept'
sqlitebrowser-master,../repos/sqlitebrowser-master/libs/json/json.hpp,"(8433, 50)-(8433, 58)",b'little_endianess(int num = 1) noexcept'
sqlitebrowser-master,../repos/sqlitebrowser-master/libs/json/json.hpp,"(8464, 56)-(8464, 64)",b'binary_reader(InputAdapterType&& adapter) noexcept'
sqlitebrowser-master,../repos/sqlitebrowser-master/libs/json/json.hpp,"(11463, 49)-(11463, 57)",b'get_value() const noexcept'
sqlitebrowser-master,../repos/sqlitebrowser-master/libs/json/json.hpp,"(11469, 22)-(11469, 30)",b'set_begin() noexcept'
sqlitebrowser-master,../repos/sqlitebrowser-master/libs/json/json.hpp,"(11475, 20)-(11475, 28)",b'set_end() noexcept'
sqlitebrowser-master,../repos/sqlitebrowser-master/libs/json/json.hpp,"(11481, 37)-(11481, 45)",b'is_begin() const noexcept'
sqlitebrowser-master,../repos/sqlitebrowser-master/libs/json/json.hpp,"(11487, 35)-(11487, 43)",b'is_end() const noexcept'
sqlitebrowser-master,../repos/sqlitebrowser-master/libs/json/json.hpp,"(11492, 90)-(11492, 98)","b'operator==(primitive_iterator_t lhs, primitiv...'"
sqlitebrowser-master,../repos/sqlitebrowser-master/libs/json/json.hpp,"(11497, 89)-(11497, 97)","b'operator<(primitive_iterator_t lhs, primitive...'"
sqlitebrowser-master,../repos/sqlitebrowser-master/libs/json/json.hpp,"(11502, 55)-(11502, 63)",b'operator+(difference_type n) noexcept'
sqlitebrowser-master,../repos/sqlitebrowser-master/libs/json/json.hpp,"(11509, 100)-(11509, 108)","b'operator-(primitive_iterator_t lhs, primitive...'"
sqlitebrowser-master,../repos/sqlitebrowser-master/libs/json/json.hpp,"(11514, 40)-(11514, 48)",b'operator++() noexcept'
sqlitebrowser-master,../repos/sqlitebrowser-master/libs/json/json.hpp,"(11520, 48)-(11520, 56)",b'operator++(int) noexcept'
sqlitebrowser-master,../repos/sqlitebrowser-master/libs/json/json.hpp,"(11527, 40)-(11527, 48)",b'operator--() noexcept'
sqlitebrowser-master,../repos/sqlitebrowser-master/libs/json/json.hpp,"(11533, 48)-(11533, 56)",b'operator--(int) noexcept'
sqlitebrowser-master,../repos/sqlitebrowser-master/libs/json/json.hpp,"(11540, 57)-(11540, 65)",b'operator+=(difference_type n) noexcept'
sqlitebrowser-master,../repos/sqlitebrowser-master/libs/json/json.hpp,"(11546, 57)-(11546, 65)",b'operator-=(difference_type n) noexcept'
sqlitebrowser-master,../repos/sqlitebrowser-master/libs/json/json.hpp,"(11665, 28)-(11665, 36)",b'iter_impl(iter_impl&&) noexcept'
sqlitebrowser-master,../repos/sqlitebrowser-master/libs/json/json.hpp,"(11666, 39)-(11666, 47)",b'operator=(iter_impl&&) noexcept'
sqlitebrowser-master,../repos/sqlitebrowser-master/libs/json/json.hpp,"(11674, 40)-(11674, 48)",b'iter_impl(pointer object) noexcept'
sqlitebrowser-master,../repos/sqlitebrowser-master/libs/json/json.hpp,"(11724, 60)-(11724, 68)",b'iter_impl(const iter_impl<const BasicJsonType...'
sqlitebrowser-master,../repos/sqlitebrowser-master/libs/json/json.hpp,"(11734, 71)-(11734, 79)",b'operator=(const iter_impl<const BasicJsonType...'
sqlitebrowser-master,../repos/sqlitebrowser-master/libs/json/json.hpp,"(11749, 88)-(11749, 96)",b'iter_impl(const iter_impl<typename std::remov...'
sqlitebrowser-master,../repos/sqlitebrowser-master/libs/json/json.hpp,"(11759, 99)-(11759, 107)",b'operator=(const iter_impl<typename std::remov...'
sqlitebrowser-master,../repos/sqlitebrowser-master/libs/json/json.hpp,"(11815, 20)-(11815, 28)",b'set_end() noexcept'
sqlitebrowser-master,../repos/sqlitebrowser-master/libs/json/json.hpp,"(12372, 85)-(12372, 93)",b'json_reverse_iterator(const typename base_ite...'
sqlitebrowser-master,../repos/sqlitebrowser-master/libs/json/json.hpp,"(12376, 61)-(12376, 69)",b'json_reverse_iterator(const base_iterator& it...'
sqlitebrowser-master,../repos/sqlitebrowser-master/libs/json/json.hpp,"(12773, 24)-(12773, 32)",b'empty() const noexcept'
sqlitebrowser-master,../repos/sqlitebrowser-master/libs/json/json.hpp,"(13419, 53)-(13419, 61)","b'operator==(json_pointer const& lhs,\n         ...'"
sqlitebrowser-master,../repos/sqlitebrowser-master/libs/json/json.hpp,"(13436, 53)-(13436, 61)","b'operator!=(json_pointer const& lhs,\n         ...'"
sqlitebrowser-master,../repos/sqlitebrowser-master/libs/json/json.hpp,"(13485, 26)-(13485, 34)",b'json_ref(json_ref&&) noexcept'
sqlitebrowser-master,../repos/sqlitebrowser-master/libs/json/json.hpp,"(13572, 56)-(13572, 64)",b'output_adapter_protocol(output_adapter_protoc...'
sqlitebrowser-master,../repos/sqlitebrowser-master/libs/json/json.hpp,"(13574, 67)-(13574, 75)",b'operator=(output_adapter_protocol&&) noexcept'
sqlitebrowser-master,../repos/sqlitebrowser-master/libs/json/json.hpp,"(13586, 79)-(13586, 87)","b'output_vector_adapter(std::vector<CharType, A...'"
sqlitebrowser-master,../repos/sqlitebrowser-master/libs/json/json.hpp,"(13611, 69)-(13611, 77)",b'output_stream_adapter(std::basic_ostream<Char...'
sqlitebrowser-master,../repos/sqlitebrowser-master/libs/json/json.hpp,"(13636, 51)-(13636, 59)",b'output_string_adapter(StringType& s) noexcept'
sqlitebrowser-master,../repos/sqlitebrowser-master/libs/json/json.hpp,"(14707, 85)-(14707, 93)",b'calc_bson_unsigned_size(const std::uint64_t v...'
sqlitebrowser-master,../repos/sqlitebrowser-master/libs/json/json.hpp,"(15103, 58)-(15103, 66)",b'ubjson_prefix(const BasicJsonType& j) const n...'
sqlitebrowser-master,../repos/sqlitebrowser-master/libs/json/json.hpp,"(15260, 60)-(15260, 68)",b'to_char_type(std::uint8_t x) noexcept'
sqlitebrowser-master,../repos/sqlitebrowser-master/libs/json/json.hpp,"(15267, 50)-(15267, 58)",b'to_char_type(std::uint8_t x) noexcept'
sqlitebrowser-master,../repos/sqlitebrowser-master/libs/json/json.hpp,"(15278, 60)-(15278, 68)",b'to_char_type(std::uint8_t x) noexcept'
sqlitebrowser-master,../repos/sqlitebrowser-master/libs/json/json.hpp,"(15289, 61)-(15289, 69)",b'to_char_type(InputCharType x) noexcept'
sqlitebrowser-master,../repos/sqlitebrowser-master/libs/json/json.hpp,"(15378, 47)-(15378, 55)","b'diyfp(std::uint64_t f_, int e_) noexcept'"
sqlitebrowser-master,../repos/sqlitebrowser-master/libs/json/json.hpp,"(15384, 54)-(15384, 62)","b'sub(const diyfp& x, const diyfp& y) noexcept'"
sqlitebrowser-master,../repos/sqlitebrowser-master/libs/json/json.hpp,"(15396, 54)-(15396, 62)","b'mul(const diyfp& x, const diyfp& y) noexcept'"
sqlitebrowser-master,../repos/sqlitebrowser-master/libs/json/json.hpp,"(15461, 37)-(15461, 45)",b'normalize(diyfp x) noexcept'
sqlitebrowser-master,../repos/sqlitebrowser-master/libs/json/json.hpp,"(15478, 74)-(15478, 82)","b'normalize_to(const diyfp& x, const int target...'"
sqlitebrowser-master,../repos/sqlitebrowser-master/libs/json/json.hpp,"(17293, 100)-(17293, 108)","b'decode(std::uint8_t& state, std::uint32_t& co...'"
sqlitebrowser-master,../repos/sqlitebrowser-master/libs/json/json.hpp,"(17348, 62)-(17348, 70)",b'remove_sign(number_integer_t x) noexcept'
sqlitebrowser-master,../repos/sqlitebrowser-master/libs/json/json.hpp,"(18497, 33)-(18497, 41)",b'json_value(boolean_t v) noexcept'
sqlitebrowser-master,../repos/sqlitebrowser-master/libs/json/json.hpp,"(18499, 40)-(18499, 48)",b'json_value(number_integer_t v) noexcept'
sqlitebrowser-master,../repos/sqlitebrowser-master/libs/json/json.hpp,"(18501, 41)-(18501, 49)",b'json_value(number_unsigned_t v) noexcept'
sqlitebrowser-master,../repos/sqlitebrowser-master/libs/json/json.hpp,"(18503, 38)-(18503, 46)",b'json_value(number_float_t v) noexcept'
sqlitebrowser-master,../repos/sqlitebrowser-master/libs/json/json.hpp,"(18999, 42)-(18999, 50)",b'basic_json(std::nullptr_t = nullptr) noexcept'
sqlitebrowser-master,../repos/sqlitebrowser-master/libs/json/json.hpp,"(19071, 39)-(19073, 80)",b'basic_json(CompatibleType && val) noexcept(no...'
sqlitebrowser-master,../repos/sqlitebrowser-master/libs/json/json.hpp,"(19783, 36)-(19783, 44)",b'basic_json(basic_json&& other) noexcept'
sqlitebrowser-master,../repos/sqlitebrowser-master/libs/json/json.hpp,"(19821, 45)-(19826, 6)",b'operator=(basic_json other) noexcept (\n      ...'
sqlitebrowser-master,../repos/sqlitebrowser-master/libs/json/json.hpp,"(19855, 19)-(19855, 27)",b'~basic_json() noexcept'
sqlitebrowser-master,../repos/sqlitebrowser-master/libs/json/json.hpp,"(19972, 36)-(19972, 44)",b'type() const noexcept'
sqlitebrowser-master,../repos/sqlitebrowser-master/libs/json/json.hpp,"(20003, 41)-(20003, 49)",b'is_primitive() const noexcept'
sqlitebrowser-master,../repos/sqlitebrowser-master/libs/json/json.hpp,"(20030, 42)-(20030, 50)",b'is_structured() const noexcept'
sqlitebrowser-master,../repos/sqlitebrowser-master/libs/json/json.hpp,"(20052, 36)-(20052, 44)",b'is_null() const noexcept'
sqlitebrowser-master,../repos/sqlitebrowser-master/libs/json/json.hpp,"(20074, 39)-(20074, 47)",b'is_boolean() const noexcept'
sqlitebrowser-master,../repos/sqlitebrowser-master/libs/json/json.hpp,"(20104, 38)-(20104, 46)",b'is_number() const noexcept'
sqlitebrowser-master,../repos/sqlitebrowser-master/libs/json/json.hpp,"(20133, 46)-(20133, 54)",b'is_number_integer() const noexcept'
sqlitebrowser-master,../repos/sqlitebrowser-master/libs/json/json.hpp,"(20161, 47)-(20161, 55)",b'is_number_unsigned() const noexcept'
sqlitebrowser-master,../repos/sqlitebrowser-master/libs/json/json.hpp,"(20189, 44)-(20189, 52)",b'is_number_float() const noexcept'
sqlitebrowser-master,../repos/sqlitebrowser-master/libs/json/json.hpp,"(20211, 38)-(20211, 46)",b'is_object() const noexcept'
sqlitebrowser-master,../repos/sqlitebrowser-master/libs/json/json.hpp,"(20233, 37)-(20233, 45)",b'is_array() const noexcept'
sqlitebrowser-master,../repos/sqlitebrowser-master/libs/json/json.hpp,"(20255, 38)-(20255, 46)",b'is_string() const noexcept'
sqlitebrowser-master,../repos/sqlitebrowser-master/libs/json/json.hpp,"(20277, 38)-(20277, 46)",b'is_binary() const noexcept'
sqlitebrowser-master,../repos/sqlitebrowser-master/libs/json/json.hpp,"(20304, 41)-(20304, 49)",b'is_discarded() const noexcept'
sqlitebrowser-master,../repos/sqlitebrowser-master/libs/json/json.hpp,"(20330, 40)-(20330, 48)",b'() const noexcept'
sqlitebrowser-master,../repos/sqlitebrowser-master/libs/json/json.hpp,"(22181, 22)-(22181, 30)",b'begin() noexcept'
sqlitebrowser-master,../repos/sqlitebrowser-master/libs/json/json.hpp,"(22191, 34)-(22191, 42)",b'begin() const noexcept'
sqlitebrowser-master,../repos/sqlitebrowser-master/libs/json/json.hpp,"(22221, 35)-(22221, 43)",b'cbegin() const noexcept'
sqlitebrowser-master,../repos/sqlitebrowser-master/libs/json/json.hpp,"(22252, 20)-(22252, 28)",b'end() noexcept'
sqlitebrowser-master,../repos/sqlitebrowser-master/libs/json/json.hpp,"(22262, 32)-(22262, 40)",b'end() const noexcept'
sqlitebrowser-master,../repos/sqlitebrowser-master/libs/json/json.hpp,"(22292, 33)-(22292, 41)",b'cend() const noexcept'
sqlitebrowser-master,../repos/sqlitebrowser-master/libs/json/json.hpp,"(22322, 31)-(22322, 39)",b'rbegin() noexcept'
sqlitebrowser-master,../repos/sqlitebrowser-master/libs/json/json.hpp,"(22330, 43)-(22330, 51)",b'rbegin() const noexcept'
sqlitebrowser-master,../repos/sqlitebrowser-master/libs/json/json.hpp,"(22359, 29)-(22359, 37)",b'rend() noexcept'
sqlitebrowser-master,../repos/sqlitebrowser-master/libs/json/json.hpp,"(22367, 41)-(22367, 49)",b'rend() const noexcept'
sqlitebrowser-master,../repos/sqlitebrowser-master/libs/json/json.hpp,"(22396, 44)-(22396, 52)",b'crbegin() const noexcept'
sqlitebrowser-master,../repos/sqlitebrowser-master/libs/json/json.hpp,"(22425, 42)-(22425, 50)",b'crend() const noexcept'
sqlitebrowser-master,../repos/sqlitebrowser-master/libs/json/json.hpp,"(22489, 70)-(22489, 78)",b'iterator_wrapper(reference ref) noexcept'
sqlitebrowser-master,../repos/sqlitebrowser-master/libs/json/json.hpp,"(22498, 82)-(22498, 90)",b'iterator_wrapper(const_reference ref) noexcept'
sqlitebrowser-master,../repos/sqlitebrowser-master/libs/json/json.hpp,"(22571, 39)-(22571, 47)",b'items() noexcept'
sqlitebrowser-master,../repos/sqlitebrowser-master/libs/json/json.hpp,"(22579, 51)-(22579, 59)",b'items() const noexcept'
sqlitebrowser-master,../repos/sqlitebrowser-master/libs/json/json.hpp,"(22636, 24)-(22636, 32)",b'empty() const noexcept'
sqlitebrowser-master,../repos/sqlitebrowser-master/libs/json/json.hpp,"(22716, 28)-(22716, 36)",b'size() const noexcept'
sqlitebrowser-master,../repos/sqlitebrowser-master/libs/json/json.hpp,"(22794, 32)-(22794, 40)",b'max_size() const noexcept'
sqlitebrowser-master,../repos/sqlitebrowser-master/libs/json/json.hpp,"(22873, 18)-(22873, 26)",b'clear() noexcept'
sqlitebrowser-master,../repos/sqlitebrowser-master/libs/json/json.hpp,"(23609, 32)-(23614, 6)",b'swap(reference other) noexcept (\n        std:...'
sqlitebrowser-master,../repos/sqlitebrowser-master/libs/json/json.hpp,"(23642, 55)-(23647, 6)","b'swap(reference left, reference right) noexcep...'"
sqlitebrowser-master,../repos/sqlitebrowser-master/libs/json/json.hpp,"(23945, 65)-(23945, 73)","b'operator==(const_reference lhs, ScalarType rh...'"
sqlitebrowser-master,../repos/sqlitebrowser-master/libs/json/json.hpp,"(23956, 65)-(23956, 73)","b'operator==(ScalarType lhs, const_reference rh...'"
sqlitebrowser-master,../repos/sqlitebrowser-master/libs/json/json.hpp,"(23979, 70)-(23979, 78)","b'operator!=(const_reference lhs, const_referen...'"
sqlitebrowser-master,../repos/sqlitebrowser-master/libs/json/json.hpp,"(23990, 65)-(23990, 73)","b'operator!=(const_reference lhs, ScalarType rh...'"
sqlitebrowser-master,../repos/sqlitebrowser-master/libs/json/json.hpp,"(24001, 65)-(24001, 73)","b'operator!=(ScalarType lhs, const_reference rh...'"
sqlitebrowser-master,../repos/sqlitebrowser-master/libs/json/json.hpp,"(24032, 69)-(24032, 77)","b'operator<(const_reference lhs, const_referenc...'"
sqlitebrowser-master,../repos/sqlitebrowser-master/libs/json/json.hpp,"(24112, 64)-(24112, 72)","b'operator<(const_reference lhs, ScalarType rhs...'"
sqlitebrowser-master,../repos/sqlitebrowser-master/libs/json/json.hpp,"(24123, 64)-(24123, 72)","b'operator<(ScalarType lhs, const_reference rhs...'"
sqlitebrowser-master,../repos/sqlitebrowser-master/libs/json/json.hpp,"(24147, 70)-(24147, 78)","b'operator<=(const_reference lhs, const_referen...'"
sqlitebrowser-master,../repos/sqlitebrowser-master/libs/json/json.hpp,"(24158, 65)-(24158, 73)","b'operator<=(const_reference lhs, ScalarType rh...'"
sqlitebrowser-master,../repos/sqlitebrowser-master/libs/json/json.hpp,"(24169, 65)-(24169, 73)","b'operator<=(ScalarType lhs, const_reference rh...'"
sqlitebrowser-master,../repos/sqlitebrowser-master/libs/json/json.hpp,"(24193, 69)-(24193, 77)","b'operator>(const_reference lhs, const_referenc...'"
sqlitebrowser-master,../repos/sqlitebrowser-master/libs/json/json.hpp,"(24204, 64)-(24204, 72)","b'operator>(const_reference lhs, ScalarType rhs...'"
sqlitebrowser-master,../repos/sqlitebrowser-master/libs/json/json.hpp,"(24215, 64)-(24215, 72)","b'operator>(ScalarType lhs, const_reference rhs...'"
sqlitebrowser-master,../repos/sqlitebrowser-master/libs/json/json.hpp,"(24239, 70)-(24239, 78)","b'operator>=(const_reference lhs, const_referen...'"
sqlitebrowser-master,../repos/sqlitebrowser-master/libs/json/json.hpp,"(24250, 65)-(24250, 73)","b'operator>=(const_reference lhs, ScalarType rh...'"
sqlitebrowser-master,../repos/sqlitebrowser-master/libs/json/json.hpp,"(24261, 65)-(24261, 73)","b'operator>=(ScalarType lhs, const_reference rh...'"
sqlitebrowser-master,../repos/sqlitebrowser-master/libs/json/json.hpp,"(24676, 35)-(24676, 43)",b'type_name() const noexcept'
sqlitebrowser-master,../repos/sqlitebrowser-master/libs/json/json.hpp,"(26510, 58)-(26510, 66)","b'operator()(nlohmann::detail::value_t lhs,\n   ...'"
sqlitebrowser-master,../repos/sqlitebrowser-master/libs/json/json.hpp,"(26525, 74)-(26528, 32)","b'swap<nlohmann::json>(nlohmann::json& j1, nloh...'"
sqlitebrowser-master,../repos/sqlitebrowser-master/libs/qscintilla/include/Platform.h,"(112, 61)-(112, 69)","b'Point(XYPOSITION x_=0, XYPOSITION y_=0) noexcept'"
sqlitebrowser-master,../repos/sqlitebrowser-master/libs/qscintilla/include/Platform.h,"(115, 40)-(115, 48)","b'FromInts(int x_, int y_) noexcept'"
sqlitebrowser-master,../repos/sqlitebrowser-master/libs/qscintilla/include/Platform.h,"(134, 116)-(134, 124)","b'PRectangle(XYPOSITION left_=0, XYPOSITION top...'"
sqlitebrowser-master,../repos/sqlitebrowser-master/libs/qscintilla/include/Platform.h,"(138, 75)-(138, 83)","b'FromInts(int left_, int top_, int right_, int...'"
sqlitebrowser-master,../repos/sqlitebrowser-master/libs/qscintilla/include/Platform.h,"(145, 46)-(145, 54)",b'operator==(const PRectangle &rc) const noexcept'
sqlitebrowser-master,../repos/sqlitebrowser-master/libs/qscintilla/include/Platform.h,"(149, 32)-(149, 40)",b'Contains(Point pt) const noexcept'
sqlitebrowser-master,../repos/sqlitebrowser-master/libs/qscintilla/include/Platform.h,"(153, 42)-(153, 50)",b'ContainsWholePixel(Point pt) const noexcept'
sqlitebrowser-master,../repos/sqlitebrowser-master/libs/qscintilla/include/Platform.h,"(158, 37)-(158, 45)",b'Contains(PRectangle rc) const noexcept'
sqlitebrowser-master,../repos/sqlitebrowser-master/libs/qscintilla/include/Platform.h,"(162, 42)-(162, 50)",b'Intersects(PRectangle other) const noexcept'
sqlitebrowser-master,../repos/sqlitebrowser-master/libs/qscintilla/include/Platform.h,"(166, 50)-(166, 58)","b'Move(XYPOSITION xDelta, XYPOSITION yDelta) no...'"
sqlitebrowser-master,../repos/sqlitebrowser-master/libs/qscintilla/include/Platform.h,"(172, 27)-(172, 35)",b'Width() const noexcept'
sqlitebrowser-master,../repos/sqlitebrowser-master/libs/qscintilla/include/Platform.h,"(173, 28)-(173, 36)",b'Height() const noexcept'
sqlitebrowser-master,../repos/sqlitebrowser-master/libs/qscintilla/include/Platform.h,"(174, 21)-(174, 29)",b'Empty() const noexcept'
sqlitebrowser-master,../repos/sqlitebrowser-master/libs/qscintilla/include/Platform.h,"(186, 36)-(186, 44)",b'ColourDesired(int co_=0) noexcept'
sqlitebrowser-master,../repos/sqlitebrowser-master/libs/qscintilla/include/Platform.h,"(189, 73)-(189, 81)","b'ColourDesired(unsigned int red, unsigned int ...'"
sqlitebrowser-master,../repos/sqlitebrowser-master/libs/qscintilla/include/Platform.h,"(193, 52)-(193, 60)",b'operator==(const ColourDesired &other) const ...'
sqlitebrowser-master,../repos/sqlitebrowser-master/libs/qscintilla/include/Platform.h,"(197, 24)-(197, 32)",b'AsInteger() const noexcept'
sqlitebrowser-master,../repos/sqlitebrowser-master/libs/qscintilla/include/Platform.h,"(202, 31)-(202, 39)",b'GetRed() const noexcept'
sqlitebrowser-master,../repos/sqlitebrowser-master/libs/qscintilla/include/Platform.h,"(205, 33)-(205, 41)",b'GetGreen() const noexcept'
sqlitebrowser-master,../repos/sqlitebrowser-master/libs/qscintilla/include/Platform.h,"(208, 32)-(208, 40)",b'GetBlue() const noexcept'
sqlitebrowser-master,../repos/sqlitebrowser-master/libs/qscintilla/include/Platform.h,"(213, 32)-(213, 40)",b'GetRedComponent() const noexcept'
sqlitebrowser-master,../repos/sqlitebrowser-master/libs/qscintilla/include/Platform.h,"(216, 34)-(216, 42)",b'GetGreenComponent() const noexcept'
sqlitebrowser-master,../repos/sqlitebrowser-master/libs/qscintilla/include/Platform.h,"(219, 33)-(219, 41)",b'GetBlueComponent() const noexcept'
sqlitebrowser-master,../repos/sqlitebrowser-master/libs/qscintilla/include/Platform.h,"(229, 36)-(229, 44)",b'ColourAlpha(int co_ = 0) noexcept'
sqlitebrowser-master,../repos/sqlitebrowser-master/libs/qscintilla/include/Platform.h,"(232, 71)-(232, 79)","b'ColourAlpha(unsigned int red, unsigned int gr...'"
sqlitebrowser-master,../repos/sqlitebrowser-master/libs/qscintilla/include/Platform.h,"(236, 91)-(236, 99)","b'ColourAlpha(unsigned int red, unsigned int gr...'"
sqlitebrowser-master,../repos/sqlitebrowser-master/libs/qscintilla/include/Platform.h,"(240, 52)-(240, 60)","b'ColourAlpha(ColourDesired cd, unsigned int al...'"
sqlitebrowser-master,../repos/sqlitebrowser-master/libs/qscintilla/include/Platform.h,"(244, 34)-(244, 42)",b'GetColour() const noexcept'
sqlitebrowser-master,../repos/sqlitebrowser-master/libs/qscintilla/include/Platform.h,"(248, 33)-(248, 41)",b'GetAlpha() const noexcept'
sqlitebrowser-master,../repos/sqlitebrowser-master/libs/qscintilla/include/Platform.h,"(252, 34)-(252, 42)",b'GetAlphaComponent() const noexcept'
sqlitebrowser-master,../repos/sqlitebrowser-master/libs/qscintilla/include/Platform.h,"(256, 49)-(256, 57)",b'MixedWith(ColourAlpha other) const noexcept'
sqlitebrowser-master,../repos/sqlitebrowser-master/libs/qscintilla/include/Platform.h,"(272, 51)-(272, 59)","b'ColourStop(float position_, ColourAlpha colou...'"
sqlitebrowser-master,../repos/sqlitebrowser-master/libs/qscintilla/include/Platform.h,"(297, 24)-(297, 32)","b'FontParameters(\n\t\tconst char *faceName_,\n\t\tfl...'"
sqlitebrowser-master,../repos/sqlitebrowser-master/libs/qscintilla/include/Platform.h,"(315, 9)-(315, 17)",b'Font() noexcept'
sqlitebrowser-master,../repos/sqlitebrowser-master/libs/qscintilla/include/Platform.h,"(326, 23)-(326, 31)",b'GetID() const noexcept'
sqlitebrowser-master,../repos/sqlitebrowser-master/libs/qscintilla/include/Platform.h,"(328, 26)-(328, 34)",b'SetID(FontID fid_) noexcept'
sqlitebrowser-master,../repos/sqlitebrowser-master/libs/qscintilla/include/Platform.h,"(341, 12)-(341, 20)",b'Surface() noexcept'
sqlitebrowser-master,../repos/sqlitebrowser-master/libs/qscintilla/include/Platform.h,"(404, 11)-(404, 19)",b'Window() noexcept'
sqlitebrowser-master,../repos/sqlitebrowser-master/libs/qscintilla/include/Platform.h,"(408, 35)-(408, 43)",b'operator=(WindowID wid_) noexcept'
sqlitebrowser-master,../repos/sqlitebrowser-master/libs/qscintilla/include/Platform.h,"(416, 25)-(416, 33)",b'GetID() const noexcept'
sqlitebrowser-master,../repos/sqlitebrowser-master/libs/qscintilla/include/Platform.h,"(417, 23)-(417, 31)",b'Created() const noexcept'
sqlitebrowser-master,../repos/sqlitebrowser-master/libs/qscintilla/include/Platform.h,"(442, 33)-(442, 41)",b'ListBoxEvent(EventType event_) noexcept'
sqlitebrowser-master,../repos/sqlitebrowser-master/libs/qscintilla/include/Platform.h,"(453, 12)-(453, 20)",b'ListBox() noexcept'
sqlitebrowser-master,../repos/sqlitebrowser-master/libs/qscintilla/include/Platform.h,"(484, 9)-(484, 17)",b'Menu() noexcept'
sqlitebrowser-master,../repos/sqlitebrowser-master/libs/qscintilla/include/Platform.h,"(485, 23)-(485, 31)",b'GetID() const noexcept'
sqlitebrowser-master,../repos/sqlitebrowser-master/libs/qscintilla/include/Platform.h,"(536, 59)-(536, 67)","b'LongFromTwoShorts(short a,short b) noexcept'"
sqlitebrowser-master,../repos/sqlitebrowser-master/libs/qscintilla/lexers/LexHTML.cpp,"(566, 16)-(566, 24)",b'OptionsHTML() noexcept'
sqlitebrowser-master,../repos/sqlitebrowser-master/libs/qscintilla/Qt4Qt5/ListBoxQt.cpp,"(344, 31)-(344, 39)",b'Scintilla::ListBox::ListBox() noexcept'
sqlitebrowser-master,../repos/sqlitebrowser-master/libs/qscintilla/Qt4Qt5/PlatQt.cpp,"(68, 14)-(68, 22)",b'Font::Font() noexcept'
sqlitebrowser-master,../repos/sqlitebrowser-master/libs/qscintilla/Qt4Qt5/PlatQt.cpp,"(863, 14)-(863, 22)",b'Menu::Menu() noexcept'
sqlitebrowser-master,../repos/sqlitebrowser-master/libs/qscintilla/src/AutoComplete.cpp,"(53, 35)-(53, 43)",b'AutoComplete::Active() const noexcept'
sqlitebrowser-master,../repos/sqlitebrowser-master/libs/qscintilla/src/AutoComplete.cpp,"(74, 46)-(74, 54)",b'AutoComplete::IsStopChar(char ch) const noexcept'
sqlitebrowser-master,../repos/sqlitebrowser-master/libs/qscintilla/src/AutoComplete.cpp,"(82, 48)-(82, 56)",b'AutoComplete::IsFillUpChar(char ch) const noexcept'
sqlitebrowser-master,../repos/sqlitebrowser-master/libs/qscintilla/src/AutoComplete.cpp,"(90, 41)-(90, 49)",b'AutoComplete::GetSeparator() const noexcept'
sqlitebrowser-master,../repos/sqlitebrowser-master/libs/qscintilla/src/AutoComplete.cpp,"(98, 39)-(98, 47)",b'AutoComplete::GetTypesep() const noexcept'
sqlitebrowser-master,../repos/sqlitebrowser-master/libs/qscintilla/src/AutoComplete.h,"(48, 22)-(48, 30)",b'Active() const noexcept'
sqlitebrowser-master,../repos/sqlitebrowser-master/libs/qscintilla/src/AutoComplete.h,"(56, 33)-(56, 41)",b'IsStopChar(char ch) const noexcept'
sqlitebrowser-master,../repos/sqlitebrowser-master/libs/qscintilla/src/AutoComplete.h,"(60, 35)-(60, 43)",b'IsFillUpChar(char ch) const noexcept'
sqlitebrowser-master,../repos/sqlitebrowser-master/libs/qscintilla/src/AutoComplete.h,"(64, 28)-(64, 36)",b'GetSeparator() const noexcept'
sqlitebrowser-master,../repos/sqlitebrowser-master/libs/qscintilla/src/AutoComplete.h,"(68, 26)-(68, 34)",b'GetTypesep() const noexcept'
sqlitebrowser-master,../repos/sqlitebrowser-master/libs/qscintilla/src/CaseConvert.cpp,"(580, 69)-(580, 77)","b'CharacterConversion(int character_=0, const c...'"
sqlitebrowser-master,../repos/sqlitebrowser-master/libs/qscintilla/src/CaseConvert.cpp,"(583, 58)-(583, 66)",b'operator<(const CharacterConversion &other) c...'
sqlitebrowser-master,../repos/sqlitebrowser-master/libs/qscintilla/src/CellBuffer.cpp,"(37, 82)-(37, 90)","b'CountWidths(Sci::Position countBasePlane_=0, ...'"
sqlitebrowser-master,../repos/sqlitebrowser-master/libs/qscintilla/src/CellBuffer.cpp,"(41, 32)-(41, 40)",b'operator-() const noexcept'
sqlitebrowser-master,../repos/sqlitebrowser-master/libs/qscintilla/src/CellBuffer.cpp,"(44, 35)-(44, 43)",b'WidthUTF32() const noexcept'
sqlitebrowser-master,../repos/sqlitebrowser-master/libs/qscintilla/src/CellBuffer.cpp,"(48, 35)-(48, 43)",b'WidthUTF16() const noexcept'
sqlitebrowser-master,../repos/sqlitebrowser-master/libs/qscintilla/src/CellBuffer.cpp,"(52, 30)-(52, 38)",b'CountChar(int lenChar) noexcept'
sqlitebrowser-master,../repos/sqlitebrowser-master/libs/qscintilla/src/CellBuffer.cpp,"(67, 68)-(67, 76)","b'SetLineStart(Sci::Line line, Sci::Position po...'"
sqlitebrowser-master,../repos/sqlitebrowser-master/libs/qscintilla/src/CellBuffer.cpp,"(69, 34)-(69, 42)",b'Lines() const noexcept'
sqlitebrowser-master,../repos/sqlitebrowser-master/libs/qscintilla/src/CellBuffer.cpp,"(70, 62)-(70, 70)",b'LineFromPosition(Sci::Position pos) const noexcept'
sqlitebrowser-master,../repos/sqlitebrowser-master/libs/qscintilla/src/CellBuffer.cpp,"(71, 56)-(71, 64)",b'LineStart(Sci::Line line) const noexcept'
sqlitebrowser-master,../repos/sqlitebrowser-master/libs/qscintilla/src/CellBuffer.cpp,"(74, 41)-(74, 49)",b'LineCharacterIndex() const noexcept'
sqlitebrowser-master,../repos/sqlitebrowser-master/libs/qscintilla/src/CellBuffer.cpp,"(77, 85)-(77, 93)","b'IndexLineStart(Sci::Line line, int lineCharac...'"
sqlitebrowser-master,../repos/sqlitebrowser-master/libs/qscintilla/src/CellBuffer.cpp,"(78, 91)-(78, 99)","b'LineFromPositionIndex(Sci::Position pos, int ...'"
sqlitebrowser-master,../repos/sqlitebrowser-master/libs/qscintilla/src/CellBuffer.cpp,"(120, 22)-(120, 30)",b'Active() const noexcept'
sqlitebrowser-master,../repos/sqlitebrowser-master/libs/qscintilla/src/CellBuffer.cpp,"(123, 48)-(123, 56)",b'LineWidth(Sci::Line line) const noexcept'
sqlitebrowser-master,../repos/sqlitebrowser-master/libs/qscintilla/src/CellBuffer.cpp,"(181, 60)-(181, 68)","b'SetLineStart(Sci::Line line, Sci::Position po...'"
sqlitebrowser-master,../repos/sqlitebrowser-master/libs/qscintilla/src/CellBuffer.cpp,"(196, 26)-(196, 34)",b'Lines() const noexcept override'
sqlitebrowser-master,../repos/sqlitebrowser-master/libs/qscintilla/src/CellBuffer.cpp,"(199, 54)-(199, 62)",b'LineFromPosition(Sci::Position pos) const noe...'
sqlitebrowser-master,../repos/sqlitebrowser-master/libs/qscintilla/src/CellBuffer.cpp,"(202, 48)-(202, 56)",b'LineStart(Sci::Line line) const noexcept override'
sqlitebrowser-master,../repos/sqlitebrowser-master/libs/qscintilla/src/CellBuffer.cpp,"(224, 33)-(224, 41)",b'LineCharacterIndex() const noexcept override'
sqlitebrowser-master,../repos/sqlitebrowser-master/libs/qscintilla/src/CellBuffer.cpp,"(256, 77)-(256, 85)","b'IndexLineStart(Sci::Line line, int lineCharac...'"
sqlitebrowser-master,../repos/sqlitebrowser-master/libs/qscintilla/src/CellBuffer.cpp,"(263, 83)-(263, 91)","b'LineFromPositionIndex(Sci::Position pos, int ...'"
sqlitebrowser-master,../repos/sqlitebrowser-master/libs/qscintilla/src/CellBuffer.cpp,"(547, 55)-(547, 63)",b'CellBuffer::CharAt(Sci::Position position) co...'
sqlitebrowser-master,../repos/sqlitebrowser-master/libs/qscintilla/src/CellBuffer.cpp,"(551, 65)-(551, 73)",b'CellBuffer::UCharAt(Sci::Position position) c...'
sqlitebrowser-master,../repos/sqlitebrowser-master/libs/qscintilla/src/CellBuffer.cpp,"(568, 56)-(568, 64)",b'CellBuffer::StyleAt(Sci::Position position) c...'
sqlitebrowser-master,../repos/sqlitebrowser-master/libs/qscintilla/src/CellBuffer.cpp,"(666, 42)-(666, 50)",b'CellBuffer::Length() const noexcept'
sqlitebrowser-master,../repos/sqlitebrowser-master/libs/qscintilla/src/CellBuffer.cpp,"(716, 44)-(716, 52)",b'CellBuffer::LineCharacterIndex() const noexcept'
sqlitebrowser-master,../repos/sqlitebrowser-master/libs/qscintilla/src/CellBuffer.cpp,"(733, 37)-(733, 45)",b'CellBuffer::Lines() const noexcept'
sqlitebrowser-master,../repos/sqlitebrowser-master/libs/qscintilla/src/CellBuffer.cpp,"(737, 59)-(737, 67)",b'CellBuffer::LineStart(Sci::Line line) const n...'
sqlitebrowser-master,../repos/sqlitebrowser-master/libs/qscintilla/src/CellBuffer.cpp,"(746, 65)-(746, 73)",b'CellBuffer::LineFromPosition(Sci::Position po...'
sqlitebrowser-master,../repos/sqlitebrowser-master/libs/qscintilla/src/CellBuffer.cpp,"(750, 88)-(750, 96)","b'CellBuffer::IndexLineStart(Sci::Line line, in...'"
sqlitebrowser-master,../repos/sqlitebrowser-master/libs/qscintilla/src/CellBuffer.cpp,"(754, 94)-(754, 102)",b'CellBuffer::LineFromPositionIndex(Sci::Positi...'
sqlitebrowser-master,../repos/sqlitebrowser-master/libs/qscintilla/src/CellBuffer.cpp,"(887, 65)-(887, 73)","b'CountCharacterWidthsUTF8(const char *s, size_...'"
sqlitebrowser-master,../repos/sqlitebrowser-master/libs/qscintilla/src/CellBuffer.cpp,"(902, 56)-(902, 64)",b'CellBuffer::MaintainingLineCharacterIndex() c...'
sqlitebrowser-master,../repos/sqlitebrowser-master/libs/qscintilla/src/CellBuffer.h,"(46, 25)-(46, 33)",b'Action(Action &&other) noexcept'
sqlitebrowser-master,../repos/sqlitebrowser-master/libs/qscintilla/src/CellBuffer.h,"(89, 31)-(89, 39)",b'TentativeActive() const noexcept'
sqlitebrowser-master,../repos/sqlitebrowser-master/libs/qscintilla/src/CellBuffer.h,"(128, 45)-(128, 53)",b'MaintainingLineCharacterIndex() const noexcept'
sqlitebrowser-master,../repos/sqlitebrowser-master/libs/qscintilla/src/CellBuffer.h,"(144, 44)-(144, 52)",b'CharAt(Sci::Position position) const noexcept'
sqlitebrowser-master,../repos/sqlitebrowser-master/libs/qscintilla/src/CellBuffer.h,"(145, 54)-(145, 62)",b'UCharAt(Sci::Position position) const noexcept'
sqlitebrowser-master,../repos/sqlitebrowser-master/libs/qscintilla/src/CellBuffer.h,"(147, 45)-(147, 53)",b'StyleAt(Sci::Position position) const noexcept'
sqlitebrowser-master,../repos/sqlitebrowser-master/libs/qscintilla/src/CellBuffer.h,"(153, 31)-(153, 39)",b'Length() const noexcept'
sqlitebrowser-master,../repos/sqlitebrowser-master/libs/qscintilla/src/CellBuffer.h,"(160, 33)-(160, 41)",b'LineCharacterIndex() const noexcept'
sqlitebrowser-master,../repos/sqlitebrowser-master/libs/qscintilla/src/CellBuffer.h,"(163, 26)-(163, 34)",b'Lines() const noexcept'
sqlitebrowser-master,../repos/sqlitebrowser-master/libs/qscintilla/src/CellBuffer.h,"(164, 48)-(164, 56)",b'LineStart(Sci::Line line) const noexcept'
sqlitebrowser-master,../repos/sqlitebrowser-master/libs/qscintilla/src/CellBuffer.h,"(165, 77)-(165, 85)","b'IndexLineStart(Sci::Line line, int lineCharac...'"
sqlitebrowser-master,../repos/sqlitebrowser-master/libs/qscintilla/src/CellBuffer.h,"(166, 54)-(166, 62)",b'LineFromPosition(Sci::Position pos) const noexcept'
sqlitebrowser-master,../repos/sqlitebrowser-master/libs/qscintilla/src/CellBuffer.h,"(167, 83)-(167, 91)","b'LineFromPositionIndex(Sci::Position pos, int ...'"
sqlitebrowser-master,../repos/sqlitebrowser-master/libs/qscintilla/src/ContractionState.cpp,"(43, 24)-(43, 32)",b'OneToOne() const noexcept'
sqlitebrowser-master,../repos/sqlitebrowser-master/libs/qscintilla/src/ContractionState.cpp,"(53, 21)-(53, 29)",b'ContractionState() noexcept'
sqlitebrowser-master,../repos/sqlitebrowser-master/libs/qscintilla/src/ContractionState.cpp,"(61, 15)-(61, 23)",b'Clear() noexcept override'
sqlitebrowser-master,../repos/sqlitebrowser-master/libs/qscintilla/src/ContractionState.cpp,"(93, 44)-(93, 52)",b'ContractionState<LINE>::ContractionState() no...'
sqlitebrowser-master,../repos/sqlitebrowser-master/libs/qscintilla/src/ContractionState.cpp,"(151, 38)-(151, 46)",b'ContractionState<LINE>::Clear() noexcept'
sqlitebrowser-master,../repos/sqlitebrowser-master/libs/qscintilla/src/DBCS.cpp,"(14, 44)-(14, 52)","b'DBCSIsLeadByte(int codePage, char ch) noexcept'"
sqlitebrowser-master,../repos/sqlitebrowser-master/libs/qscintilla/src/DBCS.h,"(13, 44)-(13, 52)","b'DBCSIsLeadByte(int codePage, char ch) noexcept'"
sqlitebrowser-master,../repos/sqlitebrowser-master/libs/qscintilla/src/Document.cpp,"(90, 92)-(90, 100)",b'ActionDuration::ActionDuration(double duratio...'
sqlitebrowser-master,../repos/sqlitebrowser-master/libs/qscintilla/src/Document.cpp,"(94, 80)-(94, 88)",b'ActionDuration::AddSample(size_t numberAction...'
sqlitebrowser-master,../repos/sqlitebrowser-master/libs/qscintilla/src/Document.cpp,"(108, 41)-(108, 49)",b'ActionDuration::Duration() const noexcept'
sqlitebrowser-master,../repos/sqlitebrowser-master/libs/qscintilla/src/Document.cpp,"(421, 66)-(421, 74)",b'Document::SciLineFromPosition(Sci::Position p...'
sqlitebrowser-master,../repos/sqlitebrowser-master/libs/qscintilla/src/Document.cpp,"(630, 94)-(630, 102)","b'Document::InGoodUTF8(Sci::Position pos, Sci::...'"
sqlitebrowser-master,../repos/sqlitebrowser-master/libs/qscintilla/src/Document.cpp,"(729, 76)-(729, 84)","b'Document::NextPosition(Sci::Position pos, int...'"
sqlitebrowser-master,../repos/sqlitebrowser-master/libs/qscintilla/src/Document.cpp,"(807, 69)-(807, 77)","b'Document::NextCharacter(Sci::Position &pos, i...'"
sqlitebrowser-master,../repos/sqlitebrowser-master/libs/qscintilla/src/Document.cpp,"(979, 54)-(979, 62)",b'Document::IsDBCSLeadByteNoExcept(char ch) con...'
sqlitebrowser-master,../repos/sqlitebrowser-master/libs/qscintilla/src/Document.cpp,"(1008, 53)-(1008, 61)",b'Document::IsDBCSLeadByteInvalid(char ch) cons...'
sqlitebrowser-master,../repos/sqlitebrowser-master/libs/qscintilla/src/Document.cpp,"(1045, 54)-(1045, 62)",b'Document::IsDBCSTrailByteInvalid(char ch) con...'
sqlitebrowser-master,../repos/sqlitebrowser-master/libs/qscintilla/src/Document.cpp,"(1084, 62)-(1084, 70)","b'Document::DBCSDrawBytes(const char *text, int...'"
sqlitebrowser-master,../repos/sqlitebrowser-master/libs/qscintilla/src/Document.cpp,"(1095, 41)-(1095, 49)",b'IsSpaceOrTab(int ch) noexcept'
sqlitebrowser-master,../repos/sqlitebrowser-master/libs/qscintilla/src/Document.cpp,"(1110, 82)-(1110, 90)","b'Document::SafeSegment(const char *text, int l...'"
sqlitebrowser-master,../repos/sqlitebrowser-master/libs/qscintilla/src/Document.cpp,"(1144, 49)-(1144, 57)",b'Document::CodePageFamily() const noexcept'
sqlitebrowser-master,../repos/sqlitebrowser-master/libs/qscintilla/src/Document.cpp,"(1153, 46)-(1153, 54)",b'Document::ModifiedAt(Sci::Position pos) noexcept'
sqlitebrowser-master,../repos/sqlitebrowser-master/libs/qscintilla/src/Document.cpp,"(1441, 72)-(1441, 80)","b'NextTab(Sci::Position pos, Sci::Position tabS...'"
sqlitebrowser-master,../repos/sqlitebrowser-master/libs/qscintilla/src/Document.cpp,"(1945, 38)-(1945, 46)",b'Document::HasCaseFolder() const noexcept'
sqlitebrowser-master,../repos/sqlitebrowser-master/libs/qscintilla/src/Document.cpp,"(1953, 87)-(1953, 95)",b'Document::ExtractCharacter(Sci::Position posi...'
sqlitebrowser-master,../repos/sqlitebrowser-master/libs/qscintilla/src/Document.cpp,"(2156, 40)-(2156, 48)",b'Document::LinesTotal() const noexcept'
sqlitebrowser-master,../repos/sqlitebrowser-master/libs/qscintilla/src/Document.cpp,"(2361, 38)-(2361, 46)",b'Document::IncrementStyleClock() noexcept'
sqlitebrowser-master,../repos/sqlitebrowser-master/libs/qscintilla/src/Document.cpp,"(2423, 58)-(2423, 66)",b'IsASCIIPunctuationCharacter(unsigned int ch) ...'
sqlitebrowser-master,../repos/sqlitebrowser-master/libs/qscintilla/src/Document.cpp,"(2557, 35)-(2557, 43)",b'IsLineEndChar(char c) noexcept'
sqlitebrowser-master,../repos/sqlitebrowser-master/libs/qscintilla/src/Document.cpp,"(2574, 36)-(2574, 44)",b'BraceOpposite(char ch) noexcept'
sqlitebrowser-master,../repos/sqlitebrowser-master/libs/qscintilla/src/Document.cpp,"(2699, 55)-(2699, 63)","b'DocumentIndexer(Document *pdoc_, Sci::Positio...'"
sqlitebrowser-master,../repos/sqlitebrowser-master/libs/qscintilla/src/Document.cpp,"(2710, 41)-(2710, 49)",b'CharAt(Sci::Position index) const noexcept ov...'
sqlitebrowser-master,../repos/sqlitebrowser-master/libs/qscintilla/src/Document.cpp,"(2731, 72)-(2731, 80)","b'ByteIterator(const Document *doc_=nullptr, Sc...'"
sqlitebrowser-master,../repos/sqlitebrowser-master/libs/qscintilla/src/Document.cpp,"(2734, 42)-(2734, 50)",b'ByteIterator(const ByteIterator &other) noexcept'
sqlitebrowser-master,../repos/sqlitebrowser-master/libs/qscintilla/src/Document.cpp,"(2738, 37)-(2738, 45)",b'ByteIterator(ByteIterator &&other) noexcept'
sqlitebrowser-master,../repos/sqlitebrowser-master/libs/qscintilla/src/Document.cpp,"(2742, 53)-(2742, 61)",b'operator=(const ByteIterator &other) noexcept'
sqlitebrowser-master,../repos/sqlitebrowser-master/libs/qscintilla/src/Document.cpp,"(2749, 43)-(2749, 51)",b'operator=(ByteIterator &&) noexcept'
sqlitebrowser-master,../repos/sqlitebrowser-master/libs/qscintilla/src/Document.cpp,"(2751, 25)-(2751, 33)",b'operator*() const noexcept'
sqlitebrowser-master,../repos/sqlitebrowser-master/libs/qscintilla/src/Document.cpp,"(2754, 29)-(2754, 37)",b'operator++() noexcept'
sqlitebrowser-master,../repos/sqlitebrowser-master/libs/qscintilla/src/Document.cpp,"(2758, 31)-(2758, 39)",b'operator++(int) noexcept'
sqlitebrowser-master,../repos/sqlitebrowser-master/libs/qscintilla/src/Document.cpp,"(2763, 29)-(2763, 37)",b'operator--() noexcept'
sqlitebrowser-master,../repos/sqlitebrowser-master/libs/qscintilla/src/Document.cpp,"(2767, 51)-(2767, 59)",b'operator==(const ByteIterator &other) const n...'
sqlitebrowser-master,../repos/sqlitebrowser-master/libs/qscintilla/src/Document.cpp,"(2770, 51)-(2770, 59)",b'operator!=(const ByteIterator &other) const n...'
sqlitebrowser-master,../repos/sqlitebrowser-master/libs/qscintilla/src/Document.cpp,"(2773, 28)-(2773, 36)",b'Pos() const noexcept'
sqlitebrowser-master,../repos/sqlitebrowser-master/libs/qscintilla/src/Document.cpp,"(2776, 35)-(2776, 43)",b'PosRoundUp() const noexcept'
sqlitebrowser-master,../repos/sqlitebrowser-master/libs/qscintilla/src/Document.cpp,"(2813, 72)-(2813, 80)","b'UTF8Iterator(const Document *doc_=nullptr, Sc...'"
sqlitebrowser-master,../repos/sqlitebrowser-master/libs/qscintilla/src/Document.cpp,"(2821, 42)-(2821, 50)",b'UTF8Iterator(const UTF8Iterator &other) noexcept'
sqlitebrowser-master,../repos/sqlitebrowser-master/libs/qscintilla/src/Document.cpp,"(2830, 37)-(2830, 45)",b'UTF8Iterator(UTF8Iterator &&other) noexcept'
sqlitebrowser-master,../repos/sqlitebrowser-master/libs/qscintilla/src/Document.cpp,"(2831, 53)-(2831, 61)",b'operator=(const UTF8Iterator &other) noexcept'
sqlitebrowser-master,../repos/sqlitebrowser-master/libs/qscintilla/src/Document.cpp,"(2843, 43)-(2843, 51)",b'operator=(UTF8Iterator &&) noexcept'
sqlitebrowser-master,../repos/sqlitebrowser-master/libs/qscintilla/src/Document.cpp,"(2845, 28)-(2845, 36)",b'operator*() const noexcept'
sqlitebrowser-master,../repos/sqlitebrowser-master/libs/qscintilla/src/Document.cpp,"(2849, 29)-(2849, 37)",b'operator++() noexcept'
sqlitebrowser-master,../repos/sqlitebrowser-master/libs/qscintilla/src/Document.cpp,"(2859, 31)-(2859, 39)",b'operator++(int) noexcept'
sqlitebrowser-master,../repos/sqlitebrowser-master/libs/qscintilla/src/Document.cpp,"(2870, 29)-(2870, 37)",b'operator--() noexcept'
sqlitebrowser-master,../repos/sqlitebrowser-master/libs/qscintilla/src/Document.cpp,"(2880, 51)-(2880, 59)",b'operator==(const UTF8Iterator &other) const n...'
sqlitebrowser-master,../repos/sqlitebrowser-master/libs/qscintilla/src/Document.cpp,"(2886, 51)-(2886, 59)",b'operator!=(const UTF8Iterator &other) const n...'
sqlitebrowser-master,../repos/sqlitebrowser-master/libs/qscintilla/src/Document.cpp,"(2892, 28)-(2892, 36)",b'Pos() const noexcept'
sqlitebrowser-master,../repos/sqlitebrowser-master/libs/qscintilla/src/Document.cpp,"(2895, 35)-(2895, 43)",b'PosRoundUp() const noexcept'
sqlitebrowser-master,../repos/sqlitebrowser-master/libs/qscintilla/src/Document.cpp,"(2902, 23)-(2902, 31)",b'ReadCharacter() noexcept'
sqlitebrowser-master,../repos/sqlitebrowser-master/libs/qscintilla/src/Document.cpp,"(2928, 72)-(2928, 80)","b'UTF8Iterator(const Document *doc_=nullptr, Sc...'"
sqlitebrowser-master,../repos/sqlitebrowser-master/libs/qscintilla/src/Document.cpp,"(2931, 42)-(2931, 50)",b'UTF8Iterator(const UTF8Iterator &other) noexcept'
sqlitebrowser-master,../repos/sqlitebrowser-master/libs/qscintilla/src/Document.cpp,"(2935, 37)-(2935, 45)",b'UTF8Iterator(UTF8Iterator &&other) noexcept'
sqlitebrowser-master,../repos/sqlitebrowser-master/libs/qscintilla/src/Document.cpp,"(2936, 53)-(2936, 61)",b'operator=(const UTF8Iterator &other) noexcept'
sqlitebrowser-master,../repos/sqlitebrowser-master/libs/qscintilla/src/Document.cpp,"(2943, 43)-(2943, 51)",b'operator=(UTF8Iterator &&) noexcept'
sqlitebrowser-master,../repos/sqlitebrowser-master/libs/qscintilla/src/Document.cpp,"(2945, 28)-(2945, 36)",b'operator*() const noexcept'
sqlitebrowser-master,../repos/sqlitebrowser-master/libs/qscintilla/src/Document.cpp,"(2949, 29)-(2949, 37)",b'operator++() noexcept'
sqlitebrowser-master,../repos/sqlitebrowser-master/libs/qscintilla/src/Document.cpp,"(2953, 31)-(2953, 39)",b'operator++(int) noexcept'
sqlitebrowser-master,../repos/sqlitebrowser-master/libs/qscintilla/src/Document.cpp,"(2958, 29)-(2958, 37)",b'operator--() noexcept'
sqlitebrowser-master,../repos/sqlitebrowser-master/libs/qscintilla/src/Document.cpp,"(2962, 51)-(2962, 59)",b'operator==(const UTF8Iterator &other) const n...'
sqlitebrowser-master,../repos/sqlitebrowser-master/libs/qscintilla/src/Document.cpp,"(2965, 51)-(2965, 59)",b'operator!=(const UTF8Iterator &other) const n...'
sqlitebrowser-master,../repos/sqlitebrowser-master/libs/qscintilla/src/Document.cpp,"(2968, 28)-(2968, 36)",b'Pos() const noexcept'
sqlitebrowser-master,../repos/sqlitebrowser-master/libs/qscintilla/src/Document.cpp,"(2971, 35)-(2971, 43)",b'PosRoundUp() const noexcept'
sqlitebrowser-master,../repos/sqlitebrowser-master/libs/qscintilla/src/Document.h,"(34, 38)-(34, 46)",b'Range(Sci::Position pos=0) noexcept'
sqlitebrowser-master,../repos/sqlitebrowser-master/libs/qscintilla/src/Document.h,"(37, 50)-(37, 58)","b'Range(Sci::Position start_, Sci::Position end...'"
sqlitebrowser-master,../repos/sqlitebrowser-master/libs/qscintilla/src/Document.h,"(41, 44)-(41, 52)",b'operator==(const Range &other) const noexcept'
sqlitebrowser-master,../repos/sqlitebrowser-master/libs/qscintilla/src/Document.h,"(45, 21)-(45, 29)",b'Valid() const noexcept'
sqlitebrowser-master,../repos/sqlitebrowser-master/libs/qscintilla/src/Document.h,"(49, 30)-(49, 38)",b'First() const noexcept'
sqlitebrowser-master,../repos/sqlitebrowser-master/libs/qscintilla/src/Document.h,"(53, 29)-(53, 37)",b'Last() const noexcept'
sqlitebrowser-master,../repos/sqlitebrowser-master/libs/qscintilla/src/Document.h,"(58, 41)-(58, 49)",b'Contains(Sci::Position pos) const noexcept'
sqlitebrowser-master,../repos/sqlitebrowser-master/libs/qscintilla/src/Document.h,"(67, 50)-(67, 58)",b'ContainsCharacter(Sci::Position pos) const no...'
sqlitebrowser-master,../repos/sqlitebrowser-master/libs/qscintilla/src/Document.h,"(75, 35)-(75, 43)",b'Contains(Range other) const noexcept'
sqlitebrowser-master,../repos/sqlitebrowser-master/libs/qscintilla/src/Document.h,"(79, 35)-(79, 43)",b'Overlaps(Range other) const noexcept'
sqlitebrowser-master,../repos/sqlitebrowser-master/libs/qscintilla/src/Document.h,"(111, 112)-(111, 120)","b'StyledText(size_t length_, const char *text_,...'"
sqlitebrowser-master,../repos/sqlitebrowser-master/libs/qscintilla/src/Document.h,"(116, 40)-(116, 48)",b'LineLength(size_t start) const noexcept'
sqlitebrowser-master,../repos/sqlitebrowser-master/libs/qscintilla/src/Document.h,"(122, 33)-(122, 41)",b'StyleAt(size_t i) const noexcept'
sqlitebrowser-master,../repos/sqlitebrowser-master/libs/qscintilla/src/Document.h,"(167, 35)-(167, 43)",b'LevelNumber(int level) noexcept'
sqlitebrowser-master,../repos/sqlitebrowser-master/libs/qscintilla/src/Document.h,"(207, 77)-(207, 85)","b'ActionDuration(double duration_, double minDu...'"
sqlitebrowser-master,../repos/sqlitebrowser-master/libs/qscintilla/src/Document.h,"(208, 65)-(208, 73)","b'AddSample(size_t numberActions, double durati...'"
sqlitebrowser-master,../repos/sqlitebrowser-master/libs/qscintilla/src/Document.h,"(209, 26)-(209, 34)",b'Duration() const noexcept'
sqlitebrowser-master,../repos/sqlitebrowser-master/libs/qscintilla/src/Document.h,"(221, 78)-(221, 86)",b'WatcherWithUserData(DocWatcher *watcher_=null...'
sqlitebrowser-master,../repos/sqlitebrowser-master/libs/qscintilla/src/Document.h,"(224, 59)-(224, 67)",b'operator==(const WatcherWithUserData &other) ...'
sqlitebrowser-master,../repos/sqlitebrowser-master/libs/qscintilla/src/Document.h,"(263, 73)-(263, 81)","b'CharacterExtracted(unsigned int character_, u...'"
sqlitebrowser-master,../repos/sqlitebrowser-master/libs/qscintilla/src/Document.h,"(267, 75)-(267, 83)","b'DBCS(unsigned char lead, unsigned char trail)...'"
sqlitebrowser-master,../repos/sqlitebrowser-master/libs/qscintilla/src/Document.h,"(315, 57)-(315, 65)",b'SciLineFromPosition(Sci::Position pos) const ...'
sqlitebrowser-master,../repos/sqlitebrowser-master/libs/qscintilla/src/Document.h,"(320, 85)-(320, 93)","b'InGoodUTF8(Sci::Position pos, Sci::Position &...'"
sqlitebrowser-master,../repos/sqlitebrowser-master/libs/qscintilla/src/Document.h,"(322, 67)-(322, 75)","b'NextPosition(Sci::Position pos, int moveDir) ...'"
sqlitebrowser-master,../repos/sqlitebrowser-master/libs/qscintilla/src/Document.h,"(323, 60)-(323, 68)","b'NextCharacter(Sci::Position &pos, int moveDir...'"
sqlitebrowser-master,../repos/sqlitebrowser-master/libs/qscintilla/src/Document.h,"(331, 45)-(331, 53)",b'IsDBCSLeadByteNoExcept(char ch) const noexcept'
sqlitebrowser-master,../repos/sqlitebrowser-master/libs/qscintilla/src/Document.h,"(332, 44)-(332, 52)",b'IsDBCSLeadByteInvalid(char ch) const noexcept'
sqlitebrowser-master,../repos/sqlitebrowser-master/libs/qscintilla/src/Document.h,"(333, 45)-(333, 53)",b'IsDBCSTrailByteInvalid(char ch) const noexcept'
sqlitebrowser-master,../repos/sqlitebrowser-master/libs/qscintilla/src/Document.h,"(334, 53)-(334, 61)","b'DBCSDrawBytes(const char *text, int len) cons...'"
sqlitebrowser-master,../repos/sqlitebrowser-master/libs/qscintilla/src/Document.h,"(335, 73)-(335, 81)","b'SafeSegment(const char *text, int length, int...'"
sqlitebrowser-master,../repos/sqlitebrowser-master/libs/qscintilla/src/Document.h,"(336, 40)-(336, 48)",b'CodePageFamily() const noexcept'
sqlitebrowser-master,../repos/sqlitebrowser-master/libs/qscintilla/src/Document.h,"(339, 37)-(339, 45)",b'ModifiedAt(Sci::Position pos) noexcept'
sqlitebrowser-master,../repos/sqlitebrowser-master/libs/qscintilla/src/Document.h,"(388, 44)-(388, 52)",b'CharAt(Sci::Position position) const noexcept'
sqlitebrowser-master,../repos/sqlitebrowser-master/libs/qscintilla/src/Document.h,"(393, 48)-(393, 56)",b'StyleIndexAt(Sci_Position position) const noexcept'
sqlitebrowser-master,../repos/sqlitebrowser-master/libs/qscintilla/src/Document.h,"(428, 68)-(428, 76)",b'ExtractCharacter(Sci::Position position) cons...'
sqlitebrowser-master,../repos/sqlitebrowser-master/libs/qscintilla/src/Document.h,"(435, 29)-(435, 37)",b'HasCaseFolder() const noexcept'
sqlitebrowser-master,../repos/sqlitebrowser-master/libs/qscintilla/src/Document.h,"(442, 31)-(442, 39)",b'LinesTotal() const noexcept'
sqlitebrowser-master,../repos/sqlitebrowser-master/libs/qscintilla/src/Document.h,"(450, 37)-(450, 45)",b'GetEndStyled() const noexcept'
sqlitebrowser-master,../repos/sqlitebrowser-master/libs/qscintilla/src/Document.h,"(454, 28)-(454, 36)",b'GetStyleClock() const noexcept'
sqlitebrowser-master,../repos/sqlitebrowser-master/libs/qscintilla/src/Document.h,"(455, 29)-(455, 37)",b'IncrementStyleClock() noexcept'
sqlitebrowser-master,../repos/sqlitebrowser-master/libs/qscintilla/src/Document.h,"(491, 25)-(491, 33)",b'IndentSize() const noexcept'
sqlitebrowser-master,../repos/sqlitebrowser-master/libs/qscintilla/src/Document.h,"(515, 22)-(515, 30)",b'Needed() const noexcept'
sqlitebrowser-master,../repos/sqlitebrowser-master/libs/qscintilla/src/Document.h,"(540, 74)-(540, 82)","b'DocModification(int modificationType_, Sci::P...'"
sqlitebrowser-master,../repos/sqlitebrowser-master/libs/qscintilla/src/Document.h,"(552, 85)-(552, 93)","b'DocModification(int modificationType_, const ...'"
sqlitebrowser-master,../repos/sqlitebrowser-master/libs/qscintilla/src/Editor.cpp,"(2295, 83)-(2295, 91)","b'Editor::ModifierFlags(bool shift, bool ctrl, ...'"
sqlitebrowser-master,../repos/sqlitebrowser-master/libs/qscintilla/src/Editor.cpp,"(4474, 84)-(4474, 92)","b'AllowVirtualSpace(int virtualSpaceOptions, bo...'"
sqlitebrowser-master,../repos/sqlitebrowser-master/libs/qscintilla/src/Editor.h,"(417, 95)-(417, 103)","b'ModifierFlags(bool shift, bool ctrl, bool alt...'"
sqlitebrowser-master,../repos/sqlitebrowser-master/libs/qscintilla/src/Editor.h,"(640, 30)-(640, 38)",b'operator->() const noexcept'
sqlitebrowser-master,../repos/sqlitebrowser-master/libs/qscintilla/src/Editor.h,"(643, 29)-(643, 37)",b'() const noexcept'
sqlitebrowser-master,../repos/sqlitebrowser-master/libs/qscintilla/src/EditView.cpp,"(1196, 72)-(1196, 80)",b'AnnotationBoxedOrIndented(int annotationVisib...'
sqlitebrowser-master,../repos/sqlitebrowser-master/libs/qscintilla/src/EditView.h,"(163, 57)-(163, 65)","b'AutoLineLayout(LineLayoutCache &llc_, LineLay...'"
sqlitebrowser-master,../repos/sqlitebrowser-master/libs/qscintilla/src/EditView.h,"(172, 33)-(172, 41)",b'operator->() const noexcept'
sqlitebrowser-master,../repos/sqlitebrowser-master/libs/qscintilla/src/EditView.h,"(175, 32)-(175, 40)",b'() const noexcept'
sqlitebrowser-master,../repos/sqlitebrowser-master/libs/qscintilla/src/IntegerRectangle.h,"(19, 43)-(19, 51)",b'IntegerRectangle(PRectangle rc) noexcept'
sqlitebrowser-master,../repos/sqlitebrowser-master/libs/qscintilla/src/IntegerRectangle.h,"(23, 20)-(23, 28)",b'Width() const noexcept'
sqlitebrowser-master,../repos/sqlitebrowser-master/libs/qscintilla/src/IntegerRectangle.h,"(24, 21)-(24, 29)",b'Height() const noexcept'
sqlitebrowser-master,../repos/sqlitebrowser-master/libs/qscintilla/src/Partitioning.h,"(31, 62)-(31, 70)","b'RangeAddDelta(ptrdiff_t start, ptrdiff_t end,...'"
sqlitebrowser-master,../repos/sqlitebrowser-master/libs/qscintilla/src/Partitioning.h,"(68, 34)-(68, 42)",b'ApplyStep(T partitionUpTo) noexcept'
sqlitebrowser-master,../repos/sqlitebrowser-master/libs/qscintilla/src/Partitioning.h,"(80, 35)-(80, 43)",b'BackStep(T partitionDownTo) noexcept'
sqlitebrowser-master,../repos/sqlitebrowser-master/libs/qscintilla/src/Partitioning.h,"(109, 23)-(109, 31)",b'Partitions() const noexcept'
sqlitebrowser-master,../repos/sqlitebrowser-master/libs/qscintilla/src/Partitioning.h,"(121, 53)-(121, 61)","b'SetPartitionStartPosition(T partition, T pos)...'"
sqlitebrowser-master,../repos/sqlitebrowser-master/libs/qscintilla/src/Partitioning.h,"(161, 45)-(161, 53)",b'PositionFromPartition(T partition) const noexcept'
sqlitebrowser-master,../repos/sqlitebrowser-master/libs/qscintilla/src/Partitioning.h,"(175, 39)-(175, 47)",b'PartitionFromPosition(T pos) const noexcept'
sqlitebrowser-master,../repos/sqlitebrowser-master/libs/qscintilla/src/PerLine.cpp,"(36, 37)-(36, 45)",b'MarkerHandleSet::Empty() const noexcept'
sqlitebrowser-master,../repos/sqlitebrowser-master/libs/qscintilla/src/PerLine.cpp,"(40, 40)-(40, 48)",b'MarkerHandleSet::MarkValue() const noexcept'
sqlitebrowser-master,../repos/sqlitebrowser-master/libs/qscintilla/src/PerLine.cpp,"(48, 50)-(48, 58)",b'MarkerHandleSet::Contains(int handle) const n...'
sqlitebrowser-master,../repos/sqlitebrowser-master/libs/qscintilla/src/PerLine.cpp,"(128, 44)-(128, 52)",b'LineMarkers::MarkValue(Sci::Line line) noexcept'
sqlitebrowser-master,../repos/sqlitebrowser-master/libs/qscintilla/src/PerLine.cpp,"(287, 42)-(287, 50)",b'NumberLines(const char *text) noexcept'
sqlitebrowser-master,../repos/sqlitebrowser-master/libs/qscintilla/src/PerLine.h,"(37, 21)-(37, 29)",b'Empty() const noexcept'
sqlitebrowser-master,../repos/sqlitebrowser-master/libs/qscintilla/src/PerLine.h,"(38, 24)-(38, 32)",b'MarkValue() const noexcept'
sqlitebrowser-master,../repos/sqlitebrowser-master/libs/qscintilla/src/PerLine.h,"(39, 34)-(39, 42)",b'Contains(int handle) const noexcept'
sqlitebrowser-master,../repos/sqlitebrowser-master/libs/qscintilla/src/PerLine.h,"(63, 32)-(63, 40)",b'MarkValue(Sci::Line line) noexcept'
sqlitebrowser-master,../repos/sqlitebrowser-master/libs/qscintilla/src/PositionCache.h,"(13, 41)-(13, 49)",b'IsEOLChar(int ch) noexcept'
sqlitebrowser-master,../repos/sqlitebrowser-master/libs/qscintilla/src/PositionCache.h,"(17, 44)-(17, 52)",b'IsSpaceOrTab(int ch) noexcept'
sqlitebrowser-master,../repos/sqlitebrowser-master/libs/qscintilla/src/PositionCache.h,"(30, 55)-(30, 63)","b'PointDocument(double x_ = 0, double y_ = 0) n...'"
sqlitebrowser-master,../repos/sqlitebrowser-master/libs/qscintilla/src/PositionCache.h,"(34, 35)-(34, 43)",b'PointDocument(Point pt) noexcept'
sqlitebrowser-master,../repos/sqlitebrowser-master/libs/qscintilla/src/PositionCache.h,"(186, 90)-(186, 98)","b'TextSegment(int start_=0, int length_=0, cons...'"
sqlitebrowser-master,../repos/sqlitebrowser-master/libs/qscintilla/src/PositionCache.h,"(189, 18)-(189, 26)",b'end() const noexcept'
sqlitebrowser-master,../repos/sqlitebrowser-master/libs/qscintilla/src/RunStyles.cpp,"(32, 79)-(32, 87)","b'RunStyles<DISTANCE, STYLE>::RunFromPosition(D...'"
sqlitebrowser-master,../repos/sqlitebrowser-master/libs/qscintilla/src/RunStyles.cpp,"(91, 53)-(91, 61)","b'RunStyles<DISTANCE, STYLE>::Length() const no...'"
sqlitebrowser-master,../repos/sqlitebrowser-master/libs/qscintilla/src/RunStyles.cpp,"(96, 68)-(96, 76)","b'RunStyles<DISTANCE, STYLE>::ValueAt(DISTANCE ...'"
sqlitebrowser-master,../repos/sqlitebrowser-master/libs/qscintilla/src/RunStyles.cpp,"(101, 92)-(101, 100)","b'RunStyles<DISTANCE, STYLE>::FindNextChange(DI...'"
sqlitebrowser-master,../repos/sqlitebrowser-master/libs/qscintilla/src/RunStyles.cpp,"(121, 72)-(121, 80)","b'RunStyles<DISTANCE, STYLE>::StartRun(DISTANCE...'"
sqlitebrowser-master,../repos/sqlitebrowser-master/libs/qscintilla/src/RunStyles.cpp,"(126, 70)-(126, 78)","b'RunStyles<DISTANCE, STYLE>::EndRun(DISTANCE p...'"
sqlitebrowser-master,../repos/sqlitebrowser-master/libs/qscintilla/src/RunStyles.cpp,"(246, 51)-(246, 59)","b'RunStyles<DISTANCE, STYLE>::Runs() const noexcept'"
sqlitebrowser-master,../repos/sqlitebrowser-master/libs/qscintilla/src/RunStyles.cpp,"(251, 50)-(251, 58)","b'RunStyles<DISTANCE, STYLE>::AllSame() const n...'"
sqlitebrowser-master,../repos/sqlitebrowser-master/libs/qscintilla/src/RunStyles.cpp,"(260, 63)-(260, 71)","b'RunStyles<DISTANCE, STYLE>::AllSameAs(STYLE v...'"
sqlitebrowser-master,../repos/sqlitebrowser-master/libs/qscintilla/src/RunStyles.cpp,"(265, 78)-(265, 86)","b'RunStyles<DISTANCE, STYLE>::Find(STYLE value,...'"
sqlitebrowser-master,../repos/sqlitebrowser-master/libs/qscintilla/src/RunStyles.h,"(30, 52)-(30, 60)",b'RunFromPosition(DISTANCE position) const noexcept'
sqlitebrowser-master,../repos/sqlitebrowser-master/libs/qscintilla/src/RunStyles.h,"(43, 26)-(43, 34)",b'Length() const noexcept'
sqlitebrowser-master,../repos/sqlitebrowser-master/libs/qscintilla/src/RunStyles.h,"(44, 41)-(44, 49)",b'ValueAt(DISTANCE position) const noexcept'
sqlitebrowser-master,../repos/sqlitebrowser-master/libs/qscintilla/src/RunStyles.h,"(45, 65)-(45, 73)","b'FindNextChange(DISTANCE position, DISTANCE en...'"
sqlitebrowser-master,../repos/sqlitebrowser-master/libs/qscintilla/src/RunStyles.h,"(46, 45)-(46, 53)",b'StartRun(DISTANCE position) const noexcept'
sqlitebrowser-master,../repos/sqlitebrowser-master/libs/qscintilla/src/RunStyles.h,"(47, 43)-(47, 51)",b'EndRun(DISTANCE position) const noexcept'
sqlitebrowser-master,../repos/sqlitebrowser-master/libs/qscintilla/src/RunStyles.h,"(54, 24)-(54, 32)",b'Runs() const noexcept'
sqlitebrowser-master,../repos/sqlitebrowser-master/libs/qscintilla/src/RunStyles.h,"(55, 23)-(55, 31)",b'AllSame() const noexcept'
sqlitebrowser-master,../repos/sqlitebrowser-master/libs/qscintilla/src/RunStyles.h,"(56, 36)-(56, 44)",b'AllSameAs(STYLE value) const noexcept'
sqlitebrowser-master,../repos/sqlitebrowser-master/libs/qscintilla/src/RunStyles.h,"(57, 51)-(57, 59)","b'Find(STYLE value, DISTANCE start) const noexcept'"
sqlitebrowser-master,../repos/sqlitebrowser-master/libs/qscintilla/src/SplitVector.h,"(27, 33)-(27, 41)",b'GapTo(ptrdiff_t position) noexcept'
sqlitebrowser-master,../repos/sqlitebrowser-master/libs/qscintilla/src/SplitVector.h,"(108, 45)-(108, 53)",b'ValueAt(ptrdiff_t position) const noexcept'
sqlitebrowser-master,../repos/sqlitebrowser-master/libs/qscintilla/src/SplitVector.h,"(128, 53)-(128, 61)","b'SetValueAt(ptrdiff_t position, ParamType&& v)...'"
sqlitebrowser-master,../repos/sqlitebrowser-master/libs/qscintilla/src/SplitVector.h,"(148, 48)-(148, 56)",b'operator[](ptrdiff_t position) const noexcept'
sqlitebrowser-master,../repos/sqlitebrowser-master/libs/qscintilla/src/SplitVector.h,"(160, 36)-(160, 44)",b'operator[](ptrdiff_t position) noexcept'
sqlitebrowser-master,../repos/sqlitebrowser-master/libs/qscintilla/src/SplitVector.h,"(170, 27)-(170, 35)",b'Length() const noexcept'
sqlitebrowser-master,../repos/sqlitebrowser-master/libs/qscintilla/src/SplitVector.h,"(281, 79)-(281, 87)","b'GetRange(T *buffer, ptrdiff_t position, ptrdi...'"
sqlitebrowser-master,../repos/sqlitebrowser-master/libs/qscintilla/src/SplitVector.h,"(310, 61)-(310, 69)","b'RangePointer(ptrdiff_t position, ptrdiff_t ra...'"
sqlitebrowser-master,../repos/sqlitebrowser-master/libs/qscintilla/src/SplitVector.h,"(325, 32)-(325, 40)",b'GapPosition() const noexcept'
sqlitebrowser-master,../repos/sqlitebrowser-master/libs/qscintilla/src/UniConversion.cpp,"(218, 71)-(218, 79)","b'UTF16FromUTF32Character(unsigned int val, wch...'"
sqlitebrowser-master,../repos/sqlitebrowser-master/libs/qscintilla/src/UniConversion.cpp,"(254, 55)-(254, 63)","b'UTF8Classify(const unsigned char *us, size_t ...'"
sqlitebrowser-master,../repos/sqlitebrowser-master/libs/qscintilla/src/UniConversion.cpp,"(325, 53)-(325, 61)","b'UTF8DrawBytes(const unsigned char *us, int le...'"
sqlitebrowser-master,../repos/sqlitebrowser-master/libs/qscintilla/src/UniConversion.cpp,"(330, 45)-(330, 53)","b'UTF8IsValid(const char *s, size_t len) noexcept'"
sqlitebrowser-master,../repos/sqlitebrowser-master/libs/qscintilla/src/UniConversion.h,"(23, 71)-(23, 79)","b'UTF16FromUTF32Character(unsigned int val, wch...'"
sqlitebrowser-master,../repos/sqlitebrowser-master/libs/qscintilla/src/UniConversion.h,"(24, 45)-(24, 53)","b'UTF8IsValid(const char *s, size_t len) noexcept'"
sqlitebrowser-master,../repos/sqlitebrowser-master/libs/qscintilla/src/UniConversion.h,"(29, 53)-(29, 61)",b'UnicodeFromUTF8(const unsigned char *us) noexcept'
sqlitebrowser-master,../repos/sqlitebrowser-master/libs/qscintilla/src/UniConversion.h,"(42, 57)-(42, 65)",b'UTF8IsTrailByte(unsigned char ch) noexcept'
sqlitebrowser-master,../repos/sqlitebrowser-master/libs/qscintilla/src/UniConversion.h,"(46, 43)-(46, 51)",b'UTF8IsAscii(int ch) noexcept'
sqlitebrowser-master,../repos/sqlitebrowser-master/libs/qscintilla/src/UniConversion.h,"(51, 55)-(51, 63)","b'UTF8Classify(const unsigned char *us, size_t ...'"
sqlitebrowser-master,../repos/sqlitebrowser-master/libs/qscintilla/src/UniConversion.h,"(55, 53)-(55, 61)","b'UTF8DrawBytes(const unsigned char *us, int le...'"
sqlitebrowser-master,../repos/sqlitebrowser-master/libs/qscintilla/src/UniConversion.h,"(60, 54)-(60, 62)",b'UTF8IsSeparator(const unsigned char *us) noexcept'
sqlitebrowser-master,../repos/sqlitebrowser-master/libs/qscintilla/src/UniConversion.h,"(66, 48)-(66, 56)",b'UTF8IsNEL(const unsigned char *us) noexcept'
sqlitebrowser-master,../repos/sqlitebrowser-master/libs/qscintilla/src/UniConversion.h,"(76, 60)-(76, 68)",b'UTF16CharLength(wchar_t uch) noexcept'
sqlitebrowser-master,../repos/sqlitebrowser-master/libs/qscintilla/src/UniConversion.h,"(80, 84)-(80, 92)",b'UTF16LengthFromUTF8ByteCount(unsigned int byt...'
sqlitebrowser-master,../repos/sqlitebrowser-master/libs/qscintilla/src/XPM.cpp,"(171, 40)-(171, 48)",b'ValueOfHex(const char ch) noexcept'
sqlitebrowser-master,../repos/sqlitebrowser-master/libs/qscintilla/src/XPM.cpp,"(182, 46)-(182, 54)",b'ColourFromHex(const char *val) noexcept'
