Repo name,File name,Location,Content
sqlitebrowser-master,../repos/sqlitebrowser-master/libs/json/json.hpp,"(3929, 42)-(3929, 47)",b'test(...)'
sqlitebrowser-master,../repos/sqlitebrowser-master/libs/json/json.hpp,"(4200, 59)-(4201, 99)",b'from_json_inplace_array_impl(BasicJsonType&& ...'
sqlitebrowser-master,../repos/sqlitebrowser-master/libs/json/json.hpp,"(4300, 46)-(4300, 100)","b'from_json_tuple_impl_base(BasicJsonType&& j, ...'"
sqlitebrowser-master,../repos/sqlitebrowser-master/libs/json/json.hpp,"(4319, 41)-(4319, 134)","b'from_json_tuple_impl(BasicJsonType&& j, ident...'"
sqlitebrowser-master,../repos/sqlitebrowser-master/libs/json/json.hpp,"(4325, 26)-(4325, 97)","b'from_json_tuple_impl(BasicJsonType&& j, std::...'"
sqlitebrowser-master,../repos/sqlitebrowser-master/libs/json/json.hpp,"(4994, 24)-(4994, 93)","b'to_json_tuple_impl(BasicJsonType& j, const Tu...'"
sqlitebrowser-master,../repos/sqlitebrowser-master/libs/json/json.hpp,"(13480, 13)-(13480, 31)",b'json_ref(Args && ... args)'
sqlitebrowser-master,../repos/sqlitebrowser-master/libs/json/json.hpp,"(18430, 21)-(18430, 38)",b'create(Args&& ... args)'
sqlitebrowser-master,../repos/sqlitebrowser-master/libs/json/json.hpp,"(18770, 19)-(18770, 24)",b'JSON_CATCH(...)'
sqlitebrowser-master,../repos/sqlitebrowser-master/libs/json/json.hpp,"(23145, 27)-(23145, 44)",b'emplace_back(Args&& ... args)'
sqlitebrowser-master,../repos/sqlitebrowser-master/libs/json/json.hpp,"(23195, 38)-(23195, 55)",b'emplace(Args&& ... args)'
sqlitebrowser-master,../repos/sqlitebrowser-master/libs/json/json.hpp,"(23227, 29)-(23227, 66)","b'insert_iterator(const_iterator pos, Args&& .....'"
sqlitebrowser-master,../repos/sqlitebrowser-master/libs/json/json.hpp,"(24578, 48)-(24578, 69)","b'sax_parse(ptr, ptr + len, ...)'"
sqlitebrowser-master,../repos/sqlitebrowser-master/libs/qcustomplot-source/qcustomplot.cpp,"(25938, 15)-(25938, 20)",b'catch (...) { mData = nullptr; }'
sqlitebrowser-master,../repos/sqlitebrowser-master/libs/qcustomplot-source/qcustomplot.cpp,"(26269, 11)-(26269, 16)",b'catch (...) { mAlpha = nullptr; }'
sqlitebrowser-master,../repos/sqlitebrowser-master/libs/qcustomplot-source/qcustomplot.cpp,"(30042, 13)-(30042, 18)",b'catch (...)\n    {\n      qDebug() << Q_FUNC_IN...'
sqlitebrowser-master,../repos/sqlitebrowser-master/libs/qscintilla/include/Platform.h,"(540, 25)-(540, 50)","b'DebugPrintf(const char *format, ...)'"
sqlitebrowser-master,../repos/sqlitebrowser-master/libs/qscintilla/lexlib/LexerNoExceptions.cpp,"(28, 10)-(28, 15)",b'catch (...) {\n\t\t// Should not throw into call...'
sqlitebrowser-master,../repos/sqlitebrowser-master/libs/qscintilla/lexlib/LexerNoExceptions.cpp,"(37, 10)-(37, 15)",b'catch (...) {\n\t\t// Should not throw into call...'
sqlitebrowser-master,../repos/sqlitebrowser-master/libs/qscintilla/lexlib/LexerNoExceptions.cpp,"(48, 10)-(48, 15)",b'catch (...) {\n\t\t// Should not throw into call...'
sqlitebrowser-master,../repos/sqlitebrowser-master/libs/qscintilla/lexlib/LexerNoExceptions.cpp,"(58, 10)-(58, 15)",b'catch (...) {\n\t\t// Should not throw into call...'
sqlitebrowser-master,../repos/sqlitebrowser-master/libs/qscintilla/Qt4Qt5/PlatQt.cpp,"(966, 27)-(966, 52)","b'Platform::DebugPrintf(const char *format, ...)'"
sqlitebrowser-master,../repos/sqlitebrowser-master/libs/qscintilla/Qt4Qt5/PlatQt.cpp,"(978, 27)-(978, 46)","b'Platform::DebugPrintf(const char *, ...)'"
sqlitebrowser-master,../repos/sqlitebrowser-master/libs/qscintilla/src/Document.cpp,"(1269, 10)-(1269, 15)",b'catch (...) {\n\t\treturn SC_STATUS_FAILURE;\n\t}'
sqlitebrowser-master,../repos/sqlitebrowser-master/libs/qscintilla/src/Document.cpp,"(3096, 10)-(3096, 15)",b'catch (...) {\n\t\t// Failed in some other way\n\t...'
sqlitebrowser-master,../repos/sqlitebrowser-master/src/sql/parser/sqlite3_parser.cpp,"(3528, 11)-(3528, 16)",b'catch (...)'
sqlitebrowser-master,../repos/sqlitebrowser-master/src/sql/parser/sqlite3_parser.hpp,"(265, 13)-(265, 23)",b'emplace (U&&... u)'
sqlitebrowser-master,../repos/sqlitebrowser-master/src/sqlitedb.cpp,"(37, 20)-(37, 31)",b'(Params...)'
sqlitebrowser-master,../repos/sqlitebrowser-master/src/sqlitedb.cpp,"(39, 24)-(39, 38)",b'callback(Args... args)'
sqlitebrowser-master,../repos/sqlitebrowser-master/src/sqlitedb.cpp,"(40, 29)-(40, 40)",b'(Params...)'
sqlitebrowser-master,../repos/sqlitebrowser-master/src/sqlitedb.cpp,"(43, 18)-(43, 29)",b'(Params...)'
sqlitebrowser-master,../repos/sqlitebrowser-master/src/sqlitedb.cpp,"(43, 43)-(43, 54)",b'(Params...)'
