Repo name,File name,Location,Content
sqlitebrowser-master,../repos/sqlitebrowser-master/libs/json/json.hpp,"(2769, 5)-(2772, 6)",b'const char* what() const noexcept override\n  ...'
sqlitebrowser-master,../repos/sqlitebrowser-master/libs/json/json.hpp,"(13241, 5)-(13299, 6)",b'static std::vector<std::string> split(const s...'
sqlitebrowser-master,../repos/sqlitebrowser-master/libs/json/json.hpp,"(13590, 5)-(13593, 6)",b'void write_character(CharType c) override\n   ...'
sqlitebrowser-master,../repos/sqlitebrowser-master/libs/json/json.hpp,"(13595, 5)-(13599, 6)",b'JSON_HEDLEY_NON_NULL(2)\n    void write_charac...'
sqlitebrowser-master,../repos/sqlitebrowser-master/libs/json/json.hpp,"(13615, 5)-(13618, 6)",b'void write_character(CharType c) override\n   ...'
sqlitebrowser-master,../repos/sqlitebrowser-master/libs/json/json.hpp,"(13620, 5)-(13624, 6)",b'JSON_HEDLEY_NON_NULL(2)\n    void write_charac...'
sqlitebrowser-master,../repos/sqlitebrowser-master/libs/json/json.hpp,"(13640, 5)-(13643, 6)",b'void write_character(CharType c) override\n   ...'
sqlitebrowser-master,../repos/sqlitebrowser-master/libs/json/json.hpp,"(13645, 5)-(13649, 6)",b'JSON_HEDLEY_NON_NULL(2)\n    void write_charac...'
sqlitebrowser-master,../repos/sqlitebrowser-master/libs/qcustomplot-source/qcustomplot.cpp,"(1598, 1)-(1606, 2)",b'void QCPLayerable::applyAntialiasingHint(QCPP...'
sqlitebrowser-master,../repos/sqlitebrowser-master/libs/qcustomplot-source/qcustomplot.cpp,"(4995, 1)-(5030, 2)",b'void QCPLayoutInset::updateLayout()\n{\n  for (...'
sqlitebrowser-master,../repos/sqlitebrowser-master/libs/qcustomplot-source/qcustomplot.cpp,"(5683, 1)-(5742, 2)",b'void QCPLabelPainterPrivate::drawLabelMaybeCa...'
sqlitebrowser-master,../repos/sqlitebrowser-master/libs/qcustomplot-source/qcustomplot.cpp,"(6182, 1)-(6205, 2)",b'void QCPAxisTicker::generate(const QCPRange &...'
sqlitebrowser-master,../repos/sqlitebrowser-master/libs/qcustomplot-source/qcustomplot.cpp,"(9674, 1)-(9720, 2)",b'void QCPAxis::draw(QCPPainter *painter)\n{\n  Q...'
sqlitebrowser-master,../repos/sqlitebrowser-master/libs/qcustomplot-source/qcustomplot.cpp,"(9824, 1)-(9865, 2)",b'int QCPAxis::calculateMargin()\n{\n  if (!mVisi...'
sqlitebrowser-master,../repos/sqlitebrowser-master/libs/qcustomplot-source/qcustomplot.cpp,"(10213, 1)-(10291, 2)",b'void QCPAxisPainterPrivate::placeTickLabel(QC...'
sqlitebrowser-master,../repos/sqlitebrowser-master/libs/qcustomplot-source/qcustomplot.cpp,"(10524, 1)-(10543, 2)",b'void QCPAxisPainterPrivate::getMaxTickLabelSi...'
sqlitebrowser-master,../repos/sqlitebrowser-master/libs/qcustomplot-source/qcustomplot.cpp,"(14063, 1)-(14099, 2)","b'void QCustomPlot::setOpenGl(bool enabled, int...'"
sqlitebrowser-master,../repos/sqlitebrowser-master/libs/qcustomplot-source/qcustomplot.cpp,"(21107, 1)-(21172, 2)",b'void QCPGraph::draw(QCPPainter *painter)\n{\n  ...'
sqlitebrowser-master,../repos/sqlitebrowser-master/libs/qcustomplot-source/qcustomplot.cpp,"(22871, 1)-(22936, 2)",b'void QCPCurve::draw(QCPPainter *painter)\n{\n  ...'
sqlitebrowser-master,../repos/sqlitebrowser-master/libs/qcustomplot-source/qcustomplot.cpp,"(24153, 1)-(24207, 2)",b'double QCPBarsGroup::keyPixelOffset(const QCP...'
sqlitebrowser-master,../repos/sqlitebrowser-master/libs/qcustomplot-source/qcustomplot.cpp,"(25579, 1)-(25634, 2)",b'void QCPStatisticalBox::draw(QCPPainter *pain...'
sqlitebrowser-master,../repos/sqlitebrowser-master/libs/qcustomplot-source/qcustomplot.cpp,"(26721, 1)-(26796, 2)",b'void QCPColorMap::updateMapImage()\n{\n  QCPAxi...'
sqlitebrowser-master,../repos/sqlitebrowser-master/libs/qcustomplot-source/qcustomplot.cpp,"(27372, 1)-(27409, 2)",b'QCPFinancialDataContainer QCPFinancial::timeS...'
sqlitebrowser-master,../repos/sqlitebrowser-master/libs/qcustomplot-source/qcustomplot.cpp,"(30262, 1)-(30288, 2)",b'void QCPItemPixmap::updateScaledPixmap(QRect ...'
sqlitebrowser-master,../repos/sqlitebrowser-master/libs/qcustomplot-source/qcustomplot.cpp,"(34935, 1)-(35001, 2)",b'void QCPPolarGraph::draw(QCPPainter *painter)...'
sqlitebrowser-master,../repos/sqlitebrowser-master/libs/qcustomplot-source/qcustomplot.h,"(578, 3)-(835, 2)",b'virtual ~QCPPaintBufferPixmap() Q_DECL_OVERRI...'
sqlitebrowser-master,../repos/sqlitebrowser-master/libs/qcustomplot-source/qcustomplot.h,"(6747, 1)-(6808, 2)",b'class QCP_LIB_DECL QCPItemPixmap : public QCP...'
sqlitebrowser-master,../repos/sqlitebrowser-master/libs/qscintilla/lexers/LexHTML.cpp,"(846, 2)-(847, 3)",b'~LexerHTML() override {\n\t}'
sqlitebrowser-master,../repos/sqlitebrowser-master/libs/qscintilla/lexers/LexHTML.cpp,"(848, 2)-(850, 3)",b'void SCI_METHOD Release() override {\n\t\tdelete...'
sqlitebrowser-master,../repos/sqlitebrowser-master/libs/qscintilla/lexers/LexHTML.cpp,"(851, 2)-(853, 3)",b'const char *SCI_METHOD PropertyNames() overri...'
sqlitebrowser-master,../repos/sqlitebrowser-master/libs/qscintilla/lexers/LexHTML.cpp,"(854, 2)-(856, 3)",b'int SCI_METHOD PropertyType(const char *name)...'
sqlitebrowser-master,../repos/sqlitebrowser-master/libs/qscintilla/lexers/LexHTML.cpp,"(857, 2)-(859, 3)",b'const char *SCI_METHOD DescribeProperty(const...'
sqlitebrowser-master,../repos/sqlitebrowser-master/libs/qscintilla/lexers/LexHTML.cpp,"(861, 2)-(863, 3)",b'const char *SCI_METHOD DescribeWordListSets()...'
sqlitebrowser-master,../repos/sqlitebrowser-master/libs/qscintilla/lexers/LexJSON.cpp,"(210, 2)-(212, 3)",b'int SCI_METHOD Version() const override {\n\t\tr...'
sqlitebrowser-master,../repos/sqlitebrowser-master/libs/qscintilla/lexers/LexJSON.cpp,"(213, 2)-(215, 3)",b'void SCI_METHOD Release() override {\n\t\tdelete...'
sqlitebrowser-master,../repos/sqlitebrowser-master/libs/qscintilla/lexers/LexJSON.cpp,"(216, 2)-(218, 3)",b'const char *SCI_METHOD PropertyNames() overri...'
sqlitebrowser-master,../repos/sqlitebrowser-master/libs/qscintilla/lexers/LexJSON.cpp,"(219, 2)-(221, 3)",b'int SCI_METHOD PropertyType(const char *name)...'
sqlitebrowser-master,../repos/sqlitebrowser-master/libs/qscintilla/lexers/LexJSON.cpp,"(222, 2)-(224, 3)",b'const char *SCI_METHOD DescribeProperty(const...'
sqlitebrowser-master,../repos/sqlitebrowser-master/libs/qscintilla/lexers/LexJSON.cpp,"(225, 2)-(230, 3)",b'Sci_Position SCI_METHOD PropertySet(const cha...'
sqlitebrowser-master,../repos/sqlitebrowser-master/libs/qscintilla/lexers/LexJSON.cpp,"(231, 2)-(251, 3)","b'Sci_Position SCI_METHOD WordListSet(int n, co...'"
sqlitebrowser-master,../repos/sqlitebrowser-master/libs/qscintilla/lexers/LexJSON.cpp,"(252, 2)-(254, 3)","b'void *SCI_METHOD PrivateCall(int, void *) ove...'"
sqlitebrowser-master,../repos/sqlitebrowser-master/libs/qscintilla/lexers/LexJSON.cpp,"(258, 2)-(260, 3)",b'const char *SCI_METHOD DescribeWordListSets()...'
sqlitebrowser-master,../repos/sqlitebrowser-master/libs/qscintilla/lexers/LexSQL.cpp,"(310, 2)-(312, 3)",b'int SCI_METHOD Version () const override {\n\t\t...'
sqlitebrowser-master,../repos/sqlitebrowser-master/libs/qscintilla/lexers/LexSQL.cpp,"(314, 2)-(316, 3)",b'void SCI_METHOD Release() override {\n\t\tdelete...'
sqlitebrowser-master,../repos/sqlitebrowser-master/libs/qscintilla/lexers/LexSQL.cpp,"(318, 2)-(320, 3)",b'const char * SCI_METHOD PropertyNames() overr...'
sqlitebrowser-master,../repos/sqlitebrowser-master/libs/qscintilla/lexers/LexSQL.cpp,"(322, 2)-(324, 3)",b'int SCI_METHOD PropertyType(const char *name)...'
sqlitebrowser-master,../repos/sqlitebrowser-master/libs/qscintilla/lexers/LexSQL.cpp,"(326, 2)-(328, 3)",b'const char * SCI_METHOD DescribeProperty(cons...'
sqlitebrowser-master,../repos/sqlitebrowser-master/libs/qscintilla/lexers/LexSQL.cpp,"(330, 2)-(335, 3)",b'Sci_Position SCI_METHOD PropertySet(const cha...'
sqlitebrowser-master,../repos/sqlitebrowser-master/libs/qscintilla/lexers/LexSQL.cpp,"(337, 2)-(339, 3)",b'const char * SCI_METHOD DescribeWordListSets(...'
sqlitebrowser-master,../repos/sqlitebrowser-master/libs/qscintilla/lexers/LexSQL.cpp,"(345, 2)-(347, 3)","b'void * SCI_METHOD PrivateCall(int, void *) ov...'"
sqlitebrowser-master,../repos/sqlitebrowser-master/libs/qscintilla/Qt4Qt5/qscilexercpp.cpp,"(73, 1)-(80, 2)",b'const char *QsciLexerCPP::blockStartKeyword(i...'
sqlitebrowser-master,../repos/sqlitebrowser-master/libs/qscintilla/src/CaseConvert.cpp,"(612, 2)-(654, 3)","b'size_t CaseConvertString(char *converted, siz...'"
sqlitebrowser-master,../repos/sqlitebrowser-master/libs/qscintilla/src/CellBuffer.cpp,"(148, 2)-(149, 4)",b'~LineVector() override {\n \t}'
sqlitebrowser-master,../repos/sqlitebrowser-master/libs/qscintilla/src/CellBuffer.cpp,"(150, 2)-(157, 3)",b'void Init() override {\n\t\tstarts.DeleteAll();\n...'
sqlitebrowser-master,../repos/sqlitebrowser-master/libs/qscintilla/src/CellBuffer.cpp,"(158, 2)-(160, 3)",b'void SetPerLine(PerLine *pl) override {\n\t\tper...'
sqlitebrowser-master,../repos/sqlitebrowser-master/libs/qscintilla/src/CellBuffer.cpp,"(161, 2)-(163, 3)","b'void InsertText(Sci::Line line, Sci::Position...'"
sqlitebrowser-master,../repos/sqlitebrowser-master/libs/qscintilla/src/CellBuffer.cpp,"(164, 2)-(180, 3)","b'void InsertLine(Sci::Line line, Sci::Position...'"
sqlitebrowser-master,../repos/sqlitebrowser-master/libs/qscintilla/src/CellBuffer.cpp,"(181, 2)-(183, 3)","b'void SetLineStart(Sci::Line line, Sci::Positi...'"
sqlitebrowser-master,../repos/sqlitebrowser-master/libs/qscintilla/src/CellBuffer.cpp,"(184, 2)-(195, 3)",b'void RemoveLine(Sci::Line line) override {\n\t\t...'
sqlitebrowser-master,../repos/sqlitebrowser-master/libs/qscintilla/src/CellBuffer.cpp,"(196, 2)-(198, 3)",b'Sci::Line Lines() const noexcept override {\n\t...'
sqlitebrowser-master,../repos/sqlitebrowser-master/libs/qscintilla/src/CellBuffer.cpp,"(199, 2)-(201, 3)",b'Sci::Line LineFromPosition(Sci::Position pos)...'
sqlitebrowser-master,../repos/sqlitebrowser-master/libs/qscintilla/src/CellBuffer.cpp,"(202, 2)-(204, 3)",b'Sci::Position LineStart(Sci::Line line) const...'
sqlitebrowser-master,../repos/sqlitebrowser-master/libs/qscintilla/src/CellBuffer.cpp,"(205, 2)-(212, 3)","b'void InsertCharacters(Sci::Line line, CountWi...'"
sqlitebrowser-master,../repos/sqlitebrowser-master/libs/qscintilla/src/CellBuffer.cpp,"(213, 2)-(222, 3)","b'void SetLineCharactersWidth(Sci::Line line, C...'"
sqlitebrowser-master,../repos/sqlitebrowser-master/libs/qscintilla/src/CellBuffer.cpp,"(224, 2)-(233, 3)",b'int LineCharacterIndex() const noexcept overr...'
sqlitebrowser-master,../repos/sqlitebrowser-master/libs/qscintilla/src/CellBuffer.cpp,"(234, 2)-(245, 3)",b'bool AllocateLineCharacterIndex(int lineChara...'
sqlitebrowser-master,../repos/sqlitebrowser-master/libs/qscintilla/src/CellBuffer.cpp,"(246, 2)-(255, 3)",b'bool ReleaseLineCharacterIndex(int lineCharac...'
sqlitebrowser-master,../repos/sqlitebrowser-master/libs/qscintilla/src/CellBuffer.cpp,"(256, 2)-(262, 3)","b'Sci::Position IndexLineStart(Sci::Line line, ...'"
sqlitebrowser-master,../repos/sqlitebrowser-master/libs/qscintilla/src/CellBuffer.cpp,"(263, 2)-(269, 3)",b'Sci::Line LineFromPositionIndex(Sci::Position...'
sqlitebrowser-master,../repos/sqlitebrowser-master/libs/qscintilla/src/Decoration.cpp,"(39, 2)-(40, 3)",b'~Decoration() override {\n\t}'
sqlitebrowser-master,../repos/sqlitebrowser-master/libs/qscintilla/src/Decoration.cpp,"(42, 2)-(44, 3)",b'bool Empty() const override {\n\t\treturn (rs.Ru...'
sqlitebrowser-master,../repos/sqlitebrowser-master/libs/qscintilla/src/Decoration.cpp,"(45, 2)-(47, 3)",b'int Indicator() const override {\n\t\treturn ind...'
sqlitebrowser-master,../repos/sqlitebrowser-master/libs/qscintilla/src/Decoration.cpp,"(48, 2)-(50, 3)",b'Sci::Position Length() const override {\n\t\tret...'
sqlitebrowser-master,../repos/sqlitebrowser-master/libs/qscintilla/src/Decoration.cpp,"(51, 2)-(53, 3)",b'int ValueAt(Sci::Position position) const ove...'
sqlitebrowser-master,../repos/sqlitebrowser-master/libs/qscintilla/src/Decoration.cpp,"(54, 2)-(56, 3)",b'Sci::Position StartRun(Sci::Position position...'
sqlitebrowser-master,../repos/sqlitebrowser-master/libs/qscintilla/src/Decoration.cpp,"(57, 2)-(59, 3)",b'Sci::Position EndRun(Sci::Position position) ...'
sqlitebrowser-master,../repos/sqlitebrowser-master/libs/qscintilla/src/Decoration.cpp,"(60, 2)-(62, 3)","b'void SetValueAt(Sci::Position position, int v...'"
sqlitebrowser-master,../repos/sqlitebrowser-master/libs/qscintilla/src/Decoration.cpp,"(63, 2)-(65, 3)","b'void InsertSpace(Sci::Position position, Sci:...'"
sqlitebrowser-master,../repos/sqlitebrowser-master/libs/qscintilla/src/Decoration.cpp,"(66, 2)-(68, 3)",b'Sci::Position Runs() const override {\n\t\tretur...'
sqlitebrowser-master,../repos/sqlitebrowser-master/libs/qscintilla/src/Decoration.cpp,"(92, 2)-(94, 3)",b'const std::vector<const IDecoration*> &View()...'
sqlitebrowser-master,../repos/sqlitebrowser-master/libs/qscintilla/src/Decoration.cpp,"(97, 2)-(97, 71)",b'int GetCurrentIndicator() const override { re...'
sqlitebrowser-master,../repos/sqlitebrowser-master/libs/qscintilla/src/Decoration.cpp,"(100, 2)-(100, 63)",b'int GetCurrentValue() const override { return...'
sqlitebrowser-master,../repos/sqlitebrowser-master/libs/qscintilla/src/Decoration.cpp,"(115, 2)-(117, 3)",b'bool ClickNotified() const override {\n\t\tretur...'
sqlitebrowser-master,../repos/sqlitebrowser-master/libs/qscintilla/src/Decoration.cpp,"(118, 2)-(120, 3)",b'void SetClickNotified(bool notified) override...'
sqlitebrowser-master,../repos/sqlitebrowser-master/libs/qscintilla/src/Document.cpp,"(2638, 2)-(2638, 37)",b'~BuiltinRegex() override = default;'
sqlitebrowser-master,../repos/sqlitebrowser-master/libs/qscintilla/src/Document.cpp,"(2708, 2)-(2708, 40)",b'~DocumentIndexer() override = default;'
sqlitebrowser-master,../repos/sqlitebrowser-master/libs/qscintilla/src/Document.cpp,"(2710, 2)-(2715, 3)",b'char CharAt(Sci::Position index) const noexce...'
sqlitebrowser-master,../repos/sqlitebrowser-master/libs/qscintilla/src/Document.h,"(308, 2)-(310, 3)",b'int SCI_METHOD Version() const override {\n\t\tr...'
sqlitebrowser-master,../repos/sqlitebrowser-master/libs/qscintilla/src/Document.h,"(366, 2)-(366, 81)",b'const char * SCI_METHOD BufferPointer() overr...'
sqlitebrowser-master,../repos/sqlitebrowser-master/libs/qscintilla/src/Document.h,"(389, 2)-(391, 3)","b'void SCI_METHOD GetCharRange(char *buffer, Sc...'"
sqlitebrowser-master,../repos/sqlitebrowser-master/libs/qscintilla/src/Document.h,"(392, 2)-(392, 96)",b'char SCI_METHOD StyleAt(Sci_Position position...'
sqlitebrowser-master,../repos/sqlitebrowser-master/libs/qscintilla/src/Document.h,"(425, 2)-(425, 73)",b'Sci_Position SCI_METHOD Length() const overri...'
sqlitebrowser-master,../repos/sqlitebrowser-master/libs/qscintilla/src/Editor.cpp,"(4017, 2)-(4018, 3)",b'~CaseFolderASCII() override {\n\t}'
sqlitebrowser-master,../repos/sqlitebrowser-master/libs/qscintilla/src/EditView.cpp,"(1258, 1)-(1322, 2)","b'static void DrawBlockCaret(Surface *surface, ...'"
sqlitebrowser-master,../repos/sqlitebrowser-master/libs/qscintilla/src/EditView.cpp,"(1880, 1)-(1954, 2)","b'void EditView::DrawLine(Surface *surface, con...'"
sqlitebrowser-master,../repos/sqlitebrowser-master/libs/qscintilla/src/MarginView.cpp,"(132, 1)-(172, 2)",b'void MarginView::RefreshPixMaps(Surface *surf...'
sqlitebrowser-master,../repos/sqlitebrowser-master/libs/qscintilla/src/ScintillaBase.h,"(61, 2)-(61, 31)",b'void Initialise() override {}'
sqlitebrowser-master,../repos/sqlitebrowser-master/libs/qscintilla/src/SparseVector.h,"(137, 2)-(151, 3)",b'void Check() const {\n\t\tif (Length() < 0) {\n\t\t...'
sqlitebrowser-master,../repos/sqlitebrowser-master/src/AddRecordDialog.cpp,"(38, 5)-(52, 6)",b'void contextMenuEvent(QContextMenuEvent *even...'
sqlitebrowser-master,../repos/sqlitebrowser-master/src/AddRecordDialog.cpp,"(54, 5)-(65, 6)",b'void keyPressEvent(QKeyEvent *evt) override\n ...'
sqlitebrowser-master,../repos/sqlitebrowser-master/src/AddRecordDialog.cpp,"(72, 5)-(74, 6)","b'QWidget* createEditor(QWidget* /* parent */, ...'"
sqlitebrowser-master,../repos/sqlitebrowser-master/src/AddRecordDialog.cpp,"(82, 5)-(84, 6)","b'QWidget* createEditor(QWidget *parent, const ...'"
sqlitebrowser-master,../repos/sqlitebrowser-master/src/AddRecordDialog.cpp,"(86, 5)-(97, 6)","b'void setEditorData(QWidget *editor, const QMo...'"
sqlitebrowser-master,../repos/sqlitebrowser-master/src/AddRecordDialog.cpp,"(98, 5)-(115, 6)","b'void setModelData(QWidget *editor, QAbstractI...'"
sqlitebrowser-master,../repos/sqlitebrowser-master/src/Application.cpp,"(35, 5)-(58, 6)","b'int pixelMetric(QStyle::PixelMetric metric,\n ...'"
sqlitebrowser-master,../repos/sqlitebrowser-master/src/CondFormatManager.cpp,"(21, 5)-(23, 6)","b'QWidget* createEditor(QWidget* /* parent */, ...'"
sqlitebrowser-master,../repos/sqlitebrowser-master/src/CondFormatManager.cpp,"(31, 5)-(35, 6)","b'QWidget* createEditor(QWidget *parent, const ...'"
sqlitebrowser-master,../repos/sqlitebrowser-master/src/csvparser.cpp,"(121, 1)-(298, 2)",b'CSVParser::ParserResult CSVParser::parse(csvR...'
sqlitebrowser-master,../repos/sqlitebrowser-master/src/EditDialog.cpp,"(181, 1)-(186, 2)",b'void EditDialog::reject()\n{\n    // We overrid...'
sqlitebrowser-master,../repos/sqlitebrowser-master/src/EditTableDialog.cpp,"(28, 5)-(30, 6)","b'QWidget* createEditor(QWidget* /* parent */, ...'"
sqlitebrowser-master,../repos/sqlitebrowser-master/src/ExportDataDialog.cpp,"(100, 1)-(207, 2)",b'bool ExportDataDialog::exportQueryCsv(const s...'
sqlitebrowser-master,../repos/sqlitebrowser-master/src/ExportDataDialog.cpp,"(209, 1)-(312, 2)",b'bool ExportDataDialog::exportQueryJson(const ...'
sqlitebrowser-master,../repos/sqlitebrowser-master/src/ExtendedTableWidget.cpp,"(234, 5)-(241, 6)","b'void paint(QPainter* painter, const QStyleOpt...'"
sqlitebrowser-master,../repos/sqlitebrowser-master/src/ExtendedTableWidget.cpp,"(978, 1)-(986, 2)",b'void ExtendedTableWidget::keyReleaseEvent(QKe...'
sqlitebrowser-master,../repos/sqlitebrowser-master/src/ImportCsvDialog.cpp,"(159, 5)-(162, 6)",b'void start() override\n    {\n        m_pProgre...'
sqlitebrowser-master,../repos/sqlitebrowser-master/src/ImportCsvDialog.cpp,"(164, 5)-(170, 6)",b'bool update(int64_t pos) override\n    {\n     ...'
sqlitebrowser-master,../repos/sqlitebrowser-master/src/ImportCsvDialog.cpp,"(172, 5)-(175, 6)",b'void end() override\n    {\n        m_pProgress...'
sqlitebrowser-master,../repos/sqlitebrowser-master/src/ImportCsvDialog.cpp,"(476, 1)-(747, 2)",b'bool ImportCsvDialog::importCsv(const QString...'
sqlitebrowser-master,../repos/sqlitebrowser-master/src/PlotDock.cpp,"(807, 1)-(836, 2)",b'QVariant::Type PlotDock::guessDataType(Sqlite...'
sqlitebrowser-master,../repos/sqlitebrowser-master/src/PlotDock.cpp,"(1051, 1)-(1056, 2)",b'void PlotDock::reject()\n{\n    // We override ...'
sqlitebrowser-master,../repos/sqlitebrowser-master/src/RemoteDatabase.cpp,"(82, 1)-(201, 2)",b'QString RemoteDatabase::localAdd(QString file...'
sqlitebrowser-master,../repos/sqlitebrowser-master/src/RemoteDatabase.cpp,"(203, 1)-(261, 2)",b'QString RemoteDatabase::localExists(const QUr...'
sqlitebrowser-master,../repos/sqlitebrowser-master/src/RemoteDatabase.cpp,"(287, 1)-(330, 2)",b'std::string RemoteDatabase::localLastCommitId...'
sqlitebrowser-master,../repos/sqlitebrowser-master/src/RemoteDatabase.cpp,"(332, 1)-(363, 2)",b'std::vector<RemoteDatabase::LocalFileInfo> Re...'
sqlitebrowser-master,../repos/sqlitebrowser-master/src/RemoteDatabase.cpp,"(365, 1)-(399, 2)",b'RemoteDatabase::LocalFileInfo RemoteDatabase:...'
sqlitebrowser-master,../repos/sqlitebrowser-master/src/RemoteDatabase.cpp,"(401, 1)-(424, 2)",b'void RemoteDatabase::localDeleteFile(QString ...'
sqlitebrowser-master,../repos/sqlitebrowser-master/src/RemoteDock.cpp,"(209, 1)-(301, 2)",b'void RemoteDock::fetchDatabase(QString url_st...'
sqlitebrowser-master,../repos/sqlitebrowser-master/src/RemoteDock.cpp,"(423, 1)-(428, 2)",b'void RemoteDock::reject()\n{\n    // We overrid...'
sqlitebrowser-master,../repos/sqlitebrowser-master/src/RowLoader.cpp,"(81, 1)-(115, 2)",b'int RowLoader::countRows() const\n{\n    int re...'
sqlitebrowser-master,../repos/sqlitebrowser-master/src/RowLoader.cpp,"(203, 1)-(275, 2)",b'void RowLoader::process (Task & t)\n{\n    QStr...'
sqlitebrowser-master,../repos/sqlitebrowser-master/src/RunSql.cpp,"(76, 1)-(290, 2)",b'bool RunSql::executeNextStatement()\n{\n    std...'
sqlitebrowser-master,../repos/sqlitebrowser-master/src/RunSql.h,"(28, 5)-(28, 34)",b'~RunSql() override = default;'
sqlitebrowser-master,../repos/sqlitebrowser-master/src/sql/parser/sqlite3_lexer.cpp,"(2505, 1)-(2643, 2)",b'static int yy_get_next_buffer (yyscan_t yysca...'
sqlitebrowser-master,../repos/sqlitebrowser-master/src/sql/parser/sqlite3_parser.cpp,"(1133, 3)-(3544, 4)",b'int\n  parser::parse ()\n  {\n    int yyn;\n    /...'
sqlitebrowser-master,../repos/sqlitebrowser-master/src/sql/sqlitetypes.h,"(187, 5)-(187, 56)",b'bool isPrimaryKey() const override { return t...'
sqlitebrowser-master,../repos/sqlitebrowser-master/src/sql/sqlitetypes.h,"(513, 5)-(513, 58)",b'virtual bool isView() const override { return...'
sqlitebrowser-master,../repos/sqlitebrowser-master/src/sql/sqlitetypes.h,"(515, 5)-(516, 41)",b'std::string sql(const std::string& /*schema*/...'
sqlitebrowser-master,../repos/sqlitebrowser-master/src/sql/sqlitetypes.h,"(526, 5)-(527, 41)",b'std::string sql(const std::string& /*schema*/...'
sqlitebrowser-master,../repos/sqlitebrowser-master/src/sqlitedb.cpp,"(397, 1)-(539, 2)",b'bool DBBrowserDB::tryEncryptionSettings(const...'
sqlitebrowser-master,../repos/sqlitebrowser-master/src/sqlitedb.cpp,"(541, 1)-(565, 2)",b'void DBBrowserDB::getSqliteVersion(QString& s...'
sqlitebrowser-master,../repos/sqlitebrowser-master/src/sqlitedb.cpp,"(851, 1)-(1051, 2)",b'bool DBBrowserDB::dump(const QString& filePat...'
sqlitebrowser-master,../repos/sqlitebrowser-master/src/sqlitedb.cpp,"(1101, 1)-(1242, 2)",b'bool DBBrowserDB::executeMultiSQL(QByteArray ...'
sqlitebrowser-master,../repos/sqlitebrowser-master/src/sqlitedb.cpp,"(1244, 1)-(1285, 2)",b'QByteArray DBBrowserDB::querySingleValueFromD...'
sqlitebrowser-master,../repos/sqlitebrowser-master/src/sqlitedb.cpp,"(1287, 1)-(1328, 2)",b'bool DBBrowserDB::getRow(const sqlb::ObjectId...'
sqlitebrowser-master,../repos/sqlitebrowser-master/src/sqlitedb.cpp,"(1491, 1)-(1553, 2)",b'bool DBBrowserDB::updateRecord(const sqlb::Ob...'
sqlitebrowser-master,../repos/sqlitebrowser-master/src/sqlitedb.cpp,"(2175, 1)-(2200, 2)","b'std::vector<std::pair<std::string, std::strin...'"
sqlitebrowser-master,../repos/sqlitebrowser-master/src/sqlitedb.h,"(83, 5)-(83, 40)",b'~DBBrowserDB () override = default;'
sqlitebrowser-master,../repos/sqlitebrowser-master/src/sqlitetablemodel.cpp,"(760, 1)-(775, 2)",b'void SqliteTableModel::getColumnNames(const s...'
