Repo name,File name,Location,Content
sqlitebrowser-master,../repos/sqlitebrowser-master/libs/json/json.hpp,"(3170, 1)-(3170, 24)",b'using std::enable_if_t;'
sqlitebrowser-master,../repos/sqlitebrowser-master/libs/json/json.hpp,"(3171, 1)-(3171, 27)",b'using std::index_sequence;'
sqlitebrowser-master,../repos/sqlitebrowser-master/libs/json/json.hpp,"(3172, 1)-(3172, 32)",b'using std::make_index_sequence;'
sqlitebrowser-master,../repos/sqlitebrowser-master/libs/json/json.hpp,"(3173, 1)-(3173, 31)",b'using std::index_sequence_for;'
sqlitebrowser-master,../repos/sqlitebrowser-master/libs/json/json.hpp,"(4143, 5)-(4143, 20)",b'using std::end;'
sqlitebrowser-master,../repos/sqlitebrowser-master/libs/json/json.hpp,"(4164, 5)-(4164, 20)",b'using std::end;'
sqlitebrowser-master,../repos/sqlitebrowser-master/libs/json/json.hpp,"(4451, 5)-(4451, 26)",b'using std::to_string;'
sqlitebrowser-master,../repos/sqlitebrowser-master/libs/json/json.hpp,"(4785, 9)-(4785, 26)",b'using std::begin;'
sqlitebrowser-master,../repos/sqlitebrowser-master/libs/json/json.hpp,"(4786, 9)-(4786, 24)",b'using std::end;'
sqlitebrowser-master,../repos/sqlitebrowser-master/libs/json/json.hpp,"(4854, 9)-(4854, 26)",b'using std::begin;'
sqlitebrowser-master,../repos/sqlitebrowser-master/libs/json/json.hpp,"(4855, 9)-(4855, 24)",b'using std::end;'
sqlitebrowser-master,../repos/sqlitebrowser-master/libs/json/json.hpp,"(5810, 1)-(5810, 18)",b'using std::begin;'
sqlitebrowser-master,../repos/sqlitebrowser-master/libs/json/json.hpp,"(5811, 1)-(5811, 16)",b'using std::end;'
sqlitebrowser-master,../repos/sqlitebrowser-master/libs/json/json.hpp,"(17413, 5)-(17413, 40)",b'using typename Container::iterator;'
sqlitebrowser-master,../repos/sqlitebrowser-master/libs/json/json.hpp,"(17414, 5)-(17414, 46)",b'using typename Container::const_iterator;'
sqlitebrowser-master,../repos/sqlitebrowser-master/libs/json/json.hpp,"(17415, 5)-(17415, 41)",b'using typename Container::size_type;'
sqlitebrowser-master,../repos/sqlitebrowser-master/libs/json/json.hpp,"(17416, 5)-(17416, 42)",b'using typename Container::value_type;'
sqlitebrowser-master,../repos/sqlitebrowser-master/libs/json/json.hpp,"(19831, 9)-(19831, 25)",b'using std::swap;'
sqlitebrowser-master,../repos/sqlitebrowser-master/libs/qcustomplot-source/qcustomplot.h,"(5329, 3)-(5329, 42)",b'using QCPAxisRect::calculateAutoMargin;'
sqlitebrowser-master,../repos/sqlitebrowser-master/libs/qcustomplot-source/qcustomplot.h,"(5330, 3)-(5330, 38)",b'using QCPAxisRect::mousePressEvent;'
sqlitebrowser-master,../repos/sqlitebrowser-master/libs/qcustomplot-source/qcustomplot.h,"(5331, 3)-(5331, 37)",b'using QCPAxisRect::mouseMoveEvent;'
sqlitebrowser-master,../repos/sqlitebrowser-master/libs/qcustomplot-source/qcustomplot.h,"(5332, 3)-(5332, 40)",b'using QCPAxisRect::mouseReleaseEvent;'
sqlitebrowser-master,../repos/sqlitebrowser-master/libs/qcustomplot-source/qcustomplot.h,"(5333, 3)-(5333, 33)",b'using QCPAxisRect::wheelEvent;'
sqlitebrowser-master,../repos/sqlitebrowser-master/libs/qcustomplot-source/qcustomplot.h,"(5334, 3)-(5334, 29)",b'using QCPAxisRect::update;'
sqlitebrowser-master,../repos/sqlitebrowser-master/libs/qscintilla/lexers/LexHTML.cpp,"(31, 1)-(31, 27)",b'using namespace Scintilla;'
sqlitebrowser-master,../repos/sqlitebrowser-master/libs/qscintilla/lexers/LexJSON.cpp,"(32, 1)-(32, 27)",b'using namespace Scintilla;'
sqlitebrowser-master,../repos/sqlitebrowser-master/libs/qscintilla/lexers/LexSQL.cpp,"(36, 1)-(36, 27)",b'using namespace Scintilla;'
sqlitebrowser-master,../repos/sqlitebrowser-master/libs/qscintilla/lexlib/Accessor.cpp,"(20, 1)-(20, 27)",b'using namespace Scintilla;'
sqlitebrowser-master,../repos/sqlitebrowser-master/libs/qscintilla/lexlib/CharacterSet.cpp,"(14, 1)-(14, 27)",b'using namespace Scintilla;'
sqlitebrowser-master,../repos/sqlitebrowser-master/libs/qscintilla/lexlib/DefaultLexer.cpp,"(23, 1)-(23, 27)",b'using namespace Scintilla;'
sqlitebrowser-master,../repos/sqlitebrowser-master/libs/qscintilla/lexlib/LexerBase.cpp,"(23, 1)-(23, 27)",b'using namespace Scintilla;'
sqlitebrowser-master,../repos/sqlitebrowser-master/libs/qscintilla/lexlib/LexerModule.cpp,"(25, 1)-(25, 27)",b'using namespace Scintilla;'
sqlitebrowser-master,../repos/sqlitebrowser-master/libs/qscintilla/lexlib/LexerNoExceptions.cpp,"(23, 1)-(23, 27)",b'using namespace Scintilla;'
sqlitebrowser-master,../repos/sqlitebrowser-master/libs/qscintilla/lexlib/LexerSimple.cpp,"(25, 1)-(25, 27)",b'using namespace Scintilla;'
sqlitebrowser-master,../repos/sqlitebrowser-master/libs/qscintilla/lexlib/PropSetSimple.cpp,"(18, 1)-(18, 27)",b'using namespace Scintilla;'
sqlitebrowser-master,../repos/sqlitebrowser-master/libs/qscintilla/lexlib/StyleContext.cpp,"(19, 1)-(19, 27)",b'using namespace Scintilla;'
sqlitebrowser-master,../repos/sqlitebrowser-master/libs/qscintilla/lexlib/WordList.cpp,"(17, 1)-(17, 27)",b'using namespace Scintilla;'
sqlitebrowser-master,../repos/sqlitebrowser-master/libs/qscintilla/src/AutoComplete.cpp,"(27, 1)-(27, 27)",b'using namespace Scintilla;'
sqlitebrowser-master,../repos/sqlitebrowser-master/libs/qscintilla/src/CallTip.cpp,"(29, 1)-(29, 27)",b'using namespace Scintilla;'
sqlitebrowser-master,../repos/sqlitebrowser-master/libs/qscintilla/src/CaseConvert.cpp,"(22, 1)-(22, 27)",b'using namespace Scintilla;'
sqlitebrowser-master,../repos/sqlitebrowser-master/libs/qscintilla/src/CaseFolder.cpp,"(15, 1)-(15, 27)",b'using namespace Scintilla;'
sqlitebrowser-master,../repos/sqlitebrowser-master/libs/qscintilla/src/Catalogue.cpp,"(24, 1)-(24, 27)",b'using namespace Scintilla;'
sqlitebrowser-master,../repos/sqlitebrowser-master/libs/qscintilla/src/CellBuffer.cpp,"(84, 1)-(84, 27)",b'using namespace Scintilla;'
sqlitebrowser-master,../repos/sqlitebrowser-master/libs/qscintilla/src/CharClassify.cpp,"(15, 1)-(15, 27)",b'using namespace Scintilla;'
sqlitebrowser-master,../repos/sqlitebrowser-master/libs/qscintilla/src/ContractionState.cpp,"(27, 1)-(27, 27)",b'using namespace Scintilla;'
sqlitebrowser-master,../repos/sqlitebrowser-master/libs/qscintilla/src/DBCS.cpp,"(10, 1)-(10, 27)",b'using namespace Scintilla;'
sqlitebrowser-master,../repos/sqlitebrowser-master/libs/qscintilla/src/Decoration.cpp,"(27, 1)-(27, 27)",b'using namespace Scintilla;'
sqlitebrowser-master,../repos/sqlitebrowser-master/libs/qscintilla/src/Document.cpp,"(49, 1)-(49, 27)",b'using namespace Scintilla;'
sqlitebrowser-master,../repos/sqlitebrowser-master/libs/qscintilla/src/EditModel.cpp,"(48, 1)-(48, 27)",b'using namespace Scintilla;'
sqlitebrowser-master,../repos/sqlitebrowser-master/libs/qscintilla/src/Editor.cpp,"(60, 1)-(60, 27)",b'using namespace Scintilla;'
sqlitebrowser-master,../repos/sqlitebrowser-master/libs/qscintilla/src/EditView.cpp,"(60, 1)-(60, 27)",b'using namespace Scintilla;'
sqlitebrowser-master,../repos/sqlitebrowser-master/libs/qscintilla/src/ExternalLexer.cpp,"(27, 1)-(27, 27)",b'using namespace Scintilla;'
sqlitebrowser-master,../repos/sqlitebrowser-master/libs/qscintilla/src/Indicator.cpp,"(24, 1)-(24, 27)",b'using namespace Scintilla;'
sqlitebrowser-master,../repos/sqlitebrowser-master/libs/qscintilla/src/KeyMap.cpp,"(21, 1)-(21, 27)",b'using namespace Scintilla;'
sqlitebrowser-master,../repos/sqlitebrowser-master/libs/qscintilla/src/LineMarker.cpp,"(26, 1)-(26, 27)",b'using namespace Scintilla;'
sqlitebrowser-master,../repos/sqlitebrowser-master/libs/qscintilla/src/MarginView.cpp,"(53, 1)-(53, 27)",b'using namespace Scintilla;'
sqlitebrowser-master,../repos/sqlitebrowser-master/libs/qscintilla/src/PerLine.cpp,"(27, 1)-(27, 27)",b'using namespace Scintilla;'
sqlitebrowser-master,../repos/sqlitebrowser-master/libs/qscintilla/src/PositionCache.cpp,"(47, 1)-(47, 27)",b'using namespace Scintilla;'
sqlitebrowser-master,../repos/sqlitebrowser-master/libs/qscintilla/src/RESearch.cpp,"(215, 1)-(215, 27)",b'using namespace Scintilla;'
sqlitebrowser-master,../repos/sqlitebrowser-master/libs/qscintilla/src/RunStyles.cpp,"(28, 1)-(28, 27)",b'using namespace Scintilla;'
sqlitebrowser-master,../repos/sqlitebrowser-master/libs/qscintilla/src/ScintillaBase.cpp,"(63, 1)-(63, 27)",b'using namespace Scintilla;'
sqlitebrowser-master,../repos/sqlitebrowser-master/libs/qscintilla/src/Selection.cpp,"(23, 1)-(23, 27)",b'using namespace Scintilla;'
sqlitebrowser-master,../repos/sqlitebrowser-master/libs/qscintilla/src/Style.cpp,"(17, 1)-(17, 27)",b'using namespace Scintilla;'
sqlitebrowser-master,../repos/sqlitebrowser-master/libs/qscintilla/src/UniConversion.cpp,"(15, 1)-(15, 27)",b'using namespace Scintilla;'
sqlitebrowser-master,../repos/sqlitebrowser-master/libs/qscintilla/src/ViewStyle.cpp,"(29, 1)-(29, 27)",b'using namespace Scintilla;'
sqlitebrowser-master,../repos/sqlitebrowser-master/libs/qscintilla/src/XPM.cpp,"(22, 1)-(22, 27)",b'using namespace Scintilla;'
sqlitebrowser-master,../repos/sqlitebrowser-master/src/tests/testsqlobjects.cpp,"(10, 1)-(10, 22)",b'using namespace sqlb;'
