Repo name,File name,Location,Content
sqlitebrowser-master,../repos/sqlitebrowser-master/libs/json/json.hpp,"(5580, 5)-(5580, 44)",b'friend struct wide_string_input_helper;'
sqlitebrowser-master,../repos/sqlitebrowser-master/libs/json/json.hpp,"(11492, 5)-(11495, 6)",b'friend constexpr bool operator==(primitive_it...'
sqlitebrowser-master,../repos/sqlitebrowser-master/libs/json/json.hpp,"(11497, 5)-(11500, 6)",b'friend constexpr bool operator<(primitive_ite...'
sqlitebrowser-master,../repos/sqlitebrowser-master/libs/json/json.hpp,"(11509, 5)-(11512, 6)",b'friend constexpr difference_type operator-(pr...'
sqlitebrowser-master,../repos/sqlitebrowser-master/libs/json/json.hpp,"(11629, 5)-(11629, 28)",b'friend other_iter_impl;'
sqlitebrowser-master,../repos/sqlitebrowser-master/libs/json/json.hpp,"(11630, 5)-(11630, 26)",b'friend BasicJsonType;'
sqlitebrowser-master,../repos/sqlitebrowser-master/libs/json/json.hpp,"(11631, 5)-(11631, 39)",b'friend iteration_proxy<iter_impl>;'
sqlitebrowser-master,../repos/sqlitebrowser-master/libs/json/json.hpp,"(11632, 5)-(11632, 45)",b'friend iteration_proxy_value<iter_impl>;'
sqlitebrowser-master,../repos/sqlitebrowser-master/libs/json/json.hpp,"(12618, 5)-(12622, 6)",b'friend json_pointer operator/(const json_poin...'
sqlitebrowser-master,../repos/sqlitebrowser-master/libs/json/json.hpp,"(12639, 5)-(12642, 6)",b'friend json_pointer operator/(const json_poin...'
sqlitebrowser-master,../repos/sqlitebrowser-master/libs/json/json.hpp,"(12659, 5)-(12662, 6)",b'friend json_pointer operator/(const json_poin...'
sqlitebrowser-master,../repos/sqlitebrowser-master/libs/json/json.hpp,"(17684, 5)-(17684, 45)",b'friend class ::nlohmann::detail::parser;'
sqlitebrowser-master,../repos/sqlitebrowser-master/libs/json/json.hpp,"(17687, 5)-(17687, 48)",b'friend class ::nlohmann::detail::iter_impl;'
sqlitebrowser-master,../repos/sqlitebrowser-master/libs/json/json.hpp,"(17689, 5)-(17689, 52)",b'friend class ::nlohmann::detail::binary_writer;'
sqlitebrowser-master,../repos/sqlitebrowser-master/libs/json/json.hpp,"(17691, 5)-(17691, 52)",b'friend class ::nlohmann::detail::binary_reader;'
sqlitebrowser-master,../repos/sqlitebrowser-master/libs/json/json.hpp,"(17693, 5)-(17693, 58)",b'friend class ::nlohmann::detail::json_sax_dom...'
sqlitebrowser-master,../repos/sqlitebrowser-master/libs/json/json.hpp,"(17695, 5)-(17695, 67)",b'friend class ::nlohmann::detail::json_sax_dom...'
sqlitebrowser-master,../repos/sqlitebrowser-master/libs/json/json.hpp,"(23945, 5)-(23948, 6)","b'friend bool operator==(const_reference lhs, S...'"
sqlitebrowser-master,../repos/sqlitebrowser-master/libs/json/json.hpp,"(23956, 5)-(23959, 6)","b'friend bool operator==(ScalarType lhs, const_...'"
sqlitebrowser-master,../repos/sqlitebrowser-master/libs/json/json.hpp,"(23990, 5)-(23993, 6)","b'friend bool operator!=(const_reference lhs, S...'"
sqlitebrowser-master,../repos/sqlitebrowser-master/libs/json/json.hpp,"(24001, 5)-(24004, 6)","b'friend bool operator!=(ScalarType lhs, const_...'"
sqlitebrowser-master,../repos/sqlitebrowser-master/libs/json/json.hpp,"(24112, 5)-(24115, 6)","b'friend bool operator<(const_reference lhs, Sc...'"
sqlitebrowser-master,../repos/sqlitebrowser-master/libs/json/json.hpp,"(24123, 5)-(24126, 6)","b'friend bool operator<(ScalarType lhs, const_r...'"
sqlitebrowser-master,../repos/sqlitebrowser-master/libs/json/json.hpp,"(24158, 5)-(24161, 6)","b'friend bool operator<=(const_reference lhs, S...'"
sqlitebrowser-master,../repos/sqlitebrowser-master/libs/json/json.hpp,"(24169, 5)-(24172, 6)","b'friend bool operator<=(ScalarType lhs, const_...'"
sqlitebrowser-master,../repos/sqlitebrowser-master/libs/json/json.hpp,"(24204, 5)-(24207, 6)","b'friend bool operator>(const_reference lhs, Sc...'"
sqlitebrowser-master,../repos/sqlitebrowser-master/libs/json/json.hpp,"(24215, 5)-(24218, 6)","b'friend bool operator>(ScalarType lhs, const_r...'"
sqlitebrowser-master,../repos/sqlitebrowser-master/libs/json/json.hpp,"(24250, 5)-(24253, 6)","b'friend bool operator>=(const_reference lhs, S...'"
sqlitebrowser-master,../repos/sqlitebrowser-master/libs/json/json.hpp,"(24261, 5)-(24264, 6)","b'friend bool operator>=(ScalarType lhs, const_...'"
sqlitebrowser-master,../repos/sqlitebrowser-master/libs/qcustomplot-source/qcustomplot.h,"(5339, 3)-(5339, 30)",b'friend class QCPColorScale;'
sqlitebrowser-master,../repos/sqlitebrowser-master/libs/qscintilla/include/Platform.h,"(329, 2)-(329, 23)",b'friend class Surface;'
sqlitebrowser-master,../repos/sqlitebrowser-master/libs/qscintilla/include/Platform.h,"(330, 2)-(330, 27)",b'friend class SurfaceImpl;'
sqlitebrowser-master,../repos/sqlitebrowser-master/libs/qscintilla/lexlib/LexerModule.h,"(68, 2)-(68, 25)",b'friend class Catalogue;'
sqlitebrowser-master,../repos/sqlitebrowser-master/libs/qscintilla/Qt4Qt5/ScintillaQt.h,"(94, 2)-(94, 30)",b'friend class QsciSciCallTip;'
sqlitebrowser-master,../repos/sqlitebrowser-master/libs/qscintilla/Qt4Qt5/ScintillaQt.h,"(95, 2)-(95, 28)",b'friend class QsciSciPopup;'
sqlitebrowser-master,../repos/sqlitebrowser-master/libs/qscintilla/src/Editor.h,"(607, 2)-(607, 27)",b'friend class AutoSurface;'
sqlitebrowser-master,../repos/sqlitebrowser-master/libs/qscintilla/src/PositionCache.h,"(51, 2)-(51, 31)",b'friend class LineLayoutCache;'
sqlitebrowser-master,../repos/sqlitebrowser-master/src/PlotDock.h,"(52, 9)-(60, 10)",b'friend QDataStream& operator<<(QDataStream& s...'
sqlitebrowser-master,../repos/sqlitebrowser-master/src/PlotDock.h,"(61, 9)-(71, 10)",b'friend QDataStream& operator>>(QDataStream& s...'
sqlitebrowser-master,../repos/sqlitebrowser-master/src/Settings.h,"(10, 5)-(10, 36)",b'friend class PreferencesDialog;'
sqlitebrowser-master,../repos/sqlitebrowser-master/src/sql/parser/ParserDriver.h,"(21, 5)-(21, 19)",b'friend parser;'
sqlitebrowser-master,../repos/sqlitebrowser-master/src/sqlitetablemodel.h,"(26, 5)-(26, 28)",b'friend class TestRegex;'
sqlitebrowser-master,../repos/sqlitebrowser-master/src/sqlitetablemodel.h,"(159, 5)-(159, 28)",b'friend class RowLoader;'
