Repo name,File name,Location,Content
sqlitebrowser-master,../repos/sqlitebrowser-master/libs/json/json.hpp,"(2840, 38)-(2843, 10)","b'[](const std::string & a, const std::string &...'"
sqlitebrowser-master,../repos/sqlitebrowser-master/libs/json/json.hpp,"(4083, 44)-(4086, 6)",b'[](const BasicJsonType & i)\n    {\n        ret...'
sqlitebrowser-master,../repos/sqlitebrowser-master/libs/json/json.hpp,"(4100, 20)-(4103, 6)",b'[](const BasicJsonType & elem)\n    {\n        ...'
sqlitebrowser-master,../repos/sqlitebrowser-master/libs/json/json.hpp,"(4148, 50)-(4153, 6)",b'[](const BasicJsonType & i)\n    {\n        // ...'
sqlitebrowser-master,../repos/sqlitebrowser-master/libs/json/json.hpp,"(4169, 9)-(4174, 6)",b'[](const BasicJsonType & i)\n    {\n        // ...'
sqlitebrowser-master,../repos/sqlitebrowser-master/libs/json/json.hpp,"(4244, 9)-(4247, 6)",b'[](typename BasicJsonType::object_t::value_ty...'
sqlitebrowser-master,../repos/sqlitebrowser-master/libs/json/json.hpp,"(9229, 36)-(9246, 18)",b'[&half]\n                {\n                   ...'
sqlitebrowser-master,../repos/sqlitebrowser-master/libs/json/json.hpp,"(10031, 39)-(10035, 10)",b'[&result](std::int8_t subtype)\n        {\n    ...'
sqlitebrowser-master,../repos/sqlitebrowser-master/libs/json/json.hpp,"(12524, 32)-(12527, 10)","b'[](const std::string & a, const std::string &...'"
sqlitebrowser-master,../repos/sqlitebrowser-master/libs/json/json.hpp,"(12943, 33)-(12946, 18)",b'[](const unsigned char x)\n                {\n ...'
sqlitebrowser-master,../repos/sqlitebrowser-master/libs/json/json.hpp,"(14463, 58)-(14466, 22)","b'[this, first_prefix](const BasicJsonType & v)...'"
sqlitebrowser-master,../repos/sqlitebrowser-master/libs/json/json.hpp,"(14551, 58)-(14554, 22)","b'[this, first_prefix](const BasicJsonType & v)...'"
sqlitebrowser-master,../repos/sqlitebrowser-master/libs/json/json.hpp,"(14753, 120)-(14756, 10)","b'[&array_index](std::size_t result, const type...'"
sqlitebrowser-master,../repos/sqlitebrowser-master/libs/json/json.hpp,"(14904, 37)-(14907, 10)","b'[](size_t result, const typename BasicJsonTyp...'"
sqlitebrowser-master,../repos/sqlitebrowser-master/libs/json/json.hpp,"(17261, 26)-(17264, 10)",b'[](char c)\n        {\n            return c == ...'
sqlitebrowser-master,../repos/sqlitebrowser-master/libs/json/json.hpp,"(18435, 24)-(18438, 10)",b'[&](T * obj)\n        {\n            AllocatorT...'
sqlitebrowser-master,../repos/sqlitebrowser-master/libs/json/json.hpp,"(18765, 91)-(18768, 14)",b'[this](const basic_json & j)\n            {\n  ...'
sqlitebrowser-master,../repos/sqlitebrowser-master/libs/json/json.hpp,"(19240, 41)-(19243, 10)",b'[](const detail::json_ref<basic_json>& elemen...'
sqlitebrowser-master,../repos/sqlitebrowser-master/libs/json/json.hpp,"(25950, 29)-(25978, 10)",b'[](const std::string & op)\n        {\n        ...'
sqlitebrowser-master,../repos/sqlitebrowser-master/libs/json/json.hpp,"(25981, 36)-(26045, 10)","b'[&result](json_pointer & ptr, basic_json val)...'"
sqlitebrowser-master,../repos/sqlitebrowser-master/libs/json/json.hpp,"(26048, 39)-(26074, 10)","b'[this, &result](json_pointer & ptr)\n        {...'"
sqlitebrowser-master,../repos/sqlitebrowser-master/libs/json/json.hpp,"(26086, 36)-(26112, 14)","b'[&val](const std::string & op,\n              ...'"
sqlitebrowser-master,../repos/sqlitebrowser-master/libs/qscintilla/src/Decoration.cpp,"(151, 3)-(153, 3)","b'[](const std::unique_ptr<Decoration<POS>> &a,...'"
sqlitebrowser-master,../repos/sqlitebrowser-master/libs/qscintilla/src/Decoration.cpp,"(165, 3)-(167, 3)",b'[indicator](const std::unique_ptr<Decoration<...'
sqlitebrowser-master,../repos/sqlitebrowser-master/libs/qscintilla/src/Decoration.cpp,"(230, 3)-(232, 3)",b'[](const std::unique_ptr<Decoration<POS>> &de...'
sqlitebrowser-master,../repos/sqlitebrowser-master/libs/qscintilla/src/Decoration.cpp,"(243, 4)-(245, 4)",b'[](const std::unique_ptr<Decoration<POS>> &de...'
sqlitebrowser-master,../repos/sqlitebrowser-master/libs/qscintilla/src/Editor.cpp,"(1910, 4)-(1910, 74)","b'[](const SelectionRange *a, const SelectionRa...'"
sqlitebrowser-master,../repos/sqlitebrowser-master/libs/qscintilla/src/PerLine.cpp,"(63, 19)-(63, 91)",b'[handle](const MarkerHandleNumber &mhn) { ret...'
sqlitebrowser-master,../repos/sqlitebrowser-master/libs/qscintilla/src/PerLine.cpp,"(68, 19)-(74, 3)",b'[&](const MarkerHandleNumber &mhn) {\n\t\tif ((a...'
sqlitebrowser-master,../repos/sqlitebrowser-master/libs/qscintilla/src/ViewStyle.cpp,"(339, 3)-(339, 67)",b'[](const Indicator &indicator) { return indic...'
sqlitebrowser-master,../repos/sqlitebrowser-master/libs/qscintilla/src/ViewStyle.cpp,"(342, 3)-(342, 75)",b'[](const Indicator &indicator) { return indic...'
sqlitebrowser-master,../repos/sqlitebrowser-master/libs/qscintilla/src/ViewStyle.cpp,"(357, 3)-(357, 57)",b'[](const Style &style) { return style.IsProte...'
sqlitebrowser-master,../repos/sqlitebrowser-master/libs/qscintilla/src/ViewStyle.cpp,"(360, 3)-(360, 73)",b'[](const Style &style) { return style.caseFor...'
sqlitebrowser-master,../repos/sqlitebrowser-master/src/AddRecordDialog.cpp,"(43, 62)-(45, 10)",b'[&]() {\n            setNull(true);\n        }'
sqlitebrowser-master,../repos/sqlitebrowser-master/src/AddRecordDialog.cpp,"(196, 79)-(198, 10)",b'[table](const auto& f) {\n            return t...'
sqlitebrowser-master,../repos/sqlitebrowser-master/src/AddRecordDialog.cpp,"(209, 84)-(209, 143)",b'[](const auto& e) { return sqlb::IndexedColum...'
sqlitebrowser-master,../repos/sqlitebrowser-master/src/ColumnDisplayFormatDialog.cpp,"(97, 80)-(99, 10)","b'[current_format](const std::pair<std::string,...'"
sqlitebrowser-master,../repos/sqlitebrowser-master/src/ColumnDisplayFormatDialog.cpp,"(150, 46)-(154, 10)","b'[&customNumberColumns](int numberColumns, std...'"
sqlitebrowser-master,../repos/sqlitebrowser-master/src/DbStructureModel.cpp,"(349, 81)-(349, 130)",b'[](const auto& t) { return !t.second->isView(); }'
sqlitebrowser-master,../repos/sqlitebrowser-master/src/DbStructureModel.cpp,"(358, 80)-(358, 128)",b'[](const auto& t) { return t.second->isView(); }'
sqlitebrowser-master,../repos/sqlitebrowser-master/src/EditDialog.cpp,"(80, 64)-(82, 6)",b'[&]() {\n        importData(/* asLink */ true)...'
sqlitebrowser-master,../repos/sqlitebrowser-master/src/EditDialog.cpp,"(84, 61)-(95, 6)",b'[&]() {\n        switch (dataSource) {\n       ...'
sqlitebrowser-master,../repos/sqlitebrowser-master/src/EditDialog.cpp,"(1200, 65)-(1217, 6)",b'[this](QPrinter *previewPrinter) {\n        QT...'
sqlitebrowser-master,../repos/sqlitebrowser-master/src/EditIndexDialog.cpp,"(77, 13)-(81, 6)",b'[=](QTableWidgetItem* item)\n    {\n        ind...'
sqlitebrowser-master,../repos/sqlitebrowser-master/src/EditIndexDialog.cpp,"(167, 17)-(175, 10)",b'[=](QString new_order)\n        {\n            ...'
sqlitebrowser-master,../repos/sqlitebrowser-master/src/EditTableDialog.cpp,"(66, 65)-(66, 103)",b'[this]() { addIndexConstraint(true); }'
sqlitebrowser-master,../repos/sqlitebrowser-master/src/EditTableDialog.cpp,"(67, 71)-(67, 110)",b'[this]() { addIndexConstraint(false); }'
sqlitebrowser-master,../repos/sqlitebrowser-master/src/EditTableDialog.cpp,"(71, 58)-(75, 6)","b'[this](int column_count, std::vector<QByteArr...'"
sqlitebrowser-master,../repos/sqlitebrowser-master/src/EditTableDialog.cpp,"(124, 83)-(127, 6)",b'[this]() {\n        bool hasSelection = ui->ta...'
sqlitebrowser-master,../repos/sqlitebrowser-master/src/EditTableDialog.cpp,"(128, 78)-(131, 6)",b'[this]() {\n        bool hasSelection = ui->ta...'
sqlitebrowser-master,../repos/sqlitebrowser-master/src/EditTableDialog.cpp,"(132, 83)-(135, 6)",b'[this]() {\n        bool hasSelection = ui->ta...'
sqlitebrowser-master,../repos/sqlitebrowser-master/src/EditTableDialog.cpp,"(290, 100)-(325, 10)","b'[this, type, it](int index) {\n            // ...'"
sqlitebrowser-master,../repos/sqlitebrowser-master/src/EditTableDialog.cpp,"(891, 101)-(891, 139)",b'[](const auto& e) { return e.name(); }'
sqlitebrowser-master,../repos/sqlitebrowser-master/src/EditTableDialog.cpp,"(904, 60)-(921, 10)","b'[this, dialog, constraint, columns]() {\n     ...'"
sqlitebrowser-master,../repos/sqlitebrowser-master/src/EditTableDialog.cpp,"(941, 60)-(955, 10)","b'[this, dialog, fk, columns]() {\n            /...'"
sqlitebrowser-master,../repos/sqlitebrowser-master/src/ExtendedScintilla.cpp,"(314, 65)-(317, 6)",b'[&](QPrinter *previewPrinter) {\n        QsciP...'
sqlitebrowser-master,../repos/sqlitebrowser-master/src/ExtendedTableWidget.cpp,"(334, 13)-(360, 6)",b'[=](const QPoint& pos)\n    {\n        // Deact...'
sqlitebrowser-master,../repos/sqlitebrowser-master/src/ExtendedTableWidget.cpp,"(361, 54)-(363, 6)","b'[&]() {\n        useAsFilter(QString (""=""));\n    }'"
sqlitebrowser-master,../repos/sqlitebrowser-master/src/ExtendedTableWidget.cpp,"(364, 58)-(366, 10)","b'[&]() {\n            useAsFilter(QString (""""))...'"
sqlitebrowser-master,../repos/sqlitebrowser-master/src/ExtendedTableWidget.cpp,"(368, 61)-(370, 10)","b'[&]() {\n            useAsFilter(QString (""/^(...'"
sqlitebrowser-master,../repos/sqlitebrowser-master/src/ExtendedTableWidget.cpp,"(371, 58)-(373, 10)","b'[&]() {\n            useAsFilter(QString (""<>""...'"
sqlitebrowser-master,../repos/sqlitebrowser-master/src/ExtendedTableWidget.cpp,"(374, 59)-(376, 10)","b'[&]() {\n            useAsFilter(QString ("">"")...'"
sqlitebrowser-master,../repos/sqlitebrowser-master/src/ExtendedTableWidget.cpp,"(377, 56)-(379, 10)","b'[&]() {\n            useAsFilter(QString (""<"")...'"
sqlitebrowser-master,../repos/sqlitebrowser-master/src/ExtendedTableWidget.cpp,"(380, 60)-(382, 10)","b'[&]() {\n            useAsFilter(QString ("">=""...'"
sqlitebrowser-master,../repos/sqlitebrowser-master/src/ExtendedTableWidget.cpp,"(383, 57)-(385, 10)","b'[&]() {\n            useAsFilter(QString (""<=""...'"
sqlitebrowser-master,../repos/sqlitebrowser-master/src/ExtendedTableWidget.cpp,"(386, 55)-(388, 10)","b'[&]() {\n            useAsFilter(QString (""~"")...'"
sqlitebrowser-master,../repos/sqlitebrowser-master/src/ExtendedTableWidget.cpp,"(389, 54)-(391, 10)","b'[&]() {\n            useAsFilter(QString (""/"")...'"
sqlitebrowser-master,../repos/sqlitebrowser-master/src/ExtendedTableWidget.cpp,"(392, 58)-(394, 6)",b'[&]() {\n        emit editCondFormats(currentI...'
sqlitebrowser-master,../repos/sqlitebrowser-master/src/ExtendedTableWidget.cpp,"(396, 52)-(398, 6)",b'[&]() {\n       setToNull(selectedIndexes());\n    }'
sqlitebrowser-master,../repos/sqlitebrowser-master/src/ExtendedTableWidget.cpp,"(399, 52)-(401, 6)","b'[&]() {\n       copy(false, false);\n    }'"
sqlitebrowser-master,../repos/sqlitebrowser-master/src/ExtendedTableWidget.cpp,"(403, 63)-(405, 6)","b'[&]() {\n       copy(true, false);\n    }'"
sqlitebrowser-master,../repos/sqlitebrowser-master/src/ExtendedTableWidget.cpp,"(406, 57)-(408, 6)","b'[&]() {\n       copy(false, true);\n    }'"
sqlitebrowser-master,../repos/sqlitebrowser-master/src/ExtendedTableWidget.cpp,"(409, 53)-(411, 6)",b'[&]() {\n       paste();\n    }'
sqlitebrowser-master,../repos/sqlitebrowser-master/src/ExtendedTableWidget.cpp,"(412, 53)-(414, 6)",b'[&]() {\n       openPrintDialog();\n    }'
sqlitebrowser-master,../repos/sqlitebrowser-master/src/ExtendedTableWidget.cpp,"(418, 64)-(422, 6)",b'[this]() {\n        if(!hasFocus() || selectio...'
sqlitebrowser-master,../repos/sqlitebrowser-master/src/ExtendedTableWidget.cpp,"(424, 61)-(428, 6)",b'[this]() {\n        if(!hasFocus() || selectio...'
sqlitebrowser-master,../repos/sqlitebrowser-master/src/ExtendedTableWidget.cpp,"(1198, 65)-(1202, 6)",b'[mimeData](QPrinter *previewPrinter) {\n      ...'
sqlitebrowser-master,../repos/sqlitebrowser-master/src/FilterLineEdit.cpp,"(135, 57)-(137, 10)","b'[&]() {\n            QWhatsThis::showText(pos,...'"
sqlitebrowser-master,../repos/sqlitebrowser-master/src/FilterLineEdit.cpp,"(140, 54)-(142, 10)","b'[&]() {\n            setText(""=NULL"");\n        }'"
sqlitebrowser-master,../repos/sqlitebrowser-master/src/FilterLineEdit.cpp,"(145, 57)-(147, 10)","b'[&]() {\n            setText(""<>NULL"");\n        }'"
sqlitebrowser-master,../repos/sqlitebrowser-master/src/FilterLineEdit.cpp,"(150, 55)-(152, 10)","b'[&]() {\n            setText(""=\'\'"");\n        }'"
sqlitebrowser-master,../repos/sqlitebrowser-master/src/FilterLineEdit.cpp,"(155, 58)-(157, 10)","b'[&]() {\n            setText(""<>\'\'"");\n        }'"
sqlitebrowser-master,../repos/sqlitebrowser-master/src/FilterLineEdit.cpp,"(160, 61)-(162, 10)",b'[&]() {\n            setFilterHelper(QString (...'
sqlitebrowser-master,../repos/sqlitebrowser-master/src/FilterLineEdit.cpp,"(164, 55)-(166, 10)",b'[&]() {\n            setFilterHelper(QString (...'
sqlitebrowser-master,../repos/sqlitebrowser-master/src/FilterLineEdit.cpp,"(168, 58)-(170, 10)",b'[&]() {\n            setFilterHelper(QString (...'
sqlitebrowser-master,../repos/sqlitebrowser-master/src/FilterLineEdit.cpp,"(172, 59)-(174, 10)",b'[&]() {\n            setFilterHelper(QString (...'
sqlitebrowser-master,../repos/sqlitebrowser-master/src/FilterLineEdit.cpp,"(176, 56)-(178, 10)",b'[&]() {\n            setFilterHelper(QString (...'
sqlitebrowser-master,../repos/sqlitebrowser-master/src/FilterLineEdit.cpp,"(180, 60)-(182, 10)",b'[&]() {\n            setFilterHelper(QString (...'
sqlitebrowser-master,../repos/sqlitebrowser-master/src/FilterLineEdit.cpp,"(184, 57)-(186, 10)",b'[&]() {\n            setFilterHelper(QString (...'
sqlitebrowser-master,../repos/sqlitebrowser-master/src/FilterLineEdit.cpp,"(188, 55)-(190, 10)",b'[&]() {\n            setFilterHelper(QString (...'
sqlitebrowser-master,../repos/sqlitebrowser-master/src/FilterLineEdit.cpp,"(193, 54)-(195, 10)",b'[&]() {\n            setFilterHelper(QString (...'
sqlitebrowser-master,../repos/sqlitebrowser-master/src/FilterLineEdit.cpp,"(203, 73)-(205, 14)",b'[&]() {\n                    emit clearAllCond...'
sqlitebrowser-master,../repos/sqlitebrowser-master/src/FilterLineEdit.cpp,"(208, 73)-(210, 14)",b'[&]() {\n                    emit addFilterAsC...'
sqlitebrowser-master,../repos/sqlitebrowser-master/src/FilterLineEdit.cpp,"(213, 67)-(215, 10)",b'[&]() {\n            emit editCondFormats();\n ...'
sqlitebrowser-master,../repos/sqlitebrowser-master/src/FilterTableHeader.cpp,"(50, 58)-(50, 89)",b'[this](){emit filterFocused();}'
sqlitebrowser-master,../repos/sqlitebrowser-master/src/ForeignKeyEditorDelegate.cpp,"(35, 58)-(40, 10)",b'[&]\n        {\n            tablesComboBox->set...'
sqlitebrowser-master,../repos/sqlitebrowser-master/src/ForeignKeyEditorDelegate.cpp,"(107, 13)-(127, 6)",b'[=](int idx)\n    {\n        QString tableName ...'
sqlitebrowser-master,../repos/sqlitebrowser-master/src/ImageViewer.cpp,"(20, 66)-(20, 92)",b'[this]{ scaleImage(100); }'
sqlitebrowser-master,../repos/sqlitebrowser-master/src/ImageViewer.cpp,"(105, 69)-(119, 6)",b'[&](QPrinter* previewPrinter) {\n        QPain...'
sqlitebrowser-master,../repos/sqlitebrowser-master/src/ImageViewer.cpp,"(176, 35)-(178, 6)","b'[](QScrollBar* scroll_bar, qreal factor) {\n  ...'"
sqlitebrowser-master,../repos/sqlitebrowser-master/src/ImportCsvDialog.cpp,"(265, 94)-(265, 164)",b'[](const auto& field) { return QString::fromS...'
sqlitebrowser-master,../repos/sqlitebrowser-master/src/ImportCsvDialog.cpp,"(269, 28)-(299, 6)","b'[this](size_t rowNum, const CSVRow& rowData) ...'"
sqlitebrowser-master,../repos/sqlitebrowser-master/src/ImportCsvDialog.cpp,"(370, 46)-(372, 47)","b'[](const sqlb::Field& item1, const sqlb::Fiel...'"
sqlitebrowser-master,../repos/sqlitebrowser-master/src/ImportCsvDialog.cpp,"(411, 24)-(471, 6)","b'[this, &fieldList](size_t rowNum, const CSVRo...'"
sqlitebrowser-master,../repos/sqlitebrowser-master/src/ImportCsvDialog.cpp,"(642, 57)-(712, 6)","b'[&](size_t rowNum, const CSVRow& rowData) -> ...'"
sqlitebrowser-master,../repos/sqlitebrowser-master/src/MainWindow.cpp,"(109, 47)-(117, 10)",b'[this](const QByteArray& reply) {\n           ...'
sqlitebrowser-master,../repos/sqlitebrowser-master/src/MainWindow.cpp,"(132, 56)-(140, 6)",b'[this]() {\n        std::vector<sqlb::ObjectId...'
sqlitebrowser-master,../repos/sqlitebrowser-master/src/MainWindow.cpp,"(191, 60)-(194, 6)",b'[this]() {\n        if(ui->tabSqlAreas->curren...'
sqlitebrowser-master,../repos/sqlitebrowser-master/src/MainWindow.cpp,"(199, 59)-(205, 6)",b'[this]() {\n        if(ui->tabSqlAreas->curren...'
sqlitebrowser-master,../repos/sqlitebrowser-master/src/MainWindow.cpp,"(208, 63)-(214, 6)",b'[this]() {\n        if(ui->tabSqlAreas->curren...'
sqlitebrowser-master,../repos/sqlitebrowser-master/src/MainWindow.cpp,"(312, 50)-(312, 100)","b'[=](bool show) { toggleTabVisible(widget, show); }'"
sqlitebrowser-master,../repos/sqlitebrowser-master/src/MainWindow.cpp,"(316, 68)-(318, 14)",b'[=](int /*index*/) {\n                action->...'
sqlitebrowser-master,../repos/sqlitebrowser-master/src/MainWindow.cpp,"(328, 59)-(334, 10)",b'[=]() {\n            restoreState(defaultWindo...'
sqlitebrowser-master,../repos/sqlitebrowser-master/src/MainWindow.cpp,"(337, 62)-(344, 10)",b'[=]() {\n            ui->viewMenu->findChild<Q...'
sqlitebrowser-master,../repos/sqlitebrowser-master/src/MainWindow.cpp,"(346, 62)-(348, 10)",b'[=]() {\n            moveDocksTo(Qt::BottomDoc...'
sqlitebrowser-master,../repos/sqlitebrowser-master/src/MainWindow.cpp,"(350, 60)-(352, 10)",b'[=]() {\n            moveDocksTo(Qt::LeftDockW...'
sqlitebrowser-master,../repos/sqlitebrowser-master/src/MainWindow.cpp,"(354, 59)-(356, 10)",b'[=]() {\n            moveDocksTo(Qt::TopDockWi...'
sqlitebrowser-master,../repos/sqlitebrowser-master/src/MainWindow.cpp,"(399, 66)-(402, 6)",b'[=]() {\n        ui->editModifyObjectAction->s...'
sqlitebrowser-master,../repos/sqlitebrowser-master/src/MainWindow.cpp,"(403, 66)-(406, 6)",b'[=]() {\n        ui->editDeleteObjectAction->s...'
sqlitebrowser-master,../repos/sqlitebrowser-master/src/MainWindow.cpp,"(409, 60)-(411, 6)",b'[this]() {\n       db.interruptQuery();\n    }'
sqlitebrowser-master,../repos/sqlitebrowser-master/src/MainWindow.cpp,"(429, 59)-(432, 6)",b'[this]() {\n       if(execute_sql_worker && ex...'
sqlitebrowser-master,../repos/sqlitebrowser-master/src/MainWindow.cpp,"(435, 66)-(437, 6)","b'[this]() {\n            runSqlNewTab(""PRAGMA i...'"
sqlitebrowser-master,../repos/sqlitebrowser-master/src/MainWindow.cpp,"(438, 62)-(440, 6)","b'[this]() {\n            runSqlNewTab(""PRAGMA q...'"
sqlitebrowser-master,../repos/sqlitebrowser-master/src/MainWindow.cpp,"(441, 67)-(443, 6)","b'[this]() {\n            runSqlNewTab(""PRAGMA f...'"
sqlitebrowser-master,../repos/sqlitebrowser-master/src/MainWindow.cpp,"(444, 60)-(446, 6)","b'[this]() {\n            runSqlNewTab(""PRAGMA o...'"
sqlitebrowser-master,../repos/sqlitebrowser-master/src/MainWindow.cpp,"(449, 78)-(452, 6)",b'[this]() {\n            switchToBrowseDataTab(...'
sqlitebrowser-master,../repos/sqlitebrowser-master/src/MainWindow.cpp,"(1190, 25)-(1225, 6)","b'[sqlWidget, editor, logged_queries](bool ok, ...'"
sqlitebrowser-master,../repos/sqlitebrowser-master/src/MainWindow.cpp,"(1238, 77)-(1240, 6)",b'[this]() {\n        db.updateSchema();\n    }'
sqlitebrowser-master,../repos/sqlitebrowser-master/src/MainWindow.cpp,"(1241, 77)-(1246, 6)","b'[query_logger, this](const QString& status_me...'"
sqlitebrowser-master,../repos/sqlitebrowser-master/src/MainWindow.cpp,"(1247, 78)-(1253, 6)","b'[query_logger, this](const QString& status_me...'"
sqlitebrowser-master,../repos/sqlitebrowser-master/src/MainWindow.cpp,"(1254, 81)-(1283, 6)","b'[query_logger, this, sqlWidget](const QString...'"
sqlitebrowser-master,../repos/sqlitebrowser-master/src/MainWindow.cpp,"(1265, 72)-(1282, 10)","b'[=](int begin, int end) {\n            // Skip...'"
sqlitebrowser-master,../repos/sqlitebrowser-master/src/MainWindow.cpp,"(1284, 92)-(1291, 6)",b'[this]() {\n        if(QMessageBox::question(n...'
sqlitebrowser-master,../repos/sqlitebrowser-master/src/MainWindow.cpp,"(1292, 69)-(1317, 6)","b'[this, current_tab, sqlWidget, logged_queries...'"
sqlitebrowser-master,../repos/sqlitebrowser-master/src/MainWindow.cpp,"(2128, 70)-(2143, 6)",b'[this](bool) {\n        for(int i=0; i < ui->t...'
sqlitebrowser-master,../repos/sqlitebrowser-master/src/MainWindow.cpp,"(3126, 61)-(3137, 10)","b'[&xml](int, std::vector<QByteArray> values, s...'"
sqlitebrowser-master,../repos/sqlitebrowser-master/src/MainWindow.cpp,"(3639, 65)-(3643, 6)",b'[strStream](QPrinter *previewPrinter) {\n     ...'
sqlitebrowser-master,../repos/sqlitebrowser-master/src/MainWindow.cpp,"(3737, 54)-(3739, 6)","b'[this, tab]() {\n        renameSqlTab(tab);\n    }'"
sqlitebrowser-master,../repos/sqlitebrowser-master/src/MainWindow.cpp,"(3743, 57)-(3769, 6)","b'[this, tab]() {\n        QString tab_name = ui...'"
sqlitebrowser-master,../repos/sqlitebrowser-master/src/MainWindow.cpp,"(3774, 53)-(3776, 6)","b'[this, tab]() {\n        closeSqlTab(tab);\n    }'"
sqlitebrowser-master,../repos/sqlitebrowser-master/src/MainWindow.cpp,"(3868, 59)-(3870, 6)",b'[this]() {\n        newTableBrowserTab();\n    }'
sqlitebrowser-master,../repos/sqlitebrowser-master/src/MainWindow.cpp,"(3871, 70)-(3873, 6)",b'[this]() {\n       isProjectModified = true;\n    }'
sqlitebrowser-master,../repos/sqlitebrowser-master/src/MainWindow.cpp,"(3880, 70)-(3882, 6)",b'[this](const QString& file) {\n        fileOpe...'
sqlitebrowser-master,../repos/sqlitebrowser-master/src/MainWindow.cpp,"(3883, 86)-(3885, 6)",b'[this](const QString& message) {\n        ui->...'
sqlitebrowser-master,../repos/sqlitebrowser-master/src/MainWindow.cpp,"(3886, 72)-(3891, 6)","b'[this](const sqlb::ObjectIdentifier& table, c...'"
sqlitebrowser-master,../repos/sqlitebrowser-master/src/MainWindow.cpp,"(3892, 81)-(3895, 6)","b'[this, d](){\n        auto& settings = d->tabl...'"
sqlitebrowser-master,../repos/sqlitebrowser-master/src/PlotDock.cpp,"(84, 52)-(86, 6)",b'[&]() {\n       copy();\n    }'
sqlitebrowser-master,../repos/sqlitebrowser-master/src/PlotDock.cpp,"(91, 53)-(93, 6)",b'[&]() {\n       openPrintDialog();\n    }'
sqlitebrowser-master,../repos/sqlitebrowser-master/src/PlotDock.cpp,"(112, 7)-(116, 6)",b'[=](bool fixed) {\n          m_fixedFormat = f...'
sqlitebrowser-master,../repos/sqlitebrowser-master/src/PlotDock.cpp,"(119, 13)-(122, 6)",b'[=](const QPoint& pos) {\n        // Show menu...'
sqlitebrowser-master,../repos/sqlitebrowser-master/src/RemoteDock.cpp,"(56, 60)-(65, 6)",b'[this](const QString& link) {\n        if(link...'
sqlitebrowser-master,../repos/sqlitebrowser-master/src/RemoteDock.cpp,"(68, 115)-(71, 6)",b'[this](int /*index*/) {\n        remoteCommits...'
sqlitebrowser-master,../repos/sqlitebrowser-master/src/RemoteDock.cpp,"(74, 69)-(85, 6)",b'[this]() {\n        // Fetch last commit of cu...'
sqlitebrowser-master,../repos/sqlitebrowser-master/src/RemoteDock.cpp,"(88, 91)-(93, 6)","b'[this](const QModelIndex& index, const QModel...'"
sqlitebrowser-master,../repos/sqlitebrowser-master/src/RemoteDock.cpp,"(95, 76)-(97, 6)",b'[this]() {\n       fetchDatabase(ui->treeRemot...'
sqlitebrowser-master,../repos/sqlitebrowser-master/src/RemoteDock.cpp,"(101, 90)-(108, 6)","b'[this](const QModelIndex& index, const QModel...'"
sqlitebrowser-master,../repos/sqlitebrowser-master/src/RemoteDock.cpp,"(110, 69)-(112, 6)",b'[this]() {\n       openLocalFile(ui->treeLocal...'
sqlitebrowser-master,../repos/sqlitebrowser-master/src/RemoteDock.cpp,"(113, 66)-(115, 6)",b'[this]() {\n       deleteLocalDatabase(ui->tre...'
sqlitebrowser-master,../repos/sqlitebrowser-master/src/RemoteDock.cpp,"(121, 100)-(126, 6)","b'[this](const QModelIndex& index, const QModel...'"
sqlitebrowser-master,../repos/sqlitebrowser-master/src/RemoteDock.cpp,"(128, 63)-(130, 6)",b'[this]() {\n       fetchCommit(ui->treeDatabas...'
sqlitebrowser-master,../repos/sqlitebrowser-master/src/RemoteDock.cpp,"(131, 66)-(133, 6)",b'[this]() {\n       fetchCommit(ui->treeDatabas...'
sqlitebrowser-master,../repos/sqlitebrowser-master/src/RemoteDock.cpp,"(510, 123)-(529, 6)",b'[this](const QByteArray& reply) {\n        // ...'
sqlitebrowser-master,../repos/sqlitebrowser-master/src/RemoteDock.cpp,"(639, 81)-(671, 6)","b'[commit_id, dbname, local_file, &modified](co...'"
sqlitebrowser-master,../repos/sqlitebrowser-master/src/RemoteModel.cpp,"(135, 107)-(137, 6)",b'[this](const QByteArray& reply) {\n        par...'
sqlitebrowser-master,../repos/sqlitebrowser-master/src/RemoteModel.cpp,"(328, 128)-(330, 6)","b'[this, parent](const QByteArray& reply) {\n   ...'"
sqlitebrowser-master,../repos/sqlitebrowser-master/src/RemoteNetwork.cpp,"(233, 69)-(233, 157)",b'[](const QSslError& error) { return error.err...'
sqlitebrowser-master,../repos/sqlitebrowser-master/src/RemoteNetwork.cpp,"(410, 57)-(413, 10)","b'[this, when_finished, reply]() {\n            ...'"
sqlitebrowser-master,../repos/sqlitebrowser-master/src/RemoteNetwork.cpp,"(415, 56)-(418, 10)","b'[this, reply]() {\n            if(handleReply(...'"
sqlitebrowser-master,../repos/sqlitebrowser-master/src/RemoteNetwork.cpp,"(493, 52)-(496, 6)","b'[this, reply]() {\n        if(handleReply(repl...'"
sqlitebrowser-master,../repos/sqlitebrowser-master/src/RemotePushDialog.cpp,"(40, 101)-(57, 6)",b'[this](const QByteArray& reply) {\n        // ...'
sqlitebrowser-master,../repos/sqlitebrowser-master/src/RemotePushDialog.cpp,"(148, 96)-(173, 6)","b'[this, select_branch](const QByteArray& reply...'"
sqlitebrowser-master,../repos/sqlitebrowser-master/src/RowCache.h,"(122, 28)-(122, 92)","b'[](size_t r, const Segment & s) { return r + ...'"
sqlitebrowser-master,../repos/sqlitebrowser-master/src/RowCache.h,"(206, 39)-(206, 71)",b'[](Segment &s){ s.pos_begin++; }'
sqlitebrowser-master,../repos/sqlitebrowser-master/src/RowCache.h,"(231, 39)-(231, 71)",b'[](Segment &s){ s.pos_begin--; }'
sqlitebrowser-master,../repos/sqlitebrowser-master/src/RowLoader.cpp,"(59, 50)-(66, 6)","b'[this, token]() {\n        auto nrows = countR...'"
sqlitebrowser-master,../repos/sqlitebrowser-master/src/RowLoader.cpp,"(180, 17)-(180, 84)",b'[this](){ return stop_requested || (!current_...'
sqlitebrowser-master,../repos/sqlitebrowser-master/src/RowLoader.cpp,"(191, 21)-(191, 68)",b'[this](){ return stop_requested || next_task; }'
sqlitebrowser-master,../repos/sqlitebrowser-master/src/RunSql.cpp,"(207, 29)-(207, 76)",b'[this](){ return may_continue_with_execution; }'
sqlitebrowser-master,../repos/sqlitebrowser-master/src/RunSql.cpp,"(238, 29)-(238, 76)",b'[this](){ return may_continue_with_execution; }'
sqlitebrowser-master,../repos/sqlitebrowser-master/src/sql/Query.cpp,"(138, 79)-(140, 6)",b'[name](const SelectedColumn& c) {\n        ret...'
sqlitebrowser-master,../repos/sqlitebrowser-master/src/sql/Query.cpp,"(145, 81)-(147, 6)",b'[name](const SelectedColumn& c) {\n        ret...'
sqlitebrowser-master,../repos/sqlitebrowser-master/src/sql/sqlitetypes.cpp,"(13, 57)-(15, 6)",b'[](const std::string& id) {\n        return es...'
sqlitebrowser-master,../repos/sqlitebrowser-master/src/sql/sqlitetypes.cpp,"(21, 67)-(23, 6)","b'[delim](const std::string& so_far, const std:...'"
sqlitebrowser-master,../repos/sqlitebrowser-master/src/sql/sqlitetypes.cpp,"(28, 67)-(30, 6)","b'[delim](const std::string& so_far, const Inde...'"
sqlitebrowser-master,../repos/sqlitebrowser-master/src/sql/sqlitetypes.cpp,"(290, 122)-(290, 189)",b'[](const auto& e) { return std::make_shared<C...'
sqlitebrowser-master,../repos/sqlitebrowser-master/src/sql/sqlitetypes.cpp,"(319, 74)-(319, 116)",b'[](const auto& f) { return f.toString(); }'
sqlitebrowser-master,../repos/sqlitebrowser-master/src/sql/sqlitetypes.cpp,"(326, 74)-(326, 112)",b'[](const auto& f) { return f.name(); }'
sqlitebrowser-master,../repos/sqlitebrowser-master/src/sql/sqlitetypes.cpp,"(337, 84)-(337, 122)",b'[](const auto& e) { return e.name(); }'
sqlitebrowser-master,../repos/sqlitebrowser-master/src/sql/sqlitetypes.cpp,"(416, 75)-(416, 128)","b'[](const auto& e) { return IndexedColumn(e, f...'"
sqlitebrowser-master,../repos/sqlitebrowser-master/src/sql/sqlitetypes.cpp,"(423, 75)-(423, 128)","b'[](const auto& e) { return IndexedColumn(e, f...'"
sqlitebrowser-master,../repos/sqlitebrowser-master/src/sql/sqlitetypes.cpp,"(430, 75)-(430, 113)",b'[](const auto& e) { return e.name(); }'
sqlitebrowser-master,../repos/sqlitebrowser-master/src/sql/sqlitetypes.cpp,"(436, 81)-(436, 143)",b'[constraint](const auto& e) { return e.second...'
sqlitebrowser-master,../repos/sqlitebrowser-master/src/sql/sqlitetypes.cpp,"(443, 71)-(443, 133)",b'[constraint](const auto& e) { return e.second...'
sqlitebrowser-master,../repos/sqlitebrowser-master/src/sql/sqlitetypes.cpp,"(450, 99)-(450, 154)",b'[constraint](const auto& e) { return e == con...'
sqlitebrowser-master,../repos/sqlitebrowser-master/src/sql/sqlitetypes.cpp,"(478, 95)-(478, 136)",b'[key](const auto& c) { return c != key; }'
sqlitebrowser-master,../repos/sqlitebrowser-master/src/sql/sqlitetypes.cpp,"(498, 29)-(519, 6)","b'[key](auto& container, auto& it) {\n        //...'"
sqlitebrowser-master,../repos/sqlitebrowser-master/src/sql/sqlitetypes.cpp,"(504, 95)-(504, 136)",b'[key](const auto& c) { return c != key; }'
sqlitebrowser-master,../repos/sqlitebrowser-master/src/sql/sqlitetypes.cpp,"(534, 35)-(547, 6)","b'[key, to](auto& container, auto& it, const au...'"
sqlitebrowser-master,../repos/sqlitebrowser-master/src/sql/sqlitetypes.cpp,"(540, 97)-(542, 14)",b'[rename](auto c) {\n                return ren...'
sqlitebrowser-master,../repos/sqlitebrowser-master/src/sql/sqlitetypes.cpp,"(552, 50)-(556, 10)","b'[key, to](IndexedColumn c) {\n            if(c...'"
sqlitebrowser-master,../repos/sqlitebrowser-master/src/sql/sqlitetypes.cpp,"(560, 45)-(560, 106)","b'[key, to](const std::string& c) { return c ==...'"
sqlitebrowser-master,../repos/sqlitebrowser-master/src/sql/sqlitetypes.cpp,"(565, 88)-(565, 142)",b'[](const auto& e) { return e.second->isPrimar...'
sqlitebrowser-master,../repos/sqlitebrowser-master/src/sql/sqlitetypes.cpp,"(573, 88)-(573, 142)",b'[](const auto& e) { return e.second->isPrimar...'
sqlitebrowser-master,../repos/sqlitebrowser-master/src/sql/sqlitetypes.cpp,"(581, 78)-(581, 133)",b'[columns](const auto& e) { return e.first == ...'
sqlitebrowser-master,../repos/sqlitebrowser-master/src/sql/sqlitetypes.cpp,"(614, 74)-(614, 116)",b'[](const auto& c) { return c.toString(); }'
sqlitebrowser-master,../repos/sqlitebrowser-master/src/sql/sqlitetypes.h,"(31, 63)-(33, 6)","b'[](unsigned char c1, unsigned char c2) {\n    ...'"
sqlitebrowser-master,../repos/sqlitebrowser-master/src/sql/sqlitetypes.h,"(564, 71)-(566, 6)",b'[&name](const typename T::field_type& f) {\n  ...'
sqlitebrowser-master,../repos/sqlitebrowser-master/src/SqlExecutionArea.cpp,"(38, 63)-(40, 6)",b'[this]() {\n        ui->editEditor->setFocus()...'
sqlitebrowser-master,../repos/sqlitebrowser-master/src/SqlExecutionArea.cpp,"(43, 64)-(45, 6)",b'[this]() {\n        ui->tableResult->setFocus(...'
sqlitebrowser-master,../repos/sqlitebrowser-master/src/SqlExecutionArea.cpp,"(56, 61)-(58, 10)","b'[this]() {\n            Settings::setValue(""ed...'"
sqlitebrowser-master,../repos/sqlitebrowser-master/src/SqlExecutionArea.cpp,"(59, 62)-(61, 10)","b'[this]() {\n            Settings::setValue(""ed...'"
sqlitebrowser-master,../repos/sqlitebrowser-master/src/sqlitedb.cpp,"(95, 57)-(98, 6)",b'[](void* ptr) {\n        char* cptr = static_c...'
sqlitebrowser-master,../repos/sqlitebrowser-master/src/sqlitedb.cpp,"(147, 74)-(149, 6)","b'[pattern](const std::pair<QString, QRegularEx...'"
sqlitebrowser-master,../repos/sqlitebrowser-master/src/sqlitedb.cpp,"(847, 21)-(847, 49)",b'[this](){ return !db_used; }'
sqlitebrowser-master,../repos/sqlitebrowser-master/src/sqlitedb.cpp,"(1009, 32)-(1033, 14)","b'[&stream, &tablesToDump, keepOldSchema, keepO...'"
sqlitebrowser-master,../repos/sqlitebrowser-master/src/sqlitedb.cpp,"(1036, 105)-(1036, 153)",b'[](const auto& t) { return t.second->isView(); }'
sqlitebrowser-master,../repos/sqlitebrowser-master/src/sqlitedb.cpp,"(1464, 85)-(1464, 161)",b'[](const auto& rowid) { return sqlb::escapeBy...'
sqlitebrowser-master,../repos/sqlitebrowser-master/src/sqlitedb.cpp,"(1701, 68)-(1703, 10)","b'[&field](const std::pair<QString, QString>& p...'"
sqlitebrowser-master,../repos/sqlitebrowser-master/src/sqlitedb.cpp,"(1823, 31)-(1871, 6)","b'[old_table, track_columns, &otherObjectsSql, ...'"
sqlitebrowser-master,../repos/sqlitebrowser-master/src/sqlitedb.cpp,"(1984, 58)-(2057, 6)","b'[this](int, std::vector<QByteArray> db_values...'"
sqlitebrowser-master,../repos/sqlitebrowser-master/src/sqlitedb.cpp,"(1999, 48)-(2051, 10)","b'[this, schema_name, &object_map](int, std::ve...'"
sqlitebrowser-master,../repos/sqlitebrowser-master/src/sqlitetablemodel.cpp,"(34, 9)-(34, 81)","b'[this, force_wait](){ return m_db.get(tr(""rea...'"
sqlitebrowser-master,../repos/sqlitebrowser-master/src/sqlitetablemodel.cpp,"(35, 9)-(35, 71)",b'[this](QString stmt){ return m_db.logSQL(stmt...'
sqlitebrowser-master,../repos/sqlitebrowser-master/src/sqlitetablemodel.cpp,"(781, 86)-(783, 10)",b'[condFormat](const CondFormat& format) {\n    ...'
sqlitebrowser-master,../repos/sqlitebrowser-master/src/TableBrowser.cpp,"(74, 64)-(76, 6)",b'[this]() {\n        ui->dataTable->selectColum...'
sqlitebrowser-master,../repos/sqlitebrowser-master/src/TableBrowser.cpp,"(77, 65)-(82, 6)",b'[this](bool checked) {\n        if(checked)\n  ...'
sqlitebrowser-master,../repos/sqlitebrowser-master/src/TableBrowser.cpp,"(86, 63)-(89, 6)",b'[this]() {\n        int currentRow = ui->dataT...'
sqlitebrowser-master,../repos/sqlitebrowser-master/src/TableBrowser.cpp,"(92, 69)-(105, 6)",b'[this](bool next) {\n        int index = ui->c...'
sqlitebrowser-master,../repos/sqlitebrowser-master/src/TableBrowser.cpp,"(118, 85)-(120, 6)",b'[this]() {\n        emit prepareForFilter();\n    }'
sqlitebrowser-master,../repos/sqlitebrowser-master/src/TableBrowser.cpp,"(128, 73)-(130, 6)",b'[this]() {\n        emit prepareForFilter();\n    }'
sqlitebrowser-master,../repos/sqlitebrowser-master/src/TableBrowser.cpp,"(131, 78)-(155, 6)",b'[this](const QString& value) {\n        // Spl...'
sqlitebrowser-master,../repos/sqlitebrowser-master/src/TableBrowser.cpp,"(169, 75)-(176, 6)","b'[this](const sqlb::ObjectIdentifier& table, c...'"
sqlitebrowser-master,../repos/sqlitebrowser-master/src/TableBrowser.cpp,"(178, 59)-(180, 6)",b'[this]() {\n        emit newDockRequested();\n    }'
sqlitebrowser-master,../repos/sqlitebrowser-master/src/TableBrowser.cpp,"(181, 59)-(184, 6)",b'[this]() {\n        db->updateSchema();\n      ...'
sqlitebrowser-master,../repos/sqlitebrowser-master/src/TableBrowser.cpp,"(185, 73)-(187, 6)",b'[this](const QFont &font) {\n        modifyFor...'
sqlitebrowser-master,../repos/sqlitebrowser-master/src/TableBrowser.cpp,"(186, 22)-(186, 89)",b'[font](CondFormat& format) { format.setFontFa...'
sqlitebrowser-master,../repos/sqlitebrowser-master/src/TableBrowser.cpp,"(189, 9)-(191, 6)",b'[this](int pointSize) {\n        modifyFormat(...'
sqlitebrowser-master,../repos/sqlitebrowser-master/src/TableBrowser.cpp,"(190, 22)-(190, 93)",b'[pointSize](CondFormat& format) { format.setF...'
sqlitebrowser-master,../repos/sqlitebrowser-master/src/TableBrowser.cpp,"(193, 61)-(197, 6)",b'[this]() {\n        QColor color = QColorDialo...'
sqlitebrowser-master,../repos/sqlitebrowser-master/src/TableBrowser.cpp,"(196, 26)-(196, 91)",b'[color](CondFormat& format) { format.setForeg...'
sqlitebrowser-master,../repos/sqlitebrowser-master/src/TableBrowser.cpp,"(198, 67)-(202, 6)",b'[this]() {\n        QColor color = QColorDialo...'
sqlitebrowser-master,../repos/sqlitebrowser-master/src/TableBrowser.cpp,"(201, 26)-(201, 91)",b'[color](CondFormat& format) { format.setBackg...'
sqlitebrowser-master,../repos/sqlitebrowser-master/src/TableBrowser.cpp,"(204, 54)-(206, 6)",b'[this](bool checked) {\n        modifyFormat([...'
sqlitebrowser-master,../repos/sqlitebrowser-master/src/TableBrowser.cpp,"(205, 22)-(205, 80)",b'[checked](CondFormat& format) { format.setBol...'
sqlitebrowser-master,../repos/sqlitebrowser-master/src/TableBrowser.cpp,"(207, 56)-(209, 6)",b'[this](bool checked) {\n        modifyFormat([...'
sqlitebrowser-master,../repos/sqlitebrowser-master/src/TableBrowser.cpp,"(208, 22)-(208, 82)",b'[checked](CondFormat& format) { format.setIta...'
sqlitebrowser-master,../repos/sqlitebrowser-master/src/TableBrowser.cpp,"(210, 59)-(212, 6)",b'[this](bool checked) {\n        modifyFormat([...'
sqlitebrowser-master,../repos/sqlitebrowser-master/src/TableBrowser.cpp,"(211, 22)-(211, 85)",b'[checked](CondFormat& format) { format.setUnd...'
sqlitebrowser-master,../repos/sqlitebrowser-master/src/TableBrowser.cpp,"(214, 61)-(220, 6)",b'[this]() {\n        ui->actionLeftAlign->setCh...'
sqlitebrowser-master,../repos/sqlitebrowser-master/src/TableBrowser.cpp,"(219, 22)-(219, 92)",b'[](CondFormat& format) { format.setAlignment(...'
sqlitebrowser-master,../repos/sqlitebrowser-master/src/TableBrowser.cpp,"(221, 62)-(227, 6)",b'[this]() {\n        ui->actionLeftAlign->setCh...'
sqlitebrowser-master,../repos/sqlitebrowser-master/src/TableBrowser.cpp,"(226, 22)-(226, 93)",b'[](CondFormat& format) { format.setAlignment(...'
sqlitebrowser-master,../repos/sqlitebrowser-master/src/TableBrowser.cpp,"(228, 58)-(234, 6)",b'[this]() {\n        ui->actionLeftAlign->setCh...'
sqlitebrowser-master,../repos/sqlitebrowser-master/src/TableBrowser.cpp,"(233, 22)-(233, 94)",b'[](CondFormat& format) { format.setAlignment(...'
sqlitebrowser-master,../repos/sqlitebrowser-master/src/TableBrowser.cpp,"(235, 59)-(241, 6)",b'[this]() {\n        ui->actionLeftAlign->setCh...'
sqlitebrowser-master,../repos/sqlitebrowser-master/src/TableBrowser.cpp,"(240, 22)-(240, 95)",b'[](CondFormat& format) { format.setAlignment(...'
sqlitebrowser-master,../repos/sqlitebrowser-master/src/TableBrowser.cpp,"(243, 67)-(243, 142)",b'[this]() { editCondFormats(static_cast<size_t...'
sqlitebrowser-master,../repos/sqlitebrowser-master/src/TableBrowser.cpp,"(244, 63)-(250, 6)",b'[this]() {\n        for (const size_t column :...'
sqlitebrowser-master,../repos/sqlitebrowser-master/src/TableBrowser.cpp,"(252, 77)-(295, 6)","b'[this](const QModelIndex &current, const QMod...'"
sqlitebrowser-master,../repos/sqlitebrowser-master/src/TableBrowser.cpp,"(309, 56)-(319, 6)",b'[this](bool checked) {\n       if(checked)\n   ...'
sqlitebrowser-master,../repos/sqlitebrowser-master/src/TableBrowser.cpp,"(323, 59)-(333, 6)",b'[this](bool checked) {\n       if(checked)\n   ...'
sqlitebrowser-master,../repos/sqlitebrowser-master/src/TableBrowser.cpp,"(336, 68)-(341, 6)",b'[this]() {\n        // When the text has chang...'
sqlitebrowser-master,../repos/sqlitebrowser-master/src/TableBrowser.cpp,"(342, 63)-(347, 6)",b'[this](){\n        ui->dataTable->setFocus();\n...'
sqlitebrowser-master,../repos/sqlitebrowser-master/src/TableBrowser.cpp,"(348, 66)-(350, 6)",b'[this](){\n        find(ui->editFindExpression...'
sqlitebrowser-master,../repos/sqlitebrowser-master/src/TableBrowser.cpp,"(351, 62)-(353, 6)",b'[this](){\n        find(ui->editFindExpression...'
sqlitebrowser-master,../repos/sqlitebrowser-master/src/TableBrowser.cpp,"(354, 65)-(356, 6)",b'[this](){\n        find(ui->editFindExpression...'
sqlitebrowser-master,../repos/sqlitebrowser-master/src/TableBrowser.cpp,"(357, 64)-(359, 6)",b'[this](){\n        find(ui->editFindExpression...'
sqlitebrowser-master,../repos/sqlitebrowser-master/src/TableBrowser.cpp,"(362, 64)-(382, 6)",b'[this](){\n        // Restore cursor because i...'
sqlitebrowser-master,../repos/sqlitebrowser-master/src/TableBrowser.cpp,"(385, 70)-(387, 6)",b'[this](){\n        ui->editGlobalFilter->setFo...'
sqlitebrowser-master,../repos/sqlitebrowser-master/src/TableBrowser.cpp,"(510, 96)-(536, 10)","b'[this](const QItemSelection&, const QItemSele...'"
sqlitebrowser-master,../repos/sqlitebrowser-master/src/TableBrowser.cpp,"(662, 81)-(664, 14)",b'[&](const CondFormat& format) {\n            r...'
sqlitebrowser-master,../repos/sqlitebrowser-master/src/TableBrowser.cpp,"(688, 60)-(690, 10)",b'[&filter](const CondFormat& format) {\n       ...'
sqlitebrowser-master,../repos/sqlitebrowser-master/src/TableBrowser.cpp,"(1287, 52)-(1290, 10)","b'[rowList, this]() {\n            for (const QM...'"
sqlitebrowser-master,../repos/sqlitebrowser-master/src/TableBrowser.cpp,"(1295, 64)-(1297, 10)",b'[&]() {\n            deleteRecord();\n        }'
sqlitebrowser-master,../repos/sqlitebrowser-master/src/TableBrowser.cpp,"(1308, 61)-(1311, 6)",b'[&](bool checked) {\n        m_adjustRows = ch...'
sqlitebrowser-master,../repos/sqlitebrowser-master/src/TableBrowserDock.cpp,"(31, 64)-(35, 6)",b'[this](const sqlb::ObjectIdentifier& table) {...'
sqlitebrowser-master,../repos/sqlitebrowser-master/src/TableBrowserDock.cpp,"(77, 54)-(79, 6)",b'[this]() {\n        renameTableBrowserTab();\n    }'
sqlitebrowser-master,../repos/sqlitebrowser-master/src/TableBrowserDock.cpp,"(83, 53)-(85, 6)",b'[this]() {\n        deleteLater();\n    }'
sqlitebrowser-master,../repos/sqlitebrowser-master/src/tests/TestImport.cpp,"(49, 21)-(57, 6)","b'[&parsedCsv, &parsedCsvColumns](size_t /*rowN...'"
sqlitebrowser-master,../repos/sqlitebrowser-master/src/tests/TestRowCache.cpp,"(162, 17)-(166, 6)","b'[&](size_t begin, size_t end) {\n        P p{ ...'"
