Repo name,File name,Location,Content
sqlitebrowser-master,../repos/sqlitebrowser-master/libs/json/json.hpp,"(205, 37)-(205, 39)",b'a##b'
sqlitebrowser-master,../repos/sqlitebrowser-master/libs/json/json.hpp,"(215, 40)-(215, 42)",b'a##b##c'
sqlitebrowser-master,../repos/sqlitebrowser-master/libs/json/json.hpp,"(215, 43)-(215, 45)",b'a##b##c'
sqlitebrowser-master,../repos/sqlitebrowser-master/libs/json/json.hpp,"(2592, 279)-(2592, 281)",b'namespace detail {                           ...'
sqlitebrowser-master,../repos/sqlitebrowser-master/libs/json/json.hpp,"(2592, 536)-(2592, 538)",b'namespace detail {                           ...'
sqlitebrowser-master,../repos/sqlitebrowser-master/libs/json/json.hpp,"(2592, 871)-(2592, 873)",b'namespace detail {                           ...'
sqlitebrowser-master,../repos/sqlitebrowser-master/libs/json/json.hpp,"(2592, 1053)-(2592, 1055)",b'namespace detail {                           ...'
sqlitebrowser-master,../repos/sqlitebrowser-master/libs/json/json.hpp,"(2592, 1233)-(2592, 1235)",b'namespace detail {                           ...'
sqlitebrowser-master,../repos/sqlitebrowser-master/libs/json/json.hpp,"(2592, 1529)-(2592, 1531)",b'namespace detail {                           ...'
sqlitebrowser-master,../repos/sqlitebrowser-master/libs/json/json.hpp,"(2592, 1547)-(2592, 1549)",b'namespace detail {                           ...'
sqlitebrowser-master,../repos/sqlitebrowser-master/libs/json/json.hpp,"(2619, 64)-(2619, 66)",b': detail2::would_call_std_##std_name<T...>   ...'
sqlitebrowser-master,../repos/sqlitebrowser-master/src/sql/parser/sqlite3_lexer.cpp,"(1246, 86)-(1246, 88)",b'sqlb::parser::parser::symbol_type(sqlb::parse...'
