Repo name,File name,Location,Content
sqlitebrowser-master,../repos/sqlitebrowser-master/libs/json/json.hpp,"(49, 10)-(49, 18)",b'#include <vector> // vector\n'
sqlitebrowser-master,../repos/sqlitebrowser-master/libs/json/json.hpp,"(61, 10)-(61, 17)",b'#include <array> // array\n'
sqlitebrowser-master,../repos/sqlitebrowser-master/libs/json/json.hpp,"(62, 10)-(62, 24)",b'#include <forward_list> // forward_list\n'
sqlitebrowser-master,../repos/sqlitebrowser-master/libs/json/json.hpp,"(64, 10)-(64, 15)",b'#include <map> // map\n'
sqlitebrowser-master,../repos/sqlitebrowser-master/libs/json/json.hpp,"(68, 10)-(68, 25)",b'#include <unordered_map> // unordered_map\n'
sqlitebrowser-master,../repos/sqlitebrowser-master/libs/json/json.hpp,"(78, 10)-(78, 18)",b'#include <vector> // vector\n'
sqlitebrowser-master,../repos/sqlitebrowser-master/libs/json/json.hpp,"(83, 10)-(83, 17)",b'#include <array> // array\n'
sqlitebrowser-master,../repos/sqlitebrowser-master/libs/json/json.hpp,"(3415, 10)-(3415, 15)",b'#include <map> // map\n'
sqlitebrowser-master,../repos/sqlitebrowser-master/libs/json/json.hpp,"(3418, 10)-(3418, 18)",b'#include <vector> // vector\n'
sqlitebrowser-master,../repos/sqlitebrowser-master/libs/json/json.hpp,"(4425, 10)-(4425, 18)",b'#include <vector> // vector\n'
sqlitebrowser-master,../repos/sqlitebrowser-master/libs/json/json.hpp,"(5409, 10)-(5409, 17)",b'#include <array> // array\n'
sqlitebrowser-master,../repos/sqlitebrowser-master/libs/json/json.hpp,"(5419, 10)-(5419, 18)",b'#include <vector> // vector\n'
sqlitebrowser-master,../repos/sqlitebrowser-master/libs/json/json.hpp,"(5426, 10)-(5426, 17)",b'#include <array> // array\n'
sqlitebrowser-master,../repos/sqlitebrowser-master/libs/json/json.hpp,"(5916, 10)-(5916, 18)",b'#include <vector> // vector\n'
sqlitebrowser-master,../repos/sqlitebrowser-master/libs/json/json.hpp,"(6628, 10)-(6628, 17)",b'#include <array> // array\n'
sqlitebrowser-master,../repos/sqlitebrowser-master/libs/json/json.hpp,"(6636, 10)-(6636, 18)",b'#include <vector> // vector\n'
sqlitebrowser-master,../repos/sqlitebrowser-master/libs/json/json.hpp,"(10926, 10)-(10926, 18)",b'#include <vector> // vector\n'
sqlitebrowser-master,../repos/sqlitebrowser-master/libs/json/json.hpp,"(12460, 10)-(12460, 18)",b'#include <vector> // vector\n'
sqlitebrowser-master,../repos/sqlitebrowser-master/libs/json/json.hpp,"(13529, 10)-(13529, 17)",b'#include <array> // array\n'
sqlitebrowser-master,../repos/sqlitebrowser-master/libs/json/json.hpp,"(13549, 10)-(13549, 18)",b'#include <vector> // vector\n'
sqlitebrowser-master,../repos/sqlitebrowser-master/libs/json/json.hpp,"(15310, 10)-(15310, 17)",b'#include <array> // array\n'
sqlitebrowser-master,../repos/sqlitebrowser-master/libs/json/json.hpp,"(15324, 10)-(15324, 17)",b'#include <array> // array\n'
sqlitebrowser-master,../repos/sqlitebrowser-master/libs/json/json.hpp,"(17396, 10)-(17396, 18)",b'#include <vector> // vector\n'
sqlitebrowser-master,../repos/sqlitebrowser-master/libs/qscintilla/lexers/LexHTML.cpp,"(15, 10)-(15, 15)",b'#include <map>\n'
sqlitebrowser-master,../repos/sqlitebrowser-master/libs/qscintilla/lexers/LexHTML.cpp,"(16, 10)-(16, 15)",b'#include <set>\n'
sqlitebrowser-master,../repos/sqlitebrowser-master/libs/qscintilla/lexers/LexJSON.cpp,"(18, 10)-(18, 18)",b'#include <vector>\n'
sqlitebrowser-master,../repos/sqlitebrowser-master/libs/qscintilla/lexers/LexJSON.cpp,"(19, 10)-(19, 15)",b'#include <map>\n'
sqlitebrowser-master,../repos/sqlitebrowser-master/libs/qscintilla/lexers/LexSQL.cpp,"(18, 10)-(18, 18)",b'#include <vector>\n'
sqlitebrowser-master,../repos/sqlitebrowser-master/libs/qscintilla/lexers/LexSQL.cpp,"(19, 10)-(19, 15)",b'#include <map>\n'
sqlitebrowser-master,../repos/sqlitebrowser-master/libs/qscintilla/lexlib/PropSetSimple.cpp,"(14, 10)-(14, 15)",b'#include <map>\n'
sqlitebrowser-master,../repos/sqlitebrowser-master/libs/qscintilla/Qt4Qt5/ScintillaQt.h,"(39, 10)-(39, 15)",b'#include <map>\n'
sqlitebrowser-master,../repos/sqlitebrowser-master/libs/qscintilla/Qt4Qt5/ScintillaQt.h,"(40, 10)-(40, 18)",b'#include <vector>\n'
sqlitebrowser-master,../repos/sqlitebrowser-master/libs/qscintilla/src/AutoComplete.cpp,"(16, 10)-(16, 18)",b'#include <vector>\n'
sqlitebrowser-master,../repos/sqlitebrowser-master/libs/qscintilla/src/CallTip.cpp,"(16, 10)-(16, 18)",b'#include <vector>\n'
sqlitebrowser-master,../repos/sqlitebrowser-master/libs/qscintilla/src/CaseConvert.cpp,"(15, 10)-(15, 18)",b'#include <vector>\n'
sqlitebrowser-master,../repos/sqlitebrowser-master/libs/qscintilla/src/CaseFolder.cpp,"(9, 10)-(9, 18)",b'#include <vector>\n'
sqlitebrowser-master,../repos/sqlitebrowser-master/libs/qscintilla/src/Catalogue.cpp,"(15, 10)-(15, 18)",b'#include <vector>\n'
sqlitebrowser-master,../repos/sqlitebrowser-master/libs/qscintilla/src/CellBuffer.cpp,"(17, 10)-(17, 18)",b'#include <vector>\n'
sqlitebrowser-master,../repos/sqlitebrowser-master/libs/qscintilla/src/ContractionState.cpp,"(13, 10)-(13, 18)",b'#include <vector>\n'
sqlitebrowser-master,../repos/sqlitebrowser-master/libs/qscintilla/src/Decoration.cpp,"(14, 10)-(14, 18)",b'#include <vector>\n'
sqlitebrowser-master,../repos/sqlitebrowser-master/libs/qscintilla/src/Document.cpp,"(17, 10)-(17, 18)",b'#include <vector>\n'
sqlitebrowser-master,../repos/sqlitebrowser-master/libs/qscintilla/src/Document.cpp,"(18, 10)-(18, 24)",b'#include <forward_list>\n'
sqlitebrowser-master,../repos/sqlitebrowser-master/libs/qscintilla/src/EditModel.cpp,"(16, 10)-(16, 18)",b'#include <vector>\n'
sqlitebrowser-master,../repos/sqlitebrowser-master/libs/qscintilla/src/EditModel.cpp,"(17, 10)-(17, 15)",b'#include <map>\n'
sqlitebrowser-master,../repos/sqlitebrowser-master/libs/qscintilla/src/Editor.cpp,"(18, 10)-(18, 18)",b'#include <vector>\n'
sqlitebrowser-master,../repos/sqlitebrowser-master/libs/qscintilla/src/Editor.cpp,"(19, 10)-(19, 15)",b'#include <map>\n'
sqlitebrowser-master,../repos/sqlitebrowser-master/libs/qscintilla/src/Editor.cpp,"(20, 10)-(20, 24)",b'#include <forward_list>\n'
sqlitebrowser-master,../repos/sqlitebrowser-master/libs/qscintilla/src/EditView.cpp,"(18, 10)-(18, 18)",b'#include <vector>\n'
sqlitebrowser-master,../repos/sqlitebrowser-master/libs/qscintilla/src/EditView.cpp,"(19, 10)-(19, 15)",b'#include <map>\n'
sqlitebrowser-master,../repos/sqlitebrowser-master/libs/qscintilla/src/EditView.cpp,"(20, 10)-(20, 24)",b'#include <forward_list>\n'
sqlitebrowser-master,../repos/sqlitebrowser-master/libs/qscintilla/src/ExternalLexer.cpp,"(14, 10)-(14, 18)",b'#include <vector>\n'
sqlitebrowser-master,../repos/sqlitebrowser-master/libs/qscintilla/src/Indicator.cpp,"(11, 10)-(11, 18)",b'#include <vector>\n'
sqlitebrowser-master,../repos/sqlitebrowser-master/libs/qscintilla/src/Indicator.cpp,"(12, 10)-(12, 15)",b'#include <map>\n'
sqlitebrowser-master,../repos/sqlitebrowser-master/libs/qscintilla/src/KeyMap.cpp,"(11, 10)-(11, 18)",b'#include <vector>\n'
sqlitebrowser-master,../repos/sqlitebrowser-master/libs/qscintilla/src/KeyMap.cpp,"(12, 10)-(12, 15)",b'#include <map>\n'
sqlitebrowser-master,../repos/sqlitebrowser-master/libs/qscintilla/src/LineMarker.cpp,"(12, 10)-(12, 18)",b'#include <vector>\n'
sqlitebrowser-master,../repos/sqlitebrowser-master/libs/qscintilla/src/LineMarker.cpp,"(13, 10)-(13, 15)",b'#include <map>\n'
sqlitebrowser-master,../repos/sqlitebrowser-master/libs/qscintilla/src/MarginView.cpp,"(18, 10)-(18, 18)",b'#include <vector>\n'
sqlitebrowser-master,../repos/sqlitebrowser-master/libs/qscintilla/src/MarginView.cpp,"(19, 10)-(19, 15)",b'#include <map>\n'
sqlitebrowser-master,../repos/sqlitebrowser-master/libs/qscintilla/src/PerLine.cpp,"(13, 10)-(13, 18)",b'#include <vector>\n'
sqlitebrowser-master,../repos/sqlitebrowser-master/libs/qscintilla/src/PerLine.cpp,"(14, 10)-(14, 24)",b'#include <forward_list>\n'
sqlitebrowser-master,../repos/sqlitebrowser-master/libs/qscintilla/src/PositionCache.cpp,"(15, 10)-(15, 18)",b'#include <vector>\n'
sqlitebrowser-master,../repos/sqlitebrowser-master/libs/qscintilla/src/PositionCache.cpp,"(16, 10)-(16, 15)",b'#include <map>\n'
sqlitebrowser-master,../repos/sqlitebrowser-master/libs/qscintilla/src/RunStyles.cpp,"(16, 10)-(16, 18)",b'#include <vector>\n'
sqlitebrowser-master,../repos/sqlitebrowser-master/libs/qscintilla/src/ScintillaBase.cpp,"(15, 10)-(15, 18)",b'#include <vector>\n'
sqlitebrowser-master,../repos/sqlitebrowser-master/libs/qscintilla/src/ScintillaBase.cpp,"(16, 10)-(16, 15)",b'#include <map>\n'
sqlitebrowser-master,../repos/sqlitebrowser-master/libs/qscintilla/src/Selection.cpp,"(12, 10)-(12, 18)",b'#include <vector>\n'
sqlitebrowser-master,../repos/sqlitebrowser-master/libs/qscintilla/src/Style.cpp,"(9, 10)-(9, 18)",b'#include <vector>\n'
sqlitebrowser-master,../repos/sqlitebrowser-master/libs/qscintilla/src/ViewStyle.cpp,"(13, 10)-(13, 18)",b'#include <vector>\n'
sqlitebrowser-master,../repos/sqlitebrowser-master/libs/qscintilla/src/ViewStyle.cpp,"(14, 10)-(14, 15)",b'#include <map>\n'
sqlitebrowser-master,../repos/sqlitebrowser-master/libs/qscintilla/src/XPM.cpp,"(12, 10)-(12, 18)",b'#include <vector>\n'
sqlitebrowser-master,../repos/sqlitebrowser-master/libs/qscintilla/src/XPM.cpp,"(13, 10)-(13, 15)",b'#include <map>\n'
sqlitebrowser-master,../repos/sqlitebrowser-master/src/ColumnDisplayFormatDialog.h,"(6, 10)-(6, 25)",b'#include <unordered_map>\n'
sqlitebrowser-master,../repos/sqlitebrowser-master/src/CondFormatManager.h,"(5, 10)-(5, 18)",b'#include <vector>\n'
sqlitebrowser-master,../repos/sqlitebrowser-master/src/EditTableDialog.h,"(7, 10)-(7, 15)",b'#include <map>\n'
sqlitebrowser-master,../repos/sqlitebrowser-master/src/ExtendedTableWidget.h,"(7, 10)-(7, 25)",b'#include <unordered_set>\n'
sqlitebrowser-master,../repos/sqlitebrowser-master/src/ExtendedTableWidget.h,"(8, 10)-(8, 15)",b'#include <set>\n'
sqlitebrowser-master,../repos/sqlitebrowser-master/src/FileExtensionManager.cpp,"(4, 10)-(4, 15)",b'#include <set>\n'
sqlitebrowser-master,../repos/sqlitebrowser-master/src/FilterLineEdit.h,"(5, 10)-(5, 18)",b'#include <vector>\n'
sqlitebrowser-master,../repos/sqlitebrowser-master/src/FilterTableHeader.h,"(5, 10)-(5, 18)",b'#include <vector>\n'
sqlitebrowser-master,../repos/sqlitebrowser-master/src/ForeignKeyEditorDelegate.h,"(5, 10)-(5, 15)",b'#include <map>\n'
sqlitebrowser-master,../repos/sqlitebrowser-master/src/ForeignKeyEditorDelegate.h,"(6, 10)-(6, 18)",b'#include <vector>\n'
sqlitebrowser-master,../repos/sqlitebrowser-master/src/IconCache.h,"(7, 10)-(7, 25)",b'#include <unordered_map>\n'
sqlitebrowser-master,../repos/sqlitebrowser-master/src/MainWindow.h,"(8, 10)-(8, 18)",b'#include <vector>\n'
sqlitebrowser-master,../repos/sqlitebrowser-master/src/PlotDock.h,"(9, 10)-(9, 18)",b'#include <vector>\n'
sqlitebrowser-master,../repos/sqlitebrowser-master/src/RemoteNetwork.h,"(8, 10)-(8, 15)",b'#include <map>\n'
sqlitebrowser-master,../repos/sqlitebrowser-master/src/RowCache.h,"(4, 10)-(4, 18)",b'#include <vector>\n'
sqlitebrowser-master,../repos/sqlitebrowser-master/src/RowLoader.h,"(10, 10)-(10, 18)",b'#include <vector>\n'
sqlitebrowser-master,../repos/sqlitebrowser-master/src/SelectItemsPopup.h,"(8, 10)-(8, 18)",b'#include <vector>\n'
sqlitebrowser-master,../repos/sqlitebrowser-master/src/Settings.h,"(4, 10)-(4, 25)",b'#include <unordered_map>\n'
sqlitebrowser-master,../repos/sqlitebrowser-master/src/sql/parser/sqlite3_parser.hpp,"(73, 11)-(73, 19)",b'# include <vector>\n'
sqlitebrowser-master,../repos/sqlitebrowser-master/src/sql/Query.h,"(7, 10)-(7, 25)",b'#include <unordered_map>\n'
sqlitebrowser-master,../repos/sqlitebrowser-master/src/sql/Query.h,"(8, 10)-(8, 18)",b'#include <vector>\n'
sqlitebrowser-master,../repos/sqlitebrowser-master/src/sql/sqlitetypes.h,"(8, 10)-(8, 15)",b'#include <map>\n'
sqlitebrowser-master,../repos/sqlitebrowser-master/src/sql/sqlitetypes.h,"(10, 10)-(10, 15)",b'#include <set>\n'
sqlitebrowser-master,../repos/sqlitebrowser-master/src/sql/sqlitetypes.h,"(12, 10)-(12, 18)",b'#include <vector>\n'
sqlitebrowser-master,../repos/sqlitebrowser-master/src/sqlitedb.cpp,"(22, 10)-(22, 17)",b'#include <array>\n'
sqlitebrowser-master,../repos/sqlitebrowser-master/src/sqlitedb.h,"(11, 10)-(11, 18)",b'#include <vector>\n'
sqlitebrowser-master,../repos/sqlitebrowser-master/src/sqlitedb.h,"(12, 10)-(12, 15)",b'#include <map>\n'
sqlitebrowser-master,../repos/sqlitebrowser-master/src/sqlitetablemodel.h,"(8, 10)-(8, 15)",b'#include <map>\n'
sqlitebrowser-master,../repos/sqlitebrowser-master/src/sqlitetablemodel.h,"(11, 10)-(11, 18)",b'#include <vector>\n'
sqlitebrowser-master,../repos/sqlitebrowser-master/src/SqlUiLexer.h,"(6, 10)-(6, 15)",b'#include <map>\n'
sqlitebrowser-master,../repos/sqlitebrowser-master/src/TableBrowser.h,"(12, 10)-(12, 15)",b'#include <map>\n'
sqlitebrowser-master,../repos/sqlitebrowser-master/src/TableBrowser.h,"(13, 10)-(13, 25)",b'#include <unordered_set>\n'
sqlitebrowser-master,../repos/sqlitebrowser-master/src/TableBrowser.h,"(14, 10)-(14, 18)",b'#include <vector>\n'
sqlitebrowser-master,../repos/sqlitebrowser-master/src/tests/TestImport.cpp,"(7, 10)-(7, 18)",b'#include <vector>\n'
