Repo name,File name,Location,Content
sqlitebrowser-master,../repos/sqlitebrowser-master/libs/json/json.hpp,"(88, 1)-(161, 2)",b'namespace nlohmann\n{\nnamespace detail\n{\n/////...'
sqlitebrowser-master,../repos/sqlitebrowser-master/libs/json/json.hpp,"(90, 1)-(160, 2)",b'namespace detail\n{\n//////////////////////////...'
sqlitebrowser-master,../repos/sqlitebrowser-master/libs/json/json.hpp,"(2225, 1)-(2235, 2)",b'namespace nlohmann\n{\nnamespace detail\n{\ntempl...'
sqlitebrowser-master,../repos/sqlitebrowser-master/libs/json/json.hpp,"(2227, 1)-(2234, 2)",b'namespace detail\n{\ntemplate<typename ...Ts> s...'
sqlitebrowser-master,../repos/sqlitebrowser-master/libs/json/json.hpp,"(2239, 1)-(2292, 2)",b'namespace nlohmann\n{\nnamespace detail\n{\nstruc...'
sqlitebrowser-master,../repos/sqlitebrowser-master/libs/json/json.hpp,"(2241, 1)-(2291, 2)",b'namespace detail\n{\nstruct nonesuch\n{\n    none...'
sqlitebrowser-master,../repos/sqlitebrowser-master/libs/json/json.hpp,"(2638, 1)-(2695, 2)",b'namespace nlohmann\n{\nnamespace detail\n{\n\n/*!\n...'
sqlitebrowser-master,../repos/sqlitebrowser-master/libs/json/json.hpp,"(2640, 1)-(2694, 2)",b'namespace detail\n{\n\n/*!\n@brief replace all oc...'
sqlitebrowser-master,../repos/sqlitebrowser-master/libs/json/json.hpp,"(2702, 1)-(2724, 2)",b'namespace nlohmann\n{\nnamespace detail\n{\n/// s...'
sqlitebrowser-master,../repos/sqlitebrowser-master/libs/json/json.hpp,"(2704, 1)-(2723, 2)",b'namespace detail\n{\n/// struct to capture the ...'
sqlitebrowser-master,../repos/sqlitebrowser-master/libs/json/json.hpp,"(2729, 1)-(3145, 2)",b'namespace nlohmann\n{\nnamespace detail\n{\n/////...'
sqlitebrowser-master,../repos/sqlitebrowser-master/libs/json/json.hpp,"(2731, 1)-(3144, 2)",b'namespace detail\n{\n////////////////\n// except...'
sqlitebrowser-master,../repos/sqlitebrowser-master/libs/json/json.hpp,"(3159, 1)-(3304, 2)",b'namespace nlohmann\n{\nnamespace detail\n{\n\ntemp...'
sqlitebrowser-master,../repos/sqlitebrowser-master/libs/json/json.hpp,"(3161, 1)-(3303, 2)",b'namespace detail\n{\n\ntemplate<typename T>\nusin...'
sqlitebrowser-master,../repos/sqlitebrowser-master/libs/json/json.hpp,"(3223, 1)-(3257, 2)",b'namespace utility_internal\n{\n\ntemplate <typen...'
sqlitebrowser-master,../repos/sqlitebrowser-master/libs/json/json.hpp,"(3309, 1)-(3316, 2)",b'namespace nlohmann\n{\nnamespace detail\n{\n// di...'
sqlitebrowser-master,../repos/sqlitebrowser-master/libs/json/json.hpp,"(3311, 1)-(3315, 2)",b'namespace detail\n{\n// dispatching helper stru...'
sqlitebrowser-master,../repos/sqlitebrowser-master/libs/json/json.hpp,"(3339, 1)-(3382, 2)",b'namespace nlohmann\n{\nnamespace detail\n{\ntempl...'
sqlitebrowser-master,../repos/sqlitebrowser-master/libs/json/json.hpp,"(3341, 1)-(3381, 2)","b'namespace detail\n{\ntemplate<typename It, type...'"
sqlitebrowser-master,../repos/sqlitebrowser-master/libs/json/json.hpp,"(3390, 1)-(3393, 2)",b'namespace nlohmann\n{\nNLOHMANN_CAN_CALL_STD_FU...'
sqlitebrowser-master,../repos/sqlitebrowser-master/libs/json/json.hpp,"(3401, 1)-(3404, 2)",b'namespace nlohmann\n{\nNLOHMANN_CAN_CALL_STD_FU...'
sqlitebrowser-master,../repos/sqlitebrowser-master/libs/json/json.hpp,"(3425, 1)-(3486, 2)",b'namespace nlohmann\n{\n/*!\n@brief default JSONS...'
sqlitebrowser-master,../repos/sqlitebrowser-master/libs/json/json.hpp,"(3491, 1)-(3948, 2)",b'namespace nlohmann\n{\n/*!\n@brief detail namesp...'
sqlitebrowser-master,../repos/sqlitebrowser-master/libs/json/json.hpp,"(3501, 1)-(3947, 2)",b'namespace detail\n{\n/////////////\n// helpers /...'
sqlitebrowser-master,../repos/sqlitebrowser-master/libs/json/json.hpp,"(3957, 1)-(4413, 2)",b'namespace nlohmann\n{\nnamespace detail\n{\ntempl...'
sqlitebrowser-master,../repos/sqlitebrowser-master/libs/json/json.hpp,"(3959, 1)-(4404, 2)",b'namespace detail\n{\ntemplate<typename BasicJso...'
sqlitebrowser-master,../repos/sqlitebrowser-master/libs/json/json.hpp,"(4409, 1)-(4412, 2)","b'namespace // NOLINT(cert-dcl59-cpp,fuchsia-he...'"
sqlitebrowser-master,../repos/sqlitebrowser-master/libs/json/json.hpp,"(4443, 1)-(4592, 2)",b'namespace nlohmann\n{\nnamespace detail\n{\ntempl...'
sqlitebrowser-master,../repos/sqlitebrowser-master/libs/json/json.hpp,"(4445, 1)-(4591, 2)",b'namespace detail\n{\ntemplate<typename string_t...'
sqlitebrowser-master,../repos/sqlitebrowser-master/libs/json/json.hpp,"(4598, 1)-(4620, 2)",b'namespace std\n{\n#if defined(__clang__)\n    //...'
sqlitebrowser-master,../repos/sqlitebrowser-master/libs/json/json.hpp,"(4633, 1)-(5031, 2)",b'namespace nlohmann\n{\nnamespace detail\n{\n/////...'
sqlitebrowser-master,../repos/sqlitebrowser-master/libs/json/json.hpp,"(4635, 1)-(5022, 2)",b'namespace detail\n{\n//////////////////\n// cons...'
sqlitebrowser-master,../repos/sqlitebrowser-master/libs/json/json.hpp,"(5027, 1)-(5030, 2)","b'namespace // NOLINT(cert-dcl59-cpp,fuchsia-he...'"
sqlitebrowser-master,../repos/sqlitebrowser-master/libs/json/json.hpp,"(5038, 1)-(5100, 2)",b'namespace nlohmann\n{\n\ntemplate<typename Value...'
sqlitebrowser-master,../repos/sqlitebrowser-master/libs/json/json.hpp,"(5109, 1)-(5271, 2)",b'namespace nlohmann\n{\n\n/*!\n@brief an internal ...'
sqlitebrowser-master,../repos/sqlitebrowser-master/libs/json/json.hpp,"(5291, 1)-(5403, 2)",b'namespace nlohmann\n{\nnamespace detail\n{\n\n// b...'
sqlitebrowser-master,../repos/sqlitebrowser-master/libs/json/json.hpp,"(5293, 1)-(5402, 2)",b'namespace detail\n{\n\n// boost::hash_combine\nin...'
sqlitebrowser-master,../repos/sqlitebrowser-master/libs/json/json.hpp,"(5446, 1)-(5908, 2)",b'namespace nlohmann\n{\nnamespace detail\n{\n/// t...'
sqlitebrowser-master,../repos/sqlitebrowser-master/libs/json/json.hpp,"(5448, 1)-(5907, 2)",b'namespace detail\n{\n/// the supported input fo...'
sqlitebrowser-master,../repos/sqlitebrowser-master/libs/json/json.hpp,"(5807, 1)-(5828, 2)",b'namespace container_input_adapter_factory_imp...'
sqlitebrowser-master,../repos/sqlitebrowser-master/libs/json/json.hpp,"(5923, 1)-(6623, 2)",b'namespace nlohmann\n{\n\n/*!\n@brief SAX interfac...'
sqlitebrowser-master,../repos/sqlitebrowser-master/libs/json/json.hpp,"(6050, 1)-(6621, 2)",b'namespace detail\n{\n/*!\n@brief SAX implementat...'
sqlitebrowser-master,../repos/sqlitebrowser-master/libs/json/json.hpp,"(6645, 1)-(7933, 6)",b'namespace nlohmann\n{\nnamespace detail\n{\n/////...'
sqlitebrowser-master,../repos/sqlitebrowser-master/libs/json/json.hpp,"(6647, 1)-(7931, 10)",b'namespace detail\n{\n///////////\n// lexer //\n//...'
sqlitebrowser-master,../repos/sqlitebrowser-master/libs/json/json.hpp,"(8267, 1)-(8406, 2)",b'namespace nlohmann\n{\nnamespace detail\n{\ntempl...'
sqlitebrowser-master,../repos/sqlitebrowser-master/libs/json/json.hpp,"(8269, 1)-(8405, 2)",b'namespace detail\n{\ntemplate<typename T>\nusing...'
sqlitebrowser-master,../repos/sqlitebrowser-master/libs/json/json.hpp,"(8413, 1)-(10912, 2)",b'namespace nlohmann\n{\nnamespace detail\n{\n\n/// ...'
sqlitebrowser-master,../repos/sqlitebrowser-master/libs/json/json.hpp,"(8415, 1)-(10911, 2)",b'namespace detail\n{\n\n/// how to treat CBOR tag...'
sqlitebrowser-master,../repos/sqlitebrowser-master/libs/json/json.hpp,"(10943, 1)-(11424, 2)",b'namespace nlohmann\n{\nnamespace detail\n{\n/////...'
sqlitebrowser-master,../repos/sqlitebrowser-master/libs/json/json.hpp,"(10945, 1)-(11423, 2)",b'namespace detail\n{\n////////////\n// parser //\n...'
sqlitebrowser-master,../repos/sqlitebrowser-master/libs/json/json.hpp,"(11438, 1)-(11553, 2)",b'namespace nlohmann\n{\nnamespace detail\n{\n/*\n@b...'
sqlitebrowser-master,../repos/sqlitebrowser-master/libs/json/json.hpp,"(11440, 1)-(11552, 2)",b'namespace detail\n{\n/*\n@brief an iterator for ...'
sqlitebrowser-master,../repos/sqlitebrowser-master/libs/json/json.hpp,"(11556, 1)-(11576, 2)",b'namespace nlohmann\n{\nnamespace detail\n{\n/*!\n@...'
sqlitebrowser-master,../repos/sqlitebrowser-master/libs/json/json.hpp,"(11558, 1)-(11575, 2)",b'namespace detail\n{\n/*!\n@brief an iterator val...'
sqlitebrowser-master,../repos/sqlitebrowser-master/libs/json/json.hpp,"(11599, 1)-(12323, 2)",b'namespace nlohmann\n{\nnamespace detail\n{\n// fo...'
sqlitebrowser-master,../repos/sqlitebrowser-master/libs/json/json.hpp,"(11601, 1)-(12322, 2)","b'namespace detail\n{\n// forward declare, to be ...'"
sqlitebrowser-master,../repos/sqlitebrowser-master/libs/json/json.hpp,"(12335, 1)-(12447, 2)",b'namespace nlohmann\n{\nnamespace detail\n{\n/////...'
sqlitebrowser-master,../repos/sqlitebrowser-master/libs/json/json.hpp,"(12337, 1)-(12446, 2)",b'namespace detail\n{\n//////////////////////\n// ...'
sqlitebrowser-master,../repos/sqlitebrowser-master/libs/json/json.hpp,"(12471, 1)-(13367, 6)",b'namespace nlohmann\n{\ntemplate<typename BasicJ...'
sqlitebrowser-master,../repos/sqlitebrowser-master/libs/json/json.hpp,"(13455, 1)-(13515, 2)",b'namespace nlohmann\n{\nnamespace detail\n{\ntempl...'
sqlitebrowser-master,../repos/sqlitebrowser-master/libs/json/json.hpp,"(13457, 1)-(13514, 2)",b'namespace detail\n{\ntemplate<typename BasicJso...'
sqlitebrowser-master,../repos/sqlitebrowser-master/libs/json/json.hpp,"(13559, 1)-(13680, 2)",b'namespace nlohmann\n{\nnamespace detail\n{\n/// a...'
sqlitebrowser-master,../repos/sqlitebrowser-master/libs/json/json.hpp,"(13561, 1)-(13679, 2)",b'namespace detail\n{\n/// abstract output adapte...'
sqlitebrowser-master,../repos/sqlitebrowser-master/libs/json/json.hpp,"(13683, 1)-(15302, 2)",b'namespace nlohmann\n{\nnamespace detail\n{\n/////...'
sqlitebrowser-master,../repos/sqlitebrowser-master/libs/json/json.hpp,"(13685, 1)-(15301, 2)",b'namespace detail\n{\n///////////////////\n// bin...'
sqlitebrowser-master,../repos/sqlitebrowser-master/libs/json/json.hpp,"(15334, 1)-(16431, 2)",b'namespace nlohmann\n{\nnamespace detail\n{\n\n/*!\n...'
sqlitebrowser-master,../repos/sqlitebrowser-master/libs/json/json.hpp,"(15336, 1)-(16429, 2)",b'namespace detail\n{\n\n/*!\n@brief implements the...'
sqlitebrowser-master,../repos/sqlitebrowser-master/libs/json/json.hpp,"(15358, 1)-(16364, 2)",b'namespace dtoa_impl\n{\n\ntemplate<typename Targ...'
sqlitebrowser-master,../repos/sqlitebrowser-master/libs/json/json.hpp,"(16447, 1)-(17054, 6)",b'namespace nlohmann\n{\nnamespace detail\n{\n/////...'
sqlitebrowser-master,../repos/sqlitebrowser-master/libs/json/json.hpp,"(16449, 1)-(17053, 10)",b'namespace detail\n{\n///////////////////\n// ser...'
sqlitebrowser-master,../repos/sqlitebrowser-master/libs/json/json.hpp,"(17401, 1)-(17577, 2)",b'namespace nlohmann\n{\n\n/// ordered_map: a mini...'
sqlitebrowser-master,../repos/sqlitebrowser-master/libs/json/json.hpp,"(17589, 1)-(18773, 6)",b'namespace nlohmann\n{\n\n/*!\n@brief a class to s...'
sqlitebrowser-master,../repos/sqlitebrowser-master/libs/json/json.hpp,"(26481, 1)-(26535, 2)",b'namespace std\n{\n\n/// hash value for JSON obje...'
sqlitebrowser-master,../repos/sqlitebrowser-master/libs/qscintilla/include/ILexer.h,"(13, 1)-(88, 2)","b'namespace Scintilla {\n\nenum { dvOriginal=0, d...'"
sqlitebrowser-master,../repos/sqlitebrowser-master/libs/qscintilla/include/Platform.h,"(87, 1)-(551, 2)",b'namespace Scintilla {\n\ntypedef float XYPOSITI...'
sqlitebrowser-master,../repos/sqlitebrowser-master/libs/qscintilla/lexers/LexHTML.cpp,"(33, 1)-(824, 2)",b'namespace {\n\n#define SCE_HA_JS (SCE_HJA_START...'
sqlitebrowser-master,../repos/sqlitebrowser-master/libs/qscintilla/lexlib/Accessor.h,"(11, 1)-(29, 2)","b'namespace Scintilla {\n\nenum { wsSpace=1, wsTa...'"
sqlitebrowser-master,../repos/sqlitebrowser-master/libs/qscintilla/lexlib/CharacterCategory.cpp,"(15, 1)-(3966, 2)",b'namespace Scintilla {\n\nnamespace {\n\t// Use an...'
sqlitebrowser-master,../repos/sqlitebrowser-master/libs/qscintilla/lexlib/CharacterCategory.cpp,"(17, 1)-(3799, 2)",b'namespace {\n\t// Use an unnamed namespace to p...'
sqlitebrowser-master,../repos/sqlitebrowser-master/libs/qscintilla/lexlib/CharacterCategory.cpp,"(3823, 1)-(3916, 2)","b'namespace {\n\nenum class OtherID { oidNone, oi...'"
sqlitebrowser-master,../repos/sqlitebrowser-master/libs/qscintilla/lexlib/CharacterCategory.h,"(11, 1)-(31, 2)",b'namespace Scintilla {\n\nenum CharacterCategory...'
sqlitebrowser-master,../repos/sqlitebrowser-master/libs/qscintilla/lexlib/CharacterSet.cpp,"(16, 1)-(52, 2)",b'namespace Scintilla {\n\nint CompareCaseInsensi...'
sqlitebrowser-master,../repos/sqlitebrowser-master/libs/qscintilla/lexlib/CharacterSet.h,"(11, 1)-(192, 2)",b'namespace Scintilla {\n\nclass CharacterSet {\n\t...'
sqlitebrowser-master,../repos/sqlitebrowser-master/libs/qscintilla/lexlib/DefaultLexer.h,"(13, 1)-(49, 2)",b'namespace Scintilla {\n\n// A simple lexer with...'
sqlitebrowser-master,../repos/sqlitebrowser-master/libs/qscintilla/lexlib/LexAccessor.h,"(11, 1)-(206, 2)",b'namespace Scintilla {\n\nenum EncodingType { en...'
sqlitebrowser-master,../repos/sqlitebrowser-master/libs/qscintilla/lexlib/LexerBase.h,"(11, 1)-(51, 2)",b'namespace Scintilla {\n\n// A simple lexer with...'
sqlitebrowser-master,../repos/sqlitebrowser-master/libs/qscintilla/lexlib/LexerModule.h,"(11, 1)-(85, 2)",b'namespace Scintilla {\n\nclass Accessor;\nclass ...'
sqlitebrowser-master,../repos/sqlitebrowser-master/libs/qscintilla/lexlib/LexerNoExceptions.h,"(11, 1)-(26, 2)",b'namespace Scintilla {\n\n// A simple lexer with...'
sqlitebrowser-master,../repos/sqlitebrowser-master/libs/qscintilla/lexlib/LexerSimple.h,"(11, 1)-(24, 2)",b'namespace Scintilla {\n\n// A simple lexer with...'
sqlitebrowser-master,../repos/sqlitebrowser-master/libs/qscintilla/lexlib/OptionSet.h,"(13, 1)-(136, 2)",b'namespace Scintilla {\n\ntemplate <typename T>\n...'
sqlitebrowser-master,../repos/sqlitebrowser-master/libs/qscintilla/lexlib/PropSetSimple.cpp,"(20, 1)-(28, 2)","b'namespace {\n\ntypedef std::map<std::string, st...'"
sqlitebrowser-master,../repos/sqlitebrowser-master/libs/qscintilla/lexlib/PropSetSimple.h,"(11, 1)-(26, 2)",b'namespace Scintilla {\n\nclass PropSetSimple {\n...'
sqlitebrowser-master,../repos/sqlitebrowser-master/libs/qscintilla/lexlib/SparseState.h,"(13, 1)-(104, 2)",b'namespace Scintilla {\n\ntemplate <typename T>\n...'
sqlitebrowser-master,../repos/sqlitebrowser-master/libs/qscintilla/lexlib/StringCopy.h,"(12, 1)-(30, 2)",b'namespace Scintilla {\n\n// Safer version of st...'
sqlitebrowser-master,../repos/sqlitebrowser-master/libs/qscintilla/lexlib/StyleContext.h,"(11, 1)-(210, 2)",b'namespace Scintilla {\n\n// All languages handl...'
sqlitebrowser-master,../repos/sqlitebrowser-master/libs/qscintilla/lexlib/SubStyles.h,"(11, 1)-(194, 2)",b'namespace Scintilla {\n\nclass WordClassifier {...'
sqlitebrowser-master,../repos/sqlitebrowser-master/libs/qscintilla/lexlib/WordList.h,"(11, 1)-(36, 2)",b'namespace Scintilla {\n\n/**\n */\nclass WordList...'
sqlitebrowser-master,../repos/sqlitebrowser-master/libs/qscintilla/Qt4Qt5/PlatQt.cpp,"(48, 1)-(999, 2)",b'namespace Scintilla {\n\n// Type convertors.\nst...'
sqlitebrowser-master,../repos/sqlitebrowser-master/libs/qscintilla/src/AutoComplete.h,"(11, 1)-(89, 2)",b'namespace Scintilla {\n\n/**\n */\nclass AutoComp...'
sqlitebrowser-master,../repos/sqlitebrowser-master/libs/qscintilla/src/CallTip.h,"(11, 1)-(89, 2)",b'namespace Scintilla {\n\n/**\n */\nclass CallTip ...'
sqlitebrowser-master,../repos/sqlitebrowser-master/libs/qscintilla/src/CaseConvert.cpp,"(24, 1)-(786, 2)",b'namespace {\n\t// Use an unnamed namespace to p...'
sqlitebrowser-master,../repos/sqlitebrowser-master/libs/qscintilla/src/CaseConvert.cpp,"(788, 1)-(819, 2)",b'namespace Scintilla {\n\nICaseConverter *Conver...'
sqlitebrowser-master,../repos/sqlitebrowser-master/libs/qscintilla/src/CaseConvert.h,"(13, 1)-(44, 2)",b'namespace Scintilla {\n\nenum CaseConversion {\n...'
sqlitebrowser-master,../repos/sqlitebrowser-master/libs/qscintilla/src/CaseFolder.h,"(11, 1)-(39, 2)",b'namespace Scintilla {\n\nclass CaseFolder {\npub...'
sqlitebrowser-master,../repos/sqlitebrowser-master/libs/qscintilla/src/Catalogue.h,"(13, 1)-(22, 2)",b'namespace Scintilla {\n\nclass Catalogue {\npubl...'
sqlitebrowser-master,../repos/sqlitebrowser-master/libs/qscintilla/src/CellBuffer.cpp,"(30, 1)-(82, 2)",b'namespace Scintilla {\n\nstruct CountWidths {\n\t...'
sqlitebrowser-master,../repos/sqlitebrowser-master/libs/qscintilla/src/CellBuffer.cpp,"(885, 1)-(900, 2)",b'namespace {\n\nCountWidths CountCharacterWidths...'
sqlitebrowser-master,../repos/sqlitebrowser-master/libs/qscintilla/src/CellBuffer.h,"(11, 1)-(213, 2)",b'namespace Scintilla {\n\n// Interface to per-li...'
sqlitebrowser-master,../repos/sqlitebrowser-master/libs/qscintilla/src/CharClassify.h,"(11, 1)-(29, 2)",b'namespace Scintilla {\n\nclass CharClassify {\np...'
sqlitebrowser-master,../repos/sqlitebrowser-master/libs/qscintilla/src/ContractionState.cpp,"(29, 1)-(407, 2)",b'namespace {\n\ntemplate <typename LINE>\nclass C...'
sqlitebrowser-master,../repos/sqlitebrowser-master/libs/qscintilla/src/ContractionState.cpp,"(409, 1)-(418, 2)",b'namespace Scintilla {\n\nstd::unique_ptr<IContr...'
sqlitebrowser-master,../repos/sqlitebrowser-master/libs/qscintilla/src/ContractionState.h,"(11, 1)-(50, 2)",b'namespace Scintilla {\n\n/**\n*/\nclass IContract...'
sqlitebrowser-master,../repos/sqlitebrowser-master/libs/qscintilla/src/DBCS.cpp,"(12, 1)-(42, 2)",b'namespace Scintilla {\n\nbool DBCSIsLeadByte(in...'
sqlitebrowser-master,../repos/sqlitebrowser-master/libs/qscintilla/src/DBCS.h,"(11, 1)-(15, 2)",b'namespace Scintilla {\n\nbool DBCSIsLeadByte(in...'
sqlitebrowser-master,../repos/sqlitebrowser-master/libs/qscintilla/src/Decoration.cpp,"(29, 1)-(297, 2)",b'namespace {\n\ntemplate <typename POS>\nclass De...'
sqlitebrowser-master,../repos/sqlitebrowser-master/libs/qscintilla/src/Decoration.cpp,"(299, 1)-(315, 2)",b'namespace Scintilla {\n\nstd::unique_ptr<IDecor...'
sqlitebrowser-master,../repos/sqlitebrowser-master/libs/qscintilla/src/Decoration.h,"(10, 1)-(57, 2)",b'namespace Scintilla {\n\nclass IDecoration {\npu...'
sqlitebrowser-master,../repos/sqlitebrowser-master/libs/qscintilla/src/Document.cpp,"(2651, 1)-(3104, 2)",b'namespace {\n\n/**\n* RESearchRange keeps track ...'
sqlitebrowser-master,../repos/sqlitebrowser-master/libs/qscintilla/src/Document.h,"(11, 1)-(582, 2)",b'namespace Scintilla {\n\nclass DocWatcher;\nclas...'
sqlitebrowser-master,../repos/sqlitebrowser-master/libs/qscintilla/src/EditModel.h,"(11, 1)-(66, 2)",b'namespace Scintilla {\n\n/**\n*/\nclass Caret {\np...'
sqlitebrowser-master,../repos/sqlitebrowser-master/libs/qscintilla/src/Editor.cpp,"(3221, 1)-(3315, 2)",b'namespace {\n\nconstexpr short HighShortFromWPa...'
sqlitebrowser-master,../repos/sqlitebrowser-master/libs/qscintilla/src/Editor.h,"(11, 1)-(648, 2)",b'namespace Scintilla {\n\n/**\n */\nclass Timer {\n...'
sqlitebrowser-master,../repos/sqlitebrowser-master/libs/qscintilla/src/EditView.cpp,"(73, 1)-(173, 2)",b'namespace Scintilla {\n\nbool ValidStyledText(c...'
sqlitebrowser-master,../repos/sqlitebrowser-master/libs/qscintilla/src/EditView.h,"(11, 1)-(184, 2)",b'namespace Scintilla {\n\nstruct PrintParameters...'
sqlitebrowser-master,../repos/sqlitebrowser-master/libs/qscintilla/src/ElapsedPeriod.h,"(11, 1)-(33, 2)",b'namespace Scintilla {\n\n// Simplified access t...'
sqlitebrowser-master,../repos/sqlitebrowser-master/libs/qscintilla/src/ExternalLexer.h,"(24, 1)-(78, 2)",b'namespace Scintilla {\n\ntypedef int (EXT_LEXER...'
sqlitebrowser-master,../repos/sqlitebrowser-master/libs/qscintilla/src/FontQuality.h,"(12, 1)-(25, 2)",b'namespace Scintilla {\n\n// These definitions m...'
sqlitebrowser-master,../repos/sqlitebrowser-master/libs/qscintilla/src/Indicator.h,"(11, 1)-(54, 2)",b'namespace Scintilla {\n\nstruct StyleAndColour ...'
sqlitebrowser-master,../repos/sqlitebrowser-master/libs/qscintilla/src/IntegerRectangle.h,"(11, 1)-(27, 2)",b'namespace Scintilla {\n\nstruct IntegerRectangl...'
sqlitebrowser-master,../repos/sqlitebrowser-master/libs/qscintilla/src/KeyMap.h,"(11, 1)-(62, 2)",b'namespace Scintilla {\n\n#define SCI_NORM 0\n#de...'
sqlitebrowser-master,../repos/sqlitebrowser-master/libs/qscintilla/src/LineMarker.h,"(11, 1)-(46, 2)",b'namespace Scintilla {\n\nclass XPM;\nclass RGBAI...'
sqlitebrowser-master,../repos/sqlitebrowser-master/libs/qscintilla/src/MarginView.cpp,"(55, 1)-(469, 2)",b'namespace Scintilla {\n\nvoid DrawWrapMarker(Su...'
sqlitebrowser-master,../repos/sqlitebrowser-master/libs/qscintilla/src/MarginView.h,"(11, 1)-(44, 2)",b'namespace Scintilla {\n\nvoid DrawWrapMarker(Su...'
sqlitebrowser-master,../repos/sqlitebrowser-master/libs/qscintilla/src/Partitioning.h,"(11, 1)-(202, 2)",b'namespace Scintilla {\n\n/// A split vector of ...'
sqlitebrowser-master,../repos/sqlitebrowser-master/libs/qscintilla/src/PerLine.h,"(11, 1)-(162, 2)",b'namespace Scintilla {\n\n/**\n * This holds the ...'
sqlitebrowser-master,../repos/sqlitebrowser-master/libs/qscintilla/src/Position.h,"(17, 1)-(29, 2)",b'namespace Sci {\n\ntypedef ptrdiff_t Position;\n...'
sqlitebrowser-master,../repos/sqlitebrowser-master/libs/qscintilla/src/PositionCache.h,"(11, 1)-(245, 2)",b'namespace Scintilla {\n\ninline constexpr bool ...'
sqlitebrowser-master,../repos/sqlitebrowser-master/libs/qscintilla/src/RESearch.h,"(12, 1)-(67, 2)",b'namespace Scintilla {\n\n/*\n * The following de...'
sqlitebrowser-master,../repos/sqlitebrowser-master/libs/qscintilla/src/RunStyles.h,"(13, 1)-(62, 2)",b'namespace Scintilla {\n\n// Return for RunStyle...'
sqlitebrowser-master,../repos/sqlitebrowser-master/libs/qscintilla/src/ScintillaBase.cpp,"(545, 1)-(592, 2)",b'namespace Scintilla {\n\nclass LexState : publi...'
sqlitebrowser-master,../repos/sqlitebrowser-master/libs/qscintilla/src/ScintillaBase.h,"(11, 1)-(101, 2)",b'namespace Scintilla {\n\n#ifdef SCI_LEXER\nclass...'
sqlitebrowser-master,../repos/sqlitebrowser-master/libs/qscintilla/src/Selection.h,"(11, 1)-(190, 2)",b'namespace Scintilla {\n\nclass SelectionPositio...'
sqlitebrowser-master,../repos/sqlitebrowser-master/libs/qscintilla/src/SparseVector.h,"(11, 1)-(154, 2)",b'namespace Scintilla {\n\n// SparseVector is sim...'
sqlitebrowser-master,../repos/sqlitebrowser-master/libs/qscintilla/src/SplitVector.h,"(12, 1)-(330, 2)",b'namespace Scintilla {\n\ntemplate <typename T>\n...'
sqlitebrowser-master,../repos/sqlitebrowser-master/libs/qscintilla/src/Style.h,"(11, 1)-(90, 2)",b'namespace Scintilla {\n\nstruct FontSpecificati...'
sqlitebrowser-master,../repos/sqlitebrowser-master/libs/qscintilla/src/UnicodeFromUTF8.h,"(12, 1)-(29, 2)",b'namespace Scintilla {\n#endif\n\ninline int Unic...'
sqlitebrowser-master,../repos/sqlitebrowser-master/libs/qscintilla/src/UniConversion.cpp,"(17, 1)-(368, 2)",b'namespace Scintilla {\n\nsize_t UTF8Length(cons...'
sqlitebrowser-master,../repos/sqlitebrowser-master/libs/qscintilla/src/UniConversion.h,"(11, 1)-(84, 2)",b'namespace Scintilla {\n\nconst int UTF8MaxBytes...'
sqlitebrowser-master,../repos/sqlitebrowser-master/libs/qscintilla/src/UniqueString.h,"(12, 1)-(28, 2)",b'namespace Scintilla {\n\nusing UniqueString = s...'
sqlitebrowser-master,../repos/sqlitebrowser-master/libs/qscintilla/src/ViewStyle.h,"(11, 1)-(222, 2)",b'namespace Scintilla {\n\n/**\n */\nclass MarginSt...'
sqlitebrowser-master,../repos/sqlitebrowser-master/libs/qscintilla/src/XPM.cpp,"(147, 1)-(189, 2)",b'namespace {\n\nconst char *NextField(const char...'
sqlitebrowser-master,../repos/sqlitebrowser-master/libs/qscintilla/src/XPM.h,"(16, 1)-(128, 2)",b'namespace Scintilla {\n\n/**\n * Hold a pixmap i...'
sqlitebrowser-master,../repos/sqlitebrowser-master/src/AboutDialog.h,"(6, 1)-(8, 2)",b'namespace Ui {\nclass AboutDialog;\n}'
sqlitebrowser-master,../repos/sqlitebrowser-master/src/AddRecordDialog.cpp,"(14, 1)-(118, 2)",b'namespace {\n\nclass NullLineEdit: public QLine...'
sqlitebrowser-master,../repos/sqlitebrowser-master/src/AddRecordDialog.h,"(11, 1)-(13, 2)",b'namespace Ui {\nclass AddRecordDialog;\n}'
sqlitebrowser-master,../repos/sqlitebrowser-master/src/CipherDialog.h,"(10, 1)-(12, 2)",b'namespace Ui {\nclass CipherDialog;\n}'
sqlitebrowser-master,../repos/sqlitebrowser-master/src/ColumnDisplayFormatDialog.h,"(14, 1)-(16, 2)",b'namespace Ui {\nclass ColumnDisplayFormatDialog;\n}'
sqlitebrowser-master,../repos/sqlitebrowser-master/src/CondFormatManager.h,"(9, 1)-(11, 2)",b'namespace Ui {\n    class CondFormatManager;\n}'
sqlitebrowser-master,../repos/sqlitebrowser-master/src/csvparser.cpp,"(29, 1)-(119, 2)",b'namespace {\n// This function adds a character...'
sqlitebrowser-master,../repos/sqlitebrowser-master/src/EditDialog.h,"(11, 1)-(13, 2)",b'namespace Ui {\nclass EditDialog;\n}'
sqlitebrowser-master,../repos/sqlitebrowser-master/src/EditIndexDialog.h,"(12, 1)-(14, 2)",b'namespace Ui {\nclass EditIndexDialog;\n}'
sqlitebrowser-master,../repos/sqlitebrowser-master/src/EditTableDialog.h,"(17, 1)-(19, 2)",b'namespace Ui {\nclass EditTableDialog;\n}'
sqlitebrowser-master,../repos/sqlitebrowser-master/src/ExportDataDialog.h,"(10, 1)-(12, 2)",b'namespace Ui {\nclass ExportDataDialog;\n}'
sqlitebrowser-master,../repos/sqlitebrowser-master/src/ExportSqlDialog.h,"(8, 1)-(10, 2)",b'namespace Ui {\nclass ExportSqlDialog;\n}'
sqlitebrowser-master,../repos/sqlitebrowser-master/src/ExtendedTableWidget.cpp,"(36, 1)-(104, 2)",b'namespace\n{\n\nstd::vector<BufferRow> parseClip...'
sqlitebrowser-master,../repos/sqlitebrowser-master/src/ExtendedTableWidget.h,"(19, 1)-(19, 43)",b'namespace sqlb { class ObjectIdentifier; }'
sqlitebrowser-master,../repos/sqlitebrowser-master/src/FileExtensionManager.h,"(6, 1)-(8, 2)",b'namespace Ui {\nclass FileExtensionManager;\n}'
sqlitebrowser-master,../repos/sqlitebrowser-master/src/FindReplaceDialog.h,"(10, 1)-(12, 2)",b'namespace Ui {\nclass FindReplaceDialog;\n}'
sqlitebrowser-master,../repos/sqlitebrowser-master/src/ForeignKeyEditorDelegate.h,"(11, 1)-(14, 2)",b'namespace sqlb\n{\nclass Table;\n}'
sqlitebrowser-master,../repos/sqlitebrowser-master/src/ImageViewer.h,"(6, 1)-(8, 2)",b'namespace Ui {\nclass ImageViewer;\n}'
sqlitebrowser-master,../repos/sqlitebrowser-master/src/ImportCsvDialog.cpp,"(116, 1)-(140, 2)",b'namespace {\nvoid rollback(\n        ImportCsvD...'
sqlitebrowser-master,../repos/sqlitebrowser-master/src/ImportCsvDialog.h,"(13, 1)-(15, 2)",b'namespace Ui {\nclass ImportCsvDialog;\n}'
sqlitebrowser-master,../repos/sqlitebrowser-master/src/MainWindow.h,"(29, 1)-(31, 2)",b'namespace Ui {\nclass MainWindow;\n}'
sqlitebrowser-master,../repos/sqlitebrowser-master/src/PlotDock.cpp,"(1023, 1)-(1035, 2)",b'namespace {\n    void adjustOneAxisFormat (QCP...'
sqlitebrowser-master,../repos/sqlitebrowser-master/src/PlotDock.h,"(20, 1)-(22, 2)",b'namespace Ui {\nclass PlotDock;\n}'
sqlitebrowser-master,../repos/sqlitebrowser-master/src/PreferencesDialog.h,"(13, 1)-(15, 2)",b'namespace Ui {\nclass PreferencesDialog;\n}'
sqlitebrowser-master,../repos/sqlitebrowser-master/src/ProxyDialog.h,"(6, 1)-(8, 2)",b'namespace Ui {\nclass ProxyDialog;\n}'
sqlitebrowser-master,../repos/sqlitebrowser-master/src/RemoteDock.h,"(14, 1)-(16, 2)",b'namespace Ui {\nclass RemoteDock;\n}'
sqlitebrowser-master,../repos/sqlitebrowser-master/src/RemotePushDialog.h,"(8, 1)-(10, 2)",b'namespace Ui {\nclass RemotePushDialog;\n}'
sqlitebrowser-master,../repos/sqlitebrowser-master/src/RowLoader.cpp,"(6, 1)-(16, 2)",b'namespace {\n\n    QString rtrimChar(const QStr...'
sqlitebrowser-master,../repos/sqlitebrowser-master/src/SelectItemsPopup.h,"(12, 1)-(14, 2)",b'namespace Ui {\nclass SelectItemsPopup;\n}'
sqlitebrowser-master,../repos/sqlitebrowser-master/src/sql/ObjectIdentifier.cpp,"(14, 1)-(79, 2)",b'namespace sqlb {\n\nstatic escapeQuoting custom...'
sqlitebrowser-master,../repos/sqlitebrowser-master/src/sql/ObjectIdentifier.h,"(6, 1)-(102, 2)",b'namespace sqlb {\n\nenum escapeQuoting {\n    Do...'
sqlitebrowser-master,../repos/sqlitebrowser-master/src/sql/parser/ParserDriver.cpp,"(3, 1)-(31, 2)",b'namespace sqlb\n{\nnamespace parser\n{\n\nParserDr...'
sqlitebrowser-master,../repos/sqlitebrowser-master/src/sql/parser/ParserDriver.cpp,"(5, 1)-(30, 2)",b'namespace parser\n{\n\nParserDriver::ParserDrive...'
sqlitebrowser-master,../repos/sqlitebrowser-master/src/sql/parser/ParserDriver.h,"(10, 1)-(10, 60)",b'namespace sqlb { namespace parser { class Par...'
sqlitebrowser-master,../repos/sqlitebrowser-master/src/sql/parser/ParserDriver.h,"(10, 18)-(10, 58)",b'namespace parser { class ParserDriver; }'
sqlitebrowser-master,../repos/sqlitebrowser-master/src/sql/parser/ParserDriver.h,"(14, 1)-(63, 2)",b'namespace sqlb\n{\nnamespace parser\n{\n\nclass Pa...'
sqlitebrowser-master,../repos/sqlitebrowser-master/src/sql/parser/ParserDriver.h,"(16, 1)-(62, 2)",b'namespace parser\n{\n\nclass ParserDriver\n{\n    ...'
sqlitebrowser-master,../repos/sqlitebrowser-master/src/sql/parser/sqlite3_lexer.cpp,"(3626, 1)-(3646, 2)",b'namespace sqlb\n{\nnamespace parser\n{\n\nvoid Par...'
sqlitebrowser-master,../repos/sqlitebrowser-master/src/sql/parser/sqlite3_lexer.cpp,"(3628, 1)-(3645, 2)",b'namespace parser\n{\n\nvoid ParserDriver::begin_...'
sqlitebrowser-master,../repos/sqlitebrowser-master/src/sql/parser/sqlite3_location.h,"(57, 1)-(303, 4)",b'namespace  sqlb { namespace parser  {\n#line 5...'
sqlitebrowser-master,../repos/sqlitebrowser-master/src/sql/parser/sqlite3_location.h,"(57, 19)-(303, 2)","b'namespace parser  {\n#line 59 ""sqlite3_locatio...'"
sqlitebrowser-master,../repos/sqlitebrowser-master/src/sql/parser/sqlite3_parser.cpp,"(167, 1)-(4866, 4)",b'namespace  sqlb { namespace parser  {\n#line 1...'
sqlitebrowser-master,../repos/sqlitebrowser-master/src/sql/parser/sqlite3_parser.cpp,"(167, 19)-(4866, 2)","b'namespace parser  {\n#line 169 ""sqlite3_parser...'"
sqlitebrowser-master,../repos/sqlitebrowser-master/src/sql/parser/sqlite3_parser.hpp,"(54, 2)-(54, 61)",b'namespace sqlb { namespace parser { class Par...'
sqlitebrowser-master,../repos/sqlitebrowser-master/src/sql/parser/sqlite3_parser.hpp,"(54, 19)-(54, 59)",b'namespace parser { class ParserDriver; }'
sqlitebrowser-master,../repos/sqlitebrowser-master/src/sql/Query.cpp,"(5, 1)-(150, 2)",b'namespace sqlb\n{\n\nvoid Query::clear()\n{\n    m...'
sqlitebrowser-master,../repos/sqlitebrowser-master/src/sql/Query.h,"(10, 1)-(112, 2)",b'namespace sqlb\n{\n\nstruct OrderBy\n{\n    enum S...'
sqlitebrowser-master,../repos/sqlitebrowser-master/src/sql/sqlitetypes.cpp,"(9, 1)-(693, 2)",b'namespace sqlb {\n\nStringVector escapeIdentifi...'
sqlitebrowser-master,../repos/sqlitebrowser-master/src/sql/sqlitetypes.h,"(50, 1)-(634, 2)",b'namespace sqlb {\n\nusing StringVector = std::v...'
sqlitebrowser-master,../repos/sqlitebrowser-master/src/SqlExecutionArea.h,"(14, 1)-(16, 2)",b'namespace Ui {\nclass SqlExecutionArea;\n}'
sqlitebrowser-master,../repos/sqlitebrowser-master/src/sqlitedb.cpp,"(45, 1)-(60, 3)",b'namespace sqlb {\nQString escapeIdentifier(con...'
sqlitebrowser-master,../repos/sqlitebrowser-master/src/sqlitedb.h,"(45, 1)-(50, 2)",b'namespace sqlb\n{\nQString escapeIdentifier(con...'
sqlitebrowser-master,../repos/sqlitebrowser-master/src/SqlUiLexer.cpp,"(9, 1)-(20, 2)",b'namespace\n{\n    const int SQLITE_VER_NUMBER_3...'
sqlitebrowser-master,../repos/sqlitebrowser-master/src/TableBrowser.h,"(23, 1)-(25, 2)",b'namespace Ui {\nclass TableBrowser;\n}'
sqlitebrowser-master,../repos/sqlitebrowser-master/src/tests/testsqlobjects.cpp,"(13, 1)-(22, 2)","b'namespace QTest\n{\ntemplate <typename T1, type...'"
sqlitebrowser-master,../repos/sqlitebrowser-master/src/VacuumDialog.h,"(6, 1)-(8, 2)",b'namespace Ui {\nclass VacuumDialog;\n}'
