Repo name,File name,Location,Content
sqlitebrowser-master,../repos/sqlitebrowser-master/libs/json/json.hpp,"(2231, 5)-(2231, 23)",b'using type = void;'
sqlitebrowser-master,../repos/sqlitebrowser-master/libs/json/json.hpp,"(2233, 26)-(2233, 73)",b'using void_t = typename make_void<Ts...>::type;'
sqlitebrowser-master,../repos/sqlitebrowser-master/libs/json/json.hpp,"(2259, 5)-(2259, 37)",b'using value_t = std::false_type;'
sqlitebrowser-master,../repos/sqlitebrowser-master/libs/json/json.hpp,"(2260, 5)-(2260, 26)",b'using type = Default;'
sqlitebrowser-master,../repos/sqlitebrowser-master/libs/json/json.hpp,"(2266, 5)-(2266, 36)",b'using value_t = std::true_type;'
sqlitebrowser-master,../repos/sqlitebrowser-master/libs/json/json.hpp,"(2267, 5)-(2267, 30)",b'using type = Op<Args...>;'
sqlitebrowser-master,../repos/sqlitebrowser-master/libs/json/json.hpp,"(2271, 1)-(2271, 77)",b'using is_detected = typename detector<nonesuc...'
sqlitebrowser-master,../repos/sqlitebrowser-master/libs/json/json.hpp,"(2277, 1)-(2277, 73)",b'using detected_t = typename detector<nonesuch...'
sqlitebrowser-master,../repos/sqlitebrowser-master/libs/json/json.hpp,"(2280, 1)-(2280, 58)","b'using detected_or = detector<Default, void, O...'"
sqlitebrowser-master,../repos/sqlitebrowser-master/libs/json/json.hpp,"(2283, 1)-(2283, 72)",b'using detected_or_t = typename detected_or<De...'
sqlitebrowser-master,../repos/sqlitebrowser-master/libs/json/json.hpp,"(2286, 1)-(2286, 75)",b'using is_detected_exact = std::is_same<Expect...'
sqlitebrowser-master,../repos/sqlitebrowser-master/libs/json/json.hpp,"(2289, 1)-(2290, 54)",b'using is_detected_convertible =\n    std::is_c...'
sqlitebrowser-master,../repos/sqlitebrowser-master/libs/json/json.hpp,"(3165, 1)-(3165, 90)",b'using uncvref_t = typename std::remove_cv<typ...'
sqlitebrowser-master,../repos/sqlitebrowser-master/libs/json/json.hpp,"(3179, 1)-(3179, 57)",b'using enable_if_t = typename std::enable_if<B...'
sqlitebrowser-master,../repos/sqlitebrowser-master/libs/json/json.hpp,"(3208, 5)-(3208, 26)",b'using value_type = T;'
sqlitebrowser-master,../repos/sqlitebrowser-master/libs/json/json.hpp,"(3221, 1)-(3221, 58)",b'using index_sequence = integer_sequence<size_...'
sqlitebrowser-master,../repos/sqlitebrowser-master/libs/json/json.hpp,"(3233, 5)-(3233, 71)","b'using type = integer_sequence < T, Ints..., (...'"
sqlitebrowser-master,../repos/sqlitebrowser-master/libs/json/json.hpp,"(3239, 5)-(3239, 84)","b'using type = integer_sequence < T, Ints..., (...'"
sqlitebrowser-master,../repos/sqlitebrowser-master/libs/json/json.hpp,"(3247, 5)-(3248, 81)",b'using type =\n        typename Extend < typena...'
sqlitebrowser-master,../repos/sqlitebrowser-master/libs/json/json.hpp,"(3254, 5)-(3254, 38)",b'using type = integer_sequence<T>;'
sqlitebrowser-master,../repos/sqlitebrowser-master/libs/json/json.hpp,"(3267, 1)-(3267, 74)",b'using make_integer_sequence = typename utilit...'
sqlitebrowser-master,../repos/sqlitebrowser-master/libs/json/json.hpp,"(3275, 1)-(3275, 62)",b'using make_index_sequence = make_integer_sequ...'
sqlitebrowser-master,../repos/sqlitebrowser-master/libs/json/json.hpp,"(3283, 1)-(3283, 63)",b'using index_sequence_for = make_index_sequenc...'
sqlitebrowser-master,../repos/sqlitebrowser-master/libs/json/json.hpp,"(3352, 5)-(3352, 58)",b'using difference_type = typename It::differen...'
sqlitebrowser-master,../repos/sqlitebrowser-master/libs/json/json.hpp,"(3353, 5)-(3353, 48)",b'using value_type = typename It::value_type;'
sqlitebrowser-master,../repos/sqlitebrowser-master/libs/json/json.hpp,"(3354, 5)-(3354, 42)",b'using pointer = typename It::pointer;'
sqlitebrowser-master,../repos/sqlitebrowser-master/libs/json/json.hpp,"(3355, 5)-(3355, 46)",b'using reference = typename It::reference;'
sqlitebrowser-master,../repos/sqlitebrowser-master/libs/json/json.hpp,"(3356, 5)-(3356, 62)",b'using iterator_category = typename It::iterat...'
sqlitebrowser-master,../repos/sqlitebrowser-master/libs/json/json.hpp,"(3375, 5)-(3375, 63)",b'using iterator_category = std::random_access_...'
sqlitebrowser-master,../repos/sqlitebrowser-master/libs/json/json.hpp,"(3376, 5)-(3376, 26)",b'using value_type = T;'
sqlitebrowser-master,../repos/sqlitebrowser-master/libs/json/json.hpp,"(3377, 5)-(3377, 39)",b'using difference_type = ptrdiff_t;'
sqlitebrowser-master,../repos/sqlitebrowser-master/libs/json/json.hpp,"(3378, 5)-(3378, 24)",b'using pointer = T*;'
sqlitebrowser-master,../repos/sqlitebrowser-master/libs/json/json.hpp,"(3379, 5)-(3379, 26)",b'using reference = T&;'
sqlitebrowser-master,../repos/sqlitebrowser-master/libs/json/json.hpp,"(3472, 1)-(3472, 27)",b'using json = basic_json<>;'
sqlitebrowser-master,../repos/sqlitebrowser-master/libs/json/json.hpp,"(3484, 1)-(3484, 56)",b'using ordered_json = basic_json<nlohmann::ord...'
sqlitebrowser-master,../repos/sqlitebrowser-master/libs/json/json.hpp,"(3539, 1)-(3539, 47)",b'using mapped_type_t = typename T::mapped_type;'
sqlitebrowser-master,../repos/sqlitebrowser-master/libs/json/json.hpp,"(3542, 1)-(3542, 41)",b'using key_type_t = typename T::key_type;'
sqlitebrowser-master,../repos/sqlitebrowser-master/libs/json/json.hpp,"(3545, 1)-(3545, 45)",b'using value_type_t = typename T::value_type;'
sqlitebrowser-master,../repos/sqlitebrowser-master/libs/json/json.hpp,"(3548, 1)-(3548, 55)",b'using difference_type_t = typename T::differe...'
sqlitebrowser-master,../repos/sqlitebrowser-master/libs/json/json.hpp,"(3551, 1)-(3551, 39)",b'using pointer_t = typename T::pointer;'
sqlitebrowser-master,../repos/sqlitebrowser-master/libs/json/json.hpp,"(3554, 1)-(3554, 43)",b'using reference_t = typename T::reference;'
sqlitebrowser-master,../repos/sqlitebrowser-master/libs/json/json.hpp,"(3557, 1)-(3557, 59)",b'using iterator_category_t = typename T::itera...'
sqlitebrowser-master,../repos/sqlitebrowser-master/libs/json/json.hpp,"(3560, 1)-(3560, 72)",b'using to_json_function = decltype(T::to_json(...'
sqlitebrowser-master,../repos/sqlitebrowser-master/libs/json/json.hpp,"(3563, 1)-(3563, 76)",b'using from_json_function = decltype(T::from_j...'
sqlitebrowser-master,../repos/sqlitebrowser-master/libs/json/json.hpp,"(3566, 1)-(3566, 77)",b'using get_template_function = decltype(std::d...'
sqlitebrowser-master,../repos/sqlitebrowser-master/libs/json/json.hpp,"(3585, 5)-(3585, 82)",b'using serializer = typename BasicJsonType::te...'
sqlitebrowser-master,../repos/sqlitebrowser-master/libs/json/json.hpp,"(3600, 5)-(3600, 82)",b'using serializer = typename BasicJsonType::te...'
sqlitebrowser-master,../repos/sqlitebrowser-master/libs/json/json.hpp,"(3615, 5)-(3615, 82)",b'using serializer = typename BasicJsonType::te...'
sqlitebrowser-master,../repos/sqlitebrowser-master/libs/json/json.hpp,"(3683, 5)-(3683, 39)",b'using traits = iterator_traits<T>;'
sqlitebrowser-master,../repos/sqlitebrowser-master/libs/json/json.hpp,"(3698, 5)-(3698, 63)",b'using t_ref = typename std::add_lvalue_refere...'
sqlitebrowser-master,../repos/sqlitebrowser-master/libs/json/json.hpp,"(3700, 5)-(3700, 57)","b'using iterator = detected_t<result_of_begin, ...'"
sqlitebrowser-master,../repos/sqlitebrowser-master/libs/json/json.hpp,"(3701, 5)-(3701, 55)","b'using sentinel = detected_t<result_of_end, t_ref>;'"
sqlitebrowser-master,../repos/sqlitebrowser-master/libs/json/json.hpp,"(3714, 1)-(3714, 99)",b'using iterator_t = enable_if_t<is_range<R>::v...'
sqlitebrowser-master,../repos/sqlitebrowser-master/libs/json/json.hpp,"(3717, 1)-(3717, 68)",b'using range_value_t = value_type_t<iterator_t...'
sqlitebrowser-master,../repos/sqlitebrowser-master/libs/json/json.hpp,"(3739, 5)-(3739, 55)",b'using object_t = typename BasicJsonType::object_t;'
sqlitebrowser-master,../repos/sqlitebrowser-master/libs/json/json.hpp,"(3763, 5)-(3763, 55)",b'using object_t = typename BasicJsonType::object_t;'
sqlitebrowser-master,../repos/sqlitebrowser-master/libs/json/json.hpp,"(3851, 5)-(3851, 62)",b'using value_type = range_value_t<Constructibl...'
sqlitebrowser-master,../repos/sqlitebrowser-master/libs/json/json.hpp,"(3879, 5)-(3879, 61)",b'using RealLimits = std::numeric_limits<RealIn...'
sqlitebrowser-master,../repos/sqlitebrowser-master/libs/json/json.hpp,"(3880, 5)-(3880, 79)",b'using CompatibleLimits = std::numeric_limits<...'
sqlitebrowser-master,../repos/sqlitebrowser-master/libs/json/json.hpp,"(3921, 5)-(3921, 22)",b'using one = char;'
sqlitebrowser-master,../repos/sqlitebrowser-master/libs/json/json.hpp,"(4240, 5)-(4240, 69)",b'using value_type = typename ConstructibleObje...'
sqlitebrowser-master,../repos/sqlitebrowser-master/libs/json/json.hpp,"(4457, 5)-(4457, 44)",b'using difference_type = std::ptrdiff_t;'
sqlitebrowser-master,../repos/sqlitebrowser-master/libs/json/json.hpp,"(4458, 5)-(4458, 46)",b'using value_type = iteration_proxy_value;'
sqlitebrowser-master,../repos/sqlitebrowser-master/libs/json/json.hpp,"(4459, 5)-(4459, 35)",b'using pointer = value_type * ;'
sqlitebrowser-master,../repos/sqlitebrowser-master/libs/json/json.hpp,"(4460, 5)-(4460, 37)",b'using reference = value_type & ;'
sqlitebrowser-master,../repos/sqlitebrowser-master/libs/json/json.hpp,"(4461, 5)-(4461, 55)",b'using iterator_category = std::input_iterator_tag;'
sqlitebrowser-master,../repos/sqlitebrowser-master/libs/json/json.hpp,"(4462, 5)-(4462, 144)",b'using string_type = typename std::remove_cv< ...'
sqlitebrowser-master,../repos/sqlitebrowser-master/libs/json/json.hpp,"(4613, 5)-(4615, 92)",b'using type = decltype(\n                     g...'
sqlitebrowser-master,../repos/sqlitebrowser-master/libs/json/json.hpp,"(4914, 5)-(4914, 75)",b'using underlying_type = typename std::underly...'
sqlitebrowser-master,../repos/sqlitebrowser-master/libs/json/json.hpp,"(5130, 5)-(5130, 39)",b'using container_type = BinaryType;'
sqlitebrowser-master,../repos/sqlitebrowser-master/libs/json/json.hpp,"(5132, 5)-(5132, 40)",b'using subtype_type = std::uint64_t;'
sqlitebrowser-master,../repos/sqlitebrowser-master/libs/json/json.hpp,"(5317, 5)-(5317, 55)",b'using string_t = typename BasicJsonType::string_t;'
sqlitebrowser-master,../repos/sqlitebrowser-master/libs/json/json.hpp,"(5318, 5)-(5318, 71)",b'using number_integer_t = typename BasicJsonTy...'
sqlitebrowser-master,../repos/sqlitebrowser-master/libs/json/json.hpp,"(5319, 5)-(5319, 73)",b'using number_unsigned_t = typename BasicJsonT...'
sqlitebrowser-master,../repos/sqlitebrowser-master/libs/json/json.hpp,"(5320, 5)-(5320, 67)",b'using number_float_t = typename BasicJsonType...'
sqlitebrowser-master,../repos/sqlitebrowser-master/libs/json/json.hpp,"(5465, 5)-(5465, 28)",b'using char_type = char;'
sqlitebrowser-master,../repos/sqlitebrowser-master/libs/json/json.hpp,"(5502, 5)-(5502, 28)",b'using char_type = char;'
sqlitebrowser-master,../repos/sqlitebrowser-master/libs/json/json.hpp,"(5557, 5)-(5557, 79)",b'using char_type = typename std::iterator_trai...'
sqlitebrowser-master,../repos/sqlitebrowser-master/libs/json/json.hpp,"(5717, 5)-(5717, 28)",b'using char_type = char;'
sqlitebrowser-master,../repos/sqlitebrowser-master/libs/json/json.hpp,"(5761, 5)-(5761, 40)",b'using iterator_type = IteratorType;'
sqlitebrowser-master,../repos/sqlitebrowser-master/libs/json/json.hpp,"(5762, 5)-(5762, 80)",b'using char_type = typename std::iterator_trai...'
sqlitebrowser-master,../repos/sqlitebrowser-master/libs/json/json.hpp,"(5763, 5)-(5763, 64)",b'using adapter_type = iterator_input_adapter<i...'
sqlitebrowser-master,../repos/sqlitebrowser-master/libs/json/json.hpp,"(5774, 5)-(5774, 69)",b'using value_type = typename std::iterator_tra...'
sqlitebrowser-master,../repos/sqlitebrowser-master/libs/json/json.hpp,"(5784, 5)-(5784, 40)",b'using iterator_type = IteratorType;'
sqlitebrowser-master,../repos/sqlitebrowser-master/libs/json/json.hpp,"(5785, 5)-(5785, 80)",b'using char_type = typename std::iterator_trai...'
sqlitebrowser-master,../repos/sqlitebrowser-master/libs/json/json.hpp,"(5786, 5)-(5786, 69)",b'using base_adapter_type = iterator_input_adap...'
sqlitebrowser-master,../repos/sqlitebrowser-master/libs/json/json.hpp,"(5787, 5)-(5787, 82)",b'using adapter_type = wide_string_input_adapte...'
sqlitebrowser-master,../repos/sqlitebrowser-master/libs/json/json.hpp,"(5799, 5)-(5799, 71)",b'using factory_type = iterator_input_adapter_f...'
sqlitebrowser-master,../repos/sqlitebrowser-master/libs/json/json.hpp,"(5820, 12)-(5820, 131)",b'using adapter_type = decltype(input_adapter(b...'
sqlitebrowser-master,../repos/sqlitebrowser-master/libs/json/json.hpp,"(5854, 1)-(5854, 122)",b'using contiguous_bytes_input_adapter = declty...'
sqlitebrowser-master,../repos/sqlitebrowser-master/libs/json/json.hpp,"(5937, 5)-(5937, 71)",b'using number_integer_t = typename BasicJsonTy...'
sqlitebrowser-master,../repos/sqlitebrowser-master/libs/json/json.hpp,"(5938, 5)-(5938, 73)",b'using number_unsigned_t = typename BasicJsonT...'
sqlitebrowser-master,../repos/sqlitebrowser-master/libs/json/json.hpp,"(5939, 5)-(5939, 67)",b'using number_float_t = typename BasicJsonType...'
sqlitebrowser-master,../repos/sqlitebrowser-master/libs/json/json.hpp,"(5940, 5)-(5940, 55)",b'using string_t = typename BasicJsonType::string_t;'
sqlitebrowser-master,../repos/sqlitebrowser-master/libs/json/json.hpp,"(5941, 5)-(5941, 55)",b'using binary_t = typename BasicJsonType::binary_t;'
sqlitebrowser-master,../repos/sqlitebrowser-master/libs/json/json.hpp,"(6069, 5)-(6069, 71)",b'using number_integer_t = typename BasicJsonTy...'
sqlitebrowser-master,../repos/sqlitebrowser-master/libs/json/json.hpp,"(6070, 5)-(6070, 73)",b'using number_unsigned_t = typename BasicJsonT...'
sqlitebrowser-master,../repos/sqlitebrowser-master/libs/json/json.hpp,"(6071, 5)-(6071, 67)",b'using number_float_t = typename BasicJsonType...'
sqlitebrowser-master,../repos/sqlitebrowser-master/libs/json/json.hpp,"(6072, 5)-(6072, 55)",b'using string_t = typename BasicJsonType::string_t;'
sqlitebrowser-master,../repos/sqlitebrowser-master/libs/json/json.hpp,"(6073, 5)-(6073, 55)",b'using binary_t = typename BasicJsonType::binary_t;'
sqlitebrowser-master,../repos/sqlitebrowser-master/libs/json/json.hpp,"(6243, 5)-(6243, 71)",b'using number_integer_t = typename BasicJsonTy...'
sqlitebrowser-master,../repos/sqlitebrowser-master/libs/json/json.hpp,"(6244, 5)-(6244, 73)",b'using number_unsigned_t = typename BasicJsonT...'
sqlitebrowser-master,../repos/sqlitebrowser-master/libs/json/json.hpp,"(6245, 5)-(6245, 67)",b'using number_float_t = typename BasicJsonType...'
sqlitebrowser-master,../repos/sqlitebrowser-master/libs/json/json.hpp,"(6246, 5)-(6246, 55)",b'using string_t = typename BasicJsonType::string_t;'
sqlitebrowser-master,../repos/sqlitebrowser-master/libs/json/json.hpp,"(6247, 5)-(6247, 55)",b'using binary_t = typename BasicJsonType::binary_t;'
sqlitebrowser-master,../repos/sqlitebrowser-master/libs/json/json.hpp,"(6248, 5)-(6248, 73)",b'using parser_callback_t = typename BasicJsonT...'
sqlitebrowser-master,../repos/sqlitebrowser-master/libs/json/json.hpp,"(6249, 5)-(6249, 65)",b'using parse_event_t = typename BasicJsonType:...'
sqlitebrowser-master,../repos/sqlitebrowser-master/libs/json/json.hpp,"(6550, 5)-(6550, 71)",b'using number_integer_t = typename BasicJsonTy...'
sqlitebrowser-master,../repos/sqlitebrowser-master/libs/json/json.hpp,"(6551, 5)-(6551, 73)",b'using number_unsigned_t = typename BasicJsonT...'
sqlitebrowser-master,../repos/sqlitebrowser-master/libs/json/json.hpp,"(6552, 5)-(6552, 67)",b'using number_float_t = typename BasicJsonType...'
sqlitebrowser-master,../repos/sqlitebrowser-master/libs/json/json.hpp,"(6553, 5)-(6553, 55)",b'using string_t = typename BasicJsonType::string_t;'
sqlitebrowser-master,../repos/sqlitebrowser-master/libs/json/json.hpp,"(6554, 5)-(6554, 55)",b'using binary_t = typename BasicJsonType::binary_t;'
sqlitebrowser-master,../repos/sqlitebrowser-master/libs/json/json.hpp,"(6733, 5)-(6733, 71)",b'using number_integer_t = typename BasicJsonTy...'
sqlitebrowser-master,../repos/sqlitebrowser-master/libs/json/json.hpp,"(6734, 5)-(6734, 73)",b'using number_unsigned_t = typename BasicJsonT...'
sqlitebrowser-master,../repos/sqlitebrowser-master/libs/json/json.hpp,"(6735, 5)-(6735, 67)",b'using number_float_t = typename BasicJsonType...'
sqlitebrowser-master,../repos/sqlitebrowser-master/libs/json/json.hpp,"(6736, 5)-(6736, 55)",b'using string_t = typename BasicJsonType::string_t;'
sqlitebrowser-master,../repos/sqlitebrowser-master/libs/json/json.hpp,"(6737, 5)-(6737, 60)",b'using char_type = typename InputAdapterType::...'
sqlitebrowser-master,../repos/sqlitebrowser-master/libs/json/json.hpp,"(6738, 5)-(6738, 74)",b'using char_int_type = typename std::char_trai...'
sqlitebrowser-master,../repos/sqlitebrowser-master/libs/json/json.hpp,"(6741, 5)-(6741, 71)",b'using token_type = typename lexer_base<BasicJ...'
sqlitebrowser-master,../repos/sqlitebrowser-master/libs/json/json.hpp,"(8272, 1)-(8272, 61)",b'using null_function_t = decltype(std::declval...'
sqlitebrowser-master,../repos/sqlitebrowser-master/libs/json/json.hpp,"(8275, 1)-(8276, 64)",b'using boolean_function_t =\n    decltype(std::...'
sqlitebrowser-master,../repos/sqlitebrowser-master/libs/json/json.hpp,"(8279, 1)-(8280, 74)",b'using number_integer_function_t =\n    decltyp...'
sqlitebrowser-master,../repos/sqlitebrowser-master/libs/json/json.hpp,"(8283, 1)-(8284, 76)",b'using number_unsigned_function_t =\n    declty...'
sqlitebrowser-master,../repos/sqlitebrowser-master/libs/json/json.hpp,"(8287, 1)-(8288, 92)",b'using number_float_function_t = decltype(std:...'
sqlitebrowser-master,../repos/sqlitebrowser-master/libs/json/json.hpp,"(8291, 1)-(8292, 66)",b'using string_function_t =\n    decltype(std::d...'
sqlitebrowser-master,../repos/sqlitebrowser-master/libs/json/json.hpp,"(8295, 1)-(8296, 66)",b'using binary_function_t =\n    decltype(std::d...'
sqlitebrowser-master,../repos/sqlitebrowser-master/libs/json/json.hpp,"(8299, 1)-(8300, 76)",b'using start_object_function_t =\n    decltype(...'
sqlitebrowser-master,../repos/sqlitebrowser-master/libs/json/json.hpp,"(8303, 1)-(8304, 63)",b'using key_function_t =\n    decltype(std::decl...'
sqlitebrowser-master,../repos/sqlitebrowser-master/libs/json/json.hpp,"(8307, 1)-(8307, 73)",b'using end_object_function_t = decltype(std::d...'
sqlitebrowser-master,../repos/sqlitebrowser-master/libs/json/json.hpp,"(8310, 1)-(8311, 75)",b'using start_array_function_t =\n    decltype(s...'
sqlitebrowser-master,../repos/sqlitebrowser-master/libs/json/json.hpp,"(8314, 1)-(8314, 71)",b'using end_array_function_t = decltype(std::de...'
sqlitebrowser-master,../repos/sqlitebrowser-master/libs/json/json.hpp,"(8317, 1)-(8319, 44)",b'using parse_error_function_t = decltype(std::...'
sqlitebrowser-master,../repos/sqlitebrowser-master/libs/json/json.hpp,"(8328, 5)-(8328, 71)",b'using number_integer_t = typename BasicJsonTy...'
sqlitebrowser-master,../repos/sqlitebrowser-master/libs/json/json.hpp,"(8329, 5)-(8329, 73)",b'using number_unsigned_t = typename BasicJsonT...'
sqlitebrowser-master,../repos/sqlitebrowser-master/libs/json/json.hpp,"(8330, 5)-(8330, 67)",b'using number_float_t = typename BasicJsonType...'
sqlitebrowser-master,../repos/sqlitebrowser-master/libs/json/json.hpp,"(8331, 5)-(8331, 55)",b'using string_t = typename BasicJsonType::string_t;'
sqlitebrowser-master,../repos/sqlitebrowser-master/libs/json/json.hpp,"(8332, 5)-(8332, 55)",b'using binary_t = typename BasicJsonType::binary_t;'
sqlitebrowser-master,../repos/sqlitebrowser-master/libs/json/json.hpp,"(8333, 5)-(8333, 59)",b'using exception_t = typename BasicJsonType::e...'
sqlitebrowser-master,../repos/sqlitebrowser-master/libs/json/json.hpp,"(8359, 5)-(8359, 71)",b'using number_integer_t = typename BasicJsonTy...'
sqlitebrowser-master,../repos/sqlitebrowser-master/libs/json/json.hpp,"(8360, 5)-(8360, 73)",b'using number_unsigned_t = typename BasicJsonT...'
sqlitebrowser-master,../repos/sqlitebrowser-master/libs/json/json.hpp,"(8361, 5)-(8361, 67)",b'using number_float_t = typename BasicJsonType...'
sqlitebrowser-master,../repos/sqlitebrowser-master/libs/json/json.hpp,"(8362, 5)-(8362, 55)",b'using string_t = typename BasicJsonType::string_t;'
sqlitebrowser-master,../repos/sqlitebrowser-master/libs/json/json.hpp,"(8363, 5)-(8363, 55)",b'using binary_t = typename BasicJsonType::binary_t;'
sqlitebrowser-master,../repos/sqlitebrowser-master/libs/json/json.hpp,"(8364, 5)-(8364, 59)",b'using exception_t = typename BasicJsonType::e...'
sqlitebrowser-master,../repos/sqlitebrowser-master/libs/json/json.hpp,"(8449, 5)-(8449, 71)",b'using number_integer_t = typename BasicJsonTy...'
sqlitebrowser-master,../repos/sqlitebrowser-master/libs/json/json.hpp,"(8450, 5)-(8450, 73)",b'using number_unsigned_t = typename BasicJsonT...'
sqlitebrowser-master,../repos/sqlitebrowser-master/libs/json/json.hpp,"(8451, 5)-(8451, 67)",b'using number_float_t = typename BasicJsonType...'
sqlitebrowser-master,../repos/sqlitebrowser-master/libs/json/json.hpp,"(8452, 5)-(8452, 55)",b'using string_t = typename BasicJsonType::string_t;'
sqlitebrowser-master,../repos/sqlitebrowser-master/libs/json/json.hpp,"(8453, 5)-(8453, 55)",b'using binary_t = typename BasicJsonType::binary_t;'
sqlitebrowser-master,../repos/sqlitebrowser-master/libs/json/json.hpp,"(8454, 5)-(8454, 28)",b'using json_sax_t = SAX;'
sqlitebrowser-master,../repos/sqlitebrowser-master/libs/json/json.hpp,"(8455, 5)-(8455, 60)",b'using char_type = typename InputAdapterType::...'
sqlitebrowser-master,../repos/sqlitebrowser-master/libs/json/json.hpp,"(8456, 5)-(8456, 74)",b'using char_int_type = typename std::char_trai...'
sqlitebrowser-master,../repos/sqlitebrowser-master/libs/json/json.hpp,"(10650, 9)-(10650, 72)",b'using ia_type = decltype(detail::input_adapte...'
sqlitebrowser-master,../repos/sqlitebrowser-master/libs/json/json.hpp,"(10656, 9)-(10656, 83)",b'using token_type = typename detail::lexer_bas...'
sqlitebrowser-master,../repos/sqlitebrowser-master/libs/json/json.hpp,"(10968, 1)-(10969, 92)",b'using parser_callback_t =\n    std::function<b...'
sqlitebrowser-master,../repos/sqlitebrowser-master/libs/json/json.hpp,"(10979, 5)-(10979, 71)",b'using number_integer_t = typename BasicJsonTy...'
sqlitebrowser-master,../repos/sqlitebrowser-master/libs/json/json.hpp,"(10980, 5)-(10980, 73)",b'using number_unsigned_t = typename BasicJsonT...'
sqlitebrowser-master,../repos/sqlitebrowser-master/libs/json/json.hpp,"(10981, 5)-(10981, 67)",b'using number_float_t = typename BasicJsonType...'
sqlitebrowser-master,../repos/sqlitebrowser-master/libs/json/json.hpp,"(10982, 5)-(10982, 55)",b'using string_t = typename BasicJsonType::string_t;'
sqlitebrowser-master,../repos/sqlitebrowser-master/libs/json/json.hpp,"(10983, 5)-(10983, 60)","b'using lexer_t = lexer<BasicJsonType, InputAda...'"
sqlitebrowser-master,../repos/sqlitebrowser-master/libs/json/json.hpp,"(10984, 5)-(10984, 53)",b'using token_type = typename lexer_t::token_type;'
sqlitebrowser-master,../repos/sqlitebrowser-master/libs/json/json.hpp,"(11454, 5)-(11454, 44)",b'using difference_type = std::ptrdiff_t;'
sqlitebrowser-master,../repos/sqlitebrowser-master/libs/json/json.hpp,"(11627, 5)-(11627, 179)",b'using other_iter_impl = iter_impl<typename st...'
sqlitebrowser-master,../repos/sqlitebrowser-master/libs/json/json.hpp,"(11634, 5)-(11634, 55)",b'using object_t = typename BasicJsonType::object_t;'
sqlitebrowser-master,../repos/sqlitebrowser-master/libs/json/json.hpp,"(11635, 5)-(11635, 53)",b'using array_t = typename BasicJsonType::array_t;'
sqlitebrowser-master,../repos/sqlitebrowser-master/libs/json/json.hpp,"(11647, 5)-(11647, 63)",b'using iterator_category = std::bidirectional_...'
sqlitebrowser-master,../repos/sqlitebrowser-master/libs/json/json.hpp,"(11650, 5)-(11650, 59)",b'using value_type = typename BasicJsonType::va...'
sqlitebrowser-master,../repos/sqlitebrowser-master/libs/json/json.hpp,"(11652, 5)-(11652, 69)",b'using difference_type = typename BasicJsonTyp...'
sqlitebrowser-master,../repos/sqlitebrowser-master/libs/json/json.hpp,"(11654, 5)-(11656, 50)",b'using pointer = typename std::conditional<std...'
sqlitebrowser-master,../repos/sqlitebrowser-master/libs/json/json.hpp,"(11658, 5)-(11661, 50)",b'using reference =\n        typename std::condi...'
sqlitebrowser-master,../repos/sqlitebrowser-master/libs/json/json.hpp,"(12365, 5)-(12365, 44)",b'using difference_type = std::ptrdiff_t;'
sqlitebrowser-master,../repos/sqlitebrowser-master/libs/json/json.hpp,"(12367, 5)-(12367, 55)",b'using base_iterator = std::reverse_iterator<Base>;'
sqlitebrowser-master,../repos/sqlitebrowser-master/libs/json/json.hpp,"(12369, 5)-(12369, 48)",b'using reference = typename Base::reference;'
sqlitebrowser-master,../repos/sqlitebrowser-master/libs/json/json.hpp,"(12791, 9)-(12791, 61)",b'using size_type = typename BasicJsonType::siz...'
sqlitebrowser-master,../repos/sqlitebrowser-master/libs/json/json.hpp,"(13463, 5)-(13463, 38)",b'using value_type = BasicJsonType;'
sqlitebrowser-master,../repos/sqlitebrowser-master/libs/json/json.hpp,"(13579, 1)-(13579, 77)",b'using output_adapter_t = std::shared_ptr<outp...'
sqlitebrowser-master,../repos/sqlitebrowser-master/libs/json/json.hpp,"(13697, 5)-(13697, 55)",b'using string_t = typename BasicJsonType::string_t;'
sqlitebrowser-master,../repos/sqlitebrowser-master/libs/json/json.hpp,"(13698, 5)-(13698, 55)",b'using binary_t = typename BasicJsonType::binary_t;'
sqlitebrowser-master,../repos/sqlitebrowser-master/libs/json/json.hpp,"(13699, 5)-(13699, 67)",b'using number_float_t = typename BasicJsonType...'
sqlitebrowser-master,../repos/sqlitebrowser-master/libs/json/json.hpp,"(15523, 5)-(15523, 104)",b'using bits_type = typename std::conditional<k...'
sqlitebrowser-master,../repos/sqlitebrowser-master/libs/json/json.hpp,"(16466, 5)-(16466, 55)",b'using string_t = typename BasicJsonType::string_t;'
sqlitebrowser-master,../repos/sqlitebrowser-master/libs/json/json.hpp,"(16467, 5)-(16467, 67)",b'using number_float_t = typename BasicJsonType...'
sqlitebrowser-master,../repos/sqlitebrowser-master/libs/json/json.hpp,"(16468, 5)-(16468, 71)",b'using number_integer_t = typename BasicJsonTy...'
sqlitebrowser-master,../repos/sqlitebrowser-master/libs/json/json.hpp,"(16469, 5)-(16469, 73)",b'using number_unsigned_t = typename BasicJsonT...'
sqlitebrowser-master,../repos/sqlitebrowser-master/libs/json/json.hpp,"(16470, 5)-(16470, 72)",b'using binary_char_t = typename BasicJsonType:...'
sqlitebrowser-master,../repos/sqlitebrowser-master/libs/json/json.hpp,"(17410, 5)-(17410, 26)",b'using key_type = Key;'
sqlitebrowser-master,../repos/sqlitebrowser-master/libs/json/json.hpp,"(17411, 5)-(17411, 27)",b'using mapped_type = T;'
sqlitebrowser-master,../repos/sqlitebrowser-master/libs/json/json.hpp,"(17412, 5)-(17412, 71)",b'using Container = std::vector<std::pair<const...'
sqlitebrowser-master,../repos/sqlitebrowser-master/libs/json/json.hpp,"(17564, 5)-(17565, 52)",b'using require_input_iter = typename std::enab...'
sqlitebrowser-master,../repos/sqlitebrowser-master/libs/json/json.hpp,"(17699, 5)-(17699, 50)",b'using basic_json_t = NLOHMANN_BASIC_JSON_TPL;'
sqlitebrowser-master,../repos/sqlitebrowser-master/libs/json/json.hpp,"(17720, 5)-(17720, 84)",b'using internal_iterator = ::nlohmann::detail:...'
sqlitebrowser-master,../repos/sqlitebrowser-master/libs/json/json.hpp,"(17722, 5)-(17722, 68)",b'using iter_impl = ::nlohmann::detail::iter_im...'
sqlitebrowser-master,../repos/sqlitebrowser-master/libs/json/json.hpp,"(17724, 5)-(17724, 75)",b'using iteration_proxy = ::nlohmann::detail::i...'
sqlitebrowser-master,../repos/sqlitebrowser-master/libs/json/json.hpp,"(17725, 29)-(17725, 107)",b'using json_reverse_iterator = ::nlohmann::det...'
sqlitebrowser-master,../repos/sqlitebrowser-master/libs/json/json.hpp,"(17728, 5)-(17728, 77)",b'using output_adapter_t = ::nlohmann::detail::...'
sqlitebrowser-master,../repos/sqlitebrowser-master/libs/json/json.hpp,"(17731, 5)-(17731, 84)",b'using binary_reader = ::nlohmann::detail::bin...'
sqlitebrowser-master,../repos/sqlitebrowser-master/libs/json/json.hpp,"(17732, 33)-(17732, 111)",b'using binary_writer = ::nlohmann::detail::bin...'
sqlitebrowser-master,../repos/sqlitebrowser-master/libs/json/json.hpp,"(17740, 5)-(17740, 63)",b'using json_pointer = ::nlohmann::json_pointer...'
sqlitebrowser-master,../repos/sqlitebrowser-master/libs/json/json.hpp,"(17742, 5)-(17742, 55)","b'using json_serializer = JSONSerializer<T, SFINAE>;'"
sqlitebrowser-master,../repos/sqlitebrowser-master/libs/json/json.hpp,"(17744, 5)-(17744, 53)",b'using error_handler_t = detail::error_handler_t;'
sqlitebrowser-master,../repos/sqlitebrowser-master/libs/json/json.hpp,"(17746, 5)-(17746, 59)",b'using cbor_tag_handler_t = detail::cbor_tag_h...'
sqlitebrowser-master,../repos/sqlitebrowser-master/libs/json/json.hpp,"(17748, 5)-(17748, 84)",b'using initializer_list_t = std::initializer_l...'
sqlitebrowser-master,../repos/sqlitebrowser-master/libs/json/json.hpp,"(17750, 5)-(17750, 51)",b'using input_format_t = detail::input_format_t;'
sqlitebrowser-master,../repos/sqlitebrowser-master/libs/json/json.hpp,"(17752, 5)-(17752, 45)",b'using json_sax_t = json_sax<basic_json>;'
sqlitebrowser-master,../repos/sqlitebrowser-master/libs/json/json.hpp,"(17763, 5)-(17763, 41)",b'using exception = detail::exception;'
sqlitebrowser-master,../repos/sqlitebrowser-master/libs/json/json.hpp,"(17765, 5)-(17765, 45)",b'using parse_error = detail::parse_error;'
sqlitebrowser-master,../repos/sqlitebrowser-master/libs/json/json.hpp,"(17767, 5)-(17767, 55)",b'using invalid_iterator = detail::invalid_iterator;'
sqlitebrowser-master,../repos/sqlitebrowser-master/libs/json/json.hpp,"(17769, 5)-(17769, 43)",b'using type_error = detail::type_error;'
sqlitebrowser-master,../repos/sqlitebrowser-master/libs/json/json.hpp,"(17771, 5)-(17771, 47)",b'using out_of_range = detail::out_of_range;'
sqlitebrowser-master,../repos/sqlitebrowser-master/libs/json/json.hpp,"(17773, 5)-(17773, 45)",b'using other_error = detail::other_error;'
sqlitebrowser-master,../repos/sqlitebrowser-master/libs/json/json.hpp,"(17788, 5)-(17788, 35)",b'using value_type = basic_json;'
sqlitebrowser-master,../repos/sqlitebrowser-master/libs/json/json.hpp,"(17791, 5)-(17791, 35)",b'using reference = value_type&;'
sqlitebrowser-master,../repos/sqlitebrowser-master/libs/json/json.hpp,"(17793, 5)-(17793, 47)",b'using const_reference = const value_type&;'
sqlitebrowser-master,../repos/sqlitebrowser-master/libs/json/json.hpp,"(17796, 5)-(17796, 44)",b'using difference_type = std::ptrdiff_t;'
sqlitebrowser-master,../repos/sqlitebrowser-master/libs/json/json.hpp,"(17798, 5)-(17798, 35)",b'using size_type = std::size_t;'
sqlitebrowser-master,../repos/sqlitebrowser-master/libs/json/json.hpp,"(17801, 5)-(17801, 54)",b'using allocator_type = AllocatorType<basic_json>;'
sqlitebrowser-master,../repos/sqlitebrowser-master/libs/json/json.hpp,"(17804, 5)-(17804, 77)",b'using pointer = typename std::allocator_trait...'
sqlitebrowser-master,../repos/sqlitebrowser-master/libs/json/json.hpp,"(17806, 5)-(17806, 89)",b'using const_pointer = typename std::allocator...'
sqlitebrowser-master,../repos/sqlitebrowser-master/libs/json/json.hpp,"(17809, 5)-(17809, 44)",b'using iterator = iter_impl<basic_json>;'
sqlitebrowser-master,../repos/sqlitebrowser-master/libs/json/json.hpp,"(17811, 5)-(17811, 56)",b'using const_iterator = iter_impl<const basic_...'
sqlitebrowser-master,../repos/sqlitebrowser-master/libs/json/json.hpp,"(17813, 5)-(17813, 83)",b'using reverse_iterator = json_reverse_iterato...'
sqlitebrowser-master,../repos/sqlitebrowser-master/libs/json/json.hpp,"(17815, 5)-(17815, 95)",b'using const_reverse_iterator = json_reverse_i...'
sqlitebrowser-master,../repos/sqlitebrowser-master/libs/json/json.hpp,"(17923, 5)-(17923, 45)",b'using object_comparator_t = std::less<>;'
sqlitebrowser-master,../repos/sqlitebrowser-master/libs/json/json.hpp,"(17925, 5)-(17925, 55)",b'using object_comparator_t = std::less<StringType>;'
sqlitebrowser-master,../repos/sqlitebrowser-master/libs/json/json.hpp,"(18011, 5)-(18015, 25)","b'using object_t = ObjectType<StringType,\n     ...'"
sqlitebrowser-master,../repos/sqlitebrowser-master/libs/json/json.hpp,"(18061, 5)-(18061, 70)","b'using array_t = ArrayType<basic_json, Allocat...'"
sqlitebrowser-master,../repos/sqlitebrowser-master/libs/json/json.hpp,"(18114, 5)-(18114, 33)",b'using string_t = StringType;'
sqlitebrowser-master,../repos/sqlitebrowser-master/libs/json/json.hpp,"(18140, 5)-(18140, 35)",b'using boolean_t = BooleanType;'
sqlitebrowser-master,../repos/sqlitebrowser-master/libs/json/json.hpp,"(18212, 5)-(18212, 48)",b'using number_integer_t = NumberIntegerType;'
sqlitebrowser-master,../repos/sqlitebrowser-master/libs/json/json.hpp,"(18283, 5)-(18283, 50)",b'using number_unsigned_t = NumberUnsignedType;'
sqlitebrowser-master,../repos/sqlitebrowser-master/libs/json/json.hpp,"(18351, 5)-(18351, 44)",b'using number_float_t = NumberFloatType;'
sqlitebrowser-master,../repos/sqlitebrowser-master/libs/json/json.hpp,"(18422, 5)-(18422, 72)",b'using binary_t = nlohmann::byte_container_wit...'
sqlitebrowser-master,../repos/sqlitebrowser-master/libs/json/json.hpp,"(18433, 9)-(18433, 73)",b'using AllocatorTraits = std::allocator_traits...'
sqlitebrowser-master,../repos/sqlitebrowser-master/libs/json/json.hpp,"(18934, 5)-(18934, 69)",b'using parser_callback_t = detail::parser_call...'
sqlitebrowser-master,../repos/sqlitebrowser-master/libs/json/json.hpp,"(19111, 9)-(19111, 67)",b'using other_boolean_t = typename BasicJsonTyp...'
sqlitebrowser-master,../repos/sqlitebrowser-master/libs/json/json.hpp,"(19112, 9)-(19112, 77)",b'using other_number_float_t = typename BasicJs...'
sqlitebrowser-master,../repos/sqlitebrowser-master/libs/json/json.hpp,"(19113, 9)-(19113, 81)",b'using other_number_integer_t = typename Basic...'
sqlitebrowser-master,../repos/sqlitebrowser-master/libs/json/json.hpp,"(19114, 9)-(19114, 83)",b'using other_number_unsigned_t = typename Basi...'
sqlitebrowser-master,../repos/sqlitebrowser-master/libs/json/json.hpp,"(19115, 9)-(19115, 65)",b'using other_string_t = typename BasicJsonType...'
sqlitebrowser-master,../repos/sqlitebrowser-master/libs/json/json.hpp,"(19116, 9)-(19116, 65)",b'using other_object_t = typename BasicJsonType...'
sqlitebrowser-master,../repos/sqlitebrowser-master/libs/json/json.hpp,"(19117, 9)-(19117, 63)",b'using other_array_t = typename BasicJsonType:...'
sqlitebrowser-master,../repos/sqlitebrowser-master/libs/json/json.hpp,"(19118, 9)-(19118, 65)",b'using other_binary_t = typename BasicJsonType...'
sqlitebrowser-master,../repos/sqlitebrowser-master/libs/qscintilla/src/UniqueString.h,"(14, 1)-(14, 52)",b'using UniqueString = std::unique_ptr<const ch...'
sqlitebrowser-master,../repos/sqlitebrowser-master/src/csvparser.h,"(54, 5)-(54, 64)",b'using csvRowFunction = std::function<bool(siz...'
sqlitebrowser-master,../repos/sqlitebrowser-master/src/EditDialog.cpp,"(26, 1)-(26, 29)",b'using json = nlohmann::json;'
sqlitebrowser-master,../repos/sqlitebrowser-master/src/ExportDataDialog.cpp,"(16, 1)-(16, 29)",b'using json = nlohmann::json;'
sqlitebrowser-master,../repos/sqlitebrowser-master/src/ExtendedTableWidget.cpp,"(32, 1)-(32, 43)",b'using BufferRow = std::vector<QByteArray>;'
sqlitebrowser-master,../repos/sqlitebrowser-master/src/RemoteCommitsModel.cpp,"(7, 1)-(7, 29)",b'using json = nlohmann::json;'
sqlitebrowser-master,../repos/sqlitebrowser-master/src/RemoteDock.cpp,"(23, 1)-(23, 29)",b'using json = nlohmann::json;'
sqlitebrowser-master,../repos/sqlitebrowser-master/src/RemoteLocalFilesModel.cpp,"(13, 1)-(13, 29)",b'using json = nlohmann::json;'
sqlitebrowser-master,../repos/sqlitebrowser-master/src/RemoteModel.cpp,"(7, 1)-(7, 29)",b'using json = nlohmann::json;'
sqlitebrowser-master,../repos/sqlitebrowser-master/src/RemoteNetwork.cpp,"(25, 1)-(25, 29)",b'using json = nlohmann::json;'
sqlitebrowser-master,../repos/sqlitebrowser-master/src/RemotePushDialog.cpp,"(11, 1)-(11, 29)",b'using json = nlohmann::json;'
sqlitebrowser-master,../repos/sqlitebrowser-master/src/RowCache.h,"(30, 5)-(30, 26)",b'using value_type = T;'
sqlitebrowser-master,../repos/sqlitebrowser-master/src/RowCache.h,"(77, 5)-(77, 43)",b'using Segments = std::vector<Segment>;'
sqlitebrowser-master,../repos/sqlitebrowser-master/src/RowLoader.h,"(26, 5)-(26, 53)",b'using Cache = RowCache<std::vector<QByteArray>>;'
sqlitebrowser-master,../repos/sqlitebrowser-master/src/sql/parser/sqlite3_parser.hpp,"(64, 2)-(64, 92)",b'using ColumnList = std::pair<std::vector<std:...'
sqlitebrowser-master,../repos/sqlitebrowser-master/src/sql/sqlitetypes.h,"(52, 1)-(52, 47)",b'using StringVector = std::vector<std::string>;'
sqlitebrowser-master,../repos/sqlitebrowser-master/src/sql/sqlitetypes.h,"(62, 1)-(62, 43)",b'using ObjectPtr = std::shared_ptr<Object>;'
sqlitebrowser-master,../repos/sqlitebrowser-master/src/sql/sqlitetypes.h,"(63, 1)-(63, 41)",b'using TablePtr = std::shared_ptr<Table>;'
sqlitebrowser-master,../repos/sqlitebrowser-master/src/sql/sqlitetypes.h,"(64, 1)-(64, 41)",b'using IndexPtr = std::shared_ptr<Index>;'
sqlitebrowser-master,../repos/sqlitebrowser-master/src/sql/sqlitetypes.h,"(65, 1)-(65, 39)",b'using ViewPtr = std::shared_ptr<View>;'
sqlitebrowser-master,../repos/sqlitebrowser-master/src/sql/sqlitetypes.h,"(66, 1)-(66, 45)",b'using TriggerPtr = std::shared_ptr<Trigger>;'
sqlitebrowser-master,../repos/sqlitebrowser-master/src/sql/sqlitetypes.h,"(67, 1)-(67, 40)",b'using FieldVector = std::vector<Field>;'
sqlitebrowser-master,../repos/sqlitebrowser-master/src/sql/sqlitetypes.h,"(68, 1)-(68, 56)",b'using IndexedColumnVector = std::vector<Index...'
sqlitebrowser-master,../repos/sqlitebrowser-master/src/sql/sqlitetypes.h,"(358, 5)-(358, 30)",b'using field_type = Field;'
sqlitebrowser-master,../repos/sqlitebrowser-master/src/sql/sqlitetypes.h,"(359, 5)-(359, 50)",b'using field_iterator = FieldVector::iterator;'
sqlitebrowser-master,../repos/sqlitebrowser-master/src/sql/sqlitetypes.h,"(475, 5)-(475, 38)",b'using field_type = IndexedColumn;'
sqlitebrowser-master,../repos/sqlitebrowser-master/src/sql/sqlitetypes.h,"(476, 5)-(476, 58)",b'using field_iterator = IndexedColumnVector::i...'
sqlitebrowser-master,../repos/sqlitebrowser-master/src/sqlitedb.h,"(41, 1)-(41, 52)","b'using schemaMap = std::map<std::string, objec...'"
sqlitebrowser-master,../repos/sqlitebrowser-master/src/sqlitedb.h,"(101, 5)-(101, 72)",b'using db_pointer_type = std::unique_ptr<sqlit...'
sqlitebrowser-master,../repos/sqlitebrowser-master/src/sqlitedb.h,"(155, 5)-(155, 101)","b'using execCallback = std::function<bool(int, ...'"
sqlitebrowser-master,../repos/sqlitebrowser-master/src/sqlitedb.h,"(219, 5)-(219, 63)",b'using AlterTableTrackColumns = std::map<QStri...'
sqlitebrowser-master,../repos/sqlitebrowser-master/src/sqlitetablemodel.h,"(203, 5)-(203, 41)",b'using Row = std::vector<QByteArray>;'
sqlitebrowser-master,../repos/sqlitebrowser-master/src/SqlUiLexer.h,"(26, 5)-(26, 73)","b'using TablesAndColumnsMap = std::map<QString,...'"
sqlitebrowser-master,../repos/sqlitebrowser-master/src/SqlUiLexer.h,"(27, 5)-(27, 71)","b'using QualifiedTablesMap = std::map<QString, ...'"
sqlitebrowser-master,../repos/sqlitebrowser-master/src/TableBrowser.h,"(29, 5)-(29, 69)","b'using CondFormatMap = std::map<size_t, std::v...'"
sqlitebrowser-master,../repos/sqlitebrowser-master/src/tests/TestRowCache.cpp,"(16, 1)-(16, 25)",b'using C = RowCache<int>;'
sqlitebrowser-master,../repos/sqlitebrowser-master/src/tests/TestRowCache.cpp,"(160, 5)-(160, 40)","b'using P = std::pair<size_t,size_t>;'"
