Repo name,File name,Location,Content
sqlitebrowser-master,../repos/sqlitebrowser-master/libs/qscintilla/lexlib/OptionSet.h,"(23, 3)-(27, 4)",b'union {\n\t\t\tplcob pb;\n\t\t\tplcoi pi;\n\t\t\tplcos ps...'
sqlitebrowser-master,../repos/sqlitebrowser-master/src/extensions/extension-formats.c,"(44, 3)-(55, 4)",b'union {\n    time_t date;\n    double real;\n   ...'
sqlitebrowser-master,../repos/sqlitebrowser-master/src/extensions/extension-formats.c,"(192, 3)-(196, 4)",b'union {\n    double v;\n    float f[2];\n    uns...'
sqlitebrowser-master,../repos/sqlitebrowser-master/src/sql/parser/sqlite3_parser.hpp,"(424, 5)-(596, 6)",b'union union_type\n    {\n      // columndef_lis...'
sqlitebrowser-master,../repos/sqlitebrowser-master/src/sql/parser/sqlite3_parser.hpp,"(602, 5)-(608, 6)",b'union\n    {\n      /// Strongest alignment con...'
