Repo name,File name,Location,Content
sqlitebrowser-master,../repos/sqlitebrowser-master/libs/qcustomplot-source/qcustomplot.cpp,"(16032, 3)-(16032, 77)","b'typedef QPair<QCPAbstractPlottable*, QCPDataS...'"
sqlitebrowser-master,../repos/sqlitebrowser-master/libs/qcustomplot-source/qcustomplot.cpp,"(16033, 3)-(16033, 66)","b'typedef QMultiMap<int, SelectionCandidate> Se...'"
sqlitebrowser-master,../repos/sqlitebrowser-master/libs/qcustomplot-source/qcustomplot.h,"(2581, 3)-(2581, 69)",b'typedef typename QVector<DataType>::const_ite...'
sqlitebrowser-master,../repos/sqlitebrowser-master/libs/qcustomplot-source/qcustomplot.h,"(2582, 3)-(2582, 57)",b'typedef typename QVector<DataType>::iterator ...'
sqlitebrowser-master,../repos/sqlitebrowser-master/libs/qcustomplot-source/qcustomplot.h,"(5455, 1)-(5455, 62)",b'typedef QCPDataContainer<QCPGraphData> QCPGra...'
sqlitebrowser-master,../repos/sqlitebrowser-master/libs/qcustomplot-source/qcustomplot.h,"(5595, 1)-(5595, 62)",b'typedef QCPDataContainer<QCPCurveData> QCPCur...'
sqlitebrowser-master,../repos/sqlitebrowser-master/libs/qcustomplot-source/qcustomplot.h,"(5774, 1)-(5774, 60)",b'typedef QCPDataContainer<QCPBarsData> QCPBars...'
sqlitebrowser-master,../repos/sqlitebrowser-master/libs/qcustomplot-source/qcustomplot.h,"(5905, 1)-(5905, 80)",b'typedef QCPDataContainer<QCPStatisticalBoxDat...'
sqlitebrowser-master,../repos/sqlitebrowser-master/libs/qcustomplot-source/qcustomplot.h,"(6150, 1)-(6150, 70)",b'typedef QCPDataContainer<QCPFinancialData> QC...'
sqlitebrowser-master,../repos/sqlitebrowser-master/libs/qcustomplot-source/qcustomplot.h,"(6287, 1)-(6287, 61)",b'typedef QVector<QCPErrorBarsData> QCPErrorBar...'
sqlitebrowser-master,../repos/sqlitebrowser-master/libs/qscintilla/include/Platform.h,"(89, 1)-(89, 26)",b'typedef float XYPOSITION;'
sqlitebrowser-master,../repos/sqlitebrowser-master/libs/qscintilla/include/Platform.h,"(90, 1)-(90, 30)",b'typedef double XYACCUMULATOR;'
sqlitebrowser-master,../repos/sqlitebrowser-master/libs/qscintilla/include/Platform.h,"(95, 1)-(95, 22)",b'typedef void *FontID;'
sqlitebrowser-master,../repos/sqlitebrowser-master/libs/qscintilla/include/Platform.h,"(96, 1)-(96, 25)",b'typedef void *SurfaceID;'
sqlitebrowser-master,../repos/sqlitebrowser-master/libs/qscintilla/include/Platform.h,"(97, 1)-(97, 24)",b'typedef void *WindowID;'
sqlitebrowser-master,../repos/sqlitebrowser-master/libs/qscintilla/include/Platform.h,"(98, 1)-(98, 22)",b'typedef void *MenuID;'
sqlitebrowser-master,../repos/sqlitebrowser-master/libs/qscintilla/include/Platform.h,"(99, 1)-(99, 24)",b'typedef void *TickerID;'
sqlitebrowser-master,../repos/sqlitebrowser-master/libs/qscintilla/include/Platform.h,"(100, 1)-(100, 24)",b'typedef void *Function;'
sqlitebrowser-master,../repos/sqlitebrowser-master/libs/qscintilla/include/Platform.h,"(101, 1)-(101, 23)",b'typedef void *IdlerID;'
sqlitebrowser-master,../repos/sqlitebrowser-master/libs/qscintilla/include/Scintilla.h,"(33, 1)-(33, 26)",b'typedef uintptr_t uptr_t;'
sqlitebrowser-master,../repos/sqlitebrowser-master/libs/qscintilla/include/Scintilla.h,"(35, 1)-(35, 25)",b'typedef intptr_t sptr_t;'
sqlitebrowser-master,../repos/sqlitebrowser-master/libs/qscintilla/include/Scintilla.h,"(39, 1)-(39, 96)","b'typedef sptr_t (*SciFnDirect)(sptr_t ptr, uns...'"
sqlitebrowser-master,../repos/sqlitebrowser-master/libs/qscintilla/include/Scintilla.h,"(1147, 1)-(1147, 29)",b'typedef void *Sci_SurfaceID;'
sqlitebrowser-master,../repos/sqlitebrowser-master/libs/qscintilla/include/Scintilla.h,"(1170, 1)-(1170, 50)",b'typedef struct Sci_NotifyHeader Sci_NotifyHeader;'
sqlitebrowser-master,../repos/sqlitebrowser-master/libs/qscintilla/include/Scintilla.h,"(1171, 1)-(1171, 46)",b'typedef struct SCNotification SCNotification;'
sqlitebrowser-master,../repos/sqlitebrowser-master/libs/qscintilla/include/ScintillaWidget.h,"(30, 1)-(30, 49)",b'typedef struct _ScintillaObject ScintillaObject;'
sqlitebrowser-master,../repos/sqlitebrowser-master/libs/qscintilla/include/ScintillaWidget.h,"(31, 1)-(31, 54)",b'typedef struct _ScintillaClass  ScintillaObje...'
sqlitebrowser-master,../repos/sqlitebrowser-master/libs/qscintilla/include/ScintillaWidget.h,"(55, 1)-(55, 48)",b'typedef struct _ScintillaClass  ScintillaClass;'
sqlitebrowser-master,../repos/sqlitebrowser-master/libs/qscintilla/include/Sci_Position.h,"(15, 1)-(15, 32)",b'typedef ptrdiff_t Sci_Position;'
sqlitebrowser-master,../repos/sqlitebrowser-master/libs/qscintilla/include/Sci_Position.h,"(18, 1)-(18, 30)",b'typedef size_t Sci_PositionU;'
sqlitebrowser-master,../repos/sqlitebrowser-master/libs/qscintilla/include/Sci_Position.h,"(21, 1)-(21, 29)",b'typedef long Sci_PositionCR;'
sqlitebrowser-master,../repos/sqlitebrowser-master/libs/qscintilla/lexers/LexSQL.cpp,"(64, 1)-(64, 34)",b'typedef unsigned int sql_state_t;'
sqlitebrowser-master,../repos/sqlitebrowser-master/libs/qscintilla/lexlib/Accessor.h,"(19, 1)-(19, 90)",b'typedef bool (*PFNIsCommentLeader)(Accessor &...'
sqlitebrowser-master,../repos/sqlitebrowser-master/libs/qscintilla/lexlib/LexerModule.h,"(17, 1)-(18, 63)",b'typedef void (*LexerFunction)(Sci_PositionU s...'
sqlitebrowser-master,../repos/sqlitebrowser-master/libs/qscintilla/lexlib/LexerModule.h,"(19, 1)-(19, 43)",b'typedef ILexer *(*LexerFactoryFunction)();'
sqlitebrowser-master,../repos/sqlitebrowser-master/libs/qscintilla/lexlib/OptionSet.h,"(17, 2)-(17, 19)",b'typedef T Target;'
sqlitebrowser-master,../repos/sqlitebrowser-master/libs/qscintilla/lexlib/OptionSet.h,"(18, 2)-(18, 25)",b'typedef bool T::*plcob;'
sqlitebrowser-master,../repos/sqlitebrowser-master/libs/qscintilla/lexlib/OptionSet.h,"(19, 2)-(19, 24)",b'typedef int T::*plcoi;'
sqlitebrowser-master,../repos/sqlitebrowser-master/libs/qscintilla/lexlib/OptionSet.h,"(20, 2)-(20, 32)",b'typedef std::string T::*plcos;'
sqlitebrowser-master,../repos/sqlitebrowser-master/libs/qscintilla/lexlib/OptionSet.h,"(70, 2)-(70, 50)","b'typedef std::map<std::string, Option> OptionMap;'"
sqlitebrowser-master,../repos/sqlitebrowser-master/libs/qscintilla/lexlib/PropSetSimple.cpp,"(22, 1)-(22, 50)","b'typedef std::map<std::string, std::string> mapss;'"
sqlitebrowser-master,../repos/sqlitebrowser-master/libs/qscintilla/lexlib/SparseState.h,"(30, 2)-(30, 41)",b'typedef std::vector<State> stateVector;'
sqlitebrowser-master,../repos/sqlitebrowser-master/libs/qscintilla/Qt4Qt5/ListBoxQt.h,"(72, 5)-(72, 39)","b'typedef QMap<int, QPixmap> xpmMap;'"
sqlitebrowser-master,../repos/sqlitebrowser-master/libs/qscintilla/Qt4Qt5/Qsci/qsciapis.h,"(182, 5)-(182, 47)","b'typedef QPair<quint32, quint32> WordIndex;'"
sqlitebrowser-master,../repos/sqlitebrowser-master/libs/qscintilla/Qt4Qt5/Qsci/qsciapis.h,"(185, 5)-(185, 44)",b'typedef QList<WordIndex> WordIndexList;'
sqlitebrowser-master,../repos/sqlitebrowser-master/libs/qscintilla/src/CaseConvert.cpp,"(587, 2)-(587, 65)",b'typedef std::vector<CharacterConversion> Char...'
sqlitebrowser-master,../repos/sqlitebrowser-master/libs/qscintilla/src/Document.cpp,"(2722, 2)-(2722, 60)",b'typedef std::bidirectional_iterator_tag itera...'
sqlitebrowser-master,../repos/sqlitebrowser-master/libs/qscintilla/src/Document.cpp,"(2723, 2)-(2723, 26)",b'typedef char value_type;'
sqlitebrowser-master,../repos/sqlitebrowser-master/libs/qscintilla/src/Document.cpp,"(2724, 2)-(2724, 36)",b'typedef ptrdiff_t difference_type;'
sqlitebrowser-master,../repos/sqlitebrowser-master/libs/qscintilla/src/Document.cpp,"(2725, 2)-(2725, 24)",b'typedef char* pointer;'
sqlitebrowser-master,../repos/sqlitebrowser-master/libs/qscintilla/src/Document.cpp,"(2726, 2)-(2726, 26)",b'typedef char& reference;'
sqlitebrowser-master,../repos/sqlitebrowser-master/libs/qscintilla/src/Document.cpp,"(2807, 2)-(2807, 60)",b'typedef std::bidirectional_iterator_tag itera...'
sqlitebrowser-master,../repos/sqlitebrowser-master/libs/qscintilla/src/Document.cpp,"(2808, 2)-(2808, 29)",b'typedef wchar_t value_type;'
sqlitebrowser-master,../repos/sqlitebrowser-master/libs/qscintilla/src/Document.cpp,"(2809, 2)-(2809, 36)",b'typedef ptrdiff_t difference_type;'
sqlitebrowser-master,../repos/sqlitebrowser-master/libs/qscintilla/src/Document.cpp,"(2810, 2)-(2810, 27)",b'typedef wchar_t* pointer;'
sqlitebrowser-master,../repos/sqlitebrowser-master/libs/qscintilla/src/Document.cpp,"(2811, 2)-(2811, 29)",b'typedef wchar_t& reference;'
sqlitebrowser-master,../repos/sqlitebrowser-master/libs/qscintilla/src/Document.cpp,"(2922, 2)-(2922, 60)",b'typedef std::bidirectional_iterator_tag itera...'
sqlitebrowser-master,../repos/sqlitebrowser-master/libs/qscintilla/src/Document.cpp,"(2923, 2)-(2923, 29)",b'typedef wchar_t value_type;'
sqlitebrowser-master,../repos/sqlitebrowser-master/libs/qscintilla/src/Document.cpp,"(2924, 2)-(2924, 36)",b'typedef ptrdiff_t difference_type;'
sqlitebrowser-master,../repos/sqlitebrowser-master/libs/qscintilla/src/Document.cpp,"(2925, 2)-(2925, 27)",b'typedef wchar_t* pointer;'
sqlitebrowser-master,../repos/sqlitebrowser-master/libs/qscintilla/src/Document.cpp,"(2926, 2)-(2926, 29)",b'typedef wchar_t& reference;'
sqlitebrowser-master,../repos/sqlitebrowser-master/libs/qscintilla/src/EditView.h,"(43, 1)-(43, 78)",b'typedef void (*DrawTabArrowFn)(Surface *surfa...'
sqlitebrowser-master,../repos/sqlitebrowser-master/libs/qscintilla/src/ExternalLexer.h,"(26, 1)-(26, 49)",b'typedef int (EXT_LEXER_DECL *GetLexerCountFn)();'
sqlitebrowser-master,../repos/sqlitebrowser-master/libs/qscintilla/src/ExternalLexer.h,"(27, 1)-(27, 94)",b'typedef void (EXT_LEXER_DECL *GetLexerNameFn)...'
sqlitebrowser-master,../repos/sqlitebrowser-master/libs/qscintilla/src/ExternalLexer.h,"(28, 1)-(28, 91)",b'typedef LexerFactoryFunction(EXT_LEXER_DECL *...'
sqlitebrowser-master,../repos/sqlitebrowser-master/libs/qscintilla/src/LineMarker.h,"(16, 1)-(16, 149)",b'typedef void (*DrawLineMarkerFn)(Surface *sur...'
sqlitebrowser-master,../repos/sqlitebrowser-master/libs/qscintilla/src/MarginView.h,"(15, 1)-(15, 116)",b'typedef void (*DrawWrapMarkerFn)(Surface *sur...'
sqlitebrowser-master,../repos/sqlitebrowser-master/libs/qscintilla/src/PerLine.h,"(140, 1)-(140, 38)",b'typedef std::vector<int> TabstopList;'
sqlitebrowser-master,../repos/sqlitebrowser-master/libs/qscintilla/src/Position.h,"(19, 1)-(19, 28)",b'typedef ptrdiff_t Position;'
sqlitebrowser-master,../repos/sqlitebrowser-master/libs/qscintilla/src/Position.h,"(20, 1)-(20, 24)",b'typedef ptrdiff_t Line;'
sqlitebrowser-master,../repos/sqlitebrowser-master/libs/qscintilla/src/PositionCache.h,"(168, 1)-(168, 66)","b'typedef std::map<unsigned int, Representation...'"
sqlitebrowser-master,../repos/sqlitebrowser-master/libs/qscintilla/src/ViewStyle.h,"(62, 1)-(62, 76)","b'typedef std::map<FontSpecification, std::uniq...'"
sqlitebrowser-master,../repos/sqlitebrowser-master/libs/qscintilla/src/XPM.h,"(102, 2)-(102, 61)","b'typedef std::map<int, std::unique_ptr<RGBAIma...'"
sqlitebrowser-master,../repos/sqlitebrowser-master/src/extensions/extension-formats.c,"(36, 1)-(39, 7)",b'typedef struct KEY {\n  struct OBJECT *key;\n  ...'
sqlitebrowser-master,../repos/sqlitebrowser-master/src/extensions/extension-formats.c,"(41, 1)-(56, 10)",b'typedef struct OBJECT {\n  int type;\n  int len...'
sqlitebrowser-master,../repos/sqlitebrowser-master/src/extensions/extension-formats.c,"(58, 1)-(70, 10)",b'typedef struct CONFIG {\n  int bytesPerOffset;...'
sqlitebrowser-master,../repos/sqlitebrowser-master/src/extensions/extension-functions.c,"(150, 1)-(150, 52)","b'typedef int(*cmp_func)(const void *, const vo...'"
sqlitebrowser-master,../repos/sqlitebrowser-master/src/extensions/extension-functions.c,"(151, 1)-(151, 52)","b'typedef void(*map_iterator)(void*, int64_t, v...'"
sqlitebrowser-master,../repos/sqlitebrowser-master/src/extensions/extension-functions.c,"(153, 1)-(158, 8)",b'typedef struct node{\n  struct node *l;\n  stru...'
sqlitebrowser-master,../repos/sqlitebrowser-master/src/extensions/extension-functions.c,"(160, 1)-(164, 7)",b'typedef struct map{\n  node *base;\n  cmp_func ...'
sqlitebrowser-master,../repos/sqlitebrowser-master/src/extensions/extension-functions.c,"(200, 1)-(200, 28)",b'typedef uint8_t         u8;'
sqlitebrowser-master,../repos/sqlitebrowser-master/src/extensions/extension-functions.c,"(201, 1)-(201, 29)",b'typedef uint16_t        u16;'
sqlitebrowser-master,../repos/sqlitebrowser-master/src/extensions/extension-functions.c,"(202, 1)-(202, 29)",b'typedef int64_t         i64;'
sqlitebrowser-master,../repos/sqlitebrowser-master/src/extensions/extension-functions.c,"(1358, 1)-(1358, 34)",b'typedef struct StdevCtx StdevCtx;'
sqlitebrowser-master,../repos/sqlitebrowser-master/src/extensions/extension-functions.c,"(1373, 1)-(1373, 32)",b'typedef struct ModeCtx ModeCtx;'
sqlitebrowser-master,../repos/sqlitebrowser-master/src/sql/parser/ParserDriver.h,"(9, 1)-(9, 24)",b'typedef void* yyscan_t;'
sqlitebrowser-master,../repos/sqlitebrowser-master/src/sql/parser/ParserDriver.h,"(54, 5)-(54, 53)",b'typedef struct yy_buffer_state* YY_BUFFER_STATE;'
sqlitebrowser-master,../repos/sqlitebrowser-master/src/sql/parser/sqlite3_lexer.cpp,"(67, 1)-(67, 28)",b'typedef int8_t flex_int8_t;'
sqlitebrowser-master,../repos/sqlitebrowser-master/src/sql/parser/sqlite3_lexer.cpp,"(68, 1)-(68, 30)",b'typedef uint8_t flex_uint8_t;'
sqlitebrowser-master,../repos/sqlitebrowser-master/src/sql/parser/sqlite3_lexer.cpp,"(69, 1)-(69, 30)",b'typedef int16_t flex_int16_t;'
sqlitebrowser-master,../repos/sqlitebrowser-master/src/sql/parser/sqlite3_lexer.cpp,"(70, 1)-(70, 32)",b'typedef uint16_t flex_uint16_t;'
sqlitebrowser-master,../repos/sqlitebrowser-master/src/sql/parser/sqlite3_lexer.cpp,"(71, 1)-(71, 30)",b'typedef int32_t flex_int32_t;'
sqlitebrowser-master,../repos/sqlitebrowser-master/src/sql/parser/sqlite3_lexer.cpp,"(72, 1)-(72, 32)",b'typedef uint32_t flex_uint32_t;'
sqlitebrowser-master,../repos/sqlitebrowser-master/src/sql/parser/sqlite3_lexer.cpp,"(74, 1)-(74, 33)",b'typedef signed char flex_int8_t;'
sqlitebrowser-master,../repos/sqlitebrowser-master/src/sql/parser/sqlite3_lexer.cpp,"(75, 1)-(75, 32)",b'typedef short int flex_int16_t;'
sqlitebrowser-master,../repos/sqlitebrowser-master/src/sql/parser/sqlite3_lexer.cpp,"(76, 1)-(76, 26)",b'typedef int flex_int32_t;'
sqlitebrowser-master,../repos/sqlitebrowser-master/src/sql/parser/sqlite3_lexer.cpp,"(77, 1)-(77, 36)",b'typedef unsigned char flex_uint8_t;'
sqlitebrowser-master,../repos/sqlitebrowser-master/src/sql/parser/sqlite3_lexer.cpp,"(78, 1)-(78, 42)",b'typedef unsigned short int flex_uint16_t;'
sqlitebrowser-master,../repos/sqlitebrowser-master/src/sql/parser/sqlite3_lexer.cpp,"(79, 1)-(79, 36)",b'typedef unsigned int flex_uint32_t;'
sqlitebrowser-master,../repos/sqlitebrowser-master/src/sql/parser/sqlite3_lexer.cpp,"(150, 1)-(150, 24)",b'typedef void* yyscan_t;'
sqlitebrowser-master,../repos/sqlitebrowser-master/src/sql/parser/sqlite3_lexer.cpp,"(205, 1)-(205, 49)",b'typedef struct yy_buffer_state *YY_BUFFER_STATE;'
sqlitebrowser-master,../repos/sqlitebrowser-master/src/sql/parser/sqlite3_lexer.cpp,"(210, 1)-(210, 26)",b'typedef size_t yy_size_t;'
sqlitebrowser-master,../repos/sqlitebrowser-master/src/sql/parser/sqlite3_lexer.cpp,"(394, 1)-(394, 30)",b'typedef flex_uint8_t YY_CHAR;'
sqlitebrowser-master,../repos/sqlitebrowser-master/src/sql/parser/sqlite3_lexer.cpp,"(396, 1)-(396, 27)",b'typedef int yy_state_type;'
sqlitebrowser-master,../repos/sqlitebrowser-master/src/sql/parser/sqlite3_lexer.h,"(66, 1)-(66, 28)",b'typedef int8_t flex_int8_t;'
sqlitebrowser-master,../repos/sqlitebrowser-master/src/sql/parser/sqlite3_lexer.h,"(67, 1)-(67, 30)",b'typedef uint8_t flex_uint8_t;'
sqlitebrowser-master,../repos/sqlitebrowser-master/src/sql/parser/sqlite3_lexer.h,"(68, 1)-(68, 30)",b'typedef int16_t flex_int16_t;'
sqlitebrowser-master,../repos/sqlitebrowser-master/src/sql/parser/sqlite3_lexer.h,"(69, 1)-(69, 32)",b'typedef uint16_t flex_uint16_t;'
sqlitebrowser-master,../repos/sqlitebrowser-master/src/sql/parser/sqlite3_lexer.h,"(70, 1)-(70, 30)",b'typedef int32_t flex_int32_t;'
sqlitebrowser-master,../repos/sqlitebrowser-master/src/sql/parser/sqlite3_lexer.h,"(71, 1)-(71, 32)",b'typedef uint32_t flex_uint32_t;'
sqlitebrowser-master,../repos/sqlitebrowser-master/src/sql/parser/sqlite3_lexer.h,"(73, 1)-(73, 33)",b'typedef signed char flex_int8_t;'
sqlitebrowser-master,../repos/sqlitebrowser-master/src/sql/parser/sqlite3_lexer.h,"(74, 1)-(74, 32)",b'typedef short int flex_int16_t;'
sqlitebrowser-master,../repos/sqlitebrowser-master/src/sql/parser/sqlite3_lexer.h,"(75, 1)-(75, 26)",b'typedef int flex_int32_t;'
sqlitebrowser-master,../repos/sqlitebrowser-master/src/sql/parser/sqlite3_lexer.h,"(76, 1)-(76, 36)",b'typedef unsigned char flex_uint8_t;'
sqlitebrowser-master,../repos/sqlitebrowser-master/src/sql/parser/sqlite3_lexer.h,"(77, 1)-(77, 42)",b'typedef unsigned short int flex_uint16_t;'
sqlitebrowser-master,../repos/sqlitebrowser-master/src/sql/parser/sqlite3_lexer.h,"(78, 1)-(78, 36)",b'typedef unsigned int flex_uint32_t;'
sqlitebrowser-master,../repos/sqlitebrowser-master/src/sql/parser/sqlite3_lexer.h,"(141, 1)-(141, 24)",b'typedef void* yyscan_t;'
sqlitebrowser-master,../repos/sqlitebrowser-master/src/sql/parser/sqlite3_lexer.h,"(175, 1)-(175, 49)",b'typedef struct yy_buffer_state *YY_BUFFER_STATE;'
sqlitebrowser-master,../repos/sqlitebrowser-master/src/sql/parser/sqlite3_lexer.h,"(180, 1)-(180, 26)",b'typedef size_t yy_size_t;'
sqlitebrowser-master,../repos/sqlitebrowser-master/src/sql/parser/sqlite3_location.h,"(65, 5)-(65, 45)",b'typedef const std::string filename_type;'
sqlitebrowser-master,../repos/sqlitebrowser-master/src/sql/parser/sqlite3_location.h,"(67, 5)-(67, 30)",b'typedef int counter_type;'
sqlitebrowser-master,../repos/sqlitebrowser-master/src/sql/parser/sqlite3_location.h,"(170, 5)-(170, 51)",b'typedef position::filename_type filename_type;'
sqlitebrowser-master,../repos/sqlitebrowser-master/src/sql/parser/sqlite3_location.h,"(172, 5)-(172, 49)",b'typedef position::counter_type counter_type;'
sqlitebrowser-master,../repos/sqlitebrowser-master/src/sql/parser/sqlite3_parser.hpp,"(55, 2)-(55, 25)",b'typedef void* yyscan_t;'
sqlitebrowser-master,../repos/sqlitebrowser-master/src/sql/parser/sqlite3_parser.hpp,"(220, 5)-(220, 32)",b'typedef YYSTYPE value_type;'
sqlitebrowser-master,../repos/sqlitebrowser-master/src/sql/parser/sqlite3_parser.hpp,"(231, 5)-(231, 34)",b'typedef value_type self_type;'
sqlitebrowser-master,../repos/sqlitebrowser-master/src/sql/parser/sqlite3_parser.hpp,"(616, 5)-(616, 38)",b'typedef value_type semantic_type;'
sqlitebrowser-master,../repos/sqlitebrowser-master/src/sql/parser/sqlite3_parser.hpp,"(619, 5)-(619, 36)",b'typedef location location_type;'
sqlitebrowser-master,../repos/sqlitebrowser-master/src/sql/parser/sqlite3_parser.hpp,"(767, 7)-(767, 43)",b'typedef token_kind_type yytokentype;'
sqlitebrowser-master,../repos/sqlitebrowser-master/src/sql/parser/sqlite3_parser.hpp,"(771, 5)-(771, 52)",b'typedef token::token_kind_type token_kind_type;'
sqlitebrowser-master,../repos/sqlitebrowser-master/src/sql/parser/sqlite3_parser.hpp,"(774, 5)-(774, 40)",b'typedef token_kind_type token_type;'
sqlitebrowser-master,../repos/sqlitebrowser-master/src/sql/parser/sqlite3_parser.hpp,"(964, 5)-(964, 60)",b'typedef symbol_kind::symbol_kind_type symbol_...'
sqlitebrowser-master,../repos/sqlitebrowser-master/src/sql/parser/sqlite3_parser.hpp,"(979, 7)-(979, 31)",b'typedef Base super_type;'
sqlitebrowser-master,../repos/sqlitebrowser-master/src/sql/parser/sqlite3_parser.hpp,"(1616, 7)-(1616, 41)",b'typedef token_kind_type kind_type;'
sqlitebrowser-master,../repos/sqlitebrowser-master/src/sql/parser/sqlite3_parser.hpp,"(1653, 5)-(1653, 29)",b'typedef by_kind by_type;'
sqlitebrowser-master,../repos/sqlitebrowser-master/src/sql/parser/sqlite3_parser.hpp,"(1659, 7)-(1659, 48)",b'typedef basic_symbol<by_kind> super_type;'
sqlitebrowser-master,../repos/sqlitebrowser-master/src/sql/parser/sqlite3_parser.hpp,"(1718, 5)-(1718, 34)",b'typedef int debug_level_type;'
sqlitebrowser-master,../repos/sqlitebrowser-master/src/sql/parser/sqlite3_parser.hpp,"(3568, 5)-(3568, 30)",b'typedef short state_type;'
sqlitebrowser-master,../repos/sqlitebrowser-master/src/sql/parser/sqlite3_parser.hpp,"(3674, 7)-(3674, 36)",b'typedef state_type kind_type;'
sqlitebrowser-master,../repos/sqlitebrowser-master/src/sql/parser/sqlite3_parser.hpp,"(3705, 7)-(3705, 49)",b'typedef basic_symbol<by_state> super_type;'
sqlitebrowser-master,../repos/sqlitebrowser-master/src/sql/parser/sqlite3_parser.hpp,"(3729, 7)-(3729, 45)",b'typedef typename S::iterator iterator;'
sqlitebrowser-master,../repos/sqlitebrowser-master/src/sql/parser/sqlite3_parser.hpp,"(3730, 7)-(3730, 57)",b'typedef typename S::const_iterator const_iterator;'
sqlitebrowser-master,../repos/sqlitebrowser-master/src/sql/parser/sqlite3_parser.hpp,"(3731, 7)-(3731, 47)",b'typedef typename S::size_type size_type;'
sqlitebrowser-master,../repos/sqlitebrowser-master/src/sql/parser/sqlite3_parser.hpp,"(3732, 7)-(3732, 50)",b'typedef typename std::ptrdiff_t index_type;'
sqlitebrowser-master,../repos/sqlitebrowser-master/src/sql/parser/sqlite3_parser.hpp,"(3842, 5)-(3842, 49)",b'typedef stack<stack_symbol_type> stack_type;'
