Repo name,File name,Location,Content
Hazel-master,../repos/Hazel-master/Hazel/vendor/mono/include/mono/metadata/domain-internals.h,"(85, 2)-(85, 10)",b'volatile int           num_elements;'
Hazel-master,../repos/Hazel-master/Hazel/vendor/mono/include/mono/metadata/domain-internals.h,"(86, 2)-(86, 10)",b'volatile gint8        *last_code_end;'
Hazel-master,../repos/Hazel-master/Hazel/vendor/mono/include/mono/metadata/domain-internals.h,"(88, 16)-(88, 24)",b'* volatile data [MONO_JIT_INFO_TABLE_CHUNK_SIZE]'
Hazel-master,../repos/Hazel-master/Hazel/vendor/mono/include/mono/metadata/domain-internals.h,"(397, 4)-(397, 12)",b'* \n\t  volatile          jit_info_table'
Hazel-master,../repos/Hazel-master/Hazel/vendor/mono/include/mono/metadata/domain-internals.h,"(403, 4)-(403, 12)",b'*\n\t  volatile          aot_modules'
Hazel-master,../repos/Hazel-master/Hazel/vendor/mono/include/mono/metadata/handle.h,"(106, 14)-(106, 22)",b'typedef void volatile * MonoRawHandle;'
Hazel-master,../repos/Hazel-master/Hazel/vendor/mono/include/mono/metadata/handle.h,"(569, 20)-(569, 28)",b'static inline void volatile*\nmono_handle_ref ...'
Hazel-master,../repos/Hazel-master/Hazel/vendor/mono/include/mono/metadata/handle.h,"(570, 23)-(570, 31)",b'void volatile* p'
Hazel-master,../repos/Hazel-master/Hazel/vendor/mono/include/mono/metadata/icall-decl.h,"(85, 84)-(85, 92)",b'* volatile *'
Hazel-master,../repos/Hazel-master/Hazel/vendor/mono/include/mono/metadata/icall-decl.h,"(231, 69)-(231, 77)",b'*volatile* result'
Hazel-master,../repos/Hazel-master/Hazel/vendor/mono/include/mono/metadata/icall-decl.h,"(232, 89)-(232, 97)",b'*volatile* ref_src_type_handle'
Hazel-master,../repos/Hazel-master/Hazel/vendor/mono/include/mono/metadata/icall-decl.h,"(232, 140)-(232, 148)",b'*volatile* ref_dst_type_handle'
Hazel-master,../repos/Hazel-master/Hazel/vendor/mono/include/mono/metadata/icall-decl.h,"(236, 85)-(236, 93)",b'*volatile* category'
Hazel-master,../repos/Hazel-master/Hazel/vendor/mono/include/mono/metadata/icall-decl.h,"(236, 117)-(236, 125)",b'*volatile* message'
Hazel-master,../repos/Hazel-master/Hazel/vendor/mono/include/mono/metadata/icall-decl.h,"(241, 79)-(241, 87)",b'*volatile* s'
Hazel-master,../repos/Hazel-master/Hazel/vendor/mono/include/mono/metadata/icall-decl.h,"(249, 105)-(249, 113)",b'*volatile* proxy_handle'
Hazel-master,../repos/Hazel-master/Hazel/vendor/mono/include/mono/metadata/icall-decl.h,"(250, 105)-(250, 113)",b'*volatile* proxy_handle'
Hazel-master,../repos/Hazel-master/Hazel/vendor/mono/include/mono/metadata/object-internals.h,"(566, 8)-(566, 16)",b'* volatile chars'
Hazel-master,../repos/Hazel-master/Hazel/vendor/mono/include/mono/metadata/object-internals.h,"(582, 2)-(582, 10)",b'volatile int lock_thread_id;'
Hazel-master,../repos/Hazel-master/Hazel/vendor/mono/include/mono/metadata/object-internals.h,"(2392, 47)-(2392, 55)",b'void volatile* ptr'
Hazel-master,../repos/Hazel-master/Hazel/vendor/mono/include/mono/metadata/profiler-private.h,"(20, 2)-(20, 10)",b'volatile gpointer cleanup_callback;'
Hazel-master,../repos/Hazel-master/Hazel/vendor/mono/include/mono/metadata/profiler-private.h,"(21, 2)-(21, 10)",b'volatile gpointer coverage_filter;'
Hazel-master,../repos/Hazel-master/Hazel/vendor/mono/include/mono/metadata/profiler-private.h,"(22, 2)-(22, 10)",b'volatile gpointer call_instrumentation_filter;'
Hazel-master,../repos/Hazel-master/Hazel/vendor/mono/include/mono/metadata/sgen-bridge-internals.h,"(22, 8)-(22, 16)",b'extern volatile gboolean mono_bridge_processi...'
Hazel-master,../repos/Hazel-master/Hazel/vendor/mono/include/mono/metadata/sgen-client-mono.h,"(41, 2)-(41, 10)",b'volatile int in_critical_region;'
Hazel-master,../repos/Hazel-master/Hazel/vendor/mono/include/mono/metadata/threads-types.h,"(162, 74)-(162, 82)",b'*volatile*location'
Hazel-master,../repos/Hazel-master/Hazel/vendor/mono/include/mono/metadata/threads-types.h,"(162, 105)-(162, 113)",b'*volatile*value'
Hazel-master,../repos/Hazel-master/Hazel/vendor/mono/include/mono/metadata/threads-types.h,"(162, 133)-(162, 141)",b'*volatile*res'
Hazel-master,../repos/Hazel-master/Hazel/vendor/mono/include/mono/metadata/threads-types.h,"(183, 81)-(183, 89)",b'*volatile*location'
Hazel-master,../repos/Hazel-master/Hazel/vendor/mono/include/mono/metadata/threads-types.h,"(183, 112)-(183, 120)",b'*volatile*value'
Hazel-master,../repos/Hazel-master/Hazel/vendor/mono/include/mono/metadata/threads-types.h,"(183, 140)-(183, 148)",b'*volatile*comparand'
Hazel-master,../repos/Hazel-master/Hazel/vendor/mono/include/mono/metadata/threads-types.h,"(183, 172)-(183, 180)",b'*volatile*res'
