Repo name,File name,Location,Content
Hazel-master,../repos/Hazel-master/Hazel/src/Hazel/Project/ProjectSerializer.cpp,"(44, 3)-(52, 4)",b'try\n\t\t{\n\t\t\tdata = YAML::LoadFile(filepath.str...'
Hazel-master,../repos/Hazel-master/Hazel/src/Hazel/Scene/SceneSerializer.cpp,"(406, 3)-(414, 4)",b'try\n\t\t{\n\t\t\tdata = YAML::LoadFile(filepath);\n\t...'
Hazel-master,../repos/Hazel-master/Hazel/vendor/filewatch/FileWatch.h,"(202, 5)-(209, 6)",b'try {\n\t\t\t\t\tcallback_thread();\n\t\t\t\t} catch (.....'
Hazel-master,../repos/Hazel-master/Hazel/vendor/filewatch/FileWatch.h,"(205, 6)-(208, 20)",b'try {\n\t\t\t\t\t\t_running.set_exception(std::curre...'
Hazel-master,../repos/Hazel-master/Hazel/vendor/filewatch/FileWatch.h,"(212, 5)-(219, 6)",b'try {\n\t\t\t\t\tmonitor_directory();\n\t\t\t\t} catch (...'
Hazel-master,../repos/Hazel-master/Hazel/vendor/filewatch/FileWatch.h,"(215, 6)-(218, 20)",b'try {\n\t\t\t\t\t\t_running.set_exception(std::curre...'
Hazel-master,../repos/Hazel-master/Hazel/vendor/filewatch/FileWatch.h,"(528, 7)-(534, 8)","b'try\n\t\t\t\t\t\t{\n\t\t\t\t\t\t\t_callback(file.first, file...'"
