Repo name,File name,Location,Content
Hazel-master,../repos/Hazel-master/Hazel/src/Hazel/Core/Base.h,"(33, 32)-(33, 49)",b'CreateScope(Args&& ... args)'
Hazel-master,../repos/Hazel-master/Hazel/src/Hazel/Core/Base.h,"(41, 28)-(41, 45)",b'CreateRef(Args&& ... args)'
Hazel-master,../repos/Hazel-master/Hazel/src/Hazel/Scene/Entity.h,"(19, 18)-(19, 34)",b'AddComponent(Args&&... args)'
Hazel-master,../repos/Hazel-master/Hazel/src/Hazel/Scene/Entity.h,"(28, 27)-(28, 43)",b'AddOrReplaceComponent(Args&&... args)'
Hazel-master,../repos/Hazel-master/Hazel/src/Hazel/Scene/Scene.cpp,"(50, 27)-(50, 154)","b'CopyComponent(ComponentGroup<Component...>, e...'"
Hazel-master,../repos/Hazel-master/Hazel/src/Hazel/Scene/Scene.cpp,"(66, 35)-(66, 89)",b'CopyComponentIfExists(ComponentGroup<Componen...'
Hazel-master,../repos/Hazel-master/Hazel/src/Hazel/Scripting/ScriptGlue.cpp,"(290, 31)-(290, 61)",b'RegisterComponent(ComponentGroup<Component...>)'
Hazel-master,../repos/Hazel-master/Hazel/vendor/entt/include/entt.hpp,"(144, 11)-(144, 20)",b'overloaded(Func...) -> overloaded<Func...>'
Hazel-master,../repos/Hazel-master/Hazel/vendor/entt/include/entt.hpp,"(168, 30)-(168, 47)",b'operator()(Args &&... args) const'
Hazel-master,../repos/Hazel-master/Hazel/vendor/entt/include/entt.hpp,"(174, 30)-(174, 47)",b'operator()(Args &&... args)'
Hazel-master,../repos/Hazel-master/Hazel/vendor/entt/include/entt.hpp,"(216, 20)-(216, 85)","b'operator()(It first, It last, Compare compare...'"
Hazel-master,../repos/Hazel-master/Hazel/vendor/entt/include/entt.hpp,"(735, 33)-(735, 66)",b'get(std::index_sequence<Indexes...>)'
Hazel-master,../repos/Hazel-master/Hazel/vendor/entt/include/entt.hpp,"(1167, 25)-(1167, 50)",b'clazz(Ret(Class:: *)(Args...))'
Hazel-master,../repos/Hazel-master/Hazel/vendor/entt/include/entt.hpp,"(1167, 40)-(1167, 49)",b'(Class:: *)(Args...)'
Hazel-master,../repos/Hazel-master/Hazel/vendor/entt/include/entt.hpp,"(1170, 25)-(1170, 56)",b'clazz(Ret(Class:: *)(Args...) const)'
Hazel-master,../repos/Hazel-master/Hazel/vendor/entt/include/entt.hpp,"(1170, 40)-(1170, 49)",b'(Class:: *)(Args...) const'
Hazel-master,../repos/Hazel-master/Hazel/vendor/entt/include/entt.hpp,"(1446, 11)-(1446, 20)",b'overloaded(Func...) -> overloaded<Func...>'
Hazel-master,../repos/Hazel-master/Hazel/vendor/entt/include/entt.hpp,"(1470, 30)-(1470, 47)",b'operator()(Args &&... args) const'
Hazel-master,../repos/Hazel-master/Hazel/vendor/entt/include/entt.hpp,"(1476, 30)-(1476, 47)",b'operator()(Args &&... args)'
Hazel-master,../repos/Hazel-master/Hazel/vendor/entt/include/entt.hpp,"(1518, 20)-(1518, 85)","b'operator()(It first, It last, Compare compare...'"
Hazel-master,../repos/Hazel-master/Hazel/vendor/entt/include/entt.hpp,"(2257, 25)-(2257, 50)",b'clazz(Ret(Class:: *)(Args...))'
Hazel-master,../repos/Hazel-master/Hazel/vendor/entt/include/entt.hpp,"(2257, 40)-(2257, 49)",b'(Class:: *)(Args...)'
Hazel-master,../repos/Hazel-master/Hazel/vendor/entt/include/entt.hpp,"(2260, 25)-(2260, 56)",b'clazz(Ret(Class:: *)(Args...) const)'
Hazel-master,../repos/Hazel-master/Hazel/vendor/entt/include/entt.hpp,"(2260, 40)-(2260, 49)",b'(Class:: *)(Args...) const'
Hazel-master,../repos/Hazel-master/Hazel/vendor/entt/include/entt.hpp,"(2407, 22)-(2407, 39)",b'function_pointer(Ret(*)(Args...)) -> Ret(*)(A...'
Hazel-master,../repos/Hazel-master/Hazel/vendor/entt/include/entt.hpp,"(2407, 29)-(2407, 38)",b'(*)(Args...)'
Hazel-master,../repos/Hazel-master/Hazel/vendor/entt/include/entt.hpp,"(2407, 49)-(2407, 58)",b'(*)(Args...)'
Hazel-master,../repos/Hazel-master/Hazel/vendor/entt/include/entt.hpp,"(2411, 22)-(2411, 55)","b'function_pointer(Ret(*)(Type, Args...), Other...'"
Hazel-master,../repos/Hazel-master/Hazel/vendor/entt/include/entt.hpp,"(2411, 29)-(2411, 44)","b'(*)(Type, Args...)'"
Hazel-master,../repos/Hazel-master/Hazel/vendor/entt/include/entt.hpp,"(2411, 65)-(2411, 74)",b'(*)(Args...)'
Hazel-master,../repos/Hazel-master/Hazel/vendor/entt/include/entt.hpp,"(2415, 70)-(2415, 79)",b'Ret(*)(Args...)'
Hazel-master,../repos/Hazel-master/Hazel/vendor/entt/include/entt.hpp,"(2419, 76)-(2419, 85)",b'Ret(*)(Args...)'
Hazel-master,../repos/Hazel-master/Hazel/vendor/entt/include/entt.hpp,"(2423, 22)-(2423, 51)","b'function_pointer(Type Class:: *, Other &&...)...'"
Hazel-master,../repos/Hazel-master/Hazel/vendor/entt/include/entt.hpp,"(2431, 34)-(2431, 51)",b'index_sequence_for(Ret(*)(Args...))'
Hazel-master,../repos/Hazel-master/Hazel/vendor/entt/include/entt.hpp,"(2431, 41)-(2431, 50)",b'(*)(Args...)'
Hazel-master,../repos/Hazel-master/Hazel/vendor/entt/include/entt.hpp,"(2478, 19)-(2478, 28)",b'(Args...)'
Hazel-master,../repos/Hazel-master/Hazel/vendor/entt/include/entt.hpp,"(2479, 30)-(2479, 53)","b'(const void *, Args...)'"
Hazel-master,../repos/Hazel-master/Hazel/vendor/entt/include/entt.hpp,"(2483, 18)-(2483, 46)","b'(const void *, Args... args) -> Ret'"
Hazel-master,../repos/Hazel-master/Hazel/vendor/entt/include/entt.hpp,"(2490, 14)-(2490, 53)","b'wrap(Type &, std::index_sequence<Index...>)'"
Hazel-master,../repos/Hazel-master/Hazel/vendor/entt/include/entt.hpp,"(2491, 18)-(2491, 53)","b'(const void *payload, Args... args) -> Ret'"
Hazel-master,../repos/Hazel-master/Hazel/vendor/entt/include/entt.hpp,"(2499, 14)-(2499, 53)","b'wrap(Type *, std::index_sequence<Index...>)'"
Hazel-master,../repos/Hazel-master/Hazel/vendor/entt/include/entt.hpp,"(2500, 18)-(2500, 53)","b'(const void *payload, Args... args) -> Ret'"
Hazel-master,../repos/Hazel-master/Hazel/vendor/entt/include/entt.hpp,"(2509, 30)-(2509, 39)",b'(Args...)'
Hazel-master,../repos/Hazel-master/Hazel/vendor/entt/include/entt.hpp,"(2551, 20)-(2551, 48)","b'(const void *, Args... args) -> Ret'"
Hazel-master,../repos/Hazel-master/Hazel/vendor/entt/include/entt.hpp,"(2581, 20)-(2581, 55)","b'(const void *payload, Args... args) -> Ret'"
Hazel-master,../repos/Hazel-master/Hazel/vendor/entt/include/entt.hpp,"(2605, 20)-(2605, 55)","b'(const void *payload, Args... args) -> Ret'"
Hazel-master,../repos/Hazel-master/Hazel/vendor/entt/include/entt.hpp,"(2646, 19)-(2646, 33)",b'operator()(Args... args) const'
Hazel-master,../repos/Hazel-master/Hazel/vendor/entt/include/entt.hpp,"(2665, 20)-(2665, 57)",b'operator==(const delegate<Ret(Args...)> &othe...'
Hazel-master,../repos/Hazel-master/Hazel/vendor/entt/include/entt.hpp,"(2665, 39)-(2665, 48)",b'(Args...)'
Hazel-master,../repos/Hazel-master/Hazel/vendor/entt/include/entt.hpp,"(2684, 16)-(2684, 86)","b'operator!=(const delegate<Ret(Args...)> &lhs,...'"
Hazel-master,../repos/Hazel-master/Hazel/vendor/entt/include/entt.hpp,"(2684, 35)-(2684, 44)",b'(Args...)'
Hazel-master,../repos/Hazel-master/Hazel/vendor/entt/include/entt.hpp,"(2684, 70)-(2684, 79)",b'(Args...)'
Hazel-master,../repos/Hazel-master/Hazel/vendor/entt/include/entt.hpp,"(2797, 15)-(2797, 24)",b'(Args...)'
Hazel-master,../repos/Hazel-master/Hazel/vendor/entt/include/entt.hpp,"(2799, 26)-(2799, 35)",b'(Args...)'
Hazel-master,../repos/Hazel-master/Hazel/vendor/entt/include/entt.hpp,"(2805, 37)-(2805, 46)",b'(Args...)'
Hazel-master,../repos/Hazel-master/Hazel/vendor/entt/include/entt.hpp,"(2837, 17)-(2837, 31)",b'publish(Args... args) const'
Hazel-master,../repos/Hazel-master/Hazel/vendor/entt/include/entt.hpp,"(2858, 17)-(2858, 42)","b'collect(Func func, Args... args) const'"
Hazel-master,../repos/Hazel-master/Hazel/vendor/entt/include/entt.hpp,"(2879, 29)-(2879, 38)",b'(Args...)'
Hazel-master,../repos/Hazel-master/Hazel/vendor/entt/include/entt.hpp,"(3003, 15)-(3003, 24)",b'(Args...)'
Hazel-master,../repos/Hazel-master/Hazel/vendor/entt/include/entt.hpp,"(3004, 33)-(3004, 42)",b'(Args...)'
Hazel-master,../repos/Hazel-master/Hazel/vendor/entt/include/entt.hpp,"(3022, 9)-(3022, 34)",b'sink(sigh<Ret(Args...)> &ref)'
Hazel-master,../repos/Hazel-master/Hazel/vendor/entt/include/entt.hpp,"(3022, 18)-(3022, 27)",b'(Args...)'
Hazel-master,../repos/Hazel-master/Hazel/vendor/entt/include/entt.hpp,"(3043, 21)-(3043, 30)",b'(Args...)'
Hazel-master,../repos/Hazel-master/Hazel/vendor/entt/include/entt.hpp,"(3064, 21)-(3064, 30)",b'(Args...)'
Hazel-master,../repos/Hazel-master/Hazel/vendor/entt/include/entt.hpp,"(3133, 21)-(3133, 30)",b'(Args...)'
Hazel-master,../repos/Hazel-master/Hazel/vendor/entt/include/entt.hpp,"(3163, 21)-(3163, 30)",b'(Args...)'
Hazel-master,../repos/Hazel-master/Hazel/vendor/entt/include/entt.hpp,"(3179, 21)-(3179, 30)",b'(Args...)'
Hazel-master,../repos/Hazel-master/Hazel/vendor/entt/include/entt.hpp,"(3194, 21)-(3194, 30)",b'(Args...)'
Hazel-master,../repos/Hazel-master/Hazel/vendor/entt/include/entt.hpp,"(3247, 5)-(3247, 27)",b'sink(sigh<Ret(Args...)> &)'
Hazel-master,../repos/Hazel-master/Hazel/vendor/entt/include/entt.hpp,"(3247, 14)-(3247, 23)",b'(Args...)'
Hazel-master,../repos/Hazel-master/Hazel/vendor/entt/include/entt.hpp,"(3247, 53)-(3247, 62)",b'(Args...)'
Hazel-master,../repos/Hazel-master/Hazel/vendor/entt/include/entt.hpp,"(4060, 14)-(4060, 99)","b'sort(iterator first, iterator last, Compare c...'"
Hazel-master,../repos/Hazel-master/Hazel/vendor/entt/include/entt.hpp,"(4104, 17)-(4104, 115)","b'arrange(iterator first, iterator last, Apply ...'"
Hazel-master,../repos/Hazel-master/Hazel/vendor/entt/include/entt.hpp,"(4514, 17)-(4514, 58)","b'emplace(const entity_type entt, Args &&... args)'"
Hazel-master,../repos/Hazel-master/Hazel/vendor/entt/include/entt.hpp,"(4528, 19)-(4528, 60)","b'construct(const entity_type entt, Args &&... args)'"
Hazel-master,../repos/Hazel-master/Hazel/vendor/entt/include/entt.hpp,"(4677, 14)-(4677, 99)","b'sort(iterator first, iterator last, Compare c...'"
Hazel-master,../repos/Hazel-master/Hazel/vendor/entt/include/entt.hpp,"(4736, 17)-(4736, 58)","b'emplace(const entity_type entt, Args &&... args)'"
Hazel-master,../repos/Hazel-master/Hazel/vendor/entt/include/entt.hpp,"(4744, 19)-(4744, 60)","b'construct(const entity_type entt, Args &&... args)'"
Hazel-master,../repos/Hazel-master/Hazel/vendor/entt/include/entt.hpp,"(4897, 16)-(4897, 95)","b'basic_group(sparse_set<Entity> &ref, storage<...'"
Hazel-master,../repos/Hazel-master/Hazel/vendor/entt/include/entt.hpp,"(4903, 18)-(4903, 49)","b'traverse(Func func, type_list<Weak...>) const'"
Hazel-master,../repos/Hazel-master/Hazel/vendor/entt/include/entt.hpp,"(5233, 14)-(5233, 68)","b'sort(Compare compare, Sort algo = Sort{}, Arg...'"
Hazel-master,../repos/Hazel-master/Hazel/vendor/entt/include/entt.hpp,"(5333, 16)-(5333, 177)","b'basic_group(const std::size_t &ref, const std...'"
Hazel-master,../repos/Hazel-master/Hazel/vendor/entt/include/entt.hpp,"(5340, 18)-(5340, 71)","b'traverse(Func func, type_list<Strong...>, typ...'"
Hazel-master,../repos/Hazel-master/Hazel/vendor/entt/include/entt.hpp,"(5682, 14)-(5682, 68)","b'sort(Compare compare, Sort algo = Sort{}, Arg...'"
Hazel-master,../repos/Hazel-master/Hazel/vendor/entt/include/entt.hpp,"(5699, 15)-(5699, 44)","b'(auto *head, auto *... other)'"
Hazel-master,../repos/Hazel-master/Hazel/vendor/entt/include/entt.hpp,"(6045, 19)-(6045, 89)","b'component(Archive &archive, It first, It last...'"
Hazel-master,../repos/Hazel-master/Hazel/vendor/entt/include/entt.hpp,"(6169, 16)-(6169, 48)","b'assign(Archive &archive, Args... args) const'"
Hazel-master,../repos/Hazel-master/Hazel/vendor/entt/include/entt.hpp,"(6390, 16)-(6390, 78)","b'assign(Archive &archive, [[maybe_unused]] Mem...'"
Hazel-master,../repos/Hazel-master/Hazel/vendor/entt/include/entt.hpp,"(6488, 40)-(6488, 85)","b'component(Archive &archive, Member Type:: *.....'"
Hazel-master,../repos/Hazel-master/Hazel/vendor/entt/include/entt.hpp,"(6750, 15)-(6750, 137)","b'basic_view(storage<Entity, std::remove_const_...'"
Hazel-master,../repos/Hazel-master/Hazel/vendor/entt/include/entt.hpp,"(6777, 18)-(6777, 49)","b'traverse(Func func, type_list<Type...>) const'"
Hazel-master,../repos/Hazel-master/Hazel/vendor/entt/include/entt.hpp,"(7422, 31)-(7422, 90)","b'emplace(basic_registry &owner, const Entity e...'"
Hazel-master,../repos/Hazel-master/Hazel/vendor/entt/include/entt.hpp,"(7432, 20)-(7432, 79)","b'insert(basic_registry &owner, It first, It la...'"
Hazel-master,../repos/Hazel-master/Hazel/vendor/entt/include/entt.hpp,"(7459, 29)-(7459, 88)","b'patch(basic_registry &owner, const Entity ent...'"
Hazel-master,../repos/Hazel-master/Hazel/vendor/entt/include/entt.hpp,"(8002, 27)-(8002, 70)","b'emplace(const entity_type entity, Args &&... args)'"
Hazel-master,../repos/Hazel-master/Hazel/vendor/entt/include/entt.hpp,"(8010, 26)-(8010, 69)","b'assign(const entity_type entity, Args &&... args)'"
Hazel-master,../repos/Hazel-master/Hazel/vendor/entt/include/entt.hpp,"(8090, 38)-(8090, 81)","b'emplace_or_replace(const entity_type entity, ...'"
Hazel-master,../repos/Hazel-master/Hazel/vendor/entt/include/entt.hpp,"(8102, 37)-(8102, 80)","b'assign_or_replace(const entity_type entity, A...'"
Hazel-master,../repos/Hazel-master/Hazel/vendor/entt/include/entt.hpp,"(8134, 25)-(8134, 68)","b'patch(const entity_type entity, Func &&... func)'"
Hazel-master,../repos/Hazel-master/Hazel/vendor/entt/include/entt.hpp,"(8142, 17)-(8142, 60)","b'replace(const entity_type entity, Func &&... ...'"
Hazel-master,../repos/Hazel-master/Hazel/vendor/entt/include/entt.hpp,"(8168, 17)-(8168, 60)","b'replace(const entity_type entity, Args &&... ...'"
Hazel-master,../repos/Hazel-master/Hazel/vendor/entt/include/entt.hpp,"(8364, 34)-(8364, 77)","b'get_or_emplace(const entity_type entity, Args...'"
Hazel-master,../repos/Hazel-master/Hazel/vendor/entt/include/entt.hpp,"(8373, 33)-(8373, 76)","b'get_or_assign(const entity_type entity, Args ...'"
Hazel-master,../repos/Hazel-master/Hazel/vendor/entt/include/entt.hpp,"(8633, 14)-(8633, 68)","b'sort(Compare compare, Sort algo = Sort{}, Arg...'"
Hazel-master,../repos/Hazel-master/Hazel/vendor/entt/include/entt.hpp,"(8714, 71)-(8714, 99)",b'view(exclude_t<Exclude...> = {})'
Hazel-master,../repos/Hazel-master/Hazel/vendor/entt/include/entt.hpp,"(8721, 71)-(8721, 99)",b'view(exclude_t<Exclude...> = {}) const'
Hazel-master,../repos/Hazel-master/Hazel/vendor/entt/include/entt.hpp,"(8765, 84)-(8765, 127)","b'group(get_t<Get...>, exclude_t<Exclude...> = {})'"
Hazel-master,../repos/Hazel-master/Hazel/vendor/entt/include/entt.hpp,"(8861, 84)-(8861, 127)","b'group(get_t<Get...>, exclude_t<Exclude...> = ...'"
Hazel-master,../repos/Hazel-master/Hazel/vendor/entt/include/entt.hpp,"(8876, 78)-(8876, 106)",b'group(exclude_t<Exclude...> = {})'
Hazel-master,../repos/Hazel-master/Hazel/vendor/entt/include/entt.hpp,"(8890, 78)-(8890, 106)",b'group(exclude_t<Exclude...> = {}) const'
Hazel-master,../repos/Hazel-master/Hazel/vendor/entt/include/entt.hpp,"(9033, 15)-(9033, 32)",b'set(Args &&... args)'
Hazel-master,../repos/Hazel-master/Hazel/vendor/entt/include/entt.hpp,"(9062, 22)-(9062, 39)",b'ctx_or_set(Args &&... args)'
Hazel-master,../repos/Hazel-master/Hazel/vendor/entt/include/entt.hpp,"(9257, 26)-(9257, 43)",b'assign(Args &&... args)'
Hazel-master,../repos/Hazel-master/Hazel/vendor/entt/include/entt.hpp,"(9559, 32)-(9559, 59)",b'group(exclude_t<NoneOf...> = {})'
Hazel-master,../repos/Hazel-master/Hazel/vendor/entt/include/entt.hpp,"(9601, 32)-(9601, 59)",b'group(exclude_t<NoneOf...> = {})'
Hazel-master,../repos/Hazel-master/Hazel/vendor/entt/include/entt.hpp,"(9630, 32)-(9630, 59)",b'where(exclude_t<NoneOf...> = {})'
Hazel-master,../repos/Hazel-master/Hazel/vendor/entt/include/entt.hpp,"(9779, 17)-(9779, 77)","b'connect(basic_registry<Entity> &reg, std::ind...'"
Hazel-master,../repos/Hazel-master/Hazel/vendor/entt/include/entt.hpp,"(9809, 19)-(9809, 82)",b'basic_observer(basic_registry<entity_type> &r...'
Hazel-master,../repos/Hazel-master/Hazel/vendor/entt/include/entt.hpp,"(9838, 17)-(9838, 80)","b'connect(basic_registry<entity_type> &reg, bas...'"
Hazel-master,../repos/Hazel-master/Hazel/vendor/entt/include/entt.hpp,"(10130, 20)-(10130, 37)",b'set(Args &&... args)'
Hazel-master,../repos/Hazel-master/Hazel/vendor/entt/include/entt.hpp,"(10945, 25)-(10945, 50)",b'clazz(Ret(Class:: *)(Args...))'
Hazel-master,../repos/Hazel-master/Hazel/vendor/entt/include/entt.hpp,"(10945, 40)-(10945, 49)",b'(Class:: *)(Args...)'
Hazel-master,../repos/Hazel-master/Hazel/vendor/entt/include/entt.hpp,"(10948, 25)-(10948, 56)",b'clazz(Ret(Class:: *)(Args...) const)'
Hazel-master,../repos/Hazel-master/Hazel/vendor/entt/include/entt.hpp,"(10948, 40)-(10948, 49)",b'(Class:: *)(Args...) const'
Hazel-master,../repos/Hazel-master/Hazel/vendor/entt/include/entt.hpp,"(11050, 11)-(11050, 20)",b'overloaded(Func...) -> overloaded<Func...>'
Hazel-master,../repos/Hazel-master/Hazel/vendor/entt/include/entt.hpp,"(11074, 30)-(11074, 47)",b'operator()(Args &&... args) const'
Hazel-master,../repos/Hazel-master/Hazel/vendor/entt/include/entt.hpp,"(11080, 30)-(11080, 47)",b'operator()(Args &&... args)'
Hazel-master,../repos/Hazel-master/Hazel/vendor/entt/include/entt.hpp,"(11385, 29)-(11385, 61)","b'instance(meta_any &any, Args &&... args)'"
Hazel-master,../repos/Hazel-master/Hazel/vendor/entt/include/entt.hpp,"(11411, 29)-(11411, 61)","b'instance(meta_any &any, Args &&... args)'"
Hazel-master,../repos/Hazel-master/Hazel/vendor/entt/include/entt.hpp,"(11456, 22)-(11456, 84)","b'meta_any(std::in_place_type_t<Type>, [[maybe_...'"
Hazel-master,../repos/Hazel-master/Hazel/vendor/entt/include/entt.hpp,"(11662, 17)-(11662, 34)",b'emplace(Args &&... args)'
Hazel-master,../repos/Hazel-master/Hazel/vendor/entt/include/entt.hpp,"(11938, 20)-(11938, 54)",b'invoke([[maybe_unused]] Args &&... args) const'
Hazel-master,../repos/Hazel-master/Hazel/vendor/entt/include/entt.hpp,"(12202, 20)-(12202, 59)","b'invoke(meta_handle instance, Args &&... args)...'"
Hazel-master,../repos/Hazel-master/Hazel/vendor/entt/include/entt.hpp,"(12245, 14)-(12245, 47)",b'ctor(std::index_sequence<Indexes...>) const'
Hazel-master,../repos/Hazel-master/Hazel/vendor/entt/include/entt.hpp,"(12545, 23)-(12545, 40)",b'construct(Args &&... args) const'
Hazel-master,../repos/Hazel-master/Hazel/vendor/entt/include/entt.hpp,"(12753, 32)-(12753, 41)",b'(Args...)'
Hazel-master,../repos/Hazel-master/Hazel/vendor/entt/include/entt.hpp,"(12767, 32)-(12767, 41)",b'(Args...) const'
Hazel-master,../repos/Hazel-master/Hazel/vendor/entt/include/entt.hpp,"(12767, 74)-(12767, 83)",b'(Args...)'
Hazel-master,../repos/Hazel-master/Hazel/vendor/entt/include/entt.hpp,"(12773, 35)-(12773, 44)",b'(Args...)'
Hazel-master,../repos/Hazel-master/Hazel/vendor/entt/include/entt.hpp,"(12778, 35)-(12778, 44)",b'(Args...) const'
Hazel-master,../repos/Hazel-master/Hazel/vendor/entt/include/entt.hpp,"(12783, 35)-(12783, 44)",b'(Args...)'
Hazel-master,../repos/Hazel-master/Hazel/vendor/entt/include/entt.hpp,"(12784, 24)-(12784, 41)",b'to_meta_function_helper(Ret(*)(Args...))'
Hazel-master,../repos/Hazel-master/Hazel/vendor/entt/include/entt.hpp,"(12784, 31)-(12784, 40)",b'(*)(Args...)'
Hazel-master,../repos/Hazel-master/Hazel/vendor/entt/include/entt.hpp,"(12787, 39)-(12787, 44)",b'to_meta_function_helper(...)'
Hazel-master,../repos/Hazel-master/Hazel/vendor/entt/include/entt.hpp,"(12795, 19)-(12795, 75)","b'construct(meta_any * const args, std::index_s...'"
Hazel-master,../repos/Hazel-master/Hazel/vendor/entt/include/entt.hpp,"(12915, 16)-(12915, 101)","b'invoke([[maybe_unused]] meta_any instance, me...'"
Hazel-master,../repos/Hazel-master/Hazel/vendor/entt/include/entt.hpp,"(12918, 23)-(12918, 41)",b'(auto *... params)'
Hazel-master,../repos/Hazel-master/Hazel/vendor/entt/include/entt.hpp,"(12982, 16)-(12982, 100)","b'unpack(std::index_sequence<Index...>, std::tu...'"
Hazel-master,../repos/Hazel-master/Hazel/vendor/entt/include/entt.hpp,"(12987, 16)-(12987, 82)","b'unroll(choice_t<3>, std::tuple<Property...> p...'"
Hazel-master,../repos/Hazel-master/Hazel/vendor/entt/include/entt.hpp,"(12992, 16)-(12992, 81)","b'unroll(choice_t<2>, std::pair<Property...> pr...'"
Hazel-master,../repos/Hazel-master/Hazel/vendor/entt/include/entt.hpp,"(12999, 11)-(12999, 64)","b'unroll(choice_t<1>, Property &&property, Othe...'"
Hazel-master,../repos/Hazel-master/Hazel/vendor/entt/include/entt.hpp,"(13005, 16)-(13005, 66)","b'unroll(choice_t<0>, Func &&invocable, Other &...'"
Hazel-master,../repos/Hazel-master/Hazel/vendor/entt/include/entt.hpp,"(13013, 16)-(13013, 46)","b'assign(Key &&key, Value &&... value)'"
Hazel-master,../repos/Hazel-master/Hazel/vendor/entt/include/entt.hpp,"(13056, 14)-(13056, 66)","b'prop(PropertyOrKey &&property_or_key, Value &...'"
Hazel-master,../repos/Hazel-master/Hazel/vendor/entt/include/entt.hpp,"(13077, 15)-(13077, 37)",b'props(Property... property) &&'
Hazel-master,../repos/Hazel-master/Hazel/vendor/entt/include/entt.hpp,"(13268, 69)-(13268, 78)",b'(*)(Args...)'
Hazel-master,../repos/Hazel-master/Hazel/vendor/entt/include/entt.hpp,"(13286, 39)-(13286, 48)",b'(Args...)'
Hazel-master,../repos/Hazel-master/Hazel/vendor/entt/include/entt.hpp,"(13508, 15)-(13508, 57)","b'(auto &&self, auto **curr, auto... member)'"
Hazel-master,../repos/Hazel-master/Hazel/vendor/entt/include/entt.hpp,"(14277, 25)-(14277, 50)",b'clazz(Ret(Class:: *)(Args...))'
Hazel-master,../repos/Hazel-master/Hazel/vendor/entt/include/entt.hpp,"(14277, 40)-(14277, 49)",b'(Class:: *)(Args...)'
Hazel-master,../repos/Hazel-master/Hazel/vendor/entt/include/entt.hpp,"(14280, 25)-(14280, 56)",b'clazz(Ret(Class:: *)(Args...) const)'
Hazel-master,../repos/Hazel-master/Hazel/vendor/entt/include/entt.hpp,"(14280, 40)-(14280, 49)",b'(Class:: *)(Args...) const'
Hazel-master,../repos/Hazel-master/Hazel/vendor/entt/include/entt.hpp,"(14424, 14)-(14424, 19)",b'next(...) const'
Hazel-master,../repos/Hazel-master/Hazel/vendor/entt/include/entt.hpp,"(14628, 20)-(14628, 37)",b'process_adaptor(Args &&... args)'
Hazel-master,../repos/Hazel-master/Hazel/vendor/entt/include/entt.hpp,"(14715, 26)-(14715, 43)",b'then(Args &&... args)'
Hazel-master,../repos/Hazel-master/Hazel/vendor/entt/include/entt.hpp,"(14827, 16)-(14827, 33)",b'attach(Args &&... args)'
Hazel-master,../repos/Hazel-master/Hazel/vendor/entt/include/entt.hpp,"(15315, 34)-(15315, 51)",b'get(Args &&... args) const'
Hazel-master,../repos/Hazel-master/Hazel/vendor/entt/include/entt.hpp,"(15408, 32)-(15408, 67)","b'load(const id_type id, Args &&... args)'"
Hazel-master,../repos/Hazel-master/Hazel/vendor/entt/include/entt.hpp,"(15448, 34)-(15448, 69)","b'reload(const id_type id, Args &&... args)'"
Hazel-master,../repos/Hazel-master/Hazel/vendor/entt/include/entt.hpp,"(15465, 32)-(15465, 49)",b'temp(Args &&... args) const'
Hazel-master,../repos/Hazel-master/Hazel/vendor/entt/include/entt.hpp,"(15655, 22)-(15655, 39)",b'function_pointer(Ret(*)(Args...)) -> Ret(*)(A...'
Hazel-master,../repos/Hazel-master/Hazel/vendor/entt/include/entt.hpp,"(15655, 29)-(15655, 38)",b'(*)(Args...)'
Hazel-master,../repos/Hazel-master/Hazel/vendor/entt/include/entt.hpp,"(15655, 49)-(15655, 58)",b'(*)(Args...)'
Hazel-master,../repos/Hazel-master/Hazel/vendor/entt/include/entt.hpp,"(15659, 22)-(15659, 55)","b'function_pointer(Ret(*)(Type, Args...), Other...'"
Hazel-master,../repos/Hazel-master/Hazel/vendor/entt/include/entt.hpp,"(15659, 29)-(15659, 44)","b'(*)(Type, Args...)'"
Hazel-master,../repos/Hazel-master/Hazel/vendor/entt/include/entt.hpp,"(15659, 65)-(15659, 74)",b'(*)(Args...)'
Hazel-master,../repos/Hazel-master/Hazel/vendor/entt/include/entt.hpp,"(15663, 70)-(15663, 79)",b'Ret(*)(Args...)'
Hazel-master,../repos/Hazel-master/Hazel/vendor/entt/include/entt.hpp,"(15667, 76)-(15667, 85)",b'Ret(*)(Args...)'
Hazel-master,../repos/Hazel-master/Hazel/vendor/entt/include/entt.hpp,"(15671, 22)-(15671, 51)","b'function_pointer(Type Class:: *, Other &&...)...'"
Hazel-master,../repos/Hazel-master/Hazel/vendor/entt/include/entt.hpp,"(15679, 34)-(15679, 51)",b'index_sequence_for(Ret(*)(Args...))'
Hazel-master,../repos/Hazel-master/Hazel/vendor/entt/include/entt.hpp,"(15679, 41)-(15679, 50)",b'(*)(Args...)'
Hazel-master,../repos/Hazel-master/Hazel/vendor/entt/include/entt.hpp,"(15726, 19)-(15726, 28)",b'(Args...)'
Hazel-master,../repos/Hazel-master/Hazel/vendor/entt/include/entt.hpp,"(15727, 30)-(15727, 53)","b'(const void *, Args...)'"
Hazel-master,../repos/Hazel-master/Hazel/vendor/entt/include/entt.hpp,"(15731, 18)-(15731, 46)","b'(const void *, Args... args) -> Ret'"
Hazel-master,../repos/Hazel-master/Hazel/vendor/entt/include/entt.hpp,"(15738, 14)-(15738, 53)","b'wrap(Type &, std::index_sequence<Index...>)'"
Hazel-master,../repos/Hazel-master/Hazel/vendor/entt/include/entt.hpp,"(15739, 18)-(15739, 53)","b'(const void *payload, Args... args) -> Ret'"
Hazel-master,../repos/Hazel-master/Hazel/vendor/entt/include/entt.hpp,"(15747, 14)-(15747, 53)","b'wrap(Type *, std::index_sequence<Index...>)'"
Hazel-master,../repos/Hazel-master/Hazel/vendor/entt/include/entt.hpp,"(15748, 18)-(15748, 53)","b'(const void *payload, Args... args) -> Ret'"
Hazel-master,../repos/Hazel-master/Hazel/vendor/entt/include/entt.hpp,"(15757, 30)-(15757, 39)",b'(Args...)'
Hazel-master,../repos/Hazel-master/Hazel/vendor/entt/include/entt.hpp,"(15799, 20)-(15799, 48)","b'(const void *, Args... args) -> Ret'"
Hazel-master,../repos/Hazel-master/Hazel/vendor/entt/include/entt.hpp,"(15829, 20)-(15829, 55)","b'(const void *payload, Args... args) -> Ret'"
Hazel-master,../repos/Hazel-master/Hazel/vendor/entt/include/entt.hpp,"(15853, 20)-(15853, 55)","b'(const void *payload, Args... args) -> Ret'"
Hazel-master,../repos/Hazel-master/Hazel/vendor/entt/include/entt.hpp,"(15894, 19)-(15894, 33)",b'operator()(Args... args) const'
Hazel-master,../repos/Hazel-master/Hazel/vendor/entt/include/entt.hpp,"(15913, 20)-(15913, 57)",b'operator==(const delegate<Ret(Args...)> &othe...'
Hazel-master,../repos/Hazel-master/Hazel/vendor/entt/include/entt.hpp,"(15913, 39)-(15913, 48)",b'(Args...)'
Hazel-master,../repos/Hazel-master/Hazel/vendor/entt/include/entt.hpp,"(15932, 16)-(15932, 86)","b'operator!=(const delegate<Ret(Args...)> &lhs,...'"
Hazel-master,../repos/Hazel-master/Hazel/vendor/entt/include/entt.hpp,"(15932, 35)-(15932, 44)",b'(Args...)'
Hazel-master,../repos/Hazel-master/Hazel/vendor/entt/include/entt.hpp,"(15932, 70)-(15932, 79)",b'(Args...)'
Hazel-master,../repos/Hazel-master/Hazel/vendor/entt/include/entt.hpp,"(16571, 15)-(16571, 24)",b'(Args...)'
Hazel-master,../repos/Hazel-master/Hazel/vendor/entt/include/entt.hpp,"(16573, 26)-(16573, 35)",b'(Args...)'
Hazel-master,../repos/Hazel-master/Hazel/vendor/entt/include/entt.hpp,"(16579, 37)-(16579, 46)",b'(Args...)'
Hazel-master,../repos/Hazel-master/Hazel/vendor/entt/include/entt.hpp,"(16611, 17)-(16611, 31)",b'publish(Args... args) const'
Hazel-master,../repos/Hazel-master/Hazel/vendor/entt/include/entt.hpp,"(16632, 17)-(16632, 42)","b'collect(Func func, Args... args) const'"
Hazel-master,../repos/Hazel-master/Hazel/vendor/entt/include/entt.hpp,"(16653, 29)-(16653, 38)",b'(Args...)'
Hazel-master,../repos/Hazel-master/Hazel/vendor/entt/include/entt.hpp,"(16777, 15)-(16777, 24)",b'(Args...)'
Hazel-master,../repos/Hazel-master/Hazel/vendor/entt/include/entt.hpp,"(16778, 33)-(16778, 42)",b'(Args...)'
Hazel-master,../repos/Hazel-master/Hazel/vendor/entt/include/entt.hpp,"(16796, 9)-(16796, 34)",b'sink(sigh<Ret(Args...)> &ref)'
Hazel-master,../repos/Hazel-master/Hazel/vendor/entt/include/entt.hpp,"(16796, 18)-(16796, 27)",b'(Args...)'
Hazel-master,../repos/Hazel-master/Hazel/vendor/entt/include/entt.hpp,"(16817, 21)-(16817, 30)",b'(Args...)'
Hazel-master,../repos/Hazel-master/Hazel/vendor/entt/include/entt.hpp,"(16838, 21)-(16838, 30)",b'(Args...)'
Hazel-master,../repos/Hazel-master/Hazel/vendor/entt/include/entt.hpp,"(16907, 21)-(16907, 30)",b'(Args...)'
Hazel-master,../repos/Hazel-master/Hazel/vendor/entt/include/entt.hpp,"(16937, 21)-(16937, 30)",b'(Args...)'
Hazel-master,../repos/Hazel-master/Hazel/vendor/entt/include/entt.hpp,"(16953, 21)-(16953, 30)",b'(Args...)'
Hazel-master,../repos/Hazel-master/Hazel/vendor/entt/include/entt.hpp,"(16968, 21)-(16968, 30)",b'(Args...)'
Hazel-master,../repos/Hazel-master/Hazel/vendor/entt/include/entt.hpp,"(17021, 5)-(17021, 27)",b'sink(sigh<Ret(Args...)> &)'
Hazel-master,../repos/Hazel-master/Hazel/vendor/entt/include/entt.hpp,"(17021, 14)-(17021, 23)",b'(Args...)'
Hazel-master,../repos/Hazel-master/Hazel/vendor/entt/include/entt.hpp,"(17021, 53)-(17021, 62)",b'(Args...)'
Hazel-master,../repos/Hazel-master/Hazel/vendor/entt/include/entt.hpp,"(17078, 21)-(17078, 38)",b'trigger(Args &&... args)'
Hazel-master,../repos/Hazel-master/Hazel/vendor/entt/include/entt.hpp,"(17083, 21)-(17083, 38)",b'enqueue(Args &&... args)'
Hazel-master,../repos/Hazel-master/Hazel/vendor/entt/include/entt.hpp,"(17152, 17)-(17152, 34)",b'trigger(Args &&... args)'
Hazel-master,../repos/Hazel-master/Hazel/vendor/entt/include/entt.hpp,"(17181, 17)-(17181, 34)",b'enqueue(Args &&... args)'
Hazel-master,../repos/Hazel-master/Hazel/vendor/entt/include/entt.hpp,"(17473, 17)-(17473, 34)",b'publish(Args &&... args)'
Hazel-master,../repos/Hazel-master/Hazel/vendor/filewatch/FileWatch.h,"(204, 13)-(204, 18)",b'catch (...) {\n\t\t\t\t\ttry {\n\t\t\t\t\t\t_running.set_e...'
Hazel-master,../repos/Hazel-master/Hazel/vendor/filewatch/FileWatch.h,"(208, 12)-(208, 17)",b'catch (...) {}'
Hazel-master,../repos/Hazel-master/Hazel/vendor/filewatch/FileWatch.h,"(214, 13)-(214, 18)",b'catch (...) {\n\t\t\t\t\ttry {\n\t\t\t\t\t\t_running.set_e...'
Hazel-master,../repos/Hazel-master/Hazel/vendor/filewatch/FileWatch.h,"(218, 12)-(218, 17)",b'catch (...) {}'
Hazel-master,../repos/Hazel-master/Hazel/vendor/filewatch/FileWatch.h,"(277, 54)-(277, 92)","b'GetFileAttributesX(const char* lpFileName, Ar...'"
Hazel-master,../repos/Hazel-master/Hazel/vendor/filewatch/FileWatch.h,"(280, 54)-(280, 95)","b'GetFileAttributesX(const wchar_t* lpFileName,...'"
Hazel-master,../repos/Hazel-master/Hazel/vendor/filewatch/FileWatch.h,"(284, 48)-(284, 86)","b'CreateFileX(const char* lpFileName, Args... args)'"
Hazel-master,../repos/Hazel-master/Hazel/vendor/filewatch/FileWatch.h,"(287, 48)-(287, 89)","b'CreateFileX(const wchar_t* lpFileName, Args.....'"
Hazel-master,../repos/Hazel-master/Hazel/vendor/mono/include/mono/metadata/class-internals.h,"(1138, 34)-(1138, 75)",b'mono_class_set_type_load_failure (MonoClass *...'
Hazel-master,../repos/Hazel-master/Hazel/vendor/mono/include/mono/metadata/exception-internals.h,"(39, 31)-(39, 143)",b'mono_error_set_method_missing (MonoError *err...'
Hazel-master,../repos/Hazel-master/Hazel/vendor/mono/include/mono/metadata/exception-internals.h,"(42, 30)-(42, 131)",b'mono_error_set_field_missing (MonoError *oerr...'
Hazel-master,../repos/Hazel-master/Hazel/vendor/mono/include/mono/metadata/exception-internals.h,"(45, 26)-(45, 91)","b'mono_error_set_bad_image (MonoError *error, M...'"
Hazel-master,../repos/Hazel-master/Hazel/vendor/mono/include/mono/metadata/exception-internals.h,"(48, 34)-(48, 105)",b'mono_error_set_bad_image_by_name (MonoError *...'
Hazel-master,../repos/Hazel-master/Hazel/vendor/mono/include/mono/metadata/exception-internals.h,"(51, 31)-(51, 102)",b'mono_error_set_file_not_found (MonoError *oer...'
Hazel-master,../repos/Hazel-master/Hazel/vendor/mono/include/mono/metadata/mempool-internals.h,"(82, 28)-(82, 72)",b'mono_mempool_strdup_printf (MonoMemPool *pool...'
Hazel-master,../repos/Hazel-master/Hazel/vendor/mono/include/mono/metadata/metadata-internals.h,"(839, 26)-(839, 69)","b'mono_image_strdup_printf (MonoImage *image, c...'"
