Repo name,File name,Location,Content
Hazel-master,../repos/Hazel-master/Hazel/vendor/entt/include/entt.hpp,"(7484, 14)-(7484, 24)",b'unique_ptr<sparse_set<Entity>>'
Hazel-master,../repos/Hazel-master/Hazel/vendor/entt/include/entt.hpp,"(7533, 14)-(7533, 24)","b'unique_ptr<void, void(*)(void *)>'"
Hazel-master,../repos/Hazel-master/Hazel/vendor/entt/include/entt.hpp,"(7541, 14)-(7541, 24)","b'unique_ptr<void, void(*)(void *)>'"
Hazel-master,../repos/Hazel-master/Hazel/vendor/entt/include/entt.hpp,"(7570, 26)-(7570, 36)",b'unique_ptr<sparse_set<entity_type>>'
