Repo name,File name,Location,Content
Hazel-master,../repos/Hazel-master/Hazel/src/Hazel/Core/Application.cpp,"(37, 15)-(37, 27)",b'Application::~Application'
Hazel-master,../repos/Hazel-master/Hazel/src/Hazel/Core/Application.h,"(41, 11)-(41, 23)",b'~Application()'
Hazel-master,../repos/Hazel-master/Hazel/src/Hazel/Core/Buffer.h,"(70, 3)-(70, 16)",b'~ScopedBuffer()'
Hazel-master,../repos/Hazel-master/Hazel/src/Hazel/Core/Layer.h,"(13, 11)-(13, 17)",b'~Layer()'
Hazel-master,../repos/Hazel-master/Hazel/src/Hazel/Core/LayerStack.cpp,"(6, 14)-(6, 25)",b'LayerStack::~LayerStack'
Hazel-master,../repos/Hazel-master/Hazel/src/Hazel/Core/LayerStack.h,"(14, 3)-(14, 14)",b'~LayerStack()'
Hazel-master,../repos/Hazel-master/Hazel/src/Hazel/Core/Window.h,"(30, 11)-(30, 18)",b'~Window()'
Hazel-master,../repos/Hazel-master/Hazel/src/Hazel/Debug/Instrumentor.h,"(109, 3)-(109, 16)",b'~Instrumentor()'
Hazel-master,../repos/Hazel-master/Hazel/src/Hazel/Debug/Instrumentor.h,"(153, 3)-(153, 24)",b'~InstrumentationTimer()'
Hazel-master,../repos/Hazel-master/Hazel/src/Hazel/Events/Event.h,"(43, 11)-(43, 17)",b'~Event()'
Hazel-master,../repos/Hazel-master/Hazel/src/Hazel/ImGui/ImGuiLayer.h,"(15, 3)-(15, 14)",b'~ImGuiLayer()'
Hazel-master,../repos/Hazel-master/Hazel/src/Hazel/Renderer/Buffer.h,"(106, 11)-(106, 24)",b'~VertexBuffer()'
Hazel-master,../repos/Hazel-master/Hazel/src/Hazel/Renderer/Buffer.h,"(124, 11)-(124, 23)",b'~IndexBuffer()'
Hazel-master,../repos/Hazel-master/Hazel/src/Hazel/Renderer/Camera.h,"(14, 11)-(14, 18)",b'~Camera()'
Hazel-master,../repos/Hazel-master/Hazel/src/Hazel/Renderer/Font.cpp,"(142, 8)-(142, 13)",b'Font::~Font'
Hazel-master,../repos/Hazel-master/Hazel/src/Hazel/Renderer/Font.h,"(16, 3)-(16, 8)",b'~Font()'
Hazel-master,../repos/Hazel-master/Hazel/src/Hazel/Renderer/Framebuffer.h,"(53, 11)-(53, 23)",b'~Framebuffer()'
Hazel-master,../repos/Hazel-master/Hazel/src/Hazel/Renderer/GraphicsContext.h,"(8, 11)-(8, 27)",b'~GraphicsContext()'
Hazel-master,../repos/Hazel-master/Hazel/src/Hazel/Renderer/RendererAPI.h,"(17, 11)-(17, 23)",b'~RendererAPI()'
Hazel-master,../repos/Hazel-master/Hazel/src/Hazel/Renderer/Shader.h,"(13, 11)-(13, 18)",b'~Shader()'
Hazel-master,../repos/Hazel-master/Hazel/src/Hazel/Renderer/Texture.h,"(29, 11)-(29, 19)",b'~Texture()'
Hazel-master,../repos/Hazel-master/Hazel/src/Hazel/Renderer/UniformBuffer.h,"(10, 11)-(10, 25)",b'~UniformBuffer()'
Hazel-master,../repos/Hazel-master/Hazel/src/Hazel/Renderer/VertexArray.h,"(12, 11)-(12, 23)",b'~VertexArray()'
Hazel-master,../repos/Hazel-master/Hazel/src/Hazel/Scene/Scene.cpp,"(28, 9)-(28, 15)",b'Scene::~Scene'
Hazel-master,../repos/Hazel-master/Hazel/src/Hazel/Scene/Scene.h,"(19, 3)-(19, 9)",b'~Scene()'
Hazel-master,../repos/Hazel-master/Hazel/src/Hazel/Scene/SceneCamera.h,"(13, 11)-(13, 23)",b'~SceneCamera()'
Hazel-master,../repos/Hazel-master/Hazel/src/Hazel/Scene/ScriptableEntity.h,"(10, 11)-(10, 28)",b'~ScriptableEntity()'
Hazel-master,../repos/Hazel-master/Hazel/src/Hazel/UI/UI.h,"(25, 3)-(25, 20)",b'~ScopedStyleColor()'
Hazel-master,../repos/Hazel-master/Hazel/src/Platform/OpenGL/OpenGLBuffer.cpp,"(30, 22)-(30, 41)",b'OpenGLVertexBuffer::~OpenGLVertexBuffer'
Hazel-master,../repos/Hazel-master/Hazel/src/Platform/OpenGL/OpenGLBuffer.cpp,"(74, 21)-(74, 39)",b'OpenGLIndexBuffer::~OpenGLIndexBuffer'
Hazel-master,../repos/Hazel-master/Hazel/src/Platform/OpenGL/OpenGLBuffer.h,"(12, 11)-(12, 30)",b'~OpenGLVertexBuffer()'
Hazel-master,../repos/Hazel-master/Hazel/src/Platform/OpenGL/OpenGLBuffer.h,"(30, 11)-(30, 29)",b'~OpenGLIndexBuffer()'
Hazel-master,../repos/Hazel-master/Hazel/src/Platform/OpenGL/OpenGLFramebuffer.cpp,"(107, 21)-(107, 39)",b'OpenGLFramebuffer::~OpenGLFramebuffer'
Hazel-master,../repos/Hazel-master/Hazel/src/Platform/OpenGL/OpenGLFramebuffer.h,"(11, 11)-(11, 29)",b'~OpenGLFramebuffer()'
Hazel-master,../repos/Hazel-master/Hazel/src/Platform/OpenGL/OpenGLShader.cpp,"(129, 16)-(129, 29)",b'OpenGLShader::~OpenGLShader'
Hazel-master,../repos/Hazel-master/Hazel/src/Platform/OpenGL/OpenGLShader.h,"(16, 11)-(16, 24)",b'~OpenGLShader()'
Hazel-master,../repos/Hazel-master/Hazel/src/Platform/OpenGL/OpenGLTexture.cpp,"(106, 19)-(106, 35)",b'OpenGLTexture2D::~OpenGLTexture2D'
Hazel-master,../repos/Hazel-master/Hazel/src/Platform/OpenGL/OpenGLTexture.h,"(14, 11)-(14, 27)",b'~OpenGLTexture2D()'
Hazel-master,../repos/Hazel-master/Hazel/src/Platform/OpenGL/OpenGLUniformBuffer.cpp,"(15, 23)-(15, 43)",b'OpenGLUniformBuffer::~OpenGLUniformBuffer'
Hazel-master,../repos/Hazel-master/Hazel/src/Platform/OpenGL/OpenGLUniformBuffer.h,"(11, 11)-(11, 31)",b'~OpenGLUniformBuffer()'
Hazel-master,../repos/Hazel-master/Hazel/src/Platform/OpenGL/OpenGLVertexArray.cpp,"(36, 21)-(36, 39)",b'OpenGLVertexArray::~OpenGLVertexArray'
Hazel-master,../repos/Hazel-master/Hazel/src/Platform/OpenGL/OpenGLVertexArray.h,"(11, 11)-(11, 29)",b'~OpenGLVertexArray()'
Hazel-master,../repos/Hazel-master/Hazel/src/Platform/Windows/WindowsWindow.cpp,"(30, 17)-(30, 31)",b'WindowsWindow::~WindowsWindow'
Hazel-master,../repos/Hazel-master/Hazel/src/Platform/Windows/WindowsWindow.h,"(14, 11)-(14, 25)",b'~WindowsWindow()'
Hazel-master,../repos/Hazel-master/Hazel/vendor/entt/include/entt.hpp,"(2950, 5)-(2950, 23)",b'~scoped_connection()'
Hazel-master,../repos/Hazel-master/Hazel/vendor/entt/include/entt.hpp,"(3744, 13)-(3744, 24)",b'~sparse_set()'
Hazel-master,../repos/Hazel-master/Hazel/vendor/entt/include/entt.hpp,"(9216, 13)-(9216, 25)",b'~basic_actor()'
Hazel-master,../repos/Hazel-master/Hazel/vendor/entt/include/entt.hpp,"(9818, 5)-(9818, 20)",b'~basic_observer()'
Hazel-master,../repos/Hazel-master/Hazel/vendor/entt/include/entt.hpp,"(10081, 5)-(10081, 21)",b'~service_locator()'
Hazel-master,../repos/Hazel-master/Hazel/vendor/entt/include/entt.hpp,"(11418, 48)-(11418, 53)",b'static_cast<Type *>(any.instance)->~Type'
Hazel-master,../repos/Hazel-master/Hazel/vendor/entt/include/entt.hpp,"(11519, 5)-(11519, 14)",b'~meta_any()'
Hazel-master,../repos/Hazel-master/Hazel/vendor/entt/include/entt.hpp,"(14480, 13)-(14480, 21)",b'~process()'
Hazel-master,../repos/Hazel-master/Hazel/vendor/entt/include/entt.hpp,"(16724, 5)-(16724, 23)",b'~scoped_connection()'
Hazel-master,../repos/Hazel-master/Hazel/vendor/entt/include/entt.hpp,"(17048, 17)-(17048, 28)",b'~basic_pool()'
Hazel-master,../repos/Hazel-master/Hazel/vendor/entt/include/entt.hpp,"(17307, 17)-(17307, 28)",b'~basic_pool()'
Hazel-master,../repos/Hazel-master/Hazel/vendor/entt/include/entt.hpp,"(17451, 13)-(17451, 21)",b'~emitter()'
Hazel-master,../repos/Hazel-master/Hazel/vendor/filewatch/FileWatch.h,"(104, 3)-(104, 13)",b'~FileWatch()'
Hazel-master,../repos/Hazel-master/Sandbox/src/ExampleLayer.h,"(9, 10)-(9, 23)",b'~ExampleLayer()'
Hazel-master,../repos/Hazel-master/Sandbox/src/Sandbox2D.h,"(9, 10)-(9, 20)",b'~Sandbox2D()'
Hazel-master,../repos/Hazel-master/Sandbox/src/SandboxApp.cpp,"(17, 2)-(17, 10)",b'~Sandbox()'
