Repo name,File name,Location,Content
Hazel-master,../repos/Hazel-master/Hazel/src/Hazel/Events/ApplicationEvent.h,"(16, 3)-(21, 4)",b'std::string ToString() const override\n\t\t{\n\t\t\t...'
Hazel-master,../repos/Hazel-master/Hazel/src/Hazel/Events/KeyEvent.h,"(29, 3)-(34, 4)",b'std::string ToString() const override\n\t\t{\n\t\t\t...'
Hazel-master,../repos/Hazel-master/Hazel/src/Hazel/Events/KeyEvent.h,"(47, 3)-(52, 4)",b'std::string ToString() const override\n\t\t{\n\t\t\t...'
Hazel-master,../repos/Hazel-master/Hazel/src/Hazel/Events/KeyEvent.h,"(63, 3)-(68, 4)",b'std::string ToString() const override\n\t\t{\n\t\t\t...'
Hazel-master,../repos/Hazel-master/Hazel/src/Hazel/Events/MouseEvent.h,"(17, 3)-(22, 4)",b'std::string ToString() const override\n\t\t{\n\t\t\t...'
Hazel-master,../repos/Hazel-master/Hazel/src/Hazel/Events/MouseEvent.h,"(39, 3)-(44, 4)",b'std::string ToString() const override\n\t\t{\n\t\t\t...'
Hazel-master,../repos/Hazel-master/Hazel/src/Hazel/Events/MouseEvent.h,"(71, 3)-(76, 4)",b'std::string ToString() const override\n\t\t{\n\t\t\t...'
Hazel-master,../repos/Hazel-master/Hazel/src/Hazel/Events/MouseEvent.h,"(87, 3)-(92, 4)",b'std::string ToString() const override\n\t\t{\n\t\t\t...'
Hazel-master,../repos/Hazel-master/Hazel/src/Platform/OpenGL/OpenGLBuffer.h,"(19, 3)-(19, 78)",b'virtual const BufferLayout& GetLayout() const...'
Hazel-master,../repos/Hazel-master/Hazel/src/Platform/OpenGL/OpenGLBuffer.h,"(20, 3)-(20, 85)",b'virtual void SetLayout(const BufferLayout& la...'
Hazel-master,../repos/Hazel-master/Hazel/src/Platform/OpenGL/OpenGLFramebuffer.h,"(23, 3)-(23, 172)",b'virtual uint32_t GetColorAttachmentRendererID...'
Hazel-master,../repos/Hazel-master/Hazel/src/Platform/OpenGL/OpenGLFramebuffer.h,"(25, 3)-(25, 104)",b'virtual const FramebufferSpecification& GetSp...'
Hazel-master,../repos/Hazel-master/Hazel/src/Platform/OpenGL/OpenGLShader.h,"(29, 3)-(29, 73)",b'virtual const std::string& GetName() const ov...'
Hazel-master,../repos/Hazel-master/Hazel/src/Platform/OpenGL/OpenGLTexture.h,"(16, 3)-(16, 100)",b'virtual const TextureSpecification& GetSpecif...'
Hazel-master,../repos/Hazel-master/Hazel/src/Platform/OpenGL/OpenGLTexture.h,"(18, 3)-(18, 66)",b'virtual uint32_t GetWidth() const override { ...'
Hazel-master,../repos/Hazel-master/Hazel/src/Platform/OpenGL/OpenGLTexture.h,"(19, 3)-(19, 67)",b'virtual uint32_t GetHeight() const override {...'
Hazel-master,../repos/Hazel-master/Hazel/src/Platform/OpenGL/OpenGLTexture.h,"(20, 3)-(20, 75)",b'virtual uint32_t GetRendererID() const overri...'
Hazel-master,../repos/Hazel-master/Hazel/src/Platform/OpenGL/OpenGLTexture.h,"(22, 3)-(22, 73)",b'virtual const std::string& GetPath() const ov...'
Hazel-master,../repos/Hazel-master/Hazel/src/Platform/OpenGL/OpenGLTexture.h,"(28, 3)-(28, 64)",b'virtual bool IsLoaded() const override { retu...'
Hazel-master,../repos/Hazel-master/Hazel/src/Platform/OpenGL/OpenGLTexture.h,"(30, 3)-(33, 4)",b'virtual bool operator==(const Texture& other)...'
Hazel-master,../repos/Hazel-master/Hazel/src/Platform/Windows/WindowsWindow.h,"(18, 3)-(18, 66)",b'unsigned int GetWidth() const override { retu...'
Hazel-master,../repos/Hazel-master/Hazel/src/Platform/Windows/WindowsWindow.h,"(19, 3)-(19, 68)",b'unsigned int GetHeight() const override { ret...'
Hazel-master,../repos/Hazel-master/Hazel/src/Platform/Windows/WindowsWindow.h,"(22, 3)-(22, 103)",b'void SetEventCallback(const EventCallbackFn& ...'
Hazel-master,../repos/Hazel-master/Hazel/vendor/entt/include/entt.hpp,"(4626, 5)-(4629, 6)","b'void swap(const entity_type lhs, const entity...'"
Hazel-master,../repos/Hazel-master/Hazel/vendor/entt/include/entt.hpp,"(17059, 9)-(17067, 10)",b'void publish() override {\n            const a...'
Hazel-master,../repos/Hazel-master/Hazel/vendor/entt/include/entt.hpp,"(17069, 22)-(17071, 10)",b'ENTT_NOEXCEPT override {\n            events.c...'
Hazel-master,../repos/Hazel-master/Hazel/vendor/entt/include/entt.hpp,"(17087, 33)-(17089, 10)",b'ENTT_NOEXCEPT override {\n            return t...'
Hazel-master,../repos/Hazel-master/Hazel/vendor/entt/include/entt.hpp,"(17320, 28)-(17325, 10)",b'ENTT_NOEXCEPT override {\n            auto pre...'
Hazel-master,../repos/Hazel-master/Hazel/vendor/entt/include/entt.hpp,"(17327, 22)-(17340, 10)",b'ENTT_NOEXCEPT override {\n            if(publi...'
Hazel-master,../repos/Hazel-master/Hazel/vendor/entt/include/entt.hpp,"(17379, 33)-(17381, 10)",b'ENTT_NOEXCEPT override {\n            return t...'
Hazel-master,../repos/Hazel-master/Hazel/vendor/mono/include/mono/metadata/sgen-client-mono.h,"(219, 1)-(230, 2)",b'static gboolean G_GNUC_UNUSED\nsgen_client_obj...'
Hazel-master,../repos/Hazel-master/Hazel/vendor/mono/include/mono/metadata/sgen-client-mono.h,"(271, 1)-(275, 2)",b'static void G_GNUC_UNUSED\nsgen_client_bridge_...'
Hazel-master,../repos/Hazel-master/Hazel/vendor/stb_image/stb_image.h,"(3483, 1)-(3614, 2)",b'static void stbi__YCbCr_to_RGB_simd(stbi_uc *...'
Hazel-master,../repos/Hazel-master/Hazel/vendor/stb_image/stb_image.h,"(4241, 1)-(4270, 2)","b'static int stbi__parse_zlib(stbi__zbuf *a, in...'"
Hazel-master,../repos/Hazel-master/Hazel/vendor/stb_image/stb_image.h,"(4656, 1)-(4698, 2)",b'static int stbi__create_png_image(stbi__png *...'
Hazel-master,../repos/Hazel-master/Hazel/vendor/stb_image/stb_image.h,"(4851, 1)-(5026, 2)","b'static int stbi__parse_png_file(stbi__png *z,...'"
Hazel-master,../repos/Hazel-master/Hazel/vendor/stb_image/stb_image.h,"(6689, 1)-(6751, 2)",b'static void *stbi__load_gif_main(stbi__contex...'
