Repo name,File name,Location,Content
Hazel-master,../repos/Hazel-master/Hazel/vendor/entt/include/entt.hpp,"(3603, 5)-(3703, 6)",b'class sparse_set_iterator final {\n        fri...'
Hazel-master,../repos/Hazel-master/Hazel/vendor/entt/include/entt.hpp,"(4248, 5)-(4348, 6)",b'class storage_iterator final {\n        friend...'
Hazel-master,../repos/Hazel-master/Hazel/vendor/entt/include/entt.hpp,"(5786, 5)-(5854, 6)",b'class view_iterator final {\n        friend cl...'
Hazel-master,../repos/Hazel-master/Hazel/vendor/entt/include/entt.hpp,"(6678, 5)-(6747, 6)",b'class view_iterator final {\n        friend cl...'
