Repo name,File name,Location,Content
Hazel-master,../repos/Hazel-master/Hazel/src/Hazel/Core/Timer.h,"(22, 24)-(22, 63)",b'chrono::duration_cast<std::chrono::nanoseconds>'
Hazel-master,../repos/Hazel-master/Hazel/src/Hazel/Debug/Instrumentor.h,"(163, 36)-(163, 78)",b'chrono::time_point_cast<std::chrono::microseconds>'
Hazel-master,../repos/Hazel-master/Hazel/src/Hazel/Debug/Instrumentor.h,"(163, 127)-(163, 169)",b'chrono::time_point_cast<std::chrono::microseconds>'
Hazel-master,../repos/Hazel-master/Hazel/src/Hazel/Events/Event.h,"(72, 29)-(72, 44)",b'static_cast<T&>(m_Event)'
Hazel-master,../repos/Hazel-master/Hazel/src/Hazel/ImGui/ImGuiLayer.cpp,"(59, 24)-(59, 48)",b'static_cast<GLFWwindow*>(app.GetWindow().GetN...'
Hazel-master,../repos/Hazel-master/Hazel/src/Hazel/Math/Math.cpp,"(19, 39)-(19, 57)",b'static_cast<float>(0)'
Hazel-master,../repos/Hazel-master/Hazel/src/Hazel/Math/Math.cpp,"(24, 39)-(24, 53)",b'static_cast<T>(0)'
Hazel-master,../repos/Hazel-master/Hazel/src/Hazel/Math/Math.cpp,"(25, 39)-(25, 53)",b'static_cast<T>(0)'
Hazel-master,../repos/Hazel-master/Hazel/src/Hazel/Math/Math.cpp,"(26, 39)-(26, 53)",b'static_cast<T>(0)'
Hazel-master,../repos/Hazel-master/Hazel/src/Hazel/Math/Math.cpp,"(29, 64)-(29, 78)",b'static_cast<T>(0)'
Hazel-master,../repos/Hazel-master/Hazel/src/Hazel/Math/Math.cpp,"(30, 24)-(30, 38)",b'static_cast<T>(1)'
Hazel-master,../repos/Hazel-master/Hazel/src/Hazel/Math/Math.cpp,"(46, 34)-(46, 48)",b'static_cast<T>(1)'
Hazel-master,../repos/Hazel-master/Hazel/src/Hazel/Math/Math.cpp,"(48, 34)-(48, 48)",b'static_cast<T>(1)'
Hazel-master,../repos/Hazel-master/Hazel/src/Hazel/Math/Math.cpp,"(50, 34)-(50, 48)",b'static_cast<T>(1)'
Hazel-master,../repos/Hazel-master/Hazel/src/Hazel/Math/Math.cpp,"(61, 17)-(61, 31)",b'static_cast<T>(-1)'
Hazel-master,../repos/Hazel-master/Hazel/src/Hazel/Math/Math.cpp,"(62, 15)-(62, 29)",b'static_cast<T>(-1)'
Hazel-master,../repos/Hazel-master/Hazel/src/Hazel/Renderer/GraphicsContext.cpp,"(14, 43)-(14, 69)",b'CreateScope<OpenGLContext>(static_cast<GLFWwi...'
Hazel-master,../repos/Hazel-master/Hazel/src/Hazel/Renderer/GraphicsContext.cpp,"(14, 70)-(14, 94)",b'static_cast<GLFWwindow*>(window)'
Hazel-master,../repos/Hazel-master/Hazel/src/Hazel/Scene/Components.h,"(108, 38)-(108, 68)",b'static_cast<ScriptableEntity*>(new T())'
Hazel-master,../repos/Hazel-master/Hazel/src/Platform/Windows/WindowsInput.cpp,"(11, 18)-(11, 42)",b'static_cast<GLFWwindow*>(Application::Get().G...'
Hazel-master,../repos/Hazel-master/Hazel/src/Platform/Windows/WindowsInput.cpp,"(12, 35)-(12, 55)",b'static_cast<int32_t>(key)'
Hazel-master,../repos/Hazel-master/Hazel/src/Platform/Windows/WindowsInput.cpp,"(18, 18)-(18, 42)",b'static_cast<GLFWwindow*>(Application::Get().G...'
Hazel-master,../repos/Hazel-master/Hazel/src/Platform/Windows/WindowsInput.cpp,"(19, 43)-(19, 63)",b'static_cast<int32_t>(button)'
Hazel-master,../repos/Hazel-master/Hazel/src/Platform/Windows/WindowsInput.cpp,"(25, 18)-(25, 42)",b'static_cast<GLFWwindow*>(Application::Get().G...'
Hazel-master,../repos/Hazel-master/Hazel/vendor/entt/include/entt.hpp,"(498, 30)-(498, 60)",b'static_cast<traits_type::type>(*(curr++))'
Hazel-master,../repos/Hazel-master/Hazel/vendor/entt/include/entt.hpp,"(1768, 30)-(1768, 60)",b'static_cast<traits_type::type>(*(curr++))'
Hazel-master,../repos/Hazel-master/Hazel/vendor/entt/include/entt.hpp,"(2493, 26)-(2493, 45)",b'static_cast<Type *>(const_cast<std::condition...'
Hazel-master,../repos/Hazel-master/Hazel/vendor/entt/include/entt.hpp,"(2493, 46)-(2493, 121)",b'const_cast<std::conditional_t<std::is_const_v...'
Hazel-master,../repos/Hazel-master/Hazel/vendor/entt/include/entt.hpp,"(2502, 26)-(2502, 45)",b'static_cast<Type *>(const_cast<std::condition...'
Hazel-master,../repos/Hazel-master/Hazel/vendor/entt/include/entt.hpp,"(2502, 46)-(2502, 121)",b'const_cast<std::conditional_t<std::is_const_v...'
Hazel-master,../repos/Hazel-master/Hazel/vendor/entt/include/entt.hpp,"(2582, 30)-(2582, 49)",b'static_cast<Type *>(const_cast<std::condition...'
Hazel-master,../repos/Hazel-master/Hazel/vendor/entt/include/entt.hpp,"(2582, 50)-(2582, 125)",b'const_cast<std::conditional_t<std::is_const_v...'
Hazel-master,../repos/Hazel-master/Hazel/vendor/entt/include/entt.hpp,"(2606, 30)-(2606, 49)",b'static_cast<Type *>(const_cast<std::condition...'
Hazel-master,../repos/Hazel-master/Hazel/vendor/entt/include/entt.hpp,"(2606, 50)-(2606, 125)",b'const_cast<std::conditional_t<std::is_const_v...'
Hazel-master,../repos/Hazel-master/Hazel/vendor/entt/include/entt.hpp,"(2908, 16)-(2908, 33)",b'static_cast<bool>(disconnect)'
Hazel-master,../repos/Hazel-master/Hazel/vendor/entt/include/entt.hpp,"(2975, 16)-(2975, 33)",b'static_cast<bool>(conn)'
Hazel-master,../repos/Hazel-master/Hazel/vendor/entt/include/entt.hpp,"(3009, 15)-(3009, 41)",b'static_cast<signal_type *>(signal)'
Hazel-master,../repos/Hazel-master/Hazel/vendor/entt/include/entt.hpp,"(3014, 15)-(3014, 41)",b'static_cast<signal_type *>(signal)'
Hazel-master,../repos/Hazel-master/Hazel/vendor/entt/include/entt.hpp,"(3390, 88)-(3390, 107)",b'static_cast<Entity>(*this)'
Hazel-master,../repos/Hazel-master/Hazel/vendor/entt/include/entt.hpp,"(4402, 16)-(4402, 41)",b'const_cast<object_type *>(std::as_const(*this...'
Hazel-master,../repos/Hazel-master/Hazel/vendor/entt/include/entt.hpp,"(4479, 16)-(4479, 41)",b'const_cast<object_type &>(std::as_const(*this...'
Hazel-master,../repos/Hazel-master/Hazel/vendor/entt/include/entt.hpp,"(4493, 16)-(4493, 41)",b'const_cast<object_type *>(std::as_const(*this...'
Hazel-master,../repos/Hazel-master/Hazel/vendor/entt/include/entt.hpp,"(6755, 28)-(6755, 67)",b'static_cast<const sparse_set<Entity> *>(std::...'
Hazel-master,../repos/Hazel-master/Hazel/vendor/entt/include/entt.hpp,"(6781, 34)-(6781, 78)",b'static_cast<const sparse_set<entity_type> &>(...'
Hazel-master,../repos/Hazel-master/Hazel/vendor/entt/include/entt.hpp,"(6793, 34)-(6793, 78)",b'static_cast<const sparse_set<entity_type> &>(...'
Hazel-master,../repos/Hazel-master/Hazel/vendor/entt/include/entt.hpp,"(7559, 21)-(7559, 59)",b'static_cast<pool_handler<Component> &>(cpool)'
Hazel-master,../repos/Hazel-master/Hazel/vendor/entt/include/entt.hpp,"(7563, 20)-(7563, 58)",b'static_cast<pool_handler<Component> &>(*pools...'
Hazel-master,../repos/Hazel-master/Hazel/vendor/entt/include/entt.hpp,"(7572, 25)-(7572, 63)",b'static_cast<pool_handler<Component> &>(cpool)'
Hazel-master,../repos/Hazel-master/Hazel/vendor/entt/include/entt.hpp,"(7579, 20)-(7579, 58)",b'static_cast<pool_handler<Component> &>(*candidate)'
Hazel-master,../repos/Hazel-master/Hazel/vendor/entt/include/entt.hpp,"(7585, 16)-(7585, 53)",b'const_cast<pool_handler<Component> &>(std::as...'
Hazel-master,../repos/Hazel-master/Hazel/vendor/entt/include/entt.hpp,"(7743, 16)-(7743, 39)",b'const_cast<Component *>(std::as_const(*this)....'
Hazel-master,../repos/Hazel-master/Hazel/vendor/entt/include/entt.hpp,"(8723, 16)-(8723, 44)",b'const_cast<basic_registry *>(this)'
Hazel-master,../repos/Hazel-master/Hazel/vendor/entt/include/entt.hpp,"(8782, 23)-(8782, 50)",b'static_cast<handler_type *>(it->group.get())'
Hazel-master,../repos/Hazel-master/Hazel/vendor/entt/include/entt.hpp,"(8788, 67)-(8788, 94)",b'static_cast<handler_type *>(instance)'
Hazel-master,../repos/Hazel-master/Hazel/vendor/entt/include/entt.hpp,"(8794, 23)-(8794, 50)",b'static_cast<handler_type *>(candidate.group.get())'
Hazel-master,../repos/Hazel-master/Hazel/vendor/entt/include/entt.hpp,"(8863, 16)-(8863, 44)",b'const_cast<basic_registry *>(this)'
Hazel-master,../repos/Hazel-master/Hazel/vendor/entt/include/entt.hpp,"(8892, 16)-(8892, 44)",b'const_cast<basic_registry *>(this)'
Hazel-master,../repos/Hazel-master/Hazel/vendor/entt/include/entt.hpp,"(9035, 130)-(9035, 149)",b'static_cast<Type *>(instance)'
Hazel-master,../repos/Hazel-master/Hazel/vendor/entt/include/entt.hpp,"(9036, 17)-(9036, 36)",b'static_cast<Type *>(vars.back().value.get())'
Hazel-master,../repos/Hazel-master/Hazel/vendor/entt/include/entt.hpp,"(9076, 46)-(9076, 71)",b'static_cast<const Type *>(it->value.get())'
Hazel-master,../repos/Hazel-master/Hazel/vendor/entt/include/entt.hpp,"(9082, 16)-(9082, 34)",b'const_cast<Type *>(std::as_const(*this).templ...'
Hazel-master,../repos/Hazel-master/Hazel/vendor/entt/include/entt.hpp,"(9107, 16)-(9107, 34)",b'const_cast<Type &>(std::as_const(*this).templ...'
Hazel-master,../repos/Hazel-master/Hazel/vendor/entt/include/entt.hpp,"(9322, 16)-(9322, 43)",b'const_cast<registry_type &>(std::as_const(*th...'
Hazel-master,../repos/Hazel-master/Hazel/vendor/entt/include/entt.hpp,"(10088, 17)-(10088, 34)",b'static_cast<bool>(service)'
Hazel-master,../repos/Hazel-master/Hazel/vendor/entt/include/entt.hpp,"(10139, 21)-(10139, 38)",b'static_cast<bool>(ptr)'
Hazel-master,../repos/Hazel-master/Hazel/vendor/entt/include/entt.hpp,"(10456, 30)-(10456, 60)",b'static_cast<traits_type::type>(*(curr++))'
Hazel-master,../repos/Hazel-master/Hazel/vendor/entt/include/entt.hpp,"(11285, 17)-(11285, 42)",b'static_cast<const Type *>(lhs)'
Hazel-master,../repos/Hazel-master/Hazel/vendor/entt/include/entt.hpp,"(11285, 52)-(11285, 77)",b'static_cast<const Type *>(rhs)'
Hazel-master,../repos/Hazel-master/Hazel/vendor/entt/include/entt.hpp,"(11387, 39)-(11387, 58)",b'static_cast<Type *>(any.instance)'
Hazel-master,../repos/Hazel-master/Hazel/vendor/entt/include/entt.hpp,"(11393, 20)-(11393, 39)",b'static_cast<Type *>(any.instance)'
Hazel-master,../repos/Hazel-master/Hazel/vendor/entt/include/entt.hpp,"(11397, 40)-(11397, 65)",b'static_cast<const Type *>(from.instance)'
Hazel-master,../repos/Hazel-master/Hazel/vendor/entt/include/entt.hpp,"(11403, 38)-(11403, 57)",b'static_cast<Type *>(from.instance)'
Hazel-master,../repos/Hazel-master/Hazel/vendor/entt/include/entt.hpp,"(11418, 13)-(11418, 32)",b'static_cast<Type *>(any.instance)'
Hazel-master,../repos/Hazel-master/Hazel/vendor/entt/include/entt.hpp,"(11422, 51)-(11422, 76)",b'static_cast<const Type *>(from.instance)'
Hazel-master,../repos/Hazel-master/Hazel/vendor/entt/include/entt.hpp,"(11426, 61)-(11426, 80)",b'static_cast<Type *>(from.instance)'
Hazel-master,../repos/Hazel-master/Hazel/vendor/entt/include/entt.hpp,"(11562, 16)-(11562, 34)",b'const_cast<void *>(std::as_const(*this).data())'
Hazel-master,../repos/Hazel-master/Hazel/vendor/entt/include/entt.hpp,"(11580, 16)-(11580, 41)",b'static_cast<const Type *>(ret)'
Hazel-master,../repos/Hazel-master/Hazel/vendor/entt/include/entt.hpp,"(11586, 16)-(11586, 34)",b'const_cast<Type *>(std::as_const(*this).try_c...'
Hazel-master,../repos/Hazel-master/Hazel/vendor/entt/include/entt.hpp,"(11605, 31)-(11605, 45)",b'try_cast<Type>()'
Hazel-master,../repos/Hazel-master/Hazel/vendor/entt/include/entt.hpp,"(11613, 16)-(11613, 34)",b'const_cast<Type &>(std::as_const(*this).cast<...'
Hazel-master,../repos/Hazel-master/Hazel/vendor/entt/include/entt.hpp,"(13145, 24)-(13145, 43)",b'static_cast<Base *>(static_cast<Type *>(instance))'
Hazel-master,../repos/Hazel-master/Hazel/vendor/entt/include/entt.hpp,"(13145, 44)-(13145, 63)",b'static_cast<Type *>(instance)'
Hazel-master,../repos/Hazel-master/Hazel/vendor/entt/include/entt.hpp,"(13175, 24)-(13175, 39)",b'static_cast<To>(*static_cast<const Type *>(in...'
Hazel-master,../repos/Hazel-master/Hazel/vendor/entt/include/entt.hpp,"(13175, 41)-(13175, 66)",b'static_cast<const Type *>(instance)'
Hazel-master,../repos/Hazel-master/Hazel/vendor/entt/include/entt.hpp,"(13208, 48)-(13208, 73)",b'static_cast<const Type *>(instance)'
Hazel-master,../repos/Hazel-master/Hazel/vendor/entt/include/entt.hpp,"(13314, 40)-(13314, 59)",b'static_cast<Type *>(instance)'
Hazel-master,../repos/Hazel-master/Hazel/vendor/entt/include/entt.hpp,"(13900, 30)-(13900, 60)",b'static_cast<traits_type::type>(*(curr++))'
Hazel-master,../repos/Hazel-master/Hazel/vendor/entt/include/entt.hpp,"(14397, 9)-(14397, 30)",b'static_cast<Target *>(this)'
Hazel-master,../repos/Hazel-master/Hazel/vendor/entt/include/entt.hpp,"(14403, 9)-(14403, 30)",b'static_cast<Target *>(this)'
Hazel-master,../repos/Hazel-master/Hazel/vendor/entt/include/entt.hpp,"(14409, 9)-(14409, 30)",b'static_cast<Target *>(this)'
Hazel-master,../repos/Hazel-master/Hazel/vendor/entt/include/entt.hpp,"(14415, 9)-(14415, 30)",b'static_cast<Target *>(this)'
Hazel-master,../repos/Hazel-master/Hazel/vendor/entt/include/entt.hpp,"(14421, 9)-(14421, 30)",b'static_cast<Target *>(this)'
Hazel-master,../repos/Hazel-master/Hazel/vendor/entt/include/entt.hpp,"(14734, 25)-(14734, 44)",b'static_cast<Proc *>(handler.instance.get())'
Hazel-master,../repos/Hazel-master/Hazel/vendor/entt/include/entt.hpp,"(14754, 9)-(14754, 28)",b'static_cast<Proc *>(handler.instance.get())'
Hazel-master,../repos/Hazel-master/Hazel/vendor/entt/include/entt.hpp,"(14759, 16)-(14759, 35)",b'static_cast<Proc *>(proc)'
Hazel-master,../repos/Hazel-master/Hazel/vendor/entt/include/entt.hpp,"(15198, 21)-(15198, 38)",b'static_cast<bool>(resource)'
Hazel-master,../repos/Hazel-master/Hazel/vendor/entt/include/entt.hpp,"(15204, 16)-(15204, 38)",b'const_cast<Resource &>(std::as_const(*this).get())'
Hazel-master,../repos/Hazel-master/Hazel/vendor/entt/include/entt.hpp,"(15231, 21)-(15231, 38)",b'static_cast<bool>(resource)'
Hazel-master,../repos/Hazel-master/Hazel/vendor/entt/include/entt.hpp,"(15237, 16)-(15237, 38)",b'const_cast<Resource *>(std::as_const(*this).o...'
Hazel-master,../repos/Hazel-master/Hazel/vendor/entt/include/entt.hpp,"(15245, 16)-(15245, 33)",b'static_cast<bool>(resource)'
Hazel-master,../repos/Hazel-master/Hazel/vendor/entt/include/entt.hpp,"(15316, 16)-(15316, 43)",b'static_cast<const Loader *>(this)'
Hazel-master,../repos/Hazel-master/Hazel/vendor/entt/include/entt.hpp,"(15741, 26)-(15741, 45)",b'static_cast<Type *>(const_cast<std::condition...'
Hazel-master,../repos/Hazel-master/Hazel/vendor/entt/include/entt.hpp,"(15741, 46)-(15741, 121)",b'const_cast<std::conditional_t<std::is_const_v...'
Hazel-master,../repos/Hazel-master/Hazel/vendor/entt/include/entt.hpp,"(15750, 26)-(15750, 45)",b'static_cast<Type *>(const_cast<std::condition...'
Hazel-master,../repos/Hazel-master/Hazel/vendor/entt/include/entt.hpp,"(15750, 46)-(15750, 121)",b'const_cast<std::conditional_t<std::is_const_v...'
Hazel-master,../repos/Hazel-master/Hazel/vendor/entt/include/entt.hpp,"(15830, 30)-(15830, 49)",b'static_cast<Type *>(const_cast<std::condition...'
Hazel-master,../repos/Hazel-master/Hazel/vendor/entt/include/entt.hpp,"(15830, 50)-(15830, 125)",b'const_cast<std::conditional_t<std::is_const_v...'
Hazel-master,../repos/Hazel-master/Hazel/vendor/entt/include/entt.hpp,"(15854, 30)-(15854, 49)",b'static_cast<Type *>(const_cast<std::condition...'
Hazel-master,../repos/Hazel-master/Hazel/vendor/entt/include/entt.hpp,"(15854, 50)-(15854, 125)",b'const_cast<std::conditional_t<std::is_const_v...'
Hazel-master,../repos/Hazel-master/Hazel/vendor/entt/include/entt.hpp,"(16185, 30)-(16185, 60)",b'static_cast<traits_type::type>(*(curr++))'
Hazel-master,../repos/Hazel-master/Hazel/vendor/entt/include/entt.hpp,"(16682, 16)-(16682, 33)",b'static_cast<bool>(disconnect)'
Hazel-master,../repos/Hazel-master/Hazel/vendor/entt/include/entt.hpp,"(16749, 16)-(16749, 33)",b'static_cast<bool>(conn)'
Hazel-master,../repos/Hazel-master/Hazel/vendor/entt/include/entt.hpp,"(16783, 15)-(16783, 41)",b'static_cast<signal_type *>(signal)'
Hazel-master,../repos/Hazel-master/Hazel/vendor/entt/include/entt.hpp,"(16788, 15)-(16788, 41)",b'static_cast<signal_type *>(signal)'
Hazel-master,../repos/Hazel-master/Hazel/vendor/entt/include/entt.hpp,"(17111, 20)-(17111, 54)",b'static_cast<pool_handler<Event> &>(*pools[index])'
Hazel-master,../repos/Hazel-master/Hazel/vendor/entt/include/entt.hpp,"(17114, 20)-(17114, 54)",b'static_cast<pool_handler<Event> &>(it == pool...'
Hazel-master,../repos/Hazel-master/Hazel/vendor/entt/include/entt.hpp,"(17404, 20)-(17404, 54)",b'static_cast<pool_handler<Event> &>(*pools[index])'
Hazel-master,../repos/Hazel-master/Hazel/vendor/entt/include/entt.hpp,"(17407, 20)-(17407, 54)",b'static_cast<pool_handler<Event> &>(it == pool...'
Hazel-master,../repos/Hazel-master/Hazel/vendor/entt/include/entt.hpp,"(17413, 16)-(17413, 49)",b'const_cast<pool_handler<Event> &>(std::as_con...'
Hazel-master,../repos/Hazel-master/Hazel/vendor/entt/include/entt.hpp,"(17474, 70)-(17474, 92)",b'static_cast<Derived *>(this)'
Hazel-master,../repos/Hazel-master/Hazel/vendor/filewatch/FileWatch.h,"(361, 21)-(361, 39)",b'static_cast<DWORD>(buffer.size())'
Hazel-master,../repos/Hazel-master/Hazel/vendor/filewatch/FileWatch.h,"(382, 50)-(382, 92)",b'reinterpret_cast<FILE_NOTIFY_INFORMATION*>(&b...'
Hazel-master,../repos/Hazel-master/Hazel/vendor/filewatch/FileWatch.h,"(397, 26)-(397, 68)",b'reinterpret_cast<FILE_NOTIFY_INFORMATION*>(re...'
Hazel-master,../repos/Hazel-master/Hazel/vendor/filewatch/FileWatch.h,"(397, 69)-(397, 92)",b'reinterpret_cast<BYTE*>(file_information)'
Hazel-master,../repos/Hazel-master/Hazel/vendor/filewatch/FileWatch.h,"(475, 49)-(475, 67)",b'static_cast<void*>(buffer.data())'
Hazel-master,../repos/Hazel-master/Hazel/vendor/filewatch/FileWatch.h,"(482, 37)-(482, 77)",b'reinterpret_cast<struct inotify_event *>(&buf...'
