Repo name,File name,Location,Content
Hazel-master,../repos/Hazel-master/Hazel/src/Hazel/Core/Application.h,"(23, 15)-(23, 42)",b'* operator[](int index) const'
Hazel-master,../repos/Hazel-master/Hazel/src/Hazel/Core/Log.h,"(31, 17)-(31, 73)","b'& operator<<(OStream& os, const glm::vec<L, T...'"
Hazel-master,../repos/Hazel-master/Hazel/src/Hazel/Core/Log.h,"(37, 17)-(37, 76)","b'& operator<<(OStream& os, const glm::mat<C, R...'"
Hazel-master,../repos/Hazel-master/Hazel/src/Hazel/Core/Log.h,"(43, 17)-(43, 67)","b'& operator<<(OStream& os, glm::qua<T, Q> quat...'"
Hazel-master,../repos/Hazel-master/Hazel/src/Hazel/Core/UUID.h,"(25, 15)-(25, 56)",b'std::size_t operator()(const Hazel::UUID& uui...'
Hazel-master,../repos/Hazel-master/Hazel/src/Hazel/Events/Event.h,"(81, 23)-(81, 67)","b'& operator<<(std::ostream& os, const Event& e)'"
Hazel-master,../repos/Hazel-master/Hazel/src/Hazel/Renderer/Texture.h,"(45, 16)-(45, 54)",b'virtual bool operator==(const Texture& other)...'
Hazel-master,../repos/Hazel-master/Hazel/src/Hazel/Scene/Entity.h,"(62, 8)-(62, 45)",b'bool operator==(const Entity& other) const\n\t\t...'
Hazel-master,../repos/Hazel-master/Hazel/src/Hazel/Scene/Entity.h,"(67, 8)-(67, 45)",b'bool operator!=(const Entity& other) const\n\t\t...'
Hazel-master,../repos/Hazel-master/Hazel/src/Hazel/Scene/SceneSerializer.cpp,"(126, 17)-(126, 67)","b'& operator<<(YAML::Emitter& out, const glm::v...'"
Hazel-master,../repos/Hazel-master/Hazel/src/Hazel/Scene/SceneSerializer.cpp,"(133, 17)-(133, 67)","b'& operator<<(YAML::Emitter& out, const glm::v...'"
Hazel-master,../repos/Hazel-master/Hazel/src/Hazel/Scene/SceneSerializer.cpp,"(140, 17)-(140, 67)","b'& operator<<(YAML::Emitter& out, const glm::v...'"
Hazel-master,../repos/Hazel-master/Hazel/src/Platform/OpenGL/OpenGLTexture.h,"(30, 16)-(30, 63)",b'virtual bool operator==(const Texture& other)...'
Hazel-master,../repos/Hazel-master/Hazel/vendor/entt/include/entt.hpp,"(102, 23)-(102, 53)",b'&& operator()(Type &&value) const'
Hazel-master,../repos/Hazel-master/Hazel/vendor/entt/include/entt.hpp,"(168, 20)-(168, 53)",b'decltype(auto) operator()(Args &&... args) co...'
Hazel-master,../repos/Hazel-master/Hazel/vendor/entt/include/entt.hpp,"(174, 20)-(174, 47)",b'decltype(auto) operator()(Args &&... args) {\n...'
Hazel-master,../repos/Hazel-master/Hazel/vendor/entt/include/entt.hpp,"(216, 10)-(216, 91)","b'void operator()(It first, It last, Compare co...'"
Hazel-master,../repos/Hazel-master/Hazel/vendor/entt/include/entt.hpp,"(236, 10)-(236, 74)","b'void operator()(It first, It last, Compare co...'"
Hazel-master,../repos/Hazel-master/Hazel/vendor/entt/include/entt.hpp,"(278, 10)-(278, 71)","b'void operator()(It first, It last, Getter get...'"
Hazel-master,../repos/Hazel-master/Hazel/vendor/entt/include/entt.hpp,"(614, 20)-(614, 70)",b'constexpr bool operator==(const basic_hashed_...'
Hazel-master,../repos/Hazel-master/Hazel/vendor/entt/include/entt.hpp,"(647, 16)-(647, 102)",b'constexpr bool operator!=(const basic_hashed_...'
Hazel-master,../repos/Hazel-master/Hazel/vendor/entt/include/entt.hpp,"(668, 31)-(668, 86)","b'constexpr entt::hashed_string operator"""" ENTT...'"
Hazel-master,../repos/Hazel-master/Hazel/vendor/entt/include/entt.hpp,"(678, 32)-(678, 91)","b'constexpr entt::hashed_wstring operator"""" ENT...'"
Hazel-master,../repos/Hazel-master/Hazel/vendor/entt/include/entt.hpp,"(788, 10)-(788, 35)",b'operator=(Type val) const ENTT_NOEXCEPT {\n   ...'
Hazel-master,../repos/Hazel-master/Hazel/vendor/entt/include/entt.hpp,"(1404, 23)-(1404, 53)",b'&& operator()(Type &&value) const'
Hazel-master,../repos/Hazel-master/Hazel/vendor/entt/include/entt.hpp,"(1470, 20)-(1470, 53)",b'decltype(auto) operator()(Args &&... args) co...'
Hazel-master,../repos/Hazel-master/Hazel/vendor/entt/include/entt.hpp,"(1476, 20)-(1476, 47)",b'decltype(auto) operator()(Args &&... args) {\n...'
Hazel-master,../repos/Hazel-master/Hazel/vendor/entt/include/entt.hpp,"(1518, 10)-(1518, 91)","b'void operator()(It first, It last, Compare co...'"
Hazel-master,../repos/Hazel-master/Hazel/vendor/entt/include/entt.hpp,"(1538, 10)-(1538, 74)","b'void operator()(It first, It last, Compare co...'"
Hazel-master,../repos/Hazel-master/Hazel/vendor/entt/include/entt.hpp,"(1580, 10)-(1580, 71)","b'void operator()(It first, It last, Getter get...'"
Hazel-master,../repos/Hazel-master/Hazel/vendor/entt/include/entt.hpp,"(1884, 20)-(1884, 70)",b'constexpr bool operator==(const basic_hashed_...'
Hazel-master,../repos/Hazel-master/Hazel/vendor/entt/include/entt.hpp,"(1917, 16)-(1917, 102)",b'constexpr bool operator!=(const basic_hashed_...'
Hazel-master,../repos/Hazel-master/Hazel/vendor/entt/include/entt.hpp,"(1938, 31)-(1938, 86)","b'constexpr entt::hashed_string operator"""" ENTT...'"
Hazel-master,../repos/Hazel-master/Hazel/vendor/entt/include/entt.hpp,"(1948, 32)-(1948, 91)","b'constexpr entt::hashed_wstring operator"""" ENT...'"
Hazel-master,../repos/Hazel-master/Hazel/vendor/entt/include/entt.hpp,"(2646, 9)-(2646, 39)",b'Ret operator()(Args... args) const {\n        ...'
Hazel-master,../repos/Hazel-master/Hazel/vendor/entt/include/entt.hpp,"(2665, 10)-(2665, 63)",b'bool operator==(const delegate<Ret(Args...)> ...'
Hazel-master,../repos/Hazel-master/Hazel/vendor/entt/include/entt.hpp,"(2684, 6)-(2684, 86)",b'bool operator!=(const delegate<Ret(Args...)> ...'
Hazel-master,../repos/Hazel-master/Hazel/vendor/entt/include/entt.hpp,"(2958, 25)-(2958, 61)",b'& operator=(const scoped_connection &)'
Hazel-master,../repos/Hazel-master/Hazel/vendor/entt/include/entt.hpp,"(2965, 25)-(2965, 52)",b'& operator=(connection other)'
Hazel-master,../repos/Hazel-master/Hazel/vendor/entt/include/entt.hpp,"(3380, 20)-(3380, 42)",b'constexpr bool operator==(null) const ENTT_NO...'
Hazel-master,../repos/Hazel-master/Hazel/vendor/entt/include/entt.hpp,"(3384, 20)-(3384, 42)",b'constexpr bool operator!=(null) const ENTT_NO...'
Hazel-master,../repos/Hazel-master/Hazel/vendor/entt/include/entt.hpp,"(3389, 20)-(3389, 57)",b'constexpr bool operator==(const Entity entity...'
Hazel-master,../repos/Hazel-master/Hazel/vendor/entt/include/entt.hpp,"(3394, 20)-(3394, 57)",b'constexpr bool operator!=(const Entity entity...'
Hazel-master,../repos/Hazel-master/Hazel/vendor/entt/include/entt.hpp,"(3401, 16)-(3401, 59)",b'constexpr bool operator==(const Entity entity...'
Hazel-master,../repos/Hazel-master/Hazel/vendor/entt/include/entt.hpp,"(3407, 16)-(3407, 59)",b'constexpr bool operator!=(const Entity entity...'
Hazel-master,../repos/Hazel-master/Hazel/vendor/entt/include/entt.hpp,"(3622, 31)-(3622, 43)",b'operator++()'
Hazel-master,../repos/Hazel-master/Hazel/vendor/entt/include/entt.hpp,"(3626, 29)-(3626, 44)",b'sparse_set_iterator operator++(int) ENTT_NOEX...'
Hazel-master,../repos/Hazel-master/Hazel/vendor/entt/include/entt.hpp,"(3631, 31)-(3631, 43)",b'operator--()'
Hazel-master,../repos/Hazel-master/Hazel/vendor/entt/include/entt.hpp,"(3635, 29)-(3635, 44)",b'sparse_set_iterator operator--(int) ENTT_NOEX...'
Hazel-master,../repos/Hazel-master/Hazel/vendor/entt/include/entt.hpp,"(3640, 31)-(3640, 70)",b'& operator+=(const difference_type value)'
Hazel-master,../repos/Hazel-master/Hazel/vendor/entt/include/entt.hpp,"(3645, 29)-(3645, 73)",b'sparse_set_iterator operator+(const differenc...'
Hazel-master,../repos/Hazel-master/Hazel/vendor/entt/include/entt.hpp,"(3650, 31)-(3650, 70)",b'& operator-=(const difference_type value)'
Hazel-master,../repos/Hazel-master/Hazel/vendor/entt/include/entt.hpp,"(3654, 29)-(3654, 73)",b'sparse_set_iterator operator-(const differenc...'
Hazel-master,../repos/Hazel-master/Hazel/vendor/entt/include/entt.hpp,"(3658, 25)-(3658, 74)",b'difference_type operator-(const sparse_set_it...'
Hazel-master,../repos/Hazel-master/Hazel/vendor/entt/include/entt.hpp,"(3662, 19)-(3662, 64)",b'reference operator[](const difference_type va...'
Hazel-master,../repos/Hazel-master/Hazel/vendor/entt/include/entt.hpp,"(3667, 14)-(3667, 64)",b'bool operator==(const sparse_set_iterator &ot...'
Hazel-master,../repos/Hazel-master/Hazel/vendor/entt/include/entt.hpp,"(3671, 14)-(3671, 64)",b'bool operator!=(const sparse_set_iterator &ot...'
Hazel-master,../repos/Hazel-master/Hazel/vendor/entt/include/entt.hpp,"(3675, 14)-(3675, 63)",b'bool operator<(const sparse_set_iterator &oth...'
Hazel-master,../repos/Hazel-master/Hazel/vendor/entt/include/entt.hpp,"(3679, 14)-(3679, 63)",b'bool operator>(const sparse_set_iterator &oth...'
Hazel-master,../repos/Hazel-master/Hazel/vendor/entt/include/entt.hpp,"(3683, 14)-(3683, 64)",b'bool operator<=(const sparse_set_iterator &ot...'
Hazel-master,../repos/Hazel-master/Hazel/vendor/entt/include/entt.hpp,"(3687, 14)-(3687, 64)",b'bool operator>=(const sparse_set_iterator &ot...'
Hazel-master,../repos/Hazel-master/Hazel/vendor/entt/include/entt.hpp,"(3691, 17)-(3691, 35)",b'pointer operator->() const {\n            cons...'
Hazel-master,../repos/Hazel-master/Hazel/vendor/entt/include/entt.hpp,"(3696, 19)-(3696, 36)",b'reference operator*() const {\n            ret...'
Hazel-master,../repos/Hazel-master/Hazel/vendor/entt/include/entt.hpp,"(3747, 18)-(3747, 42)",b'& operator=(sparse_set &&)'
Hazel-master,../repos/Hazel-master/Hazel/vendor/entt/include/entt.hpp,"(4267, 28)-(4267, 40)",b'operator++()'
Hazel-master,../repos/Hazel-master/Hazel/vendor/entt/include/entt.hpp,"(4271, 26)-(4271, 41)",b'storage_iterator operator++(int) ENTT_NOEXCEP...'
Hazel-master,../repos/Hazel-master/Hazel/vendor/entt/include/entt.hpp,"(4276, 28)-(4276, 40)",b'operator--()'
Hazel-master,../repos/Hazel-master/Hazel/vendor/entt/include/entt.hpp,"(4280, 26)-(4280, 41)",b'storage_iterator operator--(int) ENTT_NOEXCEP...'
Hazel-master,../repos/Hazel-master/Hazel/vendor/entt/include/entt.hpp,"(4285, 28)-(4285, 67)",b'& operator+=(const difference_type value)'
Hazel-master,../repos/Hazel-master/Hazel/vendor/entt/include/entt.hpp,"(4290, 26)-(4290, 70)",b'storage_iterator operator+(const difference_t...'
Hazel-master,../repos/Hazel-master/Hazel/vendor/entt/include/entt.hpp,"(4295, 28)-(4295, 67)",b'& operator-=(const difference_type value)'
Hazel-master,../repos/Hazel-master/Hazel/vendor/entt/include/entt.hpp,"(4299, 26)-(4299, 70)",b'storage_iterator operator-(const difference_t...'
Hazel-master,../repos/Hazel-master/Hazel/vendor/entt/include/entt.hpp,"(4303, 25)-(4303, 71)",b'difference_type operator-(const storage_itera...'
Hazel-master,../repos/Hazel-master/Hazel/vendor/entt/include/entt.hpp,"(4307, 19)-(4307, 64)",b'reference operator[](const difference_type va...'
Hazel-master,../repos/Hazel-master/Hazel/vendor/entt/include/entt.hpp,"(4312, 14)-(4312, 61)",b'bool operator==(const storage_iterator &other...'
Hazel-master,../repos/Hazel-master/Hazel/vendor/entt/include/entt.hpp,"(4316, 14)-(4316, 61)",b'bool operator!=(const storage_iterator &other...'
Hazel-master,../repos/Hazel-master/Hazel/vendor/entt/include/entt.hpp,"(4320, 14)-(4320, 60)",b'bool operator<(const storage_iterator &other)...'
Hazel-master,../repos/Hazel-master/Hazel/vendor/entt/include/entt.hpp,"(4324, 14)-(4324, 60)",b'bool operator>(const storage_iterator &other)...'
Hazel-master,../repos/Hazel-master/Hazel/vendor/entt/include/entt.hpp,"(4328, 14)-(4328, 61)",b'bool operator<=(const storage_iterator &other...'
Hazel-master,../repos/Hazel-master/Hazel/vendor/entt/include/entt.hpp,"(4332, 14)-(4332, 61)",b'bool operator>=(const storage_iterator &other...'
Hazel-master,../repos/Hazel-master/Hazel/vendor/entt/include/entt.hpp,"(4336, 17)-(4336, 35)",b'pointer operator->() const ENTT_NOEXCEPT {\n  ...'
Hazel-master,../repos/Hazel-master/Hazel/vendor/entt/include/entt.hpp,"(4341, 19)-(4341, 36)",b'reference operator*() const ENTT_NOEXCEPT {\n ...'
Hazel-master,../repos/Hazel-master/Hazel/vendor/entt/include/entt.hpp,"(5094, 17)-(5094, 54)",b'entity_type operator[](const size_type pos) c...'
Hazel-master,../repos/Hazel-master/Hazel/vendor/entt/include/entt.hpp,"(5532, 17)-(5532, 54)",b'entity_type operator[](const size_type pos) c...'
Hazel-master,../repos/Hazel-master/Hazel/vendor/entt/include/entt.hpp,"(5815, 25)-(5815, 37)",b'& operator++()'
Hazel-master,../repos/Hazel-master/Hazel/vendor/entt/include/entt.hpp,"(5820, 23)-(5820, 38)",b'view_iterator operator++(int) {\n            v...'
Hazel-master,../repos/Hazel-master/Hazel/vendor/entt/include/entt.hpp,"(5825, 25)-(5825, 37)",b'operator--()'
Hazel-master,../repos/Hazel-master/Hazel/vendor/entt/include/entt.hpp,"(5830, 23)-(5830, 38)",b'view_iterator operator--(int) ENTT_NOEXCEPT {...'
Hazel-master,../repos/Hazel-master/Hazel/vendor/entt/include/entt.hpp,"(5835, 14)-(5835, 58)",b'bool operator==(const view_iterator &other) c...'
Hazel-master,../repos/Hazel-master/Hazel/vendor/entt/include/entt.hpp,"(5839, 14)-(5839, 58)",b'bool operator!=(const view_iterator &other) c...'
Hazel-master,../repos/Hazel-master/Hazel/vendor/entt/include/entt.hpp,"(5843, 17)-(5843, 35)",b'pointer operator->() const {\n            retu...'
Hazel-master,../repos/Hazel-master/Hazel/vendor/entt/include/entt.hpp,"(5847, 19)-(5847, 36)",b'reference operator*() const {\n            ret...'
Hazel-master,../repos/Hazel-master/Hazel/vendor/entt/include/entt.hpp,"(6073, 22)-(6073, 50)",b'& operator=(basic_snapshot &&)'
Hazel-master,../repos/Hazel-master/Hazel/vendor/entt/include/entt.hpp,"(6210, 29)-(6210, 64)",b'& operator=(basic_snapshot_loader &&)'
Hazel-master,../repos/Hazel-master/Hazel/vendor/entt/include/entt.hpp,"(6427, 31)-(6427, 68)",b'& operator=(basic_continuous_loader &&)'
Hazel-master,../repos/Hazel-master/Hazel/vendor/entt/include/entt.hpp,"(6706, 25)-(6706, 37)",b'& operator++()'
Hazel-master,../repos/Hazel-master/Hazel/vendor/entt/include/entt.hpp,"(6711, 23)-(6711, 38)",b'view_iterator operator++(int) {\n            v...'
Hazel-master,../repos/Hazel-master/Hazel/vendor/entt/include/entt.hpp,"(6716, 25)-(6716, 37)",b'operator--()'
Hazel-master,../repos/Hazel-master/Hazel/vendor/entt/include/entt.hpp,"(6721, 23)-(6721, 38)",b'view_iterator operator--(int) ENTT_NOEXCEPT {...'
Hazel-master,../repos/Hazel-master/Hazel/vendor/entt/include/entt.hpp,"(6726, 14)-(6726, 58)",b'bool operator==(const view_iterator &other) c...'
Hazel-master,../repos/Hazel-master/Hazel/vendor/entt/include/entt.hpp,"(6730, 14)-(6730, 58)",b'bool operator!=(const view_iterator &other) c...'
Hazel-master,../repos/Hazel-master/Hazel/vendor/entt/include/entt.hpp,"(6734, 17)-(6734, 35)",b'pointer operator->() const {\n            retu...'
Hazel-master,../repos/Hazel-master/Hazel/vendor/entt/include/entt.hpp,"(6738, 19)-(6738, 36)",b'reference operator*() const {\n            ret...'
Hazel-master,../repos/Hazel-master/Hazel/vendor/entt/include/entt.hpp,"(7284, 17)-(7284, 54)",b'entity_type operator[](const size_type pos) c...'
Hazel-master,../repos/Hazel-master/Hazel/vendor/entt/include/entt.hpp,"(7603, 22)-(7603, 50)",b'& operator=(basic_registry &&)'
Hazel-master,../repos/Hazel-master/Hazel/vendor/entt/include/entt.hpp,"(9232, 19)-(9232, 49)",b'& operator=(basic_actor &&other)'
Hazel-master,../repos/Hazel-master/Hazel/vendor/entt/include/entt.hpp,"(9824, 22)-(9824, 55)",b'& operator=(const basic_observer &)'
Hazel-master,../repos/Hazel-master/Hazel/vendor/entt/include/entt.hpp,"(9830, 22)-(9830, 50)",b'& operator=(basic_observer &&)'
Hazel-master,../repos/Hazel-master/Hazel/vendor/entt/include/entt.hpp,"(10572, 20)-(10572, 70)",b'constexpr bool operator==(const basic_hashed_...'
Hazel-master,../repos/Hazel-master/Hazel/vendor/entt/include/entt.hpp,"(10605, 16)-(10605, 102)",b'constexpr bool operator!=(const basic_hashed_...'
Hazel-master,../repos/Hazel-master/Hazel/vendor/entt/include/entt.hpp,"(10626, 31)-(10626, 86)","b'constexpr entt::hashed_string operator"""" ENTT...'"
Hazel-master,../repos/Hazel-master/Hazel/vendor/entt/include/entt.hpp,"(10636, 32)-(10636, 91)","b'constexpr entt::hashed_wstring operator"""" ENT...'"
Hazel-master,../repos/Hazel-master/Hazel/vendor/entt/include/entt.hpp,"(11008, 23)-(11008, 53)",b'&& operator()(Type &&value) const'
Hazel-master,../repos/Hazel-master/Hazel/vendor/entt/include/entt.hpp,"(11074, 20)-(11074, 53)",b'decltype(auto) operator()(Args &&... args) co...'
Hazel-master,../repos/Hazel-master/Hazel/vendor/entt/include/entt.hpp,"(11080, 20)-(11080, 47)",b'decltype(auto) operator()(Args &&... args) {\n...'
Hazel-master,../repos/Hazel-master/Hazel/vendor/entt/include/entt.hpp,"(11532, 16)-(11532, 39)",b'& operator=(Type &&value)'
Hazel-master,../repos/Hazel-master/Hazel/vendor/entt/include/entt.hpp,"(11541, 16)-(11541, 41)",b'& operator=(meta_any other)'
Hazel-master,../repos/Hazel-master/Hazel/vendor/entt/include/entt.hpp,"(11678, 14)-(11678, 32)",b'meta_any operator *() const ENTT_NOEXCEPT {\n ...'
Hazel-master,../repos/Hazel-master/Hazel/vendor/entt/include/entt.hpp,"(11696, 10)-(11696, 49)",b'bool operator==(const meta_any &other) const ...'
Hazel-master,../repos/Hazel-master/Hazel/vendor/entt/include/entt.hpp,"(11766, 14)-(11766, 32)",b'meta_any operator *() const {\n        return ...'
Hazel-master,../repos/Hazel-master/Hazel/vendor/entt/include/entt.hpp,"(11781, 13)-(11781, 65)","b'inline bool operator!=(const meta_any &lhs, c...'"
Hazel-master,../repos/Hazel-master/Hazel/vendor/entt/include/entt.hpp,"(12606, 10)-(12606, 50)",b'bool operator==(const meta_type &other) const...'
Hazel-master,../repos/Hazel-master/Hazel/vendor/entt/include/entt.hpp,"(12626, 13)-(12626, 67)","b'inline bool operator!=(const meta_type &lhs, ...'"
Hazel-master,../repos/Hazel-master/Hazel/vendor/entt/include/entt.hpp,"(14016, 20)-(14016, 70)",b'constexpr bool operator==(const basic_hashed_...'
Hazel-master,../repos/Hazel-master/Hazel/vendor/entt/include/entt.hpp,"(14049, 16)-(14049, 102)",b'constexpr bool operator!=(const basic_hashed_...'
Hazel-master,../repos/Hazel-master/Hazel/vendor/entt/include/entt.hpp,"(14070, 31)-(14070, 86)","b'constexpr entt::hashed_string operator"""" ENTT...'"
Hazel-master,../repos/Hazel-master/Hazel/vendor/entt/include/entt.hpp,"(14080, 32)-(14080, 91)","b'constexpr entt::hashed_wstring operator"""" ENT...'"
Hazel-master,../repos/Hazel-master/Hazel/vendor/entt/include/entt.hpp,"(14773, 17)-(14773, 40)",b'& operator=(scheduler &&)'
Hazel-master,../repos/Hazel-master/Hazel/vendor/entt/include/entt.hpp,"(15214, 22)-(15214, 40)",b'& operator *() const'
Hazel-master,../repos/Hazel-master/Hazel/vendor/entt/include/entt.hpp,"(15217, 16)-(15217, 28)",b'operator *()'
Hazel-master,../repos/Hazel-master/Hazel/vendor/entt/include/entt.hpp,"(15230, 22)-(15230, 40)",b'* operator->() const'
Hazel-master,../repos/Hazel-master/Hazel/vendor/entt/include/entt.hpp,"(15236, 16)-(15236, 28)",b'operator->()'
Hazel-master,../repos/Hazel-master/Hazel/vendor/entt/include/entt.hpp,"(15357, 13)-(15357, 32)",b'& operator=(cache &&)'
Hazel-master,../repos/Hazel-master/Hazel/vendor/entt/include/entt.hpp,"(15894, 9)-(15894, 39)",b'Ret operator()(Args... args) const {\n        ...'
Hazel-master,../repos/Hazel-master/Hazel/vendor/entt/include/entt.hpp,"(15913, 10)-(15913, 63)",b'bool operator==(const delegate<Ret(Args...)> ...'
Hazel-master,../repos/Hazel-master/Hazel/vendor/entt/include/entt.hpp,"(15932, 6)-(15932, 86)",b'bool operator!=(const delegate<Ret(Args...)> ...'
Hazel-master,../repos/Hazel-master/Hazel/vendor/entt/include/entt.hpp,"(16301, 20)-(16301, 70)",b'constexpr bool operator==(const basic_hashed_...'
Hazel-master,../repos/Hazel-master/Hazel/vendor/entt/include/entt.hpp,"(16334, 16)-(16334, 102)",b'constexpr bool operator!=(const basic_hashed_...'
Hazel-master,../repos/Hazel-master/Hazel/vendor/entt/include/entt.hpp,"(16355, 31)-(16355, 86)","b'constexpr entt::hashed_string operator"""" ENTT...'"
Hazel-master,../repos/Hazel-master/Hazel/vendor/entt/include/entt.hpp,"(16365, 32)-(16365, 91)","b'constexpr entt::hashed_wstring operator"""" ENT...'"
Hazel-master,../repos/Hazel-master/Hazel/vendor/entt/include/entt.hpp,"(16732, 25)-(16732, 61)",b'& operator=(const scoped_connection &)'
Hazel-master,../repos/Hazel-master/Hazel/vendor/entt/include/entt.hpp,"(16739, 25)-(16739, 52)",b'& operator=(connection other)'
Hazel-master,../repos/Hazel-master/Hazel/vendor/entt/include/entt.hpp,"(17459, 15)-(17459, 36)",b'& operator=(emitter &&)'
Hazel-master,../repos/Hazel-master/Hazel/vendor/filewatch/FileWatch.h,"(110, 17)-(110, 53)",b'& operator=(const FileWatch<T>& other)'
Hazel-master,../repos/Hazel-master/Hazel/vendor/filewatch/FileWatch.h,"(124, 17)-(124, 44)",b'& operator=(FileWatch<T>&&) &'
