Repo name,File name,Location,Content
Hazel-master,../repos/Hazel-master/Hazel/src/Hazel/Core/Application.cpp,"(22, 16)-(22, 20)",b'this'
Hazel-master,../repos/Hazel-master/Hazel/src/Hazel/Scene/Entity.h,"(23, 34)-(23, 38)",b'this'
Hazel-master,../repos/Hazel-master/Hazel/src/Hazel/Scene/Entity.h,"(31, 34)-(31, 38)",b'this'
Hazel-master,../repos/Hazel-master/Hazel/src/Hazel/Scene/Entity.h,"(69, 14)-(69, 18)",b'this'
Hazel-master,../repos/Hazel-master/Hazel/src/Hazel/Scene/Scene.cpp,"(105, 42)-(105, 46)",b'this'
Hazel-master,../repos/Hazel-master/Hazel/src/Hazel/Scene/Scene.cpp,"(130, 33)-(130, 37)",b'this'
Hazel-master,../repos/Hazel-master/Hazel/src/Hazel/Scene/Scene.cpp,"(136, 26)-(136, 30)",b'this'
Hazel-master,../repos/Hazel-master/Hazel/src/Hazel/Scene/Scene.cpp,"(171, 27)-(171, 31)",b'this'
Hazel-master,../repos/Hazel-master/Hazel/src/Hazel/Scene/Scene.cpp,"(181, 49)-(181, 53)",b'this'
Hazel-master,../repos/Hazel-master/Hazel/src/Hazel/Scene/Scene.cpp,"(199, 27)-(199, 31)",b'this'
Hazel-master,../repos/Hazel-master/Hazel/src/Hazel/Scene/Scene.cpp,"(287, 27)-(287, 31)",b'this'
Hazel-master,../repos/Hazel-master/Hazel/src/Hazel/Scene/Scene.cpp,"(335, 27)-(335, 31)",b'this'
Hazel-master,../repos/Hazel-master/Hazel/src/Hazel/Scene/Scene.cpp,"(361, 28)-(361, 32)",b'this'
Hazel-master,../repos/Hazel-master/Hazel/src/Hazel/Scene/Scene.cpp,"(370, 35)-(370, 39)",b'this'
Hazel-master,../repos/Hazel-master/Hazel/src/Hazel/Scene/Scene.cpp,"(382, 25)-(382, 29)",b'this'
Hazel-master,../repos/Hazel-master/Hazel/vendor/entt/include/entt.hpp,"(169, 22)-(169, 26)",b'this'
Hazel-master,../repos/Hazel-master/Hazel/vendor/entt/include/entt.hpp,"(175, 22)-(175, 26)",b'this'
Hazel-master,../repos/Hazel-master/Hazel/vendor/entt/include/entt.hpp,"(1471, 22)-(1471, 26)",b'this'
Hazel-master,../repos/Hazel-master/Hazel/vendor/entt/include/entt.hpp,"(1477, 22)-(1477, 26)",b'this'
Hazel-master,../repos/Hazel-master/Hazel/vendor/entt/include/entt.hpp,"(2967, 17)-(2967, 21)",b'this'
Hazel-master,../repos/Hazel-master/Hazel/vendor/entt/include/entt.hpp,"(3049, 21)-(3049, 25)",b'this'
Hazel-master,../repos/Hazel-master/Hazel/vendor/entt/include/entt.hpp,"(3070, 21)-(3070, 25)",b'this'
Hazel-master,../repos/Hazel-master/Hazel/vendor/entt/include/entt.hpp,"(3096, 21)-(3096, 25)",b'this'
Hazel-master,../repos/Hazel-master/Hazel/vendor/entt/include/entt.hpp,"(3115, 21)-(3115, 25)",b'this'
Hazel-master,../repos/Hazel-master/Hazel/vendor/entt/include/entt.hpp,"(3390, 109)-(3390, 113)",b'this'
Hazel-master,../repos/Hazel-master/Hazel/vendor/entt/include/entt.hpp,"(3395, 29)-(3395, 33)",b'this'
Hazel-master,../repos/Hazel-master/Hazel/vendor/entt/include/entt.hpp,"(3623, 30)-(3623, 34)",b'this'
Hazel-master,../repos/Hazel-master/Hazel/vendor/entt/include/entt.hpp,"(3627, 30)-(3627, 34)",b'this'
Hazel-master,../repos/Hazel-master/Hazel/vendor/entt/include/entt.hpp,"(3632, 30)-(3632, 34)",b'this'
Hazel-master,../repos/Hazel-master/Hazel/vendor/entt/include/entt.hpp,"(3636, 41)-(3636, 45)",b'this'
Hazel-master,../repos/Hazel-master/Hazel/vendor/entt/include/entt.hpp,"(3642, 21)-(3642, 25)",b'this'
Hazel-master,../repos/Hazel-master/Hazel/vendor/entt/include/entt.hpp,"(3646, 41)-(3646, 45)",b'this'
Hazel-master,../repos/Hazel-master/Hazel/vendor/entt/include/entt.hpp,"(3651, 22)-(3651, 26)",b'this'
Hazel-master,../repos/Hazel-master/Hazel/vendor/entt/include/entt.hpp,"(3655, 22)-(3655, 26)",b'this'
Hazel-master,../repos/Hazel-master/Hazel/vendor/entt/include/entt.hpp,"(3672, 23)-(3672, 27)",b'this'
Hazel-master,../repos/Hazel-master/Hazel/vendor/entt/include/entt.hpp,"(3684, 23)-(3684, 27)",b'this'
Hazel-master,../repos/Hazel-master/Hazel/vendor/entt/include/entt.hpp,"(3688, 23)-(3688, 27)",b'this'
Hazel-master,../repos/Hazel-master/Hazel/vendor/entt/include/entt.hpp,"(4268, 30)-(4268, 34)",b'this'
Hazel-master,../repos/Hazel-master/Hazel/vendor/entt/include/entt.hpp,"(4272, 38)-(4272, 42)",b'this'
Hazel-master,../repos/Hazel-master/Hazel/vendor/entt/include/entt.hpp,"(4277, 30)-(4277, 34)",b'this'
Hazel-master,../repos/Hazel-master/Hazel/vendor/entt/include/entt.hpp,"(4281, 38)-(4281, 42)",b'this'
Hazel-master,../repos/Hazel-master/Hazel/vendor/entt/include/entt.hpp,"(4287, 21)-(4287, 25)",b'this'
Hazel-master,../repos/Hazel-master/Hazel/vendor/entt/include/entt.hpp,"(4291, 38)-(4291, 42)",b'this'
Hazel-master,../repos/Hazel-master/Hazel/vendor/entt/include/entt.hpp,"(4296, 22)-(4296, 26)",b'this'
Hazel-master,../repos/Hazel-master/Hazel/vendor/entt/include/entt.hpp,"(4300, 22)-(4300, 26)",b'this'
Hazel-master,../repos/Hazel-master/Hazel/vendor/entt/include/entt.hpp,"(4317, 23)-(4317, 27)",b'this'
Hazel-master,../repos/Hazel-master/Hazel/vendor/entt/include/entt.hpp,"(4329, 23)-(4329, 27)",b'this'
Hazel-master,../repos/Hazel-master/Hazel/vendor/entt/include/entt.hpp,"(4333, 23)-(4333, 27)",b'this'
Hazel-master,../repos/Hazel-master/Hazel/vendor/entt/include/entt.hpp,"(4402, 57)-(4402, 61)",b'this'
Hazel-master,../repos/Hazel-master/Hazel/vendor/entt/include/entt.hpp,"(4479, 57)-(4479, 61)",b'this'
Hazel-master,../repos/Hazel-master/Hazel/vendor/entt/include/entt.hpp,"(4493, 57)-(4493, 61)",b'this'
Hazel-master,../repos/Hazel-master/Hazel/vendor/entt/include/entt.hpp,"(4684, 29)-(4684, 33)",b'this'
Hazel-master,../repos/Hazel-master/Hazel/vendor/entt/include/entt.hpp,"(4689, 67)-(4689, 71)",b'this'
Hazel-master,../repos/Hazel-master/Hazel/vendor/entt/include/entt.hpp,"(5238, 62)-(5238, 66)",b'this'
Hazel-master,../repos/Hazel-master/Hazel/vendor/entt/include/entt.hpp,"(5242, 62)-(5242, 66)",b'this'
Hazel-master,../repos/Hazel-master/Hazel/vendor/entt/include/entt.hpp,"(5690, 62)-(5690, 66)",b'this'
Hazel-master,../repos/Hazel-master/Hazel/vendor/entt/include/entt.hpp,"(5694, 62)-(5694, 66)",b'this'
Hazel-master,../repos/Hazel-master/Hazel/vendor/entt/include/entt.hpp,"(5699, 10)-(5699, 14)",b'this'
Hazel-master,../repos/Hazel-master/Hazel/vendor/entt/include/entt.hpp,"(5796, 21)-(5796, 25)",b'this'
Hazel-master,../repos/Hazel-master/Hazel/vendor/entt/include/entt.hpp,"(5817, 21)-(5817, 25)",b'this'
Hazel-master,../repos/Hazel-master/Hazel/vendor/entt/include/entt.hpp,"(5821, 35)-(5821, 39)",b'this'
Hazel-master,../repos/Hazel-master/Hazel/vendor/entt/include/entt.hpp,"(5827, 21)-(5827, 25)",b'this'
Hazel-master,../repos/Hazel-master/Hazel/vendor/entt/include/entt.hpp,"(5831, 35)-(5831, 39)",b'this'
Hazel-master,../repos/Hazel-master/Hazel/vendor/entt/include/entt.hpp,"(5840, 23)-(5840, 27)",b'this'
Hazel-master,../repos/Hazel-master/Hazel/vendor/entt/include/entt.hpp,"(5972, 33)-(5972, 37)",b'this'
Hazel-master,../repos/Hazel-master/Hazel/vendor/entt/include/entt.hpp,"(6097, 17)-(6097, 21)",b'this'
Hazel-master,../repos/Hazel-master/Hazel/vendor/entt/include/entt.hpp,"(6107, 65)-(6107, 69)",b'this'
Hazel-master,../repos/Hazel-master/Hazel/vendor/entt/include/entt.hpp,"(6123, 17)-(6123, 21)",b'this'
Hazel-master,../repos/Hazel-master/Hazel/vendor/entt/include/entt.hpp,"(6143, 17)-(6143, 21)",b'this'
Hazel-master,../repos/Hazel-master/Hazel/vendor/entt/include/entt.hpp,"(6235, 17)-(6235, 21)",b'this'
Hazel-master,../repos/Hazel-master/Hazel/vendor/entt/include/entt.hpp,"(6245, 72)-(6245, 76)",b'this'
Hazel-master,../repos/Hazel-master/Hazel/vendor/entt/include/entt.hpp,"(6263, 17)-(6263, 21)",b'this'
Hazel-master,../repos/Hazel-master/Hazel/vendor/entt/include/entt.hpp,"(6277, 23)-(6277, 27)",b'this'
Hazel-master,../repos/Hazel-master/Hazel/vendor/entt/include/entt.hpp,"(6281, 17)-(6281, 21)",b'this'
Hazel-master,../repos/Hazel-master/Hazel/vendor/entt/include/entt.hpp,"(6456, 17)-(6456, 21)",b'this'
Hazel-master,../repos/Hazel-master/Hazel/vendor/entt/include/entt.hpp,"(6466, 62)-(6466, 66)",b'this'
Hazel-master,../repos/Hazel-master/Hazel/vendor/entt/include/entt.hpp,"(6491, 17)-(6491, 21)",b'this'
Hazel-master,../repos/Hazel-master/Hazel/vendor/entt/include/entt.hpp,"(6521, 17)-(6521, 21)",b'this'
Hazel-master,../repos/Hazel-master/Hazel/vendor/entt/include/entt.hpp,"(6535, 23)-(6535, 27)",b'this'
Hazel-master,../repos/Hazel-master/Hazel/vendor/entt/include/entt.hpp,"(6539, 17)-(6539, 21)",b'this'
Hazel-master,../repos/Hazel-master/Hazel/vendor/entt/include/entt.hpp,"(6688, 21)-(6688, 25)",b'this'
Hazel-master,../repos/Hazel-master/Hazel/vendor/entt/include/entt.hpp,"(6708, 21)-(6708, 25)",b'this'
Hazel-master,../repos/Hazel-master/Hazel/vendor/entt/include/entt.hpp,"(6712, 35)-(6712, 39)",b'this'
Hazel-master,../repos/Hazel-master/Hazel/vendor/entt/include/entt.hpp,"(6718, 21)-(6718, 25)",b'this'
Hazel-master,../repos/Hazel-master/Hazel/vendor/entt/include/entt.hpp,"(6722, 35)-(6722, 39)",b'this'
Hazel-master,../repos/Hazel-master/Hazel/vendor/entt/include/entt.hpp,"(6731, 23)-(6731, 27)",b'this'
Hazel-master,../repos/Hazel-master/Hazel/vendor/entt/include/entt.hpp,"(7349, 39)-(7349, 43)",b'this'
Hazel-master,../repos/Hazel-master/Hazel/vendor/entt/include/entt.hpp,"(7361, 39)-(7361, 43)",b'this'
Hazel-master,../repos/Hazel-master/Hazel/vendor/entt/include/entt.hpp,"(7427, 24)-(7427, 28)",b'this'
Hazel-master,../repos/Hazel-master/Hazel/vendor/entt/include/entt.hpp,"(7442, 13)-(7442, 17)",b'this'
Hazel-master,../repos/Hazel-master/Hazel/vendor/entt/include/entt.hpp,"(7447, 60)-(7447, 64)",b'this'
Hazel-master,../repos/Hazel-master/Hazel/vendor/entt/include/entt.hpp,"(7447, 75)-(7447, 79)",b'this'
Hazel-master,../repos/Hazel-master/Hazel/vendor/entt/include/entt.hpp,"(7452, 17)-(7452, 21)",b'this'
Hazel-master,../repos/Hazel-master/Hazel/vendor/entt/include/entt.hpp,"(7454, 40)-(7454, 44)",b'this'
Hazel-master,../repos/Hazel-master/Hazel/vendor/entt/include/entt.hpp,"(7460, 39)-(7460, 43)",b'this'
Hazel-master,../repos/Hazel-master/Hazel/vendor/entt/include/entt.hpp,"(7464, 24)-(7464, 28)",b'this'
Hazel-master,../repos/Hazel-master/Hazel/vendor/entt/include/entt.hpp,"(7585, 69)-(7585, 73)",b'this'
Hazel-master,../repos/Hazel-master/Hazel/vendor/entt/include/entt.hpp,"(7743, 55)-(7743, 59)",b'this'
Hazel-master,../repos/Hazel-master/Hazel/vendor/entt/include/entt.hpp,"(7901, 37)-(7901, 41)",b'this'
Hazel-master,../repos/Hazel-master/Hazel/vendor/entt/include/entt.hpp,"(8004, 45)-(8004, 49)",b'this'
Hazel-master,../repos/Hazel-master/Hazel/vendor/entt/include/entt.hpp,"(8027, 47)-(8027, 51)",b'this'
Hazel-master,../repos/Hazel-master/Hazel/vendor/entt/include/entt.hpp,"(8028, 37)-(8028, 41)",b'this'
Hazel-master,../repos/Hazel-master/Hazel/vendor/entt/include/entt.hpp,"(8055, 47)-(8055, 51)",b'this'
Hazel-master,../repos/Hazel-master/Hazel/vendor/entt/include/entt.hpp,"(8056, 37)-(8056, 41)",b'this'
Hazel-master,../repos/Hazel-master/Hazel/vendor/entt/include/entt.hpp,"(8095, 34)-(8095, 38)",b'this'
Hazel-master,../repos/Hazel-master/Hazel/vendor/entt/include/entt.hpp,"(8096, 34)-(8096, 38)",b'this'
Hazel-master,../repos/Hazel-master/Hazel/vendor/entt/include/entt.hpp,"(8136, 43)-(8136, 47)",b'this'
Hazel-master,../repos/Hazel-master/Hazel/vendor/entt/include/entt.hpp,"(8170, 45)-(8170, 49)",b'this'
Hazel-master,../repos/Hazel-master/Hazel/vendor/entt/include/entt.hpp,"(8189, 38)-(8189, 42)",b'this'
Hazel-master,../repos/Hazel-master/Hazel/vendor/entt/include/entt.hpp,"(8204, 47)-(8204, 51)",b'this'
Hazel-master,../repos/Hazel-master/Hazel/vendor/entt/include/entt.hpp,"(8205, 38)-(8205, 42)",b'this'
Hazel-master,../repos/Hazel-master/Hazel/vendor/entt/include/entt.hpp,"(8231, 11)-(8231, 15)",b'this'
Hazel-master,../repos/Hazel-master/Hazel/vendor/entt/include/entt.hpp,"(8233, 31)-(8233, 35)",b'this'
Hazel-master,../repos/Hazel-master/Hazel/vendor/entt/include/entt.hpp,"(8260, 44)-(8260, 48)",b'this'
Hazel-master,../repos/Hazel-master/Hazel/vendor/entt/include/entt.hpp,"(8367, 76)-(8367, 80)",b'this'
Hazel-master,../repos/Hazel-master/Hazel/vendor/entt/include/entt.hpp,"(8420, 19)-(8420, 23)",b'this'
Hazel-master,../repos/Hazel-master/Hazel/vendor/entt/include/entt.hpp,"(8420, 46)-(8420, 50)",b'this'
Hazel-master,../repos/Hazel-master/Hazel/vendor/entt/include/entt.hpp,"(8422, 15)-(8422, 19)",b'this'
Hazel-master,../repos/Hazel-master/Hazel/vendor/entt/include/entt.hpp,"(8423, 31)-(8423, 35)",b'this'
Hazel-master,../repos/Hazel-master/Hazel/vendor/entt/include/entt.hpp,"(8492, 15)-(8492, 19)",b'this'
Hazel-master,../repos/Hazel-master/Hazel/vendor/entt/include/entt.hpp,"(8723, 45)-(8723, 49)",b'this'
Hazel-master,../repos/Hazel-master/Hazel/vendor/entt/include/entt.hpp,"(8838, 116)-(8838, 120)",b'this'
Hazel-master,../repos/Hazel-master/Hazel/vendor/entt/include/entt.hpp,"(8863, 45)-(8863, 49)",b'this'
Hazel-master,../repos/Hazel-master/Hazel/vendor/entt/include/entt.hpp,"(8892, 45)-(8892, 49)",b'this'
Hazel-master,../repos/Hazel-master/Hazel/vendor/entt/include/entt.hpp,"(8919, 56)-(8919, 60)",b'this'
Hazel-master,../repos/Hazel-master/Hazel/vendor/entt/include/entt.hpp,"(8939, 19)-(8939, 23)",b'this'
Hazel-master,../repos/Hazel-master/Hazel/vendor/entt/include/entt.hpp,"(8959, 19)-(8959, 23)",b'this'
Hazel-master,../repos/Hazel-master/Hazel/vendor/entt/include/entt.hpp,"(9082, 50)-(9082, 54)",b'this'
Hazel-master,../repos/Hazel-master/Hazel/vendor/entt/include/entt.hpp,"(9107, 50)-(9107, 54)",b'this'
Hazel-master,../repos/Hazel-master/Hazel/vendor/entt/include/entt.hpp,"(9217, 13)-(9217, 17)",b'this'
Hazel-master,../repos/Hazel-master/Hazel/vendor/entt/include/entt.hpp,"(9233, 12)-(9233, 16)",b'this'
Hazel-master,../repos/Hazel-master/Hazel/vendor/entt/include/entt.hpp,"(9239, 17)-(9239, 21)",b'this'
Hazel-master,../repos/Hazel-master/Hazel/vendor/entt/include/entt.hpp,"(9322, 59)-(9322, 63)",b'this'
Hazel-master,../repos/Hazel-master/Hazel/vendor/entt/include/entt.hpp,"(9781, 61)-(9781, 65)",b'this'
Hazel-master,../repos/Hazel-master/Hazel/vendor/entt/include/entt.hpp,"(9848, 22)-(9848, 26)",b'this'
Hazel-master,../repos/Hazel-master/Hazel/vendor/entt/include/entt.hpp,"(9933, 33)-(9933, 37)",b'this'
Hazel-master,../repos/Hazel-master/Hazel/vendor/entt/include/entt.hpp,"(9949, 24)-(9949, 28)",b'this'
Hazel-master,../repos/Hazel-master/Hazel/vendor/entt/include/entt.hpp,"(11075, 22)-(11075, 26)",b'this'
Hazel-master,../repos/Hazel-master/Hazel/vendor/entt/include/entt.hpp,"(11081, 22)-(11081, 26)",b'this'
Hazel-master,../repos/Hazel-master/Hazel/vendor/entt/include/entt.hpp,"(11463, 36)-(11463, 40)",b'this'
Hazel-master,../repos/Hazel-master/Hazel/vendor/entt/include/entt.hpp,"(11498, 116)-(11498, 120)",b'this'
Hazel-master,../repos/Hazel-master/Hazel/vendor/entt/include/entt.hpp,"(11515, 15)-(11515, 19)",b'this'
Hazel-master,../repos/Hazel-master/Hazel/vendor/entt/include/entt.hpp,"(11521, 25)-(11521, 29)",b'this'
Hazel-master,../repos/Hazel-master/Hazel/vendor/entt/include/entt.hpp,"(11533, 18)-(11533, 22)",b'this'
Hazel-master,../repos/Hazel-master/Hazel/vendor/entt/include/entt.hpp,"(11542, 22)-(11542, 26)",b'this'
Hazel-master,../repos/Hazel-master/Hazel/vendor/entt/include/entt.hpp,"(11543, 17)-(11543, 21)",b'this'
Hazel-master,../repos/Hazel-master/Hazel/vendor/entt/include/entt.hpp,"(11562, 50)-(11562, 54)",b'this'
Hazel-master,../repos/Hazel-master/Hazel/vendor/entt/include/entt.hpp,"(11586, 50)-(11586, 54)",b'this'
Hazel-master,../repos/Hazel-master/Hazel/vendor/entt/include/entt.hpp,"(11613, 50)-(11613, 54)",b'this'
Hazel-master,../repos/Hazel-master/Hazel/vendor/entt/include/entt.hpp,"(11627, 20)-(11627, 24)",b'this'
Hazel-master,../repos/Hazel-master/Hazel/vendor/entt/include/entt.hpp,"(11645, 42)-(11645, 46)",b'this'
Hazel-master,../repos/Hazel-master/Hazel/vendor/entt/include/entt.hpp,"(11646, 28)-(11646, 32)",b'this'
Hazel-master,../repos/Hazel-master/Hazel/vendor/entt/include/entt.hpp,"(11663, 10)-(11663, 14)",b'this'
Hazel-master,../repos/Hazel-master/Hazel/vendor/entt/include/entt.hpp,"(12546, 30)-(12546, 34)",b'this'
Hazel-master,../repos/Hazel-master/Hazel/vendor/entt/include/entt.hpp,"(14397, 31)-(14397, 35)",b'this'
Hazel-master,../repos/Hazel-master/Hazel/vendor/entt/include/entt.hpp,"(14403, 31)-(14403, 35)",b'this'
Hazel-master,../repos/Hazel-master/Hazel/vendor/entt/include/entt.hpp,"(14409, 31)-(14409, 35)",b'this'
Hazel-master,../repos/Hazel-master/Hazel/vendor/entt/include/entt.hpp,"(14415, 31)-(14415, 35)",b'this'
Hazel-master,../repos/Hazel-master/Hazel/vendor/entt/include/entt.hpp,"(14421, 31)-(14421, 35)",b'this'
Hazel-master,../repos/Hazel-master/Hazel/vendor/entt/include/entt.hpp,"(14638, 40)-(14638, 44)",b'this'
Hazel-master,../repos/Hazel-master/Hazel/vendor/entt/include/entt.hpp,"(14638, 50)-(14638, 54)",b'this'
Hazel-master,../repos/Hazel-master/Hazel/vendor/entt/include/entt.hpp,"(14638, 71)-(14638, 75)",b'this'
Hazel-master,../repos/Hazel-master/Hazel/vendor/entt/include/entt.hpp,"(14638, 81)-(14638, 85)",b'this'
Hazel-master,../repos/Hazel-master/Hazel/vendor/entt/include/entt.hpp,"(14720, 21)-(14720, 25)",b'this'
Hazel-master,../repos/Hazel-master/Hazel/vendor/entt/include/entt.hpp,"(15204, 54)-(15204, 58)",b'this'
Hazel-master,../repos/Hazel-master/Hazel/vendor/entt/include/entt.hpp,"(15237, 54)-(15237, 58)",b'this'
Hazel-master,../repos/Hazel-master/Hazel/vendor/entt/include/entt.hpp,"(15316, 44)-(15316, 48)",b'this'
Hazel-master,../repos/Hazel-master/Hazel/vendor/entt/include/entt.hpp,"(16741, 17)-(16741, 21)",b'this'
Hazel-master,../repos/Hazel-master/Hazel/vendor/entt/include/entt.hpp,"(16823, 21)-(16823, 25)",b'this'
Hazel-master,../repos/Hazel-master/Hazel/vendor/entt/include/entt.hpp,"(16844, 21)-(16844, 25)",b'this'
Hazel-master,../repos/Hazel-master/Hazel/vendor/entt/include/entt.hpp,"(16870, 21)-(16870, 25)",b'this'
Hazel-master,../repos/Hazel-master/Hazel/vendor/entt/include/entt.hpp,"(16889, 21)-(16889, 25)",b'this'
Hazel-master,../repos/Hazel-master/Hazel/vendor/entt/include/entt.hpp,"(17413, 65)-(17413, 69)",b'this'
Hazel-master,../repos/Hazel-master/Hazel/vendor/entt/include/entt.hpp,"(17474, 93)-(17474, 97)",b'this'
Hazel-master,../repos/Hazel-master/Hazel/vendor/filewatch/FileWatch.h,"(112, 8)-(112, 12)",b'this'
Hazel-master,../repos/Hazel-master/Hazel/vendor/filewatch/FileWatch.h,"(112, 34)-(112, 38)",b'this'
Hazel-master,../repos/Hazel-master/Hazel/vendor/filewatch/FileWatch.h,"(119, 12)-(119, 16)",b'this'
Hazel-master,../repos/Hazel-master/Hazel/vendor/filewatch/FileWatch.h,"(201, 46)-(201, 50)",b'this'
Hazel-master,../repos/Hazel-master/Hazel/vendor/filewatch/FileWatch.h,"(211, 43)-(211, 47)",b'this'
Hazel-master,../repos/Hazel-master/Hazel/vendor/filewatch/FileWatch.h,"(301, 26)-(301, 30)",b'this'
Hazel-master,../repos/Hazel-master/Hazel/vendor/filewatch/FileWatch.h,"(447, 26)-(447, 30)",b'this'
Hazel-master,../repos/Hazel-master/Hazel/vendor/filewatch/FileWatch.h,"(520, 22)-(520, 26)",b'this'
