Repo name,File name,Location,Content
Hazel-master,../repos/Hazel-master/Hazel/src/Hazel/Core/Application.h,"(78, 3)-(78, 44)","b'friend int ::main(int argc, char** argv);'"
Hazel-master,../repos/Hazel-master/Hazel/src/Hazel/Scene/Scene.h,"(76, 3)-(76, 23)",b'friend class Entity;'
Hazel-master,../repos/Hazel-master/Hazel/src/Hazel/Scene/Scene.h,"(77, 3)-(77, 32)",b'friend class SceneSerializer;'
Hazel-master,../repos/Hazel-master/Hazel/src/Hazel/Scene/Scene.h,"(78, 3)-(78, 36)",b'friend class SceneHierarchyPanel;'
Hazel-master,../repos/Hazel-master/Hazel/src/Hazel/Scene/ScriptableEntity.h,"(23, 3)-(23, 22)",b'friend class Scene;'
Hazel-master,../repos/Hazel-master/Hazel/src/Hazel/Scripting/ScriptEngine.h,"(66, 3)-(66, 29)",b'friend class ScriptEngine;'
Hazel-master,../repos/Hazel-master/Hazel/src/Hazel/Scripting/ScriptEngine.h,"(67, 3)-(67, 31)",b'friend class ScriptInstance;'
Hazel-master,../repos/Hazel-master/Hazel/src/Hazel/Scripting/ScriptEngine.h,"(91, 3)-(91, 29)",b'friend class ScriptEngine;'
Hazel-master,../repos/Hazel-master/Hazel/src/Hazel/Scripting/ScriptEngine.h,"(138, 3)-(138, 29)",b'friend class ScriptEngine;'
Hazel-master,../repos/Hazel-master/Hazel/src/Hazel/Scripting/ScriptEngine.h,"(139, 3)-(139, 37)",b'friend struct ScriptFieldInstance;'
Hazel-master,../repos/Hazel-master/Hazel/src/Hazel/Scripting/ScriptEngine.h,"(179, 3)-(179, 28)",b'friend class ScriptClass;'
Hazel-master,../repos/Hazel-master/Hazel/src/Hazel/Scripting/ScriptEngine.h,"(180, 3)-(180, 27)",b'friend class ScriptGlue;'
Hazel-master,../repos/Hazel-master/Hazel/vendor/entt/include/entt.hpp,"(2799, 5)-(2799, 37)",b'friend class sink<Ret(Args...)>;'
Hazel-master,../repos/Hazel-master/Hazel/vendor/entt/include/entt.hpp,"(2893, 5)-(2893, 23)",b'friend class sink;'
Hazel-master,../repos/Hazel-master/Hazel/vendor/entt/include/entt.hpp,"(3604, 9)-(3604, 41)",b'friend class sparse_set<Entity>;'
Hazel-master,../repos/Hazel-master/Hazel/vendor/entt/include/entt.hpp,"(4249, 9)-(4249, 44)","b'friend class storage<Entity, Type>;'"
Hazel-master,../repos/Hazel-master/Hazel/vendor/entt/include/entt.hpp,"(4891, 5)-(4891, 41)",b'friend class basic_registry<Entity>;'
Hazel-master,../repos/Hazel-master/Hazel/vendor/entt/include/entt.hpp,"(5324, 5)-(5324, 41)",b'friend class basic_registry<Entity>;'
Hazel-master,../repos/Hazel-master/Hazel/vendor/entt/include/entt.hpp,"(5782, 5)-(5782, 41)",b'friend class basic_registry<Entity>;'
Hazel-master,../repos/Hazel-master/Hazel/vendor/entt/include/entt.hpp,"(5787, 9)-(5787, 49)",b'friend class basic_runtime_view<Entity>;'
Hazel-master,../repos/Hazel-master/Hazel/vendor/entt/include/entt.hpp,"(6023, 5)-(6023, 41)",b'friend class basic_registry<Entity>;'
Hazel-master,../repos/Hazel-master/Hazel/vendor/entt/include/entt.hpp,"(6164, 5)-(6164, 41)",b'friend class basic_registry<Entity>;'
Hazel-master,../repos/Hazel-master/Hazel/vendor/entt/include/entt.hpp,"(6666, 5)-(6666, 41)",b'friend class basic_registry<Entity>;'
Hazel-master,../repos/Hazel-master/Hazel/vendor/entt/include/entt.hpp,"(6679, 9)-(6679, 78)","b'friend class basic_view<Entity, exclude_t<Exc...'"
Hazel-master,../repos/Hazel-master/Hazel/vendor/entt/include/entt.hpp,"(7145, 5)-(7145, 41)",b'friend class basic_registry<Entity>;'
Hazel-master,../repos/Hazel-master/Hazel/vendor/entt/include/entt.hpp,"(11705, 5)-(11723, 6)","b'friend void swap(meta_any &lhs, meta_any &rhs...'"
Hazel-master,../repos/Hazel-master/Hazel/vendor/entt/include/entt.hpp,"(15177, 5)-(15177, 35)",b'friend struct cache<Resource>;'
Hazel-master,../repos/Hazel-master/Hazel/vendor/entt/include/entt.hpp,"(15306, 5)-(15306, 35)",b'friend struct cache<Resource>;'
Hazel-master,../repos/Hazel-master/Hazel/vendor/entt/include/entt.hpp,"(16573, 5)-(16573, 37)",b'friend class sink<Ret(Args...)>;'
Hazel-master,../repos/Hazel-master/Hazel/vendor/entt/include/entt.hpp,"(16667, 5)-(16667, 23)",b'friend class sink;'
Hazel-master,../repos/Hazel-master/Hazel/vendor/entt/include/entt.hpp,"(17433, 9)-(17433, 30)",b'friend class emitter;'
