Repo name,File name,Location,Content
Hazel-master,../repos/Hazel-master/Hazel/src/Hazel/Math/Math.cpp,"(13, 3)-(13, 23)",b'using namespace glm;'
Hazel-master,../repos/Hazel-master/Hazel/vendor/entt/include/entt.hpp,"(135, 5)-(135, 31)",b'using Func::operator()...;'
Hazel-master,../repos/Hazel-master/Hazel/vendor/entt/include/entt.hpp,"(1437, 5)-(1437, 31)",b'using Func::operator()...;'
Hazel-master,../repos/Hazel-master/Hazel/vendor/entt/include/entt.hpp,"(11041, 5)-(11041, 31)",b'using Func::operator()...;'
