Repo name,File name,Location,Content
Hazel-master,../repos/Hazel-master/Hazel/src/Hazel/Renderer/Font.cpp,"(104, 25)-(108, 6)","b'[&glyphs = m_Data->Glyphs, &coloringSeed](int...'"
Hazel-master,../repos/Hazel-master/Hazel/src/Hazel/Scene/Components.h,"(108, 24)-(108, 80)",b'[]() { return static_cast<ScriptableEntity*>(...'
Hazel-master,../repos/Hazel-master/Hazel/src/Hazel/Scene/Components.h,"(109, 20)-(109, 101)",b'[](NativeScriptComponent* nsc) { delete nsc->...'
Hazel-master,../repos/Hazel-master/Hazel/src/Hazel/Scene/Scene.cpp,"(36, 4)-(46, 4)",b'[&]()\n\t\t{\n\t\t\tauto view = src.view<Component>(...'
Hazel-master,../repos/Hazel-master/Hazel/src/Hazel/Scene/Scene.cpp,"(58, 4)-(62, 4)",b'[&]()\n\t\t{\n\t\t\tif (src.HasComponent<Component>(...'
Hazel-master,../repos/Hazel-master/Hazel/src/Hazel/Scene/Scene.cpp,"(175, 51)-(186, 7)","b'[=](auto entity, auto& nsc)\n\t\t\t\t\t{\n\t\t\t\t\t\t// T...'"
Hazel-master,../repos/Hazel-master/Hazel/src/Hazel/Scene/SceneSerializer.cpp,"(382, 28)-(389, 4)",b'[&](auto entityID)\n\t\t{\n\t\t\tEntity entity = { e...'
Hazel-master,../repos/Hazel-master/Hazel/src/Hazel/Scripting/ScriptEngine.cpp,"(156, 42)-(160, 5)",b'[]()\n\t\t\t{\n\t\t\t\ts_Data->AppAssemblyFileWatcher....'
Hazel-master,../repos/Hazel-master/Hazel/src/Hazel/Scripting/ScriptGlue.cpp,"(272, 4)-(286, 4)",b'[]()\n\t\t{\n\t\t\tstd::string_view typeName = typei...'
Hazel-master,../repos/Hazel-master/Hazel/src/Hazel/Scripting/ScriptGlue.cpp,"(285, 45)-(285, 107)",b'[](Entity entity) { return entity.HasComponen...'
Hazel-master,../repos/Hazel-master/Hazel/src/Platform/Windows/WindowsWindow.cpp,"(72, 39)-(80, 4)","b'[](GLFWwindow* window, int width, int height)...'"
Hazel-master,../repos/Hazel-master/Hazel/src/Platform/Windows/WindowsWindow.cpp,"(82, 40)-(87, 4)",b'[](GLFWwindow* window)\n\t\t{\n\t\t\tWindowData& dat...'
Hazel-master,../repos/Hazel-master/Hazel/src/Platform/Windows/WindowsWindow.cpp,"(89, 32)-(114, 4)","b'[](GLFWwindow* window, int key, int scancode,...'"
Hazel-master,../repos/Hazel-master/Hazel/src/Platform/Windows/WindowsWindow.cpp,"(116, 33)-(122, 4)","b'[](GLFWwindow* window, unsigned int keycode)\n...'"
Hazel-master,../repos/Hazel-master/Hazel/src/Platform/Windows/WindowsWindow.cpp,"(124, 40)-(143, 4)","b'[](GLFWwindow* window, int button, int action...'"
Hazel-master,../repos/Hazel-master/Hazel/src/Platform/Windows/WindowsWindow.cpp,"(145, 35)-(151, 4)","b'[](GLFWwindow* window, double xOffset, double...'"
Hazel-master,../repos/Hazel-master/Hazel/src/Platform/Windows/WindowsWindow.cpp,"(153, 38)-(159, 4)","b'[](GLFWwindow* window, double xPos, double yP...'"
Hazel-master,../repos/Hazel-master/Hazel/vendor/entt/include/entt.hpp,"(287, 25)-(302, 14)","b'[getter = std::move(getter)](auto from, auto ...'"
Hazel-master,../repos/Hazel-master/Hazel/vendor/entt/include/entt.hpp,"(291, 41)-(293, 18)","b'[&getter, &count, start](const value_type &it...'"
Hazel-master,../repos/Hazel-master/Hazel/vendor/entt/include/entt.hpp,"(295, 78)-(297, 18)","b'[index = std::begin(index), count = std::begi...'"
Hazel-master,../repos/Hazel-master/Hazel/vendor/entt/include/entt.hpp,"(299, 41)-(301, 18)","b'[&getter, &out, &index, start](value_type &it...'"
Hazel-master,../repos/Hazel-master/Hazel/vendor/entt/include/entt.hpp,"(1589, 25)-(1604, 14)","b'[getter = std::move(getter)](auto from, auto ...'"
Hazel-master,../repos/Hazel-master/Hazel/vendor/entt/include/entt.hpp,"(1593, 41)-(1595, 18)","b'[&getter, &count, start](const value_type &it...'"
Hazel-master,../repos/Hazel-master/Hazel/vendor/entt/include/entt.hpp,"(1597, 78)-(1599, 18)","b'[index = std::begin(index), count = std::begi...'"
Hazel-master,../repos/Hazel-master/Hazel/vendor/entt/include/entt.hpp,"(1601, 41)-(1603, 18)","b'[&getter, &out, &index, start](value_type &it...'"
Hazel-master,../repos/Hazel-master/Hazel/vendor/entt/include/entt.hpp,"(2483, 16)-(2486, 10)","b'[](const void *, Args... args) -> Ret {\n     ...'"
Hazel-master,../repos/Hazel-master/Hazel/vendor/entt/include/entt.hpp,"(2491, 16)-(2495, 10)","b'[](const void *payload, Args... args) -> Ret ...'"
Hazel-master,../repos/Hazel-master/Hazel/vendor/entt/include/entt.hpp,"(2500, 16)-(2504, 10)","b'[](const void *payload, Args... args) -> Ret ...'"
Hazel-master,../repos/Hazel-master/Hazel/vendor/entt/include/entt.hpp,"(2551, 18)-(2553, 14)","b'[](const void *, Args... args) -> Ret {\n     ...'"
Hazel-master,../repos/Hazel-master/Hazel/vendor/entt/include/entt.hpp,"(2581, 18)-(2584, 14)","b'[](const void *payload, Args... args) -> Ret ...'"
Hazel-master,../repos/Hazel-master/Hazel/vendor/entt/include/entt.hpp,"(2605, 18)-(2608, 14)","b'[](const void *payload, Args... args) -> Ret ...'"
Hazel-master,../repos/Hazel-master/Hazel/vendor/entt/include/entt.hpp,"(3100, 72)-(3102, 14)",b'[value_or_instance](const auto &delegate) {\n ...'
Hazel-master,../repos/Hazel-master/Hazel/vendor/entt/include/entt.hpp,"(3220, 68)-(3222, 14)",b'[value_or_instance](const auto &delegate) {\n ...'
Hazel-master,../repos/Hazel-master/Hazel/vendor/entt/include/entt.hpp,"(4684, 28)-(4686, 10)","b'[this](const auto lhs, const auto rhs) {\n    ...'"
Hazel-master,../repos/Hazel-master/Hazel/vendor/entt/include/entt.hpp,"(4689, 66)-(4691, 14)","b'[this, compare = std::move(compare)](const au...'"
Hazel-master,../repos/Hazel-master/Hazel/vendor/entt/include/entt.hpp,"(5238, 61)-(5240, 14)","b'[this, compare = std::move(compare)](const en...'"
Hazel-master,../repos/Hazel-master/Hazel/vendor/entt/include/entt.hpp,"(5242, 61)-(5244, 14)","b'[this, compare = std::move(compare)](const en...'"
Hazel-master,../repos/Hazel-master/Hazel/vendor/entt/include/entt.hpp,"(5690, 61)-(5692, 14)","b'[this, compare = std::move(compare)](const en...'"
Hazel-master,../repos/Hazel-master/Hazel/vendor/entt/include/entt.hpp,"(5694, 61)-(5696, 14)","b'[this, compare = std::move(compare)](const en...'"
Hazel-master,../repos/Hazel-master/Hazel/vendor/entt/include/entt.hpp,"(5699, 9)-(5705, 10)","b'[this](auto *head, auto *... other) {\n       ...'"
Hazel-master,../repos/Hazel-master/Hazel/vendor/entt/include/entt.hpp,"(5801, 64)-(5803, 14)",b'[entt = *it](const auto *curr) {\n            ...'
Hazel-master,../repos/Hazel-master/Hazel/vendor/entt/include/entt.hpp,"(5859, 70)-(5861, 10)","b'[](const auto *lhs, const auto *rhs) {\n      ...'"
Hazel-master,../repos/Hazel-master/Hazel/vendor/entt/include/entt.hpp,"(5950, 69)-(5952, 10)",b'[entt](const auto *view) {\n            return...'
Hazel-master,../repos/Hazel-master/Hazel/vendor/entt/include/entt.hpp,"(6277, 22)-(6279, 10)",b'[this](const auto entt) {\n            reg->de...'
Hazel-master,../repos/Hazel-master/Hazel/vendor/entt/include/entt.hpp,"(6535, 22)-(6537, 10)",b'[this](const auto entt) {\n            reg->de...'
Hazel-master,../repos/Hazel-master/Hazel/vendor/entt/include/entt.hpp,"(6693, 70)-(6693, 147)",b'[entt = *it](const sparse_set<Entity> *curr) ...'
Hazel-master,../repos/Hazel-master/Hazel/vendor/entt/include/entt.hpp,"(6694, 69)-(6694, 146)",b'[entt = *it](const sparse_set<Entity> *curr) ...'
Hazel-master,../repos/Hazel-master/Hazel/vendor/entt/include/entt.hpp,"(6755, 115)-(6757, 10)","b'[](const auto *lhs, const auto *rhs) {\n      ...'"
Hazel-master,../repos/Hazel-master/Hazel/vendor/entt/include/entt.hpp,"(7472, 43)-(7472, 101)",b'[&component](auto &&curr) { curr = std::move(...'
Hazel-master,../repos/Hazel-master/Hazel/vendor/entt/include/entt.hpp,"(7558, 32)-(7560, 18)","b'[](sparse_set<entity_type> &cpool, basic_regi...'"
Hazel-master,../repos/Hazel-master/Hazel/vendor/entt/include/entt.hpp,"(7567, 67)-(7567, 151)",b'[id = type_info<Component>::id()](const auto ...'
Hazel-master,../repos/Hazel-master/Hazel/vendor/entt/include/entt.hpp,"(7571, 21)-(7573, 22)","b'[](sparse_set<entity_type> &cpool, basic_regi...'"
Hazel-master,../repos/Hazel-master/Hazel/vendor/entt/include/entt.hpp,"(7901, 36)-(7901, 65)",b'[this]() { return create(); }'
Hazel-master,../repos/Hazel-master/Hazel/vendor/entt/include/entt.hpp,"(7921, 63)-(7921, 126)",b'[](auto &&pdata) { return !pdata.pool || pdat...'
Hazel-master,../repos/Hazel-master/Hazel/vendor/entt/include/entt.hpp,"(8027, 46)-(8027, 97)",b'[this](const auto entity) { return valid(enti...'
Hazel-master,../repos/Hazel-master/Hazel/vendor/entt/include/entt.hpp,"(8055, 46)-(8055, 97)",b'[this](const auto entity) { return valid(enti...'
Hazel-master,../repos/Hazel-master/Hazel/vendor/entt/include/entt.hpp,"(8204, 46)-(8204, 97)",b'[this](const auto entity) { return valid(enti...'
Hazel-master,../repos/Hazel-master/Hazel/vendor/entt/include/entt.hpp,"(8231, 10)-(8235, 10)","b'[this, entity](auto &&cpool) {\n            if...'"
Hazel-master,../repos/Hazel-master/Hazel/vendor/entt/include/entt.hpp,"(8420, 18)-(8420, 70)",b'[this](const auto entity) { this->destroy(ent...'
Hazel-master,../repos/Hazel-master/Hazel/vendor/entt/include/entt.hpp,"(8422, 14)-(8424, 14)",b'[this](auto &&cpool) {\n                cpool....'
Hazel-master,../repos/Hazel-master/Hazel/vendor/entt/include/entt.hpp,"(8469, 59)-(8469, 136)",b'[entity](auto &&pdata) { return pdata.pool &&...'
Hazel-master,../repos/Hazel-master/Hazel/vendor/entt/include/entt.hpp,"(8492, 14)-(8496, 10)","b'[this, &func](const auto entity) {\n          ...'"
Hazel-master,../repos/Hazel-master/Hazel/vendor/entt/include/entt.hpp,"(8775, 67)-(8780, 10)",b'[size](const auto &gdata) {\n            retur...'
Hazel-master,../repos/Hazel-master/Hazel/vendor/entt/include/entt.hpp,"(8788, 39)-(8788, 107)",b'[](void *instance) { delete static_cast<handl...'
Hazel-master,../repos/Hazel-master/Hazel/vendor/entt/include/entt.hpp,"(8789, 17)-(8789, 140)",b'[]([[maybe_unused]] const id_type ctype) ENTT...'
Hazel-master,../repos/Hazel-master/Hazel/vendor/entt/include/entt.hpp,"(8790, 17)-(8790, 138)",b'[]([[maybe_unused]] const id_type ctype) ENTT...'
Hazel-master,../repos/Hazel-master/Hazel/vendor/entt/include/entt.hpp,"(8791, 17)-(8791, 128)",b'[]([[maybe_unused]] const id_type ctype) ENTT...'
Hazel-master,../repos/Hazel-master/Hazel/vendor/entt/include/entt.hpp,"(8802, 73)-(8806, 18)",b'[size](const auto &gdata) {\n                 ...'
Hazel-master,../repos/Hazel-master/Hazel/vendor/entt/include/entt.hpp,"(8808, 84)-(8810, 18)",b'[size](const auto &gdata) {\n                 ...'
Hazel-master,../repos/Hazel-master/Hazel/vendor/entt/include/entt.hpp,"(8812, 98)-(8814, 18)",b'[](const auto &gdata) {\n                    r...'
Hazel-master,../repos/Hazel-master/Hazel/vendor/entt/include/entt.hpp,"(8919, 55)-(8922, 10)",b'[this](const auto ctype) {\n            const ...'
Hazel-master,../repos/Hazel-master/Hazel/vendor/entt/include/entt.hpp,"(8920, 72)-(8920, 142)",b'[ctype](auto &&pdata) { return pdata.pool && ...'
Hazel-master,../repos/Hazel-master/Hazel/vendor/entt/include/entt.hpp,"(9035, 102)-(9035, 162)",b'[](void *instance) { delete static_cast<Type ...'
Hazel-master,../repos/Hazel-master/Hazel/vendor/entt/include/entt.hpp,"(9045, 61)-(9047, 10)",b'[](auto &&var) {\n            return var.type_...'
Hazel-master,../repos/Hazel-master/Hazel/vendor/entt/include/entt.hpp,"(9075, 60)-(9075, 123)",b'[](auto &&var) { return var.type_id == type_i...'
Hazel-master,../repos/Hazel-master/Hazel/vendor/entt/include/entt.hpp,"(11498, 42)-(11498, 113)","b'[](meta_any &to, const meta_any &from) { to.i...'"
Hazel-master,../repos/Hazel-master/Hazel/vendor/entt/include/entt.hpp,"(11576, 89)-(11576, 161)",b'[type_id](const auto *curr) { return curr->ty...'
Hazel-master,../repos/Hazel-master/Hazel/vendor/entt/include/entt.hpp,"(11628, 96)-(11628, 168)",b'[type_id](const auto *curr) { return curr->ty...'
Hazel-master,../repos/Hazel-master/Hazel/vendor/entt/include/entt.hpp,"(11964, 34)-(11966, 10)",b'[key = std::move(key)](const auto *curr) {\n  ...'
Hazel-master,../repos/Hazel-master/Hazel/vendor/entt/include/entt.hpp,"(12107, 34)-(12109, 10)",b'[key = std::move(key)](const auto *curr) {\n  ...'
Hazel-master,../repos/Hazel-master/Hazel/vendor/entt/include/entt.hpp,"(12224, 34)-(12226, 10)",b'[key = std::move(key)](const auto *curr) {\n  ...'
Hazel-master,../repos/Hazel-master/Hazel/vendor/entt/include/entt.hpp,"(12246, 34)-(12252, 10)",b'[](const auto *candidate) {\n            retur...'
Hazel-master,../repos/Hazel-master/Hazel/vendor/entt/include/entt.hpp,"(12247, 59)-(12251, 14)","b'[](auto *from, auto *to) {\n                re...'"
Hazel-master,../repos/Hazel-master/Hazel/vendor/entt/include/entt.hpp,"(12249, 79)-(12249, 150)",b'[to](const auto *curr) { return curr->type()-...'
Hazel-master,../repos/Hazel-master/Hazel/vendor/entt/include/entt.hpp,"(12250, 79)-(12250, 150)",b'[to](const auto *curr) { return curr->type()-...'
Hazel-master,../repos/Hazel-master/Hazel/vendor/entt/include/entt.hpp,"(12429, 67)-(12431, 10)",b'[id](const auto *curr) {\n            return c...'
Hazel-master,../repos/Hazel-master/Hazel/vendor/entt/include/entt.hpp,"(12452, 67)-(12454, 10)",b'[type_id = internal::meta_info<Type>::resolve...'
Hazel-master,../repos/Hazel-master/Hazel/vendor/entt/include/entt.hpp,"(12500, 67)-(12502, 10)",b'[id](const auto *curr) {\n            return c...'
Hazel-master,../repos/Hazel-master/Hazel/vendor/entt/include/entt.hpp,"(12528, 67)-(12530, 10)",b'[id](const auto *curr) {\n            return c...'
Hazel-master,../repos/Hazel-master/Hazel/vendor/entt/include/entt.hpp,"(12546, 29)-(12554, 10)",b'[this](meta_any *params) {\n            meta_a...'
Hazel-master,../repos/Hazel-master/Hazel/vendor/entt/include/entt.hpp,"(12549, 64)-(12551, 14)","b'[params, &any](const auto *curr) {\n          ...'"
Hazel-master,../repos/Hazel-master/Hazel/vendor/entt/include/entt.hpp,"(12587, 67)-(12589, 10)",b'[key = std::move(key)](const auto *curr) {\n  ...'
Hazel-master,../repos/Hazel-master/Hazel/vendor/entt/include/entt.hpp,"(12875, 21)-(12884, 6)",b'[](auto &&value) {\n        if constexpr(std::...'
Hazel-master,../repos/Hazel-master/Hazel/vendor/entt/include/entt.hpp,"(12918, 21)-(12928, 6)",b'[](auto *... params) {\n        if constexpr(s...'
Hazel-master,../repos/Hazel-master/Hazel/vendor/entt/include/entt.hpp,"(12930, 58)-(12938, 6)","b'[](meta_any *any, auto *value) {\n        usin...'"
Hazel-master,../repos/Hazel-master/Hazel/vendor/entt/include/entt.hpp,"(13018, 13)-(13020, 14)",b'[]() -> meta_any {\n                return std...'
Hazel-master,../repos/Hazel-master/Hazel/vendor/entt/include/entt.hpp,"(13021, 13)-(13027, 14)",b'[]() -> meta_any {\n                if constex...'
Hazel-master,../repos/Hazel-master/Hazel/vendor/entt/include/entt.hpp,"(13144, 13)-(13146, 14)",b'[](void *instance) ENTT_NOEXCEPT -> void * {\n...'
Hazel-master,../repos/Hazel-master/Hazel/vendor/entt/include/entt.hpp,"(13174, 13)-(13176, 14)",b'[](const void *instance) -> meta_any {\n      ...'
Hazel-master,../repos/Hazel-master/Hazel/vendor/entt/include/entt.hpp,"(13207, 13)-(13209, 14)",b'[](const void *instance) -> meta_any {\n      ...'
Hazel-master,../repos/Hazel-master/Hazel/vendor/entt/include/entt.hpp,"(13244, 13)-(13246, 14)",b'[](meta_any * const any) {\n                re...'
Hazel-master,../repos/Hazel-master/Hazel/vendor/entt/include/entt.hpp,"(13277, 13)-(13279, 14)",b'[](meta_any * const any) {\n                re...'
Hazel-master,../repos/Hazel-master/Hazel/vendor/entt/include/entt.hpp,"(13312, 13)-(13316, 14)",b'[](void *instance) {\n                if(insta...'
Hazel-master,../repos/Hazel-master/Hazel/vendor/entt/include/entt.hpp,"(13354, 17)-(13354, 67)","b'[](meta_any, meta_any, meta_any) { return false; }'"
Hazel-master,../repos/Hazel-master/Hazel/vendor/entt/include/entt.hpp,"(13355, 17)-(13355, 68)","b'[](meta_any, meta_any) -> meta_any { return D...'"
Hazel-master,../repos/Hazel-master/Hazel/vendor/entt/include/entt.hpp,"(13478, 13)-(13480, 14)","b'[](meta_any instance, meta_any *args) {\n     ...'"
Hazel-master,../repos/Hazel-master/Hazel/vendor/entt/include/entt.hpp,"(13508, 13)-(13515, 14)","b'[](auto &&self, auto **curr, auto... member) ...'"
Hazel-master,../repos/Hazel-master/Hazel/vendor/entt/include/entt.hpp,"(13592, 30)-(13594, 6)",b'[&func](const auto *curr) {\n        return fu...'
Hazel-master,../repos/Hazel-master/Hazel/vendor/entt/include/entt.hpp,"(13604, 23)-(13604, 72)",b'[id](const auto type) { return type.id() == id; }'
Hazel-master,../repos/Hazel-master/Hazel/vendor/entt/include/entt.hpp,"(13614, 23)-(13614, 77)",b'[id](const auto type) { return type.type_id()...'
Hazel-master,../repos/Hazel-master/Hazel/vendor/entt/include/entt.hpp,"(14638, 39)-(14638, 68)",b'[this]() { this->succeed(); }'
Hazel-master,../repos/Hazel-master/Hazel/vendor/entt/include/entt.hpp,"(14638, 70)-(14638, 96)",b'[this]() { this->fail(); }'
Hazel-master,../repos/Hazel-master/Hazel/vendor/entt/include/entt.hpp,"(14914, 77)-(14916, 14)",b'[](auto &handler) {\n                return !h...'
Hazel-master,../repos/Hazel-master/Hazel/vendor/entt/include/entt.hpp,"(15731, 16)-(15734, 10)","b'[](const void *, Args... args) -> Ret {\n     ...'"
Hazel-master,../repos/Hazel-master/Hazel/vendor/entt/include/entt.hpp,"(15739, 16)-(15743, 10)","b'[](const void *payload, Args... args) -> Ret ...'"
Hazel-master,../repos/Hazel-master/Hazel/vendor/entt/include/entt.hpp,"(15748, 16)-(15752, 10)","b'[](const void *payload, Args... args) -> Ret ...'"
Hazel-master,../repos/Hazel-master/Hazel/vendor/entt/include/entt.hpp,"(15799, 18)-(15801, 14)","b'[](const void *, Args... args) -> Ret {\n     ...'"
Hazel-master,../repos/Hazel-master/Hazel/vendor/entt/include/entt.hpp,"(15829, 18)-(15832, 14)","b'[](const void *payload, Args... args) -> Ret ...'"
Hazel-master,../repos/Hazel-master/Hazel/vendor/entt/include/entt.hpp,"(15853, 18)-(15856, 14)","b'[](const void *payload, Args... args) -> Ret ...'"
Hazel-master,../repos/Hazel-master/Hazel/vendor/entt/include/entt.hpp,"(16874, 72)-(16876, 14)",b'[value_or_instance](const auto &delegate) {\n ...'
Hazel-master,../repos/Hazel-master/Hazel/vendor/entt/include/entt.hpp,"(16994, 68)-(16996, 14)",b'[value_or_instance](const auto &delegate) {\n ...'
Hazel-master,../repos/Hazel-master/Hazel/vendor/entt/include/entt.hpp,"(17113, 64)-(17113, 147)",b'[id = type_info<Event>::id()](const auto &cpo...'
Hazel-master,../repos/Hazel-master/Hazel/vendor/entt/include/entt.hpp,"(17321, 25)-(17321, 69)",b'[](auto &&element) { return element.first; }'
Hazel-master,../repos/Hazel-master/Hazel/vendor/entt/include/entt.hpp,"(17354, 29)-(17354, 73)",b'[](auto &&element) { return element.first; }'
Hazel-master,../repos/Hazel-master/Hazel/vendor/entt/include/entt.hpp,"(17376, 31)-(17376, 75)",b'[](auto &&element) { return element.first; }'
Hazel-master,../repos/Hazel-master/Hazel/vendor/entt/include/entt.hpp,"(17406, 64)-(17406, 147)",b'[id = type_info<Event>::id()](const auto &cpo...'
Hazel-master,../repos/Hazel-master/Hazel/vendor/entt/include/entt.hpp,"(17583, 58)-(17585, 10)",b'[](auto &&cpool) {\n            return !cpool ...'
Hazel-master,../repos/Hazel-master/Hazel/vendor/filewatch/FileWatch.h,"(201, 45)-(210, 5)",b'[this]() {\n\t\t\t\ttry {\n\t\t\t\t\tcallback_thread();\n...'
Hazel-master,../repos/Hazel-master/Hazel/vendor/filewatch/FileWatch.h,"(211, 42)-(220, 5)",b'[this]() { \n\t\t\t\ttry {\n\t\t\t\t\tmonitor_directory(...'
Hazel-master,../repos/Hazel-master/Hazel/vendor/filewatch/FileWatch.h,"(247, 25)-(253, 5)",b'[](C character) {\n#ifdef _WIN32\n\t\t\t\treturn ch...'
Hazel-master,../repos/Hazel-master/Hazel/vendor/filewatch/FileWatch.h,"(258, 24)-(261, 5)",b'[&]() {\n\t\t\t\tconst auto extracted_directory = ...'
Hazel-master,../repos/Hazel-master/Hazel/vendor/filewatch/FileWatch.h,"(301, 25)-(312, 5)","b'[this, &path]() {\n\t\t\t\tif (_watching_single_fi...'"
Hazel-master,../repos/Hazel-master/Hazel/vendor/filewatch/FileWatch.h,"(447, 25)-(458, 5)","b'[this, &path]() {\n\t\t\t\tif (_watching_single_fi...'"
Hazel-master,../repos/Hazel-master/Hazel/vendor/filewatch/FileWatch.h,"(520, 21)-(520, 84)",b'[this] { return _callback_information.size() ...'
