Repo name,File name,Location,Content
Hazel-master,../repos/Hazel-master/Hazel/src/Hazel/Core/LayerStack.h,"(6, 10)-(6, 18)",b'#include <vector>\n'
Hazel-master,../repos/Hazel-master/Hazel/src/Hazel/Core/UUID.cpp,"(6, 10)-(6, 25)",b'#include <unordered_map>\n'
Hazel-master,../repos/Hazel-master/Hazel/src/Hazel/Renderer/MSDFData.h,"(3, 10)-(3, 18)",b'#include <vector>\n'
Hazel-master,../repos/Hazel-master/Hazel/src/Hazel/Renderer/Shader.h,"(4, 10)-(4, 25)",b'#include <unordered_map>\n'
Hazel-master,../repos/Hazel-master/Hazel/src/Hazel/Scripting/ScriptEngine.h,"(8, 10)-(8, 15)",b'#include <map>\n'
Hazel-master,../repos/Hazel-master/Hazel/src/hzpch.h,"(20, 10)-(20, 17)",b'#include <array>\n'
Hazel-master,../repos/Hazel-master/Hazel/src/hzpch.h,"(21, 10)-(21, 18)",b'#include <vector>\n'
Hazel-master,../repos/Hazel-master/Hazel/src/hzpch.h,"(22, 10)-(22, 25)",b'#include <unordered_map>\n'
Hazel-master,../repos/Hazel-master/Hazel/src/hzpch.h,"(23, 10)-(23, 25)",b'#include <unordered_set>\n'
Hazel-master,../repos/Hazel-master/Hazel/vendor/entt/include/entt.hpp,"(6, 10)-(6, 18)",b'#include <vector>\n'
Hazel-master,../repos/Hazel-master/Hazel/vendor/entt/include/entt.hpp,"(1300, 10)-(1300, 18)",b'#include <vector>\n'
Hazel-master,../repos/Hazel-master/Hazel/vendor/entt/include/entt.hpp,"(1308, 10)-(1308, 18)",b'#include <vector>\n'
Hazel-master,../repos/Hazel-master/Hazel/vendor/entt/include/entt.hpp,"(2303, 10)-(2303, 18)",b'#include <vector>\n'
Hazel-master,../repos/Hazel-master/Hazel/vendor/entt/include/entt.hpp,"(3551, 10)-(3551, 18)",b'#include <vector>\n'
Hazel-master,../repos/Hazel-master/Hazel/vendor/entt/include/entt.hpp,"(4195, 10)-(4195, 18)",b'#include <vector>\n'
Hazel-master,../repos/Hazel-master/Hazel/vendor/entt/include/entt.hpp,"(5726, 10)-(5726, 18)",b'#include <vector>\n'
Hazel-master,../repos/Hazel-master/Hazel/vendor/entt/include/entt.hpp,"(5992, 10)-(5992, 17)",b'#include <array>\n'
Hazel-master,../repos/Hazel-master/Hazel/vendor/entt/include/entt.hpp,"(5993, 10)-(5993, 18)",b'#include <vector>\n'
Hazel-master,../repos/Hazel-master/Hazel/vendor/entt/include/entt.hpp,"(5998, 10)-(5998, 25)",b'#include <unordered_map>\n'
Hazel-master,../repos/Hazel-master/Hazel/vendor/entt/include/entt.hpp,"(6596, 10)-(6596, 17)",b'#include <array>\n'
Hazel-master,../repos/Hazel-master/Hazel/vendor/entt/include/entt.hpp,"(10167, 10)-(10167, 17)",b'#include <array>\n'
Hazel-master,../repos/Hazel-master/Hazel/vendor/entt/include/entt.hpp,"(14653, 10)-(14653, 18)",b'#include <vector>\n'
Hazel-master,../repos/Hazel-master/Hazel/vendor/entt/include/entt.hpp,"(14959, 10)-(14959, 25)",b'#include <unordered_map>\n'
Hazel-master,../repos/Hazel-master/Hazel/vendor/entt/include/entt.hpp,"(15970, 10)-(15970, 18)",b'#include <vector>\n'
Hazel-master,../repos/Hazel-master/Hazel/vendor/entt/include/entt.hpp,"(16477, 10)-(16477, 18)",b'#include <vector>\n'
Hazel-master,../repos/Hazel-master/Hazel/vendor/entt/include/entt.hpp,"(17267, 10)-(17267, 16)",b'#include <list>\n'
Hazel-master,../repos/Hazel-master/Hazel/vendor/entt/include/entt.hpp,"(17271, 10)-(17271, 18)",b'#include <vector>\n'
Hazel-master,../repos/Hazel-master/Hazel/vendor/filewatch/FileWatch.h,"(55, 10)-(55, 18)",b'#include <vector>\n'
Hazel-master,../repos/Hazel-master/Hazel/vendor/filewatch/FileWatch.h,"(56, 10)-(56, 17)",b'#include <array>\n'
Hazel-master,../repos/Hazel-master/Hazel/vendor/filewatch/FileWatch.h,"(57, 10)-(57, 15)",b'#include <map>\n'
