Repo name,File name,Location,Content
Hazel-master,../repos/Hazel-master/Hazel/src/Hazel/Core/Assert.h,"(11, 76)-(11, 78)","b'{ if(!(check)) { HZ##type##ERROR(msg, __VA_AR...'"
Hazel-master,../repos/Hazel-master/Hazel/src/Hazel/Core/Assert.h,"(11, 82)-(11, 84)","b'{ if(!(check)) { HZ##type##ERROR(msg, __VA_AR...'"
Hazel-master,../repos/Hazel-master/Hazel/src/Hazel/Debug/Instrumentor.h,"(230, 69)-(230, 71)",b'constexpr auto fixedName##line = ::Hazel::Ins...'
Hazel-master,../repos/Hazel-master/Hazel/src/Hazel/Debug/Instrumentor.h,"(230, 195)-(230, 197)",b'constexpr auto fixedName##line = ::Hazel::Ins...'
Hazel-master,../repos/Hazel-master/Hazel/src/Hazel/Debug/Instrumentor.h,"(230, 211)-(230, 213)",b'constexpr auto fixedName##line = ::Hazel::Ins...'
Hazel-master,../repos/Hazel-master/Hazel/vendor/mono/include/mono/metadata/abi-details.h,"(39, 64)-(39, 66)",b'mono_abi_alignment (MONO_ALIGN_ ## type)'
Hazel-master,../repos/Hazel-master/Hazel/vendor/mono/include/mono/metadata/abi-details.h,"(44, 48)-(44, 50)","b'MONO_OFFSET_ ## struct ## _ ## field = -1,'"
Hazel-master,../repos/Hazel-master/Hazel/vendor/mono/include/mono/metadata/abi-details.h,"(44, 58)-(44, 60)","b'MONO_OFFSET_ ## struct ## _ ## field = -1,'"
Hazel-master,../repos/Hazel-master/Hazel/vendor/mono/include/mono/metadata/abi-details.h,"(44, 63)-(44, 65)","b'MONO_OFFSET_ ## struct ## _ ## field = -1,'"
Hazel-master,../repos/Hazel-master/Hazel/vendor/mono/include/mono/metadata/abi-details.h,"(45, 56)-(45, 58)","b'MONO_OFFSET_ ## struct ## _ ## field = offset,'"
Hazel-master,../repos/Hazel-master/Hazel/vendor/mono/include/mono/metadata/abi-details.h,"(45, 66)-(45, 68)","b'MONO_OFFSET_ ## struct ## _ ## field = offset,'"
Hazel-master,../repos/Hazel-master/Hazel/vendor/mono/include/mono/metadata/abi-details.h,"(45, 71)-(45, 73)","b'MONO_OFFSET_ ## struct ## _ ## field = offset,'"
Hazel-master,../repos/Hazel-master/Hazel/vendor/mono/include/mono/metadata/abi-details.h,"(47, 38)-(47, 40)","b'MONO_SIZEOF_ ##type = -1,'"
Hazel-master,../repos/Hazel-master/Hazel/vendor/mono/include/mono/metadata/abi-details.h,"(48, 44)-(48, 46)","b'MONO_SIZEOF_ ##type = size,'"
Hazel-master,../repos/Hazel-master/Hazel/vendor/mono/include/mono/metadata/abi-details.h,"(56, 55)-(56, 57)",b'MONO_OFFSET_ ## struct ## _ ## field'
Hazel-master,../repos/Hazel-master/Hazel/vendor/mono/include/mono/metadata/abi-details.h,"(56, 65)-(56, 67)",b'MONO_OFFSET_ ## struct ## _ ## field'
Hazel-master,../repos/Hazel-master/Hazel/vendor/mono/include/mono/metadata/abi-details.h,"(56, 70)-(56, 72)",b'MONO_OFFSET_ ## struct ## _ ## field'
Hazel-master,../repos/Hazel-master/Hazel/vendor/mono/include/mono/metadata/abi-details.h,"(57, 47)-(57, 49)",b'MONO_SIZEOF_ ## struct'
Hazel-master,../repos/Hazel-master/Hazel/vendor/mono/include/mono/metadata/abi-details.h,"(60, 56)-(60, 58)","b'(MONO_OFFSET_ ## struct ## _ ## field == -1, ...'"
Hazel-master,../repos/Hazel-master/Hazel/vendor/mono/include/mono/metadata/abi-details.h,"(60, 66)-(60, 68)","b'(MONO_OFFSET_ ## struct ## _ ## field == -1, ...'"
Hazel-master,../repos/Hazel-master/Hazel/vendor/mono/include/mono/metadata/abi-details.h,"(60, 71)-(60, 73)","b'(MONO_OFFSET_ ## struct ## _ ## field == -1, ...'"
Hazel-master,../repos/Hazel-master/Hazel/vendor/mono/include/mono/metadata/abi-details.h,"(61, 48)-(61, 50)","b'(MONO_SIZEOF_ ## struct == -1, (int)sizeof(st...'"
Hazel-master,../repos/Hazel-master/Hazel/vendor/mono/include/mono/metadata/class-internals.h,"(43, 36)-(43, 38)","b'MONO_WRAPPER_ ## e,'"
Hazel-master,../repos/Hazel-master/Hazel/vendor/mono/include/mono/metadata/class-internals.h,"(996, 27)-(996, 29)",b'MonoClass* mono_class_get_##shortname##_class...'
Hazel-master,../repos/Hazel-master/Hazel/vendor/mono/include/mono/metadata/class-internals.h,"(996, 38)-(996, 40)",b'MonoClass* mono_class_get_##shortname##_class...'
Hazel-master,../repos/Hazel-master/Hazel/vendor/mono/include/mono/metadata/class-internals.h,"(999, 31)-(999, 33)",b'MonoClass* mono_class_try_get_##shortname##_c...'
Hazel-master,../repos/Hazel-master/Hazel/vendor/mono/include/mono/metadata/class-internals.h,"(999, 42)-(999, 44)",b'MonoClass* mono_class_try_get_##shortname##_c...'
Hazel-master,../repos/Hazel-master/Hazel/vendor/mono/include/mono/metadata/class-internals.h,"(1006, 29)-(1006, 31)",b'MonoClass*\t\\\nmono_class_get_##shortname##_cla...'
Hazel-master,../repos/Hazel-master/Hazel/vendor/mono/include/mono/metadata/class-internals.h,"(1006, 40)-(1006, 42)",b'MonoClass*\t\\\nmono_class_get_##shortname##_cla...'
Hazel-master,../repos/Hazel-master/Hazel/vendor/mono/include/mono/metadata/class-internals.h,"(1026, 33)-(1026, 35)",b'MonoClass*\t\\\nmono_class_try_get_##shortname##...'
Hazel-master,../repos/Hazel-master/Hazel/vendor/mono/include/mono/metadata/class-internals.h,"(1026, 44)-(1026, 46)",b'MonoClass*\t\\\nmono_class_try_get_##shortname##...'
Hazel-master,../repos/Hazel-master/Hazel/vendor/mono/include/mono/metadata/class-internals.h,"(1528, 23)-(1528, 25)",b'static type *static_ ## name;\t\t\t\t\t\t\\\n\ttype *n...'
Hazel-master,../repos/Hazel-master/Hazel/vendor/mono/include/mono/metadata/class-internals.h,"(1528, 78)-(1528, 80)",b'static type *static_ ## name;\t\t\t\t\t\t\\\n\ttype *n...'
Hazel-master,../repos/Hazel-master/Hazel/vendor/mono/include/mono/metadata/class-internals.h,"(1536, 36)-(1536, 38)","b'(&static_ ## name, name);\t\t\\\n\t\t}\t\t\t\t\t\t\t\t\\\n\t}\t...'"
Hazel-master,../repos/Hazel-master/Hazel/vendor/mono/include/mono/metadata/handle-decl.h,"(35, 38)-(35, 40)",b'TYPE ## Handle'
Hazel-master,../repos/Hazel-master/Hazel/vendor/mono/include/mono/metadata/handle-decl.h,"(36, 42)-(36, 44)",b'TYPE ## HandleOut'
Hazel-master,../repos/Hazel-master/Hazel/vendor/mono/include/mono/metadata/handle-decl.h,"(37, 45)-(37, 47)",b'TYPE ## HandleInOut'
Hazel-master,../repos/Hazel-master/Hazel/vendor/mono/include/mono/metadata/handle-decl.h,"(40, 53)-(40, 55)",b'mono_handle_cast_##type'
Hazel-master,../repos/Hazel-master/Hazel/vendor/mono/include/mono/metadata/handle-decl.h,"(41, 63)-(41, 65)",b'mono_handle_typecheck_##type'
Hazel-master,../repos/Hazel-master/Hazel/vendor/mono/include/mono/metadata/handle-decl.h,"(91, 199)-(91, 201)",b') (gpointer a)\t\t\t\\\n{\t\t\t\t\t\t\t\t\\\n\treturn MONO_HA...'
Hazel-master,../repos/Hazel-master/Hazel/vendor/mono/include/mono/metadata/handle-decl.h,"(91, 378)-(91, 380)",b') (gpointer a)\t\t\t\\\n{\t\t\t\t\t\t\t\t\\\n\treturn MONO_HA...'
Hazel-master,../repos/Hazel-master/Hazel/vendor/mono/include/mono/metadata/handle-decl.h,"(91, 552)-(91, 554)",b') (gpointer a)\t\t\t\\\n{\t\t\t\t\t\t\t\t\\\n\treturn MONO_HA...'
Hazel-master,../repos/Hazel-master/Hazel/vendor/mono/include/mono/metadata/handle.h,"(332, 97)-(332, 99)",b'TYPED_HANDLE_NAME(TYPE) NAME = MONO_HANDLE_NE...'
Hazel-master,../repos/Hazel-master/Hazel/vendor/mono/include/mono/metadata/icall-decl.h,"(59, 30)-(59, 32)","b'MONO_HANDLE_DECLARE (,,func ## _impl, ret, na...'"
Hazel-master,../repos/Hazel-master/Hazel/vendor/mono/include/mono/metadata/icall-signatures.h,"(277, 50)-(277, 52)",b'mono_icall_sig_ ## a'
Hazel-master,../repos/Hazel-master/Hazel/vendor/mono/include/mono/metadata/icall-signatures.h,"(278, 53)-(278, 55)",b'mono_icall_sig_ ## a ## _ ## b'
Hazel-master,../repos/Hazel-master/Hazel/vendor/mono/include/mono/metadata/icall-signatures.h,"(278, 58)-(278, 60)",b'mono_icall_sig_ ## a ## _ ## b'
Hazel-master,../repos/Hazel-master/Hazel/vendor/mono/include/mono/metadata/icall-signatures.h,"(278, 63)-(278, 65)",b'mono_icall_sig_ ## a ## _ ## b'
Hazel-master,../repos/Hazel-master/Hazel/vendor/mono/include/mono/metadata/icall-signatures.h,"(279, 55)-(279, 57)",b'mono_icall_sig_ ## a ## _ ## b ## _ ## c'
Hazel-master,../repos/Hazel-master/Hazel/vendor/mono/include/mono/metadata/icall-signatures.h,"(279, 60)-(279, 62)",b'mono_icall_sig_ ## a ## _ ## b ## _ ## c'
Hazel-master,../repos/Hazel-master/Hazel/vendor/mono/include/mono/metadata/icall-signatures.h,"(279, 65)-(279, 67)",b'mono_icall_sig_ ## a ## _ ## b ## _ ## c'
Hazel-master,../repos/Hazel-master/Hazel/vendor/mono/include/mono/metadata/icall-signatures.h,"(279, 70)-(279, 72)",b'mono_icall_sig_ ## a ## _ ## b ## _ ## c'
Hazel-master,../repos/Hazel-master/Hazel/vendor/mono/include/mono/metadata/icall-signatures.h,"(279, 75)-(279, 77)",b'mono_icall_sig_ ## a ## _ ## b ## _ ## c'
Hazel-master,../repos/Hazel-master/Hazel/vendor/mono/include/mono/metadata/icall-signatures.h,"(280, 58)-(280, 60)",b'mono_icall_sig_ ## a ## _ ## b ## _ ## c ## _ ## d'
Hazel-master,../repos/Hazel-master/Hazel/vendor/mono/include/mono/metadata/icall-signatures.h,"(280, 63)-(280, 65)",b'mono_icall_sig_ ## a ## _ ## b ## _ ## c ## _ ## d'
Hazel-master,../repos/Hazel-master/Hazel/vendor/mono/include/mono/metadata/icall-signatures.h,"(280, 68)-(280, 70)",b'mono_icall_sig_ ## a ## _ ## b ## _ ## c ## _ ## d'
Hazel-master,../repos/Hazel-master/Hazel/vendor/mono/include/mono/metadata/icall-signatures.h,"(280, 73)-(280, 75)",b'mono_icall_sig_ ## a ## _ ## b ## _ ## c ## _ ## d'
Hazel-master,../repos/Hazel-master/Hazel/vendor/mono/include/mono/metadata/icall-signatures.h,"(280, 78)-(280, 80)",b'mono_icall_sig_ ## a ## _ ## b ## _ ## c ## _ ## d'
Hazel-master,../repos/Hazel-master/Hazel/vendor/mono/include/mono/metadata/icall-signatures.h,"(280, 83)-(280, 85)",b'mono_icall_sig_ ## a ## _ ## b ## _ ## c ## _ ## d'
Hazel-master,../repos/Hazel-master/Hazel/vendor/mono/include/mono/metadata/icall-signatures.h,"(280, 88)-(280, 90)",b'mono_icall_sig_ ## a ## _ ## b ## _ ## c ## _ ## d'
Hazel-master,../repos/Hazel-master/Hazel/vendor/mono/include/mono/metadata/icall-signatures.h,"(281, 62)-(281, 64)",b'mono_icall_sig_ ## a ## _ ## b ## _ ## c ## _...'
Hazel-master,../repos/Hazel-master/Hazel/vendor/mono/include/mono/metadata/icall-signatures.h,"(281, 67)-(281, 69)",b'mono_icall_sig_ ## a ## _ ## b ## _ ## c ## _...'
Hazel-master,../repos/Hazel-master/Hazel/vendor/mono/include/mono/metadata/icall-signatures.h,"(281, 72)-(281, 74)",b'mono_icall_sig_ ## a ## _ ## b ## _ ## c ## _...'
Hazel-master,../repos/Hazel-master/Hazel/vendor/mono/include/mono/metadata/icall-signatures.h,"(281, 77)-(281, 79)",b'mono_icall_sig_ ## a ## _ ## b ## _ ## c ## _...'
Hazel-master,../repos/Hazel-master/Hazel/vendor/mono/include/mono/metadata/icall-signatures.h,"(281, 82)-(281, 84)",b'mono_icall_sig_ ## a ## _ ## b ## _ ## c ## _...'
Hazel-master,../repos/Hazel-master/Hazel/vendor/mono/include/mono/metadata/icall-signatures.h,"(281, 87)-(281, 89)",b'mono_icall_sig_ ## a ## _ ## b ## _ ## c ## _...'
Hazel-master,../repos/Hazel-master/Hazel/vendor/mono/include/mono/metadata/icall-signatures.h,"(281, 92)-(281, 94)",b'mono_icall_sig_ ## a ## _ ## b ## _ ## c ## _...'
Hazel-master,../repos/Hazel-master/Hazel/vendor/mono/include/mono/metadata/icall-signatures.h,"(281, 97)-(281, 99)",b'mono_icall_sig_ ## a ## _ ## b ## _ ## c ## _...'
Hazel-master,../repos/Hazel-master/Hazel/vendor/mono/include/mono/metadata/icall-signatures.h,"(281, 102)-(281, 104)",b'mono_icall_sig_ ## a ## _ ## b ## _ ## c ## _...'
Hazel-master,../repos/Hazel-master/Hazel/vendor/mono/include/mono/metadata/icall-signatures.h,"(282, 62)-(282, 64)",b'mono_icall_sig_ ## a ## _ ## b ## _ ## c ## _...'
Hazel-master,../repos/Hazel-master/Hazel/vendor/mono/include/mono/metadata/icall-signatures.h,"(282, 67)-(282, 69)",b'mono_icall_sig_ ## a ## _ ## b ## _ ## c ## _...'
Hazel-master,../repos/Hazel-master/Hazel/vendor/mono/include/mono/metadata/icall-signatures.h,"(282, 72)-(282, 74)",b'mono_icall_sig_ ## a ## _ ## b ## _ ## c ## _...'
Hazel-master,../repos/Hazel-master/Hazel/vendor/mono/include/mono/metadata/icall-signatures.h,"(282, 77)-(282, 79)",b'mono_icall_sig_ ## a ## _ ## b ## _ ## c ## _...'
Hazel-master,../repos/Hazel-master/Hazel/vendor/mono/include/mono/metadata/icall-signatures.h,"(282, 82)-(282, 84)",b'mono_icall_sig_ ## a ## _ ## b ## _ ## c ## _...'
Hazel-master,../repos/Hazel-master/Hazel/vendor/mono/include/mono/metadata/icall-signatures.h,"(282, 87)-(282, 89)",b'mono_icall_sig_ ## a ## _ ## b ## _ ## c ## _...'
Hazel-master,../repos/Hazel-master/Hazel/vendor/mono/include/mono/metadata/icall-signatures.h,"(282, 92)-(282, 94)",b'mono_icall_sig_ ## a ## _ ## b ## _ ## c ## _...'
Hazel-master,../repos/Hazel-master/Hazel/vendor/mono/include/mono/metadata/icall-signatures.h,"(282, 97)-(282, 99)",b'mono_icall_sig_ ## a ## _ ## b ## _ ## c ## _...'
Hazel-master,../repos/Hazel-master/Hazel/vendor/mono/include/mono/metadata/icall-signatures.h,"(282, 102)-(282, 104)",b'mono_icall_sig_ ## a ## _ ## b ## _ ## c ## _...'
Hazel-master,../repos/Hazel-master/Hazel/vendor/mono/include/mono/metadata/icall-signatures.h,"(282, 107)-(282, 109)",b'mono_icall_sig_ ## a ## _ ## b ## _ ## c ## _...'
Hazel-master,../repos/Hazel-master/Hazel/vendor/mono/include/mono/metadata/icall-signatures.h,"(282, 112)-(282, 114)",b'mono_icall_sig_ ## a ## _ ## b ## _ ## c ## _...'
Hazel-master,../repos/Hazel-master/Hazel/vendor/mono/include/mono/metadata/icall-signatures.h,"(283, 64)-(283, 66)",b'mono_icall_sig_ ## a ## _ ## b ## _ ## c ## _...'
Hazel-master,../repos/Hazel-master/Hazel/vendor/mono/include/mono/metadata/icall-signatures.h,"(283, 69)-(283, 71)",b'mono_icall_sig_ ## a ## _ ## b ## _ ## c ## _...'
Hazel-master,../repos/Hazel-master/Hazel/vendor/mono/include/mono/metadata/icall-signatures.h,"(283, 74)-(283, 76)",b'mono_icall_sig_ ## a ## _ ## b ## _ ## c ## _...'
Hazel-master,../repos/Hazel-master/Hazel/vendor/mono/include/mono/metadata/icall-signatures.h,"(283, 79)-(283, 81)",b'mono_icall_sig_ ## a ## _ ## b ## _ ## c ## _...'
Hazel-master,../repos/Hazel-master/Hazel/vendor/mono/include/mono/metadata/icall-signatures.h,"(283, 84)-(283, 86)",b'mono_icall_sig_ ## a ## _ ## b ## _ ## c ## _...'
Hazel-master,../repos/Hazel-master/Hazel/vendor/mono/include/mono/metadata/icall-signatures.h,"(283, 89)-(283, 91)",b'mono_icall_sig_ ## a ## _ ## b ## _ ## c ## _...'
Hazel-master,../repos/Hazel-master/Hazel/vendor/mono/include/mono/metadata/icall-signatures.h,"(283, 94)-(283, 96)",b'mono_icall_sig_ ## a ## _ ## b ## _ ## c ## _...'
Hazel-master,../repos/Hazel-master/Hazel/vendor/mono/include/mono/metadata/icall-signatures.h,"(283, 99)-(283, 101)",b'mono_icall_sig_ ## a ## _ ## b ## _ ## c ## _...'
Hazel-master,../repos/Hazel-master/Hazel/vendor/mono/include/mono/metadata/icall-signatures.h,"(283, 104)-(283, 106)",b'mono_icall_sig_ ## a ## _ ## b ## _ ## c ## _...'
Hazel-master,../repos/Hazel-master/Hazel/vendor/mono/include/mono/metadata/icall-signatures.h,"(283, 109)-(283, 111)",b'mono_icall_sig_ ## a ## _ ## b ## _ ## c ## _...'
Hazel-master,../repos/Hazel-master/Hazel/vendor/mono/include/mono/metadata/icall-signatures.h,"(283, 114)-(283, 116)",b'mono_icall_sig_ ## a ## _ ## b ## _ ## c ## _...'
Hazel-master,../repos/Hazel-master/Hazel/vendor/mono/include/mono/metadata/icall-signatures.h,"(283, 119)-(283, 121)",b'mono_icall_sig_ ## a ## _ ## b ## _ ## c ## _...'
Hazel-master,../repos/Hazel-master/Hazel/vendor/mono/include/mono/metadata/icall-signatures.h,"(283, 124)-(283, 126)",b'mono_icall_sig_ ## a ## _ ## b ## _ ## c ## _...'
Hazel-master,../repos/Hazel-master/Hazel/vendor/mono/include/mono/metadata/icall-signatures.h,"(284, 66)-(284, 68)",b'mono_icall_sig_ ## a ## _ ## b ## _ ## c ## _...'
Hazel-master,../repos/Hazel-master/Hazel/vendor/mono/include/mono/metadata/icall-signatures.h,"(284, 71)-(284, 73)",b'mono_icall_sig_ ## a ## _ ## b ## _ ## c ## _...'
Hazel-master,../repos/Hazel-master/Hazel/vendor/mono/include/mono/metadata/icall-signatures.h,"(284, 76)-(284, 78)",b'mono_icall_sig_ ## a ## _ ## b ## _ ## c ## _...'
Hazel-master,../repos/Hazel-master/Hazel/vendor/mono/include/mono/metadata/icall-signatures.h,"(284, 81)-(284, 83)",b'mono_icall_sig_ ## a ## _ ## b ## _ ## c ## _...'
Hazel-master,../repos/Hazel-master/Hazel/vendor/mono/include/mono/metadata/icall-signatures.h,"(284, 86)-(284, 88)",b'mono_icall_sig_ ## a ## _ ## b ## _ ## c ## _...'
Hazel-master,../repos/Hazel-master/Hazel/vendor/mono/include/mono/metadata/icall-signatures.h,"(284, 91)-(284, 93)",b'mono_icall_sig_ ## a ## _ ## b ## _ ## c ## _...'
Hazel-master,../repos/Hazel-master/Hazel/vendor/mono/include/mono/metadata/icall-signatures.h,"(284, 96)-(284, 98)",b'mono_icall_sig_ ## a ## _ ## b ## _ ## c ## _...'
Hazel-master,../repos/Hazel-master/Hazel/vendor/mono/include/mono/metadata/icall-signatures.h,"(284, 101)-(284, 103)",b'mono_icall_sig_ ## a ## _ ## b ## _ ## c ## _...'
Hazel-master,../repos/Hazel-master/Hazel/vendor/mono/include/mono/metadata/icall-signatures.h,"(284, 106)-(284, 108)",b'mono_icall_sig_ ## a ## _ ## b ## _ ## c ## _...'
Hazel-master,../repos/Hazel-master/Hazel/vendor/mono/include/mono/metadata/icall-signatures.h,"(284, 111)-(284, 113)",b'mono_icall_sig_ ## a ## _ ## b ## _ ## c ## _...'
Hazel-master,../repos/Hazel-master/Hazel/vendor/mono/include/mono/metadata/icall-signatures.h,"(284, 116)-(284, 118)",b'mono_icall_sig_ ## a ## _ ## b ## _ ## c ## _...'
Hazel-master,../repos/Hazel-master/Hazel/vendor/mono/include/mono/metadata/icall-signatures.h,"(284, 121)-(284, 123)",b'mono_icall_sig_ ## a ## _ ## b ## _ ## c ## _...'
Hazel-master,../repos/Hazel-master/Hazel/vendor/mono/include/mono/metadata/icall-signatures.h,"(284, 126)-(284, 128)",b'mono_icall_sig_ ## a ## _ ## b ## _ ## c ## _...'
Hazel-master,../repos/Hazel-master/Hazel/vendor/mono/include/mono/metadata/icall-signatures.h,"(284, 131)-(284, 133)",b'mono_icall_sig_ ## a ## _ ## b ## _ ## c ## _...'
Hazel-master,../repos/Hazel-master/Hazel/vendor/mono/include/mono/metadata/icall-signatures.h,"(284, 136)-(284, 138)",b'mono_icall_sig_ ## a ## _ ## b ## _ ## c ## _...'
Hazel-master,../repos/Hazel-master/Hazel/vendor/mono/include/mono/metadata/icall-signatures.h,"(286, 50)-(286, 52)",b'ICALL_SIG_NAME_ ## n types'
Hazel-master,../repos/Hazel-master/Hazel/vendor/mono/include/mono/metadata/icall-table.h,"(253, 58)-(253, 60)",b'macro_prefix ## type'
Hazel-master,../repos/Hazel-master/Hazel/vendor/mono/include/mono/metadata/icall-table.h,"(255, 99)-(255, 101)","b'MONO_HANDLE_DO2 (macro_prefix, MONO_HANDLE_TY...'"
Hazel-master,../repos/Hazel-master/Hazel/vendor/mono/include/mono/metadata/icall-table.h,"(260, 70)-(260, 72)",b'type ## Handle icall_result ='
Hazel-master,../repos/Hazel-master/Hazel/vendor/mono/include/mono/metadata/icall-table.h,"(269, 69)-(269, 71)",b'a ## n'
Hazel-master,../repos/Hazel-master/Hazel/vendor/mono/include/mono/metadata/icall-table.h,"(270, 69)-(270, 71)",b'*(type ## Handle*)&a ## n'
Hazel-master,../repos/Hazel-master/Hazel/vendor/mono/include/mono/metadata/icall-table.h,"(270, 83)-(270, 85)",b'*(type ## Handle*)&a ## n'
Hazel-master,../repos/Hazel-master/Hazel/vendor/mono/include/mono/metadata/icall-table.h,"(271, 73)-(271, 75)",b'*(type ## Handle*)&a ## n'
Hazel-master,../repos/Hazel-master/Hazel/vendor/mono/include/mono/metadata/icall-table.h,"(271, 87)-(271, 89)",b'*(type ## Handle*)&a ## n'
Hazel-master,../repos/Hazel-master/Hazel/vendor/mono/include/mono/metadata/icall-table.h,"(272, 74)-(272, 76)",b'*(type ## Handle*)&a ## n'
Hazel-master,../repos/Hazel-master/Hazel/vendor/mono/include/mono/metadata/icall-table.h,"(272, 88)-(272, 90)",b'*(type ## Handle*)&a ## n'
Hazel-master,../repos/Hazel-master/Hazel/vendor/mono/include/mono/metadata/icall-table.h,"(273, 73)-(273, 75)",b'a ## n'
Hazel-master,../repos/Hazel-master/Hazel/vendor/mono/include/mono/metadata/icall-table.h,"(278, 81)-(278, 83)",b'type ## Handle a ## n = MONO_HANDLE_NEW (type...'
Hazel-master,../repos/Hazel-master/Hazel/vendor/mono/include/mono/metadata/icall-table.h,"(278, 93)-(278, 95)",b'type ## Handle a ## n = MONO_HANDLE_NEW (type...'
Hazel-master,../repos/Hazel-master/Hazel/vendor/mono/include/mono/metadata/icall-table.h,"(278, 125)-(278, 127)",b'type ## Handle a ## n = MONO_HANDLE_NEW (type...'
Hazel-master,../repos/Hazel-master/Hazel/vendor/mono/include/mono/metadata/icall-table.h,"(278, 130)-(278, 132)",b'type ## Handle a ## n = MONO_HANDLE_NEW (type...'
Hazel-master,../repos/Hazel-master/Hazel/vendor/mono/include/mono/metadata/icall-table.h,"(279, 116)-(279, 118)",b'unused_untested_looks_correct1 type ## Handle...'
Hazel-master,../repos/Hazel-master/Hazel/vendor/mono/include/mono/metadata/icall-table.h,"(279, 128)-(279, 130)",b'unused_untested_looks_correct1 type ## Handle...'
Hazel-master,../repos/Hazel-master/Hazel/vendor/mono/include/mono/metadata/icall-table.h,"(280, 118)-(280, 120)",b'unused_untested_looks_correct2 type ## Handle...'
Hazel-master,../repos/Hazel-master/Hazel/vendor/mono/include/mono/metadata/icall-table.h,"(280, 130)-(280, 132)",b'unused_untested_looks_correct2 type ## Handle...'
Hazel-master,../repos/Hazel-master/Hazel/vendor/mono/include/mono/metadata/icall-table.h,"(280, 163)-(280, 165)",b'unused_untested_looks_correct2 type ## Handle...'
Hazel-master,../repos/Hazel-master/Hazel/vendor/mono/include/mono/metadata/icall-table.h,"(280, 168)-(280, 170)",b'unused_untested_looks_correct2 type ## Handle...'
Hazel-master,../repos/Hazel-master/Hazel/vendor/mono/include/mono/metadata/icall-table.h,"(281, 194)-(281, 196)",b'FIXME restore mono_icall_handle_new_interior ...'
Hazel-master,../repos/Hazel-master/Hazel/vendor/mono/include/mono/metadata/icall-table.h,"(281, 206)-(281, 208)",b'FIXME restore mono_icall_handle_new_interior ...'
Hazel-master,../repos/Hazel-master/Hazel/vendor/mono/include/mono/metadata/icall-table.h,"(281, 247)-(281, 249)",b'FIXME restore mono_icall_handle_new_interior ...'
Hazel-master,../repos/Hazel-master/Hazel/vendor/mono/include/mono/metadata/icall-table.h,"(281, 252)-(281, 254)",b'FIXME restore mono_icall_handle_new_interior ...'
Hazel-master,../repos/Hazel-master/Hazel/vendor/mono/include/mono/metadata/icall-table.h,"(299, 110)-(299, 112)",b'unused_untested_looks_correct3 *a ## n ## _ra...'
Hazel-master,../repos/Hazel-master/Hazel/vendor/mono/include/mono/metadata/icall-table.h,"(299, 115)-(299, 117)",b'unused_untested_looks_correct3 *a ## n ## _ra...'
Hazel-master,../repos/Hazel-master/Hazel/vendor/mono/include/mono/metadata/icall-table.h,"(299, 144)-(299, 146)",b'unused_untested_looks_correct3 *a ## n ## _ra...'
Hazel-master,../repos/Hazel-master/Hazel/vendor/mono/include/mono/metadata/icall-table.h,"(300, 104)-(300, 106)",b'unused_untested_looks_correct4 *a ## n ## _ra...'
Hazel-master,../repos/Hazel-master/Hazel/vendor/mono/include/mono/metadata/icall-table.h,"(300, 109)-(300, 111)",b'unused_untested_looks_correct4 *a ## n ## _ra...'
Hazel-master,../repos/Hazel-master/Hazel/vendor/mono/include/mono/metadata/icall-table.h,"(300, 138)-(300, 140)",b'unused_untested_looks_correct4 *a ## n ## _ra...'
Hazel-master,../repos/Hazel-master/Hazel/vendor/mono/include/mono/metadata/icall-table.h,"(318, 67)-(318, 69)",b'type ## Handle'
Hazel-master,../repos/Hazel-master/Hazel/vendor/mono/include/mono/metadata/icall-table.h,"(319, 71)-(319, 73)",b'type ## Handle'
Hazel-master,../repos/Hazel-master/Hazel/vendor/mono/include/mono/metadata/icall-table.h,"(320, 72)-(320, 74)",b'type ## Handle'
Hazel-master,../repos/Hazel-master/Hazel/vendor/mono/include/mono/metadata/icall-table.h,"(344, 105)-(344, 107)",b'MONO_HANDLE_TYPE_RAWHANDLE (type) a ## n'
Hazel-master,../repos/Hazel-master/Hazel/vendor/mono/include/mono/metadata/icall-table.h,"(345, 104)-(345, 106)",b'MONO_HANDLE_TYPE_RAWHANDLE (type) a ## n'
Hazel-master,../repos/Hazel-master/Hazel/vendor/mono/include/mono/metadata/icall-table.h,"(346, 108)-(346, 110)",b'MONO_HANDLE_TYPE_RAWHANDLE (type) a ## n'
Hazel-master,../repos/Hazel-master/Hazel/vendor/mono/include/mono/metadata/icall-table.h,"(347, 109)-(347, 111)",b'MONO_HANDLE_TYPE_RAWHANDLE (type) a ## n'
Hazel-master,../repos/Hazel-master/Hazel/vendor/mono/include/mono/metadata/icall-table.h,"(348, 113)-(348, 115)",b'MONO_HANDLE_TYPE_RAWHANDLE (type) a ## n'
Hazel-master,../repos/Hazel-master/Hazel/vendor/mono/include/mono/metadata/icall-table.h,"(352, 107)-(352, 109)",b'MONO_HANDLE_TYPE_RAWPOINTER (type) a ## n'
Hazel-master,../repos/Hazel-master/Hazel/vendor/mono/include/mono/metadata/icall-table.h,"(353, 106)-(353, 108)",b'MONO_HANDLE_TYPE_RAWPOINTER (type) a ## n ## _raw'
Hazel-master,../repos/Hazel-master/Hazel/vendor/mono/include/mono/metadata/icall-table.h,"(353, 111)-(353, 113)",b'MONO_HANDLE_TYPE_RAWPOINTER (type) a ## n ## _raw'
Hazel-master,../repos/Hazel-master/Hazel/vendor/mono/include/mono/metadata/icall-table.h,"(354, 141)-(354, 143)",b'unused_untested_looks_correct5 MONO_HANDLE_TY...'
Hazel-master,../repos/Hazel-master/Hazel/vendor/mono/include/mono/metadata/icall-table.h,"(354, 146)-(354, 148)",b'unused_untested_looks_correct5 MONO_HANDLE_TY...'
Hazel-master,../repos/Hazel-master/Hazel/vendor/mono/include/mono/metadata/icall-table.h,"(355, 142)-(355, 144)",b'unused_untested_looks_correct6 MONO_HANDLE_TY...'
Hazel-master,../repos/Hazel-master/Hazel/vendor/mono/include/mono/metadata/icall-table.h,"(355, 147)-(355, 149)",b'unused_untested_looks_correct6 MONO_HANDLE_TY...'
Hazel-master,../repos/Hazel-master/Hazel/vendor/mono/include/mono/metadata/icall-table.h,"(356, 123)-(356, 125)",b'FIXME //MONO_HANDLE_TYPE_RAWPOINTER (type) a ## n'
Hazel-master,../repos/Hazel-master/Hazel/vendor/mono/include/mono/metadata/icall-table.h,"(434, 78)-(434, 80)",b'MONO_HANDLE_TYPE_TYPED (rettype)\t\t\t\t\t\\\nfunc (...'
Hazel-master,../repos/Hazel-master/Hazel/vendor/mono/include/mono/metadata/icall-table.h,"(434, 111)-(434, 113)",b'MONO_HANDLE_TYPE_TYPED (rettype)\t\t\t\t\t\\\nfunc (...'
Hazel-master,../repos/Hazel-master/Hazel/vendor/mono/include/mono/metadata/icall-table.h,"(439, 62)-(439, 64)",b'ICALL_EXPORT MONO_HANDLE_TYPE_RAWPOINTER (ret...'
Hazel-master,../repos/Hazel-master/Hazel/vendor/mono/include/mono/metadata/icall-table.h,"(439, 101)-(439, 103)",b'ICALL_EXPORT MONO_HANDLE_TYPE_RAWPOINTER (ret...'
Hazel-master,../repos/Hazel-master/Hazel/vendor/mono/include/mono/metadata/icall-table.h,"(448, 247)-(448, 249)","b'MONO_HANDLE_DECLARE_RAW (id, name, func, rett...'"
Hazel-master,../repos/Hazel-master/Hazel/vendor/mono/include/mono/metadata/icall-table.h,"(448, 280)-(448, 282)","b'MONO_HANDLE_DECLARE_RAW (id, name, func, rett...'"
Hazel-master,../repos/Hazel-master/Hazel/vendor/mono/include/mono/metadata/icall-table.h,"(465, 100)-(465, 102)",b'ICALL_EXPORT MONO_HANDLE_TYPE_RAWPOINTER (ret...'
Hazel-master,../repos/Hazel-master/Hazel/vendor/mono/include/mono/metadata/icall-table.h,"(486, 208)-(486, 210)","b'MONO_HANDLE_REGISTER_ICALL_DECLARE_RAW (func,...'"
Hazel-master,../repos/Hazel-master/Hazel/vendor/mono/include/mono/metadata/icall-table.h,"(486, 298)-(486, 300)","b'MONO_HANDLE_REGISTER_ICALL_DECLARE_RAW (func,...'"
Hazel-master,../repos/Hazel-master/Hazel/vendor/mono/include/mono/metadata/icall-table.h,"(486, 341)-(486, 343)","b'MONO_HANDLE_REGISTER_ICALL_DECLARE_RAW (func,...'"
Hazel-master,../repos/Hazel-master/Hazel/vendor/mono/include/mono/metadata/icall-table.h,"(486, 403)-(486, 405)","b'MONO_HANDLE_REGISTER_ICALL_DECLARE_RAW (func,...'"
Hazel-master,../repos/Hazel-master/Hazel/vendor/mono/include/mono/metadata/jit-icall-reg.h,"(348, 43)-(348, 45)","b'MONO_JIT_ICALL_ ## x,'"
Hazel-master,../repos/Hazel-master/Hazel/vendor/mono/include/mono/metadata/method-builder-ilgen.h,"(62, 84)-(62, 86)","b'(mono_mb_emit_icall_id ((mb), MONO_JIT_ICALL_...'"
Hazel-master,../repos/Hazel-master/Hazel/vendor/mono/include/mono/metadata/object-internals.h,"(117, 103)-(117, 105)",b'(mono_array_class_get_cached_function ((eclas...'
Hazel-master,../repos/Hazel-master/Hazel/vendor/mono/include/mono/metadata/opcodes.h,"(24, 8)-(24, 10)","b'MONO_ ## a,'"
Hazel-master,../repos/Hazel-master/Hazel/vendor/mono/include/mono/metadata/profiler-private.h,"(25, 25)-(25, 27)",b'volatile gpointer name ## _cb;'
Hazel-master,../repos/Hazel-master/Hazel/vendor/mono/include/mono/metadata/profiler-private.h,"(75, 23)-(75, 25)",b'volatile gint32 name ## _count;'
Hazel-master,../repos/Hazel-master/Hazel/vendor/mono/include/mono/metadata/profiler-private.h,"(163, 41)-(163, 43)",b'ICALL_EXPORT void mono_profiler_raise_ ## nam...'
Hazel-master,../repos/Hazel-master/Hazel/vendor/mono/include/mono/metadata/profiler-private.h,"(188, 39)-(188, 41)",b'G_UNLIKELY (mono_profiler_state.name ## _count)'
Hazel-master,../repos/Hazel-master/Hazel/vendor/mono/include/mono/metadata/profiler-private.h,"(191, 71)-(191, 73)",b'do { \\\n\t\tif (MONO_PROFILER_ENABLED (name)) \\\n...'
Hazel-master,../repos/Hazel-master/Hazel/vendor/mono/include/mono/metadata/profiler.h,"(202, 30)-(202, 32)",b'typedef void (*MonoProfiler ## type ## Callba...'
Hazel-master,../repos/Hazel-master/Hazel/vendor/mono/include/mono/metadata/profiler.h,"(202, 38)-(202, 40)",b'typedef void (*MonoProfiler ## type ## Callba...'
Hazel-master,../repos/Hazel-master/Hazel/vendor/mono/include/mono/metadata/profiler.h,"(225, 35)-(225, 37)",b'MONO_API void mono_profiler_set_ ## name ## _...'
Hazel-master,../repos/Hazel-master/Hazel/vendor/mono/include/mono/metadata/profiler.h,"(225, 43)-(225, 45)",b'MONO_API void mono_profiler_set_ ## name ## _...'
Hazel-master,../repos/Hazel-master/Hazel/vendor/mono/include/mono/metadata/profiler.h,"(225, 97)-(225, 99)",b'MONO_API void mono_profiler_set_ ## name ## _...'
Hazel-master,../repos/Hazel-master/Hazel/vendor/mono/include/mono/metadata/profiler.h,"(225, 105)-(225, 107)",b'MONO_API void mono_profiler_set_ ## name ## _...'
Hazel-master,../repos/Hazel-master/Hazel/vendor/mono/include/mono/metadata/threads-types.h,"(330, 48)-(330, 50)",b'L ## x'
Hazel-master,../repos/Hazel-master/Hazel/vendor/stb_image/stb_image.h,"(2359, 17)-(2359, 19)","b'__m128i c0##lo = _mm_unpacklo_epi16((x),(y));...'"
Hazel-master,../repos/Hazel-master/Hazel/vendor/stb_image/stb_image.h,"(2359, 71)-(2359, 73)","b'__m128i c0##lo = _mm_unpacklo_epi16((x),(y));...'"
Hazel-master,../repos/Hazel-master/Hazel/vendor/stb_image/stb_image.h,"(2359, 127)-(2359, 129)","b'__m128i c0##lo = _mm_unpacklo_epi16((x),(y));...'"
Hazel-master,../repos/Hazel-master/Hazel/vendor/stb_image/stb_image.h,"(2359, 151)-(2359, 153)","b'__m128i c0##lo = _mm_unpacklo_epi16((x),(y));...'"
Hazel-master,../repos/Hazel-master/Hazel/vendor/stb_image/stb_image.h,"(2359, 182)-(2359, 184)","b'__m128i c0##lo = _mm_unpacklo_epi16((x),(y));...'"
Hazel-master,../repos/Hazel-master/Hazel/vendor/stb_image/stb_image.h,"(2359, 206)-(2359, 208)","b'__m128i c0##lo = _mm_unpacklo_epi16((x),(y));...'"
Hazel-master,../repos/Hazel-master/Hazel/vendor/stb_image/stb_image.h,"(2359, 237)-(2359, 239)","b'__m128i c0##lo = _mm_unpacklo_epi16((x),(y));...'"
Hazel-master,../repos/Hazel-master/Hazel/vendor/stb_image/stb_image.h,"(2359, 261)-(2359, 263)","b'__m128i c0##lo = _mm_unpacklo_epi16((x),(y));...'"
Hazel-master,../repos/Hazel-master/Hazel/vendor/stb_image/stb_image.h,"(2359, 292)-(2359, 294)","b'__m128i c0##lo = _mm_unpacklo_epi16((x),(y));...'"
Hazel-master,../repos/Hazel-master/Hazel/vendor/stb_image/stb_image.h,"(2359, 316)-(2359, 318)","b'__m128i c0##lo = _mm_unpacklo_epi16((x),(y));...'"
Hazel-master,../repos/Hazel-master/Hazel/vendor/stb_image/stb_image.h,"(2368, 18)-(2368, 20)",b'__m128i out##_l = _mm_srai_epi32(_mm_unpacklo...'
Hazel-master,../repos/Hazel-master/Hazel/vendor/stb_image/stb_image.h,"(2368, 110)-(2368, 112)",b'__m128i out##_l = _mm_srai_epi32(_mm_unpacklo...'
Hazel-master,../repos/Hazel-master/Hazel/vendor/stb_image/stb_image.h,"(2373, 18)-(2373, 20)","b'__m128i out##_l = _mm_add_epi32(a##_l, b##_l)...'"
Hazel-master,../repos/Hazel-master/Hazel/vendor/stb_image/stb_image.h,"(2373, 40)-(2373, 42)","b'__m128i out##_l = _mm_add_epi32(a##_l, b##_l)...'"
Hazel-master,../repos/Hazel-master/Hazel/vendor/stb_image/stb_image.h,"(2373, 47)-(2373, 49)","b'__m128i out##_l = _mm_add_epi32(a##_l, b##_l)...'"
Hazel-master,../repos/Hazel-master/Hazel/vendor/stb_image/stb_image.h,"(2373, 73)-(2373, 75)","b'__m128i out##_l = _mm_add_epi32(a##_l, b##_l)...'"
Hazel-master,../repos/Hazel-master/Hazel/vendor/stb_image/stb_image.h,"(2373, 95)-(2373, 97)","b'__m128i out##_l = _mm_add_epi32(a##_l, b##_l)...'"
Hazel-master,../repos/Hazel-master/Hazel/vendor/stb_image/stb_image.h,"(2373, 102)-(2373, 104)","b'__m128i out##_l = _mm_add_epi32(a##_l, b##_l)...'"
Hazel-master,../repos/Hazel-master/Hazel/vendor/stb_image/stb_image.h,"(2378, 18)-(2378, 20)","b'__m128i out##_l = _mm_sub_epi32(a##_l, b##_l)...'"
Hazel-master,../repos/Hazel-master/Hazel/vendor/stb_image/stb_image.h,"(2378, 40)-(2378, 42)","b'__m128i out##_l = _mm_sub_epi32(a##_l, b##_l)...'"
Hazel-master,../repos/Hazel-master/Hazel/vendor/stb_image/stb_image.h,"(2378, 47)-(2378, 49)","b'__m128i out##_l = _mm_sub_epi32(a##_l, b##_l)...'"
Hazel-master,../repos/Hazel-master/Hazel/vendor/stb_image/stb_image.h,"(2378, 73)-(2378, 75)","b'__m128i out##_l = _mm_sub_epi32(a##_l, b##_l)...'"
Hazel-master,../repos/Hazel-master/Hazel/vendor/stb_image/stb_image.h,"(2378, 95)-(2378, 97)","b'__m128i out##_l = _mm_sub_epi32(a##_l, b##_l)...'"
Hazel-master,../repos/Hazel-master/Hazel/vendor/stb_image/stb_image.h,"(2378, 102)-(2378, 104)","b'__m128i out##_l = _mm_sub_epi32(a##_l, b##_l)...'"
Hazel-master,../repos/Hazel-master/Hazel/vendor/stb_image/stb_image.h,"(2383, 55)-(2383, 57)",b'{ \\\n         __m128i abiased_l = _mm_add_epi3...'
Hazel-master,../repos/Hazel-master/Hazel/vendor/stb_image/stb_image.h,"(2383, 114)-(2383, 116)",b'{ \\\n         __m128i abiased_l = _mm_add_epi3...'
Hazel-master,../repos/Hazel-master/Hazel/vendor/stb_image/stb_image.h,"(2546, 17)-(2546, 19)",b'int32x4_t out##_l = vmull_s16(vget_low_s16(in...'
Hazel-master,../repos/Hazel-master/Hazel/vendor/stb_image/stb_image.h,"(2546, 79)-(2546, 81)",b'int32x4_t out##_l = vmull_s16(vget_low_s16(in...'
Hazel-master,../repos/Hazel-master/Hazel/vendor/stb_image/stb_image.h,"(2550, 17)-(2550, 19)","b'int32x4_t out##_l = vmlal_s16(acc##_l, vget_l...'"
Hazel-master,../repos/Hazel-master/Hazel/vendor/stb_image/stb_image.h,"(2550, 37)-(2550, 39)","b'int32x4_t out##_l = vmlal_s16(acc##_l, vget_l...'"
Hazel-master,../repos/Hazel-master/Hazel/vendor/stb_image/stb_image.h,"(2550, 88)-(2550, 90)","b'int32x4_t out##_l = vmlal_s16(acc##_l, vget_l...'"
Hazel-master,../repos/Hazel-master/Hazel/vendor/stb_image/stb_image.h,"(2550, 108)-(2550, 110)","b'int32x4_t out##_l = vmlal_s16(acc##_l, vget_l...'"
Hazel-master,../repos/Hazel-master/Hazel/vendor/stb_image/stb_image.h,"(2554, 17)-(2554, 19)",b'int32x4_t out##_l = vshll_n_s16(vget_low_s16(...'
Hazel-master,../repos/Hazel-master/Hazel/vendor/stb_image/stb_image.h,"(2554, 78)-(2554, 80)",b'int32x4_t out##_l = vshll_n_s16(vget_low_s16(...'
Hazel-master,../repos/Hazel-master/Hazel/vendor/stb_image/stb_image.h,"(2559, 17)-(2559, 19)","b'int32x4_t out##_l = vaddq_s32(a##_l, b##_l); ...'"
Hazel-master,../repos/Hazel-master/Hazel/vendor/stb_image/stb_image.h,"(2559, 35)-(2559, 37)","b'int32x4_t out##_l = vaddq_s32(a##_l, b##_l); ...'"
Hazel-master,../repos/Hazel-master/Hazel/vendor/stb_image/stb_image.h,"(2559, 42)-(2559, 44)","b'int32x4_t out##_l = vaddq_s32(a##_l, b##_l); ...'"
Hazel-master,../repos/Hazel-master/Hazel/vendor/stb_image/stb_image.h,"(2559, 67)-(2559, 69)","b'int32x4_t out##_l = vaddq_s32(a##_l, b##_l); ...'"
Hazel-master,../repos/Hazel-master/Hazel/vendor/stb_image/stb_image.h,"(2559, 85)-(2559, 87)","b'int32x4_t out##_l = vaddq_s32(a##_l, b##_l); ...'"
Hazel-master,../repos/Hazel-master/Hazel/vendor/stb_image/stb_image.h,"(2559, 92)-(2559, 94)","b'int32x4_t out##_l = vaddq_s32(a##_l, b##_l); ...'"
Hazel-master,../repos/Hazel-master/Hazel/vendor/stb_image/stb_image.h,"(2564, 17)-(2564, 19)","b'int32x4_t out##_l = vsubq_s32(a##_l, b##_l); ...'"
Hazel-master,../repos/Hazel-master/Hazel/vendor/stb_image/stb_image.h,"(2564, 35)-(2564, 37)","b'int32x4_t out##_l = vsubq_s32(a##_l, b##_l); ...'"
Hazel-master,../repos/Hazel-master/Hazel/vendor/stb_image/stb_image.h,"(2564, 42)-(2564, 44)","b'int32x4_t out##_l = vsubq_s32(a##_l, b##_l); ...'"
Hazel-master,../repos/Hazel-master/Hazel/vendor/stb_image/stb_image.h,"(2564, 67)-(2564, 69)","b'int32x4_t out##_l = vsubq_s32(a##_l, b##_l); ...'"
Hazel-master,../repos/Hazel-master/Hazel/vendor/stb_image/stb_image.h,"(2564, 85)-(2564, 87)","b'int32x4_t out##_l = vsubq_s32(a##_l, b##_l); ...'"
Hazel-master,../repos/Hazel-master/Hazel/vendor/stb_image/stb_image.h,"(2564, 92)-(2564, 94)","b'int32x4_t out##_l = vsubq_s32(a##_l, b##_l); ...'"
