Repo name,File name,Location,Content
Hazel-master,../repos/Hazel-master/Hazel/vendor/entt/include/entt.hpp,"(168, 5)-(168, 19)",b'decltype(auto)'
Hazel-master,../repos/Hazel-master/Hazel/vendor/entt/include/entt.hpp,"(174, 5)-(174, 19)",b'decltype(auto)'
Hazel-master,../repos/Hazel-master/Hazel/vendor/entt/include/entt.hpp,"(926, 41)-(926, 76)",b'decltype(type_index<Type>::value())'
Hazel-master,../repos/Hazel-master/Hazel/vendor/entt/include/entt.hpp,"(989, 50)-(989, 65)",b'decltype(Value)'
Hazel-master,../repos/Hazel-master/Hazel/vendor/entt/include/entt.hpp,"(1147, 49)-(1147, 103)",b'decltype(std::declval<Type>() == std::declval...'
Hazel-master,../repos/Hazel-master/Hazel/vendor/entt/include/entt.hpp,"(1177, 40)-(1177, 79)",b'decltype(clazz(std::declval<Member>()))'
Hazel-master,../repos/Hazel-master/Hazel/vendor/entt/include/entt.hpp,"(1470, 5)-(1470, 19)",b'decltype(auto)'
Hazel-master,../repos/Hazel-master/Hazel/vendor/entt/include/entt.hpp,"(1476, 5)-(1476, 19)",b'decltype(auto)'
Hazel-master,../repos/Hazel-master/Hazel/vendor/entt/include/entt.hpp,"(2016, 41)-(2016, 76)",b'decltype(type_index<Type>::value())'
Hazel-master,../repos/Hazel-master/Hazel/vendor/entt/include/entt.hpp,"(2079, 50)-(2079, 65)",b'decltype(Value)'
Hazel-master,../repos/Hazel-master/Hazel/vendor/entt/include/entt.hpp,"(2237, 49)-(2237, 103)",b'decltype(std::declval<Type>() == std::declval...'
Hazel-master,../repos/Hazel-master/Hazel/vendor/entt/include/entt.hpp,"(2267, 40)-(2267, 79)",b'decltype(clazz(std::declval<Member>()))'
Hazel-master,../repos/Hazel-master/Hazel/vendor/entt/include/entt.hpp,"(2427, 28)-(2427, 89)",b'decltype(internal::function_pointer(std::decl...'
Hazel-master,../repos/Hazel-master/Hazel/vendor/entt/include/entt.hpp,"(2550, 49)-(2550, 68)",b'decltype(Candidate)'
Hazel-master,../repos/Hazel-master/Hazel/vendor/entt/include/entt.hpp,"(2554, 54)-(2554, 73)",b'decltype(Candidate)'
Hazel-master,../repos/Hazel-master/Hazel/vendor/entt/include/entt.hpp,"(2555, 138)-(2555, 157)",b'decltype(Candidate)'
Hazel-master,../repos/Hazel-master/Hazel/vendor/entt/include/entt.hpp,"(2557, 92)-(2557, 111)",b'decltype(Candidate)'
Hazel-master,../repos/Hazel-master/Hazel/vendor/entt/include/entt.hpp,"(2580, 49)-(2580, 68)",b'decltype(Candidate)'
Hazel-master,../repos/Hazel-master/Hazel/vendor/entt/include/entt.hpp,"(2586, 111)-(2586, 130)",b'decltype(Candidate)'
Hazel-master,../repos/Hazel-master/Hazel/vendor/entt/include/entt.hpp,"(2604, 49)-(2604, 68)",b'decltype(Candidate)'
Hazel-master,../repos/Hazel-master/Hazel/vendor/entt/include/entt.hpp,"(2610, 111)-(2610, 130)",b'decltype(Candidate)'
Hazel-master,../repos/Hazel-master/Hazel/vendor/entt/include/entt.hpp,"(2695, 64)-(2695, 83)",b'decltype(Candidate)'
Hazel-master,../repos/Hazel-master/Hazel/vendor/entt/include/entt.hpp,"(2705, 64)-(2705, 83)",b'decltype(Candidate)'
Hazel-master,../repos/Hazel-master/Hazel/vendor/entt/include/entt.hpp,"(3005, 68)-(3005, 96)",b'decltype(signal_type::calls)'
Hazel-master,../repos/Hazel-master/Hazel/vendor/entt/include/entt.hpp,"(4905, 52)-(4905, 75)",b'decltype(get<Weak>({}))'
Hazel-master,../repos/Hazel-master/Hazel/vendor/entt/include/entt.hpp,"(5125, 5)-(5125, 19)",b'decltype(auto)'
Hazel-master,../repos/Hazel-master/Hazel/vendor/entt/include/entt.hpp,"(5131, 31)-(5131, 59)",b'decltype(get<Component>({}))'
Hazel-master,../repos/Hazel-master/Hazel/vendor/entt/include/entt.hpp,"(5243, 43)-(5243, 71)",b'decltype(get<Component>({}))'
Hazel-master,../repos/Hazel-master/Hazel/vendor/entt/include/entt.hpp,"(5243, 142)-(5243, 170)",b'decltype(get<Component>({}))'
Hazel-master,../repos/Hazel-master/Hazel/vendor/entt/include/entt.hpp,"(5330, 32)-(5330, 86)",b'decltype(std::declval<pool_type<Component>>()...'
Hazel-master,../repos/Hazel-master/Hazel/vendor/entt/include/entt.hpp,"(5345, 52)-(5345, 77)",b'decltype(get<Strong>({}))'
Hazel-master,../repos/Hazel-master/Hazel/vendor/entt/include/entt.hpp,"(5345, 82)-(5345, 105)",b'decltype(get<Weak>({}))'
Hazel-master,../repos/Hazel-master/Hazel/vendor/entt/include/entt.hpp,"(5563, 5)-(5563, 19)",b'decltype(auto)'
Hazel-master,../repos/Hazel-master/Hazel/vendor/entt/include/entt.hpp,"(5569, 31)-(5569, 59)",b'decltype(get<Component>({}))'
Hazel-master,../repos/Hazel-master/Hazel/vendor/entt/include/entt.hpp,"(5695, 43)-(5695, 71)",b'decltype(get<Component>({}))'
Hazel-master,../repos/Hazel-master/Hazel/vendor/entt/include/entt.hpp,"(5695, 142)-(5695, 170)",b'decltype(get<Component>({}))'
Hazel-master,../repos/Hazel-master/Hazel/vendor/entt/include/entt.hpp,"(6229, 13)-(6229, 29)",b'decltype(length)'
Hazel-master,../repos/Hazel-master/Hazel/vendor/entt/include/entt.hpp,"(6334, 8)-(6334, 59)","b'decltype(typename Container::mapped_type{}, v...'"
Hazel-master,../repos/Hazel-master/Hazel/vendor/entt/include/entt.hpp,"(6339, 74)-(6339, 88)",b'decltype(pair)'
Hazel-master,../repos/Hazel-master/Hazel/vendor/entt/include/entt.hpp,"(6340, 55)-(6340, 69)",b'decltype(pair)'
Hazel-master,../repos/Hazel-master/Hazel/vendor/entt/include/entt.hpp,"(6357, 8)-(6357, 58)","b'decltype(typename Container::value_type{}, void())'"
Hazel-master,../repos/Hazel-master/Hazel/vendor/entt/include/entt.hpp,"(6446, 13)-(6446, 29)",b'decltype(length)'
Hazel-master,../repos/Hazel-master/Hazel/vendor/entt/include/entt.hpp,"(6672, 32)-(6672, 81)",b'decltype(std::declval<pool_type<Comp>>().begin())'
Hazel-master,../repos/Hazel-master/Hazel/vendor/entt/include/entt.hpp,"(6768, 5)-(6768, 19)",b'decltype(auto)'
Hazel-master,../repos/Hazel-master/Hazel/vendor/entt/include/entt.hpp,"(6785, 60)-(6785, 83)",b'decltype(get<Type>({}))'
Hazel-master,../repos/Hazel-master/Hazel/vendor/entt/include/entt.hpp,"(6795, 60)-(6795, 83)",b'decltype(get<Type>({}))'
Hazel-master,../repos/Hazel-master/Hazel/vendor/entt/include/entt.hpp,"(6993, 5)-(6993, 19)",b'decltype(auto)'
Hazel-master,../repos/Hazel-master/Hazel/vendor/entt/include/entt.hpp,"(7002, 31)-(7002, 54)",b'decltype(get<Comp>({}))'
Hazel-master,../repos/Hazel-master/Hazel/vendor/entt/include/entt.hpp,"(7313, 5)-(7313, 19)",b'decltype(auto)'
Hazel-master,../repos/Hazel-master/Hazel/vendor/entt/include/entt.hpp,"(7354, 52)-(7354, 69)",b'decltype(get({}))'
Hazel-master,../repos/Hazel-master/Hazel/vendor/entt/include/entt.hpp,"(7422, 9)-(7422, 23)",b'decltype(auto)'
Hazel-master,../repos/Hazel-master/Hazel/vendor/entt/include/entt.hpp,"(7459, 9)-(7459, 23)",b'decltype(auto)'
Hazel-master,../repos/Hazel-master/Hazel/vendor/entt/include/entt.hpp,"(7468, 9)-(7468, 23)",b'decltype(auto)'
Hazel-master,../repos/Hazel-master/Hazel/vendor/entt/include/entt.hpp,"(8002, 5)-(8002, 19)",b'decltype(auto)'
Hazel-master,../repos/Hazel-master/Hazel/vendor/entt/include/entt.hpp,"(8010, 5)-(8010, 19)",b'decltype(auto)'
Hazel-master,../repos/Hazel-master/Hazel/vendor/entt/include/entt.hpp,"(8090, 5)-(8090, 19)",b'decltype(auto)'
Hazel-master,../repos/Hazel-master/Hazel/vendor/entt/include/entt.hpp,"(8102, 5)-(8102, 19)",b'decltype(auto)'
Hazel-master,../repos/Hazel-master/Hazel/vendor/entt/include/entt.hpp,"(8134, 5)-(8134, 19)",b'decltype(auto)'
Hazel-master,../repos/Hazel-master/Hazel/vendor/entt/include/entt.hpp,"(8143, 8)-(8143, 57)","b'decltype((func(std::declval<Component &>()), ...)'"
Hazel-master,../repos/Hazel-master/Hazel/vendor/entt/include/entt.hpp,"(8169, 8)-(8169, 57)",b'decltype(std::enable_if_t<sizeof...(Args) != 0>()'
Hazel-master,../repos/Hazel-master/Hazel/vendor/entt/include/entt.hpp,"(8317, 5)-(8317, 19)",b'decltype(auto)'
Hazel-master,../repos/Hazel-master/Hazel/vendor/entt/include/entt.hpp,"(8329, 5)-(8329, 19)",b'decltype(auto)'
Hazel-master,../repos/Hazel-master/Hazel/vendor/entt/include/entt.hpp,"(8364, 5)-(8364, 19)",b'decltype(auto)'
Hazel-master,../repos/Hazel-master/Hazel/vendor/entt/include/entt.hpp,"(8373, 5)-(8373, 19)",b'decltype(auto)'
Hazel-master,../repos/Hazel-master/Hazel/vendor/entt/include/entt.hpp,"(9257, 5)-(9257, 19)",b'decltype(auto)'
Hazel-master,../repos/Hazel-master/Hazel/vendor/entt/include/entt.hpp,"(9286, 5)-(9286, 19)",b'decltype(auto)'
Hazel-master,../repos/Hazel-master/Hazel/vendor/entt/include/entt.hpp,"(9292, 5)-(9292, 19)",b'decltype(auto)'
Hazel-master,../repos/Hazel-master/Hazel/vendor/entt/include/entt.hpp,"(9486, 53)-(9486, 69)",b'decltype(Member)'
Hazel-master,../repos/Hazel-master/Hazel/vendor/entt/include/entt.hpp,"(9488, 67)-(9488, 83)",b'decltype(Member)'
Hazel-master,../repos/Hazel-master/Hazel/vendor/entt/include/entt.hpp,"(10704, 41)-(10704, 76)",b'decltype(type_index<Type>::value())'
Hazel-master,../repos/Hazel-master/Hazel/vendor/entt/include/entt.hpp,"(10767, 50)-(10767, 65)",b'decltype(Value)'
Hazel-master,../repos/Hazel-master/Hazel/vendor/entt/include/entt.hpp,"(10925, 49)-(10925, 103)",b'decltype(std::declval<Type>() == std::declval...'
Hazel-master,../repos/Hazel-master/Hazel/vendor/entt/include/entt.hpp,"(10955, 40)-(10955, 79)",b'decltype(clazz(std::declval<Member>()))'
Hazel-master,../repos/Hazel-master/Hazel/vendor/entt/include/entt.hpp,"(11074, 5)-(11074, 19)",b'decltype(auto)'
Hazel-master,../repos/Hazel-master/Hazel/vendor/entt/include/entt.hpp,"(11080, 5)-(11080, 19)",b'decltype(auto)'
Hazel-master,../repos/Hazel-master/Hazel/vendor/entt/include/entt.hpp,"(11265, 4)-(11265, 40)","b'decltype(find_if(op, node->*Member))'"
Hazel-master,../repos/Hazel-master/Hazel/vendor/entt/include/entt.hpp,"(11266, 5)-(11266, 41)","b'decltype(find_if(op, node->*Member))'"
Hazel-master,../repos/Hazel-master/Hazel/vendor/entt/include/entt.hpp,"(12791, 32)-(12791, 92)",b'decltype(to_meta_function_helper(std::declval...'
Hazel-master,../repos/Hazel-master/Hazel/vendor/entt/include/entt.hpp,"(12812, 87)-(12812, 101)",b'decltype(Data)'
Hazel-master,../repos/Hazel-master/Hazel/vendor/entt/include/entt.hpp,"(12812, 142)-(12812, 156)",b'decltype(Data)'
Hazel-master,../repos/Hazel-master/Hazel/vendor/entt/include/entt.hpp,"(12813, 56)-(12813, 70)",b'decltype(Data)'
Hazel-master,../repos/Hazel-master/Hazel/vendor/entt/include/entt.hpp,"(12814, 87)-(12814, 101)",b'decltype(Data)'
Hazel-master,../repos/Hazel-master/Hazel/vendor/entt/include/entt.hpp,"(12815, 47)-(12815, 61)",b'decltype(Data)'
Hazel-master,../repos/Hazel-master/Hazel/vendor/entt/include/entt.hpp,"(12823, 61)-(12823, 75)",b'decltype(Data)'
Hazel-master,../repos/Hazel-master/Hazel/vendor/entt/include/entt.hpp,"(12824, 72)-(12824, 108)",b'decltype(std::declval<Type>().*Data)'
Hazel-master,../repos/Hazel-master/Hazel/vendor/entt/include/entt.hpp,"(12825, 47)-(12825, 61)",b'decltype(Data)'
Hazel-master,../repos/Hazel-master/Hazel/vendor/entt/include/entt.hpp,"(12846, 45)-(12846, 59)",b'decltype(Data)'
Hazel-master,../repos/Hazel-master/Hazel/vendor/entt/include/entt.hpp,"(12847, 72)-(12847, 87)",b'decltype(*Data)'
Hazel-master,../repos/Hazel-master/Hazel/vendor/entt/include/entt.hpp,"(12877, 68)-(12877, 83)",b'decltype(value)'
Hazel-master,../repos/Hazel-master/Hazel/vendor/entt/include/entt.hpp,"(12879, 51)-(12879, 66)",b'decltype(value)'
Hazel-master,../repos/Hazel-master/Hazel/vendor/entt/include/entt.hpp,"(12882, 42)-(12882, 57)",b'decltype(value)'
Hazel-master,../repos/Hazel-master/Hazel/vendor/entt/include/entt.hpp,"(12886, 83)-(12886, 97)",b'decltype(Data)'
Hazel-master,../repos/Hazel-master/Hazel/vendor/entt/include/entt.hpp,"(12886, 138)-(12886, 152)",b'decltype(Data)'
Hazel-master,../repos/Hazel-master/Hazel/vendor/entt/include/entt.hpp,"(12887, 43)-(12887, 57)",b'decltype(Data)'
Hazel-master,../repos/Hazel-master/Hazel/vendor/entt/include/entt.hpp,"(12890, 57)-(12890, 71)",b'decltype(Data)'
Hazel-master,../repos/Hazel-master/Hazel/vendor/entt/include/entt.hpp,"(12891, 68)-(12891, 104)",b'decltype(std::declval<Type>().*Data)'
Hazel-master,../repos/Hazel-master/Hazel/vendor/entt/include/entt.hpp,"(12892, 43)-(12892, 57)",b'decltype(Data)'
Hazel-master,../repos/Hazel-master/Hazel/vendor/entt/include/entt.hpp,"(12902, 54)-(12902, 68)",b'decltype(Data)'
Hazel-master,../repos/Hazel-master/Hazel/vendor/entt/include/entt.hpp,"(12904, 60)-(12904, 74)",b'decltype(Data)'
Hazel-master,../repos/Hazel-master/Hazel/vendor/entt/include/entt.hpp,"(12916, 48)-(12916, 67)",b'decltype(Candidate)'
Hazel-master,../repos/Hazel-master/Hazel/vendor/entt/include/entt.hpp,"(12931, 50)-(12931, 66)",b'decltype(*value)'
Hazel-master,../repos/Hazel-master/Hazel/vendor/entt/include/entt.hpp,"(12940, 83)-(12940, 102)",b'decltype(Candidate)'
Hazel-master,../repos/Hazel-master/Hazel/vendor/entt/include/entt.hpp,"(13200, 48)-(13200, 67)",b'decltype(Candidate)'
Hazel-master,../repos/Hazel-master/Hazel/vendor/entt/include/entt.hpp,"(13234, 62)-(13234, 76)",b'decltype(Func)'
Hazel-master,../repos/Hazel-master/Hazel/vendor/entt/include/entt.hpp,"(13253, 58)-(13253, 72)",b'decltype(Func)'
Hazel-master,../repos/Hazel-master/Hazel/vendor/entt/include/entt.hpp,"(13307, 43)-(13307, 57)",b'decltype(Func)'
Hazel-master,../repos/Hazel-master/Hazel/vendor/entt/include/entt.hpp,"(13343, 43)-(13343, 57)",b'decltype(Data)'
Hazel-master,../repos/Hazel-master/Hazel/vendor/entt/include/entt.hpp,"(13359, 61)-(13359, 75)",b'decltype(Data)'
Hazel-master,../repos/Hazel-master/Hazel/vendor/entt/include/entt.hpp,"(13360, 55)-(13360, 91)",b'decltype(std::declval<Type>().*Data)'
Hazel-master,../repos/Hazel-master/Hazel/vendor/entt/include/entt.hpp,"(13368, 50)-(13368, 64)",b'decltype(Data)'
Hazel-master,../repos/Hazel-master/Hazel/vendor/entt/include/entt.hpp,"(13376, 58)-(13376, 72)",b'decltype(Data)'
Hazel-master,../repos/Hazel-master/Hazel/vendor/entt/include/entt.hpp,"(13377, 66)-(13377, 80)",b'decltype(Data)'
Hazel-master,../repos/Hazel-master/Hazel/vendor/entt/include/entt.hpp,"(13385, 50)-(13385, 64)",b'decltype(Data)'
Hazel-master,../repos/Hazel-master/Hazel/vendor/entt/include/entt.hpp,"(13400, 58)-(13400, 72)",b'decltype(Data)'
Hazel-master,../repos/Hazel-master/Hazel/vendor/entt/include/entt.hpp,"(13425, 54)-(13425, 70)",b'decltype(Getter)'
Hazel-master,../repos/Hazel-master/Hazel/vendor/entt/include/entt.hpp,"(13426, 43)-(13426, 59)",b'decltype(Setter)'
Hazel-master,../repos/Hazel-master/Hazel/vendor/entt/include/entt.hpp,"(13447, 58)-(13447, 74)",b'decltype(Setter)'
Hazel-master,../repos/Hazel-master/Hazel/vendor/entt/include/entt.hpp,"(13447, 108)-(13447, 124)",b'decltype(Getter)'
Hazel-master,../repos/Hazel-master/Hazel/vendor/entt/include/entt.hpp,"(13465, 62)-(13465, 81)",b'decltype(Candidate)'
Hazel-master,../repos/Hazel-master/Hazel/vendor/entt/include/entt.hpp,"(13475, 48)-(13475, 67)",b'decltype(Candidate)'
Hazel-master,../repos/Hazel-master/Hazel/vendor/entt/include/entt.hpp,"(13489, 58)-(13489, 77)",b'decltype(Candidate)'
Hazel-master,../repos/Hazel-master/Hazel/vendor/entt/include/entt.hpp,"(14099, 50)-(14099, 65)",b'decltype(Value)'
Hazel-master,../repos/Hazel-master/Hazel/vendor/entt/include/entt.hpp,"(14257, 49)-(14257, 103)",b'decltype(std::declval<Type>() == std::declval...'
Hazel-master,../repos/Hazel-master/Hazel/vendor/entt/include/entt.hpp,"(14287, 40)-(14287, 79)",b'decltype(clazz(std::declval<Member>()))'
Hazel-master,../repos/Hazel-master/Hazel/vendor/entt/include/entt.hpp,"(14396, 8)-(14396, 47)",b'decltype(std::declval<Target>().init())'
Hazel-master,../repos/Hazel-master/Hazel/vendor/entt/include/entt.hpp,"(14402, 8)-(14402, 60)","b'decltype(std::declval<Target>().update(delta,...'"
Hazel-master,../repos/Hazel-master/Hazel/vendor/entt/include/entt.hpp,"(14408, 8)-(14408, 52)",b'decltype(std::declval<Target>().succeeded())'
Hazel-master,../repos/Hazel-master/Hazel/vendor/entt/include/entt.hpp,"(14414, 8)-(14414, 49)",b'decltype(std::declval<Target>().failed())'
Hazel-master,../repos/Hazel-master/Hazel/vendor/entt/include/entt.hpp,"(14420, 8)-(14420, 50)",b'decltype(std::declval<Target>().aborted())'
Hazel-master,../repos/Hazel-master/Hazel/vendor/entt/include/entt.hpp,"(14931, 9)-(14931, 27)",b'decltype(handlers)'
Hazel-master,../repos/Hazel-master/Hazel/vendor/entt/include/entt.hpp,"(15675, 28)-(15675, 89)",b'decltype(internal::function_pointer(std::decl...'
Hazel-master,../repos/Hazel-master/Hazel/vendor/entt/include/entt.hpp,"(15798, 49)-(15798, 68)",b'decltype(Candidate)'
Hazel-master,../repos/Hazel-master/Hazel/vendor/entt/include/entt.hpp,"(15802, 54)-(15802, 73)",b'decltype(Candidate)'
Hazel-master,../repos/Hazel-master/Hazel/vendor/entt/include/entt.hpp,"(15803, 138)-(15803, 157)",b'decltype(Candidate)'
Hazel-master,../repos/Hazel-master/Hazel/vendor/entt/include/entt.hpp,"(15805, 92)-(15805, 111)",b'decltype(Candidate)'
Hazel-master,../repos/Hazel-master/Hazel/vendor/entt/include/entt.hpp,"(15828, 49)-(15828, 68)",b'decltype(Candidate)'
Hazel-master,../repos/Hazel-master/Hazel/vendor/entt/include/entt.hpp,"(15834, 111)-(15834, 130)",b'decltype(Candidate)'
Hazel-master,../repos/Hazel-master/Hazel/vendor/entt/include/entt.hpp,"(15852, 49)-(15852, 68)",b'decltype(Candidate)'
Hazel-master,../repos/Hazel-master/Hazel/vendor/entt/include/entt.hpp,"(15858, 111)-(15858, 130)",b'decltype(Candidate)'
Hazel-master,../repos/Hazel-master/Hazel/vendor/entt/include/entt.hpp,"(15943, 64)-(15943, 83)",b'decltype(Candidate)'
Hazel-master,../repos/Hazel-master/Hazel/vendor/entt/include/entt.hpp,"(15953, 64)-(15953, 83)",b'decltype(Candidate)'
Hazel-master,../repos/Hazel-master/Hazel/vendor/entt/include/entt.hpp,"(16433, 41)-(16433, 76)",b'decltype(type_index<Type>::value())'
Hazel-master,../repos/Hazel-master/Hazel/vendor/entt/include/entt.hpp,"(16779, 68)-(16779, 96)",b'decltype(signal_type::calls)'
Hazel-master,../repos/Hazel-master/Hazel/vendor/filewatch/FileWatch.h,"(522, 5)-(522, 36)",b'decltype(_callback_information)'
