Repo name,File name,Location,Content
Hazel-master,../repos/Hazel-master/Hazel/vendor/mono/include/mono/metadata/class-getters.h,"(70, 38)-(70, 59)",b'union _MonoClassSizes'
Hazel-master,../repos/Hazel-master/Hazel/vendor/mono/include/mono/metadata/class-internals.h,"(258, 1)-(262, 2)",b'#ifndef __MONO_METADATA_CLASS_INTERNALS_H__\n#...'
Hazel-master,../repos/Hazel-master/Hazel/vendor/mono/include/mono/metadata/class-internals.h,"(410, 2)-(413, 3)",b'union {\n\t\tMonoMethod method;\n\t\tMonoMethodPInv...'
Hazel-master,../repos/Hazel-master/Hazel/vendor/mono/include/mono/metadata/class-internals.h,"(485, 2)-(489, 3)",b'union {\n\t\tMonoClass *klass;\n\t\tMonoMethod *met...'
Hazel-master,../repos/Hazel-master/Hazel/vendor/mono/include/mono/metadata/class-private-definition.h,"(109, 2)-(109, 23)",b'union _MonoClassSizes sizes;'
Hazel-master,../repos/Hazel-master/Hazel/vendor/mono/include/mono/metadata/domain-internals.h,"(118, 2)-(122, 3)",b'union {\n\t\tMonoClass *catch_class;\n\t\tgpointer ...'
Hazel-master,../repos/Hazel-master/Hazel/vendor/mono/include/mono/metadata/domain-internals.h,"(236, 2)-(241, 3)",b'union {\n\t\tMonoMethod *method;\n\t\tMonoImage *im...'
Hazel-master,../repos/Hazel-master/Hazel/vendor/mono/include/mono/metadata/domain-internals.h,"(242, 2)-(245, 3)",b'union {\n\t\tMonoJitInfo *next_jit_code_hash;\n\t\t...'
Hazel-master,../repos/Hazel-master/Hazel/vendor/mono/include/mono/metadata/jit-icall-reg.h,"(353, 9)-(360, 2)",b'typedef union MonoJitICallInfos {\n\tstruct {\n#...'
Hazel-master,../repos/Hazel-master/Hazel/vendor/mono/include/mono/metadata/marshal.h,"(246, 2)-(287, 3)",b'union {\n\t\t/* RUNTIME_INVOKE_... */\n\t\tRuntimeI...'
Hazel-master,../repos/Hazel-master/Hazel/vendor/mono/include/mono/metadata/metadata-internals.h,"(25, 2)-(32, 3)",b'union {\n\t\tMonoClass *klass; /* for VALUETYPE ...'
Hazel-master,../repos/Hazel-master/Hazel/vendor/mono/include/mono/metadata/metadata-internals.h,"(76, 2)-(82, 3)",b'union {\n\t\tMonoCustomModContainer cmods;\n\t\t/* ...'
Hazel-master,../repos/Hazel-master/Hazel/vendor/mono/include/mono/metadata/metadata.h,"(181, 2)-(197, 3)",b'union {\n\t\tstruct {\n\t\t\tMonoMarshalNative elem_...'
Hazel-master,../repos/Hazel-master/Hazel/vendor/mono/include/mono/metadata/metadata.h,"(288, 2)-(291, 3)",b'union {\n\t\tuint32_t filter_offset;\n\t\tMonoClass...'
Hazel-master,../repos/Hazel-master/Hazel/vendor/mono/include/mono/metadata/monitor.h,"(79, 9)-(82, 2)",b'typedef union {\n\tgsize lock_word;\n\tMonoThread...'
Hazel-master,../repos/Hazel-master/Hazel/vendor/mono/include/mono/metadata/mono-endian.h,"(10, 9)-(13, 2)",b'typedef union {\n\tguint32 ival;\n\tfloat fval;\n}...'
Hazel-master,../repos/Hazel-master/Hazel/vendor/mono/include/mono/metadata/mono-endian.h,"(15, 9)-(19, 2)",b'typedef union {\n\tguint64 ival;\n\tdouble fval;\n...'
Hazel-master,../repos/Hazel-master/Hazel/vendor/mono/include/mono/metadata/number-ms.h,"(34, 9)-(37, 2)",b'typedef union {\n\tMonoDouble s;\n\tgdouble d;\n} ...'
Hazel-master,../repos/Hazel-master/Hazel/vendor/mono/include/mono/metadata/object-internals.h,"(1856, 9)-(1859, 2)",b'typedef union {\n\tint vtable_slot;\n\tgpointer t...'
Hazel-master,../repos/Hazel-master/Hazel/vendor/mono/include/mono/utils/mono-error.h,"(59, 9)-(68, 2)",b'typedef union _MonoError {\n\t// Merge two uint...'
Hazel-master,../repos/Hazel-master/Hazel/vendor/mono/include/mono/utils/mono-error.h,"(75, 9)-(75, 33)",b'typedef union _MonoErrorInternal MonoError;'
