Repo name,File name,Location,Content
Hazel-master,../repos/Hazel-master/Hazel/src/Hazel/Core/Base.h,"(31, 2)-(31, 35)",b'using Scope = std::unique_ptr<T>;'
Hazel-master,../repos/Hazel-master/Hazel/src/Hazel/Core/Base.h,"(39, 2)-(39, 33)",b'using Ref = std::shared_ptr<T>;'
Hazel-master,../repos/Hazel-master/Hazel/src/Hazel/Core/KeyCodes.h,"(5, 2)-(5, 27)",b'using KeyCode = uint16_t;'
Hazel-master,../repos/Hazel-master/Hazel/src/Hazel/Core/MouseCodes.h,"(5, 2)-(5, 29)",b'using MouseCode = uint16_t;'
Hazel-master,../repos/Hazel-master/Hazel/src/Hazel/Core/Window.h,"(28, 3)-(28, 55)",b'using EventCallbackFn = std::function<void(Ev...'
Hazel-master,../repos/Hazel-master/Hazel/src/Hazel/Debug/Instrumentor.h,"(16, 2)-(16, 78)",b'using FloatingPointMicroseconds = std::chrono...'
Hazel-master,../repos/Hazel-master/Hazel/src/Hazel/Math/Math.cpp,"(14, 3)-(14, 19)",b'using T = float;'
Hazel-master,../repos/Hazel-master/Hazel/src/Hazel/Scene/Components.h,"(178, 2)-(182, 46)",b'using AllComponents = \n\t\tComponentGroup<Trans...'
Hazel-master,../repos/Hazel-master/Hazel/src/Hazel/Scripting/ScriptEngine.h,"(70, 2)-(70, 78)",b'using ScriptFieldMap = std::unordered_map<std...'
Hazel-master,../repos/Hazel-master/Hazel/vendor/entt/include/entt.hpp,"(284, 13)-(284, 78)",b'using value_type = typename std::iterator_tra...'
Hazel-master,../repos/Hazel-master/Hazel/vendor/entt/include/entt.hpp,"(378, 1)-(378, 30)",b'using id_type = ENTT_ID_TYPE;'
Hazel-master,../repos/Hazel-master/Hazel/vendor/entt/include/entt.hpp,"(404, 5)-(404, 33)",b'using family_type = id_type;'
Hazel-master,../repos/Hazel-master/Hazel/vendor/entt/include/entt.hpp,"(449, 5)-(449, 32)",b'using type = std::uint32_t;'
Hazel-master,../repos/Hazel-master/Hazel/vendor/entt/include/entt.hpp,"(457, 5)-(457, 32)",b'using type = std::uint64_t;'
Hazel-master,../repos/Hazel-master/Hazel/vendor/entt/include/entt.hpp,"(485, 5)-(485, 57)",b'using traits_type = internal::fnv1a_traits<id...'
Hazel-master,../repos/Hazel-master/Hazel/vendor/entt/include/entt.hpp,"(506, 5)-(506, 29)",b'using value_type = Char;'
Hazel-master,../repos/Hazel-master/Hazel/vendor/entt/include/entt.hpp,"(508, 5)-(508, 31)",b'using hash_type = id_type;'
Hazel-master,../repos/Hazel-master/Hazel/vendor/entt/include/entt.hpp,"(653, 1)-(653, 49)",b'using hashed_string = basic_hashed_string<char>;'
Hazel-master,../repos/Hazel-master/Hazel/vendor/entt/include/entt.hpp,"(657, 1)-(657, 53)",b'using hashed_wstring = basic_hashed_string<wc...'
Hazel-master,../repos/Hazel-master/Hazel/vendor/entt/include/entt.hpp,"(732, 5)-(732, 59)",b'using tuple_type = std::tuple<std::decay_t<Ty...'
Hazel-master,../repos/Hazel-master/Hazel/vendor/entt/include/entt.hpp,"(742, 5)-(742, 37)",b'using identifier_type = id_type;'
Hazel-master,../repos/Hazel-master/Hazel/vendor/entt/include/entt.hpp,"(989, 1)-(989, 74)",b'using integral_constant = std::integral_const...'
Hazel-master,../repos/Hazel-master/Hazel/vendor/entt/include/entt.hpp,"(997, 1)-(997, 38)",b'using tag = integral_constant<Value>;'
Hazel-master,../repos/Hazel-master/Hazel/vendor/entt/include/entt.hpp,"(1063, 5)-(1063, 30)",b'using type = type_list<>;'
Hazel-master,../repos/Hazel-master/Hazel/vendor/entt/include/entt.hpp,"(1076, 5)-(1076, 86)",b'using type = typename type_list_cat<type_list...'
Hazel-master,../repos/Hazel-master/Hazel/vendor/entt/include/entt.hpp,"(1087, 5)-(1087, 37)",b'using type = type_list<Type...>;'
Hazel-master,../repos/Hazel-master/Hazel/vendor/entt/include/entt.hpp,"(1096, 1)-(1096, 63)",b'using type_list_cat_t = typename type_list_ca...'
Hazel-master,../repos/Hazel-master/Hazel/vendor/entt/include/entt.hpp,"(1112, 5)-(1116, 7)",b'using type = std::conditional_t<\n        std:...'
Hazel-master,../repos/Hazel-master/Hazel/vendor/entt/include/entt.hpp,"(1124, 5)-(1124, 30)",b'using type = type_list<>;'
Hazel-master,../repos/Hazel-master/Hazel/vendor/entt/include/entt.hpp,"(1133, 1)-(1133, 66)",b'using type_list_unique_t = typename type_list...'
Hazel-master,../repos/Hazel-master/Hazel/vendor/entt/include/entt.hpp,"(1177, 5)-(1177, 81)",b'using type = std::remove_pointer_t<decltype(c...'
Hazel-master,../repos/Hazel-master/Hazel/vendor/entt/include/entt.hpp,"(1186, 1)-(1186, 60)",b'using member_class_t = typename member_class<...'
Hazel-master,../repos/Hazel-master/Hazel/vendor/entt/include/entt.hpp,"(1586, 13)-(1586, 78)",b'using value_type = typename std::iterator_tra...'
Hazel-master,../repos/Hazel-master/Hazel/vendor/entt/include/entt.hpp,"(1638, 1)-(1638, 30)",b'using id_type = ENTT_ID_TYPE;'
Hazel-master,../repos/Hazel-master/Hazel/vendor/entt/include/entt.hpp,"(1719, 5)-(1719, 32)",b'using type = std::uint32_t;'
Hazel-master,../repos/Hazel-master/Hazel/vendor/entt/include/entt.hpp,"(1727, 5)-(1727, 32)",b'using type = std::uint64_t;'
Hazel-master,../repos/Hazel-master/Hazel/vendor/entt/include/entt.hpp,"(1755, 5)-(1755, 57)",b'using traits_type = internal::fnv1a_traits<id...'
Hazel-master,../repos/Hazel-master/Hazel/vendor/entt/include/entt.hpp,"(1776, 5)-(1776, 29)",b'using value_type = Char;'
Hazel-master,../repos/Hazel-master/Hazel/vendor/entt/include/entt.hpp,"(1778, 5)-(1778, 31)",b'using hash_type = id_type;'
Hazel-master,../repos/Hazel-master/Hazel/vendor/entt/include/entt.hpp,"(1923, 1)-(1923, 49)",b'using hashed_string = basic_hashed_string<char>;'
Hazel-master,../repos/Hazel-master/Hazel/vendor/entt/include/entt.hpp,"(1927, 1)-(1927, 53)",b'using hashed_wstring = basic_hashed_string<wc...'
Hazel-master,../repos/Hazel-master/Hazel/vendor/entt/include/entt.hpp,"(2079, 1)-(2079, 74)",b'using integral_constant = std::integral_const...'
Hazel-master,../repos/Hazel-master/Hazel/vendor/entt/include/entt.hpp,"(2087, 1)-(2087, 38)",b'using tag = integral_constant<Value>;'
Hazel-master,../repos/Hazel-master/Hazel/vendor/entt/include/entt.hpp,"(2153, 5)-(2153, 30)",b'using type = type_list<>;'
Hazel-master,../repos/Hazel-master/Hazel/vendor/entt/include/entt.hpp,"(2166, 5)-(2166, 86)",b'using type = typename type_list_cat<type_list...'
Hazel-master,../repos/Hazel-master/Hazel/vendor/entt/include/entt.hpp,"(2177, 5)-(2177, 37)",b'using type = type_list<Type...>;'
Hazel-master,../repos/Hazel-master/Hazel/vendor/entt/include/entt.hpp,"(2186, 1)-(2186, 63)",b'using type_list_cat_t = typename type_list_ca...'
Hazel-master,../repos/Hazel-master/Hazel/vendor/entt/include/entt.hpp,"(2202, 5)-(2206, 7)",b'using type = std::conditional_t<\n        std:...'
Hazel-master,../repos/Hazel-master/Hazel/vendor/entt/include/entt.hpp,"(2214, 5)-(2214, 30)",b'using type = type_list<>;'
Hazel-master,../repos/Hazel-master/Hazel/vendor/entt/include/entt.hpp,"(2223, 1)-(2223, 66)",b'using type_list_unique_t = typename type_list...'
Hazel-master,../repos/Hazel-master/Hazel/vendor/entt/include/entt.hpp,"(2267, 5)-(2267, 81)",b'using type = std::remove_pointer_t<decltype(c...'
Hazel-master,../repos/Hazel-master/Hazel/vendor/entt/include/entt.hpp,"(2276, 1)-(2276, 60)",b'using member_class_t = typename member_class<...'
Hazel-master,../repos/Hazel-master/Hazel/vendor/entt/include/entt.hpp,"(2427, 1)-(2427, 90)",b'using function_pointer_t = decltype(internal:...'
Hazel-master,../repos/Hazel-master/Hazel/vendor/entt/include/entt.hpp,"(2479, 5)-(2479, 54)","b'using proto_fn_type = Ret(const void *, Args...);'"
Hazel-master,../repos/Hazel-master/Hazel/vendor/entt/include/entt.hpp,"(2509, 5)-(2509, 40)",b'using function_type = Ret(Args...);'
Hazel-master,../repos/Hazel-master/Hazel/vendor/entt/include/entt.hpp,"(2803, 5)-(2803, 35)",b'using size_type = std::size_t;'
Hazel-master,../repos/Hazel-master/Hazel/vendor/entt/include/entt.hpp,"(2805, 5)-(2805, 48)",b'using sink_type = entt::sink<Ret(Args...)>;'
Hazel-master,../repos/Hazel-master/Hazel/vendor/entt/include/entt.hpp,"(2812, 5)-(2812, 35)",b'using instance_type = Class *;'
Hazel-master,../repos/Hazel-master/Hazel/vendor/entt/include/entt.hpp,"(3004, 5)-(3004, 44)",b'using signal_type = sigh<Ret(Args...)>;'
Hazel-master,../repos/Hazel-master/Hazel/vendor/entt/include/entt.hpp,"(3005, 5)-(3005, 125)",b'using difference_type = typename std::iterato...'
Hazel-master,../repos/Hazel-master/Hazel/vendor/entt/include/entt.hpp,"(3294, 5)-(3294, 39)",b'using entity_type = std::uint16_t;'
Hazel-master,../repos/Hazel-master/Hazel/vendor/entt/include/entt.hpp,"(3296, 5)-(3296, 39)",b'using version_type = std::uint8_t;'
Hazel-master,../repos/Hazel-master/Hazel/vendor/entt/include/entt.hpp,"(3298, 5)-(3298, 42)",b'using difference_type = std::int32_t;'
Hazel-master,../repos/Hazel-master/Hazel/vendor/entt/include/entt.hpp,"(3320, 5)-(3320, 39)",b'using entity_type = std::uint32_t;'
Hazel-master,../repos/Hazel-master/Hazel/vendor/entt/include/entt.hpp,"(3322, 5)-(3322, 40)",b'using version_type = std::uint16_t;'
Hazel-master,../repos/Hazel-master/Hazel/vendor/entt/include/entt.hpp,"(3324, 5)-(3324, 42)",b'using difference_type = std::int64_t;'
Hazel-master,../repos/Hazel-master/Hazel/vendor/entt/include/entt.hpp,"(3346, 5)-(3346, 39)",b'using entity_type = std::uint64_t;'
Hazel-master,../repos/Hazel-master/Hazel/vendor/entt/include/entt.hpp,"(3348, 5)-(3348, 40)",b'using version_type = std::uint32_t;'
Hazel-master,../repos/Hazel-master/Hazel/vendor/entt/include/entt.hpp,"(3350, 5)-(3350, 42)",b'using difference_type = std::int64_t;'
Hazel-master,../repos/Hazel-master/Hazel/vendor/entt/include/entt.hpp,"(3372, 5)-(3372, 69)",b'using traits_type = entt_traits<std::underlyi...'
Hazel-master,../repos/Hazel-master/Hazel/vendor/entt/include/entt.hpp,"(3492, 1)-(3492, 41)",b'using registry = basic_registry<entity>;'
Hazel-master,../repos/Hazel-master/Hazel/vendor/entt/include/entt.hpp,"(3495, 1)-(3495, 41)",b'using observer = basic_observer<entity>;'
Hazel-master,../repos/Hazel-master/Hazel/vendor/entt/include/entt.hpp,"(3498, 1)-(3498, 35)",b'using actor = basic_actor<entity>;'
Hazel-master,../repos/Hazel-master/Hazel/vendor/entt/include/entt.hpp,"(3501, 1)-(3501, 41)",b'using snapshot = basic_snapshot<entity>;'
Hazel-master,../repos/Hazel-master/Hazel/vendor/entt/include/entt.hpp,"(3504, 1)-(3504, 55)",b'using snapshot_loader = basic_snapshot_loader...'
Hazel-master,../repos/Hazel-master/Hazel/vendor/entt/include/entt.hpp,"(3507, 1)-(3507, 59)",b'using continuous_loader = basic_continuous_lo...'
Hazel-master,../repos/Hazel-master/Hazel/vendor/entt/include/entt.hpp,"(3514, 1)-(3514, 43)","b'using view = basic_view<entity, Types...>;'"
Hazel-master,../repos/Hazel-master/Hazel/vendor/entt/include/entt.hpp,"(3517, 1)-(3517, 49)",b'using runtime_view = basic_runtime_view<entity>;'
Hazel-master,../repos/Hazel-master/Hazel/vendor/entt/include/entt.hpp,"(3524, 1)-(3524, 45)","b'using group = basic_group<entity, Types...>;'"
Hazel-master,../repos/Hazel-master/Hazel/vendor/entt/include/entt.hpp,"(3600, 5)-(3600, 69)",b'using traits_type = entt_traits<std::underlyi...'
Hazel-master,../repos/Hazel-master/Hazel/vendor/entt/include/entt.hpp,"(3601, 5)-(3601, 49)",b'using page_type = std::unique_ptr<Entity[]>;'
Hazel-master,../repos/Hazel-master/Hazel/vendor/entt/include/entt.hpp,"(3606, 9)-(3606, 49)",b'using packed_type = std::vector<Entity>;'
Hazel-master,../repos/Hazel-master/Hazel/vendor/entt/include/entt.hpp,"(3607, 9)-(3607, 66)",b'using index_type = typename traits_type::diff...'
Hazel-master,../repos/Hazel-master/Hazel/vendor/entt/include/entt.hpp,"(3614, 9)-(3614, 44)",b'using difference_type = index_type;'
Hazel-master,../repos/Hazel-master/Hazel/vendor/entt/include/entt.hpp,"(3615, 9)-(3615, 35)",b'using value_type = Entity;'
Hazel-master,../repos/Hazel-master/Hazel/vendor/entt/include/entt.hpp,"(3616, 9)-(3616, 44)",b'using pointer = const value_type *;'
Hazel-master,../repos/Hazel-master/Hazel/vendor/entt/include/entt.hpp,"(3617, 9)-(3617, 46)",b'using reference = const value_type &;'
Hazel-master,../repos/Hazel-master/Hazel/vendor/entt/include/entt.hpp,"(3618, 9)-(3618, 67)",b'using iterator_category = std::random_access_...'
Hazel-master,../repos/Hazel-master/Hazel/vendor/entt/include/entt.hpp,"(3731, 5)-(3731, 32)",b'using entity_type = Entity;'
Hazel-master,../repos/Hazel-master/Hazel/vendor/entt/include/entt.hpp,"(3733, 5)-(3733, 35)",b'using size_type = std::size_t;'
Hazel-master,../repos/Hazel-master/Hazel/vendor/entt/include/entt.hpp,"(3735, 5)-(3735, 42)",b'using iterator = sparse_set_iterator;'
Hazel-master,../repos/Hazel-master/Hazel/vendor/entt/include/entt.hpp,"(4244, 5)-(4244, 48)",b'using underlying_type = sparse_set<Entity>;'
Hazel-master,../repos/Hazel-master/Hazel/vendor/entt/include/entt.hpp,"(4245, 5)-(4245, 69)",b'using traits_type = entt_traits<std::underlyi...'
Hazel-master,../repos/Hazel-master/Hazel/vendor/entt/include/entt.hpp,"(4251, 9)-(4251, 101)",b'using instance_type = std::conditional_t<Cons...'
Hazel-master,../repos/Hazel-master/Hazel/vendor/entt/include/entt.hpp,"(4252, 9)-(4252, 66)",b'using index_type = typename traits_type::diff...'
Hazel-master,../repos/Hazel-master/Hazel/vendor/entt/include/entt.hpp,"(4259, 9)-(4259, 44)",b'using difference_type = index_type;'
Hazel-master,../repos/Hazel-master/Hazel/vendor/entt/include/entt.hpp,"(4260, 9)-(4260, 33)",b'using value_type = Type;'
Hazel-master,../repos/Hazel-master/Hazel/vendor/entt/include/entt.hpp,"(4261, 9)-(4261, 85)","b'using pointer = std::conditional_t<Const, con...'"
Hazel-master,../repos/Hazel-master/Hazel/vendor/entt/include/entt.hpp,"(4262, 9)-(4262, 87)","b'using reference = std::conditional_t<Const, c...'"
Hazel-master,../repos/Hazel-master/Hazel/vendor/entt/include/entt.hpp,"(4263, 9)-(4263, 67)",b'using iterator_category = std::random_access_...'
Hazel-master,../repos/Hazel-master/Hazel/vendor/entt/include/entt.hpp,"(4352, 5)-(4352, 30)",b'using object_type = Type;'
Hazel-master,../repos/Hazel-master/Hazel/vendor/entt/include/entt.hpp,"(4354, 5)-(4354, 32)",b'using entity_type = Entity;'
Hazel-master,../repos/Hazel-master/Hazel/vendor/entt/include/entt.hpp,"(4356, 5)-(4356, 35)",b'using size_type = std::size_t;'
Hazel-master,../repos/Hazel-master/Hazel/vendor/entt/include/entt.hpp,"(4358, 5)-(4358, 46)",b'using iterator = storage_iterator<false>;'
Hazel-master,../repos/Hazel-master/Hazel/vendor/entt/include/entt.hpp,"(4360, 5)-(4360, 51)",b'using const_iterator = storage_iterator<true>;'
Hazel-master,../repos/Hazel-master/Hazel/vendor/entt/include/entt.hpp,"(4711, 5)-(4711, 69)",b'using traits_type = entt_traits<std::underlyi...'
Hazel-master,../repos/Hazel-master/Hazel/vendor/entt/include/entt.hpp,"(4712, 5)-(4712, 48)",b'using underlying_type = sparse_set<Entity>;'
Hazel-master,../repos/Hazel-master/Hazel/vendor/entt/include/entt.hpp,"(4716, 5)-(4716, 30)",b'using object_type = Type;'
Hazel-master,../repos/Hazel-master/Hazel/vendor/entt/include/entt.hpp,"(4718, 5)-(4718, 32)",b'using entity_type = Entity;'
Hazel-master,../repos/Hazel-master/Hazel/vendor/entt/include/entt.hpp,"(4720, 5)-(4720, 35)",b'using size_type = std::size_t;'
Hazel-master,../repos/Hazel-master/Hazel/vendor/entt/include/entt.hpp,"(4894, 5)-(4894, 153)",b'using pool_type = std::conditional_t<std::is_...'
Hazel-master,../repos/Hazel-master/Hazel/vendor/entt/include/entt.hpp,"(4915, 5)-(4915, 32)",b'using entity_type = Entity;'
Hazel-master,../repos/Hazel-master/Hazel/vendor/entt/include/entt.hpp,"(4917, 5)-(4917, 35)",b'using size_type = std::size_t;'
Hazel-master,../repos/Hazel-master/Hazel/vendor/entt/include/entt.hpp,"(4919, 5)-(4919, 60)",b'using iterator = typename sparse_set<Entity>:...'
Hazel-master,../repos/Hazel-master/Hazel/vendor/entt/include/entt.hpp,"(5159, 9)-(5159, 119)",b'using get_type_list = type_list_cat_t<std::co...'
Hazel-master,../repos/Hazel-master/Hazel/vendor/entt/include/entt.hpp,"(5327, 5)-(5327, 153)",b'using pool_type = std::conditional_t<std::is_...'
Hazel-master,../repos/Hazel-master/Hazel/vendor/entt/include/entt.hpp,"(5330, 5)-(5330, 87)",b'using component_iterator = decltype(std::decl...'
Hazel-master,../repos/Hazel-master/Hazel/vendor/entt/include/entt.hpp,"(5361, 5)-(5361, 32)",b'using entity_type = Entity;'
Hazel-master,../repos/Hazel-master/Hazel/vendor/entt/include/entt.hpp,"(5363, 5)-(5363, 35)",b'using size_type = std::size_t;'
Hazel-master,../repos/Hazel-master/Hazel/vendor/entt/include/entt.hpp,"(5365, 5)-(5365, 60)",b'using iterator = typename sparse_set<Entity>:...'
Hazel-master,../repos/Hazel-master/Hazel/vendor/entt/include/entt.hpp,"(5597, 9)-(5597, 125)",b'using owned_type_list = type_list_cat_t<std::...'
Hazel-master,../repos/Hazel-master/Hazel/vendor/entt/include/entt.hpp,"(5598, 9)-(5598, 119)",b'using get_type_list = type_list_cat_t<std::co...'
Hazel-master,../repos/Hazel-master/Hazel/vendor/entt/include/entt.hpp,"(5784, 5)-(5784, 71)",b'using underlying_iterator = typename sparse_s...'
Hazel-master,../repos/Hazel-master/Hazel/vendor/entt/include/entt.hpp,"(5789, 9)-(5789, 69)",b'using direct_type = std::vector<const sparse_...'
Hazel-master,../repos/Hazel-master/Hazel/vendor/entt/include/entt.hpp,"(5807, 9)-(5807, 79)",b'using difference_type = typename underlying_i...'
Hazel-master,../repos/Hazel-master/Hazel/vendor/entt/include/entt.hpp,"(5808, 9)-(5808, 69)",b'using value_type = typename underlying_iterat...'
Hazel-master,../repos/Hazel-master/Hazel/vendor/entt/include/entt.hpp,"(5809, 9)-(5809, 63)",b'using pointer = typename underlying_iterator:...'
Hazel-master,../repos/Hazel-master/Hazel/vendor/entt/include/entt.hpp,"(5810, 9)-(5810, 67)",b'using reference = typename underlying_iterato...'
Hazel-master,../repos/Hazel-master/Hazel/vendor/entt/include/entt.hpp,"(5811, 9)-(5811, 67)",b'using iterator_category = std::bidirectional_...'
Hazel-master,../repos/Hazel-master/Hazel/vendor/entt/include/entt.hpp,"(5873, 5)-(5873, 32)",b'using entity_type = Entity;'
Hazel-master,../repos/Hazel-master/Hazel/vendor/entt/include/entt.hpp,"(5875, 5)-(5875, 35)",b'using size_type = std::size_t;'
Hazel-master,../repos/Hazel-master/Hazel/vendor/entt/include/entt.hpp,"(5877, 5)-(5877, 36)",b'using iterator = view_iterator;'
Hazel-master,../repos/Hazel-master/Hazel/vendor/entt/include/entt.hpp,"(6025, 5)-(6025, 69)",b'using traits_type = entt_traits<std::underlyi...'
Hazel-master,../repos/Hazel-master/Hazel/vendor/entt/include/entt.hpp,"(6059, 5)-(6059, 32)",b'using entity_type = Entity;'
Hazel-master,../repos/Hazel-master/Hazel/vendor/entt/include/entt.hpp,"(6166, 5)-(6166, 69)",b'using traits_type = entt_traits<std::underlyi...'
Hazel-master,../repos/Hazel-master/Hazel/vendor/entt/include/entt.hpp,"(6193, 5)-(6193, 32)",b'using entity_type = Entity;'
Hazel-master,../repos/Hazel-master/Hazel/vendor/entt/include/entt.hpp,"(6307, 5)-(6307, 69)",b'using traits_type = entt_traits<std::underlyi...'
Hazel-master,../repos/Hazel-master/Hazel/vendor/entt/include/entt.hpp,"(6339, 13)-(6339, 103)",b'using first_type = std::remove_const_t<typena...'
Hazel-master,../repos/Hazel-master/Hazel/vendor/entt/include/entt.hpp,"(6340, 13)-(6340, 84)",b'using second_type = typename std::decay_t<dec...'
Hazel-master,../repos/Hazel-master/Hazel/vendor/entt/include/entt.hpp,"(6413, 5)-(6413, 32)",b'using entity_type = Entity;'
Hazel-master,../repos/Hazel-master/Hazel/vendor/entt/include/entt.hpp,"(6669, 5)-(6669, 138)",b'using pool_type = std::conditional_t<std::is_...'
Hazel-master,../repos/Hazel-master/Hazel/vendor/entt/include/entt.hpp,"(6672, 5)-(6672, 82)",b'using component_iterator = decltype(std::decl...'
Hazel-master,../repos/Hazel-master/Hazel/vendor/entt/include/entt.hpp,"(6674, 5)-(6674, 71)",b'using underlying_iterator = typename sparse_s...'
Hazel-master,../repos/Hazel-master/Hazel/vendor/entt/include/entt.hpp,"(6675, 5)-(6675, 95)",b'using unchecked_type = std::array<const spars...'
Hazel-master,../repos/Hazel-master/Hazel/vendor/entt/include/entt.hpp,"(6676, 5)-(6676, 84)",b'using filter_type = std::array<const sparse_s...'
Hazel-master,../repos/Hazel-master/Hazel/vendor/entt/include/entt.hpp,"(6698, 9)-(6698, 79)",b'using difference_type = typename underlying_i...'
Hazel-master,../repos/Hazel-master/Hazel/vendor/entt/include/entt.hpp,"(6699, 9)-(6699, 69)",b'using value_type = typename underlying_iterat...'
Hazel-master,../repos/Hazel-master/Hazel/vendor/entt/include/entt.hpp,"(6700, 9)-(6700, 63)",b'using pointer = typename underlying_iterator:...'
Hazel-master,../repos/Hazel-master/Hazel/vendor/entt/include/entt.hpp,"(6701, 9)-(6701, 67)",b'using reference = typename underlying_iterato...'
Hazel-master,../repos/Hazel-master/Hazel/vendor/entt/include/entt.hpp,"(6702, 9)-(6702, 67)",b'using iterator_category = std::bidirectional_...'
Hazel-master,../repos/Hazel-master/Hazel/vendor/entt/include/entt.hpp,"(6807, 5)-(6807, 32)",b'using entity_type = Entity;'
Hazel-master,../repos/Hazel-master/Hazel/vendor/entt/include/entt.hpp,"(6809, 5)-(6809, 35)",b'using size_type = std::size_t;'
Hazel-master,../repos/Hazel-master/Hazel/vendor/entt/include/entt.hpp,"(6811, 5)-(6811, 36)",b'using iterator = view_iterator;'
Hazel-master,../repos/Hazel-master/Hazel/vendor/entt/include/entt.hpp,"(7052, 9)-(7052, 132)",b'using non_empty_type = type_list_cat_t<std::c...'
Hazel-master,../repos/Hazel-master/Hazel/vendor/entt/include/entt.hpp,"(7147, 5)-(7147, 153)",b'using pool_type = std::conditional_t<std::is_...'
Hazel-master,../repos/Hazel-master/Hazel/vendor/entt/include/entt.hpp,"(7155, 5)-(7155, 32)",b'using raw_type = Component;'
Hazel-master,../repos/Hazel-master/Hazel/vendor/entt/include/entt.hpp,"(7157, 5)-(7157, 32)",b'using entity_type = Entity;'
Hazel-master,../repos/Hazel-master/Hazel/vendor/entt/include/entt.hpp,"(7159, 5)-(7159, 35)",b'using size_type = std::size_t;'
Hazel-master,../repos/Hazel-master/Hazel/vendor/entt/include/entt.hpp,"(7161, 5)-(7161, 60)",b'using iterator = typename sparse_set<Entity>:...'
Hazel-master,../repos/Hazel-master/Hazel/vendor/entt/include/entt.hpp,"(7402, 5)-(7402, 69)",b'using traits_type = entt_traits<std::underlyi...'
Hazel-master,../repos/Hazel-master/Hazel/vendor/entt/include/entt.hpp,"(7590, 5)-(7590, 32)",b'using entity_type = Entity;'
Hazel-master,../repos/Hazel-master/Hazel/vendor/entt/include/entt.hpp,"(7592, 5)-(7592, 61)",b'using version_type = typename traits_type::ve...'
Hazel-master,../repos/Hazel-master/Hazel/vendor/entt/include/entt.hpp,"(7594, 5)-(7594, 35)",b'using size_type = std::size_t;'
Hazel-master,../repos/Hazel-master/Hazel/vendor/entt/include/entt.hpp,"(8769, 9)-(8769, 120)",b'using handler_type = group_handler<exclude_t<...'
Hazel-master,../repos/Hazel-master/Hazel/vendor/entt/include/entt.hpp,"(9173, 5)-(9173, 50)",b'using registry_type = basic_registry<Entity>;'
Hazel-master,../repos/Hazel-master/Hazel/vendor/entt/include/entt.hpp,"(9175, 5)-(9175, 32)",b'using entity_type = Entity;'
Hazel-master,../repos/Hazel-master/Hazel/vendor/entt/include/entt.hpp,"(9385, 5)-(9385, 119)",b'using registry_type = std::conditional_t<Cons...'
Hazel-master,../repos/Hazel-master/Hazel/vendor/entt/include/entt.hpp,"(9434, 5)-(9434, 119)",b'using registry_type = std::conditional_t<Cons...'
Hazel-master,../repos/Hazel-master/Hazel/vendor/entt/include/entt.hpp,"(9592, 5)-(9592, 88)",b'using current_type = matcher<type_list<Reject...'
Hazel-master,../repos/Hazel-master/Hazel/vendor/entt/include/entt.hpp,"(9631, 9)-(9631, 114)",b'using extended_type = matcher<type_list<Rejec...'
Hazel-master,../repos/Hazel-master/Hazel/vendor/entt/include/entt.hpp,"(9692, 5)-(9692, 40)",b'using payload_type = std::uint32_t;'
Hazel-master,../repos/Hazel-master/Hazel/vendor/entt/include/entt.hpp,"(9787, 5)-(9787, 32)",b'using entity_type = Entity;'
Hazel-master,../repos/Hazel-master/Hazel/vendor/entt/include/entt.hpp,"(9789, 5)-(9789, 35)",b'using size_type = std::size_t;'
Hazel-master,../repos/Hazel-master/Hazel/vendor/entt/include/entt.hpp,"(9791, 5)-(9791, 60)",b'using iterator = typename sparse_set<Entity>:...'
Hazel-master,../repos/Hazel-master/Hazel/vendor/entt/include/entt.hpp,"(10076, 5)-(10076, 34)",b'using service_type = Service;'
Hazel-master,../repos/Hazel-master/Hazel/vendor/entt/include/entt.hpp,"(10326, 1)-(10326, 30)",b'using id_type = ENTT_ID_TYPE;'
Hazel-master,../repos/Hazel-master/Hazel/vendor/entt/include/entt.hpp,"(10407, 5)-(10407, 32)",b'using type = std::uint32_t;'
Hazel-master,../repos/Hazel-master/Hazel/vendor/entt/include/entt.hpp,"(10415, 5)-(10415, 32)",b'using type = std::uint64_t;'
Hazel-master,../repos/Hazel-master/Hazel/vendor/entt/include/entt.hpp,"(10443, 5)-(10443, 57)",b'using traits_type = internal::fnv1a_traits<id...'
Hazel-master,../repos/Hazel-master/Hazel/vendor/entt/include/entt.hpp,"(10464, 5)-(10464, 29)",b'using value_type = Char;'
Hazel-master,../repos/Hazel-master/Hazel/vendor/entt/include/entt.hpp,"(10466, 5)-(10466, 31)",b'using hash_type = id_type;'
Hazel-master,../repos/Hazel-master/Hazel/vendor/entt/include/entt.hpp,"(10611, 1)-(10611, 49)",b'using hashed_string = basic_hashed_string<char>;'
Hazel-master,../repos/Hazel-master/Hazel/vendor/entt/include/entt.hpp,"(10615, 1)-(10615, 53)",b'using hashed_wstring = basic_hashed_string<wc...'
Hazel-master,../repos/Hazel-master/Hazel/vendor/entt/include/entt.hpp,"(10767, 1)-(10767, 74)",b'using integral_constant = std::integral_const...'
Hazel-master,../repos/Hazel-master/Hazel/vendor/entt/include/entt.hpp,"(10775, 1)-(10775, 38)",b'using tag = integral_constant<Value>;'
Hazel-master,../repos/Hazel-master/Hazel/vendor/entt/include/entt.hpp,"(10841, 5)-(10841, 30)",b'using type = type_list<>;'
Hazel-master,../repos/Hazel-master/Hazel/vendor/entt/include/entt.hpp,"(10854, 5)-(10854, 86)",b'using type = typename type_list_cat<type_list...'
Hazel-master,../repos/Hazel-master/Hazel/vendor/entt/include/entt.hpp,"(10865, 5)-(10865, 37)",b'using type = type_list<Type...>;'
Hazel-master,../repos/Hazel-master/Hazel/vendor/entt/include/entt.hpp,"(10874, 1)-(10874, 63)",b'using type_list_cat_t = typename type_list_ca...'
Hazel-master,../repos/Hazel-master/Hazel/vendor/entt/include/entt.hpp,"(10890, 5)-(10894, 7)",b'using type = std::conditional_t<\n        std:...'
Hazel-master,../repos/Hazel-master/Hazel/vendor/entt/include/entt.hpp,"(10902, 5)-(10902, 30)",b'using type = type_list<>;'
Hazel-master,../repos/Hazel-master/Hazel/vendor/entt/include/entt.hpp,"(10911, 1)-(10911, 66)",b'using type_list_unique_t = typename type_list...'
Hazel-master,../repos/Hazel-master/Hazel/vendor/entt/include/entt.hpp,"(10955, 5)-(10955, 81)",b'using type = std::remove_pointer_t<decltype(c...'
Hazel-master,../repos/Hazel-master/Hazel/vendor/entt/include/entt.hpp,"(10964, 1)-(10964, 60)",b'using member_class_t = typename member_class<...'
Hazel-master,../repos/Hazel-master/Hazel/vendor/entt/include/entt.hpp,"(11156, 5)-(11156, 35)",b'using size_type = std::size_t;'
Hazel-master,../repos/Hazel-master/Hazel/vendor/entt/include/entt.hpp,"(11186, 5)-(11186, 35)",b'using size_type = std::size_t;'
Hazel-master,../repos/Hazel-master/Hazel/vendor/entt/include/entt.hpp,"(11201, 5)-(11201, 35)",b'using size_type = std::size_t;'
Hazel-master,../repos/Hazel-master/Hazel/vendor/entt/include/entt.hpp,"(11377, 5)-(11377, 82)",b'using storage_type = std::aligned_storage_t<s...'
Hazel-master,../repos/Hazel-master/Hazel/vendor/entt/include/entt.hpp,"(11378, 5)-(11378, 61)","b'using copy_fn_type = void(meta_any &, const m...'"
Hazel-master,../repos/Hazel-master/Hazel/vendor/entt/include/entt.hpp,"(11379, 5)-(11379, 56)","b'using steal_fn_type = void(meta_any &, meta_a...'"
Hazel-master,../repos/Hazel-master/Hazel/vendor/entt/include/entt.hpp,"(11380, 5)-(11380, 46)",b'using destroy_fn_type = void(meta_any &);'
Hazel-master,../repos/Hazel-master/Hazel/vendor/entt/include/entt.hpp,"(11462, 13)-(11462, 94)",b'using traits_type = type_traits<std::remove_c...'
Hazel-master,../repos/Hazel-master/Hazel/vendor/entt/include/entt.hpp,"(11901, 5)-(11901, 68)",b'using size_type = typename internal::meta_cto...'
Hazel-master,../repos/Hazel-master/Hazel/vendor/entt/include/entt.hpp,"(12128, 5)-(12128, 68)",b'using size_type = typename internal::meta_fun...'
Hazel-master,../repos/Hazel-master/Hazel/vendor/entt/include/entt.hpp,"(12257, 5)-(12257, 68)",b'using size_type = typename internal::meta_typ...'
Hazel-master,../repos/Hazel-master/Hazel/vendor/entt/include/entt.hpp,"(12713, 1)-(12713, 68)","b'using as_alias_t [[deprecated(""use as_ref_t i...'"
Hazel-master,../repos/Hazel-master/Hazel/vendor/entt/include/entt.hpp,"(12754, 5)-(12754, 72)",b'using return_type = std::remove_cv_t<std::rem...'
Hazel-master,../repos/Hazel-master/Hazel/vendor/entt/include/entt.hpp,"(12755, 5)-(12755, 86)",b'using args_type = std::tuple<std::remove_cv_t...'
Hazel-master,../repos/Hazel-master/Hazel/vendor/entt/include/entt.hpp,"(12791, 1)-(12791, 93)",b'using meta_function_helper_t = decltype(to_me...'
Hazel-master,../repos/Hazel-master/Hazel/vendor/entt/include/entt.hpp,"(12813, 13)-(12813, 72)",b'using helper_type = meta_function_helper_t<de...'
Hazel-master,../repos/Hazel-master/Hazel/vendor/entt/include/entt.hpp,"(12814, 13)-(12814, 137)",b'using data_type = std::tuple_element_t<!std::...'
Hazel-master,../repos/Hazel-master/Hazel/vendor/entt/include/entt.hpp,"(12824, 13)-(12824, 111)",b'using data_type = std::remove_cv_t<std::remov...'
Hazel-master,../repos/Hazel-master/Hazel/vendor/entt/include/entt.hpp,"(12829, 17)-(12829, 73)",b'using underlying_type = std::remove_extent_t<...'
Hazel-master,../repos/Hazel-master/Hazel/vendor/entt/include/entt.hpp,"(12847, 13)-(12847, 90)",b'using data_type = std::remove_cv_t<std::remov...'
Hazel-master,../repos/Hazel-master/Hazel/vendor/entt/include/entt.hpp,"(12850, 17)-(12850, 73)",b'using underlying_type = std::remove_extent_t<...'
Hazel-master,../repos/Hazel-master/Hazel/vendor/entt/include/entt.hpp,"(12891, 9)-(12891, 107)",b'using data_type = std::remove_cv_t<std::remov...'
Hazel-master,../repos/Hazel-master/Hazel/vendor/entt/include/entt.hpp,"(12916, 5)-(12916, 69)",b'using helper_type = meta_function_helper_t<de...'
Hazel-master,../repos/Hazel-master/Hazel/vendor/entt/include/entt.hpp,"(12931, 9)-(12931, 68)",b'using arg_type = std::remove_reference_t<decl...'
Hazel-master,../repos/Hazel-master/Hazel/vendor/entt/include/entt.hpp,"(13200, 9)-(13200, 77)",b'using conv_type = std::invoke_result_t<declty...'
Hazel-master,../repos/Hazel-master/Hazel/vendor/entt/include/entt.hpp,"(13234, 9)-(13234, 78)",b'using helper_type = internal::meta_function_h...'
Hazel-master,../repos/Hazel-master/Hazel/vendor/entt/include/entt.hpp,"(13268, 9)-(13268, 80)",b'using helper_type = internal::meta_function_h...'
Hazel-master,../repos/Hazel-master/Hazel/vendor/entt/include/entt.hpp,"(13360, 13)-(13360, 93)",b'using data_type = std::remove_reference_t<dec...'
Hazel-master,../repos/Hazel-master/Hazel/vendor/entt/include/entt.hpp,"(13377, 13)-(13377, 83)",b'using data_type = std::remove_pointer_t<std::...'
Hazel-master,../repos/Hazel-master/Hazel/vendor/entt/include/entt.hpp,"(13425, 9)-(13425, 80)",b'using underlying_type = std::invoke_result_t<...'
Hazel-master,../repos/Hazel-master/Hazel/vendor/entt/include/entt.hpp,"(13465, 9)-(13465, 83)",b'using helper_type = internal::meta_function_h...'
Hazel-master,../repos/Hazel-master/Hazel/vendor/entt/include/entt.hpp,"(13823, 1)-(13823, 30)",b'using id_type = ENTT_ID_TYPE;'
Hazel-master,../repos/Hazel-master/Hazel/vendor/entt/include/entt.hpp,"(13851, 5)-(13851, 32)",b'using type = std::uint32_t;'
Hazel-master,../repos/Hazel-master/Hazel/vendor/entt/include/entt.hpp,"(13859, 5)-(13859, 32)",b'using type = std::uint64_t;'
Hazel-master,../repos/Hazel-master/Hazel/vendor/entt/include/entt.hpp,"(13887, 5)-(13887, 57)",b'using traits_type = internal::fnv1a_traits<id...'
Hazel-master,../repos/Hazel-master/Hazel/vendor/entt/include/entt.hpp,"(13908, 5)-(13908, 29)",b'using value_type = Char;'
Hazel-master,../repos/Hazel-master/Hazel/vendor/entt/include/entt.hpp,"(13910, 5)-(13910, 31)",b'using hash_type = id_type;'
Hazel-master,../repos/Hazel-master/Hazel/vendor/entt/include/entt.hpp,"(14055, 1)-(14055, 49)",b'using hashed_string = basic_hashed_string<char>;'
Hazel-master,../repos/Hazel-master/Hazel/vendor/entt/include/entt.hpp,"(14059, 1)-(14059, 53)",b'using hashed_wstring = basic_hashed_string<wc...'
Hazel-master,../repos/Hazel-master/Hazel/vendor/entt/include/entt.hpp,"(14099, 1)-(14099, 74)",b'using integral_constant = std::integral_const...'
Hazel-master,../repos/Hazel-master/Hazel/vendor/entt/include/entt.hpp,"(14107, 1)-(14107, 38)",b'using tag = integral_constant<Value>;'
Hazel-master,../repos/Hazel-master/Hazel/vendor/entt/include/entt.hpp,"(14173, 5)-(14173, 30)",b'using type = type_list<>;'
Hazel-master,../repos/Hazel-master/Hazel/vendor/entt/include/entt.hpp,"(14186, 5)-(14186, 86)",b'using type = typename type_list_cat<type_list...'
Hazel-master,../repos/Hazel-master/Hazel/vendor/entt/include/entt.hpp,"(14197, 5)-(14197, 37)",b'using type = type_list<Type...>;'
Hazel-master,../repos/Hazel-master/Hazel/vendor/entt/include/entt.hpp,"(14206, 1)-(14206, 63)",b'using type_list_cat_t = typename type_list_ca...'
Hazel-master,../repos/Hazel-master/Hazel/vendor/entt/include/entt.hpp,"(14222, 5)-(14226, 7)",b'using type = std::conditional_t<\n        std:...'
Hazel-master,../repos/Hazel-master/Hazel/vendor/entt/include/entt.hpp,"(14234, 5)-(14234, 30)",b'using type = type_list<>;'
Hazel-master,../repos/Hazel-master/Hazel/vendor/entt/include/entt.hpp,"(14243, 1)-(14243, 66)",b'using type_list_unique_t = typename type_list...'
Hazel-master,../repos/Hazel-master/Hazel/vendor/entt/include/entt.hpp,"(14287, 5)-(14287, 81)",b'using type = std::remove_pointer_t<decltype(c...'
Hazel-master,../repos/Hazel-master/Hazel/vendor/entt/include/entt.hpp,"(14296, 1)-(14296, 60)",b'using member_class_t = typename member_class<...'
Hazel-master,../repos/Hazel-master/Hazel/vendor/entt/include/entt.hpp,"(14477, 5)-(14477, 30)",b'using delta_type = Delta;'
Hazel-master,../repos/Hazel-master/Hazel/vendor/entt/include/entt.hpp,"(14696, 9)-(14696, 70)","b'using instance_type = std::unique_ptr<void, v...'"
Hazel-master,../repos/Hazel-master/Hazel/vendor/entt/include/entt.hpp,"(14697, 9)-(14697, 71)",b'using update_fn_type = bool(process_handler &...'
Hazel-master,../repos/Hazel-master/Hazel/vendor/entt/include/entt.hpp,"(14698, 9)-(14698, 61)","b'using abort_fn_type = void(process_handler &,...'"
Hazel-master,../repos/Hazel-master/Hazel/vendor/entt/include/entt.hpp,"(14699, 9)-(14699, 60)",b'using next_type = std::unique_ptr<process_han...'
Hazel-master,../repos/Hazel-master/Hazel/vendor/entt/include/entt.hpp,"(14764, 5)-(14764, 35)",b'using size_type = std::size_t;'
Hazel-master,../repos/Hazel-master/Hazel/vendor/entt/include/entt.hpp,"(14889, 9)-(14889, 65)",b'using Proc = process_adaptor<std::decay_t<Fun...'
Hazel-master,../repos/Hazel-master/Hazel/vendor/entt/include/entt.hpp,"(15114, 1)-(15114, 30)",b'using id_type = ENTT_ID_TYPE;'
Hazel-master,../repos/Hazel-master/Hazel/vendor/entt/include/entt.hpp,"(15346, 5)-(15346, 35)",b'using size_type = std::size_t;'
Hazel-master,../repos/Hazel-master/Hazel/vendor/entt/include/entt.hpp,"(15348, 5)-(15348, 36)",b'using resource_type = Resource;'
Hazel-master,../repos/Hazel-master/Hazel/vendor/entt/include/entt.hpp,"(15675, 1)-(15675, 90)",b'using function_pointer_t = decltype(internal:...'
Hazel-master,../repos/Hazel-master/Hazel/vendor/entt/include/entt.hpp,"(15727, 5)-(15727, 54)","b'using proto_fn_type = Ret(const void *, Args...);'"
Hazel-master,../repos/Hazel-master/Hazel/vendor/entt/include/entt.hpp,"(15757, 5)-(15757, 40)",b'using function_type = Ret(Args...);'
Hazel-master,../repos/Hazel-master/Hazel/vendor/entt/include/entt.hpp,"(16055, 1)-(16055, 30)",b'using id_type = ENTT_ID_TYPE;'
Hazel-master,../repos/Hazel-master/Hazel/vendor/entt/include/entt.hpp,"(16136, 5)-(16136, 32)",b'using type = std::uint32_t;'
Hazel-master,../repos/Hazel-master/Hazel/vendor/entt/include/entt.hpp,"(16144, 5)-(16144, 32)",b'using type = std::uint64_t;'
Hazel-master,../repos/Hazel-master/Hazel/vendor/entt/include/entt.hpp,"(16172, 5)-(16172, 57)",b'using traits_type = internal::fnv1a_traits<id...'
Hazel-master,../repos/Hazel-master/Hazel/vendor/entt/include/entt.hpp,"(16193, 5)-(16193, 29)",b'using value_type = Char;'
Hazel-master,../repos/Hazel-master/Hazel/vendor/entt/include/entt.hpp,"(16195, 5)-(16195, 31)",b'using hash_type = id_type;'
Hazel-master,../repos/Hazel-master/Hazel/vendor/entt/include/entt.hpp,"(16340, 1)-(16340, 49)",b'using hashed_string = basic_hashed_string<char>;'
Hazel-master,../repos/Hazel-master/Hazel/vendor/entt/include/entt.hpp,"(16344, 1)-(16344, 53)",b'using hashed_wstring = basic_hashed_string<wc...'
Hazel-master,../repos/Hazel-master/Hazel/vendor/entt/include/entt.hpp,"(16577, 5)-(16577, 35)",b'using size_type = std::size_t;'
Hazel-master,../repos/Hazel-master/Hazel/vendor/entt/include/entt.hpp,"(16579, 5)-(16579, 48)",b'using sink_type = entt::sink<Ret(Args...)>;'
Hazel-master,../repos/Hazel-master/Hazel/vendor/entt/include/entt.hpp,"(16586, 5)-(16586, 35)",b'using instance_type = Class *;'
Hazel-master,../repos/Hazel-master/Hazel/vendor/entt/include/entt.hpp,"(16778, 5)-(16778, 44)",b'using signal_type = sigh<Ret(Args...)>;'
Hazel-master,../repos/Hazel-master/Hazel/vendor/entt/include/entt.hpp,"(16779, 5)-(16779, 125)",b'using difference_type = typename std::iterato...'
Hazel-master,../repos/Hazel-master/Hazel/vendor/entt/include/entt.hpp,"(17056, 9)-(17056, 55)",b'using signal_type = sigh<void(const Event &)>;'
Hazel-master,../repos/Hazel-master/Hazel/vendor/entt/include/entt.hpp,"(17057, 9)-(17057, 59)",b'using sink_type = typename signal_type::sink_type;'
Hazel-master,../repos/Hazel-master/Hazel/vendor/entt/include/entt.hpp,"(17315, 9)-(17315, 77)",b'using listener_type = std::function<void(cons...'
Hazel-master,../repos/Hazel-master/Hazel/vendor/entt/include/entt.hpp,"(17316, 9)-(17316, 61)","b'using element_type = std::pair<bool, listener...'"
Hazel-master,../repos/Hazel-master/Hazel/vendor/entt/include/entt.hpp,"(17317, 9)-(17317, 56)",b'using container_type = std::list<element_type>;'
Hazel-master,../repos/Hazel-master/Hazel/vendor/entt/include/entt.hpp,"(17318, 9)-(17318, 67)",b'using connection_type = typename container_ty...'
Hazel-master,../repos/Hazel-master/Hazel/vendor/entt/include/entt.hpp,"(17419, 5)-(17419, 66)",b'using listener = typename pool_handler<Event>...'
