Repo name,File name,Location,Content
moveit,../repos/moveit/moveit_planners/trajopt/test/trajectory_test.cpp,"(149, 3)-(157, 4)",b'try\n  {\n    planner_plugin_loader = std::make...'
moveit,../repos/moveit/moveit_planners/trajopt/test/trajectory_test.cpp,"(158, 3)-(174, 4)",b'try\n  {\n    planner_instance.reset(planner_pl...'
moveit,../repos/moveit/moveit_planners/pilz_industrial_motion_planner/src/trajectory_generator_circ.cpp,"(231, 3)-(259, 4)",b'try\n  {\n    if (info.circ_path_point.first ==...'
moveit,../repos/moveit/moveit_planners/pilz_industrial_motion_planner/src/trajectory_generator.cpp,"(295, 3)-(305, 4)","b'try\n  {\n    validateRequest(req, scene->getCu...'"
moveit,../repos/moveit/moveit_planners/pilz_industrial_motion_planner/src/trajectory_generator.cpp,"(307, 3)-(317, 4)",b'try\n  {\n    cmdSpecificRequestValidation(req)...'
moveit,../repos/moveit/moveit_planners/pilz_industrial_motion_planner/src/trajectory_generator.cpp,"(320, 3)-(330, 4)",b'try\n  {\n    extractMotionPlanInfo(plan_info.s...'
moveit,../repos/moveit/moveit_planners/pilz_industrial_motion_planner/src/trajectory_generator.cpp,"(333, 3)-(343, 4)","b'try\n  {\n    plan(plan_info.start_scene, req, ...'"
moveit,../repos/moveit/moveit_planners/pilz_industrial_motion_planner/src/path_circle_generator.cpp,"(57, 3)-(72, 4)",b'try\n  {\n    KDL::epsilon = MAX_COLINEAR_NORM;...'
moveit,../repos/moveit/moveit_planners/pilz_industrial_motion_planner/src/path_circle_generator.cpp,"(124, 3)-(139, 4)",b'try\n  {\n    return std::unique_ptr<KDL::Path>...'
moveit,../repos/moveit/moveit_planners/pilz_industrial_motion_planner/src/move_group_sequence_action.cpp,"(156, 3)-(163, 4)",b'try\n  {\n    action_res.response.sequence_star...'
moveit,../repos/moveit/moveit_planners/pilz_industrial_motion_planner/src/move_group_sequence_action.cpp,"(195, 3)-(222, 4)",b'try\n  {\n    // Select planning_pipeline to ha...'
moveit,../repos/moveit/moveit_planners/pilz_industrial_motion_planner/src/move_group_sequence_action.cpp,"(233, 3)-(240, 4)",b'try\n  {\n    res.response.sequence_start = sta...'
moveit,../repos/moveit/moveit_planners/pilz_industrial_motion_planner/src/move_group_sequence_action.cpp,"(253, 3)-(279, 4)",b'try\n  {\n    // Select planning_pipeline to ha...'
moveit,../repos/moveit/moveit_planners/pilz_industrial_motion_planner/src/move_group_sequence_service.cpp,"(80, 3)-(107, 4)",b'try\n  {\n    // Select planning_pipeline to ha...'
moveit,../repos/moveit/moveit_planners/pilz_industrial_motion_planner/include/pilz_industrial_motion_planner/joint_limits_interface_extension.h,"(55, 3)-(71, 4)",b'try\n  {\n    const std::string limits_namespac...'
moveit,../repos/moveit/moveit_planners/pilz_industrial_motion_planner/test/test_utils.cpp,"(334, 3)-(342, 4)",b'try\n  {\n    rstate.setVariablePositions(joint...'
moveit,../repos/moveit/moveit_planners/pilz_industrial_motion_planner/test/unittest_planning_context_loaders.cpp,"(66, 5)-(76, 6)",b'try\n    {\n      planning_context_loader_class...'
moveit,../repos/moveit/moveit_planners/pilz_industrial_motion_planner/test/unittest_planning_context_loaders.cpp,"(79, 5)-(86, 6)",b'try\n    {\n      planning_context_loader_.rese...'
moveit,../repos/moveit/moveit_planners/pilz_industrial_motion_planner/test/unittest_planning_context_loaders.cpp,"(163, 3)-(170, 4)",b'try\n  {\n    res = planning_context_loader_->l...'
moveit,../repos/moveit/moveit_planners/pilz_industrial_motion_planner/test/unittest_pilz_industrial_motion_planner.cpp,"(75, 5)-(84, 6)",b'try\n    {\n      planner_plugin_loader_ = std:...'
moveit,../repos/moveit/moveit_planners/pilz_industrial_motion_planner/test/unittest_pilz_industrial_motion_planner.cpp,"(87, 5)-(96, 6)",b'try\n    {\n      planner_instance_.reset(plann...'
moveit,../repos/moveit/moveit_planners/sbpl/core/sbpl_interface/src/sbpl_meta_interface.cpp,"(152, 3)-(171, 4)",b'try\n  {\n    if (use_first)\n    {\n      std::c...'
moveit,../repos/moveit/moveit_planners/ompl/ompl_interface/src/detail/constraints_library.cpp,"(355, 3)-(361, 4)",b'try\n  {\n    boost::filesystem::create_directo...'
moveit,../repos/moveit/moveit_planners/ompl/ompl_interface/src/planning_context_manager.cpp,"(518, 5)-(528, 6)","b'try\n    {\n      context->configure(nh, use_co...'"
moveit,../repos/moveit/moveit_planners/ompl/ompl_interface/test/test_state_space.cpp,"(79, 3)-(87, 4)",b'try\n  {\n    ss.sanityChecks();\n    passed = t...'
moveit,../repos/moveit/moveit_planners/ompl/ompl_interface/test/test_state_space.cpp,"(122, 3)-(130, 4)",b'try\n  {\n    joint_model_state_space.sanityChe...'
moveit,../repos/moveit/moveit_planners/pilz_industrial_motion_planner_testutils/src/xml_testdata_loader.cpp,"(395, 3)-(402, 4)",b'try\n  {\n    aux_pos_name = cmd_node.second.ge...'
moveit,../repos/moveit/moveit_planners/pilz_industrial_motion_planner_testutils/src/xml_testdata_loader.cpp,"(414, 3)-(421, 4)",b'try\n  {\n    aux_pos_name = cmd_node.second.ge...'
moveit,../repos/moveit/moveit_ros/robot_interaction/src/robot_interaction.cpp,"(760, 7)-(815, 8)","b'try\n      {\n        if (marker_class == ""EE"")...'"
moveit,../repos/moveit/moveit_ros/robot_interaction/src/robot_interaction.cpp,"(768, 11)-(775, 12)",b'try\n          {\n            ih->handleEndEffe...'
moveit,../repos/moveit/moveit_ros/robot_interaction/src/robot_interaction.cpp,"(784, 11)-(791, 12)",b'try\n          {\n            ih->handleJoint(v...'
moveit,../repos/moveit/moveit_ros/robot_interaction/src/robot_interaction.cpp,"(799, 11)-(806, 12)",b'try\n          {\n            ih->handleGeneric...'
moveit,../repos/moveit/moveit_ros/robot_interaction/src/interaction_handler.cpp,"(381, 7)-(397, 8)",b'try\n      {\n        geometry_msgs::PoseStampe...'
moveit,../repos/moveit/moveit_ros/manipulation/pick_place/src/manipulation_pipeline.cpp,"(169, 7)-(202, 8)",b'try\n      {\n        g->error_code_.val = move...'
moveit,../repos/moveit/moveit_ros/manipulation/move_group_pick_place_capability/src/pick_place_action_capability.cpp,"(92, 3)-(100, 4)",b'try\n  {\n    planning_scene_monitor::LockedPla...'
moveit,../repos/moveit/moveit_ros/manipulation/move_group_pick_place_capability/src/pick_place_action_capability.cpp,"(132, 3)-(140, 4)",b'try\n  {\n    planning_scene_monitor::LockedPla...'
moveit,../repos/moveit/moveit_ros/manipulation/move_group_pick_place_capability/src/pick_place_action_capability.cpp,"(177, 3)-(184, 4)",b'try\n  {\n    pick_plan = pick_place_->planPick...'
moveit,../repos/moveit/moveit_ros/manipulation/move_group_pick_place_capability/src/pick_place_action_capability.cpp,"(220, 3)-(227, 4)",b'try\n  {\n    place_plan = pick_place_->planPla...'
moveit,../repos/moveit/moveit_ros/planning/moveit_cpp/src/planning_component.cpp,"(253, 7)-(262, 8)",b'try\n      {\n        plan_solution = plan(plan...'
moveit,../repos/moveit/moveit_ros/planning/moveit_cpp/src/moveit_cpp.cpp,"(143, 5)-(157, 6)",b'try\n    {\n      auto pipeline =\n          std...'
moveit,../repos/moveit/moveit_ros/planning/moveit_cpp/src/moveit_cpp.cpp,"(258, 3)-(272, 4)",b'try\n  {\n    auto const& planning_pipeline = p...'
moveit,../repos/moveit/moveit_ros/planning/plan_execution/src/plan_with_sensing.cpp,"(89, 5)-(97, 6)",b'try\n    {\n      sensor_manager_loader_ = std:...'
moveit,../repos/moveit/moveit_ros/planning/plan_execution/src/plan_with_sensing.cpp,"(102, 9)-(109, 10)",b'try\n        {\n          sensor_manager_ = sen...'
moveit,../repos/moveit/moveit_ros/planning/planning_scene_monitor/src/planning_scene_monitor.cpp,"(198, 7)-(220, 8)",b'try\n      {\n        scene_ = std::make_shared...'
moveit,../repos/moveit/moveit_ros/planning/planning_scene_monitor/src/planning_scene_monitor.cpp,"(1026, 3)-(1072, 4)",b'try\n  {\n    boost::recursive_mutex::scoped_lo...'
moveit,../repos/moveit/moveit_ros/planning/planning_scene_monitor/src/planning_scene_monitor.cpp,"(1249, 5)-(1258, 6)",b'try\n    {\n      scene_->processOctomapPtr(oct...'
moveit,../repos/moveit/moveit_ros/planning/planning_scene_monitor/src/planning_scene_monitor.cpp,"(1346, 5)-(1356, 6)",b'try\n    {\n      f = tf_buffer_->lookupTransfo...'
moveit,../repos/moveit/moveit_ros/planning/planning_scene_monitor/src/current_state_monitor.cpp,"(388, 7)-(400, 8)",b'try\n      {\n        transf = tf_buffer_->look...'
moveit,../repos/moveit/moveit_ros/planning/planning_components_tools/src/kinematics_speed_and_validity_evaluator.cpp,"(76, 11)-(82, 12)",b'try\n          {\n            test_count = boos...'
moveit,../repos/moveit/moveit_ros/planning/constraint_sampler_manager_loader/src/constraint_sampler_manager_loader.cpp,"(53, 7)-(63, 8)",b'try\n      {\n        constraint_sampler_plugin...'
moveit,../repos/moveit/moveit_ros/planning/constraint_sampler_manager_loader/src/constraint_sampler_manager_loader.cpp,"(68, 9)-(78, 10)",b'try\n        {\n          constraint_samplers::...'
moveit,../repos/moveit/moveit_ros/planning/kinematics_plugin_loader/src/kinematics_plugin_loader.cpp,"(71, 5)-(80, 6)",b'try\n    {\n      kinematics_loader_ =\n        ...'
moveit,../repos/moveit/moveit_ros/planning/kinematics_plugin_loader/src/kinematics_plugin_loader.cpp,"(166, 7)-(200, 8)",b'try\n      {\n        result = kinematics_loade...'
moveit,../repos/moveit/moveit_ros/planning/trajectory_execution_manager/src/trajectory_execution_manager.cpp,"(127, 3)-(137, 4)",b'try\n  {\n    controller_manager_loader_ =\n    ...'
moveit,../repos/moveit/moveit_ros/planning/trajectory_execution_manager/src/trajectory_execution_manager.cpp,"(160, 7)-(168, 8)",b'try\n      {\n        controller_manager_ = con...'
moveit,../repos/moveit/moveit_ros/planning/trajectory_execution_manager/src/trajectory_execution_manager.cpp,"(936, 5)-(943, 6)",b'try\n    {\n      active_handle->cancelExecutio...'
moveit,../repos/moveit/moveit_ros/planning/trajectory_execution_manager/src/trajectory_execution_manager.cpp,"(1126, 11)-(1133, 12)",b'try\n          {\n            h = controller_ma...'
moveit,../repos/moveit/moveit_ros/planning/trajectory_execution_manager/src/trajectory_execution_manager.cpp,"(1149, 11)-(1156, 12)",b'try\n          {\n            ok = active_handl...'
moveit,../repos/moveit/moveit_ros/planning/trajectory_execution_manager/src/trajectory_execution_manager.cpp,"(1160, 15)-(1167, 16)",b'try\n              {\n                active_ha...'
moveit,../repos/moveit/moveit_ros/planning/planning_pipeline/src/planning_pipeline.cpp,"(94, 3)-(102, 4)",b'try\n  {\n    planner_plugin_loader_ = std::mak...'
moveit,../repos/moveit/moveit_ros/planning/planning_pipeline/src/planning_pipeline.cpp,"(120, 3)-(132, 4)",b'try\n  {\n    planner_instance_ = planner_plugi...'
moveit,../repos/moveit/moveit_ros/planning/planning_pipeline/src/planning_pipeline.cpp,"(138, 5)-(147, 6)",b'try\n    {\n      adapter_plugin_loader_ =\n    ...'
moveit,../repos/moveit/moveit_ros/planning/planning_pipeline/src/planning_pipeline.cpp,"(153, 9)-(161, 10)",b'try\n        {\n          ad = adapter_plugin_l...'
moveit,../repos/moveit/moveit_ros/planning/planning_pipeline/src/planning_pipeline.cpp,"(240, 3)-(266, 4)",b'try\n  {\n    if (adapter_chain_)\n    {\n      s...'
moveit,../repos/moveit/moveit_ros/planning/planning_request_adapter_plugins/src/list.cpp,"(47, 3)-(55, 4)",b'try\n  {\n    loader = std::make_unique<pluginl...'
moveit,../repos/moveit/moveit_ros/planning/planning_request_adapter_plugins/src/list.cpp,"(63, 5)-(71, 6)",b'try\n    {\n      ad = loader->createUniqueInst...'
moveit,../repos/moveit/moveit_ros/benchmarks/src/BenchmarkExecutor.cpp,"(408, 3)-(430, 4)",b'try\n  {\n    warehouse_ros::DatabaseConnection...'
moveit,../repos/moveit/moveit_ros/benchmarks/src/BenchmarkExecutor.cpp,"(571, 3)-(599, 4)",b'try\n  {\n    if (pss_->hasPlanningScene(scene_...'
moveit,../repos/moveit/moveit_ros/benchmarks/src/BenchmarkExecutor.cpp,"(611, 3)-(619, 4)",b'try\n  {\n    pss_->getPlanningQueriesNames(reg...'
moveit,../repos/moveit/moveit_ros/benchmarks/src/BenchmarkExecutor.cpp,"(630, 5)-(638, 6)",b'try\n    {\n      pss_->getPlanningQuery(planni...'
moveit,../repos/moveit/moveit_ros/benchmarks/src/BenchmarkExecutor.cpp,"(662, 9)-(676, 10)",b'try\n        {\n          if (rs_->getRobotStat...'
moveit,../repos/moveit/moveit_ros/benchmarks/src/BenchmarkExecutor.cpp,"(697, 7)-(711, 8)",b'try\n      {\n        if (cs_->getConstraints(c...'
moveit,../repos/moveit/moveit_ros/benchmarks/src/BenchmarkExecutor.cpp,"(733, 7)-(747, 8)",b'try\n      {\n        if (tcs_->getTrajectoryCo...'
moveit,../repos/moveit/moveit_ros/benchmarks/benchmarks/src/benchmark_execution.cpp,"(99, 3)-(107, 4)",b'try\n  {\n    planner_plugin_loader_ = std::mak...'
moveit,../repos/moveit/moveit_ros/benchmarks/benchmarks/src/benchmark_execution.cpp,"(114, 5)-(123, 6)",b'try\n    {\n      planning_interface::PlannerMa...'
moveit,../repos/moveit/moveit_ros/benchmarks/benchmarks/src/benchmark_execution.cpp,"(151, 7)-(158, 8)",b'try\n      {\n        ok = psws_.getPlanningSce...'
moveit,../repos/moveit/moveit_ros/benchmarks/benchmarks/src/benchmark_execution.cpp,"(177, 5)-(184, 6)",b'try\n    {\n      ok = pss_.getPlanningScene(ps...'
moveit,../repos/moveit/moveit_ros/benchmarks/benchmarks/src/benchmark_execution.cpp,"(209, 3)-(216, 4)",b'try\n  {\n    pss_.getPlanningQueriesNames(opti...'
moveit,../repos/moveit/moveit_ros/benchmarks/benchmarks/src/benchmark_execution.cpp,"(266, 7)-(273, 8)",b'try\n      {\n        got_robot_state = rs_.get...'
moveit,../repos/moveit/moveit_ros/benchmarks/benchmarks/src/benchmark_execution.cpp,"(343, 9)-(350, 10)",b'try\n        {\n          got_constraints = cs_...'
moveit,../repos/moveit/moveit_ros/benchmarks/benchmarks/src/benchmark_execution.cpp,"(422, 9)-(429, 10)",b'try\n        {\n          got_constraints = tcs...'
moveit,../repos/moveit/moveit_ros/benchmarks/benchmarks/src/benchmark_execution.cpp,"(513, 3)-(760, 4)",b'try\n  {\n    boost::program_options::options_d...'
moveit,../repos/moveit/moveit_ros/benchmarks/benchmarks/src/benchmark_execution.cpp,"(558, 5)-(577, 6)","b'try\n    {\n      memset(options_.offsets, 0, 6...'"
moveit,../repos/moveit/moveit_ros/benchmarks/benchmarks/src/benchmark_execution.cpp,"(595, 9)-(610, 10)",b'try\n        {\n          // add workspace boun...'
moveit,../repos/moveit/moveit_ros/benchmarks/benchmarks/src/benchmark_execution.cpp,"(625, 7)-(632, 8)",b'try\n      {\n        default_run_count = boost...'
moveit,../repos/moveit/moveit_ros/benchmarks/benchmarks/src/benchmark_execution.cpp,"(640, 7)-(647, 8)",b'try\n      {\n        options_.timeout = boost:...'
moveit,../repos/moveit/moveit_ros/benchmarks/benchmarks/src/benchmark_execution.cpp,"(676, 13)-(683, 14)",b'try\n            {\n              bpo->runs = b...'
moveit,../repos/moveit/moveit_ros/benchmarks/benchmarks/src/benchmark_execution.cpp,"(720, 9)-(734, 10)",b'try\n        {\n          new_sweep.start = boo...'
moveit,../repos/moveit/moveit_ros/benchmarks/benchmarks/src/benchmark_execution.cpp,"(1418, 7)-(1426, 8)",b'try\n      {\n        double value = param_comb...'
moveit,../repos/moveit/moveit_ros/planning_interface/move_group_interface/src/move_group_interface.cpp,"(1294, 5)-(1306, 6)",b'try\n    {\n      warehouse_ros::DatabaseConnec...'
moveit,../repos/moveit/moveit_ros/perception/lazy_free_space_updater/src/lazy_free_space_updater.cpp,"(172, 5)-(187, 6)",b'try\n    {\n      // set the logodds to the min...'
moveit,../repos/moveit/moveit_ros/perception/depth_image_octomap_updater/src/depth_image_octomap_updater.cpp,"(89, 3)-(115, 4)",b'try\n  {\n    sensor_type_ = (std::string)param...'
moveit,../repos/moveit/moveit_ros/perception/depth_image_octomap_updater/src/depth_image_octomap_updater.cpp,"(272, 9)-(285, 10)",b'try\n        {\n          tf2::fromMsg(tf_buffe...'
moveit,../repos/moveit/moveit_ros/perception/depth_image_octomap_updater/src/depth_image_octomap_updater.cpp,"(467, 3)-(536, 4)",b'try\n  {\n    const int h_bound = h - skip_vert...'
moveit,../repos/moveit/moveit_ros/perception/depth_image_octomap_updater/src/depth_image_octomap_updater.cpp,"(545, 3)-(554, 4)",b'try\n  {\n    /* now mark all occupied cells */...'
moveit,../repos/moveit/moveit_ros/perception/mesh_filter/src/transform_provider.cpp,"(134, 3)-(144, 4)",b'try\n  {\n    geometry_msgs::TransformStamped c...'
moveit,../repos/moveit/moveit_ros/perception/mesh_filter/src/transform_provider.cpp,"(149, 5)-(165, 6)",b'try\n    {\n      // TODO: check logic here - w...'
moveit,../repos/moveit/moveit_ros/perception/pointcloud_octomap_updater/src/pointcloud_octomap_updater.cpp,"(71, 3)-(92, 4)","b'try\n  {\n    if (!params.hasMember(""point_clou...'"
moveit,../repos/moveit/moveit_ros/perception/pointcloud_octomap_updater/src/pointcloud_octomap_updater.cpp,"(205, 7)-(215, 8)",b'try\n      {\n        tf2::fromMsg(tf_buffer_->...'
moveit,../repos/moveit/moveit_ros/perception/pointcloud_octomap_updater/src/pointcloud_octomap_updater.cpp,"(260, 3)-(333, 4)",b'try\n  {\n    /* do ray tracing to find which c...'
moveit,../repos/moveit/moveit_ros/perception/pointcloud_octomap_updater/src/pointcloud_octomap_updater.cpp,"(347, 3)-(365, 4)",b'try\n  {\n    /* mark free cells only if not se...'
moveit,../repos/moveit/moveit_ros/warehouse/warehouse/src/warehouse_services.cpp,"(155, 3)-(177, 4)",b'try\n  {\n    conn = moveit_warehouse::loadData...'
moveit,../repos/moveit/moveit_ros/warehouse/warehouse/src/broadcast.cpp,"(85, 3)-(93, 4)","b'try\n  {\n    delay = vm[""delay""].as<double>();...'"
moveit,../repos/moveit/moveit_ros/moveit_servo/src/servo_calcs.cpp,"(959, 5)-(967, 6)",b'try\n    {\n      c = joint_state_name_map_.at(...'
moveit,../repos/moveit/moveit_ros/moveit_servo/src/servo_calcs.cpp,"(986, 5)-(996, 6)",b'try\n    {\n      output.position[i] += increme...'
moveit,../repos/moveit/moveit_ros/moveit_servo/src/pose_tracking.cpp,"(241, 5)-(254, 6)",b'try\n    {\n      geometry_msgs::TransformStamp...'
moveit,../repos/moveit/moveit_ros/move_group/src/move_group_capability.cpp,"(179, 3)-(191, 4)",b'try\n  {\n    geometry_msgs::TransformStamped c...'
moveit,../repos/moveit/moveit_ros/move_group/src/move_group_capability.cpp,"(206, 5)-(215, 6)",b'try\n    {\n      auto pipeline = context_->mov...'
moveit,../repos/moveit/moveit_ros/move_group/src/move_group.cpp,"(117, 5)-(127, 6)",b'try\n    {\n      capability_plugin_loader_ = s...'
moveit,../repos/moveit/moveit_ros/move_group/src/move_group.cpp,"(169, 7)-(181, 8)",b'try\n      {\n        printf(MOVEIT_CONSOLE_COL...'
moveit,../repos/moveit/moveit_ros/move_group/src/default_capabilities/plan_service_capability.cpp,"(72, 3)-(82, 4)",b'try\n  {\n    planning_interface::MotionPlanRes...'
moveit,../repos/moveit/moveit_ros/move_group/src/default_capabilities/move_action_capability.cpp,"(178, 3)-(186, 4)",b'try\n  {\n    planning_pipeline->generatePlan(t...'
moveit,../repos/moveit/moveit_ros/move_group/src/default_capabilities/move_action_capability.cpp,"(210, 3)-(218, 4)",b'try\n  {\n    solved = planning_pipeline->gener...'
moveit,../repos/moveit/moveit_ros/move_group/src/list_capabilities.cpp,"(43, 3)-(53, 4)",b'try\n  {\n    pluginlib::ClassLoader<move_group...'
moveit,../repos/moveit/moveit_ros/occupancy_map_monitor/src/occupancy_map_monitor.cpp,"(108, 5)-(181, 6)",b'try\n    {\n      if (sensor_list.getType() == ...'
moveit,../repos/moveit/moveit_ros/occupancy_map_monitor/src/occupancy_map_monitor.cpp,"(134, 13)-(142, 14)",b'try\n            {\n              updater_plugi...'
moveit,../repos/moveit/moveit_ros/occupancy_map_monitor/src/occupancy_map_monitor.cpp,"(146, 11)-(155, 12)",b'try\n          {\n            up = updater_plug...'
moveit,../repos/moveit/moveit_ros/occupancy_map_monitor/src/occupancy_map_monitor.cpp,"(319, 3)-(326, 4)",b'try\n  {\n    response.success = tree_->writeBi...'
moveit,../repos/moveit/moveit_ros/occupancy_map_monitor/src/occupancy_map_monitor.cpp,"(338, 3)-(346, 4)",b'try\n  {\n    response.success = tree_->readBin...'
moveit,../repos/moveit/moveit_ros/occupancy_map_monitor/src/occupancy_map_server.cpp,"(53, 3)-(61, 4)",b'try\n  {\n    if (!octomap_msgs::binaryMapToMsg...'
moveit,../repos/moveit/moveit_ros/visualization/planning_scene_rviz_plugin/src/planning_scene_display.cpp,"(253, 5)-(260, 6)",b'try\n    {\n      fn();\n    }\n    catch (std::e...'
moveit,../repos/moveit/moveit_ros/visualization/planning_scene_rviz_plugin/src/planning_scene_display.cpp,"(342, 3)-(360, 4)",b'try\n  {\n    const planning_scene_monitor::Loc...'
moveit,../repos/moveit/moveit_ros/visualization/rviz_plugin_render_tools/src/trajectory_visualization.cpp,"(383, 3)-(391, 4)",b'try\n  {\n    value = boost::lexical_cast<float...'
moveit,../repos/moveit/moveit_ros/visualization/rviz_plugin_render_tools/src/trajectory_visualization.cpp,"(544, 3)-(565, 4)",b'try\n  {\n    for (std::size_t i = 0; i < msg->...'
moveit,../repos/moveit/moveit_ros/visualization/trajectory_rviz_plugin/src/trajectory_display.cpp,"(69, 3)-(91, 4)",b'try\n  {\n    rdf_loader_ = std::make_shared<rd...'
moveit,../repos/moveit/moveit_ros/visualization/robot_state_rviz_plugin/src/robot_state_display.cpp,"(311, 3)-(324, 4)",b'try\n  {\n    if (!moveit::core::isEmpty(state_...'
moveit,../repos/moveit/moveit_ros/visualization/robot_state_rviz_plugin/src/robot_state_display.cpp,"(380, 5)-(400, 6)",b'try\n    {\n      const srdf::ModelSharedPtr& s...'
moveit,../repos/moveit/moveit_ros/visualization/motion_planning_rviz_plugin/src/motion_planning_frame_manipulation.cpp,"(143, 5)-(151, 6)",b'try\n    {\n      waitForAction(object_recognit...'
moveit,../repos/moveit/moveit_ros/visualization/motion_planning_rviz_plugin/src/motion_planning_frame_states.cpp,"(81, 3)-(90, 4)",b'try\n  {\n    robot_state_storage_->getKnownRob...'
moveit,../repos/moveit/moveit_ros/visualization/motion_planning_rviz_plugin/src/motion_planning_frame_states.cpp,"(99, 5)-(106, 6)",b'try\n    {\n      got_state = robot_state_stora...'
moveit,../repos/moveit/moveit_ros/visualization/motion_planning_rviz_plugin/src/motion_planning_frame_states.cpp,"(152, 11)-(159, 12)",b'try\n          {\n            robot_state_stora...'
moveit,../repos/moveit/moveit_ros/visualization/motion_planning_rviz_plugin/src/motion_planning_frame_states.cpp,"(227, 11)-(235, 12)",b'try\n          {\n            robot_state_stora...'
moveit,../repos/moveit/moveit_ros/visualization/motion_planning_rviz_plugin/src/motion_planning_frame_context.cpp,"(125, 5)-(146, 6)",b'try\n    {\n      warehouse_ros::DatabaseConnec...'
moveit,../repos/moveit/moveit_ros/visualization/motion_planning_rviz_plugin/src/motion_planning_frame.cpp,"(197, 5)-(205, 6)",b'try\n    {\n      waitForAction(object_recognit...'
moveit,../repos/moveit/moveit_ros/visualization/motion_planning_rviz_plugin/src/motion_planning_frame.cpp,"(208, 3)-(225, 4)",b'try\n  {\n    const planning_scene_monitor::Loc...'
moveit,../repos/moveit/moveit_ros/visualization/motion_planning_rviz_plugin/src/motion_planning_frame.cpp,"(354, 5)-(370, 6)",b'try\n    {\n#ifdef RVIZ_TF1\n      std::shared_p...'
moveit,../repos/moveit/moveit_ros/visualization/motion_planning_rviz_plugin/src/motion_planning_frame_objects.cpp,"(478, 5)-(486, 6)",b'try\n    {\n      planning_scene_storage_->remo...'
moveit,../repos/moveit/moveit_ros/visualization/motion_planning_rviz_plugin/src/motion_planning_frame_objects.cpp,"(498, 5)-(507, 6)",b'try\n    {\n      if (!query_name.empty())\n    ...'
moveit,../repos/moveit/moveit_ros/visualization/motion_planning_rviz_plugin/src/motion_planning_frame_objects.cpp,"(524, 9)-(531, 10)",b'try\n        {\n          planning_scene_storag...'
moveit,../repos/moveit/moveit_ros/visualization/motion_planning_rviz_plugin/src/motion_planning_frame_objects.cpp,"(537, 9)-(544, 10)",b'try\n        {\n          planning_scene_storag...'
moveit,../repos/moveit/moveit_ros/visualization/motion_planning_rviz_plugin/src/motion_planning_frame_objects.cpp,"(563, 9)-(570, 10)",b'try\n        {\n          planning_scene_storag...'
moveit,../repos/moveit/moveit_ros/visualization/motion_planning_rviz_plugin/src/motion_planning_frame_objects.cpp,"(634, 9)-(641, 10)",b'try\n        {\n          got_ps = planning_sce...'
moveit,../repos/moveit/moveit_ros/visualization/motion_planning_rviz_plugin/src/motion_planning_frame_objects.cpp,"(688, 9)-(695, 10)",b'try\n        {\n          got_q = planning_scen...'
moveit,../repos/moveit/moveit_core/collision_detection/src/collision_plugin_cache.cpp,"(48, 5)-(56, 6)",b'try\n    {\n      cache_ = std::make_shared<plu...'
moveit,../repos/moveit/moveit_core/collision_detection/src/collision_plugin_cache.cpp,"(62, 5)-(70, 6)",b'try\n    {\n      plugin = cache_->createUnique...'
moveit,../repos/moveit/moveit_core/robot_state/src/conversions.cpp,"(86, 7)-(99, 8)",b'try\n      {\n        // find the transform tha...'
moveit,../repos/moveit/moveit_core/robot_state/test/robot_state_test.cpp,"(683, 3)-(692, 4)",b'try\n  {\n    const double infty = std::numeric...'
moveit,../repos/moveit/moveit_core/python/tools/src/pybind_rosmsg_typecasters.cpp,"(58, 3)-(66, 4)","b'try\n  {\n    PyObject* o = h.attr(""_type"").ptr...'"
moveit,../repos/moveit/moveit_core/robot_model/src/robot_model.cpp,"(998, 7)-(1007, 8)",b'try\n      {\n        prop_value = moveit::core...'
moveit,../repos/moveit/moveit_core/planning_request_adapter/src/planning_request_adapter.cpp,"(63, 3)-(77, 4)",b'try\n  {\n    bool result = adapter.adaptAndPla...'
moveit,../repos/moveit/moveit_core/utils/src/robot_model_test_utils.cpp,"(425, 3)-(433, 4)",b'try\n  {\n    urdf_model_->initTree(parent_link...'
moveit,../repos/moveit/moveit_core/utils/src/robot_model_test_utils.cpp,"(436, 3)-(444, 4)",b'try\n  {\n    urdf_model_->initRoot(parent_link...'
moveit,../repos/moveit/moveit_core/collision_detection_bullet/src/collision_env_bullet.cpp,"(344, 5)-(355, 6)",b'try\n    {\n      collision_detection_bullet::C...'
moveit,../repos/moveit/moveit_core/collision_detection_bullet/src/collision_env_bullet.cpp,"(432, 5)-(443, 6)",b'try\n    {\n      collision_detection_bullet::C...'
moveit,../repos/moveit/moveit_core/background_processing/src/background_processing.cpp,"(78, 7)-(88, 8)","b'try\n      {\n        ROS_DEBUG_NAMED(""backgrou...'"
moveit,../repos/moveit/moveit_plugins/moveit_fake_controller_manager/src/moveit_fake_controller_manager.cpp,"(92, 7)-(127, 8)",b'try\n      {\n        const std::string name = ...'
moveit,../repos/moveit/moveit_plugins/moveit_fake_controller_manager/src/moveit_fake_controller_manager.cpp,"(151, 7)-(193, 8)",b'try\n      {\n        std::string group_name = ...'
moveit,../repos/moveit/moveit_plugins/moveit_simple_controller_manager/src/moveit_simple_controller_manager.cpp,"(81, 7)-(165, 8)",b'try\n      {\n        const std::string name = ...'
moveit,../repos/moveit/moveit_experimental/kinematics_cache/v1/kinematics_cache_ros/src/kinematics_cache_ros.cpp,"(60, 3)-(68, 4)",b'try\n  {\n    kinematics_solver_ = kinematics_l...'
moveit,../repos/moveit/moveit_setup_assistant/src/setup_assistant_main.cpp,"(69, 3)-(81, 4)",b'try\n  {\n    po::store(po::parse_command_line(...'
moveit,../repos/moveit/moveit_setup_assistant/src/tools/moveit_config_data.cpp,"(1361, 3)-(1391, 4)",b'try\n  {\n    YAML::Node doc = YAML::Load(input...'
moveit,../repos/moveit/moveit_setup_assistant/src/tools/moveit_config_data.cpp,"(1409, 3)-(1441, 4)",b'try\n  {\n    YAML::Node doc = YAML::Load(input...'
moveit,../repos/moveit/moveit_setup_assistant/src/tools/moveit_config_data.cpp,"(1603, 3)-(1611, 4)",b'try\n  {\n    processROSControllers(input_strea...'
moveit,../repos/moveit/moveit_setup_assistant/src/tools/moveit_config_data.cpp,"(1785, 3)-(1822, 4)",b'try\n  {\n    const YAML::Node& doc = YAML::Loa...'
moveit,../repos/moveit/moveit_setup_assistant/src/tools/moveit_config_data.cpp,"(1855, 3)-(1888, 4)",b'try\n  {\n    const YAML::Node& doc = YAML::Loa...'
moveit,../repos/moveit/moveit_setup_assistant/src/tools/compute_default_collisions.cpp,"(568, 3)-(578, 4)",b'try\n  {\n    bgroup.join_all();  // wait for a...'
moveit,../repos/moveit/moveit_setup_assistant/src/tools/compute_default_collisions.cpp,"(664, 3)-(671, 4)",b'try\n  {\n    r = REASONS_FROM_STRING.at(reason...'
moveit,../repos/moveit/moveit_setup_assistant/src/widgets/planning_groups_widget.cpp,"(1098, 3)-(1106, 4)",b'try\n  {\n    kinematics_resolution_double = bo...'
moveit,../repos/moveit/moveit_setup_assistant/src/widgets/planning_groups_widget.cpp,"(1110, 3)-(1118, 4)",b'try\n  {\n    kinematics_timeout_double = boost...'
moveit,../repos/moveit/moveit_setup_assistant/src/widgets/configuration_files_widget.cpp,"(1121, 5)-(1130, 6)",b'try\n    {\n      fs::create_directory(new_pack...'
moveit,../repos/moveit/moveit_setup_assistant/src/widgets/group_edit_widget.cpp,"(369, 3)-(381, 4)",b'try\n  {\n    loader = std::make_unique<pluginl...'
