Repo name,File name,Location,Content
moveit,../repos/moveit/moveit_ros/planning_interface/py_bindings_tools/include/moveit/py_bindings_tools/gil_releaser.h,"(60, 17)-(60, 25)",b'GILReleaser() noexcept'
moveit,../repos/moveit/moveit_ros/planning_interface/py_bindings_tools/include/moveit/py_bindings_tools/gil_releaser.h,"(65, 18)-(65, 26)",b'~GILReleaser() noexcept'
moveit,../repos/moveit/moveit_ros/planning_interface/py_bindings_tools/include/moveit/py_bindings_tools/gil_releaser.h,"(75, 36)-(75, 44)",b'GILReleaser(GILReleaser&& other) noexcept'
moveit,../repos/moveit/moveit_ros/planning_interface/py_bindings_tools/include/moveit/py_bindings_tools/gil_releaser.h,"(82, 47)-(82, 55)",b'operator=(GILReleaser&& other) noexcept'
moveit,../repos/moveit/moveit_ros/planning_interface/py_bindings_tools/include/moveit/py_bindings_tools/gil_releaser.h,"(89, 33)-(89, 41)",b'swap(GILReleaser& other) noexcept'
moveit,../repos/moveit/moveit_ros/planning_interface/move_group_interface/src/move_group_interface.cpp,"(1401, 68)-(1401, 76)",b'MoveGroupInterface::MoveGroupInterface(MoveGr...'
moveit,../repos/moveit/moveit_ros/planning_interface/move_group_interface/src/move_group_interface.cpp,"(1407, 79)-(1407, 87)",b'MoveGroupInterface::operator=(MoveGroupInterf...'
moveit,../repos/moveit/moveit_ros/planning_interface/move_group_interface/include/moveit/move_group_interface/move_group_interface.h,"(172, 50)-(172, 58)",b'MoveGroupInterface(MoveGroupInterface&& other...'
moveit,../repos/moveit/moveit_ros/planning_interface/move_group_interface/include/moveit/move_group_interface/move_group_interface.h,"(173, 61)-(173, 69)",b'operator=(MoveGroupInterface&& other) noexcept'
