Repo name,File name,Location,Content
moveit,../repos/moveit/moveit_planners/sbpl/core/sbpl_interface/src/sbpl_meta_interface.cpp,"(168, 9)-(168, 14)","b'catch (...)\n  {\n    std::cerr << ""Interruptio...'"
moveit,../repos/moveit/moveit_planners/ompl/ompl_interface/src/detail/constraints_library.cpp,"(359, 9)-(359, 14)",b'catch (...)\n  {\n  }'
moveit,../repos/moveit/moveit_planners/pilz_industrial_motion_planner_testutils/src/xml_testdata_loader.cpp,"(399, 9)-(399, 14)",b'catch (...)\n  {\n    throw TestDataLoaderReadi...'
moveit,../repos/moveit/moveit_planners/pilz_industrial_motion_planner_testutils/src/xml_testdata_loader.cpp,"(418, 9)-(418, 14)",b'catch (...)\n  {\n    throw TestDataLoaderReadi...'
moveit,../repos/moveit/moveit_ros/planning/planning_scene_monitor/src/planning_scene_monitor.cpp,"(1254, 11)-(1254, 16)",b'catch (...)\n    {\n      octomap_monitor_->get...'
moveit,../repos/moveit/moveit_ros/planning/planning_components_tools/src/kinematics_speed_and_validity_evaluator.cpp,"(80, 17)-(80, 22)",b'catch (...)\n          {\n          }'
moveit,../repos/moveit/moveit_ros/benchmarks/benchmarks/src/benchmark_execution.cpp,"(756, 9)-(756, 14)","b'catch (...)\n  {\n    ROS_ERROR_STREAM(""Unable ...'"
moveit,../repos/moveit/moveit_ros/perception/lazy_free_space_updater/src/lazy_free_space_updater.cpp,"(184, 11)-(184, 16)",b'catch (...)\n    {\n      ROS_ERROR_NAMED(LOGNA...'
moveit,../repos/moveit/moveit_ros/perception/depth_image_octomap_updater/src/depth_image_octomap_updater.cpp,"(531, 9)-(531, 14)",b'catch (...)\n  {\n    tree_->unlockRead();\n    ...'
moveit,../repos/moveit/moveit_ros/perception/depth_image_octomap_updater/src/depth_image_octomap_updater.cpp,"(551, 9)-(551, 14)","b'catch (...)\n  {\n    ROS_ERROR_NAMED(LOGNAME, ...'"
moveit,../repos/moveit/moveit_ros/perception/pointcloud_octomap_updater/src/pointcloud_octomap_updater.cpp,"(329, 9)-(329, 14)",b'catch (...)\n  {\n    tree_->unlockRead();\n    ...'
moveit,../repos/moveit/moveit_ros/perception/pointcloud_octomap_updater/src/pointcloud_octomap_updater.cpp,"(362, 9)-(362, 14)","b'catch (...)\n  {\n    ROS_ERROR_NAMED(LOGNAME, ...'"
moveit,../repos/moveit/moveit_ros/warehouse/warehouse/src/broadcast.cpp,"(89, 9)-(89, 14)",b'catch (...)\n  {\n    std::cout << desc << std:...'
moveit,../repos/moveit/moveit_ros/occupancy_map_monitor/src/occupancy_map_monitor.cpp,"(323, 9)-(323, 14)",b'catch (...)\n  {\n    response.success = false;\n  }'
moveit,../repos/moveit/moveit_ros/occupancy_map_monitor/src/occupancy_map_monitor.cpp,"(342, 9)-(342, 14)","b'catch (...)\n  {\n    ROS_ERROR_NAMED(LOGNAME, ...'"
moveit,../repos/moveit/moveit_ros/occupancy_map_monitor/src/occupancy_map_server.cpp,"(58, 9)-(58, 14)",b'catch (...)\n  {\n    ROS_ERROR_THROTTLE_NAMED(...'
moveit,../repos/moveit/moveit_plugins/moveit_fake_controller_manager/src/moveit_fake_controller_manager.cpp,"(124, 13)-(124, 18)","b'catch (...)\n      {\n        ROS_ERROR_NAMED(""...'"
moveit,../repos/moveit/moveit_plugins/moveit_fake_controller_manager/src/moveit_fake_controller_manager.cpp,"(189, 13)-(189, 18)",b'catch (...)\n      {\n        ROS_ERROR_ONCE_NA...'
moveit,../repos/moveit/moveit_plugins/moveit_simple_controller_manager/src/moveit_simple_controller_manager.cpp,"(162, 13)-(162, 18)",b'catch (...)\n      {\n        ROS_ERROR_STREAM_...'
moveit,../repos/moveit/moveit_setup_assistant/src/widgets/configuration_files_widget.cpp,"(1125, 11)-(1125, 16)",b'catch (...)\n    {\n      QMessageBox::critical...'
