Repo name,File name,Location,Content
moveit,../repos/moveit/moveit_planners/trajopt/test/trajectory_test.cpp,"(141, 8)-(141, 18)",b'unique_ptr<pluginlib::ClassLoader<planning_in...'
moveit,../repos/moveit/moveit_planners/chomp/chomp_motion_planner/src/chomp_planner.cpp,"(164, 8)-(164, 18)",b'unique_ptr<ChompOptimizer>'
moveit,../repos/moveit/moveit_planners/pilz_industrial_motion_planner/src/trajectory_generator_circ.cpp,"(189, 8)-(189, 18)",b'unique_ptr<KDL::Path>'
moveit,../repos/moveit/moveit_planners/pilz_industrial_motion_planner/src/trajectory_generator_circ.cpp,"(190, 8)-(190, 18)",b'unique_ptr<KDL::VelocityProfile>'
moveit,../repos/moveit/moveit_planners/pilz_industrial_motion_planner/src/trajectory_generator.cpp,"(273, 8)-(273, 18)",b'unique_ptr<KDL::VelocityProfile>'
moveit,../repos/moveit/moveit_planners/pilz_industrial_motion_planner/src/trajectory_generator_lin.cpp,"(147, 8)-(147, 18)",b'unique_ptr<KDL::Path>'
moveit,../repos/moveit/moveit_planners/pilz_industrial_motion_planner/src/trajectory_generator_lin.cpp,"(150, 8)-(150, 18)",b'unique_ptr<KDL::VelocityProfile>'
moveit,../repos/moveit/moveit_planners/pilz_industrial_motion_planner/test/unittest_trajectory_generator_lin.cpp,"(180, 10)-(180, 20)",b'shared_ptr<LinTrajectoryConversionFailure>'
moveit,../repos/moveit/moveit_planners/pilz_industrial_motion_planner/test/unittest_trajectory_generator_lin.cpp,"(185, 10)-(185, 20)",b'shared_ptr<JointNumberMismatch>'
moveit,../repos/moveit/moveit_planners/pilz_industrial_motion_planner/test/unittest_trajectory_generator_lin.cpp,"(190, 10)-(190, 20)",b'shared_ptr<LinInverseForGoalIncalculable>'
moveit,../repos/moveit/moveit_planners/pilz_industrial_motion_planner/test/unittest_trajectory_generator_ptp.cpp,"(153, 10)-(153, 20)",b'shared_ptr<PtpVelocityProfileSyncFailed>'
moveit,../repos/moveit/moveit_planners/pilz_industrial_motion_planner/test/unittest_trajectory_generator_ptp.cpp,"(158, 10)-(158, 20)",b'shared_ptr<PtpNoIkSolutionForGoalPose>'
moveit,../repos/moveit/moveit_planners/pilz_industrial_motion_planner/test/unittest_trajectory_generator_ptp.cpp,"(292, 14)-(292, 24)",b'unique_ptr<TrajectoryGeneratorPTP>'
moveit,../repos/moveit/moveit_planners/pilz_industrial_motion_planner/test/unittest_trajectory_generator_ptp.cpp,"(331, 10)-(331, 20)",b'unique_ptr<TrajectoryGeneratorPTP>'
moveit,../repos/moveit/moveit_planners/pilz_industrial_motion_planner/test/integrationtest_command_list_manager.cpp,"(133, 8)-(133, 18)",b'shared_ptr<NegativeBlendRadiusException>'
moveit,../repos/moveit/moveit_planners/pilz_industrial_motion_planner/test/integrationtest_command_list_manager.cpp,"(136, 8)-(136, 18)",b'shared_ptr<LastBlendRadiusNotZeroException>'
moveit,../repos/moveit/moveit_planners/pilz_industrial_motion_planner/test/integrationtest_command_list_manager.cpp,"(139, 8)-(139, 18)",b'shared_ptr<StartStateSetException>'
moveit,../repos/moveit/moveit_planners/pilz_industrial_motion_planner/test/integrationtest_command_list_manager.cpp,"(142, 8)-(142, 18)",b'shared_ptr<OverlappingBlendRadiiException>'
moveit,../repos/moveit/moveit_planners/pilz_industrial_motion_planner/test/integrationtest_command_list_manager.cpp,"(145, 8)-(145, 18)",b'shared_ptr<PlanningPipelineException>'
moveit,../repos/moveit/moveit_planners/pilz_industrial_motion_planner/test/unittest_trajectory_generator_circ.cpp,"(232, 10)-(232, 20)",b'shared_ptr<CircleNoPlane>'
moveit,../repos/moveit/moveit_planners/pilz_industrial_motion_planner/test/unittest_trajectory_generator_circ.cpp,"(237, 10)-(237, 20)",b'shared_ptr<CircleToSmall>'
moveit,../repos/moveit/moveit_planners/pilz_industrial_motion_planner/test/unittest_trajectory_generator_circ.cpp,"(242, 10)-(242, 20)",b'shared_ptr<CenterPointDifferentRadius>'
moveit,../repos/moveit/moveit_planners/pilz_industrial_motion_planner/test/unittest_trajectory_generator_circ.cpp,"(247, 10)-(247, 20)",b'shared_ptr<CircTrajectoryConversionFailure>'
moveit,../repos/moveit/moveit_planners/pilz_industrial_motion_planner/test/unittest_trajectory_generator_circ.cpp,"(252, 10)-(252, 20)",b'shared_ptr<UnknownPathConstraintName>'
moveit,../repos/moveit/moveit_planners/pilz_industrial_motion_planner/test/unittest_trajectory_generator_circ.cpp,"(257, 10)-(257, 20)",b'shared_ptr<NoPositionConstraints>'
moveit,../repos/moveit/moveit_planners/pilz_industrial_motion_planner/test/unittest_trajectory_generator_circ.cpp,"(262, 10)-(262, 20)",b'shared_ptr<NoPrimitivePose>'
moveit,../repos/moveit/moveit_planners/pilz_industrial_motion_planner/test/unittest_trajectory_generator_circ.cpp,"(267, 10)-(267, 20)",b'shared_ptr<UnknownLinkNameOfAuxiliaryPoint>'
moveit,../repos/moveit/moveit_planners/pilz_industrial_motion_planner/test/unittest_trajectory_generator_circ.cpp,"(272, 10)-(272, 20)",b'shared_ptr<NumberOfConstraintsMismatch>'
moveit,../repos/moveit/moveit_planners/pilz_industrial_motion_planner/test/unittest_trajectory_generator_circ.cpp,"(277, 10)-(277, 20)",b'shared_ptr<CircInverseForGoalIncalculable>'
moveit,../repos/moveit/moveit_planners/pilz_industrial_motion_planner/test/integrationtest_plan_components_builder.cpp,"(85, 8)-(85, 18)",b'shared_ptr<NoBlenderSetException>'
moveit,../repos/moveit/moveit_planners/pilz_industrial_motion_planner/test/integrationtest_plan_components_builder.cpp,"(88, 8)-(88, 18)",b'shared_ptr<NoTipFrameFunctionSetException>'
moveit,../repos/moveit/moveit_planners/pilz_industrial_motion_planner/test/integrationtest_plan_components_builder.cpp,"(91, 8)-(91, 18)",b'shared_ptr<NoRobotModelSetException>'
moveit,../repos/moveit/moveit_planners/pilz_industrial_motion_planner/test/integrationtest_plan_components_builder.cpp,"(94, 8)-(94, 18)",b'shared_ptr<BlendingFailedException>'
moveit,../repos/moveit/moveit_planners/pilz_industrial_motion_planner/test/test_utils.h,"(434, 47)-(434, 57)",b'shared_ptr<pilz_industrial_motion_planner::Tr...'
moveit,../repos/moveit/moveit_planners/pilz_industrial_motion_planner/test/unittest_trajectory_generator.cpp,"(50, 10)-(50, 20)",b'shared_ptr<TrajectoryGeneratorInvalidLimitsEx...'
moveit,../repos/moveit/moveit_planners/pilz_industrial_motion_planner/test/unittest_trajectory_generator.cpp,"(56, 10)-(56, 20)",b'shared_ptr<VelocityScalingIncorrect>'
moveit,../repos/moveit/moveit_planners/pilz_industrial_motion_planner/test/unittest_trajectory_generator.cpp,"(61, 10)-(61, 20)",b'shared_ptr<AccelerationScalingIncorrect>'
moveit,../repos/moveit/moveit_planners/pilz_industrial_motion_planner/test/unittest_trajectory_generator.cpp,"(66, 10)-(66, 20)",b'shared_ptr<UnknownPlanningGroup>'
moveit,../repos/moveit/moveit_planners/pilz_industrial_motion_planner/test/unittest_trajectory_generator.cpp,"(71, 10)-(71, 20)",b'shared_ptr<NoJointNamesInStartState>'
moveit,../repos/moveit/moveit_planners/pilz_industrial_motion_planner/test/unittest_trajectory_generator.cpp,"(76, 10)-(76, 20)",b'shared_ptr<SizeMismatchInStartState>'
moveit,../repos/moveit/moveit_planners/pilz_industrial_motion_planner/test/unittest_trajectory_generator.cpp,"(81, 10)-(81, 20)",b'shared_ptr<JointsOfStartStateOutOfRange>'
moveit,../repos/moveit/moveit_planners/pilz_industrial_motion_planner/test/unittest_trajectory_generator.cpp,"(86, 10)-(86, 20)",b'shared_ptr<NonZeroVelocityInStartState>'
moveit,../repos/moveit/moveit_planners/pilz_industrial_motion_planner/test/unittest_trajectory_generator.cpp,"(91, 10)-(91, 20)",b'shared_ptr<NotExactlyOneGoalConstraintGiven>'
moveit,../repos/moveit/moveit_planners/pilz_industrial_motion_planner/test/unittest_trajectory_generator.cpp,"(96, 10)-(96, 20)",b'shared_ptr<OnlyOneGoalTypeAllowed>'
moveit,../repos/moveit/moveit_planners/pilz_industrial_motion_planner/test/unittest_trajectory_generator.cpp,"(101, 10)-(101, 20)",b'shared_ptr<StartStateGoalStateMismatch>'
moveit,../repos/moveit/moveit_planners/pilz_industrial_motion_planner/test/unittest_trajectory_generator.cpp,"(106, 10)-(106, 20)",b'shared_ptr<JointConstraintDoesNotBelongToGroup>'
moveit,../repos/moveit/moveit_planners/pilz_industrial_motion_planner/test/unittest_trajectory_generator.cpp,"(111, 10)-(111, 20)",b'shared_ptr<JointsOfGoalOutOfRange>'
moveit,../repos/moveit/moveit_planners/pilz_industrial_motion_planner/test/unittest_trajectory_generator.cpp,"(116, 10)-(116, 20)",b'shared_ptr<PositionConstraintNameMissing>'
moveit,../repos/moveit/moveit_planners/pilz_industrial_motion_planner/test/unittest_trajectory_generator.cpp,"(121, 10)-(121, 20)",b'shared_ptr<OrientationConstraintNameMissing>'
moveit,../repos/moveit/moveit_planners/pilz_industrial_motion_planner/test/unittest_trajectory_generator.cpp,"(126, 10)-(126, 20)",b'shared_ptr<PositionOrientationConstraintNameM...'
moveit,../repos/moveit/moveit_planners/pilz_industrial_motion_planner/test/unittest_trajectory_generator.cpp,"(132, 10)-(132, 20)",b'shared_ptr<NoIKSolverAvailable>'
moveit,../repos/moveit/moveit_planners/pilz_industrial_motion_planner/test/unittest_trajectory_generator.cpp,"(137, 10)-(137, 20)",b'shared_ptr<NoPrimitivePoseGiven>'
moveit,../repos/moveit/moveit_planners/pilz_industrial_motion_planner/test/unittest_get_solver_tip_frame.cpp,"(92, 10)-(92, 20)",b'shared_ptr<NoSolverException>'
moveit,../repos/moveit/moveit_planners/pilz_industrial_motion_planner/test/unittest_get_solver_tip_frame.cpp,"(97, 10)-(97, 20)",b'shared_ptr<MoreThanOneTipFrameException>'
moveit,../repos/moveit/moveit_planners/pilz_industrial_motion_planner/test/unittest_pilz_industrial_motion_planner_direct.cpp,"(47, 8)-(47, 18)",b'shared_ptr<PlanningException>'
moveit,../repos/moveit/moveit_planners/pilz_industrial_motion_planner/test/unittest_pilz_industrial_motion_planner_direct.cpp,"(48, 8)-(48, 18)",b'shared_ptr<ContextLoaderRegistrationException>'
moveit,../repos/moveit/moveit_planners/sbpl/core/sbpl_interface/src/environment_chain3d.cpp,"(506, 12)-(506, 22)",b'shared_ptr<const distance_field::DistanceField>'
moveit,../repos/moveit/moveit_planners/sbpl/core/sbpl_interface/src/environment_chain3d.cpp,"(650, 12)-(650, 22)",b'shared_ptr<JointMotionWrapper>'
moveit,../repos/moveit/moveit_planners/sbpl/core/sbpl_interface/src/environment_chain3d.cpp,"(655, 14)-(655, 24)",b'shared_ptr<SingleJointMotionPrimitive>'
moveit,../repos/moveit/moveit_planners/sbpl/core/sbpl_interface/src/environment_chain3d.cpp,"(657, 14)-(657, 24)",b'shared_ptr<SingleJointMotionPrimitive>'
moveit,../repos/moveit/moveit_planners/sbpl/core/sbpl_interface/src/sbpl_interface.cpp,"(52, 10)-(52, 20)",b'shared_ptr<EnvironmentChain3D>'
moveit,../repos/moveit/moveit_planners/sbpl/core/sbpl_interface/src/sbpl_interface.cpp,"(63, 10)-(63, 20)",b'shared_ptr<ARAPlanner>'
moveit,../repos/moveit/moveit_ros/robot_interaction/src/robot_interaction.cpp,"(546, 14)-(546, 24)",b'shared_ptr<interactive_markers::MenuHandler>'
moveit,../repos/moveit/moveit_ros/robot_interaction/include/moveit/robot_interaction/interaction_handler.h,"(82, 33)-(82, 43)",b'shared_ptr<tf2_ros::Buffer>'
moveit,../repos/moveit/moveit_ros/robot_interaction/include/moveit/robot_interaction/interaction_handler.h,"(86, 33)-(86, 43)",b'shared_ptr<tf2_ros::Buffer>'
moveit,../repos/moveit/moveit_ros/robot_interaction/include/moveit/robot_interaction/interaction_handler.h,"(90, 33)-(90, 43)",b'shared_ptr<tf2_ros::Buffer>'
moveit,../repos/moveit/moveit_ros/robot_interaction/include/moveit/robot_interaction/interaction_handler.h,"(93, 33)-(93, 43)",b'shared_ptr<tf2_ros::Buffer>'
moveit,../repos/moveit/moveit_ros/planning/moveit_cpp/include/moveit/moveit_cpp/moveit_cpp.h,"(111, 51)-(111, 61)",b'shared_ptr<tf2_ros::Buffer>'
moveit,../repos/moveit/moveit_ros/planning/moveit_cpp/include/moveit/moveit_cpp/moveit_cpp.h,"(112, 75)-(112, 85)",b'shared_ptr<tf2_ros::Buffer>'
moveit,../repos/moveit/moveit_ros/planning/planning_scene_monitor/src/planning_scene_monitor.cpp,"(317, 10)-(317, 20)",b'unique_ptr<boost::thread>'
moveit,../repos/moveit/moveit_ros/planning/planning_scene_monitor/src/trajectory_monitor.cpp,"(89, 10)-(89, 20)",b'unique_ptr<boost::thread>'
moveit,../repos/moveit/moveit_ros/planning/planning_scene_monitor/include/moveit/planning_scene_monitor/planning_scene_monitor.h,"(112, 35)-(112, 45)",b'shared_ptr<tf2_ros::Buffer>'
moveit,../repos/moveit/moveit_ros/planning/planning_scene_monitor/include/moveit/planning_scene_monitor/planning_scene_monitor.h,"(121, 35)-(121, 45)",b'shared_ptr<tf2_ros::Buffer>'
moveit,../repos/moveit/moveit_ros/planning/planning_scene_monitor/include/moveit/planning_scene_monitor/planning_scene_monitor.h,"(131, 35)-(131, 45)",b'shared_ptr<tf2_ros::Buffer>'
moveit,../repos/moveit/moveit_ros/planning/planning_scene_monitor/include/moveit/planning_scene_monitor/planning_scene_monitor.h,"(142, 35)-(142, 45)",b'shared_ptr<tf2_ros::Buffer>'
moveit,../repos/moveit/moveit_ros/planning/planning_scene_monitor/include/moveit/planning_scene_monitor/planning_scene_monitor.h,"(156, 35)-(156, 45)",b'shared_ptr<tf2_ros::Buffer>'
moveit,../repos/moveit/moveit_ros/planning/planning_scene_monitor/include/moveit/planning_scene_monitor/current_state_monitor.h,"(63, 34)-(63, 44)",b'shared_ptr<tf2_ros::Buffer>'
moveit,../repos/moveit/moveit_ros/planning/planning_scene_monitor/include/moveit/planning_scene_monitor/current_state_monitor.h,"(71, 34)-(71, 44)",b'shared_ptr<tf2_ros::Buffer>'
moveit,../repos/moveit/moveit_ros/planning/rdf_loader/src/rdf_loader.cpp,"(73, 8)-(73, 18)",b'unique_ptr<urdf::Model>'
moveit,../repos/moveit/moveit_ros/planning/planning_components_tools/src/visualize_robot_collision_volume.cpp,"(54, 8)-(54, 18)",b'shared_ptr<tf2_ros::Buffer>'
moveit,../repos/moveit/moveit_ros/planning/planning_components_tools/src/visualize_robot_collision_volume.cpp,"(55, 8)-(55, 18)",b'shared_ptr<tf2_ros::TransformListener>'
moveit,../repos/moveit/moveit_ros/planning/planning_request_adapter_plugins/src/list.cpp,"(46, 8)-(46, 18)",b'unique_ptr<pluginlib::ClassLoader<planning_re...'
moveit,../repos/moveit/moveit_ros/benchmarks/benchmarks/src/benchmark_execution.cpp,"(250, 8)-(250, 18)",b'unique_ptr<moveit_msgs::RobotState>'
moveit,../repos/moveit/moveit_ros/benchmarks/benchmarks/src/benchmark_execution.cpp,"(654, 10)-(654, 20)",b'unique_ptr<PlanningPluginOptions>'
moveit,../repos/moveit/moveit_ros/planning_interface/py_bindings_tools/src/roscpp_initializer.cpp,"(96, 15)-(96, 25)",b'unique_ptr<InitProxy>'
moveit,../repos/moveit/moveit_ros/planning_interface/py_bindings_tools/src/roscpp_initializer.cpp,"(97, 15)-(97, 25)",b'unique_ptr<ros::AsyncSpinner>'
moveit,../repos/moveit/moveit_ros/planning_interface/common_planning_interface_objects/src/common_objects.cpp,"(105, 8)-(105, 18)",b'shared_ptr<tf2_ros::Buffer>'
moveit,../repos/moveit/moveit_ros/planning_interface/common_planning_interface_objects/include/moveit/common_planning_interface_objects/common_objects.h,"(45, 6)-(45, 16)",b'shared_ptr<tf2_ros::Buffer>'
moveit,../repos/moveit/moveit_ros/planning_interface/common_planning_interface_objects/include/moveit/common_planning_interface_objects/common_objects.h,"(59, 81)-(59, 91)",b'shared_ptr<tf2_ros::Buffer>'
moveit,../repos/moveit/moveit_ros/planning_interface/common_planning_interface_objects/include/moveit/common_planning_interface_objects/common_objects.h,"(71, 34)-(71, 44)",b'shared_ptr<tf2_ros::Buffer>'
moveit,../repos/moveit/moveit_ros/planning_interface/move_group_interface/include/moveit/move_group_interface/move_group_interface.h,"(144, 33)-(144, 43)",b'shared_ptr<tf2_ros::Buffer>'
moveit,../repos/moveit/moveit_ros/planning_interface/move_group_interface/include/moveit/move_group_interface/move_group_interface.h,"(146, 68)-(146, 78)",b'shared_ptr<tf2_ros::Buffer>'
moveit,../repos/moveit/moveit_ros/planning_interface/move_group_interface/include/moveit/move_group_interface/move_group_interface.h,"(157, 33)-(157, 43)",b'shared_ptr<tf2_ros::Buffer>'
moveit,../repos/moveit/moveit_ros/planning_interface/move_group_interface/include/moveit/move_group_interface/move_group_interface.h,"(159, 74)-(159, 84)",b'shared_ptr<tf2_ros::Buffer>'
moveit,../repos/moveit/moveit_ros/perception/depth_image_octomap_updater/src/depth_image_octomap_updater.cpp,"(177, 12)-(177, 22)",b'unique_ptr<shapes::Mesh>'
moveit,../repos/moveit/moveit_ros/perception/pointcloud_octomap_updater/src/pointcloud_octomap_updater.cpp,"(234, 8)-(234, 18)",b'unique_ptr<sensor_msgs::PointCloud2>'
moveit,../repos/moveit/moveit_ros/perception/pointcloud_octomap_updater/src/pointcloud_octomap_updater.cpp,"(239, 8)-(239, 18)",b'unique_ptr<sensor_msgs::PointCloud2Iterator<f...'
moveit,../repos/moveit/moveit_ros/perception/pointcloud_octomap_updater/src/pointcloud_octomap_updater.cpp,"(240, 8)-(240, 18)",b'unique_ptr<sensor_msgs::PointCloud2Iterator<f...'
moveit,../repos/moveit/moveit_ros/perception/pointcloud_octomap_updater/src/pointcloud_octomap_updater.cpp,"(241, 8)-(241, 18)",b'unique_ptr<sensor_msgs::PointCloud2Iterator<f...'
moveit,../repos/moveit/moveit_ros/warehouse/warehouse/src/moveit_message_storage.cpp,"(64, 13)-(64, 23)",b'unique_ptr<warehouse_ros::DatabaseLoader>'
moveit,../repos/moveit/moveit_ros/warehouse/warehouse/src/save_to_warehouse.cpp,"(145, 8)-(145, 18)",b'shared_ptr<tf2_ros::Buffer>'
moveit,../repos/moveit/moveit_ros/warehouse/warehouse/src/save_to_warehouse.cpp,"(146, 8)-(146, 18)",b'shared_ptr<tf2_ros::TransformListener>'
moveit,../repos/moveit/moveit_ros/move_group/src/default_capabilities/cartesian_path_service_capability.cpp,"(133, 16)-(133, 26)",b'unique_ptr<planning_scene_monitor::LockedPlan...'
moveit,../repos/moveit/moveit_ros/move_group/src/default_capabilities/cartesian_path_service_capability.cpp,"(134, 16)-(134, 26)",b'unique_ptr<kinematic_constraints::KinematicCo...'
moveit,../repos/moveit/moveit_ros/occupancy_map_monitor/src/occupancy_map_server.cpp,"(72, 8)-(72, 18)",b'shared_ptr<tf2_ros::Buffer>'
moveit,../repos/moveit/moveit_ros/occupancy_map_monitor/src/occupancy_map_server.cpp,"(73, 8)-(73, 18)",b'shared_ptr<tf2_ros::TransformListener>'
moveit,../repos/moveit/moveit_ros/occupancy_map_monitor/include/moveit/occupancy_map_monitor/occupancy_map_monitor.h,"(59, 34)-(59, 44)",b'shared_ptr<tf2_ros::Buffer>'
moveit,../repos/moveit/moveit_ros/occupancy_map_monitor/include/moveit/occupancy_map_monitor/occupancy_map_monitor.h,"(62, 34)-(62, 44)",b'shared_ptr<tf2_ros::Buffer>'
moveit,../repos/moveit/moveit_ros/visualization/planning_scene_rviz_plugin/src/planning_scene_display.cpp,"(505, 8)-(505, 18)",b'shared_ptr<tf2_ros::Buffer>'
moveit,../repos/moveit/moveit_ros/visualization/planning_scene_rviz_plugin/src/planning_scene_display.cpp,"(507, 8)-(507, 18)",b'shared_ptr<tf2_ros::Buffer>'
moveit,../repos/moveit/moveit_ros/visualization/rviz_plugin_render_tools/include/moveit/rviz_plugin_render_tools/octomap_render.h,"(67, 27)-(67, 37)",b'shared_ptr<const octomap::OcTree>'
moveit,../repos/moveit/moveit_ros/visualization/motion_planning_rviz_plugin/src/motion_planning_frame.cpp,"(357, 12)-(357, 22)",b'shared_ptr<tf2_ros::Buffer>'
moveit,../repos/moveit/moveit_ros/visualization/motion_planning_rviz_plugin/src/motion_planning_frame.cpp,"(359, 12)-(359, 22)",b'shared_ptr<tf2_ros::Buffer>'
moveit,../repos/moveit/moveit_ros/visualization/motion_planning_rviz_plugin/src/motion_planning_frame_scenes.cpp,"(70, 12)-(70, 22)",b'unique_ptr<QMessageBox>'
moveit,../repos/moveit/moveit_ros/visualization/motion_planning_rviz_plugin/src/motion_planning_frame_scenes.cpp,"(84, 12)-(84, 22)",b'unique_ptr<QPushButton>'
moveit,../repos/moveit/moveit_ros/visualization/motion_planning_rviz_plugin/src/motion_planning_frame_scenes.cpp,"(143, 16)-(143, 26)",b'unique_ptr<QMessageBox>'
moveit,../repos/moveit/moveit_ros/visualization/motion_planning_rviz_plugin/src/motion_planning_frame_scenes.cpp,"(157, 16)-(157, 26)",b'unique_ptr<QPushButton>'
moveit,../repos/moveit/moveit_core/collision_detection/src/collision_octomap_filter.cpp,"(98, 12)-(98, 22)",b'shared_ptr<const shapes::OcTree>'
moveit,../repos/moveit/moveit_core/collision_detection/src/collision_octomap_filter.cpp,"(101, 14)-(101, 24)",b'shared_ptr<const octomap::OcTree>'
moveit,../repos/moveit/moveit_core/robot_state/test/test_cartesian_interpolator.cpp,"(73, 8)-(73, 18)",b'shared_ptr<RobotState>'
moveit,../repos/moveit/moveit_core/robot_state/test/test_cartesian_interpolator.cpp,"(111, 20)-(111, 30)",b'shared_ptr<RobotState>'
moveit,../repos/moveit/moveit_core/robot_state/test/test_cartesian_interpolator.cpp,"(126, 20)-(126, 30)",b'shared_ptr<RobotState>'
moveit,../repos/moveit/moveit_core/robot_state/test/test_cartesian_interpolator.cpp,"(173, 20)-(173, 30)",b'shared_ptr<RobotState>'
moveit,../repos/moveit/moveit_core/kinematic_constraints/src/kinematic_constraint.cpp,"(367, 10)-(367, 20)",b'unique_ptr<shapes::Shape>'
moveit,../repos/moveit/moveit_core/kinematic_constraints/src/kinematic_constraint.cpp,"(395, 10)-(395, 20)",b'unique_ptr<shapes::Shape>'
moveit,../repos/moveit/moveit_core/kinematic_constraints/src/kinematic_constraint.cpp,"(901, 8)-(901, 18)",b'unique_ptr<EigenSTL::vector_Vector3d>'
moveit,../repos/moveit/moveit_core/distance_field/test/test_distance_field.cpp,"(861, 8)-(861, 18)",b'shared_ptr<octomap::OcTree>'
moveit,../repos/moveit/moveit_core/distance_field/test/test_distance_field.cpp,"(869, 8)-(869, 18)",b'shared_ptr<shapes::OcTree>'
moveit,../repos/moveit/moveit_core/trajectory_processing/src/time_optimal_trajectory_generation.cpp,"(262, 18)-(262, 28)",b'unique_ptr<PathSegment>'
moveit,../repos/moveit/moveit_core/trajectory_processing/src/time_optimal_trajectory_generation.cpp,"(263, 18)-(263, 28)",b'unique_ptr<PathSegment>'
moveit,../repos/moveit/moveit_core/collision_distance_field/src/collision_env_distance_field.cpp,"(1776, 14)-(1776, 24)",b'shared_ptr<const octomap::OcTree>'
moveit,../repos/moveit/moveit_core/collision_distance_field/include/moveit/collision_distance_field/collision_distance_field_types.h,"(349, 42)-(349, 52)",b'shared_ptr<const octomap::OcTree>'
moveit,../repos/moveit/moveit_core/utils/src/robot_model_test_utils.cpp,"(105, 8)-(105, 18)",b'shared_ptr<LoaderType>'
moveit,../repos/moveit/moveit_core/planning_scene/src/planning_scene.cpp,"(1366, 8)-(1366, 18)",b'shared_ptr<collision_detection::OccMapTree>'
moveit,../repos/moveit/moveit_core/planning_scene/src/planning_scene.cpp,"(1398, 8)-(1398, 18)",b'shared_ptr<collision_detection::OccMapTree>'
moveit,../repos/moveit/moveit_core/planning_scene/src/planning_scene.cpp,"(1436, 8)-(1436, 18)",b'shared_ptr<collision_detection::OccMapTree>'
moveit,../repos/moveit/moveit_core/collision_detection_bullet/include/moveit/collision_detection_bullet/bullet_integration/bullet_utils.h,"(217, 10)-(217, 20)",b'shared_ptr<CollisionObjectWrapper>'
moveit,../repos/moveit/moveit_core/collision_detection_bullet/include/moveit/collision_detection_bullet/bullet_integration/bullet_utils.h,"(250, 49)-(250, 59)",b'shared_ptr<void>'
moveit,../repos/moveit/moveit_core/collision_detection_bullet/test/test_bullet_continuous_collision_checking.cpp,"(179, 17)-(179, 27)",b'shared_ptr<shapes::Shape>'
moveit,../repos/moveit/moveit_setup_assistant/src/widgets/group_edit_widget.cpp,"(368, 8)-(368, 18)",b'unique_ptr<pluginlib::ClassLoader<kinematics:...'
