Repo name,File name,Location,Content
moveit,../repos/moveit/moveit_planners/trajopt/include/trajopt_interface/problem_description.h,"(147, 11)-(147, 20)",b'~TermInfo()'
moveit,../repos/moveit/moveit_planners/trajopt/include/trajopt_interface/problem_description.h,"(186, 11)-(186, 26)",b'~TrajOptProblem()'
moveit,../repos/moveit/moveit_planners/trajopt/include/trajopt_interface/trajopt_planning_context.h,"(17, 3)-(17, 26)",b'~TrajOptPlanningContext() override'
moveit,../repos/moveit/moveit_planners/chomp/chomp_motion_planner/src/chomp_optimizer.cpp,"(260, 17)-(260, 32)",b'ChompOptimizer::~ChompOptimizer'
moveit,../repos/moveit/moveit_planners/chomp/chomp_motion_planner/src/chomp_cost.cpp,"(104, 12)-(104, 22)",b'ChompCost::~ChompCost'
moveit,../repos/moveit/moveit_planners/chomp/chomp_motion_planner/src/chomp_parameters.cpp,"(67, 18)-(67, 34)",b'ChompParameters::~ChompParameters'
moveit,../repos/moveit/moveit_planners/chomp/chomp_motion_planner/include/chomp_motion_planner/chomp_parameters.h,"(47, 11)-(47, 27)",b'~ChompParameters()'
moveit,../repos/moveit/moveit_planners/chomp/chomp_motion_planner/include/chomp_motion_planner/chomp_optimizer.h,"(60, 11)-(60, 26)",b'~ChompOptimizer()'
moveit,../repos/moveit/moveit_planners/chomp/chomp_motion_planner/include/chomp_motion_planner/chomp_cost.h,"(53, 11)-(53, 21)",b'~ChompCost()'
moveit,../repos/moveit/moveit_planners/chomp/chomp_motion_planner/include/chomp_motion_planner/chomp_planner.h,"(50, 11)-(50, 24)",b'~ChompPlanner()'
moveit,../repos/moveit/moveit_planners/chomp/chomp_motion_planner/include/chomp_motion_planner/chomp_trajectory.h,"(81, 11)-(81, 27)",b'~ChompTrajectory()'
moveit,../repos/moveit/moveit_planners/chomp/chomp_interface/include/chomp_interface/chomp_planning_context.h,"(58, 3)-(58, 24)",b'~CHOMPPlanningContext() override'
moveit,../repos/moveit/moveit_planners/pilz_industrial_motion_planner/src/planning_context_loader_circ.cpp,"(47, 60)-(47, 86)",b'PlanningContextLoaderCIRC::~PlanningContextLo...'
moveit,../repos/moveit/moveit_planners/pilz_industrial_motion_planner/src/planning_context_loader_ptp.cpp,"(46, 59)-(46, 84)",b'PlanningContextLoaderPTP::~PlanningContextLoa...'
moveit,../repos/moveit/moveit_planners/pilz_industrial_motion_planner/src/velocity_profile_atrap.cpp,"(431, 23)-(431, 44)",b'VelocityProfileATrap::~VelocityProfileATrap'
moveit,../repos/moveit/moveit_planners/pilz_industrial_motion_planner/src/planning_context_loader.cpp,"(42, 56)-(42, 78)",b'PlanningContextLoader::~PlanningContextLoader'
moveit,../repos/moveit/moveit_planners/pilz_industrial_motion_planner/src/planning_context_loader_lin.cpp,"(47, 59)-(47, 84)",b'PlanningContextLoaderLIN::~PlanningContextLoa...'
moveit,../repos/moveit/moveit_planners/pilz_industrial_motion_planner/src/move_group_sequence_service.cpp,"(51, 27)-(51, 52)",b'MoveGroupSequenceService::~MoveGroupSequenceS...'
moveit,../repos/moveit/moveit_planners/pilz_industrial_motion_planner/include/pilz_industrial_motion_planner/trajectory_blender_transition_window.h,"(60, 3)-(60, 37)",b'~TrajectoryBlenderTransitionWindow() override'
moveit,../repos/moveit/moveit_planners/pilz_industrial_motion_planner/include/pilz_industrial_motion_planner/velocity_profile_atrap.h,"(184, 3)-(184, 24)",b'~VelocityProfileATrap() override'
moveit,../repos/moveit/moveit_planners/pilz_industrial_motion_planner/include/pilz_industrial_motion_planner/trajectory_generation_exceptions.h,"(55, 3)-(55, 28)",b'~MoveItErrorCodeException() override'
moveit,../repos/moveit/moveit_planners/pilz_industrial_motion_planner/include/pilz_industrial_motion_planner/move_group_sequence_service.h,"(54, 3)-(54, 28)",b'~MoveGroupSequenceService() override'
moveit,../repos/moveit/moveit_planners/pilz_industrial_motion_planner/include/pilz_industrial_motion_planner/trajectory_generator.h,"(99, 11)-(99, 31)",b'~TrajectoryGenerator()'
moveit,../repos/moveit/moveit_planners/pilz_industrial_motion_planner/include/pilz_industrial_motion_planner/trajectory_blender.h,"(56, 11)-(56, 29)",b'~TrajectoryBlender()'
moveit,../repos/moveit/moveit_planners/pilz_industrial_motion_planner/include/pilz_industrial_motion_planner/planning_context_loader_ptp.h,"(51, 3)-(51, 28)",b'~PlanningContextLoaderPTP() override'
moveit,../repos/moveit/moveit_planners/pilz_industrial_motion_planner/include/pilz_industrial_motion_planner/planning_context_loader.h,"(58, 11)-(58, 33)",b'~PlanningContextLoader()'
moveit,../repos/moveit/moveit_planners/pilz_industrial_motion_planner/include/pilz_industrial_motion_planner/pilz_industrial_motion_planner.h,"(63, 3)-(63, 18)",b'~CommandPlanner() override'
moveit,../repos/moveit/moveit_planners/pilz_industrial_motion_planner/include/pilz_industrial_motion_planner/planning_context_base.h,"(70, 3)-(70, 23)",b'~PlanningContextBase() override'
moveit,../repos/moveit/moveit_planners/pilz_industrial_motion_planner/include/pilz_industrial_motion_planner/planning_context_loader_lin.h,"(51, 3)-(51, 28)",b'~PlanningContextLoaderLIN() override'
moveit,../repos/moveit/moveit_planners/pilz_industrial_motion_planner/include/pilz_industrial_motion_planner/planning_context_loader_circ.h,"(51, 3)-(51, 29)",b'~PlanningContextLoaderCIRC() override'
moveit,../repos/moveit/moveit_planners/sbpl/core/sbpl_interface/src/environment_chain3d.cpp,"(64, 21)-(64, 40)",b'EnvironmentChain3D::~EnvironmentChain3D'
moveit,../repos/moveit/moveit_planners/sbpl/core/sbpl_interface/src/bfs3d/BFS_3D.cpp,"(79, 9)-(79, 16)",b'BFS_3D::~BFS_3D'
moveit,../repos/moveit/moveit_planners/sbpl/core/sbpl_interface/include/sbpl_interface/bfs3d/BFS_3D.h,"(67, 3)-(67, 10)",b'~BFS_3D()'
moveit,../repos/moveit/moveit_planners/sbpl/core/sbpl_interface/include/sbpl_interface/sbpl_meta_interface.h,"(49, 11)-(49, 29)",b'~SBPLMetaInterface()'
moveit,../repos/moveit/moveit_planners/sbpl/core/sbpl_interface/include/sbpl_interface/sbpl_interface.h,"(50, 11)-(50, 25)",b'~SBPLInterface()'
moveit,../repos/moveit/moveit_planners/sbpl/core/sbpl_interface/include/sbpl_interface/dummy_environment.h,"(92, 11)-(92, 28)",b'~DummyEnvironment()'
moveit,../repos/moveit/moveit_planners/sbpl/core/sbpl_interface/include/sbpl_interface/environment_chain3d_types.h,"(98, 3)-(98, 26)",b'~EnvChain3DPlanningData()'
moveit,../repos/moveit/moveit_planners/sbpl/core/sbpl_interface/include/sbpl_interface/sbpl_params.h,"(69, 3)-(69, 24)",b'~SBPLArmPlannerParams()'
moveit,../repos/moveit/moveit_planners/sbpl/core/sbpl_interface/include/sbpl_interface/environment_chain3d.h,"(109, 3)-(109, 22)",b'~EnvironmentChain3D()'
moveit,../repos/moveit/moveit_planners/ompl/ompl_interface/src/detail/threadsafe_state_storage.cpp,"(49, 33)-(49, 48)",b'TSStateStorage::~TSStateStorage'
moveit,../repos/moveit/moveit_planners/ompl/ompl_interface/src/parameterization/model_based_state_space.cpp,"(83, 39)-(83, 60)",b'ModelBasedStateSpace::~ModelBasedStateSpace'
moveit,../repos/moveit/moveit_planners/ompl/ompl_interface/src/parameterization/work_space/pose_model_state_space.cpp,"(71, 38)-(71, 58)",b'PoseModelStateSpace::~PoseModelStateSpace'
moveit,../repos/moveit/moveit_planners/ompl/ompl_interface/src/planning_context_manager.cpp,"(97, 45)-(97, 72)",b'MultiQueryPlannerAllocator::~MultiQueryPlanne...'
moveit,../repos/moveit/moveit_planners/ompl/ompl_interface/src/planning_context_manager.cpp,"(251, 41)-(251, 64)",b'PlanningContextManager::~PlanningContextManager'
moveit,../repos/moveit/moveit_planners/ompl/ompl_interface/src/ompl_interface.cpp,"(78, 32)-(78, 46)",b'OMPLInterface::~OMPLInterface'
moveit,../repos/moveit/moveit_planners/ompl/ompl_interface/include/moveit/ompl_interface/planning_context_manager.h,"(55, 3)-(55, 30)",b'~MultiQueryPlannerAllocator()'
moveit,../repos/moveit/moveit_planners/ompl/ompl_interface/include/moveit/ompl_interface/planning_context_manager.h,"(84, 3)-(84, 26)",b'~PlanningContextManager()'
moveit,../repos/moveit/moveit_planners/ompl/ompl_interface/include/moveit/ompl_interface/detail/goal_union.h,"(49, 3)-(49, 27)",b'~GoalSampleableRegionMux() override'
moveit,../repos/moveit/moveit_planners/ompl/ompl_interface/include/moveit/ompl_interface/detail/constraints_library.h,"(60, 11)-(60, 35)",b'~ConstraintApproximation()'
moveit,../repos/moveit/moveit_planners/ompl/ompl_interface/include/moveit/ompl_interface/detail/threadsafe_state_storage.h,"(50, 3)-(50, 18)",b'~TSStateStorage()'
moveit,../repos/moveit/moveit_planners/ompl/ompl_interface/include/moveit/ompl_interface/ompl_interface.h,"(68, 11)-(68, 25)",b'~OMPLInterface()'
moveit,../repos/moveit/moveit_planners/ompl/ompl_interface/include/moveit/ompl_interface/parameterization/model_based_state_space.h,"(170, 3)-(170, 24)",b'~ModelBasedStateSpace() override'
moveit,../repos/moveit/moveit_planners/ompl/ompl_interface/include/moveit/ompl_interface/parameterization/work_space/pose_model_state_space.h,"(93, 3)-(93, 23)",b'~PoseModelStateSpace() override'
moveit,../repos/moveit/moveit_planners/ompl/ompl_interface/include/moveit/ompl_interface/parameterization/model_based_state_space_factory.h,"(54, 11)-(54, 39)",b'~ModelBasedStateSpaceFactory()'
moveit,../repos/moveit/moveit_planners/ompl/ompl_interface/include/moveit/ompl_interface/model_based_planning_context.h,"(78, 3)-(78, 29)",b'~ModelBasedPlanningContext() override'
moveit,../repos/moveit/moveit_planners/pilz_industrial_motion_planner_testutils/src/xml_testdata_loader.cpp,"(174, 20)-(174, 38)",b'XmlTestdataLoader::~XmlTestdataLoader'
moveit,../repos/moveit/moveit_planners/pilz_industrial_motion_planner_testutils/include/pilz_industrial_motion_planner_testutils/basecmd.h,"(52, 11)-(52, 19)",b'~BaseCmd()'
moveit,../repos/moveit/moveit_planners/pilz_industrial_motion_planner_testutils/include/pilz_industrial_motion_planner_testutils/xml_testdata_loader.h,"(125, 3)-(125, 21)",b'~XmlTestdataLoader() override'
moveit,../repos/moveit/moveit_planners/pilz_industrial_motion_planner_testutils/include/pilz_industrial_motion_planner_testutils/xml_testdata_loader.h,"(189, 13)-(189, 38)",b'~AbstractCmdGetterAdapter()'
moveit,../repos/moveit/moveit_planners/pilz_industrial_motion_planner_testutils/include/pilz_industrial_motion_planner_testutils/testdata_loader.h,"(64, 11)-(64, 26)",b'~TestdataLoader()'
moveit,../repos/moveit/moveit_ros/robot_interaction/src/locked_robot_state.cpp,"(54, 38)-(54, 55)",b'LockedRobotState::~LockedRobotState'
moveit,../repos/moveit/moveit_ros/robot_interaction/src/robot_interaction.cpp,"(76, 19)-(76, 36)",b'RobotInteraction::~RobotInteraction'
moveit,../repos/moveit/moveit_ros/robot_interaction/include/moveit/robot_interaction/robot_interaction.h,"(79, 11)-(79, 28)",b'~RobotInteraction()'
moveit,../repos/moveit/moveit_ros/robot_interaction/include/moveit/robot_interaction/locked_robot_state.h,"(66, 11)-(66, 28)",b'~LockedRobotState()'
moveit,../repos/moveit/moveit_ros/robot_interaction/include/moveit/robot_interaction/interaction_handler.h,"(95, 3)-(95, 22)",b'~InteractionHandler() override'
moveit,../repos/moveit/moveit_ros/manipulation/pick_place/src/manipulation_pipeline.cpp,"(48, 23)-(48, 44)",b'ManipulationPipeline::~ManipulationPipeline'
moveit,../repos/moveit/moveit_ros/manipulation/pick_place/src/pick_place.cpp,"(58, 20)-(58, 38)",b'PickPlacePlanBase::~PickPlacePlanBase'
moveit,../repos/moveit/moveit_ros/manipulation/pick_place/include/moveit/pick_place/pick_place.h,"(57, 3)-(57, 21)",b'~PickPlacePlanBase()'
moveit,../repos/moveit/moveit_ros/manipulation/pick_place/include/moveit/pick_place/manipulation_pipeline.h,"(52, 11)-(52, 32)",b'~ManipulationPipeline()'
moveit,../repos/moveit/moveit_ros/manipulation/pick_place/include/moveit/pick_place/manipulation_stage.h,"(54, 11)-(54, 29)",b'~ManipulationStage()'
moveit,../repos/moveit/moveit_ros/planning/moveit_cpp/src/planning_component.cpp,"(76, 20)-(76, 38)",b'PlanningComponent::~PlanningComponent'
moveit,../repos/moveit/moveit_ros/planning/moveit_cpp/src/moveit_cpp.cpp,"(89, 12)-(89, 22)",b'MoveItCpp::~MoveItCpp'
moveit,../repos/moveit/moveit_ros/planning/moveit_cpp/include/moveit/moveit_cpp/moveit_cpp.h,"(126, 3)-(126, 13)",b'~MoveItCpp()'
moveit,../repos/moveit/moveit_ros/planning/moveit_cpp/include/moveit/moveit_cpp/planning_component.h,"(161, 3)-(161, 21)",b'~PlanningComponent()'
moveit,../repos/moveit/moveit_ros/planning/plan_execution/src/plan_execution.cpp,"(98, 32)-(98, 46)",b'PlanExecution::~PlanExecution'
moveit,../repos/moveit/moveit_ros/planning/plan_execution/src/plan_with_sensing.cpp,"(123, 34)-(123, 50)",b'PlanWithSensing::~PlanWithSensing'
moveit,../repos/moveit/moveit_ros/planning/plan_execution/include/moveit/plan_execution/plan_execution.h,"(95, 3)-(95, 17)",b'~PlanExecution()'
moveit,../repos/moveit/moveit_ros/planning/plan_execution/include/moveit/plan_execution/plan_with_sensing.h,"(57, 3)-(57, 19)",b'~PlanWithSensing()'
moveit,../repos/moveit/moveit_ros/planning/planning_scene_monitor/src/planning_scene_monitor.cpp,"(162, 23)-(162, 44)",b'PlanningSceneMonitor::~PlanningSceneMonitor'
moveit,../repos/moveit/moveit_ros/planning/planning_scene_monitor/src/current_state_monitor.cpp,"(67, 22)-(67, 42)",b'CurrentStateMonitor::~CurrentStateMonitor'
moveit,../repos/moveit/moveit_ros/planning/planning_scene_monitor/src/trajectory_monitor.cpp,"(54, 44)-(54, 62)",b'TrajectoryMonitor::~TrajectoryMonitor'
moveit,../repos/moveit/moveit_ros/planning/planning_scene_monitor/include/moveit/planning_scene_monitor/planning_scene_monitor.h,"(159, 3)-(159, 24)",b'~PlanningSceneMonitor()'
moveit,../repos/moveit/moveit_ros/planning/planning_scene_monitor/include/moveit/planning_scene_monitor/planning_scene_monitor.h,"(667, 5)-(667, 18)",b'~SingleUnlock()'
moveit,../repos/moveit/moveit_ros/planning/planning_scene_monitor/include/moveit/planning_scene_monitor/trajectory_monitor.h,"(59, 3)-(59, 21)",b'~TrajectoryMonitor()'
moveit,../repos/moveit/moveit_ros/planning/planning_scene_monitor/include/moveit/planning_scene_monitor/current_state_monitor.h,"(73, 3)-(73, 23)",b'~CurrentStateMonitor()'
moveit,../repos/moveit/moveit_ros/planning/trajectory_execution_manager/src/trajectory_execution_manager.cpp,"(103, 29)-(103, 56)",b'TrajectoryExecutionManager::~TrajectoryExecut...'
moveit,../repos/moveit/moveit_ros/planning/trajectory_execution_manager/include/moveit/trajectory_execution_manager/trajectory_execution_manager.h,"(92, 3)-(92, 30)",b'~TrajectoryExecutionManager()'
moveit,../repos/moveit/moveit_ros/planning/robot_model_loader/src/robot_model_loader.cpp,"(58, 19)-(58, 36)",b'RobotModelLoader::~RobotModelLoader'
moveit,../repos/moveit/moveit_ros/planning/robot_model_loader/include/moveit/robot_model_loader/robot_model_loader.h,"(83, 3)-(83, 20)",b'~RobotModelLoader()'
moveit,../repos/moveit/moveit_ros/benchmarks/src/BenchmarkExecutor.cpp,"(91, 20)-(91, 38)",b'BenchmarkExecutor::~BenchmarkExecutor'
moveit,../repos/moveit/moveit_ros/benchmarks/src/BenchmarkOptions.cpp,"(50, 19)-(50, 36)",b'BenchmarkOptions::~BenchmarkOptions'
moveit,../repos/moveit/moveit_ros/benchmarks/include/moveit/benchmarks/BenchmarkOptions.h,"(55, 11)-(55, 28)",b'~BenchmarkOptions()'
moveit,../repos/moveit/moveit_ros/benchmarks/include/moveit/benchmarks/BenchmarkExecutor.h,"(96, 11)-(96, 29)",b'~BenchmarkExecutor()'
moveit,../repos/moveit/moveit_ros/planning_interface/py_bindings_tools/src/roscpp_initializer.cpp,"(80, 3)-(80, 13)",b'~InitProxy()'
moveit,../repos/moveit/moveit_ros/planning_interface/py_bindings_tools/include/moveit/py_bindings_tools/gil_releaser.h,"(65, 3)-(65, 15)",b'~GILReleaser() noexcept'
moveit,../repos/moveit/moveit_ros/planning_interface/common_planning_interface_objects/src/common_objects.cpp,"(52, 3)-(52, 17)",b'~SharedStorage()'
moveit,../repos/moveit/moveit_ros/planning_interface/planning_scene_interface/src/planning_scene_interface.cpp,"(314, 25)-(314, 48)",b'PlanningSceneInterface::~PlanningSceneInterface'
moveit,../repos/moveit/moveit_ros/planning_interface/planning_scene_interface/include/moveit/planning_scene_interface/planning_scene_interface.h,"(61, 3)-(61, 26)",b'~PlanningSceneInterface()'
moveit,../repos/moveit/moveit_ros/planning_interface/move_group_interface/src/move_group_interface.cpp,"(251, 3)-(251, 26)",b'~MoveGroupInterfaceImpl()'
moveit,../repos/moveit/moveit_ros/planning_interface/move_group_interface/src/move_group_interface.cpp,"(1396, 21)-(1396, 40)",b'MoveGroupInterface::~MoveGroupInterface'
moveit,../repos/moveit/moveit_ros/planning_interface/move_group_interface/include/moveit/move_group_interface/move_group_interface.h,"(162, 3)-(162, 22)",b'~MoveGroupInterface()'
moveit,../repos/moveit/moveit_ros/perception/lazy_free_space_updater/src/lazy_free_space_updater.cpp,"(56, 23)-(56, 44)",b'LazyFreeSpaceUpdater::~LazyFreeSpaceUpdater'
moveit,../repos/moveit/moveit_ros/perception/lazy_free_space_updater/include/moveit/lazy_free_space_updater/lazy_free_space_updater.h,"(50, 3)-(50, 24)",b'~LazyFreeSpaceUpdater()'
moveit,../repos/moveit/moveit_ros/perception/depth_image_octomap_updater/src/depth_image_octomap_updater.cpp,"(82, 27)-(82, 52)",b'DepthImageOctomapUpdater::~DepthImageOctomapU...'
moveit,../repos/moveit/moveit_ros/perception/depth_image_octomap_updater/include/moveit/depth_image_octomap_updater/depth_image_octomap_updater.h,"(54, 3)-(54, 28)",b'~DepthImageOctomapUpdater() override'
moveit,../repos/moveit/moveit_ros/perception/mesh_filter/src/transform_provider.cpp,"(50, 20)-(50, 38)",b'TransformProvider::~TransformProvider'
moveit,../repos/moveit/moveit_ros/perception/mesh_filter/src/gl_mesh.cpp,"(76, 22)-(76, 29)",b'GLMesh::~GLMesh'
moveit,../repos/moveit/moveit_ros/perception/mesh_filter/src/mesh_filter.cpp,"(100, 26)-(100, 37)",b'MeshFilter::~MeshFilter'
moveit,../repos/moveit/moveit_ros/perception/mesh_filter/src/sensor_model.cpp,"(40, 27)-(40, 39)",b'SensorModel::~SensorModel'
moveit,../repos/moveit/moveit_ros/perception/mesh_filter/src/sensor_model.cpp,"(51, 39)-(51, 50)",b'Parameters::~Parameters'
moveit,../repos/moveit/moveit_ros/perception/mesh_filter/src/depth_self_filter_nodelet.cpp,"(50, 34)-(50, 53)",b'DepthSelfFiltering::~DepthSelfFiltering'
moveit,../repos/moveit/moveit_ros/perception/mesh_filter/src/mesh_filter_base.cpp,"(125, 30)-(125, 45)",b'MeshFilterBase::~MeshFilterBase'
moveit,../repos/moveit/moveit_ros/perception/mesh_filter/src/gl_renderer.cpp,"(73, 26)-(73, 37)",b'GLRenderer::~GLRenderer'
moveit,../repos/moveit/moveit_ros/perception/mesh_filter/src/stereo_camera_model.cpp,"(55, 45)-(55, 56)",b'Parameters::~Parameters'
moveit,../repos/moveit/moveit_ros/perception/mesh_filter/include/moveit/mesh_filter/depth_self_filter_nodelet.h,"(61, 3)-(61, 22)",b'~DepthSelfFiltering() override'
moveit,../repos/moveit/moveit_ros/perception/mesh_filter/include/moveit/mesh_filter/mesh_filter_base.h,"(93, 3)-(93, 18)",b'~MeshFilterBase()'
moveit,../repos/moveit/moveit_ros/perception/mesh_filter/include/moveit/mesh_filter/stereo_camera_model.h,"(74, 5)-(74, 16)",b'~Parameters() override'
moveit,../repos/moveit/moveit_ros/perception/mesh_filter/include/moveit/mesh_filter/gl_renderer.h,"(73, 3)-(73, 14)",b'~GLRenderer()'
moveit,../repos/moveit/moveit_ros/perception/mesh_filter/include/moveit/mesh_filter/gl_mesh.h,"(70, 3)-(70, 10)",b'~GLMesh()'
moveit,../repos/moveit/moveit_ros/perception/mesh_filter/include/moveit/mesh_filter/sensor_model.h,"(73, 13)-(73, 24)",b'~Parameters()'
moveit,../repos/moveit/moveit_ros/perception/mesh_filter/include/moveit/mesh_filter/sensor_model.h,"(169, 11)-(169, 23)",b'~SensorModel()'
moveit,../repos/moveit/moveit_ros/perception/mesh_filter/include/moveit/mesh_filter/transform_provider.h,"(66, 3)-(66, 21)",b'~TransformProvider()'
moveit,../repos/moveit/moveit_ros/perception/mesh_filter/include/moveit/mesh_filter/filter_job.h,"(55, 11)-(55, 15)",b'~Job()'
moveit,../repos/moveit/moveit_ros/perception/pointcloud_octomap_updater/src/pointcloud_octomap_updater.cpp,"(64, 27)-(64, 52)",b'PointCloudOctomapUpdater::~PointCloudOctomapU...'
moveit,../repos/moveit/moveit_ros/perception/pointcloud_octomap_updater/include/moveit/pointcloud_octomap_updater/pointcloud_octomap_updater.h,"(55, 3)-(55, 28)",b'~PointCloudOctomapUpdater() override'
moveit,../repos/moveit/moveit_ros/perception/point_containment_filter/src/shape_mask.cpp,"(49, 38)-(49, 48)",b'ShapeMask::~ShapeMask'
moveit,../repos/moveit/moveit_ros/perception/point_containment_filter/include/moveit/point_containment_filter/shape_mask.h,"(70, 11)-(70, 21)",b'~ShapeMask()'
moveit,../repos/moveit/moveit_ros/warehouse/warehouse/src/warehouse_connector.cpp,"(49, 21)-(49, 40)",b'WarehouseConnector::~WarehouseConnector'
moveit,../repos/moveit/moveit_ros/warehouse/warehouse/include/moveit/warehouse/moveit_message_storage.h,"(54, 11)-(54, 32)",b'~MoveItMessageStorage()'
moveit,../repos/moveit/moveit_ros/warehouse/warehouse/include/moveit/warehouse/warehouse_connector.h,"(48, 3)-(48, 22)",b'~WarehouseConnector()'
moveit,../repos/moveit/moveit_ros/moveit_servo/src/servo_calcs.cpp,"(157, 13)-(157, 24)",b'ServoCalcs::~ServoCalcs'
moveit,../repos/moveit/moveit_ros/moveit_servo/src/servo.cpp,"(306, 8)-(306, 14)",b'Servo::~Servo'
moveit,../repos/moveit/moveit_ros/moveit_servo/include/moveit_servo/servo_calcs.h,"(75, 3)-(75, 14)",b'~ServoCalcs()'
moveit,../repos/moveit/moveit_ros/moveit_servo/include/moveit_servo/servo.h,"(59, 3)-(59, 9)",b'~Servo()'
moveit,../repos/moveit/moveit_ros/moveit_servo/include/moveit_servo/collision_check.h,"(69, 3)-(69, 18)",b'~CollisionCheck()'
moveit,../repos/moveit/moveit_ros/move_group/src/move_group_context.cpp,"(84, 31)-(84, 48)",b'MoveGroupContext::~MoveGroupContext'
moveit,../repos/moveit/moveit_ros/move_group/src/move_group.cpp,"(89, 3)-(89, 16)",b'~MoveGroupExe()'
moveit,../repos/moveit/moveit_ros/move_group/src/default_capabilities/tf_publisher_capability.h,"(48, 3)-(48, 15)",b'~TfPublisher() override'
moveit,../repos/moveit/moveit_ros/move_group/src/default_capabilities/execute_trajectory_service_capability.cpp,"(50, 26)-(50, 50)",b'MoveGroupExecuteService::~MoveGroupExecuteService'
moveit,../repos/moveit/moveit_ros/move_group/src/default_capabilities/tf_publisher_capability.cpp,"(51, 14)-(51, 26)",b'TfPublisher::~TfPublisher'
moveit,../repos/moveit/moveit_ros/move_group/include/moveit/move_group/move_group_capability.h,"(64, 11)-(64, 31)",b'~MoveGroupCapability()'
moveit,../repos/moveit/moveit_ros/move_group/include/moveit/move_group/move_group_context.h,"(76, 3)-(76, 20)",b'~MoveGroupContext()'
moveit,../repos/moveit/moveit_ros/occupancy_map_monitor/src/occupancy_map_monitor.cpp,"(370, 22)-(370, 42)",b'OccupancyMapMonitor::~OccupancyMapMonitor'
moveit,../repos/moveit/moveit_ros/occupancy_map_monitor/src/occupancy_map_updater.cpp,"(48, 22)-(48, 42)",b'OccupancyMapUpdater::~OccupancyMapUpdater'
moveit,../repos/moveit/moveit_ros/occupancy_map_monitor/include/moveit/occupancy_map_monitor/occupancy_map_monitor.h,"(65, 3)-(65, 23)",b'~OccupancyMapMonitor()'
moveit,../repos/moveit/moveit_ros/occupancy_map_monitor/include/moveit/occupancy_map_monitor/occupancy_map_updater.h,"(62, 11)-(62, 31)",b'~OccupancyMapUpdater()'
moveit,../repos/moveit/moveit_ros/visualization/planning_scene_rviz_plugin/src/planning_scene_display.cpp,"(166, 23)-(166, 44)",b'PlanningSceneDisplay::~PlanningSceneDisplay'
moveit,../repos/moveit/moveit_ros/visualization/planning_scene_rviz_plugin/include/moveit/planning_scene_rviz_plugin/planning_scene_display.h,"(73, 3)-(73, 24)",b'~PlanningSceneDisplay() override'
moveit,../repos/moveit/moveit_ros/visualization/rviz_plugin_render_tools/src/octomap_render.cpp,"(83, 15)-(83, 28)",b'OcTreeRender::~OcTreeRender'
moveit,../repos/moveit/moveit_ros/visualization/rviz_plugin_render_tools/src/planning_scene_render.cpp,"(54, 22)-(54, 42)",b'PlanningSceneRender::~PlanningSceneRender'
moveit,../repos/moveit/moveit_ros/visualization/rviz_plugin_render_tools/src/render_shapes.cpp,"(64, 15)-(64, 28)",b'RenderShapes::~RenderShapes'
moveit,../repos/moveit/moveit_ros/visualization/rviz_plugin_render_tools/src/trajectory_panel.cpp,"(46, 18)-(46, 34)",b'TrajectoryPanel::~TrajectoryPanel'
moveit,../repos/moveit/moveit_ros/visualization/rviz_plugin_render_tools/src/trajectory_visualization.cpp,"(136, 26)-(136, 50)",b'TrajectoryVisualization::~TrajectoryVisualization'
moveit,../repos/moveit/moveit_ros/visualization/rviz_plugin_render_tools/include/moveit/rviz_plugin_render_tools/trajectory_panel.h,"(58, 3)-(58, 19)",b'~TrajectoryPanel() override'
moveit,../repos/moveit/moveit_ros/visualization/rviz_plugin_render_tools/include/moveit/rviz_plugin_render_tools/render_shapes.h,"(66, 3)-(66, 16)",b'~RenderShapes()'
moveit,../repos/moveit/moveit_ros/visualization/rviz_plugin_render_tools/include/moveit/rviz_plugin_render_tools/planning_scene_render.h,"(66, 3)-(66, 23)",b'~PlanningSceneRender()'
moveit,../repos/moveit/moveit_ros/visualization/rviz_plugin_render_tools/include/moveit/rviz_plugin_render_tools/trajectory_visualization.h,"(86, 3)-(86, 27)",b'~TrajectoryVisualization() override'
moveit,../repos/moveit/moveit_ros/visualization/rviz_plugin_render_tools/include/moveit/rviz_plugin_render_tools/octomap_render.h,"(69, 11)-(69, 24)",b'~OcTreeRender()'
moveit,../repos/moveit/moveit_ros/visualization/trajectory_rviz_plugin/src/trajectory_display.cpp,"(58, 20)-(58, 38)",b'TrajectoryDisplay::~TrajectoryDisplay'
moveit,../repos/moveit/moveit_ros/visualization/trajectory_rviz_plugin/include/moveit/trajectory_rviz_plugin/trajectory_display.h,"(64, 3)-(64, 21)",b'~TrajectoryDisplay() override'
moveit,../repos/moveit/moveit_ros/visualization/robot_state_rviz_plugin/src/robot_state_display.cpp,"(109, 20)-(109, 38)",b'RobotStateDisplay::~RobotStateDisplay'
moveit,../repos/moveit/moveit_ros/visualization/robot_state_rviz_plugin/include/moveit/robot_state_rviz_plugin/robot_state_display.h,"(68, 3)-(68, 21)",b'~RobotStateDisplay() override'
moveit,../repos/moveit/moveit_ros/visualization/motion_planning_rviz_plugin/src/motion_planning_param_widget.cpp,"(52, 28)-(52, 54)",b'MotionPlanningParamWidget::~MotionPlanningPar...'
moveit,../repos/moveit/moveit_ros/visualization/motion_planning_rviz_plugin/src/motion_planning_display.cpp,"(185, 24)-(185, 46)",b'MotionPlanningDisplay::~MotionPlanningDisplay'
moveit,../repos/moveit/moveit_ros/visualization/motion_planning_rviz_plugin/src/motion_planning_frame_joints_widget.cpp,"(229, 34)-(229, 66)",b'MotionPlanningFrameJointsWidget::~MotionPlann...'
moveit,../repos/moveit/moveit_ros/visualization/motion_planning_rviz_plugin/src/motion_planning_frame.cpp,"(228, 22)-(228, 42)",b'MotionPlanningFrame::~MotionPlanningFrame'
moveit,../repos/moveit/moveit_ros/visualization/motion_planning_rviz_plugin/include/moveit/motion_planning_rviz_plugin/motion_planning_frame.h,"(106, 3)-(106, 23)",b'~MotionPlanningFrame() override'
moveit,../repos/moveit/moveit_ros/visualization/motion_planning_rviz_plugin/include/moveit/motion_planning_rviz_plugin/motion_planning_param_widget.h,"(58, 3)-(58, 29)",b'~MotionPlanningParamWidget() override'
moveit,../repos/moveit/moveit_ros/visualization/motion_planning_rviz_plugin/include/moveit/motion_planning_rviz_plugin/motion_planning_frame_joints_widget.h,"(130, 3)-(130, 35)",b'~MotionPlanningFrameJointsWidget() override'
moveit,../repos/moveit/moveit_ros/visualization/motion_planning_rviz_plugin/include/moveit/motion_planning_rviz_plugin/motion_planning_display.h,"(89, 3)-(89, 25)",b'~MotionPlanningDisplay() override'
moveit,../repos/moveit/moveit_kinematics/kdl_kinematics_plugin/src/chainiksolver_vel_mimic_svd.cpp,"(71, 27)-(71, 52)",b'ChainIkSolverVelMimicSVD::~ChainIkSolverVelMi...'
moveit,../repos/moveit/moveit_kinematics/kdl_kinematics_plugin/include/moveit/kdl_kinematics_plugin/chainiksolver_vel_mimic_svd.hpp,"(74, 3)-(74, 28)",b'~ChainIkSolverVelMimicSVD() override'
moveit,../repos/moveit/moveit_kinematics/cached_ik_kinematics_plugin/src/ik_cache.cpp,"(55, 10)-(55, 18)",b'IKCache::~IKCache'
moveit,../repos/moveit/moveit_kinematics/cached_ik_kinematics_plugin/src/ik_cache.cpp,"(290, 13)-(290, 24)",b'IKCacheMap::~IKCacheMap'
moveit,../repos/moveit/moveit_kinematics/cached_ik_kinematics_plugin/include/moveit/cached_ik_kinematics_plugin/detail/GreedyKCenters.h,"(61, 11)-(61, 26)",b'~GreedyKCenters()'
moveit,../repos/moveit/moveit_kinematics/cached_ik_kinematics_plugin/include/moveit/cached_ik_kinematics_plugin/detail/NearestNeighborsGNAT.h,"(112, 3)-(112, 24)",b'~NearestNeighborsGNAT() override'
moveit,../repos/moveit/moveit_kinematics/cached_ik_kinematics_plugin/include/moveit/cached_ik_kinematics_plugin/detail/NearestNeighborsGNAT.h,"(388, 5)-(388, 10)",b'~Node()'
moveit,../repos/moveit/moveit_kinematics/cached_ik_kinematics_plugin/include/moveit/cached_ik_kinematics_plugin/detail/NearestNeighbors.h,"(56, 11)-(56, 28)",b'~NearestNeighbors()'
moveit,../repos/moveit/moveit_kinematics/cached_ik_kinematics_plugin/include/moveit/cached_ik_kinematics_plugin/cached_ik_kinematics_plugin-inl.h,"(48, 45)-(48, 70)",b'CachedIKKinematicsPlugin<KinematicsPlugin>::~...'
moveit,../repos/moveit/moveit_kinematics/cached_ik_kinematics_plugin/include/moveit/cached_ik_kinematics_plugin/cached_ik_kinematics_plugin.h,"(92, 3)-(92, 11)",b'~IKCache()'
moveit,../repos/moveit/moveit_kinematics/cached_ik_kinematics_plugin/include/moveit/cached_ik_kinematics_plugin/cached_ik_kinematics_plugin.h,"(156, 3)-(156, 14)",b'~IKCacheMap()'
moveit,../repos/moveit/moveit_kinematics/cached_ik_kinematics_plugin/include/moveit/cached_ik_kinematics_plugin/cached_ik_kinematics_plugin.h,"(219, 3)-(219, 28)",b'~CachedIKKinematicsPlugin() override'
moveit,../repos/moveit/moveit_kinematics/ikfast_kinematics_plugin/templates/ikfast.h,"(73, 11)-(73, 26)",b'~IkSolutionBase()'
moveit,../repos/moveit/moveit_kinematics/ikfast_kinematics_plugin/templates/ikfast.h,"(103, 11)-(103, 30)",b'~IkSolutionListBase()'
moveit,../repos/moveit/moveit_kinematics/ikfast_kinematics_plugin/templates/ikfast.h,"(142, 11)-(142, 27)",b'~IkFastFunctions()'
moveit,../repos/moveit/moveit_core/controller_manager/include/moveit/controller_manager/controller_manager.h,"(112, 11)-(112, 34)",b'~MoveItControllerHandle()'
moveit,../repos/moveit/moveit_core/controller_manager/include/moveit/controller_manager/controller_manager.h,"(181, 11)-(181, 35)",b'~MoveItControllerManager()'
moveit,../repos/moveit/moveit_core/collision_detection/src/world.cpp,"(53, 8)-(53, 14)",b'World::~World'
moveit,../repos/moveit/moveit_core/collision_detection/src/world_diff.cpp,"(42, 12)-(42, 22)",b'WorldDiff::~WorldDiff'
moveit,../repos/moveit/moveit_core/collision_detection/src/collision_plugin_cache.cpp,"(103, 23)-(103, 44)",b'CollisionPluginCache::~CollisionPluginCache'
moveit,../repos/moveit/moveit_core/collision_detection/include/moveit/collision_detection/collision_plugin.h,"(86, 11)-(86, 27)",b'~CollisionPlugin()'
moveit,../repos/moveit/moveit_core/collision_detection/include/moveit/collision_detection/collision_env.h,"(74, 11)-(74, 24)",b'~CollisionEnv()'
moveit,../repos/moveit/moveit_core/collision_detection/include/moveit/collision_detection/collision_plugin_cache.h,"(47, 3)-(47, 24)",b'~CollisionPluginCache()'
moveit,../repos/moveit/moveit_core/collision_detection/include/moveit/collision_detection/collision_common.h,"(160, 11)-(160, 28)",b'~CollisionRequest()'
moveit,../repos/moveit/moveit_core/collision_detection/include/moveit/collision_detection/world.h,"(70, 11)-(70, 17)",b'~World()'
moveit,../repos/moveit/moveit_core/collision_detection/include/moveit/collision_detection/collision_detector_allocator.h,"(50, 11)-(50, 38)",b'~CollisionDetectorAllocator()'
moveit,../repos/moveit/moveit_core/collision_detection/include/moveit/collision_detection/world_diff.h,"(59, 3)-(59, 13)",b'~WorldDiff()'
moveit,../repos/moveit/moveit_core/constraint_samplers/include/moveit/constraint_samplers/constraint_sampler.h,"(77, 11)-(77, 29)",b'~ConstraintSampler()'
moveit,../repos/moveit/moveit_core/constraint_samplers/include/moveit/constraint_samplers/constraint_sampler_allocator.h,"(53, 11)-(53, 38)",b'~ConstraintSamplerAllocator()'
moveit,../repos/moveit/moveit_core/constraint_samplers/test/pr2_arm_ik.h,"(125, 3)-(125, 12)",b'~PR2ArmIK()'
moveit,../repos/moveit/moveit_core/constraint_samplers/test/pr2_arm_kinematics_plugin.h,"(84, 3)-(84, 18)",b'~PR2ArmIKSolver() override'
moveit,../repos/moveit/moveit_core/robot_state/src/robot_state.cpp,"(85, 13)-(85, 24)",b'RobotState::~RobotState'
moveit,../repos/moveit/moveit_core/robot_state/src/attached_body.cpp,"(85, 15)-(85, 28)",b'AttachedBody::~AttachedBody'
moveit,../repos/moveit/moveit_core/robot_state/include/moveit/robot_state/attached_body.h,"(71, 3)-(71, 16)",b'~AttachedBody()'
moveit,../repos/moveit/moveit_core/robot_state/include/moveit/robot_state/robot_state.h,"(95, 3)-(95, 14)",b'~RobotState()'
moveit,../repos/moveit/moveit_core/robot_state/test/robot_state_benchmark.cpp,"(57, 3)-(57, 15)",b'~ScopedTimer()'
moveit,../repos/moveit/moveit_core/kinematic_constraints/src/kinematic_constraint.cpp,"(118, 22)-(118, 42)",b'KinematicConstraint::~KinematicConstraint'
moveit,../repos/moveit/moveit_core/kinematic_constraints/include/moveit/kinematic_constraints/kinematic_constraint.h,"(96, 11)-(96, 31)",b'~KinematicConstraint()'
moveit,../repos/moveit/moveit_core/kinematics_base/src/kinematics_base.cpp,"(190, 17)-(190, 32)",b'KinematicsBase::~KinematicsBase'
moveit,../repos/moveit/moveit_core/kinematics_base/include/moveit/kinematics_base/kinematics_base.h,"(582, 11)-(582, 26)",b'~KinematicsBase()'
moveit,../repos/moveit/moveit_core/distance_field/src/distance_field.cpp,"(60, 16)-(60, 30)",b'DistanceField::~DistanceField'
moveit,../repos/moveit/moveit_core/distance_field/include/moveit/distance_field/propagation_distance_field.h,"(222, 3)-(222, 28)",b'~PropagationDistanceField() override'
moveit,../repos/moveit/moveit_core/distance_field/include/moveit/distance_field/voxel_grid.h,"(93, 11)-(93, 21)",b'~VoxelGrid()'
moveit,../repos/moveit/moveit_core/distance_field/include/moveit/distance_field/voxel_grid.h,"(402, 15)-(402, 25)",b'VoxelGrid<T>::~VoxelGrid'
moveit,../repos/moveit/moveit_core/distance_field/include/moveit/distance_field/distance_field.h,"(109, 11)-(109, 25)",b'~DistanceField()'
moveit,../repos/moveit/moveit_core/robot_model/src/joint_model.cpp,"(62, 13)-(62, 24)",b'JointModel::~JointModel'
moveit,../repos/moveit/moveit_core/robot_model/src/robot_model.cpp,"(65, 13)-(65, 24)",b'RobotModel::~RobotModel'
moveit,../repos/moveit/moveit_core/robot_model/src/joint_model_group.cpp,"(266, 18)-(266, 34)",b'JointModelGroup::~JointModelGroup'
moveit,../repos/moveit/moveit_core/robot_model/src/link_model.cpp,"(59, 12)-(59, 22)",b'LinkModel::~LinkModel'
moveit,../repos/moveit/moveit_core/robot_model/include/moveit/robot_model/robot_model.h,"(84, 3)-(84, 14)",b'~RobotModel()'
moveit,../repos/moveit/moveit_core/robot_model/include/moveit/robot_model/link_model.h,"(77, 3)-(77, 13)",b'~LinkModel()'
moveit,../repos/moveit/moveit_core/robot_model/include/moveit/robot_model/joint_model.h,"(127, 11)-(127, 22)",b'~JointModel()'
moveit,../repos/moveit/moveit_core/robot_model/include/moveit/robot_model/joint_model_group.h,"(110, 3)-(110, 19)",b'~JointModelGroup()'
moveit,../repos/moveit/moveit_core/planning_request_adapter/include/moveit/planning_request_adapter/planning_request_adapter.h,"(60, 11)-(60, 34)",b'~PlanningRequestAdapter()'
moveit,../repos/moveit/moveit_core/trajectory_processing/src/time_optimal_trajectory_generation.cpp,"(359, 13)-(359, 24)",b'Trajectory::~Trajectory'
moveit,../repos/moveit/moveit_core/trajectory_processing/include/moveit/trajectory_processing/time_parameterization.h,"(14, 11)-(14, 32)",b'~TimeParameterization()'
moveit,../repos/moveit/moveit_core/trajectory_processing/include/moveit/trajectory_processing/time_optimal_trajectory_generation.h,"(55, 11)-(55, 23)",b'~PathSegment()'
moveit,../repos/moveit/moveit_core/trajectory_processing/include/moveit/trajectory_processing/time_optimal_trajectory_generation.h,"(108, 3)-(108, 14)",b'~Trajectory()'
moveit,../repos/moveit/moveit_core/collision_distance_field/src/collision_distance_field_types.cpp,"(336, 41)-(336, 59)",b'BodyDecomposition::~BodyDecomposition'
moveit,../repos/moveit/moveit_core/collision_distance_field/src/collision_env_distance_field.cpp,"(118, 28)-(118, 54)",b'CollisionEnvDistanceField::~CollisionEnvDista...'
moveit,../repos/moveit/moveit_core/collision_distance_field/include/moveit/collision_distance_field/collision_distance_field_types.h,"(232, 3)-(232, 21)",b'~BodyDecomposition()'
moveit,../repos/moveit/moveit_core/collision_distance_field/include/moveit/collision_distance_field/collision_env_hybrid.h,"(77, 3)-(77, 22)",b'~CollisionEnvHybrid() override'
moveit,../repos/moveit/moveit_core/collision_distance_field/include/moveit/collision_distance_field/collision_env_distance_field.h,"(145, 3)-(145, 29)",b'~CollisionEnvDistanceField() override'
moveit,../repos/moveit/moveit_core/profiler/include/moveit/profiler/profiler.h,"(86, 5)-(86, 17)",b'~ScopedBlock()'
moveit,../repos/moveit/moveit_core/profiler/include/moveit/profiler/profiler.h,"(108, 5)-(108, 17)",b'~ScopedStart()'
moveit,../repos/moveit/moveit_core/profiler/include/moveit/profiler/profiler.h,"(131, 3)-(131, 12)",b'~Profiler()'
moveit,../repos/moveit/moveit_core/profiler/include/moveit/profiler/profiler.h,"(337, 5)-(337, 17)",b'~ScopedBlock(void)'
moveit,../repos/moveit/moveit_core/profiler/include/moveit/profiler/profiler.h,"(349, 5)-(349, 17)",b'~ScopedStart(void)'
moveit,../repos/moveit/moveit_core/profiler/include/moveit/profiler/profiler.h,"(360, 3)-(360, 12)",b'~Profiler(void)'
moveit,../repos/moveit/moveit_core/planning_interface/src/planning_interface.cpp,"(66, 18)-(66, 34)",b'PlanningContext::~PlanningContext'
moveit,../repos/moveit/moveit_core/planning_interface/include/moveit/planning_interface/planning_interface.h,"(86, 11)-(86, 27)",b'~PlanningContext()'
moveit,../repos/moveit/moveit_core/planning_interface/include/moveit/planning_interface/planning_interface.h,"(157, 11)-(157, 26)",b'~PlannerManager()'
moveit,../repos/moveit/moveit_core/sensor_manager/include/moveit/sensor_manager/sensor_manager.h,"(82, 11)-(82, 31)",b'~MoveItSensorManager()'
moveit,../repos/moveit/moveit_core/planning_scene/src/planning_scene.cpp,"(138, 16)-(138, 30)",b'PlanningScene::~PlanningScene'
moveit,../repos/moveit/moveit_core/planning_scene/include/moveit/planning_scene/planning_scene.h,"(185, 3)-(185, 17)",b'~PlanningScene()'
moveit,../repos/moveit/moveit_core/collision_detection_bullet/src/collision_env_bullet.cpp,"(98, 21)-(98, 40)",b'CollisionEnvBullet::~CollisionEnvBullet'
moveit,../repos/moveit/moveit_core/collision_detection_bullet/src/bullet_integration/bullet_bvh_manager.cpp,"(58, 19)-(58, 36)",b'BulletBVHManager::~BulletBVHManager'
moveit,../repos/moveit/moveit_core/collision_detection_bullet/include/moveit/collision_detection_bullet/collision_env_bullet.h,"(59, 3)-(59, 22)",b'~CollisionEnvBullet() override'
moveit,../repos/moveit/moveit_core/collision_detection_bullet/include/moveit/collision_detection_bullet/bullet_integration/bullet_bvh_manager.h,"(52, 11)-(52, 28)",b'~BulletBVHManager()'
moveit,../repos/moveit/moveit_core/collision_detection_bullet/include/moveit/collision_detection_bullet/bullet_integration/bullet_cast_bvh_manager.h,"(53, 3)-(53, 24)",b'~BulletCastBVHManager() override'
moveit,../repos/moveit/moveit_core/collision_detection_bullet/include/moveit/collision_detection_bullet/bullet_integration/bullet_utils.h,"(585, 3)-(585, 35)",b'~BroadphaseContactResultCallback()'
moveit,../repos/moveit/moveit_core/collision_detection_bullet/include/moveit/collision_detection_bullet/bullet_integration/bullet_utils.h,"(705, 3)-(705, 34)",b'~TesseractCollisionPairCallback() override'
moveit,../repos/moveit/moveit_core/collision_detection_bullet/include/moveit/collision_detection_bullet/bullet_integration/bullet_discrete_bvh_manager.h,"(53, 3)-(53, 28)",b'~BulletDiscreteBVHManager() override'
moveit,../repos/moveit/moveit_core/background_processing/src/background_processing.cpp,"(52, 23)-(52, 44)",b'BackgroundProcessing::~BackgroundProcessing'
moveit,../repos/moveit/moveit_core/background_processing/include/moveit/background_processing/background_processing.h,"(81, 3)-(81, 24)",b'~BackgroundProcessing()'
moveit,../repos/moveit/moveit_core/transforms/src/transforms.cpp,"(65, 13)-(65, 24)",b'Transforms::~Transforms'
moveit,../repos/moveit/moveit_core/transforms/include/moveit/transforms/transforms.h,"(69, 11)-(69, 22)",b'~Transforms()'
moveit,../repos/moveit/moveit_core/collision_detection_fcl/src/collision_env_fcl.cpp,"(149, 18)-(149, 34)",b'CollisionEnvFCL::~CollisionEnvFCL'
moveit,../repos/moveit/moveit_core/collision_detection_fcl/include/moveit/collision_detection_fcl/collision_common.h,"(152, 3)-(152, 17)",b'~CollisionData()'
moveit,../repos/moveit/moveit_core/collision_detection_fcl/include/moveit/collision_detection_fcl/collision_common.h,"(184, 3)-(184, 16)",b'~DistanceData()'
moveit,../repos/moveit/moveit_core/collision_detection_fcl/include/moveit/collision_detection_fcl/collision_env_fcl.h,"(65, 3)-(65, 19)",b'~CollisionEnvFCL() override'
moveit,../repos/moveit/moveit_plugins/moveit_ros_control_interface/include/moveit_ros_control_interface/ControllerHandle.h,"(54, 11)-(54, 37)",b'~ControllerHandleAllocator()'
moveit,../repos/moveit/moveit_plugins/moveit_fake_controller_manager/src/moveit_fake_controllers.h,"(69, 3)-(69, 23)",b'~LastPointController() override'
moveit,../repos/moveit/moveit_plugins/moveit_fake_controller_manager/src/moveit_fake_controllers.h,"(80, 3)-(80, 22)",b'~ThreadedController() override'
moveit,../repos/moveit/moveit_plugins/moveit_fake_controller_manager/src/moveit_fake_controllers.h,"(107, 3)-(107, 22)",b'~ViaPointController() override'
moveit,../repos/moveit/moveit_plugins/moveit_fake_controller_manager/src/moveit_fake_controllers.h,"(117, 3)-(117, 27)",b'~InterpolatingController() override'
moveit,../repos/moveit/moveit_plugins/moveit_fake_controller_manager/src/moveit_fake_controller_manager.cpp,"(205, 3)-(205, 31)",b'~MoveItFakeControllerManager() override'
moveit,../repos/moveit/moveit_plugins/moveit_fake_controller_manager/src/moveit_fake_controllers.cpp,"(73, 22)-(73, 42)",b'LastPointController::~LastPointController'
moveit,../repos/moveit/moveit_plugins/moveit_fake_controller_manager/src/moveit_fake_controllers.cpp,"(111, 21)-(111, 40)",b'ThreadedController::~ThreadedController'
moveit,../repos/moveit/moveit_plugins/moveit_fake_controller_manager/src/moveit_fake_controllers.cpp,"(157, 21)-(157, 40)",b'ViaPointController::~ViaPointController'
moveit,../repos/moveit/moveit_plugins/moveit_fake_controller_manager/src/moveit_fake_controllers.cpp,"(198, 26)-(198, 50)",b'InterpolatingController::~InterpolatingController'
moveit,../repos/moveit/moveit_plugins/moveit_simple_controller_manager/src/moveit_simple_controller_manager.cpp,"(169, 3)-(169, 33)",b'~MoveItSimpleControllerManager() override'
moveit,../repos/moveit/moveit_experimental/kinematics_constraint_aware/include/moveit/kinematics_constraint_aware/kinematics_request_response.h,"(63, 11)-(63, 29)",b'~KinematicsRequest()'
moveit,../repos/moveit/moveit_experimental/kinematics_constraint_aware/include/moveit/kinematics_constraint_aware/kinematics_request_response.h,"(90, 11)-(90, 30)",b'~KinematicsResponse()'
moveit,../repos/moveit/moveit_setup_assistant/src/tools/collision_linear_model.cpp,"(48, 23)-(48, 44)",b'CollisionLinearModel::~CollisionLinearModel'
moveit,../repos/moveit/moveit_setup_assistant/src/tools/moveit_config_data.cpp,"(83, 19)-(83, 36)",b'MoveItConfigData::~MoveItConfigData'
moveit,../repos/moveit/moveit_setup_assistant/src/tools/collision_linear_model.h,"(51, 3)-(51, 24)",b'~CollisionLinearModel() override'
moveit,../repos/moveit/moveit_setup_assistant/src/widgets/default_collisions_widget.cpp,"(270, 26)-(270, 50)",b'DefaultCollisionsWidget::~DefaultCollisionsWidget'
moveit,../repos/moveit/moveit_setup_assistant/src/widgets/default_collisions_widget.h,"(94, 3)-(94, 27)",b'~DefaultCollisionsWidget() override'
moveit,../repos/moveit/moveit_setup_assistant/src/widgets/start_screen_widget.h,"(74, 3)-(74, 21)",b'~StartScreenWidget() override'
moveit,../repos/moveit/moveit_setup_assistant/src/widgets/robot_poses_widget.cpp,"(863, 15)-(863, 28)",b'SliderWidget::~SliderWidget'
moveit,../repos/moveit/moveit_setup_assistant/src/widgets/robot_poses_widget.h,"(234, 3)-(234, 16)",b'~SliderWidget() override'
moveit,../repos/moveit/moveit_setup_assistant/src/widgets/start_screen_widget.cpp,"(219, 20)-(219, 38)",b'StartScreenWidget::~StartScreenWidget'
moveit,../repos/moveit/moveit_setup_assistant/src/widgets/setup_assistant_widget.cpp,"(169, 23)-(169, 44)",b'SetupAssistantWidget::~SetupAssistantWidget'
moveit,../repos/moveit/moveit_setup_assistant/src/widgets/planning_groups_widget.h,"(223, 11)-(223, 25)",b'~PlanGroupType()'
moveit,../repos/moveit/moveit_setup_assistant/src/widgets/setup_assistant_widget.h,"(100, 3)-(100, 24)",b'~SetupAssistantWidget() override'
moveit,../repos/moveit/moveit_setup_assistant/include/moveit/setup_assistant/tools/moveit_config_data.h,"(115, 3)-(115, 26)",b'~OMPLPlannerDescription()'
moveit,../repos/moveit/moveit_setup_assistant/include/moveit/setup_assistant/tools/moveit_config_data.h,"(191, 3)-(191, 20)",b'~MoveItConfigData()'
