Repo name,File name,Location,Content
moveit,../repos/moveit/moveit_planners/trajopt/src/problem_description.cpp,"(235, 25)-(235, 41)",b'static_cast<int>(n_dof)'
moveit,../repos/moveit/moveit_planners/trajopt/src/problem_description.cpp,"(356, 64)-(356, 80)",b'static_cast<int>(n_dof)'
moveit,../repos/moveit/moveit_planners/trajopt/src/problem_description.cpp,"(445, 64)-(445, 80)",b'static_cast<int>(n_dof)'
moveit,../repos/moveit/moveit_planners/trajopt/src/kinematic_terms.cpp,"(26, 14)-(26, 30)",b'static_cast<int>(var_vals.rows() / 2)'
moveit,../repos/moveit/moveit_planners/trajopt/src/kinematic_terms.cpp,"(42, 18)-(42, 34)",b'static_cast<int>(var_vals.rows())'
moveit,../repos/moveit/moveit_planners/trajopt/src/trajopt_interface.cpp,"(89, 25)-(89, 42)",b'static_cast<bool>(robot_model)'
moveit,../repos/moveit/moveit_planners/trajopt/src/trajopt_interface.cpp,"(361, 87)-(361, 106)",b'static_cast<double>(INFINITY)'
moveit,../repos/moveit/moveit_planners/trajopt/src/trajopt_interface.cpp,"(369, 56)-(369, 75)",b'static_cast<double>(INFINITY)'
moveit,../repos/moveit/moveit_planners/trajopt/test/trajectory_test.cpp,"(53, 28)-(53, 45)",b'static_cast<bool>(robot_model_)'
moveit,../repos/moveit/moveit_planners/chomp/chomp_motion_planner/src/chomp_optimizer.cpp,"(81, 13)-(81, 73)",b'dynamic_cast<const collision_detection::Colli...'
moveit,../repos/moveit/moveit_planners/chomp/chomp_motion_planner/src/chomp_optimizer.cpp,"(768, 9)-(768, 62)",b'dynamic_cast<const moveit::core::RevoluteJoin...'
moveit,../repos/moveit/moveit_planners/chomp/chomp_motion_planner/src/chomp_optimizer.cpp,"(770, 9)-(770, 63)",b'dynamic_cast<const moveit::core::PrismaticJoi...'
moveit,../repos/moveit/moveit_planners/chomp/chomp_motion_planner/src/chomp_optimizer.cpp,"(836, 11)-(836, 64)",b'dynamic_cast<const moveit::core::RevoluteJoin...'
moveit,../repos/moveit/moveit_planners/chomp/chomp_motion_planner/src/chomp_trajectory.cpp,"(44, 34)-(44, 53)",b'static_cast<size_t>(duration / discretization)'
moveit,../repos/moveit/moveit_planners/chomp/chomp_motion_planner/src/chomp_trajectory.cpp,"(88, 9)-(88, 28)",b'static_cast<size_t>(source_traj_point)'
moveit,../repos/moveit/moveit_planners/chomp/chomp_motion_planner/src/chomp_trajectory.cpp,"(91, 29)-(91, 57)",b'const_cast<ChompTrajectory&>(source_traj)'
moveit,../repos/moveit/moveit_planners/chomp/chomp_motion_planner/src/chomp_trajectory.cpp,"(202, 23)-(202, 42)",b'static_cast<double>(i * max_input_index)'
moveit,../repos/moveit/moveit_planners/chomp/chomp_motion_planner/src/chomp_trajectory.cpp,"(217, 50)-(217, 69)",b'static_cast<size_t>(target.cols())'
moveit,../repos/moveit/moveit_planners/chomp/chomp_motion_planner/src/chomp_planner.cpp,"(106, 9)-(106, 62)",b'dynamic_cast<const moveit::core::RevoluteJoin...'
moveit,../repos/moveit/moveit_planners/pilz_industrial_motion_planner/src/move_group_sequence_action.cpp,"(190, 11)-(190, 68)",b'static_cast<const planning_scene::PlanningSce...'
moveit,../repos/moveit/moveit_planners/pilz_industrial_motion_planner/test/unittest_velocity_profile_atrap.cpp,"(622, 7)-(622, 73)",b'static_cast<pilz_industrial_motion_planner::V...'
moveit,../repos/moveit/moveit_planners/sbpl/core/sbpl_interface/src/environment_chain3d.cpp,"(438, 15)-(438, 77)",b'dynamic_cast<const collision_detection::Colli...'
moveit,../repos/moveit/moveit_planners/sbpl/core/sbpl_interface/src/environment_chain3d.cpp,"(446, 15)-(446, 77)",b'dynamic_cast<const collision_detection::Colli...'
moveit,../repos/moveit/moveit_planners/sbpl/core/sbpl_interface/src/sbpl_interface.cpp,"(46, 4)-(46, 30)",b'const_cast<SBPLInterface*>(this)'
moveit,../repos/moveit/moveit_planners/sbpl/core/sbpl_interface/src/sbpl_interface.cpp,"(117, 4)-(117, 30)",b'const_cast<SBPLInterface*>(this)'
moveit,../repos/moveit/moveit_planners/ompl/ompl_interface/cfg/cpp/ompl_interface_ros/OMPLDynamicReconfigureConfig.h,"(193, 27)-(193, 40)",b'boost::any_cast<PT*>'
moveit,../repos/moveit/moveit_planners/ompl/ompl_interface/cfg/cpp/ompl_interface_ros/OMPLDynamicReconfigureConfig.h,"(209, 27)-(209, 40)",b'boost::any_cast<PT*>'
moveit,../repos/moveit/moveit_planners/ompl/ompl_interface/cfg/cpp/ompl_interface_ros/OMPLDynamicReconfigureConfig.h,"(222, 27)-(222, 40)",b'boost::any_cast<PT*>'
moveit,../repos/moveit/moveit_planners/ompl/ompl_interface/cfg/cpp/ompl_interface_ros/OMPLDynamicReconfigureConfig.h,"(236, 32)-(236, 44)",b'boost::any_cast<PT>'
moveit,../repos/moveit/moveit_planners/ompl/ompl_interface/cfg/cpp/ompl_interface_ros/OMPLDynamicReconfigureConfig.h,"(267, 46)-(267, 67)",b'boost::any_cast<std::string>'
moveit,../repos/moveit/moveit_planners/ompl/ompl_interface/src/detail/constrained_goal_sampler.cpp,"(77, 10)-(77, 50)",b'static_cast<const StateValidityChecker*>(si_-...'
moveit,../repos/moveit/moveit_planners/ompl/ompl_interface/src/detail/constrained_goal_sampler.cpp,"(158, 11)-(158, 51)",b'static_cast<const StateValidityChecker*>(si_-...'
moveit,../repos/moveit/moveit_planners/ompl/ompl_interface/src/detail/constraints_library.cpp,"(219, 20)-(219, 69)",b'static_cast<ConstraintApproximationStateStora...'
moveit,../repos/moveit/moveit_planners/ompl/ompl_interface/src/detail/state_validity_checker.cpp,"(86, 5)-(86, 27)",b'const_cast<ob::State*>(state)'
moveit,../repos/moveit/moveit_planners/ompl/ompl_interface/src/detail/state_validity_checker.cpp,"(97, 5)-(97, 27)",b'const_cast<ob::State*>(state)'
moveit,../repos/moveit/moveit_planners/ompl/ompl_interface/src/detail/state_validity_checker.cpp,"(104, 5)-(104, 27)",b'const_cast<ob::State*>(state)'
moveit,../repos/moveit/moveit_planners/ompl/ompl_interface/src/detail/state_validity_checker.cpp,"(114, 5)-(114, 27)",b'const_cast<ob::State*>(state)'
moveit,../repos/moveit/moveit_planners/ompl/ompl_interface/src/detail/state_validity_checker.cpp,"(118, 5)-(118, 27)",b'const_cast<ob::State*>(state)'
moveit,../repos/moveit/moveit_planners/ompl/ompl_interface/src/detail/state_validity_checker.cpp,"(137, 5)-(137, 27)",b'const_cast<ob::State*>(state)'
moveit,../repos/moveit/moveit_planners/ompl/ompl_interface/src/detail/state_validity_checker.cpp,"(152, 7)-(152, 29)",b'const_cast<ob::State*>(state)'
moveit,../repos/moveit/moveit_planners/ompl/ompl_interface/src/detail/goal_union.cpp,"(65, 7)-(65, 48)",b'static_cast<ompl::base::GoalLazySamples*>(goa...'
moveit,../repos/moveit/moveit_planners/ompl/ompl_interface/src/detail/goal_union.cpp,"(72, 7)-(72, 48)",b'static_cast<ompl::base::GoalLazySamples*>(goa...'
moveit,../repos/moveit/moveit_planners/ompl/ompl_interface/src/model_based_planning_context.cpp,"(342, 44)-(342, 62)",b'boost::lexical_cast<bool>'
moveit,../repos/moveit/moveit_planners/ompl/ompl_interface/src/model_based_planning_context.cpp,"(348, 27)-(348, 45)",b'boost::lexical_cast<bool>'
moveit,../repos/moveit/moveit_planners/ompl/ompl_interface/src/model_based_planning_context.cpp,"(356, 25)-(356, 43)",b'boost::lexical_cast<bool>'
moveit,../repos/moveit/moveit_planners/ompl/ompl_interface/src/model_based_planning_context.cpp,"(465, 5)-(465, 39)",b'static_cast<StateValidityChecker*>(ompl_simpl...'
moveit,../repos/moveit/moveit_planners/ompl/ompl_interface/src/model_based_planning_context.cpp,"(573, 20)-(573, 59)",b'dynamic_cast<ompl::geometric::LazyPRM*>(ompl_...'
moveit,../repos/moveit/moveit_planners/ompl/ompl_interface/src/model_based_planning_context.cpp,"(623, 10)-(623, 27)",b'static_cast<bool>(goal)'
moveit,../repos/moveit/moveit_planners/ompl/ompl_interface/src/model_based_planning_context.cpp,"(648, 5)-(648, 38)",b'static_cast<ob::GoalLazySamples*>(ompl_simple...'
moveit,../repos/moveit/moveit_planners/ompl/ompl_interface/src/model_based_planning_context.cpp,"(651, 5)-(651, 42)",b'static_cast<GoalSampleableRegionMux*>(ompl_si...'
moveit,../repos/moveit/moveit_planners/ompl/ompl_interface/src/model_based_planning_context.cpp,"(658, 5)-(658, 38)",b'static_cast<ob::GoalLazySamples*>(ompl_simple...'
moveit,../repos/moveit/moveit_planners/ompl/ompl_interface/src/model_based_planning_context.cpp,"(661, 5)-(661, 42)",b'static_cast<GoalSampleableRegionMux*>(ompl_si...'
moveit,../repos/moveit/moveit_planners/ompl/ompl_interface/src/parameterization/model_based_state_space.cpp,"(133, 4)-(133, 26)",b'reinterpret_cast<int*>(serialization)'
moveit,../repos/moveit/moveit_planners/ompl/ompl_interface/src/parameterization/model_based_state_space.cpp,"(134, 10)-(134, 33)",b'reinterpret_cast<char*>(serialization)'
moveit,../repos/moveit/moveit_planners/ompl/ompl_interface/src/parameterization/model_based_state_space.cpp,"(139, 34)-(139, 62)",b'reinterpret_cast<const int*>(serialization)'
moveit,../repos/moveit/moveit_planners/ompl/ompl_interface/src/parameterization/model_based_state_space.cpp,"(140, 42)-(140, 71)",b'reinterpret_cast<const char*>(serialization)'
moveit,../repos/moveit/moveit_planners/ompl/ompl_interface/src/parameterization/model_based_state_space.cpp,"(286, 38)-(286, 76)",b'static_cast<ompl::base::StateSampler*>(\n     ...'
moveit,../repos/moveit/moveit_planners/ompl/ompl_interface/src/parameterization/work_space/pose_model_state_space.cpp,"(341, 38)-(341, 76)",b'static_cast<ompl::base::StateSampler*>(\n     ...'
moveit,../repos/moveit/moveit_planners/ompl/ompl_interface/src/planning_context_manager.cpp,"(119, 43)-(119, 61)",b'boost::lexical_cast<bool>'
moveit,../repos/moveit/moveit_planners/ompl/ompl_interface/src/planning_context_manager.cpp,"(138, 34)-(138, 52)",b'boost::lexical_cast<bool>'
moveit,../repos/moveit/moveit_planners/ompl/ompl_interface/src/planning_context_manager.cpp,"(145, 35)-(145, 53)",b'boost::lexical_cast<bool>'
moveit,../repos/moveit/moveit_planners/ompl/ompl_interface/src/planning_context_manager.cpp,"(487, 47)-(487, 65)",b'boost::lexical_cast<bool>'
moveit,../repos/moveit/moveit_planners/ompl/ompl_interface/src/ompl_interface.cpp,"(158, 46)-(158, 70)",b'static_cast<std::string>(element.second)'
moveit,../repos/moveit/moveit_planners/ompl/ompl_interface/src/ompl_interface.cpp,"(160, 69)-(160, 88)",b'static_cast<double>(element.second)'
moveit,../repos/moveit/moveit_planners/ompl/ompl_interface/src/ompl_interface.cpp,"(162, 61)-(162, 77)",b'static_cast<int>(element.second)'
moveit,../repos/moveit/moveit_planners/ompl/ompl_interface/src/ompl_interface.cpp,"(164, 61)-(164, 78)",b'static_cast<bool>(element.second)'
moveit,../repos/moveit/moveit_planners/ompl/ompl_interface/src/ompl_interface.cpp,"(265, 40)-(265, 64)",b'static_cast<std::string>(config_names[j])'
moveit,../repos/moveit/moveit_planners/ompl/ompl_interface/test/test_planning_context_manager.cpp,"(103, 15)-(103, 66)",b'dynamic_cast<ompl_interface::JointModelStateS...'
moveit,../repos/moveit/moveit_planners/ompl/ompl_interface/test/test_planning_context_manager.cpp,"(147, 15)-(147, 66)",b'dynamic_cast<ompl_interface::JointModelStateS...'
moveit,../repos/moveit/moveit_planners/ompl/ompl_interface/test/test_planning_context_manager.cpp,"(183, 15)-(183, 66)",b'dynamic_cast<ompl_interface::JointModelStateS...'
moveit,../repos/moveit/moveit_ros/robot_interaction/src/robot_interaction.cpp,"(112, 52)-(112, 77)",b'boost::lexical_cast<std::string>'
moveit,../repos/moveit/moveit_ros/manipulation/pick_place/src/pick_place.cpp,"(194, 61)-(194, 86)",b'boost::lexical_cast<std::string>'
moveit,../repos/moveit/moveit_ros/planning/moveit_cpp/test/moveit_cpp_test.cpp,"(124, 15)-(124, 32)",b'static_cast<bool>(planning_component_ptr->plan())'
moveit,../repos/moveit/moveit_ros/planning/moveit_cpp/test/moveit_cpp_test.cpp,"(133, 15)-(133, 32)",b'static_cast<bool>(planning_component_ptr->plan())'
moveit,../repos/moveit/moveit_ros/planning/moveit_cpp/test/moveit_cpp_test.cpp,"(145, 15)-(145, 32)",b'static_cast<bool>(planning_component_ptr->plan())'
moveit,../repos/moveit/moveit_ros/planning/moveit_cpp/test/moveit_cpp_test.cpp,"(157, 15)-(157, 32)",b'static_cast<bool>(planning_component_ptr->plan())'
moveit,../repos/moveit/moveit_ros/planning/plan_execution/src/plan_execution.cpp,"(502, 36)-(502, 52)",b'static_cast<int>(index)'
moveit,../repos/moveit/moveit_ros/planning/planning_scene_monitor/src/planning_scene_monitor.cpp,"(82, 47)-(82, 72)",b'boost::lexical_cast<std::string>'
moveit,../repos/moveit/moveit_ros/planning/planning_scene_monitor/src/planning_scene_monitor.cpp,"(84, 20)-(84, 45)",b'boost::lexical_cast<std::string>'
moveit,../repos/moveit/moveit_ros/planning/planning_scene_monitor/src/planning_scene_monitor.cpp,"(637, 71)-(637, 88)",b'static_cast<bool>(scene.robot_state.is_diff)'
moveit,../repos/moveit/moveit_ros/planning/planning_scene_monitor/src/planning_scene_monitor.cpp,"(718, 27)-(718, 53)",b'static_cast<shapes::Mesh*>(shapes[j]->clone())'
moveit,../repos/moveit/moveit_ros/planning/planning_scene_monitor/src/current_state_monitor.cpp,"(325, 15)-(325, 67)",b'static_cast<const moveit::core::RevoluteJoint...'
moveit,../repos/moveit/moveit_ros/planning/planning_scene_monitor/src/trajectory_monitor.cpp,"(73, 10)-(73, 27)",b'static_cast<bool>(record_states_thread_)'
moveit,../repos/moveit/moveit_ros/planning/planning_scene_monitor/include/moveit/planning_scene_monitor/planning_scene_monitor.h,"(632, 12)-(632, 52)",b'static_cast<const PlanningSceneMonitor*>(plan...'
moveit,../repos/moveit/moveit_ros/planning/planning_scene_monitor/include/moveit/planning_scene_monitor/planning_scene_monitor.h,"(637, 12)-(637, 52)",b'static_cast<const PlanningSceneMonitor*>(plan...'
moveit,../repos/moveit/moveit_ros/planning/planning_components_tools/src/kinematics_speed_and_validity_evaluator.cpp,"(78, 33)-(78, 59)",b'boost::lexical_cast<unsigned int>'
moveit,../repos/moveit/moveit_ros/planning/kinematics_plugin_loader/src/kinematics_plugin_loader.cpp,"(421, 67)-(421, 91)",b'static_cast<std::string>(ksolver_ik_links[j])'
moveit,../repos/moveit/moveit_ros/planning/kinematics_plugin_loader/src/kinematics_plugin_loader.cpp,"(423, 70)-(423, 94)",b'static_cast<std::string>(ksolver_ik_links[j])'
moveit,../repos/moveit/moveit_ros/planning/planning_request_adapter_plugins/src/fix_start_state_bounds.cpp,"(106, 13)-(106, 65)",b'static_cast<const moveit::core::RevoluteJoint...'
moveit,../repos/moveit/moveit_ros/planning/planning_request_adapter_plugins/src/fix_start_state_bounds.cpp,"(121, 13)-(121, 63)",b'static_cast<const moveit::core::PlanarJointMo...'
moveit,../repos/moveit/moveit_ros/planning/planning_request_adapter_plugins/src/fix_start_state_bounds.cpp,"(133, 13)-(133, 65)",b'static_cast<const moveit::core::FloatingJoint...'
moveit,../repos/moveit/moveit_ros/planning/robot_model_loader/src/robot_model_loader.cpp,"(80, 12)-(80, 64)",b'static_cast<const moveit::core::RevoluteJoint...'
moveit,../repos/moveit/moveit_ros/benchmarks/src/BenchmarkExecutor.cpp,"(577, 19)-(577, 58)",b'static_cast<moveit_msgs::PlanningScene>(*pswm)'
moveit,../repos/moveit/moveit_ros/benchmarks/src/BenchmarkExecutor.cpp,"(586, 25)-(586, 69)",b'static_cast<moveit_msgs::PlanningSceneWorld>(...'
moveit,../repos/moveit/moveit_ros/benchmarks/src/BenchmarkExecutor.cpp,"(642, 21)-(642, 64)",b'static_cast<moveit_msgs::MotionPlanRequest>(*...'
moveit,../repos/moveit/moveit_ros/benchmarks/src/BenchmarkExecutor.cpp,"(851, 38)-(851, 63)",b'boost::lexical_cast<std::string>'
moveit,../repos/moveit/moveit_ros/benchmarks/src/BenchmarkExecutor.cpp,"(922, 79)-(922, 104)",b'boost::lexical_cast<std::string>'
moveit,../repos/moveit/moveit_ros/benchmarks/src/BenchmarkExecutor.cpp,"(930, 56)-(930, 81)",b'boost::lexical_cast<std::string>'
moveit,../repos/moveit/moveit_ros/benchmarks/src/BenchmarkExecutor.cpp,"(1055, 38)-(1055, 57)",b'static_cast<double>(steps)'
moveit,../repos/moveit/moveit_ros/benchmarks/benchmarks/src/benchmark_execution.cpp,"(199, 23)-(199, 74)",b'static_cast<const moveit_msgs::PlanningSceneW...'
moveit,../repos/moveit/moveit_ros/benchmarks/benchmarks/src/benchmark_execution.cpp,"(204, 17)-(204, 63)",b'static_cast<const moveit_msgs::PlanningScene&...'
moveit,../repos/moveit/moveit_ros/benchmarks/benchmarks/src/benchmark_execution.cpp,"(298, 35)-(298, 85)",b'static_cast<const moveit_msgs::MotionPlanRequ...'
moveit,../repos/moveit/moveit_ros/benchmarks/benchmarks/src/benchmark_execution.cpp,"(306, 55)-(306, 80)",b'boost::lexical_cast<std::string>'
moveit,../repos/moveit/moveit_ros/benchmarks/benchmarks/src/benchmark_execution.cpp,"(403, 57)-(403, 82)",b'boost::lexical_cast<std::string>'
moveit,../repos/moveit/moveit_ros/benchmarks/benchmarks/src/benchmark_execution.cpp,"(491, 68)-(491, 93)",b'boost::lexical_cast<std::string>'
moveit,../repos/moveit/moveit_ros/benchmarks/benchmarks/src/benchmark_execution.cpp,"(548, 44)-(548, 65)",b'boost::any_cast<std::string>'
moveit,../repos/moveit/moveit_ros/benchmarks/benchmarks/src/benchmark_execution.cpp,"(562, 38)-(562, 58)",b'boost::lexical_cast<double>'
moveit,../repos/moveit/moveit_ros/benchmarks/benchmarks/src/benchmark_execution.cpp,"(564, 38)-(564, 58)",b'boost::lexical_cast<double>'
moveit,../repos/moveit/moveit_ros/benchmarks/benchmarks/src/benchmark_execution.cpp,"(566, 38)-(566, 58)",b'boost::lexical_cast<double>'
moveit,../repos/moveit/moveit_ros/benchmarks/benchmarks/src/benchmark_execution.cpp,"(568, 38)-(568, 58)",b'boost::lexical_cast<double>'
moveit,../repos/moveit/moveit_ros/benchmarks/benchmarks/src/benchmark_execution.cpp,"(570, 38)-(570, 58)",b'boost::lexical_cast<double>'
moveit,../repos/moveit/moveit_ros/benchmarks/benchmarks/src/benchmark_execution.cpp,"(572, 38)-(572, 58)",b'boost::lexical_cast<double>'
moveit,../repos/moveit/moveit_ros/benchmarks/benchmarks/src/benchmark_execution.cpp,"(600, 63)-(600, 83)",b'boost::lexical_cast<double>'
moveit,../repos/moveit/moveit_ros/benchmarks/benchmarks/src/benchmark_execution.cpp,"(601, 63)-(601, 83)",b'boost::lexical_cast<double>'
moveit,../repos/moveit/moveit_ros/benchmarks/benchmarks/src/benchmark_execution.cpp,"(602, 63)-(602, 83)",b'boost::lexical_cast<double>'
moveit,../repos/moveit/moveit_ros/benchmarks/benchmarks/src/benchmark_execution.cpp,"(603, 63)-(603, 83)",b'boost::lexical_cast<double>'
moveit,../repos/moveit/moveit_ros/benchmarks/benchmarks/src/benchmark_execution.cpp,"(604, 63)-(604, 83)",b'boost::lexical_cast<double>'
moveit,../repos/moveit/moveit_ros/benchmarks/benchmarks/src/benchmark_execution.cpp,"(605, 63)-(605, 83)",b'boost::lexical_cast<double>'
moveit,../repos/moveit/moveit_ros/benchmarks/benchmarks/src/benchmark_execution.cpp,"(627, 36)-(627, 61)",b'boost::lexical_cast<std::size_t>'
moveit,../repos/moveit/moveit_ros/benchmarks/benchmarks/src/benchmark_execution.cpp,"(642, 35)-(642, 55)",b'boost::lexical_cast<double>'
moveit,../repos/moveit/moveit_ros/benchmarks/benchmarks/src/benchmark_execution.cpp,"(678, 34)-(678, 59)",b'boost::lexical_cast<std::size_t>'
moveit,../repos/moveit/moveit_ros/benchmarks/benchmarks/src/benchmark_execution.cpp,"(722, 36)-(722, 56)",b'boost::lexical_cast<double>'
moveit,../repos/moveit/moveit_ros/benchmarks/benchmarks/src/benchmark_execution.cpp,"(723, 40)-(723, 60)",b'boost::lexical_cast<double>'
moveit,../repos/moveit/moveit_ros/benchmarks/benchmarks/src/benchmark_execution.cpp,"(724, 34)-(724, 54)",b'boost::lexical_cast<double>'
moveit,../repos/moveit/moveit_ros/benchmarks/benchmarks/src/benchmark_execution.cpp,"(802, 39)-(802, 64)",b'boost::lexical_cast<std::string>'
moveit,../repos/moveit/moveit_ros/benchmarks/benchmarks/src/benchmark_execution.cpp,"(803, 38)-(803, 63)",b'boost::lexical_cast<std::string>'
moveit,../repos/moveit/moveit_ros/benchmarks/benchmarks/src/benchmark_execution.cpp,"(870, 79)-(870, 104)",b'boost::lexical_cast<std::string>'
moveit,../repos/moveit/moveit_ros/benchmarks/benchmarks/src/benchmark_execution.cpp,"(871, 75)-(871, 100)",b'boost::lexical_cast<std::string>'
moveit,../repos/moveit/moveit_ros/benchmarks/benchmarks/src/benchmark_execution.cpp,"(872, 78)-(872, 103)",b'boost::lexical_cast<std::string>'
moveit,../repos/moveit/moveit_ros/benchmarks/benchmarks/src/benchmark_execution.cpp,"(873, 79)-(873, 104)",b'boost::lexical_cast<std::string>'
moveit,../repos/moveit/moveit_ros/benchmarks/benchmarks/src/benchmark_execution.cpp,"(875, 18)-(875, 43)",b'boost::lexical_cast<std::string>'
moveit,../repos/moveit/moveit_ros/benchmarks/benchmarks/src/benchmark_execution.cpp,"(880, 43)-(880, 68)",b'boost::lexical_cast<std::string>'
moveit,../repos/moveit/moveit_ros/benchmarks/benchmarks/src/benchmark_execution.cpp,"(1421, 38)-(1421, 63)",b'boost::lexical_cast<std::string>'
moveit,../repos/moveit/moveit_ros/planning_interface/move_group_interface/src/move_group_interface.cpp,"(207, 37)-(207, 70)",b'dynamic_cast<ros::CallbackQueue*>(node_handle...'
moveit,../repos/moveit/moveit_ros/planning_interface/move_group_interface/src/move_group_interface.cpp,"(225, 37)-(225, 70)",b'dynamic_cast<ros::CallbackQueue*>(node_handle...'
moveit,../repos/moveit/moveit_ros/planning_interface/move_group_interface/src/move_group_interface.cpp,"(1213, 72)-(1213, 109)",b'static_cast<moveit_msgs::Constraints>(*msg_m)'
moveit,../repos/moveit/moveit_ros/perception/depth_image_octomap_updater/src/depth_image_octomap_updater.cpp,"(107, 31)-(107, 62)","b'static_cast<const std::string&>(params[""filte...'"
moveit,../repos/moveit/moveit_ros/perception/depth_image_octomap_updater/src/depth_image_octomap_updater.cpp,"(109, 13)-(109, 44)","b'static_cast<const std::string&>(params[""ns""])'"
moveit,../repos/moveit/moveit_ros/perception/depth_image_octomap_updater/src/depth_image_octomap_updater.cpp,"(174, 33)-(174, 65)",b'static_cast<const shapes::Mesh&>(*shape)'
moveit,../repos/moveit/moveit_ros/perception/depth_image_octomap_updater/src/depth_image_octomap_updater.cpp,"(355, 12)-(355, 28)",b'static_cast<int>(x_cache_.size())'
moveit,../repos/moveit/moveit_ros/perception/depth_image_octomap_updater/src/depth_image_octomap_updater.cpp,"(355, 54)-(355, 70)",b'static_cast<int>(y_cache_.size())'
moveit,../repos/moveit/moveit_ros/perception/depth_image_octomap_updater/src/depth_image_octomap_updater.cpp,"(371, 9)-(371, 25)",b'static_cast<int>(x_cache_.size())'
moveit,../repos/moveit/moveit_ros/perception/depth_image_octomap_updater/src/depth_image_octomap_updater.cpp,"(373, 9)-(373, 25)",b'static_cast<int>(y_cache_.size())'
moveit,../repos/moveit/moveit_ros/perception/depth_image_octomap_updater/src/depth_image_octomap_updater.cpp,"(411, 33)-(411, 57)",b'reinterpret_cast<float*>(&debug_msg.data[0])'
moveit,../repos/moveit/moveit_ros/perception/depth_image_octomap_updater/src/depth_image_octomap_updater.cpp,"(422, 36)-(422, 60)",b'reinterpret_cast<float*>(&filtered_depth_msg....'
moveit,../repos/moveit/moveit_ros/perception/depth_image_octomap_updater/src/depth_image_octomap_updater.cpp,"(433, 37)-(433, 68)",b'reinterpret_cast<unsigned int*>(&label_msg.da...'
moveit,../repos/moveit/moveit_ros/perception/depth_image_octomap_updater/src/depth_image_octomap_updater.cpp,"(454, 36)-(454, 60)",b'reinterpret_cast<float*>(&filtered_data[0])'
moveit,../repos/moveit/moveit_ros/perception/depth_image_octomap_updater/src/depth_image_octomap_updater.cpp,"(455, 32)-(455, 65)",b'reinterpret_cast<unsigned short*>(&filtered_m...'
moveit,../repos/moveit/moveit_ros/perception/depth_image_octomap_updater/src/depth_image_octomap_updater.cpp,"(459, 21)-(459, 48)",b'static_cast<unsigned short>(filtered_data[i] ...'
moveit,../repos/moveit/moveit_ros/perception/depth_image_octomap_updater/src/depth_image_octomap_updater.cpp,"(474, 35)-(474, 68)",b'reinterpret_cast<const uint16_t*>(&depth_msg-...'
moveit,../repos/moveit/moveit_ros/perception/depth_image_octomap_updater/src/depth_image_octomap_updater.cpp,"(504, 32)-(504, 62)",b'reinterpret_cast<const float*>(&depth_msg->da...'
moveit,../repos/moveit/moveit_ros/perception/semantic_world/src/semantic_world.cpp,"(143, 32)-(143, 58)",b'static_cast<shapes::Mesh*>(table_shape)'
moveit,../repos/moveit/moveit_ros/perception/semantic_world/src/semantic_world.cpp,"(257, 32)-(257, 64)",b'static_cast<const shapes::Mesh*>(object_shape...'
moveit,../repos/moveit/moveit_ros/perception/semantic_world/src/semantic_world.cpp,"(282, 30)-(282, 61)",b'static_cast<const shapes::Box*>(object_shape....'
moveit,../repos/moveit/moveit_ros/perception/semantic_world/src/semantic_world.cpp,"(288, 36)-(288, 70)",b'static_cast<const shapes::Sphere*>(object_sha...'
moveit,../repos/moveit/moveit_ros/perception/semantic_world/src/semantic_world.cpp,"(294, 40)-(294, 76)",b'static_cast<const shapes::Cylinder*>(object_s...'
moveit,../repos/moveit/moveit_ros/perception/semantic_world/src/semantic_world.cpp,"(300, 32)-(300, 64)",b'static_cast<const shapes::Cone*>(object_shape...'
moveit,../repos/moveit/moveit_ros/perception/mesh_filter/src/transform_provider.cpp,"(167, 58)-(167, 88)",b'static_cast<Eigen::Isometry3d>(output_transform)'
moveit,../repos/moveit/moveit_ros/perception/mesh_filter/src/depth_self_filter_nodelet.cpp,"(126, 26)-(126, 56)",b'reinterpret_cast<const float*>(depth_msg->dat...'
moveit,../repos/moveit/moveit_ros/perception/mesh_filter/src/depth_self_filter_nodelet.cpp,"(138, 9)-(138, 30)",b'static_cast<uint32_t>(filtered_depth_ptr_->im...'
moveit,../repos/moveit/moveit_ros/perception/mesh_filter/src/depth_self_filter_nodelet.cpp,"(139, 9)-(139, 30)",b'static_cast<uint32_t>(filtered_depth_ptr_->im...'
moveit,../repos/moveit/moveit_ros/perception/mesh_filter/src/depth_self_filter_nodelet.cpp,"(151, 9)-(151, 30)",b'static_cast<uint32_t>(model_depth_ptr_->image...'
moveit,../repos/moveit/moveit_ros/perception/mesh_filter/src/depth_self_filter_nodelet.cpp,"(152, 9)-(152, 30)",b'static_cast<uint32_t>(model_depth_ptr_->image...'
moveit,../repos/moveit/moveit_ros/perception/mesh_filter/src/depth_self_filter_nodelet.cpp,"(163, 9)-(163, 30)",b'static_cast<uint32_t>(filtered_label_ptr_->im...'
moveit,../repos/moveit/moveit_ros/perception/mesh_filter/src/depth_self_filter_nodelet.cpp,"(164, 9)-(164, 30)",b'static_cast<uint32_t>(filtered_label_ptr_->im...'
moveit,../repos/moveit/moveit_ros/perception/mesh_filter/src/depth_self_filter_nodelet.cpp,"(174, 9)-(174, 30)",b'static_cast<uint32_t>(model_label_ptr_->image...'
moveit,../repos/moveit/moveit_ros/perception/mesh_filter/src/depth_self_filter_nodelet.cpp,"(175, 9)-(175, 30)",b'static_cast<uint32_t>(model_label_ptr_->image...'
moveit,../repos/moveit/moveit_ros/perception/mesh_filter/src/depth_self_filter_nodelet.cpp,"(194, 33)-(194, 65)",b'static_cast<const shapes::Mesh&>(*shape)'
moveit,../repos/moveit/moveit_ros/perception/mesh_filter/include/moveit/mesh_filter/mesh_filter.h,"(102, 10)-(102, 55)",b'static_cast<typename SensorType::Parameters&>...'
moveit,../repos/moveit/moveit_ros/perception/mesh_filter/include/moveit/mesh_filter/mesh_filter.h,"(108, 10)-(108, 55)",b'static_cast<typename SensorType::Parameters&>...'
moveit,../repos/moveit/moveit_ros/perception/pointcloud_octomap_updater/src/pointcloud_octomap_updater.cpp,"(75, 26)-(75, 57)","b'static_cast<const std::string&>(params[""point...'"
moveit,../repos/moveit/moveit_ros/perception/pointcloud_octomap_updater/src/pointcloud_octomap_updater.cpp,"(84, 31)-(84, 62)","b'static_cast<const std::string&>(params[""filte...'"
moveit,../repos/moveit/moveit_ros/perception/pointcloud_octomap_updater/src/pointcloud_octomap_updater.cpp,"(86, 13)-(86, 44)","b'static_cast<const std::string&>(params[""ns""])'"
moveit,../repos/moveit/moveit_ros/warehouse/warehouse/src/warehouse_services.cpp,"(94, 20)-(94, 63)",b'static_cast<const moveit_msgs::RobotState&>(*...'
moveit,../repos/moveit/moveit_ros/warehouse/warehouse/src/planning_scene_storage.cpp,"(118, 49)-(118, 99)",b'static_cast<const moveit_msgs::MotionPlanRequ...'
moveit,../repos/moveit/moveit_ros/warehouse/warehouse/src/planning_scene_storage.cpp,"(123, 43)-(123, 93)",b'static_cast<const moveit_msgs::MotionPlanRequ...'
moveit,../repos/moveit/moveit_ros/warehouse/warehouse/src/planning_scene_storage.cpp,"(161, 44)-(161, 69)",b'boost::lexical_cast<std::string>'
moveit,../repos/moveit/moveit_ros/warehouse/warehouse/src/planning_scene_storage.cpp,"(230, 3)-(230, 42)",b'const_cast<moveit_msgs::PlanningScene*>(stati...'
moveit,../repos/moveit/moveit_ros/warehouse/warehouse/src/planning_scene_storage.cpp,"(230, 43)-(230, 89)",b'static_cast<const moveit_msgs::PlanningScene*...'
moveit,../repos/moveit/moveit_ros/warehouse/warehouse/src/broadcast.cpp,"(132, 27)-(132, 73)",b'static_cast<const moveit_msgs::PlanningScene&...'
moveit,../repos/moveit/moveit_ros/warehouse/warehouse/src/broadcast.cpp,"(148, 31)-(148, 81)",b'static_cast<const moveit_msgs::MotionPlanRequ...'
moveit,../repos/moveit/moveit_ros/warehouse/warehouse/src/broadcast.cpp,"(157, 33)-(157, 81)",b'static_cast<const moveit_msgs::RobotTrajector...'
moveit,../repos/moveit/moveit_ros/warehouse/warehouse/src/broadcast.cpp,"(183, 28)-(183, 72)",b'static_cast<const moveit_msgs::Constraints&>(*cwm)'
moveit,../repos/moveit/moveit_ros/warehouse/warehouse/src/broadcast.cpp,"(204, 27)-(204, 70)",b'static_cast<const moveit_msgs::RobotState&>(*rswm)'
moveit,../repos/moveit/moveit_ros/warehouse/warehouse/src/save_to_warehouse.cpp,"(108, 38)-(108, 63)",b'boost::lexical_cast<std::string>'
moveit,../repos/moveit/moveit_ros/warehouse/warehouse/src/save_to_warehouse.cpp,"(110, 35)-(110, 60)",b'boost::lexical_cast<std::string>'
moveit,../repos/moveit/moveit_ros/warehouse/warehouse/src/save_as_text.cpp,"(121, 51)-(121, 97)",b'static_cast<const moveit_msgs::PlanningScene&...'
moveit,../repos/moveit/moveit_ros/warehouse/warehouse/src/constraints_storage.cpp,"(137, 5)-(137, 42)",b'const_cast<moveit_msgs::Constraints*>(static_...'
moveit,../repos/moveit/moveit_ros/warehouse/warehouse/src/constraints_storage.cpp,"(137, 43)-(137, 87)",b'static_cast<const moveit_msgs::Constraints*>(...'
moveit,../repos/moveit/moveit_ros/moveit_servo/src/cpp_interface_example/pose_tracking_example.cpp,"(62, 46)-(62, 83)",b'static_cast<moveit_servo::StatusCode>(msg->data)'
moveit,../repos/moveit/moveit_ros/moveit_servo/src/cpp_interface_example/cpp_interface_example.cpp,"(59, 46)-(59, 83)",b'static_cast<moveit_servo::StatusCode>(msg->data)'
moveit,../repos/moveit/moveit_ros/moveit_servo/src/servo_calcs.cpp,"(272, 22)-(272, 41)",b'static_cast<int8_t>(status_)'
moveit,../repos/moveit/moveit_ros/moveit_servo/src/servo_calcs.cpp,"(984, 34)-(984, 58)",b'static_cast<std::size_t>(increments.size())'
moveit,../repos/moveit/moveit_ros/moveit_servo/test/basic_servo_tests.cpp,"(111, 31)-(111, 50)",b'static_cast<size_t>(test_duration / publish_p...'
moveit,../repos/moveit/moveit_ros/moveit_servo/test/basic_servo_tests.cpp,"(153, 31)-(153, 50)",b'static_cast<size_t>(test_duration / publish_p...'
moveit,../repos/moveit/moveit_ros/moveit_servo/test/servo_cpp_interface_test.cpp,"(88, 12)-(88, 29)",b'static_cast<bool>(msg)'
moveit,../repos/moveit/moveit_ros/moveit_servo/test/servo_cpp_interface_test.cpp,"(129, 31)-(129, 50)",b'static_cast<size_t>(test_duration / publish_p...'
moveit,../repos/moveit/moveit_ros/moveit_servo/test/servo_cpp_interface_test.cpp,"(170, 31)-(170, 50)",b'static_cast<size_t>(test_duration / publish_p...'
moveit,../repos/moveit/moveit_ros/moveit_servo/test/servo_cpp_interface_test.cpp,"(235, 31)-(235, 50)",b'static_cast<size_t>(test_duration / publish_p...'
moveit,../repos/moveit/moveit_ros/move_group/src/default_capabilities/kinematics_service_capability.cpp,"(162, 28)-(162, 85)",b'static_cast<const planning_scene::PlanningSce...'
moveit,../repos/moveit/moveit_ros/move_group/src/default_capabilities/plan_service_capability.cpp,"(58, 7)-(58, 24)",b'static_cast<bool>(req.motion_plan_request.sta...'
moveit,../repos/moveit/moveit_ros/move_group/src/default_capabilities/move_action_capability.cpp,"(159, 11)-(159, 68)",b'static_cast<const planning_scene::PlanningSce...'
moveit,../repos/moveit/moveit_ros/move_group/src/default_capabilities/cartesian_path_service_capability.cpp,"(141, 42)-(141, 99)",b'static_cast<const planning_scene::PlanningSce...'
moveit,../repos/moveit/moveit_ros/visualization/planning_scene_rviz_plugin/src/planning_scene_display.cpp,"(348, 42)-(348, 76)",b'static_cast<OctreeVoxelRenderMode>(octree_ren...'
moveit,../repos/moveit/moveit_ros/visualization/planning_scene_rviz_plugin/src/planning_scene_display.cpp,"(349, 11)-(349, 44)",b'static_cast<OctreeVoxelColorMode>(octree_colo...'
moveit,../repos/moveit/moveit_ros/visualization/rviz_plugin_render_tools/src/octomap_render.cpp,"(167, 35)-(167, 60)",b'static_cast<unsigned int>(octree_voxel_rendering)'
moveit,../repos/moveit/moveit_ros/visualization/rviz_plugin_render_tools/src/render_shapes.cpp,"(91, 24)-(91, 58)",b'static_cast<const shapes::Sphere*>(s)'
moveit,../repos/moveit/moveit_ros/visualization/rviz_plugin_render_tools/src/render_shapes.cpp,"(98, 26)-(98, 57)",b'static_cast<const shapes::Box*>(s)'
moveit,../repos/moveit/moveit_ros/visualization/rviz_plugin_render_tools/src/render_shapes.cpp,"(105, 24)-(105, 60)",b'static_cast<const shapes::Cylinder*>(s)'
moveit,../repos/moveit/moveit_ros/visualization/rviz_plugin_render_tools/src/render_shapes.cpp,"(106, 18)-(106, 54)",b'static_cast<const shapes::Cylinder*>(s)'
moveit,../repos/moveit/moveit_ros/visualization/rviz_plugin_render_tools/src/render_shapes.cpp,"(114, 24)-(114, 56)",b'static_cast<const shapes::Cone*>(s)'
moveit,../repos/moveit/moveit_ros/visualization/rviz_plugin_render_tools/src/render_shapes.cpp,"(115, 18)-(115, 50)",b'static_cast<const shapes::Cone*>(s)'
moveit,../repos/moveit/moveit_ros/visualization/rviz_plugin_render_tools/src/render_shapes.cpp,"(124, 27)-(124, 60)",b'static_cast<const shapes::Plane*>(s)'
moveit,../repos/moveit/moveit_ros/visualization/rviz_plugin_render_tools/src/render_shapes.cpp,"(136, 34)-(136, 66)",b'static_cast<const shapes::Mesh*>(s)'
moveit,../repos/moveit/moveit_ros/visualization/rviz_plugin_render_tools/src/render_shapes.cpp,"(175, 47)-(175, 81)",b'static_cast<const shapes::OcTree*>(s)'
moveit,../repos/moveit/moveit_ros/visualization/rviz_plugin_render_tools/src/trajectory_visualization.cpp,"(246, 80)-(246, 105)",b'boost::lexical_cast<std::string>'
moveit,../repos/moveit/moveit_ros/visualization/rviz_plugin_render_tools/src/trajectory_visualization.cpp,"(385, 20)-(385, 39)",b'boost::lexical_cast<float>'
moveit,../repos/moveit/moveit_ros/visualization/rviz_plugin_render_tools/src/trajectory_visualization.cpp,"(437, 13)-(437, 38)",b'static_cast<unsigned int>(trajectory_slider_p...'
moveit,../repos/moveit/moveit_ros/visualization/rviz_plugin_render_tools/src/trajectory_visualization.cpp,"(508, 42)-(508, 58)",b'static_cast<int>(i)'
moveit,../repos/moveit/moveit_ros/visualization/robot_state_rviz_plugin/src/robot_state_display.cpp,"(294, 7)-(294, 24)",b'static_cast<bool>(robot_state_)'
moveit,../repos/moveit/moveit_ros/visualization/motion_planning_rviz_plugin/src/motion_planning_param_widget.cpp,"(119, 28)-(119, 57)",b'qobject_cast<rviz::Property*>(QObject::sender())'
moveit,../repos/moveit/moveit_ros/visualization/motion_planning_rviz_plugin/src/motion_planning_frame_context.cpp,"(62, 21)-(62, 40)",b'static_cast<size_t>(index)'
moveit,../repos/moveit/moveit_ros/visualization/motion_planning_rviz_plugin/src/motion_planning_frame_joints_widget.cpp,"(217, 33)-(217, 79)",b'static_cast<ProgressBarDelegate::RevoluteUnit...'
moveit,../repos/moveit/moveit_ros/visualization/motion_planning_rviz_plugin/src/motion_planning_frame_joints_widget.cpp,"(345, 25)-(345, 52)",b'dynamic_cast<JMGItemModel*>(ui_->joints_view_...'
moveit,../repos/moveit/moveit_ros/visualization/motion_planning_rviz_plugin/src/motion_planning_frame_joints_widget.cpp,"(411, 7)-(411, 23)",b'static_cast<int>(index)'
moveit,../repos/moveit/moveit_ros/visualization/motion_planning_rviz_plugin/src/motion_planning_frame_joints_widget.cpp,"(414, 25)-(414, 52)",b'dynamic_cast<JMGItemModel*>(ui_->joints_view_...'
moveit,../repos/moveit/moveit_ros/visualization/motion_planning_rviz_plugin/src/motion_planning_frame_joints_widget.cpp,"(488, 22)-(488, 51)",b'qobject_cast<QDoubleSpinBox*>(editor)'
moveit,../repos/moveit/moveit_ros/visualization/motion_planning_rviz_plugin/src/motion_planning_frame_joints_widget.cpp,"(531, 22)-(531, 51)",b'qobject_cast<QDoubleSpinBox*>(editor)'
moveit,../repos/moveit/moveit_ros/visualization/motion_planning_rviz_plugin/src/motion_planning_frame_joints_widget.cpp,"(549, 22)-(549, 51)",b'qobject_cast<QDoubleSpinBox*>(editor)'
moveit,../repos/moveit/moveit_ros/visualization/motion_planning_rviz_plugin/src/motion_planning_frame_joints_widget.cpp,"(572, 7)-(572, 32)",b'static_cast<QMouseEvent*>(event)'
moveit,../repos/moveit/moveit_ros/visualization/motion_planning_rviz_plugin/src/motion_planning_frame_joints_widget.cpp,"(574, 31)-(574, 63)",b'qobject_cast<QAbstractItemView*>(parent())'
moveit,../repos/moveit/moveit_ros/visualization/motion_planning_rviz_plugin/src/motion_planning_frame_joints_widget.cpp,"(577, 41)-(577, 66)",b'static_cast<QMouseEvent*>(event)'
moveit,../repos/moveit/moveit_ros/visualization/motion_planning_rviz_plugin/src/motion_planning_frame_joints_widget.cpp,"(584, 41)-(584, 75)",b'qobject_cast<ProgressBarDelegate*>(view->item...'
moveit,../repos/moveit/moveit_ros/visualization/motion_planning_rviz_plugin/src/motion_planning_frame_joints_widget.cpp,"(598, 15)-(598, 33)",b'static_cast<float>(static_cast<QMouseEvent*>(...'
moveit,../repos/moveit/moveit_ros/visualization/motion_planning_rviz_plugin/src/motion_planning_frame_joints_widget.cpp,"(598, 34)-(598, 59)",b'static_cast<QMouseEvent*>(event)'
moveit,../repos/moveit/moveit_ros/visualization/motion_planning_rviz_plugin/src/motion_planning_frame_joints_widget.cpp,"(602, 59)-(602, 84)",b'static_cast<QMouseEvent*>(event)'
moveit,../repos/moveit/moveit_ros/visualization/motion_planning_rviz_plugin/src/motion_planning_frame_joints_widget.cpp,"(607, 28)-(607, 51)",b'static_cast<QKeyEvent*>(event)'
moveit,../repos/moveit/moveit_ros/visualization/motion_planning_rviz_plugin/src/motion_planning_frame_joints_widget.cpp,"(612, 31)-(612, 63)",b'qobject_cast<QAbstractItemView*>(parent())'
moveit,../repos/moveit/moveit_ros/visualization/motion_planning_rviz_plugin/src/motion_planning_frame_joints_widget.cpp,"(618, 39)-(618, 73)",b'qobject_cast<ProgressBarDelegate*>(view->item...'
moveit,../repos/moveit/moveit_ros/visualization/motion_planning_rviz_plugin/src/motion_planning_frame_planning.cpp,"(541, 7)-(541, 24)",b'static_cast<bool>(planning_display_)'
moveit,../repos/moveit/moveit_ros/visualization/motion_planning_rviz_plugin/src/motion_planning_frame_objects.cpp,"(256, 52)-(256, 77)",b'boost::lexical_cast<std::string>'
moveit,../repos/moveit/moveit_ros/visualization/motion_planning_rviz_plugin/src/motion_planning_frame_objects.cpp,"(461, 54)-(461, 79)",b'boost::lexical_cast<std::string>'
moveit,../repos/moveit/moveit_ros/visualization/motion_planning_rviz_plugin/src/motion_planning_frame_objects.cpp,"(463, 22)-(463, 47)",b'boost::lexical_cast<std::string>'
moveit,../repos/moveit/moveit_ros/visualization/motion_planning_rviz_plugin/src/motion_planning_frame_objects.cpp,"(661, 49)-(661, 95)",b'static_cast<const moveit_msgs::PlanningScene&...'
moveit,../repos/moveit/moveit_ros/visualization/motion_planning_rviz_plugin/src/motion_planning_frame_objects.cpp,"(664, 47)-(664, 93)",b'static_cast<const moveit_msgs::PlanningScene&...'
moveit,../repos/moveit/moveit_kinematics/cached_ik_kinematics_plugin/include/moveit/cached_ik_kinematics_plugin/cached_ik_kinematics_plugin-inl.h,"(58, 77)-(58, 93)",b'static_cast<int>(opts.max_cache_size)'
moveit,../repos/moveit/moveit_kinematics/ikfast_kinematics_plugin/templates/ikfast.h,"(211, 12)-(211, 28)",b'static_cast<int>(_vbasesol.size())'
moveit,../repos/moveit/moveit_kinematics/ikfast_kinematics_plugin/templates/ikfast61_moveit_plugin_template.cpp,"(965, 31)-(965, 47)",b'static_cast<int>((max_limit - initial_guess) ...'
moveit,../repos/moveit/moveit_kinematics/ikfast_kinematics_plugin/templates/ikfast61_moveit_plugin_template.cpp,"(966, 31)-(966, 47)",b'static_cast<int>((initial_guess - min_limit) ...'
moveit,../repos/moveit/moveit_kinematics/ikfast_kinematics_plugin/templates/ikfast61_moveit_plugin_template.cpp,"(1106, 66)-(1106, 82)",b'static_cast<int>(i)'
moveit,../repos/moveit/moveit_kinematics/ikfast_kinematics_plugin/templates/ikfast61_moveit_plugin_template.cpp,"(1138, 69)-(1138, 85)",b'static_cast<int>(s)'
moveit,../repos/moveit/moveit_kinematics/ikfast_kinematics_plugin/templates/ikfast61_moveit_plugin_template.cpp,"(1150, 62)-(1150, 78)",b'static_cast<int>(i)'
moveit,../repos/moveit/moveit_kinematics/ikfast_kinematics_plugin/templates/ikfast61_moveit_plugin_template.cpp,"(1359, 63)-(1359, 82)",b'static_cast<double>(RAND_MAX)'
moveit,../repos/moveit/moveit_kinematics/test/test_kinematics_plugin.cpp,"(151, 26)-(151, 49)",b'const_cast<SharedData&>(instance())'
moveit,../repos/moveit/moveit_kinematics/test/test_kinematics_plugin.cpp,"(406, 12)-(406, 31)",b'static_cast<double>(v)'
moveit,../repos/moveit/moveit_kinematics/test/test_kinematics_plugin.cpp,"(408, 12)-(408, 28)",b'static_cast<int>(v)'
moveit,../repos/moveit/moveit_kinematics/test/test_kinematics_plugin.cpp,"(417, 15)-(417, 34)",b'static_cast<size_t>(vec.size())'
moveit,../repos/moveit/moveit_kinematics/test/test_kinematics_plugin.cpp,"(486, 42)-(486, 80)",b'const_cast<const std::vector<double>&>(consis...'
moveit,../repos/moveit/moveit_core/collision_detection/src/pycollision_detection.cpp,"(100, 16)-(100, 75)","b'py::overload_cast<const std::string&, const s...'"
moveit,../repos/moveit/moveit_core/collision_detection/src/collision_octomap_filter.cpp,"(98, 65)-(98, 107)",b'std::dynamic_pointer_cast<const shapes::OcTree>'
moveit,../repos/moveit/moveit_core/collision_detection/include/moveit/collision_detection/test_collision_common_pr2.h,"(67, 23)-(67, 40)",b'static_cast<bool>(robot_model_)'
moveit,../repos/moveit/moveit_core/collision_detection/include/moveit/collision_detection/test_collision_common_panda.h,"(79, 23)-(79, 40)",b'static_cast<bool>(robot_model_)'
moveit,../repos/moveit/moveit_core/collision_detection/include/moveit/collision_detection/collision_detector_allocator.h,"(82, 49)-(82, 86)",b'dynamic_cast<const CollisionEnvType&>(*orig)'
moveit,../repos/moveit/moveit_core/constraint_samplers/src/union_constraint_sampler.cpp,"(95, 34)-(95, 71)",b'dynamic_cast<JointConstraintSampler*>(a.get())'
moveit,../repos/moveit/moveit_core/constraint_samplers/src/union_constraint_sampler.cpp,"(96, 34)-(96, 71)",b'dynamic_cast<JointConstraintSampler*>(b.get())'
moveit,../repos/moveit/moveit_core/constraint_samplers/test/test_constraint_samplers.cpp,"(554, 7)-(554, 65)",b'dynamic_cast<constraint_samplers::JointConstr...'
moveit,../repos/moveit/moveit_core/constraint_samplers/test/test_constraint_samplers.cpp,"(559, 7)-(559, 65)",b'dynamic_cast<constraint_samplers::JointConstr...'
moveit,../repos/moveit/moveit_core/constraint_samplers/test/test_constraint_samplers.cpp,"(597, 7)-(597, 62)",b'dynamic_cast<constraint_samplers::IKConstrain...'
moveit,../repos/moveit/moveit_core/constraint_samplers/test/test_constraint_samplers.cpp,"(616, 15)-(616, 70)",b'dynamic_cast<constraint_samplers::IKConstrain...'
moveit,../repos/moveit/moveit_core/constraint_samplers/test/test_constraint_samplers.cpp,"(675, 51)-(675, 106)",b'dynamic_cast<constraint_samplers::IKConstrain...'
moveit,../repos/moveit/moveit_core/constraint_samplers/test/test_constraint_samplers.cpp,"(677, 15)-(677, 32)",b'static_cast<bool>(iks->getPositionConstraint())'
moveit,../repos/moveit/moveit_core/constraint_samplers/test/test_constraint_samplers.cpp,"(678, 15)-(678, 32)",b'static_cast<bool>(iks->getOrientationConstraint())'
moveit,../repos/moveit/moveit_core/constraint_samplers/test/test_constraint_samplers.cpp,"(701, 9)-(701, 64)",b'dynamic_cast<constraint_samplers::IKConstrain...'
moveit,../repos/moveit/moveit_core/constraint_samplers/test/test_constraint_samplers.cpp,"(703, 15)-(703, 32)",b'static_cast<bool>(iks->getOrientationConstraint())'
moveit,../repos/moveit/moveit_core/constraint_samplers/test/test_constraint_samplers.cpp,"(724, 16)-(724, 33)",b'static_cast<bool>(s)'
moveit,../repos/moveit/moveit_core/constraint_samplers/test/test_constraint_samplers.cpp,"(726, 15)-(726, 32)",b'static_cast<bool>(s)'
moveit,../repos/moveit/moveit_core/constraint_samplers/test/test_constraint_samplers.cpp,"(768, 15)-(768, 32)",b'static_cast<bool>(s)'
moveit,../repos/moveit/moveit_core/constraint_samplers/test/test_constraint_samplers.cpp,"(796, 15)-(796, 32)",b'static_cast<bool>(s)'
moveit,../repos/moveit/moveit_core/constraint_samplers/test/test_constraint_samplers.cpp,"(798, 7)-(798, 65)",b'dynamic_cast<constraint_samplers::JointConstr...'
moveit,../repos/moveit/moveit_core/constraint_samplers/test/test_constraint_samplers.cpp,"(803, 15)-(803, 32)",b'static_cast<bool>(s)'
moveit,../repos/moveit/moveit_core/constraint_samplers/test/test_constraint_samplers.cpp,"(804, 9)-(804, 67)",b'dynamic_cast<constraint_samplers::JointConstr...'
moveit,../repos/moveit/moveit_core/constraint_samplers/test/test_constraint_samplers.cpp,"(806, 51)-(806, 106)",b'dynamic_cast<constraint_samplers::IKConstrain...'
moveit,../repos/moveit/moveit_core/constraint_samplers/test/test_constraint_samplers.cpp,"(811, 7)-(811, 65)",b'dynamic_cast<constraint_samplers::UnionConstr...'
moveit,../repos/moveit/moveit_core/constraint_samplers/test/test_constraint_samplers.cpp,"(830, 15)-(830, 32)",b'static_cast<bool>(s)'
moveit,../repos/moveit/moveit_core/constraint_samplers/test/test_constraint_samplers.cpp,"(831, 9)-(831, 67)",b'dynamic_cast<constraint_samplers::UnionConstr...'
moveit,../repos/moveit/moveit_core/constraint_samplers/test/test_constraint_samplers.cpp,"(833, 9)-(833, 67)",b'dynamic_cast<constraint_samplers::JointConstr...'
moveit,../repos/moveit/moveit_core/constraint_samplers/test/test_constraint_samplers.cpp,"(834, 9)-(834, 64)",b'dynamic_cast<constraint_samplers::IKConstrain...'
moveit,../repos/moveit/moveit_core/constraint_samplers/test/test_constraint_samplers.cpp,"(838, 15)-(838, 32)",b'static_cast<bool>(iks->getPositionConstraint())'
moveit,../repos/moveit/moveit_core/constraint_samplers/test/test_constraint_samplers.cpp,"(845, 15)-(845, 32)",b'static_cast<bool>(s)'
moveit,../repos/moveit/moveit_core/constraint_samplers/test/test_constraint_samplers.cpp,"(846, 9)-(846, 67)",b'dynamic_cast<constraint_samplers::UnionConstr...'
moveit,../repos/moveit/moveit_core/constraint_samplers/test/test_constraint_samplers.cpp,"(847, 9)-(847, 64)",b'dynamic_cast<constraint_samplers::IKConstrain...'
moveit,../repos/moveit/moveit_core/constraint_samplers/test/test_constraint_samplers.cpp,"(849, 15)-(849, 32)",b'static_cast<bool>(iks->getPositionConstraint())'
moveit,../repos/moveit/moveit_core/constraint_samplers/test/test_constraint_samplers.cpp,"(850, 15)-(850, 32)",b'static_cast<bool>(iks->getOrientationConstraint())'
moveit,../repos/moveit/moveit_core/constraint_samplers/test/test_constraint_samplers.cpp,"(855, 15)-(855, 32)",b'static_cast<bool>(s)'
moveit,../repos/moveit/moveit_core/constraint_samplers/test/test_constraint_samplers.cpp,"(856, 9)-(856, 67)",b'dynamic_cast<constraint_samplers::UnionConstr...'
moveit,../repos/moveit/moveit_core/constraint_samplers/test/test_constraint_samplers.cpp,"(857, 9)-(857, 64)",b'dynamic_cast<constraint_samplers::IKConstrain...'
moveit,../repos/moveit/moveit_core/constraint_samplers/test/test_constraint_samplers.cpp,"(860, 15)-(860, 32)",b'static_cast<bool>(iks->getOrientationConstraint())'
moveit,../repos/moveit/moveit_core/constraint_samplers/test/test_constraint_samplers.cpp,"(871, 15)-(871, 32)",b'static_cast<bool>(s)'
moveit,../repos/moveit/moveit_core/constraint_samplers/test/test_constraint_samplers.cpp,"(872, 9)-(872, 67)",b'dynamic_cast<constraint_samplers::JointConstr...'
moveit,../repos/moveit/moveit_core/constraint_samplers/test/test_constraint_samplers.cpp,"(936, 7)-(936, 65)",b'dynamic_cast<constraint_samplers::UnionConstr...'
moveit,../repos/moveit/moveit_core/constraint_samplers/test/test_constraint_samplers.cpp,"(940, 7)-(940, 62)",b'dynamic_cast<constraint_samplers::IKConstrain...'
moveit,../repos/moveit/moveit_core/constraint_samplers/test/test_constraint_samplers.cpp,"(1098, 15)-(1098, 32)",b'static_cast<bool>(s)'
moveit,../repos/moveit/moveit_core/constraint_samplers/test/test_constraint_samplers.cpp,"(1100, 7)-(1100, 65)",b'dynamic_cast<constraint_samplers::UnionConstr...'
moveit,../repos/moveit/moveit_core/robot_state/src/conversions.cpp,"(552, 46)-(552, 66)",b'boost::lexical_cast<double>'
moveit,../repos/moveit/moveit_core/robot_state/src/robot_state.cpp,"(111, 32)-(111, 68)",b'reinterpret_cast<Eigen::Isometry3d*>(((uintpt...'
moveit,../repos/moveit/moveit_core/robot_state/src/robot_state.cpp,"(116, 7)-(116, 39)",b'reinterpret_cast<unsigned char*>(global_colli...'
moveit,../repos/moveit/moveit_core/robot_state/src/robot_state.cpp,"(117, 15)-(117, 40)",b'reinterpret_cast<double*>(dirty_joint_transforms_)'
moveit,../repos/moveit/moveit_core/robot_state/src/robot_state.cpp,"(919, 11)-(919, 49)",b'static_cast<const RevoluteJointModel*>(joint)'
moveit,../repos/moveit/moveit_core/robot_state/src/robot_state.cpp,"(1128, 10)-(1128, 40)",b'static_cast<const RobotState*>(this)'
moveit,../repos/moveit/moveit_core/robot_state/src/robot_state.cpp,"(1372, 49)-(1372, 101)",b'static_cast<const moveit::core::RevoluteJoint...'
moveit,../repos/moveit/moveit_core/robot_state/src/robot_state.cpp,"(1379, 49)-(1379, 102)",b'static_cast<const moveit::core::PrismaticJoin...'
moveit,../repos/moveit/moveit_core/robot_state/src/robot_state.cpp,"(1456, 31)-(1456, 55)",b'static_cast<std::size_t>(s.rows())'
moveit,../repos/moveit/moveit_core/robot_state/src/robot_state.cpp,"(1459, 31)-(1459, 55)",b'static_cast<std::size_t>(s.rows())'
moveit,../repos/moveit/moveit_core/robot_state/src/pyrobot_state.cpp,"(53, 40)-(53, 55)",b'py::overload_cast<>'
moveit,../repos/moveit/moveit_core/robot_state/src/pyrobot_state.cpp,"(54, 40)-(54, 77)",b'py::overload_cast<const JointModelGroup*>'
moveit,../repos/moveit/moveit_core/robot_state/src/pyrobot_state.cpp,"(59, 40)-(59, 55)",b'py::overload_cast<>'
moveit,../repos/moveit/moveit_core/robot_state/src/pyrobot_state.cpp,"(64, 16)-(64, 77)","b'py::overload_cast<const std::string&, const s...'"
moveit,../repos/moveit/moveit_core/robot_state/src/pyrobot_state.cpp,"(66, 16)-(66, 81)","b'py::overload_cast<const JointModelGroup*, con...'"
moveit,../repos/moveit/moveit_core/robot_state/src/pyrobot_state.cpp,"(68, 16)-(68, 61)","b'py::overload_cast<const JointModelGroup*, double>'"
moveit,../repos/moveit/moveit_core/robot_state/src/attached_body.cpp,"(93, 7)-(93, 33)",b'const_cast<shapes::Shape*>(shape.get())'
moveit,../repos/moveit/moveit_core/robot_state/src/attached_body.cpp,"(125, 7)-(125, 33)",b'const_cast<shapes::Shape*>(shape.get())'
moveit,../repos/moveit/moveit_core/robot_state/include/moveit/robot_state/robot_state.h,"(1222, 12)-(1222, 42)",b'static_cast<const RobotState*>(this)'
moveit,../repos/moveit/moveit_core/robot_state/include/moveit/robot_state/robot_state.h,"(1245, 12)-(1245, 42)",b'static_cast<const RobotState*>(this)'
moveit,../repos/moveit/moveit_core/robot_state/include/moveit/robot_state/robot_state.h,"(1259, 5)-(1259, 35)",b'static_cast<const RobotState*>(this)'
moveit,../repos/moveit/moveit_core/robot_state/include/moveit/robot_state/robot_state.h,"(1760, 5)-(1760, 35)",b'static_cast<const RobotState*>(this)'
moveit,../repos/moveit/moveit_core/robot_state/include/moveit/robot_state/robot_state.h,"(1820, 5)-(1820, 35)",b'static_cast<const RobotState*>(this)'
moveit,../repos/moveit/moveit_core/robot_state/include/moveit/robot_state/robot_state.h,"(1838, 5)-(1838, 35)",b'static_cast<const RobotState*>(this)'
moveit,../repos/moveit/moveit_core/robot_state/test/robot_state_test.cpp,"(599, 34)-(599, 53)",b'static_cast<double>(i)'
moveit,../repos/moveit/moveit_core/robot_state/test/robot_state_test.cpp,"(653, 16)-(653, 35)",b'static_cast<double>(i)'
moveit,../repos/moveit/moveit_core/robot_state/test/test_aabb.cpp,"(237, 42)-(237, 67)",b'boost::lexical_cast<std::string>'
moveit,../repos/moveit/moveit_core/kinematic_constraints/src/pykinematic_constraint.cpp,"(63, 23)-(63, 102)",b'py::overload_cast<const moveit_msgs::Constrai...'
moveit,../repos/moveit/moveit_core/kinematic_constraints/src/pykinematic_constraint.cpp,"(66, 16)-(66, 68)",b'py::overload_cast<const moveit::core::RobotSt...'
moveit,../repos/moveit/moveit_core/kinematic_constraints/src/pykinematic_constraint.cpp,"(72, 13)-(72, 97)","b'py::overload_cast<const std::string&, const g...'"
moveit,../repos/moveit/moveit_core/kinematic_constraints/src/kinematic_constraint.cpp,"(200, 11)-(200, 63)",b'static_cast<const moveit::core::RevoluteJoint...'
moveit,../repos/moveit/moveit_core/kinematic_constraints/src/kinematic_constraint.cpp,"(256, 30)-(256, 65)",b'static_cast<const JointConstraint&>(other)'
moveit,../repos/moveit/moveit_core/kinematic_constraints/src/kinematic_constraint.cpp,"(438, 33)-(438, 71)",b'static_cast<const PositionConstraint&>(other)'
moveit,../repos/moveit/moveit_core/kinematic_constraints/src/kinematic_constraint.cpp,"(637, 36)-(637, 77)",b'static_cast<const OrientationConstraint&>(other)'
moveit,../repos/moveit/moveit_core/kinematic_constraints/src/kinematic_constraint.cpp,"(860, 35)-(860, 75)",b'static_cast<const VisibilityConstraint&>(other)'
moveit,../repos/moveit/moveit_core/kinematic_constraints/src/utils.cpp,"(282, 26)-(282, 50)","b'static_cast<std::string>(it->second[""frame_id""])'"
moveit,../repos/moveit/moveit_core/kinematic_constraints/src/utils.cpp,"(307, 31)-(307, 55)",b'static_cast<std::string>(it->second)'
moveit,../repos/moveit/moveit_core/kinematic_constraints/src/utils.cpp,"(354, 36)-(354, 60)",b'static_cast<std::string>(it->second)'
moveit,../repos/moveit/moveit_core/kinematic_constraints/src/utils.cpp,"(358, 30)-(358, 54)",b'static_cast<std::string>(it->second)'
moveit,../repos/moveit/moveit_core/kinematic_constraints/src/utils.cpp,"(412, 36)-(412, 60)",b'static_cast<std::string>(it->second)'
moveit,../repos/moveit/moveit_core/kinematic_constraints/src/utils.cpp,"(416, 30)-(416, 54)",b'static_cast<std::string>(it->second)'
moveit,../repos/moveit/moveit_core/kinematic_constraints/src/utils.cpp,"(459, 31)-(459, 47)",b'static_cast<int>(it->second)'
moveit,../repos/moveit/moveit_core/kinematic_constraints/src/utils.cpp,"(528, 22)-(528, 46)","b'static_cast<std::string>(params[""name""])'"
moveit,../repos/moveit/moveit_core/distance_field/src/distance_field.cpp,"(201, 32)-(201, 67)",b'dynamic_cast<const shapes::OcTree*>(shape)'
moveit,../repos/moveit/moveit_core/distance_field/src/propagation_distance_field.cpp,"(652, 32)-(652, 57)",b'static_cast<unsigned int>(getXNumCells())'
moveit,../repos/moveit/moveit_core/distance_field/src/propagation_distance_field.cpp,"(654, 34)-(654, 59)",b'static_cast<unsigned int>(getYNumCells())'
moveit,../repos/moveit/moveit_core/distance_field/src/propagation_distance_field.cpp,"(656, 36)-(656, 61)",b'static_cast<unsigned int>(getZNumCells())'
moveit,../repos/moveit/moveit_core/distance_field/src/propagation_distance_field.cpp,"(734, 32)-(734, 57)",b'static_cast<unsigned int>(getXNumCells())'
moveit,../repos/moveit/moveit_core/distance_field/src/propagation_distance_field.cpp,"(736, 34)-(736, 59)",b'static_cast<unsigned int>(getYNumCells())'
moveit,../repos/moveit/moveit_core/distance_field/src/propagation_distance_field.cpp,"(738, 36)-(738, 61)",b'static_cast<unsigned int>(getZNumCells())'
moveit,../repos/moveit/moveit_core/python/tools/include/moveit/python/pybind_rosmsg_typecasters.h,"(108, 40)-(108, 66)",b'reinterpret_cast<uint8_t*>(PyBytes_AsString(p...'
moveit,../repos/moveit/moveit_core/robot_model/src/robot_model.cpp,"(241, 22)-(241, 45)",b'const_cast<JointModel*>(descendant.first)'
moveit,../repos/moveit/moveit_core/robot_model/src/robot_model.cpp,"(284, 11)-(284, 49)",b'static_cast<const RevoluteJointModel*>(joint_...'
moveit,../repos/moveit/moveit_core/robot_model/src/robot_model.cpp,"(314, 11)-(314, 33)",b'const_cast<LinkModel*>(tf_base.first)'
moveit,../repos/moveit/moveit_core/robot_model/src/robot_model.cpp,"(438, 7)-(438, 30)",b'const_cast<JointModel*>(joint_model->getMimic())'
moveit,../repos/moveit/moveit_core/robot_model/src/robot_model.cpp,"(1147, 32)-(1147, 62)",b'static_cast<const urdf::Mesh*>(urdf_link->vis...'
moveit,../repos/moveit/moveit_core/robot_model/src/robot_model.cpp,"(1157, 32)-(1157, 62)",b'static_cast<const urdf::Mesh*>(urdf_link->col...'
moveit,../repos/moveit/moveit_core/robot_model/src/robot_model.cpp,"(1179, 38)-(1179, 70)",b'static_cast<const urdf::Sphere*>(geom)'
moveit,../repos/moveit/moveit_core/robot_model/src/robot_model.cpp,"(1183, 27)-(1183, 56)",b'static_cast<const urdf::Box*>(geom)'
moveit,../repos/moveit/moveit_core/robot_model/src/robot_model.cpp,"(1188, 40)-(1188, 74)",b'static_cast<const urdf::Cylinder*>(geom)'
moveit,../repos/moveit/moveit_core/robot_model/src/robot_model.cpp,"(1189, 40)-(1189, 74)",b'static_cast<const urdf::Cylinder*>(geom)'
moveit,../repos/moveit/moveit_core/robot_model/src/robot_model.cpp,"(1193, 32)-(1193, 62)",b'static_cast<const urdf::Mesh*>(geom)'
moveit,../repos/moveit/moveit_core/robot_model/src/robot_model.cpp,"(1231, 29)-(1231, 45)",b'static_cast<int>(joint_model_vector_.size())'
moveit,../repos/moveit/moveit_core/robot_model/src/robot_model.cpp,"(1251, 10)-(1251, 33)",b'const_cast<RobotModel*>(this)'
moveit,../repos/moveit/moveit_core/robot_model/src/robot_model.cpp,"(1256, 29)-(1256, 45)",b'static_cast<int>(link_model_vector_.size())'
moveit,../repos/moveit/moveit_core/robot_model/src/joint_model_group.cpp,"(156, 11)-(156, 49)",b'static_cast<const RevoluteJointModel*>(joint_...'
moveit,../repos/moveit/moveit_core/robot_model/src/joint_model_group.cpp,"(368, 28)-(368, 53)",b'boost::lexical_cast<std::string>'
moveit,../repos/moveit/moveit_core/robot_model/src/joint_model_group.cpp,"(369, 28)-(369, 53)",b'boost::lexical_cast<std::string>'
moveit,../repos/moveit/moveit_core/robot_model/src/joint_model_group.cpp,"(607, 31)-(607, 59)",b'const_cast<JointModelGroup*>(it.first)'
moveit,../repos/moveit/moveit_core/robot_model/src/link_model.cpp,"(103, 34)-(103, 67)",b'dynamic_cast<const shapes::Mesh*>(shapes_[i]....'
moveit,../repos/moveit/moveit_core/robot_model/test/test.cpp,"(74, 43)-(74, 59)",b'static_cast<int>(i)'
moveit,../repos/moveit/moveit_core/robot_model/test/test.cpp,"(80, 41)-(80, 57)",b'static_cast<int>(i)'
moveit,../repos/moveit/moveit_core/kinematics_metrics/src/kinematics_metrics.cpp,"(56, 11)-(56, 63)",b'static_cast<const moveit::core::RevoluteJoint...'
moveit,../repos/moveit/moveit_core/trajectory_processing/src/iterative_time_parameterization.cpp,"(455, 43)-(455, 59)",b'static_cast<int>(max_iterations_)'
moveit,../repos/moveit/moveit_core/collision_distance_field/src/collision_env_distance_field.cpp,"(176, 6)-(176, 44)",b'const_cast<CollisionEnvDistanceField*>(this)'
moveit,../repos/moveit/moveit_core/collision_distance_field/src/collision_env_distance_field.cpp,"(1430, 4)-(1430, 42)",b'const_cast<CollisionEnvDistanceField*>(this)'
moveit,../repos/moveit/moveit_core/collision_distance_field/src/collision_env_distance_field.cpp,"(1463, 4)-(1463, 42)",b'const_cast<CollisionEnvDistanceField*>(this)'
moveit,../repos/moveit/moveit_core/collision_distance_field/src/collision_env_distance_field.cpp,"(1487, 4)-(1487, 42)",b'const_cast<CollisionEnvDistanceField*>(this)'
moveit,../repos/moveit/moveit_core/collision_distance_field/src/collision_env_distance_field.cpp,"(1516, 4)-(1516, 42)",b'const_cast<CollisionEnvDistanceField*>(this)'
moveit,../repos/moveit/moveit_core/collision_distance_field/src/collision_env_distance_field.cpp,"(1556, 4)-(1556, 42)",b'const_cast<CollisionEnvDistanceField*>(this)'
moveit,../repos/moveit/moveit_core/collision_distance_field/src/collision_env_distance_field.cpp,"(1577, 4)-(1577, 42)",b'const_cast<CollisionEnvDistanceField*>(this)'
moveit,../repos/moveit/moveit_core/collision_distance_field/src/collision_env_distance_field.cpp,"(1775, 46)-(1775, 80)",b'static_cast<const shapes::OcTree*>(shape.get())'
moveit,../repos/moveit/moveit_core/collision_distance_field/test/test_collision_distance_field.cpp,"(343, 15)-(343, 32)",b'static_cast<bool>(robot_model)'
moveit,../repos/moveit/moveit_core/utils/src/xmlrpc_casts.cpp,"(48, 12)-(48, 31)",b'static_cast<double>(v)'
moveit,../repos/moveit/moveit_core/utils/src/xmlrpc_casts.cpp,"(50, 12)-(50, 28)",b'static_cast<int>(v)'
moveit,../repos/moveit/moveit_core/utils/src/xmlrpc_casts.cpp,"(57, 70)-(57, 89)",b'static_cast<size_t>(v.size())'
moveit,../repos/moveit/moveit_core/utils/src/message_checks.cpp,"(59, 10)-(59, 27)",b'static_cast<bool>(msg.is_diff)'
moveit,../repos/moveit/moveit_core/robot_trajectory/src/robot_trajectory.cpp,"(92, 28)-(92, 47)",b'static_cast<double>(duration_from_previous_.s...'
moveit,../repos/moveit/moveit_core/planning_scene/src/planning_scene.cpp,"(622, 10)-(622, 43)",b'static_cast<const PlanningScene*>(this)'
moveit,../repos/moveit/moveit_core/planning_scene/src/planning_scene.cpp,"(854, 33)-(854, 67)",b'static_cast<const shapes::OcTree*>(map->shape...'
moveit,../repos/moveit/moveit_core/planning_scene/src/planning_scene.cpp,"(1453, 33)-(1453, 67)",b'static_cast<const shapes::OcTree*>(map->shape...'
moveit,../repos/moveit/moveit_core/planning_scene/src/pyplanning_scene.cpp,"(55, 16)-(55, 114)",b'py::overload_cast<const collision_detection::...'
moveit,../repos/moveit/moveit_core/planning_scene/src/pyplanning_scene.cpp,"(58, 16)-(59, 113)",b'py::overload_cast<const collision_detection::...'
moveit,../repos/moveit/moveit_core/planning_scene/src/pyplanning_scene.cpp,"(62, 16)-(62, 114)",b'py::overload_cast<const collision_detection::...'
moveit,../repos/moveit/moveit_core/planning_scene/src/pyplanning_scene.cpp,"(65, 16)-(66, 113)",b'py::overload_cast<const collision_detection::...'
moveit,../repos/moveit/moveit_core/planning_scene/src/pyplanning_scene.cpp,"(72, 16)-(72, 121)",b'py::overload_cast<const moveit_msgs::RobotSta...'
moveit,../repos/moveit/moveit_core/planning_scene/src/pyplanning_scene.cpp,"(77, 15)-(77, 121)",b'py::overload_cast<const moveit::core::RobotSt...'
moveit,../repos/moveit/moveit_core/planning_scene/src/pyplanning_scene.cpp,"(81, 16)-(81, 100)",b'py::overload_cast<const moveit_msgs::RobotSta...'
moveit,../repos/moveit/moveit_core/planning_scene/src/pyplanning_scene.cpp,"(85, 16)-(85, 101)",b'py::overload_cast<const moveit::core::RobotSt...'
moveit,../repos/moveit/moveit_core/planning_scene/src/pyplanning_scene.cpp,"(88, 33)-(88, 48)",b'py::overload_cast<>'
moveit,../repos/moveit/moveit_core/planning_scene/src/pyplanning_scene.cpp,"(92, 16)-(92, 87)",b'py::overload_cast<const moveit_msgs::RobotSta...'
moveit,../repos/moveit/moveit_core/planning_scene/src/pyplanning_scene.cpp,"(96, 16)-(96, 88)",b'py::overload_cast<const moveit::core::RobotSt...'
moveit,../repos/moveit/moveit_core/planning_scene/src/pyplanning_scene.cpp,"(100, 16)-(100, 120)",b'py::overload_cast<const moveit_msgs::RobotSta...'
moveit,../repos/moveit/moveit_core/planning_scene/src/pyplanning_scene.cpp,"(104, 16)-(104, 121)",b'py::overload_cast<const moveit::core::RobotSt...'
moveit,../repos/moveit/moveit_core/planning_scene/src/pyplanning_scene.cpp,"(108, 16)-(109, 55)",b'py::overload_cast<const moveit::core::RobotSt...'
moveit,../repos/moveit/moveit_core/planning_scene/src/pyplanning_scene.cpp,"(111, 35)-(111, 80)",b'py::overload_cast<const moveit_msgs::RobotState&>'
moveit,../repos/moveit/moveit_core/planning_scene/src/pyplanning_scene.cpp,"(112, 35)-(112, 80)",b'py::overload_cast<const robot_state::RobotState&>'
moveit,../repos/moveit/moveit_core/planning_scene/include/moveit/planning_scene/planning_scene.h,"(292, 30)-(292, 74)",b'static_cast<const moveit::core::RobotState&>(...'
moveit,../repos/moveit/moveit_core/planning_scene/include/moveit/planning_scene/planning_scene.h,"(444, 29)-(444, 73)",b'static_cast<const moveit::core::RobotState&>(...'
moveit,../repos/moveit/moveit_core/planning_scene/include/moveit/planning_scene/planning_scene.h,"(473, 30)-(473, 74)",b'static_cast<const moveit::core::RobotState&>(...'
moveit,../repos/moveit/moveit_core/planning_scene/include/moveit/planning_scene/planning_scene.h,"(490, 30)-(490, 74)",b'static_cast<const moveit::core::RobotState&>(...'
moveit,../repos/moveit/moveit_core/planning_scene/include/moveit/planning_scene/planning_scene.h,"(529, 38)-(529, 82)",b'static_cast<const moveit::core::RobotState&>(...'
moveit,../repos/moveit/moveit_core/planning_scene/include/moveit/planning_scene/planning_scene.h,"(541, 38)-(541, 82)",b'static_cast<const moveit::core::RobotState&>(...'
moveit,../repos/moveit/moveit_core/planning_scene/include/moveit/planning_scene/planning_scene.h,"(565, 34)-(565, 78)",b'static_cast<const moveit::core::RobotState&>(...'
moveit,../repos/moveit/moveit_core/planning_scene/include/moveit/planning_scene/planning_scene.h,"(583, 34)-(583, 78)",b'static_cast<const moveit::core::RobotState&>(...'
moveit,../repos/moveit/moveit_core/planning_scene/include/moveit/planning_scene/planning_scene.h,"(610, 30)-(610, 74)",b'static_cast<const moveit::core::RobotState&>(...'
moveit,../repos/moveit/moveit_core/planning_scene/include/moveit/planning_scene/planning_scene.h,"(625, 30)-(625, 74)",b'static_cast<const moveit::core::RobotState&>(...'
moveit,../repos/moveit/moveit_core/planning_scene/include/moveit/planning_scene/planning_scene.h,"(658, 33)-(658, 77)",b'static_cast<const moveit::core::RobotState&>(...'
moveit,../repos/moveit/moveit_core/planning_scene/include/moveit/planning_scene/planning_scene.h,"(670, 33)-(670, 77)",b'static_cast<const moveit::core::RobotState&>(...'
moveit,../repos/moveit/moveit_core/planning_scene/include/moveit/planning_scene/planning_scene.h,"(693, 32)-(693, 76)",b'static_cast<const moveit::core::RobotState&>(...'
moveit,../repos/moveit/moveit_core/planning_scene/include/moveit/planning_scene/planning_scene.h,"(709, 40)-(709, 84)",b'static_cast<const moveit::core::RobotState&>(...'
moveit,../repos/moveit/moveit_core/planning_scene/include/moveit/planning_scene/planning_scene.h,"(726, 32)-(726, 76)",b'static_cast<const moveit::core::RobotState&>(...'
moveit,../repos/moveit/moveit_core/planning_scene/include/moveit/planning_scene/planning_scene.h,"(745, 40)-(745, 84)",b'static_cast<const moveit::core::RobotState&>(...'
moveit,../repos/moveit/moveit_core/planning_scene/test/test_multi_threaded.cpp,"(75, 17)-(75, 34)",b'static_cast<bool>(robot_model_)'
moveit,../repos/moveit/moveit_core/planning_scene/test/test_planning_scene.cpp,"(116, 18)-(116, 35)",b'static_cast<bool>(ps.getWorld()->getObject(pl...'
moveit,../repos/moveit/moveit_core/collision_detection_bullet/src/bullet_integration/bullet_utils.cpp,"(52, 16)-(52, 37)",b'static_cast<btScalar>(size[0] / 2)'
moveit,../repos/moveit/moveit_core/collision_detection_bullet/src/bullet_integration/bullet_utils.cpp,"(53, 16)-(53, 37)",b'static_cast<btScalar>(size[1] / 2)'
moveit,../repos/moveit/moveit_core/collision_detection_bullet/src/bullet_integration/bullet_utils.cpp,"(54, 16)-(54, 37)",b'static_cast<btScalar>(size[2] / 2)'
moveit,../repos/moveit/moveit_core/collision_detection_bullet/src/bullet_integration/bullet_utils.cpp,"(63, 29)-(63, 50)",b'static_cast<btScalar>(geom->radius)'
moveit,../repos/moveit/moveit_core/collision_detection_bullet/src/bullet_integration/bullet_utils.cpp,"(70, 16)-(70, 37)",b'static_cast<btScalar>(geom->radius)'
moveit,../repos/moveit/moveit_core/collision_detection_bullet/src/bullet_integration/bullet_utils.cpp,"(71, 16)-(71, 37)",b'static_cast<btScalar>(geom->length / 2)'
moveit,../repos/moveit/moveit_core/collision_detection_bullet/src/bullet_integration/bullet_utils.cpp,"(79, 16)-(79, 37)",b'static_cast<btScalar>(geom->radius)'
moveit,../repos/moveit/moveit_core/collision_detection_bullet/src/bullet_integration/bullet_utils.cpp,"(80, 16)-(80, 37)",b'static_cast<btScalar>(geom->length)'
moveit,../repos/moveit/moveit_core/collision_detection_bullet/src/bullet_integration/bullet_utils.cpp,"(113, 25)-(113, 46)",b'static_cast<btScalar>(v[0])'
moveit,../repos/moveit/moveit_core/collision_detection_bullet/src/bullet_integration/bullet_utils.cpp,"(113, 54)-(113, 75)",b'static_cast<btScalar>(v[1])'
moveit,../repos/moveit/moveit_core/collision_detection_bullet/src/bullet_integration/bullet_utils.cpp,"(113, 83)-(113, 104)",b'static_cast<btScalar>(v[2])'
moveit,../repos/moveit/moveit_core/collision_detection_bullet/src/bullet_integration/bullet_utils.cpp,"(120, 67)-(120, 83)",b'static_cast<int>(geom->triangle_count)'
moveit,../repos/moveit/moveit_core/collision_detection_bullet/src/bullet_integration/bullet_utils.cpp,"(132, 25)-(132, 46)",b'static_cast<btScalar>(geom->vertices[3 * idx + y])'
moveit,../repos/moveit/moveit_core/collision_detection_bullet/src/bullet_integration/bullet_utils.cpp,"(152, 19)-(152, 35)",b'static_cast<int>(collision_object_type)'
moveit,../repos/moveit/moveit_core/collision_detection_bullet/src/bullet_integration/bullet_utils.cpp,"(170, 61)-(170, 77)",b'static_cast<int>(geom->octree->size())'
moveit,../repos/moveit/moveit_core/collision_detection_bullet/src/bullet_integration/bullet_utils.cpp,"(178, 42)-(178, 68)",b'static_cast<unsigned char>(geom->octree->getT...'
moveit,../repos/moveit/moveit_core/collision_detection_bullet/src/bullet_integration/bullet_utils.cpp,"(187, 42)-(187, 63)",b'static_cast<btScalar>(it.getX())'
moveit,../repos/moveit/moveit_core/collision_detection_bullet/src/bullet_integration/bullet_utils.cpp,"(187, 76)-(187, 97)",b'static_cast<btScalar>(it.getY())'
moveit,../repos/moveit/moveit_core/collision_detection_bullet/src/bullet_integration/bullet_utils.cpp,"(188, 42)-(188, 63)",b'static_cast<btScalar>(it.getZ())'
moveit,../repos/moveit/moveit_core/collision_detection_bullet/src/bullet_integration/bullet_utils.cpp,"(189, 24)-(189, 45)",b'static_cast<btScalar>(size / 2)'
moveit,../repos/moveit/moveit_core/collision_detection_bullet/src/bullet_integration/bullet_utils.cpp,"(201, 42)-(201, 68)",b'static_cast<unsigned char>(geom->octree->getT...'
moveit,../repos/moveit/moveit_core/collision_detection_bullet/src/bullet_integration/bullet_utils.cpp,"(210, 42)-(210, 63)",b'static_cast<btScalar>(it.getX())'
moveit,../repos/moveit/moveit_core/collision_detection_bullet/src/bullet_integration/bullet_utils.cpp,"(210, 76)-(210, 97)",b'static_cast<btScalar>(it.getY())'
moveit,../repos/moveit/moveit_core/collision_detection_bullet/src/bullet_integration/bullet_utils.cpp,"(211, 42)-(211, 63)",b'static_cast<btScalar>(it.getZ())'
moveit,../repos/moveit/moveit_core/collision_detection_bullet/src/bullet_integration/bullet_utils.cpp,"(213, 33)-(213, 54)",b'static_cast<btScalar>(std::sqrt(2 * ((size / ...'
moveit,../repos/moveit/moveit_core/collision_detection_bullet/src/bullet_integration/bullet_utils.cpp,"(225, 17)-(225, 33)",b'static_cast<int>(collision_object_type)'
moveit,../repos/moveit/moveit_core/collision_detection_bullet/src/bullet_integration/bullet_utils.cpp,"(238, 35)-(238, 66)",b'static_cast<const shapes::Box*>(geom.get())'
moveit,../repos/moveit/moveit_core/collision_detection_bullet/src/bullet_integration/bullet_utils.cpp,"(242, 35)-(242, 69)",b'static_cast<const shapes::Sphere*>(geom.get())'
moveit,../repos/moveit/moveit_core/collision_detection_bullet/src/bullet_integration/bullet_utils.cpp,"(246, 35)-(246, 71)",b'static_cast<const shapes::Cylinder*>(geom.get())'
moveit,../repos/moveit/moveit_core/collision_detection_bullet/src/bullet_integration/bullet_utils.cpp,"(250, 35)-(250, 67)",b'static_cast<const shapes::Cone*>(geom.get())'
moveit,../repos/moveit/moveit_core/collision_detection_bullet/src/bullet_integration/bullet_utils.cpp,"(254, 35)-(254, 67)",b'static_cast<const shapes::Mesh*>(geom.get())'
moveit,../repos/moveit/moveit_core/collision_detection_bullet/src/bullet_integration/bullet_utils.cpp,"(258, 35)-(258, 69)",b'static_cast<const shapes::OcTree*>(geom.get())'
moveit,../repos/moveit/moveit_core/collision_detection_bullet/src/bullet_integration/bullet_utils.cpp,"(262, 85)-(262, 101)",b'static_cast<int>(geom->type)'
moveit,../repos/moveit/moveit_core/collision_detection_bullet/src/bullet_integration/bullet_utils.cpp,"(311, 63)-(311, 79)",b'static_cast<int>(m_shapes.size())'
moveit,../repos/moveit/moveit_core/collision_detection_bullet/src/bullet_integration/bullet_discrete_bvh_manager.cpp,"(50, 44)-(50, 65)",b'static_cast<btScalar>(contact_distance_)'
moveit,../repos/moveit/moveit_core/collision_detection_bullet/src/bullet_integration/bullet_bvh_manager.cpp,"(152, 40)-(152, 61)",b'static_cast<btScalar>(contact_distance)'
moveit,../repos/moveit/moveit_core/collision_detection_bullet/src/bullet_integration/bullet_cast_bvh_manager.cpp,"(52, 44)-(52, 65)",b'static_cast<btScalar>(contact_distance_)'
moveit,../repos/moveit/moveit_core/collision_detection_bullet/src/bullet_integration/bullet_cast_bvh_manager.cpp,"(84, 9)-(84, 36)",b'static_cast<CastHullShape*>(cow->getCollision...'
moveit,../repos/moveit/moveit_core/collision_detection_bullet/src/bullet_integration/bullet_cast_bvh_manager.cpp,"(88, 37)-(88, 66)",b'static_cast<btCompoundShape*>(cow->getCollisi...'
moveit,../repos/moveit/moveit_core/collision_detection_bullet/src/bullet_integration/bullet_cast_bvh_manager.cpp,"(97, 13)-(97, 40)",b'static_cast<CastHullShape*>(compound->getChil...'
moveit,../repos/moveit/moveit_core/collision_detection_bullet/src/bullet_integration/bullet_cast_bvh_manager.cpp,"(102, 48)-(102, 77)",b'static_cast<btCompoundShape*>(compound->getCh...'
moveit,../repos/moveit/moveit_core/collision_detection_bullet/src/bullet_integration/bullet_cast_bvh_manager.cpp,"(110, 15)-(110, 42)",b'static_cast<CastHullShape*>(second_compound->...'
moveit,../repos/moveit/moveit_core/collision_detection_bullet/include/moveit/collision_detection_bullet/bullet_integration/contact_checker_common.h,"(158, 18)-(158, 34)",b'static_cast<int>(input.size())'
moveit,../repos/moveit/moveit_core/collision_detection_bullet/include/moveit/collision_detection_bullet/bullet_integration/contact_checker_common.h,"(161, 32)-(161, 53)",b'static_cast<btScalar>(v[0])'
moveit,../repos/moveit/moveit_core/collision_detection_bullet/include/moveit/collision_detection_bullet/bullet_integration/contact_checker_common.h,"(161, 61)-(161, 82)",b'static_cast<btScalar>(v[1])'
moveit,../repos/moveit/moveit_core/collision_detection_bullet/include/moveit/collision_detection_bullet/bullet_integration/contact_checker_common.h,"(161, 90)-(161, 111)",b'static_cast<btScalar>(v[2])'
moveit,../repos/moveit/moveit_core/collision_detection_bullet/include/moveit/collision_detection_bullet/bullet_integration/contact_checker_common.h,"(164, 84)-(164, 105)",b'static_cast<btScalar>(shrink)'
moveit,../repos/moveit/moveit_core/collision_detection_bullet/include/moveit/collision_detection_bullet/bullet_integration/contact_checker_common.h,"(165, 31)-(165, 52)",b'static_cast<btScalar>(shrinkClamp)'
moveit,../repos/moveit/moveit_core/collision_detection_bullet/include/moveit/collision_detection_bullet/bullet_integration/contact_checker_common.h,"(173, 20)-(173, 39)",b'static_cast<size_t>(num_verts)'
moveit,../repos/moveit/moveit_core/collision_detection_bullet/include/moveit/collision_detection_bullet/bullet_integration/contact_checker_common.h,"(181, 17)-(181, 36)",b'static_cast<size_t>(3 * num_faces)'
moveit,../repos/moveit/moveit_core/collision_detection_bullet/include/moveit/collision_detection_bullet/bullet_integration/contact_checker_common.h,"(207, 21)-(207, 37)",b'static_cast<int>(face.size())'
moveit,../repos/moveit/moveit_core/collision_detection_bullet/include/moveit/collision_detection_bullet/bullet_integration/bullet_utils.h,"(101, 20)-(101, 41)",b'static_cast<btScalar>(v[0])'
moveit,../repos/moveit/moveit_core/collision_detection_bullet/include/moveit/collision_detection_bullet/bullet_integration/bullet_utils.h,"(101, 49)-(101, 70)",b'static_cast<btScalar>(v[1])'
moveit,../repos/moveit/moveit_core/collision_detection_bullet/include/moveit/collision_detection_bullet/bullet_integration/bullet_utils.h,"(101, 78)-(101, 99)",b'static_cast<btScalar>(v[2])'
moveit,../repos/moveit/moveit_core/collision_detection_bullet/include/moveit/collision_detection_bullet/bullet_integration/bullet_utils.h,"(107, 26)-(107, 45)",b'static_cast<double>(v.x())'
moveit,../repos/moveit/moveit_core/collision_detection_bullet/include/moveit/collision_detection_bullet/bullet_integration/bullet_utils.h,"(107, 54)-(107, 73)",b'static_cast<double>(v.y())'
moveit,../repos/moveit/moveit_core/collision_detection_bullet/include/moveit/collision_detection_bullet/bullet_integration/bullet_utils.h,"(107, 82)-(107, 101)",b'static_cast<double>(v.z())'
moveit,../repos/moveit/moveit_core/collision_detection_bullet/include/moveit/collision_detection_bullet/bullet_integration/bullet_utils.h,"(113, 23)-(113, 44)",b'static_cast<btScalar>(q.x())'
moveit,../repos/moveit/moveit_core/collision_detection_bullet/include/moveit/collision_detection_bullet/bullet_integration/bullet_utils.h,"(113, 53)-(113, 74)",b'static_cast<btScalar>(q.y())'
moveit,../repos/moveit/moveit_core/collision_detection_bullet/include/moveit/collision_detection_bullet/bullet_integration/bullet_utils.h,"(113, 83)-(113, 104)",b'static_cast<btScalar>(q.z())'
moveit,../repos/moveit/moveit_core/collision_detection_bullet/include/moveit/collision_detection_bullet/bullet_integration/bullet_utils.h,"(114, 23)-(114, 44)",b'static_cast<btScalar>(q.w())'
moveit,../repos/moveit/moveit_core/collision_detection_bullet/include/moveit/collision_detection_bullet/bullet_integration/bullet_utils.h,"(120, 22)-(120, 43)","b'static_cast<btScalar>(r(0, 0))'"
moveit,../repos/moveit/moveit_core/collision_detection_bullet/include/moveit/collision_detection_bullet/bullet_integration/bullet_utils.h,"(120, 54)-(120, 75)","b'static_cast<btScalar>(r(0, 1))'"
moveit,../repos/moveit/moveit_core/collision_detection_bullet/include/moveit/collision_detection_bullet/bullet_integration/bullet_utils.h,"(120, 86)-(120, 107)","b'static_cast<btScalar>(r(0, 2))'"
moveit,../repos/moveit/moveit_core/collision_detection_bullet/include/moveit/collision_detection_bullet/bullet_integration/bullet_utils.h,"(121, 22)-(121, 43)","b'static_cast<btScalar>(r(1, 0))'"
moveit,../repos/moveit/moveit_core/collision_detection_bullet/include/moveit/collision_detection_bullet/bullet_integration/bullet_utils.h,"(121, 54)-(121, 75)","b'static_cast<btScalar>(r(1, 1))'"
moveit,../repos/moveit/moveit_core/collision_detection_bullet/include/moveit/collision_detection_bullet/bullet_integration/bullet_utils.h,"(121, 86)-(121, 107)","b'static_cast<btScalar>(r(1, 2))'"
moveit,../repos/moveit/moveit_core/collision_detection_bullet/include/moveit/collision_detection_bullet/bullet_integration/bullet_utils.h,"(122, 22)-(122, 43)","b'static_cast<btScalar>(r(2, 0))'"
moveit,../repos/moveit/moveit_core/collision_detection_bullet/include/moveit/collision_detection_bullet/bullet_integration/bullet_utils.h,"(122, 54)-(122, 75)","b'static_cast<btScalar>(r(2, 1))'"
moveit,../repos/moveit/moveit_core/collision_detection_bullet/include/moveit/collision_detection_bullet/bullet_integration/bullet_utils.h,"(122, 86)-(122, 107)","b'static_cast<btScalar>(r(2, 2))'"
moveit,../repos/moveit/moveit_core/collision_detection_bullet/include/moveit/collision_detection_bullet/bullet_integration/bullet_utils.h,"(386, 43)-(386, 87)",b'dynamic_cast<const btPolyhedralConvexShape*>(...'
moveit,../repos/moveit/moveit_core/collision_detection_bullet/include/moveit/collision_detection_bullet/bullet_integration/bullet_utils.h,"(426, 10)-(426, 53)",b'dynamic_cast<const CollisionObjectWrapper*>(c...'
moveit,../repos/moveit/moveit_core/collision_detection_bullet/include/moveit/collision_detection_bullet/bullet_integration/bullet_utils.h,"(427, 10)-(427, 53)",b'dynamic_cast<const CollisionObjectWrapper*>(c...'
moveit,../repos/moveit/moveit_core/collision_detection_bullet/include/moveit/collision_detection_bullet/bullet_integration/bullet_utils.h,"(428, 39)-(428, 81)",b'static_cast<const CollisionObjectWrapper*>(co...'
moveit,../repos/moveit/moveit_core/collision_detection_bullet/include/moveit/collision_detection_bullet/bullet_integration/bullet_utils.h,"(429, 39)-(429, 81)",b'static_cast<const CollisionObjectWrapper*>(co...'
moveit,../repos/moveit/moveit_core/collision_detection_bullet/include/moveit/collision_detection_bullet/bullet_integration/bullet_utils.h,"(439, 19)-(439, 38)",b'static_cast<double>(cp.m_distance1)'
moveit,../repos/moveit/moveit_core/collision_detection_bullet/include/moveit/collision_detection_bullet/bullet_integration/bullet_utils.h,"(460, 10)-(460, 53)",b'dynamic_cast<const CollisionObjectWrapper*>(c...'
moveit,../repos/moveit/moveit_core/collision_detection_bullet/include/moveit/collision_detection_bullet/bullet_integration/bullet_utils.h,"(461, 10)-(461, 53)",b'dynamic_cast<const CollisionObjectWrapper*>(c...'
moveit,../repos/moveit/moveit_core/collision_detection_bullet/include/moveit/collision_detection_bullet/bullet_integration/bullet_utils.h,"(463, 39)-(463, 81)",b'static_cast<const CollisionObjectWrapper*>(co...'
moveit,../repos/moveit/moveit_core/collision_detection_bullet/include/moveit/collision_detection_bullet/bullet_integration/bullet_utils.h,"(464, 39)-(464, 81)",b'static_cast<const CollisionObjectWrapper*>(co...'
moveit,../repos/moveit/moveit_core/collision_detection_bullet/include/moveit/collision_detection_bullet/bullet_integration/bullet_utils.h,"(474, 19)-(474, 38)",b'static_cast<double>(cp.m_distance1)'
moveit,../repos/moveit/moveit_core/collision_detection_bullet/include/moveit/collision_detection_bullet/bullet_integration/bullet_utils.h,"(507, 32)-(507, 65)",b'static_cast<const CastHullShape*>(first_col_o...'
moveit,../repos/moveit/moveit_core/collision_detection_bullet/include/moveit/collision_detection_bullet/bullet_integration/bullet_utils.h,"(549, 36)-(549, 55)",b'static_cast<double>(l0c / (l0c + l1c))'
moveit,../repos/moveit/moveit_core/collision_detection_bullet/include/moveit/collision_detection_bullet/bullet_integration/bullet_utils.h,"(607, 26)-(607, 47)",b'static_cast<btScalar>(contact_distance_)'
moveit,../repos/moveit/moveit_core/collision_detection_bullet/include/moveit/collision_detection_bullet/bullet_integration/bullet_utils.h,"(638, 17)-(638, 38)",b'static_cast<btScalar>(result_callback_.contac...'
moveit,../repos/moveit/moveit_core/collision_detection_bullet/include/moveit/collision_detection_bullet/bullet_integration/bullet_utils.h,"(716, 42)-(716, 84)",b'static_cast<const CollisionObjectWrapper*>(pa...'
moveit,../repos/moveit/moveit_core/collision_detection_bullet/include/moveit/collision_detection_bullet/bullet_integration/bullet_utils.h,"(717, 42)-(717, 84)",b'static_cast<const CollisionObjectWrapper*>(pa...'
moveit,../repos/moveit/moveit_core/collision_detection_bullet/include/moveit/collision_detection_bullet/bullet_integration/bullet_utils.h,"(737, 13)-(737, 34)",b'static_cast<btScalar>(results_callback_.conta...'
moveit,../repos/moveit/moveit_core/collision_detection_bullet/include/moveit/collision_detection_bullet/bullet_integration/bullet_utils.h,"(797, 12)-(797, 40)",b'dynamic_cast<btConvexShape*>(new_cow->getColl...'
moveit,../repos/moveit/moveit_core/collision_detection_bullet/include/moveit/collision_detection_bullet/bullet_integration/bullet_utils.h,"(798, 29)-(798, 56)",b'static_cast<btConvexShape*>(new_cow->getColli...'
moveit,../repos/moveit/moveit_core/collision_detection_bullet/include/moveit/collision_detection_bullet/bullet_integration/bullet_utils.h,"(810, 33)-(810, 62)",b'static_cast<btCompoundShape*>(new_cow->getCol...'
moveit,../repos/moveit/moveit_core/collision_detection_bullet/include/moveit/collision_detection_bullet/bullet_integration/bullet_utils.h,"(818, 33)-(818, 60)",b'static_cast<btConvexShape*>(compound->getChil...'
moveit,../repos/moveit/moveit_core/collision_detection_bullet/include/moveit/collision_detection_bullet/bullet_integration/bullet_utils.h,"(831, 44)-(831, 73)",b'static_cast<btCompoundShape*>(compound->getCh...'
moveit,../repos/moveit/moveit_core/collision_detection_bullet/include/moveit/collision_detection_bullet/bullet_integration/bullet_utils.h,"(838, 35)-(838, 62)",b'static_cast<btConvexShape*>(second_compound->...'
moveit,../repos/moveit/moveit_core/collision_detection_bullet/include/moveit/collision_detection_bullet/bullet_integration/bullet_utils.h,"(942, 42)-(942, 84)",b'static_cast<const CollisionObjectWrapper*>(pr...'
moveit,../repos/moveit/moveit_core/collision_detection_bullet/include/moveit/collision_detection_bullet/bullet_integration/bullet_utils.h,"(943, 42)-(943, 84)",b'static_cast<const CollisionObjectWrapper*>(pr...'
moveit,../repos/moveit/moveit_core/collision_detection_bullet/include/moveit/collision_detection_bullet/bullet_integration/ros_bullet_utils.h,"(68, 35)-(68, 67)",b'static_cast<const urdf::Sphere*>(geom)'
moveit,../repos/moveit/moveit_core/collision_detection_bullet/include/moveit/collision_detection_bullet/bullet_integration/ros_bullet_utils.h,"(72, 27)-(72, 56)",b'static_cast<const urdf::Box*>(geom)'
moveit,../repos/moveit/moveit_core/collision_detection_bullet/include/moveit/collision_detection_bullet/bullet_integration/ros_bullet_utils.h,"(77, 37)-(77, 71)",b'static_cast<const urdf::Cylinder*>(geom)'
moveit,../repos/moveit/moveit_core/collision_detection_bullet/include/moveit/collision_detection_bullet/bullet_integration/ros_bullet_utils.h,"(78, 37)-(78, 71)",b'static_cast<const urdf::Cylinder*>(geom)'
moveit,../repos/moveit/moveit_core/collision_detection_bullet/include/moveit/collision_detection_bullet/bullet_integration/ros_bullet_utils.h,"(82, 32)-(82, 62)",b'static_cast<const urdf::Mesh*>(geom)'
moveit,../repos/moveit/moveit_core/collision_detection_bullet/include/moveit/collision_detection_bullet/bullet_integration/ros_bullet_utils.h,"(92, 46)-(92, 62)",b'static_cast<int>(geom->type)'
moveit,../repos/moveit/moveit_core/collision_detection_bullet/test/test_bullet_continuous_collision_checking.cpp,"(77, 23)-(77, 40)",b'static_cast<bool>(robot_model_)'
moveit,../repos/moveit/moveit_core/transforms/src/pytransforms.cpp,"(58, 32)-(58, 91)","b'py::overload_cast<const Eigen::Isometry3d&, c...'"
moveit,../repos/moveit/moveit_core/transforms/src/pytransforms.cpp,"(59, 32)-(59, 85)",b'py::overload_cast<const geometry_msgs::Transf...'
moveit,../repos/moveit/moveit_core/collision_detection_fcl/src/collision_common.cpp,"(58, 26)-(58, 58)",b'reinterpret_cast<CollisionData*>(data)'
moveit,../repos/moveit/moveit_core/collision_detection_fcl/src/collision_common.cpp,"(61, 38)-(61, 79)",b'static_cast<const CollisionGeometryData*>(o1-...'
moveit,../repos/moveit/moveit_core/collision_detection_fcl/src/collision_common.cpp,"(62, 38)-(62, 79)",b'static_cast<const CollisionGeometryData*>(o2-...'
moveit,../repos/moveit/moveit_core/collision_detection_fcl/src/collision_common.cpp,"(413, 25)-(413, 56)",b'reinterpret_cast<DistanceData*>(data)'
moveit,../repos/moveit/moveit_core/collision_detection_fcl/src/collision_common.cpp,"(415, 38)-(415, 79)",b'static_cast<const CollisionGeometryData*>(o1-...'
moveit,../repos/moveit/moveit_core/collision_detection_fcl/src/collision_common.cpp,"(416, 38)-(416, 79)",b'static_cast<const CollisionGeometryData*>(o2-...'
moveit,../repos/moveit/moveit_core/collision_detection_fcl/src/collision_common.cpp,"(530, 14)-(530, 53)",b'std::static_pointer_cast<const fcl::OcTreed>'
moveit,../repos/moveit/moveit_core/collision_detection_fcl/src/collision_common.cpp,"(532, 14)-(532, 53)",b'std::static_pointer_cast<const fcl::OcTreed>'
moveit,../repos/moveit/moveit_core/collision_detection_fcl/src/collision_common.cpp,"(550, 44)-(550, 85)",b'static_cast<const CollisionGeometryData*>(fcl...'
moveit,../repos/moveit/moveit_core/collision_detection_fcl/src/collision_common.cpp,"(551, 44)-(551, 85)",b'static_cast<const CollisionGeometryData*>(fcl...'
moveit,../repos/moveit/moveit_core/collision_detection_fcl/src/collision_common.cpp,"(716, 9)-(716, 33)",b'const_cast<FCLGeometry*>(cache_it->second.get())'
moveit,../repos/moveit/moveit_core/collision_detection_fcl/src/collision_common.cpp,"(744, 9)-(744, 33)",b'const_cast<FCLGeometry*>(obj_cache.get())'
moveit,../repos/moveit/moveit_core/collision_detection_fcl/src/collision_common.cpp,"(778, 9)-(778, 33)",b'const_cast<FCLGeometry*>(obj_cache.get())'
moveit,../repos/moveit/moveit_core/collision_detection_fcl/src/collision_common.cpp,"(800, 32)-(800, 65)",b'static_cast<const shapes::Plane*>(shape.get())'
moveit,../repos/moveit/moveit_core/collision_detection_fcl/src/collision_common.cpp,"(806, 33)-(806, 67)",b'static_cast<const shapes::Sphere*>(shape.get())'
moveit,../repos/moveit/moveit_core/collision_detection_fcl/src/collision_common.cpp,"(812, 30)-(812, 61)",b'static_cast<const shapes::Box*>(shape.get())'
moveit,../repos/moveit/moveit_core/collision_detection_fcl/src/collision_common.cpp,"(819, 35)-(819, 71)",b'static_cast<const shapes::Cylinder*>(shape.get())'
moveit,../repos/moveit/moveit_core/collision_detection_fcl/src/collision_common.cpp,"(825, 31)-(825, 63)",b'static_cast<const shapes::Cone*>(shape.get())'
moveit,../repos/moveit/moveit_core/collision_detection_fcl/src/collision_common.cpp,"(832, 34)-(832, 66)",b'static_cast<const shapes::Mesh*>(shape.get())'
moveit,../repos/moveit/moveit_core/collision_detection_fcl/src/collision_common.cpp,"(853, 33)-(853, 67)",b'static_cast<const shapes::OcTree*>(shape.get())'
moveit,../repos/moveit/moveit_core/collision_detection_fcl/include/moveit/collision_detection_fcl/collision_common.h,"(234, 48)-(234, 77)",b'reinterpret_cast<const void*>(data)'
moveit,../repos/moveit/moveit_core/collision_detection_fcl/include/moveit/collision_detection_fcl/collision_common.h,"(344, 39)-(344, 80)",b'static_cast<const CollisionGeometryData*>(fc....'
moveit,../repos/moveit/moveit_core/collision_detection_fcl/include/moveit/collision_detection_fcl/collision_common.h,"(347, 39)-(347, 80)",b'static_cast<const CollisionGeometryData*>(fc....'
moveit,../repos/moveit/moveit_core/collision_detection_fcl/test/test_fcl_env.cpp,"(73, 23)-(73, 40)",b'static_cast<bool>(robot_model_)'
moveit,../repos/moveit/moveit_plugins/moveit_simple_controller_manager/src/moveit_simple_controller_manager.cpp,"(101, 15)-(101, 52)",b'static_cast<GripperControllerHandle*>(new_han...'
moveit,../repos/moveit/moveit_plugins/moveit_simple_controller_manager/src/moveit_simple_controller_manager.cpp,"(110, 15)-(110, 52)",b'static_cast<GripperControllerHandle*>(new_han...'
moveit,../repos/moveit/moveit_plugins/moveit_simple_controller_manager/src/moveit_simple_controller_manager.cpp,"(116, 17)-(116, 54)",b'static_cast<GripperControllerHandle*>(new_han...'
moveit,../repos/moveit/moveit_plugins/moveit_simple_controller_manager/src/moveit_simple_controller_manager.cpp,"(119, 17)-(119, 54)",b'static_cast<GripperControllerHandle*>(new_han...'
moveit,../repos/moveit/moveit_plugins/moveit_simple_controller_manager/src/moveit_simple_controller_manager.cpp,"(123, 15)-(123, 52)",b'static_cast<GripperControllerHandle*>(new_han...'
moveit,../repos/moveit/moveit_plugins/moveit_simple_controller_manager/src/moveit_simple_controller_manager.cpp,"(178, 14)-(178, 79)",b'static_cast<moveit_controller_manager::MoveIt...'
moveit,../repos/moveit/moveit_plugins/moveit_simple_controller_manager/include/moveit_simple_controller_manager/action_based_controller_handle.h,"(99, 12)-(99, 29)",b'static_cast<bool>(controller_action_client_)'
moveit,../repos/moveit/moveit_setup_assistant/src/tools/collision_linear_model.cpp,"(208, 3)-(208, 37)",b'static_cast<CollisionLinearModel*>(sourceModel())'
moveit,../repos/moveit/moveit_setup_assistant/src/tools/collision_linear_model.cpp,"(234, 29)-(234, 64)",b'qobject_cast<CollisionLinearModel*>(sourceModel())'
moveit,../repos/moveit/moveit_setup_assistant/src/tools/rotated_header_view.cpp,"(83, 12)-(83, 32)",b'qvariant_cast<QSize>(variant)'
moveit,../repos/moveit/moveit_setup_assistant/src/tools/rotated_header_view.cpp,"(92, 11)-(92, 31)",b'qvariant_cast<QFont>(var)'
moveit,../repos/moveit/moveit_setup_assistant/src/tools/rotated_header_view.cpp,"(99, 14)-(99, 34)",b'qvariant_cast<QIcon>(variant)'
moveit,../repos/moveit/moveit_setup_assistant/src/tools/rotated_header_view.cpp,"(101, 16)-(101, 38)",b'qvariant_cast<QPixmap>(variant)'
moveit,../repos/moveit/moveit_setup_assistant/src/tools/rotated_header_view.cpp,"(123, 12)-(123, 32)",b'qvariant_cast<QSize>(value)'
moveit,../repos/moveit/moveit_setup_assistant/src/widgets/default_collisions_widget.cpp,"(650, 28)-(650, 51)",b'static_cast<QKeyEvent*>(event)'
moveit,../repos/moveit/moveit_setup_assistant/src/widgets/default_collisions_widget.cpp,"(699, 31)-(699, 65)",b'static_cast<CollisionMatrixModel*>(model_)'
moveit,../repos/moveit/moveit_setup_assistant/src/widgets/default_collisions_widget.cpp,"(705, 31)-(705, 65)",b'static_cast<SortFilterProxyModel*>(model_)'
moveit,../repos/moveit/moveit_setup_assistant/src/widgets/default_collisions_widget.cpp,"(758, 29)-(758, 64)",b'qobject_cast<SortFilterProxyModel*>(model_)'
moveit,../repos/moveit/moveit_setup_assistant/src/widgets/planning_groups_widget.cpp,"(1100, 43)-(1100, 63)",b'boost::lexical_cast<double>'
moveit,../repos/moveit/moveit_setup_assistant/src/widgets/planning_groups_widget.cpp,"(1112, 40)-(1112, 60)",b'boost::lexical_cast<double>'
moveit,../repos/moveit/moveit_setup_assistant/src/widgets/setup_assistant_widget.cpp,"(208, 30)-(208, 62)",b'qobject_cast<SetupScreenWidget*>(main_content...'
moveit,../repos/moveit/moveit_setup_assistant/src/widgets/setup_assistant_widget.cpp,"(224, 11)-(224, 43)",b'qobject_cast<SetupScreenWidget*>(main_content...'
moveit,../repos/moveit/moveit_setup_assistant/src/widgets/configuration_files_widget.cpp,"(1023, 42)-(1023, 65)",b'static_cast<qulonglong>(i)'
