Repo name,File name,Location,Content
moveit,../repos/moveit/moveit_planners/trajopt/src/trajopt_planner_manager.cpp,"(56, 3)-(73, 4)",b'bool initialize(const moveit::core::RobotMode...'
moveit,../repos/moveit/moveit_planners/trajopt/src/trajopt_planner_manager.cpp,"(75, 3)-(78, 4)",b'bool canServiceRequest(const moveit_msgs::Mot...'
moveit,../repos/moveit/moveit_planners/trajopt/src/trajopt_planner_manager.cpp,"(80, 3)-(83, 4)",b'std::string getDescription() const override\n ...'
moveit,../repos/moveit/moveit_planners/trajopt/src/trajopt_planner_manager.cpp,"(85, 3)-(89, 4)",b'void getPlanningAlgorithms(std::vector<std::s...'
moveit,../repos/moveit/moveit_planners/trajopt/src/trajopt_planner_manager.cpp,"(91, 3)-(129, 4)",b'planning_interface::PlanningContextPtr getPla...'
moveit,../repos/moveit/moveit_planners/trajopt/src/trajopt_interface.cpp,"(72, 1)-(348, 2)",b'bool TrajOptInterface::solve(const planning_s...'
moveit,../repos/moveit/moveit_planners/trajopt/include/trajopt_interface/trajopt_planning_context.h,"(17, 3)-(19, 4)",b'~TrajOptPlanningContext() override\n  {\n  }'
moveit,../repos/moveit/moveit_planners/trajopt/test/trajectory_test.cpp,"(49, 3)-(56, 4)",b'void SetUp() override\n  {\n    node_handle_ = ...'
moveit,../repos/moveit/moveit_planners/chomp/chomp_motion_planner/src/chomp_optimizer.cpp,"(92, 1)-(258, 2)",b'void ChompOptimizer::initialize()\n{\n  // init...'
moveit,../repos/moveit/moveit_planners/chomp/chomp_motion_planner/src/chomp_optimizer.cpp,"(677, 1)-(686, 2)",b'void ChompOptimizer::calculateTotalIncrements...'
moveit,../repos/moveit/moveit_planners/chomp/chomp_motion_planner/src/chomp_optimizer.cpp,"(688, 1)-(706, 2)",b'void ChompOptimizer::addIncrementsToTrajector...'
moveit,../repos/moveit/moveit_planners/chomp/chomp_motion_planner/src/chomp_planner.cpp,"(46, 1)-(280, 2)",b'bool ChompPlanner::solve(const planning_scene...'
moveit,../repos/moveit/moveit_planners/chomp/chomp_optimizer_adapter/src/chomp_optimizer_adapter.cpp,"(65, 3)-(170, 4)",b'void initialize(const ros::NodeHandle& nh) ov...'
moveit,../repos/moveit/moveit_planners/chomp/chomp_optimizer_adapter/src/chomp_optimizer_adapter.cpp,"(172, 3)-(175, 4)",b'std::string getDescription() const override\n ...'
moveit,../repos/moveit/moveit_planners/chomp/chomp_optimizer_adapter/src/chomp_optimizer_adapter.cpp,"(177, 3)-(209, 4)","b'bool adaptAndPlan(const PlannerFn& planner, c...'"
moveit,../repos/moveit/moveit_planners/chomp/chomp_interface/src/chomp_plugin.cpp,"(54, 3)-(65, 4)",b'bool initialize(const moveit::core::RobotMode...'
moveit,../repos/moveit/moveit_planners/chomp/chomp_interface/src/chomp_plugin.cpp,"(67, 3)-(97, 4)",b'planning_interface::PlanningContextPtr getPla...'
moveit,../repos/moveit/moveit_planners/chomp/chomp_interface/src/chomp_plugin.cpp,"(99, 3)-(104, 4)",b'bool canServiceRequest(const planning_interfa...'
moveit,../repos/moveit/moveit_planners/chomp/chomp_interface/src/chomp_plugin.cpp,"(106, 3)-(109, 4)",b'std::string getDescription() const override\n ...'
moveit,../repos/moveit/moveit_planners/chomp/chomp_interface/src/chomp_plugin.cpp,"(111, 3)-(115, 4)",b'void getPlanningAlgorithms(std::vector<std::s...'
moveit,../repos/moveit/moveit_planners/chomp/chomp_interface/include/chomp_interface/chomp_planning_context.h,"(58, 3)-(58, 46)",b'~CHOMPPlanningContext() override = default;'
moveit,../repos/moveit/moveit_planners/pilz_industrial_motion_planner/include/pilz_industrial_motion_planner/trajectory_blender_transition_window.h,"(60, 3)-(62, 4)",b'~TrajectoryBlenderTransitionWindow() override...'
moveit,../repos/moveit/moveit_planners/pilz_industrial_motion_planner/include/pilz_industrial_motion_planner/path_circle_generator.h,"(91, 3)-(95, 4)",b'const char* Description() const override\n  {\n...'
moveit,../repos/moveit/moveit_planners/pilz_industrial_motion_planner/include/pilz_industrial_motion_planner/path_circle_generator.h,"(96, 3)-(99, 4)",b'int GetType() const override\n  {\n    return E...'
moveit,../repos/moveit/moveit_planners/pilz_industrial_motion_planner/include/pilz_industrial_motion_planner/trajectory_generation_exceptions.h,"(55, 3)-(55, 50)",b'~MoveItErrorCodeException() override = default;'
moveit,../repos/moveit/moveit_planners/pilz_industrial_motion_planner/include/pilz_industrial_motion_planner/pilz_industrial_motion_planner.h,"(63, 3)-(65, 4)",b'~CommandPlanner() override\n  {\n  }'
moveit,../repos/moveit/moveit_planners/pilz_industrial_motion_planner/include/pilz_industrial_motion_planner/planning_context_base.h,"(70, 3)-(72, 4)",b'~PlanningContextBase() override\n  {\n  }'
moveit,../repos/moveit/moveit_planners/pilz_industrial_motion_planner/test/unittest_planning_context.cpp,"(95, 3)-(125, 4)",b'void SetUp() override\n  {\n    ASSERT_FALSE(ro...'
moveit,../repos/moveit/moveit_planners/pilz_industrial_motion_planner/test/unittest_pilz_industrial_motion_planner_direct.cpp,"(84, 1)-(115, 2)","b'TEST(CommandPlannerTestDirect, FailOnLoadCont...'"
moveit,../repos/moveit/moveit_planners/pilz_industrial_motion_planner/test/unittest_pilz_industrial_motion_planner_direct.cpp,"(92, 5)-(95, 6)",b'std::string getAlgorithm() const override\n   ...'
moveit,../repos/moveit/moveit_planners/pilz_industrial_motion_planner/test/unittest_pilz_industrial_motion_planner_direct.cpp,"(97, 5)-(102, 6)",b'bool loadContext(planning_interface::Planning...'
moveit,../repos/moveit/moveit_planners/pilz_industrial_motion_planner/test/unittest_planning_context_loaders.cpp,"(61, 3)-(88, 4)",b'void SetUp() override\n  {\n    ASSERT_FALSE(ro...'
moveit,../repos/moveit/moveit_planners/pilz_industrial_motion_planner/test/unittest_planning_context_loaders.cpp,"(90, 3)-(96, 4)",b'void TearDown() override\n  {\n    if (planning...'
moveit,../repos/moveit/moveit_planners/pilz_industrial_motion_planner/test/unittest_joint_limits_container.cpp,"(45, 3)-(95, 4)",b'void SetUp() override\n  {\n    JointLimit lim1...'
moveit,../repos/moveit/moveit_planners/pilz_industrial_motion_planner/test/unittest_joint_limits_aggregator.cpp,"(50, 3)-(60, 4)",b'void SetUp() override\n  {\n    ros::NodeHandle...'
moveit,../repos/moveit/moveit_planners/pilz_industrial_motion_planner/test/unittest_trajectory_generator_common.cpp,"(100, 3)-(142, 4)",b'void SetUp() override\n  {\n    ASSERT_TRUE(ph_...'
moveit,../repos/moveit/moveit_planners/pilz_industrial_motion_planner/test/unittest_pilz_industrial_motion_planner.cpp,"(51, 3)-(54, 4)",b'void SetUp() override\n  {\n    createPlannerIn...'
moveit,../repos/moveit/moveit_planners/pilz_industrial_motion_planner/test/unittest_pilz_industrial_motion_planner.cpp,"(99, 3)-(102, 4)",b'void TearDown() override\n  {\n    planner_plug...'
moveit,../repos/moveit/moveit_planners/ompl/ompl_interface/src/detail/constraints_library.cpp,"(95, 3)-(98, 4)",b'void sampleUniform(ob::State* state) override...'
moveit,../repos/moveit/moveit_planners/ompl/ompl_interface/src/detail/constraints_library.cpp,"(100, 3)-(134, 4)","b'void sampleUniformNear(ob::State* state, cons...'"
moveit,../repos/moveit/moveit_planners/ompl/ompl_interface/src/detail/constraints_library.cpp,"(136, 3)-(139, 4)","b'void sampleGaussian(ob::State* state, const o...'"
moveit,../repos/moveit/moveit_planners/ompl/ompl_interface/src/ompl_planner_manager.cpp,"(72, 3)-(105, 4)",b'OMPLPlannerManager() : planning_interface::Pl...'
moveit,../repos/moveit/moveit_planners/ompl/ompl_interface/src/ompl_planner_manager.cpp,"(77, 7)-(100, 8)","b'void log(const std::string& text, ompl::msg::...'"
moveit,../repos/moveit/moveit_planners/ompl/ompl_interface/src/ompl_planner_manager.cpp,"(107, 3)-(119, 4)",b'bool initialize(const moveit::core::RobotMode...'
moveit,../repos/moveit/moveit_planners/ompl/ompl_interface/src/ompl_planner_manager.cpp,"(121, 3)-(124, 4)",b'bool canServiceRequest(const moveit_msgs::Mot...'
moveit,../repos/moveit/moveit_planners/ompl/ompl_interface/src/ompl_planner_manager.cpp,"(126, 3)-(129, 4)",b'std::string getDescription() const override\n ...'
moveit,../repos/moveit/moveit_planners/ompl/ompl_interface/src/ompl_planner_manager.cpp,"(131, 3)-(138, 4)",b'void getPlanningAlgorithms(std::vector<std::s...'
moveit,../repos/moveit/moveit_planners/ompl/ompl_interface/src/ompl_planner_manager.cpp,"(140, 3)-(146, 4)",b'void setPlannerConfigurations(const planning_...'
moveit,../repos/moveit/moveit_planners/ompl/ompl_interface/src/ompl_planner_manager.cpp,"(148, 3)-(153, 4)",b'planning_interface::PlanningContextPtr getPla...'
moveit,../repos/moveit/moveit_planners/ompl/ompl_interface/src/model_based_planning_context.cpp,"(256, 1)-(386, 2)",b'void ompl_interface::ModelBasedPlanningContex...'
moveit,../repos/moveit/moveit_planners/ompl/ompl_interface/src/parameterization/model_based_state_space.cpp,"(251, 1)-(288, 2)",b'ompl::base::StateSamplerPtr ompl_interface::M...'
moveit,../repos/moveit/moveit_planners/ompl/ompl_interface/src/parameterization/model_based_state_space.cpp,"(262, 5)-(266, 6)",b'void sampleUniform(ompl::base::State* state) ...'
moveit,../repos/moveit/moveit_planners/ompl/ompl_interface/src/parameterization/model_based_state_space.cpp,"(268, 5)-(273, 6)",b'void sampleUniformNear(ompl::base::State* sta...'
moveit,../repos/moveit/moveit_planners/ompl/ompl_interface/src/parameterization/model_based_state_space.cpp,"(275, 5)-(278, 6)","b'void sampleGaussian(ompl::base::State* state,...'"
moveit,../repos/moveit/moveit_planners/ompl/ompl_interface/src/parameterization/work_space/pose_model_state_space.cpp,"(302, 1)-(343, 2)",b'ompl::base::StateSamplerPtr ompl_interface::P...'
moveit,../repos/moveit/moveit_planners/ompl/ompl_interface/src/parameterization/work_space/pose_model_state_space.cpp,"(312, 5)-(316, 6)",b'void sampleUniform(ompl::base::State* state) ...'
moveit,../repos/moveit/moveit_planners/ompl/ompl_interface/src/parameterization/work_space/pose_model_state_space.cpp,"(318, 5)-(322, 6)",b'void sampleUniformNear(ompl::base::State* sta...'
moveit,../repos/moveit/moveit_planners/ompl/ompl_interface/src/parameterization/work_space/pose_model_state_space.cpp,"(324, 5)-(328, 6)","b'void sampleGaussian(ompl::base::State* state,...'"
moveit,../repos/moveit/moveit_planners/ompl/ompl_interface/include/moveit/ompl_interface/detail/goal_union.h,"(49, 3)-(51, 4)",b'~GoalSampleableRegionMux() override\n  {\n  }'
moveit,../repos/moveit/moveit_planners/ompl/ompl_interface/include/moveit/ompl_interface/detail/state_validity_checker.h,"(53, 3)-(56, 4)",b'bool isValid(const ompl::base::State* state) ...'
moveit,../repos/moveit/moveit_planners/ompl/ompl_interface/include/moveit/ompl_interface/detail/state_validity_checker.h,"(58, 3)-(61, 4)","b'bool isValid(const ompl::base::State* state, ...'"
moveit,../repos/moveit/moveit_planners/ompl/ompl_interface/include/moveit/ompl_interface/detail/state_validity_checker.h,"(63, 3)-(67, 4)","b'bool isValid(const ompl::base::State* state, ...'"
moveit,../repos/moveit/moveit_planners/ompl/ompl_interface/include/moveit/ompl_interface/parameterization/work_space/pose_model_state_space.h,"(113, 3)-(116, 4)",b'const std::string& getParameterizationType() ...'
moveit,../repos/moveit/moveit_planners/ompl/ompl_interface/include/moveit/ompl_interface/parameterization/joint_space/joint_model_state_space.h,"(50, 3)-(53, 4)",b'const std::string& getParameterizationType() ...'
moveit,../repos/moveit/moveit_planners/ompl/ompl_interface/include/moveit/ompl_interface/model_based_planning_context.h,"(78, 3)-(80, 4)",b'~ModelBasedPlanningContext() override\n  {\n  }'
moveit,../repos/moveit/moveit_planners/ompl/ompl_interface/test/test_state_validity_checker.cpp,"(198, 3)-(203, 4)",b'void SetUp() override\n  {\n    // setup all th...'
moveit,../repos/moveit/moveit_planners/ompl/ompl_interface/test/test_state_space.cpp,"(57, 3)-(60, 4)",b'void SetUp() override\n  {\n    robot_model_ = ...'
moveit,../repos/moveit/moveit_planners/ompl/ompl_interface/test/test_state_space.cpp,"(62, 3)-(64, 4)",b'void TearDown() override\n  {\n  }'
moveit,../repos/moveit/moveit_planners/ompl/ompl_interface/test/test_planning_context_manager.cpp,"(212, 3)-(217, 4)",b'void SetUp() override\n  {\n    // create all t...'
moveit,../repos/moveit/moveit_planners/ompl/ompl_interface/test/test_planning_context_manager.cpp,"(219, 3)-(221, 4)",b'void TearDown() override\n  {\n  }'
moveit,../repos/moveit/moveit_planners/pilz_industrial_motion_planner_testutils/src/xml_testdata_loader.cpp,"(129, 3)-(132, 4)",b'CmdVariant getCmd(const std::string& cmd_name...'
moveit,../repos/moveit/moveit_ros/robot_interaction/include/moveit/robot_interaction/interaction_handler.h,"(95, 3)-(97, 4)",b'~InteractionHandler() override\n  {\n  }'
moveit,../repos/moveit/moveit_ros/robot_interaction/test/locked_robot_state_test.cpp,"(263, 3)-(266, 4)",b'void robotStateChanged() override\n  {\n    cnt...'
moveit,../repos/moveit/moveit_ros/planning/moveit_cpp/test/moveit_cpp_test.cpp,"(56, 3)-(79, 4)",b'void SetUp() override\n  {\n    nh_ = ros::Node...'
moveit,../repos/moveit/moveit_ros/planning/planning_scene_monitor/test/current_state_monitor_test.cpp,"(55, 3)-(93, 4)",b'void SetUp() override\n  {\n    robot_model_ptr...'
moveit,../repos/moveit/moveit_ros/planning/planning_scene_monitor/test/current_state_monitor_test.cpp,"(95, 3)-(98, 4)",b'void TearDown() override\n  {\n    joint_state_...'
moveit,../repos/moveit/moveit_ros/planning/trajectory_execution_manager/src/trajectory_execution_manager.cpp,"(1102, 1)-(1314, 2)",b'bool TrajectoryExecutionManager::executePart(...'
moveit,../repos/moveit/moveit_ros/planning/trajectory_execution_manager/test/test_execution_manager.cpp,"(56, 3)-(72, 4)",b'void SetUp() override\n  {\n    nh_ = ros::Node...'
moveit,../repos/moveit/moveit_ros/planning/trajectory_execution_manager/test/test_moveit_controller_manager.h,"(50, 3)-(53, 4)",b'bool sendTrajectory(const moveit_msgs::RobotT...'
moveit,../repos/moveit/moveit_ros/planning/trajectory_execution_manager/test/test_moveit_controller_manager.h,"(55, 3)-(58, 4)",b'bool cancelExecution() override\n  {\n    retur...'
moveit,../repos/moveit/moveit_ros/planning/trajectory_execution_manager/test/test_moveit_controller_manager.h,"(60, 3)-(64, 4)",b'bool waitForExecution(const ros::Duration& ti...'
moveit,../repos/moveit/moveit_ros/planning/trajectory_execution_manager/test/test_moveit_controller_manager.h,"(66, 3)-(69, 4)",b'moveit_controller_manager::ExecutionStatus ge...'
moveit,../repos/moveit/moveit_ros/planning/trajectory_execution_manager/test/test_moveit_controller_manager.h,"(109, 3)-(112, 4)",b'moveit_controller_manager::MoveItControllerHa...'
moveit,../repos/moveit/moveit_ros/planning/trajectory_execution_manager/test/test_moveit_controller_manager.h,"(114, 3)-(119, 4)",b'void getControllersList(std::vector<std::stri...'
moveit,../repos/moveit/moveit_ros/planning/trajectory_execution_manager/test/test_moveit_controller_manager.h,"(121, 3)-(127, 4)",b'void getActiveControllers(std::vector<std::st...'
moveit,../repos/moveit/moveit_ros/planning/trajectory_execution_manager/test/test_moveit_controller_manager.h,"(129, 3)-(132, 4)",b'void getControllerJoints(const std::string& n...'
moveit,../repos/moveit/moveit_ros/planning/trajectory_execution_manager/test/test_moveit_controller_manager.h,"(134, 3)-(141, 4)",b'moveit_controller_manager::MoveItControllerMa...'
moveit,../repos/moveit/moveit_ros/planning/trajectory_execution_manager/test/test_moveit_controller_manager.h,"(143, 3)-(156, 4)",b'bool switchControllers(const std::vector<std:...'
moveit,../repos/moveit/moveit_ros/planning/planning_request_adapter_plugins/src/fix_start_state_collision.cpp,"(56, 3)-(88, 4)",b'void initialize(const ros::NodeHandle& nh) ov...'
moveit,../repos/moveit/moveit_ros/planning/planning_request_adapter_plugins/src/fix_start_state_collision.cpp,"(90, 3)-(93, 4)",b'std::string getDescription() const override\n ...'
moveit,../repos/moveit/moveit_ros/planning/planning_request_adapter_plugins/src/fix_start_state_collision.cpp,"(95, 3)-(187, 4)","b'bool adaptAndPlan(const PlannerFn& planner, c...'"
moveit,../repos/moveit/moveit_ros/planning/planning_request_adapter_plugins/src/fix_start_state_path_constraints.cpp,"(53, 3)-(55, 4)",b'void initialize(const ros::NodeHandle& /*nh*/...'
moveit,../repos/moveit/moveit_ros/planning/planning_request_adapter_plugins/src/fix_start_state_path_constraints.cpp,"(57, 3)-(60, 4)",b'std::string getDescription() const override\n ...'
moveit,../repos/moveit/moveit_ros/planning/planning_request_adapter_plugins/src/fix_start_state_path_constraints.cpp,"(62, 3)-(133, 4)","b'bool adaptAndPlan(const PlannerFn& planner, c...'"
moveit,../repos/moveit/moveit_ros/planning/planning_request_adapter_plugins/src/add_ruckig_traj_smoothing.cpp,"(54, 3)-(56, 4)",b'void initialize(const ros::NodeHandle& /*node...'
moveit,../repos/moveit/moveit_ros/planning/planning_request_adapter_plugins/src/add_ruckig_traj_smoothing.cpp,"(58, 3)-(61, 4)",b'std::string getDescription() const override\n ...'
moveit,../repos/moveit/moveit_ros/planning/planning_request_adapter_plugins/src/add_ruckig_traj_smoothing.cpp,"(63, 3)-(79, 4)","b'bool adaptAndPlan(const PlannerFn& planner, c...'"
moveit,../repos/moveit/moveit_ros/planning/planning_request_adapter_plugins/src/fix_workspace_bounds.cpp,"(52, 3)-(62, 4)",b'void initialize(const ros::NodeHandle& nh) ov...'
moveit,../repos/moveit/moveit_ros/planning/planning_request_adapter_plugins/src/fix_workspace_bounds.cpp,"(64, 3)-(67, 4)",b'std::string getDescription() const override\n ...'
moveit,../repos/moveit/moveit_ros/planning/planning_request_adapter_plugins/src/fix_workspace_bounds.cpp,"(69, 3)-(88, 4)","b'bool adaptAndPlan(const PlannerFn& planner, c...'"
moveit,../repos/moveit/moveit_ros/planning/planning_request_adapter_plugins/src/empty.cpp,"(45, 3)-(48, 4)",b'std::string getDescription() const override\n ...'
moveit,../repos/moveit/moveit_ros/planning/planning_request_adapter_plugins/src/empty.cpp,"(50, 3)-(55, 4)","b'bool adaptAndPlan(const PlannerFn& planner, c...'"
moveit,../repos/moveit/moveit_ros/planning/planning_request_adapter_plugins/src/empty.cpp,"(57, 3)-(59, 4)",b'void initialize(const ros::NodeHandle& /*nh*/...'
moveit,../repos/moveit/moveit_ros/planning/planning_request_adapter_plugins/src/add_iterative_spline_parameterization.cpp,"(52, 3)-(54, 4)",b'void initialize(const ros::NodeHandle& /*nh*/...'
moveit,../repos/moveit/moveit_ros/planning/planning_request_adapter_plugins/src/add_iterative_spline_parameterization.cpp,"(56, 3)-(59, 4)",b'std::string getDescription() const override\n ...'
moveit,../repos/moveit/moveit_ros/planning/planning_request_adapter_plugins/src/add_iterative_spline_parameterization.cpp,"(61, 3)-(86, 4)","b'bool adaptAndPlan(const PlannerFn& planner, c...'"
moveit,../repos/moveit/moveit_ros/planning/planning_request_adapter_plugins/src/add_time_parameterization.cpp,"(51, 3)-(53, 4)",b'void initialize(const ros::NodeHandle& /*nh*/...'
moveit,../repos/moveit/moveit_ros/planning/planning_request_adapter_plugins/src/add_time_parameterization.cpp,"(55, 3)-(58, 4)",b'std::string getDescription() const override\n ...'
moveit,../repos/moveit/moveit_ros/planning/planning_request_adapter_plugins/src/add_time_parameterization.cpp,"(60, 3)-(77, 4)","b'bool adaptAndPlan(const PlannerFn& planner, c...'"
moveit,../repos/moveit/moveit_ros/planning/planning_request_adapter_plugins/src/add_time_optimal_parameterization.cpp,"(54, 3)-(56, 4)",b'void initialize(const ros::NodeHandle& /*nh*/...'
moveit,../repos/moveit/moveit_ros/planning/planning_request_adapter_plugins/src/add_time_optimal_parameterization.cpp,"(58, 3)-(61, 4)",b'std::string getDescription() const override\n ...'
moveit,../repos/moveit/moveit_ros/planning/planning_request_adapter_plugins/src/add_time_optimal_parameterization.cpp,"(63, 3)-(81, 4)","b'bool adaptAndPlan(const PlannerFn& planner, c...'"
moveit,../repos/moveit/moveit_ros/planning/planning_request_adapter_plugins/src/resolve_constraint_frames.cpp,"(51, 3)-(53, 4)",b'void initialize(const ros::NodeHandle& /*nh*/...'
moveit,../repos/moveit/moveit_ros/planning/planning_request_adapter_plugins/src/resolve_constraint_frames.cpp,"(55, 3)-(58, 4)",b'std::string getDescription() const override\n ...'
moveit,../repos/moveit/moveit_ros/planning/planning_request_adapter_plugins/src/resolve_constraint_frames.cpp,"(60, 3)-(70, 4)","b'bool adaptAndPlan(const PlannerFn& planner, c...'"
moveit,../repos/moveit/moveit_ros/planning/planning_request_adapter_plugins/src/fix_start_state_bounds.cpp,"(56, 3)-(73, 4)",b'void initialize(const ros::NodeHandle& nh) ov...'
moveit,../repos/moveit/moveit_ros/planning/planning_request_adapter_plugins/src/fix_start_state_bounds.cpp,"(75, 3)-(78, 4)",b'std::string getDescription() const override\n ...'
moveit,../repos/moveit/moveit_ros/planning/planning_request_adapter_plugins/src/fix_start_state_bounds.cpp,"(80, 3)-(205, 4)","b'bool adaptAndPlan(const PlannerFn& planner, c...'"
moveit,../repos/moveit/moveit_ros/planning/planning_request_adapter_plugins/src/limit_max_cartesian_link_speed.cpp,"(53, 3)-(55, 4)",b'void initialize(const ros::NodeHandle& /*nh*/...'
moveit,../repos/moveit/moveit_ros/planning/planning_request_adapter_plugins/src/limit_max_cartesian_link_speed.cpp,"(57, 3)-(60, 4)",b'std::string getDescription() const override\n ...'
moveit,../repos/moveit/moveit_ros/planning/planning_request_adapter_plugins/src/limit_max_cartesian_link_speed.cpp,"(62, 3)-(81, 4)","b'bool adaptAndPlan(const PlannerFn& planner, c...'"
moveit,../repos/moveit/moveit_ros/benchmarks/src/simple_benchmarks/CombinePredefinedPosesBenchmark.cpp,"(53, 3)-(122, 4)",b'bool loadBenchmarkQueryData(const BenchmarkOp...'
moveit,../repos/moveit/moveit_ros/benchmarks/src/BenchmarkExecutor.cpp,"(846, 1)-(942, 2)",b'void BenchmarkExecutor::collectMetrics(Planne...'
moveit,../repos/moveit/moveit_ros/benchmarks/src/BenchmarkExecutor.cpp,"(944, 1)-(987, 2)",b'void BenchmarkExecutor::computeAveragePathSim...'
moveit,../repos/moveit/moveit_ros/benchmarks/benchmarks/src/benchmark_execution.cpp,"(139, 1)-(499, 2)",b'void moveit_benchmarks::BenchmarkExecution::r...'
moveit,../repos/moveit/moveit_ros/benchmarks/benchmarks/src/benchmark_execution.cpp,"(501, 1)-(763, 2)",b'bool moveit_benchmarks::BenchmarkExecution::r...'
moveit,../repos/moveit/moveit_ros/planning_interface/test/move_group_pick_place_test.cpp,"(66, 3)-(77, 4)",b'void SetUp() override\n  {\n    nh_ = ros::Node...'
moveit,../repos/moveit/moveit_ros/planning_interface/test/move_group_interface_cpp_test.cpp,"(76, 3)-(100, 4)",b'void SetUp() override\n  {\n    nh_ = ros::Node...'
moveit,../repos/moveit/moveit_ros/perception/mesh_filter/include/moveit/mesh_filter/filter_job.h,"(127, 3)-(135, 4)",b'void execute() override\n  {\n    std::unique_l...'
moveit,../repos/moveit/moveit_ros/moveit_servo/test/basic_servo_tests.cpp,"(59, 3)-(79, 4)",b'void SetUp() override\n  {\n    // Wait for sev...'
moveit,../repos/moveit/moveit_ros/moveit_servo/test/basic_servo_tests.cpp,"(80, 3)-(82, 4)",b'void TearDown() override\n  {\n  }'
moveit,../repos/moveit/moveit_ros/moveit_servo/test/pose_tracking_test.cpp,"(63, 3)-(87, 4)",b'void SetUp() override\n  {\n    // Wait for sev...'
moveit,../repos/moveit/moveit_ros/moveit_servo/test/pose_tracking_test.cpp,"(88, 3)-(90, 4)",b'void TearDown() override\n  {\n  }'
moveit,../repos/moveit/moveit_ros/moveit_servo/test/servo_cpp_interface_test.cpp,"(60, 3)-(80, 4)",b'void SetUp() override\n  {\n    // Wait for sev...'
moveit,../repos/moveit/moveit_ros/moveit_servo/test/servo_cpp_interface_test.cpp,"(81, 3)-(83, 4)",b'void TearDown() override\n  {\n  }'
moveit,../repos/moveit/moveit_ros/visualization/motion_planning_rviz_plugin/src/motion_planning_display.cpp,"(1123, 1)-(1138, 2)",b'void MotionPlanningDisplay::clearRobotModel()...'
moveit,../repos/moveit/moveit_ros/visualization/motion_planning_rviz_plugin/include/moveit/motion_planning_rviz_plugin/motion_planning_frame.h,"(339, 1)-(376, 2)",b'void MotionPlanningFrame::waitForAction(const...'
moveit,../repos/moveit/moveit_kinematics/kdl_kinematics_plugin/include/moveit/kdl_kinematics_plugin/chainiksolver_vel_mimic_svd.hpp,"(76, 3)-(80, 4)","b'int CartToJnt(const JntArray& q_in, const Twi...'"
moveit,../repos/moveit/moveit_kinematics/kdl_kinematics_plugin/include/moveit/kdl_kinematics_plugin/chainiksolver_vel_mimic_svd.hpp,"(91, 3)-(94, 4)","b'int CartToJnt(const JntArray& /*q_init*/, con...'"
moveit,../repos/moveit/moveit_kinematics/cached_ik_kinematics_plugin/include/moveit/cached_ik_kinematics_plugin/detail/NearestNeighborsGNAT.h,"(112, 3)-(116, 4)",b'~NearestNeighborsGNAT() override\n  {\n    if (...'
moveit,../repos/moveit/moveit_kinematics/cached_ik_kinematics_plugin/include/moveit/cached_ik_kinematics_plugin/detail/NearestNeighborsGNAT.h,"(118, 3)-(124, 4)",b'void setDistanceFunction(const typename Neare...'
moveit,../repos/moveit/moveit_kinematics/cached_ik_kinematics_plugin/include/moveit/cached_ik_kinematics_plugin/detail/NearestNeighborsGNAT.h,"(126, 3)-(137, 4)",b'void clear() override\n  {\n    if (tree_)\n    ...'
moveit,../repos/moveit/moveit_kinematics/cached_ik_kinematics_plugin/include/moveit/cached_ik_kinematics_plugin/detail/NearestNeighborsGNAT.h,"(139, 3)-(142, 4)",b'bool reportsSortedResults() const override\n  ...'
moveit,../repos/moveit/moveit_kinematics/cached_ik_kinematics_plugin/include/moveit/cached_ik_kinematics_plugin/detail/NearestNeighborsGNAT.h,"(144, 3)-(157, 4)",b'void add(const _T& data) override\n  {\n    if ...'
moveit,../repos/moveit/moveit_kinematics/cached_ik_kinematics_plugin/include/moveit/cached_ik_kinematics_plugin/detail/NearestNeighborsGNAT.h,"(158, 3)-(171, 4)",b'void add(const std::vector<_T>& data) overrid...'
moveit,../repos/moveit/moveit_kinematics/cached_ik_kinematics_plugin/include/moveit/cached_ik_kinematics_plugin/detail/NearestNeighborsGNAT.h,"(185, 3)-(202, 4)",b'bool remove(const _T& data) override\n  {\n    ...'
moveit,../repos/moveit/moveit_kinematics/cached_ik_kinematics_plugin/include/moveit/cached_ik_kinematics_plugin/detail/NearestNeighborsGNAT.h,"(204, 3)-(214, 4)",b'_T nearest(const _T& data) const override\n  {...'
moveit,../repos/moveit/moveit_kinematics/cached_ik_kinematics_plugin/include/moveit/cached_ik_kinematics_plugin/detail/NearestNeighborsGNAT.h,"(217, 3)-(228, 4)","b'void nearestK(const _T& data, std::size_t k, ...'"
moveit,../repos/moveit/moveit_kinematics/cached_ik_kinematics_plugin/include/moveit/cached_ik_kinematics_plugin/detail/NearestNeighborsGNAT.h,"(231, 3)-(240, 4)","b'void nearestR(const _T& data, double radius, ...'"
moveit,../repos/moveit/moveit_kinematics/cached_ik_kinematics_plugin/include/moveit/cached_ik_kinematics_plugin/detail/NearestNeighborsGNAT.h,"(242, 3)-(245, 4)",b'std::size_t size() const override\n  {\n    ret...'
moveit,../repos/moveit/moveit_kinematics/cached_ik_kinematics_plugin/include/moveit/cached_ik_kinematics_plugin/detail/NearestNeighborsGNAT.h,"(247, 3)-(253, 4)",b'void list(std::vector<_T>& data) const overri...'
moveit,../repos/moveit/moveit_kinematics/cached_ik_kinematics_plugin/include/moveit/cached_ik_kinematics_plugin/cached_ik_kinematics_plugin.h,"(223, 3)-(228, 4)",b'bool initialize(const moveit::core::RobotMode...'
moveit,../repos/moveit/moveit_kinematics/cached_ik_kinematics_plugin/include/moveit/cached_ik_kinematics_plugin/cached_ik_kinematics_plugin.h,"(230, 3)-(234, 4)",b'bool initialize(const std::string& robot_desc...'
moveit,../repos/moveit/moveit_kinematics/ikfast_kinematics_plugin/templates/ikfast61_moveit_plugin_template.cpp,"(186, 3)-(189, 4)",b'const std::vector<std::string>& getJointNames...'
moveit,../repos/moveit/moveit_kinematics/ikfast_kinematics_plugin/templates/ikfast61_moveit_plugin_template.cpp,"(190, 3)-(193, 4)",b'const std::vector<std::string>& getLinkNames(...'
moveit,../repos/moveit/moveit_kinematics/test/test_kinematics_plugin.cpp,"(178, 3)-(203, 4)",b'void SetUp() override\n  {\n    *this = SharedD...'
moveit,../repos/moveit/moveit_core/collision_detection/src/collision_matrix.cpp,"(54, 1)-(65, 2)",b'AllowedCollisionMatrix::AllowedCollisionMatri...'
moveit,../repos/moveit/moveit_core/collision_detection/include/moveit/collision_detection/test_collision_common_pr2.h,"(63, 3)-(73, 4)",b'void SetUp() override\n  {\n    value_ = std::m...'
moveit,../repos/moveit/moveit_core/collision_detection/include/moveit/collision_detection/test_collision_common_pr2.h,"(75, 3)-(77, 4)",b'void TearDown() override\n  {\n  }'
moveit,../repos/moveit/moveit_core/collision_detection/include/moveit/collision_detection/test_collision_common_panda.h,"(75, 3)-(87, 4)",b'void SetUp() override\n  {\n    value_ = std::m...'
moveit,../repos/moveit/moveit_core/collision_detection/include/moveit/collision_detection/test_collision_common_panda.h,"(89, 3)-(91, 4)",b'void TearDown() override\n  {\n  }'
moveit,../repos/moveit/moveit_core/collision_detection/include/moveit/collision_detection/collision_detector_allocator.h,"(75, 3)-(78, 4)",b'CollisionEnvPtr allocateEnv(const WorldPtr& w...'
moveit,../repos/moveit/moveit_core/collision_detection/include/moveit/collision_detection/collision_detector_allocator.h,"(80, 3)-(83, 4)",b'CollisionEnvPtr allocateEnv(const CollisionEn...'
moveit,../repos/moveit/moveit_core/collision_detection/include/moveit/collision_detection/collision_detector_allocator.h,"(85, 3)-(88, 4)",b'CollisionEnvPtr allocateEnv(const moveit::cor...'
moveit,../repos/moveit/moveit_core/constraint_samplers/include/moveit/constraint_samplers/default_constraint_samplers.h,"(153, 3)-(157, 4)",b'const std::string& getName() const override\n ...'
moveit,../repos/moveit/moveit_core/constraint_samplers/include/moveit/constraint_samplers/default_constraint_samplers.h,"(484, 3)-(488, 4)",b'const std::string& getName() const override\n ...'
moveit,../repos/moveit/moveit_core/constraint_samplers/include/moveit/constraint_samplers/union_constraint_sampler.h,"(119, 3)-(123, 4)",b'bool configure(const moveit_msgs::Constraints...'
moveit,../repos/moveit/moveit_core/constraint_samplers/include/moveit/constraint_samplers/union_constraint_sampler.h,"(161, 3)-(165, 4)",b'const std::string& getName() const override\n ...'
moveit,../repos/moveit/moveit_core/constraint_samplers/test/pr2_arm_kinematics_plugin.h,"(84, 3)-(84, 31)",b'~PR2ArmIKSolver() override{}'
moveit,../repos/moveit/moveit_core/constraint_samplers/test/test_constraint_samplers.cpp,"(74, 3)-(98, 4)",b'void SetUp() override\n  {\n    robot_model_ = ...'
moveit,../repos/moveit/moveit_core/constraint_samplers/test/test_constraint_samplers.cpp,"(100, 3)-(102, 4)",b'void TearDown() override\n  {\n  }'
moveit,../repos/moveit/moveit_core/robot_state/test/test_kinematic_complex.cpp,"(55, 3)-(61, 4)",b'void SetUp() override\n  {\n    std::string rob...'
moveit,../repos/moveit/moveit_core/robot_state/test/test_kinematic_complex.cpp,"(63, 3)-(65, 4)",b'void TearDown() override\n  {\n  }'
moveit,../repos/moveit/moveit_core/robot_state/test/test_cartesian_interpolator.cpp,"(48, 3)-(55, 4)",b'void SetUp() override\n  {\n    RobotModelBuild...'
moveit,../repos/moveit/moveit_core/robot_state/test/test_cartesian_interpolator.cpp,"(57, 3)-(59, 4)",b'void TearDown() override\n  {\n  }'
moveit,../repos/moveit/moveit_core/robot_state/test/test_cartesian_interpolator.cpp,"(228, 3)-(236, 4)",b'void SetUp() override\n  {\n#ifdef _OLD_GTEST\n ...'
moveit,../repos/moveit/moveit_core/robot_state/test/test_cartesian_interpolator.cpp,"(239, 3)-(242, 4)",b'void TearDown() override\n  {\n    TearDownTest...'
moveit,../repos/moveit/moveit_core/robot_state/test/test_planar_joint_jacobian.cpp,"(48, 3)-(55, 4)",b'void SetUp() override\n  {\n    RobotModelBuild...'
moveit,../repos/moveit/moveit_core/robot_state/test/test_planar_joint_jacobian.cpp,"(57, 3)-(59, 4)",b'void TearDown() override\n  {\n  }'
moveit,../repos/moveit/moveit_core/robot_state/test/robot_state_test.cpp,"(235, 3)-(422, 4)",b'void SetUp() override\n  {\n    static const st...'
moveit,../repos/moveit/moveit_core/robot_state/test/robot_state_test.cpp,"(424, 3)-(426, 4)",b'void TearDown() override\n  {\n  }'
moveit,../repos/moveit/moveit_core/robot_state/test/test_aabb.cpp,"(79, 3)-(81, 4)",b'void TearDown() override\n  {\n  }'
moveit,../repos/moveit/moveit_core/robot_state/test/robot_state_benchmark.cpp,"(75, 3)-(82, 4)",b'void SetUp() override\n  {\n    Eigen::Isometry...'
moveit,../repos/moveit/moveit_core/robot_state/test/robot_state_benchmark.cpp,"(84, 3)-(86, 4)",b'void TearDown() override\n  {\n  }'
moveit,../repos/moveit/moveit_core/kinematic_constraints/test/test_orientation_constraints.cpp,"(49, 3)-(59, 4)",b'void SetUp() override\n  {\n    moveit::core::R...'
moveit,../repos/moveit/moveit_core/kinematic_constraints/test/test_orientation_constraints.cpp,"(70, 3)-(72, 4)",b'void TearDown() override\n  {\n  }'
moveit,../repos/moveit/moveit_core/kinematic_constraints/test/test_orientation_constraints.cpp,"(96, 3)-(120, 4)",b'void SetUp() override\n  {\n    // create robot...'
moveit,../repos/moveit/moveit_core/kinematic_constraints/test/test_orientation_constraints.cpp,"(122, 3)-(124, 4)",b'void TearDown() override\n  {\n  }'
moveit,../repos/moveit/moveit_core/kinematic_constraints/test/test_constraints.cpp,"(48, 3)-(51, 4)",b'void SetUp() override\n  {\n    robot_model_ = ...'
moveit,../repos/moveit/moveit_core/kinematic_constraints/test/test_constraints.cpp,"(53, 3)-(55, 4)",b'void TearDown() override\n  {\n  }'
moveit,../repos/moveit/moveit_core/distance_field/include/moveit/distance_field/propagation_distance_field.h,"(222, 3)-(224, 4)",b'~PropagationDistanceField() override\n  {\n  }'
moveit,../repos/moveit/moveit_core/distance_field/include/moveit/distance_field/propagation_distance_field.h,"(372, 3)-(375, 4)",b'double getUninitializedDistance() const overr...'
moveit,../repos/moveit/moveit_core/robot_model/src/planar_joint_model.cpp,"(144, 1)-(178, 2)",b'void computeTurnDriveTurnGeometry(const doubl...'
moveit,../repos/moveit/moveit_core/robot_model/src/planar_joint_model.cpp,"(180, 1)-(264, 2)",b'void PlanarJointModel::interpolate(const doub...'
moveit,../repos/moveit/moveit_core/robot_model/src/planar_joint_model.cpp,"(266, 1)-(285, 2)",b'double PlanarJointModel::distance(const doubl...'
moveit,../repos/moveit/moveit_core/robot_model/test/test.cpp,"(48, 3)-(51, 4)",b'void SetUp() override\n  {\n    robot_model_ = ...'
moveit,../repos/moveit/moveit_core/robot_model/test/test.cpp,"(53, 3)-(55, 4)",b'void TearDown() override\n  {\n  }'
moveit,../repos/moveit/moveit_core/planning_request_adapter/test/test_planning_request_adapter_chain.cpp,"(44, 3)-(46, 4)",b'void initialize(ros::NodeHandle const& /*node...'
moveit,../repos/moveit/moveit_core/planning_request_adapter/test/test_planning_request_adapter_chain.cpp,"(47, 3)-(58, 4)","b'bool adaptAndPlan(PlannerFn const& planner, p...'"
moveit,../repos/moveit/moveit_core/planning_request_adapter/test/test_planning_request_adapter_chain.cpp,"(64, 3)-(66, 4)",b'void initialize(ros::NodeHandle const& /*node...'
moveit,../repos/moveit/moveit_core/planning_request_adapter/test/test_planning_request_adapter_chain.cpp,"(67, 3)-(78, 4)","b'bool adaptAndPlan(PlannerFn const& planner, p...'"
moveit,../repos/moveit/moveit_core/planning_request_adapter/test/test_planning_request_adapter_chain.cpp,"(88, 3)-(94, 4)",b'planning_interface::PlanningContextPtr\n  getP...'
moveit,../repos/moveit/moveit_core/planning_request_adapter/test/test_planning_request_adapter_chain.cpp,"(96, 3)-(99, 4)",b'bool canServiceRequest(planning_interface::Mo...'
moveit,../repos/moveit/moveit_core/planning_request_adapter/test/test_planning_request_adapter_chain.cpp,"(115, 3)-(122, 4)",b'bool solve(planning_interface::MotionPlanResp...'
moveit,../repos/moveit/moveit_core/planning_request_adapter/test/test_planning_request_adapter_chain.cpp,"(124, 3)-(131, 4)",b'bool solve(planning_interface::MotionPlanDeta...'
moveit,../repos/moveit/moveit_core/planning_request_adapter/test/test_planning_request_adapter_chain.cpp,"(133, 3)-(136, 4)",b'bool terminate() override\n  {\n    return true;\n  }'
moveit,../repos/moveit/moveit_core/planning_request_adapter/test/test_planning_request_adapter_chain.cpp,"(138, 3)-(140, 4)",b'void clear() override\n  {\n  }'
moveit,../repos/moveit/moveit_core/planning_request_adapter/test/test_planning_request_adapter_chain.cpp,"(149, 3)-(156, 4)",b'void SetUp() override\n  {\n    robot_model_ = ...'
moveit,../repos/moveit/moveit_core/trajectory_processing/src/ruckig_traj_smoothing.cpp,"(147, 1)-(207, 2)",b'std::optional<robot_trajectory::RobotTrajecto...'
moveit,../repos/moveit/moveit_core/trajectory_processing/src/time_optimal_trajectory_generation.cpp,"(62, 3)-(67, 4)",b'Eigen::VectorXd getConfig(double s) const ove...'
moveit,../repos/moveit/moveit_core/trajectory_processing/src/time_optimal_trajectory_generation.cpp,"(69, 3)-(72, 4)",b'Eigen::VectorXd getTangent(double /* s */) co...'
moveit,../repos/moveit/moveit_core/trajectory_processing/src/time_optimal_trajectory_generation.cpp,"(74, 3)-(77, 4)",b'Eigen::VectorXd getCurvature(double /* s */) ...'
moveit,../repos/moveit/moveit_core/trajectory_processing/src/time_optimal_trajectory_generation.cpp,"(79, 3)-(82, 4)",b'std::list<double> getSwitchingPoints() const ...'
moveit,../repos/moveit/moveit_core/trajectory_processing/src/time_optimal_trajectory_generation.cpp,"(84, 3)-(87, 4)",b'LinearPathSegment* clone() const override\n  {...'
moveit,../repos/moveit/moveit_core/trajectory_processing/src/time_optimal_trajectory_generation.cpp,"(141, 3)-(145, 4)",b'Eigen::VectorXd getConfig(double s) const ove...'
moveit,../repos/moveit/moveit_core/trajectory_processing/src/time_optimal_trajectory_generation.cpp,"(147, 3)-(151, 4)",b'Eigen::VectorXd getTangent(double s) const ov...'
moveit,../repos/moveit/moveit_core/trajectory_processing/src/time_optimal_trajectory_generation.cpp,"(153, 3)-(157, 4)",b'Eigen::VectorXd getCurvature(double s) const ...'
moveit,../repos/moveit/moveit_core/trajectory_processing/src/time_optimal_trajectory_generation.cpp,"(159, 3)-(178, 4)",b'std::list<double> getSwitchingPoints() const ...'
moveit,../repos/moveit/moveit_core/trajectory_processing/src/time_optimal_trajectory_generation.cpp,"(180, 3)-(183, 4)",b'CircularPathSegment* clone() const override\n ...'
moveit,../repos/moveit/moveit_core/trajectory_processing/src/iterative_spline_parameterization.cpp,"(75, 1)-(347, 2)",b'bool IterativeSplineParameterization::compute...'
moveit,../repos/moveit/moveit_core/trajectory_processing/include/moveit/trajectory_processing/time_optimal_trajectory_generation.h,"(191, 3)-(196, 4)",b'bool computeTimeStamps(robot_trajectory::Robo...'
moveit,../repos/moveit/moveit_core/trajectory_processing/test/test_ruckig_traj_smoothing.cpp,"(49, 3)-(53, 4)",b'void SetUp() override\n  {\n    robot_model_ = ...'
moveit,../repos/moveit/moveit_core/trajectory_processing/test/test_time_parameterization.cpp,"(77, 1)-(105, 2)",b'int initStraightTrajectory(robot_trajectory::...'
moveit,../repos/moveit/moveit_core/collision_distance_field/include/moveit/collision_distance_field/collision_env_hybrid.h,"(77, 3)-(79, 4)",b'~CollisionEnvHybrid() override\n  {\n  }'
moveit,../repos/moveit/moveit_core/collision_distance_field/include/moveit/collision_distance_field/collision_env_distance_field.h,"(119, 3)-(123, 4)",b'void distanceSelf(const DistanceRequest& /* r...'
moveit,../repos/moveit/moveit_core/collision_distance_field/include/moveit/collision_distance_field/collision_env_distance_field.h,"(194, 3)-(198, 4)",b'void distanceRobot(const DistanceRequest& /* ...'
moveit,../repos/moveit/moveit_core/collision_distance_field/test/test_collision_distance_field.cpp,"(61, 3)-(69, 4)",b'void SetUp() override\n  {\n    robot_model_ = ...'
moveit,../repos/moveit/moveit_core/collision_distance_field/test/test_collision_distance_field.cpp,"(71, 3)-(73, 4)",b'void TearDown() override\n  {\n  }'
moveit,../repos/moveit/moveit_core/robot_trajectory/test/test_robot_trajectory.cpp,"(52, 3)-(60, 4)",b'void SetUp() override\n  {\n    robot_model_ = ...'
moveit,../repos/moveit/moveit_core/robot_trajectory/test/test_robot_trajectory.cpp,"(62, 3)-(64, 4)",b'void TearDown() override\n  {\n  }'
moveit,../repos/moveit/moveit_core/planning_scene/src/planning_scene.cpp,"(67, 3)-(70, 4)",b'bool canTransform(const std::string& from_fra...'
moveit,../repos/moveit/moveit_core/planning_scene/src/planning_scene.cpp,"(72, 3)-(82, 4)",b'bool isFixedFrame(const std::string& frame) c...'
moveit,../repos/moveit/moveit_core/planning_scene/src/planning_scene.cpp,"(84, 3)-(87, 4)",b'const Eigen::Isometry3d& getTransform(const s...'
moveit,../repos/moveit/moveit_core/planning_scene/test/test_multi_threaded.cpp,"(72, 3)-(79, 4)",b'void SetUp() override\n  {\n    robot_model_ = ...'
moveit,../repos/moveit/moveit_core/planning_scene/test/test_multi_threaded.cpp,"(81, 3)-(83, 4)",b'void TearDown() override\n  {\n  }'
moveit,../repos/moveit/moveit_core/collision_detection_bullet/include/moveit/collision_detection_bullet/bullet_integration/bullet_cast_bvh_manager.h,"(53, 3)-(53, 46)",b'~BulletCastBVHManager() override = default;'
moveit,../repos/moveit/moveit_core/collision_detection_bullet/include/moveit/collision_detection_bullet/bullet_integration/bullet_utils.h,"(294, 3)-(300, 4)",b'btVector3 localGetSupportingVertex(const btVe...'
moveit,../repos/moveit/moveit_core/collision_detection_bullet/include/moveit/collision_detection_bullet/bullet_integration/bullet_utils.h,"(302, 3)-(307, 4)",b'void batchedUnitVectorGetSupportingVertexWith...'
moveit,../repos/moveit/moveit_core/collision_detection_bullet/include/moveit/collision_detection_bullet/bullet_integration/bullet_utils.h,"(312, 3)-(319, 4)",b'void getAabb(const btTransform& transform_wor...'
moveit,../repos/moveit/moveit_core/collision_detection_bullet/include/moveit/collision_detection_bullet/bullet_integration/bullet_utils.h,"(321, 3)-(324, 4)","b'void getAabbSlow(const btTransform& /*t*/, bt...'"
moveit,../repos/moveit/moveit_core/collision_detection_bullet/include/moveit/collision_detection_bullet/bullet_integration/bullet_utils.h,"(326, 3)-(328, 4)",b'void setLocalScaling(const btVector3& /*scali...'
moveit,../repos/moveit/moveit_core/collision_detection_bullet/include/moveit/collision_detection_bullet/bullet_integration/bullet_utils.h,"(330, 3)-(334, 4)",b'const btVector3& getLocalScaling() const over...'
moveit,../repos/moveit/moveit_core/collision_detection_bullet/include/moveit/collision_detection_bullet/bullet_integration/bullet_utils.h,"(336, 3)-(338, 4)",b'void setMargin(btScalar /*margin*/) override\n...'
moveit,../repos/moveit/moveit_core/collision_detection_bullet/include/moveit/collision_detection_bullet/bullet_integration/bullet_utils.h,"(340, 3)-(343, 4)",b'btScalar getMargin() const override\n  {\n    r...'
moveit,../repos/moveit/moveit_core/collision_detection_bullet/include/moveit/collision_detection_bullet/bullet_integration/bullet_utils.h,"(345, 3)-(348, 4)",b'int getNumPreferredPenetrationDirections() co...'
moveit,../repos/moveit/moveit_core/collision_detection_bullet/include/moveit/collision_detection_bullet/bullet_integration/bullet_utils.h,"(350, 3)-(353, 4)",b'void getPreferredPenetrationDirection(int /*i...'
moveit,../repos/moveit/moveit_core/collision_detection_bullet/include/moveit/collision_detection_bullet/bullet_integration/bullet_utils.h,"(355, 3)-(358, 4)","b'void calculateLocalInertia(btScalar /*mass*/,...'"
moveit,../repos/moveit/moveit_core/collision_detection_bullet/include/moveit/collision_detection_bullet/bullet_integration/bullet_utils.h,"(360, 3)-(363, 4)",b'const char* getName() const override\n  {\n    ...'
moveit,../repos/moveit/moveit_core/collision_detection_bullet/include/moveit/collision_detection_bullet/bullet_integration/bullet_utils.h,"(365, 3)-(368, 4)",b'btVector3 localGetSupportingVertexWithoutMarg...'
moveit,../repos/moveit/moveit_core/collision_detection_bullet/include/moveit/collision_detection_bullet/bullet_integration/bullet_utils.h,"(635, 3)-(683, 4)",b'void addContactPoint(const btVector3& normalO...'
moveit,../repos/moveit/moveit_core/collision_detection_bullet/include/moveit/collision_detection_bullet/bullet_integration/bullet_utils.h,"(705, 3)-(705, 56)",b'~TesseractCollisionPairCallback() override = ...'
moveit,../repos/moveit/moveit_core/collision_detection_bullet/include/moveit/collision_detection_bullet/bullet_integration/bullet_utils.h,"(707, 3)-(749, 4)",b'bool processOverlap(btBroadphasePair& pair) o...'
moveit,../repos/moveit/moveit_core/collision_detection_bullet/include/moveit/collision_detection_bullet/bullet_integration/bullet_utils.h,"(934, 3)-(969, 4)",b'bool needBroadphaseCollision(btBroadphaseProx...'
moveit,../repos/moveit/moveit_core/collision_detection_bullet/include/moveit/collision_detection_bullet/bullet_integration/bullet_discrete_bvh_manager.h,"(53, 3)-(53, 50)",b'~BulletDiscreteBVHManager() override = default;'
moveit,../repos/moveit/moveit_core/collision_detection_bullet/test/test_bullet_continuous_collision_checking.cpp,"(74, 3)-(86, 4)",b'void SetUp() override\n  {\n    robot_model_ = ...'
moveit,../repos/moveit/moveit_core/collision_detection_bullet/test/test_bullet_continuous_collision_checking.cpp,"(88, 3)-(90, 4)",b'void TearDown() override\n  {\n  }'
moveit,../repos/moveit/moveit_core/collision_detection_fcl/test/test_fcl_env.cpp,"(70, 3)-(96, 4)",b'void SetUp() override\n  {\n    robot_model_ = ...'
moveit,../repos/moveit/moveit_core/collision_detection_fcl/test/test_fcl_env.cpp,"(98, 3)-(100, 4)",b'void TearDown() override\n  {\n  }'
moveit,../repos/moveit/moveit_plugins/moveit_ros_control_interface/src/joint_trajectory_controller_plugin.cpp,"(51, 3)-(56, 4)",b'moveit_controller_manager::MoveItControllerHa...'
moveit,../repos/moveit/moveit_plugins/moveit_ros_control_interface/src/controller_manager_plugin.cpp,"(212, 3)-(221, 4)",b'moveit_controller_manager::MoveItControllerHa...'
moveit,../repos/moveit/moveit_plugins/moveit_ros_control_interface/src/controller_manager_plugin.cpp,"(227, 3)-(237, 4)",b'void getControllersList(std::vector<std::stri...'
moveit,../repos/moveit/moveit_plugins/moveit_ros_control_interface/src/controller_manager_plugin.cpp,"(243, 3)-(254, 4)",b'void getActiveControllers(std::vector<std::st...'
moveit,../repos/moveit/moveit_plugins/moveit_ros_control_interface/src/controller_manager_plugin.cpp,"(261, 3)-(273, 4)",b'void getControllerJoints(const std::string& n...'
moveit,../repos/moveit/moveit_plugins/moveit_ros_control_interface/src/controller_manager_plugin.cpp,"(280, 3)-(292, 4)",b'ControllerState getControllerState(const std:...'
moveit,../repos/moveit/moveit_plugins/moveit_ros_control_interface/src/controller_manager_plugin.cpp,"(301, 3)-(368, 4)",b'bool switchControllers(const std::vector<std:...'
moveit,../repos/moveit/moveit_plugins/moveit_ros_control_interface/src/controller_manager_plugin.cpp,"(437, 3)-(448, 4)",b'moveit_controller_manager::MoveItControllerHa...'
moveit,../repos/moveit/moveit_plugins/moveit_ros_control_interface/src/controller_manager_plugin.cpp,"(454, 3)-(464, 4)",b'void getControllersList(std::vector<std::stri...'
moveit,../repos/moveit/moveit_plugins/moveit_ros_control_interface/src/controller_manager_plugin.cpp,"(470, 3)-(480, 4)",b'void getActiveControllers(std::vector<std::st...'
moveit,../repos/moveit/moveit_plugins/moveit_ros_control_interface/src/controller_manager_plugin.cpp,"(487, 3)-(497, 4)",b'void getControllerJoints(const std::string& n...'
moveit,../repos/moveit/moveit_plugins/moveit_ros_control_interface/src/controller_manager_plugin.cpp,"(504, 3)-(515, 4)",b'ControllerState getControllerState(const std:...'
moveit,../repos/moveit/moveit_plugins/moveit_ros_control_interface/src/controller_manager_plugin.cpp,"(523, 3)-(534, 4)",b'bool switchControllers(const std::vector<std:...'
moveit,../repos/moveit/moveit_plugins/moveit_fake_controller_manager/src/moveit_fake_controller_manager.cpp,"(205, 3)-(205, 53)",b'~MoveItFakeControllerManager() override = default;'
moveit,../repos/moveit/moveit_plugins/moveit_fake_controller_manager/src/moveit_fake_controller_manager.cpp,"(210, 3)-(218, 4)",b'moveit_controller_manager::MoveItControllerHa...'
moveit,../repos/moveit/moveit_plugins/moveit_fake_controller_manager/src/moveit_fake_controller_manager.cpp,"(223, 3)-(229, 4)",b'void getControllersList(std::vector<std::stri...'
moveit,../repos/moveit/moveit_plugins/moveit_fake_controller_manager/src/moveit_fake_controller_manager.cpp,"(234, 3)-(237, 4)",b'void getActiveControllers(std::vector<std::st...'
moveit,../repos/moveit/moveit_plugins/moveit_fake_controller_manager/src/moveit_fake_controller_manager.cpp,"(250, 3)-(264, 4)",b'void getControllerJoints(const std::string& n...'
moveit,../repos/moveit/moveit_plugins/moveit_fake_controller_manager/src/moveit_fake_controller_manager.cpp,"(266, 3)-(270, 4)",b'moveit_controller_manager::MoveItControllerMa...'
moveit,../repos/moveit/moveit_plugins/moveit_fake_controller_manager/src/moveit_fake_controller_manager.cpp,"(273, 3)-(277, 4)",b'bool switchControllers(const std::vector<std:...'
moveit,../repos/moveit/moveit_plugins/moveit_simple_controller_manager/src/moveit_simple_controller_manager.cpp,"(169, 3)-(169, 55)",b'~MoveItSimpleControllerManager() override = d...'
moveit,../repos/moveit/moveit_plugins/moveit_simple_controller_manager/src/moveit_simple_controller_manager.cpp,"(174, 3)-(182, 4)",b'moveit_controller_manager::MoveItControllerHa...'
moveit,../repos/moveit/moveit_plugins/moveit_simple_controller_manager/src/moveit_simple_controller_manager.cpp,"(187, 3)-(193, 4)",b'void getControllersList(std::vector<std::stri...'
moveit,../repos/moveit/moveit_plugins/moveit_simple_controller_manager/src/moveit_simple_controller_manager.cpp,"(199, 3)-(202, 4)",b'void getActiveControllers(std::vector<std::st...'
moveit,../repos/moveit/moveit_plugins/moveit_simple_controller_manager/src/moveit_simple_controller_manager.cpp,"(215, 3)-(230, 4)",b'void getControllerJoints(const std::string& n...'
moveit,../repos/moveit/moveit_plugins/moveit_simple_controller_manager/src/moveit_simple_controller_manager.cpp,"(232, 3)-(236, 4)",b'moveit_controller_manager::MoveItControllerMa...'
moveit,../repos/moveit/moveit_plugins/moveit_simple_controller_manager/src/moveit_simple_controller_manager.cpp,"(239, 3)-(243, 4)",b'bool switchControllers(const std::vector<std:...'
moveit,../repos/moveit/moveit_plugins/moveit_simple_controller_manager/include/moveit_simple_controller_manager/gripper_controller_handle.h,"(62, 3)-(149, 4)",b'bool sendTrajectory(const moveit_msgs::RobotT...'
moveit,../repos/moveit/moveit_plugins/moveit_simple_controller_manager/include/moveit_simple_controller_manager/action_based_controller_handle.h,"(102, 3)-(114, 4)",b'bool cancelExecution() override\n  {\n    if (!...'
moveit,../repos/moveit/moveit_plugins/moveit_simple_controller_manager/include/moveit_simple_controller_manager/action_based_controller_handle.h,"(116, 3)-(127, 4)",b'bool waitForExecution(const ros::Duration& ti...'
moveit,../repos/moveit/moveit_plugins/moveit_simple_controller_manager/include/moveit_simple_controller_manager/action_based_controller_handle.h,"(129, 3)-(132, 4)",b'moveit_controller_manager::ExecutionStatus ge...'
moveit,../repos/moveit/moveit_plugins/moveit_simple_controller_manager/include/moveit_simple_controller_manager/action_based_controller_handle.h,"(134, 3)-(137, 4)",b'void addJoint(const std::string& name) overri...'
moveit,../repos/moveit/moveit_plugins/moveit_simple_controller_manager/include/moveit_simple_controller_manager/action_based_controller_handle.h,"(139, 3)-(142, 4)",b'void getJoints(std::vector<std::string>& join...'
moveit,../repos/moveit/moveit_setup_assistant/src/tools/moveit_config_data.cpp,"(143, 1)-(156, 2)",b'void MoveItConfigData::loadAllowedCollisionMa...'
moveit,../repos/moveit/moveit_setup_assistant/test/moveit_config_data_test.cpp,"(53, 3)-(59, 4)",b'void SetUp() override\n  {\n    std::string rob...'
