Repo name,File name,Location,Content
moveit,../repos/moveit/moveit_planners/pilz_industrial_motion_planner/include/pilz_industrial_motion_planner/trajectory_generator.h,"(116, 3)-(130, 4)",b'class MotionPlanInfo\n  {\n  public:\n    Motion...'
moveit,../repos/moveit/moveit_planners/ompl/ompl_interface/src/ompl_planner_manager.cpp,"(74, 5)-(101, 6)",b'class OutputHandler : public ompl::msg::Outpu...'
moveit,../repos/moveit/moveit_planners/ompl/ompl_interface/include/moveit/ompl_interface/parameterization/model_based_state_space.h,"(77, 3)-(167, 4)",b'class StateType : public ompl::base::State\n  ...'
moveit,../repos/moveit/moveit_planners/ompl/ompl_interface/include/moveit/ompl_interface/parameterization/work_space/pose_model_state_space.h,"(49, 3)-(90, 4)",b'class StateType : public ModelBasedStateSpace...'
moveit,../repos/moveit/moveit_planners/pilz_industrial_motion_planner_testutils/include/pilz_industrial_motion_planner_testutils/xml_testdata_loader.h,"(185, 3)-(190, 4)",b'class AbstractCmdGetterAdapter\n  {\n  public:\n...'
moveit,../repos/moveit/moveit_ros/planning/moveit_cpp/include/moveit/moveit_cpp/planning_component.h,"(60, 3)-(88, 4)",b'class PlanSolutions\n  {\n  public:\n    /// \\br...'
moveit,../repos/moveit/moveit_ros/planning/plan_execution/include/moveit/plan_execution/plan_execution.h,"(157, 3)-(174, 4)",b'class\n  {\n  private:\n    std::atomic<bool> pr...'
moveit,../repos/moveit/moveit_ros/planning/plan_execution/include/moveit/plan_execution/plan_execution.h,"(181, 3)-(181, 31)",b'class DynamicReconfigureImpl'
moveit,../repos/moveit/moveit_ros/planning/plan_execution/include/moveit/plan_execution/plan_with_sensing.h,"(133, 3)-(133, 31)",b'class DynamicReconfigureImpl'
moveit,../repos/moveit/moveit_ros/planning/planning_scene_monitor/include/moveit/planning_scene_monitor/planning_scene_monitor.h,"(586, 3)-(586, 31)",b'class DynamicReconfigureImpl'
moveit,../repos/moveit/moveit_ros/planning/trajectory_execution_manager/include/moveit/trajectory_execution_manager/trajectory_execution_manager.h,"(300, 3)-(300, 31)",b'class DynamicReconfigureImpl'
moveit,../repos/moveit/moveit_ros/planning_interface/planning_scene_interface/include/moveit/planning_scene_interface/planning_scene_interface.h,"(154, 3)-(154, 35)",b'class PlanningSceneInterfaceImpl'
moveit,../repos/moveit/moveit_ros/planning_interface/move_group_interface/include/moveit/move_group_interface/move_group_interface.h,"(1050, 3)-(1050, 31)",b'class MoveGroupInterfaceImpl'
moveit,../repos/moveit/moveit_ros/perception/mesh_filter/include/moveit/mesh_filter/stereo_camera_model.h,"(55, 3)-(148, 4)",b'class Parameters : public SensorModel::Parame...'
moveit,../repos/moveit/moveit_ros/perception/mesh_filter/include/moveit/mesh_filter/transform_provider.h,"(126, 3)-(137, 4)",b'class TransformContext\n  {\n  public:\n    Tran...'
moveit,../repos/moveit/moveit_kinematics/cached_ik_kinematics_plugin/include/moveit/cached_ik_kinematics_plugin/detail/NearestNeighborsGNAT.h,"(86, 3)-(86, 13)",b'class Node'
moveit,../repos/moveit/moveit_kinematics/cached_ik_kinematics_plugin/include/moveit/cached_ik_kinematics_plugin/detail/NearestNeighborsGNAT.h,"(371, 3)-(689, 4)",b'class Node\n  {\n  public:\n    // \\brief Constr...'
moveit,../repos/moveit/moveit_core/collision_detection/include/moveit/collision_detection/world.h,"(265, 3)-(281, 4)",b'class Action\n  {\n  public:\n    Action() : act...'
moveit,../repos/moveit/moveit_core/collision_detection/include/moveit/collision_detection/world.h,"(284, 3)-(284, 17)",b'class Observer'
moveit,../repos/moveit/moveit_core/collision_detection/include/moveit/collision_detection/world.h,"(287, 3)-(300, 4)",b'class ObserverHandle\n  {\n  public:\n    Observ...'
moveit,../repos/moveit/moveit_core/collision_detection/include/moveit/collision_detection/world.h,"(340, 3)-(347, 4)",b'class Observer\n  {\n  public:\n    Observer(con...'
moveit,../repos/moveit/moveit_core/profiler/include/moveit/profiler/profiler.h,"(77, 3)-(94, 4)",b'class ScopedBlock\n  {\n  public:\n    /** \\brie...'
moveit,../repos/moveit/moveit_core/profiler/include/moveit/profiler/profiler.h,"(98, 3)-(117, 4)",b'class ScopedStart\n  {\n  public:\n    /** \\brie...'
moveit,../repos/moveit/moveit_core/profiler/include/moveit/profiler/profiler.h,"(330, 3)-(340, 4)",b'class ScopedBlock\n  {\n  public:\n    ScopedBlo...'
moveit,../repos/moveit/moveit_core/profiler/include/moveit/profiler/profiler.h,"(342, 3)-(352, 4)",b'class ScopedStart\n  {\n  public:\n    ScopedSta...'
