Repo name,File name,Location,Content
moveit,../repos/moveit/moveit_planners/trajopt/include/trajopt_interface/kinematic_terms.h,"(60, 19)-(60, 77)",b'Eigen::VectorXd operator()(const Eigen::Vecto...'
moveit,../repos/moveit/moveit_planners/trajopt/include/trajopt_interface/kinematic_terms.h,"(85, 19)-(85, 68)",b'Eigen::VectorXd operator()(const Eigen::Vecto...'
moveit,../repos/moveit/moveit_planners/trajopt/include/trajopt_interface/kinematic_terms.h,"(90, 19)-(90, 68)",b'Eigen::MatrixXd operator()(const Eigen::Vecto...'
moveit,../repos/moveit/moveit_planners/chomp/chomp_motion_planner/include/chomp_motion_planner/chomp_trajectory.h,"(83, 11)-(83, 54)","b'& operator()(size_t traj_point, size_t joint)'"
moveit,../repos/moveit/moveit_planners/chomp/chomp_motion_planner/include/chomp_motion_planner/chomp_trajectory.h,"(85, 10)-(85, 59)","b'double operator()(size_t traj_point, size_t j...'"
moveit,../repos/moveit/moveit_planners/pilz_industrial_motion_planner/src/velocity_profile_atrap.cpp,"(397, 15)-(397, 74)","b'& operator<<(std::ostream& os, const Velocity...'"
moveit,../repos/moveit/moveit_planners/pilz_industrial_motion_planner/include/pilz_industrial_motion_planner/velocity_profile_atrap.h,"(146, 8)-(146, 59)",b'bool operator==(const VelocityProfileATrap& o...'
moveit,../repos/moveit/moveit_planners/pilz_industrial_motion_planner/include/pilz_industrial_motion_planner/velocity_profile_atrap.h,"(182, 24)-(182, 83)","b'& operator<<(std::ostream& os, const Velocity...'"
moveit,../repos/moveit/moveit_planners/pilz_industrial_motion_planner/include/pilz_industrial_motion_planner/velocity_profile_atrap.h,"(212, 15)-(213, 56)","b'& operator<<(std::ostream& os,\n              ...'"
moveit,../repos/moveit/moveit_planners/pilz_industrial_motion_planner/include/pilz_industrial_motion_planner/trajectory_generation_exceptions.h,"(57, 29)-(57, 71)",b'& operator=(const MoveItErrorCodeException&)'
moveit,../repos/moveit/moveit_planners/pilz_industrial_motion_planner/include/pilz_industrial_motion_planner/trajectory_generation_exceptions.h,"(58, 29)-(58, 66)",b'& operator=(MoveItErrorCodeException&&)'
moveit,../repos/moveit/moveit_planners/ompl/ompl_interface/include/moveit/ompl_interface/parameterization/work_space/pose_model_state_space.h,"(127, 10)-(127, 49)",b'bool operator<(const PoseComponent& o) const\n...'
moveit,../repos/moveit/moveit_planners/ompl/ompl_interface/test/test_state_validity_checker.cpp,"(71, 15)-(71, 73)","b'& operator<<(std::ostream& os, const std::vec...'"
moveit,../repos/moveit/moveit_planners/pilz_industrial_motion_planner_testutils/src/cartesianconfiguration.cpp,"(125, 15)-(125, 78)","b'& operator<<(std::ostream& os, const Cartesia...'"
moveit,../repos/moveit/moveit_planners/pilz_industrial_motion_planner_testutils/src/jointconfiguration.cpp,"(144, 15)-(144, 74)","b'& operator<<(std::ostream& os, const JointCon...'"
moveit,../repos/moveit/moveit_planners/pilz_industrial_motion_planner_testutils/src/sequence.cpp,"(49, 41)-(49, 65)",b'planning_interface::MotionPlanRequest operato...'
moveit,../repos/moveit/moveit_planners/pilz_industrial_motion_planner_testutils/src/sequence.cpp,"(62, 14)-(62, 38)",b'& operator()(T& cmd) const'
moveit,../repos/moveit/moveit_planners/pilz_industrial_motion_planner_testutils/include/pilz_industrial_motion_planner_testutils/cartesianconfiguration.h,"(110, 15)-(110, 86)","b'& operator<<(std::ostream& /*os*/, const Cart...'"
moveit,../repos/moveit/moveit_planners/pilz_industrial_motion_planner_testutils/include/pilz_industrial_motion_planner_testutils/jointconfiguration.h,"(107, 15)-(107, 82)","b'& operator<<(std::ostream& /*os*/, const Join...'"
moveit,../repos/moveit/moveit_ros/manipulation/pick_place/src/place.cpp,"(60, 8)-(60, 66)","b'bool operator()(const std::size_t a, const st...'"
moveit,../repos/moveit/moveit_ros/manipulation/pick_place/src/pick.cpp,"(58, 8)-(58, 66)","b'bool operator()(const std::size_t a, const st...'"
moveit,../repos/moveit/moveit_ros/planning/moveit_cpp/include/moveit/moveit_cpp/moveit_cpp.h,"(120, 14)-(120, 41)",b'& operator=(const MoveItCpp&)'
moveit,../repos/moveit/moveit_ros/planning/moveit_cpp/include/moveit/moveit_cpp/moveit_cpp.h,"(123, 14)-(123, 42)",b'& operator=(MoveItCpp&& other)'
moveit,../repos/moveit/moveit_ros/planning/moveit_cpp/include/moveit/moveit_cpp/planning_component.h,"(155, 22)-(155, 57)",b'& operator=(const PlanningComponent&)'
moveit,../repos/moveit/moveit_ros/planning/moveit_cpp/include/moveit/moveit_cpp/planning_component.h,"(158, 22)-(158, 58)",b'& operator=(PlanningComponent&& other)'
moveit,../repos/moveit/moveit_ros/planning/planning_scene_monitor/include/moveit/planning_scene_monitor/planning_scene_monitor.h,"(635, 48)-(635, 66)",b'& operator->() const'
moveit,../repos/moveit/moveit_ros/planning/planning_scene_monitor/include/moveit/planning_scene_monitor/planning_scene_monitor.h,"(716, 43)-(716, 55)",b'& operator->()'
moveit,../repos/moveit/moveit_ros/planning/trajectory_execution_manager/src/trajectory_execution_manager.cpp,"(425, 8)-(425, 66)","b'bool operator()(const std::size_t a, const st...'"
moveit,../repos/moveit/moveit_ros/planning/trajectory_execution_manager/include/moveit/trajectory_execution_manager/trajectory_execution_manager.h,"(220, 10)-(220, 55)",b'bool operator<(ControllerInformation& other) ...'
moveit,../repos/moveit/moveit_ros/planning_interface/py_bindings_tools/include/moveit/py_bindings_tools/gil_releaser.h,"(81, 16)-(81, 45)",b'& operator=(const GILReleaser&)'
moveit,../repos/moveit/moveit_ros/planning_interface/py_bindings_tools/include/moveit/py_bindings_tools/gil_releaser.h,"(82, 16)-(82, 55)",b'& operator=(GILReleaser&& other) noexcept'
moveit,../repos/moveit/moveit_ros/planning_interface/common_planning_interface_objects/src/common_objects.cpp,"(87, 8)-(87, 30)",b'void operator()(const T* p)\n  {\n    delete ot...'
moveit,../repos/moveit/moveit_ros/planning_interface/move_group_interface/include/moveit/move_group_interface/move_group_interface.h,"(170, 23)-(170, 59)",b'& operator=(const MoveGroupInterface&)'
moveit,../repos/moveit/moveit_ros/planning_interface/move_group_interface/include/moveit/move_group_interface/move_group_interface.h,"(173, 23)-(173, 69)",b'& operator=(MoveGroupInterface&& other) noexcept'
moveit,../repos/moveit/moveit_ros/perception/point_containment_filter/include/moveit/point_containment_filter/shape_mask.h,"(107, 10)-(107, 66)","b'bool operator()(const SeeShape& b1, const See...'"
moveit,../repos/moveit/moveit_ros/visualization/robot_state_rviz_plugin/src/robot_state_display.cpp,"(189, 13)-(189, 83)",b'static bool operator!=(const std_msgs::ColorR...'
moveit,../repos/moveit/moveit_kinematics/cached_ik_kinematics_plugin/include/moveit/cached_ik_kinematics_plugin/detail/NearestNeighborsGNAT.h,"(77, 10)-(77, 60)","b'bool operator()(const DataDist& d0, const Dat...'"
moveit,../repos/moveit/moveit_kinematics/cached_ik_kinematics_plugin/include/moveit/cached_ik_kinematics_plugin/detail/NearestNeighborsGNAT.h,"(90, 10)-(90, 66)","b'bool operator()(const NodeDist& n0, const Nod...'"
moveit,../repos/moveit/moveit_kinematics/cached_ik_kinematics_plugin/include/moveit/cached_ik_kinematics_plugin/detail/NearestNeighborsGNAT.h,"(256, 24)-(256, 91)","b'& operator<<(std::ostream& out, const Nearest...'"
moveit,../repos/moveit/moveit_kinematics/cached_ik_kinematics_plugin/include/moveit/cached_ik_kinematics_plugin/detail/NearestNeighborsGNAT.h,"(644, 26)-(644, 73)","b'& operator<<(std::ostream& out, const Node& node)'"
moveit,../repos/moveit/moveit_kinematics/ikfast_kinematics_plugin/templates/ikfast61_moveit_plugin_template.cpp,"(144, 8)-(144, 49)",b'bool operator<(const LimitObeyingSol& a) cons...'
moveit,../repos/moveit/moveit_kinematics/test/test_kinematics_plugin.cpp,"(159, 8)-(159, 41)",b'void operator=(const SharedData& data)\n  {\n  ...'
moveit,../repos/moveit/moveit_core/collision_detection/include/moveit/collision_detection/collision_common.h,"(128, 8)-(128, 48)",b'bool operator<(const CostSource& other) const...'
moveit,../repos/moveit/moveit_core/collision_detection/include/moveit/collision_detection/collision_common.h,"(309, 8)-(309, 51)",b'bool operator<(const DistanceResultsData& oth...'
moveit,../repos/moveit/moveit_core/collision_detection/include/moveit/collision_detection/collision_common.h,"(315, 8)-(315, 51)",b'bool operator>(const DistanceResultsData& oth...'
moveit,../repos/moveit/moveit_core/constraint_samplers/src/union_constraint_sampler.cpp,"(45, 8)-(45, 86)",b'bool operator()(const ConstraintSamplerPtr& a...'
moveit,../repos/moveit/moveit_core/robot_state/src/conversions.cpp,"(166, 8)-(166, 60)",b'void operator()(const shape_msgs::Plane& shap...'
moveit,../repos/moveit/moveit_core/robot_state/src/conversions.cpp,"(172, 8)-(172, 59)",b'void operator()(const shape_msgs::Mesh& shape...'
moveit,../repos/moveit/moveit_core/robot_state/src/conversions.cpp,"(178, 8)-(178, 69)",b'void operator()(const shape_msgs::SolidPrimit...'
moveit,../repos/moveit/moveit_core/robot_state/src/robot_state.cpp,"(2318, 15)-(2318, 65)","b'& operator<<(std::ostream& out, const RobotSt...'"
moveit,../repos/moveit/moveit_core/robot_state/include/moveit/robot_state/robot_state.h,"(101, 15)-(101, 49)",b'& operator=(const RobotState& other)'
moveit,../repos/moveit/moveit_core/robot_state/include/moveit/robot_state/robot_state.h,"(1990, 15)-(1990, 65)","b'& operator<<(std::ostream& out, const RobotSt...'"
moveit,../repos/moveit/moveit_core/distance_field/include/moveit/distance_field/propagation_distance_field.h,"(59, 8)-(59, 84)","b'bool operator()(const Eigen::Vector3i& loc_1,...'"
moveit,../repos/moveit/moveit_core/distance_field/include/moveit/distance_field/voxel_grid.h,"(136, 12)-(136, 58)","b'& operator()(double x, double y, double z) const'"
moveit,../repos/moveit/moveit_core/distance_field/include/moveit/distance_field/voxel_grid.h,"(137, 12)-(137, 56)",b'& operator()(const Eigen::Vector3d& pos) const'
moveit,../repos/moveit/moveit_core/robot_model/src/joint_model.cpp,"(243, 15)-(243, 69)","b'& operator<<(std::ostream& out, const Variabl...'"
moveit,../repos/moveit/moveit_core/robot_model/include/moveit/robot_model/joint_model.h,"(531, 15)-(531, 69)","b'& operator<<(std::ostream& out, const Variabl...'"
moveit,../repos/moveit/moveit_core/profiler/src/profiler.cpp,"(188, 8)-(188, 66)","b'bool operator()(const DataIntVal& a, const Da...'"
moveit,../repos/moveit/moveit_core/profiler/src/profiler.cpp,"(202, 8)-(202, 72)","b'bool operator()(const DataDoubleVal& a, const...'"
moveit,../repos/moveit/moveit_core/utils/src/moveit_error_code.cpp,"(102, 15)-(102, 70)","b'& operator<<(std::ostream& out, const MoveItE...'"
moveit,../repos/moveit/moveit_core/utils/include/moveit/utils/eigen_test_utils.h,"(43, 15)-(43, 101)","b'& operator<<(std::ostream& s, const Eigen::Tr...'"
moveit,../repos/moveit/moveit_core/utils/include/moveit/utils/eigen_test_utils.h,"(58, 30)-(58, 96)",b'::testing::AssertionResult operator()(const c...'
moveit,../repos/moveit/moveit_core/utils/include/moveit/utils/moveit_error_code.h,"(67, 8)-(67, 37)",b'bool operator==(const int c) const\n  {\n    re...'
moveit,../repos/moveit/moveit_core/utils/include/moveit/utils/moveit_error_code.h,"(71, 8)-(71, 37)",b'bool operator!=(const int c) const\n  {\n    re...'
moveit,../repos/moveit/moveit_core/utils/include/moveit/utils/moveit_error_code.h,"(77, 15)-(77, 70)","b'& operator<<(std::ostream& out, const MoveItE...'"
moveit,../repos/moveit/moveit_core/planning_interface/include/moveit/planning_interface/planning_response.h,"(76, 23)-(76, 68)",b'& operator=(const MotionPlanResponse& response)'
moveit,../repos/moveit/moveit_core/robot_trajectory/include/moveit/robot_trajectory/robot_trajectory.h,"(73, 20)-(73, 53)",b'& operator=(const RobotTrajectory&)'
moveit,../repos/moveit/moveit_core/planning_scene/src/planning_scene.cpp,"(747, 8)-(747, 60)",b'void operator()(const shape_msgs::Plane& shap...'
moveit,../repos/moveit/moveit_core/planning_scene/src/planning_scene.cpp,"(753, 8)-(753, 59)",b'void operator()(const shape_msgs::Mesh& shape...'
moveit,../repos/moveit/moveit_core/planning_scene/src/planning_scene.cpp,"(759, 8)-(759, 69)",b'void operator()(const shape_msgs::SolidPrimit...'
moveit,../repos/moveit/moveit_setup_assistant/src/tools/collision_linear_model.cpp,"(250, 6)-(250, 60)","b'bool operator<(const QVariant& left, const QV...'"
moveit,../repos/moveit/moveit_setup_assistant/src/tools/collision_matrix_model.cpp,"(87, 8)-(87, 64)",b'bool operator()(const srdf::Model::CollisionP...'
moveit,../repos/moveit/moveit_setup_assistant/src/collisions_updater.cpp,"(123, 8)-(123, 105)",b'bool operator()(const srdf::Model::CollisionP...'
moveit,../repos/moveit/moveit_setup_assistant/include/moveit/setup_assistant/tools/moveit_config_data.h,"(506, 10)-(506, 100)",b'bool operator()(const moveit::core::JointMode...'
