Repo name,File name,Location,Content
moveit,../repos/moveit/moveit_planners/pilz_industrial_motion_planner/include/pilz_industrial_motion_planner/velocity_profile_atrap.h,"(182, 3)-(182, 84)",b'friend std::ostream& operator<<(std::ostream&...'
moveit,../repos/moveit/moveit_planners/ompl/ompl_interface/cfg/cpp/ompl_interface_ros/OMPLDynamicReconfigureConfig.h,"(427, 3)-(427, 45)",b'friend class OMPLDynamicReconfigureConfig;'
moveit,../repos/moveit/moveit_ros/planning_interface/move_group_interface/src/move_group_interface.cpp,"(95, 3)-(95, 29)",b'friend MoveGroupInterface;'
moveit,../repos/moveit/moveit_ros/moveit_servo/include/moveit_servo/servo_calcs.h,"(109, 3)-(109, 29)",b'friend class ServoFixture;'
moveit,../repos/moveit/moveit_ros/moveit_servo/include/moveit_servo/servo.h,"(99, 3)-(99, 29)",b'friend class ServoFixture;'
moveit,../repos/moveit/moveit_ros/visualization/motion_planning_rviz_plugin/include/moveit/motion_planning_rviz_plugin/motion_planning_frame.h,"(100, 3)-(100, 38)",b'friend class MotionPlanningDisplay;'
moveit,../repos/moveit/moveit_kinematics/cached_ik_kinematics_plugin/include/moveit/cached_ik_kinematics_plugin/detail/NearestNeighborsGNAT.h,"(256, 3)-(271, 4)",b'friend std::ostream& operator<<(std::ostream&...'
moveit,../repos/moveit/moveit_kinematics/cached_ik_kinematics_plugin/include/moveit/cached_ik_kinematics_plugin/detail/NearestNeighborsGNAT.h,"(644, 5)-(667, 6)",b'friend std::ostream& operator<<(std::ostream&...'
moveit,../repos/moveit/moveit_kinematics/test/test_kinematics_plugin.cpp,"(77, 3)-(77, 31)",b'friend class KinematicsTest;'
moveit,../repos/moveit/moveit_core/collision_detection/include/moveit/collision_detection/world.h,"(299, 5)-(299, 24)",b'friend class World;'
moveit,../repos/moveit/moveit_core/collision_distance_field/include/moveit/collision_distance_field/collision_distance_field_types.h,"(222, 3)-(222, 40)",b'friend class BodyDecompositionVector;'
moveit,../repos/moveit/moveit_core/planning_scene/include/moveit/planning_scene/planning_scene.h,"(1106, 3)-(1106, 35)",b'friend struct CollisionDetector;'
