Repo name,File name,Location,Content
moveit,../repos/moveit/moveit_planners/trajopt/src/kinematic_terms.cpp,"(9, 1)-(9, 21)",b'using namespace std;'
moveit,../repos/moveit/moveit_planners/trajopt/src/kinematic_terms.cpp,"(10, 1)-(10, 21)",b'using namespace sco;'
moveit,../repos/moveit/moveit_planners/trajopt/src/kinematic_terms.cpp,"(11, 1)-(11, 23)",b'using namespace Eigen;'
moveit,../repos/moveit/moveit_planners/chomp/chomp_motion_planner/src/chomp_cost.cpp,"(41, 1)-(41, 23)",b'using namespace Eigen;'
moveit,../repos/moveit/moveit_planners/chomp/chomp_motion_planner/src/chomp_cost.cpp,"(42, 1)-(42, 21)",b'using namespace std;'
moveit,../repos/moveit/moveit_planners/pilz_industrial_motion_planner/include/pilz_industrial_motion_planner/trajectory_generator.h,"(52, 1)-(52, 48)",b'using namespace pilz_industrial_motion_planner;'
moveit,../repos/moveit/moveit_planners/pilz_industrial_motion_planner/include/pilz_industrial_motion_planner/trajectory_generator_ptp.h,"(44, 1)-(44, 48)",b'using namespace pilz_industrial_motion_planner;'
moveit,../repos/moveit/moveit_planners/pilz_industrial_motion_planner/include/pilz_industrial_motion_planner/trajectory_generator_lin.h,"(44, 1)-(44, 48)",b'using namespace pilz_industrial_motion_planner;'
moveit,../repos/moveit/moveit_planners/pilz_industrial_motion_planner/include/pilz_industrial_motion_planner/trajectory_generator_circ.h,"(44, 1)-(44, 48)",b'using namespace pilz_industrial_motion_planner;'
moveit,../repos/moveit/moveit_planners/pilz_industrial_motion_planner/test/integrationtest_command_planning.cpp,"(67, 1)-(67, 58)",b'using namespace pilz_industrial_motion_planne...'
moveit,../repos/moveit/moveit_planners/pilz_industrial_motion_planner/test/unittest_trajectory_generator_lin.cpp,"(68, 1)-(68, 48)",b'using namespace pilz_industrial_motion_planner;'
moveit,../repos/moveit/moveit_planners/pilz_industrial_motion_planner/test/unittest_trajectory_generator_lin.cpp,"(69, 1)-(69, 58)",b'using namespace pilz_industrial_motion_planne...'
moveit,../repos/moveit/moveit_planners/pilz_industrial_motion_planner/test/unittest_trajectory_generator_ptp.cpp,"(60, 1)-(60, 48)",b'using namespace pilz_industrial_motion_planner;'
moveit,../repos/moveit/moveit_planners/pilz_industrial_motion_planner/test/integrationtest_command_list_manager.cpp,"(67, 1)-(67, 44)",b'using testutils::hasStrictlyIncreasingTime;'
moveit,../repos/moveit/moveit_planners/pilz_industrial_motion_planner/test/integrationtest_command_list_manager.cpp,"(68, 1)-(68, 48)",b'using namespace pilz_industrial_motion_planner;'
moveit,../repos/moveit/moveit_planners/pilz_industrial_motion_planner/test/integrationtest_command_list_manager.cpp,"(69, 1)-(69, 58)",b'using namespace pilz_industrial_motion_planne...'
moveit,../repos/moveit/moveit_planners/pilz_industrial_motion_planner/test/integrationtest_command_list_manager.cpp,"(620, 3)-(620, 31)",b'using std::placeholders::_1;'
moveit,../repos/moveit/moveit_planners/pilz_industrial_motion_planner/test/unittest_trajectory_blender_transition_window.cpp,"(72, 1)-(72, 48)",b'using namespace pilz_industrial_motion_planner;'
moveit,../repos/moveit/moveit_planners/pilz_industrial_motion_planner/test/unittest_trajectory_blender_transition_window.cpp,"(73, 1)-(73, 58)",b'using namespace pilz_industrial_motion_planne...'
moveit,../repos/moveit/moveit_planners/pilz_industrial_motion_planner/test/unittest_trajectory_generator_circ.cpp,"(72, 1)-(72, 48)",b'using namespace pilz_industrial_motion_planner;'
moveit,../repos/moveit/moveit_planners/pilz_industrial_motion_planner/test/unittest_trajectory_generator_circ.cpp,"(73, 1)-(73, 58)",b'using namespace pilz_industrial_motion_planne...'
moveit,../repos/moveit/moveit_planners/pilz_industrial_motion_planner/test/integrationtest_sequence_service_capability.cpp,"(62, 1)-(62, 58)",b'using namespace pilz_industrial_motion_planne...'
moveit,../repos/moveit/moveit_planners/pilz_industrial_motion_planner/test/integrationtest_sequence_service_capability.cpp,"(250, 3)-(250, 31)",b'using std::placeholders::_1;'
moveit,../repos/moveit/moveit_planners/pilz_industrial_motion_planner/test/integrationtest_plan_components_builder.cpp,"(52, 1)-(52, 48)",b'using namespace pilz_industrial_motion_planner;'
moveit,../repos/moveit/moveit_planners/pilz_industrial_motion_planner/test/integrationtest_plan_components_builder.cpp,"(53, 1)-(53, 48)",b'using namespace pilz_industrial_motion_planner;'
moveit,../repos/moveit/moveit_planners/pilz_industrial_motion_planner/test/unittest_trajectory_generator.cpp,"(41, 1)-(41, 48)",b'using namespace pilz_industrial_motion_planner;'
moveit,../repos/moveit/moveit_planners/pilz_industrial_motion_planner/test/unittest_joint_limits_validator.cpp,"(41, 1)-(41, 48)",b'using namespace pilz_industrial_motion_planner;'
moveit,../repos/moveit/moveit_planners/pilz_industrial_motion_planner/test/unittest_joint_limit.cpp,"(44, 1)-(44, 48)",b'using namespace pilz_industrial_motion_planner;'
moveit,../repos/moveit/moveit_planners/pilz_industrial_motion_planner/test/unittest_joint_limit.cpp,"(45, 1)-(45, 72)",b'using namespace pilz_industrial_motion_planne...'
moveit,../repos/moveit/moveit_planners/pilz_industrial_motion_planner/test/unittest_get_solver_tip_frame.cpp,"(49, 1)-(49, 26)",b'using ::testing::AtLeast;'
moveit,../repos/moveit/moveit_planners/pilz_industrial_motion_planner/test/unittest_get_solver_tip_frame.cpp,"(50, 1)-(50, 25)",b'using ::testing::Return;'
moveit,../repos/moveit/moveit_planners/pilz_industrial_motion_planner/test/unittest_get_solver_tip_frame.cpp,"(51, 1)-(51, 28)",b'using ::testing::ReturnRef;'
moveit,../repos/moveit/moveit_planners/pilz_industrial_motion_planner/test/unittest_pilz_industrial_motion_planner_direct.cpp,"(43, 1)-(43, 48)",b'using namespace pilz_industrial_motion_planner;'
moveit,../repos/moveit/moveit_planners/pilz_industrial_motion_planner/test/integrationtest_sequence_action.cpp,"(77, 1)-(77, 58)",b'using namespace pilz_industrial_motion_planne...'
moveit,../repos/moveit/moveit_planners/pilz_industrial_motion_planner/test/integrationtest_sequence_action.cpp,"(357, 3)-(357, 22)",b'using ::testing::_;'
moveit,../repos/moveit/moveit_planners/pilz_industrial_motion_planner/test/integrationtest_sequence_action.cpp,"(358, 3)-(358, 26)",b'using ::testing::AllOf;'
moveit,../repos/moveit/moveit_planners/pilz_industrial_motion_planner/test/integrationtest_sequence_action.cpp,"(359, 3)-(359, 28)",b'using ::testing::AtLeast;'
moveit,../repos/moveit/moveit_planners/pilz_industrial_motion_planner/test/integrationtest_sequence_action.cpp,"(360, 3)-(360, 31)",b'using ::testing::InSequence;'
moveit,../repos/moveit/moveit_planners/pilz_industrial_motion_planner/test/unittest_joint_limits_container.cpp,"(40, 1)-(40, 48)",b'using namespace pilz_industrial_motion_planner;'
moveit,../repos/moveit/moveit_planners/pilz_industrial_motion_planner/test/integrationtest_sequence_action_preemption.cpp,"(80, 1)-(80, 58)",b'using namespace pilz_industrial_motion_planne...'
moveit,../repos/moveit/moveit_planners/ompl/ompl_interface/src/ompl_planner_manager.cpp,"(57, 1)-(57, 38)",b'using namespace moveit_planners_ompl;'
moveit,../repos/moveit/moveit_planners/ompl/ompl_interface/src/planning_context_manager.cpp,"(83, 1)-(83, 35)",b'using namespace std::placeholders;'
moveit,../repos/moveit/moveit_planners/pilz_industrial_motion_planner_testutils/src/xml_testdata_loader.cpp,"(143, 3)-(143, 31)",b'using std::placeholders::_1;'
moveit,../repos/moveit/moveit_ros/robot_interaction/include/moveit/robot_interaction/interaction_handler.h,"(105, 3)-(105, 36)",b'using LockedRobotState::getState;'
moveit,../repos/moveit/moveit_ros/robot_interaction/include/moveit/robot_interaction/interaction_handler.h,"(108, 3)-(108, 36)",b'using LockedRobotState::setState;'
moveit,../repos/moveit/moveit_ros/manipulation/pick_place/src/pick_place_params.cpp,"(45, 1)-(45, 41)",b'using namespace moveit_ros_manipulation;'
moveit,../repos/moveit/moveit_ros/planning/plan_execution/src/plan_execution.cpp,"(50, 1)-(50, 37)",b'using namespace moveit_ros_planning;'
moveit,../repos/moveit/moveit_ros/planning/plan_execution/src/plan_with_sensing.cpp,"(47, 1)-(47, 37)",b'using namespace moveit_ros_planning;'
moveit,../repos/moveit/moveit_ros/planning/planning_scene_monitor/src/planning_scene_monitor.cpp,"(57, 1)-(57, 37)",b'using namespace moveit_ros_planning;'
moveit,../repos/moveit/moveit_ros/planning/trajectory_execution_manager/src/trajectory_execution_manager.cpp,"(58, 1)-(58, 37)",b'using namespace moveit_ros_planning;'
moveit,../repos/moveit/moveit_ros/planning/planning_request_adapter_plugins/src/add_ruckig_traj_smoothing.cpp,"(42, 1)-(42, 39)",b'using namespace trajectory_processing;'
moveit,../repos/moveit/moveit_ros/planning/planning_request_adapter_plugins/src/add_time_optimal_parameterization.cpp,"(44, 1)-(44, 39)",b'using namespace trajectory_processing;'
moveit,../repos/moveit/moveit_ros/benchmarks/src/BenchmarkExecutor.cpp,"(64, 1)-(64, 39)",b'using namespace moveit_ros_benchmarks;'
moveit,../repos/moveit/moveit_ros/benchmarks/src/BenchmarkOptions.cpp,"(39, 1)-(39, 39)",b'using namespace moveit_ros_benchmarks;'
moveit,../repos/moveit/moveit_ros/planning_interface/robot_interface/src/wrap_python_robot_interface.cpp,"(53, 1)-(53, 46)",b'using moveit::py_bindings_tools::GILReleaser;'
moveit,../repos/moveit/moveit_ros/planning_interface/robot_interface/src/wrap_python_robot_interface.cpp,"(392, 3)-(392, 26)",b'using namespace moveit;'
moveit,../repos/moveit/moveit_ros/planning_interface/test/serialize_msg_python_cpp_helpers.cpp,"(44, 1)-(44, 45)",b'using moveit::py_bindings_tools::ByteString;'
moveit,../repos/moveit/moveit_ros/planning_interface/common_planning_interface_objects/src/common_objects.cpp,"(41, 1)-(41, 40)",b'using namespace planning_scene_monitor;'
moveit,../repos/moveit/moveit_ros/planning_interface/common_planning_interface_objects/src/common_objects.cpp,"(42, 1)-(42, 36)",b'using namespace robot_model_loader;'
moveit,../repos/moveit/moveit_ros/planning_interface/planning_scene_interface/src/wrap_python_planning_scene_interface.cpp,"(134, 3)-(134, 46)",b'using namespace moveit::planning_interface;'
moveit,../repos/moveit/moveit_ros/planning_interface/move_group_interface/src/wrap_python_move_group.cpp,"(61, 1)-(61, 46)",b'using moveit::py_bindings_tools::GILReleaser;'
moveit,../repos/moveit/moveit_ros/planning_interface/move_group_interface/src/wrap_python_move_group.cpp,"(826, 3)-(826, 46)",b'using namespace moveit::planning_interface;'
moveit,../repos/moveit/moveit_ros/perception/mesh_filter/src/gl_mesh.cpp,"(42, 1)-(42, 21)",b'using namespace std;'
moveit,../repos/moveit/moveit_ros/perception/mesh_filter/src/gl_mesh.cpp,"(43, 1)-(43, 23)",b'using namespace Eigen;'
moveit,../repos/moveit/moveit_ros/perception/mesh_filter/src/gl_mesh.cpp,"(44, 1)-(44, 20)",b'using shapes::Mesh;'
moveit,../repos/moveit/moveit_ros/perception/mesh_filter/src/mesh_filter.cpp,"(51, 1)-(51, 21)",b'using namespace std;'
moveit,../repos/moveit/moveit_ros/perception/mesh_filter/src/mesh_filter.cpp,"(52, 1)-(52, 23)",b'using namespace Eigen;'
moveit,../repos/moveit/moveit_ros/perception/mesh_filter/src/mesh_filter.cpp,"(53, 1)-(53, 20)",b'using shapes::Mesh;'
moveit,../repos/moveit/moveit_ros/perception/mesh_filter/src/gl_renderer.cpp,"(52, 1)-(52, 21)",b'using namespace std;'
moveit,../repos/moveit/moveit_ros/perception/mesh_filter/test/mesh_filter_test.cpp,"(43, 1)-(43, 29)",b'using namespace mesh_filter;'
moveit,../repos/moveit/moveit_ros/perception/mesh_filter/test/mesh_filter_test.cpp,"(44, 1)-(44, 23)",b'using namespace Eigen;'
moveit,../repos/moveit/moveit_ros/perception/mesh_filter/test/mesh_filter_test.cpp,"(45, 1)-(45, 21)",b'using namespace std;'
moveit,../repos/moveit/moveit_ros/perception/mesh_filter/test/mesh_filter_test.cpp,"(46, 1)-(46, 35)",b'using namespace std::placeholders;'
moveit,../repos/moveit/moveit_ros/warehouse/warehouse/src/planning_scene_storage.cpp,"(46, 1)-(46, 31)",b'using warehouse_ros::Metadata;'
moveit,../repos/moveit/moveit_ros/warehouse/warehouse/src/planning_scene_storage.cpp,"(47, 1)-(47, 28)",b'using warehouse_ros::Query;'
moveit,../repos/moveit/moveit_ros/warehouse/warehouse/src/planning_scene_world_storage.cpp,"(44, 1)-(44, 31)",b'using warehouse_ros::Metadata;'
moveit,../repos/moveit/moveit_ros/warehouse/warehouse/src/planning_scene_world_storage.cpp,"(45, 1)-(45, 28)",b'using warehouse_ros::Query;'
moveit,../repos/moveit/moveit_ros/warehouse/warehouse/src/state_storage.cpp,"(46, 1)-(46, 31)",b'using warehouse_ros::Metadata;'
moveit,../repos/moveit/moveit_ros/warehouse/warehouse/src/state_storage.cpp,"(47, 1)-(47, 28)",b'using warehouse_ros::Query;'
moveit,../repos/moveit/moveit_ros/warehouse/warehouse/src/trajectory_constraints_storage.cpp,"(47, 1)-(47, 31)",b'using warehouse_ros::Metadata;'
moveit,../repos/moveit/moveit_ros/warehouse/warehouse/src/trajectory_constraints_storage.cpp,"(48, 1)-(48, 28)",b'using warehouse_ros::Query;'
moveit,../repos/moveit/moveit_ros/warehouse/warehouse/src/constraints_storage.cpp,"(47, 1)-(47, 31)",b'using warehouse_ros::Metadata;'
moveit,../repos/moveit/moveit_ros/warehouse/warehouse/src/constraints_storage.cpp,"(48, 1)-(48, 28)",b'using warehouse_ros::Query;'
moveit,../repos/moveit/moveit_ros/visualization/motion_planning_rviz_plugin/include/moveit/motion_planning_rviz_plugin/motion_planning_frame_joints_widget.h,"(239, 3)-(239, 29)",b'using QSlider::setMaximum;'
moveit,../repos/moveit/moveit_ros/visualization/motion_planning_rviz_plugin/include/moveit/motion_planning_rviz_plugin/motion_planning_frame_joints_widget.h,"(240, 3)-(240, 29)",b'using QSlider::setMinimum;'
moveit,../repos/moveit/moveit_ros/visualization/motion_planning_rviz_plugin/include/moveit/motion_planning_rviz_plugin/motion_planning_frame_joints_widget.h,"(241, 3)-(241, 27)",b'using QSlider::setRange;'
moveit,../repos/moveit/moveit_kinematics/ikfast_kinematics_plugin/templates/ikfast61_moveit_plugin_template.cpp,"(51, 1)-(51, 30)",b'using namespace moveit::core;'
moveit,../repos/moveit/moveit_core/collision_detection/src/pycollision_detection.cpp,"(47, 1)-(47, 37)",b'using namespace collision_detection;'
moveit,../repos/moveit/moveit_core/collision_detection/test/test_all_valid.cpp,"(43, 3)-(43, 39)",b'using namespace collision_detection;'
moveit,../repos/moveit/moveit_core/collision_detection/test/test_world.cpp,"(42, 1)-(42, 37)",b'using namespace collision_detection;'
moveit,../repos/moveit/moveit_core/constraint_samplers/test/pr2_arm_ik.cpp,"(49, 1)-(49, 24)",b'using namespace angles;'
moveit,../repos/moveit/moveit_core/constraint_samplers/test/pr2_arm_ik.cpp,"(50, 1)-(50, 36)",b'using namespace pr2_arm_kinematics;'
moveit,../repos/moveit/moveit_core/constraint_samplers/test/pr2_arm_kinematics_plugin.cpp,"(45, 1)-(45, 21)",b'using namespace KDL;'
moveit,../repos/moveit/moveit_core/constraint_samplers/test/pr2_arm_kinematics_plugin.cpp,"(46, 1)-(46, 21)",b'using namespace std;'
moveit,../repos/moveit/moveit_core/constraint_samplers/test/test_constraint_samplers.cpp,"(1155, 3)-(1155, 27)",b'using namespace testing;'
moveit,../repos/moveit/moveit_core/robot_state/src/pyrobot_state.cpp,"(46, 1)-(46, 29)",b'using namespace robot_state;'
moveit,../repos/moveit/moveit_core/robot_state/test/test_cartesian_interpolator.cpp,"(43, 1)-(43, 30)",b'using namespace moveit::core;'
moveit,../repos/moveit/moveit_core/robot_state/test/test_planar_joint_jacobian.cpp,"(43, 1)-(43, 30)",b'using namespace moveit::core;'
moveit,../repos/moveit/moveit_core/kinematic_constraints/src/pykinematic_constraint.cpp,"(48, 1)-(48, 39)",b'using namespace kinematic_constraints;'
moveit,../repos/moveit/moveit_core/kinematic_constraints/src/kinematic_constraint.cpp,"(80, 3)-(80, 20)",b'using std::atan2;'
moveit,../repos/moveit/moveit_core/kinematic_constraints/src/kinematic_constraint.cpp,"(81, 3)-(81, 19)",b'using std::sqrt;'
moveit,../repos/moveit/moveit_core/kinematic_constraints/src/utils.cpp,"(44, 1)-(44, 30)",b'using namespace moveit::core;'
moveit,../repos/moveit/moveit_core/distance_field/test/test_distance_field.cpp,"(49, 1)-(49, 32)",b'using namespace distance_field;'
moveit,../repos/moveit/moveit_core/distance_field/test/test_voxel_grid.cpp,"(42, 1)-(42, 32)",b'using namespace distance_field;'
moveit,../repos/moveit/moveit_core/robot_model/src/pyrobot_model.cpp,"(44, 1)-(44, 29)",b'using namespace robot_model;'
moveit,../repos/moveit/moveit_core/planning_request_adapter/test/test_planning_request_adapter_chain.cpp,"(108, 3)-(108, 62)",b'using planning_interface::PlanningContext::Pl...'
moveit,../repos/moveit/moveit_core/trajectory_processing/test/test_time_optimal_trajectory_generation.cpp,"(44, 1)-(44, 35)",b'using trajectory_processing::Path;'
moveit,../repos/moveit/moveit_core/trajectory_processing/test/test_time_optimal_trajectory_generation.cpp,"(45, 1)-(45, 62)",b'using trajectory_processing::TimeOptimalTraje...'
moveit,../repos/moveit/moveit_core/trajectory_processing/test/test_time_optimal_trajectory_generation.cpp,"(46, 1)-(46, 41)",b'using trajectory_processing::Trajectory;'
moveit,../repos/moveit/moveit_core/planning_scene/src/pyplanning_scene.cpp,"(44, 1)-(44, 32)",b'using namespace planning_scene;'
moveit,../repos/moveit/moveit_core/transforms/src/pytransforms.cpp,"(44, 1)-(44, 30)",b'using namespace moveit::core;'
moveit,../repos/moveit/moveit_plugins/moveit_simple_controller_manager/src/follow_joint_trajectory_controller_handle.cpp,"(41, 1)-(41, 30)",b'using namespace moveit::core;'
moveit,../repos/moveit/moveit_plugins/moveit_simple_controller_manager/src/moveit_simple_controller_manager.cpp,"(47, 1)-(47, 30)",b'using namespace moveit::core;'
