Repo name,File name,Location,Content
moveit,../repos/moveit/moveit_planners/trajopt/src/trajopt_interface.cpp,"(52, 10)-(52, 18)",b'#include <vector>\n'
moveit,../repos/moveit/moveit_planners/trajopt/src/trajopt_interface.cpp,"(54, 10)-(54, 25)",b'#include <unordered_map>\n'
moveit,../repos/moveit/moveit_planners/chomp/chomp_motion_planner/include/chomp_motion_planner/chomp_optimizer.h,"(49, 10)-(49, 18)",b'#include <vector>\n'
moveit,../repos/moveit/moveit_planners/chomp/chomp_motion_planner/include/chomp_motion_planner/chomp_cost.h,"(41, 10)-(41, 18)",b'#include <vector>\n'
moveit,../repos/moveit/moveit_planners/chomp/chomp_motion_planner/include/chomp_motion_planner/chomp_trajectory.h,"(46, 10)-(46, 18)",b'#include <vector>\n'
moveit,../repos/moveit/moveit_planners/chomp/chomp_optimizer_adapter/src/chomp_optimizer_adapter.cpp,"(53, 10)-(53, 18)",b'#include <vector>\n'
moveit,../repos/moveit/moveit_planners/pilz_industrial_motion_planner/src/joint_limits_aggregator.cpp,"(41, 10)-(41, 18)",b'#include <vector>\n'
moveit,../repos/moveit/moveit_planners/pilz_industrial_motion_planner/include/pilz_industrial_motion_planner/tip_frame_getter.h,"(40, 10)-(40, 18)",b'#include <vector>\n'
moveit,../repos/moveit/moveit_planners/pilz_industrial_motion_planner/include/pilz_industrial_motion_planner/cartesian_trajectory.h,"(38, 10)-(38, 18)",b'#include <vector>\n'
moveit,../repos/moveit/moveit_planners/pilz_industrial_motion_planner/include/pilz_industrial_motion_planner/joint_limits_container.h,"(39, 10)-(39, 15)",b'#include <map>\n'
moveit,../repos/moveit/moveit_planners/pilz_industrial_motion_planner/include/pilz_industrial_motion_planner/joint_limits_container.h,"(40, 10)-(40, 18)",b'#include <vector>\n'
moveit,../repos/moveit/moveit_planners/pilz_industrial_motion_planner/include/pilz_industrial_motion_planner/joint_limits_aggregator.h,"(46, 10)-(46, 15)",b'#include <map>\n'
moveit,../repos/moveit/moveit_planners/pilz_industrial_motion_planner/include/pilz_industrial_motion_planner/planning_context_loader.h,"(40, 10)-(40, 18)",b'#include <vector>\n'
moveit,../repos/moveit/moveit_planners/pilz_industrial_motion_planner/include/pilz_industrial_motion_planner/joint_limits_extension.h,"(39, 10)-(39, 15)",b'#include <map>\n'
moveit,../repos/moveit/moveit_planners/pilz_industrial_motion_planner/test/integrationtest_command_planning.cpp,"(40, 10)-(40, 18)",b'#include <vector>\n'
moveit,../repos/moveit/moveit_planners/pilz_industrial_motion_planner/test/unittest_trajectory_functions.cpp,"(37, 10)-(37, 15)",b'#include <map>\n'
moveit,../repos/moveit/moveit_planners/pilz_industrial_motion_planner/test/unittest_trajectory_functions.cpp,"(40, 10)-(40, 18)",b'#include <vector>\n'
moveit,../repos/moveit/moveit_planners/pilz_industrial_motion_planner/test/integrationtest_sequence_service_capability.cpp,"(40, 10)-(40, 18)",b'#include <vector>\n'
moveit,../repos/moveit/moveit_planners/pilz_industrial_motion_planner/test/integrationtest_get_solver_tip_frame.cpp,"(38, 10)-(38, 18)",b'#include <vector>\n'
moveit,../repos/moveit/moveit_planners/pilz_industrial_motion_planner/test/unittest_get_solver_tip_frame.cpp,"(38, 10)-(38, 18)",b'#include <vector>\n'
moveit,../repos/moveit/moveit_planners/sbpl/core/sbpl_interface/include/sbpl_interface/bresenham.h,"(37, 10)-(37, 18)",b'#include <vector>\n'
moveit,../repos/moveit/moveit_planners/sbpl/core/sbpl_interface/include/sbpl_interface/environment_chain3d_types.h,"(39, 10)-(39, 18)",b'#include <vector>\n'
moveit,../repos/moveit/moveit_planners/sbpl/core/sbpl_interface/include/sbpl_interface/sbpl_params.h,"(39, 10)-(39, 18)",b'#include <vector>\n'
moveit,../repos/moveit/moveit_planners/sbpl/core/sbpl_interface/include/sbpl_interface/environment_chain3d.h,"(45, 10)-(45, 18)",b'#include <vector>\n'
moveit,../repos/moveit/moveit_planners/sbpl/core/sbpl_interface/include/sbpl_interface/environment_chain3d.h,"(47, 10)-(47, 16)",b'#include <list>\n'
moveit,../repos/moveit/moveit_planners/ompl/ompl_interface/include/moveit/ompl_interface/planning_context_manager.h,"(47, 10)-(47, 15)",b'#include <map>\n'
moveit,../repos/moveit/moveit_planners/ompl/ompl_interface/include/moveit/ompl_interface/ompl_interface.h,"(46, 10)-(46, 15)",b'#include <map>\n'
moveit,../repos/moveit/moveit_planners/pilz_industrial_motion_planner_testutils/include/pilz_industrial_motion_planner_testutils/xml_testdata_loader.h,"(39, 10)-(39, 18)",b'#include <vector>\n'
moveit,../repos/moveit/moveit_planners/pilz_industrial_motion_planner_testutils/include/pilz_industrial_motion_planner_testutils/xml_testdata_loader.h,"(41, 10)-(41, 15)",b'#include <map>\n'
moveit,../repos/moveit/moveit_planners/pilz_industrial_motion_planner_testutils/include/pilz_industrial_motion_planner_testutils/sequence.h,"(39, 10)-(39, 18)",b'#include <vector>\n'
moveit,../repos/moveit/moveit_planners/pilz_industrial_motion_planner_testutils/include/pilz_industrial_motion_planner_testutils/cartesianconfiguration.h,"(38, 10)-(38, 18)",b'#include <vector>\n'
moveit,../repos/moveit/moveit_planners/pilz_industrial_motion_planner_testutils/include/pilz_industrial_motion_planner_testutils/jointconfiguration.h,"(40, 10)-(40, 18)",b'#include <vector>\n'
moveit,../repos/moveit/moveit_ros/manipulation/pick_place/include/moveit/pick_place/manipulation_pipeline.h,"(42, 10)-(42, 18)",b'#include <vector>\n'
moveit,../repos/moveit/moveit_ros/manipulation/pick_place/include/moveit/pick_place/manipulation_pipeline.h,"(43, 10)-(43, 17)",b'#include <deque>\n'
moveit,../repos/moveit/moveit_ros/manipulation/pick_place/include/moveit/pick_place/manipulation_plan.h,"(49, 10)-(49, 18)",b'#include <vector>\n'
moveit,../repos/moveit/moveit_ros/planning/kinematics_plugin_loader/src/kinematics_plugin_loader.cpp,"(42, 10)-(42, 18)",b'#include <vector>\n'
moveit,../repos/moveit/moveit_ros/planning/kinematics_plugin_loader/src/kinematics_plugin_loader.cpp,"(43, 10)-(43, 15)",b'#include <map>\n'
moveit,../repos/moveit/moveit_ros/benchmarks/include/moveit/benchmarks/BenchmarkOptions.h,"(40, 10)-(40, 15)",b'#include <map>\n'
moveit,../repos/moveit/moveit_ros/benchmarks/include/moveit/benchmarks/BenchmarkOptions.h,"(41, 10)-(41, 18)",b'#include <vector>\n'
moveit,../repos/moveit/moveit_ros/benchmarks/include/moveit/benchmarks/BenchmarkExecutor.h,"(52, 10)-(52, 15)",b'#include <map>\n'
moveit,../repos/moveit/moveit_ros/benchmarks/include/moveit/benchmarks/BenchmarkExecutor.h,"(53, 10)-(53, 18)",b'#include <vector>\n'
moveit,../repos/moveit/moveit_ros/planning_interface/py_bindings_tools/include/moveit/py_bindings_tools/py_conversions.h,"(42, 10)-(42, 18)",b'#include <vector>\n'
moveit,../repos/moveit/moveit_ros/planning_interface/py_bindings_tools/include/moveit/py_bindings_tools/py_conversions.h,"(43, 10)-(43, 15)",b'#include <map>\n'
moveit,../repos/moveit/moveit_ros/planning_interface/test/move_group_pick_place_test.cpp,"(43, 10)-(43, 18)",b'#include <vector>\n'
moveit,../repos/moveit/moveit_ros/planning_interface/test/subframes_test.cpp,"(43, 10)-(43, 18)",b'#include <vector>\n'
moveit,../repos/moveit/moveit_ros/planning_interface/test/subframes_test.cpp,"(44, 10)-(44, 15)",b'#include <map>\n'
moveit,../repos/moveit/moveit_ros/planning_interface/test/planning_scene_interface.cpp,"(39, 10)-(39, 18)",b'#include <vector>\n'
moveit,../repos/moveit/moveit_ros/planning_interface/test/move_group_interface_cpp_test.cpp,"(44, 10)-(44, 18)",b'#include <vector>\n'
moveit,../repos/moveit/moveit_ros/planning_interface/test/move_group_interface_cpp_test.cpp,"(45, 10)-(45, 15)",b'#include <map>\n'
moveit,../repos/moveit/moveit_ros/perception/lazy_free_space_updater/include/moveit/lazy_free_space_updater/lazy_free_space_updater.h,"(41, 10)-(41, 17)",b'#include <deque>\n'
moveit,../repos/moveit/moveit_ros/perception/lazy_free_space_updater/include/moveit/lazy_free_space_updater/lazy_free_space_updater.h,"(42, 10)-(42, 25)",b'#include <unordered_map>\n'
moveit,../repos/moveit/moveit_ros/perception/mesh_filter/src/gl_renderer.cpp,"(49, 10)-(49, 18)",b'#include <vector>\n'
moveit,../repos/moveit/moveit_ros/perception/mesh_filter/include/moveit/mesh_filter/mesh_filter_base.h,"(39, 10)-(39, 15)",b'#include <map>\n'
moveit,../repos/moveit/moveit_ros/perception/mesh_filter/include/moveit/mesh_filter/mesh_filter_base.h,"(44, 10)-(44, 17)",b'#include <queue>\n'
moveit,../repos/moveit/moveit_ros/perception/mesh_filter/include/moveit/mesh_filter/gl_renderer.h,"(49, 10)-(49, 15)",b'#include <map>\n'
moveit,../repos/moveit/moveit_ros/perception/mesh_filter/include/moveit/mesh_filter/mesh_filter.h,"(39, 10)-(39, 15)",b'#include <map>\n'
moveit,../repos/moveit/moveit_ros/perception/mesh_filter/include/moveit/mesh_filter/transform_provider.h,"(43, 10)-(43, 15)",b'#include <map>\n'
moveit,../repos/moveit/moveit_ros/perception/mesh_filter/test/mesh_filter_test.cpp,"(41, 10)-(41, 18)",b'#include <vector>\n'
moveit,../repos/moveit/moveit_ros/perception/point_containment_filter/include/moveit/point_containment_filter/shape_mask.h,"(42, 10)-(42, 18)",b'#include <vector>\n'
moveit,../repos/moveit/moveit_ros/perception/point_containment_filter/include/moveit/point_containment_filter/shape_mask.h,"(43, 10)-(43, 15)",b'#include <set>\n'
moveit,../repos/moveit/moveit_ros/perception/point_containment_filter/include/moveit/point_containment_filter/shape_mask.h,"(44, 10)-(44, 15)",b'#include <map>\n'
moveit,../repos/moveit/moveit_ros/warehouse/warehouse/include/moveit/warehouse/moveit_message_storage.h,"(40, 10)-(40, 18)",b'#include <vector>\n'
moveit,../repos/moveit/moveit_ros/moveit_servo/include/moveit_servo/status_codes.h,"(42, 10)-(42, 25)",b'#include <unordered_map>\n'
moveit,../repos/moveit/moveit_ros/move_group/src/move_group.cpp,"(46, 10)-(46, 15)",b'#include <set>\n'
moveit,../repos/moveit/moveit_ros/occupancy_map_monitor/include/moveit/occupancy_map_monitor/occupancy_map_monitor.h,"(39, 10)-(39, 18)",b'#include <vector>\n'
moveit,../repos/moveit/moveit_ros/visualization/rviz_plugin_render_tools/include/moveit/rviz_plugin_render_tools/octomap_render.h,"(40, 10)-(40, 18)",b'#include <vector>\n'
moveit,../repos/moveit/moveit_ros/visualization/motion_planning_rviz_plugin/include/moveit/motion_planning_rviz_plugin/motion_planning_frame.h,"(60, 10)-(60, 15)",b'#include <map>\n'
moveit,../repos/moveit/moveit_ros/visualization/motion_planning_rviz_plugin/include/moveit/motion_planning_rviz_plugin/motion_planning_frame_joints_widget.h,"(45, 10)-(45, 18)",b'#include <vector>\n'
moveit,../repos/moveit/moveit_kinematics/cached_ik_kinematics_plugin/include/moveit/cached_ik_kinematics_plugin/detail/NearestNeighborsGNAT.h,"(44, 10)-(44, 25)",b'#include <unordered_set>\n'
moveit,../repos/moveit/moveit_kinematics/cached_ik_kinematics_plugin/include/moveit/cached_ik_kinematics_plugin/detail/NearestNeighborsGNAT.h,"(45, 10)-(45, 17)",b'#include <queue>\n'
moveit,../repos/moveit/moveit_kinematics/cached_ik_kinematics_plugin/include/moveit/cached_ik_kinematics_plugin/detail/NearestNeighbors.h,"(41, 10)-(41, 18)",b'#include <vector>\n'
moveit,../repos/moveit/moveit_kinematics/cached_ik_kinematics_plugin/include/moveit/cached_ik_kinematics_plugin/cached_ik_kinematics_plugin.h,"(46, 10)-(46, 25)",b'#include <unordered_map>\n'
moveit,../repos/moveit/moveit_kinematics/ikfast_kinematics_plugin/templates/ikfast.h,"(35, 10)-(35, 18)",b'#include <vector>\n'
moveit,../repos/moveit/moveit_kinematics/ikfast_kinematics_plugin/templates/ikfast.h,"(36, 10)-(36, 16)",b'#include <list>\n'
moveit,../repos/moveit/moveit_core/controller_manager/include/moveit/controller_manager/controller_manager.h,"(39, 10)-(39, 18)",b'#include <vector>\n'
moveit,../repos/moveit/moveit_core/collision_detection/include/moveit/collision_detection/collision_matrix.h,"(44, 10)-(44, 18)",b'#include <vector>\n'
moveit,../repos/moveit/moveit_core/collision_detection/include/moveit/collision_detection/collision_matrix.h,"(46, 10)-(46, 15)",b'#include <map>\n'
moveit,../repos/moveit/moveit_core/collision_detection/include/moveit/collision_detection/collision_common.h,"(41, 10)-(41, 18)",b'#include <vector>\n'
moveit,../repos/moveit/moveit_core/collision_detection/include/moveit/collision_detection/collision_common.h,"(43, 10)-(43, 15)",b'#include <map>\n'
moveit,../repos/moveit/moveit_core/collision_detection/include/moveit/collision_detection/collision_common.h,"(44, 10)-(44, 15)",b'#include <set>\n'
moveit,../repos/moveit/moveit_core/collision_detection/include/moveit/collision_detection/world.h,"(42, 10)-(42, 18)",b'#include <vector>\n'
moveit,../repos/moveit/moveit_core/collision_detection/include/moveit/collision_detection/world.h,"(43, 10)-(43, 15)",b'#include <map>\n'
moveit,../repos/moveit/moveit_core/constraint_samplers/include/moveit/constraint_samplers/constraint_sampler.h,"(41, 10)-(41, 18)",b'#include <vector>\n'
moveit,../repos/moveit/moveit_core/robot_state/include/moveit/robot_state/attached_body.h,"(45, 10)-(45, 15)",b'#include <set>\n'
moveit,../repos/moveit/moveit_core/kinematic_constraints/include/moveit/kinematic_constraints/kinematic_constraint.h,"(49, 10)-(49, 18)",b'#include <vector>\n'
moveit,../repos/moveit/moveit_core/distance_field/include/moveit/distance_field/propagation_distance_field.h,"(41, 10)-(41, 18)",b'#include <vector>\n'
moveit,../repos/moveit/moveit_core/distance_field/include/moveit/distance_field/propagation_distance_field.h,"(43, 10)-(43, 15)",b'#include <set>\n'
moveit,../repos/moveit/moveit_core/robot_model/include/moveit/robot_model/link_model.h,"(40, 10)-(40, 18)",b'#include <vector>\n'
moveit,../repos/moveit/moveit_core/robot_model/include/moveit/robot_model/link_model.h,"(42, 10)-(42, 15)",b'#include <map>\n'
moveit,../repos/moveit/moveit_core/robot_model/include/moveit/robot_model/joint_model.h,"(41, 10)-(41, 18)",b'#include <vector>\n'
moveit,../repos/moveit/moveit_core/robot_model/include/moveit/robot_model/joint_model.h,"(42, 10)-(42, 15)",b'#include <map>\n'
moveit,../repos/moveit/moveit_core/robot_model/include/moveit/robot_model/joint_model_group.h,"(45, 10)-(45, 15)",b'#include <set>\n'
moveit,../repos/moveit/moveit_core/trajectory_processing/src/ruckig_traj_smoothing.cpp,"(42, 10)-(42, 18)",b'#include <vector>\n'
moveit,../repos/moveit/moveit_core/trajectory_processing/src/time_optimal_trajectory_generation.cpp,"(45, 10)-(45, 18)",b'#include <vector>\n'
moveit,../repos/moveit/moveit_core/trajectory_processing/src/iterative_spline_parameterization.cpp,"(39, 10)-(39, 18)",b'#include <vector>\n'
moveit,../repos/moveit/moveit_core/trajectory_processing/include/moveit/trajectory_processing/ruckig_traj_smoothing.h,"(39, 10)-(39, 16)",b'#include <list>\n'
moveit,../repos/moveit/moveit_core/trajectory_processing/include/moveit/trajectory_processing/ruckig_traj_smoothing.h,"(40, 10)-(40, 25)",b'#include <unordered_map>\n'
moveit,../repos/moveit/moveit_core/trajectory_processing/include/moveit/trajectory_processing/time_optimal_trajectory_generation.h,"(42, 10)-(42, 16)",b'#include <list>\n'
moveit,../repos/moveit/moveit_core/trajectory_processing/include/moveit/trajectory_processing/time_optimal_trajectory_generation.h,"(45, 10)-(45, 25)",b'#include <unordered_map>\n'
moveit,../repos/moveit/moveit_core/collision_distance_field/include/moveit/collision_distance_field/collision_distance_field_types.h,"(39, 10)-(39, 18)",b'#include <vector>\n'
moveit,../repos/moveit/moveit_core/profiler/src/profiler.cpp,"(41, 10)-(41, 18)",b'#include <vector>\n'
moveit,../repos/moveit/moveit_core/profiler/include/moveit/profiler/profiler.h,"(56, 10)-(56, 15)",b'#include <map>\n'
moveit,../repos/moveit/moveit_core/planning_interface/src/planning_interface.cpp,"(39, 10)-(39, 15)",b'#include <set>\n'
moveit,../repos/moveit/moveit_core/planning_interface/include/moveit/planning_interface/planning_interface.h,"(43, 10)-(43, 15)",b'#include <map>\n'
moveit,../repos/moveit/moveit_core/sensor_manager/include/moveit/sensor_manager/sensor_manager.h,"(39, 10)-(39, 18)",b'#include <vector>\n'
moveit,../repos/moveit/moveit_core/robot_trajectory/include/moveit/robot_trajectory/robot_trajectory.h,"(43, 10)-(43, 17)",b'#include <deque>\n'
moveit,../repos/moveit/moveit_core/planning_scene/src/planning_scene.cpp,"(51, 10)-(51, 15)",b'#include <set>\n'
moveit,../repos/moveit/moveit_core/collision_detection_bullet/src/bullet_integration/bullet_bvh_manager.cpp,"(35, 10)-(35, 15)",b'#include <map>\n'
moveit,../repos/moveit/moveit_core/collision_detection_bullet/src/bullet_integration/bullet_cast_bvh_manager.cpp,"(35, 10)-(35, 15)",b'#include <map>\n'
moveit,../repos/moveit/moveit_core/collision_detection_bullet/include/moveit/collision_detection_bullet/bullet_integration/basic_types.h,"(27, 10)-(27, 25)",b'#include <unordered_map>\n'
moveit,../repos/moveit/moveit_core/collision_detection_bullet/include/moveit/collision_detection_bullet/bullet_integration/basic_types.h,"(28, 10)-(28, 18)",b'#include <vector>\n'
moveit,../repos/moveit/moveit_core/collision_detection_bullet/include/moveit/collision_detection_bullet/bullet_integration/basic_types.h,"(31, 10)-(31, 15)",b'#include <map>\n'
moveit,../repos/moveit/moveit_core/background_processing/include/moveit/background_processing/background_processing.h,"(39, 10)-(39, 17)",b'#include <deque>\n'
moveit,../repos/moveit/moveit_core/collision_detection_fcl/include/moveit/collision_detection_fcl/collision_common.h,"(56, 10)-(56, 15)",b'#include <set>\n'
moveit,../repos/moveit/moveit_plugins/moveit_ros_control_interface/src/controller_manager_plugin.cpp,"(53, 10)-(53, 15)",b'#include <map>\n'
moveit,../repos/moveit/moveit_plugins/moveit_fake_controller_manager/src/moveit_fake_controller_manager.cpp,"(44, 10)-(44, 15)",b'#include <map>\n'
moveit,../repos/moveit/moveit_plugins/moveit_simple_controller_manager/src/moveit_simple_controller_manager.cpp,"(45, 10)-(45, 15)",b'#include <map>\n'
moveit,../repos/moveit/moveit_plugins/moveit_simple_controller_manager/include/moveit_simple_controller_manager/gripper_controller_handle.h,"(42, 10)-(42, 15)",b'#include <set>\n'
moveit,../repos/moveit/moveit_setup_assistant/src/tools/xml_syntax_highlighter.h,"(41, 10)-(41, 15)",b'#include <map>\n'
moveit,../repos/moveit/moveit_setup_assistant/include/moveit/setup_assistant/tools/xml_manipulation.h,"(39, 10)-(39, 18)",b'#include <vector>\n'
moveit,../repos/moveit/moveit_setup_assistant/include/moveit/setup_assistant/tools/compute_default_collisions.h,"(39, 10)-(39, 15)",b'#include <map>\n'
