Repo name,File name,Location,Content
moveit,../repos/moveit/moveit_ros/robot_interaction/test/locked_robot_state_test.cpp,"(559, 41)-(559, 43)","b'TEST(F, DISABLED_##N)'"
moveit,../repos/moveit/moveit_core/macros/include/moveit/macros/declare_ptr.h,"(55, 37)-(55, 39)",b'typedef std::shared_ptr<Type> Name##Ptr;     ...'
moveit,../repos/moveit/moveit_core/macros/include/moveit/macros/declare_ptr.h,"(55, 164)-(55, 166)",b'typedef std::shared_ptr<Type> Name##Ptr;     ...'
moveit,../repos/moveit/moveit_core/macros/include/moveit/macros/declare_ptr.h,"(55, 277)-(55, 279)",b'typedef std::shared_ptr<Type> Name##Ptr;     ...'
moveit,../repos/moveit/moveit_core/macros/include/moveit/macros/declare_ptr.h,"(55, 404)-(55, 406)",b'typedef std::shared_ptr<Type> Name##Ptr;     ...'
moveit,../repos/moveit/moveit_core/macros/include/moveit/macros/declare_ptr.h,"(55, 521)-(55, 523)",b'typedef std::shared_ptr<Type> Name##Ptr;     ...'
moveit,../repos/moveit/moveit_core/macros/include/moveit/macros/declare_ptr.h,"(55, 648)-(55, 650)",b'typedef std::shared_ptr<Type> Name##Ptr;     ...'
