Repo name,File name,Location,Content
moveit,../repos/moveit/moveit_planners/trajopt/include/trajopt_interface/kinematic_terms.h,"(33, 1)-(40, 2)",b'template <typename T>\ninline std::vector<T> c...'
moveit,../repos/moveit/moveit_planners/chomp/chomp_motion_planner/src/chomp_optimizer.cpp,"(801, 1)-(824, 2)",b'template <typename Derived>\nvoid ChompOptimiz...'
moveit,../repos/moveit/moveit_planners/chomp/chomp_motion_planner/include/chomp_motion_planner/chomp_optimizer.h,"(103, 3)-(105, 64)",b'template <typename Derived>\n  void getJacobia...'
moveit,../repos/moveit/moveit_planners/chomp/chomp_motion_planner/include/chomp_motion_planner/chomp_cost.h,"(55, 3)-(56, 117)",b'template <typename Derived>\n  void getDerivat...'
moveit,../repos/moveit/moveit_planners/chomp/chomp_motion_planner/include/chomp_motion_planner/chomp_cost.h,"(77, 1)-(82, 2)",b'template <typename Derived>\nvoid ChompCost::g...'
moveit,../repos/moveit/moveit_planners/chomp/chomp_motion_planner/include/chomp_motion_planner/chomp_trajectory.h,"(195, 3)-(196, 86)",b'template <typename Derived>\n  void getJointVe...'
moveit,../repos/moveit/moveit_planners/chomp/chomp_motion_planner/include/chomp_motion_planner/chomp_trajectory.h,"(293, 1)-(303, 2)",b'template <typename Derived>\nvoid ChompTraject...'
moveit,../repos/moveit/moveit_planners/chomp/chomp_motion_planner/include/chomp_motion_planner/multivariate_gaussian.h,"(54, 3)-(55, 112)","b'template <typename Derived1, typename Derived...'"
moveit,../repos/moveit/moveit_planners/chomp/chomp_motion_planner/include/chomp_motion_planner/multivariate_gaussian.h,"(57, 3)-(58, 51)",b'template <typename Derived>\n  void sample(Eig...'
moveit,../repos/moveit/moveit_planners/chomp/chomp_motion_planner/include/chomp_motion_planner/multivariate_gaussian.h,"(73, 1)-(85, 2)","b'template <typename Derived1, typename Derived...'"
moveit,../repos/moveit/moveit_planners/chomp/chomp_motion_planner/include/chomp_motion_planner/multivariate_gaussian.h,"(87, 1)-(93, 2)",b'template <typename Derived>\nvoid Multivariate...'
moveit,../repos/moveit/moveit_planners/pilz_industrial_motion_planner/include/pilz_industrial_motion_planner/tip_frame_getter.h,"(55, 1)-(63, 2)",b'template <class JointModelGroup>\nstatic bool ...'
moveit,../repos/moveit/moveit_planners/pilz_industrial_motion_planner/include/pilz_industrial_motion_planner/tip_frame_getter.h,"(74, 1)-(88, 2)",b'template <class JointModelGroup>\nstatic const...'
moveit,../repos/moveit/moveit_planners/pilz_industrial_motion_planner/include/pilz_industrial_motion_planner/trajectory_generation_exceptions.h,"(64, 1)-(76, 3)",b'template <moveit_msgs::MoveItErrorCodes::_val...'
moveit,../repos/moveit/moveit_planners/pilz_industrial_motion_planner/include/pilz_industrial_motion_planner/trajectory_generation_exceptions.h,"(83, 1)-(87, 2)",b'template <moveit_msgs::MoveItErrorCodes::_val...'
moveit,../repos/moveit/moveit_planners/pilz_industrial_motion_planner/include/pilz_industrial_motion_planner/trajectory_generation_exceptions.h,"(89, 1)-(94, 2)",b'template <moveit_msgs::MoveItErrorCodes::_val...'
moveit,../repos/moveit/moveit_planners/pilz_industrial_motion_planner/include/pilz_industrial_motion_planner/trajectory_generation_exceptions.h,"(96, 1)-(101, 2)",b'template <moveit_msgs::MoveItErrorCodes::_val...'
moveit,../repos/moveit/moveit_planners/pilz_industrial_motion_planner/include/pilz_industrial_motion_planner/planning_context_loader.h,"(96, 3)-(98, 52)",b'template <typename T>\n  bool loadContext(plan...'
moveit,../repos/moveit/moveit_planners/pilz_industrial_motion_planner/include/pilz_industrial_motion_planner/planning_context_loader.h,"(120, 1)-(142, 2)",b'template <typename T>\nbool PlanningContextLoa...'
moveit,../repos/moveit/moveit_planners/pilz_industrial_motion_planner/include/pilz_industrial_motion_planner/planning_context_base.h,"(55, 1)-(117, 3)",b'template <typename GeneratorT>\nclass Planning...'
moveit,../repos/moveit/moveit_planners/pilz_industrial_motion_planner/include/pilz_industrial_motion_planner/planning_context_base.h,"(119, 1)-(130, 2)",b'template <typename GeneratorT>\nbool pilz_indu...'
moveit,../repos/moveit/moveit_planners/pilz_industrial_motion_planner/include/pilz_industrial_motion_planner/planning_context_base.h,"(132, 1)-(154, 2)",b'template <typename GeneratorT>\nbool pilz_indu...'
moveit,../repos/moveit/moveit_planners/pilz_industrial_motion_planner/include/pilz_industrial_motion_planner/planning_context_base.h,"(156, 1)-(162, 2)",b'template <typename GeneratorT>\nbool pilz_indu...'
moveit,../repos/moveit/moveit_planners/pilz_industrial_motion_planner/include/pilz_industrial_motion_planner/planning_context_base.h,"(164, 1)-(169, 2)",b'template <typename GeneratorT>\nvoid pilz_indu...'
moveit,../repos/moveit/moveit_planners/pilz_industrial_motion_planner/test/unittest_planning_context.cpp,"(67, 1)-(73, 3)","b'template <typename T, int N>\nclass ValueTypeC...'"
moveit,../repos/moveit/moveit_planners/pilz_industrial_motion_planner/test/unittest_planning_context.cpp,"(74, 1)-(75, 43)","b'template <typename T, int N>\nconst int ValueT...'"
moveit,../repos/moveit/moveit_planners/pilz_industrial_motion_planner/test/unittest_planning_context.cpp,"(91, 1)-(189, 3)",b'template <typename T>\nclass PlanningContextTe...'
moveit,../repos/moveit/moveit_planners/pilz_industrial_motion_planner/test/unittest_trajectory_generator_common.cpp,"(67, 1)-(73, 3)","b'template <typename T, int N>\nclass ValueTypeC...'"
moveit,../repos/moveit/moveit_planners/pilz_industrial_motion_planner/test/unittest_trajectory_generator_common.cpp,"(74, 1)-(75, 43)","b'template <typename T, int N>\nconst int ValueT...'"
moveit,../repos/moveit/moveit_planners/pilz_industrial_motion_planner/test/unittest_trajectory_generator_common.cpp,"(96, 1)-(159, 3)",b'template <typename T>\nclass TrajectoryGenerat...'
moveit,../repos/moveit/moveit_planners/pilz_industrial_motion_planner/test/unittest_trajectory_generator_common.cpp,"(163, 1)-(166, 3)",b'template <typename T>\nclass TrajectoryGenerat...'
moveit,../repos/moveit/moveit_planners/pilz_industrial_motion_planner/test/unittest_trajectory_generator_common.cpp,"(169, 1)-(172, 3)",b'template <typename T>\nclass TrajectoryGenerat...'
moveit,../repos/moveit/moveit_planners/ompl/ompl_interface/cfg/cpp/ompl_interface_ros/OMPLDynamicReconfigureConfig.h,"(89, 3)-(142, 5)",b'template <class T>\n  class ParamDescription :...'
moveit,../repos/moveit/moveit_planners/ompl/ompl_interface/cfg/cpp/ompl_interface_ros/OMPLDynamicReconfigureConfig.h,"(175, 3)-(247, 5)","b'template <class T, class PT>\n  class GroupDes...'"
moveit,../repos/moveit/moveit_planners/ompl/ompl_interface/cfg/cpp/ompl_interface_ros/OMPLDynamicReconfigureConfig.h,"(416, 1)-(423, 2)",b'template <>  // Max and min are ignored for s...'
moveit,../repos/moveit/moveit_planners/ompl/ompl_interface/src/detail/constraints_library.cpp,"(52, 1)-(67, 2)",b'template <typename T>\nvoid msgToHex(const T& ...'
moveit,../repos/moveit/moveit_planners/ompl/ompl_interface/src/detail/constraints_library.cpp,"(69, 1)-(81, 2)",b'template <typename T>\nvoid hexToMsg(const std...'
moveit,../repos/moveit/moveit_planners/ompl/ompl_interface/src/planning_context_manager.cpp,"(109, 1)-(165, 2)",b'template <typename T>\nompl::base::PlannerPtr ...'
moveit,../repos/moveit/moveit_planners/ompl/ompl_interface/src/planning_context_manager.cpp,"(167, 1)-(194, 2)",b'template <typename T>\nompl::base::PlannerPtr ...'
moveit,../repos/moveit/moveit_planners/ompl/ompl_interface/src/planning_context_manager.cpp,"(197, 1)-(202, 2)",b'template <typename T>\ninline ompl::base::Plan...'
moveit,../repos/moveit/moveit_planners/ompl/ompl_interface/src/planning_context_manager.cpp,"(208, 1)-(213, 2)",b'template <>\ninline ompl::base::Planner*\nMulti...'
moveit,../repos/moveit/moveit_planners/ompl/ompl_interface/src/planning_context_manager.cpp,"(214, 1)-(219, 2)",b'template <>\ninline ompl::base::Planner*\nMulti...'
moveit,../repos/moveit/moveit_planners/ompl/ompl_interface/src/planning_context_manager.cpp,"(220, 1)-(225, 2)",b'template <>\ninline ompl::base::Planner*\nMulti...'
moveit,../repos/moveit/moveit_planners/ompl/ompl_interface/src/planning_context_manager.cpp,"(226, 1)-(231, 2)",b'template <>\ninline ompl::base::Planner*\nMulti...'
moveit,../repos/moveit/moveit_planners/ompl/ompl_interface/src/planning_context_manager.cpp,"(266, 1)-(273, 2)",b'template <typename T>\nvoid ompl_interface::Pl...'
moveit,../repos/moveit/moveit_planners/ompl/ompl_interface/include/moveit/ompl_interface/planning_context_manager.h,"(57, 3)-(59, 86)",b'template <typename T>\n  ob::PlannerPtr alloca...'
moveit,../repos/moveit/moveit_planners/ompl/ompl_interface/include/moveit/ompl_interface/planning_context_manager.h,"(62, 3)-(65, 106)",b'template <typename T>\n  ob::PlannerPtr alloca...'
moveit,../repos/moveit/moveit_planners/ompl/ompl_interface/include/moveit/ompl_interface/planning_context_manager.h,"(67, 3)-(68, 78)",b'template <typename T>\n  inline ob::Planner* a...'
moveit,../repos/moveit/moveit_planners/ompl/ompl_interface/include/moveit/ompl_interface/planning_context_manager.h,"(214, 3)-(215, 70)",b'template <typename T>\n  void registerPlannerA...'
moveit,../repos/moveit/moveit_planners/pilz_industrial_motion_planner_testutils/src/xml_testdata_loader.cpp,"(118, 1)-(136, 3)",b'template <class CmdType>\nclass CmdGetterAdapt...'
moveit,../repos/moveit/moveit_planners/pilz_industrial_motion_planner_testutils/src/sequence.cpp,"(48, 3)-(52, 4)",b'template <typename T>\n  planning_interface::M...'
moveit,../repos/moveit/moveit_planners/pilz_industrial_motion_planner_testutils/src/sequence.cpp,"(61, 3)-(65, 4)",b'template <typename T>\n  MotionCmd& operator()...'
moveit,../repos/moveit/moveit_planners/pilz_industrial_motion_planner_testutils/include/pilz_industrial_motion_planner_testutils/basecmd.h,"(44, 1)-(72, 3)","b'template <class StartType, class GoalType>\ncl...'"
moveit,../repos/moveit/moveit_planners/pilz_industrial_motion_planner_testutils/include/pilz_industrial_motion_planner_testutils/basecmd.h,"(75, 1)-(79, 2)","b'template <class StartType, class GoalType>\nin...'"
moveit,../repos/moveit/moveit_planners/pilz_industrial_motion_planner_testutils/include/pilz_industrial_motion_planner_testutils/basecmd.h,"(81, 1)-(85, 2)","b'template <class StartType, class GoalType>\nin...'"
moveit,../repos/moveit/moveit_planners/pilz_industrial_motion_planner_testutils/include/pilz_industrial_motion_planner_testutils/basecmd.h,"(87, 1)-(91, 2)","b'template <class StartType, class GoalType>\nin...'"
moveit,../repos/moveit/moveit_planners/pilz_industrial_motion_planner_testutils/include/pilz_industrial_motion_planner_testutils/basecmd.h,"(93, 1)-(97, 2)","b'template <class StartType, class GoalType>\nin...'"
moveit,../repos/moveit/moveit_planners/pilz_industrial_motion_planner_testutils/include/pilz_industrial_motion_planner_testutils/basecmd.h,"(99, 1)-(103, 2)","b'template <class StartType, class GoalType>\nin...'"
moveit,../repos/moveit/moveit_planners/pilz_industrial_motion_planner_testutils/include/pilz_industrial_motion_planner_testutils/basecmd.h,"(105, 1)-(109, 2)","b'template <class StartType, class GoalType>\nin...'"
moveit,../repos/moveit/moveit_planners/pilz_industrial_motion_planner_testutils/include/pilz_industrial_motion_planner_testutils/basecmd.h,"(111, 1)-(125, 2)","b'template <class StartType, class GoalType>\npl...'"
moveit,../repos/moveit/moveit_planners/pilz_industrial_motion_planner_testutils/include/pilz_industrial_motion_planner_testutils/lin.h,"(47, 1)-(57, 3)","b'template <class StartType, class GoalType>\ncl...'"
moveit,../repos/moveit/moveit_planners/pilz_industrial_motion_planner_testutils/include/pilz_industrial_motion_planner_testutils/lin.h,"(60, 1)-(64, 2)","b'template <class StartType, class GoalType>\nin...'"
moveit,../repos/moveit/moveit_planners/pilz_industrial_motion_planner_testutils/include/pilz_industrial_motion_planner_testutils/ptp.h,"(47, 1)-(57, 3)","b'template <class StartType, class GoalType>\ncl...'"
moveit,../repos/moveit/moveit_planners/pilz_industrial_motion_planner_testutils/include/pilz_industrial_motion_planner_testutils/ptp.h,"(60, 1)-(64, 2)","b'template <class StartType, class GoalType>\nin...'"
moveit,../repos/moveit/moveit_planners/pilz_industrial_motion_planner_testutils/include/pilz_industrial_motion_planner_testutils/interim.h,"(46, 1)-(51, 3)","b'template <class ConfigType, class BuilderType...'"
moveit,../repos/moveit/moveit_planners/pilz_industrial_motion_planner_testutils/include/pilz_industrial_motion_planner_testutils/interim.h,"(53, 1)-(57, 2)","b'template <class ConfigType, class BuilderType...'"
moveit,../repos/moveit/moveit_planners/pilz_industrial_motion_planner_testutils/include/pilz_industrial_motion_planner_testutils/sequence.h,"(67, 3)-(68, 37)",b'template <class T>\n  T& getCmd(const size_t i...'
moveit,../repos/moveit/moveit_planners/pilz_industrial_motion_planner_testutils/include/pilz_industrial_motion_planner_testutils/sequence.h,"(70, 3)-(71, 49)",b'template <class T>\n  const T& getCmd(const si...'
moveit,../repos/moveit/moveit_planners/pilz_industrial_motion_planner_testutils/include/pilz_industrial_motion_planner_testutils/sequence.h,"(77, 3)-(78, 50)",b'template <class T>\n  bool cmdIsOfType(const s...'
moveit,../repos/moveit/moveit_planners/pilz_industrial_motion_planner_testutils/include/pilz_industrial_motion_planner_testutils/sequence.h,"(113, 1)-(117, 2)",b'template <class T>\ninline T& Sequence::getCmd...'
moveit,../repos/moveit/moveit_planners/pilz_industrial_motion_planner_testutils/include/pilz_industrial_motion_planner_testutils/sequence.h,"(119, 1)-(123, 2)",b'template <class T>\ninline const T& Sequence::...'
moveit,../repos/moveit/moveit_planners/pilz_industrial_motion_planner_testutils/include/pilz_industrial_motion_planner_testutils/sequence.h,"(140, 1)-(144, 2)",b'template <class T>\ninline bool Sequence::cmdI...'
moveit,../repos/moveit/moveit_planners/pilz_industrial_motion_planner_testutils/include/pilz_industrial_motion_planner_testutils/center.h,"(46, 1)-(51, 3)","b'template <class ConfigType, class BuilderType...'"
moveit,../repos/moveit/moveit_planners/pilz_industrial_motion_planner_testutils/include/pilz_industrial_motion_planner_testutils/center.h,"(53, 1)-(57, 2)","b'template <class ConfigType, class BuilderType...'"
moveit,../repos/moveit/moveit_planners/pilz_industrial_motion_planner_testutils/include/pilz_industrial_motion_planner_testutils/circ.h,"(48, 1)-(69, 3)","b'template <class StartType, class AuxiliaryTyp...'"
moveit,../repos/moveit/moveit_planners/pilz_industrial_motion_planner_testutils/include/pilz_industrial_motion_planner_testutils/circ.h,"(72, 1)-(76, 2)","b'template <class StartType, class AuxiliaryTyp...'"
moveit,../repos/moveit/moveit_planners/pilz_industrial_motion_planner_testutils/include/pilz_industrial_motion_planner_testutils/circ.h,"(78, 1)-(82, 2)","b'template <class StartType, class AuxiliaryTyp...'"
moveit,../repos/moveit/moveit_planners/pilz_industrial_motion_planner_testutils/include/pilz_industrial_motion_planner_testutils/circ.h,"(84, 1)-(91, 2)","b'template <class StartType, class AuxiliaryTyp...'"
moveit,../repos/moveit/moveit_planners/pilz_industrial_motion_planner_testutils/include/pilz_industrial_motion_planner_testutils/circ.h,"(93, 1)-(97, 2)","b'template <class StartType, class AuxiliaryTyp...'"
moveit,../repos/moveit/moveit_planners/pilz_industrial_motion_planner_testutils/include/pilz_industrial_motion_planner_testutils/circ.h,"(99, 1)-(103, 2)","b'template <class StartType, class AuxiliaryTyp...'"
moveit,../repos/moveit/moveit_planners/pilz_industrial_motion_planner_testutils/include/pilz_industrial_motion_planner_testutils/circauxiliary.h,"(48, 1)-(64, 3)","b'template <class ConfigType, class BuilderType...'"
moveit,../repos/moveit/moveit_planners/pilz_industrial_motion_planner_testutils/include/pilz_industrial_motion_planner_testutils/circauxiliary.h,"(66, 1)-(70, 2)","b'template <class ConfigType, class BuilderType...'"
moveit,../repos/moveit/moveit_planners/pilz_industrial_motion_planner_testutils/include/pilz_industrial_motion_planner_testutils/circauxiliary.h,"(72, 1)-(76, 2)","b'template <class ConfigType, class BuilderType...'"
moveit,../repos/moveit/moveit_planners/pilz_industrial_motion_planner_testutils/include/pilz_industrial_motion_planner_testutils/circauxiliary.h,"(78, 1)-(82, 2)","b'template <class ConfigType, class BuilderType...'"
moveit,../repos/moveit/moveit_planners/pilz_industrial_motion_planner_testutils/include/pilz_industrial_motion_planner_testutils/circauxiliary.h,"(84, 1)-(88, 2)","b'template <class ConfigType, class BuilderType...'"
moveit,../repos/moveit/moveit_ros/planning_interface/py_bindings_tools/include/moveit/py_bindings_tools/serialize_msg.h,"(67, 3)-(70, 4)",b'template <typename T>\n  explicit ByteString(c...'
moveit,../repos/moveit/moveit_ros/planning_interface/py_bindings_tools/include/moveit/py_bindings_tools/serialize_msg.h,"(74, 3)-(82, 4)","b'template <typename T, typename std::enable_if...'"
moveit,../repos/moveit/moveit_ros/planning_interface/py_bindings_tools/include/moveit/py_bindings_tools/serialize_msg.h,"(85, 3)-(98, 4)",b'template <typename T>\n  void deserialize(T& m...'
moveit,../repos/moveit/moveit_ros/planning_interface/py_bindings_tools/include/moveit/py_bindings_tools/serialize_msg.h,"(102, 1)-(106, 2)",b'template <typename T>\nByteString serializeMsg...'
moveit,../repos/moveit/moveit_ros/planning_interface/py_bindings_tools/include/moveit/py_bindings_tools/serialize_msg.h,"(109, 1)-(113, 2)",b'template <typename T>\nvoid deserializeMsg(con...'
moveit,../repos/moveit/moveit_ros/planning_interface/py_bindings_tools/include/moveit/py_bindings_tools/serialize_msg.h,"(125, 1)-(126, 68)",b'template <>\nstruct object_manager_traits<move...'
moveit,../repos/moveit/moveit_ros/planning_interface/py_bindings_tools/include/moveit/py_bindings_tools/py_conversions.h,"(49, 1)-(56, 2)",b'template <typename T>\nstd::vector<T> typeFrom...'
moveit,../repos/moveit/moveit_ros/planning_interface/py_bindings_tools/include/moveit/py_bindings_tools/py_conversions.h,"(58, 1)-(65, 2)",b'template <typename T>\nboost::python::list lis...'
moveit,../repos/moveit/moveit_ros/planning_interface/py_bindings_tools/include/moveit/py_bindings_tools/py_conversions.h,"(67, 1)-(74, 2)",b'template <typename T>\nboost::python::dict dic...'
moveit,../repos/moveit/moveit_ros/planning_interface/common_planning_interface_objects/src/common_objects.cpp,"(79, 1)-(92, 3)","b'template <typename T, typename O>\nstruct Coup...'"
moveit,../repos/moveit/moveit_ros/planning_interface/move_group_interface/src/move_group_interface.cpp,"(195, 3)-(249, 4)",b'template <typename T>\n  void waitForAction(co...'
moveit,../repos/moveit/moveit_ros/perception/mesh_filter/include/moveit/mesh_filter/mesh_filter.h,"(59, 1)-(88, 3)",b'template <typename SensorType>\nclass MeshFilt...'
moveit,../repos/moveit/moveit_ros/perception/mesh_filter/include/moveit/mesh_filter/mesh_filter.h,"(90, 1)-(97, 2)",b'template <typename SensorType>\nMeshFilter<Sen...'
moveit,../repos/moveit/moveit_ros/perception/mesh_filter/include/moveit/mesh_filter/mesh_filter.h,"(99, 1)-(103, 2)",b'template <typename SensorType>\ntypename Senso...'
moveit,../repos/moveit/moveit_ros/perception/mesh_filter/include/moveit/mesh_filter/mesh_filter.h,"(105, 1)-(109, 2)",b'template <typename SensorType>\nconst typename...'
moveit,../repos/moveit/moveit_ros/perception/mesh_filter/include/moveit/mesh_filter/filter_job.h,"(87, 1)-(100, 3)",b'template <typename ReturnType>\nclass FilterJo...'
moveit,../repos/moveit/moveit_ros/perception/mesh_filter/include/moveit/mesh_filter/filter_job.h,"(102, 1)-(111, 2)",b'template <typename ReturnType>\nvoid FilterJob...'
moveit,../repos/moveit/moveit_ros/perception/mesh_filter/include/moveit/mesh_filter/filter_job.h,"(113, 1)-(118, 2)",b'template <typename ReturnType>\nconst ReturnTy...'
moveit,../repos/moveit/moveit_ros/perception/mesh_filter/include/moveit/mesh_filter/filter_job.h,"(120, 1)-(139, 3)",b'template <>\nclass FilterJob<void> : public Jo...'
moveit,../repos/moveit/moveit_ros/perception/mesh_filter/test/mesh_filter_test.cpp,"(50, 1)-(54, 2)",b'template <typename Type>\ninline const Type ge...'
moveit,../repos/moveit/moveit_ros/perception/mesh_filter/test/mesh_filter_test.cpp,"(56, 1)-(61, 3)",b'template <typename Type>\nclass FilterTraits\n{...'
moveit,../repos/moveit/moveit_ros/perception/mesh_filter/test/mesh_filter_test.cpp,"(63, 1)-(69, 3)",b'template <>\nclass FilterTraits<unsigned short...'
moveit,../repos/moveit/moveit_ros/perception/mesh_filter/test/mesh_filter_test.cpp,"(71, 1)-(77, 3)",b'template <>\nclass FilterTraits<float>\n{\npubli...'
moveit,../repos/moveit/moveit_ros/perception/mesh_filter/test/mesh_filter_test.cpp,"(79, 1)-(109, 3)",b'template <typename Type>\nclass MeshFilterTest...'
moveit,../repos/moveit/moveit_ros/perception/mesh_filter/test/mesh_filter_test.cpp,"(111, 1)-(147, 2)",b'template <typename Type>\nMeshFilterTest<Type>...'
moveit,../repos/moveit/moveit_ros/perception/mesh_filter/test/mesh_filter_test.cpp,"(149, 1)-(202, 2)",b'template <typename Type>\nshapes::Mesh MeshFil...'
moveit,../repos/moveit/moveit_ros/perception/mesh_filter/test/mesh_filter_test.cpp,"(204, 1)-(211, 2)",b'template <typename Type>\nbool MeshFilterTest<...'
moveit,../repos/moveit/moveit_ros/perception/mesh_filter/test/mesh_filter_test.cpp,"(213, 1)-(240, 2)",b'template <typename Type>\nvoid MeshFilterTest<...'
moveit,../repos/moveit/moveit_ros/perception/mesh_filter/test/mesh_filter_test.cpp,"(242, 1)-(300, 2)",b'template <typename Type>\nvoid MeshFilterTest<...'
moveit,../repos/moveit/moveit_ros/warehouse/warehouse/src/warehouse_services.cpp,"(125, 1)-(132, 2)","b'template <typename S, typename Fn>\nros::Servi...'"
moveit,../repos/moveit/moveit_ros/moveit_servo/include/moveit_servo/make_shared_from_pool.h,"(49, 1)-(54, 2)",b'template <typename T>\nboost::shared_ptr<T> ma...'
moveit,../repos/moveit/moveit_ros/visualization/motion_planning_rviz_plugin/include/moveit/motion_planning_rviz_plugin/motion_planning_frame.h,"(298, 3)-(299, 102)",b'template <typename T>\n  void waitForAction(co...'
moveit,../repos/moveit/moveit_ros/visualization/motion_planning_rviz_plugin/include/moveit/motion_planning_rviz_plugin/motion_planning_frame.h,"(338, 1)-(376, 2)",b'template <typename T>\nvoid MotionPlanningFram...'
moveit,../repos/moveit/moveit_kinematics/cached_ik_kinematics_plugin/include/moveit/cached_ik_kinematics_plugin/detail/GreedyKCenters.h,"(50, 1)-(129, 3)",b'template <typename _T>\nclass GreedyKCenters\n{...'
moveit,../repos/moveit/moveit_kinematics/cached_ik_kinematics_plugin/include/moveit/cached_ik_kinematics_plugin/detail/NearestNeighborsGNAT.h,"(67, 1)-(721, 3)",b'template <typename _T>\nclass NearestNeighbors...'
moveit,../repos/moveit/moveit_kinematics/cached_ik_kinematics_plugin/include/moveit/cached_ik_kinematics_plugin/detail/NearestNeighbors.h,"(47, 1)-(116, 3)",b'template <typename _T>\nclass NearestNeighbors...'
moveit,../repos/moveit/moveit_kinematics/cached_ik_kinematics_plugin/include/moveit/cached_ik_kinematics_plugin/cached_ik_kinematics_plugin-inl.h,"(42, 1)-(45, 2)",b'template <class KinematicsPlugin>\nCachedIKKin...'
moveit,../repos/moveit/moveit_kinematics/cached_ik_kinematics_plugin/include/moveit/cached_ik_kinematics_plugin/cached_ik_kinematics_plugin-inl.h,"(47, 1)-(50, 2)",b'template <class KinematicsPlugin>\nCachedIKKin...'
moveit,../repos/moveit/moveit_kinematics/cached_ik_kinematics_plugin/include/moveit/cached_ik_kinematics_plugin/cached_ik_kinematics_plugin-inl.h,"(52, 1)-(70, 2)",b'template <class KinematicsPlugin>\nvoid Cached...'
moveit,../repos/moveit/moveit_kinematics/cached_ik_kinematics_plugin/include/moveit/cached_ik_kinematics_plugin/cached_ik_kinematics_plugin-inl.h,"(72, 1)-(88, 2)",b'template <class KinematicsPlugin>\nbool Cached...'
moveit,../repos/moveit/moveit_kinematics/cached_ik_kinematics_plugin/include/moveit/cached_ik_kinematics_plugin/cached_ik_kinematics_plugin-inl.h,"(90, 1)-(106, 2)",b'template <class KinematicsPlugin>\nbool Cached...'
moveit,../repos/moveit/moveit_kinematics/cached_ik_kinematics_plugin/include/moveit/cached_ik_kinematics_plugin/cached_ik_kinematics_plugin-inl.h,"(108, 1)-(122, 2)",b'template <class KinematicsPlugin>\nbool Cached...'
moveit,../repos/moveit/moveit_kinematics/cached_ik_kinematics_plugin/include/moveit/cached_ik_kinematics_plugin/cached_ik_kinematics_plugin-inl.h,"(124, 1)-(145, 2)",b'template <class KinematicsPlugin>\nbool Cached...'
moveit,../repos/moveit/moveit_kinematics/cached_ik_kinematics_plugin/include/moveit/cached_ik_kinematics_plugin/cached_ik_kinematics_plugin-inl.h,"(147, 1)-(167, 2)",b'template <class KinematicsPlugin>\nbool Cached...'
moveit,../repos/moveit/moveit_kinematics/cached_ik_kinematics_plugin/include/moveit/cached_ik_kinematics_plugin/cached_ik_kinematics_plugin-inl.h,"(169, 1)-(191, 2)",b'template <class KinematicsPlugin>\nbool Cached...'
moveit,../repos/moveit/moveit_kinematics/cached_ik_kinematics_plugin/include/moveit/cached_ik_kinematics_plugin/cached_ik_kinematics_plugin-inl.h,"(193, 1)-(213, 2)",b'template <class KinematicsPlugin>\nbool Cached...'
moveit,../repos/moveit/moveit_kinematics/cached_ik_kinematics_plugin/include/moveit/cached_ik_kinematics_plugin/cached_ik_kinematics_plugin-inl.h,"(215, 1)-(241, 2)",b'template <class KinematicsPlugin>\nbool Cached...'
moveit,../repos/moveit/moveit_kinematics/cached_ik_kinematics_plugin/include/moveit/cached_ik_kinematics_plugin/cached_ik_kinematics_plugin.h,"(182, 1)-(185, 3)","b'template <typename KinematicsPlugin, typename...'"
moveit,../repos/moveit/moveit_kinematics/cached_ik_kinematics_plugin/include/moveit/cached_ik_kinematics_plugin/cached_ik_kinematics_plugin.h,"(187, 1)-(192, 3)",b'template <typename KinematicsPlugin>\nstruct H...'
moveit,../repos/moveit/moveit_kinematics/cached_ik_kinematics_plugin/include/moveit/cached_ik_kinematics_plugin/cached_ik_kinematics_plugin.h,"(194, 1)-(197, 3)","b'template <typename KinematicsPlugin, typename...'"
moveit,../repos/moveit/moveit_kinematics/cached_ik_kinematics_plugin/include/moveit/cached_ik_kinematics_plugin/cached_ik_kinematics_plugin.h,"(199, 1)-(205, 3)",b'template <typename KinematicsPlugin>\nstruct H...'
moveit,../repos/moveit/moveit_kinematics/cached_ik_kinematics_plugin/include/moveit/cached_ik_kinematics_plugin/cached_ik_kinematics_plugin.h,"(208, 1)-(313, 3)",b'template <class KinematicsPlugin>\nclass Cache...'
moveit,../repos/moveit/moveit_kinematics/cached_ik_kinematics_plugin/include/moveit/cached_ik_kinematics_plugin/cached_ik_kinematics_plugin.h,"(267, 3)-(284, 4)",b'template <class T = KinematicsPlugin>\n  typen...'
moveit,../repos/moveit/moveit_kinematics/cached_ik_kinematics_plugin/include/moveit/cached_ik_kinematics_plugin/cached_ik_kinematics_plugin.h,"(286, 3)-(292, 4)",b'template <class T = KinematicsPlugin>\n  typen...'
moveit,../repos/moveit/moveit_kinematics/cached_ik_kinematics_plugin/include/moveit/cached_ik_kinematics_plugin/cached_ik_kinematics_plugin.h,"(294, 3)-(304, 4)",b'template <class T = KinematicsPlugin>\n  typen...'
moveit,../repos/moveit/moveit_kinematics/cached_ik_kinematics_plugin/include/moveit/cached_ik_kinematics_plugin/cached_ik_kinematics_plugin.h,"(306, 3)-(312, 4)",b'template <class T = KinematicsPlugin>\n  typen...'
moveit,../repos/moveit/moveit_kinematics/cached_ik_kinematics_plugin/include/moveit/cached_ik_kinematics_plugin/cached_ik_kinematics_plugin.h,"(326, 1)-(347, 3)",b'template <class KinematicsPlugin>\nclass Cache...'
moveit,../repos/moveit/moveit_kinematics/ikfast_kinematics_plugin/templates/ikfast.h,"(48, 1)-(62, 3)",b'template <typename T>\nclass IkSingleDOFSoluti...'
moveit,../repos/moveit/moveit_kinematics/ikfast_kinematics_plugin/templates/ikfast.h,"(69, 1)-(96, 3)",b'template <typename T>\nclass IkSolutionBase\n{\n...'
moveit,../repos/moveit/moveit_kinematics/ikfast_kinematics_plugin/templates/ikfast.h,"(99, 1)-(123, 3)",b'template <typename T>\nclass IkSolutionListBas...'
moveit,../repos/moveit/moveit_kinematics/ikfast_kinematics_plugin/templates/ikfast.h,"(126, 1)-(163, 3)",b'template <typename T>\nclass IkFastFunctions\n{...'
moveit,../repos/moveit/moveit_kinematics/ikfast_kinematics_plugin/templates/ikfast.h,"(168, 1)-(269, 3)",b'template <typename T>\nclass IkSolution : publ...'
moveit,../repos/moveit/moveit_kinematics/ikfast_kinematics_plugin/templates/ikfast.h,"(272, 1)-(306, 3)",b'template <typename T>\nclass IkSolutionList : ...'
moveit,../repos/moveit/moveit_kinematics/test/test_kinematics_plugin.cpp,"(61, 1)-(72, 2)",b'template <typename T>\ninline bool getParam(co...'
moveit,../repos/moveit/moveit_core/collision_detection/include/moveit/collision_detection/test_collision_common_pr2.h,"(52, 1)-(88, 3)",b'template <class CollisionAllocatorType>\nclass...'
moveit,../repos/moveit/moveit_core/collision_detection/include/moveit/collision_detection/test_collision_common_panda.h,"(68, 1)-(102, 3)",b'template <class CollisionAllocatorType>\nclass...'
moveit,../repos/moveit/moveit_core/collision_detection/include/moveit/collision_detection/test_collision_common_panda.h,"(254, 1)-(257, 3)",b'template <class CollisionAllocatorType>\nclass...'
moveit,../repos/moveit/moveit_core/collision_detection/include/moveit/collision_detection/test_collision_common_panda.h,"(302, 1)-(305, 3)",b'template <class CollisionAllocatorType>\nclass...'
moveit,../repos/moveit/moveit_core/collision_detection/include/moveit/collision_detection/collision_detector_allocator.h,"(71, 1)-(95, 3)","b'template <class CollisionEnvType, class Colli...'"
moveit,../repos/moveit/moveit_core/kinematic_constraints/src/kinematic_constraint.cpp,"(76, 1)-(111, 2)",b'template <typename Derived>\nstd::tuple<Eigen:...'
moveit,../repos/moveit/moveit_core/kinematics_base/include/moveit/kinematics_base/kinematics_base.h,"(617, 3)-(649, 4)",b'template <typename T>\n  inline bool lookupPar...'
moveit,../repos/moveit/moveit_core/distance_field/include/moveit/distance_field/voxel_grid.h,"(60, 1)-(337, 3)",b'template <typename T>\nclass VoxelGrid\n{\npubli...'
moveit,../repos/moveit/moveit_core/distance_field/include/moveit/distance_field/voxel_grid.h,"(341, 1)-(347, 2)",b'template <typename T>\nVoxelGrid<T>::VoxelGrid...'
moveit,../repos/moveit/moveit_core/distance_field/include/moveit/distance_field/voxel_grid.h,"(349, 1)-(364, 2)",b'template <typename T>\nVoxelGrid<T>::VoxelGrid...'
moveit,../repos/moveit/moveit_core/distance_field/include/moveit/distance_field/voxel_grid.h,"(366, 1)-(399, 2)",b'template <typename T>\nvoid VoxelGrid<T>::resi...'
moveit,../repos/moveit/moveit_core/distance_field/include/moveit/distance_field/voxel_grid.h,"(401, 1)-(405, 2)",b'template <typename T>\nVoxelGrid<T>::~VoxelGri...'
moveit,../repos/moveit/moveit_core/distance_field/include/moveit/distance_field/voxel_grid.h,"(407, 1)-(411, 2)",b'template <typename T>\ninline bool VoxelGrid<T...'
moveit,../repos/moveit/moveit_core/distance_field/include/moveit/distance_field/voxel_grid.h,"(413, 1)-(417, 2)",b'template <typename T>\ninline bool VoxelGrid<T...'
moveit,../repos/moveit/moveit_core/distance_field/include/moveit/distance_field/voxel_grid.h,"(419, 1)-(423, 2)",b'template <typename T>\ninline bool VoxelGrid<T...'
moveit,../repos/moveit/moveit_core/distance_field/include/moveit/distance_field/voxel_grid.h,"(425, 1)-(429, 2)",b'template <typename T>\ninline int VoxelGrid<T>...'
moveit,../repos/moveit/moveit_core/distance_field/include/moveit/distance_field/voxel_grid.h,"(431, 1)-(435, 2)",b'template <typename T>\ninline double VoxelGrid...'
moveit,../repos/moveit/moveit_core/distance_field/include/moveit/distance_field/voxel_grid.h,"(437, 1)-(441, 2)",b'template <typename T>\ninline double VoxelGrid...'
moveit,../repos/moveit/moveit_core/distance_field/include/moveit/distance_field/voxel_grid.h,"(443, 1)-(447, 2)",b'template <typename T>\ninline double VoxelGrid...'
moveit,../repos/moveit/moveit_core/distance_field/include/moveit/distance_field/voxel_grid.h,"(449, 1)-(453, 2)",b'template <typename T>\ninline double VoxelGrid...'
moveit,../repos/moveit/moveit_core/distance_field/include/moveit/distance_field/voxel_grid.h,"(455, 1)-(459, 2)",b'template <typename T>\ninline int VoxelGrid<T>...'
moveit,../repos/moveit/moveit_core/distance_field/include/moveit/distance_field/voxel_grid.h,"(461, 1)-(470, 2)",b'template <typename T>\ninline const T& VoxelGr...'
moveit,../repos/moveit/moveit_core/distance_field/include/moveit/distance_field/voxel_grid.h,"(472, 1)-(476, 2)",b'template <typename T>\ninline const T& VoxelGr...'
moveit,../repos/moveit/moveit_core/distance_field/include/moveit/distance_field/voxel_grid.h,"(478, 1)-(482, 2)",b'template <typename T>\ninline T& VoxelGrid<T>:...'
moveit,../repos/moveit/moveit_core/distance_field/include/moveit/distance_field/voxel_grid.h,"(484, 1)-(488, 2)",b'template <typename T>\ninline const T& VoxelGr...'
moveit,../repos/moveit/moveit_core/distance_field/include/moveit/distance_field/voxel_grid.h,"(490, 1)-(494, 2)",b'template <typename T>\ninline T& VoxelGrid<T>:...'
moveit,../repos/moveit/moveit_core/distance_field/include/moveit/distance_field/voxel_grid.h,"(496, 1)-(500, 2)",b'template <typename T>\ninline const T& VoxelGr...'
moveit,../repos/moveit/moveit_core/distance_field/include/moveit/distance_field/voxel_grid.h,"(502, 1)-(506, 2)",b'template <typename T>\ninline void VoxelGrid<T...'
moveit,../repos/moveit/moveit_core/distance_field/include/moveit/distance_field/voxel_grid.h,"(508, 1)-(512, 2)",b'template <typename T>\ninline void VoxelGrid<T...'
moveit,../repos/moveit/moveit_core/distance_field/include/moveit/distance_field/voxel_grid.h,"(514, 1)-(532, 2)",b'template <typename T>\ninline int VoxelGrid<T>...'
moveit,../repos/moveit/moveit_core/distance_field/include/moveit/distance_field/voxel_grid.h,"(534, 1)-(538, 2)",b'template <typename T>\ninline double VoxelGrid...'
moveit,../repos/moveit/moveit_core/distance_field/include/moveit/distance_field/voxel_grid.h,"(540, 1)-(544, 2)",b'template <typename T>\ninline void VoxelGrid<T...'
moveit,../repos/moveit/moveit_core/distance_field/include/moveit/distance_field/voxel_grid.h,"(546, 1)-(552, 2)",b'template <typename T>\ninline void VoxelGrid<T...'
moveit,../repos/moveit/moveit_core/distance_field/include/moveit/distance_field/voxel_grid.h,"(554, 1)-(560, 2)",b'template <typename T>\ninline void VoxelGrid<T...'
moveit,../repos/moveit/moveit_core/distance_field/include/moveit/distance_field/voxel_grid.h,"(562, 1)-(569, 2)",b'template <typename T>\ninline bool VoxelGrid<T...'
moveit,../repos/moveit/moveit_core/distance_field/include/moveit/distance_field/voxel_grid.h,"(571, 1)-(578, 2)",b'template <typename T>\ninline bool VoxelGrid<T...'
moveit,../repos/moveit/moveit_core/python/tools/include/moveit/python/pybind_rosmsg_typecasters.h,"(60, 1)-(86, 3)",b'template <typename T>\nstruct DurationCaster\n{...'
moveit,../repos/moveit/moveit_core/python/tools/include/moveit/python/pybind_rosmsg_typecasters.h,"(88, 1)-(91, 3)",b'template <>\nstruct type_caster<ros::Duration>...'
moveit,../repos/moveit/moveit_core/python/tools/include/moveit/python/pybind_rosmsg_typecasters.h,"(93, 1)-(96, 3)",b'template <>\nstruct type_caster<ros::WallDurat...'
moveit,../repos/moveit/moveit_core/python/tools/include/moveit/python/pybind_rosmsg_typecasters.h,"(99, 1)-(135, 3)","b'template <typename T>\nstruct type_caster<T, e...'"
moveit,../repos/moveit/moveit_core/utils/src/lexical_casts.cpp,"(46, 1)-(54, 2)",b'template <class InType>\nstd::string toStringI...'
moveit,../repos/moveit/moveit_core/utils/src/lexical_casts.cpp,"(66, 1)-(79, 2)",b'template <class OutType>\nOutType toRealImpl(c...'
moveit,../repos/moveit/moveit_core/utils/include/moveit/utils/eigen_test_utils.h,"(42, 1)-(47, 2)","b'template <typename _Scalar, int _Dim, int _Mo...'"
moveit,../repos/moveit/moveit_core/utils/include/moveit/utils/eigen_test_utils.h,"(50, 1)-(70, 3)","b'template <typename T1, typename T2>\nstruct Is...'"
moveit,../repos/moveit/moveit_core/collision_detection_bullet/include/moveit/collision_detection_bullet/bullet_integration/bullet_utils.h,"(231, 3)-(235, 4)",b'template <class T>\n  void manage(T* t)\n  {\n  ...'
moveit,../repos/moveit/moveit_core/collision_detection_bullet/include/moveit/collision_detection_bullet/bullet_integration/bullet_utils.h,"(238, 3)-(242, 4)",b'template <class T>\n  void manage(std::shared_...'
moveit,../repos/moveit/moveit_core/collision_detection_bullet/include/moveit/collision_detection_bullet/bullet_integration/basic_types.h,"(36, 1)-(37, 67)",b'template <typename T>\nusing AlignedVector = s...'
moveit,../repos/moveit/moveit_core/collision_detection_bullet/include/moveit/collision_detection_bullet/bullet_integration/basic_types.h,"(39, 1)-(40, 112)","b'template <typename Key, typename Value>\nusing...'"
moveit,../repos/moveit/moveit_core/collision_detection_bullet/include/moveit/collision_detection_bullet/bullet_integration/basic_types.h,"(42, 1)-(44, 103)","b'template <typename Key, typename Value>\nusing...'"
moveit,../repos/moveit/moveit_core/collision_detection_fcl/src/collision_common.cpp,"(673, 1)-(687, 2)","b'template <typename BV, typename T>\nFCLShapeCa...'"
moveit,../repos/moveit/moveit_core/collision_detection_fcl/src/collision_common.cpp,"(694, 1)-(872, 2)","b'template <typename BV, typename T>\nFCLGeometr...'"
moveit,../repos/moveit/moveit_core/collision_detection_fcl/src/collision_common.cpp,"(893, 1)-(906, 2)","b'template <typename BV, typename T>\nFCLGeometr...'"
moveit,../repos/moveit/moveit_core/collision_detection_fcl/include/moveit/collision_detection_fcl/fcl_compat.h,"(81, 1)-(82, 17)",b'template <typename T>\nstruct Vec3Data;'
moveit,../repos/moveit/moveit_core/collision_detection_fcl/include/moveit/collision_detection_fcl/fcl_compat.h,"(84, 1)-(85, 14)",b'template <typename T>\nclass Vec3fX;'
moveit,../repos/moveit/moveit_core/collision_detection_fcl/include/moveit/collision_detection_fcl/collision_common.h,"(230, 3)-(238, 4)",b'template <typename T>\n  void updateCollisionG...'
moveit,../repos/moveit/moveit_plugins/moveit_simple_controller_manager/src/follow_joint_trajectory_controller_handle.cpp,"(91, 1)-(92, 53)",b'template <ToleranceVariables>\ndouble& variabl...'
moveit,../repos/moveit/moveit_plugins/moveit_simple_controller_manager/src/follow_joint_trajectory_controller_handle.cpp,"(94, 1)-(98, 2)",b'template <>\ninline double& variable<POSITION>...'
moveit,../repos/moveit/moveit_plugins/moveit_simple_controller_manager/src/follow_joint_trajectory_controller_handle.cpp,"(99, 1)-(103, 2)",b'template <>\ninline double& variable<VELOCITY>...'
moveit,../repos/moveit/moveit_plugins/moveit_simple_controller_manager/src/follow_joint_trajectory_controller_handle.cpp,"(104, 1)-(108, 2)",b'template <>\ninline double& variable<ACCELERAT...'
moveit,../repos/moveit/moveit_plugins/moveit_simple_controller_manager/include/moveit_simple_controller_manager/action_based_controller_handle.h,"(70, 1)-(182, 3)",b'template <typename T>\nclass ActionBasedContro...'
moveit,../repos/moveit/moveit_setup_assistant/src/tools/collision_matrix_model.cpp,"(96, 1)-(100, 2)",b'template <typename Container>\nauto find(Conta...'
moveit,../repos/moveit/moveit_setup_assistant/src/tools/moveit_config_data.cpp,"(1341, 1)-(1348, 2)",b'template <typename T>\nbool parse(const YAML::...'
moveit,../repos/moveit/moveit_setup_assistant/src/widgets/planning_groups_widget.cpp,"(86, 3)-(90, 4)","b'template <class Edge, class Graph>\n  void bac...'"
