Repo name,File name,Location,Content
moveit,../repos/moveit/moveit_planners/trajopt/include/trajopt_interface/problem_description.h,"(144, 3)-(144, 43)",b'using MakerFunc = TermInfoPtr (*)(void);'
moveit,../repos/moveit/moveit_planners/pilz_industrial_motion_planner/include/pilz_industrial_motion_planner/plan_components_builder.h,"(51, 1)-(51, 78)",b'using TipFrameFunc_t = std::function<const st...'
moveit,../repos/moveit/moveit_planners/pilz_industrial_motion_planner/include/pilz_industrial_motion_planner/command_list_manager.h,"(52, 1)-(52, 73)",b'using RobotTrajCont = std::vector<robot_traje...'
moveit,../repos/moveit/moveit_planners/pilz_industrial_motion_planner/include/pilz_industrial_motion_planner/command_list_manager.h,"(106, 3)-(106, 82)",b'using MotionResponseCont = std::vector<planni...'
moveit,../repos/moveit/moveit_planners/pilz_industrial_motion_planner/include/pilz_industrial_motion_planner/command_list_manager.h,"(107, 3)-(107, 77)",b'using RobotState_OptRef = boost::optional<con...'
moveit,../repos/moveit/moveit_planners/pilz_industrial_motion_planner/include/pilz_industrial_motion_planner/command_list_manager.h,"(108, 3)-(108, 41)",b'using RadiiCont = std::vector<double>;'
moveit,../repos/moveit/moveit_planners/pilz_industrial_motion_planner/include/pilz_industrial_motion_planner/command_list_manager.h,"(109, 3)-(109, 51)",b'using GroupNamesCont = std::vector<std::string>;'
moveit,../repos/moveit/moveit_planners/pilz_industrial_motion_planner/include/pilz_industrial_motion_planner/move_group_sequence_action.h,"(60, 3)-(60, 77)",b'using ExecutableTrajs = std::vector<plan_exec...'
moveit,../repos/moveit/moveit_planners/pilz_industrial_motion_planner/include/pilz_industrial_motion_planner/move_group_sequence_action.h,"(62, 3)-(62, 83)",b'using StartStateMsg = moveit_msgs::MotionSequ...'
moveit,../repos/moveit/moveit_planners/pilz_industrial_motion_planner/include/pilz_industrial_motion_planner/move_group_sequence_action.h,"(63, 3)-(63, 97)",b'using StartStatesMsg = std::vector<moveit_msg...'
moveit,../repos/moveit/moveit_planners/pilz_industrial_motion_planner/include/pilz_industrial_motion_planner/move_group_sequence_action.h,"(64, 3)-(64, 91)",b'using PlannedTrajMsgs = moveit_msgs::MotionSe...'
moveit,../repos/moveit/moveit_planners/pilz_industrial_motion_planner_testutils/src/xml_testdata_loader.cpp,"(122, 3)-(122, 63)",b'using FuncType = std::function<CmdType(const ...'
moveit,../repos/moveit/moveit_planners/pilz_industrial_motion_planner_testutils/include/pilz_industrial_motion_planner_testutils/motioncmd.h,"(90, 1)-(90, 50)",b'using MotionCmdUPtr = std::unique_ptr<MotionCmd>;'
moveit,../repos/moveit/moveit_planners/pilz_industrial_motion_planner_testutils/include/pilz_industrial_motion_planner_testutils/xml_testdata_loader.h,"(196, 3)-(196, 75)",b'using AbstractCmdGetterUPtr = std::unique_ptr...'
moveit,../repos/moveit/moveit_planners/pilz_industrial_motion_planner_testutils/include/pilz_industrial_motion_planner_testutils/xml_testdata_loader.h,"(220, 1)-(220, 63)",b'using XmlTestDataLoaderUPtr = std::unique_ptr...'
moveit,../repos/moveit/moveit_planners/pilz_industrial_motion_planner_testutils/include/pilz_industrial_motion_planner_testutils/sequence.h,"(99, 3)-(99, 55)","b'using TCmdRadiiPair = std::pair<CmdVariant, d...'"
moveit,../repos/moveit/moveit_planners/pilz_industrial_motion_planner_testutils/include/pilz_industrial_motion_planner_testutils/circ_auxiliary_types.h,"(45, 1)-(45, 89)",b'using CartesianCenter = Center<CartesianConfi...'
moveit,../repos/moveit/moveit_planners/pilz_industrial_motion_planner_testutils/include/pilz_industrial_motion_planner_testutils/circ_auxiliary_types.h,"(46, 1)-(46, 91)",b'using CartesianInterim = Interim<CartesianCon...'
moveit,../repos/moveit/moveit_planners/pilz_industrial_motion_planner_testutils/include/pilz_industrial_motion_planner_testutils/jointconfiguration.h,"(60, 1)-(60, 71)",b'using CreateJointNameFunc = std::function<std...'
moveit,../repos/moveit/moveit_planners/pilz_industrial_motion_planner_testutils/include/pilz_industrial_motion_planner_testutils/testdata_loader.h,"(114, 1)-(114, 60)",b'using TestdataLoaderUPtr = std::unique_ptr<Te...'
moveit,../repos/moveit/moveit_ros/planning/moveit_cpp/include/moveit/moveit_cpp/moveit_cpp.h,"(192, 1)-(192, 74)","b'using MoveItCpp [[deprecated(""use moveit_cpp""...'"
moveit,../repos/moveit/moveit_ros/planning/moveit_cpp/include/moveit/moveit_cpp/planning_component.h,"(58, 3)-(58, 109)","b'using MoveItErrorCode [[deprecated(""Use movei...'"
moveit,../repos/moveit/moveit_ros/planning/moveit_cpp/include/moveit/moveit_cpp/planning_component.h,"(265, 1)-(265, 90)","b'using PlanningComponent [[deprecated(""use mov...'"
moveit,../repos/moveit/moveit_ros/planning/plan_execution/include/moveit/plan_execution/plan_representation.h,"(88, 1)-(88, 88)",b'using ExecutableMotionPlanComputationFn = boo...'
moveit,../repos/moveit/moveit_ros/planning/planning_scene_monitor/include/moveit/planning_scene_monitor/planning_scene_monitor.h,"(522, 3)-(523, 120)",b'using AttachedBodyShapeHandles = std::map<con...'
moveit,../repos/moveit/moveit_ros/planning/planning_scene_monitor/include/moveit/planning_scene_monitor/planning_scene_monitor.h,"(524, 3)-(525, 117)",b'using CollisionBodyShapeHandles =\n      std::...'
moveit,../repos/moveit/moveit_ros/planning/planning_scene_monitor/include/moveit/planning_scene_monitor/trajectory_monitor.h,"(47, 1)-(47, 119)",b'using TrajectoryStateAddedCallback = boost::f...'
moveit,../repos/moveit/moveit_ros/planning/planning_scene_monitor/include/moveit/planning_scene_monitor/current_state_monitor.h,"(49, 1)-(49, 96)",b'using JointStateUpdateCallback = boost::funct...'
moveit,../repos/moveit/moveit_ros/planning/planning_scene_monitor/include/moveit/planning_scene_monitor/current_state_monitor.h,"(54, 3)-(54, 52)",b'using TFConnection = boost::signals2::connection;'
moveit,../repos/moveit/moveit_ros/planning/trajectory_execution_manager/include/moveit/trajectory_execution_manager/trajectory_execution_manager.h,"(70, 3)-(70, 74)",b'using PathSegmentCompleteCallback = boost::fu...'
moveit,../repos/moveit/moveit_ros/benchmarks/src/BenchmarkExecutor.cpp,"(46, 1)-(46, 63)",b'using boost_progress_display = boost::timer::...'
moveit,../repos/moveit/moveit_ros/benchmarks/src/BenchmarkExecutor.cpp,"(52, 1)-(52, 56)",b'using boost_progress_display = boost::progres...'
moveit,../repos/moveit/moveit_ros/planning_interface/move_group_interface/include/moveit/move_group_interface/move_group_interface.h,"(64, 1)-(64, 107)","b'using MoveItErrorCode [[deprecated(""Use movei...'"
moveit,../repos/moveit/moveit_ros/moveit_servo/include/moveit_servo/make_shared_from_pool.h,"(52, 3)-(52, 72)",b'using allocator_t = boost::fast_pool_allocato...'
moveit,../repos/moveit/moveit_ros/moveit_servo/include/moveit_servo/servo.h,"(117, 1)-(117, 41)",b'using ServoPtr = std::shared_ptr<Servo>;'
moveit,../repos/moveit/moveit_ros/moveit_servo/include/moveit_servo/pose_tracking.h,"(192, 1)-(192, 55)",b'using PoseTrackingPtr = std::shared_ptr<PoseT...'
moveit,../repos/moveit/moveit_ros/occupancy_map_monitor/include/moveit/occupancy_map_monitor/occupancy_map_updater.h,"(47, 1)-(47, 34)",b'using ShapeHandle = unsigned int;'
moveit,../repos/moveit/moveit_ros/occupancy_map_monitor/include/moveit/occupancy_map_monitor/occupancy_map_updater.h,"(48, 1)-(49, 115)",b'using ShapeTransformCache = std::map<ShapeHan...'
moveit,../repos/moveit/moveit_ros/occupancy_map_monitor/include/moveit/occupancy_map_monitor/occupancy_map_updater.h,"(50, 1)-(50, 114)",b'using TransformCacheProvider = boost::functio...'
moveit,../repos/moveit/moveit_kinematics/cached_ik_kinematics_plugin/include/moveit/cached_ik_kinematics_plugin/detail/GreedyKCenters.h,"(55, 3)-(55, 72)",b'using DistanceFunction = std::function<double...'
moveit,../repos/moveit/moveit_kinematics/cached_ik_kinematics_plugin/include/moveit/cached_ik_kinematics_plugin/detail/GreedyKCenters.h,"(57, 3)-(57, 56)",b'using Matrix = boost::numeric::ublas::matrix<...'
moveit,../repos/moveit/moveit_kinematics/cached_ik_kinematics_plugin/include/moveit/cached_ik_kinematics_plugin/detail/NearestNeighborsGNAT.h,"(74, 3)-(74, 49)","b'using DataDist = std::pair<const _T*, double>;'"
moveit,../repos/moveit/moveit_kinematics/cached_ik_kinematics_plugin/include/moveit/cached_ik_kinematics_plugin/detail/NearestNeighborsGNAT.h,"(82, 3)-(82, 91)",b'using NearQueue = std::priority_queue<DataDis...'
moveit,../repos/moveit/moveit_kinematics/cached_ik_kinematics_plugin/include/moveit/cached_ik_kinematics_plugin/detail/NearestNeighborsGNAT.h,"(87, 3)-(87, 45)","b'using NodeDist = std::pair<Node*, double>;'"
moveit,../repos/moveit/moveit_kinematics/cached_ik_kinematics_plugin/include/moveit/cached_ik_kinematics_plugin/detail/NearestNeighborsGNAT.h,"(95, 3)-(95, 91)",b'using NodeQueue = std::priority_queue<NodeDis...'
moveit,../repos/moveit/moveit_kinematics/cached_ik_kinematics_plugin/include/moveit/cached_ik_kinematics_plugin/detail/NearestNeighborsGNAT.h,"(308, 3)-(308, 41)",b'using GNAT = NearestNeighborsGNAT<_T>;'
moveit,../repos/moveit/moveit_kinematics/cached_ik_kinematics_plugin/include/moveit/cached_ik_kinematics_plugin/cached_ik_kinematics_plugin.h,"(89, 3)-(89, 69)","b'using IKEntry = std::pair<std::vector<Pose>, ...'"
moveit,../repos/moveit/moveit_kinematics/cached_ik_kinematics_plugin/include/moveit/cached_ik_kinematics_plugin/cached_ik_kinematics_plugin.h,"(152, 3)-(152, 36)",b'using IKEntry = IKCache::IKEntry;'
moveit,../repos/moveit/moveit_kinematics/cached_ik_kinematics_plugin/include/moveit/cached_ik_kinematics_plugin/cached_ik_kinematics_plugin.h,"(153, 3)-(153, 30)",b'using Pose = IKCache::Pose;'
moveit,../repos/moveit/moveit_kinematics/cached_ik_kinematics_plugin/include/moveit/cached_ik_kinematics_plugin/cached_ik_kinematics_plugin.h,"(212, 3)-(212, 30)",b'using Pose = IKCache::Pose;'
moveit,../repos/moveit/moveit_kinematics/cached_ik_kinematics_plugin/include/moveit/cached_ik_kinematics_plugin/cached_ik_kinematics_plugin.h,"(213, 3)-(213, 36)",b'using IKEntry = IKCache::IKEntry;'
moveit,../repos/moveit/moveit_kinematics/cached_ik_kinematics_plugin/include/moveit/cached_ik_kinematics_plugin/cached_ik_kinematics_plugin.h,"(214, 3)-(214, 65)",b'using IKCallbackFn = kinematics::KinematicsBa...'
moveit,../repos/moveit/moveit_kinematics/cached_ik_kinematics_plugin/include/moveit/cached_ik_kinematics_plugin/cached_ik_kinematics_plugin.h,"(215, 3)-(215, 69)",b'using KinematicsQueryOptions = kinematics::Ki...'
moveit,../repos/moveit/moveit_kinematics/cached_ik_kinematics_plugin/include/moveit/cached_ik_kinematics_plugin/cached_ik_kinematics_plugin.h,"(330, 3)-(330, 30)",b'using Pose = IKCache::Pose;'
moveit,../repos/moveit/moveit_kinematics/cached_ik_kinematics_plugin/include/moveit/cached_ik_kinematics_plugin/cached_ik_kinematics_plugin.h,"(331, 3)-(331, 36)",b'using IKEntry = IKCache::IKEntry;'
moveit,../repos/moveit/moveit_kinematics/cached_ik_kinematics_plugin/include/moveit/cached_ik_kinematics_plugin/cached_ik_kinematics_plugin.h,"(332, 3)-(332, 65)",b'using IKCallbackFn = kinematics::KinematicsBa...'
moveit,../repos/moveit/moveit_kinematics/cached_ik_kinematics_plugin/include/moveit/cached_ik_kinematics_plugin/cached_ik_kinematics_plugin.h,"(333, 3)-(333, 69)",b'using KinematicsQueryOptions = kinematics::Ki...'
moveit,../repos/moveit/moveit_core/collision_detection/include/moveit/collision_detection/collision_env.h,"(246, 3)-(246, 38)",b'using ObjectPtr = World::ObjectPtr;'
moveit,../repos/moveit/moveit_core/collision_detection/include/moveit/collision_detection/collision_env.h,"(247, 3)-(247, 48)",b'using ObjectConstPtr = World::ObjectConstPtr;'
moveit,../repos/moveit/moveit_core/collision_detection/include/moveit/collision_detection/collision_matrix.h,"(72, 1)-(72, 78)",b'using DecideContactFn = boost::function<bool(...'
moveit,../repos/moveit/moveit_core/collision_detection/include/moveit/collision_detection/collision_common.h,"(70, 1)-(70, 34)",b'using BodyType = BodyTypes::Type;'
moveit,../repos/moveit/moveit_core/collision_detection/include/moveit/collision_detection/collision_common.h,"(206, 1)-(206, 71)",b'using DistanceRequestType = DistanceRequestTy...'
moveit,../repos/moveit/moveit_core/collision_detection/include/moveit/collision_detection/collision_common.h,"(322, 1)-(322, 108)",b'using DistanceMap = std::map<const std::pair<...'
moveit,../repos/moveit/moveit_core/collision_detection/include/moveit/collision_detection/collision_common.h,"(355, 3)-(355, 91)",b'using ContactMap = std::map<std::pair<std::st...'
moveit,../repos/moveit/moveit_core/collision_detection/include/moveit/collision_detection/occupancy_map.h,"(86, 3)-(86, 60)",b'using ReadLock = boost::shared_lock<boost::sh...'
moveit,../repos/moveit/moveit_core/collision_detection/include/moveit/collision_detection/occupancy_map.h,"(87, 3)-(87, 61)",b'using WriteLock = boost::unique_lock<boost::s...'
moveit,../repos/moveit/moveit_core/collision_detection/include/moveit/collision_detection/occupancy_map.h,"(116, 1)-(116, 51)",b'using OccMapTreePtr = std::shared_ptr<OccMapTree>;'
moveit,../repos/moveit/moveit_core/collision_detection/include/moveit/collision_detection/occupancy_map.h,"(117, 1)-(117, 62)",b'using OccMapTreeConstPtr = std::shared_ptr<co...'
moveit,../repos/moveit/moveit_core/collision_detection/include/moveit/collision_detection/world.h,"(127, 3)-(127, 75)","b'using const_iterator = std::map<std::string, ...'"
moveit,../repos/moveit/moveit_core/collision_detection/include/moveit/collision_detection/world.h,"(302, 3)-(302, 83)",b'using ObserverCallbackFn = boost::function<vo...'
moveit,../repos/moveit/moveit_core/collision_detection/include/moveit/collision_detection/world_diff.h,"(79, 3)-(79, 79)","b'using const_iterator = std::map<std::string, ...'"
moveit,../repos/moveit/moveit_core/kinematic_constraints/src/kinematic_constraint.cpp,"(83, 3)-(83, 48)",b'using Index = EIGEN_DEFAULT_DENSE_INDEX_TYPE;'
moveit,../repos/moveit/moveit_core/kinematic_constraints/src/kinematic_constraint.cpp,"(84, 3)-(84, 62)",b'using Scalar = typename Eigen::MatrixBase<Der...'
moveit,../repos/moveit/moveit_core/kinematics_base/include/moveit/kinematics_base/kinematics_base.h,"(81, 1)-(81, 74)",b'using DiscretizationMethod = DiscretizationMe...'
moveit,../repos/moveit/moveit_core/kinematics_base/include/moveit/kinematics_base/kinematics_base.h,"(103, 1)-(103, 56)",b'using KinematicError = KinematicErrors::Kinem...'
moveit,../repos/moveit/moveit_core/kinematics_base/include/moveit/kinematics_base/kinematics_base.h,"(152, 3)-(153, 117)",b'using IKCallbackFn =\n      boost::function<vo...'
moveit,../repos/moveit/moveit_core/robot_model/include/moveit/robot_model/link_model.h,"(64, 1)-(64, 67)",b'using LinkModelMapConst = std::map<std::strin...'
moveit,../repos/moveit/moveit_core/robot_model/include/moveit/robot_model/link_model.h,"(67, 1)-(68, 117)",b'using LinkTransformMap = std::map<const LinkM...'
moveit,../repos/moveit/moveit_core/robot_model/include/moveit/robot_model/joint_model.h,"(87, 1)-(87, 65)",b'using VariableBoundsMap = std::map<std::strin...'
moveit,../repos/moveit/moveit_core/robot_model/include/moveit/robot_model/joint_model.h,"(90, 1)-(90, 58)","b'using JointModelMap = std::map<std::string, J...'"
moveit,../repos/moveit/moveit_core/robot_model/include/moveit/robot_model/joint_model.h,"(93, 1)-(93, 69)",b'using JointModelMapConst = std::map<std::stri...'
moveit,../repos/moveit/moveit_core/robot_model/include/moveit/robot_model/joint_model.h,"(122, 3)-(122, 46)",b'using Bounds = std::vector<VariableBounds>;'
moveit,../repos/moveit/moveit_core/robot_model/include/moveit/robot_model/joint_model_group.h,"(58, 1)-(58, 82)",b'using SolverAllocatorMapFn = std::map<const J...'
moveit,../repos/moveit/moveit_core/robot_model/include/moveit/robot_model/joint_model_group.h,"(61, 1)-(61, 68)",b'using JointModelGroupMap = std::map<std::stri...'
moveit,../repos/moveit/moveit_core/robot_model/include/moveit/robot_model/joint_model_group.h,"(64, 1)-(64, 79)",b'using JointModelGroupMapConst = std::map<std:...'
moveit,../repos/moveit/moveit_core/robot_model/include/moveit/robot_model/joint_model_group.h,"(66, 1)-(66, 66)",b'using JointBoundsVector = std::vector<const J...'
moveit,../repos/moveit/moveit_core/robot_model/include/moveit/robot_model/joint_model_group.h,"(105, 3)-(105, 82)",b'using KinematicsSolverMap = std::map<const Jo...'
moveit,../repos/moveit/moveit_core/planning_request_adapter/include/moveit/planning_request_adapter/planning_request_adapter.h,"(52, 3)-(54, 70)",b'using PlannerFn =\n      boost::function<bool(...'
moveit,../repos/moveit/moveit_core/collision_distance_field/src/collision_common_distance_field.cpp,"(47, 3)-(47, 65)",b'using Comperator = std::owner_less<shapes::Sh...'
moveit,../repos/moveit/moveit_core/collision_distance_field/src/collision_common_distance_field.cpp,"(48, 3)-(48, 90)",b'using Map = std::map<shapes::ShapeConstWeakPt...'
moveit,../repos/moveit/moveit_core/utils/src/robot_model_test_utils.cpp,"(103, 3)-(103, 73)",b'using LoaderType = pluginlib::ClassLoader<kin...'
moveit,../repos/moveit/moveit_core/planning_scene/include/moveit/planning_scene/planning_scene.h,"(158, 1)-(159, 99)",b'using MotionFeasibilityFn =\n    boost::functi...'
moveit,../repos/moveit/moveit_core/planning_scene/include/moveit/planning_scene/planning_scene.h,"(162, 1)-(162, 67)","b'using ObjectColorMap = std::map<std::string, ...'"
moveit,../repos/moveit/moveit_core/planning_scene/include/moveit/planning_scene/planning_scene.h,"(165, 1)-(165, 82)","b'using ObjectTypeMap = std::map<std::string, o...'"
moveit,../repos/moveit/moveit_core/planning_scene/include/moveit/planning_scene/planning_scene.h,"(1108, 3)-(1108, 91)",b'using CollisionDetectorIterator = std::map<st...'
moveit,../repos/moveit/moveit_core/planning_scene/include/moveit/planning_scene/planning_scene.h,"(1109, 3)-(1109, 102)",b'using CollisionDetectorConstIterator = std::m...'
moveit,../repos/moveit/moveit_core/collision_detection_bullet/include/moveit/collision_detection_bullet/bullet_integration/basic_types.h,"(37, 1)-(37, 67)","b'using AlignedVector = std::vector<T, Eigen::a...'"
moveit,../repos/moveit/moveit_core/collision_detection_bullet/include/moveit/collision_detection_bullet/bullet_integration/basic_types.h,"(40, 1)-(40, 112)","b'using AlignedMap = std::map<Key, Value, std::...'"
moveit,../repos/moveit/moveit_core/collision_detection_bullet/include/moveit/collision_detection_bullet/bullet_integration/basic_types.h,"(43, 1)-(44, 103)",b'using AlignedUnorderedMap = std::unordered_ma...'
moveit,../repos/moveit/moveit_core/transforms/include/moveit/transforms/transforms.h,"(52, 1)-(53, 114)",b'using FixedTransformsMap = std::map<std::stri...'
moveit,../repos/moveit/moveit_core/collision_detection_fcl/src/collision_common.cpp,"(372, 3)-(372, 46)",b'using ShapeKey = shapes::ShapeConstWeakPtr;'
moveit,../repos/moveit/moveit_core/collision_detection_fcl/src/collision_common.cpp,"(373, 3)-(373, 87)","b'using ShapeMap = std::map<ShapeKey, FCLGeomet...'"
moveit,../repos/moveit/moveit_core/collision_detection_fcl/src/collision_common.cpp,"(697, 3)-(697, 46)",b'using ShapeKey = shapes::ShapeConstWeakPtr;'
moveit,../repos/moveit/moveit_core/collision_detection_fcl/src/collision_common.cpp,"(698, 3)-(698, 87)","b'using ShapeMap = std::map<ShapeKey, FCLGeomet...'"
moveit,../repos/moveit/moveit_core/collision_detection_fcl/include/moveit/collision_detection_fcl/fcl_compat.h,"(48, 1)-(48, 51)",b'using CollisionGeometryd = fcl::CollisionGeometry;'
moveit,../repos/moveit/moveit_core/collision_detection_fcl/include/moveit/collision_detection_fcl/fcl_compat.h,"(50, 1)-(50, 47)",b'using CollisionObjectd = fcl::CollisionObject;'
moveit,../repos/moveit/moveit_core/collision_detection_fcl/include/moveit/collision_detection_fcl/fcl_compat.h,"(52, 1)-(52, 69)",b'using BroadPhaseCollisionManagerd = fcl::Broa...'
moveit,../repos/moveit/moveit_core/collision_detection_fcl/include/moveit/collision_detection_fcl/fcl_compat.h,"(54, 1)-(54, 38)",b'using Transform3d = fcl::Transform3f;'
moveit,../repos/moveit/moveit_core/collision_detection_fcl/include/moveit/collision_detection_fcl/fcl_compat.h,"(56, 1)-(56, 31)",b'using Contactd = fcl::Contact;'
moveit,../repos/moveit/moveit_core/collision_detection_fcl/include/moveit/collision_detection_fcl/fcl_compat.h,"(58, 1)-(58, 37)",b'using CostSourced = fcl::CostSource;'
moveit,../repos/moveit/moveit_core/collision_detection_fcl/include/moveit/collision_detection_fcl/fcl_compat.h,"(60, 1)-(60, 49)",b'using CollisionRequestd = fcl::CollisionRequest;'
moveit,../repos/moveit/moveit_core/collision_detection_fcl/include/moveit/collision_detection_fcl/fcl_compat.h,"(62, 1)-(62, 47)",b'using CollisionResultd = fcl::CollisionResult;'
moveit,../repos/moveit/moveit_core/collision_detection_fcl/include/moveit/collision_detection_fcl/fcl_compat.h,"(64, 1)-(64, 47)",b'using DistanceRequestd = fcl::DistanceRequest;'
moveit,../repos/moveit/moveit_core/collision_detection_fcl/include/moveit/collision_detection_fcl/fcl_compat.h,"(66, 1)-(66, 45)",b'using DistanceResultd = fcl::DistanceResult;'
moveit,../repos/moveit/moveit_core/collision_detection_fcl/include/moveit/collision_detection_fcl/fcl_compat.h,"(68, 1)-(68, 27)",b'using Planed = fcl::Plane;'
moveit,../repos/moveit/moveit_core/collision_detection_fcl/include/moveit/collision_detection_fcl/fcl_compat.h,"(70, 1)-(70, 29)",b'using Sphered = fcl::Sphere;'
moveit,../repos/moveit/moveit_core/collision_detection_fcl/include/moveit/collision_detection_fcl/fcl_compat.h,"(72, 1)-(72, 23)",b'using Boxd = fcl::Box;'
moveit,../repos/moveit/moveit_core/collision_detection_fcl/include/moveit/collision_detection_fcl/fcl_compat.h,"(74, 1)-(74, 33)",b'using Cylinderd = fcl::Cylinder;'
moveit,../repos/moveit/moveit_core/collision_detection_fcl/include/moveit/collision_detection_fcl/fcl_compat.h,"(76, 1)-(76, 25)",b'using Coned = fcl::Cone;'
moveit,../repos/moveit/moveit_core/collision_detection_fcl/include/moveit/collision_detection_fcl/fcl_compat.h,"(87, 1)-(87, 47)",b'using Vector3d = Vec3fX<details::sse_meta_f4>;'
moveit,../repos/moveit/moveit_core/collision_detection_fcl/include/moveit/collision_detection_fcl/fcl_compat.h,"(89, 1)-(89, 53)",b'using Vector3d = Vec3fX<details::Vec3Data<dou...'
moveit,../repos/moveit/moveit_core/collision_detection_fcl/include/moveit/collision_detection_fcl/fcl_compat.h,"(93, 1)-(93, 29)",b'using OcTreed = fcl::OcTree;'
moveit,../repos/moveit/moveit_core/collision_detection_fcl/include/moveit/collision_detection_fcl/fcl_compat.h,"(95, 1)-(95, 29)",b'using OBBRSSd = fcl::OBBRSS;'
moveit,../repos/moveit/moveit_core/collision_detection_fcl/include/moveit/collision_detection_fcl/fcl_compat.h,"(97, 1)-(97, 79)",b'using DynamicAABBTreeCollisionManagerd = fcl:...'
moveit,../repos/moveit/moveit_setup_assistant/src/tools/xml_syntax_highlighter.h,"(61, 3)-(61, 37)","b'using Rules = std::map<int, Rule>;'"
