Repo name,File name,Location,Content
moveit,../repos/moveit/moveit_planners/pilz_industrial_motion_planner/include/pilz_industrial_motion_planner/trajectory_blender_transition_window.h,"(178, 10)-(178, 19)",b'static constexpr double EPSILON = 1e-4;'
moveit,../repos/moveit/moveit_planners/pilz_industrial_motion_planner/include/pilz_industrial_motion_planner/path_circle_generator.h,"(82, 10)-(82, 19)",b'static constexpr double MAX_RADIUS_DIFF{ 1e-2 };'
moveit,../repos/moveit/moveit_planners/pilz_industrial_motion_planner/include/pilz_industrial_motion_planner/path_circle_generator.h,"(83, 10)-(83, 19)",b'static constexpr double MAX_COLINEAR_NORM{ 1e-5 };'
moveit,../repos/moveit/moveit_planners/pilz_industrial_motion_planner/include/pilz_industrial_motion_planner/path_circle_generator.h,"(102, 10)-(102, 19)",b'static constexpr int ERROR_CODE_CENTER_POINT_...'
moveit,../repos/moveit/moveit_planners/pilz_industrial_motion_planner/include/pilz_industrial_motion_planner/trajectory_generator.h,"(273, 10)-(273, 19)",b'static constexpr double MIN_SCALING_FACTOR{ 0...'
moveit,../repos/moveit/moveit_planners/pilz_industrial_motion_planner/include/pilz_industrial_motion_planner/trajectory_generator.h,"(274, 10)-(274, 19)",b'static constexpr double MAX_SCALING_FACTOR{ 1. };'
moveit,../repos/moveit/moveit_planners/pilz_industrial_motion_planner/include/pilz_industrial_motion_planner/trajectory_generator.h,"(275, 10)-(275, 19)",b'static constexpr double VELOCITY_TOLERANCE{ 1...'
moveit,../repos/moveit/moveit_planners/pilz_industrial_motion_planner/include/pilz_industrial_motion_planner/plan_components_builder.h,"(144, 10)-(144, 19)",b'static constexpr double ROBOT_STATE_EQUALITY_...'
moveit,../repos/moveit/moveit_planners/pilz_industrial_motion_planner/test/unittest_trajectory_functions.cpp,"(66, 8)-(66, 17)",b'static constexpr double EPSILON{ 1.0e-6 };'
moveit,../repos/moveit/moveit_planners/pilz_industrial_motion_planner/test/unittest_trajectory_functions.cpp,"(67, 8)-(67, 17)",b'static constexpr double IK_SEED_OFFSET{ 0.1 };'
moveit,../repos/moveit/moveit_planners/pilz_industrial_motion_planner/test/unittest_trajectory_functions.cpp,"(68, 8)-(68, 17)",b'static constexpr double L0{ 0.2604 };'
moveit,../repos/moveit/moveit_planners/pilz_industrial_motion_planner/test/unittest_trajectory_functions.cpp,"(69, 8)-(69, 17)",b'static constexpr double L1{ 0.3500 };'
moveit,../repos/moveit/moveit_planners/pilz_industrial_motion_planner/test/unittest_trajectory_functions.cpp,"(70, 8)-(70, 17)",b'static constexpr double L2{ 0.3070 };'
moveit,../repos/moveit/moveit_planners/pilz_industrial_motion_planner/test/unittest_trajectory_functions.cpp,"(71, 8)-(71, 17)",b'static constexpr double L3{ 0.0840 };'
moveit,../repos/moveit/moveit_planners/pilz_industrial_motion_planner/test/test_utils.h,"(69, 8)-(69, 17)",b'static constexpr int32_t DEFAULT_SERVICE_TIME...'
moveit,../repos/moveit/moveit_planners/pilz_industrial_motion_planner/test/test_utils.h,"(70, 8)-(70, 17)",b'static constexpr double DEFAULT_ACCELERATION_...'
moveit,../repos/moveit/moveit_planners/pilz_industrial_motion_planner/test/test_utils.h,"(71, 8)-(71, 17)",b'static constexpr double DEFAULT_ROTATION_AXIS...'
moveit,../repos/moveit/moveit_planners/pilz_industrial_motion_planner/test/test_utils.h,"(76, 15)-(76, 24)",b'inline static constexpr double deg2Rad(double...'
moveit,../repos/moveit/moveit_planners/pilz_industrial_motion_planner/test/integrationtest_sequence_action.cpp,"(63, 8)-(63, 17)",b'static constexpr int WAIT_FOR_ACTION_SERVER_T...'
moveit,../repos/moveit/moveit_planners/pilz_industrial_motion_planner/test/integrationtest_sequence_action_preemption.cpp,"(64, 8)-(64, 17)",b'static constexpr double WAIT_FOR_RESULT_TIME_...'
moveit,../repos/moveit/moveit_planners/pilz_industrial_motion_planner/test/integrationtest_sequence_action_preemption.cpp,"(65, 8)-(65, 17)",b'static constexpr double TIME_BEFORE_CANCEL_GO...'
moveit,../repos/moveit/moveit_planners/pilz_industrial_motion_planner/test/integrationtest_sequence_action_preemption.cpp,"(66, 8)-(66, 17)",b'static constexpr double WAIT_FOR_ACTION_SERVE...'
moveit,../repos/moveit/moveit_planners/ompl/ompl_interface/scripts/generate_state_database.cpp,"(52, 1)-(52, 10)","b'constexpr char LOGNAME[] = ""generate_state_da...'"
moveit,../repos/moveit/moveit_planners/ompl/ompl_interface/src/detail/constrained_goal_sampler.cpp,"(46, 1)-(46, 10)","b'constexpr char LOGNAME[] = ""constrained_goal_...'"
moveit,../repos/moveit/moveit_planners/ompl/ompl_interface/src/detail/constraints_library.cpp,"(48, 1)-(48, 10)","b'constexpr char LOGNAME[] = ""constraints_library"";'"
moveit,../repos/moveit/moveit_planners/ompl/ompl_interface/src/detail/state_validity_checker.cpp,"(44, 1)-(44, 10)","b'constexpr char LOGNAME[] = ""state_validity_ch...'"
moveit,../repos/moveit/moveit_planners/ompl/ompl_interface/src/ompl_planner_manager.cpp,"(59, 1)-(59, 10)","b'constexpr char LOGNAME[] = ""ompl_planner_manager"";'"
moveit,../repos/moveit/moveit_planners/ompl/ompl_interface/src/model_based_planning_context.cpp,"(77, 1)-(77, 10)","b'constexpr char LOGNAME[] = ""model_based_plann...'"
moveit,../repos/moveit/moveit_planners/ompl/ompl_interface/src/parameterization/model_based_state_space.cpp,"(42, 1)-(42, 10)","b'constexpr char LOGNAME[] = ""model_based_state...'"
moveit,../repos/moveit/moveit_planners/ompl/ompl_interface/src/parameterization/work_space/pose_model_state_space.cpp,"(45, 1)-(45, 10)","b'constexpr char LOGNAME[] = ""pose_model_state_...'"
moveit,../repos/moveit/moveit_planners/ompl/ompl_interface/src/planning_context_manager.cpp,"(87, 1)-(87, 10)","b'constexpr char LOGNAME[] = ""planning_context_...'"
moveit,../repos/moveit/moveit_planners/ompl/ompl_interface/src/ompl_interface.cpp,"(46, 1)-(46, 10)","b'constexpr char LOGNAME[] = ""ompl_interface"";'"
moveit,../repos/moveit/moveit_planners/ompl/ompl_interface/test/test_state_validity_checker.cpp,"(66, 1)-(66, 10)",b'constexpr bool VERBOSE{ false };'
moveit,../repos/moveit/moveit_planners/ompl/ompl_interface/test/test_state_validity_checker.cpp,"(68, 1)-(68, 10)","b'constexpr char LOGNAME[] = ""test_state_validi...'"
moveit,../repos/moveit/moveit_planners/ompl/ompl_interface/test/test_state_space.cpp,"(52, 1)-(52, 10)",b'constexpr double EPSILON = std::numeric_limit...'
moveit,../repos/moveit/moveit_planners/pilz_industrial_motion_planner_testutils/include/pilz_industrial_motion_planner_testutils/default_values.h,"(43, 8)-(43, 17)",b'static constexpr double DEFAULT_VEL{ 0.01 };'
moveit,../repos/moveit/moveit_planners/pilz_industrial_motion_planner_testutils/include/pilz_industrial_motion_planner_testutils/default_values.h,"(44, 8)-(44, 17)",b'static constexpr double DEFAULT_ACC{ 0.01 };'
moveit,../repos/moveit/moveit_planners/pilz_industrial_motion_planner_testutils/include/pilz_industrial_motion_planner_testutils/default_values.h,"(45, 8)-(45, 17)",b'static constexpr double DEFAULT_BLEND_RADIUS{...'
moveit,../repos/moveit/moveit_planners/pilz_industrial_motion_planner_testutils/include/pilz_industrial_motion_planner_testutils/default_values.h,"(47, 8)-(47, 17)",b'static constexpr double DEFAULT_VEL_GRIPPER{ ...'
moveit,../repos/moveit/moveit_planners/pilz_industrial_motion_planner_testutils/include/pilz_industrial_motion_planner_testutils/default_values.h,"(48, 8)-(48, 17)",b'static constexpr double DEFAULT_ACC_GRIPPER{ ...'
moveit,../repos/moveit/moveit_ros/planning/moveit_cpp/src/planning_component.cpp,"(48, 1)-(48, 10)","b'constexpr char LOGNAME[] = ""planning_component"";'"
moveit,../repos/moveit/moveit_ros/planning/moveit_cpp/src/moveit_cpp.cpp,"(42, 1)-(42, 10)","b'constexpr char LOGNAME[] = ""moveit_cpp"";'"
moveit,../repos/moveit/moveit_ros/planning/moveit_cpp/src/moveit_cpp.cpp,"(43, 1)-(43, 10)","b'constexpr char PLANNING_PLUGIN_PARAM[] = ""pla...'"
moveit,../repos/moveit/moveit_ros/planning/planning_scene_monitor/src/current_state_monitor.cpp,"(44, 1)-(44, 10)","b'constexpr char LOGNAME[] = ""current_state_mon...'"
moveit,../repos/moveit/moveit_ros/benchmarks/src/simple_benchmarks/CombinePredefinedPosesBenchmark.cpp,"(49, 1)-(49, 10)","b'constexpr char LOGNAME[] = ""combine_predefine...'"
moveit,../repos/moveit/moveit_ros/planning_interface/test/move_group_pick_place_test.cpp,"(59, 1)-(59, 10)",b'constexpr double PLANNING_TIME_S = 45.0;'
moveit,../repos/moveit/moveit_ros/planning_interface/test/move_group_pick_place_test.cpp,"(60, 1)-(60, 10)",b'constexpr double MAX_VELOCITY_SCALE = 1.0;'
moveit,../repos/moveit/moveit_ros/planning_interface/test/move_group_pick_place_test.cpp,"(61, 1)-(61, 10)",b'constexpr double MAX_ACCELERATION_SCALE = 1.0;'
moveit,../repos/moveit/moveit_ros/planning_interface/test/subframes_test.cpp,"(61, 1)-(61, 10)",b'constexpr double EPSILON = 1e-2;'
moveit,../repos/moveit/moveit_ros/planning_interface/test/subframes_test.cpp,"(62, 1)-(62, 10)",b'constexpr double Z_OFFSET = 0.05;'
moveit,../repos/moveit/moveit_ros/planning_interface/test/subframes_test.cpp,"(63, 1)-(63, 10)",b'constexpr double PLANNING_TIME_S = 30.0;'
moveit,../repos/moveit/moveit_ros/planning_interface/test/move_group_interface_cpp_test.cpp,"(65, 1)-(65, 10)",b'constexpr double EPSILON = 1e-5;'
moveit,../repos/moveit/moveit_ros/planning_interface/test/move_group_interface_cpp_test.cpp,"(68, 1)-(68, 10)",b'constexpr double PLANNING_TIME_S = 30.0;'
moveit,../repos/moveit/moveit_ros/planning_interface/test/move_group_interface_cpp_test.cpp,"(69, 1)-(69, 10)",b'constexpr double MAX_VELOCITY_SCALE = 1.0;'
moveit,../repos/moveit/moveit_ros/planning_interface/test/move_group_interface_cpp_test.cpp,"(70, 1)-(70, 10)",b'constexpr double MAX_ACCELERATION_SCALE = 1.0;'
moveit,../repos/moveit/moveit_ros/planning_interface/test/move_group_interface_cpp_test.cpp,"(71, 1)-(71, 10)",b'constexpr double GOAL_TOLERANCE = 1e-6;'
moveit,../repos/moveit/moveit_ros/planning_interface/move_group_interface/include/moveit/move_group_interface/move_group_interface.h,"(78, 10)-(78, 19)",b'static constexpr double DEFAULT_GOAL_JOINT_TO...'
moveit,../repos/moveit/moveit_ros/planning_interface/move_group_interface/include/moveit/move_group_interface/move_group_interface.h,"(82, 10)-(82, 19)",b'static constexpr double DEFAULT_GOAL_POSITION...'
moveit,../repos/moveit/moveit_ros/planning_interface/move_group_interface/include/moveit/move_group_interface/move_group_interface.h,"(86, 10)-(86, 19)",b'static constexpr double DEFAULT_GOAL_ORIENTAT...'
moveit,../repos/moveit/moveit_ros/planning_interface/move_group_interface/include/moveit/move_group_interface/move_group_interface.h,"(89, 10)-(89, 19)",b'static constexpr double DEFAULT_ALLOWED_PLANN...'
moveit,../repos/moveit/moveit_ros/planning_interface/move_group_interface/include/moveit/move_group_interface/move_group_interface.h,"(92, 10)-(92, 19)",b'static constexpr int DEFAULT_NUM_PLANNING_ATT...'
moveit,../repos/moveit/moveit_ros/perception/mesh_filter/test/mesh_filter_test.cpp,"(68, 10)-(68, 19)",b'static constexpr double ToMetricScale = 0.001;'
moveit,../repos/moveit/moveit_ros/perception/mesh_filter/test/mesh_filter_test.cpp,"(76, 10)-(76, 19)",b'static constexpr double ToMetricScale = 1.0f;'
moveit,../repos/moveit/moveit_ros/moveit_servo/src/servo_server.cpp,"(44, 1)-(44, 10)","b'constexpr char LOGNAME[] = ""servo_server"";'"
moveit,../repos/moveit/moveit_ros/moveit_servo/src/servo_server.cpp,"(45, 1)-(45, 10)",b'constexpr char ROS_THREADS = 8;'
moveit,../repos/moveit/moveit_ros/moveit_servo/src/servo_calcs.cpp,"(49, 1)-(49, 10)",b'constexpr size_t ROS_LOG_THROTTLE_PERIOD = 30;'
moveit,../repos/moveit/moveit_ros/moveit_servo/src/low_pass_filter.cpp,"(49, 1)-(49, 10)","b'constexpr char LOGNAME[] = ""low_pass_filter"";'"
moveit,../repos/moveit/moveit_ros/moveit_servo/src/low_pass_filter.cpp,"(50, 1)-(50, 10)",b'constexpr double EPSILON = 1e-9;'
moveit,../repos/moveit/moveit_ros/moveit_servo/src/servo.cpp,"(51, 1)-(51, 10)",b'constexpr double ROBOT_STATE_WAIT_TIME = 10.0;'
moveit,../repos/moveit/moveit_ros/moveit_servo/src/collision_check.cpp,"(47, 1)-(47, 10)",b'constexpr double EPSILON = 1e-6;'
moveit,../repos/moveit/moveit_ros/moveit_servo/src/collision_check.cpp,"(48, 1)-(48, 10)",b'constexpr size_t ROS_LOG_THROTTLE_PERIOD = 30;'
moveit,../repos/moveit/moveit_ros/moveit_servo/src/pose_tracking.cpp,"(39, 1)-(39, 10)","b'constexpr char LOGNAME[] = ""pose_tracking"";'"
moveit,../repos/moveit/moveit_ros/moveit_servo/src/pose_tracking.cpp,"(40, 1)-(40, 10)",b'constexpr double DEFAULT_LOOP_RATE = 100;'
moveit,../repos/moveit/moveit_ros/moveit_servo/src/pose_tracking.cpp,"(41, 1)-(41, 10)",b'constexpr double ROS_STARTUP_WAIT = 10;'
moveit,../repos/moveit/moveit_ros/moveit_servo/include/moveit_servo/servo_parameters.h,"(44, 1)-(44, 10)",b'constexpr size_t ROS_QUEUE_SIZE = 2;'
moveit,../repos/moveit/moveit_ros/moveit_servo/include/moveit_servo/low_pass_filter.h,"(62, 10)-(62, 19)",b'static constexpr std::size_t FILTER_LENGTH = 2;'
moveit,../repos/moveit/moveit_ros/moveit_servo/test/basic_servo_tests.cpp,"(109, 3)-(109, 12)",b'constexpr double test_duration = 1.0;'
moveit,../repos/moveit/moveit_ros/moveit_servo/test/basic_servo_tests.cpp,"(151, 3)-(151, 12)",b'constexpr double test_duration = 1.0;'
moveit,../repos/moveit/moveit_ros/moveit_servo/test/pose_tracking_test.cpp,"(54, 8)-(54, 17)",b'static constexpr double TRANSLATION_TOLERANCE...'
moveit,../repos/moveit/moveit_ros/moveit_servo/test/pose_tracking_test.cpp,"(55, 8)-(55, 17)",b'static constexpr double ROTATION_TOLERANCE = 0.1;'
moveit,../repos/moveit/moveit_ros/moveit_servo/test/pose_tracking_test.cpp,"(56, 8)-(56, 17)",b'static constexpr double ROS_PUB_SUB_DELAY = 4;'
moveit,../repos/moveit/moveit_ros/moveit_servo/test/servo_cpp_interface_test.cpp,"(53, 8)-(53, 17)",b'static constexpr double LARGEST_ALLOWABLE_PAN...'
moveit,../repos/moveit/moveit_ros/moveit_servo/test/servo_cpp_interface_test.cpp,"(127, 3)-(127, 12)",b'constexpr double test_duration = 1.0;'
moveit,../repos/moveit/moveit_ros/moveit_servo/test/servo_cpp_interface_test.cpp,"(168, 3)-(168, 12)",b'constexpr double test_duration = 1.0;'
moveit,../repos/moveit/moveit_ros/moveit_servo/test/servo_cpp_interface_test.cpp,"(234, 3)-(234, 12)",b'constexpr double test_duration = 1.0;'
moveit,../repos/moveit/moveit_ros/move_group/src/move_group.cpp,"(51, 1)-(51, 10)","b'constexpr char LOGNAME[] = ""move_group"";'"
moveit,../repos/moveit/moveit_ros/visualization/rviz_plugin_render_tools/src/trajectory_visualization.cpp,"(357, 3)-(357, 12)","b'constexpr char default_time_string[] = ""3x"";'"
moveit,../repos/moveit/moveit_ros/visualization/rviz_plugin_render_tools/src/trajectory_visualization.cpp,"(358, 3)-(358, 12)",b'constexpr float default_time_value = -3.0f;'
moveit,../repos/moveit/moveit_kinematics/test/test_kinematics_plugin.cpp,"(348, 10)-(348, 19)",b'static constexpr double NEAR_JOINT = 0.1;'
moveit,../repos/moveit/moveit_core/collision_detection/src/collision_common.cpp,"(38, 1)-(38, 10)",b'constexpr size_t LOG_THROTTLE_PERIOD = 5;'
moveit,../repos/moveit/moveit_core/collision_detection/include/moveit/collision_detection/test_collision_common_panda.h,"(335, 5)-(335, 14)",b'constexpr double eps = 1e-5;'
moveit,../repos/moveit/moveit_core/robot_state/src/robot_state.cpp,"(56, 1)-(56, 10)","b'constexpr char LOGNAME[] = ""robot_state"";'"
moveit,../repos/moveit/moveit_core/robot_state/src/robot_state.cpp,"(98, 3)-(98, 12)",b'constexpr unsigned int extra_alignment_bytes ...'
moveit,../repos/moveit/moveit_core/robot_state/test/test_kinematic_complex.cpp,"(49, 1)-(49, 10)",b'constexpr double EPSILON = 1e-2;'
moveit,../repos/moveit/moveit_core/robot_state/test/test_kinematic_complex.cpp,"(50, 1)-(50, 10)",b'constexpr double M_TAU = 2 * M_PI;'
moveit,../repos/moveit/moveit_core/robot_state/test/robot_state_test.cpp,"(50, 1)-(50, 10)",b'constexpr double EPSILON{ 1.e-9 };'
moveit,../repos/moveit/moveit_core/robot_model/src/robot_model.cpp,"(54, 1)-(54, 10)","b'constexpr char LOGNAME[] = ""robot_model"";'"
moveit,../repos/moveit/moveit_core/robot_model/src/floating_joint_model.cpp,"(51, 1)-(51, 10)",b'constexpr size_t STATE_SPACE_DIMENSION = 7;'
moveit,../repos/moveit/moveit_core/trajectory_processing/src/ruckig_traj_smoothing.cpp,"(49, 1)-(49, 10)",b'constexpr double DEFAULT_MAX_VELOCITY = 5;'
moveit,../repos/moveit/moveit_core/trajectory_processing/src/ruckig_traj_smoothing.cpp,"(50, 1)-(50, 10)",b'constexpr double DEFAULT_MAX_ACCELERATION = 10;'
moveit,../repos/moveit/moveit_core/trajectory_processing/src/ruckig_traj_smoothing.cpp,"(51, 1)-(51, 10)",b'constexpr double DEFAULT_MAX_JERK = 100;'
moveit,../repos/moveit/moveit_core/trajectory_processing/src/ruckig_traj_smoothing.cpp,"(52, 1)-(52, 10)",b'constexpr double MAX_DURATION_EXTENSION_FACTO...'
moveit,../repos/moveit/moveit_core/trajectory_processing/src/ruckig_traj_smoothing.cpp,"(53, 1)-(53, 10)",b'constexpr double DURATION_EXTENSION_FRACTION ...'
moveit,../repos/moveit/moveit_core/trajectory_processing/src/ruckig_traj_smoothing.cpp,"(54, 1)-(54, 10)",b'constexpr double OVERSHOOT_CHECK_PERIOD = 0.01;'
moveit,../repos/moveit/moveit_core/trajectory_processing/src/time_optimal_trajectory_generation.cpp,"(50, 1)-(50, 10)",b'constexpr double EPS = 0.000001;'
moveit,../repos/moveit/moveit_core/trajectory_processing/src/time_optimal_trajectory_generation.cpp,"(51, 1)-(51, 10)",b'constexpr double DEFAULT_VELOCITY_LIMIT = 1.0;'
moveit,../repos/moveit/moveit_core/trajectory_processing/src/time_optimal_trajectory_generation.cpp,"(52, 1)-(52, 10)",b'constexpr double DEFAULT_ACCELERATION_LIMIT = 1.0;'
moveit,../repos/moveit/moveit_core/trajectory_processing/test/test_time_optimal_trajectory_generation.cpp,"(250, 3)-(250, 12)","b'constexpr auto robot_name{ ""panda"" };'"
moveit,../repos/moveit/moveit_core/trajectory_processing/test/test_time_optimal_trajectory_generation.cpp,"(251, 3)-(251, 12)","b'constexpr auto group_name{ ""panda_arm"" };'"
moveit,../repos/moveit/moveit_core/trajectory_processing/test/test_time_optimal_trajectory_generation.cpp,"(275, 3)-(275, 12)",b'constexpr size_t totg_iterations = 10;'
moveit,../repos/moveit/moveit_core/trajectory_processing/test/test_ruckig_traj_smoothing.cpp,"(43, 1)-(43, 10)",b'constexpr double DEFAULT_TIMESTEP = 0.1;'
moveit,../repos/moveit/moveit_core/trajectory_processing/test/test_ruckig_traj_smoothing.cpp,"(44, 1)-(44, 10)","b'constexpr char JOINT_GROUP[] = ""panda_arm"";'"
moveit,../repos/moveit/moveit_core/collision_detection_bullet/src/collision_env_bullet.cpp,"(50, 1)-(50, 10)","b'constexpr char LOGNAME[] = ""collision_detecti...'"
moveit,../repos/moveit/moveit_core/collision_detection_fcl/src/collision_env_fcl.cpp,"(50, 1)-(50, 10)","b'constexpr char LOGNAME[] = ""collision_detecti...'"
