Repo name,File name,Location,Content
moveit,../repos/moveit/moveit_planners/pilz_industrial_motion_planner/include/pilz_industrial_motion_planner/trajectory_blender.h,"(75, 1)-(75, 71)",b'typedef std::unique_ptr<TrajectoryBlender> Tr...'
moveit,../repos/moveit/moveit_planners/pilz_industrial_motion_planner/include/pilz_industrial_motion_planner/planning_context_loader_ptp.h,"(65, 1)-(65, 81)",b'typedef boost::shared_ptr<PlanningContextLoad...'
moveit,../repos/moveit/moveit_planners/pilz_industrial_motion_planner/include/pilz_industrial_motion_planner/planning_context_loader_ptp.h,"(66, 1)-(66, 92)",b'typedef boost::shared_ptr<const PlanningConte...'
moveit,../repos/moveit/moveit_planners/pilz_industrial_motion_planner/include/pilz_industrial_motion_planner/planning_context_loader.h,"(117, 1)-(117, 75)",b'typedef boost::shared_ptr<PlanningContextLoad...'
moveit,../repos/moveit/moveit_planners/pilz_industrial_motion_planner/include/pilz_industrial_motion_planner/planning_context_loader.h,"(118, 1)-(118, 86)",b'typedef boost::shared_ptr<const PlanningConte...'
moveit,../repos/moveit/moveit_planners/pilz_industrial_motion_planner/include/pilz_industrial_motion_planner/joint_limits_extension.h,"(63, 1)-(63, 56)",b'typedef joint_limits_interface::JointLimits J...'
moveit,../repos/moveit/moveit_planners/pilz_industrial_motion_planner/include/pilz_industrial_motion_planner/joint_limits_extension.h,"(64, 1)-(64, 58)","b'typedef std::map<std::string, JointLimit> Joi...'"
moveit,../repos/moveit/moveit_planners/pilz_industrial_motion_planner/include/pilz_industrial_motion_planner/planning_context_loader_lin.h,"(65, 1)-(65, 81)",b'typedef boost::shared_ptr<PlanningContextLoad...'
moveit,../repos/moveit/moveit_planners/pilz_industrial_motion_planner/include/pilz_industrial_motion_planner/planning_context_loader_lin.h,"(66, 1)-(66, 92)",b'typedef boost::shared_ptr<const PlanningConte...'
moveit,../repos/moveit/moveit_planners/pilz_industrial_motion_planner/include/pilz_industrial_motion_planner/planning_context_loader_circ.h,"(65, 1)-(65, 83)",b'typedef boost::shared_ptr<PlanningContextLoad...'
moveit,../repos/moveit/moveit_planners/pilz_industrial_motion_planner/include/pilz_industrial_motion_planner/planning_context_loader_circ.h,"(66, 1)-(66, 94)",b'typedef boost::shared_ptr<const PlanningConte...'
moveit,../repos/moveit/moveit_planners/pilz_industrial_motion_planner/test/unittest_planning_context.cpp,"(71, 3)-(71, 19)",b'typedef T Type_;'
moveit,../repos/moveit/moveit_planners/pilz_industrial_motion_planner/test/unittest_planning_context.cpp,"(77, 1)-(77, 98)",b'typedef ValueTypeContainer<pilz_industrial_mo...'
moveit,../repos/moveit/moveit_planners/pilz_industrial_motion_planner/test/unittest_planning_context.cpp,"(78, 1)-(78, 100)",b'typedef ValueTypeContainer<pilz_industrial_mo...'
moveit,../repos/moveit/moveit_planners/pilz_industrial_motion_planner/test/unittest_planning_context.cpp,"(79, 1)-(79, 98)",b'typedef ValueTypeContainer<pilz_industrial_mo...'
moveit,../repos/moveit/moveit_planners/pilz_industrial_motion_planner/test/unittest_planning_context.cpp,"(80, 1)-(80, 100)",b'typedef ValueTypeContainer<pilz_industrial_mo...'
moveit,../repos/moveit/moveit_planners/pilz_industrial_motion_planner/test/unittest_planning_context.cpp,"(81, 1)-(81, 100)",b'typedef ValueTypeContainer<pilz_industrial_mo...'
moveit,../repos/moveit/moveit_planners/pilz_industrial_motion_planner/test/unittest_planning_context.cpp,"(82, 1)-(82, 102)",b'typedef ValueTypeContainer<pilz_industrial_mo...'
moveit,../repos/moveit/moveit_planners/pilz_industrial_motion_planner/test/unittest_planning_context.cpp,"(84, 1)-(86, 30)","b'typedef ::testing::Types<PTP_NO_GRIPPER, PTP_...'"
moveit,../repos/moveit/moveit_planners/pilz_industrial_motion_planner/test/unittest_trajectory_generator_common.cpp,"(71, 3)-(71, 19)",b'typedef T Type_;'
moveit,../repos/moveit/moveit_planners/pilz_industrial_motion_planner/test/unittest_trajectory_generator_common.cpp,"(77, 1)-(77, 102)",b'typedef ValueTypeContainer<pilz_industrial_mo...'
moveit,../repos/moveit/moveit_planners/pilz_industrial_motion_planner/test/unittest_trajectory_generator_common.cpp,"(78, 1)-(78, 104)",b'typedef ValueTypeContainer<pilz_industrial_mo...'
moveit,../repos/moveit/moveit_planners/pilz_industrial_motion_planner/test/unittest_trajectory_generator_common.cpp,"(79, 1)-(79, 102)",b'typedef ValueTypeContainer<pilz_industrial_mo...'
moveit,../repos/moveit/moveit_planners/pilz_industrial_motion_planner/test/unittest_trajectory_generator_common.cpp,"(80, 1)-(80, 104)",b'typedef ValueTypeContainer<pilz_industrial_mo...'
moveit,../repos/moveit/moveit_planners/pilz_industrial_motion_planner/test/unittest_trajectory_generator_common.cpp,"(81, 1)-(81, 104)",b'typedef ValueTypeContainer<pilz_industrial_mo...'
moveit,../repos/moveit/moveit_planners/pilz_industrial_motion_planner/test/unittest_trajectory_generator_common.cpp,"(82, 1)-(82, 106)",b'typedef ValueTypeContainer<pilz_industrial_mo...'
moveit,../repos/moveit/moveit_planners/pilz_industrial_motion_planner/test/unittest_trajectory_generator_common.cpp,"(84, 1)-(86, 40)","b'typedef ::testing::Types<PTP_NO_GRIPPER, PTP_...'"
moveit,../repos/moveit/moveit_planners/pilz_industrial_motion_planner/test/unittest_trajectory_generator_common.cpp,"(88, 1)-(88, 119)","b'typedef ::testing::Types<PTP_NO_GRIPPER, LIN_...'"
moveit,../repos/moveit/moveit_planners/pilz_industrial_motion_planner/test/unittest_trajectory_generator_common.cpp,"(90, 1)-(91, 51)","b'typedef ::testing::Types<PTP_WITH_GRIPPER, LI...'"
moveit,../repos/moveit/moveit_planners/sbpl/core/sbpl_interface/include/sbpl_interface/bresenham.h,"(41, 1)-(51, 23)","b'typedef struct\n{\n  int X1, Y1, Z1;\n  int X2, ...'"
moveit,../repos/moveit/moveit_planners/sbpl/core/sbpl_interface/include/sbpl_interface/sbpl_params.h,"(49, 1)-(49, 49)",b'typedef std::vector<std::vector<double> > MPrim;'
moveit,../repos/moveit/moveit_planners/sbpl/core/sbpl_interface/include/sbpl_interface/sbpl_params.h,"(50, 1)-(50, 33)",b'typedef std::vector<int> Coords;'
moveit,../repos/moveit/moveit_planners/sbpl/core/sbpl_interface/include/sbpl_interface/sbpl_params.h,"(52, 1)-(60, 19)",b'typedef struct\n{\n  char type;\n  int nsteps;\n ...'
moveit,../repos/moveit/moveit_planners/ompl/ompl_interface/include/moveit/ompl_interface/detail/projection_evaluators.h,"(45, 1)-(45, 52)",b'typedef Eigen::Ref<Eigen::VectorXd> OMPLProje...'
moveit,../repos/moveit/moveit_planners/ompl/ompl_interface/include/moveit/ompl_interface/detail/projection_evaluators.h,"(47, 1)-(47, 57)",b'typedef ompl::base::EuclideanProjection& OMPL...'
moveit,../repos/moveit/moveit_planners/ompl/ompl_interface/include/moveit/ompl_interface/detail/constraint_approximations.h,"(47, 1)-(47, 109)",b'typedef ompl::base::StateStorageWithMetadata<...'
moveit,../repos/moveit/moveit_planners/ompl/ompl_interface/include/moveit/ompl_interface/detail/constraint_approximations.h,"(48, 1)-(48, 111)",b'typedef std::function<bool(const ompl::base::...'
moveit,../repos/moveit/moveit_planners/ompl/ompl_interface/include/moveit/ompl_interface/detail/constraints_library.h,"(47, 1)-(48, 30)","b'typedef std::pair<std::vector<std::size_t>, s...'"
moveit,../repos/moveit/moveit_planners/ompl/ompl_interface/include/moveit/ompl_interface/detail/constraints_library.h,"(49, 1)-(49, 108)",b'typedef ompl::base::StateStorageWithMetadata<...'
moveit,../repos/moveit/moveit_planners/ompl/ompl_interface/include/moveit/ompl_interface/parameterization/model_based_state_space.h,"(47, 1)-(49, 27)",b'typedef std::function<bool(const ompl::base::...'
moveit,../repos/moveit/moveit_planners/ompl/ompl_interface/include/moveit/ompl_interface/parameterization/model_based_state_space.h,"(50, 1)-(50, 114)",b'typedef std::function<double(const ompl::base...'
moveit,../repos/moveit/moveit_planners/ompl/ompl_interface/include/moveit/ompl_interface/model_based_planning_context.h,"(58, 1)-(60, 32)",b'typedef std::function<ob::PlannerPtr(const om...'
moveit,../repos/moveit/moveit_planners/ompl/ompl_interface/include/moveit/ompl_interface/model_based_planning_context.h,"(61, 1)-(61, 110)",b'typedef std::function<ConfiguredPlannerAlloca...'
moveit,../repos/moveit/moveit_planners/pilz_industrial_motion_planner_testutils/include/pilz_industrial_motion_planner_testutils/command_types_typedef.h,"(50, 1)-(50, 62)","b'typedef Ptp<JointConfiguration, JointConfigur...'"
moveit,../repos/moveit/moveit_planners/pilz_industrial_motion_planner_testutils/include/pilz_industrial_motion_planner_testutils/command_types_typedef.h,"(51, 1)-(51, 70)","b'typedef Ptp<JointConfiguration, CartesianConf...'"
moveit,../repos/moveit/moveit_planners/pilz_industrial_motion_planner_testutils/include/pilz_industrial_motion_planner_testutils/command_types_typedef.h,"(52, 1)-(52, 69)","b'typedef Ptp<CartesianConfiguration, Cartesian...'"
moveit,../repos/moveit/moveit_planners/pilz_industrial_motion_planner_testutils/include/pilz_industrial_motion_planner_testutils/command_types_typedef.h,"(54, 1)-(54, 62)","b'typedef Lin<JointConfiguration, JointConfigur...'"
moveit,../repos/moveit/moveit_planners/pilz_industrial_motion_planner_testutils/include/pilz_industrial_motion_planner_testutils/command_types_typedef.h,"(55, 1)-(55, 70)","b'typedef Lin<JointConfiguration, CartesianConf...'"
moveit,../repos/moveit/moveit_planners/pilz_industrial_motion_planner_testutils/include/pilz_industrial_motion_planner_testutils/command_types_typedef.h,"(56, 1)-(56, 69)","b'typedef Lin<CartesianConfiguration, Cartesian...'"
moveit,../repos/moveit/moveit_planners/pilz_industrial_motion_planner_testutils/include/pilz_industrial_motion_planner_testutils/command_types_typedef.h,"(58, 1)-(58, 94)","b'typedef Circ<CartesianConfiguration, Cartesia...'"
moveit,../repos/moveit/moveit_planners/pilz_industrial_motion_planner_testutils/include/pilz_industrial_motion_planner_testutils/command_types_typedef.h,"(59, 1)-(59, 96)","b'typedef Circ<CartesianConfiguration, Cartesia...'"
moveit,../repos/moveit/moveit_planners/pilz_industrial_motion_planner_testutils/include/pilz_industrial_motion_planner_testutils/command_types_typedef.h,"(61, 1)-(61, 91)","b'typedef Circ<JointConfiguration, CartesianCen...'"
moveit,../repos/moveit/moveit_planners/pilz_industrial_motion_planner_testutils/include/pilz_industrial_motion_planner_testutils/command_types_typedef.h,"(62, 1)-(62, 93)","b'typedef Circ<JointConfiguration, CartesianInt...'"
moveit,../repos/moveit/moveit_planners/pilz_industrial_motion_planner_testutils/include/pilz_industrial_motion_planner_testutils/command_types_typedef.h,"(64, 1)-(66, 16)","b'typedef boost::variant<PtpJoint, PtpJointCart...'"
moveit,../repos/moveit/moveit_ros/robot_interaction/include/moveit/robot_interaction/locked_robot_state.h,"(81, 3)-(81, 80)",b'typedef boost::function<void(moveit::core::Ro...'
moveit,../repos/moveit/moveit_ros/robot_interaction/include/moveit/robot_interaction/interaction.h,"(87, 1)-(88, 36)",b'typedef boost::function<bool(const moveit::co...'
moveit,../repos/moveit/moveit_ros/robot_interaction/include/moveit/robot_interaction/interaction.h,"(101, 1)-(103, 23)",b'typedef boost::function<bool(moveit::core::Ro...'
moveit,../repos/moveit/moveit_ros/robot_interaction/include/moveit/robot_interaction/interaction.h,"(114, 1)-(114, 112)",b'typedef boost::function<bool(const moveit::co...'
moveit,../repos/moveit/moveit_ros/robot_interaction/include/moveit/robot_interaction/interaction_handler.h,"(66, 1)-(66, 87)",b'typedef boost::function<void(InteractionHandl...'
moveit,../repos/moveit/moveit_ros/robot_interaction/include/moveit/robot_interaction/interaction_handler.h,"(230, 3)-(230, 76)",b'typedef boost::function<void(InteractionHandl...'
moveit,../repos/moveit/moveit_ros/robot_interaction/include/moveit/robot_interaction/kinematic_options_map.h,"(98, 3)-(98, 61)","b'typedef std::map<std::string, KinematicOption...'"
moveit,../repos/moveit/moveit_ros/robot_interaction/test/locked_robot_state_test.cpp,"(486, 3)-(486, 24)",b'typedef int* int_ptr;'
moveit,../repos/moveit/moveit_ros/robot_interaction/test/locked_robot_state_test.cpp,"(487, 3)-(487, 37)",b'typedef boost::thread* thread_ptr;'
moveit,../repos/moveit/moveit_ros/planning/moveit_cpp/include/moveit/moveit_cpp/planning_component.h,"(137, 3)-(139, 32)",b'typedef std::function<planning_interface::Mot...'
moveit,../repos/moveit/moveit_ros/planning/moveit_cpp/include/moveit/moveit_cpp/planning_component.h,"(141, 3)-(143, 33)",b'typedef std::function<bool(PlanSolutions cons...'
moveit,../repos/moveit/moveit_ros/planning/planning_scene_monitor/include/moveit/planning_scene_monitor/planning_scene_monitor.h,"(519, 3)-(521, 24)",b'typedef std::map<const moveit::core::LinkMode...'
moveit,../repos/moveit/moveit_ros/planning/trajectory_execution_manager/include/moveit/trajectory_execution_manager/trajectory_execution_manager.h,"(66, 3)-(66, 110)",b'typedef boost::function<void(const moveit_con...'
moveit,../repos/moveit/moveit_ros/benchmarks/include/moveit/benchmarks/BenchmarkExecutor.h,"(65, 3)-(65, 61)","b'typedef std::map<std::string, std::string> Pl...'"
moveit,../repos/moveit/moveit_ros/benchmarks/include/moveit/benchmarks/BenchmarkExecutor.h,"(67, 3)-(67, 60)",b'typedef std::vector<PlannerRunData> PlannerBe...'
moveit,../repos/moveit/moveit_ros/benchmarks/include/moveit/benchmarks/BenchmarkExecutor.h,"(70, 3)-(71, 31)",b'typedef boost::function<void(const moveit_msg...'
moveit,../repos/moveit/moveit_ros/benchmarks/include/moveit/benchmarks/BenchmarkExecutor.h,"(74, 3)-(75, 36)",b'typedef boost::function<void(const moveit_msg...'
moveit,../repos/moveit/moveit_ros/benchmarks/include/moveit/benchmarks/BenchmarkExecutor.h,"(79, 3)-(80, 33)",b'typedef boost::function<void(const moveit_msg...'
moveit,../repos/moveit/moveit_ros/benchmarks/include/moveit/benchmarks/BenchmarkExecutor.h,"(84, 3)-(85, 38)",b'typedef boost::function<void(const moveit_msg...'
moveit,../repos/moveit/moveit_ros/benchmarks/include/moveit/benchmarks/BenchmarkExecutor.h,"(88, 3)-(88, 94)",b'typedef boost::function<void(moveit_msgs::Mot...'
moveit,../repos/moveit/moveit_ros/benchmarks/include/moveit/benchmarks/BenchmarkExecutor.h,"(91, 3)-(93, 28)",b'typedef boost::function<void(const moveit_msg...'
moveit,../repos/moveit/moveit_ros/planning_interface/common_planning_interface_objects/src/common_objects.cpp,"(104, 3)-(104, 79)","b'typedef CoupledDeleter<tf2_ros::Buffer, tf2_r...'"
moveit,../repos/moveit/moveit_ros/perception/lazy_free_space_updater/include/moveit/lazy_free_space_updater/lazy_free_space_updater.h,"(57, 3)-(57, 111)",b'typedef std::unordered_map<octomap::OcTreeKey...'
moveit,../repos/moveit/moveit_ros/perception/lazy_free_space_updater/include/moveit/lazy_free_space_updater/lazy_free_space_updater.h,"(59, 3)-(59, 111)",b'typedef std::unordered_map<octomap::OcTreeKey...'
moveit,../repos/moveit/moveit_ros/perception/lazy_free_space_updater/include/moveit/lazy_free_space_updater/lazy_free_space_updater.h,"(61, 3)-(61, 116)",b'typedef std::tr1::unordered_map<octomap::OcTr...'
moveit,../repos/moveit/moveit_ros/perception/semantic_world/include/moveit/semantic_world/semantic_world.h,"(65, 3)-(65, 51)",b'typedef boost::function<void()> TableCallbackFn;'
moveit,../repos/moveit/moveit_ros/perception/mesh_filter/include/moveit/mesh_filter/mesh_filter_base.h,"(60, 1)-(60, 33)",b'typedef unsigned int MeshHandle;'
moveit,../repos/moveit/moveit_ros/perception/mesh_filter/include/moveit/mesh_filter/mesh_filter_base.h,"(61, 1)-(61, 28)",b'typedef uint32_t LabelType;'
moveit,../repos/moveit/moveit_ros/perception/mesh_filter/include/moveit/mesh_filter/mesh_filter_base.h,"(67, 3)-(67, 81)","b'typedef std::function<bool(MeshHandle, Eigen:...'"
moveit,../repos/moveit/moveit_ros/perception/mesh_filter/test/mesh_filter_test.cpp,"(304, 1)-(304, 69)",b'typedef mesh_filter_test::MeshFilterTest<floa...'
moveit,../repos/moveit/moveit_ros/perception/mesh_filter/test/mesh_filter_test.cpp,"(312, 1)-(312, 86)",b'typedef mesh_filter_test::MeshFilterTest<unsi...'
moveit,../repos/moveit/moveit_ros/perception/point_containment_filter/include/moveit/point_containment_filter/shape_mask.h,"(50, 1)-(50, 34)",b'typedef unsigned int ShapeHandle;'
moveit,../repos/moveit/moveit_ros/perception/point_containment_filter/include/moveit/point_containment_filter/shape_mask.h,"(64, 3)-(64, 84)","b'typedef boost::function<bool(ShapeHandle, Eig...'"
moveit,../repos/moveit/moveit_ros/warehouse/warehouse/src/save_as_text.cpp,"(50, 1)-(50, 87)","b'typedef std::pair<geometry_msgs::Point, geome...'"
moveit,../repos/moveit/moveit_ros/warehouse/warehouse/src/save_as_text.cpp,"(51, 1)-(51, 69)","b'typedef std::map<std::string, LinkConstraintP...'"
moveit,../repos/moveit/moveit_ros/warehouse/warehouse/include/moveit/warehouse/planning_scene_storage.h,"(47, 1)-(47, 108)",b'typedef warehouse_ros::MessageWithMetadata<mo...'
moveit,../repos/moveit/moveit_ros/warehouse/warehouse/include/moveit/warehouse/planning_scene_storage.h,"(48, 1)-(48, 116)",b'typedef warehouse_ros::MessageWithMetadata<mo...'
moveit,../repos/moveit/moveit_ros/warehouse/warehouse/include/moveit/warehouse/planning_scene_storage.h,"(49, 1)-(49, 112)",b'typedef warehouse_ros::MessageWithMetadata<mo...'
moveit,../repos/moveit/moveit_ros/warehouse/warehouse/include/moveit/warehouse/planning_scene_storage.h,"(51, 1)-(51, 99)",b'typedef warehouse_ros::MessageCollection<move...'
moveit,../repos/moveit/moveit_ros/warehouse/warehouse/include/moveit/warehouse/planning_scene_storage.h,"(52, 1)-(52, 107)",b'typedef warehouse_ros::MessageCollection<move...'
moveit,../repos/moveit/moveit_ros/warehouse/warehouse/include/moveit/warehouse/planning_scene_storage.h,"(53, 1)-(53, 103)",b'typedef warehouse_ros::MessageCollection<move...'
moveit,../repos/moveit/moveit_ros/warehouse/warehouse/include/moveit/warehouse/state_storage.h,"(45, 1)-(45, 102)",b'typedef warehouse_ros::MessageWithMetadata<mo...'
moveit,../repos/moveit/moveit_ros/warehouse/warehouse/include/moveit/warehouse/state_storage.h,"(46, 1)-(46, 93)",b'typedef warehouse_ros::MessageCollection<move...'
moveit,../repos/moveit/moveit_ros/warehouse/warehouse/include/moveit/warehouse/planning_scene_world_storage.h,"(44, 1)-(44, 118)",b'typedef warehouse_ros::MessageWithMetadata<mo...'
moveit,../repos/moveit/moveit_ros/warehouse/warehouse/include/moveit/warehouse/planning_scene_world_storage.h,"(45, 1)-(45, 109)",b'typedef warehouse_ros::MessageCollection<move...'
moveit,../repos/moveit/moveit_ros/warehouse/warehouse/include/moveit/warehouse/constraints_storage.h,"(45, 1)-(45, 104)",b'typedef warehouse_ros::MessageWithMetadata<mo...'
moveit,../repos/moveit/moveit_ros/warehouse/warehouse/include/moveit/warehouse/constraints_storage.h,"(46, 1)-(46, 95)",b'typedef warehouse_ros::MessageCollection<move...'
moveit,../repos/moveit/moveit_ros/warehouse/warehouse/include/moveit/warehouse/trajectory_constraints_storage.h,"(45, 1)-(46, 39)",b'typedef warehouse_ros::MessageWithMetadata<mo...'
moveit,../repos/moveit/moveit_ros/warehouse/warehouse/include/moveit/warehouse/trajectory_constraints_storage.h,"(47, 1)-(47, 115)",b'typedef warehouse_ros::MessageCollection<move...'
moveit,../repos/moveit/moveit_ros/visualization/rviz_plugin_render_tools/src/octomap_render.cpp,"(49, 1)-(49, 53)",b'typedef std::vector<rviz::PointCloud::Point> ...'
moveit,../repos/moveit/moveit_ros/visualization/rviz_plugin_render_tools/src/octomap_render.cpp,"(50, 1)-(50, 37)",b'typedef std::vector<VPoint> VVPoint;'
moveit,../repos/moveit/moveit_ros/visualization/motion_planning_rviz_plugin/src/motion_planning_display.cpp,"(1093, 3)-(1093, 49)",b'typedef interactive_markers::MenuHandler immh;'
moveit,../repos/moveit/moveit_ros/visualization/motion_planning_rviz_plugin/include/moveit/motion_planning_rviz_plugin/motion_planning_frame.h,"(140, 3)-(140, 72)","b'typedef std::map<std::string, moveit_msgs::Ro...'"
moveit,../repos/moveit/moveit_ros/visualization/motion_planning_rviz_plugin/include/moveit/motion_planning_rviz_plugin/motion_planning_frame.h,"(141, 3)-(141, 74)","b'typedef std::pair<std::string, moveit_msgs::R...'"
moveit,../repos/moveit/moveit_kinematics/kdl_kinematics_plugin/include/moveit/kdl_kinematics_plugin/kdl_kinematics_plugin.h,"(125, 3)-(125, 45)","b'typedef Eigen::Matrix<double, 6, 1> Twist;'"
moveit,../repos/moveit/moveit_kinematics/cached_ik_kinematics_plugin/include/moveit/cached_ik_kinematics_plugin/detail/NearestNeighbors.h,"(52, 3)-(52, 72)","b'typedef std::function<double(const _T&, const...'"
moveit,../repos/moveit/moveit_kinematics/ikfast_kinematics_plugin/templates/ikfast.h,"(145, 3)-(145, 85)","b'typedef bool (*ComputeIkFn)(const T*, const T...'"
moveit,../repos/moveit/moveit_kinematics/ikfast_kinematics_plugin/templates/ikfast.h,"(147, 3)-(147, 49)","b'typedef void (*ComputeFkFn)(const T*, T*, T*);'"
moveit,../repos/moveit/moveit_kinematics/ikfast_kinematics_plugin/templates/ikfast.h,"(149, 3)-(149, 43)",b'typedef int (*GetNumFreeParametersFn)();'
moveit,../repos/moveit/moveit_kinematics/ikfast_kinematics_plugin/templates/ikfast.h,"(151, 3)-(151, 41)",b'typedef int* (*GetFreeParametersFn)();'
moveit,../repos/moveit/moveit_kinematics/ikfast_kinematics_plugin/templates/ikfast.h,"(153, 3)-(153, 35)",b'typedef int (*GetNumJointsFn)();'
moveit,../repos/moveit/moveit_kinematics/ikfast_kinematics_plugin/templates/ikfast.h,"(155, 3)-(155, 36)",b'typedef int (*GetIkRealSizeFn)();'
moveit,../repos/moveit/moveit_kinematics/ikfast_kinematics_plugin/templates/ikfast.h,"(157, 3)-(157, 47)",b'typedef const char* (*GetIkFastVersionFn)();'
moveit,../repos/moveit/moveit_kinematics/ikfast_kinematics_plugin/templates/ikfast.h,"(159, 3)-(159, 32)",b'typedef int (*GetIkTypeFn)();'
moveit,../repos/moveit/moveit_kinematics/ikfast_kinematics_plugin/templates/ikfast.h,"(161, 3)-(161, 48)",b'typedef const char* (*GetKinematicsHashFn)();'
moveit,../repos/moveit/moveit_kinematics/ikfast_kinematics_plugin/templates/ikfast.h,"(331, 1)-(331, 28)",b'typedef IKFAST_REAL IkReal;'
moveit,../repos/moveit/moveit_kinematics/ikfast_kinematics_plugin/templates/ikfast.h,"(333, 1)-(333, 23)",b'typedef double IkReal;'
moveit,../repos/moveit/moveit_kinematics/test/test_kinematics_plugin.cpp,"(78, 3)-(78, 79)",b'typedef pluginlib::ClassLoader<kinematics::Ki...'
moveit,../repos/moveit/moveit_core/collision_detection/include/moveit/collision_detection/occupancy_map.h,"(47, 1)-(47, 40)",b'typedef octomap::OcTreeNode OccMapNode;'
moveit,../repos/moveit/moveit_core/robot_state/include/moveit/robot_state/attached_body.h,"(52, 1)-(52, 87)",b'typedef boost::function<void(AttachedBody* bo...'
moveit,../repos/moveit/moveit_core/robot_state/include/moveit/robot_state/robot_state.h,"(68, 1)-(70, 34)",b'typedef boost::function<bool(RobotState* robo...'
moveit,../repos/moveit/moveit_core/distance_field/include/moveit/distance_field/propagation_distance_field.h,"(48, 1)-(48, 97)","b'typedef std::vector<Eigen::Vector3i, Eigen::a...'"
moveit,../repos/moveit/moveit_core/distance_field/include/moveit/distance_field/propagation_distance_field.h,"(450, 3)-(450, 111)","b'typedef std::set<Eigen::Vector3i, CompareEige...'"
moveit,../repos/moveit/moveit_core/robot_model/src/robot_model.cpp,"(132, 1)-(134, 13)","b'typedef std::map<const JointModel*, std::pair...'"
moveit,../repos/moveit/moveit_core/robot_model/include/moveit/robot_model/link_model.h,"(61, 1)-(61, 56)","b'typedef std::map<std::string, LinkModel*> Lin...'"
moveit,../repos/moveit/moveit_core/robot_model/include/moveit/robot_model/joint_model.h,"(84, 1)-(84, 53)","b'typedef std::map<std::string, int> VariableIn...'"
moveit,../repos/moveit/moveit_core/robot_model/include/moveit/robot_model/joint_model_group.h,"(55, 1)-(55, 98)",b'typedef boost::function<kinematics::Kinematic...'
moveit,../repos/moveit/moveit_core/collision_distance_field/test/test_collision_distance_field.cpp,"(56, 1)-(56, 72)",b'typedef collision_detection::CollisionEnvDist...'
moveit,../repos/moveit/moveit_core/planning_interface/include/moveit/planning_interface/planning_interface.h,"(74, 1)-(74, 85)","b'typedef std::map<std::string, PlannerConfigur...'"
moveit,../repos/moveit/moveit_core/planning_interface/include/moveit/planning_interface/planning_request.h,"(45, 1)-(45, 58)",b'typedef moveit_msgs::MotionPlanRequest Motion...'
moveit,../repos/moveit/moveit_core/planning_scene/include/moveit/planning_scene/planning_scene.h,"(151, 1)-(151, 89)",b'typedef boost::function<bool(const moveit::co...'
moveit,../repos/moveit/moveit_core/background_processing/include/moveit/background_processing/background_processing.h,"(72, 3)-(72, 81)","b'typedef boost::function<void(JobEvent, const ...'"
moveit,../repos/moveit/moveit_core/background_processing/include/moveit/background_processing/background_processing.h,"(75, 3)-(75, 47)",b'typedef boost::function<void()> JobCallback;'
moveit,../repos/moveit/moveit_core/collision_detection_fcl/include/moveit/collision_detection_fcl/collision_common.h,"(247, 1)-(247, 70)",b'typedef std::shared_ptr<fcl::CollisionObjectd...'
moveit,../repos/moveit/moveit_core/collision_detection_fcl/include/moveit/collision_detection_fcl/collision_common.h,"(248, 1)-(248, 81)",b'typedef std::shared_ptr<const fcl::CollisionO...'
moveit,../repos/moveit/moveit_plugins/moveit_ros_control_interface/src/controller_manager_plugin.cpp,"(88, 3)-(88, 90)","b'typedef std::map<std::string, controller_mana...'"
moveit,../repos/moveit/moveit_plugins/moveit_ros_control_interface/src/controller_manager_plugin.cpp,"(91, 3)-(91, 77)","b'typedef std::map<std::string, ControllerHandl...'"
moveit,../repos/moveit/moveit_plugins/moveit_ros_control_interface/src/controller_manager_plugin.cpp,"(94, 3)-(94, 97)","b'typedef std::map<std::string, moveit_controll...'"
moveit,../repos/moveit/moveit_plugins/moveit_ros_control_interface/src/controller_manager_plugin.cpp,"(306, 5)-(306, 68)","b'typedef boost::bimap<std::string, std::string...'"
moveit,../repos/moveit/moveit_plugins/moveit_ros_control_interface/src/controller_manager_plugin.cpp,"(376, 3)-(376, 113)","b'typedef std::map<std::string, moveit_ros_cont...'"
moveit,../repos/moveit/moveit_plugins/moveit_fake_controller_manager/src/moveit_fake_controller_manager.cpp,"(145, 5)-(145, 56)","b'typedef std::map<std::string, double> JointPo...'"
moveit,../repos/moveit/moveit_experimental/kinematics_cache/v2/kinematics_cache/include/moveit/kinematics_cache/kinematics_cache.h,"(181, 1)-(181, 61)",b'typedef std::shared_ptr<KinematicsCache> Kine...'
moveit,../repos/moveit/moveit_experimental/kinematics_cache/v1/kinematics_cache/include/kinematics_cache/kinematics_cache.h,"(183, 1)-(183, 61)",b'typedef std::shared_ptr<KinematicsCache> Kine...'
moveit,../repos/moveit/moveit_experimental/kinematics_constraint_aware/include/moveit/kinematics_constraint_aware/kinematics_constraint_aware.h,"(63, 1)-(63, 81)",b'typedef std::shared_ptr<KinematicsConstraintA...'
moveit,../repos/moveit/moveit_experimental/kinematics_constraint_aware/include/moveit/kinematics_constraint_aware/kinematics_constraint_aware.h,"(64, 1)-(64, 92)",b'typedef std::shared_ptr<const KinematicsConst...'
moveit,../repos/moveit/moveit_setup_assistant/src/tools/compute_default_collisions.cpp,"(60, 1)-(60, 70)","b'typedef std::set<std::pair<std::string, std::...'"
moveit,../repos/moveit/moveit_setup_assistant/src/tools/compute_default_collisions.cpp,"(87, 1)-(87, 103)",b'typedef std::map<const moveit::core::LinkMode...'
moveit,../repos/moveit/moveit_setup_assistant/src/widgets/configuration_files_widget.h,"(72, 1)-(72, 76)","b'typedef std::vector<std::pair<std::string, st...'"
moveit,../repos/moveit/moveit_setup_assistant/src/widgets/planning_groups_widget.cpp,"(976, 3)-(976, 88)","b'typedef boost::adjacency_list<boost::vecS, bo...'"
moveit,../repos/moveit/moveit_setup_assistant/include/moveit/setup_assistant/tools/compute_default_collisions.h,"(76, 1)-(76, 81)","b'typedef std::map<std::pair<std::string, std::...'"
