Repo name,File name,Location,Content
gcc,../repos/gcc/genmatch.c,"(121, 10)-(121, 53)","b'fatal_at (const cpp_token *tk, const char *ms...'"
gcc,../repos/gcc/genmatch.c,"(134, 10)-(134, 48)","b'fatal_at (location_t loc, const char *msg, ...)'"
gcc,../repos/gcc/genmatch.c,"(147, 12)-(147, 55)","b'warning_at (const cpp_token *tk, const char *...'"
gcc,../repos/gcc/genmatch.c,"(160, 12)-(160, 50)","b'warning_at (location_t loc, const char *msg, ...)'"
gcc,../repos/gcc/genmatch.c,"(175, 16)-(175, 71)","b'fprintf_indent (FILE *f, unsigned int indent,...'"
gcc,../repos/gcc/c/c-errors.c,"(35, 13)-(35, 68)","b'pedwarn_c11 (location_t location, int opt, co...'"
gcc,../repos/gcc/c/c-errors.c,"(74, 13)-(74, 68)","b'pedwarn_c99 (location_t location, int opt, co...'"
gcc,../repos/gcc/c/c-errors.c,"(114, 13)-(114, 68)","b'pedwarn_c90 (location_t location, int opt, co...'"
gcc,../repos/gcc/c/c-typeck.c,"(6537, 12)-(6537, 53)","b'error_init (location_t loc, const char *gmsgi...'"
gcc,../repos/gcc/c/c-typeck.c,"(6560, 14)-(6560, 64)","b'pedwarn_init (location_t loc, int opt, const ...'"
gcc,../repos/gcc/c/c-decl.c,"(612, 30)-(612, 66)","b'warn_defaults_to (location_t, int, const char...'"
gcc,../repos/gcc/c/c-decl.c,"(6157, 18)-(6157, 73)","b'warn_defaults_to (location_t location, int op...'"
gcc,../repos/gcc/c/c-tree.h,"(815, 25)-(815, 65)","b'pedwarn_c90 (location_t, int opt, const char ...'"
gcc,../repos/gcc/c/c-tree.h,"(817, 25)-(817, 65)","b'pedwarn_c99 (location_t, int opt, const char ...'"
gcc,../repos/gcc/c/c-tree.h,"(819, 25)-(819, 65)","b'pedwarn_c11 (location_t, int opt, const char ...'"
gcc,../repos/gcc/lto/lto-lang.c,"(589, 13)-(589, 71)","b'def_fn_type (builtin_type def, builtin_type r...'"
gcc,../repos/gcc/d/d-tree.h,"(666, 27)-(666, 56)","b'build_libcall (libcall_fn, Type *, int ...)'"
gcc,../repos/gcc/d/d-tree.h,"(699, 30)-(699, 56)","b'make_struct_type (const char *, int n, ...)'"
gcc,../repos/gcc/d/runtime.cc,"(215, 20)-(216, 35)","b'build_libcall_decl (const char *name, d_libca...'"
gcc,../repos/gcc/d/runtime.cc,"(299, 15)-(299, 63)","b'build_libcall (libcall_fn libcall, Type *type...'"
gcc,../repos/gcc/d/d-builtins.cc,"(1017, 13)-(1017, 71)","b'def_fn_type (builtin_type def, builtin_type r...'"
gcc,../repos/gcc/d/intrinsics.cc,"(204, 17)-(204, 67)","b'call_builtin_fn (tree callexp, built_in_funct...'"
gcc,../repos/gcc/d/typeinfo.cc,"(159, 24)-(159, 63)","b'make_internal_typeinfo (tinfo_kind tk, Identi...'"
gcc,../repos/gcc/d/types.cc,"(201, 18)-(201, 54)","b'make_struct_type (const char *name, int nfiel...'"
gcc,../repos/gcc/d/dmd/dsymbol.c,"(705, 20)-(705, 45)","b'Dsymbol::error(const char *format, ...)'"
gcc,../repos/gcc/d/dmd/dsymbol.c,"(713, 20)-(713, 54)","b'Dsymbol::error(Loc loc, const char *format, ...)'"
gcc,../repos/gcc/d/dmd/dsymbol.c,"(721, 26)-(721, 60)","b'Dsymbol::deprecation(Loc loc, const char *for...'"
gcc,../repos/gcc/d/dmd/dsymbol.c,"(729, 26)-(729, 51)","b'Dsymbol::deprecation(const char *format, ...)'"
gcc,../repos/gcc/d/dmd/statement.c,"(145, 22)-(145, 47)","b'Statement::error(const char *format, ...)'"
gcc,../repos/gcc/d/dmd/statement.c,"(153, 24)-(153, 49)","b'Statement::warning(const char *format, ...)'"
gcc,../repos/gcc/d/dmd/statement.c,"(161, 28)-(161, 53)","b'Statement::deprecation(const char *format, ...)'"
gcc,../repos/gcc/d/dmd/expression.h,"(157, 15)-(157, 40)","b'error(const char *format, ...) const'"
gcc,../repos/gcc/d/dmd/expression.h,"(158, 17)-(158, 42)","b'warning(const char *format, ...) const'"
gcc,../repos/gcc/d/dmd/expression.h,"(159, 21)-(159, 46)","b'deprecation(const char *format, ...) const'"
gcc,../repos/gcc/d/dmd/mtype.h,"(349, 22)-(349, 56)","b'error(Loc loc, const char *format, ...)'"
gcc,../repos/gcc/d/dmd/mtype.h,"(350, 24)-(350, 58)","b'warning(Loc loc, const char *format, ...)'"
gcc,../repos/gcc/d/dmd/lexer.c,"(123, 18)-(123, 43)","b'Lexer::error(const char *format, ...)'"
gcc,../repos/gcc/d/dmd/lexer.c,"(132, 18)-(132, 52)","b'Lexer::error(Loc loc, const char *format, ...)'"
gcc,../repos/gcc/d/dmd/lexer.c,"(141, 24)-(141, 49)","b'Lexer::deprecation(const char *format, ...)'"
gcc,../repos/gcc/d/dmd/dsymbol.h,"(177, 15)-(177, 49)","b'error(Loc loc, const char *format, ...)'"
gcc,../repos/gcc/d/dmd/dsymbol.h,"(178, 15)-(178, 40)","b'error(const char *format, ...)'"
gcc,../repos/gcc/d/dmd/dsymbol.h,"(179, 21)-(179, 55)","b'deprecation(Loc loc, const char *format, ...)'"
gcc,../repos/gcc/d/dmd/dsymbol.h,"(180, 21)-(180, 46)","b'deprecation(const char *format, ...)'"
gcc,../repos/gcc/d/dmd/root/outbuffer.h,"(63, 16)-(63, 41)","b'printf(const char *format, ...)'"
gcc,../repos/gcc/d/dmd/root/outbuffer.c,"(314, 23)-(314, 48)","b'OutBuffer::printf(const char *format, ...)'"
gcc,../repos/gcc/d/dmd/mtype.c,"(2280, 17)-(2280, 51)","b'Type::error(Loc loc, const char *format, ...)'"
gcc,../repos/gcc/d/dmd/mtype.c,"(2288, 19)-(2288, 53)","b'Type::warning(Loc loc, const char *format, ...)'"
gcc,../repos/gcc/d/dmd/mtype.c,"(5218, 33)-(5218, 58)","b'getMatchError(const char *format, ...)'"
gcc,../repos/gcc/d/dmd/errors.h,"(25, 38)-(25, 79)","b'warning(const Loc& loc, const char *format, ...)'"
gcc,../repos/gcc/d/dmd/errors.h,"(26, 50)-(26, 91)","b'warningSupplemental(const Loc& loc, const cha...'"
gcc,../repos/gcc/d/dmd/errors.h,"(27, 42)-(27, 83)","b'deprecation(const Loc& loc, const char *forma...'"
gcc,../repos/gcc/d/dmd/errors.h,"(28, 54)-(28, 95)","b'deprecationSupplemental(const Loc& loc, const...'"
gcc,../repos/gcc/d/dmd/errors.h,"(29, 36)-(29, 77)","b'error(const Loc& loc, const char *format, ...)'"
gcc,../repos/gcc/d/dmd/errors.h,"(30, 48)-(30, 89)","b'errorSupplemental(const Loc& loc, const char ...'"
gcc,../repos/gcc/d/dmd/errors.h,"(37, 38)-(37, 63)","b'message(const char *format, ...)'"
gcc,../repos/gcc/d/dmd/errors.h,"(38, 38)-(38, 79)","b'message(const Loc& loc, const char *format, ...)'"
gcc,../repos/gcc/d/dmd/lexer.h,"(64, 15)-(64, 40)","b'error(const char *format, ...)'"
gcc,../repos/gcc/d/dmd/lexer.h,"(65, 15)-(65, 49)","b'error(Loc loc, const char *format, ...)'"
gcc,../repos/gcc/d/dmd/lexer.h,"(66, 21)-(66, 46)","b'deprecation(const char *format, ...)'"
gcc,../repos/gcc/d/dmd/statement.h,"(89, 15)-(89, 40)","b'error(const char *format, ...)'"
gcc,../repos/gcc/d/dmd/statement.h,"(90, 17)-(90, 42)","b'warning(const char *format, ...)'"
gcc,../repos/gcc/d/dmd/statement.h,"(91, 21)-(91, 46)","b'deprecation(const char *format, ...)'"
gcc,../repos/gcc/d/dmd/expression.c,"(444, 23)-(444, 48)","b'Expression::error(const char *format, ...) const'"
gcc,../repos/gcc/d/dmd/expression.c,"(455, 25)-(455, 50)","b'Expression::warning(const char *format, ...) const'"
gcc,../repos/gcc/d/dmd/expression.c,"(466, 29)-(466, 54)","b'Expression::deprecation(const char *format, ....'"
gcc,../repos/gcc/d/d-diagnostic.cc,"(214, 7)-(214, 48)","b'error (const Loc &loc, const char *format, ...)'"
gcc,../repos/gcc/d/d-diagnostic.cc,"(255, 19)-(255, 60)","b'errorSupplemental (const Loc &loc, const char...'"
gcc,../repos/gcc/d/d-diagnostic.cc,"(276, 9)-(276, 50)","b'warning (const Loc &loc, const char *format, ...)'"
gcc,../repos/gcc/d/d-diagnostic.cc,"(303, 21)-(303, 62)","b'warningSupplemental (const Loc &loc, const ch...'"
gcc,../repos/gcc/d/d-diagnostic.cc,"(325, 13)-(325, 54)","b'deprecation (const Loc &loc, const char *form...'"
gcc,../repos/gcc/d/d-diagnostic.cc,"(364, 25)-(364, 66)","b'deprecationSupplemental (const Loc &loc, cons...'"
gcc,../repos/gcc/d/d-diagnostic.cc,"(384, 9)-(384, 50)","b'message (const Loc &loc, const char *format, ...)'"
gcc,../repos/gcc/d/d-diagnostic.cc,"(401, 9)-(401, 34)","b'message (const char *format, ...)'"
gcc,../repos/gcc/sel-sched-dump.h,"(197, 23)-(197, 45)","b'sel_print (const char *fmt, ...)'"
gcc,../repos/gcc/graphviz.h,"(33, 14)-(33, 36)","b'print (const char *fmt, ...)'"
gcc,../repos/gcc/graphviz.h,"(35, 16)-(35, 38)","b'println (const char *fmt, ...)'"
gcc,../repos/gcc/read-md.c,"(214, 12)-(214, 53)","b'message_at (file_location loc, const char *ms...'"
gcc,../repos/gcc/read-md.c,"(226, 10)-(226, 51)","b'error_at (file_location loc, const char *msg, ...)'"
gcc,../repos/gcc/read-md.c,"(239, 10)-(239, 51)","b'fatal_at (file_location loc, const char *msg, ...)'"
gcc,../repos/gcc/read-md.c,"(253, 26)-(253, 48)","b'fatal_with_file_and_line (const char *msg, ...)'"
gcc,../repos/gcc/go/gofrontend/runtime.h,"(35, 12)-(35, 42)","b'make_call(Function, Location, int, ...)'"
gcc,../repos/gcc/go/gofrontend/runtime.cc,"(417, 19)-(418, 27)","b'Runtime::make_call(Runtime::Function code, Lo...'"
gcc,../repos/gcc/go/gofrontend/types.h,"(572, 27)-(572, 45)","b'make_builtin_struct_type(int nfields, ...)'"
gcc,../repos/gcc/go/gofrontend/types.cc,"(1503, 31)-(1503, 49)","b'Type::make_builtin_struct_type(int nfields, ...)'"
gcc,../repos/gcc/go/gofrontend/go-diagnostics.cc,"(140, 12)-(140, 59)","b'go_error_at(const Location location, const ch...'"
gcc,../repos/gcc/go/gofrontend/go-diagnostics.cc,"(150, 14)-(150, 70)","b'go_warning_at(const Location location, int op...'"
gcc,../repos/gcc/go/gofrontend/go-diagnostics.cc,"(160, 15)-(160, 62)","b'go_fatal_error(const Location location, const...'"
gcc,../repos/gcc/go/gofrontend/go-diagnostics.cc,"(170, 10)-(170, 57)","b'go_inform(const Location location, const char...'"
gcc,../repos/gcc/go/gofrontend/go-diagnostics.cc,"(182, 9)-(182, 56)","b'go_debug(const Location location, const char*...'"
gcc,../repos/gcc/go/gofrontend/go-diagnostics.h,"(41, 24)-(41, 62)","b'go_error_at(const Location, const char* fmt, ...)'"
gcc,../repos/gcc/go/gofrontend/go-diagnostics.h,"(43, 26)-(43, 73)","b'go_warning_at(const Location, int opt, const ...'"
gcc,../repos/gcc/go/gofrontend/go-diagnostics.h,"(45, 27)-(45, 65)","b'go_fatal_error(const Location, const char* fm...'"
gcc,../repos/gcc/go/gofrontend/go-diagnostics.h,"(47, 22)-(47, 60)","b'go_inform(const Location, const char* fmt, ...)'"
gcc,../repos/gcc/go/gofrontend/go-diagnostics.h,"(53, 21)-(53, 59)","b'go_debug(const Location, const char* fmt, ...)'"
gcc,../repos/gcc/genrecog.c,"(4469, 15)-(4469, 61)",b'ATTRIBUTE_PRINTF_2\nprintf_indent (unsigned in...'
gcc,../repos/gcc/diagnostic.c,"(86, 22)-(86, 44)","b'build_message_string (const char *msg, ...)'"
gcc,../repos/gcc/diagnostic.c,"(1340, 10)-(1340, 35)","b'verbatim (const char *gmsgid, ...)'"
gcc,../repos/gcc/diagnostic.c,"(1357, 24)-(1359, 50)",b'diagnostic_append_note (diagnostic_context *c...'
gcc,../repos/gcc/diagnostic.c,"(1440, 17)-(1441, 28)","b'emit_diagnostic (diagnostic_t kind, location_...'"
gcc,../repos/gcc/diagnostic.c,"(1455, 17)-(1456, 28)","b'emit_diagnostic (diagnostic_t kind, rich_loca...'"
gcc,../repos/gcc/diagnostic.c,"(1479, 8)-(1479, 54)","b'inform (location_t location, const char *gmsg...'"
gcc,../repos/gcc/diagnostic.c,"(1491, 8)-(1491, 57)","b'inform (rich_location *richloc, const char *g...'"
gcc,../repos/gcc/diagnostic.c,"(1505, 10)-(1506, 64)","b'inform_n (location_t location, unsigned HOST_...'"
gcc,../repos/gcc/diagnostic.c,"(1521, 9)-(1521, 43)","b'warning (int opt, const char *gmsgid, ...)'"
gcc,../repos/gcc/diagnostic.c,"(1537, 12)-(1537, 67)","b'warning_at (location_t location, int opt, con...'"
gcc,../repos/gcc/diagnostic.c,"(1551, 12)-(1551, 70)","b'warning_at (rich_location *richloc, int opt, ...'"
gcc,../repos/gcc/diagnostic.c,"(1566, 14)-(1568, 41)","b'warning_meta (rich_location *richloc,\n\t      ...'"
gcc,../repos/gcc/diagnostic.c,"(1585, 11)-(1586, 65)","b'warning_n (rich_location *richloc, int opt, u...'"
gcc,../repos/gcc/diagnostic.c,"(1605, 11)-(1606, 65)","b'warning_n (location_t location, int opt, unsi...'"
gcc,../repos/gcc/diagnostic.c,"(1633, 9)-(1633, 64)","b'pedwarn (location_t location, int opt, const ...'"
gcc,../repos/gcc/diagnostic.c,"(1647, 9)-(1647, 67)","b'pedwarn (rich_location *richloc, int opt, con...'"
gcc,../repos/gcc/diagnostic.c,"(1667, 11)-(1667, 57)","b'permerror (location_t location, const char *g...'"
gcc,../repos/gcc/diagnostic.c,"(1681, 11)-(1681, 60)","b'permerror (rich_location *richloc, const char...'"
gcc,../repos/gcc/diagnostic.c,"(1696, 7)-(1696, 32)","b'error (const char *gmsgid, ...)'"
gcc,../repos/gcc/diagnostic.c,"(1709, 9)-(1710, 63)","b'error_n (location_t location, unsigned HOST_W...'"
gcc,../repos/gcc/diagnostic.c,"(1723, 10)-(1723, 51)","b'error_at (location_t loc, const char *gmsgid, ...)'"
gcc,../repos/gcc/diagnostic.c,"(1736, 10)-(1736, 59)","b'error_at (rich_location *richloc, const char ...'"
gcc,../repos/gcc/diagnostic.c,"(1751, 7)-(1751, 32)","b'sorry (const char *gmsgid, ...)'"
gcc,../repos/gcc/diagnostic.c,"(1763, 10)-(1763, 51)","b'sorry_at (location_t loc, const char *gmsgid, ...)'"
gcc,../repos/gcc/diagnostic.c,"(1785, 13)-(1785, 54)","b'fatal_error (location_t loc, const char *gmsg...'"
gcc,../repos/gcc/diagnostic.c,"(1802, 16)-(1802, 41)","b'internal_error (const char *gmsgid, ...)'"
gcc,../repos/gcc/diagnostic.c,"(1818, 29)-(1818, 54)",b'internal_error_no_backtrace (const char *gmsg...'
gcc,../repos/gcc/diagnostic.c,"(1836, 9)-(1836, 46)","b'fnotice (FILE *file, const char *cmsgid, ...)'"
gcc,../repos/gcc/diagnostic.c,"(1964, 35)-(1965, 29)",b'simple_diagnostic_path::add_event (location_t...'
gcc,../repos/gcc/sel-sched-dump.c,"(651, 11)-(651, 33)","b'sel_print (const char *fmt, ...)'"
gcc,../repos/gcc/gimple.h,"(1519, 26)-(1519, 47)","b'gimple_build_call (tree, unsigned, ...)'"
gcc,../repos/gcc/gimple.h,"(1521, 35)-(1521, 68)","b'gimple_build_call_internal (enum internal_fn,...'"
gcc,../repos/gcc/system.h,"(182, 29)-(182, 56)","b'fprintf_unlocked (FILE *, const char *, ...)'"
gcc,../repos/gcc/system.h,"(578, 21)-(578, 56)","b'snprintf (char *, size_t, const char *, ...)'"
gcc,../repos/gcc/collect-utils.h,"(24, 20)-(24, 39)","b'notice (const char *, ...)\n  __attribute__ ((...'"
gcc,../repos/gcc/tree-ssa-propagate.h,"(68, 32)-(68, 72)","b'update_gimple_call (gimple_stmt_iterator *, t...'"
gcc,../repos/gcc/graphviz.cc,"(37, 21)-(37, 43)","b'graphviz_out::print (const char *fmt, ...)'"
gcc,../repos/gcc/graphviz.cc,"(55, 23)-(55, 45)","b'graphviz_out::println (const char *fmt, ...)'"
gcc,../repos/gcc/tree.h,"(356, 31)-(357, 15)","b'tree_check_failed (const_tree, const char *, ...'"
gcc,../repos/gcc/tree.h,"(358, 35)-(359, 12)","b'tree_not_check_failed (const_tree, const char...'"
gcc,../repos/gcc/tree.h,"(4379, 22)-(4379, 43)","b'build_nt (enum tree_code, ...)'"
gcc,../repos/gcc/tree.h,"(4470, 34)-(4470, 50)","b'build_constructor_va (tree, int, ...)'"
gcc,../repos/gcc/tree.h,"(4495, 29)-(4495, 51)","b'build_call_nary (tree, tree, int, ...)'"
gcc,../repos/gcc/tree.h,"(4503, 33)-(4503, 61)","b'build_call_expr_loc (location_t, tree, int, ...)'"
gcc,../repos/gcc/tree.h,"(4504, 29)-(4504, 45)","b'build_call_expr (tree, int, ...)'"
gcc,../repos/gcc/tree.h,"(4505, 42)-(4506, 23)","b'build_call_expr_internal_loc (location_t, enu...'"
gcc,../repos/gcc/tree.h,"(4509, 39)-(4510, 21)","b'maybe_build_call_expr_loc (location_t, combin...'"
gcc,../repos/gcc/tree.h,"(4535, 38)-(4535, 49)","b'build_function_type_list (tree, ...)'"
gcc,../repos/gcc/tree.h,"(4536, 46)-(4536, 57)","b'build_varargs_function_type_list (tree, ...)'"
gcc,../repos/gcc/opts.h,"(337, 26)-(337, 50)","b'opts_concat (const char *first, ...)'"
gcc,../repos/gcc/opt-problem.h,"(188, 32)-(189, 26)","b'failure_at (const dump_location_t &loc,\n\t\t\t\tc...'"
gcc,../repos/gcc/opt-problem.h,"(246, 14)-(247, 29)","b'failure_at (const dump_location_t &loc,\n\t    ...'"
gcc,../repos/gcc/output.h,"(86, 36)-(86, 55)","b'output_operand_lossage (const char *, ...)'"
gcc,../repos/gcc/output.h,"(128, 25)-(128, 57)","b'asm_fprintf (FILE *file, const char *p, ...)'"
gcc,../repos/gcc/pretty-print.c,"(1764, 11)-(1764, 53)","b'pp_printf (pretty_printer *pp, const char *ms...'"
gcc,../repos/gcc/pretty-print.c,"(1781, 13)-(1781, 55)","b'pp_verbatim (pretty_printer *pp, const char *...'"
gcc,../repos/gcc/pretty-print.c,"(2283, 18)-(2284, 26)","b'assert_pp_format (const location &loc, const ...'"
gcc,../repos/gcc/pretty-print.c,"(2296, 26)-(2297, 27)",b'assert_pp_format_colored (const location &loc...'
gcc,../repos/gcc/genattrtab.c,"(260, 36)-(260, 69)","b'attr_printf           (unsigned int, const ch...'"
gcc,../repos/gcc/genattrtab.c,"(585, 10)-(585, 35)","b'attr_rtx (enum rtx_code code, ...)'"
gcc,../repos/gcc/genattrtab.c,"(602, 13)-(602, 53)","b'attr_printf (unsigned int len, const char *fm...'"
gcc,../repos/gcc/config/mips/mips.c,"(4625, 21)-(4625, 46)","b'mips_multi_add_insn (const char *format, ...)'"
gcc,../repos/gcc/config/mips/mips.c,"(9695, 21)-(9696, 38)","b'mips_declare_object (FILE *stream, const char...'"
gcc,../repos/gcc/config/mips/mips-protos.h,"(269, 33)-(270, 24)","b'mips_declare_object (FILE *, const char *, co...'"
gcc,../repos/gcc/config/avr/avr-log.c,"(85, 11)-(85, 50)","b'avr_vdump (FILE *stream, const char *caller, ...)'"
gcc,../repos/gcc/config/avr/avr-protos.h,"(170, 22)-(170, 47)","b'avr_vdump (FILE*, const char*, ...)'"
gcc,../repos/gcc/config/bpf/bpf-helpers.h,"(64, 22)-(64, 58)","b'bpf_trace_printk (const char *fmt, int fmt_si...'"
gcc,../repos/gcc/emit-rtl.h,"(386, 24)-(386, 34)","b'gen_rtvec (int, ...)'"
gcc,../repos/gcc/ubsan.h,"(58, 31)-(58, 75)","b'ubsan_create_data (const char *, int, const l...'"
gcc,../repos/gcc/rtlanal.h,"(216, 26)-(216, 35)",b'growing_rtx_properties (Args...)'
gcc,../repos/gcc/rtlanal.h,"(231, 54)-(231, 68)",b'growing_rtx_properties<Base>::growing_rtx_pro...'
gcc,../repos/gcc/collect-utils.c,"(42, 8)-(42, 33)","b'notice (const char *cmsgid, ...)'"
gcc,../repos/gcc/analyzer/analyzer.h,"(221, 35)-(221, 76)","b'make_label_text (bool can_colorize, const cha...'"
gcc,../repos/gcc/analyzer/pending-diagnostic.cc,"(49, 37)-(49, 59)",b'evdesc::event_desc::formatted_print (const ch...'
gcc,../repos/gcc/analyzer/analyzer-logging.cc,"(105, 13)-(105, 35)","b'logger::log (const char *fmt, ...)'"
gcc,../repos/gcc/analyzer/analyzer-logging.cc,"(136, 21)-(136, 43)","b'logger::log_partial (const char *fmt, ...)'"
gcc,../repos/gcc/analyzer/pending-diagnostic.h,"(37, 30)-(37, 52)","b'formatted_print (const char *fmt, ...) const'"
gcc,../repos/gcc/analyzer/analyzer-logging.h,"(40, 12)-(40, 34)","b'log (const char *fmt, ...)'"
gcc,../repos/gcc/analyzer/analyzer-logging.h,"(45, 20)-(45, 42)","b'log_partial (const char *fmt, ...)'"
gcc,../repos/gcc/analyzer/analyzer-logging.h,"(79, 13)-(79, 69)","b'log_scope (logger *logger, const char *name, ...'"
gcc,../repos/gcc/analyzer/analyzer-logging.h,"(112, 22)-(112, 78)","b'log_scope::log_scope (logger *logger, const c...'"
gcc,../repos/gcc/analyzer/analyzer-logging.h,"(153, 12)-(153, 34)","b'log (const char *fmt, ...) const'"
gcc,../repos/gcc/analyzer/analyzer-logging.h,"(185, 15)-(185, 37)","b'log_user::log (const char *fmt, ...) const'"
gcc,../repos/gcc/analyzer/analyzer.cc,"(392, 17)-(392, 58)","b'make_label_text (bool can_colorize, const cha...'"
gcc,../repos/gcc/collect2.c,"(421, 19)-(421, 44)","b'notice_translated (const char *cmsgid, ...)'"
gcc,../repos/gcc/gimple.c,"(261, 19)-(261, 49)","b'gimple_build_call (tree fn, unsigned nargs, ...)'"
gcc,../repos/gcc/gimple.c,"(321, 28)-(321, 70)",b'gimple_build_call_internal (enum internal_fn ...'
gcc,../repos/gcc/c-family/c-common.c,"(3891, 13)-(3891, 71)","b'def_fn_type (builtin_type def, builtin_type r...'"
gcc,../repos/gcc/c-family/c-ppoutput.c,"(349, 20)-(349, 75)","b'directives_only_cb (cpp_reader *pfile, CPP_DO...'"
gcc,../repos/gcc/c-family/c-common.h,"(1001, 24)-(1001, 57)","b'build_stmt (location_t, enum tree_code, ...)'"
gcc,../repos/gcc/c-family/c-semantics.c,"(136, 12)-(136, 54)","b'build_stmt (location_t loc, enum tree_code co...'"
gcc,../repos/gcc/c-family/c-format.c,"(96, 24)-(97, 51)",b'format_warning_at_char (location_t fmt_string...'
gcc,../repos/gcc/c-family/c-format.c,"(128, 23)-(129, 63)",b'format_warning_substr (location_t fmt_string_...'
gcc,../repos/gcc/dumpfile.h,"(563, 25)-(563, 69)","b'dump_printf (const dump_metadata_t &, const c...'"
gcc,../repos/gcc/dumpfile.h,"(566, 29)-(567, 27)","b'dump_printf_loc (const dump_metadata_t &, con...'"
gcc,../repos/gcc/gengtype.h,"(384, 9)-(384, 39)","b'oprintf (outf_p o, const char *S, ...)'"
gcc,../repos/gcc/gengtype.h,"(419, 1)-(419, 50)","b'error_at_line\n(const struct fileloc *pos, con...'"
gcc,../repos/gcc/collect2.h,"(35, 31)-(35, 50)","b'notice_translated (const char *, ...)'"
gcc,../repos/gcc/collect2.h,"(36, 20)-(36, 39)","b'notice (const char *, ...)'"
gcc,../repos/gcc/substring-locations.h,"(98, 21)-(98, 55)","b'emit_warning (int opt, const char *gmsgid, .....'"
gcc,../repos/gcc/substring-locations.h,"(101, 23)-(103, 41)","b'emit_warning_n (int opt, unsigned HOST_WIDE_I...'"
gcc,../repos/gcc/gengtype.c,"(107, 15)-(107, 64)","b'error_at_line (const struct fileloc *pos, con...'"
gcc,../repos/gcc/gengtype.c,"(1656, 9)-(1656, 44)","b'oprintf (outf_p o, const char *format, ...)'"
gcc,../repos/gcc/tree.c,"(2183, 22)-(2183, 49)","b'build_constructor_va (tree type, int nelts, ...)'"
gcc,../repos/gcc/tree.c,"(5114, 10)-(5114, 36)","b'build_nt (enum tree_code code, ...)'"
gcc,../repos/gcc/tree.c,"(8524, 26)-(8524, 49)","b'build_function_type_list (tree return_type, ...)'"
gcc,../repos/gcc/tree.c,"(8541, 34)-(8541, 57)",b'build_varargs_function_type_list (tree return...'
gcc,../repos/gcc/tree.c,"(9802, 19)-(9803, 42)","b'tree_check_failed (const_tree node, const cha...'"
gcc,../repos/gcc/tree.c,"(9845, 23)-(9846, 46)","b'tree_not_check_failed (const_tree node, const...'"
gcc,../repos/gcc/tree.c,"(11511, 17)-(11511, 60)","b'build_call_nary (tree return_type, tree fn, i...'"
gcc,../repos/gcc/tree.c,"(11602, 21)-(11602, 62)","b'build_call_expr_loc (location_t loc, tree fnd...'"
gcc,../repos/gcc/tree.c,"(11619, 17)-(11619, 42)","b'build_call_expr (tree fndecl, int n, ...)'"
gcc,../repos/gcc/tree.c,"(11654, 30)-(11655, 32)","b'build_call_expr_internal_loc (location_t loc,...'"
gcc,../repos/gcc/tree.c,"(11675, 27)-(11676, 18)","b'maybe_build_call_expr_loc (location_t loc, co...'"
gcc,../repos/gcc/lto-streamer.h,"(862, 24)-(862, 49)","b'lto_tag_check_set (enum LTO_tags, int, ...)'"
gcc,../repos/gcc/opts-common.c,"(904, 13)-(904, 37)","b'opts_concat (const char *first, ...)'"
gcc,../repos/gcc/read-md.h,"(395, 24)-(395, 58)","b'message_at (file_location, const char *, ...)'"
gcc,../repos/gcc/read-md.h,"(396, 22)-(396, 56)","b'error_at (file_location, const char *, ...)'"
gcc,../repos/gcc/read-md.h,"(397, 22)-(397, 56)","b'fatal_at (file_location, const char *, ...)'"
gcc,../repos/gcc/read-md.h,"(398, 38)-(398, 57)","b'fatal_with_file_and_line (const char *, ...)'"
gcc,../repos/gcc/lto-streamer-in.c,"(111, 19)-(111, 57)","b'lto_tag_check_set (enum LTO_tags actual, int ...'"
gcc,../repos/gcc/selftest.c,"(53, 16)-(53, 59)","b'fail_formatted (const location &loc, const ch...'"
gcc,../repos/gcc/jit/jit-builtins.h,"(153, 16)-(156, 21)","b'make_fn_type (enum jit_builtin_type type_id,\n...'"
gcc,../repos/gcc/jit/jit-logging.c,"(89, 13)-(89, 35)","b'logger::log (const char *fmt, ...)'"
gcc,../repos/gcc/jit/jit-recording.h,"(271, 13)-(271, 50)","b'add_error (location *loc, const char *fmt, ...)'"
gcc,../repos/gcc/jit/jit-recording.h,"(425, 31)-(425, 68)","b'from_printf (context *ctxt, const char *fmt, ...)'"
gcc,../repos/gcc/jit/jit-common.h,"(175, 14)-(175, 36)","b'write (const char *fmt, ...)'"
gcc,../repos/gcc/jit/jit-logging.h,"(42, 12)-(42, 34)","b'log (const char *fmt, ...)'"
gcc,../repos/gcc/jit/jit-logging.h,"(130, 12)-(130, 34)","b'log (const char *fmt, ...) const'"
gcc,../repos/gcc/jit/jit-logging.h,"(144, 15)-(144, 37)","b'log_user::log (const char *fmt, ...) const'"
gcc,../repos/gcc/jit/jit-dejagnu.h,"(70, 6)-(70, 28)","b'pass (const char* fmt, ...)'"
gcc,../repos/gcc/jit/jit-dejagnu.h,"(85, 7)-(85, 29)","b'xpass (const char* fmt, ...)'"
gcc,../repos/gcc/jit/jit-dejagnu.h,"(100, 6)-(100, 28)","b'fail (const char* fmt, ...)'"
gcc,../repos/gcc/jit/jit-dejagnu.h,"(115, 7)-(115, 29)","b'xfail (const char* fmt, ...)'"
gcc,../repos/gcc/jit/jit-dejagnu.h,"(130, 10)-(130, 32)","b'untested (const char* fmt, ...)'"
gcc,../repos/gcc/jit/jit-dejagnu.h,"(145, 12)-(145, 34)","b'unresolved (const char* fmt, ...)'"
gcc,../repos/gcc/jit/jit-dejagnu.h,"(160, 6)-(160, 28)","b'note (const char* fmt, ...)'"
gcc,../repos/gcc/jit/jit-builtins.c,"(557, 32)-(560, 23)",b'builtins_manager::make_fn_type (enum jit_buil...'
gcc,../repos/gcc/jit/jit-playback.c,"(3158, 11)-(3158, 48)","b'playback::context::\nadd_error (location *loc,...'"
gcc,../repos/gcc/jit/jit-recording.c,"(75, 13)-(75, 35)","b'dump::write (const char *fmt, ...)'"
gcc,../repos/gcc/jit/jit-recording.c,"(143, 18)-(143, 37)","b'xstrdup_printf (const char *, ...)'"
gcc,../repos/gcc/jit/jit-recording.c,"(173, 27)-(173, 49)","b'allocator::xstrdup_printf (const char *fmt, ...)'"
gcc,../repos/gcc/jit/jit-recording.c,"(234, 18)-(234, 37)","b'xstrdup_printf (const char *, ...)'"
gcc,../repos/gcc/jit/jit-recording.c,"(440, 28)-(440, 50)","b'reproducer::xstrdup_printf (const char *fmt, ...)'"
gcc,../repos/gcc/jit/jit-recording.c,"(1436, 31)-(1436, 68)","b'recording::context::add_error (location *loc,...'"
gcc,../repos/gcc/jit/jit-recording.c,"(2001, 32)-(2001, 69)",b'recording::string::from_printf (context *ctxt...'
gcc,../repos/gcc/jit/libgccjit.c,"(307, 11)-(309, 26)",b'jit_error (gcc::jit::recording::context *ctxt...'
gcc,../repos/gcc/jit/libgccjit.c,"(313, 11)-(315, 26)",b'jit_error (gcc::jit::recording::context *ctxt...'
gcc,../repos/gcc/jit/jit-playback.h,"(220, 13)-(220, 50)","b'add_error (location *loc, const char *fmt, ...)'"
gcc,../repos/gcc/tree-data-ref.c,"(3521, 13)-(3521, 30)","b'conflict_fn (unsigned n, ...)'"
gcc,../repos/gcc/gimple-ssa-sprintf.c,"(332, 9)-(333, 69)","b'fmtwarn (const substring_loc &fmt_loc, locati...'"
gcc,../repos/gcc/gimple-ssa-sprintf.c,"(347, 11)-(349, 65)","b'fmtwarn_n (const substring_loc &fmt_loc, loca...'"
gcc,../repos/gcc/recog.h,"(404, 24)-(404, 36)",b'operator() (Ts... args) const'
gcc,../repos/gcc/recog.h,"(406, 34)-(406, 71)","b'(*funcptr) (decltype ((void) args, NULL_RTX)...)'"
gcc,../repos/gcc/tree-ssa-propagate.c,"(632, 20)-(632, 73)",b'update_gimple_call (gimple_stmt_iterator *si_...'
gcc,../repos/gcc/rtl-ssa/functions.h,"(188, 15)-(188, 27)",b'allocate (Ts... args)'
gcc,../repos/gcc/rtl-ssa/functions.h,"(191, 20)-(191, 32)",b'allocate_temp (Ts... args)'
gcc,../repos/gcc/iterator-utils.h,"(62, 29)-(62, 41)",b'derived_iterator (Ts... args)'
gcc,../repos/gcc/iterator-utils.h,"(118, 36)-(118, 48)",b'const_derived_container (Ts... args)'
gcc,../repos/gcc/iterator-utils.h,"(148, 20)-(148, 32)",b'wrapper_iterator (Ts... args)'
gcc,../repos/gcc/cse.c,"(2973, 12)-(2995, 13)",b'if (code == EQ\n\t\t   || (GET_MODE_CLASS (GET_M...'
gcc,../repos/gcc/selftest.h,"(65, 28)-(65, 71)","b'fail_formatted (const location &loc, const ch...'"
gcc,../repos/gcc/pretty-print.h,"(382, 23)-(382, 60)","b'pp_printf (pretty_printer *, const char *, ...)'"
gcc,../repos/gcc/pretty-print.h,"(385, 25)-(385, 62)","b'pp_verbatim (pretty_printer *, const char *, ...)'"
gcc,../repos/gcc/dwarf2asm.h,"(27, 33)-(28, 24)","b'dw2_asm_output_data (int, unsigned HOST_WIDE_...'"
gcc,../repos/gcc/dwarf2asm.h,"(31, 34)-(32, 25)","b'dw2_asm_output_delta (int, const char *, cons...'"
gcc,../repos/gcc/dwarf2asm.h,"(35, 38)-(36, 29)","b'dw2_asm_output_vms_delta (int, const char *, ...'"
gcc,../repos/gcc/dwarf2asm.h,"(39, 35)-(40, 26)","b'dw2_asm_output_offset (int, const char *, sec...'"
gcc,../repos/gcc/dwarf2asm.h,"(43, 35)-(44, 37)","b'dw2_asm_output_offset (int, const char *, HOS...'"
gcc,../repos/gcc/dwarf2asm.h,"(47, 33)-(47, 71)","b'dw2_asm_output_addr (int, const char *, const...'"
gcc,../repos/gcc/dwarf2asm.h,"(50, 37)-(50, 66)","b'dw2_asm_output_addr_rtx (int, rtx, const char...'"
gcc,../repos/gcc/dwarf2asm.h,"(53, 45)-(54, 29)","b'dw2_asm_output_encoded_addr_rtx (int, rtx, bo...'"
gcc,../repos/gcc/dwarf2asm.h,"(57, 36)-(58, 27)","b'dw2_asm_output_nstring (const char *, size_t,...'"
gcc,../repos/gcc/dwarf2asm.h,"(63, 41)-(64, 25)",b'dw2_asm_output_data_uleb128\t(unsigned HOST_WI...'
gcc,../repos/gcc/dwarf2asm.h,"(69, 41)-(70, 25)","b'dw2_asm_output_data_sleb128\t(HOST_WIDE_INT,\n\t...'"
gcc,../repos/gcc/dwarf2asm.h,"(73, 44)-(74, 28)","b'dw2_asm_output_symname_uleb128 (const char *,...'"
gcc,../repos/gcc/dwarf2asm.h,"(77, 42)-(78, 26)","b'dw2_asm_output_delta_uleb128 (const char *, c...'"
gcc,../repos/gcc/dwarf2asm.h,"(92, 34)-(92, 72)","b'dw2_asm_output_pcrel (int, const char *, cons...'"
gcc,../repos/gcc/dwarf2asm.h,"(95, 42)-(96, 26)","b'dw2_asm_output_delta_sleb128 (const char *, c...'"
gcc,../repos/gcc/brig/brigfrontend/brig-to-generic.h,"(224, 19)-(224, 61)","b'call_builtin (tree pdecl, int nargs, tree ret...'"
gcc,../repos/gcc/brig/brigfrontend/brig-to-generic.h,"(229, 17)-(229, 43)","b'build_stmt (enum tree_code code, ...)'"
gcc,../repos/gcc/brig/brigfrontend/brig-to-generic.cc,"(561, 12)-(561, 38)","b'build_stmt (enum tree_code code, ...)'"
gcc,../repos/gcc/brig/brigfrontend/brig-to-generic.cc,"(817, 14)-(817, 56)","b'call_builtin (tree pdecl, int nargs, tree ret...'"
gcc,../repos/gcc/brig/brig-lang.c,"(593, 13)-(593, 71)","b'def_fn_type (builtin_type def, builtin_type r...'"
gcc,../repos/gcc/builtins.c,"(164, 31)-(164, 70)","b'rewrite_call_expr (location_t, tree, int, tre...'"
gcc,../repos/gcc/builtins.c,"(1855, 18)-(1855, 44)","b'validate_arglist (const_tree callexpr, ...)'"
gcc,../repos/gcc/builtins.c,"(3403, 23)-(3403, 64)","b'build_call_nofold_loc (location_t loc, tree f...'"
gcc,../repos/gcc/builtins.c,"(12368, 19)-(12368, 80)","b'rewrite_call_expr (location_t loc, tree exp, ...'"
gcc,../repos/gcc/builtins.c,"(12406, 25)-(12406, 49)","b'validate_gimple_arglist (const gcall *call, ...)'"
gcc,../repos/gcc/builtins.h,"(129, 37)-(129, 57)","b'validate_gimple_arglist (const gcall *, ...)'"
gcc,../repos/gcc/substring-locations.c,"(247, 42)-(248, 12)",b'format_string_diagnostic_t::emit_warning (int...'
gcc,../repos/gcc/substring-locations.c,"(261, 44)-(264, 14)",b'format_string_diagnostic_t::emit_warning_n (i...'
gcc,../repos/gcc/emit-rtl.c,"(1055, 11)-(1055, 23)","b'gen_rtvec (int n, ...)'"
gcc,../repos/gcc/errors.c,"(44, 9)-(44, 34)","b'warning (const char *format, ...)'"
gcc,../repos/gcc/errors.c,"(59, 7)-(59, 32)","b'error (const char *format, ...)'"
gcc,../repos/gcc/errors.c,"(76, 7)-(76, 32)","b'fatal (const char *format, ...)'"
gcc,../repos/gcc/errors.c,"(91, 16)-(91, 41)","b'internal_error (const char *format, ...)'"
gcc,../repos/gcc/diagnostic-core.h,"(68, 28)-(68, 47)","b'internal_error (const char *, ...)'"
gcc,../repos/gcc/diagnostic-core.h,"(70, 41)-(70, 60)","b'internal_error_no_backtrace (const char *, ...)'"
gcc,../repos/gcc/diagnostic-core.h,"(73, 21)-(73, 45)","b'warning (int, const char *, ...)'"
gcc,../repos/gcc/diagnostic-core.h,"(74, 23)-(75, 42)","b'warning_n (location_t, int, unsigned HOST_WID...'"
gcc,../repos/gcc/diagnostic-core.h,"(77, 23)-(78, 42)","b'warning_n (rich_location *, int, unsigned HOS...'"
gcc,../repos/gcc/diagnostic-core.h,"(80, 24)-(80, 60)","b'warning_at (location_t, int, const char *, ...)'"
gcc,../repos/gcc/diagnostic-core.h,"(82, 24)-(82, 65)","b'warning_at (rich_location *, int, const char ...'"
gcc,../repos/gcc/diagnostic-core.h,"(84, 26)-(86, 24)","b'warning_meta (rich_location *,\n\t\t\t  const dia...'"
gcc,../repos/gcc/diagnostic-core.h,"(88, 19)-(88, 38)","b'error (const char *, ...)'"
gcc,../repos/gcc/diagnostic-core.h,"(89, 21)-(90, 26)","b'error_n (location_t, unsigned HOST_WIDE_INT, ...'"
gcc,../repos/gcc/diagnostic-core.h,"(92, 22)-(92, 53)","b'error_at (location_t, const char *, ...)'"
gcc,../repos/gcc/diagnostic-core.h,"(93, 22)-(93, 58)","b'error_at (rich_location *, const char *, ...)'"
gcc,../repos/gcc/diagnostic-core.h,"(95, 25)-(95, 56)","b'fatal_error (location_t, const char *, ...)'"
gcc,../repos/gcc/diagnostic-core.h,"(98, 21)-(98, 57)","b'pedwarn (location_t, int, const char *, ...)'"
gcc,../repos/gcc/diagnostic-core.h,"(100, 21)-(100, 62)","b'pedwarn (rich_location *, int, const char *, ...)'"
gcc,../repos/gcc/diagnostic-core.h,"(102, 23)-(102, 54)","b'permerror (location_t, const char *, ...)'"
gcc,../repos/gcc/diagnostic-core.h,"(103, 23)-(104, 12)","b'permerror (rich_location *, const char *,\n\t\t\t...'"
gcc,../repos/gcc/diagnostic-core.h,"(105, 19)-(105, 38)","b'sorry (const char *, ...)'"
gcc,../repos/gcc/diagnostic-core.h,"(106, 22)-(106, 53)","b'sorry_at (location_t, const char *, ...)'"
gcc,../repos/gcc/diagnostic-core.h,"(107, 20)-(107, 51)","b'inform (location_t, const char *, ...)'"
gcc,../repos/gcc/diagnostic-core.h,"(108, 20)-(108, 56)","b'inform (rich_location *, const char *, ...)'"
gcc,../repos/gcc/diagnostic-core.h,"(109, 22)-(110, 27)","b'inform_n (location_t, unsigned HOST_WIDE_INT,...'"
gcc,../repos/gcc/diagnostic-core.h,"(112, 22)-(112, 41)","b'verbatim (const char *, ...)'"
gcc,../repos/gcc/diagnostic-core.h,"(113, 29)-(114, 27)","b'emit_diagnostic (diagnostic_t, location_t, in...'"
gcc,../repos/gcc/diagnostic-core.h,"(115, 29)-(116, 27)","b'emit_diagnostic (diagnostic_t, rich_location ...'"
gcc,../repos/gcc/diagnostic-core.h,"(124, 23)-(124, 50)","b'fnotice\t\t\t(FILE *, const char *, ...)'"
gcc,../repos/gcc/ubsan.c,"(536, 19)-(536, 78)","b'ubsan_create_data (const char *name, int locc...'"
gcc,../repos/gcc/fortran/match.h,"(59, 17)-(59, 36)","b'gfc_match (const char *, ...)'"
gcc,../repos/gcc/fortran/match.c,"(1117, 11)-(1117, 36)","b'gfc_match (const char *target, ...)'"
gcc,../repos/gcc/fortran/trans.h,"(730, 30)-(730, 62)","b'gfc_trans_runtime_error (bool, locus*, const ...'"
gcc,../repos/gcc/fortran/trans.h,"(733, 30)-(734, 28)","b'gfc_trans_runtime_check (bool, bool, tree, st...'"
gcc,../repos/gcc/fortran/trans.h,"(785, 38)-(785, 60)","b'gfc_build_library_function_decl (tree, tree, ...'"
gcc,../repos/gcc/fortran/trans.h,"(786, 48)-(787, 36)",b'gfc_build_library_function_decl_with_spec (tr...'
gcc,../repos/gcc/fortran/intrinsic.c,"(359, 9)-(361, 30)","b'add_sym (const char *name, gfc_isym_id id, en...'"
gcc,../repos/gcc/fortran/intrinsic.c,"(1285, 16)-(1285, 28)","b'set_attr_value (int n, ...)'"
gcc,../repos/gcc/fortran/iresolve.c,"(48, 16)-(48, 41)","b'gfc_get_string (const char *format, ...)'"
gcc,../repos/gcc/fortran/error.c,"(285, 26)-(285, 45)","b'error_printf (const char *, ...)'"
gcc,../repos/gcc/fortran/error.c,"(744, 14)-(744, 39)","b'error_printf (const char *gmsgid, ...)'"
gcc,../repos/gcc/fortran/error.c,"(841, 13)-(841, 47)","b'gfc_warning (int opt, const char *gmsgid, ...)'"
gcc,../repos/gcc/fortran/error.c,"(906, 16)-(906, 50)","b'gfc_notify_std (int std, const char *gmsgid, ...)'"
gcc,../repos/gcc/fortran/error.c,"(1185, 20)-(1185, 70)","b'gfc_warning_now_at (location_t loc, int opt, ...'"
gcc,../repos/gcc/fortran/error.c,"(1203, 17)-(1203, 51)","b'gfc_warning_now (int opt, const char *gmsgid, ...)'"
gcc,../repos/gcc/fortran/error.c,"(1222, 22)-(1222, 56)","b'gfc_warning_internal (int opt, const char *gm...'"
gcc,../repos/gcc/fortran/error.c,"(1241, 15)-(1241, 40)","b'gfc_error_now (const char *gmsgid, ...)'"
gcc,../repos/gcc/fortran/error.c,"(1259, 17)-(1259, 42)","b'gfc_fatal_error (const char *gmsgid, ...)'"
gcc,../repos/gcc/fortran/error.c,"(1367, 15)-(1367, 49)","b'gfc_error_opt (int opt, const char *gmsgid, ...)'"
gcc,../repos/gcc/fortran/error.c,"(1377, 11)-(1377, 36)","b'gfc_error (const char *gmsgid, ...)'"
gcc,../repos/gcc/fortran/error.c,"(1389, 20)-(1389, 45)","b'gfc_internal_error (const char *gmsgid, ...)'"
gcc,../repos/gcc/fortran/expr.c,"(3588, 23)-(3588, 84)","b'gfc_check_conformance (gfc_expr *op1, gfc_exp...'"
gcc,../repos/gcc/fortran/expr.c,"(6125, 26)-(6126, 40)","b'gfc_build_intrinsic_call (gfc_namespace *ns, ...'"
gcc,../repos/gcc/fortran/trans-decl.c,"(3283, 33)-(3283, 74)","b'gfc_build_library_function_decl (tree name, t...'"
gcc,../repos/gcc/fortran/trans-decl.c,"(3299, 43)-(3300, 38)",b'gfc_build_library_function_decl_with_spec (tr...'
gcc,../repos/gcc/fortran/trans.c,"(593, 25)-(593, 75)","b'gfc_trans_runtime_error (bool error, locus* w...'"
gcc,../repos/gcc/fortran/trans.c,"(611, 25)-(612, 44)","b'gfc_trans_runtime_check (bool error, bool onc...'"
gcc,../repos/gcc/fortran/trans.c,"(673, 19)-(673, 57)","b'trans_os_error_at (locus* where, const char* ...'"
gcc,../repos/gcc/fortran/gfortran.h,"(3033, 29)-(3033, 48)","b'gfc_get_string (const char *, ...)'"
gcc,../repos/gcc/fortran/gfortran.h,"(3044, 18)-(3044, 46)","b'gfc_warning (int opt, const char *, ...)'"
gcc,../repos/gcc/fortran/gfortran.h,"(3045, 22)-(3045, 50)","b'gfc_warning_now (int opt, const char *, ...)'"
gcc,../repos/gcc/fortran/gfortran.h,"(3046, 27)-(3046, 55)","b'gfc_warning_internal (int opt, const char *, ...)'"
gcc,../repos/gcc/fortran/gfortran.h,"(3047, 25)-(3047, 75)","b'gfc_warning_now_at (location_t loc, int opt, ...'"
gcc,../repos/gcc/fortran/gfortran.h,"(3053, 20)-(3053, 48)","b'gfc_error_opt (int opt, const char *, ...)'"
gcc,../repos/gcc/fortran/gfortran.h,"(3054, 16)-(3054, 35)","b'gfc_error (const char *, ...)'"
gcc,../repos/gcc/fortran/gfortran.h,"(3055, 20)-(3055, 39)","b'gfc_error_now (const char *, ...)'"
gcc,../repos/gcc/fortran/gfortran.h,"(3056, 22)-(3056, 41)","b'gfc_fatal_error (const char *, ...)'"
gcc,../repos/gcc/fortran/gfortran.h,"(3057, 25)-(3057, 44)","b'gfc_internal_error (const char *, ...)'"
gcc,../repos/gcc/fortran/gfortran.h,"(3063, 21)-(3063, 45)","b'gfc_notify_std (int, const char *, ...)'"
gcc,../repos/gcc/fortran/gfortran.h,"(3401, 28)-(3401, 71)","b'gfc_check_conformance (gfc_expr *, gfc_expr *...'"
gcc,../repos/gcc/fortran/gfortran.h,"(3440, 36)-(3441, 30)","b'gfc_build_intrinsic_call (gfc_namespace *, gf...'"
gcc,../repos/gcc/gengtype-parse.c,"(137, 13)-(137, 35)",b'ATTRIBUTE_PRINTF_1\nparse_error (const char *m...'
gcc,../repos/gcc/errors.h,"(31, 21)-(31, 40)","b'warning (const char *, ...)'"
gcc,../repos/gcc/errors.h,"(32, 19)-(32, 38)","b'error (const char *, ...)'"
gcc,../repos/gcc/errors.h,"(33, 19)-(33, 38)","b'fatal (const char *, ...)'"
gcc,../repos/gcc/errors.h,"(34, 28)-(34, 47)","b'internal_error (const char *, ...)'"
gcc,../repos/gcc/rtl-error.h,"(26, 27)-(27, 11)","b'error_for_asm (const rtx_insn *, const char *...'"
gcc,../repos/gcc/rtl-error.h,"(28, 29)-(29, 13)","b'warning_for_asm (const rtx_insn *, const char...'"
gcc,../repos/gcc/dwarf2asm.c,"(141, 21)-(142, 33)","b'dw2_asm_output_data (int size, unsigned HOST_...'"
gcc,../repos/gcc/dwarf2asm.c,"(177, 22)-(178, 34)","b'dw2_asm_output_delta (int size, const char *l...'"
gcc,../repos/gcc/dwarf2asm.c,"(207, 26)-(209, 31)",b'dw2_asm_output_vms_delta (int size ATTRIBUTE_...'
gcc,../repos/gcc/dwarf2asm.c,"(235, 23)-(237, 35)","b'dw2_asm_output_offset (int size, const char *...'"
gcc,../repos/gcc/dwarf2asm.c,"(260, 23)-(262, 35)","b'dw2_asm_output_offset (int size, const char *...'"
gcc,../repos/gcc/dwarf2asm.c,"(292, 22)-(294, 34)",b'dw2_asm_output_pcrel (int size ATTRIBUTE_UNUS...'
gcc,../repos/gcc/dwarf2asm.c,"(323, 21)-(324, 33)","b'dw2_asm_output_addr (int size, const char *la...'"
gcc,../repos/gcc/dwarf2asm.c,"(345, 25)-(346, 30)","b'dw2_asm_output_addr_rtx (int size, rtx addr,\n...'"
gcc,../repos/gcc/dwarf2asm.c,"(372, 24)-(373, 29)","b'dw2_asm_output_nstring (const char *str, size...'"
gcc,../repos/gcc/dwarf2asm.c,"(667, 29)-(668, 34)",b'dw2_asm_output_data_uleb128 (unsigned HOST_WI...'
gcc,../repos/gcc/dwarf2asm.c,"(754, 29)-(755, 34)",b'dw2_asm_output_data_sleb128 (HOST_WIDE_INT va...'
gcc,../repos/gcc/dwarf2asm.c,"(822, 32)-(823, 30)",b'dw2_asm_output_symname_uleb128 (const char *l...'
gcc,../repos/gcc/dwarf2asm.c,"(847, 30)-(849, 35)",b'dw2_asm_output_delta_uleb128 (const char *lab...'
gcc,../repos/gcc/dwarf2asm.c,"(885, 30)-(887, 35)",b'dw2_asm_output_delta_sleb128 (const char *lab...'
gcc,../repos/gcc/dwarf2asm.c,"(1072, 33)-(1073, 31)",b'dw2_asm_output_encoded_addr_rtx (int encoding...'
gcc,../repos/gcc/diagnostic-path.h,"(136, 35)-(137, 29)","b'add_event (location_t loc, tree fndecl, int d...'"
gcc,../repos/gcc/final.c,"(3611, 24)-(3611, 49)","b'output_operand_lossage (const char *cmsgid, ...)'"
gcc,../repos/gcc/final.c,"(4341, 13)-(4341, 45)","b'asm_fprintf (FILE *file, const char *p, ...)'"
gcc,../repos/gcc/diagnostic.h,"(439, 36)-(440, 55)","b'diagnostic_append_note (diagnostic_context *,...'"
gcc,../repos/gcc/diagnostic.h,"(507, 35)-(507, 54)","b'build_message_string (const char *, ...)'"
gcc,../repos/gcc/cp/cp-tree.h,"(6383, 28)-(6383, 44)","b'build_call_n\t\t\t(tree, int, ...)'"
gcc,../repos/gcc/cp/cp-tree.h,"(6827, 49)-(6827, 85)",b'pedwarn_cxx98                       (location...'
gcc,../repos/gcc/cp/cp-tree.h,"(7650, 26)-(7650, 53)","b'build_min\t\t\t\t(enum tree_code, tree, ...)'"
gcc,../repos/gcc/cp/cp-tree.h,"(7651, 32)-(7652, 12)","b'build_min_nt_loc\t\t\t(location_t, enum tree_cod...'"
gcc,../repos/gcc/cp/cp-tree.h,"(7653, 33)-(7653, 60)","b'build_min_non_dep\t\t\t(enum tree_code, tree, ...)'"
gcc,../repos/gcc/cp/cp-tree.h,"(7654, 43)-(7654, 76)",b'build_min_non_dep_op_overload\t(enum tree_code...'
gcc,../repos/gcc/cp/cp-tree.h,"(7815, 49)-(7815, 76)","b'cp_build_function_call_nary         (tree, ts...'"
gcc,../repos/gcc/cp/rtti.c,"(136, 31)-(136, 63)","b'class_initializer (tinfo_s *, tree, unsigned, ...)'"
gcc,../repos/gcc/cp/rtti.c,"(1080, 19)-(1080, 62)","b'class_initializer (tinfo_s *ti, tree target, ...'"
gcc,../repos/gcc/cp/typeck.c,"(3955, 29)-(3955, 74)","b'cp_build_function_call_nary (tree function, t...'"
gcc,../repos/gcc/cp/module.cc,"(676, 15)-(676, 34)","b'printf (const char *, ...)'"
gcc,../repos/gcc/cp/module.cc,"(1091, 19)-(1091, 44)","b'bytes_out::printf (const char *format, ...)'"
gcc,../repos/gcc/cp/module.cc,"(4045, 20)-(4045, 39)","b'operator () (const char *, ...)'"
gcc,../repos/gcc/cp/module.cc,"(4255, 21)-(4255, 46)","b'dumper::operator () (const char *format, ...)'"
gcc,../repos/gcc/cp/tree.c,"(3500, 18)-(3500, 60)","b'build_min_nt_loc (location_t loc, enum tree_c...'"
gcc,../repos/gcc/cp/tree.c,"(3525, 11)-(3525, 46)","b'build_min (enum tree_code code, tree tt, ...)'"
gcc,../repos/gcc/cp/tree.c,"(3558, 19)-(3558, 59)","b'build_min_non_dep (enum tree_code code, tree ...'"
gcc,../repos/gcc/cp/tree.c,"(3629, 31)-(3631, 30)",b'build_min_non_dep_op_overload (enum tree_code...'
gcc,../repos/gcc/cp/error.c,"(4499, 15)-(4499, 70)","b'pedwarn_cxx98 (location_t location, int opt, ...'"
gcc,../repos/gcc/cp/call.c,"(302, 14)-(302, 41)","b'build_call_n (tree function, int n, ...)'"
gcc,../repos/gcc/ada/raise-gcc.c,"(253, 4)-(253, 47)","b'ATTRIBUTE_PRINTF_2\ndb (int db_code, const cha...'"
gcc,../repos/gcc/ada/init.c,"(1621, 32)-(1621, 44)","b'GETSYI (int *, ...)'"
gcc,../repos/gcc/ada/gcc-interface/gigi.h,"(887, 31)-(887, 56)","b'build_call_n_expr (tree fndecl, int n, ...)'"
gcc,../repos/gcc/ada/gcc-interface/utils.c,"(6155, 13)-(6155, 71)","b'def_fn_type (builtin_type def, builtin_type r...'"
gcc,../repos/gcc/ada/gcc-interface/utils2.c,"(1768, 19)-(1768, 44)","b'build_call_n_expr (tree fndecl, int n, ...)'"
gcc,../repos/gcc/dumpfile.c,"(1342, 13)-(1342, 71)","b'dump_printf (const dump_metadata_t &metadata,...'"
gcc,../repos/gcc/dumpfile.c,"(1355, 17)-(1357, 28)",b'dump_printf_loc (const dump_metadata_t &metad...'
gcc,../repos/gcc/gimple-pretty-print.c,"(251, 17)-(252, 39)","b'dump_gimple_fmt (pretty_printer *buffer, int ...'"
gcc,../repos/gcc/rtl-error.c,"(78, 15)-(78, 62)","b'error_for_asm (const rtx_insn *insn, const ch...'"
gcc,../repos/gcc/rtl-error.c,"(88, 17)-(88, 64)","b'warning_for_asm (const rtx_insn *insn, const ...'"
