Repo name,File name,Location,Content
gcc,../repos/gcc/gcc.c,"(9316, 7)-(9316, 43)","b'int operator () (const char *p, int len);'"
gcc,../repos/gcc/genmatch.c,"(567, 1)-(567, 45)","b'static bool\noperator==(id_base &id, enum tree...'"
gcc,../repos/gcc/tree-ssa-scopedtables.h,"(104, 18)-(104, 50)",b'& operator= (const expr_hash_elt&)'
gcc,../repos/gcc/tree-ssa-scopedtables.h,"(166, 22)-(166, 58)",b'& operator= (const avail_exprs_stack&)'
gcc,../repos/gcc/tree-ssa-scopedtables.h,"(205, 21)-(205, 56)",b'& operator= (const const_and_copies&)'
gcc,../repos/gcc/poly-int.h,"(342, 17)-(342, 57)","b'&operator = (const poly_int_pod<N, Ca> &)'"
gcc,../repos/gcc/poly-int.h,"(344, 48)-(344, 71)",b'&operator = (const Ca &)'
gcc,../repos/gcc/poly-int.h,"(347, 17)-(347, 58)","b'&operator += (const poly_int_pod<N, Ca> &)'"
gcc,../repos/gcc/poly-int.h,"(349, 48)-(349, 72)",b'&operator += (const Ca &)'
gcc,../repos/gcc/poly-int.h,"(352, 17)-(352, 58)","b'&operator -= (const poly_int_pod<N, Ca> &)'"
gcc,../repos/gcc/poly-int.h,"(354, 48)-(354, 72)",b'&operator -= (const Ca &)'
gcc,../repos/gcc/poly-int.h,"(357, 48)-(357, 72)",b'&operator *= (const Ca &)'
gcc,../repos/gcc/poly-int.h,"(359, 17)-(359, 44)",b'&operator <<= (unsigned int)'
gcc,../repos/gcc/poly-int.h,"(627, 13)-(627, 53)","b'&operator = (const poly_int_pod<N, Ca> &)'"
gcc,../repos/gcc/poly-int.h,"(629, 44)-(629, 67)",b'&operator = (const Ca &)'
gcc,../repos/gcc/poly-int.h,"(632, 13)-(632, 54)","b'&operator += (const poly_int_pod<N, Ca> &)'"
gcc,../repos/gcc/poly-int.h,"(634, 44)-(634, 68)",b'&operator += (const Ca &)'
gcc,../repos/gcc/poly-int.h,"(637, 13)-(637, 54)","b'&operator -= (const poly_int_pod<N, Ca> &)'"
gcc,../repos/gcc/poly-int.h,"(639, 44)-(639, 68)",b'&operator -= (const Ca &)'
gcc,../repos/gcc/poly-int.h,"(642, 44)-(642, 68)",b'&operator *= (const Ca &)'
gcc,../repos/gcc/poly-int.h,"(644, 13)-(644, 40)",b'&operator <<= (unsigned int)'
gcc,../repos/gcc/poly-int.h,"(839, 1)-(839, 72)","b'operator + (const poly_int_pod<N, Ca> &a, con...'"
gcc,../repos/gcc/poly-int.h,"(851, 1)-(851, 55)","b'operator + (const poly_int_pod<N, Ca> &a, con...'"
gcc,../repos/gcc/poly-int.h,"(865, 1)-(865, 55)","b'operator + (const Ca &a, const poly_int_pod<N...'"
gcc,../repos/gcc/poly-int.h,"(938, 1)-(938, 72)","b'operator - (const poly_int_pod<N, Ca> &a, con...'"
gcc,../repos/gcc/poly-int.h,"(950, 1)-(950, 55)","b'operator - (const poly_int_pod<N, Ca> &a, con...'"
gcc,../repos/gcc/poly-int.h,"(964, 1)-(964, 55)","b'operator - (const Ca &a, const poly_int_pod<N...'"
gcc,../repos/gcc/poly-int.h,"(1037, 1)-(1037, 42)","b'operator - (const poly_int_pod<N, Ca> &a)\n{\n ...'"
gcc,../repos/gcc/poly-int.h,"(1080, 1)-(1080, 42)","b'operator ~ (const poly_int_pod<N, Ca> &a)\n{\n ...'"
gcc,../repos/gcc/poly-int.h,"(1089, 1)-(1089, 55)","b'operator * (const poly_int_pod<N, Ca> &a, con...'"
gcc,../repos/gcc/poly-int.h,"(1101, 1)-(1101, 55)","b'operator * (const Ca &a, const poly_int_pod<N...'"
gcc,../repos/gcc/poly-int.h,"(1156, 1)-(1156, 56)","b'operator << (const poly_int_pod<N, Ca> &a, co...'"
gcc,../repos/gcc/d/longdouble.h,"(38, 37)-(38, 53)",b'&operator = (T x)'
gcc,../repos/gcc/d/longdouble.h,"(77, 14)-(77, 46)",b'longdouble operator + (const longdouble &r)\n ...'
gcc,../repos/gcc/d/longdouble.h,"(80, 14)-(80, 46)",b'longdouble operator - (const longdouble &r)\n ...'
gcc,../repos/gcc/d/longdouble.h,"(83, 14)-(83, 46)",b'longdouble operator * (const longdouble &r)\n ...'
gcc,../repos/gcc/d/longdouble.h,"(86, 14)-(86, 46)",b'longdouble operator / (const longdouble &r)\n ...'
gcc,../repos/gcc/d/longdouble.h,"(89, 14)-(89, 46)",b'longdouble operator % (const longdouble &r)\n ...'
gcc,../repos/gcc/d/longdouble.h,"(92, 14)-(92, 31)",b'longdouble operator - (void)\n  { return this-...'
gcc,../repos/gcc/d/longdouble.h,"(99, 8)-(99, 40)",b'bool operator < (const longdouble &r)\n  { ret...'
gcc,../repos/gcc/d/longdouble.h,"(102, 8)-(102, 41)",b'bool operator <= (const longdouble &r)\n  { re...'
gcc,../repos/gcc/d/longdouble.h,"(105, 8)-(105, 40)",b'bool operator > (const longdouble &r)\n  { ret...'
gcc,../repos/gcc/d/longdouble.h,"(108, 8)-(108, 41)",b'bool operator >= (const longdouble &r)\n  { re...'
gcc,../repos/gcc/d/longdouble.h,"(111, 8)-(111, 41)",b'bool operator == (const longdouble &r)\n  { re...'
gcc,../repos/gcc/d/longdouble.h,"(114, 8)-(114, 41)",b'bool operator != (const longdouble &r)\n  { re...'
gcc,../repos/gcc/d/dmd/intrange.h,"(56, 10)-(56, 53)",b'bool operator==(const SignExtendedNumber&) const;'
gcc,../repos/gcc/d/dmd/intrange.h,"(57, 10)-(57, 55)",b'bool operator!=(const SignExtendedNumber& a) ...'
gcc,../repos/gcc/d/dmd/intrange.h,"(58, 10)-(58, 52)",b'bool operator<(const SignExtendedNumber&) const;'
gcc,../repos/gcc/d/dmd/intrange.h,"(59, 10)-(59, 54)",b'bool operator>(const SignExtendedNumber& a) c...'
gcc,../repos/gcc/d/dmd/intrange.h,"(60, 10)-(60, 55)",b'bool operator<=(const SignExtendedNumber& a) ...'
gcc,../repos/gcc/d/dmd/intrange.h,"(61, 10)-(61, 55)",b'bool operator>=(const SignExtendedNumber& a) ...'
gcc,../repos/gcc/d/dmd/intrange.h,"(64, 25)-(64, 37)",b'& operator++()'
gcc,../repos/gcc/d/dmd/intrange.h,"(66, 24)-(66, 41)",b'SignExtendedNumber operator~() const;'
gcc,../repos/gcc/d/dmd/intrange.h,"(68, 24)-(68, 41)",b'SignExtendedNumber operator-() const;'
gcc,../repos/gcc/d/dmd/intrange.h,"(71, 24)-(71, 66)",b'SignExtendedNumber operator&(const SignExtend...'
gcc,../repos/gcc/d/dmd/intrange.h,"(73, 24)-(73, 66)",b'SignExtendedNumber operator|(const SignExtend...'
gcc,../repos/gcc/d/dmd/intrange.h,"(75, 24)-(75, 66)",b'SignExtendedNumber operator^(const SignExtend...'
gcc,../repos/gcc/d/dmd/intrange.h,"(77, 24)-(77, 66)",b'SignExtendedNumber operator+(const SignExtend...'
gcc,../repos/gcc/d/dmd/intrange.h,"(79, 24)-(79, 66)",b'SignExtendedNumber operator-(const SignExtend...'
gcc,../repos/gcc/d/dmd/intrange.h,"(81, 24)-(81, 66)",b'SignExtendedNumber operator*(const SignExtend...'
gcc,../repos/gcc/d/dmd/intrange.h,"(83, 24)-(83, 66)",b'SignExtendedNumber operator/(const SignExtend...'
gcc,../repos/gcc/d/dmd/intrange.h,"(85, 24)-(85, 66)",b'SignExtendedNumber operator%(const SignExtend...'
gcc,../repos/gcc/d/dmd/intrange.h,"(88, 24)-(88, 67)",b'SignExtendedNumber operator<<(const SignExten...'
gcc,../repos/gcc/d/dmd/intrange.h,"(89, 24)-(89, 67)",b'SignExtendedNumber operator>>(const SignExten...'
gcc,../repos/gcc/d/dmd/intrange.h,"(165, 14)-(165, 31)",b'IntRange operator~() const;'
gcc,../repos/gcc/d/dmd/intrange.h,"(166, 14)-(166, 31)",b'IntRange operator-() const;'
gcc,../repos/gcc/d/dmd/intrange.h,"(167, 14)-(167, 46)",b'IntRange operator&(const IntRange&) const;'
gcc,../repos/gcc/d/dmd/intrange.h,"(168, 14)-(168, 46)",b'IntRange operator|(const IntRange&) const;'
gcc,../repos/gcc/d/dmd/intrange.h,"(169, 14)-(169, 46)",b'IntRange operator^(const IntRange&) const;'
gcc,../repos/gcc/d/dmd/intrange.h,"(170, 14)-(170, 46)",b'IntRange operator+(const IntRange&) const;'
gcc,../repos/gcc/d/dmd/intrange.h,"(171, 14)-(171, 46)",b'IntRange operator-(const IntRange&) const;'
gcc,../repos/gcc/d/dmd/intrange.h,"(172, 14)-(172, 46)",b'IntRange operator*(const IntRange&) const;'
gcc,../repos/gcc/d/dmd/intrange.h,"(173, 14)-(173, 46)",b'IntRange operator/(const IntRange&) const;'
gcc,../repos/gcc/d/dmd/intrange.h,"(174, 14)-(174, 46)",b'IntRange operator%(const IntRange&) const;'
gcc,../repos/gcc/d/dmd/intrange.h,"(175, 14)-(175, 47)",b'IntRange operator<<(const IntRange&) const;'
gcc,../repos/gcc/d/dmd/intrange.h,"(176, 14)-(176, 47)",b'IntRange operator>>(const IntRange&) const;'
gcc,../repos/gcc/d/dmd/mtype.h,"(653, 16)-(653, 36)",b'*operator[](size_t i)'
gcc,../repos/gcc/d/dmd/dsymbol.h,"(109, 10)-(109, 45)",b'bool operator==(const Prot& other) const;'
gcc,../repos/gcc/d/dmd/root/array.h,"(170, 11)-(170, 36)",b'& operator[] (size_t index)'
gcc,../repos/gcc/d/dmd/complex_t.h,"(26, 15)-(26, 39)",b'complex_t operator + (complex_t y) { return c...'
gcc,../repos/gcc/d/dmd/complex_t.h,"(27, 15)-(27, 39)",b'complex_t operator - (complex_t y) { return c...'
gcc,../repos/gcc/d/dmd/complex_t.h,"(28, 15)-(28, 28)",b'complex_t operator - () { return complex_t(-r...'
gcc,../repos/gcc/d/dmd/complex_t.h,"(29, 15)-(29, 39)",b'complex_t operator * (complex_t y) { return c...'
gcc,../repos/gcc/d/dmd/complex_t.h,"(31, 15)-(31, 39)",b'complex_t operator / (complex_t y)\n    {\n    ...'
gcc,../repos/gcc/d/dmd/complex_t.h,"(51, 9)-(51, 34)",b'int operator == (complex_t y) { return re == ...'
gcc,../repos/gcc/d/dmd/complex_t.h,"(52, 9)-(52, 34)",b'int operator != (complex_t y) { return re != ...'
gcc,../repos/gcc/d/dmd/complex_t.h,"(58, 18)-(58, 52)","b'inline complex_t operator * (real_t x, comple...'"
gcc,../repos/gcc/d/dmd/complex_t.h,"(59, 18)-(59, 52)","b'inline complex_t operator * (complex_t x, rea...'"
gcc,../repos/gcc/d/dmd/complex_t.h,"(60, 18)-(60, 52)","b'inline complex_t operator / (complex_t x, rea...'"
gcc,../repos/gcc/double-int.h,"(76, 15)-(76, 29)",b'&operator ++ ()'
gcc,../repos/gcc/double-int.h,"(77, 15)-(77, 29)",b'&operator -- ()'
gcc,../repos/gcc/double-int.h,"(78, 15)-(78, 39)",b'&operator *= (double_int)'
gcc,../repos/gcc/double-int.h,"(79, 15)-(79, 39)",b'&operator += (double_int)'
gcc,../repos/gcc/double-int.h,"(80, 15)-(80, 39)",b'&operator -= (double_int)'
gcc,../repos/gcc/double-int.h,"(81, 15)-(81, 39)",b'&operator &= (double_int)'
gcc,../repos/gcc/double-int.h,"(82, 15)-(82, 39)",b'&operator ^= (double_int)'
gcc,../repos/gcc/double-int.h,"(83, 15)-(83, 39)",b'&operator |= (double_int)'
gcc,../repos/gcc/double-int.h,"(121, 14)-(121, 43)",b'double_int operator * (double_int) const;'
gcc,../repos/gcc/double-int.h,"(122, 14)-(122, 43)",b'double_int operator + (double_int) const;'
gcc,../repos/gcc/double-int.h,"(123, 14)-(123, 43)",b'double_int operator - (double_int) const;'
gcc,../repos/gcc/double-int.h,"(124, 14)-(124, 33)",b'double_int operator - () const;'
gcc,../repos/gcc/double-int.h,"(125, 14)-(125, 33)",b'double_int operator ~ () const;'
gcc,../repos/gcc/double-int.h,"(126, 14)-(126, 43)",b'double_int operator & (double_int) const;'
gcc,../repos/gcc/double-int.h,"(127, 14)-(127, 43)",b'double_int operator | (double_int) const;'
gcc,../repos/gcc/double-int.h,"(128, 14)-(128, 43)",b'double_int operator ^ (double_int) const;'
gcc,../repos/gcc/double-int.h,"(190, 8)-(190, 43)",b'bool operator == (double_int cst2) const;'
gcc,../repos/gcc/double-int.h,"(191, 8)-(191, 43)",b'bool operator != (double_int cst2) const;'
gcc,../repos/gcc/escaped_string.h,"(38, 19)-(38, 51)",b'& operator=(const escaped_string&)'
gcc,../repos/gcc/fibonacci_heap.c,"(235, 8)-(235, 47)",b'bool operator< (const heap_key &other) const\n...'
gcc,../repos/gcc/fibonacci_heap.c,"(240, 8)-(240, 48)",b'bool operator== (const heap_key &other) const...'
gcc,../repos/gcc/fibonacci_heap.c,"(245, 8)-(245, 47)",b'bool operator> (const heap_key &other) const\n...'
gcc,../repos/gcc/hard-reg-set.h,"(59, 3)-(59, 21)",b'HARD_REG_SET\n  operator~ () const\n  {\n    HAR...'
gcc,../repos/gcc/hard-reg-set.h,"(68, 3)-(68, 46)",b'HARD_REG_SET\n  operator& (const HARD_REG_SET ...'
gcc,../repos/gcc/hard-reg-set.h,"(77, 3)-(77, 41)",b'&\n  operator&= (const HARD_REG_SET &other)'
gcc,../repos/gcc/hard-reg-set.h,"(85, 3)-(85, 46)",b'HARD_REG_SET\n  operator| (const HARD_REG_SET ...'
gcc,../repos/gcc/hard-reg-set.h,"(94, 3)-(94, 41)",b'&\n  operator|= (const HARD_REG_SET &other)'
gcc,../repos/gcc/hard-reg-set.h,"(102, 3)-(102, 47)",b'bool\n  operator== (const HARD_REG_SET &other)...'
gcc,../repos/gcc/hard-reg-set.h,"(111, 3)-(111, 47)",b'bool\n  operator!= (const HARD_REG_SET &other)...'
gcc,../repos/gcc/go/gofrontend/statements.cc,"(3944, 3)-(3944, 32)",b'size_t\n  operator()(Expression*) const;'
gcc,../repos/gcc/go/gofrontend/statements.cc,"(3965, 3)-(3965, 45)","b'bool\n  operator()(Expression*, Expression*) const;'"
gcc,../repos/gcc/go/gofrontend/export.h,"(221, 11)-(221, 35)",b'& operator=(const Export&)'
gcc,../repos/gcc/go/gofrontend/types.h,"(1447, 3)-(1447, 37)",b'unsigned int\n  operator()(const Type* type) c...'
gcc,../repos/gcc/go/gofrontend/types.h,"(1458, 3)-(1458, 51)","b'bool\n  operator()(const Type* t1, const Type*...'"
gcc,../repos/gcc/go/gofrontend/types.h,"(2205, 5)-(2205, 51)",b'unsigned int\n    operator()(const Typed_ident...'
gcc,../repos/gcc/go/gofrontend/types.h,"(2212, 5)-(2213, 44)",b'bool\n    operator()(const Typed_identifier_li...'
gcc,../repos/gcc/go/gofrontend/parse.h,"(129, 5)-(129, 65)","b'bool\n    operator()(const Enclosing_var&, con...'"
gcc,../repos/gcc/go/gofrontend/expressions.cc,"(16587, 8)-(16587, 48)",b'bool operator<(const IVT_triple& other) const...'
gcc,../repos/gcc/go/gofrontend/import-archive.cc,"(716, 3)-(716, 20)",b'&\n  operator*() const'
gcc,../repos/gcc/go/gofrontend/import-archive.cc,"(720, 3)-(720, 21)",b'*\n  operator->() const'
gcc,../repos/gcc/go/gofrontend/import-archive.cc,"(724, 3)-(724, 15)",b'&\n  operator++()'
gcc,../repos/gcc/go/gofrontend/import-archive.cc,"(734, 3)-(734, 18)",b'Archive_iterator\n  operator++(int)\n  {\n    Ar...'
gcc,../repos/gcc/go/gofrontend/import-archive.cc,"(742, 3)-(742, 46)",b'bool\n  operator==(const Archive_iterator& p) ...'
gcc,../repos/gcc/go/gofrontend/import-archive.cc,"(746, 3)-(746, 46)",b'bool\n  operator!=(const Archive_iterator& p) ...'
gcc,../repos/gcc/go/gofrontend/gogo.cc,"(1307, 1)-(1307, 50)","b'inline bool\noperator<(const Var_init& v1, con...'"
gcc,../repos/gcc/go/gofrontend/gogo.h,"(235, 8)-(235, 70)","b'bool operator()(const Import_init* i1, const ...'"
gcc,../repos/gcc/go/gofrontend/export.cc,"(50, 3)-(50, 37)",b'unsigned int\n  operator()(const Type* type) c...'
gcc,../repos/gcc/go/gofrontend/export.cc,"(64, 3)-(64, 51)","b'bool\n  operator()(const Type* t1, const Type*...'"
gcc,../repos/gcc/go/gofrontend/export.cc,"(488, 3)-(488, 67)","b'bool\n  operator()(const Named_object* n1, con...'"
gcc,../repos/gcc/go/gofrontend/export.cc,"(508, 3)-(508, 51)","b'bool\n  operator()(const Type* t1, const Type*...'"
gcc,../repos/gcc/go/gofrontend/lex.h,"(105, 10)-(105, 33)",b'& operator=(const Token&)'
gcc,../repos/gcc/go/gofrontend/types.cc,"(3495, 3)-(3496, 61)",b'bool\n  operator()(const std::pair<std::string...'
gcc,../repos/gcc/go/gofrontend/types.cc,"(12755, 3)-(12755, 75)","b'bool\n  operator()(const Typed_identifier& t1,...'"
gcc,../repos/gcc/go/gofrontend/embed.cc,"(673, 3)-(673, 65)","b'bool\n  operator()(const std::string& p1, cons...'"
gcc,../repos/gcc/go/gofrontend/import.h,"(539, 21)-(539, 55)",b'& operator=(const Stream_from_file&)'
gcc,../repos/gcc/go/gofrontend/escape.h,"(91, 3)-(91, 35)",b'bool\n  operator==(const Level& l) const\n  {\n ...'
gcc,../repos/gcc/go/gofrontend/expressions.h,"(4418, 21)-(4418, 55)",b'& operator=(const Numeric_constant&)'
gcc,../repos/gcc/go/go-system.h,"(101, 3)-(101, 34)",b'size_t\n  operator()(std::string s) const\n  { ...'
gcc,../repos/gcc/go/go-system.h,"(109, 3)-(109, 25)",b'size_t\n  operator()(T* p) const\n  { return re...'
gcc,../repos/gcc/go/go-location.h,"(36, 1)-(36, 40)","b'inline bool\noperator<(Location loca, Location...'"
gcc,../repos/gcc/go/go-location.h,"(42, 1)-(42, 41)","b'inline bool\noperator==(Location loca, Locatio...'"
gcc,../repos/gcc/value-range-equiv.h,"(38, 22)-(38, 58)",b'& operator=(const value_range_equiv &)'
gcc,../repos/gcc/value-range-equiv.h,"(49, 8)-(49, 52)",b'bool operator== (const value_range_equiv &) c...'
gcc,../repos/gcc/value-range-equiv.h,"(50, 8)-(50, 52)",b'bool operator!= (const value_range_equiv &) c...'
gcc,../repos/gcc/genrecog.c,"(995, 1)-(995, 65)","b'bool\noperator == (const acceptance_type &a, c...'"
gcc,../repos/gcc/genrecog.c,"(1006, 1)-(1006, 65)","b'bool\noperator != (const acceptance_type &a, c...'"
gcc,../repos/gcc/genrecog.c,"(1057, 1)-(1057, 63)","b'bool\noperator == (const parameter &param1, co...'"
gcc,../repos/gcc/genrecog.c,"(1065, 1)-(1065, 63)","b'bool\noperator != (const parameter &param1, co...'"
gcc,../repos/gcc/genrecog.c,"(1381, 1)-(1381, 51)","b'bool\noperator == (const rtx_test &a, const rt...'"
gcc,../repos/gcc/genrecog.c,"(1428, 1)-(1428, 51)","b'bool\noperator != (const rtx_test &a, const rt...'"
gcc,../repos/gcc/genrecog.c,"(1444, 12)-(1444, 40)",b'&operator = (const int_set &)'
gcc,../repos/gcc/genrecog.c,"(1485, 1)-(1485, 49)","b'bool\noperator == (const int_set &a, const int...'"
gcc,../repos/gcc/genrecog.c,"(1496, 1)-(1496, 49)","b'bool\noperator != (const int_set &a, const int...'"
gcc,../repos/gcc/genrecog.c,"(3895, 1)-(3895, 58)","b'bool\noperator < (const pattern_pos &e1, const...'"
gcc,../repos/gcc/hash-set-tests.c,"(156, 26)-(156, 70)",b'& operator= (const hash_set_test_value_t &rhs)'
gcc,../repos/gcc/ipa-predicate.h,"(174, 15)-(174, 46)",b'& operator &= (const predicate &)'
gcc,../repos/gcc/ipa-predicate.h,"(175, 20)-(175, 56)",b'inline predicate operator &(const predicate &...'
gcc,../repos/gcc/ipa-predicate.h,"(187, 15)-(187, 52)",b'inline bool operator==(const predicate &p2) c...'
gcc,../repos/gcc/ipa-predicate.h,"(204, 15)-(204, 48)",b'inline bool operator==(const bool cond) const...'
gcc,../repos/gcc/ipa-predicate.h,"(218, 15)-(218, 52)",b'inline bool operator!=(const predicate &p2) c...'
gcc,../repos/gcc/ipa-predicate.h,"(223, 15)-(223, 48)",b'inline bool operator!=(const bool cond) const...'
gcc,../repos/gcc/gcov.c,"(334, 15)-(335, 31)",b'inline bool operator() (const function_info *...'
gcc,../repos/gcc/gcov.c,"(470, 8)-(470, 46)",b'bool operator== (const name_map &rhs) const\n ...'
gcc,../repos/gcc/gcov.c,"(479, 8)-(479, 45)",b'bool operator< (const name_map &rhs) const\n  ...'
gcc,../repos/gcc/bitmap.h,"(229, 3)-(229, 41)",b'bitmap_usage\n  operator+ (const bitmap_usage ...'
gcc,../repos/gcc/bitmap.h,"(960, 16)-(960, 48)",b'&operator = (const auto_bitmap &)'
gcc,../repos/gcc/bitmap.h,"(963, 16)-(963, 43)",b'&operator = (auto_bitmap &&)'
gcc,../repos/gcc/hash-table.h,"(481, 24)-(481, 37)",b'&operator * ()'
gcc,../repos/gcc/hash-table.h,"(483, 22)-(483, 36)",b'&operator ++ ()'
gcc,../repos/gcc/hash-table.h,"(484, 10)-(484, 51)",b'bool operator != (const iterator &other) cons...'
gcc,../repos/gcc/hash-table.h,"(512, 8)-(512, 31)",b'void operator= (hash_table&);'
gcc,../repos/gcc/rtl-iter.h,"(70, 14)-(70, 33)",b'value_type operator * () const;'
gcc,../repos/gcc/tristate.h,"(48, 8)-(48, 48)",b'bool operator== (const tristate &other) const...'
gcc,../repos/gcc/tristate.h,"(53, 8)-(53, 48)",b'bool operator!= (const tristate &other) const...'
gcc,../repos/gcc/tristate.h,"(67, 1)-(67, 24)",b'inline tristate\noperator ! (tristate t)\n{\n  r...'
gcc,../repos/gcc/tristate.h,"(73, 1)-(73, 37)","b'inline tristate\noperator || (tristate a, tris...'"
gcc,../repos/gcc/tristate.h,"(79, 1)-(79, 37)","b'inline tristate\noperator && (tristate a, tris...'"
gcc,../repos/gcc/function-abi.h,"(195, 3)-(195, 47)",b'bool\n  operator== (const function_abi &other)...'
gcc,../repos/gcc/function-abi.h,"(201, 3)-(201, 47)",b'bool\n  operator!= (const function_abi &other)...'
gcc,../repos/gcc/value-range.cc,"(1566, 7)-(1566, 20)",b'operator= (r)'
gcc,../repos/gcc/value-range.cc,"(1695, 7)-(1695, 20)",b'operator= (r)'
gcc,../repos/gcc/vec.c,"(67, 3)-(67, 38)",b'vec_usage\n  operator+ (const vec_usage &secon...'
gcc,../repos/gcc/opt-problem.h,"(274, 21)-(274, 40)",b'wrapped_pointer_t operator-> () const { retur...'
gcc,../repos/gcc/profile-count.h,"(318, 8)-(318, 59)",b'bool operator== (const profile_probability &o...'
gcc,../repos/gcc/profile-count.h,"(323, 23)-(323, 73)",b'profile_probability operator+ (const profile_...'
gcc,../repos/gcc/profile-count.h,"(338, 24)-(338, 69)",b'&operator+= (const profile_probability &other)'
gcc,../repos/gcc/profile-count.h,"(357, 23)-(357, 73)",b'profile_probability operator- (const profile_...'
gcc,../repos/gcc/profile-count.h,"(370, 24)-(370, 69)",b'&operator-= (const profile_probability &other)'
gcc,../repos/gcc/profile-count.h,"(385, 23)-(385, 73)",b'profile_probability operator* (const profile_...'
gcc,../repos/gcc/profile-count.h,"(398, 24)-(398, 69)",b'&operator*= (const profile_probability &other)'
gcc,../repos/gcc/profile-count.h,"(413, 23)-(413, 73)",b'profile_probability operator/ (const profile_...'
gcc,../repos/gcc/profile-count.h,"(441, 24)-(441, 69)",b'&operator/= (const profile_probability &other)'
gcc,../repos/gcc/profile-count.h,"(583, 8)-(583, 58)",b'bool operator< (const profile_probability &ot...'
gcc,../repos/gcc/profile-count.h,"(588, 8)-(588, 58)",b'bool operator> (const profile_probability &ot...'
gcc,../repos/gcc/profile-count.h,"(593, 8)-(593, 59)",b'bool operator<= (const profile_probability &o...'
gcc,../repos/gcc/profile-count.h,"(598, 8)-(598, 59)",b'bool operator>= (const profile_probability &o...'
gcc,../repos/gcc/profile-count.h,"(838, 8)-(838, 53)",b'bool operator== (const profile_count &other) ...'
gcc,../repos/gcc/profile-count.h,"(843, 17)-(843, 61)",b'profile_count operator+ (const profile_count ...'
gcc,../repos/gcc/profile-count.h,"(859, 18)-(859, 57)",b'&operator+= (const profile_count &other)'
gcc,../repos/gcc/profile-count.h,"(879, 17)-(879, 61)",b'profile_count operator- (const profile_count ...'
gcc,../repos/gcc/profile-count.h,"(892, 18)-(892, 57)",b'&operator-= (const profile_count &other)'
gcc,../repos/gcc/profile-count.h,"(916, 8)-(916, 52)",b'bool operator< (const profile_count &other) c...'
gcc,../repos/gcc/profile-count.h,"(928, 8)-(928, 52)",b'bool operator> (const profile_count &other) c...'
gcc,../repos/gcc/profile-count.h,"(940, 8)-(940, 47)",b'bool operator< (const gcov_type other) const\n...'
gcc,../repos/gcc/profile-count.h,"(947, 8)-(947, 47)",b'bool operator> (const gcov_type other) const\n...'
gcc,../repos/gcc/profile-count.h,"(954, 8)-(954, 53)",b'bool operator<= (const profile_count &other) ...'
gcc,../repos/gcc/profile-count.h,"(966, 8)-(966, 53)",b'bool operator>= (const profile_count &other) ...'
gcc,../repos/gcc/profile-count.h,"(978, 8)-(978, 48)",b'bool operator<= (const gcov_type other) const...'
gcc,../repos/gcc/profile-count.h,"(985, 8)-(985, 48)",b'bool operator>= (const gcov_type other) const...'
gcc,../repos/gcc/hash-map.h,"(250, 15)-(250, 28)",b'&operator++ ()'
gcc,../repos/gcc/hash-map.h,"(270, 20)-(270, 32)",b'reference_pair operator* ()\n    {\n      hash_...'
gcc,../repos/gcc/hash-map.h,"(277, 5)-(277, 46)",b'bool\n    operator != (const iterator &other) ...'
gcc,../repos/gcc/machmode.h,"(265, 8)-(265, 37)",b'bool operator== (const T &m) const { return m...'
gcc,../repos/gcc/machmode.h,"(266, 8)-(266, 37)",b'bool operator!= (const T &m) const { return m...'
gcc,../repos/gcc/machmode.h,"(340, 27)-(340, 50)",b'&operator = (const T &m)'
gcc,../repos/gcc/real.h,"(222, 22)-(222, 41)",b'*operator-> () const'
gcc,../repos/gcc/sreal.h,"(57, 9)-(57, 45)",b'sreal operator+ (const sreal &other) const;'
gcc,../repos/gcc/sreal.h,"(58, 9)-(58, 45)",b'sreal operator- (const sreal &other) const;'
gcc,../repos/gcc/sreal.h,"(59, 9)-(59, 45)",b'sreal operator* (const sreal &other) const;'
gcc,../repos/gcc/sreal.h,"(60, 9)-(60, 45)",b'sreal operator/ (const sreal &other) const;'
gcc,../repos/gcc/sreal.h,"(62, 8)-(62, 44)",b'bool operator< (const sreal &other) const\n  {...'
gcc,../repos/gcc/sreal.h,"(79, 8)-(79, 45)",b'bool operator== (const sreal &other) const\n  ...'
gcc,../repos/gcc/sreal.h,"(84, 9)-(84, 27)",b'sreal operator- () const\n  {\n    sreal tmp = ...'
gcc,../repos/gcc/sreal.h,"(146, 15)-(146, 52)","b'&operator+= (sreal &a, const sreal &b)'"
gcc,../repos/gcc/sreal.h,"(151, 15)-(151, 52)","b'&operator-= (sreal &a, const sreal &b)'"
gcc,../repos/gcc/sreal.h,"(156, 15)-(156, 52)","b'&operator/= (sreal &a, const sreal &b)'"
gcc,../repos/gcc/sreal.h,"(161, 15)-(161, 52)","b'&operator*= (sreal &a, const sreal &b)'"
gcc,../repos/gcc/sreal.h,"(166, 13)-(166, 56)","b'inline bool operator!= (const sreal &a, const...'"
gcc,../repos/gcc/sreal.h,"(171, 13)-(171, 55)","b'inline bool operator> (const sreal &a, const ...'"
gcc,../repos/gcc/sreal.h,"(176, 13)-(176, 56)","b'inline bool operator<= (const sreal &a, const...'"
gcc,../repos/gcc/sreal.h,"(181, 13)-(181, 56)","b'inline bool operator>= (const sreal &a, const...'"
gcc,../repos/gcc/sreal.h,"(186, 14)-(186, 50)","b'inline sreal operator<< (const sreal &a, int ...'"
gcc,../repos/gcc/sreal.h,"(191, 14)-(191, 50)","b'inline sreal operator>> (const sreal &a, int ...'"
gcc,../repos/gcc/vec.h,"(597, 12)-(597, 39)",b'&operator[] (unsigned) const'
gcc,../repos/gcc/vec.h,"(598, 6)-(598, 27)",b'&operator[] (unsigned)'
gcc,../repos/gcc/vec.h,"(1451, 12)-(1451, 42)",b'&operator[] (unsigned ix) const'
gcc,../repos/gcc/vec.h,"(1454, 8)-(1454, 42)",b'bool operator!=(const vec &other) const\n  { r...'
gcc,../repos/gcc/vec.h,"(1457, 8)-(1457, 42)",b'bool operator==(const vec &other) const\n  { r...'
gcc,../repos/gcc/vec.h,"(1460, 6)-(1460, 30)",b'&operator[] (unsigned ix)'
gcc,../repos/gcc/vec.h,"(1560, 13)-(1560, 44)","b'& operator= (vec<T, va_heap>&& r)'"
gcc,../repos/gcc/vec.h,"(2184, 15)-(2184, 42)",b'&operator[] (unsigned int i)'
gcc,../repos/gcc/vec.h,"(2188, 21)-(2188, 54)",b'&operator[] (unsigned int i) const'
gcc,../repos/gcc/config/rx/rx-protos.h,"(46, 23)-(46, 61)",b'& operator = (const rx_atomic_sequence&)'
gcc,../repos/gcc/config/aarch64/fractional-cost.h,"(35, 19)-(35, 60)",b'fractional_cost operator+ (const fractional_c...'
gcc,../repos/gcc/config/aarch64/fractional-cost.h,"(36, 19)-(36, 60)",b'fractional_cost operator- (const fractional_c...'
gcc,../repos/gcc/config/aarch64/fractional-cost.h,"(37, 19)-(37, 45)",b'fractional_cost operator* (uint32_t) const;'
gcc,../repos/gcc/config/aarch64/fractional-cost.h,"(39, 20)-(39, 56)",b'&operator+= (const fractional_cost &)'
gcc,../repos/gcc/config/aarch64/fractional-cost.h,"(40, 20)-(40, 56)",b'&operator-= (const fractional_cost &)'
gcc,../repos/gcc/config/aarch64/fractional-cost.h,"(41, 20)-(41, 41)",b'&operator*= (uint32_t)'
gcc,../repos/gcc/config/aarch64/fractional-cost.h,"(43, 8)-(43, 50)",b'bool operator== (const fractional_cost &) const;'
gcc,../repos/gcc/config/aarch64/fractional-cost.h,"(44, 8)-(44, 50)",b'bool operator!= (const fractional_cost &) const;'
gcc,../repos/gcc/config/aarch64/fractional-cost.h,"(45, 8)-(45, 49)",b'bool operator< (const fractional_cost &) const;'
gcc,../repos/gcc/config/aarch64/fractional-cost.h,"(46, 8)-(46, 50)",b'bool operator<= (const fractional_cost &) const;'
gcc,../repos/gcc/config/aarch64/fractional-cost.h,"(47, 8)-(47, 50)",b'bool operator>= (const fractional_cost &) const;'
gcc,../repos/gcc/config/aarch64/fractional-cost.h,"(48, 8)-(48, 49)",b'bool operator> (const fractional_cost &) const;'
gcc,../repos/gcc/config/aarch64/fractional-cost.h,"(185, 1)-(185, 49)","b'inline fractional_cost\noperator+ (uint32_t a,...'"
gcc,../repos/gcc/config/aarch64/fractional-cost.h,"(191, 1)-(191, 49)","b'inline fractional_cost\noperator- (uint32_t a,...'"
gcc,../repos/gcc/config/aarch64/fractional-cost.h,"(197, 1)-(197, 49)","b'inline fractional_cost\noperator* (uint32_t a,...'"
gcc,../repos/gcc/config/aarch64/fractional-cost.h,"(203, 1)-(203, 50)","b'inline bool\noperator== (uint32_t a, const fra...'"
gcc,../repos/gcc/config/aarch64/fractional-cost.h,"(209, 1)-(209, 50)","b'inline bool\noperator!= (uint32_t a, const fra...'"
gcc,../repos/gcc/config/aarch64/fractional-cost.h,"(215, 1)-(215, 49)","b'inline bool\noperator< (uint32_t a, const frac...'"
gcc,../repos/gcc/config/aarch64/fractional-cost.h,"(221, 1)-(221, 50)","b'inline bool\noperator<= (uint32_t a, const fra...'"
gcc,../repos/gcc/config/aarch64/fractional-cost.h,"(227, 1)-(227, 50)","b'inline bool\noperator>= (uint32_t a, const fra...'"
gcc,../repos/gcc/config/aarch64/fractional-cost.h,"(233, 1)-(233, 49)","b'inline bool\noperator> (uint32_t a, const frac...'"
gcc,../repos/gcc/config/aarch64/aarch64-sve-builtins.h,"(278, 8)-(278, 52)",b'bool operator== (const function_instance &) const;'
gcc,../repos/gcc/config/aarch64/aarch64-sve-builtins.h,"(279, 8)-(279, 52)",b'bool operator!= (const function_instance &) const;'
gcc,../repos/gcc/config/s390/s390-c.c,"(322, 3)-(322, 57)",b'bool\n  operator() (const struct cl_target_opt...'
gcc,../repos/gcc/vector-builder.h,"(125, 8)-(125, 43)",b'bool operator == (const Derived &) const;'
gcc,../repos/gcc/vector-builder.h,"(126, 8)-(126, 44)",b'bool operator != (const Derived &x) const { r...'
gcc,../repos/gcc/vector-builder.h,"(144, 19)-(144, 53)",b'&operator= (const vector_builder &)'
gcc,../repos/gcc/alloc-pool.h,"(52, 3)-(52, 39)",b'pool_usage\n  operator+ (const pool_usage &sec...'
gcc,../repos/gcc/alloc-pool.h,"(567, 1)-(567, 46)","b'*\noperator new (size_t, object_allocator<T> &a)'"
gcc,../repos/gcc/hash-set.h,"(111, 15)-(111, 28)",b'&operator++ ()'
gcc,../repos/gcc/hash-set.h,"(118, 5)-(118, 17)",b'Key\n    operator* ()\n      {\n\treturn *m_iter;...'
gcc,../repos/gcc/hash-set.h,"(124, 5)-(124, 46)",b'bool\n    operator != (const iterator &other) ...'
gcc,../repos/gcc/wide-int.h,"(740, 21)-(740, 43)",b'&operator = (const T &)'
gcc,../repos/gcc/wide-int.h,"(1079, 21)-(1079, 43)",b'&operator = (const T &)'
gcc,../repos/gcc/wide-int.h,"(1363, 30)-(1363, 52)",b'&operator = (const T &)'
gcc,../repos/gcc/wide-int.h,"(1404, 21)-(1404, 47)",b'trailing_wide_int operator [] (unsigned int);'
gcc,../repos/gcc/wide-int.h,"(1405, 19)-(1405, 51)",b'const_reference operator [] (unsigned int) const;'
gcc,../repos/gcc/wide-int.h,"(3311, 1)-(3311, 39)","b'operator >> (const T1 &x, const T2 &y)\n{\n  re...'"
gcc,../repos/gcc/wide-int.h,"(3318, 1)-(3318, 38)","b'operator / (const T1 &x, const T2 &y)\n{\n  ret...'"
gcc,../repos/gcc/wide-int.h,"(3325, 1)-(3325, 38)","b'operator % (const T1 &x, const T2 &y)\n{\n  ret...'"
gcc,../repos/gcc/value-range.h,"(79, 11)-(79, 37)",b'& operator= (const irange &)'
gcc,../repos/gcc/value-range.h,"(80, 8)-(80, 41)",b'bool operator== (const irange &) const;'
gcc,../repos/gcc/value-range.h,"(81, 8)-(81, 42)",b'bool operator!= (const irange &r) const { ret...'
gcc,../repos/gcc/value-range.h,"(152, 14)-(152, 43)",b'& operator= (const int_range &)'
gcc,../repos/gcc/analyzer/analyzer.h,"(126, 8)-(126, 48)",b'bool operator== (const path_var &other) const...'
gcc,../repos/gcc/analyzer/analyzer.h,"(175, 8)-(175, 53)",b'bool operator== (const region_offset &other) ...'
gcc,../repos/gcc/analyzer/store.h,"(295, 8)-(295, 49)",b'bool operator== (const bit_range &other) cons...'
gcc,../repos/gcc/analyzer/store.h,"(338, 8)-(338, 56)",b'bool operator== (const concrete_binding &othe...'
gcc,../repos/gcc/analyzer/store.h,"(403, 8)-(403, 56)",b'bool operator== (const symbolic_binding &othe...'
gcc,../repos/gcc/analyzer/store.h,"(441, 16)-(441, 51)",b'& operator=(const binding_map &other)'
gcc,../repos/gcc/analyzer/store.h,"(443, 8)-(443, 51)",b'bool operator== (const binding_map &other) const;'
gcc,../repos/gcc/analyzer/store.h,"(444, 8)-(444, 51)",b'bool operator!= (const binding_map &other) co...'
gcc,../repos/gcc/analyzer/store.h,"(516, 20)-(516, 59)",b'& operator=(const binding_cluster &other)'
gcc,../repos/gcc/analyzer/store.h,"(518, 8)-(518, 55)",b'bool operator== (const binding_cluster &other...'
gcc,../repos/gcc/analyzer/store.h,"(519, 8)-(519, 55)",b'bool operator!= (const binding_cluster &other...'
gcc,../repos/gcc/analyzer/store.h,"(647, 10)-(647, 40)",b'&operator= (const store &other)'
gcc,../repos/gcc/analyzer/store.h,"(649, 8)-(649, 45)",b'bool operator== (const store &other) const;'
gcc,../repos/gcc/analyzer/store.h,"(650, 8)-(650, 45)",b'bool operator!= (const store &other) const\n  ...'
gcc,../repos/gcc/analyzer/sm-signal.cc,"(118, 8)-(118, 58)",b'bool operator== (const signal_unsafe_call &ot...'
gcc,../repos/gcc/analyzer/diagnostic-manager.h,"(43, 8)-(43, 56)",b'bool operator== (const saved_diagnostic &othe...'
gcc,../repos/gcc/analyzer/region.h,"(225, 10)-(225, 47)",b'bool operator== (const key_t &other) const\n  ...'
gcc,../repos/gcc/analyzer/region.h,"(533, 10)-(533, 47)",b'bool operator== (const key_t &other) const\n  ...'
gcc,../repos/gcc/analyzer/region.h,"(646, 10)-(646, 47)",b'bool operator== (const key_t &other) const\n  ...'
gcc,../repos/gcc/analyzer/region.h,"(718, 10)-(718, 47)",b'bool operator== (const key_t &other) const\n  ...'
gcc,../repos/gcc/analyzer/region.h,"(800, 10)-(800, 47)",b'bool operator== (const key_t &other) const\n  ...'
gcc,../repos/gcc/analyzer/region.h,"(880, 10)-(880, 47)",b'bool operator== (const key_t &other) const\n  ...'
gcc,../repos/gcc/analyzer/sm-pattern-test.cc,"(79, 8)-(79, 53)",b'bool operator== (const pattern_match &other) ...'
gcc,../repos/gcc/analyzer/program-state.h,"(89, 10)-(89, 49)",b'bool operator== (const entry_t &other) const\n...'
gcc,../repos/gcc/analyzer/program-state.h,"(94, 10)-(94, 49)",b'bool operator!= (const entry_t &other) const\n...'
gcc,../repos/gcc/analyzer/program-state.h,"(122, 8)-(122, 52)",b'bool operator== (const sm_state_map &other) const;'
gcc,../repos/gcc/analyzer/program-state.h,"(123, 8)-(123, 52)",b'bool operator!= (const sm_state_map &other) c...'
gcc,../repos/gcc/analyzer/program-state.h,"(194, 18)-(194, 56)",b'& operator= (const program_state &other)'
gcc,../repos/gcc/analyzer/program-state.h,"(203, 8)-(203, 53)",b'bool operator== (const program_state &other) ...'
gcc,../repos/gcc/analyzer/program-state.h,"(204, 8)-(204, 53)",b'bool operator!= (const program_state &other) ...'
gcc,../repos/gcc/analyzer/diagnostic-manager.cc,"(238, 10)-(238, 46)",b'bool operator< (const key_t &other) const\n   ...'
gcc,../repos/gcc/analyzer/diagnostic-manager.cc,"(243, 10)-(243, 47)",b'bool operator== (const key_t &other) const\n  ...'
gcc,../repos/gcc/analyzer/diagnostic-manager.cc,"(248, 10)-(248, 46)",b'bool operator> (const key_t &other) const\n   ...'
gcc,../repos/gcc/analyzer/diagnostic-manager.cc,"(872, 8)-(872, 50)",b'bool operator== (const dedupe_key &other) con...'
gcc,../repos/gcc/analyzer/region-model.cc,"(312, 8)-(312, 65)",b'bool operator== (const poisoned_value_diagnos...'
gcc,../repos/gcc/analyzer/region-model.cc,"(383, 8)-(383, 71)",b'bool operator== (const shift_count_negative_d...'
gcc,../repos/gcc/analyzer/region-model.cc,"(424, 8)-(424, 71)",b'bool operator== (const shift_count_overflow_d...'
gcc,../repos/gcc/analyzer/region-model.cc,"(1767, 8)-(1767, 65)",b'bool operator== (const write_to_const_diagnos...'
gcc,../repos/gcc/analyzer/region-model.cc,"(1808, 8)-(1808, 74)",b'bool operator== (const write_to_string_litera...'
gcc,../repos/gcc/analyzer/call-string.h,"(44, 16)-(44, 52)",b'& operator= (const call_string &other)'
gcc,../repos/gcc/analyzer/call-string.h,"(46, 8)-(46, 51)",b'bool operator== (const call_string &other) const;'
gcc,../repos/gcc/analyzer/call-string.h,"(66, 27)-(66, 58)",b'*operator[] (unsigned idx) const'
gcc,../repos/gcc/analyzer/engine.cc,"(1118, 8)-(1118, 55)",b'bool operator== (const dump_path_diagnostic &...'
gcc,../repos/gcc/analyzer/engine.cc,"(1381, 8)-(1381, 53)",b'bool operator== (const stale_jmp_buf &other) ...'
gcc,../repos/gcc/analyzer/sm-sensitive.cc,"(96, 8)-(96, 68)",b'bool operator== (const exposure_through_outpu...'
gcc,../repos/gcc/analyzer/exploded-graph.h,"(108, 8)-(108, 55)",b'bool operator== (const point_and_state &other...'
gcc,../repos/gcc/analyzer/exploded-graph.h,"(710, 10)-(710, 46)",b'bool operator< (const key_t &other) const\n   ...'
gcc,../repos/gcc/analyzer/exploded-graph.h,"(715, 10)-(715, 47)",b'bool operator== (const key_t &other) const\n  ...'
gcc,../repos/gcc/analyzer/exploded-graph.h,"(720, 10)-(720, 46)",b'bool operator> (const key_t &other) const\n   ...'
gcc,../repos/gcc/analyzer/region-model.h,"(426, 17)-(426, 54)",b'&operator= (const region_model &other)'
gcc,../repos/gcc/analyzer/region-model.h,"(428, 8)-(428, 52)",b'bool operator== (const region_model &other) const;'
gcc,../repos/gcc/analyzer/region-model.h,"(429, 8)-(429, 52)",b'bool operator!= (const region_model &other) c...'
gcc,../repos/gcc/analyzer/program-point.h,"(82, 8)-(82, 54)",b'bool operator== (const function_point &other)...'
gcc,../repos/gcc/analyzer/program-point.h,"(184, 8)-(184, 53)",b'bool operator== (const program_point &other) ...'
gcc,../repos/gcc/analyzer/program-point.h,"(189, 8)-(189, 53)",b'bool operator!= (const program_point &other) ...'
gcc,../repos/gcc/analyzer/sm-taint.cc,"(101, 8)-(101, 59)",b'bool operator== (const tainted_array_index &o...'
gcc,../repos/gcc/analyzer/constraint-manager.h,"(78, 8)-(78, 45)",b'bool operator== (const equiv_class &other);'
gcc,../repos/gcc/analyzer/constraint-manager.h,"(126, 8)-(126, 54)",b'bool operator== (const equiv_class_id &other)...'
gcc,../repos/gcc/analyzer/constraint-manager.h,"(130, 8)-(130, 54)",b'bool operator!= (const equiv_class_id &other)...'
gcc,../repos/gcc/analyzer/constraint-manager.h,"(168, 8)-(168, 50)",b'bool operator== (const constraint &other) const;'
gcc,../repos/gcc/analyzer/constraint-manager.h,"(208, 23)-(208, 66)",b'& operator= (const constraint_manager &other)'
gcc,../repos/gcc/analyzer/constraint-manager.h,"(211, 8)-(211, 58)",b'bool operator== (const constraint_manager &ot...'
gcc,../repos/gcc/analyzer/constraint-manager.h,"(212, 8)-(212, 58)",b'bool operator!= (const constraint_manager &ot...'
gcc,../repos/gcc/analyzer/svalue.h,"(172, 10)-(172, 47)",b'bool operator== (const key_t &other) const\n  ...'
gcc,../repos/gcc/analyzer/svalue.h,"(324, 10)-(324, 47)",b'bool operator== (const key_t &other) const\n  ...'
gcc,../repos/gcc/analyzer/svalue.h,"(383, 8)-(383, 53)",b'bool operator== (const setjmp_record &other) ...'
gcc,../repos/gcc/analyzer/svalue.h,"(423, 10)-(423, 47)",b'bool operator== (const key_t &other) const\n  ...'
gcc,../repos/gcc/analyzer/svalue.h,"(543, 10)-(543, 47)",b'bool operator== (const key_t &other) const\n  ...'
gcc,../repos/gcc/analyzer/svalue.h,"(624, 10)-(624, 47)",b'bool operator== (const key_t &other) const\n  ...'
gcc,../repos/gcc/analyzer/svalue.h,"(714, 10)-(714, 47)",b'bool operator== (const key_t &other) const\n  ...'
gcc,../repos/gcc/analyzer/svalue.h,"(882, 10)-(882, 47)",b'bool operator== (const key_t &other) const\n  ...'
gcc,../repos/gcc/analyzer/svalue.h,"(996, 10)-(996, 47)",b'bool operator== (const key_t &other) const\n  ...'
gcc,../repos/gcc/analyzer/svalue.h,"(1092, 10)-(1092, 47)",b'bool operator== (const key_t &other) const\n  ...'
gcc,../repos/gcc/rtl.h,"(2114, 8)-(2114, 48)",b'bool operator == (const subreg_shape &) const;'
gcc,../repos/gcc/rtl.h,"(2115, 8)-(2115, 48)",b'bool operator != (const subreg_shape &) const;'
gcc,../repos/gcc/auto-profile.c,"(158, 8)-(158, 54)","b'bool operator()(const char *a, const char *b)...'"
gcc,../repos/gcc/dumpfile.h,"(209, 1)-(209, 47)",b'static inline dump_flags_t\noperator| (dump_fl...'
gcc,../repos/gcc/dumpfile.h,"(215, 1)-(215, 47)",b'static inline dump_flags_t\noperator& (dump_fl...'
gcc,../repos/gcc/dumpfile.h,"(221, 1)-(221, 31)",b'static inline dump_flags_t\noperator~ (dump_fl...'
gcc,../repos/gcc/dumpfile.h,"(227, 1)-(227, 49)","b'&\noperator|= (dump_flags_t &lhs, dump_flags_t rhs)'"
gcc,../repos/gcc/dumpfile.h,"(234, 1)-(234, 49)","b'&\noperator&= (dump_flags_t &lhs, dump_flags_t rhs)'"
gcc,../repos/gcc/dumpfile.h,"(273, 1)-(273, 55)",b'static inline optgroup_flags_t\noperator| (opt...'
gcc,../repos/gcc/dumpfile.h,"(279, 1)-(279, 57)","b'&\noperator|= (optgroup_flags_t &lhs, optgroup...'"
gcc,../repos/gcc/gimple-ssa-backprop.c,"(114, 15)-(114, 47)",b'&operator &= (const usage_info &)'
gcc,../repos/gcc/gimple-ssa-backprop.c,"(115, 14)-(115, 51)",b'usage_info operator & (const usage_info &) const;'
gcc,../repos/gcc/gimple-ssa-backprop.c,"(116, 8)-(116, 46)",b'bool operator == (const usage_info &) const;'
gcc,../repos/gcc/gimple-ssa-backprop.c,"(117, 8)-(117, 46)",b'bool operator != (const usage_info &) const;'
gcc,../repos/gcc/typed-splay-tree.h,"(53, 22)-(53, 59)",b'& operator = (const typed_splay_tree &)'
gcc,../repos/gcc/mem-stats.h,"(160, 3)-(160, 38)",b'mem_usage\n  operator+ (const mem_usage &secon...'
gcc,../repos/gcc/mem-stats.h,"(170, 3)-(170, 45)",b'inline bool\n  operator== (const mem_usage &se...'
gcc,../repos/gcc/mem-stats.h,"(179, 3)-(179, 44)",b'inline bool\n  operator< (const mem_usage &sec...'
gcc,../repos/gcc/sbitmap.h,"(303, 17)-(303, 50)",b'&operator = (const auto_sbitmap &)'
gcc,../repos/gcc/sbitmap.h,"(306, 17)-(306, 45)",b'&operator = (auto_sbitmap &&)'
gcc,../repos/gcc/wide-int-bitmask.h,"(29, 28)-(29, 58)",b'&operator &= (wide_int_bitmask)'
gcc,../repos/gcc/wide-int-bitmask.h,"(30, 28)-(30, 58)",b'&operator |= (wide_int_bitmask)'
gcc,../repos/gcc/wide-int-bitmask.h,"(31, 30)-(31, 49)",b'constexpr wide_int_bitmask operator ~ () const;'
gcc,../repos/gcc/wide-int-bitmask.h,"(32, 30)-(32, 65)",b'constexpr wide_int_bitmask operator & (wide_i...'
gcc,../repos/gcc/wide-int-bitmask.h,"(33, 30)-(33, 65)",b'constexpr wide_int_bitmask operator | (wide_i...'
gcc,../repos/gcc/wide-int-bitmask.h,"(34, 27)-(34, 44)",b'inline wide_int_bitmask operator >> (int);'
gcc,../repos/gcc/wide-int-bitmask.h,"(35, 27)-(35, 44)",b'inline wide_int_bitmask operator << (int);'
gcc,../repos/gcc/wide-int-bitmask.h,"(36, 15)-(36, 51)",b'inline bool operator == (wide_int_bitmask) const;'
gcc,../repos/gcc/wide-int-bitmask.h,"(37, 15)-(37, 51)",b'inline bool operator != (wide_int_bitmask) const;'
gcc,../repos/gcc/tree-vectorizer.h,"(172, 16)-(172, 37)",b'*operator new (size_t)'
gcc,../repos/gcc/tree-vectorizer.h,"(175, 15)-(175, 47)","b'static void operator delete (void *, size_t);'"
gcc,../repos/gcc/graphite-scop-detection.c,"(67, 3)-(67, 44)","b'&\n  operator<< (debug_printer &output, int i)'"
gcc,../repos/gcc/graphite-scop-detection.c,"(73, 3)-(73, 52)","b'&\n  operator<< (debug_printer &output, const ...'"
gcc,../repos/gcc/jit/libgccjit++.h,"(77, 24)-(77, 77)","b'& operator << (std::ostream& stream, const ob...'"
gcc,../repos/gcc/jit/libgccjit++.h,"(389, 12)-(389, 51)",b'rvalue operator() (location loc = location ());'
gcc,../repos/gcc/jit/libgccjit++.h,"(390, 12)-(391, 37)","b'rvalue operator() (rvalue arg0,\n\t\t       loca...'"
gcc,../repos/gcc/jit/libgccjit++.h,"(392, 12)-(393, 37)","b'rvalue operator() (rvalue arg0, rvalue arg1,\n...'"
gcc,../repos/gcc/jit/libgccjit++.h,"(394, 12)-(395, 37)","b'rvalue operator() (rvalue arg0, rvalue arg1, ...'"
gcc,../repos/gcc/jit/libgccjit++.h,"(486, 12)-(486, 37)",b'lvalue operator[] (rvalue index);'
gcc,../repos/gcc/jit/libgccjit++.h,"(487, 12)-(487, 34)",b'lvalue operator[] (int index);'
gcc,../repos/gcc/jit/libgccjit++.h,"(565, 10)-(565, 30)",b'rvalue operator- (rvalue a);'
gcc,../repos/gcc/jit/libgccjit++.h,"(566, 10)-(566, 30)",b'rvalue operator~ (rvalue a);'
gcc,../repos/gcc/jit/libgccjit++.h,"(567, 10)-(567, 30)",b'rvalue operator! (rvalue a);'
gcc,../repos/gcc/jit/libgccjit++.h,"(570, 10)-(570, 40)","b'rvalue operator+ (rvalue a, rvalue b);'"
gcc,../repos/gcc/jit/libgccjit++.h,"(571, 10)-(571, 40)","b'rvalue operator- (rvalue a, rvalue b);'"
gcc,../repos/gcc/jit/libgccjit++.h,"(572, 10)-(572, 40)","b'rvalue operator* (rvalue a, rvalue b);'"
gcc,../repos/gcc/jit/libgccjit++.h,"(573, 10)-(573, 40)","b'rvalue operator/ (rvalue a, rvalue b);'"
gcc,../repos/gcc/jit/libgccjit++.h,"(574, 10)-(574, 40)","b'rvalue operator% (rvalue a, rvalue b);'"
gcc,../repos/gcc/jit/libgccjit++.h,"(575, 10)-(575, 40)","b'rvalue operator& (rvalue a, rvalue b);'"
gcc,../repos/gcc/jit/libgccjit++.h,"(576, 10)-(576, 40)","b'rvalue operator^ (rvalue a, rvalue b);'"
gcc,../repos/gcc/jit/libgccjit++.h,"(577, 10)-(577, 40)","b'rvalue operator| (rvalue a, rvalue b);'"
gcc,../repos/gcc/jit/libgccjit++.h,"(578, 10)-(578, 41)","b'rvalue operator&& (rvalue a, rvalue b);'"
gcc,../repos/gcc/jit/libgccjit++.h,"(579, 10)-(579, 41)","b'rvalue operator|| (rvalue a, rvalue b);'"
gcc,../repos/gcc/jit/libgccjit++.h,"(582, 10)-(582, 41)","b'rvalue operator== (rvalue a, rvalue b);'"
gcc,../repos/gcc/jit/libgccjit++.h,"(583, 10)-(583, 41)","b'rvalue operator!= (rvalue a, rvalue b);'"
gcc,../repos/gcc/jit/libgccjit++.h,"(584, 10)-(584, 40)","b'rvalue operator< (rvalue a, rvalue b);'"
gcc,../repos/gcc/jit/libgccjit++.h,"(585, 10)-(585, 41)","b'rvalue operator<= (rvalue a, rvalue b);'"
gcc,../repos/gcc/jit/libgccjit++.h,"(586, 10)-(586, 40)","b'rvalue operator> (rvalue a, rvalue b);'"
gcc,../repos/gcc/jit/libgccjit++.h,"(587, 10)-(587, 41)","b'rvalue operator>= (rvalue a, rvalue b);'"
gcc,../repos/gcc/jit/libgccjit++.h,"(590, 10)-(590, 32)",b'lvalue operator* (rvalue ptr);'
gcc,../repos/gcc/jit/libgccjit++.h,"(1342, 1)-(1342, 54)","b'&\noperator << (std::ostream& stream, const ob...'"
gcc,../repos/gcc/jit/libgccjit++.h,"(1942, 15)-(1942, 35)",b'inline rvalue operator- (rvalue a)\n{\n  return...'
gcc,../repos/gcc/jit/libgccjit++.h,"(1946, 15)-(1946, 35)",b'inline rvalue operator~ (rvalue a)\n{\n  return...'
gcc,../repos/gcc/jit/libgccjit++.h,"(1950, 15)-(1950, 35)",b'inline rvalue operator! (rvalue a)\n{\n  return...'
gcc,../repos/gcc/jit/libgccjit++.h,"(1956, 15)-(1956, 45)","b'inline rvalue operator+ (rvalue a, rvalue b)\n...'"
gcc,../repos/gcc/jit/libgccjit++.h,"(1960, 15)-(1960, 45)","b'inline rvalue operator- (rvalue a, rvalue b)\n...'"
gcc,../repos/gcc/jit/libgccjit++.h,"(1964, 15)-(1964, 45)","b'inline rvalue operator* (rvalue a, rvalue b)\n...'"
gcc,../repos/gcc/jit/libgccjit++.h,"(1968, 15)-(1968, 45)","b'inline rvalue operator/ (rvalue a, rvalue b)\n...'"
gcc,../repos/gcc/jit/libgccjit++.h,"(1972, 15)-(1972, 45)","b'inline rvalue operator% (rvalue a, rvalue b)\n...'"
gcc,../repos/gcc/jit/libgccjit++.h,"(1976, 15)-(1976, 45)","b'inline rvalue operator& (rvalue a, rvalue b)\n...'"
gcc,../repos/gcc/jit/libgccjit++.h,"(1980, 15)-(1980, 45)","b'inline rvalue operator^ (rvalue a, rvalue b)\n...'"
gcc,../repos/gcc/jit/libgccjit++.h,"(1984, 15)-(1984, 45)","b'inline rvalue operator| (rvalue a, rvalue b)\n...'"
gcc,../repos/gcc/jit/libgccjit++.h,"(1988, 15)-(1988, 46)","b'inline rvalue operator&& (rvalue a, rvalue b)...'"
gcc,../repos/gcc/jit/libgccjit++.h,"(1992, 15)-(1992, 46)","b'inline rvalue operator|| (rvalue a, rvalue b)...'"
gcc,../repos/gcc/jit/libgccjit++.h,"(1998, 15)-(1998, 46)","b'inline rvalue operator== (rvalue a, rvalue b)...'"
gcc,../repos/gcc/jit/libgccjit++.h,"(2002, 15)-(2002, 46)","b'inline rvalue operator!= (rvalue a, rvalue b)...'"
gcc,../repos/gcc/jit/libgccjit++.h,"(2006, 15)-(2006, 45)","b'inline rvalue operator< (rvalue a, rvalue b)\n...'"
gcc,../repos/gcc/jit/libgccjit++.h,"(2010, 15)-(2010, 46)","b'inline rvalue operator<= (rvalue a, rvalue b)...'"
gcc,../repos/gcc/jit/libgccjit++.h,"(2014, 15)-(2014, 45)","b'inline rvalue operator> (rvalue a, rvalue b)\n...'"
gcc,../repos/gcc/jit/libgccjit++.h,"(2018, 15)-(2018, 46)","b'inline rvalue operator>= (rvalue a, rvalue b)...'"
gcc,../repos/gcc/jit/libgccjit++.h,"(2024, 15)-(2024, 37)",b'inline lvalue operator* (rvalue ptr)\n{\n  retu...'
gcc,../repos/gcc/jit/jit-dejagnu.h,"(328, 27)-(328, 71)","b'& operator << (std::ostream &os, TestState& t)'"
gcc,../repos/gcc/jit/jit-playback.h,"(394, 9)-(394, 33)",b'*operator new (size_t sz)'
gcc,../repos/gcc/tree-data-ref.c,"(1655, 1)-(1656, 33)",b'static bool\noperator == (const dr_with_seg_le...'
gcc,../repos/gcc/gimple-ssa-isolate-paths.c,"(360, 15)-(360, 48)",b'& operator= (const args_loc_t &rhs)'
gcc,../repos/gcc/hash-map-tests.c,"(169, 24)-(169, 66)",b'& operator= (const hash_map_test_val_t &rhs)'
gcc,../repos/gcc/gimple-ssa-sprintf.c,"(721, 18)-(721, 31)",b'& operator++ ()'
gcc,../repos/gcc/gimple-ssa-sprintf.c,"(727, 17)-(727, 33)",b'format_result operator++ (int)\n  {\n    format...'
gcc,../repos/gcc/gimple-ssa-sprintf.c,"(735, 18)-(735, 53)",b'& operator+= (unsigned HOST_WIDE_INT)'
gcc,../repos/gcc/gimple-ssa-sprintf.c,"(744, 8)-(744, 34)",b'void operator= (format_result&);'
gcc,../repos/gcc/input.h,"(62, 8)-(62, 34)",b'char operator[] (int idx) const\n  {\n    gcc_a...'
gcc,../repos/gcc/recog.h,"(404, 13)-(404, 42)",b'*operator() (Ts... args) const'
gcc,../repos/gcc/recog.h,"(412, 15)-(412, 38)",b'insn_gen_fn operator * (void) const { return ...'
gcc,../repos/gcc/rtl-ssa/changes.h,"(106, 8)-(106, 44)",b'bool operator() (const insn_info *) const;'
gcc,../repos/gcc/rtl-ssa/insns.h,"(152, 8)-(152, 43)",b'bool operator< (const insn_info &) const;'
gcc,../repos/gcc/rtl-ssa/insns.h,"(153, 8)-(153, 44)",b'bool operator<= (const insn_info &) const;'
gcc,../repos/gcc/rtl-ssa/insns.h,"(154, 8)-(154, 44)",b'bool operator>= (const insn_info &) const;'
gcc,../repos/gcc/rtl-ssa/insns.h,"(155, 8)-(155, 43)",b'bool operator> (const insn_info &) const;'
gcc,../repos/gcc/rtl-ssa/insns.h,"(464, 8)-(464, 50)",b'bool operator== (const insn_range_info &) const;'
gcc,../repos/gcc/rtl-ssa/insns.h,"(465, 8)-(465, 50)",b'bool operator!= (const insn_range_info &) const;'
gcc,../repos/gcc/rtl-ssa/insns.h,"(493, 8)-(493, 49)",b'bool operator() (const insn_info *other) cons...'
gcc,../repos/gcc/iterator-utils.h,"(65, 21)-(65, 34)",b'&operator++ ()'
gcc,../repos/gcc/iterator-utils.h,"(66, 20)-(66, 36)",b'derived_iterator operator++ (int);'
gcc,../repos/gcc/iterator-utils.h,"(68, 5)-(68, 23)",b'T operator* () const { return static_cast<T> ...'
gcc,../repos/gcc/iterator-utils.h,"(69, 6)-(69, 25)",b'*operator-> () const'
gcc,../repos/gcc/iterator-utils.h,"(71, 8)-(71, 56)",b'bool operator== (const derived_iterator &othe...'
gcc,../repos/gcc/iterator-utils.h,"(72, 8)-(72, 56)",b'bool operator!= (const derived_iterator &othe...'
gcc,../repos/gcc/iterator-utils.h,"(126, 5)-(126, 38)",b'T operator[] (unsigned int i) const;'
gcc,../repos/gcc/iterator-utils.h,"(150, 5)-(150, 23)",b'T operator* () const { return static_cast<T> ...'
gcc,../repos/gcc/iterator-utils.h,"(151, 8)-(151, 51)",b'bool operator== (const wrapper_iterator &) const;'
gcc,../repos/gcc/iterator-utils.h,"(152, 8)-(152, 51)",b'bool operator!= (const wrapper_iterator &) const;'
gcc,../repos/gcc/iterator-utils.h,"(182, 18)-(182, 31)",b'&operator++ ()'
gcc,../repos/gcc/iterator-utils.h,"(183, 17)-(183, 33)",b'list_iterator operator++ (int);'
gcc,../repos/gcc/symtab-thunks.h,"(60, 3)-(60, 44)",b'bool\n  operator==(const thunk_info &other) co...'
gcc,../repos/gcc/symtab-thunks.h,"(69, 3)-(69, 44)",b'bool\n  operator!=(const thunk_info &other) co...'
gcc,../repos/gcc/symtab-thunks.h,"(75, 3)-(75, 37)",b'&\n  operator=(const thunk_info &other)'
gcc,../repos/gcc/unique-ptr-tests.cc,"(55, 9)-(55, 32)",b'& operator= (const foo &)'
gcc,../repos/gcc/ipa-modref-tree.h,"(72, 8)-(72, 49)",b'bool operator == (modref_access_node &a) cons...'
gcc,../repos/gcc/brig/brigfrontend/brig-to-generic.h,"(218, 18)-(218, 52)",b'virtual size_t operator () (const BrigBase *b...'
gcc,../repos/gcc/brig/brigfrontend/brig-code-entry-handler.h,"(43, 18)-(43, 52)",b'virtual size_t operator () (const BrigBase *b...'
gcc,../repos/gcc/brig/brigfrontend/brig-code-entry-handler.h,"(103, 8)-(103, 68)",b'tree operator () (brig_code_entry_handler &ha...'
gcc,../repos/gcc/brig/brigfrontend/brig-code-entry-handler.h,"(115, 8)-(116, 20)",b'tree operator () (brig_code_entry_handler &ha...'
gcc,../repos/gcc/brig/brigfrontend/brig-code-entry-handler.h,"(178, 10)-(178, 44)",b'size_t operator () (const BrigBase *base);'
gcc,../repos/gcc/brig/brigfrontend/brig-code-entry-handler.h,"(188, 10)-(188, 44)",b'size_t operator () (const BrigBase *base);'
gcc,../repos/gcc/brig/brigfrontend/brig-code-entry-handler.h,"(199, 10)-(199, 44)",b'size_t operator () (const BrigBase *base);'
gcc,../repos/gcc/brig/brigfrontend/brig-code-entry-handler.h,"(210, 10)-(210, 44)",b'size_t operator () (const BrigBase *base);'
gcc,../repos/gcc/brig/brigfrontend/brig-code-entry-handler.h,"(226, 10)-(226, 44)",b'size_t operator () (const BrigBase *base);'
gcc,../repos/gcc/brig/brigfrontend/brig-code-entry-handler.h,"(237, 10)-(237, 44)",b'size_t operator () (const BrigBase *base);'
gcc,../repos/gcc/brig/brigfrontend/brig-code-entry-handler.h,"(248, 10)-(248, 44)",b'size_t operator () (const BrigBase *base);'
gcc,../repos/gcc/brig/brigfrontend/brig-code-entry-handler.h,"(259, 10)-(259, 44)",b'size_t operator () (const BrigBase *base);'
gcc,../repos/gcc/brig/brigfrontend/brig-code-entry-handler.h,"(267, 10)-(267, 44)",b'size_t operator () (const BrigBase *base);'
gcc,../repos/gcc/brig/brigfrontend/brig-code-entry-handler.h,"(307, 10)-(307, 44)",b'size_t operator () (const BrigBase *base);'
gcc,../repos/gcc/brig/brigfrontend/brig-code-entry-handler.h,"(318, 10)-(318, 44)",b'size_t operator () (const BrigBase *base);'
gcc,../repos/gcc/brig/brigfrontend/brig-code-entry-handler.h,"(332, 10)-(332, 44)",b'size_t operator () (const BrigBase *base);'
gcc,../repos/gcc/brig/brigfrontend/brig-code-entry-handler.h,"(346, 10)-(346, 44)",b'size_t operator () (const BrigBase *base);'
gcc,../repos/gcc/brig/brigfrontend/brig-code-entry-handler.h,"(360, 10)-(360, 44)",b'size_t operator () (const BrigBase *base);'
gcc,../repos/gcc/brig/brigfrontend/brig-code-entry-handler.h,"(371, 10)-(371, 44)",b'size_t operator () (const BrigBase *base);'
gcc,../repos/gcc/brig/brigfrontend/brig-code-entry-handler.h,"(379, 10)-(379, 44)",b'size_t operator () (const BrigBase *base);'
gcc,../repos/gcc/brig/brigfrontend/brig-code-entry-handler.h,"(387, 10)-(387, 44)",b'size_t operator () (const BrigBase *base);'
gcc,../repos/gcc/brig/brigfrontend/brig-code-entry-handler.h,"(395, 10)-(395, 44)",b'size_t operator () (const BrigBase *base);'
gcc,../repos/gcc/brig/brigfrontend/brig-code-entry-handler.h,"(406, 10)-(406, 44)",b'size_t operator () (const BrigBase *base);'
gcc,../repos/gcc/brig/brigfrontend/brig-to-generic.cc,"(103, 3)-(103, 37)",b'size_t\n  operator () (const BrigBase *base)\n ...'
gcc,../repos/gcc/brig/brigfrontend/brig-to-generic.cc,"(122, 3)-(122, 37)",b'size_t\n  operator () (const BrigBase *base)\n ...'
gcc,../repos/gcc/brig/brigfrontend/brig-to-generic.cc,"(137, 3)-(137, 37)",b'size_t\n  operator () (const BrigBase *base)\n ...'
gcc,../repos/gcc/tree-ssa-math-opts.c,"(172, 16)-(172, 37)",b'* operator new (size_t)'
gcc,../repos/gcc/tree-ssa-math-opts.c,"(175, 15)-(175, 46)","b'static void operator delete (void*, size_t);'"
gcc,../repos/gcc/ggc-common.c,"(835, 3)-(835, 45)",b'inline bool\n  operator== (const ggc_usage &se...'
gcc,../repos/gcc/ggc-common.c,"(844, 3)-(844, 44)",b'inline bool\n  operator< (const ggc_usage &sec...'
gcc,../repos/gcc/ggc-common.c,"(873, 3)-(873, 38)",b'ggc_usage\n  operator+ (const ggc_usage &secon...'
gcc,../repos/gcc/range-op.cc,"(3354, 26)-(3354, 58)",b'*operator[] (enum tree_code code)'
gcc,../repos/gcc/ggc-tests.c,"(242, 3)-(242, 27)",b'*\n  operator new (size_t sz)'
gcc,../repos/gcc/vec-perm-indices.h,"(79, 16)-(79, 49)",b'element_type operator[] (unsigned int i) const;'
gcc,../repos/gcc/fortran/openmp.c,"(903, 19)-(903, 46)",b'inline omp_mask operator| (omp_mask1) const;'
gcc,../repos/gcc/fortran/openmp.c,"(904, 19)-(904, 46)",b'inline omp_mask operator| (omp_mask2) const;'
gcc,../repos/gcc/fortran/openmp.c,"(905, 19)-(905, 45)",b'inline omp_mask operator| (omp_mask) const;'
gcc,../repos/gcc/fortran/openmp.c,"(906, 19)-(906, 57)",b'inline omp_mask operator& (const omp_inv_mask...'
gcc,../repos/gcc/fortran/openmp.c,"(907, 15)-(907, 42)",b'inline bool operator& (omp_mask1) const;'
gcc,../repos/gcc/fortran/openmp.c,"(908, 15)-(908, 42)",b'inline bool operator& (omp_mask2) const;'
gcc,../repos/gcc/fortran/openmp.c,"(909, 23)-(909, 41)",b'inline omp_inv_mask operator~ () const;'
gcc,../repos/gcc/diagnostic-show-locus.c,"(2003, 8)-(2003, 52)",b'bool operator== (const column_range &other) c...'
gcc,../repos/gcc/ordered-hash-map.h,"(95, 15)-(95, 28)",b'&operator++ ()'
gcc,../repos/gcc/ordered-hash-map.h,"(122, 20)-(122, 32)",b'reference_pair operator* ()\n    {\n      const...'
gcc,../repos/gcc/ordered-hash-map.h,"(132, 5)-(132, 46)",b'bool\n    operator != (const iterator &other) ...'
gcc,../repos/gcc/ordered-hash-map.h,"(169, 8)-(169, 44)",b'void operator= (const ordered_hash_map &);'
gcc,../repos/gcc/splay-tree-utils.h,"(170, 13)-(170, 26)",b'node_type operator-> () { return m_root; }'
gcc,../repos/gcc/cp/cp-tree.h,"(69, 10)-(69, 22)",b'& operator* ()'
gcc,../repos/gcc/cp/cp-tree.h,"(70, 8)-(70, 26)",b'tree operator* () const { return m_value; }'
gcc,../repos/gcc/cp/cp-tree.h,"(71, 10)-(71, 23)",b'& operator-> ()'
gcc,../repos/gcc/cp/cp-tree.h,"(72, 8)-(72, 27)",b'tree operator-> () const { return m_value; }'
gcc,../repos/gcc/cp/cp-tree.h,"(110, 1)-(110, 43)","b'inline bool\noperator == (const cp_expr &lhs, ...'"
gcc,../repos/gcc/cp/cp-tree.h,"(823, 17)-(823, 49)",b'&operator= (const ovl_iterator &)'
gcc,../repos/gcc/cp/cp-tree.h,"(831, 17)-(831, 30)",b'&operator++ ()'
gcc,../repos/gcc/cp/cp-tree.h,"(836, 8)-(836, 26)",b'tree operator* () const\n  {\n    tree fn = TRE...'
gcc,../repos/gcc/cp/cp-tree.h,"(922, 17)-(922, 30)",b'&operator++ ()'
gcc,../repos/gcc/cp/cp-tree.h,"(971, 18)-(971, 51)",b'&operator= (const releasing_vec &)'
gcc,../repos/gcc/cp/cp-tree.h,"(973, 10)-(973, 28)",b'&operator* () const'
gcc,../repos/gcc/cp/cp-tree.h,"(974, 10)-(974, 29)",b'*operator-> () const'
gcc,../repos/gcc/cp/cp-tree.h,"(977, 12)-(977, 24)",b'* operator& ()'
gcc,../repos/gcc/cp/cp-tree.h,"(982, 9)-(982, 39)",b'& operator[] (ptrdiff_t i) const'
gcc,../repos/gcc/cp/parser.c,"(32157, 21)-(32157, 60)",b'& operator= (const class_decl_loc_t &rhs)'
gcc,../repos/gcc/cp/module.cc,"(3192, 9)-(3192, 33)",b'&operator[] (unsigned ix)'
gcc,../repos/gcc/cp/module.cc,"(3317, 15)-(3317, 40)",b'static void operator delete (void *p)\n  {\n   ...'
gcc,../repos/gcc/cp/module.cc,"(4036, 8)-(4036, 34)",b'bool operator () (int mask = 0)\n  {\n    if (!...'
gcc,../repos/gcc/cp/module.cc,"(4045, 8)-(4045, 39)","b'bool operator () (const char *, ...);'"
gcc,../repos/gcc/cp/module.cc,"(16617, 9)-(16617, 33)",b'&operator[] (unsigned ix)'
gcc,../repos/gcc/cp/name-lookup.h,"(87, 17)-(87, 35)",b'&operator= (tree t)'
gcc,../repos/gcc/cp/name-lookup.h,"(370, 22)-(370, 60)","b'constexpr LOOK_where operator| (LOOK_where a,...'"
gcc,../repos/gcc/cp/name-lookup.h,"(374, 22)-(374, 60)","b'constexpr LOOK_where operator& (LOOK_where a,...'"
gcc,../repos/gcc/cp/name-lookup.h,"(390, 21)-(390, 57)","b'constexpr LOOK_want operator| (LOOK_want a, L...'"
gcc,../repos/gcc/cp/name-lookup.h,"(394, 21)-(394, 57)","b'constexpr LOOK_want operator& (LOOK_want a, L...'"
gcc,../repos/gcc/cp/call.c,"(9666, 8)-(9666, 39)",b'bool operator() (const_tree t) const\n  {\n    ...'
gcc,../repos/gcc/cp/call.c,"(9683, 8)-(9683, 39)",b'bool operator() (const_tree t) const\n  {\n    ...'
gcc,../repos/gcc/cp/name-lookup.c,"(473, 16)-(473, 47)",b'&operator= (const name_lookup &)'
gcc,../repos/gcc/tree-ssa-loop-ivopts.c,"(219, 20)-(219, 64)","b'comp_cost operator+ (comp_cost cost1, comp_co...'"
gcc,../repos/gcc/tree-ssa-loop-ivopts.c,"(222, 13)-(222, 40)",b'comp_cost operator+= (comp_cost cost);'
gcc,../repos/gcc/tree-ssa-loop-ivopts.c,"(225, 13)-(225, 41)",b'comp_cost operator+= (HOST_WIDE_INT c);'
gcc,../repos/gcc/tree-ssa-loop-ivopts.c,"(228, 13)-(228, 41)",b'comp_cost operator-= (HOST_WIDE_INT c);'
gcc,../repos/gcc/tree-ssa-loop-ivopts.c,"(231, 13)-(231, 41)",b'comp_cost operator/= (HOST_WIDE_INT c);'
gcc,../repos/gcc/tree-ssa-loop-ivopts.c,"(234, 13)-(234, 41)",b'comp_cost operator*= (HOST_WIDE_INT c);'
gcc,../repos/gcc/tree-ssa-loop-ivopts.c,"(237, 20)-(237, 64)","b'comp_cost operator- (comp_cost cost1, comp_co...'"
gcc,../repos/gcc/tree-ssa-loop-ivopts.c,"(240, 13)-(240, 40)",b'comp_cost operator-= (comp_cost cost);'
gcc,../repos/gcc/tree-ssa-loop-ivopts.c,"(243, 15)-(243, 59)","b'bool operator< (comp_cost cost1, comp_cost cost2);'"
gcc,../repos/gcc/tree-ssa-loop-ivopts.c,"(246, 15)-(246, 60)","b'bool operator== (comp_cost cost1, comp_cost c...'"
gcc,../repos/gcc/tree-ssa-loop-ivopts.c,"(249, 15)-(249, 60)","b'bool operator<= (comp_cost cost1, comp_cost c...'"
gcc,../repos/gcc/tree-ssa-loop-ivopts.c,"(269, 1)-(269, 45)","b'comp_cost\noperator+ (comp_cost cost1, comp_co...'"
gcc,../repos/gcc/tree-ssa-loop-ivopts.c,"(282, 1)-(282, 45)","b'comp_cost\noperator- (comp_cost cost1, comp_co...'"
gcc,../repos/gcc/tree-ssa-loop-ivopts.c,"(362, 1)-(362, 45)","b'bool\noperator< (comp_cost cost1, comp_cost co...'"
gcc,../repos/gcc/tree-ssa-loop-ivopts.c,"(371, 1)-(371, 46)","b'bool\noperator== (comp_cost cost1, comp_cost c...'"
gcc,../repos/gcc/tree-ssa-loop-ivopts.c,"(378, 1)-(378, 46)","b'bool\noperator<= (comp_cost cost1, comp_cost c...'"
gcc,../repos/gcc/tree-ssa-loop-im.c,"(1786, 8)-(1786, 38)",b'bool operator () (mem_ref_loc *loc);'
gcc,../repos/gcc/tree-ssa-loop-im.c,"(1812, 8)-(1812, 38)",b'bool operator () (mem_ref_loc *loc);'
gcc,../repos/gcc/tree-ssa-loop-im.c,"(2033, 8)-(2033, 38)",b'bool operator () (mem_ref_loc *loc);'
gcc,../repos/gcc/tree-ssa-loop-im.c,"(2691, 8)-(2691, 38)",b'bool operator () (mem_ref_loc *loc);'
