Repo name,File name,Location,Content
gcc,../repos/gcc/c/gimple-parser.c,"(80, 3)-(87, 4)",b'class gimple_parser_edge\n  {\n  public:\n    in...'
gcc,../repos/gcc/genpreds.c,"(672, 3)-(672, 24)",b'class constraint_data'
gcc,../repos/gcc/genpreds.c,"(673, 3)-(673, 24)",b'class constraint_data'
gcc,../repos/gcc/tree-ssa-scopedtables.h,"(74, 18)-(74, 37)",b'class expr_hash_elt'
gcc,../repos/gcc/tree-ssa-scopedtables.h,"(99, 3)-(99, 22)",b'class expr_hash_elt'
gcc,../repos/gcc/gimple-loop-interchange.cc,"(177, 14)-(177, 24)",b'class loop'
gcc,../repos/gcc/gimple-loop-interchange.cc,"(177, 28)-(177, 38)",b'class loop'
gcc,../repos/gcc/gimple-loop-interchange.cc,"(191, 3)-(191, 13)",b'class loop'
gcc,../repos/gcc/gimple-loop-interchange.cc,"(194, 3)-(194, 13)",b'class loop'
gcc,../repos/gcc/genrecog.c,"(824, 3)-(832, 4)",b'class range\n  {\n  public:\n    range (T *);\n  ...'
gcc,../repos/gcc/ipa-predicate.h,"(160, 7)-(160, 22)",b'class predicate'
gcc,../repos/gcc/ipa-predicate.h,"(168, 7)-(168, 22)",b'class predicate'
gcc,../repos/gcc/ipa-predicate.h,"(243, 35)-(243, 55)",b'class ipa_fn_summary'
gcc,../repos/gcc/ipa-predicate.h,"(244, 9)-(244, 30)",b'class ipa_node_params'
gcc,../repos/gcc/ipa-predicate.h,"(245, 14)-(245, 34)",b'class ipa_fn_summary'
gcc,../repos/gcc/ipa-predicate.h,"(249, 19)-(249, 40)",b'class lto_input_block'
gcc,../repos/gcc/rtl-iter.h,"(59, 3)-(66, 4)",b'class array_type\n  {\n  public:\n    array_type...'
gcc,../repos/gcc/vr-values.h,"(33, 26)-(33, 43)",b'class range_query'
gcc,../repos/gcc/vr-values.h,"(35, 25)-(35, 42)",b'class range_query'
gcc,../repos/gcc/vr-values.h,"(81, 3)-(81, 20)",b'class range_query'
gcc,../repos/gcc/dse.c,"(281, 3)-(281, 19)",b'class store_info'
gcc,../repos/gcc/tree-ssa-loop-ch.c,"(270, 32)-(270, 42)",b'class loop'
gcc,../repos/gcc/gimple-loop-versioning.cc,"(192, 3)-(192, 13)",b'class loop'
gcc,../repos/gcc/gimple-range.h,"(72, 58)-(72, 68)",b'class loop'
gcc,../repos/gcc/genattrtab.c,"(139, 3)-(139, 17)",b'class insn_def'
gcc,../repos/gcc/loop-iv.c,"(94, 3)-(94, 15)",b'class rtx_iv'
gcc,../repos/gcc/config/i386/i386-features.h,"(87, 16)-(87, 35)",b'class xlogue_layout'
gcc,../repos/gcc/gimple-range-gori.h,"(86, 43)-(86, 57)",b'class tf_range'
gcc,../repos/gcc/gimple-range-gori.h,"(93, 10)-(93, 24)",b'class tf_range'
gcc,../repos/gcc/gimple-range-gori.h,"(94, 10)-(94, 24)",b'class tf_range'
gcc,../repos/gcc/gimple-range-gori.h,"(110, 3)-(110, 17)",b'class gori_map'
gcc,../repos/gcc/gimple-array-bounds.h,"(28, 47)-(28, 62)",b'class vr_values'
gcc,../repos/gcc/gimple-array-bounds.h,"(40, 3)-(40, 18)",b'class vr_values'
gcc,../repos/gcc/tree-loop-distribution.c,"(536, 25)-(536, 35)",b'class loop'
gcc,../repos/gcc/tree-loop-distribution.c,"(543, 29)-(543, 39)",b'class loop'
gcc,../repos/gcc/tree-loop-distribution.c,"(641, 29)-(641, 39)",b'class loop'
gcc,../repos/gcc/tree-loop-distribution.c,"(649, 24)-(649, 34)",b'class loop'
gcc,../repos/gcc/hash-set.h,"(104, 3)-(131, 4)",b'class iterator\n  {\n  public:\n    explicit ite...'
gcc,../repos/gcc/value-range.h,"(98, 22)-(98, 34)",b'class irange'
gcc,../repos/gcc/loop-invariant.c,"(63, 3)-(63, 13)",b'class loop'
gcc,../repos/gcc/regrename.h,"(29, 3)-(29, 16)",b'class du_head'
gcc,../repos/gcc/regrename.h,"(33, 3)-(33, 16)",b'class du_head'
gcc,../repos/gcc/lto-streamer.h,"(279, 10)-(279, 23)",b'class data_in'
gcc,../repos/gcc/lto-streamer.h,"(281, 6)-(281, 27)",b'class lto_input_block'
gcc,../repos/gcc/lto-streamer.h,"(282, 6)-(282, 19)",b'class data_in'
gcc,../repos/gcc/sel-sched-ir.h,"(749, 3)-(749, 18)",b'class deps_desc'
gcc,../repos/gcc/input.c,"(39, 3)-(62, 4)",b'class line_info\n  {\n  public:\n    /* The line...'
gcc,../repos/gcc/tree-ssa-propagate.c,"(962, 9)-(962, 41)",b'class substitute_and_fold_engine'
gcc,../repos/gcc/tree-ssa-propagate.c,"(989, 5)-(989, 37)",b'class substitute_and_fold_engine'
gcc,../repos/gcc/reload.h,"(285, 3)-(285, 19)",b'class insn_chain'
gcc,../repos/gcc/reload.h,"(289, 3)-(289, 19)",b'class insn_chain'
gcc,../repos/gcc/gensupport.c,"(73, 3)-(73, 19)",b'class queue_elem'
gcc,../repos/gcc/gensupport.c,"(76, 3)-(76, 19)",b'class queue_elem'
gcc,../repos/gcc/rtl-ssa/functions.h,"(179, 3)-(179, 20)",b'class bb_phi_info'
gcc,../repos/gcc/rtl-ssa/functions.h,"(180, 3)-(180, 19)",b'class build_info'
gcc,../repos/gcc/rtl-ssa/functions.h,"(181, 3)-(181, 18)",b'class bb_walker'
gcc,../repos/gcc/ordered-hash-map.h,"(89, 3)-(153, 4)",b'class iterator\n  {\n  public:\n    explicit ite...'
gcc,../repos/gcc/cp/module.cc,"(338, 3)-(350, 4)",b'class allocator {\n  public:\n    /* Tools tend...'
gcc,../repos/gcc/genoutput.c,"(149, 3)-(149, 13)",b'class data'
