Repo name,File name,Location,Content
gcc,../repos/gcc/json.cc,"(29, 1)-(29, 22)",b'using namespace json;'
gcc,../repos/gcc/d/decl.cc,"(229, 3)-(229, 24)",b'using Visitor::visit;'
gcc,../repos/gcc/d/typeinfo.cc,"(344, 3)-(344, 24)",b'using Visitor::visit;'
gcc,../repos/gcc/d/typeinfo.cc,"(1307, 3)-(1307, 24)",b'using Visitor::visit;'
gcc,../repos/gcc/d/typeinfo.cc,"(1680, 3)-(1680, 24)",b'using Visitor::visit;'
gcc,../repos/gcc/d/types.cc,"(580, 3)-(580, 24)",b'using Visitor::visit;'
gcc,../repos/gcc/d/dmd/template.h,"(175, 5)-(175, 39)",b'using TemplateParameter::matchArg;'
gcc,../repos/gcc/d/dmd/template.h,"(214, 5)-(214, 39)",b'using TemplateParameter::matchArg;'
gcc,../repos/gcc/d/dmd/template.h,"(241, 5)-(241, 39)",b'using TemplateParameter::matchArg;'
gcc,../repos/gcc/d/toir.cc,"(250, 3)-(250, 24)",b'using Visitor::visit;'
gcc,../repos/gcc/d/expr.cc,"(222, 3)-(222, 24)",b'using Visitor::visit;'
gcc,../repos/gcc/d/imports.cc,"(40, 3)-(40, 24)",b'using Visitor::visit;'
gcc,../repos/gcc/gcov.c,"(55, 1)-(55, 21)",b'using namespace std;'
gcc,../repos/gcc/ipa-icf.c,"(93, 1)-(93, 32)",b'using namespace ipa_icf_gimple;'
gcc,../repos/gcc/int-vector-builder.h,"(39, 3)-(39, 28)",b'using parent::new_vector;'
gcc,../repos/gcc/symbol-summary.h,"(217, 3)-(217, 42)",b'using function_summary_base<T>::remove;'
gcc,../repos/gcc/symbol-summary.h,"(411, 3)-(411, 42)",b'using function_summary_base<T>::remove;'
gcc,../repos/gcc/symbol-summary.h,"(716, 3)-(716, 38)",b'using call_summary_base<T>::remove;'
gcc,../repos/gcc/symbol-summary.h,"(885, 3)-(885, 38)",b'using call_summary_base<T>::remove;'
gcc,../repos/gcc/function.c,"(5859, 3)-(5859, 35)",b'using namespace zero_regs_flags;'
gcc,../repos/gcc/function.c,"(6637, 3)-(6637, 35)",b'using namespace zero_regs_flags;'
gcc,../repos/gcc/fwprop.c,"(101, 1)-(101, 25)",b'using namespace rtl_ssa;'
gcc,../repos/gcc/config/aarch64/aarch64-cc-fusion.cc,"(75, 1)-(75, 25)",b'using namespace rtl_ssa;'
gcc,../repos/gcc/config/aarch64/aarch64-sve-builtins-base.cc,"(48, 1)-(48, 29)",b'using namespace aarch64_sve;'
gcc,../repos/gcc/config/aarch64/aarch64-sve-builtins.cc,"(3906, 1)-(3906, 29)",b'using namespace aarch64_sve;'
gcc,../repos/gcc/config/aarch64/aarch64-sve-builtins-sve2.cc,"(49, 1)-(49, 29)",b'using namespace aarch64_sve;'
gcc,../repos/gcc/config/nds32/nds32-relax-opt.c,"(55, 1)-(55, 23)",b'using namespace nds32;'
gcc,../repos/gcc/config/nds32/nds32-pipelines-auxiliary.c,"(461, 1)-(461, 23)",b'using namespace nds32;'
gcc,../repos/gcc/config/nds32/nds32-pipelines-auxiliary.c,"(462, 1)-(462, 35)",b'using namespace nds32::scheduling;'
gcc,../repos/gcc/analyzer/region-model.h,"(32, 1)-(32, 21)",b'using namespace ana;'
gcc,../repos/gcc/analyzer/region-model.h,"(837, 1)-(837, 28)",b'using namespace ::selftest;'
gcc,../repos/gcc/analyzer/supergraph.h,"(24, 1)-(24, 21)",b'using namespace ana;'
gcc,../repos/gcc/analyzer/svalue.h,"(26, 1)-(26, 21)",b'using namespace ana;'
gcc,../repos/gcc/passes.c,"(67, 1)-(67, 21)",b'using namespace gcc;'
gcc,../repos/gcc/tree-switch-conversion.c,"(60, 1)-(60, 40)",b'using namespace tree_switch_conversion;'
gcc,../repos/gcc/rtl-ssa/accesses.h,"(270, 3)-(270, 46)",b'using obstack_watermark::obstack_watermark;'
gcc,../repos/gcc/rtl-ssa/accesses.h,"(959, 3)-(959, 24)",b'using parent::parent;'
gcc,../repos/gcc/rtl-ssa/functions.cc,"(32, 1)-(32, 25)",b'using namespace rtl_ssa;'
gcc,../repos/gcc/rtl-ssa/changes.cc,"(38, 1)-(38, 25)",b'using namespace rtl_ssa;'
gcc,../repos/gcc/rtl-ssa/accesses.cc,"(32, 1)-(32, 25)",b'using namespace rtl_ssa;'
gcc,../repos/gcc/rtl-ssa/blocks.cc,"(36, 1)-(36, 25)",b'using namespace rtl_ssa;'
gcc,../repos/gcc/rtl-ssa/insns.cc,"(35, 1)-(35, 25)",b'using namespace rtl_ssa;'
gcc,../repos/gcc/iterator-utils.h,"(181, 3)-(181, 24)",b'using parent::parent;'
gcc,../repos/gcc/splay-tree-utils.h,"(68, 3)-(68, 34)",b'using typename Base::node_type;'
gcc,../repos/gcc/splay-tree-utils.h,"(80, 3)-(80, 34)",b'using typename Base::node_type;'
gcc,../repos/gcc/splay-tree-utils.h,"(108, 3)-(108, 39)",b'using typename Accessors::node_type;'
gcc,../repos/gcc/splay-tree-utils.h,"(123, 3)-(123, 31)",b'using Accessors::set_parent;'
gcc,../repos/gcc/splay-tree-utils.h,"(151, 3)-(151, 39)",b'using typename Accessors::node_type;'
gcc,../repos/gcc/splay-tree-utils.h,"(330, 3)-(330, 23)",b'using parent::print;'
gcc,../repos/gcc/splay-tree-utils.h,"(338, 3)-(338, 27)",b'using parent::get_child;'
gcc,../repos/gcc/splay-tree-utils.h,"(339, 3)-(339, 27)",b'using parent::set_child;'
gcc,../repos/gcc/splay-tree-utils.h,"(340, 3)-(340, 31)",b'using parent::promote_child;'
gcc,../repos/gcc/splay-tree-utils.h,"(342, 3)-(342, 28)",b'using parent::set_parent;'
gcc,../repos/gcc/splay-tree-utils.h,"(412, 3)-(412, 39)",b'using typename Accessors::node_type;'
gcc,../repos/gcc/splay-tree-utils.h,"(464, 3)-(464, 27)",b'using parent::get_child;'
gcc,../repos/gcc/splay-tree-utils.h,"(465, 3)-(465, 27)",b'using parent::set_child;'
gcc,../repos/gcc/splay-tree-utils.h,"(466, 3)-(466, 31)",b'using parent::promote_child;'
gcc,../repos/gcc/splay-tree-utils.h,"(469, 3)-(469, 28)",b'using parent::set_parent;'
gcc,../repos/gcc/cp/cp-tree.h,"(1939, 1)-(1939, 28)",b'using std::type_identity_t;'
gcc,../repos/gcc/cp/module.cc,"(1474, 3)-(1474, 25)",b'using allocator::grow;'
gcc,../repos/gcc/cp/module.cc,"(1477, 3)-(1477, 27)",b'using allocator::shrink;'
gcc,../repos/gcc/gimple-if-to-switch.cc,"(58, 1)-(58, 40)",b'using namespace tree_switch_conversion;'
gcc,../repos/gcc/opts-jobserver.h,"(25, 1)-(25, 21)",b'using namespace std;'
