Repo name,File name,Location,Content
gcc,../repos/gcc/df.h,"(1249, 3)-(1249, 79)",b'friend bool unionfind_union (web_entry_base *...'
gcc,../repos/gcc/go/gofrontend/statements.h,"(2013, 3)-(2013, 28)",b'friend class Case_clause;'
gcc,../repos/gcc/go/gofrontend/statements.h,"(2183, 3)-(2183, 33)",b'friend class Type_case_clause;'
gcc,../repos/gcc/go/gofrontend/expressions.h,"(560, 3)-(560, 29)",b'friend class Set_location;'
gcc,../repos/gcc/hash-table.h,"(514, 24)-(514, 64)",b'friend void gt_ggc_mx (hash_table<T> *);'
gcc,../repos/gcc/hash-table.h,"(515, 24)-(515, 64)",b'friend void gt_pch_nx (hash_table<T> *);'
gcc,../repos/gcc/hash-table.h,"(516, 24)-(517, 79)",b'friend void\n    hashtab_entry_note_pointers (...'
gcc,../repos/gcc/hash-table.h,"(518, 48)-(519, 64)","b'friend void\n  gt_pch_nx (hash_map<T, U, V> *,...'"
gcc,../repos/gcc/hash-table.h,"(521, 3)-(521, 80)","b'friend void gt_pch_nx (hash_set<T, false, U> ...'"
gcc,../repos/gcc/hash-table.h,"(522, 24)-(523, 41)","b'friend void gt_pch_nx (hash_table<T> *,\n\t\t\t\t\t...'"
gcc,../repos/gcc/hash-table.h,"(525, 24)-(525, 70)",b'friend void gt_cleare_cache (hash_table<T> *);'
gcc,../repos/gcc/int-vector-builder.h,"(33, 3)-(33, 67)","b'friend class vector_builder<T, poly_uint64, i...'"
gcc,../repos/gcc/optinfo.h,"(95, 3)-(95, 29)",b'friend class dump_context;'
gcc,../repos/gcc/symbol-summary.h,"(261, 25)-(261, 82)",b'friend void gt_ggc_mx (function_summary <U *>...'
gcc,../repos/gcc/symbol-summary.h,"(262, 25)-(262, 82)",b'friend void gt_pch_nx (function_summary <U *>...'
gcc,../repos/gcc/symbol-summary.h,"(263, 25)-(264, 36)",b'friend void gt_pch_nx (function_summary <U *>...'
gcc,../repos/gcc/symbol-summary.h,"(447, 25)-(447, 94)",b'friend void gt_ggc_mx (fast_function_summary ...'
gcc,../repos/gcc/symbol-summary.h,"(448, 25)-(448, 94)",b'friend void gt_pch_nx (fast_function_summary ...'
gcc,../repos/gcc/symbol-summary.h,"(449, 25)-(450, 36)",b'friend void gt_pch_nx (fast_function_summary ...'
gcc,../repos/gcc/symbol-summary.h,"(757, 25)-(757, 78)",b'friend void gt_ggc_mx (call_summary <U *> * c...'
gcc,../repos/gcc/symbol-summary.h,"(758, 25)-(758, 78)",b'friend void gt_pch_nx (call_summary <U *> * c...'
gcc,../repos/gcc/symbol-summary.h,"(759, 25)-(760, 36)",b'friend void gt_pch_nx (call_summary <U *> * c...'
gcc,../repos/gcc/symbol-summary.h,"(918, 25)-(918, 90)",b'friend void gt_ggc_mx (fast_call_summary <U *...'
gcc,../repos/gcc/symbol-summary.h,"(919, 25)-(919, 90)",b'friend void gt_pch_nx (fast_call_summary <U *...'
gcc,../repos/gcc/symbol-summary.h,"(920, 25)-(921, 36)",b'friend void gt_pch_nx (fast_call_summary <U *...'
gcc,../repos/gcc/gengtype-state.c,"(194, 3)-(194, 52)",b'friend void write_state (const char *state_path);'
gcc,../repos/gcc/hash-map.h,"(294, 48)-(294, 92)","b'friend void gt_pch_nx (hash_map<T, U, V> *);'"
gcc,../repos/gcc/hash-map.h,"(295, 48)-(295, 121)","b'friend void gt_pch_nx (hash_map<T, U, V> *, g...'"
gcc,../repos/gcc/hash-map.h,"(296, 48)-(296, 98)","b'friend void gt_cleare_cache (hash_map<T, U, V> *);'"
gcc,../repos/gcc/rtx-vector-builder.h,"(31, 3)-(31, 70)","b'friend class vector_builder<rtx, machine_mode...'"
gcc,../repos/gcc/fibonacci_heap.h,"(54, 3)-(54, 36)","b'friend class fibonacci_heap<K,V>;'"
gcc,../repos/gcc/fibonacci_heap.h,"(145, 3)-(145, 36)","b'friend class fibonacci_node<K,V>;'"
gcc,../repos/gcc/vec.h,"(208, 43)-(208, 61)",b'friend struct vec;'
gcc,../repos/gcc/vec.h,"(211, 3)-(211, 23)",b'friend struct va_gc;'
gcc,../repos/gcc/vec.h,"(212, 3)-(212, 30)",b'friend struct va_gc_atomic;'
gcc,../repos/gcc/vec.h,"(213, 3)-(213, 25)",b'friend struct va_heap;'
gcc,../repos/gcc/vec.h,"(626, 43)-(626, 61)",b'friend struct vec;'
gcc,../repos/gcc/vec.h,"(2153, 29)-(2153, 54)",b'friend class array_slice;'
gcc,../repos/gcc/gimple-array-bounds.h,"(25, 3)-(25, 46)",b'friend class check_array_bounds_dom_walker;'
gcc,../repos/gcc/hash-set.h,"(142, 3)-(142, 51)","b'friend void gt_ggc_mx (hash_set<T, false, U> *);'"
gcc,../repos/gcc/hash-set.h,"(144, 3)-(144, 51)","b'friend void gt_pch_nx (hash_set<T, false, U> *);'"
gcc,../repos/gcc/hash-set.h,"(146, 3)-(146, 80)","b'friend void gt_pch_nx (hash_set<T, false, U> ...'"
gcc,../repos/gcc/value-range.h,"(46, 3)-(46, 33)",b'friend class irange_allocator;'
gcc,../repos/gcc/value-range.h,"(155, 25)-(155, 64)",b'friend void gt_pch_nx (int_range<X> *);'
gcc,../repos/gcc/value-range.h,"(156, 25)-(157, 42)","b'friend void gt_pch_nx (int_range<X> *,\n\t\t\t\t\t ...'"
gcc,../repos/gcc/analyzer/store.h,"(507, 3)-(507, 22)",b'friend class store;'
gcc,../repos/gcc/analyzer/engine.cc,"(4320, 3)-(4320, 30)",b'friend class viz_callgraph;'
gcc,../repos/gcc/dumpfile.h,"(756, 3)-(756, 45)",b'friend bool ::enable_rtl_dump_file (void);'
gcc,../repos/gcc/dumpfile.h,"(759, 3)-(759, 52)",b'friend int ::opt_info_switch_p (const char *arg);'
gcc,../repos/gcc/ipa-fnsummary.h,"(385, 3)-(385, 34)",b'friend ipa_cached_call_context;'
gcc,../repos/gcc/dump-context.h,"(45, 3)-(45, 44)",b'friend class selftest::temp_dump_context;'
gcc,../repos/gcc/dump-context.h,"(46, 3)-(46, 35)",b'friend class debug_dump_context;'
gcc,../repos/gcc/graphite-scop-detection.c,"(66, 3)-(71, 4)",b'friend debug_printer &\n  operator<< (debug_pr...'
gcc,../repos/gcc/graphite-scop-detection.c,"(72, 3)-(77, 4)",b'friend debug_printer &\n  operator<< (debug_pr...'
gcc,../repos/gcc/timevar.h,"(205, 3)-(205, 28)",b'friend class named_items;'
gcc,../repos/gcc/jit/jit-recording.h,"(1347, 3)-(1347, 25)",b'friend class function;'
gcc,../repos/gcc/jit/docs/examples/tut04-toyvm/toyvm.cc,"(141, 3)-(141, 35)",b'friend struct compilation_state;'
gcc,../repos/gcc/jit/docs/examples/tut04-toyvm/toyvm.cc,"(159, 3)-(159, 63)",b'friend int toyvm_function::interpret (int arg...'
gcc,../repos/gcc/jit/jit-dejagnu.h,"(328, 5)-(331, 8)",b'friend std::ostream & operator << (std::ostre...'
gcc,../repos/gcc/jit/jit-playback.h,"(614, 3)-(614, 25)",b'friend class function;'
gcc,../repos/gcc/rtl-ssa/accesses.h,"(118, 3)-(118, 30)",b'friend class function_info;'
gcc,../repos/gcc/rtl-ssa/accesses.h,"(290, 3)-(290, 25)",b'friend class set_info;'
gcc,../repos/gcc/rtl-ssa/accesses.h,"(291, 3)-(291, 30)",b'friend class function_info;'
gcc,../repos/gcc/rtl-ssa/accesses.h,"(480, 3)-(480, 30)",b'friend class function_info;'
gcc,../repos/gcc/rtl-ssa/accesses.h,"(481, 3)-(481, 30)",b'friend class clobber_group;'
gcc,../repos/gcc/rtl-ssa/accesses.h,"(565, 3)-(565, 61)",b'friend class default_splay_tree_accessors<clo...'
gcc,../repos/gcc/rtl-ssa/accesses.h,"(566, 3)-(566, 73)",b'friend class default_splay_tree_accessors_wit...'
gcc,../repos/gcc/rtl-ssa/accesses.h,"(567, 3)-(567, 30)",b'friend class function_info;'
gcc,../repos/gcc/rtl-ssa/accesses.h,"(568, 3)-(568, 30)",b'friend class clobber_group;'
gcc,../repos/gcc/rtl-ssa/accesses.h,"(670, 3)-(670, 30)",b'friend class function_info;'
gcc,../repos/gcc/rtl-ssa/accesses.h,"(786, 3)-(786, 30)",b'friend class function_info;'
gcc,../repos/gcc/rtl-ssa/accesses.h,"(853, 3)-(853, 30)",b'friend class function_info;'
gcc,../repos/gcc/rtl-ssa/accesses.h,"(854, 3)-(854, 57)",b'friend class default_splay_tree_accessors<def...'
gcc,../repos/gcc/rtl-ssa/accesses.h,"(885, 3)-(885, 30)",b'friend class function_info;'
gcc,../repos/gcc/rtl-ssa/accesses.h,"(904, 3)-(904, 30)",b'friend class function_info;'
gcc,../repos/gcc/rtl-ssa/insns.h,"(38, 3)-(38, 26)",b'friend class insn_info;'
gcc,../repos/gcc/rtl-ssa/insns.h,"(39, 3)-(39, 30)",b'friend class function_info;'
gcc,../repos/gcc/rtl-ssa/insns.h,"(84, 3)-(84, 30)",b'friend class function_info;'
gcc,../repos/gcc/rtl-ssa/insns.h,"(85, 3)-(85, 72)",b'friend class default_splay_tree_accessors<ins...'
gcc,../repos/gcc/rtl-ssa/insns.h,"(145, 3)-(145, 25)",b'friend class ebb_info;'
gcc,../repos/gcc/rtl-ssa/insns.h,"(146, 3)-(146, 30)",b'friend class function_info;'
gcc,../repos/gcc/rtl-ssa/blocks.h,"(45, 3)-(45, 30)",b'friend class function_info;'
gcc,../repos/gcc/rtl-ssa/blocks.h,"(154, 3)-(154, 30)",b'friend class function_info;'
gcc,../repos/gcc/rtl-ssa/blocks.h,"(200, 3)-(200, 30)",b'friend class function_info;'
gcc,../repos/gcc/tree-vector-builder.h,"(31, 3)-(31, 64)","b'friend class vector_builder<tree, tree, tree_...'"
gcc,../repos/gcc/splay-tree-utils.h,"(369, 3)-(369, 64)",b'friend class default_splay_tree_accessors<spl...'
gcc,../repos/gcc/tree-ssa-loop-ivopts.c,"(219, 3)-(219, 65)","b'friend comp_cost operator+ (comp_cost cost1, ...'"
gcc,../repos/gcc/tree-ssa-loop-ivopts.c,"(237, 3)-(237, 65)","b'friend comp_cost operator- (comp_cost cost1, ...'"
gcc,../repos/gcc/tree-ssa-loop-ivopts.c,"(243, 3)-(243, 60)","b'friend bool operator< (comp_cost cost1, comp_...'"
gcc,../repos/gcc/tree-ssa-loop-ivopts.c,"(246, 3)-(246, 61)","b'friend bool operator== (comp_cost cost1, comp...'"
gcc,../repos/gcc/tree-ssa-loop-ivopts.c,"(249, 3)-(249, 61)","b'friend bool operator<= (comp_cost cost1, comp...'"
