Repo name,File name,Location,Content
gcc,../repos/gcc/splay-tree-utils.cc,"(71, 18)-(74, 6)",b'[&](splay_tree_node<int> *node)\n    {\n      r...'
gcc,../repos/gcc/splay-tree-utils.cc,"(82, 33)-(85, 6)",b'[&](splay_tree_node<int> *node)\n    {\n      r...'
gcc,../repos/gcc/splay-tree-utils.cc,"(86, 32)-(89, 6)",b'[&](splay_tree_node<int> *node)\n    {\n      r...'
gcc,../repos/gcc/splay-tree-utils.cc,"(98, 21)-(101, 6)","b'[](pretty_printer *pp, splay_tree_node<int> *...'"
gcc,../repos/gcc/splay-tree-utils.cc,"(165, 22)-(168, 3)",b'[&](splay_tree_node<int> *other_node)\n\t{\n\t  r...'
gcc,../repos/gcc/ira.c,"(5611, 42)-(5617, 4)",b'[]() {\n    regstat_free_n_sets_and_refs ();\n ...'
gcc,../repos/gcc/attribs.c,"(1411, 20)-(1414, 6)","b'[value](const_tree, const attribute_spec *as)...'"
gcc,../repos/gcc/attribs.c,"(1424, 20)-(1437, 6)","b'[ok_attrs](const_tree attr,\n\t\t\t      const at...'"
gcc,../repos/gcc/config/aarch64/aarch64.c,"(25627, 21)-(25634, 4)",b'[&](const char *name) {\n    tree attr1 = look...'
gcc,../repos/gcc/config/rs6000/rs6000.c,"(28125, 38)-(28139, 4)",b'[](tree type)\n  {\n    tree mv = TYPE_MAIN_VAR...'
gcc,../repos/gcc/config/s390/s390-c.c,"(358, 7)-(358, 79)",b'[] (const struct cl_target_option *opts) { re...'
gcc,../repos/gcc/rtlanal.h,"(260, 11)-(260, 54)","b'[&]() { this->try_to_add_dest (x, flags); }'"
gcc,../repos/gcc/rtlanal.h,"(267, 11)-(267, 53)","b'[&]() { this->try_to_add_src (x, flags); }'"
gcc,../repos/gcc/rtlanal.h,"(274, 11)-(274, 52)",b'[&]() { this->try_to_add_pattern (pat); }'
gcc,../repos/gcc/rtlanal.h,"(281, 11)-(281, 47)",b'[&]() { this->try_to_add_note (x); }'
gcc,../repos/gcc/rtlanal.h,"(288, 11)-(288, 65)","b'[&]() { this->try_to_add_insn (insn, include_...'"
gcc,../repos/gcc/tree-vect-stmts.c,"(1729, 29)-(1735, 4)","b'[] (poly_uint64 size, poly_uint64 nunits)\n  {...'"
gcc,../repos/gcc/expr.c,"(3837, 29)-(3843, 4)",b'[&](rtx subreg) {\n    return (REG_P (SUBREG_R...'
gcc,../repos/gcc/expr.c,"(3845, 26)-(3854, 4)","b'[&](machine_mode innermode, rtx mem) {\n    re...'"
gcc,../repos/gcc/rtl-ssa/changes.cc,"(286, 31)-(312, 6)",b'[&]()\n    {\n      // If an instruction became...'
gcc,../repos/gcc/rtl-ssa/accesses.cc,"(46, 21)-(49, 6)","b'[](clobber_info *node, unsigned int)\n    {\n  ...'"
gcc,../repos/gcc/rtl-ssa/accesses.cc,"(178, 25)-(185, 6)",b'[](use_info *use)\n    {\n      if (use->is_in_...'
gcc,../repos/gcc/rtl-ssa/accesses.cc,"(320, 24)-(325, 3)","b'[](pretty_printer *pp,\n\t\t\t  splay_tree_node<u...'"
gcc,../repos/gcc/rtl-ssa/accesses.cc,"(422, 24)-(425, 6)","b'[](pretty_printer *pp, const def_info *clobbe...'"
gcc,../repos/gcc/rtl-ssa/accesses.cc,"(528, 18)-(531, 6)",b'[&](def_node *node)\n    {\n      return *insn ...'
gcc,../repos/gcc/rtl-ssa/accesses.cc,"(532, 19)-(535, 6)",b'[&](def_node *node)\n    {\n      return *insn ...'
gcc,../repos/gcc/rtl-ssa/accesses.cc,"(547, 18)-(550, 6)",b'[&](clobber_info *clobber)\n    {\n      return...'
gcc,../repos/gcc/rtl-ssa/accesses.cc,"(1072, 18)-(1075, 6)",b'[&](splay_tree_node<use_info *> *node)\n    {\n...'
gcc,../repos/gcc/rtl-ssa/accesses.cc,"(1186, 21)-(1214, 6)",b'[&]()\n    {\n      // Check if USE should come...'
gcc,../repos/gcc/rtl-ssa/blocks.cc,"(169, 21)-(179, 6)","b'[pp](const char *header, const insn_info *ins...'"
gcc,../repos/gcc/rtl-ssa/blocks.cc,"(236, 21)-(243, 6)","b'[](pretty_printer *pp,\n\t\t       const insn_ca...'"
gcc,../repos/gcc/rtl-ssa/blocks.cc,"(425, 21)-(430, 6)",b'[&](use_info *use)\n    {\n      remove_use (us...'
gcc,../repos/gcc/rtl-ssa/blocks.cc,"(966, 31)-(976, 6)",b'[&](bitmap live_out)\n    {\n      unsigned int...'
gcc,../repos/gcc/rtl-ssa/change-utils.h,"(107, 28)-(110, 6)","b'[&](insn_change &change, unsigned int regno)\n...'"
gcc,../repos/gcc/rtl-ssa/insns.cc,"(158, 28)-(163, 7)","b""[&]()\n\t    {\n\t      pp_character (pp, '+');\n\t..."""
gcc,../repos/gcc/rtl-ssa/insns.cc,"(199, 25)-(210, 6)","b'[&](const char *heading, access_array accesse...'"
gcc,../repos/gcc/rtl-ssa/insns.cc,"(237, 26)-(240, 3)","b'[](pretty_printer *pp, order_node *node)\n\t{\n\t...'"
gcc,../repos/gcc/rtl-ssa/insns.cc,"(465, 29)-(495, 3)",b'[&]()\n\t{\n\t  // Memmory always has a valid def...'
gcc,../repos/gcc/rtl-ssa/insns.cc,"(680, 31)-(700, 6)",b'[&](rtx pattern)\n    {\n      if (GET_CODE (pa...'
gcc,../repos/gcc/rtl-ssa/insns.cc,"(718, 18)-(721, 6)",b'[&](insn_call_clobbers_note *clobbers)\n    {\n...'
gcc,../repos/gcc/builtins.c,"(205, 17)-(205, 40)",b'[](tree x){ return x; }'
gcc,../repos/gcc/cp/pt.c,"(20092, 15)-(20099, 3)",b'[](tree t) {\n\t  ++processing_template_decl;\n\t...'
gcc,../repos/gcc/cp/init.c,"(2602, 14)-(2602, 63)",b'[](tree x){ return fold_non_dependent_expr (x); }'
gcc,../repos/gcc/cp/name-lookup.c,"(7390, 18)-(7394, 5)","b'[] (const void *a_, const void *b_)\n\t\t {\n\t\t  ...'"
