Repo name,File name,Location,Content
gcc,../repos/gcc/go/gofrontend/escape.cc,"(10, 10)-(10, 17)",b'#include <stack>\n'
gcc,../repos/gcc/go/go-system.h,"(35, 10)-(35, 16)",b'#include <list>\n'
gcc,../repos/gcc/go/go-system.h,"(36, 10)-(36, 15)",b'#include <map>\n'
gcc,../repos/gcc/go/go-system.h,"(37, 10)-(37, 15)",b'#include <set>\n'
gcc,../repos/gcc/go/go-system.h,"(38, 10)-(38, 18)",b'#include <vector>\n'
gcc,../repos/gcc/go/go-system.h,"(43, 11)-(43, 26)",b'# include <unordered_map>\n'
gcc,../repos/gcc/go/go-system.h,"(44, 11)-(44, 26)",b'# include <unordered_set>\n'
gcc,../repos/gcc/system.h,"(224, 11)-(224, 17)",b'# include <list>\n'
gcc,../repos/gcc/system.h,"(227, 11)-(227, 16)",b'# include <map>\n'
gcc,../repos/gcc/system.h,"(230, 11)-(230, 16)",b'# include <set>\n'
gcc,../repos/gcc/system.h,"(233, 11)-(233, 19)",b'# include <vector>\n'
gcc,../repos/gcc/system.h,"(236, 11)-(236, 18)",b'# include <array>\n'
gcc,../repos/gcc/config/tilepro/gen-mul-tables.cc,"(60, 10)-(60, 15)",b'#include <map>\n'
gcc,../repos/gcc/jit/libgccjit++.h,"(27, 10)-(27, 18)",b'#include <vector>\n'
gcc,../repos/gcc/brig/brigfrontend/brig-to-generic.h,"(26, 10)-(26, 15)",b'#include <map>\n'
gcc,../repos/gcc/brig/brigfrontend/brig-to-generic.h,"(27, 10)-(27, 18)",b'#include <vector>\n'
gcc,../repos/gcc/brig/brigfrontend/brig-code-entry-handler.h,"(27, 10)-(27, 15)",b'#include <map>\n'
gcc,../repos/gcc/brig/brigfrontend/brig-code-entry-handler.h,"(28, 10)-(28, 18)",b'#include <vector>\n'
gcc,../repos/gcc/brig/brigfrontend/brig-function.h,"(35, 10)-(35, 15)",b'#include <map>\n'
gcc,../repos/gcc/brig/brigfrontend/brig-function.h,"(37, 10)-(37, 18)",b'#include <vector>\n'
gcc,../repos/gcc/brig/brigfrontend/brig-function.h,"(38, 10)-(38, 15)",b'#include <set>\n'
gcc,../repos/gcc/brig/brigfrontend/brig-util.h,"(25, 10)-(25, 15)",b'#include <map>\n'
gcc,../repos/gcc/brig/brigfrontend/brig-util.h,"(26, 10)-(26, 18)",b'#include <vector>\n'
