Repo name,File name,Location,Content
gcc,../repos/gcc/obstack-utils.h,"(72, 3)-(72, 12)",b'constexpr obstack_watermark (obstack_watermar...'
gcc,../repos/gcc/attribs.h,"(284, 10)-(284, 19)","b""static constexpr char mode_chars[5] = { '-', ..."""
gcc,../repos/gcc/attribs.h,"(287, 10)-(287, 19)",b'static constexpr char mode_names[4][11] =\n   ...'
gcc,../repos/gcc/attribs.c,"(2351, 1)-(2351, 10)",b'constexpr char attr_access::mode_chars[];'
gcc,../repos/gcc/attribs.c,"(2352, 1)-(2352, 10)",b'constexpr char attr_access::mode_names[][11];'
gcc,../repos/gcc/config/i386/i386.h,"(255, 3)-(255, 8)",b'const struct stringop_strategy {\n    /* Sever...'
gcc,../repos/gcc/config/i386/i386.h,"(261, 5)-(261, 14)",b'constexpr\n    stringop_strategy (int _max = -...'
gcc,../repos/gcc/config/i386/i386.h,"(2429, 1)-(2429, 10)",b'constexpr wide_int_bitmask PTA_3DNOW (HOST_WI...'
gcc,../repos/gcc/config/i386/i386.h,"(2430, 1)-(2430, 10)",b'constexpr wide_int_bitmask PTA_3DNOW_A (HOST_...'
gcc,../repos/gcc/config/i386/i386.h,"(2431, 1)-(2431, 10)",b'constexpr wide_int_bitmask PTA_64BIT (HOST_WI...'
gcc,../repos/gcc/config/i386/i386.h,"(2432, 1)-(2432, 10)",b'constexpr wide_int_bitmask PTA_ABM (HOST_WIDE...'
gcc,../repos/gcc/config/i386/i386.h,"(2433, 1)-(2433, 10)",b'constexpr wide_int_bitmask PTA_AES (HOST_WIDE...'
gcc,../repos/gcc/config/i386/i386.h,"(2434, 1)-(2434, 10)",b'constexpr wide_int_bitmask PTA_AVX (HOST_WIDE...'
gcc,../repos/gcc/config/i386/i386.h,"(2435, 1)-(2435, 10)",b'constexpr wide_int_bitmask PTA_BMI (HOST_WIDE...'
gcc,../repos/gcc/config/i386/i386.h,"(2436, 1)-(2436, 10)",b'constexpr wide_int_bitmask PTA_CX16 (HOST_WID...'
gcc,../repos/gcc/config/i386/i386.h,"(2437, 1)-(2437, 10)",b'constexpr wide_int_bitmask PTA_F16C (HOST_WID...'
gcc,../repos/gcc/config/i386/i386.h,"(2438, 1)-(2438, 10)",b'constexpr wide_int_bitmask PTA_FMA (HOST_WIDE...'
gcc,../repos/gcc/config/i386/i386.h,"(2439, 1)-(2439, 10)",b'constexpr wide_int_bitmask PTA_FMA4 (HOST_WID...'
gcc,../repos/gcc/config/i386/i386.h,"(2440, 1)-(2440, 10)",b'constexpr wide_int_bitmask PTA_FSGSBASE (HOST...'
gcc,../repos/gcc/config/i386/i386.h,"(2441, 1)-(2441, 10)",b'constexpr wide_int_bitmask PTA_LWP (HOST_WIDE...'
gcc,../repos/gcc/config/i386/i386.h,"(2442, 1)-(2442, 10)",b'constexpr wide_int_bitmask PTA_LZCNT (HOST_WI...'
gcc,../repos/gcc/config/i386/i386.h,"(2443, 1)-(2443, 10)",b'constexpr wide_int_bitmask PTA_MMX (HOST_WIDE...'
gcc,../repos/gcc/config/i386/i386.h,"(2444, 1)-(2444, 10)",b'constexpr wide_int_bitmask PTA_MOVBE (HOST_WI...'
gcc,../repos/gcc/config/i386/i386.h,"(2445, 1)-(2445, 10)",b'constexpr wide_int_bitmask PTA_NO_SAHF (HOST_...'
gcc,../repos/gcc/config/i386/i386.h,"(2446, 1)-(2446, 10)",b'constexpr wide_int_bitmask PTA_PCLMUL (HOST_W...'
gcc,../repos/gcc/config/i386/i386.h,"(2447, 1)-(2447, 10)",b'constexpr wide_int_bitmask PTA_POPCNT (HOST_W...'
gcc,../repos/gcc/config/i386/i386.h,"(2448, 1)-(2448, 10)",b'constexpr wide_int_bitmask PTA_PREFETCH_SSE (...'
gcc,../repos/gcc/config/i386/i386.h,"(2449, 1)-(2449, 10)",b'constexpr wide_int_bitmask PTA_RDRND (HOST_WI...'
gcc,../repos/gcc/config/i386/i386.h,"(2450, 1)-(2450, 10)",b'constexpr wide_int_bitmask PTA_SSE (HOST_WIDE...'
gcc,../repos/gcc/config/i386/i386.h,"(2451, 1)-(2451, 10)",b'constexpr wide_int_bitmask PTA_SSE2 (HOST_WID...'
gcc,../repos/gcc/config/i386/i386.h,"(2452, 1)-(2452, 10)",b'constexpr wide_int_bitmask PTA_SSE3 (HOST_WID...'
gcc,../repos/gcc/config/i386/i386.h,"(2453, 1)-(2453, 10)",b'constexpr wide_int_bitmask PTA_SSE4_1 (HOST_W...'
gcc,../repos/gcc/config/i386/i386.h,"(2454, 1)-(2454, 10)",b'constexpr wide_int_bitmask PTA_SSE4_2 (HOST_W...'
gcc,../repos/gcc/config/i386/i386.h,"(2455, 1)-(2455, 10)",b'constexpr wide_int_bitmask PTA_SSE4A (HOST_WI...'
gcc,../repos/gcc/config/i386/i386.h,"(2456, 1)-(2456, 10)",b'constexpr wide_int_bitmask PTA_SSSE3 (HOST_WI...'
gcc,../repos/gcc/config/i386/i386.h,"(2457, 1)-(2457, 10)",b'constexpr wide_int_bitmask PTA_TBM (HOST_WIDE...'
gcc,../repos/gcc/config/i386/i386.h,"(2458, 1)-(2458, 10)",b'constexpr wide_int_bitmask PTA_XOP (HOST_WIDE...'
gcc,../repos/gcc/config/i386/i386.h,"(2459, 1)-(2459, 10)",b'constexpr wide_int_bitmask PTA_AVX2 (HOST_WID...'
gcc,../repos/gcc/config/i386/i386.h,"(2460, 1)-(2460, 10)",b'constexpr wide_int_bitmask PTA_BMI2 (HOST_WID...'
gcc,../repos/gcc/config/i386/i386.h,"(2461, 1)-(2461, 10)",b'constexpr wide_int_bitmask PTA_RTM (HOST_WIDE...'
gcc,../repos/gcc/config/i386/i386.h,"(2462, 1)-(2462, 10)",b'constexpr wide_int_bitmask PTA_HLE (HOST_WIDE...'
gcc,../repos/gcc/config/i386/i386.h,"(2463, 1)-(2463, 10)",b'constexpr wide_int_bitmask PTA_PRFCHW (HOST_W...'
gcc,../repos/gcc/config/i386/i386.h,"(2464, 1)-(2464, 10)",b'constexpr wide_int_bitmask PTA_RDSEED (HOST_W...'
gcc,../repos/gcc/config/i386/i386.h,"(2465, 1)-(2465, 10)",b'constexpr wide_int_bitmask PTA_ADX (HOST_WIDE...'
gcc,../repos/gcc/config/i386/i386.h,"(2466, 1)-(2466, 10)",b'constexpr wide_int_bitmask PTA_FXSR (HOST_WID...'
gcc,../repos/gcc/config/i386/i386.h,"(2467, 1)-(2467, 10)",b'constexpr wide_int_bitmask PTA_XSAVE (HOST_WI...'
gcc,../repos/gcc/config/i386/i386.h,"(2468, 1)-(2468, 10)",b'constexpr wide_int_bitmask PTA_XSAVEOPT (HOST...'
gcc,../repos/gcc/config/i386/i386.h,"(2469, 1)-(2469, 10)",b'constexpr wide_int_bitmask PTA_AVX512F (HOST_...'
gcc,../repos/gcc/config/i386/i386.h,"(2470, 1)-(2470, 10)",b'constexpr wide_int_bitmask PTA_AVX512ER (HOST...'
gcc,../repos/gcc/config/i386/i386.h,"(2471, 1)-(2471, 10)",b'constexpr wide_int_bitmask PTA_AVX512PF (HOST...'
gcc,../repos/gcc/config/i386/i386.h,"(2472, 1)-(2472, 10)",b'constexpr wide_int_bitmask PTA_AVX512CD (HOST...'
gcc,../repos/gcc/config/i386/i386.h,"(2473, 1)-(2473, 10)",b'constexpr wide_int_bitmask PTA_NO_TUNE (HOST_...'
gcc,../repos/gcc/config/i386/i386.h,"(2474, 1)-(2474, 10)",b'constexpr wide_int_bitmask PTA_SHA (HOST_WIDE...'
gcc,../repos/gcc/config/i386/i386.h,"(2475, 1)-(2475, 10)",b'constexpr wide_int_bitmask PTA_PREFETCHWT1 (H...'
gcc,../repos/gcc/config/i386/i386.h,"(2476, 1)-(2476, 10)",b'constexpr wide_int_bitmask PTA_CLFLUSHOPT (HO...'
gcc,../repos/gcc/config/i386/i386.h,"(2477, 1)-(2477, 10)",b'constexpr wide_int_bitmask PTA_XSAVEC (HOST_W...'
gcc,../repos/gcc/config/i386/i386.h,"(2478, 1)-(2478, 10)",b'constexpr wide_int_bitmask PTA_XSAVES (HOST_W...'
gcc,../repos/gcc/config/i386/i386.h,"(2479, 1)-(2479, 10)",b'constexpr wide_int_bitmask PTA_AVX512DQ (HOST...'
gcc,../repos/gcc/config/i386/i386.h,"(2480, 1)-(2480, 10)",b'constexpr wide_int_bitmask PTA_AVX512BW (HOST...'
gcc,../repos/gcc/config/i386/i386.h,"(2481, 1)-(2481, 10)",b'constexpr wide_int_bitmask PTA_AVX512VL (HOST...'
gcc,../repos/gcc/config/i386/i386.h,"(2482, 1)-(2482, 10)",b'constexpr wide_int_bitmask PTA_AVX512IFMA (HO...'
gcc,../repos/gcc/config/i386/i386.h,"(2483, 1)-(2483, 10)",b'constexpr wide_int_bitmask PTA_AVX512VBMI (HO...'
gcc,../repos/gcc/config/i386/i386.h,"(2484, 1)-(2484, 10)",b'constexpr wide_int_bitmask PTA_CLWB (HOST_WID...'
gcc,../repos/gcc/config/i386/i386.h,"(2485, 1)-(2485, 10)",b'constexpr wide_int_bitmask PTA_MWAITX (HOST_W...'
gcc,../repos/gcc/config/i386/i386.h,"(2486, 1)-(2486, 10)",b'constexpr wide_int_bitmask PTA_CLZERO (HOST_W...'
gcc,../repos/gcc/config/i386/i386.h,"(2487, 1)-(2487, 10)",b'constexpr wide_int_bitmask PTA_NO_80387 (HOST...'
gcc,../repos/gcc/config/i386/i386.h,"(2488, 1)-(2488, 10)",b'constexpr wide_int_bitmask PTA_PKU (HOST_WIDE...'
gcc,../repos/gcc/config/i386/i386.h,"(2489, 1)-(2489, 10)",b'constexpr wide_int_bitmask PTA_AVX5124VNNIW (...'
gcc,../repos/gcc/config/i386/i386.h,"(2490, 1)-(2490, 10)",b'constexpr wide_int_bitmask PTA_AVX5124FMAPS (...'
gcc,../repos/gcc/config/i386/i386.h,"(2491, 1)-(2491, 10)",b'constexpr wide_int_bitmask PTA_AVX512VPOPCNTD...'
gcc,../repos/gcc/config/i386/i386.h,"(2492, 1)-(2492, 10)",b'constexpr wide_int_bitmask PTA_SGX (HOST_WIDE...'
gcc,../repos/gcc/config/i386/i386.h,"(2493, 1)-(2493, 10)","b'constexpr wide_int_bitmask PTA_AVX512VNNI (0,...'"
gcc,../repos/gcc/config/i386/i386.h,"(2494, 1)-(2494, 10)","b'constexpr wide_int_bitmask PTA_GFNI (0, HOST_...'"
gcc,../repos/gcc/config/i386/i386.h,"(2495, 1)-(2495, 10)","b'constexpr wide_int_bitmask PTA_VAES (0, HOST_...'"
gcc,../repos/gcc/config/i386/i386.h,"(2496, 1)-(2496, 10)",b'constexpr wide_int_bitmask PTA_AVX512VBMI2 (0...'
gcc,../repos/gcc/config/i386/i386.h,"(2497, 1)-(2497, 10)","b'constexpr wide_int_bitmask PTA_VPCLMULQDQ (0,...'"
gcc,../repos/gcc/config/i386/i386.h,"(2498, 1)-(2498, 10)",b'constexpr wide_int_bitmask PTA_AVX512BITALG (...'
gcc,../repos/gcc/config/i386/i386.h,"(2499, 1)-(2499, 10)","b'constexpr wide_int_bitmask PTA_RDPID (0, HOST...'"
gcc,../repos/gcc/config/i386/i386.h,"(2500, 1)-(2500, 10)","b'constexpr wide_int_bitmask PTA_PCONFIG (0, HO...'"
gcc,../repos/gcc/config/i386/i386.h,"(2501, 1)-(2501, 10)","b'constexpr wide_int_bitmask PTA_WBNOINVD (0, H...'"
gcc,../repos/gcc/config/i386/i386.h,"(2502, 1)-(2502, 10)",b'constexpr wide_int_bitmask PTA_AVX512VP2INTER...'
gcc,../repos/gcc/config/i386/i386.h,"(2503, 1)-(2503, 10)","b'constexpr wide_int_bitmask PTA_PTWRITE (0, HO...'"
gcc,../repos/gcc/config/i386/i386.h,"(2504, 1)-(2504, 10)","b'constexpr wide_int_bitmask PTA_AVX512BF16 (0,...'"
gcc,../repos/gcc/config/i386/i386.h,"(2505, 1)-(2505, 10)","b'constexpr wide_int_bitmask PTA_WAITPKG (0, HO...'"
gcc,../repos/gcc/config/i386/i386.h,"(2506, 1)-(2506, 10)","b'constexpr wide_int_bitmask PTA_MOVDIRI (0, HO...'"
gcc,../repos/gcc/config/i386/i386.h,"(2507, 1)-(2507, 10)","b'constexpr wide_int_bitmask PTA_MOVDIR64B (0, ...'"
gcc,../repos/gcc/config/i386/i386.h,"(2508, 1)-(2508, 10)","b'constexpr wide_int_bitmask PTA_ENQCMD (0, HOS...'"
gcc,../repos/gcc/config/i386/i386.h,"(2509, 1)-(2509, 10)","b'constexpr wide_int_bitmask PTA_CLDEMOTE (0, H...'"
gcc,../repos/gcc/config/i386/i386.h,"(2510, 1)-(2510, 10)","b'constexpr wide_int_bitmask PTA_SERIALIZE (0, ...'"
gcc,../repos/gcc/config/i386/i386.h,"(2511, 1)-(2511, 10)","b'constexpr wide_int_bitmask PTA_TSXLDTRK (0, H...'"
gcc,../repos/gcc/config/i386/i386.h,"(2512, 1)-(2512, 10)","b'constexpr wide_int_bitmask PTA_AMX_TILE (0, H...'"
gcc,../repos/gcc/config/i386/i386.h,"(2513, 1)-(2513, 10)","b'constexpr wide_int_bitmask PTA_AMX_INT8 (0, H...'"
gcc,../repos/gcc/config/i386/i386.h,"(2514, 1)-(2514, 10)","b'constexpr wide_int_bitmask PTA_AMX_BF16 (0, H...'"
gcc,../repos/gcc/config/i386/i386.h,"(2515, 1)-(2515, 10)","b'constexpr wide_int_bitmask PTA_UINTR (0, HOST...'"
gcc,../repos/gcc/config/i386/i386.h,"(2516, 1)-(2516, 10)","b'constexpr wide_int_bitmask PTA_HRESET (0, HOS...'"
gcc,../repos/gcc/config/i386/i386.h,"(2517, 1)-(2517, 10)","b'constexpr wide_int_bitmask PTA_KL (0, HOST_WI...'"
gcc,../repos/gcc/config/i386/i386.h,"(2518, 1)-(2518, 10)","b'constexpr wide_int_bitmask PTA_WIDEKL (0, HOS...'"
gcc,../repos/gcc/config/i386/i386.h,"(2519, 1)-(2519, 10)","b'constexpr wide_int_bitmask PTA_AVXVNNI (0, HO...'"
gcc,../repos/gcc/config/i386/i386.h,"(2521, 1)-(2521, 10)",b'constexpr wide_int_bitmask PTA_X86_64_BASELIN...'
gcc,../repos/gcc/config/i386/i386.h,"(2523, 1)-(2523, 10)",b'constexpr wide_int_bitmask PTA_X86_64_V2 = (P...'
gcc,../repos/gcc/config/i386/i386.h,"(2526, 1)-(2526, 10)",b'constexpr wide_int_bitmask PTA_X86_64_V3 = PT...'
gcc,../repos/gcc/config/i386/i386.h,"(2529, 1)-(2529, 10)",b'constexpr wide_int_bitmask PTA_X86_64_V4 = PT...'
gcc,../repos/gcc/config/i386/i386.h,"(2532, 1)-(2532, 10)",b'constexpr wide_int_bitmask PTA_CORE2 = PTA_64...'
gcc,../repos/gcc/config/i386/i386.h,"(2534, 1)-(2534, 10)",b'constexpr wide_int_bitmask PTA_NEHALEM = PTA_...'
gcc,../repos/gcc/config/i386/i386.h,"(2536, 1)-(2536, 10)",b'constexpr wide_int_bitmask PTA_WESTMERE = PTA...'
gcc,../repos/gcc/config/i386/i386.h,"(2537, 1)-(2537, 10)",b'constexpr wide_int_bitmask PTA_SANDYBRIDGE = ...'
gcc,../repos/gcc/config/i386/i386.h,"(2539, 1)-(2539, 10)",b'constexpr wide_int_bitmask PTA_IVYBRIDGE = PT...'
gcc,../repos/gcc/config/i386/i386.h,"(2541, 1)-(2541, 10)",b'constexpr wide_int_bitmask PTA_HASWELL = PTA_...'
gcc,../repos/gcc/config/i386/i386.h,"(2543, 1)-(2543, 10)",b'constexpr wide_int_bitmask PTA_BROADWELL = PT...'
gcc,../repos/gcc/config/i386/i386.h,"(2545, 1)-(2545, 10)",b'constexpr wide_int_bitmask PTA_SKYLAKE = PTA_...'
gcc,../repos/gcc/config/i386/i386.h,"(2547, 1)-(2547, 10)",b'constexpr wide_int_bitmask PTA_SKYLAKE_AVX512...'
gcc,../repos/gcc/config/i386/i386.h,"(2550, 1)-(2550, 10)",b'constexpr wide_int_bitmask PTA_CASCADELAKE = ...'
gcc,../repos/gcc/config/i386/i386.h,"(2552, 1)-(2552, 10)",b'constexpr wide_int_bitmask PTA_COOPERLAKE = P...'
gcc,../repos/gcc/config/i386/i386.h,"(2553, 1)-(2553, 10)",b'constexpr wide_int_bitmask PTA_CANNONLAKE = P...'
gcc,../repos/gcc/config/i386/i386.h,"(2556, 1)-(2556, 10)",b'constexpr wide_int_bitmask PTA_ICELAKE_CLIENT...'
gcc,../repos/gcc/config/i386/i386.h,"(2559, 1)-(2559, 10)",b'constexpr wide_int_bitmask PTA_ROCKETLAKE = P...'
gcc,../repos/gcc/config/i386/i386.h,"(2560, 1)-(2560, 10)",b'constexpr wide_int_bitmask PTA_ICELAKE_SERVER...'
gcc,../repos/gcc/config/i386/i386.h,"(2562, 1)-(2562, 10)",b'constexpr wide_int_bitmask PTA_TIGERLAKE = PT...'
gcc,../repos/gcc/config/i386/i386.h,"(2564, 1)-(2564, 10)",b'constexpr wide_int_bitmask PTA_SAPPHIRERAPIDS...'
gcc,../repos/gcc/config/i386/i386.h,"(2568, 1)-(2568, 10)",b'constexpr wide_int_bitmask PTA_KNL = PTA_BROA...'
gcc,../repos/gcc/config/i386/i386.h,"(2570, 1)-(2570, 10)",b'constexpr wide_int_bitmask PTA_BONNELL = PTA_...'
gcc,../repos/gcc/config/i386/i386.h,"(2571, 1)-(2571, 10)",b'constexpr wide_int_bitmask PTA_SILVERMONT = P...'
gcc,../repos/gcc/config/i386/i386.h,"(2573, 1)-(2573, 10)",b'constexpr wide_int_bitmask PTA_GOLDMONT = PTA...'
gcc,../repos/gcc/config/i386/i386.h,"(2576, 1)-(2576, 10)",b'constexpr wide_int_bitmask PTA_GOLDMONT_PLUS ...'
gcc,../repos/gcc/config/i386/i386.h,"(2578, 1)-(2578, 10)",b'constexpr wide_int_bitmask PTA_TREMONT = PTA_...'
gcc,../repos/gcc/config/i386/i386.h,"(2580, 1)-(2580, 10)",b'constexpr wide_int_bitmask PTA_ALDERLAKE = PT...'
gcc,../repos/gcc/config/i386/i386.h,"(2584, 1)-(2584, 10)",b'constexpr wide_int_bitmask PTA_KNM = PTA_KNL ...'
gcc,../repos/gcc/config/aarch64/fractional-cost.h,"(30, 3)-(30, 12)",b'constexpr fractional_cost (uint32_t int_value...'
gcc,../repos/gcc/config/aarch64/fractional-cost.h,"(61, 3)-(61, 12)","b'constexpr fractional_cost (uint64_t value, ra...'"
gcc,../repos/gcc/config/aarch64/aarch64-protos.h,"(257, 3)-(257, 12)",b'constexpr sve_vec_cost (const simd_vec_cost &...'
gcc,../repos/gcc/config/aarch64/aarch64-protos.h,"(357, 3)-(357, 12)",b'constexpr aarch64_simd_vec_issue_info (aarch6...'
gcc,../repos/gcc/config/aarch64/aarch64-protos.h,"(385, 3)-(385, 12)",b'constexpr aarch64_sve_vec_issue_info\n    (aar...'
gcc,../repos/gcc/c-family/c-common.c,"(341, 1)-(341, 6)",b'const struct c_common_resword c_common_reswor...'
gcc,../repos/gcc/c-family/c-common.c,"(2064, 8)-(2064, 17)",b'static constexpr size_t verify_sequence_point...'
gcc,../repos/gcc/c-family/c-format.c,"(2965, 8)-(2965, 13)",b'static const token_t cxx_keywords[] =\n  {\n   ...'
gcc,../repos/gcc/wide-int-bitmask.h,"(26, 3)-(26, 12)",b'constexpr wide_int_bitmask ();'
gcc,../repos/gcc/wide-int-bitmask.h,"(27, 3)-(27, 12)",b'constexpr wide_int_bitmask (uint64_t l);'
gcc,../repos/gcc/wide-int-bitmask.h,"(28, 3)-(28, 12)","b'constexpr wide_int_bitmask (uint64_t l, uint6...'"
gcc,../repos/gcc/wide-int-bitmask.h,"(31, 3)-(31, 12)",b'constexpr wide_int_bitmask operator ~ () const;'
gcc,../repos/gcc/wide-int-bitmask.h,"(32, 3)-(32, 12)",b'constexpr wide_int_bitmask operator & (wide_i...'
gcc,../repos/gcc/wide-int-bitmask.h,"(33, 3)-(33, 12)",b'constexpr wide_int_bitmask operator | (wide_i...'
gcc,../repos/gcc/wide-int-bitmask.h,"(41, 1)-(41, 10)",b'constexpr\nwide_int_bitmask::wide_int_bitmask ...'
gcc,../repos/gcc/wide-int-bitmask.h,"(47, 1)-(47, 10)",b'constexpr\nwide_int_bitmask::wide_int_bitmask ...'
gcc,../repos/gcc/wide-int-bitmask.h,"(53, 1)-(53, 10)",b'constexpr\nwide_int_bitmask::wide_int_bitmask ...'
gcc,../repos/gcc/wide-int-bitmask.h,"(75, 1)-(75, 10)",b'constexpr wide_int_bitmask\nwide_int_bitmask::...'
gcc,../repos/gcc/wide-int-bitmask.h,"(81, 1)-(81, 10)",b'constexpr wide_int_bitmask\nwide_int_bitmask::...'
gcc,../repos/gcc/wide-int-bitmask.h,"(87, 1)-(87, 10)",b'constexpr wide_int_bitmask\nwide_int_bitmask::...'
gcc,../repos/gcc/gimple-fold.c,"(3956, 8)-(3956, 17)",b'static constexpr size_t clear_padding_unit\n  ...'
gcc,../repos/gcc/cp/constexpr.c,"(140, 26)-(140, 31)",b'const constexpr_fundef *'
gcc,../repos/gcc/cp/constexpr.c,"(141, 22)-(141, 27)",b'const constexpr_fundef *'
gcc,../repos/gcc/cp/constexpr.c,"(141, 48)-(141, 53)",b'const constexpr_fundef *'
gcc,../repos/gcc/cp/constexpr.c,"(154, 33)-(154, 38)",b'const constexpr_fundef *lhs'
gcc,../repos/gcc/cp/constexpr.c,"(155, 5)-(155, 10)",b'const constexpr_fundef *rhs'
gcc,../repos/gcc/cp/constexpr.c,"(164, 32)-(164, 37)",b'const constexpr_fundef *fundef'
gcc,../repos/gcc/cp/constexpr.c,"(927, 28)-(927, 33)",b'const constexpr_fundef &value'
gcc,../repos/gcc/cp/constexpr.c,"(1082, 3)-(1082, 8)",b'const constexpr_ctx *parent;'
gcc,../repos/gcc/cp/constexpr.c,"(1147, 72)-(1147, 77)",b'uid_sensitive_constexpr_evaluation_checker::e...'
gcc,../repos/gcc/cp/constexpr.c,"(1159, 43)-(1159, 48)",b'const constexpr_ctx *'
gcc,../repos/gcc/cp/constexpr.c,"(1300, 33)-(1300, 38)",b'const constexpr_ctx *ctx'
gcc,../repos/gcc/cp/constexpr.c,"(1592, 30)-(1592, 35)",b'const constexpr_ctx *ctx'
gcc,../repos/gcc/cp/constexpr.c,"(1726, 29)-(1726, 34)",b'const constexpr_ctx *ctx'
gcc,../repos/gcc/cp/constexpr.c,"(1876, 22)-(1876, 27)",b'const constexpr_call *call'
gcc,../repos/gcc/cp/constexpr.c,"(1908, 28)-(1908, 33)",b'const constexpr_call *call'
gcc,../repos/gcc/cp/constexpr.c,"(1995, 27)-(1995, 32)",b'const constexpr_ctx *ctx'
gcc,../repos/gcc/cp/constexpr.c,"(2218, 22)-(2218, 27)",b'const constexpr_ctx *ctx'
gcc,../repos/gcc/cp/constexpr.c,"(2266, 27)-(2266, 32)",b'const constexpr_ctx *ctx'
gcc,../repos/gcc/cp/constexpr.c,"(2287, 27)-(2287, 32)",b'const constexpr_ctx *ctx'
gcc,../repos/gcc/cp/constexpr.c,"(3039, 41)-(3039, 46)",b'const constexpr_ctx *ctx'
gcc,../repos/gcc/cp/constexpr.c,"(3119, 28)-(3119, 33)",b'const constexpr_ctx *ctx'
gcc,../repos/gcc/cp/constexpr.c,"(3148, 35)-(3148, 40)",b'const constexpr_ctx *ctx'
gcc,../repos/gcc/cp/constexpr.c,"(3204, 29)-(3204, 34)",b'const constexpr_ctx *ctx'
gcc,../repos/gcc/cp/constexpr.c,"(3317, 34)-(3317, 39)",b'const constexpr_ctx *ctx'
gcc,../repos/gcc/cp/constexpr.c,"(3345, 41)-(3345, 46)",b'const constexpr_ctx *ctx'
gcc,../repos/gcc/cp/constexpr.c,"(3639, 39)-(3639, 44)",b'const constexpr_ctx *ctx'
gcc,../repos/gcc/cp/constexpr.c,"(3672, 28)-(3672, 33)",b'const constexpr_ctx *ctx'
gcc,../repos/gcc/cp/constexpr.c,"(3719, 29)-(3719, 34)",b'const constexpr_ctx *ctx'
gcc,../repos/gcc/cp/constexpr.c,"(3757, 27)-(3757, 32)",b'const constexpr_ctx *ctx'
gcc,../repos/gcc/cp/constexpr.c,"(3887, 31)-(3887, 36)",b'const constexpr_ctx *ctx'
gcc,../repos/gcc/cp/constexpr.c,"(3996, 25)-(3996, 30)",b'const constexpr_ctx *ctx'
gcc,../repos/gcc/cp/constexpr.c,"(4082, 22)-(4082, 27)",b'const constexpr_ctx *ctx'
gcc,../repos/gcc/cp/constexpr.c,"(4168, 20)-(4168, 25)",b'const constexpr_ctx *ctx'
gcc,../repos/gcc/cp/constexpr.c,"(4281, 30)-(4281, 35)",b'const constexpr_ctx *ctx'
gcc,../repos/gcc/cp/constexpr.c,"(4361, 17)-(4361, 22)",b'const constexpr_ctx *ctx'
gcc,../repos/gcc/cp/constexpr.c,"(4401, 21)-(4401, 26)",b'const constexpr_ctx *ctx'
gcc,../repos/gcc/cp/constexpr.c,"(4435, 26)-(4435, 31)",b'const constexpr_ctx *ctx'
gcc,../repos/gcc/cp/constexpr.c,"(4565, 22)-(4565, 27)",b'const constexpr_ctx *ctx'
gcc,../repos/gcc/cp/constexpr.c,"(4707, 20)-(4707, 25)",b'const constexpr_ctx *ctx'
gcc,../repos/gcc/cp/constexpr.c,"(4744, 26)-(4744, 31)",b'const constexpr_ctx *ctx'
gcc,../repos/gcc/cp/constexpr.c,"(4763, 26)-(4763, 31)",b'const constexpr_ctx *ctx'
gcc,../repos/gcc/cp/constexpr.c,"(4883, 24)-(4883, 29)",b'const constexpr_ctx *ctx'
gcc,../repos/gcc/cp/constexpr.c,"(4958, 24)-(4958, 29)",b'const constexpr_ctx *ctx'
gcc,../repos/gcc/cp/constexpr.c,"(5114, 30)-(5114, 35)",b'const constexpr_ctx *ctx'
gcc,../repos/gcc/cp/constexpr.c,"(5237, 28)-(5237, 33)",b'const constexpr_ctx *ctx'
gcc,../repos/gcc/cp/constexpr.c,"(5638, 32)-(5638, 37)",b'const constexpr_ctx *ctx'
gcc,../repos/gcc/cp/constexpr.c,"(5756, 16)-(5756, 21)",b'const constexpr_ctx *ctx'
gcc,../repos/gcc/cp/constexpr.c,"(5808, 26)-(5808, 31)",b'const constexpr_ctx *ctx'
gcc,../repos/gcc/cp/constexpr.c,"(5861, 21)-(5861, 26)",b'const constexpr_ctx *ctx'
gcc,../repos/gcc/cp/constexpr.c,"(5983, 23)-(5983, 28)",b'const constexpr_ctx *ctx'
gcc,../repos/gcc/cp/constexpr.c,"(6018, 21)-(6018, 26)",b'const constexpr_ctx *ctx'
gcc,../repos/gcc/cp/constexpr.c,"(6077, 32)-(6077, 37)",b'const constexpr_ctx *ctx'
gcc,../repos/gcc/cp/constexpr.c,"(6148, 31)-(6148, 36)",b'const constexpr_ctx *ctx'
gcc,../repos/gcc/cp/cp-tree.h,"(8220, 41)-(8220, 46)",b'const constexpr_fundef &'
gcc,../repos/gcc/cp/parser.c,"(31587, 11)-(31587, 16)",b'static const char *const decl_spec_names[] = ...'
gcc,../repos/gcc/cp/name-lookup.h,"(370, 1)-(370, 10)","b'constexpr LOOK_where operator| (LOOK_where a,...'"
gcc,../repos/gcc/cp/name-lookup.h,"(374, 1)-(374, 10)","b'constexpr LOOK_where operator& (LOOK_where a,...'"
gcc,../repos/gcc/cp/name-lookup.h,"(390, 1)-(390, 10)","b'constexpr LOOK_want operator| (LOOK_want a, L...'"
gcc,../repos/gcc/cp/name-lookup.h,"(394, 1)-(394, 10)","b'constexpr LOOK_want operator& (LOOK_want a, L...'"
gcc,../repos/gcc/cp/decl.c,"(1297, 7)-(1297, 12)","b'const char *kind = ""constexpr"";'"
gcc,../repos/gcc/cp/decl.c,"(3040, 8)-(3040, 13)",b'static const char *\nredeclaration_error_messa...'
