Repo name,File name,Location,Content
gcc,../repos/gcc/ginclude/stddef.h,"(433, 11)-(433, 28)",b'decltype(nullptr)'
gcc,../repos/gcc/recog.h,"(406, 35)-(406, 67)","b'decltype ((void) args, NULL_RTX)'"
gcc,../repos/gcc/rtl-ssa/access-utils.h,"(47, 31)-(47, 53)",b'decltype (accesses[0])'
gcc,../repos/gcc/rtl-ssa/access-utils.h,"(58, 49)-(58, 71)",b'decltype (accesses[0])'
gcc,../repos/gcc/splay-tree-utils.h,"(32, 8)-(32, 42)",b'decltype (node->m_children[index])'
gcc,../repos/gcc/splay-tree-utils.h,"(54, 30)-(54, 55)",b'decltype (node->m_parent)'
gcc,../repos/gcc/splay-tree-utils.h,"(294, 39)-(294, 66)",b'decltype (compare (m_root))'
gcc,../repos/gcc/splay-tree-utils.h,"(452, 8)-(452, 38)","b'decltype (predicate (node, 0))'"
