Repo name,File name,Location,Content
gcc,../repos/gcc/splay-tree-utils.cc,"(231, 3)-(231, 70)",b'using rootless = default_rootless_splay_tree<...'
gcc,../repos/gcc/vec.h,"(2156, 3)-(2156, 24)",b'using value_type = T;'
gcc,../repos/gcc/vec.h,"(2157, 3)-(2157, 24)",b'using iterator = T *;'
gcc,../repos/gcc/vec.h,"(2158, 3)-(2158, 36)",b'using const_iterator = const T *;'
gcc,../repos/gcc/config/aarch64/aarch64.c,"(26051, 3)-(26051, 30)",b'using cf = fractional_cost;'
gcc,../repos/gcc/config/aarch64/aarch64-protos.h,"(350, 1)-(350, 67)",b'using aarch64_scalar_vec_issue_info = aarch64...'
gcc,../repos/gcc/config/aarch64/aarch64-protos.h,"(379, 1)-(379, 68)",b'using aarch64_advsimd_vec_issue_info = aarch6...'
gcc,../repos/gcc/rtlanal.h,"(332, 1)-(332, 76)",b'using vec_rtx_properties = growing_rtx_proper...'
gcc,../repos/gcc/rtl-ssa/accesses.h,"(262, 1)-(262, 54)",b'using access_array = array_slice<access_info ...'
gcc,../repos/gcc/rtl-ssa/accesses.h,"(400, 3)-(400, 56)","b'using insn_or_phi = pointer_mux<insn_info, ph...'"
gcc,../repos/gcc/rtl-ssa/accesses.h,"(418, 3)-(418, 54)",b'using last_use_or_prev_use = pointer_mux<use_...'
gcc,../repos/gcc/rtl-ssa/accesses.h,"(419, 3)-(419, 68)",b'using last_nondebug_insn_use_or_next_use = po...'
gcc,../repos/gcc/rtl-ssa/accesses.h,"(453, 1)-(453, 67)","b'using use_iterator = list_iterator<use_info, ...'"
gcc,../repos/gcc/rtl-ssa/accesses.h,"(454, 1)-(454, 75)",b'using reverse_use_iterator = list_iterator<us...'
gcc,../repos/gcc/rtl-ssa/accesses.h,"(460, 1)-(461, 64)",b'using nondebug_insn_use_iterator\n  = list_ite...'
gcc,../repos/gcc/rtl-ssa/accesses.h,"(462, 1)-(463, 59)",b'using any_insn_use_iterator\n  = list_iterator...'
gcc,../repos/gcc/rtl-ssa/accesses.h,"(464, 1)-(464, 75)",b'using phi_use_iterator = list_iterator<use_in...'
gcc,../repos/gcc/rtl-ssa/accesses.h,"(467, 1)-(467, 69)",b'using use_array = const_derived_container<use...'
gcc,../repos/gcc/rtl-ssa/accesses.h,"(518, 3)-(518, 54)",b'using last_def_or_prev_def = pointer_mux<def_...'
gcc,../repos/gcc/rtl-ssa/accesses.h,"(523, 3)-(523, 66)",b'using splay_root_or_next_def = pointer_mux<de...'
gcc,../repos/gcc/rtl-ssa/accesses.h,"(549, 1)-(549, 67)","b'using def_iterator = list_iterator<def_info, ...'"
gcc,../repos/gcc/rtl-ssa/accesses.h,"(550, 1)-(550, 75)",b'using reverse_def_iterator = list_iterator<de...'
gcc,../repos/gcc/rtl-ssa/accesses.h,"(554, 1)-(554, 69)",b'using def_array = const_derived_container<def...'
gcc,../repos/gcc/rtl-ssa/accesses.h,"(571, 3)-(571, 66)",b'using splay_tree = default_rootless_splay_tre...'
gcc,../repos/gcc/rtl-ssa/accesses.h,"(638, 1)-(638, 55)",b'using clobber_tree = clobber_info::splay_tree...'
gcc,../repos/gcc/rtl-ssa/accesses.h,"(671, 3)-(671, 49)",b'using use_splay_tree = splay_tree<use_info *>;'
gcc,../repos/gcc/rtl-ssa/accesses.h,"(845, 1)-(845, 67)","b'using phi_iterator = list_iterator<phi_info, ...'"
gcc,../repos/gcc/rtl-ssa/accesses.h,"(867, 3)-(867, 62)",b'using clobber_or_set = pointer_mux<clobber_in...'
gcc,../repos/gcc/rtl-ssa/accesses.h,"(947, 1)-(947, 55)",b'using def_splay_tree = default_splay_tree<def...'
gcc,../repos/gcc/rtl-ssa/accesses.h,"(956, 3)-(956, 50)","b'using parent = pointer_mux<def_info, def_node>;'"
gcc,../repos/gcc/rtl-ssa/accesses.cc,"(39, 3)-(39, 47)",b'using splay_tree = clobber_info::splay_tree;'
gcc,../repos/gcc/rtl-ssa/insns.h,"(107, 1)-(107, 79)",b'using insn_call_clobbers_tree = default_splay...'
gcc,../repos/gcc/rtl-ssa/insns.h,"(335, 3)-(335, 70)",b'using order_splay_tree = default_rootless_spl...'
gcc,../repos/gcc/rtl-ssa/insns.h,"(360, 3)-(360, 63)",b'using prev_insn_or_last_debug_insn = pointer_...'
gcc,../repos/gcc/rtl-ssa/insns.h,"(361, 3)-(361, 62)",b'using next_nondebug_or_debug_insn = pointer_m...'
gcc,../repos/gcc/rtl-ssa/insns.h,"(439, 1)-(439, 79)",b'using any_insn_iterator = list_iterator<insn_...'
gcc,../repos/gcc/rtl-ssa/insns.h,"(440, 1)-(441, 57)",b'using reverse_any_insn_iterator\n  = list_iter...'
gcc,../repos/gcc/rtl-ssa/insns.h,"(444, 1)-(445, 62)",b'using nondebug_insn_iterator\n  = list_iterato...'
gcc,../repos/gcc/rtl-ssa/insns.h,"(446, 1)-(447, 62)",b'using reverse_nondebug_insn_iterator\n  = list...'
gcc,../repos/gcc/rtl-ssa/change-utils.h,"(86, 1)-(87, 23)",b'using add_regno_clobber_fn = std::function<bo...'
gcc,../repos/gcc/rtl-ssa/blocks.h,"(144, 1)-(144, 63)","b'using bb_iterator = list_iterator<bb_info, &b...'"
gcc,../repos/gcc/rtl-ssa/blocks.h,"(145, 1)-(145, 71)",b'using reverse_bb_iterator = list_iterator<bb_...'
gcc,../repos/gcc/rtl-ssa/blocks.h,"(184, 1)-(185, 74)",b'using ebb_call_clobbers_iterator\n  = list_ite...'
gcc,../repos/gcc/rtl-ssa/blocks.h,"(286, 1)-(286, 67)","b'using ebb_iterator = list_iterator<ebb_info, ...'"
gcc,../repos/gcc/rtl-ssa/blocks.h,"(287, 1)-(287, 75)",b'using reverse_ebb_iterator = list_iterator<eb...'
gcc,../repos/gcc/iterator-utils.h,"(28, 3)-(28, 28)",b'using const_iterator = T;'
gcc,../repos/gcc/iterator-utils.h,"(57, 3)-(57, 24)",b'using value_type = T;'
gcc,../repos/gcc/iterator-utils.h,"(109, 3)-(109, 63)",b'using base_const_iterator = typename BaseCT::...'
gcc,../repos/gcc/iterator-utils.h,"(112, 3)-(112, 24)",b'using value_type = T;'
gcc,../repos/gcc/iterator-utils.h,"(113, 3)-(113, 67)","b'using const_iterator = derived_iterator<T, ba...'"
gcc,../repos/gcc/iterator-utils.h,"(143, 3)-(143, 24)",b'using value_type = T;'
gcc,../repos/gcc/iterator-utils.h,"(178, 3)-(178, 40)",b'using parent = wrapper_iterator<T *>;'
gcc,../repos/gcc/splay-tree-utils.h,"(28, 3)-(28, 26)",b'using node_type = Node;'
gcc,../repos/gcc/splay-tree-utils.h,"(51, 3)-(51, 26)",b'using node_type = Node;'
gcc,../repos/gcc/splay-tree-utils.h,"(148, 3)-(148, 45)",b'using parent = base_splay_tree<Accessors>;'
gcc,../repos/gcc/splay-tree-utils.h,"(352, 1)-(353, 71)",b'using splay_tree_without_parent\n  = rooted_sp...'
gcc,../repos/gcc/splay-tree-utils.h,"(362, 1)-(363, 67)",b'using default_splay_tree\n  = splay_tree_witho...'
gcc,../repos/gcc/splay-tree-utils.h,"(385, 1)-(385, 61)",b'using splay_tree = default_splay_tree<splay_t...'
gcc,../repos/gcc/splay-tree-utils.h,"(406, 3)-(406, 70)",b'using full_accessors = splay_tree_accessors_w...'
gcc,../repos/gcc/splay-tree-utils.h,"(407, 3)-(407, 50)",b'using parent = base_splay_tree<full_accessors>;'
gcc,../repos/gcc/splay-tree-utils.h,"(410, 3)-(410, 52)",b'using rooted = rooted_splay_tree<full_accessors>;'
gcc,../repos/gcc/splay-tree-utils.h,"(488, 1)-(489, 73)",b'using default_rootless_splay_tree\n  = rootles...'
gcc,../repos/gcc/cp/cp-tree.h,"(1944, 1)-(1944, 57)",b'using type_identity_t = typename type_identit...'
gcc,../repos/gcc/cp/module.cc,"(2647, 3)-(2647, 34)",b'using value_type = pending_key;'
gcc,../repos/gcc/cp/module.cc,"(19470, 3)-(19470, 60)",b'using iterator = hash_table<module_state_hash...'
