Repo name,File name,Location,Content
csrc,../repos/pytorch/torch/csrc/distributed/rpc/rref_context.h,"(310, 10)-(310, 22)",b'static thread_local std::vector<std::shared_p...'
csrc,../repos/pytorch/torch/csrc/distributed/rpc/rref_context.h,"(334, 10)-(334, 22)",b'static thread_local bool recording_;'
csrc,../repos/pytorch/torch/csrc/distributed/rpc/types.cpp,"(10, 8)-(10, 20)",b'static thread_local bool allowJitRRefPickle =...'
csrc,../repos/pytorch/torch/csrc/distributed/rpc/profiler/remote_profiler_manager.cpp,"(12, 13)-(12, 25)",b'thread_local c10::optional<std::string>\n    R...'
csrc,../repos/pytorch/torch/csrc/distributed/rpc/profiler/remote_profiler_manager.h,"(53, 10)-(53, 22)",b'static thread_local c10::optional<std::string...'
csrc,../repos/pytorch/torch/csrc/distributed/rpc/rref_context.cpp,"(11, 1)-(11, 13)",b'thread_local std::vector<std::shared_ptr<RRef...'
csrc,../repos/pytorch/torch/csrc/distributed/rpc/rref_context.cpp,"(13, 1)-(13, 13)",b'thread_local bool RRefContext::recording_ = false;'
csrc,../repos/pytorch/torch/csrc/distributed/autograd/context/container.cpp,"(18, 8)-(18, 20)",b'static thread_local int64_t current_context_i...'
csrc,../repos/pytorch/torch/csrc/distributed/autograd/context/context.cpp,"(271, 1)-(271, 13)",b'thread_local ContextPtr tl_context_ptr;'
csrc,../repos/pytorch/torch/csrc/distributed/c10d/RankLocal.hpp,"(59, 3)-(59, 15)",b'thread_local static T* cached_;'
csrc,../repos/pytorch/torch/csrc/distributed/c10d/RankLocal.hpp,"(65, 1)-(65, 13)",b'thread_local T* RankLocal<T>::cached_ = nullptr;'
csrc,../repos/pytorch/torch/csrc/distributed/c10d/ProcessGroupNCCL.cpp,"(392, 1)-(392, 13)",b'thread_local uint64_t ProcessGroupNCCL::ncclA...'
csrc,../repos/pytorch/torch/csrc/distributed/c10d/ProcessGroupNCCL.hpp,"(961, 10)-(961, 22)",b'static thread_local uint64_t ncclActiveGroupC...'
csrc,../repos/pytorch/torch/csrc/profiler/collection.cpp,"(507, 1)-(507, 13)",b'thread_local SubQueueThreadCache sub_queue_ca...'
csrc,../repos/pytorch/torch/csrc/autograd/engine.cpp,"(109, 8)-(109, 20)",b'static thread_local int worker_device = NO_DEVICE;'
csrc,../repos/pytorch/torch/csrc/autograd/engine.cpp,"(114, 8)-(114, 20)",b'static thread_local bool checkpoint_valid = true;'
csrc,../repos/pytorch/torch/csrc/autograd/engine.cpp,"(117, 8)-(117, 20)",b'static thread_local int current_depth = 0;'
csrc,../repos/pytorch/torch/csrc/autograd/engine.cpp,"(124, 8)-(124, 20)",b'static thread_local int total_depth = 0;'
csrc,../repos/pytorch/torch/csrc/jit/frontend/tracer.cpp,"(65, 1)-(65, 13)",b'thread_local std::shared_ptr<TracingState> tr...'
csrc,../repos/pytorch/torch/csrc/jit/frontend/tracer.cpp,"(1005, 1)-(1005, 13)",b'thread_local ArgumentStash ArgumentStash::stash;'
csrc,../repos/pytorch/torch/csrc/jit/frontend/error_report.cpp,"(9, 1)-(9, 13)",b'thread_local std::vector<Call> calls;'
csrc,../repos/pytorch/torch/csrc/jit/frontend/tracer.h,"(150, 10)-(150, 22)",b'static thread_local ArgumentStash stash;'
csrc,../repos/pytorch/torch/csrc/jit/runtime/static/impl.cpp,"(764, 1)-(764, 13)",b'thread_local SROperatorObserver* tlsOpObserve...'
csrc,../repos/pytorch/torch/csrc/jit/runtime/jit_exception.cpp,"(5, 8)-(5, 20)",b'static thread_local std::string caughtOrigina...'
csrc,../repos/pytorch/torch/csrc/jit/runtime/jit_exception.cpp,"(6, 8)-(6, 20)",b'static thread_local std::string caughtPythonC...'
csrc,../repos/pytorch/torch/csrc/jit/runtime/graph_executor.cpp,"(85, 1)-(85, 13)",b'thread_local bool autodiff_subgraph_inlining ...'
csrc,../repos/pytorch/torch/csrc/jit/runtime/graph_executor.cpp,"(105, 1)-(105, 13)",b'thread_local std::weak_ptr<Graph> last_execut...'
csrc,../repos/pytorch/torch/csrc/jit/runtime/interpreter.cpp,"(102, 1)-(102, 13)",b'thread_local InterpreterStateImpl* tls_int_st...'
csrc,../repos/pytorch/torch/csrc/jit/mobile/profiler_edge.cpp,"(12, 1)-(12, 13)",b'thread_local KinetoEdgeCPUProfiler* tls_edge_...'
csrc,../repos/pytorch/torch/csrc/jit/mobile/interpreter.cpp,"(28, 8)-(28, 20)",b'static thread_local std::vector<DebugHandle> ...'
csrc,../repos/pytorch/torch/csrc/jit/python/update_graph_executor_opt.cpp,"(5, 1)-(5, 13)",b'thread_local bool kOptimize = true;'
csrc,../repos/pytorch/torch/csrc/jit/python/pybind_utils.cpp,"(19, 8)-(19, 20)",b'static thread_local bool allow_numbers_as_ten...'
csrc,../repos/pytorch/torch/csrc/jit/python/utf8_decoding_ignore.cpp,"(6, 1)-(6, 13)",b'thread_local bool kIgnore = false;'
csrc,../repos/pytorch/torch/csrc/jit/serialization/source_range_serialization.cpp,"(15, 1)-(15, 13)",b'thread_local bool should_use_format_with_stri...'
csrc,../repos/pytorch/torch/csrc/jit/serialization/export_module.cpp,"(960, 1)-(960, 13)",b'thread_local bool emitBytecodeDefaultInputs =...'
csrc,../repos/pytorch/torch/csrc/jit/serialization/export_module.cpp,"(970, 1)-(970, 13)",b'thread_local bool emitDefautlArgsWithOutArgs ...'
csrc,../repos/pytorch/torch/csrc/jit/serialization/export_module.cpp,"(979, 1)-(979, 13)",b'thread_local bool emitDefaultEmitPromotedOps ...'
csrc,../repos/pytorch/torch/csrc/jit/api/module.cpp,"(151, 1)-(151, 13)",b'thread_local bool inline_everything = false;'
csrc,../repos/pytorch/torch/csrc/lazy/core/tensor_impl.cpp,"(21, 1)-(21, 13)",b'thread_local c10::Device g_device(c10::Device...'
csrc,../repos/pytorch/torch/csrc/lazy/core/ir_metadata.cpp,"(48, 1)-(48, 13)",b'thread_local ScopeContext g_scope_context;'
csrc,../repos/pytorch/torch/csrc/lazy/core/trie.cpp,"(30, 10)-(30, 22)",b'static thread_local TrieCache* trie = new Tri...'
csrc,../repos/pytorch/torch/csrc/lazy/core/trie.h,"(15, 12)-(15, 24)",b'static thread_local size_t id_generator = 0;'
csrc,../repos/pytorch/torch/csrc/lazy/core/lazy_graph_executor.cpp,"(34, 1)-(34, 13)",b'thread_local TlsData g_tls_data;'
