Repo name,File name,Location,Content
csrc,../repos/pytorch/torch/csrc/distributed/rpc/rpc_agent.h,"(337, 69)-(337, 77)",b'operator()(\n      const torch::distributed::r...'
csrc,../repos/pytorch/torch/csrc/distributed/rpc/tensorpipe_agent.h,"(264, 39)-(264, 47)",b'pipeRead(\n      const std::shared_ptr<tensorp...'
csrc,../repos/pytorch/torch/csrc/distributed/rpc/testing/faulty_tensorpipe_agent.cpp,"(104, 55)-(104, 63)",b'FaultyTensorPipeAgent::pipeWrite(\n    const s...'
csrc,../repos/pytorch/torch/csrc/distributed/rpc/testing/faulty_tensorpipe_agent.h,"(63, 57)-(63, 65)",b'pipeWrite(\n      const std::shared_ptr<tensor...'
csrc,../repos/pytorch/torch/csrc/distributed/rpc/tensorpipe_agent.cpp,"(553, 40)-(553, 48)",b'TensorPipeAgent::pipeRead(\n    const std::sha...'
csrc,../repos/pytorch/torch/csrc/distributed/rpc/tensorpipe_agent.cpp,"(599, 55)-(599, 63)",b'TensorPipeAgent::pipeWrite(\n    const std::sh...'
csrc,../repos/pytorch/torch/csrc/distributed/c10d/logging.cpp,"(14, 40)-(14, 48)",b'isLogLevelEnabled(LogLevel level) noexcept'
csrc,../repos/pytorch/torch/csrc/distributed/c10d/reducer.hpp,"(63, 14)-(63, 29)",b'~Reducer() noexcept(false)'
csrc,../repos/pytorch/torch/csrc/distributed/c10d/PrefixStore.hpp,"(37, 55)-(37, 63)",b'getTimeout() const noexcept override'
csrc,../repos/pytorch/torch/csrc/distributed/c10d/logging.h,"(20, 50)-(20, 58)",b'isLogLevelEnabled(LogLevel level) noexcept'
csrc,../repos/pytorch/torch/csrc/distributed/c10d/FileStore.cpp,"(104, 33)-(104, 41)",b'operator=(Lock&& other) noexcept'
csrc,../repos/pytorch/torch/csrc/distributed/c10d/FileStore.cpp,"(112, 22)-(112, 30)",b'Lock(Lock&& other) noexcept'
csrc,../repos/pytorch/torch/csrc/distributed/c10d/Store.cpp,"(5, 60)-(5, 68)",b'Store::getTimeout() const noexcept'
csrc,../repos/pytorch/torch/csrc/distributed/c10d/Store.hpp,"(32, 18)-(32, 26)",b'Store(Store&&) noexcept'
csrc,../repos/pytorch/torch/csrc/distributed/c10d/Store.hpp,"(72, 63)-(72, 71)",b'getTimeout() const noexcept'
csrc,../repos/pytorch/torch/csrc/distributed/c10d/FileStore.hpp,"(42, 38)-(42, 46)",b'getPath() const noexcept'
csrc,../repos/pytorch/torch/csrc/distributed/c10d/NCCLUtils.hpp,"(216, 15)-(216, 23)",b'~NCCLComm() noexcept'
csrc,../repos/pytorch/torch/csrc/distributed/c10d/socket.cpp,"(155, 22)-(155, 30)",b'closeOnExec() noexcept'
csrc,../repos/pytorch/torch/csrc/distributed/c10d/socket.cpp,"(161, 24)-(161, 32)",b'enableNoDelay() noexcept'
csrc,../repos/pytorch/torch/csrc/distributed/c10d/socket.cpp,"(163, 26)-(163, 34)",b'enableDualStack() noexcept'
csrc,../repos/pytorch/torch/csrc/distributed/c10d/socket.cpp,"(166, 29)-(166, 37)",b'enableAddressReuse() noexcept'
csrc,../repos/pytorch/torch/csrc/distributed/c10d/socket.cpp,"(170, 36)-(170, 44)",b'enableExclusiveAddressUse() noexcept'
csrc,../repos/pytorch/torch/csrc/distributed/c10d/socket.cpp,"(175, 25)-(175, 33)",b'handle() const noexcept'
csrc,../repos/pytorch/torch/csrc/distributed/c10d/socket.cpp,"(318, 32)-(318, 40)",b'SocketImpl::closeOnExec() noexcept'
csrc,../repos/pytorch/torch/csrc/distributed/c10d/socket.cpp,"(361, 34)-(361, 42)",b'SocketImpl::enableNoDelay() noexcept'
csrc,../repos/pytorch/torch/csrc/distributed/c10d/socket.cpp,"(365, 36)-(365, 44)",b'SocketImpl::enableDualStack() noexcept'
csrc,../repos/pytorch/torch/csrc/distributed/c10d/socket.cpp,"(370, 39)-(370, 47)",b'SocketImpl::enableAddressReuse() noexcept'
csrc,../repos/pytorch/torch/csrc/distributed/c10d/socket.cpp,"(376, 46)-(376, 54)",b'SocketImpl::enableExclusiveAddressUse() noexcept'
csrc,../repos/pytorch/torch/csrc/distributed/c10d/socket.cpp,"(399, 68)-(399, 76)","b'SocketImpl::setSocketFlag(int level, int optn...'"
csrc,../repos/pytorch/torch/csrc/distributed/c10d/socket.cpp,"(442, 43)-(442, 51)",b'operator()(::addrinfo* addr) const noexcept'
csrc,../repos/pytorch/torch/csrc/distributed/c10d/socket.cpp,"(1001, 32)-(1001, 40)",b'Socket::Socket(Socket&& other) noexcept'
csrc,../repos/pytorch/torch/csrc/distributed/c10d/socket.cpp,"(1003, 43)-(1003, 51)",b'Socket::operator=(Socket&& other) noexcept'
csrc,../repos/pytorch/torch/csrc/distributed/c10d/socket.cpp,"(1015, 28)-(1015, 36)",b'Socket::handle() const noexcept'
csrc,../repos/pytorch/torch/csrc/distributed/c10d/socket.cpp,"(1029, 52)-(1029, 60)",b'Socket::Socket(std::unique_ptr<SocketImpl>&& ...'
csrc,../repos/pytorch/torch/csrc/distributed/c10d/socket.h,"(23, 42)-(23, 50)",b'prefer_ipv6(bool value) noexcept'
csrc,../repos/pytorch/torch/csrc/distributed/c10d/socket.h,"(29, 28)-(29, 36)",b'prefer_ipv6() const noexcept'
csrc,../repos/pytorch/torch/csrc/distributed/c10d/socket.h,"(33, 62)-(33, 70)",b'connect_timeout(std::chrono::seconds value) n...'
csrc,../repos/pytorch/torch/csrc/distributed/c10d/socket.h,"(39, 48)-(39, 56)",b'connect_timeout() const noexcept'
csrc,../repos/pytorch/torch/csrc/distributed/c10d/socket.h,"(65, 12)-(65, 20)",b'Socket() noexcept'
csrc,../repos/pytorch/torch/csrc/distributed/c10d/socket.h,"(71, 26)-(71, 34)",b'Socket(Socket&& other) noexcept'
csrc,../repos/pytorch/torch/csrc/distributed/c10d/socket.h,"(73, 37)-(73, 45)",b'operator=(Socket&& other) noexcept'
csrc,../repos/pytorch/torch/csrc/distributed/c10d/socket.h,"(79, 22)-(79, 30)",b'handle() const noexcept'
csrc,../repos/pytorch/torch/csrc/distributed/c10d/socket.h,"(86, 55)-(86, 63)",b'Socket(std::unique_ptr<SocketImpl>&& impl) no...'
csrc,../repos/pytorch/torch/csrc/distributed/c10d/debug.cpp,"(71, 26)-(71, 34)",b'debug_level() noexcept'
csrc,../repos/pytorch/torch/csrc/distributed/c10d/error.h,"(51, 36)-(51, 44)",b'lastError() noexcept'
csrc,../repos/pytorch/torch/csrc/distributed/c10d/TCPStore.hpp,"(26, 23)-(26, 31)",b'mean() const noexcept'
csrc,../repos/pytorch/torch/csrc/distributed/c10d/TCPStore.hpp,"(29, 25)-(29, 33)",b'count() const noexcept'
csrc,../repos/pytorch/torch/csrc/distributed/c10d/TCPStore.hpp,"(32, 27)-(32, 35)",b'variance() const noexcept'
csrc,../repos/pytorch/torch/csrc/distributed/c10d/TCPStore.hpp,"(35, 34)-(35, 42)",b'sample_variance() const noexcept'
csrc,../repos/pytorch/torch/csrc/distributed/c10d/TCPStore.hpp,"(122, 38)-(122, 46)",b'std::string& getHost() const noexcept'
csrc,../repos/pytorch/torch/csrc/distributed/c10d/TCPStore.hpp,"(127, 33)-(127, 41)",b'getPort() const noexcept'
csrc,../repos/pytorch/torch/csrc/distributed/c10d/TCPStore.hpp,"(132, 33)-(132, 41)",b'collectClientCounters() const noexcept'
csrc,../repos/pytorch/torch/csrc/distributed/c10d/TCPStore.hpp,"(134, 31)-(134, 39)",b'isLibUvBackend() const noexcept'
csrc,../repos/pytorch/torch/csrc/distributed/c10d/logger.hpp,"(32, 13)-(32, 28)",b'~Logger() noexcept(false)'
csrc,../repos/pytorch/torch/csrc/distributed/c10d/PrefixStore.cpp,"(69, 66)-(69, 74)",b'PrefixStore::getTimeout() const noexcept'
csrc,../repos/pytorch/torch/csrc/distributed/c10d/reducer.cpp,"(262, 21)-(262, 36)",b'Reducer::~Reducer() noexcept(false)'
csrc,../repos/pytorch/torch/csrc/distributed/c10d/TCPStore.cpp,"(90, 30)-(90, 38)",b'port() const noexcept'
csrc,../repos/pytorch/torch/csrc/distributed/c10d/TCPStore.cpp,"(626, 41)-(626, 49)",b'TCPStore::collectClientCounters() const noexcept'
csrc,../repos/pytorch/torch/csrc/distributed/c10d/debug.h,"(21, 36)-(21, 44)",b'debug_level() noexcept'
csrc,../repos/pytorch/torch/csrc/distributed/c10d/init.cpp,"(113, 24)-(113, 32)",b'operator*() const noexcept'
csrc,../repos/pytorch/torch/csrc/distributed/c10d/init.cpp,"(116, 25)-(116, 33)",b'operator->() const noexcept'
csrc,../repos/pytorch/torch/csrc/distributed/c10d/init.cpp,"(119, 32)-(119, 40)",b'get() const noexcept'
csrc,../repos/pytorch/torch/csrc/distributed/c10d/init.cpp,"(122, 16)-(122, 24)",b'reset() noexcept'
csrc,../repos/pytorch/torch/csrc/distributed/c10d/init.cpp,"(125, 25)-(125, 33)",b'() const noexcept'
csrc,../repos/pytorch/torch/csrc/cuda/nccl.cpp,"(438, 33)-(438, 48)",b'AutoNcclGroup::~AutoNcclGroup() noexcept(false)'
csrc,../repos/pytorch/torch/csrc/cuda/nccl.h,"(80, 20)-(80, 35)",b'~AutoNcclGroup() noexcept(false)'
csrc,../repos/pytorch/torch/csrc/Exceptions.cpp,"(245, 38)-(245, 52)",b'PyWarningHandler::PyWarningHandler() noexcept...'
csrc,../repos/pytorch/torch/csrc/Exceptions.cpp,"(266, 39)-(266, 54)",b'PyWarningHandler::~PyWarningHandler() noexcep...'
csrc,../repos/pytorch/torch/csrc/profiler/collection.h,"(59, 42)-(59, 50)",b'RawTensorMetadata(RawTensorMetadata&&) noexcept'
csrc,../repos/pytorch/torch/csrc/profiler/collection.h,"(61, 53)-(61, 61)",b'operator=(RawTensorMetadata&&) noexcept'
csrc,../repos/pytorch/torch/csrc/profiler/perf.h,"(43, 43)-(43, 51)",b'operator=(PerfEvent&& other) noexcept'
csrc,../repos/pytorch/torch/csrc/profiler/perf.h,"(52, 32)-(52, 40)",b'PerfEvent(PerfEvent&& other) noexcept'
csrc,../repos/pytorch/torch/csrc/profiler/combined_traceback.h,"(32, 42)-(32, 50)",b'CapturedTraceback(CapturedTraceback&&) noexcept'
csrc,../repos/pytorch/torch/csrc/profiler/combined_traceback.h,"(33, 53)-(33, 61)",b'operator=(CapturedTraceback&&) noexcept'
csrc,../repos/pytorch/torch/csrc/utils/object_ptr.h,"(11, 31)-(11, 39)",b'THPPointer(T* ptr) noexcept'
csrc,../repos/pytorch/torch/csrc/utils/object_ptr.h,"(12, 30)-(12, 38)",b'THPPointer(THPPointer&& p) noexcept'
csrc,../repos/pytorch/torch/csrc/utils/object_ptr.h,"(31, 37)-(31, 45)",b'operator=(T* new_ptr) noexcept'
csrc,../repos/pytorch/torch/csrc/utils/object_ptr.h,"(36, 41)-(36, 49)",b'operator=(THPPointer&& p) noexcept'
csrc,../repos/pytorch/torch/csrc/utils/invalid_arguments.cpp,"(23, 16)-(23, 24)",b'Type(Type&&) noexcept'
csrc,../repos/pytorch/torch/csrc/utils/invalid_arguments.cpp,"(24, 27)-(24, 35)",b'operator=(Type&&) noexcept'
csrc,../repos/pytorch/torch/csrc/utils/invalid_arguments.cpp,"(116, 26)-(116, 34)",b'Option(Option&& other) noexcept'
csrc,../repos/pytorch/torch/csrc/PyInterpreter.cpp,"(140, 41)-(140, 49)",b'get() const noexcept'
csrc,../repos/pytorch/torch/csrc/PyInterpreter.cpp,"(143, 36)-(143, 44)",b'is_main_interpreter() const noexcept'
csrc,../repos/pytorch/torch/csrc/monitor/events.cpp,"(13, 68)-(13, 76)",b'registerEventHandler(std::shared_ptr<EventHan...'
csrc,../repos/pytorch/torch/csrc/monitor/events.cpp,"(20, 53)-(20, 61)",b'unregisterEventHandler(\n      const std::shar...'
csrc,../repos/pytorch/torch/csrc/monitor/events.cpp,"(35, 31)-(35, 39)",b'get() noexcept'
csrc,../repos/pytorch/torch/csrc/monitor/counters.h,"(168, 35)-(168, 43)",b'name() const noexcept'
csrc,../repos/pytorch/torch/csrc/monitor/counters.h,"(173, 19)-(173, 27)",b'count() noexcept'
csrc,../repos/pytorch/torch/csrc/monitor/counters.h,"(179, 61)-(179, 69)",b'get() noexcept'
csrc,../repos/pytorch/torch/csrc/monitor/counters.h,"(236, 13)-(236, 21)",b'getLocked()\n      const noexcept'
csrc,../repos/pytorch/torch/csrc/api/src/optim/optimizer.cpp,"(137, 58)-(137, 66)",b'Optimizer::parameters() const noexcept'
csrc,../repos/pytorch/torch/csrc/api/src/optim/optimizer.cpp,"(142, 46)-(142, 54)",b'Optimizer::parameters() noexcept'
csrc,../repos/pytorch/torch/csrc/api/src/optim/optimizer.cpp,"(147, 32)-(147, 40)",b'Optimizer::size() const noexcept'
csrc,../repos/pytorch/torch/csrc/api/src/optim/optimizer.cpp,"(156, 41)-(156, 49)",b'Optimizer::defaults() noexcept'
csrc,../repos/pytorch/torch/csrc/api/src/optim/optimizer.cpp,"(160, 53)-(160, 61)",b'Optimizer::defaults() const noexcept'
csrc,../repos/pytorch/torch/csrc/api/src/optim/optimizer.cpp,"(164, 61)-(164, 69)",b'Optimizer::param_groups() noexcept'
csrc,../repos/pytorch/torch/csrc/api/src/optim/optimizer.cpp,"(169, 11)-(169, 19)",b'Optimizer::param_groups()\n    const noexcept'
csrc,../repos/pytorch/torch/csrc/api/src/optim/optimizer.cpp,"(174, 13)-(174, 21)",b'Optimizer::\n    state() noexcept'
csrc,../repos/pytorch/torch/csrc/api/src/optim/optimizer.cpp,"(179, 26)-(179, 34)",b'Optimizer::state() const noexcept'
csrc,../repos/pytorch/torch/csrc/api/src/nn/module.cpp,"(44, 41)-(44, 49)",b'Module::name() const noexcept'
csrc,../repos/pytorch/torch/csrc/api/src/nn/module.cpp,"(249, 34)-(249, 42)",b'Module::is_training() const noexcept'
csrc,../repos/pytorch/torch/csrc/api/src/data/samplers/sequential.cpp,"(49, 41)-(49, 49)",b'SequentialSampler::index() const noexcept'
csrc,../repos/pytorch/torch/csrc/api/src/data/samplers/distributed.cpp,"(94, 48)-(94, 56)",b'DistributedRandomSampler::index() const noexcept'
csrc,../repos/pytorch/torch/csrc/api/src/data/samplers/distributed.cpp,"(162, 52)-(162, 60)",b'DistributedSequentialSampler::index() const n...'
csrc,../repos/pytorch/torch/csrc/api/src/data/samplers/stream.cpp,"(14, 32)-(14, 40)",b'BatchSize::size() const noexcept'
csrc,../repos/pytorch/torch/csrc/api/src/data/samplers/stream.cpp,"(17, 36)-(17, 44)",b'() const noexcept'
csrc,../repos/pytorch/torch/csrc/api/src/data/samplers/random.cpp,"(69, 37)-(69, 45)",b'RandomSampler::index() const noexcept'
csrc,../repos/pytorch/torch/csrc/api/src/data/datasets/mnist.cpp,"(113, 30)-(113, 38)",b'MNIST::is_train() const noexcept'
csrc,../repos/pytorch/torch/csrc/api/include/torch/optim/adagrad.h,"(50, 42)-(50, 50)",b'AdagradParamState(AdagradParamState&&) noexcept'
csrc,../repos/pytorch/torch/csrc/api/include/torch/optim/adagrad.h,"(51, 53)-(51, 61)",b'operator=(AdagradParamState&&) noexcept'
csrc,../repos/pytorch/torch/csrc/api/include/torch/optim/optimizer.h,"(40, 46)-(40, 54)",b'OptimizerParamState(OptimizerParamState&&) no...'
csrc,../repos/pytorch/torch/csrc/api/include/torch/optim/optimizer.h,"(41, 57)-(41, 65)",b'operator=(OptimizerParamState&&) noexcept'
csrc,../repos/pytorch/torch/csrc/api/include/torch/optim/optimizer.h,"(60, 40)-(60, 48)",b'OptimizerOptions(OptimizerOptions&&) noexcept'
csrc,../repos/pytorch/torch/csrc/api/include/torch/optim/optimizer.h,"(61, 51)-(61, 59)",b'operator=(OptimizerOptions&&) noexcept'
csrc,../repos/pytorch/torch/csrc/api/include/torch/optim/optimizer.h,"(149, 49)-(149, 57)",b'parameters() const noexcept'
csrc,../repos/pytorch/torch/csrc/api/include/torch/optim/optimizer.h,"(153, 37)-(153, 45)",b'parameters() noexcept'
csrc,../repos/pytorch/torch/csrc/api/include/torch/optim/optimizer.h,"(156, 23)-(156, 31)",b'size() const noexcept'
csrc,../repos/pytorch/torch/csrc/api/include/torch/optim/optimizer.h,"(158, 32)-(158, 40)",b'defaults() noexcept'
csrc,../repos/pytorch/torch/csrc/api/include/torch/optim/optimizer.h,"(160, 44)-(160, 52)",b'defaults() const noexcept'
csrc,../repos/pytorch/torch/csrc/api/include/torch/optim/optimizer.h,"(163, 52)-(163, 60)",b'param_groups() noexcept'
csrc,../repos/pytorch/torch/csrc/api/include/torch/optim/optimizer.h,"(166, 64)-(166, 72)",b'param_groups() const noexcept'
csrc,../repos/pytorch/torch/csrc/api/include/torch/optim/optimizer.h,"(170, 11)-(170, 19)",b'state() noexcept'
csrc,../repos/pytorch/torch/csrc/api/include/torch/optim/optimizer.h,"(174, 13)-(174, 21)",b'state()\n      const noexcept'
csrc,../repos/pytorch/torch/csrc/api/include/torch/expanding_array.h,"(86, 23)-(86, 31)",b'size() const noexcept'
csrc,../repos/pytorch/torch/csrc/api/include/torch/arg.h,"(18, 20)-(18, 28)",b'name() noexcept'
csrc,../repos/pytorch/torch/csrc/api/include/torch/nn/module.h,"(86, 20)-(86, 28)",b'Module(Module&&) noexcept'
csrc,../repos/pytorch/torch/csrc/api/include/torch/nn/module.h,"(87, 31)-(87, 39)",b'operator=(Module&&) noexcept'
csrc,../repos/pytorch/torch/csrc/api/include/torch/nn/module.h,"(100, 35)-(100, 43)",b'name() const noexcept'
csrc,../repos/pytorch/torch/csrc/api/include/torch/nn/module.h,"(279, 36)-(279, 44)",b'is_training() const noexcept'
csrc,../repos/pytorch/torch/csrc/api/include/torch/nn/module.h,"(328, 44)-(328, 52)",b'as() noexcept'
csrc,../repos/pytorch/torch/csrc/api/include/torch/nn/module.h,"(346, 56)-(346, 64)",b'as() const noexcept'
csrc,../repos/pytorch/torch/csrc/api/include/torch/nn/module.h,"(367, 20)-(367, 28)",b'as() noexcept'
csrc,../repos/pytorch/torch/csrc/api/include/torch/nn/module.h,"(388, 32)-(388, 40)",b'as() const noexcept'
csrc,../repos/pytorch/torch/csrc/api/include/torch/nn/module.h,"(626, 50)-(626, 58)",b'Module::as() noexcept'
csrc,../repos/pytorch/torch/csrc/api/include/torch/nn/module.h,"(633, 62)-(633, 70)",b'Module::as() const noexcept'
csrc,../repos/pytorch/torch/csrc/api/include/torch/nn/module.h,"(640, 26)-(640, 34)",b'Module::as() noexcept'
csrc,../repos/pytorch/torch/csrc/api/include/torch/nn/module.h,"(645, 38)-(645, 46)",b'Module::as() const noexcept'
csrc,../repos/pytorch/torch/csrc/api/include/torch/nn/modules/container/named_any.h,"(74, 35)-(74, 43)",b'name() const noexcept'
csrc,../repos/pytorch/torch/csrc/api/include/torch/nn/modules/container/named_any.h,"(79, 23)-(79, 31)",b'module() noexcept'
csrc,../repos/pytorch/torch/csrc/api/include/torch/nn/modules/container/named_any.h,"(84, 35)-(84, 43)",b'module() const noexcept'
csrc,../repos/pytorch/torch/csrc/api/include/torch/nn/modules/container/sequential.h,"(330, 23)-(330, 31)",b'size() const noexcept'
csrc,../repos/pytorch/torch/csrc/api/include/torch/nn/modules/container/sequential.h,"(335, 25)-(335, 33)",b'is_empty() const noexcept'
csrc,../repos/pytorch/torch/csrc/api/include/torch/nn/modules/container/moduledict.h,"(125, 23)-(125, 31)",b'size() const noexcept'
csrc,../repos/pytorch/torch/csrc/api/include/torch/nn/modules/container/moduledict.h,"(130, 22)-(130, 30)",b'empty() const noexcept'
csrc,../repos/pytorch/torch/csrc/api/include/torch/nn/modules/container/moduledict.h,"(135, 47)-(135, 55)",b'contains(const std::string& key) const noexcept'
csrc,../repos/pytorch/torch/csrc/api/include/torch/nn/modules/container/parameterlist.h,"(140, 23)-(140, 31)",b'size() const noexcept'
csrc,../repos/pytorch/torch/csrc/api/include/torch/nn/modules/container/parameterlist.h,"(144, 25)-(144, 33)",b'is_empty() const noexcept'
csrc,../repos/pytorch/torch/csrc/api/include/torch/nn/modules/container/modulelist.h,"(206, 23)-(206, 31)",b'size() const noexcept'
csrc,../repos/pytorch/torch/csrc/api/include/torch/nn/modules/container/modulelist.h,"(211, 25)-(211, 33)",b'is_empty() const noexcept'
csrc,../repos/pytorch/torch/csrc/api/include/torch/nn/modules/container/any_value.h,"(79, 43)-(79, 51)",b'type_info() const noexcept'
csrc,../repos/pytorch/torch/csrc/api/include/torch/nn/modules/container/any_value.h,"(92, 60)-(92, 68)",b'Placeholder(const std::type_info& type_info_)...'
csrc,../repos/pytorch/torch/csrc/api/include/torch/nn/modules/container/any_value.h,"(111, 33)-(111, 41)",b'Holder(U&& value_) noexcept'
csrc,../repos/pytorch/torch/csrc/api/include/torch/nn/modules/container/parameterdict.h,"(88, 23)-(88, 31)",b'size() const noexcept'
csrc,../repos/pytorch/torch/csrc/api/include/torch/nn/modules/container/parameterdict.h,"(93, 22)-(93, 30)",b'empty() const noexcept'
csrc,../repos/pytorch/torch/csrc/api/include/torch/nn/modules/container/parameterdict.h,"(112, 47)-(112, 55)",b'contains(const std::string& key) const noexcept'
csrc,../repos/pytorch/torch/csrc/api/include/torch/nn/modules/container/any.h,"(185, 25)-(185, 33)",b'is_empty() const noexcept'
csrc,../repos/pytorch/torch/csrc/api/include/torch/nn/modules/container/any.h,"(320, 41)-(320, 49)",b'AnyModule::is_empty() const noexcept'
csrc,../repos/pytorch/torch/csrc/api/include/torch/nn/pimpl.h,"(76, 34)-(76, 42)",b'() const noexcept'
csrc,../repos/pytorch/torch/csrc/api/include/torch/nn/pimpl.h,"(138, 25)-(138, 33)",b'is_empty() const noexcept'
csrc,../repos/pytorch/torch/csrc/api/include/torch/data/detail/data_shuttle.h,"(71, 33)-(71, 41)",b'in_flight_jobs() const noexcept'
csrc,../repos/pytorch/torch/csrc/api/include/torch/data/samplers/stream.h,"(25, 23)-(25, 31)",b'size() const noexcept override'
csrc,../repos/pytorch/torch/csrc/api/include/torch/data/samplers/stream.h,"(26, 27)-(26, 35)",b'() const noexcept'
csrc,../repos/pytorch/torch/csrc/api/include/torch/data/samplers/custom_batch_request.h,"(13, 44)-(13, 52)",b'CustomBatchRequest(CustomBatchRequest&&) noexcept'
csrc,../repos/pytorch/torch/csrc/api/include/torch/data/samplers/distributed.h,"(93, 24)-(93, 32)",b'index() const noexcept'
csrc,../repos/pytorch/torch/csrc/api/include/torch/data/samplers/distributed.h,"(126, 24)-(126, 32)",b'index() const noexcept'
csrc,../repos/pytorch/torch/csrc/api/include/torch/data/samplers/random.h,"(46, 24)-(46, 32)",b'index() const noexcept'
csrc,../repos/pytorch/torch/csrc/api/include/torch/data/samplers/sequential.h,"(41, 24)-(41, 32)",b'index() const noexcept'
csrc,../repos/pytorch/torch/csrc/api/include/torch/data/dataloader/base.h,"(96, 48)-(96, 56)",b'options() const noexcept'
csrc,../repos/pytorch/torch/csrc/api/include/torch/data/datasets/map.h,"(47, 33)-(47, 41)",b'size() const noexcept override'
csrc,../repos/pytorch/torch/csrc/api/include/torch/data/datasets/map.h,"(60, 34)-(60, 42)",b'dataset() noexcept'
csrc,../repos/pytorch/torch/csrc/api/include/torch/data/datasets/map.h,"(65, 39)-(65, 47)",b'transform() noexcept'
csrc,../repos/pytorch/torch/csrc/api/include/torch/data/datasets/mnist.h,"(35, 25)-(35, 33)",b'is_train() const noexcept'
csrc,../repos/pytorch/torch/csrc/api/include/torch/data/worker_exception.h,"(26, 28)-(26, 36)",b'what() const noexcept override'
csrc,../repos/pytorch/torch/csrc/api/include/torch/imethod.h,"(28, 22)-(28, 30)",b'IMethod(IMethod&&) noexcept'
csrc,../repos/pytorch/torch/csrc/api/include/torch/imethod.h,"(29, 33)-(29, 41)",b'operator=(IMethod&&) noexcept'
csrc,../repos/pytorch/torch/csrc/api/include/torch/ordered_dict.h,"(39, 36)-(39, 44)",b'OrderedDict(OrderedDict&& other) noexcept'
csrc,../repos/pytorch/torch/csrc/api/include/torch/ordered_dict.h,"(40, 47)-(40, 55)",b'operator=(OrderedDict&& other) noexcept'
csrc,../repos/pytorch/torch/csrc/api/include/torch/ordered_dict.h,"(49, 46)-(49, 54)",b'key_description() const noexcept'
csrc,../repos/pytorch/torch/csrc/api/include/torch/ordered_dict.h,"(91, 31)-(91, 39)",b'find(const Key& key) noexcept'
csrc,../repos/pytorch/torch/csrc/api/include/torch/ordered_dict.h,"(95, 43)-(95, 51)",b'find(const Key& key) const noexcept'
csrc,../repos/pytorch/torch/csrc/api/include/torch/ordered_dict.h,"(98, 39)-(98, 47)",b'contains(const Key& key) const noexcept'
csrc,../repos/pytorch/torch/csrc/api/include/torch/ordered_dict.h,"(119, 23)-(119, 31)",b'size() const noexcept'
csrc,../repos/pytorch/torch/csrc/api/include/torch/ordered_dict.h,"(122, 25)-(122, 33)",b'is_empty() const noexcept'
csrc,../repos/pytorch/torch/csrc/api/include/torch/ordered_dict.h,"(159, 42)-(159, 50)",b'items() const noexcept'
csrc,../repos/pytorch/torch/csrc/api/include/torch/ordered_dict.h,"(220, 26)-(220, 34)",b'key() const noexcept'
csrc,../repos/pytorch/torch/csrc/api/include/torch/ordered_dict.h,"(225, 18)-(225, 26)",b'value() noexcept'
csrc,../repos/pytorch/torch/csrc/api/include/torch/ordered_dict.h,"(230, 30)-(230, 38)",b'value() const noexcept'
csrc,../repos/pytorch/torch/csrc/api/include/torch/ordered_dict.h,"(235, 45)-(235, 53)",b'pair() const noexcept'
csrc,../repos/pytorch/torch/csrc/api/include/torch/ordered_dict.h,"(398, 54)-(398, 62)","b'OrderedDict<Key, Value>::find(const Key& key)...'"
csrc,../repos/pytorch/torch/csrc/api/include/torch/ordered_dict.h,"(407, 66)-(407, 74)","b'OrderedDict<Key, Value>::find(const Key& key)...'"
csrc,../repos/pytorch/torch/csrc/api/include/torch/ordered_dict.h,"(430, 62)-(430, 70)","b'OrderedDict<Key, Value>::contains(const Key& ...'"
csrc,../repos/pytorch/torch/csrc/api/include/torch/ordered_dict.h,"(441, 46)-(441, 54)","b'OrderedDict<Key, Value>::size() const noexcept'"
csrc,../repos/pytorch/torch/csrc/api/include/torch/ordered_dict.h,"(446, 48)-(446, 56)","b'OrderedDict<Key, Value>::is_empty() const noexcept'"
csrc,../repos/pytorch/torch/csrc/api/include/torch/ordered_dict.h,"(451, 69)-(451, 77)","b'OrderedDict<Key, Value>::key_description() co...'"
csrc,../repos/pytorch/torch/csrc/api/include/torch/ordered_dict.h,"(458, 27)-(458, 35)","b'OrderedDict<\n    Key,\n    Value>::items() con...'"
csrc,../repos/pytorch/torch/csrc/autograd/functions/accumulate_grad.h,"(46, 69)-(46, 77)",b'tensor_pre_hooks() noexcept\n      override'
csrc,../repos/pytorch/torch/csrc/autograd/functions/accumulate_grad.h,"(54, 73)-(54, 81)",b'tensor_post_acc_grad_hooks() noexcept\n      o...'
csrc,../repos/pytorch/torch/csrc/autograd/edge.h,"(15, 10)-(15, 18)",b'Edge() noexcept'
csrc,../repos/pytorch/torch/csrc/autograd/edge.h,"(17, 61)-(17, 69)","b'Edge(std::shared_ptr<Node> function_, uint32_...'"
csrc,../repos/pytorch/torch/csrc/autograd/edge.h,"(21, 25)-(21, 33)",b'is_valid() const noexcept'
csrc,../repos/pytorch/torch/csrc/autograd/edge.h,"(26, 44)-(26, 52)",b'operator==(const Edge& other) const noexcept'
csrc,../repos/pytorch/torch/csrc/autograd/edge.h,"(30, 44)-(30, 52)",b'operator!=(const Edge& other) const noexcept'
csrc,../repos/pytorch/torch/csrc/autograd/edge.h,"(52, 59)-(52, 67)",b'operator()(const argument_type& edge) const n...'
csrc,../repos/pytorch/torch/csrc/autograd/function.cpp,"(53, 35)-(53, 43)",b'Node::metadata() noexcept'
csrc,../repos/pytorch/torch/csrc/autograd/function.h,"(199, 23)-(199, 31)",b'add_input_metadata(\n      const at::TensorOpt...'
csrc,../repos/pytorch/torch/csrc/autograd/function.h,"(207, 52)-(207, 60)",b'add_input_metadata(const at::Tensor& t) noexcept'
csrc,../repos/pytorch/torch/csrc/autograd/function.h,"(214, 50)-(214, 58)",b'add_input_metadata(undefined_input u) noexcept'
csrc,../repos/pytorch/torch/csrc/autograd/function.h,"(220, 31)-(220, 39)",b'num_inputs() const noexcept'
csrc,../repos/pytorch/torch/csrc/autograd/function.h,"(289, 45)-(289, 53)",b'next_edge(size_t index) const noexcept'
csrc,../repos/pytorch/torch/csrc/autograd/function.h,"(293, 39)-(293, 47)",b'next_edges() const noexcept'
csrc,../repos/pytorch/torch/csrc/autograd/function.h,"(297, 27)-(297, 35)",b'next_edges() noexcept'
csrc,../repos/pytorch/torch/csrc/autograd/function.h,"(301, 32)-(301, 40)",b'num_outputs() const noexcept'
csrc,../repos/pytorch/torch/csrc/autograd/function.h,"(326, 32)-(326, 40)",b'sequence_nr() const noexcept'
csrc,../repos/pytorch/torch/csrc/autograd/function.h,"(367, 35)-(367, 43)",b'topological_nr() const noexcept'
csrc,../repos/pytorch/torch/csrc/autograd/function.h,"(376, 30)-(376, 38)",b'thread_id() const noexcept'
csrc,../repos/pytorch/torch/csrc/autograd/function.h,"(446, 27)-(446, 35)",b'pyobj() const noexcept'
csrc,../repos/pytorch/torch/csrc/autograd/function.h,"(451, 35)-(451, 43)",b'set_pyobj(PyObject* pyobj) noexcept'
csrc,../repos/pytorch/torch/csrc/autograd/function.h,"(457, 31)-(457, 39)",b'metadata() noexcept'
csrc,../repos/pytorch/torch/csrc/autograd/function.h,"(470, 13)-(470, 21)",b'post_hooks()\n      const noexcept'
csrc,../repos/pytorch/torch/csrc/autograd/function.h,"(485, 64)-(485, 72)",b'post_hooks() noexcept'
csrc,../repos/pytorch/torch/csrc/autograd/function.h,"(510, 13)-(510, 21)",b'pre_hooks()\n      const noexcept'
csrc,../repos/pytorch/torch/csrc/autograd/function.h,"(514, 62)-(514, 70)",b'pre_hooks() noexcept'
csrc,../repos/pytorch/torch/csrc/autograd/function.h,"(519, 22)-(519, 30)",b'tensor_pre_hooks() noexcept'
csrc,../repos/pytorch/torch/csrc/autograd/function.h,"(524, 32)-(524, 40)",b'tensor_post_acc_grad_hooks() noexcept'
csrc,../repos/pytorch/torch/csrc/autograd/function.h,"(530, 24)-(530, 32)",b'retains_grad_hooks() noexcept'
csrc,../repos/pytorch/torch/csrc/autograd/profiler_legacy.cpp,"(612, 59)-(612, 67)",b'operator()(\n        std::pair<at::RecordFunct...'
csrc,../repos/pytorch/torch/csrc/Module.cpp,"(1953, 60)-(1953, 68)",b'operator()(const _DeviceDtypeKey& k) const no...'
csrc,../repos/pytorch/torch/csrc/jit/backends/backend_interface.cpp,"(6, 52)-(6, 60)",b'PyTorchBackendInterface::PyTorchBackendInterf...'
csrc,../repos/pytorch/torch/csrc/jit/frontend/source_range.h,"(25, 36)-(25, 44)",b'StringCordView(StringCordView&&) noexcept'
csrc,../repos/pytorch/torch/csrc/jit/frontend/source_range.h,"(31, 47)-(31, 55)",b'operator=(StringCordView&&) noexcept'
csrc,../repos/pytorch/torch/csrc/jit/frontend/error_report.h,"(21, 28)-(21, 36)",b'what() const noexcept override'
csrc,../repos/pytorch/torch/csrc/jit/frontend/error_report.cpp,"(70, 39)-(70, 47)",b'ErrorReport::what() const noexcept'
csrc,../repos/pytorch/torch/csrc/jit/runtime/static/impl.cpp,"(947, 41)-(947, 49)",b'BlockRunner::BlockRunner(BlockRunner&&) noexcept'
csrc,../repos/pytorch/torch/csrc/jit/runtime/static/impl.cpp,"(1107, 51)-(1107, 59)",b'BlockRunner::clean_up_intermediate_ivalues() ...'
csrc,../repos/pytorch/torch/csrc/jit/runtime/static/impl.cpp,"(1116, 33)-(1116, 41)",b'BlockRunner::resetMemory() noexcept'
csrc,../repos/pytorch/torch/csrc/jit/runtime/static/impl.h,"(552, 30)-(552, 38)",b'BlockRunner(BlockRunner&&) noexcept'
csrc,../repos/pytorch/torch/csrc/jit/runtime/static/impl.h,"(667, 22)-(667, 30)",b'resetMemory() noexcept'
csrc,../repos/pytorch/torch/csrc/jit/runtime/static/impl.h,"(730, 33)-(730, 41)",b'clean_up_input_ivalues() noexcept'
csrc,../repos/pytorch/torch/csrc/jit/runtime/static/impl.h,"(736, 40)-(736, 48)",b'clean_up_intermediate_ivalues() noexcept'
csrc,../repos/pytorch/torch/csrc/jit/runtime/static/ProcessedNodeInputs.h,"(93, 34)-(93, 42)",b'HeapArrayPtr(HeapArrayPtr&&) noexcept'
csrc,../repos/pytorch/torch/csrc/jit/runtime/static/ProcessedNodeInputs.h,"(94, 45)-(94, 53)",b'operator=(HeapArrayPtr&&) noexcept'
csrc,../repos/pytorch/torch/csrc/jit/runtime/static/ProcessedNodeInputs.h,"(188, 22)-(188, 30)",b'Repr(Repr&& rhs) noexcept'
csrc,../repos/pytorch/torch/csrc/jit/runtime/static/ProcessedNodeInputs.h,"(196, 33)-(196, 41)",b'operator=(Repr&& rhs) noexcept'
csrc,../repos/pytorch/torch/csrc/jit/runtime/profiling_record.h,"(177, 38)-(177, 46)",b'ProfilingRecord(ProfilingRecord&&) noexcept'
csrc,../repos/pytorch/torch/csrc/jit/runtime/interpreter.h,"(108, 28)-(108, 36)",b'what() const noexcept override'
csrc,../repos/pytorch/torch/csrc/jit/mobile/train/sequential.cpp,"(42, 41)-(42, 49)",b'SequentialSampler::index() const noexcept'
csrc,../repos/pytorch/torch/csrc/jit/mobile/train/random.h,"(47, 24)-(47, 32)",b'index() const noexcept'
csrc,../repos/pytorch/torch/csrc/jit/mobile/train/sequential.h,"(42, 24)-(42, 32)",b'index() const noexcept'
csrc,../repos/pytorch/torch/csrc/jit/mobile/train/random.cpp,"(53, 37)-(53, 45)",b'RandomSampler::index() const noexcept'
csrc,../repos/pytorch/torch/csrc/jit/ir/attributes.h,"(176, 28)-(176, 36)",b'what() const noexcept override'
csrc,../repos/pytorch/torch/csrc/jit/ir/graph_node_list.h,"(64, 47)-(64, 55)",b'generic_graph_node_list_iterator(\n      gener...'
csrc,../repos/pytorch/torch/csrc/jit/ir/graph_node_list.h,"(68, 47)-(68, 55)",b'operator=(\n      generic_graph_node_list_iter...'
csrc,../repos/pytorch/torch/csrc/jit/api/function_impl.cpp,"(41, 40)-(41, 48)",b'tryToGraphFunctionImpl(F& function) noexcept'
csrc,../repos/pytorch/torch/csrc/jit/api/function_impl.cpp,"(160, 55)-(160, 63)",b'tryToGraphFunction(Function& function) noexcept'
csrc,../repos/pytorch/torch/csrc/jit/api/function_impl.h,"(177, 56)-(177, 64)",b'tryToGraphFunction(Function&) noexcept'
csrc,../repos/pytorch/torch/csrc/jit/api/object.h,"(28, 20)-(28, 28)",b'Object(Object&&) noexcept'
csrc,../repos/pytorch/torch/csrc/jit/api/object.h,"(29, 31)-(29, 39)",b'operator=(Object&&) noexcept'
csrc,../repos/pytorch/torch/csrc/jit/api/module.h,"(93, 20)-(93, 28)",b'Module(Module&&) noexcept'
csrc,../repos/pytorch/torch/csrc/jit/api/module.h,"(94, 31)-(94, 39)",b'operator=(Module&&) noexcept'
csrc,../repos/pytorch/torch/csrc/jit/api/module.h,"(270, 49)-(270, 57)",b'operator==(const Module& y) const noexcept'
csrc,../repos/pytorch/torch/csrc/jit/tensorexpr/external_functions.h,"(98, 26)-(98, 34)","b'DispatchParallel(\n    int8_t* func,\n    int64...'"
csrc,../repos/pytorch/torch/csrc/jit/tensorexpr/external_functions.h,"(105, 61)-(105, 69)","b'nnc_aten_free(int64_t bufs_num, void** ptrs) ...'"
csrc,../repos/pytorch/torch/csrc/jit/tensorexpr/external_functions_core.h,"(19, 26)-(19, 34)","b'DispatchParallel(\n    int8_t* func,\n    int64...'"
csrc,../repos/pytorch/torch/csrc/jit/tensorexpr/external_functions_core.h,"(21, 61)-(21, 69)","b'nnc_aten_free(int64_t bufs_num, void** ptrs) ...'"
csrc,../repos/pytorch/torch/csrc/jit/tensorexpr/cuda_codegen.cpp,"(48, 20)-(48, 35)",b'~ScopedVarName() noexcept(false)'
csrc,../repos/pytorch/torch/csrc/jit/tensorexpr/external_functions_core.cpp,"(14, 26)-(14, 34)","b'DispatchParallel(\n    int8_t* func,\n    int64...'"
csrc,../repos/pytorch/torch/csrc/jit/tensorexpr/external_functions_core.cpp,"(27, 51)-(27, 59)","b'nnc_aten_free(int64_t bufs_num, void** ptrs) ...'"
csrc,../repos/pytorch/torch/csrc/Exceptions.h,"(159, 38)-(159, 46)",b'python_error(python_error&& other) noexcept'
csrc,../repos/pytorch/torch/csrc/Exceptions.h,"(179, 28)-(179, 36)",b'what() const noexcept override'
csrc,../repos/pytorch/torch/csrc/Exceptions.h,"(267, 28)-(267, 36)",b'what() const noexcept override'
csrc,../repos/pytorch/torch/csrc/Exceptions.h,"(313, 39)-(313, 53)",b'PyWarningHandler() noexcept(true)'
csrc,../repos/pytorch/torch/csrc/Exceptions.h,"(315, 40)-(315, 55)",b'PyWarningHandler() noexcept(false)'
csrc,../repos/pytorch/torch/csrc/lazy/core/tensor_impl.cpp,"(44, 53)-(44, 61)",b'uncheckedSetDevice(c10::Device device) const ...'
csrc,../repos/pytorch/torch/csrc/lazy/core/tensor_impl.cpp,"(49, 51)-(49, 59)",b'getStream(c10::Device device) const noexcept ...'
csrc,../repos/pytorch/torch/csrc/lazy/core/tensor_impl.cpp,"(54, 57)-(54, 65)",b'exchangeStream(c10::Stream _unused) const noe...'
csrc,../repos/pytorch/torch/csrc/lazy/core/tensor_impl.cpp,"(58, 40)-(58, 48)",b'deviceCount() const noexcept override'
csrc,../repos/pytorch/torch/csrc/lazy/core/tensor.h,"(71, 28)-(71, 36)",b'LazyTensor(LazyTensor&&) noexcept'
csrc,../repos/pytorch/torch/csrc/lazy/core/util.h,"(27, 26)-(27, 34)",b'Cleanup(Cleanup&& ref) noexcept'
csrc,../repos/pytorch/torch/csrc/lazy/core/util.h,"(39, 37)-(39, 45)",b'operator=(Cleanup&& ref) noexcept'
