Repo name,File name,Location,Content
csrc,../repos/pytorch/torch/csrc/StorageSharing.cpp,"(405, 3)-(414, 4)",b'try {\n    auto sptr = at::RefcountedMapAlloca...'
csrc,../repos/pytorch/torch/csrc/StorageSharing.cpp,"(546, 9)-(555, 10)",b'try {\n          auto sptr = at::RefcountedMap...'
csrc,../repos/pytorch/torch/csrc/distributed/rpc/rpc_agent.cpp,"(162, 7)-(169, 8)",b'try {\n        jitFuture = send(earliestRpc->t...'
csrc,../repos/pytorch/torch/csrc/distributed/rpc/request_callback_no_python.cpp,"(62, 3)-(122, 4)",b'try {\n    rrefContext.recordThreadLocalPendin...'
csrc,../repos/pytorch/torch/csrc/distributed/rpc/request_callback_no_python.cpp,"(129, 3)-(134, 4)","b'try {\n    return processRpc(rpc, messageType,...'"
csrc,../repos/pytorch/torch/csrc/distributed/rpc/request_callback_no_python.cpp,"(585, 3)-(589, 4)",b'try {\n    op.getOperation()(stack);\n  } catch...'
csrc,../repos/pytorch/torch/csrc/distributed/rpc/rref_impl.cpp,"(108, 5)-(117, 6)",b'try {\n      RRefContext::getInstance().delUse...'
csrc,../repos/pytorch/torch/csrc/distributed/rpc/py_rref.cpp,"(321, 5)-(325, 6)","b'try {\n      value = torch::jit::toIValue(obj,...'"
csrc,../repos/pytorch/torch/csrc/distributed/rpc/request_callback_impl.cpp,"(92, 3)-(100, 4)",b'try {\n    return pythonRpcHandler.serialize(j...'
csrc,../repos/pytorch/torch/csrc/distributed/rpc/request_callback_impl.cpp,"(114, 3)-(125, 4)",b'try {\n    result = pythonRpcHandler.runPython...'
csrc,../repos/pytorch/torch/csrc/distributed/rpc/request_callback_impl.cpp,"(134, 3)-(146, 4)",b'try {\n    return result.cast<jit::PythonFutur...'
csrc,../repos/pytorch/torch/csrc/distributed/rpc/request_callback_impl.cpp,"(258, 3)-(275, 4)","b'try {\n    return processRpc(rpc, messageType,...'"
csrc,../repos/pytorch/torch/csrc/distributed/rpc/request_callback_impl.cpp,"(311, 3)-(322, 4)",b'try {\n    // runAsync() starts in the calling...'
csrc,../repos/pytorch/torch/csrc/distributed/rpc/tensorpipe_agent.cpp,"(638, 5)-(642, 6)",b'try {\n      devices = getDevicesForRemote(pip...'
csrc,../repos/pytorch/torch/csrc/distributed/rpc/tensorpipe_agent.cpp,"(752, 11)-(767, 12)",b'try {\n            // Instead of creating a Mu...'
csrc,../repos/pytorch/torch/csrc/distributed/rpc/python_functions.cpp,"(87, 5)-(91, 6)",b'try {\n      opWithStack = torch::jit::getOpWi...'
csrc,../repos/pytorch/torch/csrc/distributed/rpc/python_functions.cpp,"(152, 13)-(178, 14)",b'try {\n              ivalue = toPyIValue(messa...'
csrc,../repos/pytorch/torch/csrc/distributed/autograd/context/container.cpp,"(229, 3)-(236, 4)",b'try {\n    agent = rpc::RpcAgent::getCurrentRp...'
csrc,../repos/pytorch/torch/csrc/distributed/autograd/context/container.cpp,"(243, 5)-(264, 6)",b'try {\n      auto cleanupFuture = agent->sendW...'
csrc,../repos/pytorch/torch/csrc/distributed/autograd/autograd.cpp,"(18, 3)-(23, 4)",b'try {\n    DistEngine::getInstance().execute(c...'
csrc,../repos/pytorch/torch/csrc/distributed/autograd/engine/dist_engine.cpp,"(374, 9)-(384, 10)",b'try {\n          GraphTaskGuard guard(local_gr...'
csrc,../repos/pytorch/torch/csrc/distributed/autograd/engine/dist_engine.cpp,"(442, 5)-(448, 6)",b'try {\n      const variable_list& grads = futu...'
csrc,../repos/pytorch/torch/csrc/distributed/autograd/engine/dist_engine.cpp,"(506, 11)-(540, 12)",b'try {\n            if (accumulateGradFuture.ha...'
csrc,../repos/pytorch/torch/csrc/distributed/autograd/engine/dist_engine.cpp,"(522, 15)-(529, 16)",b'try {\n                // Perform cleanup at t...'
csrc,../repos/pytorch/torch/csrc/distributed/c10d/UCCUtils.cpp,"(31, 3)-(40, 4)",b'try {\n    info->store->set(info->getKey(kTeam...'
csrc,../repos/pytorch/torch/csrc/distributed/c10d/UCCUtils.cpp,"(48, 3)-(66, 4)",b'try {\n    for (int r = 0; r < info->size; r++...'
csrc,../repos/pytorch/torch/csrc/distributed/c10d/UCCUtils.cpp,"(73, 3)-(96, 4)",b'try {\n    int num_done = info->store->add({in...'
csrc,../repos/pytorch/torch/csrc/distributed/c10d/Utils.hpp,"(140, 5)-(144, 6)",b'try {\n      ret = std::stoi(val);\n    } catch...'
csrc,../repos/pytorch/torch/csrc/distributed/c10d/PyProcessGroup.hpp,"(159, 7)-(169, 8)",b'try {\n        hook_(workInfo);\n      } catch ...'
csrc,../repos/pytorch/torch/csrc/distributed/c10d/ProcessGroupNCCL.cpp,"(121, 3)-(183, 4)",b'try {\n    if (input.scalar_type() == at::kBoo...'
csrc,../repos/pytorch/torch/csrc/distributed/c10d/ProcessGroupNCCL.cpp,"(267, 3)-(273, 4)",b'try {\n    std::rethrow_exception(exceptionPtr...'
csrc,../repos/pytorch/torch/csrc/distributed/c10d/ProcessGroupNCCL.cpp,"(359, 5)-(364, 6)",b'try {\n      auto& gil_checker = get_gil_check...'
csrc,../repos/pytorch/torch/csrc/distributed/c10d/ProcessGroupNCCL.cpp,"(989, 9)-(993, 10)",b'try {\n          promise.set_value(dumpDebuggi...'
csrc,../repos/pytorch/torch/csrc/distributed/c10d/ProcessGroupNCCL.cpp,"(1028, 3)-(1037, 4)",b'try {\n    fut.get();\n    std::this_thread::sl...'
csrc,../repos/pytorch/torch/csrc/distributed/c10d/ProcessGroupNCCL.cpp,"(1331, 3)-(1367, 4)","b'try {\n    VLOG(2) << logPrefix() << ""NCCL wat...'"
csrc,../repos/pytorch/torch/csrc/distributed/c10d/ProcessGroupNCCL.cpp,"(1508, 11)-(1542, 12)",b'try {\n            if (desyncDebug_ || dumpOnT...'
csrc,../repos/pytorch/torch/csrc/distributed/c10d/ProcessGroupNCCL.cpp,"(1604, 5)-(1651, 6)",b'try {\n      for (auto it = completedWorkList_...'
csrc,../repos/pytorch/torch/csrc/distributed/c10d/ProcessGroupNCCL.cpp,"(1724, 5)-(1756, 6)",b'try {\n      auto vec = store_->get(storeKey);...'
csrc,../repos/pytorch/torch/csrc/distributed/c10d/TCPStoreBackend.cpp,"(206, 5)-(222, 6)",b'try {\n      query(fds[fdIdx].fd);\n    } catch...'
csrc,../repos/pytorch/torch/csrc/distributed/c10d/ProcessGroupGloo.cpp,"(434, 3)-(439, 4)",b'try {\n    work->run();\n  } catch (...) {\n    ...'
csrc,../repos/pytorch/torch/csrc/distributed/c10d/ProcessGroupGloo.cpp,"(571, 3)-(579, 4)",b'try {\n    if (timeout == kNoTimeout) {\n      ...'
csrc,../repos/pytorch/torch/csrc/distributed/c10d/ProcessGroupGloo.cpp,"(618, 3)-(626, 4)",b'try {\n    if (timeout == kNoTimeout) {\n      ...'
csrc,../repos/pytorch/torch/csrc/distributed/c10d/ProcessGroupGloo.cpp,"(788, 5)-(795, 6)","b'try {\n      context->connectFullMesh(store, o...'"
csrc,../repos/pytorch/torch/csrc/distributed/c10d/ProcessGroupGloo.cpp,"(2904, 5)-(2915, 6)",b'try {\n      sendWork->wait();\n      recvWork-...'
csrc,../repos/pytorch/torch/csrc/distributed/c10d/ProcessGroupGloo.cpp,"(2934, 7)-(2961, 8)","b'try {\n        // Note: if waitAllRanks=false,...'"
csrc,../repos/pytorch/torch/csrc/distributed/c10d/TraceUtils.h,"(37, 3)-(44, 4)","b'try {\n    store->set(key, value);\n    return ...'"
csrc,../repos/pytorch/torch/csrc/distributed/c10d/TraceUtils.h,"(172, 3)-(181, 4)",b'try {\n    std::vector<uint8_t> traceValue = s...'
csrc,../repos/pytorch/torch/csrc/distributed/c10d/ProcessGroupUCC.cpp,"(45, 3)-(49, 4)",b'try {\n    return ucc_dtype_map.at(_tensor.sca...'
csrc,../repos/pytorch/torch/csrc/distributed/c10d/ProcessGroupUCC.cpp,"(78, 3)-(82, 4)",b'try {\n    return ucc_op_map.at(_op);\n  } catc...'
csrc,../repos/pytorch/torch/csrc/distributed/c10d/ProcessGroupUCC.cpp,"(535, 5)-(550, 6)",b'try {\n      while (work->request_->status > 0...'
csrc,../repos/pytorch/torch/csrc/distributed/c10d/ProcessGroupUCC.cpp,"(618, 5)-(632, 6)",b'try {\n      if (cuda_ee) {\n        ucc_ee_des...'
csrc,../repos/pytorch/torch/csrc/distributed/c10d/ProcessGroupUCC.cpp,"(672, 7)-(709, 8)",b'try {\n        auto oob = std::make_shared<tor...'
csrc,../repos/pytorch/torch/csrc/distributed/c10d/python_comm_hook.cpp,"(27, 3)-(39, 4)",b'try {\n    return py_fut.cast<std::shared_ptr<...'
csrc,../repos/pytorch/torch/csrc/distributed/c10d/ProcessGroupMPI.cpp,"(368, 5)-(373, 6)",b'try {\n      workEntry->run(workEntry);\n      ...'
csrc,../repos/pytorch/torch/csrc/distributed/c10d/ProcessGroup.cpp,"(115, 3)-(120, 4)",b'try {\n    backendType = deviceTypeToBackendTy...'
csrc,../repos/pytorch/torch/csrc/distributed/c10d/TCPStore.cpp,"(309, 7)-(323, 8)",b'try {\n        std::string str(\n            (s...'
csrc,../repos/pytorch/torch/csrc/distributed/c10d/ProcessGroupWrapper.cpp,"(589, 3)-(602, 4)",b'try {\n    glooBackend_->monitoredBarrier(opti...'
csrc,../repos/pytorch/torch/csrc/distributed/c10d/TCPStoreLibUvBackend.cpp,"(123, 7)-(128, 8)","b'try {\n        uv_socket->processBuf(buf, nrea...'"
csrc,../repos/pytorch/torch/csrc/distributed/c10d/TCPStoreLibUvBackend.cpp,"(185, 5)-(199, 6)",b'try {\n      int uv_res = uv_tcp_open((uv_tcp_...'
csrc,../repos/pytorch/torch/csrc/distributed/c10d/TCPStoreLibUvBackend.cpp,"(214, 5)-(254, 6)",b'try {\n      struct sockaddr_storage addr;\n   ...'
csrc,../repos/pytorch/torch/csrc/distributed/c10d/TCPStoreLibUvBackend.cpp,"(961, 3)-(967, 4)",b'try {\n    tcpServer->accept(client);\n    clie...'
csrc,../repos/pytorch/torch/csrc/distributed/c10d/TCPStoreLibUvBackend.cpp,"(980, 5)-(987, 6)",b'try {\n      tcpServer = UvTcpServer::makeWith...'
csrc,../repos/pytorch/torch/csrc/CudaIPCTypes.cpp,"(196, 3)-(206, 4)",b'try {\n    if (event_sync_required_) {\n      a...'
csrc,../repos/pytorch/torch/csrc/Storage.cpp,"(449, 5)-(470, 6)",b'try {\n      const auto& storage = THPStorage_...'
csrc,../repos/pytorch/torch/csrc/profiler/collection.cpp,"(350, 5)-(356, 6)",b'try {\n      out->fallback_ = torch_ops_.devic...'
csrc,../repos/pytorch/torch/csrc/profiler/unwind/unwind.cpp,"(196, 5)-(202, 6)",b'try {\n      unwinder = libraryFor(addr).unwin...'
csrc,../repos/pytorch/torch/csrc/profiler/standalone/execution_trace_observer.cpp,"(451, 3)-(508, 4)",b'try {\n    const std::lock_guard<std::mutex> l...'
csrc,../repos/pytorch/torch/csrc/profiler/standalone/execution_trace_observer.cpp,"(585, 5)-(623, 6)",b'try {\n      const std::lock_guard<std::mutex>...'
csrc,../repos/pytorch/torch/csrc/utils/python_arg_parser.h,"(569, 7)-(574, 8)",b'try {\n        res.emplace_back(var.item<int64...'
csrc,../repos/pytorch/torch/csrc/utils/python_arg_parser.h,"(581, 9)-(585, 10)",b'try {\n          res.emplace_back(THPUtils_unp...'
csrc,../repos/pytorch/torch/csrc/utils/python_arg_parser.h,"(597, 9)-(605, 10)",b'try {\n          if (is_symint(py::handle(obj)...'
csrc,../repos/pytorch/torch/csrc/utils/python_arg_parser.h,"(641, 7)-(646, 8)",b'try {\n        res[idx] = var.item<int64_t>();...'
csrc,../repos/pytorch/torch/csrc/utils/python_arg_parser.h,"(652, 9)-(656, 10)",b'try {\n          res[idx] = THPUtils_unpackLon...'
csrc,../repos/pytorch/torch/csrc/utils/python_arg_parser.h,"(669, 9)-(673, 10)",b'try {\n          res[idx] = THPUtils_unpackInd...'
csrc,../repos/pytorch/torch/csrc/utils/python_arg_parser.h,"(703, 5)-(713, 6)",b'try {\n      res[idx] = THPUtils_unpackDouble(...'
csrc,../repos/pytorch/torch/csrc/utils/python_dispatch.cpp,"(747, 9)-(751, 10)",b'try {\n          return c10::parseDispatchKey(...'
csrc,../repos/pytorch/torch/csrc/Generator.cpp,"(128, 3)-(142, 4)",b'try {\n    // First try to interpret as unsign...'
csrc,../repos/pytorch/torch/csrc/api/src/nn/module.cpp,"(381, 3)-(393, 4)",b'try {\n    ptr = shared_from_this();\n  } catch...'
csrc,../repos/pytorch/torch/csrc/api/include/torch/nn/parallel/data_parallel.h,"(218, 11)-(229, 12)",b'try {\n            auto output = modules[index...'
csrc,../repos/pytorch/torch/csrc/api/include/torch/data/dataloader/base.h,"(190, 7)-(195, 8)",b'try {\n        auto batch = dataset.get_batch(...'
csrc,../repos/pytorch/torch/csrc/api/include/torch/data/datasets/chunk.h,"(433, 7)-(458, 8)",b'try {\n        std::vector<size_t> chunk_idx;\n...'
csrc,../repos/pytorch/torch/csrc/api/include/torch/data/worker_exception.h,"(18, 5)-(23, 6)",b'try {\n      std::rethrow_exception(original_e...'
csrc,../repos/pytorch/torch/csrc/autograd/engine.cpp,"(558, 9)-(580, 10)",b'try {\n          // The guard sets the thread_...'
csrc,../repos/pytorch/torch/csrc/autograd/engine.cpp,"(666, 3)-(680, 4)","b'try {\n    // Run post processing, before mark...'"
csrc,../repos/pytorch/torch/csrc/autograd/profiler_kineto.cpp,"(469, 5)-(476, 6)",b'try {\n      auto fallback = kineto_ctx_ptr->f...'
csrc,../repos/pytorch/torch/csrc/autograd/profiler_kineto.cpp,"(810, 3)-(816, 4)",b'try {\n    return (int64_t)torch::profiler::im...'
csrc,../repos/pytorch/torch/csrc/autograd/python_engine.cpp,"(139, 3)-(145, 4)",b'try {\n    return Engine::execute(\n        roo...'
csrc,../repos/pytorch/torch/csrc/autograd/python_engine.cpp,"(152, 3)-(162, 4)",b'try {\n    return Engine::execute_with_graph_t...'
csrc,../repos/pytorch/torch/csrc/autograd/profiler_legacy.h,"(401, 7)-(405, 8)",b'try {\n        (*cb_)(event_lists);\n      } ca...'
csrc,../repos/pytorch/torch/csrc/autograd/profiler_legacy.cpp,"(663, 3)-(676, 4)",b'try {\n    thread_event_lists event_lists = di...'
csrc,../repos/pytorch/torch/csrc/inductor/aoti_runtime/model_container.h,"(83, 5)-(89, 6)","b'try {\n      model->run(input_handles, output_...'"
csrc,../repos/pytorch/torch/csrc/inductor/aoti_runtime/model_container.h,"(393, 5)-(399, 6)",b'try {\n      model->wait_for_completion();\n   ...'
csrc,../repos/pytorch/torch/csrc/jit/frontend/sugared_value.h,"(403, 7)-(409, 8)",b'try {\n        callee->ensure_defined();\n     ...'
csrc,../repos/pytorch/torch/csrc/jit/frontend/sugared_value.h,"(465, 9)-(471, 10)",b'try {\n          method.ensure_defined();\n    ...'
csrc,../repos/pytorch/torch/csrc/jit/frontend/tracer.cpp,"(470, 3)-(539, 4)","b""try {\n    // Start tracing, treating 'inputs'..."""
csrc,../repos/pytorch/torch/csrc/jit/frontend/lexer.cpp,"(79, 3)-(83, 4)",b'try {\n    return str_to_kind.at(str);\n  } cat...'
csrc,../repos/pytorch/torch/csrc/jit/frontend/tree_views.h,"(908, 5)-(914, 6)",b'try {\n      // NOLINTNEXTLINE(modernize-use-n...'
csrc,../repos/pytorch/torch/csrc/jit/frontend/ir_emitter.cpp,"(1911, 5)-(1917, 6)",b'try {\n      auto bool_cast = environment_stac...'
csrc,../repos/pytorch/torch/csrc/jit/frontend/ir_emitter.cpp,"(3890, 7)-(3894, 8)",b'try {\n        iter_input = emitSugaredExpr(ap...'
csrc,../repos/pytorch/torch/csrc/jit/frontend/schema_type_parser.cpp,"(179, 7)-(186, 8)","b'try {\n        device_idx = std::stoi(num, &nu...'"
csrc,../repos/pytorch/torch/csrc/jit/frontend/schema_type_parser.cpp,"(204, 3)-(211, 4)","b'try {\n    return (bool)std::stoi(num, &num_le...'"
csrc,../repos/pytorch/torch/csrc/jit/frontend/schema_type_parser.cpp,"(264, 11)-(272, 12)",b'try {\n            auto stride = std::stoll(nu...'
csrc,../repos/pytorch/torch/csrc/jit/frontend/schema_type_parser.cpp,"(304, 5)-(310, 6)","b'try {\n      dim = std::stoll(num, &num_len);\n...'"
csrc,../repos/pytorch/torch/csrc/jit/runtime/static/native_ops.cpp,"(1070, 5)-(1078, 6)",b'try {\n      StaticRuntime runtime(*smodule_);...'
csrc,../repos/pytorch/torch/csrc/jit/runtime/interpreter.cpp,"(267, 5)-(849, 6)",b'try {\n      while (true) {\n        Frame& fra...'
csrc,../repos/pytorch/torch/csrc/jit/runtime/interpreter.cpp,"(825, 9)-(829, 10)",b'try {\n          f.run(stack);\n        } catch...'
csrc,../repos/pytorch/torch/csrc/jit/runtime/symbolic_shape_registry.cpp,"(355, 3)-(376, 4)",b'try {\n    auto shape_compute_functions =\n    ...'
csrc,../repos/pytorch/torch/csrc/jit/codegen/fuser/executor.cpp,"(44, 7)-(48, 8)",b'try {\n        map_size = at::infer_size(map_s...'
csrc,../repos/pytorch/torch/csrc/jit/codegen/fuser/executor.cpp,"(58, 7)-(62, 8)",b'try {\n        map_size = at::infer_size(map_s...'
csrc,../repos/pytorch/torch/csrc/jit/mobile/module.cpp,"(281, 3)-(310, 4)","b'try {\n    stack.insert(stack.begin(), owner_-...'"
csrc,../repos/pytorch/torch/csrc/jit/mobile/flatbuffer_loader.cpp,"(388, 5)-(413, 6)",b'try {\n      auto parseArgList = [this](const ...'
csrc,../repos/pytorch/torch/csrc/jit/mobile/model_tracer/tracer.cpp,"(143, 3)-(153, 4)",b'try {\n    tracer_result = torch::jit::mobile:...'
csrc,../repos/pytorch/torch/csrc/jit/mobile/model_tracer/TracerRunner.cpp,"(337, 5)-(345, 6)",b'try {\n      at::globalContext().setQEngine(at...'
csrc,../repos/pytorch/torch/csrc/jit/mobile/model_tracer/TracerRunner.cpp,"(346, 5)-(355, 6)",b'try {\n      at::globalContext().setQEngine(at...'
csrc,../repos/pytorch/torch/csrc/jit/mobile/interpreter.cpp,"(86, 5)-(385, 6)",b'try {\n      auto& frame = frames_.back();\n   ...'
csrc,../repos/pytorch/torch/csrc/jit/mobile/import.cpp,"(558, 3)-(574, 4)",b'try {\n    mobile::Module result = deserialize...'
csrc,../repos/pytorch/torch/csrc/jit/python/python_dict.cpp,"(106, 13)-(111, 14)",b'try {\n              return toPyObject(self->c...'
csrc,../repos/pytorch/torch/csrc/jit/python/python_dict.cpp,"(119, 13)-(125, 14)",b'try {\n              value = toIValue(std::mov...'
csrc,../repos/pytorch/torch/csrc/jit/python/python_dict.cpp,"(128, 13)-(132, 14)",b'try {\n              value = self->getItem(val...'
csrc,../repos/pytorch/torch/csrc/jit/python/python_dict.cpp,"(147, 13)-(151, 14)",b'try {\n              key_ivalue = toIValue(std...'
csrc,../repos/pytorch/torch/csrc/jit/python/python_dict.cpp,"(154, 13)-(159, 14)",b'try {\n              value_ivalue =\n          ...'
csrc,../repos/pytorch/torch/csrc/jit/python/python_dict.cpp,"(169, 13)-(173, 14)",b'try {\n              key_ivalue = toIValue(std...'
csrc,../repos/pytorch/torch/csrc/jit/python/pybind_utils.h,"(170, 11)-(188, 12)",b'try {\n            pybind11::gil_scoped_acquir...'
csrc,../repos/pytorch/torch/csrc/jit/python/pybind_utils.h,"(198, 11)-(219, 12)",b'try {\n            pybind11::gil_scoped_acquir...'
csrc,../repos/pytorch/torch/csrc/jit/python/pybind_utils.h,"(443, 9)-(451, 10)","b'try {\n          py::module::import(""torch.jit...'"
csrc,../repos/pytorch/torch/csrc/jit/python/pybind_utils.h,"(753, 3)-(773, 4)","b'try {\n    return toIValue(object, argument.re...'"
csrc,../repos/pytorch/torch/csrc/jit/python/pybind_utils.h,"(777, 3)-(790, 4)","b'try {\n    return toIValue(object, type);\n  } ...'"
csrc,../repos/pytorch/torch/csrc/jit/python/python_list.cpp,"(104, 13)-(109, 14)",b'try {\n              return toPyObject(self->c...'
csrc,../repos/pytorch/torch/csrc/jit/python/python_list.cpp,"(115, 13)-(120, 14)",b'try {\n              auto value = self->getIte...'
csrc,../repos/pytorch/torch/csrc/jit/python/python_list.cpp,"(150, 13)-(158, 14)",b'try {\n              self->setItem(\n          ...'
csrc,../repos/pytorch/torch/csrc/jit/python/python_list.cpp,"(178, 15)-(183, 16)",b'try {\n                self->setItem(\n        ...'
csrc,../repos/pytorch/torch/csrc/jit/python/python_list.cpp,"(191, 13)-(195, 14)",b'try {\n              self->delItem(idx);\n     ...'
csrc,../repos/pytorch/torch/csrc/jit/python/python_list.cpp,"(205, 13)-(211, 14)",b'try {\n              return self->count(\n     ...'
csrc,../repos/pytorch/torch/csrc/jit/python/python_list.cpp,"(216, 13)-(221, 14)",b'try {\n              return self->remove(\n    ...'
csrc,../repos/pytorch/torch/csrc/jit/python/python_list.cpp,"(226, 13)-(231, 14)",b'try {\n              return self->append(\n    ...'
csrc,../repos/pytorch/torch/csrc/jit/python/python_list.cpp,"(239, 13)-(243, 14)",b'try {\n              self->extend(toIValue(std...'
csrc,../repos/pytorch/torch/csrc/jit/python/python_list.cpp,"(251, 13)-(259, 14)",b'try {\n              for (py::handle obj : ite...'
csrc,../repos/pytorch/torch/csrc/jit/python/python_list.cpp,"(277, 13)-(283, 14)",b'try {\n              self->insert(\n           ...'
csrc,../repos/pytorch/torch/csrc/jit/python/pybind_utils.cpp,"(345, 7)-(349, 8)",b'try {\n        auto script_dict = py::cast<Scr...'
csrc,../repos/pytorch/torch/csrc/jit/python/pybind_utils.cpp,"(402, 9)-(413, 10)",b'try {\n          const auto& contained = py::g...'
csrc,../repos/pytorch/torch/csrc/jit/python/pybind_utils.cpp,"(739, 7)-(745, 8)",b'try {\n        stack = createStackForSchema(op...'
csrc,../repos/pytorch/torch/csrc/jit/python/python_interpreter.cpp,"(67, 5)-(72, 6)",b'try {\n      py::object py_output(func(*py_inp...'
csrc,../repos/pytorch/torch/csrc/jit/python/python_ivalue.h,"(50, 5)-(64, 6)",b'try {\n      pybind11::gil_scoped_acquire ag;\n...'
csrc,../repos/pytorch/torch/csrc/jit/python/script_init.cpp,"(212, 3)-(221, 4)",b'try {\n    if (n && *n > 0 && list_type) {\n   ...'
csrc,../repos/pytorch/torch/csrc/jit/python/script_init.cpp,"(763, 17)-(774, 18)",b'try {\n                  auto ivalue = toIValu...'
csrc,../repos/pytorch/torch/csrc/jit/python/script_init.cpp,"(779, 17)-(783, 18)",b'try {\n                  return toPyObject(sel...'
csrc,../repos/pytorch/torch/csrc/jit/python/script_init.cpp,"(788, 17)-(804, 18)","b'try {\n                  if (name == ""__qualna...'"
csrc,../repos/pytorch/torch/csrc/jit/python/script_init.cpp,"(809, 17)-(834, 18)",b'try {\n                  if (self.has_property...'
csrc,../repos/pytorch/torch/csrc/jit/python/init.cpp,"(157, 3)-(161, 4)",b'try {\n    return toTypeInferredIValue(input);...'
csrc,../repos/pytorch/torch/csrc/jit/python/init.cpp,"(180, 5)-(196, 6)",b'try {\n      if (p) {\n        std::rethrow_exc...'
csrc,../repos/pytorch/torch/csrc/jit/python/init.cpp,"(1573, 9)-(1587, 10)",b'try {\n          auto symbol = Symbol::fromQua...'
csrc,../repos/pytorch/torch/csrc/jit/python/init.cpp,"(1593, 9)-(1625, 10)",b'try {\n          auto symbol = Symbol::fromQua...'
csrc,../repos/pytorch/torch/csrc/jit/python/init.cpp,"(1631, 9)-(1648, 10)",b'try {\n          auto symbol = Symbol::fromQua...'
csrc,../repos/pytorch/torch/csrc/jit/python/init.cpp,"(1654, 9)-(1692, 10)",b'try {\n          auto symbol = Symbol::fromQua...'
csrc,../repos/pytorch/torch/csrc/jit/python/init.cpp,"(2157, 5)-(2162, 6)",b'try {\n      auto _stdout = py::module::import...'
csrc,../repos/pytorch/torch/csrc/jit/python/pybind.h,"(117, 5)-(122, 6)",b'try {\n      value = torch::jit::toTypeInferre...'
csrc,../repos/pytorch/torch/csrc/jit/python/pybind.h,"(143, 5)-(147, 6)",b'try {\n      src_str = py::cast<std::string>(s...'
csrc,../repos/pytorch/torch/csrc/jit/python/python_sugared_value.cpp,"(196, 3)-(200, 4)","b'try {\n    return py::getattr(self, name.c_str...'"
csrc,../repos/pytorch/torch/csrc/jit/python/python_sugared_value.cpp,"(908, 3)-(913, 4)","b'try {\n    py::getattr(py_type_, field.c_str()...'"
csrc,../repos/pytorch/torch/csrc/jit/jit_opt_limit.cpp,"(23, 3)-(28, 4)",b'try {\n    int64_t n = std::stoi(opt_limit);\n ...'
csrc,../repos/pytorch/torch/csrc/jit/ir/irparser.cpp,"(193, 9)-(201, 10)",b'try {\n          imag = std::stod(str.substr(0...'
csrc,../repos/pytorch/torch/csrc/jit/ir/irparser.cpp,"(207, 9)-(215, 10)",b'try {\n          r.f = std::stod(str);\n       ...'
csrc,../repos/pytorch/torch/csrc/jit/ir/irparser.cpp,"(218, 9)-(225, 10)",b'try {\n          r.i = std::stoll(str);\n      ...'
csrc,../repos/pytorch/torch/csrc/jit/serialization/export.cpp,"(1477, 3)-(1491, 4)",b'try {\n    auto* schema_registry = onnx::OpSch...'
csrc,../repos/pytorch/torch/csrc/jit/serialization/flatbuffer_serializer.cpp,"(681, 3)-(690, 4)",b'try {\n    auto iter = cached_ivalues_.find(iv...'
csrc,../repos/pytorch/torch/csrc/jit/serialization/flatbuffer_serializer.cpp,"(694, 3)-(700, 4)",b'try {\n    cached_ivalues_[ivalue] = index;\n  ...'
csrc,../repos/pytorch/torch/csrc/jit/passes/onnx.cpp,"(172, 3)-(179, 4)","b'try {\n    BlockToONNX(graph->block(), new_gra...'"
csrc,../repos/pytorch/torch/csrc/jit/passes/onnx.cpp,"(405, 5)-(417, 6)",b'try {\n      if (py::isinstance<Value>(raw_out...'
csrc,../repos/pytorch/torch/csrc/jit/passes/onnx.cpp,"(493, 9)-(507, 10)",b'try {\n          inlineAutograd(op);\n        }...'
csrc,../repos/pytorch/torch/csrc/jit/passes/constant_propagation.cpp,"(84, 7)-(89, 8)",b'try {\n        auto op = n->getOperation();\n  ...'
csrc,../repos/pytorch/torch/csrc/jit/passes/onnx/shape_type_inference.cpp,"(432, 3)-(440, 4)",b'try {\n    return onnx_constant_fold::runTorch...'
csrc,../repos/pytorch/torch/csrc/jit/passes/onnx/shape_type_inference.cpp,"(2084, 7)-(2121, 8)",b'try {\n        // TODO(#79208): Enable more op...'
csrc,../repos/pytorch/torch/csrc/jit/passes/onnx/list_model_parameters.cpp,"(132, 11)-(142, 12)",b'try {\n            parameterIValues.emplace_ba...'
csrc,../repos/pytorch/torch/csrc/jit/passes/dtype_analysis.cpp,"(108, 3)-(118, 4)",b'try {\n    auto stack = MTensorArgumentCreator...'
csrc,../repos/pytorch/torch/csrc/jit/passes/shape_analysis.cpp,"(62, 5)-(70, 6)","b'try {\n      propagateNode(node, insert_expand...'"
csrc,../repos/pytorch/torch/csrc/jit/tensorexpr/external_functions_codegen.cpp,"(28, 3)-(31, 4)","b'try {\n    at::abs_out(r, self);\n  } catch (.....'"
csrc,../repos/pytorch/torch/csrc/jit/tensorexpr/external_functions_codegen.cpp,"(46, 3)-(49, 4)","b'try {\n    at::absolute_out(r, self);\n  } catc...'"
csrc,../repos/pytorch/torch/csrc/jit/tensorexpr/external_functions_codegen.cpp,"(64, 3)-(67, 4)","b'try {\n    at::angle_out(r, self);\n  } catch (...'"
csrc,../repos/pytorch/torch/csrc/jit/tensorexpr/external_functions_codegen.cpp,"(82, 3)-(85, 4)","b'try {\n    at::sgn_out(r, self);\n  } catch (.....'"
csrc,../repos/pytorch/torch/csrc/jit/tensorexpr/external_functions_codegen.cpp,"(100, 3)-(103, 4)","b'try {\n    at::acos_out(r, self);\n  } catch (....'"
csrc,../repos/pytorch/torch/csrc/jit/tensorexpr/external_functions_codegen.cpp,"(118, 3)-(121, 4)","b'try {\n    at::arccos_out(r, self);\n  } catch ...'"
csrc,../repos/pytorch/torch/csrc/jit/tensorexpr/external_functions_codegen.cpp,"(136, 3)-(139, 4)","b'try {\n    at::acosh_out(r, self);\n  } catch (...'"
csrc,../repos/pytorch/torch/csrc/jit/tensorexpr/external_functions_codegen.cpp,"(154, 3)-(157, 4)","b'try {\n    at::arccosh_out(r, self);\n  } catch...'"
csrc,../repos/pytorch/torch/csrc/jit/tensorexpr/external_functions_codegen.cpp,"(172, 3)-(175, 4)","b'try {\n    at::asinh_out(r, self);\n  } catch (...'"
csrc,../repos/pytorch/torch/csrc/jit/tensorexpr/external_functions_codegen.cpp,"(190, 3)-(193, 4)","b'try {\n    at::arcsinh_out(r, self);\n  } catch...'"
csrc,../repos/pytorch/torch/csrc/jit/tensorexpr/external_functions_codegen.cpp,"(208, 3)-(211, 4)","b'try {\n    at::atanh_out(r, self);\n  } catch (...'"
csrc,../repos/pytorch/torch/csrc/jit/tensorexpr/external_functions_codegen.cpp,"(226, 3)-(229, 4)","b'try {\n    at::arctanh_out(r, self);\n  } catch...'"
csrc,../repos/pytorch/torch/csrc/jit/tensorexpr/external_functions_codegen.cpp,"(244, 3)-(247, 4)","b'try {\n    at::asin_out(r, self);\n  } catch (....'"
csrc,../repos/pytorch/torch/csrc/jit/tensorexpr/external_functions_codegen.cpp,"(262, 3)-(265, 4)","b'try {\n    at::arcsin_out(r, self);\n  } catch ...'"
csrc,../repos/pytorch/torch/csrc/jit/tensorexpr/external_functions_codegen.cpp,"(280, 3)-(283, 4)","b'try {\n    at::atan_out(r, self);\n  } catch (....'"
csrc,../repos/pytorch/torch/csrc/jit/tensorexpr/external_functions_codegen.cpp,"(298, 3)-(301, 4)","b'try {\n    at::arctan_out(r, self);\n  } catch ...'"
csrc,../repos/pytorch/torch/csrc/jit/tensorexpr/external_functions_codegen.cpp,"(316, 3)-(319, 4)","b'try {\n    at::bitwise_not_out(r, self);\n  } c...'"
csrc,../repos/pytorch/torch/csrc/jit/tensorexpr/external_functions_codegen.cpp,"(335, 3)-(338, 4)","b'try {\n    at::copysign_out(r, self, other);\n ...'"
csrc,../repos/pytorch/torch/csrc/jit/tensorexpr/external_functions_codegen.cpp,"(353, 3)-(356, 4)","b'try {\n    at::logical_not_out(r, self);\n  } c...'"
csrc,../repos/pytorch/torch/csrc/jit/tensorexpr/external_functions_codegen.cpp,"(372, 3)-(375, 4)","b'try {\n    at::logical_xor_out(r, self, other)...'"
csrc,../repos/pytorch/torch/csrc/jit/tensorexpr/external_functions_codegen.cpp,"(391, 3)-(394, 4)","b'try {\n    at::logical_and_out(r, self, other)...'"
csrc,../repos/pytorch/torch/csrc/jit/tensorexpr/external_functions_codegen.cpp,"(410, 3)-(413, 4)","b'try {\n    at::logical_or_out(r, self, other);...'"
csrc,../repos/pytorch/torch/csrc/jit/tensorexpr/external_functions_codegen.cpp,"(429, 3)-(432, 4)","b'try {\n    at::bmm_out(r, self, mat2);\n  } cat...'"
csrc,../repos/pytorch/torch/csrc/jit/tensorexpr/external_functions_codegen.cpp,"(447, 3)-(450, 4)","b'try {\n    at::ceil_out(r, self);\n  } catch (....'"
csrc,../repos/pytorch/torch/csrc/jit/tensorexpr/external_functions_codegen.cpp,"(466, 3)-(469, 4)","b'try {\n    at::clamp_max_out(r, self, max);\n  ...'"
csrc,../repos/pytorch/torch/csrc/jit/tensorexpr/external_functions_codegen.cpp,"(485, 3)-(488, 4)","b'try {\n    at::clamp_min_out(r, self, min);\n  ...'"
csrc,../repos/pytorch/torch/csrc/jit/tensorexpr/external_functions_codegen.cpp,"(504, 3)-(507, 4)","b'try {\n    at::complex_out(r, real, imag);\n  }...'"
csrc,../repos/pytorch/torch/csrc/jit/tensorexpr/external_functions_codegen.cpp,"(523, 3)-(526, 4)","b'try {\n    at::polar_out(r, abs, angle);\n  } c...'"
csrc,../repos/pytorch/torch/csrc/jit/tensorexpr/external_functions_codegen.cpp,"(541, 3)-(544, 4)","b'try {\n    at::cos_out(r, self);\n  } catch (.....'"
csrc,../repos/pytorch/torch/csrc/jit/tensorexpr/external_functions_codegen.cpp,"(559, 3)-(562, 4)","b'try {\n    at::cosh_out(r, self);\n  } catch (....'"
csrc,../repos/pytorch/torch/csrc/jit/tensorexpr/external_functions_codegen.cpp,"(578, 3)-(581, 4)","b'try {\n    at::div_out(r, self, other);\n  } ca...'"
csrc,../repos/pytorch/torch/csrc/jit/tensorexpr/external_functions_codegen.cpp,"(597, 3)-(600, 4)","b'try {\n    at::divide_out(r, self, other);\n  }...'"
csrc,../repos/pytorch/torch/csrc/jit/tensorexpr/external_functions_codegen.cpp,"(616, 3)-(619, 4)","b'try {\n    at::true_divide_out(r, self, other)...'"
csrc,../repos/pytorch/torch/csrc/jit/tensorexpr/external_functions_codegen.cpp,"(635, 3)-(638, 4)","b'try {\n    at::dot_out(r, self, tensor);\n  } c...'"
csrc,../repos/pytorch/torch/csrc/jit/tensorexpr/external_functions_codegen.cpp,"(654, 3)-(657, 4)","b'try {\n    at::vdot_out(r, self, other);\n  } c...'"
csrc,../repos/pytorch/torch/csrc/jit/tensorexpr/external_functions_codegen.cpp,"(672, 3)-(675, 4)","b'try {\n    at::erf_out(r, self);\n  } catch (.....'"
csrc,../repos/pytorch/torch/csrc/jit/tensorexpr/external_functions_codegen.cpp,"(690, 3)-(693, 4)","b'try {\n    at::erfc_out(r, self);\n  } catch (....'"
csrc,../repos/pytorch/torch/csrc/jit/tensorexpr/external_functions_codegen.cpp,"(708, 3)-(711, 4)","b'try {\n    at::exp_out(r, self);\n  } catch (.....'"
csrc,../repos/pytorch/torch/csrc/jit/tensorexpr/external_functions_codegen.cpp,"(726, 3)-(729, 4)","b'try {\n    at::exp2_out(r, self);\n  } catch (....'"
csrc,../repos/pytorch/torch/csrc/jit/tensorexpr/external_functions_codegen.cpp,"(744, 3)-(747, 4)","b'try {\n    at::expm1_out(r, self);\n  } catch (...'"
csrc,../repos/pytorch/torch/csrc/jit/tensorexpr/external_functions_codegen.cpp,"(762, 3)-(765, 4)","b'try {\n    at::floor_out(r, self);\n  } catch (...'"
csrc,../repos/pytorch/torch/csrc/jit/tensorexpr/external_functions_codegen.cpp,"(781, 3)-(784, 4)","b'try {\n    at::floor_divide_out(r, self, other...'"
csrc,../repos/pytorch/torch/csrc/jit/tensorexpr/external_functions_codegen.cpp,"(799, 3)-(802, 4)","b'try {\n    at::frac_out(r, self);\n  } catch (....'"
csrc,../repos/pytorch/torch/csrc/jit/tensorexpr/external_functions_codegen.cpp,"(818, 3)-(821, 4)","b'try {\n    at::gcd_out(r, self, other);\n  } ca...'"
csrc,../repos/pytorch/torch/csrc/jit/tensorexpr/external_functions_codegen.cpp,"(837, 3)-(840, 4)","b'try {\n    at::lcm_out(r, self, other);\n  } ca...'"
csrc,../repos/pytorch/torch/csrc/jit/tensorexpr/external_functions_codegen.cpp,"(855, 3)-(858, 4)","b'try {\n    at::inverse_out(r, self);\n  } catch...'"
csrc,../repos/pytorch/torch/csrc/jit/tensorexpr/external_functions_codegen.cpp,"(874, 3)-(877, 4)","b'try {\n    at::kron_out(r, self, other);\n  } c...'"
csrc,../repos/pytorch/torch/csrc/jit/tensorexpr/external_functions_codegen.cpp,"(893, 3)-(896, 4)","b'try {\n    at::ldexp_out(r, self, other);\n  } ...'"
csrc,../repos/pytorch/torch/csrc/jit/tensorexpr/external_functions_codegen.cpp,"(911, 3)-(914, 4)","b'try {\n    at::log_out(r, self);\n  } catch (.....'"
csrc,../repos/pytorch/torch/csrc/jit/tensorexpr/external_functions_codegen.cpp,"(929, 3)-(932, 4)","b'try {\n    at::log10_out(r, self);\n  } catch (...'"
csrc,../repos/pytorch/torch/csrc/jit/tensorexpr/external_functions_codegen.cpp,"(947, 3)-(950, 4)","b'try {\n    at::log1p_out(r, self);\n  } catch (...'"
csrc,../repos/pytorch/torch/csrc/jit/tensorexpr/external_functions_codegen.cpp,"(965, 3)-(968, 4)","b'try {\n    at::log2_out(r, self);\n  } catch (....'"
csrc,../repos/pytorch/torch/csrc/jit/tensorexpr/external_functions_codegen.cpp,"(984, 3)-(987, 4)","b'try {\n    at::logaddexp_out(r, self, other);\n...'"
csrc,../repos/pytorch/torch/csrc/jit/tensorexpr/external_functions_codegen.cpp,"(1003, 3)-(1006, 4)","b'try {\n    at::logaddexp2_out(r, self, other);...'"
csrc,../repos/pytorch/torch/csrc/jit/tensorexpr/external_functions_codegen.cpp,"(1022, 3)-(1025, 4)","b'try {\n    at::xlogy_out(r, self, other);\n  } ...'"
csrc,../repos/pytorch/torch/csrc/jit/tensorexpr/external_functions_codegen.cpp,"(1041, 3)-(1044, 4)","b'try {\n    at::matmul_out(r, self, other);\n  }...'"
csrc,../repos/pytorch/torch/csrc/jit/tensorexpr/external_functions_codegen.cpp,"(1060, 3)-(1063, 4)",b'try {\n    at::_compute_linear_combination_out...'
csrc,../repos/pytorch/torch/csrc/jit/tensorexpr/external_functions_codegen.cpp,"(1079, 3)-(1082, 4)","b'try {\n    at::mm_out(r, self, mat2);\n  } catc...'"
csrc,../repos/pytorch/torch/csrc/jit/tensorexpr/external_functions_codegen.cpp,"(1098, 3)-(1101, 4)","b'try {\n    at::mul_out(r, self, other);\n  } ca...'"
csrc,../repos/pytorch/torch/csrc/jit/tensorexpr/external_functions_codegen.cpp,"(1117, 3)-(1120, 4)","b'try {\n    at::multiply_out(r, self, other);\n ...'"
csrc,../repos/pytorch/torch/csrc/jit/tensorexpr/external_functions_codegen.cpp,"(1136, 3)-(1139, 4)","b'try {\n    at::mv_out(r, self, vec);\n  } catch...'"
csrc,../repos/pytorch/torch/csrc/jit/tensorexpr/external_functions_codegen.cpp,"(1154, 3)-(1157, 4)","b'try {\n    at::rad2deg_out(r, self);\n  } catch...'"
csrc,../repos/pytorch/torch/csrc/jit/tensorexpr/external_functions_codegen.cpp,"(1172, 3)-(1175, 4)","b'try {\n    at::deg2rad_out(r, self);\n  } catch...'"
csrc,../repos/pytorch/torch/csrc/jit/tensorexpr/external_functions_codegen.cpp,"(1190, 3)-(1193, 4)","b'try {\n    at::reciprocal_out(r, self);\n  } ca...'"
csrc,../repos/pytorch/torch/csrc/jit/tensorexpr/external_functions_codegen.cpp,"(1208, 3)-(1211, 4)","b'try {\n    at::neg_out(r, self);\n  } catch (.....'"
csrc,../repos/pytorch/torch/csrc/jit/tensorexpr/external_functions_codegen.cpp,"(1226, 3)-(1229, 4)","b'try {\n    at::negative_out(r, self);\n  } catc...'"
csrc,../repos/pytorch/torch/csrc/jit/tensorexpr/external_functions_codegen.cpp,"(1244, 3)-(1247, 4)","b'try {\n    at::round_out(r, self);\n  } catch (...'"
csrc,../repos/pytorch/torch/csrc/jit/tensorexpr/external_functions_codegen.cpp,"(1262, 3)-(1265, 4)","b'try {\n    at::rsqrt_out(r, self);\n  } catch (...'"
csrc,../repos/pytorch/torch/csrc/jit/tensorexpr/external_functions_codegen.cpp,"(1280, 3)-(1283, 4)","b'try {\n    at::silu_out(r, self);\n  } catch (....'"
csrc,../repos/pytorch/torch/csrc/jit/tensorexpr/external_functions_codegen.cpp,"(1298, 3)-(1301, 4)","b'try {\n    at::mish_out(r, self);\n  } catch (....'"
csrc,../repos/pytorch/torch/csrc/jit/tensorexpr/external_functions_codegen.cpp,"(1316, 3)-(1319, 4)","b'try {\n    at::sigmoid_out(r, self);\n  } catch...'"
csrc,../repos/pytorch/torch/csrc/jit/tensorexpr/external_functions_codegen.cpp,"(1334, 3)-(1337, 4)","b'try {\n    at::sin_out(r, self);\n  } catch (.....'"
csrc,../repos/pytorch/torch/csrc/jit/tensorexpr/external_functions_codegen.cpp,"(1352, 3)-(1355, 4)","b'try {\n    at::sinc_out(r, self);\n  } catch (....'"
csrc,../repos/pytorch/torch/csrc/jit/tensorexpr/external_functions_codegen.cpp,"(1370, 3)-(1373, 4)","b'try {\n    at::sinh_out(r, self);\n  } catch (....'"
csrc,../repos/pytorch/torch/csrc/jit/tensorexpr/external_functions_codegen.cpp,"(1388, 3)-(1391, 4)","b'try {\n    at::sqrt_out(r, self);\n  } catch (....'"
csrc,../repos/pytorch/torch/csrc/jit/tensorexpr/external_functions_codegen.cpp,"(1406, 3)-(1409, 4)","b'try {\n    at::square_out(r, self);\n  } catch ...'"
csrc,../repos/pytorch/torch/csrc/jit/tensorexpr/external_functions_codegen.cpp,"(1424, 3)-(1427, 4)","b'try {\n    at::tan_out(r, self);\n  } catch (.....'"
csrc,../repos/pytorch/torch/csrc/jit/tensorexpr/external_functions_codegen.cpp,"(1442, 3)-(1445, 4)","b'try {\n    at::tanh_out(r, self);\n  } catch (....'"
csrc,../repos/pytorch/torch/csrc/jit/tensorexpr/external_functions_codegen.cpp,"(1460, 3)-(1463, 4)","b'try {\n    at::trunc_out(r, self);\n  } catch (...'"
csrc,../repos/pytorch/torch/csrc/jit/tensorexpr/external_functions_codegen.cpp,"(1478, 3)-(1481, 4)","b'try {\n    at::fix_out(r, self);\n  } catch (.....'"
csrc,../repos/pytorch/torch/csrc/jit/tensorexpr/external_functions_codegen.cpp,"(1497, 3)-(1500, 4)","b'try {\n    at::heaviside_out(r, self, values);...'"
csrc,../repos/pytorch/torch/csrc/jit/tensorexpr/external_functions_codegen.cpp,"(1516, 3)-(1519, 4)","b'try {\n    at::hspmm_out(r, mat1, mat2);\n  } c...'"
csrc,../repos/pytorch/torch/csrc/jit/tensorexpr/external_functions_codegen.cpp,"(1535, 3)-(1538, 4)","b'try {\n    at::bitwise_and_out(r, self, other)...'"
csrc,../repos/pytorch/torch/csrc/jit/tensorexpr/external_functions_codegen.cpp,"(1554, 3)-(1557, 4)","b'try {\n    at::bitwise_or_out(r, self, other);...'"
csrc,../repos/pytorch/torch/csrc/jit/tensorexpr/external_functions_codegen.cpp,"(1573, 3)-(1576, 4)","b'try {\n    at::bitwise_xor_out(r, self, other)...'"
csrc,../repos/pytorch/torch/csrc/jit/tensorexpr/external_functions_codegen.cpp,"(1592, 3)-(1595, 4)","b'try {\n    at::ne_out(r, self, other);\n  } cat...'"
csrc,../repos/pytorch/torch/csrc/jit/tensorexpr/external_functions_codegen.cpp,"(1611, 3)-(1614, 4)","b'try {\n    at::not_equal_out(r, self, other);\n...'"
csrc,../repos/pytorch/torch/csrc/jit/tensorexpr/external_functions_codegen.cpp,"(1630, 3)-(1633, 4)","b'try {\n    at::eq_out(r, self, other);\n  } cat...'"
csrc,../repos/pytorch/torch/csrc/jit/tensorexpr/external_functions_codegen.cpp,"(1649, 3)-(1652, 4)","b'try {\n    at::ge_out(r, self, other);\n  } cat...'"
csrc,../repos/pytorch/torch/csrc/jit/tensorexpr/external_functions_codegen.cpp,"(1668, 3)-(1671, 4)","b'try {\n    at::greater_equal_out(r, self, othe...'"
csrc,../repos/pytorch/torch/csrc/jit/tensorexpr/external_functions_codegen.cpp,"(1687, 3)-(1690, 4)","b'try {\n    at::le_out(r, self, other);\n  } cat...'"
csrc,../repos/pytorch/torch/csrc/jit/tensorexpr/external_functions_codegen.cpp,"(1706, 3)-(1709, 4)","b'try {\n    at::less_equal_out(r, self, other);...'"
csrc,../repos/pytorch/torch/csrc/jit/tensorexpr/external_functions_codegen.cpp,"(1725, 3)-(1728, 4)","b'try {\n    at::gt_out(r, self, other);\n  } cat...'"
csrc,../repos/pytorch/torch/csrc/jit/tensorexpr/external_functions_codegen.cpp,"(1744, 3)-(1747, 4)","b'try {\n    at::greater_out(r, self, other);\n  ...'"
csrc,../repos/pytorch/torch/csrc/jit/tensorexpr/external_functions_codegen.cpp,"(1763, 3)-(1766, 4)","b'try {\n    at::lt_out(r, self, other);\n  } cat...'"
csrc,../repos/pytorch/torch/csrc/jit/tensorexpr/external_functions_codegen.cpp,"(1782, 3)-(1785, 4)","b'try {\n    at::less_out(r, self, other);\n  } c...'"
csrc,../repos/pytorch/torch/csrc/jit/tensorexpr/external_functions_codegen.cpp,"(1801, 3)-(1804, 4)","b'try {\n    at::take_out(r, self, index);\n  } c...'"
csrc,../repos/pytorch/torch/csrc/jit/tensorexpr/external_functions_codegen.cpp,"(1820, 3)-(1823, 4)","b'try {\n    at::masked_select_out(r, self, mask...'"
csrc,../repos/pytorch/torch/csrc/jit/tensorexpr/external_functions_codegen.cpp,"(1838, 3)-(1841, 4)","b'try {\n    at::nonzero_out(r, self);\n  } catch...'"
csrc,../repos/pytorch/torch/csrc/jit/tensorexpr/external_functions_codegen.cpp,"(1857, 3)-(1860, 4)","b'try {\n    at::orgqr_out(r, self, input2);\n  }...'"
csrc,../repos/pytorch/torch/csrc/jit/tensorexpr/external_functions_codegen.cpp,"(1877, 3)-(1880, 4)","b'try {\n    at::lu_solve_out(r, self, LU_data, ...'"
csrc,../repos/pytorch/torch/csrc/jit/tensorexpr/external_functions_codegen.cpp,"(1895, 3)-(1898, 4)","b'try {\n    at::lgamma_out(r, self);\n  } catch ...'"
csrc,../repos/pytorch/torch/csrc/jit/tensorexpr/external_functions_codegen.cpp,"(1913, 3)-(1916, 4)","b'try {\n    at::digamma_out(r, self);\n  } catch...'"
csrc,../repos/pytorch/torch/csrc/jit/tensorexpr/external_functions_codegen.cpp,"(1931, 3)-(1934, 4)","b'try {\n    at::erfinv_out(r, self);\n  } catch ...'"
csrc,../repos/pytorch/torch/csrc/jit/tensorexpr/external_functions_codegen.cpp,"(1949, 3)-(1952, 4)","b'try {\n    at::i0_out(r, self);\n  } catch (......'"
csrc,../repos/pytorch/torch/csrc/jit/tensorexpr/external_functions_codegen.cpp,"(1967, 3)-(1970, 4)","b'try {\n    at::sign_out(r, self);\n  } catch (....'"
csrc,../repos/pytorch/torch/csrc/jit/tensorexpr/external_functions_codegen.cpp,"(1985, 3)-(1988, 4)","b'try {\n    at::signbit_out(r, self);\n  } catch...'"
csrc,../repos/pytorch/torch/csrc/jit/tensorexpr/external_functions_codegen.cpp,"(2004, 3)-(2007, 4)","b'try {\n    at::atan2_out(r, self, other);\n  } ...'"
csrc,../repos/pytorch/torch/csrc/jit/tensorexpr/external_functions_codegen.cpp,"(2024, 3)-(2027, 4)","b'try {\n    at::lerp_out(r, self, end, weight);...'"
csrc,../repos/pytorch/torch/csrc/jit/tensorexpr/external_functions_codegen.cpp,"(2043, 3)-(2046, 4)","b'try {\n    at::fmod_out(r, self, other);\n  } c...'"
csrc,../repos/pytorch/torch/csrc/jit/tensorexpr/external_functions_codegen.cpp,"(2062, 3)-(2065, 4)","b'try {\n    at::hypot_out(r, self, other);\n  } ...'"
csrc,../repos/pytorch/torch/csrc/jit/tensorexpr/external_functions_codegen.cpp,"(2081, 3)-(2084, 4)","b'try {\n    at::igamma_out(r, self, other);\n  }...'"
csrc,../repos/pytorch/torch/csrc/jit/tensorexpr/external_functions_codegen.cpp,"(2100, 3)-(2103, 4)","b'try {\n    at::igammac_out(r, self, other);\n  ...'"
csrc,../repos/pytorch/torch/csrc/jit/tensorexpr/external_functions_codegen.cpp,"(2119, 3)-(2122, 4)","b'try {\n    at::nextafter_out(r, self, other);\n...'"
csrc,../repos/pytorch/torch/csrc/jit/tensorexpr/external_functions_codegen.cpp,"(2138, 3)-(2141, 4)","b'try {\n    at::remainder_out(r, self, other);\n...'"
csrc,../repos/pytorch/torch/csrc/jit/tensorexpr/external_functions_codegen.cpp,"(2157, 3)-(2160, 4)","b'try {\n    at::fmin_out(r, self, other);\n  } c...'"
csrc,../repos/pytorch/torch/csrc/jit/tensorexpr/external_functions_codegen.cpp,"(2176, 3)-(2179, 4)","b'try {\n    at::fmax_out(r, self, other);\n  } c...'"
csrc,../repos/pytorch/torch/csrc/jit/tensorexpr/external_functions_codegen.cpp,"(2195, 3)-(2198, 4)","b'try {\n    at::maximum_out(r, self, other);\n  ...'"
csrc,../repos/pytorch/torch/csrc/jit/tensorexpr/external_functions_codegen.cpp,"(2214, 3)-(2217, 4)","b'try {\n    at::max_out(r, self, other);\n  } ca...'"
csrc,../repos/pytorch/torch/csrc/jit/tensorexpr/external_functions_codegen.cpp,"(2233, 3)-(2236, 4)","b'try {\n    at::minimum_out(r, self, other);\n  ...'"
csrc,../repos/pytorch/torch/csrc/jit/tensorexpr/external_functions_codegen.cpp,"(2252, 3)-(2255, 4)","b'try {\n    at::min_out(r, self, other);\n  } ca...'"
csrc,../repos/pytorch/torch/csrc/jit/tensorexpr/external_functions_codegen.cpp,"(2270, 3)-(2273, 4)","b'try {\n    at::msort_out(r, self);\n  } catch (...'"
csrc,../repos/pytorch/torch/csrc/jit/tensorexpr/external_functions_codegen.cpp,"(2289, 3)-(2292, 4)","b'try {\n    at::pow_out(r, self, exponent);\n  }...'"
csrc,../repos/pytorch/torch/csrc/jit/tensorexpr/external_functions_codegen.cpp,"(2308, 3)-(2311, 4)","b'try {\n    at::float_power_out(r, self, expone...'"
csrc,../repos/pytorch/torch/csrc/jit/tensorexpr/external_functions_codegen.cpp,"(2326, 3)-(2329, 4)","b'try {\n    at::hardsigmoid_out(r, self);\n  } c...'"
csrc,../repos/pytorch/torch/csrc/jit/tensorexpr/external_functions_codegen.cpp,"(2344, 3)-(2347, 4)","b'try {\n    at::hardswish_out(r, self);\n  } cat...'"
csrc,../repos/pytorch/torch/csrc/jit/tensorexpr/external_functions_codegen.cpp,"(2362, 3)-(2365, 4)","b'try {\n    at::log_sigmoid_out(r, self);\n  } c...'"
csrc,../repos/pytorch/torch/csrc/jit/tensorexpr/external_functions_codegen.cpp,"(2382, 3)-(2385, 4)","b'try {\n    at::log_sigmoid_backward_out(r, gra...'"
csrc,../repos/pytorch/torch/csrc/jit/tensorexpr/external_functions_codegen.cpp,"(2401, 3)-(2404, 4)",b'try {\n    at::adaptive_avg_pool3d_backward_ou...'
csrc,../repos/pytorch/torch/csrc/jit/tensorexpr/external_functions_codegen.cpp,"(2421, 3)-(2424, 4)",b'try {\n    at::adaptive_max_pool2d_backward_ou...'
csrc,../repos/pytorch/torch/csrc/jit/tensorexpr/external_functions_codegen.cpp,"(2441, 3)-(2444, 4)",b'try {\n    at::adaptive_max_pool3d_backward_ou...'
csrc,../repos/pytorch/torch/csrc/jit/tensorexpr/external_functions_codegen.cpp,"(2460, 3)-(2463, 4)","b'try {\n    at::sigmoid_backward_out(r, grad_ou...'"
csrc,../repos/pytorch/torch/csrc/jit/tensorexpr/external_functions_codegen.cpp,"(2479, 3)-(2482, 4)","b'try {\n    at::tanh_backward_out(r, grad_outpu...'"
csrc,../repos/pytorch/torch/csrc/jit/tensorexpr/external_functions_codegen.cpp,"(2497, 3)-(2500, 4)","b'try {\n    at::isposinf_out(r, self);\n  } catc...'"
csrc,../repos/pytorch/torch/csrc/jit/tensorexpr/external_functions_codegen.cpp,"(2515, 3)-(2518, 4)","b'try {\n    at::isneginf_out(r, self);\n  } catc...'"
csrc,../repos/pytorch/torch/csrc/jit/tensorexpr/external_functions_codegen.cpp,"(2533, 3)-(2536, 4)","b'try {\n    at::special_entr_out(r, self);\n  } ...'"
csrc,../repos/pytorch/torch/csrc/jit/tensorexpr/external_functions_codegen.cpp,"(2551, 3)-(2554, 4)","b'try {\n    at::special_expm1_out(r, self);\n  }...'"
csrc,../repos/pytorch/torch/csrc/jit/tensorexpr/external_functions_codegen.cpp,"(2569, 3)-(2572, 4)","b'try {\n    at::special_exp2_out(r, self);\n  } ...'"
csrc,../repos/pytorch/torch/csrc/jit/tensorexpr/external_functions_codegen.cpp,"(2587, 3)-(2590, 4)","b'try {\n    at::special_gammaln_out(r, self);\n ...'"
csrc,../repos/pytorch/torch/csrc/jit/tensorexpr/external_functions_codegen.cpp,"(2605, 3)-(2608, 4)","b'try {\n    at::special_erf_out(r, self);\n  } c...'"
csrc,../repos/pytorch/torch/csrc/jit/tensorexpr/external_functions_codegen.cpp,"(2623, 3)-(2626, 4)","b'try {\n    at::special_erfc_out(r, self);\n  } ...'"
csrc,../repos/pytorch/torch/csrc/jit/tensorexpr/external_functions_codegen.cpp,"(2641, 3)-(2644, 4)","b'try {\n    at::special_erfinv_out(r, self);\n  ...'"
csrc,../repos/pytorch/torch/csrc/jit/tensorexpr/external_functions_codegen.cpp,"(2660, 3)-(2663, 4)","b'try {\n    at::special_xlog1py_out(r, self, ot...'"
csrc,../repos/pytorch/torch/csrc/jit/tensorexpr/external_functions_codegen.cpp,"(2678, 3)-(2681, 4)","b'try {\n    at::special_i0e_out(r, self);\n  } c...'"
csrc,../repos/pytorch/torch/csrc/jit/tensorexpr/external_functions_codegen.cpp,"(2696, 3)-(2699, 4)","b'try {\n    at::special_expit_out(r, self);\n  }...'"
csrc,../repos/pytorch/torch/csrc/jit/tensorexpr/external_functions_codegen.cpp,"(2714, 3)-(2717, 4)","b'try {\n    at::linalg_cholesky_out(r, self);\n ...'"
csrc,../repos/pytorch/torch/csrc/jit/tensorexpr/external_functions_codegen.cpp,"(2732, 3)-(2735, 4)","b'try {\n    at::linalg_det_out(r, self);\n  } ca...'"
csrc,../repos/pytorch/torch/csrc/jit/tensorexpr/external_functions_codegen.cpp,"(2750, 3)-(2753, 4)","b'try {\n    at::linalg_eigvals_out(r, self);\n  ...'"
csrc,../repos/pytorch/torch/csrc/jit/tensorexpr/external_functions_codegen.cpp,"(2769, 3)-(2772, 4)",b'try {\n    at::linalg_householder_product_out(...'
csrc,../repos/pytorch/torch/csrc/jit/tensorexpr/external_functions_codegen.cpp,"(2787, 3)-(2790, 4)","b'try {\n    at::linalg_inv_out(r, self);\n  } ca...'"
csrc,../repos/pytorch/torch/csrc/jit/tensorexpr/external_functions_codegen.cpp,"(2806, 3)-(2809, 4)","b'try {\n    at::inner_out(r, self, other);\n  } ...'"
csrc,../repos/pytorch/torch/csrc/jit/tensorexpr/external_functions_codegen.cpp,"(2825, 3)-(2828, 4)","b'try {\n    at::outer_out(r, self, vec2);\n  } c...'"
csrc,../repos/pytorch/torch/csrc/jit/tensorexpr/external_functions_codegen.cpp,"(2844, 3)-(2847, 4)","b'try {\n    at::ger_out(r, self, vec2);\n  } cat...'"
csrc,../repos/pytorch/torch/csrc/jit/tensorexpr/external_functions_codegen.cpp,"(2862, 3)-(2865, 4)","b'try {\n    at::linalg_svdvals_out(r, input);\n ...'"
csrc,../repos/pytorch/torch/csrc/jit/tensorexpr/external_functions_codegen.cpp,"(2881, 3)-(2884, 4)","b'try {\n    at::linalg_solve_out(r, input, othe...'"
csrc,../repos/pytorch/torch/csrc/jit/tensorexpr/eval.cpp,"(1304, 3)-(1309, 4)",b'try {\n    return ExprEval<SimpleIREvaluator>(...'
csrc,../repos/pytorch/torch/csrc/jit/tensorexpr/kernel.cpp,"(1892, 3)-(1896, 4)",b'try {\n    compile();\n  } catch (...) {\n    us...'
csrc,../repos/pytorch/torch/csrc/jit/tensorexpr/kernel.cpp,"(1903, 5)-(1907, 6)",b'try {\n      runKernel(stack);\n    } catch (.....'
csrc,../repos/pytorch/torch/csrc/jit/tensorexpr/external_functions.cpp,"(386, 5)-(396, 6)","b'try {\n      r = at::conv2d(\n          x,\n    ...'"
csrc,../repos/pytorch/torch/csrc/jit/tensorexpr/external_functions.cpp,"(398, 5)-(401, 6)","b'try {\n      r = at::conv2d(x, w);\n    } catch...'"
csrc,../repos/pytorch/torch/csrc/jit/tensorexpr/external_functions.cpp,"(1186, 5)-(1189, 6)","b'try {\n      r = at::conv1d(x, w, b, {stride},...'"
csrc,../repos/pytorch/torch/csrc/jit/tensorexpr/external_functions.cpp,"(1191, 5)-(1194, 6)","b'try {\n      r = at::conv1d(x, w);\n    } catch...'"
csrc,../repos/pytorch/torch/csrc/jit/tensorexpr/external_functions.cpp,"(1234, 5)-(1237, 6)","b'try {\n      r = at::conv1d(x, w, b, {stride},...'"
csrc,../repos/pytorch/torch/csrc/jit/tensorexpr/external_functions.cpp,"(1239, 5)-(1242, 6)","b'try {\n      r = at::conv1d(x, w);\n    } catch...'"
csrc,../repos/pytorch/torch/csrc/jit/tensorexpr/external_functions.cpp,"(1269, 3)-(1272, 4)","b'try {\n    r = at::adaptive_avg_pool2d(x, {H, ...'"
csrc,../repos/pytorch/torch/csrc/jit/tensorexpr/external_functions.cpp,"(1295, 3)-(1298, 4)","b'try {\n    at::mean_out(r, x, mean_dims, keepd...'"
csrc,../repos/pytorch/torch/csrc/jit/tensorexpr/external_functions.cpp,"(1317, 3)-(1320, 4)","b'try {\n    r = std::get<0>(at::max(x, max_dim,...'"
csrc,../repos/pytorch/torch/csrc/jit/tensorexpr/external_functions.cpp,"(1342, 3)-(1345, 4)","b'try {\n    r = std::get<0>(at::max(x, max_dim,...'"
csrc,../repos/pytorch/torch/csrc/jit/tensorexpr/external_functions.cpp,"(1370, 3)-(1373, 4)","b'try {\n    at::addmm_out(r, x, y, z, alpha, be...'"
csrc,../repos/pytorch/torch/csrc/jit/tensorexpr/external_functions.cpp,"(1393, 3)-(1397, 4)",b'try {\n    at::triangular_solve_out(\n        r...'
csrc,../repos/pytorch/torch/csrc/jit/tensorexpr/external_functions.cpp,"(1489, 3)-(1492, 4)","b'try {\n    r = at::embedding(weight, indices);...'"
csrc,../repos/pytorch/torch/csrc/jit/tensorexpr/loopnest_randomization.cpp,"(210, 3)-(740, 4)",b'try {\n    for (int n_transform = 0; n_transfo...'
csrc,../repos/pytorch/torch/csrc/jit/tensorexpr/ir_simplifier.cpp,"(3074, 3)-(3083, 4)",b'try {\n    // NOLINTNEXTLINE(clang-analyzer-cp...'
csrc,../repos/pytorch/torch/csrc/jit/tensorexpr/external_functions_core.cpp,"(16, 3)-(24, 4)",b'try {\n    ParallelCallee callee = reinterpret...'
csrc,../repos/pytorch/torch/csrc/lazy/core/multi_wait.cpp,"(64, 3)-(69, 4)",b'try {\n    func();\n  } catch (...) {\n    std::...'
csrc,../repos/pytorch/torch/csrc/lazy/core/thread_pool.cpp,"(63, 7)-(69, 8)",b'try {\n        closure();\n      } catch (const...'
csrc,../repos/pytorch/torch/csrc/lazy/core/thread_pool.cpp,"(122, 7)-(126, 8)",b'try {\n        closure();\n      } catch (...) ...'
csrc,../repos/pytorch/torch/csrc/lazy/core/lazy_graph_executor.cpp,"(892, 5)-(930, 6)","b'try {\n      VLOG(3) << ""Executing IR graph ha...'"
