Repo name,File name,Location,Content
csrc,../repos/pytorch/torch/csrc/distributed/rpc/rref_impl.cpp,"(114, 13)-(114, 18)","b'catch (...) {\n      LOG(ERROR) << ""Error occu...'"
csrc,../repos/pytorch/torch/csrc/distributed/c10d/ProcessGroupNCCL.cpp,"(271, 11)-(271, 16)","b'catch (...) {\n    return ""Unknown exception t...'"
csrc,../repos/pytorch/torch/csrc/distributed/c10d/ProcessGroupNCCL.cpp,"(362, 13)-(362, 18)",b'catch (...) {\n      promise.set_exception(std...'
csrc,../repos/pytorch/torch/csrc/distributed/c10d/ProcessGroupNCCL.cpp,"(991, 17)-(991, 22)",b'catch (...) {\n          promise.set_exception...'
csrc,../repos/pytorch/torch/csrc/distributed/c10d/ProcessGroupNCCL.cpp,"(1034, 11)-(1034, 16)",b'catch (...) {\n    LOG(ERROR) << logPrefix()\n ...'
csrc,../repos/pytorch/torch/csrc/distributed/c10d/ProcessGroupNCCL.cpp,"(1360, 11)-(1360, 16)",b'catch (...) {\n    const auto exitMsg = c10::s...'
csrc,../repos/pytorch/torch/csrc/distributed/c10d/ProcessGroupNCCL.cpp,"(1537, 19)-(1537, 24)",b'catch (...) {\n            LOG(ERROR)\n        ...'
csrc,../repos/pytorch/torch/csrc/distributed/c10d/ProcessGroupNCCL.cpp,"(1745, 13)-(1745, 18)",b'catch (...) {\n      C10_THROW_ERROR(\n        ...'
csrc,../repos/pytorch/torch/csrc/distributed/c10d/logging.h,"(23, 29)-(23, 64)","b'formatLogMessage(fmt::string_view fmt, T&&......'"
csrc,../repos/pytorch/torch/csrc/distributed/c10d/TCPStoreBackend.cpp,"(208, 13)-(208, 18)",b'catch (...) {\n      // There was an error whe...'
csrc,../repos/pytorch/torch/csrc/distributed/c10d/ProcessGroupGloo.cpp,"(436, 11)-(436, 16)",b'catch (...) {\n    work->finishWorkGlooError(s...'
csrc,../repos/pytorch/torch/csrc/distributed/c10d/ProcessGroupGloo.cpp,"(577, 11)-(577, 16)",b'catch (...) {\n    exception = std::current_ex...'
csrc,../repos/pytorch/torch/csrc/distributed/c10d/ProcessGroupGloo.cpp,"(624, 11)-(624, 16)",b'catch (...) {\n    exception = std::current_ex...'
csrc,../repos/pytorch/torch/csrc/distributed/c10d/TraceUtils.h,"(40, 11)-(40, 16)","b'catch (...) {\n    LOG(ERROR) << ""Store is dow...'"
csrc,../repos/pytorch/torch/csrc/distributed/c10d/TraceUtils.h,"(178, 11)-(178, 16)","b'catch (...) {\n    LOG(ERROR) << ""Store is dow...'"
csrc,../repos/pytorch/torch/csrc/distributed/c10d/ProcessGroupUCC.cpp,"(548, 13)-(548, 18)",b'catch (...) {\n      eptr = std::current_excep...'
csrc,../repos/pytorch/torch/csrc/distributed/c10d/socket.cpp,"(461, 19)-(461, 60)","b'recordError(fmt::string_view format, Args&&.....'"
csrc,../repos/pytorch/torch/csrc/distributed/c10d/socket.cpp,"(694, 19)-(694, 60)","b'recordError(fmt::string_view format, Args&&.....'"
csrc,../repos/pytorch/torch/csrc/distributed/c10d/ProcessGroupMPI.cpp,"(371, 13)-(371, 18)",b'catch (...) {\n      work->finishWorkMPIError(...'
csrc,../repos/pytorch/torch/csrc/distributed/c10d/logger.hpp,"(80, 25)-(80, 76)",b'set_error_and_log(const std::string& ddp_erro...'
csrc,../repos/pytorch/torch/csrc/CudaIPCTypes.cpp,"(205, 11)-(205, 16)",b'catch (...) { /* No throw */\n  }'
csrc,../repos/pytorch/torch/csrc/cuda/nccl.cpp,"(540, 26)-(540, 47)","b'(Arg0, Arg1, Args...)'"
csrc,../repos/pytorch/torch/csrc/Exceptions.cpp,"(227, 21)-(227, 46)","b'TypeError::TypeError(const char* format, ...)'"
csrc,../repos/pytorch/torch/csrc/Exceptions.cpp,"(234, 31)-(234, 56)",b'AttributeError::AttributeError(const char* fo...'
csrc,../repos/pytorch/torch/csrc/profiler/containers.h,"(64, 18)-(64, 34)",b'emplace_back(Args&&... args)'
csrc,../repos/pytorch/torch/csrc/profiler/collection.cpp,"(284, 41)-(284, 57)",b'ThreadLocalSubqueue::\n    TorchOpStorage::OpL...'
csrc,../repos/pytorch/torch/csrc/profiler/collection.cpp,"(1094, 17)-(1094, 28)",b'TransferEvents(Args&&...)'
csrc,../repos/pytorch/torch/csrc/profiler/collection.h,"(351, 54)-(351, 68)",b'create(Args... args)'
csrc,../repos/pytorch/torch/csrc/profiler/collection.h,"(508, 29)-(508, 45)",b'emplace_backend_event(Args&&... args)'
csrc,../repos/pytorch/torch/csrc/profiler/collection.h,"(513, 28)-(513, 44)",b'emplace_vulkan_event(Args&&... args)'
csrc,../repos/pytorch/torch/csrc/profiler/collection.h,"(518, 32)-(518, 48)",b'emplace_allocation_event(Args&&... args)'
csrc,../repos/pytorch/torch/csrc/profiler/collection.h,"(523, 26)-(523, 42)",b'emplace_ooms_event(Args&&... args)'
csrc,../repos/pytorch/torch/csrc/profiler/collection.h,"(528, 23)-(528, 39)",b'emplace_py_call(Args&&... args)'
csrc,../repos/pytorch/torch/csrc/profiler/collection.h,"(576, 49)-(576, 65)",b'emplace_back(Args&&... args)'
csrc,../repos/pytorch/torch/csrc/profiler/util.h,"(150, 20)-(150, 50)",b'operator()(const std::tuple<Args...>& i)'
csrc,../repos/pytorch/torch/csrc/utils.h,"(156, 40)-(156, 65)","b'THPUtils_setError(const char* format, ...)'"
csrc,../repos/pytorch/torch/csrc/utils.h,"(157, 48)-(162, 9)",b'THPUtils_invalidArguments(\n    PyObject* give...'
csrc,../repos/pytorch/torch/csrc/utils/variadic.h,"(30, 21)-(30, 37)",b'count_tensors(Args&&... args)'
csrc,../repos/pytorch/torch/csrc/utils/variadic.h,"(45, 30)-(45, 46)",b'count_variables(Args&&... args)'
csrc,../repos/pytorch/torch/csrc/utils/variadic.h,"(118, 11)-(118, 42)","b'apply(Function function, Ts&&... ts)'"
csrc,../repos/pytorch/torch/csrc/utils/variadic.h,"(148, 18)-(148, 72)","b'unpack(Function function, Accessor accessor, ...'"
csrc,../repos/pytorch/torch/csrc/utils/python_raii.h,"(10, 30)-(10, 46)",b'RAIIContextManager(Args&&... args)'
csrc,../repos/pytorch/torch/csrc/utils/python_raii.h,"(14, 23)-(14, 37)",b'(Args... args)'
csrc,../repos/pytorch/torch/csrc/utils/python_raii.h,"(47, 40)-(47, 56)",b'DeprecatedRAIIContextManager(Args&&... args)'
csrc,../repos/pytorch/torch/csrc/Generator.cpp,"(131, 11)-(131, 16)",b'catch (...) {\n    if (PyErr_ExceptionMatches(...'
csrc,../repos/pytorch/torch/csrc/api/include/torch/serialize.h,"(41, 10)-(41, 52)","b'save(const Value& value, SaveToArgs&&... args)'"
csrc,../repos/pytorch/torch/csrc/api/include/torch/serialize.h,"(66, 10)-(66, 78)",b'save(const std::vector<torch::Tensor>& tensor...'
csrc,../repos/pytorch/torch/csrc/api/include/torch/serialize.h,"(105, 10)-(105, 48)","b'load(Value& value, LoadFromArgs&&... args)'"
csrc,../repos/pytorch/torch/csrc/api/include/torch/serialize.h,"(128, 10)-(128, 74)","b'load(std::vector<torch::Tensor>& tensor_vec, ...'"
csrc,../repos/pytorch/torch/csrc/api/include/torch/detail/static.h,"(37, 17)-(37, 22)",b'test(...)'
csrc,../repos/pytorch/torch/csrc/api/include/torch/python.h,"(107, 53)-(108, 45)",b'add_module_bindings(\n    py::class_<ModuleTyp...'
csrc,../repos/pytorch/torch/csrc/api/include/torch/nn/parallel/data_parallel.h,"(224, 19)-(224, 24)",b'catch (...) {\n            std::lock_guard<std...'
csrc,../repos/pytorch/torch/csrc/api/include/torch/nn/module.h,"(584, 15)-(584, 27)",b'to_impl(Ts&&... ts)'
csrc,../repos/pytorch/torch/csrc/api/include/torch/nn/module.h,"(686, 21)-(686, 33)",b'Module::to_impl(Ts&&... ts)'
csrc,../repos/pytorch/torch/csrc/api/include/torch/nn/modules/container/functional.h,"(69, 26)-(69, 74)",b'FunctionalImpl(SomeFunction original_function...'
csrc,../repos/pytorch/torch/csrc/api/include/torch/nn/modules/container/sequential.h,"(101, 26)-(101, 48)",b'SequentialImpl(Modules&&... modules)'
csrc,../repos/pytorch/torch/csrc/api/include/torch/nn/modules/container/sequential.h,"(173, 21)-(173, 45)",b'forward(InputTypes&&... inputs)'
csrc,../repos/pytorch/torch/csrc/api/include/torch/nn/modules/container/sequential.h,"(357, 17)-(357, 65)","b'push_back(First&& first, Second&& second, Res...'"
csrc,../repos/pytorch/torch/csrc/api/include/torch/nn/modules/container/any_module_holder.h,"(63, 24)-(63, 36)",b'operator()(Ts&&... ts)'
csrc,../repos/pytorch/torch/csrc/api/include/torch/nn/modules/container/parameterlist.h,"(21, 29)-(21, 50)",b'ParameterListImpl(Tensors&&... params)'
csrc,../repos/pytorch/torch/csrc/api/include/torch/nn/modules/container/parameterlist.h,"(27, 29)-(27, 55)",b'ParameterListImpl(const Tensors&... params)'
csrc,../repos/pytorch/torch/csrc/api/include/torch/nn/modules/container/parameterlist.h,"(157, 21)-(157, 50)","b'push_back_var(Head&& head, Tail&&... tail)'"
csrc,../repos/pytorch/torch/csrc/api/include/torch/nn/modules/container/modulelist.h,"(66, 26)-(66, 48)",b'ModuleListImpl(Modules&&... modules)'
csrc,../repos/pytorch/torch/csrc/api/include/torch/nn/modules/container/modulelist.h,"(251, 21)-(251, 50)","b'push_back_var(Head&& head, Tail&&... tail)'"
csrc,../repos/pytorch/torch/csrc/api/include/torch/nn/modules/container/any.h,"(150, 23)-(150, 53)",b'any_forward(ArgumentTypes&&... arguments)'
csrc,../repos/pytorch/torch/csrc/api/include/torch/nn/modules/container/any.h,"(156, 21)-(156, 51)",b'forward(ArgumentTypes&&... arguments)'
csrc,../repos/pytorch/torch/csrc/api/include/torch/nn/modules/container/any.h,"(196, 52)-(198, 47)",b'make_holder(\n      std::shared_ptr<ModuleType...'
csrc,../repos/pytorch/torch/csrc/api/include/torch/nn/modules/container/any.h,"(198, 28)-(198, 46)",b'(Class::*)(ArgumentTypes...)'
csrc,../repos/pytorch/torch/csrc/api/include/torch/nn/modules/container/any.h,"(202, 19)-(202, 65)",b'get_(ReturnType (ModuleType::*)(ArgumentTypes...'
csrc,../repos/pytorch/torch/csrc/api/include/torch/nn/modules/container/any.h,"(202, 46)-(202, 64)",b'(ModuleType::*)(ArgumentTypes...)'
csrc,../repos/pytorch/torch/csrc/api/include/torch/nn/modules/container/any.h,"(269, 32)-(269, 62)",b'AnyModule::any_forward(ArgumentTypes&&... arg...'
csrc,../repos/pytorch/torch/csrc/api/include/torch/nn/modules/container/any.h,"(280, 30)-(280, 60)",b'AnyModule::forward(ArgumentTypes&&... arguments)'
csrc,../repos/pytorch/torch/csrc/api/include/torch/nn/modules/container/any.h,"(331, 61)-(333, 45)",b'AnyModule::make_holder(\n    std::shared_ptr<M...'
csrc,../repos/pytorch/torch/csrc/api/include/torch/nn/modules/container/any.h,"(333, 26)-(333, 44)",b'(Class::*)(ArgumentTypes...)'
csrc,../repos/pytorch/torch/csrc/api/include/torch/nn/modules/container/any.h,"(357, 28)-(358, 50)",b'AnyModule::get_(\n    ReturnType (ModuleType::...'
csrc,../repos/pytorch/torch/csrc/api/include/torch/nn/modules/container/any.h,"(358, 31)-(358, 49)",b'(ModuleType::*)(ArgumentTypes...)'
csrc,../repos/pytorch/torch/csrc/api/include/torch/nn/pimpl.h,"(64, 24)-(64, 53)","b'ModuleHolder(Head&& head, Tail&&... tail)'"
csrc,../repos/pytorch/torch/csrc/api/include/torch/nn/pimpl.h,"(120, 18)-(120, 34)",b'operator()(Args&&... args)\n      -> torch::de...'
csrc,../repos/pytorch/torch/csrc/api/include/torch/serialize/output-archive.h,"(73, 18)-(73, 30)",b'operator()(Ts&&... ts)'
csrc,../repos/pytorch/torch/csrc/api/include/torch/serialize/input-archive.h,"(108, 18)-(108, 30)",b'operator()(Ts&&... ts)'
csrc,../repos/pytorch/torch/csrc/api/include/torch/data/dataloader/base.h,"(193, 15)-(193, 20)",b'catch (...) {\n        shuttle_.push_result({s...'
csrc,../repos/pytorch/torch/csrc/api/include/torch/data/datasets/stateful.h,"(52, 37)-(54, 53)",b'operator<<(\n    serialize::OutputArchive& arc...'
csrc,../repos/pytorch/torch/csrc/api/include/torch/data/datasets/stateful.h,"(61, 36)-(63, 47)",b'operator>>(\n    serialize::InputArchive& arch...'
csrc,../repos/pytorch/torch/csrc/api/include/torch/data/datasets/chunk.h,"(456, 15)-(456, 20)",b'catch (...) {\n        batch_buffer_->add_chun...'
csrc,../repos/pytorch/torch/csrc/api/include/torch/data/datasets/shared.h,"(78, 58)-(78, 74)",b'make_shared_dataset(Args&&... args)'
csrc,../repos/pytorch/torch/csrc/autograd/FunctionsManual.cpp,"(4110, 19)-(4115, 21)","b'masked_fmap(\n    const Tensor& mask,\n    cons...'"
csrc,../repos/pytorch/torch/csrc/autograd/VariableTypeUtils.h,"(150, 41)-(150, 57)",b'flatten_tensor_args(Args&&... args)'
csrc,../repos/pytorch/torch/csrc/autograd/VariableTypeUtils.h,"(384, 47)-(388, 20)",b'run_jit_decomposition_with_args_for_jvp(\n    ...'
csrc,../repos/pytorch/torch/csrc/autograd/functions/utils.h,"(60, 34)-(60, 50)",b'compute_requires_grad(Args&&... args)'
csrc,../repos/pytorch/torch/csrc/autograd/utils/wrap_outputs.h,"(109, 25)-(112, 44)","b'apply_with_idx_impl(\n    const F& f,\n    Tupl...'"
csrc,../repos/pytorch/torch/csrc/autograd/utils/wrap_outputs.h,"(118, 20)-(118, 54)","b'apply_with_idx(const F& f, std::tuple<Ts...>& t)'"
csrc,../repos/pytorch/torch/csrc/autograd/utils/wrap_outputs.h,"(124, 15)-(124, 41)",b'wrap(std::tuple<Ts...> values)'
csrc,../repos/pytorch/torch/csrc/autograd/utils/wrap_outputs.h,"(137, 15)-(137, 61)","b'wrap(PyTypeObject* type, std::tuple<Ts...> values)'"
csrc,../repos/pytorch/torch/csrc/autograd/profiler_python.cpp,"(129, 70)-(130, 33)",b'make_tuple_impl(\n      std::index_sequence<I...>)'
csrc,../repos/pytorch/torch/csrc/autograd/profiler_python.cpp,"(133, 18)-(133, 53)","b'map(T& t, FunctorT& f, Args&&... args)'"
csrc,../repos/pytorch/torch/csrc/autograd/profiler_python.cpp,"(144, 18)-(144, 62)","b'map(tuple_type& t, FunctorT& f, Args&&... args)'"
csrc,../repos/pytorch/torch/csrc/autograd/profiler_python.cpp,"(656, 18)-(656, 53)","b'intern(Ephemeral ephemeral, Args... args)'"
csrc,../repos/pytorch/torch/csrc/autograd/profiler_legacy.h,"(294, 14)-(294, 30)",b'record(Args&&... args)'
csrc,../repos/pytorch/torch/csrc/autograd/function.h,"(741, 29)-(741, 55)",b'collect_next_edges(Variables&&... variables)'
csrc,../repos/pytorch/torch/csrc/autograd/custom_function.h,"(98, 20)-(98, 36)",b'apply(Args&&... args)\n      -> std::enable_if...'
csrc,../repos/pytorch/torch/csrc/autograd/custom_function.h,"(222, 25)-(225, 20)","b'extract_vars(\n    std::vector<bool>& is_var,\n...'"
csrc,../repos/pytorch/torch/csrc/autograd/custom_function.h,"(265, 24)-(265, 40)",b'Function<T>::apply(Args&&... args)\n    -> std...'
csrc,../repos/pytorch/torch/csrc/autograd/profiler_legacy.cpp,"(674, 11)-(674, 16)","b'catch (...) {\n    LOG(ERROR) << ""Unknown erro...'"
csrc,../repos/pytorch/torch/csrc/inductor/aoti_runtime/model_container.h,"(85, 13)-(85, 18)",b'catch (...) {\n      std::lock_guard lk(models...'
csrc,../repos/pytorch/torch/csrc/inductor/aoti_runtime/model_container.h,"(395, 13)-(395, 18)",b'catch (...) {\n      lk.lock();\n      availabl...'
csrc,../repos/pytorch/torch/csrc/jit/frontend/tracer.cpp,"(536, 11)-(536, 16)",b'catch (...) {\n    tracer::abandon();\n    thro...'
csrc,../repos/pytorch/torch/csrc/jit/frontend/tree.h,"(62, 13)-(62, 35)","b'match(int k, Args&... args) const'"
csrc,../repos/pytorch/torch/csrc/jit/frontend/tree.h,"(66, 14)-(66, 70)","b'matchD(int k, const char* filename, int linen...'"
csrc,../repos/pytorch/torch/csrc/jit/frontend/tree.h,"(112, 24)-(112, 40)",b'create(Args&&... args)'
csrc,../repos/pytorch/torch/csrc/jit/frontend/ir_emitter.cpp,"(1914, 13)-(1914, 18)",b'catch (...) {\n      throw ErrorReport(loc) <<...'
csrc,../repos/pytorch/torch/csrc/jit/runtime/static/ops.h,"(173, 21)-(176, 23)","b'sr_schema_check(\n    torch::jit::Node* node,\n...'"
csrc,../repos/pytorch/torch/csrc/jit/runtime/register_ops_utils.h,"(421, 43)-(423, 15)",b'OperatorGeneratorArgs(\n      torch::detail::S...'
csrc,../repos/pytorch/torch/csrc/jit/runtime/symbolic_shape_registry.cpp,"(370, 11)-(370, 16)",b'catch (...) {\n    // Reset the cache and comp...'
csrc,../repos/pytorch/torch/csrc/jit/codegen/onednn/operator.h,"(44, 21)-(44, 49)","b'setInput(size_t offset, Ts... other)'"
csrc,../repos/pytorch/torch/csrc/jit/codegen/onednn/operator.h,"(88, 22)-(91, 19)",b'setOutput(\n      std::unique_ptr<dnnl::graph:...'
csrc,../repos/pytorch/torch/csrc/jit/codegen/fuser/executor.cpp,"(46, 15)-(46, 20)",b'catch (...) {\n        return c10::nullopt;\n      }'
csrc,../repos/pytorch/torch/csrc/jit/codegen/fuser/executor.cpp,"(60, 15)-(60, 20)",b'catch (...) {\n        return c10::nullopt;\n      }'
csrc,../repos/pytorch/torch/csrc/jit/mobile/module.h,"(73, 25)-(73, 74)","b'run_method(const std::string& method_name, Ty...'"
csrc,../repos/pytorch/torch/csrc/jit/mobile/interpreter.cpp,"(382, 13)-(382, 18)",b'catch (...) {\n      saveExceptionDebugHandles...'
csrc,../repos/pytorch/torch/csrc/jit/python/pybind_utils.h,"(447, 17)-(447, 22)",b'catch (...) {\n          // Invalidate the ass...'
csrc,../repos/pytorch/torch/csrc/jit/python/script_init.cpp,"(219, 11)-(219, 16)",b'catch (...) {\n    return c10::nullopt;\n  }'
csrc,../repos/pytorch/torch/csrc/jit/jit_opt_limit.cpp,"(26, 11)-(26, 16)",b'catch (...) {\n    return -1;\n  }'
csrc,../repos/pytorch/torch/csrc/jit/serialization/flatbuffer_serializer.cpp,"(686, 11)-(686, 16)",b'catch (...) {\n    // Threw if ivalue is not h...'
csrc,../repos/pytorch/torch/csrc/jit/serialization/flatbuffer_serializer.cpp,"(696, 11)-(696, 16)",b'catch (...) {\n    // Threw if ivalue is not h...'
csrc,../repos/pytorch/torch/csrc/jit/api/object.h,"(172, 20)-(172, 69)","b'run_method(const std::string& method_name, Ty...'"
csrc,../repos/pytorch/torch/csrc/jit/api/module.h,"(264, 22)-(264, 71)","b'create_class(const c10::QualifiedName& name, ...'"
csrc,../repos/pytorch/torch/csrc/jit/api/compilation_unit.h,"(160, 20)-(160, 76)",b'run_method(const c10::QualifiedName& method_n...'
csrc,../repos/pytorch/torch/csrc/jit/passes/constant_propagation.cpp,"(87, 15)-(87, 20)",b'catch (...) {\n        return c10::nullopt;\n      }'
csrc,../repos/pytorch/torch/csrc/jit/passes/dtype_analysis.cpp,"(116, 11)-(116, 16)","b'catch (...) {\n    GRAPH_DEBUG(""caught excepti...'"
csrc,../repos/pytorch/torch/csrc/jit/tensorexpr/external_functions_codegen.cpp,"(30, 11)-(30, 16)",b'catch (...) {\n  }'
csrc,../repos/pytorch/torch/csrc/jit/tensorexpr/external_functions_codegen.cpp,"(48, 11)-(48, 16)",b'catch (...) {\n  }'
csrc,../repos/pytorch/torch/csrc/jit/tensorexpr/external_functions_codegen.cpp,"(66, 11)-(66, 16)",b'catch (...) {\n  }'
csrc,../repos/pytorch/torch/csrc/jit/tensorexpr/external_functions_codegen.cpp,"(84, 11)-(84, 16)",b'catch (...) {\n  }'
csrc,../repos/pytorch/torch/csrc/jit/tensorexpr/external_functions_codegen.cpp,"(102, 11)-(102, 16)",b'catch (...) {\n  }'
csrc,../repos/pytorch/torch/csrc/jit/tensorexpr/external_functions_codegen.cpp,"(120, 11)-(120, 16)",b'catch (...) {\n  }'
csrc,../repos/pytorch/torch/csrc/jit/tensorexpr/external_functions_codegen.cpp,"(138, 11)-(138, 16)",b'catch (...) {\n  }'
csrc,../repos/pytorch/torch/csrc/jit/tensorexpr/external_functions_codegen.cpp,"(156, 11)-(156, 16)",b'catch (...) {\n  }'
csrc,../repos/pytorch/torch/csrc/jit/tensorexpr/external_functions_codegen.cpp,"(174, 11)-(174, 16)",b'catch (...) {\n  }'
csrc,../repos/pytorch/torch/csrc/jit/tensorexpr/external_functions_codegen.cpp,"(192, 11)-(192, 16)",b'catch (...) {\n  }'
csrc,../repos/pytorch/torch/csrc/jit/tensorexpr/external_functions_codegen.cpp,"(210, 11)-(210, 16)",b'catch (...) {\n  }'
csrc,../repos/pytorch/torch/csrc/jit/tensorexpr/external_functions_codegen.cpp,"(228, 11)-(228, 16)",b'catch (...) {\n  }'
csrc,../repos/pytorch/torch/csrc/jit/tensorexpr/external_functions_codegen.cpp,"(246, 11)-(246, 16)",b'catch (...) {\n  }'
csrc,../repos/pytorch/torch/csrc/jit/tensorexpr/external_functions_codegen.cpp,"(264, 11)-(264, 16)",b'catch (...) {\n  }'
csrc,../repos/pytorch/torch/csrc/jit/tensorexpr/external_functions_codegen.cpp,"(282, 11)-(282, 16)",b'catch (...) {\n  }'
csrc,../repos/pytorch/torch/csrc/jit/tensorexpr/external_functions_codegen.cpp,"(300, 11)-(300, 16)",b'catch (...) {\n  }'
csrc,../repos/pytorch/torch/csrc/jit/tensorexpr/external_functions_codegen.cpp,"(318, 11)-(318, 16)",b'catch (...) {\n  }'
csrc,../repos/pytorch/torch/csrc/jit/tensorexpr/external_functions_codegen.cpp,"(337, 11)-(337, 16)",b'catch (...) {\n  }'
csrc,../repos/pytorch/torch/csrc/jit/tensorexpr/external_functions_codegen.cpp,"(355, 11)-(355, 16)",b'catch (...) {\n  }'
csrc,../repos/pytorch/torch/csrc/jit/tensorexpr/external_functions_codegen.cpp,"(374, 11)-(374, 16)",b'catch (...) {\n  }'
csrc,../repos/pytorch/torch/csrc/jit/tensorexpr/external_functions_codegen.cpp,"(393, 11)-(393, 16)",b'catch (...) {\n  }'
csrc,../repos/pytorch/torch/csrc/jit/tensorexpr/external_functions_codegen.cpp,"(412, 11)-(412, 16)",b'catch (...) {\n  }'
csrc,../repos/pytorch/torch/csrc/jit/tensorexpr/external_functions_codegen.cpp,"(431, 11)-(431, 16)",b'catch (...) {\n  }'
csrc,../repos/pytorch/torch/csrc/jit/tensorexpr/external_functions_codegen.cpp,"(449, 11)-(449, 16)",b'catch (...) {\n  }'
csrc,../repos/pytorch/torch/csrc/jit/tensorexpr/external_functions_codegen.cpp,"(468, 11)-(468, 16)",b'catch (...) {\n  }'
csrc,../repos/pytorch/torch/csrc/jit/tensorexpr/external_functions_codegen.cpp,"(487, 11)-(487, 16)",b'catch (...) {\n  }'
csrc,../repos/pytorch/torch/csrc/jit/tensorexpr/external_functions_codegen.cpp,"(506, 11)-(506, 16)",b'catch (...) {\n  }'
csrc,../repos/pytorch/torch/csrc/jit/tensorexpr/external_functions_codegen.cpp,"(525, 11)-(525, 16)",b'catch (...) {\n  }'
csrc,../repos/pytorch/torch/csrc/jit/tensorexpr/external_functions_codegen.cpp,"(543, 11)-(543, 16)",b'catch (...) {\n  }'
csrc,../repos/pytorch/torch/csrc/jit/tensorexpr/external_functions_codegen.cpp,"(561, 11)-(561, 16)",b'catch (...) {\n  }'
csrc,../repos/pytorch/torch/csrc/jit/tensorexpr/external_functions_codegen.cpp,"(580, 11)-(580, 16)",b'catch (...) {\n  }'
csrc,../repos/pytorch/torch/csrc/jit/tensorexpr/external_functions_codegen.cpp,"(599, 11)-(599, 16)",b'catch (...) {\n  }'
csrc,../repos/pytorch/torch/csrc/jit/tensorexpr/external_functions_codegen.cpp,"(618, 11)-(618, 16)",b'catch (...) {\n  }'
csrc,../repos/pytorch/torch/csrc/jit/tensorexpr/external_functions_codegen.cpp,"(637, 11)-(637, 16)",b'catch (...) {\n  }'
csrc,../repos/pytorch/torch/csrc/jit/tensorexpr/external_functions_codegen.cpp,"(656, 11)-(656, 16)",b'catch (...) {\n  }'
csrc,../repos/pytorch/torch/csrc/jit/tensorexpr/external_functions_codegen.cpp,"(674, 11)-(674, 16)",b'catch (...) {\n  }'
csrc,../repos/pytorch/torch/csrc/jit/tensorexpr/external_functions_codegen.cpp,"(692, 11)-(692, 16)",b'catch (...) {\n  }'
csrc,../repos/pytorch/torch/csrc/jit/tensorexpr/external_functions_codegen.cpp,"(710, 11)-(710, 16)",b'catch (...) {\n  }'
csrc,../repos/pytorch/torch/csrc/jit/tensorexpr/external_functions_codegen.cpp,"(728, 11)-(728, 16)",b'catch (...) {\n  }'
csrc,../repos/pytorch/torch/csrc/jit/tensorexpr/external_functions_codegen.cpp,"(746, 11)-(746, 16)",b'catch (...) {\n  }'
csrc,../repos/pytorch/torch/csrc/jit/tensorexpr/external_functions_codegen.cpp,"(764, 11)-(764, 16)",b'catch (...) {\n  }'
csrc,../repos/pytorch/torch/csrc/jit/tensorexpr/external_functions_codegen.cpp,"(783, 11)-(783, 16)",b'catch (...) {\n  }'
csrc,../repos/pytorch/torch/csrc/jit/tensorexpr/external_functions_codegen.cpp,"(801, 11)-(801, 16)",b'catch (...) {\n  }'
csrc,../repos/pytorch/torch/csrc/jit/tensorexpr/external_functions_codegen.cpp,"(820, 11)-(820, 16)",b'catch (...) {\n  }'
csrc,../repos/pytorch/torch/csrc/jit/tensorexpr/external_functions_codegen.cpp,"(839, 11)-(839, 16)",b'catch (...) {\n  }'
csrc,../repos/pytorch/torch/csrc/jit/tensorexpr/external_functions_codegen.cpp,"(857, 11)-(857, 16)",b'catch (...) {\n  }'
csrc,../repos/pytorch/torch/csrc/jit/tensorexpr/external_functions_codegen.cpp,"(876, 11)-(876, 16)",b'catch (...) {\n  }'
csrc,../repos/pytorch/torch/csrc/jit/tensorexpr/external_functions_codegen.cpp,"(895, 11)-(895, 16)",b'catch (...) {\n  }'
csrc,../repos/pytorch/torch/csrc/jit/tensorexpr/external_functions_codegen.cpp,"(913, 11)-(913, 16)",b'catch (...) {\n  }'
csrc,../repos/pytorch/torch/csrc/jit/tensorexpr/external_functions_codegen.cpp,"(931, 11)-(931, 16)",b'catch (...) {\n  }'
csrc,../repos/pytorch/torch/csrc/jit/tensorexpr/external_functions_codegen.cpp,"(949, 11)-(949, 16)",b'catch (...) {\n  }'
csrc,../repos/pytorch/torch/csrc/jit/tensorexpr/external_functions_codegen.cpp,"(967, 11)-(967, 16)",b'catch (...) {\n  }'
csrc,../repos/pytorch/torch/csrc/jit/tensorexpr/external_functions_codegen.cpp,"(986, 11)-(986, 16)",b'catch (...) {\n  }'
csrc,../repos/pytorch/torch/csrc/jit/tensorexpr/external_functions_codegen.cpp,"(1005, 11)-(1005, 16)",b'catch (...) {\n  }'
csrc,../repos/pytorch/torch/csrc/jit/tensorexpr/external_functions_codegen.cpp,"(1024, 11)-(1024, 16)",b'catch (...) {\n  }'
csrc,../repos/pytorch/torch/csrc/jit/tensorexpr/external_functions_codegen.cpp,"(1043, 11)-(1043, 16)",b'catch (...) {\n  }'
csrc,../repos/pytorch/torch/csrc/jit/tensorexpr/external_functions_codegen.cpp,"(1062, 11)-(1062, 16)",b'catch (...) {\n  }'
csrc,../repos/pytorch/torch/csrc/jit/tensorexpr/external_functions_codegen.cpp,"(1081, 11)-(1081, 16)",b'catch (...) {\n  }'
csrc,../repos/pytorch/torch/csrc/jit/tensorexpr/external_functions_codegen.cpp,"(1100, 11)-(1100, 16)",b'catch (...) {\n  }'
csrc,../repos/pytorch/torch/csrc/jit/tensorexpr/external_functions_codegen.cpp,"(1119, 11)-(1119, 16)",b'catch (...) {\n  }'
csrc,../repos/pytorch/torch/csrc/jit/tensorexpr/external_functions_codegen.cpp,"(1138, 11)-(1138, 16)",b'catch (...) {\n  }'
csrc,../repos/pytorch/torch/csrc/jit/tensorexpr/external_functions_codegen.cpp,"(1156, 11)-(1156, 16)",b'catch (...) {\n  }'
csrc,../repos/pytorch/torch/csrc/jit/tensorexpr/external_functions_codegen.cpp,"(1174, 11)-(1174, 16)",b'catch (...) {\n  }'
csrc,../repos/pytorch/torch/csrc/jit/tensorexpr/external_functions_codegen.cpp,"(1192, 11)-(1192, 16)",b'catch (...) {\n  }'
csrc,../repos/pytorch/torch/csrc/jit/tensorexpr/external_functions_codegen.cpp,"(1210, 11)-(1210, 16)",b'catch (...) {\n  }'
csrc,../repos/pytorch/torch/csrc/jit/tensorexpr/external_functions_codegen.cpp,"(1228, 11)-(1228, 16)",b'catch (...) {\n  }'
csrc,../repos/pytorch/torch/csrc/jit/tensorexpr/external_functions_codegen.cpp,"(1246, 11)-(1246, 16)",b'catch (...) {\n  }'
csrc,../repos/pytorch/torch/csrc/jit/tensorexpr/external_functions_codegen.cpp,"(1264, 11)-(1264, 16)",b'catch (...) {\n  }'
csrc,../repos/pytorch/torch/csrc/jit/tensorexpr/external_functions_codegen.cpp,"(1282, 11)-(1282, 16)",b'catch (...) {\n  }'
csrc,../repos/pytorch/torch/csrc/jit/tensorexpr/external_functions_codegen.cpp,"(1300, 11)-(1300, 16)",b'catch (...) {\n  }'
csrc,../repos/pytorch/torch/csrc/jit/tensorexpr/external_functions_codegen.cpp,"(1318, 11)-(1318, 16)",b'catch (...) {\n  }'
csrc,../repos/pytorch/torch/csrc/jit/tensorexpr/external_functions_codegen.cpp,"(1336, 11)-(1336, 16)",b'catch (...) {\n  }'
csrc,../repos/pytorch/torch/csrc/jit/tensorexpr/external_functions_codegen.cpp,"(1354, 11)-(1354, 16)",b'catch (...) {\n  }'
csrc,../repos/pytorch/torch/csrc/jit/tensorexpr/external_functions_codegen.cpp,"(1372, 11)-(1372, 16)",b'catch (...) {\n  }'
csrc,../repos/pytorch/torch/csrc/jit/tensorexpr/external_functions_codegen.cpp,"(1390, 11)-(1390, 16)",b'catch (...) {\n  }'
csrc,../repos/pytorch/torch/csrc/jit/tensorexpr/external_functions_codegen.cpp,"(1408, 11)-(1408, 16)",b'catch (...) {\n  }'
csrc,../repos/pytorch/torch/csrc/jit/tensorexpr/external_functions_codegen.cpp,"(1426, 11)-(1426, 16)",b'catch (...) {\n  }'
csrc,../repos/pytorch/torch/csrc/jit/tensorexpr/external_functions_codegen.cpp,"(1444, 11)-(1444, 16)",b'catch (...) {\n  }'
csrc,../repos/pytorch/torch/csrc/jit/tensorexpr/external_functions_codegen.cpp,"(1462, 11)-(1462, 16)",b'catch (...) {\n  }'
csrc,../repos/pytorch/torch/csrc/jit/tensorexpr/external_functions_codegen.cpp,"(1480, 11)-(1480, 16)",b'catch (...) {\n  }'
csrc,../repos/pytorch/torch/csrc/jit/tensorexpr/external_functions_codegen.cpp,"(1499, 11)-(1499, 16)",b'catch (...) {\n  }'
csrc,../repos/pytorch/torch/csrc/jit/tensorexpr/external_functions_codegen.cpp,"(1518, 11)-(1518, 16)",b'catch (...) {\n  }'
csrc,../repos/pytorch/torch/csrc/jit/tensorexpr/external_functions_codegen.cpp,"(1537, 11)-(1537, 16)",b'catch (...) {\n  }'
csrc,../repos/pytorch/torch/csrc/jit/tensorexpr/external_functions_codegen.cpp,"(1556, 11)-(1556, 16)",b'catch (...) {\n  }'
csrc,../repos/pytorch/torch/csrc/jit/tensorexpr/external_functions_codegen.cpp,"(1575, 11)-(1575, 16)",b'catch (...) {\n  }'
csrc,../repos/pytorch/torch/csrc/jit/tensorexpr/external_functions_codegen.cpp,"(1594, 11)-(1594, 16)",b'catch (...) {\n  }'
csrc,../repos/pytorch/torch/csrc/jit/tensorexpr/external_functions_codegen.cpp,"(1613, 11)-(1613, 16)",b'catch (...) {\n  }'
csrc,../repos/pytorch/torch/csrc/jit/tensorexpr/external_functions_codegen.cpp,"(1632, 11)-(1632, 16)",b'catch (...) {\n  }'
csrc,../repos/pytorch/torch/csrc/jit/tensorexpr/external_functions_codegen.cpp,"(1651, 11)-(1651, 16)",b'catch (...) {\n  }'
csrc,../repos/pytorch/torch/csrc/jit/tensorexpr/external_functions_codegen.cpp,"(1670, 11)-(1670, 16)",b'catch (...) {\n  }'
csrc,../repos/pytorch/torch/csrc/jit/tensorexpr/external_functions_codegen.cpp,"(1689, 11)-(1689, 16)",b'catch (...) {\n  }'
csrc,../repos/pytorch/torch/csrc/jit/tensorexpr/external_functions_codegen.cpp,"(1708, 11)-(1708, 16)",b'catch (...) {\n  }'
csrc,../repos/pytorch/torch/csrc/jit/tensorexpr/external_functions_codegen.cpp,"(1727, 11)-(1727, 16)",b'catch (...) {\n  }'
csrc,../repos/pytorch/torch/csrc/jit/tensorexpr/external_functions_codegen.cpp,"(1746, 11)-(1746, 16)",b'catch (...) {\n  }'
csrc,../repos/pytorch/torch/csrc/jit/tensorexpr/external_functions_codegen.cpp,"(1765, 11)-(1765, 16)",b'catch (...) {\n  }'
csrc,../repos/pytorch/torch/csrc/jit/tensorexpr/external_functions_codegen.cpp,"(1784, 11)-(1784, 16)",b'catch (...) {\n  }'
csrc,../repos/pytorch/torch/csrc/jit/tensorexpr/external_functions_codegen.cpp,"(1803, 11)-(1803, 16)",b'catch (...) {\n  }'
csrc,../repos/pytorch/torch/csrc/jit/tensorexpr/external_functions_codegen.cpp,"(1822, 11)-(1822, 16)",b'catch (...) {\n  }'
csrc,../repos/pytorch/torch/csrc/jit/tensorexpr/external_functions_codegen.cpp,"(1840, 11)-(1840, 16)",b'catch (...) {\n  }'
csrc,../repos/pytorch/torch/csrc/jit/tensorexpr/external_functions_codegen.cpp,"(1859, 11)-(1859, 16)",b'catch (...) {\n  }'
csrc,../repos/pytorch/torch/csrc/jit/tensorexpr/external_functions_codegen.cpp,"(1879, 11)-(1879, 16)",b'catch (...) {\n  }'
csrc,../repos/pytorch/torch/csrc/jit/tensorexpr/external_functions_codegen.cpp,"(1897, 11)-(1897, 16)",b'catch (...) {\n  }'
csrc,../repos/pytorch/torch/csrc/jit/tensorexpr/external_functions_codegen.cpp,"(1915, 11)-(1915, 16)",b'catch (...) {\n  }'
csrc,../repos/pytorch/torch/csrc/jit/tensorexpr/external_functions_codegen.cpp,"(1933, 11)-(1933, 16)",b'catch (...) {\n  }'
csrc,../repos/pytorch/torch/csrc/jit/tensorexpr/external_functions_codegen.cpp,"(1951, 11)-(1951, 16)",b'catch (...) {\n  }'
csrc,../repos/pytorch/torch/csrc/jit/tensorexpr/external_functions_codegen.cpp,"(1969, 11)-(1969, 16)",b'catch (...) {\n  }'
csrc,../repos/pytorch/torch/csrc/jit/tensorexpr/external_functions_codegen.cpp,"(1987, 11)-(1987, 16)",b'catch (...) {\n  }'
csrc,../repos/pytorch/torch/csrc/jit/tensorexpr/external_functions_codegen.cpp,"(2006, 11)-(2006, 16)",b'catch (...) {\n  }'
csrc,../repos/pytorch/torch/csrc/jit/tensorexpr/external_functions_codegen.cpp,"(2026, 11)-(2026, 16)",b'catch (...) {\n  }'
csrc,../repos/pytorch/torch/csrc/jit/tensorexpr/external_functions_codegen.cpp,"(2045, 11)-(2045, 16)",b'catch (...) {\n  }'
csrc,../repos/pytorch/torch/csrc/jit/tensorexpr/external_functions_codegen.cpp,"(2064, 11)-(2064, 16)",b'catch (...) {\n  }'
csrc,../repos/pytorch/torch/csrc/jit/tensorexpr/external_functions_codegen.cpp,"(2083, 11)-(2083, 16)",b'catch (...) {\n  }'
csrc,../repos/pytorch/torch/csrc/jit/tensorexpr/external_functions_codegen.cpp,"(2102, 11)-(2102, 16)",b'catch (...) {\n  }'
csrc,../repos/pytorch/torch/csrc/jit/tensorexpr/external_functions_codegen.cpp,"(2121, 11)-(2121, 16)",b'catch (...) {\n  }'
csrc,../repos/pytorch/torch/csrc/jit/tensorexpr/external_functions_codegen.cpp,"(2140, 11)-(2140, 16)",b'catch (...) {\n  }'
csrc,../repos/pytorch/torch/csrc/jit/tensorexpr/external_functions_codegen.cpp,"(2159, 11)-(2159, 16)",b'catch (...) {\n  }'
csrc,../repos/pytorch/torch/csrc/jit/tensorexpr/external_functions_codegen.cpp,"(2178, 11)-(2178, 16)",b'catch (...) {\n  }'
csrc,../repos/pytorch/torch/csrc/jit/tensorexpr/external_functions_codegen.cpp,"(2197, 11)-(2197, 16)",b'catch (...) {\n  }'
csrc,../repos/pytorch/torch/csrc/jit/tensorexpr/external_functions_codegen.cpp,"(2216, 11)-(2216, 16)",b'catch (...) {\n  }'
csrc,../repos/pytorch/torch/csrc/jit/tensorexpr/external_functions_codegen.cpp,"(2235, 11)-(2235, 16)",b'catch (...) {\n  }'
csrc,../repos/pytorch/torch/csrc/jit/tensorexpr/external_functions_codegen.cpp,"(2254, 11)-(2254, 16)",b'catch (...) {\n  }'
csrc,../repos/pytorch/torch/csrc/jit/tensorexpr/external_functions_codegen.cpp,"(2272, 11)-(2272, 16)",b'catch (...) {\n  }'
csrc,../repos/pytorch/torch/csrc/jit/tensorexpr/external_functions_codegen.cpp,"(2291, 11)-(2291, 16)",b'catch (...) {\n  }'
csrc,../repos/pytorch/torch/csrc/jit/tensorexpr/external_functions_codegen.cpp,"(2310, 11)-(2310, 16)",b'catch (...) {\n  }'
csrc,../repos/pytorch/torch/csrc/jit/tensorexpr/external_functions_codegen.cpp,"(2328, 11)-(2328, 16)",b'catch (...) {\n  }'
csrc,../repos/pytorch/torch/csrc/jit/tensorexpr/external_functions_codegen.cpp,"(2346, 11)-(2346, 16)",b'catch (...) {\n  }'
csrc,../repos/pytorch/torch/csrc/jit/tensorexpr/external_functions_codegen.cpp,"(2364, 11)-(2364, 16)",b'catch (...) {\n  }'
csrc,../repos/pytorch/torch/csrc/jit/tensorexpr/external_functions_codegen.cpp,"(2384, 11)-(2384, 16)",b'catch (...) {\n  }'
csrc,../repos/pytorch/torch/csrc/jit/tensorexpr/external_functions_codegen.cpp,"(2403, 11)-(2403, 16)",b'catch (...) {\n  }'
csrc,../repos/pytorch/torch/csrc/jit/tensorexpr/external_functions_codegen.cpp,"(2423, 11)-(2423, 16)",b'catch (...) {\n  }'
csrc,../repos/pytorch/torch/csrc/jit/tensorexpr/external_functions_codegen.cpp,"(2443, 11)-(2443, 16)",b'catch (...) {\n  }'
csrc,../repos/pytorch/torch/csrc/jit/tensorexpr/external_functions_codegen.cpp,"(2462, 11)-(2462, 16)",b'catch (...) {\n  }'
csrc,../repos/pytorch/torch/csrc/jit/tensorexpr/external_functions_codegen.cpp,"(2481, 11)-(2481, 16)",b'catch (...) {\n  }'
csrc,../repos/pytorch/torch/csrc/jit/tensorexpr/external_functions_codegen.cpp,"(2499, 11)-(2499, 16)",b'catch (...) {\n  }'
csrc,../repos/pytorch/torch/csrc/jit/tensorexpr/external_functions_codegen.cpp,"(2517, 11)-(2517, 16)",b'catch (...) {\n  }'
csrc,../repos/pytorch/torch/csrc/jit/tensorexpr/external_functions_codegen.cpp,"(2535, 11)-(2535, 16)",b'catch (...) {\n  }'
csrc,../repos/pytorch/torch/csrc/jit/tensorexpr/external_functions_codegen.cpp,"(2553, 11)-(2553, 16)",b'catch (...) {\n  }'
csrc,../repos/pytorch/torch/csrc/jit/tensorexpr/external_functions_codegen.cpp,"(2571, 11)-(2571, 16)",b'catch (...) {\n  }'
csrc,../repos/pytorch/torch/csrc/jit/tensorexpr/external_functions_codegen.cpp,"(2589, 11)-(2589, 16)",b'catch (...) {\n  }'
csrc,../repos/pytorch/torch/csrc/jit/tensorexpr/external_functions_codegen.cpp,"(2607, 11)-(2607, 16)",b'catch (...) {\n  }'
csrc,../repos/pytorch/torch/csrc/jit/tensorexpr/external_functions_codegen.cpp,"(2625, 11)-(2625, 16)",b'catch (...) {\n  }'
csrc,../repos/pytorch/torch/csrc/jit/tensorexpr/external_functions_codegen.cpp,"(2643, 11)-(2643, 16)",b'catch (...) {\n  }'
csrc,../repos/pytorch/torch/csrc/jit/tensorexpr/external_functions_codegen.cpp,"(2662, 11)-(2662, 16)",b'catch (...) {\n  }'
csrc,../repos/pytorch/torch/csrc/jit/tensorexpr/external_functions_codegen.cpp,"(2680, 11)-(2680, 16)",b'catch (...) {\n  }'
csrc,../repos/pytorch/torch/csrc/jit/tensorexpr/external_functions_codegen.cpp,"(2698, 11)-(2698, 16)",b'catch (...) {\n  }'
csrc,../repos/pytorch/torch/csrc/jit/tensorexpr/external_functions_codegen.cpp,"(2716, 11)-(2716, 16)",b'catch (...) {\n  }'
csrc,../repos/pytorch/torch/csrc/jit/tensorexpr/external_functions_codegen.cpp,"(2734, 11)-(2734, 16)",b'catch (...) {\n  }'
csrc,../repos/pytorch/torch/csrc/jit/tensorexpr/external_functions_codegen.cpp,"(2752, 11)-(2752, 16)",b'catch (...) {\n  }'
csrc,../repos/pytorch/torch/csrc/jit/tensorexpr/external_functions_codegen.cpp,"(2771, 11)-(2771, 16)",b'catch (...) {\n  }'
csrc,../repos/pytorch/torch/csrc/jit/tensorexpr/external_functions_codegen.cpp,"(2789, 11)-(2789, 16)",b'catch (...) {\n  }'
csrc,../repos/pytorch/torch/csrc/jit/tensorexpr/external_functions_codegen.cpp,"(2808, 11)-(2808, 16)",b'catch (...) {\n  }'
csrc,../repos/pytorch/torch/csrc/jit/tensorexpr/external_functions_codegen.cpp,"(2827, 11)-(2827, 16)",b'catch (...) {\n  }'
csrc,../repos/pytorch/torch/csrc/jit/tensorexpr/external_functions_codegen.cpp,"(2846, 11)-(2846, 16)",b'catch (...) {\n  }'
csrc,../repos/pytorch/torch/csrc/jit/tensorexpr/external_functions_codegen.cpp,"(2864, 11)-(2864, 16)",b'catch (...) {\n  }'
csrc,../repos/pytorch/torch/csrc/jit/tensorexpr/external_functions_codegen.cpp,"(2883, 11)-(2883, 16)",b'catch (...) {\n  }'
csrc,../repos/pytorch/torch/csrc/jit/tensorexpr/ir_verifier.cpp,"(14, 13)-(14, 18)",b'deducer(...)'
csrc,../repos/pytorch/torch/csrc/jit/tensorexpr/cpp_codegen.h,"(80, 18)-(80, 35)",b'operator()(const Ts&... ts)'
csrc,../repos/pytorch/torch/csrc/jit/tensorexpr/codegen.h,"(23, 10)-(23, 34)","b'CodeGen(StmtPtr stmt, Ts... ts)'"
csrc,../repos/pytorch/torch/csrc/jit/tensorexpr/kernel.cpp,"(1894, 11)-(1894, 16)",b'catch (...) {\n    use_fallback_ = true;\n  }'
csrc,../repos/pytorch/torch/csrc/jit/tensorexpr/kernel.cpp,"(1905, 13)-(1905, 18)",b'catch (...) {\n      fallback(stack);\n    }'
csrc,../repos/pytorch/torch/csrc/jit/tensorexpr/eval.h,"(160, 18)-(160, 35)",b'operator()(const Ts&... ts)'
csrc,../repos/pytorch/torch/csrc/jit/tensorexpr/eval.h,"(187, 11)-(187, 45)","b'ExprEval(const ExprHandle& expr, Ts... ts)'"
csrc,../repos/pytorch/torch/csrc/jit/tensorexpr/eval.h,"(208, 18)-(208, 28)",b'operator()(Ts... ts)'
csrc,../repos/pytorch/torch/csrc/jit/tensorexpr/eval.h,"(225, 12)-(225, 22)",b'call(Ts... ts)'
csrc,../repos/pytorch/torch/csrc/jit/tensorexpr/eval.h,"(293, 10)-(293, 20)",b'value(Ts... ts)'
csrc,../repos/pytorch/torch/csrc/jit/tensorexpr/expr.h,"(367, 25)-(367, 42)",b'load(const Ts&... ts) const'
csrc,../repos/pytorch/torch/csrc/jit/tensorexpr/external_functions.cpp,"(395, 13)-(395, 18)",b'catch (...) {\n    }'
csrc,../repos/pytorch/torch/csrc/jit/tensorexpr/external_functions.cpp,"(400, 13)-(400, 18)",b'catch (...) {\n    }'
csrc,../repos/pytorch/torch/csrc/jit/tensorexpr/external_functions.cpp,"(1188, 13)-(1188, 18)",b'catch (...) {\n    }'
csrc,../repos/pytorch/torch/csrc/jit/tensorexpr/external_functions.cpp,"(1193, 13)-(1193, 18)",b'catch (...) {\n    }'
csrc,../repos/pytorch/torch/csrc/jit/tensorexpr/external_functions.cpp,"(1236, 13)-(1236, 18)",b'catch (...) {\n    }'
csrc,../repos/pytorch/torch/csrc/jit/tensorexpr/external_functions.cpp,"(1241, 13)-(1241, 18)",b'catch (...) {\n    }'
csrc,../repos/pytorch/torch/csrc/jit/tensorexpr/external_functions.cpp,"(1271, 11)-(1271, 16)",b'catch (...) {\n  }'
csrc,../repos/pytorch/torch/csrc/jit/tensorexpr/external_functions.cpp,"(1297, 11)-(1297, 16)",b'catch (...) {\n  }'
csrc,../repos/pytorch/torch/csrc/jit/tensorexpr/external_functions.cpp,"(1319, 11)-(1319, 16)",b'catch (...) {\n  }'
csrc,../repos/pytorch/torch/csrc/jit/tensorexpr/external_functions.cpp,"(1344, 11)-(1344, 16)",b'catch (...) {\n  }'
csrc,../repos/pytorch/torch/csrc/jit/tensorexpr/external_functions.cpp,"(1372, 11)-(1372, 16)",b'catch (...) {\n  }'
csrc,../repos/pytorch/torch/csrc/jit/tensorexpr/external_functions.cpp,"(1396, 11)-(1396, 16)",b'catch (...) {\n  }'
csrc,../repos/pytorch/torch/csrc/jit/tensorexpr/external_functions.cpp,"(1491, 11)-(1491, 16)",b'catch (...) {\n  }'
csrc,../repos/pytorch/torch/csrc/jit/tensorexpr/hash_provider.h,"(119, 34)-(119, 56)",b'hash_combine(const Types&... args)'
csrc,../repos/pytorch/torch/csrc/jit/tensorexpr/hash_provider.h,"(184, 21)-(187, 28)",b'_hash_combine(\n      SimplifierHashType& seed...'
csrc,../repos/pytorch/torch/csrc/jit/tensorexpr/tensor.h,"(62, 25)-(62, 42)",b'load(const Ts&... ts) const'
csrc,../repos/pytorch/torch/csrc/jit/tensorexpr/tensor.h,"(296, 31)-(296, 48)",b'Tensor::load(const Ts&... ts) const'
csrc,../repos/pytorch/torch/csrc/jit/tensorexpr/tensor.h,"(310, 34)-(310, 51)",b'BufHandle::load(const Ts&... ts) const'
csrc,../repos/pytorch/torch/csrc/jit/tensorexpr/cuda_codegen.h,"(231, 18)-(231, 35)",b'operator()(const Ts&... ts)'
csrc,../repos/pytorch/torch/csrc/jit/tensorexpr/loopnest_randomization.cpp,"(736, 11)-(736, 16)","b'catch (...) {\n    std::cout << ""EXCEPTION THR...'"
csrc,../repos/pytorch/torch/csrc/jit/tensorexpr/external_functions_core.cpp,"(23, 11)-(23, 16)",b'catch (...) {\n  }'
csrc,../repos/pytorch/torch/csrc/jit/tensorexpr/ir_simplifier.h,"(80, 22)-(80, 46)","b'promoteTypesVar(ExprType e, Args... es)'"
csrc,../repos/pytorch/torch/csrc/jit/tensorexpr/ir_simplifier.h,"(118, 7)-(118, 52)","b'Term(HashProvider& hasher, ExprPtr s, Args... ts)'"
csrc,../repos/pytorch/torch/csrc/jit/tensorexpr/ir_simplifier.h,"(171, 20)-(171, 43)","b'addComponent(ExprPtr e, Es&&... es)'"
csrc,../repos/pytorch/torch/csrc/jit/tensorexpr/ir_simplifier.h,"(187, 13)-(187, 58)","b'Polynomial(HashProvider& hasher, ExprPtr s, A...'"
csrc,../repos/pytorch/torch/csrc/jit/tensorexpr/ir_simplifier.h,"(248, 15)-(248, 38)","b'addTerm(TermPtr t, Ts&&... ts)'"
csrc,../repos/pytorch/torch/csrc/jit/tensorexpr/ir_simplifier.h,"(267, 10)-(267, 63)","b'MaxTerm(HashProvider& hasher, ExprPtr s, bool...'"
csrc,../repos/pytorch/torch/csrc/jit/tensorexpr/ir_simplifier.h,"(311, 20)-(311, 43)","b'addComponent(ExprPtr e, Es&&... es)'"
csrc,../repos/pytorch/torch/csrc/jit/tensorexpr/ir_simplifier.h,"(324, 10)-(324, 63)","b'MinTerm(HashProvider& hasher, ExprPtr s, bool...'"
csrc,../repos/pytorch/torch/csrc/jit/tensorexpr/ir_simplifier.h,"(368, 20)-(368, 43)","b'addComponent(ExprPtr e, Es&&... es)'"
csrc,../repos/pytorch/torch/csrc/jit/tensorexpr/fwd_decls.h,"(23, 20)-(23, 36)",b'alloc(Args&&... args)'
csrc,../repos/pytorch/torch/csrc/jit/tensorexpr/ir.h,"(183, 20)-(183, 25)",b'bin_op_deducer(...)'
csrc,../repos/pytorch/torch/csrc/Size.cpp,"(155, 31)-(155, 45)",b'wrap_tuple_fn(Args... args)'
csrc,../repos/pytorch/torch/csrc/Exceptions.h,"(285, 29)-(285, 54)","b'TypeError(const char* format, ...)'"
csrc,../repos/pytorch/torch/csrc/Exceptions.h,"(293, 17)-(293, 42)","b'AttributeError(const char* format, ...)'"
csrc,../repos/pytorch/torch/csrc/Exceptions.h,"(338, 32)-(342, 22)",b'wrap_pybind_function_impl_(\n    // NOLINTNEXT...'
csrc,../repos/pytorch/torch/csrc/Exceptions.h,"(346, 50)-(346, 73)","b'(Arg<Func, Is>... args)'"
csrc,../repos/pytorch/torch/csrc/utils.cpp,"(96, 23)-(96, 48)","b'THPUtils_setError(const char* format, ...)'"
csrc,../repos/pytorch/torch/csrc/utils.cpp,"(155, 31)-(160, 9)",b'THPUtils_invalidArguments(\n    PyObject* give...'
csrc,../repos/pytorch/torch/csrc/lazy/core/multi_wait.cpp,"(66, 11)-(66, 16)",b'catch (...) {\n    std::lock_guard<std::mutex>...'
csrc,../repos/pytorch/torch/csrc/lazy/core/thread_pool.cpp,"(124, 15)-(124, 20)",b'catch (...) {\n        exptr = std::current_ex...'
csrc,../repos/pytorch/torch/csrc/lazy/core/tensor.h,"(247, 33)-(249, 37)",b'TupleAtenFromLtcTensorsImpl(\n    const std::v...'
csrc,../repos/pytorch/torch/csrc/lazy/core/trie.h,"(61, 32)-(61, 48)",b'LookupNodeFromTrieCache(Args&&... args)'
csrc,../repos/pytorch/torch/csrc/lazy/core/hash.h,"(233, 13)-(233, 38)","b'MHash(T value, Targs... Fargs)'"
csrc,../repos/pytorch/torch/csrc/lazy/core/ir_builder.h,"(20, 18)-(20, 34)",b'ReuseNode(Args&&... args)'
csrc,../repos/pytorch/torch/csrc/lazy/core/ir_builder.h,"(35, 17)-(35, 33)",b'MakeNode(Args&&... args)'
csrc,../repos/pytorch/torch/csrc/lazy/core/ir_builder.h,"(42, 24)-(42, 40)",b'ReuseOrMakeNode(Args&&... args)'
csrc,../repos/pytorch/torch/csrc/lazy/core/lazy_graph_executor.cpp,"(916, 13)-(916, 18)",b'catch (...) {\n      // There are two paths of...'
csrc,../repos/pytorch/torch/csrc/lazy/backend/backend_device.h,"(89, 46)-(91, 36)","b'GetBackendDevice(\n    const T& tensor,\n    co...'"
