Repo name,File name,Location,Content
csrc,../repos/pytorch/torch/csrc/distributed/rpc/rpc_agent.h,"(140, 11)-(140, 20)",b'~RpcAgent()'
csrc,../repos/pytorch/torch/csrc/distributed/rpc/py_rref.h,"(22, 3)-(22, 10)",b'~PyRRef()'
csrc,../repos/pytorch/torch/csrc/distributed/rpc/python_rpc_handler.h,"(93, 3)-(93, 20)",b'~PythonRpcHandler()'
csrc,../repos/pytorch/torch/csrc/distributed/rpc/rpc_agent.cpp,"(59, 11)-(59, 20)",b'RpcAgent::~RpcAgent'
csrc,../repos/pytorch/torch/csrc/distributed/rpc/request_callback_no_python.cpp,"(35, 3)-(35, 28)",b'~DistAutogradContextGuard()'
csrc,../repos/pytorch/torch/csrc/distributed/rpc/rref_impl.cpp,"(121, 11)-(121, 20)",b'UserRRef::~UserRRef'
csrc,../repos/pytorch/torch/csrc/distributed/rpc/py_rref.cpp,"(142, 9)-(142, 16)",b'PyRRef::~PyRRef'
csrc,../repos/pytorch/torch/csrc/distributed/rpc/types.cpp,"(37, 21)-(37, 40)",b'JitRRefPickleGuard::~JitRRefPickleGuard'
csrc,../repos/pytorch/torch/csrc/distributed/rpc/profiler/remote_profiler_manager.h,"(49, 3)-(49, 25)",b'~RemoteProfilerManager()'
csrc,../repos/pytorch/torch/csrc/distributed/rpc/profiler/server_process_global_profiler.h,"(31, 3)-(31, 9)",b'~State()'
csrc,../repos/pytorch/torch/csrc/distributed/rpc/unpickled_python_call.h,"(23, 3)-(23, 23)",b'~UnpickledPythonCall() override'
csrc,../repos/pytorch/torch/csrc/distributed/rpc/tensorpipe_agent.h,"(190, 3)-(190, 19)",b'~TensorPipeAgent() override'
csrc,../repos/pytorch/torch/csrc/distributed/rpc/tensorpipe_agent.h,"(442, 5)-(442, 30)",b'~GroupMembershipLockGuard()'
csrc,../repos/pytorch/torch/csrc/distributed/rpc/types.h,"(19, 3)-(19, 22)",b'~JitRRefPickleGuard()'
csrc,../repos/pytorch/torch/csrc/distributed/rpc/rref_impl.h,"(199, 3)-(199, 8)",b'~RRef() override'
csrc,../repos/pytorch/torch/csrc/distributed/rpc/rref_impl.h,"(328, 3)-(328, 12)",b'~UserRRef() override'
csrc,../repos/pytorch/torch/csrc/distributed/rpc/rref_context.cpp,"(128, 14)-(128, 26)",b'RRefContext::~RRefContext'
csrc,../repos/pytorch/torch/csrc/distributed/rpc/rpc_command_base.h,"(20, 11)-(20, 26)",b'~RpcCommandBase()'
csrc,../repos/pytorch/torch/csrc/distributed/rpc/rpc_command_base.h,"(23, 24)-(23, 39)",b'RpcCommandBase::~RpcCommandBase'
csrc,../repos/pytorch/torch/csrc/distributed/rpc/script_call.h,"(45, 3)-(45, 14)",b'~ScriptCall() override'
csrc,../repos/pytorch/torch/csrc/distributed/rpc/tensorpipe_agent.cpp,"(424, 18)-(424, 34)",b'TensorPipeAgent::~TensorPipeAgent'
csrc,../repos/pytorch/torch/csrc/distributed/rpc/unpickled_python_call.cpp,"(18, 22)-(18, 42)",b'UnpickledPythonCall::~UnpickledPythonCall'
csrc,../repos/pytorch/torch/csrc/distributed/rpc/tensorpipe_utils.h,"(43, 11)-(43, 41)",b'~TensorpipeDeviceTypeConverter()'
csrc,../repos/pytorch/torch/csrc/distributed/rpc/metrics/RpcMetricsHandler.h,"(22, 11)-(22, 29)",b'~RpcMetricsHandler()'
csrc,../repos/pytorch/torch/csrc/distributed/rpc/request_callback.h,"(19, 11)-(19, 27)",b'~RequestCallback()'
csrc,../repos/pytorch/torch/csrc/distributed/autograd/context/context.h,"(163, 3)-(163, 34)",b'~ThreadLocalDistAutogradContext()'
csrc,../repos/pytorch/torch/csrc/distributed/autograd/context/context.cpp,"(280, 33)-(280, 64)",b'ThreadLocalDistAutogradContext::~ThreadLocalD...'
csrc,../repos/pytorch/torch/csrc/distributed/autograd/context/container.h,"(121, 3)-(121, 25)",b'~DistAutogradContainer()'
csrc,../repos/pytorch/torch/csrc/distributed/autograd/engine/dist_engine.cpp,"(135, 13)-(135, 24)",b'DistEngine::~DistEngine'
csrc,../repos/pytorch/torch/csrc/distributed/autograd/engine/dist_engine.h,"(67, 3)-(67, 14)",b'~DistEngine()'
csrc,../repos/pytorch/torch/csrc/distributed/autograd/engine/dist_engine.h,"(166, 3)-(166, 28)",b'~BackwardPassCleanupGuard()'
csrc,../repos/pytorch/torch/csrc/distributed/c10d/UCCUtils.cpp,"(186, 10)-(186, 18)",b'CommUCC::~CommUCC'
csrc,../repos/pytorch/torch/csrc/distributed/c10d/ProcessGroupRoundRobin.hpp,"(28, 3)-(28, 26)",b'~ProcessGroupRoundRobin() override'
csrc,../repos/pytorch/torch/csrc/distributed/c10d/Work.hpp,"(55, 3)-(55, 8)",b'~Work() override'
csrc,../repos/pytorch/torch/csrc/distributed/c10d/intra_node_comm.hpp,"(34, 3)-(34, 17)",b'~IntraNodeComm()'
csrc,../repos/pytorch/torch/csrc/distributed/c10d/PyProcessGroup.hpp,"(146, 3)-(146, 26)",b'~PythonOnCompletionHook()'
csrc,../repos/pytorch/torch/csrc/distributed/c10d/TCPStoreBackend.hpp,"(51, 11)-(51, 28)",b'~BackgroundThread()'
csrc,../repos/pytorch/torch/csrc/distributed/c10d/python_comm_hook.h,"(22, 3)-(22, 18)",b'~PythonCommHook() override'
csrc,../repos/pytorch/torch/csrc/distributed/c10d/ProcessGroupNCCL.cpp,"(470, 29)-(470, 38)",b'WorkNCCL::~WorkNCCL'
csrc,../repos/pytorch/torch/csrc/distributed/c10d/ProcessGroupNCCL.cpp,"(1112, 19)-(1112, 36)",b'ProcessGroupNCCL::~ProcessGroupNCCL'
csrc,../repos/pytorch/torch/csrc/distributed/c10d/ProcessGroupNCCL.cpp,"(1434, 3)-(1434, 12)",b'~DumpPipe()'
csrc,../repos/pytorch/torch/csrc/distributed/c10d/reducer.hpp,"(63, 3)-(63, 11)",b'~Reducer() noexcept(false)'
csrc,../repos/pytorch/torch/csrc/distributed/c10d/ProcessGroupUCC.hpp,"(125, 5)-(125, 13)",b'~WorkUCC()'
csrc,../repos/pytorch/torch/csrc/distributed/c10d/ProcessGroupUCC.hpp,"(160, 3)-(160, 19)",b'~ProcessGroupUCC() override'
csrc,../repos/pytorch/torch/csrc/distributed/c10d/ProcessGroupUCC.hpp,"(313, 3)-(313, 8)",b'~Comm()'
csrc,../repos/pytorch/torch/csrc/distributed/c10d/Backend.hpp,"(35, 5)-(35, 13)",b'~Options() override'
csrc,../repos/pytorch/torch/csrc/distributed/c10d/Backend.hpp,"(44, 3)-(44, 11)",b'~Backend() override'
csrc,../repos/pytorch/torch/csrc/distributed/c10d/reducer_timer.hpp,"(44, 11)-(44, 17)",b'~Timer()'
csrc,../repos/pytorch/torch/csrc/distributed/c10d/TCPStoreBackend.cpp,"(34, 19)-(34, 36)",b'BackgroundThread::~BackgroundThread'
csrc,../repos/pytorch/torch/csrc/distributed/c10d/TCPStoreBackend.cpp,"(57, 3)-(57, 24)",b'~TCPStoreMasterDaemon() override'
csrc,../repos/pytorch/torch/csrc/distributed/c10d/TCPStoreBackend.cpp,"(122, 23)-(122, 44)",b'TCPStoreMasterDaemon::~TCPStoreMasterDaemon'
csrc,../repos/pytorch/torch/csrc/distributed/c10d/FileStore.cpp,"(98, 3)-(98, 8)",b'~Lock()'
csrc,../repos/pytorch/torch/csrc/distributed/c10d/FileStore.cpp,"(175, 3)-(175, 8)",b'~File()'
csrc,../repos/pytorch/torch/csrc/distributed/c10d/FileStore.cpp,"(298, 12)-(298, 22)",b'FileStore::~FileStore'
csrc,../repos/pytorch/torch/csrc/distributed/c10d/ProcessGroupGloo.cpp,"(813, 19)-(813, 36)",b'ProcessGroupGloo::~ProcessGroupGloo'
csrc,../repos/pytorch/torch/csrc/distributed/c10d/TraceUtils.h,"(288, 18)-(288, 34)",b'DebugInfoWriter::~DebugInfoWriter'
csrc,../repos/pytorch/torch/csrc/distributed/c10d/Store.hpp,"(34, 3)-(34, 9)",b'~Store() override'
csrc,../repos/pytorch/torch/csrc/distributed/c10d/ProcessGroupGloo.hpp,"(80, 5)-(80, 15)",b'~AsyncWork() override'
csrc,../repos/pytorch/torch/csrc/distributed/c10d/ProcessGroupGloo.hpp,"(278, 3)-(278, 20)",b'~ProcessGroupGloo() override'
csrc,../repos/pytorch/torch/csrc/distributed/c10d/ProcessGroup.hpp,"(60, 5)-(60, 13)",b'~Options() override'
csrc,../repos/pytorch/torch/csrc/distributed/c10d/ProcessGroup.hpp,"(86, 3)-(86, 16)",b'~ProcessGroup() override'
csrc,../repos/pytorch/torch/csrc/distributed/c10d/UCCUtils.hpp,"(124, 11)-(124, 20)",b'~CommBase()'
csrc,../repos/pytorch/torch/csrc/distributed/c10d/UCCUtils.hpp,"(138, 3)-(138, 11)",b'~CommUCC()'
csrc,../repos/pytorch/torch/csrc/distributed/c10d/ProcessGroupRoundRobin.cpp,"(21, 25)-(21, 48)",b'ProcessGroupRoundRobin::~ProcessGroupRoundRobin'
csrc,../repos/pytorch/torch/csrc/distributed/c10d/ProcessGroupNCCL.hpp,"(194, 5)-(194, 14)",b'~WorkNCCL() override'
csrc,../repos/pytorch/torch/csrc/distributed/c10d/ProcessGroupNCCL.hpp,"(401, 3)-(401, 20)",b'~ProcessGroupNCCL() override'
csrc,../repos/pytorch/torch/csrc/distributed/c10d/ProcessGroupUCC.cpp,"(209, 27)-(209, 35)",b'WorkUCC::~WorkUCC'
csrc,../repos/pytorch/torch/csrc/distributed/c10d/ProcessGroupUCC.cpp,"(339, 7)-(339, 12)",b'Comm::~Comm'
csrc,../repos/pytorch/torch/csrc/distributed/c10d/ProcessGroupUCC.cpp,"(609, 18)-(609, 34)",b'ProcessGroupUCC::~ProcessGroupUCC'
csrc,../repos/pytorch/torch/csrc/distributed/c10d/FileStore.hpp,"(16, 3)-(16, 13)",b'~FileStore() override'
csrc,../repos/pytorch/torch/csrc/distributed/c10d/NCCLUtils.hpp,"(216, 3)-(216, 12)",b'~NCCLComm() noexcept'
csrc,../repos/pytorch/torch/csrc/distributed/c10d/NCCLUtils.hpp,"(474, 3)-(474, 17)",b'~ncclRedOpRAII()'
csrc,../repos/pytorch/torch/csrc/distributed/c10d/socket.cpp,"(257, 13)-(257, 24)",b'SocketImpl::~SocketImpl'
csrc,../repos/pytorch/torch/csrc/distributed/c10d/socket.cpp,"(1005, 9)-(1005, 16)",b'Socket::~Socket'
csrc,../repos/pytorch/torch/csrc/distributed/c10d/ProcessGroupMPI.hpp,"(120, 5)-(120, 15)",b'~AsyncWork() override'
csrc,../repos/pytorch/torch/csrc/distributed/c10d/ProcessGroupMPI.hpp,"(146, 3)-(146, 19)",b'~ProcessGroupMPI() override'
csrc,../repos/pytorch/torch/csrc/distributed/c10d/Backend.cpp,"(12, 10)-(12, 18)",b'Backend::~Backend'
csrc,../repos/pytorch/torch/csrc/distributed/c10d/python_comm_hook.cpp,"(10, 17)-(10, 32)",b'PythonCommHook::~PythonCommHook'
csrc,../repos/pytorch/torch/csrc/distributed/c10d/socket.h,"(75, 3)-(75, 10)",b'~Socket()'
csrc,../repos/pytorch/torch/csrc/distributed/c10d/comm.hpp,"(130, 3)-(130, 24)",b'~CppCommHookInterface() override'
csrc,../repos/pytorch/torch/csrc/distributed/c10d/ProcessGroupMPI.cpp,"(131, 29)-(131, 39)",b'AsyncWork::~AsyncWork'
csrc,../repos/pytorch/torch/csrc/distributed/c10d/ProcessGroupMPI.cpp,"(325, 18)-(325, 34)",b'ProcessGroupMPI::~ProcessGroupMPI'
csrc,../repos/pytorch/torch/csrc/distributed/c10d/ProcessGroup.cpp,"(154, 15)-(154, 28)",b'ProcessGroup::~ProcessGroup'
csrc,../repos/pytorch/torch/csrc/distributed/c10d/TCPStore.hpp,"(81, 3)-(81, 12)",b'~TCPStore() override'
csrc,../repos/pytorch/torch/csrc/distributed/c10d/logger.hpp,"(32, 3)-(32, 10)",b'~Logger() noexcept(false)'
csrc,../repos/pytorch/torch/csrc/distributed/c10d/reducer.cpp,"(262, 10)-(262, 18)",b'Reducer::~Reducer'
csrc,../repos/pytorch/torch/csrc/distributed/c10d/TCPStore.cpp,"(48, 3)-(48, 16)",b'~timing_guard()'
csrc,../repos/pytorch/torch/csrc/distributed/c10d/TCPStore.cpp,"(353, 11)-(353, 20)",b'TCPStore::~TCPStore'
csrc,../repos/pytorch/torch/csrc/distributed/c10d/ParamCommsUtils.hpp,"(27, 3)-(27, 23)",b'~ParamCommsDebugInfo() override'
csrc,../repos/pytorch/torch/csrc/distributed/c10d/default_comm_hooks.hpp,"(19, 3)-(19, 21)",b'~AllReduceCommHook() override'
csrc,../repos/pytorch/torch/csrc/distributed/c10d/default_comm_hooks.hpp,"(30, 3)-(30, 24)",b'~FP16CompressCommHook() override'
csrc,../repos/pytorch/torch/csrc/distributed/c10d/default_comm_hooks.hpp,"(47, 3)-(47, 27)",b'~_AllReduceBySumCommHook() override'
csrc,../repos/pytorch/torch/csrc/distributed/c10d/intra_node_comm.cpp,"(242, 16)-(242, 30)",b'IntraNodeComm::~IntraNodeComm'
csrc,../repos/pytorch/torch/csrc/distributed/c10d/init.cpp,"(103, 3)-(103, 31)",b'~IntrusivePtrNoGilDestructor()'
csrc,../repos/pytorch/torch/csrc/distributed/c10d/TCPStoreLibUvBackend.cpp,"(43, 11)-(43, 20)",b'~UvHandle()'
csrc,../repos/pytorch/torch/csrc/distributed/c10d/TCPStoreLibUvBackend.cpp,"(360, 3)-(360, 17)",b'~WriterPayload()'
csrc,../repos/pytorch/torch/csrc/distributed/c10d/TCPStoreLibUvBackend.cpp,"(560, 3)-(560, 20)",b'~LibUVStoreDaemon() override'
csrc,../repos/pytorch/torch/csrc/distributed/c10d/TCPStoreLibUvBackend.cpp,"(1010, 19)-(1010, 36)",b'LibUVStoreDaemon::~LibUVStoreDaemon'
csrc,../repos/pytorch/torch/csrc/distributed/c10d/Work.cpp,"(45, 7)-(45, 12)",b'Work::~Work'
csrc,../repos/pytorch/torch/csrc/distributed/c10d/Work.cpp,"(143, 3)-(143, 22)",b'~FutureWrappingWork() override'
csrc,../repos/pytorch/torch/csrc/distributed/c10d/Types.hpp,"(18, 3)-(18, 19)",b'~_SupplementBase() override'
csrc,../repos/pytorch/torch/csrc/CudaIPCTypes.cpp,"(39, 3)-(39, 25)",b'~CudaIPCGlobalEntities()'
csrc,../repos/pytorch/torch/csrc/CudaIPCTypes.cpp,"(60, 23)-(60, 44)",b'CudaIPCSentDataLimbo::~CudaIPCSentDataLimbo'
csrc,../repos/pytorch/torch/csrc/CudaIPCTypes.cpp,"(193, 18)-(193, 34)",b'CudaIPCSentData::~CudaIPCSentData'
csrc,../repos/pytorch/torch/csrc/Storage.cpp,"(286, 16)-(286, 27)",b'_self->cdata.~MaybeOwned'
csrc,../repos/pytorch/torch/csrc/cuda/nccl.cpp,"(252, 3)-(252, 16)",b'~NcclCommList()'
csrc,../repos/pytorch/torch/csrc/cuda/nccl.cpp,"(438, 16)-(438, 30)",b'AutoNcclGroup::~AutoNcclGroup'
csrc,../repos/pytorch/torch/csrc/cuda/Event.cpp,"(101, 20)-(101, 30)",b'self->cuda_event.~CUDAEvent'
csrc,../repos/pytorch/torch/csrc/cuda/Stream.cpp,"(79, 21)-(79, 32)",b'self->cuda_stream.~CUDAStream'
csrc,../repos/pytorch/torch/csrc/cuda/nccl.h,"(80, 3)-(80, 17)",b'~AutoNcclGroup() noexcept(false)'
csrc,../repos/pytorch/torch/csrc/CudaIPCTypes.h,"(35, 3)-(35, 19)",b'~CudaIPCSentData()'
csrc,../repos/pytorch/torch/csrc/CudaIPCTypes.h,"(65, 3)-(65, 24)",b'~CudaIPCSentDataLimbo()'
csrc,../repos/pytorch/torch/csrc/Exceptions.cpp,"(266, 19)-(266, 36)",b'PyWarningHandler::~PyWarningHandler'
csrc,../repos/pytorch/torch/csrc/profiler/combined_traceback.cpp,"(39, 20)-(39, 38)",b'CapturedTraceback::~CapturedTraceback'
csrc,../repos/pytorch/torch/csrc/profiler/collection.cpp,"(382, 3)-(382, 18)",b'~StealOrDefault()'
csrc,../repos/pytorch/torch/csrc/profiler/unwind/communicate.h,"(42, 3)-(42, 15)",b'~Communicate()'
csrc,../repos/pytorch/torch/csrc/profiler/unwind/unwind.cpp,"(59, 3)-(59, 20)",b'~UpgradeExclusive()'
csrc,../repos/pytorch/torch/csrc/profiler/python/init.cpp,"(32, 14)-(32, 25)",b'self->data.~shared_ptr'
csrc,../repos/pytorch/torch/csrc/profiler/orchestration/observer.h,"(112, 3)-(112, 21)",b'~ProfilerStateBase() override'
csrc,../repos/pytorch/torch/csrc/profiler/orchestration/python_tracer.cpp,"(12, 3)-(12, 20)",b'~NoOpPythonTracer() override'
csrc,../repos/pytorch/torch/csrc/profiler/orchestration/python_tracer.h,"(49, 11)-(49, 28)",b'~PythonTracerBase()'
csrc,../repos/pytorch/torch/csrc/profiler/orchestration/observer.cpp,"(100, 20)-(100, 38)",b'ProfilerStateBase::~ProfilerStateBase'
csrc,../repos/pytorch/torch/csrc/profiler/kineto_shim.h,"(73, 3)-(73, 16)",b'~TraceWrapper()'
csrc,../repos/pytorch/torch/csrc/profiler/perf.cpp,"(54, 12)-(54, 22)",b'PerfEvent::~PerfEvent'
csrc,../repos/pytorch/torch/csrc/profiler/perf.cpp,"(126, 12)-(126, 22)",b'PerfEvent::~PerfEvent'
csrc,../repos/pytorch/torch/csrc/profiler/kineto_shim.cpp,"(88, 15)-(88, 28)",b'TraceWrapper::~TraceWrapper'
csrc,../repos/pytorch/torch/csrc/profiler/perf.h,"(56, 3)-(56, 13)",b'~PerfEvent()'
csrc,../repos/pytorch/torch/csrc/profiler/standalone/nvtx_observer.cpp,"(19, 3)-(19, 24)",b'~NVTXThreadLocalState() override'
csrc,../repos/pytorch/torch/csrc/profiler/standalone/itt_observer.cpp,"(19, 3)-(19, 23)",b'~ITTThreadLocalState() override'
csrc,../repos/pytorch/torch/csrc/profiler/stubs/base.h,"(37, 11)-(37, 25)",b'~ProfilerStubs()'
csrc,../repos/pytorch/torch/csrc/profiler/stubs/base.cpp,"(9, 16)-(9, 30)",b'ProfilerStubs::~ProfilerStubs'
csrc,../repos/pytorch/torch/csrc/profiler/stubs/base.cpp,"(41, 3)-(41, 16)",b'~DefaultStubs() override'
csrc,../repos/pytorch/torch/csrc/profiler/combined_traceback.h,"(34, 3)-(34, 21)",b'~CapturedTraceback() override'
csrc,../repos/pytorch/torch/csrc/profiler/combined_traceback.h,"(50, 13)-(50, 20)",b'~Python()'
csrc,../repos/pytorch/torch/csrc/utils/tensor_new.cpp,"(853, 3)-(853, 38)",b'~CheckSparseTensorInvariantsContext()'
csrc,../repos/pytorch/torch/csrc/utils/object_ptr.h,"(14, 3)-(14, 14)",b'~THPPointer()'
csrc,../repos/pytorch/torch/csrc/utils/torch_dispatch_mode.h,"(22, 3)-(22, 31)",b'~StashTorchDispatchModeGuard()'
csrc,../repos/pytorch/torch/csrc/utils/torch_dispatch_mode.h,"(49, 3)-(49, 32)",b'~StashTorchDispatchStackGuard()'
csrc,../repos/pytorch/torch/csrc/utils/python_dispatch.cpp,"(93, 3)-(93, 26)",b'~EnableHermeticPyObject()'
csrc,../repos/pytorch/torch/csrc/utils/python_dispatch.cpp,"(226, 3)-(226, 30)",b'~SetExcludeDispatchKeyGuard()'
csrc,../repos/pytorch/torch/csrc/utils/invalid_arguments.cpp,"(26, 11)-(26, 16)",b'~Type()'
csrc,../repos/pytorch/torch/csrc/utils/python_torch_function_mode.h,"(12, 3)-(12, 31)",b'~StashTorchFunctionModeGuard()'
csrc,../repos/pytorch/torch/csrc/PyInterpreter.cpp,"(137, 3)-(137, 23)",b'~PyInterpreterHolder()'
csrc,../repos/pytorch/torch/csrc/monitor/counters.h,"(127, 11)-(127, 16)",b'~Stat()'
csrc,../repos/pytorch/torch/csrc/Generator.cpp,"(47, 17)-(47, 27)",b'self->cdata.~Generator'
csrc,../repos/pytorch/torch/csrc/api/src/data/samplers/random.cpp,"(15, 16)-(15, 30)",b'RandomSampler::~RandomSampler'
csrc,../repos/pytorch/torch/csrc/api/include/torch/optim/schedulers/reduce_on_plateau_scheduler.h,"(32, 11)-(32, 38)",b'~ReduceLROnPlateauScheduler()'
csrc,../repos/pytorch/torch/csrc/api/include/torch/optim/schedulers/lr_scheduler.h,"(17, 11)-(17, 23)",b'~LRScheduler()'
csrc,../repos/pytorch/torch/csrc/api/include/torch/optim/optimizer.h,"(45, 11)-(45, 31)",b'~OptimizerParamState()'
csrc,../repos/pytorch/torch/csrc/api/include/torch/optim/optimizer.h,"(65, 11)-(65, 28)",b'~OptimizerOptions()'
csrc,../repos/pytorch/torch/csrc/api/include/torch/optim/optimizer.h,"(135, 11)-(135, 21)",b'~Optimizer()'
csrc,../repos/pytorch/torch/csrc/api/include/torch/nn/parallel/data_parallel.h,"(65, 3)-(65, 13)",b'~ReduceAdd() override'
csrc,../repos/pytorch/torch/csrc/api/include/torch/nn/module.h,"(89, 11)-(89, 18)",b'~Module()'
csrc,../repos/pytorch/torch/csrc/api/include/torch/nn/modules/container/any_value.h,"(96, 13)-(96, 25)",b'~Placeholder()'
csrc,../repos/pytorch/torch/csrc/api/include/torch/data/detail/sequencers.h,"(31, 11)-(31, 21)",b'~Sequencer()'
csrc,../repos/pytorch/torch/csrc/api/include/torch/data/samplers/base.h,"(27, 11)-(27, 19)",b'~Sampler()'
csrc,../repos/pytorch/torch/csrc/api/include/torch/data/samplers/custom_batch_request.h,"(14, 11)-(14, 30)",b'~CustomBatchRequest()'
csrc,../repos/pytorch/torch/csrc/api/include/torch/data/samplers/random.h,"(31, 3)-(31, 17)",b'~RandomSampler() override'
csrc,../repos/pytorch/torch/csrc/api/include/torch/data/dataloader/base.h,"(43, 11)-(43, 26)",b'~DataLoaderBase()'
csrc,../repos/pytorch/torch/csrc/api/include/torch/data/datasets/base.h,"(47, 11)-(47, 24)",b'~BatchDataset()'
csrc,../repos/pytorch/torch/csrc/api/include/torch/data/datasets/chunk.h,"(27, 11)-(27, 27)",b'~ChunkDataReader()'
csrc,../repos/pytorch/torch/csrc/api/include/torch/data/datasets/chunk.h,"(342, 3)-(342, 16)",b'~ChunkDataset() override'
csrc,../repos/pytorch/torch/csrc/api/include/torch/data/iterator.h,"(34, 11)-(34, 24)",b'~IteratorImpl()'
csrc,../repos/pytorch/torch/csrc/api/include/torch/data/transforms/base.h,"(19, 11)-(19, 26)",b'~BatchTransform()'
csrc,../repos/pytorch/torch/csrc/api/include/torch/imethod.h,"(30, 11)-(30, 19)",b'~IMethod()'
csrc,../repos/pytorch/torch/csrc/api/include/torch/ordered_dict.h,"(42, 3)-(42, 15)",b'~OrderedDict()'
csrc,../repos/pytorch/torch/csrc/autograd/forward_grad.cpp,"(57, 17)-(57, 32)",b'ForwardADLevel::~ForwardADLevel'
csrc,../repos/pytorch/torch/csrc/autograd/python_function.h,"(60, 3)-(60, 10)",b'~PyNode() override'
csrc,../repos/pytorch/torch/csrc/autograd/python_engine.h,"(14, 3)-(14, 16)",b'~PythonEngine() override'
csrc,../repos/pytorch/torch/csrc/autograd/python_cpp_function.cpp,"(128, 34)-(128, 45)",b'((THPCppFunction*)self)->cdata.~shared_ptr'
csrc,../repos/pytorch/torch/csrc/autograd/anomaly_mode.cpp,"(35, 21)-(35, 40)",b'DetectAnomalyGuard::~DetectAnomalyGuard'
csrc,../repos/pytorch/torch/csrc/autograd/anomaly_mode.cpp,"(42, 18)-(42, 34)",b'AnomalyMetadata::~AnomalyMetadata'
csrc,../repos/pytorch/torch/csrc/autograd/functions/comm.cpp,"(30, 10)-(30, 18)",b'Scatter::~Scatter'
csrc,../repos/pytorch/torch/csrc/autograd/functions/comm.cpp,"(71, 9)-(71, 16)",b'Gather::~Gather'
csrc,../repos/pytorch/torch/csrc/autograd/functions/comm.h,"(38, 3)-(38, 10)",b'~Gather() override'
csrc,../repos/pytorch/torch/csrc/autograd/python_saved_variable_hooks.h,"(19, 3)-(19, 24)",b'~PySavedVariableHooks() override'
csrc,../repos/pytorch/torch/csrc/autograd/python_variable.cpp,"(1892, 31)-(1892, 42)",b'((THPVariable*)self)->cdata.~MaybeOwned'
csrc,../repos/pytorch/torch/csrc/autograd/engine.h,"(79, 3)-(79, 24)",b'~CheckpointValidGuard()'
csrc,../repos/pytorch/torch/csrc/autograd/engine.h,"(147, 11)-(147, 18)",b'~Engine()'
csrc,../repos/pytorch/torch/csrc/autograd/python_function.cpp,"(500, 15)-(500, 24)",b'self->cdata.~weak_ptr'
csrc,../repos/pytorch/torch/csrc/autograd/python_function.cpp,"(501, 21)-(501, 28)",b'self->output_info.~vector'
csrc,../repos/pytorch/torch/csrc/autograd/python_function.cpp,"(502, 20)-(502, 27)",b'self->input_info.~vector'
csrc,../repos/pytorch/torch/csrc/autograd/python_function.cpp,"(503, 25)-(503, 32)",b'self->saved_variables.~vector'
csrc,../repos/pytorch/torch/csrc/autograd/python_function.cpp,"(504, 27)-(504, 34)",b'self->is_variable_input.~vector'
csrc,../repos/pytorch/torch/csrc/autograd/saved_variable.h,"(34, 3)-(34, 17)",b'~SavedVariable()'
csrc,../repos/pytorch/torch/csrc/autograd/function.cpp,"(36, 12)-(36, 22)",b'NodeGuard::~NodeGuard'
csrc,../repos/pytorch/torch/csrc/autograd/saved_variable_hooks.h,"(10, 11)-(10, 30)",b'~SavedVariableHooks()'
csrc,../repos/pytorch/torch/csrc/autograd/python_hook.cpp,"(104, 26)-(104, 50)",b'PyFunctionTensorPreHook::~PyFunctionTensorPreHook'
csrc,../repos/pytorch/torch/csrc/autograd/python_hook.cpp,"(133, 20)-(133, 38)",b'PyFunctionPreHook::~PyFunctionPreHook'
csrc,../repos/pytorch/torch/csrc/autograd/python_hook.cpp,"(156, 21)-(156, 40)",b'PyFunctionPostHook::~PyFunctionPostHook'
csrc,../repos/pytorch/torch/csrc/autograd/python_hook.cpp,"(213, 35)-(213, 68)",b'PyFunctionTensorPostAccGradHooks::~PyFunction...'
csrc,../repos/pytorch/torch/csrc/autograd/utils/warnings.h,"(16, 3)-(16, 23)",b'~DelayWarningHandler() override'
csrc,../repos/pytorch/torch/csrc/autograd/profiler_kineto.h,"(88, 3)-(88, 18)",b'~ProfilerResult()'
csrc,../repos/pytorch/torch/csrc/autograd/engine.cpp,"(86, 3)-(86, 39)",b'~CompiledAutogradThreadingDebugCheck()'
csrc,../repos/pytorch/torch/csrc/autograd/engine.cpp,"(230, 23)-(230, 44)",b'CheckpointValidGuard::~CheckpointValidGuard'
csrc,../repos/pytorch/torch/csrc/autograd/engine.cpp,"(281, 9)-(281, 16)",b'Engine::~Engine'
csrc,../repos/pytorch/torch/csrc/autograd/engine.cpp,"(390, 17)-(390, 32)",b'GraphTaskGuard::~GraphTaskGuard'
csrc,../repos/pytorch/torch/csrc/autograd/profiler_kineto.cpp,"(313, 3)-(313, 26)",b'~KinetoThreadLocalState() override'
csrc,../repos/pytorch/torch/csrc/autograd/profiler_kineto.cpp,"(915, 17)-(915, 32)",b'ProfilerResult::~ProfilerResult'
csrc,../repos/pytorch/torch/csrc/autograd/anomaly_mode.h,"(54, 3)-(54, 22)",b'~DetectAnomalyGuard()'
csrc,../repos/pytorch/torch/csrc/autograd/anomaly_mode.h,"(61, 11)-(61, 27)",b'~AnomalyMetadata()'
csrc,../repos/pytorch/torch/csrc/autograd/profiler_python.cpp,"(610, 3)-(610, 26)",b'~gil_and_restore_thread()'
csrc,../repos/pytorch/torch/csrc/autograd/profiler_python.cpp,"(651, 3)-(651, 22)",b'~ThreadLocalResults()'
csrc,../repos/pytorch/torch/csrc/autograd/profiler_python.cpp,"(682, 3)-(682, 16)",b'~PythonTracer() override'
csrc,../repos/pytorch/torch/csrc/autograd/profiler_python.cpp,"(823, 15)-(823, 28)",b'PythonTracer::~PythonTracer'
csrc,../repos/pytorch/torch/csrc/autograd/python_engine.cpp,"(52, 12)-(52, 25)",b'engine.~PythonEngine'
csrc,../repos/pytorch/torch/csrc/autograd/python_engine.cpp,"(59, 15)-(59, 28)",b'PythonEngine::~PythonEngine'
csrc,../repos/pytorch/torch/csrc/autograd/python_anomaly_mode.h,"(19, 3)-(19, 21)",b'~PyAnomalyMetadata() override'
csrc,../repos/pytorch/torch/csrc/autograd/forward_grad.h,"(104, 3)-(104, 18)",b'~ForwardADLevel()'
csrc,../repos/pytorch/torch/csrc/autograd/profiler_legacy.h,"(367, 3)-(367, 17)",b'~RecordProfile()'
csrc,../repos/pytorch/torch/csrc/autograd/profiler_legacy.h,"(396, 3)-(396, 26)",b'~TLSLegacyProfilerGuard()'
csrc,../repos/pytorch/torch/csrc/autograd/jit_decomp_interface.h,"(33, 11)-(33, 30)",b'~JitDecompInterface()'
csrc,../repos/pytorch/torch/csrc/autograd/graph_task.h,"(64, 17)-(64, 33)",b'~GradCaptureHook()'
csrc,../repos/pytorch/torch/csrc/autograd/graph_task.h,"(224, 3)-(224, 18)",b'~GraphTaskGuard()'
csrc,../repos/pytorch/torch/csrc/autograd/function.h,"(48, 3)-(48, 13)",b'~NodeGuard()'
csrc,../repos/pytorch/torch/csrc/autograd/function.h,"(143, 11)-(143, 16)",b'~Node()'
csrc,../repos/pytorch/torch/csrc/autograd/function_hook.h,"(21, 11)-(21, 27)",b'~FunctionPreHook()'
csrc,../repos/pytorch/torch/csrc/autograd/function_hook.h,"(32, 11)-(32, 28)",b'~FunctionPostHook()'
csrc,../repos/pytorch/torch/csrc/autograd/function_hook.h,"(45, 11)-(45, 34)",b'~PostAccumulateGradHook()'
csrc,../repos/pytorch/torch/csrc/autograd/python_saved_variable_hooks.cpp,"(49, 23)-(49, 44)",b'PySavedVariableHooks::~PySavedVariableHooks'
csrc,../repos/pytorch/torch/csrc/autograd/python_hook.h,"(15, 3)-(15, 27)",b'~PyFunctionTensorPreHook() override'
csrc,../repos/pytorch/torch/csrc/autograd/python_hook.h,"(24, 3)-(24, 21)",b'~PyFunctionPreHook() override'
csrc,../repos/pytorch/torch/csrc/autograd/python_hook.h,"(32, 3)-(32, 22)",b'~PyFunctionPostHook() override'
csrc,../repos/pytorch/torch/csrc/autograd/python_hook.h,"(46, 3)-(46, 36)",b'~PyFunctionTensorPostAccGradHooks() override'
csrc,../repos/pytorch/torch/csrc/autograd/init.cpp,"(65, 3)-(65, 23)",b'~EnableTorchFunction()'
csrc,../repos/pytorch/torch/csrc/autograd/init.cpp,"(75, 3)-(75, 26)",b'~EnablePythonDispatcher()'
csrc,../repos/pytorch/torch/csrc/autograd/profiler_legacy.cpp,"(131, 3)-(131, 34)",b'~ProfilerLegacyThreadLocalState() override'
csrc,../repos/pytorch/torch/csrc/autograd/profiler_legacy.cpp,"(662, 16)-(662, 30)",b'RecordProfile::~RecordProfile'
csrc,../repos/pytorch/torch/csrc/autograd/variable.h,"(313, 3)-(313, 16)",b'~AutogradMeta() override'
csrc,../repos/pytorch/torch/csrc/Module.cpp,"(242, 13)-(242, 17)",b'~Foo()'
csrc,../repos/pytorch/torch/csrc/Module.cpp,"(248, 13)-(248, 17)",b'~Baz()'
csrc,../repos/pytorch/torch/csrc/python_dimname.cpp,"(11, 3)-(11, 24)",b'~InternedStringsTable()'
csrc,../repos/pytorch/torch/csrc/python_dimname.cpp,"(28, 23)-(28, 44)",b'InternedStringsTable::~InternedStringsTable'
csrc,../repos/pytorch/torch/csrc/StorageMethods.cpp,"(581, 15)-(581, 26)",b'self->cdata.~MaybeOwned'
csrc,../repos/pytorch/torch/csrc/inductor/aoti_runtime/model.h,"(106, 3)-(106, 24)",b'~RAIIAtenTensorHandle()'
csrc,../repos/pytorch/torch/csrc/inductor/aoti_runtime/model.h,"(258, 3)-(258, 24)",b'~AOTInductorModelBase()'
csrc,../repos/pytorch/torch/csrc/inductor/aoti_runtime/model.h,"(578, 11)-(578, 39)",b'~AOTInductorModelKernelsBase()'
csrc,../repos/pytorch/torch/csrc/inductor/aoti_torch/proxy_executor.h,"(13, 11)-(13, 25)",b'~ProxyExecutor()'
csrc,../repos/pytorch/torch/csrc/inductor/aoti_runner/model_container_runner.cpp,"(54, 27)-(54, 52)",b'AOTIModelContainerRunner::~AOTIModelContainer...'
csrc,../repos/pytorch/torch/csrc/inductor/aoti_runner/model_container_runner_cuda.h,"(20, 3)-(20, 32)",b'~AOTIModelContainerRunnerCuda()'
csrc,../repos/pytorch/torch/csrc/inductor/aoti_runner/model_container_runner_cuda.cpp,"(17, 31)-(17, 60)",b'AOTIModelContainerRunnerCuda::~AOTIModelConta...'
csrc,../repos/pytorch/torch/csrc/inductor/aoti_runner/model_container_runner_cpu.h,"(13, 3)-(13, 31)",b'~AOTIModelContainerRunnerCpu()'
csrc,../repos/pytorch/torch/csrc/inductor/aoti_runner/model_container_runner_cpu.cpp,"(13, 30)-(13, 58)",b'AOTIModelContainerRunnerCpu::~AOTIModelContai...'
csrc,../repos/pytorch/torch/csrc/jit/backends/backend_interface.cpp,"(7, 26)-(7, 50)",b'PyTorchBackendInterface::~PyTorchBackendInterface'
csrc,../repos/pytorch/torch/csrc/jit/backends/nnapi/nnapi_backend_lib.cpp,"(25, 3)-(25, 16)",b'~NnapiBackend() override'
csrc,../repos/pytorch/torch/csrc/jit/backends/backend_interface.h,"(12, 3)-(12, 27)",b'~PyTorchBackendInterface() override'
csrc,../repos/pytorch/torch/csrc/jit/backends/coreml/cpp/context.h,"(13, 11)-(13, 28)",b'~ContextInterface()'
csrc,../repos/pytorch/torch/csrc/jit/backends/coreml/objc/PTMCoreMLModelWrapper.h,"(33, 3)-(33, 18)",b'~MLModelWrapper()'
csrc,../repos/pytorch/torch/csrc/jit/backends/xnnpack/xnnpack_backend_lib.cpp,"(30, 11)-(30, 26)",b'~XNNPackBackend() override'
csrc,../repos/pytorch/torch/csrc/jit/backends/xnnpack/xnnpack_graph_builder.h,"(74, 3)-(74, 12)",b'~XNNGraph()'
csrc,../repos/pytorch/torch/csrc/jit/frontend/sugared_value.h,"(153, 11)-(153, 24)",b'~SugaredValue()'
csrc,../repos/pytorch/torch/csrc/jit/frontend/tracer.cpp,"(930, 15)-(930, 28)",b'TracingState::~TracingState'
csrc,../repos/pytorch/torch/csrc/jit/frontend/parser.cpp,"(806, 9)-(806, 16)",b'Parser::~Parser'
csrc,../repos/pytorch/torch/csrc/jit/frontend/tree.h,"(100, 3)-(100, 8)",b'~Tree() override'
csrc,../repos/pytorch/torch/csrc/jit/frontend/source_range.h,"(280, 3)-(280, 10)",b'~Source()'
csrc,../repos/pytorch/torch/csrc/jit/frontend/parser.h,"(26, 3)-(26, 10)",b'~Parser()'
csrc,../repos/pytorch/torch/csrc/jit/frontend/error_report.h,"(28, 5)-(28, 15)",b'~CallStack()'
csrc,../repos/pytorch/torch/csrc/jit/frontend/ir_emitter.cpp,"(649, 3)-(649, 18)",b'~WithLoopStatus()'
csrc,../repos/pytorch/torch/csrc/jit/frontend/error_report.cpp,"(32, 25)-(32, 35)",b'CallStack::~CallStack'
csrc,../repos/pytorch/torch/csrc/jit/frontend/error_report.cpp,"(44, 25)-(44, 35)",b'CallStack::~CallStack'
csrc,../repos/pytorch/torch/csrc/jit/frontend/tracer.h,"(46, 3)-(46, 16)",b'~TracingState()'
csrc,../repos/pytorch/torch/csrc/jit/frontend/tracer.h,"(186, 3)-(186, 10)",b'~NoWarn()'
csrc,../repos/pytorch/torch/csrc/jit/frontend/tracer.h,"(200, 3)-(200, 26)",b'~WithNestedTracingFrame()'
csrc,../repos/pytorch/torch/csrc/jit/frontend/resolver.h,"(28, 11)-(28, 20)",b'~Resolver()'
csrc,../repos/pytorch/torch/csrc/jit/runtime/simple_graph_executor_impl.h,"(17, 3)-(17, 27)",b'~SimpleGraphExecutorImpl() override'
csrc,../repos/pytorch/torch/csrc/jit/runtime/interpreter/code_impl.h,"(54, 3)-(54, 19)",b'~WithCurrentNode()'
csrc,../repos/pytorch/torch/csrc/jit/runtime/interpreter/code_impl.h,"(178, 11)-(178, 20)",b'~CodeImpl()'
csrc,../repos/pytorch/torch/csrc/jit/runtime/logging.h,"(17, 11)-(17, 22)",b'~LoggerBase()'
csrc,../repos/pytorch/torch/csrc/jit/runtime/logging.h,"(29, 3)-(29, 14)",b'~NoopLogger() override'
csrc,../repos/pytorch/torch/csrc/jit/runtime/logging.h,"(43, 3)-(43, 17)",b'~LockingLogger() override'
csrc,../repos/pytorch/torch/csrc/jit/runtime/static/memory_planner.h,"(46, 3)-(46, 19)",b'~ManagedStorages()'
csrc,../repos/pytorch/torch/csrc/jit/runtime/static/memory_planner.h,"(157, 11)-(157, 25)",b'~MemoryPlanner()'
csrc,../repos/pytorch/torch/csrc/jit/runtime/static/impl.cpp,"(949, 14)-(949, 26)",b'BlockRunner::~BlockRunner'
csrc,../repos/pytorch/torch/csrc/jit/runtime/static/impl.cpp,"(1262, 27)-(1262, 39)",b'Deallocator::~Deallocator'
csrc,../repos/pytorch/torch/csrc/jit/runtime/static/memory_planner.cpp,"(140, 18)-(140, 34)",b'ManagedStorages::~ManagedStorages'
csrc,../repos/pytorch/torch/csrc/jit/runtime/static/memory_planner.cpp,"(156, 22)-(156, 34)",b'storages_[idx].~StorageImpl'
csrc,../repos/pytorch/torch/csrc/jit/runtime/static/ProcessedNodeInputs.h,"(62, 5)-(62, 18)",b'~HeapArrayPtr()'
csrc,../repos/pytorch/torch/csrc/jit/runtime/static/ProcessedNodeInputs.h,"(158, 5)-(158, 10)",b'~Repr()'
csrc,../repos/pytorch/torch/csrc/jit/runtime/static/ProcessedNodeInputs.h,"(230, 23)-(230, 35)",b'outline_repr_.~OutlineRepr'
csrc,../repos/pytorch/torch/csrc/jit/runtime/static/ops.h,"(29, 11)-(29, 29)",b'~SROperatorFunctor()'
csrc,../repos/pytorch/torch/csrc/jit/runtime/script_profile.h,"(28, 3)-(28, 19)",b'~InstructionSpan()'
csrc,../repos/pytorch/torch/csrc/jit/runtime/script_profile.h,"(91, 3)-(91, 17)",b'~ScriptProfile() override'
csrc,../repos/pytorch/torch/csrc/jit/runtime/graph_executor_impl.h,"(83, 11)-(83, 33)",b'~GraphExecutorImplBase()'
csrc,../repos/pytorch/torch/csrc/jit/runtime/graph_executor.cpp,"(71, 23)-(71, 44)",b'EnableProfilingGuard::~EnableProfilingGuard'
csrc,../repos/pytorch/torch/csrc/jit/runtime/graph_executor.cpp,"(781, 3)-(781, 21)",b'~GraphExecutorImpl() override'
csrc,../repos/pytorch/torch/csrc/jit/runtime/graph_executor.h,"(55, 3)-(55, 24)",b'~EnableProfilingGuard()'
csrc,../repos/pytorch/torch/csrc/jit/runtime/graph_executor.h,"(127, 3)-(127, 30)",b'~GraphOptimizerEnabledGuard()'
csrc,../repos/pytorch/torch/csrc/jit/runtime/profiling_graph_executor_impl.h,"(23, 3)-(23, 30)",b'~ProfilingGraphExecutorImpl() override'
csrc,../repos/pytorch/torch/csrc/jit/runtime/interpreter.cpp,"(109, 3)-(109, 30)",b'~TLSCurrentInterpreterGuard()'
csrc,../repos/pytorch/torch/csrc/jit/runtime/script_profile.cpp,"(119, 18)-(119, 34)",b'InstructionSpan::~InstructionSpan'
csrc,../repos/pytorch/torch/csrc/jit/runtime/script_profile.cpp,"(169, 16)-(169, 30)",b'ScriptProfile::~ScriptProfile'
csrc,../repos/pytorch/torch/csrc/jit/resource_guard.h,"(16, 3)-(16, 17)",b'~ResourceGuard()'
csrc,../repos/pytorch/torch/csrc/jit/codegen/fuser/fused_kernel.h,"(36, 11)-(36, 23)",b'~FusedKernel()'
csrc,../repos/pytorch/torch/csrc/jit/codegen/fuser/cuda/fused_kernel.h,"(41, 3)-(41, 19)",b'~FusedKernelCUDA() override'
csrc,../repos/pytorch/torch/csrc/jit/codegen/fuser/cuda/fused_kernel.cpp,"(262, 18)-(262, 34)",b'FusedKernelCUDA::~FusedKernelCUDA'
csrc,../repos/pytorch/torch/csrc/jit/codegen/fuser/cpu/temp_file.h,"(114, 3)-(114, 12)",b'~TempFile()'
csrc,../repos/pytorch/torch/csrc/jit/codegen/fuser/cpu/fused_kernel.cpp,"(194, 3)-(194, 18)",b'~CompilerConfig()'
csrc,../repos/pytorch/torch/csrc/jit/mobile/profiler_edge.h,"(82, 3)-(82, 25)",b'~KinetoEdgeCPUProfiler()'
csrc,../repos/pytorch/torch/csrc/jit/mobile/observer.h,"(68, 11)-(68, 32)",b'~MobileModuleObserver()'
csrc,../repos/pytorch/torch/csrc/jit/mobile/profiler_edge.cpp,"(126, 24)-(126, 46)",b'KinetoEdgeCPUProfiler::~KinetoEdgeCPUProfiler'
csrc,../repos/pytorch/torch/csrc/jit/mobile/nnc/registry.h,"(14, 11)-(14, 21)",b'~NNCKernel()'
csrc,../repos/pytorch/torch/csrc/jit/mobile/nnc/backend.cpp,"(14, 3)-(14, 14)",b'~NNCBackend() override'
csrc,../repos/pytorch/torch/csrc/jit/mobile/model_tracer/BuildFeatureTracer.h,"(34, 3)-(34, 22)",b'~BuildFeatureTracer()'
csrc,../repos/pytorch/torch/csrc/jit/mobile/model_tracer/CustomClassTracer.h,"(34, 3)-(34, 21)",b'~CustomClassTracer()'
csrc,../repos/pytorch/torch/csrc/jit/mobile/model_tracer/OperatorCallTracer.h,"(30, 3)-(30, 22)",b'~OperatorCallTracer()'
csrc,../repos/pytorch/torch/csrc/jit/mobile/model_tracer/KernelDTypeTracer.h,"(35, 3)-(35, 21)",b'~KernelDTypeTracer()'
csrc,../repos/pytorch/torch/csrc/jit/mobile/train/optim/sgd.h,"(109, 3)-(109, 7)",b'~SGD()'
csrc,../repos/pytorch/torch/csrc/jit/mobile/train/random.h,"(32, 3)-(32, 17)",b'~RandomSampler() override'
csrc,../repos/pytorch/torch/csrc/jit/mobile/train/random.cpp,"(15, 16)-(15, 30)",b'RandomSampler::~RandomSampler'
csrc,../repos/pytorch/torch/csrc/jit/python/pybind_utils.h,"(77, 3)-(77, 33)",b'~ToIValueAllowNumbersAsTensors()'
csrc,../repos/pytorch/torch/csrc/jit/python/pybind_utils.h,"(87, 3)-(87, 23)",b'~PythonFunctionGuard()'
csrc,../repos/pytorch/torch/csrc/jit/python/pybind_utils.cpp,"(26, 32)-(26, 62)",b'ToIValueAllowNumbersAsTensors::~ToIValueAllow...'
csrc,../repos/pytorch/torch/csrc/jit/python/python_ivalue.h,"(80, 3)-(80, 26)",b'~ConcretePyObjectHolder() override'
csrc,../repos/pytorch/torch/csrc/jit/ir/ir.cpp,"(2010, 8)-(2010, 14)",b'Graph::~Graph'
csrc,../repos/pytorch/torch/csrc/jit/ir/attributes.h,"(63, 11)-(63, 26)",b'~AttributeValue()'
csrc,../repos/pytorch/torch/csrc/jit/ir/alias_analysis.h,"(58, 13)-(58, 21)",b'~AliasDb()'
csrc,../repos/pytorch/torch/csrc/jit/ir/alias_analysis.cpp,"(200, 10)-(200, 18)",b'AliasDb::~AliasDb'
csrc,../repos/pytorch/torch/csrc/jit/ir/ir.h,"(310, 11)-(310, 17)",b'~Value()'
csrc,../repos/pytorch/torch/csrc/jit/ir/ir.h,"(816, 11)-(816, 16)",b'~Node()'
csrc,../repos/pytorch/torch/csrc/jit/ir/ir.h,"(1146, 11)-(1146, 17)",b'~Block()'
csrc,../repos/pytorch/torch/csrc/jit/ir/ir.h,"(1434, 13)-(1434, 19)",b'~Graph()'
csrc,../repos/pytorch/torch/csrc/jit/ir/ir.h,"(1468, 3)-(1468, 19)",b'~WithInsertPoint()'
csrc,../repos/pytorch/torch/csrc/jit/ir/ir.h,"(1486, 3)-(1486, 20)",b'~WithCurrentScope()'
csrc,../repos/pytorch/torch/csrc/jit/testing/file_check.h,"(19, 13)-(19, 23)",b'~FileCheck()'
csrc,../repos/pytorch/torch/csrc/jit/testing/file_check.cpp,"(556, 12)-(556, 22)",b'FileCheck::~FileCheck'
csrc,../repos/pytorch/torch/csrc/jit/serialization/export.h,"(85, 3)-(85, 26)",b'~ScriptModuleSerializer()'
csrc,../repos/pytorch/torch/csrc/jit/serialization/export.h,"(241, 3)-(241, 25)",b'~BytecodeEmitModeGuard()'
csrc,../repos/pytorch/torch/csrc/jit/serialization/import_source.h,"(96, 3)-(96, 18)",b'~SourceImporter()'
csrc,../repos/pytorch/torch/csrc/jit/serialization/python_print.cpp,"(134, 5)-(134, 21)",b'~WithSourceRange()'
csrc,../repos/pytorch/torch/csrc/jit/serialization/python_print.cpp,"(1602, 3)-(1602, 19)",b'~PythonPrintImpl()'
csrc,../repos/pytorch/torch/csrc/jit/serialization/source_range_serialization.h,"(61, 11)-(61, 32)",b'~SourceRangeUnpickler()'
csrc,../repos/pytorch/torch/csrc/jit/serialization/pickler.h,"(145, 3)-(145, 11)",b'~Pickler()'
csrc,../repos/pytorch/torch/csrc/jit/serialization/import_source.cpp,"(809, 17)-(809, 32)",b'SourceImporter::~SourceImporter'
csrc,../repos/pytorch/torch/csrc/jit/serialization/storage_context.h,"(30, 3)-(30, 31)",b'~SerializationStorageContext()'
csrc,../repos/pytorch/torch/csrc/jit/serialization/storage_context.h,"(78, 3)-(78, 33)",b'~DeserializationStorageContext()'
csrc,../repos/pytorch/torch/csrc/jit/serialization/pickler.cpp,"(23, 10)-(23, 18)",b'Pickler::~Pickler'
csrc,../repos/pytorch/torch/csrc/jit/api/module.h,"(100, 3)-(100, 10)",b'~Module()'
csrc,../repos/pytorch/torch/csrc/jit/api/compilation_unit.h,"(35, 11)-(35, 16)",b'~Self()'
csrc,../repos/pytorch/torch/csrc/jit/passes/onnx/naming.cpp,"(85, 11)-(85, 29)",b'~NodeNameGenerator()'
csrc,../repos/pytorch/torch/csrc/jit/passes/onnx/naming.cpp,"(104, 20)-(104, 38)",b'NodeNameGenerator::~NodeNameGenerator'
csrc,../repos/pytorch/torch/csrc/jit/passes/peephole_dict_idioms.cpp,"(11, 11)-(11, 28)",b'~DictNodeImplBase()'
csrc,../repos/pytorch/torch/csrc/jit/passes/pass_manager.h,"(132, 11)-(132, 23)",b'~PassManager()'
csrc,../repos/pytorch/torch/csrc/jit/passes/shape_analysis.h,"(19, 11)-(19, 28)",b'~PropertyPropBase()'
csrc,../repos/pytorch/torch/csrc/jit/tensorexpr/registerizer.h,"(327, 3)-(327, 24)",b'~RegisterizerAnalysis() override'
csrc,../repos/pytorch/torch/csrc/jit/tensorexpr/cpp_codegen.h,"(24, 3)-(24, 14)",b'~CppPrinter() override'
csrc,../repos/pytorch/torch/csrc/jit/tensorexpr/cpp_codegen.h,"(74, 3)-(74, 14)",b'~CppCodeGen() override'
csrc,../repos/pytorch/torch/csrc/jit/tensorexpr/eval.cpp,"(75, 3)-(75, 25)",b'~SimpleIREvaluatorImpl() override'
csrc,../repos/pytorch/torch/csrc/jit/tensorexpr/eval.cpp,"(1251, 20)-(1251, 38)",b'SimpleIREvaluator::~SimpleIREvaluator'
csrc,../repos/pytorch/torch/csrc/jit/tensorexpr/codegen.h,"(33, 11)-(33, 19)",b'~CodeGen()'
csrc,../repos/pytorch/torch/csrc/jit/tensorexpr/codegen.h,"(119, 3)-(119, 22)",b'~ExtCallMemoryReuse() override'
csrc,../repos/pytorch/torch/csrc/jit/tensorexpr/llvm_jit.h,"(57, 3)-(57, 18)",b'~PytorchLLVMJIT()'
csrc,../repos/pytorch/torch/csrc/jit/tensorexpr/llvm_codegen.h,"(36, 3)-(36, 15)",b'~LLVMCodeGen() override'
csrc,../repos/pytorch/torch/csrc/jit/tensorexpr/mem_dependency_checker.h,"(191, 3)-(191, 24)",b'~MemDependencyChecker() override'
csrc,../repos/pytorch/torch/csrc/jit/tensorexpr/llvm_jit.cpp,"(328, 17)-(328, 32)",b'PytorchLLVMJIT::~PytorchLLVMJIT'
csrc,../repos/pytorch/torch/csrc/jit/tensorexpr/eval.h,"(154, 3)-(154, 21)",b'~SimpleIREvaluator() override'
csrc,../repos/pytorch/torch/csrc/jit/tensorexpr/expr.h,"(46, 11)-(46, 16)",b'~Expr()'
csrc,../repos/pytorch/torch/csrc/jit/tensorexpr/stmt.h,"(19, 11)-(19, 16)",b'~Stmt()'
csrc,../repos/pytorch/torch/csrc/jit/tensorexpr/llvm_codegen.cpp,"(312, 3)-(312, 19)",b'~LLVMCodeGenImpl()'
csrc,../repos/pytorch/torch/csrc/jit/tensorexpr/llvm_codegen.cpp,"(389, 14)-(389, 26)",b'LLVMCodeGen::~LLVMCodeGen'
csrc,../repos/pytorch/torch/csrc/jit/tensorexpr/cuda_codegen.h,"(224, 3)-(224, 15)",b'~CudaCodeGen() override'
csrc,../repos/pytorch/torch/csrc/jit/tensorexpr/block_codegen.cpp,"(365, 15)-(365, 28)",b'BlockCodeGen::~BlockCodeGen'
csrc,../repos/pytorch/torch/csrc/jit/tensorexpr/block_codegen.h,"(119, 3)-(119, 16)",b'~BlockCodeGen() override'
csrc,../repos/pytorch/torch/csrc/jit/tensorexpr/cuda_codegen.cpp,"(48, 3)-(48, 17)",b'~ScopedVarName() noexcept(false)'
csrc,../repos/pytorch/torch/csrc/jit/tensorexpr/cuda_codegen.cpp,"(1393, 14)-(1393, 26)",b'CudaCodeGen::~CudaCodeGen'
csrc,../repos/pytorch/torch/csrc/jit/tensorexpr/cpp_codegen.cpp,"(47, 13)-(47, 24)",b'CppPrinter::~CppPrinter'
csrc,../repos/pytorch/torch/csrc/jit/tensorexpr/cpp_codegen.cpp,"(388, 13)-(388, 24)",b'CppCodeGen::~CppCodeGen'
csrc,../repos/pytorch/torch/csrc/Exceptions.h,"(170, 3)-(170, 16)",b'~python_error() override'
csrc,../repos/pytorch/torch/csrc/Exceptions.h,"(305, 5)-(305, 21)",b'~InternalHandler() override'
csrc,../repos/pytorch/torch/csrc/lazy/core/ir.cpp,"(108, 7)-(108, 12)",b'Node::~Node'
csrc,../repos/pytorch/torch/csrc/lazy/core/tensor.cpp,"(29, 19)-(29, 24)",b'Data::~Data'
csrc,../repos/pytorch/torch/csrc/lazy/core/dynamic_ir.h,"(55, 11)-(55, 25)",b'~DimensionNode()'
csrc,../repos/pytorch/torch/csrc/lazy/core/lazy_graph_executor.h,"(28, 11)-(28, 29)",b'~LazyGraphExecutor()'
csrc,../repos/pytorch/torch/csrc/lazy/core/lazy_graph_executor.h,"(278, 13)-(278, 32)",b'~DeviceContextArena()'
csrc,../repos/pytorch/torch/csrc/lazy/core/lazy_graph_executor.h,"(320, 13)-(320, 19)",b'~Async()'
csrc,../repos/pytorch/torch/csrc/lazy/core/thread_pool.cpp,"(28, 3)-(28, 14)",b'~ThreadPool()'
csrc,../repos/pytorch/torch/csrc/lazy/core/tensor.h,"(46, 13)-(46, 18)",b'~Data()'
csrc,../repos/pytorch/torch/csrc/lazy/core/tensor.h,"(73, 3)-(73, 14)",b'~LazyTensor() override'
csrc,../repos/pytorch/torch/csrc/lazy/core/ir_metadata.h,"(27, 11)-(27, 24)",b'~UserMetaData()'
csrc,../repos/pytorch/torch/csrc/lazy/core/ir_metadata.h,"(41, 3)-(41, 15)",b'~ScopePusher()'
csrc,../repos/pytorch/torch/csrc/lazy/core/ir_metadata.cpp,"(88, 14)-(88, 26)",b'ScopePusher::~ScopePusher'
csrc,../repos/pytorch/torch/csrc/lazy/core/thread_pool.h,"(23, 3)-(23, 14)",b'~Completion()'
csrc,../repos/pytorch/torch/csrc/lazy/core/ir_builder.h,"(79, 11)-(79, 21)",b'~IrBuilder()'
csrc,../repos/pytorch/torch/csrc/lazy/core/metrics.h,"(262, 3)-(262, 16)",b'~TimedSection()'
csrc,../repos/pytorch/torch/csrc/lazy/core/util.h,"(31, 3)-(31, 11)",b'~Cleanup()'
csrc,../repos/pytorch/torch/csrc/lazy/core/ir.h,"(112, 11)-(112, 16)",b'~Node()'
csrc,../repos/pytorch/torch/csrc/lazy/backend/lowering_context.h,"(29, 11)-(29, 23)",b'~Computation()'
csrc,../repos/pytorch/torch/csrc/lazy/backend/lowering_context.h,"(48, 11)-(48, 27)",b'~LoweringContext()'
csrc,../repos/pytorch/torch/csrc/lazy/backend/backend_data.h,"(27, 11)-(27, 23)",b'~BackendData()'
csrc,../repos/pytorch/torch/csrc/lazy/backend/backend_device.h,"(28, 11)-(28, 29)",b'~BackendDeviceType()'
csrc,../repos/pytorch/torch/csrc/lazy/ts_backend/ts_node.h,"(44, 3)-(44, 10)",b'~TsNode() override'
csrc,../repos/pytorch/torch/csrc/dynamo/python_compiled_autograd.cpp,"(116, 3)-(116, 13)",b'~CacheNode()'
csrc,../repos/pytorch/torch/csrc/dynamo/python_compiled_autograd.cpp,"(289, 3)-(289, 23)",b'~ClosingTHPObjectPtr()'
csrc,../repos/pytorch/torch/csrc/dynamo/compiled_autograd.h,"(439, 3)-(439, 20)",b'~CompiledNodeArgs()'
