Repo name,File name,Location,Content
csrc,../repos/pytorch/torch/csrc/distributed/rpc/rpc_agent.h,"(59, 8)-(59, 41)",b'bool operator==(const WorkerInfo& rhs) {\n    ...'
csrc,../repos/pytorch/torch/csrc/distributed/rpc/rpc_agent.h,"(73, 25)-(75, 34)","b'& operator<<(\n    std::ostream& os,\n    const...'"
csrc,../repos/pytorch/torch/csrc/distributed/rpc/rpc_agent.h,"(336, 15)-(337, 77)",b'std::size_t operator()(\n      const torch::di...'
csrc,../repos/pytorch/torch/csrc/distributed/rpc/rref_context.h,"(47, 8)-(47, 37)",b'operator=(const RRefContext&) = delete;\n  RRe...'
csrc,../repos/pytorch/torch/csrc/distributed/rpc/python_rpc_handler.h,"(86, 21)-(86, 55)",b'& operator=(const PythonRpcHandler&)'
csrc,../repos/pytorch/torch/csrc/distributed/rpc/python_rpc_handler.h,"(88, 21)-(88, 50)",b'& operator=(PythonRpcHandler&&)'
csrc,../repos/pytorch/torch/csrc/distributed/rpc/rpc_agent.cpp,"(333, 15)-(333, 73)","b'& operator<<(std::ostream& os, const WorkerIn...'"
csrc,../repos/pytorch/torch/csrc/distributed/rpc/rref_impl.cpp,"(286, 15)-(286, 61)","b'& operator<<(std::ostream& os, const RRef& rref)'"
csrc,../repos/pytorch/torch/csrc/distributed/rpc/types.cpp,"(85, 15)-(85, 77)","b'& operator<<(std::ostream& os, GloballyUnique...'"
csrc,../repos/pytorch/torch/csrc/distributed/rpc/message.h,"(133, 12)-(133, 41)",b'& operator=(Message const& rhs)'
csrc,../repos/pytorch/torch/csrc/distributed/rpc/profiler/remote_profiler_manager.h,"(43, 25)-(43, 70)",b'operator=(const RemoteProfilerManager& other)...'
csrc,../repos/pytorch/torch/csrc/distributed/rpc/profiler/remote_profiler_manager.h,"(45, 26)-(45, 60)",b'& operator=(RemoteProfilerManager&&)'
csrc,../repos/pytorch/torch/csrc/distributed/rpc/tensorpipe_agent.h,"(175, 20)-(175, 53)",b'& operator=(const TensorPipeAgent&)'
csrc,../repos/pytorch/torch/csrc/distributed/rpc/types.h,"(25, 21)-(25, 61)",b'& operator=(const GloballyUniqueId& other)'
csrc,../repos/pytorch/torch/csrc/distributed/rpc/types.h,"(27, 8)-(27, 55)",b'bool operator==(const GloballyUniqueId& other...'
csrc,../repos/pytorch/torch/csrc/distributed/rpc/types.h,"(28, 8)-(28, 55)",b'bool operator!=(const GloballyUniqueId& other...'
csrc,../repos/pytorch/torch/csrc/distributed/rpc/types.h,"(34, 12)-(34, 57)",b'size_t operator()(const GloballyUniqueId& key...'
csrc,../repos/pytorch/torch/csrc/distributed/rpc/types.h,"(45, 25)-(47, 38)","b'& operator<<(\n    std::ostream& os,\n    const...'"
csrc,../repos/pytorch/torch/csrc/distributed/rpc/rref_impl.h,"(197, 9)-(197, 32)",b'& operator=(RRef&& other)'
csrc,../repos/pytorch/torch/csrc/distributed/rpc/rref_impl.h,"(292, 13)-(292, 45)",b'& operator=(const UserRRef& other)'
csrc,../repos/pytorch/torch/csrc/distributed/rpc/rref_impl.h,"(356, 14)-(356, 47)",b'& operator=(const OwnerRRef& other)'
csrc,../repos/pytorch/torch/csrc/distributed/rpc/rref_impl.h,"(404, 25)-(404, 71)","b'& operator<<(std::ostream& os, const RRef& rref)'"
csrc,../repos/pytorch/torch/csrc/distributed/autograd/context/context.h,"(67, 24)-(67, 61)",b'& operator=(const DistAutogradContext&)'
csrc,../repos/pytorch/torch/csrc/distributed/autograd/context/context.h,"(69, 24)-(69, 56)",b'& operator=(DistAutogradContext&&)'
csrc,../repos/pytorch/torch/csrc/distributed/autograd/context/container.h,"(96, 26)-(96, 65)",b'& operator=(const DistAutogradContainer&)'
csrc,../repos/pytorch/torch/csrc/distributed/autograd/context/container.h,"(98, 26)-(98, 60)",b'& operator=(DistAutogradContainer&&)'
csrc,../repos/pytorch/torch/csrc/distributed/autograd/engine/dist_engine.cpp,"(45, 14)-(45, 57)",b'at::Tensor operator()(const at::Tensor& grad)...'
csrc,../repos/pytorch/torch/csrc/distributed/autograd/engine/dist_engine.h,"(60, 15)-(60, 43)",b'& operator=(const DistEngine&)'
csrc,../repos/pytorch/torch/csrc/distributed/autograd/engine/dist_engine.h,"(62, 15)-(62, 38)",b'& operator=(DistEngine&&)'
csrc,../repos/pytorch/torch/csrc/distributed/c10d/RankLocal.hpp,"(23, 14)-(23, 41)",b'& operator=(const RankLocal&)'
csrc,../repos/pytorch/torch/csrc/distributed/c10d/PyProcessGroup.hpp,"(155, 8)-(155, 60)",b'void operator()(std::shared_ptr<WorkInfo> wor...'
csrc,../repos/pytorch/torch/csrc/distributed/c10d/ProcessGroupNCCL.cpp,"(394, 15)-(396, 48)","b'& operator<<(\n    std::ostream& output,\n    c...'"
csrc,../repos/pytorch/torch/csrc/distributed/c10d/FileStore.cpp,"(104, 9)-(104, 41)",b'& operator=(Lock&& other) noexcept'
csrc,../repos/pytorch/torch/csrc/distributed/c10d/sequence_num.hpp,"(56, 16)-(56, 51)",b'& operator=(const SequenceNum& other)'
csrc,../repos/pytorch/torch/csrc/distributed/c10d/ProcessGroupNCCL.hpp,"(294, 26)-(296, 34)","b'& operator<<(\n        std::ostream& output,\n ...'"
csrc,../repos/pytorch/torch/csrc/distributed/c10d/NCCLUtils.hpp,"(293, 13)-(293, 39)",b'& operator=(const NCCLComm&)'
csrc,../repos/pytorch/torch/csrc/distributed/c10d/NCCLUtils.hpp,"(296, 13)-(296, 40)",b'& operator=(NCCLComm&& other)'
csrc,../repos/pytorch/torch/csrc/distributed/c10d/NCCLUtils.hpp,"(467, 18)-(467, 49)",b'& operator=(const ncclRedOpRAII&)'
csrc,../repos/pytorch/torch/csrc/distributed/c10d/socket.cpp,"(442, 8)-(442, 51)",b'void operator()(::addrinfo* addr) const noexc...'
csrc,../repos/pytorch/torch/csrc/distributed/c10d/ProcessGroupMPI.hpp,"(45, 14)-(45, 41)",b'& operator=(const WorkEntry&)'
csrc,../repos/pytorch/torch/csrc/distributed/c10d/socket.h,"(69, 11)-(69, 41)",b'& operator=(const Socket& other)'
csrc,../repos/pytorch/torch/csrc/distributed/c10d/socket.h,"(73, 11)-(73, 45)",b'& operator=(Socket&& other) noexcept'
csrc,../repos/pytorch/torch/csrc/distributed/c10d/logger.hpp,"(30, 24)-(30, 78)","b'& operator<<(std::ostream& output, const Logg...'"
csrc,../repos/pytorch/torch/csrc/distributed/c10d/reducer.cpp,"(2071, 13)-(2071, 67)","b'inline bool operator==(const BucketKey& lhs, ...'"
csrc,../repos/pytorch/torch/csrc/distributed/c10d/intra_node_comm.cpp,"(71, 22)-(71, 74)","b'& operator<<(std::ostream& os, const NvlMesh&...'"
csrc,../repos/pytorch/torch/csrc/distributed/c10d/logger.cpp,"(30, 15)-(30, 69)","b'& operator<<(std::ostream& output, const Logg...'"
csrc,../repos/pytorch/torch/csrc/distributed/c10d/init.cpp,"(93, 32)-(93, 77)",b'& operator=(const IntrusivePtrNoGilDestructor&)'
csrc,../repos/pytorch/torch/csrc/distributed/c10d/init.cpp,"(95, 32)-(95, 72)",b'& operator=(IntrusivePtrNoGilDestructor&&)'
csrc,../repos/pytorch/torch/csrc/distributed/c10d/init.cpp,"(113, 6)-(113, 32)",b'& operator*() const noexcept'
csrc,../repos/pytorch/torch/csrc/distributed/c10d/init.cpp,"(116, 6)-(116, 33)",b'* operator->() const noexcept'
csrc,../repos/pytorch/torch/csrc/distributed/c10d/ProcessGroupWrapper.cpp,"(69, 24)-(71, 59)","b'& operator<<(\n      std::ostream& output,\n   ...'"
csrc,../repos/pytorch/torch/csrc/distributed/c10d/ProcessGroupWrapper.cpp,"(335, 15)-(337, 57)","b'& operator<<(\n    std::ostream& output,\n    c...'"
csrc,../repos/pytorch/torch/csrc/distributed/c10d/TCPStoreLibUvBackend.cpp,"(387, 9)-(387, 29)",b'* operator new(size_t)'
csrc,../repos/pytorch/torch/csrc/distributed/c10d/Types.hpp,"(72, 19)-(72, 51)",b'& operator=(const ReduceOp& other)'
csrc,../repos/pytorch/torch/csrc/distributed/c10d/Types.hpp,"(82, 8)-(82, 44)",b'bool operator==(const std::uint8_t other) {\n ...'
csrc,../repos/pytorch/torch/csrc/distributed/c10d/Types.hpp,"(87, 8)-(87, 51)",b'bool operator==(const ReduceOp::RedOpType oth...'
csrc,../repos/pytorch/torch/csrc/distributed/c10d/Types.hpp,"(92, 8)-(92, 41)",b'bool operator==(const ReduceOp& other) {\n    ...'
csrc,../repos/pytorch/torch/csrc/Exceptions.cpp,"(254, 15)-(254, 56)",b'* operator()(const c10::UserWarning&) const'
csrc,../repos/pytorch/torch/csrc/Exceptions.cpp,"(257, 15)-(257, 63)",b'* operator()(const c10::DeprecationWarning&) const'
csrc,../repos/pytorch/torch/csrc/profiler/containers.h,"(57, 19)-(57, 51)",b'& operator=(const AppendOnlyList&)'
csrc,../repos/pytorch/torch/csrc/profiler/containers.h,"(123, 15)-(123, 32)",b'reference operator*() const {\n      return *c...'
csrc,../repos/pytorch/torch/csrc/profiler/containers.h,"(126, 13)-(126, 25)",b'pointer operator->() {\n      return current_p...'
csrc,../repos/pytorch/torch/csrc/profiler/containers.h,"(131, 15)-(131, 27)",b'& operator++()'
csrc,../repos/pytorch/torch/csrc/profiler/containers.h,"(139, 14)-(139, 29)",b'Iterator operator++(int) {\n      Iterator tmp...'
csrc,../repos/pytorch/torch/csrc/profiler/containers.h,"(145, 17)-(145, 65)","b'bool operator==(const Iterator& a, const Iter...'"
csrc,../repos/pytorch/torch/csrc/profiler/containers.h,"(148, 17)-(148, 65)","b'bool operator!=(const Iterator& a, const Iter...'"
csrc,../repos/pytorch/torch/csrc/profiler/data_flow.cpp,"(30, 8)-(30, 37)",b'void operator()(TensorMetadata& t) {\n    tens...'
csrc,../repos/pytorch/torch/csrc/profiler/data_flow.cpp,"(35, 8)-(35, 52)",b'void operator()(c10::optional<TensorMetadata>...'
csrc,../repos/pytorch/torch/csrc/profiler/data_flow.cpp,"(41, 8)-(41, 57)",b'void operator()(ExtraFields<EventType::Alloca...'
csrc,../repos/pytorch/torch/csrc/profiler/data_flow.cpp,"(48, 8)-(48, 50)",b'void operator()(std::vector<TensorMetadata>& ...'
csrc,../repos/pytorch/torch/csrc/profiler/data_flow.cpp,"(55, 8)-(55, 22)",b'void operator()(T&) {}'
csrc,../repos/pytorch/torch/csrc/profiler/combined_traceback.cpp,"(47, 15)-(47, 68)",b'std::size_t operator()(const CapturedTracebac...'
csrc,../repos/pytorch/torch/csrc/profiler/combined_traceback.cpp,"(53, 15)-(55, 51)",b'std::size_t operator()(\n      const CapturedT...'
csrc,../repos/pytorch/torch/csrc/profiler/collection.cpp,"(386, 36)-(386, 48)",b'typename T::Iterator::value_type operator()()...'
csrc,../repos/pytorch/torch/csrc/profiler/collection.cpp,"(1118, 8)-(1118, 70)","b'bool operator()(const result_ptr_t& a, const ...'"
csrc,../repos/pytorch/torch/csrc/profiler/unwind/eh_frame_hdr.h,"(78, 24)-(78, 77)","b'& operator<<(std::ostream& out, const EHFrame...'"
csrc,../repos/pytorch/torch/csrc/profiler/unwind/fde.h,"(13, 24)-(13, 77)","b'& operator<<(std::ostream& out, const TableSt...'"
csrc,../repos/pytorch/torch/csrc/profiler/unwind/action.h,"(38, 24)-(38, 73)","b'& operator<<(std::ostream& out, const Action&...'"
csrc,../repos/pytorch/torch/csrc/profiler/collection.h,"(60, 22)-(60, 57)",b'& operator=(const RawTensorMetadata&)'
csrc,../repos/pytorch/torch/csrc/profiler/collection.h,"(61, 22)-(61, 61)",b'& operator=(RawTensorMetadata&&) noexcept'
csrc,../repos/pytorch/torch/csrc/profiler/perf.h,"(43, 14)-(43, 51)",b'& operator=(PerfEvent&& other) noexcept'
csrc,../repos/pytorch/torch/csrc/profiler/combined_traceback.h,"(31, 22)-(31, 57)",b'& operator=(const CapturedTraceback&)'
csrc,../repos/pytorch/torch/csrc/profiler/combined_traceback.h,"(33, 22)-(33, 61)",b'& operator=(CapturedTraceback&&) noexcept'
csrc,../repos/pytorch/torch/csrc/profiler/util.h,"(145, 10)-(145, 48)","b'size_t operator()(const std::pair<T0, T1>& i)...'"
csrc,../repos/pytorch/torch/csrc/profiler/util.h,"(150, 10)-(150, 50)",b'size_t operator()(const std::tuple<Args...>& ...'
csrc,../repos/pytorch/torch/csrc/profiler/util.h,"(155, 10)-(155, 32)",b'size_t operator()(const T& i) {\n    return c1...'
csrc,../repos/pytorch/torch/csrc/utils/variadic.h,"(18, 8)-(18, 39)",b'void operator()(const at::Tensor& x) {\n    ou...'
csrc,../repos/pytorch/torch/csrc/utils/variadic.h,"(21, 8)-(21, 54)",b'void operator()(const c10::optional<at::Tenso...'
csrc,../repos/pytorch/torch/csrc/utils/variadic.h,"(24, 8)-(24, 47)",b'void operator()(at::ArrayRef<at::Tensor> xs) ...'
csrc,../repos/pytorch/torch/csrc/utils/variadic.h,"(36, 8)-(36, 47)",b'void operator()(const autograd::Variable& x) ...'
csrc,../repos/pytorch/torch/csrc/utils/variadic.h,"(39, 8)-(39, 55)",b'void operator()(at::ArrayRef<autograd::Variab...'
csrc,../repos/pytorch/torch/csrc/utils/object_ptr.h,"(31, 15)-(31, 45)",b'& operator=(T* new_ptr) noexcept'
csrc,../repos/pytorch/torch/csrc/utils/object_ptr.h,"(36, 15)-(36, 49)",b'& operator=(THPPointer&& p) noexcept'
csrc,../repos/pytorch/torch/csrc/utils/object_ptr.h,"(42, 6)-(42, 18)",b'* operator->()'
csrc,../repos/pytorch/torch/csrc/utils/throughput_benchmark.h,"(29, 15)-(31, 42)","b'& operator<<(\n    std::ostream& os,\n    const...'"
csrc,../repos/pytorch/torch/csrc/utils/throughput_benchmark.h,"(105, 16)-(105, 45)",b'& operator=(ModuleInput& other)'
csrc,../repos/pytorch/torch/csrc/utils/python_dispatch.cpp,"(117, 8)-(120, 32)",b'void operator()(\n      const c10::OperatorHan...'
csrc,../repos/pytorch/torch/csrc/utils/python_dispatch.cpp,"(230, 30)-(230, 74)",b'SetExcludeDispatchKeyGuard operator=(const Se...'
csrc,../repos/pytorch/torch/csrc/utils/python_dispatch.cpp,"(233, 30)-(233, 69)",b'SetExcludeDispatchKeyGuard operator=(SetExclu...'
csrc,../repos/pytorch/torch/csrc/utils/throughput_benchmark.cpp,"(10, 15)-(12, 42)","b'& operator<<(\n    std::ostream& os,\n    const...'"
csrc,../repos/pytorch/torch/csrc/utils/invalid_arguments.cpp,"(22, 9)-(22, 31)",b'& operator=(const Type&)'
csrc,../repos/pytorch/torch/csrc/utils/invalid_arguments.cpp,"(24, 9)-(24, 35)",b'& operator=(Type&&) noexcept'
csrc,../repos/pytorch/torch/csrc/monitor/counters.h,"(42, 15)-(42, 36)",b'std::size_t operator()(T t) const {\n    retur...'
csrc,../repos/pytorch/torch/csrc/monitor/events.h,"(39, 23)-(39, 69)",b'TORCH_API inline bool operator==(const Event&...'
csrc,../repos/pytorch/torch/csrc/api/src/optim/optimizer.cpp,"(187, 27)-(189, 32)",b'& operator<<(\n    serialize::OutputArchive& a...'
csrc,../repos/pytorch/torch/csrc/api/src/optim/optimizer.cpp,"(195, 26)-(197, 26)",b'& operator>>(\n    serialize::InputArchive& ar...'
csrc,../repos/pytorch/torch/csrc/api/src/optim/lbfgs.cpp,"(21, 6)-(21, 66)","b'bool operator==(const LBFGSOptions& lhs, cons...'"
csrc,../repos/pytorch/torch/csrc/api/src/optim/lbfgs.cpp,"(69, 6)-(69, 72)","b'bool operator==(const LBFGSParamState& lhs, c...'"
csrc,../repos/pytorch/torch/csrc/api/src/optim/adagrad.cpp,"(18, 6)-(18, 70)","b'bool operator==(const AdagradOptions& lhs, co...'"
csrc,../repos/pytorch/torch/csrc/api/src/optim/adagrad.cpp,"(49, 6)-(49, 76)","b'bool operator==(const AdagradParamState& lhs,...'"
csrc,../repos/pytorch/torch/csrc/api/src/optim/adam.cpp,"(19, 6)-(19, 64)","b'bool operator==(const AdamOptions& lhs, const...'"
csrc,../repos/pytorch/torch/csrc/api/src/optim/adam.cpp,"(52, 6)-(52, 70)","b'bool operator==(const AdamParamState& lhs, co...'"
csrc,../repos/pytorch/torch/csrc/api/src/optim/adamw.cpp,"(19, 6)-(19, 66)","b'bool operator==(const AdamWOptions& lhs, cons...'"
csrc,../repos/pytorch/torch/csrc/api/src/optim/adamw.cpp,"(51, 6)-(51, 72)","b'bool operator==(const AdamWParamState& lhs, c...'"
csrc,../repos/pytorch/torch/csrc/api/src/optim/sgd.cpp,"(19, 6)-(19, 62)","b'bool operator==(const SGDOptions& lhs, const ...'"
csrc,../repos/pytorch/torch/csrc/api/src/optim/sgd.cpp,"(50, 6)-(50, 68)","b'bool operator==(const SGDParamState& lhs, con...'"
csrc,../repos/pytorch/torch/csrc/api/src/optim/rmsprop.cpp,"(17, 6)-(17, 70)","b'bool operator==(const RMSpropOptions& lhs, co...'"
csrc,../repos/pytorch/torch/csrc/api/src/optim/rmsprop.cpp,"(49, 6)-(49, 76)","b'bool operator==(const RMSpropParamState& lhs,...'"
csrc,../repos/pytorch/torch/csrc/api/src/nn/module.cpp,"(397, 15)-(397, 73)","b'& operator<<(std::ostream& stream, const nn::...'"
csrc,../repos/pytorch/torch/csrc/api/src/nn/module.cpp,"(402, 27)-(404, 47)",b'& operator<<(\n    serialize::OutputArchive& a...'
csrc,../repos/pytorch/torch/csrc/api/src/nn/module.cpp,"(410, 26)-(412, 47)",b'& operator>>(\n    serialize::InputArchive& ar...'
csrc,../repos/pytorch/torch/csrc/api/include/torch/detail/TensorDataContainer.h,"(27, 22)-(29, 54)","b'& operator<<(\n    std::ostream& stream,\n    c...'"
csrc,../repos/pytorch/torch/csrc/api/include/torch/detail/TensorDataContainer.h,"(35, 22)-(35, 75)","b'& operator<<(std::ostream& stream, c10::BFloa...'"
csrc,../repos/pytorch/torch/csrc/api/include/torch/detail/TensorDataContainer.h,"(363, 22)-(365, 54)","b'& operator<<(\n    std::ostream& stream,\n    c...'"
csrc,../repos/pytorch/torch/csrc/api/include/torch/optim/adagrad.h,"(34, 25)-(36, 33)",b'TORCH_API friend bool operator==(\n      const...'
csrc,../repos/pytorch/torch/csrc/api/include/torch/optim/adagrad.h,"(49, 22)-(49, 57)",b'& operator=(const AdagradParamState&)'
csrc,../repos/pytorch/torch/csrc/api/include/torch/optim/adagrad.h,"(51, 22)-(51, 61)",b'& operator=(AdagradParamState&&) noexcept'
csrc,../repos/pytorch/torch/csrc/api/include/torch/optim/adagrad.h,"(54, 25)-(56, 36)",b'TORCH_API friend bool operator==(\n      const...'
csrc,../repos/pytorch/torch/csrc/api/include/torch/optim/sgd.h,"(34, 25)-(36, 29)",b'TORCH_API friend bool operator==(\n      const...'
csrc,../repos/pytorch/torch/csrc/api/include/torch/optim/sgd.h,"(48, 25)-(50, 32)",b'TORCH_API friend bool operator==(\n      const...'
csrc,../repos/pytorch/torch/csrc/api/include/torch/optim/adamw.h,"(32, 25)-(34, 31)",b'TORCH_API friend bool operator==(\n      const...'
csrc,../repos/pytorch/torch/csrc/api/include/torch/optim/adamw.h,"(49, 25)-(51, 34)",b'TORCH_API friend bool operator==(\n      const...'
csrc,../repos/pytorch/torch/csrc/api/include/torch/optim/optimizer.h,"(39, 24)-(39, 61)",b'& operator=(const OptimizerParamState&)'
csrc,../repos/pytorch/torch/csrc/api/include/torch/optim/optimizer.h,"(41, 24)-(41, 65)",b'& operator=(OptimizerParamState&&) noexcept'
csrc,../repos/pytorch/torch/csrc/api/include/torch/optim/optimizer.h,"(59, 21)-(59, 55)",b'& operator=(const OptimizerOptions&)'
csrc,../repos/pytorch/torch/csrc/api/include/torch/optim/optimizer.h,"(61, 21)-(61, 59)",b'& operator=(OptimizerOptions&&) noexcept'
csrc,../repos/pytorch/torch/csrc/api/include/torch/optim/optimizer.h,"(207, 37)-(209, 32)",b'& operator<<(\n    serialize::OutputArchive& a...'
csrc,../repos/pytorch/torch/csrc/api/include/torch/optim/optimizer.h,"(212, 36)-(214, 26)",b'& operator>>(\n    serialize::InputArchive& ar...'
csrc,../repos/pytorch/torch/csrc/api/include/torch/optim/adam.h,"(32, 25)-(34, 30)",b'TORCH_API friend bool operator==(\n      const...'
csrc,../repos/pytorch/torch/csrc/api/include/torch/optim/adam.h,"(49, 25)-(51, 33)",b'TORCH_API friend bool operator==(\n      const...'
csrc,../repos/pytorch/torch/csrc/api/include/torch/optim/rmsprop.h,"(37, 25)-(39, 33)",b'TORCH_API friend bool operator==(\n      const...'
csrc,../repos/pytorch/torch/csrc/api/include/torch/optim/rmsprop.h,"(54, 25)-(56, 36)",b'TORCH_API friend bool operator==(\n      const...'
csrc,../repos/pytorch/torch/csrc/api/include/torch/optim/lbfgs.h,"(29, 25)-(31, 31)",b'TORCH_API friend bool operator==(\n      const...'
csrc,../repos/pytorch/torch/csrc/api/include/torch/optim/lbfgs.h,"(53, 25)-(55, 34)",b'TORCH_API friend bool operator==(\n      const...'
csrc,../repos/pytorch/torch/csrc/api/include/torch/expanding_array.h,"(61, 21)-(61, 32)",b'& operator*()'
csrc,../repos/pytorch/torch/csrc/api/include/torch/expanding_array.h,"(66, 27)-(66, 44)",b'& operator*() const'
csrc,../repos/pytorch/torch/csrc/api/include/torch/expanding_array.h,"(71, 21)-(71, 33)",b'* operator->()'
csrc,../repos/pytorch/torch/csrc/api/include/torch/expanding_array.h,"(76, 27)-(76, 45)",b'* operator->() const'
csrc,../repos/pytorch/torch/csrc/api/include/torch/expanding_array.h,"(97, 15)-(99, 49)","b'& operator<<(\n    std::ostream& stream,\n    c...'"
csrc,../repos/pytorch/torch/csrc/api/include/torch/expanding_array.h,"(165, 15)-(167, 79)","b'& operator<<(\n    std::ostream& stream,\n    c...'"
csrc,../repos/pytorch/torch/csrc/api/include/torch/nn/module.h,"(85, 11)-(85, 35)",b'& operator=(const Module&)'
csrc,../repos/pytorch/torch/csrc/api/include/torch/nn/module.h,"(87, 11)-(87, 39)",b'& operator=(Module&&) noexcept'
csrc,../repos/pytorch/torch/csrc/api/include/torch/nn/module.h,"(565, 34)-(567, 32)","b'& operator<<(\n      std::ostream& stream,\n   ...'"
csrc,../repos/pytorch/torch/csrc/api/include/torch/nn/module.h,"(614, 37)-(616, 47)",b'& operator<<(\n    serialize::OutputArchive& a...'
csrc,../repos/pytorch/torch/csrc/api/include/torch/nn/module.h,"(619, 36)-(621, 47)",b'& operator>>(\n    serialize::InputArchive& ar...'
csrc,../repos/pytorch/torch/csrc/api/include/torch/nn/modules/container/functional.h,"(90, 10)-(90, 34)",b'Tensor operator()(Tensor input);'
csrc,../repos/pytorch/torch/csrc/api/include/torch/nn/modules/container/sequential.h,"(324, 27)-(324, 57)",b'std::shared_ptr<Module> operator[](size_t ind...'
csrc,../repos/pytorch/torch/csrc/api/include/torch/nn/modules/container/any_module_holder.h,"(43, 18)-(43, 42)",b'&& operator()(size_t index)'
csrc,../repos/pytorch/torch/csrc/api/include/torch/nn/modules/container/any_module_holder.h,"(63, 14)-(63, 36)",b'AnyValue operator()(Ts&&... ts) {\n      retur...'
csrc,../repos/pytorch/torch/csrc/api/include/torch/nn/modules/container/moduledict.h,"(169, 27)-(169, 67)",b'std::shared_ptr<Module> operator[](const std:...'
csrc,../repos/pytorch/torch/csrc/api/include/torch/nn/modules/container/parameterlist.h,"(128, 15)-(128, 37)",b'& operator[](size_t idx)'
csrc,../repos/pytorch/torch/csrc/api/include/torch/nn/modules/container/parameterlist.h,"(135, 21)-(135, 49)",b'& operator[](size_t idx) const'
csrc,../repos/pytorch/torch/csrc/api/include/torch/nn/modules/container/parameterlist.h,"(150, 14)-(150, 48)",b'& operator+=(const Container& other)'
csrc,../repos/pytorch/torch/csrc/api/include/torch/nn/modules/container/modulelist.h,"(200, 27)-(200, 57)",b'std::shared_ptr<Module> operator[](size_t ind...'
csrc,../repos/pytorch/torch/csrc/api/include/torch/nn/modules/container/any_value.h,"(30, 13)-(30, 34)",b'& operator=(AnyValue&&)'
csrc,../repos/pytorch/torch/csrc/api/include/torch/nn/modules/container/any_value.h,"(34, 13)-(34, 45)",b'& operator=(const AnyValue& other)'
csrc,../repos/pytorch/torch/csrc/api/include/torch/nn/modules/container/parameterdict.h,"(133, 11)-(133, 45)",b'& operator[](const std::string& key)'
csrc,../repos/pytorch/torch/csrc/api/include/torch/nn/modules/container/parameterdict.h,"(140, 17)-(140, 57)",b'& operator[](const std::string& key) const'
csrc,../repos/pytorch/torch/csrc/api/include/torch/nn/modules/container/any.h,"(131, 14)-(131, 36)",b'& operator=(AnyModule&&)'
csrc,../repos/pytorch/torch/csrc/api/include/torch/nn/modules/container/any.h,"(135, 14)-(135, 47)",b'& operator=(const AnyModule& other)'
csrc,../repos/pytorch/torch/csrc/api/include/torch/nn/modules/container/any.h,"(144, 14)-(144, 59)",b'& operator=(std::shared_ptr<ModuleType> module)'
csrc,../repos/pytorch/torch/csrc/api/include/torch/nn/pimpl.h,"(81, 14)-(81, 26)",b'* operator->()'
csrc,../repos/pytorch/torch/csrc/api/include/torch/nn/pimpl.h,"(86, 20)-(86, 38)",b'* operator->() const'
csrc,../repos/pytorch/torch/csrc/api/include/torch/nn/pimpl.h,"(91, 14)-(91, 25)",b'& operator*()'
csrc,../repos/pytorch/torch/csrc/api/include/torch/nn/pimpl.h,"(96, 20)-(96, 37)",b'& operator*() const'
csrc,../repos/pytorch/torch/csrc/api/include/torch/nn/pimpl.h,"(120, 8)-(121, 69)",b'auto operator()(Args&&... args)\n      -> torc...'
csrc,../repos/pytorch/torch/csrc/api/include/torch/nn/pimpl.h,"(133, 18)-(133, 39)",b'decltype(auto) operator[](Arg&& arg) {\n    re...'
csrc,../repos/pytorch/torch/csrc/api/include/torch/nn/pimpl.h,"(169, 15)-(171, 48)","b'& operator<<(\n    std::ostream& stream,\n    c...'"
csrc,../repos/pytorch/torch/csrc/api/include/torch/nn/pimpl.h,"(177, 27)-(179, 48)",b'& operator<<(\n    serialize::OutputArchive& a...'
csrc,../repos/pytorch/torch/csrc/api/include/torch/nn/pimpl.h,"(185, 26)-(187, 42)",b'& operator>>(\n    serialize::InputArchive& ar...'
csrc,../repos/pytorch/torch/csrc/api/include/torch/serialize/output-archive.h,"(33, 18)-(33, 44)",b'& operator=(OutputArchive&&)'
csrc,../repos/pytorch/torch/csrc/api/include/torch/serialize/output-archive.h,"(37, 18)-(37, 43)",b'& operator=(OutputArchive&)'
csrc,../repos/pytorch/torch/csrc/api/include/torch/serialize/output-archive.h,"(73, 8)-(73, 30)",b'void operator()(Ts&&... ts) {\n    write(std::...'
csrc,../repos/pytorch/torch/csrc/api/include/torch/serialize/input-archive.h,"(38, 17)-(38, 42)",b'& operator=(InputArchive&&)'
csrc,../repos/pytorch/torch/csrc/api/include/torch/serialize/input-archive.h,"(42, 17)-(42, 41)",b'& operator=(InputArchive&)'
csrc,../repos/pytorch/torch/csrc/api/include/torch/serialize/input-archive.h,"(108, 8)-(108, 30)",b'void operator()(Ts&&... ts) {\n    read(std::f...'
csrc,../repos/pytorch/torch/csrc/api/include/torch/serialize/tensor.h,"(7, 34)-(9, 26)",b'& operator<<(\n    serialize::OutputArchive& a...'
csrc,../repos/pytorch/torch/csrc/api/include/torch/serialize/tensor.h,"(14, 33)-(16, 20)",b'& operator>>(\n    serialize::InputArchive& ar...'
csrc,../repos/pytorch/torch/csrc/api/include/torch/data/samplers/serialize.h,"(11, 27)-(13, 42)",b'& operator<<(\n    serialize::OutputArchive& a...'
csrc,../repos/pytorch/torch/csrc/api/include/torch/data/samplers/serialize.h,"(20, 26)-(22, 36)",b'& operator>>(\n    serialize::InputArchive& ar...'
csrc,../repos/pytorch/torch/csrc/api/include/torch/data/datasets/stateful.h,"(52, 27)-(54, 53)",b'& operator<<(\n    serialize::OutputArchive& a...'
csrc,../repos/pytorch/torch/csrc/api/include/torch/data/datasets/stateful.h,"(61, 26)-(63, 47)",b'& operator>>(\n    serialize::InputArchive& ar...'
csrc,../repos/pytorch/torch/csrc/api/include/torch/data/datasets/shared.h,"(46, 22)-(46, 33)",b'& operator*()'
csrc,../repos/pytorch/torch/csrc/api/include/torch/data/datasets/shared.h,"(51, 28)-(51, 45)",b'& operator*() const'
csrc,../repos/pytorch/torch/csrc/api/include/torch/data/datasets/shared.h,"(56, 22)-(56, 34)",b'* operator->()'
csrc,../repos/pytorch/torch/csrc/api/include/torch/data/datasets/shared.h,"(61, 28)-(61, 46)",b'* operator->() const'
csrc,../repos/pytorch/torch/csrc/api/include/torch/data/iterator.h,"(37, 16)-(37, 59)",b'virtual bool operator==(const IteratorImpl& o...'
csrc,../repos/pytorch/torch/csrc/api/include/torch/data/iterator.h,"(38, 16)-(38, 67)",b'virtual bool operator==(const ValidIterator<B...'
csrc,../repos/pytorch/torch/csrc/api/include/torch/data/iterator.h,"(39, 16)-(39, 70)",b'virtual bool operator==(const SentinelIterato...'
csrc,../repos/pytorch/torch/csrc/api/include/torch/data/iterator.h,"(72, 8)-(72, 67)",b'bool operator==(const IteratorImpl<Batch>& ot...'
csrc,../repos/pytorch/torch/csrc/api/include/torch/data/iterator.h,"(78, 8)-(78, 78)",b'bool operator==(const SentinelIterator<Batch>...'
csrc,../repos/pytorch/torch/csrc/api/include/torch/data/iterator.h,"(84, 8)-(84, 68)",b'bool operator==(const ValidIterator<Batch>& o...'
csrc,../repos/pytorch/torch/csrc/api/include/torch/data/iterator.h,"(114, 8)-(114, 67)",b'bool operator==(const IteratorImpl<Batch>& ot...'
csrc,../repos/pytorch/torch/csrc/api/include/torch/data/iterator.h,"(120, 8)-(120, 68)",b'bool operator==(const ValidIterator<Batch>& o...'
csrc,../repos/pytorch/torch/csrc/api/include/torch/data/iterator.h,"(125, 8)-(125, 71)",b'bool operator==(const SentinelIterator<Batch>...'
csrc,../repos/pytorch/torch/csrc/api/include/torch/data/iterator.h,"(146, 13)-(146, 25)",b'& operator++()'
csrc,../repos/pytorch/torch/csrc/api/include/torch/data/iterator.h,"(153, 10)-(153, 21)",b'& operator*()'
csrc,../repos/pytorch/torch/csrc/api/include/torch/data/iterator.h,"(159, 10)-(159, 22)",b'* operator->()'
csrc,../repos/pytorch/torch/csrc/api/include/torch/data/iterator.h,"(164, 8)-(164, 47)",b'bool operator==(const Iterator& other) const ...'
csrc,../repos/pytorch/torch/csrc/api/include/torch/data/iterator.h,"(169, 8)-(169, 47)",b'bool operator!=(const Iterator& other) const ...'
csrc,../repos/pytorch/torch/csrc/api/include/torch/data/transforms/tensor.h,"(26, 18)-(26, 42)",b'virtual Tensor operator()(Tensor input) = 0;'
csrc,../repos/pytorch/torch/csrc/api/include/torch/data/transforms/tensor.h,"(46, 10)-(46, 43)",b'Tensor operator()(Tensor input) override {\n  ...'
csrc,../repos/pytorch/torch/csrc/api/include/torch/data/transforms/tensor.h,"(69, 17)-(69, 50)",b'torch::Tensor operator()(Tensor input) overri...'
csrc,../repos/pytorch/torch/csrc/api/include/torch/imethod.h,"(27, 12)-(27, 37)",b'& operator=(const IMethod&)'
csrc,../repos/pytorch/torch/csrc/api/include/torch/imethod.h,"(29, 12)-(29, 41)",b'& operator=(IMethod&&) noexcept'
csrc,../repos/pytorch/torch/csrc/api/include/torch/imethod.h,"(32, 23)-(34, 51)",b'operator()(\n      std::vector<c10::IValue> ar...'
csrc,../repos/pytorch/torch/csrc/api/include/torch/ordered_dict.h,"(33, 16)-(33, 51)",b'& operator=(const OrderedDict& other)'
csrc,../repos/pytorch/torch/csrc/api/include/torch/ordered_dict.h,"(40, 16)-(40, 55)",b'& operator=(OrderedDict&& other) noexcept'
csrc,../repos/pytorch/torch/csrc/api/include/torch/ordered_dict.h,"(71, 9)-(71, 33)",b'& operator[](size_t index)'
csrc,../repos/pytorch/torch/csrc/api/include/torch/ordered_dict.h,"(75, 15)-(75, 45)",b'& operator[](size_t index) const'
csrc,../repos/pytorch/torch/csrc/api/include/torch/ordered_dict.h,"(80, 10)-(80, 36)",b'& operator[](const Key& key)'
csrc,../repos/pytorch/torch/csrc/api/include/torch/ordered_dict.h,"(85, 16)-(85, 48)",b'& operator[](const Key& key) const'
csrc,../repos/pytorch/torch/csrc/api/include/torch/ordered_dict.h,"(176, 15)-(178, 34)","b'bool operator==(\n      const OrderedDict<K, V...'"
csrc,../repos/pytorch/torch/csrc/api/include/torch/ordered_dict.h,"(200, 10)-(200, 21)",b'& operator*()'
csrc,../repos/pytorch/torch/csrc/api/include/torch/ordered_dict.h,"(205, 16)-(205, 33)",b'& operator*() const'
csrc,../repos/pytorch/torch/csrc/api/include/torch/ordered_dict.h,"(210, 10)-(210, 22)",b'* operator->()'
csrc,../repos/pytorch/torch/csrc/api/include/torch/ordered_dict.h,"(215, 16)-(215, 34)",b'* operator->() const'
csrc,../repos/pytorch/torch/csrc/api/include/torch/ordered_dict.h,"(499, 6)-(501, 39)",b'bool operator==(\n    const torch::OrderedDict...'
csrc,../repos/pytorch/torch/csrc/autograd/VariableTypeUtils.h,"(137, 8)-(137, 39)",b'void operator()(const at::Tensor& x) {\n    ou...'
csrc,../repos/pytorch/torch/csrc/autograd/VariableTypeUtils.h,"(140, 8)-(140, 54)",b'void operator()(const c10::optional<at::Tenso...'
csrc,../repos/pytorch/torch/csrc/autograd/VariableTypeUtils.h,"(144, 8)-(144, 47)",b'void operator()(at::ArrayRef<at::Tensor> xs) ...'
csrc,../repos/pytorch/torch/csrc/autograd/VariableTypeUtils.h,"(372, 8)-(375, 32)",b'void operator()(\n      const c10::OperatorHan...'
csrc,../repos/pytorch/torch/csrc/autograd/functions/utils.h,"(43, 8)-(43, 44)",b'void operator()(const at::Tensor& tensor) {\n ...'
csrc,../repos/pytorch/torch/csrc/autograd/functions/utils.h,"(49, 8)-(49, 59)",b'void operator()(const c10::optional<at::Tenso...'
csrc,../repos/pytorch/torch/csrc/autograd/functions/init.cpp,"(23, 17)-(23, 43)",b'* operator()(PyObject* args)'
csrc,../repos/pytorch/torch/csrc/autograd/functions/init.cpp,"(40, 18)-(40, 44)",b'* operator()(PyObject* args)'
csrc,../repos/pytorch/torch/csrc/autograd/functions/init.cpp,"(50, 9)-(50, 35)",b'* operator()(PyObject* args)'
csrc,../repos/pytorch/torch/csrc/autograd/edge.h,"(26, 8)-(26, 52)",b'bool operator==(const Edge& other) const noex...'
csrc,../repos/pytorch/torch/csrc/autograd/edge.h,"(30, 8)-(30, 52)",b'bool operator!=(const Edge& other) const noex...'
csrc,../repos/pytorch/torch/csrc/autograd/edge.h,"(52, 15)-(52, 67)",b'return_type operator()(const argument_type& e...'
csrc,../repos/pytorch/torch/csrc/autograd/engine.h,"(90, 10)-(90, 60)","b'bool operator()(NodeTask const& t1, NodeTask ...'"
csrc,../repos/pytorch/torch/csrc/autograd/saved_variable.h,"(33, 18)-(33, 44)",b'& operator=(SavedVariable&&)'
csrc,../repos/pytorch/torch/csrc/autograd/input_buffer.h,"(23, 16)-(23, 46)",b'& operator=(InputBuffer&& other)'
csrc,../repos/pytorch/torch/csrc/autograd/input_buffer.h,"(36, 12)-(36, 34)",b'Variable operator[](size_t pos) {\n    return ...'
csrc,../repos/pytorch/torch/csrc/autograd/utils/lambda_post_hook.h,"(22, 17)-(24, 44)",b'variable_list operator()(\n      const variabl...'
csrc,../repos/pytorch/torch/csrc/autograd/profiler_kineto.cpp,"(211, 8)-(211, 65)",b'void operator()(const ExtraFields<EventType::...'
csrc,../repos/pytorch/torch/csrc/autograd/profiler_kineto.cpp,"(218, 8)-(218, 28)",b'void operator()(const T&) {}'
csrc,../repos/pytorch/torch/csrc/autograd/profiler_kineto.cpp,"(235, 8)-(235, 61)",b'void operator()(ExtraFields<EventType::TorchO...'
csrc,../repos/pytorch/torch/csrc/autograd/profiler_kineto.cpp,"(275, 8)-(275, 66)",b'void operator()(ExtraFields<EventType::Backen...'
csrc,../repos/pytorch/torch/csrc/autograd/profiler_kineto.cpp,"(281, 8)-(281, 67)",b'void operator()(const ExtraFields<EventType::...'
csrc,../repos/pytorch/torch/csrc/autograd/profiler_kineto.cpp,"(290, 8)-(290, 68)",b'void operator()(const ExtraFields<EventType::...'
csrc,../repos/pytorch/torch/csrc/autograd/profiler_kineto.cpp,"(299, 8)-(299, 28)",b'void operator()(const T&) {}'
csrc,../repos/pytorch/torch/csrc/autograd/profiler_python.cpp,"(58, 8)-(58, 51)",b'bool operator==(const CodeLocation& other) co...'
csrc,../repos/pytorch/torch/csrc/autograd/profiler_python.cpp,"(108, 10)-(108, 66)",b'size_t operator()(const torch::profiler::impl...'
csrc,../repos/pytorch/torch/csrc/autograd/profiler_python.cpp,"(268, 8)-(268, 50)",b'bool operator==(const Callsite<C>& other) con...'
csrc,../repos/pytorch/torch/csrc/autograd/profiler_python.cpp,"(524, 12)-(524, 46)",b'size_t operator()(const Callsite<C>& key) {\n ...'
csrc,../repos/pytorch/torch/csrc/autograd/profiler_python.cpp,"(648, 23)-(648, 59)",b'& operator=(const ThreadLocalResults&)'
csrc,../repos/pytorch/torch/csrc/autograd/profiler_python.cpp,"(649, 23)-(649, 60)",b'& operator=(const ThreadLocalResults&&)'
csrc,../repos/pytorch/torch/csrc/autograd/profiler_python.cpp,"(891, 8)-(891, 42)",b'bool operator>(const Exit& other) const {\n   ...'
csrc,../repos/pytorch/torch/csrc/autograd/profiler_python.cpp,"(929, 8)-(932, 25)",b'void operator()(\n      const TraceKeyCacheSta...'
csrc,../repos/pytorch/torch/csrc/autograd/profiler_python.cpp,"(1039, 8)-(1039, 59)",b'void operator()(ExtraFields<EventType::PyCall...'
csrc,../repos/pytorch/torch/csrc/autograd/profiler_python.cpp,"(1048, 8)-(1048, 60)",b'void operator()(ExtraFields<EventType::PyCCal...'
csrc,../repos/pytorch/torch/csrc/autograd/profiler_python.cpp,"(1053, 8)-(1053, 22)",b'void operator()(T&) {}'
csrc,../repos/pytorch/torch/csrc/autograd/python_engine.cpp,"(100, 5)-(100, 25)",b'operator delete(ptr)'
csrc,../repos/pytorch/torch/csrc/autograd/graph_task.h,"(65, 28)-(65, 62)",b'virtual at::Tensor operator()(const at::Tenso...'
csrc,../repos/pytorch/torch/csrc/autograd/function.h,"(141, 9)-(141, 37)",b'& operator=(const Node& other)'
csrc,../repos/pytorch/torch/csrc/autograd/function.h,"(150, 17)-(150, 51)",b'variable_list operator()(variable_list&& inpu...'
csrc,../repos/pytorch/torch/csrc/autograd/function.h,"(692, 8)-(692, 44)",b'void operator()(const Variable& variable) {\n ...'
csrc,../repos/pytorch/torch/csrc/autograd/function.h,"(699, 8)-(699, 44)",b'void operator()(const Variable* variable) {\n ...'
csrc,../repos/pytorch/torch/csrc/autograd/function.h,"(700, 5)-(700, 26)",b'operator()(*variable)'
csrc,../repos/pytorch/torch/csrc/autograd/function.h,"(702, 8)-(702, 59)",b'void operator()(const c10::optional<Variable>...'
csrc,../repos/pytorch/torch/csrc/autograd/function.h,"(704, 7)-(704, 28)",b'operator()(*variable)'
csrc,../repos/pytorch/torch/csrc/autograd/custom_function.h,"(108, 20)-(108, 59)",b'& operator=(const AutogradContext& other)'
csrc,../repos/pytorch/torch/csrc/autograd/custom_function.h,"(196, 8)-(196, 54)",b'void operator()(const c10::optional<at::Tenso...'
csrc,../repos/pytorch/torch/csrc/autograd/custom_function.h,"(205, 8)-(205, 39)",b'void operator()(const at::Tensor& x) {\n    is...'
csrc,../repos/pytorch/torch/csrc/autograd/custom_function.h,"(209, 8)-(209, 46)",b'void operator()(const at::TensorList& list) {...'
csrc,../repos/pytorch/torch/csrc/autograd/custom_function.h,"(216, 8)-(216, 30)",b'void operator()(const T& x) {\n    is_var_.pus...'
csrc,../repos/pytorch/torch/csrc/autograd/function_hook.h,"(22, 25)-(22, 63)",b'operator()(const variable_list& grads) = 0'
csrc,../repos/pytorch/torch/csrc/autograd/function_hook.h,"(33, 25)-(35, 54)",b'operator()(\n      const variable_list& output...'
csrc,../repos/pytorch/torch/csrc/autograd/function_hook.h,"(46, 16)-(46, 50)",b'operator()(const Variable& tensor) = 0'
csrc,../repos/pytorch/torch/csrc/autograd/python_hook.h,"(16, 17)-(16, 65)",b'variable_list operator()(const variable_list&...'
csrc,../repos/pytorch/torch/csrc/autograd/python_hook.h,"(25, 17)-(25, 65)",b'variable_list operator()(const variable_list&...'
csrc,../repos/pytorch/torch/csrc/autograd/python_hook.h,"(33, 17)-(35, 44)",b'variable_list operator()(\n      const variabl...'
csrc,../repos/pytorch/torch/csrc/autograd/python_hook.h,"(47, 8)-(47, 51)",b'void operator()(const Variable& tensor) override;'
csrc,../repos/pytorch/torch/csrc/autograd/profiler_legacy.cpp,"(611, 12)-(612, 67)",b'size_t operator()(\n        std::pair<at::Reco...'
csrc,../repos/pytorch/torch/csrc/autograd/cpp_hook.h,"(13, 17)-(13, 65)",b'variable_list operator()(const variable_list&...'
csrc,../repos/pytorch/torch/csrc/autograd/cpp_hook.h,"(23, 17)-(23, 65)",b'variable_list operator()(const variable_list&...'
csrc,../repos/pytorch/torch/csrc/Module.cpp,"(1953, 17)-(1953, 68)",b'std::size_t operator()(const _DeviceDtypeKey&...'
csrc,../repos/pytorch/torch/csrc/python_dimname.cpp,"(13, 25)-(13, 63)",b'& operator=(InternedStringsTable const&)'
csrc,../repos/pytorch/torch/csrc/python_dimname.cpp,"(15, 25)-(15, 58)",b'& operator=(InternedStringsTable&&)'
csrc,../repos/pytorch/torch/csrc/inductor/aoti_runtime/arrayref_tensor.h,"(135, 22)-(135, 52)",b'& operator[](size_t Index) const'
csrc,../repos/pytorch/torch/csrc/inductor/aoti_runtime/arrayref_tensor.h,"(145, 3)-(145, 27)",b'&\n  operator=(U&& Temporary)'
csrc,../repos/pytorch/torch/csrc/inductor/aoti_runtime/arrayref_tensor.h,"(153, 3)-(153, 38)",b'&\n  operator=(std::initializer_list<U>)'
csrc,../repos/pytorch/torch/csrc/inductor/aoti_runtime/model.h,"(96, 25)-(96, 69)",b'& operator=(const RAIIAtenTensorHandle& other)'
csrc,../repos/pytorch/torch/csrc/inductor/aoti_runtime/model.h,"(100, 25)-(100, 64)",b'& operator=(RAIIAtenTensorHandle&& other)'
csrc,../repos/pytorch/torch/csrc/inductor/aoti_runtime/model.h,"(271, 25)-(271, 58)",b'& operator=(AOTInductorModelBase&&)'
csrc,../repos/pytorch/torch/csrc/inductor/aoti_runtime/model.h,"(273, 25)-(273, 63)",b'& operator=(const AOTInductorModelBase&)'
csrc,../repos/pytorch/torch/csrc/inductor/aoti_runner/model_container_runner.h,"(20, 29)-(20, 77)",b'& operator=(const AOTIModelContainerRunner& other)'
csrc,../repos/pytorch/torch/csrc/jit/jit_log.cpp,"(28, 8)-(28, 42)",b'void operator=(JitLoggingConfig const&) = delete;'
csrc,../repos/pytorch/torch/csrc/jit/jit_log.cpp,"(170, 15)-(170, 68)","b'& operator<<(std::ostream& out, JitLoggingLev...'"
csrc,../repos/pytorch/torch/csrc/jit/frontend/source_ref.h,"(26, 8)-(26, 48)",b'bool operator==(const SourceRef& other) const...'
csrc,../repos/pytorch/torch/csrc/jit/frontend/source_ref.h,"(29, 8)-(29, 44)",b'bool operator<(const Source& other) const {\n ...'
csrc,../repos/pytorch/torch/csrc/jit/frontend/source_ref.h,"(32, 15)-(32, 68)","b'friend bool operator<(const Source& other, co...'"
csrc,../repos/pytorch/torch/csrc/jit/frontend/source_ref.h,"(35, 8)-(35, 47)",b'bool operator<(const SourceRef& other) const ...'
csrc,../repos/pytorch/torch/csrc/jit/frontend/source_ref.h,"(38, 17)-(38, 35)",b'* operator->() const'
csrc,../repos/pytorch/torch/csrc/jit/frontend/tree.h,"(210, 29)-(210, 74)","b'& operator<<(std::ostream& out, pretty_tree t_)'"
csrc,../repos/pytorch/torch/csrc/jit/frontend/tree.h,"(215, 29)-(215, 76)","b'& operator<<(std::ostream& out, const TreeRef& t)'"
csrc,../repos/pytorch/torch/csrc/jit/frontend/concrete_module_type.cpp,"(95, 6)-(97, 54)",b'bool operator==(\n    const ConcreteModuleType...'
csrc,../repos/pytorch/torch/csrc/jit/frontend/source_range.h,"(30, 19)-(30, 51)",b'& operator=(const StringCordView&)'
csrc,../repos/pytorch/torch/csrc/jit/frontend/source_range.h,"(31, 19)-(31, 55)",b'& operator=(StringCordView&&) noexcept'
csrc,../repos/pytorch/torch/csrc/jit/frontend/source_range.h,"(44, 8)-(44, 38)",b'char operator[](size_t index) const {\n    ret...'
csrc,../repos/pytorch/torch/csrc/jit/frontend/source_range.h,"(56, 8)-(56, 48)",b'bool operator==(const std::string& rhs) const;'
csrc,../repos/pytorch/torch/csrc/jit/frontend/source_range.h,"(58, 8)-(58, 51)",b'bool operator==(const StringCordView& rhs) const;'
csrc,../repos/pytorch/torch/csrc/jit/frontend/source_range.h,"(78, 15)-(78, 41)",b'& operator=(const Iterator&)'
csrc,../repos/pytorch/torch/csrc/jit/frontend/source_range.h,"(79, 15)-(79, 36)",b'& operator=(Iterator&&)'
csrc,../repos/pytorch/torch/csrc/jit/frontend/source_range.h,"(81, 14)-(81, 26)",b'Iterator operator++() {\n      if (size_ == 0)...'
csrc,../repos/pytorch/torch/csrc/jit/frontend/source_range.h,"(94, 14)-(94, 29)",b'Iterator operator++(int) {\n      Iterator pre...'
csrc,../repos/pytorch/torch/csrc/jit/frontend/source_range.h,"(106, 15)-(106, 37)",b'& operator+=(size_t num)'
csrc,../repos/pytorch/torch/csrc/jit/frontend/source_range.h,"(123, 10)-(123, 47)",b'bool operator==(const Iterator& rhs) const {\n...'
csrc,../repos/pytorch/torch/csrc/jit/frontend/source_range.h,"(129, 10)-(129, 41)",b'bool operator!=(const Iterator& rhs) {\n      ...'
csrc,../repos/pytorch/torch/csrc/jit/frontend/source_range.h,"(136, 10)-(136, 27)",b'char operator*() const {\n      TORCH_INTERNAL...'
csrc,../repos/pytorch/torch/csrc/jit/frontend/source_range.h,"(375, 8)-(375, 48)",b'bool operator==(const SourceRange& rhs) const...'
csrc,../repos/pytorch/torch/csrc/jit/frontend/source_range.h,"(380, 8)-(380, 48)",b'bool operator!=(const SourceRange& rhs) const...'
csrc,../repos/pytorch/torch/csrc/jit/frontend/source_range.h,"(429, 22)-(429, 77)","b'& operator<<(std::ostream& out, const SourceR...'"
csrc,../repos/pytorch/torch/csrc/jit/frontend/error_report.h,"(39, 29)-(39, 73)","b'& operator<<(const ErrorReport& e, const T& t)'"
csrc,../repos/pytorch/torch/csrc/jit/frontend/error_report.h,"(48, 20)-(48, 64)","b'& operator<<(const ErrorReport& e, const T& t)'"
csrc,../repos/pytorch/torch/csrc/jit/frontend/tree_views.h,"(135, 8)-(135, 49)",b'bool operator!=(const ListIterator& rhs) cons...'
csrc,../repos/pytorch/torch/csrc/jit/frontend/tree_views.h,"(138, 8)-(138, 49)",b'bool operator==(const ListIterator& rhs) cons...'
csrc,../repos/pytorch/torch/csrc/jit/frontend/tree_views.h,"(141, 5)-(141, 22)",b'T operator*() const {\n    return T(*it);\n  }'
csrc,../repos/pytorch/torch/csrc/jit/frontend/tree_views.h,"(144, 17)-(144, 45)",b'& operator+=(std::ptrdiff_t n)'
csrc,../repos/pytorch/torch/csrc/jit/frontend/tree_views.h,"(148, 17)-(148, 29)",b'& operator++()'
csrc,../repos/pytorch/torch/csrc/jit/frontend/tree_views.h,"(152, 17)-(152, 29)",b'& operator--()'
csrc,../repos/pytorch/torch/csrc/jit/frontend/tree_views.h,"(182, 5)-(182, 31)",b'T operator[](size_t i) const {\n    return T(s...'
csrc,../repos/pytorch/torch/csrc/jit/frontend/concrete_module_type.h,"(107, 17)-(109, 38)",b'bool operator==(\n        const FunctionAttrib...'
csrc,../repos/pytorch/torch/csrc/jit/frontend/concrete_module_type.h,"(121, 17)-(121, 71)","b'bool operator==(const Attribute& lhs, const A...'"
csrc,../repos/pytorch/torch/csrc/jit/frontend/concrete_module_type.h,"(133, 17)-(133, 73)","b'bool operator==(const ModuleInfo& lhs, const ...'"
csrc,../repos/pytorch/torch/csrc/jit/frontend/tracer.h,"(81, 12)-(81, 49)",b'size_t operator()(const WeakIValue& t) const ...'
csrc,../repos/pytorch/torch/csrc/jit/frontend/tracer.h,"(87, 10)-(87, 70)","b'bool operator()(const WeakIValue& t1, const W...'"
csrc,../repos/pytorch/torch/csrc/jit/frontend/sugared_value.cpp,"(64, 15)-(64, 36)",b'std::size_t operator()(T t) const {\n    retur...'
csrc,../repos/pytorch/torch/csrc/jit/runtime/argument_spec.h,"(129, 8)-(129, 50)",b'bool operator==(const ArgumentSpec& spec) con...'
csrc,../repos/pytorch/torch/csrc/jit/runtime/argument_spec.h,"(144, 8)-(144, 50)",b'bool operator!=(const ArgumentSpec& spec) con...'
csrc,../repos/pytorch/torch/csrc/jit/runtime/argument_spec.h,"(307, 8)-(307, 58)",b'bool operator==(const CompleteArgumentSpec& s...'
csrc,../repos/pytorch/torch/csrc/jit/runtime/argument_spec.h,"(310, 8)-(310, 58)",b'bool operator!=(const CompleteArgumentSpec& s...'
csrc,../repos/pytorch/torch/csrc/jit/runtime/argument_spec.h,"(407, 22)-(407, 77)","b'& operator<<(std::ostream& out, const Argumen...'"
csrc,../repos/pytorch/torch/csrc/jit/runtime/argument_spec.h,"(417, 22)-(417, 77)","b'& operator<<(std::ostream& out, const Argumen...'"
csrc,../repos/pytorch/torch/csrc/jit/runtime/argument_spec.h,"(434, 22)-(436, 38)","b'& operator<<(\n    std::ostream& out,\n    cons...'"
csrc,../repos/pytorch/torch/csrc/jit/runtime/argument_spec.h,"(446, 22)-(448, 38)","b'& operator<<(\n    std::ostream& out,\n    cons...'"
csrc,../repos/pytorch/torch/csrc/jit/runtime/argument_spec.h,"(475, 10)-(475, 58)",b'size_t operator()(const c10::VaryingShape<T>&...'
csrc,../repos/pytorch/torch/csrc/jit/runtime/argument_spec.h,"(484, 10)-(484, 54)",b'size_t operator()(const c10::TensorType& ptt)...'
csrc,../repos/pytorch/torch/csrc/jit/runtime/argument_spec.h,"(499, 10)-(499, 64)",b'size_t operator()(const torch::jit::ArgumentS...'
csrc,../repos/pytorch/torch/csrc/jit/runtime/argument_spec.h,"(505, 10)-(505, 72)",b'size_t operator()(const torch::jit::CompleteA...'
csrc,../repos/pytorch/torch/csrc/jit/runtime/interpreter/code_impl.h,"(21, 15)-(21, 62)","b'& operator<<(std::ostream& out, Instruction inst)'"
csrc,../repos/pytorch/torch/csrc/jit/runtime/exception_message.h,"(12, 24)-(14, 35)","b'& operator<<(\n      std::ostream& out,\n      ...'"
csrc,../repos/pytorch/torch/csrc/jit/runtime/exception_message.h,"(17, 22)-(19, 33)","b'& operator<<(\n    std::ostream& out,\n    cons...'"
csrc,../repos/pytorch/torch/csrc/jit/runtime/static/static_method.h,"(18, 15)-(20, 60)",b'c10::IValue operator()(\n      std::vector<IVa...'
csrc,../repos/pytorch/torch/csrc/jit/runtime/static/processed_node_wrapper.h,"(28, 35)-(28, 47)",b'& operator++()'
csrc,../repos/pytorch/torch/csrc/jit/runtime/static/processed_node_wrapper.h,"(34, 34)-(34, 49)",b'ProcessedNodeWrapperBaseIter operator++(int) ...'
csrc,../repos/pytorch/torch/csrc/jit/runtime/static/processed_node_wrapper.h,"(40, 15)-(40, 32)",b'reference operator*() const {\n      TORCH_CHE...'
csrc,../repos/pytorch/torch/csrc/jit/runtime/static/processed_node_wrapper.h,"(45, 13)-(45, 31)",b'pointer operator->() const {\n      TORCH_CHEC...'
csrc,../repos/pytorch/torch/csrc/jit/runtime/static/processed_node_wrapper.h,"(50, 17)-(52, 42)",b'bool operator==(\n        ProcessedNodeWrapper...'
csrc,../repos/pytorch/torch/csrc/jit/runtime/static/processed_node_wrapper.h,"(57, 17)-(59, 42)",b'bool operator!=(\n        ProcessedNodeWrapper...'
csrc,../repos/pytorch/torch/csrc/jit/runtime/static/processed_node_wrapper.h,"(154, 21)-(154, 49)",b'& operator[](size_t idx) const'
csrc,../repos/pytorch/torch/csrc/jit/runtime/static/processed_node_wrapper.h,"(191, 15)-(191, 43)",b'& operator[](size_t idx) const'
csrc,../repos/pytorch/torch/csrc/jit/runtime/static/native_ops.cpp,"(1069, 8)-(1069, 20)",b'void operator()() {\n    try {\n      StaticRun...'
csrc,../repos/pytorch/torch/csrc/jit/runtime/static/memory_planner.h,"(60, 20)-(60, 42)",b'& operator[](size_t idx)'
csrc,../repos/pytorch/torch/csrc/jit/runtime/static/memory_planner.h,"(65, 26)-(65, 54)",b'& operator[](size_t idx) const'
csrc,../repos/pytorch/torch/csrc/jit/runtime/static/memory_planner.h,"(154, 18)-(154, 49)",b'& operator=(const MemoryPlanner&)'
csrc,../repos/pytorch/torch/csrc/jit/runtime/static/memory_planner.h,"(156, 18)-(156, 44)",b'& operator=(MemoryPlanner&&)'
csrc,../repos/pytorch/torch/csrc/jit/runtime/static/impl.cpp,"(1593, 7)-(1593, 80)","b'operator()(args_list[j], is_kwargs_empty ? em...'"
csrc,../repos/pytorch/torch/csrc/jit/runtime/static/impl.cpp,"(1604, 7)-(1604, 80)","b'operator()(args_list[j], is_kwargs_empty ? em...'"
csrc,../repos/pytorch/torch/csrc/jit/runtime/static/impl.cpp,"(1746, 3)-(1746, 76)","b'operator()(args_list[0], is_kwargs_empty ? em...'"
csrc,../repos/pytorch/torch/csrc/jit/runtime/static/impl.cpp,"(1757, 7)-(1757, 80)","b'operator()(args_list[j], is_kwargs_empty ? em...'"
csrc,../repos/pytorch/torch/csrc/jit/runtime/static/impl.h,"(391, 15)-(393, 49)",b'StaticModule(\n      const torch::jit::Module&...'
csrc,../repos/pytorch/torch/csrc/jit/runtime/static/impl.h,"(394, 15)-(396, 49)",b'StaticModule(\n      const torch::jit::Module&...'
csrc,../repos/pytorch/torch/csrc/jit/runtime/static/impl.h,"(553, 16)-(553, 40)",b'& operator=(BlockRunner&&)'
csrc,../repos/pytorch/torch/csrc/jit/runtime/static/impl.h,"(559, 15)-(561, 49)",b'c10::IValue operator()(\n      const std::vect...'
csrc,../repos/pytorch/torch/csrc/jit/runtime/static/impl.h,"(562, 15)-(564, 49)",b'c10::IValue operator()(\n      std::vector<c10...'
csrc,../repos/pytorch/torch/csrc/jit/runtime/static/impl.h,"(679, 18)-(679, 47)",b'& operator=(const Deallocator&)'
csrc,../repos/pytorch/torch/csrc/jit/runtime/static/impl.h,"(680, 18)-(680, 42)",b'& operator=(Deallocator&&)'
csrc,../repos/pytorch/torch/csrc/jit/runtime/static/impl.h,"(874, 26)-(874, 65)",b'& operator=(const ProcessedNodeMetadata&)'
csrc,../repos/pytorch/torch/csrc/jit/runtime/static/impl.h,"(917, 18)-(917, 55)",b'& operator=(const ProcessedNode& other)'
csrc,../repos/pytorch/torch/csrc/jit/runtime/static/impl.h,"(918, 18)-(918, 44)",b'& operator=(ProcessedNode&&)'
csrc,../repos/pytorch/torch/csrc/jit/runtime/static/impl.h,"(1051, 15)-(1053, 49)",b'c10::IValue operator()(\n      const std::vect...'
csrc,../repos/pytorch/torch/csrc/jit/runtime/static/impl.h,"(1054, 15)-(1056, 49)",b'c10::IValue operator()(\n      std::vector<c10...'
csrc,../repos/pytorch/torch/csrc/jit/runtime/static/ProcessedNodeInputs.h,"(33, 12)-(33, 42)",b'uint16_t operator[](uint16_t idx) const {\n   ...'
csrc,../repos/pytorch/torch/csrc/jit/runtime/static/ProcessedNodeInputs.h,"(37, 13)-(37, 37)",b'& operator[](uint16_t idx)'
csrc,../repos/pytorch/torch/csrc/jit/runtime/static/ProcessedNodeInputs.h,"(75, 19)-(75, 53)",b'& operator=(const HeapArrayPtr& rhs)'
csrc,../repos/pytorch/torch/csrc/jit/runtime/static/ProcessedNodeInputs.h,"(94, 19)-(94, 53)",b'& operator=(HeapArrayPtr&&) noexcept'
csrc,../repos/pytorch/torch/csrc/jit/runtime/static/ProcessedNodeInputs.h,"(104, 14)-(104, 44)",b'uint16_t operator[](uint16_t idx) const {\n   ...'
csrc,../repos/pytorch/torch/csrc/jit/runtime/static/ProcessedNodeInputs.h,"(109, 15)-(109, 39)",b'& operator[](uint16_t idx)'
csrc,../repos/pytorch/torch/csrc/jit/runtime/static/ProcessedNodeInputs.h,"(170, 11)-(170, 37)",b'& operator=(const Repr& rhs)'
csrc,../repos/pytorch/torch/csrc/jit/runtime/static/ProcessedNodeInputs.h,"(196, 11)-(196, 41)",b'& operator=(Repr&& rhs) noexcept'
csrc,../repos/pytorch/torch/csrc/jit/runtime/instruction.cpp,"(7, 22)-(7, 62)","b'& operator<<(std::ostream& out, OpCode op)'"
csrc,../repos/pytorch/torch/csrc/jit/runtime/instruction.cpp,"(45, 15)-(45, 62)","b'& operator<<(std::ostream& out, Instruction inst)'"
csrc,../repos/pytorch/torch/csrc/jit/runtime/script_profile.h,"(30, 20)-(30, 48)",b'& operator=(InstructionSpan&&)'
csrc,../repos/pytorch/torch/csrc/jit/runtime/graph_executor.cpp,"(426, 8)-(426, 38)",b'void operator()(Stack& stack) const {\n    aut...'
csrc,../repos/pytorch/torch/csrc/jit/runtime/instruction.h,"(93, 15)-(93, 62)","b'& operator<<(std::ostream& out, Instruction inst)'"
csrc,../repos/pytorch/torch/csrc/jit/runtime/instruction.h,"(98, 15)-(98, 62)","b'& operator<<(std::ostream& out, Instruction inst)'"
csrc,../repos/pytorch/torch/csrc/jit/runtime/interpreter.h,"(76, 24)-(76, 71)","b'& operator<<(std::ostream& out, const Code& code)'"
csrc,../repos/pytorch/torch/csrc/jit/runtime/interpreter.h,"(138, 8)-(138, 20)",b'void operator()();'
csrc,../repos/pytorch/torch/csrc/jit/runtime/interpreter.cpp,"(466, 22)-(466, 67)",b'void operator()(c10::ivalue::Future& /* unuse...'
csrc,../repos/pytorch/torch/csrc/jit/runtime/interpreter.cpp,"(1087, 15)-(1087, 62)","b'& operator<<(std::ostream& out, const Code& code)'"
csrc,../repos/pytorch/torch/csrc/jit/codegen/onednn/LlgaTensorImpl.h,"(25, 8)-(25, 32)",b'void operator=(const Engine&) = delete;'
csrc,../repos/pytorch/torch/csrc/jit/codegen/onednn/LlgaTensorImpl.h,"(35, 8)-(35, 32)",b'void operator=(const Stream&) = delete;'
csrc,../repos/pytorch/torch/csrc/jit/codegen/onednn/LlgaTensorImpl.h,"(186, 8)-(186, 52)",b'bool operator==(const LlgaTensorDesc& desc) c...'
csrc,../repos/pytorch/torch/csrc/jit/codegen/onednn/LlgaTensorImpl.h,"(193, 8)-(193, 52)",b'bool operator!=(const LlgaTensorDesc& desc) c...'
csrc,../repos/pytorch/torch/csrc/jit/codegen/fuser/tensor_desc.h,"(79, 8)-(79, 48)",b'bool operator==(const TensorDesc& desc) const...'
csrc,../repos/pytorch/torch/csrc/jit/codegen/fuser/tensor_desc.h,"(83, 8)-(83, 48)",b'bool operator!=(const TensorDesc& desc) const...'
csrc,../repos/pytorch/torch/csrc/jit/codegen/fuser/tensor_desc.h,"(98, 22)-(98, 72)","b'& operator<<(std::ostream& out, const TensorD...'"
csrc,../repos/pytorch/torch/csrc/jit/codegen/fuser/arg_spec.h,"(33, 8)-(33, 46)",b'bool operator==(const ArgSpec& other) const {...'
csrc,../repos/pytorch/torch/csrc/jit/codegen/fuser/arg_spec.h,"(37, 8)-(37, 45)",b'bool operator!=(const ArgSpec& spec) const {\n...'
csrc,../repos/pytorch/torch/csrc/jit/mobile/module.cpp,"(16, 15)-(16, 62)","b'& operator<<(std::ostream& out, Instruction inst)'"
csrc,../repos/pytorch/torch/csrc/jit/mobile/compatibility/backport_manager.h,"(43, 20)-(43, 53)",b'& operator=(BackportManager const&)'
csrc,../repos/pytorch/torch/csrc/jit/mobile/method.h,"(20, 15)-(20, 63)",b'c10::IValue operator()(std::vector<c10::IValu...'
csrc,../repos/pytorch/torch/csrc/jit/mobile/nnc/context.h,"(59, 19)-(59, 51)",b'& operator=(const ExecutionState&)'
csrc,../repos/pytorch/torch/csrc/jit/mobile/nnc/context.h,"(60, 19)-(60, 46)",b'& operator=(ExecutionState&&)'
csrc,../repos/pytorch/torch/csrc/jit/mobile/nnc/context.h,"(201, 20)-(201, 53)",b'& operator=(const CompilationUnit&)'
csrc,../repos/pytorch/torch/csrc/jit/mobile/nnc/context.h,"(202, 20)-(202, 48)",b'& operator=(CompilationUnit&&)'
csrc,../repos/pytorch/torch/csrc/jit/mobile/function.h,"(26, 14)-(26, 38)",b'at::IValue operator()(Stack& stack);'
csrc,../repos/pytorch/torch/csrc/jit/mobile/train/optim/sgd.h,"(24, 15)-(24, 77)","b'bool operator==(const SGDParamState& lhs, con...'"
csrc,../repos/pytorch/torch/csrc/jit/mobile/train/optim/sgd.h,"(39, 25)-(41, 29)",b'TORCH_API friend bool operator==(\n      const...'
csrc,../repos/pytorch/torch/csrc/jit/mobile/train/optim/sgd.h,"(54, 18)-(54, 61)",b'& operator=(const SGDParamGroup& param_group)'
csrc,../repos/pytorch/torch/csrc/jit/mobile/train/optim/sgd.cpp,"(42, 6)-(42, 62)","b'bool operator==(const SGDOptions& lhs, const ...'"
csrc,../repos/pytorch/torch/csrc/jit/mobile/train/optim/sgd.cpp,"(49, 6)-(49, 68)","b'bool operator==(const SGDParamState& lhs, con...'"
csrc,../repos/pytorch/torch/csrc/jit/mobile/interpreter.cpp,"(21, 15)-(21, 62)","b'& operator<<(std::ostream& out, Instruction inst)'"
csrc,../repos/pytorch/torch/csrc/jit/python/python_arg_flatten.h,"(23, 10)-(23, 53)",b'bool operator==(const VariableMetadata& o) co...'
csrc,../repos/pytorch/torch/csrc/jit/python/python_arg_flatten.h,"(38, 8)-(38, 47)",b'bool operator==(const IODescriptor& o) const ...'
csrc,../repos/pytorch/torch/csrc/jit/python/python_arg_flatten.h,"(66, 29)-(68, 48)","b'& operator<<(\n    std::ostream& out,\n    cons...'"
csrc,../repos/pytorch/torch/csrc/jit/python/python_arg_flatten.h,"(86, 29)-(88, 30)","b'& operator<<(\n    std::ostream& out,\n    cons...'"
csrc,../repos/pytorch/torch/csrc/jit/python/pybind_utils.h,"(118, 24)-(118, 61)",b'& operator=(const PythonFutureWrapper&)'
csrc,../repos/pytorch/torch/csrc/jit/python/pybind_utils.h,"(279, 23)-(279, 59)",b'& operator=(const PythonAwaitWrapper&)'
csrc,../repos/pytorch/torch/csrc/jit/python/pybind_utils.h,"(823, 30)-(823, 60)",b'py::detail::tuple_accessor operator[](size_t ...'
csrc,../repos/pytorch/torch/csrc/jit/python/pybind.h,"(57, 7)-(57, 18)",b'* operator&()'
csrc,../repos/pytorch/torch/csrc/jit/ir/node_hashing.h,"(9, 10)-(9, 41)",b'size_t operator()(const Node* k) const;'
csrc,../repos/pytorch/torch/csrc/jit/ir/node_hashing.h,"(13, 8)-(13, 58)","b'bool operator()(const Node* lhs, const Node* ...'"
csrc,../repos/pytorch/torch/csrc/jit/ir/ir.cpp,"(103, 15)-(103, 73)","b'& operator<<(std::ostream& out, const std::ve...'"
csrc,../repos/pytorch/torch/csrc/jit/ir/ir.cpp,"(125, 22)-(127, 44)","b'& operator<<(\n    std::ostream& out,\n    cons...'"
csrc,../repos/pytorch/torch/csrc/jit/ir/ir.cpp,"(131, 22)-(133, 38)","b'& operator<<(\n    std::ostream& out,\n    cons...'"
csrc,../repos/pytorch/torch/csrc/jit/ir/ir.cpp,"(146, 22)-(148, 42)","b'& operator<<(\n    std::ostream& out,\n    cons...'"
csrc,../repos/pytorch/torch/csrc/jit/ir/ir.cpp,"(385, 15)-(385, 59)","b'& operator<<(std::ostream& out, const Node& n)'"
csrc,../repos/pytorch/torch/csrc/jit/ir/ir.cpp,"(418, 15)-(418, 60)","b'& operator<<(std::ostream& out, const Graph& g)'"
csrc,../repos/pytorch/torch/csrc/jit/ir/graph_node_list.h,"(65, 37)-(66, 51)",b'& operator=(\n      const generic_graph_node_l...'
csrc,../repos/pytorch/torch/csrc/jit/ir/graph_node_list.h,"(67, 37)-(68, 55)",b'& operator=(\n      generic_graph_node_list_it...'
csrc,../repos/pytorch/torch/csrc/jit/ir/graph_node_list.h,"(69, 6)-(69, 23)",b'* operator*() const'
csrc,../repos/pytorch/torch/csrc/jit/ir/graph_node_list.h,"(72, 6)-(72, 24)",b'* operator->() const'
csrc,../repos/pytorch/torch/csrc/jit/ir/graph_node_list.h,"(75, 37)-(75, 49)",b'& operator++()'
csrc,../repos/pytorch/torch/csrc/jit/ir/graph_node_list.h,"(80, 36)-(80, 51)",b'generic_graph_node_list_iterator operator++(i...'
csrc,../repos/pytorch/torch/csrc/jit/ir/graph_node_list.h,"(85, 37)-(85, 49)",b'& operator--()'
csrc,../repos/pytorch/torch/csrc/jit/ir/graph_node_list.h,"(90, 36)-(90, 51)",b'generic_graph_node_list_iterator operator--(i...'
csrc,../repos/pytorch/torch/csrc/jit/ir/graph_node_list.h,"(174, 20)-(176, 43)",b'static inline bool operator==(\n    generic_gr...'
csrc,../repos/pytorch/torch/csrc/jit/ir/graph_node_list.h,"(181, 20)-(183, 43)",b'static inline bool operator!=(\n    generic_gr...'
csrc,../repos/pytorch/torch/csrc/jit/ir/type_hashing.h,"(10, 10)-(10, 47)",b'size_t operator()(const TypePtr& type) const;'
csrc,../repos/pytorch/torch/csrc/jit/ir/type_hashing.h,"(11, 10)-(11, 57)",b'size_t operator()(const c10::ConstTypePtr& ty...'
csrc,../repos/pytorch/torch/csrc/jit/ir/type_hashing.h,"(15, 8)-(15, 60)","b'bool operator()(const TypePtr& a, const TypeP...'"
csrc,../repos/pytorch/torch/csrc/jit/ir/type_hashing.h,"(16, 8)-(16, 80)","b'bool operator()(const c10::ConstTypePtr& a, c...'"
csrc,../repos/pytorch/torch/csrc/jit/ir/scope.h,"(87, 8)-(87, 55)",b'bool operator==(const ModuleInstanceInfo& rhs...'
csrc,../repos/pytorch/torch/csrc/jit/ir/scope.h,"(196, 8)-(196, 53)",b'bool operator==(const InlinedCallStack& rhs) ...'
csrc,../repos/pytorch/torch/csrc/jit/ir/scope.h,"(206, 8)-(206, 53)",b'bool operator!=(const InlinedCallStack& rhs) ...'
csrc,../repos/pytorch/torch/csrc/jit/ir/ir.h,"(105, 25)-(105, 70)","b'& operator<<(std::ostream& out, const Graph& g)'"
csrc,../repos/pytorch/torch/csrc/jit/ir/ir.h,"(106, 25)-(106, 69)","b'& operator<<(std::ostream& out, const Node& n)'"
csrc,../repos/pytorch/torch/csrc/jit/ir/ir.h,"(119, 8)-(119, 32)",b'bool operator==(const Use& b) {\n    return us...'
csrc,../repos/pytorch/torch/csrc/jit/ir/ir.h,"(1442, 34)-(1442, 79)","b'& operator<<(std::ostream& out, const Graph& g)'"
csrc,../repos/pytorch/torch/csrc/jit/testing/file_check.cpp,"(59, 24)-(59, 69)","b'& operator<<(std::ostream& out, const Check& c)'"
csrc,../repos/pytorch/torch/csrc/jit/testing/file_check.cpp,"(62, 15)-(62, 60)","b'& operator<<(std::ostream& out, const Check& c)'"
csrc,../repos/pytorch/torch/csrc/jit/testing/file_check.cpp,"(244, 24)-(244, 78)","b'& operator<<(std::ostream& out, const FileChe...'"
csrc,../repos/pytorch/torch/csrc/jit/testing/file_check.cpp,"(548, 15)-(548, 69)","b'& operator<<(std::ostream& out, const FileChe...'"
csrc,../repos/pytorch/torch/csrc/jit/serialization/python_print.cpp,"(145, 25)-(145, 57)",b'& operator<<(const std::string& s)'
csrc,../repos/pytorch/torch/csrc/jit/serialization/python_print.cpp,"(160, 25)-(160, 66)",b'& operator<<(const TaggedStringStream& rhs)'
csrc,../repos/pytorch/torch/csrc/jit/serialization/python_print.cpp,"(173, 25)-(174, 56)",b'& operator<<(\n        const std::shared_ptr<T...'
csrc,../repos/pytorch/torch/csrc/jit/serialization/python_print.cpp,"(180, 25)-(180, 47)",b'& operator<<(const T& t)'
csrc,../repos/pytorch/torch/csrc/jit/serialization/flatbuffer_serializer.cpp,"(177, 12)-(177, 47)",b'size_t operator()(const IValue& val) const {\n...'
csrc,../repos/pytorch/torch/csrc/jit/serialization/flatbuffer_serializer.cpp,"(187, 10)-(187, 64)","b'bool operator()(const IValue& lhs, const IVal...'"
csrc,../repos/pytorch/torch/csrc/jit/serialization/python_print.h,"(21, 28)-(21, 58)",b'& operator[](size_t index) const'
csrc,../repos/pytorch/torch/csrc/jit/serialization/storage_context.h,"(14, 31)-(14, 76)",b'operator=(const SerializationStorageContext&)...'
csrc,../repos/pytorch/torch/csrc/jit/serialization/storage_context.h,"(43, 10)-(43, 76)","b'bool operator()(const c10::Storage& lhs, cons...'"
csrc,../repos/pytorch/torch/csrc/jit/serialization/storage_context.h,"(61, 33)-(62, 44)",b'operator=(\n      const DeserializationStorage...'
csrc,../repos/pytorch/torch/csrc/jit/api/object.h,"(27, 11)-(27, 35)",b'& operator=(const Object&)'
csrc,../repos/pytorch/torch/csrc/jit/api/object.h,"(29, 11)-(29, 39)",b'& operator=(Object&&) noexcept'
csrc,../repos/pytorch/torch/csrc/jit/api/method.h,"(31, 15)-(33, 54)",b'c10::IValue operator()(\n      std::vector<c10...'
csrc,../repos/pytorch/torch/csrc/jit/api/module.h,"(92, 11)-(92, 35)",b'& operator=(const Module&)'
csrc,../repos/pytorch/torch/csrc/jit/api/module.h,"(94, 11)-(94, 39)",b'& operator=(Module&&) noexcept'
csrc,../repos/pytorch/torch/csrc/jit/api/module.h,"(261, 10)-(261, 48)",b'IValue operator()(std::vector<IValue> inputs);'
csrc,../repos/pytorch/torch/csrc/jit/api/module.h,"(270, 15)-(270, 57)",b'inline bool operator==(const Module& y) const...'
csrc,../repos/pytorch/torch/csrc/jit/api/module.h,"(418, 14)-(418, 31)",b'value_type operator*() const {\n    return Pol...'
csrc,../repos/pytorch/torch/csrc/jit/api/module.h,"(421, 14)-(421, 32)",b'value_type operator->() const {\n    return **...'
csrc,../repos/pytorch/torch/csrc/jit/api/module.h,"(424, 23)-(424, 35)",b'& operator++()'
csrc,../repos/pytorch/torch/csrc/jit/api/module.h,"(428, 22)-(428, 37)",b'slot_iterator_impl operator++(int) {\n    // t...'
csrc,../repos/pytorch/torch/csrc/jit/api/module.h,"(517, 22)-(519, 43)",b'inline bool operator!=(\n      const slot_iter...'
csrc,../repos/pytorch/torch/csrc/jit/api/compilation_unit.h,"(53, 20)-(53, 48)",b'& operator=(CompilationUnit&&)'
csrc,../repos/pytorch/torch/csrc/jit/api/compilation_unit.h,"(55, 20)-(55, 53)",b'& operator=(const CompilationUnit&)'
csrc,../repos/pytorch/torch/csrc/jit/jit_log.h,"(82, 25)-(84, 42)","b'& operator<<(\n    std::ostream& out,\n    ::to...'"
csrc,../repos/pytorch/torch/csrc/jit/passes/symbolic_shape_cache.cpp,"(49, 10)-(49, 57)",b'size_t operator()(const ShapeCacheKey& cacheK...'
csrc,../repos/pytorch/torch/csrc/jit/passes/symbolic_shape_cache.cpp,"(204, 6)-(206, 41)",b'bool operator==(\n    const CanonicalizedSymbo...'
csrc,../repos/pytorch/torch/csrc/jit/passes/onnx/helper.h,"(71, 10)-(71, 55)",b'size_t operator()(const c10::ScalarType& type...'
csrc,../repos/pytorch/torch/csrc/jit/passes/onnx/remove_inplace_ops_for_onnx.cpp,"(83, 12)-(83, 60)","b'bool operator()(const Value* a, const Value* ...'"
csrc,../repos/pytorch/torch/csrc/jit/passes/utils/subgraph_utils.cpp,"(145, 8)-(145, 44)","b'bool operator()(Value* a, Value* b) const {\n ...'"
csrc,../repos/pytorch/torch/csrc/jit/passes/utils/subgraph_utils.cpp,"(154, 8)-(154, 42)","b'bool operator()(Node* a, Node* b) const {\n   ...'"
csrc,../repos/pytorch/torch/csrc/jit/passes/utils/memory_dag.h,"(39, 21)-(39, 55)",b'& operator=(const MemoryDAGBuilder&)'
csrc,../repos/pytorch/torch/csrc/jit/passes/utils/memory_dag.h,"(81, 14)-(81, 41)",b'& operator=(const MemoryDAG&)'
csrc,../repos/pytorch/torch/csrc/jit/passes/symbolic_shape_cache.h,"(29, 25)-(31, 43)",b'TORCH_API friend bool operator==(\n      const...'
csrc,../repos/pytorch/torch/csrc/jit/passes/lower_graph.cpp,"(15, 8)-(15, 43)",b'bool operator==(const Slot& other) const {\n  ...'
csrc,../repos/pytorch/torch/csrc/jit/passes/lower_graph.cpp,"(35, 17)-(35, 51)",b'std::size_t operator()(const Slot& slot) cons...'
csrc,../repos/pytorch/torch/csrc/jit/passes/symbolic_shape_analysis.cpp,"(105, 22)-(105, 71)","b'& operator<<(std::ostream& out, const ShapeAr...'"
csrc,../repos/pytorch/torch/csrc/jit/passes/symbolic_shape_analysis.cpp,"(151, 22)-(151, 76)","b'& operator<<(std::ostream& os, const ShapeArg...'"
csrc,../repos/pytorch/torch/csrc/jit/passes/symbolic_shape_analysis.cpp,"(178, 22)-(178, 73)","b'& operator<<(std::ostream& out, const SSArgum...'"
csrc,../repos/pytorch/torch/csrc/jit/passes/quantization/insert_observers.cpp,"(28, 17)-(28, 76)",b'inline size_t operator()(const c10::optional<...'
csrc,../repos/pytorch/torch/csrc/jit/passes/quantization/insert_observers.h,"(10, 17)-(10, 64)",b'inline size_t operator()(const torch::jit::Mo...'
csrc,../repos/pytorch/torch/csrc/jit/passes/quantization/quantization_type.h,"(12, 15)-(12, 56)","b'& operator<<(std::ostream& os, QuantType t)'"
csrc,../repos/pytorch/torch/csrc/jit/passes/quantization/quantization_type.cpp,"(6, 15)-(6, 56)","b'& operator<<(std::ostream& os, QuantType t)'"
csrc,../repos/pytorch/torch/csrc/jit/tensorexpr/cpp_codegen.h,"(80, 8)-(80, 35)",b'void operator()(const Ts&... ts) {\n    call(s...'
csrc,../repos/pytorch/torch/csrc/jit/tensorexpr/reduction.h,"(38, 14)-(42, 49)",b'ExprHandle operator()(\n      BufHandle result...'
csrc,../repos/pytorch/torch/csrc/jit/tensorexpr/reduction.h,"(44, 15)-(48, 46)",b'ReduceOpPtr operator()(\n      BufPtr result_b...'
csrc,../repos/pytorch/torch/csrc/jit/tensorexpr/reduction.h,"(50, 14)-(55, 49)",b'ExprHandle operator()(\n      BufHandle result...'
csrc,../repos/pytorch/torch/csrc/jit/tensorexpr/codegen.h,"(191, 12)-(191, 41)",b'& operator=(const CallArg& rhs)'
csrc,../repos/pytorch/torch/csrc/jit/tensorexpr/codegen.h,"(236, 24)-(236, 61)",b'& operator=(const RegisterCodeGenList&)'
csrc,../repos/pytorch/torch/csrc/jit/tensorexpr/types.cpp,"(59, 25)-(59, 77)","b'& operator<<(std::ostream& stream, const Dtyp...'"
csrc,../repos/pytorch/torch/csrc/jit/tensorexpr/bounds_overlap.h,"(35, 8)-(35, 44)",b'bool operator==(const Bound& other) const;'
csrc,../repos/pytorch/torch/csrc/jit/tensorexpr/bounds_overlap.h,"(36, 8)-(36, 44)",b'bool operator!=(const Bound& other) const;'
csrc,../repos/pytorch/torch/csrc/jit/tensorexpr/bounds_overlap.h,"(37, 8)-(37, 43)",b'bool operator<(const Bound& other) const;'
csrc,../repos/pytorch/torch/csrc/jit/tensorexpr/bounds_overlap.h,"(38, 8)-(38, 44)",b'bool operator<=(const Bound& other) const;'
csrc,../repos/pytorch/torch/csrc/jit/tensorexpr/bounds_overlap.h,"(39, 8)-(39, 43)",b'bool operator>(const Bound& other) const;'
csrc,../repos/pytorch/torch/csrc/jit/tensorexpr/bounds_overlap.h,"(40, 8)-(40, 44)",b'bool operator>=(const Bound& other) const;'
csrc,../repos/pytorch/torch/csrc/jit/tensorexpr/bounds_overlap.h,"(49, 10)-(49, 42)",b'size_t operator()(const Bound& b) const {\n   ...'
csrc,../repos/pytorch/torch/csrc/jit/tensorexpr/types.h,"(19, 25)-(19, 77)","b'& operator<<(std::ostream& stream, const Dtyp...'"
csrc,../repos/pytorch/torch/csrc/jit/tensorexpr/types.h,"(55, 8)-(55, 44)",b'bool operator==(const Dtype& other) const {\n ...'
csrc,../repos/pytorch/torch/csrc/jit/tensorexpr/types.h,"(58, 8)-(58, 44)",b'bool operator!=(const Dtype& other) const {\n ...'
csrc,../repos/pytorch/torch/csrc/jit/tensorexpr/ir_printer.h,"(106, 25)-(106, 70)","b'& operator<<(std::ostream& stream, const Expr&)'"
csrc,../repos/pytorch/torch/csrc/jit/tensorexpr/ir_printer.h,"(107, 25)-(107, 76)","b'& operator<<(std::ostream& stream, const Expr...'"
csrc,../repos/pytorch/torch/csrc/jit/tensorexpr/ir_printer.h,"(108, 25)-(108, 70)","b'& operator<<(std::ostream& stream, const Stmt&)'"
csrc,../repos/pytorch/torch/csrc/jit/tensorexpr/ir_printer.h,"(109, 25)-(109, 72)","b'& operator<<(std::ostream& stream, const Tensor&)'"
csrc,../repos/pytorch/torch/csrc/jit/tensorexpr/eval.h,"(160, 8)-(160, 35)",b'void operator()(const Ts&... ts) {\n    // NOL...'
csrc,../repos/pytorch/torch/csrc/jit/tensorexpr/eval.h,"(208, 8)-(208, 28)",b'void operator()(Ts... ts) {\n    call(ts...);\n  }'
csrc,../repos/pytorch/torch/csrc/jit/tensorexpr/eval.h,"(212, 8)-(212, 57)",b'void operator()(const std::vector<CallArg>& c...'
csrc,../repos/pytorch/torch/csrc/jit/tensorexpr/expr.h,"(136, 14)-(136, 54)",b'ExprHandle operator+(const ExprHandle& other)...'
csrc,../repos/pytorch/torch/csrc/jit/tensorexpr/expr.h,"(137, 14)-(137, 54)",b'ExprHandle operator-(const ExprHandle& other)...'
csrc,../repos/pytorch/torch/csrc/jit/tensorexpr/expr.h,"(138, 14)-(138, 54)",b'ExprHandle operator*(const ExprHandle& other)...'
csrc,../repos/pytorch/torch/csrc/jit/tensorexpr/expr.h,"(139, 14)-(139, 54)",b'ExprHandle operator/(const ExprHandle& other)...'
csrc,../repos/pytorch/torch/csrc/jit/tensorexpr/expr.h,"(140, 14)-(140, 54)",b'ExprHandle operator%(const ExprHandle& other)...'
csrc,../repos/pytorch/torch/csrc/jit/tensorexpr/expr.h,"(141, 14)-(141, 55)",b'ExprHandle operator==(const ExprHandle& other...'
csrc,../repos/pytorch/torch/csrc/jit/tensorexpr/expr.h,"(142, 14)-(142, 55)",b'ExprHandle operator!=(const ExprHandle& other...'
csrc,../repos/pytorch/torch/csrc/jit/tensorexpr/expr.h,"(143, 14)-(143, 54)",b'ExprHandle operator>(const ExprHandle& other)...'
csrc,../repos/pytorch/torch/csrc/jit/tensorexpr/expr.h,"(144, 14)-(144, 55)",b'ExprHandle operator>=(const ExprHandle& other...'
csrc,../repos/pytorch/torch/csrc/jit/tensorexpr/expr.h,"(145, 14)-(145, 54)",b'ExprHandle operator<(const ExprHandle& other)...'
csrc,../repos/pytorch/torch/csrc/jit/tensorexpr/expr.h,"(146, 14)-(146, 55)",b'ExprHandle operator<=(const ExprHandle& other...'
csrc,../repos/pytorch/torch/csrc/jit/tensorexpr/expr.h,"(147, 14)-(147, 54)",b'ExprHandle operator&(const ExprHandle& other)...'
csrc,../repos/pytorch/torch/csrc/jit/tensorexpr/expr.h,"(148, 14)-(148, 54)",b'ExprHandle operator|(const ExprHandle& other)...'
csrc,../repos/pytorch/torch/csrc/jit/tensorexpr/expr.h,"(149, 14)-(149, 55)",b'ExprHandle operator&&(const ExprHandle& other...'
csrc,../repos/pytorch/torch/csrc/jit/tensorexpr/expr.h,"(150, 14)-(150, 55)",b'ExprHandle operator||(const ExprHandle& other...'
csrc,../repos/pytorch/torch/csrc/jit/tensorexpr/expr.h,"(151, 14)-(151, 54)",b'ExprHandle operator^(const ExprHandle& other)...'
csrc,../repos/pytorch/torch/csrc/jit/tensorexpr/expr.h,"(152, 14)-(152, 55)",b'ExprHandle operator<<(const ExprHandle& other...'
csrc,../repos/pytorch/torch/csrc/jit/tensorexpr/expr.h,"(153, 14)-(153, 55)",b'ExprHandle operator>>(const ExprHandle& other...'
csrc,../repos/pytorch/torch/csrc/jit/tensorexpr/expr.h,"(377, 8)-(377, 48)",b'bool operator==(const BufHandle& other) const...'
csrc,../repos/pytorch/torch/csrc/jit/tensorexpr/expr.h,"(380, 8)-(380, 48)",b'bool operator!=(const BufHandle& other) const...'
csrc,../repos/pytorch/torch/csrc/jit/tensorexpr/expr.h,"(430, 8)-(430, 48)",b'bool operator==(const VarHandle& other) const...'
csrc,../repos/pytorch/torch/csrc/jit/tensorexpr/expr.h,"(433, 8)-(433, 48)",b'bool operator!=(const VarHandle& other) const...'
csrc,../repos/pytorch/torch/csrc/jit/tensorexpr/ir_printer.cpp,"(603, 15)-(603, 71)","b'& operator<<(std::ostream& stream, const Expr...'"
csrc,../repos/pytorch/torch/csrc/jit/tensorexpr/ir_printer.cpp,"(616, 15)-(616, 65)","b'& operator<<(std::ostream& stream, const Expr...'"
csrc,../repos/pytorch/torch/csrc/jit/tensorexpr/ir_printer.cpp,"(629, 15)-(629, 65)","b'& operator<<(std::ostream& stream, const Stmt...'"
csrc,../repos/pytorch/torch/csrc/jit/tensorexpr/ir_printer.cpp,"(642, 15)-(642, 64)","b'& operator<<(std::ostream& stream, const Tens...'"
csrc,../repos/pytorch/torch/csrc/jit/tensorexpr/hash_provider.h,"(18, 8)-(18, 57)",b'bool operator==(const SimplifierHashType& oth...'
csrc,../repos/pytorch/torch/csrc/jit/tensorexpr/hash_provider.h,"(19, 8)-(19, 57)",b'bool operator!=(const SimplifierHashType& oth...'
csrc,../repos/pytorch/torch/csrc/jit/tensorexpr/hash_provider.h,"(20, 8)-(20, 56)",b'bool operator<(const SimplifierHashType& othe...'
csrc,../repos/pytorch/torch/csrc/jit/tensorexpr/hash_provider.h,"(21, 8)-(21, 44)",b'bool operator==(const size_t other) const;'
csrc,../repos/pytorch/torch/csrc/jit/tensorexpr/hash_provider.h,"(22, 8)-(22, 44)",b'bool operator!=(const size_t other) const;'
csrc,../repos/pytorch/torch/csrc/jit/tensorexpr/hash_provider.h,"(34, 10)-(34, 79)",b'size_t operator()(const torch::jit::tensorexp...'
csrc,../repos/pytorch/torch/csrc/jit/tensorexpr/cuda_codegen.h,"(231, 8)-(231, 35)",b'void operator()(const Ts&... ts) {\n    call(s...'
csrc,../repos/pytorch/torch/csrc/jit/tensorexpr/kernel.h,"(18, 15)-(18, 67)",b'std::size_t operator()(const std::pair<size_t...'
csrc,../repos/pytorch/torch/csrc/jit/tensorexpr/cuda_codegen.cpp,"(46, 18)-(46, 49)",b'& operator=(const ScopedVarName&)'
csrc,../repos/pytorch/torch/csrc/jit/tensorexpr/cuda_codegen.cpp,"(845, 22)-(847, 39)","b'& operator<<(\n    std::ostream& out,\n    cons...'"
csrc,../repos/pytorch/torch/csrc/lazy/core/shape.cpp,"(29, 15)-(29, 64)","b'& operator<<(std::ostream& out, const Shape& ...'"
csrc,../repos/pytorch/torch/csrc/lazy/core/ops/arithmetic_ir_ops.cpp,"(17, 9)-(17, 58)","b'NodePtr operator+(const Value& node1, const V...'"
csrc,../repos/pytorch/torch/csrc/lazy/core/ops/arithmetic_ir_ops.cpp,"(24, 9)-(24, 58)","b'NodePtr operator-(const Value& node1, const V...'"
csrc,../repos/pytorch/torch/csrc/lazy/core/ops/arithmetic_ir_ops.cpp,"(31, 9)-(31, 58)","b'NodePtr operator*(const Value& node1, const V...'"
csrc,../repos/pytorch/torch/csrc/lazy/core/ops/arithmetic_ir_ops.cpp,"(38, 9)-(38, 58)","b'NodePtr operator/(const Value& node1, const V...'"
csrc,../repos/pytorch/torch/csrc/lazy/core/ops/arithmetic_ir_ops.h,"(8, 19)-(8, 68)",b'TORCH_API NodePtr operator+(const Value& node...'
csrc,../repos/pytorch/torch/csrc/lazy/core/ops/arithmetic_ir_ops.h,"(9, 19)-(9, 68)",b'TORCH_API NodePtr operator-(const Value& node...'
csrc,../repos/pytorch/torch/csrc/lazy/core/ops/arithmetic_ir_ops.h,"(10, 19)-(10, 68)",b'TORCH_API NodePtr operator*(const Value& node...'
csrc,../repos/pytorch/torch/csrc/lazy/core/ops/arithmetic_ir_ops.h,"(11, 19)-(11, 68)",b'TORCH_API NodePtr operator/(const Value& node...'
csrc,../repos/pytorch/torch/csrc/lazy/core/lazy_graph_executor.h,"(240, 14)-(240, 56)",b'size_t operator()(const at::Tensor& tensor) const;'
csrc,../repos/pytorch/torch/csrc/lazy/core/lazy_graph_executor.h,"(243, 12)-(244, 16)","b'bool operator()(const at::Tensor& tensor1, co...'"
csrc,../repos/pytorch/torch/csrc/lazy/core/cache.h,"(115, 12)-(115, 42)",b'size_t operator()(const K* key) const {\n     ...'
csrc,../repos/pytorch/torch/csrc/lazy/core/cache.h,"(123, 10)-(123, 52)","b'bool operator()(const K* k1, const K* k2) con...'"
csrc,../repos/pytorch/torch/csrc/lazy/core/shape.h,"(57, 8)-(57, 44)",b'bool operator==(const Shape& other) const;'
csrc,../repos/pytorch/torch/csrc/lazy/core/shape.h,"(70, 25)-(70, 74)","b'& operator<<(std::ostream& out, const Shape& ...'"
csrc,../repos/pytorch/torch/csrc/lazy/core/ir_metadata.h,"(20, 25)-(22, 47)","b'& operator<<(\n    std::ostream& stream,\n    c...'"
csrc,../repos/pytorch/torch/csrc/lazy/core/ir_metadata.cpp,"(25, 15)-(27, 47)","b'& operator<<(\n    std::ostream& stream,\n    c...'"
csrc,../repos/pytorch/torch/csrc/lazy/core/hash.h,"(53, 10)-(53, 47)",b'size_t operator()(const hash_t& value) const ...'
csrc,../repos/pytorch/torch/csrc/lazy/core/util.h,"(37, 12)-(37, 37)",b'& operator=(const Cleanup&)'
csrc,../repos/pytorch/torch/csrc/lazy/core/util.h,"(39, 12)-(39, 45)",b'& operator=(Cleanup&& ref) noexcept'
csrc,../repos/pytorch/torch/csrc/lazy/core/util.h,"(80, 12)-(80, 29)",b'& operator*() const'
csrc,../repos/pytorch/torch/csrc/lazy/core/internal_ops/ltc_ops.h,"(17, 17)-(17, 34)",b'& operator*() const'
csrc,../repos/pytorch/torch/csrc/lazy/core/ir.h,"(39, 8)-(39, 43)",b'bool operator==(const OpKind& rhs) const {\n  ...'
csrc,../repos/pytorch/torch/csrc/lazy/core/ir.h,"(42, 8)-(42, 43)",b'bool operator!=(const OpKind& rhs) const {\n  ...'
csrc,../repos/pytorch/torch/csrc/lazy/core/ir.h,"(45, 8)-(45, 42)",b'bool operator<(const OpKind& rhs) const {\n   ...'
csrc,../repos/pytorch/torch/csrc/lazy/core/ir.h,"(63, 22)-(63, 72)","b'& operator<<(std::ostream& stream, const OpKi...'"
csrc,../repos/pytorch/torch/csrc/lazy/core/ir.h,"(185, 22)-(185, 72)","b'& operator<<(std::ostream& stream, const Node...'"
csrc,../repos/pytorch/torch/csrc/lazy/core/ir.h,"(220, 12)-(220, 50)",b'size_t operator()(const Output& output) const;'
csrc,../repos/pytorch/torch/csrc/lazy/core/ir.h,"(230, 8)-(230, 43)",b'bool operator==(const Output& rhs) const {\n  ...'
csrc,../repos/pytorch/torch/csrc/lazy/core/ir.h,"(235, 8)-(235, 42)",b'bool operator==(const Value& rhs) const;'
csrc,../repos/pytorch/torch/csrc/lazy/core/ir.h,"(237, 8)-(237, 43)",b'bool operator!=(const Output& rhs) const {\n  ...'
csrc,../repos/pytorch/torch/csrc/lazy/core/ir.h,"(253, 22)-(253, 76)","b'& operator<<(std::ostream& stream, const Outp...'"
csrc,../repos/pytorch/torch/csrc/lazy/core/ir.h,"(284, 9)-(284, 27)",b'* operator->() const'
csrc,../repos/pytorch/torch/csrc/lazy/core/unique.h,"(36, 12)-(36, 29)",b'& operator*() const'
csrc,../repos/pytorch/torch/csrc/lazy/core/unique.h,"(39, 12)-(39, 30)",b'* operator->() const'
csrc,../repos/pytorch/torch/csrc/lazy/backend/backend_device.cpp,"(39, 15)-(39, 72)","b'& operator<<(std::ostream& os, const BackendD...'"
csrc,../repos/pytorch/torch/csrc/lazy/backend/backend_device.h,"(46, 8)-(46, 52)",b'bool operator==(const BackendDevice& other) c...'
csrc,../repos/pytorch/torch/csrc/lazy/backend/backend_device.h,"(49, 8)-(49, 52)",b'bool operator!=(const BackendDevice& other) c...'
csrc,../repos/pytorch/torch/csrc/lazy/backend/backend_device.h,"(52, 8)-(52, 49)",b'bool operator<(const BackendDevice& rhs) cons...'
csrc,../repos/pytorch/torch/csrc/lazy/backend/backend_device.h,"(66, 25)-(68, 33)","b'& operator<<(\n    std::ostream& os,\n    const...'"
csrc,../repos/pytorch/torch/csrc/dynamo/python_compiled_autograd.cpp,"(123, 14)-(123, 41)",b'& operator=(const CacheNode&)'
csrc,../repos/pytorch/torch/csrc/dynamo/python_compiled_autograd.cpp,"(124, 14)-(124, 36)",b'& operator=(CacheNode&&)'
csrc,../repos/pytorch/torch/csrc/dynamo/compiled_autograd.h,"(41, 8)-(41, 46)",b'bool operator<(const CacheKey& other) const {...'
csrc,../repos/pytorch/torch/csrc/dynamo/compiled_autograd.h,"(51, 8)-(51, 47)",b'bool operator==(const CacheKey& other) const ...'
csrc,../repos/pytorch/torch/csrc/dynamo/compiled_autograd.h,"(706, 10)-(706, 70)",b'size_t operator()(const torch::dynamo::autogr...'
