Repo name,File name,Location,Content
csrc,../repos/pytorch/torch/csrc/distributed/c10d/PyProcessGroup.hpp,"(15, 3)-(44, 4)",b'class PyWork : public Work {\n   public:\n    P...'
csrc,../repos/pytorch/torch/csrc/api/include/torch/ordered_dict.h,"(16, 3)-(16, 13)",b'class Item'
csrc,../repos/pytorch/torch/csrc/jit/runtime/static/processed_node_wrapper.h,"(13, 3)-(66, 4)",b'class ProcessedNodeWrapperBaseIter {\n   publi...'
csrc,../repos/pytorch/torch/csrc/jit/runtime/static/ProcessedNodeInputs.h,"(59, 3)-(130, 4)",b'class HeapArrayPtr {\n   public:\n    HeapArray...'
csrc,../repos/pytorch/torch/csrc/jit/ir/alias_analysis.h,"(177, 3)-(177, 19)",b'class WorkingSet'
