Repo name,File name,Location,Content
csrc,../repos/pytorch/torch/csrc/functorch/init.cpp,"(29, 1)-(29, 31)",b'using namespace at::functorch;'
csrc,../repos/pytorch/torch/csrc/distributed/rpc/request_callback.cpp,"(10, 1)-(10, 46)",b'using namespace torch::distributed::autograd;'
csrc,../repos/pytorch/torch/csrc/distributed/rpc/request_callback_no_python.cpp,"(23, 1)-(23, 46)",b'using namespace torch::distributed::autograd;'
csrc,../repos/pytorch/torch/csrc/distributed/rpc/request_callback_no_python.cpp,"(24, 1)-(24, 43)",b'using namespace torch::autograd::profiler;'
csrc,../repos/pytorch/torch/csrc/distributed/rpc/profiler/server_process_global_profiler.h,"(13, 1)-(13, 43)",b'using namespace torch::autograd::profiler;'
csrc,../repos/pytorch/torch/csrc/distributed/rpc/profiler/server_process_global_profiler.cpp,"(9, 1)-(9, 43)",b'using namespace torch::autograd::profiler;'
csrc,../repos/pytorch/torch/csrc/distributed/rpc/request_callback_impl.cpp,"(38, 1)-(38, 46)",b'using namespace torch::distributed::autograd;'
csrc,../repos/pytorch/torch/csrc/distributed/rpc/script_remote_call.h,"(13, 1)-(13, 28)",b'using torch::jit::Operator;'
csrc,../repos/pytorch/torch/csrc/distributed/rpc/script_call.h,"(14, 1)-(14, 28)",b'using torch::jit::Operator;'
csrc,../repos/pytorch/torch/csrc/distributed/rpc/utils.cpp,"(28, 1)-(28, 43)",b'using namespace torch::autograd::profiler;'
csrc,../repos/pytorch/torch/csrc/distributed/rpc/python_functions.cpp,"(135, 1)-(135, 46)",b'using namespace torch::distributed::autograd;'
csrc,../repos/pytorch/torch/csrc/distributed/autograd/context/context.cpp,"(13, 1)-(13, 39)",b'using torch::autograd::AccumulateGrad;'
csrc,../repos/pytorch/torch/csrc/distributed/autograd/rpc_messages/rref_backward_req.cpp,"(9, 1)-(9, 20)",b'using rpc::Message;'
csrc,../repos/pytorch/torch/csrc/distributed/autograd/rpc_messages/rref_backward_req.cpp,"(10, 1)-(10, 24)",b'using rpc::MessageType;'
csrc,../repos/pytorch/torch/csrc/distributed/autograd/rpc_messages/rpc_with_profiling_resp.cpp,"(9, 1)-(9, 27)",b'using rpc::RpcCommandBase;'
csrc,../repos/pytorch/torch/csrc/distributed/autograd/rpc_messages/propagate_gradients_req.cpp,"(11, 1)-(11, 20)",b'using rpc::Message;'
csrc,../repos/pytorch/torch/csrc/distributed/autograd/rpc_messages/propagate_gradients_req.cpp,"(12, 1)-(12, 24)",b'using rpc::MessageType;'
csrc,../repos/pytorch/torch/csrc/distributed/autograd/rpc_messages/propagate_gradients_req.cpp,"(13, 1)-(13, 33)",b'using torch::autograd::Variable;'
csrc,../repos/pytorch/torch/csrc/distributed/autograd/rpc_messages/rpc_with_autograd.cpp,"(11, 1)-(11, 20)",b'using rpc::Message;'
csrc,../repos/pytorch/torch/csrc/distributed/autograd/rpc_messages/rpc_with_autograd.cpp,"(12, 1)-(12, 24)",b'using rpc::MessageType;'
csrc,../repos/pytorch/torch/csrc/distributed/autograd/rpc_messages/rpc_with_autograd.cpp,"(13, 1)-(13, 27)",b'using rpc::RpcCommandBase;'
csrc,../repos/pytorch/torch/csrc/distributed/autograd/rpc_messages/rpc_with_autograd.cpp,"(14, 1)-(14, 24)",b'using rpc::worker_id_t;'
csrc,../repos/pytorch/torch/csrc/distributed/autograd/rpc_messages/rpc_with_profiling_req.cpp,"(12, 1)-(12, 27)",b'using rpc::RpcCommandBase;'
csrc,../repos/pytorch/torch/csrc/distributed/autograd/functions/recvrpc_backward.cpp,"(11, 1)-(11, 33)",b'using torch::autograd::Variable;'
csrc,../repos/pytorch/torch/csrc/distributed/autograd/functions/recvrpc_backward.cpp,"(12, 1)-(12, 38)",b'using torch::autograd::variable_list;'
csrc,../repos/pytorch/torch/csrc/distributed/autograd/autograd.h,"(10, 1)-(10, 38)",b'using torch::autograd::variable_list;'
csrc,../repos/pytorch/torch/csrc/distributed/autograd/utils.cpp,"(17, 1)-(17, 54)",b'using torch::distributed::autograd::AutogradM...'
csrc,../repos/pytorch/torch/csrc/distributed/autograd/utils.cpp,"(18, 1)-(18, 53)",b'using torch::distributed::autograd::RpcWithAu...'
csrc,../repos/pytorch/torch/csrc/distributed/autograd/utils.cpp,"(19, 1)-(19, 42)",b'using torch::distributed::rpc::JitFuture;'
csrc,../repos/pytorch/torch/csrc/distributed/autograd/utils.cpp,"(20, 1)-(20, 40)",b'using torch::distributed::rpc::Message;'
csrc,../repos/pytorch/torch/csrc/distributed/autograd/utils.cpp,"(21, 1)-(21, 44)",b'using torch::distributed::rpc::MessageType;'
csrc,../repos/pytorch/torch/csrc/distributed/autograd/utils.cpp,"(22, 1)-(22, 41)",b'using torch::distributed::rpc::RpcAgent;'
csrc,../repos/pytorch/torch/csrc/distributed/autograd/utils.cpp,"(23, 1)-(23, 43)",b'using torch::distributed::rpc::WorkerInfo;'
csrc,../repos/pytorch/torch/csrc/distributed/autograd/engine/dist_engine.cpp,"(16, 1)-(16, 39)",b'using torch::autograd::AccumulateGrad;'
csrc,../repos/pytorch/torch/csrc/distributed/autograd/engine/dist_engine.cpp,"(17, 1)-(17, 34)",b'using torch::autograd::edge_list;'
csrc,../repos/pytorch/torch/csrc/distributed/autograd/engine/dist_engine.cpp,"(18, 1)-(18, 31)",b'using torch::autograd::Engine;'
csrc,../repos/pytorch/torch/csrc/distributed/autograd/engine/dist_engine.cpp,"(19, 1)-(19, 34)",b'using torch::autograd::GraphRoot;'
csrc,../repos/pytorch/torch/csrc/distributed/autograd/engine/dist_engine.cpp,"(20, 1)-(20, 34)",b'using torch::autograd::GraphTask;'
csrc,../repos/pytorch/torch/csrc/distributed/autograd/engine/dist_engine.cpp,"(21, 1)-(21, 39)",b'using torch::autograd::GraphTaskGuard;'
csrc,../repos/pytorch/torch/csrc/distributed/autograd/engine/dist_engine.cpp,"(22, 1)-(22, 36)",b'using torch::autograd::InputBuffer;'
csrc,../repos/pytorch/torch/csrc/distributed/autograd/engine/dist_engine.cpp,"(23, 1)-(23, 29)",b'using torch::autograd::Node;'
csrc,../repos/pytorch/torch/csrc/distributed/autograd/engine/dist_engine.cpp,"(24, 1)-(24, 33)",b'using torch::autograd::NodeTask;'
csrc,../repos/pytorch/torch/csrc/distributed/autograd/engine/dist_engine.cpp,"(25, 1)-(25, 35)",b'using torch::autograd::ReadyQueue;'
csrc,../repos/pytorch/torch/csrc/distributed/autograd/engine/dist_engine.cpp,"(26, 1)-(26, 41)",b'using torch::autograd::validate_outputs;'
csrc,../repos/pytorch/torch/csrc/distributed/autograd/engine/dist_engine.cpp,"(27, 1)-(27, 38)",b'using torch::autograd::variable_list;'
csrc,../repos/pytorch/torch/csrc/distributed/c10d/PyProcessGroup.hpp,"(46, 3)-(46, 36)",b'using ProcessGroup::ProcessGroup;'
csrc,../repos/pytorch/torch/csrc/distributed/c10d/ProcessGroupNCCL.cpp,"(2877, 5)-(2877, 37)",b'using namespace intra_node_comm;'
csrc,../repos/pytorch/torch/csrc/distributed/c10d/PrefixStore.hpp,"(12, 3)-(12, 20)",b'using Store::set;'
csrc,../repos/pytorch/torch/csrc/distributed/c10d/PrefixStore.hpp,"(15, 3)-(15, 27)",b'using Store::compareSet;'
csrc,../repos/pytorch/torch/csrc/distributed/c10d/exception.h,"(23, 1)-(23, 29)",b'using c10::DistNetworkError;'
csrc,../repos/pytorch/torch/csrc/distributed/c10d/exception.h,"(26, 3)-(26, 44)",b'using DistNetworkError::DistNetworkError;'
csrc,../repos/pytorch/torch/csrc/distributed/c10d/exception.h,"(30, 3)-(30, 44)",b'using DistNetworkError::DistNetworkError;'
csrc,../repos/pytorch/torch/csrc/distributed/c10d/reducer.cpp,"(182, 7)-(182, 74)",b'using torch::distributed::autograd::ThreadLoc...'
csrc,../repos/pytorch/torch/csrc/distributed/c10d/reducer.cpp,"(1060, 3)-(1060, 70)",b'using torch::distributed::autograd::ThreadLoc...'
csrc,../repos/pytorch/torch/csrc/distributed/c10d/TCPStore.cpp,"(269, 1)-(269, 22)",b'using detail::Socket;'
csrc,../repos/pytorch/torch/csrc/distributed/c10d/intra_node_comm.cpp,"(99, 3)-(99, 29)",b'using namespace c10::cuda;'
csrc,../repos/pytorch/torch/csrc/distributed/c10d/init.cpp,"(158, 3)-(158, 30)",b'using ::c10d::Store::Store;'
csrc,../repos/pytorch/torch/csrc/cuda/nccl.cpp,"(129, 1)-(129, 20)",b'using namespace at;'
csrc,../repos/pytorch/torch/csrc/cuda/nccl.cpp,"(493, 3)-(493, 45)",b'using namespace torch::cuda::nccl::detail;'
csrc,../repos/pytorch/torch/csrc/cuda/nccl.cpp,"(502, 3)-(502, 45)",b'using namespace torch::cuda::nccl::detail;'
csrc,../repos/pytorch/torch/csrc/cuda/nccl.cpp,"(525, 3)-(525, 45)",b'using namespace torch::cuda::nccl::detail;'
csrc,../repos/pytorch/torch/csrc/cuda/nccl.cpp,"(576, 3)-(576, 45)",b'using namespace torch::cuda::nccl::detail;'
csrc,../repos/pytorch/torch/csrc/cuda/nccl.cpp,"(623, 3)-(623, 45)",b'using namespace torch::cuda::nccl::detail;'
csrc,../repos/pytorch/torch/csrc/cuda/nccl.cpp,"(680, 3)-(680, 45)",b'using namespace torch::cuda::nccl::detail;'
csrc,../repos/pytorch/torch/csrc/cuda/nccl.cpp,"(722, 3)-(722, 45)",b'using namespace torch::cuda::nccl::detail;'
csrc,../repos/pytorch/torch/csrc/cuda/nccl.cpp,"(763, 3)-(763, 45)",b'using namespace torch::cuda::nccl::detail;'
csrc,../repos/pytorch/torch/csrc/cuda/nccl.cpp,"(816, 3)-(816, 45)",b'using namespace torch::cuda::nccl::detail;'
csrc,../repos/pytorch/torch/csrc/cuda/nccl.cpp,"(866, 3)-(866, 45)",b'using namespace torch::cuda::nccl::detail;'
csrc,../repos/pytorch/torch/csrc/cuda/nccl.cpp,"(914, 3)-(914, 45)",b'using namespace torch::cuda::nccl::detail;'
csrc,../repos/pytorch/torch/csrc/cuda/nccl.cpp,"(962, 3)-(962, 45)",b'using namespace torch::cuda::nccl::detail;'
csrc,../repos/pytorch/torch/csrc/cuda/nccl.cpp,"(998, 3)-(998, 45)",b'using namespace torch::cuda::nccl::detail;'
csrc,../repos/pytorch/torch/csrc/cuda/nccl.cpp,"(1035, 3)-(1035, 45)",b'using namespace torch::cuda::nccl::detail;'
csrc,../repos/pytorch/torch/csrc/cuda/nccl.cpp,"(1084, 3)-(1084, 45)",b'using namespace torch::cuda::nccl::detail;'
csrc,../repos/pytorch/torch/csrc/cuda/python_nccl.cpp,"(16, 1)-(16, 20)",b'using namespace at;'
csrc,../repos/pytorch/torch/csrc/cuda/python_nccl.cpp,"(17, 1)-(17, 23)",b'using namespace torch;'
csrc,../repos/pytorch/torch/csrc/cuda/python_nccl.cpp,"(18, 1)-(18, 35)",b'using namespace torch::cuda::nccl;'
csrc,../repos/pytorch/torch/csrc/cuda/python_nccl.cpp,"(19, 1)-(19, 43)",b'using namespace torch::cuda::nccl::detail;'
csrc,../repos/pytorch/torch/csrc/cuda/Module.cpp,"(57, 1)-(57, 23)",b'using namespace torch;'
csrc,../repos/pytorch/torch/csrc/cuda/Module.cpp,"(559, 3)-(559, 54)",b'using c10::cuda::CUDACachingAllocator::Device...'
csrc,../repos/pytorch/torch/csrc/cuda/Module.cpp,"(560, 3)-(560, 47)",b'using c10::cuda::CUDACachingAllocator::Stat;'
csrc,../repos/pytorch/torch/csrc/cuda/Module.cpp,"(561, 3)-(561, 52)",b'using c10::cuda::CUDACachingAllocator::StatArray;'
csrc,../repos/pytorch/torch/csrc/cuda/Module.cpp,"(562, 3)-(562, 51)",b'using c10::cuda::CUDACachingAllocator::StatType;'
csrc,../repos/pytorch/torch/csrc/cuda/Module.cpp,"(644, 3)-(644, 54)",b'using c10::cuda::CUDACachingAllocator::Segmen...'
csrc,../repos/pytorch/torch/csrc/cuda/Module.cpp,"(742, 3)-(742, 51)",b'using namespace c10::cuda::CUDACachingAllocator;'
csrc,../repos/pytorch/torch/csrc/cuda/comm.cpp,"(22, 1)-(22, 20)",b'using namespace at;'
csrc,../repos/pytorch/torch/csrc/cuda/comm.cpp,"(23, 1)-(23, 33)",b'using namespace torch::autograd;'
csrc,../repos/pytorch/torch/csrc/cuda/memory_snapshot.cpp,"(10, 1)-(10, 17)",b'using c10::Dict;'
csrc,../repos/pytorch/torch/csrc/cuda/memory_snapshot.cpp,"(11, 1)-(11, 19)",b'using c10::IValue;'
csrc,../repos/pytorch/torch/csrc/cuda/memory_snapshot.cpp,"(12, 1)-(12, 27)",b'using torch::jit::Pickler;'
csrc,../repos/pytorch/torch/csrc/cuda/memory_snapshot.cpp,"(14, 1)-(14, 50)",b'using c10::cuda::CUDACachingAllocator::BlockInfo;'
csrc,../repos/pytorch/torch/csrc/cuda/memory_snapshot.cpp,"(15, 1)-(15, 52)",b'using c10::cuda::CUDACachingAllocator::Segmen...'
csrc,../repos/pytorch/torch/csrc/cuda/memory_snapshot.cpp,"(274, 3)-(274, 51)",b'using namespace c10::cuda::CUDACachingAllocator;'
csrc,../repos/pytorch/torch/csrc/tensor/python_tensor.cpp,"(31, 1)-(31, 20)",b'using namespace at;'
csrc,../repos/pytorch/torch/csrc/tensor/python_tensor.cpp,"(32, 1)-(32, 33)",b'using namespace torch::autograd;'
csrc,../repos/pytorch/torch/csrc/profiler/api.h,"(10, 1)-(10, 43)",b'using torch::profiler::impl::ActivityType;'
csrc,../repos/pytorch/torch/csrc/profiler/api.h,"(11, 1)-(11, 48)",b'using torch::profiler::impl::getProfilerConfig;'
csrc,../repos/pytorch/torch/csrc/profiler/api.h,"(12, 1)-(12, 45)",b'using torch::profiler::impl::ProfilerConfig;'
csrc,../repos/pytorch/torch/csrc/profiler/api.h,"(13, 1)-(13, 46)",b'using torch::profiler::impl::profilerEnabled;'
csrc,../repos/pytorch/torch/csrc/profiler/api.h,"(14, 1)-(14, 44)",b'using torch::profiler::impl::ProfilerState;'
csrc,../repos/pytorch/torch/csrc/profiler/collection.cpp,"(613, 3)-(613, 59)",b'using torch::autograd::profiler::deviceTypeFr...'
csrc,../repos/pytorch/torch/csrc/profiler/collection.cpp,"(808, 3)-(808, 49)",b'using namespace torch::profiler::impl::kineto;'
csrc,../repos/pytorch/torch/csrc/profiler/collection.cpp,"(1103, 3)-(1103, 49)",b'using namespace torch::profiler::impl::kineto;'
csrc,../repos/pytorch/torch/csrc/profiler/unwind/unwind_error.h,"(5, 3)-(5, 43)",b'using std::runtime_error::runtime_error;'
csrc,../repos/pytorch/torch/csrc/profiler/python/init.h,"(10, 1)-(10, 39)",b'using torch::profiler::impl::TensorID;'
csrc,../repos/pytorch/torch/csrc/profiler/python/init.cpp,"(226, 3)-(226, 41)",b'using namespace torch::profiler::impl;'
csrc,../repos/pytorch/torch/csrc/profiler/standalone/execution_trace_observer.cpp,"(31, 1)-(31, 20)",b'using namespace at;'
csrc,../repos/pytorch/torch/csrc/profiler/kineto_client_interface.cpp,"(18, 1)-(18, 43)",b'using namespace torch::autograd::profiler;'
csrc,../repos/pytorch/torch/csrc/onnx/diagnostics/diagnostics.h,"(57, 3)-(57, 38)",b'using namespace pybind11::literals;'
csrc,../repos/pytorch/torch/csrc/onnx/init.cpp,"(34, 1)-(34, 28)",b'using namespace torch::jit;'
csrc,../repos/pytorch/torch/csrc/utils/tensor_new.cpp,"(37, 1)-(37, 18)",b'using at::Device;'
csrc,../repos/pytorch/torch/csrc/utils/tensor_new.cpp,"(38, 1)-(38, 23)",b'using at::IntArrayRef;'
csrc,../repos/pytorch/torch/csrc/utils/tensor_new.cpp,"(39, 1)-(39, 16)",b'using at::kInt;'
csrc,../repos/pytorch/torch/csrc/utils/tensor_new.cpp,"(40, 1)-(40, 17)",b'using at::kLong;'
csrc,../repos/pytorch/torch/csrc/utils/tensor_new.cpp,"(41, 1)-(41, 22)",b'using at::ScalarType;'
csrc,../repos/pytorch/torch/csrc/utils/tensor_new.cpp,"(42, 1)-(42, 19)",b'using at::Storage;'
csrc,../repos/pytorch/torch/csrc/utils/tensor_new.cpp,"(43, 1)-(43, 18)",b'using at::Tensor;'
csrc,../repos/pytorch/torch/csrc/utils/tensor_new.cpp,"(44, 1)-(44, 25)",b'using at::TensorOptions;'
csrc,../repos/pytorch/torch/csrc/utils/tensor_new.cpp,"(45, 1)-(45, 21)",b'using c10::optional;'
csrc,../repos/pytorch/torch/csrc/utils/variadic.h,"(14, 1)-(14, 20)",b'using at::IterArgs;'
csrc,../repos/pytorch/torch/csrc/utils/tensor_flatten.cpp,"(9, 1)-(9, 20)",b'using namespace at;'
csrc,../repos/pytorch/torch/csrc/utils/tensor_numpy.cpp,"(58, 1)-(58, 20)",b'using namespace at;'
csrc,../repos/pytorch/torch/csrc/utils/tensor_numpy.cpp,"(59, 1)-(59, 33)",b'using namespace torch::autograd;'
csrc,../repos/pytorch/torch/csrc/utils/tensor_apply.cpp,"(11, 1)-(11, 20)",b'using namespace at;'
csrc,../repos/pytorch/torch/csrc/utils/tensor_list.cpp,"(10, 1)-(10, 20)",b'using namespace at;'
csrc,../repos/pytorch/torch/csrc/utils/python_dispatch.cpp,"(832, 3)-(832, 41)",b'using c10::impl::TorchDispatchModeKey;'
csrc,../repos/pytorch/torch/csrc/utils/init.cpp,"(13, 3)-(13, 47)",b'using namespace torch::throughput_benchmark;'
csrc,../repos/pytorch/torch/csrc/utils/tensor_types.cpp,"(17, 1)-(17, 20)",b'using namespace at;'
csrc,../repos/pytorch/torch/csrc/DataLoader.cpp,"(29, 1)-(29, 23)",b'using namespace torch;'
csrc,../repos/pytorch/torch/csrc/PyInterpreter.cpp,"(11, 1)-(11, 23)",b'using namespace torch;'
csrc,../repos/pytorch/torch/csrc/PyInterpreter.cpp,"(12, 1)-(12, 20)",b'using namespace at;'
csrc,../repos/pytorch/torch/csrc/PyInterpreter.cpp,"(13, 1)-(13, 21)",b'using namespace c10;'
csrc,../repos/pytorch/torch/csrc/Generator.cpp,"(28, 1)-(28, 20)",b'using namespace at;'
csrc,../repos/pytorch/torch/csrc/Generator.cpp,"(29, 1)-(29, 23)",b'using namespace torch;'
csrc,../repos/pytorch/torch/csrc/Generator.cpp,"(92, 3)-(92, 35)",b'using namespace torch::autograd;'
csrc,../repos/pytorch/torch/csrc/Generator.cpp,"(105, 3)-(105, 35)",b'using namespace torch::autograd;'
csrc,../repos/pytorch/torch/csrc/api/src/nn/modules/activation.cpp,"(544, 3)-(544, 35)",b'using namespace torch::nn::init;'
csrc,../repos/pytorch/torch/csrc/api/src/nn/modules/rnn.cpp,"(22, 1)-(22, 39)",b'using namespace torch::nn::utils::rnn;'
csrc,../repos/pytorch/torch/csrc/api/src/nn/modules/_functions.cpp,"(4, 1)-(4, 33)",b'using namespace torch::autograd;'
csrc,../repos/pytorch/torch/csrc/api/src/nn/modules/adaptive.cpp,"(8, 1)-(8, 33)",b'using namespace torch::indexing;'
csrc,../repos/pytorch/torch/csrc/api/src/serialize/input-archive.cpp,"(110, 3)-(110, 49)",b'using caffe2::serialize::ReadAdapterInterface;'
csrc,../repos/pytorch/torch/csrc/api/src/serialize/input-archive.cpp,"(140, 3)-(140, 49)",b'using caffe2::serialize::ReadAdapterInterface;'
csrc,../repos/pytorch/torch/csrc/api/include/torch/data.h,"(11, 1)-(11, 30)",b'using datasets::BatchDataset;'
csrc,../repos/pytorch/torch/csrc/api/include/torch/data.h,"(12, 1)-(12, 25)",b'using datasets::Dataset;'
csrc,../repos/pytorch/torch/csrc/api/include/torch/optim/optimizer.h,"(24, 1)-(24, 18)",b'using at::Tensor;'
csrc,../repos/pytorch/torch/csrc/api/include/torch/expanding_array.h,"(115, 3)-(115, 61)","b'using ExpandingArray<D, c10::optional<T>>::Ex...'"
csrc,../repos/pytorch/torch/csrc/api/include/torch/utils.h,"(74, 1)-(74, 23)",b'using at::manual_seed;'
csrc,../repos/pytorch/torch/csrc/api/include/torch/utils.h,"(77, 1)-(77, 28)",b'using at::init_num_threads;'
csrc,../repos/pytorch/torch/csrc/api/include/torch/utils.h,"(80, 1)-(80, 27)",b'using at::get_num_threads;'
csrc,../repos/pytorch/torch/csrc/api/include/torch/utils.h,"(83, 1)-(83, 27)",b'using at::set_num_threads;'
csrc,../repos/pytorch/torch/csrc/api/include/torch/utils.h,"(86, 1)-(86, 35)",b'using at::get_num_interop_threads;'
csrc,../repos/pytorch/torch/csrc/api/include/torch/utils.h,"(89, 1)-(89, 35)",b'using at::set_num_interop_threads;'
csrc,../repos/pytorch/torch/csrc/api/include/torch/utils.h,"(99, 1)-(99, 29)",b'using at::addGlobalCallback;'
csrc,../repos/pytorch/torch/csrc/api/include/torch/utils.h,"(100, 1)-(100, 34)",b'using at::addThreadLocalCallback;'
csrc,../repos/pytorch/torch/csrc/api/include/torch/utils.h,"(101, 1)-(101, 26)",b'using at::CallbackHandle;'
csrc,../repos/pytorch/torch/csrc/api/include/torch/utils.h,"(102, 1)-(102, 26)",b'using at::clearCallbacks;'
csrc,../repos/pytorch/torch/csrc/api/include/torch/utils.h,"(103, 1)-(103, 32)",b'using at::clearGlobalCallbacks;'
csrc,../repos/pytorch/torch/csrc/api/include/torch/utils.h,"(104, 1)-(104, 37)",b'using at::clearThreadLocalCallbacks;'
csrc,../repos/pytorch/torch/csrc/api/include/torch/utils.h,"(105, 1)-(105, 38)",b'using at::DisableRecordFunctionGuard;'
csrc,../repos/pytorch/torch/csrc/api/include/torch/utils.h,"(106, 1)-(106, 32)",b'using at::enableRecordFunction;'
csrc,../repos/pytorch/torch/csrc/api/include/torch/utils.h,"(107, 1)-(107, 24)",b'using at::hasCallbacks;'
csrc,../repos/pytorch/torch/csrc/api/include/torch/utils.h,"(108, 1)-(108, 30)",b'using at::hasGlobalCallbacks;'
csrc,../repos/pytorch/torch/csrc/api/include/torch/utils.h,"(109, 1)-(109, 35)",b'using at::hasThreadLocalCallbacks;'
csrc,../repos/pytorch/torch/csrc/api/include/torch/utils.h,"(110, 1)-(110, 35)",b'using at::isRecordFunctionEnabled;'
csrc,../repos/pytorch/torch/csrc/api/include/torch/utils.h,"(111, 1)-(111, 26)",b'using at::RecordFunction;'
csrc,../repos/pytorch/torch/csrc/api/include/torch/utils.h,"(112, 1)-(112, 34)",b'using at::RecordFunctionCallback;'
csrc,../repos/pytorch/torch/csrc/api/include/torch/utils.h,"(113, 1)-(113, 31)",b'using at::RecordFunctionGuard;'
csrc,../repos/pytorch/torch/csrc/api/include/torch/utils.h,"(114, 1)-(114, 26)",b'using at::removeCallback;'
csrc,../repos/pytorch/torch/csrc/api/include/torch/types.h,"(39, 1)-(39, 20)",b'using namespace at;'
csrc,../repos/pytorch/torch/csrc/api/include/torch/types.h,"(41, 1)-(41, 20)",b'using c10::nullopt;'
csrc,../repos/pytorch/torch/csrc/api/include/torch/types.h,"(42, 1)-(42, 21)",b'using c10::optional;'
csrc,../repos/pytorch/torch/csrc/api/include/torch/nn/cloneable.h,"(26, 3)-(26, 24)",b'using Module::Module;'
csrc,../repos/pytorch/torch/csrc/api/include/torch/nn/modules/conv.h,"(275, 3)-(275, 55)","b'using torch::nn::ConvNdImpl<D, Derived>::Conv...'"
csrc,../repos/pytorch/torch/csrc/api/include/torch/nn/modules/embedding.h,"(62, 3)-(62, 62)",b'using torch::nn::ModuleHolder<EmbeddingImpl>:...'
csrc,../repos/pytorch/torch/csrc/api/include/torch/nn/modules/embedding.h,"(141, 3)-(141, 65)",b'using torch::nn::ModuleHolder<EmbeddingBagImp...'
csrc,../repos/pytorch/torch/csrc/api/include/torch/nn/modules/instancenorm.h,"(31, 3)-(31, 80)","b'using torch::nn::NormImplBase<D, Derived, Ins...'"
csrc,../repos/pytorch/torch/csrc/api/include/torch/nn/modules/container/sequential.h,"(379, 3)-(379, 63)",b'using torch::nn::ModuleHolder<SequentialImpl>...'
csrc,../repos/pytorch/torch/csrc/api/include/torch/nn/modules/container/any_module_holder.h,"(16, 3)-(16, 44)",b'using AnyValue::Placeholder::Placeholder;'
csrc,../repos/pytorch/torch/csrc/api/include/torch/nn/modules/batchnorm.h,"(103, 3)-(103, 66)","b'using NormImplBase<D, Derived, BatchNormOptio...'"
csrc,../repos/pytorch/torch/csrc/api/include/torch/serialize/output-archive.h,"(16, 1)-(16, 18)",b'using at::Tensor;'
csrc,../repos/pytorch/torch/csrc/api/include/torch/serialize/input-archive.h,"(19, 1)-(19, 18)",b'using at::Tensor;'
csrc,../repos/pytorch/torch/csrc/api/include/torch/data/detail/sequencers.h,"(39, 3)-(39, 52)",b'using typename Sequencer<Result>::ResultProducer;'
csrc,../repos/pytorch/torch/csrc/api/include/torch/data/detail/sequencers.h,"(64, 3)-(64, 52)",b'using typename Sequencer<Result>::ResultProducer;'
csrc,../repos/pytorch/torch/csrc/api/include/torch/data/dataloader/stateless.h,"(33, 3)-(33, 42)",b'using typename super::BatchRequestType;'
csrc,../repos/pytorch/torch/csrc/api/include/torch/data/dataloader/stateful.h,"(35, 3)-(35, 42)",b'using typename super::BatchRequestType;'
csrc,../repos/pytorch/torch/csrc/api/include/torch/data/transforms/lambda.h,"(17, 3)-(17, 64)","b'using typename BatchTransform<Input, Output>:...'"
csrc,../repos/pytorch/torch/csrc/api/include/torch/data/transforms/lambda.h,"(18, 3)-(18, 65)","b'using typename BatchTransform<Input, Output>:...'"
csrc,../repos/pytorch/torch/csrc/api/include/torch/data/transforms/lambda.h,"(38, 3)-(38, 54)","b'using typename Transform<Input, Output>::Inpu...'"
csrc,../repos/pytorch/torch/csrc/api/include/torch/data/transforms/lambda.h,"(39, 3)-(39, 55)","b'using typename Transform<Input, Output>::Outp...'"
csrc,../repos/pytorch/torch/csrc/api/include/torch/data/transforms/tensor.h,"(22, 3)-(22, 45)","b'using typename Transform<E, E>::InputType;'"
csrc,../repos/pytorch/torch/csrc/api/include/torch/data/transforms/tensor.h,"(23, 3)-(23, 46)","b'using typename Transform<E, E>::OutputType;'"
csrc,../repos/pytorch/torch/csrc/autograd/FunctionsManual.cpp,"(44, 1)-(44, 36)",b'using at::areAnyTensorSubclassLike;'
csrc,../repos/pytorch/torch/csrc/autograd/FunctionsManual.cpp,"(45, 1)-(45, 23)",b'using at::IntArrayRef;'
csrc,../repos/pytorch/torch/csrc/autograd/FunctionsManual.cpp,"(46, 1)-(46, 31)",b'using at::OptionalIntArrayRef;'
csrc,../repos/pytorch/torch/csrc/autograd/FunctionsManual.cpp,"(47, 1)-(47, 18)",b'using at::Scalar;'
csrc,../repos/pytorch/torch/csrc/autograd/FunctionsManual.cpp,"(48, 1)-(48, 18)",b'using at::Tensor;'
csrc,../repos/pytorch/torch/csrc/autograd/FunctionsManual.cpp,"(49, 1)-(49, 22)",b'using at::TensorList;'
csrc,../repos/pytorch/torch/csrc/autograd/symbolic.h,"(14, 3)-(14, 43)",b'using std::runtime_error::runtime_error;'
csrc,../repos/pytorch/torch/csrc/autograd/cpp_hook.cpp,"(9, 1)-(9, 33)",b'using torch::autograd::Variable;'
csrc,../repos/pytorch/torch/csrc/autograd/variable.cpp,"(433, 1)-(433, 18)",b'using at::Tensor;'
csrc,../repos/pytorch/torch/csrc/autograd/python_cpp_function.cpp,"(21, 1)-(21, 33)",b'using namespace torch::autograd;'
csrc,../repos/pytorch/torch/csrc/autograd/functions/utils.h,"(42, 3)-(42, 51)",b'using IterArgs<ComputeRequiresGrad>::operator();'
csrc,../repos/pytorch/torch/csrc/autograd/functions/init.cpp,"(20, 1)-(20, 33)",b'using namespace torch::autograd;'
csrc,../repos/pytorch/torch/csrc/autograd/VariableTypeManual.cpp,"(16, 1)-(16, 20)",b'using namespace at;'
csrc,../repos/pytorch/torch/csrc/autograd/VariableTypeManual.cpp,"(17, 1)-(17, 44)",b'using namespace torch::autograd::generated;'
csrc,../repos/pytorch/torch/csrc/autograd/VariableTypeManual.cpp,"(18, 1)-(18, 32)",b'using torch::autograd::as_view;'
csrc,../repos/pytorch/torch/csrc/autograd/VariableTypeManual.cpp,"(19, 1)-(19, 37)",b'using torch::autograd::CreationMeta;'
csrc,../repos/pytorch/torch/csrc/autograd/autograd_meta.cpp,"(16, 1)-(16, 18)",b'using at::Tensor;'
csrc,../repos/pytorch/torch/csrc/autograd/python_variable.cpp,"(48, 1)-(48, 20)",b'using namespace at;'
csrc,../repos/pytorch/torch/csrc/autograd/python_variable.cpp,"(49, 1)-(49, 23)",b'using namespace torch;'
csrc,../repos/pytorch/torch/csrc/autograd/python_variable.cpp,"(50, 1)-(50, 33)",b'using namespace torch::autograd;'
csrc,../repos/pytorch/torch/csrc/autograd/python_function.cpp,"(46, 1)-(46, 23)",b'using namespace torch;'
csrc,../repos/pytorch/torch/csrc/autograd/python_function.cpp,"(47, 1)-(47, 33)",b'using namespace torch::autograd;'
csrc,../repos/pytorch/torch/csrc/autograd/python_function.cpp,"(48, 1)-(48, 18)",b'using at::Tensor;'
csrc,../repos/pytorch/torch/csrc/autograd/python_hook.cpp,"(17, 1)-(17, 33)",b'using torch::autograd::Variable;'
csrc,../repos/pytorch/torch/csrc/autograd/python_hook.cpp,"(18, 1)-(18, 38)",b'using torch::autograd::variable_list;'
csrc,../repos/pytorch/torch/csrc/autograd/engine.cpp,"(310, 5)-(310, 42)",b'using namespace std::chrono_literals;'
csrc,../repos/pytorch/torch/csrc/autograd/profiler_kineto.cpp,"(64, 1)-(64, 49)",b'using torch::profiler::impl::ActiveProfilerType;'
csrc,../repos/pytorch/torch/csrc/autograd/profiler_kineto.cpp,"(65, 1)-(65, 40)",b'using torch::profiler::impl::EventType;'
csrc,../repos/pytorch/torch/csrc/autograd/profiler_kineto.cpp,"(66, 1)-(66, 42)",b'using torch::profiler::impl::ExtraFields;'
csrc,../repos/pytorch/torch/csrc/autograd/profiler_kineto.cpp,"(67, 1)-(67, 65)",b'using torch::profiler::impl::get_record_concr...'
csrc,../repos/pytorch/torch/csrc/autograd/profiler_kineto.cpp,"(68, 1)-(68, 46)",b'using torch::profiler::impl::ivalueListToStr;'
csrc,../repos/pytorch/torch/csrc/autograd/profiler_kineto.cpp,"(69, 1)-(69, 41)",b'using torch::profiler::impl::op_input_t;'
csrc,../repos/pytorch/torch/csrc/autograd/profiler_kineto.cpp,"(70, 1)-(70, 48)",b'using torch::profiler::impl::ProfilerStateBase;'
csrc,../repos/pytorch/torch/csrc/autograd/profiler_kineto.cpp,"(71, 1)-(71, 48)",b'using torch::profiler::impl::PyExtraFieldsBase;'
csrc,../repos/pytorch/torch/csrc/autograd/profiler_kineto.cpp,"(72, 1)-(72, 37)",b'using torch::profiler::impl::Result;'
csrc,../repos/pytorch/torch/csrc/autograd/profiler_kineto.cpp,"(73, 1)-(73, 36)",b'using torch::profiler::impl::shape;'
csrc,../repos/pytorch/torch/csrc/autograd/profiler_kineto.cpp,"(74, 1)-(74, 42)",b'using torch::profiler::impl::shapesToStr;'
csrc,../repos/pytorch/torch/csrc/autograd/profiler_kineto.cpp,"(75, 1)-(75, 42)",b'using torch::profiler::impl::stacksToStr;'
csrc,../repos/pytorch/torch/csrc/autograd/profiler_kineto.cpp,"(76, 1)-(76, 43)",b'using torch::profiler::impl::strListToStr;'
csrc,../repos/pytorch/torch/csrc/autograd/profiler_kineto.cpp,"(77, 1)-(77, 45)",b'using torch::profiler::impl::TensorMetadata;'
csrc,../repos/pytorch/torch/csrc/autograd/profiler_kineto.cpp,"(78, 1)-(78, 49)",b'using torch::profiler::impl::variantShapesToStr;'
csrc,../repos/pytorch/torch/csrc/autograd/profiler_python.cpp,"(514, 1)-(514, 31)",b'using python_tracer::TraceKey;'
csrc,../repos/pytorch/torch/csrc/autograd/python_engine.cpp,"(28, 1)-(28, 33)",b'using namespace torch::autograd;'
csrc,../repos/pytorch/torch/csrc/autograd/function.h,"(38, 1)-(38, 49)",b'using torch::dynamo::autograd::CompiledNodeArgs;'
csrc,../repos/pytorch/torch/csrc/autograd/function.h,"(39, 1)-(39, 51)",b'using torch::dynamo::autograd::SwapSavedVariables;'
csrc,../repos/pytorch/torch/csrc/autograd/function.h,"(677, 3)-(677, 20)",b'using Node::Node;'
csrc,../repos/pytorch/torch/csrc/autograd/function.h,"(691, 3)-(691, 52)",b'using IterArgs<MakeNextFunctionList>::operator();'
csrc,../repos/pytorch/torch/csrc/autograd/python_legacy_variable.cpp,"(11, 1)-(11, 20)",b'using namespace at;'
csrc,../repos/pytorch/torch/csrc/autograd/python_torch_functions_manual.cpp,"(31, 1)-(31, 23)",b'using at::DeviceGuard;'
csrc,../repos/pytorch/torch/csrc/autograd/python_torch_functions_manual.cpp,"(32, 1)-(32, 23)",b'using at::DimnameList;'
csrc,../repos/pytorch/torch/csrc/autograd/python_torch_functions_manual.cpp,"(33, 1)-(33, 23)",b'using at::IntArrayRef;'
csrc,../repos/pytorch/torch/csrc/autograd/python_torch_functions_manual.cpp,"(34, 1)-(34, 31)",b'using at::OptionalDeviceGuard;'
csrc,../repos/pytorch/torch/csrc/autograd/python_torch_functions_manual.cpp,"(35, 1)-(35, 18)",b'using at::Scalar;'
csrc,../repos/pytorch/torch/csrc/autograd/python_torch_functions_manual.cpp,"(36, 1)-(36, 18)",b'using at::Tensor;'
csrc,../repos/pytorch/torch/csrc/autograd/python_torch_functions_manual.cpp,"(37, 1)-(37, 22)",b'using at::TensorList;'
csrc,../repos/pytorch/torch/csrc/autograd/python_torch_functions_manual.cpp,"(38, 1)-(38, 25)",b'using at::TensorOptions;'
csrc,../repos/pytorch/torch/csrc/autograd/python_torch_functions_manual.cpp,"(40, 1)-(40, 44)",b'using torch::utils::check_out_type_matches;'
csrc,../repos/pytorch/torch/csrc/autograd/python_torch_functions_manual.cpp,"(41, 1)-(41, 40)",b'using namespace torch::autograd::utils;'
csrc,../repos/pytorch/torch/csrc/autograd/init.cpp,"(42, 1)-(42, 39)",b'using torch::impl::py_context_manager;'
csrc,../repos/pytorch/torch/csrc/autograd/init.cpp,"(43, 1)-(43, 50)",b'using torch::impl::py_context_manager_DEPRECATED;'
csrc,../repos/pytorch/torch/csrc/autograd/init.cpp,"(89, 3)-(89, 45)",b'using namespace torch::autograd::profiler;'
csrc,../repos/pytorch/torch/csrc/autograd/init.cpp,"(90, 3)-(90, 41)",b'using namespace torch::profiler::impl;'
csrc,../repos/pytorch/torch/csrc/autograd/init.cpp,"(179, 3)-(179, 39)",b'using torch::autograd::CreationMeta;'
csrc,../repos/pytorch/torch/csrc/autograd/init.cpp,"(286, 9)-(286, 63)",b'using torch::autograd::profiler::PythonRecord...'
csrc,../repos/pytorch/torch/csrc/autograd/init.cpp,"(309, 5)-(309, 59)",b'using torch::autograd::profiler::PythonRecord...'
csrc,../repos/pytorch/torch/csrc/autograd/init.cpp,"(977, 5)-(977, 43)",b'using c10::impl::TorchDispatchModeKey;'
csrc,../repos/pytorch/torch/csrc/autograd/python_variable_indexing.cpp,"(34, 1)-(34, 20)",b'using namespace at;'
csrc,../repos/pytorch/torch/csrc/autograd/python_variable_indexing.cpp,"(35, 1)-(35, 40)",b'using namespace torch::autograd::utils;'
csrc,../repos/pytorch/torch/csrc/autograd/profiler_legacy.cpp,"(123, 1)-(123, 49)",b'using torch::profiler::impl::ActiveProfilerType;'
csrc,../repos/pytorch/torch/csrc/autograd/profiler_legacy.cpp,"(124, 1)-(124, 48)",b'using torch::profiler::impl::ProfilerStateBase;'
csrc,../repos/pytorch/torch/csrc/autograd/TraceTypeManual.cpp,"(10, 1)-(10, 20)",b'using namespace at;'
csrc,../repos/pytorch/torch/csrc/Module.cpp,"(551, 3)-(551, 35)",b'using namespace torch::autograd;'
csrc,../repos/pytorch/torch/csrc/inductor/aoti_torch/shim_common.cpp,"(36, 1)-(36, 37)",b'using namespace torch::aot_inductor;'
csrc,../repos/pytorch/torch/csrc/inductor/inductor_ops.cpp,"(13, 1)-(13, 20)",b'using namespace at;'
csrc,../repos/pytorch/torch/csrc/jit/backends/xnnpack/serialization/serializer.cpp,"(16, 1)-(16, 28)",b'using namespace fb_xnnpack;'
csrc,../repos/pytorch/torch/csrc/jit/backends/xnnpack/serialization/serializer.h,"(17, 1)-(17, 28)",b'using namespace fb_xnnpack;'
csrc,../repos/pytorch/torch/csrc/jit/frontend/exit_transforms.cpp,"(30, 3)-(30, 20)",b'using pair::pair;'
csrc,../repos/pytorch/torch/csrc/jit/frontend/function_schema_parser.cpp,"(15, 1)-(15, 20)",b'using at::TypeKind;'
csrc,../repos/pytorch/torch/csrc/jit/frontend/function_schema_parser.cpp,"(16, 1)-(16, 21)",b'using c10::Argument;'
csrc,../repos/pytorch/torch/csrc/jit/frontend/function_schema_parser.cpp,"(17, 1)-(17, 27)",b'using c10::FunctionSchema;'
csrc,../repos/pytorch/torch/csrc/jit/frontend/function_schema_parser.cpp,"(18, 1)-(18, 19)",b'using c10::IValue;'
csrc,../repos/pytorch/torch/csrc/jit/frontend/function_schema_parser.cpp,"(19, 1)-(19, 21)",b'using c10::ListType;'
csrc,../repos/pytorch/torch/csrc/jit/frontend/function_schema_parser.cpp,"(20, 1)-(20, 25)",b'using c10::OperatorName;'
csrc,../repos/pytorch/torch/csrc/jit/frontend/tracer.h,"(28, 1)-(28, 29)",b'using ::c10::ivalue::Shared;'
csrc,../repos/pytorch/torch/csrc/jit/frontend/tracer.h,"(30, 1)-(30, 21)",b'using ::c10::IValue;'
csrc,../repos/pytorch/torch/csrc/jit/frontend/tracer.h,"(31, 1)-(31, 29)",b'using ::c10::ivalue::Future;'
csrc,../repos/pytorch/torch/csrc/jit/frontend/tracer.h,"(33, 1)-(33, 23)",b'using ::c10::ArrayRef;'
csrc,../repos/pytorch/torch/csrc/jit/frontend/tracer.h,"(34, 1)-(34, 24)",b'using ::c10::TupleType;'
csrc,../repos/pytorch/torch/csrc/jit/frontend/tracer.h,"(35, 1)-(35, 27)",b'using ::c10::TupleTypePtr;'
csrc,../repos/pytorch/torch/csrc/jit/frontend/tracer.h,"(36, 1)-(36, 37)",b'using ::c10::ivalue::ConstantString;'
csrc,../repos/pytorch/torch/csrc/jit/frontend/tracer.h,"(38, 1)-(38, 33)",b'using torch::autograd::Variable;'
csrc,../repos/pytorch/torch/csrc/jit/frontend/schema_type_parser.cpp,"(13, 1)-(13, 22)",b'using c10::AliasInfo;'
csrc,../repos/pytorch/torch/csrc/jit/frontend/schema_type_parser.cpp,"(14, 1)-(14, 22)",b'using c10::AwaitType;'
csrc,../repos/pytorch/torch/csrc/jit/frontend/schema_type_parser.cpp,"(15, 1)-(15, 21)",b'using c10::BoolType;'
csrc,../repos/pytorch/torch/csrc/jit/frontend/schema_type_parser.cpp,"(16, 1)-(16, 24)",b'using c10::CapsuleType;'
csrc,../repos/pytorch/torch/csrc/jit/frontend/schema_type_parser.cpp,"(17, 1)-(17, 24)",b'using c10::ComplexType;'
csrc,../repos/pytorch/torch/csrc/jit/frontend/schema_type_parser.cpp,"(18, 1)-(18, 26)",b'using c10::DeviceObjType;'
csrc,../repos/pytorch/torch/csrc/jit/frontend/schema_type_parser.cpp,"(19, 1)-(19, 21)",b'using c10::DictType;'
csrc,../repos/pytorch/torch/csrc/jit/frontend/schema_type_parser.cpp,"(20, 1)-(20, 22)",b'using c10::FloatType;'
csrc,../repos/pytorch/torch/csrc/jit/frontend/schema_type_parser.cpp,"(21, 1)-(21, 23)",b'using c10::FutureType;'
csrc,../repos/pytorch/torch/csrc/jit/frontend/schema_type_parser.cpp,"(22, 1)-(22, 26)",b'using c10::GeneratorType;'
csrc,../repos/pytorch/torch/csrc/jit/frontend/schema_type_parser.cpp,"(23, 1)-(23, 20)",b'using c10::IntType;'
csrc,../repos/pytorch/torch/csrc/jit/frontend/schema_type_parser.cpp,"(24, 1)-(24, 23)",b'using c10::LayoutType;'
csrc,../repos/pytorch/torch/csrc/jit/frontend/schema_type_parser.cpp,"(25, 1)-(25, 21)",b'using c10::ListType;'
csrc,../repos/pytorch/torch/csrc/jit/frontend/schema_type_parser.cpp,"(26, 1)-(26, 29)",b'using c10::MemoryFormatType;'
csrc,../repos/pytorch/torch/csrc/jit/frontend/schema_type_parser.cpp,"(27, 1)-(27, 21)",b'using c10::NoneType;'
csrc,../repos/pytorch/torch/csrc/jit/frontend/schema_type_parser.cpp,"(28, 1)-(28, 23)",b'using c10::NumberType;'
csrc,../repos/pytorch/torch/csrc/jit/frontend/schema_type_parser.cpp,"(29, 1)-(29, 24)",b'using c10::QSchemeType;'
csrc,../repos/pytorch/torch/csrc/jit/frontend/schema_type_parser.cpp,"(30, 1)-(30, 26)",b'using c10::QuantizerType;'
csrc,../repos/pytorch/torch/csrc/jit/frontend/schema_type_parser.cpp,"(31, 1)-(31, 21)",b'using c10::RRefType;'
csrc,../repos/pytorch/torch/csrc/jit/frontend/schema_type_parser.cpp,"(32, 1)-(32, 27)",b'using c10::ScalarTypeType;'
csrc,../repos/pytorch/torch/csrc/jit/frontend/schema_type_parser.cpp,"(33, 1)-(33, 24)",b'using c10::StorageType;'
csrc,../repos/pytorch/torch/csrc/jit/frontend/schema_type_parser.cpp,"(34, 1)-(34, 26)",b'using c10::StreamObjType;'
csrc,../repos/pytorch/torch/csrc/jit/frontend/schema_type_parser.cpp,"(35, 1)-(35, 23)",b'using c10::StringType;'
csrc,../repos/pytorch/torch/csrc/jit/frontend/schema_type_parser.cpp,"(36, 1)-(36, 19)",b'using c10::Symbol;'
csrc,../repos/pytorch/torch/csrc/jit/frontend/schema_type_parser.cpp,"(37, 1)-(37, 23)",b'using c10::SymIntType;'
csrc,../repos/pytorch/torch/csrc/jit/frontend/schema_type_parser.cpp,"(38, 1)-(38, 23)",b'using c10::TensorType;'
csrc,../repos/pytorch/torch/csrc/jit/frontend/schema_type_parser.cpp,"(39, 1)-(39, 22)",b'using c10::TupleType;'
csrc,../repos/pytorch/torch/csrc/jit/frontend/schema_type_parser.cpp,"(40, 1)-(40, 22)",b'using c10::UnionType;'
csrc,../repos/pytorch/torch/csrc/jit/frontend/schema_type_parser.cpp,"(41, 1)-(41, 20)",b'using c10::VarType;'
csrc,../repos/pytorch/torch/csrc/jit/runtime/static/processed_node_wrapper.h,"(184, 3)-(185, 61)",b'using ProcessedNodeWrapperBase<\n      Process...'
csrc,../repos/pytorch/torch/csrc/jit/runtime/static/native_ops.cpp,"(1254, 9)-(1254, 26)",b'using c10::ssize;'
csrc,../repos/pytorch/torch/csrc/jit/runtime/static/te_wrapper.cpp,"(13, 1)-(13, 40)",b'using namespace torch::jit::tensorexpr;'
csrc,../repos/pytorch/torch/csrc/jit/runtime/operator.h,"(31, 1)-(31, 23)",b'using ::c10::Argument;'
csrc,../repos/pytorch/torch/csrc/jit/runtime/operator.h,"(32, 1)-(32, 29)",b'using ::c10::FunctionSchema;'
csrc,../repos/pytorch/torch/csrc/jit/runtime/operator.h,"(33, 1)-(33, 21)",b'using ::c10::Symbol;'
csrc,../repos/pytorch/torch/csrc/jit/runtime/graph_executor.cpp,"(113, 1)-(113, 31)",b'using autograd::variable_list;'
csrc,../repos/pytorch/torch/csrc/jit/runtime/profiling_record.h,"(81, 1)-(81, 28)",b'using ::c10::TensorTypePtr;'
csrc,../repos/pytorch/torch/csrc/jit/runtime/operator.cpp,"(201, 3)-(201, 22)",b'using namespace at;'
csrc,../repos/pytorch/torch/csrc/jit/runtime/operator.cpp,"(277, 3)-(277, 22)",b'using namespace at;'
csrc,../repos/pytorch/torch/csrc/jit/runtime/interpreter.h,"(40, 1)-(40, 27)",b'using c10::ivalue::Future;'
csrc,../repos/pytorch/torch/csrc/jit/runtime/interpreter.cpp,"(34, 1)-(34, 59)",b'using torch::distributed::autograd::DistAutog...'
csrc,../repos/pytorch/torch/csrc/jit/codegen/onednn/graph_fuser.h,"(12, 3)-(12, 20)",b'using pair::pair;'
csrc,../repos/pytorch/torch/csrc/jit/codegen/onednn/kernel.cpp,"(12, 1)-(12, 29)",b'using namespace dnnl::graph;'
csrc,../repos/pytorch/torch/csrc/jit/mobile/type_parser.cpp,"(11, 1)-(11, 44)",b'using torch::jit::valid_single_char_tokens;'
csrc,../repos/pytorch/torch/csrc/jit/mobile/parse_bytecode.h,"(7, 1)-(7, 19)",b'using c10::IValue;'
csrc,../repos/pytorch/torch/csrc/jit/mobile/parse_bytecode.cpp,"(14, 1)-(14, 19)",b'using c10::IValue;'
csrc,../repos/pytorch/torch/csrc/jit/mobile/compatibility/model_compatibility.cpp,"(26, 1)-(26, 38)",b'using caffe2::serialize::FileAdapter;'
csrc,../repos/pytorch/torch/csrc/jit/mobile/compatibility/model_compatibility.cpp,"(27, 1)-(27, 41)",b'using caffe2::serialize::IStreamAdapter;'
csrc,../repos/pytorch/torch/csrc/jit/mobile/compatibility/model_compatibility.cpp,"(28, 1)-(28, 46)",b'using caffe2::serialize::PyTorchStreamReader;'
csrc,../repos/pytorch/torch/csrc/jit/mobile/compatibility/model_compatibility.cpp,"(29, 1)-(29, 47)",b'using caffe2::serialize::ReadAdapterInterface;'
csrc,../repos/pytorch/torch/csrc/jit/mobile/compatibility/backport.cpp,"(13, 1)-(13, 41)",b'using caffe2::serialize::IStreamAdapter;'
csrc,../repos/pytorch/torch/csrc/jit/mobile/compatibility/backport.cpp,"(14, 1)-(14, 46)",b'using caffe2::serialize::PyTorchStreamWriter;'
csrc,../repos/pytorch/torch/csrc/jit/mobile/compatibility/backport_manager.cpp,"(18, 1)-(18, 41)",b'using caffe2::serialize::IStreamAdapter;'
csrc,../repos/pytorch/torch/csrc/jit/mobile/compatibility/backport_manager.cpp,"(19, 1)-(19, 46)",b'using caffe2::serialize::PyTorchStreamReader;'
csrc,../repos/pytorch/torch/csrc/jit/mobile/compatibility/backport_manager.cpp,"(20, 1)-(20, 46)",b'using caffe2::serialize::PyTorchStreamWriter;'
csrc,../repos/pytorch/torch/csrc/jit/mobile/nnc/aot_compiler.cpp,"(25, 1)-(25, 28)",b'using namespace torch::jit;'
csrc,../repos/pytorch/torch/csrc/jit/mobile/nnc/aot_compiler.cpp,"(26, 1)-(26, 40)",b'using namespace torch::jit::tensorexpr;'
csrc,../repos/pytorch/torch/csrc/jit/mobile/model_tracer/TracerRunner.cpp,"(326, 3)-(326, 45)",b'using torch::jit::MobileModuleLoadOptions;'
csrc,../repos/pytorch/torch/csrc/jit/mobile/import_data.cpp,"(28, 1)-(28, 38)",b'using caffe2::serialize::FileAdapter;'
csrc,../repos/pytorch/torch/csrc/jit/mobile/import_data.cpp,"(29, 1)-(29, 41)",b'using caffe2::serialize::IStreamAdapter;'
csrc,../repos/pytorch/torch/csrc/jit/mobile/import_data.cpp,"(30, 1)-(30, 44)",b'using caffe2::serialize::MemoryReadAdapter;'
csrc,../repos/pytorch/torch/csrc/jit/mobile/import_data.cpp,"(31, 1)-(31, 46)",b'using caffe2::serialize::PyTorchStreamReader;'
csrc,../repos/pytorch/torch/csrc/jit/mobile/import_data.cpp,"(32, 1)-(32, 47)",b'using caffe2::serialize::ReadAdapterInterface;'
csrc,../repos/pytorch/torch/csrc/jit/mobile/import.h,"(12, 1)-(12, 38)",b'using caffe2::serialize::FileAdapter;'
csrc,../repos/pytorch/torch/csrc/jit/mobile/import.h,"(13, 1)-(13, 41)",b'using caffe2::serialize::IStreamAdapter;'
csrc,../repos/pytorch/torch/csrc/jit/mobile/import.h,"(14, 1)-(14, 47)",b'using caffe2::serialize::ReadAdapterInterface;'
csrc,../repos/pytorch/torch/csrc/jit/mobile/interpreter.cpp,"(48, 1)-(48, 20)",b'using namespace at;'
csrc,../repos/pytorch/torch/csrc/jit/mobile/import.cpp,"(86, 1)-(86, 44)",b'using caffe2::serialize::MemoryReadAdapter;'
csrc,../repos/pytorch/torch/csrc/jit/mobile/import.cpp,"(87, 1)-(87, 46)",b'using caffe2::serialize::PyTorchStreamReader;'
csrc,../repos/pytorch/torch/csrc/jit/mobile/import.cpp,"(88, 1)-(88, 47)",b'using caffe2::serialize::ReadAdapterInterface;'
csrc,../repos/pytorch/torch/csrc/jit/mobile/parse_operators.h,"(6, 1)-(6, 19)",b'using c10::IValue;'
csrc,../repos/pytorch/torch/csrc/jit/python/python_arg_flatten.cpp,"(10, 1)-(10, 33)",b'using namespace torch::autograd;'
csrc,../repos/pytorch/torch/csrc/jit/python/python_arg_flatten.cpp,"(11, 1)-(11, 20)",b'using namespace at;'
csrc,../repos/pytorch/torch/csrc/jit/python/pybind_utils.h,"(328, 3)-(328, 20)",b'using pair::pair;'
csrc,../repos/pytorch/torch/csrc/jit/python/pybind_utils.h,"(745, 3)-(745, 43)",b'using std::runtime_error::runtime_error;'
csrc,../repos/pytorch/torch/csrc/jit/python/python_ir.cpp,"(33, 1)-(33, 17)",b'using c10::Type;'
csrc,../repos/pytorch/torch/csrc/jit/python/python_ir.cpp,"(816, 3)-(816, 21)",b'using ::c10::Type;'
csrc,../repos/pytorch/torch/csrc/jit/python/python_ir.cpp,"(1115, 3)-(1115, 29)",b'using ::c10::InferredType;'
csrc,../repos/pytorch/torch/csrc/jit/python/python_tracer.cpp,"(17, 1)-(17, 33)",b'using namespace torch::autograd;'
csrc,../repos/pytorch/torch/csrc/jit/python/python_tracer.cpp,"(18, 1)-(18, 28)",b'using namespace torch::jit;'
csrc,../repos/pytorch/torch/csrc/jit/python/python_tracer.cpp,"(19, 1)-(19, 36)",b'using namespace torch::jit::tracer;'
csrc,../repos/pytorch/torch/csrc/jit/python/script_init.cpp,"(79, 1)-(79, 23)",b'using ::c10::Argument;'
csrc,../repos/pytorch/torch/csrc/jit/python/script_init.cpp,"(80, 1)-(80, 29)",b'using ::c10::FunctionSchema;'
csrc,../repos/pytorch/torch/csrc/jit/python/init.cpp,"(124, 1)-(124, 22)",b'using c10::AliasInfo;'
csrc,../repos/pytorch/torch/csrc/jit/python/init.cpp,"(125, 1)-(125, 21)",b'using c10::Argument;'
csrc,../repos/pytorch/torch/csrc/jit/python/init.cpp,"(126, 1)-(126, 27)",b'using c10::FunctionSchema;'
csrc,../repos/pytorch/torch/csrc/jit/python/init.cpp,"(127, 1)-(127, 26)",b'using c10::SchemaArgType;'
csrc,../repos/pytorch/torch/csrc/jit/python/init.cpp,"(128, 1)-(128, 27)",b'using c10::SchemaArgument;'
csrc,../repos/pytorch/torch/csrc/jit/python/init.cpp,"(129, 1)-(129, 20)",b'using c10::SymNode;'
csrc,../repos/pytorch/torch/csrc/jit/python/init.cpp,"(130, 1)-(130, 46)",b'using caffe2::serialize::PyTorchStreamReader;'
csrc,../repos/pytorch/torch/csrc/jit/python/init.cpp,"(131, 1)-(131, 46)",b'using caffe2::serialize::PyTorchStreamWriter;'
csrc,../repos/pytorch/torch/csrc/jit/python/init.cpp,"(132, 1)-(132, 32)",b'using torch::utils::SchemaInfo;'
csrc,../repos/pytorch/torch/csrc/jit/python/init.cpp,"(136, 1)-(136, 31)",b'using autograd::variable_list;'
csrc,../repos/pytorch/torch/csrc/jit/python/init.cpp,"(931, 13)-(931, 52)",b'using namespace torch::jit::tensorexpr;'
csrc,../repos/pytorch/torch/csrc/jit/python/init.cpp,"(937, 13)-(937, 52)",b'using namespace torch::jit::tensorexpr;'
csrc,../repos/pytorch/torch/csrc/jit/python/init.cpp,"(943, 13)-(943, 52)",b'using namespace torch::jit::tensorexpr;'
csrc,../repos/pytorch/torch/csrc/jit/python/init.cpp,"(949, 13)-(949, 52)",b'using namespace torch::jit::tensorexpr;'
csrc,../repos/pytorch/torch/csrc/jit/python/init.cpp,"(955, 13)-(955, 52)",b'using namespace torch::jit::tensorexpr;'
csrc,../repos/pytorch/torch/csrc/jit/python/init.cpp,"(961, 13)-(961, 52)",b'using namespace torch::jit::tensorexpr;'
csrc,../repos/pytorch/torch/csrc/jit/python/init.cpp,"(979, 13)-(979, 52)",b'using namespace torch::jit::tensorexpr;'
csrc,../repos/pytorch/torch/csrc/jit/python/init.cpp,"(985, 13)-(985, 52)",b'using namespace torch::jit::tensorexpr;'
csrc,../repos/pytorch/torch/csrc/jit/python/init.cpp,"(991, 13)-(991, 52)",b'using namespace torch::jit::tensorexpr;'
csrc,../repos/pytorch/torch/csrc/jit/python/init.cpp,"(997, 13)-(997, 52)",b'using namespace torch::jit::tensorexpr;'
csrc,../repos/pytorch/torch/csrc/jit/python/init.cpp,"(1003, 13)-(1003, 52)",b'using namespace torch::jit::tensorexpr;'
csrc,../repos/pytorch/torch/csrc/jit/python/init.cpp,"(1009, 13)-(1009, 52)",b'using namespace torch::jit::tensorexpr;'
csrc,../repos/pytorch/torch/csrc/jit/ir/attributes.h,"(14, 1)-(14, 21)",b'using ::c10::Symbol;'
csrc,../repos/pytorch/torch/csrc/jit/ir/constants.h,"(15, 1)-(15, 21)",b'using ::c10::IValue;'
csrc,../repos/pytorch/torch/csrc/jit/ir/constants.h,"(22, 3)-(22, 38)",b'using runtime_error::runtime_error;'
csrc,../repos/pytorch/torch/csrc/jit/ir/scope.h,"(28, 1)-(28, 19)",b'using c10::Symbol;'
csrc,../repos/pytorch/torch/csrc/jit/ir/ir.h,"(43, 1)-(43, 23)",b'using ::c10::Argument;'
csrc,../repos/pytorch/torch/csrc/jit/ir/ir.h,"(44, 1)-(44, 29)",b'using ::c10::FunctionSchema;'
csrc,../repos/pytorch/torch/csrc/jit/ir/ir.h,"(45, 1)-(45, 21)",b'using ::c10::Symbol;'
csrc,../repos/pytorch/torch/csrc/jit/ir/ir.h,"(47, 1)-(47, 29)",b'using ::c10::ivalue::Shared;'
csrc,../repos/pytorch/torch/csrc/jit/ir/ir.h,"(49, 1)-(49, 21)",b'using ::c10::IValue;'
csrc,../repos/pytorch/torch/csrc/jit/ir/ir.h,"(50, 1)-(50, 29)",b'using ::c10::ivalue::Future;'
csrc,../repos/pytorch/torch/csrc/jit/ir/ir.h,"(52, 1)-(52, 37)",b'using ::c10::ivalue::ConstantString;'
csrc,../repos/pytorch/torch/csrc/jit/ir/ir.h,"(62, 1)-(62, 19)",b'using ::c10::Type;'
csrc,../repos/pytorch/torch/csrc/jit/ir/ir.h,"(63, 1)-(63, 22)",b'using ::c10::TypeEnv;'
csrc,../repos/pytorch/torch/csrc/jit/ir/ir.h,"(64, 1)-(64, 22)",b'using ::c10::TypePtr;'
csrc,../repos/pytorch/torch/csrc/jit/ir/ir.h,"(66, 1)-(66, 25)",b'using ::c10::getTypePtr;'
csrc,../repos/pytorch/torch/csrc/jit/ir/ir.h,"(67, 1)-(67, 30)",b'using ::c10::MatchTypeReturn;'
csrc,../repos/pytorch/torch/csrc/jit/ir/ir.h,"(68, 1)-(68, 23)",b'using ::c10::TypeKind;'
csrc,../repos/pytorch/torch/csrc/jit/ir/ir.h,"(70, 1)-(70, 19)",b'using ::c10::fmap;'
csrc,../repos/pytorch/torch/csrc/jit/ir/ir.h,"(73, 1)-(73, 29)",b'using namespace ::c10::prim;'
csrc,../repos/pytorch/torch/csrc/jit/ir/ir.h,"(76, 1)-(76, 29)",b'using namespace ::c10::attr;'
csrc,../repos/pytorch/torch/csrc/jit/ir/ir.h,"(79, 1)-(79, 29)",b'using namespace ::c10::aten;'
csrc,../repos/pytorch/torch/csrc/jit/ir/ir.h,"(83, 1)-(83, 29)",b'using namespace ::c10::cuda;'
csrc,../repos/pytorch/torch/csrc/jit/ir/ir.h,"(1585, 3)-(1585, 20)",b'using Node::Node;'
csrc,../repos/pytorch/torch/csrc/jit/serialization/python_print.cpp,"(23, 1)-(23, 26)",b'using c10::QualifiedName;'
csrc,../repos/pytorch/torch/csrc/jit/serialization/flatbuffer_serializer.cpp,"(34, 1)-(34, 38)",b'using flatbuffers::FlatBufferBuilder;'
csrc,../repos/pytorch/torch/csrc/jit/serialization/flatbuffer_serializer.cpp,"(35, 1)-(35, 40)",b'using mobile::serialization::CreateArg;'
csrc,../repos/pytorch/torch/csrc/jit/serialization/flatbuffer_serializer.cpp,"(36, 1)-(36, 46)",b'using mobile::serialization::CreateDebugInfo;'
csrc,../repos/pytorch/torch/csrc/jit/serialization/flatbuffer_serializer.cpp,"(37, 1)-(37, 41)",b'using mobile::serialization::CreateDict;'
csrc,../repos/pytorch/torch/csrc/jit/serialization/flatbuffer_serializer.cpp,"(38, 1)-(38, 51)",b'using mobile::serialization::CreateFunctionDirect;'
csrc,../repos/pytorch/torch/csrc/jit/serialization/flatbuffer_serializer.cpp,"(39, 1)-(39, 43)",b'using mobile::serialization::CreateIValue;'
csrc,../repos/pytorch/torch/csrc/jit/serialization/flatbuffer_serializer.cpp,"(40, 1)-(40, 41)",b'using mobile::serialization::CreateList;'
csrc,../repos/pytorch/torch/csrc/jit/serialization/flatbuffer_serializer.cpp,"(41, 1)-(41, 43)",b'using mobile::serialization::CreateModule;'
csrc,../repos/pytorch/torch/csrc/jit/serialization/flatbuffer_serializer.cpp,"(42, 1)-(42, 43)",b'using mobile::serialization::CreateObject;'
csrc,../repos/pytorch/torch/csrc/jit/serialization/flatbuffer_serializer.cpp,"(43, 1)-(43, 45)",b'using mobile::serialization::CreateOperator;'
csrc,../repos/pytorch/torch/csrc/jit/serialization/flatbuffer_serializer.cpp,"(44, 1)-(44, 57)",b'using mobile::serialization::CreateTensorMeta...'
csrc,../repos/pytorch/torch/csrc/jit/serialization/flatbuffer_serializer.cpp,"(45, 1)-(45, 48)",b'using mobile::serialization::CreateTupleDirect;'
csrc,../repos/pytorch/torch/csrc/jit/serialization/flatbuffer_serializer.cpp,"(707, 3)-(707, 44)",b'using mobile::serialization::IValueUnion;'
csrc,../repos/pytorch/torch/csrc/jit/serialization/import_export_functions.h,"(7, 1)-(7, 19)",b'using c10::IValue;'
csrc,../repos/pytorch/torch/csrc/jit/serialization/pickler.h,"(96, 1)-(96, 21)",b'using ::c10::IValue;'
csrc,../repos/pytorch/torch/csrc/jit/serialization/unpickler.cpp,"(17, 1)-(17, 21)",b'using ::c10::IValue;'
csrc,../repos/pytorch/torch/csrc/jit/serialization/import_legacy.cpp,"(23, 1)-(23, 46)",b'using caffe2::serialize::PyTorchStreamReader;'
csrc,../repos/pytorch/torch/csrc/jit/serialization/pickler.cpp,"(16, 1)-(16, 21)",b'using ::c10::IValue;'
csrc,../repos/pytorch/torch/csrc/jit/serialization/import.cpp,"(42, 1)-(42, 44)",b'using caffe2::serialize::MemoryReadAdapter;'
csrc,../repos/pytorch/torch/csrc/jit/serialization/import.cpp,"(43, 1)-(43, 46)",b'using caffe2::serialize::PyTorchStreamReader;'
csrc,../repos/pytorch/torch/csrc/jit/serialization/import.cpp,"(44, 1)-(44, 47)",b'using caffe2::serialize::ReadAdapterInterface;'
csrc,../repos/pytorch/torch/csrc/jit/api/function_impl.h,"(108, 3)-(108, 24)",b'using Function::call;'
csrc,../repos/pytorch/torch/csrc/jit/api/module.h,"(37, 1)-(37, 23)",b'using ::c10::Argument;'
csrc,../repos/pytorch/torch/csrc/jit/api/module.h,"(38, 1)-(38, 29)",b'using ::c10::FunctionSchema;'
csrc,../repos/pytorch/torch/csrc/jit/api/module.h,"(39, 1)-(39, 28)",b'using ::c10::QualifiedName;'
csrc,../repos/pytorch/torch/csrc/jit/passes/onnx/preprocess_for_onnx.cpp,"(13, 1)-(13, 29)",b'using namespace ::c10::onnx;'
csrc,../repos/pytorch/torch/csrc/jit/passes/onnx/cast_all_constant_to_floating.cpp,"(7, 1)-(7, 29)",b'using namespace ::c10::onnx;'
csrc,../repos/pytorch/torch/csrc/jit/passes/onnx/peephole.cpp,"(30, 1)-(30, 29)",b'using namespace ::c10::onnx;'
csrc,../repos/pytorch/torch/csrc/jit/passes/onnx/eliminate_unused_items.cpp,"(11, 1)-(11, 29)",b'using namespace ::c10::onnx;'
csrc,../repos/pytorch/torch/csrc/jit/passes/onnx/constant_fold.cpp,"(16, 1)-(16, 29)",b'using namespace ::c10::onnx;'
csrc,../repos/pytorch/torch/csrc/jit/passes/onnx/fixup_onnx_controlflow.cpp,"(15, 1)-(15, 29)",b'using namespace ::c10::onnx;'
csrc,../repos/pytorch/torch/csrc/jit/passes/onnx/list_model_parameters.cpp,"(11, 1)-(11, 29)",b'using namespace ::c10::onnx;'
csrc,../repos/pytorch/torch/csrc/jit/passes/onnx/deduplicate_initializers.cpp,"(11, 1)-(11, 29)",b'using namespace ::c10::onnx;'
csrc,../repos/pytorch/torch/csrc/jit/passes/onnx/helper.cpp,"(18, 1)-(18, 29)",b'using namespace ::c10::onnx;'
csrc,../repos/pytorch/torch/csrc/jit/passes/onnx/eval_peephole.cpp,"(14, 1)-(14, 29)",b'using namespace ::c10::onnx;'
csrc,../repos/pytorch/torch/csrc/jit/passes/onnx/constant_map.cpp,"(14, 1)-(14, 29)",b'using namespace ::c10::onnx;'
csrc,../repos/pytorch/torch/csrc/jit/passes/onnx/scalar_type_analysis.cpp,"(11, 1)-(11, 29)",b'using namespace ::c10::onnx;'
csrc,../repos/pytorch/torch/csrc/jit/passes/onnx/unpack_quantized_weights.cpp,"(18, 1)-(18, 25)",b'using ::c10::Dispatcher;'
csrc,../repos/pytorch/torch/csrc/jit/passes/onnx/unpack_quantized_weights.cpp,"(22, 1)-(22, 29)",b'using namespace ::c10::onnx;'
csrc,../repos/pytorch/torch/csrc/jit/passes/concat_opt.cpp,"(508, 3)-(508, 20)",b'using c10::ssize;'
csrc,../repos/pytorch/torch/csrc/jit/passes/create_autodiff_subgraphs.cpp,"(19, 3)-(19, 20)",b'using pair::pair;'
csrc,../repos/pytorch/torch/csrc/jit/passes/fold_conv_bn.cpp,"(41, 1)-(41, 41)",b'using graph_rewrite_helper::PatternInfo;'
csrc,../repos/pytorch/torch/csrc/jit/passes/symbolic_shape_analysis.cpp,"(69, 3)-(69, 20)",b'using pair::pair;'
csrc,../repos/pytorch/torch/csrc/jit/passes/quantization/helper.h,"(14, 1)-(14, 41)",b'using graph_rewrite_helper::getFuncName;'
csrc,../repos/pytorch/torch/csrc/jit/passes/quantization/insert_observers.cpp,"(43, 1)-(43, 41)",b'using graph_rewrite_helper::PatternInfo;'
csrc,../repos/pytorch/torch/csrc/jit/passes/quantization/insert_observers.cpp,"(44, 1)-(44, 60)",b'using graph_rewrite_helper::replaceConvolutio...'
csrc,../repos/pytorch/torch/csrc/jit/passes/quantization/helper.cpp,"(11, 1)-(11, 41)",b'using graph_rewrite_helper::getFuncName;'
csrc,../repos/pytorch/torch/csrc/jit/passes/quantization/insert_quant_dequant.cpp,"(22, 1)-(22, 41)",b'using graph_rewrite_helper::PatternInfo;'
csrc,../repos/pytorch/torch/csrc/jit/passes/inliner.cpp,"(13, 1)-(13, 29)",b'using namespace ::c10::prim;'
csrc,../repos/pytorch/torch/csrc/jit/passes/shape_analysis.cpp,"(113, 1)-(113, 29)",b'using namespace ::c10::prim;'
csrc,../repos/pytorch/torch/csrc/jit/passes/dead_code_elimination.cpp,"(14, 1)-(14, 29)",b'using namespace ::c10::prim;'
csrc,../repos/pytorch/torch/csrc/jit/tensorexpr/cpp_codegen.h,"(28, 3)-(28, 26)",b'using IRPrinter::visit;'
csrc,../repos/pytorch/torch/csrc/jit/tensorexpr/kernel.cpp,"(22, 1)-(22, 28)",b'using namespace torch::jit;'
csrc,../repos/pytorch/torch/csrc/jit/tensorexpr/kernel.cpp,"(23, 1)-(23, 40)",b'using namespace torch::jit::tensorexpr;'
csrc,../repos/pytorch/torch/csrc/jit/tensorexpr/llvm_jit.cpp,"(49, 1)-(49, 40)",b'using namespace torch::jit::tensorexpr;'
csrc,../repos/pytorch/torch/csrc/jit/tensorexpr/llvm_jit.cpp,"(121, 3)-(121, 24)",b'using namespace llvm;'
csrc,../repos/pytorch/torch/csrc/jit/tensorexpr/llvm_jit.cpp,"(122, 3)-(122, 29)",b'using namespace llvm::orc;'
csrc,../repos/pytorch/torch/csrc/jit/tensorexpr/types.h,"(157, 1)-(157, 37)",b'using torch::jit::tensorexpr::Dtype;'
csrc,../repos/pytorch/torch/csrc/jit/tensorexpr/types.h,"(159, 1)-(159, 42)",b'using torch::jit::tensorexpr::ScalarType;'
csrc,../repos/pytorch/torch/csrc/jit/tensorexpr/ir_printer.h,"(121, 1)-(121, 36)",b'using torch::jit::tensorexpr::Expr;'
csrc,../repos/pytorch/torch/csrc/jit/tensorexpr/ir_printer.h,"(122, 1)-(122, 39)",b'using torch::jit::tensorexpr::ExprPtr;'
csrc,../repos/pytorch/torch/csrc/jit/tensorexpr/ir_printer.h,"(123, 1)-(123, 36)",b'using torch::jit::tensorexpr::Stmt;'
csrc,../repos/pytorch/torch/csrc/jit/tensorexpr/ir_printer.h,"(124, 1)-(124, 39)",b'using torch::jit::tensorexpr::StmtPtr;'
csrc,../repos/pytorch/torch/csrc/jit/tensorexpr/ir_printer.h,"(125, 1)-(125, 38)",b'using torch::jit::tensorexpr::Tensor;'
csrc,../repos/pytorch/torch/csrc/jit/tensorexpr/expr.h,"(94, 3)-(94, 20)",b'using Base::Base;'
csrc,../repos/pytorch/torch/csrc/jit/tensorexpr/external_functions.cpp,"(1411, 3)-(1411, 38)",b'using namespace at::native::mkldnn;'
csrc,../repos/pytorch/torch/csrc/jit/tensorexpr/external_functions.cpp,"(1435, 3)-(1435, 39)",b'using namespace at::native::xnnpack;'
csrc,../repos/pytorch/torch/csrc/jit/tensorexpr/external_functions.cpp,"(1458, 3)-(1458, 39)",b'using namespace at::native::xnnpack;'
csrc,../repos/pytorch/torch/csrc/jit/tensorexpr/loopnest.cpp,"(1145, 3)-(1145, 28)",b'using namespace analysis;'
csrc,../repos/pytorch/torch/csrc/jit/tensorexpr/operators/quantization.cpp,"(7, 1)-(7, 40)",b'using namespace torch::jit::tensorexpr;'
csrc,../repos/pytorch/torch/csrc/jit/tensorexpr/operators/softmax.cpp,"(7, 1)-(7, 40)",b'using namespace torch::jit::tensorexpr;'
csrc,../repos/pytorch/torch/csrc/jit/tensorexpr/operators/pointwise.cpp,"(8, 1)-(8, 40)",b'using namespace torch::jit::tensorexpr;'
csrc,../repos/pytorch/torch/csrc/jit/tensorexpr/operators/reduction.cpp,"(3, 1)-(3, 40)",b'using namespace torch::jit::tensorexpr;'
csrc,../repos/pytorch/torch/csrc/jit/tensorexpr/llvm_codegen.cpp,"(78, 1)-(78, 40)",b'using namespace torch::jit::tensorexpr;'
csrc,../repos/pytorch/torch/csrc/jit/tensorexpr/cuda_codegen.h,"(190, 3)-(190, 33)",b'using IRPrinter::name_manager;'
csrc,../repos/pytorch/torch/csrc/jit/tensorexpr/cuda_codegen.h,"(191, 3)-(191, 26)",b'using IRPrinter::visit;'
csrc,../repos/pytorch/torch/csrc/jit/tensorexpr/block_codegen.h,"(71, 3)-(71, 33)",b'using IRPrinter::name_manager;'
csrc,../repos/pytorch/torch/csrc/jit/tensorexpr/block_codegen.h,"(72, 3)-(72, 26)",b'using IRPrinter::visit;'
csrc,../repos/pytorch/torch/csrc/jit/tensorexpr/bounds_inference.cpp,"(17, 1)-(17, 26)",b'using namespace analysis;'
csrc,../repos/pytorch/torch/csrc/jit/tensorexpr/tensorexpr_init.cpp,"(24, 1)-(24, 40)",b'using namespace torch::jit::tensorexpr;'
csrc,../repos/pytorch/torch/csrc/Exceptions.h,"(284, 3)-(284, 36)",b'using PyTorchError::PyTorchError;'
csrc,../repos/pytorch/torch/csrc/lazy/ts_backend/ts_native_functions.cpp,"(23, 1)-(23, 18)",b'using at::Tensor;'
csrc,../repos/pytorch/torch/csrc/lazy/ts_backend/tensor_aten_ops.cpp,"(24, 1)-(24, 29)",b'using namespace torch::lazy;'
csrc,../repos/pytorch/torch/csrc/dynamo/python_compiled_autograd.cpp,"(50, 1)-(50, 19)",b'using c10::SymInt;'
csrc,../repos/pytorch/torch/csrc/dynamo/compiled_autograd.h,"(13, 1)-(13, 33)",b'using namespace torch::autograd;'
csrc,../repos/pytorch/torch/csrc/dynamo/init.cpp,"(13, 1)-(13, 70)",b'using torch::dynamo::autograd::torch_c_dynamo...'
