Repo name,File name,Location,Content
csrc,../repos/pytorch/torch/csrc/distributed/c10d/ProcessGroupUCC.hpp,"(97, 5)-(97, 34)",b'friend class ProcessGroupUCC;'
csrc,../repos/pytorch/torch/csrc/distributed/c10d/ProcessGroupUCC.hpp,"(98, 5)-(98, 23)",b'friend class Comm;'
csrc,../repos/pytorch/torch/csrc/distributed/c10d/ProcessGroupUCC.hpp,"(114, 5)-(114, 34)",b'friend class ProcessGroupUCC;'
csrc,../repos/pytorch/torch/csrc/distributed/c10d/ProcessGroupUCC.hpp,"(115, 5)-(115, 23)",b'friend class Comm;'
csrc,../repos/pytorch/torch/csrc/distributed/c10d/ProcessGroupWrapper.cpp,"(69, 3)-(71, 60)",b'friend std::ostream& operator<<(\n      std::o...'
csrc,../repos/pytorch/torch/csrc/profiler/containers.h,"(145, 5)-(147, 6)","b'friend bool operator==(const Iterator& a, con...'"
csrc,../repos/pytorch/torch/csrc/profiler/containers.h,"(148, 5)-(150, 6)","b'friend bool operator!=(const Iterator& a, con...'"
csrc,../repos/pytorch/torch/csrc/profiler/unwind/eh_frame_hdr.h,"(78, 3)-(83, 4)",b'friend std::ostream& operator<<(std::ostream&...'
csrc,../repos/pytorch/torch/csrc/profiler/unwind/fde.h,"(13, 3)-(21, 4)",b'friend std::ostream& operator<<(std::ostream&...'
csrc,../repos/pytorch/torch/csrc/profiler/unwind/action.h,"(38, 3)-(54, 4)",b'friend std::ostream& operator<<(std::ostream&...'
csrc,../repos/pytorch/torch/csrc/api/include/torch/nn/module.h,"(562, 3)-(562, 33)",b'friend struct AnyModuleHolder;'
csrc,../repos/pytorch/torch/csrc/api/include/torch/nn/module.h,"(572, 3)-(575, 43)",b'friend void replicate_grad_edges(\n      const...'
csrc,../repos/pytorch/torch/csrc/api/include/torch/nn/modules/container/any_value.h,"(84, 3)-(84, 38)",b'friend struct AnyModulePlaceholder;'
csrc,../repos/pytorch/torch/csrc/api/include/torch/nn/modules/container/any_value.h,"(85, 3)-(85, 30)",b'friend struct TestAnyValue;'
csrc,../repos/pytorch/torch/csrc/api/include/torch/ordered_dict.h,"(176, 3)-(178, 35)",b'friend bool operator==(\n      const OrderedDi...'
csrc,../repos/pytorch/torch/csrc/autograd/custom_function.h,"(157, 3)-(157, 25)",b'friend struct CppNode;'
csrc,../repos/pytorch/torch/csrc/jit/backends/xnnpack/executor/xnn_executor.h,"(68, 3)-(68, 28)",b'friend class XNNCompiler;'
csrc,../repos/pytorch/torch/csrc/jit/frontend/source_range.h,"(164, 5)-(164, 34)",b'friend struct StringCordView;'
csrc,../repos/pytorch/torch/csrc/jit/frontend/concrete_module_type.h,"(107, 5)-(114, 6)",b'friend bool operator==(\n        const Functio...'
csrc,../repos/pytorch/torch/csrc/jit/frontend/concrete_module_type.h,"(121, 5)-(123, 6)","b'friend bool operator==(const Attribute& lhs, ...'"
csrc,../repos/pytorch/torch/csrc/jit/frontend/concrete_module_type.h,"(133, 5)-(133, 74)","b'friend bool operator==(const ModuleInfo& lhs,...'"
csrc,../repos/pytorch/torch/csrc/jit/runtime/argument_spec.h,"(24, 3)-(24, 30)",b'friend struct ArgumentSpec;'
csrc,../repos/pytorch/torch/csrc/jit/runtime/argument_spec.h,"(313, 3)-(313, 38)",b'friend struct CompleteArgumentInfo;'
csrc,../repos/pytorch/torch/csrc/jit/runtime/interpreter/code_impl.h,"(71, 3)-(71, 34)",b'friend struct InterpreterState;'
csrc,../repos/pytorch/torch/csrc/jit/runtime/exception_message.h,"(12, 3)-(14, 36)",b'friend std::ostream& operator<<(\n      std::o...'
csrc,../repos/pytorch/torch/csrc/jit/runtime/static/processed_node_wrapper.h,"(50, 5)-(55, 6)",b'friend bool operator==(\n        ProcessedNode...'
csrc,../repos/pytorch/torch/csrc/jit/runtime/static/processed_node_wrapper.h,"(57, 5)-(61, 6)",b'friend bool operator!=(\n        ProcessedNode...'
csrc,../repos/pytorch/torch/csrc/jit/runtime/graph_executor_impl.h,"(90, 3)-(90, 31)",b'friend struct GraphExecutor;'
csrc,../repos/pytorch/torch/csrc/jit/runtime/graph_executor.cpp,"(397, 3)-(397, 31)",b'friend struct ExecutionPlan;'
csrc,../repos/pytorch/torch/csrc/jit/runtime/graph_executor.cpp,"(472, 3)-(472, 64)",b'friend GraphExecutor* detail::getGradExecutor...'
csrc,../repos/pytorch/torch/csrc/jit/runtime/graph_executor.cpp,"(473, 3)-(473, 81)",b'friend GraphExecutor* detail::getDifferentiab...'
csrc,../repos/pytorch/torch/csrc/jit/runtime/graph_executor.cpp,"(657, 3)-(657, 31)",b'friend struct GraphExecutor;'
csrc,../repos/pytorch/torch/csrc/jit/runtime/interpreter.h,"(103, 3)-(103, 38)",b'friend struct InterpreterStateImpl;'
csrc,../repos/pytorch/torch/csrc/jit/codegen/onednn/graph_helper.h,"(95, 3)-(95, 32)",b'friend class LlgaGraphHelper;'
csrc,../repos/pytorch/torch/csrc/jit/mobile/train/optim/sgd.h,"(24, 3)-(24, 78)",b'friend bool operator==(const SGDParamState& l...'
csrc,../repos/pytorch/torch/csrc/jit/cuda/cuda.h,"(64, 3)-(64, 26)",b'friend class CUDAEvent;'
csrc,../repos/pytorch/torch/csrc/jit/cuda/cuda.h,"(121, 3)-(121, 27)",b'friend class CUDAStream;'
csrc,../repos/pytorch/torch/csrc/jit/ir/irparser.cpp,"(25, 3)-(29, 36)",b'friend void parseIR(\n      const std::string&...'
csrc,../repos/pytorch/torch/csrc/jit/ir/alias_analysis.h,"(173, 3)-(173, 33)",b'friend struct MutationRemover;'
csrc,../repos/pytorch/torch/csrc/jit/ir/alias_analysis.h,"(313, 3)-(313, 39)",b'friend void Lint(const AliasDb* db);'
csrc,../repos/pytorch/torch/csrc/jit/ir/ir.h,"(184, 3)-(184, 22)",b'friend struct Node;'
csrc,../repos/pytorch/torch/csrc/jit/ir/ir.h,"(185, 3)-(185, 23)",b'friend struct Graph;'
csrc,../repos/pytorch/torch/csrc/jit/ir/ir.h,"(1026, 3)-(1026, 22)",b'friend struct Node;'
csrc,../repos/pytorch/torch/csrc/jit/ir/ir.h,"(1027, 3)-(1027, 23)",b'friend struct Graph;'
csrc,../repos/pytorch/torch/csrc/jit/ir/ir.h,"(1183, 3)-(1183, 22)",b'friend struct Node;'
csrc,../repos/pytorch/torch/csrc/jit/ir/ir.h,"(1184, 3)-(1184, 23)",b'friend struct Value;'
csrc,../repos/pytorch/torch/csrc/jit/ir/ir.h,"(1185, 3)-(1185, 23)",b'friend struct Block;'
csrc,../repos/pytorch/torch/csrc/jit/ir/ir.h,"(1442, 3)-(1442, 80)",b'friend TORCH_API std::ostream& operator<<(std...'
csrc,../repos/pytorch/torch/csrc/jit/ir/ir.h,"(1449, 3)-(1449, 49)",b'friend TORCH_API void Lint(const AliasDb* db);'
csrc,../repos/pytorch/torch/csrc/jit/ir/ir.h,"(1760, 3)-(1760, 22)",b'friend struct Node;'
csrc,../repos/pytorch/torch/csrc/jit/ir/ir.h,"(1836, 3)-(1836, 22)",b'friend struct Node;'
csrc,../repos/pytorch/torch/csrc/jit/testing/file_check.cpp,"(59, 3)-(59, 70)",b'friend std::ostream& operator<<(std::ostream&...'
csrc,../repos/pytorch/torch/csrc/jit/testing/file_check.cpp,"(244, 3)-(244, 79)",b'friend std::ostream& operator<<(std::ostream&...'
csrc,../repos/pytorch/torch/csrc/jit/serialization/pickler.h,"(114, 3)-(115, 65)",b'friend TORCH_API WriteableTensorData\n  getWri...'
csrc,../repos/pytorch/torch/csrc/jit/api/module.h,"(517, 3)-(523, 4)",b'friend inline bool operator!=(\n      const sl...'
csrc,../repos/pytorch/torch/csrc/jit/api/module.h,"(570, 3)-(570, 24)",b'friend struct Module;'
csrc,../repos/pytorch/torch/csrc/jit/passes/utils/memory_dag.h,"(165, 3)-(165, 26)",b'friend class MemoryDAG;'
csrc,../repos/pytorch/torch/csrc/jit/tensorexpr/codegen.h,"(240, 3)-(240, 32)",b'friend class RegisterCodeGen;'
