Repo name,File name,Location,Content
csrc,../repos/pytorch/torch/csrc/distributed/rpc/message.h,"(4, 10)-(4, 18)",b'#include <vector>\n'
csrc,../repos/pytorch/torch/csrc/distributed/rpc/profiler/remote_profiler_manager.h,"(6, 10)-(6, 25)",b'#include <unordered_map>\n'
csrc,../repos/pytorch/torch/csrc/distributed/rpc/rref_proto.h,"(8, 10)-(8, 18)",b'#include <vector>\n'
csrc,../repos/pytorch/torch/csrc/distributed/rpc/script_remote_call.h,"(7, 10)-(7, 18)",b'#include <vector>\n'
csrc,../repos/pytorch/torch/csrc/distributed/rpc/script_call.h,"(8, 10)-(8, 18)",b'#include <vector>\n'
csrc,../repos/pytorch/torch/csrc/distributed/rpc/python_remote_call.h,"(7, 10)-(7, 18)",b'#include <vector>\n'
csrc,../repos/pytorch/torch/csrc/distributed/autograd/context/container.h,"(4, 10)-(4, 25)",b'#include <unordered_map>\n'
csrc,../repos/pytorch/torch/csrc/distributed/autograd/rpc_messages/propagate_gradients_req.h,"(6, 10)-(6, 18)",b'#include <vector>\n'
csrc,../repos/pytorch/torch/csrc/distributed/autograd/rpc_messages/rpc_with_profiling_req.cpp,"(4, 10)-(4, 18)",b'#include <vector>\n'
csrc,../repos/pytorch/torch/csrc/distributed/autograd/engine/dist_engine.cpp,"(1, 10)-(1, 17)",b'#include <queue>\n'
csrc,../repos/pytorch/torch/csrc/distributed/autograd/engine/dist_engine.h,"(4, 10)-(4, 25)",b'#include <unordered_set>\n'
csrc,../repos/pytorch/torch/csrc/distributed/c10d/UCCUtils.cpp,"(8, 10)-(8, 25)",b'#include <unordered_map>\n'
csrc,../repos/pytorch/torch/csrc/distributed/c10d/UCCUtils.cpp,"(9, 10)-(9, 25)",b'#include <unordered_set>\n'
csrc,../repos/pytorch/torch/csrc/distributed/c10d/ProcessGroupRoundRobin.hpp,"(3, 10)-(3, 18)",b'#include <vector>\n'
csrc,../repos/pytorch/torch/csrc/distributed/c10d/Utils.hpp,"(32, 10)-(32, 18)",b'#include <vector>\n'
csrc,../repos/pytorch/torch/csrc/distributed/c10d/Work.hpp,"(5, 10)-(5, 18)",b'#include <vector>\n'
csrc,../repos/pytorch/torch/csrc/distributed/c10d/HashStore.hpp,"(7, 10)-(7, 25)",b'#include <unordered_map>\n'
csrc,../repos/pytorch/torch/csrc/distributed/c10d/TCPStoreBackend.hpp,"(5, 10)-(5, 18)",b'#include <vector>\n'
csrc,../repos/pytorch/torch/csrc/distributed/c10d/ProcessGroupNCCL.cpp,"(17, 10)-(17, 15)",b'#include <map>\n'
csrc,../repos/pytorch/torch/csrc/distributed/c10d/ProcessGroupNCCL.cpp,"(20, 10)-(20, 25)",b'#include <unordered_set>\n'
csrc,../repos/pytorch/torch/csrc/distributed/c10d/reducer.hpp,"(8, 10)-(8, 25)",b'#include <unordered_map>\n'
csrc,../repos/pytorch/torch/csrc/distributed/c10d/reducer.hpp,"(9, 10)-(9, 18)",b'#include <vector>\n'
csrc,../repos/pytorch/torch/csrc/distributed/c10d/ProcessGroupUCC.hpp,"(10, 10)-(10, 17)",b'#include <queue>\n'
csrc,../repos/pytorch/torch/csrc/distributed/c10d/ProcessGroupUCC.hpp,"(12, 10)-(12, 18)",b'#include <vector>\n'
csrc,../repos/pytorch/torch/csrc/distributed/c10d/Backend.hpp,"(7, 10)-(7, 25)",b'#include <unordered_map>\n'
csrc,../repos/pytorch/torch/csrc/distributed/c10d/Backend.hpp,"(9, 10)-(9, 18)",b'#include <vector>\n'
csrc,../repos/pytorch/torch/csrc/distributed/c10d/TCPStoreBackend.cpp,"(5, 10)-(5, 17)",b'#include <array>\n'
csrc,../repos/pytorch/torch/csrc/distributed/c10d/TCPStoreBackend.cpp,"(7, 10)-(7, 25)",b'#include <unordered_map>\n'
csrc,../repos/pytorch/torch/csrc/distributed/c10d/sequence_num.hpp,"(6, 10)-(6, 18)",b'#include <vector>\n'
csrc,../repos/pytorch/torch/csrc/distributed/c10d/TraceUtils.h,"(15, 10)-(15, 18)",b'#include <vector>\n'
csrc,../repos/pytorch/torch/csrc/distributed/c10d/Store.hpp,"(7, 10)-(7, 18)",b'#include <vector>\n'
csrc,../repos/pytorch/torch/csrc/distributed/c10d/ProcessGroupGloo.hpp,"(6, 10)-(6, 17)",b'#include <deque>\n'
csrc,../repos/pytorch/torch/csrc/distributed/c10d/ProcessGroupGloo.hpp,"(9, 10)-(9, 25)",b'#include <unordered_map>\n'
csrc,../repos/pytorch/torch/csrc/distributed/c10d/ProcessGroupGloo.hpp,"(10, 10)-(10, 18)",b'#include <vector>\n'
csrc,../repos/pytorch/torch/csrc/distributed/c10d/ProcessGroup.hpp,"(8, 10)-(8, 25)",b'#include <unordered_map>\n'
csrc,../repos/pytorch/torch/csrc/distributed/c10d/ProcessGroup.hpp,"(10, 10)-(10, 18)",b'#include <vector>\n'
csrc,../repos/pytorch/torch/csrc/distributed/c10d/ProcessGroupNCCL.hpp,"(9, 10)-(9, 16)",b'#include <list>\n'
csrc,../repos/pytorch/torch/csrc/distributed/c10d/ProcessGroupNCCL.hpp,"(12, 10)-(12, 25)",b'#include <unordered_map>\n'
csrc,../repos/pytorch/torch/csrc/distributed/c10d/ProcessGroupUCC.cpp,"(6, 10)-(6, 16)",b'#include <list>\n'
csrc,../repos/pytorch/torch/csrc/distributed/c10d/ProcessGroupUCC.cpp,"(8, 10)-(8, 25)",b'#include <unordered_map>\n'
csrc,../repos/pytorch/torch/csrc/distributed/c10d/ProcessGroupUCC.cpp,"(9, 10)-(9, 25)",b'#include <unordered_set>\n'
csrc,../repos/pytorch/torch/csrc/distributed/c10d/FileStore.hpp,"(6, 10)-(6, 25)",b'#include <unordered_map>\n'
csrc,../repos/pytorch/torch/csrc/distributed/c10d/socket.cpp,"(13, 10)-(13, 18)",b'#include <vector>\n'
csrc,../repos/pytorch/torch/csrc/distributed/c10d/ProcessGroupMPI.hpp,"(6, 10)-(6, 17)",b'#include <deque>\n'
csrc,../repos/pytorch/torch/csrc/distributed/c10d/ProcessGroupMPI.hpp,"(11, 10)-(11, 18)",b'#include <vector>\n'
csrc,../repos/pytorch/torch/csrc/distributed/c10d/comm.cpp,"(3, 10)-(3, 17)",b'#include <deque>\n'
csrc,../repos/pytorch/torch/csrc/distributed/c10d/ProcessGroupMPI.cpp,"(7, 10)-(7, 15)",b'#include <map>\n'
csrc,../repos/pytorch/torch/csrc/distributed/c10d/quantization/quantization_gpu.h,"(9, 10)-(9, 18)",b'#include <vector>\n'
csrc,../repos/pytorch/torch/csrc/distributed/c10d/quantization/quantization.h,"(9, 10)-(9, 18)",b'#include <vector>\n'
csrc,../repos/pytorch/torch/csrc/distributed/c10d/TCPStore.cpp,"(9, 10)-(9, 17)",b'#include <array>\n'
csrc,../repos/pytorch/torch/csrc/distributed/c10d/TCPStore.cpp,"(16, 10)-(16, 25)",b'#include <unordered_map>\n'
csrc,../repos/pytorch/torch/csrc/distributed/c10d/ParamCommsUtils.hpp,"(8, 10)-(8, 18)",b'#include <vector>\n'
csrc,../repos/pytorch/torch/csrc/distributed/c10d/TCPStoreLibUvBackend.cpp,"(2, 10)-(2, 17)",b'#include <deque>\n'
csrc,../repos/pytorch/torch/csrc/distributed/c10d/TCPStoreLibUvBackend.cpp,"(5, 10)-(5, 25)",b'#include <unordered_map>\n'
csrc,../repos/pytorch/torch/csrc/distributed/c10d/TCPStoreLibUvBackend.cpp,"(6, 10)-(6, 25)",b'#include <unordered_set>\n'
csrc,../repos/pytorch/torch/csrc/distributed/c10d/TCPStoreLibUvBackend.cpp,"(7, 10)-(7, 18)",b'#include <vector>\n'
csrc,../repos/pytorch/torch/csrc/distributed/c10d/NCCLUtils.cpp,"(7, 10)-(7, 18)",b'#include <vector>\n'
csrc,../repos/pytorch/torch/csrc/DynamicTypes.cpp,"(17, 10)-(17, 17)",b'#include <array>\n'
csrc,../repos/pytorch/torch/csrc/DynamicTypes.cpp,"(22, 10)-(22, 25)",b'#include <unordered_map>\n'
csrc,../repos/pytorch/torch/csrc/DynamicTypes.cpp,"(23, 10)-(23, 18)",b'#include <vector>\n'
csrc,../repos/pytorch/torch/csrc/CudaIPCTypes.cpp,"(5, 10)-(5, 15)",b'#include <map>\n'
csrc,../repos/pytorch/torch/csrc/cuda/nccl.cpp,"(17, 10)-(17, 25)",b'#include <unordered_map>\n'
csrc,../repos/pytorch/torch/csrc/cuda/Tensor.cpp,"(10, 10)-(10, 17)",b'#include <stack>\n'
csrc,../repos/pytorch/torch/csrc/cuda/Tensor.cpp,"(12, 10)-(12, 18)",b'#include <vector>\n'
csrc,../repos/pytorch/torch/csrc/cuda/python_comm.cpp,"(11, 10)-(11, 18)",b'#include <vector>\n'
csrc,../repos/pytorch/torch/csrc/cuda/Module.cpp,"(11, 10)-(11, 25)",b'#include <unordered_set>\n'
csrc,../repos/pytorch/torch/csrc/cuda/Module.cpp,"(47, 10)-(47, 17)",b'#include <array>\n'
csrc,../repos/pytorch/torch/csrc/cuda/Module.cpp,"(52, 10)-(52, 25)",b'#include <unordered_map>\n'
csrc,../repos/pytorch/torch/csrc/cuda/comm.cpp,"(19, 10)-(19, 18)",b'#include <vector>\n'
csrc,../repos/pytorch/torch/csrc/cuda/shared/cudnn.cpp,"(7, 10)-(7, 17)",b'#include <array>\n'
csrc,../repos/pytorch/torch/csrc/cuda/comm.h,"(10, 10)-(10, 18)",b'#include <vector>\n'
csrc,../repos/pytorch/torch/csrc/cuda/CUDAPluggableAllocator.h,"(10, 10)-(10, 17)",b'#include <array>\n'
csrc,../repos/pytorch/torch/csrc/cuda/nccl.h,"(8, 10)-(8, 18)",b'#include <vector>\n'
csrc,../repos/pytorch/torch/csrc/cuda/CUDAPluggableAllocator.cpp,"(4, 10)-(4, 25)",b'#include <unordered_map>\n'
csrc,../repos/pytorch/torch/csrc/tensor/python_tensor.cpp,"(26, 10)-(26, 18)",b'#include <vector>\n'
csrc,../repos/pytorch/torch/csrc/Exceptions.cpp,"(4, 10)-(4, 17)",b'#include <array>\n'
csrc,../repos/pytorch/torch/csrc/profiler/containers.h,"(4, 10)-(4, 17)",b'#include <array>\n'
csrc,../repos/pytorch/torch/csrc/profiler/containers.h,"(7, 10)-(7, 24)",b'#include <forward_list>\n'
csrc,../repos/pytorch/torch/csrc/profiler/collection.cpp,"(8, 10)-(8, 17)",b'#include <queue>\n'
csrc,../repos/pytorch/torch/csrc/profiler/unwind/unwind.cpp,"(43, 10)-(43, 18)",b'#include <vector>\n'
csrc,../repos/pytorch/torch/csrc/profiler/unwind/unwind.h,"(5, 10)-(5, 18)",b'#include <vector>\n'
csrc,../repos/pytorch/torch/csrc/profiler/unwind/fde.h,"(5, 10)-(5, 17)",b'#include <array>\n'
csrc,../repos/pytorch/torch/csrc/profiler/unwind/fde.h,"(8, 10)-(8, 18)",b'#include <vector>\n'
csrc,../repos/pytorch/torch/csrc/profiler/orchestration/python_tracer.h,"(6, 10)-(6, 18)",b'#include <vector>\n'
csrc,../repos/pytorch/torch/csrc/profiler/perf.cpp,"(1, 10)-(1, 25)",b'#include <unordered_map>\n'
csrc,../repos/pytorch/torch/csrc/profiler/perf.cpp,"(2, 10)-(2, 25)",b'#include <unordered_set>\n'
csrc,../repos/pytorch/torch/csrc/profiler/perf.h,"(3, 10)-(3, 17)",b'#include <array>\n'
csrc,../repos/pytorch/torch/csrc/profiler/perf.h,"(6, 10)-(6, 17)",b'#include <stack>\n'
csrc,../repos/pytorch/torch/csrc/profiler/perf.h,"(8, 10)-(8, 25)",b'#include <unordered_map>\n'
csrc,../repos/pytorch/torch/csrc/profiler/perf.h,"(10, 10)-(10, 18)",b'#include <vector>\n'
csrc,../repos/pytorch/torch/csrc/profiler/events.h,"(3, 10)-(3, 17)",b'#include <array>\n'
csrc,../repos/pytorch/torch/csrc/profiler/events.h,"(6, 10)-(6, 18)",b'#include <vector>\n'
csrc,../repos/pytorch/torch/csrc/profiler/standalone/execution_trace_observer.cpp,"(17, 10)-(17, 15)",b'#include <map>\n'
csrc,../repos/pytorch/torch/csrc/profiler/standalone/execution_trace_observer.cpp,"(20, 10)-(20, 17)",b'#include <stack>\n'
csrc,../repos/pytorch/torch/csrc/profiler/standalone/execution_trace_observer.cpp,"(21, 10)-(21, 18)",b'#include <vector>\n'
csrc,../repos/pytorch/torch/csrc/profiler/util.h,"(5, 10)-(5, 16)",b'#include <list>\n'
csrc,../repos/pytorch/torch/csrc/profiler/util.h,"(7, 10)-(7, 25)",b'#include <unordered_map>\n'
csrc,../repos/pytorch/torch/csrc/profiler/util.h,"(8, 10)-(8, 18)",b'#include <vector>\n'
csrc,../repos/pytorch/torch/csrc/utils.h,"(13, 10)-(13, 18)",b'#include <vector>\n'
csrc,../repos/pytorch/torch/csrc/utils/tensor_new.cpp,"(35, 10)-(35, 18)",b'#include <vector>\n'
csrc,../repos/pytorch/torch/csrc/utils/python_arg_parser.h,"(78, 10)-(78, 17)",b'#include <array>\n'
csrc,../repos/pytorch/torch/csrc/utils/python_arg_parser.h,"(83, 10)-(83, 18)",b'#include <vector>\n'
csrc,../repos/pytorch/torch/csrc/utils/schema_info.h,"(4, 10)-(4, 25)",b'#include <unordered_set>\n'
csrc,../repos/pytorch/torch/csrc/utils/invalid_arguments.h,"(5, 10)-(5, 18)",b'#include <vector>\n'
csrc,../repos/pytorch/torch/csrc/utils/nested.cpp,"(10, 10)-(10, 18)",b'#include <vector>\n'
csrc,../repos/pytorch/torch/csrc/utils/tensor_flatten.cpp,"(3, 10)-(3, 15)",b'#include <map>\n'
csrc,../repos/pytorch/torch/csrc/utils/tensor_flatten.cpp,"(4, 10)-(4, 25)",b'#include <unordered_map>\n'
csrc,../repos/pytorch/torch/csrc/utils/throughput_benchmark.h,"(13, 10)-(13, 18)",b'#include <vector>\n'
csrc,../repos/pytorch/torch/csrc/utils/python_arg_parser.cpp,"(20, 10)-(20, 25)",b'#include <unordered_map>\n'
csrc,../repos/pytorch/torch/csrc/utils/python_arg_parser.cpp,"(21, 10)-(21, 18)",b'#include <vector>\n'
csrc,../repos/pytorch/torch/csrc/utils/byte_order.cpp,"(6, 10)-(6, 18)",b'#include <vector>\n'
csrc,../repos/pytorch/torch/csrc/utils/tensor_types.cpp,"(15, 10)-(15, 25)",b'#include <unordered_map>\n'
csrc,../repos/pytorch/torch/csrc/utils/tensor_types.h,"(6, 10)-(6, 18)",b'#include <vector>\n'
csrc,../repos/pytorch/torch/csrc/utils/invalid_arguments.cpp,"(9, 10)-(9, 25)",b'#include <unordered_map>\n'
csrc,../repos/pytorch/torch/csrc/DataLoader.cpp,"(25, 10)-(25, 15)",b'#include <map>\n'
csrc,../repos/pytorch/torch/csrc/DataLoader.cpp,"(26, 10)-(26, 15)",b'#include <set>\n'
csrc,../repos/pytorch/torch/csrc/monitor/counters.cpp,"(3, 10)-(3, 25)",b'#include <unordered_set>\n'
csrc,../repos/pytorch/torch/csrc/monitor/events.cpp,"(5, 10)-(5, 18)",b'#include <vector>\n'
csrc,../repos/pytorch/torch/csrc/monitor/counters.h,"(6, 10)-(6, 25)",b'#include <unordered_map>\n'
csrc,../repos/pytorch/torch/csrc/monitor/counters.h,"(7, 10)-(7, 18)",b'#include <vector>\n'
csrc,../repos/pytorch/torch/csrc/monitor/events.h,"(6, 10)-(6, 25)",b'#include <unordered_map>\n'
csrc,../repos/pytorch/torch/csrc/api/src/serialize.cpp,"(5, 10)-(5, 18)",b'#include <vector>\n'
csrc,../repos/pytorch/torch/csrc/api/src/optim/serialize.cpp,"(8, 10)-(8, 17)",b'#include <deque>\n'
csrc,../repos/pytorch/torch/csrc/api/src/optim/serialize.cpp,"(10, 10)-(10, 18)",b'#include <vector>\n'
csrc,../repos/pytorch/torch/csrc/api/src/optim/optimizer.cpp,"(8, 10)-(8, 18)",b'#include <vector>\n'
csrc,../repos/pytorch/torch/csrc/api/src/optim/lbfgs.cpp,"(14, 10)-(14, 18)",b'#include <vector>\n'
csrc,../repos/pytorch/torch/csrc/api/src/python/init.cpp,"(10, 10)-(10, 18)",b'#include <vector>\n'
csrc,../repos/pytorch/torch/csrc/api/src/nn/module.cpp,"(11, 10)-(11, 15)",b'#include <map>\n'
csrc,../repos/pytorch/torch/csrc/api/src/nn/modules/batchnorm.cpp,"(12, 10)-(12, 18)",b'#include <vector>\n'
csrc,../repos/pytorch/torch/csrc/api/src/nn/modules/rnn.cpp,"(10, 10)-(10, 17)",b'#include <array>\n'
csrc,../repos/pytorch/torch/csrc/api/src/nn/modules/rnn.cpp,"(18, 10)-(18, 25)",b'#include <unordered_set>\n'
csrc,../repos/pytorch/torch/csrc/api/src/nn/modules/rnn.cpp,"(20, 10)-(20, 18)",b'#include <vector>\n'
csrc,../repos/pytorch/torch/csrc/api/src/nn/modules/embedding.cpp,"(10, 10)-(10, 18)",b'#include <vector>\n'
csrc,../repos/pytorch/torch/csrc/api/src/nn/modules/conv.cpp,"(16, 10)-(16, 18)",b'#include <vector>\n'
csrc,../repos/pytorch/torch/csrc/api/src/nn/modules/dropout.cpp,"(10, 10)-(10, 18)",b'#include <vector>\n'
csrc,../repos/pytorch/torch/csrc/api/src/data/samplers/sequential.cpp,"(7, 10)-(7, 18)",b'#include <vector>\n'
csrc,../repos/pytorch/torch/csrc/api/src/data/samplers/distributed.cpp,"(9, 10)-(9, 18)",b'#include <vector>\n'
csrc,../repos/pytorch/torch/csrc/api/src/data/samplers/random.cpp,"(7, 10)-(7, 18)",b'#include <vector>\n'
csrc,../repos/pytorch/torch/csrc/api/src/data/datasets/mnist.cpp,"(11, 10)-(11, 18)",b'#include <vector>\n'
csrc,../repos/pytorch/torch/csrc/api/include/torch/optim/adagrad.h,"(10, 10)-(10, 18)",b'#include <vector>\n'
csrc,../repos/pytorch/torch/csrc/api/include/torch/optim/serialize.h,"(9, 10)-(9, 17)",b'#include <deque>\n'
csrc,../repos/pytorch/torch/csrc/api/include/torch/optim/serialize.h,"(11, 10)-(11, 18)",b'#include <vector>\n'
csrc,../repos/pytorch/torch/csrc/api/include/torch/optim/sgd.h,"(11, 10)-(11, 18)",b'#include <vector>\n'
csrc,../repos/pytorch/torch/csrc/api/include/torch/optim/adamw.h,"(8, 10)-(8, 18)",b'#include <vector>\n'
csrc,../repos/pytorch/torch/csrc/api/include/torch/optim/optimizer.h,"(15, 10)-(15, 18)",b'#include <vector>\n'
csrc,../repos/pytorch/torch/csrc/api/include/torch/optim/adam.h,"(8, 10)-(8, 18)",b'#include <vector>\n'
csrc,../repos/pytorch/torch/csrc/api/include/torch/optim/rmsprop.h,"(12, 10)-(12, 18)",b'#include <vector>\n'
csrc,../repos/pytorch/torch/csrc/api/include/torch/optim/lbfgs.h,"(8, 10)-(8, 17)",b'#include <deque>\n'
csrc,../repos/pytorch/torch/csrc/api/include/torch/optim/lbfgs.h,"(11, 10)-(11, 18)",b'#include <vector>\n'
csrc,../repos/pytorch/torch/csrc/api/include/torch/expanding_array.h,"(9, 10)-(9, 17)",b'#include <array>\n'
csrc,../repos/pytorch/torch/csrc/api/include/torch/expanding_array.h,"(13, 10)-(13, 18)",b'#include <vector>\n'
csrc,../repos/pytorch/torch/csrc/api/include/torch/python.h,"(20, 10)-(20, 25)",b'#include <unordered_map>\n'
csrc,../repos/pytorch/torch/csrc/api/include/torch/python.h,"(22, 10)-(22, 18)",b'#include <vector>\n'
csrc,../repos/pytorch/torch/csrc/api/include/torch/nn/parallel/data_parallel.h,"(22, 10)-(22, 18)",b'#include <vector>\n'
csrc,../repos/pytorch/torch/csrc/api/include/torch/nn/options/normalization.h,"(6, 10)-(6, 18)",b'#include <vector>\n'
csrc,../repos/pytorch/torch/csrc/api/include/torch/nn/options/upsampling.h,"(9, 10)-(9, 18)",b'#include <vector>\n'
csrc,../repos/pytorch/torch/csrc/api/include/torch/nn/module.h,"(14, 10)-(14, 15)",b'#include <map>\n'
csrc,../repos/pytorch/torch/csrc/api/include/torch/nn/modules/normalization.h,"(11, 10)-(11, 18)",b'#include <vector>\n'
csrc,../repos/pytorch/torch/csrc/api/include/torch/nn/modules/conv.h,"(18, 10)-(18, 18)",b'#include <vector>\n'
csrc,../repos/pytorch/torch/csrc/api/include/torch/nn/modules/dropout.h,"(11, 10)-(11, 18)",b'#include <vector>\n'
csrc,../repos/pytorch/torch/csrc/api/include/torch/nn/modules/utils.h,"(7, 10)-(7, 18)",b'#include <vector>\n'
csrc,../repos/pytorch/torch/csrc/api/include/torch/nn/modules/loss.h,"(13, 10)-(13, 18)",b'#include <vector>\n'
csrc,../repos/pytorch/torch/csrc/api/include/torch/nn/modules/rnn.h,"(17, 10)-(17, 18)",b'#include <vector>\n'
csrc,../repos/pytorch/torch/csrc/api/include/torch/nn/modules/linear.h,"(11, 10)-(11, 18)",b'#include <vector>\n'
csrc,../repos/pytorch/torch/csrc/api/include/torch/nn/modules/container/named_any.h,"(19, 10)-(19, 18)",b'#include <vector>\n'
csrc,../repos/pytorch/torch/csrc/api/include/torch/nn/modules/container/sequential.h,"(19, 10)-(19, 18)",b'#include <vector>\n'
csrc,../repos/pytorch/torch/csrc/api/include/torch/nn/modules/container/moduledict.h,"(6, 10)-(6, 18)",b'#include <vector>\n'
csrc,../repos/pytorch/torch/csrc/api/include/torch/nn/modules/container/parameterlist.h,"(6, 10)-(6, 18)",b'#include <vector>\n'
csrc,../repos/pytorch/torch/csrc/api/include/torch/nn/modules/container/modulelist.h,"(8, 10)-(8, 18)",b'#include <vector>\n'
csrc,../repos/pytorch/torch/csrc/api/include/torch/nn/modules/container/parameterdict.h,"(7, 10)-(7, 18)",b'#include <vector>\n'
csrc,../repos/pytorch/torch/csrc/api/include/torch/nn/modules/container/any.h,"(19, 10)-(19, 18)",b'#include <vector>\n'
csrc,../repos/pytorch/torch/csrc/api/include/torch/data/detail/queue.h,"(11, 10)-(11, 17)",b'#include <queue>\n'
csrc,../repos/pytorch/torch/csrc/api/include/torch/data/detail/sequencers.h,"(7, 10)-(7, 18)",b'#include <vector>\n'
csrc,../repos/pytorch/torch/csrc/api/include/torch/data/samplers/base.h,"(8, 10)-(8, 18)",b'#include <vector>\n'
csrc,../repos/pytorch/torch/csrc/api/include/torch/data/samplers/distributed.h,"(7, 10)-(7, 18)",b'#include <vector>\n'
csrc,../repos/pytorch/torch/csrc/api/include/torch/data/samplers/random.h,"(8, 10)-(8, 18)",b'#include <vector>\n'
csrc,../repos/pytorch/torch/csrc/api/include/torch/data/samplers/sequential.h,"(8, 10)-(8, 18)",b'#include <vector>\n'
csrc,../repos/pytorch/torch/csrc/api/include/torch/data/dataloader/base.h,"(22, 10)-(22, 18)",b'#include <vector>\n'
csrc,../repos/pytorch/torch/csrc/api/include/torch/data/datasets/base.h,"(12, 10)-(12, 18)",b'#include <vector>\n'
csrc,../repos/pytorch/torch/csrc/api/include/torch/data/datasets/stateful.h,"(7, 10)-(7, 18)",b'#include <vector>\n'
csrc,../repos/pytorch/torch/csrc/api/include/torch/data/datasets/tensor.h,"(8, 10)-(8, 18)",b'#include <vector>\n'
csrc,../repos/pytorch/torch/csrc/api/include/torch/data/datasets/chunk.h,"(7, 10)-(7, 17)",b'#include <queue>\n'
csrc,../repos/pytorch/torch/csrc/api/include/torch/data/transforms/stack.h,"(8, 10)-(8, 18)",b'#include <vector>\n'
csrc,../repos/pytorch/torch/csrc/api/include/torch/data/transforms/lambda.h,"(7, 10)-(7, 18)",b'#include <vector>\n'
csrc,../repos/pytorch/torch/csrc/api/include/torch/data/transforms/base.h,"(6, 10)-(6, 18)",b'#include <vector>\n'
csrc,../repos/pytorch/torch/csrc/api/include/torch/data/transforms/collate.h,"(6, 10)-(6, 18)",b'#include <vector>\n'
csrc,../repos/pytorch/torch/csrc/api/include/torch/imethod.h,"(3, 10)-(3, 18)",b'#include <vector>\n'
csrc,../repos/pytorch/torch/csrc/api/include/torch/ordered_dict.h,"(6, 10)-(6, 25)",b'#include <unordered_map>\n'
csrc,../repos/pytorch/torch/csrc/api/include/torch/ordered_dict.h,"(8, 10)-(8, 18)",b'#include <vector>\n'
csrc,../repos/pytorch/torch/csrc/autograd/input_buffer.cpp,"(18, 10)-(18, 18)",b'#include <vector>\n'
csrc,../repos/pytorch/torch/csrc/autograd/symbolic.h,"(5, 10)-(5, 18)",b'#include <vector>\n'
csrc,../repos/pytorch/torch/csrc/autograd/python_function.h,"(18, 10)-(18, 18)",b'#include <vector>\n'
csrc,../repos/pytorch/torch/csrc/autograd/VariableTypeUtils.h,"(24, 10)-(24, 18)",b'#include <vector>\n'
csrc,../repos/pytorch/torch/csrc/autograd/variable.cpp,"(23, 10)-(23, 18)",b'#include <vector>\n'
csrc,../repos/pytorch/torch/csrc/autograd/python_cpp_function.cpp,"(8, 10)-(8, 25)",b'#include <unordered_map>\n'
csrc,../repos/pytorch/torch/csrc/autograd/functions/utils.h,"(14, 10)-(14, 18)",b'#include <vector>\n'
csrc,../repos/pytorch/torch/csrc/autograd/functions/basic_ops.h,"(10, 10)-(10, 18)",b'#include <vector>\n'
csrc,../repos/pytorch/torch/csrc/autograd/functions/comm.cpp,"(14, 10)-(14, 18)",b'#include <vector>\n'
csrc,../repos/pytorch/torch/csrc/autograd/functions/comm.h,"(12, 10)-(12, 18)",b'#include <vector>\n'
csrc,../repos/pytorch/torch/csrc/autograd/functions/utils.cpp,"(9, 10)-(9, 18)",b'#include <vector>\n'
csrc,../repos/pytorch/torch/csrc/autograd/python_variable.cpp,"(46, 10)-(46, 18)",b'#include <vector>\n'
csrc,../repos/pytorch/torch/csrc/autograd/engine.h,"(20, 10)-(20, 17)",b'#include <deque>\n'
csrc,../repos/pytorch/torch/csrc/autograd/engine.h,"(24, 10)-(24, 17)",b'#include <queue>\n'
csrc,../repos/pytorch/torch/csrc/autograd/engine.h,"(26, 10)-(26, 25)",b'#include <unordered_map>\n'
csrc,../repos/pytorch/torch/csrc/autograd/engine.h,"(28, 10)-(28, 18)",b'#include <vector>\n'
csrc,../repos/pytorch/torch/csrc/autograd/python_function.cpp,"(41, 10)-(41, 25)",b'#include <unordered_map>\n'
csrc,../repos/pytorch/torch/csrc/autograd/python_function.cpp,"(42, 10)-(42, 25)",b'#include <unordered_set>\n'
csrc,../repos/pytorch/torch/csrc/autograd/python_function.cpp,"(44, 10)-(44, 18)",b'#include <vector>\n'
csrc,../repos/pytorch/torch/csrc/autograd/function.cpp,"(15, 10)-(15, 18)",b'#include <vector>\n'
csrc,../repos/pytorch/torch/csrc/autograd/saved_variable.cpp,"(13, 10)-(13, 16)",b'#include <list>\n'
csrc,../repos/pytorch/torch/csrc/autograd/input_buffer.h,"(10, 10)-(10, 18)",b'#include <vector>\n'
csrc,../repos/pytorch/torch/csrc/autograd/utils/warnings.h,"(5, 10)-(5, 18)",b'#include <vector>\n'
csrc,../repos/pytorch/torch/csrc/autograd/profiler_kineto.h,"(4, 10)-(4, 18)",b'#include <vector>\n'
csrc,../repos/pytorch/torch/csrc/autograd/engine.cpp,"(41, 10)-(41, 17)",b'#include <queue>\n'
csrc,../repos/pytorch/torch/csrc/autograd/engine.cpp,"(45, 10)-(45, 25)",b'#include <unordered_set>\n'
csrc,../repos/pytorch/torch/csrc/autograd/profiler_kineto.cpp,"(25, 10)-(25, 17)",b'#include <deque>\n'
csrc,../repos/pytorch/torch/csrc/autograd/profiler_python.cpp,"(5, 10)-(5, 17)",b'#include <deque>\n'
csrc,../repos/pytorch/torch/csrc/autograd/profiler_python.cpp,"(9, 10)-(9, 17)",b'#include <queue>\n'
csrc,../repos/pytorch/torch/csrc/autograd/profiler_python.cpp,"(12, 10)-(12, 18)",b'#include <vector>\n'
csrc,../repos/pytorch/torch/csrc/autograd/python_engine.cpp,"(25, 10)-(25, 25)",b'#include <unordered_set>\n'
csrc,../repos/pytorch/torch/csrc/autograd/python_torch_functions.h,"(3, 10)-(3, 18)",b'#include <vector>\n'
csrc,../repos/pytorch/torch/csrc/autograd/forward_grad.h,"(4, 10)-(4, 25)",b'#include <unordered_set>\n'
csrc,../repos/pytorch/torch/csrc/autograd/profiler_legacy.h,"(4, 10)-(4, 24)",b'#include <forward_list>\n'
csrc,../repos/pytorch/torch/csrc/autograd/profiler_legacy.h,"(11, 10)-(11, 18)",b'#include <vector>\n'
csrc,../repos/pytorch/torch/csrc/autograd/graph_task.h,"(7, 10)-(7, 18)",b'#include <vector>\n'
csrc,../repos/pytorch/torch/csrc/autograd/function.h,"(25, 10)-(25, 18)",b'#include <vector>\n'
csrc,../repos/pytorch/torch/csrc/autograd/python_torch_functions_manual.cpp,"(29, 10)-(29, 18)",b'#include <vector>\n'
csrc,../repos/pytorch/torch/csrc/autograd/autograd_not_implemented_fallback.cpp,"(18, 10)-(18, 18)",b'#include <vector>\n'
csrc,../repos/pytorch/torch/csrc/autograd/custom_function.h,"(9, 10)-(9, 18)",b'#include <vector>\n'
csrc,../repos/pytorch/torch/csrc/autograd/function_hook.h,"(6, 10)-(6, 18)",b'#include <vector>\n'
csrc,../repos/pytorch/torch/csrc/autograd/init.cpp,"(38, 10)-(38, 15)",b'#include <set>\n'
csrc,../repos/pytorch/torch/csrc/autograd/init.cpp,"(39, 10)-(39, 25)",b'#include <unordered_set>\n'
csrc,../repos/pytorch/torch/csrc/autograd/python_variable_indexing.cpp,"(32, 10)-(32, 18)",b'#include <vector>\n'
csrc,../repos/pytorch/torch/csrc/autograd/profiler_legacy.cpp,"(13, 10)-(13, 16)",b'#include <list>\n'
csrc,../repos/pytorch/torch/csrc/autograd/profiler_legacy.cpp,"(17, 10)-(17, 18)",b'#include <vector>\n'
csrc,../repos/pytorch/torch/csrc/autograd/variable.h,"(21, 10)-(21, 18)",b'#include <vector>\n'
csrc,../repos/pytorch/torch/csrc/Module.cpp,"(33, 10)-(33, 25)",b'#include <unordered_map>\n'
csrc,../repos/pytorch/torch/csrc/inductor/aoti_runtime/model_container.h,"(4, 10)-(4, 17)",b'#include <deque>\n'
csrc,../repos/pytorch/torch/csrc/inductor/aoti_runtime/model.h,"(10, 10)-(10, 25)",b'#include <unordered_map>\n'
csrc,../repos/pytorch/torch/csrc/inductor/aoti_runtime/model.h,"(11, 10)-(11, 18)",b'#include <vector>\n'
csrc,../repos/pytorch/torch/csrc/jit/jit_log.cpp,"(6, 10)-(6, 25)",b'#include <unordered_map>\n'
csrc,../repos/pytorch/torch/csrc/jit/jit_log.cpp,"(7, 10)-(7, 18)",b'#include <vector>\n'
csrc,../repos/pytorch/torch/csrc/jit/backends/backend_detail.cpp,"(11, 10)-(11, 17)",b'#include <stack>\n'
csrc,../repos/pytorch/torch/csrc/jit/backends/backend_detail.cpp,"(12, 10)-(12, 25)",b'#include <unordered_map>\n'
csrc,../repos/pytorch/torch/csrc/jit/backends/backend_debug_handler.cpp,"(3, 10)-(3, 17)",b'#include <stack>\n'
csrc,../repos/pytorch/torch/csrc/jit/backends/xnnpack/serialization/serializer.h,"(10, 10)-(10, 18)",b'#include <vector>\n'
csrc,../repos/pytorch/torch/csrc/jit/backends/xnnpack/xnnpack_graph_builder.h,"(10, 10)-(10, 25)",b'#include <unordered_set>\n'
csrc,../repos/pytorch/torch/csrc/jit/backends/xnnpack/xnnpack_graph_builder.h,"(11, 10)-(11, 18)",b'#include <vector>\n'
csrc,../repos/pytorch/torch/csrc/jit/backends/xnnpack/executor/xnn_executor.h,"(9, 10)-(9, 18)",b'#include <vector>\n'
csrc,../repos/pytorch/torch/csrc/jit/backends/xnnpack/compiler/xnn_compiler.h,"(9, 10)-(9, 18)",b'#include <vector>\n'
csrc,../repos/pytorch/torch/csrc/jit/frontend/lexer.cpp,"(7, 10)-(7, 25)",b'#include <unordered_map>\n'
csrc,../repos/pytorch/torch/csrc/jit/frontend/tree.h,"(5, 10)-(5, 25)",b'#include <unordered_map>\n'
csrc,../repos/pytorch/torch/csrc/jit/frontend/tree.h,"(6, 10)-(6, 18)",b'#include <vector>\n'
csrc,../repos/pytorch/torch/csrc/jit/frontend/versioned_symbols.cpp,"(6, 10)-(6, 25)",b'#include <unordered_map>\n'
csrc,../repos/pytorch/torch/csrc/jit/frontend/function_schema_parser.cpp,"(13, 10)-(13, 18)",b'#include <vector>\n'
csrc,../repos/pytorch/torch/csrc/jit/frontend/source_range.h,"(12, 10)-(12, 25)",b'#include <unordered_map>\n'
csrc,../repos/pytorch/torch/csrc/jit/frontend/ir_emitter.cpp,"(43, 10)-(43, 15)",b'#include <set>\n'
csrc,../repos/pytorch/torch/csrc/jit/frontend/ir_emitter.cpp,"(44, 10)-(44, 17)",b'#include <stack>\n'
csrc,../repos/pytorch/torch/csrc/jit/frontend/concrete_module_type.h,"(8, 10)-(8, 18)",b'#include <vector>\n'
csrc,../repos/pytorch/torch/csrc/jit/frontend/tracer.h,"(17, 10)-(17, 25)",b'#include <unordered_map>\n'
csrc,../repos/pytorch/torch/csrc/jit/frontend/tracer.h,"(18, 10)-(18, 18)",b'#include <vector>\n'
csrc,../repos/pytorch/torch/csrc/jit/frontend/lexer.h,"(15, 10)-(15, 18)",b'#include <vector>\n'
csrc,../repos/pytorch/torch/csrc/jit/runtime/symbolic_shape_registry_util.cpp,"(6, 10)-(6, 25)",b'#include <unordered_map>\n'
csrc,../repos/pytorch/torch/csrc/jit/runtime/argument_spec.h,"(11, 10)-(11, 18)",b'#include <vector>\n'
csrc,../repos/pytorch/torch/csrc/jit/runtime/decomposition_registry.cpp,"(18, 10)-(18, 25)",b'#include <unordered_map>\n'
csrc,../repos/pytorch/torch/csrc/jit/runtime/interpreter/code_impl.h,"(4, 10)-(4, 25)",b'#include <unordered_map>\n'
csrc,../repos/pytorch/torch/csrc/jit/runtime/interpreter/code_impl.h,"(5, 10)-(5, 18)",b'#include <vector>\n'
csrc,../repos/pytorch/torch/csrc/jit/runtime/interpreter/preprocess_graph.h,"(4, 10)-(4, 25)",b'#include <unordered_map>\n'
csrc,../repos/pytorch/torch/csrc/jit/runtime/autodiff.h,"(7, 10)-(7, 18)",b'#include <vector>\n'
csrc,../repos/pytorch/torch/csrc/jit/runtime/logging.cpp,"(6, 10)-(6, 25)",b'#include <unordered_map>\n'
csrc,../repos/pytorch/torch/csrc/jit/runtime/register_prim_ops_fulljit.cpp,"(24, 10)-(24, 25)",b'#include <unordered_map>\n'
csrc,../repos/pytorch/torch/csrc/jit/runtime/register_prim_ops_fulljit.cpp,"(25, 10)-(25, 25)",b'#include <unordered_set>\n'
csrc,../repos/pytorch/torch/csrc/jit/runtime/register_prim_ops_fulljit.cpp,"(27, 10)-(27, 18)",b'#include <vector>\n'
csrc,../repos/pytorch/torch/csrc/jit/runtime/logging.h,"(5, 10)-(5, 25)",b'#include <unordered_map>\n'
csrc,../repos/pytorch/torch/csrc/jit/runtime/logging.h,"(6, 10)-(6, 18)",b'#include <vector>\n'
csrc,../repos/pytorch/torch/csrc/jit/runtime/static/ops.cpp,"(41, 10)-(41, 25)",b'#include <unordered_map>\n'
csrc,../repos/pytorch/torch/csrc/jit/runtime/register_prim_ops.cpp,"(26, 10)-(26, 25)",b'#include <unordered_map>\n'
csrc,../repos/pytorch/torch/csrc/jit/runtime/register_prim_ops.cpp,"(27, 10)-(27, 25)",b'#include <unordered_set>\n'
csrc,../repos/pytorch/torch/csrc/jit/runtime/register_prim_ops.cpp,"(29, 10)-(29, 18)",b'#include <vector>\n'
csrc,../repos/pytorch/torch/csrc/jit/runtime/operator.h,"(23, 10)-(23, 25)",b'#include <unordered_map>\n'
csrc,../repos/pytorch/torch/csrc/jit/runtime/operator.h,"(26, 10)-(26, 18)",b'#include <vector>\n'
csrc,../repos/pytorch/torch/csrc/jit/runtime/script_profile.h,"(4, 10)-(4, 15)",b'#include <map>\n'
csrc,../repos/pytorch/torch/csrc/jit/runtime/graph_executor_impl.h,"(26, 10)-(26, 25)",b'#include <unordered_map>\n'
csrc,../repos/pytorch/torch/csrc/jit/runtime/graph_executor_impl.h,"(28, 10)-(28, 18)",b'#include <vector>\n'
csrc,../repos/pytorch/torch/csrc/jit/runtime/graph_executor.cpp,"(52, 10)-(52, 25)",b'#include <unordered_map>\n'
csrc,../repos/pytorch/torch/csrc/jit/runtime/graph_executor.cpp,"(54, 10)-(54, 18)",b'#include <vector>\n'
csrc,../repos/pytorch/torch/csrc/jit/runtime/profiling_record.h,"(10, 10)-(10, 16)",b'#include <list>\n'
csrc,../repos/pytorch/torch/csrc/jit/runtime/profiling_record.h,"(11, 10)-(11, 15)",b'#include <map>\n'
csrc,../repos/pytorch/torch/csrc/jit/runtime/profiling_record.h,"(12, 10)-(12, 25)",b'#include <unordered_map>\n'
csrc,../repos/pytorch/torch/csrc/jit/runtime/profiling_record.h,"(13, 10)-(13, 18)",b'#include <vector>\n'
csrc,../repos/pytorch/torch/csrc/jit/runtime/instruction.h,"(5, 10)-(5, 25)",b'#include <unordered_set>\n'
csrc,../repos/pytorch/torch/csrc/jit/runtime/operator.cpp,"(8, 10)-(8, 17)",b'#include <queue>\n'
csrc,../repos/pytorch/torch/csrc/jit/runtime/operator.cpp,"(10, 10)-(10, 18)",b'#include <vector>\n'
csrc,../repos/pytorch/torch/csrc/jit/runtime/interpreter.h,"(4, 10)-(4, 18)",b'#include <vector>\n'
csrc,../repos/pytorch/torch/csrc/jit/runtime/interpreter.cpp,"(43, 10)-(43, 25)",b'#include <unordered_map>\n'
csrc,../repos/pytorch/torch/csrc/jit/runtime/interpreter.cpp,"(44, 10)-(44, 25)",b'#include <unordered_set>\n'
csrc,../repos/pytorch/torch/csrc/jit/runtime/interpreter.cpp,"(46, 10)-(46, 18)",b'#include <vector>\n'
csrc,../repos/pytorch/torch/csrc/jit/runtime/symbolic_shape_registry.cpp,"(12, 10)-(12, 25)",b'#include <unordered_map>\n'
csrc,../repos/pytorch/torch/csrc/jit/runtime/script_profile.cpp,"(6, 10)-(6, 25)",b'#include <unordered_set>\n'
csrc,../repos/pytorch/torch/csrc/jit/runtime/jit_trace.cpp,"(18, 10)-(18, 25)",b'#include <unordered_map>\n'
csrc,../repos/pytorch/torch/csrc/jit/codegen/onednn/kernel.h,"(3, 10)-(3, 25)",b'#include <unordered_map>\n'
csrc,../repos/pytorch/torch/csrc/jit/codegen/fuser/kernel_spec.h,"(16, 10)-(16, 25)",b'#include <unordered_map>\n'
csrc,../repos/pytorch/torch/csrc/jit/codegen/fuser/kernel_spec.h,"(17, 10)-(17, 18)",b'#include <vector>\n'
csrc,../repos/pytorch/torch/csrc/jit/codegen/fuser/codegen.cpp,"(19, 10)-(19, 18)",b'#include <vector>\n'
csrc,../repos/pytorch/torch/csrc/jit/codegen/fuser/tensor_desc.h,"(11, 10)-(11, 18)",b'#include <vector>\n'
csrc,../repos/pytorch/torch/csrc/jit/codegen/fuser/compiler.cpp,"(23, 10)-(23, 25)",b'#include <unordered_set>\n'
csrc,../repos/pytorch/torch/csrc/jit/codegen/fuser/fused_kernel.h,"(10, 10)-(10, 18)",b'#include <vector>\n'
csrc,../repos/pytorch/torch/csrc/jit/codegen/fuser/compiler.h,"(12, 10)-(12, 18)",b'#include <vector>\n'
csrc,../repos/pytorch/torch/csrc/jit/codegen/fuser/codegen.h,"(10, 10)-(10, 18)",b'#include <vector>\n'
csrc,../repos/pytorch/torch/csrc/jit/codegen/fuser/cuda/fused_kernel.h,"(13, 10)-(13, 18)",b'#include <vector>\n'
csrc,../repos/pytorch/torch/csrc/jit/codegen/fuser/cuda/fused_kernel.cpp,"(20, 10)-(20, 18)",b'#include <vector>\n'
csrc,../repos/pytorch/torch/csrc/jit/codegen/fuser/arg_spec.h,"(9, 10)-(9, 18)",b'#include <vector>\n'
csrc,../repos/pytorch/torch/csrc/jit/codegen/fuser/executor.cpp,"(18, 10)-(18, 15)",b'#include <map>\n'
csrc,../repos/pytorch/torch/csrc/jit/codegen/fuser/executor.cpp,"(21, 10)-(21, 18)",b'#include <vector>\n'
csrc,../repos/pytorch/torch/csrc/jit/codegen/fuser/partition_desc.h,"(9, 10)-(9, 18)",b'#include <vector>\n'
csrc,../repos/pytorch/torch/csrc/jit/codegen/fuser/interface.h,"(10, 10)-(10, 18)",b'#include <vector>\n'
csrc,../repos/pytorch/torch/csrc/jit/codegen/fuser/cpu/temp_file.h,"(23, 10)-(23, 18)",b'#include <vector>\n'
csrc,../repos/pytorch/torch/csrc/jit/codegen/fuser/kernel_cache.cpp,"(7, 10)-(7, 25)",b'#include <unordered_map>\n'
csrc,../repos/pytorch/torch/csrc/jit/mobile/type_parser.h,"(5, 10)-(5, 25)",b'#include <unordered_set>\n'
csrc,../repos/pytorch/torch/csrc/jit/mobile/flatbuffer_loader.h,"(6, 10)-(6, 25)",b'#include <unordered_map>\n'
csrc,../repos/pytorch/torch/csrc/jit/mobile/flatbuffer_loader.h,"(7, 10)-(7, 18)",b'#include <vector>\n'
csrc,../repos/pytorch/torch/csrc/jit/mobile/import_data.h,"(9, 10)-(9, 15)",b'#include <map>\n'
csrc,../repos/pytorch/torch/csrc/jit/mobile/type_parser.cpp,"(3, 10)-(3, 17)",b'#include <queue>\n'
csrc,../repos/pytorch/torch/csrc/jit/mobile/observer.h,"(5, 10)-(5, 25)",b'#include <unordered_map>\n'
csrc,../repos/pytorch/torch/csrc/jit/mobile/observer.h,"(6, 10)-(6, 18)",b'#include <vector>\n'
csrc,../repos/pytorch/torch/csrc/jit/mobile/profiler_edge.cpp,"(6, 10)-(6, 18)",b'#include <vector>\n'
csrc,../repos/pytorch/torch/csrc/jit/mobile/prim_ops_registery.h,"(5, 10)-(5, 18)",b'#include <vector>\n'
csrc,../repos/pytorch/torch/csrc/jit/mobile/flatbuffer_loader.cpp,"(5, 10)-(5, 17)",b'#include <array>\n'
csrc,../repos/pytorch/torch/csrc/jit/mobile/flatbuffer_loader.cpp,"(10, 10)-(10, 25)",b'#include <unordered_map>\n'
csrc,../repos/pytorch/torch/csrc/jit/mobile/flatbuffer_loader.cpp,"(11, 10)-(11, 25)",b'#include <unordered_set>\n'
csrc,../repos/pytorch/torch/csrc/jit/mobile/flatbuffer_loader.cpp,"(13, 10)-(13, 18)",b'#include <vector>\n'
csrc,../repos/pytorch/torch/csrc/jit/mobile/compatibility/model_compatibility.cpp,"(16, 10)-(16, 25)",b'#include <unordered_set>\n'
csrc,../repos/pytorch/torch/csrc/jit/mobile/compatibility/model_compatibility.cpp,"(17, 10)-(17, 18)",b'#include <vector>\n'
csrc,../repos/pytorch/torch/csrc/jit/mobile/compatibility/model_compatibility.h,"(8, 10)-(8, 25)",b'#include <unordered_map>\n'
csrc,../repos/pytorch/torch/csrc/jit/mobile/compatibility/runtime_compatibility.h,"(7, 10)-(7, 25)",b'#include <unordered_map>\n'
csrc,../repos/pytorch/torch/csrc/jit/mobile/compatibility/runtime_compatibility.h,"(8, 10)-(8, 25)",b'#include <unordered_set>\n'
csrc,../repos/pytorch/torch/csrc/jit/mobile/compatibility/runtime_compatibility.cpp,"(8, 10)-(8, 25)",b'#include <unordered_map>\n'
csrc,../repos/pytorch/torch/csrc/jit/mobile/compatibility/backport_manager.h,"(5, 10)-(5, 25)",b'#include <unordered_map>\n'
csrc,../repos/pytorch/torch/csrc/jit/mobile/file_format.h,"(3, 10)-(3, 17)",b'#include <array>\n'
csrc,../repos/pytorch/torch/csrc/jit/mobile/nnc/context.h,"(6, 10)-(6, 18)",b'#include <vector>\n'
csrc,../repos/pytorch/torch/csrc/jit/mobile/nnc/backend.cpp,"(1, 10)-(1, 18)",b'#include <vector>\n'
csrc,../repos/pytorch/torch/csrc/jit/mobile/model_tracer/BuildFeatureTracer.h,"(5, 10)-(5, 15)",b'#include <map>\n'
csrc,../repos/pytorch/torch/csrc/jit/mobile/model_tracer/BuildFeatureTracer.h,"(6, 10)-(6, 15)",b'#include <set>\n'
csrc,../repos/pytorch/torch/csrc/jit/mobile/model_tracer/CustomClassTracer.h,"(5, 10)-(5, 15)",b'#include <map>\n'
csrc,../repos/pytorch/torch/csrc/jit/mobile/model_tracer/CustomClassTracer.h,"(6, 10)-(6, 15)",b'#include <set>\n'
csrc,../repos/pytorch/torch/csrc/jit/mobile/model_tracer/KernelDTypeTracer.cpp,"(2, 10)-(2, 15)",b'#include <map>\n'
csrc,../repos/pytorch/torch/csrc/jit/mobile/model_tracer/KernelDTypeTracer.cpp,"(4, 10)-(4, 15)",b'#include <set>\n'
csrc,../repos/pytorch/torch/csrc/jit/mobile/model_tracer/KernelDTypeTracer.h,"(5, 10)-(5, 15)",b'#include <map>\n'
csrc,../repos/pytorch/torch/csrc/jit/mobile/model_tracer/KernelDTypeTracer.h,"(6, 10)-(6, 15)",b'#include <set>\n'
csrc,../repos/pytorch/torch/csrc/jit/mobile/model_tracer/TracerRunner.h,"(3, 10)-(3, 15)",b'#include <set>\n'
csrc,../repos/pytorch/torch/csrc/jit/mobile/model_tracer/TracerRunner.h,"(5, 10)-(5, 18)",b'#include <vector>\n'
csrc,../repos/pytorch/torch/csrc/jit/mobile/function.h,"(3, 10)-(3, 18)",b'#include <vector>\n'
csrc,../repos/pytorch/torch/csrc/jit/mobile/import_data.cpp,"(24, 10)-(24, 18)",b'#include <vector>\n'
csrc,../repos/pytorch/torch/csrc/jit/mobile/code.h,"(3, 10)-(3, 18)",b'#include <vector>\n'
csrc,../repos/pytorch/torch/csrc/jit/mobile/train/sequential.cpp,"(6, 10)-(6, 18)",b'#include <vector>\n'
csrc,../repos/pytorch/torch/csrc/jit/mobile/train/optim/sgd.h,"(10, 10)-(10, 18)",b'#include <vector>\n'
csrc,../repos/pytorch/torch/csrc/jit/mobile/train/export_data.cpp,"(16, 10)-(16, 18)",b'#include <vector>\n'
csrc,../repos/pytorch/torch/csrc/jit/mobile/train/random.h,"(8, 10)-(8, 18)",b'#include <vector>\n'
csrc,../repos/pytorch/torch/csrc/jit/mobile/train/sequential.h,"(8, 10)-(8, 18)",b'#include <vector>\n'
csrc,../repos/pytorch/torch/csrc/jit/mobile/train/random.cpp,"(6, 10)-(6, 18)",b'#include <vector>\n'
csrc,../repos/pytorch/torch/csrc/jit/mobile/interpreter.h,"(3, 10)-(3, 18)",b'#include <vector>\n'
csrc,../repos/pytorch/torch/csrc/jit/mobile/upgrader_mobile.h,"(11, 10)-(11, 25)",b'#include <unordered_map>\n'
csrc,../repos/pytorch/torch/csrc/jit/mobile/upgrader_mobile.h,"(12, 10)-(12, 18)",b'#include <vector>\n'
csrc,../repos/pytorch/torch/csrc/jit/mobile/import.cpp,"(27, 10)-(27, 18)",b'#include <vector>\n'
csrc,../repos/pytorch/torch/csrc/jit/python/python_arg_flatten.h,"(11, 10)-(11, 18)",b'#include <vector>\n'
csrc,../repos/pytorch/torch/csrc/jit/python/python_sugared_value.h,"(11, 10)-(11, 18)",b'#include <vector>\n'
csrc,../repos/pytorch/torch/csrc/jit/python/pybind_utils.h,"(46, 10)-(46, 18)",b'#include <vector>\n'
csrc,../repos/pytorch/torch/csrc/jit/python/script_init.cpp,"(75, 10)-(75, 18)",b'#include <vector>\n'
csrc,../repos/pytorch/torch/csrc/jit/python/python_sugared_value.cpp,"(17, 10)-(17, 18)",b'#include <vector>\n'
csrc,../repos/pytorch/torch/csrc/jit/jit_opt_limit.cpp,"(6, 10)-(6, 18)",b'#include <vector>\n'
csrc,../repos/pytorch/torch/csrc/jit/ir/irparser.h,"(5, 10)-(5, 25)",b'#include <unordered_map>\n'
csrc,../repos/pytorch/torch/csrc/jit/ir/ir.cpp,"(19, 10)-(19, 15)",b'#include <set>\n'
csrc,../repos/pytorch/torch/csrc/jit/ir/ir.cpp,"(22, 10)-(22, 25)",b'#include <unordered_map>\n'
csrc,../repos/pytorch/torch/csrc/jit/ir/ir.cpp,"(23, 10)-(23, 25)",b'#include <unordered_set>\n'
csrc,../repos/pytorch/torch/csrc/jit/ir/attributes.h,"(4, 10)-(4, 18)",b'#include <vector>\n'
csrc,../repos/pytorch/torch/csrc/jit/ir/irparser.cpp,"(17, 10)-(17, 18)",b'#include <vector>\n'
csrc,../repos/pytorch/torch/csrc/jit/ir/subgraph_matcher.cpp,"(6, 10)-(6, 17)",b'#include <stack>\n'
csrc,../repos/pytorch/torch/csrc/jit/ir/node_hashing.cpp,"(4, 10)-(4, 25)",b'#include <unordered_map>\n'
csrc,../repos/pytorch/torch/csrc/jit/ir/subgraph_matcher.h,"(5, 10)-(5, 25)",b'#include <unordered_map>\n'
csrc,../repos/pytorch/torch/csrc/jit/ir/subgraph_matcher.h,"(6, 10)-(6, 18)",b'#include <vector>\n'
csrc,../repos/pytorch/torch/csrc/jit/ir/scope.h,"(8, 10)-(8, 25)",b'#include <unordered_map>\n'
csrc,../repos/pytorch/torch/csrc/jit/ir/graph_utils.h,"(5, 10)-(5, 18)",b'#include <vector>\n'
csrc,../repos/pytorch/torch/csrc/jit/ir/ir.h,"(27, 10)-(27, 25)",b'#include <unordered_set>\n'
csrc,../repos/pytorch/torch/csrc/jit/ir/ir.h,"(28, 10)-(28, 18)",b'#include <vector>\n'
csrc,../repos/pytorch/torch/csrc/jit/serialization/import_source.h,"(18, 10)-(18, 18)",b'#include <vector>\n'
csrc,../repos/pytorch/torch/csrc/jit/serialization/export_bytecode.h,"(4, 10)-(4, 25)",b'#include <unordered_map>\n'
csrc,../repos/pytorch/torch/csrc/jit/serialization/source_range_serialization.h,"(8, 10)-(8, 25)",b'#include <unordered_map>\n'
csrc,../repos/pytorch/torch/csrc/jit/serialization/source_range_serialization.h,"(9, 10)-(9, 18)",b'#include <vector>\n'
csrc,../repos/pytorch/torch/csrc/jit/serialization/flatbuffer_serializer.cpp,"(11, 10)-(11, 25)",b'#include <unordered_map>\n'
csrc,../repos/pytorch/torch/csrc/jit/serialization/flatbuffer_serializer.cpp,"(13, 10)-(13, 18)",b'#include <vector>\n'
csrc,../repos/pytorch/torch/csrc/jit/serialization/pickler.h,"(6, 10)-(6, 18)",b'#include <vector>\n'
csrc,../repos/pytorch/torch/csrc/jit/serialization/python_print.h,"(5, 10)-(5, 18)",b'#include <vector>\n'
csrc,../repos/pytorch/torch/csrc/jit/serialization/export_module.cpp,"(37, 10)-(37, 25)",b'#include <unordered_map>\n'
csrc,../repos/pytorch/torch/csrc/jit/serialization/export_module.cpp,"(38, 10)-(38, 25)",b'#include <unordered_set>\n'
csrc,../repos/pytorch/torch/csrc/jit/serialization/export_module.cpp,"(39, 10)-(39, 18)",b'#include <vector>\n'
csrc,../repos/pytorch/torch/csrc/jit/serialization/flatbuffer_serializer.h,"(6, 10)-(6, 25)",b'#include <unordered_map>\n'
csrc,../repos/pytorch/torch/csrc/jit/serialization/flatbuffer_serializer.h,"(7, 10)-(7, 18)",b'#include <vector>\n'
csrc,../repos/pytorch/torch/csrc/jit/serialization/import.cpp,"(37, 10)-(37, 25)",b'#include <unordered_map>\n'
csrc,../repos/pytorch/torch/csrc/jit/serialization/import.cpp,"(38, 10)-(38, 18)",b'#include <vector>\n'
csrc,../repos/pytorch/torch/csrc/jit/serialization/callstack_debug_info_serialization.h,"(9, 10)-(9, 18)",b'#include <vector>\n'
csrc,../repos/pytorch/torch/csrc/jit/operator_upgraders/upgraders.cpp,"(7, 10)-(7, 25)",b'#include <unordered_map>\n'
csrc,../repos/pytorch/torch/csrc/jit/operator_upgraders/upgraders.h,"(6, 10)-(6, 25)",b'#include <unordered_map>\n'
csrc,../repos/pytorch/torch/csrc/jit/operator_upgraders/utils.h,"(7, 10)-(7, 18)",b'#include <vector>\n'
csrc,../repos/pytorch/torch/csrc/jit/operator_upgraders/upgraders_entry.h,"(5, 10)-(5, 25)",b'#include <unordered_map>\n'
csrc,../repos/pytorch/torch/csrc/jit/operator_upgraders/version_map.cpp,"(5, 10)-(5, 25)",b'#include <unordered_map>\n'
csrc,../repos/pytorch/torch/csrc/jit/operator_upgraders/version_map.cpp,"(6, 10)-(6, 18)",b'#include <vector>\n'
csrc,../repos/pytorch/torch/csrc/jit/operator_upgraders/upgraders_entry.cpp,"(12, 10)-(12, 25)",b'#include <unordered_map>\n'
csrc,../repos/pytorch/torch/csrc/jit/operator_upgraders/version_map.h,"(4, 10)-(4, 25)",b'#include <unordered_map>\n'
csrc,../repos/pytorch/torch/csrc/jit/operator_upgraders/version_map.h,"(5, 10)-(5, 18)",b'#include <vector>\n'
csrc,../repos/pytorch/torch/csrc/jit/operator_upgraders/utils.cpp,"(9, 10)-(9, 18)",b'#include <vector>\n'
csrc,../repos/pytorch/torch/csrc/jit/api/module.h,"(26, 10)-(26, 25)",b'#include <unordered_map>\n'
csrc,../repos/pytorch/torch/csrc/jit/api/module.h,"(27, 10)-(27, 25)",b'#include <unordered_set>\n'
csrc,../repos/pytorch/torch/csrc/jit/api/module.h,"(29, 10)-(29, 18)",b'#include <vector>\n'
csrc,../repos/pytorch/torch/csrc/jit/api/compilation_unit.h,"(22, 10)-(22, 25)",b'#include <unordered_map>\n'
csrc,../repos/pytorch/torch/csrc/jit/api/compilation_unit.h,"(23, 10)-(23, 18)",b'#include <vector>\n'
csrc,../repos/pytorch/torch/csrc/jit/jit_log.h,"(6, 10)-(6, 25)",b'#include <unordered_map>\n'
csrc,../repos/pytorch/torch/csrc/jit/jit_opt_limit.h,"(4, 10)-(4, 25)",b'#include <unordered_map>\n'
csrc,../repos/pytorch/torch/csrc/jit/passes/bailout_graph.h,"(10, 10)-(10, 16)",b'#include <list>\n'
csrc,../repos/pytorch/torch/csrc/jit/passes/bailout_graph.h,"(11, 10)-(11, 18)",b'#include <vector>\n'
csrc,../repos/pytorch/torch/csrc/jit/passes/prepack_folding.cpp,"(1, 10)-(1, 17)",b'#include <stack>\n'
csrc,../repos/pytorch/torch/csrc/jit/passes/guard_elimination.h,"(10, 10)-(10, 16)",b'#include <list>\n'
csrc,../repos/pytorch/torch/csrc/jit/passes/guard_elimination.h,"(11, 10)-(11, 18)",b'#include <vector>\n'
csrc,../repos/pytorch/torch/csrc/jit/passes/autocast.cpp,"(12, 10)-(12, 17)",b'#include <stack>\n'
csrc,../repos/pytorch/torch/csrc/jit/passes/autocast.cpp,"(13, 10)-(13, 25)",b'#include <unordered_set>\n'
csrc,../repos/pytorch/torch/csrc/jit/passes/autocast.cpp,"(14, 10)-(14, 18)",b'#include <vector>\n'
csrc,../repos/pytorch/torch/csrc/jit/passes/onnx.cpp,"(18, 10)-(18, 25)",b'#include <unordered_map>\n'
csrc,../repos/pytorch/torch/csrc/jit/passes/frozen_concat_linear.cpp,"(19, 10)-(19, 25)",b'#include <unordered_set>\n'
csrc,../repos/pytorch/torch/csrc/jit/passes/frozen_concat_linear.cpp,"(21, 10)-(21, 18)",b'#include <vector>\n'
csrc,../repos/pytorch/torch/csrc/jit/passes/graph_fuser.cpp,"(17, 10)-(17, 17)",b'#include <queue>\n'
csrc,../repos/pytorch/torch/csrc/jit/passes/graph_fuser.cpp,"(18, 10)-(18, 25)",b'#include <unordered_map>\n'
csrc,../repos/pytorch/torch/csrc/jit/passes/onnx/shape_type_inference.cpp,"(22, 10)-(22, 25)",b'#include <unordered_set>\n'
csrc,../repos/pytorch/torch/csrc/jit/passes/onnx/constant_map.cpp,"(8, 10)-(8, 25)",b'#include <unordered_map>\n'
csrc,../repos/pytorch/torch/csrc/jit/passes/onnx/unpack_quantized_weights.cpp,"(16, 10)-(16, 17)",b'#include <stack>\n'
csrc,../repos/pytorch/torch/csrc/jit/passes/concat_opt.cpp,"(4, 10)-(4, 25)",b'#include <unordered_set>\n'
csrc,../repos/pytorch/torch/csrc/jit/passes/concat_opt.cpp,"(5, 10)-(5, 18)",b'#include <vector>\n'
csrc,../repos/pytorch/torch/csrc/jit/passes/utils/memory_dag.cpp,"(5, 10)-(5, 17)",b'#include <queue>\n'
csrc,../repos/pytorch/torch/csrc/jit/passes/utils/memory_dag.h,"(11, 10)-(11, 25)",b'#include <unordered_map>\n'
csrc,../repos/pytorch/torch/csrc/jit/passes/utils/memory_dag.h,"(12, 10)-(12, 25)",b'#include <unordered_set>\n'
csrc,../repos/pytorch/torch/csrc/jit/passes/utils/memory_dag.h,"(13, 10)-(13, 18)",b'#include <vector>\n'
csrc,../repos/pytorch/torch/csrc/jit/passes/utils/check_alias_annotation.h,"(7, 10)-(7, 18)",b'#include <vector>\n'
csrc,../repos/pytorch/torch/csrc/jit/passes/constant_pooling.cpp,"(7, 10)-(7, 25)",b'#include <unordered_set>\n'
csrc,../repos/pytorch/torch/csrc/jit/passes/hoist_conv_packed_params.cpp,"(1, 10)-(1, 17)",b'#include <stack>\n'
csrc,../repos/pytorch/torch/csrc/jit/passes/lower_graph.cpp,"(7, 10)-(7, 25)",b'#include <unordered_map>\n'
csrc,../repos/pytorch/torch/csrc/jit/passes/fold_conv_bn.cpp,"(19, 10)-(19, 17)",b'#include <stack>\n'
csrc,../repos/pytorch/torch/csrc/jit/passes/insert_guards.cpp,"(4, 10)-(4, 25)",b'#include <unordered_set>\n'
csrc,../repos/pytorch/torch/csrc/jit/passes/guard_elimination.cpp,"(9, 10)-(9, 25)",b'#include <unordered_set>\n'
csrc,../repos/pytorch/torch/csrc/jit/passes/subgraph_rewrite.h,"(16, 10)-(16, 25)",b'#include <unordered_set>\n'
csrc,../repos/pytorch/torch/csrc/jit/passes/subgraph_rewrite.h,"(17, 10)-(17, 18)",b'#include <vector>\n'
csrc,../repos/pytorch/torch/csrc/jit/passes/batch_mm.cpp,"(16, 10)-(16, 25)",b'#include <unordered_map>\n'
csrc,../repos/pytorch/torch/csrc/jit/passes/metal_rewrite.h,"(5, 10)-(5, 18)",b'#include <vector>\n'
csrc,../repos/pytorch/torch/csrc/jit/passes/symbolic_shape_analysis.cpp,"(29, 10)-(29, 25)",b'#include <unordered_map>\n'
csrc,../repos/pytorch/torch/csrc/jit/passes/symbolic_shape_analysis.cpp,"(31, 10)-(31, 18)",b'#include <vector>\n'
csrc,../repos/pytorch/torch/csrc/jit/passes/replacement_of_old_operators.cpp,"(13, 10)-(13, 25)",b'#include <unordered_map>\n'
csrc,../repos/pytorch/torch/csrc/jit/passes/peephole_alias_sensitive.cpp,"(9, 10)-(9, 25)",b'#include <unordered_set>\n'
csrc,../repos/pytorch/torch/csrc/jit/passes/liveness.h,"(10, 10)-(10, 16)",b'#include <list>\n'
csrc,../repos/pytorch/torch/csrc/jit/passes/liveness.h,"(11, 10)-(11, 25)",b'#include <unordered_map>\n'
csrc,../repos/pytorch/torch/csrc/jit/passes/liveness.h,"(12, 10)-(12, 18)",b'#include <vector>\n'
csrc,../repos/pytorch/torch/csrc/jit/passes/quantization/quantization_patterns.h,"(10, 10)-(10, 25)",b'#include <unordered_map>\n'
csrc,../repos/pytorch/torch/csrc/jit/passes/quantization/insert_observers.cpp,"(16, 10)-(16, 17)",b'#include <stack>\n'
csrc,../repos/pytorch/torch/csrc/jit/passes/quantization/register_packed_params.cpp,"(1, 10)-(1, 17)",b'#include <stack>\n'
csrc,../repos/pytorch/torch/csrc/jit/passes/quantization/dedup_module_uses.cpp,"(6, 10)-(6, 17)",b'#include <stack>\n'
csrc,../repos/pytorch/torch/csrc/jit/passes/quantization/insert_quant_dequant.cpp,"(15, 10)-(15, 17)",b'#include <stack>\n'
csrc,../repos/pytorch/torch/csrc/jit/passes/requires_grad_analysis.cpp,"(8, 10)-(8, 18)",b'#include <vector>\n'
csrc,../repos/pytorch/torch/csrc/jit/passes/shape_analysis.cpp,"(30, 10)-(30, 18)",b'#include <vector>\n'
csrc,../repos/pytorch/torch/csrc/jit/passes/check_strict_fusion.cpp,"(10, 10)-(10, 25)",b'#include <unordered_map>\n'
csrc,../repos/pytorch/torch/csrc/jit/passes/bailout_graph.cpp,"(12, 10)-(12, 25)",b'#include <unordered_set>\n'
csrc,../repos/pytorch/torch/csrc/jit/passes/dead_code_elimination.cpp,"(8, 10)-(8, 25)",b'#include <unordered_map>\n'
csrc,../repos/pytorch/torch/csrc/jit/passes/onnx.h,"(5, 10)-(5, 25)",b'#include <unordered_map>\n'
csrc,../repos/pytorch/torch/csrc/jit/passes/symbolic_shape_runtime_fusion.h,"(7, 10)-(7, 25)",b'#include <unordered_map>\n'
csrc,../repos/pytorch/torch/csrc/jit/passes/insert_guards.h,"(10, 10)-(10, 16)",b'#include <list>\n'
csrc,../repos/pytorch/torch/csrc/jit/passes/insert_guards.h,"(11, 10)-(11, 18)",b'#include <vector>\n'
csrc,../repos/pytorch/torch/csrc/jit/passes/freeze_module.cpp,"(15, 10)-(15, 17)",b'#include <stack>\n'
csrc,../repos/pytorch/torch/csrc/jit/passes/symbolic_shape_analysis.h,"(5, 10)-(5, 25)",b'#include <unordered_map>\n'
csrc,../repos/pytorch/torch/csrc/jit/passes/common_subexpression_elimination.cpp,"(8, 10)-(8, 25)",b'#include <unordered_map>\n'
csrc,../repos/pytorch/torch/csrc/jit/tensorexpr/external_functions.h,"(8, 10)-(8, 18)",b'#include <vector>\n'
csrc,../repos/pytorch/torch/csrc/jit/tensorexpr/registerizer.h,"(12, 10)-(12, 18)",b'#include <vector>\n'
csrc,../repos/pytorch/torch/csrc/jit/tensorexpr/reduction.h,"(11, 10)-(11, 18)",b'#include <vector>\n'
csrc,../repos/pytorch/torch/csrc/jit/tensorexpr/bounds_inference.h,"(3, 10)-(3, 15)",b'#include <map>\n'
csrc,../repos/pytorch/torch/csrc/jit/tensorexpr/bounds_inference.h,"(4, 10)-(4, 25)",b'#include <unordered_map>\n'
csrc,../repos/pytorch/torch/csrc/jit/tensorexpr/bounds_inference.h,"(5, 10)-(5, 18)",b'#include <vector>\n'
csrc,../repos/pytorch/torch/csrc/jit/tensorexpr/bounds_overlap.h,"(6, 10)-(6, 17)",b'#include <deque>\n'
csrc,../repos/pytorch/torch/csrc/jit/tensorexpr/bounds_overlap.h,"(8, 10)-(8, 18)",b'#include <vector>\n'
csrc,../repos/pytorch/torch/csrc/jit/tensorexpr/loopnest.h,"(4, 10)-(4, 25)",b'#include <unordered_map>\n'
csrc,../repos/pytorch/torch/csrc/jit/tensorexpr/loopnest.h,"(5, 10)-(5, 25)",b'#include <unordered_set>\n'
csrc,../repos/pytorch/torch/csrc/jit/tensorexpr/loopnest.h,"(6, 10)-(6, 18)",b'#include <vector>\n'
csrc,../repos/pytorch/torch/csrc/jit/tensorexpr/llvm_codegen.h,"(12, 10)-(12, 25)",b'#include <unordered_map>\n'
csrc,../repos/pytorch/torch/csrc/jit/tensorexpr/llvm_codegen.h,"(13, 10)-(13, 18)",b'#include <vector>\n'
csrc,../repos/pytorch/torch/csrc/jit/tensorexpr/mem_dependency_checker.h,"(5, 10)-(5, 18)",b'#include <vector>\n'
csrc,../repos/pytorch/torch/csrc/jit/tensorexpr/llvm_jit.cpp,"(46, 10)-(46, 25)",b'#include <unordered_set>\n'
csrc,../repos/pytorch/torch/csrc/jit/tensorexpr/llvm_jit.cpp,"(47, 10)-(47, 18)",b'#include <vector>\n'
csrc,../repos/pytorch/torch/csrc/jit/tensorexpr/external_functions_registry.h,"(6, 10)-(6, 25)",b'#include <unordered_map>\n'
csrc,../repos/pytorch/torch/csrc/jit/tensorexpr/eval.h,"(6, 10)-(6, 25)",b'#include <unordered_map>\n'
csrc,../repos/pytorch/torch/csrc/jit/tensorexpr/eval.h,"(8, 10)-(8, 18)",b'#include <vector>\n'
csrc,../repos/pytorch/torch/csrc/jit/tensorexpr/ir_mutator.h,"(5, 10)-(5, 18)",b'#include <vector>\n'
csrc,../repos/pytorch/torch/csrc/jit/tensorexpr/loopnest.cpp,"(7, 10)-(7, 25)",b'#include <unordered_map>\n'
csrc,../repos/pytorch/torch/csrc/jit/tensorexpr/loopnest.cpp,"(8, 10)-(8, 25)",b'#include <unordered_set>\n'
csrc,../repos/pytorch/torch/csrc/jit/tensorexpr/loopnest.cpp,"(10, 10)-(10, 18)",b'#include <vector>\n'
csrc,../repos/pytorch/torch/csrc/jit/tensorexpr/loopnest.cpp,"(31, 10)-(31, 25)",b'#include <unordered_map>\n'
csrc,../repos/pytorch/torch/csrc/jit/tensorexpr/loopnest.cpp,"(32, 10)-(32, 25)",b'#include <unordered_set>\n'
csrc,../repos/pytorch/torch/csrc/jit/tensorexpr/loopnest.cpp,"(33, 10)-(33, 18)",b'#include <vector>\n'
csrc,../repos/pytorch/torch/csrc/jit/tensorexpr/tensor.h,"(6, 10)-(6, 18)",b'#include <vector>\n'
csrc,../repos/pytorch/torch/csrc/jit/tensorexpr/stmt.h,"(4, 10)-(4, 16)",b'#include <list>\n'
csrc,../repos/pytorch/torch/csrc/jit/tensorexpr/stmt.h,"(6, 10)-(6, 25)",b'#include <unordered_set>\n'
csrc,../repos/pytorch/torch/csrc/jit/tensorexpr/stmt.h,"(8, 10)-(8, 18)",b'#include <vector>\n'
csrc,../repos/pytorch/torch/csrc/jit/tensorexpr/cuda_codegen.h,"(3, 10)-(3, 25)",b'#include <unordered_map>\n'
csrc,../repos/pytorch/torch/csrc/jit/tensorexpr/cuda_codegen.h,"(4, 10)-(4, 25)",b'#include <unordered_set>\n'
csrc,../repos/pytorch/torch/csrc/jit/tensorexpr/loopnest_randomization.cpp,"(6, 10)-(6, 25)",b'#include <unordered_map>\n'
csrc,../repos/pytorch/torch/csrc/jit/tensorexpr/loopnest_randomization.cpp,"(7, 10)-(7, 25)",b'#include <unordered_set>\n'
csrc,../repos/pytorch/torch/csrc/jit/tensorexpr/loopnest_randomization.cpp,"(8, 10)-(8, 18)",b'#include <vector>\n'
csrc,../repos/pytorch/torch/csrc/jit/tensorexpr/ir_cloner.h,"(4, 10)-(4, 18)",b'#include <vector>\n'
csrc,../repos/pytorch/torch/csrc/jit/tensorexpr/block_codegen.h,"(4, 10)-(4, 25)",b'#include <unordered_map>\n'
csrc,../repos/pytorch/torch/csrc/jit/tensorexpr/block_codegen.h,"(5, 10)-(5, 25)",b'#include <unordered_set>\n'
csrc,../repos/pytorch/torch/csrc/jit/tensorexpr/cuda_codegen.cpp,"(25, 10)-(25, 25)",b'#include <unordered_map>\n'
csrc,../repos/pytorch/torch/csrc/jit/tensorexpr/cpp_codegen.cpp,"(3, 10)-(3, 18)",b'#include <vector>\n'
csrc,../repos/pytorch/torch/csrc/jit/tensorexpr/var_substitutor.h,"(3, 10)-(3, 25)",b'#include <unordered_map>\n'
csrc,../repos/pytorch/torch/csrc/jit/tensorexpr/var_substitutor.h,"(5, 10)-(5, 18)",b'#include <vector>\n'
csrc,../repos/pytorch/torch/csrc/jit/tensorexpr/ir.h,"(5, 10)-(5, 18)",b'#include <vector>\n'
csrc,../repos/pytorch/torch/csrc/jit/tensorexpr/unique_name_manager.h,"(4, 10)-(4, 25)",b'#include <unordered_map>\n'
csrc,../repos/pytorch/torch/csrc/jit/tensorexpr/unique_name_manager.h,"(5, 10)-(5, 25)",b'#include <unordered_set>\n'
csrc,../repos/pytorch/torch/csrc/copy_utils.h,"(7, 10)-(7, 18)",b'#include <vector>\n'
csrc,../repos/pytorch/torch/csrc/utils.cpp,"(19, 10)-(19, 25)",b'#include <unordered_map>\n'
csrc,../repos/pytorch/torch/csrc/utils.cpp,"(21, 10)-(21, 18)",b'#include <vector>\n'
csrc,../repos/pytorch/torch/csrc/lazy/python/init.cpp,"(21, 10)-(21, 18)",b'#include <vector>\n'
csrc,../repos/pytorch/torch/csrc/lazy/python/python_util.h,"(5, 10)-(5, 18)",b'#include <vector>\n'
csrc,../repos/pytorch/torch/csrc/lazy/core/ir_dump_util.cpp,"(11, 10)-(11, 25)",b'#include <unordered_map>\n'
csrc,../repos/pytorch/torch/csrc/lazy/core/tensor_util.h,"(9, 10)-(9, 18)",b'#include <vector>\n'
csrc,../repos/pytorch/torch/csrc/lazy/core/tensor_util.cpp,"(15, 10)-(15, 16)",b'#include <list>\n'
csrc,../repos/pytorch/torch/csrc/lazy/core/ops/utils.h,"(1, 10)-(1, 18)",b'#include <vector>\n'
csrc,../repos/pytorch/torch/csrc/lazy/core/shape_inference.cpp,"(70, 10)-(70, 18)",b'#include <vector>\n'
csrc,../repos/pytorch/torch/csrc/lazy/core/helpers.h,"(14, 10)-(14, 18)",b'#include <vector>\n'
csrc,../repos/pytorch/torch/csrc/lazy/core/dynamic_ir.h,"(7, 10)-(7, 15)",b'#include <set>\n'
csrc,../repos/pytorch/torch/csrc/lazy/core/dynamic_ir.h,"(9, 10)-(9, 25)",b'#include <unordered_map>\n'
csrc,../repos/pytorch/torch/csrc/lazy/core/dynamic_ir.h,"(10, 10)-(10, 25)",b'#include <unordered_set>\n'
csrc,../repos/pytorch/torch/csrc/lazy/core/dynamic_ir.h,"(12, 10)-(12, 18)",b'#include <vector>\n'
csrc,../repos/pytorch/torch/csrc/lazy/core/thread_pool.cpp,"(9, 10)-(9, 17)",b'#include <deque>\n'
csrc,../repos/pytorch/torch/csrc/lazy/core/cache.h,"(9, 10)-(9, 16)",b'#include <list>\n'
csrc,../repos/pytorch/torch/csrc/lazy/core/cache.h,"(12, 10)-(12, 25)",b'#include <unordered_map>\n'
csrc,../repos/pytorch/torch/csrc/lazy/core/debug_util.cpp,"(14, 10)-(14, 25)",b'#include <unordered_set>\n'
csrc,../repos/pytorch/torch/csrc/lazy/core/shape.h,"(4, 10)-(4, 18)",b'#include <vector>\n'
csrc,../repos/pytorch/torch/csrc/lazy/core/ir_metadata.h,"(6, 10)-(6, 18)",b'#include <vector>\n'
csrc,../repos/pytorch/torch/csrc/lazy/core/debug_util.h,"(4, 10)-(4, 18)",b'#include <vector>\n'
csrc,../repos/pytorch/torch/csrc/lazy/core/permutation_util.h,"(7, 10)-(7, 18)",b'#include <vector>\n'
csrc,../repos/pytorch/torch/csrc/lazy/core/trie.h,"(4, 10)-(4, 16)",b'#include <list>\n'
csrc,../repos/pytorch/torch/csrc/lazy/core/hash.h,"(12, 10)-(12, 15)",b'#include <set>\n'
csrc,../repos/pytorch/torch/csrc/lazy/core/hash.h,"(14, 10)-(14, 18)",b'#include <vector>\n'
csrc,../repos/pytorch/torch/csrc/lazy/core/ir_util.h,"(3, 10)-(3, 25)",b'#include <unordered_map>\n'
csrc,../repos/pytorch/torch/csrc/lazy/core/ir_util.h,"(4, 10)-(4, 18)",b'#include <vector>\n'
csrc,../repos/pytorch/torch/csrc/lazy/core/ir_builder.h,"(10, 10)-(10, 18)",b'#include <vector>\n'
csrc,../repos/pytorch/torch/csrc/lazy/core/shape_inference.h,"(14, 10)-(14, 18)",b'#include <vector>\n'
csrc,../repos/pytorch/torch/csrc/lazy/core/metrics.h,"(10, 10)-(10, 15)",b'#include <map>\n'
csrc,../repos/pytorch/torch/csrc/lazy/core/metrics.h,"(14, 10)-(14, 18)",b'#include <vector>\n'
csrc,../repos/pytorch/torch/csrc/lazy/core/util.h,"(10, 10)-(10, 18)",b'#include <vector>\n'
csrc,../repos/pytorch/torch/csrc/lazy/core/ir.h,"(7, 10)-(7, 15)",b'#include <set>\n'
csrc,../repos/pytorch/torch/csrc/lazy/core/ir.h,"(9, 10)-(9, 25)",b'#include <unordered_map>\n'
csrc,../repos/pytorch/torch/csrc/lazy/core/ir.h,"(10, 10)-(10, 25)",b'#include <unordered_set>\n'
csrc,../repos/pytorch/torch/csrc/lazy/core/ir.h,"(12, 10)-(12, 18)",b'#include <vector>\n'
csrc,../repos/pytorch/torch/csrc/lazy/core/unique.h,"(11, 10)-(11, 15)",b'#include <set>\n'
csrc,../repos/pytorch/torch/csrc/lazy/backend/lowering_context.h,"(5, 10)-(5, 25)",b'#include <unordered_map>\n'
csrc,../repos/pytorch/torch/csrc/lazy/backend/lowering_context.h,"(7, 10)-(7, 18)",b'#include <vector>\n'
csrc,../repos/pytorch/torch/csrc/lazy/ts_backend/dynamic_ir.h,"(7, 10)-(7, 15)",b'#include <set>\n'
csrc,../repos/pytorch/torch/csrc/lazy/ts_backend/dynamic_ir.h,"(9, 10)-(9, 25)",b'#include <unordered_map>\n'
csrc,../repos/pytorch/torch/csrc/lazy/ts_backend/dynamic_ir.h,"(10, 10)-(10, 25)",b'#include <unordered_set>\n'
csrc,../repos/pytorch/torch/csrc/lazy/ts_backend/dynamic_ir.h,"(12, 10)-(12, 18)",b'#include <vector>\n'
csrc,../repos/pytorch/torch/csrc/lazy/ts_backend/ts_eager_fallback.cpp,"(13, 10)-(13, 25)",b'#include <unordered_map>\n'
csrc,../repos/pytorch/torch/csrc/dynamo/python_compiled_autograd.cpp,"(10, 10)-(10, 18)",b'#include <vector>\n'
csrc,../repos/pytorch/torch/csrc/dynamo/compiled_autograd.h,"(8, 10)-(8, 18)",b'#include <vector>\n'
