Repo name,File name,Location,Content
csrc,../repos/pytorch/torch/csrc/distributed/rpc/tensorpipe_utils.h,"(60, 109)-(60, 111)",b'static ::torch::distributed::rpc::TensorpipeD...'
csrc,../repos/pytorch/torch/csrc/distributed/c10d/reducer.cpp,"(31, 248)-(31, 250)",b'if (C10_UNLIKELY_OR_CONST(!(cond))) {        ...'
csrc,../repos/pytorch/torch/csrc/distributed/c10d/Ops.cpp,"(71, 32)-(71, 34)",b'c10::intrusive_ptr<Work> send##DEV(          ...'
csrc,../repos/pytorch/torch/csrc/distributed/c10d/Ops.cpp,"(86, 33)-(86, 35)",b'c10::intrusive_ptr<Work> recv_##DEV(         ...'
csrc,../repos/pytorch/torch/csrc/distributed/c10d/Ops.cpp,"(101, 44)-(101, 46)",b'c10::intrusive_ptr<Work> recv_any_source_##DE...'
csrc,../repos/pytorch/torch/csrc/distributed/c10d/Ops.cpp,"(115, 35)-(115, 37)",b'c10::intrusive_ptr<Work> reduce_##DEV(       ...'
csrc,../repos/pytorch/torch/csrc/distributed/c10d/Ops.cpp,"(138, 97)-(138, 99)","b'std::tuple<std::vector<at::Tensor>, c10::intr...'"
csrc,../repos/pytorch/torch/csrc/distributed/c10d/Ops.cpp,"(166, 97)-(166, 99)","b'std::tuple<std::vector<at::Tensor>, c10::intr...'"
csrc,../repos/pytorch/torch/csrc/distributed/c10d/Ops.cpp,"(187, 48)-(187, 50)",b'c10::intrusive_ptr<Work> allreduce_coalesced_...'
csrc,../repos/pytorch/torch/csrc/distributed/c10d/Ops.cpp,"(207, 98)-(207, 100)",b'std::tuple<std::vector<std::vector<at::Tensor...'
csrc,../repos/pytorch/torch/csrc/distributed/c10d/Ops.cpp,"(228, 68)-(228, 70)","b'std::tuple<at::Tensor, c10::intrusive_ptr<Wor...'"
csrc,../repos/pytorch/torch/csrc/distributed/c10d/Ops.cpp,"(248, 48)-(248, 50)",b'c10::intrusive_ptr<Work> allgather_coalesced_...'
csrc,../repos/pytorch/torch/csrc/distributed/c10d/Ops.cpp,"(264, 66)-(264, 68)",b'c10::intrusive_ptr<c10d::Work> allgather_into...'
csrc,../repos/pytorch/torch/csrc/distributed/c10d/Ops.cpp,"(279, 102)-(279, 104)","b'std::tuple<std::vector<at::Tensor>, c10::intr...'"
csrc,../repos/pytorch/torch/csrc/distributed/c10d/Ops.cpp,"(302, 73)-(302, 75)","b'std::tuple<at::Tensor, c10::intrusive_ptr<Wor...'"
csrc,../repos/pytorch/torch/csrc/distributed/c10d/Ops.cpp,"(326, 66)-(326, 68)",b'c10::intrusive_ptr<c10d::Work> reduce_scatter...'
csrc,../repos/pytorch/torch/csrc/distributed/c10d/Ops.cpp,"(347, 35)-(347, 37)",b'c10::intrusive_ptr<Work> gather_##DEV(       ...'
csrc,../repos/pytorch/torch/csrc/distributed/c10d/Ops.cpp,"(366, 73)-(366, 75)","b'std::tuple<std::vector<at::Tensor>, c10::intr...'"
csrc,../repos/pytorch/torch/csrc/distributed/c10d/Ops.cpp,"(388, 95)-(388, 97)","b'std::tuple<std::vector<at::Tensor>, c10::intr...'"
csrc,../repos/pytorch/torch/csrc/distributed/c10d/Ops.cpp,"(409, 42)-(409, 44)",b'c10::intrusive_ptr<Work> alltoall_base_##DEV(...'
csrc,../repos/pytorch/torch/csrc/distributed/c10d/Ops.cpp,"(430, 35)-(430, 37)",b'c10::intrusive_ptr<Work> barrier##DEV(       ...'
csrc,../repos/pytorch/torch/csrc/distributed/c10d/Ops.cpp,"(484, 62)-(484, 64)","b'TORCH_LIBRARY_IMPL(c10d, DEV, m) { \\\n    m.im...'"
csrc,../repos/pytorch/torch/csrc/profiler/stubs/base.cpp,"(53, 109)-(53, 111)",b'namespace {                                  ...'
csrc,../repos/pytorch/torch/csrc/profiler/stubs/base.cpp,"(53, 115)-(53, 117)",b'namespace {                                  ...'
csrc,../repos/pytorch/torch/csrc/profiler/stubs/base.cpp,"(53, 199)-(53, 201)",b'namespace {                                  ...'
csrc,../repos/pytorch/torch/csrc/profiler/stubs/base.cpp,"(53, 205)-(53, 207)",b'namespace {                                  ...'
csrc,../repos/pytorch/torch/csrc/profiler/stubs/base.cpp,"(53, 253)-(53, 255)",b'namespace {                                  ...'
csrc,../repos/pytorch/torch/csrc/profiler/stubs/base.cpp,"(53, 259)-(53, 261)",b'namespace {                                  ...'
csrc,../repos/pytorch/torch/csrc/profiler/stubs/base.cpp,"(71, 28)-(71, 30)",b'##Methods(ProfilerStubs* stubs) {            ...'
csrc,../repos/pytorch/torch/csrc/profiler/stubs/base.cpp,"(71, 88)-(71, 90)",b'##Methods(ProfilerStubs* stubs) {            ...'
csrc,../repos/pytorch/torch/csrc/utils/pythoncapi_compat.h,"(579, 38)-(579, 40)",b'_unused_ ## name __attribute__((unused))'
csrc,../repos/pytorch/torch/csrc/utils/pythoncapi_compat.h,"(581, 38)-(581, 40)",b'_unused_ ## name'
csrc,../repos/pytorch/torch/csrc/utils/python_dispatch.cpp,"(624, 74)-(624, 76)","b'.value(#prefix #n, c10::DispatchKey::prefix##n)'"
csrc,../repos/pytorch/torch/csrc/utils/python_dispatch.cpp,"(626, 77)-(626, 79)","b'DEF_SINGLE(, fullname)                       ...'"
csrc,../repos/pytorch/torch/csrc/utils/python_dispatch.cpp,"(626, 87)-(626, 89)","b'DEF_SINGLE(, fullname)                       ...'"
csrc,../repos/pytorch/torch/csrc/utils/python_dispatch.cpp,"(626, 183)-(626, 185)","b'DEF_SINGLE(, fullname)                       ...'"
csrc,../repos/pytorch/torch/csrc/utils/python_dispatch.cpp,"(626, 193)-(626, 195)","b'DEF_SINGLE(, fullname)                       ...'"
csrc,../repos/pytorch/torch/csrc/utils/tensor_layouts.cpp,"(14, 19)-(14, 21)",b'PyObject* layout##_layout =                  ...'
csrc,../repos/pytorch/torch/csrc/utils/tensor_layouts.cpp,"(14, 175)-(14, 177)",b'PyObject* layout##_layout =                  ...'
csrc,../repos/pytorch/torch/csrc/utils/tensor_layouts.cpp,"(14, 292)-(14, 294)",b'PyObject* layout##_layout =                  ...'
csrc,../repos/pytorch/torch/csrc/utils/tensor_layouts.cpp,"(14, 510)-(14, 512)",b'PyObject* layout##_layout =                  ...'
csrc,../repos/pytorch/torch/csrc/api/include/torch/detail/TensorDataContainer.h,"(132, 127)-(132, 129)",b'TensorDataContainer(T value)                 ...'
csrc,../repos/pytorch/torch/csrc/api/include/torch/detail/TensorDataContainer.h,"(175, 187)-(175, 189)",b'TensorDataContainer(at::ArrayRef<T> values)  ...'
csrc,../repos/pytorch/torch/csrc/api/include/torch/optim/serialize.h,"(259, 40)-(259, 42)",b'torch::optim::serialize<OptimizerName##ParamS...'
csrc,../repos/pytorch/torch/csrc/api/include/torch/optim/serialize.h,"(259, 67)-(259, 69)",b'torch::optim::serialize<OptimizerName##ParamS...'
csrc,../repos/pytorch/torch/csrc/api/include/torch/arg.h,"(6, 109)-(6, 111)",b'public:                                      ...'
csrc,../repos/pytorch/torch/csrc/api/include/torch/arg.h,"(8, 256)-(8, 258)",b';                                           \\...'
csrc,../repos/pytorch/torch/csrc/api/include/torch/enum.h,"(21, 78)-(21, 80)",b'{                                            ...'
csrc,../repos/pytorch/torch/csrc/api/include/torch/enum.h,"(21, 325)-(21, 327)",b'{                                            ...'
csrc,../repos/pytorch/torch/csrc/api/include/torch/enum.h,"(21, 333)-(21, 335)",b'{                                            ...'
csrc,../repos/pytorch/torch/csrc/api/include/torch/enum.h,"(29, 57)-(29, 59)",b'namespace torch {                \\\n  const en...'
csrc,../repos/pytorch/torch/csrc/api/include/torch/enum.h,"(29, 65)-(29, 67)",b'namespace torch {                \\\n  const en...'
csrc,../repos/pytorch/torch/csrc/api/include/torch/enum.h,"(34, 43)-(34, 45)",b'std::string operator()(const enumtype::k##nam...'
csrc,../repos/pytorch/torch/csrc/api/include/torch/enum.h,"(89, 140)-(89, 142)",b'OPTIONS_NAME() = default;                    ...'
csrc,../repos/pytorch/torch/csrc/api/include/torch/enum.h,"(89, 221)-(89, 223)",b'OPTIONS_NAME() = default;                    ...'
csrc,../repos/pytorch/torch/csrc/api/include/torch/enum.h,"(89, 302)-(89, 304)",b'OPTIONS_NAME() = default;                    ...'
csrc,../repos/pytorch/torch/csrc/api/include/torch/enum.h,"(96, 140)-(96, 142)",b'OPTIONS_NAME() = default;                    ...'
csrc,../repos/pytorch/torch/csrc/api/include/torch/enum.h,"(96, 221)-(96, 223)",b'OPTIONS_NAME() = default;                    ...'
csrc,../repos/pytorch/torch/csrc/api/include/torch/enum.h,"(96, 302)-(96, 304)",b'OPTIONS_NAME() = default;                    ...'
csrc,../repos/pytorch/torch/csrc/api/include/torch/enum.h,"(96, 383)-(96, 385)",b'OPTIONS_NAME() = default;                    ...'
csrc,../repos/pytorch/torch/csrc/api/include/torch/nn/pimpl.h,"(214, 56)-(214, 58)","b'TORCH_MODULE_IMPL(Name, Name##Impl)'"
csrc,../repos/pytorch/torch/csrc/autograd/python_torch_functions_manual.cpp,"(174, 32)-(174, 34)",b'static PyObject* THPVariable_##NAME(         ...'
csrc,../repos/pytorch/torch/csrc/autograd/python_torch_functions_manual.cpp,"(174, 883)-(174, 885)",b'static PyObject* THPVariable_##NAME(         ...'
csrc,../repos/pytorch/torch/csrc/inductor/aoti_torch/c/shim.h,"(373, 139)-(373, 141)",b'template <>                                  ...'
csrc,../repos/pytorch/torch/csrc/jit/runtime/static/ops.cpp,"(221, 9)-(221, 11)",b'case k##type:                             \\\n ...'
csrc,../repos/pytorch/torch/csrc/jit/runtime/static/ops.h,"(35, 28)-(35, 30)",b'struct SROperatorFunctor_##id : public SROper...'
csrc,../repos/pytorch/torch/csrc/jit/runtime/static/ops.h,"(35, 444)-(35, 446)",b'struct SROperatorFunctor_##id : public SROper...'
csrc,../repos/pytorch/torch/csrc/jit/runtime/static/ops.h,"(45, 34)-(45, 36)",b'struct SRNativeOperatorFunctor_##id : public ...'
csrc,../repos/pytorch/torch/csrc/jit/runtime/static/ops.h,"(45, 546)-(45, 548)",b'struct SRNativeOperatorFunctor_##id : public ...'
csrc,../repos/pytorch/torch/csrc/jit/runtime/interpreter.cpp,"(229, 30)-(229, 32)",b'NAME:            \\\n  label_##NAME'
csrc,../repos/pytorch/torch/csrc/jit/mobile/nnc/registry.h,"(21, 173)-(21, 175)","b'extern ""C"" {                                 ...'"
csrc,../repos/pytorch/torch/csrc/jit/mobile/nnc/registry.h,"(21, 469)-(21, 471)","b'extern ""C"" {                                 ...'"
csrc,../repos/pytorch/torch/csrc/jit/mobile/model_tracer/tracer.cpp,"(45, 13)-(45, 15)",b'if (FLAGS_##name.empty()) {                  ...'
csrc,../repos/pytorch/torch/csrc/jit/mobile/model_tracer/tracer.cpp,"(51, 13)-(51, 15)",b'if (FLAGS_##name == -1) {                    ...'
csrc,../repos/pytorch/torch/csrc/jit/python/python_ir.cpp,"(696, 40)-(696, 42)","b'def(#name, &Node::name##S)'"
csrc,../repos/pytorch/torch/csrc/jit/python/python_ir.cpp,"(706, 54)-(706, 56)","b'def(#method ""_"", [](Node& n, const char* name...'"
csrc,../repos/pytorch/torch/csrc/jit/python/python_ir.cpp,"(706, 98)-(706, 100)","b'def(#method ""_"", [](Node& n, const char* name...'"
csrc,../repos/pytorch/torch/csrc/jit/ir/ir.h,"(58, 36)-(58, 38)",b'using ::c10::T##Ptr;'
csrc,../repos/pytorch/torch/csrc/jit/ir/ir.h,"(877, 15)-(877, 17)","b'Node* method##_(Symbol name, Kind##Attr::Cons...'"
csrc,../repos/pytorch/torch/csrc/jit/ir/ir.h,"(877, 36)-(877, 38)","b'Node* method##_(Symbol name, Kind##Attr::Cons...'"
csrc,../repos/pytorch/torch/csrc/jit/ir/ir.h,"(877, 90)-(877, 92)","b'Node* method##_(Symbol name, Kind##Attr::Cons...'"
csrc,../repos/pytorch/torch/csrc/jit/ir/ir.h,"(877, 164)-(877, 166)","b'Node* method##_(Symbol name, Kind##Attr::Cons...'"
csrc,../repos/pytorch/torch/csrc/jit/ir/ir.h,"(877, 277)-(877, 279)","b'Node* method##_(Symbol name, Kind##Attr::Cons...'"
csrc,../repos/pytorch/torch/csrc/jit/ir/ir.h,"(877, 354)-(877, 356)","b'Node* method##_(Symbol name, Kind##Attr::Cons...'"
csrc,../repos/pytorch/torch/csrc/jit/serialization/unpickler.cpp,"(827, 66)-(827, 68)","b'if (class_name == #name ""Storage"") { \\\n    sc...'"
csrc,../repos/pytorch/torch/csrc/jit/passes/onnx/function_extraction.cpp,"(581, 69)-(581, 71)",b'case AttributeKind::kind: {                  ...'
csrc,../repos/pytorch/torch/csrc/jit/tensorexpr/codegen.cpp,"(81, 54)-(81, 56)",b'case ScalarType::Name:    \\\n    return callAr...'
csrc,../repos/pytorch/torch/csrc/jit/tensorexpr/ir_cloner.cpp,"(117, 32)-(117, 34)",b'ExprPtr IRCloner::mutate(Name##ImmPtr v) { \\\n...'
csrc,../repos/pytorch/torch/csrc/jit/tensorexpr/registerizer.h,"(344, 16)-(344, 18)",b'void visit(Op##Ptr v) override { \\\n    stmtSt...'
csrc,../repos/pytorch/torch/csrc/jit/tensorexpr/eval.cpp,"(15, 18)-(15, 20)",b'if (dtype_ == k##Name) {           \\\n    retu...'
csrc,../repos/pytorch/torch/csrc/jit/tensorexpr/eval.cpp,"(15, 63)-(15, 65)",b'if (dtype_ == k##Name) {           \\\n    retu...'
csrc,../repos/pytorch/torch/csrc/jit/tensorexpr/eval.cpp,"(423, 28)-(423, 30)",b'TORCH_API void visit(Name##ImmPtr v) override...'
csrc,../repos/pytorch/torch/csrc/jit/tensorexpr/eval.cpp,"(750, 69)-(750, 71)",b'case ScalarType::Name: {                     ...'
csrc,../repos/pytorch/torch/csrc/jit/tensorexpr/eval.cpp,"(750, 239)-(750, 241)",b'case ScalarType::Name: {                     ...'
csrc,../repos/pytorch/torch/csrc/jit/tensorexpr/eval.cpp,"(750, 399)-(750, 401)",b'case ScalarType::Name: {                     ...'
csrc,../repos/pytorch/torch/csrc/jit/tensorexpr/eval.cpp,"(796, 410)-(796, 412)",b'case ScalarType::Name: {                     ...'
csrc,../repos/pytorch/torch/csrc/jit/tensorexpr/eval.cpp,"(796, 674)-(796, 676)",b'case ScalarType::Name: {                     ...'
csrc,../repos/pytorch/torch/csrc/jit/tensorexpr/eval.cpp,"(796, 1132)-(796, 1134)",b'case ScalarType::Name: {                     ...'
csrc,../repos/pytorch/torch/csrc/jit/tensorexpr/codegen.h,"(202, 13)-(202, 15)",b'Type* Name##Ptr() const {                    ...'
csrc,../repos/pytorch/torch/csrc/jit/tensorexpr/ir_visitor.cpp,"(79, 29)-(79, 31)",b'void IRVisitor::visit(Name##ImmPtr v) {}'
csrc,../repos/pytorch/torch/csrc/jit/tensorexpr/expr.cpp,"(90, 51)-(90, 53)",b'ExprHandle::ExprHandle(Type v) : ExprHandle(N...'
csrc,../repos/pytorch/torch/csrc/jit/tensorexpr/ir.cpp,"(266, 11)-(266, 13)",b'if (Name##ImmPtr imm = to<Name##Imm>(e)) { \\\n...'
csrc,../repos/pytorch/torch/csrc/jit/tensorexpr/ir.cpp,"(266, 33)-(266, 35)",b'if (Name##ImmPtr imm = to<Name##Imm>(e)) { \\\n...'
csrc,../repos/pytorch/torch/csrc/jit/tensorexpr/ir.cpp,"(276, 11)-(276, 13)",b'if (Name##ImmPtr imm = to<Name##Imm>(e)) { \\\n...'
csrc,../repos/pytorch/torch/csrc/jit/tensorexpr/ir.cpp,"(276, 33)-(276, 35)",b'if (Name##ImmPtr imm = to<Name##Imm>(e)) { \\\n...'
csrc,../repos/pytorch/torch/csrc/jit/tensorexpr/ir.cpp,"(286, 11)-(286, 13)",b'if (Name##ImmPtr imm = to<Name##Imm>(e)) { \\\n...'
csrc,../repos/pytorch/torch/csrc/jit/tensorexpr/ir.cpp,"(286, 33)-(286, 35)",b'if (Name##ImmPtr imm = to<Name##Imm>(e)) { \\\n...'
csrc,../repos/pytorch/torch/csrc/jit/tensorexpr/types.cpp,"(15, 46)-(15, 48)","b'TORCH_API Dtype k##n(ScalarType::n, 1);'"
csrc,../repos/pytorch/torch/csrc/jit/tensorexpr/types.cpp,"(37, 40)-(37, 42)",b'case ScalarType::n:    \\\n    return k##n;'
csrc,../repos/pytorch/torch/csrc/jit/tensorexpr/lowerings.cpp,"(103, 37)-(103, 39)",b'RegisterNNCLoweringsFunction aten_##op_name##...'
csrc,../repos/pytorch/torch/csrc/jit/tensorexpr/lowerings.cpp,"(103, 46)-(103, 48)",b'RegisterNNCLoweringsFunction aten_##op_name##...'
csrc,../repos/pytorch/torch/csrc/jit/tensorexpr/lowerings.cpp,"(149, 37)-(149, 39)",b'RegisterNNCLoweringsFunction aten_##op_name##...'
csrc,../repos/pytorch/torch/csrc/jit/tensorexpr/lowerings.cpp,"(149, 46)-(149, 48)",b'RegisterNNCLoweringsFunction aten_##op_name##...'
csrc,../repos/pytorch/torch/csrc/jit/tensorexpr/lowerings.cpp,"(177, 37)-(177, 39)",b'RegisterNNCLoweringsFunction aten_##op_name##...'
csrc,../repos/pytorch/torch/csrc/jit/tensorexpr/lowerings.cpp,"(177, 46)-(177, 48)",b'RegisterNNCLoweringsFunction aten_##op_name##...'
csrc,../repos/pytorch/torch/csrc/jit/tensorexpr/lowerings.cpp,"(202, 37)-(202, 39)",b'RegisterNNCLoweringsFunction aten_##op_name##...'
csrc,../repos/pytorch/torch/csrc/jit/tensorexpr/lowerings.cpp,"(202, 46)-(202, 48)",b'RegisterNNCLoweringsFunction aten_##op_name##...'
csrc,../repos/pytorch/torch/csrc/jit/tensorexpr/types.h,"(88, 68)-(88, 70)",b'extern TORCH_API Dtype k##name;'
csrc,../repos/pytorch/torch/csrc/jit/tensorexpr/types.h,"(99, 107)-(99, 109)",b'template <>                                \\\n...'
csrc,../repos/pytorch/torch/csrc/jit/tensorexpr/ir_printer.h,"(36, 52)-(36, 54)",b'void visit(Name##ImmPtr v) override;'
csrc,../repos/pytorch/torch/csrc/jit/tensorexpr/eval.h,"(35, 17)-(35, 19)",b'if (dtype == k##Name) {      \\\n    Name##valu...'
csrc,../repos/pytorch/torch/csrc/jit/tensorexpr/eval.h,"(35, 42)-(35, 44)",b'if (dtype == k##Name) {      \\\n    Name##valu...'
csrc,../repos/pytorch/torch/csrc/jit/tensorexpr/eval.h,"(45, 33)-(45, 35)",b'InterpValue(Type v) : dtype_(k##Name) { \\\n   ...'
csrc,../repos/pytorch/torch/csrc/jit/tensorexpr/eval.h,"(45, 53)-(45, 55)",b'InterpValue(Type v) : dtype_(k##Name) { \\\n   ...'
csrc,../repos/pytorch/torch/csrc/jit/tensorexpr/eval.h,"(63, 67)-(63, 69)",b'InterpValue(const std::vector<Type>& v) \\\n   ...'
csrc,../repos/pytorch/torch/csrc/jit/tensorexpr/eval.h,"(63, 91)-(63, 93)",b'InterpValue(const std::vector<Type>& v) \\\n   ...'
csrc,../repos/pytorch/torch/csrc/jit/tensorexpr/eval.h,"(88, 57)-(88, 59)",b'std::vector<Type> Name##values;'
csrc,../repos/pytorch/torch/csrc/jit/tensorexpr/eval.h,"(97, 116)-(97, 118)",b'template <>                                 \\...'
csrc,../repos/pytorch/torch/csrc/jit/tensorexpr/eval.h,"(97, 256)-(97, 258)",b'template <>                                 \\...'
csrc,../repos/pytorch/torch/csrc/jit/tensorexpr/eval.h,"(110, 376)-(110, 378)",b'template <>                                  ...'
csrc,../repos/pytorch/torch/csrc/jit/tensorexpr/ir_printer.cpp,"(226, 29)-(226, 31)",b'void IRPrinter::visit(Name##ImmPtr v) { \\\n   ...'
csrc,../repos/pytorch/torch/csrc/jit/tensorexpr/ir_mutator.h,"(27, 67)-(27, 69)",b'virtual ExprPtr mutate(Name##ImmPtr v);'
csrc,../repos/pytorch/torch/csrc/jit/tensorexpr/hash_provider.h,"(93, 18)-(93, 20)",b'void visit(Name##ImmPtr v) override {        ...'
csrc,../repos/pytorch/torch/csrc/jit/tensorexpr/llvm_codegen.cpp,"(245, 53)-(245, 55)",b'llvm::Type* Name##Ty_;'
csrc,../repos/pytorch/torch/csrc/jit/tensorexpr/llvm_codegen.cpp,"(331, 52)-(331, 54)",b'void visit(Name##ImmPtr v) override;'
csrc,../repos/pytorch/torch/csrc/jit/tensorexpr/llvm_codegen.cpp,"(584, 40)-(584, 42)",b'case ScalarType::n:    \\\n    return n##Ty_;  ...'
csrc,../repos/pytorch/torch/csrc/jit/tensorexpr/llvm_codegen.cpp,"(1076, 35)-(1076, 37)",b'void LLVMCodeGenImpl::visit(Name##ImmPtr v) {...'
csrc,../repos/pytorch/torch/csrc/jit/tensorexpr/llvm_codegen.cpp,"(1076, 93)-(1076, 95)",b'void LLVMCodeGenImpl::visit(Name##ImmPtr v) {...'
csrc,../repos/pytorch/torch/csrc/jit/tensorexpr/llvm_codegen.cpp,"(1325, 106)-(1325, 108)",b'case ScalarType::Name:                       ...'
csrc,../repos/pytorch/torch/csrc/jit/tensorexpr/llvm_codegen.cpp,"(1415, 108)-(1415, 110)",b'case ScalarType::Name:                       ...'
csrc,../repos/pytorch/torch/csrc/jit/tensorexpr/ir_cloner.h,"(28, 59)-(28, 61)",b'ExprPtr mutate(Name##ImmPtr v) override;'
csrc,../repos/pytorch/torch/csrc/jit/tensorexpr/ir_visitor.h,"(27, 60)-(27, 62)",b'virtual void visit(Name##ImmPtr v);'
csrc,../repos/pytorch/torch/csrc/jit/tensorexpr/ir_mutator.cpp,"(113, 33)-(113, 35)",b'ExprPtr IRMutator::mutate(Name##ImmPtr v) { \\...'
csrc,../repos/pytorch/torch/csrc/jit/tensorexpr/fwd_decls.h,"(122, 13)-(122, 15)",b'class Name##Imm;              \\\n  using Name#...'
csrc,../repos/pytorch/torch/csrc/jit/tensorexpr/fwd_decls.h,"(122, 47)-(122, 49)",b'class Name##Imm;              \\\n  using Name#...'
csrc,../repos/pytorch/torch/csrc/jit/tensorexpr/fwd_decls.h,"(122, 70)-(122, 72)",b'class Name##Imm;              \\\n  using Name#...'
csrc,../repos/pytorch/torch/csrc/jit/tensorexpr/tensorexpr_init.cpp,"(74, 87)-(74, 89)",b'dtype_class.def_property_readonly_static(   \\...'
csrc,../repos/pytorch/torch/csrc/jit/tensorexpr/tensorexpr_init.cpp,"(156, 44)-(156, 46)",b'.def(py::init([](ctype val) { return name##Im...'
csrc,../repos/pytorch/torch/csrc/jit/tensorexpr/ir.h,"(313, 23)-(313, 25)",b'class TORCH_API Name##Imm : public ExprNode<N...'
csrc,../repos/pytorch/torch/csrc/jit/tensorexpr/ir.h,"(313, 51)-(313, 53)",b'class TORCH_API Name##Imm : public ExprNode<N...'
csrc,../repos/pytorch/torch/csrc/jit/tensorexpr/ir.h,"(313, 137)-(313, 139)",b'class TORCH_API Name##Imm : public ExprNode<N...'
csrc,../repos/pytorch/torch/csrc/jit/tensorexpr/ir.h,"(313, 217)-(313, 219)",b'class TORCH_API Name##Imm : public ExprNode<N...'
csrc,../repos/pytorch/torch/csrc/jit/tensorexpr/ir.h,"(313, 739)-(313, 741)",b'class TORCH_API Name##Imm : public ExprNode<N...'
csrc,../repos/pytorch/torch/csrc/jit/tensorexpr/ir.h,"(338, 54)-(338, 56)",b'case ScalarType::Name:      \\\n    return allo...'
csrc,../repos/pytorch/torch/csrc/jit/tensorexpr/ir.h,"(366, 23)-(366, 25)",b'if (auto v = to<Name##Imm>(e)) { \\\n    return...'
csrc,../repos/pytorch/torch/csrc/jit/tensorexpr/ir.h,"(381, 11)-(381, 13)",b'if (Name##ImmPtr imm = to<Name##Imm>(e)) { \\\n...'
csrc,../repos/pytorch/torch/csrc/jit/tensorexpr/ir.h,"(381, 33)-(381, 35)",b'if (Name##ImmPtr imm = to<Name##Imm>(e)) { \\\n...'
csrc,../repos/pytorch/torch/csrc/jit/tensorexpr/ir.h,"(398, 11)-(398, 13)",b'if (Name##ImmPtr imm = to<Name##Imm>(e)) { \\\n...'
csrc,../repos/pytorch/torch/csrc/jit/tensorexpr/ir.h,"(398, 33)-(398, 35)",b'if (Name##ImmPtr imm = to<Name##Imm>(e)) { \\\n...'
csrc,../repos/pytorch/torch/csrc/THConcat.h,"(13, 35)-(13, 37)",b'x##y'
csrc,../repos/pytorch/torch/csrc/THConcat.h,"(16, 38)-(16, 40)",b'x##y##z'
csrc,../repos/pytorch/torch/csrc/THConcat.h,"(16, 41)-(16, 43)",b'x##y##z'
csrc,../repos/pytorch/torch/csrc/THConcat.h,"(18, 41)-(18, 43)",b'x##y##z##w'
csrc,../repos/pytorch/torch/csrc/THConcat.h,"(18, 44)-(18, 46)",b'x##y##z##w'
csrc,../repos/pytorch/torch/csrc/THConcat.h,"(18, 47)-(18, 49)",b'x##y##z##w'
csrc,../repos/pytorch/torch/csrc/multiprocessing/init.cpp,"(13, 137)-(13, 139)",b'if ((rv) < 0) {                              ...'
csrc,../repos/pytorch/torch/csrc/dynamo/cpython_defs.c,"(171, 25)-(171, 27)",b'Py_XINCREF((f2)->func_##field); \\\n  (f1)->fun...'
csrc,../repos/pytorch/torch/csrc/dynamo/cpython_defs.c,"(171, 50)-(171, 52)",b'Py_XINCREF((f2)->func_##field); \\\n  (f1)->fun...'
csrc,../repos/pytorch/torch/csrc/dynamo/cpython_defs.c,"(171, 71)-(171, 73)",b'Py_XINCREF((f2)->func_##field); \\\n  (f1)->fun...'
csrc,../repos/pytorch/torch/csrc/dynamo/eval_frame.c,"(44, 40)-(44, 42)",b'static PyObject* THPPyInterpreterFrame_##name...'
csrc,../repos/pytorch/torch/csrc/dynamo/eval_frame.c,"(323, 29)-(323, 31)",b'static PyObject* CacheEntry_##name(CacheEntry...'
