Repo name,File name,Location,Content
csrc,../repos/pytorch/torch/csrc/utils/python_arg_parser.h,"(341, 3)-(349, 4)",b'union {\n    bool default_bool;\n    int64_t de...'
csrc,../repos/pytorch/torch/csrc/utils/byte_order.cpp,"(164, 5)-(167, 6)",b'{\n    // NOLINTNEXTLINE(cppcoreguidelines-pro...'
csrc,../repos/pytorch/torch/csrc/utils/byte_order.cpp,"(204, 5)-(207, 6)",b'{\n    // NOLINTNEXTLINE(cppcoreguidelines-pro...'
csrc,../repos/pytorch/torch/csrc/utils/byte_order.cpp,"(221, 5)-(224, 6)",b'{\n    // NOLINTNEXTLINE(cppcoreguidelines-pro...'
csrc,../repos/pytorch/torch/csrc/utils/byte_order.cpp,"(238, 5)-(241, 6)",b'{\n    // NOLINTNEXTLINE(cppcoreguidelines-pro...'
csrc,../repos/pytorch/torch/csrc/utils/byte_order.cpp,"(243, 5)-(246, 6)",b'{\n    // NOLINTNEXTLINE(cppcoreguidelines-pro...'
csrc,../repos/pytorch/torch/csrc/utils/byte_order.cpp,"(264, 5)-(267, 6)",b'{\n    // NOLINTNEXTLINE(cppcoreguidelines-pro...'
csrc,../repos/pytorch/torch/csrc/utils/byte_order.cpp,"(269, 5)-(272, 6)",b'{\n    // NOLINTNEXTLINE(cppcoreguidelines-pro...'
csrc,../repos/pytorch/torch/csrc/jit/runtime/static/ProcessedNodeInputs.h,"(139, 3)-(233, 4)",b'union Repr {\n    C10_NODISCARD bool is_inline...'
csrc,../repos/pytorch/torch/csrc/jit/runtime/register_ops_utils.h,"(396, 3)-(399, 4)",b'union {\n    void (*operation)(Stack&);\n    Op...'
csrc,../repos/pytorch/torch/csrc/lazy/core/hash.cpp,"(22, 3)-(28, 4)","b'union {\n    hash_t h;\n    std::array<uint8_t,...'"
