Repo name,File name,Location,Content
csrc,../repos/pytorch/torch/csrc/distributed/c10d/Utils.hpp,"(12, 1)-(12, 25)",b'typedef SSIZE_T ssize_t;'
csrc,../repos/pytorch/torch/csrc/distributed/c10d/ProcessGroupGloo.cpp,"(174, 1)-(174, 69)","b'typedef void (*ReduceFunc)(void*, const void*...'"
csrc,../repos/pytorch/torch/csrc/distributed/c10d/ProcessGroupNCCL.hpp,"(986, 1)-(986, 33)",b'typedef bool (*gil_checker_t)();'
csrc,../repos/pytorch/torch/csrc/distributed/c10d/TCPStore.cpp,"(40, 3)-(41, 18)",b'typedef std::chrono::time_point<std::chrono::...'
csrc,../repos/pytorch/torch/csrc/distributed/c10d/TCPStoreLibUvBackend.cpp,"(176, 3)-(176, 54)",b'typedef std::function<void(int)> OnConnectCal...'
csrc,../repos/pytorch/torch/csrc/Storage.cpp,"(723, 1)-(723, 47)","b'typedef PyObject* (*getter)(PyObject*, void*);'"
csrc,../repos/pytorch/torch/csrc/cuda/nccl.cpp,"(541, 3)-(541, 48)",b'typedef typename std::decay<Arg1>::type type;'
csrc,../repos/pytorch/torch/csrc/cuda/nccl.h,"(29, 1)-(29, 26)",b'typedef void* ncclComm_t;'
csrc,../repos/pytorch/torch/csrc/cuda/nccl.h,"(35, 1)-(37, 16)",b'typedef struct {\n  char internal[NCCL_UNIQUE_...'
csrc,../repos/pytorch/torch/csrc/tensor/python_tensor.cpp,"(163, 1)-(163, 47)","b'typedef PyObject* (*getter)(PyObject*, void*);'"
csrc,../repos/pytorch/torch/csrc/utils.h,"(173, 1)-(173, 50)",b'typedef THPPointer<THPGenerator> THPGeneratorPtr;'
csrc,../repos/pytorch/torch/csrc/utils.h,"(174, 1)-(174, 52)",b'typedef class THPPointer<THPStorage> THPStora...'
csrc,../repos/pytorch/torch/csrc/utils/throughput_benchmark.h,"(114, 1)-(114, 33)",b'typedef py::object ModuleOutput;'
csrc,../repos/pytorch/torch/csrc/utils/throughput_benchmark.h,"(115, 1)-(115, 51)",b'typedef std::vector<at::IValue> ScriptModuleInput;'
csrc,../repos/pytorch/torch/csrc/utils/throughput_benchmark.h,"(116, 1)-(116, 39)",b'typedef at::IValue ScriptModuleOutput;'
csrc,../repos/pytorch/torch/csrc/utils/throughput_benchmark.h,"(121, 1)-(122, 27)","b'typedef BenchmarkHelper<ScriptModuleInput, at...'"
csrc,../repos/pytorch/torch/csrc/utils/throughput_benchmark.h,"(128, 1)-(128, 78)","b'typedef BenchmarkHelper<ModuleInput, py::obje...'"
csrc,../repos/pytorch/torch/csrc/utils/disable_torch_function.cpp,"(35, 1)-(39, 32)",b'typedef struct {\n  PyObject_HEAD\n      /* Typ...'
csrc,../repos/pytorch/torch/csrc/utils/disable_torch_function.cpp,"(122, 1)-(126, 24)",b'typedef struct {\n  PyObject_HEAD\n      /* Typ...'
csrc,../repos/pytorch/torch/csrc/api/include/torch/optim/adamw.h,"(23, 3)-(23, 46)","b'typedef std::tuple<double, double> betas_t;'"
csrc,../repos/pytorch/torch/csrc/api/include/torch/optim/adam.h,"(23, 3)-(23, 46)","b'typedef std::tuple<double, double> betas_t;'"
csrc,../repos/pytorch/torch/csrc/api/include/torch/nn/options/conv.h,"(14, 1)-(19, 25)","b'typedef std::variant<\n    enumtype::kZeros,\n ...'"
csrc,../repos/pytorch/torch/csrc/api/include/torch/nn/options/padding.h,"(197, 3)-(202, 14)",b'typedef std::variant<\n      enumtype::kConsta...'
csrc,../repos/pytorch/torch/csrc/api/include/torch/nn/options/upsampling.h,"(30, 3)-(36, 14)",b'typedef std::variant<\n      enumtype::kNeares...'
csrc,../repos/pytorch/torch/csrc/api/include/torch/nn/options/upsampling.h,"(57, 3)-(65, 14)",b'typedef std::variant<\n      enumtype::kNeares...'
csrc,../repos/pytorch/torch/csrc/api/include/torch/nn/options/loss.h,"(18, 3)-(19, 19)","b'typedef std::variant<enumtype::kNone, enumtyp...'"
csrc,../repos/pytorch/torch/csrc/api/include/torch/nn/options/loss.h,"(51, 3)-(56, 19)","b'typedef std::variant<\n      enumtype::kNone,\n...'"
csrc,../repos/pytorch/torch/csrc/api/include/torch/nn/options/loss.h,"(98, 3)-(99, 19)","b'typedef std::variant<enumtype::kNone, enumtyp...'"
csrc,../repos/pytorch/torch/csrc/api/include/torch/nn/options/loss.h,"(131, 3)-(132, 19)","b'typedef std::variant<enumtype::kNone, enumtyp...'"
csrc,../repos/pytorch/torch/csrc/api/include/torch/nn/options/loss.h,"(166, 3)-(167, 19)","b'typedef std::variant<enumtype::kNone, enumtyp...'"
csrc,../repos/pytorch/torch/csrc/api/include/torch/nn/options/loss.h,"(200, 3)-(201, 19)","b'typedef std::variant<enumtype::kNone, enumtyp...'"
csrc,../repos/pytorch/torch/csrc/api/include/torch/nn/options/loss.h,"(245, 3)-(246, 19)","b'typedef std::variant<enumtype::kNone, enumtyp...'"
csrc,../repos/pytorch/torch/csrc/api/include/torch/nn/options/loss.h,"(280, 3)-(281, 19)","b'typedef std::variant<enumtype::kNone, enumtyp...'"
csrc,../repos/pytorch/torch/csrc/api/include/torch/nn/options/loss.h,"(321, 3)-(322, 19)","b'typedef std::variant<enumtype::kNone, enumtyp...'"
csrc,../repos/pytorch/torch/csrc/api/include/torch/nn/options/loss.h,"(363, 3)-(364, 19)","b'typedef std::variant<enumtype::kNone, enumtyp...'"
csrc,../repos/pytorch/torch/csrc/api/include/torch/nn/options/loss.h,"(403, 3)-(404, 19)","b'typedef std::variant<enumtype::kNone, enumtyp...'"
csrc,../repos/pytorch/torch/csrc/api/include/torch/nn/options/loss.h,"(445, 3)-(446, 19)","b'typedef std::variant<enumtype::kNone, enumtyp...'"
csrc,../repos/pytorch/torch/csrc/api/include/torch/nn/options/loss.h,"(447, 3)-(448, 27)","b'typedef std::function<Tensor(const Tensor&, c...'"
csrc,../repos/pytorch/torch/csrc/api/include/torch/nn/options/loss.h,"(496, 3)-(497, 19)","b'typedef std::variant<enumtype::kNone, enumtyp...'"
csrc,../repos/pytorch/torch/csrc/api/include/torch/nn/options/loss.h,"(533, 3)-(534, 19)","b'typedef std::variant<enumtype::kNone, enumtyp...'"
csrc,../repos/pytorch/torch/csrc/api/include/torch/nn/options/loss.h,"(577, 3)-(578, 19)","b'typedef std::variant<enumtype::kNone, enumtyp...'"
csrc,../repos/pytorch/torch/csrc/api/include/torch/nn/options/loss.h,"(621, 3)-(622, 19)","b'typedef std::variant<enumtype::kNone, enumtyp...'"
csrc,../repos/pytorch/torch/csrc/api/include/torch/nn/options/loss.h,"(662, 3)-(663, 19)","b'typedef std::variant<enumtype::kNone, enumtyp...'"
csrc,../repos/pytorch/torch/csrc/api/include/torch/nn/options/loss.h,"(695, 3)-(696, 19)","b'typedef std::variant<enumtype::kNone, enumtyp...'"
csrc,../repos/pytorch/torch/csrc/api/include/torch/nn/options/loss.h,"(734, 3)-(735, 19)","b'typedef std::variant<enumtype::kNone, enumtyp...'"
csrc,../repos/pytorch/torch/csrc/api/include/torch/nn/options/loss.h,"(774, 3)-(775, 19)","b'typedef std::variant<enumtype::kNone, enumtyp...'"
csrc,../repos/pytorch/torch/csrc/api/include/torch/nn/options/rnn.h,"(15, 3)-(20, 31)","b'typedef std::variant<\n      enumtype::kLSTM,\n...'"
csrc,../repos/pytorch/torch/csrc/api/include/torch/nn/options/rnn.h,"(60, 3)-(60, 73)","b'typedef std::variant<enumtype::kTanh, enumtyp...'"
csrc,../repos/pytorch/torch/csrc/api/include/torch/nn/options/rnn.h,"(183, 3)-(183, 73)","b'typedef std::variant<enumtype::kTanh, enumtyp...'"
csrc,../repos/pytorch/torch/csrc/api/include/torch/nn/options/embedding.h,"(104, 1)-(105, 22)","b'typedef std::variant<enumtype::kSum, enumtype...'"
csrc,../repos/pytorch/torch/csrc/api/include/torch/nn/options/vision.h,"(21, 3)-(21, 72)","b'typedef std::variant<enumtype::kBilinear, enu...'"
csrc,../repos/pytorch/torch/csrc/api/include/torch/nn/options/vision.h,"(22, 3)-(24, 26)","b'typedef std::\n      variant<enumtype::kZeros,...'"
csrc,../repos/pytorch/torch/csrc/api/include/torch/nn/options/linear.h,"(55, 3)-(55, 69)","b'typedef std::vector<std::pair<std::string, in...'"
csrc,../repos/pytorch/torch/csrc/autograd/python_variable.cpp,"(804, 1)-(804, 47)","b'typedef PyObject* (*getter)(PyObject*, void*);'"
csrc,../repos/pytorch/torch/csrc/autograd/python_variable.cpp,"(805, 1)-(805, 52)","b'typedef int (*setter)(PyObject*, PyObject*, v...'"
csrc,../repos/pytorch/torch/csrc/autograd/engine.h,"(138, 3)-(142, 33)",b'typedef variable_list (*compiled_autograd_fn)...'
csrc,../repos/pytorch/torch/csrc/autograd/python_function.cpp,"(1568, 1)-(1568, 47)","b'typedef PyObject* (*getter)(PyObject*, void*);'"
csrc,../repos/pytorch/torch/csrc/autograd/python_function.cpp,"(1569, 1)-(1569, 52)","b'typedef int (*setter)(PyObject*, PyObject*, v...'"
csrc,../repos/pytorch/torch/csrc/jit/mobile/flatbuffer_loader.cpp,"(83, 3)-(84, 79)",b'typedef IValue (\n      *IValueParser)(Flatbuf...'
csrc,../repos/pytorch/torch/csrc/jit/mobile/flatbuffer_loader.cpp,"(94, 3)-(96, 44)",b'typedef TypePtr (*TypeResolver)(\n      const ...'
csrc,../repos/pytorch/torch/csrc/jit/mobile/model_tracer/tracer.cpp,"(32, 1)-(32, 62)","b'typedef std::map<std::string, std::set<std::s...'"
csrc,../repos/pytorch/torch/csrc/jit/mobile/model_tracer/BuildFeatureTracer.h,"(29, 3)-(29, 52)",b'typedef std::set<std::string> build_feature_type;'
csrc,../repos/pytorch/torch/csrc/jit/mobile/model_tracer/CustomClassTracer.h,"(29, 3)-(29, 53)",b'typedef std::set<std::string> custom_classes_type;'
csrc,../repos/pytorch/torch/csrc/jit/mobile/model_tracer/KernelDTypeTracer.h,"(30, 3)-(30, 73)","b'typedef std::map<std::string, std::set<std::s...'"
csrc,../repos/pytorch/torch/csrc/jit/serialization/mobile_bytecode_generated.h,"(451, 3)-(451, 42)",b'typedef QuantizedSchemaBuilder Builder;'
csrc,../repos/pytorch/torch/csrc/jit/serialization/mobile_bytecode_generated.h,"(511, 3)-(511, 33)",b'typedef QuantizedSchema Table;'
csrc,../repos/pytorch/torch/csrc/jit/serialization/mobile_bytecode_generated.h,"(562, 3)-(562, 41)",b'typedef TensorMetadataBuilder Builder;'
csrc,../repos/pytorch/torch/csrc/jit/serialization/mobile_bytecode_generated.h,"(631, 3)-(631, 32)",b'typedef TensorMetadata Table;'
csrc,../repos/pytorch/torch/csrc/jit/serialization/mobile_bytecode_generated.h,"(709, 3)-(709, 33)",b'typedef StringBuilder Builder;'
csrc,../repos/pytorch/torch/csrc/jit/serialization/mobile_bytecode_generated.h,"(728, 3)-(728, 24)",b'typedef String Table;'
csrc,../repos/pytorch/torch/csrc/jit/serialization/mobile_bytecode_generated.h,"(763, 3)-(763, 33)",b'typedef DeviceBuilder Builder;'
csrc,../repos/pytorch/torch/csrc/jit/serialization/mobile_bytecode_generated.h,"(782, 3)-(782, 24)",b'typedef Device Table;'
csrc,../repos/pytorch/torch/csrc/jit/serialization/mobile_bytecode_generated.h,"(817, 3)-(817, 31)",b'typedef ListBuilder Builder;'
csrc,../repos/pytorch/torch/csrc/jit/serialization/mobile_bytecode_generated.h,"(845, 3)-(845, 22)",b'typedef List Table;'
csrc,../repos/pytorch/torch/csrc/jit/serialization/mobile_bytecode_generated.h,"(888, 3)-(888, 34)",b'typedef IntListBuilder Builder;'
csrc,../repos/pytorch/torch/csrc/jit/serialization/mobile_bytecode_generated.h,"(907, 3)-(907, 25)",b'typedef IntList Table;'
csrc,../repos/pytorch/torch/csrc/jit/serialization/mobile_bytecode_generated.h,"(942, 3)-(942, 37)",b'typedef DoubleListBuilder Builder;'
csrc,../repos/pytorch/torch/csrc/jit/serialization/mobile_bytecode_generated.h,"(961, 3)-(961, 28)",b'typedef DoubleList Table;'
csrc,../repos/pytorch/torch/csrc/jit/serialization/mobile_bytecode_generated.h,"(996, 3)-(996, 35)",b'typedef BoolListBuilder Builder;'
csrc,../repos/pytorch/torch/csrc/jit/serialization/mobile_bytecode_generated.h,"(1015, 3)-(1015, 26)",b'typedef BoolList Table;'
csrc,../repos/pytorch/torch/csrc/jit/serialization/mobile_bytecode_generated.h,"(1050, 3)-(1050, 32)",b'typedef TupleBuilder Builder;'
csrc,../repos/pytorch/torch/csrc/jit/serialization/mobile_bytecode_generated.h,"(1069, 3)-(1069, 23)",b'typedef Tuple Table;'
csrc,../repos/pytorch/torch/csrc/jit/serialization/mobile_bytecode_generated.h,"(1104, 3)-(1104, 31)",b'typedef DictBuilder Builder;'
csrc,../repos/pytorch/torch/csrc/jit/serialization/mobile_bytecode_generated.h,"(1141, 3)-(1141, 22)",b'typedef Dict Table;'
csrc,../repos/pytorch/torch/csrc/jit/serialization/mobile_bytecode_generated.h,"(1192, 3)-(1192, 37)",b'typedef ObjectTypeBuilder Builder;'
csrc,../repos/pytorch/torch/csrc/jit/serialization/mobile_bytecode_generated.h,"(1229, 3)-(1229, 28)",b'typedef ObjectType Table;'
csrc,../repos/pytorch/torch/csrc/jit/serialization/mobile_bytecode_generated.h,"(1279, 3)-(1279, 33)",b'typedef ObjectBuilder Builder;'
csrc,../repos/pytorch/torch/csrc/jit/serialization/mobile_bytecode_generated.h,"(1322, 3)-(1322, 24)",b'typedef Object Table;'
csrc,../repos/pytorch/torch/csrc/jit/serialization/mobile_bytecode_generated.h,"(1378, 3)-(1378, 36)",b'typedef EnumValueBuilder Builder;'
csrc,../repos/pytorch/torch/csrc/jit/serialization/mobile_bytecode_generated.h,"(1405, 3)-(1405, 27)",b'typedef EnumValue Table;'
csrc,../repos/pytorch/torch/csrc/jit/serialization/mobile_bytecode_generated.h,"(1447, 3)-(1447, 35)",b'typedef OperatorBuilder Builder;'
csrc,../repos/pytorch/torch/csrc/jit/serialization/mobile_bytecode_generated.h,"(1483, 3)-(1483, 26)",b'typedef Operator Table;'
csrc,../repos/pytorch/torch/csrc/jit/serialization/mobile_bytecode_generated.h,"(1533, 3)-(1533, 30)",b'typedef ArgBuilder Builder;'
csrc,../repos/pytorch/torch/csrc/jit/serialization/mobile_bytecode_generated.h,"(1569, 3)-(1569, 21)",b'typedef Arg Table;'
csrc,../repos/pytorch/torch/csrc/jit/serialization/mobile_bytecode_generated.h,"(1619, 3)-(1619, 33)",b'typedef SchemaBuilder Builder;'
csrc,../repos/pytorch/torch/csrc/jit/serialization/mobile_bytecode_generated.h,"(1649, 3)-(1649, 24)",b'typedef Schema Table;'
csrc,../repos/pytorch/torch/csrc/jit/serialization/mobile_bytecode_generated.h,"(1692, 3)-(1692, 36)",b'typedef DebugInfoBuilder Builder;'
csrc,../repos/pytorch/torch/csrc/jit/serialization/mobile_bytecode_generated.h,"(1711, 3)-(1711, 27)",b'typedef DebugInfo Table;'
csrc,../repos/pytorch/torch/csrc/jit/serialization/mobile_bytecode_generated.h,"(1746, 3)-(1746, 35)",b'typedef FunctionBuilder Builder;'
csrc,../repos/pytorch/torch/csrc/jit/serialization/mobile_bytecode_generated.h,"(1837, 3)-(1837, 26)",b'typedef Function Table;'
csrc,../repos/pytorch/torch/csrc/jit/serialization/mobile_bytecode_generated.h,"(1932, 3)-(1932, 38)",b'typedef StorageDataBuilder Builder;'
csrc,../repos/pytorch/torch/csrc/jit/serialization/mobile_bytecode_generated.h,"(1951, 3)-(1951, 29)",b'typedef StorageData Table;'
csrc,../repos/pytorch/torch/csrc/jit/serialization/mobile_bytecode_generated.h,"(1987, 3)-(1987, 33)",b'typedef IValueBuilder Builder;'
csrc,../repos/pytorch/torch/csrc/jit/serialization/mobile_bytecode_generated.h,"(2124, 3)-(2124, 24)",b'typedef IValue Table;'
csrc,../repos/pytorch/torch/csrc/jit/serialization/mobile_bytecode_generated.h,"(2155, 3)-(2155, 36)",b'typedef ExtraFileBuilder Builder;'
csrc,../repos/pytorch/torch/csrc/jit/serialization/mobile_bytecode_generated.h,"(2183, 3)-(2183, 27)",b'typedef ExtraFile Table;'
csrc,../repos/pytorch/torch/csrc/jit/serialization/mobile_bytecode_generated.h,"(2226, 3)-(2226, 33)",b'typedef ModuleBuilder Builder;'
csrc,../repos/pytorch/torch/csrc/jit/serialization/mobile_bytecode_generated.h,"(2344, 3)-(2344, 24)",b'typedef Module Table;'
csrc,../repos/pytorch/torch/csrc/jit/passes/onnx/peephole.cpp,"(23, 1)-(23, 25)",b'typedef SSIZE_T ssize_t;'
csrc,../repos/pytorch/torch/csrc/jit/passes/utils/memory_dag.h,"(18, 1)-(18, 51)",b'typedef c10::SparseBitVector<256> MemoryLocations;'
csrc,../repos/pytorch/torch/csrc/jit/tensorexpr/stmt.h,"(219, 3)-(219, 49)",b'typedef std::list<StmtPtr>::iterator iterator;'
csrc,../repos/pytorch/torch/csrc/jit/tensorexpr/stmt.h,"(220, 3)-(220, 61)",b'typedef std::list<StmtPtr>::const_iterator co...'
csrc,../repos/pytorch/torch/csrc/copy_utils.h,"(9, 1)-(9, 73)","b'typedef std::function<void(PyObject*, PyObjec...'"
csrc,../repos/pytorch/torch/csrc/copy_utils.h,"(17, 1)-(17, 46)",b'typedef std::vector<THPCopyInfo> THPCopyList;'
csrc,../repos/pytorch/torch/csrc/lazy/core/lazy_graph_executor.cpp,"(824, 1)-(824, 25)",b'typedef SSIZE_T ssize_t;'
csrc,../repos/pytorch/torch/csrc/Device.cpp,"(210, 1)-(210, 47)","b'typedef PyObject* (*getter)(PyObject*, void*);'"
csrc,../repos/pytorch/torch/csrc/Dtype.cpp,"(94, 1)-(94, 47)","b'typedef PyObject* (*getter)(PyObject*, void*);'"
csrc,../repos/pytorch/torch/csrc/dynamo/guards.cpp,"(155, 1)-(155, 45)",b'typedef std::vector<TensorCheck> ChecksList;'
csrc,../repos/pytorch/torch/csrc/dynamo/guards.cpp,"(157, 1)-(160, 16)",b'typedef struct {\n  PyObject_HEAD;\n  ChecksLis...'
csrc,../repos/pytorch/torch/csrc/dynamo/cpp_shim.h,"(8, 1)-(8, 72)",b'typedef struct _PytorchRecordFunctionState _P...'
csrc,../repos/pytorch/torch/csrc/dynamo/eval_frame.c,"(36, 1)-(39, 25)",b'typedef struct THPPyInterpreterFrame {\n  PyOb...'
csrc,../repos/pytorch/torch/csrc/dynamo/eval_frame.c,"(287, 1)-(287, 29)",b'typedef PyObject FrameState;'
csrc,../repos/pytorch/torch/csrc/dynamo/eval_frame.c,"(310, 1)-(318, 14)",b'typedef struct cache_entry {\n  PyObject_HEAD\n...'
csrc,../repos/pytorch/torch/csrc/dynamo/eval_frame.c,"(414, 1)-(419, 14)",b'typedef struct {\n  // Cache entry for the cod...'
