Repo name,File name,Location,Content
csrc,../repos/pytorch/torch/csrc/distributed/rpc/tensorpipe_agent.cpp,"(809, 3)-(809, 28)",b'decltype(connectedPipes_)'
csrc,../repos/pytorch/torch/csrc/distributed/rpc/tensorpipe_agent.cpp,"(998, 3)-(998, 47)",b'decltype(clientPipe.pendingResponseMessage_)'
csrc,../repos/pytorch/torch/csrc/distributed/c10d/Utils.hpp,"(401, 20)-(401, 49)",b'decltype(fn(*inputs.begin()))'
csrc,../repos/pytorch/torch/csrc/distributed/c10d/Utils.hpp,"(402, 15)-(402, 44)",b'decltype(fn(*inputs.begin()))'
csrc,../repos/pytorch/torch/csrc/distributed/c10d/ProcessGroupNCCL.cpp,"(2078, 22)-(2078, 50)",b'decltype(first.get_device())'
csrc,../repos/pytorch/torch/csrc/distributed/c10d/ProcessGroupNCCL.cpp,"(2435, 7)-(2435, 18)",b'decltype(i)'
csrc,../repos/pytorch/torch/csrc/distributed/c10d/ProcessGroupNCCL.cpp,"(2454, 7)-(2454, 18)",b'decltype(i)'
csrc,../repos/pytorch/torch/csrc/distributed/c10d/FileStore.cpp,"(228, 46)-(228, 59)",b'decltype(len)'
csrc,../repos/pytorch/torch/csrc/distributed/c10d/FileStore.cpp,"(235, 47)-(235, 60)",b'decltype(len)'
csrc,../repos/pytorch/torch/csrc/distributed/c10d/socket.cpp,"(196, 13)-(196, 27)",b'decltype(auto)'
csrc,../repos/pytorch/torch/csrc/distributed/c10d/socket.cpp,"(201, 3)-(201, 17)",b'decltype(auto)'
csrc,../repos/pytorch/torch/csrc/distributed/c10d/socket.cpp,"(226, 13)-(226, 27)",b'decltype(auto)'
csrc,../repos/pytorch/torch/csrc/distributed/c10d/socket.cpp,"(231, 3)-(231, 17)",b'decltype(auto)'
csrc,../repos/pytorch/torch/csrc/distributed/c10d/error.h,"(18, 13)-(18, 27)",b'decltype(auto)'
csrc,../repos/pytorch/torch/csrc/distributed/c10d/error.h,"(23, 3)-(23, 17)",b'decltype(auto)'
csrc,../repos/pytorch/torch/csrc/distributed/c10d/error.h,"(35, 13)-(35, 27)",b'decltype(auto)'
csrc,../repos/pytorch/torch/csrc/distributed/c10d/error.h,"(40, 3)-(40, 17)",b'decltype(auto)'
csrc,../repos/pytorch/torch/csrc/cuda/nccl.cpp,"(393, 43)-(393, 54)",b'decltype(i)'
csrc,../repos/pytorch/torch/csrc/cuda/nccl.cpp,"(545, 42)-(545, 61)",b'decltype(ncclBcast)'
csrc,../repos/pytorch/torch/csrc/cuda/nccl.cpp,"(649, 38)-(649, 49)",b'decltype(i)'
csrc,../repos/pytorch/torch/csrc/profiler/collection.cpp,"(437, 35)-(437, 55)",b'decltype(jit_stack_)'
csrc,../repos/pytorch/torch/csrc/profiler/collection.cpp,"(438, 36)-(438, 58)",b'decltype(jit_modules_)'
csrc,../repos/pytorch/torch/csrc/profiler/collection.cpp,"(439, 36)-(439, 57)",b'decltype(extra_args_)'
csrc,../repos/pytorch/torch/csrc/profiler/collection.cpp,"(440, 36)-(440, 57)",b'decltype(extra_meta_)'
csrc,../repos/pytorch/torch/csrc/profiler/collection.cpp,"(442, 22)-(442, 48)",b'decltype(device_fallback_)'
csrc,../repos/pytorch/torch/csrc/profiler/collection.cpp,"(1370, 51)-(1370, 62)",b'decltype(i)'
csrc,../repos/pytorch/torch/csrc/profiler/collection.h,"(356, 3)-(356, 17)",b'decltype(auto)'
csrc,../repos/pytorch/torch/csrc/profiler/collection.h,"(361, 3)-(361, 17)",b'decltype(auto)'
csrc,../repos/pytorch/torch/csrc/profiler/collection.h,"(369, 44)-(369, 66)",b'decltype(extra_fields)'
csrc,../repos/pytorch/torch/csrc/api/include/torch/detail/static.h,"(35, 19)-(35, 40)",b'decltype(&U::forward)'
csrc,../repos/pytorch/torch/csrc/api/include/torch/nn/options/conv.h,"(64, 3)-(64, 17)",b'decltype(auto)'
csrc,../repos/pytorch/torch/csrc/api/include/torch/nn/options/conv.h,"(143, 3)-(143, 17)",b'decltype(auto)'
csrc,../repos/pytorch/torch/csrc/api/include/torch/nn/options/conv.h,"(213, 3)-(213, 17)",b'decltype(auto)'
csrc,../repos/pytorch/torch/csrc/api/include/torch/nn/pimpl-inl.h,"(58, 16)-(58, 80)",b'decltype(::std::declval<C>().forward(::std::d...'
csrc,../repos/pytorch/torch/csrc/api/include/torch/nn/pimpl.h,"(133, 3)-(133, 17)",b'decltype(auto)'
csrc,../repos/pytorch/torch/csrc/autograd/engine.cpp,"(445, 50)-(445, 74)",b'decltype(compare_seq_nr)'
csrc,../repos/pytorch/torch/csrc/autograd/profiler_python.cpp,"(141, 22)-(141, 80)",b'decltype(make_tuple_impl(std::make_index_sequ...'
csrc,../repos/pytorch/torch/csrc/autograd/custom_function.h,"(34, 19)-(34, 73)","b'decltype(X::forward(nullptr, std::declval<Arg...'"
csrc,../repos/pytorch/torch/csrc/inductor/aoti_runtime/arrayref_tensor.h,"(53, 31)-(53, 73)",b'decltype(std::declval<Container>().data())'
csrc,../repos/pytorch/torch/csrc/inductor/aoti_runner/model_container_runner.cpp,"(16, 35)-(16, 57)",b'decltype(create_func_)'
csrc,../repos/pytorch/torch/csrc/inductor/aoti_runner/model_container_runner.cpp,"(18, 35)-(18, 57)",b'decltype(delete_func_)'
csrc,../repos/pytorch/torch/csrc/inductor/aoti_runner/model_container_runner.cpp,"(20, 44)-(20, 75)",b'decltype(get_num_outputs_func_)'
csrc,../repos/pytorch/torch/csrc/inductor/aoti_runner/model_container_runner.cpp,"(22, 32)-(22, 51)",b'decltype(run_func_)'
csrc,../repos/pytorch/torch/csrc/inductor/aoti_runner/model_container_runner.cpp,"(24, 46)-(24, 79)",b'decltype(get_num_constants_func_)'
csrc,../repos/pytorch/torch/csrc/inductor/aoti_runner/model_container_runner.cpp,"(26, 46)-(26, 79)",b'decltype(get_constant_name_func_)'
csrc,../repos/pytorch/torch/csrc/inductor/aoti_runner/model_container_runner.cpp,"(29, 24)-(29, 65)",b'decltype(get_constant_original_fqn_func_)'
csrc,../repos/pytorch/torch/csrc/inductor/aoti_runner/model_container_runner.cpp,"(32, 24)-(32, 58)",b'decltype(get_constant_dtype_func_)'
csrc,../repos/pytorch/torch/csrc/inductor/aoti_runner/model_container_runner.cpp,"(35, 24)-(35, 62)",b'decltype(update_constant_buffer_func_)'
csrc,../repos/pytorch/torch/csrc/inductor/aoti_runner/model_container_runner.cpp,"(38, 24)-(38, 71)",b'decltype(update_inactive_constant_buffer_func_)'
csrc,../repos/pytorch/torch/csrc/inductor/aoti_runner/model_container_runner.cpp,"(42, 24)-(42, 60)",b'decltype(swap_constant_buffer_func_)'
csrc,../repos/pytorch/torch/csrc/inductor/aoti_runner/model_container_runner.cpp,"(44, 42)-(44, 71)",b'decltype(get_call_spec_func_)'
csrc,../repos/pytorch/torch/csrc/inductor/aoti_runner/model_container_runner.h,"(50, 3)-(50, 55)",b'decltype(&AOTInductorModelContainerCreateWith...'
csrc,../repos/pytorch/torch/csrc/inductor/aoti_runner/model_container_runner.h,"(51, 3)-(51, 45)",b'decltype(&AOTInductorModelContainerDelete)'
csrc,../repos/pytorch/torch/csrc/inductor/aoti_runner/model_container_runner.h,"(52, 3)-(52, 52)",b'decltype(&AOTInductorModelContainerGetNumOutputs)'
csrc,../repos/pytorch/torch/csrc/inductor/aoti_runner/model_container_runner.h,"(54, 3)-(54, 42)",b'decltype(&AOTInductorModelContainerRun)'
csrc,../repos/pytorch/torch/csrc/inductor/aoti_runner/model_container_runner.h,"(55, 3)-(55, 54)",b'decltype(&AOTInductorModelContainerGetNumCons...'
csrc,../repos/pytorch/torch/csrc/inductor/aoti_runner/model_container_runner.h,"(57, 3)-(57, 54)",b'decltype(&AOTInductorModelContainerGetConstan...'
csrc,../repos/pytorch/torch/csrc/inductor/aoti_runner/model_container_runner.h,"(59, 3)-(59, 61)",b'decltype(&AOTInductorModelContainerGetConstan...'
csrc,../repos/pytorch/torch/csrc/inductor/aoti_runner/model_container_runner.h,"(61, 3)-(61, 55)",b'decltype(&AOTInductorModelContainerGetConstan...'
csrc,../repos/pytorch/torch/csrc/inductor/aoti_runner/model_container_runner.h,"(63, 3)-(63, 59)",b'decltype(&AOTInductorModelContainerUpdateCons...'
csrc,../repos/pytorch/torch/csrc/inductor/aoti_runner/model_container_runner.h,"(65, 3)-(65, 67)",b'decltype(&AOTInductorModelContainerUpdateInac...'
csrc,../repos/pytorch/torch/csrc/inductor/aoti_runner/model_container_runner.h,"(67, 3)-(67, 57)",b'decltype(&AOTInductorModelContainerSwapConsta...'
csrc,../repos/pytorch/torch/csrc/inductor/aoti_runner/model_container_runner.h,"(69, 3)-(69, 50)",b'decltype(&AOTInductorModelContainerGetCallSpec)'
csrc,../repos/pytorch/torch/csrc/jit/backends/xnnpack/executor/xnn_executor.h,"(18, 32)-(18, 61)",b'decltype(&xnn_delete_runtime)'
csrc,../repos/pytorch/torch/csrc/jit/backends/xnnpack/compiler/xnn_compiler.cpp,"(106, 36)-(106, 65)",b'decltype(&xnn_delete_runtime)'
csrc,../repos/pytorch/torch/csrc/jit/backends/xnnpack/xnnpack_graph_builder.cpp,"(80, 32)-(80, 61)",b'decltype(&xnn_delete_runtime)'
csrc,../repos/pytorch/torch/csrc/jit/backends/xnnpack/xnnpack_graph_builder.cpp,"(206, 27)-(206, 57)",b'decltype(XNN_INVALID_VALUE_ID)'
csrc,../repos/pytorch/torch/csrc/jit/frontend/tracer.cpp,"(1056, 13)-(1056, 51)",b'decltype(&defaultRecordSourceLocation)'
csrc,../repos/pytorch/torch/csrc/jit/frontend/tracer.cpp,"(1068, 13)-(1068, 46)",b'decltype(&defaultPythonCallstack)'
csrc,../repos/pytorch/torch/csrc/jit/runtime/vararg_functions.cpp,"(177, 17)-(177, 37)",b'decltype(num_inputs)'
csrc,../repos/pytorch/torch/csrc/jit/runtime/vararg_functions.cpp,"(207, 17)-(207, 37)",b'decltype(num_inputs)'
csrc,../repos/pytorch/torch/csrc/jit/runtime/register_ops_utils.h,"(125, 1)-(125, 15)",b'decltype(auto)'
csrc,../repos/pytorch/torch/csrc/jit/runtime/operator.cpp,"(165, 60)-(165, 73)",b'decltype(cmp)'
csrc,../repos/pytorch/torch/csrc/jit/codegen/fuser/kernel_spec.h,"(72, 37)-(72, 48)",b'decltype(n)'
csrc,../repos/pytorch/torch/csrc/jit/codegen/fuser/codegen.cpp,"(541, 35)-(541, 46)",b'decltype(n)'
csrc,../repos/pytorch/torch/csrc/jit/codegen/fuser/cpu/fused_kernel.cpp,"(65, 25)-(65, 43)",b'decltype(&_pclose)'
csrc,../repos/pytorch/torch/csrc/jit/mobile/nnc/context.cpp,"(312, 32)-(312, 52)",b'decltype(functions_)'
csrc,../repos/pytorch/torch/csrc/jit/serialization/export.cpp,"(232, 25)-(232, 45)",b'decltype(&CloseFile)'
csrc,../repos/pytorch/torch/csrc/jit/serialization/pickler.cpp,"(641, 24)-(641, 45)",b'decltype(dict.size())'
csrc,../repos/pytorch/torch/csrc/jit/api/function_impl.cpp,"(97, 3)-(97, 30)",b'decltype(optimized_graphs_)'
csrc,../repos/pytorch/torch/csrc/jit/passes/onnx/constant_map.cpp,"(240, 16)-(240, 33)",b'decltype(rankMap)'
csrc,../repos/pytorch/torch/csrc/jit/passes/onnx/constant_map.cpp,"(242, 16)-(242, 34)",b'decltype(shapeMap)'
csrc,../repos/pytorch/torch/csrc/jit/passes/onnx/constant_map.cpp,"(244, 16)-(244, 40)",b'decltype(tensorValueMap)'
csrc,../repos/pytorch/torch/csrc/jit/passes/onnx/constant_map.cpp,"(246, 16)-(246, 41)",b'decltype(typeReliableMap)'
csrc,../repos/pytorch/torch/csrc/jit/passes/onnx/constant_map.cpp,"(248, 16)-(248, 44)",b'decltype(useInferredTypeMap)'
csrc,../repos/pytorch/torch/csrc/jit/passes/onnx/constant_map.cpp,"(250, 16)-(250, 39)",b'decltype(shapeValueMap)'
csrc,../repos/pytorch/torch/csrc/jit/passes/onnx/constant_map.cpp,"(252, 16)-(252, 43)",b'decltype(inferredShapeData)'
csrc,../repos/pytorch/torch/csrc/jit/passes/utils/check_alias_annotation.cpp,"(75, 19)-(75, 37)",b'decltype(a.size())'
csrc,../repos/pytorch/torch/csrc/jit/passes/graph_rewrite_helper.h,"(45, 9)-(45, 23)",b'decltype(vmap)'
csrc,../repos/pytorch/torch/csrc/jit/tensorexpr/ir_cloner.cpp,"(14, 9)-(14, 61)",b'decltype(detail::bin_op_deducer(std::declval<...'
csrc,../repos/pytorch/torch/csrc/jit/tensorexpr/ir_verifier.cpp,"(20, 9)-(20, 53)",b'decltype(detail::deducer(std::declval<D>()))'
csrc,../repos/pytorch/torch/csrc/jit/tensorexpr/eval.cpp,"(308, 11)-(308, 62)",b'decltype(detail::bin_op_deducer(std::declval<...'
csrc,../repos/pytorch/torch/csrc/jit/tensorexpr/ir_visitor.cpp,"(15, 9)-(15, 61)",b'decltype(detail::bin_op_deducer(std::declval<...'
csrc,../repos/pytorch/torch/csrc/jit/tensorexpr/llvm_jit.cpp,"(239, 18)-(239, 39)",b'decltype(ObjectLayer)'
csrc,../repos/pytorch/torch/csrc/jit/tensorexpr/ir_printer.cpp,"(52, 9)-(52, 61)",b'decltype(detail::bin_op_deducer(std::declval<...'
csrc,../repos/pytorch/torch/csrc/jit/tensorexpr/ir_simplifier.cpp,"(49, 9)-(49, 61)",b'decltype(detail::bin_op_deducer(std::declval<...'
csrc,../repos/pytorch/torch/csrc/jit/tensorexpr/ir_mutator.cpp,"(15, 9)-(15, 61)",b'decltype(detail::bin_op_deducer(std::declval<...'
csrc,../repos/pytorch/torch/csrc/Size.cpp,"(176, 19)-(176, 39)",b'decltype(&sq_concat)'
csrc,../repos/pytorch/torch/csrc/Size.cpp,"(177, 19)-(177, 39)",b'decltype(&sq_repeat)'
csrc,../repos/pytorch/torch/csrc/Size.cpp,"(187, 19)-(187, 42)",b'decltype(&mp_subscript)'
csrc,../repos/pytorch/torch/csrc/dynamo/guards.cpp,"(305, 19)-(305, 32)",b'decltype(len)'
csrc,../repos/pytorch/torch/csrc/dynamo/guards.cpp,"(347, 19)-(347, 32)",b'decltype(len)'
csrc,../repos/pytorch/torch/csrc/dynamo/guards.cpp,"(365, 33)-(365, 53)",b'decltype(names_size)'
