Repo name,File name,Location,Content
Source,../repos/incubator-weex/weex_core/Source/base/crash/crash_handler.cpp,"(60, 1)-(60, 9)",b'volatile sig_atomic_t is_sig_after_crash = 0;'
Source,../repos/incubator-weex/weex_core/Source/base/crash/crash_handler.h,"(70, 5)-(70, 13)",b'volatile bool m_crash_occurs;'
Source,../repos/incubator-weex/weex_core/Source/base/crash/crash_handler.h,"(71, 5)-(71, 13)",b'volatile bool handle_alarm_signal = true;'
Source,../repos/incubator-weex/weex_core/Source/android/jsengine/weex_jsc_utils.cpp,"(557, 18)-(557, 26)",b'volatile int *ptr'
Source,../repos/incubator-weex/weex_core/Source/android/jsengine/task/back_to_weex_core_queue.h,"(114, 5)-(114, 13)",b'volatile bool isInitOk = false;'
Source,../repos/incubator-weex/weex_core/Source/android/jsengine/weex_jsc_utils.h,"(197, 18)-(197, 26)",b'volatile int *ptr'
Source,../repos/incubator-weex/weex_core/Source/android/jsengine/object/weex_env.h,"(127, 5)-(127, 13)",b'volatile bool isMultiProcess = false;'
Source,../repos/incubator-weex/weex_core/Source/android/jsengine/object/weex_env.h,"(135, 5)-(135, 13)",b'volatile bool isJscInitOk_ = false;'
Source,../repos/incubator-weex/weex_core/Source/android/jsengine/object/weex_env.h,"(137, 5)-(137, 13)",b'volatile bool isUsingWson = true;'
Source,../repos/incubator-weex/weex_core/Source/android/jsengine/object/weex_env.h,"(143, 5)-(143, 13)",b'volatile int ipcClientFd_;'
Source,../repos/incubator-weex/weex_core/Source/android/jsengine/object/weex_env.h,"(144, 5)-(144, 13)",b'volatile int ipcServerFd_;'
Source,../repos/incubator-weex/weex_core/Source/android/jsengine/object/weex_env.h,"(145, 5)-(145, 13)",b'volatile bool enableTrace_;'
Source,../repos/incubator-weex/weex_core/Source/android/jsengine/object/weex_env.h,"(147, 5)-(147, 13)",b'volatile bool m_cache_task_;'
Source,../repos/incubator-weex/weex_core/Source/android/jsengine/object/weex_env.h,"(149, 3)-(149, 11)",b'volatile bool can_m_cache_task_() const;'
Source,../repos/incubator-weex/weex_core/Source/android/jsengine/object/weex_env.h,"(150, 26)-(150, 34)",b'volatile bool m_cache_task_'
Source,../repos/incubator-weex/weex_core/Source/android/jsengine/object/weex_env.cpp,"(91, 1)-(91, 9)",b'volatile bool WeexEnv::can_m_cache_task_() co...'
Source,../repos/incubator-weex/weex_core/Source/android/jsengine/object/weex_env.cpp,"(94, 33)-(94, 41)",b'volatile bool m_cache_task_'
Source,../repos/incubator-weex/weex_core/Source/android/multiprocess/weex_js_connection.cpp,"(156, 8)-(156, 16)",b'static volatile int newThreadStatus = UNFINISH;'
Source,../repos/incubator-weex/weex_core/Source/include/JavaScriptCore/bytecode/SuperSampler.h,"(32, 8)-(32, 16)",b'extern volatile uint32_t g_superSamplerCount;'
Source,../repos/incubator-weex/weex_core/Source/include/wtf/Ref.h,"(36, 56)-(36, 64)",b'void const volatile *addr'
Source,../repos/incubator-weex/weex_core/Source/include/wtf/Ref.h,"(37, 58)-(37, 66)",b'void const volatile *addr'
Source,../repos/incubator-weex/weex_core/Source/include/wtf/Ref.h,"(38, 54)-(38, 62)",b'void const volatile *addr'
Source,../repos/incubator-weex/weex_core/Source/include/wtf/WorkQueue.h,"(99, 5)-(99, 13)",b'volatile LONG m_isWorkThreadRegistered;'
Source,../repos/incubator-weex/weex_core/Source/include/wtf/Variant.h,"(177, 21)-(177, 29)",b'volatile _Type'
Source,../repos/incubator-weex/weex_core/Source/include/wtf/Variant.h,"(180, 27)-(180, 35)",b'const volatile _Type'
Source,../repos/incubator-weex/weex_core/Source/include/wtf/Variant.h,"(198, 36)-(198, 44)",b'volatile _Type'
Source,../repos/incubator-weex/weex_core/Source/include/wtf/Variant.h,"(203, 36)-(203, 44)",b'volatile const _Type'
Source,../repos/incubator-weex/weex_core/Source/core/manager/weex_core_manager.h,"(92, 3)-(92, 11)",b'volatile bool release_map_;'
Source,../repos/incubator-weex/weex_core/Source/third_party/IPC/IPCFutexPageQueue.cpp,"(83, 5)-(83, 13)",b'volatile uint32_t* pageStart = static_cast<vo...'
Source,../repos/incubator-weex/weex_core/Source/third_party/IPC/IPCFutexPageQueue.cpp,"(83, 48)-(83, 56)",b'volatile uint32_t*'
Source,../repos/incubator-weex/weex_core/Source/third_party/IPC/IPCFutexPageQueue.cpp,"(104, 5)-(104, 13)",b'volatile uint32_t* pageStart = static_cast<vo...'
Source,../repos/incubator-weex/weex_core/Source/third_party/IPC/IPCFutexPageQueue.cpp,"(104, 48)-(104, 56)",b'volatile uint32_t*'
Source,../repos/incubator-weex/weex_core/Source/third_party/IPC/IPCFutexPageQueue.cpp,"(143, 13)-(143, 21)",b'volatile uint32_t* pageStart0 = static_cast<v...'
Source,../repos/incubator-weex/weex_core/Source/third_party/IPC/IPCFutexPageQueue.cpp,"(143, 57)-(143, 65)",b'volatile uint32_t*'
Source,../repos/incubator-weex/weex_core/Source/third_party/IPC/IPCFutexPageQueue.cpp,"(144, 13)-(144, 21)",b'volatile uint32_t* pageStart1 = static_cast<v...'
Source,../repos/incubator-weex/weex_core/Source/third_party/IPC/IPCFutexPageQueue.cpp,"(144, 57)-(144, 65)",b'volatile uint32_t*'
Source,../repos/incubator-weex/weex_core/Source/third_party/IPC/IPCFutexPageQueue.cpp,"(145, 13)-(145, 21)",b'volatile uint32_t* pageStart2 = static_cast<v...'
Source,../repos/incubator-weex/weex_core/Source/third_party/IPC/IPCFutexPageQueue.cpp,"(145, 57)-(145, 65)",b'volatile uint32_t*'
Source,../repos/incubator-weex/weex_core/Source/third_party/IPC/IPCFutexPageQueue.cpp,"(146, 13)-(146, 21)",b'volatile uint32_t* pageStart3 = static_cast<v...'
Source,../repos/incubator-weex/weex_core/Source/third_party/IPC/IPCFutexPageQueue.cpp,"(146, 57)-(146, 65)",b'volatile uint32_t*'
Source,../repos/incubator-weex/weex_core/Source/third_party/IPC/IPCFutexPageQueue.cpp,"(186, 5)-(186, 13)",b'volatile uint32_t* pageStart = static_cast<vo...'
Source,../repos/incubator-weex/weex_core/Source/third_party/IPC/IPCFutexPageQueue.cpp,"(186, 48)-(186, 56)",b'volatile uint32_t*'
Source,../repos/incubator-weex/weex_core/Source/third_party/IPC/futex.h,"(73, 43)-(73, 51)",b'volatile void* ftx'
Source,../repos/incubator-weex/weex_core/Source/third_party/IPC/futex.h,"(80, 32)-(80, 40)",b'volatile void* ftx'
Source,../repos/incubator-weex/weex_core/Source/third_party/IPC/futex.h,"(85, 35)-(85, 43)",b'volatile void* ftx'
Source,../repos/incubator-weex/weex_core/Source/third_party/IPC/futex.h,"(90, 32)-(90, 40)",b'volatile void* ftx'
Source,../repos/incubator-weex/weex_core/Source/third_party/IPC/futex.h,"(95, 35)-(95, 43)",b'volatile void* ftx'
Source,../repos/incubator-weex/weex_core/Source/js_runtime/weex/task/back_to_weex_core_queue.h,"(114, 5)-(114, 13)",b'volatile bool isInitOk = false;'
Source,../repos/incubator-weex/weex_core/Source/js_runtime/weex/utils/weex_jsc_utils.cpp,"(129, 18)-(129, 26)",b'volatile int *ptr'
Source,../repos/incubator-weex/weex_core/Source/js_runtime/weex/utils/weex_jsc_utils.h,"(100, 18)-(100, 26)",b'volatile int *ptr'
