Repo name,File name,Location,Content
Source,../repos/incubator-weex/weex_core/Source/android/jsengine/bridge/script/core_side_in_multi_process.cpp,"(299, 3)-(326, 4)","b'try {\n    // LOGE(""weexjsc functionGCanvasLin...'"
Source,../repos/incubator-weex/weex_core/Source/android/jsengine/bridge/script/script_bridge_in_multi_process.cpp,"(69, 5)-(74, 6)",b'try {\n        server->loop();\n    } catch (IP...'
Source,../repos/incubator-weex/weex_core/Source/android/bridge/script/script_side_in_multi_process.cpp,"(41, 3)-(64, 4)",b'try {\n    if(sender_ == nullptr) {\n      LOGE...'
Source,../repos/incubator-weex/weex_core/Source/android/bridge/script/script_side_in_multi_process.cpp,"(71, 3)-(98, 4)",b'try {\n    if(sender_ == nullptr) {\n      LOGE...'
Source,../repos/incubator-weex/weex_core/Source/android/bridge/script/script_side_in_multi_process.cpp,"(103, 3)-(125, 4)",b'try {\n\n    if(sender_ == nullptr) {\n      LOG...'
Source,../repos/incubator-weex/weex_core/Source/android/bridge/script/script_side_in_multi_process.cpp,"(131, 3)-(166, 4)",b'try {\n    if(sender_ == nullptr) {\n      LOGE...'
Source,../repos/incubator-weex/weex_core/Source/android/bridge/script/script_side_in_multi_process.cpp,"(172, 3)-(214, 4)",b'try {\n\n    if(sender_ == nullptr) {\n      LOG...'
Source,../repos/incubator-weex/weex_core/Source/android/bridge/script/script_side_in_multi_process.cpp,"(219, 3)-(238, 4)",b'try {\n    if(sender_ == nullptr) {\n      LOGE...'
Source,../repos/incubator-weex/weex_core/Source/android/bridge/script/script_side_in_multi_process.cpp,"(242, 3)-(260, 4)",b'try {\n    if(sender_ == nullptr) {\n      LOGE...'
Source,../repos/incubator-weex/weex_core/Source/android/bridge/script/script_side_in_multi_process.cpp,"(268, 3)-(321, 4)",b'try {\n    if(sender_ == nullptr) {\n      LOGE...'
Source,../repos/incubator-weex/weex_core/Source/android/bridge/script/script_side_in_multi_process.cpp,"(328, 3)-(390, 4)",b'try {\n    if(sender_ == nullptr) {\n      LOGE...'
Source,../repos/incubator-weex/weex_core/Source/android/bridge/script/script_side_in_multi_process.cpp,"(397, 3)-(430, 4)",b'try {\n    if(sender_ == nullptr) {\n      LOGE...'
Source,../repos/incubator-weex/weex_core/Source/android/bridge/script/script_side_in_multi_process.cpp,"(436, 3)-(471, 4)",b'try {\n\n    if(sender_ == nullptr) {\n      LOG...'
Source,../repos/incubator-weex/weex_core/Source/android/bridge/script/script_side_in_multi_process.cpp,"(477, 3)-(508, 4)",b'try {\n    // base::debug::TraceScope traceSco...'
Source,../repos/incubator-weex/weex_core/Source/android/bridge/script/script_side_in_multi_process.cpp,"(512, 3)-(536, 4)",b'try {\n    if(sender_ == nullptr) {\n      LOGE...'
Source,../repos/incubator-weex/weex_core/Source/android/bridge/script/script_side_in_multi_process.cpp,"(540, 3)-(552, 4)",b'try {\n    if(sender_ == nullptr) {\n      LOGE...'
Source,../repos/incubator-weex/weex_core/Source/android/bridge/script/script_side_in_multi_process.cpp,"(559, 3)-(573, 4)",b'try {\n    if(sender_ == nullptr) {\n      LOGE...'
Source,../repos/incubator-weex/weex_core/Source/android/bridge/script/script_side_in_multi_process.cpp,"(579, 3)-(592, 4)",b'try {\n    if(sender_ == nullptr) {\n      LOGE...'
Source,../repos/incubator-weex/weex_core/Source/android/bridge/script/script_side_in_multi_process.cpp,"(597, 3)-(612, 4)",b'try {\n    if(sender_ == nullptr) {\n      LOGE...'
Source,../repos/incubator-weex/weex_core/Source/android/bridge/platform/core_side_in_multi_process.cpp,"(282, 9)-(301, 10)",b'try {\n            std::unique_ptr<IPCSerializ...'
Source,../repos/incubator-weex/weex_core/Source/android/bridge/platform/core_side_in_multi_process.cpp,"(308, 9)-(327, 10)",b'try {\n            std::unique_ptr<IPCSerializ...'
Source,../repos/incubator-weex/weex_core/Source/android/bridge/platform/core_side_in_multi_process.cpp,"(332, 9)-(345, 10)",b'try {\n            std::unique_ptr<IPCSerializ...'
Source,../repos/incubator-weex/weex_core/Source/android/bridge/platform/core_side_in_multi_process.cpp,"(351, 9)-(378, 10)",b'try {\n            std::unique_ptr<IPCSerializ...'
Source,../repos/incubator-weex/weex_core/Source/android/bridge/platform/core_side_in_multi_process.cpp,"(383, 9)-(417, 10)",b'try {\n            std::unique_ptr<IPCSerializ...'
Source,../repos/incubator-weex/weex_core/Source/android/bridge/platform/core_side_in_multi_process.cpp,"(422, 9)-(434, 10)",b'try {\n            std::unique_ptr<IPCSerializ...'
Source,../repos/incubator-weex/weex_core/Source/android/bridge/platform/core_side_in_multi_process.cpp,"(438, 9)-(452, 10)",b'try {\n            std::unique_ptr<IPCSerializ...'
Source,../repos/incubator-weex/weex_core/Source/android/bridge/platform/core_side_in_multi_process.cpp,"(462, 9)-(509, 10)",b'try {\n            std::unique_ptr<IPCSerializ...'
Source,../repos/incubator-weex/weex_core/Source/android/bridge/platform/core_side_in_multi_process.cpp,"(516, 9)-(570, 10)",b'try {\n            std::unique_ptr<IPCSerializ...'
Source,../repos/incubator-weex/weex_core/Source/android/bridge/platform/core_side_in_multi_process.cpp,"(578, 9)-(604, 10)",b'try {\n            std::unique_ptr<IPCSerializ...'
Source,../repos/incubator-weex/weex_core/Source/android/bridge/platform/core_side_in_multi_process.cpp,"(610, 9)-(637, 10)",b'try {\n            // base::debug::TraceScope ...'
Source,../repos/incubator-weex/weex_core/Source/android/bridge/platform/core_side_in_multi_process.cpp,"(641, 9)-(658, 10)",b'try {\n            std::unique_ptr<IPCSerializ...'
Source,../repos/incubator-weex/weex_core/Source/android/bridge/platform/core_side_in_multi_process.cpp,"(662, 9)-(670, 10)",b'try {\n            std::unique_ptr<IPCSerializ...'
Source,../repos/incubator-weex/weex_core/Source/android/bridge/multi_process_and_so_initializer.cpp,"(40, 3)-(67, 4)",b'try {\n    auto server_handler = std::move(cre...'
Source,../repos/incubator-weex/weex_core/Source/android/multiprocess/weex_js_connection.cpp,"(180, 5)-(191, 6)",b'try {\n      futexPageQueue->spinWaitPeer();\n ...'
Source,../repos/incubator-weex/weex_core/Source/android/multiprocess/weex_js_connection.cpp,"(293, 5)-(302, 6)",b'try {\n      m_impl->futexPageQueue->spinWaitP...'
Source,../repos/incubator-weex/weex_core/Source/android/multiprocess/weex_js_connection.cpp,"(308, 3)-(314, 4)",b'try {\n    WeexCoreManager::Instance()->client...'
Source,../repos/incubator-weex/weex_core/Source/third_party/IPC/IPCFutexPageQueue.cpp,"(61, 5)-(65, 6)",b'try {\n        unlock(m_currentWrite);\n    } c...'
