Repo name,File name,Location,Content
Source,../repos/incubator-weex/weex_core/Source/third_party/json11/json11.hpp,"(91, 12)-(91, 20)",b'Json() noexcept'
Source,../repos/incubator-weex/weex_core/Source/third_party/json11/json11.hpp,"(92, 26)-(92, 34)",b'Json(std::nullptr_t) noexcept'
Source,../repos/incubator-weex/weex_core/Source/third_party/json11/json11.cc,"(253, 14)-(253, 22)",b'Json::Json() noexcept'
Source,../repos/incubator-weex/weex_core/Source/third_party/json11/json11.cc,"(254, 28)-(254, 36)",b'Json::Json(std::nullptr_t) noexcept'
Source,../repos/incubator-weex/weex_core/Source/js_runtime/runtime/runtime_values.h,"(132, 16)-(132, 24)",b'Clear() noexcept'
