Repo name,File name,Location,Content
Source,../repos/incubator-weex/weex_core/Source/base/log_defines.h,"(44, 14)-(49, 19)","b'PrintLog(LogLevel level,\n              const ...'"
Source,../repos/incubator-weex/weex_core/Source/base/make_copyable.h,"(36, 18)-(36, 37)",b'operator()(ArgType&&... args) const'
Source,../repos/incubator-weex/weex_core/Source/base/crash/crash_handler.cpp,"(417, 30)-(417, 52)","b'CrashHandlerInfo::printf(const char* fmt, ...)'"
Source,../repos/incubator-weex/weex_core/Source/base/crash/crash_handler.h,"(50, 16)-(50, 38)","b'printf(const char* fmt, ...)'"
Source,../repos/incubator-weex/weex_core/Source/base/log_defines.cpp,"(76, 14)-(81, 19)","b'PrintLog(LogLevel level,\n              const ...'"
Source,../repos/incubator-weex/weex_core/Source/android/jsengine/dependence/bmalloc/bmalloc/Logging.h,"(34, 39)-(34, 114)",b'reportAssertionFailureWithMessage(const char*...'
Source,../repos/incubator-weex/weex_core/Source/android/jsengine/dependence/bmalloc/bmalloc/Logging.cpp,"(54, 39)-(54, 114)",b'reportAssertionFailureWithMessage(const char*...'
Source,../repos/incubator-weex/weex_core/Source/include/JavaScriptCore/assembler/LinkBuffer.h,"(239, 58)-(239, 83)",b'finalizeCodeWithDisassembly(const char* forma...'
Source,../repos/incubator-weex/weex_core/Source/include/JavaScriptCore/assembler/MacroAssemblerPrinter.h,"(167, 22)-(167, 63)","b'print(MacroAssembler* masm, Arguments... args)'"
Source,../repos/incubator-weex/weex_core/Source/include/JavaScriptCore/assembler/MacroAssemblerPrinter.h,"(270, 31)-(270, 100)","b'appendPrintArg(PrintArgsList* argsList, First...'"
Source,../repos/incubator-weex/weex_core/Source/include/JavaScriptCore/assembler/MacroAssemblerPrinter.h,"(283, 27)-(283, 46)",b'MacroAssembler::print(Arguments... args)'
Source,../repos/incubator-weex/weex_core/Source/include/JavaScriptCore/assembler/MacroAssembler.h,"(1785, 15)-(1785, 34)",b'print(Arguments... args)'
Source,../repos/incubator-weex/weex_core/Source/include/JavaScriptCore/assembler/MacroAssemblerHelpers.h,"(124, 22)-(124, 77)","b'load8OnCondition(MacroAssemblerType& jit, Con...'"
Source,../repos/incubator-weex/weex_core/Source/include/JavaScriptCore/assembler/SH4Assembler.h,"(2161, 34)-(2161, 59)","b'printfStdoutInstr(const char* format, ...)'"
Source,../repos/incubator-weex/weex_core/Source/include/JavaScriptCore/runtime/VMTraps.h,"(66, 13)-(66, 32)",b'Mask(Arguments... args)'
Source,../repos/incubator-weex/weex_core/Source/include/JavaScriptCore/runtime/VMTraps.h,"(76, 18)-(76, 58)","b'init(EventType eventType, Arguments... args)'"
Source,../repos/incubator-weex/weex_core/Source/include/JavaScriptCore/runtime/JSStringBuilder.h,"(129, 38)-(129, 112)","b'jsMakeNontrivialString(ExecState* exec, const...'"
Source,../repos/incubator-weex/weex_core/Source/include/JavaScriptCore/domjit/DOMJITSignature.h,"(47, 24)-(47, 194)","b'Signature(uintptr_t unsafeFunction, CheckDOMG...'"
Source,../repos/incubator-weex/weex_core/Source/include/JavaScriptCore/domjit/DOMJITPatchpointParams.h,"(58, 25)-(58, 139)","b'addSlowPathCall(CCallHelpers::JumpList from, ...'"
Source,../repos/incubator-weex/weex_core/Source/include/JavaScriptCore/parser/Parser.h,"(1388, 31)-(1388, 48)","b'logError(bool, Args&&...)'"
Source,../repos/incubator-weex/weex_core/Source/include/JavaScriptCore/parser/ParserModes.h,"(66, 23)-(66, 38)",b'SourceParseModeSet(Modes... args)'
Source,../repos/incubator-weex/weex_core/Source/include/JavaScriptCore/parser/ParserModes.h,"(83, 56)-(83, 92)","b'mergeSourceParseModes(SourceParseMode mode, R...'"
Source,../repos/incubator-weex/weex_core/Source/include/JavaScriptCore/bytecode/BytecodeRewriter.h,"(147, 31)-(147, 64)","b'appendInstruction(OpcodeID opcodeID, Args... args)'"
Source,../repos/incubator-weex/weex_core/Source/include/JavaScriptCore/bytecode/AccessCase.h,"(116, 50)-(116, 74)",b'create(Arguments... arguments)'
Source,../repos/incubator-weex/weex_core/Source/include/JavaScriptCore/jit/RegisterSet.h,"(42, 25)-(42, 39)",b'RegisterSet(Regs... regs)'
Source,../repos/incubator-weex/weex_core/Source/include/JavaScriptCore/jit/RegisterSet.h,"(157, 17)-(157, 44)","b'setMany(RegType reg, Regs... regs)'"
Source,../repos/incubator-weex/weex_core/Source/include/JavaScriptCore/dfg/DFGBasicBlock.h,"(167, 21)-(167, 56)","b'appendNode(Graph&, SpeculatedType, Params...)'"
Source,../repos/incubator-weex/weex_core/Source/include/JavaScriptCore/dfg/DFGBasicBlock.h,"(170, 28)-(170, 63)","b'appendNonTerminal(Graph&, SpeculatedType, Par...'"
Source,../repos/incubator-weex/weex_core/Source/include/JavaScriptCore/dfg/DFGBasicBlock.h,"(173, 26)-(173, 61)","b'replaceTerminal(Graph&, SpeculatedType, Params...)'"
Source,../repos/incubator-weex/weex_core/Source/include/JavaScriptCore/dfg/DFGSpeculativeJIT.h,"(1294, 36)-(1294, 87)","b'callOperation(FunctionType operation, NoResul...'"
Source,../repos/incubator-weex/weex_core/Source/include/JavaScriptCore/dfg/DFGClobberize.h,"(1472, 20)-(1472, 26)",b'operator()(T...) const'
Source,../repos/incubator-weex/weex_core/Source/include/JavaScriptCore/dfg/DFGClobberize.h,"(1483, 20)-(1483, 26)",b'operator()(T...) const'
Source,../repos/incubator-weex/weex_core/Source/include/JavaScriptCore/dfg/DFGInsertionSet.h,"(66, 21)-(66, 74)","b'insertNode(size_t index, SpeculatedType type,...'"
Source,../repos/incubator-weex/weex_core/Source/include/JavaScriptCore/dfg/DFGGraph.h,"(187, 18)-(187, 36)",b'addNode(Params... params)'
Source,../repos/incubator-weex/weex_core/Source/include/JavaScriptCore/dfg/DFGGraph.h,"(194, 18)-(194, 57)","b'addNode(SpeculatedType type, Params... params)'"
Source,../repos/incubator-weex/weex_core/Source/include/JavaScriptCore/dfg/DFGBasicBlockInlines.h,"(36, 29)-(36, 82)","b'BasicBlock::appendNode(Graph& graph, Speculat...'"
Source,../repos/incubator-weex/weex_core/Source/include/JavaScriptCore/dfg/DFGBasicBlockInlines.h,"(44, 36)-(44, 89)","b'BasicBlock::appendNonTerminal(Graph& graph, S...'"
Source,../repos/incubator-weex/weex_core/Source/include/JavaScriptCore/dfg/DFGBasicBlockInlines.h,"(52, 34)-(52, 87)","b'BasicBlock::replaceTerminal(Graph& graph, Spe...'"
Source,../repos/incubator-weex/weex_core/Source/include/JavaScriptCore/dfg/DFGSlowPathGenerator.h,"(165, 44)-(167, 120)",b'CallResultAndArgumentsSlowPathGenerator(\n    ...'
Source,../repos/incubator-weex/weex_core/Source/include/JavaScriptCore/dfg/DFGSlowPathGenerator.h,"(176, 27)-(176, 88)","b'unpackAndGenerate(SpeculativeJIT* jit, std::i...'"
Source,../repos/incubator-weex/weex_core/Source/include/JavaScriptCore/dfg/DFGSlowPathGenerator.h,"(192, 55)-(195, 47)","b'slowPathCall(\n    JumpType from, SpeculativeJ...'"
Source,../repos/incubator-weex/weex_core/Source/include/JavaScriptCore/dfg/DFGSlowPathGenerator.h,"(202, 55)-(204, 47)","b'slowPathCall(\n    JumpType from, SpeculativeJ...'"
Source,../repos/incubator-weex/weex_core/Source/include/wtf/SegmentedVector.h,"(160, 20)-(160, 36)",b'append(Args&&... args)'
Source,../repos/incubator-weex/weex_core/Source/include/wtf/SegmentedVector.h,"(169, 17)-(169, 33)",b'alloc(Args&&... args)'
Source,../repos/incubator-weex/weex_core/Source/include/wtf/UniqueRef.h,"(36, 27)-(36, 43)",b'makeUniqueRef(Args&&... args)'
Source,../repos/incubator-weex/weex_core/Source/include/wtf/UniqueRef.h,"(64, 71)-(64, 82)",b'makeUniqueRef(Args&&...)'
Source,../repos/incubator-weex/weex_core/Source/include/wtf/Box.h,"(48, 22)-(48, 48)",b'create(Arguments&&... arguments)'
Source,../repos/incubator-weex/weex_core/Source/include/wtf/Box.h,"(65, 13)-(65, 39)",b'Data(Arguments&&... arguments)'
Source,../repos/incubator-weex/weex_core/Source/include/wtf/CrossThreadTask.h,"(60, 40)-(60, 105)",b'callFunctionForCrossThreadTaskImpl(F function...'
Source,../repos/incubator-weex/weex_core/Source/include/wtf/CrossThreadTask.h,"(72, 38)-(72, 100)",b'createCrossThreadTask(void (*method)(Paramete...'
Source,../repos/incubator-weex/weex_core/Source/include/wtf/CrossThreadTask.h,"(72, 53)-(72, 68)",b'(*method)(Parameters...)'
Source,../repos/incubator-weex/weex_core/Source/include/wtf/CrossThreadTask.h,"(80, 46)-(80, 123)",b'callMemberFunctionForCrossThreadTaskImpl(C* o...'
Source,../repos/incubator-weex/weex_core/Source/include/wtf/CrossThreadTask.h,"(92, 38)-(92, 114)","b'createCrossThreadTask(T& callee, void (T::*me...'"
Source,../repos/incubator-weex/weex_core/Source/include/wtf/CrossThreadTask.h,"(92, 67)-(92, 82)",b'(T::*method)(Parameters...)'
Source,../repos/incubator-weex/weex_core/Source/include/wtf/Optional.h,"(185, 35)-(185, 40)",b'has_assign(...)'
Source,../repos/incubator-weex/weex_core/Source/include/wtf/Optional.h,"(255, 37)-(255, 42)",b'has_overload(...)'
Source,../repos/incubator-weex/weex_core/Source/include/wtf/Optional.h,"(316, 22)-(316, 40)",b'storage_t( Args&&... args )'
Source,../repos/incubator-weex/weex_core/Source/include/wtf/Optional.h,"(331, 34)-(331, 52)",b'constexpr_storage_t( Args&&... args )'
Source,../repos/incubator-weex/weex_core/Source/include/wtf/Optional.h,"(349, 52)-(349, 80)","b'optional_base(in_place_t, Args&&... args)'"
Source,../repos/incubator-weex/weex_core/Source/include/wtf/Optional.h,"(353, 27)-(353, 84)","b'optional_base(in_place_t, std::initializer_li...'"
Source,../repos/incubator-weex/weex_core/Source/include/wtf/Optional.h,"(372, 72)-(372, 100)","b'constexpr_optional_base(in_place_t, Args&&......'"
Source,../repos/incubator-weex/weex_core/Source/include/wtf/Optional.h,"(376, 66)-(376, 123)","b'constexpr_optional_base(in_place_t, std::init...'"
Source,../repos/incubator-weex/weex_core/Source/include/wtf/Optional.h,"(422, 18)-(422, 34)",b'initialize(Args&&... args)'
Source,../repos/incubator-weex/weex_core/Source/include/wtf/Optional.h,"(425, 44)-(425, 73)",b'T(std::forward<Args>(args)...)'
Source,../repos/incubator-weex/weex_core/Source/include/wtf/Optional.h,"(467, 30)-(467, 58)","b'optional(in_place_t, Args&&... args)'"
Source,../repos/incubator-weex/weex_core/Source/include/wtf/Optional.h,"(471, 49)-(471, 106)","b'optional(in_place_t, std::initializer_list<U>...'"
Source,../repos/incubator-weex/weex_core/Source/include/wtf/Optional.h,"(516, 15)-(516, 31)",b'emplace(Args&&... args)'
Source,../repos/incubator-weex/weex_core/Source/include/wtf/Optional.h,"(523, 15)-(523, 60)","b'emplace(std::initializer_list<U> il, Args&&.....'"
Source,../repos/incubator-weex/weex_core/Source/include/wtf/Function.h,"(36, 19)-(36, 26)",b'(In...)'
Source,../repos/incubator-weex/weex_core/Source/include/wtf/Function.h,"(47, 19)-(47, 29)",b'operator()(In... in) const'
Source,../repos/incubator-weex/weex_core/Source/include/wtf/Function.h,"(75, 25)-(75, 32)",b'call(In...)'
Source,../repos/incubator-weex/weex_core/Source/include/wtf/Function.h,"(89, 17)-(89, 27)",b'call(In... in) final'
Source,../repos/incubator-weex/weex_core/Source/include/wtf/HashTraits.h,"(220, 47)-(220, 52)",b'TestHasCustomDelete(...)'
Source,../repos/incubator-weex/weex_core/Source/include/wtf/HashTraits.h,"(269, 34)-(269, 71)","b'allTrue(BoolType value, BoolTypes... values)'"
Source,../repos/incubator-weex/weex_core/Source/include/wtf/StdLibExtras.h,"(310, 31)-(310, 61)",b'callStatelessLambda(ArgumentTypes&&... arguments)'
Source,../repos/incubator-weex/weex_core/Source/include/wtf/StdLibExtras.h,"(348, 12)-(348, 25)","b'Visitor(A a, B... b)'"
Source,../repos/incubator-weex/weex_core/Source/include/wtf/StdLibExtras.h,"(369, 26)-(369, 34)",b'makeVisitor(F... f)'
Source,../repos/incubator-weex/weex_core/Source/include/wtf/StdLibExtras.h,"(396, 35)-(396, 51)",b'test(Base<Args...>*)'
Source,../repos/incubator-weex/weex_core/Source/include/wtf/StdLibExtras.h,"(437, 12)-(437, 28)",b'make_unique(Args&&... args)'
Source,../repos/incubator-weex/weex_core/Source/include/wtf/StdLibExtras.h,"(450, 12)-(450, 23)",b'make_unique(Args&&...)'
Source,../repos/incubator-weex/weex_core/Source/include/wtf/Assertions.h,"(170, 61)-(170, 159)",b'WTFReportAssertionFailureWithMessage(const ch...'
Source,../repos/incubator-weex/weex_core/Source/include/wtf/Assertions.h,"(172, 44)-(172, 119)","b'WTFReportFatalError(const char* file, int lin...'"
Source,../repos/incubator-weex/weex_core/Source/include/wtf/Assertions.h,"(173, 39)-(173, 114)","b'WTFReportError(const char* file, int line, co...'"
Source,../repos/incubator-weex/weex_core/Source/include/wtf/Assertions.h,"(174, 31)-(174, 72)","b'WTFLog(WTFLogChannel*, const char* format, ...)'"
Source,../repos/incubator-weex/weex_core/Source/include/wtf/Assertions.h,"(175, 38)-(175, 129)","b'WTFLogVerbose(const char* file, int line, con...'"
Source,../repos/incubator-weex/weex_core/Source/include/wtf/Assertions.h,"(177, 37)-(177, 62)","b'WTFLogAlways(const char* format, ...)'"
Source,../repos/incubator-weex/weex_core/Source/include/wtf/Assertions.h,"(178, 68)-(178, 93)","b'WTFLogAlwaysAndCrash(const char* format, ...)'"
Source,../repos/incubator-weex/weex_core/Source/include/wtf/SharedTask.h,"(63, 29)-(63, 47)",b'(ArgumentTypes...)'
Source,../repos/incubator-weex/weex_core/Source/include/wtf/SharedTask.h,"(63, 101)-(63, 119)",b'(ArgumentTypes...)'
Source,../repos/incubator-weex/weex_core/Source/include/wtf/SharedTask.h,"(68, 27)-(68, 45)",b'run(ArgumentTypes...)'
Source,../repos/incubator-weex/weex_core/Source/include/wtf/SharedTask.h,"(75, 36)-(75, 54)",b'(ArgumentTypes...)'
Source,../repos/incubator-weex/weex_core/Source/include/wtf/SharedTask.h,"(75, 96)-(75, 114)",b'(ArgumentTypes...)'
Source,../repos/incubator-weex/weex_core/Source/include/wtf/SharedTask.h,"(88, 19)-(88, 47)",b'run(ArgumentTypes... arguments) override'
Source,../repos/incubator-weex/weex_core/Source/include/wtf/text/StringConcatenate.h,"(271, 28)-(271, 99)","b'sumWithOverflow(bool& overflow, unsigned& tot...'"
Source,../repos/incubator-weex/weex_core/Source/include/wtf/text/StringConcatenate.h,"(287, 20)-(287, 59)","b'are8Bit(Adapter adapter, Adapters ...adapters)'"
Source,../repos/incubator-weex/weex_core/Source/include/wtf/text/StringConcatenate.h,"(299, 34)-(299, 93)","b'makeStringAccumulator(ResultType* result, Ada...'"
Source,../repos/incubator-weex/weex_core/Source/include/wtf/text/StringConcatenate.h,"(306, 33)-(306, 92)",b'tryMakeStringFromAdapters(StringTypeAdapter a...'
Source,../repos/incubator-weex/weex_core/Source/include/wtf/text/StringConcatenate.h,"(336, 21)-(336, 45)",b'tryMakeString(StringTypes ...strings)'
Source,../repos/incubator-weex/weex_core/Source/include/wtf/text/StringConcatenate.h,"(349, 18)-(349, 42)",b'makeString(StringTypes... strings)'
Source,../repos/incubator-weex/weex_core/Source/include/wtf/text/WTFString.h,"(351, 47)-(351, 66)","b'format(const char *, ...)'"
Source,../repos/incubator-weex/weex_core/Source/include/wtf/BlockPtr.h,"(38, 18)-(38, 27)",b'(Args...)'
Source,../repos/incubator-weex/weex_core/Source/include/wtf/BlockPtr.h,"(40, 25)-(40, 37)",b'(^)(Args...)'
Source,../repos/incubator-weex/weex_core/Source/include/wtf/BlockPtr.h,"(56, 24)-(56, 41)","b'(*invoke)(void *, Args...)'"
Source,../repos/incubator-weex/weex_core/Source/include/wtf/BlockPtr.h,"(85, 27)-(85, 52)","b'(void *ptr, Args... args) -> R'"
Source,../repos/incubator-weex/weex_core/Source/include/wtf/BlockPtr.h,"(148, 17)-(148, 36)",b'operator()(Args... arguments) const'
Source,../repos/incubator-weex/weex_core/Source/include/wtf/BlockPtr.h,"(160, 19)-(160, 28)",b'(Args...)'
Source,../repos/incubator-weex/weex_core/Source/include/wtf/BlockPtr.h,"(162, 23)-(162, 32)",b'(Args...)'
Source,../repos/incubator-weex/weex_core/Source/include/wtf/Bag.h,"(40, 13)-(40, 29)",b'Node(Args&&... args)'
Source,../repos/incubator-weex/weex_core/Source/include/wtf/Bag.h,"(84, 11)-(84, 27)",b'add(Args&&... args)'
Source,../repos/incubator-weex/weex_core/Source/include/wtf/HashFunctions.h,"(181, 86)-(181, 117)",b'hash(const std::tuple<Types...>& t)'
Source,../repos/incubator-weex/weex_core/Source/include/wtf/HashFunctions.h,"(188, 87)-(188, 118)",b'hash(const std::tuple<Types...>& t)'
Source,../repos/incubator-weex/weex_core/Source/include/wtf/HashFunctions.h,"(195, 83)-(195, 145)","b'equal(const std::tuple<Types...>& a, const st...'"
Source,../repos/incubator-weex/weex_core/Source/include/wtf/HashFunctions.h,"(202, 84)-(202, 146)","b'equal(const std::tuple<Types...>& a, const st...'"
Source,../repos/incubator-weex/weex_core/Source/include/wtf/HashFunctions.h,"(213, 38)-(213, 75)","b'allTrue(BoolType value, BoolTypes... values)'"
Source,../repos/incubator-weex/weex_core/Source/include/wtf/Variant.h,"(215, 21)-(215, 42)",b'get(Variant<_Types...>&)'
Source,../repos/incubator-weex/weex_core/Source/include/wtf/Variant.h,"(218, 27)-(218, 54)",b'get(Variant<_Types...> const&)'
Source,../repos/incubator-weex/weex_core/Source/include/wtf/Variant.h,"(221, 22)-(221, 44)",b'get(Variant<_Types...>&&)'
Source,../repos/incubator-weex/weex_core/Source/include/wtf/Variant.h,"(224, 28)-(224, 56)",b'get(Variant<_Types...> const&&)'
Source,../repos/incubator-weex/weex_core/Source/include/wtf/Variant.h,"(227, 65)-(227, 86)",b'get(Variant<_Types...>&)'
Source,../repos/incubator-weex/weex_core/Source/include/wtf/Variant.h,"(230, 66)-(230, 88)",b'get(Variant<_Types...>&&)'
Source,../repos/incubator-weex/weex_core/Source/include/wtf/Variant.h,"(233, 71)-(234, 31)",b'get(\n    Variant<_Types...> const&)'
Source,../repos/incubator-weex/weex_core/Source/include/wtf/Variant.h,"(238, 4)-(238, 33)",b'get(Variant<_Types...> const &&)'
Source,../repos/incubator-weex/weex_core/Source/include/wtf/Variant.h,"(241, 43)-(241, 64)",b'get_if(Variant<_Types...>&)'
Source,../repos/incubator-weex/weex_core/Source/include/wtf/Variant.h,"(244, 49)-(244, 76)",b'get_if(Variant<_Types...> const&)'
Source,../repos/incubator-weex/weex_core/Source/include/wtf/Variant.h,"(247, 87)-(247, 108)",b'get_if(Variant<_Types...>&)'
Source,../repos/incubator-weex/weex_core/Source/include/wtf/Variant.h,"(250, 93)-(251, 31)",b'get_if(\n    Variant<_Types...> const&)'
Source,../repos/incubator-weex/weex_core/Source/include/wtf/Variant.h,"(414, 38)-(414, 68)","b'__construct(void* __p,_Args&& ... __args)'"
Source,../repos/incubator-weex/weex_core/Source/include/wtf/Variant.h,"(432, 22)-(432, 59)","b'__storage_wrapper(_First&& __first,_Args&& .....'"
Source,../repos/incubator-weex/weex_core/Source/include/wtf/Variant.h,"(535, 29)-(535, 69)","b'__variant_data(in_place_index_t<0>,_Args&& .....'"
Source,../repos/incubator-weex/weex_core/Source/include/wtf/Variant.h,"(563, 29)-(563, 69)","b'__variant_data(in_place_index_t<0>,_Args&& .....'"
Source,../repos/incubator-weex/weex_core/Source/include/wtf/Variant.h,"(622, 29)-(622, 69)","b'__variant_data(in_place_index_t<0>,_Args&& .....'"
Source,../repos/incubator-weex/weex_core/Source/include/wtf/Variant.h,"(625, 29)-(625, 74)","b'__variant_data(in_place_index_t<_Index>,_Args...'"
Source,../repos/incubator-weex/weex_core/Source/include/wtf/Variant.h,"(1078, 29)-(1078, 63)","b'__trampoline(_Variant& __v,_Args&& ... __args)'"
Source,../repos/incubator-weex/weex_core/Source/include/wtf/Variant.h,"(1092, 29)-(1092, 63)","b'__trampoline(_Variant& __v,_Args&& ... __args)'"
Source,../repos/incubator-weex/weex_core/Source/include/wtf/Variant.h,"(1104, 29)-(1104, 63)","b'__trampoline(_Variant& __v,_Args&& ... __args)'"
Source,../repos/incubator-weex/weex_core/Source/include/wtf/Variant.h,"(1115, 29)-(1115, 63)","b'__trampoline(_Variant& __v,_Args&& ... __args)'"
Source,../repos/incubator-weex/weex_core/Source/include/wtf/Variant.h,"(1303, 19)-(1303, 24)",b'__test(...)'
Source,../repos/incubator-weex/weex_core/Source/include/wtf/Variant.h,"(1461, 31)-(1461, 51)",b'__emplace_construct(_Args&& ... __args)'
Source,../repos/incubator-weex/weex_core/Source/include/wtf/Variant.h,"(1492, 29)-(1492, 49)",b'__replace_construct(_Args&& ... __args)'
Source,../repos/incubator-weex/weex_core/Source/include/wtf/Variant.h,"(1505, 29)-(1505, 49)",b'__two_stage_replace(_Args&& ... __args)'
Source,../repos/incubator-weex/weex_core/Source/include/wtf/Variant.h,"(1517, 32)-(1517, 52)",b'__local_backup_replace(_Args&& ... __args)'
Source,../repos/incubator-weex/weex_core/Source/include/wtf/Variant.h,"(1525, 26)-(1525, 46)",b'__direct_replace(_Args&& ... __args)'
Source,../repos/incubator-weex/weex_core/Source/include/wtf/Variant.h,"(1535, 20)-(1535, 78)",b'__NOEXCEPT_(noexcept(typename __indexed_type<...'
Source,../repos/incubator-weex/weex_core/Source/include/wtf/Variant.h,"(1535, 29)-(1535, 77)","b'(typename __indexed_type<0,_Types...>::__type())'"
Source,../repos/incubator-weex/weex_core/Source/include/wtf/Variant.h,"(1540, 22)-(1540, 132)",b'Variant(typename std::conditional<__all_move_...'
Source,../repos/incubator-weex/weex_core/Source/include/wtf/Variant.h,"(1541, 16)-(1541, 69)",b'__NOEXCEPT_(__noexcept_variant_move_construct...'
Source,../repos/incubator-weex/weex_core/Source/include/wtf/Variant.h,"(1545, 22)-(1545, 133)",b'Variant(typename std::conditional<!__all_move...'
Source,../repos/incubator-weex/weex_core/Source/include/wtf/Variant.h,"(1547, 22)-(1547, 131)",b'Variant(typename std::conditional<__all_copy_...'
Source,../repos/incubator-weex/weex_core/Source/include/wtf/Variant.h,"(1548, 16)-(1548, 79)",b'__NOEXCEPT_(__noexcept_variant_non_const_copy...'
Source,../repos/incubator-weex/weex_core/Source/include/wtf/Variant.h,"(1552, 22)-(1552, 132)",b'Variant(typename std::conditional<!__all_copy...'
Source,../repos/incubator-weex/weex_core/Source/include/wtf/Variant.h,"(1554, 22)-(1554, 137)",b'Variant(typename std::conditional<__all_copy_...'
Source,../repos/incubator-weex/weex_core/Source/include/wtf/Variant.h,"(1555, 16)-(1555, 75)",b'__NOEXCEPT_(__noexcept_variant_const_copy_con...'
Source,../repos/incubator-weex/weex_core/Source/include/wtf/Variant.h,"(1559, 22)-(1559, 138)",b'Variant(typename std::conditional<!__all_copy...'
Source,../repos/incubator-weex/weex_core/Source/include/wtf/Variant.h,"(1562, 31)-(1562, 74)","b'Variant(in_place_type_t<_Type>,_Args&& ... __args)'"
Source,../repos/incubator-weex/weex_core/Source/include/wtf/Variant.h,"(1572, 31)-(1572, 76)","b'Variant(in_place_index_t<_Index>,_Args&& ... ...'"
Source,../repos/incubator-weex/weex_core/Source/include/wtf/Variant.h,"(1614, 23)-(1619, 59)",b'operator=(\n        typename std::conditional<...'
Source,../repos/incubator-weex/weex_core/Source/include/wtf/Variant.h,"(1621, 23)-(1626, 59)",b'operator=(\n        typename std::conditional<...'
Source,../repos/incubator-weex/weex_core/Source/include/wtf/Variant.h,"(1639, 23)-(1644, 53)",b'operator=(\n        typename std::conditional<...'
Source,../repos/incubator-weex/weex_core/Source/include/wtf/Variant.h,"(1646, 23)-(1651, 53)",b'operator=(\n        typename std::conditional<...'
Source,../repos/incubator-weex/weex_core/Source/include/wtf/Variant.h,"(1664, 23)-(1668, 54)",b'operator=(\n        typename std::conditional<...'
Source,../repos/incubator-weex/weex_core/Source/include/wtf/Variant.h,"(1670, 23)-(1674, 21)",b'operator=(\n        typename std::conditional<...'
Source,../repos/incubator-weex/weex_core/Source/include/wtf/Variant.h,"(1674, 33)-(1674, 83)",b'__NOEXCEPT_(__noexcept_variant_move_assign<_T...'
Source,../repos/incubator-weex/weex_core/Source/include/wtf/Variant.h,"(1690, 17)-(1690, 37)",b'emplace(_Args&& ... __args)'
Source,../repos/incubator-weex/weex_core/Source/include/wtf/Variant.h,"(1696, 17)-(1696, 37)",b'emplace(_Args&& ... __args)'
Source,../repos/incubator-weex/weex_core/Source/include/wtf/Variant.h,"(1707, 14)-(1712, 22)",b'swap(\n        typename std::conditional<\n    ...'
Source,../repos/incubator-weex/weex_core/Source/include/wtf/Variant.h,"(1712, 34)-(1712, 77)",b'__NOEXCEPT_(__noexcept_variant_swap<_Types......'
Source,../repos/incubator-weex/weex_core/Source/include/wtf/Variant.h,"(1744, 5)-(1744, 59)","b'swap(Variant<_Types...> &__lhs, Variant<_Type...'"
Source,../repos/incubator-weex/weex_core/Source/include/wtf/Variant.h,"(1744, 71)-(1745, 47)",b'__NOEXCEPT_(\n    __noexcept_variant_swap<_Typ...'
Source,../repos/incubator-weex/weex_core/Source/include/wtf/Variant.h,"(1752, 33)-(1752, 58)",b'get(Variant<_Types...>& __v)'
Source,../repos/incubator-weex/weex_core/Source/include/wtf/Variant.h,"(1755, 39)-(1755, 70)",b'get(Variant<_Types...> const& __v)'
Source,../repos/incubator-weex/weex_core/Source/include/wtf/Variant.h,"(1758, 34)-(1758, 60)",b'get(Variant<_Types...>&& __v)'
Source,../repos/incubator-weex/weex_core/Source/include/wtf/Variant.h,"(1761, 40)-(1761, 72)",b'get(Variant<_Types...> const&& __v)'
Source,../repos/incubator-weex/weex_core/Source/include/wtf/Variant.h,"(1767, 21)-(1767, 46)",b'get(Variant<_Types...>& __v)'
Source,../repos/incubator-weex/weex_core/Source/include/wtf/Variant.h,"(1772, 22)-(1772, 48)",b'get(Variant<_Types...>&& __v)'
Source,../repos/incubator-weex/weex_core/Source/include/wtf/Variant.h,"(1777, 27)-(1777, 58)",b'get(Variant<_Types...> const& __v)'
Source,../repos/incubator-weex/weex_core/Source/include/wtf/Variant.h,"(1782, 28)-(1782, 60)",b'get(Variant<_Types...> const&& __v)'
Source,../repos/incubator-weex/weex_core/Source/include/wtf/Variant.h,"(1788, 71)-(1788, 102)",b'get(Variant<_Types...> const& __v)'
Source,../repos/incubator-weex/weex_core/Source/include/wtf/Variant.h,"(1797, 65)-(1797, 90)",b'get(Variant<_Types...>& __v)'
Source,../repos/incubator-weex/weex_core/Source/include/wtf/Variant.h,"(1806, 66)-(1806, 92)",b'get(Variant<_Types...>&& __v)'
Source,../repos/incubator-weex/weex_core/Source/include/wtf/Variant.h,"(1813, 72)-(1813, 104)",b'get(Variant<_Types...> const&& __v)'
Source,../repos/incubator-weex/weex_core/Source/include/wtf/Variant.h,"(1820, 43)-(1820, 68)",b'get_if(Variant<_Types...>& __v)'
Source,../repos/incubator-weex/weex_core/Source/include/wtf/Variant.h,"(1825, 49)-(1825, 80)",b'get_if(Variant<_Types...> const& __v)'
Source,../repos/incubator-weex/weex_core/Source/include/wtf/Variant.h,"(1830, 87)-(1830, 112)",b'get_if(Variant<_Types...>& __v)'
Source,../repos/incubator-weex/weex_core/Source/include/wtf/Variant.h,"(1836, 93)-(1837, 35)",b'get_if(\n    Variant<_Types...> const& __v)'
Source,../repos/incubator-weex/weex_core/Source/include/wtf/Variant.h,"(1843, 33)-(1843, 64)",b'holds_alternative(Variant<_Types...> const& __v)'
Source,../repos/incubator-weex/weex_core/Source/include/wtf/Variant.h,"(1881, 6)-(1881, 52)","b'visit(_Visitor&& __visitor,Variant<_Types...>...'"
Source,../repos/incubator-weex/weex_core/Source/include/wtf/Variant.h,"(1900, 12)-(1900, 52)","b'__visit(_Visitor& __visitor,_Variants& ... __v)'"
Source,../repos/incubator-weex/weex_core/Source/include/wtf/Variant.h,"(1912, 38)-(1912, 64)","b'__select(_Head& __head,_Rest& ...)'"
Source,../repos/incubator-weex/weex_core/Source/include/wtf/Variant.h,"(1920, 38)-(1920, 64)","b'__select(_Head&,_Rest& ... __rest)'"
Source,../repos/incubator-weex/weex_core/Source/include/wtf/Variant.h,"(1926, 78)-(1926, 98)",b'__arg_selector(_Args&& ... __args)'
Source,../repos/incubator-weex/weex_core/Source/include/wtf/Variant.h,"(1935, 12)-(1935, 53)","b'__visit(_Visitor& __visitor,_Variants&& ... __v)'"
Source,../repos/incubator-weex/weex_core/Source/include/wtf/Variant.h,"(1946, 12)-(1946, 39)","b'__visit(_Visitor&,_Variants&& ...)'"
Source,../repos/incubator-weex/weex_core/Source/include/wtf/Variant.h,"(1974, 12)-(1974, 53)","b'__visit(_Visitor& __visitor,_Variants&& ... __v)'"
Source,../repos/incubator-weex/weex_core/Source/include/wtf/Variant.h,"(1986, 6)-(1986, 48)","b'visit(_Visitor&& __visitor,_Variants&& ... __v)'"
Source,../repos/incubator-weex/weex_core/Source/include/wtf/Variant.h,"(1992, 26)-(1992, 91)","b'operator==(Variant<_Types...> const& __lhs,Va...'"
Source,../repos/incubator-weex/weex_core/Source/include/wtf/Variant.h,"(2000, 26)-(2000, 91)","b'operator!=(Variant<_Types...> const& __lhs,Va...'"
Source,../repos/incubator-weex/weex_core/Source/include/wtf/Variant.h,"(2005, 25)-(2005, 90)","b'operator<(Variant<_Types...> const& __lhs,Var...'"
Source,../repos/incubator-weex/weex_core/Source/include/wtf/Variant.h,"(2014, 25)-(2014, 90)","b'operator>(Variant<_Types...> const& __lhs,Var...'"
Source,../repos/incubator-weex/weex_core/Source/include/wtf/Variant.h,"(2019, 26)-(2019, 91)","b'operator>=(Variant<_Types...> const& __lhs,Va...'"
Source,../repos/incubator-weex/weex_core/Source/include/wtf/Variant.h,"(2024, 26)-(2024, 91)","b'operator<=(Variant<_Types...> const& __lhs,Va...'"
Source,../repos/incubator-weex/weex_core/Source/include/wtf/Variant.h,"(2047, 14)-(2047, 31)","b'switchOn(V&& v, F&&... f) -> decltype(visit(m...'"
Source,../repos/incubator-weex/weex_core/Source/include/wtf/Variant.h,"(2065, 22)-(2065, 56)",b'operator()(WTF::Variant<_Types...> const &v)'
Source,../repos/incubator-weex/weex_core/Source/include/wtf/DataLog.h,"(40, 33)-(40, 58)","b'dataLogF(const char* format, ...)'"
Source,../repos/incubator-weex/weex_core/Source/include/wtf/DataLog.h,"(44, 13)-(44, 37)",b'dataLog(const Types&... values)'
Source,../repos/incubator-weex/weex_core/Source/include/wtf/DataLog.h,"(50, 15)-(50, 39)",b'dataLogLn(const Types&... values)'
Source,../repos/incubator-weex/weex_core/Source/include/wtf/DataLog.h,"(56, 15)-(56, 55)","b'dataLogIf(bool shouldLog, const Types&... values)'"
Source,../repos/incubator-weex/weex_core/Source/include/wtf/DataLog.h,"(63, 17)-(63, 57)","b'dataLogLnIf(bool shouldLog, const Types&... v...'"
Source,../repos/incubator-weex/weex_core/Source/include/wtf/NeverDestroyed.h,"(51, 19)-(51, 35)",b'NeverDestroyed(Args&&... args)'
Source,../repos/incubator-weex/weex_core/Source/include/wtf/NeverDestroyed.h,"(83, 19)-(83, 35)",b'construct(Args&&... args)'
Source,../repos/incubator-weex/weex_core/Source/include/wtf/PrintStream.h,"(53, 35)-(53, 60)","b'printf(const char* format, ...)'"
Source,../repos/incubator-weex/weex_core/Source/include/wtf/PrintStream.h,"(54, 49)-(54, 74)","b'printfVariableFormat(const char* format, ...)'"
Source,../repos/incubator-weex/weex_core/Source/include/wtf/PrintStream.h,"(69, 15)-(69, 39)",b'print(const Types&... values)'
Source,../repos/incubator-weex/weex_core/Source/include/wtf/PrintStream.h,"(78, 17)-(78, 41)",b'println(const Types&... values)'
Source,../repos/incubator-weex/weex_core/Source/include/wtf/PrintStream.h,"(87, 19)-(87, 68)","b'printImpl(const T& value, const Types&... rem...'"
Source,../repos/incubator-weex/weex_core/Source/include/wtf/PrintStream.h,"(287, 23)-(287, 99)","b'unpack(PrintStream& out, const std::tuple<Typ...'"
Source,../repos/incubator-weex/weex_core/Source/include/wtf/PrintStream.h,"(293, 23)-(293, 99)","b'unpack(PrintStream& out, const std::tuple<Typ...'"
Source,../repos/incubator-weex/weex_core/Source/include/wtf/PrintStream.h,"(301, 49)-(301, 125)","b'FormatImplUnpacker<index, Types...>::unpack(P...'"
Source,../repos/incubator-weex/weex_core/Source/include/wtf/PrintStream.h,"(309, 15)-(309, 32)",b'FormatImpl(Types... values)'
Source,../repos/incubator-weex/weex_core/Source/include/wtf/PrintStream.h,"(324, 28)-(324, 45)",b'format(Types... values)'
Source,../repos/incubator-weex/weex_core/Source/include/wtf/Brigand.h,"(265, 43)-(265, 66)","b'at(Ts..., type_<T>*, ...)'"
Source,../repos/incubator-weex/weex_core/Source/include/wtf/Brigand.h,"(285, 36)-(285, 41)",b'test(...)'
Source,../repos/incubator-weex/weex_core/Source/include/wtf/Brigand.h,"(868, 31)-(868, 36)",b'all_same(...)'
Source,../repos/incubator-weex/weex_core/Source/include/wtf/Brigand.h,"(1320, 48)-(1320, 63)","b'for_each_args(F f, Ts&&...a)'"
Source,../repos/incubator-weex/weex_core/Source/include/wtf/Brigand.h,"(1330, 26)-(1330, 60)","b'for_each_impl( List<Elements...>&&, Functor f )'"
Source,../repos/incubator-weex/weex_core/Source/include/wtf/Brigand.h,"(1467, 32)-(1467, 37)",b'true_fn(...)'
Source,../repos/incubator-weex/weex_core/Source/include/wtf/Brigand.h,"(1473, 23)-(1473, 30)",b'is_set(Us...) -> decltype(true_fn(static_cast...'
Source,../repos/incubator-weex/weex_core/Source/include/wtf/Brigand.h,"(1474, 34)-(1474, 39)",b'is_set(...)'
Source,../repos/incubator-weex/weex_core/Source/include/wtf/Brigand.h,"(2289, 36)-(2289, 41)",b'test(...)'
Source,../repos/incubator-weex/weex_core/Source/include/wtf/ScopedLambda.h,"(45, 31)-(45, 49)",b'(ArgumentTypes...)'
Source,../repos/incubator-weex/weex_core/Source/include/wtf/ScopedLambda.h,"(47, 17)-(47, 97)","b'ScopedLambda(ResultType (*impl)(void* arg, Ar...'"
Source,../repos/incubator-weex/weex_core/Source/include/wtf/ScopedLambda.h,"(47, 36)-(47, 65)","b'(*impl)(void* arg, ArgumentTypes...)'"
Source,../repos/incubator-weex/weex_core/Source/include/wtf/ScopedLambda.h,"(54, 26)-(54, 62)",b'operator()(PassedArgumentTypes&&... arguments...'
Source,../repos/incubator-weex/weex_core/Source/include/wtf/ScopedLambda.h,"(60, 25)-(60, 54)","b'(*m_impl)(void* arg, ArgumentTypes...)'"
Source,../repos/incubator-weex/weex_core/Source/include/wtf/ScopedLambda.h,"(66, 38)-(66, 56)",b'(ArgumentTypes...)'
Source,../repos/incubator-weex/weex_core/Source/include/wtf/ScopedLambda.h,"(66, 100)-(66, 118)",b'(ArgumentTypes...)'
Source,../repos/incubator-weex/weex_core/Source/include/wtf/ScopedLambda.h,"(70, 35)-(70, 53)",b'(ArgumentTypes...)'
Source,../repos/incubator-weex/weex_core/Source/include/wtf/ScopedLambda.h,"(78, 35)-(78, 53)",b'(ArgumentTypes...)'
Source,../repos/incubator-weex/weex_core/Source/include/wtf/ScopedLambda.h,"(84, 35)-(84, 53)",b'(ArgumentTypes...)'
Source,../repos/incubator-weex/weex_core/Source/include/wtf/ScopedLambda.h,"(102, 35)-(102, 79)","b'implFunction(void* argument, ArgumentTypes......'"
Source,../repos/incubator-weex/weex_core/Source/include/wtf/ScopedLambda.h,"(131, 41)-(131, 59)",b'(ArgumentTypes...)'
Source,../repos/incubator-weex/weex_core/Source/include/wtf/ScopedLambda.h,"(131, 103)-(131, 121)",b'(ArgumentTypes...)'
Source,../repos/incubator-weex/weex_core/Source/include/wtf/ScopedLambda.h,"(134, 35)-(134, 53)",b'(ArgumentTypes...)'
Source,../repos/incubator-weex/weex_core/Source/include/wtf/ScopedLambda.h,"(143, 35)-(143, 53)",b'(ArgumentTypes...)'
Source,../repos/incubator-weex/weex_core/Source/include/wtf/ScopedLambda.h,"(149, 35)-(149, 53)",b'(ArgumentTypes...)'
Source,../repos/incubator-weex/weex_core/Source/include/wtf/ScopedLambda.h,"(167, 35)-(167, 79)","b'implFunction(void* argument, ArgumentTypes......'"
Source,../repos/incubator-weex/weex_core/Source/include/wtf/ObjcRuntimeExtras.h,"(36, 33)-(36, 86)","b'wtfObjcMsgSend(id target, SEL selector, Argum...'"
Source,../repos/incubator-weex/weex_core/Source/include/wtf/ObjcRuntimeExtras.h,"(38, 43)-(38, 70)","b'(*)(id, SEL, ArgumentTypes...)'"
Source,../repos/incubator-weex/weex_core/Source/include/wtf/ObjcRuntimeExtras.h,"(42, 29)-(42, 102)","b'wtfCallIMP(IMP implementation, id target, SEL...'"
Source,../repos/incubator-weex/weex_core/Source/include/wtf/ObjcRuntimeExtras.h,"(44, 43)-(44, 70)","b'(*)(id, SEL, ArgumentTypes...)'"
Source,../repos/incubator-weex/weex_core/Source/include/wtf/CheckedArithmetic.h,"(796, 38)-(796, 61)","b'checkedSum(U value, Args... args)'"
Source,../repos/incubator-weex/weex_core/Source/include/wtf/CheckedArithmetic.h,"(804, 57)-(804, 71)",b'sumOverflows(Args... args)'
Source,../repos/incubator-weex/weex_core/Source/include/wtf/CheckedArithmetic.h,"(820, 42)-(820, 65)","b'checkedProduct(U value, Args... args)'"
Source,../repos/incubator-weex/weex_core/Source/include/wtf/CheckedArithmetic.h,"(828, 61)-(828, 75)",b'productOverflows(Args... args)'
Source,../repos/incubator-weex/weex_core/Source/include/wtf/StringPrintStream.h,"(61, 18)-(61, 42)",b'toCString(const Types&... values)'
Source,../repos/incubator-weex/weex_core/Source/include/wtf/StringPrintStream.h,"(69, 16)-(69, 40)",b'toString(const Types&... values)'
Source,../repos/incubator-weex/weex_core/Source/include/wtf/Vector.h,"(724, 55)-(724, 66)",b'constructAndAppend(Args&&...)'
Source,../repos/incubator-weex/weex_core/Source/include/wtf/Vector.h,"(725, 58)-(725, 69)",b'tryConstructAndAppend(Args&&...)'
Source,../repos/incubator-weex/weex_core/Source/include/wtf/Vector.h,"(788, 63)-(788, 74)",b'constructAndAppendSlowCase(Args&&...)'
Source,../repos/incubator-weex/weex_core/Source/include/wtf/Vector.h,"(789, 66)-(789, 77)",b'tryConstructAndAppendSlowCase(Args&&...)'
Source,../repos/incubator-weex/weex_core/Source/include/wtf/Vector.h,"(1222, 95)-(1222, 111)","b'Vector<T, inlineCapacity, OverflowHandler, mi...'"
Source,../repos/incubator-weex/weex_core/Source/include/wtf/Vector.h,"(1235, 98)-(1235, 114)","b'Vector<T, inlineCapacity, OverflowHandler, mi...'"
Source,../repos/incubator-weex/weex_core/Source/include/wtf/Vector.h,"(1262, 89)-(1262, 105)","b'Vector<T, inlineCapacity, OverflowHandler, mi...'"
Source,../repos/incubator-weex/weex_core/Source/include/wtf/Vector.h,"(1275, 92)-(1275, 108)","b'Vector<T, inlineCapacity, OverflowHandler, mi...'"
Source,../repos/incubator-weex/weex_core/Source/third_party/IPC/IPCException.cpp,"(33, 27)-(33, 49)","b'IPCException::IPCException(const char* fmt, ...)'"
Source,../repos/incubator-weex/weex_core/Source/third_party/IPC/IPCException.h,"(31, 17)-(31, 39)","b'IPCException(const char* fmt, ...)'"
