Repo name,File name,Location,Content
Source,../repos/incubator-weex/weex_core/Source/base/message_loop/message_pump_darwin.cc,"(25, 20)-(25, 38)",b'MessagePumpDarwin::~MessagePumpDarwin'
Source,../repos/incubator-weex/weex_core/Source/base/message_loop/message_pump_posix.cc,"(28, 19)-(28, 36)",b'MessagePumpPosix::~MessagePumpPosix'
Source,../repos/incubator-weex/weex_core/Source/base/message_loop/message_pump_posix.h,"(33, 3)-(33, 20)",b'~MessagePumpPosix()'
Source,../repos/incubator-weex/weex_core/Source/base/message_loop/message_pump_android.cc,"(38, 21)-(38, 40)",b'MessagePumpAndroid::~MessagePumpAndroid'
Source,../repos/incubator-weex/weex_core/Source/base/message_loop/message_pump_android.h,"(34, 3)-(34, 22)",b'~MessagePumpAndroid()'
Source,../repos/incubator-weex/weex_core/Source/base/message_loop/message_pump_darwin.h,"(30, 3)-(30, 21)",b'~MessagePumpDarwin()'
Source,../repos/incubator-weex/weex_core/Source/base/message_loop/message_pump.h,"(30, 13)-(30, 22)",b'~Delegate()'
Source,../repos/incubator-weex/weex_core/Source/base/message_loop/message_pump.h,"(34, 11)-(34, 23)",b'~MessagePump()'
Source,../repos/incubator-weex/weex_core/Source/base/message_loop/message_loop.h,"(45, 3)-(45, 15)",b'~MessageLoop()'
Source,../repos/incubator-weex/weex_core/Source/base/message_loop/message_loop.cc,"(51, 14)-(51, 26)",b'MessageLoop::~MessageLoop'
Source,../repos/incubator-weex/weex_core/Source/base/thread/thread_impl_posix.h,"(32, 11)-(32, 27)",b'~ThreadImplPosix()'
Source,../repos/incubator-weex/weex_core/Source/base/thread/thread_impl_android.cc,"(28, 20)-(28, 38)",b'ThreadImplAndroid::~ThreadImplAndroid'
Source,../repos/incubator-weex/weex_core/Source/base/thread/thread_impl.h,"(42, 11)-(42, 22)",b'~ThreadImpl()'
Source,../repos/incubator-weex/weex_core/Source/base/thread/thread_impl_darwin.cc,"(29, 19)-(29, 36)",b'ThreadImplDarwin::~ThreadImplDarwin'
Source,../repos/incubator-weex/weex_core/Source/base/thread/waitable_event.h,"(31, 3)-(31, 17)",b'~WaitableEvent()'
Source,../repos/incubator-weex/weex_core/Source/base/thread/thread_impl_android.h,"(31, 11)-(31, 29)",b'~ThreadImplAndroid()'
Source,../repos/incubator-weex/weex_core/Source/base/thread/thread.h,"(37, 3)-(37, 10)",b'~Thread()'
Source,../repos/incubator-weex/weex_core/Source/base/thread/thread_impl_posix.cc,"(46, 18)-(46, 34)",b'ThreadImplPosix::~ThreadImplPosix'
Source,../repos/incubator-weex/weex_core/Source/base/thread/thread_local.h,"(51, 3)-(51, 15)",b'~ThreadLocal()'
Source,../repos/incubator-weex/weex_core/Source/base/thread/thread_impl_darwin.h,"(32, 11)-(32, 28)",b'~ThreadImplDarwin()'
Source,../repos/incubator-weex/weex_core/Source/base/android/ThreadLocker.h,"(38, 5)-(38, 18)",b'~ThreadLocker()'
Source,../repos/incubator-weex/weex_core/Source/base/android/weex_log.cpp,"(135, 13)-(135, 24)",b'LogMessage::~LogMessage'
Source,../repos/incubator-weex/weex_core/Source/base/android/jni/scoped_java_ref.h,"(34, 5)-(34, 13)",b'~JavaRef()'
Source,../repos/incubator-weex/weex_core/Source/base/android/jni/scoped_java_ref.h,"(71, 5)-(71, 24)",b'~ScopedLocalJavaRef()'
Source,../repos/incubator-weex/weex_core/Source/base/android/jni/scoped_java_ref.h,"(103, 5)-(103, 25)",b'~ScopedGlobalJavaRef()'
Source,../repos/incubator-weex/weex_core/Source/base/android/jni/jbytearray_ref.h,"(34, 9)-(34, 23)",b'~JByteArrayRef()'
Source,../repos/incubator-weex/weex_core/Source/base/android/jni/jni_object_wrap.h,"(35, 11)-(35, 25)",b'~JNIObjectWrap()'
Source,../repos/incubator-weex/weex_core/Source/base/android/jni/jbytearray_ref.cpp,"(36, 20)-(36, 34)",b'JByteArrayRef::~JByteArrayRef'
Source,../repos/incubator-weex/weex_core/Source/base/android/jsengine_ptr_container.h,"(31, 3)-(31, 24)",b'~JSEnginePtrContainer()'
Source,../repos/incubator-weex/weex_core/Source/base/android/weex_log.h,"(59, 3)-(59, 14)",b'~LogMessage()'
Source,../repos/incubator-weex/weex_core/Source/base/android/ThreadLocker.cpp,"(60, 15)-(60, 28)",b'ThreadLocker::~ThreadLocker'
Source,../repos/incubator-weex/weex_core/Source/base/crash/crash_handler.cpp,"(119, 19)-(119, 36)",b'CrashHandlerInfo::~CrashHandlerInfo'
Source,../repos/incubator-weex/weex_core/Source/base/crash/crash_handler.h,"(31, 5)-(31, 22)",b'~CrashHandlerInfo()'
Source,../repos/incubator-weex/weex_core/Source/base/time_calculator.h,"(69, 3)-(69, 18)",b'~TimeCalculator()'
Source,../repos/incubator-weex/weex_core/Source/base/log_defines.cpp,"(39, 3)-(39, 20)",b'~LogFlattenHelper()'
Source,../repos/incubator-weex/weex_core/Source/android/base/string/jstring_cache.h,"(33, 5)-(33, 18)",b'~JStringCache()'
Source,../repos/incubator-weex/weex_core/Source/android/base/string/scoped_jstring.cpp,"(27, 16)-(27, 30)",b'ScopedJString::~ScopedJString'
Source,../repos/incubator-weex/weex_core/Source/android/base/string/scoped_jstring_utf8.h,"(36, 5)-(36, 23)",b'~ScopedJStringUTF8()'
Source,../repos/incubator-weex/weex_core/Source/android/base/string/scoped_jstring_utf8.cpp,"(26, 20)-(26, 38)",b'ScopedJStringUTF8::~ScopedJStringUTF8'
Source,../repos/incubator-weex/weex_core/Source/android/base/string/scoped_jstring.h,"(31, 5)-(31, 19)",b'~ScopedJString()'
Source,../repos/incubator-weex/weex_core/Source/android/jsengine/weex_ipc_server.h,"(29, 5)-(29, 18)",b'~WeexJSServer()'
Source,../repos/incubator-weex/weex_core/Source/android/jsengine/weex_jsc_utils.cpp,"(606, 16)-(606, 26)",b'unique_fd::~unique_fd'
Source,../repos/incubator-weex/weex_core/Source/android/jsengine/task/impl/native_timer_task.h,"(31, 5)-(31, 21)",b'~NativeTimerTask() override'
Source,../repos/incubator-weex/weex_core/Source/android/jsengine/task/impl/init_framework_task.h,"(51, 5)-(51, 23)",b'~InitFrameworkTask()'
Source,../repos/incubator-weex/weex_core/Source/android/jsengine/task/impl/call_js_on_app_context_task.h,"(41, 5)-(41, 28)",b'~CallJsOnAppContextTask()'
Source,../repos/incubator-weex/weex_core/Source/android/jsengine/task/impl/js_action_task.h,"(35, 3)-(35, 16)",b'~JSActionTask()'
Source,../repos/incubator-weex/weex_core/Source/android/jsengine/task/impl/exe_js_task.h,"(45, 5)-(45, 15)",b'~ExeJsTask() override'
Source,../repos/incubator-weex/weex_core/Source/android/jsengine/task/impl/init_framework_task.cpp,"(55, 20)-(55, 38)",b'InitFrameworkTask::~InitFrameworkTask'
Source,../repos/incubator-weex/weex_core/Source/android/jsengine/task/impl/exe_js_task.cpp,"(69, 12)-(69, 22)",b'ExeJsTask::~ExeJsTask'
Source,../repos/incubator-weex/weex_core/Source/android/jsengine/task/weex_task_queue.h,"(33, 5)-(33, 19)",b'~WeexTaskQueue()'
Source,../repos/incubator-weex/weex_core/Source/android/jsengine/task/back_to_weex_core_queue.cpp,"(121, 31)-(121, 39)",b'IPCTask::~IPCTask'
Source,../repos/incubator-weex/weex_core/Source/android/jsengine/task/weex_task.h,"(40, 9)-(40, 16)",b'~Future()'
Source,../repos/incubator-weex/weex_core/Source/android/jsengine/task/weex_task.h,"(62, 13)-(62, 22)",b'~WeexTask()'
Source,../repos/incubator-weex/weex_core/Source/android/jsengine/task/weex_task_queue.cpp,"(43, 16)-(43, 30)",b'WeexTaskQueue::~WeexTaskQueue'
Source,../repos/incubator-weex/weex_core/Source/android/jsengine/task/back_to_weex_core_queue.h,"(45, 9)-(45, 16)",b'~Future()'
Source,../repos/incubator-weex/weex_core/Source/android/jsengine/task/back_to_weex_core_queue.h,"(62, 9)-(62, 17)",b'~IPCArgs()'
Source,../repos/incubator-weex/weex_core/Source/android/jsengine/task/back_to_weex_core_queue.h,"(80, 9)-(80, 17)",b'~IPCTask()'
Source,../repos/incubator-weex/weex_core/Source/android/jsengine/bridge/script/script_bridge_in_multi_so.cpp,"(55, 24)-(55, 46)",b'ScriptBridgeInMultiSo::~ScriptBridgeInMultiSo'
Source,../repos/incubator-weex/weex_core/Source/android/jsengine/bridge/script/core_side_in_multi_process.cpp,"(46, 25)-(46, 48)",b'CoreSideInMultiProcess::~CoreSideInMultiProcess'
Source,../repos/incubator-weex/weex_core/Source/android/jsengine/bridge/script/script_bridge_in_simple.cpp,"(42, 23)-(42, 44)",b'ScriptBridgeInSimple::~ScriptBridgeInSimple'
Source,../repos/incubator-weex/weex_core/Source/android/jsengine/bridge/script/script_side_in_simple.h,"(88, 11)-(88, 30)",b'~ScriptSideInSimple()'
Source,../repos/incubator-weex/weex_core/Source/android/jsengine/bridge/script/script_bridge_in_multi_so.h,"(94, 11)-(94, 33)",b'~ScriptBridgeInMultiSo()'
Source,../repos/incubator-weex/weex_core/Source/android/jsengine/bridge/script/core_side_in_simple.cpp,"(38, 19)-(38, 36)",b'CoreSideInSimple::~CoreSideInSimple'
Source,../repos/incubator-weex/weex_core/Source/android/jsengine/bridge/script/core_side_in_multi_process.h,"(39, 3)-(39, 26)",b'~CoreSideInMultiProcess() override'
Source,../repos/incubator-weex/weex_core/Source/android/jsengine/bridge/script/script_bridge_in_multi_process.cpp,"(117, 41)-(117, 68)",b'ScriptBridgeInMultiProcess::~ScriptBridgeInMu...'
Source,../repos/incubator-weex/weex_core/Source/android/jsengine/bridge/script/core_side_in_simple.h,"(34, 3)-(34, 20)",b'~CoreSideInSimple() override'
Source,../repos/incubator-weex/weex_core/Source/android/jsengine/bridge/script/script_bridge_in_simple.h,"(43, 11)-(43, 32)",b'~ScriptBridgeInSimple()'
Source,../repos/incubator-weex/weex_core/Source/android/jsengine/bridge/script/core_side_in_multi_so.h,"(40, 3)-(40, 21)",b'~CoreSideInMultiSo() override'
Source,../repos/incubator-weex/weex_core/Source/android/jsengine/bridge/script/script_bridge_in_multi_process.h,"(45, 11)-(45, 38)",b'~ScriptBridgeInMultiProcess()'
Source,../repos/incubator-weex/weex_core/Source/android/jsengine/bridge/platform/platform_side_multi_process.h,"(37, 11)-(37, 38)",b'~PlatformSideInMultiProcess()'
Source,../repos/incubator-weex/weex_core/Source/android/jsengine/bridge/platform/platform_side_in_multi_so.h,"(37, 11)-(37, 33)",b'~PlatformSideInMultiSo()'
Source,../repos/incubator-weex/weex_core/Source/android/jsengine/bridge/platform/platform_bridge_in_multi_process.cpp,"(46, 31)-(46, 60)",b'PlatformBridgeInMultiProcess::~PlatformBridge...'
Source,../repos/incubator-weex/weex_core/Source/android/jsengine/bridge/platform/core_side_in_simple.h,"(33, 11)-(33, 28)",b'~CoreSideInSimple()'
Source,../repos/incubator-weex/weex_core/Source/android/jsengine/bridge/platform/platform_bridge_in_multi_process.h,"(91, 11)-(91, 40)",b'~PlatformBridgeInMultiProcess()'
Source,../repos/incubator-weex/weex_core/Source/android/jsengine/bridge/platform/platform_bridge_in_multi_so.cpp,"(49, 26)-(49, 50)",b'PlatformBridgeInMultiSo::~PlatformBridgeInMultiSo'
Source,../repos/incubator-weex/weex_core/Source/android/jsengine/bridge/platform/platform_bridge_in_multi_so.h,"(114, 11)-(114, 35)",b'~PlatformBridgeInMultiSo()'
Source,../repos/incubator-weex/weex_core/Source/android/jsengine/weex_jsc_utils.h,"(208, 9)-(208, 19)",b'~unique_fd()'
Source,../repos/incubator-weex/weex_core/Source/android/jsengine/object/weex_object_holder.h,"(39, 5)-(39, 22)",b'~WeexObjectHolder()'
Source,../repos/incubator-weex/weex_core/Source/android/jsengine/object/args/exe_js_args.h,"(43, 5)-(43, 15)",b'~ExeJsArgs()'
Source,../repos/incubator-weex/weex_core/Source/android/jsengine/object/args/init_framework_args.h,"(41, 5)-(41, 23)",b'~InitFrameworkArgs()'
Source,../repos/incubator-weex/weex_core/Source/android/jsengine/object/args/init_framework_args.cpp,"(75, 20)-(75, 38)",b'InitFrameworkArgs::~InitFrameworkArgs'
Source,../repos/incubator-weex/weex_core/Source/android/jsengine/object/weex_env.h,"(56, 5)-(56, 13)",b'~WeexEnv()'
Source,../repos/incubator-weex/weex_core/Source/android/jsengine/object/args.cpp,"(31, 10)-(31, 15)",b'Args::~Args'
Source,../repos/incubator-weex/weex_core/Source/android/jsengine/object/weex_env.cpp,"(97, 10)-(97, 18)",b'WeexEnv::~WeexEnv'
Source,../repos/incubator-weex/weex_core/Source/android/jsengine/object/weex_object_holder.cpp,"(99, 19)-(99, 36)",b'WeexObjectHolder::~WeexObjectHolder'
Source,../repos/incubator-weex/weex_core/Source/android/jsengine/object/js_action.h,"(45, 3)-(45, 12)",b'~JSAction()'
Source,../repos/incubator-weex/weex_core/Source/android/jsengine/object/js_action.h,"(66, 5)-(66, 16)",b'~jsFunction()'
Source,../repos/incubator-weex/weex_core/Source/android/jsengine/object/args.h,"(43, 13)-(43, 18)",b'~Args()'
Source,../repos/incubator-weex/weex_core/Source/android/jsengine/object/js_action.cpp,"(212, 23)-(212, 34)",b'jsFunction::~jsFunction'
Source,../repos/incubator-weex/weex_core/Source/android/jsengine/dependence/icu/unicode/localpointer.h,"(77, 5)-(77, 22)",b'~LocalPointerBase()'
Source,../repos/incubator-weex/weex_core/Source/android/jsengine/dependence/icu/unicode/localpointer.h,"(198, 5)-(198, 18)",b'~LocalPointer()'
Source,../repos/incubator-weex/weex_core/Source/android/jsengine/dependence/icu/unicode/localpointer.h,"(244, 5)-(244, 16)",b'~LocalArray()'
Source,../repos/incubator-weex/weex_core/Source/android/jsengine/dependence/bmalloc/bmalloc/Allocator.h,"(42, 5)-(42, 15)",b'~Allocator()'
Source,../repos/incubator-weex/weex_core/Source/android/jsengine/dependence/bmalloc/bmalloc/Allocator.cpp,"(48, 12)-(48, 22)",b'Allocator::~Allocator'
Source,../repos/incubator-weex/weex_core/Source/android/jsengine/dependence/bmalloc/bmalloc/AsyncTask.h,"(42, 5)-(42, 15)",b'~AsyncTask()'
Source,../repos/incubator-weex/weex_core/Source/android/jsengine/dependence/bmalloc/bmalloc/AsyncTask.h,"(81, 30)-(81, 40)","b'AsyncTask<Object, Function>::~AsyncTask'"
Source,../repos/incubator-weex/weex_core/Source/android/jsengine/dependence/bmalloc/bmalloc/Heap.h,"(91, 5)-(91, 10)",b'~Heap()'
Source,../repos/incubator-weex/weex_core/Source/android/jsengine/dependence/bmalloc/bmalloc/Deallocator.cpp,"(51, 14)-(51, 26)",b'Deallocator::~Deallocator'
Source,../repos/incubator-weex/weex_core/Source/android/jsengine/dependence/bmalloc/bmalloc/Deallocator.h,"(42, 5)-(42, 17)",b'~Deallocator()'
Source,../repos/incubator-weex/weex_core/Source/android/jsengine/dependence/bmalloc/bmalloc/Vector.h,"(47, 5)-(47, 12)",b'~Vector()'
Source,../repos/incubator-weex/weex_core/Source/android/jsengine/dependence/bmalloc/bmalloc/Vector.h,"(107, 12)-(107, 19)",b'Vector<T>::~Vector'
Source,../repos/incubator-weex/weex_core/Source/android/jsengine/dependence/bmalloc/bmalloc/ScopeExit.h,"(38, 5)-(38, 15)",b'~ScopeExit()'
Source,../repos/incubator-weex/weex_core/Source/android/jsengine/weex_ipc_server.cpp,"(87, 15)-(87, 28)",b'WeexJSServer::~WeexJSServer'
Source,../repos/incubator-weex/weex_core/Source/android/bridge/script_bridge_in_multi_so.cpp,"(82, 24)-(82, 46)",b'ScriptBridgeInMultiSo::~ScriptBridgeInMultiSo'
Source,../repos/incubator-weex/weex_core/Source/android/bridge/script_bridge_in_multi_so.h,"(29, 3)-(29, 25)",b'~ScriptBridgeInMultiSo()'
Source,../repos/incubator-weex/weex_core/Source/android/bridge/multi_so_initializer.h,"(29, 11)-(29, 30)",b'~MultiSoInitializer()'
Source,../repos/incubator-weex/weex_core/Source/android/bridge/multi_process_and_so_initializer.h,"(32, 11)-(32, 40)",b'~MultiProcessAndSoInitializer()'
Source,../repos/incubator-weex/weex_core/Source/android/bridge/script/script_side_in_multi_process.h,"(81, 11)-(81, 36)",b'~ScriptSideInMultiProcess()'
Source,../repos/incubator-weex/weex_core/Source/android/bridge/script/script_side_in_multi_so.h,"(80, 11)-(80, 31)",b'~ScriptSideInMultiSo()'
Source,../repos/incubator-weex/weex_core/Source/android/bridge/script/script_side_in_multi_process.cpp,"(37, 27)-(37, 52)",b'ScriptSideInMultiProcess::~ScriptSideInMultiP...'
Source,../repos/incubator-weex/weex_core/Source/android/bridge/script/script_side_in_multi_so.cpp,"(29, 22)-(29, 42)",b'ScriptSideInMultiSo::~ScriptSideInMultiSo'
Source,../repos/incubator-weex/weex_core/Source/android/bridge/script_bridge_in_multi_process.cpp,"(1067, 29)-(1067, 56)",b'ScriptBridgeInMultiProcess::~ScriptBridgeInMu...'
Source,../repos/incubator-weex/weex_core/Source/android/bridge/platform/android_bridge.h,"(30, 9)-(30, 31)",b'~AndroidBridgeInSimple()'
Source,../repos/incubator-weex/weex_core/Source/android/bridge/platform/core_side_in_multi_process.h,"(32, 11)-(32, 34)",b'~CoreSideInMultiProcess()'
Source,../repos/incubator-weex/weex_core/Source/android/bridge/platform/android_side.cpp,"(45, 14)-(45, 26)",b'AndroidSide::~AndroidSide'
Source,../repos/incubator-weex/weex_core/Source/android/bridge/platform/android_bridge.cpp,"(33, 24)-(33, 46)",b'AndroidBridgeInSimple::~AndroidBridgeInSimple'
Source,../repos/incubator-weex/weex_core/Source/android/bridge/platform/android_side.h,"(32, 11)-(32, 23)",b'~AndroidSide()'
Source,../repos/incubator-weex/weex_core/Source/android/bridge/platform/android_bridge_in_multi_process.h,"(37, 11)-(37, 39)",b'~AndroidBridgeInMultiProcess()'
Source,../repos/incubator-weex/weex_core/Source/android/bridge/platform/android_bridge_in_multi_so.h,"(31, 3)-(31, 26)",b'~AndroidBridgeInMultiSo()'
Source,../repos/incubator-weex/weex_core/Source/android/bridge/platform/android_bridge_in_multi_process.cc,"(66, 30)-(66, 58)",b'AndroidBridgeInMultiProcess::~AndroidBridgeIn...'
Source,../repos/incubator-weex/weex_core/Source/android/bridge/platform/android_bridge_in_multi_so.cc,"(63, 25)-(63, 48)",b'AndroidBridgeInMultiSo::~AndroidBridgeInMultiSo'
Source,../repos/incubator-weex/weex_core/Source/android/bridge/platform/core_side_in_multi_so.h,"(30, 11)-(30, 29)",b'~CoreSideInMultiSo()'
Source,../repos/incubator-weex/weex_core/Source/android/bridge/script_bridge_in_multi_process.h,"(34, 3)-(34, 30)",b'~ScriptBridgeInMultiProcess()'
Source,../repos/incubator-weex/weex_core/Source/android/utils/ipc_string_result.h,"(28, 13)-(28, 29)",b'~IPCStringResult()'
Source,../repos/incubator-weex/weex_core/Source/android/utils/ipc_string_result.h,"(46, 5)-(46, 25)",b'~IPCJSONStringResult()'
Source,../repos/incubator-weex/weex_core/Source/android/utils/ipc_string_result.cpp,"(24, 18)-(24, 34)",b'IPCStringResult::~IPCStringResult'
Source,../repos/incubator-weex/weex_core/Source/android/utils/ipc_string_result.cpp,"(69, 22)-(69, 42)",b'IPCJSONStringResult::~IPCJSONStringResult'
Source,../repos/incubator-weex/weex_core/Source/android/multiprocess/weex_js_connection.cpp,"(145, 19)-(145, 36)",b'WeexJSConnection::~WeexJSConnection'
Source,../repos/incubator-weex/weex_core/Source/android/multiprocess/weex_js_connection.cpp,"(375, 5)-(375, 17)",b'~EnvPBuilder()'
Source,../repos/incubator-weex/weex_core/Source/android/multiprocess/weex_js_connection.h,"(42, 3)-(42, 16)",b'~WeexConnInfo()'
Source,../repos/incubator-weex/weex_core/Source/android/multiprocess/weex_js_connection.h,"(76, 5)-(76, 22)",b'~WeexJSConnection()'
Source,../repos/incubator-weex/weex_core/Source/android/wrap/hash_set.h,"(33, 11)-(33, 19)",b'~HashSet()'
Source,../repos/incubator-weex/weex_core/Source/android/wrap/wx_bridge.h,"(126, 11)-(126, 20)",b'~WXBridge()'
Source,../repos/incubator-weex/weex_core/Source/android/wrap/wx_map.cpp,"(64, 8)-(64, 14)",b'WXMap::~WXMap'
Source,../repos/incubator-weex/weex_core/Source/android/wrap/wx_js_object.cpp,"(73, 13)-(73, 24)",b'WXJSObject::~WXJSObject'
Source,../repos/incubator-weex/weex_core/Source/android/wrap/js_context.h,"(31, 3)-(31, 13)",b'~JSContext()'
Source,../repos/incubator-weex/weex_core/Source/android/wrap/wx_params.cpp,"(29, 11)-(29, 20)",b'WXParams::~WXParams'
Source,../repos/incubator-weex/weex_core/Source/android/wrap/wx_params.h,"(31, 11)-(31, 20)",b'~WXParams()'
Source,../repos/incubator-weex/weex_core/Source/android/wrap/wx_map.h,"(36, 11)-(36, 17)",b'~WXMap()'
Source,../repos/incubator-weex/weex_core/Source/android/wrap/wml_bridge.h,"(39, 11)-(39, 21)",b'~WMLBridge()'
Source,../repos/incubator-weex/weex_core/Source/android/wrap/wx_js_object.h,"(33, 11)-(33, 22)",b'~WXJSObject()'
Source,../repos/incubator-weex/weex_core/Source/android/wrap/hash_set.cpp,"(61, 10)-(61, 18)",b'HashSet::~HashSet'
Source,../repos/incubator-weex/weex_core/Source/include/JavaScriptCore/interpreter/FrameTracers.h,"(44, 5)-(44, 27)",b'~SuspendExceptionScope()'
Source,../repos/incubator-weex/weex_core/Source/include/JavaScriptCore/interpreter/FrameTracers.h,"(62, 5)-(62, 24)",b'~TopCallFrameSetter()'
Source,../repos/incubator-weex/weex_core/Source/include/JavaScriptCore/interpreter/CLoopStack.h,"(53, 9)-(53, 20)",b'~CLoopStack()'
Source,../repos/incubator-weex/weex_core/Source/include/JavaScriptCore/interpreter/StackVisitor.h,"(101, 9)-(101, 15)",b'~Frame()'
Source,../repos/incubator-weex/weex_core/Source/include/JavaScriptCore/interpreter/ShadowChicken.h,"(186, 5)-(186, 19)",b'~ShadowChicken()'
Source,../repos/incubator-weex/weex_core/Source/include/JavaScriptCore/interpreter/CallFrame.h,"(271, 9)-(271, 19)",b'~ExecState()'
Source,../repos/incubator-weex/weex_core/Source/include/JavaScriptCore/interpreter/Interpreter.h,"(98, 9)-(98, 21)",b'~Interpreter()'
Source,../repos/incubator-weex/weex_core/Source/include/JavaScriptCore/assembler/LinkBuffer.h,"(111, 5)-(111, 16)",b'~LinkBuffer()'
Source,../repos/incubator-weex/weex_core/Source/include/JavaScriptCore/assembler/DisallowMacroScratchRegisterUsage.h,"(43, 5)-(43, 39)",b'~DisallowMacroScratchRegisterUsage()'
Source,../repos/incubator-weex/weex_core/Source/include/JavaScriptCore/assembler/AssemblerBuffer.h,"(116, 9)-(116, 23)",b'~AssemblerData()'
Source,../repos/incubator-weex/weex_core/Source/include/JavaScriptCore/assembler/AssemblerBuffer.h,"(225, 13)-(225, 25)",b'~LocalWriter()'
Source,../repos/incubator-weex/weex_core/Source/include/JavaScriptCore/assembler/AssemblerBufferWithConstantPool.h,"(111, 5)-(111, 37)",b'~AssemblerBufferWithConstantPool()'
Source,../repos/incubator-weex/weex_core/Source/include/JavaScriptCore/assembler/AllowMacroScratchRegisterUsage.h,"(43, 5)-(43, 36)",b'~AllowMacroScratchRegisterUsage()'
Source,../repos/incubator-weex/weex_core/Source/include/JavaScriptCore/runtime/ConsoleClient.h,"(41, 13)-(41, 27)",b'~ConsoleClient()'
Source,../repos/incubator-weex/weex_core/Source/include/JavaScriptCore/runtime/SparseArrayValueMap.h,"(67, 5)-(67, 25)",b'~SparseArrayValueMap()'
Source,../repos/incubator-weex/weex_core/Source/include/JavaScriptCore/runtime/RegExpInlines.h,"(50, 5)-(50, 35)",b'~RegExpFunctionalTestCollector()'
Source,../repos/incubator-weex/weex_core/Source/include/JavaScriptCore/runtime/InferredType.h,"(228, 5)-(228, 18)",b'~InferredType()'
Source,../repos/incubator-weex/weex_core/Source/include/JavaScriptCore/runtime/JSSegmentedVariableObject.h,"(102, 5)-(102, 31)",b'~JSSegmentedVariableObject()'
Source,../repos/incubator-weex/weex_core/Source/include/JavaScriptCore/runtime/ConcurrentJSLock.h,"(60, 5)-(60, 28)",b'~ConcurrentJSLockerBase()'
Source,../repos/incubator-weex/weex_core/Source/include/JavaScriptCore/runtime/ConcurrentJSLock.h,"(87, 5)-(87, 30)",b'~GCSafeConcurrentJSLocker()'
Source,../repos/incubator-weex/weex_core/Source/include/JavaScriptCore/runtime/DumpContext.h,"(38, 5)-(38, 17)",b'~DumpContext()'
Source,../repos/incubator-weex/weex_core/Source/include/JavaScriptCore/runtime/ConcurrentJITLock.h,"(60, 5)-(60, 29)",b'~ConcurrentJITLockerBase()'
Source,../repos/incubator-weex/weex_core/Source/include/JavaScriptCore/runtime/ConcurrentJITLock.h,"(87, 5)-(87, 31)",b'~GCSafeConcurrentJITLocker()'
Source,../repos/incubator-weex/weex_core/Source/include/JavaScriptCore/runtime/VMTraps.h,"(89, 5)-(89, 13)",b'~VMTraps()'
Source,../repos/incubator-weex/weex_core/Source/include/JavaScriptCore/runtime/Exception.h,"(65, 5)-(65, 15)",b'~Exception()'
Source,../repos/incubator-weex/weex_core/Source/include/JavaScriptCore/runtime/VM.h,"(259, 35)-(259, 46)",b'~ClientData()'
Source,../repos/incubator-weex/weex_core/Source/include/JavaScriptCore/runtime/VM.h,"(270, 23)-(270, 26)",b'JS_EXPORT_PRIVATE ~VM'
Source,../repos/incubator-weex/weex_core/Source/include/JavaScriptCore/runtime/VM.h,"(428, 9)-(428, 33)",b'~DeletePropertyModeScope()'
Source,../repos/incubator-weex/weex_core/Source/include/JavaScriptCore/runtime/SamplingCounter.h,"(158, 5)-(158, 30)",b'~DeletableSamplingCounter()'
Source,../repos/incubator-weex/weex_core/Source/include/JavaScriptCore/runtime/JSGlobalObject.h,"(455, 23)-(455, 38)",b'JS_EXPORT_PRIVATE ~JSGlobalObject'
Source,../repos/incubator-weex/weex_core/Source/include/JavaScriptCore/runtime/JSLock.h,"(62, 23)-(62, 36)",b'JS_EXPORT_PRIVATE ~GlobalJSLock'
Source,../repos/incubator-weex/weex_core/Source/include/JavaScriptCore/runtime/JSLock.h,"(73, 23)-(73, 36)",b'JS_EXPORT_PRIVATE ~JSLockHolder'
Source,../repos/incubator-weex/weex_core/Source/include/JavaScriptCore/runtime/JSLock.h,"(84, 23)-(84, 30)",b'JS_EXPORT_PRIVATE ~JSLock'
Source,../repos/incubator-weex/weex_core/Source/include/JavaScriptCore/runtime/JSLock.h,"(112, 27)-(112, 40)",b'JS_EXPORT_PRIVATE ~DropAllLocks'
Source,../repos/incubator-weex/weex_core/Source/include/JavaScriptCore/runtime/StructureTransitionTable.h,"(170, 5)-(170, 30)",b'~StructureTransitionTable()'
Source,../repos/incubator-weex/weex_core/Source/include/JavaScriptCore/runtime/WeakGCMap.h,"(49, 5)-(49, 15)",b'~WeakGCMap()'
Source,../repos/incubator-weex/weex_core/Source/include/JavaScriptCore/runtime/ArrayBufferView.h,"(92, 31)-(92, 47)",b'~ArrayBufferView()'
Source,../repos/incubator-weex/weex_core/Source/include/JavaScriptCore/runtime/TypeProfilerLog.h,"(62, 5)-(62, 21)",b'~TypeProfilerLog()'
Source,../repos/incubator-weex/weex_core/Source/include/JavaScriptCore/runtime/TemplateRegistryKey.h,"(67, 5)-(67, 25)",b'~TemplateRegistryKey()'
Source,../repos/incubator-weex/weex_core/Source/include/JavaScriptCore/runtime/ScriptFetcher.h,"(34, 13)-(34, 27)",b'~ScriptFetcher()'
Source,../repos/incubator-weex/weex_core/Source/include/JavaScriptCore/runtime/FunctionRareData.h,"(102, 5)-(102, 22)",b'~FunctionRareData()'
Source,../repos/incubator-weex/weex_core/Source/include/JavaScriptCore/runtime/InferredValue.h,"(107, 17)-(107, 30)",b'~ValueCleanup()'
Source,../repos/incubator-weex/weex_core/Source/include/JavaScriptCore/runtime/InferredValue.h,"(118, 5)-(118, 19)",b'~InferredValue()'
Source,../repos/incubator-weex/weex_core/Source/include/JavaScriptCore/runtime/CatchScope.h,"(45, 23)-(45, 34)",b'JS_EXPORT_PRIVATE ~CatchScope'
Source,../repos/incubator-weex/weex_core/Source/include/JavaScriptCore/runtime/SmallStrings.h,"(62, 5)-(62, 18)",b'~SmallStrings()'
Source,../repos/incubator-weex/weex_core/Source/include/JavaScriptCore/runtime/Structure.h,"(137, 5)-(137, 15)",b'~Structure()'
Source,../repos/incubator-weex/weex_core/Source/include/JavaScriptCore/runtime/InferredTypeTable.h,"(82, 5)-(82, 23)",b'~InferredTypeTable()'
Source,../repos/incubator-weex/weex_core/Source/include/JavaScriptCore/runtime/ControlFlowProfiler.h,"(96, 5)-(96, 25)",b'~ControlFlowProfiler()'
Source,../repos/incubator-weex/weex_core/Source/include/JavaScriptCore/runtime/SymbolTable.h,"(181, 5)-(181, 22)",b'~SymbolTableEntry()'
Source,../repos/incubator-weex/weex_core/Source/include/JavaScriptCore/runtime/SymbolTable.h,"(693, 5)-(693, 17)",b'~SymbolTable()'
Source,../repos/incubator-weex/weex_core/Source/include/JavaScriptCore/runtime/SimpleTypedArrayController.h,"(52, 13)-(52, 40)",b'~SimpleTypedArrayController()'
Source,../repos/incubator-weex/weex_core/Source/include/JavaScriptCore/runtime/TemplateRegistryKeyTable.h,"(47, 5)-(47, 30)",b'~TemplateRegistryKeyTable()'
Source,../repos/incubator-weex/weex_core/Source/include/JavaScriptCore/runtime/ExceptionScope.h,"(46, 5)-(46, 20)",b'~ExceptionScope()'
Source,../repos/incubator-weex/weex_core/Source/include/JavaScriptCore/runtime/WeakGCMapInlines.h,"(44, 60)-(44, 70)","b'WeakGCMap<KeyArg, ValueArg, HashArg, KeyTrait...'"
Source,../repos/incubator-weex/weex_core/Source/include/JavaScriptCore/runtime/CommonIdentifiers.h,"(393, 9)-(393, 27)",b'~CommonIdentifiers()'
Source,../repos/incubator-weex/weex_core/Source/include/JavaScriptCore/runtime/ThrowScope.h,"(45, 23)-(45, 34)",b'JS_EXPORT_PRIVATE ~ThrowScope'
Source,../repos/incubator-weex/weex_core/Source/include/JavaScriptCore/runtime/ArgList.h,"(51, 5)-(51, 26)",b'~MarkedArgumentBuffer()'
Source,../repos/incubator-weex/weex_core/Source/include/JavaScriptCore/runtime/ArrayBuffer.h,"(47, 5)-(47, 31)",b'~SharedArrayBufferContents()'
Source,../repos/incubator-weex/weex_core/Source/include/JavaScriptCore/runtime/ArrayBuffer.h,"(141, 5)-(141, 17)",b'~ArrayBuffer()'
Source,../repos/incubator-weex/weex_core/Source/include/JavaScriptCore/runtime/VMEntryScope.h,"(40, 23)-(40, 36)",b'JS_EXPORT_PRIVATE ~VMEntryScope'
Source,../repos/incubator-weex/weex_core/Source/include/JavaScriptCore/runtime/JSStringJoiner.h,"(37, 5)-(37, 20)",b'~JSStringJoiner()'
Source,../repos/incubator-weex/weex_core/Source/include/JavaScriptCore/runtime/PropertyMapHashTable.h,"(150, 5)-(150, 19)",b'~PropertyTable()'
Source,../repos/incubator-weex/weex_core/Source/include/JavaScriptCore/runtime/Microtask.h,"(36, 13)-(36, 23)",b'~Microtask()'
Source,../repos/incubator-weex/weex_core/Source/include/JavaScriptCore/runtime/HasOwnPropertyCache.h,"(132, 30)-(132, 36)",b'buffer[i].Entry::~Entry'
Source,../repos/incubator-weex/weex_core/Source/include/JavaScriptCore/runtime/ScopedArgumentsTable.h,"(47, 5)-(47, 26)",b'~ScopedArgumentsTable()'
Source,../repos/incubator-weex/weex_core/Source/include/JavaScriptCore/runtime/StringRecursionChecker.h,"(33, 5)-(33, 28)",b'~StringRecursionChecker()'
Source,../repos/incubator-weex/weex_core/Source/include/JavaScriptCore/runtime/StringRecursionChecker.h,"(80, 32)-(80, 55)",b'StringRecursionChecker::~StringRecursionChecker'
Source,../repos/incubator-weex/weex_core/Source/include/JavaScriptCore/runtime/SamplingProfiler.h,"(161, 5)-(161, 22)",b'~SamplingProfiler()'
Source,../repos/incubator-weex/weex_core/Source/include/JavaScriptCore/runtime/JSGlobalObjectDebuggable.h,"(48, 5)-(48, 30)",b'~JSGlobalObjectDebuggable()'
Source,../repos/incubator-weex/weex_core/Source/include/JavaScriptCore/heap/SweepingScope.h,"(41, 5)-(41, 19)",b'~SweepingScope()'
Source,../repos/incubator-weex/weex_core/Source/include/JavaScriptCore/heap/SynchronousStopTheWorldMutatorScheduler.h,"(41, 5)-(41, 45)",b'~SynchronousStopTheWorldMutatorScheduler()'
Source,../repos/incubator-weex/weex_core/Source/include/JavaScriptCore/heap/CollectingScope.h,"(41, 5)-(41, 21)",b'~CollectingScope()'
Source,../repos/incubator-weex/weex_core/Source/include/JavaScriptCore/heap/RunningScope.h,"(41, 5)-(41, 18)",b'~RunningScope()'
Source,../repos/incubator-weex/weex_core/Source/include/JavaScriptCore/heap/UnconditionalFinalizer.h,"(42, 13)-(42, 36)",b'~UnconditionalFinalizer()'
Source,../repos/incubator-weex/weex_core/Source/include/JavaScriptCore/heap/GCSegmentedArray.h,"(72, 5)-(72, 22)",b'~GCSegmentedArray()'
Source,../repos/incubator-weex/weex_core/Source/include/JavaScriptCore/heap/GCSegmentedArrayInlines.h,"(42, 22)-(42, 39)",b'GCSegmentedArray<T>::~GCSegmentedArray'
Source,../repos/incubator-weex/weex_core/Source/include/JavaScriptCore/heap/GCSegmentedArrayInlines.h,"(135, 14)-(135, 29)",b'segment->~GCArraySegment'
Source,../repos/incubator-weex/weex_core/Source/include/JavaScriptCore/heap/HandleSet.h,"(69, 5)-(69, 15)",b'~HandleSet()'
Source,../repos/incubator-weex/weex_core/Source/include/JavaScriptCore/heap/MarkingConstraintSet.h,"(37, 5)-(37, 26)",b'~MarkingConstraintSet()'
Source,../repos/incubator-weex/weex_core/Source/include/JavaScriptCore/heap/ListableHandler.h,"(49, 13)-(49, 29)",b'~ListableHandler()'
Source,../repos/incubator-weex/weex_core/Source/include/JavaScriptCore/heap/HandleBlockInlines.h,"(40, 12)-(40, 24)",b'block->~HandleBlock'
Source,../repos/incubator-weex/weex_core/Source/include/JavaScriptCore/heap/HeapSnapshot.h,"(38, 5)-(38, 18)",b'~HeapSnapshot()'
Source,../repos/incubator-weex/weex_core/Source/include/JavaScriptCore/heap/ReleaseHeapAccessScope.h,"(48, 5)-(48, 28)",b'~ReleaseHeapAccessScope()'
Source,../repos/incubator-weex/weex_core/Source/include/JavaScriptCore/heap/JITStubRoutineSet.h,"(46, 5)-(46, 23)",b'~JITStubRoutineSet()'
Source,../repos/incubator-weex/weex_core/Source/include/JavaScriptCore/heap/JITStubRoutineSet.h,"(83, 5)-(83, 23)",b'~JITStubRoutineSet()'
Source,../repos/incubator-weex/weex_core/Source/include/JavaScriptCore/heap/AllocatingScope.h,"(41, 5)-(41, 21)",b'~AllocatingScope()'
Source,../repos/incubator-weex/weex_core/Source/include/JavaScriptCore/heap/LargeAllocation.h,"(44, 5)-(44, 21)",b'~LargeAllocation()'
Source,../repos/incubator-weex/weex_core/Source/include/JavaScriptCore/heap/StochasticSpaceTimeMutatorScheduler.h,"(45, 5)-(45, 41)",b'~StochasticSpaceTimeMutatorScheduler()'
Source,../repos/incubator-weex/weex_core/Source/include/JavaScriptCore/heap/Subspace.h,"(48, 31)-(48, 40)",b'~Subspace()'
Source,../repos/incubator-weex/weex_core/Source/include/JavaScriptCore/heap/CodeBlockSet.h,"(52, 5)-(52, 18)",b'~CodeBlockSet()'
Source,../repos/incubator-weex/weex_core/Source/include/JavaScriptCore/heap/HeapProfiler.h,"(40, 5)-(40, 18)",b'~HeapProfiler()'
Source,../repos/incubator-weex/weex_core/Source/include/JavaScriptCore/heap/GCDeferralContext.h,"(38, 12)-(38, 30)",b'~GCDeferralContext()'
Source,../repos/incubator-weex/weex_core/Source/include/JavaScriptCore/heap/WeakSet.h,"(45, 5)-(45, 13)",b'~WeakSet()'
Source,../repos/incubator-weex/weex_core/Source/include/JavaScriptCore/heap/HeapObserver.h,"(34, 13)-(34, 26)",b'~HeapObserver()'
Source,../repos/incubator-weex/weex_core/Source/include/JavaScriptCore/heap/ConservativeRoots.h,"(39, 5)-(39, 23)",b'~ConservativeRoots()'
Source,../repos/incubator-weex/weex_core/Source/include/JavaScriptCore/heap/MutatorScheduler.h,"(45, 13)-(45, 30)",b'~MutatorScheduler()'
Source,../repos/incubator-weex/weex_core/Source/include/JavaScriptCore/heap/WeakReferenceHarvester.h,"(37, 13)-(37, 36)",b'~WeakReferenceHarvester()'
Source,../repos/incubator-weex/weex_core/Source/include/JavaScriptCore/heap/WriteBarrierBuffer.h,"(38, 5)-(38, 24)",b'~WriteBarrierBuffer()'
Source,../repos/incubator-weex/weex_core/Source/include/JavaScriptCore/heap/GCIncomingRefCounted.h,"(49, 5)-(49, 26)",b'~GCIncomingRefCounted()'
Source,../repos/incubator-weex/weex_core/Source/include/JavaScriptCore/heap/SlotVisitor.h,"(60, 5)-(60, 17)",b'~SlotVisitor()'
Source,../repos/incubator-weex/weex_core/Source/include/JavaScriptCore/heap/SlotVisitor.h,"(254, 5)-(254, 25)",b'~ParallelModeEnabler()'
Source,../repos/incubator-weex/weex_core/Source/include/JavaScriptCore/heap/HeapIterationScope.h,"(37, 5)-(37, 24)",b'~HeapIterationScope()'
Source,../repos/incubator-weex/weex_core/Source/include/JavaScriptCore/heap/HeapIterationScope.h,"(49, 28)-(49, 47)",b'HeapIterationScope::~HeapIterationScope'
Source,../repos/incubator-weex/weex_core/Source/include/JavaScriptCore/heap/Strong.h,"(79, 5)-(79, 12)",b'~Strong()'
Source,../repos/incubator-weex/weex_core/Source/include/JavaScriptCore/heap/Heap.h,"(133, 5)-(133, 10)",b'~Heap()'
Source,../repos/incubator-weex/weex_core/Source/include/JavaScriptCore/heap/LocalScope.h,"(44, 5)-(44, 16)",b'~LocalScope()'
Source,../repos/incubator-weex/weex_core/Source/include/JavaScriptCore/heap/LocalScope.h,"(59, 20)-(59, 31)",b'LocalScope::~LocalScope'
Source,../repos/incubator-weex/weex_core/Source/include/JavaScriptCore/heap/DeferGC.h,"(43, 5)-(43, 13)",b'~DeferGC()'
Source,../repos/incubator-weex/weex_core/Source/include/JavaScriptCore/heap/DeferGC.h,"(61, 5)-(61, 22)",b'~DeferGCForAWhile()'
Source,../repos/incubator-weex/weex_core/Source/include/JavaScriptCore/heap/DeferGC.h,"(80, 5)-(80, 16)",b'~DisallowGC()'
Source,../repos/incubator-weex/weex_core/Source/include/JavaScriptCore/heap/PreventCollectionScope.h,"(40, 5)-(40, 28)",b'~PreventCollectionScope()'
Source,../repos/incubator-weex/weex_core/Source/include/JavaScriptCore/heap/HeapTimer.h,"(58, 31)-(58, 41)",b'~HeapTimer()'
Source,../repos/incubator-weex/weex_core/Source/include/JavaScriptCore/heap/MachineStackMarker.h,"(61, 5)-(61, 20)",b'~MachineThreads()'
Source,../repos/incubator-weex/weex_core/Source/include/JavaScriptCore/heap/MachineStackMarker.h,"(72, 9)-(72, 16)",b'~Thread()'
Source,../repos/incubator-weex/weex_core/Source/include/JavaScriptCore/heap/MarkedSpace.h,"(91, 5)-(91, 17)",b'~MarkedSpace()'
Source,../repos/incubator-weex/weex_core/Source/include/JavaScriptCore/heap/HeapSnapshotBuilder.h,"(105, 5)-(105, 25)",b'~HeapSnapshotBuilder()'
Source,../repos/incubator-weex/weex_core/Source/include/JavaScriptCore/heap/MarkedBlock.h,"(103, 9)-(103, 16)",b'~Handle()'
Source,../repos/incubator-weex/weex_core/Source/include/JavaScriptCore/heap/SpaceTimeMutatorScheduler.h,"(44, 5)-(44, 31)",b'~SpaceTimeMutatorScheduler()'
Source,../repos/incubator-weex/weex_core/Source/include/JavaScriptCore/heap/GCDeferralContextInlines.h,"(38, 34)-(38, 52)",b'GCDeferralContext::~GCDeferralContext'
Source,../repos/incubator-weex/weex_core/Source/include/JavaScriptCore/heap/HelpingGCScope.h,"(41, 5)-(41, 20)",b'~HelpingGCScope()'
Source,../repos/incubator-weex/weex_core/Source/include/JavaScriptCore/heap/Weak.h,"(63, 5)-(63, 10)",b'~Weak()'
Source,../repos/incubator-weex/weex_core/Source/include/JavaScriptCore/yarr/RegularExpression.h,"(41, 5)-(41, 23)",b'~RegularExpression()'
Source,../repos/incubator-weex/weex_core/Source/include/JavaScriptCore/yarr/YarrJIT.h,"(68, 5)-(68, 19)",b'~YarrCodeBlock()'
Source,../repos/incubator-weex/weex_core/Source/include/JavaScriptCore/inspector/ScriptArguments.h,"(55, 5)-(55, 21)",b'~ScriptArguments()'
Source,../repos/incubator-weex/weex_core/Source/include/JavaScriptCore/profiler/ProfilerCompilation.h,"(57, 5)-(57, 17)",b'~Compilation()'
Source,../repos/incubator-weex/weex_core/Source/include/JavaScriptCore/profiler/ProfilerOriginStack.h,"(53, 5)-(53, 17)",b'~OriginStack()'
Source,../repos/incubator-weex/weex_core/Source/include/JavaScriptCore/profiler/ProfilerProfiledBytecodes.h,"(37, 5)-(37, 23)",b'~ProfiledBytecodes()'
Source,../repos/incubator-weex/weex_core/Source/include/JavaScriptCore/profiler/ProfilerBytecodeSequence.h,"(44, 5)-(44, 22)",b'~BytecodeSequence()'
Source,../repos/incubator-weex/weex_core/Source/include/JavaScriptCore/profiler/ProfilerDatabase.h,"(47, 23)-(47, 32)",b'JS_EXPORT_PRIVATE ~Database'
Source,../repos/incubator-weex/weex_core/Source/include/JavaScriptCore/profiler/ProfilerBytecodes.h,"(39, 5)-(39, 15)",b'~Bytecodes()'
Source,../repos/incubator-weex/weex_core/Source/include/JavaScriptCore/profiler/ProfilerCompiledBytecode.h,"(39, 5)-(39, 22)",b'~CompiledBytecode()'
Source,../repos/incubator-weex/weex_core/Source/include/JavaScriptCore/profiler/ProfilerOSRExit.h,"(37, 5)-(37, 13)",b'~OSRExit()'
Source,../repos/incubator-weex/weex_core/Source/include/JavaScriptCore/domjit/DOMJITPatchpointParams.h,"(41, 13)-(41, 30)",b'~PatchpointParams()'
Source,../repos/incubator-weex/weex_core/Source/include/JavaScriptCore/domjit/DOMJITGetterSetter.h,"(48, 13)-(48, 26)",b'~GetterSetter()'
Source,../repos/incubator-weex/weex_core/Source/include/JavaScriptCore/parser/Nodes.h,"(113, 17)-(113, 38)",b'~ParserArenaDeletable()'
Source,../repos/incubator-weex/weex_core/Source/include/JavaScriptCore/parser/Nodes.h,"(127, 17)-(127, 33)",b'~ParserArenaRoot()'
Source,../repos/incubator-weex/weex_core/Source/include/JavaScriptCore/parser/Nodes.h,"(138, 17)-(138, 22)",b'~Node()'
Source,../repos/incubator-weex/weex_core/Source/include/JavaScriptCore/parser/Nodes.h,"(2071, 17)-(2071, 42)",b'~DestructuringPatternNode()'
Source,../repos/incubator-weex/weex_core/Source/include/JavaScriptCore/parser/SyntaxChecker.h,"(43, 9)-(43, 27)",b'~BinaryExprContext()'
Source,../repos/incubator-weex/weex_core/Source/include/JavaScriptCore/parser/SyntaxChecker.h,"(58, 9)-(58, 26)",b'~UnaryExprContext()'
Source,../repos/incubator-weex/weex_core/Source/include/JavaScriptCore/parser/Lexer.h,"(53, 5)-(53, 11)",b'~Lexer()'
Source,../repos/incubator-weex/weex_core/Source/include/JavaScriptCore/parser/SourceProviderCacheItem.h,"(65, 5)-(65, 29)",b'~SourceProviderCacheItem()'
Source,../repos/incubator-weex/weex_core/Source/include/JavaScriptCore/parser/SourceProviderCacheItem.h,"(108, 33)-(108, 57)",b'SourceProviderCacheItem::~SourceProviderCacheItem'
Source,../repos/incubator-weex/weex_core/Source/include/JavaScriptCore/parser/Parser.h,"(871, 5)-(871, 12)",b'~Parser()'
Source,../repos/incubator-weex/weex_core/Source/include/JavaScriptCore/parser/Parser.h,"(887, 9)-(887, 25)",b'~AllowInOverride()'
Source,../repos/incubator-weex/weex_core/Source/include/JavaScriptCore/parser/Parser.h,"(902, 9)-(902, 25)",b'~AutoPopScopeRef()'
Source,../repos/incubator-weex/weex_core/Source/include/JavaScriptCore/parser/Parser.h,"(928, 9)-(928, 33)",b'~AutoCleanupLexicalScope()'
Source,../repos/incubator-weex/weex_core/Source/include/JavaScriptCore/parser/Parser.h,"(973, 9)-(973, 35)",b'~ExpressionErrorClassifier()'
Source,../repos/incubator-weex/weex_core/Source/include/JavaScriptCore/parser/Parser.h,"(1780, 9)-(1780, 22)",b'~DepthManager()'
Source,../repos/incubator-weex/weex_core/Source/include/JavaScriptCore/parser/ParserArena.h,"(132, 9)-(132, 21)",b'~ParserArena()'
Source,../repos/incubator-weex/weex_core/Source/include/JavaScriptCore/parser/SourceProvider.h,"(50, 35)-(50, 50)",b'~SourceProvider()'
Source,../repos/incubator-weex/weex_core/Source/include/JavaScriptCore/bytecode/IntrinsicGetterAccessCase.h,"(49, 5)-(49, 31)",b'~IntrinsicGetterAccessCase()'
Source,../repos/incubator-weex/weex_core/Source/include/JavaScriptCore/bytecode/BytecodeKills.h,"(84, 9)-(84, 17)",b'~KillSet()'
Source,../repos/incubator-weex/weex_core/Source/include/JavaScriptCore/bytecode/StructureStubClearingWatchpoint.h,"(56, 13)-(56, 45)",b'~StructureStubClearingWatchpoint()'
Source,../repos/incubator-weex/weex_core/Source/include/JavaScriptCore/bytecode/StructureStubClearingWatchpoint.h,"(82, 5)-(82, 36)",b'~WatchpointsOnStructureStubInfo()'
Source,../repos/incubator-weex/weex_core/Source/include/JavaScriptCore/bytecode/GetterSetterAccessCase.h,"(65, 5)-(65, 28)",b'~GetterSetterAccessCase()'
Source,../repos/incubator-weex/weex_core/Source/include/JavaScriptCore/bytecode/GetByIdVariant.h,"(52, 5)-(52, 20)",b'~GetByIdVariant()'
Source,../repos/incubator-weex/weex_core/Source/include/JavaScriptCore/bytecode/CallLinkInfo.h,"(76, 5)-(76, 18)",b'~CallLinkInfo()'
Source,../repos/incubator-weex/weex_core/Source/include/JavaScriptCore/bytecode/PolymorphicAccess.h,"(123, 5)-(123, 23)",b'~PolymorphicAccess()'
Source,../repos/incubator-weex/weex_core/Source/include/JavaScriptCore/bytecode/CodeBlock.h,"(129, 23)-(129, 33)",b'JS_EXPORT_PRIVATE ~CodeBlock'
Source,../repos/incubator-weex/weex_core/Source/include/JavaScriptCore/bytecode/UnlinkedCodeBlock.h,"(403, 5)-(403, 23)",b'~UnlinkedCodeBlock()'
Source,../repos/incubator-weex/weex_core/Source/include/JavaScriptCore/bytecode/LLIntCallLinkInfo.h,"(41, 5)-(41, 23)",b'~LLIntCallLinkInfo()'
Source,../repos/incubator-weex/weex_core/Source/include/JavaScriptCore/bytecode/SuperSampler.h,"(45, 5)-(45, 23)",b'~SuperSamplerScope()'
Source,../repos/incubator-weex/weex_core/Source/include/JavaScriptCore/bytecode/Watchpoint.h,"(45, 13)-(45, 24)",b'~FireDetail()'
Source,../repos/incubator-weex/weex_core/Source/include/JavaScriptCore/bytecode/Watchpoint.h,"(75, 13)-(75, 24)",b'~Watchpoint()'
Source,../repos/incubator-weex/weex_core/Source/include/JavaScriptCore/bytecode/Watchpoint.h,"(101, 23)-(101, 37)",b'JS_EXPORT_PRIVATE ~WatchpointSet'
Source,../repos/incubator-weex/weex_core/Source/include/JavaScriptCore/bytecode/Watchpoint.h,"(244, 5)-(244, 25)",b'~InlineWatchpointSet()'
Source,../repos/incubator-weex/weex_core/Source/include/JavaScriptCore/bytecode/ProxyableAccessCase.h,"(47, 5)-(47, 25)",b'~ProxyableAccessCase()'
Source,../repos/incubator-weex/weex_core/Source/include/JavaScriptCore/bytecode/AccessCase.h,"(186, 13)-(186, 24)",b'~AccessCase()'
Source,../repos/incubator-weex/weex_core/Source/include/JavaScriptCore/bytecode/AdaptiveInferredPropertyValueWatchpointBase.h,"(46, 13)-(46, 57)",b'~AdaptiveInferredPropertyValueWatchpointBase()'
Source,../repos/incubator-weex/weex_core/Source/include/JavaScriptCore/bytecode/Opcode.h,"(115, 5)-(115, 17)",b'~OpcodeStats()'
Source,../repos/incubator-weex/weex_core/Source/include/JavaScriptCore/bytecode/StructureStubInfo.h,"(69, 5)-(69, 23)",b'~StructureStubInfo()'
Source,../repos/incubator-weex/weex_core/Source/include/JavaScriptCore/bytecode/DeferredCompilationCallback.h,"(42, 13)-(42, 41)",b'~DeferredCompilationCallback()'
Source,../repos/incubator-weex/weex_core/Source/include/JavaScriptCore/bytecode/InlineCallFrameSet.h,"(37, 5)-(37, 24)",b'~InlineCallFrameSet()'
Source,../repos/incubator-weex/weex_core/Source/include/JavaScriptCore/bytecode/ModuleNamespaceAccessCase.h,"(52, 5)-(52, 31)",b'~ModuleNamespaceAccessCase()'
Source,../repos/incubator-weex/weex_core/Source/include/JavaScriptCore/bytecode/DFGExitProfile.h,"(155, 5)-(155, 17)",b'~ExitProfile()'
Source,../repos/incubator-weex/weex_core/Source/include/JavaScriptCore/bytecode/DFGExitProfile.h,"(192, 5)-(192, 26)",b'~QueryableExitProfile()'
Source,../repos/incubator-weex/weex_core/Source/include/JavaScriptCore/bytecode/LazyOperandValueProfile.h,"(153, 5)-(153, 45)",b'~CompressedLazyOperandValueProfileHolder()'
Source,../repos/incubator-weex/weex_core/Source/include/JavaScriptCore/bytecode/LazyOperandValueProfile.h,"(169, 5)-(169, 35)",b'~LazyOperandValueProfileParser()'
Source,../repos/incubator-weex/weex_core/Source/include/JavaScriptCore/bytecode/DOMJITAccessCasePatchpointParams.h,"(45, 17)-(45, 39)",b'~SlowPathCallGenerator()'
Source,../repos/incubator-weex/weex_core/Source/include/JavaScriptCore/bytecode/TrackedReferences.h,"(38, 5)-(38, 23)",b'~TrackedReferences()'
Source,../repos/incubator-weex/weex_core/Source/include/JavaScriptCore/jit/JITDisassembler.h,"(47, 5)-(47, 21)",b'~JITDisassembler()'
Source,../repos/incubator-weex/weex_core/Source/include/JavaScriptCore/jit/ScratchRegisterAllocator.h,"(44, 5)-(44, 30)",b'~ScratchRegisterAllocator()'
Source,../repos/incubator-weex/weex_core/Source/include/JavaScriptCore/jit/JITThunks.h,"(53, 13)-(53, 23)",b'~JITThunks()'
Source,../repos/incubator-weex/weex_core/Source/include/JavaScriptCore/jit/ICStats.h,"(173, 5)-(173, 13)",b'~ICStats()'
Source,../repos/incubator-weex/weex_core/Source/include/JavaScriptCore/jit/JITStubRoutine.h,"(65, 13)-(65, 28)",b'~JITStubRoutine()'
Source,../repos/incubator-weex/weex_core/Source/include/JavaScriptCore/jit/ExecutableAllocator.h,"(121, 5)-(121, 25)",b'~ExecutableAllocator()'
Source,../repos/incubator-weex/weex_core/Source/include/JavaScriptCore/jit/CompactJITCodeMap.h,"(90, 5)-(90, 23)",b'~CompactJITCodeMap()'
Source,../repos/incubator-weex/weex_core/Source/include/JavaScriptCore/jit/CompactJITCodeMap.h,"(134, 9)-(134, 17)",b'~Encoder()'
Source,../repos/incubator-weex/weex_core/Source/include/JavaScriptCore/jit/CompactJITCodeMap.h,"(194, 36)-(194, 44)",b'Encoder::~Encoder'
Source,../repos/incubator-weex/weex_core/Source/include/JavaScriptCore/jit/PolymorphicCallStubRoutine.h,"(50, 5)-(50, 25)",b'~PolymorphicCallNode()'
Source,../repos/incubator-weex/weex_core/Source/include/JavaScriptCore/jit/PolymorphicCallStubRoutine.h,"(91, 13)-(91, 40)",b'~PolymorphicCallStubRoutine()'
Source,../repos/incubator-weex/weex_core/Source/include/JavaScriptCore/jit/PCToCodeOriginMap.h,"(84, 5)-(84, 23)",b'~PCToCodeOriginMap()'
Source,../repos/incubator-weex/weex_core/Source/include/JavaScriptCore/jit/JITCode.h,"(161, 13)-(161, 21)",b'~JITCode()'
Source,../repos/incubator-weex/weex_core/Source/include/JavaScriptCore/jit/JITCode.h,"(212, 13)-(212, 32)",b'~JITCodeWithCodeRef()'
Source,../repos/incubator-weex/weex_core/Source/include/JavaScriptCore/jit/JITCode.h,"(228, 13)-(228, 27)",b'~DirectJITCode()'
Source,../repos/incubator-weex/weex_core/Source/include/JavaScriptCore/jit/JITCode.h,"(242, 13)-(242, 27)",b'~NativeJITCode()'
Source,../repos/incubator-weex/weex_core/Source/include/JavaScriptCore/jit/JIT.h,"(195, 9)-(195, 13)",b'~JIT()'
Source,../repos/incubator-weex/weex_core/Source/include/JavaScriptCore/jit/BinarySwitch.h,"(69, 5)-(69, 18)",b'~BinarySwitch()'
Source,../repos/incubator-weex/weex_core/Source/include/JavaScriptCore/jit/JITWorklist.h,"(51, 5)-(51, 17)",b'~JITWorklist()'
Source,../repos/incubator-weex/weex_core/Source/include/JavaScriptCore/jit/JITToDFGDeferredCompilationCallback.h,"(41, 13)-(41, 49)",b'~JITToDFGDeferredCompilationCallback()'
Source,../repos/incubator-weex/weex_core/Source/include/JavaScriptCore/jit/GCAwareJITStubRoutine.h,"(54, 13)-(54, 35)",b'~GCAwareJITStubRoutine()'
Source,../repos/incubator-weex/weex_core/Source/include/JavaScriptCore/jit/GCAwareJITStubRoutine.h,"(81, 13)-(81, 42)",b'~MarkingGCAwareJITStubRoutine()'
Source,../repos/incubator-weex/weex_core/Source/include/JavaScriptCore/dfg/DFGPhase.h,"(44, 5)-(44, 11)",b'~Phase()'
Source,../repos/incubator-weex/weex_core/Source/include/JavaScriptCore/dfg/DFGJITCode.h,"(52, 13)-(52, 21)",b'~JITCode()'
Source,../repos/incubator-weex/weex_core/Source/include/JavaScriptCore/dfg/DFGBlockInsertionSet.h,"(41, 5)-(41, 23)",b'~BlockInsertionSet()'
Source,../repos/incubator-weex/weex_core/Source/include/JavaScriptCore/dfg/DFGDesiredIdentifiers.h,"(44, 5)-(44, 24)",b'~DesiredIdentifiers()'
Source,../repos/incubator-weex/weex_core/Source/include/JavaScriptCore/dfg/DFGInPlaceAbstractState.h,"(43, 5)-(43, 26)",b'~InPlaceAbstractState()'
Source,../repos/incubator-weex/weex_core/Source/include/JavaScriptCore/dfg/DFGFailedFinalizer.h,"(37, 13)-(37, 29)",b'~FailedFinalizer()'
Source,../repos/incubator-weex/weex_core/Source/include/JavaScriptCore/dfg/DFGToFTLForOSREntryDeferredCompilationCallback.h,"(45, 13)-(45, 57)",b'~ToFTLForOSREntryDeferredCompilationCallback()'
Source,../repos/incubator-weex/weex_core/Source/include/JavaScriptCore/dfg/DFGDesiredWatchpoints.h,"(164, 5)-(164, 24)",b'~DesiredWatchpoints()'
Source,../repos/incubator-weex/weex_core/Source/include/JavaScriptCore/dfg/DFGOSRAvailabilityAnalysisPhase.h,"(50, 5)-(50, 36)",b'~LocalOSRAvailabilityCalculator()'
Source,../repos/incubator-weex/weex_core/Source/include/JavaScriptCore/dfg/DFGPlan.h,"(60, 5)-(60, 10)",b'~Plan()'
Source,../repos/incubator-weex/weex_core/Source/include/JavaScriptCore/dfg/DFGAtTailAbstractState.h,"(42, 5)-(42, 25)",b'~AtTailAbstractState()'
Source,../repos/incubator-weex/weex_core/Source/include/JavaScriptCore/dfg/DFGGraphSafepoint.h,"(39, 5)-(39, 20)",b'~GraphSafepoint()'
Source,../repos/incubator-weex/weex_core/Source/include/JavaScriptCore/dfg/DFGBasicBlock.h,"(54, 5)-(54, 16)",b'~BasicBlock()'
Source,../repos/incubator-weex/weex_core/Source/include/JavaScriptCore/dfg/DFGBasicBlock.h,"(258, 9)-(258, 17)",b'~SSAData()'
Source,../repos/incubator-weex/weex_core/Source/include/JavaScriptCore/dfg/DFGLongLivedState.h,"(40, 5)-(40, 20)",b'~LongLivedState()'
Source,../repos/incubator-weex/weex_core/Source/include/JavaScriptCore/dfg/DFGScoreBoard.h,"(51, 5)-(51, 16)",b'~ScoreBoard()'
Source,../repos/incubator-weex/weex_core/Source/include/JavaScriptCore/dfg/DFGClobberSet.h,"(49, 5)-(49, 16)",b'~ClobberSet()'
Source,../repos/incubator-weex/weex_core/Source/include/JavaScriptCore/dfg/DFGJITCompiler.h,"(110, 5)-(110, 17)",b'~JITCompiler()'
Source,../repos/incubator-weex/weex_core/Source/include/JavaScriptCore/dfg/DFGAllocator.h,"(46, 5)-(46, 15)",b'~Allocator()'
Source,../repos/incubator-weex/weex_core/Source/include/JavaScriptCore/dfg/DFGAllocator.h,"(94, 22)-(94, 32)",b'Allocator<T>::~Allocator'
Source,../repos/incubator-weex/weex_core/Source/include/JavaScriptCore/dfg/DFGAllocator.h,"(111, 13)-(111, 15)",b'object->~T'
Source,../repos/incubator-weex/weex_core/Source/include/JavaScriptCore/dfg/DFGFlowIndexing.h,"(41, 5)-(41, 18)",b'~FlowIndexing()'
Source,../repos/incubator-weex/weex_core/Source/include/JavaScriptCore/dfg/DFGDesiredTransitions.h,"(62, 5)-(62, 24)",b'~DesiredTransitions()'
Source,../repos/incubator-weex/weex_core/Source/include/JavaScriptCore/dfg/DFGToFTLDeferredCompilationCallback.h,"(44, 13)-(44, 46)",b'~ToFTLDeferredCompilationCallback()'
Source,../repos/incubator-weex/weex_core/Source/include/JavaScriptCore/dfg/DFGThreadData.h,"(42, 5)-(42, 16)",b'~ThreadData()'
Source,../repos/incubator-weex/weex_core/Source/include/JavaScriptCore/dfg/DFGJITFinalizer.h,"(40, 13)-(40, 26)",b'~JITFinalizer()'
Source,../repos/incubator-weex/weex_core/Source/include/JavaScriptCore/dfg/DFGDesiredWeakReferences.h,"(48, 5)-(48, 27)",b'~DesiredWeakReferences()'
Source,../repos/incubator-weex/weex_core/Source/include/JavaScriptCore/dfg/DFGAbstractInterpreter.h,"(43, 5)-(43, 25)",b'~AbstractInterpreter()'
Source,../repos/incubator-weex/weex_core/Source/include/JavaScriptCore/dfg/DFGPhiChildren.h,"(45, 5)-(45, 17)",b'~PhiChildren()'
Source,../repos/incubator-weex/weex_core/Source/include/JavaScriptCore/dfg/DFGSpeculativeJIT.h,"(112, 5)-(112, 20)",b'~SpeculativeJIT()'
Source,../repos/incubator-weex/weex_core/Source/include/JavaScriptCore/dfg/DFGSpeculativeJIT.h,"(3119, 5)-(3119, 20)",b'~JSValueOperand()'
Source,../repos/incubator-weex/weex_core/Source/include/JavaScriptCore/dfg/DFGSpeculativeJIT.h,"(3235, 5)-(3235, 20)",b'~StorageOperand()'
Source,../repos/incubator-weex/weex_core/Source/include/JavaScriptCore/dfg/DFGSpeculativeJIT.h,"(3335, 5)-(3335, 18)",b'~GPRTemporary()'
Source,../repos/incubator-weex/weex_core/Source/include/JavaScriptCore/dfg/DFGSpeculativeJIT.h,"(3358, 5)-(3358, 26)",b'~JSValueRegsTemporary()'
Source,../repos/incubator-weex/weex_core/Source/include/JavaScriptCore/dfg/DFGSpeculativeJIT.h,"(3382, 5)-(3382, 18)",b'~FPRTemporary()'
Source,../repos/incubator-weex/weex_core/Source/include/JavaScriptCore/dfg/DFGSpeculativeJIT.h,"(3472, 5)-(3472, 27)",b'~SpeculateInt32Operand()'
Source,../repos/incubator-weex/weex_core/Source/include/JavaScriptCore/dfg/DFGSpeculativeJIT.h,"(3527, 5)-(3527, 33)",b'~SpeculateStrictInt32Operand()'
Source,../repos/incubator-weex/weex_core/Source/include/JavaScriptCore/dfg/DFGSpeculativeJIT.h,"(3574, 5)-(3574, 27)",b'~SpeculateInt52Operand()'
Source,../repos/incubator-weex/weex_core/Source/include/JavaScriptCore/dfg/DFGSpeculativeJIT.h,"(3621, 5)-(3621, 33)",b'~SpeculateStrictInt52Operand()'
Source,../repos/incubator-weex/weex_core/Source/include/JavaScriptCore/dfg/DFGSpeculativeJIT.h,"(3692, 5)-(3692, 36)",b'~SpeculateWhicheverInt52Operand()'
Source,../repos/incubator-weex/weex_core/Source/include/JavaScriptCore/dfg/DFGSpeculativeJIT.h,"(3747, 5)-(3747, 28)",b'~SpeculateDoubleOperand()'
Source,../repos/incubator-weex/weex_core/Source/include/JavaScriptCore/dfg/DFGSpeculativeJIT.h,"(3808, 5)-(3808, 26)",b'~SpeculateCellOperand()'
Source,../repos/incubator-weex/weex_core/Source/include/JavaScriptCore/dfg/DFGSpeculativeJIT.h,"(3859, 5)-(3859, 29)",b'~SpeculateBooleanOperand()'
Source,../repos/incubator-weex/weex_core/Source/include/JavaScriptCore/dfg/DFGPrePostNumbering.h,"(48, 5)-(48, 22)",b'~PrePostNumbering()'
Source,../repos/incubator-weex/weex_core/Source/include/JavaScriptCore/dfg/DFGGraph.h,"(130, 5)-(130, 11)",b'~Graph()'
Source,../repos/incubator-weex/weex_core/Source/include/JavaScriptCore/dfg/DFGScannable.h,"(39, 13)-(39, 23)",b'~Scannable()'
Source,../repos/incubator-weex/weex_core/Source/include/JavaScriptCore/dfg/DFGFinalizer.h,"(44, 13)-(44, 23)",b'~Finalizer()'
Source,../repos/incubator-weex/weex_core/Source/include/JavaScriptCore/dfg/DFGWorklist.h,"(49, 5)-(49, 14)",b'~Worklist()'
Source,../repos/incubator-weex/weex_core/Source/include/JavaScriptCore/dfg/DFGNaturalLoops.h,"(97, 5)-(97, 18)",b'~NaturalLoops()'
Source,../repos/incubator-weex/weex_core/Source/include/JavaScriptCore/dfg/DFGSlowPathGenerator.h,"(46, 13)-(46, 31)",b'~SlowPathGenerator()'
Source,../repos/incubator-weex/weex_core/Source/include/JavaScriptCore/dfg/DFGAbstractInterpreterInlines.h,"(57, 41)-(57, 61)",b'AbstractInterpreter<AbstractStateType>::~Abst...'
Source,../repos/incubator-weex/weex_core/Source/include/JavaScriptCore/dfg/DFGSSACalculator.h,"(105, 5)-(105, 19)",b'~SSACalculator()'
Source,../repos/incubator-weex/weex_core/Source/include/JavaScriptCore/dfg/DFGSafepoint.h,"(52, 9)-(52, 16)",b'~Result()'
Source,../repos/incubator-weex/weex_core/Source/include/JavaScriptCore/dfg/DFGSafepoint.h,"(64, 5)-(64, 15)",b'~Safepoint()'
Source,../repos/incubator-weex/weex_core/Source/include/JavaScriptCore/API/JSCallbackObjectFunctions.h,"(76, 27)-(76, 44)",b'JSCallbackObject<Parent>::~JSCallbackObject'
Source,../repos/incubator-weex/weex_core/Source/include/JavaScriptCore/API/JSRetainPtr.h,"(50, 5)-(50, 17)",b'~JSRetainPtr()'
Source,../repos/incubator-weex/weex_core/Source/include/JavaScriptCore/API/JSRetainPtr.h,"(99, 45)-(99, 57)",b'JSRetainPtr<T>::~JSRetainPtr'
Source,../repos/incubator-weex/weex_core/Source/include/JavaScriptCore/API/JSWeakObjectMapRefInternal.h,"(51, 5)-(51, 27)",b'~OpaqueJSWeakObjectMap()'
Source,../repos/incubator-weex/weex_core/Source/include/JavaScriptCore/API/JSClassRef.h,"(90, 23)-(90, 37)",b'JS_EXPORT_PRIVATE ~OpaqueJSClass'
Source,../repos/incubator-weex/weex_core/Source/include/JavaScriptCore/API/JSContextInternal.h,"(49, 5)-(49, 20)",b'~WeakContextRef()'
Source,../repos/incubator-weex/weex_core/Source/include/JavaScriptCore/API/ObjcRuntimeExtras.h,"(124, 5)-(124, 17)",b'~StringRange()'
Source,../repos/incubator-weex/weex_core/Source/include/JavaScriptCore/API/ObjcRuntimeExtras.h,"(144, 5)-(144, 18)",b'~StructBuffer()'
Source,../repos/incubator-weex/weex_core/Source/include/JavaScriptCore/API/OpaqueJSString.h,"(56, 23)-(56, 38)",b'JS_EXPORT_PRIVATE ~OpaqueJSString'
Source,../repos/incubator-weex/weex_core/Source/include/JavaScriptCore/API/JSCallbackObject.h,"(46, 5)-(46, 26)",b'~JSCallbackObjectData()'
Source,../repos/incubator-weex/weex_core/Source/include/JavaScriptCore/API/JSCallbackObject.h,"(137, 5)-(137, 22)",b'~JSCallbackObject()'
Source,../repos/incubator-weex/weex_core/Source/include/JavaScriptCore/API/JSCallbackConstructor.h,"(46, 5)-(46, 27)",b'~JSCallbackConstructor()'
Source,../repos/incubator-weex/weex_core/Source/include/wtf/SegmentedVector.h,"(45, 9)-(45, 33)",b'~SegmentedVectorIterator()'
Source,../repos/incubator-weex/weex_core/Source/include/wtf/SegmentedVector.h,"(101, 9)-(101, 25)",b'~SegmentedVector()'
Source,../repos/incubator-weex/weex_core/Source/include/wtf/SegmentedVector.h,"(177, 20)-(177, 22)",b'last().~T'
Source,../repos/incubator-weex/weex_core/Source/include/wtf/SegmentedVector.h,"(228, 23)-(228, 25)",b'at(i).~T'
Source,../repos/incubator-weex/weex_core/Source/include/wtf/ThreadingPrimitives.h,"(77, 24)-(77, 30)",b'WTF_EXPORT_PRIVATE ~Mutex'
Source,../repos/incubator-weex/weex_core/Source/include/wtf/ThreadingPrimitives.h,"(95, 24)-(95, 40)",b'WTF_EXPORT_PRIVATE ~ThreadCondition'
Source,../repos/incubator-weex/weex_core/Source/include/wtf/Ref.h,"(52, 5)-(52, 9)",b'~Ref()'
Source,../repos/incubator-weex/weex_core/Source/include/wtf/SystemTracing.h,"(105, 5)-(105, 16)",b'~TraceScope()'
Source,../repos/incubator-weex/weex_core/Source/include/wtf/WorkQueue.h,"(67, 13)-(67, 23)",b'~WorkQueue()'
Source,../repos/incubator-weex/weex_core/Source/include/wtf/icu/unicode/unistr.h,"(3135, 11)-(3135, 25)",b'~UnicodeString()'
Source,../repos/incubator-weex/weex_core/Source/include/wtf/icu/unicode/bytestream.h,"(59, 11)-(59, 20)",b'~ByteSink()'
Source,../repos/incubator-weex/weex_core/Source/include/wtf/icu/unicode/bytestream.h,"(156, 11)-(156, 32)",b'~CheckedArrayByteSink()'
Source,../repos/incubator-weex/weex_core/Source/include/wtf/icu/unicode/localpointer.h,"(77, 5)-(77, 22)",b'~LocalPointerBase()'
Source,../repos/incubator-weex/weex_core/Source/include/wtf/icu/unicode/localpointer.h,"(198, 5)-(198, 18)",b'~LocalPointer()'
Source,../repos/incubator-weex/weex_core/Source/include/wtf/icu/unicode/localpointer.h,"(244, 5)-(244, 16)",b'~LocalArray()'
Source,../repos/incubator-weex/weex_core/Source/include/wtf/FilePrintStream.h,"(42, 13)-(42, 29)",b'~FilePrintStream()'
Source,../repos/incubator-weex/weex_core/Source/include/wtf/WTFThreadData.h,"(50, 24)-(50, 38)",b'WTF_EXPORT_PRIVATE ~WTFThreadData'
Source,../repos/incubator-weex/weex_core/Source/include/wtf/Locker.h,"(65, 5)-(65, 12)",b'~Locker()'
Source,../repos/incubator-weex/weex_core/Source/include/wtf/Optional.h,"(318, 3)-(318, 13)",b'~storage_t()'
Source,../repos/incubator-weex/weex_core/Source/include/wtf/Optional.h,"(333, 5)-(333, 25)",b'~constexpr_storage_t()'
Source,../repos/incubator-weex/weex_core/Source/include/wtf/Optional.h,"(356, 5)-(356, 19)",b'~optional_base()'
Source,../repos/incubator-weex/weex_core/Source/include/wtf/Optional.h,"(379, 5)-(379, 29)",b'~constexpr_optional_base()'
Source,../repos/incubator-weex/weex_core/Source/include/wtf/Optional.h,"(475, 3)-(475, 12)",b'~optional()'
Source,../repos/incubator-weex/weex_core/Source/include/wtf/Optional.h,"(680, 3)-(680, 12)",b'~optional()'
Source,../repos/incubator-weex/weex_core/Source/include/wtf/PassRefPtr.h,"(56, 23)-(56, 34)",b'ALWAYS_INLINE ~PassRefPtr'
Source,../repos/incubator-weex/weex_core/Source/include/wtf/HashTable.h,"(146, 9)-(146, 32)",b'~HashTableConstIterator()'
Source,../repos/incubator-weex/weex_core/Source/include/wtf/HashTable.h,"(357, 9)-(357, 19)",b'~HashTable()'
Source,../repos/incubator-weex/weex_core/Source/include/wtf/HashTable.h,"(997, 19)-(997, 25)",b'newEntry->~Value'
Source,../repos/incubator-weex/weex_core/Source/include/wtf/HashTable.h,"(1157, 26)-(1157, 36)",b'table[i].~ValueType'
Source,../repos/incubator-weex/weex_core/Source/include/wtf/HashTable.h,"(1207, 29)-(1207, 39)",b'oldTable[i].~ValueType'
Source,../repos/incubator-weex/weex_core/Source/include/wtf/HashTable.h,"(1212, 25)-(1212, 35)",b'oldTable[i].~ValueType'
Source,../repos/incubator-weex/weex_core/Source/include/wtf/RefPtr.h,"(62, 19)-(62, 26)",b'ALWAYS_INLINE ~RefPtr'
Source,../repos/incubator-weex/weex_core/Source/include/wtf/Function.h,"(73, 17)-(73, 37)",b'~CallableWrapperBase()'
Source,../repos/incubator-weex/weex_core/Source/include/wtf/HashTraits.h,"(236, 11)-(236, 13)",b'value.~T'
Source,../repos/incubator-weex/weex_core/Source/include/wtf/HashTraits.h,"(330, 21)-(330, 31)",b'value.value.~ValueType'
Source,../repos/incubator-weex/weex_core/Source/include/wtf/OSObjectPtr.h,"(57, 5)-(57, 17)",b'~OSObjectPtr()'
Source,../repos/incubator-weex/weex_core/Source/include/wtf/FastMalloc.h,"(38, 5)-(38, 26)",b'~TryMallocReturnValue()'
Source,../repos/incubator-weex/weex_core/Source/include/wtf/FastMalloc.h,"(95, 30)-(95, 51)",b'TryMallocReturnValue::~TryMallocReturnValue'
Source,../repos/incubator-weex/weex_core/Source/include/wtf/DeferrableRefCounted.h,"(71, 5)-(71, 30)",b'~DeferrableRefCountedBase()'
Source,../repos/incubator-weex/weex_core/Source/include/wtf/DeferrableRefCounted.h,"(115, 5)-(115, 26)",b'~DeferrableRefCounted()'
Source,../repos/incubator-weex/weex_core/Source/include/wtf/Deque.h,"(58, 5)-(58, 11)",b'~Deque()'
Source,../repos/incubator-weex/weex_core/Source/include/wtf/Deque.h,"(128, 5)-(128, 23)",b'~DequeIteratorBase()'
Source,../repos/incubator-weex/weex_core/Source/include/wtf/Deque.h,"(342, 34)-(342, 40)","b'Deque<T, inlineCapacity>::~Deque'"
Source,../repos/incubator-weex/weex_core/Source/include/wtf/Deque.h,"(625, 46)-(625, 64)","b'DequeIteratorBase<T, inlineCapacity>::~DequeI...'"
Source,../repos/incubator-weex/weex_core/Source/include/wtf/StackStats.h,"(84, 9)-(84, 20)",b'~CheckPoint()'
Source,../repos/incubator-weex/weex_core/Source/include/wtf/Expected.h,"(80, 170)-(80, 172)",b't.~T'
Source,../repos/incubator-weex/weex_core/Source/include/wtf/Expected.h,"(94, 5)-(94, 22)",b'~ConstexprStorage()'
Source,../repos/incubator-weex/weex_core/Source/include/wtf/Expected.h,"(111, 5)-(111, 13)",b'~Storage()'
Source,../repos/incubator-weex/weex_core/Source/include/wtf/Expected.h,"(124, 5)-(124, 22)",b'~ConstexprStorage()'
Source,../repos/incubator-weex/weex_core/Source/include/wtf/Expected.h,"(138, 5)-(138, 13)",b'~Storage()'
Source,../repos/incubator-weex/weex_core/Source/include/wtf/Expected.h,"(152, 5)-(152, 19)",b'~ConstexprBase()'
Source,../repos/incubator-weex/weex_core/Source/include/wtf/Expected.h,"(184, 5)-(184, 10)",b'~Base()'
Source,../repos/incubator-weex/weex_core/Source/include/wtf/Expected.h,"(204, 5)-(204, 19)",b'~ConstexprBase()'
Source,../repos/incubator-weex/weex_core/Source/include/wtf/Expected.h,"(230, 5)-(230, 10)",b'~Base()'
Source,../repos/incubator-weex/weex_core/Source/include/wtf/Expected.h,"(274, 5)-(274, 14)",b'~Expected()'
Source,../repos/incubator-weex/weex_core/Source/include/wtf/Expected.h,"(350, 5)-(350, 14)",b'~Expected()'
Source,../repos/incubator-weex/weex_core/Source/include/wtf/SharedTask.h,"(66, 13)-(66, 24)",b'~SharedTask()'
Source,../repos/incubator-weex/weex_core/Source/include/wtf/MediaTime.h,"(58, 5)-(58, 15)",b'~MediaTime()'
Source,../repos/incubator-weex/weex_core/Source/include/wtf/CompilationThread.h,"(40, 5)-(40, 22)",b'~CompilationScope()'
Source,../repos/incubator-weex/weex_core/Source/include/wtf/MessageQueue.h,"(58, 9)-(58, 22)",b'~MessageQueue()'
Source,../repos/incubator-weex/weex_core/Source/include/wtf/MessageQueue.h,"(89, 29)-(89, 42)",b'MessageQueue<DataType>::~MessageQueue'
Source,../repos/incubator-weex/weex_core/Source/include/wtf/GraphNodeWorklist.h,"(37, 5)-(37, 23)",b'~GraphNodeWorklist()'
Source,../repos/incubator-weex/weex_core/Source/include/wtf/GraphNodeWorklist.h,"(170, 5)-(170, 32)",b'~PostOrderGraphNodeWorklist()'
Source,../repos/incubator-weex/weex_core/Source/include/wtf/text/SymbolRegistry.h,"(83, 24)-(83, 39)",b'WTF_EXPORT_PRIVATE ~SymbolRegistry'
Source,../repos/incubator-weex/weex_core/Source/include/wtf/text/StringBuffer.h,"(48, 5)-(48, 18)",b'~StringBuffer()'
Source,../repos/incubator-weex/weex_core/Source/include/wtf/text/WTFString.h,"(138, 19)-(138, 26)",b'ALWAYS_INLINE ~String'
Source,../repos/incubator-weex/weex_core/Source/include/wtf/text/StringImpl.h,"(735, 5)-(735, 16)",b'~StringImpl()'
Source,../repos/incubator-weex/weex_core/Source/include/wtf/text/TextBreakIterator.h,"(165, 5)-(165, 29)",b'~CachedTextBreakIterator()'
Source,../repos/incubator-weex/weex_core/Source/include/wtf/text/TextBreakIterator.h,"(224, 5)-(224, 27)",b'~LazyLineBreakIterator()'
Source,../repos/incubator-weex/weex_core/Source/include/wtf/text/AtomicString.h,"(79, 59)-(79, 82)",b'(~0) - sizeof(StringImpl)'
Source,../repos/incubator-weex/weex_core/Source/include/wtf/text/StringView.h,"(56, 5)-(56, 16)",b'~StringView()'
Source,../repos/incubator-weex/weex_core/Source/include/wtf/text/StringView.h,"(216, 20)-(216, 31)",b'StringView::~StringView'
Source,../repos/incubator-weex/weex_core/Source/include/wtf/text/StringView.h,"(694, 24)-(694, 33)",b'WTF_EXPORT_PRIVATE ~Iterator'
Source,../repos/incubator-weex/weex_core/Source/include/wtf/FastBitVector.h,"(85, 5)-(85, 28)",b'~FastBitVectorWordOwner()'
Source,../repos/incubator-weex/weex_core/Source/include/wtf/RunLoopTimer.h,"(43, 32)-(43, 49)",b'~RunLoopTimerBase()'
Source,../repos/incubator-weex/weex_core/Source/include/wtf/MetaAllocator.h,"(69, 32)-(69, 46)",b'~MetaAllocator()'
Source,../repos/incubator-weex/weex_core/Source/include/wtf/RefCounter.h,"(65, 5)-(65, 16)",b'~RefCounter()'
Source,../repos/incubator-weex/weex_core/Source/include/wtf/RefCounter.h,"(115, 23)-(115, 34)",b'RefCounter<T>::~RefCounter'
Source,../repos/incubator-weex/weex_core/Source/include/wtf/ThreadIdentifierDataPthreads.h,"(43, 5)-(43, 26)",b'~ThreadIdentifierData()'
Source,../repos/incubator-weex/weex_core/Source/include/wtf/BlockPtr.h,"(70, 64)-(70, 66)",b'static_cast<Block*>(const_cast<void*>(ptr))->f.~F'
Source,../repos/incubator-weex/weex_core/Source/include/wtf/BlockPtr.h,"(118, 5)-(118, 14)",b'~BlockPtr()'
Source,../repos/incubator-weex/weex_core/Source/include/wtf/Bag.h,"(68, 5)-(68, 9)",b'~Bag()'
Source,../repos/incubator-weex/weex_core/Source/include/wtf/Variant.h,"(443, 17)-(443, 23)",b'__get().~_Type'
Source,../repos/incubator-weex/weex_core/Source/include/wtf/Variant.h,"(921, 5)-(921, 20)",b'~__variant_base()'
Source,../repos/incubator-weex/weex_core/Source/include/wtf/Variant.h,"(1248, 5)-(1248, 22)",b'~__backup_storage()'
Source,../repos/incubator-weex/weex_core/Source/include/wtf/RetainPtr.h,"(76, 5)-(76, 15)",b'~RetainPtr()'
Source,../repos/incubator-weex/weex_core/Source/include/wtf/RetainPtr.h,"(152, 43)-(152, 53)",b'RetainPtr<T>::~RetainPtr'
Source,../repos/incubator-weex/weex_core/Source/include/wtf/CheckedBoolean.h,"(50, 5)-(50, 20)",b'~CheckedBoolean()'
Source,../repos/incubator-weex/weex_core/Source/include/wtf/SetForScope.h,"(59, 5)-(59, 17)",b'~SetForScope()'
Source,../repos/incubator-weex/weex_core/Source/include/wtf/MallocPtr.h,"(52, 5)-(52, 15)",b'~MallocPtr()'
Source,../repos/incubator-weex/weex_core/Source/include/wtf/RefCounted.h,"(81, 5)-(81, 20)",b'~RefCountedBase()'
Source,../repos/incubator-weex/weex_core/Source/include/wtf/RefCounted.h,"(150, 5)-(150, 16)",b'~RefCounted()'
Source,../repos/incubator-weex/weex_core/Source/include/wtf/WeakPtr.h,"(122, 5)-(122, 20)",b'~WeakPtrFactory()'
Source,../repos/incubator-weex/weex_core/Source/include/wtf/ThreadSpecific.h,"(86, 5)-(86, 20)",b'~ThreadSpecific()'
Source,../repos/incubator-weex/weex_core/Source/include/wtf/ThreadSpecific.h,"(213, 42)-(213, 57)","b'ThreadSpecific<T, canBeGCThread>::~ThreadSpecific'"
Source,../repos/incubator-weex/weex_core/Source/include/wtf/ThreadSpecific.h,"(252, 18)-(252, 20)",b'data->value->~T'
Source,../repos/incubator-weex/weex_core/Source/include/wtf/ThreadSpecific.h,"(305, 18)-(305, 20)",b'data->value->~T'
Source,../repos/incubator-weex/weex_core/Source/include/wtf/PrintStream.h,"(51, 13)-(51, 25)",b'~PrintStream()'
Source,../repos/incubator-weex/weex_core/Source/include/wtf/BumpPointerAllocator.h,"(225, 5)-(225, 26)",b'~BumpPointerAllocator()'
Source,../repos/incubator-weex/weex_core/Source/include/wtf/AutodrainedPool.h,"(45, 24)-(45, 40)",b'WTF_EXPORT_PRIVATE ~AutodrainedPool'
Source,../repos/incubator-weex/weex_core/Source/include/wtf/AutodrainedPool.h,"(48, 5)-(48, 21)",b'~AutodrainedPool()'
Source,../repos/incubator-weex/weex_core/Source/include/wtf/LockedPrintStream.h,"(38, 13)-(38, 31)",b'~LockedPrintStream()'
Source,../repos/incubator-weex/weex_core/Source/include/wtf/ListHashSet.h,"(76, 5)-(76, 17)",b'~ListHashSet()'
Source,../repos/incubator-weex/weex_core/Source/include/wtf/ListHashSet.h,"(349, 27)-(349, 39)","b'ListHashSet<T, U>::~ListHashSet'"
Source,../repos/incubator-weex/weex_core/Source/include/wtf/SmallPtrSet.h,"(67, 15)-(67, 27)",b'this->~SmallPtrSet'
Source,../repos/incubator-weex/weex_core/Source/include/wtf/SmallPtrSet.h,"(72, 5)-(72, 17)",b'~SmallPtrSet()'
Source,../repos/incubator-weex/weex_core/Source/include/wtf/RunLoop.h,"(56, 5)-(56, 13)",b'~RunLoop()'
Source,../repos/incubator-weex/weex_core/Source/include/wtf/RunLoop.h,"(85, 36)-(85, 46)",b'~TimerBase()'
Source,../repos/incubator-weex/weex_core/Source/include/wtf/BitVector.h,"(80, 5)-(80, 15)",b'~BitVector()'
Source,../repos/incubator-weex/weex_core/Source/include/wtf/Trace.h,"(66, 10)-(66, 21)",b'~TraceScope()'
Source,../repos/incubator-weex/weex_core/Source/include/wtf/Trace.h,"(80, 13)-(80, 24)",b'TraceScope::~TraceScope'
Source,../repos/incubator-weex/weex_core/Source/include/wtf/StreamBuffer.h,"(48, 5)-(48, 18)",b'~StreamBuffer()'
Source,../repos/incubator-weex/weex_core/Source/include/wtf/RangeSet.h,"(63, 5)-(63, 14)",b'~RangeSet()'
Source,../repos/incubator-weex/weex_core/Source/include/wtf/TinyPtrSet.h,"(75, 5)-(75, 16)",b'~TinyPtrSet()'
Source,../repos/incubator-weex/weex_core/Source/include/wtf/RefCountedArray.h,"(114, 5)-(114, 21)",b'~RefCountedArray()'
Source,../repos/incubator-weex/weex_core/Source/include/wtf/Scope.h,"(50, 5)-(50, 15)",b'~ScopeExit()'
Source,../repos/incubator-weex/weex_core/Source/include/wtf/LoggingHashSet.h,"(59, 5)-(59, 20)",b'~LoggingHashSet()'
Source,../repos/incubator-weex/weex_core/Source/include/wtf/MemoryPressureHandler.h,"(100, 9)-(100, 22)",b'~ReliefLogger()'
Source,../repos/incubator-weex/weex_core/Source/include/wtf/MemoryPressureHandler.h,"(151, 5)-(151, 27)",b'~MemoryPressureHandler()'
Source,../repos/incubator-weex/weex_core/Source/include/wtf/MemoryPressureHandler.h,"(165, 9)-(165, 23)",b'~EventFDPoller()'
Source,../repos/incubator-weex/weex_core/Source/include/wtf/Vector.h,"(60, 18)-(60, 20)",b'cur->~T'
Source,../repos/incubator-weex/weex_core/Source/include/wtf/Vector.h,"(102, 18)-(102, 20)",b'src->~T'
Source,../repos/incubator-weex/weex_core/Source/include/wtf/Vector.h,"(117, 25)-(117, 27)",b'srcEnd->~T'
Source,../repos/incubator-weex/weex_core/Source/include/wtf/Vector.h,"(344, 5)-(344, 22)",b'~VectorBufferBase()'
Source,../repos/incubator-weex/weex_core/Source/include/wtf/Vector.h,"(375, 5)-(375, 18)",b'~VectorBuffer()'
Source,../repos/incubator-weex/weex_core/Source/include/wtf/Vector.h,"(433, 5)-(433, 18)",b'~VectorBuffer()'
Source,../repos/incubator-weex/weex_core/Source/include/wtf/Vector.h,"(628, 5)-(628, 12)",b'~Vector()'
Source,../repos/incubator-weex/weex_core/Source/include/wtf/Vector.h,"(1358, 11)-(1358, 13)",b'spot->~T'
Source,../repos/incubator-weex/weex_core/Source/include/wtf/Vector.h,"(1424, 17)-(1424, 19)",b'it->~T'
Source,../repos/incubator-weex/weex_core/Source/include/wtf/BlockStack.h,"(41, 5)-(41, 16)",b'~BlockStack()'
Source,../repos/incubator-weex/weex_core/Source/include/wtf/BlockStack.h,"(58, 38)-(58, 49)",b'BlockStack<T>::~BlockStack'
Source,../repos/incubator-weex/weex_core/Source/include/wtf/LoggingHashMap.h,"(60, 5)-(60, 20)",b'~LoggingHashMap()'
Source,../repos/incubator-weex/weex_core/Source/core/manager/weex_core_manager.h,"(103, 3)-(103, 19)",b'~WeexCoreManager()'
Source,../repos/incubator-weex/weex_core/Source/core/render/action/render_action_interface.h,"(26, 11)-(26, 24)",b'~RenderAction()'
Source,../repos/incubator-weex/weex_core/Source/core/render/page/render_page.h,"(80, 3)-(80, 14)",b'~RenderPage()'
Source,../repos/incubator-weex/weex_core/Source/core/render/page/render_page_base.cpp,"(34, 21)-(34, 36)",b'RenderPageBase::~RenderPageBase'
Source,../repos/incubator-weex/weex_core/Source/core/render/page/render_page.cpp,"(71, 13)-(71, 24)",b'RenderPage::~RenderPage'
Source,../repos/incubator-weex/weex_core/Source/core/render/page/render_page_base.h,"(38, 13)-(38, 28)",b'~RenderPageBase()'
Source,../repos/incubator-weex/weex_core/Source/core/render/manager/render_manager.h,"(40, 3)-(40, 17)",b'~RenderManager()'
Source,../repos/incubator-weex/weex_core/Source/core/render/manager/render_manager.h,"(45, 5)-(45, 11)",b'~Garbo()'
Source,../repos/incubator-weex/weex_core/Source/core/render/node/render_list.h,"(33, 3)-(33, 14)",b'~RenderList()'
Source,../repos/incubator-weex/weex_core/Source/core/render/node/render_object.h,"(87, 11)-(87, 24)",b'~RenderObject()'
Source,../repos/incubator-weex/weex_core/Source/core/render/node/factory/render_factory_interface.h,"(28, 11)-(28, 26)",b'~IRenderFactory()'
Source,../repos/incubator-weex/weex_core/Source/core/render/node/factory/render_creator.h,"(34, 3)-(34, 17)",b'~RenderCreator()'
Source,../repos/incubator-weex/weex_core/Source/core/render/node/factory/render_creator.h,"(39, 5)-(39, 11)",b'~Garbo()'
Source,../repos/incubator-weex/weex_core/Source/core/render/node/factory/render_object_interface.h,"(30, 11)-(30, 25)",b'~IRenderObject()'
Source,../repos/incubator-weex/weex_core/Source/core/render/node/render_list.cpp,"(35, 13)-(35, 24)",b'RenderList::~RenderList'
Source,../repos/incubator-weex/weex_core/Source/core/render/node/render_object.cpp,"(41, 15)-(41, 28)",b'RenderObject::~RenderObject'
Source,../repos/incubator-weex/weex_core/Source/core/bridge/platform_bridge.h,"(43, 13)-(43, 22)",b'~CoreSide()'
Source,../repos/incubator-weex/weex_core/Source/core/bridge/platform_bridge.h,"(162, 13)-(162, 26)",b'~PlatformSide()'
Source,../repos/incubator-weex/weex_core/Source/core/bridge/platform_bridge.h,"(306, 11)-(306, 26)",b'~PlatformBridge()'
Source,../repos/incubator-weex/weex_core/Source/core/bridge/script_bridge.h,"(34, 13)-(34, 22)",b'~CoreSide()'
Source,../repos/incubator-weex/weex_core/Source/core/bridge/script_bridge.h,"(110, 13)-(110, 24)",b'~ScriptSide()'
Source,../repos/incubator-weex/weex_core/Source/core/bridge/script_bridge.h,"(189, 11)-(189, 24)",b'~ScriptBridge()'
Source,../repos/incubator-weex/weex_core/Source/core/bridge/script/core_side_in_script.cpp,"(41, 19)-(41, 36)",b'CoreSideInScript::~CoreSideInScript'
Source,../repos/incubator-weex/weex_core/Source/core/bridge/script/core_side_in_script.h,"(30, 3)-(30, 20)",b'~CoreSideInScript() override'
Source,../repos/incubator-weex/weex_core/Source/core/bridge/platform/core_side_in_platform.h,"(30, 11)-(30, 30)",b'~CoreSideInPlatform()'
Source,../repos/incubator-weex/weex_core/Source/core/bridge/platform/core_side_in_platform.cpp,"(48, 21)-(48, 40)",b'CoreSideInPlatform::~CoreSideInPlatform'
Source,../repos/incubator-weex/weex_core/Source/core/config/core_environment.h,"(33, 5)-(33, 23)",b'~WXCoreEnvironment()'
Source,../repos/incubator-weex/weex_core/Source/core/config/core_environment.h,"(40, 7)-(40, 13)",b'~Garbo()'
Source,../repos/incubator-weex/weex_core/Source/core/layout/measure_func_adapter_impl_android.h,"(34, 5)-(34, 39)",b'~MeasureFunctionAdapterImplAndroid()'
Source,../repos/incubator-weex/weex_core/Source/core/layout/style.h,"(47, 5)-(47, 18)",b'~WXCoreMargin()'
Source,../repos/incubator-weex/weex_core/Source/core/layout/style.h,"(76, 5)-(76, 19)",b'~WXCorePadding()'
Source,../repos/incubator-weex/weex_core/Source/core/layout/style.h,"(105, 5)-(105, 23)",b'~WXCoreBorderWidth()'
Source,../repos/incubator-weex/weex_core/Source/core/layout/style.h,"(134, 5)-(134, 20)",b'~WXCorePosition()'
Source,../repos/incubator-weex/weex_core/Source/core/layout/style.h,"(266, 5)-(266, 20)",b'~WXCoreCSSStyle()'
Source,../repos/incubator-weex/weex_core/Source/core/layout/measure_func_adapter.h,"(34, 5)-(34, 28)",b'~MeasureFunctionAdapter()'
Source,../repos/incubator-weex/weex_core/Source/core/layout/layout.h,"(128, 5)-(128, 20)",b'~WXCoreFlexLine()'
Source,../repos/incubator-weex/weex_core/Source/core/layout/layout.h,"(156, 15)-(156, 32)",b'~WXCoreLayoutNode()'
Source,../repos/incubator-weex/weex_core/Source/core/network/ios/default_request_handler.h,"(32, 3)-(32, 25)",b'~DefaultRequestHandler() override'
Source,../repos/incubator-weex/weex_core/Source/core/network/android/default_request_handler.cc,"(66, 24)-(66, 46)",b'DefaultRequestHandler::~DefaultRequestHandler'
Source,../repos/incubator-weex/weex_core/Source/core/network/android/default_request_handler.h,"(37, 3)-(37, 25)",b'~DefaultRequestHandler() override'
Source,../repos/incubator-weex/weex_core/Source/core/network/android/default_request_handler.h,"(46, 3)-(46, 19)",b'~CallbackWrapper()'
Source,../repos/incubator-weex/weex_core/Source/core/network/request_handler.h,"(34, 11)-(34, 26)",b'~RequestHandler()'
Source,../repos/incubator-weex/weex_core/Source/wson/wson_parser.cpp,"(36, 14)-(36, 26)",b'wson_parser::~wson_parser'
Source,../repos/incubator-weex/weex_core/Source/wson/wson_parser.h,"(43, 5)-(43, 17)",b'~wson_parser()'
Source,../repos/incubator-weex/weex_core/Source/third_party/IPC/IPCFutexPageQueue.h,"(44, 5)-(44, 23)",b'~IPCFutexPageQueue()'
Source,../repos/incubator-weex/weex_core/Source/third_party/IPC/IPCException.cpp,"(44, 15)-(44, 28)",b'IPCException::~IPCException'
Source,../repos/incubator-weex/weex_core/Source/third_party/IPC/IPCSender.h,"(35, 13)-(35, 23)",b'~IPCSender()'
Source,../repos/incubator-weex/weex_core/Source/third_party/IPC/IPCResult.h,"(34, 13)-(34, 23)",b'~IPCResult()'
Source,../repos/incubator-weex/weex_core/Source/third_party/IPC/Serializing/IPCSerializer.h,"(34, 13)-(34, 27)",b'~IPCSerializer()'
Source,../repos/incubator-weex/weex_core/Source/third_party/IPC/IPCListener.cpp,"(40, 5)-(40, 21)",b'~IPCListenerImpl() override'
Source,../repos/incubator-weex/weex_core/Source/third_party/IPC/IPCListener.cpp,"(54, 18)-(54, 34)",b'IPCListenerImpl::~IPCListenerImpl'
Source,../repos/incubator-weex/weex_core/Source/third_party/IPC/IPCCommunicator.cpp,"(222, 18)-(222, 34)",b'IPCCommunicator::~IPCCommunicator'
Source,../repos/incubator-weex/weex_core/Source/third_party/IPC/IPCArguments.h,"(33, 13)-(33, 26)",b'~IPCArguments()'
Source,../repos/incubator-weex/weex_core/Source/third_party/IPC/IPCCommunicator.h,"(36, 13)-(36, 29)",b'~IPCCommunicator()'
Source,../repos/incubator-weex/weex_core/Source/third_party/IPC/IPCException.h,"(32, 5)-(32, 18)",b'~IPCException()'
Source,../repos/incubator-weex/weex_core/Source/third_party/IPC/Buffering/IPCBuffer.h,"(32, 13)-(32, 23)",b'~IPCBuffer()'
Source,../repos/incubator-weex/weex_core/Source/third_party/IPC/IPCResult.cpp,"(80, 5)-(80, 21)",b'~ByteArrayResult()'
Source,../repos/incubator-weex/weex_core/Source/third_party/IPC/IPCResult.cpp,"(200, 18)-(200, 34)",b'ByteArrayResult::~ByteArrayResult'
Source,../repos/incubator-weex/weex_core/Source/third_party/IPC/IPCResult.cpp,"(242, 5)-(242, 21)",b'~CharArrayResult()'
Source,../repos/incubator-weex/weex_core/Source/third_party/IPC/IPCResult.cpp,"(261, 18)-(261, 34)",b'CharArrayResult::~CharArrayResult'
Source,../repos/incubator-weex/weex_core/Source/third_party/IPC/IPCSender.cpp,"(45, 5)-(45, 19)",b'~IPCSenderImpl()'
Source,../repos/incubator-weex/weex_core/Source/third_party/IPC/IPCSender.cpp,"(59, 16)-(59, 30)",b'IPCSenderImpl::~IPCSenderImpl'
Source,../repos/incubator-weex/weex_core/Source/third_party/IPC/IPCListener.h,"(33, 13)-(33, 25)",b'~IPCListener()'
Source,../repos/incubator-weex/weex_core/Source/third_party/IPC/IPCFutexPageQueue.cpp,"(54, 20)-(54, 38)",b'IPCFutexPageQueue::~IPCFutexPageQueue'
Source,../repos/incubator-weex/weex_core/Source/third_party/IPC/IPCHandler.h,"(36, 13)-(36, 24)",b'~IPCHandler()'
Source,../repos/incubator-weex/weex_core/Source/third_party/json11/json11.hpp,"(229, 13)-(229, 23)",b'~JsonValue()'
Source,../repos/incubator-weex/weex_core/Source/js_runtime/weex/task/impl/native_timer_task.h,"(31, 5)-(31, 21)",b'~NativeTimerTask() override'
Source,../repos/incubator-weex/weex_core/Source/js_runtime/weex/task/impl/init_framework_task.h,"(45, 5)-(45, 23)",b'~InitFrameworkTask()'
Source,../repos/incubator-weex/weex_core/Source/js_runtime/weex/task/impl/call_js_on_app_context_task.h,"(41, 5)-(41, 28)",b'~CallJsOnAppContextTask()'
Source,../repos/incubator-weex/weex_core/Source/js_runtime/weex/task/impl/js_action_task.h,"(35, 3)-(35, 16)",b'~JSActionTask()'
Source,../repos/incubator-weex/weex_core/Source/js_runtime/weex/task/impl/exe_js_task.h,"(41, 5)-(41, 15)",b'~ExeJsTask() override'
Source,../repos/incubator-weex/weex_core/Source/js_runtime/weex/task/impl/init_framework_task.cpp,"(44, 20)-(44, 38)",b'InitFrameworkTask::~InitFrameworkTask'
Source,../repos/incubator-weex/weex_core/Source/js_runtime/weex/task/impl/exe_js_task.cpp,"(63, 12)-(63, 22)",b'ExeJsTask::~ExeJsTask'
Source,../repos/incubator-weex/weex_core/Source/js_runtime/weex/task/weex_task_queue.h,"(33, 5)-(33, 19)",b'~WeexTaskQueue()'
Source,../repos/incubator-weex/weex_core/Source/js_runtime/weex/task/back_to_weex_core_queue.cpp,"(122, 31)-(122, 39)",b'IPCTask::~IPCTask'
Source,../repos/incubator-weex/weex_core/Source/js_runtime/weex/task/weex_task.h,"(42, 9)-(42, 16)",b'~Future()'
Source,../repos/incubator-weex/weex_core/Source/js_runtime/weex/task/weex_task.h,"(64, 13)-(64, 22)",b'~WeexTask()'
Source,../repos/incubator-weex/weex_core/Source/js_runtime/weex/task/weex_task_queue.cpp,"(44, 16)-(44, 30)",b'WeexTaskQueue::~WeexTaskQueue'
Source,../repos/incubator-weex/weex_core/Source/js_runtime/weex/task/back_to_weex_core_queue.h,"(45, 9)-(45, 16)",b'~Future()'
Source,../repos/incubator-weex/weex_core/Source/js_runtime/weex/task/back_to_weex_core_queue.h,"(62, 9)-(62, 17)",b'~IPCArgs()'
Source,../repos/incubator-weex/weex_core/Source/js_runtime/weex/task/back_to_weex_core_queue.h,"(80, 9)-(80, 17)",b'~IPCTask()'
Source,../repos/incubator-weex/weex_core/Source/js_runtime/weex/utils/weex_jsc_utils.cpp,"(148, 16)-(148, 26)",b'unique_fd::~unique_fd'
Source,../repos/incubator-weex/weex_core/Source/js_runtime/weex/utils/weex_jsc_utils.h,"(111, 9)-(111, 19)",b'~unique_fd()'
Source,../repos/incubator-weex/weex_core/Source/js_runtime/weex/object/args.h,"(39, 13)-(39, 18)",b'~Args()'
Source,../repos/incubator-weex/weex_core/Source/js_runtime/weex/binding/weex_global_binding.h,"(43, 13)-(43, 31)",b'~WeexGlobalBinding() override'
Source,../repos/incubator-weex/weex_core/Source/js_runtime/weex/binding/app_context_binding.h,"(39, 13)-(39, 30)",b'~AppWorkerBinding() override'
Source,../repos/incubator-weex/weex_core/Source/js_runtime/weex/binding/weex_global_binding.cpp,"(113, 28)-(113, 46)",b'WeexGlobalBinding::~WeexGlobalBinding'
Source,../repos/incubator-weex/weex_core/Source/js_runtime/weex/binding/weex_instance_binding.h,"(43, 13)-(43, 33)",b'~WeexInstanceBinding() override'
Source,../repos/incubator-weex/weex_core/Source/js_runtime/weex/binding/app_context_binding.cpp,"(70, 27)-(70, 44)",b'AppWorkerBinding::~AppWorkerBinding'
Source,../repos/incubator-weex/weex_core/Source/js_runtime/weex/binding/weex_instance_binding.cpp,"(78, 30)-(78, 50)",b'WeexInstanceBinding::~WeexInstanceBinding'
Source,../repos/incubator-weex/weex_core/Source/js_runtime/runtime/runtime_context_android.cc,"(29, 28)-(29, 50)",b'RuntimeContextAndroid::~RuntimeContextAndroid'
Source,../repos/incubator-weex/weex_core/Source/js_runtime/runtime/runtime_object.h,"(57, 11)-(57, 25)",b'~RuntimeObject()'
Source,../repos/incubator-weex/weex_core/Source/js_runtime/runtime/v8/engine_context_v8.cc,"(27, 18)-(27, 34)",b'EngineContextV8::~EngineContextV8'
Source,../repos/incubator-weex/weex_core/Source/js_runtime/runtime/v8/engine_context_v8.h,"(52, 3)-(52, 19)",b'~EngineContextV8()'
Source,../repos/incubator-weex/weex_core/Source/js_runtime/runtime/runtime_vm.h,"(50, 3)-(50, 13)",b'~RuntimeVM()'
Source,../repos/incubator-weex/weex_core/Source/js_runtime/runtime/jsc/engine_context_jsc.h,"(52, 17)-(52, 34)",b'~EngineContextJSC()'
Source,../repos/incubator-weex/weex_core/Source/js_runtime/runtime/jsc/runtime_values_jsc.h,"(64, 3)-(64, 15)",b'~JSCFunction()'
Source,../repos/incubator-weex/weex_core/Source/js_runtime/runtime/jsc/runtime_values_jsc.h,"(89, 3)-(89, 10)",b'~JSCMap()'
Source,../repos/incubator-weex/weex_core/Source/js_runtime/runtime/jsc/runtime_values_jsc.h,"(103, 3)-(103, 12)",b'~JSCArray()'
Source,../repos/incubator-weex/weex_core/Source/js_runtime/runtime/jsc/binding_macro_jsc.h,"(64, 5)-(64, 29)",b'~SetterAndGetterCallback()'
Source,../repos/incubator-weex/weex_core/Source/js_runtime/runtime/jsc/runtime_values_jsc.cc,"(92, 14)-(92, 26)",b'JSCFunction::~JSCFunction'
Source,../repos/incubator-weex/weex_core/Source/js_runtime/runtime/jsc/runtime_values_jsc.cc,"(158, 9)-(158, 16)",b'JSCMap::~JSCMap'
Source,../repos/incubator-weex/weex_core/Source/js_runtime/runtime/jsc/runtime_values_jsc.cc,"(195, 11)-(195, 20)",b'JSCArray::~JSCArray'
Source,../repos/incubator-weex/weex_core/Source/js_runtime/runtime/jsc/engine_context_jsc.cc,"(35, 23)-(35, 40)",b'EngineContextJSC::~EngineContextJSC'
Source,../repos/incubator-weex/weex_core/Source/js_runtime/runtime/jsc/runtime_object_jsc.cc,"(24, 16)-(24, 30)",b'RuntimeObject::~RuntimeObject'
Source,../repos/incubator-weex/weex_core/Source/js_runtime/runtime/runtime_values.h,"(60, 3)-(60, 16)",b'~RuntimeClass()'
Source,../repos/incubator-weex/weex_core/Source/js_runtime/runtime/runtime_values.h,"(69, 11)-(69, 22)",b'~BaseObject()'
Source,../repos/incubator-weex/weex_core/Source/js_runtime/runtime/runtime_values.h,"(98, 3)-(98, 10)",b'~Object()'
Source,../repos/incubator-weex/weex_core/Source/js_runtime/runtime/runtime_values.h,"(111, 11)-(111, 20)",b'~Function()'
Source,../repos/incubator-weex/weex_core/Source/js_runtime/runtime/runtime_values.h,"(128, 11)-(128, 15)",b'~Map()'
Source,../repos/incubator-weex/weex_core/Source/js_runtime/runtime/runtime_values.h,"(166, 11)-(166, 17)",b'~Array()'
Source,../repos/incubator-weex/weex_core/Source/js_runtime/runtime/runtime_values.h,"(224, 3)-(224, 17)",b'~RuntimeValues()'
Source,../repos/incubator-weex/weex_core/Source/js_runtime/runtime/runtime_context_android.h,"(50, 3)-(50, 25)",b'~RuntimeContextAndroid() override'
Source,../repos/incubator-weex/weex_core/Source/js_runtime/runtime/engine_context.h,"(58, 17)-(58, 31)",b'~EngineContext()'
Source,../repos/incubator-weex/weex_core/Source/js_runtime/runtime/runtime_context.h,"(66, 11)-(66, 26)",b'~RuntimeContext()'
Source,../repos/incubator-weex/weex_core/Source/js_runtime/runtime/runtime_vm.cc,"(38, 16)-(38, 26)",b'RuntimeVM::~RuntimeVM'
Source,../repos/incubator-weex/weex_core/Source/js_runtime/runtime/runtime_values.cc,"(25, 10)-(25, 14)",b'Map::~Map'
Source,../repos/incubator-weex/weex_core/Source/js_runtime/runtime/runtime_values.cc,"(31, 12)-(31, 18)",b'Array::~Array'
Source,../repos/incubator-weex/weex_core/Source/js_runtime/runtime/runtime_values.cc,"(37, 15)-(37, 24)",b'Function::~Function'
Source,../repos/incubator-weex/weex_core/Source/js_runtime/runtime/runtime_values.cc,"(146, 20)-(146, 34)",b'RuntimeValues::~RuntimeValues'
Source,../repos/incubator-weex/weex_core/Source/js_runtime/runtime/runtime_context_ios.h,"(50, 3)-(50, 21)",b'~RuntimeContextIOS()'
