Repo name,File name,Location,Content
Source,../repos/incubator-weex/weex_core/Source/base/crash/crash_handler.cpp,"(233, 10)-(233, 20)",b'unique_ptr<char[]>'
Source,../repos/incubator-weex/weex_core/Source/android/jsengine/weex_jsc_utils.cpp,"(70, 10)-(70, 20)",b'unique_ptr<char[]>'
Source,../repos/incubator-weex/weex_core/Source/android/jsengine/weex_runtime.cpp,"(198, 8)-(198, 18)",b'unique_ptr<WeexJSResult>'
Source,../repos/incubator-weex/weex_core/Source/android/jsengine/weex_runtime.cpp,"(431, 10)-(431, 20)",b'unique_ptr<WeexJSResult>'
Source,../repos/incubator-weex/weex_core/Source/android/jsengine/weex_runtime.cpp,"(498, 10)-(498, 20)",b'unique_ptr<WeexJSResult>'
Source,../repos/incubator-weex/weex_core/Source/android/jsengine/task/impl/exe_js_on_instance_task.cpp,"(31, 10)-(31, 20)",b'unique_ptr<WeexJSResult>'
Source,../repos/incubator-weex/weex_core/Source/android/jsengine/task/impl/exe_js_task.cpp,"(35, 14)-(35, 24)",b'unique_ptr<WeexJSResult>'
Source,../repos/incubator-weex/weex_core/Source/android/jsengine/task/back_to_weex_core_queue.cpp,"(93, 10)-(93, 20)",b'unique_ptr<IPCSerializer>'
Source,../repos/incubator-weex/weex_core/Source/android/jsengine/task/back_to_weex_core_queue.cpp,"(104, 10)-(104, 20)",b'unique_ptr<IPCBuffer>'
Source,../repos/incubator-weex/weex_core/Source/android/jsengine/task/back_to_weex_core_queue.cpp,"(105, 10)-(105, 20)",b'unique_ptr<IPCResult>'
Source,../repos/incubator-weex/weex_core/Source/android/jsengine/bridge/script/core_side_in_multi_process.cpp,"(74, 8)-(74, 18)",b'unique_ptr<IPCResult>'
Source,../repos/incubator-weex/weex_core/Source/android/jsengine/bridge/script/core_side_in_multi_process.cpp,"(76, 8)-(76, 18)",b'unique_ptr<ValueWithType>'
Source,../repos/incubator-weex/weex_core/Source/android/jsengine/bridge/script/core_side_in_multi_process.cpp,"(177, 8)-(177, 18)",b'unique_ptr<IPCResult>'
Source,../repos/incubator-weex/weex_core/Source/android/jsengine/bridge/script/core_side_in_multi_process.cpp,"(207, 8)-(207, 18)",b'unique_ptr<IPCResult>'
Source,../repos/incubator-weex/weex_core/Source/android/jsengine/bridge/script/core_side_in_multi_process.cpp,"(297, 8)-(297, 18)",b'unique_ptr<IPCResult>'
Source,../repos/incubator-weex/weex_core/Source/android/jsengine/bridge/script/core_side_in_multi_process.cpp,"(344, 8)-(344, 18)",b'unique_ptr<IPCResult>'
Source,../repos/incubator-weex/weex_core/Source/android/jsengine/bridge/script/core_side_in_multi_process.cpp,"(375, 8)-(375, 18)",b'unique_ptr<IPCResult>'
Source,../repos/incubator-weex/weex_core/Source/android/jsengine/bridge/script/core_side_in_multi_process.cpp,"(443, 8)-(443, 18)",b'unique_ptr<IPCResult>'
Source,../repos/incubator-weex/weex_core/Source/android/jsengine/bridge/script/core_side_in_simple.cpp,"(73, 8)-(73, 18)",b'unique_ptr<IPCResult>'
Source,../repos/incubator-weex/weex_core/Source/android/jsengine/bridge/script/script_bridge_in_multi_process.cpp,"(352, 28)-(352, 38)",b'unique_ptr<WeexJSResult>'
Source,../repos/incubator-weex/weex_core/Source/android/jsengine/bridge/script/script_bridge_in_multi_process.cpp,"(422, 28)-(422, 38)",b'unique_ptr<WeexJSResult>'
Source,../repos/incubator-weex/weex_core/Source/android/jsengine/bridge/script/script_bridge_in_multi_process.cpp,"(503, 28)-(503, 38)",b'unique_ptr<WeexJSResult>'
Source,../repos/incubator-weex/weex_core/Source/android/jsengine/bridge/script/script_side_in_queue.cpp,"(280, 10)-(280, 20)",b'unique_ptr<WeexJSResult>'
Source,../repos/incubator-weex/weex_core/Source/android/jsengine/bridge/platform/platform_side_multi_process.cpp,"(47, 8)-(47, 18)",b'unique_ptr<IPCSerializer>'
Source,../repos/incubator-weex/weex_core/Source/android/jsengine/bridge/platform/platform_side_multi_process.cpp,"(56, 8)-(56, 18)",b'unique_ptr<IPCBuffer>'
Source,../repos/incubator-weex/weex_core/Source/android/jsengine/bridge/platform/platform_side_multi_process.cpp,"(57, 8)-(57, 18)",b'unique_ptr<IPCResult>'
Source,../repos/incubator-weex/weex_core/Source/android/jsengine/bridge/platform/platform_side_multi_process.cpp,"(70, 8)-(70, 18)",b'unique_ptr<IPCSerializer>'
Source,../repos/incubator-weex/weex_core/Source/android/jsengine/bridge/platform/platform_side_multi_process.cpp,"(75, 8)-(75, 18)",b'unique_ptr<IPCBuffer>'
Source,../repos/incubator-weex/weex_core/Source/android/jsengine/bridge/platform/platform_side_multi_process.cpp,"(76, 8)-(76, 18)",b'unique_ptr<IPCResult>'
Source,../repos/incubator-weex/weex_core/Source/android/jsengine/bridge/platform/platform_side_multi_process.cpp,"(84, 8)-(84, 18)",b'unique_ptr<IPCSerializer>'
Source,../repos/incubator-weex/weex_core/Source/android/jsengine/bridge/platform/platform_side_multi_process.cpp,"(91, 8)-(91, 18)",b'unique_ptr<IPCBuffer>'
Source,../repos/incubator-weex/weex_core/Source/android/jsengine/bridge/platform/platform_side_multi_process.cpp,"(92, 8)-(92, 18)",b'unique_ptr<IPCResult>'
Source,../repos/incubator-weex/weex_core/Source/android/jsengine/bridge/platform/platform_side_multi_process.cpp,"(99, 8)-(99, 18)",b'unique_ptr<IPCSerializer>'
Source,../repos/incubator-weex/weex_core/Source/android/jsengine/bridge/platform/platform_side_multi_process.cpp,"(103, 8)-(103, 18)",b'unique_ptr<IPCBuffer>'
Source,../repos/incubator-weex/weex_core/Source/android/jsengine/bridge/platform/platform_side_multi_process.cpp,"(104, 8)-(104, 18)",b'unique_ptr<IPCResult>'
Source,../repos/incubator-weex/weex_core/Source/android/jsengine/bridge/platform/platform_side_multi_process.cpp,"(113, 8)-(113, 18)",b'unique_ptr<IPCSerializer>'
Source,../repos/incubator-weex/weex_core/Source/android/jsengine/bridge/platform/platform_side_multi_process.cpp,"(119, 8)-(119, 18)",b'unique_ptr<IPCBuffer>'
Source,../repos/incubator-weex/weex_core/Source/android/jsengine/bridge/platform/platform_side_multi_process.cpp,"(120, 8)-(120, 18)",b'unique_ptr<IPCResult>'
Source,../repos/incubator-weex/weex_core/Source/android/jsengine/bridge/platform/platform_side_multi_process.cpp,"(138, 8)-(138, 18)",b'unique_ptr<IPCSerializer>'
Source,../repos/incubator-weex/weex_core/Source/android/jsengine/bridge/platform/platform_side_multi_process.cpp,"(144, 8)-(144, 18)",b'unique_ptr<IPCBuffer>'
Source,../repos/incubator-weex/weex_core/Source/android/jsengine/bridge/platform/platform_side_multi_process.cpp,"(145, 8)-(145, 18)",b'unique_ptr<IPCResult>'
Source,../repos/incubator-weex/weex_core/Source/android/jsengine/bridge/platform/platform_side_multi_process.cpp,"(157, 8)-(157, 18)",b'unique_ptr<IPCSerializer>'
Source,../repos/incubator-weex/weex_core/Source/android/jsengine/bridge/platform/platform_side_multi_process.cpp,"(169, 8)-(169, 18)",b'unique_ptr<IPCBuffer>'
Source,../repos/incubator-weex/weex_core/Source/android/jsengine/bridge/platform/platform_side_multi_process.cpp,"(170, 8)-(170, 18)",b'unique_ptr<IPCResult>'
Source,../repos/incubator-weex/weex_core/Source/android/jsengine/bridge/platform/platform_side_multi_process.cpp,"(181, 8)-(181, 18)",b'unique_ptr<IPCSerializer>'
Source,../repos/incubator-weex/weex_core/Source/android/jsengine/bridge/platform/platform_side_multi_process.cpp,"(191, 8)-(191, 18)",b'unique_ptr<IPCBuffer>'
Source,../repos/incubator-weex/weex_core/Source/android/jsengine/bridge/platform/platform_side_multi_process.cpp,"(192, 8)-(192, 18)",b'unique_ptr<IPCResult>'
Source,../repos/incubator-weex/weex_core/Source/android/jsengine/bridge/platform/platform_side_multi_process.cpp,"(200, 8)-(200, 18)",b'unique_ptr<IPCSerializer>'
Source,../repos/incubator-weex/weex_core/Source/android/jsengine/bridge/platform/platform_side_multi_process.cpp,"(205, 8)-(205, 18)",b'unique_ptr<IPCBuffer>'
Source,../repos/incubator-weex/weex_core/Source/android/jsengine/bridge/platform/platform_side_multi_process.cpp,"(206, 8)-(206, 18)",b'unique_ptr<IPCResult>'
Source,../repos/incubator-weex/weex_core/Source/android/jsengine/bridge/platform/platform_side_multi_process.cpp,"(213, 8)-(213, 18)",b'unique_ptr<IPCSerializer>'
Source,../repos/incubator-weex/weex_core/Source/android/jsengine/bridge/platform/platform_side_multi_process.cpp,"(217, 8)-(217, 18)",b'unique_ptr<IPCBuffer>'
Source,../repos/incubator-weex/weex_core/Source/android/jsengine/bridge/platform/platform_side_multi_process.cpp,"(218, 8)-(218, 18)",b'unique_ptr<IPCResult>'
Source,../repos/incubator-weex/weex_core/Source/android/jsengine/bridge/platform/platform_side_multi_process.cpp,"(227, 8)-(227, 18)",b'unique_ptr<IPCSerializer>'
Source,../repos/incubator-weex/weex_core/Source/android/jsengine/bridge/platform/platform_side_multi_process.cpp,"(233, 8)-(233, 18)",b'unique_ptr<IPCBuffer>'
Source,../repos/incubator-weex/weex_core/Source/android/jsengine/bridge/platform/platform_side_multi_process.cpp,"(234, 8)-(234, 18)",b'unique_ptr<IPCResult>'
Source,../repos/incubator-weex/weex_core/Source/android/jsengine/bridge/platform/platform_side_multi_process.cpp,"(244, 8)-(244, 18)",b'unique_ptr<IPCSerializer>'
Source,../repos/incubator-weex/weex_core/Source/android/jsengine/bridge/platform/platform_side_multi_process.cpp,"(250, 8)-(250, 18)",b'unique_ptr<IPCBuffer>'
Source,../repos/incubator-weex/weex_core/Source/android/jsengine/bridge/platform/platform_side_multi_process.cpp,"(251, 8)-(251, 18)",b'unique_ptr<IPCResult>'
Source,../repos/incubator-weex/weex_core/Source/android/jsengine/bridge/platform/platform_side_multi_process.cpp,"(260, 8)-(260, 18)",b'unique_ptr<IPCSerializer>'
Source,../repos/incubator-weex/weex_core/Source/android/jsengine/bridge/platform/platform_side_multi_process.cpp,"(266, 8)-(266, 18)",b'unique_ptr<IPCBuffer>'
Source,../repos/incubator-weex/weex_core/Source/android/jsengine/bridge/platform/platform_side_multi_process.cpp,"(267, 8)-(267, 18)",b'unique_ptr<IPCResult>'
Source,../repos/incubator-weex/weex_core/Source/android/jsengine/bridge/platform/platform_side_multi_process.cpp,"(277, 8)-(277, 18)",b'unique_ptr<IPCSerializer>'
Source,../repos/incubator-weex/weex_core/Source/android/jsengine/bridge/platform/platform_side_multi_process.cpp,"(283, 8)-(283, 18)",b'unique_ptr<IPCBuffer>'
Source,../repos/incubator-weex/weex_core/Source/android/jsengine/bridge/platform/platform_side_multi_process.cpp,"(284, 8)-(284, 18)",b'unique_ptr<IPCResult>'
Source,../repos/incubator-weex/weex_core/Source/android/jsengine/bridge/platform/platform_side_multi_process.cpp,"(297, 8)-(297, 18)",b'unique_ptr<IPCSerializer>'
Source,../repos/incubator-weex/weex_core/Source/android/jsengine/bridge/platform/platform_side_multi_process.cpp,"(366, 8)-(366, 18)",b'unique_ptr<IPCBuffer>'
Source,../repos/incubator-weex/weex_core/Source/android/jsengine/bridge/platform/platform_side_multi_process.cpp,"(367, 8)-(367, 18)",b'unique_ptr<IPCResult>'
Source,../repos/incubator-weex/weex_core/Source/android/jsengine/bridge/platform/platform_side_multi_process.cpp,"(384, 8)-(384, 18)",b'unique_ptr<IPCSerializer>'
Source,../repos/incubator-weex/weex_core/Source/android/jsengine/bridge/platform/platform_side_multi_process.cpp,"(456, 8)-(456, 18)",b'unique_ptr<IPCBuffer>'
Source,../repos/incubator-weex/weex_core/Source/android/jsengine/bridge/platform/platform_side_multi_process.cpp,"(457, 8)-(457, 18)",b'unique_ptr<IPCResult>'
Source,../repos/incubator-weex/weex_core/Source/android/jsengine/bridge/platform/platform_side_multi_process.cpp,"(469, 8)-(469, 18)",b'unique_ptr<IPCSerializer>'
Source,../repos/incubator-weex/weex_core/Source/android/jsengine/bridge/platform/platform_side_multi_process.cpp,"(481, 8)-(481, 18)",b'unique_ptr<IPCBuffer>'
Source,../repos/incubator-weex/weex_core/Source/android/jsengine/bridge/platform/platform_side_multi_process.cpp,"(482, 8)-(482, 18)",b'unique_ptr<IPCResult>'
Source,../repos/incubator-weex/weex_core/Source/android/jsengine/bridge/platform/platform_side_multi_process.cpp,"(495, 8)-(495, 18)",b'unique_ptr<IPCSerializer>'
Source,../repos/incubator-weex/weex_core/Source/android/jsengine/bridge/platform/platform_side_multi_process.cpp,"(565, 8)-(565, 18)",b'unique_ptr<IPCBuffer>'
Source,../repos/incubator-weex/weex_core/Source/android/jsengine/bridge/platform/platform_side_multi_process.cpp,"(566, 8)-(566, 18)",b'unique_ptr<IPCResult>'
Source,../repos/incubator-weex/weex_core/Source/android/jsengine/bridge/platform/platform_side_multi_process.cpp,"(577, 8)-(577, 18)",b'unique_ptr<IPCSerializer>'
Source,../repos/incubator-weex/weex_core/Source/android/jsengine/bridge/platform/platform_side_multi_process.cpp,"(599, 8)-(599, 18)",b'unique_ptr<IPCBuffer>'
Source,../repos/incubator-weex/weex_core/Source/android/jsengine/bridge/platform/platform_side_multi_process.cpp,"(600, 8)-(600, 18)",b'unique_ptr<IPCResult>'
Source,../repos/incubator-weex/weex_core/Source/android/jsengine/bridge/platform/platform_side_multi_process.cpp,"(609, 8)-(609, 18)",b'unique_ptr<IPCSerializer>'
Source,../repos/incubator-weex/weex_core/Source/android/jsengine/bridge/platform/platform_side_multi_process.cpp,"(613, 8)-(613, 18)",b'unique_ptr<IPCBuffer>'
Source,../repos/incubator-weex/weex_core/Source/android/jsengine/bridge/platform/platform_side_multi_process.cpp,"(614, 8)-(614, 18)",b'unique_ptr<IPCResult>'
Source,../repos/incubator-weex/weex_core/Source/android/jsengine/bridge/platform/platform_side_multi_process.cpp,"(622, 8)-(622, 18)",b'unique_ptr<IPCSerializer>'
Source,../repos/incubator-weex/weex_core/Source/android/jsengine/bridge/platform/platform_side_multi_process.cpp,"(626, 8)-(626, 18)",b'unique_ptr<IPCBuffer>'
Source,../repos/incubator-weex/weex_core/Source/android/jsengine/bridge/platform/platform_side_multi_process.cpp,"(627, 8)-(627, 18)",b'unique_ptr<IPCResult>'
Source,../repos/incubator-weex/weex_core/Source/android/jsengine/bridge/platform/platform_side_multi_process.cpp,"(636, 8)-(636, 18)",b'unique_ptr<IPCSerializer>'
Source,../repos/incubator-weex/weex_core/Source/android/jsengine/bridge/platform/platform_side_multi_process.cpp,"(641, 8)-(641, 18)",b'unique_ptr<IPCBuffer>'
Source,../repos/incubator-weex/weex_core/Source/android/jsengine/bridge/platform/platform_side_multi_process.cpp,"(642, 8)-(642, 18)",b'unique_ptr<IPCResult>'
Source,../repos/incubator-weex/weex_core/Source/android/jsengine/bridge/platform/platform_side_multi_process.cpp,"(652, 8)-(652, 18)",b'unique_ptr<IPCSerializer>'
Source,../repos/incubator-weex/weex_core/Source/android/jsengine/bridge/platform/platform_side_multi_process.cpp,"(659, 8)-(659, 18)",b'unique_ptr<IPCBuffer>'
Source,../repos/incubator-weex/weex_core/Source/android/jsengine/bridge/platform/platform_side_multi_process.cpp,"(660, 8)-(660, 18)",b'unique_ptr<IPCResult>'
Source,../repos/incubator-weex/weex_core/Source/android/jsengine/bridge/platform/platform_side_multi_process.cpp,"(669, 8)-(669, 18)",b'unique_ptr<IPCSerializer>'
Source,../repos/incubator-weex/weex_core/Source/android/jsengine/bridge/platform/platform_side_multi_process.cpp,"(674, 8)-(674, 18)",b'unique_ptr<IPCBuffer>'
Source,../repos/incubator-weex/weex_core/Source/android/jsengine/bridge/platform/platform_side_multi_process.cpp,"(675, 8)-(675, 18)",b'unique_ptr<IPCResult>'
Source,../repos/incubator-weex/weex_core/Source/android/jsengine/bridge/platform/platform_side_multi_process.cpp,"(688, 8)-(688, 18)",b'unique_ptr<IPCSerializer>'
Source,../repos/incubator-weex/weex_core/Source/android/jsengine/bridge/platform/platform_side_multi_process.cpp,"(711, 8)-(711, 18)",b'unique_ptr<IPCBuffer>'
Source,../repos/incubator-weex/weex_core/Source/android/jsengine/bridge/platform/platform_side_multi_process.cpp,"(712, 8)-(712, 18)",b'unique_ptr<IPCResult>'
Source,../repos/incubator-weex/weex_core/Source/android/jsengine/bridge/platform/platform_side_multi_process.cpp,"(722, 8)-(722, 18)",b'unique_ptr<IPCSerializer>'
Source,../repos/incubator-weex/weex_core/Source/android/jsengine/bridge/platform/platform_side_multi_process.cpp,"(727, 8)-(727, 18)",b'unique_ptr<IPCBuffer>'
Source,../repos/incubator-weex/weex_core/Source/android/jsengine/bridge/platform/platform_side_multi_process.cpp,"(728, 8)-(728, 18)",b'unique_ptr<IPCResult>'
Source,../repos/incubator-weex/weex_core/Source/android/jsengine/bridge/platform/platform_side_multi_process.cpp,"(738, 8)-(738, 18)",b'unique_ptr<IPCSerializer>'
Source,../repos/incubator-weex/weex_core/Source/android/jsengine/bridge/platform/platform_side_multi_process.cpp,"(745, 8)-(745, 18)",b'unique_ptr<IPCBuffer>'
Source,../repos/incubator-weex/weex_core/Source/android/jsengine/bridge/platform/platform_side_multi_process.cpp,"(746, 8)-(746, 18)",b'unique_ptr<IPCResult>'
Source,../repos/incubator-weex/weex_core/Source/android/jsengine/bridge/platform/platform_bridge_in_multi_process.cpp,"(674, 8)-(674, 18)",b'unique_ptr<IPCResult>'
Source,../repos/incubator-weex/weex_core/Source/android/jsengine/weex_jsc_utils.h,"(136, 6)-(136, 16)",b'unique_ptr<char[]>'
Source,../repos/incubator-weex/weex_core/Source/android/jsengine/weex_jsc_utils.h,"(138, 6)-(138, 16)",b'unique_ptr<char[]>'
Source,../repos/incubator-weex/weex_core/Source/android/jsengine/weex_jsc_utils.h,"(140, 6)-(140, 16)",b'unique_ptr<char[]>'
Source,../repos/incubator-weex/weex_core/Source/android/jsengine/weex_jsc_utils.h,"(166, 6)-(166, 16)",b'unique_ptr<char[]>'
Source,../repos/incubator-weex/weex_core/Source/android/jsengine/object/js_action.cpp,"(53, 10)-(53, 20)",b'unique_ptr<BackToWeexCoreQueue>'
Source,../repos/incubator-weex/weex_core/Source/android/jsengine/object/js_action.cpp,"(92, 8)-(92, 18)",b'unique_ptr<BackToWeexCoreQueue>'
Source,../repos/incubator-weex/weex_core/Source/android/jsengine/object/js_action.cpp,"(133, 8)-(133, 18)",b'unique_ptr<IPCResult>'
Source,../repos/incubator-weex/weex_core/Source/android/bridge/script_bridge_in_multi_so.cpp,"(50, 8)-(50, 18)",b'unique_ptr<MultiSoInitializer>'
Source,../repos/incubator-weex/weex_core/Source/android/bridge/script_bridge_in_multi_so.cpp,"(109, 8)-(109, 18)",b'unique_ptr<ValueWithType>'
Source,../repos/incubator-weex/weex_core/Source/android/bridge/script_bridge_in_multi_so.cpp,"(453, 8)-(453, 18)",b'unique_ptr<WeexJSResult>'
Source,../repos/incubator-weex/weex_core/Source/android/bridge/script/script_side_in_multi_process.cpp,"(46, 10)-(46, 20)",b'unique_ptr<IPCSerializer>'
Source,../repos/incubator-weex/weex_core/Source/android/bridge/script/script_side_in_multi_process.cpp,"(53, 10)-(53, 20)",b'unique_ptr<IPCBuffer>'
Source,../repos/incubator-weex/weex_core/Source/android/bridge/script/script_side_in_multi_process.cpp,"(54, 10)-(54, 20)",b'unique_ptr<IPCResult>'
Source,../repos/incubator-weex/weex_core/Source/android/bridge/script/script_side_in_multi_process.cpp,"(77, 10)-(77, 20)",b'unique_ptr<IPCSerializer>'
Source,../repos/incubator-weex/weex_core/Source/android/bridge/script/script_side_in_multi_process.cpp,"(87, 10)-(87, 20)",b'unique_ptr<IPCBuffer>'
Source,../repos/incubator-weex/weex_core/Source/android/bridge/script/script_side_in_multi_process.cpp,"(88, 10)-(88, 20)",b'unique_ptr<IPCResult>'
Source,../repos/incubator-weex/weex_core/Source/android/bridge/script/script_side_in_multi_process.cpp,"(110, 10)-(110, 20)",b'unique_ptr<IPCSerializer>'
Source,../repos/incubator-weex/weex_core/Source/android/bridge/script/script_side_in_multi_process.cpp,"(114, 10)-(114, 20)",b'unique_ptr<IPCBuffer>'
Source,../repos/incubator-weex/weex_core/Source/android/bridge/script/script_side_in_multi_process.cpp,"(115, 10)-(115, 20)",b'unique_ptr<IPCResult>'
Source,../repos/incubator-weex/weex_core/Source/android/bridge/script/script_side_in_multi_process.cpp,"(130, 10)-(130, 20)",b'unique_ptr<WeexJSResult>'
Source,../repos/incubator-weex/weex_core/Source/android/bridge/script/script_side_in_multi_process.cpp,"(136, 10)-(136, 20)",b'unique_ptr<IPCSerializer>'
Source,../repos/incubator-weex/weex_core/Source/android/bridge/script/script_side_in_multi_process.cpp,"(140, 10)-(140, 20)",b'unique_ptr<IPCBuffer>'
Source,../repos/incubator-weex/weex_core/Source/android/bridge/script/script_side_in_multi_process.cpp,"(141, 10)-(141, 20)",b'unique_ptr<IPCResult>'
Source,../repos/incubator-weex/weex_core/Source/android/bridge/script/script_side_in_multi_process.cpp,"(179, 10)-(179, 20)",b'unique_ptr<IPCSerializer>'
Source,../repos/incubator-weex/weex_core/Source/android/bridge/script/script_side_in_multi_process.cpp,"(199, 10)-(199, 20)",b'unique_ptr<IPCBuffer>'
Source,../repos/incubator-weex/weex_core/Source/android/bridge/script/script_side_in_multi_process.cpp,"(200, 10)-(200, 20)",b'unique_ptr<IPCResult>'
Source,../repos/incubator-weex/weex_core/Source/android/bridge/script/script_side_in_multi_process.cpp,"(224, 10)-(224, 20)",b'unique_ptr<IPCSerializer>'
Source,../repos/incubator-weex/weex_core/Source/android/bridge/script/script_side_in_multi_process.cpp,"(227, 10)-(227, 20)",b'unique_ptr<IPCBuffer>'
Source,../repos/incubator-weex/weex_core/Source/android/bridge/script/script_side_in_multi_process.cpp,"(228, 10)-(228, 20)",b'unique_ptr<IPCResult>'
Source,../repos/incubator-weex/weex_core/Source/android/bridge/script/script_side_in_multi_process.cpp,"(247, 10)-(247, 20)",b'unique_ptr<IPCSerializer>'
Source,../repos/incubator-weex/weex_core/Source/android/bridge/script/script_side_in_multi_process.cpp,"(250, 10)-(250, 20)",b'unique_ptr<IPCBuffer>'
Source,../repos/incubator-weex/weex_core/Source/android/bridge/script/script_side_in_multi_process.cpp,"(251, 10)-(251, 20)",b'unique_ptr<IPCResult>'
Source,../repos/incubator-weex/weex_core/Source/android/bridge/script/script_side_in_multi_process.cpp,"(273, 10)-(273, 20)",b'unique_ptr<IPCSerializer>'
Source,../repos/incubator-weex/weex_core/Source/android/bridge/script/script_side_in_multi_process.cpp,"(303, 10)-(303, 20)",b'unique_ptr<IPCBuffer>'
Source,../repos/incubator-weex/weex_core/Source/android/bridge/script/script_side_in_multi_process.cpp,"(305, 10)-(305, 20)",b'unique_ptr<IPCResult>'
Source,../repos/incubator-weex/weex_core/Source/android/bridge/script/script_side_in_multi_process.cpp,"(327, 10)-(327, 20)",b'unique_ptr<WeexJSResult>'
Source,../repos/incubator-weex/weex_core/Source/android/bridge/script/script_side_in_multi_process.cpp,"(333, 10)-(333, 20)",b'unique_ptr<IPCSerializer>'
Source,../repos/incubator-weex/weex_core/Source/android/bridge/script/script_side_in_multi_process.cpp,"(364, 10)-(364, 20)",b'unique_ptr<IPCBuffer>'
Source,../repos/incubator-weex/weex_core/Source/android/bridge/script/script_side_in_multi_process.cpp,"(365, 10)-(365, 20)",b'unique_ptr<IPCResult>'
Source,../repos/incubator-weex/weex_core/Source/android/bridge/script/script_side_in_multi_process.cpp,"(396, 10)-(396, 20)",b'unique_ptr<WeexJSResult>'
Source,../repos/incubator-weex/weex_core/Source/android/bridge/script/script_side_in_multi_process.cpp,"(402, 10)-(402, 20)",b'unique_ptr<IPCSerializer>'
Source,../repos/incubator-weex/weex_core/Source/android/bridge/script/script_side_in_multi_process.cpp,"(420, 10)-(420, 20)",b'unique_ptr<IPCBuffer>'
Source,../repos/incubator-weex/weex_core/Source/android/bridge/script/script_side_in_multi_process.cpp,"(421, 10)-(421, 20)",b'unique_ptr<IPCResult>'
Source,../repos/incubator-weex/weex_core/Source/android/bridge/script/script_side_in_multi_process.cpp,"(443, 10)-(443, 20)",b'unique_ptr<IPCSerializer>'
Source,../repos/incubator-weex/weex_core/Source/android/bridge/script/script_side_in_multi_process.cpp,"(456, 10)-(456, 20)",b'unique_ptr<IPCBuffer>'
Source,../repos/incubator-weex/weex_core/Source/android/bridge/script/script_side_in_multi_process.cpp,"(457, 10)-(457, 20)",b'unique_ptr<IPCResult>'
Source,../repos/incubator-weex/weex_core/Source/android/bridge/script/script_side_in_multi_process.cpp,"(476, 7)-(476, 17)",b'unique_ptr<WeexJSResult>'
Source,../repos/incubator-weex/weex_core/Source/android/bridge/script/script_side_in_multi_process.cpp,"(479, 10)-(479, 20)",b'unique_ptr<IPCSerializer>'
Source,../repos/incubator-weex/weex_core/Source/android/bridge/script/script_side_in_multi_process.cpp,"(486, 10)-(486, 20)",b'unique_ptr<IPCBuffer>'
Source,../repos/incubator-weex/weex_core/Source/android/bridge/script/script_side_in_multi_process.cpp,"(487, 10)-(487, 20)",b'unique_ptr<IPCResult>'
Source,../repos/incubator-weex/weex_core/Source/android/bridge/script/script_side_in_multi_process.cpp,"(517, 10)-(517, 20)",b'unique_ptr<IPCSerializer>'
Source,../repos/incubator-weex/weex_core/Source/android/bridge/script/script_side_in_multi_process.cpp,"(521, 10)-(521, 20)",b'unique_ptr<IPCBuffer>'
Source,../repos/incubator-weex/weex_core/Source/android/bridge/script/script_side_in_multi_process.cpp,"(522, 10)-(522, 20)",b'unique_ptr<IPCResult>'
Source,../repos/incubator-weex/weex_core/Source/android/bridge/script/script_side_in_multi_process.cpp,"(545, 10)-(545, 20)",b'unique_ptr<IPCSerializer>'
Source,../repos/incubator-weex/weex_core/Source/android/bridge/script/script_side_in_multi_process.cpp,"(548, 10)-(548, 20)",b'unique_ptr<IPCBuffer>'
Source,../repos/incubator-weex/weex_core/Source/android/bridge/script/script_side_in_multi_process.cpp,"(549, 10)-(549, 20)",b'unique_ptr<IPCResult>'
Source,../repos/incubator-weex/weex_core/Source/android/bridge/script/script_side_in_multi_process.cpp,"(564, 10)-(564, 20)",b'unique_ptr<IPCSerializer>'
Source,../repos/incubator-weex/weex_core/Source/android/bridge/script/script_side_in_multi_process.cpp,"(569, 10)-(569, 20)",b'unique_ptr<IPCBuffer>'
Source,../repos/incubator-weex/weex_core/Source/android/bridge/script/script_side_in_multi_process.cpp,"(570, 10)-(570, 20)",b'unique_ptr<IPCResult>'
Source,../repos/incubator-weex/weex_core/Source/android/bridge/script/script_side_in_multi_process.cpp,"(584, 10)-(584, 20)",b'unique_ptr<IPCSerializer>'
Source,../repos/incubator-weex/weex_core/Source/android/bridge/script/script_side_in_multi_process.cpp,"(588, 10)-(588, 20)",b'unique_ptr<IPCBuffer>'
Source,../repos/incubator-weex/weex_core/Source/android/bridge/script/script_side_in_multi_process.cpp,"(589, 10)-(589, 20)",b'unique_ptr<IPCResult>'
Source,../repos/incubator-weex/weex_core/Source/android/bridge/script/script_side_in_multi_process.cpp,"(602, 10)-(602, 20)",b'unique_ptr<IPCSerializer>'
Source,../repos/incubator-weex/weex_core/Source/android/bridge/script/script_side_in_multi_process.cpp,"(607, 10)-(607, 20)",b'unique_ptr<IPCBuffer>'
Source,../repos/incubator-weex/weex_core/Source/android/bridge/script/script_side_in_multi_process.cpp,"(608, 10)-(608, 20)",b'unique_ptr<IPCResult>'
Source,../repos/incubator-weex/weex_core/Source/android/bridge/script/script_side_in_multi_so.cpp,"(65, 10)-(65, 20)",b'unique_ptr<WeexJSResult>'
Source,../repos/incubator-weex/weex_core/Source/android/bridge/script/script_side_in_multi_so.cpp,"(121, 10)-(121, 20)",b'unique_ptr<WeexJSResult>'
Source,../repos/incubator-weex/weex_core/Source/android/bridge/script/script_side_in_multi_so.cpp,"(156, 10)-(156, 20)",b'unique_ptr<WeexJSResult>'
Source,../repos/incubator-weex/weex_core/Source/android/bridge/script_bridge_in_multi_process.cpp,"(245, 8)-(245, 18)",b'unique_ptr<IPCResult>'
Source,../repos/incubator-weex/weex_core/Source/android/bridge/script_bridge_in_multi_process.cpp,"(293, 8)-(293, 18)",b'unique_ptr<IPCResult>'
Source,../repos/incubator-weex/weex_core/Source/android/bridge/script_bridge_in_multi_process.cpp,"(317, 8)-(317, 18)",b'unique_ptr<ValueWithType>'
Source,../repos/incubator-weex/weex_core/Source/android/bridge/script_bridge_in_multi_process.cpp,"(343, 8)-(343, 18)",b'unique_ptr<IPCResult>'
Source,../repos/incubator-weex/weex_core/Source/android/bridge/script_bridge_in_multi_process.cpp,"(890, 8)-(890, 18)",b'unique_ptr<WeexJSResult>'
Source,../repos/incubator-weex/weex_core/Source/android/bridge/script_bridge_in_multi_process.cpp,"(914, 8)-(914, 18)",b'unique_ptr<WeexJSResult>'
Source,../repos/incubator-weex/weex_core/Source/android/bridge/script_bridge_in_multi_process.cpp,"(1044, 8)-(1044, 18)",b'unique_ptr<MultiProcessAndSoInitializer>'
Source,../repos/incubator-weex/weex_core/Source/android/bridge/script_bridge_in_multi_process.cpp,"(1050, 19)-(1050, 29)",b'unique_ptr<WeexJSConnection>'
Source,../repos/incubator-weex/weex_core/Source/android/bridge/platform/core_side_in_multi_process.cpp,"(37, 14)-(37, 24)",b'unique_ptr<IPCSerializer>'
Source,../repos/incubator-weex/weex_core/Source/android/bridge/platform/core_side_in_multi_process.cpp,"(45, 14)-(45, 24)",b'unique_ptr<IPCBuffer>'
Source,../repos/incubator-weex/weex_core/Source/android/bridge/platform/core_side_in_multi_process.cpp,"(46, 14)-(46, 24)",b'unique_ptr<IPCResult>'
Source,../repos/incubator-weex/weex_core/Source/android/bridge/platform/core_side_in_multi_process.cpp,"(50, 14)-(50, 24)",b'unique_ptr<IPCSerializer>'
Source,../repos/incubator-weex/weex_core/Source/android/bridge/platform/core_side_in_multi_process.cpp,"(54, 14)-(54, 24)",b'unique_ptr<IPCBuffer>'
Source,../repos/incubator-weex/weex_core/Source/android/bridge/platform/core_side_in_multi_process.cpp,"(55, 14)-(55, 24)",b'unique_ptr<IPCResult>'
Source,../repos/incubator-weex/weex_core/Source/android/bridge/platform/core_side_in_multi_process.cpp,"(73, 14)-(73, 24)",b'unique_ptr<IPCSerializer>'
Source,../repos/incubator-weex/weex_core/Source/android/bridge/platform/core_side_in_multi_process.cpp,"(80, 14)-(80, 24)",b'unique_ptr<IPCBuffer>'
Source,../repos/incubator-weex/weex_core/Source/android/bridge/platform/core_side_in_multi_process.cpp,"(81, 14)-(81, 24)",b'unique_ptr<IPCResult>'
Source,../repos/incubator-weex/weex_core/Source/android/bridge/platform/core_side_in_multi_process.cpp,"(87, 14)-(87, 24)",b'unique_ptr<IPCSerializer>'
Source,../repos/incubator-weex/weex_core/Source/android/bridge/platform/core_side_in_multi_process.cpp,"(94, 14)-(94, 24)",b'unique_ptr<IPCBuffer>'
Source,../repos/incubator-weex/weex_core/Source/android/bridge/platform/core_side_in_multi_process.cpp,"(95, 14)-(95, 24)",b'unique_ptr<IPCResult>'
Source,../repos/incubator-weex/weex_core/Source/android/bridge/platform/core_side_in_multi_process.cpp,"(101, 14)-(101, 24)",b'unique_ptr<IPCSerializer>'
Source,../repos/incubator-weex/weex_core/Source/android/bridge/platform/core_side_in_multi_process.cpp,"(108, 14)-(108, 24)",b'unique_ptr<IPCBuffer>'
Source,../repos/incubator-weex/weex_core/Source/android/bridge/platform/core_side_in_multi_process.cpp,"(109, 14)-(109, 24)",b'unique_ptr<IPCResult>'
Source,../repos/incubator-weex/weex_core/Source/android/bridge/platform/core_side_in_multi_process.cpp,"(114, 14)-(114, 24)",b'unique_ptr<IPCSerializer>'
Source,../repos/incubator-weex/weex_core/Source/android/bridge/platform/core_side_in_multi_process.cpp,"(119, 14)-(119, 24)",b'unique_ptr<IPCBuffer>'
Source,../repos/incubator-weex/weex_core/Source/android/bridge/platform/core_side_in_multi_process.cpp,"(120, 14)-(120, 24)",b'unique_ptr<IPCResult>'
Source,../repos/incubator-weex/weex_core/Source/android/bridge/platform/core_side_in_multi_process.cpp,"(125, 14)-(125, 24)",b'unique_ptr<IPCSerializer>'
Source,../repos/incubator-weex/weex_core/Source/android/bridge/platform/core_side_in_multi_process.cpp,"(130, 14)-(130, 24)",b'unique_ptr<IPCBuffer>'
Source,../repos/incubator-weex/weex_core/Source/android/bridge/platform/core_side_in_multi_process.cpp,"(131, 14)-(131, 24)",b'unique_ptr<IPCResult>'
Source,../repos/incubator-weex/weex_core/Source/android/bridge/platform/core_side_in_multi_process.cpp,"(135, 14)-(135, 24)",b'unique_ptr<IPCSerializer>'
Source,../repos/incubator-weex/weex_core/Source/android/bridge/platform/core_side_in_multi_process.cpp,"(139, 14)-(139, 24)",b'unique_ptr<IPCBuffer>'
Source,../repos/incubator-weex/weex_core/Source/android/bridge/platform/core_side_in_multi_process.cpp,"(140, 14)-(140, 24)",b'unique_ptr<IPCResult>'
Source,../repos/incubator-weex/weex_core/Source/android/bridge/platform/core_side_in_multi_process.cpp,"(159, 14)-(159, 24)",b'unique_ptr<IPCSerializer>'
Source,../repos/incubator-weex/weex_core/Source/android/bridge/platform/core_side_in_multi_process.cpp,"(164, 14)-(164, 24)",b'unique_ptr<IPCBuffer>'
Source,../repos/incubator-weex/weex_core/Source/android/bridge/platform/core_side_in_multi_process.cpp,"(165, 14)-(165, 24)",b'unique_ptr<IPCResult>'
Source,../repos/incubator-weex/weex_core/Source/android/bridge/platform/core_side_in_multi_process.cpp,"(169, 14)-(169, 24)",b'unique_ptr<IPCSerializer>'
Source,../repos/incubator-weex/weex_core/Source/android/bridge/platform/core_side_in_multi_process.cpp,"(173, 14)-(173, 24)",b'unique_ptr<IPCBuffer>'
Source,../repos/incubator-weex/weex_core/Source/android/bridge/platform/core_side_in_multi_process.cpp,"(174, 14)-(174, 24)",b'unique_ptr<IPCResult>'
Source,../repos/incubator-weex/weex_core/Source/android/bridge/platform/core_side_in_multi_process.cpp,"(179, 14)-(179, 24)",b'unique_ptr<IPCSerializer>'
Source,../repos/incubator-weex/weex_core/Source/android/bridge/platform/core_side_in_multi_process.cpp,"(184, 14)-(184, 24)",b'unique_ptr<IPCBuffer>'
Source,../repos/incubator-weex/weex_core/Source/android/bridge/platform/core_side_in_multi_process.cpp,"(185, 14)-(185, 24)",b'unique_ptr<IPCResult>'
Source,../repos/incubator-weex/weex_core/Source/android/bridge/platform/core_side_in_multi_process.cpp,"(190, 14)-(190, 24)",b'unique_ptr<IPCSerializer>'
Source,../repos/incubator-weex/weex_core/Source/android/bridge/platform/core_side_in_multi_process.cpp,"(195, 14)-(195, 24)",b'unique_ptr<IPCBuffer>'
Source,../repos/incubator-weex/weex_core/Source/android/bridge/platform/core_side_in_multi_process.cpp,"(196, 14)-(196, 24)",b'unique_ptr<IPCResult>'
Source,../repos/incubator-weex/weex_core/Source/android/bridge/platform/core_side_in_multi_process.cpp,"(203, 14)-(203, 24)",b'unique_ptr<IPCSerializer>'
Source,../repos/incubator-weex/weex_core/Source/android/bridge/platform/core_side_in_multi_process.cpp,"(209, 14)-(209, 24)",b'unique_ptr<IPCBuffer>'
Source,../repos/incubator-weex/weex_core/Source/android/bridge/platform/core_side_in_multi_process.cpp,"(210, 14)-(210, 24)",b'unique_ptr<IPCResult>'
Source,../repos/incubator-weex/weex_core/Source/android/bridge/platform/core_side_in_multi_process.cpp,"(216, 14)-(216, 24)",b'unique_ptr<IPCSerializer>'
Source,../repos/incubator-weex/weex_core/Source/android/bridge/platform/core_side_in_multi_process.cpp,"(222, 14)-(222, 24)",b'unique_ptr<IPCBuffer>'
Source,../repos/incubator-weex/weex_core/Source/android/bridge/platform/core_side_in_multi_process.cpp,"(223, 14)-(223, 24)",b'unique_ptr<IPCResult>'
Source,../repos/incubator-weex/weex_core/Source/android/bridge/platform/core_side_in_multi_process.cpp,"(227, 14)-(227, 24)",b'unique_ptr<IPCSerializer>'
Source,../repos/incubator-weex/weex_core/Source/android/bridge/platform/core_side_in_multi_process.cpp,"(231, 14)-(231, 24)",b'unique_ptr<IPCBuffer>'
Source,../repos/incubator-weex/weex_core/Source/android/bridge/platform/core_side_in_multi_process.cpp,"(232, 14)-(232, 24)",b'unique_ptr<IPCResult>'
Source,../repos/incubator-weex/weex_core/Source/android/bridge/platform/core_side_in_multi_process.cpp,"(237, 14)-(237, 24)",b'unique_ptr<IPCSerializer>'
Source,../repos/incubator-weex/weex_core/Source/android/bridge/platform/core_side_in_multi_process.cpp,"(240, 14)-(240, 24)",b'unique_ptr<IPCBuffer>'
Source,../repos/incubator-weex/weex_core/Source/android/bridge/platform/core_side_in_multi_process.cpp,"(241, 14)-(241, 24)",b'unique_ptr<IPCResult>'
Source,../repos/incubator-weex/weex_core/Source/android/bridge/platform/core_side_in_multi_process.cpp,"(245, 14)-(245, 24)",b'unique_ptr<IPCSerializer>'
Source,../repos/incubator-weex/weex_core/Source/android/bridge/platform/core_side_in_multi_process.cpp,"(249, 14)-(249, 24)",b'unique_ptr<IPCBuffer>'
Source,../repos/incubator-weex/weex_core/Source/android/bridge/platform/core_side_in_multi_process.cpp,"(250, 14)-(250, 24)",b'unique_ptr<IPCResult>'
Source,../repos/incubator-weex/weex_core/Source/android/bridge/platform/core_side_in_multi_process.cpp,"(254, 14)-(254, 24)",b'unique_ptr<IPCSerializer>'
Source,../repos/incubator-weex/weex_core/Source/android/bridge/platform/core_side_in_multi_process.cpp,"(259, 14)-(259, 24)",b'unique_ptr<IPCBuffer>'
Source,../repos/incubator-weex/weex_core/Source/android/bridge/platform/core_side_in_multi_process.cpp,"(260, 14)-(260, 24)",b'unique_ptr<IPCResult>'
Source,../repos/incubator-weex/weex_core/Source/android/bridge/platform/core_side_in_multi_process.cpp,"(264, 14)-(264, 24)",b'unique_ptr<IPCSerializer>'
Source,../repos/incubator-weex/weex_core/Source/android/bridge/platform/core_side_in_multi_process.cpp,"(269, 14)-(269, 24)",b'unique_ptr<IPCBuffer>'
Source,../repos/incubator-weex/weex_core/Source/android/bridge/platform/core_side_in_multi_process.cpp,"(270, 14)-(270, 24)",b'unique_ptr<IPCResult>'
Source,../repos/incubator-weex/weex_core/Source/android/bridge/platform/core_side_in_multi_process.cpp,"(283, 18)-(283, 28)",b'unique_ptr<IPCSerializer>'
Source,../repos/incubator-weex/weex_core/Source/android/bridge/platform/core_side_in_multi_process.cpp,"(290, 18)-(290, 28)",b'unique_ptr<IPCBuffer>'
Source,../repos/incubator-weex/weex_core/Source/android/bridge/platform/core_side_in_multi_process.cpp,"(291, 18)-(291, 28)",b'unique_ptr<IPCResult>'
Source,../repos/incubator-weex/weex_core/Source/android/bridge/platform/core_side_in_multi_process.cpp,"(309, 18)-(309, 28)",b'unique_ptr<IPCSerializer>'
Source,../repos/incubator-weex/weex_core/Source/android/bridge/platform/core_side_in_multi_process.cpp,"(319, 18)-(319, 28)",b'unique_ptr<IPCBuffer>'
Source,../repos/incubator-weex/weex_core/Source/android/bridge/platform/core_side_in_multi_process.cpp,"(320, 18)-(320, 28)",b'unique_ptr<IPCResult>'
Source,../repos/incubator-weex/weex_core/Source/android/bridge/platform/core_side_in_multi_process.cpp,"(333, 18)-(333, 28)",b'unique_ptr<IPCSerializer>'
Source,../repos/incubator-weex/weex_core/Source/android/bridge/platform/core_side_in_multi_process.cpp,"(337, 18)-(337, 28)",b'unique_ptr<IPCBuffer>'
Source,../repos/incubator-weex/weex_core/Source/android/bridge/platform/core_side_in_multi_process.cpp,"(338, 18)-(338, 28)",b'unique_ptr<IPCResult>'
Source,../repos/incubator-weex/weex_core/Source/android/bridge/platform/core_side_in_multi_process.cpp,"(350, 14)-(350, 24)",b'unique_ptr<WeexJSResult>'
Source,../repos/incubator-weex/weex_core/Source/android/bridge/platform/core_side_in_multi_process.cpp,"(352, 18)-(352, 28)",b'unique_ptr<IPCSerializer>'
Source,../repos/incubator-weex/weex_core/Source/android/bridge/platform/core_side_in_multi_process.cpp,"(356, 18)-(356, 28)",b'unique_ptr<IPCBuffer>'
Source,../repos/incubator-weex/weex_core/Source/android/bridge/platform/core_side_in_multi_process.cpp,"(357, 18)-(357, 28)",b'unique_ptr<IPCResult>'
Source,../repos/incubator-weex/weex_core/Source/android/bridge/platform/core_side_in_multi_process.cpp,"(384, 18)-(384, 28)",b'unique_ptr<IPCSerializer>'
Source,../repos/incubator-weex/weex_core/Source/android/bridge/platform/core_side_in_multi_process.cpp,"(405, 18)-(405, 28)",b'unique_ptr<IPCBuffer>'
Source,../repos/incubator-weex/weex_core/Source/android/bridge/platform/core_side_in_multi_process.cpp,"(406, 18)-(406, 28)",b'unique_ptr<IPCResult>'
Source,../repos/incubator-weex/weex_core/Source/android/bridge/platform/core_side_in_multi_process.cpp,"(423, 18)-(423, 28)",b'unique_ptr<IPCSerializer>'
Source,../repos/incubator-weex/weex_core/Source/android/bridge/platform/core_side_in_multi_process.cpp,"(426, 18)-(426, 28)",b'unique_ptr<IPCBuffer>'
Source,../repos/incubator-weex/weex_core/Source/android/bridge/platform/core_side_in_multi_process.cpp,"(427, 18)-(427, 28)",b'unique_ptr<IPCResult>'
Source,../repos/incubator-weex/weex_core/Source/android/bridge/platform/core_side_in_multi_process.cpp,"(439, 18)-(439, 28)",b'unique_ptr<IPCSerializer>'
Source,../repos/incubator-weex/weex_core/Source/android/bridge/platform/core_side_in_multi_process.cpp,"(442, 18)-(442, 28)",b'unique_ptr<IPCBuffer>'
Source,../repos/incubator-weex/weex_core/Source/android/bridge/platform/core_side_in_multi_process.cpp,"(443, 18)-(443, 28)",b'unique_ptr<IPCResult>'
Source,../repos/incubator-weex/weex_core/Source/android/bridge/platform/core_side_in_multi_process.cpp,"(463, 18)-(463, 28)",b'unique_ptr<IPCSerializer>'
Source,../repos/incubator-weex/weex_core/Source/android/bridge/platform/core_side_in_multi_process.cpp,"(494, 18)-(494, 28)",b'unique_ptr<IPCBuffer>'
Source,../repos/incubator-weex/weex_core/Source/android/bridge/platform/core_side_in_multi_process.cpp,"(496, 18)-(496, 28)",b'unique_ptr<IPCResult>'
Source,../repos/incubator-weex/weex_core/Source/android/bridge/platform/core_side_in_multi_process.cpp,"(515, 14)-(515, 24)",b'unique_ptr<WeexJSResult>'
Source,../repos/incubator-weex/weex_core/Source/android/bridge/platform/core_side_in_multi_process.cpp,"(517, 18)-(517, 28)",b'unique_ptr<IPCSerializer>'
Source,../repos/incubator-weex/weex_core/Source/android/bridge/platform/core_side_in_multi_process.cpp,"(547, 18)-(547, 28)",b'unique_ptr<IPCBuffer>'
Source,../repos/incubator-weex/weex_core/Source/android/bridge/platform/core_side_in_multi_process.cpp,"(548, 18)-(548, 28)",b'unique_ptr<IPCResult>'
Source,../repos/incubator-weex/weex_core/Source/android/bridge/platform/core_side_in_multi_process.cpp,"(579, 18)-(579, 28)",b'unique_ptr<IPCSerializer>'
Source,../repos/incubator-weex/weex_core/Source/android/bridge/platform/core_side_in_multi_process.cpp,"(592, 18)-(592, 28)",b'unique_ptr<IPCBuffer>'
Source,../repos/incubator-weex/weex_core/Source/android/bridge/platform/core_side_in_multi_process.cpp,"(593, 18)-(593, 28)",b'unique_ptr<IPCResult>'
Source,../repos/incubator-weex/weex_core/Source/android/bridge/platform/core_side_in_multi_process.cpp,"(609, 14)-(609, 24)",b'unique_ptr<WeexJSResult>'
Source,../repos/incubator-weex/weex_core/Source/android/bridge/platform/core_side_in_multi_process.cpp,"(612, 18)-(612, 28)",b'unique_ptr<IPCSerializer>'
Source,../repos/incubator-weex/weex_core/Source/android/bridge/platform/core_side_in_multi_process.cpp,"(618, 18)-(618, 28)",b'unique_ptr<IPCBuffer>'
Source,../repos/incubator-weex/weex_core/Source/android/bridge/platform/core_side_in_multi_process.cpp,"(619, 18)-(619, 28)",b'unique_ptr<IPCResult>'
Source,../repos/incubator-weex/weex_core/Source/android/bridge/platform/core_side_in_multi_process.cpp,"(642, 18)-(642, 28)",b'unique_ptr<IPCSerializer>'
Source,../repos/incubator-weex/weex_core/Source/android/bridge/platform/core_side_in_multi_process.cpp,"(646, 18)-(646, 28)",b'unique_ptr<IPCBuffer>'
Source,../repos/incubator-weex/weex_core/Source/android/bridge/platform/core_side_in_multi_process.cpp,"(647, 18)-(647, 28)",b'unique_ptr<IPCResult>'
Source,../repos/incubator-weex/weex_core/Source/android/bridge/platform/core_side_in_multi_process.cpp,"(663, 18)-(663, 28)",b'unique_ptr<IPCSerializer>'
Source,../repos/incubator-weex/weex_core/Source/android/bridge/platform/core_side_in_multi_process.cpp,"(666, 18)-(666, 28)",b'unique_ptr<IPCBuffer>'
Source,../repos/incubator-weex/weex_core/Source/android/bridge/platform/core_side_in_multi_process.cpp,"(667, 18)-(667, 28)",b'unique_ptr<IPCResult>'
Source,../repos/incubator-weex/weex_core/Source/android/bridge/platform/android_side.cpp,"(178, 8)-(178, 18)",b'unique_ptr<ValueWithType>'
Source,../repos/incubator-weex/weex_core/Source/android/bridge/platform/android_bridge_in_multi_process.cc,"(45, 8)-(45, 18)",b'unique_ptr<MultiProcessAndSoInitializer>'
Source,../repos/incubator-weex/weex_core/Source/android/bridge/platform/android_bridge_in_multi_process.cc,"(49, 19)-(49, 29)",b'unique_ptr<WeexJSConnection>'
Source,../repos/incubator-weex/weex_core/Source/android/bridge/platform/android_bridge_in_multi_process.cc,"(50, 19)-(50, 29)",b'unique_ptr<IPCHandler>'
Source,../repos/incubator-weex/weex_core/Source/android/bridge/platform/android_bridge_in_multi_process.cc,"(51, 19)-(51, 29)",b'unique_ptr<IPCHandler>'
Source,../repos/incubator-weex/weex_core/Source/android/bridge/platform/android_bridge_in_multi_so.cc,"(34, 8)-(34, 18)",b'unique_ptr<MultiSoInitializer>'
Source,../repos/incubator-weex/weex_core/Source/android/bridge/multi_process_and_so_initializer.cpp,"(43, 10)-(43, 20)",b'unique_ptr<WeexJSConnection>'
Source,../repos/incubator-weex/weex_core/Source/android/utils/params_utils.h,"(52, 30)-(52, 40)",b'unique_ptr<WXJSObject>'
Source,../repos/incubator-weex/weex_core/Source/android/multiprocess/weex_js_connection.cpp,"(172, 10)-(172, 20)",b'unique_ptr<IPCFutexPageQueue>'
Source,../repos/incubator-weex/weex_core/Source/android/multiprocess/weex_js_connection.cpp,"(174, 16)-(174, 26)",b'unique_ptr<IPCHandler>'
Source,../repos/incubator-weex/weex_core/Source/android/multiprocess/weex_js_connection.cpp,"(175, 10)-(175, 20)",b'unique_ptr<IPCSender>'
Source,../repos/incubator-weex/weex_core/Source/android/multiprocess/weex_js_connection.cpp,"(176, 10)-(176, 20)",b'unique_ptr<IPCListener>'
Source,../repos/incubator-weex/weex_core/Source/android/multiprocess/weex_js_connection.cpp,"(214, 8)-(214, 18)",b'unique_ptr<IPCFutexPageQueue>'
Source,../repos/incubator-weex/weex_core/Source/android/multiprocess/weex_js_connection.cpp,"(216, 8)-(216, 18)",b'unique_ptr<IPCSender>'
Source,../repos/incubator-weex/weex_core/Source/android/multiprocess/weex_js_connection.cpp,"(405, 8)-(405, 18)",b'unique_ptr<const char *[]>'
Source,../repos/incubator-weex/weex_core/Source/android/wrap/wx_debug_js_bridge.cpp,"(94, 8)-(94, 18)",b'unique_ptr<ValueWithType>'
Source,../repos/incubator-weex/weex_core/Source/include/JavaScriptCore/runtime/StructureChain.h,"(72, 14)-(72, 24)",b'unique_ptr<WriteBarrier<Structure>[]>'
Source,../repos/incubator-weex/weex_core/Source/include/JavaScriptCore/runtime/CodeCache.h,"(235, 10)-(235, 20)",b'unique_ptr<RootNode>'
Source,../repos/incubator-weex/weex_core/Source/include/JavaScriptCore/heap/HeapSnapshotBuilder.h,"(135, 10)-(135, 20)",b'unique_ptr<HeapSnapshot>'
Source,../repos/incubator-weex/weex_core/Source/include/JavaScriptCore/yarr/YarrInterpreter.h,"(390, 24)-(390, 34)",b'unique_ptr<BytecodePattern>'
Source,../repos/incubator-weex/weex_core/Source/include/JavaScriptCore/yarr/YarrPattern.h,"(296, 6)-(296, 16)",b'unique_ptr<CharacterClass>'
Source,../repos/incubator-weex/weex_core/Source/include/JavaScriptCore/yarr/YarrPattern.h,"(297, 6)-(297, 16)",b'unique_ptr<CharacterClass>'
Source,../repos/incubator-weex/weex_core/Source/include/JavaScriptCore/yarr/YarrPattern.h,"(298, 6)-(298, 16)",b'unique_ptr<CharacterClass>'
Source,../repos/incubator-weex/weex_core/Source/include/JavaScriptCore/yarr/YarrPattern.h,"(299, 6)-(299, 16)",b'unique_ptr<CharacterClass>'
Source,../repos/incubator-weex/weex_core/Source/include/JavaScriptCore/yarr/YarrPattern.h,"(300, 6)-(300, 16)",b'unique_ptr<CharacterClass>'
Source,../repos/incubator-weex/weex_core/Source/include/JavaScriptCore/yarr/YarrPattern.h,"(301, 6)-(301, 16)",b'unique_ptr<CharacterClass>'
Source,../repos/incubator-weex/weex_core/Source/include/JavaScriptCore/yarr/YarrPattern.h,"(302, 6)-(302, 16)",b'unique_ptr<CharacterClass>'
Source,../repos/incubator-weex/weex_core/Source/include/JavaScriptCore/yarr/YarrPattern.h,"(303, 6)-(303, 16)",b'unique_ptr<CharacterClass>'
Source,../repos/incubator-weex/weex_core/Source/include/JavaScriptCore/yarr/YarrPattern.h,"(304, 6)-(304, 16)",b'unique_ptr<CharacterClass>'
Source,../repos/incubator-weex/weex_core/Source/include/JavaScriptCore/parser/Parser.h,"(874, 10)-(874, 20)",b'unique_ptr<ParsedNode>'
Source,../repos/incubator-weex/weex_core/Source/include/JavaScriptCore/parser/Parser.h,"(1825, 10)-(1825, 20)",b'unique_ptr<ParsedNode>'
Source,../repos/incubator-weex/weex_core/Source/include/JavaScriptCore/parser/Parser.h,"(1900, 14)-(1900, 24)",b'unique_ptr<ParsedNode>'
Source,../repos/incubator-weex/weex_core/Source/include/JavaScriptCore/parser/Parser.h,"(1911, 10)-(1911, 20)",b'unique_ptr<ParsedNode>'
Source,../repos/incubator-weex/weex_core/Source/include/JavaScriptCore/bytecode/GetByIdVariant.h,"(48, 14)-(48, 24)",b'unique_ptr<CallLinkStatus>'
Source,../repos/incubator-weex/weex_core/Source/include/JavaScriptCore/bytecode/BytecodeBasicBlock.h,"(66, 165)-(66, 175)",b'unique_ptr<BytecodeBasicBlock>'
Source,../repos/incubator-weex/weex_core/Source/include/JavaScriptCore/bytecode/BytecodeGraph.h,"(76, 14)-(76, 24)",b'unique_ptr<BytecodeBasicBlock>'
Source,../repos/incubator-weex/weex_core/Source/include/JavaScriptCore/bytecode/BytecodeGraph.h,"(76, 88)-(76, 98)",b'unique_ptr<BytecodeBasicBlock>'
Source,../repos/incubator-weex/weex_core/Source/include/JavaScriptCore/bytecode/BytecodeGraph.h,"(76, 192)-(76, 202)",b'unique_ptr<BytecodeBasicBlock>'
Source,../repos/incubator-weex/weex_core/Source/include/JavaScriptCore/jit/PolymorphicCallStubRoutine.h,"(89, 14)-(89, 24)",b'unique_ptr<uint32_t[]>'
Source,../repos/incubator-weex/weex_core/Source/include/JavaScriptCore/jit/JIT.h,"(959, 14)-(959, 24)",b'unique_ptr<LinkBuffer>'
Source,../repos/incubator-weex/weex_core/Source/include/JavaScriptCore/jit/JIT.h,"(961, 14)-(961, 24)",b'unique_ptr<JITDisassembler>'
Source,../repos/incubator-weex/weex_core/Source/include/JavaScriptCore/dfg/DFGJITFinalizer.h,"(39, 46)-(39, 56)",b'unique_ptr<LinkBuffer>'
Source,../repos/incubator-weex/weex_core/Source/include/JavaScriptCore/API/ObjCCallbackFunction.h,"(65, 115)-(65, 125)",b'unique_ptr<ObjCCallbackFunctionImpl>'
Source,../repos/incubator-weex/weex_core/Source/include/wtf/MessageQueue.h,"(70, 14)-(70, 24)",b'unique_ptr<DataType>'
Source,../repos/incubator-weex/weex_core/Source/include/wtf/MessageQueue.h,"(133, 14)-(133, 24)",b'unique_ptr<DataType>'
Source,../repos/incubator-weex/weex_core/Source/include/wtf/MessageQueue.h,"(170, 14)-(170, 24)",b'unique_ptr<DataType>'
Source,../repos/incubator-weex/weex_core/Source/include/wtf/MessageQueue.h,"(213, 65)-(213, 75)",b'unique_ptr<DataType>'
Source,../repos/incubator-weex/weex_core/Source/include/wtf/LockedPrintStream.h,"(37, 28)-(37, 38)",b'unique_ptr<PrintStream>'
Source,../repos/incubator-weex/weex_core/Source/core/render/page/reactor_page.cpp,"(169, 8)-(169, 18)",b'unique_ptr<ValueWithType>'
Source,../repos/incubator-weex/weex_core/Source/core/render/target/render_target.h,"(85, 22)-(85, 32)",b'unique_ptr<ValueWithType>'
Source,../repos/incubator-weex/weex_core/Source/core/bridge/script/core_side_in_script.cpp,"(88, 8)-(88, 18)",b'unique_ptr<ValueWithType>'
Source,../repos/incubator-weex/weex_core/Source/third_party/IPC/IPCSender.h,"(38, 6)-(38, 16)",b'unique_ptr<IPCSender>'
Source,../repos/incubator-weex/weex_core/Source/third_party/IPC/IPCResult.h,"(49, 6)-(49, 16)",b'unique_ptr<IPCResult>'
Source,../repos/incubator-weex/weex_core/Source/third_party/IPC/IPCResult.h,"(50, 6)-(50, 16)",b'unique_ptr<IPCResult>'
Source,../repos/incubator-weex/weex_core/Source/third_party/IPC/IPCResult.h,"(51, 6)-(51, 16)",b'unique_ptr<IPCResult>'
Source,../repos/incubator-weex/weex_core/Source/third_party/IPC/IPCResult.h,"(52, 6)-(52, 16)",b'unique_ptr<IPCResult>'
Source,../repos/incubator-weex/weex_core/Source/third_party/IPC/IPCResult.h,"(53, 6)-(53, 16)",b'unique_ptr<IPCResult>'
Source,../repos/incubator-weex/weex_core/Source/third_party/IPC/IPCResult.h,"(54, 6)-(54, 16)",b'unique_ptr<IPCResult>'
Source,../repos/incubator-weex/weex_core/Source/third_party/IPC/Serializing/IPCSerializer.cpp,"(75, 10)-(75, 20)",b'unique_ptr<char[]>'
Source,../repos/incubator-weex/weex_core/Source/third_party/IPC/Serializing/IPCSerializer.cpp,"(83, 10)-(83, 20)",b'unique_ptr<char[]>'
Source,../repos/incubator-weex/weex_core/Source/third_party/IPC/Serializing/IPCSerializer.cpp,"(91, 10)-(91, 20)",b'unique_ptr<char[]>'
Source,../repos/incubator-weex/weex_core/Source/third_party/IPC/Serializing/IPCSerializer.cpp,"(99, 10)-(99, 20)",b'unique_ptr<char[]>'
Source,../repos/incubator-weex/weex_core/Source/third_party/IPC/Serializing/IPCSerializer.cpp,"(108, 10)-(108, 20)",b'unique_ptr<char[]>'
Source,../repos/incubator-weex/weex_core/Source/third_party/IPC/Serializing/IPCSerializer.cpp,"(119, 10)-(119, 20)",b'unique_ptr<char[]>'
Source,../repos/incubator-weex/weex_core/Source/third_party/IPC/Serializing/IPCSerializer.cpp,"(130, 10)-(130, 20)",b'unique_ptr<char[]>'
Source,../repos/incubator-weex/weex_core/Source/third_party/IPC/Serializing/IPCSerializer.cpp,"(207, 10)-(207, 20)",b'unique_ptr<StringBasedIPCBufferImpl>'
Source,../repos/incubator-weex/weex_core/Source/third_party/IPC/Serializing/IPCSerializer.h,"(49, 6)-(49, 16)",b'unique_ptr<IPCSerializer>'
Source,../repos/incubator-weex/weex_core/Source/third_party/IPC/IPCListener.cpp,"(70, 14)-(70, 24)",b'unique_ptr<IPCArguments>'
Source,../repos/incubator-weex/weex_core/Source/third_party/IPC/IPCListener.cpp,"(73, 14)-(73, 24)",b'unique_ptr<IPCResult>'
Source,../repos/incubator-weex/weex_core/Source/third_party/IPC/IPCListener.cpp,"(75, 18)-(75, 28)",b'unique_ptr<IPCBuffer>'
Source,../repos/incubator-weex/weex_core/Source/third_party/IPC/IPCCommunicator.cpp,"(94, 18)-(94, 28)",b'unique_ptr<char[]>'
Source,../repos/incubator-weex/weex_core/Source/third_party/IPC/IPCCommunicator.cpp,"(102, 18)-(102, 28)",b'unique_ptr<char[]>'
Source,../repos/incubator-weex/weex_core/Source/third_party/IPC/IPCCommunicator.cpp,"(110, 18)-(110, 28)",b'unique_ptr<char[]>'
Source,../repos/incubator-weex/weex_core/Source/third_party/IPC/IPCCommunicator.cpp,"(118, 18)-(118, 28)",b'unique_ptr<char[]>'
Source,../repos/incubator-weex/weex_core/Source/third_party/IPC/IPCCommunicator.cpp,"(128, 18)-(128, 28)",b'unique_ptr<char[]>'
Source,../repos/incubator-weex/weex_core/Source/third_party/IPC/IPCCommunicator.cpp,"(140, 18)-(140, 28)",b'unique_ptr<char[]>'
Source,../repos/incubator-weex/weex_core/Source/third_party/IPC/IPCCommunicator.cpp,"(228, 10)-(228, 20)",b'unique_ptr<BufferAssembler>'
Source,../repos/incubator-weex/weex_core/Source/third_party/IPC/IPCCommunicator.cpp,"(235, 10)-(235, 20)",b'unique_ptr<BufferAssembler>'
Source,../repos/incubator-weex/weex_core/Source/third_party/IPC/IPCCommunicator.cpp,"(242, 10)-(242, 20)",b'unique_ptr<IPCSerializer>'
Source,../repos/incubator-weex/weex_core/Source/third_party/IPC/IPCSender.cpp,"(73, 18)-(73, 28)",b'unique_ptr<IPCResult>'
Source,../repos/incubator-weex/weex_core/Source/third_party/IPC/IPCSender.cpp,"(80, 14)-(80, 24)",b'unique_ptr<IPCArguments>'
Source,../repos/incubator-weex/weex_core/Source/third_party/IPC/IPCSender.cpp,"(82, 14)-(82, 24)",b'unique_ptr<IPCResult>'
Source,../repos/incubator-weex/weex_core/Source/third_party/IPC/IPCSender.cpp,"(84, 18)-(84, 28)",b'unique_ptr<IPCBuffer>'
Source,../repos/incubator-weex/weex_core/Source/third_party/IPC/IPCListener.h,"(37, 6)-(37, 16)",b'unique_ptr<IPCListener>'
Source,../repos/incubator-weex/weex_core/Source/third_party/IPC/IPCHandler.h,"(41, 6)-(41, 16)",b'unique_ptr<IPCHandler>'
Source,../repos/incubator-weex/weex_core/Source/js_runtime/weex/task/impl/exe_js_on_instance_task.cpp,"(31, 10)-(31, 20)",b'unique_ptr<WeexJSResult>'
Source,../repos/incubator-weex/weex_core/Source/js_runtime/weex/task/impl/exe_js_task.cpp,"(36, 14)-(36, 24)",b'unique_ptr<WeexJSResult>'
Source,../repos/incubator-weex/weex_core/Source/js_runtime/weex/task/back_to_weex_core_queue.cpp,"(94, 10)-(94, 20)",b'unique_ptr<IPCSerializer>'
Source,../repos/incubator-weex/weex_core/Source/js_runtime/weex/task/back_to_weex_core_queue.cpp,"(105, 10)-(105, 20)",b'unique_ptr<IPCBuffer>'
Source,../repos/incubator-weex/weex_core/Source/js_runtime/weex/task/back_to_weex_core_queue.cpp,"(106, 10)-(106, 20)",b'unique_ptr<IPCResult>'
Source,../repos/incubator-weex/weex_core/Source/js_runtime/weex/bridge/script/script_side_in_queue.cpp,"(266, 10)-(266, 20)",b'unique_ptr<WeexJSResult>'
Source,../repos/incubator-weex/weex_core/Source/js_runtime/weex/utils/wson_for_runtime.cpp,"(84, 22)-(84, 32)",b'unique_ptr<unicorn::Map>'
Source,../repos/incubator-weex/weex_core/Source/js_runtime/weex/object/weex_runtime_v2.cpp,"(186, 8)-(186, 18)",b'unique_ptr<WeexJSResult>'
Source,../repos/incubator-weex/weex_core/Source/js_runtime/weex/object/weex_runtime_v2.cpp,"(345, 8)-(345, 18)",b'unique_ptr<WeexJSResult>'
Source,../repos/incubator-weex/weex_core/Source/js_runtime/weex/object/weex_runtime_v2.cpp,"(540, 8)-(540, 18)",b'unique_ptr<WeexJSResult>'
Source,../repos/incubator-weex/weex_core/Source/js_runtime/weex/object/weex_global_object_v2.cpp,"(84, 10)-(84, 20)",b'unique_ptr<unicorn::Map>'
Source,../repos/incubator-weex/weex_core/Source/js_runtime/weex/object/weex_global_object_v2.cpp,"(102, 10)-(102, 20)",b'unique_ptr<unicorn::Map>'
Source,../repos/incubator-weex/weex_core/Source/js_runtime/runtime/runtime_values.h,"(214, 31)-(214, 41)",b'unique_ptr<BaseObject>'
Source,../repos/incubator-weex/weex_core/Source/js_runtime/runtime/runtime_values.h,"(215, 31)-(215, 41)",b'unique_ptr<Map>'
Source,../repos/incubator-weex/weex_core/Source/js_runtime/runtime/runtime_values.h,"(216, 31)-(216, 41)",b'unique_ptr<Function>'
Source,../repos/incubator-weex/weex_core/Source/js_runtime/runtime/runtime_values.h,"(217, 31)-(217, 41)",b'unique_ptr<Array>'
