Repo name,File name,Location,Content
Source,../repos/incubator-weex/weex_core/Source/base/message_loop/message_pump.h,"(28, 3)-(32, 4)",b'class Delegate {\n   public:\n    virtual ~Dele...'
Source,../repos/incubator-weex/weex_core/Source/base/make_copyable.h,"(41, 3)-(45, 4)",b'class Impl {\n   public:\n    explicit Impl(T f...'
Source,../repos/incubator-weex/weex_core/Source/android/jsengine/task/weex_task.h,"(34, 5)-(50, 6)",b'class Future {\n\n    public:\n\n        Future()...'
Source,../repos/incubator-weex/weex_core/Source/android/jsengine/task/back_to_weex_core_queue.h,"(39, 5)-(55, 6)",b'class Future {\n\n    public:\n\n        Future()...'
Source,../repos/incubator-weex/weex_core/Source/android/jsengine/task/back_to_weex_core_queue.h,"(57, 5)-(71, 6)",b'class IPCArgs {\n\n    public:\n        explicit...'
Source,../repos/incubator-weex/weex_core/Source/android/jsengine/task/back_to_weex_core_queue.h,"(73, 5)-(92, 6)",b'class IPCTask {\n    public:\n        std::vect...'
Source,../repos/incubator-weex/weex_core/Source/android/jsengine/object/js_action.h,"(62, 3)-(101, 4)",b'class jsFunction {\n   public:\n    jsFunction(...'
Source,../repos/incubator-weex/weex_core/Source/include/JavaScriptCore/assembler/ARM64Assembler.h,"(371, 5)-(435, 6)",b'class LinkRecord {\n    public:\n        LinkRe...'
Source,../repos/incubator-weex/weex_core/Source/include/JavaScriptCore/runtime/InferredType.h,"(84, 5)-(175, 6)",b'class Descriptor {\n    public:\n        Descri...'
Source,../repos/incubator-weex/weex_core/Source/include/JavaScriptCore/runtime/InferredType.h,"(243, 5)-(248, 6)",b'class InferredStructureWatchpoint : public Wa...'
Source,../repos/incubator-weex/weex_core/Source/include/JavaScriptCore/runtime/InferredType.h,"(250, 5)-(255, 6)",b'class InferredStructureFinalizer : public Unc...'
Source,../repos/incubator-weex/weex_core/Source/include/JavaScriptCore/runtime/InferredType.h,"(257, 5)-(273, 6)",b'class InferredStructure : public ThreadSafeRe...'
Source,../repos/incubator-weex/weex_core/Source/include/JavaScriptCore/runtime/InferredValue.h,"(102, 5)-(114, 6)",b'class ValueCleanup : public UnconditionalFina...'
Source,../repos/incubator-weex/weex_core/Source/include/JavaScriptCore/runtime/LiteralParser.h,"(126, 5)-(189, 6)",b'class Lexer {\n    public:\n        Lexer(const...'
Source,../repos/incubator-weex/weex_core/Source/include/JavaScriptCore/runtime/LiteralParser.h,"(145, 9)-(145, 36)",b'class LiteralParserTokenPtr'
Source,../repos/incubator-weex/weex_core/Source/include/JavaScriptCore/runtime/LiteralParser.h,"(147, 9)-(164, 10)",b'class LiteralParserTokenPtr {\n        public:...'
Source,../repos/incubator-weex/weex_core/Source/include/JavaScriptCore/runtime/LiteralParser.h,"(191, 5)-(191, 21)",b'class StackGuard'
Source,../repos/incubator-weex/weex_core/Source/include/JavaScriptCore/runtime/SimpleTypedArrayController.h,"(59, 5)-(63, 6)",b'class JSArrayBufferOwner : public WeakHandleO...'
Source,../repos/incubator-weex/weex_core/Source/include/JavaScriptCore/runtime/PropertyMapHashTable.h,"(83, 5)-(118, 6)",b'class ordered_iterator {\n    public:\n        ...'
Source,../repos/incubator-weex/weex_core/Source/include/JavaScriptCore/runtime/WeakMapData.h,"(76, 5)-(87, 6)",b'class DeadKeyCleaner : public UnconditionalFi...'
Source,../repos/incubator-weex/weex_core/Source/include/JavaScriptCore/heap/MarkingConstraintSet.h,"(71, 5)-(71, 27)",b'class ExecutionContext'
Source,../repos/incubator-weex/weex_core/Source/include/JavaScriptCore/yarr/YarrParser.h,"(57, 5)-(211, 6)",b'class CharacterClassParserDelegate {\n    publ...'
Source,../repos/incubator-weex/weex_core/Source/include/JavaScriptCore/bytecode/ObjectPropertyConditionSet.h,"(145, 5)-(153, 6)",b'class Data : public ThreadSafeRefCounted<Data...'
Source,../repos/incubator-weex/weex_core/Source/include/JavaScriptCore/bytecode/UnlinkedInstructionStream.h,"(43, 5)-(57, 6)",b'class Reader {\n    public:\n        explicit R...'
Source,../repos/incubator-weex/weex_core/Source/include/JavaScriptCore/bytecode/BytecodeRewriter.h,"(137, 5)-(162, 6)",b'class Fragment {\n    WTF_MAKE_NONCOPYABLE(Fra...'
Source,../repos/incubator-weex/weex_core/Source/include/JavaScriptCore/bytecode/AdaptiveInferredPropertyValueWatchpointBase.h,"(52, 5)-(57, 6)",b'class StructureWatchpoint : public Watchpoint...'
Source,../repos/incubator-weex/weex_core/Source/include/JavaScriptCore/bytecode/AdaptiveInferredPropertyValueWatchpointBase.h,"(58, 5)-(63, 6)",b'class PropertyWatchpoint : public Watchpoint ...'
Source,../repos/incubator-weex/weex_core/Source/include/JavaScriptCore/bytecode/DOMJITAccessCasePatchpointParams.h,"(43, 5)-(47, 6)",b'class SlowPathCallGenerator {\n    public:\n   ...'
Source,../repos/incubator-weex/weex_core/Source/include/JavaScriptCore/jit/Reg.h,"(178, 5)-(214, 6)",b'class AllRegsIterable {\n    public:\n\n        ...'
Source,../repos/incubator-weex/weex_core/Source/include/JavaScriptCore/jit/Reg.h,"(181, 9)-(210, 10)",b'class iterator {\n        public:\n            ...'
Source,../repos/incubator-weex/weex_core/Source/include/JavaScriptCore/jit/CompactJITCodeMap.h,"(130, 5)-(151, 6)",b'class Encoder {\n        WTF_MAKE_NONCOPYABLE(...'
Source,../repos/incubator-weex/weex_core/Source/include/JavaScriptCore/jit/CompactJITCodeMap.h,"(153, 5)-(167, 6)",b'class Decoder {\n        WTF_MAKE_NONCOPYABLE(...'
Source,../repos/incubator-weex/weex_core/Source/include/JavaScriptCore/jit/GPRInfo.h,"(627, 1)-(743, 2)",b'class GPRInfo {\npublic:\n    typedef GPRReg Re...'
Source,../repos/incubator-weex/weex_core/Source/include/JavaScriptCore/jit/GPRInfo.h,"(751, 1)-(822, 2)",b'class GPRInfo {\npublic:\n    typedef GPRReg Re...'
Source,../repos/incubator-weex/weex_core/Source/include/JavaScriptCore/dfg/DFGAbstractHeap.h,"(94, 5)-(184, 6)",b'class Payload {\n    public:\n        Payload()...'
Source,../repos/incubator-weex/weex_core/Source/include/JavaScriptCore/dfg/DFGSSACalculator.h,"(109, 5)-(131, 6)",b'class Variable {\n    public:\n        unsigned...'
Source,../repos/incubator-weex/weex_core/Source/include/JavaScriptCore/dfg/DFGSSACalculator.h,"(133, 5)-(162, 6)",b'class Def {\n    public:\n        Variable* var...'
Source,../repos/incubator-weex/weex_core/Source/include/JavaScriptCore/dfg/DFGRegisterBank.h,"(226, 5)-(282, 6)",b'class iterator {\n    friend class RegisterBan...'
Source,../repos/incubator-weex/weex_core/Source/include/wtf/RedBlackTree.h,"(54, 5)-(152, 6)",b'class Node {\n        friend class RedBlackTre...'
Source,../repos/incubator-weex/weex_core/Source/include/wtf/ParallelJobsGeneric.h,"(54, 5)-(86, 6)",b'class ThreadPrivate : public RefCounted<Threa...'
Source,../repos/incubator-weex/weex_core/Source/include/wtf/OptionSet.h,"(44, 36)-(66, 6)",b'class Iterator {\n    public:\n        // Isola...'
Source,../repos/incubator-weex/weex_core/Source/include/wtf/Function.h,"(70, 5)-(76, 6)",b'class CallableWrapperBase {\n        WTF_MAKE_...'
Source,../repos/incubator-weex/weex_core/Source/include/wtf/Function.h,"(79, 5)-(93, 6)",b'class CallableWrapper : public CallableWrappe...'
Source,../repos/incubator-weex/weex_core/Source/include/wtf/IndexSet.h,"(82, 5)-(135, 6)",b'class Iterable {\n    public:\n        Iterable...'
Source,../repos/incubator-weex/weex_core/Source/include/wtf/IndexSet.h,"(90, 9)-(127, 10)",b'class iterator {\n        public:\n            ...'
Source,../repos/incubator-weex/weex_core/Source/include/wtf/StackStats.h,"(56, 5)-(59, 6)",b'class CheckPoint {\n    public:\n        CheckP...'
Source,../repos/incubator-weex/weex_core/Source/include/wtf/StackStats.h,"(61, 5)-(64, 6)",b'class PerThreadStats {\n    public:\n        Pe...'
Source,../repos/incubator-weex/weex_core/Source/include/wtf/StackStats.h,"(66, 5)-(69, 6)",b'class LayoutCheckPoint {\n    public:\n        ...'
Source,../repos/incubator-weex/weex_core/Source/include/wtf/HashMap.h,"(65, 5)-(65, 27)",b'class HashMapKeysProxy'
Source,../repos/incubator-weex/weex_core/Source/include/wtf/HashMap.h,"(66, 5)-(66, 29)",b'class HashMapValuesProxy'
Source,../repos/incubator-weex/weex_core/Source/include/wtf/OrderMaker.h,"(85, 5)-(119, 6)",b'class iterator {\n    public:\n        iterator...'
Source,../repos/incubator-weex/weex_core/Source/include/wtf/text/StringView.h,"(81, 5)-(81, 20)",b'class CodeUnits'
Source,../repos/incubator-weex/weex_core/Source/include/wtf/text/StringView.h,"(84, 5)-(84, 21)",b'class CodePoints'
Source,../repos/incubator-weex/weex_core/Source/include/wtf/text/StringView.h,"(87, 5)-(87, 27)",b'class GraphemeClusters'
Source,../repos/incubator-weex/weex_core/Source/include/wtf/text/StringView.h,"(111, 5)-(111, 32)",b'class UpconvertedCharacters'
Source,../repos/incubator-weex/weex_core/Source/include/wtf/text/StringView.h,"(121, 5)-(121, 22)",b'class SplitResult'
Source,../repos/incubator-weex/weex_core/Source/include/wtf/RefCounter.h,"(41, 5)-(58, 6)",b'class Count {\n        WTF_MAKE_NONCOPYABLE(Co...'
Source,../repos/incubator-weex/weex_core/Source/include/wtf/Bag.h,"(36, 5)-(47, 6)",b'class Node {\n        WTF_MAKE_FAST_ALLOCATED;...'
Source,../repos/incubator-weex/weex_core/Source/include/wtf/Bag.h,"(92, 5)-(123, 6)",b'class iterator {\n    public:\n        iterator...'
Source,../repos/incubator-weex/weex_core/Source/include/wtf/BackwardsGraph.h,"(44, 5)-(82, 6)",b'class Node {\n    public:\n        Node(typenam...'
Source,../repos/incubator-weex/weex_core/Source/include/wtf/BackwardsGraph.h,"(84, 5)-(121, 6)",b'class Set {\n    public:\n        Set()\n       ...'
Source,../repos/incubator-weex/weex_core/Source/include/wtf/BackwardsGraph.h,"(124, 5)-(166, 6)",b'class Map {\n    public:\n        Map(Graph& gr...'
Source,../repos/incubator-weex/weex_core/Source/include/wtf/SmallPtrSet.h,"(126, 5)-(146, 6)",b'class iterator {\n    public:\n        iterator...'
Source,../repos/incubator-weex/weex_core/Source/include/wtf/RunLoop.h,"(81, 5)-(124, 6)",b'class TimerBase {\n        friend class RunLoo...'
Source,../repos/incubator-weex/weex_core/Source/include/wtf/RunLoop.h,"(121, 9)-(121, 28)",b'class ScheduledTask'
Source,../repos/incubator-weex/weex_core/Source/include/wtf/RunLoop.h,"(127, 5)-(143, 6)",b'class Timer : public TimerBase {\n    public:\n...'
Source,../repos/incubator-weex/weex_core/Source/include/wtf/RunLoop.h,"(145, 5)-(145, 17)",b'class Holder'
Source,../repos/incubator-weex/weex_core/Source/include/wtf/BitVector.h,"(289, 5)-(323, 6)",b'class iterator {\n    public:\n        iterator...'
Source,../repos/incubator-weex/weex_core/Source/include/wtf/BitVector.h,"(406, 5)-(424, 6)",b'class OutOfLineBits {\n    public:\n        siz...'
Source,../repos/incubator-weex/weex_core/Source/include/wtf/Dominators.h,"(310, 5)-(500, 6)",b'class LengauerTarjan {\n    public:\n        Le...'
Source,../repos/incubator-weex/weex_core/Source/include/wtf/Dominators.h,"(502, 5)-(605, 6)",b'class NaiveDominators {\n    public:\n        N...'
Source,../repos/incubator-weex/weex_core/Source/include/wtf/TinyPtrSet.h,"(334, 5)-(360, 6)",b'class iterator {\n    public:\n        iterator...'
Source,../repos/incubator-weex/weex_core/Source/include/wtf/TinyPtrSet.h,"(437, 5)-(459, 6)",b'class OutOfLineList {\n    public:\n        sta...'
Source,../repos/incubator-weex/weex_core/Source/include/wtf/MemoryPressureHandler.h,"(92, 5)-(136, 6)",b'class ReliefLogger {\n    public:\n        expl...'
Source,../repos/incubator-weex/weex_core/Source/include/wtf/MemoryPressureHandler.h,"(161, 5)-(177, 6)",b'class EventFDPoller {\n        WTF_MAKE_NONCOP...'
Source,../repos/incubator-weex/weex_core/Source/core/bridge/script_bridge.h,"(31, 3)-(105, 4)",b'class CoreSide {\n   public:\n    explicit Core...'
Source,../repos/incubator-weex/weex_core/Source/core/bridge/script_bridge.h,"(107, 3)-(174, 4)",b'class ScriptSide {\n   public:\n    explicit Sc...'
Source,../repos/incubator-weex/weex_core/Source/js_runtime/weex/task/weex_task.h,"(36, 5)-(52, 6)",b'class Future {\n\n    public:\n\n        Future()...'
Source,../repos/incubator-weex/weex_core/Source/js_runtime/weex/task/back_to_weex_core_queue.h,"(39, 5)-(55, 6)",b'class Future {\n\n    public:\n\n        Future()...'
Source,../repos/incubator-weex/weex_core/Source/js_runtime/weex/task/back_to_weex_core_queue.h,"(57, 5)-(71, 6)",b'class IPCArgs {\n\n    public:\n        explicit...'
Source,../repos/incubator-weex/weex_core/Source/js_runtime/weex/task/back_to_weex_core_queue.h,"(73, 5)-(92, 6)",b'class IPCTask {\n    public:\n        std::vect...'
