Repo name,File name,Location,Content
Source,../repos/incubator-weex/weex_core/Source/android/weex_extend_js_api.cpp,"(25, 1)-(25, 26)",b'using namespace WeexCore;'
Source,../repos/incubator-weex/weex_core/Source/android/jsengine/weex_jsc_utils.cpp,"(34, 1)-(34, 21)",b'using namespace JSC;'
Source,../repos/incubator-weex/weex_core/Source/android/jsengine/weex_runtime.cpp,"(33, 1)-(33, 21)",b'using namespace JSC;'
Source,../repos/incubator-weex/weex_core/Source/android/jsengine/weex_runtime.cpp,"(34, 1)-(34, 21)",b'using namespace WTF;'
Source,../repos/incubator-weex/weex_core/Source/android/jsengine/weex_runtime.cpp,"(35, 1)-(35, 25)",b'using namespace WEEXICU;'
Source,../repos/incubator-weex/weex_core/Source/android/jsengine/bridge/platform/platform_side_multi_process.h,"(29, 1)-(29, 26)",b'using namespace WeexCore;'
Source,../repos/incubator-weex/weex_core/Source/android/jsengine/bridge/platform/core_side_in_simple.cpp,"(36, 1)-(36, 26)",b'using namespace WeexCore;'
Source,../repos/incubator-weex/weex_core/Source/android/jsengine/bridge/platform/platform_side_in_multi_so.h,"(30, 1)-(30, 26)",b'using namespace WeexCore;'
Source,../repos/incubator-weex/weex_core/Source/android/jsengine/weex_jsc_utils.h,"(102, 1)-(102, 21)",b'using namespace JSC;'
Source,../repos/incubator-weex/weex_core/Source/android/jsengine/weex_jsc_utils.h,"(103, 1)-(103, 26)",b'using namespace WeexCore;'
Source,../repos/incubator-weex/weex_core/Source/android/jsengine/object/weex_global_object.h,"(35, 1)-(35, 21)",b'using namespace JSC;'
Source,../repos/incubator-weex/weex_core/Source/android/jsengine/object/weex_global_object.cpp,"(38, 1)-(38, 21)",b'using namespace JSC;'
Source,../repos/incubator-weex/weex_core/Source/android/jsengine/object/weex_simple_object.h,"(39, 1)-(39, 21)",b'using namespace JSC;'
Source,../repos/incubator-weex/weex_core/Source/android/jsengine/object/weex_console_object.h,"(28, 1)-(28, 21)",b'using namespace JSC;'
Source,../repos/incubator-weex/weex_core/Source/android/jsengine/dependence/bmalloc/bmalloc/Sizes.h,"(128, 1)-(128, 23)",b'using namespace Sizes;'
Source,../repos/incubator-weex/weex_core/Source/android/jsengine/dependence/bmalloc/bmalloc/Allocator.cpp,"(36, 1)-(36, 21)",b'using namespace std;'
Source,../repos/incubator-weex/weex_core/Source/android/jsengine/dependence/bmalloc/bmalloc/Deallocator.cpp,"(37, 1)-(37, 21)",b'using namespace std;'
Source,../repos/incubator-weex/weex_core/Source/android/jsengine/weex_ipc_server.cpp,"(34, 1)-(34, 21)",b'using namespace JSC;'
Source,../repos/incubator-weex/weex_core/Source/android/jsengine/weex_ipc_server.cpp,"(35, 1)-(35, 21)",b'using namespace WTF;'
Source,../repos/incubator-weex/weex_core/Source/android/jsengine/weex_ipc_server.cpp,"(36, 1)-(36, 25)",b'using namespace WEEXICU;'
Source,../repos/incubator-weex/weex_core/Source/android/jsengine/wson/wson_jsc.h,"(37, 1)-(37, 21)",b'using namespace JSC;'
Source,../repos/incubator-weex/weex_core/Source/android/jsengine/wson/wson_jsc.cpp,"(47, 1)-(47, 21)",b'using namespace JSC;'
Source,../repos/incubator-weex/weex_core/Source/android/wrap/native_render_object_utils_impl_android.cpp,"(36, 1)-(36, 26)",b'using namespace WeexCore;'
Source,../repos/incubator-weex/weex_core/Source/android/wrap/wx_debug_js_bridge.cpp,"(36, 1)-(36, 26)",b'using namespace WeexCore;'
Source,../repos/incubator-weex/weex_core/Source/android/wrap/wx_bridge.cpp,"(53, 1)-(53, 26)",b'using namespace WeexCore;'
Source,../repos/incubator-weex/weex_core/Source/android/wrap/jsfunction_impl_android.cpp,"(31, 1)-(31, 26)",b'using namespace WeexCore;'
Source,../repos/incubator-weex/weex_core/Source/include/JavaScriptCore/assembler/MacroAssemblerX86.h,"(41, 5)-(41, 42)",b'using MacroAssemblerX86Common::add32;'
Source,../repos/incubator-weex/weex_core/Source/include/JavaScriptCore/assembler/MacroAssemblerX86.h,"(42, 5)-(42, 42)",b'using MacroAssemblerX86Common::and32;'
Source,../repos/incubator-weex/weex_core/Source/include/JavaScriptCore/assembler/MacroAssemblerX86.h,"(43, 5)-(43, 48)",b'using MacroAssemblerX86Common::branchAdd32;'
Source,../repos/incubator-weex/weex_core/Source/include/JavaScriptCore/assembler/MacroAssemblerX86.h,"(44, 5)-(44, 48)",b'using MacroAssemblerX86Common::branchSub32;'
Source,../repos/incubator-weex/weex_core/Source/include/JavaScriptCore/assembler/MacroAssemblerX86.h,"(45, 5)-(45, 42)",b'using MacroAssemblerX86Common::sub32;'
Source,../repos/incubator-weex/weex_core/Source/include/JavaScriptCore/assembler/MacroAssemblerX86.h,"(46, 5)-(46, 41)",b'using MacroAssemblerX86Common::or32;'
Source,../repos/incubator-weex/weex_core/Source/include/JavaScriptCore/assembler/MacroAssemblerX86.h,"(47, 5)-(47, 43)",b'using MacroAssemblerX86Common::load32;'
Source,../repos/incubator-weex/weex_core/Source/include/JavaScriptCore/assembler/MacroAssemblerX86.h,"(48, 5)-(48, 42)",b'using MacroAssemblerX86Common::load8;'
Source,../repos/incubator-weex/weex_core/Source/include/JavaScriptCore/assembler/MacroAssemblerX86.h,"(49, 5)-(49, 44)",b'using MacroAssemblerX86Common::store32;'
Source,../repos/incubator-weex/weex_core/Source/include/JavaScriptCore/assembler/MacroAssemblerX86.h,"(50, 5)-(50, 43)",b'using MacroAssemblerX86Common::store8;'
Source,../repos/incubator-weex/weex_core/Source/include/JavaScriptCore/assembler/MacroAssemblerX86.h,"(51, 5)-(51, 45)",b'using MacroAssemblerX86Common::branch32;'
Source,../repos/incubator-weex/weex_core/Source/include/JavaScriptCore/assembler/MacroAssemblerX86.h,"(52, 5)-(52, 41)",b'using MacroAssemblerX86Common::call;'
Source,../repos/incubator-weex/weex_core/Source/include/JavaScriptCore/assembler/MacroAssemblerX86.h,"(53, 5)-(53, 41)",b'using MacroAssemblerX86Common::jump;'
Source,../repos/incubator-weex/weex_core/Source/include/JavaScriptCore/assembler/MacroAssemblerX86.h,"(54, 5)-(54, 46)",b'using MacroAssemblerX86Common::addDouble;'
Source,../repos/incubator-weex/weex_core/Source/include/JavaScriptCore/assembler/MacroAssemblerX86.h,"(55, 5)-(55, 47)",b'using MacroAssemblerX86Common::loadDouble;'
Source,../repos/incubator-weex/weex_core/Source/include/JavaScriptCore/assembler/MacroAssemblerX86.h,"(56, 5)-(56, 48)",b'using MacroAssemblerX86Common::storeDouble;'
Source,../repos/incubator-weex/weex_core/Source/include/JavaScriptCore/assembler/MacroAssemblerX86.h,"(57, 5)-(57, 57)",b'using MacroAssemblerX86Common::convertInt32To...'
Source,../repos/incubator-weex/weex_core/Source/include/JavaScriptCore/assembler/MacroAssemblerX86.h,"(58, 5)-(58, 44)",b'using MacroAssemblerX86Common::branch8;'
Source,../repos/incubator-weex/weex_core/Source/include/JavaScriptCore/assembler/MacroAssemblerX86.h,"(59, 5)-(59, 48)",b'using MacroAssemblerX86Common::branchTest8;'
Source,../repos/incubator-weex/weex_core/Source/include/JavaScriptCore/assembler/MacroAssemblerX86_64.h,"(45, 5)-(45, 42)",b'using MacroAssemblerX86Common::add32;'
Source,../repos/incubator-weex/weex_core/Source/include/JavaScriptCore/assembler/MacroAssemblerX86_64.h,"(46, 5)-(46, 42)",b'using MacroAssemblerX86Common::and32;'
Source,../repos/incubator-weex/weex_core/Source/include/JavaScriptCore/assembler/MacroAssemblerX86_64.h,"(47, 5)-(47, 45)",b'using MacroAssemblerX86Common::branch32;'
Source,../repos/incubator-weex/weex_core/Source/include/JavaScriptCore/assembler/MacroAssemblerX86_64.h,"(48, 5)-(48, 48)",b'using MacroAssemblerX86Common::branchAdd32;'
Source,../repos/incubator-weex/weex_core/Source/include/JavaScriptCore/assembler/MacroAssemblerX86_64.h,"(49, 5)-(49, 41)",b'using MacroAssemblerX86Common::or32;'
Source,../repos/incubator-weex/weex_core/Source/include/JavaScriptCore/assembler/MacroAssemblerX86_64.h,"(50, 5)-(50, 42)",b'using MacroAssemblerX86Common::sub32;'
Source,../repos/incubator-weex/weex_core/Source/include/JavaScriptCore/assembler/MacroAssemblerX86_64.h,"(51, 5)-(51, 42)",b'using MacroAssemblerX86Common::load8;'
Source,../repos/incubator-weex/weex_core/Source/include/JavaScriptCore/assembler/MacroAssemblerX86_64.h,"(52, 5)-(52, 43)",b'using MacroAssemblerX86Common::load32;'
Source,../repos/incubator-weex/weex_core/Source/include/JavaScriptCore/assembler/MacroAssemblerX86_64.h,"(53, 5)-(53, 44)",b'using MacroAssemblerX86Common::store32;'
Source,../repos/incubator-weex/weex_core/Source/include/JavaScriptCore/assembler/MacroAssemblerX86_64.h,"(54, 5)-(54, 43)",b'using MacroAssemblerX86Common::store8;'
Source,../repos/incubator-weex/weex_core/Source/include/JavaScriptCore/assembler/MacroAssemblerX86_64.h,"(55, 5)-(55, 41)",b'using MacroAssemblerX86Common::call;'
Source,../repos/incubator-weex/weex_core/Source/include/JavaScriptCore/assembler/MacroAssemblerX86_64.h,"(56, 5)-(56, 41)",b'using MacroAssemblerX86Common::jump;'
Source,../repos/incubator-weex/weex_core/Source/include/JavaScriptCore/assembler/MacroAssemblerX86_64.h,"(57, 5)-(57, 46)",b'using MacroAssemblerX86Common::addDouble;'
Source,../repos/incubator-weex/weex_core/Source/include/JavaScriptCore/assembler/MacroAssemblerX86_64.h,"(58, 5)-(58, 47)",b'using MacroAssemblerX86Common::loadDouble;'
Source,../repos/incubator-weex/weex_core/Source/include/JavaScriptCore/assembler/MacroAssemblerX86_64.h,"(59, 5)-(59, 57)",b'using MacroAssemblerX86Common::convertInt32To...'
Source,../repos/incubator-weex/weex_core/Source/include/JavaScriptCore/assembler/MacroAssemblerX86_64.h,"(1413, 5)-(1413, 44)",b'using MacroAssemblerX86Common::branch8;'
Source,../repos/incubator-weex/weex_core/Source/include/JavaScriptCore/assembler/MacroAssemblerX86_64.h,"(1420, 5)-(1420, 48)",b'using MacroAssemblerX86Common::branchTest8;'
Source,../repos/incubator-weex/weex_core/Source/include/JavaScriptCore/assembler/MacroAssembler.h,"(109, 5)-(109, 35)",b'using MacroAssemblerBase::pop;'
Source,../repos/incubator-weex/weex_core/Source/include/JavaScriptCore/assembler/MacroAssembler.h,"(110, 5)-(110, 36)",b'using MacroAssemblerBase::jump;'
Source,../repos/incubator-weex/weex_core/Source/include/JavaScriptCore/assembler/MacroAssembler.h,"(111, 5)-(111, 40)",b'using MacroAssemblerBase::branch32;'
Source,../repos/incubator-weex/weex_core/Source/include/JavaScriptCore/assembler/MacroAssembler.h,"(112, 5)-(112, 41)",b'using MacroAssemblerBase::compare32;'
Source,../repos/incubator-weex/weex_core/Source/include/JavaScriptCore/assembler/MacroAssembler.h,"(113, 5)-(113, 36)",b'using MacroAssemblerBase::move;'
Source,../repos/incubator-weex/weex_core/Source/include/JavaScriptCore/assembler/MacroAssembler.h,"(114, 5)-(114, 37)",b'using MacroAssemblerBase::add32;'
Source,../repos/incubator-weex/weex_core/Source/include/JavaScriptCore/assembler/MacroAssembler.h,"(115, 5)-(115, 37)",b'using MacroAssemblerBase::mul32;'
Source,../repos/incubator-weex/weex_core/Source/include/JavaScriptCore/assembler/MacroAssembler.h,"(116, 5)-(116, 37)",b'using MacroAssemblerBase::and32;'
Source,../repos/incubator-weex/weex_core/Source/include/JavaScriptCore/assembler/MacroAssembler.h,"(117, 5)-(117, 43)",b'using MacroAssemblerBase::branchAdd32;'
Source,../repos/incubator-weex/weex_core/Source/include/JavaScriptCore/assembler/MacroAssembler.h,"(118, 5)-(118, 43)",b'using MacroAssemblerBase::branchMul32;'
Source,../repos/incubator-weex/weex_core/Source/include/JavaScriptCore/assembler/MacroAssembler.h,"(120, 5)-(120, 41)",b'using MacroAssemblerBase::branchPtr;'
Source,../repos/incubator-weex/weex_core/Source/include/JavaScriptCore/assembler/MacroAssembler.h,"(122, 5)-(122, 43)",b'using MacroAssemblerBase::branchSub32;'
Source,../repos/incubator-weex/weex_core/Source/include/JavaScriptCore/assembler/MacroAssembler.h,"(123, 5)-(123, 40)",b'using MacroAssemblerBase::lshift32;'
Source,../repos/incubator-weex/weex_core/Source/include/JavaScriptCore/assembler/MacroAssembler.h,"(124, 5)-(124, 36)",b'using MacroAssemblerBase::or32;'
Source,../repos/incubator-weex/weex_core/Source/include/JavaScriptCore/assembler/MacroAssembler.h,"(125, 5)-(125, 40)",b'using MacroAssemblerBase::rshift32;'
Source,../repos/incubator-weex/weex_core/Source/include/JavaScriptCore/assembler/MacroAssembler.h,"(126, 5)-(126, 39)",b'using MacroAssemblerBase::store32;'
Source,../repos/incubator-weex/weex_core/Source/include/JavaScriptCore/assembler/MacroAssembler.h,"(127, 5)-(127, 37)",b'using MacroAssemblerBase::sub32;'
Source,../repos/incubator-weex/weex_core/Source/include/JavaScriptCore/assembler/MacroAssembler.h,"(128, 5)-(128, 41)",b'using MacroAssemblerBase::urshift32;'
Source,../repos/incubator-weex/weex_core/Source/include/JavaScriptCore/assembler/MacroAssembler.h,"(129, 5)-(129, 37)",b'using MacroAssemblerBase::xor32;'
Source,../repos/incubator-weex/weex_core/Source/include/JavaScriptCore/assembler/MacroAssembler.h,"(139, 5)-(139, 46)",b'using AbstractMacroAssemblerBase::invert;'
Source,../repos/incubator-weex/weex_core/Source/include/JavaScriptCore/assembler/MacroAssembler.h,"(140, 5)-(140, 38)",b'using MacroAssemblerBase::invert;'
Source,../repos/incubator-weex/weex_core/Source/include/JavaScriptCore/assembler/MacroAssembler.h,"(781, 5)-(781, 43)",b'using MacroAssemblerBase::branchTest8;'
Source,../repos/incubator-weex/weex_core/Source/include/JavaScriptCore/assembler/MacroAssembler.h,"(1101, 5)-(1101, 37)",b'using MacroAssemblerBase::and64;'
Source,../repos/incubator-weex/weex_core/Source/include/JavaScriptCore/assembler/MacroAssembler.h,"(1102, 5)-(1102, 52)",b'using MacroAssemblerBase::convertInt32ToDouble;'
Source,../repos/incubator-weex/weex_core/Source/include/JavaScriptCore/assembler/MacroAssembler.h,"(1103, 5)-(1103, 39)",b'using MacroAssemblerBase::store64;'
Source,../repos/incubator-weex/weex_core/Source/include/JavaScriptCore/assembler/MacroAssembler.h,"(1780, 5)-(1780, 37)",b'using MacroAssemblerBase::probe;'
Source,../repos/incubator-weex/weex_core/Source/include/JavaScriptCore/assembler/AssemblerBufferWithConstantPool.h,"(87, 5)-(87, 40)",b'using AssemblerBuffer::putIntegral;'
Source,../repos/incubator-weex/weex_core/Source/include/JavaScriptCore/assembler/AssemblerBufferWithConstantPool.h,"(88, 5)-(88, 49)",b'using AssemblerBuffer::putIntegralUnchecked;'
Source,../repos/incubator-weex/weex_core/Source/include/JavaScriptCore/runtime/ConsoleTypes.h,"(70, 1)-(70, 26)",b'using JSC::MessageSource;'
Source,../repos/incubator-weex/weex_core/Source/include/JavaScriptCore/runtime/ConsoleTypes.h,"(71, 1)-(71, 24)",b'using JSC::MessageType;'
Source,../repos/incubator-weex/weex_core/Source/include/JavaScriptCore/runtime/ConsoleTypes.h,"(72, 1)-(72, 25)",b'using JSC::MessageLevel;'
Source,../repos/incubator-weex/weex_core/Source/include/JavaScriptCore/runtime/Float64Array.h,"(30, 1)-(30, 25)",b'using JSC::Float64Array;'
Source,../repos/incubator-weex/weex_core/Source/include/JavaScriptCore/runtime/Int8Array.h,"(30, 1)-(30, 22)",b'using JSC::Int8Array;'
Source,../repos/incubator-weex/weex_core/Source/include/JavaScriptCore/runtime/Int32Array.h,"(30, 1)-(30, 23)",b'using JSC::Int32Array;'
Source,../repos/incubator-weex/weex_core/Source/include/JavaScriptCore/runtime/VM.h,"(83, 1)-(83, 24)",b'using WTF::SimpleStats;'
Source,../repos/incubator-weex/weex_core/Source/include/JavaScriptCore/runtime/ArrayBufferView.h,"(223, 1)-(223, 28)",b'using JSC::ArrayBufferView;'
Source,../repos/incubator-weex/weex_core/Source/include/JavaScriptCore/runtime/Int16Array.h,"(30, 1)-(30, 23)",b'using JSC::Int16Array;'
Source,../repos/incubator-weex/weex_core/Source/include/JavaScriptCore/runtime/Uint8ClampedArray.h,"(30, 1)-(30, 30)",b'using JSC::Uint8ClampedArray;'
Source,../repos/incubator-weex/weex_core/Source/include/JavaScriptCore/runtime/Uint16Array.h,"(30, 1)-(30, 24)",b'using JSC::Uint16Array;'
Source,../repos/incubator-weex/weex_core/Source/include/JavaScriptCore/runtime/JSFunction.h,"(160, 5)-(160, 32)",b'using Base::finishCreation;'
Source,../repos/incubator-weex/weex_core/Source/include/JavaScriptCore/runtime/JSObject.h,"(987, 5)-(987, 37)",b'using JSCell::isAPIValueWrapper;'
Source,../repos/incubator-weex/weex_core/Source/include/JavaScriptCore/runtime/JSObject.h,"(988, 5)-(988, 34)",b'using JSCell::isGetterSetter;'
Source,../repos/incubator-weex/weex_core/Source/include/JavaScriptCore/runtime/Uint8Array.h,"(30, 1)-(30, 23)",b'using JSC::Uint8Array;'
Source,../repos/incubator-weex/weex_core/Source/include/JavaScriptCore/runtime/JSCallee.h,"(95, 5)-(95, 32)",b'using Base::finishCreation;'
Source,../repos/incubator-weex/weex_core/Source/include/JavaScriptCore/runtime/Uint32Array.h,"(30, 1)-(30, 24)",b'using JSC::Uint32Array;'
Source,../repos/incubator-weex/weex_core/Source/include/JavaScriptCore/runtime/ArrayBuffer.h,"(221, 1)-(221, 24)",b'using JSC::ArrayBuffer;'
Source,../repos/incubator-weex/weex_core/Source/include/JavaScriptCore/runtime/Float32Array.h,"(30, 1)-(30, 25)",b'using JSC::Float32Array;'
Source,../repos/incubator-weex/weex_core/Source/include/JavaScriptCore/runtime/TypedArrayBase.h,"(150, 1)-(150, 27)",b'using JSC::TypedArrayBase;'
Source,../repos/incubator-weex/weex_core/Source/include/JavaScriptCore/runtime/Options.h,"(38, 1)-(38, 26)",b'using WTF::StringBuilder;'
Source,../repos/incubator-weex/weex_core/Source/include/JavaScriptCore/runtime/EvalExecutable.h,"(67, 5)-(67, 32)",b'using Base::finishCreation;'
Source,../repos/incubator-weex/weex_core/Source/include/JavaScriptCore/heap/Local.h,"(41, 5)-(41, 27)",b'using Handle<T>::slot;'
Source,../repos/incubator-weex/weex_core/Source/include/JavaScriptCore/heap/Strong.h,"(38, 5)-(38, 27)",b'using Handle<T>::slot;'
Source,../repos/incubator-weex/weex_core/Source/include/JavaScriptCore/heap/Strong.h,"(39, 5)-(39, 30)",b'using Handle<T>::setSlot;'
Source,../repos/incubator-weex/weex_core/Source/include/JavaScriptCore/yarr/YarrInterpreter.h,"(34, 1)-(34, 33)",b'using WTF::BumpPointerAllocator;'
Source,../repos/incubator-weex/weex_core/Source/include/JavaScriptCore/parser/Nodes.h,"(1353, 9)-(1353, 50)",b'using ParserArenaDeletable::operator new;'
Source,../repos/incubator-weex/weex_core/Source/include/JavaScriptCore/parser/Nodes.h,"(1469, 9)-(1469, 50)",b'using ParserArenaDeletable::operator new;'
Source,../repos/incubator-weex/weex_core/Source/include/JavaScriptCore/parser/Nodes.h,"(1486, 9)-(1486, 50)",b'using ParserArenaDeletable::operator new;'
Source,../repos/incubator-weex/weex_core/Source/include/JavaScriptCore/parser/Nodes.h,"(1595, 9)-(1595, 50)",b'using ParserArenaDeletable::operator new;'
Source,../repos/incubator-weex/weex_core/Source/include/JavaScriptCore/parser/Nodes.h,"(1614, 9)-(1614, 45)",b'using ParserArenaRoot::operator new;'
Source,../repos/incubator-weex/weex_core/Source/include/JavaScriptCore/parser/Nodes.h,"(1872, 9)-(1872, 50)",b'using ParserArenaDeletable::operator new;'
Source,../repos/incubator-weex/weex_core/Source/include/JavaScriptCore/parser/Nodes.h,"(2043, 9)-(2043, 50)",b'using ParserArenaDeletable::operator new;'
Source,../repos/incubator-weex/weex_core/Source/include/JavaScriptCore/parser/Nodes.h,"(2086, 9)-(2086, 50)",b'using ParserArenaDeletable::operator new;'
Source,../repos/incubator-weex/weex_core/Source/include/JavaScriptCore/parser/Nodes.h,"(2116, 9)-(2116, 50)",b'using ParserArenaDeletable::operator new;'
Source,../repos/incubator-weex/weex_core/Source/include/JavaScriptCore/parser/Nodes.h,"(2321, 9)-(2321, 50)",b'using ParserArenaDeletable::operator new;'
Source,../repos/incubator-weex/weex_core/Source/include/JavaScriptCore/jit/UnusedPointer.h,"(34, 1)-(34, 26)",b'using JSC::unusedPointer;'
Source,../repos/incubator-weex/weex_core/Source/include/JavaScriptCore/jit/JIT.h,"(183, 9)-(183, 36)",b'using MacroAssembler::Jump;'
Source,../repos/incubator-weex/weex_core/Source/include/JavaScriptCore/jit/JIT.h,"(184, 9)-(184, 40)",b'using MacroAssembler::JumpList;'
Source,../repos/incubator-weex/weex_core/Source/include/JavaScriptCore/jit/JIT.h,"(185, 9)-(185, 37)",b'using MacroAssembler::Label;'
Source,../repos/incubator-weex/weex_core/Source/include/JavaScriptCore/dfg/DFGNode.h,"(2703, 1)-(2703, 22)",b'using WTF::inContext;'
Source,../repos/incubator-weex/weex_core/Source/include/JavaScriptCore/API/JSCallbackObject.h,"(191, 5)-(191, 31)",b'using Parent::methodTable;'
Source,../repos/incubator-weex/weex_core/Source/include/WeexApiHeader.h,"(42, 1)-(42, 26)",b'using namespace WeexCore;'
Source,../repos/incubator-weex/weex_core/Source/include/wtf/CommaPrinter.h,"(63, 1)-(63, 25)",b'using WTF::CommaPrinter;'
Source,../repos/incubator-weex/weex_core/Source/include/wtf/FunctionDispatcher.h,"(50, 1)-(50, 31)",b'using WTF::FunctionDispatcher;'
Source,../repos/incubator-weex/weex_core/Source/include/wtf/VectorTraits.h,"(93, 1)-(93, 25)",b'using WTF::VectorTraits;'
Source,../repos/incubator-weex/weex_core/Source/include/wtf/VectorTraits.h,"(94, 1)-(94, 36)",b'using WTF::SimpleClassVectorTraits;'
Source,../repos/incubator-weex/weex_core/Source/include/wtf/SegmentedVector.h,"(275, 1)-(275, 28)",b'using WTF::SegmentedVector;'
Source,../repos/incubator-weex/weex_core/Source/include/wtf/ThreadingPrimitives.h,"(116, 1)-(116, 18)",b'using WTF::Mutex;'
Source,../repos/incubator-weex/weex_core/Source/include/wtf/ThreadingPrimitives.h,"(117, 1)-(117, 24)",b'using WTF::MutexLocker;'
Source,../repos/incubator-weex/weex_core/Source/include/wtf/ThreadingPrimitives.h,"(118, 1)-(118, 28)",b'using WTF::ThreadCondition;'
Source,../repos/incubator-weex/weex_core/Source/include/wtf/ThreadingPrimitives.h,"(121, 1)-(121, 46)",b'using WTF::absoluteTimeToWaitTimeoutInterval;'
Source,../repos/incubator-weex/weex_core/Source/include/wtf/Insertion.h,"(82, 1)-(82, 22)",b'using WTF::Insertion;'
Source,../repos/incubator-weex/weex_core/Source/include/wtf/Insertion.h,"(83, 1)-(83, 30)",b'using WTF::executeInsertions;'
Source,../repos/incubator-weex/weex_core/Source/include/wtf/UniqueRef.h,"(78, 1)-(78, 22)",b'using WTF::UniqueRef;'
Source,../repos/incubator-weex/weex_core/Source/include/wtf/UniqueRef.h,"(79, 1)-(79, 26)",b'using WTF::makeUniqueRef;'
Source,../repos/incubator-weex/weex_core/Source/include/wtf/Ref.h,"(232, 1)-(232, 16)",b'using WTF::Ref;'
Source,../repos/incubator-weex/weex_core/Source/include/wtf/Ref.h,"(233, 1)-(233, 21)",b'using WTF::adoptRef;'
Source,../repos/incubator-weex/weex_core/Source/include/wtf/Ref.h,"(234, 1)-(234, 20)",b'using WTF::makeRef;'
Source,../repos/incubator-weex/weex_core/Source/include/wtf/Ref.h,"(235, 1)-(235, 34)",b'using WTF::static_reference_cast;'
Source,../repos/incubator-weex/weex_core/Source/include/wtf/Box.h,"(78, 1)-(78, 16)",b'using WTF::Box;'
Source,../repos/incubator-weex/weex_core/Source/include/wtf/CrossThreadTask.h,"(101, 1)-(101, 28)",b'using WTF::CrossThreadTask;'
Source,../repos/incubator-weex/weex_core/Source/include/wtf/CrossThreadTask.h,"(102, 1)-(102, 34)",b'using WTF::createCrossThreadTask;'
Source,../repos/incubator-weex/weex_core/Source/include/wtf/BagToHashMap.h,"(47, 1)-(47, 22)",b'using WTF::toHashMap;'
Source,../repos/incubator-weex/weex_core/Source/include/wtf/SystemTracing.h,"(116, 1)-(116, 23)",b'using WTF::TraceScope;'
Source,../repos/incubator-weex/weex_core/Source/include/wtf/SystemTracing.h,"(117, 1)-(117, 23)",b'using WTF::TracePoint;'
Source,../repos/incubator-weex/weex_core/Source/include/wtf/OptionSet.h,"(151, 1)-(151, 22)",b'using WTF::OptionSet;'
Source,../repos/incubator-weex/weex_core/Source/include/wtf/WorkQueue.h,"(115, 1)-(115, 22)",b'using WTF::WorkQueue;'
Source,../repos/incubator-weex/weex_core/Source/include/wtf/FilePrintStream.h,"(58, 1)-(58, 28)",b'using WTF::FilePrintStream;'
Source,../repos/incubator-weex/weex_core/Source/include/wtf/CryptographicallyRandomNumber.h,"(38, 1)-(38, 42)",b'using WTF::cryptographicallyRandomNumber;'
Source,../repos/incubator-weex/weex_core/Source/include/wtf/CryptographicallyRandomNumber.h,"(39, 1)-(39, 42)",b'using WTF::cryptographicallyRandomValues;'
Source,../repos/incubator-weex/weex_core/Source/include/wtf/SHA1.h,"(90, 1)-(90, 17)",b'using WTF::SHA1;'
Source,../repos/incubator-weex/weex_core/Source/include/wtf/WTFThreadData.h,"(146, 1)-(146, 26)",b'using WTF::WTFThreadData;'
Source,../repos/incubator-weex/weex_core/Source/include/wtf/WTFThreadData.h,"(147, 1)-(147, 26)",b'using WTF::wtfThreadData;'
Source,../repos/incubator-weex/weex_core/Source/include/wtf/WTFThreadData.h,"(148, 1)-(148, 30)",b'using WTF::AtomicStringTable;'
Source,../repos/incubator-weex/weex_core/Source/include/wtf/Locker.h,"(132, 1)-(132, 27)",b'using WTF::AbstractLocker;'
Source,../repos/incubator-weex/weex_core/Source/include/wtf/Locker.h,"(133, 1)-(133, 19)",b'using WTF::Locker;'
Source,../repos/incubator-weex/weex_core/Source/include/wtf/Locker.h,"(134, 1)-(134, 34)",b'using WTF::NoLockingNecessaryTag;'
Source,../repos/incubator-weex/weex_core/Source/include/wtf/Locker.h,"(135, 1)-(135, 31)",b'using WTF::NoLockingNecessary;'
Source,../repos/incubator-weex/weex_core/Source/include/wtf/Locker.h,"(136, 1)-(136, 21)",b'using WTF::holdLock;'
Source,../repos/incubator-weex/weex_core/Source/include/wtf/Optional.h,"(534, 70)-(534, 86)",b'using std::swap;'
Source,../repos/incubator-weex/weex_core/Source/include/wtf/Optional.h,"(1109, 1)-(1109, 27)",b'using WTF::valueOrCompute;'
Source,../repos/incubator-weex/weex_core/Source/include/wtf/PassRefPtr.h,"(159, 1)-(159, 23)",b'using WTF::PassRefPtr;'
Source,../repos/incubator-weex/weex_core/Source/include/wtf/PassRefPtr.h,"(160, 1)-(160, 32)",b'using WTF::static_pointer_cast;'
Source,../repos/incubator-weex/weex_core/Source/include/wtf/TypeCasts.h,"(108, 1)-(108, 27)",b'using WTF::TypeCastTraits;'
Source,../repos/incubator-weex/weex_core/Source/include/wtf/TypeCasts.h,"(109, 1)-(109, 15)",b'using WTF::is;'
Source,../repos/incubator-weex/weex_core/Source/include/wtf/TypeCasts.h,"(110, 1)-(110, 21)",b'using WTF::downcast;'
Source,../repos/incubator-weex/weex_core/Source/include/wtf/SinglyLinkedList.h,"(70, 1)-(70, 29)",b'using WTF::SinglyLinkedList;'
Source,../repos/incubator-weex/weex_core/Source/include/wtf/TinyLRUCache.h,"(81, 1)-(81, 25)",b'using WTF::TinyLRUCache;'
Source,../repos/incubator-weex/weex_core/Source/include/wtf/TinyLRUCache.h,"(82, 1)-(82, 31)",b'using WTF::TinyLRUCachePolicy;'
Source,../repos/incubator-weex/weex_core/Source/include/wtf/RefPtr.h,"(257, 1)-(257, 19)",b'using WTF::RefPtr;'
Source,../repos/incubator-weex/weex_core/Source/include/wtf/RefPtr.h,"(258, 1)-(258, 21)",b'using WTF::adoptRef;'
Source,../repos/incubator-weex/weex_core/Source/include/wtf/RefPtr.h,"(259, 1)-(259, 23)",b'using WTF::makeRefPtr;'
Source,../repos/incubator-weex/weex_core/Source/include/wtf/RefPtr.h,"(260, 1)-(260, 32)",b'using WTF::static_pointer_cast;'
Source,../repos/incubator-weex/weex_core/Source/include/wtf/FastTLS.h,"(89, 1)-(89, 32)",b'using WTF::fastTLSOffsetForKey;'
Source,../repos/incubator-weex/weex_core/Source/include/wtf/FastTLS.h,"(92, 1)-(92, 24)",b'using WTF::loadFastTLS;'
Source,../repos/incubator-weex/weex_core/Source/include/wtf/CurrentTime.h,"(78, 1)-(78, 27)",b'using WTF::currentCPUTime;'
Source,../repos/incubator-weex/weex_core/Source/include/wtf/CurrentTime.h,"(79, 1)-(79, 24)",b'using WTF::currentTime;'
Source,../repos/incubator-weex/weex_core/Source/include/wtf/CurrentTime.h,"(80, 1)-(80, 26)",b'using WTF::currentTimeMS;'
Source,../repos/incubator-weex/weex_core/Source/include/wtf/CurrentTime.h,"(81, 1)-(81, 40)",b'using WTF::monotonicallyIncreasingTime;'
Source,../repos/incubator-weex/weex_core/Source/include/wtf/CurrentTime.h,"(82, 1)-(82, 42)",b'using WTF::monotonicallyIncreasingTimeMS;'
Source,../repos/incubator-weex/weex_core/Source/include/wtf/CurrentTime.h,"(83, 1)-(83, 18)",b'using WTF::sleep;'
Source,../repos/incubator-weex/weex_core/Source/include/wtf/CurrentTime.h,"(84, 1)-(84, 20)",b'using WTF::sleepMS;'
Source,../repos/incubator-weex/weex_core/Source/include/wtf/Function.h,"(100, 1)-(100, 21)",b'using WTF::Function;'
Source,../repos/incubator-weex/weex_core/Source/include/wtf/HashTraits.h,"(373, 1)-(373, 23)",b'using WTF::HashTraits;'
Source,../repos/incubator-weex/weex_core/Source/include/wtf/HashTraits.h,"(374, 1)-(374, 27)",b'using WTF::PairHashTraits;'
Source,../repos/incubator-weex/weex_core/Source/include/wtf/HashTraits.h,"(375, 1)-(375, 31)",b'using WTF::NullableHashTraits;'
Source,../repos/incubator-weex/weex_core/Source/include/wtf/HashTraits.h,"(376, 1)-(376, 34)",b'using WTF::SimpleClassHashTraits;'
Source,../repos/incubator-weex/weex_core/Source/include/wtf/OSObjectPtr.h,"(133, 1)-(133, 24)",b'using WTF::OSObjectPtr;'
Source,../repos/incubator-weex/weex_core/Source/include/wtf/OSObjectPtr.h,"(134, 1)-(134, 26)",b'using WTF::adoptOSObject;'
Source,../repos/incubator-weex/weex_core/Source/include/wtf/StdLibExtras.h,"(354, 5)-(354, 35)",b'using Visitor<A>::operator ();'
Source,../repos/incubator-weex/weex_core/Source/include/wtf/StdLibExtras.h,"(355, 5)-(355, 38)",b'using Visitor<B...>::operator ();'
Source,../repos/incubator-weex/weex_core/Source/include/wtf/StdLibExtras.h,"(365, 5)-(365, 25)",b'using A::operator();'
Source,../repos/incubator-weex/weex_core/Source/include/wtf/StdLibExtras.h,"(478, 1)-(478, 15)",b'using WTF::KB;'
Source,../repos/incubator-weex/weex_core/Source/include/wtf/StdLibExtras.h,"(479, 1)-(479, 15)",b'using WTF::MB;'
Source,../repos/incubator-weex/weex_core/Source/include/wtf/StdLibExtras.h,"(480, 1)-(480, 15)",b'using WTF::GB;'
Source,../repos/incubator-weex/weex_core/Source/include/wtf/StdLibExtras.h,"(481, 1)-(481, 36)",b'using WTF::approximateBinarySearch;'
Source,../repos/incubator-weex/weex_core/Source/include/wtf/StdLibExtras.h,"(482, 1)-(482, 25)",b'using WTF::binarySearch;'
Source,../repos/incubator-weex/weex_core/Source/include/wtf/StdLibExtras.h,"(483, 1)-(483, 25)",b'using WTF::bitwise_cast;'
Source,../repos/incubator-weex/weex_core/Source/include/wtf/StdLibExtras.h,"(484, 1)-(484, 32)",b'using WTF::callStatelessLambda;'
Source,../repos/incubator-weex/weex_core/Source/include/wtf/StdLibExtras.h,"(485, 1)-(485, 24)",b'using WTF::checkAndSet;'
Source,../repos/incubator-weex/weex_core/Source/include/wtf/StdLibExtras.h,"(486, 1)-(486, 26)",b'using WTF::findBitInWord;'
Source,../repos/incubator-weex/weex_core/Source/include/wtf/StdLibExtras.h,"(487, 1)-(487, 36)",b'using WTF::insertIntoBoundedVector;'
Source,../repos/incubator-weex/weex_core/Source/include/wtf/StdLibExtras.h,"(488, 1)-(488, 32)",b'using WTF::isCompilationThread;'
Source,../repos/incubator-weex/weex_core/Source/include/wtf/StdLibExtras.h,"(489, 1)-(489, 29)",b'using WTF::isPointerAligned;'
Source,../repos/incubator-weex/weex_core/Source/include/wtf/StdLibExtras.h,"(490, 1)-(490, 30)",b'using WTF::isStatelessLambda;'
Source,../repos/incubator-weex/weex_core/Source/include/wtf/StdLibExtras.h,"(491, 1)-(491, 27)",b'using WTF::is8ByteAligned;'
Source,../repos/incubator-weex/weex_core/Source/include/wtf/StdLibExtras.h,"(492, 1)-(492, 32)",b'using WTF::roundUpToMultipleOf;'
Source,../repos/incubator-weex/weex_core/Source/include/wtf/StdLibExtras.h,"(493, 1)-(493, 21)",b'using WTF::safeCast;'
Source,../repos/incubator-weex/weex_core/Source/include/wtf/StdLibExtras.h,"(494, 1)-(494, 28)",b'using WTF::tryBinarySearch;'
Source,../repos/incubator-weex/weex_core/Source/include/wtf/StdLibExtras.h,"(498, 1)-(498, 48)",b'using namespace std::literals::chrono_literals;'
Source,../repos/incubator-weex/weex_core/Source/include/wtf/FastMalloc.h,"(110, 1)-(110, 43)",b'using WTF::fastSetMaxSingleAllocationSize;'
Source,../repos/incubator-weex/weex_core/Source/include/wtf/FastMalloc.h,"(113, 1)-(113, 32)",b'using WTF::isFastMallocEnabled;'
Source,../repos/incubator-weex/weex_core/Source/include/wtf/FastMalloc.h,"(114, 1)-(114, 23)",b'using WTF::fastCalloc;'
Source,../repos/incubator-weex/weex_core/Source/include/wtf/FastMalloc.h,"(115, 1)-(115, 21)",b'using WTF::fastFree;'
Source,../repos/incubator-weex/weex_core/Source/include/wtf/FastMalloc.h,"(116, 1)-(116, 23)",b'using WTF::fastMalloc;'
Source,../repos/incubator-weex/weex_core/Source/include/wtf/FastMalloc.h,"(117, 1)-(117, 31)",b'using WTF::fastMallocGoodSize;'
Source,../repos/incubator-weex/weex_core/Source/include/wtf/FastMalloc.h,"(118, 1)-(118, 27)",b'using WTF::fastMallocSize;'
Source,../repos/incubator-weex/weex_core/Source/include/wtf/FastMalloc.h,"(119, 1)-(119, 24)",b'using WTF::fastRealloc;'
Source,../repos/incubator-weex/weex_core/Source/include/wtf/FastMalloc.h,"(120, 1)-(120, 23)",b'using WTF::fastStrDup;'
Source,../repos/incubator-weex/weex_core/Source/include/wtf/FastMalloc.h,"(121, 1)-(121, 29)",b'using WTF::fastZeroedMalloc;'
Source,../repos/incubator-weex/weex_core/Source/include/wtf/FastMalloc.h,"(122, 1)-(122, 33)",b'using WTF::tryFastAlignedMalloc;'
Source,../repos/incubator-weex/weex_core/Source/include/wtf/FastMalloc.h,"(123, 1)-(123, 26)",b'using WTF::tryFastCalloc;'
Source,../repos/incubator-weex/weex_core/Source/include/wtf/FastMalloc.h,"(124, 1)-(124, 26)",b'using WTF::tryFastMalloc;'
Source,../repos/incubator-weex/weex_core/Source/include/wtf/FastMalloc.h,"(125, 1)-(125, 32)",b'using WTF::tryFastZeroedMalloc;'
Source,../repos/incubator-weex/weex_core/Source/include/wtf/FastMalloc.h,"(126, 1)-(126, 30)",b'using WTF::fastAlignedMalloc;'
Source,../repos/incubator-weex/weex_core/Source/include/wtf/FastMalloc.h,"(127, 1)-(127, 28)",b'using WTF::fastAlignedFree;'
Source,../repos/incubator-weex/weex_core/Source/include/wtf/TimeWithDynamicClockType.h,"(160, 1)-(160, 37)",b'using WTF::TimeWithDynamicClockType;'
Source,../repos/incubator-weex/weex_core/Source/include/wtf/TimeWithDynamicClockType.h,"(161, 1)-(161, 23)",b'using WTF::hasElapsed;'
Source,../repos/incubator-weex/weex_core/Source/include/wtf/TimeWithDynamicClockType.h,"(162, 1)-(162, 18)",b'using WTF::sleep;'
Source,../repos/incubator-weex/weex_core/Source/include/wtf/DeferrableRefCounted.h,"(120, 1)-(120, 33)",b'using WTF::DeferrableRefCounted;'
Source,../repos/incubator-weex/weex_core/Source/include/wtf/Deque.h,"(686, 1)-(686, 18)",b'using WTF::Deque;'
Source,../repos/incubator-weex/weex_core/Source/include/wtf/IndexSet.h,"(163, 1)-(163, 21)",b'using WTF::IndexSet;'
Source,../repos/incubator-weex/weex_core/Source/include/wtf/StackStats.h,"(146, 1)-(146, 23)",b'using WTF::StackStats;'
Source,../repos/incubator-weex/weex_core/Source/include/wtf/PageAllocation.h,"(78, 5)-(78, 27)",b'using PageBlock::size;'
Source,../repos/incubator-weex/weex_core/Source/include/wtf/PageAllocation.h,"(79, 5)-(79, 27)",b'using PageBlock::base;'
Source,../repos/incubator-weex/weex_core/Source/include/wtf/PageAllocation.h,"(82, 5)-(82, 36)",b'using PageBlock::operator bool;'
Source,../repos/incubator-weex/weex_core/Source/include/wtf/PageAllocation.h,"(117, 1)-(117, 27)",b'using WTF::PageAllocation;'
Source,../repos/incubator-weex/weex_core/Source/include/wtf/LoggingAccumulator.h,"(37, 1)-(37, 33)",b'using WTF::resetAccumulatedLogs;'
Source,../repos/incubator-weex/weex_core/Source/include/wtf/LoggingAccumulator.h,"(38, 1)-(38, 39)",b'using WTF::getAndResetAccumulatedLogs;'
Source,../repos/incubator-weex/weex_core/Source/include/wtf/StackBounds.h,"(158, 1)-(158, 24)",b'using WTF::StackBounds;'
Source,../repos/incubator-weex/weex_core/Source/include/wtf/Expected.h,"(286, 9)-(286, 25)",b'using std::swap;'
Source,../repos/incubator-weex/weex_core/Source/include/wtf/Expected.h,"(360, 9)-(360, 25)",b'using std::swap;'
Source,../repos/incubator-weex/weex_core/Source/include/wtf/Expected.h,"(451, 1)-(451, 27)",b'using WTF::UnexpectedType;'
Source,../repos/incubator-weex/weex_core/Source/include/wtf/Expected.h,"(452, 1)-(452, 27)",b'using WTF::makeUnexpected;'
Source,../repos/incubator-weex/weex_core/Source/include/wtf/Expected.h,"(453, 1)-(453, 21)",b'using WTF::Unexpect;'
Source,../repos/incubator-weex/weex_core/Source/include/wtf/Expected.h,"(454, 1)-(454, 21)",b'using WTF::Expected;'
Source,../repos/incubator-weex/weex_core/Source/include/wtf/Expected.h,"(455, 1)-(455, 25)",b'using WTF::makeExpected;'
Source,../repos/incubator-weex/weex_core/Source/include/wtf/Expected.h,"(456, 1)-(456, 34)",b'using WTF::makeExpectedFromError;'
Source,../repos/incubator-weex/weex_core/Source/include/wtf/SynchronizedFixedQueue.h,"(121, 1)-(121, 35)",b'using WTF::SynchronizedFixedQueue;'
Source,../repos/incubator-weex/weex_core/Source/include/wtf/HashMap.h,"(595, 1)-(595, 20)",b'using WTF::HashMap;'
Source,../repos/incubator-weex/weex_core/Source/include/wtf/SharedTask.h,"(126, 1)-(126, 29)",b'using WTF::createSharedTask;'
Source,../repos/incubator-weex/weex_core/Source/include/wtf/SharedTask.h,"(127, 1)-(127, 23)",b'using WTF::SharedTask;'
Source,../repos/incubator-weex/weex_core/Source/include/wtf/SharedTask.h,"(128, 1)-(128, 30)",b'using WTF::SharedTaskFunctor;'
Source,../repos/incubator-weex/weex_core/Source/include/wtf/BloomFilter.h,"(264, 1)-(264, 24)",b'using WTF::BloomFilter;'
Source,../repos/incubator-weex/weex_core/Source/include/wtf/BloomFilter.h,"(265, 1)-(265, 32)",b'using WTF::CountingBloomFilter;'
Source,../repos/incubator-weex/weex_core/Source/include/wtf/MediaTime.h,"(167, 1)-(167, 22)",b'using WTF::MediaTime;'
Source,../repos/incubator-weex/weex_core/Source/include/wtf/MediaTime.h,"(168, 1)-(168, 16)",b'using WTF::abs;'
Source,../repos/incubator-weex/weex_core/Source/include/wtf/NoLock.h,"(44, 1)-(44, 19)",b'using WTF::NoLock;'
Source,../repos/incubator-weex/weex_core/Source/include/wtf/NoLock.h,"(45, 1)-(45, 25)",b'using WTF::NoLockLocker;'
Source,../repos/incubator-weex/weex_core/Source/include/wtf/CompilationThread.h,"(55, 1)-(55, 29)",b'using WTF::CompilationScope;'
Source,../repos/incubator-weex/weex_core/Source/include/wtf/CompilationThread.h,"(56, 1)-(56, 40)",b'using WTF::exchangeIsCompilationThread;'
Source,../repos/incubator-weex/weex_core/Source/include/wtf/DoublyLinkedList.h,"(217, 1)-(217, 33)",b'using WTF::DoublyLinkedListNode;'
Source,../repos/incubator-weex/weex_core/Source/include/wtf/DoublyLinkedList.h,"(218, 1)-(218, 29)",b'using WTF::DoublyLinkedList;'
Source,../repos/incubator-weex/weex_core/Source/include/wtf/CrossThreadQueue.h,"(96, 1)-(96, 29)",b'using WTF::CrossThreadQueue;'
Source,../repos/incubator-weex/weex_core/Source/include/wtf/OrderMaker.h,"(140, 1)-(140, 23)",b'using WTF::OrderMaker;'
Source,../repos/incubator-weex/weex_core/Source/include/wtf/Indenter.h,"(65, 1)-(65, 21)",b'using WTF::Indenter;'
Source,../repos/incubator-weex/weex_core/Source/include/wtf/MonotonicTime.h,"(161, 1)-(161, 26)",b'using WTF::MonotonicTime;'
Source,../repos/incubator-weex/weex_core/Source/include/wtf/MessageQueue.h,"(250, 1)-(250, 25)",b'using WTF::MessageQueue;'
Source,../repos/incubator-weex/weex_core/Source/include/wtf/MessageQueue.h,"(252, 1)-(252, 35)",b'using WTF::MessageQueueWaitResult;'
Source,../repos/incubator-weex/weex_core/Source/include/wtf/MessageQueue.h,"(253, 1)-(253, 35)",b'using WTF::MessageQueueTerminated;'
Source,../repos/incubator-weex/weex_core/Source/include/wtf/MessageQueue.h,"(254, 1)-(254, 32)",b'using WTF::MessageQueueTimeout;'
Source,../repos/incubator-weex/weex_core/Source/include/wtf/MessageQueue.h,"(255, 1)-(255, 40)",b'using WTF::MessageQueueMessageReceived;'
Source,../repos/incubator-weex/weex_core/Source/include/wtf/dtoa.h,"(79, 1)-(79, 33)",b'using WTF::NumberToStringBuffer;'
Source,../repos/incubator-weex/weex_core/Source/include/wtf/dtoa.h,"(80, 1)-(80, 34)",b'using WTF::NumberToLStringBuffer;'
Source,../repos/incubator-weex/weex_core/Source/include/wtf/dtoa.h,"(81, 1)-(81, 27)",b'using WTF::numberToString;'
Source,../repos/incubator-weex/weex_core/Source/include/wtf/dtoa.h,"(82, 1)-(82, 41)",b'using WTF::numberToFixedPrecisionString;'
Source,../repos/incubator-weex/weex_core/Source/include/wtf/dtoa.h,"(83, 1)-(83, 37)",b'using WTF::numberToFixedWidthString;'
Source,../repos/incubator-weex/weex_core/Source/include/wtf/dtoa.h,"(84, 1)-(84, 24)",b'using WTF::parseDouble;'
Source,../repos/incubator-weex/weex_core/Source/include/wtf/TriState.h,"(44, 1)-(44, 21)",b'using WTF::TriState;'
Source,../repos/incubator-weex/weex_core/Source/include/wtf/TriState.h,"(45, 1)-(45, 26)",b'using WTF::FalseTriState;'
Source,../repos/incubator-weex/weex_core/Source/include/wtf/TriState.h,"(46, 1)-(46, 25)",b'using WTF::TrueTriState;'
Source,../repos/incubator-weex/weex_core/Source/include/wtf/TriState.h,"(47, 1)-(47, 26)",b'using WTF::MixedTriState;'
Source,../repos/incubator-weex/weex_core/Source/include/wtf/TriState.h,"(48, 1)-(48, 21)",b'using WTF::triState;'
Source,../repos/incubator-weex/weex_core/Source/include/wtf/BubbleSort.h,"(99, 1)-(99, 23)",b'using WTF::bubbleSort;'
Source,../repos/incubator-weex/weex_core/Source/include/wtf/GraphNodeWorklist.h,"(215, 1)-(215, 30)",b'using WTF::GraphNodeWorklist;'
Source,../repos/incubator-weex/weex_core/Source/include/wtf/GraphNodeWorklist.h,"(216, 1)-(216, 26)",b'using WTF::GraphNodeWith;'
Source,../repos/incubator-weex/weex_core/Source/include/wtf/GraphNodeWorklist.h,"(217, 1)-(217, 38)",b'using WTF::ExtendedGraphNodeWorklist;'
Source,../repos/incubator-weex/weex_core/Source/include/wtf/GraphNodeWorklist.h,"(218, 1)-(218, 28)",b'using WTF::GraphVisitOrder;'
Source,../repos/incubator-weex/weex_core/Source/include/wtf/GraphNodeWorklist.h,"(219, 1)-(219, 31)",b'using WTF::GraphNodeWithOrder;'
Source,../repos/incubator-weex/weex_core/Source/include/wtf/GraphNodeWorklist.h,"(220, 1)-(220, 39)",b'using WTF::PostOrderGraphNodeWorklist;'
Source,../repos/incubator-weex/weex_core/Source/include/wtf/text/TextPosition.h,"(54, 1)-(54, 25)",b'using WTF::TextPosition;'
Source,../repos/incubator-weex/weex_core/Source/include/wtf/text/StringCommon.h,"(653, 1)-(653, 35)",b'using WTF::equalIgnoringASCIICase;'
Source,../repos/incubator-weex/weex_core/Source/include/wtf/text/StringCommon.h,"(654, 1)-(654, 42)",b'using WTF::equalLettersIgnoringASCIICase;'
Source,../repos/incubator-weex/weex_core/Source/include/wtf/text/UniquedStringImpl.h,"(63, 1)-(63, 30)",b'using WTF::UniquedStringImpl;'
Source,../repos/incubator-weex/weex_core/Source/include/wtf/text/Base64.h,"(217, 1)-(217, 31)",b'using WTF::Base64EncodePolicy;'
Source,../repos/incubator-weex/weex_core/Source/include/wtf/text/Base64.h,"(218, 1)-(218, 33)",b'using WTF::Base64DoNotInsertLFs;'
Source,../repos/incubator-weex/weex_core/Source/include/wtf/text/Base64.h,"(219, 1)-(219, 28)",b'using WTF::Base64InsertLFs;'
Source,../repos/incubator-weex/weex_core/Source/include/wtf/text/Base64.h,"(220, 1)-(220, 34)",b'using WTF::Base64ValidatePadding;'
Source,../repos/incubator-weex/weex_core/Source/include/wtf/text/Base64.h,"(221, 1)-(221, 42)",b'using WTF::Base64IgnoreSpacesAndNewLines;'
Source,../repos/incubator-weex/weex_core/Source/include/wtf/text/Base64.h,"(222, 1)-(222, 25)",b'using WTF::base64Encode;'
Source,../repos/incubator-weex/weex_core/Source/include/wtf/text/Base64.h,"(223, 1)-(223, 25)",b'using WTF::base64Decode;'
Source,../repos/incubator-weex/weex_core/Source/include/wtf/text/Base64.h,"(224, 1)-(224, 28)",b'using WTF::base64URLDecode;'
Source,../repos/incubator-weex/weex_core/Source/include/wtf/text/StringBuffer.h,"(88, 1)-(88, 25)",b'using WTF::StringBuffer;'
Source,../repos/incubator-weex/weex_core/Source/include/wtf/text/ConversionMode.h,"(39, 1)-(39, 27)",b'using WTF::ConversionMode;'
Source,../repos/incubator-weex/weex_core/Source/include/wtf/text/ConversionMode.h,"(40, 1)-(40, 30)",b'using WTF::LenientConversion;'
Source,../repos/incubator-weex/weex_core/Source/include/wtf/text/ConversionMode.h,"(41, 1)-(41, 29)",b'using WTF::StrictConversion;'
Source,../repos/incubator-weex/weex_core/Source/include/wtf/text/ConversionMode.h,"(42, 1)-(42, 64)",b'using WTF::StrictConversionReplacingUnpairedS...'
Source,../repos/incubator-weex/weex_core/Source/include/wtf/text/StringConcatenate.h,"(359, 1)-(359, 23)",b'using WTF::makeString;'
Source,../repos/incubator-weex/weex_core/Source/include/wtf/text/StringConcatenate.h,"(360, 1)-(360, 26)",b'using WTF::tryMakeString;'
Source,../repos/incubator-weex/weex_core/Source/include/wtf/text/WTFString.h,"(725, 1)-(725, 20)",b'using WTF::CString;'
Source,../repos/incubator-weex/weex_core/Source/include/wtf/text/WTFString.h,"(726, 1)-(726, 30)",b'using WTF::KeepTrailingZeros;'
Source,../repos/incubator-weex/weex_core/Source/include/wtf/text/WTFString.h,"(727, 1)-(727, 19)",b'using WTF::String;'
Source,../repos/incubator-weex/weex_core/Source/include/wtf/text/WTFString.h,"(728, 1)-(728, 24)",b'using WTF::emptyString;'
Source,../repos/incubator-weex/weex_core/Source/include/wtf/text/WTFString.h,"(729, 1)-(729, 25)",b'using WTF::appendNumber;'
Source,../repos/incubator-weex/weex_core/Source/include/wtf/text/WTFString.h,"(730, 1)-(730, 34)",b'using WTF::charactersAreAllASCII;'
Source,../repos/incubator-weex/weex_core/Source/include/wtf/text/WTFString.h,"(731, 1)-(731, 34)",b'using WTF::charactersToIntStrict;'
Source,../repos/incubator-weex/weex_core/Source/include/wtf/text/WTFString.h,"(732, 1)-(732, 35)",b'using WTF::charactersToUIntStrict;'
Source,../repos/incubator-weex/weex_core/Source/include/wtf/text/WTFString.h,"(733, 1)-(733, 36)",b'using WTF::charactersToInt64Strict;'
Source,../repos/incubator-weex/weex_core/Source/include/wtf/text/WTFString.h,"(734, 1)-(734, 37)",b'using WTF::charactersToUInt64Strict;'
Source,../repos/incubator-weex/weex_core/Source/include/wtf/text/WTFString.h,"(735, 1)-(735, 37)",b'using WTF::charactersToIntPtrStrict;'
Source,../repos/incubator-weex/weex_core/Source/include/wtf/text/WTFString.h,"(736, 1)-(736, 28)",b'using WTF::charactersToInt;'
Source,../repos/incubator-weex/weex_core/Source/include/wtf/text/WTFString.h,"(737, 1)-(737, 29)",b'using WTF::charactersToUInt;'
Source,../repos/incubator-weex/weex_core/Source/include/wtf/text/WTFString.h,"(738, 1)-(738, 30)",b'using WTF::charactersToInt64;'
Source,../repos/incubator-weex/weex_core/Source/include/wtf/text/WTFString.h,"(739, 1)-(739, 31)",b'using WTF::charactersToUInt64;'
Source,../repos/incubator-weex/weex_core/Source/include/wtf/text/WTFString.h,"(740, 1)-(740, 31)",b'using WTF::charactersToIntPtr;'
Source,../repos/incubator-weex/weex_core/Source/include/wtf/text/WTFString.h,"(741, 1)-(741, 31)",b'using WTF::charactersToDouble;'
Source,../repos/incubator-weex/weex_core/Source/include/wtf/text/WTFString.h,"(742, 1)-(742, 30)",b'using WTF::charactersToFloat;'
Source,../repos/incubator-weex/weex_core/Source/include/wtf/text/WTFString.h,"(743, 1)-(743, 18)",b'using WTF::equal;'
Source,../repos/incubator-weex/weex_core/Source/include/wtf/text/WTFString.h,"(744, 1)-(744, 17)",b'using WTF::find;'
Source,../repos/incubator-weex/weex_core/Source/include/wtf/text/WTFString.h,"(745, 1)-(745, 35)",b'using WTF::isAllSpecialCharacters;'
Source,../repos/incubator-weex/weex_core/Source/include/wtf/text/WTFString.h,"(746, 1)-(746, 29)",b'using WTF::isSpaceOrNewline;'
Source,../repos/incubator-weex/weex_core/Source/include/wtf/text/WTFString.h,"(747, 1)-(747, 24)",b'using WTF::reverseFind;'
Source,../repos/incubator-weex/weex_core/Source/include/wtf/text/WTFString.h,"(748, 1)-(748, 25)",b'using WTF::ASCIILiteral;'
Source,../repos/incubator-weex/weex_core/Source/include/wtf/text/StringImpl.h,"(1140, 1)-(1140, 23)",b'using WTF::StringImpl;'
Source,../repos/incubator-weex/weex_core/Source/include/wtf/text/StringImpl.h,"(1141, 1)-(1141, 18)",b'using WTF::equal;'
Source,../repos/incubator-weex/weex_core/Source/include/wtf/text/StringImpl.h,"(1142, 1)-(1142, 32)",b'using WTF::TextCaseSensitivity;'
Source,../repos/incubator-weex/weex_core/Source/include/wtf/text/StringImpl.h,"(1143, 1)-(1143, 30)",b'using WTF::TextCaseSensitive;'
Source,../repos/incubator-weex/weex_core/Source/include/wtf/text/StringImpl.h,"(1144, 1)-(1144, 32)",b'using WTF::TextCaseInsensitive;'
Source,../repos/incubator-weex/weex_core/Source/include/wtf/text/CString.h,"(112, 1)-(112, 20)",b'using WTF::CString;'
Source,../repos/incubator-weex/weex_core/Source/include/wtf/text/OrdinalNumber.h,"(54, 1)-(54, 26)",b'using WTF::OrdinalNumber;'
Source,../repos/incubator-weex/weex_core/Source/include/wtf/text/StringBuilder.h,"(380, 1)-(380, 26)",b'using WTF::StringBuilder;'
Source,../repos/incubator-weex/weex_core/Source/include/wtf/text/StringHash.h,"(181, 1)-(181, 37)",b'using WTF::ASCIICaseInsensitiveHash;'
Source,../repos/incubator-weex/weex_core/Source/include/wtf/text/StringHash.h,"(182, 1)-(182, 26)",b'using WTF::AlreadyHashed;'
Source,../repos/incubator-weex/weex_core/Source/include/wtf/text/StringHash.h,"(183, 1)-(183, 23)",b'using WTF::StringHash;'
Source,../repos/incubator-weex/weex_core/Source/include/wtf/text/TextBreakIteratorInternalICU.h,"(34, 1)-(34, 34)",b'using WTF::currentSearchLocaleID;'
Source,../repos/incubator-weex/weex_core/Source/include/wtf/text/TextBreakIteratorInternalICU.h,"(35, 1)-(35, 37)",b'using WTF::currentTextBreakLocaleID;'
Source,../repos/incubator-weex/weex_core/Source/include/wtf/text/StringConcatenateNumbers.h,"(175, 1)-(175, 28)",b'using WTF::FormattedNumber;'
Source,../repos/incubator-weex/weex_core/Source/include/wtf/text/TextBreakIterator.h,"(349, 1)-(349, 36)",b'using WTF::CachedTextBreakIterator;'
Source,../repos/incubator-weex/weex_core/Source/include/wtf/text/TextBreakIterator.h,"(350, 1)-(350, 34)",b'using WTF::LazyLineBreakIterator;'
Source,../repos/incubator-weex/weex_core/Source/include/wtf/text/TextBreakIterator.h,"(351, 1)-(351, 34)",b'using WTF::LineBreakIteratorMode;'
Source,../repos/incubator-weex/weex_core/Source/include/wtf/text/TextBreakIterator.h,"(352, 1)-(352, 44)",b'using WTF::NonSharedCharacterBreakIterator;'
Source,../repos/incubator-weex/weex_core/Source/include/wtf/text/TextBreakIterator.h,"(353, 1)-(353, 30)",b'using WTF::TextBreakIterator;'
Source,../repos/incubator-weex/weex_core/Source/include/wtf/text/TextBreakIterator.h,"(354, 1)-(354, 35)",b'using WTF::TextBreakIteratorCache;'
Source,../repos/incubator-weex/weex_core/Source/include/wtf/text/TextBreakIterator.h,"(355, 1)-(355, 28)",b'using WTF::isWordTextBreak;'
Source,../repos/incubator-weex/weex_core/Source/include/wtf/text/AtomicString.h,"(373, 1)-(373, 25)",b'using WTF::AtomicString;'
Source,../repos/incubator-weex/weex_core/Source/include/wtf/text/AtomicString.h,"(374, 1)-(374, 21)",b'using WTF::nullAtom;'
Source,../repos/incubator-weex/weex_core/Source/include/wtf/text/AtomicString.h,"(375, 1)-(375, 22)",b'using WTF::emptyAtom;'
Source,../repos/incubator-weex/weex_core/Source/include/wtf/text/AtomicString.h,"(376, 1)-(376, 21)",b'using WTF::starAtom;'
Source,../repos/incubator-weex/weex_core/Source/include/wtf/text/AtomicString.h,"(377, 1)-(377, 20)",b'using WTF::xmlAtom;'
Source,../repos/incubator-weex/weex_core/Source/include/wtf/text/AtomicString.h,"(378, 1)-(378, 22)",b'using WTF::xmlnsAtom;'
Source,../repos/incubator-weex/weex_core/Source/include/wtf/text/StringView.h,"(937, 1)-(937, 19)",b'using WTF::append;'
Source,../repos/incubator-weex/weex_core/Source/include/wtf/text/StringView.h,"(938, 1)-(938, 18)",b'using WTF::equal;'
Source,../repos/incubator-weex/weex_core/Source/include/wtf/text/StringView.h,"(939, 1)-(939, 23)",b'using WTF::StringView;'
Source,../repos/incubator-weex/weex_core/Source/include/wtf/text/AtomicStringHash.h,"(69, 1)-(69, 29)",b'using WTF::AtomicStringHash;'
Source,../repos/incubator-weex/weex_core/Source/include/wtf/text/SymbolImpl.h,"(126, 1)-(126, 23)",b'using WTF::SymbolImpl;'
Source,../repos/incubator-weex/weex_core/Source/include/wtf/text/AtomicStringImpl.h,"(132, 1)-(132, 29)",b'using WTF::AtomicStringImpl;'
Source,../repos/incubator-weex/weex_core/Source/include/wtf/LockAlgorithm.h,"(246, 1)-(246, 26)",b'using WTF::LockAlgorithm;'
Source,../repos/incubator-weex/weex_core/Source/include/wtf/FastBitVector.h,"(580, 1)-(580, 26)",b'using WTF::FastBitVector;'
Source,../repos/incubator-weex/weex_core/Source/include/wtf/EnumTraits.h,"(64, 1)-(64, 24)",b'using WTF::isValidEnum;'
Source,../repos/incubator-weex/weex_core/Source/include/wtf/RunLoopTimer.h,"(81, 1)-(81, 25)",b'using WTF::RunLoopTimer;'
Source,../repos/incubator-weex/weex_core/Source/include/wtf/RawPointer.h,"(56, 1)-(56, 23)",b'using WTF::RawPointer;'
Source,../repos/incubator-weex/weex_core/Source/include/wtf/HashMethod.h,"(43, 1)-(43, 23)",b'using WTF::HashMethod;'
Source,../repos/incubator-weex/weex_core/Source/include/wtf/StringBuilder.h,"(372, 1)-(372, 26)",b'using WTF::StringBuilder;'
Source,../repos/incubator-weex/weex_core/Source/include/wtf/PackedIntVector.h,"(124, 1)-(124, 28)",b'using WTF::PackedIntVector;'
Source,../repos/incubator-weex/weex_core/Source/include/wtf/RAMSize.h,"(35, 1)-(35, 20)",b'using WTF::ramSize;'
Source,../repos/incubator-weex/weex_core/Source/include/wtf/RefCounter.h,"(129, 1)-(129, 23)",b'using WTF::RefCounter;'
Source,../repos/incubator-weex/weex_core/Source/include/wtf/RefCounter.h,"(130, 1)-(130, 28)",b'using WTF::RefCounterEvent;'
Source,../repos/incubator-weex/weex_core/Source/include/wtf/StringHashDumpContext.h,"(119, 1)-(119, 34)",b'using WTF::StringHashDumpContext;'
Source,../repos/incubator-weex/weex_core/Source/include/wtf/WindowsExtras.h,"(57, 1)-(57, 29)",b'using WTF::getRegistryValue;'
Source,../repos/incubator-weex/weex_core/Source/include/wtf/WindowsExtras.h,"(58, 1)-(58, 29)",b'using WTF::getWindowPointer;'
Source,../repos/incubator-weex/weex_core/Source/include/wtf/WindowsExtras.h,"(59, 1)-(59, 29)",b'using WTF::setWindowPointer;'
Source,../repos/incubator-weex/weex_core/Source/include/wtf/BlockPtr.h,"(167, 1)-(167, 21)",b'using WTF::BlockPtr;'
Source,../repos/incubator-weex/weex_core/Source/include/wtf/BlockPtr.h,"(168, 1)-(168, 25)",b'using WTF::makeBlockPtr;'
Source,../repos/incubator-weex/weex_core/Source/include/wtf/IndexMap.h,"(82, 1)-(82, 21)",b'using WTF::IndexMap;'
Source,../repos/incubator-weex/weex_core/Source/include/wtf/Bag.h,"(142, 1)-(142, 16)",b'using WTF::Bag;'
Source,../repos/incubator-weex/weex_core/Source/include/wtf/ParallelHelperPool.h,"(216, 1)-(216, 33)",b'using WTF::ParallelHelperClient;'
Source,../repos/incubator-weex/weex_core/Source/include/wtf/ParallelHelperPool.h,"(217, 1)-(217, 31)",b'using WTF::ParallelHelperPool;'
Source,../repos/incubator-weex/weex_core/Source/include/wtf/WallTime.h,"(160, 1)-(160, 21)",b'using WTF::WallTime;'
Source,../repos/incubator-weex/weex_core/Source/include/wtf/HashFunctions.h,"(270, 1)-(270, 24)",b'using WTF::DefaultHash;'
Source,../repos/incubator-weex/weex_core/Source/include/wtf/HashFunctions.h,"(271, 1)-(271, 20)",b'using WTF::IntHash;'
Source,../repos/incubator-weex/weex_core/Source/include/wtf/HashFunctions.h,"(272, 1)-(272, 20)",b'using WTF::PtrHash;'
Source,../repos/incubator-weex/weex_core/Source/include/wtf/BackwardsGraph.h,"(292, 1)-(292, 27)",b'using WTF::BackwardsGraph;'
Source,../repos/incubator-weex/weex_core/Source/include/wtf/ASCIICType.h,"(252, 1)-(252, 20)",b'using WTF::isASCII;'
Source,../repos/incubator-weex/weex_core/Source/include/wtf/ASCIICType.h,"(253, 1)-(253, 25)",b'using WTF::isASCIIAlpha;'
Source,../repos/incubator-weex/weex_core/Source/include/wtf/ASCIICType.h,"(254, 1)-(254, 38)",b'using WTF::isASCIIAlphaCaselessEqual;'
Source,../repos/incubator-weex/weex_core/Source/include/wtf/ASCIICType.h,"(255, 1)-(255, 32)",b'using WTF::isASCIIAlphanumeric;'
Source,../repos/incubator-weex/weex_core/Source/include/wtf/ASCIICType.h,"(256, 1)-(256, 31)",b'using WTF::isASCIIBinaryDigit;'
Source,../repos/incubator-weex/weex_core/Source/include/wtf/ASCIICType.h,"(257, 1)-(257, 25)",b'using WTF::isASCIIDigit;'
Source,../repos/incubator-weex/weex_core/Source/include/wtf/ASCIICType.h,"(258, 1)-(258, 28)",b'using WTF::isASCIIHexDigit;'
Source,../repos/incubator-weex/weex_core/Source/include/wtf/ASCIICType.h,"(259, 1)-(259, 25)",b'using WTF::isASCIILower;'
Source,../repos/incubator-weex/weex_core/Source/include/wtf/ASCIICType.h,"(260, 1)-(260, 30)",b'using WTF::isASCIIOctalDigit;'
Source,../repos/incubator-weex/weex_core/Source/include/wtf/ASCIICType.h,"(261, 1)-(261, 29)",b'using WTF::isASCIIPrintable;'
Source,../repos/incubator-weex/weex_core/Source/include/wtf/ASCIICType.h,"(262, 1)-(262, 25)",b'using WTF::isASCIISpace;'
Source,../repos/incubator-weex/weex_core/Source/include/wtf/ASCIICType.h,"(263, 1)-(263, 25)",b'using WTF::isASCIIUpper;'
Source,../repos/incubator-weex/weex_core/Source/include/wtf/ASCIICType.h,"(264, 1)-(264, 39)",b'using WTF::lowerNibbleToASCIIHexDigit;'
Source,../repos/incubator-weex/weex_core/Source/include/wtf/ASCIICType.h,"(265, 1)-(265, 48)",b'using WTF::lowerNibbleToLowercaseASCIIHexDigit;'
Source,../repos/incubator-weex/weex_core/Source/include/wtf/ASCIICType.h,"(266, 1)-(266, 28)",b'using WTF::toASCIIHexValue;'
Source,../repos/incubator-weex/weex_core/Source/include/wtf/ASCIICType.h,"(267, 1)-(267, 25)",b'using WTF::toASCIILower;'
Source,../repos/incubator-weex/weex_core/Source/include/wtf/ASCIICType.h,"(268, 1)-(268, 34)",b'using WTF::toASCIILowerUnchecked;'
Source,../repos/incubator-weex/weex_core/Source/include/wtf/ASCIICType.h,"(269, 1)-(269, 25)",b'using WTF::toASCIIUpper;'
Source,../repos/incubator-weex/weex_core/Source/include/wtf/ASCIICType.h,"(270, 1)-(270, 39)",b'using WTF::upperNibbleToASCIIHexDigit;'
Source,../repos/incubator-weex/weex_core/Source/include/wtf/ASCIICType.h,"(271, 1)-(271, 48)",b'using WTF::upperNibbleToLowercaseASCIIHexDigit;'
Source,../repos/incubator-weex/weex_core/Source/include/wtf/ParallelVectorIterator.h,"(79, 1)-(79, 35)",b'using WTF::ParallelVectorIterator;'
Source,../repos/incubator-weex/weex_core/Source/include/wtf/Variant.h,"(1297, 1)-(1297, 17)",b'using std::swap;'
Source,../repos/incubator-weex/weex_core/Source/include/wtf/Variant.h,"(2072, 1)-(2072, 22)",b'using WTF::Monostate;'
Source,../repos/incubator-weex/weex_core/Source/include/wtf/Variant.h,"(2073, 1)-(2073, 20)",b'using WTF::Variant;'
Source,../repos/incubator-weex/weex_core/Source/include/wtf/RetainPtr.h,"(342, 1)-(342, 22)",b'using WTF::RetainPtr;'
Source,../repos/incubator-weex/weex_core/Source/include/wtf/RetainPtr.h,"(343, 1)-(343, 20)",b'using WTF::adoptCF;'
Source,../repos/incubator-weex/weex_core/Source/include/wtf/RetainPtr.h,"(344, 1)-(344, 20)",b'using WTF::adoptNS;'
Source,../repos/incubator-weex/weex_core/Source/include/wtf/RetainPtr.h,"(345, 1)-(345, 22)",b'using WTF::retainPtr;'
Source,../repos/incubator-weex/weex_core/Source/include/wtf/RetainPtr.h,"(348, 1)-(348, 30)",b'using WTF::dynamic_objc_cast;'
Source,../repos/incubator-weex/weex_core/Source/include/wtf/ListDump.h,"(179, 1)-(179, 21)",b'using WTF::listDump;'
Source,../repos/incubator-weex/weex_core/Source/include/wtf/ListDump.h,"(180, 1)-(180, 30)",b'using WTF::listDumpInContext;'
Source,../repos/incubator-weex/weex_core/Source/include/wtf/ListDump.h,"(181, 1)-(181, 20)",b'using WTF::mapDump;'
Source,../repos/incubator-weex/weex_core/Source/include/wtf/ListDump.h,"(182, 1)-(182, 28)",b'using WTF::pointerListDump;'
Source,../repos/incubator-weex/weex_core/Source/include/wtf/ListDump.h,"(183, 1)-(183, 27)",b'using WTF::sortedListDump;'
Source,../repos/incubator-weex/weex_core/Source/include/wtf/ListDump.h,"(184, 1)-(184, 26)",b'using WTF::sortedMapDump;'
Source,../repos/incubator-weex/weex_core/Source/include/wtf/PlatformUserPreferredLanguages.h,"(41, 1)-(41, 61)",b'using WTF::setPlatformUserPreferredLanguagesC...'
Source,../repos/incubator-weex/weex_core/Source/include/wtf/PlatformUserPreferredLanguages.h,"(42, 1)-(42, 43)",b'using WTF::platformUserPreferredLanguages;'
Source,../repos/incubator-weex/weex_core/Source/include/wtf/PageReservation.h,"(66, 5)-(66, 27)",b'using PageBlock::base;'
Source,../repos/incubator-weex/weex_core/Source/include/wtf/PageReservation.h,"(67, 5)-(67, 27)",b'using PageBlock::size;'
Source,../repos/incubator-weex/weex_core/Source/include/wtf/PageReservation.h,"(68, 5)-(68, 36)",b'using PageBlock::operator bool;'
Source,../repos/incubator-weex/weex_core/Source/include/wtf/PageReservation.h,"(140, 1)-(140, 28)",b'using WTF::PageReservation;'
Source,../repos/incubator-weex/weex_core/Source/include/wtf/DataLog.h,"(71, 1)-(71, 20)",b'using WTF::dataLog;'
Source,../repos/incubator-weex/weex_core/Source/include/wtf/DataLog.h,"(72, 1)-(72, 22)",b'using WTF::dataLogLn;'
Source,../repos/incubator-weex/weex_core/Source/include/wtf/DataLog.h,"(73, 1)-(73, 22)",b'using WTF::dataLogIf;'
Source,../repos/incubator-weex/weex_core/Source/include/wtf/DataLog.h,"(74, 1)-(74, 24)",b'using WTF::dataLogLnIf;'
Source,../repos/incubator-weex/weex_core/Source/include/wtf/DataLog.h,"(75, 1)-(75, 21)",b'using WTF::dataLogF;'
Source,../repos/incubator-weex/weex_core/Source/include/wtf/DataLog.h,"(76, 1)-(76, 27)",b'using WTF::dataLogFString;'
Source,../repos/incubator-weex/weex_core/Source/include/wtf/NeverDestroyed.h,"(129, 1)-(129, 31)",b'using WTF::LazyNeverDestroyed;'
Source,../repos/incubator-weex/weex_core/Source/include/wtf/NeverDestroyed.h,"(130, 1)-(130, 27)",b'using WTF::NeverDestroyed;'
Source,../repos/incubator-weex/weex_core/Source/include/wtf/MD5.h,"(74, 1)-(74, 16)",b'using WTF::MD5;'
Source,../repos/incubator-weex/weex_core/Source/include/wtf/Bitmap.h,"(322, 1)-(322, 19)",b'using WTF::Bitmap;'
Source,../repos/incubator-weex/weex_core/Source/include/wtf/SetForScope.h,"(71, 1)-(71, 24)",b'using WTF::SetForScope;'
Source,../repos/incubator-weex/weex_core/Source/include/wtf/SixCharacterHash.h,"(44, 1)-(44, 44)",b'using WTF::sixCharacterHashStringToInteger;'
Source,../repos/incubator-weex/weex_core/Source/include/wtf/SixCharacterHash.h,"(45, 1)-(45, 44)",b'using WTF::integerToSixCharacterHashString;'
Source,../repos/incubator-weex/weex_core/Source/include/wtf/MallocPtr.h,"(116, 1)-(116, 22)",b'using WTF::MallocPtr;'
Source,../repos/incubator-weex/weex_core/Source/include/wtf/MallocPtr.h,"(117, 1)-(117, 27)",b'using WTF::adoptMallocPtr;'
Source,../repos/incubator-weex/weex_core/Source/include/wtf/RefCounted.h,"(157, 1)-(157, 23)",b'using WTF::RefCounted;'
Source,../repos/incubator-weex/weex_core/Source/include/wtf/ThreadSafeRefCounted.h,"(80, 1)-(80, 33)",b'using WTF::ThreadSafeRefCounted;'
Source,../repos/incubator-weex/weex_core/Source/include/wtf/HashSet.h,"(393, 1)-(393, 20)",b'using WTF::HashSet;'
Source,../repos/incubator-weex/weex_core/Source/include/wtf/GlobalVersion.h,"(38, 1)-(38, 26)",b'using WTF::GlobalVersion;'
Source,../repos/incubator-weex/weex_core/Source/include/wtf/GlobalVersion.h,"(39, 1)-(39, 29)",b'using WTF::newGlobalVersion;'
Source,../repos/incubator-weex/weex_core/Source/include/wtf/WeakPtr.h,"(171, 1)-(171, 20)",b'using WTF::WeakPtr;'
Source,../repos/incubator-weex/weex_core/Source/include/wtf/WeakPtr.h,"(172, 1)-(172, 27)",b'using WTF::WeakPtrFactory;'
Source,../repos/incubator-weex/weex_core/Source/include/wtf/WeakPtr.h,"(173, 1)-(173, 26)",b'using WTF::WeakReference;'
Source,../repos/incubator-weex/weex_core/Source/include/wtf/PrintStream.h,"(340, 1)-(340, 26)",b'using WTF::CharacterDump;'
Source,../repos/incubator-weex/weex_core/Source/include/wtf/PrintStream.h,"(341, 1)-(341, 24)",b'using WTF::PointerDump;'
Source,../repos/incubator-weex/weex_core/Source/include/wtf/PrintStream.h,"(342, 1)-(342, 24)",b'using WTF::PrintStream;'
Source,../repos/incubator-weex/weex_core/Source/include/wtf/PrintStream.h,"(343, 1)-(343, 19)",b'using WTF::format;'
Source,../repos/incubator-weex/weex_core/Source/include/wtf/PrintStream.h,"(344, 1)-(344, 28)",b'using WTF::ignoringContext;'
Source,../repos/incubator-weex/weex_core/Source/include/wtf/PrintStream.h,"(345, 1)-(345, 22)",b'using WTF::inContext;'
Source,../repos/incubator-weex/weex_core/Source/include/wtf/PrintStream.h,"(346, 1)-(346, 24)",b'using WTF::pointerDump;'
Source,../repos/incubator-weex/weex_core/Source/include/wtf/PrintStream.h,"(347, 1)-(347, 33)",b'using WTF::pointerDumpInContext;'
Source,../repos/incubator-weex/weex_core/Source/include/wtf/BumpPointerAllocator.h,"(250, 1)-(250, 33)",b'using WTF::BumpPointerAllocator;'
Source,../repos/incubator-weex/weex_core/Source/include/wtf/AutodrainedPool.h,"(59, 1)-(59, 28)",b'using WTF::AutodrainedPool;'
Source,../repos/incubator-weex/weex_core/Source/include/wtf/PageBlock.h,"(83, 1)-(83, 21)",b'using WTF::pageSize;'
Source,../repos/incubator-weex/weex_core/Source/include/wtf/PageBlock.h,"(84, 1)-(84, 26)",b'using WTF::isPageAligned;'
Source,../repos/incubator-weex/weex_core/Source/include/wtf/PageBlock.h,"(85, 1)-(85, 25)",b'using WTF::isPowerOfTwo;'
Source,../repos/incubator-weex/weex_core/Source/include/wtf/LockedPrintStream.h,"(57, 1)-(57, 30)",b'using WTF::LockedPrintStream;'
Source,../repos/incubator-weex/weex_core/Source/include/wtf/ListHashSet.h,"(714, 1)-(714, 24)",b'using WTF::ListHashSet;'
Source,../repos/incubator-weex/weex_core/Source/include/wtf/GregorianDateTime.h,"(126, 1)-(126, 30)",b'using WTF::GregorianDateTime;'
Source,../repos/incubator-weex/weex_core/Source/include/wtf/MainThread.h,"(101, 1)-(101, 25)",b'using WTF::GCThreadType;'
Source,../repos/incubator-weex/weex_core/Source/include/wtf/MainThread.h,"(102, 1)-(102, 29)",b'using WTF::callOnMainThread;'
Source,../repos/incubator-weex/weex_core/Source/include/wtf/MainThread.h,"(103, 1)-(103, 46)",b'using WTF::canAccessThreadLocalDataForThread;'
Source,../repos/incubator-weex/weex_core/Source/include/wtf/MainThread.h,"(104, 1)-(104, 25)",b'using WTF::isMainThread;'
Source,../repos/incubator-weex/weex_core/Source/include/wtf/MainThread.h,"(105, 1)-(105, 35)",b'using WTF::isMainThreadOrGCThread;'
Source,../repos/incubator-weex/weex_core/Source/include/wtf/MainThread.h,"(106, 1)-(106, 23)",b'using WTF::isUIThread;'
Source,../repos/incubator-weex/weex_core/Source/include/wtf/MainThread.h,"(107, 1)-(107, 24)",b'using WTF::isWebThread;'
Source,../repos/incubator-weex/weex_core/Source/include/wtf/MainThread.h,"(108, 1)-(108, 26)",b'using WTF::mayBeGCThread;'
Source,../repos/incubator-weex/weex_core/Source/include/wtf/MainThread.h,"(109, 1)-(109, 41)",b'using WTF::setMainThreadCallbacksPaused;'
Source,../repos/incubator-weex/weex_core/Source/include/wtf/MainThread.h,"(111, 1)-(111, 55)",b'using WTF::callOnWebThreadOrDispatchAsyncOnMa...'
Source,../repos/incubator-weex/weex_core/Source/include/wtf/MainThread.h,"(114, 1)-(114, 32)",b'using WTF::initializeWebThread;'
Source,../repos/incubator-weex/weex_core/Source/include/wtf/MainThread.h,"(115, 1)-(115, 52)",b'using WTF::initializeApplicationUIThreadIdent...'
Source,../repos/incubator-weex/weex_core/Source/include/wtf/MainThread.h,"(116, 1)-(116, 42)",b'using WTF::initializeWebThreadIdentifier;'
Source,../repos/incubator-weex/weex_core/Source/include/wtf/SentinelLinkedList.h,"(277, 1)-(277, 33)",b'using WTF::BasicRawSentinelNode;'
Source,../repos/incubator-weex/weex_core/Source/include/wtf/SentinelLinkedList.h,"(278, 1)-(278, 31)",b'using WTF::SentinelLinkedList;'
Source,../repos/incubator-weex/weex_core/Source/include/wtf/UnionFind.h,"(110, 1)-(110, 22)",b'using WTF::UnionFind;'
Source,../repos/incubator-weex/weex_core/Source/include/wtf/HashCountedSet.h,"(323, 1)-(323, 27)",b'using WTF::HashCountedSet;'
Source,../repos/incubator-weex/weex_core/Source/include/wtf/Threading.h,"(89, 1)-(89, 29)",b'using WTF::ThreadIdentifier;'
Source,../repos/incubator-weex/weex_core/Source/include/wtf/Threading.h,"(90, 1)-(90, 25)",b'using WTF::createThread;'
Source,../repos/incubator-weex/weex_core/Source/include/wtf/Threading.h,"(91, 1)-(91, 26)",b'using WTF::currentThread;'
Source,../repos/incubator-weex/weex_core/Source/include/wtf/Threading.h,"(92, 1)-(92, 33)",b'using WTF::changeThreadPriority;'
Source,../repos/incubator-weex/weex_core/Source/include/wtf/Threading.h,"(93, 1)-(93, 25)",b'using WTF::detachThread;'
Source,../repos/incubator-weex/weex_core/Source/include/wtf/Threading.h,"(94, 1)-(94, 36)",b'using WTF::waitForThreadCompletion;'
Source,../repos/incubator-weex/weex_core/Source/include/wtf/Threading.h,"(97, 1)-(97, 33)",b'using WTF::setGlobalMaxQOSClass;'
Source,../repos/incubator-weex/weex_core/Source/include/wtf/Threading.h,"(98, 1)-(98, 29)",b'using WTF::adjustedQOSClass;'
Source,../repos/incubator-weex/weex_core/Source/include/wtf/ScopedLambda.h,"(185, 1)-(185, 25)",b'using WTF::ScopedLambda;'
Source,../repos/incubator-weex/weex_core/Source/include/wtf/ScopedLambda.h,"(186, 1)-(186, 25)",b'using WTF::scopedLambda;'
Source,../repos/incubator-weex/weex_core/Source/include/wtf/ScopedLambda.h,"(187, 1)-(187, 28)",b'using WTF::scopedLambdaRef;'
Source,../repos/incubator-weex/weex_core/Source/include/wtf/SmallPtrSet.h,"(251, 1)-(251, 24)",b'using WTF::SmallPtrSet;'
Source,../repos/incubator-weex/weex_core/Source/include/wtf/RunLoop.h,"(201, 1)-(201, 20)",b'using WTF::RunLoop;'
Source,../repos/incubator-weex/weex_core/Source/include/wtf/BitVector.h,"(478, 1)-(478, 22)",b'using WTF::BitVector;'
Source,../repos/incubator-weex/weex_core/Source/include/wtf/FlipBytes.h,"(112, 1)-(112, 42)",b'using WTF::needToFlipBytesIfLittleEndian;'
Source,../repos/incubator-weex/weex_core/Source/include/wtf/FlipBytes.h,"(113, 1)-(113, 22)",b'using WTF::flipBytes;'
Source,../repos/incubator-weex/weex_core/Source/include/wtf/FlipBytes.h,"(114, 1)-(114, 36)",b'using WTF::flipBytesIfLittleEndian;'
Source,../repos/incubator-weex/weex_core/Source/include/wtf/DateMath.h,"(138, 1)-(138, 23)",b'using WTF::isLeapYear;'
Source,../repos/incubator-weex/weex_core/Source/include/wtf/DateMath.h,"(139, 1)-(139, 31)",b'using WTF::dateToDaysFrom1970;'
Source,../repos/incubator-weex/weex_core/Source/include/wtf/DateMath.h,"(140, 1)-(140, 36)",b'using WTF::dayInMonthFromDayInYear;'
Source,../repos/incubator-weex/weex_core/Source/include/wtf/DateMath.h,"(141, 1)-(141, 22)",b'using WTF::dayInYear;'
Source,../repos/incubator-weex/weex_core/Source/include/wtf/DateMath.h,"(142, 1)-(142, 27)",b'using WTF::minutesPerHour;'
Source,../repos/incubator-weex/weex_core/Source/include/wtf/DateMath.h,"(143, 1)-(143, 31)",b'using WTF::monthFromDayInYear;'
Source,../repos/incubator-weex/weex_core/Source/include/wtf/DateMath.h,"(144, 1)-(144, 21)",b'using WTF::msPerDay;'
Source,../repos/incubator-weex/weex_core/Source/include/wtf/DateMath.h,"(145, 1)-(145, 22)",b'using WTF::msPerHour;'
Source,../repos/incubator-weex/weex_core/Source/include/wtf/DateMath.h,"(146, 1)-(146, 24)",b'using WTF::msPerMinute;'
Source,../repos/incubator-weex/weex_core/Source/include/wtf/DateMath.h,"(147, 1)-(147, 24)",b'using WTF::msPerSecond;'
Source,../repos/incubator-weex/weex_core/Source/include/wtf/DateMath.h,"(148, 1)-(148, 21)",b'using WTF::msToYear;'
Source,../repos/incubator-weex/weex_core/Source/include/wtf/DateMath.h,"(149, 1)-(149, 21)",b'using WTF::msToDays;'
Source,../repos/incubator-weex/weex_core/Source/include/wtf/DateMath.h,"(150, 1)-(150, 24)",b'using WTF::msToMinutes;'
Source,../repos/incubator-weex/weex_core/Source/include/wtf/DateMath.h,"(151, 1)-(151, 22)",b'using WTF::msToHours;'
Source,../repos/incubator-weex/weex_core/Source/include/wtf/DateMath.h,"(152, 1)-(152, 26)",b'using WTF::secondsPerDay;'
Source,../repos/incubator-weex/weex_core/Source/include/wtf/DateMath.h,"(153, 1)-(153, 29)",b'using WTF::secondsPerMinute;'
Source,../repos/incubator-weex/weex_core/Source/include/wtf/DateMath.h,"(154, 1)-(154, 50)",b'using WTF::parseDateFromNullTerminatedCharacters;'
Source,../repos/incubator-weex/weex_core/Source/include/wtf/DateMath.h,"(155, 1)-(155, 34)",b'using WTF::makeRFC2822DateString;'
Source,../repos/incubator-weex/weex_core/Source/include/wtf/DateMath.h,"(156, 1)-(156, 28)",b'using WTF::LocalTimeOffset;'
Source,../repos/incubator-weex/weex_core/Source/include/wtf/DateMath.h,"(157, 1)-(157, 37)",b'using WTF::calculateLocalTimeOffset;'
Source,../repos/incubator-weex/weex_core/Source/include/wtf/UniStdExtras.h,"(55, 1)-(55, 27)",b'using WTF::closeWithRetry;'
Source,../repos/incubator-weex/weex_core/Source/include/wtf/UniStdExtras.h,"(56, 1)-(56, 27)",b'using WTF::setCloseOnExec;'
Source,../repos/incubator-weex/weex_core/Source/include/wtf/UniStdExtras.h,"(57, 1)-(57, 27)",b'using WTF::dupCloseOnExec;'
Source,../repos/incubator-weex/weex_core/Source/include/wtf/Forward.h,"(58, 1)-(58, 25)",b'using WTF::AtomicString;'
Source,../repos/incubator-weex/weex_core/Source/include/wtf/Forward.h,"(59, 1)-(59, 29)",b'using WTF::AtomicStringImpl;'
Source,../repos/incubator-weex/weex_core/Source/include/wtf/Forward.h,"(60, 1)-(60, 28)",b'using WTF::BinarySemaphore;'
Source,../repos/incubator-weex/weex_core/Source/include/wtf/Forward.h,"(61, 1)-(61, 20)",b'using WTF::CString;'
Source,../repos/incubator-weex/weex_core/Source/include/wtf/Forward.h,"(62, 1)-(62, 21)",b'using WTF::Function;'
Source,../repos/incubator-weex/weex_core/Source/include/wtf/Forward.h,"(63, 1)-(63, 31)",b'using WTF::FunctionDispatcher;'
Source,../repos/incubator-weex/weex_core/Source/include/wtf/Forward.h,"(64, 1)-(64, 31)",b'using WTF::LazyNeverDestroyed;'
Source,../repos/incubator-weex/weex_core/Source/include/wtf/Forward.h,"(65, 1)-(65, 27)",b'using WTF::NeverDestroyed;'
Source,../repos/incubator-weex/weex_core/Source/include/wtf/Forward.h,"(66, 1)-(66, 22)",b'using WTF::OptionSet;'
Source,../repos/incubator-weex/weex_core/Source/include/wtf/Forward.h,"(67, 1)-(67, 26)",b'using WTF::OrdinalNumber;'
Source,../repos/incubator-weex/weex_core/Source/include/wtf/Forward.h,"(68, 1)-(68, 23)",b'using WTF::PassRefPtr;'
Source,../repos/incubator-weex/weex_core/Source/include/wtf/Forward.h,"(69, 1)-(69, 24)",b'using WTF::PrintStream;'
Source,../repos/incubator-weex/weex_core/Source/include/wtf/Forward.h,"(70, 1)-(70, 16)",b'using WTF::Ref;'
Source,../repos/incubator-weex/weex_core/Source/include/wtf/Forward.h,"(71, 1)-(71, 19)",b'using WTF::RefPtr;'
Source,../repos/incubator-weex/weex_core/Source/include/wtf/Forward.h,"(72, 1)-(72, 19)",b'using WTF::String;'
Source,../repos/incubator-weex/weex_core/Source/include/wtf/Forward.h,"(73, 1)-(73, 25)",b'using WTF::StringBuffer;'
Source,../repos/incubator-weex/weex_core/Source/include/wtf/Forward.h,"(74, 1)-(74, 26)",b'using WTF::StringBuilder;'
Source,../repos/incubator-weex/weex_core/Source/include/wtf/Forward.h,"(75, 1)-(75, 23)",b'using WTF::StringImpl;'
Source,../repos/incubator-weex/weex_core/Source/include/wtf/Forward.h,"(76, 1)-(76, 23)",b'using WTF::StringView;'
Source,../repos/incubator-weex/weex_core/Source/include/wtf/Forward.h,"(77, 1)-(77, 25)",b'using WTF::TextPosition;'
Source,../repos/incubator-weex/weex_core/Source/include/wtf/Forward.h,"(78, 1)-(78, 20)",b'using WTF::Variant;'
Source,../repos/incubator-weex/weex_core/Source/include/wtf/Forward.h,"(79, 1)-(79, 19)",b'using WTF::Vector;'
Source,../repos/incubator-weex/weex_core/Source/include/wtf/Dominators.h,"(749, 1)-(749, 23)",b'using WTF::Dominators;'
Source,../repos/incubator-weex/weex_core/Source/include/wtf/RandomNumber.h,"(37, 1)-(37, 25)",b'using WTF::randomNumber;'
Source,../repos/incubator-weex/weex_core/Source/include/wtf/CryptographicUtilities.h,"(36, 1)-(36, 31)",b'using WTF::constantTimeMemcmp;'
Source,../repos/incubator-weex/weex_core/Source/include/wtf/WordLock.h,"(113, 1)-(113, 21)",b'using WTF::WordLock;'
Source,../repos/incubator-weex/weex_core/Source/include/wtf/WordLock.h,"(114, 1)-(114, 27)",b'using WTF::WordLockHolder;'
Source,../repos/incubator-weex/weex_core/Source/include/wtf/WordLock.h,"(115, 1)-(115, 27)",b'using WTF::StaticWordLock;'
Source,../repos/incubator-weex/weex_core/Source/include/wtf/IndexSparseSet.h,"(145, 1)-(145, 27)",b'using WTF::IndexSparseSet;'
Source,../repos/incubator-weex/weex_core/Source/include/wtf/StreamBuffer.h,"(114, 1)-(114, 25)",b'using WTF::StreamBuffer;'
Source,../repos/incubator-weex/weex_core/Source/include/wtf/Seconds.h,"(303, 1)-(303, 39)",b'using namespace WTF::seconds_literals;'
Source,../repos/incubator-weex/weex_core/Source/include/wtf/Seconds.h,"(304, 1)-(304, 20)",b'using WTF::Seconds;'
Source,../repos/incubator-weex/weex_core/Source/include/wtf/OSAllocator.h,"(100, 1)-(100, 24)",b'using WTF::OSAllocator;'
Source,../repos/incubator-weex/weex_core/Source/include/wtf/RangeSet.h,"(192, 1)-(192, 21)",b'using WTF::RangeSet;'
Source,../repos/incubator-weex/weex_core/Source/include/wtf/PointerComparison.h,"(38, 1)-(38, 35)",b'using WTF::arePointingToEqualData;'
Source,../repos/incubator-weex/weex_core/Source/include/wtf/TinyPtrSet.h,"(518, 1)-(518, 23)",b'using WTF::TinyPtrSet;'
Source,../repos/incubator-weex/weex_core/Source/include/wtf/Condition.h,"(189, 1)-(189, 22)",b'using WTF::Condition;'
Source,../repos/incubator-weex/weex_core/Source/include/wtf/Condition.h,"(190, 1)-(190, 28)",b'using WTF::StaticCondition;'
Source,../repos/incubator-weex/weex_core/Source/include/wtf/DecimalNumber.h,"(104, 1)-(104, 26)",b'using WTF::DecimalNumber;'
Source,../repos/incubator-weex/weex_core/Source/include/wtf/DecimalNumber.h,"(105, 1)-(105, 39)",b'using WTF::RoundingSignificantFigures;'
Source,../repos/incubator-weex/weex_core/Source/include/wtf/DecimalNumber.h,"(106, 1)-(106, 34)",b'using WTF::RoundingDecimalPlaces;'
Source,../repos/incubator-weex/weex_core/Source/include/wtf/RefCountedArray.h,"(212, 1)-(212, 28)",b'using WTF::RefCountedArray;'
Source,../repos/incubator-weex/weex_core/Source/include/wtf/HexNumber.h,"(113, 1)-(113, 28)",b'using WTF::appendByteAsHex;'
Source,../repos/incubator-weex/weex_core/Source/include/wtf/HexNumber.h,"(114, 1)-(114, 32)",b'using WTF::appendUnsignedAsHex;'
Source,../repos/incubator-weex/weex_core/Source/include/wtf/HexNumber.h,"(115, 1)-(115, 41)",b'using WTF::appendUnsignedAsHexFixedSize;'
Source,../repos/incubator-weex/weex_core/Source/include/wtf/HexNumber.h,"(116, 1)-(116, 27)",b'using WTF::placeByteAsHex;'
Source,../repos/incubator-weex/weex_core/Source/include/wtf/HexNumber.h,"(117, 1)-(117, 45)",b'using WTF::placeByteAsHexCompressIfPossible;'
Source,../repos/incubator-weex/weex_core/Source/include/wtf/HexNumber.h,"(118, 1)-(118, 22)",b'using WTF::Lowercase;'
Source,../repos/incubator-weex/weex_core/Source/include/wtf/Atomics.h,"(524, 1)-(524, 19)",b'using WTF::Atomic;'
Source,../repos/incubator-weex/weex_core/Source/include/wtf/Atomics.h,"(525, 1)-(525, 23)",b'using WTF::Dependency;'
Source,../repos/incubator-weex/weex_core/Source/include/wtf/Atomics.h,"(526, 1)-(526, 27)",b'using WTF::DependencyWith;'
Source,../repos/incubator-weex/weex_core/Source/include/wtf/Atomics.h,"(527, 1)-(527, 39)",b'using WTF::TransactionAbortLikelihood;'
Source,../repos/incubator-weex/weex_core/Source/include/wtf/Atomics.h,"(528, 1)-(528, 20)",b'using WTF::consume;'
Source,../repos/incubator-weex/weex_core/Source/include/wtf/Atomics.h,"(529, 1)-(529, 23)",b'using WTF::dependency;'
Source,../repos/incubator-weex/weex_core/Source/include/wtf/Atomics.h,"(530, 1)-(530, 27)",b'using WTF::dependencyWith;'
Source,../repos/incubator-weex/weex_core/Source/include/wtf/Atomics.h,"(531, 1)-(531, 27)",b'using WTF::nullDependency;'
Source,../repos/incubator-weex/weex_core/Source/include/wtf/AutomaticThread.h,"(189, 1)-(189, 28)",b'using WTF::AutomaticThread;'
Source,../repos/incubator-weex/weex_core/Source/include/wtf/AutomaticThread.h,"(190, 1)-(190, 37)",b'using WTF::AutomaticThreadCondition;'
Source,../repos/incubator-weex/weex_core/Source/include/wtf/MemoryFootprint.h,"(36, 1)-(36, 28)",b'using WTF::memoryFootprint;'
Source,../repos/incubator-weex/weex_core/Source/include/wtf/SchedulePair.h,"(91, 1)-(91, 25)",b'using WTF::SchedulePair;'
Source,../repos/incubator-weex/weex_core/Source/include/wtf/SchedulePair.h,"(92, 1)-(92, 32)",b'using WTF::SchedulePairHashSet;'
Source,../repos/incubator-weex/weex_core/Source/include/wtf/WeakRandom.h,"(111, 1)-(111, 23)",b'using WTF::WeakRandom;'
Source,../repos/incubator-weex/weex_core/Source/include/wtf/Scope.h,"(78, 1)-(78, 22)",b'using WTF::ScopeExit;'
Source,../repos/incubator-weex/weex_core/Source/include/wtf/Scope.h,"(79, 1)-(79, 26)",b'using WTF::makeScopeExit;'
Source,../repos/incubator-weex/weex_core/Source/include/wtf/Stopwatch.h,"(95, 1)-(95, 22)",b'using WTF::Stopwatch;'
Source,../repos/incubator-weex/weex_core/Source/include/wtf/NakedPtr.h,"(117, 1)-(117, 21)",b'using WTF::NakedPtr;'
Source,../repos/incubator-weex/weex_core/Source/include/wtf/ProcessID.h,"(50, 1)-(50, 32)",b'using WTF::getCurrentProcessID;'
Source,../repos/incubator-weex/weex_core/Source/include/wtf/CheckedArithmetic.h,"(835, 1)-(835, 20)",b'using WTF::Checked;'
Source,../repos/incubator-weex/weex_core/Source/include/wtf/CheckedArithmetic.h,"(836, 1)-(836, 25)",b'using WTF::CheckedState;'
Source,../repos/incubator-weex/weex_core/Source/include/wtf/CheckedArithmetic.h,"(837, 1)-(837, 27)",b'using WTF::RecordOverflow;'
Source,../repos/incubator-weex/weex_core/Source/include/wtf/CheckedArithmetic.h,"(838, 1)-(838, 24)",b'using WTF::CheckedInt8;'
Source,../repos/incubator-weex/weex_core/Source/include/wtf/CheckedArithmetic.h,"(839, 1)-(839, 25)",b'using WTF::CheckedUint8;'
Source,../repos/incubator-weex/weex_core/Source/include/wtf/CheckedArithmetic.h,"(840, 1)-(840, 25)",b'using WTF::CheckedInt16;'
Source,../repos/incubator-weex/weex_core/Source/include/wtf/CheckedArithmetic.h,"(841, 1)-(841, 26)",b'using WTF::CheckedUint16;'
Source,../repos/incubator-weex/weex_core/Source/include/wtf/CheckedArithmetic.h,"(842, 1)-(842, 25)",b'using WTF::CheckedInt32;'
Source,../repos/incubator-weex/weex_core/Source/include/wtf/CheckedArithmetic.h,"(843, 1)-(843, 26)",b'using WTF::CheckedUint32;'
Source,../repos/incubator-weex/weex_core/Source/include/wtf/CheckedArithmetic.h,"(844, 1)-(844, 25)",b'using WTF::CheckedInt64;'
Source,../repos/incubator-weex/weex_core/Source/include/wtf/CheckedArithmetic.h,"(845, 1)-(845, 26)",b'using WTF::CheckedUint64;'
Source,../repos/incubator-weex/weex_core/Source/include/wtf/CheckedArithmetic.h,"(846, 1)-(846, 24)",b'using WTF::CheckedSize;'
Source,../repos/incubator-weex/weex_core/Source/include/wtf/CheckedArithmetic.h,"(847, 1)-(847, 23)",b'using WTF::checkedSum;'
Source,../repos/incubator-weex/weex_core/Source/include/wtf/CheckedArithmetic.h,"(848, 1)-(848, 32)",b'using WTF::differenceOverflows;'
Source,../repos/incubator-weex/weex_core/Source/include/wtf/CheckedArithmetic.h,"(849, 1)-(849, 29)",b'using WTF::productOverflows;'
Source,../repos/incubator-weex/weex_core/Source/include/wtf/CheckedArithmetic.h,"(850, 1)-(850, 25)",b'using WTF::sumOverflows;'
Source,../repos/incubator-weex/weex_core/Source/include/wtf/ParallelJobs.h,"(103, 1)-(103, 25)",b'using WTF::ParallelJobs;'
Source,../repos/incubator-weex/weex_core/Source/include/wtf/Spectrum.h,"(124, 1)-(124, 21)",b'using WTF::Spectrum;'
Source,../repos/incubator-weex/weex_core/Source/include/wtf/LoggingHashSet.h,"(248, 1)-(248, 27)",b'using WTF::LoggingHashSet;'
Source,../repos/incubator-weex/weex_core/Source/include/wtf/ClockType.h,"(42, 1)-(42, 22)",b'using WTF::ClockType;'
Source,../repos/incubator-weex/weex_core/Source/include/wtf/ParkingLot.h,"(179, 1)-(179, 23)",b'using WTF::ParkingLot;'
Source,../repos/incubator-weex/weex_core/Source/include/wtf/Lock.h,"(148, 1)-(148, 17)",b'using WTF::Lock;'
Source,../repos/incubator-weex/weex_core/Source/include/wtf/Lock.h,"(149, 1)-(149, 23)",b'using WTF::LockHolder;'
Source,../repos/incubator-weex/weex_core/Source/include/wtf/Lock.h,"(150, 1)-(150, 23)",b'using WTF::StaticLock;'
Source,../repos/incubator-weex/weex_core/Source/include/wtf/MemoryPressureHandler.h,"(213, 1)-(213, 21)",b'using WTF::Critical;'
Source,../repos/incubator-weex/weex_core/Source/include/wtf/MemoryPressureHandler.h,"(214, 1)-(214, 34)",b'using WTF::MemoryPressureHandler;'
Source,../repos/incubator-weex/weex_core/Source/include/wtf/MemoryPressureHandler.h,"(215, 1)-(215, 24)",b'using WTF::Synchronous;'
Source,../repos/incubator-weex/weex_core/Source/include/wtf/CrossThreadCopier.h,"(137, 1)-(137, 40)",b'using WTF::CrossThreadCopierBaseHelper;'
Source,../repos/incubator-weex/weex_core/Source/include/wtf/CrossThreadCopier.h,"(138, 1)-(138, 34)",b'using WTF::CrossThreadCopierBase;'
Source,../repos/incubator-weex/weex_core/Source/include/wtf/CrossThreadCopier.h,"(139, 1)-(139, 30)",b'using WTF::CrossThreadCopier;'
Source,../repos/incubator-weex/weex_core/Source/include/wtf/Hasher.h,"(386, 1)-(386, 26)",b'using WTF::IntegerHasher;'
Source,../repos/incubator-weex/weex_core/Source/include/wtf/Hasher.h,"(387, 1)-(387, 25)",b'using WTF::StringHasher;'
Source,../repos/incubator-weex/weex_core/Source/include/wtf/SimpleStats.h,"(113, 1)-(113, 24)",b'using WTF::SimpleStats;'
Source,../repos/incubator-weex/weex_core/Source/include/wtf/StringPrintStream.h,"(78, 1)-(78, 30)",b'using WTF::StringPrintStream;'
Source,../repos/incubator-weex/weex_core/Source/include/wtf/StringPrintStream.h,"(79, 1)-(79, 22)",b'using WTF::toCString;'
Source,../repos/incubator-weex/weex_core/Source/include/wtf/StringPrintStream.h,"(80, 1)-(80, 21)",b'using WTF::toString;'
Source,../repos/incubator-weex/weex_core/Source/include/wtf/Vector.h,"(395, 5)-(395, 32)",b'using Base::allocateBuffer;'
Source,../repos/incubator-weex/weex_core/Source/include/wtf/Vector.h,"(396, 5)-(396, 35)",b'using Base::tryAllocateBuffer;'
Source,../repos/incubator-weex/weex_core/Source/include/wtf/Vector.h,"(397, 5)-(397, 40)",b'using Base::shouldReallocateBuffer;'
Source,../repos/incubator-weex/weex_core/Source/include/wtf/Vector.h,"(398, 5)-(398, 34)",b'using Base::reallocateBuffer;'
Source,../repos/incubator-weex/weex_core/Source/include/wtf/Vector.h,"(399, 5)-(399, 34)",b'using Base::deallocateBuffer;'
Source,../repos/incubator-weex/weex_core/Source/include/wtf/Vector.h,"(401, 5)-(401, 24)",b'using Base::buffer;'
Source,../repos/incubator-weex/weex_core/Source/include/wtf/Vector.h,"(402, 5)-(402, 26)",b'using Base::capacity;'
Source,../repos/incubator-weex/weex_core/Source/include/wtf/Vector.h,"(403, 5)-(403, 36)",b'using Base::bufferMemoryOffset;'
Source,../repos/incubator-weex/weex_core/Source/include/wtf/Vector.h,"(405, 5)-(405, 31)",b'using Base::releaseBuffer;'
Source,../repos/incubator-weex/weex_core/Source/include/wtf/Vector.h,"(408, 5)-(408, 24)",b'using Base::m_size;'
Source,../repos/incubator-weex/weex_core/Source/include/wtf/Vector.h,"(411, 5)-(411, 26)",b'using Base::m_buffer;'
Source,../repos/incubator-weex/weex_core/Source/include/wtf/Vector.h,"(412, 5)-(412, 28)",b'using Base::m_capacity;'
Source,../repos/incubator-weex/weex_core/Source/include/wtf/Vector.h,"(519, 5)-(519, 24)",b'using Base::buffer;'
Source,../repos/incubator-weex/weex_core/Source/include/wtf/Vector.h,"(520, 5)-(520, 26)",b'using Base::capacity;'
Source,../repos/incubator-weex/weex_core/Source/include/wtf/Vector.h,"(521, 5)-(521, 36)",b'using Base::bufferMemoryOffset;'
Source,../repos/incubator-weex/weex_core/Source/include/wtf/Vector.h,"(531, 5)-(531, 24)",b'using Base::m_size;'
Source,../repos/incubator-weex/weex_core/Source/include/wtf/Vector.h,"(534, 5)-(534, 26)",b'using Base::m_buffer;'
Source,../repos/incubator-weex/weex_core/Source/include/wtf/Vector.h,"(535, 5)-(535, 28)",b'using Base::m_capacity;'
Source,../repos/incubator-weex/weex_core/Source/include/wtf/Vector.h,"(797, 5)-(797, 24)",b'using Base::m_size;'
Source,../repos/incubator-weex/weex_core/Source/include/wtf/Vector.h,"(798, 5)-(798, 24)",b'using Base::buffer;'
Source,../repos/incubator-weex/weex_core/Source/include/wtf/Vector.h,"(799, 5)-(799, 26)",b'using Base::capacity;'
Source,../repos/incubator-weex/weex_core/Source/include/wtf/Vector.h,"(800, 5)-(800, 22)",b'using Base::swap;'
Source,../repos/incubator-weex/weex_core/Source/include/wtf/Vector.h,"(801, 5)-(801, 32)",b'using Base::allocateBuffer;'
Source,../repos/incubator-weex/weex_core/Source/include/wtf/Vector.h,"(802, 5)-(802, 34)",b'using Base::deallocateBuffer;'
Source,../repos/incubator-weex/weex_core/Source/include/wtf/Vector.h,"(803, 5)-(803, 35)",b'using Base::tryAllocateBuffer;'
Source,../repos/incubator-weex/weex_core/Source/include/wtf/Vector.h,"(804, 5)-(804, 40)",b'using Base::shouldReallocateBuffer;'
Source,../repos/incubator-weex/weex_core/Source/include/wtf/Vector.h,"(805, 5)-(805, 34)",b'using Base::reallocateBuffer;'
Source,../repos/incubator-weex/weex_core/Source/include/wtf/Vector.h,"(806, 5)-(806, 45)",b'using Base::restoreInlineBufferIfNeeded;'
Source,../repos/incubator-weex/weex_core/Source/include/wtf/Vector.h,"(807, 5)-(807, 31)",b'using Base::releaseBuffer;'
Source,../repos/incubator-weex/weex_core/Source/include/wtf/Vector.h,"(809, 5)-(809, 29)",b'using Base::endOfBuffer;'
Source,../repos/incubator-weex/weex_core/Source/include/wtf/Vector.h,"(1506, 1)-(1506, 19)",b'using WTF::Vector;'
Source,../repos/incubator-weex/weex_core/Source/include/wtf/Vector.h,"(1507, 1)-(1507, 33)",b'using WTF::UnsafeVectorOverflow;'
Source,../repos/incubator-weex/weex_core/Source/include/wtf/Vector.h,"(1508, 1)-(1508, 21)",b'using WTF::notFound;'
Source,../repos/incubator-weex/weex_core/Source/include/wtf/BlockStack.h,"(94, 1)-(94, 23)",b'using WTF::BlockStack;'
Source,../repos/incubator-weex/weex_core/Source/include/wtf/LoggingHashMap.h,"(308, 1)-(308, 27)",b'using WTF::LoggingHashMap;'
Source,../repos/incubator-weex/weex_core/Source/core/layout/layout.cpp,"(24, 1)-(24, 26)",b'using namespace WeexCore;'
Source,../repos/incubator-weex/weex_core/Source/core/network/android/default_request_handler.cc,"(28, 1)-(28, 37)",b'using namespace weex::core::network;'
Source,../repos/incubator-weex/weex_core/Source/third_party/json11/json11.cc,"(33, 1)-(33, 19)",b'using std::string;'
Source,../repos/incubator-weex/weex_core/Source/third_party/json11/json11.cc,"(34, 1)-(34, 19)",b'using std::vector;'
Source,../repos/incubator-weex/weex_core/Source/third_party/json11/json11.cc,"(35, 1)-(35, 16)",b'using std::map;'
Source,../repos/incubator-weex/weex_core/Source/third_party/json11/json11.cc,"(36, 1)-(36, 24)",b'using std::make_shared;'
Source,../repos/incubator-weex/weex_core/Source/third_party/json11/json11.cc,"(37, 1)-(37, 29)",b'using std::initializer_list;'
Source,../repos/incubator-weex/weex_core/Source/third_party/json11/json11.cc,"(38, 1)-(38, 17)",b'using std::move;'
Source,../repos/incubator-weex/weex_core/Source/js_runtime/weex/utils/weex_jsc_utils.h,"(74, 1)-(74, 26)",b'using namespace WeexCore;'
