Repo name,File name,Location,Content
Source,../repos/incubator-weex/weex_core/Source/include/JavaScriptCore/interpreter/CLoopStack.h,"(109, 9)-(109, 44)",b'friend class LLIntOffsetsExtractor;'
Source,../repos/incubator-weex/weex_core/Source/include/JavaScriptCore/interpreter/StackVisitor.h,"(121, 9)-(121, 35)",b'friend class StackVisitor;'
Source,../repos/incubator-weex/weex_core/Source/include/JavaScriptCore/interpreter/ShadowChicken.h,"(214, 5)-(214, 40)",b'friend class LLIntOffsetsExtractor;'
Source,../repos/incubator-weex/weex_core/Source/include/JavaScriptCore/interpreter/Interpreter.h,"(91, 9)-(91, 33)",b'friend class CachedCall;'
Source,../repos/incubator-weex/weex_core/Source/include/JavaScriptCore/interpreter/Interpreter.h,"(92, 9)-(92, 44)",b'friend class LLIntOffsetsExtractor;'
Source,../repos/incubator-weex/weex_core/Source/include/JavaScriptCore/interpreter/Interpreter.h,"(93, 9)-(93, 26)",b'friend class JIT;'
Source,../repos/incubator-weex/weex_core/Source/include/JavaScriptCore/interpreter/Interpreter.h,"(94, 9)-(94, 25)",b'friend class VM;'
Source,../repos/incubator-weex/weex_core/Source/include/JavaScriptCore/assembler/MacroAssemblerARM64.h,"(4299, 5)-(4299, 29)",b'friend class LinkBuffer;'
Source,../repos/incubator-weex/weex_core/Source/include/JavaScriptCore/assembler/AbstractMacroAssembler.h,"(351, 9)-(351, 45)",b'friend class AbstractMacroAssembler;'
Source,../repos/incubator-weex/weex_core/Source/include/JavaScriptCore/assembler/AbstractMacroAssembler.h,"(352, 9)-(352, 36)",b'friend struct DFG::OSRExit;'
Source,../repos/incubator-weex/weex_core/Source/include/JavaScriptCore/assembler/AbstractMacroAssembler.h,"(353, 9)-(353, 27)",b'friend class Jump;'
Source,../repos/incubator-weex/weex_core/Source/include/JavaScriptCore/assembler/AbstractMacroAssembler.h,"(354, 9)-(354, 44)",b'friend class MacroAssemblerCodeRef;'
Source,../repos/incubator-weex/weex_core/Source/include/JavaScriptCore/assembler/AbstractMacroAssembler.h,"(355, 9)-(355, 33)",b'friend class LinkBuffer;'
Source,../repos/incubator-weex/weex_core/Source/include/JavaScriptCore/assembler/AbstractMacroAssembler.h,"(356, 9)-(356, 33)",b'friend class Watchpoint;'
Source,../repos/incubator-weex/weex_core/Source/include/JavaScriptCore/assembler/AbstractMacroAssembler.h,"(388, 9)-(388, 45)",b'friend class AbstractMacroAssembler;'
Source,../repos/incubator-weex/weex_core/Source/include/JavaScriptCore/assembler/AbstractMacroAssembler.h,"(389, 9)-(389, 33)",b'friend class LinkBuffer;'
Source,../repos/incubator-weex/weex_core/Source/include/JavaScriptCore/assembler/AbstractMacroAssembler.h,"(412, 9)-(412, 45)",b'friend class AbstractMacroAssembler;'
Source,../repos/incubator-weex/weex_core/Source/include/JavaScriptCore/assembler/AbstractMacroAssembler.h,"(413, 9)-(413, 33)",b'friend class LinkBuffer;'
Source,../repos/incubator-weex/weex_core/Source/include/JavaScriptCore/assembler/AbstractMacroAssembler.h,"(436, 9)-(436, 45)",b'friend class AbstractMacroAssembler;'
Source,../repos/incubator-weex/weex_core/Source/include/JavaScriptCore/assembler/AbstractMacroAssembler.h,"(437, 9)-(437, 33)",b'friend class LinkBuffer;'
Source,../repos/incubator-weex/weex_core/Source/include/JavaScriptCore/assembler/AbstractMacroAssembler.h,"(460, 9)-(460, 45)",b'friend class AbstractMacroAssembler;'
Source,../repos/incubator-weex/weex_core/Source/include/JavaScriptCore/assembler/AbstractMacroAssembler.h,"(461, 9)-(461, 33)",b'friend class LinkBuffer;'
Source,../repos/incubator-weex/weex_core/Source/include/JavaScriptCore/assembler/AbstractMacroAssembler.h,"(491, 9)-(491, 45)",b'friend class AbstractMacroAssembler;'
Source,../repos/incubator-weex/weex_core/Source/include/JavaScriptCore/assembler/AbstractMacroAssembler.h,"(537, 9)-(537, 45)",b'friend class AbstractMacroAssembler;'
Source,../repos/incubator-weex/weex_core/Source/include/JavaScriptCore/assembler/AbstractMacroAssembler.h,"(538, 9)-(538, 27)",b'friend class Call;'
Source,../repos/incubator-weex/weex_core/Source/include/JavaScriptCore/assembler/AbstractMacroAssembler.h,"(539, 9)-(539, 36)",b'friend struct DFG::OSRExit;'
Source,../repos/incubator-weex/weex_core/Source/include/JavaScriptCore/assembler/AbstractMacroAssembler.h,"(540, 9)-(540, 33)",b'friend class LinkBuffer;'
Source,../repos/incubator-weex/weex_core/Source/include/JavaScriptCore/assembler/AbstractMacroAssembler.h,"(1049, 9)-(1049, 35)",b'friend class DataLabelPtr;'
Source,../repos/incubator-weex/weex_core/Source/include/JavaScriptCore/assembler/AbstractMacroAssembler.h,"(1050, 9)-(1050, 34)",b'friend class DataLabel32;'
Source,../repos/incubator-weex/weex_core/Source/include/JavaScriptCore/assembler/AbstractMacroAssembler.h,"(1051, 9)-(1051, 39)",b'friend class DataLabelCompact;'
Source,../repos/incubator-weex/weex_core/Source/include/JavaScriptCore/assembler/AbstractMacroAssembler.h,"(1052, 9)-(1052, 27)",b'friend class Jump;'
Source,../repos/incubator-weex/weex_core/Source/include/JavaScriptCore/assembler/AbstractMacroAssembler.h,"(1053, 9)-(1053, 28)",b'friend class Label;'
Source,../repos/incubator-weex/weex_core/Source/include/JavaScriptCore/assembler/AbstractMacroAssembler.h,"(1110, 5)-(1110, 49)",b'friend class AllowMacroScratchRegisterUsage;'
Source,../repos/incubator-weex/weex_core/Source/include/JavaScriptCore/assembler/AbstractMacroAssembler.h,"(1111, 5)-(1111, 52)",b'friend class DisallowMacroScratchRegisterUsage;'
Source,../repos/incubator-weex/weex_core/Source/include/JavaScriptCore/assembler/AbstractMacroAssembler.h,"(1117, 5)-(1117, 29)",b'friend class LinkBuffer;'
Source,../repos/incubator-weex/weex_core/Source/include/JavaScriptCore/assembler/MacroAssemblerARM.h,"(1582, 5)-(1582, 29)",b'friend class LinkBuffer;'
Source,../repos/incubator-weex/weex_core/Source/include/JavaScriptCore/assembler/MacroAssemblerX86Common.h,"(4090, 5)-(4090, 36)",b'friend class MacroAssemblerX86;'
Source,../repos/incubator-weex/weex_core/Source/include/JavaScriptCore/assembler/MacroAssemblerX86.h,"(375, 5)-(375, 29)",b'friend class LinkBuffer;'
Source,../repos/incubator-weex/weex_core/Source/include/JavaScriptCore/assembler/MacroAssemblerX86_64.h,"(1924, 5)-(1924, 29)",b'friend class LinkBuffer;'
Source,../repos/incubator-weex/weex_core/Source/include/JavaScriptCore/assembler/ARMv7Assembler.h,"(212, 5)-(212, 33)",b'friend class ARMv7Assembler;'
Source,../repos/incubator-weex/weex_core/Source/include/JavaScriptCore/assembler/ARMv7Assembler.h,"(417, 5)-(417, 33)",b'friend class ARMv7Assembler;'
Source,../repos/incubator-weex/weex_core/Source/include/JavaScriptCore/assembler/MacroAssemblerARMv7.h,"(2126, 5)-(2126, 29)",b'friend class LinkBuffer;'
Source,../repos/incubator-weex/weex_core/Source/include/JavaScriptCore/assembler/MacroAssemblerMIPS.h,"(3049, 5)-(3049, 29)",b'friend class LinkBuffer;'
Source,../repos/incubator-weex/weex_core/Source/include/JavaScriptCore/assembler/AssemblerBuffer.h,"(294, 9)-(294, 28)",b'friend LocalWriter;'
Source,../repos/incubator-weex/weex_core/Source/include/JavaScriptCore/assembler/MacroAssemblerSH4.h,"(2648, 5)-(2648, 29)",b'friend class LinkBuffer;'
Source,../repos/incubator-weex/weex_core/Source/include/JavaScriptCore/runtime/StructureIDBlob.h,"(36, 5)-(36, 40)",b'friend class LLIntOffsetsExtractor;'
Source,../repos/incubator-weex/weex_core/Source/include/JavaScriptCore/runtime/TypeSet.h,"(52, 5)-(52, 26)",b'friend class TypeSet;'
Source,../repos/incubator-weex/weex_core/Source/include/JavaScriptCore/runtime/IndexingHeader.h,"(121, 5)-(121, 40)",b'friend class LLIntOffsetsExtractor;'
Source,../repos/incubator-weex/weex_core/Source/include/JavaScriptCore/runtime/InferredType.h,"(264, 9)-(264, 35)",b'friend class InferredType;'
Source,../repos/incubator-weex/weex_core/Source/include/JavaScriptCore/runtime/InferredType.h,"(265, 9)-(265, 50)",b'friend class InferredStructureWatchpoint;'
Source,../repos/incubator-weex/weex_core/Source/include/JavaScriptCore/runtime/InferredType.h,"(266, 9)-(266, 49)",b'friend class InferredStructureFinalizer;'
Source,../repos/incubator-weex/weex_core/Source/include/JavaScriptCore/runtime/JSAsyncFunction.h,"(33, 5)-(33, 22)",b'friend class JIT;'
Source,../repos/incubator-weex/weex_core/Source/include/JavaScriptCore/runtime/JSAsyncFunction.h,"(34, 5)-(34, 21)",b'friend class VM;'
Source,../repos/incubator-weex/weex_core/Source/include/JavaScriptCore/runtime/WebAssemblyExecutable.h,"(62, 5)-(62, 33)",b'friend class ExecutableBase;'
Source,../repos/incubator-weex/weex_core/Source/include/JavaScriptCore/runtime/JSSegmentedVariableObject.h,"(53, 5)-(53, 22)",b'friend class JIT;'
Source,../repos/incubator-weex/weex_core/Source/include/JavaScriptCore/runtime/JSSegmentedVariableObject.h,"(54, 5)-(54, 40)",b'friend class LLIntOffsetsExtractor;'
Source,../repos/incubator-weex/weex_core/Source/include/JavaScriptCore/runtime/JSModuleEnvironment.h,"(39, 5)-(39, 22)",b'friend class JIT;'
Source,../repos/incubator-weex/weex_core/Source/include/JavaScriptCore/runtime/JSModuleEnvironment.h,"(40, 5)-(40, 40)",b'friend class LLIntOffsetsExtractor;'
Source,../repos/incubator-weex/weex_core/Source/include/JavaScriptCore/runtime/JSGenericTypedArrayView.h,"(273, 5)-(273, 40)",b'friend struct TypedArrayClassInfos;'
Source,../repos/incubator-weex/weex_core/Source/include/JavaScriptCore/runtime/GetterSetter.h,"(44, 5)-(44, 22)",b'friend class JIT;'
Source,../repos/incubator-weex/weex_core/Source/include/JavaScriptCore/runtime/JSSet.h,"(39, 5)-(39, 32)",b'friend class JSSetIterator;'
Source,../repos/incubator-weex/weex_core/Source/include/JavaScriptCore/runtime/NativeExecutable.h,"(36, 5)-(36, 22)",b'friend class JIT;'
Source,../repos/incubator-weex/weex_core/Source/include/JavaScriptCore/runtime/NativeExecutable.h,"(37, 5)-(37, 40)",b'friend class LLIntOffsetsExtractor;'
Source,../repos/incubator-weex/weex_core/Source/include/JavaScriptCore/runtime/NativeExecutable.h,"(85, 5)-(85, 33)",b'friend class ExecutableBase;'
Source,../repos/incubator-weex/weex_core/Source/include/JavaScriptCore/runtime/ProgramExecutable.h,"(33, 5)-(33, 40)",b'friend class LLIntOffsetsExtractor;'
Source,../repos/incubator-weex/weex_core/Source/include/JavaScriptCore/runtime/ProgramExecutable.h,"(71, 5)-(71, 33)",b'friend class ExecutableBase;'
Source,../repos/incubator-weex/weex_core/Source/include/JavaScriptCore/runtime/ProgramExecutable.h,"(72, 5)-(72, 35)",b'friend class ScriptExecutable;'
Source,../repos/incubator-weex/weex_core/Source/include/JavaScriptCore/runtime/BasicBlockLocation.h,"(62, 5)-(62, 40)",b'friend class LLIntOffsetsExtractor;'
Source,../repos/incubator-weex/weex_core/Source/include/JavaScriptCore/runtime/AbstractModuleRecord.h,"(45, 5)-(45, 40)",b'friend class LLIntOffsetsExtractor;'
Source,../repos/incubator-weex/weex_core/Source/include/JavaScriptCore/runtime/VMTraps.h,"(176, 5)-(176, 40)",b'friend class LLIntOffsetsExtractor;'
Source,../repos/incubator-weex/weex_core/Source/include/JavaScriptCore/runtime/VMTraps.h,"(177, 5)-(177, 31)",b'friend class SignalSender;'
Source,../repos/incubator-weex/weex_core/Source/include/JavaScriptCore/runtime/JSArray.h,"(34, 5)-(34, 40)",b'friend class LLIntOffsetsExtractor;'
Source,../repos/incubator-weex/weex_core/Source/include/JavaScriptCore/runtime/JSArray.h,"(35, 5)-(35, 25)",b'friend class Walker;'
Source,../repos/incubator-weex/weex_core/Source/include/JavaScriptCore/runtime/JSArray.h,"(36, 5)-(36, 22)",b'friend class JIT;'
Source,../repos/incubator-weex/weex_core/Source/include/JavaScriptCore/runtime/StructureChain.h,"(39, 5)-(39, 22)",b'friend class JIT;'
Source,../repos/incubator-weex/weex_core/Source/include/JavaScriptCore/runtime/StructureChain.h,"(83, 5)-(83, 40)",b'friend class LLIntOffsetsExtractor;'
Source,../repos/incubator-weex/weex_core/Source/include/JavaScriptCore/runtime/JSEnvironmentRecord.h,"(40, 5)-(40, 22)",b'friend class JIT;'
Source,../repos/incubator-weex/weex_core/Source/include/JavaScriptCore/runtime/JSEnvironmentRecord.h,"(41, 5)-(41, 40)",b'friend class LLIntOffsetsExtractor;'
Source,../repos/incubator-weex/weex_core/Source/include/JavaScriptCore/runtime/Exception.h,"(75, 5)-(75, 40)",b'friend class LLIntOffsetsExtractor;'
Source,../repos/incubator-weex/weex_core/Source/include/JavaScriptCore/runtime/VM.h,"(690, 5)-(690, 40)",b'friend class LLIntOffsetsExtractor;'
Source,../repos/incubator-weex/weex_core/Source/include/JavaScriptCore/runtime/VM.h,"(797, 5)-(797, 23)",b'friend class Heap;'
Source,../repos/incubator-weex/weex_core/Source/include/JavaScriptCore/runtime/VM.h,"(798, 5)-(798, 29)",b'friend class CatchScope;'
Source,../repos/incubator-weex/weex_core/Source/include/JavaScriptCore/runtime/VM.h,"(799, 5)-(799, 33)",b'friend class ExceptionScope;'
Source,../repos/incubator-weex/weex_core/Source/include/JavaScriptCore/runtime/VM.h,"(800, 5)-(800, 29)",b'friend class ThrowScope;'
Source,../repos/incubator-weex/weex_core/Source/include/JavaScriptCore/runtime/VM.h,"(801, 5)-(801, 26)",b'friend class VMTraps;'
Source,../repos/incubator-weex/weex_core/Source/include/JavaScriptCore/runtime/VM.h,"(802, 5)-(802, 48)",b'friend class WTF::DoublyLinkedListNode<VM>;'
Source,../repos/incubator-weex/weex_core/Source/include/JavaScriptCore/runtime/SamplingCounter.h,"(41, 5)-(41, 43)",b'friend class DeletableSamplingCounter;'
Source,../repos/incubator-weex/weex_core/Source/include/JavaScriptCore/runtime/JSCJSValue.h,"(130, 5)-(130, 44)",b'friend struct EncodedJSValueHashTraits;'
Source,../repos/incubator-weex/weex_core/Source/include/JavaScriptCore/runtime/JSCJSValue.h,"(131, 5)-(131, 62)",b'friend struct EncodedJSValueWithRepresentatio...'
Source,../repos/incubator-weex/weex_core/Source/include/JavaScriptCore/runtime/JSCJSValue.h,"(132, 5)-(132, 34)",b'friend class AssemblyHelpers;'
Source,../repos/incubator-weex/weex_core/Source/include/JavaScriptCore/runtime/JSCJSValue.h,"(133, 5)-(133, 22)",b'friend class JIT;'
Source,../repos/incubator-weex/weex_core/Source/include/JavaScriptCore/runtime/JSCJSValue.h,"(134, 5)-(134, 34)",b'friend class JITSlowPathCall;'
Source,../repos/incubator-weex/weex_core/Source/include/JavaScriptCore/runtime/JSCJSValue.h,"(135, 5)-(135, 27)",b'friend class JITStubs;'
Source,../repos/incubator-weex/weex_core/Source/include/JavaScriptCore/runtime/JSCJSValue.h,"(136, 5)-(136, 30)",b'friend class JITStubCall;'
Source,../repos/incubator-weex/weex_core/Source/include/JavaScriptCore/runtime/JSCJSValue.h,"(137, 5)-(137, 33)",b'friend class JSInterfaceJIT;'
Source,../repos/incubator-weex/weex_core/Source/include/JavaScriptCore/runtime/JSCJSValue.h,"(138, 5)-(138, 32)",b'friend class JSValueSource;'
Source,../repos/incubator-weex/weex_core/Source/include/JavaScriptCore/runtime/JSCJSValue.h,"(139, 5)-(139, 38)",b'friend class SpecializedThunkJIT;'
Source,../repos/incubator-weex/weex_core/Source/include/JavaScriptCore/runtime/JSCJSValue.h,"(141, 5)-(141, 35)",b'friend class DFG::JITCompiler;'
Source,../repos/incubator-weex/weex_core/Source/include/JavaScriptCore/runtime/JSCJSValue.h,"(142, 5)-(142, 39)",b'friend class DFG::OSRExitCompiler;'
Source,../repos/incubator-weex/weex_core/Source/include/JavaScriptCore/runtime/JSCJSValue.h,"(143, 5)-(143, 38)",b'friend class DFG::SpeculativeJIT;'
Source,../repos/incubator-weex/weex_core/Source/include/JavaScriptCore/runtime/JSCJSValue.h,"(146, 5)-(146, 31)",b'friend class LLInt::CLoop;'
Source,../repos/incubator-weex/weex_core/Source/include/JavaScriptCore/runtime/JSGlobalObject.h,"(843, 5)-(843, 40)",b'friend class LLIntOffsetsExtractor;'
Source,../repos/incubator-weex/weex_core/Source/include/JavaScriptCore/runtime/StructureTransitionTable.h,"(188, 5)-(188, 48)",b'friend class SingleSlotTransitionWeakOwner;'
Source,../repos/incubator-weex/weex_core/Source/include/JavaScriptCore/runtime/JSArrayBufferView.h,"(187, 5)-(187, 40)",b'friend class LLIntOffsetsExtractor;'
Source,../repos/incubator-weex/weex_core/Source/include/JavaScriptCore/runtime/ExecutableBase.h,"(65, 5)-(65, 22)",b'friend class JIT;'
Source,../repos/incubator-weex/weex_core/Source/include/JavaScriptCore/runtime/ScriptExecutable.h,"(107, 5)-(107, 33)",b'friend class ExecutableBase;'
Source,../repos/incubator-weex/weex_core/Source/include/JavaScriptCore/runtime/ArrayBufferView.h,"(156, 5)-(156, 30)",b'friend class ArrayBuffer;'
Source,../repos/incubator-weex/weex_core/Source/include/JavaScriptCore/runtime/ModuleProgramExecutable.h,"(33, 5)-(33, 40)",b'friend class LLIntOffsetsExtractor;'
Source,../repos/incubator-weex/weex_core/Source/include/JavaScriptCore/runtime/ModuleProgramExecutable.h,"(66, 5)-(66, 33)",b'friend class ExecutableBase;'
Source,../repos/incubator-weex/weex_core/Source/include/JavaScriptCore/runtime/ModuleProgramExecutable.h,"(67, 5)-(67, 35)",b'friend class ScriptExecutable;'
Source,../repos/incubator-weex/weex_core/Source/include/JavaScriptCore/runtime/RegExpKey.h,"(78, 5)-(78, 75)",b'friend inline bool operator==(const RegExpKey...'
Source,../repos/incubator-weex/weex_core/Source/include/JavaScriptCore/runtime/Identifier.h,"(88, 5)-(88, 28)",b'friend class Structure;'
Source,../repos/incubator-weex/weex_core/Source/include/JavaScriptCore/runtime/Identifier.h,"(143, 5)-(143, 66)","b'friend bool operator==(const Identifier&, con...'"
Source,../repos/incubator-weex/weex_core/Source/include/JavaScriptCore/runtime/Identifier.h,"(144, 5)-(144, 66)","b'friend bool operator!=(const Identifier&, con...'"
Source,../repos/incubator-weex/weex_core/Source/include/JavaScriptCore/runtime/Identifier.h,"(146, 5)-(146, 61)","b'friend bool operator==(const Identifier&, con...'"
Source,../repos/incubator-weex/weex_core/Source/include/JavaScriptCore/runtime/Identifier.h,"(147, 5)-(147, 60)","b'friend bool operator==(const Identifier&, con...'"
Source,../repos/incubator-weex/weex_core/Source/include/JavaScriptCore/runtime/Identifier.h,"(148, 5)-(148, 61)","b'friend bool operator!=(const Identifier&, con...'"
Source,../repos/incubator-weex/weex_core/Source/include/JavaScriptCore/runtime/Identifier.h,"(149, 5)-(149, 60)","b'friend bool operator!=(const Identifier&, con...'"
Source,../repos/incubator-weex/weex_core/Source/include/JavaScriptCore/runtime/JSModuleRecord.h,"(37, 5)-(37, 40)",b'friend class LLIntOffsetsExtractor;'
Source,../repos/incubator-weex/weex_core/Source/include/JavaScriptCore/runtime/JSMap.h,"(38, 5)-(38, 32)",b'friend class JSMapIterator;'
Source,../repos/incubator-weex/weex_core/Source/include/JavaScriptCore/runtime/TypeProfilerLog.h,"(44, 9)-(44, 44)",b'friend class LLIntOffsetsExtractor;'
Source,../repos/incubator-weex/weex_core/Source/include/JavaScriptCore/runtime/TypeProfilerLog.h,"(73, 5)-(73, 40)",b'friend class LLIntOffsetsExtractor;'
Source,../repos/incubator-weex/weex_core/Source/include/JavaScriptCore/runtime/StructureRareData.h,"(68, 5)-(68, 28)",b'friend class Structure;'
Source,../repos/incubator-weex/weex_core/Source/include/JavaScriptCore/runtime/StructureRareData.h,"(69, 5)-(69, 60)",b'friend class ObjectToStringAdaptiveStructureW...'
Source,../repos/incubator-weex/weex_core/Source/include/JavaScriptCore/runtime/StructureRareData.h,"(70, 5)-(70, 72)",b'friend class ObjectToStringAdaptiveInferredPr...'
Source,../repos/incubator-weex/weex_core/Source/include/JavaScriptCore/runtime/TemplateRegistryKey.h,"(39, 5)-(39, 43)",b'friend class TemplateRegistryKeyTable;'
Source,../repos/incubator-weex/weex_core/Source/include/JavaScriptCore/runtime/JSFunction.h,"(58, 5)-(58, 22)",b'friend class JIT;'
Source,../repos/incubator-weex/weex_core/Source/include/JavaScriptCore/runtime/JSFunction.h,"(59, 5)-(59, 38)",b'friend class DFG::SpeculativeJIT;'
Source,../repos/incubator-weex/weex_core/Source/include/JavaScriptCore/runtime/JSFunction.h,"(60, 5)-(60, 35)",b'friend class DFG::JITCompiler;'
Source,../repos/incubator-weex/weex_core/Source/include/JavaScriptCore/runtime/JSFunction.h,"(61, 5)-(61, 21)",b'friend class VM;'
Source,../repos/incubator-weex/weex_core/Source/include/JavaScriptCore/runtime/JSFunction.h,"(62, 5)-(62, 35)",b'friend class InternalFunction;'
Source,../repos/incubator-weex/weex_core/Source/include/JavaScriptCore/runtime/JSFunction.h,"(196, 5)-(196, 40)",b'friend class LLIntOffsetsExtractor;'
Source,../repos/incubator-weex/weex_core/Source/include/JavaScriptCore/runtime/FunctionRareData.h,"(43, 5)-(43, 22)",b'friend class JIT;'
Source,../repos/incubator-weex/weex_core/Source/include/JavaScriptCore/runtime/FunctionRareData.h,"(44, 5)-(44, 38)",b'friend class DFG::SpeculativeJIT;'
Source,../repos/incubator-weex/weex_core/Source/include/JavaScriptCore/runtime/FunctionRareData.h,"(45, 5)-(45, 35)",b'friend class DFG::JITCompiler;'
Source,../repos/incubator-weex/weex_core/Source/include/JavaScriptCore/runtime/FunctionRareData.h,"(46, 5)-(46, 21)",b'friend class VM;'
Source,../repos/incubator-weex/weex_core/Source/include/JavaScriptCore/runtime/FunctionRareData.h,"(106, 5)-(106, 40)",b'friend class LLIntOffsetsExtractor;'
Source,../repos/incubator-weex/weex_core/Source/include/JavaScriptCore/runtime/InferredValue.h,"(123, 5)-(123, 31)",b'friend class ValueCleanup;'
Source,../repos/incubator-weex/weex_core/Source/include/JavaScriptCore/runtime/JSObject.h,"(93, 5)-(93, 45)",b'friend class BatchedTransitionOptimizer;'
Source,../repos/incubator-weex/weex_core/Source/include/JavaScriptCore/runtime/JSObject.h,"(94, 5)-(94, 22)",b'friend class JIT;'
Source,../repos/incubator-weex/weex_core/Source/include/JavaScriptCore/runtime/JSObject.h,"(95, 5)-(95, 25)",b'friend class JSCell;'
Source,../repos/incubator-weex/weex_core/Source/include/JavaScriptCore/runtime/JSObject.h,"(96, 5)-(96, 32)",b'friend class JSFinalObject;'
Source,../repos/incubator-weex/weex_core/Source/include/JavaScriptCore/runtime/JSObject.h,"(97, 5)-(97, 30)",b'friend class MarkedBlock;'
Source,../repos/incubator-weex/weex_core/Source/include/JavaScriptCore/runtime/JSObject.h,"(984, 5)-(984, 40)",b'friend class LLIntOffsetsExtractor;'
Source,../repos/incubator-weex/weex_core/Source/include/JavaScriptCore/runtime/JSObject.h,"(1048, 5)-(1048, 27)",b'friend class JSObject;'
Source,../repos/incubator-weex/weex_core/Source/include/JavaScriptCore/runtime/JSObject.h,"(1077, 5)-(1077, 27)",b'friend class JSObject;'
Source,../repos/incubator-weex/weex_core/Source/include/JavaScriptCore/runtime/JSObject.h,"(1125, 5)-(1125, 40)",b'friend class LLIntOffsetsExtractor;'
Source,../repos/incubator-weex/weex_core/Source/include/JavaScriptCore/runtime/JSCallee.h,"(39, 5)-(39, 22)",b'friend class JIT;'
Source,../repos/incubator-weex/weex_core/Source/include/JavaScriptCore/runtime/JSCallee.h,"(41, 5)-(41, 38)",b'friend class DFG::SpeculativeJIT;'
Source,../repos/incubator-weex/weex_core/Source/include/JavaScriptCore/runtime/JSCallee.h,"(42, 5)-(42, 35)",b'friend class DFG::JITCompiler;'
Source,../repos/incubator-weex/weex_core/Source/include/JavaScriptCore/runtime/JSCallee.h,"(44, 5)-(44, 21)",b'friend class VM;'
Source,../repos/incubator-weex/weex_core/Source/include/JavaScriptCore/runtime/JSCallee.h,"(100, 5)-(100, 40)",b'friend class LLIntOffsetsExtractor;'
Source,../repos/incubator-weex/weex_core/Source/include/JavaScriptCore/runtime/Structure.h,"(130, 5)-(130, 43)",b'friend class StructureTransitionTable;'
Source,../repos/incubator-weex/weex_core/Source/include/JavaScriptCore/runtime/Structure.h,"(645, 5)-(645, 40)",b'friend class LLIntOffsetsExtractor;'
Source,../repos/incubator-weex/weex_core/Source/include/JavaScriptCore/runtime/JSScope.h,"(43, 5)-(43, 40)",b'friend class LLIntOffsetsExtractor;'
Source,../repos/incubator-weex/weex_core/Source/include/JavaScriptCore/runtime/JSString.h,"(75, 5)-(75, 22)",b'friend class JIT;'
Source,../repos/incubator-weex/weex_core/Source/include/JavaScriptCore/runtime/JSString.h,"(76, 5)-(76, 21)",b'friend class VM;'
Source,../repos/incubator-weex/weex_core/Source/include/JavaScriptCore/runtime/JSString.h,"(77, 5)-(77, 38)",b'friend class SpecializedThunkJIT;'
Source,../repos/incubator-weex/weex_core/Source/include/JavaScriptCore/runtime/JSString.h,"(78, 5)-(78, 31)",b'friend class JSRopeString;'
Source,../repos/incubator-weex/weex_core/Source/include/JavaScriptCore/runtime/JSString.h,"(79, 5)-(79, 28)",b'friend class MarkStack;'
Source,../repos/incubator-weex/weex_core/Source/include/JavaScriptCore/runtime/JSString.h,"(80, 5)-(80, 30)",b'friend class SlotVisitor;'
Source,../repos/incubator-weex/weex_core/Source/include/JavaScriptCore/runtime/JSString.h,"(81, 5)-(81, 32)",b'friend struct ThunkHelpers;'
Source,../repos/incubator-weex/weex_core/Source/include/JavaScriptCore/runtime/JSString.h,"(205, 5)-(205, 26)",b'friend class JSValue;'
Source,../repos/incubator-weex/weex_core/Source/include/JavaScriptCore/runtime/JSString.h,"(232, 5)-(232, 40)",b'friend class LLIntOffsetsExtractor;'
Source,../repos/incubator-weex/weex_core/Source/include/JavaScriptCore/runtime/JSString.h,"(239, 5)-(239, 65)","b'friend JSString* jsString(ExecState*, JSStrin...'"
Source,../repos/incubator-weex/weex_core/Source/include/JavaScriptCore/runtime/JSString.h,"(240, 5)-(240, 91)","b'friend JSString* jsSubstring(ExecState*, JSSt...'"
Source,../repos/incubator-weex/weex_core/Source/include/JavaScriptCore/runtime/JSString.h,"(246, 5)-(246, 27)",b'friend class JSString;'
Source,../repos/incubator-weex/weex_core/Source/include/JavaScriptCore/runtime/JSString.h,"(248, 5)-(248, 47)",b'friend JSRopeString* jsStringBuilder(VM*);'
Source,../repos/incubator-weex/weex_core/Source/include/JavaScriptCore/runtime/JSString.h,"(419, 5)-(419, 79)",b'friend JSValue jsStringFromRegisterArray(Exec...'
Source,../repos/incubator-weex/weex_core/Source/include/JavaScriptCore/runtime/JSString.h,"(420, 5)-(420, 63)",b'friend JSValue jsStringFromArguments(ExecStat...'
Source,../repos/incubator-weex/weex_core/Source/include/JavaScriptCore/runtime/JSString.h,"(479, 5)-(479, 65)","b'friend JSString* jsString(ExecState*, JSStrin...'"
Source,../repos/incubator-weex/weex_core/Source/include/JavaScriptCore/runtime/JSString.h,"(480, 5)-(480, 76)","b'friend JSString* jsString(ExecState*, JSStrin...'"
Source,../repos/incubator-weex/weex_core/Source/include/JavaScriptCore/runtime/JSString.h,"(481, 5)-(481, 88)","b'friend JSString* jsString(ExecState*, const S...'"
Source,../repos/incubator-weex/weex_core/Source/include/JavaScriptCore/runtime/Watchdog.h,"(77, 5)-(77, 40)",b'friend class LLIntOffsetsExtractor;'
Source,../repos/incubator-weex/weex_core/Source/include/JavaScriptCore/runtime/ArrayPrototype.h,"(63, 5)-(63, 61)",b'friend ArrayPrototypeAdaptiveInferredProperty...'
Source,../repos/incubator-weex/weex_core/Source/include/JavaScriptCore/runtime/SymbolTable.h,"(158, 9)-(158, 40)",b'friend struct SymbolTableEntry;'
Source,../repos/incubator-weex/weex_core/Source/include/JavaScriptCore/runtime/JSCell.h,"(72, 5)-(72, 26)",b'friend class JSValue;'
Source,../repos/incubator-weex/weex_core/Source/include/JavaScriptCore/runtime/JSCell.h,"(73, 5)-(73, 30)",b'friend class MarkedBlock;'
Source,../repos/incubator-weex/weex_core/Source/include/JavaScriptCore/runtime/JSCell.h,"(74, 26)-(74, 59)",b'friend void* allocateCell(Heap&);'
Source,../repos/incubator-weex/weex_core/Source/include/JavaScriptCore/runtime/JSCell.h,"(75, 26)-(75, 67)","b'friend void* allocateCell(Heap&, size_t);'"
Source,../repos/incubator-weex/weex_core/Source/include/JavaScriptCore/runtime/JSCell.h,"(76, 26)-(76, 79)","b'friend void* allocateCell(Heap&, GCDeferralCo...'"
Source,../repos/incubator-weex/weex_core/Source/include/JavaScriptCore/runtime/JSCell.h,"(77, 26)-(77, 87)","b'friend void* allocateCell(Heap&, GCDeferralCo...'"
Source,../repos/incubator-weex/weex_core/Source/include/JavaScriptCore/runtime/JSCell.h,"(259, 5)-(259, 40)",b'friend class LLIntOffsetsExtractor;'
Source,../repos/incubator-weex/weex_core/Source/include/JavaScriptCore/runtime/LiteralParser.h,"(146, 9)-(146, 44)",b'friend class LiteralParserTokenPtr;'
Source,../repos/incubator-weex/weex_core/Source/include/JavaScriptCore/runtime/FunctionExecutable.h,"(33, 5)-(33, 22)",b'friend class JIT;'
Source,../repos/incubator-weex/weex_core/Source/include/JavaScriptCore/runtime/FunctionExecutable.h,"(34, 5)-(34, 40)",b'friend class LLIntOffsetsExtractor;'
Source,../repos/incubator-weex/weex_core/Source/include/JavaScriptCore/runtime/FunctionExecutable.h,"(172, 5)-(172, 33)",b'friend class ExecutableBase;'
Source,../repos/incubator-weex/weex_core/Source/include/JavaScriptCore/runtime/FunctionExecutable.h,"(179, 5)-(179, 35)",b'friend class ScriptExecutable;'
Source,../repos/incubator-weex/weex_core/Source/include/JavaScriptCore/runtime/CommonIdentifiers.h,"(394, 9)-(394, 25)",b'friend class VM;'
Source,../repos/incubator-weex/weex_core/Source/include/JavaScriptCore/runtime/JSAPIValueWrapper.h,"(33, 5)-(33, 59)","b'friend JSValue jsAPIValueWrapper(ExecState*, ...'"
Source,../repos/incubator-weex/weex_core/Source/include/JavaScriptCore/runtime/ArgList.h,"(33, 5)-(33, 21)",b'friend class VM;'
Source,../repos/incubator-weex/weex_core/Source/include/JavaScriptCore/runtime/ArgList.h,"(34, 5)-(34, 26)",b'friend class ArgList;'
Source,../repos/incubator-weex/weex_core/Source/include/JavaScriptCore/runtime/ArgList.h,"(135, 5)-(135, 30)",b'friend class Interpreter;'
Source,../repos/incubator-weex/weex_core/Source/include/JavaScriptCore/runtime/ArgList.h,"(136, 5)-(136, 22)",b'friend class JIT;'
Source,../repos/incubator-weex/weex_core/Source/include/JavaScriptCore/runtime/JSGeneratorFunction.h,"(37, 5)-(37, 22)",b'friend class JIT;'
Source,../repos/incubator-weex/weex_core/Source/include/JavaScriptCore/runtime/JSGeneratorFunction.h,"(39, 5)-(39, 38)",b'friend class DFG::SpeculativeJIT;'
Source,../repos/incubator-weex/weex_core/Source/include/JavaScriptCore/runtime/JSGeneratorFunction.h,"(40, 5)-(40, 35)",b'friend class DFG::JITCompiler;'
Source,../repos/incubator-weex/weex_core/Source/include/JavaScriptCore/runtime/JSGeneratorFunction.h,"(42, 5)-(42, 21)",b'friend class VM;'
Source,../repos/incubator-weex/weex_core/Source/include/JavaScriptCore/runtime/JSGeneratorFunction.h,"(92, 5)-(92, 40)",b'friend class LLIntOffsetsExtractor;'
Source,../repos/incubator-weex/weex_core/Source/include/JavaScriptCore/runtime/ArrayBuffer.h,"(81, 5)-(81, 30)",b'friend class ArrayBuffer;'
Source,../repos/incubator-weex/weex_core/Source/include/JavaScriptCore/runtime/StructureIDTable.h,"(82, 5)-(82, 40)",b'friend class LLIntOffsetsExtractor;'
Source,../repos/incubator-weex/weex_core/Source/include/JavaScriptCore/runtime/RegExpCache.h,"(42, 5)-(42, 25)",b'friend class RegExp;'
Source,../repos/incubator-weex/weex_core/Source/include/JavaScriptCore/runtime/Options.h,"(576, 5)-(576, 25)",b'friend class Option;'
Source,../repos/incubator-weex/weex_core/Source/include/JavaScriptCore/runtime/JSTypeInfo.h,"(111, 5)-(111, 40)",b'friend class LLIntOffsetsExtractor;'
Source,../repos/incubator-weex/weex_core/Source/include/JavaScriptCore/runtime/RegExp.h,"(109, 5)-(109, 30)",b'friend class RegExpCache;'
Source,../repos/incubator-weex/weex_core/Source/include/JavaScriptCore/runtime/EvalExecutable.h,"(34, 5)-(34, 40)",b'friend class LLIntOffsetsExtractor;'
Source,../repos/incubator-weex/weex_core/Source/include/JavaScriptCore/runtime/EvalExecutable.h,"(64, 5)-(64, 33)",b'friend class ExecutableBase;'
Source,../repos/incubator-weex/weex_core/Source/include/JavaScriptCore/runtime/EvalExecutable.h,"(65, 5)-(65, 35)",b'friend class ScriptExecutable;'
Source,../repos/incubator-weex/weex_core/Source/include/JavaScriptCore/heap/MarkingConstraint.h,"(84, 5)-(84, 39)",b'friend class MarkingConstraintSet;'
Source,../repos/incubator-weex/weex_core/Source/include/JavaScriptCore/heap/GCSegmentedArray.h,"(37, 5)-(37, 63)",b'friend class WTF::DoublyLinkedListNode<GCArra...'
Source,../repos/incubator-weex/weex_core/Source/include/JavaScriptCore/heap/GCSegmentedArray.h,"(68, 5)-(68, 46)",b'friend class GCSegmentedArrayIterator<T>;'
Source,../repos/incubator-weex/weex_core/Source/include/JavaScriptCore/heap/GCSegmentedArray.h,"(69, 5)-(69, 52)",b'friend class GCSegmentedArrayIterator<const T>;'
Source,../repos/incubator-weex/weex_core/Source/include/JavaScriptCore/heap/GCSegmentedArray.h,"(114, 5)-(114, 38)",b'friend class GCSegmentedArray<T>;'
Source,../repos/incubator-weex/weex_core/Source/include/JavaScriptCore/heap/HandleSet.h,"(64, 5)-(64, 30)",b'friend class HandleBlock;'
Source,../repos/incubator-weex/weex_core/Source/include/JavaScriptCore/heap/MarkingConstraintSet.h,"(72, 5)-(72, 35)",b'friend class ExecutionContext;'
Source,../repos/incubator-weex/weex_core/Source/include/JavaScriptCore/heap/ListableHandler.h,"(58, 5)-(58, 23)",b'friend class Heap;'
Source,../repos/incubator-weex/weex_core/Source/include/JavaScriptCore/heap/ListableHandler.h,"(59, 5)-(59, 30)",b'friend class SlotVisitor;'
Source,../repos/incubator-weex/weex_core/Source/include/JavaScriptCore/heap/HeapSnapshot.h,"(52, 5)-(52, 38)",b'friend class HeapSnapshotBuilder;'
Source,../repos/incubator-weex/weex_core/Source/include/JavaScriptCore/heap/HandleBlock.h,"(36, 5)-(36, 57)",b'friend class WTF::DoublyLinkedListNode<Handle...'
Source,../repos/incubator-weex/weex_core/Source/include/JavaScriptCore/heap/Local.h,"(40, 5)-(40, 29)",b'friend class LocalScope;'
Source,../repos/incubator-weex/weex_core/Source/include/JavaScriptCore/heap/StochasticSpaceTimeMutatorScheduler.h,"(66, 5)-(66, 27)",b'friend class Snapshot;'
Source,../repos/incubator-weex/weex_core/Source/include/JavaScriptCore/heap/GCDeferralContext.h,"(34, 5)-(34, 23)",b'friend class Heap;'
Source,../repos/incubator-weex/weex_core/Source/include/JavaScriptCore/heap/GCDeferralContext.h,"(35, 5)-(35, 34)",b'friend class MarkedAllocator;'
Source,../repos/incubator-weex/weex_core/Source/include/JavaScriptCore/heap/WeakSet.h,"(38, 5)-(38, 40)",b'friend class LLIntOffsetsExtractor;'
Source,../repos/incubator-weex/weex_core/Source/include/JavaScriptCore/heap/HeapRootVisitor.h,"(38, 9)-(38, 27)",b'friend class Heap;'
Source,../repos/incubator-weex/weex_core/Source/include/JavaScriptCore/heap/SlotVisitor.h,"(55, 5)-(55, 38)",b'friend class SetCurrentCellScope;'
Source,../repos/incubator-weex/weex_core/Source/include/JavaScriptCore/heap/SlotVisitor.h,"(56, 5)-(56, 23)",b'friend class Heap;'
Source,../repos/incubator-weex/weex_core/Source/include/JavaScriptCore/heap/SlotVisitor.h,"(174, 5)-(174, 38)",b'friend class ParallelModeEnabler;'
Source,../repos/incubator-weex/weex_core/Source/include/JavaScriptCore/heap/WeakBlock.h,"(40, 5)-(40, 55)",b'friend class WTF::DoublyLinkedListNode<WeakBlock>;'
Source,../repos/incubator-weex/weex_core/Source/include/JavaScriptCore/heap/Strong.h,"(40, 27)-(40, 47)",b'friend class Strong;'
Source,../repos/incubator-weex/weex_core/Source/include/JavaScriptCore/heap/Heap.h,"(104, 5)-(104, 22)",b'friend class JIT;'
Source,../repos/incubator-weex/weex_core/Source/include/JavaScriptCore/heap/Heap.h,"(105, 5)-(105, 38)",b'friend class DFG::SpeculativeJIT;'
Source,../repos/incubator-weex/weex_core/Source/include/JavaScriptCore/heap/Heap.h,"(358, 5)-(358, 34)",b'friend class AllocatingScope;'
Source,../repos/incubator-weex/weex_core/Source/include/JavaScriptCore/heap/Heap.h,"(359, 5)-(359, 28)",b'friend class CodeBlock;'
Source,../repos/incubator-weex/weex_core/Source/include/JavaScriptCore/heap/Heap.h,"(360, 5)-(360, 34)",b'friend class CollectingScope;'
Source,../repos/incubator-weex/weex_core/Source/include/JavaScriptCore/heap/Heap.h,"(361, 5)-(361, 26)",b'friend class DeferGC;'
Source,../repos/incubator-weex/weex_core/Source/include/JavaScriptCore/heap/Heap.h,"(362, 5)-(362, 35)",b'friend class DeferGCForAWhile;'
Source,../repos/incubator-weex/weex_core/Source/include/JavaScriptCore/heap/Heap.h,"(363, 5)-(363, 40)",b'friend class GCAwareJITStubRoutine;'
Source,../repos/incubator-weex/weex_core/Source/include/JavaScriptCore/heap/Heap.h,"(364, 5)-(364, 28)",b'friend class GCLogging;'
Source,../repos/incubator-weex/weex_core/Source/include/JavaScriptCore/heap/Heap.h,"(365, 5)-(365, 27)",b'friend class GCThread;'
Source,../repos/incubator-weex/weex_core/Source/include/JavaScriptCore/heap/Heap.h,"(366, 5)-(366, 28)",b'friend class HandleSet;'
Source,../repos/incubator-weex/weex_core/Source/include/JavaScriptCore/heap/Heap.h,"(367, 5)-(367, 27)",b'friend class HeapUtil;'
Source,../repos/incubator-weex/weex_core/Source/include/JavaScriptCore/heap/Heap.h,"(368, 5)-(368, 31)",b'friend class HeapVerifier;'
Source,../repos/incubator-weex/weex_core/Source/include/JavaScriptCore/heap/Heap.h,"(369, 5)-(369, 33)",b'friend class JITStubRoutine;'
Source,../repos/incubator-weex/weex_core/Source/include/JavaScriptCore/heap/Heap.h,"(370, 5)-(370, 40)",b'friend class LLIntOffsetsExtractor;'
Source,../repos/incubator-weex/weex_core/Source/include/JavaScriptCore/heap/Heap.h,"(371, 5)-(371, 30)",b'friend class MarkedSpace;'
Source,../repos/incubator-weex/weex_core/Source/include/JavaScriptCore/heap/Heap.h,"(372, 5)-(372, 34)",b'friend class MarkedAllocator;'
Source,../repos/incubator-weex/weex_core/Source/include/JavaScriptCore/heap/Heap.h,"(373, 5)-(373, 30)",b'friend class MarkedBlock;'
Source,../repos/incubator-weex/weex_core/Source/include/JavaScriptCore/heap/Heap.h,"(374, 5)-(374, 31)",b'friend class RunningScope;'
Source,../repos/incubator-weex/weex_core/Source/include/JavaScriptCore/heap/Heap.h,"(375, 5)-(375, 30)",b'friend class SlotVisitor;'
Source,../repos/incubator-weex/weex_core/Source/include/JavaScriptCore/heap/Heap.h,"(376, 5)-(376, 44)",b'friend class SpaceTimeMutatorScheduler;'
Source,../repos/incubator-weex/weex_core/Source/include/JavaScriptCore/heap/Heap.h,"(377, 5)-(377, 54)",b'friend class StochasticSpaceTimeMutatorScheduler;'
Source,../repos/incubator-weex/weex_core/Source/include/JavaScriptCore/heap/Heap.h,"(378, 5)-(378, 32)",b'friend class SweepingScope;'
Source,../repos/incubator-weex/weex_core/Source/include/JavaScriptCore/heap/Heap.h,"(379, 5)-(379, 37)",b'friend class IncrementalSweeper;'
Source,../repos/incubator-weex/weex_core/Source/include/JavaScriptCore/heap/Heap.h,"(380, 5)-(380, 33)",b'friend class HeapStatistics;'
Source,../repos/incubator-weex/weex_core/Source/include/JavaScriptCore/heap/Heap.h,"(381, 5)-(381, 21)",b'friend class VM;'
Source,../repos/incubator-weex/weex_core/Source/include/JavaScriptCore/heap/Heap.h,"(382, 5)-(382, 26)",b'friend class WeakSet;'
Source,../repos/incubator-weex/weex_core/Source/include/JavaScriptCore/heap/Heap.h,"(385, 5)-(385, 25)",b'friend class Thread;'
Source,../repos/incubator-weex/weex_core/Source/include/JavaScriptCore/heap/MarkedSpace.h,"(173, 5)-(173, 40)",b'friend class LLIntOffsetsExtractor;'
Source,../repos/incubator-weex/weex_core/Source/include/JavaScriptCore/heap/MarkedSpace.h,"(174, 5)-(174, 22)",b'friend class JIT;'
Source,../repos/incubator-weex/weex_core/Source/include/JavaScriptCore/heap/MarkedSpace.h,"(175, 5)-(175, 26)",b'friend class WeakSet;'
Source,../repos/incubator-weex/weex_core/Source/include/JavaScriptCore/heap/MarkedSpace.h,"(176, 5)-(176, 27)",b'friend class Subspace;'
Source,../repos/incubator-weex/weex_core/Source/include/JavaScriptCore/heap/MarkedSpace.h,"(220, 5)-(220, 31)",b'friend class HeapVerifier;'
Source,../repos/incubator-weex/weex_core/Source/include/JavaScriptCore/heap/MarkedBlock.h,"(59, 5)-(59, 40)",b'friend class LLIntOffsetsExtractor;'
Source,../repos/incubator-weex/weex_core/Source/include/JavaScriptCore/heap/MarkedBlock.h,"(60, 5)-(60, 32)",b'friend struct VerifyMarked;'
Source,../repos/incubator-weex/weex_core/Source/include/JavaScriptCore/heap/MarkedBlock.h,"(65, 5)-(65, 25)",b'friend class Handle;'
Source,../repos/incubator-weex/weex_core/Source/include/JavaScriptCore/heap/MarkedBlock.h,"(98, 9)-(98, 44)",b'friend class LLIntOffsetsExtractor;'
Source,../repos/incubator-weex/weex_core/Source/include/JavaScriptCore/heap/MarkedBlock.h,"(99, 9)-(99, 34)",b'friend class MarkedBlock;'
Source,../repos/incubator-weex/weex_core/Source/include/JavaScriptCore/heap/MarkedBlock.h,"(100, 9)-(100, 36)",b'friend struct VerifyMarked;'
Source,../repos/incubator-weex/weex_core/Source/include/JavaScriptCore/heap/Handle.h,"(46, 27)-(46, 45)",b'friend class Weak;'
Source,../repos/incubator-weex/weex_core/Source/include/JavaScriptCore/heap/Handle.h,"(47, 27)-(47, 47)",b'friend class Strong;'
Source,../repos/incubator-weex/weex_core/Source/include/JavaScriptCore/heap/Handle.h,"(48, 5)-(48, 28)",b'friend class HandleSet;'
Source,../repos/incubator-weex/weex_core/Source/include/JavaScriptCore/heap/Handle.h,"(49, 5)-(49, 40)",b'friend struct JSCallbackObjectData;'
Source,../repos/incubator-weex/weex_core/Source/include/JavaScriptCore/heap/Handle.h,"(111, 39)-(111, 69)",b'friend struct HandleConverter;'
Source,../repos/incubator-weex/weex_core/Source/include/JavaScriptCore/heap/Handle.h,"(130, 5)-(130, 28)",b'friend class HandleSet;'
Source,../repos/incubator-weex/weex_core/Source/include/JavaScriptCore/heap/Handle.h,"(131, 5)-(131, 28)",b'friend class WeakBlock;'
Source,../repos/incubator-weex/weex_core/Source/include/JavaScriptCore/heap/MarkedAllocator.h,"(132, 5)-(132, 40)",b'friend class LLIntOffsetsExtractor;'
Source,../repos/incubator-weex/weex_core/Source/include/JavaScriptCore/heap/MarkedAllocator.h,"(214, 5)-(214, 30)",b'friend class MarkedBlock;'
Source,../repos/incubator-weex/weex_core/Source/include/JavaScriptCore/heap/SpaceTimeMutatorScheduler.h,"(63, 5)-(63, 27)",b'friend class Snapshot;'
Source,../repos/incubator-weex/weex_core/Source/include/JavaScriptCore/yarr/YarrParser.h,"(46, 5)-(46, 115)","b'friend const char* parse(FriendDelegate&, con...'"
Source,../repos/incubator-weex/weex_core/Source/include/JavaScriptCore/parser/Nodes.h,"(664, 9)-(664, 39)",b'friend class PropertyListNode;'
Source,../repos/incubator-weex/weex_core/Source/include/JavaScriptCore/parser/ResultType.h,"(32, 9)-(32, 36)",b'friend struct OperandTypes;'
Source,../repos/incubator-weex/weex_core/Source/include/JavaScriptCore/bytecode/VirtualRegister.h,"(47, 5)-(47, 57)",b'friend VirtualRegister virtualRegisterForLoca...'
Source,../repos/incubator-weex/weex_core/Source/include/JavaScriptCore/bytecode/VirtualRegister.h,"(48, 5)-(48, 65)",b'friend VirtualRegister virtualRegisterForArgu...'
Source,../repos/incubator-weex/weex_core/Source/include/JavaScriptCore/bytecode/FullBytecodeLiveness.h,"(50, 5)-(50, 43)",b'friend class BytecodeLivenessAnalysis;'
Source,../repos/incubator-weex/weex_core/Source/include/JavaScriptCore/bytecode/IntrinsicGetterAccessCase.h,"(37, 5)-(37, 29)",b'friend class AccessCase;'
Source,../repos/incubator-weex/weex_core/Source/include/JavaScriptCore/bytecode/BytecodeKills.h,"(75, 5)-(75, 43)",b'friend class BytecodeLivenessAnalysis;'
Source,../repos/incubator-weex/weex_core/Source/include/JavaScriptCore/bytecode/GetterSetterAccessCase.h,"(37, 5)-(37, 29)",b'friend class AccessCase;'
Source,../repos/incubator-weex/weex_core/Source/include/JavaScriptCore/bytecode/GetByIdVariant.h,"(79, 5)-(79, 32)",b'friend class GetByIdStatus;'
Source,../repos/incubator-weex/weex_core/Source/include/JavaScriptCore/bytecode/BytecodeLivenessAnalysis.h,"(60, 5)-(60, 72)",b'friend class BytecodeLivenessPropagation<Byte...'
Source,../repos/incubator-weex/weex_core/Source/include/JavaScriptCore/bytecode/PolymorphicAccess.h,"(160, 5)-(160, 29)",b'friend class AccessCase;'
Source,../repos/incubator-weex/weex_core/Source/include/JavaScriptCore/bytecode/PolymorphicAccess.h,"(161, 5)-(161, 28)",b'friend class CodeBlock;'
Source,../repos/incubator-weex/weex_core/Source/include/JavaScriptCore/bytecode/PolymorphicAccess.h,"(162, 5)-(162, 41)",b'friend struct AccessGenerationState;'
Source,../repos/incubator-weex/weex_core/Source/include/JavaScriptCore/bytecode/UnlinkedInstructionStream.h,"(64, 5)-(64, 25)",b'friend class Reader;'
Source,../repos/incubator-weex/weex_core/Source/include/JavaScriptCore/bytecode/CodeBlock.h,"(100, 5)-(100, 43)",b'friend class BytecodeLivenessAnalysis;'
Source,../repos/incubator-weex/weex_core/Source/include/JavaScriptCore/bytecode/CodeBlock.h,"(101, 5)-(101, 22)",b'friend class JIT;'
Source,../repos/incubator-weex/weex_core/Source/include/JavaScriptCore/bytecode/CodeBlock.h,"(102, 5)-(102, 40)",b'friend class LLIntOffsetsExtractor;'
Source,../repos/incubator-weex/weex_core/Source/include/JavaScriptCore/bytecode/CodeBlock.h,"(908, 5)-(908, 31)",b'friend class CodeBlockSet;'
Source,../repos/incubator-weex/weex_core/Source/include/JavaScriptCore/bytecode/UnlinkedCodeBlock.h,"(411, 5)-(411, 35)",b'friend class BytecodeRewriter;'
Source,../repos/incubator-weex/weex_core/Source/include/JavaScriptCore/bytecode/BytecodeRewriter.h,"(211, 5)-(211, 36)",b'friend class UnlinkedCodeBlock;'
Source,../repos/incubator-weex/weex_core/Source/include/JavaScriptCore/bytecode/Watchpoint.h,"(81, 5)-(81, 32)",b'friend class WatchpointSet;'
Source,../repos/incubator-weex/weex_core/Source/include/JavaScriptCore/bytecode/Watchpoint.h,"(95, 5)-(95, 40)",b'friend class LLIntOffsetsExtractor;'
Source,../repos/incubator-weex/weex_core/Source/include/JavaScriptCore/bytecode/Watchpoint.h,"(209, 5)-(209, 38)",b'friend class InlineWatchpointSet;'
Source,../repos/incubator-weex/weex_core/Source/include/JavaScriptCore/bytecode/AccessCase.h,"(195, 5)-(195, 28)",b'friend class CodeBlock;'
Source,../repos/incubator-weex/weex_core/Source/include/JavaScriptCore/bytecode/AccessCase.h,"(196, 5)-(196, 36)",b'friend class PolymorphicAccess;'
Source,../repos/incubator-weex/weex_core/Source/include/JavaScriptCore/bytecode/ModuleNamespaceAccessCase.h,"(40, 5)-(40, 29)",b'friend class AccessCase;'
Source,../repos/incubator-weex/weex_core/Source/include/JavaScriptCore/bytecode/ObjectAllocationProfile.h,"(37, 5)-(37, 40)",b'friend class LLIntOffsetsExtractor;'
Source,../repos/incubator-weex/weex_core/Source/include/JavaScriptCore/bytecode/DFGExitProfile.h,"(184, 5)-(184, 39)",b'friend class QueryableExitProfile;'
Source,../repos/incubator-weex/weex_core/Source/include/JavaScriptCore/bytecode/UnlinkedFunctionExecutable.h,"(61, 5)-(61, 28)",b'friend class CodeCache;'
Source,../repos/incubator-weex/weex_core/Source/include/JavaScriptCore/bytecode/UnlinkedFunctionExecutable.h,"(62, 5)-(62, 21)",b'friend class VM;'
Source,../repos/incubator-weex/weex_core/Source/include/JavaScriptCore/bytecode/ArrayProfile.h,"(234, 5)-(234, 40)",b'friend class LLIntOffsetsExtractor;'
Source,../repos/incubator-weex/weex_core/Source/include/JavaScriptCore/bytecode/LazyOperandValueProfile.h,"(161, 5)-(161, 48)",b'friend class LazyOperandValueProfileParser;'
Source,../repos/incubator-weex/weex_core/Source/include/JavaScriptCore/jit/CompactJITCodeMap.h,"(170, 5)-(170, 26)",b'friend class Encoder;'
Source,../repos/incubator-weex/weex_core/Source/include/JavaScriptCore/jit/CompactJITCodeMap.h,"(171, 5)-(171, 26)",b'friend class Decoder;'
Source,../repos/incubator-weex/weex_core/Source/include/JavaScriptCore/jit/PCToCodeOriginMap.h,"(52, 5)-(52, 36)",b'friend class PCToCodeOriginMap;'
Source,../repos/incubator-weex/weex_core/Source/include/JavaScriptCore/jit/JIT.h,"(180, 9)-(180, 38)",b'friend class JITSlowPathCall;'
Source,../repos/incubator-weex/weex_core/Source/include/JavaScriptCore/jit/JIT.h,"(181, 9)-(181, 34)",b'friend class JITStubCall;'
Source,../repos/incubator-weex/weex_core/Source/include/JavaScriptCore/jit/JITWorklist.h,"(66, 5)-(66, 25)",b'friend class Thread;'
Source,../repos/incubator-weex/weex_core/Source/include/JavaScriptCore/jit/GCAwareJITStubRoutine.h,"(69, 5)-(69, 36)",b'friend class JITStubRoutineSet;'
Source,../repos/incubator-weex/weex_core/Source/include/JavaScriptCore/dfg/DFGJITCode.h,"(130, 5)-(130, 30)",b'friend class JITCompiler;'
Source,../repos/incubator-weex/weex_core/Source/include/JavaScriptCore/dfg/DFGEdge.h,"(188, 5)-(188, 32)",b'friend class AdjacencyList;'
Source,../repos/incubator-weex/weex_core/Source/include/JavaScriptCore/dfg/DFGBlockSet.h,"(82, 9)-(82, 31)",b'friend class BlockSet;'
Source,../repos/incubator-weex/weex_core/Source/include/JavaScriptCore/dfg/DFGOSRExitJumpPlaceholder.h,"(46, 5)-(46, 33)",b'friend class SpeculativeJIT;'
Source,../repos/incubator-weex/weex_core/Source/include/JavaScriptCore/dfg/DFGFrozenValue.h,"(105, 5)-(105, 24)",b'friend class Graph;'
Source,../repos/incubator-weex/weex_core/Source/include/JavaScriptCore/dfg/DFGBasicBlock.h,"(263, 5)-(263, 31)",b'friend class InsertionSet;'
Source,../repos/incubator-weex/weex_core/Source/include/JavaScriptCore/dfg/DFGJITCompiler.h,"(272, 5)-(272, 41)",b'friend class OSRExitJumpPlaceholder;'
Source,../repos/incubator-weex/weex_core/Source/include/JavaScriptCore/dfg/DFGThreadData.h,"(45, 5)-(45, 28)",b'friend class Safepoint;'
Source,../repos/incubator-weex/weex_core/Source/include/JavaScriptCore/dfg/DFGThreadData.h,"(46, 5)-(46, 27)",b'friend class Worklist;'
Source,../repos/incubator-weex/weex_core/Source/include/JavaScriptCore/dfg/DFGSpeculativeJIT.h,"(74, 5)-(74, 27)",b'friend struct OSRExit;'
Source,../repos/incubator-weex/weex_core/Source/include/JavaScriptCore/dfg/DFGWorklist.h,"(89, 5)-(89, 29)",b'friend class ThreadBody;'
Source,../repos/incubator-weex/weex_core/Source/include/JavaScriptCore/dfg/DFGNaturalLoops.h,"(82, 5)-(82, 31)",b'friend class NaturalLoops;'
Source,../repos/incubator-weex/weex_core/Source/include/JavaScriptCore/dfg/DFGMinifiedID.h,"(75, 5)-(75, 31)",b'friend class MinifiedNode;'
Source,../repos/incubator-weex/weex_core/Source/include/JavaScriptCore/dfg/DFGRegisteredStructure.h,"(60, 5)-(60, 24)",b'friend class Graph;'
Source,../repos/incubator-weex/weex_core/Source/include/JavaScriptCore/dfg/DFGSSACalculator.h,"(117, 9)-(117, 36)",b'friend class SSACalculator;'
Source,../repos/incubator-weex/weex_core/Source/include/JavaScriptCore/dfg/DFGSSACalculator.h,"(143, 9)-(143, 36)",b'friend class SSACalculator;'
Source,../repos/incubator-weex/weex_core/Source/include/JavaScriptCore/dfg/DFGNode.h,"(2504, 5)-(2504, 24)",b'friend class Graph;'
Source,../repos/incubator-weex/weex_core/Source/include/JavaScriptCore/dfg/DFGRegisterBank.h,"(227, 5)-(227, 41)",b'friend class RegisterBank<BankInfo>;'
Source,../repos/incubator-weex/weex_core/Source/include/JavaScriptCore/dfg/DFGSafepoint.h,"(57, 9)-(57, 32)",b'friend class Safepoint;'
Source,../repos/incubator-weex/weex_core/Source/include/JavaScriptCore/API/JSClassRef.h,"(113, 5)-(113, 44)",b'friend struct OpaqueJSClassContextData;'
Source,../repos/incubator-weex/weex_core/Source/include/JavaScriptCore/API/ObjCCallbackFunction.h,"(47, 5)-(47, 39)",b'friend struct APICallbackFunction;'
Source,../repos/incubator-weex/weex_core/Source/include/JavaScriptCore/API/JSCallbackFunction.h,"(35, 5)-(35, 39)",b'friend struct APICallbackFunction;'
Source,../repos/incubator-weex/weex_core/Source/include/JavaScriptCore/API/OpaqueJSString.h,"(71, 5)-(71, 60)",b'friend class WTF::ThreadSafeRefCounted<Opaque...'
Source,../repos/incubator-weex/weex_core/Source/include/JavaScriptCore/API/JSCallbackConstructor.h,"(62, 5)-(62, 39)",b'friend struct APICallbackFunction;'
Source,../repos/incubator-weex/weex_core/Source/include/wtf/SegmentedVector.h,"(41, 9)-(41, 54)","b'friend class SegmentedVector<T, SegmentSize>;'"
Source,../repos/incubator-weex/weex_core/Source/include/wtf/SegmentedVector.h,"(92, 9)-(92, 62)","b'friend class SegmentedVectorIterator<T, Segme...'"
Source,../repos/incubator-weex/weex_core/Source/include/wtf/RedBlackTree.h,"(55, 9)-(55, 35)",b'friend class RedBlackTree;'
Source,../repos/incubator-weex/weex_core/Source/include/wtf/UniqueRef.h,"(64, 38)-(64, 83)",b'friend UniqueRef<U> makeUniqueRef(Args&&...);'
Source,../repos/incubator-weex/weex_core/Source/include/wtf/UniqueRef.h,"(65, 23)-(65, 46)",b'friend class UniqueRef;'
Source,../repos/incubator-weex/weex_core/Source/include/wtf/Ref.h,"(163, 5)-(163, 32)",b'friend Ref adoptRef<T>(T&);'
Source,../repos/incubator-weex/weex_core/Source/include/wtf/OptionSet.h,"(63, 9)-(63, 26)",b'friend OptionSet;'
Source,../repos/incubator-weex/weex_core/Source/include/wtf/OptionSet.h,"(121, 5)-(126, 6)","b'friend OptionSet& operator|=(OptionSet& lhs, ...'"
Source,../repos/incubator-weex/weex_core/Source/include/wtf/OptionSet.h,"(128, 5)-(133, 6)","b'friend OptionSet& operator-=(OptionSet& lhs, ...'"
Source,../repos/incubator-weex/weex_core/Source/include/wtf/WTFThreadData.h,"(121, 5)-(121, 43)",b'friend WTFThreadData& wtfThreadData();'
Source,../repos/incubator-weex/weex_core/Source/include/wtf/WTFThreadData.h,"(122, 5)-(122, 36)",b'friend class AtomicStringTable;'
Source,../repos/incubator-weex/weex_core/Source/include/wtf/PassRefPtr.h,"(75, 42)-(75, 105)",b'friend PassRefPtr<V> static_pointer_cast(cons...'
Source,../repos/incubator-weex/weex_core/Source/include/wtf/HashTable.h,"(115, 9)-(115, 89)","b'friend class HashTable<Key, Value, Extractor,...'"
Source,../repos/incubator-weex/weex_core/Source/include/wtf/HashTable.h,"(116, 9)-(116, 97)","b'friend class HashTableIterator<Key, Value, Ex...'"
Source,../repos/incubator-weex/weex_core/Source/include/wtf/HashTable.h,"(251, 9)-(251, 89)","b'friend class HashTable<Key, Value, Extractor,...'"
Source,../repos/incubator-weex/weex_core/Source/include/wtf/RefPtr.h,"(104, 5)-(104, 35)",b'friend RefPtr adoptRef<T>(T*);'
Source,../repos/incubator-weex/weex_core/Source/include/wtf/OSObjectPtr.h,"(114, 5)-(114, 44)",b'friend OSObjectPtr adoptOSObject<T>(T);'
Source,../repos/incubator-weex/weex_core/Source/include/wtf/Deque.h,"(99, 5)-(99, 55)","b'friend class DequeIteratorBase<T, inlineCapacity>;'"
Source,../repos/incubator-weex/weex_core/Source/include/wtf/Deque.h,"(149, 5)-(149, 43)","b'friend class Deque<T, inlineCapacity>;'"
Source,../repos/incubator-weex/weex_core/Source/include/wtf/StackStats.h,"(98, 9)-(98, 33)",b'friend class CheckPoint;'
Source,../repos/incubator-weex/weex_core/Source/include/wtf/StackStats.h,"(99, 9)-(99, 33)",b'friend class StackStats;'
Source,../repos/incubator-weex/weex_core/Source/include/wtf/StackStats.h,"(138, 5)-(138, 29)",b'friend class CheckPoint;'
Source,../repos/incubator-weex/weex_core/Source/include/wtf/StackStats.h,"(139, 5)-(139, 35)",b'friend class LayoutCheckPoint;'
Source,../repos/incubator-weex/weex_core/Source/include/wtf/StackBounds.h,"(153, 5)-(153, 29)",b'friend class StackStats;'
Source,../repos/incubator-weex/weex_core/Source/include/wtf/MetaAllocatorHandle.h,"(110, 5)-(110, 32)",b'friend class MetaAllocator;'
Source,../repos/incubator-weex/weex_core/Source/include/wtf/text/LineBreakIteratorPoolICU.h,"(129, 5)-(129, 90)",b'friend WTF::ThreadSpecific<LineBreakIteratorP...'
Source,../repos/incubator-weex/weex_core/Source/include/wtf/text/StringImpl.h,"(133, 5)-(133, 42)",b'friend struct WTF::CStringTranslator;'
Source,../repos/incubator-weex/weex_core/Source/include/wtf/text/StringImpl.h,"(134, 38)-(134, 85)",b'friend struct WTF::HashAndCharactersTranslator;'
Source,../repos/incubator-weex/weex_core/Source/include/wtf/text/StringImpl.h,"(135, 5)-(135, 56)",b'friend struct WTF::HashAndUTF8CharactersTrans...'
Source,../repos/incubator-weex/weex_core/Source/include/wtf/text/StringImpl.h,"(136, 5)-(136, 60)",b'friend struct WTF::CharBufferFromLiteralDataT...'
Source,../repos/incubator-weex/weex_core/Source/include/wtf/text/StringImpl.h,"(137, 5)-(137, 46)",b'friend struct WTF::LCharBufferTranslator;'
Source,../repos/incubator-weex/weex_core/Source/include/wtf/text/StringImpl.h,"(138, 5)-(138, 44)",b'friend struct WTF::SubstringTranslator;'
Source,../repos/incubator-weex/weex_core/Source/include/wtf/text/StringImpl.h,"(139, 5)-(139, 46)",b'friend struct WTF::UCharBufferTranslator;'
Source,../repos/incubator-weex/weex_core/Source/include/wtf/text/StringImpl.h,"(140, 5)-(140, 35)",b'friend class JSC::LLInt::Data;'
Source,../repos/incubator-weex/weex_core/Source/include/wtf/text/StringImpl.h,"(141, 5)-(141, 45)",b'friend class JSC::LLIntOffsetsExtractor;'
Source,../repos/incubator-weex/weex_core/Source/include/wtf/text/StringImpl.h,"(142, 5)-(142, 29)",b'friend class SymbolImpl;'
Source,../repos/incubator-weex/weex_core/Source/include/wtf/text/CString.h,"(44, 5)-(44, 26)",b'friend class CString;'
Source,../repos/incubator-weex/weex_core/Source/include/wtf/text/TextBreakIterator.h,"(81, 5)-(81, 41)",b'friend class TextBreakIteratorCache;'
Source,../repos/incubator-weex/weex_core/Source/include/wtf/text/TextBreakIterator.h,"(113, 5)-(113, 57)",b'friend class NeverDestroyed<TextBreakIterator...'
Source,../repos/incubator-weex/weex_core/Source/include/wtf/text/TextBreakIterator.h,"(114, 5)-(114, 42)",b'friend class CachedTextBreakIterator;'
Source,../repos/incubator-weex/weex_core/Source/include/wtf/text/StringView.h,"(154, 5)-(154, 47)","b'friend bool equal(StringView, StringView);'"
Source,../repos/incubator-weex/weex_core/Source/include/wtf/text/StringView.h,"(683, 5)-(683, 24)",b'friend SplitResult;'
Source,../repos/incubator-weex/weex_core/Source/include/wtf/text/SymbolImpl.h,"(58, 5)-(58, 29)",b'friend class StringImpl;'
Source,../repos/incubator-weex/weex_core/Source/include/wtf/FastBitVector.h,"(422, 5)-(422, 32)",b'friend class FastBitVector;'
Source,../repos/incubator-weex/weex_core/Source/include/wtf/MetaAllocator.h,"(127, 5)-(127, 38)",b'friend class MetaAllocatorHandle;'
Source,../repos/incubator-weex/weex_core/Source/include/wtf/RefCounter.h,"(48, 9)-(48, 33)",b'friend class RefCounter;'
Source,../repos/incubator-weex/weex_core/Source/include/wtf/Bag.h,"(121, 30)-(121, 52)",b'friend class WTF::Bag;'
Source,../repos/incubator-weex/weex_core/Source/include/wtf/ParallelHelperPool.h,"(169, 5)-(169, 37)",b'friend class ParallelHelperPool;'
Source,../repos/incubator-weex/weex_core/Source/include/wtf/ParallelHelperPool.h,"(192, 5)-(192, 39)",b'friend class ParallelHelperClient;'
Source,../repos/incubator-weex/weex_core/Source/include/wtf/ParallelHelperPool.h,"(194, 5)-(194, 25)",b'friend class Thread;'
Source,../repos/incubator-weex/weex_core/Source/include/wtf/Variant.h,"(1444, 5)-(1444, 24)",b'friend __base_type;'
Source,../repos/incubator-weex/weex_core/Source/include/wtf/Variant.h,"(1445, 5)-(1445, 54)",b'friend struct __copy_construct_op_table<Variant>;'
Source,../repos/incubator-weex/weex_core/Source/include/wtf/Variant.h,"(1446, 5)-(1446, 51)",b'friend struct __copy_assign_op_table<Variant>;'
Source,../repos/incubator-weex/weex_core/Source/include/wtf/Variant.h,"(1447, 5)-(1447, 54)",b'friend struct __move_construct_op_table<Variant>;'
Source,../repos/incubator-weex/weex_core/Source/include/wtf/Variant.h,"(1448, 5)-(1448, 51)",b'friend struct __move_assign_op_table<Variant>;'
Source,../repos/incubator-weex/weex_core/Source/include/wtf/Variant.h,"(1449, 5)-(1449, 47)",b'friend struct __destroy_op_table<Variant>;'
Source,../repos/incubator-weex/weex_core/Source/include/wtf/Variant.h,"(1452, 5)-(1452, 38)",b'friend struct __variant_accessor;'
Source,../repos/incubator-weex/weex_core/Source/include/wtf/Variant.h,"(1454, 5)-(1454, 46)",b'friend struct __replace_construct_helper;'
Source,../repos/incubator-weex/weex_core/Source/include/wtf/RetainPtr.h,"(117, 26)-(117, 77)",b'friend RetainPtr<U> adoptCF(U CF_RELEASES_ARG...'
Source,../repos/incubator-weex/weex_core/Source/include/wtf/RetainPtr.h,"(118, 26)-(118, 77)",b'friend RetainPtr<U> adoptNS(U NS_RELEASES_ARG...'
Source,../repos/incubator-weex/weex_core/Source/include/wtf/MallocPtr.h,"(85, 26)-(85, 65)",b'friend MallocPtr<U> adoptMallocPtr(U*);'
Source,../repos/incubator-weex/weex_core/Source/include/wtf/RefCounted.h,"(119, 5)-(119, 42)",b'friend void adopted(RefCountedBase*);'
Source,../repos/incubator-weex/weex_core/Source/include/wtf/WeakPtr.h,"(71, 5)-(71, 29)",b'friend class WeakPtr<T>;'
Source,../repos/incubator-weex/weex_core/Source/include/wtf/WeakPtr.h,"(72, 5)-(72, 36)",b'friend class WeakPtrFactory<T>;'
Source,../repos/incubator-weex/weex_core/Source/include/wtf/WeakPtr.h,"(109, 5)-(109, 36)",b'friend class WeakPtrFactory<T>;'
Source,../repos/incubator-weex/weex_core/Source/include/wtf/BumpPointerAllocator.h,"(200, 5)-(200, 39)",b'friend class BumpPointerAllocator;'
Source,../repos/incubator-weex/weex_core/Source/include/wtf/ListHashSet.h,"(64, 5)-(64, 63)",b'friend class ListHashSetConstIterator<ValueTy...'
Source,../repos/incubator-weex/weex_core/Source/include/wtf/ListHashSet.h,"(185, 5)-(185, 49)","b'friend class ListHashSet<ValueArg, HashArg>;'"
Source,../repos/incubator-weex/weex_core/Source/include/wtf/ListHashSet.h,"(232, 5)-(232, 49)","b'friend class ListHashSet<ValueArg, HashArg>;'"
Source,../repos/incubator-weex/weex_core/Source/include/wtf/ListHashSet.h,"(233, 5)-(233, 57)","b'friend class ListHashSetIterator<ValueArg, Ha...'"
Source,../repos/incubator-weex/weex_core/Source/include/wtf/SmallPtrSet.h,"(142, 42)-(142, 72)",b'friend class WTF::SmallPtrSet;'
Source,../repos/incubator-weex/weex_core/Source/include/wtf/RunLoop.h,"(82, 9)-(82, 30)",b'friend class RunLoop;'
Source,../repos/incubator-weex/weex_core/Source/include/wtf/WordLock.h,"(81, 5)-(81, 48)",b'friend struct TestWebKitAPI::LockInspector;'
Source,../repos/incubator-weex/weex_core/Source/include/wtf/TinyPtrSet.h,"(373, 5)-(373, 51)",b'friend class JSC::DFG::StructureAbstractValue;'
Source,../repos/incubator-weex/weex_core/Source/include/wtf/AutomaticThread.h,"(89, 5)-(89, 34)",b'friend class AutomaticThread;'
Source,../repos/incubator-weex/weex_core/Source/include/wtf/CheckedArithmetic.h,"(453, 52)-(453, 73)",b'friend class Checked;'
Source,../repos/incubator-weex/weex_core/Source/include/wtf/Lock.h,"(114, 5)-(114, 48)",b'friend struct TestWebKitAPI::LockInspector;'
Source,../repos/incubator-weex/weex_core/Source/include/wtf/MemoryPressureHandler.h,"(61, 5)-(61, 61)",b'friend class WTF::NeverDestroyed<MemoryPressu...'
Source,../repos/incubator-weex/weex_core/Source/core/render/node/render_object.h,"(52, 3)-(52, 27)",b'friend class RenderPage;'
Source,../repos/incubator-weex/weex_core/Source/core/bridge/eagle_bridge.h,"(44, 3)-(44, 28)",b'friend class EagleBridge;'
Source,../repos/incubator-weex/weex_core/Source/core/bridge/platform_bridge.h,"(154, 5)-(154, 33)",b'friend class PlatformBridge;'
Source,../repos/incubator-weex/weex_core/Source/core/bridge/platform_bridge.h,"(288, 5)-(288, 33)",b'friend class PlatformBridge;'
Source,../repos/incubator-weex/weex_core/Source/core/bridge/script_bridge.h,"(102, 5)-(102, 31)",b'friend class ScriptBridge;'
Source,../repos/incubator-weex/weex_core/Source/core/bridge/script_bridge.h,"(171, 5)-(171, 31)",b'friend class ScriptBridge;'
Source,../repos/incubator-weex/weex_core/Source/core/layout/layout.h,"(54, 5)-(54, 35)",b'friend class WXCoreLayoutNode;'
Source,../repos/incubator-weex/weex_core/Source/third_party/json11/json11.hpp,"(214, 5)-(214, 23)",b'friend class Json;'
Source,../repos/incubator-weex/weex_core/Source/third_party/json11/json11.hpp,"(215, 5)-(215, 26)",b'friend class JsonInt;'
Source,../repos/incubator-weex/weex_core/Source/third_party/json11/json11.hpp,"(216, 5)-(216, 29)",b'friend class JsonDouble;'
