Repo name,File name,Location,Content
Source,../repos/incubator-weex/weex_core/Source/base/log_defines.h,"(203, 171)-(203, 173)",b'do{ \\\n        if(weex::base::LogImplement::ge...'
Source,../repos/incubator-weex/weex_core/Source/base/log_defines.h,"(208, 96)-(208, 98)","b'WEEX_CORE_LOG(WeexCore::LogLevel::Error, TAG,...'"
Source,../repos/incubator-weex/weex_core/Source/base/log_defines.h,"(209, 78)-(209, 80)","b'LOGE_TAG(WEEX_CORE_LOG_TAG, format, ##__VA_ARGS__)'"
Source,../repos/incubator-weex/weex_core/Source/base/log_defines.h,"(211, 95)-(211, 97)","b'WEEX_CORE_LOG(WeexCore::LogLevel::Warn, TAG, ...'"
Source,../repos/incubator-weex/weex_core/Source/base/log_defines.h,"(213, 78)-(213, 80)","b'LOGW_TAG(WEEX_CORE_LOG_TAG, format, ##__VA_ARGS__)'"
Source,../repos/incubator-weex/weex_core/Source/base/log_defines.h,"(215, 95)-(215, 97)","b'WEEX_CORE_LOG(WeexCore::LogLevel::Info, TAG, ...'"
Source,../repos/incubator-weex/weex_core/Source/base/log_defines.h,"(217, 78)-(217, 80)","b'LOGI_TAG(WEEX_CORE_LOG_TAG, format, ##__VA_ARGS__)'"
Source,../repos/incubator-weex/weex_core/Source/base/log_defines.h,"(219, 125)-(219, 127)",b'WEEX_CORE_LOG(WeexCore::LogLevel::Performance...'
Source,../repos/incubator-weex/weex_core/Source/base/log_defines.h,"(221, 90)-(221, 92)","b'WEEX_CORE_LOG(WeexCore::LogLevel::Tlog, TAG, ...'"
Source,../repos/incubator-weex/weex_core/Source/base/log_defines.h,"(223, 92)-(223, 94)","b'__android_log_print(ANDROID_LOG_ERROR,TAG,for...'"
Source,../repos/incubator-weex/weex_core/Source/base/log_defines.h,"(228, 90)-(228, 92)","b'WEEX_CORE_LOG(WeexCore::LogLevel::Debug, TAG,...'"
Source,../repos/incubator-weex/weex_core/Source/base/log_defines.h,"(230, 63)-(230, 65)","b'LOGD_TAG(WEEX_CORE_LOG_TAG, format, ##__VA_ARGS__)'"
Source,../repos/incubator-weex/weex_core/Source/base/android/weex_log.h,"(51, 27)-(51, 29)",b'LOG_##priority'
Source,../repos/incubator-weex/weex_core/Source/base/crash/crash_handler.cpp,"(275, 95)-(275, 97)",b'printRegContent(reinterpret_cast<void*>(mcont...'
Source,../repos/incubator-weex/weex_core/Source/base/crash/crash_handler.cpp,"(319, 101)-(319, 103)",b'printRegContent(reinterpret_cast<void*>(mcont...'
Source,../repos/incubator-weex/weex_core/Source/android/jsengine/dependence/icu/unicode/umachine.h,"(171, 25)-(171, 27)",b'c ## LL'
Source,../repos/incubator-weex/weex_core/Source/android/jsengine/dependence/icu/unicode/umachine.h,"(179, 26)-(179, 28)",b'c ## ULL'
Source,../repos/incubator-weex/weex_core/Source/android/jsengine/dependence/icu/unicode/platform.h,"(687, 38)-(687, 40)",b'u ## string'
Source,../repos/incubator-weex/weex_core/Source/android/jsengine/dependence/icu/unicode/platform.h,"(690, 38)-(690, 40)",b'L ## string'
Source,../repos/incubator-weex/weex_core/Source/android/jsengine/dependence/icu/unicode/uvernum.h,"(106, 47)-(106, 49)",b'x ## y ##  z'
Source,../repos/incubator-weex/weex_core/Source/android/jsengine/dependence/icu/unicode/uvernum.h,"(106, 52)-(106, 54)",b'x ## y ##  z'
Source,../repos/incubator-weex/weex_core/Source/android/jsengine/dependence/icu/unicode/uvernum.h,"(110, 45)-(110, 47)",b'x ## y'
Source,../repos/incubator-weex/weex_core/Source/android/jsengine/dependence/icu/unicode/ustring.h,"(946, 80)-(946, 82)",b'static const UChar var[(length)+1]=L ## cs'
Source,../repos/incubator-weex/weex_core/Source/android/jsengine/dependence/icu/unicode/utypes.h,"(170, 53)-(170, 55)",b'icudt##major##_dat'
Source,../repos/incubator-weex/weex_core/Source/android/jsengine/dependence/icu/unicode/utypes.h,"(170, 60)-(170, 62)",b'icudt##major##_dat'
Source,../repos/incubator-weex/weex_core/Source/android/jsengine/dependence/icu/unicode/utypes.h,"(172, 53)-(172, 55)",b'icudt##suff ## major##_dat'
Source,../repos/incubator-weex/weex_core/Source/android/jsengine/dependence/icu/unicode/utypes.h,"(172, 60)-(172, 62)",b'icudt##suff ## major##_dat'
Source,../repos/incubator-weex/weex_core/Source/android/jsengine/dependence/icu/unicode/utypes.h,"(172, 68)-(172, 70)",b'icudt##suff ## major##_dat'
Source,../repos/incubator-weex/weex_core/Source/android/jsengine/dependence/bmalloc/bmalloc/darwin/BSoftLinking.h,"(32, 27)-(32, 29)",b'static void* framework##Library() \\\n    { \\\n ...'
Source,../repos/incubator-weex/weex_core/Source/android/jsengine/dependence/bmalloc/bmalloc/darwin/BSoftLinking.h,"(44, 107)-(44, 109)","b'extern ""C"" { \\\n    resultType functionName pa...'"
Source,../repos/incubator-weex/weex_core/Source/android/jsengine/dependence/bmalloc/bmalloc/darwin/BSoftLinking.h,"(44, 179)-(44, 181)","b'extern ""C"" { \\\n    resultType functionName pa...'"
Source,../repos/incubator-weex/weex_core/Source/android/jsengine/dependence/bmalloc/bmalloc/darwin/BSoftLinking.h,"(44, 223)-(44, 225)","b'extern ""C"" { \\\n    resultType functionName pa...'"
Source,../repos/incubator-weex/weex_core/Source/android/jsengine/dependence/bmalloc/bmalloc/darwin/BSoftLinking.h,"(44, 273)-(44, 275)","b'extern ""C"" { \\\n    resultType functionName pa...'"
Source,../repos/incubator-weex/weex_core/Source/android/jsengine/dependence/bmalloc/bmalloc/darwin/BSoftLinking.h,"(44, 414)-(44, 416)","b'extern ""C"" { \\\n    resultType functionName pa...'"
Source,../repos/incubator-weex/weex_core/Source/android/jsengine/dependence/bmalloc/bmalloc/darwin/BSoftLinking.h,"(44, 485)-(44, 487)","b'extern ""C"" { \\\n    resultType functionName pa...'"
Source,../repos/incubator-weex/weex_core/Source/android/jsengine/dependence/bmalloc/bmalloc/darwin/BSoftLinking.h,"(44, 565)-(44, 567)","b'extern ""C"" { \\\n    resultType functionName pa...'"
Source,../repos/incubator-weex/weex_core/Source/android/jsengine/dependence/bmalloc/bmalloc/darwin/BSoftLinking.h,"(44, 638)-(44, 640)","b'extern ""C"" { \\\n    resultType functionName pa...'"
Source,../repos/incubator-weex/weex_core/Source/android/jsengine/dependence/bmalloc/bmalloc/darwin/BSoftLinking.h,"(44, 775)-(44, 777)","b'extern ""C"" { \\\n    resultType functionName pa...'"
Source,../repos/incubator-weex/weex_core/Source/android/jsengine/dependence/bmalloc/bmalloc/BPlatform.h,"(33, 48)-(33, 50)",b'(defined BPLATFORM_##PLATFORM && BPLATFORM_##...'
Source,../repos/incubator-weex/weex_core/Source/android/jsengine/dependence/bmalloc/bmalloc/BPlatform.h,"(33, 72)-(33, 74)",b'(defined BPLATFORM_##PLATFORM && BPLATFORM_##...'
Source,../repos/incubator-weex/weex_core/Source/android/jsengine/dependence/bmalloc/bmalloc/BPlatform.h,"(34, 30)-(34, 32)",b'(defined BOS_##OS && BOS_##OS)'
Source,../repos/incubator-weex/weex_core/Source/android/jsengine/dependence/bmalloc/bmalloc/BPlatform.h,"(34, 42)-(34, 44)",b'(defined BOS_##OS && BOS_##OS)'
Source,../repos/incubator-weex/weex_core/Source/android/jsengine/dependence/bmalloc/bmalloc/BPlatform.h,"(58, 37)-(58, 39)",b'(defined BUSE_##FEATURE && BUSE_##FEATURE)'
Source,../repos/incubator-weex/weex_core/Source/android/jsengine/dependence/bmalloc/bmalloc/BPlatform.h,"(58, 55)-(58, 57)",b'(defined BUSE_##FEATURE && BUSE_##FEATURE)'
Source,../repos/incubator-weex/weex_core/Source/android/jsengine/dependence/bmalloc/bmalloc/BPlatform.h,"(63, 38)-(63, 40)",b'(defined BCPU_##_FEATURE  && BCPU_##_FEATURE)'
Source,../repos/incubator-weex/weex_core/Source/android/jsengine/dependence/bmalloc/bmalloc/BPlatform.h,"(63, 58)-(63, 60)",b'(defined BCPU_##_FEATURE  && BCPU_##_FEATURE)'
Source,../repos/incubator-weex/weex_core/Source/android/jsengine/dependence/bmalloc/bmalloc/BAssert.h,"(80, 137)-(80, 139)","b'do { \\\n    if (!(x)) { \\\n        BLOG_ERROR(""...'"
Source,../repos/incubator-weex/weex_core/Source/android/jsengine/wson/wson_jsc.cpp,"(36, 40)-(36, 42)","b'LOGE(format, ##__VA_ARGS__)'"
Source,../repos/incubator-weex/weex_core/Source/include/JavaScriptCore/runtime/JSGlobalObject.h,"(108, 104)-(108, 106)","b'macro(upperName, lowerName, lowerName, JS ## ...'"
Source,../repos/incubator-weex/weex_core/Source/include/JavaScriptCore/runtime/JSGlobalObject.h,"(152, 14)-(152, 16)",b'class JS ## capitalName; \\\n    class capitalN...'
Source,../repos/incubator-weex/weex_core/Source/include/JavaScriptCore/runtime/JSGlobalObject.h,"(152, 54)-(152, 56)",b'class JS ## capitalName; \\\n    class capitalN...'
Source,../repos/incubator-weex/weex_core/Source/include/JavaScriptCore/runtime/JSGlobalObject.h,"(152, 92)-(152, 94)",b'class JS ## capitalName; \\\n    class capitalN...'
Source,../repos/incubator-weex/weex_core/Source/include/JavaScriptCore/runtime/JSGlobalObject.h,"(339, 30)-(339, 32)",b'WriteBarrier<capitalName ## Prototype> m_ ## ...'
Source,../repos/incubator-weex/weex_core/Source/include/JavaScriptCore/runtime/JSGlobalObject.h,"(339, 47)-(339, 49)",b'WriteBarrier<capitalName ## Prototype> m_ ## ...'
Source,../repos/incubator-weex/weex_core/Source/include/JavaScriptCore/runtime/JSGlobalObject.h,"(339, 60)-(339, 62)",b'WriteBarrier<capitalName ## Prototype> m_ ## ...'
Source,../repos/incubator-weex/weex_core/Source/include/JavaScriptCore/runtime/JSGlobalObject.h,"(339, 107)-(339, 109)",b'WriteBarrier<capitalName ## Prototype> m_ ## ...'
Source,../repos/incubator-weex/weex_core/Source/include/JavaScriptCore/runtime/JSGlobalObject.h,"(339, 121)-(339, 123)",b'WriteBarrier<capitalName ## Prototype> m_ ## ...'
Source,../repos/incubator-weex/weex_core/Source/include/JavaScriptCore/runtime/JSGlobalObject.h,"(355, 48)-(355, 50)","b'LazyProperty<JSGlobalObject, Structure> m_ ##...'"
Source,../repos/incubator-weex/weex_core/Source/include/JavaScriptCore/runtime/JSGlobalObject.h,"(355, 62)-(355, 64)","b'LazyProperty<JSGlobalObject, Structure> m_ ##...'"
Source,../repos/incubator-weex/weex_core/Source/include/JavaScriptCore/runtime/JSGlobalObject.h,"(360, 27)-(360, 29)",b'LazyClassStructure m_ ## properName ## Structure;'
Source,../repos/incubator-weex/weex_core/Source/include/JavaScriptCore/runtime/JSGlobalObject.h,"(360, 41)-(360, 43)",b'LazyClassStructure m_ ## properName ## Structure;'
Source,../repos/incubator-weex/weex_core/Source/include/JavaScriptCore/runtime/JSGlobalObject.h,"(369, 82)-(369, 84)",b'LazyClassStructure m_typedArray ## name;'
Source,../repos/incubator-weex/weex_core/Source/include/JavaScriptCore/runtime/JSGlobalObject.h,"(666, 27)-(666, 29)",b'Structure* properName ## Structure() { return...'
Source,../repos/incubator-weex/weex_core/Source/include/JavaScriptCore/runtime/JSGlobalObject.h,"(666, 54)-(666, 56)",b'Structure* properName ## Structure() { return...'
Source,../repos/incubator-weex/weex_core/Source/include/JavaScriptCore/runtime/JSGlobalObject.h,"(666, 68)-(666, 70)",b'Structure* properName ## Structure() { return...'
Source,../repos/incubator-weex/weex_core/Source/include/JavaScriptCore/runtime/JSGlobalObject.h,"(674, 27)-(674, 29)",b'Structure* properName ## Structure() { return...'
Source,../repos/incubator-weex/weex_core/Source/include/JavaScriptCore/runtime/JSGlobalObject.h,"(674, 54)-(674, 56)",b'Structure* properName ## Structure() { return...'
Source,../repos/incubator-weex/weex_core/Source/include/JavaScriptCore/runtime/JSGlobalObject.h,"(674, 68)-(674, 70)",b'Structure* properName ## Structure() { return...'
Source,../repos/incubator-weex/weex_core/Source/include/JavaScriptCore/runtime/JSGlobalObject.h,"(681, 27)-(681, 29)",b'Structure* properName ## Structure() { return...'
Source,../repos/incubator-weex/weex_core/Source/include/JavaScriptCore/runtime/JSGlobalObject.h,"(681, 54)-(681, 56)",b'Structure* properName ## Structure() { return...'
Source,../repos/incubator-weex/weex_core/Source/include/JavaScriptCore/runtime/JSGlobalObject.h,"(681, 68)-(681, 70)",b'Structure* properName ## Structure() { return...'
Source,../repos/incubator-weex/weex_core/Source/include/JavaScriptCore/runtime/JSGlobalObject.h,"(693, 47)-(693, 49)",b'case Type ## name: return m_typedArray ## name;'
Source,../repos/incubator-weex/weex_core/Source/include/JavaScriptCore/runtime/JSGlobalObject.h,"(693, 76)-(693, 78)",b'case Type ## name: return m_typedArray ## name;'
Source,../repos/incubator-weex/weex_core/Source/include/JavaScriptCore/runtime/RuntimeFlags.h,"(52, 13)-(52, 15)",b'void set##name(bool value)\\\n    {\\\n        if...'
Source,../repos/incubator-weex/weex_core/Source/include/JavaScriptCore/runtime/RuntimeFlags.h,"(52, 155)-(52, 157)",b'void set##name(bool value)\\\n    {\\\n        if...'
Source,../repos/incubator-weex/weex_core/Source/include/JavaScriptCore/runtime/SmallStrings.h,"(82, 19)-(82, 21)",b'JSString* name##String() const               ...'
Source,../repos/incubator-weex/weex_core/Source/include/JavaScriptCore/runtime/SmallStrings.h,"(82, 128)-(82, 130)",b'JSString* name##String() const               ...'
Source,../repos/incubator-weex/weex_core/Source/include/JavaScriptCore/runtime/SmallStrings.h,"(132, 68)-(132, 70)",b'JSString* m_##name;'
Source,../repos/incubator-weex/weex_core/Source/include/JavaScriptCore/runtime/ClassInfo.h,"(131, 51)-(131, 53)",b'template <typename T> \\\n    struct MemberChec...'
Source,../repos/incubator-weex/weex_core/Source/include/JavaScriptCore/runtime/ClassInfo.h,"(147, 51)-(147, 53)",b'(MemberCheck##name<klass>::has)'
Source,../repos/incubator-weex/weex_core/Source/include/JavaScriptCore/runtime/Structure.h,"(619, 29)-(619, 31)",b'static const uint32_t s_##lowerName##Shift = ...'
Source,../repos/incubator-weex/weex_core/Source/include/JavaScriptCore/runtime/Structure.h,"(619, 40)-(619, 42)",b'static const uint32_t s_##lowerName##Shift = ...'
Source,../repos/incubator-weex/weex_core/Source/include/JavaScriptCore/runtime/Structure.h,"(619, 87)-(619, 89)",b'static const uint32_t s_##lowerName##Shift = ...'
Source,../repos/incubator-weex/weex_core/Source/include/JavaScriptCore/runtime/Structure.h,"(619, 98)-(619, 100)",b'static const uint32_t s_##lowerName##Shift = ...'
Source,../repos/incubator-weex/weex_core/Source/include/JavaScriptCore/runtime/Structure.h,"(619, 238)-(619, 240)",b'static const uint32_t s_##lowerName##Shift = ...'
Source,../repos/incubator-weex/weex_core/Source/include/JavaScriptCore/runtime/Structure.h,"(619, 249)-(619, 251)",b'static const uint32_t s_##lowerName##Shift = ...'
Source,../repos/incubator-weex/weex_core/Source/include/JavaScriptCore/runtime/Structure.h,"(619, 273)-(619, 275)",b'static const uint32_t s_##lowerName##Shift = ...'
Source,../repos/incubator-weex/weex_core/Source/include/JavaScriptCore/runtime/Structure.h,"(619, 335)-(619, 337)",b'static const uint32_t s_##lowerName##Shift = ...'
Source,../repos/incubator-weex/weex_core/Source/include/JavaScriptCore/runtime/Structure.h,"(619, 346)-(619, 348)",b'static const uint32_t s_##lowerName##Shift = ...'
Source,../repos/incubator-weex/weex_core/Source/include/JavaScriptCore/runtime/Structure.h,"(619, 402)-(619, 404)",b'static const uint32_t s_##lowerName##Shift = ...'
Source,../repos/incubator-weex/weex_core/Source/include/JavaScriptCore/runtime/Structure.h,"(619, 413)-(619, 415)",b'static const uint32_t s_##lowerName##Shift = ...'
Source,../repos/incubator-weex/weex_core/Source/include/JavaScriptCore/runtime/CommonIdentifiers.h,"(409, 79)-(409, 81)",b'const Identifier name##Keyword;'
Source,../repos/incubator-weex/weex_core/Source/include/JavaScriptCore/runtime/CommonIdentifiers.h,"(417, 92)-(417, 94)",b'const Identifier name##Symbol;'
Source,../repos/incubator-weex/weex_core/Source/include/JavaScriptCore/runtime/Options.h,"(492, 14)-(492, 16)","b'name_##ID,'"
Source,../repos/incubator-weex/weex_core/Source/include/JavaScriptCore/runtime/Options.h,"(527, 65)-(527, 67)",b'ALWAYS_INLINE static type_& name_() { return ...'
Source,../repos/incubator-weex/weex_core/Source/include/JavaScriptCore/runtime/Options.h,"(527, 76)-(527, 78)",b'ALWAYS_INLINE static type_& name_() { return ...'
Source,../repos/incubator-weex/weex_core/Source/include/JavaScriptCore/runtime/Options.h,"(527, 124)-(527, 126)",b'ALWAYS_INLINE static type_& name_() { return ...'
Source,../repos/incubator-weex/weex_core/Source/include/JavaScriptCore/runtime/Options.h,"(527, 167)-(527, 169)",b'ALWAYS_INLINE static type_& name_() { return ...'
Source,../repos/incubator-weex/weex_core/Source/include/JavaScriptCore/runtime/Options.h,"(527, 178)-(527, 180)",b'ALWAYS_INLINE static type_& name_() { return ...'
Source,../repos/incubator-weex/weex_core/Source/include/JavaScriptCore/heap/MachineStackMarker.h,"(142, 186)-(142, 188)",b'CurrentThreadState stateName; \\\n    stateName...'
Source,../repos/incubator-weex/weex_core/Source/include/JavaScriptCore/heap/MachineStackMarker.h,"(142, 249)-(142, 251)",b'CurrentThreadState stateName; \\\n    stateName...'
Source,../repos/incubator-weex/weex_core/Source/include/JavaScriptCore/heap/MarkedAllocator.h,"(172, 13)-(172, 15)",b'bool is ## capitalBitName(const AbstractLocke...'
Source,../repos/incubator-weex/weex_core/Source/include/JavaScriptCore/heap/MarkedAllocator.h,"(172, 86)-(172, 88)",b'bool is ## capitalBitName(const AbstractLocke...'
Source,../repos/incubator-weex/weex_core/Source/include/JavaScriptCore/heap/MarkedAllocator.h,"(172, 126)-(172, 128)",b'bool is ## capitalBitName(const AbstractLocke...'
Source,../repos/incubator-weex/weex_core/Source/include/JavaScriptCore/heap/MarkedAllocator.h,"(172, 220)-(172, 222)",b'bool is ## capitalBitName(const AbstractLocke...'
Source,../repos/incubator-weex/weex_core/Source/include/JavaScriptCore/heap/MarkedAllocator.h,"(172, 282)-(172, 284)",b'bool is ## capitalBitName(const AbstractLocke...'
Source,../repos/incubator-weex/weex_core/Source/include/JavaScriptCore/heap/MarkedAllocator.h,"(172, 354)-(172, 356)",b'bool is ## capitalBitName(const AbstractLocke...'
Source,../repos/incubator-weex/weex_core/Source/include/JavaScriptCore/heap/MarkedAllocator.h,"(172, 405)-(172, 407)",b'bool is ## capitalBitName(const AbstractLocke...'
Source,../repos/incubator-weex/weex_core/Source/include/JavaScriptCore/heap/MarkedAllocator.h,"(172, 501)-(172, 503)",b'bool is ## capitalBitName(const AbstractLocke...'
Source,../repos/incubator-weex/weex_core/Source/include/JavaScriptCore/heap/MarkedAllocator.h,"(183, 17)-(183, 19)",b'func(m_ ## lowerBitName);'
Source,../repos/incubator-weex/weex_core/Source/include/JavaScriptCore/heap/MarkedAllocator.h,"(192, 17)-(192, 19)","b'func(m_ ## lowerBitName, #capitalBitName);'"
Source,../repos/incubator-weex/weex_core/Source/include/JavaScriptCore/heap/MarkedAllocator.h,"(239, 22)-(239, 24)",b'FastBitVector m_ ## lowerBitName;'
Source,../repos/incubator-weex/weex_core/Source/include/JavaScriptCore/parser/Nodes.h,"(858, 83)-(858, 85)",b'RegisterID* emit_intrinsic_##name(BytecodeGen...'
Source,../repos/incubator-weex/weex_core/Source/include/JavaScriptCore/bytecode/BytecodeIntrinsicRegistry.h,"(95, 78)-(95, 80)",b'JSValue name##Value(BytecodeGenerator&);'
Source,../repos/incubator-weex/weex_core/Source/include/JavaScriptCore/bytecode/BytecodeIntrinsicRegistry.h,"(103, 84)-(103, 86)",b'Strong<Unknown> m_##name;'
Source,../repos/incubator-weex/weex_core/Source/include/JavaScriptCore/bytecode/Opcode.h,"(67, 51)-(67, 53)",b'const int id##_length = length;'
Source,../repos/incubator-weex/weex_core/Source/include/JavaScriptCore/bytecode/Opcode.h,"(71, 37)-(71, 39)",b'opcode##_length'
Source,../repos/incubator-weex/weex_core/Source/include/JavaScriptCore/API/JSExport.h,"(144, 40)-(144, 42)",b'@optional Selector __JS_EXPORT_AS__##Property...'
Source,../repos/incubator-weex/weex_core/Source/include/wtf/MathExtras.h,"(273, 23)-(273, 25)",b'c ## ui64'
Source,../repos/incubator-weex/weex_core/Source/include/wtf/MathExtras.h,"(275, 23)-(275, 25)",b'c ## ull'
Source,../repos/incubator-weex/weex_core/Source/include/wtf/Compiler.h,"(30, 53)-(30, 55)",b'(defined WTF_COMPILER_##WTF_FEATURE  && WTF_C...'
Source,../repos/incubator-weex/weex_core/Source/include/wtf/Compiler.h,"(30, 84)-(30, 86)",b'(defined WTF_COMPILER_##WTF_FEATURE  && WTF_C...'
Source,../repos/incubator-weex/weex_core/Source/include/wtf/Compiler.h,"(33, 80)-(33, 82)",b'(defined WTF_COMPILER_SUPPORTS_##WTF_COMPILER...'
Source,../repos/incubator-weex/weex_core/Source/include/wtf/Compiler.h,"(33, 129)-(33, 131)",b'(defined WTF_COMPILER_SUPPORTS_##WTF_COMPILER...'
Source,../repos/incubator-weex/weex_core/Source/include/wtf/Compiler.h,"(36, 72)-(36, 74)",b'(defined WTF_COMPILER_QUIRK_##WTF_COMPILER_QU...'
Source,../repos/incubator-weex/weex_core/Source/include/wtf/Compiler.h,"(36, 116)-(36, 118)",b'(defined WTF_COMPILER_QUIRK_##WTF_COMPILER_QU...'
Source,../repos/incubator-weex/weex_core/Source/include/wtf/icu/unicode/umachine.h,"(171, 25)-(171, 27)",b'c ## LL'
Source,../repos/incubator-weex/weex_core/Source/include/wtf/icu/unicode/umachine.h,"(179, 26)-(179, 28)",b'c ## ULL'
Source,../repos/incubator-weex/weex_core/Source/include/wtf/icu/unicode/platform.h,"(687, 38)-(687, 40)",b'u ## string'
Source,../repos/incubator-weex/weex_core/Source/include/wtf/icu/unicode/platform.h,"(690, 38)-(690, 40)",b'L ## string'
Source,../repos/incubator-weex/weex_core/Source/include/wtf/icu/unicode/unistr.h,"(117, 82)-(117, 84)","b'icu::UnicodeString(TRUE, (const UChar *)L ## ...'"
Source,../repos/incubator-weex/weex_core/Source/include/wtf/icu/unicode/uvernum.h,"(106, 47)-(106, 49)",b'x ## y ##  z'
Source,../repos/incubator-weex/weex_core/Source/include/wtf/icu/unicode/uvernum.h,"(106, 52)-(106, 54)",b'x ## y ##  z'
Source,../repos/incubator-weex/weex_core/Source/include/wtf/icu/unicode/uvernum.h,"(110, 45)-(110, 47)",b'x ## y'
Source,../repos/incubator-weex/weex_core/Source/include/wtf/icu/unicode/ustring.h,"(946, 80)-(946, 82)",b'static const UChar var[(length)+1]=L ## cs'
Source,../repos/incubator-weex/weex_core/Source/include/wtf/icu/unicode/utypes.h,"(170, 53)-(170, 55)",b'icudt##major##_dat'
Source,../repos/incubator-weex/weex_core/Source/include/wtf/icu/unicode/utypes.h,"(170, 60)-(170, 62)",b'icudt##major##_dat'
Source,../repos/incubator-weex/weex_core/Source/include/wtf/icu/unicode/utypes.h,"(172, 53)-(172, 55)",b'icudt##suff ## major##_dat'
Source,../repos/incubator-weex/weex_core/Source/include/wtf/icu/unicode/utypes.h,"(172, 60)-(172, 62)",b'icudt##suff ## major##_dat'
Source,../repos/incubator-weex/weex_core/Source/include/wtf/icu/unicode/utypes.h,"(172, 68)-(172, 70)",b'icudt##suff ## major##_dat'
Source,../repos/incubator-weex/weex_core/Source/include/wtf/Platform.h,"(37, 53)-(37, 55)",b'(defined WTF_PLATFORM_##WTF_FEATURE  && WTF_P...'
Source,../repos/incubator-weex/weex_core/Source/include/wtf/Platform.h,"(37, 84)-(37, 86)",b'(defined WTF_PLATFORM_##WTF_FEATURE  && WTF_P...'
Source,../repos/incubator-weex/weex_core/Source/include/wtf/Platform.h,"(43, 43)-(43, 45)",b'(defined WTF_CPU_##WTF_FEATURE  && WTF_CPU_##...'
Source,../repos/incubator-weex/weex_core/Source/include/wtf/Platform.h,"(43, 69)-(43, 71)",b'(defined WTF_CPU_##WTF_FEATURE  && WTF_CPU_##...'
Source,../repos/incubator-weex/weex_core/Source/include/wtf/Platform.h,"(45, 41)-(45, 43)",b'(defined HAVE_##WTF_FEATURE  && HAVE_##WTF_FE...'
Source,../repos/incubator-weex/weex_core/Source/include/wtf/Platform.h,"(45, 64)-(45, 66)",b'(defined HAVE_##WTF_FEATURE  && HAVE_##WTF_FE...'
Source,../repos/incubator-weex/weex_core/Source/include/wtf/Platform.h,"(48, 41)-(48, 43)",b'(defined WTF_OS_##WTF_FEATURE  && WTF_OS_##WT...'
Source,../repos/incubator-weex/weex_core/Source/include/wtf/Platform.h,"(48, 66)-(48, 68)",b'(defined WTF_OS_##WTF_FEATURE  && WTF_OS_##WT...'
Source,../repos/incubator-weex/weex_core/Source/include/wtf/Platform.h,"(54, 39)-(54, 41)",b'(defined USE_##WTF_FEATURE  && USE_##WTF_FEATURE)'
Source,../repos/incubator-weex/weex_core/Source/include/wtf/Platform.h,"(54, 61)-(54, 63)",b'(defined USE_##WTF_FEATURE  && USE_##WTF_FEATURE)'
Source,../repos/incubator-weex/weex_core/Source/include/wtf/Platform.h,"(56, 45)-(56, 47)",b'(defined ENABLE_##WTF_FEATURE  && ENABLE_##WT...'
Source,../repos/incubator-weex/weex_core/Source/include/wtf/Platform.h,"(56, 70)-(56, 72)",b'(defined ENABLE_##WTF_FEATURE  && ENABLE_##WT...'
Source,../repos/incubator-weex/weex_core/Source/include/wtf/StdLibExtras.h,"(78, 46)-(78, 48)",b'a ## b'
Source,../repos/incubator-weex/weex_core/Source/include/wtf/Assertions.h,"(152, 70)-(152, 72)",b'prefix ## channel'
Source,../repos/incubator-weex/weex_core/Source/include/wtf/Assertions.h,"(422, 67)-(422, 69)","b'LOG_ERROR(format, ##__VA_ARGS__)'"
Source,../repos/incubator-weex/weex_core/Source/include/wtf/Assertions.h,"(425, 118)-(425, 120)",b'do { if (isAllowed) RELEASE_LOG_ERROR(channel...'
Source,../repos/incubator-weex/weex_core/Source/include/wtf/Assertions.h,"(427, 105)-(427, 107)",b'os_log(      LOG_CHANNEL(channel).osLogChanne...'
Source,../repos/incubator-weex/weex_core/Source/include/wtf/Assertions.h,"(428, 105)-(428, 107)",b'os_log_error(LOG_CHANNEL(channel).osLogChanne...'
Source,../repos/incubator-weex/weex_core/Source/include/wtf/Assertions.h,"(430, 118)-(430, 120)",b'do { if (isAllowed) RELEASE_LOG(      channel...'
Source,../repos/incubator-weex/weex_core/Source/include/wtf/Assertions.h,"(431, 118)-(431, 120)",b'do { if (isAllowed) RELEASE_LOG_ERROR(channel...'
Source,../repos/incubator-weex/weex_core/Source/include/wtf/PrintStream.h,"(164, 41)-(164, 43)","b'MAKE_PRINT_METHOD_ADAPTOR(DumperFor_##method,...'"
Source,../repos/incubator-weex/weex_core/Source/include/wtf/PrintStream.h,"(164, 89)-(164, 91)","b'MAKE_PRINT_METHOD_ADAPTOR(DumperFor_##method,...'"
Source,../repos/incubator-weex/weex_core/Source/include/wtf/PrintStream.h,"(164, 132)-(164, 134)","b'MAKE_PRINT_METHOD_ADAPTOR(DumperFor_##method,...'"
Source,../repos/incubator-weex/weex_core/Source/include/wtf/Atomics.h,"(182, 41)-(182, 43)",b'template<> \\\n    ALWAYS_INLINE uint ## width ...'
Source,../repos/incubator-weex/weex_core/Source/include/wtf/Atomics.h,"(182, 50)-(182, 52)",b'template<> \\\n    ALWAYS_INLINE uint ## width ...'
Source,../repos/incubator-weex/weex_core/Source/include/wtf/Atomics.h,"(182, 68)-(182, 70)",b'template<> \\\n    ALWAYS_INLINE uint ## width ...'
Source,../repos/incubator-weex/weex_core/Source/include/wtf/Atomics.h,"(182, 77)-(182, 79)",b'template<> \\\n    ALWAYS_INLINE uint ## width ...'
Source,../repos/incubator-weex/weex_core/Source/include/wtf/Atomics.h,"(182, 140)-(182, 142)",b'template<> \\\n    ALWAYS_INLINE uint ## width ...'
Source,../repos/incubator-weex/weex_core/Source/include/wtf/Atomics.h,"(182, 149)-(182, 151)",b'template<> \\\n    ALWAYS_INLINE uint ## width ...'
Source,../repos/incubator-weex/weex_core/Source/include/wtf/Atomics.h,"(182, 670)-(182, 672)",b'template<> \\\n    ALWAYS_INLINE uint ## width ...'
Source,../repos/incubator-weex/weex_core/Source/include/wtf/Atomics.h,"(182, 679)-(182, 681)",b'template<> \\\n    ALWAYS_INLINE uint ## width ...'
Source,../repos/incubator-weex/weex_core/Source/include/wtf/Atomics.h,"(182, 702)-(182, 704)",b'template<> \\\n    ALWAYS_INLINE uint ## width ...'
Source,../repos/incubator-weex/weex_core/Source/include/wtf/Atomics.h,"(182, 711)-(182, 713)",b'template<> \\\n    ALWAYS_INLINE uint ## width ...'
Source,../repos/incubator-weex/weex_core/Source/include/wtf/Atomics.h,"(182, 1311)-(182, 1313)",b'template<> \\\n    ALWAYS_INLINE uint ## width ...'
Source,../repos/incubator-weex/weex_core/Source/include/wtf/Atomics.h,"(182, 1320)-(182, 1322)",b'template<> \\\n    ALWAYS_INLINE uint ## width ...'
Source,../repos/incubator-weex/weex_core/Source/include/wtf/Atomics.h,"(182, 1337)-(182, 1339)",b'template<> \\\n    ALWAYS_INLINE uint ## width ...'
Source,../repos/incubator-weex/weex_core/Source/include/wtf/Atomics.h,"(182, 1346)-(182, 1348)",b'template<> \\\n    ALWAYS_INLINE uint ## width ...'
Source,../repos/incubator-weex/weex_core/Source/include/wtf/Atomics.h,"(182, 1438)-(182, 1440)",b'template<> \\\n    ALWAYS_INLINE uint ## width ...'
Source,../repos/incubator-weex/weex_core/Source/include/wtf/Atomics.h,"(182, 1447)-(182, 1449)",b'template<> \\\n    ALWAYS_INLINE uint ## width ...'
Source,../repos/incubator-weex/weex_core/Source/include/wtf/Atomics.h,"(182, 1547)-(182, 1549)",b'template<> \\\n    ALWAYS_INLINE uint ## width ...'
Source,../repos/incubator-weex/weex_core/Source/include/wtf/Atomics.h,"(182, 1556)-(182, 1558)",b'template<> \\\n    ALWAYS_INLINE uint ## width ...'
Source,../repos/incubator-weex/weex_core/Source/include/wtf/Atomics.h,"(182, 1578)-(182, 1580)",b'template<> \\\n    ALWAYS_INLINE uint ## width ...'
Source,../repos/incubator-weex/weex_core/Source/include/wtf/Atomics.h,"(182, 1587)-(182, 1589)",b'template<> \\\n    ALWAYS_INLINE uint ## width ...'
Source,../repos/incubator-weex/weex_core/Source/include/wtf/Atomics.h,"(182, 1675)-(182, 1677)",b'template<> \\\n    ALWAYS_INLINE uint ## width ...'
Source,../repos/incubator-weex/weex_core/Source/include/wtf/Atomics.h,"(182, 1684)-(182, 1686)",b'template<> \\\n    ALWAYS_INLINE uint ## width ...'
Source,../repos/incubator-weex/weex_core/Source/third_party/IPC/IPCLog.h,"(29, 44)-(29, 46)","b'LOGE(format, ##__VA_ARGS__)'"
Source,../repos/incubator-weex/weex_core/Source/third_party/IPC/IPCLog.h,"(30, 44)-(30, 46)","b'LOGD(format, ##__VA_ARGS__)'"
Source,../repos/incubator-weex/weex_core/Source/js_runtime/runtime/jsc/binding_macro_jsc.h,"(71, 49)-(71, 51)",b'Get ## member_name_ ## Callback'
Source,../repos/incubator-weex/weex_core/Source/js_runtime/runtime/jsc/binding_macro_jsc.h,"(71, 65)-(71, 67)",b'Get ## member_name_ ## Callback'
Source,../repos/incubator-weex/weex_core/Source/js_runtime/runtime/jsc/binding_macro_jsc.h,"(72, 49)-(72, 51)",b'Set ## member_name_ ## Callback'
Source,../repos/incubator-weex/weex_core/Source/js_runtime/runtime/jsc/binding_macro_jsc.h,"(72, 65)-(72, 67)",b'Set ## member_name_ ## Callback'
Source,../repos/incubator-weex/weex_core/Source/js_runtime/runtime/jsc/binding_macro_jsc.h,"(75, 60)-(75, 62)",b'method_name_##Callback'
Source,../repos/incubator-weex/weex_core/Source/js_runtime/runtime/jsc/binding_macro_jsc.h,"(78, 67)-(78, 69)",b'method_name_##Callback'
Source,../repos/incubator-weex/weex_core/Source/js_runtime/runtime/jsc/binding_macro_jsc.h,"(81, 53)-(81, 55)",b'class_##ConstructorCallback'
Source,../repos/incubator-weex/weex_core/Source/js_runtime/runtime/jsc/binding_macro_jsc.h,"(84, 50)-(84, 52)",b'class_##FinalizeCallback'
Source,../repos/incubator-weex/weex_core/Source/js_runtime/runtime/jsc/binding_macro_jsc.h,"(89, 29)-(89, 31)",b'static JSClassRef s_jsclass_##class_;        ...'
Source,../repos/incubator-weex/weex_core/Source/js_runtime/runtime/jsc/binding_macro_jsc.h,"(220, 1640)-(220, 1642)",b'static JSObjectRef CONSTRUCTOR_CALLBACK_FUNCT...'
Source,../repos/incubator-weex/weex_core/Source/js_runtime/runtime/jsc/binding_macro_jsc.h,"(252, 35)-(252, 37)",b'JSClassRef class_name_::s_jsclass_##class_nam...'
Source,../repos/incubator-weex/weex_core/Source/js_runtime/runtime/jsc/binding_macro_jsc.h,"(269, 40)-(269, 42)",b'parent_ref = parent_name_::s_jsclass_##parent...'
Source,../repos/incubator-weex/weex_core/Source/js_runtime/runtime/jsc/binding_macro_jsc.h,"(338, 1412)-(338, 1414)",b'for (auto& h : members_map) {                ...'
Source,../repos/incubator-weex/weex_core/Source/js_runtime/runtime/jsc/binding_macro_jsc.h,"(384, 22)-(384, 24)",b'static void* Register##class_name_##ToJSObjec...'
Source,../repos/incubator-weex/weex_core/Source/js_runtime/runtime/jsc/binding_macro_jsc.h,"(384, 35)-(384, 37)",b'static void* Register##class_name_##ToJSObjec...'
Source,../repos/incubator-weex/weex_core/Source/js_runtime/runtime/jsc/binding_macro_jsc.h,"(384, 317)-(384, 319)",b'static void* Register##class_name_##ToJSObjec...'
Source,../repos/incubator-weex/weex_core/Source/js_runtime/runtime/jsc/binding_macro_jsc.h,"(384, 330)-(384, 332)",b'static void* Register##class_name_##ToJSObjec...'
Source,../repos/incubator-weex/weex_core/Source/js_runtime/runtime/jsc/binding_macro_jsc.h,"(384, 756)-(384, 758)",b'static void* Register##class_name_##ToJSObjec...'
