Repo name,File name,Location,Content
Source,../repos/incubator-weex/weex_core/Source/base/log_defines.h,"(105, 31)-(105, 72)",b'[]() { g_instance = new LogImplement(); }'
Source,../repos/incubator-weex/weex_core/Source/android/jsengine/object/weex_env.h,"(50, 35)-(50, 64)",b'[](){ env_ = new WeexEnv(); }'
Source,../repos/incubator-weex/weex_core/Source/android/jsengine/object/weex_env.cpp,"(57, 31)-(73, 4)",b'[isMultiProgress] {\n    if (!WEEXICU::initICU...'
Source,../repos/incubator-weex/weex_core/Source/android/jsengine/object/js_action.cpp,"(191, 43)-(199, 4)",b'[]() {\n    JSClassDefinition definition = kJS...'
Source,../repos/incubator-weex/weex_core/Source/android/jsengine/dependence/bmalloc/bmalloc/PerThread.h,"(98, 36)-(103, 10)",b'[destructor]() {\n            int error = pthr...'
Source,../repos/incubator-weex/weex_core/Source/android/jsengine/dependence/bmalloc/bmalloc/Heap.cpp,"(113, 28)-(128, 6)",b'[&](size_t sizeClass) {\n        size_t size =...'
Source,../repos/incubator-weex/weex_core/Source/android/jsengine/dependence/bmalloc/bmalloc/Heap.cpp,"(236, 23)-(246, 6)",b'[&]() {\n        size_t pageClass = m_pageClas...'
Source,../repos/incubator-weex/weex_core/Source/android/jsengine/dependence/bmalloc/bmalloc/Heap.cpp,"(285, 31)-(293, 6)",b'[&](size_t& lineNumber) {\n        for ( ; lin...'
Source,../repos/incubator-weex/weex_core/Source/android/jsengine/dependence/bmalloc/bmalloc/Heap.cpp,"(295, 35)-(311, 6)",b'[&](size_t& lineNumber) -> BumpRange {\n      ...'
Source,../repos/incubator-weex/weex_core/Source/android/jsengine/dependence/bmalloc/bmalloc/Heap.cpp,"(344, 31)-(350, 6)","b'[&](Object& it, Object& end) {\n        for ( ...'"
Source,../repos/incubator-weex/weex_core/Source/android/jsengine/dependence/bmalloc/bmalloc/Heap.cpp,"(352, 35)-(364, 6)","b'[&](Object& it, Object& end) -> BumpRange {\n ...'"
Source,../repos/incubator-weex/weex_core/Source/android/jsengine/dependence/bmalloc/bmalloc/Map.h,"(51, 34)-(51, 89)",b'[&](const Bucket& bucket) { return bucket.key...'
Source,../repos/incubator-weex/weex_core/Source/android/jsengine/dependence/bmalloc/bmalloc/Map.h,"(60, 34)-(60, 104)",b'[&](const Bucket& bucket) { return !bucket.ke...'
Source,../repos/incubator-weex/weex_core/Source/android/jsengine/dependence/bmalloc/bmalloc/Map.h,"(74, 34)-(74, 89)",b'[&](const Bucket& bucket) { return bucket.key...'
Source,../repos/incubator-weex/weex_core/Source/android/jsengine/dependence/bmalloc/bmalloc/AvailableMemory.cpp,"(88, 30)-(90, 6)",b'[] {\n        availableMemory = computeAvailab...'
Source,../repos/incubator-weex/weex_core/Source/android/jsengine/dependence/bmalloc/bmalloc/AsyncTask.h,"(128, 36)-(128, 77)",b'[&]() { return m_state != State::Sleep; }'
Source,../repos/incubator-weex/weex_core/Source/android/jsengine/dependence/bmalloc/bmalloc/AsyncTask.h,"(133, 64)-(133, 107)",b'[&]() { return m_state != State::RunSoon; }'
Source,../repos/incubator-weex/weex_core/Source/android/jsengine/dependence/bmalloc/bmalloc/StaticMutex.cpp,"(40, 36)-(40, 65)",b'[&] { m_isSpinning.clear(); }'
Source,../repos/incubator-weex/weex_core/Source/android/bridge/script_bridge_in_multi_so.cpp,"(52, 7)-(72, 8)","b'[this](void *handle) {\n        LOGE(""dlopen s...'"
Source,../repos/incubator-weex/weex_core/Source/android/bridge/script_bridge_in_multi_so.cpp,"(73, 7)-(78, 8)","b'[this](const char *status_code, const char *e...'"
Source,../repos/incubator-weex/weex_core/Source/android/bridge/script_bridge_in_multi_so.cpp,"(90, 32)-(95, 8)","b'[page_id = std::string(page_id),\n            ...'"
Source,../repos/incubator-weex/weex_core/Source/android/bridge/script_bridge_in_multi_so.cpp,"(112, 11)-(127, 12)","b'[page_id = std::string(page_id), module = std...'"
Source,../repos/incubator-weex/weex_core/Source/android/bridge/script_bridge_in_multi_so.cpp,"(145, 11)-(159, 12)","b'[page_id = std::string(page_id), ref = std::s...'"
Source,../repos/incubator-weex/weex_core/Source/android/bridge/script_bridge_in_multi_so.cpp,"(168, 32)-(177, 8)","b'[page_id = std::string(page_id),\n            ...'"
Source,../repos/incubator-weex/weex_core/Source/android/bridge/script_bridge_in_multi_so.cpp,"(185, 32)-(189, 8)","b'[callback_id = std::string(callback_id),\n    ...'"
Source,../repos/incubator-weex/weex_core/Source/android/bridge/script_bridge_in_multi_so.cpp,"(197, 32)-(200, 8)",b'[str_array = std::string(str_array)] {\n      ...'
Source,../repos/incubator-weex/weex_core/Source/android/bridge/script_bridge_in_multi_so.cpp,"(208, 32)-(214, 8)","b'[page_id = std::string(page_id),\n            ...'"
Source,../repos/incubator-weex/weex_core/Source/android/bridge/script_bridge_in_multi_so.cpp,"(228, 11)-(239, 12)","b'[page_id = std::string(page_id),\n            ...'"
Source,../repos/incubator-weex/weex_core/Source/android/bridge/script_bridge_in_multi_so.cpp,"(248, 32)-(251, 8)",b'[page_id = std::string(page_id)] {\n        We...'
Source,../repos/incubator-weex/weex_core/Source/android/bridge/script_bridge_in_multi_so.cpp,"(265, 11)-(273, 12)","b'[page_id = std::string(page_id), task = std::...'"
Source,../repos/incubator-weex/weex_core/Source/android/bridge/script_bridge_in_multi_so.cpp,"(284, 32)-(291, 8)","b'[page_id = std::string(page_id),\n            ...'"
Source,../repos/incubator-weex/weex_core/Source/android/bridge/script_bridge_in_multi_so.cpp,"(299, 32)-(306, 8)","b'[page_id = std::string(page_id),\n            ...'"
Source,../repos/incubator-weex/weex_core/Source/android/bridge/script_bridge_in_multi_so.cpp,"(314, 11)-(319, 12)","b'[page_id = std::string(page_id), ref = std::s...'"
Source,../repos/incubator-weex/weex_core/Source/android/bridge/script_bridge_in_multi_so.cpp,"(327, 32)-(333, 8)","b'[page_id = std::string(page_id),\n            ...'"
Source,../repos/incubator-weex/weex_core/Source/android/bridge/script_bridge_in_multi_so.cpp,"(340, 32)-(345, 8)","b'[page_id = std::string(page_id),\n            ...'"
Source,../repos/incubator-weex/weex_core/Source/android/bridge/script_bridge_in_multi_so.cpp,"(353, 32)-(358, 8)","b'[page_id = std::string(page_id),\n            ...'"
Source,../repos/incubator-weex/weex_core/Source/android/bridge/script_bridge_in_multi_so.cpp,"(367, 32)-(375, 8)","b'[page_id = std::string(context_id),\n         ...'"
Source,../repos/incubator-weex/weex_core/Source/android/bridge/script_bridge_in_multi_so.cpp,"(392, 32)-(398, 8)","b'[page_id = std::string(page_id),\n            ...'"
Source,../repos/incubator-weex/weex_core/Source/android/bridge/script_bridge_in_multi_so.cpp,"(407, 32)-(415, 8)",b'[\n                                   t = type...'
Source,../repos/incubator-weex/weex_core/Source/android/bridge/script_bridge_in_multi_so.cpp,"(425, 32)-(429, 8)","b'[vim_id = std::string(vim_id),\n              ...'"
Source,../repos/incubator-weex/weex_core/Source/android/bridge/script_bridge_in_multi_so.cpp,"(438, 11)-(445, 12)","b'[client_id = std::string(client_id), data = s...'"
Source,../repos/incubator-weex/weex_core/Source/android/bridge/script_bridge_in_multi_so.cpp,"(455, 32)-(465, 8)","b'[client_id = std::string(client_id),\n        ...'"
Source,../repos/incubator-weex/weex_core/Source/android/bridge/script_bridge_in_multi_so.cpp,"(473, 32)-(480, 8)","b'[callback_id, result = std::move(result)]() {...'"
Source,../repos/incubator-weex/weex_core/Source/android/bridge/script_bridge_in_multi_so.cpp,"(488, 11)-(494, 12)","b'[page_id = std::string(page_id), cid = std::s...'"
Source,../repos/incubator-weex/weex_core/Source/android/bridge/script_bridge_in_multi_so.cpp,"(503, 11)-(510, 12)","b'[l = level, t = std::string(tag), f = std::st...'"
Source,../repos/incubator-weex/weex_core/Source/android/bridge/script_bridge_in_multi_so.cpp,"(520, 32)-(527, 8)","b'[page_id = std::string(page_id),\n            ...'"
Source,../repos/incubator-weex/weex_core/Source/android/bridge/script_bridge_in_multi_so.cpp,"(534, 32)-(537, 8)",b'[version = std::string(js_version)] {\n       ...'
Source,../repos/incubator-weex/weex_core/Source/android/bridge/script_bridge_in_multi_process.cpp,"(47, 32)-(51, 8)",b'[version = std::unique_ptr<char[]>(\n         ...'
Source,../repos/incubator-weex/weex_core/Source/android/bridge/script_bridge_in_multi_process.cpp,"(78, 32)-(87, 8)","b'[pageId = std::string(pageId == nullptr ? """" ...'"
Source,../repos/incubator-weex/weex_core/Source/android/bridge/script_bridge_in_multi_process.cpp,"(94, 32)-(97, 8)",b'[str_array = std::move(arg1)] {\n        WeexC...'
Source,../repos/incubator-weex/weex_core/Source/android/bridge/script_bridge_in_multi_process.cpp,"(109, 32)-(113, 8)","b'[callbackID = std::move(arg1),\n              ...'"
Source,../repos/incubator-weex/weex_core/Source/android/bridge/script_bridge_in_multi_process.cpp,"(140, 32)-(145, 8)","b'[pageId = std::move(arg1),\n                  ...'"
Source,../repos/incubator-weex/weex_core/Source/android/bridge/script_bridge_in_multi_process.cpp,"(194, 11)-(203, 12)",b'[pageId = std::unique_ptr<char[]>(getArumentA...'
Source,../repos/incubator-weex/weex_core/Source/android/bridge/script_bridge_in_multi_process.cpp,"(218, 11)-(226, 12)","b'[pageId = std::move(arg1), t = type,\n        ...'"
Source,../repos/incubator-weex/weex_core/Source/android/bridge/script_bridge_in_multi_process.cpp,"(267, 11)-(275, 12)","b'[args = std::move(arg1), t = type,\n          ...'"
Source,../repos/incubator-weex/weex_core/Source/android/bridge/script_bridge_in_multi_process.cpp,"(320, 11)-(332, 12)","b'[pageId = std::move(arg1), module = std::move...'"
Source,../repos/incubator-weex/weex_core/Source/android/bridge/script_bridge_in_multi_process.cpp,"(392, 11)-(404, 12)","b'[pageId = std::move(arg1), ref = std::move(ar...'"
Source,../repos/incubator-weex/weex_core/Source/android/bridge/script_bridge_in_multi_process.cpp,"(451, 32)-(457, 8)",b'[page_id = std::unique_ptr<char[]>(\n         ...'
Source,../repos/incubator-weex/weex_core/Source/android/bridge/script_bridge_in_multi_process.cpp,"(479, 32)-(492, 8)","b'[page_id = std::move(arg1),\n                 ...'"
Source,../repos/incubator-weex/weex_core/Source/android/bridge/script_bridge_in_multi_process.cpp,"(546, 11)-(551, 12)","b'[pageId = std::move(arg1), ref = std::move(ar...'"
Source,../repos/incubator-weex/weex_core/Source/android/bridge/script_bridge_in_multi_process.cpp,"(581, 32)-(585, 8)","b'[pageId = std::move(arg1), ref = std::move(ar...'"
Source,../repos/incubator-weex/weex_core/Source/android/bridge/script_bridge_in_multi_process.cpp,"(615, 32)-(619, 8)","b'[pageId = std::move(arg1), ref = std::move(ar...'"
Source,../repos/incubator-weex/weex_core/Source/android/bridge/script_bridge_in_multi_process.cpp,"(645, 32)-(649, 8)","b'[pageId = std::move(arg1), ref = std::move(ar...'"
Source,../repos/incubator-weex/weex_core/Source/android/bridge/script_bridge_in_multi_process.cpp,"(675, 32)-(683, 8)","b'[page_id = std::move(arg1),\n                 ...'"
Source,../repos/incubator-weex/weex_core/Source/android/bridge/script_bridge_in_multi_process.cpp,"(706, 32)-(714, 8)","b'[page_id = std::move(arg1),\n                 ...'"
Source,../repos/incubator-weex/weex_core/Source/android/bridge/script_bridge_in_multi_process.cpp,"(735, 32)-(740, 8)",b'[page_id = std::move(arg1)] {\n        if (pag...'
Source,../repos/incubator-weex/weex_core/Source/android/bridge/script_bridge_in_multi_process.cpp,"(760, 32)-(768, 8)","b'[pageId = std::move(arg1),\n                  ...'"
Source,../repos/incubator-weex/weex_core/Source/android/bridge/script_bridge_in_multi_process.cpp,"(808, 32)-(815, 8)","b'[pageId = std::move(arg1),\n                  ...'"
Source,../repos/incubator-weex/weex_core/Source/android/bridge/script_bridge_in_multi_process.cpp,"(852, 32)-(859, 8)",b'[jData = std::unique_ptr<char[]>(\n          g...'
Source,../repos/incubator-weex/weex_core/Source/android/bridge/script_bridge_in_multi_process.cpp,"(873, 11)-(883, 12)",b'[clientId = std::unique_ptr<char[]>(getArumen...'
Source,../repos/incubator-weex/weex_core/Source/android/bridge/script_bridge_in_multi_process.cpp,"(893, 11)-(903, 12)",b'[clientId = std::unique_ptr<char[]>(getArumen...'
Source,../repos/incubator-weex/weex_core/Source/android/bridge/script_bridge_in_multi_process.cpp,"(926, 32)-(933, 8)","b'[callback_id, result = std::move(result)]() {...'"
Source,../repos/incubator-weex/weex_core/Source/android/bridge/script_bridge_in_multi_process.cpp,"(943, 11)-(948, 12)","b'[page_id = std::move(arg1), cid = std::move(a...'"
Source,../repos/incubator-weex/weex_core/Source/android/bridge/script_bridge_in_multi_process.cpp,"(956, 11)-(964, 12)",b'[pageId = std::move(arg1)]() {\n            if...'
Source,../repos/incubator-weex/weex_core/Source/android/bridge/script_bridge_in_multi_process.cpp,"(984, 13)-(997, 14)","b'[method = std::move(arg1), arg = std::move(ar...'"
Source,../repos/incubator-weex/weex_core/Source/android/bridge/script_bridge_in_multi_process.cpp,"(1006, 13)-(1011, 14)","b'[e = std::move(exception), cptr = ptr]() {\n  ...'"
Source,../repos/incubator-weex/weex_core/Source/android/bridge/script_bridge_in_multi_process.cpp,"(1025, 11)-(1037, 12)","b'[level_str = std::move(arg1), tag_ptr = std::...'"
Source,../repos/incubator-weex/weex_core/Source/android/bridge/script_bridge_in_multi_process.cpp,"(1049, 7)-(1049, 68)",b'[this](IPCHandler *handler) { RegisterIPCCall...'
Source,../repos/incubator-weex/weex_core/Source/android/bridge/script_bridge_in_multi_process.cpp,"(1050, 7)-(1056, 8)",b'[this](std::unique_ptr<WeexJSConnection> conn...'
Source,../repos/incubator-weex/weex_core/Source/android/bridge/script_bridge_in_multi_process.cpp,"(1057, 7)-(1063, 8)","b'[this](const char *page_id, const char *func,...'"
Source,../repos/incubator-weex/weex_core/Source/android/bridge/platform/android_bridge_in_multi_process.cc,"(48, 7)-(48, 68)",b'[this](IPCHandler* handler) { RegisterIPCCall...'
Source,../repos/incubator-weex/weex_core/Source/android/bridge/platform/android_bridge_in_multi_process.cc,"(49, 7)-(58, 8)",b'[this](std::unique_ptr<WeexJSConnection> conn...'
Source,../repos/incubator-weex/weex_core/Source/android/bridge/platform/android_bridge_in_multi_process.cc,"(59, 7)-(62, 8)","b'[this](const char* page_id, const char* func,...'"
Source,../repos/incubator-weex/weex_core/Source/android/bridge/platform/android_bridge_in_multi_so.cc,"(36, 7)-(56, 8)","b'[this](void *handle) {\n        LOGE(""dlopen s...'"
Source,../repos/incubator-weex/weex_core/Source/android/bridge/platform/android_bridge_in_multi_so.cc,"(57, 7)-(59, 8)","b'[this](const char *status_code, const char *e...'"
Source,../repos/incubator-weex/weex_core/Source/android/wrap/wx_bridge.cpp,"(340, 7)-(345, 8)","b'[](const char* status_code, const char* error...'"
Source,../repos/incubator-weex/weex_core/Source/android/wrap/wx_bridge.cpp,"(349, 20)-(354, 8)","b'[](const char* status_code, const char* error...'"
Source,../repos/incubator-weex/weex_core/Source/include/JavaScriptCore/assembler/MacroAssemblerX86Common.h,"(3026, 58)-(3026, 130)","b'[&] { m_assembler.cmpxchgb_rm(newValue, addre...'"
Source,../repos/incubator-weex/weex_core/Source/include/JavaScriptCore/assembler/MacroAssemblerX86Common.h,"(3031, 58)-(3031, 160)","b'[&] { m_assembler.cmpxchgb_rm(newValue, addre...'"
Source,../repos/incubator-weex/weex_core/Source/include/JavaScriptCore/assembler/MacroAssemblerX86Common.h,"(3036, 58)-(3036, 130)","b'[&] { m_assembler.cmpxchgw_rm(newValue, addre...'"
Source,../repos/incubator-weex/weex_core/Source/include/JavaScriptCore/assembler/MacroAssemblerX86Common.h,"(3041, 58)-(3041, 160)","b'[&] { m_assembler.cmpxchgw_rm(newValue, addre...'"
Source,../repos/incubator-weex/weex_core/Source/include/JavaScriptCore/assembler/MacroAssemblerX86Common.h,"(3046, 58)-(3046, 130)","b'[&] { m_assembler.cmpxchgl_rm(newValue, addre...'"
Source,../repos/incubator-weex/weex_core/Source/include/JavaScriptCore/assembler/MacroAssemblerX86Common.h,"(3051, 58)-(3051, 160)","b'[&] { m_assembler.cmpxchgl_rm(newValue, addre...'"
Source,../repos/incubator-weex/weex_core/Source/include/JavaScriptCore/assembler/MacroAssemblerX86Common.h,"(3056, 44)-(3056, 116)","b'[&] { m_assembler.cmpxchgb_rm(newValue, addre...'"
Source,../repos/incubator-weex/weex_core/Source/include/JavaScriptCore/assembler/MacroAssemblerX86Common.h,"(3061, 44)-(3061, 146)","b'[&] { m_assembler.cmpxchgb_rm(newValue, addre...'"
Source,../repos/incubator-weex/weex_core/Source/include/JavaScriptCore/assembler/MacroAssemblerX86Common.h,"(3066, 44)-(3066, 116)","b'[&] { m_assembler.cmpxchgw_rm(newValue, addre...'"
Source,../repos/incubator-weex/weex_core/Source/include/JavaScriptCore/assembler/MacroAssemblerX86Common.h,"(3071, 44)-(3071, 146)","b'[&] { m_assembler.cmpxchgw_rm(newValue, addre...'"
Source,../repos/incubator-weex/weex_core/Source/include/JavaScriptCore/assembler/MacroAssemblerX86Common.h,"(3076, 44)-(3076, 116)","b'[&] { m_assembler.cmpxchgl_rm(newValue, addre...'"
Source,../repos/incubator-weex/weex_core/Source/include/JavaScriptCore/assembler/MacroAssemblerX86Common.h,"(3081, 44)-(3081, 146)","b'[&] { m_assembler.cmpxchgl_rm(newValue, addre...'"
Source,../repos/incubator-weex/weex_core/Source/include/JavaScriptCore/assembler/MacroAssemblerX86Common.h,"(3086, 63)-(3086, 135)","b'[&] { m_assembler.cmpxchgb_rm(newValue, addre...'"
Source,../repos/incubator-weex/weex_core/Source/include/JavaScriptCore/assembler/MacroAssemblerX86Common.h,"(3091, 63)-(3091, 165)","b'[&] { m_assembler.cmpxchgb_rm(newValue, addre...'"
Source,../repos/incubator-weex/weex_core/Source/include/JavaScriptCore/assembler/MacroAssemblerX86Common.h,"(3096, 63)-(3096, 135)","b'[&] { m_assembler.cmpxchgw_rm(newValue, addre...'"
Source,../repos/incubator-weex/weex_core/Source/include/JavaScriptCore/assembler/MacroAssemblerX86Common.h,"(3101, 63)-(3101, 165)","b'[&] { m_assembler.cmpxchgw_rm(newValue, addre...'"
Source,../repos/incubator-weex/weex_core/Source/include/JavaScriptCore/assembler/MacroAssemblerX86Common.h,"(3106, 63)-(3106, 135)","b'[&] { m_assembler.cmpxchgl_rm(newValue, addre...'"
Source,../repos/incubator-weex/weex_core/Source/include/JavaScriptCore/assembler/MacroAssemblerX86Common.h,"(3111, 63)-(3111, 165)","b'[&] { m_assembler.cmpxchgl_rm(newValue, addre...'"
Source,../repos/incubator-weex/weex_core/Source/include/JavaScriptCore/assembler/MacroAssemblerX86_64.h,"(1438, 58)-(1438, 130)","b'[&] { m_assembler.cmpxchgq_rm(newValue, addre...'"
Source,../repos/incubator-weex/weex_core/Source/include/JavaScriptCore/assembler/MacroAssemblerX86_64.h,"(1443, 58)-(1443, 160)","b'[&] { m_assembler.cmpxchgq_rm(newValue, addre...'"
Source,../repos/incubator-weex/weex_core/Source/include/JavaScriptCore/assembler/MacroAssemblerX86_64.h,"(1448, 44)-(1448, 116)","b'[&] { m_assembler.cmpxchgq_rm(newValue, addre...'"
Source,../repos/incubator-weex/weex_core/Source/include/JavaScriptCore/assembler/MacroAssemblerX86_64.h,"(1453, 44)-(1453, 146)","b'[&] { m_assembler.cmpxchgq_rm(newValue, addre...'"
Source,../repos/incubator-weex/weex_core/Source/include/JavaScriptCore/assembler/MacroAssemblerX86_64.h,"(1458, 63)-(1458, 135)","b'[&] { m_assembler.cmpxchgq_rm(newValue, addre...'"
Source,../repos/incubator-weex/weex_core/Source/include/JavaScriptCore/assembler/MacroAssemblerX86_64.h,"(1463, 63)-(1463, 165)","b'[&] { m_assembler.cmpxchgq_rm(newValue, addre...'"
Source,../repos/incubator-weex/weex_core/Source/include/JavaScriptCore/runtime/RegExpMatchesArray.h,"(73, 26)-(76, 6)","b'[&] () {\n        array->putDirect(vm, RegExpM...'"
Source,../repos/incubator-weex/weex_core/Source/include/JavaScriptCore/runtime/LazyClassStructureInlines.h,"(37, 9)-(43, 10)",b'[] (const StructureInitializer& structureInit...'
Source,../repos/incubator-weex/weex_core/Source/include/JavaScriptCore/runtime/JSObjectInlines.h,"(180, 9)-(191, 10)","b'[&] (const GCSafeConcurrentJSLocker&, Propert...'"
Source,../repos/incubator-weex/weex_core/Source/include/JavaScriptCore/runtime/JSGenericTypedArrayViewPrototypeFunctions.h,"(274, 30)-(286, 6)",b'[&] (StringView separator) -> EncodedJSValue ...'
Source,../repos/incubator-weex/weex_core/Source/include/JavaScriptCore/runtime/JSGenericTypedArrayViewPrototypeFunctions.h,"(455, 74)-(458, 6)",b'[&]() {\n        Structure* structure = callee...'
Source,../repos/incubator-weex/weex_core/Source/include/JavaScriptCore/runtime/StructureInlines.h,"(259, 17)-(271, 6)",b'[&] (const char* description) {\n        dataL...'
Source,../repos/incubator-weex/weex_core/Source/include/JavaScriptCore/runtime/StructureInlines.h,"(297, 50)-(297, 59)",b'[] () { }'
Source,../repos/incubator-weex/weex_core/Source/include/JavaScriptCore/runtime/WeakGCMapInlines.h,"(38, 37)-(40, 6)",b'[this]() {\n        pruneStaleEntries();\n    }'
Source,../repos/incubator-weex/weex_core/Source/include/JavaScriptCore/runtime/WeakGCMapInlines.h,"(74, 20)-(76, 6)",b'[](typename HashMapType::KeyValuePairType& en...'
Source,../repos/incubator-weex/weex_core/Source/include/JavaScriptCore/heap/HeapUtil.h,"(67, 21)-(67, 84)",b'[] (LargeAllocation** ptr) -> LargeAllocation...'
Source,../repos/incubator-weex/weex_core/Source/include/JavaScriptCore/heap/HeapUtil.h,"(104, 27)-(107, 10)",b'[&] (void* pointer) {\n            if (candida...'
Source,../repos/incubator-weex/weex_core/Source/include/JavaScriptCore/heap/HeapUtil.h,"(139, 21)-(139, 89)",b'[] (LargeAllocation*const* ptr) -> LargeAlloc...'
Source,../repos/incubator-weex/weex_core/Source/include/JavaScriptCore/heap/MarkedBlockInlines.h,"(169, 17)-(175, 18)",b'[&] (PrintStream& out) {\n                    ...'
Source,../repos/incubator-weex/weex_core/Source/include/JavaScriptCore/heap/MarkedBlockInlines.h,"(204, 27)-(223, 6)",b'[&] (size_t i) {\n        HeapCell* cell = rei...'
Source,../repos/incubator-weex/weex_core/Source/include/JavaScriptCore/heap/MarkedBlockInlines.h,"(271, 27)-(293, 6)",b'[&] () -> bool {\n        if (sweepMode != Swe...'
Source,../repos/incubator-weex/weex_core/Source/include/JavaScriptCore/heap/MarkedAllocatorInlines.h,"(71, 9)-(73, 10)",b'[&] (size_t index) {\n            functor(m_bl...'
Source,../repos/incubator-weex/weex_core/Source/include/JavaScriptCore/heap/MarkedAllocatorInlines.h,"(79, 9)-(81, 10)",b'[&] (size_t index) {\n            functor(m_bl...'
Source,../repos/incubator-weex/weex_core/Source/include/JavaScriptCore/heap/SubspaceInlines.h,"(61, 9)-(67, 10)",b'[&] (MarkedBlock::Handle* handle) {\n         ...'
Source,../repos/incubator-weex/weex_core/Source/include/JavaScriptCore/heap/SubspaceInlines.h,"(63, 17)-(66, 18)","b'[&] (HeapCell* cell, HeapCell::Kind kind) -> ...'"
Source,../repos/incubator-weex/weex_core/Source/include/JavaScriptCore/heap/SubspaceInlines.h,"(69, 9)-(72, 10)",b'[&] (LargeAllocation* allocation) {\n         ...'
Source,../repos/incubator-weex/weex_core/Source/include/JavaScriptCore/heap/MarkedSpace.h,"(226, 9)-(229, 10)",b'[&] (MarkedAllocator& allocator) -> Iteration...'
Source,../repos/incubator-weex/weex_core/Source/include/JavaScriptCore/bytecode/BytecodeKills.h,"(63, 13)-(65, 14)",b'[&] (unsigned local) {\n                functo...'
Source,../repos/incubator-weex/weex_core/Source/include/JavaScriptCore/bytecode/BytecodeLivenessAnalysisInlines.h,"(91, 9)-(94, 10)","b'[&] (typename Graph::CodeBlock*, typename Gra...'"
Source,../repos/incubator-weex/weex_core/Source/include/JavaScriptCore/bytecode/BytecodeLivenessAnalysisInlines.h,"(98, 9)-(101, 10)","b'[&] (typename Graph::CodeBlock*, typename Gra...'"
Source,../repos/incubator-weex/weex_core/Source/include/JavaScriptCore/bytecode/BytecodeLivenessAnalysisInlines.h,"(118, 9)-(121, 10)",b'[&] (unsigned bitIndex) {\n            // This...'
Source,../repos/incubator-weex/weex_core/Source/include/JavaScriptCore/bytecode/BytecodeLivenessAnalysisInlines.h,"(122, 9)-(125, 10)",b'[&] (unsigned bitIndex) {\n            // This...'
Source,../repos/incubator-weex/weex_core/Source/include/JavaScriptCore/bytecode/BytecodeGraph.h,"(76, 183)-(76, 277)",b'[] (std::unique_ptr<BytecodeBasicBlock>* basi...'
Source,../repos/incubator-weex/weex_core/Source/include/JavaScriptCore/bytecode/BytecodeGraph.h,"(96, 132)-(96, 226)",b'[] (std::unique_ptr<BytecodeBasicBlock>* basi...'
Source,../repos/incubator-weex/weex_core/Source/include/JavaScriptCore/jit/JITMathIC.h,"(133, 43)-(143, 10)","b'[&] () {\n            CCallHelpers jit(&vm, co...'"
Source,../repos/incubator-weex/weex_core/Source/include/JavaScriptCore/jit/JITMathIC.h,"(145, 28)-(147, 10)",b'[&] () {\n            ftlThunkAwareRepatchCall...'
Source,../repos/incubator-weex/weex_core/Source/include/JavaScriptCore/jit/RegisterSet.h,"(147, 13)-(149, 14)",b'[&] (size_t index) {\n                func(Reg...'
Source,../repos/incubator-weex/weex_core/Source/include/JavaScriptCore/jit/CCallHelpers.h,"(2516, 33)-(2523, 10)",b'[&] () -> unsigned {\n            RegisterSet ...'
Source,../repos/incubator-weex/weex_core/Source/include/JavaScriptCore/jit/CCallHelpers.h,"(2525, 31)-(2532, 10)",b'[&] () -> unsigned {\n            RegisterSet ...'
Source,../repos/incubator-weex/weex_core/Source/include/JavaScriptCore/jit/CallFrameShuffler.h,"(464, 43)-(464, 107)",b'[this] (Reg reg) { return reg.isGPR() && !m_n...'
Source,../repos/incubator-weex/weex_core/Source/include/JavaScriptCore/jit/CallFrameShuffler.h,"(472, 39)-(472, 75)",b'[] (Reg reg) { return reg.isGPR(); }'
Source,../repos/incubator-weex/weex_core/Source/include/JavaScriptCore/jit/CallFrameShuffler.h,"(480, 39)-(480, 75)",b'[] (Reg reg) { return reg.isFPR(); }'
Source,../repos/incubator-weex/weex_core/Source/include/JavaScriptCore/jit/CallFrameShuffler.h,"(488, 50)-(488, 75)",b'[] (Reg) { return true; }'
Source,../repos/incubator-weex/weex_core/Source/include/JavaScriptCore/jit/CallFrameShuffler.h,"(550, 13)-(562, 14)",b'[this] (const CachedRecovery& cachedRecovery)...'
Source,../repos/incubator-weex/weex_core/Source/include/JavaScriptCore/jit/CallFrameShuffler.h,"(573, 13)-(587, 14)",b'[this] (const CachedRecovery& cachedRecovery)...'
Source,../repos/incubator-weex/weex_core/Source/include/JavaScriptCore/jit/CallFrameShuffler.h,"(598, 13)-(608, 14)",b'[this] (const CachedRecovery& cachedRecovery)...'
Source,../repos/incubator-weex/weex_core/Source/include/JavaScriptCore/jit/CallFrameShuffler.h,"(619, 13)-(623, 14)",b'[this] (const CachedRecovery& cachedRecovery)...'
Source,../repos/incubator-weex/weex_core/Source/include/JavaScriptCore/dfg/DFGForAllKills.h,"(79, 13)-(81, 14)",b'[&] (size_t relativeLocal) {\n                ...'
Source,../repos/incubator-weex/weex_core/Source/include/JavaScriptCore/dfg/DFGForAllKills.h,"(89, 9)-(95, 10)",b'[&] (VirtualRegister reg) {\n            if (r...'
Source,../repos/incubator-weex/weex_core/Source/include/JavaScriptCore/dfg/DFGForAllKills.h,"(112, 9)-(120, 10)",b'[&] (Edge edge) {\n            if (edge.doesKi...'
Source,../repos/incubator-weex/weex_core/Source/include/JavaScriptCore/dfg/DFGForAllKills.h,"(128, 9)-(142, 10)",b'[&] (VirtualRegister reg) {\n            avail...'
Source,../repos/incubator-weex/weex_core/Source/include/JavaScriptCore/dfg/DFGForAllKills.h,"(131, 17)-(133, 18)",b'[&] (Node* node) -> bool {\n                  ...'
Source,../repos/incubator-weex/weex_core/Source/include/JavaScriptCore/dfg/DFGForAllKills.h,"(134, 17)-(141, 18)",b'[&] (Node* node) -> bool {\n                  ...'
Source,../repos/incubator-weex/weex_core/Source/include/JavaScriptCore/dfg/DFGForAllKills.h,"(163, 13)-(165, 14)",b'[&] (Node* node) {\n                functor(no...'
Source,../repos/incubator-weex/weex_core/Source/include/JavaScriptCore/dfg/DFGOSRExitCompilerCommon.h,"(68, 33)-(71, 6)",b'[&](Reg reg) {\n        jit.storePtr(reg.gpr()...'
Source,../repos/incubator-weex/weex_core/Source/include/JavaScriptCore/dfg/DFGOSRExitCompilerCommon.h,"(121, 33)-(124, 6)",b'[&](Reg reg) {\n        jit.loadPtr(MacroAssem...'
Source,../repos/incubator-weex/weex_core/Source/include/JavaScriptCore/dfg/DFGPhiChildren.h,"(73, 17)-(79, 18)",b'[&] (Node* incomingNode) {\n                  ...'
Source,../repos/incubator-weex/weex_core/Source/include/JavaScriptCore/dfg/DFGRegisteredStructureSet.h,"(67, 17)-(67, 85)",b'[&] (RegisteredStructure structure) { result....'
Source,../repos/incubator-weex/weex_core/Source/include/JavaScriptCore/dfg/DFGGraph.h,"(670, 13)-(672, 14)","b'[&functor] (Node*, Edge& edge) {\n            ...'"
Source,../repos/incubator-weex/weex_core/Source/include/JavaScriptCore/dfg/DFGGraph.h,"(678, 28)-(678, 72)",b'[&] (Edge edge) { result |= edge == child; }'
Source,../repos/incubator-weex/weex_core/Source/include/JavaScriptCore/dfg/DFGPreciseLocalClobberize.h,"(109, 26)-(122, 10)","b'[&] (InlineCallFrame* inlineCallFrame, unsign...'"
Source,../repos/incubator-weex/weex_core/Source/include/JavaScriptCore/dfg/DFGPreciseLocalClobberize.h,"(124, 43)-(138, 10)",b'[&] (Node* arrayWithSpread) {\n            ASS...'
Source,../repos/incubator-weex/weex_core/Source/include/JavaScriptCore/dfg/DFGAbstractInterpreterInlines.h,"(105, 9)-(107, 10)",b'[&] (Edge& edge) {\n            filterEdgeByUs...'
Source,../repos/incubator-weex/weex_core/Source/include/JavaScriptCore/dfg/DFGAbstractInterpreterInlines.h,"(120, 9)-(125, 10)",b'[&] (Edge& edge) {\n            if (mayHaveTyp...'
Source,../repos/incubator-weex/weex_core/Source/include/JavaScriptCore/dfg/DFGAbstractInterpreterInlines.h,"(156, 42)-(166, 10)",b'[&](RegisteredStructure structure) {\n        ...'
Source,../repos/incubator-weex/weex_core/Source/include/JavaScriptCore/dfg/DFGAbstractInterpreterInlines.h,"(962, 43)-(962, 107)",b'[](double value) -> double { return static_ca...'
Source,../repos/incubator-weex/weex_core/Source/include/JavaScriptCore/dfg/DFGAbstractInterpreterInlines.h,"(2124, 17)-(2129, 18)",b'[&] (RegisteredStructure structure) {\n       ...'
Source,../repos/incubator-weex/weex_core/Source/include/JavaScriptCore/dfg/DFGAbstractInterpreterInlines.h,"(2290, 17)-(2296, 18)",b'[&] (Node* incoming) {\n                    if...'
Source,../repos/incubator-weex/weex_core/Source/include/JavaScriptCore/dfg/DFGAbstractInterpreterInlines.h,"(3061, 13)-(3063, 14)",b'[&] (NodeFlowProjection nodeProjection) {\n   ...'
Source,../repos/incubator-weex/weex_core/Source/include/JavaScriptCore/dfg/DFGAbstractInterpreterInlines.h,"(3137, 37)-(3143, 14)",b'[&] (NodeFlowProjection nodeProjection) {\n   ...'
Source,../repos/incubator-weex/weex_core/Source/include/JavaScriptCore/dfg/DFGSSACalculator.h,"(183, 17)-(219, 18)",b'[&] (BasicBlock* block) -> bool {\n           ...'
Source,../repos/incubator-weex/weex_core/Source/include/JavaScriptCore/dfg/DFGNode.h,"(2673, 53)-(2675, 6)","b'[](const V& a, const V& b) {\n        return N...'"
Source,../repos/incubator-weex/weex_core/Source/include/wtf/CrossThreadTask.h,"(74, 28)-(76, 6)","b'[method, arguments = std::make_tuple(crossThr...'"
Source,../repos/incubator-weex/weex_core/Source/include/wtf/CrossThreadTask.h,"(94, 28)-(96, 6)","b'[callee = &callee, method, arguments = std::m...'"
Source,../repos/incubator-weex/weex_core/Source/include/wtf/SynchronizedFixedQueue.h,"(77, 35)-(77, 94)",b'[this]() { return !m_open || m_queue.size() <...'
Source,../repos/incubator-weex/weex_core/Source/include/wtf/SynchronizedFixedQueue.h,"(96, 35)-(96, 81)",b'[this]() { return !m_open || m_queue.size(); }'
Source,../repos/incubator-weex/weex_core/Source/include/wtf/MessageQueue.h,"(133, 90)-(133, 126)",b'[](const DataType&) { return true; }'
Source,../repos/incubator-weex/weex_core/Source/include/wtf/MessageQueue.h,"(147, 36)-(150, 14)",b'[&predicate](const std::unique_ptr<DataType>&...'
Source,../repos/incubator-weex/weex_core/Source/include/wtf/MessageQueue.h,"(213, 41)-(216, 14)",b'[&predicate](const std::unique_ptr<DataType>&...'
Source,../repos/incubator-weex/weex_core/Source/include/wtf/BubbleSort.h,"(92, 9)-(94, 10)","b'[](auto& left, auto& right) {\n            ret...'"
Source,../repos/incubator-weex/weex_core/Source/include/wtf/text/TextBreakIterator.h,"(61, 36)-(63, 10)",b'[&](const auto& iterator) {\n            retur...'
Source,../repos/incubator-weex/weex_core/Source/include/wtf/text/TextBreakIterator.h,"(68, 36)-(70, 10)",b'[&](const auto& iterator) {\n            retur...'
Source,../repos/incubator-weex/weex_core/Source/include/wtf/text/TextBreakIterator.h,"(75, 36)-(77, 10)",b'[&](const auto& iterator) {\n            retur...'
Source,../repos/incubator-weex/weex_core/Source/include/wtf/text/TextBreakIterator.h,"(88, 36)-(90, 10)",b'[&](auto& iterator) {\n            return iter...'
Source,../repos/incubator-weex/weex_core/Source/include/wtf/text/TextBreakIterator.h,"(129, 68)-(131, 10)",b'[&](TextBreakIterator& candidate) {\n         ...'
Source,../repos/incubator-weex/weex_core/Source/include/wtf/LockAlgorithm.h,"(54, 13)-(59, 14)",b'[&] (LockType& value) -> bool {\n             ...'
Source,../repos/incubator-weex/weex_core/Source/include/wtf/LockAlgorithm.h,"(89, 13)-(94, 14)",b'[&] (LockType& value) -> bool {\n             ...'
Source,../repos/incubator-weex/weex_core/Source/include/wtf/LockAlgorithm.h,"(207, 17)-(226, 18)",b'[&] (ParkingLot::UnparkResult result) -> intp...'
Source,../repos/incubator-weex/weex_core/Source/include/wtf/LockAlgorithm.h,"(219, 25)-(224, 26)",b'[&] (LockType& value) -> bool {\n             ...'
Source,../repos/incubator-weex/weex_core/Source/include/wtf/BlockPtr.h,"(69, 13)-(71, 14)",b'[](const void* ptr) {\n                static_...'
Source,../repos/incubator-weex/weex_core/Source/include/wtf/BlockPtr.h,"(85, 25)-(87, 10)","b'[](void *ptr, Args... args) -> R {\n          ...'"
Source,../repos/incubator-weex/weex_core/Source/include/wtf/BackwardsGraph.h,"(175, 33)-(182, 10)",b'[&] (typename Graph::Node node) {\n           ...'
Source,../repos/incubator-weex/weex_core/Source/include/wtf/Bitmap.h,"(141, 9)-(147, 10)",b'[&] (WordType& value) -> bool {\n            i...'
Source,../repos/incubator-weex/weex_core/Source/include/wtf/Bitmap.h,"(158, 9)-(164, 10)",b'[&] (WordType& value) -> bool {\n            i...'
Source,../repos/incubator-weex/weex_core/Source/include/wtf/PrintStream.h,"(72, 13)-(74, 14)",b'[&] (PrintStream& out) {\n                out....'
Source,../repos/incubator-weex/weex_core/Source/include/wtf/Dominators.h,"(178, 13)-(180, 14)",b'[&] (typename Graph::Node node) {\n           ...'
Source,../repos/incubator-weex/weex_core/Source/include/wtf/Dominators.h,"(189, 13)-(191, 14)",b'[&] (typename Graph::Node node) {\n           ...'
Source,../repos/incubator-weex/weex_core/Source/include/wtf/Dominators.h,"(200, 13)-(202, 14)",b'[&] (typename Graph::Node node) {\n           ...'
Source,../repos/incubator-weex/weex_core/Source/include/wtf/Dominators.h,"(211, 13)-(213, 14)",b'[&] (typename Graph::Node node) {\n           ...'
Source,../repos/incubator-weex/weex_core/Source/include/wtf/Dominators.h,"(224, 13)-(227, 14)",b'[&] (typename Graph::Node block) {\n          ...'
Source,../repos/incubator-weex/weex_core/Source/include/wtf/Dominators.h,"(235, 13)-(237, 14)",b'[&] (typename Graph::Node node) {\n           ...'
Source,../repos/incubator-weex/weex_core/Source/include/wtf/Dominators.h,"(246, 13)-(249, 14)",b'[&] (typename Graph::Node block) -> bool {\n  ...'
Source,../repos/incubator-weex/weex_core/Source/include/wtf/Dominators.h,"(262, 13)-(266, 14)",b'[&] (typename Graph::Node block) -> bool {\n  ...'
Source,../repos/incubator-weex/weex_core/Source/include/wtf/Dominators.h,"(274, 13)-(276, 14)",b'[&] (typename Graph::Node node) -> bool {\n   ...'
Source,../repos/incubator-weex/weex_core/Source/include/wtf/Dominators.h,"(704, 13)-(709, 14)",b'[&] (typename Graph::Node block) {\n          ...'
Source,../repos/incubator-weex/weex_core/Source/include/wtf/Dominators.h,"(721, 17)-(724, 18)",b'[&] (typename Graph::Node otherBlock) {\n     ...'
Source,../repos/incubator-weex/weex_core/Source/include/wtf/RangeSet.h,"(138, 13)-(140, 14)","b'[&] (const Range& a, const Range& b) -> bool ...'"
Source,../repos/incubator-weex/weex_core/Source/include/wtf/TinyPtrSet.h,"(237, 23)-(237, 79)",b'[&] (T value) { return other.containsOutOfLin...'
Source,../repos/incubator-weex/weex_core/Source/include/wtf/TinyPtrSet.h,"(248, 23)-(248, 80)",b'[&] (T value) { return !other.containsOutOfLi...'
Source,../repos/incubator-weex/weex_core/Source/include/wtf/Condition.h,"(79, 17)-(84, 18)",b'[this] () -> bool {\n                    // Le...'
Source,../repos/incubator-weex/weex_core/Source/include/wtf/Condition.h,"(85, 17)-(85, 46)",b'[&lock] () { lock.unlock(); }'
Source,../repos/incubator-weex/weex_core/Source/include/wtf/Condition.h,"(147, 13)-(152, 14)",b'[&] (ParkingLot::UnparkResult result) -> intp...'
Source,../repos/incubator-weex/weex_core/Source/include/wtf/Spectrum.h,"(113, 24)-(115, 14)","b'[&functor] (typename HashMap<T, CounterType>:...'"
Source,../repos/incubator-weex/weex_core/Source/include/wtf/ParkingLot.h,"(95, 13)-(98, 14)","b'[address, expected] () -> bool {\n            ...'"
Source,../repos/incubator-weex/weex_core/Source/include/wtf/ParkingLot.h,"(99, 13)-(99, 22)",b'[] () { }'
Source,../repos/incubator-weex/weex_core/Source/include/wtf/Vector.h,"(1381, 32)-(1383, 6)",b'[&value] (const T& current) {\n        return ...'
Source,../repos/incubator-weex/weex_core/Source/include/wtf/Vector.h,"(1403, 30)-(1405, 6)",b'[&value] (const T& current) {\n        return ...'
Source,../repos/incubator-weex/weex_core/Source/include/wtf/LoggingHashMap.h,"(236, 13)-(241, 14)",b'[&] () {\n                didCallFunctor = tru...'
Source,../repos/incubator-weex/weex_core/Source/include/wtf/LoggingHashMap.h,"(260, 13)-(265, 14)",b'[&] () {\n                didCallFunctor = tru...'
Source,../repos/incubator-weex/weex_core/Source/core/render/page/reactor_page.cpp,"(125, 56)-(132, 6)",b'[&] (RenderPage* page_instance) -> RenderObje...'
Source,../repos/incubator-weex/weex_core/Source/core/render/page/reactor_page.cpp,"(142, 80)-(144, 7)",b'[&] (RenderPage* page_instance) -> RenderObje...'
Source,../repos/incubator-weex/weex_core/Source/core/render/page/render_page.cpp,"(291, 53)-(295, 20)","b'[=, &flag](float foo) {\n                     ...'"
Source,../repos/incubator-weex/weex_core/Source/core/render/page/render_page.cpp,"(302, 53)-(306, 20)","b'[=, &flag](float foo) {\n                     ...'"
Source,../repos/incubator-weex/weex_core/Source/core/render/page/render_page.cpp,"(313, 53)-(317, 20)","b'[=, &flag](float foo) {\n                     ...'"
Source,../repos/incubator-weex/weex_core/Source/core/render/page/render_page.cpp,"(748, 69)-(750, 42)",b'[=](float foo) {\n                            ...'
Source,../repos/incubator-weex/weex_core/Source/core/render/page/render_page.cpp,"(757, 69)-(759, 42)",b'[=](float foo) {\n                            ...'
Source,../repos/incubator-weex/weex_core/Source/core/render/page/render_page.cpp,"(766, 69)-(768, 42)",b'[=](float foo) {\n                            ...'
Source,../repos/incubator-weex/weex_core/Source/core/render/manager/render_manager.cpp,"(64, 33)-(77, 8)","b'[=](const std::string& ref,\n                 ...'"
Source,../repos/incubator-weex/weex_core/Source/core/render/manager/render_manager.cpp,"(209, 45)-(217, 8)","b'[=] (const std::string& ref,\n                ...'"
Source,../repos/incubator-weex/weex_core/Source/core/render/node/render_object.cpp,"(195, 25)-(195, 71)","b'[=](float foo) { setMinWidth(foo, updating); }'"
Source,../repos/incubator-weex/weex_core/Source/core/render/node/render_object.cpp,"(198, 42)-(198, 79)",b'[=](float foo) { setMinHeight(foo); }'
Source,../repos/incubator-weex/weex_core/Source/core/render/node/render_object.cpp,"(202, 25)-(202, 71)","b'[=](float foo) { setMaxWidth(foo, updating); }'"
Source,../repos/incubator-weex/weex_core/Source/core/render/node/render_object.cpp,"(205, 42)-(205, 79)",b'[=](float foo) { setMaxHeight(foo); }'
Source,../repos/incubator-weex/weex_core/Source/core/render/node/render_object.cpp,"(209, 29)-(209, 68)",b'[=](float foo) { setStyleHeight(foo); }'
Source,../repos/incubator-weex/weex_core/Source/core/render/node/render_object.cpp,"(215, 29)-(215, 77)","b'[=](float foo) { setStyleWidth(foo, updating); }'"
Source,../repos/incubator-weex/weex_core/Source/core/render/node/render_object.cpp,"(227, 42)-(229, 6)",b'[=](float foo) {\n      setStylePosition(kPosi...'
Source,../repos/incubator-weex/weex_core/Source/core/render/node/render_object.cpp,"(232, 42)-(234, 6)",b'[=](float foo) {\n      setStylePosition(kPosi...'
Source,../repos/incubator-weex/weex_core/Source/core/render/node/render_object.cpp,"(237, 42)-(239, 6)",b'[=](float foo) {\n      setStylePosition(kPosi...'
Source,../repos/incubator-weex/weex_core/Source/core/render/node/render_object.cpp,"(242, 42)-(244, 6)",b'[=](float foo) {\n      setStylePosition(kPosi...'
Source,../repos/incubator-weex/weex_core/Source/core/render/node/render_object.cpp,"(248, 25)-(248, 71)","b'[=](float foo) { setMargin(kMarginALL, foo); }'"
Source,../repos/incubator-weex/weex_core/Source/core/render/node/render_object.cpp,"(252, 25)-(252, 72)","b'[=](float foo) { setMargin(kMarginLeft, foo); }'"
Source,../repos/incubator-weex/weex_core/Source/core/render/node/render_object.cpp,"(256, 25)-(256, 71)","b'[=](float foo) { setMargin(kMarginTop, foo); }'"
Source,../repos/incubator-weex/weex_core/Source/core/render/node/render_object.cpp,"(260, 25)-(260, 73)","b'[=](float foo) { setMargin(kMarginRight, foo); }'"
Source,../repos/incubator-weex/weex_core/Source/core/render/node/render_object.cpp,"(264, 25)-(264, 74)","b'[=](float foo) { setMargin(kMarginBottom, foo); }'"
Source,../repos/incubator-weex/weex_core/Source/core/render/node/render_object.cpp,"(267, 40)-(269, 6)",b'[=](float foo) {\n      setBorderWidth(kBorder...'
Source,../repos/incubator-weex/weex_core/Source/core/render/node/render_object.cpp,"(272, 40)-(274, 6)",b'[=](float foo) {\n      setBorderWidth(kBorder...'
Source,../repos/incubator-weex/weex_core/Source/core/render/node/render_object.cpp,"(277, 40)-(279, 6)",b'[=](float foo) {\n      setBorderWidth(kBorder...'
Source,../repos/incubator-weex/weex_core/Source/core/render/node/render_object.cpp,"(282, 40)-(284, 6)",b'[=](float foo) {\n      setBorderWidth(kBorder...'
Source,../repos/incubator-weex/weex_core/Source/core/render/node/render_object.cpp,"(287, 40)-(289, 6)",b'[=](float foo) {\n      setBorderWidth(kBorder...'
Source,../repos/incubator-weex/weex_core/Source/core/render/node/render_object.cpp,"(293, 25)-(293, 73)","b'[=](float foo) { setPadding(kPaddingALL, foo); }'"
Source,../repos/incubator-weex/weex_core/Source/core/render/node/render_object.cpp,"(297, 25)-(297, 74)","b'[=](float foo) { setPadding(kPaddingLeft, foo); }'"
Source,../repos/incubator-weex/weex_core/Source/core/render/node/render_object.cpp,"(301, 25)-(301, 73)","b'[=](float foo) { setPadding(kPaddingTop, foo); }'"
Source,../repos/incubator-weex/weex_core/Source/core/render/node/render_object.cpp,"(305, 25)-(305, 75)","b'[=](float foo) { setPadding(kPaddingRight, foo); }'"
Source,../repos/incubator-weex/weex_core/Source/core/render/node/render_object.cpp,"(309, 25)-(309, 76)","b'[=](float foo) { setPadding(kPaddingBottom, f...'"
Source,../repos/incubator-weex/weex_core/Source/core/render/node/render_appbar.cpp,"(70, 40)-(75, 6)",b'[=](float foo) {\n        setPadding(kPaddingL...'
Source,../repos/incubator-weex/weex_core/Source/core/render/node/render_appbar.cpp,"(78, 40)-(80, 6)",b'[=](float foo) {\n      setPadding(kPaddingLef...'
Source,../repos/incubator-weex/weex_core/Source/core/render/node/render_appbar.cpp,"(83, 40)-(85, 6)",b'[=](float foo) {\n      setPadding(kPaddingRig...'
Source,../repos/incubator-weex/weex_core/Source/core/bridge/eagle_bridge.cpp,"(90, 26)-(92, 4)",b'[]() {\n    g_instance = new EagleBridge();\n  }'
Source,../repos/incubator-weex/weex_core/Source/core/bridge/eagle_bridge_ext.cpp,"(39, 7)-(59, 8)","b'[instanceId = std::string(instanceId), func =...'"
