Repo name,File name,Location,Content
Source,../repos/incubator-weex/weex_core/Source/include/JavaScriptCore/interpreter/Register.h,"(86, 9)-(93, 10)",b'union {\n            EncodedJSValue value;\n   ...'
Source,../repos/incubator-weex/weex_core/Source/include/JavaScriptCore/assembler/MacroAssemblerPrinter.h,"(135, 5)-(140, 6)",b'union UnionedAddress {\n        UnionedAddress...'
Source,../repos/incubator-weex/weex_core/Source/include/JavaScriptCore/assembler/MacroAssemblerPrinter.h,"(254, 9)-(264, 10)",b'union Value {\n            Value() { }\n\n      ...'
Source,../repos/incubator-weex/weex_core/Source/include/JavaScriptCore/assembler/ARMv7Assembler.h,"(219, 13)-(236, 6)",b'typedef union {\n        int16_t asInt;\n      ...'
Source,../repos/incubator-weex/weex_core/Source/include/JavaScriptCore/assembler/ARMv7Assembler.h,"(239, 13)-(247, 6)",b'typedef union {\n        int32_t asInt;\n      ...'
Source,../repos/incubator-weex/weex_core/Source/include/JavaScriptCore/assembler/ARMv7Assembler.h,"(436, 5)-(445, 6)",b'union {\n        struct {\n            unsigned...'
Source,../repos/incubator-weex/weex_core/Source/include/JavaScriptCore/assembler/ARMv7Assembler.h,"(526, 9)-(538, 10)",b'union {\n            struct RealTypes {\n      ...'
Source,../repos/incubator-weex/weex_core/Source/include/JavaScriptCore/assembler/ARMv7Assembler.h,"(760, 9)-(768, 10)",b'union {\n            unsigned value;\n         ...'
Source,../repos/incubator-weex/weex_core/Source/include/JavaScriptCore/assembler/MacroAssemblerARMv7.h,"(79, 9)-(85, 10)",b'union {\n            int32_t offset;\n         ...'
Source,../repos/incubator-weex/weex_core/Source/include/JavaScriptCore/assembler/X86Assembler.h,"(3679, 9)-(3682, 10)",b'union {\n            uint64_t asWord;\n        ...'
Source,../repos/incubator-weex/weex_core/Source/include/JavaScriptCore/assembler/X86Assembler.h,"(3701, 9)-(3704, 10)",b'union {\n            uint32_t asWord;\n        ...'
Source,../repos/incubator-weex/weex_core/Source/include/JavaScriptCore/assembler/X86Assembler.h,"(3719, 9)-(3722, 10)",b'union {\n            uint32_t asWord;\n        ...'
Source,../repos/incubator-weex/weex_core/Source/include/JavaScriptCore/assembler/X86Assembler.h,"(3737, 9)-(3740, 10)",b'union {\n            uint32_t asWord;\n        ...'
Source,../repos/incubator-weex/weex_core/Source/include/JavaScriptCore/assembler/ARM64Assembler.h,"(419, 9)-(434, 10)",b'union {\n            struct RealTypes {\n      ...'
Source,../repos/incubator-weex/weex_core/Source/include/JavaScriptCore/runtime/StructureIDBlob.h,"(76, 5)-(89, 6)",b'union {\n        struct {\n            Structur...'
Source,../repos/incubator-weex/weex_core/Source/include/JavaScriptCore/runtime/IndexingHeader.h,"(123, 5)-(132, 6)",b'union {\n        struct {\n            uint32_t...'
Source,../repos/incubator-weex/weex_core/Source/include/JavaScriptCore/runtime/CallData.h,"(52, 5)-(60, 6)",b'union {\n        struct {\n            NativeFu...'
Source,../repos/incubator-weex/weex_core/Source/include/JavaScriptCore/runtime/VMTraps.h,"(165, 5)-(168, 6)",b'union {\n        BitField m_needTrapHandling {...'
Source,../repos/incubator-weex/weex_core/Source/include/JavaScriptCore/runtime/VM.h,"(232, 5)-(235, 6)",b'union {\n        size_t m_activeLength;\n      ...'
Source,../repos/incubator-weex/weex_core/Source/include/JavaScriptCore/runtime/SlowPathReturnType.h,"(58, 9)-(64, 2)",b'typedef union {\n    struct {\n        void* a;...'
Source,../repos/incubator-weex/weex_core/Source/include/JavaScriptCore/runtime/JSCJSValue.h,"(85, 1)-(104, 2)",b'{\n\nclass AssemblyHelpers;\nclass ExecState;\ncl...'
Source,../repos/incubator-weex/weex_core/Source/include/JavaScriptCore/runtime/ConstructData.h,"(49, 5)-(57, 6)",b'union {\n        struct {\n            NativeFu...'
Source,../repos/incubator-weex/weex_core/Source/include/JavaScriptCore/runtime/MatchResult.h,"(50, 9)-(56, 10)",b'union u {\n            uint64_t encoded;\n     ...'
Source,../repos/incubator-weex/weex_core/Source/include/JavaScriptCore/runtime/PropertySlot.h,"(350, 5)-(361, 6)",b'union {\n        EncodedJSValue value;\n       ...'
Source,../repos/incubator-weex/weex_core/Source/include/JavaScriptCore/runtime/PropertySlot.h,"(371, 5)-(374, 6)",b'union {\n        DOMJIT::GetterSetter* domJIT;...'
Source,../repos/incubator-weex/weex_core/Source/include/JavaScriptCore/runtime/JSString.h,"(473, 13)-(476, 6)",b'mutable union {\n        uintptr_t number;\n   ...'
Source,../repos/incubator-weex/weex_core/Source/include/JavaScriptCore/runtime/LiteralParser.h,"(77, 5)-(87, 6)",b'union {\n        double numberToken;\n        s...'
Source,../repos/incubator-weex/weex_core/Source/include/JavaScriptCore/runtime/LiteralParser.h,"(80, 13)-(83, 14)",b'union {\n                const LChar* stringTo...'
Source,../repos/incubator-weex/weex_core/Source/include/JavaScriptCore/runtime/Lookup.h,"(59, 5)-(73, 6)",b'union ValueStorage {\n        constexpr ValueS...'
Source,../repos/incubator-weex/weex_core/Source/include/JavaScriptCore/runtime/StructureIDTable.h,"(99, 5)-(104, 6)",b'union StructureOrOffset {\n        WTF_MAKE_FA...'
Source,../repos/incubator-weex/weex_core/Source/include/JavaScriptCore/runtime/Options.h,"(537, 5)-(545, 6)",b'union Entry {\n        bool boolVal;\n        u...'
Source,../repos/incubator-weex/weex_core/Source/include/JavaScriptCore/heap/HeapSnapshotBuilder.h,"(83, 5)-(86, 6)",b'union {\n        JSCell *cell;\n        unsigne...'
Source,../repos/incubator-weex/weex_core/Source/include/JavaScriptCore/heap/HeapSnapshotBuilder.h,"(88, 5)-(91, 6)",b'union {\n        JSCell *cell;\n        unsigne...'
Source,../repos/incubator-weex/weex_core/Source/include/JavaScriptCore/heap/HeapSnapshotBuilder.h,"(93, 5)-(96, 6)",b'union {\n        UniquedStringImpl* name;\n    ...'
Source,../repos/incubator-weex/weex_core/Source/include/JavaScriptCore/yarr/YarrInterpreter.h,"(74, 5)-(103, 6)",b'union {\n        struct {\n            union {\n...'
Source,../repos/incubator-weex/weex_core/Source/include/JavaScriptCore/yarr/YarrInterpreter.h,"(76, 13)-(84, 14)",b'union {\n                UChar32 patternCharac...'
Source,../repos/incubator-weex/weex_core/Source/include/JavaScriptCore/yarr/YarrInterpreter.h,"(85, 13)-(88, 14)",b'union {\n                ByteDisjunction* pare...'
Source,../repos/incubator-weex/weex_core/Source/include/JavaScriptCore/yarr/YarrPattern.h,"(94, 5)-(109, 6)",b'union {\n        UChar32 patternCharacter;\n   ...'
Source,../repos/incubator-weex/weex_core/Source/include/JavaScriptCore/domjit/DOMJITHeapRange.h,"(121, 5)-(127, 6)",b'union {\n        struct {\n            uint16_t...'
Source,../repos/incubator-weex/weex_core/Source/include/JavaScriptCore/parser/ResultType.h,"(162, 9)-(168, 10)",b'union {\n            struct {\n                ...'
Source,../repos/incubator-weex/weex_core/Source/include/JavaScriptCore/parser/ParserTokens.h,"(210, 1)-(227, 2)",b'{\n\nclass Identifier;\n\nenum {\n    // Token Bit...'
Source,../repos/incubator-weex/weex_core/Source/include/JavaScriptCore/bytecode/GetterSetterAccessCase.h,"(74, 5)-(78, 6)",b'union {\n        PutPropertySlot::PutValueFunc...'
Source,../repos/incubator-weex/weex_core/Source/include/JavaScriptCore/bytecode/Instruction.h,"(123, 5)-(148, 6)",b'union {\n        Opcode opcode;\n        int op...'
Source,../repos/incubator-weex/weex_core/Source/include/JavaScriptCore/bytecode/PropertyCondition.h,"(296, 5)-(307, 6)",b'union {\n        struct {\n            Property...'
Source,../repos/incubator-weex/weex_core/Source/include/JavaScriptCore/bytecode/MethodOfGettingAValueProfile.h,"(86, 5)-(94, 6)",b'union {\n        ValueProfile* profile;\n      ...'
Source,../repos/incubator-weex/weex_core/Source/include/JavaScriptCore/bytecode/CodeBlock.h,"(957, 5)-(964, 6)",b'union {\n        unsigned m_debuggerRequests;\n...'
Source,../repos/incubator-weex/weex_core/Source/include/JavaScriptCore/bytecode/UnlinkedCodeBlock.h,"(108, 5)-(112, 6)",b'union {\n        OpcodeID opcode;\n        int3...'
Source,../repos/incubator-weex/weex_core/Source/include/JavaScriptCore/bytecode/ExecutionCounter.h,"(46, 5)-(49, 6)",b'union {\n        int32_t i;\n        float f;\n ...'
Source,../repos/incubator-weex/weex_core/Source/include/JavaScriptCore/bytecode/StructureStubInfo.h,"(158, 5)-(164, 6)",b'union {\n        struct {\n            WriteBar...'
Source,../repos/incubator-weex/weex_core/Source/include/JavaScriptCore/bytecode/ValueRecovery.h,"(411, 5)-(423, 6)",b'union {\n        MacroAssembler::RegisterID gp...'
Source,../repos/incubator-weex/weex_core/Source/include/JavaScriptCore/jit/SnippetOperand.h,"(95, 5)-(99, 6)",b'union {\n        int32_t int32Val;\n        dou...'
Source,../repos/incubator-weex/weex_core/Source/include/JavaScriptCore/jit/JIT.h,"(118, 9)-(121, 10)",b'union {\n            SimpleJumpTable* simpleJu...'
Source,../repos/incubator-weex/weex_core/Source/include/JavaScriptCore/dfg/DFGEdge.h,"(202, 13)-(206, 14)",b'union U {\n                U() { word = 0; }\n ...'
Source,../repos/incubator-weex/weex_core/Source/include/JavaScriptCore/dfg/DFGMultiGetByOffsetData.h,"(107, 5)-(113, 6)",b'union {\n        FrozenValue* constant;\n      ...'
Source,../repos/incubator-weex/weex_core/Source/include/JavaScriptCore/dfg/DFGGenerationInfo.h,"(439, 5)-(448, 6)",b'union {\n        GPRReg gpr;\n        FPRReg fp...'
Source,../repos/incubator-weex/weex_core/Source/include/JavaScriptCore/dfg/DFGSpeculativeJIT.h,"(3211, 5)-(3217, 6)",b'union {\n        struct {\n            GPRReg t...'
Source,../repos/incubator-weex/weex_core/Source/include/JavaScriptCore/dfg/DFGArrayMode.h,"(496, 5)-(504, 6)",b'union {\n        struct {\n            uint8_t ...'
Source,../repos/incubator-weex/weex_core/Source/include/JavaScriptCore/dfg/DFGVariableEvent.h,"(70, 1)-(80, 2)",b'{\n\nenum VariableEventKind {\n    // Marks the ...'
Source,../repos/incubator-weex/weex_core/Source/include/JavaScriptCore/dfg/DFGVariableEvent.h,"(263, 5)-(266, 6)",b'union {\n        int virtualReg;\n        uintp...'
Source,../repos/incubator-weex/weex_core/Source/include/JavaScriptCore/dfg/DFGOSRExit.h,"(84, 5)-(87, 6)",b'union {\n        GPRReg m_src;\n        int32_t...'
Source,../repos/incubator-weex/weex_core/Source/include/JavaScriptCore/dfg/DFGLazyJSValue.h,"(121, 5)-(125, 6)",b'union {\n        FrozenValue* value;\n        U...'
Source,../repos/incubator-weex/weex_core/Source/include/JavaScriptCore/dfg/DFGNode.h,"(2605, 9)-(2610, 10)",b'union {\n            uint32_t int32;\n         ...'
Source,../repos/incubator-weex/weex_core/Source/include/JavaScriptCore/dfg/DFGNode.h,"(2626, 5)-(2629, 6)",b'union {\n        Node* replacement;\n        un...'
Source,../repos/incubator-weex/weex_core/Source/include/WeexApiValue.h,"(49, 9)-(56, 2)",b'typedef union ExecJsParamValue {\n    int32_t ...'
Source,../repos/incubator-weex/weex_core/Source/include/wtf/icu/unicode/unistr.h,"(3497, 3)-(3497, 28)",b'{\npublic:\n\n  /**\n   * Constant to be used in ...'
Source,../repos/incubator-weex/weex_core/Source/include/wtf/icu/unicode/unistr.h,"(3535, 3)-(3544, 4)",b'union StackBufferOrFields {\n    // fStackBuff...'
Source,../repos/incubator-weex/weex_core/Source/include/wtf/Optional.h,"(308, 1)-(319, 2)",b'template <class T>\nunion storage_t\n{\n  unsign...'
Source,../repos/incubator-weex/weex_core/Source/include/wtf/Optional.h,"(323, 1)-(334, 2)",b'template <class T>\nunion constexpr_storage_t\n...'
Source,../repos/incubator-weex/weex_core/Source/include/wtf/Expected.h,"(83, 1)-(95, 2)","b'template <class T, class E>\nunion ConstexprSt...'"
Source,../repos/incubator-weex/weex_core/Source/include/wtf/Expected.h,"(98, 1)-(112, 2)","b'template <class T, class E>\nunion Storage {\n ...'"
Source,../repos/incubator-weex/weex_core/Source/include/wtf/Expected.h,"(115, 1)-(125, 2)",b'template <class E>\nunion ConstexprStorage<voi...'
Source,../repos/incubator-weex/weex_core/Source/include/wtf/Expected.h,"(128, 1)-(139, 2)","b'template <class E>\nunion Storage<void, E> {\n ...'"
Source,../repos/incubator-weex/weex_core/Source/include/wtf/MediaTime.h,"(139, 5)-(142, 6)",b'{\n    WTF_MAKE_FAST_ALLOCATED;\npublic:\n    en...'
Source,../repos/incubator-weex/weex_core/Source/include/wtf/text/Base64.h,"(107, 5)-(110, 6)",b'union {\n        Vector<char>* c;\n        Vect...'
Source,../repos/incubator-weex/weex_core/Source/include/wtf/text/Base64.h,"(141, 5)-(144, 6)",b'union {\n        const Vector<char>* c;\n      ...'
Source,../repos/incubator-weex/weex_core/Source/include/wtf/text/StringImpl.h,"(571, 9)-(574, 10)",b'union {\n            const char* m_data8;\n    ...'
Source,../repos/incubator-weex/weex_core/Source/include/wtf/text/StringImpl.h,"(866, 5)-(869, 6)",b'union {\n        const LChar* m_data8;\n       ...'
Source,../repos/incubator-weex/weex_core/Source/include/wtf/text/StringBuilder.h,"(313, 5)-(316, 6)",b'union {\n        LChar* m_bufferCharacters8;\n ...'
Source,../repos/incubator-weex/weex_core/Source/include/wtf/StringBuilder.h,"(305, 5)-(308, 6)",b'union {\n        LChar* m_bufferCharacters8;\n ...'
Source,../repos/incubator-weex/weex_core/Source/include/wtf/Variant.h,"(388, 1)-(388, 21)",b'template<typename ... _Types>\nunion __variant...'
Source,../repos/incubator-weex/weex_core/Source/include/wtf/Variant.h,"(523, 1)-(525, 2)",b'template<>\nunion __variant_data<>{\n    conste...'
Source,../repos/incubator-weex/weex_core/Source/include/wtf/Variant.h,"(528, 1)-(553, 2)",b'template<typename _Type>\nunion __variant_data...'
Source,../repos/incubator-weex/weex_core/Source/include/wtf/Variant.h,"(556, 1)-(583, 2)",b'template<typename _Type>\nunion __variant_data...'
Source,../repos/incubator-weex/weex_core/Source/include/wtf/Variant.h,"(586, 1)-(611, 2)",b'template<typename _Type>\nunion __variant_data...'
Source,../repos/incubator-weex/weex_core/Source/include/wtf/Variant.h,"(614, 1)-(676, 2)","b'template<typename _Head,typename ... _Rest>\nu...'"
Source,../repos/incubator-weex/weex_core/Source/include/wtf/FlipBytes.h,"(72, 9)-(75, 10)",b'union {\n            T original;\n            u...'
Source,../repos/incubator-weex/weex_core/Source/include/wtf/FlipBytes.h,"(81, 9)-(84, 10)",b'union {\n            T original;\n            u...'
Source,../repos/incubator-weex/weex_core/Source/include/wtf/FlipBytes.h,"(90, 9)-(93, 10)",b'union {\n            T original;\n            u...'
Source,../repos/incubator-weex/weex_core/Source/core/bridge/wx_type_define.h,"(38, 5)-(42, 6)",b'{\n\n    enum wx_type_define {\n        VOID = 1...'
Source,../repos/incubator-weex/weex_core/Source/wson/wson.c,"(27, 1)-(31, 2)",b'/**\n * Licensed to the Apache Software Founda...'
Source,../repos/incubator-weex/weex_core/Source/wson/wson.c,"(33, 1)-(36, 2)",b'/**\n * Licensed to the Apache Software Founda...'
Source,../repos/incubator-weex/weex_core/Source/wson/wson.c,"(253, 5)-(253, 24)",b'union double_number ld;'
Source,../repos/incubator-weex/weex_core/Source/wson/wson.c,"(259, 5)-(259, 23)",b'union float_number fn;'
Source,../repos/incubator-weex/weex_core/Source/wson/wson.c,"(347, 5)-(347, 24)",b'union double_number ld;'
Source,../repos/incubator-weex/weex_core/Source/wson/wson.c,"(353, 5)-(353, 23)",b'union float_number fn;'
