Repo name,File name,Location,Content
Source,../repos/incubator-weex/weex_core/Source/android/jsengine/dependence/bmalloc/bmalloc/SmallLine.h,"(48, 54)-(48, 74)",b'decltype(m_refCount)'
Source,../repos/incubator-weex/weex_core/Source/android/jsengine/dependence/bmalloc/bmalloc/SmallPage.h,"(65, 43)-(65, 64)",b'decltype(m_sizeClass)'
Source,../repos/incubator-weex/weex_core/Source/android/jsengine/dependence/bmalloc/bmalloc/Heap.h,"(137, 21)-(137, 56)",b'decltype(&Heap::concurrentScavenge)'
Source,../repos/incubator-weex/weex_core/Source/include/wtf/IteratorAdaptors.h,"(55, 38)-(55, 73)",b'decltype(*std::declval<Iterator>())'
Source,../repos/incubator-weex/weex_core/Source/include/wtf/IteratorAdaptors.h,"(92, 38)-(92, 100)",b'decltype(std::declval<Transform>()(*std::decl...'
Source,../repos/incubator-weex/weex_core/Source/include/wtf/HashTraits.h,"(219, 72)-(219, 114)",b'decltype(X::customDeleteBucket(bucketArg))'
Source,../repos/incubator-weex/weex_core/Source/include/wtf/HashTraits.h,"(221, 13)-(221, 73)",b'decltype(TestHasCustomDelete(static_cast<Trai...'
Source,../repos/incubator-weex/weex_core/Source/include/wtf/StdLibExtras.h,"(399, 45)-(399, 116)",b'decltype(test(std::declval<typename std::remo...'
Source,../repos/incubator-weex/weex_core/Source/include/wtf/Variant.h,"(1305, 54)-(1306, 61)","b'decltype(\n    swap(std::declval<_Other &>(),s...'"
Source,../repos/incubator-weex/weex_core/Source/include/wtf/Variant.h,"(1852, 13)-(1852, 50)",b'decltype(std::declval<_Visitor&>()())'
Source,../repos/incubator-weex/weex_core/Source/include/wtf/Variant.h,"(1857, 13)-(1857, 72)",b'decltype(std::declval<_Visitor&>()(std::declv...'
Source,../repos/incubator-weex/weex_core/Source/include/wtf/Variant.h,"(1889, 13)-(1889, 86)",b'decltype(std::declval<_Visitor&>()(get<0>(std...'
Source,../repos/incubator-weex/weex_core/Source/include/wtf/Variant.h,"(2047, 35)-(2047, 106)",b'decltype(visit(makeVisitor(std::forward<F>(f)...'
Source,../repos/incubator-weex/weex_core/Source/include/wtf/Brigand.h,"(173, 7)-(173, 34)",b'decltype(M::at(type_<K>{}))'
Source,../repos/incubator-weex/weex_core/Source/include/wtf/Brigand.h,"(203, 16)-(203, 65)",b'decltype(at_impl<K>(static_cast<Pack*>(nullptr)))'
Source,../repos/incubator-weex/weex_core/Source/include/wtf/Brigand.h,"(206, 36)-(206, 85)",b'decltype(at_impl<K>(static_cast<Pack*>(nullptr)))'
Source,../repos/incubator-weex/weex_core/Source/include/wtf/Brigand.h,"(212, 36)-(212, 120)",b'decltype(static_cast<pair<typename P::first_t...'
Source,../repos/incubator-weex/weex_core/Source/include/wtf/Brigand.h,"(270, 7)-(270, 107)",b'decltype(element_at<brigand::filled_list<void...'
Source,../repos/incubator-weex/weex_core/Source/include/wtf/Brigand.h,"(283, 36)-(283, 73)","b'decltype(C::at(*p), std::true_type())'"
Source,../repos/incubator-weex/weex_core/Source/include/wtf/Brigand.h,"(286, 64)-(286, 97)","b'decltype(test<T, dummy>(nullptr))'"
Source,../repos/incubator-weex/weex_core/Source/include/wtf/Brigand.h,"(583, 20)-(585, 53)","b'decltype(pop_front_element<L, filled_list<\n  ...'"
Source,../repos/incubator-weex/weex_core/Source/include/wtf/Brigand.h,"(1473, 34)-(1473, 79)",b'decltype(true_fn(static_cast<Us>(Pack())...))'
Source,../repos/incubator-weex/weex_core/Source/include/wtf/Brigand.h,"(1475, 18)-(1475, 50)",b'decltype(is_set(type_<Ts>()...))'
Source,../repos/incubator-weex/weex_core/Source/include/wtf/Brigand.h,"(2215, 22)-(2215, 54)",b'decltype(C::has_key(type_<K>{}))'
Source,../repos/incubator-weex/weex_core/Source/include/wtf/Brigand.h,"(2287, 36)-(2287, 84)","b'decltype(C::erase(type_<P>{}), std::true_type())'"
Source,../repos/incubator-weex/weex_core/Source/include/wtf/Brigand.h,"(2290, 64)-(2290, 97)","b'decltype(test<T, dummy>(nullptr))'"
Source,../repos/incubator-weex/weex_core/Source/include/wtf/Brigand.h,"(2300, 22)-(2300, 52)",b'decltype(C::erase(type_<K>{}))'
Source,../repos/incubator-weex/weex_core/Source/include/wtf/Brigand.h,"(2313, 22)-(2313, 53)",b'decltype(C::insert(type_<T>{}))'
Source,../repos/incubator-weex/weex_core/Source/include/wtf/Brigand.h,"(2326, 22)-(2326, 55)",b'decltype(L::contains(type_<K>{}))'
Source,../repos/incubator-weex/weex_core/Source/include/wtf/Brigand.h,"(2351, 42)-(2351, 113)",b'decltype(static_cast<type_<K>*>(static_cast<m...'
Source,../repos/incubator-weex/weex_core/Source/include/wtf/Brigand.h,"(2355, 42)-(2355, 113)",b'decltype(static_cast<type_<K>*>(static_cast<m...'
Source,../repos/incubator-weex/weex_core/Source/include/wtf/Brigand.h,"(2361, 35)-(2361, 106)",b'decltype(static_cast<type_<K>*>(static_cast<m...'
Source,../repos/incubator-weex/weex_core/Source/include/wtf/IndexedContainerIterator.h,"(47, 49)-(47, 73)",b'decltype(&Container::at)'
Source,../repos/incubator-weex/weex_core/Source/third_party/json11/json11.hpp,"(105, 32)-(105, 53)",b'decltype(&T::to_json)'
Source,../repos/incubator-weex/weex_core/Source/third_party/json11/json11.hpp,"(110, 44)-(110, 86)",b'decltype(std::declval<M>().begin()->first)'
Source,../repos/incubator-weex/weex_core/Source/third_party/json11/json11.hpp,"(111, 40)-(111, 83)",b'decltype(std::declval<M>().begin()->second)'
Source,../repos/incubator-weex/weex_core/Source/third_party/json11/json11.hpp,"(117, 37)-(117, 73)",b'decltype(*std::declval<V>().begin())'
