Repo name,File name,Location,Content
foundationdb,../repos/foundationdb/bindings/c/test/apitester/TesterUtil.cpp,"(48, 9)-(48, 21)",b'static thread_local Random random;'
foundationdb,../repos/foundationdb/bindings/c/test/mako/blob_granules.cpp,"(27, 8)-(27, 20)",b'extern thread_local mako::Logger logr;'
foundationdb,../repos/foundationdb/bindings/c/test/mako/mako.cpp,"(91, 1)-(91, 13)",b'thread_local Logger logr = Logger(MainProcess...'
foundationdb,../repos/foundationdb/bindings/c/test/mako/admin_server.hpp,"(38, 8)-(38, 20)",b'extern thread_local mako::Logger logr;'
foundationdb,../repos/foundationdb/bindings/c/test/mako/async.cpp,"(30, 8)-(30, 20)",b'extern thread_local mako::Logger logr;'
foundationdb,../repos/foundationdb/bindings/c/test/mako/future.hpp,"(31, 8)-(31, 20)",b'extern thread_local mako::Logger logr;'
foundationdb,../repos/foundationdb/bindings/c/test/mako/admin_server.cpp,"(43, 8)-(43, 20)",b'extern thread_local mako::Logger logr;'
foundationdb,../repos/foundationdb/bindings/c/test/mako/operations.cpp,"(28, 8)-(28, 20)",b'extern thread_local mako::Logger logr;'
foundationdb,../repos/foundationdb/bindings/java/fdbJNI.cpp,"(51, 8)-(51, 20)",b'static thread_local JNIEnv* g_thread_jenv =\n ...'
foundationdb,../repos/foundationdb/bindings/java/fdbJNI.cpp,"(53, 8)-(53, 20)",b'static thread_local jmethodID g_IFutureCallba...'
foundationdb,../repos/foundationdb/bindings/java/fdbJNI.cpp,"(54, 8)-(54, 20)",b'static thread_local bool is_external = false;'
foundationdb,../repos/foundationdb/fdbserver/SkipList.cpp,"(39, 8)-(39, 20)",b'static thread_local uint32_t g_seed = 0;'
foundationdb,../repos/foundationdb/flow/FastAlloc.cpp,"(76, 10)-(76, 22)",b'INIT_SEG thread_local typename FastAllocator<...'
foundationdb,../repos/foundationdb/flow/FastAlloc.cpp,"(80, 9)-(80, 21)",b'static thread_local ThreadData threadData;'
foundationdb,../repos/foundationdb/flow/FastAlloc.cpp,"(146, 1)-(146, 13)",b'thread_local bool memSample_entered = false;'
foundationdb,../repos/foundationdb/flow/FastAlloc.cpp,"(150, 1)-(150, 13)",b'thread_local bool inRecordAllocation = false;'
foundationdb,../repos/foundationdb/flow/Trace.cpp,"(62, 1)-(62, 13)",b'thread_local int g_allocation_tracing_disable...'
foundationdb,../repos/foundationdb/flow/Trace.cpp,"(64, 1)-(64, 13)",b'thread_local int failedLineOverflow = 0;'
foundationdb,../repos/foundationdb/flow/Trace.cpp,"(1269, 1)-(1269, 13)",b'thread_local uint64_t threadId = 0;'
foundationdb,../repos/foundationdb/flow/Trace.cpp,"(1398, 1)-(1398, 13)",b'thread_local bool BaseTraceEvent::networkThre...'
foundationdb,../repos/foundationdb/flow/Platform.actor.cpp,"(3784, 1)-(3784, 13)",b'thread_local bool profileThread = false;'
foundationdb,../repos/foundationdb/flow/Platform.actor.cpp,"(3795, 10)-(3795, 22)",b'volatile thread_local bool flowProfilingEnabl...'
foundationdb,../repos/foundationdb/flow/include/flow/FastAlloc.h,"(92, 8)-(92, 20)",b'extern thread_local bool memSample_entered;'
foundationdb,../repos/foundationdb/flow/include/flow/FastAlloc.h,"(148, 9)-(148, 21)",b'static thread_local ThreadDataInit threadDataInit;'
foundationdb,../repos/foundationdb/flow/include/flow/flat_buffers.h,"(668, 9)-(668, 21)",b'static thread_local VTable table =\n\t    gener...'
foundationdb,../repos/foundationdb/flow/include/flow/flat_buffers.h,"(797, 9)-(797, 21)",b'static thread_local VTableSet result = get_vt...'
foundationdb,../repos/foundationdb/flow/include/flow/flow.h,"(728, 8)-(728, 20)",b'extern thread_local LineageReference* current...'
foundationdb,../repos/foundationdb/flow/include/flow/Trace.h,"(56, 8)-(56, 20)",b'extern thread_local int g_allocation_tracing_...'
foundationdb,../repos/foundationdb/flow/include/flow/Trace.h,"(457, 9)-(457, 21)",b'static thread_local bool networkThread;'
foundationdb,../repos/foundationdb/flow/flow.cpp,"(44, 1)-(44, 13)",b'thread_local LineageReference* currentLineage...'
foundationdb,../repos/foundationdb/flow/flow.cpp,"(105, 1)-(105, 13)",b'thread_local Reference<IRandom> seededRandom;'
foundationdb,../repos/foundationdb/flow/flow.cpp,"(127, 9)-(127, 21)",b'static thread_local Reference<IRandom> random;'
foundationdb,../repos/foundationdb/flow/Profiler.actor.cpp,"(36, 17)-(36, 29)",b'extern volatile thread_local int flowProfilin...'
foundationdb,../repos/foundationdb/flow/flat_buffers.cpp,"(37, 1)-(37, 13)",b'thread_local std::vector<int> gWriteToOffsets...'
foundationdb,../repos/foundationdb/flow/ActorContext.cpp,"(18, 9)-(18, 21)",b'static thread_local ActorID actorID = INIT_AC...'
foundationdb,../repos/foundationdb/flow/Net2.actor.cpp,"(126, 1)-(126, 13)",b'thread_local INetwork* thread_network = nullptr;'
foundationdb,../repos/foundationdb/flow/IThreadPool.cpp,"(45, 10)-(45, 22)",b'static thread_local IThreadPoolReceiver* thre...'
foundationdb,../repos/foundationdb/flow/IThreadPool.cpp,"(132, 1)-(132, 13)",b'thread_local IThreadPoolReceiver* ThreadPool:...'
foundationdb,../repos/foundationdb/fdbrpc/sim2.actor.cpp,"(73, 1)-(73, 13)",b'thread_local ISimulator::ProcessInfo* ISimula...'
foundationdb,../repos/foundationdb/fdbrpc/include/fdbrpc/simulator.h,"(430, 9)-(430, 21)",b'static thread_local ProcessInfo* currentProcess;'
