Repo name,File name,Location,Content
foundationdb,../repos/foundationdb/contrib/stacktrace/stacktrace.amalgamation.cpp,"(1860, 61)-(1860, 69)",b'const volatile void* lock'
foundationdb,../repos/foundationdb/contrib/stacktrace/stacktrace.amalgamation.cpp,"(1861, 67)-(1861, 75)",b'const volatile void* lock'
foundationdb,../repos/foundationdb/contrib/stacktrace/stacktrace.amalgamation.cpp,"(1862, 62)-(1862, 70)",b'const volatile void* lock'
foundationdb,../repos/foundationdb/contrib/stacktrace/stacktrace.amalgamation.cpp,"(1863, 63)-(1863, 71)",b'const volatile void* lock'
foundationdb,../repos/foundationdb/contrib/stacktrace/stacktrace.amalgamation.cpp,"(1864, 63)-(1864, 71)",b'const volatile void* lock'
foundationdb,../repos/foundationdb/contrib/stacktrace/stacktrace.amalgamation.cpp,"(1865, 59)-(1865, 67)",b'const volatile void* address'
foundationdb,../repos/foundationdb/contrib/stacktrace/stacktrace.amalgamation.cpp,"(1868, 36)-(1868, 44)",b'const volatile void* address'
foundationdb,../repos/foundationdb/contrib/stacktrace/stacktrace.amalgamation.cpp,"(1873, 68)-(1873, 76)",b'const volatile void* mem'
foundationdb,../repos/foundationdb/contrib/stacktrace/stacktrace.amalgamation.cpp,"(1874, 70)-(1874, 78)",b'const volatile void* mem'
foundationdb,../repos/foundationdb/contrib/stacktrace/stacktrace.amalgamation.cpp,"(1957, 42)-(1957, 50)",b'const volatile T& x'
foundationdb,../repos/foundationdb/contrib/stacktrace/stacktrace.amalgamation.cpp,"(2133, 2)-(2133, 10)",b'volatile int x = 0;'
foundationdb,../repos/foundationdb/contrib/stacktrace/stacktrace.amalgamation.cpp,"(2851, 51)-(2851, 59)",b'const volatile void*'
foundationdb,../repos/foundationdb/contrib/stacktrace/stacktrace.amalgamation.cpp,"(2852, 52)-(2852, 60)",b'const volatile void*'
foundationdb,../repos/foundationdb/contrib/stacktrace/stacktrace.amalgamation.cpp,"(2853, 53)-(2853, 61)",b'const volatile void*'
foundationdb,../repos/foundationdb/contrib/stacktrace/stacktrace.amalgamation.cpp,"(2854, 53)-(2854, 61)",b'const volatile void*'
foundationdb,../repos/foundationdb/contrib/stacktrace/stacktrace.amalgamation.cpp,"(2855, 49)-(2855, 57)",b'const volatile void*'
foundationdb,../repos/foundationdb/contrib/stacktrace/stacktrace.amalgamation.cpp,"(2856, 54)-(2856, 62)",b'const volatile void*'
foundationdb,../repos/foundationdb/contrib/stacktrace/stacktrace.amalgamation.cpp,"(2863, 58)-(2863, 66)",b'const volatile void* mem'
foundationdb,../repos/foundationdb/contrib/stacktrace/stacktrace.amalgamation.cpp,"(2872, 60)-(2872, 68)",b'const volatile void* mem'
foundationdb,../repos/foundationdb/contrib/stacktrace/stacktrace.amalgamation.cpp,"(2895, 9)-(2895, 17)",b'static volatile int running_on_valgrind = -1;'
foundationdb,../repos/foundationdb/contrib/stacktrace/stacktrace.amalgamation.cpp,"(2908, 9)-(2908, 17)",b'static volatile double slowdown = 0.0;'
foundationdb,../repos/foundationdb/contrib/rapidjson/rapidjson/document.h,"(1008, 4)-(1008, 12)",b'volatile double d = static_cast<double>(u);'
foundationdb,../repos/foundationdb/contrib/rapidjson/rapidjson/document.h,"(1014, 4)-(1014, 12)",b'volatile double d = static_cast<double>(i);'
foundationdb,../repos/foundationdb/contrib/fmt-8.1.1/include/fmt/format.h,"(88, 3)-(88, 11)",b'volatile bool b = true;'
foundationdb,../repos/foundationdb/contrib/sqlite/sqliteInt.h,"(857, 3)-(857, 11)",b'volatile int isInterrupted;'
foundationdb,../repos/foundationdb/contrib/sqlite/sqlite3.amalgamation.c,"(2440, 68)-(2440, 76)",b'void volatile **'
foundationdb,../repos/foundationdb/contrib/sqlite/sqlite3.amalgamation.c,"(2738, 5)-(2738, 13)",b'volatile int isInterrupted;'
foundationdb,../repos/foundationdb/contrib/sqlite/shell.c,"(222, 8)-(222, 16)",b'static volatile int seenInterrupt = 0;'
foundationdb,../repos/foundationdb/contrib/sqlite/sqlite3.h,"(685, 61)-(685, 69)",b'void volatile**'
foundationdb,../repos/foundationdb/contrib/debug_determinism/debug_determinism.cpp,"(9, 9)-(9, 17)",b'static volatile uint64_t x = 0;'
foundationdb,../repos/foundationdb/fdbclient/include/fdbclient/MultiVersionTransaction.h,"(1242, 2)-(1242, 10)",b'volatile bool networkSetup;'
foundationdb,../repos/foundationdb/fdbclient/include/fdbclient/MultiVersionTransaction.h,"(1244, 2)-(1244, 10)",b'volatile bool bypassMultiClientApi;'
foundationdb,../repos/foundationdb/fdbclient/include/fdbclient/MultiVersionTransaction.h,"(1245, 2)-(1245, 10)",b'volatile bool externalClient;'
foundationdb,../repos/foundationdb/fdbclient/include/fdbclient/MultiVersionTransaction.h,"(1260, 2)-(1260, 10)",b'volatile bool envOptionsLoaded;'
foundationdb,../repos/foundationdb/fdbclient/MultiVersionTransaction.actor.cpp,"(3794, 2)-(3794, 10)",b'volatile bool* done = (volatile bool*)arg;'
foundationdb,../repos/foundationdb/fdbclient/MultiVersionTransaction.actor.cpp,"(3794, 25)-(3794, 33)",b'volatile bool*'
foundationdb,../repos/foundationdb/fdbclient/MultiVersionTransaction.actor.cpp,"(3874, 8)-(3874, 16)",b'state volatile bool done = false;'
foundationdb,../repos/foundationdb/fdbclient/MultiVersionTransaction.actor.cpp,"(3951, 8)-(3951, 16)",b'state volatile bool done = false;'
foundationdb,../repos/foundationdb/fdbclient/MultiVersionTransaction.actor.cpp,"(3995, 8)-(3995, 16)",b'state volatile bool done = false;'
foundationdb,../repos/foundationdb/fdbclient/MultiVersionTransaction.actor.cpp,"(4034, 8)-(4034, 16)",b'state volatile bool done = false;'
foundationdb,../repos/foundationdb/fdbserver/KeyValueStoreSQLite.actor.cpp,"(1604, 2)-(1604, 10)",b'volatile int64_t counter;'
foundationdb,../repos/foundationdb/fdbserver/KeyValueStoreSQLite.actor.cpp,"(1662, 2)-(1662, 10)",b'volatile int64_t writesComplete;'
foundationdb,../repos/foundationdb/fdbserver/KeyValueStoreSQLite.actor.cpp,"(1663, 2)-(1663, 10)",b'volatile SpringCleaningStats springCleaningStats;'
foundationdb,../repos/foundationdb/fdbserver/KeyValueStoreSQLite.actor.cpp,"(1664, 2)-(1664, 10)",b'volatile int64_t diskBytesUsed;'
foundationdb,../repos/foundationdb/fdbserver/KeyValueStoreSQLite.actor.cpp,"(1665, 2)-(1665, 10)",b'volatile int64_t freeListPages;'
foundationdb,../repos/foundationdb/fdbserver/KeyValueStoreSQLite.actor.cpp,"(1769, 3)-(1769, 11)",b'volatile int64_t& writesComplete;'
foundationdb,../repos/foundationdb/fdbserver/KeyValueStoreSQLite.actor.cpp,"(1770, 3)-(1770, 11)",b'volatile SpringCleaningStats& springCleaningStats;'
foundationdb,../repos/foundationdb/fdbserver/KeyValueStoreSQLite.actor.cpp,"(1771, 3)-(1771, 11)",b'volatile int64_t& diskBytesUsed;'
foundationdb,../repos/foundationdb/fdbserver/KeyValueStoreSQLite.actor.cpp,"(1772, 3)-(1772, 11)",b'volatile int64_t& freeListPages;'
foundationdb,../repos/foundationdb/fdbserver/KeyValueStoreSQLite.actor.cpp,"(1782, 19)-(1782, 27)",b'volatile int64_t& writesComplete'
foundationdb,../repos/foundationdb/fdbserver/KeyValueStoreSQLite.actor.cpp,"(1783, 19)-(1783, 27)",b'volatile SpringCleaningStats& springCleaningStats'
foundationdb,../repos/foundationdb/fdbserver/KeyValueStoreSQLite.actor.cpp,"(1784, 19)-(1784, 27)",b'volatile int64_t& diskBytesUsed'
foundationdb,../repos/foundationdb/fdbserver/KeyValueStoreSQLite.actor.cpp,"(1785, 19)-(1785, 27)",b'volatile int64_t& freeListPages'
foundationdb,../repos/foundationdb/fdbserver/VFSAsync.cpp,"(336, 29)-(336, 37)",b'void volatile** pp'
foundationdb,../repos/foundationdb/flow/FastAlloc.cpp,"(145, 1)-(145, 9)",b'volatile int32_t FastAllocator<Size>::pageCount;'
foundationdb,../repos/foundationdb/flow/Platform.actor.cpp,"(3764, 8)-(3764, 16)",b'extern volatile void** net2backtraces;'
foundationdb,../repos/foundationdb/flow/Platform.actor.cpp,"(3765, 8)-(3765, 16)",b'extern volatile size_t net2backtraces_offset;'
foundationdb,../repos/foundationdb/flow/Platform.actor.cpp,"(3766, 8)-(3766, 16)",b'extern volatile size_t net2backtraces_max;'
foundationdb,../repos/foundationdb/flow/Platform.actor.cpp,"(3767, 8)-(3767, 16)",b'extern volatile bool net2backtraces_overflow;'
foundationdb,../repos/foundationdb/flow/Platform.actor.cpp,"(3768, 8)-(3768, 16)",b'extern volatile int net2backtraces_count;'
foundationdb,../repos/foundationdb/flow/Platform.actor.cpp,"(3788, 1)-(3788, 9)",b'volatile int64_t profileThreadId = -1;'
foundationdb,../repos/foundationdb/flow/Platform.actor.cpp,"(3794, 1)-(3794, 9)",b'volatile bool profilingEnabled = 1;'
foundationdb,../repos/foundationdb/flow/Platform.actor.cpp,"(3795, 1)-(3795, 9)",b'volatile thread_local bool flowProfilingEnabl...'
foundationdb,../repos/foundationdb/flow/Platform.actor.cpp,"(3797, 1)-(3797, 9)",b'volatile int64_t numProfilesDisabled = 0;'
foundationdb,../repos/foundationdb/flow/Platform.actor.cpp,"(3798, 1)-(3798, 9)",b'volatile int64_t numProfilesOverflowed = 0;'
foundationdb,../repos/foundationdb/flow/Platform.actor.cpp,"(3799, 1)-(3799, 9)",b'volatile int64_t numProfilesCaptured = 0;'
foundationdb,../repos/foundationdb/flow/Platform.actor.cpp,"(3854, 36)-(3854, 44)",b'volatile ProfilingSample*'
foundationdb,../repos/foundationdb/flow/include/flow/FastAlloc.h,"(119, 9)-(119, 17)",b'static volatile int32_t pageCount;'
foundationdb,../repos/foundationdb/flow/include/flow/Platform.h,"(539, 44)-(539, 52)",b'volatile int32_t* a'
foundationdb,../repos/foundationdb/flow/include/flow/Platform.h,"(542, 46)-(542, 54)",b'volatile int64_t* a'
foundationdb,../repos/foundationdb/flow/include/flow/Platform.h,"(545, 44)-(545, 52)",b'volatile int32_t* a'
foundationdb,../repos/foundationdb/flow/include/flow/Platform.h,"(548, 46)-(548, 54)",b'volatile int64_t* a'
foundationdb,../repos/foundationdb/flow/include/flow/Platform.h,"(551, 50)-(551, 58)",b'volatile int32_t* a'
foundationdb,../repos/foundationdb/flow/include/flow/Platform.h,"(554, 48)-(554, 56)",b'volatile int64_t* a'
foundationdb,../repos/foundationdb/flow/include/flow/Platform.h,"(557, 45)-(557, 53)",b'volatile int64_t* a'
foundationdb,../repos/foundationdb/flow/include/flow/Platform.h,"(560, 39)-(560, 47)",b'volatile int64_t* a'
foundationdb,../repos/foundationdb/flow/include/flow/Platform.h,"(567, 44)-(567, 52)",b'volatile int32_t* a'
foundationdb,../repos/foundationdb/flow/include/flow/Platform.h,"(570, 46)-(570, 54)",b'volatile int64_t* a'
foundationdb,../repos/foundationdb/flow/include/flow/Platform.h,"(573, 44)-(573, 52)",b'volatile int32_t* a'
foundationdb,../repos/foundationdb/flow/include/flow/Platform.h,"(576, 46)-(576, 54)",b'volatile int64_t* a'
foundationdb,../repos/foundationdb/flow/include/flow/Platform.h,"(579, 50)-(579, 58)",b'volatile int32_t* a'
foundationdb,../repos/foundationdb/flow/include/flow/Platform.h,"(582, 48)-(582, 56)",b'volatile int64_t* a'
foundationdb,../repos/foundationdb/flow/include/flow/Platform.h,"(585, 45)-(585, 53)",b'volatile int64_t* a'
foundationdb,../repos/foundationdb/flow/include/flow/Platform.h,"(589, 39)-(589, 47)",b'volatile int64_t* a'
foundationdb,../repos/foundationdb/flow/include/flow/Platform.h,"(597, 44)-(597, 52)",b'* volatile* a'
foundationdb,../repos/foundationdb/flow/include/flow/Platform.h,"(599, 36)-(599, 44)",b'volatile int64_t*'
foundationdb,../repos/foundationdb/flow/include/flow/Platform.h,"(604, 52)-(604, 60)",b'volatile int64_t* p'
foundationdb,../repos/foundationdb/flow/include/flow/Platform.h,"(607, 50)-(607, 58)",b'volatile int64_t* p'
foundationdb,../repos/foundationdb/flow/include/flow/Platform.h,"(610, 50)-(610, 58)",b'volatile int64_t* p'
foundationdb,../repos/foundationdb/flow/include/flow/Platform.h,"(613, 49)-(613, 57)",b'volatile int64_t* p'
foundationdb,../repos/foundationdb/flow/include/flow/Platform.h,"(616, 43)-(616, 51)",b'volatile int64_t* p'
foundationdb,../repos/foundationdb/flow/include/flow/Platform.h,"(619, 44)-(619, 52)",b'volatile int64_t* p'
foundationdb,../repos/foundationdb/flow/include/flow/Traceable.h,"(103, 18)-(103, 26)",b'volatile long'
foundationdb,../repos/foundationdb/flow/include/flow/Traceable.h,"(104, 18)-(104, 26)",b'volatile unsigned long'
foundationdb,../repos/foundationdb/flow/include/flow/Traceable.h,"(105, 18)-(105, 26)",b'volatile long long'
foundationdb,../repos/foundationdb/flow/include/flow/Traceable.h,"(106, 18)-(106, 26)",b'volatile unsigned long long'
foundationdb,../repos/foundationdb/flow/include/flow/Traceable.h,"(107, 18)-(107, 26)",b'volatile double'
foundationdb,../repos/foundationdb/flow/Profiler.actor.cpp,"(36, 8)-(36, 16)",b'extern volatile thread_local int flowProfilin...'
foundationdb,../repos/foundationdb/flow/Net2.actor.cpp,"(89, 1)-(89, 9)",b'volatile size_t net2backtraces_max = 10000;'
foundationdb,../repos/foundationdb/flow/Net2.actor.cpp,"(90, 1)-(90, 9)",b'volatile void** volatile net2backtraces = nullptr;'
foundationdb,../repos/foundationdb/flow/Net2.actor.cpp,"(90, 17)-(90, 25)",b'* volatile net2backtraces'
foundationdb,../repos/foundationdb/flow/Net2.actor.cpp,"(91, 1)-(91, 9)",b'volatile size_t net2backtraces_offset = 0;'
foundationdb,../repos/foundationdb/flow/Net2.actor.cpp,"(92, 1)-(92, 9)",b'volatile bool net2backtraces_overflow = false;'
foundationdb,../repos/foundationdb/flow/Net2.actor.cpp,"(93, 1)-(93, 9)",b'volatile int net2backtraces_count = 0;'
foundationdb,../repos/foundationdb/flow/Net2.actor.cpp,"(95, 1)-(95, 9)",b'volatile void** other_backtraces = nullptr;'
foundationdb,../repos/foundationdb/flow/Net2.actor.cpp,"(1606, 5)-(1606, 13)",b'volatile void** _traces = net2backtraces;'
foundationdb,../repos/foundationdb/flow/IThreadPool.cpp,"(73, 2)-(73, 10)",b'volatile int mode;'
foundationdb,../repos/foundationdb/fdbrpc/dsltest.actor.cpp,"(403, 2)-(403, 10)",b'volatile int32_t v = 0;'
foundationdb,../repos/foundationdb/fdbrpc/dsltest.actor.cpp,"(563, 1)-(563, 9)","b'volatile int32_t cancelled = 0, returned = 0;'"
foundationdb,../repos/foundationdb/fdbrpc/dsltest.actor.cpp,"(602, 10)-(602, 18)",b'volatile int32_t dummy = 0;'
foundationdb,../repos/foundationdb/fdbrpc/libeio/eio.c,"(1212, 9)-(1212, 17)",b'volatile sig_atomic_t*'
foundationdb,../repos/foundationdb/fdbrpc/libeio/eio.c,"(1216, 9)-(1216, 17)",b'volatile sig_atomic_t*'
foundationdb,../repos/foundationdb/fdbrpc/libeio/eio.h,"(238, 10)-(238, 18)",b'eio_req volatile* next;'
foundationdb,../repos/foundationdb/fdbmonitor/fdbmonitor.cpp,"(844, 1)-(844, 9)",b'volatile int exit_signal = 0;'
foundationdb,../repos/foundationdb/fdbmonitor/fdbmonitor.cpp,"(853, 1)-(853, 9)",b'volatile bool child_exited = false;'
