Repo name,File name,Location,Content
foundationdb,../repos/foundationdb/contrib/fmt-8.1.1/include/fmt/chrono.h,"(968, 23)-(968, 31)",b'tm_sec() const noexcept -> int'
foundationdb,../repos/foundationdb/contrib/fmt-8.1.1/include/fmt/chrono.h,"(972, 23)-(972, 31)",b'tm_min() const noexcept -> int'
foundationdb,../repos/foundationdb/contrib/fmt-8.1.1/include/fmt/chrono.h,"(976, 24)-(976, 32)",b'tm_hour() const noexcept -> int'
foundationdb,../repos/foundationdb/contrib/fmt-8.1.1/include/fmt/chrono.h,"(980, 24)-(980, 32)",b'tm_mday() const noexcept -> int'
foundationdb,../repos/foundationdb/contrib/fmt-8.1.1/include/fmt/chrono.h,"(984, 23)-(984, 31)",b'tm_mon() const noexcept -> int'
foundationdb,../repos/foundationdb/contrib/fmt-8.1.1/include/fmt/chrono.h,"(988, 24)-(988, 32)",b'tm_year() const noexcept -> long long'
foundationdb,../repos/foundationdb/contrib/fmt-8.1.1/include/fmt/chrono.h,"(989, 24)-(989, 32)",b'tm_wday() const noexcept -> int'
foundationdb,../repos/foundationdb/contrib/fmt-8.1.1/include/fmt/chrono.h,"(993, 24)-(993, 32)",b'tm_yday() const noexcept -> int'
foundationdb,../repos/foundationdb/contrib/fmt-8.1.1/include/fmt/chrono.h,"(998, 26)-(998, 34)",b'tm_hour12() const noexcept -> int'
foundationdb,../repos/foundationdb/contrib/fmt-8.1.1/include/fmt/chrono.h,"(1008, 47)-(1008, 55)",b'split_year_lower(long long year) const noexce...'
foundationdb,../repos/foundationdb/contrib/fmt-8.1.1/include/fmt/chrono.h,"(1016, 50)-(1016, 58)",b'iso_year_weeks(long long curr_year) const noe...'
foundationdb,../repos/foundationdb/contrib/fmt-8.1.1/include/fmt/chrono.h,"(1026, 53)-(1026, 61)","b'iso_week_num(int tm_yday, int tm_wday) const ...'"
foundationdb,../repos/foundationdb/contrib/fmt-8.1.1/include/fmt/chrono.h,"(1030, 33)-(1030, 41)",b'tm_iso_week_year() const noexcept -> long long'
foundationdb,../repos/foundationdb/contrib/fmt-8.1.1/include/fmt/chrono.h,"(1037, 36)-(1037, 44)",b'tm_iso_week_of_year() const noexcept -> int'
foundationdb,../repos/foundationdb/contrib/fmt-8.1.1/include/fmt/chrono.h,"(1834, 43)-(1834, 51)",b'weekday(unsigned wd) noexcept'
foundationdb,../repos/foundationdb/contrib/fmt-8.1.1/include/fmt/chrono.h,"(1836, 41)-(1836, 49)",b'c_encoding() const noexcept'
foundationdb,../repos/foundationdb/contrib/fmt-8.1.1/include/fmt/core.h,"(2277, 59)-(2277, 67)","b'parse_nonnegative_int(const Char*& begin, con...'"
foundationdb,../repos/foundationdb/bindings/c/test/mako/mako.hpp,"(148, 38)-(148, 46)",b'isAuthorizationEnabled() const noexcept'
foundationdb,../repos/foundationdb/bindings/c/test/mako/mako.cpp,"(1716, 48)-(1716, 56)",b'Arguments::isAuthorizationEnabled() const noexcept'
foundationdb,../repos/foundationdb/bindings/c/test/mako/shm.hpp,"(49, 80)-(49, 88)","b'storageSize(int num_processes, int num_thread...'"
foundationdb,../repos/foundationdb/bindings/c/test/mako/shm.hpp,"(69, 68)-(69, 76)","b'workerStatsSlot(void* shm_base,\n\t            ...'"
foundationdb,../repos/foundationdb/bindings/c/test/mako/shm.hpp,"(78, 66)-(78, 74)","b'threadStatsSlot(void* shm_base,\n\t            ...'"
foundationdb,../repos/foundationdb/bindings/c/test/mako/shm.hpp,"(90, 69)-(90, 77)","b'processStatsSlot(void* shm_base,\n\t           ...'"
foundationdb,../repos/foundationdb/bindings/c/test/mako/shm.hpp,"(100, 73)-(100, 81)","b'Access(void* shm, int num_processes, int num_...'"
foundationdb,../repos/foundationdb/bindings/c/test/mako/shm.hpp,"(103, 11)-(103, 19)",b'Access() noexcept'
foundationdb,../repos/foundationdb/bindings/c/test/mako/shm.hpp,"(105, 24)-(105, 32)",b'Access(const Access&) noexcept'
foundationdb,../repos/foundationdb/bindings/c/test/mako/shm.hpp,"(107, 35)-(107, 43)",b'operator=(const Access&) noexcept'
foundationdb,../repos/foundationdb/bindings/c/test/mako/shm.hpp,"(109, 22)-(109, 30)",b'size() const noexcept'
foundationdb,../repos/foundationdb/bindings/c/test/mako/shm.hpp,"(111, 20)-(111, 28)",b'initMemory() noexcept'
foundationdb,../repos/foundationdb/bindings/c/test/mako/shm.hpp,"(126, 36)-(126, 44)",b'headerConst() const noexcept'
foundationdb,../repos/foundationdb/bindings/c/test/mako/shm.hpp,"(128, 25)-(128, 33)",b'header() const noexcept'
foundationdb,../repos/foundationdb/bindings/c/test/mako/shm.hpp,"(130, 58)-(130, 66)",b'workerStatsConstArray() const noexcept'
foundationdb,../repos/foundationdb/bindings/c/test/mako/shm.hpp,"(134, 47)-(134, 55)",b'workerStatsArray() const noexcept'
foundationdb,../repos/foundationdb/bindings/c/test/mako/shm.hpp,"(138, 88)-(138, 96)","b'workerStatsConstSlot(int process_idx, int wor...'"
foundationdb,../repos/foundationdb/bindings/c/test/mako/shm.hpp,"(142, 77)-(142, 85)","b'workerStatsSlot(int process_idx, int worker_i...'"
foundationdb,../repos/foundationdb/bindings/c/test/mako/shm.hpp,"(146, 56)-(146, 64)",b'threadStatsConstArray() const noexcept'
foundationdb,../repos/foundationdb/bindings/c/test/mako/shm.hpp,"(150, 45)-(150, 53)",b'threadStatsArray() const noexcept'
foundationdb,../repos/foundationdb/bindings/c/test/mako/shm.hpp,"(154, 86)-(154, 94)","b'threadStatsConstSlot(int process_idx, int thr...'"
foundationdb,../repos/foundationdb/bindings/c/test/mako/shm.hpp,"(158, 75)-(158, 83)","b'threadStatsSlot(int process_idx, int thread_i...'"
foundationdb,../repos/foundationdb/bindings/c/test/mako/shm.hpp,"(162, 58)-(162, 66)",b'processStatsConstArray() const noexcept'
foundationdb,../repos/foundationdb/bindings/c/test/mako/shm.hpp,"(166, 47)-(166, 55)",b'processStatsArray() const noexcept'
foundationdb,../repos/foundationdb/bindings/c/test/mako/shm.hpp,"(170, 72)-(170, 80)",b'processStatsConstSlot(int process_idx) const ...'
foundationdb,../repos/foundationdb/bindings/c/test/mako/shm.hpp,"(174, 61)-(174, 69)",b'processStatsSlot(int process_idx) const noexcept'
foundationdb,../repos/foundationdb/bindings/c/test/mako/operations.hpp,"(46, 40)-(46, 48)",b'isAbstractOp(int op) noexcept'
foundationdb,../repos/foundationdb/bindings/c/test/mako/operations.hpp,"(75, 32)-(75, 40)",b'name() const noexcept'
foundationdb,../repos/foundationdb/bindings/c/test/mako/operations.hpp,"(77, 36)-(77, 44)",b'stepKind(int step) const noexcept'
foundationdb,../repos/foundationdb/bindings/c/test/mako/operations.hpp,"(82, 44)-(82, 52)",b'stepFunction(int step) const noexcept'
foundationdb,../repos/foundationdb/bindings/c/test/mako/operations.hpp,"(84, 52)-(84, 60)",b'postStepFunction(int step) const noexcept'
foundationdb,../repos/foundationdb/bindings/c/test/mako/operations.hpp,"(86, 20)-(86, 28)",b'steps() const noexcept'
foundationdb,../repos/foundationdb/bindings/c/test/mako/operations.hpp,"(88, 27)-(88, 35)",b'needsCommit() const noexcept'
foundationdb,../repos/foundationdb/bindings/c/test/mako/operations.hpp,"(102, 49)-(102, 57)",b'operator==(const OpIterator& other) const noexcept'
foundationdb,../repos/foundationdb/bindings/c/test/mako/operations.hpp,"(106, 49)-(106, 57)",b'operator!=(const OpIterator& other) const noexcept'
foundationdb,../repos/foundationdb/bindings/c/test/mako/operations.hpp,"(108, 28)-(108, 36)",b'stepKind() const noexcept'
foundationdb,../repos/foundationdb/bindings/c/test/mako/operations.hpp,"(110, 29)-(110, 37)",b'opName() const noexcept'
foundationdb,../repos/foundationdb/bindings/c/test/mako/operations.hpp,"(115, 59)-(115, 67)",b'getOpBegin(Arguments const& args) noexcept'
foundationdb,../repos/foundationdb/bindings/c/test/mako/operations.hpp,"(124, 78)-(124, 86)","b'getOpNext(Arguments const& args, OpIterator c...'"
foundationdb,../repos/foundationdb/bindings/c/test/mako/async.hpp,"(114, 19)-(114, 27)",b'signalEnd() noexcept'
foundationdb,../repos/foundationdb/bindings/c/test/mako/async.hpp,"(115, 15)-(115, 23)",b'ended() noexcept'
foundationdb,../repos/foundationdb/bindings/c/test/mako/admin_server.hpp,"(169, 24)-(169, 32)",b'isClient() const noexcept'
foundationdb,../repos/foundationdb/bindings/c/test/mako/logger.hpp,"(69, 37)-(69, 45)","b'Logger(MainProcess, int verbosity) noexcept'"
foundationdb,../repos/foundationdb/bindings/c/test/mako/logger.hpp,"(71, 38)-(71, 46)","b'Logger(StatsProcess, int verbosity) noexcept'"
foundationdb,../repos/foundationdb/bindings/c/test/mako/logger.hpp,"(73, 38)-(73, 46)","b'Logger(AdminProcess, int verbosity) noexcept'"
foundationdb,../repos/foundationdb/bindings/c/test/mako/logger.hpp,"(75, 75)-(75, 83)","b'Logger(WorkerProcess, int verbosity, int proc...'"
foundationdb,../repos/foundationdb/bindings/c/test/mako/logger.hpp,"(78, 24)-(78, 32)",b'Logger(const Logger&) noexcept'
foundationdb,../repos/foundationdb/bindings/c/test/mako/logger.hpp,"(79, 35)-(79, 43)",b'operator=(const Logger&) noexcept'
foundationdb,../repos/foundationdb/bindings/c/test/mako/logger.hpp,"(81, 31)-(81, 39)",b'setVerbosity(int value) noexcept'
foundationdb,../repos/foundationdb/bindings/c/test/mako/logger.hpp,"(127, 38)-(127, 46)",b'isFor(ProcKind procKind) const noexcept'
foundationdb,../repos/foundationdb/bindings/c/test/mako/time.hpp,"(55, 14)-(55, 22)",b'Stopwatch() noexcept'
foundationdb,../repos/foundationdb/bindings/c/test/mako/time.hpp,"(56, 25)-(56, 33)",b'Stopwatch(StartAtCtor) noexcept'
foundationdb,../repos/foundationdb/bindings/c/test/mako/time.hpp,"(57, 36)-(57, 44)",b'Stopwatch(timepoint_t start_time) noexcept'
foundationdb,../repos/foundationdb/bindings/c/test/mako/time.hpp,"(58, 30)-(58, 38)",b'Stopwatch(const Stopwatch&) noexcept'
foundationdb,../repos/foundationdb/bindings/c/test/mako/time.hpp,"(59, 41)-(59, 49)",b'operator=(const Stopwatch&) noexcept'
foundationdb,../repos/foundationdb/bindings/c/test/mako/time.hpp,"(60, 31)-(60, 39)",b'getStart() const noexcept'
foundationdb,../repos/foundationdb/bindings/c/test/mako/time.hpp,"(61, 30)-(61, 38)",b'getStop() const noexcept'
foundationdb,../repos/foundationdb/bindings/c/test/mako/time.hpp,"(62, 15)-(62, 23)",b'start() noexcept'
foundationdb,../repos/foundationdb/bindings/c/test/mako/time.hpp,"(63, 20)-(63, 28)",b'stop() noexcept'
foundationdb,../repos/foundationdb/bindings/c/test/mako/time.hpp,"(67, 41)-(67, 49)",b'setStop(timepoint_t p_stop) noexcept'
foundationdb,../repos/foundationdb/bindings/c/test/mako/time.hpp,"(71, 23)-(71, 31)",b'startFromStop() noexcept'
foundationdb,../repos/foundationdb/bindings/c/test/mako/time.hpp,"(72, 20)-(72, 28)",b'diff() const noexcept'
foundationdb,../repos/foundationdb/bindings/c/test/mako/stats.hpp,"(104, 23)-(104, 31)",b'WorkflowStatistics() noexcept'
foundationdb,../repos/foundationdb/bindings/c/test/mako/stats.hpp,"(116, 36)-(116, 44)",b'getConflictCount() const noexcept'
foundationdb,../repos/foundationdb/bindings/c/test/mako/stats.hpp,"(118, 36)-(118, 44)",b'getOpCount(int op) const noexcept'
foundationdb,../repos/foundationdb/bindings/c/test/mako/stats.hpp,"(120, 39)-(120, 47)",b'getErrorCount(int op) const noexcept'
foundationdb,../repos/foundationdb/bindings/c/test/mako/stats.hpp,"(122, 41)-(122, 49)",b'getTimeoutCount(int op) const noexcept'
foundationdb,../repos/foundationdb/bindings/c/test/mako/stats.hpp,"(124, 38)-(124, 46)",b'getTotalErrorCount() const noexcept'
foundationdb,../repos/foundationdb/bindings/c/test/mako/stats.hpp,"(126, 40)-(126, 48)",b'getTotalTimeoutCount() const noexcept'
foundationdb,../repos/foundationdb/bindings/c/test/mako/stats.hpp,"(128, 47)-(128, 55)",b'getLatencySampleCount(int op) const noexcept'
foundationdb,../repos/foundationdb/bindings/c/test/mako/stats.hpp,"(130, 43)-(130, 51)",b'getLatencyUsTotal(int op) const noexcept'
foundationdb,../repos/foundationdb/bindings/c/test/mako/stats.hpp,"(132, 41)-(132, 49)",b'getLatencyUsMin(int op) const noexcept'
foundationdb,../repos/foundationdb/bindings/c/test/mako/stats.hpp,"(134, 41)-(134, 49)",b'getLatencyUsMax(int op) const noexcept'
foundationdb,../repos/foundationdb/bindings/c/test/mako/stats.hpp,"(138, 30)-(138, 38)",b'mean(int op) const noexcept'
foundationdb,../repos/foundationdb/bindings/c/test/mako/stats.hpp,"(155, 27)-(155, 35)",b'incrConflictCount() noexcept'
foundationdb,../repos/foundationdb/bindings/c/test/mako/stats.hpp,"(158, 27)-(158, 35)",b'incrOpCount(int op) noexcept'
foundationdb,../repos/foundationdb/bindings/c/test/mako/stats.hpp,"(160, 30)-(160, 38)",b'incrErrorCount(int op) noexcept'
foundationdb,../repos/foundationdb/bindings/c/test/mako/stats.hpp,"(165, 32)-(165, 40)",b'incrTimeoutCount(int op) noexcept'
foundationdb,../repos/foundationdb/bindings/c/test/mako/stats.hpp,"(170, 43)-(170, 51)","b'addLatency(int op, timediff_t diff) noexcept'"
foundationdb,../repos/foundationdb/bindings/c/test/mako/future.hpp,"(39, 36)-(39, 44)",b'LogContext(std::string_view step) noexcept'
foundationdb,../repos/foundationdb/bindings/c/test/mako/future.hpp,"(40, 71)-(40, 79)","b'LogContext(std::string_view step, bool transa...'"
foundationdb,../repos/foundationdb/bindings/c/test/fdb_api.hpp,"(147, 50)-(147, 58)",b'toBytePtr(char const* ptr) noexcept'
foundationdb,../repos/foundationdb/bindings/c/test/fdb_api.hpp,"(153, 48)-(153, 56)",b'toBytesRef(const StringLike<Char>& s) noexcept'
foundationdb,../repos/foundationdb/bindings/c/test/fdb_api.hpp,"(160, 48)-(160, 56)",b'toCharsRef(const StringLike<Char>& s) noexcept'
foundationdb,../repos/foundationdb/bindings/c/test/fdb_api.hpp,"(167, 63)-(167, 71)",b'toCharsRef(const std::optional<StringLike<Cha...'
foundationdb,../repos/foundationdb/bindings/c/test/fdb_api.hpp,"(205, 10)-(205, 18)",b'Error() noexcept'
foundationdb,../repos/foundationdb/bindings/c/test/fdb_api.hpp,"(207, 31)-(207, 39)",b'Error(CodeType err) noexcept'
foundationdb,../repos/foundationdb/bindings/c/test/fdb_api.hpp,"(209, 27)-(209, 35)",b'what() const noexcept'
foundationdb,../repos/foundationdb/bindings/c/test/fdb_api.hpp,"(211, 33)-(211, 41)",b'() const noexcept'
foundationdb,../repos/foundationdb/bindings/c/test/fdb_api.hpp,"(213, 32)-(213, 40)",b'is(CodeType other) const noexcept'
foundationdb,../repos/foundationdb/bindings/c/test/fdb_api.hpp,"(215, 24)-(215, 32)",b'code() const noexcept'
foundationdb,../repos/foundationdb/bindings/c/test/fdb_api.hpp,"(217, 25)-(217, 33)",b'retryable() const noexcept'
foundationdb,../repos/foundationdb/bindings/c/test/fdb_api.hpp,"(230, 50)-(230, 58)","b'extract(native::FDBFuture*, Type&) noexcept'"
foundationdb,../repos/foundationdb/bindings/c/test/fdb_api.hpp,"(234, 56)-(234, 64)","b'extract(native::FDBFuture* f, Type& out) noexcept'"
foundationdb,../repos/foundationdb/bindings/c/test/fdb_api.hpp,"(241, 56)-(241, 64)","b'extract(native::FDBFuture* f, Type& out) noexcept'"
foundationdb,../repos/foundationdb/bindings/c/test/fdb_api.hpp,"(247, 56)-(247, 64)","b'extract(native::FDBFuture* f, Type& out) noexcept'"
foundationdb,../repos/foundationdb/bindings/c/test/fdb_api.hpp,"(257, 56)-(257, 64)","b'extract(native::FDBFuture* f, Type& out) noexcept'"
foundationdb,../repos/foundationdb/bindings/c/test/fdb_api.hpp,"(268, 56)-(268, 64)","b'extract(native::FDBFuture* f, Type& out) noexcept'"
foundationdb,../repos/foundationdb/bindings/c/test/fdb_api.hpp,"(274, 26)-(274, 34)",b'key() const noexcept'
foundationdb,../repos/foundationdb/bindings/c/test/fdb_api.hpp,"(275, 30)-(275, 38)",b'value() const noexcept'
foundationdb,../repos/foundationdb/bindings/c/test/fdb_api.hpp,"(279, 56)-(279, 64)","b'extract(native::FDBFuture* f, Type& out) noexcept'"
foundationdb,../repos/foundationdb/bindings/c/test/fdb_api.hpp,"(289, 31)-(289, 39)",b'beginKey() const noexcept'
foundationdb,../repos/foundationdb/bindings/c/test/fdb_api.hpp,"(290, 29)-(290, 37)",b'endKey() const noexcept'
foundationdb,../repos/foundationdb/bindings/c/test/fdb_api.hpp,"(294, 56)-(294, 64)","b'extract(native::FDBFuture* f, Type& out) noexcept'"
foundationdb,../repos/foundationdb/bindings/c/test/fdb_api.hpp,"(303, 31)-(303, 39)",b'beginKey() const noexcept'
foundationdb,../repos/foundationdb/bindings/c/test/fdb_api.hpp,"(307, 29)-(307, 37)",b'endKey() const noexcept'
foundationdb,../repos/foundationdb/bindings/c/test/fdb_api.hpp,"(315, 56)-(315, 64)","b'extract(native::FDBFuture* f, Type& out) noexcept'"
foundationdb,../repos/foundationdb/bindings/c/test/fdb_api.hpp,"(326, 31)-(326, 39)",b'beginKey() const noexcept'
foundationdb,../repos/foundationdb/bindings/c/test/fdb_api.hpp,"(330, 29)-(330, 37)",b'endKey() const noexcept'
foundationdb,../repos/foundationdb/bindings/c/test/fdb_api.hpp,"(338, 56)-(338, 64)","b'extract(native::FDBFuture* f, Type& out) noexcept'"
foundationdb,../repos/foundationdb/bindings/c/test/fdb_api.hpp,"(347, 29)-(347, 37)",b'param1() const noexcept'
foundationdb,../repos/foundationdb/bindings/c/test/fdb_api.hpp,"(350, 29)-(350, 37)",b'param2() const noexcept'
foundationdb,../repos/foundationdb/bindings/c/test/fdb_api.hpp,"(373, 70)-(373, 78)","b'setOptionNothrow(FDBNetworkOption option, Byt...'"
foundationdb,../repos/foundationdb/bindings/c/test/fdb_api.hpp,"(377, 70)-(377, 78)","b'setOptionNothrow(FDBNetworkOption option, Cha...'"
foundationdb,../repos/foundationdb/bindings/c/test/fdb_api.hpp,"(381, 71)-(381, 79)","b'setOptionNothrow(FDBNetworkOption option, int...'"
foundationdb,../repos/foundationdb/bindings/c/test/fdb_api.hpp,"(386, 56)-(386, 64)",b'setOptionNothrow(FDBNetworkOption option) noexcept'
foundationdb,../repos/foundationdb/bindings/c/test/fdb_api.hpp,"(415, 29)-(415, 37)",b'setupNothrow() noexcept'
foundationdb,../repos/foundationdb/bindings/c/test/fdb_api.hpp,"(450, 61)-(450, 69)",b'getKeyValueArrayNothrow(KeyValueRefArray& out...'
foundationdb,../repos/foundationdb/bindings/c/test/fdb_api.hpp,"(466, 75)-(466, 83)",b'getGranuleMutationArrayNothrow(GranuleMutatio...'
foundationdb,../repos/foundationdb/bindings/c/test/fdb_api.hpp,"(493, 42)-(493, 50)",b'nativeHandle() const noexcept'
foundationdb,../repos/foundationdb/bindings/c/test/fdb_api.hpp,"(520, 11)-(520, 19)",b'Future() noexcept'
foundationdb,../repos/foundationdb/bindings/c/test/fdb_api.hpp,"(521, 24)-(521, 32)",b'Future(const Future&) noexcept'
foundationdb,../repos/foundationdb/bindings/c/test/fdb_api.hpp,"(522, 35)-(522, 43)",b'operator=(const Future&) noexcept'
foundationdb,../repos/foundationdb/bindings/c/test/fdb_api.hpp,"(524, 21)-(524, 29)",b'valid() const noexcept'
foundationdb,../repos/foundationdb/bindings/c/test/fdb_api.hpp,"(526, 33)-(526, 41)",b'() const noexcept'
foundationdb,../repos/foundationdb/bindings/c/test/fdb_api.hpp,"(528, 21)-(528, 29)",b'ready() const noexcept'
foundationdb,../repos/foundationdb/bindings/c/test/fdb_api.hpp,"(533, 32)-(533, 40)",b'blockUntilReady() const noexcept'
foundationdb,../repos/foundationdb/bindings/c/test/fdb_api.hpp,"(538, 22)-(538, 30)",b'error() const noexcept'
foundationdb,../repos/foundationdb/bindings/c/test/fdb_api.hpp,"(543, 16)-(543, 24)",b'cancel() noexcept'
foundationdb,../repos/foundationdb/bindings/c/test/fdb_api.hpp,"(557, 56)-(557, 64)",b'getNothrow(typename VarTraits::Type& var) con...'
foundationdb,../repos/foundationdb/bindings/c/test/fdb_api.hpp,"(584, 31)-(584, 39)",b'TypedFuture(const Future& f) noexcept'
foundationdb,../repos/foundationdb/bindings/c/test/fdb_api.hpp,"(589, 27)-(589, 35)",b'eraseType() const noexcept'
foundationdb,../repos/foundationdb/bindings/c/test/fdb_api.hpp,"(593, 45)-(593, 53)",b'getNothrow(ContainedType& out) const noexcept'
foundationdb,../repos/foundationdb/bindings/c/test/fdb_api.hpp,"(639, 16)-(639, 24)",b'Transaction() noexcept'
foundationdb,../repos/foundationdb/bindings/c/test/fdb_api.hpp,"(640, 34)-(640, 42)",b'Transaction(const Transaction&) noexcept'
foundationdb,../repos/foundationdb/bindings/c/test/fdb_api.hpp,"(641, 45)-(641, 53)",b'operator=(const Transaction&) noexcept'
foundationdb,../repos/foundationdb/bindings/c/test/fdb_api.hpp,"(651, 21)-(651, 29)",b'valid() const noexcept'
foundationdb,../repos/foundationdb/bindings/c/test/fdb_api.hpp,"(653, 33)-(653, 41)",b'() const noexcept'
foundationdb,../repos/foundationdb/bindings/c/test/fdb_api.hpp,"(655, 69)-(655, 77)","b'setOptionNothrow(FDBTransactionOption option,...'"
foundationdb,../repos/foundationdb/bindings/c/test/fdb_api.hpp,"(660, 68)-(660, 76)","b'setOptionNothrow(FDBTransactionOption option,...'"
foundationdb,../repos/foundationdb/bindings/c/test/fdb_api.hpp,"(664, 68)-(664, 76)","b'setOptionNothrow(FDBTransactionOption option,...'"
foundationdb,../repos/foundationdb/bindings/c/test/fdb_api.hpp,"(668, 54)-(668, 62)",b'setOptionNothrow(FDBTransactionOption option)...'
foundationdb,../repos/foundationdb/bindings/c/test/fdb_api.hpp,"(870, 24)-(870, 32)",b'Tenant(const Tenant&) noexcept'
foundationdb,../repos/foundationdb/bindings/c/test/fdb_api.hpp,"(871, 35)-(871, 43)",b'operator=(const Tenant&) noexcept'
foundationdb,../repos/foundationdb/bindings/c/test/fdb_api.hpp,"(872, 11)-(872, 19)",b'Tenant() noexcept'
foundationdb,../repos/foundationdb/bindings/c/test/fdb_api.hpp,"(978, 28)-(978, 36)",b'Database(const Database&) noexcept'
foundationdb,../repos/foundationdb/bindings/c/test/fdb_api.hpp,"(979, 39)-(979, 47)",b'operator=(const Database&) noexcept'
foundationdb,../repos/foundationdb/bindings/c/test/fdb_api.hpp,"(986, 13)-(986, 21)",b'Database() noexcept'
foundationdb,../repos/foundationdb/bindings/c/test/fdb_api.hpp,"(996, 66)-(996, 74)","b'setOptionNothrow(FDBDatabaseOption option, in...'"
foundationdb,../repos/foundationdb/bindings/c/test/fdb_api.hpp,"(1001, 65)-(1001, 73)","b'setOptionNothrow(FDBDatabaseOption option, By...'"
foundationdb,../repos/foundationdb/bindings/flow/fdb_flow.actor.cpp,"(170, 39)-(170, 47)",b'TransactionImpl(TransactionImpl&& r) noexcept'
foundationdb,../repos/foundationdb/bindings/flow/fdb_flow.actor.cpp,"(174, 50)-(174, 58)",b'operator=(TransactionImpl&& r) noexcept'
foundationdb,../repos/foundationdb/fdbclient/WriteMap.cpp,"(78, 45)-(78, 53)",b'WriteMap::operator=(WriteMap&& r) noexcept'
foundationdb,../repos/foundationdb/fdbclient/ReadYourWrites.actor.cpp,"(2622, 74)-(2622, 82)",b'ReadYourWritesTransaction::operator=(ReadYour...'
foundationdb,../repos/foundationdb/fdbclient/ReadYourWrites.actor.cpp,"(2652, 85)-(2652, 93)",b'ReadYourWritesTransaction::ReadYourWritesTran...'
foundationdb,../repos/foundationdb/fdbclient/include/fdbclient/ReadYourWrites.h,"(164, 48)-(164, 56)",b'operator=(ReadYourWritesTransaction&& r) noexcept'
foundationdb,../repos/foundationdb/fdbclient/include/fdbclient/ReadYourWrites.h,"(165, 59)-(165, 67)",b'ReadYourWritesTransaction(ReadYourWritesTrans...'
foundationdb,../repos/foundationdb/fdbclient/include/fdbclient/CoordinationInterface.h,"(96, 62)-(96, 70)",b'operator==(const ClusterConnectionString& oth...'
foundationdb,../repos/foundationdb/fdbclient/include/fdbclient/CoordinationInterface.h,"(99, 62)-(99, 70)",b'operator!=(const ClusterConnectionString& oth...'
foundationdb,../repos/foundationdb/fdbclient/include/fdbclient/CoordinationInterface.h,"(326, 22)-(326, 30)",b'verify() const noexcept'
foundationdb,../repos/foundationdb/fdbclient/include/fdbclient/CommitProxyInterface.h,"(749, 22)-(749, 30)",b'verify() const noexcept'
foundationdb,../repos/foundationdb/fdbclient/include/fdbclient/SnapshotCache.h,"(314, 35)-(314, 43)",b'SnapshotCache(SnapshotCache&& r) noexcept'
foundationdb,../repos/foundationdb/fdbclient/include/fdbclient/SnapshotCache.h,"(315, 46)-(315, 54)",b'operator=(SnapshotCache&& r) noexcept'
foundationdb,../repos/foundationdb/fdbclient/include/fdbclient/NativeAPI.actor.h,"(107, 25)-(107, 33)",b'Database(Database&& r) noexcept'
foundationdb,../repos/foundationdb/fdbclient/include/fdbclient/NativeAPI.actor.h,"(108, 31)-(108, 39)",b'operator=(Database&& r) noexcept'
foundationdb,../repos/foundationdb/fdbclient/include/fdbclient/NativeAPI.actor.h,"(510, 34)-(510, 42)",b'operator=(Transaction&& r) noexcept'
foundationdb,../repos/foundationdb/fdbclient/include/fdbclient/Notified.h,"(79, 25)-(79, 33)",b'Notified(Notified&& r) noexcept'
foundationdb,../repos/foundationdb/fdbclient/include/fdbclient/Notified.h,"(80, 31)-(80, 39)",b'operator=(Notified&& r) noexcept'
foundationdb,../repos/foundationdb/fdbclient/include/fdbclient/BackupAgent.actor.h,"(138, 39)-(138, 47)",b'FileBackupAgent(FileBackupAgent&& r) noexcept'
foundationdb,../repos/foundationdb/fdbclient/include/fdbclient/BackupAgent.actor.h,"(142, 38)-(142, 46)",b'operator=(FileBackupAgent&& r) noexcept'
foundationdb,../repos/foundationdb/fdbclient/include/fdbclient/BackupAgent.actor.h,"(388, 47)-(388, 55)",b'DatabaseBackupAgent(DatabaseBackupAgent&& r) ...'
foundationdb,../repos/foundationdb/fdbclient/include/fdbclient/BackupAgent.actor.h,"(394, 42)-(394, 50)",b'operator=(DatabaseBackupAgent&& r) noexcept'
foundationdb,../repos/foundationdb/fdbclient/include/fdbclient/VersionedMap.h,"(695, 33)-(695, 41)",b'VersionedMap(VersionedMap&& v) noexcept'
foundationdb,../repos/foundationdb/fdbclient/include/fdbclient/VersionedMap.h,"(697, 35)-(697, 43)",b'operator=(VersionedMap&& v) noexcept'
foundationdb,../repos/foundationdb/fdbclient/include/fdbclient/BlobCipher.h,"(890, 24)-(890, 32)",b'cleanup() noexcept'
foundationdb,../repos/foundationdb/fdbclient/include/fdbclient/KeyRangeMap.h,"(42, 34)-(42, 42)",b'operator=(KeyRangeMap&& r) noexcept'
foundationdb,../repos/foundationdb/fdbclient/include/fdbclient/KeyRangeMap.h,"(90, 46)-(90, 54)",b'operator=(CoalescedKeyRefRangeMap&& r) noexcept'
foundationdb,../repos/foundationdb/fdbclient/include/fdbclient/KeyRangeMap.h,"(105, 43)-(105, 51)",b'operator=(CoalescedKeyRangeMap&& r) noexcept'
foundationdb,../repos/foundationdb/fdbclient/include/fdbclient/WriteMap.h,"(137, 25)-(137, 33)",b'WriteMap(WriteMap&& r) noexcept'
foundationdb,../repos/foundationdb/fdbclient/include/fdbclient/WriteMap.h,"(141, 36)-(141, 44)",b'operator=(WriteMap&& r) noexcept'
foundationdb,../repos/foundationdb/fdbclient/include/fdbclient/ThreadSafeTransaction.h,"(232, 44)-(232, 52)",b'operator=(ThreadSafeTransaction&& r) noexcept'
foundationdb,../repos/foundationdb/fdbclient/include/fdbclient/ThreadSafeTransaction.h,"(233, 51)-(233, 59)",b'ThreadSafeTransaction(ThreadSafeTransaction&&...'
foundationdb,../repos/foundationdb/fdbclient/NativeAPI.actor.cpp,"(5537, 46)-(5537, 54)",b'Transaction::operator=(Transaction&& r) noexcept'
foundationdb,../repos/foundationdb/fdbclient/ThreadSafeTransaction.cpp,"(767, 66)-(767, 74)",b'ThreadSafeTransaction::operator=(ThreadSafeTr...'
foundationdb,../repos/foundationdb/fdbclient/ThreadSafeTransaction.cpp,"(773, 73)-(773, 81)",b'ThreadSafeTransaction::ThreadSafeTransaction(...'
foundationdb,../repos/foundationdb/fdbclient/BlobCipher.cpp,"(838, 36)-(838, 44)",b'BlobCipherKeyCache::cleanup() noexcept'
foundationdb,../repos/foundationdb/fdbserver/OldTLogServer_6_2.actor.cpp,"(395, 24)-(395, 32)",b'TagData(TagData&& r) noexcept'
foundationdb,../repos/foundationdb/fdbserver/OldTLogServer_6_2.actor.cpp,"(400, 31)-(400, 39)",b'operator=(TagData&& r) noexcept'
foundationdb,../repos/foundationdb/fdbserver/fdbserver.actor.cpp,"(124, 74)-(124, 82)",b'swiftCallMeFuture(void* _Nonnull opaqueResult...'
foundationdb,../repos/foundationdb/fdbserver/SkipList.cpp,"(422, 29)-(422, 37)",b'SkipList(SkipList&& other) noexcept'
foundationdb,../repos/foundationdb/fdbserver/SkipList.cpp,"(423, 35)-(423, 43)",b'operator=(SkipList&& other) noexcept'
foundationdb,../repos/foundationdb/fdbserver/TLogServer.actor.cpp,"(428, 24)-(428, 32)",b'TagData(TagData&& r) noexcept'
foundationdb,../repos/foundationdb/fdbserver/TLogServer.actor.cpp,"(433, 31)-(433, 39)",b'operator=(TagData&& r) noexcept'
foundationdb,../repos/foundationdb/fdbserver/include/fdbserver/MasterInterface.h,"(292, 59)-(292, 67)",b'CommitProxyVersionReplies(CommitProxyVersionR...'
foundationdb,../repos/foundationdb/fdbserver/include/fdbserver/MasterInterface.h,"(295, 48)-(295, 56)",b'operator=(CommitProxyVersionReplies&& r) noexcept'
foundationdb,../repos/foundationdb/fdbserver/include/fdbserver/ClusterController.actor.h,"(78, 29)-(78, 37)",b'WorkerInfo(WorkerInfo&& r) noexcept'
foundationdb,../repos/foundationdb/fdbserver/include/fdbserver/ClusterController.actor.h,"(83, 33)-(83, 41)",b'operator=(WorkerInfo&& r) noexcept'
foundationdb,../repos/foundationdb/fdbserver/OldTLogServer_4_6.actor.cpp,"(341, 24)-(341, 32)",b'TagData(TagData&& r) noexcept'
foundationdb,../repos/foundationdb/fdbserver/OldTLogServer_4_6.actor.cpp,"(344, 31)-(344, 39)",b'operator=(TagData&& r) noexcept'
foundationdb,../repos/foundationdb/fdbserver/LogRouter.actor.cpp,"(47, 24)-(47, 32)",b'TagData(TagData&& r) noexcept'
foundationdb,../repos/foundationdb/fdbserver/LogRouter.actor.cpp,"(50, 31)-(50, 39)",b'operator=(TagData&& r) noexcept'
foundationdb,../repos/foundationdb/fdbserver/OldTLogServer_6_0.actor.cpp,"(323, 24)-(323, 32)",b'TagData(TagData&& r) noexcept'
foundationdb,../repos/foundationdb/fdbserver/OldTLogServer_6_0.actor.cpp,"(326, 31)-(326, 39)",b'operator=(TagData&& r) noexcept'
foundationdb,../repos/foundationdb/flow/FastAlloc.cpp,"(79, 77)-(79, 85)",b'FastAllocator<Size>::threadData() noexcept'
foundationdb,../repos/foundationdb/flow/Trace.cpp,"(870, 49)-(870, 57)",b'BaseTraceEvent::State::State(Severity severit...'
foundationdb,../repos/foundationdb/flow/MkCert.cpp,"(76, 21)-(76, 29)",b'valid() const noexcept'
foundationdb,../repos/foundationdb/flow/MkCert.cpp,"(78, 20)-(78, 28)",b'null() const noexcept'
foundationdb,../repos/foundationdb/flow/swift_concurrency_hooks.cpp,"(30, 41)-(30, 49)",b'SwiftJobTask(swift::Job* job) noexcept'
foundationdb,../repos/foundationdb/flow/PKey.cpp,"(76, 60)-(76, 68)",b'getPKeyAlgorithm(const EVP_PKEY* key) noexcept'
foundationdb,../repos/foundationdb/flow/PKey.cpp,"(88, 55)-(88, 63)",b'pkeyAlgorithmName(PKeyAlgorithm alg) noexcept'
foundationdb,../repos/foundationdb/flow/include/flow/MkCert.h,"(64, 13)-(64, 21)",b'CertKind() noexcept'
foundationdb,../repos/foundationdb/flow/include/flow/MkCert.h,"(67, 22)-(67, 30)",b'CertKind(Kind kind) noexcept'
foundationdb,../repos/foundationdb/flow/include/flow/MkCert.h,"(70, 18)-(70, 26)",b'is() const noexcept'
foundationdb,../repos/foundationdb/flow/include/flow/MkCert.h,"(79, 28)-(79, 36)",b'isServerSide() const noexcept'
foundationdb,../repos/foundationdb/flow/include/flow/MkCert.h,"(81, 28)-(81, 36)",b'isClientSide() const noexcept'
foundationdb,../repos/foundationdb/flow/include/flow/MkCert.h,"(83, 24)-(83, 32)",b'isRootCA() const noexcept'
foundationdb,../repos/foundationdb/flow/include/flow/MkCert.h,"(85, 32)-(85, 40)",b'isIntermediateCA() const noexcept'
foundationdb,../repos/foundationdb/flow/include/flow/MkCert.h,"(87, 22)-(87, 30)",b'isLeaf() const noexcept'
foundationdb,../repos/foundationdb/flow/include/flow/MkCert.h,"(89, 20)-(89, 28)",b'isCA() const noexcept'
foundationdb,../repos/foundationdb/flow/include/flow/MkCert.h,"(126, 21)-(126, 29)",b'empty() const noexcept'
foundationdb,../repos/foundationdb/flow/include/flow/IndexedSet.h,"(154, 29)-(154, 37)",b'IndexedSet(IndexedSet&& r) noexcept'
foundationdb,../repos/foundationdb/flow/include/flow/IndexedSet.h,"(155, 40)-(155, 48)",b'operator=(IndexedSet&& r) noexcept'
foundationdb,../repos/foundationdb/flow/include/flow/IndexedSet.h,"(381, 23)-(381, 31)",b'MapPair(MapPair&& r) noexcept'
foundationdb,../repos/foundationdb/flow/include/flow/IndexedSet.h,"(382, 30)-(382, 38)",b'operator=(MapPair&& r) noexcept'
foundationdb,../repos/foundationdb/flow/include/flow/IndexedSet.h,"(534, 15)-(534, 23)",b'Map(Map&& r) noexcept'
foundationdb,../repos/foundationdb/flow/include/flow/IndexedSet.h,"(535, 26)-(535, 34)",b'operator=(Map&& r) noexcept'
foundationdb,../repos/foundationdb/flow/include/flow/FastRef.h,"(114, 27)-(114, 35)",b'Reference(Reference&& r) noexcept'
foundationdb,../repos/foundationdb/flow/include/flow/FastRef.h,"(142, 38)-(142, 46)",b'operator=(Reference&& r) noexcept'
foundationdb,../repos/foundationdb/flow/include/flow/CoroutinesImpl.h,"(130, 31)-(130, 39)",b'isSet() const noexcept'
foundationdb,../repos/foundationdb/flow/include/flow/CoroutinesImpl.h,"(322, 39)-(322, 47)",b'get_return_object() noexcept'
foundationdb,../repos/foundationdb/flow/include/flow/CoroutinesImpl.h,"(324, 67)-(324, 75)",b'initial_suspend() const noexcept'
foundationdb,../repos/foundationdb/flow/include/flow/CoroutinesImpl.h,"(326, 23)-(326, 31)",b'final_suspend() noexcept'
foundationdb,../repos/foundationdb/flow/include/flow/CoroutinesImpl.h,"(332, 43)-(332, 51)",b'await_ready() const noexcept'
foundationdb,../repos/foundationdb/flow/include/flow/CoroutinesImpl.h,"(333, 30)-(333, 38)",b'await_resume() const noexcept'
foundationdb,../repos/foundationdb/flow/include/flow/CoroutinesImpl.h,"(340, 72)-(340, 80)",b'await_suspend(n_coroutine::coroutine_handle<>...'
foundationdb,../repos/foundationdb/flow/include/flow/CoroutinesImpl.h,"(396, 46)-(396, 54)",b'final_suspend() noexcept'
foundationdb,../repos/foundationdb/flow/include/flow/CoroutinesImpl.h,"(432, 68)-(432, 76)",b'initial_suspend() const noexcept'
foundationdb,../repos/foundationdb/flow/include/flow/CoroutinesImpl.h,"(433, 66)-(433, 74)",b'final_suspend() const noexcept'
foundationdb,../repos/foundationdb/flow/include/flow/FastAlloc.h,"(155, 34)-(155, 42)",b'threadData() noexcept'
foundationdb,../repos/foundationdb/flow/include/flow/FastAlloc.h,"(156, 34)-(156, 42)",b'globalData() noexcept'
foundationdb,../repos/foundationdb/flow/include/flow/FastAlloc.h,"(187, 24)-(187, 32)",b'isActive() noexcept'
foundationdb,../repos/foundationdb/flow/include/flow/OwningResource.h,"(87, 24)-(87, 32)",b'operator->() const noexcept'
foundationdb,../repos/foundationdb/flow/include/flow/OwningResource.h,"(99, 25)-(99, 33)",b'available() const noexcept'
foundationdb,../repos/foundationdb/flow/include/flow/Deque.h,"(88, 19)-(88, 27)",b'Deque(Deque&& r) noexcept'
foundationdb,../repos/foundationdb/flow/include/flow/Deque.h,"(94, 28)-(94, 36)",b'operator=(Deque&& r) noexcept'
foundationdb,../repos/foundationdb/flow/include/flow/Deque.h,"(222, 44)-(222, 52)","b'cleanup(T* data, size_t size) noexcept'"
foundationdb,../repos/foundationdb/flow/include/flow/Deque.h,"(229, 17)-(229, 25)",b'cleanup() noexcept'
foundationdb,../repos/foundationdb/flow/include/flow/AutoCPointer.h,"(44, 41)-(44, 49)","b'AutoCPointer(T* ptr, R (*deleter)(T*)) noexcept'"
foundationdb,../repos/foundationdb/flow/include/flow/AutoCPointer.h,"(46, 49)-(46, 57)","b'AutoCPointer(std::nullptr_t, R (*deleter)(T*)...'"
foundationdb,../repos/foundationdb/flow/include/flow/WipedString.h,"(39, 29)-(39, 37)",b'WipedStringSerdesWrapper() noexcept'
foundationdb,../repos/foundationdb/flow/include/flow/WipedString.h,"(42, 50)-(42, 58)",b'WipedStringSerdesWrapper(StringRef& s) noexcept'
foundationdb,../repos/foundationdb/flow/include/flow/WipedString.h,"(44, 25)-(44, 33)",b'get() const noexcept'
foundationdb,../repos/foundationdb/flow/include/flow/WipedString.h,"(96, 16)-(96, 24)",b'WipedString() noexcept'
foundationdb,../repos/foundationdb/flow/include/flow/WipedString.h,"(115, 40)-(115, 48)",b'WipedString(const WipedString& other) noexcept'
foundationdb,../repos/foundationdb/flow/include/flow/WipedString.h,"(116, 35)-(116, 43)",b'WipedString(WipedString&& other) noexcept'
foundationdb,../repos/foundationdb/flow/include/flow/WipedString.h,"(117, 51)-(117, 59)",b'operator=(const WipedString& other) noexcept'
foundationdb,../repos/foundationdb/flow/include/flow/WipedString.h,"(118, 46)-(118, 54)",b'operator=(WipedString&& other) noexcept'
foundationdb,../repos/foundationdb/flow/include/flow/WipedString.h,"(121, 29)-(121, 37)",b'() const noexcept'
foundationdb,../repos/foundationdb/flow/include/flow/WipedString.h,"(123, 29)-(123, 37)",b'contents() const noexcept'
foundationdb,../repos/foundationdb/flow/include/flow/ArenaAllocator.h,"(36, 17)-(36, 25)",b'arena() noexcept'
foundationdb,../repos/foundationdb/flow/include/flow/ArenaAllocator.h,"(51, 19)-(51, 27)",b'ArenaAllocator() noexcept'
foundationdb,../repos/foundationdb/flow/include/flow/ArenaAllocator.h,"(53, 31)-(53, 39)",b'ArenaAllocator(Arena& arena) noexcept'
foundationdb,../repos/foundationdb/flow/include/flow/ArenaAllocator.h,"(55, 41)-(55, 49)",b'ArenaAllocator(const self_type& other) noexcept'
foundationdb,../repos/foundationdb/flow/include/flow/ArenaAllocator.h,"(59, 49)-(59, 57)",b'ArenaAllocator(const ArenaAllocator<U>& other...'
foundationdb,../repos/foundationdb/flow/include/flow/ArenaAllocator.h,"(61, 52)-(61, 60)",b'operator=(const self_type& other) noexcept'
foundationdb,../repos/foundationdb/flow/include/flow/ArenaAllocator.h,"(63, 36)-(63, 44)",b'ArenaAllocator(self_type&& other) noexcept'
foundationdb,../repos/foundationdb/flow/include/flow/ArenaAllocator.h,"(65, 47)-(65, 55)",b'operator=(self_type&& other) noexcept'
foundationdb,../repos/foundationdb/flow/include/flow/ArenaAllocator.h,"(73, 30)-(73, 38)","b'deallocate(T*, size_t) noexcept'"
foundationdb,../repos/foundationdb/flow/include/flow/ArenaAllocator.h,"(75, 48)-(75, 56)",b'operator==(const self_type& other) const noexcept'
foundationdb,../repos/foundationdb/flow/include/flow/ArenaAllocator.h,"(77, 48)-(77, 56)",b'operator!=(const self_type& other) const noexcept'
foundationdb,../repos/foundationdb/flow/include/flow/genericactors.actor.h,"(1512, 26)-(1512, 34)",b'Releaser(Releaser&& r) noexcept'
foundationdb,../repos/foundationdb/flow/include/flow/genericactors.actor.h,"(1613, 26)-(1613, 34)",b'Releaser(Releaser&& r) noexcept'
foundationdb,../repos/foundationdb/flow/include/flow/genericactors.actor.h,"(1782, 31)-(1782, 39)",b'NotifiedInt(NotifiedInt&& r) noexcept'
foundationdb,../repos/foundationdb/flow/include/flow/genericactors.actor.h,"(1783, 34)-(1783, 42)",b'operator=(NotifiedInt&& r) noexcept'
foundationdb,../repos/foundationdb/flow/include/flow/genericactors.actor.h,"(1808, 26)-(1808, 34)",b'Releaser(Releaser&& r) noexcept'
foundationdb,../repos/foundationdb/flow/include/flow/genericactors.actor.h,"(2000, 27)-(2000, 35)",b'AndFuture(AndFuture&& f) noexcept'
foundationdb,../repos/foundationdb/flow/include/flow/genericactors.actor.h,"(2002, 38)-(2002, 46)",b'operator=(AndFuture&& f) noexcept'
foundationdb,../repos/foundationdb/flow/include/flow/TDMetric.actor.h,"(279, 29)-(279, 37)",b'MetricData(MetricData&& r) noexcept'
foundationdb,../repos/foundationdb/flow/include/flow/TDMetric.actor.h,"(282, 33)-(282, 41)",b'operator=(MetricData&& r) noexcept'
foundationdb,../repos/foundationdb/flow/include/flow/TDMetric.actor.h,"(706, 29)-(706, 37)",b'EventField(EventField&& r) noexcept'
foundationdb,../repos/foundationdb/flow/include/flow/TDMetric.actor.h,"(708, 33)-(708, 41)",b'operator=(EventField&& r) noexcept'
foundationdb,../repos/foundationdb/flow/include/flow/PKey.h,"(35, 55)-(35, 63)",b'pkeyAlgorithmName(PKeyAlgorithm alg) noexcept'
foundationdb,../repos/foundationdb/flow/include/flow/PKey.h,"(47, 14)-(47, 22)",b'PublicKey() noexcept'
foundationdb,../repos/foundationdb/flow/include/flow/PKey.h,"(55, 36)-(55, 44)",b'PublicKey(const PublicKey& other) noexcept'
foundationdb,../repos/foundationdb/flow/include/flow/PKey.h,"(57, 47)-(57, 55)",b'operator=(const PublicKey& other) noexcept'
foundationdb,../repos/foundationdb/flow/include/flow/PKey.h,"(73, 33)-(73, 41)",b'nativeHandle() const noexcept'
foundationdb,../repos/foundationdb/flow/include/flow/PKey.h,"(75, 33)-(75, 41)",b'() const noexcept'
foundationdb,../repos/foundationdb/flow/include/flow/PKey.h,"(82, 15)-(82, 23)",b'PrivateKey() noexcept'
foundationdb,../repos/foundationdb/flow/include/flow/PKey.h,"(90, 38)-(90, 46)",b'PrivateKey(const PrivateKey& other) noexcept'
foundationdb,../repos/foundationdb/flow/include/flow/PKey.h,"(92, 49)-(92, 57)",b'operator=(const PrivateKey& other) noexcept'
foundationdb,../repos/foundationdb/flow/include/flow/PKey.h,"(111, 33)-(111, 41)",b'nativeHandle() const noexcept'
foundationdb,../repos/foundationdb/flow/include/flow/PKey.h,"(113, 33)-(113, 41)",b'() const noexcept'
foundationdb,../repos/foundationdb/flow/include/flow/ThreadHelper.actor.h,"(605, 38)-(605, 46)",b'ThreadFuture(ThreadFuture<T>&& rhs) noexcept'
foundationdb,../repos/foundationdb/flow/include/flow/ThreadHelper.actor.h,"(627, 40)-(627, 48)",b'operator=(ThreadFuture<T>&& rhs) noexcept'
foundationdb,../repos/foundationdb/flow/include/flow/ThreadHelper.actor.h,"(925, 38)-(925, 46)",b'ThreadResult(ThreadResult<T>&& rhs) noexcept'
foundationdb,../repos/foundationdb/flow/include/flow/ThreadHelper.actor.h,"(946, 40)-(946, 48)",b'operator=(ThreadFuture<T>&& rhs) noexcept'
foundationdb,../repos/foundationdb/flow/include/flow/flow.h,"(1048, 26)-(1048, 34)",b'Future(Future<T>&& rhs) noexcept'
foundationdb,../repos/foundationdb/flow/include/flow/flow.h,"(1070, 34)-(1070, 42)",b'operator=(Future<T>&& rhs) noexcept'
foundationdb,../repos/foundationdb/flow/include/flow/flow.h,"(1160, 25)-(1160, 33)",b'Promise(Promise&& rhs) noexcept'
foundationdb,../repos/foundationdb/flow/include/flow/flow.h,"(1174, 32)-(1174, 40)",b'operator=(Promise&& rhs) noexcept'
foundationdb,../repos/foundationdb/flow/include/flow/flow.h,"(1345, 35)-(1345, 43)",b'FutureStream(FutureStream&& rhs) noexcept'
foundationdb,../repos/foundationdb/flow/include/flow/flow.h,"(1356, 37)-(1356, 45)",b'operator=(FutureStream&& rhs) noexcept'
foundationdb,../repos/foundationdb/flow/include/flow/flow.h,"(1457, 37)-(1457, 45)",b'PromiseStream(PromiseStream&& rhs) noexcept'
foundationdb,../repos/foundationdb/flow/include/flow/flow.h,"(1464, 38)-(1464, 46)",b'operator=(PromiseStream&& rhs) noexcept'
foundationdb,../repos/foundationdb/flow/include/flow/Trace.h,"(220, 69)-(220, 77)","b'operator""""_audit(const char*, size_t) noexcept'"
foundationdb,../repos/foundationdb/flow/include/flow/Trace.h,"(240, 61)-(240, 69)","b'AuditedEvent(const char* type, int len) noexcept'"
foundationdb,../repos/foundationdb/flow/include/flow/Trace.h,"(246, 70)-(246, 78)","b'operator""""_audit(const char*, size_t) noexcept'"
foundationdb,../repos/foundationdb/flow/include/flow/Trace.h,"(249, 37)-(249, 45)",b'type() const noexcept'
foundationdb,../repos/foundationdb/flow/include/flow/Trace.h,"(251, 44)-(251, 52)",b'typeSv() const noexcept'
foundationdb,../repos/foundationdb/flow/include/flow/Trace.h,"(253, 43)-(253, 51)",b'() const noexcept'
foundationdb,../repos/foundationdb/flow/include/flow/Trace.h,"(258, 83)-(258, 91)","b'operator""""_audit(const char* eventType, size_...'"
foundationdb,../repos/foundationdb/flow/include/flow/Trace.h,"(320, 28)-(320, 36)",b'State(Severity severity) noexcept'
foundationdb,../repos/foundationdb/flow/include/flow/Trace.h,"(321, 42)-(321, 50)","b'State(Severity severity, AuditedEvent) noexcept'"
foundationdb,../repos/foundationdb/flow/include/flow/Trace.h,"(326, 29)-(326, 37)",b'State(const State& other) noexcept'
foundationdb,../repos/foundationdb/flow/include/flow/Trace.h,"(327, 24)-(327, 32)",b'State(State&& other) noexcept'
foundationdb,../repos/foundationdb/flow/include/flow/Trace.h,"(328, 40)-(328, 48)",b'operator=(const State& other) noexcept'
foundationdb,../repos/foundationdb/flow/include/flow/Trace.h,"(329, 35)-(329, 43)",b'operator=(State&& other) noexcept'
foundationdb,../repos/foundationdb/flow/include/flow/Trace.h,"(336, 45)-(336, 53)",b'operator==(const State& other) const noexcept'
foundationdb,../repos/foundationdb/flow/include/flow/Trace.h,"(337, 45)-(337, 53)",b'operator!=(const State& other) const noexcept'
foundationdb,../repos/foundationdb/flow/include/flow/Trace.h,"(339, 34)-(339, 42)",b'() const noexcept'
foundationdb,../repos/foundationdb/flow/include/flow/Trace.h,"(341, 19)-(341, 27)",b'suppress() noexcept'
foundationdb,../repos/foundationdb/flow/include/flow/Trace.h,"(346, 31)-(346, 39)",b'isSuppressible() const noexcept'
foundationdb,../repos/foundationdb/flow/include/flow/Trace.h,"(348, 35)-(348, 43)",b'promoteToForcedIfEnabled() noexcept'
foundationdb,../repos/foundationdb/flow/include/flow/Trace.h,"(353, 37)-(353, 45)",b'disabled() noexcept'
foundationdb,../repos/foundationdb/flow/include/flow/StreamCipher.h,"(60, 24)-(60, 32)",b'cleanup() noexcept'
foundationdb,../repos/foundationdb/flow/include/flow/StreamCipher.h,"(77, 24)-(77, 32)",b'cleanup() noexcept'
foundationdb,../repos/foundationdb/flow/include/flow/singleton.h,"(61, 18)-(61, 26)",b'~WinLockGuard() noexcept'
foundationdb,../repos/foundationdb/flow/include/flow/Arena.h,"(114, 19)-(114, 27)",b'Arena(Arena&& r) noexcept'
foundationdb,../repos/foundationdb/flow/include/flow/Arena.h,"(116, 28)-(116, 36)",b'operator=(Arena&&) noexcept'
foundationdb,../repos/foundationdb/flow/include/flow/Arena.h,"(891, 88)-(891, 96)",b'VectorRefPreserializer(const VectorRefPreseri...'
foundationdb,../repos/foundationdb/flow/include/flow/Arena.h,"(892, 99)-(892, 107)","b'operator=(const VectorRefPreserializer<T, Vec...'"
foundationdb,../repos/foundationdb/flow/include/flow/Arena.h,"(895, 83)-(895, 91)",b'VectorRefPreserializer(const VectorRefPreseri...'
foundationdb,../repos/foundationdb/flow/include/flow/Arena.h,"(896, 94)-(896, 102)","b'operator=(const VectorRefPreserializer<T, Vec...'"
foundationdb,../repos/foundationdb/flow/include/flow/Arena.h,"(912, 89)-(912, 97)",b'VectorRefPreserializer(const VectorRefPreseri...'
foundationdb,../repos/foundationdb/flow/include/flow/Arena.h,"(914, 100)-(914, 108)","b'operator=(const VectorRefPreserializer<T, Vec...'"
foundationdb,../repos/foundationdb/flow/include/flow/Arena.h,"(918, 88)-(918, 96)",b'VectorRefPreserializer(const VectorRefPreseri...'
foundationdb,../repos/foundationdb/flow/include/flow/Arena.h,"(919, 99)-(919, 107)","b'operator=(const VectorRefPreserializer<T, Vec...'"
foundationdb,../repos/foundationdb/flow/Arena.cpp,"(120, 25)-(120, 33)",b'Arena::Arena(Arena&& r) noexcept'
foundationdb,../repos/foundationdb/flow/Arena.cpp,"(122, 36)-(122, 44)",b'Arena::operator=(Arena&& r) noexcept'
foundationdb,../repos/foundationdb/flow/flat_buffers.cpp,"(377, 44)-(377, 52)",b'operator()(const Y1& y) const noexcept'
foundationdb,../repos/foundationdb/flow/StreamCipher.cpp,"(61, 33)-(61, 41)",b'StreamCipherKey::cleanup() noexcept'
foundationdb,../repos/foundationdb/flow/StreamCipher.cpp,"(110, 30)-(110, 38)",b'StreamCipher::cleanup() noexcept'
foundationdb,../repos/foundationdb/flow/Net2.actor.cpp,"(267, 49)-(267, 57)",b'PromiseTask(Promise<Void>&& promise) noexcept'
foundationdb,../repos/foundationdb/flow/Net2.actor.cpp,"(364, 31)-(364, 39)",b'BindPromise(BindPromise&& r) noexcept'
foundationdb,../repos/foundationdb/fdbrpc/TokenCache.actor.cpp,"(146, 49)-(146, 57)",b'operator==(const AuditEntry& other) const noexcept'
foundationdb,../repos/foundationdb/fdbrpc/Base64Encode.cpp,"(30, 38)-(30, 46)",b'encodeValue(uint8_t valueIn) noexcept'
foundationdb,../repos/foundationdb/fdbrpc/Base64Encode.cpp,"(39, 96)-(39, 104)",b'doEncode(const uint8_t* __restrict plaintextI...'
foundationdb,../repos/foundationdb/fdbrpc/Base64Encode.cpp,"(87, 38)-(87, 46)",b'getEncodedLength(int dataLength) noexcept'
foundationdb,../repos/foundationdb/fdbrpc/Base64Encode.cpp,"(115, 94)-(115, 102)","b'encode(const uint8_t* __restrict plaintextIn,...'"
foundationdb,../repos/foundationdb/fdbrpc/Base64Encode.cpp,"(119, 35)-(119, 43)",b'encodedLength(int dataLength) noexcept'
foundationdb,../repos/foundationdb/fdbrpc/Base64Encode.cpp,"(129, 94)-(129, 102)","b'encode(const uint8_t* __restrict plaintextIn,...'"
foundationdb,../repos/foundationdb/fdbrpc/Base64Encode.cpp,"(133, 35)-(133, 43)",b'encodedLength(int dataLength) noexcept'
foundationdb,../repos/foundationdb/fdbrpc/include/fdbrpc/JsonWebKeySet.h,"(31, 23)-(31, 31)",b'PublicOrPrivateKey() noexcept'
foundationdb,../repos/foundationdb/fdbrpc/include/fdbrpc/JsonWebKeySet.h,"(33, 36)-(33, 44)",b'PublicOrPrivateKey(PublicKey key) noexcept'
foundationdb,../repos/foundationdb/fdbrpc/include/fdbrpc/JsonWebKeySet.h,"(35, 37)-(35, 45)",b'PublicOrPrivateKey(PrivateKey key) noexcept'
foundationdb,../repos/foundationdb/fdbrpc/include/fdbrpc/JsonWebKeySet.h,"(37, 24)-(37, 32)",b'isPublic() const noexcept'
foundationdb,../repos/foundationdb/fdbrpc/include/fdbrpc/JsonWebKeySet.h,"(39, 25)-(39, 33)",b'isPrivate() const noexcept'
foundationdb,../repos/foundationdb/fdbrpc/include/fdbrpc/Base64Decode.h,"(38, 100)-(38, 108)","b'decode(const uint8_t* __restrict codeIn, cons...'"
foundationdb,../repos/foundationdb/fdbrpc/include/fdbrpc/Base64Decode.h,"(41, 35)-(41, 43)",b'decodedLength(int codeLength) noexcept'
foundationdb,../repos/foundationdb/fdbrpc/include/fdbrpc/Base64Decode.h,"(50, 100)-(50, 108)","b'decode(const uint8_t* __restrict codeIn, cons...'"
foundationdb,../repos/foundationdb/fdbrpc/include/fdbrpc/Base64Decode.h,"(54, 35)-(54, 43)",b'decodedLength(int codeLength) noexcept'
foundationdb,../repos/foundationdb/fdbrpc/include/fdbrpc/fdbrpc.h,"(163, 35)-(163, 43)",b'ReplyPromise(ReplyPromise&& rhs) noexcept'
foundationdb,../repos/foundationdb/fdbrpc/include/fdbrpc/fdbrpc.h,"(181, 37)-(181, 45)",b'operator=(ReplyPromise&& rhs) noexcept'
foundationdb,../repos/foundationdb/fdbrpc/include/fdbrpc/fdbrpc.h,"(512, 47)-(512, 55)",b'ReplyPromiseStream(ReplyPromiseStream&& rhs) ...'
foundationdb,../repos/foundationdb/fdbrpc/include/fdbrpc/fdbrpc.h,"(621, 43)-(621, 51)",b'operator=(ReplyPromiseStream&& rhs) noexcept'
foundationdb,../repos/foundationdb/fdbrpc/include/fdbrpc/fdbrpc.h,"(909, 37)-(909, 45)",b'RequestStream(RequestStream&& rhs) noexcept'
foundationdb,../repos/foundationdb/fdbrpc/include/fdbrpc/fdbrpc.h,"(916, 38)-(916, 46)",b'operator=(RequestStream&& rhs) noexcept'
foundationdb,../repos/foundationdb/fdbrpc/include/fdbrpc/RangeMap.h,"(212, 31)-(212, 39)",b'operator=(RangeMap&& r) noexcept'
foundationdb,../repos/foundationdb/fdbrpc/include/fdbrpc/Base64Encode.h,"(37, 94)-(37, 102)","b'encode(const uint8_t* __restrict plaintextIn,...'"
foundationdb,../repos/foundationdb/fdbrpc/include/fdbrpc/Base64Encode.h,"(40, 35)-(40, 43)",b'encodedLength(int dataLength) noexcept'
foundationdb,../repos/foundationdb/fdbrpc/include/fdbrpc/Base64Encode.h,"(48, 94)-(48, 102)","b'encode(const uint8_t* __restrict plaintextIn,...'"
foundationdb,../repos/foundationdb/fdbrpc/include/fdbrpc/Base64Encode.h,"(51, 35)-(51, 43)",b'encodedLength(int dataLength) noexcept'
foundationdb,../repos/foundationdb/fdbrpc/include/fdbrpc/TokenSpec.h,"(39, 58)-(39, 66)",b'algorithmFromString(std::string_view s) noexcept'
foundationdb,../repos/foundationdb/fdbrpc/dsltest.actor.cpp,"(299, 25)-(299, 33)",b'TestBuffer(int length) noexcept'
foundationdb,../repos/foundationdb/fdbrpc/Base64Decode.cpp,"(35, 45)-(35, 53)",b'decodeValue(uint8_t valueIn) noexcept'
foundationdb,../repos/foundationdb/fdbrpc/Base64Decode.cpp,"(82, 102)-(82, 110)","b'doDecode(const uint8_t* __restrict codeIn, co...'"
foundationdb,../repos/foundationdb/fdbrpc/Base64Decode.cpp,"(129, 38)-(129, 46)",b'getDecodedLength(int codeLength) noexcept'
foundationdb,../repos/foundationdb/fdbrpc/Base64Decode.cpp,"(169, 35)-(169, 43)",b'decodedLength(int codeLength) noexcept'
foundationdb,../repos/foundationdb/fdbrpc/Base64Decode.cpp,"(175, 100)-(175, 108)","b'decode(const uint8_t* __restrict codeIn, cons...'"
foundationdb,../repos/foundationdb/fdbrpc/Base64Decode.cpp,"(194, 35)-(194, 43)",b'decodedLength(int codeLength) noexcept'
foundationdb,../repos/foundationdb/fdbrpc/Base64Decode.cpp,"(198, 100)-(198, 108)","b'decode(const uint8_t* __restrict codeIn, cons...'"
foundationdb,../repos/foundationdb/metacluster/include/metacluster/MetaclusterTypes.h,"(69, 51)-(69, 59)",b'operator==(const ClusterUsage& other) const n...'
foundationdb,../repos/foundationdb/metacluster/include/metacluster/MetaclusterTypes.h,"(70, 51)-(70, 59)",b'operator!=(const ClusterUsage& other) const n...'
foundationdb,../repos/foundationdb/metacluster/include/metacluster/MetaclusterTypes.h,"(71, 50)-(71, 58)",b'operator<(const ClusterUsage& other) const no...'
