Repo name,File name,Location,Content
foundationdb,../repos/foundationdb/contrib/fmt-8.1.1/include/fmt/args.h,"(36, 10)-(36, 20)",b'unique_ptr<node<>>'
foundationdb,../repos/foundationdb/contrib/fmt-8.1.1/include/fmt/args.h,"(50, 8)-(50, 18)",b'unique_ptr<node<>>'
foundationdb,../repos/foundationdb/contrib/fmt-8.1.1/include/fmt/args.h,"(138, 10)-(138, 20)",b'unique_ptr<std::vector<basic_format_arg<Conte...'
foundationdb,../repos/foundationdb/bindings/c/test/unit/unit_tests.cpp,"(2023, 39)-(2023, 49)",b'shared_ptr<FdbEvent>'
foundationdb,../repos/foundationdb/bindings/c/test/unit/unit_tests.cpp,"(2034, 39)-(2034, 49)",b'shared_ptr<FdbEvent>'
foundationdb,../repos/foundationdb/bindings/c/test/unit/unit_tests.cpp,"(2045, 39)-(2045, 49)",b'shared_ptr<FdbEvent>'
foundationdb,../repos/foundationdb/bindings/c/test/unit/unit_tests.cpp,"(2056, 39)-(2056, 49)",b'shared_ptr<FdbEvent>'
foundationdb,../repos/foundationdb/bindings/c/test/apitester/TesterTransactionExecutor.h,"(137, 6)-(137, 16)",b'unique_ptr<ITransactionExecutor>'
foundationdb,../repos/foundationdb/bindings/c/test/apitester/fdb_c_api_tester.cpp,"(369, 20)-(369, 30)",b'shared_ptr<IWorkload>'
foundationdb,../repos/foundationdb/bindings/c/test/apitester/fdb_c_api_tester.cpp,"(381, 10)-(381, 20)",b'shared_ptr<IWorkload>'
foundationdb,../repos/foundationdb/bindings/c/test/apitester/fdb_c_api_tester.cpp,"(402, 8)-(402, 18)",b'unique_ptr<IScheduler>'
foundationdb,../repos/foundationdb/bindings/c/test/apitester/fdb_c_api_tester.cpp,"(403, 8)-(403, 18)",b'unique_ptr<ITransactionExecutor>'
foundationdb,../repos/foundationdb/bindings/c/test/apitester/TesterScheduler.h,"(69, 6)-(69, 16)",b'unique_ptr<IScheduler>'
foundationdb,../repos/foundationdb/bindings/c/test/apitester/TesterWorkload.cpp,"(205, 19)-(205, 29)",b'shared_ptr<IWorkload>'
foundationdb,../repos/foundationdb/bindings/c/test/apitester/TesterWorkload.cpp,"(304, 19)-(304, 29)",b'shared_ptr<IWorkload>'
foundationdb,../repos/foundationdb/bindings/c/test/apitester/TesterTransactionExecutor.cpp,"(735, 9)-(735, 19)",b'shared_ptr<ITransactionContext>'
foundationdb,../repos/foundationdb/bindings/java/JavaWorkload.cpp,"(268, 8)-(268, 18)",b'unique_ptr<JNINativeMethod[]>'
foundationdb,../repos/foundationdb/flowbench/BenchIONet2.actor.cpp,"(53, 13)-(53, 23)",b'unique_ptr<char[]>'
foundationdb,../repos/foundationdb/flowbench/BenchMem.cpp,"(28, 7)-(28, 17)",b'unique_ptr<char[]>'
foundationdb,../repos/foundationdb/flowbench/BenchMem.cpp,"(29, 7)-(29, 17)",b'unique_ptr<char[]>'
foundationdb,../repos/foundationdb/flowbench/BenchMem.cpp,"(41, 7)-(41, 17)",b'unique_ptr<char[]>'
foundationdb,../repos/foundationdb/flowbench/BenchMem.cpp,"(42, 7)-(42, 17)",b'unique_ptr<char[]>'
foundationdb,../repos/foundationdb/flowbench/BenchZstd.cpp,"(44, 7)-(44, 17)",b'unique_ptr<char[]>'
foundationdb,../repos/foundationdb/flowbench/BenchZstd.cpp,"(53, 7)-(53, 17)",b'unique_ptr<char[]>'
foundationdb,../repos/foundationdb/flowbench/BenchZstd.cpp,"(61, 7)-(61, 17)",b'unique_ptr<char[]>'
foundationdb,../repos/foundationdb/flowbench/BenchZstd.cpp,"(70, 7)-(70, 17)",b'unique_ptr<char[]>'
foundationdb,../repos/foundationdb/flowbench/BenchZstd.cpp,"(90, 7)-(90, 17)",b'unique_ptr<char[]>'
foundationdb,../repos/foundationdb/fdbclient/IKnobCollection.cpp,"(56, 14)-(56, 24)",b'unique_ptr<IKnobCollection>'
foundationdb,../repos/foundationdb/fdbclient/IKnobCollection.cpp,"(77, 14)-(77, 24)",b'unique_ptr<IKnobCollection>'
foundationdb,../repos/foundationdb/fdbclient/ActorLineageProfiler.cpp,"(230, 19)-(230, 29)",b'shared_ptr<Sample>'
foundationdb,../repos/foundationdb/fdbclient/include/fdbclient/AuditUtils.actor.h,"(79, 60)-(79, 70)",b'shared_ptr<AsyncVar<int>>'
foundationdb,../repos/foundationdb/fdbclient/FileBackupAgent.actor.cpp,"(1825, 14)-(1825, 24)",b'unique_ptr<IRangeFileWriter>'
foundationdb,../repos/foundationdb/fdbclient/AsyncTaskThread.actor.cpp,"(79, 8)-(79, 18)",b'unique_ptr<IAsyncTask>'
foundationdb,../repos/foundationdb/fdbclient/ThreadSafeTransaction.cpp,"(787, 8)-(787, 18)",b'shared_ptr<BaseTraceEvent>'
foundationdb,../repos/foundationdb/fdbclient/BlobCipher.cpp,"(1956, 7)-(1956, 17)",b'unique_ptr<uint8_t[]>'
foundationdb,../repos/foundationdb/fdbclient/S3BlobStore.actor.cpp,"(67, 6)-(67, 16)",b'unique_ptr<S3BlobStoreEndpoint::BlobStats>'
foundationdb,../repos/foundationdb/fdbclient/FluentDSampleIngestor.cpp,"(101, 8)-(101, 18)",b'unique_ptr<char[]>'
foundationdb,../repos/foundationdb/fdbserver/tester.actor.cpp,"(2220, 13)-(2220, 23)",b'unique_ptr<KnobProtectiveGroup>'
foundationdb,../repos/foundationdb/fdbserver/tester.actor.cpp,"(2359, 13)-(2359, 23)",b'unique_ptr<KnobProtectiveGroup>'
foundationdb,../repos/foundationdb/fdbserver/storageserver.actor.cpp,"(2392, 7)-(2392, 17)",b'shared_ptr<MoveInShard>'
foundationdb,../repos/foundationdb/fdbserver/storageserver.actor.cpp,"(9177, 8)-(9177, 18)",b'unique_ptr<ICheckpointByteSampleReader>'
foundationdb,../repos/foundationdb/fdbserver/storageserver.actor.cpp,"(9409, 13)-(9409, 23)",b'shared_ptr<MoveInUpdates>'
foundationdb,../repos/foundationdb/fdbserver/storageserver.actor.cpp,"(10164, 31)-(10164, 41)",b'shared_ptr<MoveInShard>'
foundationdb,../repos/foundationdb/fdbserver/storageserver.actor.cpp,"(10286, 12)-(10286, 22)",b'shared_ptr<MoveInShard>'
foundationdb,../repos/foundationdb/fdbserver/storageserver.actor.cpp,"(11583, 13)-(11583, 23)",b'unique_ptr<IRocksDBSstFileWriter>'
foundationdb,../repos/foundationdb/fdbserver/MockGlobalState.actor.cpp,"(603, 14)-(603, 24)",b'shared_ptr<MockGlobalState>'
foundationdb,../repos/foundationdb/fdbserver/MockGlobalState.actor.cpp,"(935, 7)-(935, 17)",b'shared_ptr<MockGlobalState>'
foundationdb,../repos/foundationdb/fdbserver/MockGlobalState.actor.cpp,"(1029, 7)-(1029, 17)",b'shared_ptr<MockGlobalState>'
foundationdb,../repos/foundationdb/fdbserver/include/fdbserver/MasterData.actor.h,"(142, 7)-(142, 17)",b'unique_ptr<fdbserver_swift::MasterDataActor>'
foundationdb,../repos/foundationdb/fdbserver/include/fdbserver/RocksDBCheckpointUtils.actor.h,"(345, 6)-(345, 16)",b'unique_ptr<ICheckpointByteSampleReader>'
foundationdb,../repos/foundationdb/fdbserver/include/fdbserver/RocksDBCheckpointUtils.actor.h,"(347, 6)-(347, 16)",b'unique_ptr<IRocksDBSstFileWriter>'
foundationdb,../repos/foundationdb/fdbserver/DDTeamCollection.actor.cpp,"(6023, 8)-(6023, 18)",b'unique_ptr<DDTeamCollection>'
foundationdb,../repos/foundationdb/fdbserver/DDTeamCollection.actor.cpp,"(6039, 8)-(6039, 18)",b'unique_ptr<DDTeamCollection>'
foundationdb,../repos/foundationdb/fdbserver/DDTeamCollection.actor.cpp,"(6054, 14)-(6054, 24)",b'unique_ptr<DDTeamCollection>'
foundationdb,../repos/foundationdb/fdbserver/DDTeamCollection.actor.cpp,"(6082, 14)-(6082, 24)",b'unique_ptr<DDTeamCollection>'
foundationdb,../repos/foundationdb/fdbserver/DDTeamCollection.actor.cpp,"(6116, 14)-(6116, 24)",b'unique_ptr<DDTeamCollection>'
foundationdb,../repos/foundationdb/fdbserver/DDTeamCollection.actor.cpp,"(6170, 14)-(6170, 24)",b'unique_ptr<DDTeamCollection>'
foundationdb,../repos/foundationdb/fdbserver/DDTeamCollection.actor.cpp,"(6225, 14)-(6225, 24)",b'unique_ptr<DDTeamCollection>'
foundationdb,../repos/foundationdb/fdbserver/DDTeamCollection.actor.cpp,"(6278, 14)-(6278, 24)",b'unique_ptr<DDTeamCollection>'
foundationdb,../repos/foundationdb/fdbserver/DDTeamCollection.actor.cpp,"(6330, 14)-(6330, 24)",b'unique_ptr<DDTeamCollection>'
foundationdb,../repos/foundationdb/fdbserver/DDTeamCollection.actor.cpp,"(6380, 14)-(6380, 24)",b'unique_ptr<DDTeamCollection>'
foundationdb,../repos/foundationdb/fdbserver/DDTeamCollection.actor.cpp,"(6439, 14)-(6439, 24)",b'unique_ptr<DDTeamCollection>'
foundationdb,../repos/foundationdb/fdbserver/DDTeamCollection.actor.cpp,"(6514, 14)-(6514, 24)",b'unique_ptr<DDTeamCollection>'
foundationdb,../repos/foundationdb/fdbserver/DDTeamCollection.actor.cpp,"(6565, 14)-(6565, 24)",b'unique_ptr<DDTeamCollection>'
foundationdb,../repos/foundationdb/fdbserver/KeyValueStoreShardedRocksDB.actor.cpp,"(481, 6)-(481, 16)",b'shared_ptr<rocksdb::Cache>'
foundationdb,../repos/foundationdb/fdbserver/KeyValueStoreShardedRocksDB.actor.cpp,"(1217, 46)-(1217, 56)",b'shared_ptr<PhysicalShard>'
foundationdb,../repos/foundationdb/fdbserver/KeyValueStoreShardedRocksDB.actor.cpp,"(1317, 9)-(1317, 19)",b'shared_ptr<PhysicalShard>'
foundationdb,../repos/foundationdb/fdbserver/KeyValueStoreShardedRocksDB.actor.cpp,"(1365, 11)-(1365, 21)",b'unique_ptr<DataShard>'
foundationdb,../repos/foundationdb/fdbserver/KeyValueStoreShardedRocksDB.actor.cpp,"(1407, 9)-(1407, 19)",b'shared_ptr<PhysicalShard>'
foundationdb,../repos/foundationdb/fdbserver/KeyValueStoreShardedRocksDB.actor.cpp,"(1410, 9)-(1410, 19)",b'unique_ptr<DataShard>'
foundationdb,../repos/foundationdb/fdbserver/KeyValueStoreShardedRocksDB.actor.cpp,"(1537, 8)-(1537, 18)",b'shared_ptr<PhysicalShard>'
foundationdb,../repos/foundationdb/fdbserver/KeyValueStoreShardedRocksDB.actor.cpp,"(1642, 20)-(1642, 30)",b'shared_ptr<PhysicalShard>'
foundationdb,../repos/foundationdb/fdbserver/KeyValueStoreShardedRocksDB.actor.cpp,"(1809, 8)-(1809, 18)",b'unique_ptr<rocksdb::WriteBatch>'
foundationdb,../repos/foundationdb/fdbserver/KeyValueStoreShardedRocksDB.actor.cpp,"(1815, 8)-(1815, 18)",b'unique_ptr<std::set<PhysicalShard*>>'
foundationdb,../repos/foundationdb/fdbserver/KeyValueStoreShardedRocksDB.actor.cpp,"(1968, 35)-(1968, 45)",b'shared_ptr<rocksdb::Statistics>'
foundationdb,../repos/foundationdb/fdbserver/KeyValueStoreShardedRocksDB.actor.cpp,"(3846, 14)-(3846, 24)",b'unique_ptr<Action>'
foundationdb,../repos/foundationdb/fdbserver/KeyValueStoreShardedRocksDB.actor.cpp,"(3932, 14)-(3932, 24)",b'unique_ptr<Reader::ReadRangeAction>'
foundationdb,../repos/foundationdb/fdbserver/KeyValueStoreShardedRocksDB.actor.cpp,"(3981, 47)-(3981, 57)",b'shared_ptr<PhysicalShard>'
foundationdb,../repos/foundationdb/fdbserver/KeyValueStoreShardedRocksDB.actor.cpp,"(3990, 22)-(3990, 32)",b'shared_ptr<PhysicalShard>'
foundationdb,../repos/foundationdb/fdbserver/KeyValueStoreShardedRocksDB.actor.cpp,"(4113, 7)-(4113, 17)",b'shared_ptr<ShardedRocksDBState>'
foundationdb,../repos/foundationdb/fdbserver/KeyValueStoreShardedRocksDB.actor.cpp,"(4115, 7)-(4115, 17)",b'shared_ptr<RocksDBErrorListener>'
foundationdb,../repos/foundationdb/fdbserver/KeyValueStoreShardedRocksDB.actor.cpp,"(4116, 7)-(4116, 17)",b'shared_ptr<RocksDBEventListener>'
foundationdb,../repos/foundationdb/fdbserver/KeyValueStoreShardedRocksDB.actor.cpp,"(4118, 7)-(4118, 17)",b'shared_ptr<RocksDBMetrics>'
foundationdb,../repos/foundationdb/fdbserver/KeyValueStoreShardedRocksDB.actor.cpp,"(4833, 13)-(4833, 23)",b'unique_ptr<IRocksDBSstFileWriter>'
foundationdb,../repos/foundationdb/fdbserver/DataDistribution.actor.cpp,"(775, 26)-(775, 36)",b'shared_ptr<DataMove>'
foundationdb,../repos/foundationdb/fdbserver/DataDistribution.actor.cpp,"(905, 7)-(905, 17)",b'shared_ptr<DDAudit>'
foundationdb,../repos/foundationdb/fdbserver/DataDistribution.actor.cpp,"(1812, 13)-(1812, 23)",b'shared_ptr<AsyncVar<int>>'
foundationdb,../repos/foundationdb/fdbserver/DataDistribution.actor.cpp,"(2093, 7)-(2093, 17)",b'shared_ptr<DDAudit>'
foundationdb,../repos/foundationdb/fdbserver/DataDistribution.actor.cpp,"(2125, 9)-(2125, 19)",b'shared_ptr<DDAudit>'
foundationdb,../repos/foundationdb/fdbserver/RESTKmsConnector.actor.cpp,"(520, 8)-(520, 18)",b'unique_ptr<uint8_t[]>'
foundationdb,../repos/foundationdb/fdbserver/RESTKmsConnector.actor.cpp,"(667, 9)-(667, 19)",b'unique_ptr<uint8_t[]>'
foundationdb,../repos/foundationdb/fdbserver/RESTKmsConnector.actor.cpp,"(1203, 7)-(1203, 17)",b'shared_ptr<platform::TmpFile>'
foundationdb,../repos/foundationdb/fdbserver/RESTKmsConnector.actor.cpp,"(1275, 25)-(1275, 35)",b'shared_ptr<platform::TmpFile>'
foundationdb,../repos/foundationdb/fdbserver/RESTKmsConnector.actor.cpp,"(1277, 8)-(1277, 18)",b'shared_ptr<platform::TmpFile>'
foundationdb,../repos/foundationdb/fdbserver/RESTKmsConnector.actor.cpp,"(1299, 45)-(1299, 55)",b'shared_ptr<platform::TmpFile>'
foundationdb,../repos/foundationdb/fdbserver/RESTKmsConnector.actor.cpp,"(1320, 8)-(1320, 18)",b'shared_ptr<platform::TmpFile>'
foundationdb,../repos/foundationdb/fdbserver/workloads/RandomMoveKeys.actor.cpp,"(159, 9)-(159, 19)",b'unique_ptr<MoveKeysParams>'
foundationdb,../repos/foundationdb/fdbserver/workloads/TransactionCost.actor.cpp,"(299, 14)-(299, 24)",b'shared_ptr<ITest>'
foundationdb,../repos/foundationdb/fdbserver/workloads/ClientTransactionProfileCorrectness.actor.cpp,"(161, 7)-(161, 17)",b'unique_ptr<ClientLogEventsParser::ParserBase>'
foundationdb,../repos/foundationdb/fdbserver/workloads/ResolverBug.actor.cpp,"(129, 14)-(129, 24)",b'shared_ptr<ResolverBug>'
foundationdb,../repos/foundationdb/fdbserver/RocksDBCheckpointUtils.actor.cpp,"(1122, 10)-(1122, 20)",b'shared_ptr<rocksdb::SstFileWriter>'
foundationdb,../repos/foundationdb/fdbserver/RocksDBCheckpointUtils.actor.cpp,"(1284, 7)-(1284, 17)",b'unique_ptr<IRocksDBSstFileWriter>'
foundationdb,../repos/foundationdb/fdbserver/DDRelocationQueue.actor.cpp,"(1792, 9)-(1792, 19)",b'unique_ptr<MoveKeysParams>'
foundationdb,../repos/foundationdb/fdbserver/Resolver.actor.cpp,"(374, 8)-(374, 18)",b'unique_ptr<LogPushData>'
foundationdb,../repos/foundationdb/fdbserver/Resolver.actor.cpp,"(375, 8)-(375, 18)",b'unique_ptr<ResolverData>'
foundationdb,../repos/foundationdb/fdbserver/VersionedBTree.actor.cpp,"(5670, 7)-(5670, 17)",b'unique_ptr<MutationBuffer>'
foundationdb,../repos/foundationdb/fdbserver/VersionedBTree.actor.cpp,"(7195, 27)-(7195, 37)",b'unique_ptr<InternalPageSliceUpdate>'
foundationdb,../repos/foundationdb/fdbserver/KeyValueStoreRocksDB.actor.cpp,"(2143, 14)-(2143, 24)",b'unique_ptr<Action>'
foundationdb,../repos/foundationdb/fdbserver/KeyValueStoreRocksDB.actor.cpp,"(2211, 14)-(2211, 24)",b'unique_ptr<Reader::ReadRangeAction>'
foundationdb,../repos/foundationdb/flow/MkCert.cpp,"(70, 6)-(70, 16)",b'shared_ptr<X509>'
foundationdb,../repos/foundationdb/flow/MkCert.cpp,"(71, 53)-(71, 63)",b'shared_ptr<X509>'
foundationdb,../repos/foundationdb/flow/Platform.actor.cpp,"(3599, 7)-(3599, 17)",b'unique_ptr<char[]>'
foundationdb,../repos/foundationdb/flow/Platform.actor.cpp,"(3623, 7)-(3623, 17)",b'unique_ptr<char[]>'
foundationdb,../repos/foundationdb/flow/Platform.actor.cpp,"(3634, 7)-(3634, 17)",b'unique_ptr<char[]>'
foundationdb,../repos/foundationdb/flow/include/flow/TDMetric.actor.h,"(1151, 9)-(1151, 19)",b'unique_ptr<DynamicFieldBase>'
foundationdb,../repos/foundationdb/flow/include/flow/Trace.h,"(417, 7)-(417, 17)",b'unique_ptr<DynamicEventMetric>'
foundationdb,../repos/foundationdb/flow/IThreadPoolTest.actor.cpp,"(120, 13)-(120, 23)",b'unique_ptr<ThreadReturnPromiseStream<std::string>>'
foundationdb,../repos/foundationdb/flow/IAsyncFile.actor.cpp,"(138, 13)-(138, 23)",b'unique_ptr<char[]>'
foundationdb,../repos/foundationdb/flow/IAsyncFile.actor.cpp,"(139, 13)-(139, 23)",b'unique_ptr<char[]>'
foundationdb,../repos/foundationdb/flow/CompressionUtils.cpp,"(74, 8)-(74, 18)",b'unique_ptr<uint8_t[]>'
foundationdb,../repos/foundationdb/flow/CompressionUtils.cpp,"(95, 8)-(95, 18)",b'unique_ptr<uint8_t[]>'
foundationdb,../repos/foundationdb/flow/ProcessEvents.cpp,"(194, 20)-(194, 30)",b'shared_ptr<Event>'
foundationdb,../repos/foundationdb/flow/ProcessEvents.cpp,"(232, 8)-(232, 18)",b'unique_ptr<Event>'
foundationdb,../repos/foundationdb/flow/StreamCipher.cpp,"(31, 6)-(31, 16)",b'unique_ptr<StreamCipherKey>'
foundationdb,../repos/foundationdb/fdbservice/ThreadPool.h,"(65, 8)-(65, 18)",b'unique_ptr<CallbackType>'
foundationdb,../repos/foundationdb/fdbmonitor/fdbmonitor.cpp,"(699, 36)-(699, 46)",b'unique_ptr<Command>'
foundationdb,../repos/foundationdb/fdbbackup/backup.actor.cpp,"(3320, 8)-(3320, 18)",b'unique_ptr<CSimpleOpt>'
foundationdb,../repos/foundationdb/fdbbackup/FileDecoder.actor.cpp,"(934, 8)-(934, 18)",b'unique_ptr<CSimpleOpt>'
