Repo name,File name,Location,Content
foundationdb,../repos/foundationdb/contrib/boost_zstd/zstd.cpp,"(60, 12)-(60, 22)",b'zstd_base::~zstd_base'
foundationdb,../repos/foundationdb/contrib/rapidjson/rapidjson/document.h,"(758, 2)-(758, 15)",b'~GenericValue()'
foundationdb,../repos/foundationdb/contrib/rapidjson/rapidjson/document.h,"(764, 9)-(764, 22)",b'v->~GenericValue'
foundationdb,../repos/foundationdb/contrib/rapidjson/rapidjson/document.h,"(770, 9)-(770, 16)",b'm->~Member'
foundationdb,../repos/foundationdb/contrib/rapidjson/rapidjson/document.h,"(794, 9)-(794, 22)",b'this->~GenericValue'
foundationdb,../repos/foundationdb/contrib/rapidjson/rapidjson/document.h,"(842, 9)-(842, 22)",b'this->~GenericValue'
foundationdb,../repos/foundationdb/contrib/rapidjson/rapidjson/document.h,"(1046, 9)-(1046, 22)",b'this->~GenericValue'
foundationdb,../repos/foundationdb/contrib/rapidjson/rapidjson/document.h,"(1063, 9)-(1063, 22)",b'this->~GenericValue'
foundationdb,../repos/foundationdb/contrib/rapidjson/rapidjson/document.h,"(1076, 9)-(1076, 22)",b'this->~GenericValue'
foundationdb,../repos/foundationdb/contrib/rapidjson/rapidjson/document.h,"(1433, 7)-(1433, 14)",b'm->~Member'
foundationdb,../repos/foundationdb/contrib/rapidjson/rapidjson/document.h,"(1482, 7)-(1482, 14)",b'm->~Member'
foundationdb,../repos/foundationdb/contrib/rapidjson/rapidjson/document.h,"(1517, 9)-(1517, 16)",b'itr->~Member'
foundationdb,../repos/foundationdb/contrib/rapidjson/rapidjson/document.h,"(1564, 9)-(1564, 22)",b'this->~GenericValue'
foundationdb,../repos/foundationdb/contrib/rapidjson/rapidjson/document.h,"(1595, 7)-(1595, 20)",b'v->~GenericValue'
foundationdb,../repos/foundationdb/contrib/rapidjson/rapidjson/document.h,"(1707, 40)-(1707, 53)",b'GetElementsPointer()[--data_.a.size].~GenericValue'
foundationdb,../repos/foundationdb/contrib/rapidjson/rapidjson/document.h,"(1737, 9)-(1737, 22)",b'itr->~GenericValue'
foundationdb,../repos/foundationdb/contrib/rapidjson/rapidjson/document.h,"(1799, 9)-(1799, 22)",b'this->~GenericValue'
foundationdb,../repos/foundationdb/contrib/rapidjson/rapidjson/document.h,"(1804, 9)-(1804, 22)",b'this->~GenericValue'
foundationdb,../repos/foundationdb/contrib/rapidjson/rapidjson/document.h,"(1809, 9)-(1809, 22)",b'this->~GenericValue'
foundationdb,../repos/foundationdb/contrib/rapidjson/rapidjson/document.h,"(1814, 9)-(1814, 22)",b'this->~GenericValue'
foundationdb,../repos/foundationdb/contrib/rapidjson/rapidjson/document.h,"(1819, 9)-(1819, 22)",b'this->~GenericValue'
foundationdb,../repos/foundationdb/contrib/rapidjson/rapidjson/document.h,"(1824, 9)-(1824, 22)",b'this->~GenericValue'
foundationdb,../repos/foundationdb/contrib/rapidjson/rapidjson/document.h,"(1864, 9)-(1864, 22)",b'this->~GenericValue'
foundationdb,../repos/foundationdb/contrib/rapidjson/rapidjson/document.h,"(1878, 9)-(1878, 22)",b'this->~GenericValue'
foundationdb,../repos/foundationdb/contrib/rapidjson/rapidjson/document.h,"(2283, 2)-(2283, 18)",b'~GenericDocument()'
foundationdb,../repos/foundationdb/contrib/rapidjson/rapidjson/document.h,"(2519, 3)-(2519, 20)",b'~ClearStackOnExit()'
foundationdb,../repos/foundationdb/contrib/rapidjson/rapidjson/document.h,"(2613, 42)-(2613, 52)",b'(stack_.template Pop<ValueType>(1))->~ValueType'
foundationdb,../repos/foundationdb/contrib/rapidjson/rapidjson/document.h,"(2683, 2)-(2683, 15)",b'~GenericArray()'
foundationdb,../repos/foundationdb/contrib/rapidjson/rapidjson/document.h,"(2764, 2)-(2764, 16)",b'~GenericObject()'
foundationdb,../repos/foundationdb/contrib/rapidjson/rapidjson/pointer.h,"(186, 2)-(186, 17)",b'~GenericPointer()'
foundationdb,../repos/foundationdb/contrib/rapidjson/rapidjson/reader.h,"(238, 2)-(238, 18)",b'~StreamLocalCopy()'
foundationdb,../repos/foundationdb/contrib/rapidjson/rapidjson/reader.h,"(568, 3)-(568, 20)",b'~ClearStackOnExit()'
foundationdb,../repos/foundationdb/contrib/rapidjson/rapidjson/reader.h,"(1094, 3)-(1094, 16)",b'~NumberStream()'
foundationdb,../repos/foundationdb/contrib/rapidjson/rapidjson/reader.h,"(1117, 3)-(1117, 16)",b'~NumberStream()'
foundationdb,../repos/foundationdb/contrib/rapidjson/rapidjson/reader.h,"(1143, 3)-(1143, 16)",b'~NumberStream()'
foundationdb,../repos/foundationdb/contrib/rapidjson/rapidjson/schema.h,"(141, 10)-(141, 27)",b'~ISchemaValidator()'
foundationdb,../repos/foundationdb/contrib/rapidjson/rapidjson/schema.h,"(151, 10)-(151, 30)",b'~ISchemaStateFactory()'
foundationdb,../repos/foundationdb/contrib/rapidjson/rapidjson/schema.h,"(302, 2)-(302, 26)",b'~SchemaValidationContext()'
foundationdb,../repos/foundationdb/contrib/rapidjson/rapidjson/schema.h,"(577, 2)-(577, 9)",b'~Schema()'
foundationdb,../repos/foundationdb/contrib/rapidjson/rapidjson/schema.h,"(583, 20)-(583, 29)",b'properties_[i].~Property'
foundationdb,../repos/foundationdb/contrib/rapidjson/rapidjson/schema.h,"(588, 27)-(588, 43)",b'patternProperties_[i].~PatternProperty'
foundationdb,../repos/foundationdb/contrib/rapidjson/rapidjson/schema.h,"(594, 14)-(594, 24)",b'pattern_->~RegexType'
foundationdb,../repos/foundationdb/contrib/rapidjson/rapidjson/schema.h,"(979, 3)-(979, 15)",b'~SchemaArray()'
foundationdb,../repos/foundationdb/contrib/rapidjson/rapidjson/schema.h,"(1042, 8)-(1042, 18)",b'r->~RegexType'
foundationdb,../repos/foundationdb/contrib/rapidjson/rapidjson/schema.h,"(1238, 3)-(1238, 12)",b'~Property()'
foundationdb,../repos/foundationdb/contrib/rapidjson/rapidjson/schema.h,"(1249, 3)-(1249, 19)",b'~PatternProperty()'
foundationdb,../repos/foundationdb/contrib/rapidjson/rapidjson/schema.h,"(1251, 14)-(1251, 24)",b'pattern->~RegexType'
foundationdb,../repos/foundationdb/contrib/rapidjson/rapidjson/schema.h,"(1342, 10)-(1342, 47)",b'~IGenericRemoteSchemaDocumentProvider()'
foundationdb,../repos/foundationdb/contrib/rapidjson/rapidjson/schema.h,"(1405, 14)-(1405, 29)",b'refEntry->~SchemaRefEntry'
foundationdb,../repos/foundationdb/contrib/rapidjson/rapidjson/schema.h,"(1428, 2)-(1428, 24)",b'~GenericSchemaDocument()'
foundationdb,../repos/foundationdb/contrib/rapidjson/rapidjson/schema.h,"(1430, 45)-(1430, 57)",b'schemaMap_.template Pop<SchemaEntry>(1)->~Sch...'
foundationdb,../repos/foundationdb/contrib/rapidjson/rapidjson/schema.h,"(1455, 3)-(1455, 15)",b'~SchemaEntry()'
foundationdb,../repos/foundationdb/contrib/rapidjson/rapidjson/schema.h,"(1457, 13)-(1457, 24)",b'schema->~SchemaType'
foundationdb,../repos/foundationdb/contrib/rapidjson/rapidjson/schema.h,"(1654, 2)-(1654, 25)",b'~GenericSchemaValidator()'
foundationdb,../repos/foundationdb/contrib/rapidjson/rapidjson/schema.h,"(1797, 6)-(1797, 29)",b'v->~GenericSchemaValidator'
foundationdb,../repos/foundationdb/contrib/rapidjson/rapidjson/schema.h,"(1809, 6)-(1809, 17)",b'h->~HasherType'
foundationdb,../repos/foundationdb/contrib/rapidjson/rapidjson/schema.h,"(1939, 7)-(1939, 21)",b'a->~HashCodeArray'
foundationdb,../repos/foundationdb/contrib/rapidjson/rapidjson/schema.h,"(1942, 6)-(1942, 14)",b'c->~Context'
foundationdb,../repos/foundationdb/contrib/rapidjson/rapidjson/internal/stack.h,"(58, 2)-(58, 8)",b'~Stack()'
foundationdb,../repos/foundationdb/contrib/rapidjson/rapidjson/internal/regex.h,"(98, 2)-(98, 15)",b'~GenericRegex()'
foundationdb,../repos/foundationdb/contrib/rapidjson/rapidjson/allocators.h,"(143, 2)-(143, 22)",b'~MemoryPoolAllocator()'
foundationdb,../repos/foundationdb/contrib/monitoring/actor_flamegraph.cpp,"(30, 2)-(30, 8)",b'~Actor()'
foundationdb,../repos/foundationdb/contrib/fmt-8.1.1/src/os.cc,"(128, 3)-(128, 18)",b'~system_message()'
foundationdb,../repos/foundationdb/contrib/fmt-8.1.1/src/os.cc,"(184, 16)-(184, 30)",b'buffered_file::~buffered_file'
foundationdb,../repos/foundationdb/contrib/fmt-8.1.1/src/os.cc,"(228, 7)-(228, 12)",b'file::~file'
foundationdb,../repos/foundationdb/contrib/fmt-8.1.1/include/fmt/os.h,"(243, 11)-(243, 25)",b'~buffered_file()'
foundationdb,../repos/foundationdb/contrib/fmt-8.1.1/include/fmt/os.h,"(326, 11)-(326, 16)",b'~file()'
foundationdb,../repos/foundationdb/contrib/fmt-8.1.1/include/fmt/os.h,"(430, 3)-(430, 11)",b'~ostream()'
foundationdb,../repos/foundationdb/contrib/fmt-8.1.1/include/fmt/os.h,"(509, 3)-(509, 10)",b'~locale()'
foundationdb,../repos/foundationdb/contrib/fmt-8.1.1/include/fmt/args.h,"(35, 13)-(35, 18)",b'~node()'
foundationdb,../repos/foundationdb/contrib/fmt-8.1.1/include/fmt/chrono.h,"(1562, 3)-(1562, 14)",b'~get_locale()'
foundationdb,../repos/foundationdb/contrib/fmt-8.1.1/include/fmt/chrono.h,"(1563, 30)-(1563, 37)",b'locale_.~locale'
foundationdb,../repos/foundationdb/contrib/fmt-8.1.1/include/fmt/core.h,"(911, 3)-(911, 19)",b'~iterator_buffer()'
foundationdb,../repos/foundationdb/contrib/fmt-8.1.1/include/fmt/core.h,"(955, 3)-(955, 19)",b'~iterator_buffer()'
foundationdb,../repos/foundationdb/contrib/fmt-8.1.1/include/fmt/format.h,"(823, 3)-(823, 16)",b'~format_error() FMT_NOEXCEPT override'
foundationdb,../repos/foundationdb/contrib/fmt-8.1.1/include/fmt/format-inl.h,"(133, 32)-(133, 45)",b'format_error::~format_error'
foundationdb,../repos/foundationdb/contrib/fmt-8.1.1/include/fmt/format-inl.h,"(448, 19)-(448, 26)",b'FMT_CONSTEXPR20 ~bigint'
foundationdb,../repos/foundationdb/contrib/SimpleOpt/include/SimpleOpt/SimpleOpt.h,"(366, 2)-(366, 18)",b'~CSimpleOptTempl()'
foundationdb,../repos/foundationdb/contrib/rapidxml/include/rapidxml/rapidxml.hpp,"(398, 2)-(398, 14)",b'~memory_pool()'
foundationdb,../repos/foundationdb/fdbcli/include/fdbcli/FlowLineNoise.h,"(48, 2)-(48, 12)",b'~LineNoise()'
foundationdb,../repos/foundationdb/fdbcli/FlowLineNoise.actor.cpp,"(135, 12)-(135, 22)",b'LineNoise::~LineNoise'
foundationdb,../repos/foundationdb/bindings/c/foundationdb/ClientWorkload.h,"(70, 10)-(70, 21)",b'~FDBPromise()'
foundationdb,../repos/foundationdb/bindings/c/test/unit/fdb_api.cpp,"(29, 9)-(29, 16)",b'Future::~Future'
foundationdb,../repos/foundationdb/bindings/c/test/unit/fdb_api.cpp,"(115, 9)-(115, 16)",b'Result::~Result'
foundationdb,../repos/foundationdb/bindings/c/test/unit/fdb_api.cpp,"(191, 9)-(191, 16)",b'Tenant::~Tenant'
foundationdb,../repos/foundationdb/bindings/c/test/unit/fdb_api.cpp,"(212, 14)-(212, 26)",b'Transaction::~Transaction'
foundationdb,../repos/foundationdb/bindings/c/test/unit/unit_tests_version_510.cpp,"(52, 2)-(52, 9)",b'~Future()'
foundationdb,../repos/foundationdb/bindings/c/test/unit/unit_tests_version_510.cpp,"(62, 2)-(62, 14)",b'~Transaction()'
foundationdb,../repos/foundationdb/bindings/c/test/unit/fdb_api.hpp,"(54, 10)-(54, 17)",b'~Future()'
foundationdb,../repos/foundationdb/bindings/c/test/unit/fdb_api.hpp,"(198, 10)-(198, 17)",b'~Result()'
foundationdb,../repos/foundationdb/bindings/c/test/unit/fdb_api.hpp,"(244, 2)-(244, 9)",b'~Tenant()'
foundationdb,../repos/foundationdb/bindings/c/test/unit/fdb_api.hpp,"(271, 2)-(271, 14)",b'~Transaction()'
foundationdb,../repos/foundationdb/bindings/c/test/apitester/TesterTransactionExecutor.h,"(39, 10)-(39, 30)",b'~ITransactionContext()'
foundationdb,../repos/foundationdb/bindings/c/test/apitester/TesterTransactionExecutor.h,"(124, 10)-(124, 31)",b'~ITransactionExecutor()'
foundationdb,../repos/foundationdb/bindings/c/test/apitester/TesterUtil.h,"(167, 2)-(167, 10)",b'~TmpFile()'
foundationdb,../repos/foundationdb/bindings/c/test/apitester/TesterUtil.cpp,"(139, 10)-(139, 18)",b'TmpFile::~TmpFile'
foundationdb,../repos/foundationdb/bindings/c/test/apitester/TesterBlobGranuleUtil.h,"(39, 2)-(39, 23)",b'~TesterGranuleContext()'
foundationdb,../repos/foundationdb/bindings/c/test/apitester/TesterWorkload.h,"(52, 10)-(52, 20)",b'~IWorkload()'
foundationdb,../repos/foundationdb/bindings/c/test/apitester/TesterWorkload.h,"(287, 10)-(287, 27)",b'~IWorkloadFactory()'
foundationdb,../repos/foundationdb/bindings/c/test/apitester/TesterScheduler.h,"(40, 10)-(40, 17)",b'~ITimer()'
foundationdb,../repos/foundationdb/bindings/c/test/apitester/TesterScheduler.h,"(50, 10)-(50, 21)",b'~IScheduler()'
foundationdb,../repos/foundationdb/bindings/c/test/apitester/TesterTransactionExecutor.cpp,"(106, 10)-(106, 33)",b'~TransactionContextBase()'
foundationdb,../repos/foundationdb/bindings/c/test/apitester/TesterTransactionExecutor.cpp,"(678, 2)-(678, 26)",b'~TransactionExecutorBase()'
foundationdb,../repos/foundationdb/bindings/c/test/apitester/TesterTransactionExecutor.cpp,"(796, 2)-(796, 28)",b'~DBPoolTransactionExecutor() override'
foundationdb,../repos/foundationdb/bindings/c/test/mako/utils.hpp,"(168, 2)-(168, 12)",b'~ExitGuard()'
foundationdb,../repos/foundationdb/bindings/c/test/mako/utils.hpp,"(179, 2)-(179, 12)",b'~FailGuard()'
foundationdb,../repos/foundationdb/bindings/c/test/mako/admin_server.hpp,"(165, 2)-(165, 14)",b'~AdminServer()'
foundationdb,../repos/foundationdb/bindings/c/test/mako/admin_server.cpp,"(360, 14)-(360, 26)",b'AdminServer::~AdminServer'
foundationdb,../repos/foundationdb/bindings/c/test/fdb_api.hpp,"(838, 10)-(838, 23)",b'~IDatabaseOps()'
foundationdb,../repos/foundationdb/bindings/c/test/workloads/workloads.h,"(31, 2)-(31, 25)",b'~FDBWorkloadFactoryImpl()'
foundationdb,../repos/foundationdb/bindings/c/test/workloads/workloads.cpp,"(23, 25)-(23, 48)",b'FDBWorkloadFactoryImpl::~FDBWorkloadFactoryImpl'
foundationdb,../repos/foundationdb/bindings/c/test/workloads/SimpleWorkload.cpp,"(120, 3)-(120, 17)",b'~PopulateActor()'
foundationdb,../repos/foundationdb/bindings/c/test/workloads/SimpleWorkload.cpp,"(195, 3)-(195, 15)",b'~ClientActor()'
foundationdb,../repos/foundationdb/bindings/java/fdbJNI.cpp,"(570, 2)-(570, 17)",b'~ExecuteOnLeave()'
foundationdb,../repos/foundationdb/bindings/java/JavaWorkload.cpp,"(254, 2)-(254, 6)",b'~JVM()'
foundationdb,../repos/foundationdb/bindings/java/JavaWorkload.cpp,"(531, 2)-(531, 15)",b'~JavaWorkload()'
foundationdb,../repos/foundationdb/bindings/flow/DirectorySubspace.h,"(38, 10)-(38, 28)",b'~DirectorySubspace()'
foundationdb,../repos/foundationdb/bindings/flow/Subspace.cpp,"(42, 11)-(42, 20)",b'Subspace::~Subspace'
foundationdb,../repos/foundationdb/bindings/flow/fdb_flow.h,"(36, 2)-(36, 10)",b'~CFuture()'
foundationdb,../repos/foundationdb/bindings/flow/fdb_flow.h,"(60, 10)-(60, 26)",b'~ReadTransaction()'
foundationdb,../repos/foundationdb/bindings/flow/fdb_flow.h,"(140, 10)-(140, 19)",b'~Database()'
foundationdb,../repos/foundationdb/bindings/flow/Subspace.h,"(36, 10)-(36, 19)",b'~Subspace()'
foundationdb,../repos/foundationdb/bindings/flow/fdb_flow.actor.cpp,"(103, 10)-(103, 23)",b'~DatabaseImpl()'
foundationdb,../repos/foundationdb/bindings/flow/fdb_flow.actor.cpp,"(122, 10)-(122, 26)",b'~TransactionImpl()'
foundationdb,../repos/foundationdb/bindings/flow/DirectoryPartition.h,"(44, 10)-(44, 29)",b'~DirectoryPartition()'
foundationdb,../repos/foundationdb/bindings/flow/IDirectory.h,"(68, 10)-(68, 21)",b'~IDirectory()'
foundationdb,../repos/foundationdb/fdbclient/ActorLineageProfiler.cpp,"(267, 2)-(267, 15)",b'~ProfilerImpl()'
foundationdb,../repos/foundationdb/fdbclient/ActorLineageProfiler.cpp,"(304, 24)-(304, 46)",b'ActorLineageProfilerT::~ActorLineageProfilerT'
foundationdb,../repos/foundationdb/fdbclient/ActorLineageProfiler.cpp,"(316, 17)-(316, 32)",b'SampleIngestor::~SampleIngestor'
foundationdb,../repos/foundationdb/fdbclient/Subspace.cpp,"(41, 11)-(41, 20)",b'Subspace::~Subspace'
foundationdb,../repos/foundationdb/fdbclient/SimpleConfigTransaction.actor.cpp,"(349, 26)-(349, 50)",b'SimpleConfigTransaction::~SimpleConfigTransaction'
foundationdb,../repos/foundationdb/fdbclient/Tracing.actor.cpp,"(352, 10)-(352, 18)",b'ITracer::~ITracer'
foundationdb,../repos/foundationdb/fdbclient/Tracing.actor.cpp,"(382, 7)-(382, 12)",b'Span::~Span'
foundationdb,../repos/foundationdb/fdbclient/BlobGranuleFiles.cpp,"(1597, 2)-(1597, 24)",b'~GranuleLoadFreeHandle()'
foundationdb,../repos/foundationdb/fdbclient/ReadYourWrites.actor.cpp,"(2771, 28)-(2771, 54)",b'ReadYourWritesTransaction::~ReadYourWritesTra...'
foundationdb,../repos/foundationdb/fdbclient/include/fdbclient/ReadYourWrites.h,"(75, 2)-(75, 28)",b'~ReadYourWritesTransaction()'
foundationdb,../repos/foundationdb/fdbclient/include/fdbclient/CoordinationInterface.h,"(124, 10)-(124, 35)",b'~IClusterConnectionRecord()'
foundationdb,../repos/foundationdb/fdbclient/include/fdbclient/AnnotateActor.h,"(62, 2)-(62, 16)",b'~AnnotateActor()'
foundationdb,../repos/foundationdb/fdbclient/include/fdbclient/Tracing.h,"(182, 2)-(182, 7)",b'~Span()'
foundationdb,../repos/foundationdb/fdbclient/include/fdbclient/Tracing.h,"(268, 10)-(268, 18)",b'~ITracer()'
foundationdb,../repos/foundationdb/fdbclient/include/fdbclient/BlobConnectionProvider.h,"(40, 10)-(40, 33)",b'~BlobConnectionProvider()'
foundationdb,../repos/foundationdb/fdbclient/include/fdbclient/BackupContainer.h,"(46, 10)-(46, 22)",b'~IBackupFile()'
foundationdb,../repos/foundationdb/fdbclient/include/fdbclient/BackupContainer.h,"(227, 10)-(227, 27)",b'~IBackupContainer()'
foundationdb,../repos/foundationdb/fdbclient/include/fdbclient/MultiVersionTransaction.h,"(464, 2)-(464, 16)",b'~DLTransaction() override'
foundationdb,../repos/foundationdb/fdbclient/include/fdbclient/MultiVersionTransaction.h,"(569, 2)-(569, 11)",b'~DLTenant() override'
foundationdb,../repos/foundationdb/fdbclient/include/fdbclient/MultiVersionTransaction.h,"(604, 2)-(604, 13)",b'~DLDatabase() override'
foundationdb,../repos/foundationdb/fdbclient/include/fdbclient/MultiVersionTransaction.h,"(702, 2)-(702, 26)",b'~MultiVersionTransaction() override'
foundationdb,../repos/foundationdb/fdbclient/include/fdbclient/MultiVersionTransaction.h,"(899, 2)-(899, 21)",b'~MultiVersionTenant() override'
foundationdb,../repos/foundationdb/fdbclient/include/fdbclient/MultiVersionTransaction.h,"(1010, 2)-(1010, 23)",b'~MultiVersionDatabase() override'
foundationdb,../repos/foundationdb/fdbclient/include/fdbclient/SimpleConfigTransaction.h,"(47, 2)-(47, 26)",b'~SimpleConfigTransaction()'
foundationdb,../repos/foundationdb/fdbclient/include/fdbclient/ActorLineageProfiler.h,"(54, 2)-(54, 9)",b'~Sample()'
foundationdb,../repos/foundationdb/fdbclient/include/fdbclient/ActorLineageProfiler.h,"(63, 10)-(63, 25)",b'~SampleIngestor()'
foundationdb,../repos/foundationdb/fdbclient/include/fdbclient/ActorLineageProfiler.h,"(89, 2)-(89, 18)",b'~FluentDIngestor()'
foundationdb,../repos/foundationdb/fdbclient/include/fdbclient/ActorLineageProfiler.h,"(187, 2)-(187, 24)",b'~ActorLineageProfilerT()'
foundationdb,../repos/foundationdb/fdbclient/include/fdbclient/AsyncFileS3BlobStore.actor.h,"(71, 11)-(71, 16)",b'~Part()'
foundationdb,../repos/foundationdb/fdbclient/include/fdbclient/AsyncFileS3BlobStore.actor.h,"(206, 2)-(206, 28)",b'~AsyncFileS3BlobStoreWrite() override'
foundationdb,../repos/foundationdb/fdbclient/include/fdbclient/AsyncFileS3BlobStore.actor.h,"(293, 2)-(293, 27)",b'~AsyncFileS3BlobStoreRead() override'
foundationdb,../repos/foundationdb/fdbclient/include/fdbclient/TransactionLineage.h,"(105, 2)-(105, 16)",b'~ScopedLineage()'
foundationdb,../repos/foundationdb/fdbclient/include/fdbclient/IClientApi.h,"(38, 10)-(38, 23)",b'~ITransaction()'
foundationdb,../repos/foundationdb/fdbclient/include/fdbclient/IClientApi.h,"(155, 10)-(155, 18)",b'~ITenant()'
foundationdb,../repos/foundationdb/fdbclient/include/fdbclient/IClientApi.h,"(179, 10)-(179, 20)",b'~IDatabase()'
foundationdb,../repos/foundationdb/fdbclient/include/fdbclient/IClientApi.h,"(238, 10)-(238, 21)",b'~IClientApi()'
foundationdb,../repos/foundationdb/fdbclient/include/fdbclient/NativeAPI.actor.h,"(350, 2)-(350, 14)",b'~Transaction()'
foundationdb,../repos/foundationdb/fdbclient/include/fdbclient/PaxosConfigTransaction.h,"(37, 2)-(37, 25)",b'~PaxosConfigTransaction()'
foundationdb,../repos/foundationdb/fdbclient/include/fdbclient/IKnobCollection.h,"(45, 10)-(45, 26)",b'~IKnobCollection()'
foundationdb,../repos/foundationdb/fdbclient/include/fdbclient/Subspace.h,"(34, 10)-(34, 19)",b'~Subspace()'
foundationdb,../repos/foundationdb/fdbclient/include/fdbclient/DatabaseContext.h,"(56, 2)-(56, 20)",b'~StorageServerInfo() override'
foundationdb,../repos/foundationdb/fdbclient/include/fdbclient/DatabaseContext.h,"(175, 2)-(175, 24)",b'~ChangeFeedStorageData()'
foundationdb,../repos/foundationdb/fdbclient/include/fdbclient/DatabaseContext.h,"(198, 2)-(198, 17)",b'~ChangeFeedData()'
foundationdb,../repos/foundationdb/fdbclient/include/fdbclient/DatabaseContext.h,"(279, 2)-(279, 18)",b'~DatabaseContext()'
foundationdb,../repos/foundationdb/fdbclient/include/fdbclient/SimpleIni.h,"(353, 11)-(353, 24)",b'~OutputWriter()'
foundationdb,../repos/foundationdb/fdbclient/include/fdbclient/SimpleIni.h,"(442, 2)-(442, 18)",b'~CSimpleIniTempl()'
foundationdb,../repos/foundationdb/fdbclient/include/fdbclient/SimpleIni.h,"(1149, 53)-(1149, 69)","b'CSimpleIniTempl<SI_CHAR, SI_STRLESS, SI_CONVE...'"
foundationdb,../repos/foundationdb/fdbclient/include/fdbclient/SimpleIni.h,"(2748, 2)-(2748, 14)",b'~SI_ConvertW()'
foundationdb,../repos/foundationdb/fdbclient/include/fdbclient/ISingleThreadTransaction.h,"(39, 10)-(39, 35)",b'~ISingleThreadTransaction()'
foundationdb,../repos/foundationdb/fdbclient/include/fdbclient/IdempotencyId.actor.h,"(178, 2)-(178, 25)",b'~IdempotencyIdKVBuilder()'
foundationdb,../repos/foundationdb/fdbclient/include/fdbclient/SpecialKeySpace.actor.h,"(65, 10)-(65, 34)",b'~SpecialKeyRangeReadImpl()'
foundationdb,../repos/foundationdb/fdbclient/include/fdbclient/SpecialKeySpace.actor.h,"(115, 2)-(115, 24)",b'~SpecialKeyRangeRWImpl() override'
foundationdb,../repos/foundationdb/fdbclient/include/fdbclient/TaskBucket.h,"(60, 2)-(60, 7)",b'~Task()'
foundationdb,../repos/foundationdb/fdbclient/include/fdbclient/TaskBucket.h,"(146, 10)-(146, 21)",b'~TaskBucket()'
foundationdb,../repos/foundationdb/fdbclient/include/fdbclient/TaskBucket.h,"(315, 10)-(315, 23)",b'~FutureBucket()'
foundationdb,../repos/foundationdb/fdbclient/include/fdbclient/TaskBucket.h,"(354, 10)-(354, 21)",b'~TaskFuture()'
foundationdb,../repos/foundationdb/fdbclient/include/fdbclient/TaskBucket.h,"(442, 10)-(442, 23)",b'~TaskFuncBase()'
foundationdb,../repos/foundationdb/fdbclient/include/fdbclient/AsyncTaskThread.h,"(36, 10)-(36, 21)",b'~IAsyncTask()'
foundationdb,../repos/foundationdb/fdbclient/include/fdbclient/AsyncTaskThread.h,"(78, 2)-(78, 18)",b'~AsyncTaskThread()'
foundationdb,../repos/foundationdb/fdbclient/include/fdbclient/MultiVersionAssignmentVars.h,"(163, 2)-(163, 30)",b'~DLThreadSingleAssignmentVar() override'
foundationdb,../repos/foundationdb/fdbclient/include/fdbclient/IKeyValueStore.actor.h,"(157, 10)-(157, 25)",b'~IKeyValueStore()'
foundationdb,../repos/foundationdb/fdbclient/include/fdbclient/BlobCipher.h,"(930, 2)-(930, 29)",b'~EncryptBlobCipherAes265Ctr()'
foundationdb,../repos/foundationdb/fdbclient/include/fdbclient/BlobCipher.h,"(984, 2)-(984, 29)",b'~DecryptBlobCipherAes256Ctr()'
foundationdb,../repos/foundationdb/fdbclient/include/fdbclient/BlobCipher.h,"(1051, 2)-(1051, 22)",b'~HmacSha256DigestGen()'
foundationdb,../repos/foundationdb/fdbclient/include/fdbclient/BlobCipher.h,"(1064, 2)-(1064, 22)",b'~Aes256CmacDigestGen()'
foundationdb,../repos/foundationdb/fdbclient/include/fdbclient/BlobCipher.h,"(1075, 2)-(1075, 12)",b'~Sha256KCV()'
foundationdb,../repos/foundationdb/fdbclient/include/fdbclient/IConfigTransaction.h,"(40, 10)-(40, 29)",b'~IConfigTransaction()'
foundationdb,../repos/foundationdb/fdbclient/include/fdbclient/RandomKeyValueUtils.h,"(38, 10)-(38, 21)",b'~IGenerator()'
foundationdb,../repos/foundationdb/fdbclient/include/fdbclient/BackupContainerFileSystem.h,"(75, 2)-(75, 28)",b'~BackupContainerFileSystem() override'
foundationdb,../repos/foundationdb/fdbclient/include/fdbclient/ManagementAPI.actor.h,"(49, 10)-(49, 24)",b'~IQuorumChange()'
foundationdb,../repos/foundationdb/fdbclient/include/fdbclient/ThreadSafeTransaction.h,"(37, 2)-(37, 21)",b'~ThreadSafeDatabase() override'
foundationdb,../repos/foundationdb/fdbclient/include/fdbclient/ThreadSafeTransaction.h,"(97, 2)-(97, 19)",b'~ThreadSafeTenant() override'
foundationdb,../repos/foundationdb/fdbclient/include/fdbclient/ThreadSafeTransaction.h,"(131, 2)-(131, 24)",b'~ThreadSafeTransaction() override'
foundationdb,../repos/foundationdb/fdbclient/NativeAPI.actor.cpp,"(434, 20)-(434, 38)",b'StorageServerInfo::~StorageServerInfo'
foundationdb,../repos/foundationdb/fdbclient/NativeAPI.actor.cpp,"(1911, 18)-(1911, 34)",b'DatabaseContext::~DatabaseContext'
foundationdb,../repos/foundationdb/fdbclient/NativeAPI.actor.cpp,"(4223, 2)-(4223, 23)",b'~WatchRefCountUpdater()'
foundationdb,../repos/foundationdb/fdbclient/NativeAPI.actor.cpp,"(4959, 2)-(4959, 25)",b'~TSSDuplicateStreamData()'
foundationdb,../repos/foundationdb/fdbclient/NativeAPI.actor.cpp,"(5532, 14)-(5532, 26)",b'Transaction::~Transaction'
foundationdb,../repos/foundationdb/fdbclient/NativeAPI.actor.cpp,"(9979, 24)-(9979, 46)",b'ChangeFeedStorageData::~ChangeFeedStorageData'
foundationdb,../repos/foundationdb/fdbclient/NativeAPI.actor.cpp,"(9991, 17)-(9991, 32)",b'ChangeFeedData::~ChangeFeedData'
foundationdb,../repos/foundationdb/fdbclient/FileBackupAgent.actor.cpp,"(520, 10)-(520, 27)",b'~IRangeFileWriter()'
foundationdb,../repos/foundationdb/fdbclient/AsyncTaskThread.actor.cpp,"(65, 18)-(65, 34)",b'AsyncTaskThread::~AsyncTaskThread'
foundationdb,../repos/foundationdb/fdbclient/ThreadSafeTransaction.cpp,"(247, 21)-(247, 40)",b'ThreadSafeDatabase::~ThreadSafeDatabase'
foundationdb,../repos/foundationdb/fdbclient/ThreadSafeTransaction.cpp,"(353, 19)-(353, 36)",b'ThreadSafeTenant::~ThreadSafeTenant'
foundationdb,../repos/foundationdb/fdbclient/ThreadSafeTransaction.cpp,"(402, 24)-(402, 46)",b'ThreadSafeTransaction::~ThreadSafeTransaction'
foundationdb,../repos/foundationdb/fdbclient/BlobCipher.cpp,"(1299, 29)-(1299, 56)",b'EncryptBlobCipherAes265Ctr::~EncryptBlobCiphe...'
foundationdb,../repos/foundationdb/fdbclient/BlobCipher.cpp,"(1733, 29)-(1733, 56)",b'DecryptBlobCipherAes256Ctr::~DecryptBlobCiphe...'
foundationdb,../repos/foundationdb/fdbclient/BlobCipher.cpp,"(1747, 22)-(1747, 42)",b'HmacSha256DigestGen::~HmacSha256DigestGen'
foundationdb,../repos/foundationdb/fdbclient/BlobCipher.cpp,"(1805, 22)-(1805, 42)",b'Aes256CmacDigestGen::~Aes256CmacDigestGen'
foundationdb,../repos/foundationdb/fdbclient/BlobCipher.cpp,"(1856, 12)-(1856, 22)",b'Sha256KCV::~Sha256KCV'
foundationdb,../repos/foundationdb/fdbclient/MultiVersionTransaction.actor.cpp,"(1911, 26)-(1911, 50)",b'MultiVersionTransaction::~MultiVersionTransaction'
foundationdb,../repos/foundationdb/fdbclient/MultiVersionTransaction.actor.cpp,"(1937, 21)-(1937, 40)",b'MultiVersionTenant::~MultiVersionTenant'
foundationdb,../repos/foundationdb/fdbclient/MultiVersionTransaction.actor.cpp,"(2109, 23)-(2109, 44)",b'MultiVersionDatabase::~MultiVersionDatabase'
foundationdb,../repos/foundationdb/fdbclient/PaxosConfigTransaction.actor.cpp,"(623, 25)-(623, 48)",b'PaxosConfigTransaction::~PaxosConfigTransaction'
foundationdb,../repos/foundationdb/fdbclient/TaskBucket.actor.cpp,"(880, 13)-(880, 24)",b'TaskBucket::~TaskBucket'
foundationdb,../repos/foundationdb/fdbclient/TaskBucket.actor.cpp,"(1046, 15)-(1046, 28)",b'FutureBucket::~FutureBucket'
foundationdb,../repos/foundationdb/fdbclient/TaskBucket.actor.cpp,"(1284, 13)-(1284, 24)",b'TaskFuture::~TaskFuture'
foundationdb,../repos/foundationdb/fdbclient/IdempotencyId.actor.cpp,"(75, 25)-(75, 48)",b'IdempotencyIdKVBuilder::~IdempotencyIdKVBuilder'
foundationdb,../repos/foundationdb/fdbclient/FluentDSampleIngestor.cpp,"(42, 10)-(42, 24)",b'~FluentDSocket()'
foundationdb,../repos/foundationdb/fdbclient/FluentDSampleIngestor.cpp,"(63, 3)-(63, 7)",b'~Buf()'
foundationdb,../repos/foundationdb/fdbclient/FluentDSampleIngestor.cpp,"(211, 2)-(211, 22)",b'~FluentDIngestorImpl()'
foundationdb,../repos/foundationdb/fdbclient/FluentDSampleIngestor.cpp,"(237, 18)-(237, 34)",b'FluentDIngestor::~FluentDIngestor'
foundationdb,../repos/foundationdb/fdbserver/KnobProtectiveGroups.cpp,"(46, 22)-(46, 42)",b'KnobProtectiveGroup::~KnobProtectiveGroup'
foundationdb,../repos/foundationdb/fdbserver/RemoteIKeyValueStore.actor.cpp,"(44, 2)-(44, 14)",b'~AfterReturn()'
foundationdb,../repos/foundationdb/fdbserver/tester.actor.cpp,"(69, 18)-(69, 34)",b'WorkloadContext::~WorkloadContext'
foundationdb,../repos/foundationdb/fdbserver/LocalConfiguration.actor.cpp,"(440, 21)-(440, 40)",b'LocalConfiguration::~LocalConfiguration'
foundationdb,../repos/foundationdb/fdbserver/masterserver.actor.cpp,"(302, 13)-(302, 24)",b'MasterData::~MasterData'
foundationdb,../repos/foundationdb/fdbserver/storageserver.actor.cpp,"(327, 2)-(327, 14)",b'~MoveInShard()'
foundationdb,../repos/foundationdb/fdbserver/storageserver.actor.cpp,"(394, 2)-(394, 14)",b'~AddingShard()'
foundationdb,../repos/foundationdb/fdbserver/storageserver.actor.cpp,"(7434, 2)-(7434, 26)",b'~FetchKeysMetricReporter()'
foundationdb,../repos/foundationdb/fdbserver/storageserver.actor.cpp,"(9595, 14)-(9595, 26)",b'MoveInShard::~MoveInShard'
foundationdb,../repos/foundationdb/fdbserver/OldTLogServer_6_2.actor.cpp,"(642, 2)-(642, 10)",b'~LogData()'
foundationdb,../repos/foundationdb/fdbserver/TagThrottler.actor.cpp,"(207, 15)-(207, 28)",b'TagThrottler::~TagThrottler'
foundationdb,../repos/foundationdb/fdbserver/RocksDBLogForwarder.actor.cpp,"(118, 22)-(118, 42)",b'RocksDBLogForwarder::~RocksDBLogForwarder'
foundationdb,../repos/foundationdb/fdbserver/SimpleConfigConsumer.actor.cpp,"(201, 23)-(201, 44)",b'SimpleConfigConsumer::~SimpleConfigConsumer'
foundationdb,../repos/foundationdb/fdbserver/TransactionTagCounter.actor.cpp,"(118, 24)-(118, 46)",b'TransactionTagCounter::~TransactionTagCounter'
foundationdb,../repos/foundationdb/fdbserver/fdbserver.actor.cpp,"(312, 10)-(312, 35)",b'~WorldReadablePermissions()'
foundationdb,../repos/foundationdb/fdbserver/DDShardTracker.actor.cpp,"(1481, 26)-(1481, 50)",b'DataDistributionTracker::~DataDistributionTracker'
foundationdb,../repos/foundationdb/fdbserver/coroimpl/CoroFlowCoro.actor.cpp,"(58, 2)-(58, 12)",b'~Coroutine()'
foundationdb,../repos/foundationdb/fdbserver/coroimpl/CoroFlowCoro.actor.cpp,"(110, 3)-(110, 8)",b'~Pool()'
foundationdb,../repos/foundationdb/fdbserver/coroimpl/CoroFlow.actor.cpp,"(60, 2)-(60, 12)",b'~Coroutine()'
foundationdb,../repos/foundationdb/fdbserver/coroimpl/CoroFlow.actor.cpp,"(138, 3)-(138, 8)",b'~Pool()'
foundationdb,../repos/foundationdb/fdbserver/SkipList.cpp,"(421, 2)-(421, 11)",b'~SkipList()'
foundationdb,../repos/foundationdb/fdbserver/SkipList.cpp,"(787, 2)-(787, 14)",b'~ConflictSet()'
foundationdb,../repos/foundationdb/fdbserver/SkipList.cpp,"(810, 16)-(810, 30)",b'ConflictBatch::~ConflictBatch'
foundationdb,../repos/foundationdb/fdbserver/TLogServer.actor.cpp,"(702, 2)-(702, 10)",b'~LogData()'
foundationdb,../repos/foundationdb/fdbserver/worker.actor.cpp,"(1573, 2)-(1573, 22)",b'~TrackRunningStorage()'
foundationdb,../repos/foundationdb/fdbserver/KeyValueStoreSQLite.actor.cpp,"(277, 2)-(277, 11)",b'~SQLiteDB()'
foundationdb,../repos/foundationdb/fdbserver/KeyValueStoreSQLite.actor.cpp,"(416, 2)-(416, 12)",b'~Statement()'
foundationdb,../repos/foundationdb/fdbserver/KeyValueStoreSQLite.actor.cpp,"(712, 2)-(712, 20)",b'~SQLiteTransaction()'
foundationdb,../repos/foundationdb/fdbserver/KeyValueStoreSQLite.actor.cpp,"(731, 2)-(731, 15)",b'~IntKeyCursor()'
foundationdb,../repos/foundationdb/fdbserver/KeyValueStoreSQLite.actor.cpp,"(767, 2)-(767, 12)",b'~RawCursor()'
foundationdb,../repos/foundationdb/fdbserver/KeyValueStoreSQLite.actor.cpp,"(1319, 2)-(1319, 13)",b'~ReadCursor()'
foundationdb,../repos/foundationdb/fdbserver/KeyValueStoreSQLite.actor.cpp,"(1321, 10)-(1321, 17)",b'get().~Cursor'
foundationdb,../repos/foundationdb/fdbserver/KeyValueStoreSQLite.actor.cpp,"(1638, 2)-(1638, 22)",b'~KeyValueStoreSQLite() override'
foundationdb,../repos/foundationdb/fdbserver/KeyValueStoreSQLite.actor.cpp,"(1682, 3)-(1682, 10)",b'~Reader() override'
foundationdb,../repos/foundationdb/fdbserver/KeyValueStoreSQLite.actor.cpp,"(1792, 3)-(1792, 10)",b'~Writer() override'
foundationdb,../repos/foundationdb/fdbserver/KeyValueStoreSQLite.actor.cpp,"(2208, 22)-(2208, 42)",b'KeyValueStoreSQLite::~KeyValueStoreSQLite'
foundationdb,../repos/foundationdb/fdbserver/include/fdbserver/LocalConfiguration.h,"(54, 2)-(54, 21)",b'~LocalConfiguration()'
foundationdb,../repos/foundationdb/fdbserver/include/fdbserver/ConfigNode.h,"(36, 2)-(36, 13)",b'~ConfigNode()'
foundationdb,../repos/foundationdb/fdbserver/include/fdbserver/RadixTree.h,"(159, 3)-(159, 12)",b'~leafNode()'
foundationdb,../repos/foundationdb/fdbserver/include/fdbserver/RadixTree.h,"(200, 3)-(200, 16)",b'~internalNode()'
foundationdb,../repos/foundationdb/fdbserver/include/fdbserver/RadixTree.h,"(224, 3)-(224, 17)",b'~internalNode4()'
foundationdb,../repos/foundationdb/fdbserver/include/fdbserver/RadixTree.h,"(244, 3)-(244, 12)",b'~iterator()'
foundationdb,../repos/foundationdb/fdbserver/include/fdbserver/RadixTree.h,"(263, 2)-(263, 13)",b'~radix_tree()'
foundationdb,../repos/foundationdb/fdbserver/include/fdbserver/DeltaTree.h,"(1071, 3)-(1071, 15)",b'~DecodeCache()'
foundationdb,../repos/foundationdb/fdbserver/include/fdbserver/DeltaTree.h,"(1154, 3)-(1154, 10)",b'~Cursor()'
foundationdb,../repos/foundationdb/fdbserver/include/fdbserver/RocksDBLogForwarder.h,"(89, 10)-(89, 30)",b'~RocksDBLogForwarder()'
foundationdb,../repos/foundationdb/fdbserver/include/fdbserver/MetricClient.h,"(35, 10)-(35, 24)",b'~IMetricClient()'
foundationdb,../repos/foundationdb/fdbserver/include/fdbserver/PaxosConfigConsumer.h,"(37, 2)-(37, 22)",b'~PaxosConfigConsumer()'
foundationdb,../repos/foundationdb/fdbserver/include/fdbserver/SimpleConfigConsumer.h,"(39, 2)-(39, 23)",b'~SimpleConfigConsumer()'
foundationdb,../repos/foundationdb/fdbserver/include/fdbserver/ConflictSet.h,"(40, 2)-(40, 16)",b'~ConflictBatch()'
foundationdb,../repos/foundationdb/fdbserver/include/fdbserver/RocksDBCheckpointUtils.actor.h,"(36, 10)-(36, 38)",b'~ICheckpointByteSampleReader()'
foundationdb,../repos/foundationdb/fdbserver/include/fdbserver/RocksDBCheckpointUtils.actor.h,"(51, 10)-(51, 32)",b'~IRocksDBSstFileWriter()'
foundationdb,../repos/foundationdb/fdbserver/include/fdbserver/RestoreController.actor.h,"(84, 2)-(84, 22)",b'~ControllerBatchData()'
foundationdb,../repos/foundationdb/fdbserver/include/fdbserver/RestoreController.actor.h,"(136, 2)-(136, 24)",b'~ControllerBatchStatus()'
foundationdb,../repos/foundationdb/fdbserver/include/fdbserver/RestoreController.actor.h,"(165, 2)-(165, 24)",b'~RestoreControllerData() override'
foundationdb,../repos/foundationdb/fdbserver/include/fdbserver/ClusterController.actor.h,"(3443, 2)-(3443, 24)",b'~ClusterControllerData()'
foundationdb,../repos/foundationdb/fdbserver/include/fdbserver/IKeyValueContainer.h,"(79, 2)-(79, 21)",b'~IKeyValueContainer()'
foundationdb,../repos/foundationdb/fdbserver/include/fdbserver/ConfigBroadcaster.h,"(46, 2)-(46, 20)",b'~ConfigBroadcaster()'
foundationdb,../repos/foundationdb/fdbserver/include/fdbserver/VFSAsync.h,"(92, 2)-(92, 15)",b'~VFSAsyncFile()'
foundationdb,../repos/foundationdb/fdbserver/include/fdbserver/ServerCheckpoint.actor.h,"(40, 10)-(40, 30)",b'~ICheckpointIterator()'
foundationdb,../repos/foundationdb/fdbserver/include/fdbserver/ServerCheckpoint.actor.h,"(64, 10)-(64, 28)",b'~ICheckpointReader()'
foundationdb,../repos/foundationdb/fdbserver/include/fdbserver/DDTxnProcessor.h,"(83, 10)-(83, 26)",b'~IDDTxnProcessor()'
foundationdb,../repos/foundationdb/fdbserver/include/fdbserver/OnDemandStore.h,"(39, 2)-(39, 16)",b'~OnDemandStore()'
foundationdb,../repos/foundationdb/fdbserver/include/fdbserver/RestoreLoader.actor.h,"(55, 2)-(55, 26)",b'~LoaderVersionBatchState() override'
foundationdb,../repos/foundationdb/fdbserver/include/fdbserver/RestoreLoader.actor.h,"(194, 2)-(194, 20)",b'~RestoreLoaderData() override'
foundationdb,../repos/foundationdb/fdbserver/include/fdbserver/RestoreRoleCommon.actor.h,"(79, 10)-(79, 32)",b'~RoleVersionBatchState()'
foundationdb,../repos/foundationdb/fdbserver/include/fdbserver/RestoreRoleCommon.actor.h,"(106, 10)-(106, 26)",b'~RestoreRoleData()'
foundationdb,../repos/foundationdb/fdbserver/include/fdbserver/RestoreWorker.actor.h,"(61, 2)-(61, 20)",b'~RestoreWorkerData()'
foundationdb,../repos/foundationdb/fdbserver/include/fdbserver/TransactionTagCounter.h,"(32, 2)-(32, 24)",b'~TransactionTagCounter()'
foundationdb,../repos/foundationdb/fdbserver/include/fdbserver/DDTeamCollection.h,"(181, 10)-(181, 28)",b'~IDDTeamCollection()'
foundationdb,../repos/foundationdb/fdbserver/include/fdbserver/DDTeamCollection.h,"(688, 2)-(688, 19)",b'~DDTeamCollection()'
foundationdb,../repos/foundationdb/fdbserver/include/fdbserver/TagThrottler.h,"(28, 10)-(28, 24)",b'~ITagThrottler()'
foundationdb,../repos/foundationdb/fdbserver/include/fdbserver/TagThrottler.h,"(66, 2)-(66, 15)",b'~TagThrottler()'
foundationdb,../repos/foundationdb/fdbserver/include/fdbserver/TagThrottler.h,"(87, 2)-(87, 21)",b'~GlobalTagThrottler()'
foundationdb,../repos/foundationdb/fdbserver/include/fdbserver/ClusterRecovery.actor.h,"(313, 2)-(313, 22)",b'~ClusterRecoveryData()'
foundationdb,../repos/foundationdb/fdbserver/include/fdbserver/DDShardTracker.h,"(35, 10)-(35, 26)",b'~IDDShardTracker()'
foundationdb,../repos/foundationdb/fdbserver/include/fdbserver/DDShardTracker.h,"(115, 2)-(115, 26)",b'~DataDistributionTracker() override'
foundationdb,../repos/foundationdb/fdbserver/include/fdbserver/IPageEncryptionKeyProvider.actor.h,"(69, 10)-(69, 37)",b'~IPageEncryptionKeyProvider()'
foundationdb,../repos/foundationdb/fdbserver/include/fdbserver/IPageEncryptionKeyProvider.actor.h,"(114, 10)-(114, 36)",b'~NullEncryptionKeyProvider()'
foundationdb,../repos/foundationdb/fdbserver/include/fdbserver/IPageEncryptionKeyProvider.actor.h,"(137, 10)-(137, 44)",b'~XOREncryptionKeyProvider_TestOnly()'
foundationdb,../repos/foundationdb/fdbserver/include/fdbserver/IPageEncryptionKeyProvider.actor.h,"(196, 10)-(196, 38)",b'~RandomEncryptionKeyProvider()'
foundationdb,../repos/foundationdb/fdbserver/include/fdbserver/IPageEncryptionKeyProvider.actor.h,"(315, 10)-(315, 35)",b'~AESEncryptionKeyProvider()'
foundationdb,../repos/foundationdb/fdbserver/include/fdbserver/CoordinatedState.h,"(32, 2)-(32, 19)",b'~CoordinatedState()'
foundationdb,../repos/foundationdb/fdbserver/include/fdbserver/CoordinatedState.h,"(67, 2)-(67, 26)",b'~MovableCoordinatedState()'
foundationdb,../repos/foundationdb/fdbserver/include/fdbserver/workloads/workloads.actor.h,"(65, 2)-(65, 18)",b'~WorkloadContext()'
foundationdb,../repos/foundationdb/fdbserver/include/fdbserver/workloads/workloads.actor.h,"(81, 10)-(81, 23)",b'~TestWorkload()'
foundationdb,../repos/foundationdb/fdbserver/include/fdbserver/workloads/workloads.actor.h,"(126, 10)-(126, 35)",b'~FailureInjectionWorkload()'
foundationdb,../repos/foundationdb/fdbserver/include/fdbserver/workloads/workloads.actor.h,"(136, 10)-(136, 34)",b'~IFailureInjectorFactory()'
foundationdb,../repos/foundationdb/fdbserver/include/fdbserver/workloads/workloads.actor.h,"(183, 2)-(183, 17)",b'~ClientWorkload()'
foundationdb,../repos/foundationdb/fdbserver/include/fdbserver/workloads/workloads.actor.h,"(233, 10)-(233, 27)",b'~IWorkloadFactory()'
foundationdb,../repos/foundationdb/fdbserver/include/fdbserver/workloads/AsyncFile.actor.h,"(42, 2)-(42, 22)",b'~RandomByteGenerator()'
foundationdb,../repos/foundationdb/fdbserver/include/fdbserver/workloads/AsyncFile.actor.h,"(48, 10)-(48, 26)",b'~AsyncFileBuffer()'
foundationdb,../repos/foundationdb/fdbserver/include/fdbserver/workloads/AsyncFile.actor.h,"(56, 10)-(56, 26)",b'~AsyncFileHandle()'
foundationdb,../repos/foundationdb/fdbserver/include/fdbserver/workloads/AsyncFile.actor.h,"(80, 2)-(80, 20)",b'~AsyncFileWorkload() override'
foundationdb,../repos/foundationdb/fdbserver/include/fdbserver/workloads/ApiWorkload.h,"(37, 10)-(37, 29)",b'~TransactionWrapper()'
foundationdb,../repos/foundationdb/fdbserver/include/fdbserver/workloads/ApiWorkload.h,"(105, 2)-(105, 25)",b'~FlowTransactionWrapper() override'
foundationdb,../repos/foundationdb/fdbserver/include/fdbserver/workloads/ApiWorkload.h,"(180, 2)-(180, 27)",b'~ThreadTransactionWrapper() override'
foundationdb,../repos/foundationdb/fdbserver/include/fdbserver/workloads/ApiWorkload.h,"(241, 10)-(241, 38)",b'~TransactionFactoryInterface()'
foundationdb,../repos/foundationdb/fdbserver/include/fdbserver/workloads/ApiWorkload.h,"(258, 2)-(258, 21)",b'~TransactionFactory() override'
foundationdb,../repos/foundationdb/fdbserver/include/fdbserver/DDRelocationQueue.h,"(33, 10)-(33, 29)",b'~IDDRelocationQueue()'
foundationdb,../repos/foundationdb/fdbserver/include/fdbserver/TCInfo.h,"(124, 2)-(124, 15)",b'~TCServerInfo()'
foundationdb,../repos/foundationdb/fdbserver/include/fdbserver/ServerThroughputTracker.h,"(54, 2)-(54, 26)",b'~ServerThroughputTracker()'
foundationdb,../repos/foundationdb/fdbserver/include/fdbserver/IPager.h,"(140, 2)-(140, 18)",b'~ArbitraryObject()'
foundationdb,../repos/foundationdb/fdbserver/include/fdbserver/IPager.h,"(231, 2)-(231, 12)",b'~ArenaPage()'
foundationdb,../repos/foundationdb/fdbserver/include/fdbserver/IPager.h,"(742, 10)-(742, 25)",b'~IPagerSnapshot()'
foundationdb,../repos/foundationdb/fdbserver/include/fdbserver/IPager.h,"(882, 2)-(882, 10)",b'~IPager2()'
foundationdb,../repos/foundationdb/fdbserver/include/fdbserver/BackupProgress.actor.h,"(40, 2)-(40, 17)",b'~BackupProgress()'
foundationdb,../repos/foundationdb/fdbserver/include/fdbserver/CoroFlow.h,"(39, 2)-(39, 17)",b'~CoroThreadPool()'
foundationdb,../repos/foundationdb/fdbserver/include/fdbserver/KmsConnector.h,"(38, 10)-(38, 23)",b'~KmsConnector()'
foundationdb,../repos/foundationdb/fdbserver/include/fdbserver/KnobProtectiveGroups.h,"(58, 2)-(58, 22)",b'~KnobProtectiveGroup()'
foundationdb,../repos/foundationdb/fdbserver/include/fdbserver/RestoreApplier.actor.h,"(230, 2)-(230, 27)",b'~ApplierVersionBatchState() override'
foundationdb,../repos/foundationdb/fdbserver/include/fdbserver/RestoreApplier.actor.h,"(294, 2)-(294, 19)",b'~ApplierBatchData()'
foundationdb,../repos/foundationdb/fdbserver/include/fdbserver/RestoreApplier.actor.h,"(379, 2)-(379, 21)",b'~RestoreApplierData() override'
foundationdb,../repos/foundationdb/fdbserver/include/fdbserver/IConfigConsumer.h,"(37, 10)-(37, 26)",b'~IConfigConsumer()'
foundationdb,../repos/foundationdb/fdbserver/ConfigBroadcaster.actor.cpp,"(688, 20)-(688, 38)",b'ConfigBroadcaster::~ConfigBroadcaster'
foundationdb,../repos/foundationdb/fdbserver/StorageCache.actor.cpp,"(86, 2)-(86, 19)",b'~AddingCacheRange()'
foundationdb,../repos/foundationdb/fdbserver/OnDemandStore.actor.cpp,"(39, 16)-(39, 30)",b'OnDemandStore::~OnDemandStore'
foundationdb,../repos/foundationdb/fdbserver/VFSAsync.cpp,"(87, 5)-(87, 18)",b'p->~VFSAsyncFile'
foundationdb,../repos/foundationdb/fdbserver/VFSAsync.cpp,"(482, 15)-(482, 28)",b'VFSAsyncFile::~VFSAsyncFile'
foundationdb,../repos/foundationdb/fdbserver/VFSAsync.cpp,"(572, 6)-(572, 19)",b'p->~VFSAsyncFile'
foundationdb,../repos/foundationdb/fdbserver/DDTeamCollection.actor.cpp,"(4135, 19)-(4135, 36)",b'DDTeamCollection::~DDTeamCollection'
foundationdb,../repos/foundationdb/fdbserver/KeyValueStoreShardedRocksDB.actor.cpp,"(464, 2)-(464, 23)",b'~RocksDBErrorListener()'
foundationdb,../repos/foundationdb/fdbserver/KeyValueStoreShardedRocksDB.actor.cpp,"(1089, 2)-(1089, 16)",b'~PhysicalShard()'
foundationdb,../repos/foundationdb/fdbserver/KeyValueStoreShardedRocksDB.actor.cpp,"(2625, 3)-(2625, 20)",b'~CompactionWorker() override'
foundationdb,../repos/foundationdb/fdbserver/KeyValueStoreShardedRocksDB.actor.cpp,"(2701, 3)-(2701, 10)",b'~Writer() override'
foundationdb,../repos/foundationdb/fdbserver/OldTLogServer_4_6.actor.cpp,"(461, 2)-(461, 10)",b'~LogData()'
foundationdb,../repos/foundationdb/fdbserver/ConfigNode.actor.cpp,"(864, 13)-(864, 24)",b'ConfigNode::~ConfigNode'
foundationdb,../repos/foundationdb/fdbserver/PaxosConfigConsumer.actor.cpp,"(663, 22)-(663, 42)",b'PaxosConfigConsumer::~PaxosConfigConsumer'
foundationdb,../repos/foundationdb/fdbserver/DiskQueue.actor.cpp,"(144, 3)-(144, 11)",b'~TrackMe()'
foundationdb,../repos/foundationdb/fdbserver/ServerThroughputTracker.cpp,"(67, 26)-(67, 50)",b'ServerThroughputTracker::~ServerThroughputTracker'
foundationdb,../repos/foundationdb/fdbserver/workloads/TransactionCost.actor.cpp,"(51, 11)-(51, 17)",b'~ITest()'
foundationdb,../repos/foundationdb/fdbserver/workloads/FileSystem.actor.cpp,"(43, 11)-(43, 24)",b'~FileSystemOp()'
foundationdb,../repos/foundationdb/fdbserver/workloads/Throughput.actor.cpp,"(50, 10)-(50, 22)",b'~ITransactor()'
foundationdb,../repos/foundationdb/fdbserver/workloads/Throughput.actor.cpp,"(185, 10)-(185, 20)",b'~IMeasurer()'
foundationdb,../repos/foundationdb/fdbserver/workloads/AsyncFileCorrectness.actor.cpp,"(97, 2)-(97, 31)",b'~AsyncFileCorrectnessWorkload() override'
foundationdb,../repos/foundationdb/fdbserver/workloads/EncryptionOps.actor.cpp,"(164, 2)-(164, 24)",b'~EncryptionOpsWorkload()'
foundationdb,../repos/foundationdb/fdbserver/workloads/AsyncFileRead.actor.cpp,"(102, 2)-(102, 8)",b'~IOLog()'
foundationdb,../repos/foundationdb/fdbserver/workloads/AsyncFileRead.actor.cpp,"(187, 2)-(187, 24)",b'~AsyncFileReadWorkload() override'
foundationdb,../repos/foundationdb/fdbserver/workloads/TenantEntryCacheWorkload.actor.cpp,"(59, 2)-(59, 27)",b'~TenantEntryCacheWorkload()'
foundationdb,../repos/foundationdb/fdbserver/workloads/ApiCorrectness.actor.cpp,"(159, 2)-(159, 25)",b'~ApiCorrectnessWorkload() override'
foundationdb,../repos/foundationdb/fdbserver/workloads/ClientTransactionProfileCorrectness.actor.cpp,"(123, 10)-(123, 21)",b'~ParserBase()'
foundationdb,../repos/foundationdb/fdbserver/workloads/ClientTransactionProfileCorrectness.actor.cpp,"(125, 13)-(125, 24)",b'ParserBase::~ParserBase'
foundationdb,../repos/foundationdb/fdbserver/workloads/ClientTransactionProfileCorrectness.actor.cpp,"(128, 2)-(128, 12)",b'~Parser_V1() override'
foundationdb,../repos/foundationdb/fdbserver/workloads/ClientTransactionProfileCorrectness.actor.cpp,"(132, 2)-(132, 12)",b'~Parser_V2() override'
foundationdb,../repos/foundationdb/fdbserver/workloads/ClientTransactionProfileCorrectness.actor.cpp,"(139, 2)-(139, 12)",b'~Parser_V3() override'
foundationdb,../repos/foundationdb/fdbserver/workloads/ResolverBug.actor.cpp,"(96, 3)-(96, 16)",b'~ReportTraces()'
foundationdb,../repos/foundationdb/fdbserver/workloads/ThreadSafety.actor.cpp,"(54, 2)-(54, 10)",b'~Barrier()'
foundationdb,../repos/foundationdb/fdbserver/workloads/KVStoreTest.actor.cpp,"(118, 2)-(118, 9)",b'~KVTest()'
foundationdb,../repos/foundationdb/fdbserver/workloads/ClientWorkload.actor.cpp,"(39, 2)-(39, 23)",b'~WorkloadProcessState()'
foundationdb,../repos/foundationdb/fdbserver/workloads/ClientWorkload.actor.cpp,"(234, 17)-(234, 32)",b'ClientWorkload::~ClientWorkload'
foundationdb,../repos/foundationdb/fdbserver/workloads/ExternalWorkload.actor.cpp,"(159, 2)-(159, 19)",b'~ExternalWorkload() override'
foundationdb,../repos/foundationdb/fdbserver/workloads/AsyncFile.cpp,"(34, 22)-(34, 42)",b'RandomByteGenerator::~RandomByteGenerator'
foundationdb,../repos/foundationdb/fdbserver/workloads/AsyncFile.cpp,"(102, 18)-(102, 34)",b'AsyncFileBuffer::~AsyncFileBuffer'
foundationdb,../repos/foundationdb/fdbserver/workloads/AsyncFile.cpp,"(119, 18)-(119, 34)",b'AsyncFileHandle::~AsyncFileHandle'
foundationdb,../repos/foundationdb/fdbserver/workloads/DiskDurability.actor.cpp,"(32, 3)-(32, 13)",b'~FileBlock()'
foundationdb,../repos/foundationdb/fdbserver/workloads/DiskDurability.actor.cpp,"(101, 2)-(101, 25)",b'~DiskDurabilityWorkload() override'
foundationdb,../repos/foundationdb/fdbserver/BlobWorker.actor.cpp,"(1401, 2)-(1401, 16)",b'~CounterHolder()'
foundationdb,../repos/foundationdb/fdbserver/RocksDBCheckpointUtils.actor.cpp,"(291, 3)-(291, 29)",b'~RocksCfCheckpointIterator()'
foundationdb,../repos/foundationdb/fdbserver/RocksDBCheckpointUtils.actor.cpp,"(312, 3)-(312, 34)",b'~DummyRocksDBCheckpointIterator()'
foundationdb,../repos/foundationdb/fdbserver/RocksDBCheckpointUtils.actor.cpp,"(367, 3)-(367, 10)",b'~Reader() override'
foundationdb,../repos/foundationdb/fdbserver/RocksDBCheckpointUtils.actor.cpp,"(778, 2)-(778, 36)",b'~RocksDBCheckpointByteSampleReader()'
foundationdb,../repos/foundationdb/fdbserver/CoordinatedState.actor.cpp,"(221, 19)-(221, 36)",b'CoordinatedState::~CoordinatedState'
foundationdb,../repos/foundationdb/fdbserver/CoordinatedState.actor.cpp,"(365, 26)-(365, 50)",b'MovableCoordinatedState::~MovableCoordinatedState'
foundationdb,../repos/foundationdb/fdbserver/GlobalTagThrottler.actor.cpp,"(478, 21)-(478, 40)",b'GlobalTagThrottler::~GlobalTagThrottler'
foundationdb,../repos/foundationdb/fdbserver/BlobMigrator.actor.cpp,"(76, 2)-(76, 15)",b'~BlobMigrator()'
foundationdb,../repos/foundationdb/fdbserver/BlobManifest.actor.cpp,"(403, 10)-(403, 29)",b'~BlobManifestDumper()'
foundationdb,../repos/foundationdb/fdbserver/BlobManifest.actor.cpp,"(645, 10)-(645, 29)",b'~BlobManifestLoader()'
foundationdb,../repos/foundationdb/fdbserver/OldTLogServer_6_0.actor.cpp,"(554, 2)-(554, 10)",b'~LogData()'
foundationdb,../repos/foundationdb/fdbserver/SimulatedCluster.actor.cpp,"(286, 3)-(286, 17)",b'~ConfigBuilder()'
foundationdb,../repos/foundationdb/fdbserver/Resolver.actor.cpp,"(215, 2)-(215, 11)",b'~Resolver()'
foundationdb,../repos/foundationdb/fdbserver/VersionedBTree.actor.cpp,"(430, 3)-(430, 10)",b'~Cursor()'
foundationdb,../repos/foundationdb/fdbserver/VersionedBTree.actor.cpp,"(898, 2)-(898, 12)",b'~FIFOQueue()'
foundationdb,../repos/foundationdb/fdbserver/VersionedBTree.actor.cpp,"(3968, 2)-(3968, 20)",b'~DWALPagerSnapshot() override'
foundationdb,../repos/foundationdb/fdbserver/VersionedBTree.actor.cpp,"(5375, 10)-(5375, 25)",b'~VersionedBTree()'
foundationdb,../repos/foundationdb/fdbserver/VersionedBTree.actor.cpp,"(8331, 2)-(8331, 23)",b'~KeyValueStoreRedwood() override'
foundationdb,../repos/foundationdb/fdbserver/MetricLogger.actor.cpp,"(189, 2)-(189, 11)",b'~MetricDB() override'
foundationdb,../repos/foundationdb/fdbserver/KeyValueStoreRocksDB.actor.cpp,"(318, 2)-(318, 23)",b'~RocksDBErrorListener()'
foundationdb,../repos/foundationdb/fdbserver/TCInfo.actor.cpp,"(240, 15)-(240, 28)",b'TCServerInfo::~TCServerInfo'
foundationdb,../repos/foundationdb/flow/FastAlloc.cpp,"(331, 14)-(331, 26)",b'ActiveScope::~ActiveScope'
foundationdb,../repos/foundationdb/flow/FastAlloc.cpp,"(616, 34)-(616, 45)",b'ThreadData::~ThreadData'
foundationdb,../repos/foundationdb/flow/Trace.cpp,"(67, 26)-(67, 50)",b'ITraceLogIssuesReporter::~ITraceLogIssuesReporter'
foundationdb,../repos/foundationdb/flow/Trace.cpp,"(608, 2)-(608, 11)",b'~TraceLog()'
foundationdb,../repos/foundationdb/flow/Trace.cpp,"(1385, 17)-(1385, 32)",b'BaseTraceEvent::~BaseTraceEvent'
foundationdb,../repos/foundationdb/flow/ThreadPrimitives.cpp,"(39, 8)-(39, 14)",b'Event::~Event'
foundationdb,../repos/foundationdb/flow/ThreadPrimitives.cpp,"(54, 8)-(54, 14)",b'Mutex::~Mutex'
foundationdb,../repos/foundationdb/flow/Platform.actor.cpp,"(3341, 10)-(3341, 18)",b'TmpFile::~TmpFile'
foundationdb,../repos/foundationdb/flow/CodeProbe.cpp,"(258, 13)-(258, 24)",b'ICodeProbe::~ICodeProbe'
foundationdb,../repos/foundationdb/flow/include/flow/Util.h,"(83, 2)-(83, 7)",b'~Hold()'
foundationdb,../repos/foundationdb/flow/include/flow/IndexedSet.h,"(78, 3)-(78, 8)",b'~Node()'
foundationdb,../repos/foundationdb/flow/include/flow/IndexedSet.h,"(153, 2)-(153, 13)",b'~IndexedSet()'
foundationdb,../repos/foundationdb/flow/include/flow/FastRef.h,"(126, 2)-(126, 12)",b'~Reference()'
foundationdb,../repos/foundationdb/flow/include/flow/FastAlloc.h,"(137, 3)-(137, 14)",b'~ThreadData()'
foundationdb,../repos/foundationdb/flow/include/flow/FastAlloc.h,"(200, 2)-(200, 14)",b'~ActiveScope()'
foundationdb,../repos/foundationdb/flow/include/flow/CodeProbe.h,"(220, 10)-(220, 21)",b'~ICodeProbe()'
foundationdb,../repos/foundationdb/flow/include/flow/Histogram.h,"(81, 2)-(81, 12)",b'~Histogram()'
foundationdb,../repos/foundationdb/flow/include/flow/network.h,"(118, 2)-(118, 14)",b'~NetworkInfo()'
foundationdb,../repos/foundationdb/flow/include/flow/network.h,"(123, 10)-(123, 19)",b'~IEventFD()'
foundationdb,../repos/foundationdb/flow/include/flow/network.h,"(290, 2)-(290, 11)",b'~INetwork()'
foundationdb,../repos/foundationdb/flow/include/flow/AsioReactor.h,"(74, 3)-(74, 11)",b'~EventFD() override'
foundationdb,../repos/foundationdb/flow/include/flow/OwningResource.h,"(59, 2)-(59, 11)",b'~Resource()'
foundationdb,../repos/foundationdb/flow/include/flow/OwningResource.h,"(83, 10)-(83, 22)",b'~ResourceRef()'
foundationdb,../repos/foundationdb/flow/include/flow/OwningResource.h,"(116, 10)-(116, 28)",b'~ResourceOwningRef()'
foundationdb,../repos/foundationdb/flow/include/flow/Coroutines.h,"(52, 2)-(52, 17)",b'~AsyncGenerator()'
foundationdb,../repos/foundationdb/flow/include/flow/Coroutines.h,"(96, 2)-(96, 12)",b'~Generator()'
foundationdb,../repos/foundationdb/flow/include/flow/FileTraceLogWriter.h,"(34, 2)-(34, 13)",b'~IssuesList() override'
foundationdb,../repos/foundationdb/flow/include/flow/IThreadPool.h,"(48, 10)-(48, 30)",b'~IThreadPoolReceiver()'
foundationdb,../repos/foundationdb/flow/include/flow/IThreadPool.h,"(61, 10)-(61, 22)",b'~IThreadPool()'
foundationdb,../repos/foundationdb/flow/include/flow/IThreadPool.h,"(86, 2)-(86, 22)",b'~ThreadReturnPromise()'
foundationdb,../repos/foundationdb/flow/include/flow/IThreadPool.h,"(121, 2)-(121, 28)",b'~ThreadReturnPromiseStream()'
foundationdb,../repos/foundationdb/flow/include/flow/IThreadPool.h,"(151, 2)-(151, 18)",b'~DummyThreadPool() override'
foundationdb,../repos/foundationdb/flow/include/flow/Platform.h,"(462, 2)-(462, 10)",b'~TmpFile()'
foundationdb,../repos/foundationdb/flow/include/flow/ThreadSafeQueue.h,"(131, 2)-(131, 18)",b'~ThreadSafeQueue()'
foundationdb,../repos/foundationdb/flow/include/flow/Deque.h,"(117, 2)-(117, 8)",b'~Deque()'
foundationdb,../repos/foundationdb/flow/include/flow/Deque.h,"(139, 19)-(139, 21)",b'arr[end & mask].~T'
foundationdb,../repos/foundationdb/flow/include/flow/Deque.h,"(144, 14)-(144, 16)",b'arr[begin].~T'
foundationdb,../repos/foundationdb/flow/include/flow/Deque.h,"(154, 18)-(154, 20)",b'arr[i & mask].~T'
foundationdb,../repos/foundationdb/flow/include/flow/Deque.h,"(213, 18)-(213, 20)",b'arr[i & mask].~T'
foundationdb,../repos/foundationdb/flow/include/flow/Deque.h,"(224, 12)-(224, 14)",b'data[i].~T'
foundationdb,../repos/foundationdb/flow/include/flow/Deque.h,"(231, 18)-(231, 20)",b'arr[i & mask].~T'
foundationdb,../repos/foundationdb/flow/include/flow/ActorContext.h,"(79, 2)-(79, 20)",b'~ActiveActorHelper()'
foundationdb,../repos/foundationdb/flow/include/flow/ActorContext.h,"(85, 2)-(85, 30)",b'~ActorExecutionContextHelper()'
foundationdb,../repos/foundationdb/flow/include/flow/TreeBenchmark.h,"(37, 2)-(37, 10)",b'~opTimer()'
foundationdb,../repos/foundationdb/flow/include/flow/ITrace.h,"(53, 10)-(53, 34)",b'~ITraceLogIssuesReporter()'
foundationdb,../repos/foundationdb/flow/include/flow/IAsyncFile.h,"(42, 10)-(42, 21)",b'~IAsyncFile()'
foundationdb,../repos/foundationdb/flow/include/flow/IAsyncFile.h,"(146, 10)-(146, 27)",b'~IAsyncFileSystem()'
foundationdb,../repos/foundationdb/flow/include/flow/IRateControl.h,"(27, 10)-(27, 23)",b'~IRateControl()'
foundationdb,../repos/foundationdb/flow/include/flow/IRateControl.h,"(47, 2)-(47, 13)",b'~SpeedLimit() override'
foundationdb,../repos/foundationdb/flow/include/flow/IRateControl.h,"(102, 2)-(102, 12)",b'~Unlimited() override'
foundationdb,../repos/foundationdb/flow/include/flow/Net2Packet.h,"(50, 2)-(50, 20)",b'~UnsentPacketQueue()'
foundationdb,../repos/foundationdb/flow/include/flow/genericactors.actor.h,"(583, 10)-(583, 19)",b'~AsyncMap()'
foundationdb,../repos/foundationdb/flow/include/flow/genericactors.actor.h,"(1020, 9)-(1020, 16)",b'this->~Quorum'
foundationdb,../repos/foundationdb/flow/include/flow/genericactors.actor.h,"(1533, 3)-(1533, 12)",b'~Releaser()'
foundationdb,../repos/foundationdb/flow/include/flow/genericactors.actor.h,"(1631, 3)-(1631, 12)",b'~Releaser()'
foundationdb,../repos/foundationdb/flow/include/flow/genericactors.actor.h,"(1824, 3)-(1824, 12)",b'~Releaser()'
foundationdb,../repos/foundationdb/flow/include/flow/genericactors.actor.h,"(2298, 10)-(2298, 25)",b'~IAsyncListener()'
foundationdb,../repos/foundationdb/flow/include/flow/TDMetric.actor.h,"(118, 10)-(118, 20)",b'~IMetricDB()'
foundationdb,../repos/foundationdb/flow/include/flow/TDMetric.actor.h,"(767, 10)-(767, 21)",b'~BaseMetric()'
foundationdb,../repos/foundationdb/flow/include/flow/TDMetric.actor.h,"(828, 2)-(828, 18)",b'~BaseEventMetric() override'
foundationdb,../repos/foundationdb/flow/include/flow/TDMetric.actor.h,"(981, 10)-(981, 27)",b'~DynamicFieldBase()'
foundationdb,../repos/foundationdb/flow/include/flow/TDMetric.actor.h,"(1100, 2)-(1100, 21)",b'~DynamicEventMetric() override'
foundationdb,../repos/foundationdb/flow/include/flow/TDMetric.actor.h,"(1469, 2)-(1469, 10)",b'~IMetric()'
foundationdb,../repos/foundationdb/flow/include/flow/flat_buffers.h,"(507, 2)-(507, 17)",b'~PrecomputeSize()'
foundationdb,../repos/foundationdb/flow/include/flow/ThreadHelper.actor.h,"(330, 2)-(330, 32)",b'~ThreadSingleAssignmentVarBase()'
foundationdb,../repos/foundationdb/flow/include/flow/ThreadHelper.actor.h,"(512, 10)-(512, 36)",b'~ThreadSingleAssignmentVar()'
foundationdb,../repos/foundationdb/flow/include/flow/ThreadHelper.actor.h,"(616, 2)-(616, 15)",b'~ThreadFuture()'
foundationdb,../repos/foundationdb/flow/include/flow/ThreadHelper.actor.h,"(935, 2)-(935, 15)",b'~ThreadResult()'
foundationdb,../repos/foundationdb/flow/include/flow/SimBugInjector.h,"(47, 10)-(47, 18)",b'~ISimBug()'
foundationdb,../repos/foundationdb/flow/include/flow/SimBugInjector.h,"(71, 10)-(71, 25)",b'~IBugIdentifier()'
foundationdb,../repos/foundationdb/flow/include/flow/flow.h,"(584, 10)-(584, 32)",b'~LineagePropertiesBase()'
foundationdb,../repos/foundationdb/flow/include/flow/flow.h,"(640, 2)-(640, 15)",b'~ActorLineage()'
foundationdb,../repos/foundationdb/flow/include/flow/flow.h,"(748, 2)-(748, 15)",b'~LineageScope()'
foundationdb,../repos/foundationdb/flow/include/flow/flow.h,"(764, 2)-(764, 15)",b'~LocalLineage()'
foundationdb,../repos/foundationdb/flow/include/flow/flow.h,"(791, 2)-(791, 6)",b'~SAV()'
foundationdb,../repos/foundationdb/flow/include/flow/flow.h,"(793, 12)-(793, 14)",b'value().~T'
foundationdb,../repos/foundationdb/flow/include/flow/flow.h,"(1059, 2)-(1059, 9)",b'~Future()'
foundationdb,../repos/foundationdb/flow/include/flow/flow.h,"(1162, 2)-(1162, 10)",b'~Promise()'
foundationdb,../repos/foundationdb/flow/include/flow/flow.h,"(1220, 10)-(1220, 24)",b'~NotifiedQueue()'
foundationdb,../repos/foundationdb/flow/include/flow/flow.h,"(1346, 2)-(1346, 15)",b'~FutureStream()'
foundationdb,../repos/foundationdb/flow/include/flow/flow.h,"(1472, 2)-(1472, 16)",b'~PromiseStream()'
foundationdb,../repos/foundationdb/flow/include/flow/flow.h,"(1519, 4)-(1519, 6)",b't.~T'
foundationdb,../repos/foundationdb/flow/include/flow/Trace.h,"(412, 10)-(412, 25)",b'~BaseTraceEvent()'
foundationdb,../repos/foundationdb/flow/include/flow/Trace.h,"(534, 2)-(534, 19)",b'~EventCacheHolder()'
foundationdb,../repos/foundationdb/flow/include/flow/TLSConfig.actor.h,"(232, 10)-(232, 20)",b'~TLSPolicy()'
foundationdb,../repos/foundationdb/flow/include/flow/ProcessEvents.h,"(40, 2)-(40, 8)",b'~Event()'
foundationdb,../repos/foundationdb/flow/include/flow/StreamCipher.h,"(48, 2)-(48, 18)",b'~StreamCipherKey()'
foundationdb,../repos/foundationdb/flow/include/flow/StreamCipher.h,"(73, 2)-(73, 15)",b'~StreamCipher()'
foundationdb,../repos/foundationdb/flow/include/flow/singleton.h,"(61, 2)-(61, 15)",b'~WinLockGuard() noexcept'
foundationdb,../repos/foundationdb/flow/include/flow/singleton.h,"(103, 37)-(103, 39)",b'ptr->~T'
foundationdb,../repos/foundationdb/flow/include/flow/singleton.h,"(125, 8)-(125, 10)",b'ptr->~T'
foundationdb,../repos/foundationdb/flow/include/flow/ThreadPrimitives.h,"(61, 2)-(61, 17)",b'~ThreadSpinLock()'
foundationdb,../repos/foundationdb/flow/include/flow/ThreadPrimitives.h,"(104, 2)-(104, 23)",b'~ThreadSpinLockHolder()'
foundationdb,../repos/foundationdb/flow/include/flow/ThreadPrimitives.h,"(133, 2)-(133, 8)",b'~Event()'
foundationdb,../repos/foundationdb/flow/include/flow/ThreadPrimitives.h,"(146, 2)-(146, 8)",b'~Mutex()'
foundationdb,../repos/foundationdb/flow/include/flow/ThreadPrimitives.h,"(159, 2)-(159, 14)",b'~MutexHolder()'
foundationdb,../repos/foundationdb/flow/include/flow/Arena.h,"(85, 2)-(85, 10)",b'~TrackIt()'
foundationdb,../repos/foundationdb/flow/include/flow/Arena.h,"(91, 2)-(91, 14)",b'~NonCopyable()'
foundationdb,../repos/foundationdb/flow/include/flow/Arena.h,"(340, 2)-(340, 13)",b'~Standalone()'
foundationdb,../repos/foundationdb/flow/include/flow/IUDPSocket.h,"(33, 10)-(33, 21)",b'~IUDPSocket()'
foundationdb,../repos/foundationdb/flow/include/flow/PriorityMultiLock.actor.h,"(102, 2)-(102, 20)",b'~PriorityMultiLock()'
foundationdb,../repos/foundationdb/flow/include/flow/ScopeExit.h,"(33, 2)-(33, 12)",b'~ScopeExit()'
foundationdb,../repos/foundationdb/flow/network.cpp,"(380, 13)-(380, 24)",b'IUDPSocket::~IUDPSocket'
foundationdb,../repos/foundationdb/flow/network.cpp,"(451, 14)-(451, 26)",b'NetworkInfo::~NetworkInfo'
foundationdb,../repos/foundationdb/flow/SimBugInjector.cpp,"(45, 10)-(45, 18)",b'ISimBug::~ISimBug'
foundationdb,../repos/foundationdb/flow/SimBugInjector.cpp,"(66, 17)-(66, 32)",b'IBugIdentifier::~IBugIdentifier'
foundationdb,../repos/foundationdb/flow/IAsyncFile.actor.cpp,"(29, 13)-(29, 24)",b'IAsyncFile::~IAsyncFile'
foundationdb,../repos/foundationdb/flow/ActorCollection.actor.cpp,"(39, 2)-(39, 22)",b'~RunnerListDestroyer()'
foundationdb,../repos/foundationdb/flow/ProcessEvents.cpp,"(51, 3)-(51, 14)",b'~Triggering()'
foundationdb,../repos/foundationdb/flow/ProcessEvents.cpp,"(172, 8)-(172, 14)",b'Event::~Event'
foundationdb,../repos/foundationdb/flow/flow.cpp,"(46, 24)-(46, 46)",b'LineagePropertiesBase::~LineagePropertiesBase'
foundationdb,../repos/foundationdb/flow/flow.cpp,"(54, 15)-(54, 28)",b'ActorLineage::~ActorLineage'
foundationdb,../repos/foundationdb/flow/Deque.cpp,"(86, 2)-(86, 17)",b'~RandomlyThrows()'
foundationdb,../repos/foundationdb/flow/Profiler.actor.cpp,"(136, 2)-(136, 11)",b'~Profiler()'
foundationdb,../repos/foundationdb/flow/flat_buffers.cpp,"(210, 2)-(210, 8)",b'~Arena()'
foundationdb,../repos/foundationdb/flow/IndexedSet.cpp,"(433, 3)-(433, 11)",b'~Counter()'
foundationdb,../repos/foundationdb/flow/StreamCipher.cpp,"(79, 18)-(79, 34)",b'StreamCipherKey::~StreamCipherKey'
foundationdb,../repos/foundationdb/flow/StreamCipher.cpp,"(96, 15)-(96, 28)",b'StreamCipher::~StreamCipher'
foundationdb,../repos/foundationdb/flow/TLSConfig.actor.cpp,"(26, 12)-(26, 22)",b'TLSPolicy::~TLSPolicy'
foundationdb,../repos/foundationdb/flow/ActorContext.cpp,"(61, 20)-(61, 38)",b'ActiveActorHelper::~ActiveActorHelper'
foundationdb,../repos/foundationdb/flow/ActorContext.cpp,"(76, 30)-(76, 58)",b'ActorExecutionContextHelper::~ActorExecutionC...'
foundationdb,../repos/foundationdb/flow/FileTraceLogWriter.cpp,"(76, 13)-(76, 24)",b'IssuesList::~IssuesList'
foundationdb,../repos/foundationdb/flow/IThreadPool.cpp,"(47, 3)-(47, 10)",b'~Thread()'
foundationdb,../repos/foundationdb/flow/IThreadPool.cpp,"(87, 3)-(87, 17)",b'~ActionWrapper()'
foundationdb,../repos/foundationdb/flow/IThreadPool.cpp,"(97, 2)-(97, 13)",b'~ThreadPool() override'
foundationdb,../repos/foundationdb/FDBLibTLS/verify-test.cpp,"(47, 2)-(47, 22)",b'~FDBLibTLSVerifyTest()'
foundationdb,../repos/foundationdb/FDBLibTLS/FDBLibTLSPolicy.cpp,"(54, 18)-(54, 34)",b'FDBLibTLSPolicy::~FDBLibTLSPolicy'
foundationdb,../repos/foundationdb/FDBLibTLS/FDBLibTLSPlugin.cpp,"(34, 18)-(34, 34)",b'FDBLibTLSPlugin::~FDBLibTLSPlugin'
foundationdb,../repos/foundationdb/FDBLibTLS/FDBLibTLSVerify.cpp,"(167, 18)-(167, 34)",b'FDBLibTLSVerify::~FDBLibTLSVerify'
foundationdb,../repos/foundationdb/FDBLibTLS/FDBLibTLSPlugin.h,"(33, 10)-(33, 26)",b'~FDBLibTLSPlugin()'
foundationdb,../repos/foundationdb/FDBLibTLS/FDBLibTLSPolicy.h,"(37, 10)-(37, 26)",b'~FDBLibTLSPolicy()'
foundationdb,../repos/foundationdb/FDBLibTLS/FDBLibTLSVerify.h,"(66, 10)-(66, 26)",b'~FDBLibTLSVerify()'
foundationdb,../repos/foundationdb/FDBLibTLS/FDBLibTLSSession.cpp,"(107, 19)-(107, 36)",b'FDBLibTLSSession::~FDBLibTLSSession'
foundationdb,../repos/foundationdb/FDBLibTLS/FDBLibTLSSession.h,"(44, 10)-(44, 27)",b'~FDBLibTLSSession()'
foundationdb,../repos/foundationdb/FDBLibTLS/plugin-test.cpp,"(66, 2)-(66, 22)",b'~FDBLibTLSPluginTest()'
foundationdb,../repos/foundationdb/FDBLibTLS/plugin-test.cpp,"(96, 22)-(96, 42)",b'FDBLibTLSPluginTest::~FDBLibTLSPluginTest'
foundationdb,../repos/foundationdb/fdbrpc/sim2.actor.cpp,"(81, 13)-(81, 24)",b'ISimulator::~ISimulator'
foundationdb,../repos/foundationdb/fdbrpc/sim2.actor.cpp,"(377, 2)-(377, 11)",b'~Sim2Conn()'
foundationdb,../repos/foundationdb/fdbrpc/sim2.actor.cpp,"(739, 2)-(739, 13)",b'~SimpleFile() override'
foundationdb,../repos/foundationdb/fdbrpc/sim2.actor.cpp,"(2772, 2)-(2772, 15)",b'~UDPSimSocket() override'
foundationdb,../repos/foundationdb/fdbrpc/CoroTests.cpp,"(194, 2)-(194, 19)",b'~YieldMockNetwork()'
foundationdb,../repos/foundationdb/fdbrpc/CoroTests.cpp,"(1096, 2)-(1096, 10)",b'~Tracker()'
foundationdb,../repos/foundationdb/fdbrpc/CoroTests.cpp,"(1304, 2)-(1304, 17)",b'~LifetimeLogger()'
foundationdb,../repos/foundationdb/fdbrpc/TokenCache.actor.cpp,"(177, 13)-(177, 24)",b'TokenCache::~TokenCache'
foundationdb,../repos/foundationdb/fdbrpc/FlowTests.actor.cpp,"(234, 2)-(234, 19)",b'~YieldMockNetwork()'
foundationdb,../repos/foundationdb/fdbrpc/FlowTests.actor.cpp,"(1419, 2)-(1419, 10)",b'~Tracker()'
foundationdb,../repos/foundationdb/fdbrpc/Stats.actor.cpp,"(216, 15)-(216, 28)",b'LatencyBands::~LatencyBands'
foundationdb,../repos/foundationdb/fdbrpc/FlowTransport.actor.cpp,"(304, 2)-(304, 16)",b'~TransportData()'
foundationdb,../repos/foundationdb/fdbrpc/FlowTransport.actor.cpp,"(1003, 16)-(1003, 30)",b'TransportData::~TransportData'
foundationdb,../repos/foundationdb/fdbrpc/FlowTransport.actor.cpp,"(1624, 16)-(1624, 30)",b'FlowTransport::~FlowTransport'
foundationdb,../repos/foundationdb/fdbrpc/ReplicationPolicy.cpp,"(102, 15)-(102, 28)",b'PolicyAcross::~PolicyAcross'
foundationdb,../repos/foundationdb/fdbrpc/include/fdbrpc/Net2FileSystem.h,"(51, 2)-(51, 17)",b'~Net2FileSystem() override'
foundationdb,../repos/foundationdb/fdbrpc/include/fdbrpc/AsyncFileCached.actor.h,"(52, 10)-(52, 24)",b'~EvictablePage()'
foundationdb,../repos/foundationdb/fdbrpc/include/fdbrpc/AsyncFileCached.actor.h,"(260, 2)-(260, 18)",b'~AsyncFileCached() override'
foundationdb,../repos/foundationdb/fdbrpc/include/fdbrpc/AsyncFileCached.actor.h,"(622, 2)-(622, 10)",b'~AFCPage() override'
foundationdb,../repos/foundationdb/fdbrpc/include/fdbrpc/Replication.h,"(37, 10)-(37, 22)",b'~LocalitySet()'
foundationdb,../repos/foundationdb/fdbrpc/include/fdbrpc/Replication.h,"(465, 11)-(465, 31)",b'~LocalityCacheRecord()'
foundationdb,../repos/foundationdb/fdbrpc/include/fdbrpc/Replication.h,"(512, 2)-(512, 16)",b'~LocalityGroup() override'
foundationdb,../repos/foundationdb/fdbrpc/include/fdbrpc/Replication.h,"(589, 2)-(589, 14)",b'~LocalityMap() override'
foundationdb,../repos/foundationdb/fdbrpc/include/fdbrpc/Stats.h,"(91, 2)-(91, 20)",b'~CounterCollection()'
foundationdb,../repos/foundationdb/fdbrpc/include/fdbrpc/Stats.h,"(229, 2)-(229, 15)",b'~LatencyBands()'
foundationdb,../repos/foundationdb/fdbrpc/include/fdbrpc/FlowTransport.h,"(198, 2)-(198, 16)",b'~FlowTransport()'
foundationdb,../repos/foundationdb/fdbrpc/include/fdbrpc/AsyncFileWinASIO.actor.h,"(205, 2)-(205, 19)",b'~AsyncFileWinASIO()'
foundationdb,../repos/foundationdb/fdbrpc/include/fdbrpc/FlowProcess.actor.h,"(59, 10)-(59, 22)",b'~FlowProcess()'
foundationdb,../repos/foundationdb/fdbrpc/include/fdbrpc/AsyncFileReadAhead.actor.h,"(46, 3)-(46, 14)",b'~CacheBlock()'
foundationdb,../repos/foundationdb/fdbrpc/include/fdbrpc/AsyncFileReadAhead.actor.h,"(196, 2)-(196, 26)",b'~AsyncFileReadAheadCache() override'
foundationdb,../repos/foundationdb/fdbrpc/include/fdbrpc/fdbrpc.h,"(52, 2)-(52, 15)",b'~FlowReceiver()'
foundationdb,../repos/foundationdb/fdbrpc/include/fdbrpc/fdbrpc.h,"(164, 2)-(164, 15)",b'~ReplyPromise()'
foundationdb,../repos/foundationdb/fdbrpc/include/fdbrpc/fdbrpc.h,"(446, 2)-(446, 39)",b'~NetNotifiedQueueWithAcknowledgements()'
foundationdb,../repos/foundationdb/fdbrpc/include/fdbrpc/fdbrpc.h,"(545, 2)-(545, 21)",b'~ReplyPromiseStream()'
foundationdb,../repos/foundationdb/fdbrpc/include/fdbrpc/fdbrpc.h,"(924, 2)-(924, 16)",b'~RequestStream()'
foundationdb,../repos/foundationdb/fdbrpc/include/fdbrpc/AsyncFileNonDurable.actor.h,"(198, 2)-(198, 22)",b'~AsyncFileNonDurable() override'
foundationdb,../repos/foundationdb/fdbrpc/include/fdbrpc/TokenCache.h,"(32, 2)-(32, 13)",b'~TokenCache()'
foundationdb,../repos/foundationdb/fdbrpc/include/fdbrpc/AsyncFileKAIO.actor.h,"(396, 2)-(396, 16)",b'~AsyncFileKAIO() override'
foundationdb,../repos/foundationdb/fdbrpc/include/fdbrpc/ReplicationPolicy.h,"(34, 10)-(34, 29)",b'~IReplicationPolicy()'
foundationdb,../repos/foundationdb/fdbrpc/include/fdbrpc/ReplicationPolicy.h,"(123, 2)-(123, 15)",b'~PolicyAcross() override'
foundationdb,../repos/foundationdb/fdbrpc/include/fdbrpc/genericactors.actor.h,"(319, 2)-(319, 13)",b'~PeerHolder()'
foundationdb,../repos/foundationdb/fdbrpc/include/fdbrpc/AsyncFileEIO.actor.h,"(249, 2)-(249, 15)",b'~AsyncFileEIO() override'
foundationdb,../repos/foundationdb/fdbrpc/include/fdbrpc/MultiInterface.h,"(70, 10)-(70, 30)",b'~ReferencedInterface()'
foundationdb,../repos/foundationdb/fdbrpc/include/fdbrpc/MultiInterface.h,"(175, 10)-(175, 25)",b'~ModelInterface()'
foundationdb,../repos/foundationdb/fdbrpc/include/fdbrpc/MultiInterface.h,"(192, 10)-(192, 25)",b'~MultiInterface()'
foundationdb,../repos/foundationdb/fdbrpc/include/fdbrpc/MultiInterface.h,"(244, 10)-(244, 25)",b'~MultiInterface()'
foundationdb,../repos/foundationdb/fdbrpc/include/fdbrpc/AsyncFileWriteChecker.h,"(92, 2)-(92, 24)",b'~AsyncFileWriteChecker() override'
foundationdb,../repos/foundationdb/fdbrpc/include/fdbrpc/simulator.h,"(435, 10)-(435, 21)",b'~ISimulator()'
foundationdb,../repos/foundationdb/fdbrpc/include/fdbrpc/simulator.h,"(492, 2)-(492, 17)",b'~Sim2FileSystem() override'
foundationdb,../repos/foundationdb/fdbrpc/include/fdbrpc/QueueModel.h,"(126, 2)-(126, 13)",b'~QueueModel()'
foundationdb,../repos/foundationdb/fdbrpc/include/fdbrpc/LoadBalance.actor.h,"(67, 2)-(67, 14)",b'~ModelHolder()'
foundationdb,../repos/foundationdb/fdbrpc/include/fdbrpc/LoadBalance.actor.h,"(427, 2)-(427, 14)",b'~RequestData()'
foundationdb,../repos/foundationdb/fdbrpc/dsltest.actor.cpp,"(313, 2)-(313, 10)",b'~FastKey()'
foundationdb,../repos/foundationdb/fdbrpc/AsyncFileCached.actor.cpp,"(30, 16)-(30, 30)",b'EvictablePage::~EvictablePage'
foundationdb,../repos/foundationdb/fdbrpc/AsyncFileCached.actor.cpp,"(285, 18)-(285, 34)",b'AsyncFileCached::~AsyncFileCached'
foundationdb,../repos/foundationdb/fdbservice/ServiceBase.cpp,"(143, 15)-(143, 28)",b'CServiceBase::~CServiceBase'
foundationdb,../repos/foundationdb/fdbservice/ServiceBase.h,"(39, 10)-(39, 23)",b'~CServiceBase(void)'
foundationdb,../repos/foundationdb/fdbservice/FDBService.cpp,"(123, 10)-(123, 21)",b'~FDBService(void)'
foundationdb,../repos/foundationdb/fdbservice/FDBService.cpp,"(199, 3)-(199, 14)",b'~Subprocess()'
foundationdb,../repos/foundationdb/fdbmonitor/fdbmonitor.cpp,"(648, 2)-(648, 10)",b'~Command()'
foundationdb,../repos/foundationdb/fdbbackup/FileDecoder.actor.cpp,"(541, 2)-(541, 17)",b'~DecodeProgress()'
foundationdb,../repos/foundationdb/fdbbackup/FileDecoder.actor.cpp,"(660, 2)-(660, 22)",b'~DecodeRangeProgress()'
