Repo name,File name,Location,Content
foundationdb,../repos/foundationdb/contrib/stacktrace/stacktrace.amalgamation.cpp,"(691, 22)-(691, 24)",b'extern char __start_##name[] ABSL_ATTRIBUTE_W...'
foundationdb,../repos/foundationdb/contrib/stacktrace/stacktrace.amalgamation.cpp,"(691, 139)-(691, 141)",b'extern char __start_##name[] ABSL_ATTRIBUTE_W...'
foundationdb,../repos/foundationdb/contrib/stacktrace/stacktrace.amalgamation.cpp,"(707, 77)-(707, 79)",b'(reinterpret_cast<void*>(__start_##name))'
foundationdb,../repos/foundationdb/contrib/stacktrace/stacktrace.amalgamation.cpp,"(708, 75)-(708, 77)",b'(reinterpret_cast<void*>(__stop_##name))'
foundationdb,../repos/foundationdb/contrib/stacktrace/stacktrace.amalgamation.cpp,"(1970, 136)-(1970, 138)",b'namespace {                                  ...'
foundationdb,../repos/foundationdb/contrib/stacktrace/stacktrace.amalgamation.cpp,"(1970, 367)-(1970, 369)",b'namespace {                                  ...'
foundationdb,../repos/foundationdb/contrib/stacktrace/stacktrace.amalgamation.cpp,"(1970, 833)-(1970, 835)",b'namespace {                                  ...'
foundationdb,../repos/foundationdb/contrib/stacktrace/stacktrace.amalgamation.cpp,"(1970, 849)-(1970, 851)",b'namespace {                                  ...'
foundationdb,../repos/foundationdb/contrib/stacktrace/stacktrace.amalgamation.cpp,"(1970, 861)-(1970, 863)",b'namespace {                                  ...'
foundationdb,../repos/foundationdb/contrib/rapidjson/rapidjson/rapidjson.h,"(434, 35)-(434, 37)",b'X##Y'
foundationdb,../repos/foundationdb/contrib/rapidjson/rapidjson/msinttypes/stdint.h,"(66, 24)-(66, 26)",b'val##i8'
foundationdb,../repos/foundationdb/contrib/rapidjson/rapidjson/msinttypes/stdint.h,"(67, 25)-(67, 27)",b'val##i16'
foundationdb,../repos/foundationdb/contrib/rapidjson/rapidjson/msinttypes/stdint.h,"(68, 25)-(68, 27)",b'val##i32'
foundationdb,../repos/foundationdb/contrib/rapidjson/rapidjson/msinttypes/stdint.h,"(69, 25)-(69, 27)",b'val##i64'
foundationdb,../repos/foundationdb/contrib/rapidjson/rapidjson/msinttypes/stdint.h,"(71, 25)-(71, 27)",b'val##ui8'
foundationdb,../repos/foundationdb/contrib/rapidjson/rapidjson/msinttypes/stdint.h,"(72, 26)-(72, 28)",b'val##ui16'
foundationdb,../repos/foundationdb/contrib/rapidjson/rapidjson/msinttypes/stdint.h,"(73, 26)-(73, 28)",b'val##ui32'
foundationdb,../repos/foundationdb/contrib/rapidjson/rapidjson/msinttypes/stdint.h,"(74, 26)-(74, 28)",b'val##ui64'
foundationdb,../repos/foundationdb/contrib/rapidjson/rapidjson/msinttypes/stdint.h,"(274, 24)-(274, 26)",b'val##i8'
foundationdb,../repos/foundationdb/contrib/rapidjson/rapidjson/msinttypes/stdint.h,"(275, 25)-(275, 27)",b'val##i16'
foundationdb,../repos/foundationdb/contrib/rapidjson/rapidjson/msinttypes/stdint.h,"(276, 25)-(276, 27)",b'val##i32'
foundationdb,../repos/foundationdb/contrib/rapidjson/rapidjson/msinttypes/stdint.h,"(277, 25)-(277, 27)",b'val##i64'
foundationdb,../repos/foundationdb/contrib/rapidjson/rapidjson/msinttypes/stdint.h,"(279, 25)-(279, 27)",b'val##ui8'
foundationdb,../repos/foundationdb/contrib/rapidjson/rapidjson/msinttypes/stdint.h,"(280, 26)-(280, 28)",b'val##ui16'
foundationdb,../repos/foundationdb/contrib/rapidjson/rapidjson/msinttypes/stdint.h,"(281, 26)-(281, 28)",b'val##ui32'
foundationdb,../repos/foundationdb/contrib/rapidjson/rapidjson/msinttypes/stdint.h,"(282, 26)-(282, 28)",b'val##ui64'
foundationdb,../repos/foundationdb/contrib/rapidjson/rapidjson/schema.h,"(878, 29)-(878, 31)",b'static const ValueType& Get##name##String() {...'
foundationdb,../repos/foundationdb/contrib/rapidjson/rapidjson/schema.h,"(878, 35)-(878, 37)",b'static const ValueType& Get##name##String() {...'
foundationdb,../repos/foundationdb/contrib/fmt-8.1.1/include/fmt/os.h,"(43, 30)-(43, 32)",b'_##call'
foundationdb,../repos/foundationdb/contrib/fmt-8.1.1/include/fmt/os.h,"(56, 37)-(56, 39)",b'::_##call'
foundationdb,../repos/foundationdb/bindings/c/fdb_c.cpp,"(1385, 133)-(1385, 135)",b'if (header_version < ver)                    ...'
foundationdb,../repos/foundationdb/bindings/c/fdb_c.cpp,"(1385, 155)-(1385, 157)",b'if (header_version < ver)                    ...'
foundationdb,../repos/foundationdb/bindings/c/fdb_c.cpp,"(1385, 159)-(1385, 161)",b'if (header_version < ver)                    ...'
foundationdb,../repos/foundationdb/bindings/c/fdb_c.cpp,"(1385, 164)-(1385, 166)",b'if (header_version < ver)                    ...'
foundationdb,../repos/foundationdb/bindings/c/fdb_c.cpp,"(1385, 256)-(1385, 258)",b'if (header_version < ver)                    ...'
foundationdb,../repos/foundationdb/bindings/c/fdb_c.cpp,"(1385, 366)-(1385, 368)",b'if (header_version < ver)                    ...'
foundationdb,../repos/foundationdb/bindings/c/fdb_c.cpp,"(1385, 388)-(1385, 390)",b'if (header_version < ver)                    ...'
foundationdb,../repos/foundationdb/bindings/c/fdb_c.cpp,"(1391, 133)-(1391, 135)",b'if (header_version < ver)                    ...'
foundationdb,../repos/foundationdb/bindings/c/fdb_c.cpp,"(1391, 155)-(1391, 157)",b'if (header_version < ver)                    ...'
foundationdb,../repos/foundationdb/bindings/c/fdb_c.cpp,"(1391, 159)-(1391, 161)",b'if (header_version < ver)                    ...'
foundationdb,../repos/foundationdb/bindings/c/fdb_c.cpp,"(1391, 164)-(1391, 166)",b'if (header_version < ver)                    ...'
foundationdb,../repos/foundationdb/bindings/c/fdb_c.cpp,"(1391, 366)-(1391, 368)",b'if (header_version < ver)                    ...'
foundationdb,../repos/foundationdb/bindings/c/test/apitester/TesterUtil.h,"(35, 60)-(35, 62)",b'enum { error_code_##name = number };'
foundationdb,../repos/foundationdb/bindings/c/test/shim_lib_tester.cpp,"(33, 60)-(33, 62)",b'enum { error_code_##name = number };'
foundationdb,../repos/foundationdb/fdbserver/include/fdbserver/workloads/workloads.actor.h,"(258, 74)-(258, 76)",b'WorkloadFactory<classname> classname##Workloa...'
foundationdb,../repos/foundationdb/flow/aarch64/asmdefs.h,"(84, 17)-(84, 19)",b'.L ## l'
foundationdb,../repos/foundationdb/flow/aarch64/asmdefs.h,"(88, 26)-(88, 28)","b'mov w##n, w##n'"
foundationdb,../repos/foundationdb/flow/aarch64/asmdefs.h,"(88, 32)-(88, 34)","b'mov w##n, w##n'"
foundationdb,../repos/foundationdb/flow/aarch64/asmdefs.h,"(95, 27)-(95, 29)","b'mov w##n, w##n'"
foundationdb,../repos/foundationdb/flow/aarch64/asmdefs.h,"(95, 33)-(95, 35)","b'mov w##n, w##n'"
foundationdb,../repos/foundationdb/flow/include/flow/CodeProbe.h,"(322, 43)-(322, 45)",b'type##counter'
foundationdb,../repos/foundationdb/flow/include/flow/UnitTest.h,"(105, 23)-(105, 25)",b'a##b'
foundationdb,../repos/foundationdb/flow/include/flow/swift_support.h,"(62, 30)-(62, 32)",b'id1##id2'
foundationdb,../repos/foundationdb/flow/include/flow/swift_support.h,"(63, 35)-(63, 37)",b'id1##id2##id3'
foundationdb,../repos/foundationdb/flow/include/flow/swift_support.h,"(63, 40)-(63, 42)",b'id1##id2##id3'
foundationdb,../repos/foundationdb/flow/include/flow/swift_support.h,"(105, 30)-(105, 32)",b'id1##id2'
foundationdb,../repos/foundationdb/flow/include/flow/swift_support.h,"(106, 35)-(106, 37)",b'id1##id2##id3'
foundationdb,../repos/foundationdb/flow/include/flow/swift_support.h,"(106, 40)-(106, 42)",b'id1##id2##id3'
foundationdb,../repos/foundationdb/flow/include/flow/Error.h,"(88, 138)-(88, 140)",b'inline Error name() { return Error(number); }...'
foundationdb,../repos/foundationdb/flow/include/flow/Platform.h,"(847, 47)-(847, 49)",b'h##t'
foundationdb,../repos/foundationdb/flow/include/flow/Platform.h,"(872, 46)-(872, 48)",b'h##t'
foundationdb,../repos/foundationdb/flow/include/flow/ppc-asm.h,"(246, 22)-(246, 24)",b'a##b'
foundationdb,../repos/foundationdb/flow/include/flow/xxhash.h,"(140, 34)-(140, 36)",b'XXH_INLINE_##Id'
foundationdb,../repos/foundationdb/flow/include/flow/xxhash.h,"(192, 24)-(192, 26)",b'A##B'
foundationdb,../repos/foundationdb/flow/include/flow/swift_concurrency_hooks.h,"(46, 35)-(46, 37)",b'A##B'
foundationdb,../repos/foundationdb/flow/include/flow/swift_concurrency_hooks.h,"(191, 37)-(191, 39)","b'SWIFT_MACRO_IF(SWIFT_IMAGE_EXPORTS_##LIBRARY,...'"
foundationdb,../repos/foundationdb/flow/include/flow/swift_concurrency_hooks.h,"(214, 31)-(214, 33)",b'SWIFT_CC_##CC'
foundationdb,../repos/foundationdb/flow/include/flow/IDispatched.h,"(45, 13)-(45, 15)",b'struct Type##Instance {                      ...'
foundationdb,../repos/foundationdb/flow/include/flow/IDispatched.h,"(45, 125)-(45, 127)",b'struct Type##Instance {                      ...'
foundationdb,../repos/foundationdb/flow/include/flow/IDispatched.h,"(45, 696)-(45, 698)",b'struct Type##Instance {                      ...'
foundationdb,../repos/foundationdb/flow/include/flow/IDispatched.h,"(45, 712)-(45, 714)",b'struct Type##Instance {                      ...'
foundationdb,../repos/foundationdb/flow/include/flow/IDispatched.h,"(53, 13)-(53, 15)",b'struct Type##Instance {                      ...'
foundationdb,../repos/foundationdb/flow/include/flow/IDispatched.h,"(53, 125)-(53, 127)",b'struct Type##Instance {                      ...'
foundationdb,../repos/foundationdb/flow/include/flow/IDispatched.h,"(53, 808)-(53, 810)",b'struct Type##Instance {                      ...'
foundationdb,../repos/foundationdb/flow/include/flow/IDispatched.h,"(53, 824)-(53, 826)",b'struct Type##Instance {                      ...'
foundationdb,../repos/foundationdb/flow/include/flow/FaultInjection.h,"(27, 208)-(27, 210)",b'do {                                         ...'
foundationdb,../repos/foundationdb/flow/include/flow/FaultInjection.h,"(35, 305)-(35, 307)",b'do {                                         ...'
foundationdb,../repos/foundationdb/flow/Error.cpp,"(192, 148)-(192, 150)","b'addCode(number, #name, description);         ...'"
foundationdb,../repos/foundationdb/fdbrpc/JsonWebKeySet.cpp,"(72, 809)-(72, 811)",b'do {                                         ...'
foundationdb,../repos/foundationdb/fdbrpc/JsonWebKeySet.cpp,"(72, 813)-(72, 815)",b'do {                                         ...'
foundationdb,../repos/foundationdb/fdbrpc/JsonWebKeySet.cpp,"(491, 928)-(491, 930)",b'do {                                         ...'
foundationdb,../repos/foundationdb/fdbrpc/JsonWebKeySet.cpp,"(491, 1197)-(491, 1199)",b'do {                                         ...'
foundationdb,../repos/foundationdb/fdbrpc/JsonWebKeySet.cpp,"(491, 1214)-(491, 1216)",b'do {                                         ...'
foundationdb,../repos/foundationdb/fdbrpc/JsonWebKeySet.cpp,"(592, 928)-(592, 930)",b'do {                                         ...'
foundationdb,../repos/foundationdb/fdbrpc/JsonWebKeySet.cpp,"(592, 1197)-(592, 1199)",b'do {                                         ...'
foundationdb,../repos/foundationdb/fdbrpc/JsonWebKeySet.cpp,"(592, 1214)-(592, 1216)",b'do {                                         ...'
foundationdb,../repos/foundationdb/fdbrpc/JsonWebKeySet.cpp,"(617, 583)-(617, 585)",b'do {                                         ...'
foundationdb,../repos/foundationdb/fdbrpc/JsonWebKeySet.cpp,"(617, 852)-(617, 854)",b'do {                                         ...'
foundationdb,../repos/foundationdb/fdbrpc/JsonWebKeySet.cpp,"(617, 869)-(617, 871)",b'do {                                         ...'
foundationdb,../repos/foundationdb/fdbrpc/libeio/ecb.h,"(170, 28)-(170, 30)",b'a##b'
