Repo name,File name,Location,Content
foundationdb,../repos/foundationdb/contrib/serialize-check/src/SourceScanner.cpp,"(8, 10)-(8, 18)",b'#include <vector>\n'
foundationdb,../repos/foundationdb/contrib/monitoring/actor_flamegraph.cpp,"(2, 10)-(2, 25)",b'#include <unordered_map>\n'
foundationdb,../repos/foundationdb/contrib/monitoring/actor_flamegraph.cpp,"(3, 10)-(3, 18)",b'#include <vector>\n'
foundationdb,../repos/foundationdb/contrib/monitoring/actor_flamegraph.cpp,"(7, 10)-(7, 17)",b'#include <stack>\n'
foundationdb,../repos/foundationdb/contrib/fmt-8.1.1/src/fmt.cc,"(44, 10)-(44, 18)",b'#include <vector>\n'
foundationdb,../repos/foundationdb/contrib/fmt-8.1.1/include/fmt/args.h,"(13, 10)-(13, 18)",b'#include <vector>\n'
foundationdb,../repos/foundationdb/contrib/rapidxml/include/rapidxml/rapidxml_utils.hpp,"(11, 10)-(11, 18)",b'#include <vector>\n'
foundationdb,../repos/foundationdb/fdbcli/RangeConfigCommand.actor.cpp,"(24, 10)-(24, 16)",b'#include <list>\n'
foundationdb,../repos/foundationdb/fdbcli/ConsistencyScanCommand.actor.cpp,"(22, 10)-(22, 16)",b'#include <list>\n'
foundationdb,../repos/foundationdb/bindings/c/foundationdb/ClientWorkload.h,"(25, 10)-(25, 18)",b'#include <vector>\n'
foundationdb,../repos/foundationdb/bindings/c/test/unit/unit_tests.cpp,"(31, 10)-(31, 15)",b'#include <map>\n'
foundationdb,../repos/foundationdb/bindings/c/test/unit/unit_tests.cpp,"(37, 10)-(37, 18)",b'#include <vector>\n'
foundationdb,../repos/foundationdb/bindings/c/test/client_config_tester.cpp,"(37, 10)-(37, 25)",b'#include <unordered_map>\n'
foundationdb,../repos/foundationdb/bindings/c/test/apitester/TesterTestSpec.h,"(27, 10)-(27, 25)",b'#include <unordered_map>\n'
foundationdb,../repos/foundationdb/bindings/c/test/apitester/TesterTestSpec.h,"(28, 10)-(28, 18)",b'#include <vector>\n'
foundationdb,../repos/foundationdb/bindings/c/test/apitester/TesterBlobGranuleCorrectnessWorkload.cpp,"(23, 10)-(23, 25)",b'#include <unordered_set>\n'
foundationdb,../repos/foundationdb/bindings/c/test/apitester/TesterBlobGranuleCorrectnessWorkload.cpp,"(24, 10)-(24, 15)",b'#include <set>\n'
foundationdb,../repos/foundationdb/bindings/c/test/apitester/TesterKeyValueStore.h,"(26, 10)-(26, 15)",b'#include <map>\n'
foundationdb,../repos/foundationdb/bindings/c/test/apitester/TesterKeyValueStore.h,"(30, 10)-(30, 18)",b'#include <vector>\n'
foundationdb,../repos/foundationdb/bindings/c/test/apitester/TesterBlobGranuleUtil.h,"(27, 10)-(27, 25)",b'#include <unordered_map>\n'
foundationdb,../repos/foundationdb/bindings/c/test/apitester/TesterWorkload.h,"(30, 10)-(30, 25)",b'#include <unordered_map>\n'
foundationdb,../repos/foundationdb/bindings/c/test/apitester/TesterWorkload.cpp,"(29, 10)-(29, 18)",b'#include <vector>\n'
foundationdb,../repos/foundationdb/bindings/c/test/apitester/TesterTransactionExecutor.cpp,"(30, 10)-(30, 25)",b'#include <unordered_map>\n'
foundationdb,../repos/foundationdb/bindings/c/test/mako/mako.hpp,"(28, 10)-(28, 17)",b'#include <array>\n'
foundationdb,../repos/foundationdb/bindings/c/test/mako/mako.hpp,"(32, 10)-(32, 16)",b'#include <list>\n'
foundationdb,../repos/foundationdb/bindings/c/test/mako/mako.hpp,"(33, 10)-(33, 15)",b'#include <map>\n'
foundationdb,../repos/foundationdb/bindings/c/test/mako/mako.hpp,"(37, 10)-(37, 18)",b'#include <vector>\n'
foundationdb,../repos/foundationdb/bindings/c/test/mako/mako.cpp,"(21, 10)-(21, 17)",b'#include <array>\n'
foundationdb,../repos/foundationdb/bindings/c/test/mako/mako.cpp,"(30, 10)-(30, 15)",b'#include <map>\n'
foundationdb,../repos/foundationdb/bindings/c/test/mako/mako.cpp,"(54, 10)-(54, 25)",b'#include <unordered_map>\n'
foundationdb,../repos/foundationdb/bindings/c/test/mako/ddsketch.hpp,"(31, 10)-(31, 18)",b'#include <vector>\n'
foundationdb,../repos/foundationdb/bindings/c/test/mako/operations.hpp,"(25, 10)-(25, 17)",b'#include <array>\n'
foundationdb,../repos/foundationdb/bindings/c/test/mako/operations.hpp,"(30, 10)-(30, 18)",b'#include <vector>\n'
foundationdb,../repos/foundationdb/bindings/c/test/mako/stats.hpp,"(24, 10)-(24, 17)",b'#include <array>\n'
foundationdb,../repos/foundationdb/bindings/c/test/mako/stats.hpp,"(30, 10)-(30, 16)",b'#include <list>\n'
foundationdb,../repos/foundationdb/bindings/c/test/mako/stats.hpp,"(45, 10)-(45, 18)",b'#include <vector>\n'
foundationdb,../repos/foundationdb/bindings/c/test/mako/tenant.hpp,"(22, 10)-(22, 15)",b'#include <map>\n'
foundationdb,../repos/foundationdb/bindings/c/test/mako/tenant.hpp,"(24, 10)-(24, 18)",b'#include <vector>\n'
foundationdb,../repos/foundationdb/bindings/c/test/mako/admin_server.cpp,"(27, 10)-(27, 15)",b'#include <map>\n'
foundationdb,../repos/foundationdb/bindings/c/test/mako/operations.cpp,"(26, 10)-(26, 17)",b'#include <array>\n'
foundationdb,../repos/foundationdb/bindings/c/test/fdb_api.hpp,"(36, 10)-(36, 18)",b'#include <vector>\n'
foundationdb,../repos/foundationdb/bindings/c/test/workloads/workloads.h,"(24, 10)-(24, 15)",b'#include <map>\n'
foundationdb,../repos/foundationdb/bindings/c/test/workloads/SimpleWorkload.cpp,"(26, 10)-(26, 25)",b'#include <unordered_map>\n'
foundationdb,../repos/foundationdb/bindings/c/test/client_memory_test.cpp,"(28, 10)-(28, 18)",b'#include <vector>\n'
foundationdb,../repos/foundationdb/bindings/java/JavaWorkload.cpp,"(30, 10)-(30, 15)",b'#include <set>\n'
foundationdb,../repos/foundationdb/flowbench/BenchPriorityMultiLock.actor.cpp,"(26, 10)-(26, 17)",b'#include <deque>\n'
foundationdb,../repos/foundationdb/flowbench/BenchCallback.actor.cpp,"(23, 10)-(23, 18)",b'#include <vector>\n'
foundationdb,../repos/foundationdb/fdbclient/DatabaseBackupAgent.actor.cpp,"(38, 10)-(38, 15)",b'#include <map>\n'
foundationdb,../repos/foundationdb/fdbclient/BlobGranuleFiles.cpp,"(45, 10)-(45, 18)",b'#include <vector>\n'
foundationdb,../repos/foundationdb/fdbclient/include/fdbclient/ReadYourWrites.h,"(31, 10)-(31, 16)",b'#include <list>\n'
foundationdb,../repos/foundationdb/fdbclient/include/fdbclient/GenericManagementAPI.actor.h,"(36, 10)-(36, 15)",b'#include <map>\n'
foundationdb,../repos/foundationdb/fdbclient/include/fdbclient/TenantEntryCache.actor.h,"(40, 10)-(40, 25)",b'#include <unordered_map>\n'
foundationdb,../repos/foundationdb/fdbclient/include/fdbclient/CommitProxyInterface.h,"(26, 10)-(26, 18)",b'#include <vector>\n'
foundationdb,../repos/foundationdb/fdbclient/include/fdbclient/Tracing.h,"(28, 10)-(28, 25)",b'#include <unordered_set>\n'
foundationdb,../repos/foundationdb/fdbclient/include/fdbclient/BackupContainer.h,"(30, 10)-(30, 18)",b'#include <vector>\n'
foundationdb,../repos/foundationdb/fdbclient/include/fdbclient/MutationLogReader.actor.h,"(29, 10)-(29, 17)",b'#include <deque>\n'
foundationdb,../repos/foundationdb/fdbclient/include/fdbclient/ActorLineageProfiler.h,"(28, 10)-(28, 18)",b'#include <vector>\n'
foundationdb,../repos/foundationdb/fdbclient/include/fdbclient/VersionVector.h,"(27, 10)-(27, 15)",b'#include <set>\n'
foundationdb,../repos/foundationdb/fdbclient/include/fdbclient/json_spirit/json_spirit_value.h,"(13, 10)-(13, 18)",b'#include <vector>\n'
foundationdb,../repos/foundationdb/fdbclient/include/fdbclient/json_spirit/json_spirit_value.h,"(14, 10)-(14, 15)",b'#include <map>\n'
foundationdb,../repos/foundationdb/fdbclient/include/fdbclient/FDBOptions.h,"(26, 10)-(26, 16)",b'#include <list>\n'
foundationdb,../repos/foundationdb/fdbclient/include/fdbclient/FDBOptions.h,"(27, 10)-(27, 15)",b'#include <map>\n'
foundationdb,../repos/foundationdb/fdbclient/include/fdbclient/DatabaseContext.h,"(31, 10)-(31, 18)",b'#include <vector>\n'
foundationdb,../repos/foundationdb/fdbclient/include/fdbclient/DatabaseContext.h,"(32, 10)-(32, 25)",b'#include <unordered_map>\n'
foundationdb,../repos/foundationdb/fdbclient/include/fdbclient/SimpleIni.h,"(217, 10)-(217, 15)",b'#include <map>\n'
foundationdb,../repos/foundationdb/fdbclient/include/fdbclient/SimpleIni.h,"(218, 10)-(218, 16)",b'#include <list>\n'
foundationdb,../repos/foundationdb/fdbclient/include/fdbclient/JsonBuilder.h,"(4, 10)-(4, 18)",b'#include <vector>\n'
foundationdb,../repos/foundationdb/fdbclient/include/fdbclient/Notified.h,"(28, 10)-(28, 17)",b'#include <queue>\n'
foundationdb,../repos/foundationdb/fdbclient/include/fdbclient/FDBTypes.h,"(25, 10)-(25, 17)",b'#include <array>\n'
foundationdb,../repos/foundationdb/fdbclient/include/fdbclient/FDBTypes.h,"(28, 10)-(28, 15)",b'#include <set>\n'
foundationdb,../repos/foundationdb/fdbclient/include/fdbclient/FDBTypes.h,"(31, 10)-(31, 18)",b'#include <vector>\n'
foundationdb,../repos/foundationdb/fdbclient/include/fdbclient/FDBTypes.h,"(32, 10)-(32, 25)",b'#include <unordered_set>\n'
foundationdb,../repos/foundationdb/fdbclient/include/fdbclient/CommitTransaction.h,"(33, 10)-(33, 25)",b'#include <unordered_set>\n'
foundationdb,../repos/foundationdb/fdbclient/include/fdbclient/GlobalConfig.actor.h,"(30, 10)-(30, 15)",b'#include <map>\n'
foundationdb,../repos/foundationdb/fdbclient/include/fdbclient/GlobalConfig.actor.h,"(33, 10)-(33, 25)",b'#include <unordered_map>\n'
foundationdb,../repos/foundationdb/fdbclient/include/fdbclient/RESTUtils.h,"(32, 10)-(32, 25)",b'#include <unordered_map>\n'
foundationdb,../repos/foundationdb/fdbclient/include/fdbclient/KeyBackedTypes.actor.h,"(30, 10)-(30, 18)",b'#include <vector>\n'
foundationdb,../repos/foundationdb/fdbclient/include/fdbclient/TenantManagement.actor.h,"(30, 10)-(30, 15)",b'#include <map>\n'
foundationdb,../repos/foundationdb/fdbclient/include/fdbclient/BlobCipher.h,"(54, 10)-(54, 25)",b'#include <unordered_map>\n'
foundationdb,../repos/foundationdb/fdbclient/include/fdbclient/BlobCipher.h,"(56, 10)-(56, 18)",b'#include <vector>\n'
foundationdb,../repos/foundationdb/fdbclient/include/fdbclient/GetEncryptCipherKeys.h,"(36, 10)-(36, 25)",b'#include <unordered_map>\n'
foundationdb,../repos/foundationdb/fdbclient/include/fdbclient/GetEncryptCipherKeys.h,"(37, 10)-(37, 25)",b'#include <unordered_set>\n'
foundationdb,../repos/foundationdb/fdbclient/include/fdbclient/RandomKeyValueUtils.h,"(23, 10)-(23, 15)",b'#include <set>\n'
foundationdb,../repos/foundationdb/fdbclient/include/fdbclient/RandomKeyValueUtils.h,"(24, 10)-(24, 18)",b'#include <vector>\n'
foundationdb,../repos/foundationdb/fdbclient/include/fdbclient/S3BlobStore.h,"(23, 10)-(23, 15)",b'#include <map>\n'
foundationdb,../repos/foundationdb/fdbclient/include/fdbclient/S3BlobStore.h,"(24, 10)-(24, 25)",b'#include <unordered_map>\n'
foundationdb,../repos/foundationdb/fdbclient/include/fdbclient/ManagementAPI.actor.h,"(36, 10)-(36, 15)",b'#include <map>\n'
foundationdb,../repos/foundationdb/fdbclient/NativeAPI.actor.cpp,"(30, 10)-(30, 25)",b'#include <unordered_set>\n'
foundationdb,../repos/foundationdb/fdbclient/NativeAPI.actor.cpp,"(33, 10)-(33, 18)",b'#include <vector>\n'
foundationdb,../repos/foundationdb/fdbclient/FileBackupAgent.actor.cpp,"(66, 10)-(66, 25)",b'#include <unordered_map>\n'
foundationdb,../repos/foundationdb/fdbclient/ManagementAPI.actor.cpp,"(23, 10)-(23, 18)",b'#include <vector>\n'
foundationdb,../repos/foundationdb/fdbclient/TenantManagement.actor.cpp,"(22, 10)-(22, 15)",b'#include <map>\n'
foundationdb,../repos/foundationdb/fdbclient/RESTUtils.actor.cpp,"(29, 10)-(29, 17)",b'#include <queue>\n'
foundationdb,../repos/foundationdb/fdbclient/ParallelStream.actor.cpp,"(21, 10)-(21, 18)",b'#include <vector>\n'
foundationdb,../repos/foundationdb/fdbclient/BlobGranuleReader.actor.cpp,"(21, 10)-(21, 15)",b'#include <map>\n'
foundationdb,../repos/foundationdb/fdbclient/BlobGranuleReader.actor.cpp,"(22, 10)-(22, 18)",b'#include <vector>\n'
foundationdb,../repos/foundationdb/fdbclient/IConfigTransaction.cpp,"(21, 10)-(21, 18)",b'#include <vector>\n'
foundationdb,../repos/foundationdb/fdbclient/SpecialKeySpace.actor.cpp,"(29, 10)-(29, 25)",b'#include <unordered_set>\n'
foundationdb,../repos/foundationdb/fdbclient/ClientStatusReport.cpp,"(27, 10)-(27, 15)",b'#include <set>\n'
foundationdb,../repos/foundationdb/fdbclient/RESTClient.actor.cpp,"(39, 10)-(39, 25)",b'#include <unordered_map>\n'
foundationdb,../repos/foundationdb/documentation/coro_tutorial/tutorial.cpp,"(30, 10)-(30, 25)",b'#include <unordered_map>\n'
foundationdb,../repos/foundationdb/documentation/tutorial/tutorial.actor.cpp,"(30, 10)-(30, 25)",b'#include <unordered_map>\n'
foundationdb,../repos/foundationdb/fdbserver/KnobProtectiveGroups.cpp,"(23, 10)-(23, 17)",b'#include <array>\n'
foundationdb,../repos/foundationdb/fdbserver/tester.actor.cpp,"(31, 10)-(31, 15)",b'#include <map>\n'
foundationdb,../repos/foundationdb/fdbserver/storageserver.actor.cpp,"(26, 10)-(26, 25)",b'#include <unordered_map>\n'
foundationdb,../repos/foundationdb/fdbserver/BlobManager.actor.cpp,"(25, 10)-(25, 17)",b'#include <queue>\n'
foundationdb,../repos/foundationdb/fdbserver/BlobManager.actor.cpp,"(26, 10)-(26, 18)",b'#include <vector>\n'
foundationdb,../repos/foundationdb/fdbserver/BlobManager.actor.cpp,"(27, 10)-(27, 25)",b'#include <unordered_map>\n'
foundationdb,../repos/foundationdb/fdbserver/ClusterController.actor.cpp,"(23, 10)-(23, 15)",b'#include <map>\n'
foundationdb,../repos/foundationdb/fdbserver/ClusterController.actor.cpp,"(25, 10)-(25, 15)",b'#include <set>\n'
foundationdb,../repos/foundationdb/fdbserver/ClusterController.actor.cpp,"(27, 10)-(27, 18)",b'#include <vector>\n'
foundationdb,../repos/foundationdb/fdbserver/SkipList.cpp,"(27, 10)-(27, 18)",b'#include <vector>\n'
foundationdb,../repos/foundationdb/fdbserver/worker.actor.cpp,"(24, 10)-(24, 25)",b'#include <unordered_map>\n'
foundationdb,../repos/foundationdb/fdbserver/include/fdbserver/RadixTree.h,"(28, 10)-(28, 18)",b'#include <vector>\n'
foundationdb,../repos/foundationdb/fdbserver/include/fdbserver/RadixTree.h,"(31, 10)-(31, 15)",b'#include <map>\n'
foundationdb,../repos/foundationdb/fdbserver/include/fdbserver/ResolutionBalancer.actor.h,"(29, 10)-(29, 15)",b'#include <set>\n'
foundationdb,../repos/foundationdb/fdbserver/include/fdbserver/MasterData.actor.h,"(23, 10)-(23, 15)",b'#include <map>\n'
foundationdb,../repos/foundationdb/fdbserver/include/fdbserver/ExclusionTracker.actor.h,"(31, 10)-(31, 15)",b'#include <set>\n'
foundationdb,../repos/foundationdb/fdbserver/include/fdbserver/ConflictSet.h,"(26, 10)-(26, 18)",b'#include <vector>\n'
foundationdb,../repos/foundationdb/fdbserver/include/fdbserver/BlobWorker.h,"(29, 10)-(29, 18)",b'#include <vector>\n'
foundationdb,../repos/foundationdb/fdbserver/include/fdbserver/VFSAsync.h,"(23, 10)-(23, 15)",b'#include <map>\n'
foundationdb,../repos/foundationdb/fdbserver/include/fdbserver/DBCoreState.h,"(24, 10)-(24, 15)",b'#include <set>\n'
foundationdb,../repos/foundationdb/fdbserver/include/fdbserver/DBCoreState.h,"(25, 10)-(25, 18)",b'#include <vector>\n'
foundationdb,../repos/foundationdb/fdbserver/include/fdbserver/DDTeamCollection.h,"(23, 10)-(23, 15)",b'#include <set>\n'
foundationdb,../repos/foundationdb/fdbserver/include/fdbserver/LogSystem.h,"(24, 10)-(24, 15)",b'#include <set>\n'
foundationdb,../repos/foundationdb/fdbserver/include/fdbserver/LogSystem.h,"(26, 10)-(26, 18)",b'#include <vector>\n'
foundationdb,../repos/foundationdb/fdbserver/include/fdbserver/workloads/BulkSetup.actor.h,"(33, 10)-(33, 18)",b'#include <vector>\n'
foundationdb,../repos/foundationdb/fdbserver/include/fdbserver/workloads/MemoryKeyValueStore.h,"(28, 10)-(28, 15)",b'#include <map>\n'
foundationdb,../repos/foundationdb/fdbserver/include/fdbserver/ResolverBug.h,"(26, 10)-(26, 18)",b'#include <vector>\n'
foundationdb,../repos/foundationdb/fdbserver/include/fdbserver/IPager.h,"(41, 10)-(41, 17)",b'#include <array>\n'
foundationdb,../repos/foundationdb/fdbserver/include/fdbserver/BackupProgress.actor.h,"(27, 10)-(27, 15)",b'#include <map>\n'
foundationdb,../repos/foundationdb/fdbserver/include/fdbserver/DataDistributorInterface.h,"(28, 10)-(28, 25)",b'#include <unordered_set>\n'
foundationdb,../repos/foundationdb/fdbserver/include/fdbserver/KnobProtectiveGroups.h,"(24, 10)-(24, 17)",b'#include <array>\n'
foundationdb,../repos/foundationdb/fdbserver/include/fdbserver/KnobProtectiveGroups.h,"(25, 10)-(25, 25)",b'#include <unordered_map>\n'
foundationdb,../repos/foundationdb/fdbserver/include/fdbserver/FDBExecHelper.actor.h,"(29, 10)-(29, 18)",b'#include <vector>\n'
foundationdb,../repos/foundationdb/fdbserver/include/fdbserver/FDBExecHelper.actor.h,"(30, 10)-(30, 15)",b'#include <map>\n'
foundationdb,../repos/foundationdb/fdbserver/VFSAsync.cpp,"(24, 10)-(24, 18)",b'#include <vector>\n'
foundationdb,../repos/foundationdb/fdbserver/KeyValueStoreShardedRocksDB.actor.cpp,"(40, 10)-(40, 18)",b'#include <vector>\n'
foundationdb,../repos/foundationdb/fdbserver/DataDistribution.actor.cpp,"(21, 10)-(21, 15)",b'#include <set>\n'
foundationdb,../repos/foundationdb/fdbserver/MoveKeys.actor.cpp,"(21, 10)-(21, 18)",b'#include <vector>\n'
foundationdb,../repos/foundationdb/fdbserver/ConfigNode.actor.cpp,"(21, 10)-(21, 15)",b'#include <map>\n'
foundationdb,../repos/foundationdb/fdbserver/PaxosConfigConsumer.actor.cpp,"(24, 10)-(24, 15)",b'#include <map>\n'
foundationdb,../repos/foundationdb/fdbserver/QuietDatabase.actor.cpp,"(22, 10)-(22, 18)",b'#include <vector>\n'
foundationdb,../repos/foundationdb/fdbserver/QuietDatabase.actor.cpp,"(23, 10)-(23, 15)",b'#include <map>\n'
foundationdb,../repos/foundationdb/fdbserver/RESTKmsConnector.actor.cpp,"(52, 10)-(52, 17)",b'#include <stack>\n'
foundationdb,../repos/foundationdb/fdbserver/RESTKmsConnector.actor.cpp,"(54, 10)-(54, 17)",b'#include <queue>\n'
foundationdb,../repos/foundationdb/fdbserver/RESTKmsConnector.actor.cpp,"(56, 10)-(56, 25)",b'#include <unordered_map>\n'
foundationdb,../repos/foundationdb/fdbserver/workloads/ReadWrite.actor.cpp,"(23, 10)-(23, 18)",b'#include <vector>\n'
foundationdb,../repos/foundationdb/fdbserver/workloads/EncryptKeyProxyTest.actor.cpp,"(44, 10)-(44, 25)",b'#include <unordered_map>\n'
foundationdb,../repos/foundationdb/fdbserver/workloads/EncryptKeyProxyTest.actor.cpp,"(45, 10)-(45, 25)",b'#include <unordered_set>\n'
foundationdb,../repos/foundationdb/fdbserver/workloads/ReadAfterWrite.actor.cpp,"(21, 10)-(21, 18)",b'#include <vector>\n'
foundationdb,../repos/foundationdb/fdbserver/workloads/RyowCorrectness.actor.cpp,"(21, 10)-(21, 18)",b'#include <vector>\n'
foundationdb,../repos/foundationdb/fdbserver/workloads/AuthzSecurity.actor.cpp,"(22, 10)-(22, 25)",b'#include <unordered_set>\n'
foundationdb,../repos/foundationdb/fdbserver/workloads/AsyncFileRead.actor.cpp,"(21, 10)-(21, 18)",b'#include <vector>\n'
foundationdb,../repos/foundationdb/fdbserver/workloads/QueuePush.actor.cpp,"(20, 10)-(20, 18)",b'#include <vector>\n'
foundationdb,../repos/foundationdb/fdbserver/workloads/UDPWorkload.actor.cpp,"(33, 10)-(33, 25)",b'#include <unordered_map>\n'
foundationdb,../repos/foundationdb/fdbserver/workloads/UDPWorkload.actor.cpp,"(34, 10)-(34, 18)",b'#include <vector>\n'
foundationdb,../repos/foundationdb/fdbserver/workloads/BlobGranuleVerifier.actor.cpp,"(21, 10)-(21, 15)",b'#include <map>\n'
foundationdb,../repos/foundationdb/fdbserver/workloads/BlobGranuleVerifier.actor.cpp,"(23, 10)-(23, 18)",b'#include <vector>\n'
foundationdb,../repos/foundationdb/fdbserver/workloads/SkewedReadWrite.actor.cpp,"(23, 10)-(23, 18)",b'#include <vector>\n'
foundationdb,../repos/foundationdb/fdbserver/workloads/BlobGranuleCorrectnessWorkload.actor.cpp,"(22, 10)-(22, 15)",b'#include <map>\n'
foundationdb,../repos/foundationdb/fdbserver/workloads/BlobGranuleCorrectnessWorkload.actor.cpp,"(25, 10)-(25, 18)",b'#include <vector>\n'
foundationdb,../repos/foundationdb/fdbserver/BlobWorker.actor.cpp,"(65, 10)-(65, 18)",b'#include <vector>\n'
foundationdb,../repos/foundationdb/fdbserver/MutationTracking.cpp,"(22, 10)-(22, 18)",b'#include <vector>\n'
foundationdb,../repos/foundationdb/fdbserver/DDRelocationQueue.actor.cpp,"(24, 10)-(24, 18)",b'#include <vector>\n'
foundationdb,../repos/foundationdb/fdbserver/BlobManifest.actor.cpp,"(23, 10)-(23, 18)",b'#include <vector>\n'
foundationdb,../repos/foundationdb/fdbserver/SimulatedCluster.actor.cpp,"(24, 10)-(24, 15)",b'#include <set>\n'
foundationdb,../repos/foundationdb/fdbserver/SimulatedCluster.actor.cpp,"(27, 10)-(27, 25)",b'#include <unordered_map>\n'
foundationdb,../repos/foundationdb/fdbserver/VersionedBTree.actor.cpp,"(55, 10)-(55, 15)",b'#include <map>\n'
foundationdb,../repos/foundationdb/fdbserver/VersionedBTree.actor.cpp,"(58, 10)-(58, 25)",b'#include <unordered_map>\n'
foundationdb,../repos/foundationdb/fdbserver/VersionedBTree.actor.cpp,"(59, 10)-(59, 18)",b'#include <vector>\n'
foundationdb,../repos/foundationdb/fdbserver/SimKmsConnector.actor.cpp,"(51, 10)-(51, 25)",b'#include <unordered_map>\n'
foundationdb,../repos/foundationdb/fdbserver/KeyValueStoreRocksDB.actor.cpp,"(62, 10)-(62, 18)",b'#include <vector>\n'
foundationdb,../repos/foundationdb/flow/FastAlloc.cpp,"(33, 10)-(33, 25)",b'#include <unordered_map>\n'
foundationdb,../repos/foundationdb/flow/Trace.cpp,"(35, 10)-(35, 15)",b'#include <set>\n'
foundationdb,../repos/foundationdb/flow/Trace.cpp,"(36, 10)-(36, 25)",b'#include <unordered_set>\n'
foundationdb,../repos/foundationdb/flow/Platform.actor.cpp,"(35, 10)-(35, 18)",b'#include <vector>\n'
foundationdb,../repos/foundationdb/flow/CodeProbe.cpp,"(26, 10)-(26, 15)",b'#include <map>\n'
foundationdb,../repos/foundationdb/flow/include/flow/IndexedSet.h,"(31, 10)-(31, 17)",b'#include <deque>\n'
foundationdb,../repos/foundationdb/flow/include/flow/IndexedSet.h,"(33, 10)-(33, 18)",b'#include <vector>\n'
foundationdb,../repos/foundationdb/flow/include/flow/IRandom.h,"(33, 10)-(33, 25)",b'#include <unordered_map>\n'
foundationdb,../repos/foundationdb/flow/include/flow/serialize.h,"(23, 10)-(23, 25)",b'#include <unordered_set>\n'
foundationdb,../repos/foundationdb/flow/include/flow/serialize.h,"(27, 10)-(27, 17)",b'#include <array>\n'
foundationdb,../repos/foundationdb/flow/include/flow/serialize.h,"(29, 10)-(29, 17)",b'#include <deque>\n'
foundationdb,../repos/foundationdb/flow/include/flow/serialize.h,"(30, 10)-(30, 15)",b'#include <set>\n'
foundationdb,../repos/foundationdb/flow/include/flow/IPAddress.h,"(24, 10)-(24, 17)",b'#include <array>\n'
foundationdb,../repos/foundationdb/flow/include/flow/FastAlloc.h,"(47, 10)-(47, 18)",b'#include <vector>\n'
foundationdb,../repos/foundationdb/flow/include/flow/FastAlloc.h,"(50, 10)-(50, 25)",b'#include <unordered_map>\n'
foundationdb,../repos/foundationdb/flow/include/flow/FastAlloc.h,"(60, 10)-(60, 15)",b'#include <map>\n'
foundationdb,../repos/foundationdb/flow/include/flow/Histogram.h,"(27, 10)-(27, 15)",b'#include <map>\n'
foundationdb,../repos/foundationdb/flow/include/flow/Histogram.h,"(28, 10)-(28, 25)",b'#include <unordered_map>\n'
foundationdb,../repos/foundationdb/flow/include/flow/network.h,"(35, 10)-(35, 25)",b'#include <unordered_map>\n'
foundationdb,../repos/foundationdb/flow/include/flow/Coroutines.h,"(34, 10)-(34, 17)",b'#include <array>\n'
foundationdb,../repos/foundationdb/flow/include/flow/Error.h,"(26, 10)-(26, 15)",b'#include <map>\n'
foundationdb,../repos/foundationdb/flow/include/flow/Platform.h,"(151, 10)-(151, 15)",b'#include <map>\n'
foundationdb,../repos/foundationdb/flow/include/flow/Platform.h,"(153, 10)-(153, 18)",b'#include <vector>\n'
foundationdb,../repos/foundationdb/flow/include/flow/ActorContext.h,"(29, 10)-(29, 18)",b'#include <vector>\n'
foundationdb,../repos/foundationdb/flow/include/flow/TaskQueue.h,"(25, 10)-(25, 17)",b'#include <queue>\n'
foundationdb,../repos/foundationdb/flow/include/flow/TaskQueue.h,"(26, 10)-(26, 18)",b'#include <vector>\n'
foundationdb,../repos/foundationdb/flow/include/flow/CompressionUtils.h,"(27, 10)-(27, 25)",b'#include <unordered_set>\n'
foundationdb,../repos/foundationdb/flow/include/flow/TreeBenchmark.h,"(25, 10)-(25, 15)",b'#include <map>\n'
foundationdb,../repos/foundationdb/flow/include/flow/ITrace.h,"(24, 10)-(24, 15)",b'#include <set>\n'
foundationdb,../repos/foundationdb/flow/include/flow/Platform.actor.h,"(33, 10)-(33, 18)",b'#include <vector>\n'
foundationdb,../repos/foundationdb/flow/include/flow/EncryptUtils.h,"(33, 10)-(33, 25)",b'#include <unordered_set>\n'
foundationdb,../repos/foundationdb/flow/include/flow/genericactors.actor.h,"(32, 10)-(32, 25)",b'#include <unordered_set>\n'
foundationdb,../repos/foundationdb/flow/include/flow/genericactors.actor.h,"(39, 10)-(39, 16)",b'#include <list>\n'
foundationdb,../repos/foundationdb/flow/include/flow/TDMetric.actor.h,"(34, 10)-(34, 25)",b'#include <unordered_map>\n'
foundationdb,../repos/foundationdb/flow/include/flow/flat_buffers.h,"(28, 10)-(28, 15)",b'#include <map>\n'
foundationdb,../repos/foundationdb/flow/include/flow/flat_buffers.h,"(30, 10)-(30, 15)",b'#include <set>\n'
foundationdb,../repos/foundationdb/flow/include/flow/flat_buffers.h,"(35, 10)-(35, 18)",b'#include <vector>\n'
foundationdb,../repos/foundationdb/flow/include/flow/flat_buffers.h,"(37, 10)-(37, 17)",b'#include <array>\n'
foundationdb,../repos/foundationdb/flow/include/flow/flat_buffers.h,"(38, 10)-(38, 25)",b'#include <unordered_map>\n'
foundationdb,../repos/foundationdb/flow/include/flow/flat_buffers.h,"(39, 10)-(39, 25)",b'#include <unordered_set>\n'
foundationdb,../repos/foundationdb/flow/include/flow/flat_buffers.h,"(40, 10)-(40, 17)",b'#include <deque>\n'
foundationdb,../repos/foundationdb/flow/include/flow/IDispatched.h,"(28, 10)-(28, 15)",b'#include <map>\n'
foundationdb,../repos/foundationdb/flow/include/flow/flow.h,"(40, 10)-(40, 17)",b'#include <queue>\n'
foundationdb,../repos/foundationdb/flow/include/flow/flow.h,"(41, 10)-(41, 17)",b'#include <stack>\n'
foundationdb,../repos/foundationdb/flow/include/flow/flow.h,"(43, 10)-(43, 25)",b'#include <unordered_map>\n'
foundationdb,../repos/foundationdb/flow/include/flow/flow.h,"(45, 10)-(45, 18)",b'#include <vector>\n'
foundationdb,../repos/foundationdb/flow/include/flow/OTELMetrics.h,"(25, 10)-(25, 18)",b'#include <vector>\n'
foundationdb,../repos/foundationdb/flow/include/flow/swift.h,"(29, 10)-(29, 17)",b'#include <array>\n'
foundationdb,../repos/foundationdb/flow/include/flow/Trace.h,"(31, 10)-(31, 15)",b'#include <map>\n'
foundationdb,../repos/foundationdb/flow/include/flow/Trace.h,"(32, 10)-(32, 15)",b'#include <set>\n'
foundationdb,../repos/foundationdb/flow/include/flow/TLSConfig.actor.h,"(32, 10)-(32, 15)",b'#include <map>\n'
foundationdb,../repos/foundationdb/flow/include/flow/TLSConfig.actor.h,"(34, 10)-(34, 18)",b'#include <vector>\n'
foundationdb,../repos/foundationdb/flow/include/flow/Knobs.h,"(28, 10)-(28, 15)",b'#include <map>\n'
foundationdb,../repos/foundationdb/flow/include/flow/Knobs.h,"(29, 10)-(29, 15)",b'#include <set>\n'
foundationdb,../repos/foundationdb/flow/include/flow/ObjectSerializer.h,"(27, 10)-(27, 25)",b'#include <unordered_map>\n'
foundationdb,../repos/foundationdb/flow/include/flow/StreamCipher.h,"(31, 10)-(31, 25)",b'#include <unordered_set>\n'
foundationdb,../repos/foundationdb/flow/include/flow/StreamCipher.h,"(32, 10)-(32, 18)",b'#include <vector>\n'
foundationdb,../repos/foundationdb/flow/include/flow/ThreadPrimitives.h,"(26, 10)-(26, 17)",b'#include <array>\n'
foundationdb,../repos/foundationdb/flow/include/flow/Arena.h,"(36, 10)-(36, 17)",b'#include <array>\n'
foundationdb,../repos/foundationdb/flow/include/flow/Arena.h,"(45, 10)-(45, 15)",b'#include <set>\n'
foundationdb,../repos/foundationdb/flow/include/flow/ObjectSerializerTraits.h,"(28, 10)-(28, 18)",b'#include <vector>\n'
foundationdb,../repos/foundationdb/flow/ProcessEvents.cpp,"(24, 10)-(24, 25)",b'#include <unordered_map>\n'
foundationdb,../repos/foundationdb/flow/ProcessEvents.cpp,"(25, 10)-(25, 18)",b'#include <vector>\n'
foundationdb,../repos/foundationdb/flow/acac.cpp,"(3, 10)-(3, 17)",b'#include <deque>\n'
foundationdb,../repos/foundationdb/flow/flat_buffers.cpp,"(31, 10)-(31, 25)",b'#include <unordered_set>\n'
foundationdb,../repos/foundationdb/flow/IndexedSet.cpp,"(30, 10)-(30, 15)",b'#include <set>\n'
foundationdb,../repos/foundationdb/flow/IndexedSet.cpp,"(33, 10)-(33, 17)",b'#include <deque>\n'
foundationdb,../repos/foundationdb/flow/TLSConfig.actor.cpp,"(31, 10)-(31, 15)",b'#include <map>\n'
foundationdb,../repos/foundationdb/flow/TLSConfig.actor.cpp,"(32, 10)-(32, 15)",b'#include <set>\n'
foundationdb,../repos/foundationdb/FDBLibTLS/verify-test.cpp,"(23, 10)-(23, 18)",b'#include <vector>\n'
foundationdb,../repos/foundationdb/FDBLibTLS/FDBLibTLSPolicy.cpp,"(33, 10)-(33, 15)",b'#include <map>\n'
foundationdb,../repos/foundationdb/FDBLibTLS/FDBLibTLSPolicy.cpp,"(36, 10)-(36, 18)",b'#include <vector>\n'
foundationdb,../repos/foundationdb/FDBLibTLS/FDBLibTLSPolicy.h,"(33, 10)-(33, 18)",b'#include <vector>\n'
foundationdb,../repos/foundationdb/FDBLibTLS/FDBLibTLSVerify.h,"(30, 10)-(30, 15)",b'#include <map>\n'
foundationdb,../repos/foundationdb/FDBLibTLS/FDBLibTLSSession.cpp,"(35, 10)-(35, 15)",b'#include <set>\n'
foundationdb,../repos/foundationdb/FDBLibTLS/plugin-test.cpp,"(26, 10)-(26, 18)",b'#include <vector>\n'
foundationdb,../repos/foundationdb/fdbrpc/TokenCache.actor.cpp,"(20, 10)-(20, 16)",b'#include <list>\n'
foundationdb,../repos/foundationdb/fdbrpc/TokenCache.actor.cpp,"(21, 10)-(21, 17)",b'#include <deque>\n'
foundationdb,../repos/foundationdb/fdbrpc/JsonWebKeySet.cpp,"(52, 10)-(52, 17)",b'#include <array>\n'
foundationdb,../repos/foundationdb/fdbrpc/HTTP.actor.cpp,"(31, 10)-(31, 25)",b'#include <unordered_map>\n'
foundationdb,../repos/foundationdb/fdbrpc/FlowTransport.actor.cpp,"(26, 10)-(26, 25)",b'#include <unordered_map>\n'
foundationdb,../repos/foundationdb/fdbrpc/include/fdbrpc/SimulatorProcessInfo.h,"(24, 10)-(24, 15)",b'#include <map>\n'
foundationdb,../repos/foundationdb/fdbrpc/include/fdbrpc/JsonWebKeySet.h,"(25, 10)-(25, 15)",b'#include <map>\n'
foundationdb,../repos/foundationdb/fdbrpc/include/fdbrpc/FlowTransport.h,"(26, 10)-(26, 15)",b'#include <map>\n'
foundationdb,../repos/foundationdb/fdbrpc/include/fdbrpc/TokenSignStdTypes.h,"(25, 10)-(25, 18)",b'#include <vector>\n'
foundationdb,../repos/foundationdb/fdbrpc/include/fdbrpc/FlowProcess.actor.h,"(32, 10)-(32, 15)",b'#include <map>\n'
foundationdb,../repos/foundationdb/fdbrpc/include/fdbrpc/TokenSign.h,"(31, 10)-(31, 18)",b'#include <vector>\n'
foundationdb,../repos/foundationdb/fdbrpc/include/fdbrpc/TSSComparison.h,"(29, 10)-(29, 25)",b'#include <unordered_map>\n'
foundationdb,../repos/foundationdb/fdbrpc/include/fdbrpc/DDSketch.h,"(28, 10)-(28, 18)",b'#include <vector>\n'
foundationdb,../repos/foundationdb/fdbrpc/include/fdbrpc/FailureMonitor.h,"(27, 10)-(27, 25)",b'#include <unordered_map>\n'
foundationdb,../repos/foundationdb/fdbrpc/include/fdbrpc/FailureMonitor.h,"(28, 10)-(28, 25)",b'#include <unordered_set>\n'
foundationdb,../repos/foundationdb/fdbrpc/include/fdbrpc/SimulatorMachineInfo.h,"(24, 10)-(24, 15)",b'#include <map>\n'
foundationdb,../repos/foundationdb/fdbrpc/include/fdbrpc/SimulatorMachineInfo.h,"(25, 10)-(25, 15)",b'#include <set>\n'
foundationdb,../repos/foundationdb/fdbrpc/include/fdbrpc/SimulatorMachineInfo.h,"(27, 10)-(27, 18)",b'#include <vector>\n'
foundationdb,../repos/foundationdb/fdbrpc/include/fdbrpc/ActorFuzz.h,"(22, 10)-(22, 18)",b'#include <vector>\n'
foundationdb,../repos/foundationdb/fdbrpc/include/fdbrpc/AsyncFileEncrypted.h,"(29, 10)-(29, 17)",b'#include <array>\n'
foundationdb,../repos/foundationdb/fdbrpc/include/fdbrpc/ContinuousSample.h,"(27, 10)-(27, 18)",b'#include <vector>\n'
foundationdb,../repos/foundationdb/fdbrpc/include/fdbrpc/MultiInterface.h,"(28, 10)-(28, 18)",b'#include <vector>\n'
foundationdb,../repos/foundationdb/fdbrpc/include/fdbrpc/HealthMonitor.h,"(24, 10)-(24, 17)",b'#include <deque>\n'
foundationdb,../repos/foundationdb/fdbrpc/include/fdbrpc/HealthMonitor.h,"(25, 10)-(25, 25)",b'#include <unordered_map>\n'
foundationdb,../repos/foundationdb/fdbrpc/include/fdbrpc/HealthMonitor.h,"(26, 10)-(26, 25)",b'#include <unordered_set>\n'
foundationdb,../repos/foundationdb/fdbrpc/include/fdbrpc/PerfMetric.h,"(25, 10)-(25, 18)",b'#include <vector>\n'
foundationdb,../repos/foundationdb/fdbservice/FDBService.cpp,"(26, 10)-(26, 25)",b'#include <unordered_map>\n'
foundationdb,../repos/foundationdb/fdbmonitor/fdbmonitor.cpp,"(55, 10)-(55, 25)",b'#include <unordered_map>\n'
foundationdb,../repos/foundationdb/fdbmonitor/fdbmonitor.cpp,"(56, 10)-(56, 25)",b'#include <unordered_set>\n'
foundationdb,../repos/foundationdb/fdbmonitor/fdbmonitor.cpp,"(57, 10)-(57, 18)",b'#include <vector>\n'
foundationdb,../repos/foundationdb/fdbbackup/FileConverter.actor.cpp,"(27, 10)-(27, 18)",b'#include <vector>\n'
foundationdb,../repos/foundationdb/fdbbackup/include/fdbbackup/BackupTLSConfig.h,"(26, 10)-(26, 18)",b'#include <vector>\n'
foundationdb,../repos/foundationdb/fdbbackup/FileDecoder.actor.cpp,"(27, 10)-(27, 18)",b'#include <vector>\n'
