Repo name,File name,Location,Content
foundationdb,../repos/foundationdb/contrib/boost_zstd/zstd.cpp,"(21, 1)-(149, 2)",b'namespace boost {\nnamespace iostreams {\n\nname...'
foundationdb,../repos/foundationdb/contrib/boost_zstd/zstd.cpp,"(22, 1)-(148, 2)",b'namespace iostreams {\n\nnamespace zstd {\n// Co...'
foundationdb,../repos/foundationdb/contrib/boost_zstd/zstd.cpp,"(24, 1)-(41, 2)",b'namespace zstd {\n// Compression levels\n\nconst...'
foundationdb,../repos/foundationdb/contrib/boost_zstd/zstd.cpp,"(54, 1)-(144, 2)",b'namespace detail {\n\nzstd_base::zstd_base()\n  ...'
foundationdb,../repos/foundationdb/contrib/stacktrace/include/stacktrace/stacktrace.h,"(27, 1)-(163, 2)","b'namespace absl {\n\n// Skips the most recent ""s...'"
foundationdb,../repos/foundationdb/contrib/stacktrace/stacktrace.amalgamation.cpp,"(19, 1)-(27, 2)",b'namespace absl {\nnamespace debug_internal {\n\n...'
foundationdb,../repos/foundationdb/contrib/stacktrace/stacktrace.amalgamation.cpp,"(20, 1)-(26, 2)",b'namespace debug_internal {\n\n// Return whether...'
foundationdb,../repos/foundationdb/contrib/stacktrace/stacktrace.amalgamation.cpp,"(69, 1)-(148, 2)",b'namespace absl {\nnamespace debug_internal {\n\n...'
foundationdb,../repos/foundationdb/contrib/stacktrace/stacktrace.amalgamation.cpp,"(70, 1)-(147, 2)",b'namespace debug_internal {\n\n// An in-memory E...'
foundationdb,../repos/foundationdb/contrib/stacktrace/stacktrace.amalgamation.cpp,"(268, 1)-(367, 2)",b'namespace absl {\nnamespace debug_internal {\n\n...'
foundationdb,../repos/foundationdb/contrib/stacktrace/stacktrace.amalgamation.cpp,"(269, 1)-(366, 2)",b'namespace debug_internal {\n\n// NOTE: this cla...'
foundationdb,../repos/foundationdb/contrib/stacktrace/stacktrace.amalgamation.cpp,"(1469, 1)-(1474, 2)",b'namespace absl {\nnamespace macros_internal {\n...'
foundationdb,../repos/foundationdb/contrib/stacktrace/stacktrace.amalgamation.cpp,"(1470, 1)-(1473, 2)",b'namespace macros_internal {\ntemplate <typenam...'
foundationdb,../repos/foundationdb/contrib/stacktrace/stacktrace.amalgamation.cpp,"(1497, 1)-(1503, 2)",b'namespace absl {\nnamespace base_internal {\nen...'
foundationdb,../repos/foundationdb/contrib/stacktrace/stacktrace.amalgamation.cpp,"(1498, 1)-(1502, 2)",b'namespace base_internal {\nenum LinkerInitiali...'
foundationdb,../repos/foundationdb/contrib/stacktrace/stacktrace.amalgamation.cpp,"(2065, 1)-(2140, 2)",b'namespace absl {\nnamespace {\n\ntypedef int (*U...'
foundationdb,../repos/foundationdb/contrib/stacktrace/stacktrace.amalgamation.cpp,"(2066, 1)-(2090, 2)","b'namespace {\n\ntypedef int (*Unwinder)(void**, ...'"
foundationdb,../repos/foundationdb/contrib/stacktrace/stacktrace.amalgamation.cpp,"(2160, 1)-(2169, 2)",b'namespace absl {\nnamespace debug_internal {\n\n...'
foundationdb,../repos/foundationdb/contrib/stacktrace/stacktrace.amalgamation.cpp,"(2161, 1)-(2168, 2)",b'namespace debug_internal {\n\n// On platforms o...'
foundationdb,../repos/foundationdb/contrib/stacktrace/stacktrace.amalgamation.cpp,"(2180, 1)-(2266, 2)",b'namespace absl {\nnamespace debug_internal {\n\n...'
foundationdb,../repos/foundationdb/contrib/stacktrace/stacktrace.amalgamation.cpp,"(2181, 1)-(2265, 2)",b'namespace debug_internal {\n\n// Pack a pid and...'
foundationdb,../repos/foundationdb/contrib/stacktrace/stacktrace.amalgamation.cpp,"(2305, 1)-(2643, 2)",b'namespace absl {\nnamespace debug_internal {\n\n...'
foundationdb,../repos/foundationdb/contrib/stacktrace/stacktrace.amalgamation.cpp,"(2306, 1)-(2642, 2)",b'namespace debug_internal {\n\nnamespace {\n\n#if ...'
foundationdb,../repos/foundationdb/contrib/stacktrace/stacktrace.amalgamation.cpp,"(2308, 1)-(2346, 2)",b'namespace {\n\n#if __WORDSIZE == 32\nconst int k...'
foundationdb,../repos/foundationdb/contrib/stacktrace/stacktrace.amalgamation.cpp,"(2674, 1)-(2806, 2)",b'namespace absl {\nnamespace debug_internal {\n\n...'
foundationdb,../repos/foundationdb/contrib/stacktrace/stacktrace.amalgamation.cpp,"(2675, 1)-(2805, 2)",b'namespace debug_internal {\n\nstd::atomic<const...'
foundationdb,../repos/foundationdb/contrib/rapidjson/rapidjson/document.h,"(413, 1)-(429, 2)","b'namespace internal {\n\ntemplate <typename T, t...'"
foundationdb,../repos/foundationdb/contrib/rapidjson/rapidjson/document.h,"(434, 1)-(552, 2)",b'namespace internal {\n\ntemplate <typename Valu...'
foundationdb,../repos/foundationdb/contrib/rapidjson/rapidjson/reader.h,"(228, 1)-(260, 2)",b'namespace internal {\n\ntemplate <typename Stre...'
foundationdb,../repos/foundationdb/contrib/rapidjson/rapidjson/schema.h,"(79, 1)-(105, 2)",b'namespace internal {\n\ninline void PrintInvali...'
foundationdb,../repos/foundationdb/contrib/rapidjson/rapidjson/schema.h,"(131, 1)-(1332, 2)",b'namespace internal {\n\ntemplate <typename Sche...'
foundationdb,../repos/foundationdb/contrib/serialize-check/src/SourceScanner.cpp,"(74, 1)-(86, 2)",b'namespace {\nusing namespace clang::ast_matche...'
foundationdb,../repos/foundationdb/contrib/monitoring/actor_flamegraph.cpp,"(12, 1)-(144, 2)","b'namespace {\n\nvoid usage(const char* execName,...'"
foundationdb,../repos/foundationdb/contrib/libb64/include/libb64/decode.h,"(14, 1)-(62, 2)","b'namespace base64 {\nextern ""C"" {\n#include ""cde...'"
foundationdb,../repos/foundationdb/contrib/libb64/include/libb64/encode.h,"(16, 1)-(70, 2)","b'namespace base64 {\nextern ""C"" {\n#include ""cen...'"
foundationdb,../repos/foundationdb/contrib/fmt-8.1.1/src/os.cc,"(52, 1)-(68, 2)",b'namespace {\n#ifdef _WIN32\n// Return type of r...'
foundationdb,../repos/foundationdb/contrib/fmt-8.1.1/src/os.cc,"(101, 1)-(150, 2)",b'namespace detail {\n\nclass system_message {\n  ...'
foundationdb,../repos/foundationdb/contrib/fmt-8.1.1/include/fmt/xchar.h,"(49, 1)-(60, 2)",b'inline namespace literals {\nconstexpr auto op...'
foundationdb,../repos/foundationdb/contrib/fmt-8.1.1/include/fmt/compile.h,"(628, 1)-(636, 2)",b'inline namespace literals {\ntemplate <detail_...'
foundationdb,../repos/foundationdb/contrib/fmt-8.1.1/include/fmt/chrono.h,"(49, 1)-(294, 2)",b'namespace safe_duration_cast {\n\ntemplate <typ...'
foundationdb,../repos/foundationdb/contrib/fmt-8.1.1/include/fmt/chrono.h,"(301, 1)-(441, 2)",b'namespace detail {\ntemplate <typename T = voi...'
foundationdb,../repos/foundationdb/contrib/fmt-8.1.1/include/fmt/core.h,"(2020, 1)-(2022, 2)","b'namespace align {\nenum type { none, left, rig...'"
foundationdb,../repos/foundationdb/contrib/fmt-8.1.1/include/fmt/core.h,"(2024, 1)-(2026, 2)","b'namespace sign {\nenum type { none, minus, plu...'"
foundationdb,../repos/foundationdb/contrib/fmt-8.1.1/include/fmt/format.h,"(808, 1)-(810, 2)",b'namespace detail {\nFMT_API void print(std::FI...'
foundationdb,../repos/foundationdb/contrib/fmt-8.1.1/include/fmt/format.h,"(848, 1)-(872, 2)",b'namespace detail_exported {\n#if FMT_USE_NONTY...'
foundationdb,../repos/foundationdb/contrib/fmt-8.1.1/include/fmt/format.h,"(1200, 1)-(1265, 2)",b'namespace dragonbox {\n\n// Type-specific infor...'
foundationdb,../repos/foundationdb/contrib/fmt-8.1.1/include/fmt/format-inl.h,"(142, 1)-(685, 4)",b'namespace detail {\n\ntemplate <> FMT_FUNC int ...'
foundationdb,../repos/foundationdb/contrib/fmt-8.1.1/include/fmt/format-inl.h,"(639, 1)-(645, 2)","b'namespace digits {\nenum result {\n  more,  // ...'"
foundationdb,../repos/foundationdb/contrib/fmt-8.1.1/include/fmt/format-inl.h,"(837, 1)-(2220, 2)",b'namespace dragonbox {\n// Computes 128-bit res...'
foundationdb,../repos/foundationdb/contrib/fmt-8.1.1/include/fmt/format-inl.h,"(2593, 1)-(2597, 2)",b'namespace detail {\nusing dword = conditional_...'
foundationdb,../repos/foundationdb/contrib/fmt-8.1.1/include/fmt/format-inl.h,"(2600, 1)-(2618, 2)",b'namespace detail {\nFMT_FUNC void print(std::F...'
foundationdb,../repos/foundationdb/contrib/debug_determinism/debug_determinism.cpp,"(4, 1)-(14, 2)",b'namespace {\nFILE* out = nullptr;\nFILE* in = n...'
foundationdb,../repos/foundationdb/contrib/rapidxml/include/rapidxml/rapidxml_print.hpp,"(17, 1)-(418, 2)",b'namespace rapidxml {\n\n///////////////////////...'
foundationdb,../repos/foundationdb/contrib/rapidxml/include/rapidxml/rapidxml_print.hpp,"(29, 1)-(380, 2)",b'namespace internal {\n\n///////////////////////...'
foundationdb,../repos/foundationdb/contrib/rapidxml/include/rapidxml/rapidxml_utils.hpp,"(16, 1)-(100, 2)",b'namespace rapidxml {\n\n//! Represents data loa...'
foundationdb,../repos/foundationdb/contrib/rapidxml/include/rapidxml/rapidxml.hpp,"(39, 1)-(57, 2)",b'namespace rapidxml {\n//! When exceptions are ...'
foundationdb,../repos/foundationdb/contrib/rapidxml/include/rapidxml/rapidxml.hpp,"(66, 1)-(105, 2)",b'namespace rapidxml {\n\n//! Parse error excepti...'
foundationdb,../repos/foundationdb/contrib/rapidxml/include/rapidxml/rapidxml.hpp,"(134, 1)-(2637, 2)",b'namespace rapidxml {\n// Forward declarations\n...'
foundationdb,../repos/foundationdb/contrib/rapidxml/include/rapidxml/rapidxml.hpp,"(299, 1)-(347, 2)",b'namespace internal {\n\n// Struct that contains...'
foundationdb,../repos/foundationdb/contrib/rapidxml/include/rapidxml/rapidxml.hpp,"(2345, 1)-(2634, 2)",b'namespace internal {\n\n// Whitespace (space \\n...'
foundationdb,../repos/foundationdb/contrib/rapidxml/include/rapidxml/rapidxml_iterators.hpp,"(11, 1)-(127, 2)",b'namespace rapidxml {\n\n//! Iterator of child n...'
foundationdb,../repos/foundationdb/fdbcli/AdvanceVersionCommand.actor.cpp,"(32, 1)-(65, 2)",b'namespace fdb_cli {\n\nconst KeyRef advanceVers...'
foundationdb,../repos/foundationdb/fdbcli/CacheRangeCommand.actor.cpp,"(33, 1)-(61, 2)",b'namespace fdb_cli {\n\nACTOR Future<bool> cache...'
foundationdb,../repos/foundationdb/fdbcli/ProfileCommand.actor.cpp,"(36, 1)-(139, 2)",b'namespace fdb_cli {\n\nACTOR Future<bool> profi...'
foundationdb,../repos/foundationdb/fdbcli/GetAuditStatusCommand.actor.cpp,"(31, 1)-(259, 23)",b'namespace fdb_cli {\n\nACTOR Future<Void> getAu...'
foundationdb,../repos/foundationdb/fdbcli/DataDistributionCommand.actor.cpp,"(34, 1)-(62, 2)",b'namespace {\n\nACTOR Future<Void> setDDMode(Ref...'
foundationdb,../repos/foundationdb/fdbcli/DataDistributionCommand.actor.cpp,"(109, 1)-(172, 2)",b'namespace fdb_cli {\n\nconst KeyRef ddModeSpeci...'
foundationdb,../repos/foundationdb/fdbcli/DebugCommands.actor.cpp,"(28, 1)-(42, 2)",b'namespace fdb_cli {\n\n// Gets a version at whi...'
foundationdb,../repos/foundationdb/fdbcli/fdbcli.actor.cpp,"(829, 1)-(842, 2)",b'namespace fdb_cli {\nvoid arrayGenerator(const...'
foundationdb,../repos/foundationdb/fdbcli/SuspendCommand.actor.cpp,"(34, 1)-(110, 2)",b'namespace fdb_cli {\n\nACTOR Future<bool> suspe...'
foundationdb,../repos/foundationdb/fdbcli/ForceRecoveryWithDataLossCommand.actor.cpp,"(30, 1)-(50, 2)",b'namespace fdb_cli {\n\nACTOR Future<bool> force...'
foundationdb,../repos/foundationdb/fdbcli/include/fdbcli/fdbcli.actor.h,"(41, 1)-(299, 2)",b'namespace fdb_cli {\n\nconstexpr char msgTypeKe...'
foundationdb,../repos/foundationdb/fdbcli/FileConfigureCommand.actor.cpp,"(35, 1)-(173, 2)",b'namespace fdb_cli {\n\nACTOR Future<bool> fileC...'
foundationdb,../repos/foundationdb/fdbcli/IdempotencyIdsCommand.actor.cpp,"(27, 1)-(37, 2)",b'namespace {\n\nOptional<double> parseAgeValue(S...'
foundationdb,../repos/foundationdb/fdbcli/IdempotencyIdsCommand.actor.cpp,"(39, 1)-(83, 2)",b'namespace fdb_cli {\n\nACTOR Future<bool> idemp...'
foundationdb,../repos/foundationdb/fdbcli/ExcludeCommand.actor.cpp,"(34, 1)-(84, 2)",b'namespace {\n\n// Exclude the given servers and...'
foundationdb,../repos/foundationdb/fdbcli/ExcludeCommand.actor.cpp,"(255, 1)-(481, 2)",b'namespace fdb_cli {\n\nconst KeyRangeRef exclud...'
foundationdb,../repos/foundationdb/fdbcli/AuditStorageCommand.actor.cpp,"(33, 1)-(132, 2)",b'namespace fdb_cli {\n\nACTOR Future<UID> auditS...'
foundationdb,../repos/foundationdb/fdbcli/SetClassCommand.actor.cpp,"(34, 1)-(73, 2)",b'namespace {\n\nACTOR Future<Void> printProcessC...'
foundationdb,../repos/foundationdb/fdbcli/SetClassCommand.actor.cpp,"(105, 1)-(137, 2)",b'namespace fdb_cli {\n\nconst KeyRangeRef proces...'
foundationdb,../repos/foundationdb/fdbcli/RangeConfigCommand.actor.cpp,"(32, 1)-(167, 2)",b'namespace fdb_cli {\n\nACTOR Future<bool> range...'
foundationdb,../repos/foundationdb/fdbcli/Util.actor.cpp,"(31, 1)-(154, 2)",b'namespace fdb_cli {\n\nbool tokencmp(StringRef ...'
foundationdb,../repos/foundationdb/fdbcli/MaintenanceCommand.actor.cpp,"(37, 1)-(66, 2)",b'namespace {\n\n// print zoneId under maintenanc...'
foundationdb,../repos/foundationdb/fdbcli/MaintenanceCommand.actor.cpp,"(70, 1)-(105, 2)",b'namespace fdb_cli {\n\nconst KeyRangeRef mainte...'
foundationdb,../repos/foundationdb/fdbcli/QuotaCommand.actor.cpp,"(27, 1)-(90, 2)","b'namespace {\n\nenum class QuotaType { RESERVED,...'"
foundationdb,../repos/foundationdb/fdbcli/QuotaCommand.actor.cpp,"(157, 1)-(201, 2)",b'namespace fdb_cli {\n\nACTOR Future<bool> quota...'
foundationdb,../repos/foundationdb/fdbcli/IncludeCommand.actor.cpp,"(32, 1)-(66, 2)",b'namespace {\n\n// Remove the given localities f...'
foundationdb,../repos/foundationdb/fdbcli/IncludeCommand.actor.cpp,"(153, 1)-(175, 2)",b'namespace fdb_cli {\n\nACTOR Future<bool> inclu...'
foundationdb,../repos/foundationdb/fdbcli/HotRangeCommand.actor.cpp,"(36, 1)-(52, 2)",b'namespace {\n\nReadHotSubRangeRequest::SplitTyp...'
foundationdb,../repos/foundationdb/fdbcli/HotRangeCommand.actor.cpp,"(54, 1)-(128, 2)",b'namespace fdb_cli {\n\nACTOR Future<bool> hotRa...'
foundationdb,../repos/foundationdb/fdbcli/ConfigureCommand.actor.cpp,"(33, 1)-(382, 2)",b'namespace fdb_cli {\n\nACTOR Future<bool> confi...'
foundationdb,../repos/foundationdb/fdbcli/TssqCommand.actor.cpp,"(33, 1)-(107, 2)",b'namespace {\n\nACTOR Future<Void> tssQuarantine...'
foundationdb,../repos/foundationdb/fdbcli/TssqCommand.actor.cpp,"(111, 1)-(147, 2)",b'namespace fdb_cli {\n\nACTOR Future<bool> tssqC...'
foundationdb,../repos/foundationdb/fdbcli/BlobRangeCommand.actor.cpp,"(33, 1)-(121, 2)",b'namespace {\n\nACTOR Future<Version> getLatestR...'
foundationdb,../repos/foundationdb/fdbcli/BlobRangeCommand.actor.cpp,"(123, 1)-(227, 2)",b'namespace fdb_cli {\n\nACTOR Future<bool> blobR...'
foundationdb,../repos/foundationdb/fdbcli/LocationMetadataCommand.actor.cpp,"(246, 1)-(298, 2)",b'namespace fdb_cli {\n\nACTOR Future<bool> locat...'
foundationdb,../repos/foundationdb/fdbcli/ThrottleCommand.actor.cpp,"(34, 1)-(413, 2)",b'namespace fdb_cli {\n\nstatic constexpr int def...'
foundationdb,../repos/foundationdb/fdbcli/LockCommand.actor.cpp,"(33, 1)-(56, 2)",b'namespace {\n\nACTOR Future<bool> lockDatabase(...'
foundationdb,../repos/foundationdb/fdbcli/LockCommand.actor.cpp,"(60, 1)-(106, 2)",b'namespace fdb_cli {\n\nconst KeyRef lockSpecial...'
foundationdb,../repos/foundationdb/fdbcli/MetaclusterCommands.actor.cpp,"(39, 1)-(360, 2)",b'namespace fdb_cli {\n\nOptional<std::pair<Optio...'
foundationdb,../repos/foundationdb/fdbcli/CoordinatorsCommand.actor.cpp,"(36, 1)-(60, 2)",b'namespace {\n\nACTOR Future<Void> printCoordina...'
foundationdb,../repos/foundationdb/fdbcli/CoordinatorsCommand.actor.cpp,"(187, 1)-(215, 2)",b'namespace fdb_cli {\n\nconst KeyRef clusterDesc...'
foundationdb,../repos/foundationdb/fdbcli/ExpensiveDataCheckCommand.actor.cpp,"(34, 1)-(117, 2)",b'namespace fdb_cli {\n\n// The command is used t...'
foundationdb,../repos/foundationdb/fdbcli/TriggerDDTeamInfoLogCommand.actor.cpp,"(32, 1)-(57, 2)",b'namespace fdb_cli {\n\nACTOR Future<bool> trigg...'
foundationdb,../repos/foundationdb/fdbcli/StatusCommand.actor.cpp,"(36, 1)-(202, 2)",b'namespace {\n\nstd::string getCoordinatorsInfoS...'
foundationdb,../repos/foundationdb/fdbcli/StatusCommand.actor.cpp,"(204, 1)-(1392, 2)",b'namespace fdb_cli {\n\nvoid printStatus(StatusO...'
foundationdb,../repos/foundationdb/fdbcli/SnapshotCommand.actor.cpp,"(30, 1)-(64, 2)",b'namespace fdb_cli {\n\nACTOR Future<bool> snaps...'
foundationdb,../repos/foundationdb/fdbcli/ConsistencyCheckCommand.actor.cpp,"(31, 1)-(69, 2)",b'namespace fdb_cli {\n\nconst KeyRef consistency...'
foundationdb,../repos/foundationdb/fdbcli/ChangeFeedCommand.actor.cpp,"(36, 1)-(62, 2)",b'namespace {\n\nACTOR Future<Void> changeFeedLis...'
foundationdb,../repos/foundationdb/fdbcli/ChangeFeedCommand.actor.cpp,"(66, 1)-(78, 2)",b'namespace fdb_cli {\n\nACTOR Future<Void> reque...'
foundationdb,../repos/foundationdb/fdbcli/BlobKeyCommand.actor.cpp,"(33, 1)-(146, 3)",b'namespace {\n\nACTOR Future<bool> printBlobHist...'
foundationdb,../repos/foundationdb/fdbcli/BlobKeyCommand.actor.cpp,"(154, 1)-(195, 2)",b'namespace fdb_cli {\n\nACTOR Future<bool> blobK...'
foundationdb,../repos/foundationdb/fdbcli/TenantGroupCommands.actor.cpp,"(39, 1)-(112, 2)",b'namespace fdb_cli {\n\ntemplate <class TenantGr...'
foundationdb,../repos/foundationdb/fdbcli/TenantCommands.actor.cpp,"(39, 1)-(242, 5)",b'namespace fdb_cli {\n\nconst KeyRangeRef tenant...'
foundationdb,../repos/foundationdb/fdbcli/VersionEpochCommand.actor.cpp,"(33, 1)-(174, 2)",b'namespace fdb_cli {\n\nconst KeyRef versionEpoc...'
foundationdb,../repos/foundationdb/fdbcli/KillCommand.actor.cpp,"(35, 1)-(135, 2)",b'namespace fdb_cli {\n\nACTOR Future<bool> killC...'
foundationdb,../repos/foundationdb/fdbcli/ConsistencyScanCommand.actor.cpp,"(31, 1)-(106, 3)",b'namespace fdb_cli {\n\nACTOR Future<Void> dumpS...'
foundationdb,../repos/foundationdb/bindings/c/fdb_c_shim.cpp,"(30, 1)-(35, 2)",b'namespace {\n\nconst char* FDB_LOCAL_CLIENT_LIB...'
foundationdb,../repos/foundationdb/bindings/c/test/unit/fdb_api.cpp,"(25, 1)-(416, 2)",b'namespace fdb {\n\n// Future\n\nFuture::~Future()...'
foundationdb,../repos/foundationdb/bindings/c/test/unit/fdb_api.hpp,"(48, 1)-(395, 2)",b'namespace fdb {\n\n// Wrapper parent class to m...'
foundationdb,../repos/foundationdb/bindings/c/test/client_config_tester.cpp,"(50, 1)-(356, 2)","b'namespace {\n\nenum TesterOptionId {\n\tOPT_HELP,...'"
foundationdb,../repos/foundationdb/bindings/c/test/client_config_tester.cpp,"(106, 1)-(108, 2)",b'namespace {\nTesterOptions options;\n}'
foundationdb,../repos/foundationdb/bindings/c/test/apitester/TesterTransactionExecutor.h,"(32, 1)-(139, 2)",b'namespace FdbApiTester {\n\n/**\n * Interface to...'
foundationdb,../repos/foundationdb/bindings/c/test/apitester/TesterKeyValueStore.cpp,"(23, 1)-(164, 2)",b'namespace FdbApiTester {\n\n// Get the value as...'
foundationdb,../repos/foundationdb/bindings/c/test/apitester/TesterExampleWorkload.cpp,"(24, 1)-(65, 2)",b'namespace FdbApiTester {\n\nclass SetAndGetWork...'
foundationdb,../repos/foundationdb/bindings/c/test/apitester/TesterTestSpec.h,"(33, 1)-(103, 2)",b'namespace FdbApiTester {\n\n/// Workload specif...'
foundationdb,../repos/foundationdb/bindings/c/test/apitester/TesterCancelTransactionWorkload.cpp,"(24, 1)-(100, 2)",b'namespace FdbApiTester {\n\nclass CancelTransac...'
foundationdb,../repos/foundationdb/bindings/c/test/apitester/TesterApiWorkload.h,"(28, 1)-(150, 2)",b'namespace FdbApiTester {\n\n/**\n * Base class f...'
foundationdb,../repos/foundationdb/bindings/c/test/apitester/TesterBlobGranuleCorrectnessWorkload.cpp,"(31, 1)-(599, 2)",b'namespace FdbApiTester {\n\n#define BG_API_DEBU...'
foundationdb,../repos/foundationdb/bindings/c/test/apitester/TesterApiWorkload.cpp,"(26, 1)-(408, 2)",b'namespace FdbApiTester {\n\nApiWorkload::ApiWor...'
foundationdb,../repos/foundationdb/bindings/c/test/apitester/TesterUtil.h,"(39, 1)-(55, 2)",b'namespace fmt {\n\n// fmt::format formatting fo...'
foundationdb,../repos/foundationdb/bindings/c/test/apitester/TesterUtil.h,"(57, 1)-(177, 2)",b'namespace FdbApiTester {\n\nfdb::ByteString low...'
foundationdb,../repos/foundationdb/bindings/c/test/apitester/TesterKeyValueStore.h,"(35, 1)-(78, 2)",b'namespace FdbApiTester {\n\nclass KeyValueStore...'
foundationdb,../repos/foundationdb/bindings/c/test/apitester/TesterBlobGranuleErrorsWorkload.cpp,"(26, 1)-(331, 2)",b'namespace FdbApiTester {\n\nclass BlobGranuleEr...'
foundationdb,../repos/foundationdb/bindings/c/test/apitester/TesterCorrectnessWorkload.cpp,"(26, 1)-(301, 2)",b'namespace FdbApiTester {\n\nclass ApiCorrectnes...'
foundationdb,../repos/foundationdb/bindings/c/test/apitester/TesterUtil.cpp,"(30, 1)-(174, 2)",b'namespace FdbApiTester {\n\nfdb::ByteString low...'
foundationdb,../repos/foundationdb/bindings/c/test/apitester/fdb_c_api_tester.cpp,"(35, 1)-(428, 2)",b'namespace FdbApiTester {\n\nnamespace {\n\nenum T...'
foundationdb,../repos/foundationdb/bindings/c/test/apitester/fdb_c_api_tester.cpp,"(37, 1)-(427, 2)",b'namespace {\n\nenum TesterOptionId {\n\tOPT_CONNF...'
foundationdb,../repos/foundationdb/bindings/c/test/apitester/TesterBlobGranuleUtil.h,"(29, 1)-(47, 2)",b'namespace FdbApiTester {\n\nclass TesterGranule...'
foundationdb,../repos/foundationdb/bindings/c/test/apitester/TesterWorkload.h,"(35, 1)-(305, 2)",b'namespace FdbApiTester {\n\nclass WorkloadManag...'
foundationdb,../repos/foundationdb/bindings/c/test/apitester/TesterBlobGranuleUtil.cpp,"(25, 1)-(80, 2)",b'namespace FdbApiTester {\n\n// FIXME: avoid dup...'
foundationdb,../repos/foundationdb/bindings/c/test/apitester/TesterScheduler.h,"(29, 1)-(71, 2)",b'namespace FdbApiTester {\n\nusing TTaskFct = st...'
foundationdb,../repos/foundationdb/bindings/c/test/apitester/TesterOptions.h,"(28, 1)-(62, 2)",b'namespace FdbApiTester {\n\nclass TesterOptions...'
foundationdb,../repos/foundationdb/bindings/c/test/apitester/TesterTestSpec.cpp,"(27, 1)-(201, 2)",b'namespace FdbApiTester {\n\nnamespace {\n\nvoid p...'
foundationdb,../repos/foundationdb/bindings/c/test/apitester/TesterTestSpec.cpp,"(29, 1)-(135, 2)",b'namespace {\n\nvoid processIntOption(const std:...'
foundationdb,../repos/foundationdb/bindings/c/test/apitester/TesterWorkload.cpp,"(33, 1)-(368, 2)",b'namespace FdbApiTester {\n\nint WorkloadConfig:...'
foundationdb,../repos/foundationdb/bindings/c/test/apitester/TesterScheduler.cpp,"(31, 1)-(87, 2)",b'namespace FdbApiTester {\n\nconst TTaskFct NO_O...'
foundationdb,../repos/foundationdb/bindings/c/test/apitester/TesterWatchAndWaitWorkload.cpp,"(23, 1)-(93, 2)",b'namespace FdbApiTester {\n\nusing fdb::Key;\nusi...'
foundationdb,../repos/foundationdb/bindings/c/test/apitester/TesterAtomicOpsCorrectnessWorkload.cpp,"(29, 1)-(336, 2)",b'namespace FdbApiTester {\n\nusing fdb::Key;\nusi...'
foundationdb,../repos/foundationdb/bindings/c/test/apitester/TesterTransactionExecutor.cpp,"(38, 1)-(835, 2)",b'namespace FdbApiTester {\n\nconstexpr int LONG_...'
foundationdb,../repos/foundationdb/bindings/c/test/shim_lib_tester.cpp,"(39, 1)-(218, 2)","b'namespace {\n\nenum TesterOptionId {\n\tOPT_HELP,...'"
foundationdb,../repos/foundationdb/bindings/c/test/mako/tenant.cpp,"(27, 1)-(57, 2)","b'namespace mako {\n\nstd::map<std::string, std::...'"
foundationdb,../repos/foundationdb/bindings/c/test/mako/blob_granules.cpp,"(32, 1)-(119, 2)",b'namespace mako::blob_granules::local_file {\n\n...'
foundationdb,../repos/foundationdb/bindings/c/test/mako/utils.hpp,"(36, 1)-(218, 2)",b'namespace mako {\n\ninline uint64_t byteswapHel...'
foundationdb,../repos/foundationdb/bindings/c/test/mako/mako.hpp,"(44, 1)-(225, 2)",b'namespace mako {\n\nconstexpr const int MODE_IN...'
foundationdb,../repos/foundationdb/bindings/c/test/mako/mako.cpp,"(72, 1)-(86, 2)",b'namespace mako {\n\n/* args for threads */\nstru...'
foundationdb,../repos/foundationdb/bindings/c/test/mako/shm.hpp,"(35, 1)-(179, 2)",b'namespace mako::shared_memory {\n\nstruct Heade...'
foundationdb,../repos/foundationdb/bindings/c/test/mako/ddsketch.hpp,"(34, 1)-(59, 2)","b'namespace fastLogger {\n// Basically, the goal...'"
foundationdb,../repos/foundationdb/bindings/c/test/mako/operations.hpp,"(34, 1)-(138, 2)",b'namespace mako {\n\n// determines how resultant...'
foundationdb,../repos/foundationdb/bindings/c/test/mako/async.hpp,"(34, 1)-(127, 2)","b""namespace mako {\n\n// as we don't have corouti..."""
foundationdb,../repos/foundationdb/bindings/c/test/mako/admin_server.hpp,"(43, 1)-(186, 2)",b'namespace mako::ipc {\n\nstruct DefaultResponse...'
foundationdb,../repos/foundationdb/bindings/c/test/mako/async.cpp,"(34, 1)-(267, 2)",b'namespace mako {\n\nvoid ResumableStateForPopul...'
foundationdb,../repos/foundationdb/bindings/c/test/mako/logger.hpp,"(30, 1)-(130, 2)",b'namespace mako {\n\nconstexpr const int VERBOSE...'
foundationdb,../repos/foundationdb/bindings/c/test/mako/blob_granules.hpp,"(28, 1)-(48, 2)",b'namespace mako::blob_granules::local_file {\n\n...'
foundationdb,../repos/foundationdb/bindings/c/test/mako/time.hpp,"(26, 1)-(75, 2)",b'namespace mako {\n\n/* time measurement helpers...'
foundationdb,../repos/foundationdb/bindings/c/test/mako/stats.hpp,"(47, 1)-(349, 2)",b'namespace mako {\n\nclass DDSketchMako : public...'
foundationdb,../repos/foundationdb/bindings/c/test/mako/future.hpp,"(33, 1)-(165, 2)","b'namespace mako {\n\nenum class FutureRC { OK, R...'"
foundationdb,../repos/foundationdb/bindings/c/test/mako/future.hpp,"(65, 1)-(86, 2)",b'namespace detail {\n\ntemplate <class FutureTyp...'
foundationdb,../repos/foundationdb/bindings/c/test/mako/future.hpp,"(104, 1)-(141, 2)",b'namespace detail {\n\ntemplate <class FutureTyp...'
foundationdb,../repos/foundationdb/bindings/c/test/mako/utils.cpp,"(28, 1)-(54, 2)",b'namespace mako {\n\n/* return the last key to b...'
foundationdb,../repos/foundationdb/bindings/c/test/mako/tenant.hpp,"(28, 1)-(46, 2)","b'namespace mako {\n\nstd::map<std::string, std::...'"
foundationdb,../repos/foundationdb/bindings/c/test/mako/admin_server.cpp,"(45, 1)-(57, 2)",b'namespace {\n\nfdb::Database getOrCreateDatabas...'
foundationdb,../repos/foundationdb/bindings/c/test/mako/admin_server.cpp,"(59, 1)-(377, 2)",b'namespace mako::ipc {\n\nvoid AdminServer::star...'
foundationdb,../repos/foundationdb/bindings/c/test/mako/operations.cpp,"(30, 1)-(273, 2)",b'namespace mako {\n\nusing namespace fdb;\n\nconst...'
foundationdb,../repos/foundationdb/bindings/c/test/fdb_api.hpp,"(42, 1)-(1126, 2)",b'namespace fdb {\n\n// hide C API to discourage ...'
foundationdb,../repos/foundationdb/bindings/c/test/fdb_api.hpp,"(45, 1)-(47, 2)",b'namespace native {\n#include <foundationdb/fdb...'
foundationdb,../repos/foundationdb/bindings/c/test/fdb_api.hpp,"(227, 1)-(359, 2)",b'namespace future_var {\nstruct None {\n\tstruct ...'
foundationdb,../repos/foundationdb/bindings/c/test/fdb_api.hpp,"(371, 1)-(432, 2)",b'namespace network {\n\ninline Error setOptionNo...'
foundationdb,../repos/foundationdb/bindings/c/test/fdb_api.hpp,"(608, 1)-(626, 2)",b'namespace key_select {\n\ninline KeySelector fi...'
foundationdb,../repos/foundationdb/bindings/c/test/workloads/SimpleWorkload.cpp,"(31, 1)-(378, 2)",b'namespace {\n\nstruct SimpleWorkload final : FD...'
foundationdb,../repos/foundationdb/bindings/java/JavaWorkload.cpp,"(34, 1)-(620, 2)",b'namespace {\n// to make logging more convenien...'
foundationdb,../repos/foundationdb/bindings/flow/Node.actor.cpp,"(23, 1)-(69, 2)",b'namespace FDB {\nDirectoryLayer::Node::Node(Re...'
foundationdb,../repos/foundationdb/bindings/flow/DirectorySubspace.h,"(30, 1)-(78, 2)",b'namespace FDB {\nclass DirectorySubspace : pub...'
foundationdb,../repos/foundationdb/bindings/flow/Subspace.cpp,"(23, 1)-(92, 2)",b'namespace FDB {\nSubspace::Subspace(Tuple cons...'
foundationdb,../repos/foundationdb/bindings/flow/DirectorySubspace.cpp,"(23, 1)-(120, 2)",b'namespace FDB {\nDirectorySubspace::DirectoryS...'
foundationdb,../repos/foundationdb/bindings/flow/Tuple.cpp,"(23, 1)-(654, 2)",b'namespace FDB {\n// The floating point operati...'
foundationdb,../repos/foundationdb/bindings/flow/HighContentionAllocator.actor.cpp,"(23, 1)-(92, 4)",b'namespace FDB {\nACTOR Future<Standalone<Strin...'
foundationdb,../repos/foundationdb/bindings/flow/fdb_flow.h,"(32, 1)-(171, 2)","b'namespace FDB {\nstruct CFuture : NonCopyable,...'"
foundationdb,../repos/foundationdb/bindings/flow/Subspace.h,"(30, 1)-(90, 2)",b'namespace FDB {\nclass Subspace {\npublic:\n\tSub...'
foundationdb,../repos/foundationdb/bindings/flow/DirectoryLayer.h,"(30, 1)-(133, 2)",b'namespace FDB {\nclass DirectoryLayer : public...'
foundationdb,../repos/foundationdb/bindings/flow/fdb_flow.actor.cpp,"(100, 1)-(527, 2)",b'namespace FDB {\nclass DatabaseImpl : public D...'
foundationdb,../repos/foundationdb/bindings/flow/DirectoryPartition.h,"(30, 1)-(63, 2)",b'namespace FDB {\nclass DirectoryPartition : pu...'
foundationdb,../repos/foundationdb/bindings/flow/IDirectory.h,"(29, 1)-(70, 2)",b'namespace FDB {\nclass DirectoryLayer;\nclass D...'
foundationdb,../repos/foundationdb/bindings/flow/DirectoryLayer.actor.cpp,"(24, 1)-(355, 2)",b'namespace FDB {\nconst uint8_t DirectoryLayer:...'
foundationdb,../repos/foundationdb/bindings/flow/FDBLoanerTypes.h,"(24, 1)-(373, 2)",b'namespace FDB {\ntypedef StringRef KeyRef;\ntyp...'
foundationdb,../repos/foundationdb/bindings/flow/Tuple.h,"(31, 1)-(126, 2)",b'namespace FDB {\nstruct Uuid {\n\tconst static s...'
foundationdb,../repos/foundationdb/bindings/flow/HighContentionAllocator.h,"(28, 1)-(40, 2)",b'namespace FDB {\nclass HighContentionAllocator...'
foundationdb,../repos/foundationdb/fdbclient/TransactionLineage.cpp,"(23, 1)-(25, 2)",b'namespace {\nTransactionLineageCollector trans...'
foundationdb,../repos/foundationdb/fdbclient/DatabaseBackupAgent.actor.cpp,"(97, 1)-(306, 5)",b'namespace dbBackup {\n\nbool copyDefaultParamet...'
foundationdb,../repos/foundationdb/fdbclient/BackupContainer.actor.cpp,"(56, 1)-(65, 2)",b'namespace IBackupFile_impl {\n\nACTOR Future<Vo...'
foundationdb,../repos/foundationdb/fdbclient/ConfigKnobs.cpp,"(83, 1)-(106, 2)",b'namespace {\n\nclass SetKnobFunc {\n\tKnobs* knob...'
foundationdb,../repos/foundationdb/fdbclient/ConfigKnobs.cpp,"(155, 1)-(167, 2)",b'namespace {\n\nvoid decodeFailureTest(KeyRef ke...'
foundationdb,../repos/foundationdb/fdbclient/FDBAWSCredentialsProvider.cpp,"(29, 1)-(42, 2)",b'namespace FDBAWSCredentialsProvider {\nAws::Au...'
foundationdb,../repos/foundationdb/fdbclient/Tracing.actor.cpp,"(37, 1)-(110, 2)",b'namespace {\n#endif\n\n// Initial size of buffer...'
foundationdb,../repos/foundationdb/fdbclient/BlobGranuleFiles.cpp,"(195, 1)-(271, 2)",b'namespace {\nBlobGranuleFileEncryptionKeys get...'
foundationdb,../repos/foundationdb/fdbclient/BlobGranuleFiles.cpp,"(1842, 1)-(1850, 2)",b'namespace {\n\nStandalone<StringRef> getBaseCip...'
foundationdb,../repos/foundationdb/fdbclient/BlobGranuleFiles.cpp,"(2150, 1)-(2348, 2)",b'namespace {\n\nsize_t uidSize = 32;\n\nstruct Key...'
foundationdb,../repos/foundationdb/fdbclient/BlobGranuleFiles.cpp,"(2842, 1)-(2863, 2)",b'namespace {\nMutationsAndVersionRef singleMuta...'
foundationdb,../repos/foundationdb/fdbclient/azure_backup/BackupContainerAzureBlobStore.actor.cpp,"(27, 1)-(50, 2)",b'namespace {\n\nstd::string const notFoundErrorC...'
foundationdb,../repos/foundationdb/fdbclient/VersionVector.cpp,"(25, 1)-(378, 2)",b'namespace unit_tests {\n\nstruct TestContextAre...'
foundationdb,../repos/foundationdb/fdbclient/BackupContainerLocalDirectory.actor.cpp,"(31, 1)-(130, 2)",b'namespace {\n\nclass BackupFile : public IBacku...'
foundationdb,../repos/foundationdb/fdbclient/include/fdbclient/GenericManagementAPI.actor.h,"(143, 1)-(204, 2)",b'namespace ManagementAPI {\n\nACTOR template <cl...'
foundationdb,../repos/foundationdb/fdbclient/include/fdbclient/BackupContainer.h,"(323, 1)-(393, 2)",b'namespace fileBackup {\n// Use RangeMap to sto...'
foundationdb,../repos/foundationdb/fdbclient/include/fdbclient/GetEncryptCipherKeys_impl.actor.h,"(42, 1)-(56, 3)",b'namespace {\nACTOR template <class T>\nFuture<T...'
foundationdb,../repos/foundationdb/fdbclient/include/fdbclient/FDBAWSCredentialsProvider.h,"(30, 1)-(32, 2)",b'namespace FDBAWSCredentialsProvider {\nAws::Au...'
foundationdb,../repos/foundationdb/fdbclient/include/fdbclient/MutationLogReader.actor.h,"(36, 1)-(89, 2)",b'namespace mutation_log_reader {\n\n// RangeResu...'
foundationdb,../repos/foundationdb/fdbclient/include/fdbclient/ActorLineageProfiler.h,"(173, 1)-(178, 2)",b'namespace boost {\nnamespace asio {\n// forward...'
foundationdb,../repos/foundationdb/fdbclient/include/fdbclient/ActorLineageProfiler.h,"(174, 1)-(177, 2)",b'namespace asio {\n// forward declare io_contex...'
foundationdb,../repos/foundationdb/fdbclient/include/fdbclient/NativeAPI.actor.h,"(684, 1)-(687, 2)",b'namespace NativeAPI {\nACTOR Future<std::vecto...'
foundationdb,../repos/foundationdb/fdbclient/include/fdbclient/json_spirit/json_spirit_value.h,"(30, 1)-(510, 2)",b'namespace json_spirit {\nenum Value_type { obj...'
foundationdb,../repos/foundationdb/fdbclient/include/fdbclient/json_spirit/json_spirit_value.h,"(437, 1)-(480, 2)",b'namespace internal_ {\ntemplate <typename T>\ns...'
foundationdb,../repos/foundationdb/fdbclient/include/fdbclient/json_spirit/json_spirit_error_position.h,"(15, 1)-(40, 2)",b'namespace json_spirit {\n// An Error_position ...'
foundationdb,../repos/foundationdb/fdbclient/include/fdbclient/json_spirit/json_spirit_writer_options.h,"(13, 1)-(33, 2)",b'namespace json_spirit {\nenum Output_options {...'
foundationdb,../repos/foundationdb/fdbclient/include/fdbclient/json_spirit/json_spirit_reader_template.h,"(38, 1)-(537, 2)",b'namespace json_spirit {\nconst spirit_namespac...'
foundationdb,../repos/foundationdb/fdbclient/include/fdbclient/json_spirit/json_spirit_writer_template.h,"(21, 1)-(309, 2)",b'namespace json_spirit {\ninline char to_hex_ch...'
foundationdb,../repos/foundationdb/fdbclient/include/fdbclient/Tenant.h,"(34, 1)-(51, 2)",b'namespace TenantAPI {\nKeyRef idToPrefix(Arena...'
foundationdb,../repos/foundationdb/fdbclient/include/fdbclient/DatabaseContext.h,"(248, 1)-(260, 2)",b'namespace std {\ntemplate <>\nstruct hash<Chang...'
foundationdb,../repos/foundationdb/fdbclient/include/fdbclient/ClientLogEvents.h,"(28, 1)-(481, 2)",b'namespace FdbClientLogEvents {\nenum class Eve...'
foundationdb,../repos/foundationdb/fdbclient/include/fdbclient/MetaclusterRegistration.h,"(167, 1)-(176, 2)",b'namespace metacluster::metadata {\n// Use of t...'
foundationdb,../repos/foundationdb/fdbclient/include/fdbclient/IdempotencyId.actor.h,"(136, 1)-(145, 2)",b'namespace std {\ntemplate <>\nstruct hash<Idemp...'
foundationdb,../repos/foundationdb/fdbclient/include/fdbclient/BackupAgent.actor.h,"(1014, 1)-(1031, 2)",b'namespace fileBackup {\nStandalone<VectorRef<K...'
foundationdb,../repos/foundationdb/fdbclient/include/fdbclient/VersionedMap.h,"(39, 1)-(636, 2)",b'namespace PTreeImpl {\n\n#ifdef _MSC_VER\n#pragm...'
foundationdb,../repos/foundationdb/fdbclient/include/fdbclient/FDBTypes.h,"(145, 1)-(155, 2)",b'namespace std {\ntemplate <>\nstruct hash<Tag> ...'
foundationdb,../repos/foundationdb/fdbclient/include/fdbclient/FDBTypes.h,"(548, 1)-(559, 2)",b'namespace std {\ntemplate <>\nstruct hash<KeyRa...'
foundationdb,../repos/foundationdb/fdbclient/include/fdbclient/FDBTypes.h,"(561, 1)-(572, 2)",b'namespace std {\ntemplate <>\nstruct hash<KeyRa...'
foundationdb,../repos/foundationdb/fdbclient/include/fdbclient/StorageCheckpoint.h,"(148, 1)-(154, 2)",b'namespace std {\ntemplate <>\nclass hash<Checkp...'
foundationdb,../repos/foundationdb/fdbclient/include/fdbclient/TagThrottle.actor.h,"(251, 1)-(300, 2)",b'namespace ThrottleApi {\n\n// The template func...'
foundationdb,../repos/foundationdb/fdbclient/include/fdbclient/SimKmsVault.cpp,"(138, 1)-(169, 2)",b'namespace SimKmsVault {\n\nReference<SimKmsVaul...'
foundationdb,../repos/foundationdb/fdbclient/include/fdbclient/TenantManagement.actor.h,"(41, 1)-(320, 4)",b'namespace TenantAPI {\n\nstatic const int TENAN...'
foundationdb,../repos/foundationdb/fdbclient/include/fdbclient/BlobCipher.h,"(185, 1)-(196, 2)",b'namespace std {\ntemplate <>\nstruct hash<BlobC...'
foundationdb,../repos/foundationdb/fdbclient/include/fdbclient/SimKmsVault.h,"(45, 1)-(51, 2)",b'namespace SimKmsVault {\nReference<SimKmsVault...'
foundationdb,../repos/foundationdb/fdbclient/include/fdbclient/StorageWiggleMetrics.actor.h,"(119, 1)-(153, 2)",b'namespace {\n// Persistent the total delay tim...'
foundationdb,../repos/foundationdb/fdbclient/include/fdbclient/S3BlobStore.h,"(57, 1)-(69, 2)",b'namespace std {\ntemplate <>\nstruct hash<BlobS...'
foundationdb,../repos/foundationdb/fdbclient/include/fdbclient/SystemData.h,"(646, 1)-(648, 2)",b'namespace DDIgnore {\nenum IgnoreType : uint8_...'
foundationdb,../repos/foundationdb/fdbclient/NativeAPI.actor.cpp,"(120, 1)-(147, 2)",b'namespace {\n\nTransactionLineageCollector tran...'
foundationdb,../repos/foundationdb/fdbclient/NativeAPI.actor.cpp,"(4189, 1)-(4230, 2)",b'namespace {\n\n// NOTE: Since an ACTOR could re...'
foundationdb,../repos/foundationdb/fdbclient/NativeAPI.actor.cpp,"(11682, 1)-(11704, 2)",b'namespace NativeAPI {\n\nACTOR Future<std::vect...'
foundationdb,../repos/foundationdb/fdbclient/BackupAgentBase.actor.cpp,"(240, 1)-(255, 2)","b'namespace {\nTEST_CASE(""/backup/logversion"") {...'"
foundationdb,../repos/foundationdb/fdbclient/FileBackupAgent.actor.cpp,"(497, 1)-(1747, 3)",b'namespace fileBackup {\n\n// Return a block of ...'
foundationdb,../repos/foundationdb/fdbclient/AsyncTaskThread.actor.cpp,"(27, 1)-(59, 2)",b'namespace {\n\nclass TerminateTask final : publ...'
foundationdb,../repos/foundationdb/fdbclient/ManagementAPI.actor.cpp,"(1034, 1)-(1083, 3)",b'namespace {\n\nACTOR Future<Optional<ClusterCon...'
foundationdb,../repos/foundationdb/fdbclient/TenantManagement.actor.cpp,"(30, 1)-(106, 2)",b'namespace TenantAPI {\n\nTenantMode tenantModeF...'
foundationdb,../repos/foundationdb/fdbclient/BlobCipher.cpp,"(62, 1)-(108, 2)",b'namespace {\nvoid validateEncryptHeaderFlagVer...'
foundationdb,../repos/foundationdb/fdbclient/BlobCipher.cpp,"(1931, 1)-(1974, 2)",b'namespace {\n// Construct a dummy External Key...'
foundationdb,../repos/foundationdb/fdbclient/NameLineage.cpp,"(23, 1)-(25, 2)",b'namespace {\nNameLineageCollector nameLineageC...'
foundationdb,../repos/foundationdb/fdbclient/MultiVersionTransaction.actor.cpp,"(1783, 1)-(1805, 2)",b'namespace {\n\nvoid validateOptionValuePresent(...'
foundationdb,../repos/foundationdb/fdbclient/MultiVersionTransaction.actor.cpp,"(2564, 1)-(2584, 2)",b'namespace {\n\nconst char* initializationStateT...'
foundationdb,../repos/foundationdb/fdbclient/MultiVersionTransaction.actor.cpp,"(2794, 1)-(2806, 2)",b'namespace {\nvoid validateOption(Optional<Stri...'
foundationdb,../repos/foundationdb/fdbclient/BackupContainerFileSystem.actor.cpp,"(1614, 1)-(1845, 2)",b'namespace backup_test {\n\nint chooseFileSize(s...'
foundationdb,../repos/foundationdb/fdbclient/Tenant.cpp,"(32, 1)-(101, 2)",b'namespace TenantAPI {\n\nKeyRef idToPrefix(Aren...'
foundationdb,../repos/foundationdb/fdbclient/ParallelStream.actor.cpp,"(27, 1)-(58, 2)",b'namespace ParallelStreamTest {\n\nstruct TestVa...'
foundationdb,../repos/foundationdb/fdbclient/MutationLogReader.actor.cpp,"(27, 1)-(38, 2)",b'namespace {\n\nKey versionToKey(Version version...'
foundationdb,../repos/foundationdb/fdbclient/MutationLogReader.actor.cpp,"(40, 1)-(117, 5)",b'namespace mutation_log_reader {\n\nStandalone<R...'
foundationdb,../repos/foundationdb/fdbclient/MutationLogReader.actor.cpp,"(179, 1)-(194, 2)","b'namespace {\n// UNIT TESTS\nTEST_CASE(""/fdbclie...'"
foundationdb,../repos/foundationdb/fdbclient/IdempotencyId.actor.cpp,"(113, 1)-(120, 2)",b'namespace {\nIdempotencyIdRef generate(Arena& ...'
foundationdb,../repos/foundationdb/fdbclient/FluentDSampleIngestor.cpp,"(26, 1)-(196, 2)",b'namespace {\n\nboost::asio::ip::address ipAddre...'
foundationdb,../repos/foundationdb/fdbclient/MonitorLeader.actor.cpp,"(32, 1)-(52, 2)",b'namespace {\n\nstd::string trim(std::string con...'
foundationdb,../repos/foundationdb/fdbclient/MonitorLeader.actor.cpp,"(668, 1)-(679, 2)",b'namespace {\n\nvoid tryInsertIntoSamples(OpenDa...'
foundationdb,../repos/foundationdb/fdbclient/SpecialKeySpace.actor.cpp,"(44, 1)-(58, 2)",b'namespace {\nconst std::string kTracingTransac...'
foundationdb,../repos/foundationdb/fdbclient/SpecialKeySpace.actor.cpp,"(2435, 1)-(2439, 2)",b'namespace {\nstd::string_view to_string_view(S...'
foundationdb,../repos/foundationdb/fdbclient/ClientStatusReport.cpp,"(29, 1)-(167, 2)",b'namespace {\n\nclass ClientReportGenerator {\npu...'
foundationdb,../repos/foundationdb/fdbclient/StackLineage.cpp,"(27, 1)-(29, 2)",b'namespace {\n// StackLineageCollector stackLin...'
foundationdb,../repos/foundationdb/fdbserver/ClusterRecovery.actor.cpp,"(34, 1)-(39, 2)",b'namespace {\nEncryptionAtRestMode getEncryptio...'
foundationdb,../repos/foundationdb/fdbserver/RestoreCommon.actor.cpp,"(313, 1)-(367, 2)",b'namespace parallelFileRestore {\n\nACTOR Future...'
foundationdb,../repos/foundationdb/fdbserver/tester.actor.cpp,"(1732, 1)-(1767, 2)","b'namespace {\n\n// In the current TOML scope, lo...'"
foundationdb,../repos/foundationdb/fdbserver/tester.actor.cpp,"(2470, 1)-(2525, 2)",b'namespace {\nACTOR Future<Void> testExpectedEr...'
foundationdb,../repos/foundationdb/fdbserver/LocalConfiguration.actor.cpp,"(30, 1)-(40, 2)","b'namespace {\n\nconst KeyRef configPathKey = ""co...'"
foundationdb,../repos/foundationdb/fdbserver/storageserver.actor.cpp,"(119, 1)-(170, 2)",b'namespace {\nenum ChangeServerKeysContext { CS...'
foundationdb,../repos/foundationdb/fdbserver/OldTLogServer_6_2.actor.cpp,"(49, 1)-(1238, 2)",b'namespace oldTLog_6_2 {\n\nstruct TLogQueueEntr...'
foundationdb,../repos/foundationdb/fdbserver/CommitProxyServer.actor.cpp,"(612, 1)-(2296, 4)",b'namespace CommitBatch {\n\nstruct CommitBatchCo...'
foundationdb,../repos/foundationdb/fdbserver/CommitProxyServer.actor.cpp,"(984, 1)-(1033, 2)",b'namespace {\nEncryptCipherDomainId getEncryptD...'
foundationdb,../repos/foundationdb/fdbserver/CommitProxyServer.actor.cpp,"(3381, 1)-(3397, 2)",b'namespace {\nstruct ExpireServerEntry {\n\tint64...'
foundationdb,../repos/foundationdb/fdbserver/CommitProxyServer.actor.cpp,"(3399, 1)-(3410, 2)",b'namespace std {\ntemplate <>\nstruct hash<Idemp...'
foundationdb,../repos/foundationdb/fdbserver/CommitProxyServer.actor.cpp,"(3471, 1)-(3604, 2)",b'namespace {\n\nstruct TransactionStateResolveCo...'
foundationdb,../repos/foundationdb/fdbserver/RocksDBLogForwarder.actor.cpp,"(32, 1)-(54, 2)",b'namespace {\n\nSeverity getSeverityFromLogLevel...'
foundationdb,../repos/foundationdb/fdbserver/RocksDBLogForwarder.actor.cpp,"(56, 1)-(111, 2)",b'namespace details {\n\nvoid logTraceEvent(const...'
foundationdb,../repos/foundationdb/fdbserver/TransactionTagCounter.actor.cpp,"(132, 1)-(145, 2)",b'namespace {\n\nbool containsTag(std::vector<Bus...'
foundationdb,../repos/foundationdb/fdbserver/ClusterController.actor.cpp,"(3355, 1)-(3970, 2)",b'namespace {\n\n// Tests `ClusterControllerData:...'
foundationdb,../repos/foundationdb/fdbserver/fdbserver.actor.cpp,"(1034, 1)-(1944, 2)",b'namespace {\nenum class ServerRole {\n\tChangeCl...'
foundationdb,../repos/foundationdb/fdbserver/SkipList.cpp,"(1038, 1)-(1105, 2)","b'namespace {\nStringRef setK(Arena& arena, int ...'"
foundationdb,../repos/foundationdb/fdbserver/worker.actor.cpp,"(123, 1)-(125, 2)",b'namespace {\nRoleLineageCollector roleLineageC...'
foundationdb,../repos/foundationdb/fdbserver/worker.actor.cpp,"(831, 1)-(887, 2)","b'namespace {\n\nTEST_CASE(""/fdbserver/worker/add...'"
foundationdb,../repos/foundationdb/fdbserver/worker.actor.cpp,"(912, 1)-(963, 2)","b'namespace {\n\nTEST_CASE(""/fdbserver/worker/add...'"
foundationdb,../repos/foundationdb/fdbserver/worker.actor.cpp,"(993, 1)-(1045, 2)","b'namespace {\n\nTEST_CASE(""/fdbserver/worker/add...'"
foundationdb,../repos/foundationdb/fdbserver/worker.actor.cpp,"(1063, 1)-(1106, 2)","b'namespace {\n\nTEST_CASE(""/fdbserver/worker/add...'"
foundationdb,../repos/foundationdb/fdbserver/worker.actor.cpp,"(3801, 1)-(3879, 2)",b'namespace {\nKeyValueStoreType randomStoreType...'
foundationdb,../repos/foundationdb/fdbserver/MockGlobalState.actor.cpp,"(1104, 1)-(1109, 2)",b'namespace {\ninline bool locationInfoEqualsToT...'
foundationdb,../repos/foundationdb/fdbserver/include/fdbserver/RocksDBLogForwarder.h,"(34, 1)-(72, 2)",b'namespace details {\n\n// Stores a RocksDB log ...'
foundationdb,../repos/foundationdb/fdbserver/include/fdbserver/MasterData.actor.h,"(82, 1)-(84, 2)",b'namespace fdbserver_swift {\nclass MasterDataA...'
foundationdb,../repos/foundationdb/fdbserver/include/fdbserver/IDiskQueue.h,"(111, 1)-(120, 2)",b'namespace std {\ntemplate <>\nstruct numeric_li...'
foundationdb,../repos/foundationdb/fdbserver/include/fdbserver/WorkerInterface.actor.h,"(1294, 1)-(1301, 2)",b'namespace oldTLog_4_6 {\nACTOR Future<Void> tL...'
foundationdb,../repos/foundationdb/fdbserver/include/fdbserver/WorkerInterface.actor.h,"(1302, 1)-(1317, 2)",b'namespace oldTLog_6_0 {\nACTOR Future<Void> tL...'
foundationdb,../repos/foundationdb/fdbserver/include/fdbserver/WorkerInterface.actor.h,"(1318, 1)-(1333, 2)",b'namespace oldTLog_6_2 {\nACTOR Future<Void> tL...'
foundationdb,../repos/foundationdb/fdbserver/include/fdbserver/MockGlobalState.h,"(229, 1)-(248, 2)",b'namespace mock {\n// This struct is only used ...'
foundationdb,../repos/foundationdb/fdbserver/include/fdbserver/RESTKmsConnectorUtils.h,"(34, 1)-(114, 2)",b'namespace RESTKmsConnectorUtils {\n\nextern con...'
foundationdb,../repos/foundationdb/fdbserver/include/fdbserver/DataDistributionTeam.h,"(26, 1)-(55, 2)",b'namespace data_distribution {\n// DD evaluate ...'
foundationdb,../repos/foundationdb/fdbserver/include/fdbserver/RecoveryState.h,"(44, 1)-(67, 2)",b'namespace RecoveryStatus {\nenum RecoveryStatu...'
foundationdb,../repos/foundationdb/fdbserver/include/fdbserver/IPageEncryptionKeyProvider.actor.h,"(162, 1)-(170, 2)",b'namespace {\ntemplate <EncodingType encodingTy...'
foundationdb,../repos/foundationdb/fdbserver/include/fdbserver/RestoreCommon.actor.h,"(240, 1)-(244, 2)",b'namespace parallelFileRestore {\nACTOR Future<...'
foundationdb,../repos/foundationdb/fdbserver/ConfigBroadcaster.actor.cpp,"(30, 1)-(50, 2)",b'namespace {\n\nbool matchesConfigClass(ConfigCl...'
foundationdb,../repos/foundationdb/fdbserver/StorageServerUtils.cpp,"(25, 1)-(29, 2)",b'namespace {\nconst KeyRangeRef persistMoveInSh...'
foundationdb,../repos/foundationdb/fdbserver/StorageCache.actor.cpp,"(49, 1)-(64, 2)",b'namespace {\n// TODO rename wrong_shard_server...'
foundationdb,../repos/foundationdb/fdbserver/ApplyMetadataMutation.cpp,"(51, 1)-(1441, 2)",b'namespace {\n\n// It is incredibly important th...'
foundationdb,../repos/foundationdb/fdbserver/DDTeamCollection.actor.cpp,"(35, 1)-(45, 2)",b'namespace {\n\n// Helper function for STL conta...'
foundationdb,../repos/foundationdb/fdbserver/DDTeamCollection.actor.cpp,"(47, 1)-(74, 2)",b'namespace data_distribution {\nint Eligibility...'
foundationdb,../repos/foundationdb/fdbserver/KeyValueStoreShardedRocksDB.actor.cpp,"(83, 1)-(949, 2)",b'namespace {\nstruct PhysicalShard;\nstruct Data...'
foundationdb,../repos/foundationdb/fdbserver/KeyValueStoreShardedRocksDB.actor.cpp,"(4211, 1)-(5040, 2)","b'namespace {\nTEST_CASE(""noSim/ShardedRocksDB/I...'"
foundationdb,../repos/foundationdb/fdbserver/DataDistribution.actor.cpp,"(85, 1)-(95, 2)",b'namespace {\n\nstd::set<int> const& normalDDQue...'
foundationdb,../repos/foundationdb/fdbserver/DataDistribution.actor.cpp,"(3500, 1)-(3520, 2)",b'namespace data_distribution_test {\n\ninline DD...'
foundationdb,../repos/foundationdb/fdbserver/MoveKeys.actor.cpp,"(45, 1)-(202, 2)",b'namespace {\nstruct Shard {\n\tShard() = default...'
foundationdb,../repos/foundationdb/fdbserver/MoveKeys.actor.cpp,"(390, 1)-(470, 2)",b'namespace {\nACTOR Future<Optional<UID>> check...'
foundationdb,../repos/foundationdb/fdbserver/OldTLogServer_4_6.actor.cpp,"(44, 1)-(774, 2)",b'namespace oldTLog_4_6 {\n\ntypedef int16_t OldT...'
foundationdb,../repos/foundationdb/fdbserver/ConfigNode.actor.cpp,"(33, 1)-(85, 2)",b'namespace {\n\nconst KeyRef coordinatorsHashKey...'
foundationdb,../repos/foundationdb/fdbserver/RESTKmsConnector.actor.cpp,"(63, 1)-(93, 2)",b'namespace {\nbool canReplyWith(Error e) {\n\tswi...'
foundationdb,../repos/foundationdb/fdbserver/RESTKmsConnector.actor.cpp,"(1197, 1)-(1352, 2)",b'namespace {\nstd::string_view KMS_URL_NAME_TES...'
foundationdb,../repos/foundationdb/fdbserver/RESTKmsConnector.actor.cpp,"(2063, 1)-(2070, 2)",b'namespace {\nstruct TestUrlPenaltyParam {\n\tsta...'
foundationdb,../repos/foundationdb/fdbserver/ServerThroughputTracker.cpp,"(23, 1)-(35, 2)","b'namespace {\n\ntemplate <class K, class V, clas...'"
foundationdb,../repos/foundationdb/fdbserver/workloads/PerpetualWiggleStorageMigrationWorkload.actor.cpp,"(35, 1)-(54, 2)",b'namespace {\nACTOR Future<bool> IssueConfigura...'
foundationdb,../repos/foundationdb/fdbserver/workloads/TenantLock.actor.cpp,"(27, 1)-(174, 2)",b'namespace {\n\nstruct TenantLock : TestWorkload...'
foundationdb,../repos/foundationdb/fdbserver/workloads/AutomaticIdempotencyWorkload.actor.cpp,"(27, 1)-(39, 2)",b'namespace {\nstruct ValueType {\n\tstatic conste...'
foundationdb,../repos/foundationdb/fdbserver/workloads/PerpetualWiggleStatsWorkload.actor.cpp,"(48, 1)-(58, 2)",b'namespace {\nACTOR Future<bool> IssueConfigura...'
foundationdb,../repos/foundationdb/fdbserver/workloads/PhysicalShardMove.actor.cpp,"(37, 1)-(44, 2)",b'namespace {\nstd::string printValue(const Erro...'
foundationdb,../repos/foundationdb/fdbserver/workloads/StorageServerCheckpointRestoreTest.actor.cpp,"(37, 1)-(44, 2)",b'namespace {\nstd::string printValue(const Erro...'
foundationdb,../repos/foundationdb/fdbserver/workloads/ValidateStorage.actor.cpp,"(37, 1)-(44, 2)",b'namespace {\nstd::string printValue(const Erro...'
foundationdb,../repos/foundationdb/fdbserver/workloads/TenantEntryCacheWorkload.actor.cpp,"(36, 1)-(44, 2)",b'namespace {\nTenantEntryCachePayload<int64_t> ...'
foundationdb,../repos/foundationdb/fdbserver/workloads/UDPWorkload.actor.cpp,"(41, 1)-(219, 3)",b'namespace {\n\nstruct UDPWorkload : TestWorkloa...'
foundationdb,../repos/foundationdb/fdbserver/workloads/ClientTransactionProfileCorrectness.actor.cpp,"(47, 1)-(153, 2)",b'namespace ClientLogEventsParser {\n\nvoid parse...'
foundationdb,../repos/foundationdb/fdbserver/workloads/ResolverBug.actor.cpp,"(27, 1)-(142, 3)",b'namespace {\n\nstruct ResolverBugWorkload : Tes...'
foundationdb,../repos/foundationdb/fdbserver/workloads/StorageCorruption.actor.cpp,"(28, 1)-(78, 2)",b'namespace {\n\nstruct StorageCorruptionWorkload...'
foundationdb,../repos/foundationdb/fdbserver/workloads/ExternalWorkload.actor.cpp,"(31, 1)-(277, 2)",b'namespace {\n\ntemplate <class T>\nstruct FDBPro...'
foundationdb,../repos/foundationdb/fdbserver/workloads/DataLossRecovery.actor.cpp,"(37, 1)-(44, 2)",b'namespace {\nstd::string printValue(const Erro...'
foundationdb,../repos/foundationdb/fdbserver/workloads/LocalRatekeeper.actor.cpp,"(26, 1)-(147, 2)",b'namespace {\n\nACTOR Future<StorageServerInterf...'
foundationdb,../repos/foundationdb/fdbserver/workloads/PrivateEndpoints.actor.cpp,"(25, 1)-(144, 2)",b'namespace {\n\nstruct PrivateEndpoints : TestWo...'
foundationdb,../repos/foundationdb/fdbserver/BlobWorker.actor.cpp,"(254, 1)-(300, 2)",b'namespace {\n\nOptional<CompressionFilter> getB...'
foundationdb,../repos/foundationdb/fdbserver/BlobWorker.actor.cpp,"(1724, 1)-(1790, 2)",b'namespace {\nvoid handleCompletedDeltaFile(Ref...'
foundationdb,../repos/foundationdb/fdbserver/BlobWorker.actor.cpp,"(1803, 1)-(1967, 2)",b'namespace {\nVersion doGranuleRollback(Referen...'
foundationdb,../repos/foundationdb/fdbserver/BlobWorker.actor.cpp,"(3493, 1)-(3676, 2)",b'namespace {\nint64_t nextHistoryQueryId = 0;\ns...'
foundationdb,../repos/foundationdb/fdbserver/BlobWorker.actor.cpp,"(4545, 1)-(4742, 2)",b'namespace {\nGranuleRangeMetadata constructAct...'
foundationdb,../repos/foundationdb/fdbserver/RocksDBCheckpointUtils.actor.cpp,"(55, 1)-(178, 3)",b'namespace {\n\nusing DB = rocksdb::DB*;\nusing C...'
foundationdb,../repos/foundationdb/fdbserver/ConfigDatabaseUnitTests.actor.cpp,"(31, 1)-(162, 3)",b'namespace {\n\nKey encodeConfigKey(Optional<Key...'
foundationdb,../repos/foundationdb/fdbserver/GlobalTagThrottler.actor.cpp,"(530, 1)-(664, 2)","b'namespace {\n\nenum class LimitType { RESERVED,...'"
foundationdb,../repos/foundationdb/fdbserver/RESTSimKmsVault.actor.cpp,"(47, 1)-(64, 2)",b'namespace {\nconst std::string missingVersionM...'
foundationdb,../repos/foundationdb/fdbserver/RESTSimKmsVault.actor.cpp,"(449, 1)-(638, 2)","b'namespace {\n\nenum class FaultType { NONE = 1,...'"
foundationdb,../repos/foundationdb/fdbserver/OldTLogServer_6_0.actor.cpp,"(48, 1)-(1020, 2)",b'namespace oldTLog_6_0 {\n\nstruct TLogQueueEntr...'
foundationdb,../repos/foundationdb/fdbserver/Coordination.actor.cpp,"(42, 1)-(68, 2)",b'namespace {\n\nconst std::string fileCoordinato...'
foundationdb,../repos/foundationdb/fdbserver/SimulatedCluster.actor.cpp,"(78, 1)-(88, 2)",b'namespace {\n\nconstexpr bool hasRocksDB =\n#ifd...'
foundationdb,../repos/foundationdb/fdbserver/SimulatedCluster.actor.cpp,"(90, 1)-(103, 2)",b'namespace probe {\n\nnamespace assert {\n\nstruct...'
foundationdb,../repos/foundationdb/fdbserver/SimulatedCluster.actor.cpp,"(92, 1)-(101, 2)",b'namespace assert {\n\nstruct HasRocksDB {\n\tcons...'
foundationdb,../repos/foundationdb/fdbserver/SimulatedCluster.actor.cpp,"(121, 1)-(1011, 2)",b'namespace {\n\nbool isValidSimulationStorageEng...'
foundationdb,../repos/foundationdb/fdbserver/SimulatedCluster.actor.cpp,"(1750, 1)-(1867, 2)",b'namespace {\n\nusing StorageEngineConfigFunc = ...'
foundationdb,../repos/foundationdb/fdbserver/Resolver.actor.cpp,"(48, 1)-(55, 2)",b'namespace {\nstruct ProxyRequestsInfo {\n\tstd::...'
foundationdb,../repos/foundationdb/fdbserver/Resolver.actor.cpp,"(57, 1)-(217, 2)",b'namespace {\n\nclass RecentStateTransactionsInf...'
foundationdb,../repos/foundationdb/fdbserver/Resolver.actor.cpp,"(547, 1)-(659, 2)",b'namespace {\n\n// TODO: refactor with the one i...'
foundationdb,../repos/foundationdb/fdbserver/VersionedBTree.actor.cpp,"(10109, 1)-(10147, 2)",b'namespace {\n\nRandomKeyGenerator getDefaultKey...'
foundationdb,../repos/foundationdb/fdbserver/VersionedBTree.actor.cpp,"(11567, 1)-(11577, 2)",b'namespace {\nvoid setAuthMode(EncodingType enc...'
foundationdb,../repos/foundationdb/fdbserver/Status.actor.cpp,"(280, 1)-(429, 2)",b'namespace {\n\nvoid reportCgroupCpuStat(JsonBui...'
foundationdb,../repos/foundationdb/fdbserver/Status.actor.cpp,"(1984, 1)-(1992, 2)",b'namespace {\n\nconst std::vector<std::string> S...'
foundationdb,../repos/foundationdb/fdbserver/SimKmsConnector.actor.cpp,"(58, 1)-(74, 2)",b'namespace {\nOptional<int64_t> getRefreshInter...'
foundationdb,../repos/foundationdb/fdbserver/SimKmsConnector.actor.cpp,"(266, 1)-(343, 2)",b'namespace {\n\nACTOR Future<Void> testRunWorklo...'
foundationdb,../repos/foundationdb/fdbserver/RestoreLoader.actor.cpp,"(1481, 1)-(1604, 2)",b'namespace {\n\nvoid oldSplitMutation(std::map<K...'
foundationdb,../repos/foundationdb/fdbserver/KeyValueStoreRocksDB.actor.cpp,"(79, 1)-(923, 2)",b'namespace {\nusing rocksdb::BackgroundErrorRea...'
foundationdb,../repos/foundationdb/fdbserver/RESTKmsConnectorUtils.cpp,"(25, 1)-(186, 2)",b'namespace RESTKmsConnectorUtils {\n\nconst char...'
foundationdb,../repos/foundationdb/fdbserver/EncryptKeyProxy.actor.cpp,"(55, 1)-(152, 2)",b'namespace {\n\nconst std::string REST_KMS_CONNE...'
foundationdb,../repos/foundationdb/flow/genericactors.actor.cpp,"(202, 1)-(230, 2)",b'namespace {\n\nstruct DummyState {\n\tint changed...'
foundationdb,../repos/foundationdb/flow/FastAlloc.cpp,"(307, 1)-(369, 2)",b'namespace keepalive_allocator {\n\nnamespace de...'
foundationdb,../repos/foundationdb/flow/FastAlloc.cpp,"(309, 1)-(316, 2)",b'namespace detail {\n\nstd::set<void*> g_allocat...'
foundationdb,../repos/foundationdb/flow/ProtocolVersion.cpp,"(22, 1)-(26, 2)",b'namespace {\n\nProtocolVersion g_currentProtoco...'
foundationdb,../repos/foundationdb/flow/SystemMonitor.cpp,"(76, 1)-(103, 2)",b'namespace {\n\n#ifdef __linux__\n// Converts cgr...'
foundationdb,../repos/foundationdb/flow/serialize.cpp,"(45, 1)-(100, 2)",b'namespace {\n\nstruct _Struct {\n\tstatic constex...'
foundationdb,../repos/foundationdb/flow/Trace.cpp,"(682, 1)-(736, 2)",b'namespace {\ntemplate <bool validate>\nbool tra...'
foundationdb,../repos/foundationdb/flow/Trace.cpp,"(1656, 1)-(1734, 2)",b'namespace {\nvoid parseNumericValue(std::strin...'
foundationdb,../repos/foundationdb/flow/WriteOnlySet.actor.cpp,"(153, 1)-(203, 2)",b'namespace {\n\n// Some statistics\nstd::atomic<u...'
foundationdb,../repos/foundationdb/flow/MkCert.cpp,"(44, 1)-(59, 2)",b'namespace {\n\n[[noreturn]] void traceAndThrow(...'
foundationdb,../repos/foundationdb/flow/MkCert.cpp,"(67, 1)-(373, 2)",b'namespace mkcert {\n\n// Helper functions worki...'
foundationdb,../repos/foundationdb/flow/Platform.actor.cpp,"(421, 1)-(524, 2)",b'namespace linux_os {\n\nnamespace {\n\nvoid getMe...'
foundationdb,../repos/foundationdb/flow/Platform.actor.cpp,"(423, 1)-(503, 2)",b'namespace {\n\nvoid getMemoryInfo(std::map<Stri...'
foundationdb,../repos/foundationdb/flow/Platform.actor.cpp,"(2258, 1)-(2280, 2)",b'namespace platform {\n\nint getRandomSeed() {\n\t...'
foundationdb,../repos/foundationdb/flow/Platform.actor.cpp,"(2455, 1)-(2517, 2)",b'namespace platform {\n\nbool createDirectory(st...'
foundationdb,../repos/foundationdb/flow/Platform.actor.cpp,"(2812, 1)-(2859, 2)",b'namespace platform {\n\nstd::vector<std::string...'
foundationdb,../repos/foundationdb/flow/Platform.actor.cpp,"(2889, 1)-(2909, 2)",b'namespace platform {\n\nvoid makeTemporary(cons...'
foundationdb,../repos/foundationdb/flow/Platform.actor.cpp,"(3088, 1)-(3149, 2)",b'namespace platform {\n\nbool getEnvironmentVar(...'
foundationdb,../repos/foundationdb/flow/Platform.actor.cpp,"(3153, 1)-(3175, 2)",b'namespace platform {\nstd::string getDefaultCo...'
foundationdb,../repos/foundationdb/flow/Platform.actor.cpp,"(3191, 1)-(3382, 2)",b'namespace platform {\n\nvoid outOfMemory() {\n#i...'
foundationdb,../repos/foundationdb/flow/Platform.actor.cpp,"(3477, 1)-(3512, 2)",b'namespace platform {\nImageInfo getImageInfo()...'
foundationdb,../repos/foundationdb/flow/Platform.actor.cpp,"(3515, 1)-(3525, 2)",b'namespace platform {\nstd::string get_backtrac...'
foundationdb,../repos/foundationdb/flow/Platform.actor.cpp,"(3773, 1)-(3780, 2)",b'namespace {\n\nstd::atomic<double> checkThreadT...'
foundationdb,../repos/foundationdb/flow/Hostname.actor.cpp,"(30, 1)-(35, 2)",b'namespace {\n\nconst static std::regex validati...'
foundationdb,../repos/foundationdb/flow/CodeProbe.cpp,"(32, 1)-(293, 2)",b'namespace probe {\n\nnamespace {\n\nstd::vector<E...'
foundationdb,../repos/foundationdb/flow/CodeProbe.cpp,"(34, 1)-(241, 2)",b'namespace {\n\nstd::vector<ExecutionContext> fr...'
foundationdb,../repos/foundationdb/flow/CodeProbe.cpp,"(281, 1)-(291, 2)",b'namespace assert {\n\nbool NoSim::operator()(IC...'
foundationdb,../repos/foundationdb/flow/PKey.cpp,"(35, 1)-(86, 2)",b'namespace {\n\nvoid traceAndThrowDecode(const c...'
foundationdb,../repos/foundationdb/flow/include/flow/MkCert.h,"(32, 1)-(161, 2)",b'namespace mkcert {\n\n// Print X509 cert PEM in...'
foundationdb,../repos/foundationdb/flow/include/flow/IRandom.h,"(133, 1)-(139, 2)",b'namespace std {\ntemplate <>\nclass hash<UID> {...'
foundationdb,../repos/foundationdb/flow/include/flow/serialize.h,"(314, 1)-(327, 2)","b'namespace {\ntemplate <class Archive, class Va...'"
foundationdb,../repos/foundationdb/flow/include/flow/swift/ABI/Task.h,"(22, 1)-(79, 2)",b'namespace swift {\n\nenum {\n\tNumWords_HeapObjec...'
foundationdb,../repos/foundationdb/flow/include/flow/swift/Basic/FlagSet.h,"(24, 1)-(105, 2)",b'namespace swift {\n\n/// A template designed to...'
foundationdb,../repos/foundationdb/flow/include/flow/NetworkAddress.h,"(119, 1)-(124, 2)",b'namespace std {\ntemplate <>\nstruct hash<Netwo...'
foundationdb,../repos/foundationdb/flow/include/flow/CoroutinesImpl.h,"(34, 1)-(496, 2)",b'namespace coro {\n\ntemplate <class F>\nstruct F...'
foundationdb,../repos/foundationdb/flow/include/flow/FastAlloc.h,"(181, 1)-(209, 2)",b'namespace keepalive_allocator {\n\nnamespace de...'
foundationdb,../repos/foundationdb/flow/include/flow/FastAlloc.h,"(183, 1)-(185, 2)",b'namespace detail {\nextern bool g_active;\n}'
foundationdb,../repos/foundationdb/flow/include/flow/CodeProbe.h,"(27, 1)-(295, 2)",b'namespace probe {\n\nstruct ICodeProbe;\n\nenum c...'
foundationdb,../repos/foundationdb/flow/include/flow/CodeProbe.h,"(34, 1)-(62, 2)",b'namespace context {\nstruct Net2 {\n\tconstexpr ...'
foundationdb,../repos/foundationdb/flow/include/flow/CodeProbe.h,"(64, 1)-(115, 2)",b'namespace assert {\nstruct NoSim {\n\tconstexpr ...'
foundationdb,../repos/foundationdb/flow/include/flow/CodeProbe.h,"(117, 1)-(134, 2)",b'namespace decoration {\n\n// Code probes that c...'
foundationdb,../repos/foundationdb/flow/include/flow/CodeProbe.h,"(136, 1)-(144, 2)",b'namespace func {\n\nstruct Deduplicate {\n\tconst...'
foundationdb,../repos/foundationdb/flow/include/flow/CoroUtils.h,"(26, 1)-(215, 2)","b'namespace coro {\n\ntemplate <class Parent, int...'"
foundationdb,../repos/foundationdb/flow/include/flow/network.h,"(294, 1)-(298, 2)",b'namespace SwiftGNetwork {\ninline double timer...'
foundationdb,../repos/foundationdb/flow/include/flow/AsioReactor.h,"(30, 1)-(122, 2)","b""namespace N2 { // No indent, it's the whole f..."""
foundationdb,../repos/foundationdb/flow/include/flow/OwningResource.h,"(50, 1)-(102, 2)",b'namespace details {\n\n// The class holding the...'
foundationdb,../repos/foundationdb/flow/include/flow/Platform.h,"(254, 1)-(260, 2)",b'namespace linux_os {\n\n// Collects the /sys/fs...'
foundationdb,../repos/foundationdb/flow/include/flow/Platform.h,"(404, 1)-(475, 2)",b'namespace platform {\n\n// Returns true if dire...'
foundationdb,../repos/foundationdb/flow/include/flow/Platform.actor.h,"(40, 1)-(48, 2)","b'namespace platform {\n// e.g. extension=="".fdb...'"
foundationdb,../repos/foundationdb/flow/include/flow/CodeProbeUtils.h,"(26, 1)-(30, 2)",b'namespace probe {\n\nvoid traceMissedProbes(Opt...'
foundationdb,../repos/foundationdb/flow/include/flow/WipedString.h,"(31, 1)-(54, 2)",b'namespace detail {\n// Wraps StringRef for the...'
foundationdb,../repos/foundationdb/flow/include/flow/genericactors.actor.h,"(2308, 1)-(2327, 2)",b'namespace IAsyncListenerImpl {\n\ntemplate <cla...'
foundationdb,../repos/foundationdb/flow/include/flow/flat_buffers.h,"(363, 1)-(1283, 2)",b'namespace detail {\n\ntemplate <class T>\nT inte...'
foundationdb,../repos/foundationdb/flow/include/flow/flat_buffers.h,"(1285, 1)-(1329, 2)",b'namespace detail {\n\ntemplate <class... Member...'
foundationdb,../repos/foundationdb/flow/include/flow/flat_buffers.h,"(1356, 1)-(1363, 2)",b'namespace detail {\ntemplate <class T>\nstruct ...'
foundationdb,../repos/foundationdb/flow/include/flow/flat_buffers.h,"(1396, 1)-(1427, 2)","b""namespace detail {\n\n// Ensure if there's a Lo..."""
foundationdb,../repos/foundationdb/flow/include/flow/ThreadHelper.actor.h,"(39, 1)-(48, 2)",b'namespace internal_thread_helper {\n\nACTOR tem...'
foundationdb,../repos/foundationdb/flow/include/flow/ThreadHelper.actor.h,"(814, 1)-(834, 2)",b'namespace internal_thread_helper {\n\nACTOR tem...'
foundationdb,../repos/foundationdb/flow/include/flow/flow.h,"(105, 1)-(112, 2)",b'namespace SwiftBridging {\n\ninline bool buggif...'
foundationdb,../repos/foundationdb/flow/include/flow/flow.h,"(477, 1)-(494, 2)","b'namespace detail {\n\ntemplate <class T, class ...'"
foundationdb,../repos/foundationdb/flow/include/flow/OTELMetrics.h,"(49, 1)-(216, 2)",b'namespace OTEL {\nclass Attribute {\npublic:\n\ts...'
foundationdb,../repos/foundationdb/flow/include/flow/ObjectSerializer.h,"(306, 1)-(326, 2)","b'namespace detail {\n\ntemplate <class T, class ...'"
foundationdb,../repos/foundationdb/flow/include/flow/ProcessEvents.h,"(28, 1)-(46, 2)",b'namespace ProcessEvents {\n\n// A callback is n...'
foundationdb,../repos/foundationdb/flow/include/flow/singleton.h,"(35, 1)-(275, 2)",b'namespace crossbow {\n\n/**\n * @brief A mock mu...'
foundationdb,../repos/foundationdb/flow/include/flow/Arena.h,"(611, 1)-(619, 2)",b'namespace std {\ntemplate <>\nstruct hash<Strin...'
foundationdb,../repos/foundationdb/flow/include/flow/Arena.h,"(621, 1)-(629, 2)",b'namespace std {\ntemplate <>\nstruct hash<Stand...'
foundationdb,../repos/foundationdb/flow/include/flow/Arena.h,"(631, 1)-(636, 2)",b'namespace std {\ntemplate <class T>\nstruct has...'
foundationdb,../repos/foundationdb/flow/Arena.cpp,"(48, 1)-(108, 2)",b'namespace {\n#if VALGRIND\nvoid allowAccess(Are...'
foundationdb,../repos/foundationdb/flow/Arena.cpp,"(533, 1)-(662, 2)",b'namespace {\ntemplate <template <class> class ...'
foundationdb,../repos/foundationdb/flow/SimBugInjector.cpp,"(27, 1)-(41, 2)",b'namespace {\n\nstruct SimBugInjectorImpl {\n\tboo...'
foundationdb,../repos/foundationdb/flow/CompressionUtils.cpp,"(34, 1)-(45, 2)",b'namespace {\nstd::unordered_set<CompressionFil...'
foundationdb,../repos/foundationdb/flow/CompressionUtils.cpp,"(146, 1)-(177, 2)",b'namespace {\nvoid testCompression(CompressionF...'
foundationdb,../repos/foundationdb/flow/ProcessEvents.cpp,"(27, 1)-(154, 2)",b'namespace {\n\nstruct EventImpl {\n\tusing Id = i...'
foundationdb,../repos/foundationdb/flow/ProcessEvents.cpp,"(156, 1)-(269, 2)",b'namespace ProcessEvents {\n\nvoid trigger(Strin...'
foundationdb,../repos/foundationdb/flow/WipedString.cpp,"(32, 1)-(237, 2)",b'namespace unit_tests {\n\nvoid fillRandom(int& ...'
foundationdb,../repos/foundationdb/flow/flow.cpp,"(344, 1)-(349, 2)",b'namespace {\n\nstd::vector<bool> buggifyActivat...'
foundationdb,../repos/foundationdb/flow/flow.cpp,"(480, 1)-(492, 2)",b'namespace {\n// Simple message for flatbuffers...'
foundationdb,../repos/foundationdb/flow/JsonTraceLogFormatter.cpp,"(46, 1)-(68, 2)",b'namespace {\n\nvoid escapeString(std::ostringst...'
foundationdb,../repos/foundationdb/flow/flat_buffers.cpp,"(34, 1)-(80, 2)",b'namespace detail {\n\nnamespace {\nthread_local ...'
foundationdb,../repos/foundationdb/flow/flat_buffers.cpp,"(36, 1)-(38, 2)",b'namespace {\nthread_local std::vector<int> gWr...'
foundationdb,../repos/foundationdb/flow/flat_buffers.cpp,"(82, 1)-(304, 2)","b'namespace unit_tests {\n\nTEST_CASE(""flow/FlatB...'"
foundationdb,../repos/foundationdb/flow/flat_buffers.cpp,"(306, 1)-(352, 2)","b'namespace unit_tests {\n\nTEST_CASE(""flow/FlatB...'"
foundationdb,../repos/foundationdb/flow/flat_buffers.cpp,"(364, 1)-(617, 2)",b'namespace unit_tests {\n\nstruct Y1 {\n\tconstexp...'
foundationdb,../repos/foundationdb/flow/ActorContext.cpp,"(13, 1)-(42, 2)",b'namespace {\nstd::vector<ActorExecutionContext...'
foundationdb,../repos/foundationdb/flow/ActorContext.cpp,"(98, 1)-(123, 2)",b'namespace {\n\nstd::vector<ActiveActor> getCall...'
foundationdb,../repos/foundationdb/flow/Net2.actor.cpp,"(118, 1)-(993, 4)","b""namespace N2 { // No indent, it's the whole f..."""
foundationdb,../repos/foundationdb/fdbrpc/CoroTests.cpp,"(106, 1)-(280, 2)",b'namespace {\nvoid emptyVoidActor() {}\n\nFuture<...'
foundationdb,../repos/foundationdb/fdbrpc/CoroTests.cpp,"(296, 1)-(310, 2)",b'namespace {\n\nFuture<Void> noteCancel(int* can...'
foundationdb,../repos/foundationdb/fdbrpc/CoroTests.cpp,"(812, 1)-(855, 2)",b'namespace {\n\ntemplate <class YAM>\nstruct YAMR...'
foundationdb,../repos/foundationdb/fdbrpc/CoroTests.cpp,"(970, 1)-(982, 2)",b'namespace {\n\nFuture<Void> waitAfterCancel(int...'
foundationdb,../repos/foundationdb/fdbrpc/CoroTests.cpp,"(995, 1)-(1105, 2)",b'namespace {\n\ntemplate <class>\nstruct ShouldNo...'
foundationdb,../repos/foundationdb/fdbrpc/CoroTests.cpp,"(1174, 1)-(1227, 2)",b'namespace {\n\nconstexpr double mutexTestDelay ...'
foundationdb,../repos/foundationdb/fdbrpc/CoroTests.cpp,"(1297, 1)-(1662, 2)",b'namespace {\n\nstruct LifetimeLogger {\n\tLifetim...'
foundationdb,../repos/foundationdb/fdbrpc/TokenCache.actor.cpp,"(335, 1)-(337, 2)",b'namespace authz::jwt {\nextern TokenRef makeRa...'
foundationdb,../repos/foundationdb/fdbrpc/FlowTests.actor.cpp,"(366, 1)-(378, 2)",b'namespace flow_tests_details {\n// Simple mess...'
foundationdb,../repos/foundationdb/fdbrpc/JsonWebKeySet.cpp,"(84, 1)-(745, 2)","b'namespace {\n\ntemplate <bool Required, class J...'"
foundationdb,../repos/foundationdb/fdbrpc/Base64Encode.cpp,"(23, 1)-(111, 2)",b'namespace {\n\n// work around GCC bug 87476 (~9...'
foundationdb,../repos/foundationdb/fdbrpc/Base64Encode.cpp,"(113, 1)-(143, 2)",b'namespace base64 {\n\nint encode(const uint8_t*...'
foundationdb,../repos/foundationdb/fdbrpc/Base64Encode.cpp,"(127, 1)-(141, 2)",b'namespace url {\n\nint encode(const uint8_t* __...'
foundationdb,../repos/foundationdb/fdbrpc/HTTP.actor.cpp,"(35, 1)-(193, 2)",b'namespace HTTP {\n\n// AWS V4 headers require t...'
foundationdb,../repos/foundationdb/fdbrpc/FlowTransport.actor.cpp,"(61, 1)-(67, 2)",b'namespace {\n\nNetworkAddressList g_currentDeli...'
foundationdb,../repos/foundationdb/fdbrpc/include/fdbrpc/SimulatorProcessInfo.h,"(38, 1)-(185, 2)",b'namespace simulator {\n\nstruct ProcessInfo : N...'
foundationdb,../repos/foundationdb/fdbrpc/include/fdbrpc/Base64Decode.h,"(28, 1)-(62, 2)",b'namespace base64 {\n\n// libb64 (https://github...'
foundationdb,../repos/foundationdb/fdbrpc/include/fdbrpc/Base64Decode.h,"(47, 1)-(60, 2)",b'namespace url {\n\n// Decodes URL-encoded base6...'
foundationdb,../repos/foundationdb/fdbrpc/include/fdbrpc/FlowTransport.h,"(120, 1)-(125, 2)",b'namespace std {\ntemplate <>\nstruct hash<Endpo...'
foundationdb,../repos/foundationdb/fdbrpc/include/fdbrpc/TokenSignStdTypes.h,"(32, 1)-(52, 2)",b'namespace authz::jwt::stdtypes {\n\nnamespace d...'
foundationdb,../repos/foundationdb/fdbrpc/include/fdbrpc/TokenSignStdTypes.h,"(34, 1)-(40, 2)",b'namespace detail {\n\n// work around the fact t...'
foundationdb,../repos/foundationdb/fdbrpc/include/fdbrpc/TokenSign.h,"(33, 1)-(94, 2)",b'namespace authz::jwt {\n\nnamespace detail {\n\n/...'
foundationdb,../repos/foundationdb/fdbrpc/include/fdbrpc/TokenSign.h,"(35, 1)-(41, 2)",b'namespace detail {\n\n// work around the fact t...'
foundationdb,../repos/foundationdb/fdbrpc/include/fdbrpc/DDSketch.h,"(36, 1)-(61, 2)","b'namespace fastLogger {\n// Basically, the goal...'"
foundationdb,../repos/foundationdb/fdbrpc/include/fdbrpc/HTTP.h,"(33, 1)-(200, 2)",b'namespace HTTP {\nstruct is_iless {\n\tbool oper...'
foundationdb,../repos/foundationdb/fdbrpc/include/fdbrpc/Base64Encode.h,"(27, 1)-(58, 2)",b'namespace base64 {\n\n// libb64 (https://github...'
foundationdb,../repos/foundationdb/fdbrpc/include/fdbrpc/Base64Encode.h,"(45, 1)-(56, 2)",b'namespace url {\n\n// Encodes plaintext into UR...'
foundationdb,../repos/foundationdb/fdbrpc/include/fdbrpc/SimulatorMachineInfo.h,"(32, 1)-(74, 2)",b'namespace simulator {\n\nstruct ProcessInfo;\n\n/...'
foundationdb,../repos/foundationdb/fdbrpc/include/fdbrpc/TokenSpec.h,"(29, 1)-(48, 2)",b'namespace authz {\n\nusing TenantId = int64_t;\n...'
foundationdb,../repos/foundationdb/fdbrpc/include/fdbrpc/TokenSpec.h,"(50, 1)-(77, 2)",b'namespace authz::jwt {\n\n// Given S = concat(B...'
foundationdb,../repos/foundationdb/fdbrpc/include/fdbrpc/SimulatorKillType.h,"(24, 1)-(39, 2)",b'namespace simulator {\n\n// Order matters!\nenum...'
foundationdb,../repos/foundationdb/fdbrpc/include/fdbrpc/simulator.h,"(54, 1)-(57, 2)",b'namespace simulator {\nstruct ProcessInfo;\nstr...'
foundationdb,../repos/foundationdb/fdbrpc/TokenSign.cpp,"(50, 1)-(133, 2)",b'namespace {\n\n// test-only constants for gener...'
foundationdb,../repos/foundationdb/fdbrpc/TokenSign.cpp,"(135, 1)-(158, 2)",b'namespace authz {\n\nusing MessageDigestMethod ...'
foundationdb,../repos/foundationdb/fdbrpc/TokenSign.cpp,"(160, 1)-(593, 2)",b'namespace authz::jwt {\n\ntemplate <class Field...'
foundationdb,../repos/foundationdb/fdbrpc/IPAllowList.cpp,"(31, 1)-(53, 2)",b'namespace {\n\ntemplate <std::size_t C>\nstd::st...'
foundationdb,../repos/foundationdb/fdbrpc/IPAllowList.cpp,"(145, 1)-(293, 2)",b'namespace {\nusing boost::asio::ip::address_v4...'
foundationdb,../repos/foundationdb/fdbrpc/Base64Decode.cpp,"(30, 1)-(165, 2)",b'namespace {\n\nconstexpr uint8_t _X = 0xff;\n\nte...'
foundationdb,../repos/foundationdb/fdbrpc/Base64Decode.cpp,"(167, 1)-(208, 2)",b'namespace base64 {\n\nint decodedLength(int cod...'
foundationdb,../repos/foundationdb/fdbrpc/Base64Decode.cpp,"(192, 1)-(206, 2)",b'namespace url {\n\nint decodedLength(int codeLe...'
foundationdb,../repos/foundationdb/fdbrpc/TokenSign/TokenSignStdTypes.cpp,"(27, 1)-(77, 2)",b'namespace {\n\n// converts std::optional<STANDA...'
foundationdb,../repos/foundationdb/fdbrpc/TokenSign/TokenSignStdTypes.cpp,"(79, 1)-(119, 2)",b'namespace authz::jwt::stdtypes {\n\nstd::string...'
foundationdb,../repos/foundationdb/fdbrpc/ReplicationUtils.cpp,"(1046, 1)-(1056, 2)",b'namespace {\nvoid filterLocalityDataForPolicy(...'
foundationdb,../repos/foundationdb/metacluster/MetaclusterUtil.actor.cpp,"(34, 1)-(110, 2)",b'namespace metacluster::util {\n\nstd::pair<Clus...'
foundationdb,../repos/foundationdb/metacluster/MetaclusterMetadata.cpp,"(26, 1)-(142, 2)",b'namespace metacluster::metadata {\n\nTuple Rest...'
foundationdb,../repos/foundationdb/metacluster/MetaclusterMetadata.cpp,"(101, 1)-(141, 2)",b'namespace management {\nKeyBackedObjectMap<Clu...'
foundationdb,../repos/foundationdb/metacluster/include/metacluster/DecommissionMetacluster.actor.h,"(37, 1)-(77, 3)",b'namespace metacluster {\n\nACTOR template <clas...'
foundationdb,../repos/foundationdb/metacluster/include/metacluster/CreateTenant.actor.h,"(40, 1)-(391, 2)",b'namespace metacluster {\n\nFDB_BOOLEAN_PARAM(As...'
foundationdb,../repos/foundationdb/metacluster/include/metacluster/CreateTenant.actor.h,"(44, 1)-(390, 2)",b'namespace internal {\ntemplate <class DB>\nstru...'
foundationdb,../repos/foundationdb/metacluster/include/metacluster/MetaclusterMetadata.h,"(34, 1)-(125, 2)",b'namespace metacluster::metadata {\n\nclass Rest...'
foundationdb,../repos/foundationdb/metacluster/include/metacluster/MetaclusterMetadata.h,"(94, 1)-(123, 2)",b'namespace management {\nstruct ConnectionStrin...'
foundationdb,../repos/foundationdb/metacluster/include/metacluster/MetaclusterData.actor.h,"(44, 1)-(208, 3)",b'namespace metacluster::util {\ntemplate <class...'
foundationdb,../repos/foundationdb/metacluster/include/metacluster/RenameTenant.actor.h,"(37, 1)-(230, 2)",b'namespace metacluster {\n\nnamespace internal {...'
foundationdb,../repos/foundationdb/metacluster/include/metacluster/RenameTenant.actor.h,"(39, 1)-(221, 2)",b'namespace internal {\ntemplate <class DB>\nstru...'
foundationdb,../repos/foundationdb/metacluster/include/metacluster/DeleteTenant.actor.h,"(39, 1)-(216, 2)",b'namespace metacluster {\n\nnamespace internal {...'
foundationdb,../repos/foundationdb/metacluster/include/metacluster/DeleteTenant.actor.h,"(41, 1)-(200, 2)",b'namespace internal {\ntemplate <class DB>\nstru...'
foundationdb,../repos/foundationdb/metacluster/include/metacluster/UpdateTenantGroups.actor.h,"(45, 1)-(125, 2)",b'namespace metacluster::internal {\n\nFDB_BOOLEA...'
foundationdb,../repos/foundationdb/metacluster/include/metacluster/TenantConsistency.actor.h,"(43, 1)-(240, 2)",b'namespace metacluster::util {\ntemplate <class...'
foundationdb,../repos/foundationdb/metacluster/include/metacluster/ConfigureTenant.actor.h,"(40, 1)-(359, 2)",b'namespace metacluster {\n\nnamespace internal {...'
foundationdb,../repos/foundationdb/metacluster/include/metacluster/ConfigureTenant.actor.h,"(42, 1)-(325, 2)",b'namespace internal {\ntemplate <class DB>\nstru...'
foundationdb,../repos/foundationdb/metacluster/include/metacluster/MetaclusterTypes.h,"(32, 1)-(267, 2)",b'namespace metacluster {\n\nFDB_BOOLEAN_PARAM(Ig...'
foundationdb,../repos/foundationdb/metacluster/include/metacluster/ListTenants.actor.h,"(36, 1)-(194, 2)",b'namespace metacluster {\n\ntemplate <class Tran...'
foundationdb,../repos/foundationdb/metacluster/include/metacluster/MetaclusterMetrics.h,"(28, 1)-(41, 2)",b'namespace metacluster {\nstruct MetaclusterMet...'
foundationdb,../repos/foundationdb/metacluster/include/metacluster/MetaclusterOperationContext.actor.h,"(49, 1)-(178, 3)",b'namespace metacluster {\n\ntemplate <class DB>\n...'
foundationdb,../repos/foundationdb/metacluster/include/metacluster/ConfigureCluster.h,"(32, 1)-(74, 2)",b'namespace metacluster {\n\n// This should only ...'
foundationdb,../repos/foundationdb/metacluster/include/metacluster/MetaclusterInternal.actor.h,"(44, 1)-(89, 2)",b'namespace metacluster::internal {\n\nACTOR temp...'
foundationdb,../repos/foundationdb/metacluster/include/metacluster/GetTenant.actor.h,"(36, 1)-(95, 2)",b'namespace metacluster {\n\ntemplate <class Tran...'
foundationdb,../repos/foundationdb/metacluster/include/metacluster/RemoveCluster.actor.h,"(39, 1)-(406, 2)",b'namespace metacluster {\n\nFDB_BOOLEAN_PARAM(Fo...'
foundationdb,../repos/foundationdb/metacluster/include/metacluster/RemoveCluster.actor.h,"(43, 1)-(344, 3)",b'namespace internal {\ntemplate <class DB>\nstru...'
foundationdb,../repos/foundationdb/metacluster/include/metacluster/GetTenantGroup.actor.h,"(36, 1)-(61, 2)",b'namespace metacluster {\n\ntemplate <class Tran...'
foundationdb,../repos/foundationdb/metacluster/include/metacluster/RestoreCluster.actor.h,"(42, 1)-(1142, 2)",b'namespace metacluster {\n\nFDB_BOOLEAN_PARAM(Ap...'
foundationdb,../repos/foundationdb/metacluster/include/metacluster/RestoreCluster.actor.h,"(49, 1)-(324, 3)",b'namespace internal {\ntemplate <class DB>\nstru...'
foundationdb,../repos/foundationdb/metacluster/include/metacluster/GetCluster.actor.h,"(36, 1)-(98, 2)",b'namespace metacluster {\n\nACTOR template <clas...'
foundationdb,../repos/foundationdb/metacluster/include/metacluster/MetaclusterUtil.actor.h,"(41, 1)-(68, 2)",b'namespace metacluster::util {\n\nFDB_BOOLEAN_PA...'
foundationdb,../repos/foundationdb/metacluster/include/metacluster/ListClusters.actor.h,"(36, 1)-(91, 2)",b'namespace metacluster {\n\nACTOR template <clas...'
foundationdb,../repos/foundationdb/metacluster/include/metacluster/CreateMetacluster.actor.h,"(38, 1)-(48, 2)",b'namespace metacluster::internal {\n\nACTOR temp...'
foundationdb,../repos/foundationdb/metacluster/include/metacluster/CreateMetacluster.actor.h,"(50, 1)-(119, 3)",b'namespace metacluster {\n\nACTOR template <clas...'
foundationdb,../repos/foundationdb/metacluster/include/metacluster/ListTenantGroups.actor.h,"(36, 1)-(70, 2)",b'namespace metacluster {\n\nACTOR template <clas...'
foundationdb,../repos/foundationdb/metacluster/include/metacluster/RegisterCluster.actor.h,"(39, 1)-(280, 2)",b'namespace metacluster {\n\nnamespace internal {...'
foundationdb,../repos/foundationdb/metacluster/include/metacluster/RegisterCluster.actor.h,"(41, 1)-(189, 3)",b'namespace internal {\ntemplate <class DB>\nstru...'
foundationdb,../repos/foundationdb/metacluster/include/metacluster/MetaclusterConsistency.actor.h,"(44, 1)-(347, 2)",b'namespace metacluster::util {\nFDB_BOOLEAN_PAR...'
foundationdb,../repos/foundationdb/metacluster/Metacluster.cpp,"(27, 1)-(247, 2)",b'namespace metacluster {\n\nstd::string tenantSt...'
foundationdb,../repos/foundationdb/metacluster/MetaclusterMetrics.actor.cpp,"(29, 1)-(71, 3)",b'namespace metacluster {\nnamespace internal {\n...'
foundationdb,../repos/foundationdb/metacluster/MetaclusterMetrics.actor.cpp,"(30, 1)-(70, 4)",b'namespace internal {\nACTOR Future<Metacluster...'
foundationdb,../repos/foundationdb/fdbbackup/FileConverter.actor.cpp,"(37, 1)-(576, 2)",b'namespace file_converter {\n\nvoid printConvert...'
foundationdb,../repos/foundationdb/fdbbackup/include/fdbbackup/FileConverter.h,"(29, 1)-(90, 2)",b'namespace file_converter {\n\n// File format co...'
foundationdb,../repos/foundationdb/fdbbackup/FileDecoder.actor.cpp,"(64, 1)-(923, 2)",b'namespace file_converter {\n\nvoid printDecodeU...'
