Repo name,File name,Location,Content
foundationdb,../repos/foundationdb/contrib/rapidjson/rapidjson/document.h,"(2076, 2)-(2099, 3)",b'union Number {\n#if RAPIDJSON_ENDIAN == RAPIDJ...'
foundationdb,../repos/foundationdb/contrib/rapidjson/rapidjson/document.h,"(2113, 2)-(2120, 3)",b'union Data {\n\t\tString s;\n\t\tShortString ss;\n\t\t...'
foundationdb,../repos/foundationdb/contrib/rapidjson/rapidjson/schema.h,"(249, 3)-(252, 4)",b'union U {\n\t\t\tuint64_t u;\n\t\t\tint64_t i;\n\t\t} u;'
foundationdb,../repos/foundationdb/contrib/rapidjson/rapidjson/internal/diyfp.h,"(49, 3)-(52, 4)",b'union {\n\t\t\tdouble d;\n\t\t\tuint64_t u64;\n\t\t} u =...'
foundationdb,../repos/foundationdb/contrib/rapidjson/rapidjson/internal/diyfp.h,"(137, 3)-(140, 4)",b'union {\n\t\t\tdouble d;\n\t\t\tuint64_t u64;\n\t\t} u;'
foundationdb,../repos/foundationdb/contrib/rapidjson/rapidjson/internal/ieee754.h,"(69, 2)-(72, 3)",b'union {\n\t\tdouble d_;\n\t\tuint64_t u_;\n\t};'
foundationdb,../repos/foundationdb/contrib/fmt-8.1.1/include/fmt/chrono.h,"(1552, 3)-(1554, 4)",b'union {\n    std::locale locale_;\n  };'
foundationdb,../repos/foundationdb/contrib/fmt-8.1.1/include/fmt/core.h,"(1212, 3)-(1229, 4)",b'union {\n    monostate no_value;\n    int int_v...'
foundationdb,../repos/foundationdb/contrib/fmt-8.1.1/include/fmt/core.h,"(1913, 3)-(1921, 4)",b'union {\n    // If is_packed() returns true th...'
foundationdb,../repos/foundationdb/contrib/fmt-8.1.1/include/fmt/core.h,"(2121, 3)-(2127, 4)",b'union value {\n    FMT_CONSTEXPR value(int id ...'
foundationdb,../repos/foundationdb/contrib/fmt-8.1.1/include/fmt/color.h,"(231, 3)-(234, 4)",b'union color_union {\n    uint8_t term_color;\n ...'
foundationdb,../repos/foundationdb/contrib/sqlite/sqliteInt.h,"(856, 2)-(859, 3)",b'union {\n\t\tvolatile int isInterrupted; /* True...'
foundationdb,../repos/foundationdb/contrib/sqlite/sqliteInt.h,"(1494, 3)-(1497, 4)",b'union {\n    char *z;        /* Value if eType...'
foundationdb,../repos/foundationdb/contrib/sqlite/sqliteInt.h,"(1642, 3)-(1645, 4)",b'union {\n    char *zToken;          /* Token v...'
foundationdb,../repos/foundationdb/contrib/sqlite/sqliteInt.h,"(1654, 3)-(1657, 4)",b'union {\n    ExprList *pList;     /* Function ...'
foundationdb,../repos/foundationdb/contrib/sqlite/sqliteInt.h,"(1888, 3)-(1892, 4)",b'union {\n    Index *pIdx;                   /*...'
foundationdb,../repos/foundationdb/contrib/sqlite/sqliteInt.h,"(1920, 3)-(1928, 4)",b'union {               /* Information that dep...'
foundationdb,../repos/foundationdb/contrib/sqlite/sqliteInt.h,"(2461, 3)-(2464, 4)",b'union {                                   /* ...'
foundationdb,../repos/foundationdb/contrib/sqlite/sqliteInt.h,"(3255, 2)-(3261, 3)",b'union {\n\t\ti64 i; /* Integer value used when M...'
foundationdb,../repos/foundationdb/contrib/sqlite/sqlite3.amalgamation.c,"(1476, 3)-(1490, 4)",b'union {             /* fourth parameter */\n  ...'
foundationdb,../repos/foundationdb/fdbclient/include/fdbclient/IdempotencyId.actor.h,"(128, 2)-(131, 3)",b'union {\n\t\tuint64_t id;\n\t\tconst uint8_t* ptr;\n...'
foundationdb,../repos/foundationdb/fdbclient/include/fdbclient/BlobCipher.h,"(328, 2)-(330, 3)",b'union {\n\t\tAesCtrWithAuthV1<Params> v1;\n\t};'
foundationdb,../repos/foundationdb/fdbclient/include/fdbclient/BlobCipher.h,"(424, 2)-(426, 3)",b'union {\n\t\tAesCtrNoAuthV1 v1;\n\t};'
foundationdb,../repos/foundationdb/fdbclient/include/fdbclient/BlobCipher.h,"(537, 2)-(548, 3)",b'union {\n\t\tstruct {\n\t\t\tuint8_t size; // readin...'
foundationdb,../repos/foundationdb/fdbserver/include/fdbserver/RadixTree.h,"(81, 2)-(86, 3)",b'union inlineUnion {\n\t\tinlineUnion() : data() ...'
foundationdb,../repos/foundationdb/fdbserver/include/fdbserver/art_impl.h,"(424, 2)-(429, 3)",b'union {\n\t\tart_node4* p1;\n\t\tart_node16* p2;\n\t\t...'
foundationdb,../repos/foundationdb/fdbserver/include/fdbserver/art_impl.h,"(507, 2)-(512, 3)",b'union {\n\t\tart_node4* p1;\n\t\tart_node16* p2;\n\t\t...'
foundationdb,../repos/foundationdb/fdbserver/include/fdbserver/art_impl.h,"(1477, 2)-(1482, 3)",b'union {\n\t\tart_node4* p1;\n\t\tart_node16* p2;\n\t\t...'
foundationdb,../repos/foundationdb/fdbserver/include/fdbserver/DeltaTree.h,"(133, 3)-(142, 4)",b'union {\n\t\t\tstruct {\n\t\t\t\tuint32_t left;\n\t\t\t\tui...'
foundationdb,../repos/foundationdb/fdbserver/include/fdbserver/DeltaTree.h,"(962, 3)-(972, 4)",b'union {\n\t\t\tstruct {\n\t\t\t\tuint32_t leftChild;\n\t...'
foundationdb,../repos/foundationdb/fdbserver/include/fdbserver/IPager.h,"(406, 4)-(409, 5)",b'union {\n\t\t\t\tBlobCipherEncryptHeader encryptio...'
foundationdb,../repos/foundationdb/fdbserver/include/fdbserver/IPager.h,"(413, 4)-(416, 5)",b'union {\n\t\t\t\tBlobCipherEncryptHeader encryptio...'
foundationdb,../repos/foundationdb/fdbserver/include/fdbserver/IPager.h,"(694, 2)-(697, 3)",b'union {\n\t\tuint8_t* buffer;\n\t\tconst PageHeader...'
foundationdb,../repos/foundationdb/fdbserver/DiskQueue.actor.cpp,"(1048, 3)-(1061, 4)",b'union {\n\t\t\tUID hash;\n\t\t\tstruct {\n\t\t\t\tunion {\n...'
foundationdb,../repos/foundationdb/fdbserver/DiskQueue.actor.cpp,"(1051, 5)-(1057, 6)",b'union {\n\t\t\t\t\tuint64_t hash64;\n\t\t\t\t\tstruct {\n\t...'
foundationdb,../repos/foundationdb/fdbserver/VersionedBTree.actor.cpp,"(4222, 3)-(4246, 4)",b'union {\n\t\t\tstruct {\n\t\t\t\tuint8_t prefixLength;...'
foundationdb,../repos/foundationdb/flow/Hash3.c,"(308, 2)-(311, 3)",b'union {\n\t\tconst void* ptr;\n\t\tsize_t i;\n\t} u;'
foundationdb,../repos/foundationdb/flow/Hash3.c,"(572, 2)-(575, 3)",b'union {\n\t\tconst void* ptr;\n\t\tsize_t i;\n\t} u;'
foundationdb,../repos/foundationdb/flow/Hash3.c,"(838, 2)-(841, 3)",b'union {\n\t\tconst void* ptr;\n\t\tsize_t i;\n\t} u;'
foundationdb,../repos/foundationdb/flow/include/flow/xxhash.h,"(1016, 9)-(1018, 26)",b'typedef union {\n\txxh_u32 u32;\n} __attribute__...'
foundationdb,../repos/foundationdb/flow/include/flow/xxhash.h,"(1021, 10)-(1023, 27)",b'typedef union {\n\t\txxh_u32 u32;\n\t} __attribute...'
foundationdb,../repos/foundationdb/flow/include/flow/xxhash.h,"(1071, 8)-(1074, 3)",b'const union {\n\t\txxh_u32 u;\n\t\txxh_u8 c[4];\n\t} ...'
foundationdb,../repos/foundationdb/flow/include/flow/xxhash.h,"(1600, 9)-(1603, 26)",b'typedef union {\n\txxh_u32 u32;\n\txxh_u64 u64;\n}...'
foundationdb,../repos/foundationdb/flow/include/flow/xxhash.h,"(1606, 10)-(1609, 27)",b'typedef union {\n\t\txxh_u32 u32;\n\t\txxh_u64 u64;...'
foundationdb,../repos/foundationdb/flow/include/flow/xxhash.h,"(3096, 4)-(3099, 5)",b'union {\n\t\t\t\tXXH_ALIGN(64) const __m512i* cp;\n...'
foundationdb,../repos/foundationdb/flow/include/flow/sse2neon.h,"(163, 9)-(163, 27)",b'typedef union ALIGN_STRUCT(16) SIMDVec {\n\tflo...'
foundationdb,../repos/foundationdb/flow/include/flow/rte_memcpy.h,"(874, 2)-(880, 3)",b'union {\n\t\tuint64_t tsc_64;\n\t\tstruct {\n\t\t\tuint...'
foundationdb,../repos/foundationdb/flow/include/flow/singleton.h,"(86, 2)-(96, 3)",b'union max_align {\n\t\tchar t_[sizeof(T)];\n\t\tsho...'
foundationdb,../repos/foundationdb/flow/include/flow/Arena.h,"(155, 2)-(158, 3)",b'union {\n\t\tArenaBlock* next;\n\t\tvoid* aligned4k...'
foundationdb,../repos/foundationdb/fdbrpc/FlowTransport.actor.cpp,"(91, 3)-(95, 4)",b'union {\n\t\t\tuint64_t\n\t\t\t    uid[2]; // priorit...'
