Repo name,File name,Location,Content
src,../repos/Cinder/src/freetype/base/ftobjs.c,"(151, 5)-(151, 13)",b'volatile ft_jmp_buf* jump_buffer = &valid->ju...'
src,../repos/Cinder/src/freetype/gxvalid/gxvmod.c,"(53, 28)-(53, 36)",b'* volatile*  table'
src,../repos/Cinder/src/freetype/gxvalid/gxvmod.c,"(113, 15)-(113, 23)",b'FT_Memory volatile        memory = FT_FACE_ME...'
src,../repos/Cinder/src/freetype/gxvalid/gxvmod.c,"(116, 21)-(116, 29)",b'FT_ValidatorRec volatile  valid;'
src,../repos/Cinder/src/freetype/gxvalid/gxvmod.c,"(195, 15)-(195, 23)",b'FT_Memory volatile        memory = FT_FACE_ME...'
src,../repos/Cinder/src/freetype/gxvalid/gxvmod.c,"(197, 14)-(197, 22)",b'* volatile         ckern'
src,../repos/Cinder/src/freetype/gxvalid/gxvmod.c,"(203, 14)-(203, 22)",b'FT_Error volatile         error;'
src,../repos/Cinder/src/freetype/gxvalid/gxvmod.c,"(204, 21)-(204, 29)",b'FT_ValidatorRec volatile  valid;'
src,../repos/Cinder/src/freetype/otvalid/otvmod.c,"(44, 28)-(44, 36)",b'* volatile*  table'
src,../repos/Cinder/src/freetype/otvalid/otvmod.c,"(68, 25)-(68, 33)",b'FT_Face volatile   face'
src,../repos/Cinder/src/freetype/otvalid/otvmod.c,"(77, 14)-(77, 22)",b'* volatile         base'
src,../repos/Cinder/src/freetype/otvalid/otvmod.c,"(78, 14)-(78, 22)",b'* volatile         gdef'
src,../repos/Cinder/src/freetype/otvalid/otvmod.c,"(79, 14)-(79, 22)",b'* volatile         gpos'
src,../repos/Cinder/src/freetype/otvalid/otvmod.c,"(80, 14)-(80, 22)",b'* volatile         gsub'
src,../repos/Cinder/src/freetype/otvalid/otvmod.c,"(81, 14)-(81, 22)",b'* volatile         jstf'
src,../repos/Cinder/src/freetype/otvalid/otvmod.c,"(82, 14)-(82, 22)",b'* volatile         math'
src,../repos/Cinder/src/freetype/otvalid/otvmod.c,"(86, 21)-(86, 29)",b'FT_ValidatorRec volatile  valid;'
src,../repos/Cinder/src/freetype/sfnt/ttcmap.c,"(3825, 13)-(3825, 21)",b'FT_UInt volatile   num_cmaps;'
src,../repos/Cinder/src/freetype/sfnt/ttcmap.c,"(3826, 14)-(3826, 22)",b'* volatile  p'
src,../repos/Cinder/src/freetype/sfnt/ttcmap.c,"(3860, 18)-(3860, 26)",b'* volatile              cmap'
src,../repos/Cinder/src/freetype/sfnt/ttcmap.c,"(3861, 9)-(3861, 17)",b'volatile FT_UInt               format = TT_PE...'
src,../repos/Cinder/src/freetype/sfnt/ttcmap.c,"(3862, 30)-(3862, 38)",b'* volatile  pclazz'
src,../repos/Cinder/src/freetype/sfnt/ttcmap.c,"(3863, 23)-(3863, 31)",b'TT_CMap_Class volatile         clazz;'
src,../repos/Cinder/src/freetype/sfnt/ttcmap.c,"(3871, 13)-(3871, 21)",b'volatile TT_ValidatorRec  valid;'
src,../repos/Cinder/src/freetype/sfnt/ttcmap.c,"(3872, 13)-(3872, 21)",b'volatile FT_Error         error = FT_Err_Ok;'
src,../repos/Cinder/src/freetype/smooth/ftgrays.c,"(1708, 5)-(1708, 13)",b'volatile int  error = 0;'
src,../repos/Cinder/src/zlib/crc32.c,"(56, 7)-(56, 15)",b'local volatile int crc_table_empty = 1;'
src,../repos/Cinder/src/zlib/crc32.c,"(94, 12)-(94, 20)",b'static volatile int first = 1;'
