Repo name,File name,Location,Content
src,../repos/Cinder/src/cinder/Surface.cpp,"(294, 9)-(307, 10)",b'try\n        {\n\t\t\tsurface = SurfaceT(previousT...'
src,../repos/Cinder/src/cinder/CaptureImplJni.cpp,"(256, 3)-(268, 4)",b'try{\n\t\t\tauto nativeDevices = ci::android::har...'
src,../repos/Cinder/src/cinder/ImageSourcePng.cpp,"(40, 2)-(46, 3)",b'try {\n\t\t((ci_png_info*)png_get_io_ptr(mPngPtr...'
src,../repos/Cinder/src/cinder/app/AppBase.cpp,"(186, 3)-(194, 4)",b'try {\n\t\t\tstd::rethrow_exception( excptr );\n\t\t...'
src,../repos/Cinder/src/cinder/JsonTree.cpp,"(284, 5)-(289, 6)","b'try {\n        reader.parse( jsonString, value...'"
src,../repos/Cinder/src/cinder/JsonTree.cpp,"(337, 2)-(341, 3)",b'try {\n\t\treturn mChildren.erase( pos );\n\t} cat...'
src,../repos/Cinder/src/cinder/JsonTree.cpp,"(359, 2)-(364, 3)",b'try {\n\t\t*pos = newChild;\n\t\tpos->mParent = thi...'
src,../repos/Cinder/src/cinder/JsonTree.cpp,"(662, 2)-(667, 3)",b'try {\n\t\tJson::StyledWriter writer;\n\t\treturn w...'
src,../repos/Cinder/src/cinder/JsonTree.cpp,"(680, 2)-(696, 3)",b'try {\n\t\t\n\t\t// Create JsonCpp data to send to ...'
src,../repos/Cinder/src/cinder/winrt/WinRTUtils.cpp,"(152, 3)-(157, 10)",b'try {\n\t\t\tfile->DeleteAsync();\n\t\t}\n\t\tcatch( ::...'
src,../repos/Cinder/src/cinder/android/app/CinderNativeActivity.cpp,"(69, 3)-(101, 4)",b'try {\n\t\t\tjclass javaClass = JniHelper::Get()-...'
src,../repos/Cinder/src/cinder/android/app/CinderNativeActivity.cpp,"(199, 2)-(207, 3)",b'try {\n\t\tcinder::fs::path path = getCacheDirec...'
src,../repos/Cinder/src/cinder/android/app/CinderNativeActivity.cpp,"(247, 3)-(254, 4)",b'try {\n\t\t\tcinder::fs::path path = getCacheDire...'
src,../repos/Cinder/src/cinder/android/hardware/Camera.cpp,"(60, 3)-(78, 4)",b'try {\n\t\t\tjclass javaClass = JniHelper::Get()-...'
src,../repos/Cinder/src/cinder/android/hardware/Camera.cpp,"(166, 3)-(218, 4)",b'try {\n\t\t\tjclass javaClass = ci::android::app:...'
src,../repos/Cinder/src/cinder/android/hardware/Camera.cpp,"(258, 4)-(267, 5)",b'try {\n\t\t\t\tCamera::sInstance->initialize();\n\n\t...'
src,../repos/Cinder/src/cinder/android/hardware/Camera.cpp,"(305, 3)-(331, 4)",b'try {\n\t\t\tjobject javaObject = ci::android::ap...'
src,../repos/Cinder/src/cinder/android/net/UrlLoader.cpp,"(54, 3)-(79, 4)",b'try {\n\t\t\tjclass javaClass = JniHelper::Get()-...'
src,../repos/Cinder/src/cinder/android/video/VideoPlayer.cpp,"(121, 3)-(173, 4)",b'try {\n\t\t\tjclass javaClass = JniHelper::Get()-...'
src,../repos/Cinder/src/cinder/android/JniHelper.cpp,"(215, 3)-(258, 4)",b'try{\n\t\t\t// ClassLoader\n\t\t\t{\n\t\t\t\t// Get androi...'
src,../repos/Cinder/src/cinder/android/JniHelper.cpp,"(794, 3)-(800, 4)",b'try {\n\t\t\tjniEnv->DeleteGlobalRef( globalRef )...'
src,../repos/Cinder/src/cinder/svg/Svg.cpp,"(1966, 2)-(1972, 3)",b'try {\n\t\tshared_ptr<Surface8u> result( new Sur...'
src,../repos/Cinder/src/cinder/svg/Svg.cpp,"(2171, 4)-(2178, 5)",b'try {\n\t\t\t\tmFont = shared_ptr<Font>( new Font(...'
src,../repos/Cinder/src/cinder/svg/Svg.cpp,"(2359, 3)-(2370, 4)",b'try {\n#if defined( CINDER_UWP )\n\t\t\tfs::path f...'
src,../repos/Cinder/src/cinder/gl/GlslProg.cpp,"(1151, 4)-(1157, 5)",b'try {\n\t\t\t\tstring indexStr = name.substr( requ...'
src,../repos/Cinder/src/cinder/gl/Context.cpp,"(2011, 3)-(2022, 4)",b'try {\n\t\t\tauto result = gl::env()->buildShader...'
src,../repos/Cinder/src/cinder/gl/ShaderPreprocessor.cpp,"(312, 3)-(318, 4)","b'try {\n\t\t\toutput += readStream( input, fullPat...'"
src,../repos/Cinder/src/cinder/gl/TextureFont.cpp,"(219, 3)-(225, 4)",b'try {\n\t\t\tRectf bb = font.getGlyphBoundingBox(...'
src,../repos/Cinder/src/cinder/FileWatcher.cpp,"(170, 3)-(189, 4)",b'try {\n\t\t\tif( item.mEnabled && fs::exists( ite...'
src,../repos/Cinder/src/cinder/ImageIo.cpp,"(405, 9)-(420, 10)",b'try\n        {\n\t\t\t// Image was loaded. This ca...'
src,../repos/Cinder/src/cinder/ImageIo.cpp,"(541, 5)-(548, 6)",b'try {\n\t\t\t\t\treturn (*(sourcesIt->second))( dat...'
src,../repos/Cinder/src/cinder/ImageIo.cpp,"(555, 3)-(562, 4)",b'try {\n\t\t\treturn (*(genericIt->second))( dataS...'
