Repo name,File name,Location,Content
src,../repos/Cinder/src/freetype/tools/ftfuzzer/ftmutator.cc,"(99, 5)-(99, 15)","b'unique_ptr<struct  archive,\n               de...'"
src,../repos/Cinder/src/freetype/tools/ftfuzzer/ftmutator.cc,"(112, 7)-(112, 17)","b'unique_ptr<struct  archive,\n                 ...'"
src,../repos/Cinder/src/freetype/tools/ftfuzzer/ftmutator.cc,"(235, 7)-(235, 17)","b'unique_ptr<struct  archive,\n                 ...'"
src,../repos/Cinder/src/freetype/tools/ftfuzzer/ftmutator.cc,"(250, 9)-(250, 19)","b'unique_ptr<struct  archive,\n                 ...'"
src,../repos/Cinder/src/freetype/tools/ftfuzzer/ftmutator.cc,"(257, 11)-(257, 21)","b'unique_ptr<struct  archive_entry,\n           ...'"
src,../repos/Cinder/src/freetype/tools/ftfuzzer/ftfuzzer.cc,"(167, 5)-(167, 15)","b'unique_ptr<struct  archive,\n               de...'"
src,../repos/Cinder/src/freetype/tools/ftfuzzer/ftfuzzer.cc,"(180, 7)-(180, 17)","b'unique_ptr<struct  archive,\n                 ...'"
src,../repos/Cinder/src/freetype/tools/ftfuzzer/ftfuzzer.cc,"(221, 5)-(221, 15)","b'unique_ptr<FT_MM_Var,\n               decltype...'"
src,../repos/Cinder/src/cinder/GeomIo.cpp,"(584, 2)-(584, 12)",b'unique_ptr<uint32_t[]>'
src,../repos/Cinder/src/cinder/GeomIo.cpp,"(1629, 2)-(1629, 12)",b'unique_ptr<float[]>'
src,../repos/Cinder/src/cinder/GeomIo.cpp,"(1630, 2)-(1630, 12)",b'unique_ptr<float[]>'
src,../repos/Cinder/src/cinder/GeomIo.cpp,"(3136, 2)-(3136, 12)",b'unique_ptr<float[]>'
src,../repos/Cinder/src/cinder/GeomIo.cpp,"(3185, 4)-(3185, 14)",b'unique_ptr<float[]>'
src,../repos/Cinder/src/cinder/GeomIo.cpp,"(3192, 4)-(3192, 14)",b'unique_ptr<vec2[]>'
src,../repos/Cinder/src/cinder/GeomIo.cpp,"(3199, 4)-(3199, 14)",b'unique_ptr<vec3[]>'
src,../repos/Cinder/src/cinder/GeomIo.cpp,"(3206, 4)-(3206, 14)",b'unique_ptr<vec4[]>'
src,../repos/Cinder/src/cinder/GeomIo.cpp,"(3261, 7)-(3261, 17)",b'unique_ptr<float[]>'
src,../repos/Cinder/src/cinder/GeomIo.cpp,"(3262, 7)-(3262, 17)",b'unique_ptr<float[]>'
src,../repos/Cinder/src/cinder/Surface.cpp,"(394, 7)-(394, 17)",b'shared_ptr<ImageTargetSurface<T> >'
src,../repos/Cinder/src/cinder/ImageSourcePng.cpp,"(180, 3)-(180, 13)",b'unique_ptr<png_byte[]>'
src,../repos/Cinder/src/cinder/app/msw/RendererImplGlAngle.cpp,"(184, 7)-(184, 17)",b'shared_ptr<gl::PlatformDataAngle>'
src,../repos/Cinder/src/cinder/app/msw/AppImplMsw.cpp,"(423, 7)-(423, 17)",b'unique_ptr<TOUCHINPUT[]>'
src,../repos/Cinder/src/cinder/app/linux/RendererGlLinuxGlfw.cpp,"(57, 7)-(57, 17)",b'shared_ptr<gl::PlatformDataLinux>'
src,../repos/Cinder/src/cinder/app/linux/RendererGlLinuxHeadless.cpp,"(216, 7)-(216, 17)",b'shared_ptr<gl::PlatformDataLinux>'
src,../repos/Cinder/src/cinder/app/linux/RendererGlLinuxHeadless.cpp,"(218, 7)-(218, 17)",b'shared_ptr<gl::PlatformDataLinux>'
src,../repos/Cinder/src/cinder/app/android/RendererGlAndroid.cpp,"(135, 7)-(135, 17)",b'shared_ptr<gl::PlatformDataAndroid>'
src,../repos/Cinder/src/cinder/ImageSourceFileRadiance.cpp,"(122, 7)-(122, 17)",b'unique_ptr<RgbePixel[]>'
src,../repos/Cinder/src/cinder/Serial.cpp,"(220, 3)-(220, 13)",b'shared_ptr<::SP_DEVICE_INTERFACE_DETAIL_DATA>'
src,../repos/Cinder/src/cinder/Font.cpp,"(637, 7)-(637, 17)",b'unique_ptr<WORD[]>'
src,../repos/Cinder/src/cinder/Font.cpp,"(661, 7)-(661, 17)",b'unique_ptr<uint8_t[]>'
src,../repos/Cinder/src/cinder/Font.cpp,"(1094, 8)-(1094, 18)",b'shared_ptr<CGDataProvider>'
src,../repos/Cinder/src/cinder/Font.cpp,"(1099, 8)-(1099, 18)",b'shared_ptr<CGDataProvider>'
src,../repos/Cinder/src/cinder/Font.cpp,"(1124, 7)-(1124, 17)",b'shared_ptr<void>'
src,../repos/Cinder/src/cinder/audio/Source.cpp,"(49, 2)-(49, 12)",b'unique_ptr<SourceFile>'
src,../repos/Cinder/src/cinder/audio/Context.cpp,"(61, 6)-(61, 16)",b'shared_ptr<Context>'
src,../repos/Cinder/src/cinder/audio/Context.cpp,"(62, 6)-(62, 16)",b'unique_ptr<DeviceManager>'
src,../repos/Cinder/src/cinder/audio/msw/ContextWasapi.cpp,"(347, 2)-(347, 12)",b'shared_ptr<::IMMDevice>'
src,../repos/Cinder/src/cinder/audio/linux/ContextPulseAudio.cpp,"(160, 7)-(160, 17)",b'unique_ptr<Context>'
src,../repos/Cinder/src/cinder/audio/linux/FileAudioLoader.cpp,"(72, 6)-(72, 16)",b'unique_ptr<ProcessScopedMpg123>'
src,../repos/Cinder/src/cinder/audio/cocoa/FileCoreAudio.cpp,"(54, 2)-(54, 12)",b'shared_ptr<SourceFileCoreAudio>'
src,../repos/Cinder/src/cinder/audio/cocoa/DeviceManagerCoreAudio.cpp,"(85, 2)-(85, 12)",b'shared_ptr<::AudioBufferList>'
src,../repos/Cinder/src/cinder/audio/Voice.cpp,"(80, 9)-(80, 19)",b'unique_ptr<MixerImpl>'
src,../repos/Cinder/src/cinder/android/app/CinderNativeActivity.cpp,"(51, 6)-(51, 16)",b'unique_ptr<CinderNativeActivity>'
src,../repos/Cinder/src/cinder/android/hardware/Camera.cpp,"(149, 6)-(149, 16)",b'unique_ptr<Camera>'
src,../repos/Cinder/src/cinder/android/JniHelper.cpp,"(207, 6)-(207, 16)",b'unique_ptr<JniHelper>'
src,../repos/Cinder/src/cinder/ImageSourceFileQuartz.cpp,"(88, 7)-(88, 17)",b'shared_ptr<CGImageSource>'
src,../repos/Cinder/src/cinder/ImageSourceFileQuartz.cpp,"(89, 7)-(89, 17)",b'shared_ptr<CGImage>'
src,../repos/Cinder/src/cinder/ImageSourceFileQuartz.cpp,"(93, 13)-(93, 23)",b'shared_ptr<__CFDictionary>'
src,../repos/Cinder/src/cinder/ImageSourceFileQuartz.cpp,"(126, 13)-(126, 23)",b'shared_ptr<__CFDictionary>'
src,../repos/Cinder/src/cinder/ImageSourceFileQuartz.cpp,"(127, 13)-(127, 23)",b'shared_ptr<__CFDictionary>'
src,../repos/Cinder/src/cinder/UrlImplCurl.cpp,"(47, 6)-(47, 16)",b'unique_ptr<CurlLib>'
src,../repos/Cinder/src/cinder/Channel.cpp,"(166, 2)-(166, 12)",b'shared_ptr<ImageTargetChannel<T>>'
src,../repos/Cinder/src/cinder/svg/Svg.cpp,"(345, 9)-(345, 19)",b'shared_ptr<vector<string> >'
src,../repos/Cinder/src/cinder/svg/Svg.cpp,"(1967, 3)-(1967, 13)",b'shared_ptr<Surface8u>'
src,../repos/Cinder/src/cinder/svg/Svg.cpp,"(2127, 4)-(2127, 14)",b'shared_ptr<Font>'
src,../repos/Cinder/src/cinder/ImageTargetFileQuartz.cpp,"(130, 14)-(130, 24)",b'shared_ptr<__CFURL>'
src,../repos/Cinder/src/cinder/ImageTargetFileQuartz.cpp,"(134, 8)-(134, 18)",b'shared_ptr<__CFURL>'
src,../repos/Cinder/src/cinder/ImageTargetFileQuartz.cpp,"(143, 8)-(143, 18)",b'shared_ptr<CGDataConsumer>'
src,../repos/Cinder/src/cinder/Text.cpp,"(441, 2)-(441, 12)",b'shared_ptr<Line>'
src,../repos/Cinder/src/cinder/Text.cpp,"(450, 2)-(450, 12)",b'shared_ptr<Line>'
src,../repos/Cinder/src/cinder/Text.cpp,"(459, 2)-(459, 12)",b'shared_ptr<Line>'
src,../repos/Cinder/src/cinder/Text.cpp,"(508, 13)-(508, 23)",b'shared_ptr<Line>'
src,../repos/Cinder/src/cinder/Text.cpp,"(524, 13)-(524, 23)",b'shared_ptr<Line>'
src,../repos/Cinder/src/cinder/Text.cpp,"(552, 13)-(552, 23)",b'shared_ptr<Line>'
src,../repos/Cinder/src/cinder/Text.cpp,"(584, 13)-(584, 23)",b'shared_ptr<Line>'
src,../repos/Cinder/src/cinder/Text.cpp,"(600, 13)-(600, 23)",b'shared_ptr<Line>'
src,../repos/Cinder/src/cinder/Text.cpp,"(612, 13)-(612, 23)",b'shared_ptr<Line>'
src,../repos/Cinder/src/cinder/Text.cpp,"(786, 19)-(786, 29)",b'shared_ptr<const __CTLine>'
src,../repos/Cinder/src/cinder/Text.cpp,"(827, 19)-(827, 29)",b'shared_ptr<const __CTLine>'
src,../repos/Cinder/src/cinder/gl/GlslProg.cpp,"(762, 4)-(762, 14)",b'unique_ptr<GLchar[]>'
src,../repos/Cinder/src/cinder/gl/Context.cpp,"(183, 26)-(183, 36)",b'shared_ptr<Context>'
src,../repos/Cinder/src/cinder/gl/VboMesh.cpp,"(165, 8)-(165, 18)",b'unique_ptr<uint16_t[]>'
src,../repos/Cinder/src/cinder/gl/VboMesh.cpp,"(174, 8)-(174, 18)",b'unique_ptr<uint32_t[]>'
src,../repos/Cinder/src/cinder/gl/VboMesh.cpp,"(954, 8)-(954, 18)",b'unique_ptr<uint32_t[]>'
src,../repos/Cinder/src/cinder/gl/draw.cpp,"(1166, 2)-(1166, 12)",b'unique_ptr<uint8_t[]>'
src,../repos/Cinder/src/cinder/gl/draw.cpp,"(1242, 2)-(1242, 12)",b'unique_ptr<uint8_t[]>'
src,../repos/Cinder/src/cinder/gl/TextureFont.cpp,"(92, 7)-(92, 17)",b'unique_ptr<uint8_t[]>'
src,../repos/Cinder/src/cinder/gl/TextureFont.cpp,"(240, 7)-(240, 17)",b'unique_ptr<uint8_t[]>'
src,../repos/Cinder/src/cinder/gl/TextureFont.cpp,"(374, 7)-(374, 17)",b'unique_ptr<uint8_t[]>'
src,../repos/Cinder/src/cinder/gl/Environment.cpp,"(139, 2)-(139, 12)",b'shared_ptr<Context::PlatformData>'
src,../repos/Cinder/src/cinder/gl/Environment.cpp,"(157, 2)-(157, 12)",b'shared_ptr<Context::PlatformData>'
src,../repos/Cinder/src/cinder/gl/Environment.cpp,"(180, 2)-(180, 12)",b'shared_ptr<Context::PlatformData>'
src,../repos/Cinder/src/cinder/gl/Environment.cpp,"(190, 2)-(190, 12)",b'shared_ptr<Context::PlatformData>'
src,../repos/Cinder/src/cinder/gl/Environment.cpp,"(202, 3)-(202, 13)",b'shared_ptr<Context::PlatformData>'
src,../repos/Cinder/src/cinder/gl/Environment.cpp,"(207, 3)-(207, 13)",b'shared_ptr<Context::PlatformData>'
src,../repos/Cinder/src/cinder/gl/Environment.cpp,"(213, 3)-(213, 13)",b'shared_ptr<Context::PlatformData>'
src,../repos/Cinder/src/cinder/ImageTargetFileWic.cpp,"(46, 9)-(46, 19)","b'shared_ptr<map<string,const GUID*> >'"
src,../repos/Cinder/src/cinder/ImageTargetFileWic.cpp,"(129, 2)-(129, 12)",b'shared_ptr<IWICImagingFactory>'
src,../repos/Cinder/src/cinder/ImageTargetFileWic.cpp,"(142, 2)-(142, 12)",b'shared_ptr<IWICStream>'
src,../repos/Cinder/src/cinder/ImageTargetFileWic.cpp,"(157, 3)-(157, 13)",b'shared_ptr<msw::ComOStream>'
src,../repos/Cinder/src/cinder/ImageSourceFileWic.cpp,"(132, 7)-(132, 17)",b'shared_ptr<IWICBitmapDecoder>'
src,../repos/Cinder/src/cinder/ImageSourceFileWic.cpp,"(223, 7)-(223, 17)",b'unique_ptr<uint8_t[]>'
src,../repos/Cinder/src/cinder/ImageSourceFileWic.cpp,"(230, 8)-(230, 18)",b'shared_ptr<IWICFormatConverter>'
src,../repos/Cinder/src/cinder/qtime/QuickTimeUtils.cpp,"(194, 2)-(194, 12)",b'shared_ptr<const __CFString>'
src,../repos/Cinder/src/cinder/qtime/QuickTimeUtils.cpp,"(196, 2)-(196, 12)",b'shared_ptr<const __CFURL>'
src,../repos/Cinder/src/cinder/qtime/QuickTimeUtils.cpp,"(227, 2)-(227, 12)",b'shared_ptr<const __CFString>'
src,../repos/Cinder/src/cinder/qtime/QuickTimeUtils.cpp,"(272, 3)-(272, 13)",b'unique_ptr<char[]>'
src,../repos/Cinder/src/cinder/qtime/QuickTimeUtils.cpp,"(300, 2)-(300, 12)",b'unique_ptr<char[]>'
src,../repos/Cinder/src/cinder/Stream.cpp,"(119, 7)-(119, 17)",b'unique_ptr<char[]>'
src,../repos/Cinder/src/cinder/Unicode.cpp,"(240, 2)-(240, 12)",b'shared_ptr<char>'
src,../repos/Cinder/src/cinder/System.cpp,"(77, 6)-(77, 16)",b'shared_ptr<System>'
src,../repos/Cinder/src/cinder/System.cpp,"(588, 7)-(588, 17)","b'unique_ptr<char, void(*)(void *)>'"
src,../repos/Cinder/src/cinder/Xml.cpp,"(243, 2)-(243, 12)",b'unique_ptr<char[]>'
src,../repos/Cinder/src/cinder/Xml.cpp,"(384, 2)-(384, 12)",b'shared_ptr<rapidxml::xml_document<char> >'
src,../repos/Cinder/src/cinder/Xml.cpp,"(409, 2)-(409, 12)",b'shared_ptr<rapidxml::xml_document<char> >'
src,../repos/Cinder/src/cinder/Xml.cpp,"(416, 2)-(416, 12)",b'shared_ptr<rapidxml::xml_document<char> >'
src,../repos/Cinder/src/cinder/ObjLoader.cpp,"(696, 5)-(696, 15)",b'unique_ptr<float[]>'
src,../repos/Cinder/src/cinder/ObjLoader.cpp,"(760, 2)-(760, 12)",b'unique_ptr<ObjWriteTarget>'
src,../repos/Cinder/src/cinder/ip/Flip.cpp,"(33, 2)-(33, 12)",b'unique_ptr<uint8_t[]>'
src,../repos/Cinder/src/cinder/ip/Resize.cpp,"(161, 22)-(161, 32)",b'unique_ptr<typename SCALETRAIT<T>::SUMT[]>'
src,../repos/Cinder/src/cinder/ip/Resize.cpp,"(186, 2)-(186, 12)",b'unique_ptr<typename SCALETRAIT<T>::SUMT[]>'
src,../repos/Cinder/src/cinder/ip/Blur.cpp,"(78, 7)-(78, 17)",b'unique_ptr<SUMT[]>'
src,../repos/Cinder/src/cinder/params/Params.cpp,"(308, 14)-(308, 24)",b'shared_ptr<AntMgr>'
src,../repos/Cinder/src/cinder/ImageIo.cpp,"(493, 9)-(493, 19)",b'shared_ptr<Inst>'
