Repo name,File name,Location,Content
src,../repos/Cinder/src/r8brain/CDSPFracInterpolator.h,"(172, 16)-(172, 48)",b'& operator []( const int i ) const'
src,../repos/Cinder/src/r8brain/r8bbase.h,"(270, 8)-(270, 41)","b'* operator new( size_t n, void* p )'"
src,../repos/Cinder/src/r8brain/r8bbase.h,"(280, 8)-(280, 32)",b'* operator new( size_t n )'
src,../repos/Cinder/src/r8brain/r8bbase.h,"(290, 8)-(290, 34)",b'* operator new[]( size_t n )'
src,../repos/Cinder/src/r8brain/r8bbase.h,"(301, 7)-(301, 33)",b'void operator delete( void* p )\n\t{\n\t\t:: free(...'
src,../repos/Cinder/src/r8brain/r8bbase.h,"(312, 7)-(312, 35)",b'void operator delete[]( void* p )\n\t{\n\t\t:: fre...'
src,../repos/Cinder/src/r8brain/r8bbase.h,"(510, 7)-(510, 38)",b'void operator = ( T2 const aObject )\n\t{\n\t\tres...'
src,../repos/Cinder/src/r8brain/r8bbase.h,"(520, 4)-(520, 24)",b'T operator -> () const\n\t{\n\t\treturn( Object );\n\t}'
src,../repos/Cinder/src/r8brain/CDSPRealFFT.h,"(307, 15)-(307, 56)",b'& operator = ( CDSPRealFFT* const aObject )'
src,../repos/Cinder/src/r8brain/CDSPRealFFT.h,"(417, 21)-(417, 41)",b'* operator -> () const'
src,../repos/Cinder/src/AntTweakBar/TwMgr.cpp,"(5768, 10)-(5768, 69)","b'bool operator()(const TwType& _Left, const Tw...'"
src,../repos/Cinder/src/AntTweakBar/TwBar.h,"(351, 29)-(351, 62)",b'const CPoint        operator+ (const CPoint& ...'
src,../repos/Cinder/src/AntTweakBar/TwBar.h,"(352, 29)-(352, 62)",b'const CPoint        operator- (const CPoint& ...'
src,../repos/Cinder/src/AntTweakBar/TwMgr.h,"(369, 10)-(369, 40)",b'bool operator==(const CRect& _Rect) { return ...'
src,../repos/Cinder/src/jsoncpp/jsoncpp.cpp,"(1071, 15)-(1071, 57)","b'& operator>>(std::istream& sin, Value& root)'"
src,../repos/Cinder/src/jsoncpp/jsoncpp.cpp,"(1195, 8)-(1195, 40)",b'void operator=(const BatchAllocator&);'
src,../repos/Cinder/src/jsoncpp/jsoncpp.cpp,"(3676, 15)-(3676, 64)","b'& operator<<(std::ostream& sout, const Value&...'"
src,../repos/Cinder/src/cinder/app/cocoa/AppCocoaTouch.cpp,"(292, 15)-(292, 79)","b'& operator<<( std::ostream &lhs, const Interf...'"
src,../repos/Cinder/src/cinder/JsonTree.cpp,"(751, 10)-(751, 58)","b'& operator<<( ostream &out, const JsonTree &json )'"
src,../repos/Cinder/src/cinder/Rect.cpp,"(448, 15)-(448, 67)","b'& operator<< ( std::ostream& o, const RectT<T...'"
src,../repos/Cinder/src/cinder/MediaTime.cpp,"(96, 15)-(96, 66)","b'& operator<<( std::ostream &os, const MediaTi...'"
src,../repos/Cinder/src/cinder/audio/linux/ContextPulseAudio.cpp,"(49, 14)-(49, 44)",b'& operator=( const ScopedLock& )'
src,../repos/Cinder/src/cinder/audio/linux/ContextPulseAudio.cpp,"(63, 22)-(63, 60)",b'& operator=( const ScopedPropertyList& )'
src,../repos/Cinder/src/cinder/audio/ChannelRouterNode.cpp,"(55, 29)-(55, 111)","b'& operator>>( const NodeRef &input, const Cha...'"
src,../repos/Cinder/src/cinder/UrlImplCurl.cpp,"(42, 11)-(42, 38)",b'& operator=( const CurlLib& )'
src,../repos/Cinder/src/cinder/Text.cpp,"(888, 8)-(888, 56)","b'void operator()( const char *line, size_t len...'"
src,../repos/Cinder/src/cinder/Text.cpp,"(893, 8)-(893, 56)","b'bool operator()( const char *line, size_t len...'"
src,../repos/Cinder/src/cinder/Text.cpp,"(1068, 8)-(1068, 56)","b'void operator()( const char *line, size_t len...'"
src,../repos/Cinder/src/cinder/Text.cpp,"(1074, 8)-(1074, 56)","b'bool operator()( const char *line, size_t len...'"
src,../repos/Cinder/src/cinder/Log.cpp,"(551, 10)-(551, 56)","b'& operator<<( ostream &os, const Location &rhs )'"
src,../repos/Cinder/src/cinder/Log.cpp,"(557, 10)-(557, 54)","b'& operator<<( ostream &lhs, const Level &rhs )'"
src,../repos/Cinder/src/cinder/gl/BufferObj.cpp,"(285, 15)-(285, 67)","b'& operator<<( std::ostream &os, const BufferO...'"
src,../repos/Cinder/src/cinder/gl/GlslProg.cpp,"(1974, 15)-(1974, 66)","b'& operator<<( std::ostream &os, const GlslPro...'"
src,../repos/Cinder/src/cinder/gl/Texture.cpp,"(1520, 15)-(1520, 69)","b'& operator<<( std::ostream &os, const Texture...'"
src,../repos/Cinder/src/cinder/gl/Vao.cpp,"(287, 15)-(287, 61)","b'& operator<<( std::ostream &os, const Vao &rhs )'"
src,../repos/Cinder/src/cinder/gl/Vao.cpp,"(297, 15)-(297, 69)","b'& operator<<( std::ostream &os, const Vao::La...'"
src,../repos/Cinder/src/cinder/gl/EnvironmentEs.cpp,"(330, 16)-(330, 50)",b'& operator<<( const std::string& s )'
src,../repos/Cinder/src/cinder/gl/Fbo.cpp,"(137, 15)-(137, 70)","b'& operator<<( std::ostream &os, const Renderb...'"
src,../repos/Cinder/src/cinder/gl/Fbo.cpp,"(848, 15)-(848, 61)","b'& operator<<( std::ostream &os, const Fbo &rhs )'"
src,../repos/Cinder/src/cinder/Color.cpp,"(204, 15)-(204, 72)","b'& operator<<( std::ostream &lhs, const ColorT...'"
src,../repos/Cinder/src/cinder/Color.cpp,"(210, 15)-(210, 73)","b'& operator<<( std::ostream &lhs, const ColorA...'"
src,../repos/Cinder/src/cinder/Color.cpp,"(216, 15)-(216, 74)","b'& operator<<( std::ostream &lhs, const ColorT...'"
src,../repos/Cinder/src/cinder/Color.cpp,"(222, 15)-(222, 75)","b'& operator<<( std::ostream &lhs, const ColorA...'"
src,../repos/Cinder/src/cinder/Xml.cpp,"(407, 10)-(407, 56)","b'& operator<<( ostream &out, const XmlTree &xml )'"
