Repo name,File name,Location,Content
src,../repos/Cinder/src/r8brain/CDSPRealFFT.h,"(292, 2)-(321, 3)",b'class CObjKeeper\n\t{\n\t\tR8BNOCTOR( CObjKeeper )...'
src,../repos/Cinder/src/cinder/gl/VaoImplCore.cpp,"(43, 17)-(43, 30)",b'class Context'
src,../repos/Cinder/src/cinder/gl/VaoImplCore.cpp,"(44, 19)-(44, 32)",b'class Context'
src,../repos/Cinder/src/cinder/gl/VaoImplEs.cpp,"(45, 17)-(45, 30)",b'class Context'
src,../repos/Cinder/src/cinder/gl/VaoImplEs.cpp,"(46, 19)-(46, 32)",b'class Context'
src,../repos/Cinder/src/cinder/FileWatcher.cpp,"(63, 2)-(73, 3)",b'class WatchItem {\n\t  public:\n\t\tWatchItem( con...'
