Repo name,File name,Location,Content
src,../repos/Cinder/src/glfw/src/x11_window.c,"(301, 1)-(389, 2)",b'static void updateWindowMode(_GLFWwindow* win...'
src,../repos/Cinder/src/glfw/src/x11_window.c,"(862, 1)-(900, 2)",b'static GLFWbool acquireMonitor(_GLFWwindow* w...'
src,../repos/Cinder/src/glfw/src/x11_window.c,"(952, 1)-(1495, 2)",b'static void processEvent(XEvent *event)\n{\n   ...'
src,../repos/Cinder/src/glfw/src/x11_window.c,"(1867, 1)-(1880, 2)",b'void _glfwPlatformIconifyWindow(_GLFWwindow* ...'
src,../repos/Cinder/src/glfw/src/x11_window.c,"(1882, 1)-(1914, 2)",b'void _glfwPlatformRestoreWindow(_GLFWwindow* ...'
src,../repos/Cinder/src/oggvorbis/ogg/framing.c,"(104, 1)-(118, 2)",b'static ogg_uint32_t _ogg_crc_entry(unsigned l...'
src,../repos/Cinder/src/oggvorbis/vorbis/vorbisfile.c,"(285, 1)-(419, 2)","b'static int _fetch_headers(OggVorbis_File *vf,...'"
src,../repos/Cinder/src/oggvorbis/vorbis/bitrate.c,"(78, 1)-(232, 2)",b'int vorbis_bitrate_addblock(vorbis_block *vb)...'
src,../repos/Cinder/src/oggvorbis/vorbis/psy.c,"(939, 1)-(1008, 2)",b'static float noise_normalize(vorbis_look_psy ...'
src,../repos/Cinder/src/freetype/base/ftobjs.c,"(612, 3)-(647, 4)",b'FT_Done_GlyphSlot( FT_GlyphSlot  slot )\n  {\n ...'
src,../repos/Cinder/src/freetype/base/ftobjs.c,"(1056, 3)-(1071, 4)",b'static void\n  destroy_size( FT_Memory  memory...'
src,../repos/Cinder/src/freetype/base/ftobjs.c,"(1104, 3)-(1152, 4)",b'static void\n  destroy_face( FT_Memory  memory...'
src,../repos/Cinder/src/freetype/base/ftobjs.c,"(2326, 3)-(2635, 4)",b'static FT_Error\n  ft_open_face_internal( FT_L...'
src,../repos/Cinder/src/freetype/base/ftobjs.c,"(4693, 3)-(4718, 4)",b'static void\n  Destroy_Module( FT_Module  modu...'
src,../repos/Cinder/src/freetype/base/ftstroke.c,"(1059, 3)-(1217, 4)",b'static FT_Error\n  ft_stroker_outside( FT_Stro...'
src,../repos/Cinder/src/freetype/base/ftstroke.c,"(1891, 3)-(1978, 4)",b'FT_Stroker_EndSubPath( FT_Stroker  stroker )\n...'
src,../repos/Cinder/src/freetype/base/ftstream.c,"(714, 3)-(857, 4)",b'FT_Stream_ReadFields( FT_Stream              ...'
src,../repos/Cinder/src/freetype/base/ftmm.c,"(170, 3)-(199, 4)","b'FT_Set_MM_Design_Coordinates( FT_Face   face,...'"
src,../repos/Cinder/src/freetype/base/ftmm.c,"(205, 3)-(247, 4)",b'FT_Set_Var_Design_Coordinates( FT_Face    fac...'
src,../repos/Cinder/src/freetype/base/ftmm.c,"(281, 3)-(323, 4)","b'FT_Set_MM_Blend_Coordinates( FT_Face    face,...'"
src,../repos/Cinder/src/freetype/base/ftmm.c,"(332, 3)-(374, 4)",b'FT_Set_Var_Blend_Coordinates( FT_Face    face...'
src,../repos/Cinder/src/freetype/base/ftmm.c,"(463, 3)-(505, 4)","b'FT_Set_Named_Instance( FT_Face  face,\n       ...'"
src,../repos/Cinder/src/freetype/pshinter/pshalgo.c,"(170, 3)-(240, 4)",b'static FT_Error\n  psh_hint_table_init( PSH_Hi...'
src,../repos/Cinder/src/freetype/bzip2/ftbzip2.c,"(428, 3)-(444, 4)",b'static void\n  ft_bzip2_stream_close( FT_Strea...'
src,../repos/Cinder/src/freetype/psnames/psmodule.c,"(62, 3)-(180, 4)",b'static FT_UInt32\n  ps_unicode_value( const ch...'
src,../repos/Cinder/src/freetype/cache/ftccache.c,"(273, 3)-(315, 4)","b'ftc_node_destroy( FTC_Node     node,\n        ...'"
src,../repos/Cinder/src/freetype/cache/ftccache.c,"(350, 3)-(385, 4)",b'static void\n  FTC_Cache_Clear( FTC_Cache  cac...'
src,../repos/Cinder/src/freetype/cache/ftcglyph.c,"(55, 3)-(62, 4)","b'FTC_GNode_Done( FTC_GNode  gnode,\n           ...'"
src,../repos/Cinder/src/freetype/pcf/pcfread.c,"(479, 3)-(675, 4)",b'static FT_Error\n  pcf_get_properties( FT_Stre...'
src,../repos/Cinder/src/freetype/type42/t42parse.c,"(1283, 3)-(1296, 4)",b't42_loader_done( T42_Loader  loader )\n  {\n   ...'
src,../repos/Cinder/src/freetype/gzip/ftgzip.c,"(563, 3)-(582, 4)",b'static void\n  ft_gzip_stream_close( FT_Stream...'
src,../repos/Cinder/src/freetype/truetype/ttgxvar.c,"(2951, 3)-(3013, 4)","b'TT_Set_Named_Instance( TT_Face  face,\n       ...'"
src,../repos/Cinder/src/freetype/truetype/ttobjs.c,"(758, 3)-(799, 4)",b'tt_face_done( FT_Face  ttface )           /* ...'
src,../repos/Cinder/src/freetype/truetype/ttgload.c,"(183, 3)-(248, 4)",b'static void\n  tt_get_metrics_incr_overrides( ...'
src,../repos/Cinder/src/freetype/truetype/ttgload.c,"(1509, 3)-(2101, 4)",b'static FT_Error\n  load_truetype_glyph( TT_Loa...'
src,../repos/Cinder/src/freetype/pfr/pfrobjs.c,"(44, 3)-(64, 4)",b'pfr_face_done( FT_Face  pfrface )     /* PFR_...'
src,../repos/Cinder/src/freetype/pfr/pfrgload.c,"(248, 3)-(554, 4)",b'static FT_Error\n  pfr_glyph_load_simple( PFR_...'
src,../repos/Cinder/src/freetype/bdf/bdflib.c,"(411, 3)-(514, 4)",b'static FT_Error\n  _bdf_list_split( _bdf_list_...'
src,../repos/Cinder/src/freetype/bdf/bdflib.c,"(1101, 3)-(1259, 4)",b'static FT_Error\n  _bdf_add_property( bdf_font...'
src,../repos/Cinder/src/freetype/bdf/bdflib.c,"(1269, 3)-(1788, 4)",b'static FT_Error\n  _bdf_parse_glyphs( char*   ...'
src,../repos/Cinder/src/freetype/gxvalid/gxvkern.c,"(636, 3)-(675, 4)",b'static FT_Bool\n  gxv_kern_coverage_classic_mi...'
src,../repos/Cinder/src/freetype/raster/ftraster.c,"(1467, 3)-(1558, 4)","b'static Bool\n  Conic_To( RAS_ARGS Long  cx,\n  ...'"
src,../repos/Cinder/src/freetype/raster/ftraster.c,"(1588, 3)-(1694, 4)","b'static Bool\n  Cubic_To( RAS_ARGS Long  cx1,\n ...'"
src,../repos/Cinder/src/freetype/raster/ftraster.c,"(2651, 3)-(2888, 4)",b'static Bool\n  Draw_Sweep( RAS_ARG )\n  {\n    S...'
src,../repos/Cinder/src/freetype/lzw/ftlzw.c,"(314, 3)-(330, 4)",b'static void\n  ft_lzw_stream_close( FT_Stream ...'
src,../repos/Cinder/src/freetype/type1/t1parse.c,"(261, 3)-(522, 4)","b'T1_Get_Private_Dict( T1_Parser      parser,\n ...'"
src,../repos/Cinder/src/freetype/type1/t1load.c,"(480, 3)-(561, 4)","b'T1_Set_MM_Design( T1_Face   face,\n           ...'"
src,../repos/Cinder/src/freetype/type1/t1load.c,"(2070, 3)-(2264, 4)",b'static FT_Error\n  parse_dict( T1_Face    face...'
src,../repos/Cinder/src/freetype/type1/t1load.c,"(2277, 3)-(2297, 4)",b'static void\n  t1_done_loader( T1_Loader  load...'
src,../repos/Cinder/src/freetype/sfnt/ttkern.c,"(187, 3)-(307, 4)","b'tt_face_get_kerning( TT_Face  face,\n         ...'"
src,../repos/Cinder/src/freetype/sfnt/ttsbit.c,"(848, 3)-(978, 4)",b'static FT_Error\n  tt_sbit_decoder_load_bit_al...'
src,../repos/Cinder/src/freetype/sfnt/ttload.c,"(335, 3)-(496, 4)","b'tt_face_load_font_dir( TT_Face    face,\n     ...'"
src,../repos/Cinder/src/freetype/autofit/aflatin.c,"(310, 3)-(1027, 4)",b'static void\n  af_latin_metrics_init_blues( AF...'
src,../repos/Cinder/src/freetype/autofit/afmodule.c,"(73, 3)-(104, 4)",b'static FT_Error\n  af_property_get_face_global...'
src,../repos/Cinder/src/freetype/autofit/afloader.c,"(44, 3)-(67, 4)","b'af_loader_reset( AF_Loader  loader,\n         ...'"
src,../repos/Cinder/src/freetype/autofit/afloader.c,"(214, 3)-(588, 4)","b'af_loader_load_glyph( AF_Loader  loader,\n    ...'"
src,../repos/Cinder/src/freetype/autofit/afglobal.c,"(134, 3)-(332, 4)",b'static FT_Error\n  af_face_globals_compute_sty...'
src,../repos/Cinder/src/freetype/psaux/psarrst.c,"(76, 3)-(89, 4)",b'cf2_arrstack_finalize( CF2_ArrStack  arrstack...'
src,../repos/Cinder/src/freetype/psaux/t1decode.c,"(1973, 3)-(1985, 4)",b't1_decoder_done( T1_Decoder  decoder )\n  {\n  ...'
src,../repos/Cinder/src/freetype/psaux/cffdecode.c,"(490, 3)-(2249, 4)",b'cff_decoder_parse_charstrings( CFF_Decoder*  ...'
src,../repos/Cinder/src/freetype/psaux/psft.c,"(308, 3)-(443, 4)",b'cf2_decoder_parse_charstrings( PS_Decoder*  d...'
src,../repos/Cinder/src/freetype/psaux/pshints.c,"(398, 3)-(597, 4)",b'static void\n  cf2_hintmap_adjustHints( CF2_Hi...'
src,../repos/Cinder/src/freetype/psaux/pshints.c,"(1154, 3)-(1157, 4)",b'cf2_glyphpath_finalize( CF2_GlyphPath  glyphp...'
src,../repos/Cinder/src/freetype/psaux/pshints.c,"(1817, 3)-(1903, 4)",b'cf2_glyphpath_curveTo( CF2_GlyphPath  glyphpa...'
src,../repos/Cinder/src/freetype/psaux/pshints.c,"(1907, 3)-(1936, 4)",b'cf2_glyphpath_closeOpenPath( CF2_GlyphPath  g...'
src,../repos/Cinder/src/freetype/psaux/psintrp.c,"(130, 3)-(169, 4)",b'static void\n  cf2_hintmask_read( CF2_HintMask...'
src,../repos/Cinder/src/freetype/psaux/psintrp.c,"(471, 3)-(3037, 4)",b'cf2_interpT2CharString( CF2_Font             ...'
src,../repos/Cinder/src/freetype/winfonts/winfnt.c,"(708, 3)-(922, 4)",b'static FT_Error\n  FNT_Face_Init( FT_Stream   ...'
src,../repos/Cinder/src/freetype/cff/cffobjs.c,"(490, 3)-(1119, 4)","b'cff_face_init( FT_Stream      stream,\n       ...'"
src,../repos/Cinder/src/freetype/cff/cffload.c,"(2517, 3)-(2561, 4)",b'cff_font_done( CFF_Font  font )\n  {\n    FT_Me...'
src,../repos/Cinder/src/freetype/cff/cffgload.c,"(195, 3)-(680, 4)","b'cff_slot_load( CFF_GlyphSlot  glyph,\n        ...'"
src,../repos/Cinder/src/freetype/cid/cidload.c,"(580, 3)-(588, 4)",b'static  void\n  cid_done_loader( CID_Loader*  ...'
src,../repos/Cinder/src/freetype/smooth/ftsmooth.c,"(93, 3)-(341, 4)",b'static FT_Error\n  ft_smooth_render_generic( F...'
src,../repos/Cinder/src/imgui/imgui_demo.cpp,"(480, 1)-(1956, 2)",b'static void ShowDemoWindowWidgets()\n{\n    if ...'
src,../repos/Cinder/src/imgui/imgui_demo.cpp,"(2713, 1)-(2957, 2)",b'static void ShowDemoWindowPopups()\n{\n    if (...'
src,../repos/Cinder/src/imgui/imgui_demo.cpp,"(4832, 1)-(5009, 2)",b'static void ShowExampleAppCustomRendering(boo...'
src,../repos/Cinder/src/imgui/imgui.cpp,"(4936, 1)-(4942, 2)",b'ImVec2 ImGui::CalcWindowExpectedSize(ImGuiWin...'
src,../repos/Cinder/src/imgui/imgui.cpp,"(5186, 1)-(5266, 2)",b'void ImGui::RenderWindowDecorations(ImGuiWind...'
src,../repos/Cinder/src/imgui/imgui.cpp,"(5375, 1)-(6000, 2)","b'bool ImGui::Begin(const char* name, bool* p_o...'"
src,../repos/Cinder/src/imgui/imgui.cpp,"(8282, 1)-(8290, 2)",b'void ImGui::NavMoveRequestTryWrapping(ImGuiWi...'
src,../repos/Cinder/src/imgui/imgui.cpp,"(8933, 1)-(9072, 2)",b'static void ImGui::NavUpdateWindowing()\n{\n   ...'
src,../repos/Cinder/src/imgui/imgui.cpp,"(9753, 1)-(9821, 2)",b'void ImGui::LoadIniSettingsFromMemory(const c...'
src,../repos/Cinder/src/imgui/imgui_freetype.cpp,"(323, 1)-(609, 2)",b'bool ImFontAtlasBuildWithFreeType(FT_Library ...'
src,../repos/Cinder/src/imgui/imgui_widgets.cpp,"(1159, 1)-(1193, 2)","b'void ImGui::ProgressBar(float fraction, const...'"
src,../repos/Cinder/src/imgui/imgui_widgets.cpp,"(3532, 1)-(4312, 2)","b'bool ImGui::InputTextEx(const char* label, co...'"
src,../repos/Cinder/src/imgui/imgui_widgets.cpp,"(6282, 1)-(6444, 2)","b'bool ImGui::BeginMenu(const char* label, bool...'"
src,../repos/Cinder/src/imgui/imgui_widgets.cpp,"(7347, 1)-(7410, 2)",b'bool ImGui::TabItemLabelAndCloseButton(ImDraw...'
src,../repos/Cinder/src/imgui/imgui_draw.cpp,"(1388, 1)-(1457, 2)",b'void ImDrawListSplitter::Merge(ImDrawList* dr...'
src,../repos/Cinder/src/imgui/imgui_draw.cpp,"(2003, 1)-(2257, 2)",b'bool    ImFontAtlasBuildWithStbTruetype(ImFon...'
src,../repos/Cinder/src/jsoncpp/jsoncpp.cpp,"(608, 1)-(662, 2)",b'bool Reader::readObject(Token& tokenStart) {\n...'
src,../repos/Cinder/src/glad/glad.c,"(7573, 1)-(8021, 2)",b'static int find_extensionsGL(void) {\n\tif (!ge...'
src,../repos/Cinder/src/glad/glad_es.c,"(2912, 1)-(3211, 2)",b'static int find_extensionsGLES2(void) {\n\tif (...'
src,../repos/Cinder/src/cinder/GeomIo.cpp,"(2852, 1)-(2900, 2)",b'void Transform::process( SourceModsContext *c...'
src,../repos/Cinder/src/cinder/ImageFileTinyExr.cpp,"(283, 1)-(334, 2)",b'void ImageTargetFileTinyExr::finalize()\n{\n\t//...'
src,../repos/Cinder/src/cinder/Clipboard.cpp,"(227, 1)-(293, 2)",b'void Clipboard::setImage( ImageSourceRef imag...'
src,../repos/Cinder/src/cinder/Rect.cpp,"(425, 1)-(445, 2)",b'void getClippedScaledRects( const Area &srcSu...'
src,../repos/Cinder/src/cinder/ImageTargetFileQuartz.cpp,"(153, 1)-(165, 2)",b'void ImageTargetFileQuartz::finalize()\n{\n\tIma...'
src,../repos/Cinder/src/cinder/Log.cpp,"(371, 2)-(375, 3)","b'void write( const Metadata &meta, const std::...'"
src,../repos/Cinder/src/cinder/Log.cpp,"(434, 2)-(449, 3)","b'void write( const Metadata& meta, const std::...'"
src,../repos/Cinder/src/cinder/Log.cpp,"(489, 2)-(505, 3)","b'void write( const Metadata &meta, const std::...'"
src,../repos/Cinder/src/cinder/gl/VboMesh.cpp,"(42, 2)-(42, 78)",b'VboMeshSource*\tclone() const override { retur...'
src,../repos/Cinder/src/cinder/gl/draw.cpp,"(527, 2)-(530, 3)",b'uint8_t\tgetAttribDims( geom::Attrib attr ) co...'
src,../repos/Cinder/src/cinder/gl/draw.cpp,"(543, 2)-(574, 3)","b'void copyAttrib( geom::Attrib attr, uint8_t d...'"
src,../repos/Cinder/src/cinder/gl/draw.cpp,"(576, 2)-(583, 3)",b'void copyIndices( geom::Primitive /*primitive...'
src,../repos/Cinder/src/cinder/ImageTargetFileStbImage.cpp,"(107, 1)-(146, 2)",b'void ImageTargetFileStbImage::finalize()\n{\n\ti...'
src,../repos/Cinder/src/cinder/ImageTargetFileWic.cpp,"(269, 1)-(284, 2)",b'void ImageTargetFileWic::finalize()\n{\n\t::HRES...'
src,../repos/Cinder/src/cinder/qtime/QuickTimeUtils.cpp,"(446, 1)-(492, 2)",b'ImageTargetCvPixelBuffer::ImageTargetCvPixelB...'
src,../repos/Cinder/src/cinder/qtime/QuickTimeUtils.cpp,"(507, 1)-(519, 2)",b'void ImageTargetCvPixelBuffer::finalize()\n{\n\t...'
src,../repos/Cinder/src/cinder/qtime/QuickTimeUtils.cpp,"(559, 1)-(567, 2)",b'CVPixelBufferRef createCvPixelBuffer( ImageSo...'
src,../repos/Cinder/src/cinder/qtime/QuickTimeUtils.cpp,"(611, 1)-(615, 2)",b'void ImageTargetGWorld::finalize()\n{\n\tif( ::G...'
src,../repos/Cinder/src/cinder/qtime/QuickTimeUtils.cpp,"(622, 1)-(628, 2)",b'GWorldPtr createGWorld( ImageSourceRef imageS...'
src,../repos/Cinder/src/cinder/ImageIo.cpp,"(484, 1)-(488, 2)","b'void writeImage( ImageTargetRef imageTarget, ...'"
