Repo name,File name,Location,Content
src,../repos/Cinder/src/oggvorbis/vorbis/codebook.c,"(58, 10)-(58, 14)",b'this'
src,../repos/Cinder/src/oggvorbis/vorbis/codebook.c,"(59, 22)-(59, 26)",b'this'
src,../repos/Cinder/src/oggvorbis/vorbis/envelope.c,"(182, 9)-(182, 13)",b'this'
src,../repos/Cinder/src/oggvorbis/vorbis/envelope.c,"(199, 25)-(199, 29)",b'this'
src,../repos/Cinder/src/oggvorbis/vorbis/res0.c,"(371, 11)-(371, 15)",b'this'
src,../repos/Cinder/src/oggvorbis/vorbis/res0.c,"(373, 24)-(373, 28)",b'this'
src,../repos/Cinder/src/oggvorbis/vorbis/res0.c,"(375, 16)-(375, 20)",b'this'
src,../repos/Cinder/src/r8brain/CDSPSincFilterGen.h,"(310, 13)-(310, 17)",b'this'
src,../repos/Cinder/src/r8brain/CDSPSincFilterGen.h,"(314, 25)-(314, 29)",b'this'
src,../repos/Cinder/src/r8brain/CDSPSincFilterGen.h,"(325, 18)-(325, 22)",b'this'
src,../repos/Cinder/src/r8brain/CDSPSincFilterGen.h,"(329, 30)-(329, 34)",b'this'
src,../repos/Cinder/src/r8brain/CDSPSincFilterGen.h,"(360, 33)-(360, 37)",b'this'
src,../repos/Cinder/src/r8brain/CDSPSincFilterGen.h,"(365, 9)-(365, 13)",b'this'
src,../repos/Cinder/src/r8brain/CDSPSincFilterGen.h,"(376, 38)-(376, 42)",b'this'
src,../repos/Cinder/src/r8brain/CDSPSincFilterGen.h,"(381, 14)-(381, 18)",b'this'
src,../repos/Cinder/src/r8brain/CDSPSincFilterGen.h,"(407, 6)-(407, 10)",b'this'
src,../repos/Cinder/src/r8brain/CDSPSincFilterGen.h,"(417, 9)-(417, 13)",b'this'
src,../repos/Cinder/src/r8brain/CDSPSincFilterGen.h,"(431, 15)-(431, 19)",b'this'
src,../repos/Cinder/src/r8brain/CDSPSincFilterGen.h,"(465, 7)-(465, 11)",b'this'
src,../repos/Cinder/src/r8brain/CDSPSincFilterGen.h,"(478, 27)-(478, 31)",b'this'
src,../repos/Cinder/src/r8brain/CDSPSincFilterGen.h,"(486, 37)-(486, 41)",b'this'
src,../repos/Cinder/src/r8brain/CDSPSincFilterGen.h,"(487, 21)-(487, 25)",b'this'
src,../repos/Cinder/src/r8brain/CDSPSincFilterGen.h,"(495, 27)-(495, 31)",b'this'
src,../repos/Cinder/src/r8brain/CDSPSincFilterGen.h,"(503, 21)-(503, 25)",b'this'
src,../repos/Cinder/src/r8brain/CDSPSincFilterGen.h,"(509, 33)-(509, 37)",b'this'
src,../repos/Cinder/src/r8brain/CDSPSincFilterGen.h,"(517, 43)-(517, 47)",b'this'
src,../repos/Cinder/src/r8brain/CDSPSincFilterGen.h,"(518, 27)-(518, 31)",b'this'
src,../repos/Cinder/src/r8brain/CDSPSincFilterGen.h,"(526, 33)-(526, 37)",b'this'
src,../repos/Cinder/src/r8brain/CDSPSincFilterGen.h,"(534, 27)-(534, 31)",b'this'
src,../repos/Cinder/src/r8brain/CDSPRealFFT.h,"(310, 13)-(310, 17)",b'this'
src,../repos/Cinder/src/imgui/imgui_demo.cpp,"(4141, 121)-(4141, 125)",b'this'
src,../repos/Cinder/src/imgui/imgui.cpp,"(943, 28)-(943, 32)",b'this'
src,../repos/Cinder/src/imgui/imgui.cpp,"(977, 12)-(977, 16)",b'this'
src,../repos/Cinder/src/imgui/imgui.cpp,"(977, 29)-(977, 33)",b'this'
src,../repos/Cinder/src/imgui/imgui_widgets.cpp,"(3387, 22)-(3387, 26)",b'this'
src,../repos/Cinder/src/imgui/imgui_widgets.cpp,"(3394, 12)-(3394, 16)",b'this'
src,../repos/Cinder/src/imgui/imgui_widgets.cpp,"(3394, 29)-(3394, 33)",b'this'
src,../repos/Cinder/src/imgui/imgui_draw.cpp,"(1270, 22)-(1270, 26)",b'this'
src,../repos/Cinder/src/imgui/imgui_draw.cpp,"(1329, 31)-(1329, 35)",b'this'
src,../repos/Cinder/src/imgui/imgui_draw.cpp,"(1946, 44)-(1946, 48)",b'this'
src,../repos/Cinder/src/AntTweakBar/TwDirect3D11.cpp,"(163, 16)-(163, 20)",b'this'
src,../repos/Cinder/src/AntTweakBar/TwMgr.cpp,"(2902, 9)-(2902, 13)",b'this'
src,../repos/Cinder/src/AntTweakBar/TwMgr.cpp,"(2940, 9)-(2940, 13)",b'this'
src,../repos/Cinder/src/AntTweakBar/TwMgr.cpp,"(3769, 12)-(3769, 16)",b'this'
src,../repos/Cinder/src/AntTweakBar/TwMgr.cpp,"(3769, 29)-(3769, 33)",b'this'
src,../repos/Cinder/src/AntTweakBar/TwMgr.cpp,"(3786, 12)-(3786, 16)",b'this'
src,../repos/Cinder/src/AntTweakBar/TwMgr.cpp,"(3786, 29)-(3786, 33)",b'this'
src,../repos/Cinder/src/AntTweakBar/TwMgr.cpp,"(3879, 12)-(3879, 16)",b'this'
src,../repos/Cinder/src/AntTweakBar/TwMgr.cpp,"(3879, 29)-(3879, 33)",b'this'
src,../repos/Cinder/src/AntTweakBar/TwMgr.cpp,"(3884, 12)-(3884, 16)",b'this'
src,../repos/Cinder/src/AntTweakBar/TwMgr.cpp,"(3884, 29)-(3884, 33)",b'this'
src,../repos/Cinder/src/AntTweakBar/TwMgr.cpp,"(6713, 30)-(6713, 34)",b'this'
src,../repos/Cinder/src/AntTweakBar/TwMgr.cpp,"(6755, 30)-(6755, 34)",b'this'
src,../repos/Cinder/src/AntTweakBar/TwDirect3D9.cpp,"(89, 16)-(89, 20)",b'this'
src,../repos/Cinder/src/AntTweakBar/TwBar.cpp,"(509, 38)-(509, 42)",b'this'
src,../repos/Cinder/src/AntTweakBar/TwBar.cpp,"(948, 16)-(948, 20)",b'this'
src,../repos/Cinder/src/AntTweakBar/TwBar.cpp,"(1023, 21)-(1023, 25)",b'this'
src,../repos/Cinder/src/AntTweakBar/TwBar.cpp,"(1089, 35)-(1089, 39)",b'this'
src,../repos/Cinder/src/AntTweakBar/TwBar.cpp,"(1125, 69)-(1125, 73)",b'this'
src,../repos/Cinder/src/AntTweakBar/TwBar.cpp,"(1125, 146)-(1125, 150)",b'this'
src,../repos/Cinder/src/AntTweakBar/TwBar.cpp,"(1129, 69)-(1129, 73)",b'this'
src,../repos/Cinder/src/AntTweakBar/TwBar.cpp,"(1134, 69)-(1134, 73)",b'this'
src,../repos/Cinder/src/AntTweakBar/TwBar.cpp,"(2875, 16)-(2875, 20)",b'this'
src,../repos/Cinder/src/AntTweakBar/TwBar.cpp,"(2888, 62)-(2888, 66)",b'this'
src,../repos/Cinder/src/AntTweakBar/TwBar.cpp,"(3085, 27)-(3085, 31)",b'this'
src,../repos/Cinder/src/AntTweakBar/TwBar.cpp,"(3107, 60)-(3107, 64)",b'this'
src,../repos/Cinder/src/AntTweakBar/TwBar.cpp,"(3411, 23)-(3411, 27)",b'this'
src,../repos/Cinder/src/AntTweakBar/TwBar.cpp,"(3414, 23)-(3414, 27)",b'this'
src,../repos/Cinder/src/AntTweakBar/TwBar.cpp,"(3417, 23)-(3417, 27)",b'this'
src,../repos/Cinder/src/AntTweakBar/TwBar.cpp,"(3501, 29)-(3501, 33)",b'this'
src,../repos/Cinder/src/AntTweakBar/TwBar.cpp,"(3529, 32)-(3529, 36)",b'this'
src,../repos/Cinder/src/AntTweakBar/TwBar.cpp,"(3554, 31)-(3554, 35)",b'this'
src,../repos/Cinder/src/AntTweakBar/TwBar.cpp,"(3559, 31)-(3559, 35)",b'this'
src,../repos/Cinder/src/AntTweakBar/TwBar.cpp,"(3578, 31)-(3578, 35)",b'this'
src,../repos/Cinder/src/AntTweakBar/TwBar.cpp,"(3583, 31)-(3583, 35)",b'this'
src,../repos/Cinder/src/AntTweakBar/TwBar.cpp,"(5131, 133)-(5131, 137)",b'this'
src,../repos/Cinder/src/AntTweakBar/TwBar.cpp,"(5314, 46)-(5314, 50)",b'this'
src,../repos/Cinder/src/AntTweakBar/TwBar.cpp,"(5968, 188)-(5968, 192)",b'this'
src,../repos/Cinder/src/AntTweakBar/TwBar.cpp,"(5989, 158)-(5989, 162)",b'this'
src,../repos/Cinder/src/AntTweakBar/TwBar.cpp,"(6131, 67)-(6131, 71)",b'this'
src,../repos/Cinder/src/AntTweakBar/TwBar.cpp,"(6421, 31)-(6421, 35)",b'this'
src,../repos/Cinder/src/AntTweakBar/TwBar.cpp,"(6459, 31)-(6459, 35)",b'this'
src,../repos/Cinder/src/AntTweakBar/TwBar.cpp,"(6483, 207)-(6483, 211)",b'this'
src,../repos/Cinder/src/AntTweakBar/TwBar.cpp,"(6800, 33)-(6800, 37)",b'this'
src,../repos/Cinder/src/AntTweakBar/TwBar.cpp,"(6826, 33)-(6826, 37)",b'this'
src,../repos/Cinder/src/AntTweakBar/TwDirect3D10.cpp,"(169, 16)-(169, 20)",b'this'
src,../repos/Cinder/src/videoInput/videoInput.cpp,"(166, 53)-(166, 57)",b'this'
src,../repos/Cinder/src/jsoncpp/jsoncpp.cpp,"(1439, 11)-(1439, 15)",b'this'
src,../repos/Cinder/src/jsoncpp/jsoncpp.cpp,"(1471, 11)-(1471, 15)",b'this'
src,../repos/Cinder/src/jsoncpp/jsoncpp.cpp,"(1682, 11)-(1682, 15)",b'this'
src,../repos/Cinder/src/jsoncpp/jsoncpp.cpp,"(1898, 11)-(1898, 15)",b'this'
src,../repos/Cinder/src/jsoncpp/jsoncpp.cpp,"(1921, 8)-(1921, 12)",b'this'
src,../repos/Cinder/src/jsoncpp/jsoncpp.cpp,"(1923, 8)-(1923, 12)",b'this'
src,../repos/Cinder/src/jsoncpp/jsoncpp.cpp,"(1967, 70)-(1967, 74)",b'this'
src,../repos/Cinder/src/jsoncpp/jsoncpp.cpp,"(1969, 62)-(1969, 66)",b'this'
src,../repos/Cinder/src/jsoncpp/jsoncpp.cpp,"(1971, 67)-(1971, 71)",b'this'
src,../repos/Cinder/src/jsoncpp/jsoncpp.cpp,"(2013, 62)-(2013, 66)",b'this'
src,../repos/Cinder/src/jsoncpp/jsoncpp.cpp,"(2315, 6)-(2315, 10)",b'this'
src,../repos/Cinder/src/jsoncpp/jsoncpp.cpp,"(2321, 7)-(2321, 11)",b'this'
src,../repos/Cinder/src/jsoncpp/jsoncpp.cpp,"(2338, 6)-(2338, 10)",b'this'
src,../repos/Cinder/src/jsoncpp/jsoncpp.cpp,"(2357, 12)-(2357, 16)",b'this'
src,../repos/Cinder/src/jsoncpp/jsoncpp.cpp,"(2382, 12)-(2382, 16)",b'this'
src,../repos/Cinder/src/jsoncpp/jsoncpp.cpp,"(2405, 6)-(2405, 10)",b'this'
src,../repos/Cinder/src/jsoncpp/jsoncpp.cpp,"(2423, 28)-(2423, 32)",b'this'
src,../repos/Cinder/src/jsoncpp/jsoncpp.cpp,"(2448, 12)-(2448, 16)",b'this'
src,../repos/Cinder/src/jsoncpp/jsoncpp.cpp,"(2452, 12)-(2452, 16)",b'this'
src,../repos/Cinder/src/jsoncpp/jsoncpp.cpp,"(2461, 12)-(2461, 16)",b'this'
src,../repos/Cinder/src/jsoncpp/jsoncpp.cpp,"(2465, 12)-(2465, 16)",b'this'
src,../repos/Cinder/src/jsoncpp/jsoncpp.cpp,"(2469, 53)-(2469, 57)",b'this'
src,../repos/Cinder/src/jsoncpp/jsoncpp.cpp,"(2472, 28)-(2472, 32)",b'this'
src,../repos/Cinder/src/jsoncpp/jsoncpp.cpp,"(2538, 29)-(2538, 33)",b'this'
src,../repos/Cinder/src/jsoncpp/jsoncpp.cpp,"(2556, 28)-(2556, 32)",b'this'
src,../repos/Cinder/src/jsoncpp/jsoncpp.cpp,"(2746, 24)-(2746, 28)",b'this'
src,../repos/Cinder/src/cinder/GeomIo.cpp,"(635, 10)-(635, 14)",b'this'
src,../repos/Cinder/src/cinder/GeomIo.cpp,"(645, 10)-(645, 14)",b'this'
src,../repos/Cinder/src/cinder/GeomIo.cpp,"(654, 10)-(654, 14)",b'this'
src,../repos/Cinder/src/cinder/GeomIo.cpp,"(739, 10)-(739, 14)",b'this'
src,../repos/Cinder/src/cinder/GeomIo.cpp,"(746, 10)-(746, 14)",b'this'
src,../repos/Cinder/src/cinder/GeomIo.cpp,"(752, 10)-(752, 14)",b'this'
src,../repos/Cinder/src/cinder/GeomIo.cpp,"(762, 10)-(762, 14)",b'this'
src,../repos/Cinder/src/cinder/GeomIo.cpp,"(940, 10)-(940, 14)",b'this'
src,../repos/Cinder/src/cinder/GeomIo.cpp,"(1111, 10)-(1111, 14)",b'this'
src,../repos/Cinder/src/cinder/GeomIo.cpp,"(1590, 10)-(1590, 14)",b'this'
src,../repos/Cinder/src/cinder/GeomIo.cpp,"(1829, 10)-(1829, 14)",b'this'
src,../repos/Cinder/src/cinder/GeomIo.cpp,"(1836, 10)-(1836, 14)",b'this'
src,../repos/Cinder/src/cinder/GeomIo.cpp,"(1911, 10)-(1911, 14)",b'this'
src,../repos/Cinder/src/cinder/GeomIo.cpp,"(1918, 10)-(1918, 14)",b'this'
src,../repos/Cinder/src/cinder/GeomIo.cpp,"(1924, 10)-(1924, 14)",b'this'
src,../repos/Cinder/src/cinder/GeomIo.cpp,"(2131, 10)-(2131, 14)",b'this'
src,../repos/Cinder/src/cinder/GeomIo.cpp,"(2539, 10)-(2539, 14)",b'this'
src,../repos/Cinder/src/cinder/GeomIo.cpp,"(2740, 10)-(2740, 14)",b'this'
src,../repos/Cinder/src/cinder/GeomIo.cpp,"(2758, 10)-(2758, 14)",b'this'
src,../repos/Cinder/src/cinder/GeomIo.cpp,"(2765, 10)-(2765, 14)",b'this'
src,../repos/Cinder/src/cinder/GeomIo.cpp,"(3759, 10)-(3759, 14)",b'this'
src,../repos/Cinder/src/cinder/GeomIo.cpp,"(3896, 10)-(3896, 14)",b'this'
src,../repos/Cinder/src/cinder/GeomIo.cpp,"(3903, 10)-(3903, 14)",b'this'
src,../repos/Cinder/src/cinder/GeomIo.cpp,"(3973, 10)-(3973, 14)",b'this'
src,../repos/Cinder/src/cinder/GeomIo.cpp,"(4069, 10)-(4069, 14)",b'this'
src,../repos/Cinder/src/cinder/GeomIo.cpp,"(4206, 10)-(4206, 14)",b'this'
src,../repos/Cinder/src/cinder/GeomIo.cpp,"(4224, 10)-(4224, 14)",b'this'
src,../repos/Cinder/src/cinder/GeomIo.cpp,"(4231, 10)-(4231, 14)",b'this'
src,../repos/Cinder/src/cinder/GeomIo.cpp,"(4906, 31)-(4906, 35)",b'this'
src,../repos/Cinder/src/cinder/GeomIo.cpp,"(4911, 30)-(4911, 34)",b'this'
src,../repos/Cinder/src/cinder/GeomIo.cpp,"(4983, 22)-(4983, 26)",b'this'
src,../repos/Cinder/src/cinder/GeomIo.cpp,"(4986, 22)-(4986, 26)",b'this'
src,../repos/Cinder/src/cinder/GeomIo.cpp,"(4996, 3)-(4996, 7)",b'this'
src,../repos/Cinder/src/cinder/GeomIo.cpp,"(5000, 4)-(5000, 8)",b'this'
src,../repos/Cinder/src/cinder/GeomIo.cpp,"(5054, 2)-(5054, 6)",b'this'
src,../repos/Cinder/src/cinder/GeomIo.cpp,"(5063, 4)-(5063, 8)",b'this'
src,../repos/Cinder/src/cinder/GeomIo.cpp,"(5077, 22)-(5077, 26)",b'this'
src,../repos/Cinder/src/cinder/GeomIo.cpp,"(5107, 22)-(5107, 26)",b'this'
src,../repos/Cinder/src/cinder/GeomIo.cpp,"(5137, 23)-(5137, 27)",b'this'
src,../repos/Cinder/src/cinder/GeomIo.cpp,"(5144, 22)-(5144, 26)",b'this'
src,../repos/Cinder/src/cinder/Surface.cpp,"(94, 7)-(94, 11)",b'this'
src,../repos/Cinder/src/cinder/Surface.cpp,"(327, 10)-(327, 14)",b'this'
src,../repos/Cinder/src/cinder/Surface.cpp,"(345, 10)-(345, 14)",b'this'
src,../repos/Cinder/src/cinder/Surface.cpp,"(351, 64)-(351, 68)",b'this'
src,../repos/Cinder/src/cinder/Surface.cpp,"(357, 43)-(357, 47)",b'this'
src,../repos/Cinder/src/cinder/Surface.cpp,"(365, 21)-(365, 25)",b'this'
src,../repos/Cinder/src/cinder/Surface.cpp,"(375, 21)-(375, 25)",b'this'
src,../repos/Cinder/src/cinder/Surface.cpp,"(394, 85)-(394, 89)",b'this'
src,../repos/Cinder/src/cinder/ImageFileTinyExr.cpp,"(167, 10)-(167, 14)",b'this'
src,../repos/Cinder/src/cinder/ImageFileTinyExr.cpp,"(179, 10)-(179, 14)",b'this'
src,../repos/Cinder/src/cinder/ImageFileTinyExr.cpp,"(196, 10)-(196, 14)",b'this'
src,../repos/Cinder/src/cinder/ImageFileTinyExr.cpp,"(210, 10)-(210, 14)",b'this'
src,../repos/Cinder/src/cinder/ImageSourcePng.cpp,"(183, 7)-(183, 11)",b'this'
src,../repos/Cinder/src/cinder/app/winrt/CinderFrameworkView.cpp,"(52, 80)-(52, 84)",b'this'
src,../repos/Cinder/src/cinder/app/winrt/CinderFrameworkView.cpp,"(55, 53)-(55, 57)",b'this'
src,../repos/Cinder/src/cinder/app/winrt/CinderFrameworkView.cpp,"(58, 50)-(58, 54)",b'this'
src,../repos/Cinder/src/cinder/app/winrt/CinderFrameworkView.cpp,"(64, 78)-(64, 82)",b'this'
src,../repos/Cinder/src/cinder/app/winrt/CinderFrameworkView.cpp,"(67, 72)-(67, 76)",b'this'
src,../repos/Cinder/src/cinder/app/winrt/CinderFrameworkView.cpp,"(70, 71)-(70, 75)",b'this'
src,../repos/Cinder/src/cinder/app/winrt/CinderFrameworkView.cpp,"(75, 62)-(75, 66)",b'this'
src,../repos/Cinder/src/cinder/app/winrt/CinderFrameworkView.cpp,"(78, 62)-(78, 66)",b'this'
src,../repos/Cinder/src/cinder/app/winrt/CinderFrameworkView.cpp,"(81, 62)-(81, 66)",b'this'
src,../repos/Cinder/src/cinder/app/winrt/CinderFrameworkView.cpp,"(84, 64)-(84, 68)",b'this'
src,../repos/Cinder/src/cinder/app/winrt/CinderFrameworkView.cpp,"(87, 64)-(87, 68)",b'this'
src,../repos/Cinder/src/cinder/app/winrt/CinderFrameworkView.cpp,"(91, 71)-(91, 75)",b'this'
src,../repos/Cinder/src/cinder/app/winrt/AppWinRt.cpp,"(86, 87)-(86, 91)",b'this'
src,../repos/Cinder/src/cinder/app/winrt/WindowImplWinRt.cpp,"(89, 40)-(89, 44)",b'this'
src,../repos/Cinder/src/cinder/app/AppScreenSaver.cpp,"(51, 35)-(51, 39)",b'this'
src,../repos/Cinder/src/cinder/app/AppScreenSaver.cpp,"(67, 35)-(67, 39)",b'this'
src,../repos/Cinder/src/cinder/app/AppScreenSaver.cpp,"(70, 37)-(70, 41)",b'this'
src,../repos/Cinder/src/cinder/app/msw/AppMsw.cpp,"(36, 14)-(36, 18)",b'this'
src,../repos/Cinder/src/cinder/app/msw/AppMsw.cpp,"(45, 36)-(45, 40)",b'this'
src,../repos/Cinder/src/cinder/app/msw/RendererImplDx.cpp,"(314, 30)-(314, 34)",b'this'
src,../repos/Cinder/src/cinder/app/msw/RendererImplDx.cpp,"(348, 31)-(348, 35)",b'this'
src,../repos/Cinder/src/cinder/app/msw/AppImplMswBasic.cpp,"(172, 98)-(172, 102)",b'this'
src,../repos/Cinder/src/cinder/app/msw/AppImplMswScreenSaver.cpp,"(56, 144)-(56, 148)",b'this'
src,../repos/Cinder/src/cinder/app/msw/AppImplMswScreenSaver.cpp,"(66, 147)-(66, 151)",b'this'
src,../repos/Cinder/src/cinder/app/msw/AppImplMsw.cpp,"(130, 40)-(130, 44)",b'this'
src,../repos/Cinder/src/cinder/app/msw/AppImplMsw.cpp,"(148, 20)-(148, 24)",b'this'
src,../repos/Cinder/src/cinder/app/msw/AppImplMsw.cpp,"(150, 40)-(150, 44)",b'this'
src,../repos/Cinder/src/cinder/app/msw/AppImplMsw.cpp,"(205, 29)-(205, 33)",b'this'
src,../repos/Cinder/src/cinder/app/msw/AppImplMsw.cpp,"(225, 20)-(225, 24)",b'this'
src,../repos/Cinder/src/cinder/app/msw/AppImplMsw.cpp,"(396, 29)-(396, 33)",b'this'
src,../repos/Cinder/src/cinder/app/msw/AppImplMsw.cpp,"(883, 29)-(883, 33)",b'this'
src,../repos/Cinder/src/cinder/app/linux/WindowImplLinuxHeadless.cpp,"(43, 40)-(43, 44)",b'this'
src,../repos/Cinder/src/cinder/app/linux/WindowImplLinuxHeadless.cpp,"(45, 34)-(45, 38)",b'this'
src,../repos/Cinder/src/cinder/app/linux/WindowImplLinuxHeadless.cpp,"(50, 36)-(50, 40)",b'this'
src,../repos/Cinder/src/cinder/app/linux/WindowImplLinuxGlfw.cpp,"(105, 40)-(105, 44)",b'this'
src,../repos/Cinder/src/cinder/app/linux/WindowImplLinuxGlfw.cpp,"(107, 34)-(107, 38)",b'this'
src,../repos/Cinder/src/cinder/app/linux/WindowImplLinuxGlfw.cpp,"(112, 36)-(112, 40)",b'this'
src,../repos/Cinder/src/cinder/app/linux/AppLinux.cpp,"(37, 29)-(37, 33)",b'this'
src,../repos/Cinder/src/cinder/app/linux/AppImplLinuxGlfw.cpp,"(352, 18)-(352, 22)",b'this'
src,../repos/Cinder/src/cinder/app/linux/AppImplLinuxGlfw.cpp,"(355, 4)-(355, 8)",b'this'
src,../repos/Cinder/src/cinder/app/linux/AppImplLinuxGlfw.cpp,"(436, 30)-(436, 34)",b'this'
src,../repos/Cinder/src/cinder/app/linux/AppImplLinuxGlfw.cpp,"(481, 101)-(481, 105)",b'this'
src,../repos/Cinder/src/cinder/app/linux/AppImplLinuxGlfw.cpp,"(574, 60)-(574, 64)",b'this'
src,../repos/Cinder/src/cinder/app/linux/AppImplLinuxHeadless.cpp,"(53, 18)-(53, 22)",b'this'
src,../repos/Cinder/src/cinder/app/linux/AppImplLinuxHeadless.cpp,"(56, 4)-(56, 8)",b'this'
src,../repos/Cinder/src/cinder/app/linux/AppImplLinuxHeadless.cpp,"(156, 101)-(156, 105)",b'this'
src,../repos/Cinder/src/cinder/app/android/AppImplAndroid.cpp,"(56, 14)-(56, 18)",b'this'
src,../repos/Cinder/src/cinder/app/android/AppImplAndroid.cpp,"(58, 51)-(58, 55)",b'this'
src,../repos/Cinder/src/cinder/app/android/AppImplAndroid.cpp,"(337, 82)-(337, 86)",b'this'
src,../repos/Cinder/src/cinder/app/android/WindowImplAndroid.cpp,"(44, 40)-(44, 44)",b'this'
src,../repos/Cinder/src/cinder/app/android/WindowImplAndroid.cpp,"(79, 29)-(79, 33)",b'this'
src,../repos/Cinder/src/cinder/app/android/AppAndroid.cpp,"(43, 35)-(43, 39)",b'this'
src,../repos/Cinder/src/cinder/app/android/EventManagerAndroid.cpp,"(67, 14)-(67, 18)",b'this'
src,../repos/Cinder/src/cinder/app/android/EventManagerAndroid.cpp,"(650, 29)-(650, 33)",b'this'
src,../repos/Cinder/src/cinder/app/RendererDx.cpp,"(57, 37)-(57, 41)",b'this'
src,../repos/Cinder/src/cinder/app/RendererDx.cpp,"(66, 37)-(66, 41)",b'this'
src,../repos/Cinder/src/cinder/app/RendererGl.cpp,"(75, 106)-(75, 110)",b'this'
src,../repos/Cinder/src/cinder/app/RendererGl.cpp,"(81, 17)-(81, 21)",b'this'
src,../repos/Cinder/src/cinder/app/RendererGl.cpp,"(89, 18)-(89, 22)",b'this'
src,../repos/Cinder/src/cinder/app/RendererGl.cpp,"(150, 127)-(150, 131)",b'this'
src,../repos/Cinder/src/cinder/app/RendererGl.cpp,"(161, 17)-(161, 21)",b'this'
src,../repos/Cinder/src/cinder/app/RendererGl.cpp,"(169, 18)-(169, 22)",b'this'
src,../repos/Cinder/src/cinder/app/RendererGl.cpp,"(220, 36)-(220, 40)",b'this'
src,../repos/Cinder/src/cinder/app/RendererGl.cpp,"(222, 34)-(222, 38)",b'this'
src,../repos/Cinder/src/cinder/app/RendererGl.cpp,"(256, 17)-(256, 21)",b'this'
src,../repos/Cinder/src/cinder/app/RendererGl.cpp,"(274, 18)-(274, 22)",b'this'
src,../repos/Cinder/src/cinder/app/RendererGl.cpp,"(306, 36)-(306, 40)",b'this'
src,../repos/Cinder/src/cinder/app/RendererGl.cpp,"(324, 17)-(324, 21)",b'this'
src,../repos/Cinder/src/cinder/app/RendererGl.cpp,"(342, 18)-(342, 22)",b'this'
src,../repos/Cinder/src/cinder/app/RendererGl.cpp,"(374, 34)-(374, 38)",b'this'
src,../repos/Cinder/src/cinder/app/RendererGl.cpp,"(385, 17)-(385, 21)",b'this'
src,../repos/Cinder/src/cinder/app/RendererGl.cpp,"(403, 18)-(403, 22)",b'this'
src,../repos/Cinder/src/cinder/app/RendererGl.cpp,"(439, 32)-(439, 36)",b'this'
src,../repos/Cinder/src/cinder/app/RendererGl.cpp,"(454, 17)-(454, 21)",b'this'
src,../repos/Cinder/src/cinder/app/RendererGl.cpp,"(472, 18)-(472, 22)",b'this'
src,../repos/Cinder/src/cinder/app/AppBase.cpp,"(142, 14)-(142, 18)",b'this'
src,../repos/Cinder/src/cinder/app/cocoa/AppCocoaTouch.cpp,"(42, 29)-(42, 33)",b'this'
src,../repos/Cinder/src/cinder/app/cocoa/AppCocoaTouch.cpp,"(47, 42)-(47, 46)",b'this'
src,../repos/Cinder/src/cinder/app/cocoa/AppMac.cpp,"(38, 35)-(38, 39)",b'this'
src,../repos/Cinder/src/cinder/Sphere.cpp,"(32, 26)-(32, 30)",b'this'
src,../repos/Cinder/src/cinder/Area.cpp,"(85, 16)-(85, 20)",b'this'
src,../repos/Cinder/src/cinder/Area.cpp,"(246, 72)-(246, 76)",b'this'
src,../repos/Cinder/src/cinder/Area.cpp,"(247, 73)-(247, 77)",b'this'
src,../repos/Cinder/src/cinder/Area.cpp,"(248, 73)-(248, 77)",b'this'
src,../repos/Cinder/src/cinder/Area.cpp,"(250, 85)-(250, 89)",b'this'
src,../repos/Cinder/src/cinder/Area.cpp,"(251, 85)-(251, 89)",b'this'
src,../repos/Cinder/src/cinder/Area.cpp,"(252, 85)-(252, 89)",b'this'
src,../repos/Cinder/src/cinder/Area.cpp,"(254, 79)-(254, 83)",b'this'
src,../repos/Cinder/src/cinder/Area.cpp,"(255, 80)-(255, 84)",b'this'
src,../repos/Cinder/src/cinder/Area.cpp,"(256, 80)-(256, 84)",b'this'
src,../repos/Cinder/src/cinder/ImageSourceFileRadiance.cpp,"(41, 6)-(41, 10)",b'this'
src,../repos/Cinder/src/cinder/JsonTree.cpp,"(48, 10)-(48, 14)",b'this'
src,../repos/Cinder/src/cinder/JsonTree.cpp,"(59, 10)-(59, 14)",b'this'
src,../repos/Cinder/src/cinder/JsonTree.cpp,"(75, 10)-(75, 14)",b'this'
src,../repos/Cinder/src/cinder/JsonTree.cpp,"(81, 10)-(81, 14)",b'this'
src,../repos/Cinder/src/cinder/JsonTree.cpp,"(128, 10)-(128, 14)",b'this'
src,../repos/Cinder/src/cinder/JsonTree.cpp,"(307, 10)-(307, 14)",b'this'
src,../repos/Cinder/src/cinder/JsonTree.cpp,"(319, 29)-(319, 33)",b'this'
src,../repos/Cinder/src/cinder/JsonTree.cpp,"(331, 28)-(331, 32)",b'this'
src,../repos/Cinder/src/cinder/JsonTree.cpp,"(340, 28)-(340, 32)",b'this'
src,../repos/Cinder/src/cinder/JsonTree.cpp,"(351, 23)-(351, 27)",b'this'
src,../repos/Cinder/src/cinder/JsonTree.cpp,"(353, 28)-(353, 32)",b'this'
src,../repos/Cinder/src/cinder/JsonTree.cpp,"(361, 18)-(361, 22)",b'this'
src,../repos/Cinder/src/cinder/JsonTree.cpp,"(363, 28)-(363, 32)",b'this'
src,../repos/Cinder/src/cinder/JsonTree.cpp,"(415, 28)-(415, 32)",b'this'
src,../repos/Cinder/src/cinder/JsonTree.cpp,"(425, 28)-(425, 32)",b'this'
src,../repos/Cinder/src/cinder/JsonTree.cpp,"(435, 28)-(435, 32)",b'this'
src,../repos/Cinder/src/cinder/JsonTree.cpp,"(445, 28)-(445, 32)",b'this'
src,../repos/Cinder/src/cinder/JsonTree.cpp,"(486, 28)-(486, 32)",b'this'
src,../repos/Cinder/src/cinder/JsonTree.cpp,"(503, 66)-(503, 70)",b'this'
src,../repos/Cinder/src/cinder/JsonTree.cpp,"(525, 45)-(525, 49)",b'this'
src,../repos/Cinder/src/cinder/JsonTree.cpp,"(656, 12)-(656, 16)",b'this'
src,../repos/Cinder/src/cinder/Rect.cpp,"(76, 20)-(76, 24)",b'this'
src,../repos/Cinder/src/cinder/Rect.cpp,"(106, 20)-(106, 24)",b'this'
src,../repos/Cinder/src/cinder/Rect.cpp,"(123, 17)-(123, 21)",b'this'
src,../repos/Cinder/src/cinder/Rect.cpp,"(135, 17)-(135, 21)",b'this'
src,../repos/Cinder/src/cinder/Rect.cpp,"(152, 20)-(152, 24)",b'this'
src,../repos/Cinder/src/cinder/Rect.cpp,"(344, 21)-(344, 25)",b'this'
src,../repos/Cinder/src/cinder/Rect.cpp,"(366, 21)-(366, 25)",b'this'
src,../repos/Cinder/src/cinder/Signals.cpp,"(56, 10)-(56, 14)",b'this'
src,../repos/Cinder/src/cinder/Signals.cpp,"(69, 10)-(69, 14)",b'this'
src,../repos/Cinder/src/cinder/Signals.cpp,"(134, 10)-(134, 14)",b'this'
src,../repos/Cinder/src/cinder/Font.cpp,"(515, 71)-(515, 75)",b'this'
src,../repos/Cinder/src/cinder/Path2d.cpp,"(744, 19)-(744, 23)",b'this'
src,../repos/Cinder/src/cinder/Path2d.cpp,"(854, 19)-(854, 23)",b'this'
src,../repos/Cinder/src/cinder/Path2d.cpp,"(857, 13)-(857, 17)",b'this'
src,../repos/Cinder/src/cinder/Path2d.cpp,"(859, 19)-(859, 23)",b'this'
src,../repos/Cinder/src/cinder/msw/CinderMsw.cpp,"(94, 44)-(94, 48)",b'this'
src,../repos/Cinder/src/cinder/msw/CinderMsw.cpp,"(111, 16)-(111, 20)",b'this'
src,../repos/Cinder/src/cinder/msw/CinderMsw.cpp,"(187, 38)-(187, 42)",b'this'
src,../repos/Cinder/src/cinder/msw/CinderMsw.cpp,"(204, 10)-(204, 14)",b'this'
src,../repos/Cinder/src/cinder/msw/StackWalker.cpp,"(373, 9)-(373, 13)",b'this'
src,../repos/Cinder/src/cinder/msw/StackWalker.cpp,"(374, 7)-(374, 11)",b'this'
src,../repos/Cinder/src/cinder/msw/StackWalker.cpp,"(376, 24)-(376, 28)",b'this'
src,../repos/Cinder/src/cinder/msw/StackWalker.cpp,"(381, 18)-(381, 22)",b'this'
src,../repos/Cinder/src/cinder/msw/StackWalker.cpp,"(384, 9)-(384, 13)",b'this'
src,../repos/Cinder/src/cinder/msw/StackWalker.cpp,"(386, 11)-(386, 15)",b'this'
src,../repos/Cinder/src/cinder/msw/StackWalker.cpp,"(387, 9)-(387, 13)",b'this'
src,../repos/Cinder/src/cinder/msw/StackWalker.cpp,"(392, 5)-(392, 9)",b'this'
src,../repos/Cinder/src/cinder/msw/StackWalker.cpp,"(589, 7)-(589, 11)",b'this'
src,../repos/Cinder/src/cinder/msw/StackWalker.cpp,"(678, 21)-(678, 25)",b'this'
src,../repos/Cinder/src/cinder/msw/StackWalker.cpp,"(680, 9)-(680, 13)",b'this'
src,../repos/Cinder/src/cinder/msw/StackWalker.cpp,"(709, 13)-(709, 17)",b'this'
src,../repos/Cinder/src/cinder/msw/StackWalker.cpp,"(738, 11)-(738, 15)",b'this'
src,../repos/Cinder/src/cinder/msw/StackWalker.cpp,"(771, 7)-(771, 11)",b'this'
src,../repos/Cinder/src/cinder/msw/StackWalker.cpp,"(790, 8)-(790, 12)",b'this'
src,../repos/Cinder/src/cinder/msw/StackWalker.cpp,"(815, 9)-(815, 13)",b'this'
src,../repos/Cinder/src/cinder/msw/StackWalker.cpp,"(832, 3)-(832, 7)",b'this'
src,../repos/Cinder/src/cinder/msw/StackWalker.cpp,"(833, 3)-(833, 7)",b'this'
src,../repos/Cinder/src/cinder/msw/StackWalker.cpp,"(834, 3)-(834, 7)",b'this'
src,../repos/Cinder/src/cinder/msw/StackWalker.cpp,"(835, 3)-(835, 7)",b'this'
src,../repos/Cinder/src/cinder/msw/StackWalker.cpp,"(835, 40)-(835, 44)",b'this'
src,../repos/Cinder/src/cinder/msw/StackWalker.cpp,"(835, 46)-(835, 50)",b'this'
src,../repos/Cinder/src/cinder/msw/StackWalker.cpp,"(836, 3)-(836, 7)",b'this'
src,../repos/Cinder/src/cinder/msw/StackWalker.cpp,"(837, 3)-(837, 7)",b'this'
src,../repos/Cinder/src/cinder/msw/StackWalker.cpp,"(838, 3)-(838, 7)",b'this'
src,../repos/Cinder/src/cinder/msw/StackWalker.cpp,"(842, 3)-(842, 7)",b'this'
src,../repos/Cinder/src/cinder/msw/StackWalker.cpp,"(843, 3)-(843, 7)",b'this'
src,../repos/Cinder/src/cinder/msw/StackWalker.cpp,"(844, 3)-(844, 7)",b'this'
src,../repos/Cinder/src/cinder/msw/StackWalker.cpp,"(845, 3)-(845, 7)",b'this'
src,../repos/Cinder/src/cinder/msw/StackWalker.cpp,"(845, 40)-(845, 44)",b'this'
src,../repos/Cinder/src/cinder/msw/StackWalker.cpp,"(845, 46)-(845, 50)",b'this'
src,../repos/Cinder/src/cinder/msw/StackWalker.cpp,"(846, 3)-(846, 7)",b'this'
src,../repos/Cinder/src/cinder/msw/StackWalker.cpp,"(849, 5)-(849, 9)",b'this'
src,../repos/Cinder/src/cinder/msw/StackWalker.cpp,"(850, 5)-(850, 9)",b'this'
src,../repos/Cinder/src/cinder/msw/StackWalker.cpp,"(853, 5)-(853, 9)",b'this'
src,../repos/Cinder/src/cinder/msw/StackWalker.cpp,"(854, 3)-(854, 7)",b'this'
src,../repos/Cinder/src/cinder/msw/StackWalker.cpp,"(862, 7)-(862, 11)",b'this'
src,../repos/Cinder/src/cinder/msw/StackWalker.cpp,"(863, 12)-(863, 16)",b'this'
src,../repos/Cinder/src/cinder/msw/StackWalker.cpp,"(864, 3)-(864, 7)",b'this'
src,../repos/Cinder/src/cinder/msw/StackWalker.cpp,"(869, 7)-(869, 11)",b'this'
src,../repos/Cinder/src/cinder/msw/StackWalker.cpp,"(879, 9)-(879, 13)",b'this'
src,../repos/Cinder/src/cinder/msw/StackWalker.cpp,"(890, 9)-(890, 13)",b'this'
src,../repos/Cinder/src/cinder/msw/StackWalker.cpp,"(892, 40)-(892, 44)",b'this'
src,../repos/Cinder/src/cinder/msw/StackWalker.cpp,"(950, 11)-(950, 15)",b'this'
src,../repos/Cinder/src/cinder/msw/StackWalker.cpp,"(966, 15)-(966, 19)",b'this'
src,../repos/Cinder/src/cinder/msw/StackWalker.cpp,"(970, 5)-(970, 9)",b'this'
src,../repos/Cinder/src/cinder/msw/StackWalker.cpp,"(975, 10)-(975, 14)",b'this'
src,../repos/Cinder/src/cinder/msw/StackWalker.cpp,"(975, 34)-(975, 38)",b'this'
src,../repos/Cinder/src/cinder/msw/StackWalker.cpp,"(975, 52)-(975, 56)",b'this'
src,../repos/Cinder/src/cinder/msw/StackWalker.cpp,"(1001, 5)-(1001, 9)",b'this'
src,../repos/Cinder/src/cinder/msw/StackWalker.cpp,"(1003, 7)-(1003, 11)",b'this'
src,../repos/Cinder/src/cinder/msw/StackWalker.cpp,"(1088, 12)-(1088, 16)",b'this'
src,../repos/Cinder/src/cinder/msw/StackWalker.cpp,"(1088, 39)-(1088, 43)",b'this'
src,../repos/Cinder/src/cinder/msw/StackWalker.cpp,"(1088, 89)-(1088, 93)",b'this'
src,../repos/Cinder/src/cinder/msw/StackWalker.cpp,"(1088, 108)-(1088, 112)",b'this'
src,../repos/Cinder/src/cinder/msw/StackWalker.cpp,"(1091, 7)-(1091, 11)",b'this'
src,../repos/Cinder/src/cinder/msw/StackWalker.cpp,"(1107, 13)-(1107, 17)",b'this'
src,../repos/Cinder/src/cinder/msw/StackWalker.cpp,"(1109, 9)-(1109, 13)",b'this'
src,../repos/Cinder/src/cinder/msw/StackWalker.cpp,"(1120, 11)-(1120, 15)",b'this'
src,../repos/Cinder/src/cinder/msw/StackWalker.cpp,"(1120, 30)-(1120, 34)",b'this'
src,../repos/Cinder/src/cinder/msw/StackWalker.cpp,"(1124, 9)-(1124, 13)",b'this'
src,../repos/Cinder/src/cinder/msw/StackWalker.cpp,"(1125, 9)-(1125, 13)",b'this'
src,../repos/Cinder/src/cinder/msw/StackWalker.cpp,"(1129, 9)-(1129, 13)",b'this'
src,../repos/Cinder/src/cinder/msw/StackWalker.cpp,"(1133, 11)-(1133, 15)",b'this'
src,../repos/Cinder/src/cinder/msw/StackWalker.cpp,"(1135, 13)-(1135, 17)",b'this'
src,../repos/Cinder/src/cinder/msw/StackWalker.cpp,"(1135, 32)-(1135, 36)",b'this'
src,../repos/Cinder/src/cinder/msw/StackWalker.cpp,"(1143, 11)-(1143, 15)",b'this'
src,../repos/Cinder/src/cinder/msw/StackWalker.cpp,"(1148, 11)-(1148, 15)",b'this'
src,../repos/Cinder/src/cinder/msw/StackWalker.cpp,"(1148, 37)-(1148, 41)",b'this'
src,../repos/Cinder/src/cinder/msw/StackWalker.cpp,"(1194, 9)-(1194, 13)",b'this'
src,../repos/Cinder/src/cinder/msw/StackWalker.cpp,"(1202, 5)-(1202, 9)",b'this'
src,../repos/Cinder/src/cinder/msw/StackWalker.cpp,"(1207, 7)-(1207, 11)",b'this'
src,../repos/Cinder/src/cinder/msw/StackWalker.cpp,"(1217, 7)-(1217, 11)",b'this'
src,../repos/Cinder/src/cinder/audio/GenNode.cpp,"(42, 32)-(42, 36)",b'this'
src,../repos/Cinder/src/cinder/audio/GenNode.cpp,"(48, 32)-(48, 36)",b'this'
src,../repos/Cinder/src/cinder/audio/GenNode.cpp,"(288, 31)-(288, 35)",b'this'
src,../repos/Cinder/src/cinder/audio/GenNode.cpp,"(293, 37)-(293, 41)",b'this'
src,../repos/Cinder/src/cinder/audio/OutputNode.cpp,"(95, 115)-(95, 119)",b'this'
src,../repos/Cinder/src/cinder/audio/OutputNode.cpp,"(96, 112)-(96, 116)",b'this'
src,../repos/Cinder/src/cinder/audio/OutputNode.cpp,"(98, 92)-(98, 96)",b'this'
src,../repos/Cinder/src/cinder/audio/OutputNode.cpp,"(99, 92)-(99, 96)",b'this'
src,../repos/Cinder/src/cinder/audio/NodeMath.cpp,"(35, 28)-(35, 32)",b'this'
src,../repos/Cinder/src/cinder/audio/PanNode.cpp,"(34, 26)-(34, 30)",b'this'
src,../repos/Cinder/src/cinder/audio/msw/ContextWasapi.cpp,"(528, 67)-(528, 71)",b'this'
src,../repos/Cinder/src/cinder/audio/msw/ContextWasapi.cpp,"(767, 81)-(767, 85)",b'this'
src,../repos/Cinder/src/cinder/audio/msw/ContextWasapi.cpp,"(879, 82)-(879, 86)",b'this'
src,../repos/Cinder/src/cinder/audio/msw/DeviceManagerWasapi.cpp,"(112, 21)-(112, 25)",b'this'
src,../repos/Cinder/src/cinder/audio/msw/DeviceManagerWasapi.cpp,"(413, 51)-(413, 55)",b'this'
src,../repos/Cinder/src/cinder/audio/linux/ContextPulseAudio.cpp,"(276, 89)-(276, 93)",b'this'
src,../repos/Cinder/src/cinder/audio/linux/ContextPulseAudio.cpp,"(280, 94)-(280, 98)",b'this'
src,../repos/Cinder/src/cinder/audio/linux/ContextPulseAudio.cpp,"(320, 95)-(320, 99)",b'this'
src,../repos/Cinder/src/cinder/audio/linux/ContextPulseAudio.cpp,"(346, 97)-(346, 101)",b'this'
src,../repos/Cinder/src/cinder/audio/linux/ContextPulseAudio.cpp,"(358, 95)-(358, 99)",b'this'
src,../repos/Cinder/src/cinder/audio/linux/ContextPulseAudio.cpp,"(361, 83)-(361, 87)",b'this'
src,../repos/Cinder/src/cinder/audio/linux/ContextPulseAudio.cpp,"(460, 89)-(460, 93)",b'this'
src,../repos/Cinder/src/cinder/audio/linux/ContextPulseAudio.cpp,"(461, 91)-(461, 95)",b'this'
src,../repos/Cinder/src/cinder/audio/linux/ContextPulseAudio.cpp,"(501, 95)-(501, 99)",b'this'
src,../repos/Cinder/src/cinder/audio/linux/ContextPulseAudio.cpp,"(527, 77)-(527, 81)",b'this'
src,../repos/Cinder/src/cinder/audio/linux/ContextPulseAudio.cpp,"(537, 95)-(537, 99)",b'this'
src,../repos/Cinder/src/cinder/audio/linux/ContextPulseAudio.cpp,"(540, 83)-(540, 87)",b'this'
src,../repos/Cinder/src/cinder/audio/linux/ContextPulseAudio.cpp,"(641, 79)-(641, 83)",b'this'
src,../repos/Cinder/src/cinder/audio/linux/ContextPulseAudio.cpp,"(734, 83)-(734, 87)",b'this'
src,../repos/Cinder/src/cinder/audio/linux/ContextPulseAudio.cpp,"(800, 81)-(800, 85)",b'this'
src,../repos/Cinder/src/cinder/audio/linux/ContextPulseAudio.cpp,"(815, 41)-(815, 45)",b'this'
src,../repos/Cinder/src/cinder/audio/linux/FileAudioLoader.cpp,"(520, 57)-(520, 61)",b'this'
src,../repos/Cinder/src/cinder/audio/linux/FileAudioLoader.cpp,"(523, 58)-(523, 62)",b'this'
src,../repos/Cinder/src/cinder/audio/android/ContextOpenSl.cpp,"(117, 118)-(117, 122)",b'this'
src,../repos/Cinder/src/cinder/audio/android/ContextOpenSl.cpp,"(200, 79)-(200, 83)",b'this'
src,../repos/Cinder/src/cinder/audio/android/ContextOpenSl.cpp,"(346, 107)-(346, 111)",b'this'
src,../repos/Cinder/src/cinder/audio/android/ContextOpenSl.cpp,"(432, 77)-(432, 81)",b'this'
src,../repos/Cinder/src/cinder/audio/SamplePlayerNode.cpp,"(58, 64)-(58, 68)",b'this'
src,../repos/Cinder/src/cinder/audio/SamplePlayerNode.cpp,"(63, 65)-(63, 69)",b'this'
src,../repos/Cinder/src/cinder/audio/SamplePlayerNode.cpp,"(265, 87)-(265, 91)",b'this'
src,../repos/Cinder/src/cinder/audio/DelayNode.cpp,"(50, 40)-(50, 44)",b'this'
src,../repos/Cinder/src/cinder/audio/Node.cpp,"(215, 64)-(215, 68)",b'this'
src,../repos/Cinder/src/cinder/audio/Node.cpp,"(220, 65)-(220, 69)",b'this'
src,../repos/Cinder/src/cinder/audio/Node.cpp,"(360, 46)-(360, 50)",b'this'
src,../repos/Cinder/src/cinder/audio/Node.cpp,"(525, 70)-(525, 74)",b'this'
src,../repos/Cinder/src/cinder/audio/cocoa/ContextAudioUnit.cpp,"(78, 21)-(78, 25)",b'this'
src,../repos/Cinder/src/cinder/audio/cocoa/ContextAudioUnit.cpp,"(181, 21)-(181, 25)",b'this'
src,../repos/Cinder/src/cinder/audio/cocoa/ContextAudioUnit.cpp,"(381, 21)-(381, 25)",b'this'
src,../repos/Cinder/src/cinder/audio/cocoa/CinderCoreAudio.cpp,"(116, 115)-(116, 119)",b'this'
src,../repos/Cinder/src/cinder/audio/FileOggVorbis.cpp,"(83, 35)-(83, 39)",b'this'
src,../repos/Cinder/src/cinder/linux/GstPlayer.cpp,"(338, 21)-(338, 25)",b'this'
src,../repos/Cinder/src/cinder/linux/GstPlayer.cpp,"(371, 62)-(371, 66)",b'this'
src,../repos/Cinder/src/cinder/linux/GstPlayer.cpp,"(483, 84)-(483, 88)",b'this'
src,../repos/Cinder/src/cinder/linux/GstPlayer.cpp,"(627, 84)-(627, 88)",b'this'
src,../repos/Cinder/src/cinder/TimelineItem.cpp,"(131, 29)-(131, 33)",b'this'
src,../repos/Cinder/src/cinder/TimelineItem.cpp,"(148, 29)-(148, 33)",b'this'
src,../repos/Cinder/src/cinder/CinderImGui.cpp,"(122, 11)-(122, 15)",b'this'
src,../repos/Cinder/src/cinder/CinderImGui.cpp,"(128, 11)-(128, 15)",b'this'
src,../repos/Cinder/src/cinder/CinderImGui.cpp,"(134, 11)-(134, 15)",b'this'
src,../repos/Cinder/src/cinder/CinderImGui.cpp,"(140, 11)-(140, 15)",b'this'
src,../repos/Cinder/src/cinder/CinderImGui.cpp,"(146, 11)-(146, 15)",b'this'
src,../repos/Cinder/src/cinder/CinderImGui.cpp,"(152, 11)-(152, 15)",b'this'
src,../repos/Cinder/src/cinder/CinderImGui.cpp,"(158, 11)-(158, 15)",b'this'
src,../repos/Cinder/src/cinder/UrlImplCurl.cpp,"(84, 46)-(84, 50)",b'this'
src,../repos/Cinder/src/cinder/Channel.cpp,"(96, 7)-(96, 11)",b'this'
src,../repos/Cinder/src/cinder/Channel.cpp,"(166, 79)-(166, 83)",b'this'
src,../repos/Cinder/src/cinder/Channel.cpp,"(181, 10)-(181, 14)",b'this'
src,../repos/Cinder/src/cinder/Channel.cpp,"(197, 10)-(197, 14)",b'this'
src,../repos/Cinder/src/cinder/Channel.cpp,"(203, 59)-(203, 63)",b'this'
src,../repos/Cinder/src/cinder/Channel.cpp,"(211, 21)-(211, 25)",b'this'
src,../repos/Cinder/src/cinder/Channel.cpp,"(221, 21)-(221, 25)",b'this'
src,../repos/Cinder/src/cinder/svg/Svg.cpp,"(619, 36)-(619, 40)",b'this'
src,../repos/Cinder/src/cinder/svg/Svg.cpp,"(633, 23)-(633, 27)",b'this'
src,../repos/Cinder/src/cinder/svg/Svg.cpp,"(646, 23)-(646, 27)",b'this'
src,../repos/Cinder/src/cinder/svg/Svg.cpp,"(953, 31)-(953, 35)",b'this'
src,../repos/Cinder/src/cinder/svg/Svg.cpp,"(961, 32)-(961, 36)",b'this'
src,../repos/Cinder/src/cinder/svg/Svg.cpp,"(967, 10)-(967, 14)",b'this'
src,../repos/Cinder/src/cinder/svg/Svg.cpp,"(1156, 24)-(1156, 28)",b'this'
src,../repos/Cinder/src/cinder/svg/Svg.cpp,"(1179, 25)-(1179, 29)",b'this'
src,../repos/Cinder/src/cinder/svg/Svg.cpp,"(1511, 22)-(1511, 26)",b'this'
src,../repos/Cinder/src/cinder/svg/Svg.cpp,"(1527, 22)-(1527, 26)",b'this'
src,../repos/Cinder/src/cinder/svg/Svg.cpp,"(1564, 22)-(1564, 26)",b'this'
src,../repos/Cinder/src/cinder/svg/Svg.cpp,"(1611, 25)-(1611, 29)",b'this'
src,../repos/Cinder/src/cinder/svg/Svg.cpp,"(1641, 26)-(1641, 30)",b'this'
src,../repos/Cinder/src/cinder/svg/Svg.cpp,"(1676, 36)-(1676, 40)",b'this'
src,../repos/Cinder/src/cinder/svg/Svg.cpp,"(1678, 35)-(1678, 39)",b'this'
src,../repos/Cinder/src/cinder/svg/Svg.cpp,"(1680, 38)-(1680, 42)",b'this'
src,../repos/Cinder/src/cinder/svg/Svg.cpp,"(1682, 39)-(1682, 43)",b'this'
src,../repos/Cinder/src/cinder/svg/Svg.cpp,"(1684, 35)-(1684, 39)",b'this'
src,../repos/Cinder/src/cinder/svg/Svg.cpp,"(1686, 35)-(1686, 39)",b'this'
src,../repos/Cinder/src/cinder/svg/Svg.cpp,"(1688, 37)-(1688, 41)",b'this'
src,../repos/Cinder/src/cinder/svg/Svg.cpp,"(1690, 38)-(1690, 42)",b'this'
src,../repos/Cinder/src/cinder/svg/Svg.cpp,"(1692, 34)-(1692, 38)",b'this'
src,../repos/Cinder/src/cinder/svg/Svg.cpp,"(1694, 42)-(1694, 46)",b'this'
src,../repos/Cinder/src/cinder/svg/Svg.cpp,"(1696, 36)-(1696, 40)",b'this'
src,../repos/Cinder/src/cinder/svg/Svg.cpp,"(1698, 45)-(1698, 49)",b'this'
src,../repos/Cinder/src/cinder/svg/Svg.cpp,"(1700, 45)-(1700, 49)",b'this'
src,../repos/Cinder/src/cinder/svg/Svg.cpp,"(1702, 35)-(1702, 39)",b'this'
src,../repos/Cinder/src/cinder/svg/Svg.cpp,"(1799, 10)-(1799, 14)",b'this'
src,../repos/Cinder/src/cinder/svg/Svg.cpp,"(1851, 23)-(1851, 27)",b'this'
src,../repos/Cinder/src/cinder/svg/Svg.cpp,"(1979, 24)-(1979, 28)",b'this'
src,../repos/Cinder/src/cinder/svg/Svg.cpp,"(1989, 49)-(1989, 53)",b'this'
src,../repos/Cinder/src/cinder/svg/Svg.cpp,"(1992, 49)-(1992, 53)",b'this'
src,../repos/Cinder/src/cinder/svg/Svg.cpp,"(2053, 49)-(2053, 53)",b'this'
src,../repos/Cinder/src/cinder/svg/Svg.cpp,"(2056, 49)-(2056, 53)",b'this'
src,../repos/Cinder/src/cinder/svg/Svg.cpp,"(2080, 25)-(2080, 29)",b'this'
src,../repos/Cinder/src/cinder/svg/Svg.cpp,"(2086, 27)-(2086, 31)",b'this'
src,../repos/Cinder/src/cinder/gl/BufferObj.cpp,"(58, 32)-(58, 36)",b'this'
src,../repos/Cinder/src/cinder/gl/BufferObj.cpp,"(79, 32)-(79, 36)",b'this'
src,../repos/Cinder/src/cinder/gl/BufferObj.cpp,"(86, 23)-(86, 27)",b'this'
src,../repos/Cinder/src/cinder/gl/GlslProg.cpp,"(187, 10)-(187, 14)",b'this'
src,../repos/Cinder/src/cinder/gl/GlslProg.cpp,"(193, 10)-(193, 14)",b'this'
src,../repos/Cinder/src/cinder/gl/GlslProg.cpp,"(199, 10)-(199, 14)",b'this'
src,../repos/Cinder/src/cinder/gl/GlslProg.cpp,"(205, 10)-(205, 14)",b'this'
src,../repos/Cinder/src/cinder/gl/GlslProg.cpp,"(213, 10)-(213, 14)",b'this'
src,../repos/Cinder/src/cinder/gl/GlslProg.cpp,"(219, 10)-(219, 14)",b'this'
src,../repos/Cinder/src/cinder/gl/GlslProg.cpp,"(228, 10)-(228, 14)",b'this'
src,../repos/Cinder/src/cinder/gl/GlslProg.cpp,"(234, 10)-(234, 14)",b'this'
src,../repos/Cinder/src/cinder/gl/GlslProg.cpp,"(240, 10)-(240, 14)",b'this'
src,../repos/Cinder/src/cinder/gl/GlslProg.cpp,"(246, 10)-(246, 14)",b'this'
src,../repos/Cinder/src/cinder/gl/GlslProg.cpp,"(256, 10)-(256, 14)",b'this'
src,../repos/Cinder/src/cinder/gl/GlslProg.cpp,"(262, 10)-(262, 14)",b'this'
src,../repos/Cinder/src/cinder/gl/GlslProg.cpp,"(296, 12)-(296, 16)",b'this'
src,../repos/Cinder/src/cinder/gl/GlslProg.cpp,"(300, 12)-(300, 16)",b'this'
src,../repos/Cinder/src/cinder/gl/GlslProg.cpp,"(310, 10)-(310, 14)",b'this'
src,../repos/Cinder/src/cinder/gl/GlslProg.cpp,"(318, 12)-(318, 16)",b'this'
src,../repos/Cinder/src/cinder/gl/GlslProg.cpp,"(322, 12)-(322, 16)",b'this'
src,../repos/Cinder/src/cinder/gl/GlslProg.cpp,"(332, 10)-(332, 14)",b'this'
src,../repos/Cinder/src/cinder/gl/GlslProg.cpp,"(356, 10)-(356, 14)",b'this'
src,../repos/Cinder/src/cinder/gl/GlslProg.cpp,"(369, 10)-(369, 14)",b'this'
src,../repos/Cinder/src/cinder/gl/GlslProg.cpp,"(377, 10)-(377, 14)",b'this'
src,../repos/Cinder/src/cinder/gl/GlslProg.cpp,"(395, 12)-(395, 16)",b'this'
src,../repos/Cinder/src/cinder/gl/GlslProg.cpp,"(399, 12)-(399, 16)",b'this'
src,../repos/Cinder/src/cinder/gl/GlslProg.cpp,"(409, 10)-(409, 14)",b'this'
src,../repos/Cinder/src/cinder/gl/GlslProg.cpp,"(417, 12)-(417, 16)",b'this'
src,../repos/Cinder/src/cinder/gl/GlslProg.cpp,"(421, 12)-(421, 16)",b'this'
src,../repos/Cinder/src/cinder/gl/GlslProg.cpp,"(430, 10)-(430, 14)",b'this'
src,../repos/Cinder/src/cinder/gl/GlslProg.cpp,"(437, 10)-(437, 14)",b'this'
src,../repos/Cinder/src/cinder/gl/GlslProg.cpp,"(477, 25)-(477, 29)",b'this'
src,../repos/Cinder/src/cinder/gl/GlslProg.cpp,"(643, 34)-(643, 38)",b'this'
src,../repos/Cinder/src/cinder/gl/GlslProg.cpp,"(973, 54)-(973, 58)",b'this'
src,../repos/Cinder/src/cinder/gl/GlslProg.cpp,"(1518, 29)-(1518, 33)",b'this'
src,../repos/Cinder/src/cinder/gl/GlslProg.cpp,"(1537, 29)-(1537, 33)",b'this'
src,../repos/Cinder/src/cinder/gl/GlslProg.cpp,"(1555, 29)-(1555, 33)",b'this'
src,../repos/Cinder/src/cinder/gl/GlslProg.cpp,"(1573, 29)-(1573, 33)",b'this'
src,../repos/Cinder/src/cinder/gl/GlslProg.cpp,"(1591, 29)-(1591, 33)",b'this'
src,../repos/Cinder/src/cinder/gl/GlslProg.cpp,"(1608, 29)-(1608, 33)",b'this'
src,../repos/Cinder/src/cinder/gl/GlslProg.cpp,"(1628, 29)-(1628, 33)",b'this'
src,../repos/Cinder/src/cinder/gl/GlslProg.cpp,"(1646, 32)-(1646, 36)",b'this'
src,../repos/Cinder/src/cinder/gl/GlslProg.cpp,"(1664, 29)-(1664, 33)",b'this'
src,../repos/Cinder/src/cinder/gl/GlslProg.cpp,"(1682, 29)-(1682, 33)",b'this'
src,../repos/Cinder/src/cinder/gl/GlslProg.cpp,"(1700, 32)-(1700, 36)",b'this'
src,../repos/Cinder/src/cinder/gl/GlslProg.cpp,"(1718, 32)-(1718, 36)",b'this'
src,../repos/Cinder/src/cinder/gl/GlslProg.cpp,"(1736, 32)-(1736, 36)",b'this'
src,../repos/Cinder/src/cinder/gl/GlslProg.cpp,"(1754, 32)-(1754, 36)",b'this'
src,../repos/Cinder/src/cinder/gl/GlslProg.cpp,"(1772, 29)-(1772, 33)",b'this'
src,../repos/Cinder/src/cinder/gl/GlslProg.cpp,"(1790, 32)-(1790, 36)",b'this'
src,../repos/Cinder/src/cinder/gl/GlslProg.cpp,"(1808, 29)-(1808, 33)",b'this'
src,../repos/Cinder/src/cinder/gl/GlslProg.cpp,"(1826, 32)-(1826, 36)",b'this'
src,../repos/Cinder/src/cinder/gl/GlslProg.cpp,"(1844, 32)-(1844, 36)",b'this'
src,../repos/Cinder/src/cinder/gl/GlslProg.cpp,"(1862, 32)-(1862, 36)",b'this'
src,../repos/Cinder/src/cinder/gl/GlslProg.cpp,"(1880, 32)-(1880, 36)",b'this'
src,../repos/Cinder/src/cinder/gl/GlslProg.cpp,"(1898, 32)-(1898, 36)",b'this'
src,../repos/Cinder/src/cinder/gl/GlslProg.cpp,"(1916, 32)-(1916, 36)",b'this'
src,../repos/Cinder/src/cinder/gl/GlslProg.cpp,"(1934, 29)-(1934, 33)",b'this'
src,../repos/Cinder/src/cinder/gl/GlslProg.cpp,"(1952, 32)-(1952, 36)",b'this'
src,../repos/Cinder/src/cinder/gl/GlslProg.cpp,"(1970, 32)-(1970, 36)",b'this'
src,../repos/Cinder/src/cinder/gl/Context.cpp,"(66, 27)-(66, 31)",b'this'
src,../repos/Cinder/src/cinder/gl/Context.cpp,"(72, 27)-(72, 31)",b'this'
src,../repos/Cinder/src/cinder/gl/Context.cpp,"(152, 63)-(152, 67)",b'this'
src,../repos/Cinder/src/cinder/gl/Context.cpp,"(163, 22)-(163, 26)",b'this'
src,../repos/Cinder/src/cinder/gl/Context.cpp,"(195, 76)-(195, 80)",b'this'
src,../repos/Cinder/src/cinder/gl/Context.cpp,"(196, 58)-(196, 62)",b'this'
src,../repos/Cinder/src/cinder/gl/Context.cpp,"(197, 30)-(197, 34)",b'this'
src,../repos/Cinder/src/cinder/gl/Context.cpp,"(200, 50)-(200, 54)",b'this'
src,../repos/Cinder/src/cinder/gl/Context.cpp,"(201, 57)-(201, 61)",b'this'
src,../repos/Cinder/src/cinder/gl/Context.cpp,"(202, 30)-(202, 34)",b'this'
src,../repos/Cinder/src/cinder/gl/Context.cpp,"(239, 25)-(239, 29)",b'this'
src,../repos/Cinder/src/cinder/gl/Context.cpp,"(241, 19)-(241, 23)",b'this'
src,../repos/Cinder/src/cinder/gl/Context.cpp,"(250, 25)-(250, 29)",b'this'
src,../repos/Cinder/src/cinder/gl/Context.cpp,"(252, 19)-(252, 23)",b'this'
src,../repos/Cinder/src/cinder/gl/Context.cpp,"(270, 27)-(270, 31)",b'this'
src,../repos/Cinder/src/cinder/gl/Context.cpp,"(272, 34)-(272, 38)",b'this'
src,../repos/Cinder/src/cinder/gl/Context.cpp,"(277, 26)-(277, 30)",b'this'
src,../repos/Cinder/src/cinder/gl/Context.cpp,"(293, 31)-(293, 35)",b'this'
src,../repos/Cinder/src/cinder/gl/Context.cpp,"(842, 45)-(842, 49)",b'this'
src,../repos/Cinder/src/cinder/gl/Context.cpp,"(844, 27)-(844, 31)",b'this'
src,../repos/Cinder/src/cinder/gl/Shader.cpp,"(59, 10)-(59, 14)",b'this'
src,../repos/Cinder/src/cinder/gl/Shader.cpp,"(73, 10)-(73, 14)",b'this'
src,../repos/Cinder/src/cinder/gl/Shader.cpp,"(79, 10)-(79, 14)",b'this'
src,../repos/Cinder/src/cinder/gl/Shader.cpp,"(85, 10)-(85, 14)",b'this'
src,../repos/Cinder/src/cinder/gl/Shader.cpp,"(91, 10)-(91, 14)",b'this'
src,../repos/Cinder/src/cinder/gl/Texture.cpp,"(136, 33)-(136, 37)",b'this'
src,../repos/Cinder/src/cinder/gl/Texture.cpp,"(142, 33)-(142, 37)",b'this'
src,../repos/Cinder/src/cinder/gl/Texture.cpp,"(150, 25)-(150, 29)",b'this'
src,../repos/Cinder/src/cinder/gl/Texture.cpp,"(1320, 56)-(1320, 60)",b'this'
src,../repos/Cinder/src/cinder/gl/Texture.cpp,"(1326, 57)-(1326, 61)",b'this'
src,../repos/Cinder/src/cinder/gl/Texture.cpp,"(1332, 59)-(1332, 63)",b'this'
src,../repos/Cinder/src/cinder/gl/Texture.cpp,"(1338, 54)-(1338, 58)",b'this'
src,../repos/Cinder/src/cinder/gl/Texture.cpp,"(1352, 56)-(1352, 60)",b'this'
src,../repos/Cinder/src/cinder/gl/Texture.cpp,"(1357, 57)-(1357, 61)",b'this'
src,../repos/Cinder/src/cinder/gl/Texture.cpp,"(1363, 59)-(1363, 63)",b'this'
src,../repos/Cinder/src/cinder/gl/Texture.cpp,"(1373, 54)-(1373, 58)",b'this'
src,../repos/Cinder/src/cinder/gl/Texture.cpp,"(1709, 7)-(1709, 11)",b'this'
src,../repos/Cinder/src/cinder/gl/Texture.cpp,"(1728, 50)-(1728, 54)",b'this'
src,../repos/Cinder/src/cinder/gl/Vao.cpp,"(84, 20)-(84, 24)",b'this'
src,../repos/Cinder/src/cinder/gl/Vao.cpp,"(91, 20)-(91, 24)",b'this'
src,../repos/Cinder/src/cinder/gl/Vao.cpp,"(102, 17)-(102, 21)",b'this'
src,../repos/Cinder/src/cinder/gl/VboMesh.cpp,"(42, 69)-(42, 73)",b'this'
src,../repos/Cinder/src/cinder/gl/VboMesh.cpp,"(203, 10)-(203, 14)",b'this'
src,../repos/Cinder/src/cinder/gl/VboMesh.cpp,"(215, 10)-(215, 14)",b'this'
src,../repos/Cinder/src/cinder/gl/VboMesh.cpp,"(341, 51)-(341, 55)",b'this'
src,../repos/Cinder/src/cinder/gl/VboMesh.cpp,"(631, 35)-(631, 39)",b'this'
src,../repos/Cinder/src/cinder/gl/VboMesh.cpp,"(749, 32)-(749, 36)",b'this'
src,../repos/Cinder/src/cinder/gl/EnvironmentEs.cpp,"(330, 83)-(330, 87)",b'this'
src,../repos/Cinder/src/cinder/gl/Fbo.cpp,"(123, 29)-(123, 33)",b'this'
src,../repos/Cinder/src/cinder/gl/Fbo.cpp,"(241, 10)-(241, 14)",b'this'
src,../repos/Cinder/src/cinder/gl/Fbo.cpp,"(249, 10)-(249, 14)",b'this'
src,../repos/Cinder/src/cinder/gl/Fbo.cpp,"(280, 37)-(280, 41)",b'this'
src,../repos/Cinder/src/cinder/gl/Fbo.cpp,"(291, 28)-(291, 32)",b'this'
src,../repos/Cinder/src/cinder/gl/Sampler.cpp,"(65, 10)-(65, 14)",b'this'
src,../repos/Cinder/src/cinder/Buffer.cpp,"(71, 10)-(71, 14)",b'this'
src,../repos/Cinder/src/cinder/Buffer.cpp,"(82, 10)-(82, 14)",b'this'
src,../repos/Cinder/src/cinder/Buffer.cpp,"(127, 14)-(127, 18)",b'this'
src,../repos/Cinder/src/cinder/Timeline.cpp,"(119, 18)-(119, 22)",b'this'
src,../repos/Cinder/src/cinder/Timeline.cpp,"(127, 18)-(127, 22)",b'this'
src,../repos/Cinder/src/cinder/Timeline.cpp,"(310, 41)-(310, 45)",b'this'
src,../repos/Cinder/src/cinder/Timeline.cpp,"(315, 36)-(315, 40)",b'this'
src,../repos/Cinder/src/cinder/Timeline.cpp,"(349, 36)-(349, 40)",b'this'
src,../repos/Cinder/src/cinder/Timeline.cpp,"(354, 36)-(354, 40)",b'this'
src,../repos/Cinder/src/cinder/ImageSourceFileWic.cpp,"(241, 6)-(241, 10)",b'this'
src,../repos/Cinder/src/cinder/qtime/MovieWriter.cpp,"(130, 10)-(130, 14)",b'this'
src,../repos/Cinder/src/cinder/qtime/MovieWriter.cpp,"(141, 10)-(141, 14)",b'this'
src,../repos/Cinder/src/cinder/qtime/MovieWriter.cpp,"(152, 10)-(152, 14)",b'this'
src,../repos/Cinder/src/cinder/qtime/MovieWriter.cpp,"(163, 10)-(163, 14)",b'this'
src,../repos/Cinder/src/cinder/qtime/MovieWriter.cpp,"(174, 10)-(174, 14)",b'this'
src,../repos/Cinder/src/cinder/qtime/MovieWriter.cpp,"(190, 10)-(190, 14)",b'this'
src,../repos/Cinder/src/cinder/qtime/MovieWriter.cpp,"(389, 54)-(389, 58)",b'this'
src,../repos/Cinder/src/cinder/Color.cpp,"(117, 30)-(117, 34)",b'this'
src,../repos/Cinder/src/cinder/Xml.cpp,"(158, 31)-(158, 35)",b'this'
src,../repos/Cinder/src/cinder/Xml.cpp,"(175, 31)-(175, 35)",b'this'
src,../repos/Cinder/src/cinder/Xml.cpp,"(178, 10)-(178, 14)",b'this'
src,../repos/Cinder/src/cinder/Xml.cpp,"(189, 24)-(189, 28)",b'this'
src,../repos/Cinder/src/cinder/Xml.cpp,"(266, 28)-(266, 32)",b'this'
src,../repos/Cinder/src/cinder/Xml.cpp,"(275, 28)-(275, 32)",b'this'
src,../repos/Cinder/src/cinder/Xml.cpp,"(283, 26)-(283, 30)",b'this'
src,../repos/Cinder/src/cinder/Xml.cpp,"(294, 32)-(294, 36)",b'this'
src,../repos/Cinder/src/cinder/Xml.cpp,"(298, 10)-(298, 14)",b'this'
src,../repos/Cinder/src/cinder/Xml.cpp,"(314, 24)-(314, 28)",b'this'
src,../repos/Cinder/src/cinder/Xml.cpp,"(317, 15)-(317, 19)",b'this'
src,../repos/Cinder/src/cinder/Xml.cpp,"(329, 30)-(329, 34)",b'this'
src,../repos/Cinder/src/cinder/Xml.cpp,"(334, 43)-(334, 47)",b'this'
src,../repos/Cinder/src/cinder/FileWatcher.cpp,"(352, 101)-(352, 105)",b'this'
src,../repos/Cinder/src/cinder/FileWatcher.cpp,"(362, 59)-(362, 63)",b'this'
src,../repos/Cinder/src/cinder/Display.cpp,"(68, 70)-(68, 74)",b'this'
src,../repos/Cinder/src/cinder/Camera.cpp,"(362, 24)-(362, 28)",b'this'
src,../repos/Cinder/src/cinder/Camera.cpp,"(372, 24)-(372, 28)",b'this'
src,../repos/Cinder/src/cinder/ObjLoader.cpp,"(66, 10)-(66, 14)",b'this'
src,../repos/Cinder/src/cinder/ObjLoader.cpp,"(83, 10)-(83, 14)",b'this'
src,../repos/Cinder/src/cinder/PolyLine.cpp,"(70, 19)-(70, 23)",b'this'
src,../repos/Cinder/src/cinder/PolyLine.cpp,"(112, 24)-(112, 28)",b'this'
src,../repos/Cinder/src/cinder/PolyLine.cpp,"(127, 24)-(127, 28)",b'this'
src,../repos/Cinder/src/cinder/PolyLine.cpp,"(141, 21)-(141, 25)",b'this'
src,../repos/Cinder/src/cinder/params/Params.cpp,"(685, 44)-(685, 48)",b'this'
src,../repos/Cinder/src/cinder/params/Params.cpp,"(700, 46)-(700, 50)",b'this'
src,../repos/Cinder/src/cinder/params/Params.cpp,"(757, 49)-(757, 53)",b'this'
src,../repos/Cinder/src/cinder/BSpline.cpp,"(78, 3)-(78, 7)",b'this'
src,../repos/Cinder/src/cinder/BSpline.cpp,"(103, 10)-(103, 14)",b'this'
src,../repos/Cinder/src/cinder/BSpline.cpp,"(439, 3)-(439, 7)",b'this'
src,../repos/Cinder/src/cinder/BSpline.cpp,"(457, 10)-(457, 14)",b'this'
src,../repos/Cinder/src/cinder/BSpline.cpp,"(616, 81)-(616, 85)",b'this'
src,../repos/Cinder/src/cinder/ImageSourceFileStbImage.cpp,"(141, 6)-(141, 10)",b'this'
src,../repos/Cinder/src/cinder/CameraUi.cpp,"(66, 10)-(66, 14)",b'this'
src,../repos/Cinder/src/cinder/CameraUi.cpp,"(80, 5)-(80, 9)",b'this'
src,../repos/Cinder/src/cinder/CameraUi.cpp,"(82, 5)-(82, 9)",b'this'
src,../repos/Cinder/src/cinder/CameraUi.cpp,"(84, 5)-(84, 9)",b'this'
src,../repos/Cinder/src/cinder/CameraUi.cpp,"(86, 5)-(86, 9)",b'this'
src,../repos/Cinder/src/cinder/CameraUi.cpp,"(88, 5)-(88, 9)",b'this'
src,../repos/Cinder/src/cinder/BandedMatrix.cpp,"(56, 3)-(56, 7)",b'this'
src,../repos/Cinder/src/cinder/BandedMatrix.cpp,"(88, 10)-(88, 14)",b'this'
src,../repos/Cinder/src/cinder/TriMesh.cpp,"(122, 28)-(122, 32)",b'this'
