Repo name,File name,Location,Content
src,../repos/Cinder/src/freetype/tools/ftfuzzer/ftmutator.cc,"(44, 3)-(44, 23)",b'using namespace std;'
src,../repos/Cinder/src/freetype/tools/ftfuzzer/rasterfuzzer.cc,"(20, 3)-(20, 23)",b'using namespace std;'
src,../repos/Cinder/src/freetype/tools/ftfuzzer/ftfuzzer.cc,"(30, 3)-(30, 23)",b'using namespace std;'
src,../repos/Cinder/src/imgui/imgui_impl_opengl3.cpp,"(110, 1)-(110, 20)",b'using namespace gl;'
src,../repos/Cinder/src/imgui/imgui_impl_opengl3.cpp,"(117, 1)-(117, 20)",b'using namespace gl;'
src,../repos/Cinder/src/imgui/imgui_draw.cpp,"(168, 1)-(168, 37)",b'using namespace IMGUI_STB_NAMESPACE;'
src,../repos/Cinder/src/AntTweakBar/LoadOGL.h,"(68, 1)-(68, 29)",b'using GL::_glGetProcAddress;'
src,../repos/Cinder/src/AntTweakBar/LoadOGLCore.h,"(73, 1)-(73, 33)",b'using GLCore::_glGetProcAddress;'
src,../repos/Cinder/src/AntTweakBar/TwDirect3D11.cpp,"(21, 1)-(21, 21)",b'using namespace std;'
src,../repos/Cinder/src/AntTweakBar/TwMgr.cpp,"(47, 1)-(47, 21)",b'using namespace std;'
src,../repos/Cinder/src/AntTweakBar/TwDirect3D9.cpp,"(22, 1)-(22, 21)",b'using namespace std;'
src,../repos/Cinder/src/AntTweakBar/TwBar.cpp,"(19, 1)-(19, 21)",b'using namespace std;'
src,../repos/Cinder/src/AntTweakBar/TwDirect3D10.cpp,"(21, 1)-(21, 21)",b'using namespace std;'
src,../repos/Cinder/src/AntTweakBar/TwFonts.cpp,"(16, 1)-(16, 19)",b'using std::memset;'
src,../repos/Cinder/src/AntTweakBar/TwOpenGL.cpp,"(32, 1)-(32, 21)",b'using namespace std;'
src,../repos/Cinder/src/AntTweakBar/TwOpenGLCore.cpp,"(34, 1)-(34, 21)",b'using namespace std;'
src,../repos/Cinder/src/cinder/Url.cpp,"(43, 2)-(43, 35)",b'using namespace Windows::Storage;'
src,../repos/Cinder/src/cinder/Url.cpp,"(44, 2)-(44, 34)",b'using namespace Windows::System;'
src,../repos/Cinder/src/cinder/BSplineFit.cpp,"(40, 1)-(40, 19)",b'using std::vector;'
src,../repos/Cinder/src/cinder/GeomIo.cpp,"(40, 1)-(40, 21)",b'using namespace std;'
src,../repos/Cinder/src/cinder/Surface.cpp,"(32, 2)-(32, 35)",b'using namespace Windows::Storage;'
src,../repos/Cinder/src/cinder/Surface.cpp,"(33, 2)-(33, 30)",b'using namespace Concurrency;'
src,../repos/Cinder/src/cinder/Surface.cpp,"(35, 2)-(35, 35)",b'using namespace Windows::Storage;'
src,../repos/Cinder/src/cinder/Surface.cpp,"(36, 2)-(36, 30)",b'using namespace Concurrency;'
src,../repos/Cinder/src/cinder/CaptureImplJni.cpp,"(26, 1)-(26, 29)",b'using namespace ci::android;'
src,../repos/Cinder/src/cinder/ImageFileTinyExr.cpp,"(29, 1)-(29, 21)",b'using namespace std;'
src,../repos/Cinder/src/cinder/ImageSourcePng.cpp,"(27, 1)-(27, 21)",b'using namespace std;'
src,../repos/Cinder/src/cinder/app/winrt/CinderFrameworkView.cpp,"(34, 1)-(34, 43)",b'using namespace Windows::ApplicationModel;'
src,../repos/Cinder/src/cinder/app/winrt/CinderFrameworkView.cpp,"(35, 1)-(35, 49)",b'using namespace Windows::ApplicationModel::Core;'
src,../repos/Cinder/src/cinder/app/winrt/CinderFrameworkView.cpp,"(36, 1)-(36, 55)",b'using namespace Windows::ApplicationModel::Ac...'
src,../repos/Cinder/src/cinder/app/winrt/CinderFrameworkView.cpp,"(37, 1)-(37, 35)",b'using namespace Windows::UI::Core;'
src,../repos/Cinder/src/cinder/app/winrt/CinderFrameworkView.cpp,"(38, 1)-(38, 37)",b'using namespace Windows::UI::Popups;'
src,../repos/Cinder/src/cinder/app/winrt/CinderFrameworkView.cpp,"(39, 1)-(39, 36)",b'using namespace Windows::UI::Input;'
src,../repos/Cinder/src/cinder/app/winrt/CinderFrameworkView.cpp,"(40, 1)-(40, 33)",b'using namespace Windows::System;'
src,../repos/Cinder/src/cinder/app/winrt/CinderFrameworkView.cpp,"(41, 1)-(41, 37)",b'using namespace Windows::Foundation;'
src,../repos/Cinder/src/cinder/app/winrt/CinderFrameworkView.cpp,"(42, 1)-(42, 44)",b'using namespace Windows::Graphics::Display;'
src,../repos/Cinder/src/cinder/app/winrt/AppWinRt.cpp,"(34, 1)-(34, 43)",b'using namespace Windows::ApplicationModel;'
src,../repos/Cinder/src/cinder/app/winrt/AppWinRt.cpp,"(35, 1)-(35, 49)",b'using namespace Windows::ApplicationModel::Core;'
src,../repos/Cinder/src/cinder/app/winrt/AppWinRt.cpp,"(36, 1)-(36, 55)",b'using namespace Windows::ApplicationModel::Ac...'
src,../repos/Cinder/src/cinder/app/winrt/AppWinRt.cpp,"(37, 1)-(37, 35)",b'using namespace Windows::UI::Core;'
src,../repos/Cinder/src/cinder/app/winrt/AppWinRt.cpp,"(38, 1)-(38, 37)",b'using namespace Windows::UI::Popups;'
src,../repos/Cinder/src/cinder/app/winrt/AppWinRt.cpp,"(39, 1)-(39, 36)",b'using namespace Windows::UI::Input;'
src,../repos/Cinder/src/cinder/app/winrt/AppWinRt.cpp,"(40, 1)-(40, 33)",b'using namespace Windows::System;'
src,../repos/Cinder/src/cinder/app/winrt/AppWinRt.cpp,"(41, 1)-(41, 37)",b'using namespace Windows::Foundation;'
src,../repos/Cinder/src/cinder/app/winrt/AppWinRt.cpp,"(42, 1)-(42, 44)",b'using namespace Windows::Graphics::Display;'
src,../repos/Cinder/src/cinder/app/winrt/AppWinRt.cpp,"(43, 1)-(43, 31)",b'using namespace cinder::winrt;'
src,../repos/Cinder/src/cinder/app/winrt/AppWinRt.cpp,"(44, 1)-(44, 21)",b'using namespace std;'
src,../repos/Cinder/src/cinder/app/winrt/PlatformWinRt.cpp,"(39, 1)-(39, 34)",b'using namespace Windows::Storage;'
src,../repos/Cinder/src/cinder/app/winrt/PlatformWinRt.cpp,"(40, 1)-(40, 43)",b'using namespace Windows::Storage::Pickers;'
src,../repos/Cinder/src/cinder/app/winrt/PlatformWinRt.cpp,"(41, 1)-(41, 43)",b'using namespace Windows::ApplicationModel;'
src,../repos/Cinder/src/cinder/app/winrt/PlatformWinRt.cpp,"(42, 1)-(42, 49)",b'using namespace Windows::ApplicationModel::Core;'
src,../repos/Cinder/src/cinder/app/winrt/PlatformWinRt.cpp,"(43, 1)-(43, 55)",b'using namespace Windows::ApplicationModel::Ac...'
src,../repos/Cinder/src/cinder/app/winrt/PlatformWinRt.cpp,"(44, 1)-(44, 35)",b'using namespace Windows::UI::Core;'
src,../repos/Cinder/src/cinder/app/winrt/PlatformWinRt.cpp,"(45, 1)-(45, 37)",b'using namespace Windows::UI::Popups;'
src,../repos/Cinder/src/cinder/app/winrt/PlatformWinRt.cpp,"(46, 1)-(46, 36)",b'using namespace Windows::UI::Input;'
src,../repos/Cinder/src/cinder/app/winrt/PlatformWinRt.cpp,"(47, 1)-(47, 33)",b'using namespace Windows::System;'
src,../repos/Cinder/src/cinder/app/winrt/PlatformWinRt.cpp,"(48, 1)-(48, 37)",b'using namespace Windows::Foundation;'
src,../repos/Cinder/src/cinder/app/winrt/PlatformWinRt.cpp,"(49, 1)-(49, 29)",b'using namespace concurrency;'
src,../repos/Cinder/src/cinder/app/winrt/PlatformWinRt.cpp,"(50, 1)-(50, 26)",b'using namespace Platform;'
src,../repos/Cinder/src/cinder/app/winrt/PlatformWinRt.cpp,"(51, 1)-(51, 39)",b'using namespace Platform::Collections;'
src,../repos/Cinder/src/cinder/app/winrt/PlatformWinRt.cpp,"(52, 1)-(52, 31)",b'using namespace cinder::winrt;'
src,../repos/Cinder/src/cinder/app/winrt/PlatformWinRt.cpp,"(53, 1)-(53, 21)",b'using namespace std;'
src,../repos/Cinder/src/cinder/app/winrt/WindowImplWinRt.cpp,"(31, 1)-(31, 43)",b'using namespace Windows::ApplicationModel;'
src,../repos/Cinder/src/cinder/app/winrt/WindowImplWinRt.cpp,"(32, 1)-(32, 49)",b'using namespace Windows::ApplicationModel::Core;'
src,../repos/Cinder/src/cinder/app/winrt/WindowImplWinRt.cpp,"(33, 1)-(33, 55)",b'using namespace Windows::ApplicationModel::Ac...'
src,../repos/Cinder/src/cinder/app/winrt/WindowImplWinRt.cpp,"(34, 1)-(34, 35)",b'using namespace Windows::UI::Core;'
src,../repos/Cinder/src/cinder/app/winrt/WindowImplWinRt.cpp,"(35, 1)-(35, 37)",b'using namespace Windows::UI::Popups;'
src,../repos/Cinder/src/cinder/app/winrt/WindowImplWinRt.cpp,"(36, 1)-(36, 36)",b'using namespace Windows::UI::Input;'
src,../repos/Cinder/src/cinder/app/winrt/WindowImplWinRt.cpp,"(37, 1)-(37, 33)",b'using namespace Windows::System;'
src,../repos/Cinder/src/cinder/app/winrt/WindowImplWinRt.cpp,"(38, 1)-(38, 37)",b'using namespace Windows::Foundation;'
src,../repos/Cinder/src/cinder/app/winrt/WindowImplWinRt.cpp,"(39, 1)-(39, 44)",b'using namespace Windows::Graphics::Display;'
src,../repos/Cinder/src/cinder/app/winrt/WindowImplWinRt.cpp,"(40, 1)-(40, 31)",b'using namespace cinder::winrt;'
src,../repos/Cinder/src/cinder/app/winrt/WindowImplWinRt.cpp,"(41, 1)-(41, 21)",b'using namespace std;'
src,../repos/Cinder/src/cinder/app/msw/AppMsw.cpp,"(30, 1)-(30, 21)",b'using namespace std;'
src,../repos/Cinder/src/cinder/app/msw/RendererImplDx.cpp,"(42, 1)-(42, 35)",b'using namespace Windows::UI::Core;'
src,../repos/Cinder/src/cinder/app/msw/RendererImplDx.cpp,"(43, 1)-(43, 37)",b'using namespace Windows::Foundation;'
src,../repos/Cinder/src/cinder/app/msw/RendererImplDx.cpp,"(44, 1)-(44, 44)",b'using namespace Windows::Graphics::Display;'
src,../repos/Cinder/src/cinder/app/msw/RendererImplDx.cpp,"(45, 1)-(45, 31)",b'using namespace cinder::winrt;'
src,../repos/Cinder/src/cinder/app/msw/PlatformMsw.cpp,"(40, 1)-(40, 21)",b'using namespace std;'
src,../repos/Cinder/src/cinder/app/msw/AppImplMswBasic.cpp,"(32, 1)-(32, 19)",b'using std::vector;'
src,../repos/Cinder/src/cinder/app/msw/AppImplMswBasic.cpp,"(33, 1)-(33, 19)",b'using std::string;'
src,../repos/Cinder/src/cinder/app/msw/AppImplMsw.cpp,"(46, 1)-(46, 19)",b'using std::string;'
src,../repos/Cinder/src/cinder/app/msw/AppImplMsw.cpp,"(47, 1)-(47, 20)",b'using std::wstring;'
src,../repos/Cinder/src/cinder/app/msw/AppImplMsw.cpp,"(48, 1)-(48, 19)",b'using std::vector;'
src,../repos/Cinder/src/cinder/app/msw/AppImplMsw.cpp,"(49, 1)-(49, 17)",b'using std::pair;'
src,../repos/Cinder/src/cinder/app/android/PlatformAndroid.cpp,"(37, 1)-(37, 33)",b'using namespace cinder::android;'
src,../repos/Cinder/src/cinder/app/android/AppAndroid.cpp,"(29, 1)-(29, 29)",b'using namespace ci::android;'
src,../repos/Cinder/src/cinder/app/android/EventManagerAndroid.cpp,"(32, 1)-(32, 29)",b'using namespace ci::android;'
src,../repos/Cinder/src/cinder/app/KeyEvent.cpp,"(33, 1)-(33, 16)",b'using std::map;'
src,../repos/Cinder/src/cinder/app/KeyEvent.cpp,"(342, 1)-(342, 33)",b'using namespace Windows::System;'
src,../repos/Cinder/src/cinder/app/AppBase.cpp,"(79, 1)-(79, 21)",b'using namespace std;'
src,../repos/Cinder/src/cinder/app/AppBase.cpp,"(84, 1)-(84, 29)",b'using namespace ci::android;'
src,../repos/Cinder/src/cinder/app/Platform.cpp,"(41, 1)-(41, 21)",b'using namespace std;'
src,../repos/Cinder/src/cinder/app/cocoa/PlatformCocoa.cpp,"(45, 1)-(45, 21)",b'using namespace std;'
src,../repos/Cinder/src/cinder/app/cocoa/AppMac.cpp,"(28, 1)-(28, 21)",b'using namespace std;'
src,../repos/Cinder/src/cinder/Sphere.cpp,"(26, 1)-(26, 19)",b'using std::vector;'
src,../repos/Cinder/src/cinder/Area.cpp,"(27, 1)-(27, 17)",b'using std::pair;'
src,../repos/Cinder/src/cinder/JsonTree.cpp,"(36, 1)-(36, 21)",b'using namespace std;'
src,../repos/Cinder/src/cinder/Rect.cpp,"(27, 1)-(27, 27)",b'using std::numeric_limits;'
src,../repos/Cinder/src/cinder/Tween.cpp,"(30, 1)-(30, 21)",b'using namespace std;'
src,../repos/Cinder/src/cinder/Signals.cpp,"(26, 1)-(26, 21)",b'using namespace std;'
src,../repos/Cinder/src/cinder/winrt/WinRTUtils.cpp,"(39, 1)-(39, 44)",b'using namespace Windows::Graphics::Display;'
src,../repos/Cinder/src/cinder/winrt/WinRTUtils.cpp,"(40, 1)-(40, 37)",b'using namespace Windows::UI::Popups;'
src,../repos/Cinder/src/cinder/winrt/WinRTUtils.cpp,"(41, 1)-(41, 26)",b'using namespace Platform;'
src,../repos/Cinder/src/cinder/winrt/WinRTUtils.cpp,"(42, 1)-(42, 45)",b'using namespace Windows::UI::ViewManagement;'
src,../repos/Cinder/src/cinder/winrt/WinRTUtils.cpp,"(43, 1)-(43, 34)",b'using namespace Windows::Storage;'
src,../repos/Cinder/src/cinder/winrt/WinRTUtils.cpp,"(44, 1)-(44, 29)",b'using namespace Concurrency;'
src,../repos/Cinder/src/cinder/winrt/WinRTUtils.cpp,"(46, 1)-(46, 21)",b'using namespace std;'
src,../repos/Cinder/src/cinder/winrt/WinRTUtils.cpp,"(47, 1)-(47, 26)",b'using namespace std::tr2;'
src,../repos/Cinder/src/cinder/winrt/FontEnumerator.cpp,"(31, 1)-(31, 33)",b'using namespace FontEnumeration;'
src,../repos/Cinder/src/cinder/winrt/FontEnumerator.cpp,"(32, 1)-(32, 26)",b'using namespace Platform;'
src,../repos/Cinder/src/cinder/winrt/FontEnumerator.cpp,"(33, 1)-(33, 32)",b'using namespace Microsoft::WRL;'
src,../repos/Cinder/src/cinder/Serial.cpp,"(46, 1)-(46, 21)",b'using namespace std;'
src,../repos/Cinder/src/cinder/Font.cpp,"(75, 1)-(75, 19)",b'using std::vector;'
src,../repos/Cinder/src/cinder/Font.cpp,"(76, 1)-(76, 19)",b'using std::string;'
src,../repos/Cinder/src/cinder/Font.cpp,"(77, 1)-(77, 20)",b'using std::wstring;'
src,../repos/Cinder/src/cinder/Font.cpp,"(78, 1)-(78, 17)",b'using std::pair;'
src,../repos/Cinder/src/cinder/Path2d.cpp,"(37, 1)-(37, 19)",b'using std::vector;'
src,../repos/Cinder/src/cinder/audio/Source.cpp,"(40, 1)-(40, 21)",b'using namespace std;'
src,../repos/Cinder/src/cinder/audio/GenNode.cpp,"(33, 1)-(33, 21)",b'using namespace std;'
src,../repos/Cinder/src/cinder/audio/Context.cpp,"(57, 1)-(57, 21)",b'using namespace std;'
src,../repos/Cinder/src/cinder/audio/OutputNode.cpp,"(31, 1)-(31, 21)",b'using namespace std;'
src,../repos/Cinder/src/cinder/audio/SampleRecorderNode.cpp,"(28, 1)-(28, 20)",b'using namespace ci;'
src,../repos/Cinder/src/cinder/audio/SampleRecorderNode.cpp,"(29, 1)-(29, 21)",b'using namespace std;'
src,../repos/Cinder/src/cinder/audio/Target.cpp,"(36, 1)-(36, 21)",b'using namespace std;'
src,../repos/Cinder/src/cinder/audio/PanNode.cpp,"(28, 1)-(28, 20)",b'using namespace ci;'
src,../repos/Cinder/src/cinder/audio/PanNode.cpp,"(29, 1)-(29, 21)",b'using namespace std;'
src,../repos/Cinder/src/cinder/audio/Param.cpp,"(30, 1)-(30, 21)",b'using namespace std;'
src,../repos/Cinder/src/cinder/audio/msw/FileMediaFoundation.cpp,"(47, 1)-(47, 21)",b'using namespace std;'
src,../repos/Cinder/src/cinder/audio/msw/FileMediaFoundation.cpp,"(48, 1)-(48, 20)",b'using namespace ci;'
src,../repos/Cinder/src/cinder/audio/msw/ContextWasapi.cpp,"(59, 1)-(59, 21)",b'using namespace std;'
src,../repos/Cinder/src/cinder/audio/msw/DeviceManagerWasapi.cpp,"(42, 1)-(42, 21)",b'using namespace std;'
src,../repos/Cinder/src/cinder/audio/linux/DeviceManagerPulseAudio.cpp,"(34, 1)-(34, 21)",b'using namespace std;'
src,../repos/Cinder/src/cinder/audio/FilterNode.cpp,"(26, 1)-(26, 21)",b'using namespace std;'
src,../repos/Cinder/src/cinder/audio/WaveTable.cpp,"(31, 1)-(31, 21)",b'using namespace std;'
src,../repos/Cinder/src/cinder/audio/android/DeviceManagerOpenSl.cpp,"(31, 1)-(31, 21)",b'using namespace std;'
src,../repos/Cinder/src/cinder/audio/android/DeviceManagerOpenSl.cpp,"(35, 1)-(35, 25)",b'using namespace android;'
src,../repos/Cinder/src/cinder/audio/android/ContextOpenSl.cpp,"(37, 1)-(37, 21)",b'using namespace std;'
src,../repos/Cinder/src/cinder/audio/SamplePlayerNode.cpp,"(28, 1)-(28, 20)",b'using namespace ci;'
src,../repos/Cinder/src/cinder/audio/SamplePlayerNode.cpp,"(29, 1)-(29, 21)",b'using namespace std;'
src,../repos/Cinder/src/cinder/audio/Utilities.cpp,"(27, 1)-(27, 21)",b'using namespace std;'
src,../repos/Cinder/src/cinder/audio/DelayNode.cpp,"(29, 1)-(29, 20)",b'using namespace ci;'
src,../repos/Cinder/src/cinder/audio/DelayNode.cpp,"(30, 1)-(30, 21)",b'using namespace std;'
src,../repos/Cinder/src/cinder/audio/InputNode.cpp,"(27, 1)-(27, 21)",b'using namespace std;'
src,../repos/Cinder/src/cinder/audio/ChannelRouterNode.cpp,"(31, 1)-(31, 21)",b'using namespace std;'
src,../repos/Cinder/src/cinder/audio/Node.cpp,"(35, 1)-(35, 21)",b'using namespace std;'
src,../repos/Cinder/src/cinder/audio/cocoa/ContextAudioUnit.cpp,"(36, 1)-(36, 21)",b'using namespace std;'
src,../repos/Cinder/src/cinder/audio/cocoa/CinderCoreAudio.cpp,"(27, 1)-(27, 21)",b'using namespace std;'
src,../repos/Cinder/src/cinder/audio/cocoa/FileCoreAudio.cpp,"(31, 1)-(31, 21)",b'using namespace std;'
src,../repos/Cinder/src/cinder/audio/cocoa/FileCoreAudio.cpp,"(32, 1)-(32, 20)",b'using namespace ci;'
src,../repos/Cinder/src/cinder/audio/cocoa/DeviceManagerCoreAudio.cpp,"(29, 1)-(29, 21)",b'using namespace std;'
src,../repos/Cinder/src/cinder/audio/cocoa/DeviceManagerCoreAudio.cpp,"(30, 1)-(30, 20)",b'using namespace ci;'
src,../repos/Cinder/src/cinder/audio/FileOggVorbis.cpp,"(32, 1)-(32, 21)",b'using namespace std;'
src,../repos/Cinder/src/cinder/audio/dsp/Dsp.cpp,"(32, 1)-(32, 20)",b'using namespace ci;'
src,../repos/Cinder/src/cinder/audio/dsp/ConverterR8brain.cpp,"(29, 1)-(29, 21)",b'using namespace std;'
src,../repos/Cinder/src/cinder/audio/dsp/Converter.cpp,"(35, 1)-(35, 20)",b'using namespace ci;'
src,../repos/Cinder/src/cinder/audio/dsp/Converter.cpp,"(36, 1)-(36, 21)",b'using namespace std;'
src,../repos/Cinder/src/cinder/audio/dsp/ooura/fftsg.cpp,"(287, 1)-(287, 16)",b'using ci::math;'
src,../repos/Cinder/src/cinder/audio/MonitorNode.cpp,"(29, 1)-(29, 21)",b'using namespace std;'
src,../repos/Cinder/src/cinder/audio/MonitorNode.cpp,"(30, 1)-(30, 20)",b'using namespace ci;'
src,../repos/Cinder/src/cinder/audio/Device.cpp,"(40, 1)-(40, 21)",b'using namespace std;'
src,../repos/Cinder/src/cinder/audio/Voice.cpp,"(31, 1)-(31, 21)",b'using namespace std;'
src,../repos/Cinder/src/cinder/audio/Voice.cpp,"(32, 1)-(32, 20)",b'using namespace ci;'
src,../repos/Cinder/src/cinder/android/app/CinderNativeActivity.cpp,"(32, 1)-(32, 33)",b'using namespace cinder::android;'
src,../repos/Cinder/src/cinder/android/hardware/Camera.cpp,"(27, 1)-(27, 34)",b'using namespace ci::android::app;'
src,../repos/Cinder/src/cinder/android/video/VideoPlayer.cpp,"(26, 1)-(26, 34)",b'using namespace ci::android::app;'
src,../repos/Cinder/src/cinder/Utilities.cpp,"(39, 1)-(39, 19)",b'using std::vector;'
src,../repos/Cinder/src/cinder/Utilities.cpp,"(40, 1)-(40, 19)",b'using std::string;'
src,../repos/Cinder/src/cinder/Utilities.cpp,"(41, 1)-(41, 20)",b'using std::wstring;'
src,../repos/Cinder/src/cinder/Channel.cpp,"(29, 1)-(29, 21)",b'using namespace std;'
src,../repos/Cinder/src/cinder/svg/Svg.cpp,"(35, 1)-(35, 21)",b'using namespace std;'
src,../repos/Cinder/src/cinder/ImageTargetFileQuartz.cpp,"(33, 1)-(33, 21)",b'using namespace std;'
src,../repos/Cinder/src/cinder/Shape2d.cpp,"(25, 1)-(25, 19)",b'using std::vector;'
src,../repos/Cinder/src/cinder/Text.cpp,"(68, 1)-(68, 21)",b'using namespace std;'
src,../repos/Cinder/src/cinder/Triangulate.cpp,"(27, 1)-(27, 21)",b'using namespace std;'
src,../repos/Cinder/src/cinder/Log.cpp,"(55, 1)-(55, 21)",b'using namespace std;'
src,../repos/Cinder/src/cinder/CinderMath.cpp,"(54, 1)-(54, 21)",b'using namespace glm;'
src,../repos/Cinder/src/cinder/gl/GlslProg.cpp,"(46, 1)-(46, 21)",b'using namespace std;'
src,../repos/Cinder/src/cinder/gl/Context.cpp,"(46, 1)-(46, 21)",b'using namespace std;'
src,../repos/Cinder/src/cinder/gl/Shader.cpp,"(28, 1)-(28, 21)",b'using namespace std;'
src,../repos/Cinder/src/cinder/gl/ShaderPreprocessor.cpp,"(33, 1)-(33, 21)",b'using namespace std;'
src,../repos/Cinder/src/cinder/gl/Texture.cpp,"(92, 1)-(92, 21)",b'using namespace std;'
src,../repos/Cinder/src/cinder/gl/Vao.cpp,"(49, 1)-(49, 21)",b'using namespace std;'
src,../repos/Cinder/src/cinder/gl/VaoImplSoftware.cpp,"(30, 1)-(30, 21)",b'using namespace std;'
src,../repos/Cinder/src/cinder/gl/VboMesh.cpp,"(30, 1)-(30, 21)",b'using namespace std;'
src,../repos/Cinder/src/cinder/gl/draw.cpp,"(34, 1)-(34, 21)",b'using namespace std;'
src,../repos/Cinder/src/cinder/gl/scoped.cpp,"(31, 1)-(31, 21)",b'using namespace std;'
src,../repos/Cinder/src/cinder/gl/TextureFont.cpp,"(53, 1)-(53, 26)",b'using std::unordered_map;'
src,../repos/Cinder/src/cinder/gl/TextureFont.cpp,"(55, 1)-(55, 21)",b'using namespace std;'
src,../repos/Cinder/src/cinder/gl/Fbo.cpp,"(45, 1)-(45, 21)",b'using namespace std;'
src,../repos/Cinder/src/cinder/gl/Environment.cpp,"(60, 1)-(60, 21)",b'using namespace std;'
src,../repos/Cinder/src/cinder/gl/wrapper.cpp,"(41, 1)-(41, 21)",b'using namespace std;'
src,../repos/Cinder/src/cinder/ImageTargetFileWic.cpp,"(37, 1)-(37, 21)",b'using namespace std;'
src,../repos/Cinder/src/cinder/Timeline.cpp,"(30, 1)-(30, 21)",b'using namespace std;'
src,../repos/Cinder/src/cinder/qtime/QuickTimeImplLegacy.cpp,"(72, 1)-(72, 19)",b'using std::string;'
src,../repos/Cinder/src/cinder/qtime/QuickTimeUtils.cpp,"(51, 1)-(51, 21)",b'using namespace std;'
src,../repos/Cinder/src/cinder/Stream.cpp,"(35, 1)-(35, 19)",b'using std::string;'
src,../repos/Cinder/src/cinder/Stream.cpp,"(36, 1)-(36, 19)",b'using std::memcpy;'
src,../repos/Cinder/src/cinder/Unicode.cpp,"(57, 1)-(57, 21)",b'using namespace std;'
src,../repos/Cinder/src/cinder/System.cpp,"(56, 2)-(56, 42)",b'using namespace Windows::Devices::Input;'
src,../repos/Cinder/src/cinder/System.cpp,"(57, 2)-(57, 51)",b'using namespace Windows::Foundation::Collections;'
src,../repos/Cinder/src/cinder/System.cpp,"(58, 2)-(58, 44)",b'using namespace Windows::ApplicationModel;'
src,../repos/Cinder/src/cinder/System.cpp,"(59, 2)-(59, 38)",b'using namespace Windows::Networking;'
src,../repos/Cinder/src/cinder/System.cpp,"(60, 2)-(60, 52)",b'using namespace Windows::Networking::Connectivity;'
src,../repos/Cinder/src/cinder/System.cpp,"(61, 2)-(61, 32)",b'using namespace cinder::winrt;'
src,../repos/Cinder/src/cinder/System.cpp,"(73, 1)-(73, 21)",b'using namespace std;'
src,../repos/Cinder/src/cinder/Xml.cpp,"(35, 1)-(35, 21)",b'using namespace std;'
src,../repos/Cinder/src/cinder/FileWatcher.cpp,"(33, 1)-(33, 20)",b'using namespace ci;'
src,../repos/Cinder/src/cinder/FileWatcher.cpp,"(34, 1)-(34, 21)",b'using namespace std;'
src,../repos/Cinder/src/cinder/Display.cpp,"(27, 1)-(27, 21)",b'using namespace std;'
src,../repos/Cinder/src/cinder/ObjLoader.cpp,"(29, 1)-(29, 21)",b'using namespace std;'
src,../repos/Cinder/src/cinder/CaptureImplDirectShow.cpp,"(25, 1)-(25, 21)",b'using namespace std;'
src,../repos/Cinder/src/cinder/Capture.cpp,"(40, 1)-(40, 21)",b'using namespace std;'
src,../repos/Cinder/src/cinder/ip/Flip.cpp,"(25, 1)-(25, 21)",b'using namespace std;'
src,../repos/Cinder/src/cinder/ip/Blend.cpp,"(27, 1)-(27, 21)",b'using namespace std;'
src,../repos/Cinder/src/cinder/ip/Resize.cpp,"(31, 1)-(31, 19)",b'using std::vector;'
src,../repos/Cinder/src/cinder/ip/Resize.cpp,"(32, 1)-(32, 17)",b'using std::pair;'
src,../repos/Cinder/src/cinder/ip/Resize.cpp,"(33, 1)-(33, 23)",b'using std::unique_ptr;'
src,../repos/Cinder/src/cinder/params/Params.cpp,"(35, 1)-(35, 21)",b'using namespace std;'
src,../repos/Cinder/src/cinder/TriMesh.cpp,"(33, 1)-(33, 21)",b'using namespace std;'
src,../repos/Cinder/src/cinder/ImageIo.cpp,"(38, 2)-(38, 35)",b'using namespace Windows::Storage;'
src,../repos/Cinder/src/cinder/ImageIo.cpp,"(39, 2)-(39, 30)",b'using namespace Concurrency;'
src,../repos/Cinder/src/cinder/ImageIo.cpp,"(44, 1)-(44, 21)",b'using namespace std;'
