Repo name,File name,Location,Content
src,../repos/Cinder/src/r8brain/CDSPFIRFilter.h,"(56, 2)-(56, 34)",b'friend class CDSPFIRFilterCache;'
src,../repos/Cinder/src/r8brain/CDSPFIRFilter.h,"(493, 2)-(493, 29)",b'friend class CDSPFIRFilter;'
src,../repos/Cinder/src/r8brain/CDSPRealFFT.h,"(50, 2)-(50, 33)",b'friend class CDSPRealFFTKeeper;'
src,../repos/Cinder/src/r8brain/fft4g.h,"(307, 1)-(307, 26)",b'friend class CDSPRealFFT;'
src,../repos/Cinder/src/AntTweakBar/TwBar.h,"(430, 5)-(430, 26)",b'friend struct CTwMgr;'
src,../repos/Cinder/src/cinder/Font.cpp,"(198, 2)-(198, 20)",b'friend class Font;'
src,../repos/Cinder/src/cinder/Font.cpp,"(199, 2)-(199, 23)",b'friend class FontObj;'
src,../repos/Cinder/src/cinder/Font.cpp,"(202, 2)-(202, 50)",b'friend void FontManager_destroyStaticInstance();'
src,../repos/Cinder/src/cinder/gl/VaoImplCore.cpp,"(55, 2)-(55, 23)",b'friend class Context;'
src,../repos/Cinder/src/cinder/gl/VaoImplEs.cpp,"(57, 2)-(57, 23)",b'friend class Context;'
src,../repos/Cinder/src/cinder/gl/VaoImplSoftware.cpp,"(55, 2)-(55, 23)",b'friend class Context;'
