Repo name,File name,Location,Content
src,../repos/Cinder/src/r8brain/CDSPFracInterpolator.h,"(54, 1)-(187, 3)","b'template< int FilterLen, int FilterFracs, int...'"
src,../repos/Cinder/src/r8brain/CDSPFracInterpolator.h,"(219, 1)-(509, 3)","b'template< int FilterLen, int FilterFracs, int...'"
src,../repos/Cinder/src/r8brain/CDSPFracInterpolator.h,"(514, 1)-(516, 75)","b'template< int FilterLen, int FilterFracs, int...'"
src,../repos/Cinder/src/r8brain/CDSPSincFilterGen.h,"(299, 2)-(338, 3)",b'template< class T >\n\tvoid generateWindow( T* ...'
src,../repos/Cinder/src/r8brain/CDSPSincFilterGen.h,"(348, 2)-(390, 3)",b'template< class T >\n\tvoid generateBand( T* op...'
src,../repos/Cinder/src/r8brain/CDSPSincFilterGen.h,"(399, 2)-(440, 3)",b'template< class T >\n\tvoid generateHilbert( T*...'
src,../repos/Cinder/src/r8brain/CDSPSincFilterGen.h,"(450, 2)-(536, 3)",b'template< class T >\n\tvoid generateFrac( T* op...'
src,../repos/Cinder/src/r8brain/r8bbase.h,"(379, 1)-(461, 3)",b'template< class T >\nclass CFixedBuffer : publ...'
src,../repos/Cinder/src/r8brain/r8bbase.h,"(474, 1)-(560, 3)",b'template< class T >\nclass CPtrKeeper\n{\n\tR8BNO...'
src,../repos/Cinder/src/r8brain/r8bbase.h,"(491, 2)-(495, 3)",b'template< class T2 >\n\tCPtrKeeper( T2 const aO...'
src,../repos/Cinder/src/r8brain/r8bbase.h,"(509, 2)-(514, 3)",b'template< class T2 >\n\tvoid operator = ( T2 co...'
src,../repos/Cinder/src/r8brain/r8bbase.h,"(1044, 1)-(1048, 2)",b'template< class T >\ninline T min( const T& v1...'
src,../repos/Cinder/src/r8brain/r8bbase.h,"(1060, 1)-(1064, 2)",b'template< class T >\ninline T max( const T& v1...'
src,../repos/Cinder/src/r8brain/CDSPResampler.h,"(49, 1)-(439, 3)",b'template< class CInterpClass =\n\tCDSPFracInter...'
src,../repos/Cinder/src/imgui/imgui_widgets.cpp,"(1909, 1)-(1915, 2)",b'template<typename T>\nstatic bool ClampBehavio...'
src,../repos/Cinder/src/imgui/imgui_widgets.cpp,"(1945, 1)-(1956, 2)",b'template<typename TYPE>\nstatic const char* Im...'
src,../repos/Cinder/src/imgui/imgui_widgets.cpp,"(1958, 1)-(1974, 2)","b'template<typename TYPE, typename SIGNEDTYPE>\n...'"
src,../repos/Cinder/src/imgui/imgui_widgets.cpp,"(1996, 1)-(2102, 2)","b'template<typename TYPE, typename SIGNEDTYPE, ...'"
src,../repos/Cinder/src/imgui/imgui_widgets.cpp,"(2359, 1)-(2383, 2)","b'template<typename TYPE, typename FLOATTYPE>\nf...'"
src,../repos/Cinder/src/imgui/imgui_widgets.cpp,"(2386, 1)-(2554, 2)","b'template<typename TYPE, typename SIGNEDTYPE, ...'"
src,../repos/Cinder/src/AntTweakBar/TwBar.h,"(67, 5)-(74, 7)",b'template <typename _T>  struct TVal\n    {\n   ...'
src,../repos/Cinder/src/AntTweakBar/TwColors.h,"(32, 1)-(38, 2)",b'template <typename _T> inline const _T& TClam...'
src,../repos/Cinder/src/jsoncpp/jsoncpp.cpp,"(1126, 1)-(1213, 3)","b'template <typename AllocatedType, const unsig...'"
src,../repos/Cinder/src/jsoncpp/jsoncpp.cpp,"(1548, 1)-(1551, 2)","b'template <typename T, typename U>\nstatic inli...'"
src,../repos/Cinder/src/jsoncpp/jsoncpp.cpp,"(1557, 1)-(1559, 2)",b'template <typename T> static inline double in...'
src,../repos/Cinder/src/jsoncpp/jsoncpp.cpp,"(1561, 1)-(1564, 2)","b'template <typename T, typename U>\nstatic inli...'"
src,../repos/Cinder/src/cinder/BSplineFit.cpp,"(44, 1)-(72, 3)",b'template<typename T>\nclass BSplineFitBasis {\n...'
src,../repos/Cinder/src/cinder/BSplineFit.cpp,"(74, 1)-(119, 3)",b'template<typename T>\nclass BSplineFit {\n publ...'
src,../repos/Cinder/src/cinder/BSplineFit.cpp,"(128, 1)-(137, 2)",b'template<typename T>\nBSplineFitBasis<T>::BSpl...'
src,../repos/Cinder/src/cinder/BSplineFit.cpp,"(139, 1)-(144, 2)",b'template<typename T>\nBSplineFitBasis<T>::~BSp...'
src,../repos/Cinder/src/cinder/BSplineFit.cpp,"(146, 1)-(150, 2)",b'template<typename T>\nint BSplineFitBasis<T>::...'
src,../repos/Cinder/src/cinder/BSplineFit.cpp,"(152, 1)-(156, 2)",b'template<typename T>\nint BSplineFitBasis<T>::...'
src,../repos/Cinder/src/cinder/BSplineFit.cpp,"(158, 1)-(233, 2)",b'template<typename T>\nvoid BSplineFitBasis<T>:...'
src,../repos/Cinder/src/cinder/BSplineFit.cpp,"(235, 1)-(240, 2)",b'template<typename T>\nT BSplineFitBasis<T>::ge...'
src,../repos/Cinder/src/cinder/BSplineFit.cpp,"(244, 1)-(381, 2)",b'template<typename T>\nBSplineFit<T>::BSplineFi...'
src,../repos/Cinder/src/cinder/BSplineFit.cpp,"(383, 1)-(387, 2)",b'template<typename T>\nBSplineFit<T>::~BSplineF...'
src,../repos/Cinder/src/cinder/BSplineFit.cpp,"(389, 1)-(393, 2)",b'template<typename T>\nint BSplineFit<T>::getDi...'
src,../repos/Cinder/src/cinder/BSplineFit.cpp,"(395, 1)-(399, 2)",b'template<typename T>\nint BSplineFit<T>::getSa...'
src,../repos/Cinder/src/cinder/BSplineFit.cpp,"(401, 1)-(405, 2)",b'template<typename T>\nconst T* BSplineFit<T>::...'
src,../repos/Cinder/src/cinder/BSplineFit.cpp,"(407, 1)-(411, 2)",b'template<typename T>\nint BSplineFit<T>::getDe...'
src,../repos/Cinder/src/cinder/BSplineFit.cpp,"(413, 1)-(417, 2)",b'template<typename T>\nint BSplineFit<T>::getCo...'
src,../repos/Cinder/src/cinder/BSplineFit.cpp,"(419, 1)-(423, 2)",b'template<typename T>\nconst T* BSplineFit<T>::...'
src,../repos/Cinder/src/cinder/BSplineFit.cpp,"(425, 1)-(429, 2)",b'template<typename T>\nconst BSplineFitBasis<T>...'
src,../repos/Cinder/src/cinder/BSplineFit.cpp,"(431, 1)-(455, 2)",b'template<typename T>\nvoid BSplineFit<T>::getP...'
src,../repos/Cinder/src/cinder/BSplineFit.cpp,"(457, 1)-(511, 2)",b'template<typename T>\nbool BSplineFit<T>::chol...'
src,../repos/Cinder/src/cinder/BSplineFit.cpp,"(513, 1)-(548, 2)",b'template<typename T>\nbool BSplineFit<T>::solv...'
src,../repos/Cinder/src/cinder/BSplineFit.cpp,"(550, 1)-(584, 2)",b'template<typename T>\nbool BSplineFit<T>::solv...'
src,../repos/Cinder/src/cinder/BSplineFit.cpp,"(586, 1)-(603, 2)","b'template<int D, typename T>\nBSpline<D, T> fit...'"
src,../repos/Cinder/src/cinder/GeomIo.cpp,"(151, 1)-(171, 2)","b'template<uint8_t SRCDIM, uint8_t DSTDIM>\nvoid...'"
src,../repos/Cinder/src/cinder/GeomIo.cpp,"(173, 1)-(195, 2)","b'template<uint8_t SRCDIM, uint8_t DSTDIM>\nvoid...'"
src,../repos/Cinder/src/cinder/GeomIo.cpp,"(324, 1)-(332, 2)",b'template<typename T>\nbool indicesInRange( con...'
src,../repos/Cinder/src/cinder/GeomIo.cpp,"(334, 1)-(338, 2)",b'template<>\nbool indicesInRange<uint32_t>( con...'
src,../repos/Cinder/src/cinder/GeomIo.cpp,"(340, 1)-(391, 2)",b'template<typename T>\nvoid copyIndexDataForceT...'
src,../repos/Cinder/src/cinder/GeomIo.cpp,"(396, 1)-(453, 2)",b'template<typename TEXTYPE>\nvoid calculateTang...'
src,../repos/Cinder/src/cinder/GeomIo.cpp,"(3101, 1)-(3108, 2)","b'template<typename I, typename IFD, typename O...'"
src,../repos/Cinder/src/cinder/GeomIo.cpp,"(3110, 1)-(3117, 2)",b'template<typename O>\nvoid processColorAttrib2...'
src,../repos/Cinder/src/cinder/GeomIo.cpp,"(3219, 1)-(3226, 2)","b'template<typename S, typename D>\nuint8_t Attr...'"
src,../repos/Cinder/src/cinder/GeomIo.cpp,"(3228, 1)-(3234, 2)","b'template<typename S, typename D>\nAttribSet At...'"
src,../repos/Cinder/src/cinder/GeomIo.cpp,"(3237, 1)-(3245, 2)","b'template<typename S, typename D>\nvoid process...'"
src,../repos/Cinder/src/cinder/GeomIo.cpp,"(3248, 1)-(3278, 2)","b'template<typename S, typename D>\nvoid geom::A...'"
src,../repos/Cinder/src/cinder/GeomIo.cpp,"(3668, 1)-(3681, 2)","b'template<int D, typename T>\nBSpline::BSpline(...'"
src,../repos/Cinder/src/cinder/GeomIo.cpp,"(3683, 1)-(3694, 2)",b'template<typename T>\nvoid BSpline::init( cons...'
src,../repos/Cinder/src/cinder/GeomIo.cpp,"(3696, 1)-(3707, 2)",b'template<typename T>\nvoid BSpline::init( cons...'
src,../repos/Cinder/src/cinder/GeomIo.cpp,"(3709, 1)-(3720, 2)",b'template<typename T>\nvoid BSpline::init( cons...'
src,../repos/Cinder/src/cinder/Surface.cpp,"(47, 1)-(60, 3)",b'template<typename T>\nclass ImageTargetSurface...'
src,../repos/Cinder/src/cinder/Surface.cpp,"(64, 2)-(86, 3)",b'template<typename T>\n\tImageSourceSurface( con...'
src,../repos/Cinder/src/cinder/Surface.cpp,"(186, 1)-(194, 2)",b'template<typename T>\nvoid SurfaceT<T>::initCh...'
src,../repos/Cinder/src/cinder/Surface.cpp,"(196, 1)-(201, 2)",b'template<typename T>\nvoid SurfaceT<T>::setCha...'
src,../repos/Cinder/src/cinder/Surface.cpp,"(203, 1)-(207, 2)",b'template<typename T>\nSurfaceT<T>::SurfaceT()\n...'
src,../repos/Cinder/src/cinder/Surface.cpp,"(209, 1)-(217, 2)",b'template<typename T>\nSurfaceT<T>::SurfaceT( c...'
src,../repos/Cinder/src/cinder/Surface.cpp,"(219, 1)-(227, 2)",b'template<typename T>\nSurfaceT<T>::SurfaceT( S...'
src,../repos/Cinder/src/cinder/Surface.cpp,"(229, 1)-(240, 2)",b'template<typename T>\nSurfaceT<T>::SurfaceT( i...'
src,../repos/Cinder/src/cinder/Surface.cpp,"(242, 1)-(252, 2)",b'template<typename T>\nSurfaceT<T>::SurfaceT( i...'
src,../repos/Cinder/src/cinder/Surface.cpp,"(254, 1)-(260, 2)",b'template<typename T>\nSurfaceT<T>::SurfaceT( T...'
src,../repos/Cinder/src/cinder/Surface.cpp,"(262, 1)-(266, 2)",b'template<typename T>\nSurfaceT<T>::SurfaceT( I...'
src,../repos/Cinder/src/cinder/Surface.cpp,"(268, 1)-(272, 2)",b'template<typename T>\nSurfaceT<T>::SurfaceT( I...'
src,../repos/Cinder/src/cinder/Surface.cpp,"(275, 1)-(279, 2)",b'template<typename T>\nvoid SurfaceT<T>::loadIm...'
src,../repos/Cinder/src/cinder/Surface.cpp,"(281, 1)-(309, 2)",b'template<typename T>\nvoid SurfaceT<T>::loadIm...'
src,../repos/Cinder/src/cinder/Surface.cpp,"(312, 1)-(328, 2)",b'template<typename T>\nSurfaceT<T>& SurfaceT<T>...'
src,../repos/Cinder/src/cinder/Surface.cpp,"(330, 1)-(346, 2)",b'template<typename T>\nSurfaceT<T>& SurfaceT<T>...'
src,../repos/Cinder/src/cinder/Surface.cpp,"(348, 1)-(352, 2)",b'template<typename T>\nSurfaceT<T>::operator Im...'
src,../repos/Cinder/src/cinder/Surface.cpp,"(354, 1)-(358, 2)",b'template<typename T>\nSurfaceT<T>::operator Im...'
src,../repos/Cinder/src/cinder/Surface.cpp,"(360, 1)-(368, 2)",b'template<typename T>\nSurfaceT<T> SurfaceT<T>:...'
src,../repos/Cinder/src/cinder/Surface.cpp,"(370, 1)-(378, 2)",b'template<typename T>\nSurfaceT<T> SurfaceT<T>:...'
src,../repos/Cinder/src/cinder/Surface.cpp,"(380, 1)-(401, 2)",b'template<typename T>\nvoid SurfaceT<T>::init( ...'
src,../repos/Cinder/src/cinder/Surface.cpp,"(403, 1)-(416, 2)",b'template<typename T>\nvoid SurfaceT<T>::copyFr...'
src,../repos/Cinder/src/cinder/Surface.cpp,"(418, 1)-(430, 2)",b'template<typename T>\nvoid SurfaceT<T>::copyRa...'
src,../repos/Cinder/src/cinder/Surface.cpp,"(432, 1)-(460, 2)",b'template<typename T>\nvoid SurfaceT<T>::copyRa...'
src,../repos/Cinder/src/cinder/Surface.cpp,"(462, 1)-(491, 2)",b'template<typename T>\nvoid SurfaceT<T>::copyRa...'
src,../repos/Cinder/src/cinder/Surface.cpp,"(493, 1)-(520, 2)",b'template<typename T>\nvoid SurfaceT<T>::copyRa...'
src,../repos/Cinder/src/cinder/Surface.cpp,"(522, 1)-(547, 2)",b'template<typename T>\nColorT<T> SurfaceT<T>::a...'
src,../repos/Cinder/src/cinder/Surface.cpp,"(551, 1)-(602, 2)",b'template<typename T>\nImageTargetSurface<T>::I...'
src,../repos/Cinder/src/cinder/Surface.cpp,"(604, 1)-(608, 2)",b'template<typename T>\nbool ImageTargetSurface<...'
src,../repos/Cinder/src/cinder/Surface.cpp,"(610, 1)-(614, 2)",b'template<typename T>\nvoid* ImageTargetSurface...'
src,../repos/Cinder/src/cinder/Matrix.cpp,"(38, 1)-(66, 2)","b'template<typename T>\nglm::tmat4x4<T,glm::defa...'"
src,../repos/Cinder/src/cinder/Matrix.cpp,"(73, 1)-(109, 2)","b'template<typename T>\nglm::tmat4x4<T,glm::defa...'"
src,../repos/Cinder/src/cinder/Matrix.cpp,"(116, 1)-(124, 2)","b'template<typename T>\nglm::tmat4x4<T,glm::defa...'"
src,../repos/Cinder/src/cinder/Area.cpp,"(201, 1)-(215, 2)",b'template<typename Vec2T>\nfloat calcDistanceSq...'
src,../repos/Cinder/src/cinder/Area.cpp,"(217, 1)-(225, 2)",b'template<typename Vec2T>\nfloat calcDistance( ...'
src,../repos/Cinder/src/cinder/Area.cpp,"(227, 1)-(242, 2)",b'template<typename Vec2T>\nVec2T calcClosestPoi...'
src,../repos/Cinder/src/cinder/Plane.cpp,"(30, 1)-(34, 2)",b'template<typename T>\nPlaneT<T>::PlaneT( const...'
src,../repos/Cinder/src/cinder/Plane.cpp,"(36, 1)-(40, 2)",b'template<typename T>\nPlaneT<T>::PlaneT( const...'
src,../repos/Cinder/src/cinder/Plane.cpp,"(42, 1)-(46, 2)","b'template<typename T>\nPlaneT<T>::PlaneT( T a, ...'"
src,../repos/Cinder/src/cinder/Plane.cpp,"(48, 1)-(60, 2)",b'template<typename T>\nvoid PlaneT<T>::set( con...'
src,../repos/Cinder/src/cinder/Plane.cpp,"(62, 1)-(71, 2)",b'template<typename T>\nvoid PlaneT<T>::set( con...'
src,../repos/Cinder/src/cinder/Plane.cpp,"(73, 1)-(86, 2)",b'template<typename T>\nvoid PlaneT<T>::set( T a...'
src,../repos/Cinder/src/cinder/Rect.cpp,"(31, 1)-(35, 2)",b'template<typename T>\nRectT<T>::RectT( const A...'
src,../repos/Cinder/src/cinder/Rect.cpp,"(37, 1)-(46, 2)",b'template<typename T>\nRectT<T>::RectT( const s...'
src,../repos/Cinder/src/cinder/Rect.cpp,"(48, 1)-(55, 2)",b'template<typename T>\nvoid RectT<T>::set( T aX...'
src,../repos/Cinder/src/cinder/Rect.cpp,"(57, 1)-(71, 2)",b'template<typename T>\nvoid RectT<T>::canonical...'
src,../repos/Cinder/src/cinder/Rect.cpp,"(73, 1)-(79, 2)",b'template<typename T>\nRectT<T> RectT<T>::canon...'
src,../repos/Cinder/src/cinder/Rect.cpp,"(81, 1)-(101, 2)",b'template<typename T>\nvoid RectT<T>::clipBy( c...'
src,../repos/Cinder/src/cinder/Rect.cpp,"(103, 1)-(109, 2)",b'template<typename T>\nRectT<T> RectT<T>::getCl...'
src,../repos/Cinder/src/cinder/Rect.cpp,"(111, 1)-(118, 2)",b'template<typename T>\nvoid RectT<T>::offset( c...'
src,../repos/Cinder/src/cinder/Rect.cpp,"(120, 1)-(124, 2)",b'template<typename T>\nRectT<T> RectT<T>::getOf...'
src,../repos/Cinder/src/cinder/Rect.cpp,"(126, 1)-(130, 2)",b'template<typename T>\nvoid RectT<T>::moveULTo(...'
src,../repos/Cinder/src/cinder/Rect.cpp,"(132, 1)-(138, 2)",b'template<typename T>\nRectT<T> RectT<T>::getMo...'
src,../repos/Cinder/src/cinder/Rect.cpp,"(140, 1)-(147, 2)",b'template<typename T>\nvoid RectT<T>::inflate( ...'
src,../repos/Cinder/src/cinder/Rect.cpp,"(149, 1)-(155, 2)",b'template<typename T>\nRectT<T> RectT<T>::infla...'
src,../repos/Cinder/src/cinder/Rect.cpp,"(157, 1)-(167, 2)",b'template<typename T>\nvoid RectT<T>::scaleCent...'
src,../repos/Cinder/src/cinder/Rect.cpp,"(169, 1)-(179, 2)",b'template<typename T>\nvoid RectT<T>::scaleCent...'
src,../repos/Cinder/src/cinder/Rect.cpp,"(181, 1)-(188, 2)",b'template<typename T>\nRectT<T> RectT<T>::scale...'
src,../repos/Cinder/src/cinder/Rect.cpp,"(190, 1)-(197, 2)",b'template<typename T>\nRectT<T> RectT<T>::scale...'
src,../repos/Cinder/src/cinder/Rect.cpp,"(199, 1)-(206, 2)",b'template<typename T>\nvoid RectT<T>::scale( T ...'
src,../repos/Cinder/src/cinder/Rect.cpp,"(208, 1)-(215, 2)",b'template<typename T>\nvoid RectT<T>::scale( co...'
src,../repos/Cinder/src/cinder/Rect.cpp,"(217, 1)-(221, 2)",b'template<typename T>\nRectT<T> RectT<T>::scale...'
src,../repos/Cinder/src/cinder/Rect.cpp,"(223, 1)-(227, 2)",b'template<typename T>\nRectT<T> RectT<T>::scale...'
src,../repos/Cinder/src/cinder/Rect.cpp,"(229, 1)-(242, 2)",b'template<typename T>\nRectT<T> RectT<T>::trans...'
src,../repos/Cinder/src/cinder/Rect.cpp,"(244, 1)-(260, 2)",b'template<typename T>\nvoid RectT<T>::transform...'
src,../repos/Cinder/src/cinder/Rect.cpp,"(262, 1)-(269, 2)",b'template<typename T>\nbool RectT<T>::intersect...'
src,../repos/Cinder/src/cinder/Rect.cpp,"(271, 1)-(284, 2)",b'template<typename T>\nT RectT<T>::distance( co...'
src,../repos/Cinder/src/cinder/Rect.cpp,"(286, 1)-(296, 2)",b'template<typename T>\nT RectT<T>::distanceSqua...'
src,../repos/Cinder/src/cinder/Rect.cpp,"(298, 1)-(307, 2)",b'template<typename T>\ntypename RectT<T>::Vec2T...'
src,../repos/Cinder/src/cinder/Rect.cpp,"(309, 1)-(316, 2)",b'template<typename T>\nvoid RectT<T>::include( ...'
src,../repos/Cinder/src/cinder/Rect.cpp,"(318, 1)-(323, 2)",b'template<typename T>\nvoid RectT<T>::include( ...'
src,../repos/Cinder/src/cinder/Rect.cpp,"(325, 1)-(330, 2)",b'template<typename T>\nvoid RectT<T>::include( ...'
src,../repos/Cinder/src/cinder/Rect.cpp,"(332, 1)-(339, 2)",b'template<typename T>\nArea RectT<T>::getInteri...'
src,../repos/Cinder/src/cinder/Rect.cpp,"(341, 1)-(361, 2)",b'template<typename T>\nRectT<T> RectT<T>::getCe...'
src,../repos/Cinder/src/cinder/Rect.cpp,"(363, 1)-(383, 2)",b'template<typename T>\nRectT<T> RectT<T>::getCe...'
src,../repos/Cinder/src/cinder/Rect.cpp,"(447, 1)-(451, 2)",b'template<typename T>\nstd::ostream& operator<<...'
src,../repos/Cinder/src/cinder/Path2d.cpp,"(1137, 1)-(1147, 2)",b'template<size_t N>\nvoid findMinMaxX( const ve...'
src,../repos/Cinder/src/cinder/audio/linux/DeviceManagerPulseAudio.cpp,"(71, 1)-(87, 2)",b'template <typename PulseInfoT>\nDeviceInfo cre...'
src,../repos/Cinder/src/cinder/audio/cocoa/CinderCoreAudio.cpp,"(35, 1)-(43, 2)",b'template <typename PropT>\nPropT getAudioConve...'
src,../repos/Cinder/src/cinder/audio/cocoa/DeviceManagerCoreAudio.cpp,"(96, 1)-(102, 2)",b'template<typename PropT>\nvoid setAudioObjectP...'
src,../repos/Cinder/src/cinder/audio/cocoa/DeviceManagerCoreAudio.cpp,"(104, 1)-(114, 2)",b'template<typename PropT>\nPropT getAudioObject...'
src,../repos/Cinder/src/cinder/audio/cocoa/DeviceManagerCoreAudio.cpp,"(116, 1)-(126, 2)",b'template<typename PropT>\nvector<PropT> getAud...'
src,../repos/Cinder/src/cinder/audio/dsp/ooura/fftsg.cpp,"(291, 1)-(291, 72)","b'template <typename T> void cftfsub(int n, T *...'"
src,../repos/Cinder/src/cinder/audio/dsp/ooura/fftsg.cpp,"(292, 1)-(292, 58)","b'template <typename T> void makewt(int nw, int...'"
src,../repos/Cinder/src/cinder/audio/dsp/ooura/fftsg.cpp,"(293, 1)-(293, 72)","b'template <typename T> void cftfsub(int n, T *...'"
src,../repos/Cinder/src/cinder/audio/dsp/ooura/fftsg.cpp,"(294, 1)-(294, 72)","b'template <typename T> void cftbsub(int n, T *...'"
src,../repos/Cinder/src/cinder/audio/dsp/ooura/fftsg.cpp,"(295, 1)-(295, 63)","b'template <typename T> void rftfsub(int n, T *...'"
src,../repos/Cinder/src/cinder/audio/dsp/ooura/fftsg.cpp,"(296, 1)-(296, 63)","b'template <typename T> void rftbsub(int n, T *...'"
src,../repos/Cinder/src/cinder/audio/dsp/ooura/fftsg.cpp,"(297, 1)-(297, 62)","b'template <typename T> void dctsub(int n, T *a...'"
src,../repos/Cinder/src/cinder/audio/dsp/ooura/fftsg.cpp,"(298, 1)-(298, 62)","b'template <typename T> void dstsub(int n, T *a...'"
src,../repos/Cinder/src/cinder/audio/dsp/ooura/fftsg.cpp,"(299, 1)-(299, 57)","b'template <typename T> void bitrv2(int n, int ...'"
src,../repos/Cinder/src/cinder/audio/dsp/ooura/fftsg.cpp,"(300, 1)-(300, 61)","b'template <typename T> void bitrv2conj(int n, ...'"
src,../repos/Cinder/src/cinder/audio/dsp/ooura/fftsg.cpp,"(301, 1)-(301, 43)",b'template <typename T> void bitrv216(T *a);'
src,../repos/Cinder/src/cinder/audio/dsp/ooura/fftsg.cpp,"(302, 1)-(302, 46)",b'template <typename T> void bitrv216neg(T *a);'
src,../repos/Cinder/src/cinder/audio/dsp/ooura/fftsg.cpp,"(303, 1)-(303, 43)",b'template <typename T> void bitrv208(T *a);'
src,../repos/Cinder/src/cinder/audio/dsp/ooura/fftsg.cpp,"(304, 1)-(304, 46)",b'template <typename T> void bitrv208neg(T *a);'
src,../repos/Cinder/src/cinder/audio/dsp/ooura/fftsg.cpp,"(305, 1)-(305, 55)","b'template <typename T> void cftb1st(int n, T *...'"
src,../repos/Cinder/src/cinder/audio/dsp/ooura/fftsg.cpp,"(306, 1)-(306, 55)","b'template <typename T> void cftf1st(int n, T *...'"
src,../repos/Cinder/src/cinder/audio/dsp/ooura/fftsg.cpp,"(307, 1)-(307, 63)","b'template <typename T> void cftrec4(int n, T *...'"
src,../repos/Cinder/src/cinder/audio/dsp/ooura/fftsg.cpp,"(308, 1)-(308, 77)","b'template <typename T> int  cfttree(int n, int...'"
src,../repos/Cinder/src/cinder/audio/dsp/ooura/fftsg.cpp,"(309, 1)-(309, 74)","b'template <typename T> void cftleaf(int n, int...'"
src,../repos/Cinder/src/cinder/audio/dsp/ooura/fftsg.cpp,"(310, 1)-(310, 55)","b'template <typename T> void cftmdl1(int n, T *...'"
src,../repos/Cinder/src/cinder/audio/dsp/ooura/fftsg.cpp,"(311, 1)-(311, 55)","b'template <typename T> void cftmdl2(int n, T *...'"
src,../repos/Cinder/src/cinder/audio/dsp/ooura/fftsg.cpp,"(312, 1)-(312, 48)","b'template <typename T> void cftf161(T *a, T *w);'"
src,../repos/Cinder/src/cinder/audio/dsp/ooura/fftsg.cpp,"(313, 1)-(313, 48)","b'template <typename T> void cftf162(T *a, T *w);'"
src,../repos/Cinder/src/cinder/audio/dsp/ooura/fftsg.cpp,"(314, 1)-(314, 48)","b'template <typename T> void cftf081(T *a, T *w);'"
src,../repos/Cinder/src/cinder/audio/dsp/ooura/fftsg.cpp,"(315, 1)-(315, 48)","b'template <typename T> void cftf082(T *a, T *w);'"
src,../repos/Cinder/src/cinder/audio/dsp/ooura/fftsg.cpp,"(316, 1)-(316, 42)",b'template <typename T> void cftb040(T *a);'
src,../repos/Cinder/src/cinder/audio/dsp/ooura/fftsg.cpp,"(317, 1)-(317, 42)",b'template <typename T> void cftx020(T *a);'
src,../repos/Cinder/src/cinder/audio/dsp/ooura/fftsg.cpp,"(318, 1)-(318, 42)",b'template <typename T> void cftf040(T *a);'
src,../repos/Cinder/src/cinder/audio/dsp/ooura/fftsg.cpp,"(319, 1)-(319, 63)","b'template <typename T> void cftfx41(int n, T *...'"
src,../repos/Cinder/src/cinder/audio/dsp/ooura/fftsg.cpp,"(321, 1)-(390, 2)","b'template <typename T> \nvoid makewt(int nw, in...'"
src,../repos/Cinder/src/cinder/audio/dsp/ooura/fftsg.cpp,"(413, 1)-(432, 2)","b'template <typename T> \nvoid makect(int nc, in...'"
src,../repos/Cinder/src/cinder/audio/dsp/ooura/fftsg.cpp,"(434, 1)-(453, 2)","b'template <typename T> \nvoid cdft(int n, int i...'"
src,../repos/Cinder/src/cinder/audio/dsp/ooura/fftsg.cpp,"(455, 1)-(502, 2)","b'template <typename T> \nvoid rdft(int n, int i...'"
src,../repos/Cinder/src/cinder/audio/dsp/ooura/fftsg.cpp,"(504, 1)-(563, 2)","b'template <typename T> \nvoid ddct(int n, int i...'"
src,../repos/Cinder/src/cinder/audio/dsp/ooura/fftsg.cpp,"(565, 1)-(624, 2)","b'template <typename T> \nvoid ddst(int n, int i...'"
src,../repos/Cinder/src/cinder/audio/dsp/ooura/fftsg.cpp,"(626, 1)-(728, 2)","b'template <typename T> \nvoid dfct(int n, T *a,...'"
src,../repos/Cinder/src/cinder/audio/dsp/ooura/fftsg.cpp,"(730, 1)-(821, 2)","b'template<typename T>\nvoid dfst(int n, T *a, T...'"
src,../repos/Cinder/src/cinder/audio/dsp/ooura/fftsg.cpp,"(824, 1)-(866, 2)","b'template<typename T>\nvoid cftfsub(int n, T *a...'"
src,../repos/Cinder/src/cinder/audio/dsp/ooura/fftsg.cpp,"(868, 1)-(909, 2)","b'template <typename T> \nvoid cftbsub(int n, T ...'"
src,../repos/Cinder/src/cinder/audio/dsp/ooura/fftsg.cpp,"(911, 1)-(1264, 2)","b'template <typename T>\nvoid bitrv2(int n, int ...'"
src,../repos/Cinder/src/cinder/audio/dsp/ooura/fftsg.cpp,"(1266, 1)-(1627, 2)","b'template <typename T> \nvoid bitrv2conj(int n,...'"
src,../repos/Cinder/src/cinder/audio/dsp/ooura/fftsg.cpp,"(1629, 1)-(1684, 2)",b'template <typename T> \nvoid bitrv216(T *a)\n{\n...'
src,../repos/Cinder/src/cinder/audio/dsp/ooura/fftsg.cpp,"(1686, 1)-(1754, 2)",b'template <typename T> \nvoid bitrv216neg(T *a)...'
src,../repos/Cinder/src/cinder/audio/dsp/ooura/fftsg.cpp,"(1756, 1)-(1777, 2)",b'template <typename T> \nvoid bitrv208(T *a)\n{\n...'
src,../repos/Cinder/src/cinder/audio/dsp/ooura/fftsg.cpp,"(1779, 1)-(1813, 2)",b'template <typename T> \nvoid bitrv208neg(T *a)...'
src,../repos/Cinder/src/cinder/audio/dsp/ooura/fftsg.cpp,"(1815, 1)-(2020, 2)","b'template <typename T> \nvoid cftf1st(int n, T ...'"
src,../repos/Cinder/src/cinder/audio/dsp/ooura/fftsg.cpp,"(2022, 1)-(2227, 2)","b'template <typename T> \nvoid cftb1st(int n, T ...'"
src,../repos/Cinder/src/cinder/audio/dsp/ooura/fftsg.cpp,"(2229, 1)-(2248, 2)","b'template <typename T> \nvoid cftrec4(int n, T ...'"
src,../repos/Cinder/src/cinder/audio/dsp/ooura/fftsg.cpp,"(2250, 1)-(2293, 2)","b'template <typename T> \nint cfttree(int n, int...'"
src,../repos/Cinder/src/cinder/audio/dsp/ooura/fftsg.cpp,"(2295, 1)-(2360, 2)","b'template <typename T> \nvoid cftleaf(int n, in...'"
src,../repos/Cinder/src/cinder/audio/dsp/ooura/fftsg.cpp,"(2362, 1)-(2471, 2)","b'template <typename T> \nvoid cftmdl1(int n, T ...'"
src,../repos/Cinder/src/cinder/audio/dsp/ooura/fftsg.cpp,"(2473, 1)-(2606, 2)","b'template <typename T> \nvoid cftmdl2(int n, T ...'"
src,../repos/Cinder/src/cinder/audio/dsp/ooura/fftsg.cpp,"(2608, 1)-(2625, 2)","b'template <typename T> \nvoid cftfx41(int n, T ...'"
src,../repos/Cinder/src/cinder/audio/dsp/ooura/fftsg.cpp,"(2627, 1)-(2784, 2)","b'template <typename T> \nvoid cftf161(T *a, T *...'"
src,../repos/Cinder/src/cinder/audio/dsp/ooura/fftsg.cpp,"(2786, 1)-(2967, 2)","b'template <typename T> \nvoid cftf162(T *a, T *...'"
src,../repos/Cinder/src/cinder/audio/dsp/ooura/fftsg.cpp,"(2969, 1)-(3029, 2)","b'template <typename T> \nvoid cftf081(T *a, T *...'"
src,../repos/Cinder/src/cinder/audio/dsp/ooura/fftsg.cpp,"(3031, 1)-(3101, 2)","b'template <typename T> \nvoid cftf082(T *a, T *...'"
src,../repos/Cinder/src/cinder/audio/dsp/ooura/fftsg.cpp,"(3103, 1)-(3124, 2)",b'template <typename T> \nvoid cftf040(T *a)\n{\n ...'
src,../repos/Cinder/src/cinder/audio/dsp/ooura/fftsg.cpp,"(3126, 1)-(3147, 2)",b'template <typename T> \nvoid cftb040(T *a)\n{\n ...'
src,../repos/Cinder/src/cinder/audio/dsp/ooura/fftsg.cpp,"(3149, 1)-(3160, 2)",b'template <typename T> \nvoid cftx020(T *a)\n{\n ...'
src,../repos/Cinder/src/cinder/audio/dsp/ooura/fftsg.cpp,"(3162, 1)-(3186, 2)","b'template <typename T> \nvoid rftfsub(int n, T ...'"
src,../repos/Cinder/src/cinder/audio/dsp/ooura/fftsg.cpp,"(3188, 1)-(3212, 2)","b'template <typename T> \nvoid rftbsub(int n, T ...'"
src,../repos/Cinder/src/cinder/audio/dsp/ooura/fftsg.cpp,"(3214, 1)-(3234, 2)","b'template <typename T> \nvoid dctsub(int n, T *...'"
src,../repos/Cinder/src/cinder/audio/dsp/ooura/fftsg.cpp,"(3236, 1)-(3256, 2)","b'template <typename T> \nvoid dstsub(int n, T *...'"
src,../repos/Cinder/src/cinder/Channel.cpp,"(33, 1)-(60, 3)",b'template<typename T>\nclass ImageTargetChannel...'
src,../repos/Cinder/src/cinder/Channel.cpp,"(64, 2)-(88, 3)",b'template<typename T>\n\tImageSourceChannel( con...'
src,../repos/Cinder/src/cinder/Channel.cpp,"(107, 1)-(111, 2)",b'template<typename T>\nChannelT<T>::ChannelT()\n...'
src,../repos/Cinder/src/cinder/Channel.cpp,"(113, 1)-(122, 2)",b'template<typename T>\nChannelT<T>::ChannelT( i...'
src,../repos/Cinder/src/cinder/Channel.cpp,"(124, 1)-(129, 2)",b'template<typename T>\nChannelT<T>::ChannelT( i...'
src,../repos/Cinder/src/cinder/Channel.cpp,"(131, 1)-(135, 2)",b'template<typename T>\nChannelT<T>::ChannelT( i...'
src,../repos/Cinder/src/cinder/Channel.cpp,"(137, 1)-(145, 2)",b'template<typename T>\nChannelT<T>::ChannelT( c...'
src,../repos/Cinder/src/cinder/Channel.cpp,"(147, 1)-(153, 2)",b'template<typename T>\nChannelT<T>::ChannelT( C...'
src,../repos/Cinder/src/cinder/Channel.cpp,"(155, 1)-(168, 2)",b'template<typename T>\nChannelT<T>::ChannelT( c...'
src,../repos/Cinder/src/cinder/Channel.cpp,"(170, 1)-(182, 2)",b'template<typename T>\nChannelT<T>& ChannelT<T>...'
src,../repos/Cinder/src/cinder/Channel.cpp,"(184, 1)-(198, 2)",b'template<typename T>\nChannelT<T>& ChannelT<T>...'
src,../repos/Cinder/src/cinder/Channel.cpp,"(200, 1)-(204, 2)",b'template<typename T>\nChannelT<T>::operator Im...'
src,../repos/Cinder/src/cinder/Channel.cpp,"(206, 1)-(214, 2)",b'template<typename T>\nChannelT<T> ChannelT<T>:...'
src,../repos/Cinder/src/cinder/Channel.cpp,"(216, 1)-(224, 2)",b'template<typename T>\nChannelT<T> ChannelT<T>:...'
src,../repos/Cinder/src/cinder/Channel.cpp,"(227, 1)-(247, 2)",b'template<typename T>\nvoid ChannelT<T>::copyFr...'
src,../repos/Cinder/src/cinder/Channel.cpp,"(249, 1)-(273, 2)",b'template<typename T>\nT ChannelT<T>::areaAvera...'
src,../repos/Cinder/src/cinder/CinderMath.cpp,"(61, 1)-(101, 2)","b'template<typename T>\nint solveCubic( T a, T b...'"
src,../repos/Cinder/src/cinder/CinderMath.cpp,"(325, 1)-(367, 2)",b'template<typename T>\nvoid convertToBezierForm...'
src,../repos/Cinder/src/cinder/CinderMath.cpp,"(370, 1)-(374, 2)",b'template <typename T> \nint sgn( T val )\n{\n\tre...'
src,../repos/Cinder/src/cinder/CinderMath.cpp,"(377, 1)-(391, 2)",b'template<typename T>\nint crossingCount( const...'
src,../repos/Cinder/src/cinder/CinderMath.cpp,"(394, 1)-(417, 2)",b'template<typename T>\nint controlPolygonFlatEn...'
src,../repos/Cinder/src/cinder/CinderMath.cpp,"(420, 1)-(425, 2)",b'template<typename T>\nT computeXIntercept( con...'
src,../repos/Cinder/src/cinder/CinderMath.cpp,"(429, 1)-(434, 2)","b'template<typename T>\nglm::tvec2<T, glm::defau...'"
src,../repos/Cinder/src/cinder/CinderMath.cpp,"(437, 1)-(466, 2)","b'template<typename T>\nglm::tvec2<T, glm::defau...'"
src,../repos/Cinder/src/cinder/CinderMath.cpp,"(469, 1)-(509, 2)",b'template<typename T>\nint findRoots( const glm...'
src,../repos/Cinder/src/cinder/CinderMath.cpp,"(513, 1)-(524, 2)","b'template<typename T>\nglm::tvec2<T, glm::defau...'"
src,../repos/Cinder/src/cinder/CinderMath.cpp,"(528, 1)-(557, 2)","b'template<typename T>\nglm::tvec2<T, glm::defau...'"
src,../repos/Cinder/src/cinder/CinderMath.cpp,"(561, 1)-(599, 2)","b'template<typename T>\nglm::tvec2<T, glm::defau...'"
src,../repos/Cinder/src/cinder/gl/GlslProg.cpp,"(1329, 1)-(1340, 2)","b'template<typename LookUp, typename T>\ninline ...'"
src,../repos/Cinder/src/cinder/gl/GlslProg.cpp,"(1342, 1)-(1353, 2)","b'template<typename LookUp, typename T>\ninline ...'"
src,../repos/Cinder/src/cinder/gl/GlslProg.cpp,"(1355, 1)-(1366, 2)","b'template<typename LookUp, typename T>\ninline ...'"
src,../repos/Cinder/src/cinder/gl/GlslProg.cpp,"(1368, 1)-(1379, 2)","b'template<typename LookUp, typename T>\ninline ...'"
src,../repos/Cinder/src/cinder/gl/GlslProg.cpp,"(1381, 1)-(1391, 2)",b'template<typename T>\ninline bool GlslProg::va...'
src,../repos/Cinder/src/cinder/gl/GlslProg.cpp,"(1393, 1)-(1403, 2)",b'template<typename T>\ninline bool GlslProg::va...'
src,../repos/Cinder/src/cinder/gl/GlslProg.cpp,"(1405, 1)-(1433, 2)",b'template<typename T>\nstring GlslProg::cppType...'
src,../repos/Cinder/src/cinder/gl/GlslProg.cpp,"(1435, 1)-(1502, 2)",b'template<typename T>\nbool GlslProg::checkUnif...'
src,../repos/Cinder/src/cinder/gl/GlslProg.cpp,"(1515, 1)-(1520, 2)",b'template<>\nvoid GlslProg::uniformFunc<bool>( ...'
src,../repos/Cinder/src/cinder/gl/GlslProg.cpp,"(1534, 1)-(1539, 2)",b'template<>\nvoid GlslProg::uniformFunc( int lo...'
src,../repos/Cinder/src/cinder/gl/GlslProg.cpp,"(1552, 1)-(1557, 2)",b'template<>\nvoid GlslProg::uniformFunc( int lo...'
src,../repos/Cinder/src/cinder/gl/GlslProg.cpp,"(1570, 1)-(1575, 2)",b'template<>\nvoid GlslProg::uniformFunc( int lo...'
src,../repos/Cinder/src/cinder/gl/GlslProg.cpp,"(1588, 1)-(1593, 2)",b'template<>\nvoid GlslProg::uniformFunc( int lo...'
src,../repos/Cinder/src/cinder/gl/GlslProg.cpp,"(1605, 1)-(1610, 2)",b'template<>\nvoid GlslProg::uniformFunc( int lo...'
src,../repos/Cinder/src/cinder/gl/GlslProg.cpp,"(1625, 1)-(1630, 2)",b'template<>\nvoid GlslProg::uniformFunc( int lo...'
src,../repos/Cinder/src/cinder/gl/GlslProg.cpp,"(1643, 1)-(1648, 2)",b'template<>\nvoid GlslProg::uniformFunc( int lo...'
src,../repos/Cinder/src/cinder/gl/GlslProg.cpp,"(1661, 1)-(1666, 2)",b'template<>\nvoid GlslProg::uniformFunc( int lo...'
src,../repos/Cinder/src/cinder/gl/GlslProg.cpp,"(1679, 1)-(1684, 2)",b'template<>\nvoid GlslProg::uniformFunc( int lo...'
src,../repos/Cinder/src/cinder/gl/GlslProg.cpp,"(1697, 1)-(1702, 2)",b'template<>\nvoid GlslProg::uniformFunc( int lo...'
src,../repos/Cinder/src/cinder/gl/GlslProg.cpp,"(1715, 1)-(1720, 2)",b'template<>\nvoid GlslProg::uniformFunc( int lo...'
src,../repos/Cinder/src/cinder/gl/GlslProg.cpp,"(1733, 1)-(1738, 2)",b'template<>\nvoid GlslProg::uniformFunc( int lo...'
src,../repos/Cinder/src/cinder/gl/GlslProg.cpp,"(1751, 1)-(1756, 2)",b'template<>\nvoid GlslProg::uniformFunc( int lo...'
src,../repos/Cinder/src/cinder/gl/GlslProg.cpp,"(1769, 1)-(1774, 2)",b'template<>\nvoid GlslProg::uniformFunc( int lo...'
src,../repos/Cinder/src/cinder/gl/GlslProg.cpp,"(1787, 1)-(1792, 2)",b'template<>\nvoid GlslProg::uniformFunc( int lo...'
src,../repos/Cinder/src/cinder/gl/GlslProg.cpp,"(1805, 1)-(1810, 2)",b'template<>\nvoid GlslProg::uniformMatFunc( int...'
src,../repos/Cinder/src/cinder/gl/GlslProg.cpp,"(1823, 1)-(1828, 2)",b'template<>\nvoid GlslProg::uniformMatFunc( int...'
src,../repos/Cinder/src/cinder/gl/GlslProg.cpp,"(1841, 1)-(1846, 2)",b'template<>\nvoid GlslProg::uniformMatFunc( int...'
src,../repos/Cinder/src/cinder/gl/GlslProg.cpp,"(1859, 1)-(1864, 2)",b'template<>\nvoid GlslProg::uniformFunc( int lo...'
src,../repos/Cinder/src/cinder/gl/GlslProg.cpp,"(1877, 1)-(1882, 2)",b'template<>\nvoid GlslProg::uniformFunc( int lo...'
src,../repos/Cinder/src/cinder/gl/GlslProg.cpp,"(1895, 1)-(1900, 2)",b'template<>\nvoid GlslProg::uniformFunc( int lo...'
src,../repos/Cinder/src/cinder/gl/GlslProg.cpp,"(1913, 1)-(1918, 2)",b'template<>\nvoid GlslProg::uniformFunc( int lo...'
src,../repos/Cinder/src/cinder/gl/GlslProg.cpp,"(1931, 1)-(1936, 2)",b'template<>\nvoid GlslProg::uniformMatFunc( int...'
src,../repos/Cinder/src/cinder/gl/GlslProg.cpp,"(1949, 1)-(1954, 2)",b'template<>\nvoid GlslProg::uniformMatFunc( int...'
src,../repos/Cinder/src/cinder/gl/GlslProg.cpp,"(1967, 1)-(1972, 2)",b'template<>\nvoid GlslProg::uniformMatFunc( int...'
src,../repos/Cinder/src/cinder/gl/Context.cpp,"(1707, 1)-(1715, 2)",b'template<typename T>\nbool Context::pushStackS...'
src,../repos/Cinder/src/cinder/gl/Context.cpp,"(1717, 1)-(1730, 2)",b'template<typename T>\nbool Context::popStackSt...'
src,../repos/Cinder/src/cinder/gl/Context.cpp,"(1732, 1)-(1743, 2)",b'template<typename T>\nbool Context::setStackSt...'
src,../repos/Cinder/src/cinder/gl/Context.cpp,"(1745, 1)-(1754, 2)",b'template<typename T>\nbool Context::getStackSt...'
src,../repos/Cinder/src/cinder/gl/Texture.cpp,"(106, 1)-(129, 3)",b'template<typename T>\nclass ImageTargetGlTextu...'
src,../repos/Cinder/src/cinder/gl/Texture.cpp,"(604, 1)-(633, 2)",b'template<typename T>\nbool TextureBase::surfac...'
src,../repos/Cinder/src/cinder/gl/Texture.cpp,"(635, 1)-(693, 2)",b'template<typename T>\nvoid TextureBase::Surfac...'
src,../repos/Cinder/src/cinder/gl/Texture.cpp,"(1220, 1)-(1252, 2)",b'template<typename T>\nvoid Texture2d::setData(...'
src,../repos/Cinder/src/cinder/gl/Texture.cpp,"(1254, 1)-(1291, 2)",b'template<typename T>\nvoid Texture2d::setData(...'
src,../repos/Cinder/src/cinder/gl/Texture.cpp,"(1945, 1)-(1981, 2)",b'template<typename T>\nTextureCubeMapRef Textur...'
src,../repos/Cinder/src/cinder/gl/Texture.cpp,"(2044, 1)-(2072, 2)",b'template<typename T>\nTextureCubeMap::TextureC...'
src,../repos/Cinder/src/cinder/gl/Texture.cpp,"(2140, 1)-(2144, 2)",b'template<typename T>\nshared_ptr<ImageTargetGl...'
src,../repos/Cinder/src/cinder/gl/Texture.cpp,"(2148, 1)-(2152, 2)",b'template<typename T>\nshared_ptr<ImageTargetGl...'
src,../repos/Cinder/src/cinder/gl/Texture.cpp,"(2155, 1)-(2190, 2)",b'template<typename T>\nImageTargetGlTexture<T>:...'
src,../repos/Cinder/src/cinder/gl/Texture.cpp,"(2192, 1)-(2199, 2)",b'template<typename T>\nvoid* ImageTargetGlTextu...'
src,../repos/Cinder/src/cinder/gl/VboMesh.cpp,"(598, 1)-(632, 2)",b'template<typename T>\nVboMesh::MappedAttrib<T>...'
src,../repos/Cinder/src/cinder/Frustum.cpp,"(35, 1)-(40, 2)",b'template<typename T>\nFrustumT<T>::FrustumT( c...'
src,../repos/Cinder/src/cinder/Frustum.cpp,"(42, 1)-(46, 2)",b'template<typename T>\nFrustumT<T>::FrustumT( c...'
src,../repos/Cinder/src/cinder/Frustum.cpp,"(48, 1)-(52, 2)",b'template<typename T>\nFrustumT<T>::FrustumT( c...'
src,../repos/Cinder/src/cinder/Frustum.cpp,"(54, 1)-(64, 2)",b'template<typename T>\nvoid FrustumT<T>::set( c...'
src,../repos/Cinder/src/cinder/Frustum.cpp,"(66, 1)-(78, 2)",b'template<typename T>\nvoid FrustumT<T>::set( c...'
src,../repos/Cinder/src/cinder/Frustum.cpp,"(80, 1)-(89, 2)",b'template<typename T>\nvoid FrustumT<T>::set( c...'
src,../repos/Cinder/src/cinder/Frustum.cpp,"(91, 1)-(102, 2)",b'template<typename T>\nvoid FrustumT<T>::set( c...'
src,../repos/Cinder/src/cinder/Frustum.cpp,"(104, 1)-(113, 2)",b'template<typename T>\nbool FrustumT<T>::contai...'
src,../repos/Cinder/src/cinder/Frustum.cpp,"(115, 1)-(126, 2)",b'template<typename T>\nbool FrustumT<T>::contai...'
src,../repos/Cinder/src/cinder/Frustum.cpp,"(128, 1)-(134, 2)",b'template<typename T>\nbool FrustumT<T>::contai...'
src,../repos/Cinder/src/cinder/Frustum.cpp,"(136, 1)-(140, 2)",b'template<typename T>\nbool FrustumT<T>::contai...'
src,../repos/Cinder/src/cinder/Frustum.cpp,"(142, 1)-(153, 2)",b'template<typename T>\nbool FrustumT<T>::contai...'
src,../repos/Cinder/src/cinder/Frustum.cpp,"(155, 1)-(159, 2)",b'template<typename T>\nbool FrustumT<T>::inters...'
src,../repos/Cinder/src/cinder/Frustum.cpp,"(161, 1)-(172, 2)",b'template<typename T>\nbool FrustumT<T>::inters...'
src,../repos/Cinder/src/cinder/Frustum.cpp,"(174, 1)-(180, 2)",b'template<typename T>\nbool FrustumT<T>::inters...'
src,../repos/Cinder/src/cinder/Frustum.cpp,"(182, 1)-(186, 2)",b'template<typename T>\nbool FrustumT<T>::inters...'
src,../repos/Cinder/src/cinder/Frustum.cpp,"(188, 1)-(197, 2)",b'template<typename T>\nbool FrustumT<T>::inters...'
src,../repos/Cinder/src/cinder/Color.cpp,"(91, 1)-(95, 2)",b'template<typename T>\nColorT<T>::ColorT( Color...'
src,../repos/Cinder/src/cinder/Color.cpp,"(97, 1)-(101, 2)",b'template<typename T>\nColorT<T>::ColorT( Color...'
src,../repos/Cinder/src/cinder/Color.cpp,"(103, 1)-(110, 2)",b'template<typename T>\nColorT<T>::ColorT( const...'
src,../repos/Cinder/src/cinder/Color.cpp,"(112, 1)-(125, 2)",b'template<typename T>\nvec3 ColorT<T>::get( Col...'
src,../repos/Cinder/src/cinder/Color.cpp,"(127, 1)-(146, 2)",b'template<typename T>\nvoid ColorT<T>::set( Col...'
src,../repos/Cinder/src/cinder/Color.cpp,"(150, 1)-(154, 2)",b'template<typename T>\nColorAT<T>::ColorAT( Col...'
src,../repos/Cinder/src/cinder/Color.cpp,"(156, 1)-(164, 2)",b'template<typename T>\nColorAT<T>::ColorAT( con...'
src,../repos/Cinder/src/cinder/Color.cpp,"(166, 1)-(179, 2)",b'template<typename T>\nvec3 ColorAT<T>::get( Co...'
src,../repos/Cinder/src/cinder/Color.cpp,"(181, 1)-(202, 2)",b'template<typename T>\nvoid ColorAT<T>::set( Co...'
src,../repos/Cinder/src/cinder/Stream.cpp,"(45, 1)-(54, 2)",b'template<typename T>\nvoid OStream::writeBig( ...'
src,../repos/Cinder/src/cinder/Stream.cpp,"(56, 1)-(65, 2)",b'template<typename T>\nvoid OStream::writeLittl...'
src,../repos/Cinder/src/cinder/Stream.cpp,"(86, 1)-(95, 2)",b'template<typename T>\nvoid IStreamCinder::read...'
src,../repos/Cinder/src/cinder/Stream.cpp,"(97, 1)-(106, 2)",b'template<typename T>\nvoid IStreamCinder::read...'
src,../repos/Cinder/src/cinder/System.cpp,"(104, 1)-(120, 2)",b'template<typename T>  \nstatic T getSysCtlValu...'
src,../repos/Cinder/src/cinder/ip/Premultiply.cpp,"(31, 1)-(56, 2)",b'template<typename T>\nvoid premultiply( Surfac...'
src,../repos/Cinder/src/cinder/ip/Premultiply.cpp,"(59, 1)-(86, 2)",b'template<>\nvoid unpremultiply<uint8_t>( Surfa...'
src,../repos/Cinder/src/cinder/ip/Premultiply.cpp,"(88, 1)-(114, 2)",b'template<>\nvoid unpremultiply<float>( Surface...'
src,../repos/Cinder/src/cinder/ip/EdgeDetect.cpp,"(35, 1)-(63, 2)",b'template<typename T>\nvoid edgeDetectSobel( co...'
src,../repos/Cinder/src/cinder/ip/EdgeDetect.cpp,"(65, 1)-(73, 2)",b'template<typename T>\nvoid edgeDetectSobel( co...'
src,../repos/Cinder/src/cinder/ip/EdgeDetect.cpp,"(75, 1)-(79, 2)",b'template<typename T>\nvoid edgeDetectSobel( co...'
src,../repos/Cinder/src/cinder/ip/EdgeDetect.cpp,"(81, 1)-(85, 2)",b'template<typename T>\nvoid edgeDetectSobel( co...'
src,../repos/Cinder/src/cinder/ip/Flip.cpp,"(29, 1)-(42, 2)",b'template<typename T>\nvoid flipVertical( Surfa...'
src,../repos/Cinder/src/cinder/ip/Flip.cpp,"(45, 1)-(55, 2)",b'template<typename T>\nvoid flipVerticalRawSame...'
src,../repos/Cinder/src/cinder/ip/Flip.cpp,"(57, 1)-(82, 2)",b'template<typename T>\nvoid flipVerticalRawRgba...'
src,../repos/Cinder/src/cinder/ip/Flip.cpp,"(84, 1)-(110, 2)",b'template<typename T>\nvoid flipVerticalRawRgbF...'
src,../repos/Cinder/src/cinder/ip/Flip.cpp,"(112, 1)-(136, 2)",b'template<typename T>\nvoid flipVerticalRawRgb(...'
src,../repos/Cinder/src/cinder/ip/Flip.cpp,"(139, 1)-(152, 2)",b'template<typename T>\nvoid flipVertical( const...'
src,../repos/Cinder/src/cinder/ip/Flip.cpp,"(154, 1)-(182, 2)",b'template<typename T>\nvoid flipVertical( const...'
src,../repos/Cinder/src/cinder/ip/Flip.cpp,"(184, 1)-(215, 2)",b'template<typename T>\nvoid flipHorizontal( Sur...'
src,../repos/Cinder/src/cinder/ip/Threshold.cpp,"(30, 1)-(47, 2)",b'template<typename T>\nvoid thresholdImpl( Surf...'
src,../repos/Cinder/src/cinder/ip/Threshold.cpp,"(49, 1)-(74, 2)",b'template<typename T>\nvoid thresholdImpl( cons...'
src,../repos/Cinder/src/cinder/ip/Threshold.cpp,"(76, 1)-(95, 2)",b'template<typename T>\nvoid thresholdImpl( cons...'
src,../repos/Cinder/src/cinder/ip/Threshold.cpp,"(97, 1)-(101, 2)",b'template<typename T>\nvoid threshold( SurfaceT...'
src,../repos/Cinder/src/cinder/ip/Threshold.cpp,"(103, 1)-(107, 2)",b'template<typename T>\nvoid threshold( SurfaceT...'
src,../repos/Cinder/src/cinder/ip/Threshold.cpp,"(109, 1)-(113, 2)",b'template<typename T>\nvoid threshold( const Su...'
src,../repos/Cinder/src/cinder/ip/Threshold.cpp,"(115, 1)-(119, 2)",b'template<typename T>\nvoid threshold( const Ch...'
src,../repos/Cinder/src/cinder/ip/Threshold.cpp,"(121, 1)-(167, 2)",b'template<typename T>\nvoid calculateAdaptiveTh...'
src,../repos/Cinder/src/cinder/ip/Threshold.cpp,"(169, 1)-(215, 2)",b'template<typename T>\nvoid calculateAdaptiveTh...'
src,../repos/Cinder/src/cinder/ip/Threshold.cpp,"(217, 1)-(252, 2)",b'template<typename T>\nvoid calculateIntegralIm...'
src,../repos/Cinder/src/cinder/ip/Threshold.cpp,"(254, 1)-(270, 2)",b'template<typename T>\nvoid adaptiveThreshold( ...'
src,../repos/Cinder/src/cinder/ip/Threshold.cpp,"(272, 1)-(288, 2)",b'template<typename T>\nvoid adaptiveThreshold( ...'
src,../repos/Cinder/src/cinder/ip/Threshold.cpp,"(290, 1)-(306, 2)",b'template<typename T>\nvoid adaptiveThresholdZe...'
src,../repos/Cinder/src/cinder/ip/Threshold.cpp,"(308, 1)-(324, 2)",b'template<typename T>\nvoid adaptiveThresholdZe...'
src,../repos/Cinder/src/cinder/ip/Threshold.cpp,"(326, 1)-(337, 2)",b'template<typename T>\nAdaptiveThresholdT<T>::A...'
src,../repos/Cinder/src/cinder/ip/Threshold.cpp,"(339, 1)-(347, 2)",b'template<typename T>\nvoid AdaptiveThresholdT<...'
src,../repos/Cinder/src/cinder/ip/Blend.cpp,"(38, 1)-(110, 2)","b'template<bool DSTALPHA, bool DSTPREMULT, bool...'"
src,../repos/Cinder/src/cinder/ip/Blend.cpp,"(112, 1)-(186, 2)","b'template<bool DSTALPHA, bool DSTPREMULT, bool...'"
src,../repos/Cinder/src/cinder/ip/Trim.cpp,"(28, 1)-(38, 2)",b'template<typename T>\nbool transparentHorizont...'
src,../repos/Cinder/src/cinder/ip/Trim.cpp,"(40, 1)-(50, 2)",b'template<typename T>\nbool transparentVertical...'
src,../repos/Cinder/src/cinder/ip/Trim.cpp,"(52, 1)-(91, 2)",b'template<typename T>\nArea findNonTransparentA...'
src,../repos/Cinder/src/cinder/ip/Resize.cpp,"(40, 1)-(43, 3)",b'template<typename T>\nstruct SCALETRAIT {\n\tsta...'
src,../repos/Cinder/src/cinder/ip/Resize.cpp,"(45, 1)-(61, 3)",b'template<>\nstruct SCALETRAIT<uint8_t> {\n\ttype...'
src,../repos/Cinder/src/cinder/ip/Resize.cpp,"(63, 1)-(69, 3)",b'template<>\nstruct SCALETRAIT<float> {\n\ttypede...'
src,../repos/Cinder/src/cinder/ip/Resize.cpp,"(88, 1)-(93, 3)",b'template<typename T>\nclass WeightTable {\t\t/* ...'
src,../repos/Cinder/src/cinder/ip/Resize.cpp,"(95, 1)-(96, 90)","b'template<typename LT, typename AT>\nvoid scanl...'"
src,../repos/Cinder/src/cinder/ip/Resize.cpp,"(97, 1)-(98, 152)","b'template<typename T, typename WT>\nvoid makeWe...'"
src,../repos/Cinder/src/cinder/ip/Resize.cpp,"(100, 1)-(114, 2)","b'template<typename AT, typename T>\nvoid scanli...'"
src,../repos/Cinder/src/cinder/ip/Resize.cpp,"(116, 1)-(141, 2)","b'template<typename T, typename WT, typename AT...'"
src,../repos/Cinder/src/cinder/ip/Resize.cpp,"(144, 1)-(218, 2)",b'template<typename T>\nvoid resample( const vec...'
src,../repos/Cinder/src/cinder/ip/Resize.cpp,"(220, 1)-(228, 2)","b'template<typename LT, typename AT>\nvoid scanl...'"
src,../repos/Cinder/src/cinder/ip/Resize.cpp,"(230, 1)-(308, 2)","b'template<typename T, typename WT>\nvoid makeWe...'"
src,../repos/Cinder/src/cinder/ip/Resize.cpp,"(310, 1)-(328, 2)",b'template<typename T>\nvoid resize( const Surfa...'
src,../repos/Cinder/src/cinder/ip/Resize.cpp,"(330, 1)-(340, 2)",b'template<typename T>\nvoid resize( const Chann...'
src,../repos/Cinder/src/cinder/ip/Resize.cpp,"(342, 1)-(346, 2)",b'template<typename T>\nvoid resize( const Surfa...'
src,../repos/Cinder/src/cinder/ip/Resize.cpp,"(348, 1)-(354, 2)",b'template<typename T>\nSurfaceT<T> resizeCopy( ...'
src,../repos/Cinder/src/cinder/ip/Resize.cpp,"(356, 1)-(360, 2)",b'template<typename T>\nvoid resize( const Chann...'
src,../repos/Cinder/src/cinder/ip/Fill.cpp,"(27, 1)-(45, 2)",b'template<typename T>\nvoid fill_impl( SurfaceT...'
src,../repos/Cinder/src/cinder/ip/Fill.cpp,"(47, 1)-(72, 2)",b'template<typename T>\nvoid fill_impl( SurfaceT...'
src,../repos/Cinder/src/cinder/ip/Fill.cpp,"(74, 1)-(79, 2)","b'template<typename T, typename Y>\nvoid fill( S...'"
src,../repos/Cinder/src/cinder/ip/Fill.cpp,"(81, 1)-(86, 2)","b'template<typename T, typename Y>\nvoid fill( S...'"
src,../repos/Cinder/src/cinder/ip/Fill.cpp,"(88, 1)-(93, 2)","b'template<typename T, typename Y>\nvoid fill( S...'"
src,../repos/Cinder/src/cinder/ip/Fill.cpp,"(95, 1)-(100, 2)","b'template<typename T, typename Y>\nvoid fill( S...'"
src,../repos/Cinder/src/cinder/ip/Fill.cpp,"(102, 1)-(116, 2)",b'template<typename T>\nvoid fill( ChannelT<T> *...'
src,../repos/Cinder/src/cinder/ip/Fill.cpp,"(118, 1)-(122, 2)",b'template<typename T>\nvoid fill( ChannelT<T> *...'
src,../repos/Cinder/src/cinder/ip/Checkerboard.cpp,"(28, 1)-(47, 2)",b'template<typename T>\nvoid checkerboard_impl( ...'
src,../repos/Cinder/src/cinder/ip/Checkerboard.cpp,"(49, 1)-(75, 2)",b'template<typename T>\nvoid checkerboard_impl( ...'
src,../repos/Cinder/src/cinder/ip/Grayscale.cpp,"(28, 1)-(49, 2)",b'template<typename T>\nvoid grayscale( const Su...'
src,../repos/Cinder/src/cinder/ip/Grayscale.cpp,"(51, 1)-(68, 2)",b'template<typename T>\nvoid grayscale( const Su...'
src,../repos/Cinder/src/cinder/ip/Grayscale.cpp,"(70, 1)-(89, 2)",b'template<>\nvoid grayscale( const Surface8u &s...'
src,../repos/Cinder/src/cinder/ip/Blur.cpp,"(29, 1)-(33, 2)",b'template<typename T>\nuint8_t getPixelIncremen...'
src,../repos/Cinder/src/cinder/ip/Blur.cpp,"(35, 1)-(39, 2)",b'template<typename T>\nuint8_t getPixelIncremen...'
src,../repos/Cinder/src/cinder/ip/Blur.cpp,"(41, 1)-(47, 2)",b'template<typename T>\nuint8_t getPixelDataOffs...'
src,../repos/Cinder/src/cinder/ip/Blur.cpp,"(49, 1)-(53, 2)",b'template<typename T>\nuint8_t getPixelDataOffs...'
src,../repos/Cinder/src/cinder/ip/Blur.cpp,"(57, 1)-(209, 2)","b'template<typename T, typename SUMT, typename ...'"
src,../repos/Cinder/src/cinder/PolyLine.cpp,"(30, 1)-(64, 2)",b'template<typename T>\nbool PolyLineT<T>::isClo...'
src,../repos/Cinder/src/cinder/PolyLine.cpp,"(66, 1)-(73, 2)",b'template<typename T>\nbool PolyLineT<T>::isCou...'
src,../repos/Cinder/src/cinder/PolyLine.cpp,"(75, 1)-(87, 2)",b'template<typename T>\nT PolyLineT<T>::getPosit...'
src,../repos/Cinder/src/cinder/PolyLine.cpp,"(89, 1)-(100, 2)",b'template<typename T>\nT PolyLineT<T>::getDeriv...'
src,../repos/Cinder/src/cinder/PolyLine.cpp,"(102, 1)-(107, 2)",b'template<typename T>\nvoid PolyLineT<T>::scale...'
src,../repos/Cinder/src/cinder/PolyLine.cpp,"(109, 1)-(115, 2)",b'template<typename T>\nPolyLineT<T> PolyLineT<T...'
src,../repos/Cinder/src/cinder/PolyLine.cpp,"(117, 1)-(122, 2)",b'template<typename T>\nvoid PolyLineT<T>::offse...'
src,../repos/Cinder/src/cinder/PolyLine.cpp,"(124, 1)-(130, 2)",b'template<typename T>\nPolyLineT<T> PolyLineT<T...'
src,../repos/Cinder/src/cinder/PolyLine.cpp,"(132, 1)-(136, 2)",b'template<typename T>\nvoid PolyLineT<T>::rever...'
src,../repos/Cinder/src/cinder/PolyLine.cpp,"(138, 1)-(144, 2)",b'template<typename T>\nPolyLineT<T> PolyLineT<T...'
src,../repos/Cinder/src/cinder/PolyLine.cpp,"(146, 1)-(151, 2)",b'template<typename T>\nT linearYatX( const glm:...'
src,../repos/Cinder/src/cinder/PolyLine.cpp,"(153, 1)-(162, 2)",b'template<typename T>\nsize_t linearCrossings( ...'
src,../repos/Cinder/src/cinder/PolyLine.cpp,"(164, 1)-(181, 2)",b'template<typename T>\nbool PolyLineT<T>::conta...'
src,../repos/Cinder/src/cinder/PolyLine.cpp,"(183, 1)-(195, 2)",b'template<typename T>\ndouble PolyLineT<T>::cal...'
src,../repos/Cinder/src/cinder/PolyLine.cpp,"(197, 1)-(220, 2)",b'template<typename T>\nT PolyLineT<T>::calcCent...'
src,../repos/Cinder/src/cinder/params/Params.cpp,"(269, 1)-(277, 3)",b'template <class T>\nstruct Accessors {\n\tAccess...'
src,../repos/Cinder/src/cinder/params/Params.cpp,"(280, 1)-(285, 2)",b'template <class T>\nvoid TW_CALL setterCallbac...'
src,../repos/Cinder/src/cinder/params/Params.cpp,"(288, 1)-(293, 2)",b'template <class T>\nvoid TW_CALL getterCallbac...'
src,../repos/Cinder/src/cinder/params/Params.cpp,"(296, 1)-(302, 2)",b'template <>\nvoid TW_CALL getterCallback<strin...'
src,../repos/Cinder/src/cinder/params/Params.cpp,"(462, 1)-(466, 2)",b'template <typename T>\nInterfaceGl::Options<T>...'
src,../repos/Cinder/src/cinder/params/Params.cpp,"(754, 1)-(769, 2)",b'template <typename T>\nInterfaceGl::Options<T>...'
src,../repos/Cinder/src/cinder/params/Params.cpp,"(771, 1)-(783, 2)",b'template <typename T>\nvoid InterfaceGl::addPa...'
src,../repos/Cinder/src/cinder/params/Params.cpp,"(785, 1)-(785, 192)",b'template <> CI_API InterfaceGl::Options<bool>...'
src,../repos/Cinder/src/cinder/params/Params.cpp,"(786, 1)-(786, 189)",b'template <> CI_API InterfaceGl::Options<char>...'
src,../repos/Cinder/src/cinder/params/Params.cpp,"(787, 1)-(787, 193)",b'template <> CI_API InterfaceGl::Options<int8_...'
src,../repos/Cinder/src/cinder/params/Params.cpp,"(788, 1)-(788, 195)",b'template <> CI_API InterfaceGl::Options<uint8...'
src,../repos/Cinder/src/cinder/params/Params.cpp,"(789, 1)-(789, 195)",b'template <> CI_API InterfaceGl::Options<int16...'
src,../repos/Cinder/src/cinder/params/Params.cpp,"(790, 1)-(790, 197)",b'template <> CI_API InterfaceGl::Options<uint1...'
src,../repos/Cinder/src/cinder/params/Params.cpp,"(791, 1)-(791, 195)",b'template <> CI_API InterfaceGl::Options<int32...'
src,../repos/Cinder/src/cinder/params/Params.cpp,"(792, 1)-(792, 197)",b'template <> CI_API InterfaceGl::Options<uint3...'
src,../repos/Cinder/src/cinder/params/Params.cpp,"(793, 1)-(793, 192)",b'template <> CI_API InterfaceGl::Options<float...'
src,../repos/Cinder/src/cinder/params/Params.cpp,"(794, 1)-(794, 195)",b'template <> CI_API InterfaceGl::Options<doubl...'
src,../repos/Cinder/src/cinder/params/Params.cpp,"(795, 1)-(795, 198)",b'template <> CI_API InterfaceGl::Options<strin...'
src,../repos/Cinder/src/cinder/params/Params.cpp,"(796, 1)-(796, 194)",b'template <> CI_API InterfaceGl::Options<Color...'
src,../repos/Cinder/src/cinder/params/Params.cpp,"(797, 1)-(797, 196)",b'template <> CI_API InterfaceGl::Options<Color...'
src,../repos/Cinder/src/cinder/params/Params.cpp,"(798, 1)-(798, 191)",b'template <> CI_API InterfaceGl::Options<quat>...'
src,../repos/Cinder/src/cinder/params/Params.cpp,"(799, 1)-(799, 193)",b'template <> CI_API InterfaceGl::Options<dquat...'
src,../repos/Cinder/src/cinder/params/Params.cpp,"(800, 1)-(800, 190)",b'template <> CI_API InterfaceGl::Options<vec3>...'
src,../repos/Cinder/src/cinder/params/Params.cpp,"(801, 1)-(801, 192)",b'template <> CI_API InterfaceGl::Options<dvec3...'
src,../repos/Cinder/src/cinder/BSpline.cpp,"(42, 1)-(50, 2)",b'template <class T>\nvoid allocate2D( int iCols...'
src,../repos/Cinder/src/cinder/BSpline.cpp,"(52, 1)-(60, 2)",b'template <class T>\nvoid deallocate2D( T**& ra...'
src,../repos/Cinder/src/cinder/BSpline.cpp,"(410, 1)-(421, 2)","b'template<int D,typename T>\nBSpline<D,T>::BSpl...'"
src,../repos/Cinder/src/cinder/BSpline.cpp,"(423, 1)-(433, 2)","b'template<int D,typename T>\nBSpline<D,T>::BSpl...'"
src,../repos/Cinder/src/cinder/BSpline.cpp,"(435, 1)-(440, 2)","b'template<int D,typename T>\nBSpline<D,T>::BSpl...'"
src,../repos/Cinder/src/cinder/BSpline.cpp,"(442, 1)-(458, 2)","b'template<int D,typename T>\nBSpline<D,T>& BSpl...'"
src,../repos/Cinder/src/cinder/BSpline.cpp,"(461, 1)-(465, 2)","b'template<int D,typename T>\nBSpline<D,T>::~BSp...'"
src,../repos/Cinder/src/cinder/BSpline.cpp,"(467, 1)-(477, 2)","b'template<int D,typename T>\nvoid BSpline<D,T>:...'"
src,../repos/Cinder/src/cinder/BSpline.cpp,"(479, 1)-(491, 2)","b'template<int D,typename T>\nvoid BSpline<D,T>:...'"
src,../repos/Cinder/src/cinder/BSpline.cpp,"(493, 1)-(499, 2)","b'template<int D,typename T>\ntypename BSpline<D...'"
src,../repos/Cinder/src/cinder/BSpline.cpp,"(501, 1)-(505, 2)","b'template<int D,typename T>\nvoid BSpline<D,T>:...'"
src,../repos/Cinder/src/cinder/BSpline.cpp,"(507, 1)-(511, 2)","b'template<int D,typename T>\nfloat BSpline<D,T>...'"
src,../repos/Cinder/src/cinder/BSpline.cpp,"(513, 1)-(558, 2)","b'template<int D,typename T>\nvoid BSpline<D,T>:...'"
src,../repos/Cinder/src/cinder/BSpline.cpp,"(560, 1)-(608, 2)","b'template<int D,typename T>\nfloat BSpline<D,T>...'"
src,../repos/Cinder/src/cinder/BSpline.cpp,"(610, 1)-(617, 2)","b'template<int D,typename T>\nfloat BSpline<D,T>...'"
src,../repos/Cinder/src/cinder/BSpline.cpp,"(619, 1)-(623, 2)","b'template<int D,typename T>\nBSplineBasis& BSpl...'"
src,../repos/Cinder/src/cinder/BSpline.cpp,"(625, 1)-(631, 2)","b'template<int D,typename T>\ntypename BSpline<D...'"
src,../repos/Cinder/src/cinder/BSpline.cpp,"(633, 1)-(639, 2)","b'template<int D,typename T>\ntypename BSpline<D...'"
src,../repos/Cinder/src/cinder/BSpline.cpp,"(641, 1)-(647, 2)","b'template<int D,typename T>\ntypename BSpline<D...'"
src,../repos/Cinder/src/cinder/BSpline.cpp,"(649, 1)-(655, 2)","b'template<int D,typename T>\ntypename BSpline<D...'"
src,../repos/Cinder/src/cinder/BSpline.cpp,"(657, 1)-(661, 2)","b'template<int D,typename T>\nT BSpline<D,T>::ge...'"
src,../repos/Cinder/src/cinder/BandedMatrix.cpp,"(38, 1)-(48, 2)",b'template<typename T>\nBandedMatrix<T>::BandedM...'
src,../repos/Cinder/src/cinder/BandedMatrix.cpp,"(50, 1)-(57, 2)",b'template<typename T>\nBandedMatrix<T>::BandedM...'
src,../repos/Cinder/src/cinder/BandedMatrix.cpp,"(59, 1)-(63, 2)",b'template<typename T>\nBandedMatrix<T>::~Banded...'
src,../repos/Cinder/src/cinder/BandedMatrix.cpp,"(65, 1)-(89, 2)",b'template<typename T>\nBandedMatrix<T>& BandedM...'
src,../repos/Cinder/src/cinder/BandedMatrix.cpp,"(91, 1)-(95, 2)",b'template<typename T>\nint BandedMatrix<T>::get...'
src,../repos/Cinder/src/cinder/BandedMatrix.cpp,"(97, 1)-(101, 2)",b'template<typename T>\nint BandedMatrix<T>::get...'
src,../repos/Cinder/src/cinder/BandedMatrix.cpp,"(103, 1)-(107, 2)",b'template<typename T>\nint BandedMatrix<T>::get...'
src,../repos/Cinder/src/cinder/BandedMatrix.cpp,"(109, 1)-(113, 2)",b'template<typename T>\nT* BandedMatrix<T>::getD...'
src,../repos/Cinder/src/cinder/BandedMatrix.cpp,"(115, 1)-(119, 2)",b'template<typename T>\nconst T* BandedMatrix<T>...'
src,../repos/Cinder/src/cinder/BandedMatrix.cpp,"(121, 1)-(126, 2)",b'template<typename T>\nint BandedMatrix<T>::get...'
src,../repos/Cinder/src/cinder/BandedMatrix.cpp,"(128, 1)-(137, 2)",b'template<typename T>\nT* BandedMatrix<T>::getL...'
src,../repos/Cinder/src/cinder/BandedMatrix.cpp,"(139, 1)-(148, 2)",b'template<typename T>\nconst T* BandedMatrix<T>...'
src,../repos/Cinder/src/cinder/BandedMatrix.cpp,"(150, 1)-(155, 2)",b'template<typename T>\nint BandedMatrix<T>::get...'
src,../repos/Cinder/src/cinder/BandedMatrix.cpp,"(157, 1)-(166, 2)",b'template<typename T>\nT* BandedMatrix<T>::getU...'
src,../repos/Cinder/src/cinder/BandedMatrix.cpp,"(168, 1)-(177, 2)",b'template<typename T>\nconst T* BandedMatrix<T>...'
src,../repos/Cinder/src/cinder/BandedMatrix.cpp,"(179, 1)-(207, 2)",b'template<typename T>\nT& BandedMatrix<T>::oper...'
src,../repos/Cinder/src/cinder/BandedMatrix.cpp,"(209, 1)-(236, 2)",b'template<typename T>\nT BandedMatrix<T>::opera...'
src,../repos/Cinder/src/cinder/BandedMatrix.cpp,"(238, 1)-(255, 2)",b'template<typename T>\nvoid BandedMatrix<T>::se...'
src,../repos/Cinder/src/cinder/BandedMatrix.cpp,"(257, 1)-(277, 2)",b'template<typename T>\nvoid BandedMatrix<T>::se...'
src,../repos/Cinder/src/cinder/BandedMatrix.cpp,"(279, 1)-(316, 2)",b'template<typename T>\nvoid BandedMatrix<T>::al...'
src,../repos/Cinder/src/cinder/BandedMatrix.cpp,"(318, 1)-(343, 2)",b'template<typename T>\nvoid BandedMatrix<T>::de...'
src,../repos/Cinder/src/cinder/ImageIo.cpp,"(169, 1)-(229, 2)","b'template<typename SD, typename TD, ImageIo::C...'"
src,../repos/Cinder/src/cinder/ImageIo.cpp,"(232, 1)-(282, 2)","b'template<typename SD, typename TD, ImageIo::C...'"
src,../repos/Cinder/src/cinder/ImageIo.cpp,"(302, 1)-(332, 2)","b'template<typename SD, typename TD, ImageIo::C...'"
src,../repos/Cinder/src/cinder/ImageIo.cpp,"(334, 1)-(348, 2)","b'template<typename SD, typename TD>\nImageSourc...'"
src,../repos/Cinder/src/cinder/ImageIo.cpp,"(350, 1)-(370, 2)",b'template<typename SD>\nImageSource::RowFunc Im...'
