Repo name,File name,Location,Content
src,../repos/Cinder/src/glfw/deps/vulkan/vulkan.h,"(53, 55)-(53, 57)",b'typedef struct object##_T* object;'
src,../repos/Cinder/src/glfw/deps/vulkan/vulkan.h,"(57, 80)-(57, 82)",b'typedef struct object##_T *object;'
src,../repos/Cinder/src/glfw/deps/linmath.h,"(11, 18)-(11, 20)",b'typedef float vec##n[n]; \\\nstatic inline void...'
src,../repos/Cinder/src/glfw/deps/linmath.h,"(11, 50)-(11, 52)",b'typedef float vec##n[n]; \\\nstatic inline void...'
src,../repos/Cinder/src/glfw/deps/linmath.h,"(11, 53)-(11, 55)",b'typedef float vec##n[n]; \\\nstatic inline void...'
src,../repos/Cinder/src/glfw/deps/linmath.h,"(11, 63)-(11, 65)",b'typedef float vec##n[n]; \\\nstatic inline void...'
src,../repos/Cinder/src/glfw/deps/linmath.h,"(11, 73)-(11, 75)",b'typedef float vec##n[n]; \\\nstatic inline void...'
src,../repos/Cinder/src/glfw/deps/linmath.h,"(11, 89)-(11, 91)",b'typedef float vec##n[n]; \\\nstatic inline void...'
src,../repos/Cinder/src/glfw/deps/linmath.h,"(11, 190)-(11, 192)",b'typedef float vec##n[n]; \\\nstatic inline void...'
src,../repos/Cinder/src/glfw/deps/linmath.h,"(11, 193)-(11, 195)",b'typedef float vec##n[n]; \\\nstatic inline void...'
src,../repos/Cinder/src/glfw/deps/linmath.h,"(11, 203)-(11, 205)",b'typedef float vec##n[n]; \\\nstatic inline void...'
src,../repos/Cinder/src/glfw/deps/linmath.h,"(11, 213)-(11, 215)",b'typedef float vec##n[n]; \\\nstatic inline void...'
src,../repos/Cinder/src/glfw/deps/linmath.h,"(11, 229)-(11, 231)",b'typedef float vec##n[n]; \\\nstatic inline void...'
src,../repos/Cinder/src/glfw/deps/linmath.h,"(11, 330)-(11, 332)",b'typedef float vec##n[n]; \\\nstatic inline void...'
src,../repos/Cinder/src/glfw/deps/linmath.h,"(11, 333)-(11, 335)",b'typedef float vec##n[n]; \\\nstatic inline void...'
src,../repos/Cinder/src/glfw/deps/linmath.h,"(11, 345)-(11, 347)",b'typedef float vec##n[n]; \\\nstatic inline void...'
src,../repos/Cinder/src/glfw/deps/linmath.h,"(11, 355)-(11, 357)",b'typedef float vec##n[n]; \\\nstatic inline void...'
src,../repos/Cinder/src/glfw/deps/linmath.h,"(11, 469)-(11, 471)",b'typedef float vec##n[n]; \\\nstatic inline void...'
src,../repos/Cinder/src/glfw/deps/linmath.h,"(11, 472)-(11, 474)",b'typedef float vec##n[n]; \\\nstatic inline void...'
src,../repos/Cinder/src/glfw/deps/linmath.h,"(11, 488)-(11, 490)",b'typedef float vec##n[n]; \\\nstatic inline void...'
src,../repos/Cinder/src/glfw/deps/linmath.h,"(11, 504)-(11, 506)",b'typedef float vec##n[n]; \\\nstatic inline void...'
src,../repos/Cinder/src/glfw/deps/linmath.h,"(11, 632)-(11, 634)",b'typedef float vec##n[n]; \\\nstatic inline void...'
src,../repos/Cinder/src/glfw/deps/linmath.h,"(11, 635)-(11, 637)",b'typedef float vec##n[n]; \\\nstatic inline void...'
src,../repos/Cinder/src/glfw/deps/linmath.h,"(11, 645)-(11, 647)",b'typedef float vec##n[n]; \\\nstatic inline void...'
src,../repos/Cinder/src/glfw/deps/linmath.h,"(11, 688)-(11, 690)",b'typedef float vec##n[n]; \\\nstatic inline void...'
src,../repos/Cinder/src/glfw/deps/linmath.h,"(11, 691)-(11, 693)",b'typedef float vec##n[n]; \\\nstatic inline void...'
src,../repos/Cinder/src/glfw/deps/linmath.h,"(11, 739)-(11, 741)",b'typedef float vec##n[n]; \\\nstatic inline void...'
src,../repos/Cinder/src/glfw/deps/linmath.h,"(11, 742)-(11, 744)",b'typedef float vec##n[n]; \\\nstatic inline void...'
src,../repos/Cinder/src/glfw/deps/linmath.h,"(11, 753)-(11, 755)",b'typedef float vec##n[n]; \\\nstatic inline void...'
src,../repos/Cinder/src/glfw/deps/linmath.h,"(11, 763)-(11, 765)",b'typedef float vec##n[n]; \\\nstatic inline void...'
src,../repos/Cinder/src/glfw/deps/linmath.h,"(11, 802)-(11, 804)",b'typedef float vec##n[n]; \\\nstatic inline void...'
src,../repos/Cinder/src/glfw/deps/linmath.h,"(11, 805)-(11, 807)",b'typedef float vec##n[n]; \\\nstatic inline void...'
src,../repos/Cinder/src/glfw/deps/linmath.h,"(11, 822)-(11, 824)",b'typedef float vec##n[n]; \\\nstatic inline void...'
src,../repos/Cinder/src/glfw/deps/linmath.h,"(11, 825)-(11, 827)",b'typedef float vec##n[n]; \\\nstatic inline void...'
src,../repos/Cinder/src/glfw/deps/mingw/_mingw_dxhelper.h,"(103, 38)-(103, 40)",b'func##W'
src,../repos/Cinder/src/glfw/deps/mingw/_mingw_dxhelper.h,"(105, 38)-(105, 40)",b'func##A'
src,../repos/Cinder/src/freetype/base/ftinit.c,"(93, 82)-(93, 84)",b'FT_EXTERNC FT_Error                          ...'
src,../repos/Cinder/src/freetype/base/ftinit.c,"(93, 269)-(93, 271)",b'FT_EXTERNC FT_Error                          ...'
src,../repos/Cinder/src/freetype/base/ftinit.c,"(104, 49)-(104, 51)","b'MODULE_CLASS_ ## x,'"
src,../repos/Cinder/src/freetype/base/ftinit.c,"(115, 129)-(115, 131)",b'if ( classes[i] )                            ...'
src,../repos/Cinder/src/freetype/base/ftinit.c,"(148, 28)-(148, 30)","b'error = FT_Create_Class_ ## x( library, &claz...'"
src,../repos/Cinder/src/freetype/truetype/ttgxvar.c,"(1083, 26)-(1083, 28)",b'case MVAR_TAG_ ## tag :       \\\n            p...'
src,../repos/Cinder/src/freetype/truetype/ttgxvar.c,"(1088, 31)-(1088, 33)",b'case MVAR_TAG_GASP_ ## idx :                 ...'
src,../repos/Cinder/src/freetype/truetype/ttsubpix.c,"(893, 90)-(893, 92)","b'if ( sph_test_tweak( face, family, ppem, styl...'"
src,../repos/Cinder/src/freetype/truetype/ttsubpix.c,"(893, 101)-(893, 103)","b'if ( sph_test_tweak( face, family, ppem, styl...'"
src,../repos/Cinder/src/freetype/truetype/ttsubpix.c,"(893, 178)-(893, 180)","b'if ( sph_test_tweak( face, family, ppem, styl...'"
src,../repos/Cinder/src/freetype/truetype/ttsubpix.c,"(898, 102)-(898, 104)","b'if ( sph_test_tweak( face, family, ppem, styl...'"
src,../repos/Cinder/src/freetype/truetype/ttsubpix.c,"(898, 124)-(898, 126)","b'if ( sph_test_tweak( face, family, ppem, styl...'"
src,../repos/Cinder/src/freetype/truetype/ttsubpix.c,"(898, 203)-(898, 205)","b'if ( sph_test_tweak( face, family, ppem, styl...'"
src,../repos/Cinder/src/freetype/gxvalid/gxvmod.c,"(77, 90)-(77, 92)",b'FT_Byte* volatile  _sfnt          = NULL; \\\n ...'
src,../repos/Cinder/src/freetype/gxvalid/gxvmod.c,"(81, 31)-(81, 33)",b'if ( ( FT_VALIDATE_ ## _sfnt ## _INDEX < tabl...'
src,../repos/Cinder/src/freetype/gxvalid/gxvmod.c,"(81, 40)-(81, 42)",b'if ( ( FT_VALIDATE_ ## _sfnt ## _INDEX < tabl...'
src,../repos/Cinder/src/freetype/gxvalid/gxvmod.c,"(81, 112)-(81, 114)",b'if ( ( FT_VALIDATE_ ## _sfnt ## _INDEX < tabl...'
src,../repos/Cinder/src/freetype/gxvalid/gxvmod.c,"(81, 259)-(81, 261)",b'if ( ( FT_VALIDATE_ ## _sfnt ## _INDEX < tabl...'
src,../repos/Cinder/src/freetype/gxvalid/gxvmod.c,"(81, 331)-(81, 333)",b'if ( ( FT_VALIDATE_ ## _sfnt ## _INDEX < tabl...'
src,../repos/Cinder/src/freetype/gxvalid/gxvmod.c,"(91, 202)-(91, 204)",b'if ( _sfnt )                                 ...'
src,../repos/Cinder/src/freetype/gxvalid/gxvmod.c,"(91, 375)-(91, 377)",b'if ( _sfnt )                                 ...'
src,../repos/Cinder/src/freetype/gxvalid/gxvmod.c,"(91, 384)-(91, 386)",b'if ( _sfnt )                                 ...'
src,../repos/Cinder/src/freetype/gxvalid/gxvmod.c,"(103, 29)-(103, 31)",b'if ( FT_VALIDATE_ ## _sfnt ## _INDEX < table_...'
src,../repos/Cinder/src/freetype/gxvalid/gxvmod.c,"(103, 38)-(103, 40)",b'if ( FT_VALIDATE_ ## _sfnt ## _INDEX < table_...'
src,../repos/Cinder/src/freetype/gxvalid/gxvmod.c,"(103, 105)-(103, 107)",b'if ( FT_VALIDATE_ ## _sfnt ## _INDEX < table_...'
src,../repos/Cinder/src/freetype/gxvalid/gxvmod.c,"(103, 114)-(103, 116)",b'if ( FT_VALIDATE_ ## _sfnt ## _INDEX < table_...'
src,../repos/Cinder/src/freetype/gxvalid/gxvcommn.h,"(266, 19)-(266, 21)",b'( ( (GXV_ ## tag ## _Data)gxvalid->table_data...'
src,../repos/Cinder/src/freetype/gxvalid/gxvcommn.h,"(266, 26)-(266, 28)",b'( ( (GXV_ ## tag ## _Data)gxvalid->table_data...'
src,../repos/Cinder/src/freetype/gxvalid/gxvcommn.h,"(563, 39)-(563, 41)",b'GXV_odtect_DataRec   odtect ## _range[n];    ...'
src,../repos/Cinder/src/freetype/gxvalid/gxvcommn.h,"(563, 102)-(563, 104)",b'GXV_odtect_DataRec   odtect ## _range[n];    ...'
src,../repos/Cinder/src/freetype/gxvalid/gxvcommn.h,"(568, 77)-(568, 79)",b'FT_BEGIN_STMNT                               ...'
src,../repos/Cinder/src/freetype/gxvalid/gxvcommn.h,"(568, 134)-(568, 136)",b'FT_BEGIN_STMNT                               ...'
src,../repos/Cinder/src/freetype/gxvalid/gxvcommn.h,"(568, 159)-(568, 161)",b'FT_BEGIN_STMNT                               ...'
src,../repos/Cinder/src/freetype/gxvalid/gxvcommn.h,"(568, 218)-(568, 220)",b'FT_BEGIN_STMNT                               ...'
src,../repos/Cinder/src/freetype/raster/ftraster.c,"(179, 32)-(179, 34)",b'x ## y'
src,../repos/Cinder/src/freetype/otvalid/otvcommn.h,"(73, 121)-(73, 123)",b'FT_UShort  _table;      \\\n                   ...'
src,../repos/Cinder/src/freetype/otvalid/otvcommn.h,"(76, 125)-(76, 127)",b'FT_ULong  _table;       \\\n                   ...'
src,../repos/Cinder/src/freetype/otvalid/otvcommn.h,"(80, 72)-(80, 74)",b'FT_BEGIN_STMNT                         \\\n    ...'
src,../repos/Cinder/src/freetype/otvalid/otvcommn.h,"(86, 71)-(86, 73)",b'FT_BEGIN_STMNT                        \\\n     ...'
src,../repos/Cinder/src/freetype/otvalid/otvcommn.h,"(145, 25)-(145, 27)",b'x##Func'
src,../repos/Cinder/src/freetype/sfnt/ttcmap.h,"(111, 76)-(111, 78)",b'void                                         ...'
src,../repos/Cinder/src/freetype/sfnt/sfobjs.c,"(1092, 335)-(1092, 337)",b'do                                           ...'
src,../repos/Cinder/src/freetype/sfnt/sfobjs.c,"(1108, 397)-(1108, 399)",b'do                                           ...'
src,../repos/Cinder/src/freetype/sfnt/sfobjs.c,"(1125, 181)-(1125, 183)",b'do                                           ...'
src,../repos/Cinder/src/freetype/sfnt/ttcmap.c,"(3803, 20)-(3803, 22)",b'FT_Init_Class_ ## a( &recs[i] );  \\\n    clazz...'
src,../repos/Cinder/src/freetype/autofit/afranges.h,"(30, 51)-(30, 53)",b'extern const AF_Script_UniRangeRec  af_ ## s ...'
src,../repos/Cinder/src/freetype/autofit/afranges.h,"(30, 56)-(30, 58)",b'extern const AF_Script_UniRangeRec  af_ ## s ...'
src,../repos/Cinder/src/freetype/autofit/afranges.h,"(36, 51)-(36, 53)",b'extern const AF_Script_UniRangeRec  af_ ## s ...'
src,../repos/Cinder/src/freetype/autofit/afranges.h,"(36, 56)-(36, 58)",b'extern const AF_Script_UniRangeRec  af_ ## s ...'
src,../repos/Cinder/src/freetype/autofit/afstyles.h,"(45, 20)-(45, 22)","b'STYLE( s ## _ ## f, S ## _ ## F,   \\\n        ...'"
src,../repos/Cinder/src/freetype/autofit/afstyles.h,"(45, 25)-(45, 27)","b'STYLE( s ## _ ## f, S ## _ ## F,   \\\n        ...'"
src,../repos/Cinder/src/freetype/autofit/afstyles.h,"(45, 33)-(45, 35)","b'STYLE( s ## _ ## f, S ## _ ## F,   \\\n        ...'"
src,../repos/Cinder/src/freetype/autofit/afstyles.h,"(45, 38)-(45, 40)","b'STYLE( s ## _ ## f, S ## _ ## F,   \\\n        ...'"
src,../repos/Cinder/src/freetype/autofit/afstyles.h,"(45, 170)-(45, 172)","b'STYLE( s ## _ ## f, S ## _ ## F,   \\\n        ...'"
src,../repos/Cinder/src/freetype/autofit/afstyles.h,"(45, 225)-(45, 227)","b'STYLE( s ## _ ## f, S ## _ ## F,   \\\n        ...'"
src,../repos/Cinder/src/freetype/autofit/afstyles.h,"(45, 266)-(45, 268)","b'STYLE( s ## _ ## f, S ## _ ## F,   \\\n        ...'"
src,../repos/Cinder/src/freetype/autofit/afstyles.h,"(449, 20)-(449, 22)","b'STYLE( s ## _dflt, S ## _DFLT,  \\\n           ...'"
src,../repos/Cinder/src/freetype/autofit/afstyles.h,"(449, 32)-(449, 34)","b'STYLE( s ## _dflt, S ## _DFLT,  \\\n           ...'"
src,../repos/Cinder/src/freetype/autofit/afstyles.h,"(449, 161)-(449, 163)","b'STYLE( s ## _dflt, S ## _DFLT,  \\\n           ...'"
src,../repos/Cinder/src/freetype/autofit/afshaper.c,"(63, 39)-(63, 41)",b'static const hb_tag_t  name ## _coverage[] = ...'
src,../repos/Cinder/src/freetype/autofit/afshaper.c,"(77, 16)-(77, 18)","b'name ## _coverage,'"
src,../repos/Cinder/src/freetype/autofit/afshaper.c,"(399, 43)-(399, 45)",b'static const hb_feature_t  name ## _feature[]...'
src,../repos/Cinder/src/freetype/autofit/afshaper.c,"(415, 16)-(415, 18)","b'name ## _feature,'"
src,../repos/Cinder/src/freetype/autofit/afpic.c,"(118, 27)-(118, 29)",b'FT_Init_Class_af_ ## ws ## _writing_system_cl...'
src,../repos/Cinder/src/freetype/autofit/afpic.c,"(118, 33)-(118, 35)",b'FT_Init_Class_af_ ## ws ## _writing_system_cl...'
src,../repos/Cinder/src/freetype/autofit/afpic.c,"(126, 27)-(126, 29)",b'FT_Init_Class_af_ ## s ## _script_class(     ...'
src,../repos/Cinder/src/freetype/autofit/afpic.c,"(126, 32)-(126, 34)",b'FT_Init_Class_af_ ## s ## _script_class(     ...'
src,../repos/Cinder/src/freetype/autofit/afpic.c,"(134, 27)-(134, 29)",b'FT_Init_Class_af_ ## s ## _style_class(     \\...'
src,../repos/Cinder/src/freetype/autofit/afpic.c,"(134, 32)-(134, 34)",b'FT_Init_Class_af_ ## s ## _style_class(     \\...'
src,../repos/Cinder/src/freetype/autofit/aftypes.h,"(261, 30)-(261, 32)","b'AF_WRITING_SYSTEM_ ## WS,'"
src,../repos/Cinder/src/freetype/autofit/aftypes.h,"(313, 22)-(313, 24)","b'AF_SCRIPT_ ## S,'"
src,../repos/Cinder/src/freetype/autofit/aftypes.h,"(405, 24)-(405, 26)","b'AF_COVERAGE_ ## NAME,'"
src,../repos/Cinder/src/freetype/autofit/aftypes.h,"(432, 21)-(432, 23)","b'AF_STYLE_ ## S,'"
src,../repos/Cinder/src/freetype/autofit/aftypes.h,"(568, 95)-(568, 97)",b'FT_LOCAL( void )                             ...'
src,../repos/Cinder/src/freetype/autofit/aftypes.h,"(581, 94)-(581, 96)",b'FT_LOCAL_DEF( void )                         ...'
src,../repos/Cinder/src/freetype/autofit/aftypes.h,"(599, 80)-(599, 82)",b'FT_LOCAL( void )                             ...'
src,../repos/Cinder/src/freetype/autofit/aftypes.h,"(609, 79)-(609, 81)",b'FT_LOCAL_DEF( void )                         ...'
src,../repos/Cinder/src/freetype/autofit/aftypes.h,"(621, 78)-(621, 80)",b'FT_LOCAL( void )                             ...'
src,../repos/Cinder/src/freetype/autofit/aftypes.h,"(631, 77)-(631, 79)",b'FT_LOCAL_DEF( void )                         ...'
src,../repos/Cinder/src/freetype/autofit/afglobal.c,"(46, 63)-(46, 65)",b'AF_DEFINE_SCRIPT_CLASS(           \\\n         ...'
src,../repos/Cinder/src/freetype/autofit/afglobal.c,"(46, 68)-(46, 70)",b'AF_DEFINE_SCRIPT_CLASS(           \\\n         ...'
src,../repos/Cinder/src/freetype/autofit/afglobal.c,"(46, 116)-(46, 118)",b'AF_DEFINE_SCRIPT_CLASS(           \\\n         ...'
src,../repos/Cinder/src/freetype/autofit/afglobal.c,"(46, 155)-(46, 157)",b'AF_DEFINE_SCRIPT_CLASS(           \\\n         ...'
src,../repos/Cinder/src/freetype/autofit/afglobal.c,"(46, 160)-(46, 162)",b'AF_DEFINE_SCRIPT_CLASS(           \\\n         ...'
src,../repos/Cinder/src/freetype/autofit/afglobal.c,"(46, 201)-(46, 203)",b'AF_DEFINE_SCRIPT_CLASS(           \\\n         ...'
src,../repos/Cinder/src/freetype/autofit/afglobal.c,"(46, 206)-(46, 208)",b'AF_DEFINE_SCRIPT_CLASS(           \\\n         ...'
src,../repos/Cinder/src/freetype/autofit/afglobal.c,"(46, 247)-(46, 249)",b'AF_DEFINE_SCRIPT_CLASS(           \\\n         ...'
src,../repos/Cinder/src/freetype/autofit/afglobal.c,"(59, 60)-(59, 62)",b'AF_DEFINE_STYLE_CLASS(         \\\n            ...'
src,../repos/Cinder/src/freetype/autofit/afglobal.c,"(59, 65)-(59, 67)",b'AF_DEFINE_STYLE_CLASS(         \\\n            ...'
src,../repos/Cinder/src/freetype/autofit/afglobal.c,"(59, 109)-(59, 111)",b'AF_DEFINE_STYLE_CLASS(         \\\n            ...'
src,../repos/Cinder/src/freetype/autofit/afglobal.c,"(74, 16)-(74, 18)","b'&af_ ## ws ## _writing_system_class,'"
src,../repos/Cinder/src/freetype/autofit/afglobal.c,"(74, 22)-(74, 24)","b'&af_ ## ws ## _writing_system_class,'"
src,../repos/Cinder/src/freetype/autofit/afglobal.c,"(88, 16)-(88, 18)","b'&af_ ## s ## _script_class,'"
src,../repos/Cinder/src/freetype/autofit/afglobal.c,"(88, 21)-(88, 23)","b'&af_ ## s ## _script_class,'"
src,../repos/Cinder/src/freetype/autofit/afglobal.c,"(102, 16)-(102, 18)","b'&af_ ## s ## _style_class,'"
src,../repos/Cinder/src/freetype/autofit/afglobal.c,"(102, 21)-(102, 23)","b'&af_ ## s ## _style_class,'"
src,../repos/Cinder/src/freetype/autofit/afglobal.h,"(38, 40)-(38, 42)",b'AF_DECLARE_SCRIPT_CLASS( af_ ## s ## _script_...'
src,../repos/Cinder/src/freetype/autofit/afglobal.h,"(38, 45)-(38, 47)",b'AF_DECLARE_SCRIPT_CLASS( af_ ## s ## _script_...'
src,../repos/Cinder/src/freetype/autofit/afglobal.h,"(48, 39)-(48, 41)",b'AF_DECLARE_STYLE_CLASS( af_ ## s ## _style_class )'
src,../repos/Cinder/src/freetype/autofit/afglobal.h,"(48, 44)-(48, 46)",b'AF_DECLARE_STYLE_CLASS( af_ ## s ## _style_class )'
src,../repos/Cinder/src/freetype/cff/cffparse.c,"(1017, 212)-(1017, 214)",b'{                                  \\\n        ...'
src,../repos/Cinder/src/freetype/cff/cffparse.c,"(1044, 378)-(1044, 380)",b'{                                    \\\n      ...'
src,../repos/Cinder/src/freetype/cff/cffparse.c,"(1068, 212)-(1068, 214)",b'{                                  \\\n        ...'
src,../repos/Cinder/src/freetype/cff/cffparse.c,"(1098, 378)-(1098, 380)",b'{                                    \\\n      ...'
src,../repos/Cinder/src/freetype/cff/cffparse.c,"(1171, 274)-(1171, 276)",b'clazz[i].kind         = cff_kind_callback;   ...'
src,../repos/Cinder/src/freetype/cff/cffparse.c,"(1193, 477)-(1193, 479)",b'clazz[i].kind         = cff_kind_delta;      ...'
src,../repos/Cinder/src/freetype/cff/cffparse.c,"(1229, 274)-(1229, 276)",b'clazz[i].kind         = cff_kind_callback;   ...'
src,../repos/Cinder/src/freetype/cff/cffparse.c,"(1253, 477)-(1253, 479)",b'clazz[i].kind         = cff_kind_delta;      ...'
src,../repos/Cinder/src/freetype/smooth/ftgrays.c,"(103, 32)-(103, 34)",b'x ## y'
src,../repos/Cinder/src/freetype/smooth/ftgrays.c,"(391, 11)-(391, 13)",b'long  b ## _r = c ? (long)( FT_ULONG_MAX >> P...'
src,../repos/Cinder/src/freetype/smooth/ftgrays.c,"(394, 49)-(394, 51)",b'( ( (unsigned long)( a ) * (unsigned long)( b...'
src,../repos/Cinder/src/r8brain/r8bbase.h,"(716, 59)-(716, 61)",b'CSyncKeeper SyncKeeper##id( SyncObject )'
src,../repos/Cinder/src/AntTweakBar/LoadOGL.h,"(42, 45)-(42, 47)","b'extern ""C"" { typedef _Ret (APIENTRY* PFN##_Fc...'"
src,../repos/Cinder/src/AntTweakBar/LoadOGL.h,"(42, 94)-(42, 96)","b'extern ""C"" { typedef _Ret (APIENTRY* PFN##_Fc...'"
src,../repos/Cinder/src/AntTweakBar/LoadOGL.h,"(42, 102)-(42, 104)","b'extern ""C"" { typedef _Ret (APIENTRY* PFN##_Fc...'"
src,../repos/Cinder/src/AntTweakBar/LoadOGL.h,"(42, 129)-(42, 131)","b'extern ""C"" { typedef _Ret (APIENTRY* PFN##_Fc...'"
src,../repos/Cinder/src/AntTweakBar/LoadOGL.h,"(48, 27)-(48, 29)",b'namespace GL { PFN##_Fct _##_Fct = (PFN##_Fct...'
src,../repos/Cinder/src/AntTweakBar/LoadOGL.h,"(48, 35)-(48, 37)",b'namespace GL { PFN##_Fct _##_Fct = (PFN##_Fct...'
src,../repos/Cinder/src/AntTweakBar/LoadOGL.h,"(48, 48)-(48, 50)",b'namespace GL { PFN##_Fct _##_Fct = (PFN##_Fct...'
src,../repos/Cinder/src/AntTweakBar/LoadOGL.h,"(48, 84)-(48, 86)",b'namespace GL { PFN##_Fct _##_Fct = (PFN##_Fct...'
src,../repos/Cinder/src/AntTweakBar/LoadOGL.h,"(51, 27)-(51, 29)",b'namespace GL { PFN##_Fct _##_Fct = _Fct; }'
src,../repos/Cinder/src/AntTweakBar/LoadOGL.h,"(51, 35)-(51, 37)",b'namespace GL { PFN##_Fct _##_Fct = _Fct; }'
src,../repos/Cinder/src/AntTweakBar/LoadOGLCore.h,"(41, 45)-(41, 47)","b'extern ""C"" { typedef _Ret (APIENTRY* PFN##_Fc...'"
src,../repos/Cinder/src/AntTweakBar/LoadOGLCore.h,"(41, 98)-(41, 100)","b'extern ""C"" { typedef _Ret (APIENTRY* PFN##_Fc...'"
src,../repos/Cinder/src/AntTweakBar/LoadOGLCore.h,"(41, 106)-(41, 108)","b'extern ""C"" { typedef _Ret (APIENTRY* PFN##_Fc...'"
src,../repos/Cinder/src/AntTweakBar/LoadOGLCore.h,"(41, 137)-(41, 139)","b'extern ""C"" { typedef _Ret (APIENTRY* PFN##_Fc...'"
src,../repos/Cinder/src/AntTweakBar/LoadOGLCore.h,"(49, 31)-(49, 33)",b'namespace GLCore { PFN##_Fct _##_Fct = (PFN##...'
src,../repos/Cinder/src/AntTweakBar/LoadOGLCore.h,"(49, 39)-(49, 41)",b'namespace GLCore { PFN##_Fct _##_Fct = (PFN##...'
src,../repos/Cinder/src/AntTweakBar/LoadOGLCore.h,"(49, 52)-(49, 54)",b'namespace GLCore { PFN##_Fct _##_Fct = (PFN##...'
src,../repos/Cinder/src/AntTweakBar/LoadOGLCore.h,"(49, 88)-(49, 90)",b'namespace GLCore { PFN##_Fct _##_Fct = (PFN##...'
src,../repos/Cinder/src/AntTweakBar/LoadOGLCore.h,"(58, 31)-(58, 33)",b'namespace GLCore { PFN##_Fct _##_Fct = _Fct; }'
src,../repos/Cinder/src/AntTweakBar/LoadOGLCore.h,"(58, 39)-(58, 41)",b'namespace GLCore { PFN##_Fct _##_Fct = _Fct; }'
src,../repos/Cinder/src/AntTweakBar/TwBar.cpp,"(36, 73)-(36, 75)",b'g_TwMgr->SetCursor(g_TwMgr->m_Cursor##_Name)'
src,../repos/Cinder/src/AntTweakBar/AntTweakBar.h,"(356, 63)-(356, 65)",b'typedef int TW_DUMMY_ ## name[(x) * 2 - 1]'
src,../repos/Cinder/src/cinder/android/JniHelper.cpp,"(405, 29)-(405, 31)",b'_jtype JniHelper::CallStatic##_jname##Method(...'
src,../repos/Cinder/src/cinder/android/JniHelper.cpp,"(405, 37)-(405, 39)",b'_jtype JniHelper::CallStatic##_jname##Method(...'
src,../repos/Cinder/src/cinder/android/JniHelper.cpp,"(405, 354)-(405, 356)",b'_jtype JniHelper::CallStatic##_jname##Method(...'
src,../repos/Cinder/src/cinder/android/JniHelper.cpp,"(405, 362)-(405, 364)",b'_jtype JniHelper::CallStatic##_jname##Method(...'
src,../repos/Cinder/src/cinder/android/JniHelper.cpp,"(475, 23)-(475, 25)",b'_jtype JniHelper::Call##_jname##Method( jobje...'
src,../repos/Cinder/src/cinder/android/JniHelper.cpp,"(475, 31)-(475, 33)",b'_jtype JniHelper::Call##_jname##Method( jobje...'
src,../repos/Cinder/src/cinder/android/JniHelper.cpp,"(475, 329)-(475, 331)",b'_jtype JniHelper::Call##_jname##Method( jobje...'
src,../repos/Cinder/src/cinder/android/JniHelper.cpp,"(475, 337)-(475, 339)",b'_jtype JniHelper::Call##_jname##Method( jobje...'
src,../repos/Cinder/src/cinder/android/JniHelper.cpp,"(542, 30)-(542, 32)",b'jfieldID JniHelper::GetStatic##_jname##FieldI...'
src,../repos/Cinder/src/cinder/android/JniHelper.cpp,"(542, 38)-(542, 40)",b'jfieldID JniHelper::GetStatic##_jname##FieldI...'
src,../repos/Cinder/src/cinder/android/JniHelper.cpp,"(571, 28)-(571, 30)",b'_jtype JniHelper::GetStatic##_jname##Field( j...'
src,../repos/Cinder/src/cinder/android/JniHelper.cpp,"(571, 36)-(571, 38)",b'_jtype JniHelper::GetStatic##_jname##Field( j...'
src,../repos/Cinder/src/cinder/android/JniHelper.cpp,"(571, 276)-(571, 278)",b'_jtype JniHelper::GetStatic##_jname##Field( j...'
src,../repos/Cinder/src/cinder/android/JniHelper.cpp,"(571, 284)-(571, 286)",b'_jtype JniHelper::GetStatic##_jname##Field( j...'
src,../repos/Cinder/src/cinder/android/JniHelper.cpp,"(610, 26)-(610, 28)",b'void JniHelper::SetStatic##_jname##Field( jcl...'
src,../repos/Cinder/src/cinder/android/JniHelper.cpp,"(610, 34)-(610, 36)",b'void JniHelper::SetStatic##_jname##Field( jcl...'
src,../repos/Cinder/src/cinder/android/JniHelper.cpp,"(610, 247)-(610, 249)",b'void JniHelper::SetStatic##_jname##Field( jcl...'
src,../repos/Cinder/src/cinder/android/JniHelper.cpp,"(610, 255)-(610, 257)",b'void JniHelper::SetStatic##_jname##Field( jcl...'
src,../repos/Cinder/src/cinder/android/JniHelper.cpp,"(671, 24)-(671, 26)",b'jfieldID JniHelper::Get##_jname##FieldId( jcl...'
src,../repos/Cinder/src/cinder/android/JniHelper.cpp,"(671, 32)-(671, 34)",b'jfieldID JniHelper::Get##_jname##FieldId( jcl...'
src,../repos/Cinder/src/cinder/android/JniHelper.cpp,"(699, 22)-(699, 24)",b'_jtype JniHelper::Get##_jname##Field( jobject...'
src,../repos/Cinder/src/cinder/android/JniHelper.cpp,"(699, 30)-(699, 32)",b'_jtype JniHelper::Get##_jname##Field( jobject...'
src,../repos/Cinder/src/cinder/android/JniHelper.cpp,"(699, 255)-(699, 257)",b'_jtype JniHelper::Get##_jname##Field( jobject...'
src,../repos/Cinder/src/cinder/android/JniHelper.cpp,"(699, 263)-(699, 265)",b'_jtype JniHelper::Get##_jname##Field( jobject...'
src,../repos/Cinder/src/cinder/android/JniHelper.cpp,"(740, 20)-(740, 22)",b'void JniHelper::Set##_jname##Field( jobject o...'
src,../repos/Cinder/src/cinder/android/JniHelper.cpp,"(740, 28)-(740, 30)",b'void JniHelper::Set##_jname##Field( jobject o...'
src,../repos/Cinder/src/cinder/android/JniHelper.cpp,"(740, 228)-(740, 230)",b'void JniHelper::Set##_jname##Field( jobject o...'
src,../repos/Cinder/src/cinder/android/JniHelper.cpp,"(740, 236)-(740, 238)",b'void JniHelper::Set##_jname##Field( jobject o...'
src,../repos/Cinder/src/cinder/params/Params.cpp,"(43, 58)-(43, 60)","b'{(int)cinder::app::KeyEvent::KEY_ ## ck, TW_K...'"
src,../repos/Cinder/src/cinder/params/Params.cpp,"(43, 73)-(43, 75)","b'{(int)cinder::app::KeyEvent::KEY_ ## ck, TW_K...'"
