Repo name,File name,Location,Content
src,../repos/Cinder/src/freetype/tools/ftfuzzer/ftmutator.cc,"(36, 10)-(36, 18)",b'#include <vector>\n'
src,../repos/Cinder/src/freetype/tools/ftfuzzer/rasterfuzzer.cc,"(17, 10)-(17, 18)",b'#include <vector>\n'
src,../repos/Cinder/src/freetype/tools/ftfuzzer/ftfuzzer.cc,"(27, 10)-(27, 18)",b'#include <vector>\n'
src,../repos/Cinder/src/AntTweakBar/TwPrecomp.h,"(39, 10)-(39, 18)",b'#include <vector>\n'
src,../repos/Cinder/src/AntTweakBar/TwPrecomp.h,"(40, 10)-(40, 15)",b'#include <map>\n'
src,../repos/Cinder/src/AntTweakBar/TwPrecomp.h,"(41, 10)-(41, 16)",b'#include <list>\n'
src,../repos/Cinder/src/AntTweakBar/TwPrecomp.h,"(42, 10)-(42, 15)",b'#include <set>\n'
src,../repos/Cinder/src/videoInput/videoInput.cpp,"(23, 10)-(23, 18)",b'#include <vector>\n'
src,../repos/Cinder/src/cinder/app/AppScreenSaver.cpp,"(29, 10)-(29, 16)",b'#include <list>\n'
src,../repos/Cinder/src/cinder/app/linux/PlatformLinux.cpp,"(35, 10)-(35, 17)",b'#include <array>\n'
src,../repos/Cinder/src/cinder/app/KeyEvent.cpp,"(32, 10)-(32, 15)",b'#include <map>\n'
src,../repos/Cinder/src/cinder/Clipboard.cpp,"(48, 11)-(48, 16)",b'#include <set>\n'
src,../repos/Cinder/src/cinder/Serial.cpp,"(45, 10)-(45, 15)",b'#include <map>\n'
src,../repos/Cinder/src/cinder/Font.cpp,"(64, 11)-(64, 16)",b'#include <set>\n'
src,../repos/Cinder/src/cinder/msw/CinderMsw.cpp,"(29, 10)-(29, 18)",b'#include <vector>\n'
src,../repos/Cinder/src/cinder/audio/msw/ContextWasapi.cpp,"(47, 10)-(47, 17)",b'#include <array>\n'
src,../repos/Cinder/src/cinder/audio/Voice.cpp,"(29, 10)-(29, 15)",b'#include <map>\n'
src,../repos/Cinder/src/cinder/CinderImGui.cpp,"(13, 10)-(13, 25)",b'#include <unordered_map>\n'
src,../repos/Cinder/src/cinder/Utilities.cpp,"(34, 10)-(34, 18)",b'#include <vector>\n'
src,../repos/Cinder/src/cinder/CinderMath.cpp,"(52, 10)-(52, 18)",b'#include <vector>\n'
src,../repos/Cinder/src/cinder/gl/Vao.cpp,"(47, 10)-(47, 15)",b'#include <set>\n'
src,../repos/Cinder/src/cinder/gl/ConstantConversions.cpp,"(33, 10)-(33, 25)",b'#include <unordered_map>\n'
src,../repos/Cinder/src/cinder/gl/VaoImplSoftware.cpp,"(29, 10)-(29, 15)",b'#include <map>\n'
src,../repos/Cinder/src/cinder/gl/TextureFont.cpp,"(51, 10)-(51, 15)",b'#include <set>\n'
src,../repos/Cinder/src/cinder/ImageTargetFileWic.cpp,"(28, 10)-(28, 15)",b'#include <map>\n'
src,../repos/Cinder/src/cinder/Timeline.cpp,"(28, 10)-(28, 18)",b'#include <vector>\n'
src,../repos/Cinder/src/cinder/Display.cpp,"(26, 10)-(26, 15)",b'#include <map>\n'
src,../repos/Cinder/src/cinder/Capture.cpp,"(39, 10)-(39, 15)",b'#include <set>\n'
src,../repos/Cinder/src/cinder/ip/Resize.cpp,"(30, 10)-(30, 18)",b'#include <vector>\n'
