Repo name,File name,Location,Content
src,../repos/Cinder/src/r8brain/CDSPFracInterpolator.h,"(19, 1)-(521, 2)",b'namespace r8b {\n\n/**\n * @brief Sinc function-...'
src,../repos/Cinder/src/r8brain/CDSPSincFilterGen.h,"(21, 1)-(824, 2)",b'namespace r8b {\n\n/**\n * @brief Sinc function-...'
src,../repos/Cinder/src/r8brain/CDSPFIRFilter.h,"(20, 1)-(651, 2)",b'namespace r8b {\n\n/**\n * Enumeration of filter...'
src,../repos/Cinder/src/r8brain/r8bbase.h,"(210, 1)-(1165, 2)",b'namespace r8b {\n\n#if !defined( M_PI )\n\t/**\n\t ...'
src,../repos/Cinder/src/r8brain/CDSPBlockConvolver.h,"(19, 1)-(358, 2)",b'namespace r8b {\n\n/**\n * Enumeration of the bu...'
src,../repos/Cinder/src/r8brain/CDSPRealFFT.h,"(25, 1)-(626, 2)",b'namespace r8b {\n\n/**\n * @brief Real-valued FF...'
src,../repos/Cinder/src/r8brain/r8bbase.cpp,"(20, 1)-(28, 2)",b'namespace r8b {\n\nCSyncObject CDSPRealFFTKeepe...'
src,../repos/Cinder/src/r8brain/fft4g.h,"(296, 1)-(1314, 2)",b'namespace r8b {\n\n/**\n * @brief A wrapper clas...'
src,../repos/Cinder/src/r8brain/CDSPResampler.h,"(21, 1)-(538, 2)",b'namespace r8b {\n\n/**\n * @brief The master sam...'
src,../repos/Cinder/src/imgui/imgui.cpp,"(827, 1)-(860, 2)",b'namespace ImGui\n{\n// Navigation\nstatic void  ...'
src,../repos/Cinder/src/imgui/imgui_freetype.cpp,"(44, 1)-(280, 2)",b'namespace\n{\n    // Glyph metrics:\n    // ----...'
src,../repos/Cinder/src/imgui/imgui_widgets.cpp,"(3267, 1)-(3383, 2)",b'namespace ImStb\n{\n\nstatic int     STB_TEXTEDI...'
src,../repos/Cinder/src/imgui/imgui_widgets.cpp,"(6541, 1)-(6550, 2)",b'namespace ImGui\n{\n    static void            ...'
src,../repos/Cinder/src/AntTweakBar/LoadOGL.h,"(60, 1)-(67, 2)","b'namespace GL\n{\n    extern ""C"" { typedef void ...'"
src,../repos/Cinder/src/AntTweakBar/LoadOGLCore.h,"(65, 1)-(72, 2)","b'namespace GLCore\n{\n    extern ""C"" { typedef v...'"
src,../repos/Cinder/src/AntTweakBar/LoadOGLCore.cpp,"(322, 5)-(328, 6)",b'namespace GLCore \n    { \n        PFNglBindVer...'
src,../repos/Cinder/src/AntTweakBar/LoadOGLCore.cpp,"(335, 1)-(335, 67)",b'namespace GLCore { PFNGLGetProcAddress _glGet...'
src,../repos/Cinder/src/AntTweakBar/LoadOGLCore.cpp,"(425, 5)-(443, 6)",b'namespace GLCore\n    {\n    \n        PFNOpenGL...'
src,../repos/Cinder/src/AntTweakBar/LoadOGL.cpp,"(379, 1)-(379, 63)",b'namespace GL { PFNGLGetProcAddress _glGetProc...'
src,../repos/Cinder/src/AntTweakBar/LoadOGL.cpp,"(458, 5)-(476, 6)",b'namespace GL\n    {\n    \n        PFNOpenGL Rec...'
src,../repos/Cinder/src/jsoncpp/jsoncpp.cpp,"(97, 1)-(167, 2)",b'namespace Json {\n\n/// Converts a unicode code...'
src,../repos/Cinder/src/jsoncpp/jsoncpp.cpp,"(210, 1)-(1084, 2)",b'namespace Json {\n\n// Implementation of class ...'
src,../repos/Cinder/src/jsoncpp/jsoncpp.cpp,"(1112, 1)-(1215, 2)",b'namespace Json {\n\n/* Fast memory allocator.\n ...'
src,../repos/Cinder/src/jsoncpp/jsoncpp.cpp,"(1241, 1)-(1474, 2)",b'namespace Json {\n\n// ////////////////////////...'
src,../repos/Cinder/src/jsoncpp/jsoncpp.cpp,"(1514, 1)-(1597, 2)",b'namespace Json {\n\n// This is a walkaround to ...'
src,../repos/Cinder/src/jsoncpp/jsoncpp.cpp,"(1615, 1)-(3010, 2)",b'namespace Json {\n\n// ////////////////////////...'
src,../repos/Cinder/src/jsoncpp/jsoncpp.cpp,"(3058, 1)-(3682, 2)",b'namespace Json {\n\nstatic bool containsControl...'
src,../repos/Cinder/src/cinder/Base64.cpp,"(28, 1)-(221, 2)","b'namespace {\n\ntypedef enum { step_a, step_b, s...'"
src,../repos/Cinder/src/cinder/Base64.cpp,"(224, 1)-(280, 2)",b'namespace cinder {\n\nstd::string toBase64( con...'
src,../repos/Cinder/src/cinder/CinderAssert.cpp,"(29, 1)-(67, 4)",b'namespace cinder { namespace detail {\n\nvoid a...'
src,../repos/Cinder/src/cinder/CinderAssert.cpp,"(29, 20)-(67, 2)",b'namespace detail {\n\nvoid assertionFailedAbort...'
src,../repos/Cinder/src/cinder/Url.cpp,"(56, 1)-(169, 2)",b'namespace cinder {\n\n#if defined( CINDER_ANDRO...'
src,../repos/Cinder/src/cinder/BSplineFit.cpp,"(42, 1)-(614, 2)",b'namespace cinder {\n\ntemplate<typename T>\nclas...'
src,../repos/Cinder/src/cinder/GeomIo.cpp,"(42, 1)-(5303, 4)",b'namespace cinder { namespace geom {\n\nstd::str...'
src,../repos/Cinder/src/cinder/GeomIo.cpp,"(42, 20)-(5303, 2)",b'namespace geom {\n\nstd::string sAttribNames[(i...'
src,../repos/Cinder/src/cinder/GeomIo.cpp,"(148, 1)-(196, 2)",b'namespace { // these are helper functions for...'
src,../repos/Cinder/src/cinder/GeomIo.cpp,"(323, 1)-(455, 2)",b'namespace { \ntemplate<typename T>\nbool indice...'
src,../repos/Cinder/src/cinder/GeomIo.cpp,"(660, 1)-(663, 2)",b'namespace {\n\tconst float sRectNormals[4*3] = ...'
src,../repos/Cinder/src/cinder/GeomIo.cpp,"(3100, 1)-(3118, 2)","b'namespace {\ntemplate<typename I, typename IFD...'"
src,../repos/Cinder/src/cinder/GeomIo.cpp,"(3236, 1)-(3246, 2)","b'namespace {\ntemplate<typename S, typename D>\n...'"
src,../repos/Cinder/src/cinder/GeomIo.cpp,"(4589, 1)-(4624, 2)",b'namespace {\nsize_t determineRequiredIndices( ...'
src,../repos/Cinder/src/cinder/Surface.cpp,"(45, 1)-(620, 2)",b'namespace cinder {\n\ntemplate<typename T>\nclas...'
src,../repos/Cinder/src/cinder/CaptureImplJni.cpp,"(30, 1)-(274, 2)",b'namespace cinder {\n\n/** \\class SurfaceCache\n ...'
src,../repos/Cinder/src/cinder/ImageFileTinyExr.cpp,"(31, 1)-(336, 2)",b'namespace cinder {\n\n// ----------------------...'
src,../repos/Cinder/src/cinder/Matrix.cpp,"(29, 1)-(174, 2)",b'namespace cinder {\n\n//\n//  firstFrame - Compu...'
src,../repos/Cinder/src/cinder/UrlImplWinInet.cpp,"(33, 1)-(258, 2)",b'namespace cinder {\n\nnamespace { static const ...'
src,../repos/Cinder/src/cinder/UrlImplWinInet.cpp,"(35, 1)-(35, 62)",b'namespace { static const WCHAR AGENT_NAME[] =...'
src,../repos/Cinder/src/cinder/Rand.cpp,"(27, 1)-(32, 2)",b'namespace cinder {\n\nstd::mt19937 Rand::sBase(...'
src,../repos/Cinder/src/cinder/Timer.cpp,"(36, 1)-(129, 2)",b'namespace cinder {\n\n#if defined( CINDER_ANDRO...'
src,../repos/Cinder/src/cinder/ImageSourcePng.cpp,"(29, 1)-(191, 2)",b'namespace cinder {\n\nstruct ci_png_info\n{\n\tci:...'
src,../repos/Cinder/src/cinder/app/winrt/AppWinRt.cpp,"(46, 1)-(219, 4)",b'namespace cinder { namespace app {\n\nstd::func...'
src,../repos/Cinder/src/cinder/app/winrt/AppWinRt.cpp,"(46, 20)-(219, 2)",b'namespace app {\n\nstd::function<AppWinRt*()> A...'
src,../repos/Cinder/src/cinder/app/winrt/PlatformWinRt.cpp,"(55, 1)-(325, 2)",b'namespace cinder { namespace app {\n\nPlatformW...'
src,../repos/Cinder/src/cinder/app/winrt/PlatformWinRt.cpp,"(55, 20)-(296, 2)",b'namespace app {\n\nPlatformWinRt::PlatformWinRt...'
src,../repos/Cinder/src/cinder/app/winrt/WindowImplWinRt.cpp,"(43, 1)-(410, 2)",b'namespace cinder { namespace app {\n\n/*WindowI...'
src,../repos/Cinder/src/cinder/app/winrt/WindowImplWinRt.cpp,"(43, 20)-(90, 2)",b'namespace app {\n\n/*WindowImplWinRt::WindowImp...'
src,../repos/Cinder/src/cinder/app/AppScreenSaver.cpp,"(43, 1)-(146, 4)",b'namespace cinder { namespace app {\n\n#if defin...'
src,../repos/Cinder/src/cinder/app/AppScreenSaver.cpp,"(43, 20)-(146, 2)",b'namespace app {\n\n#if defined( CINDER_MAC )\n//...'
src,../repos/Cinder/src/cinder/app/msw/AppMsw.cpp,"(32, 1)-(155, 4)",b'namespace cinder { namespace app {\n\nAppMsw::A...'
src,../repos/Cinder/src/cinder/app/msw/AppMsw.cpp,"(32, 20)-(155, 2)",b'namespace app {\n\nAppMsw::AppMsw()\n{\n\tsInstanc...'
src,../repos/Cinder/src/cinder/app/msw/RendererImpl2dGdi.cpp,"(32, 1)-(126, 4)",b'namespace cinder { namespace app {\n\nRendererI...'
src,../repos/Cinder/src/cinder/app/msw/RendererImpl2dGdi.cpp,"(32, 20)-(126, 2)",b'namespace app {\n\nRendererImpl2dGdi::RendererI...'
src,../repos/Cinder/src/cinder/app/msw/RendererImplDx.cpp,"(48, 1)-(169, 2)",b'namespace Shaders {\n\n\t// DirectX 9.1\n\tnamespa...'
src,../repos/Cinder/src/cinder/app/msw/RendererImplDx.cpp,"(51, 2)-(78, 3)","b'namespace Dx9_1 {\n\t\t#include ""compiled_4_0_le...'"
src,../repos/Cinder/src/cinder/app/msw/RendererImplDx.cpp,"(81, 2)-(108, 3)","b'namespace Dx9_3 {\n\t\t#include ""compiled_4_0_le...'"
src,../repos/Cinder/src/cinder/app/msw/RendererImplDx.cpp,"(111, 2)-(138, 3)","b'namespace Dx10 {\n\t\t#include ""compiled_4_1/Com...'"
src,../repos/Cinder/src/cinder/app/msw/RendererImplDx.cpp,"(141, 2)-(168, 3)","b'namespace Dx11 {\n\t\t#include ""compiled_5_0/Com...'"
src,../repos/Cinder/src/cinder/app/msw/RendererImplDx.cpp,"(171, 1)-(1209, 4)",b'namespace cinder { namespace app {\n\n//bool sM...'
src,../repos/Cinder/src/cinder/app/msw/RendererImplDx.cpp,"(171, 20)-(1209, 2)",b'namespace app {\n\n//bool sMultisampleSupported...'
src,../repos/Cinder/src/cinder/app/msw/PlatformMsw.cpp,"(42, 1)-(46, 2)",b'namespace {\n\tHMODULE sShcoreDll = nullptr;\n\tt...'
src,../repos/Cinder/src/cinder/app/msw/PlatformMsw.cpp,"(48, 1)-(484, 2)",b'namespace cinder { namespace app {\n\nPlatformM...'
src,../repos/Cinder/src/cinder/app/msw/PlatformMsw.cpp,"(48, 20)-(462, 2)",b'namespace app {\n\nPlatformMsw::PlatformMsw()\n\t...'
src,../repos/Cinder/src/cinder/app/msw/PlatformMsw.cpp,"(176, 1)-(192, 2)",b'namespace {\n\n\t// see http://support.microsoft...'
src,../repos/Cinder/src/cinder/app/msw/PlatformMsw.cpp,"(387, 1)-(426, 2)",b'namespace {\nclass CinderStackWalker : public ...'
src,../repos/Cinder/src/cinder/app/msw/PlatformMsw.cpp,"(434, 1)-(461, 2)",b'namespace {\n// must be separate fn due to __t...'
src,../repos/Cinder/src/cinder/app/msw/PlatformMsw.cpp,"(488, 1)-(648, 2)",b'namespace cinder {\n\nDisplayRef app::PlatformM...'
src,../repos/Cinder/src/cinder/app/msw/PlatformMsw.cpp,"(502, 1)-(528, 2)",b'namespace {\nint getMonitorBitsPerPixel( HMONI...'
src,../repos/Cinder/src/cinder/app/msw/RendererImplGlMsw.cpp,"(37, 1)-(355, 4)",b'namespace cinder { namespace app {\n\nbool sMul...'
src,../repos/Cinder/src/cinder/app/msw/RendererImplGlMsw.cpp,"(37, 20)-(355, 2)",b'namespace app {\n\nbool sMultisampleSupported =...'
src,../repos/Cinder/src/cinder/app/msw/RendererImplGlMsw.cpp,"(83, 1)-(309, 2)",b'namespace {\nHWND createDummyWindow()\n{\n\tDWORD...'
src,../repos/Cinder/src/cinder/app/msw/AppImplMswBasic.cpp,"(35, 1)-(302, 4)",b'namespace cinder { namespace app {\n\nAppImplMs...'
src,../repos/Cinder/src/cinder/app/msw/AppImplMswBasic.cpp,"(35, 20)-(302, 2)",b'namespace app {\n\nAppImplMswBasic::AppImplMswB...'
src,../repos/Cinder/src/cinder/app/msw/AppImplMswScreenSaver.cpp,"(30, 1)-(163, 4)",b'namespace cinder { namespace app {\n\nstatic co...'
src,../repos/Cinder/src/cinder/app/msw/AppImplMswScreenSaver.cpp,"(30, 20)-(163, 2)",b'namespace app {\n\nstatic const int TIMER_ID = ...'
src,../repos/Cinder/src/cinder/app/msw/AppImplMsw.cpp,"(51, 1)-(952, 4)",b'namespace cinder { namespace app {\n\nLRESULT C...'
src,../repos/Cinder/src/cinder/app/msw/AppImplMsw.cpp,"(51, 20)-(952, 2)",b'namespace app {\n\nLRESULT CALLBACK WndProc( HW...'
src,../repos/Cinder/src/cinder/app/linux/RendererGlLinuxGlfw.cpp,"(32, 1)-(98, 3)",b'namespace cinder { namespace app {\n\nRendererG...'
src,../repos/Cinder/src/cinder/app/linux/RendererGlLinuxGlfw.cpp,"(32, 20)-(98, 2)",b'namespace app {\n\nRendererGlLinux::RendererGlL...'
src,../repos/Cinder/src/cinder/app/linux/WindowImplLinuxHeadless.cpp,"(28, 1)-(159, 3)",b'namespace cinder { namespace app {\n\n\nWindowIm...'
src,../repos/Cinder/src/cinder/app/linux/WindowImplLinuxHeadless.cpp,"(28, 20)-(159, 2)",b'namespace app {\n\n\nWindowImplLinux::WindowImpl...'
src,../repos/Cinder/src/cinder/app/linux/WindowImplLinuxGlfw.cpp,"(30, 1)-(239, 3)",b'namespace cinder { namespace app {\n\nWindowImp...'
src,../repos/Cinder/src/cinder/app/linux/WindowImplLinuxGlfw.cpp,"(30, 20)-(239, 2)",b'namespace app {\n\nWindowImplLinux::WindowImplL...'
src,../repos/Cinder/src/cinder/app/linux/PlatformLinux.cpp,"(42, 1)-(46, 2)",b'namespace cinder {\n\nextern void FontManager_d...'
src,../repos/Cinder/src/cinder/app/linux/PlatformLinux.cpp,"(48, 1)-(604, 3)",b'namespace cinder { namespace app {\n\nnamespace...'
src,../repos/Cinder/src/cinder/app/linux/PlatformLinux.cpp,"(48, 20)-(604, 2)",b'namespace app {\n\nnamespace {\n\nconst size_t RE...'
src,../repos/Cinder/src/cinder/app/linux/PlatformLinux.cpp,"(50, 1)-(54, 2)",b'namespace {\n\nconst size_t RESOURCE_SEARCH_DEP...'
src,../repos/Cinder/src/cinder/app/linux/AppLinux.cpp,"(27, 1)-(120, 3)",b'namespace cinder { namespace app {\n\nAppLinux:...'
src,../repos/Cinder/src/cinder/app/linux/AppLinux.cpp,"(27, 20)-(120, 2)",b'namespace app {\n\nAppLinux::AppLinux()\n\t: AppB...'
src,../repos/Cinder/src/cinder/app/linux/MousePointer.h,"(2, 1)-(223, 3)",b'namespace cinder { namespace app {\n\nconst int...'
src,../repos/Cinder/src/cinder/app/linux/MousePointer.h,"(2, 20)-(223, 2)",b'namespace app {\n\nconst int sMousePointerWidth...'
src,../repos/Cinder/src/cinder/app/linux/RendererGlLinuxHeadless.cpp,"(42, 1)-(295, 3)",b'namespace cinder { namespace app {\n\nvoid chec...'
src,../repos/Cinder/src/cinder/app/linux/RendererGlLinuxHeadless.cpp,"(42, 20)-(295, 2)",b'namespace app {\n\nvoid checkGlStatus();\n\nRende...'
src,../repos/Cinder/src/cinder/app/linux/AppImplLinuxGlfw.cpp,"(33, 1)-(582, 3)",b'namespace cinder { namespace app {\n\nclass Glf...'
src,../repos/Cinder/src/cinder/app/linux/AppImplLinuxGlfw.cpp,"(33, 20)-(582, 2)",b'namespace app {\n\nclass GlfwCallbacks {\npublic...'
src,../repos/Cinder/src/cinder/app/linux/AppImplLinuxHeadless.cpp,"(30, 1)-(251, 3)",b'namespace cinder { namespace app {\n\n/////////...'
src,../repos/Cinder/src/cinder/app/linux/AppImplLinuxHeadless.cpp,"(30, 20)-(251, 2)",b'namespace app {\n\n////////////////////////////...'
src,../repos/Cinder/src/cinder/app/android/PlatformAndroid.cpp,"(44, 1)-(48, 2)",b'namespace cinder {\n\nextern void FontManager_d...'
src,../repos/Cinder/src/cinder/app/android/PlatformAndroid.cpp,"(50, 1)-(321, 4)",b'namespace cinder { namespace app {\n\nPlatformA...'
src,../repos/Cinder/src/cinder/app/android/PlatformAndroid.cpp,"(50, 20)-(321, 2)",b'namespace app {\n\nPlatformAndroid::PlatformAnd...'
src,../repos/Cinder/src/cinder/app/android/AppImplAndroid.cpp,"(35, 1)-(543, 4)",b'namespace cinder { namespace app {\n\nstatic Ap...'
src,../repos/Cinder/src/cinder/app/android/AppImplAndroid.cpp,"(35, 20)-(543, 2)",b'namespace app {\n\nstatic AppImplAndroid* sInst...'
src,../repos/Cinder/src/cinder/app/android/WindowImplAndroid.cpp,"(29, 1)-(143, 4)",b'namespace cinder { namespace app { \n\nWindowIm...'
src,../repos/Cinder/src/cinder/app/android/WindowImplAndroid.cpp,"(29, 20)-(143, 2)",b'namespace app { \n\nWindowImplAndroid::WindowIm...'
src,../repos/Cinder/src/cinder/app/android/AssetFileSystem.cpp,"(28, 1)-(94, 6)",b'namespace cinder { namespace app { namespace ...'
src,../repos/Cinder/src/cinder/app/android/AssetFileSystem.cpp,"(28, 20)-(94, 4)",b'namespace app { namespace android {\n\nAAssetMa...'
src,../repos/Cinder/src/cinder/app/android/AssetFileSystem.cpp,"(28, 36)-(94, 2)",b'namespace android {\n\nAAssetManager *GetNative...'
src,../repos/Cinder/src/cinder/app/android/RendererGlAndroid.cpp,"(37, 1)-(239, 29)",b'namespace cinder { namespace app {\n\nvoid chec...'
src,../repos/Cinder/src/cinder/app/android/RendererGlAndroid.cpp,"(37, 20)-(239, 4)",b'namespace app {\n\nvoid checkGlStatus();\n\nivec2...'
src,../repos/Cinder/src/cinder/app/android/AppAndroid.cpp,"(31, 1)-(161, 4)",b'namespace cinder { namespace app {\n\nbool AppA...'
src,../repos/Cinder/src/cinder/app/android/AppAndroid.cpp,"(31, 20)-(161, 2)",b'namespace app {\n\nbool AppAndroid::mKeepScreen...'
src,../repos/Cinder/src/cinder/app/android/EventManagerAndroid.cpp,"(49, 1)-(809, 4)",b'namespace cinder { namespace app { \n\n// From ...'
src,../repos/Cinder/src/cinder/app/android/EventManagerAndroid.cpp,"(49, 20)-(809, 2)",b'namespace app { \n\n// From cinder/app/Platform...'
src,../repos/Cinder/src/cinder/app/Window.cpp,"(41, 1)-(466, 4)",b'namespace cinder { namespace app {\n\nbool Wind...'
src,../repos/Cinder/src/cinder/app/Window.cpp,"(41, 20)-(466, 2)",b'namespace app {\n\nbool Window::isFullScreen() ...'
src,../repos/Cinder/src/cinder/app/KeyEvent.cpp,"(35, 1)-(817, 4)",b'namespace cinder {\nnamespace app {\n\n#if defin...'
src,../repos/Cinder/src/cinder/app/KeyEvent.cpp,"(36, 1)-(817, 2)",b'namespace app {\n\n#if defined( CINDER_COCOA )\n...'
src,../repos/Cinder/src/cinder/app/RendererDx.cpp,"(34, 1)-(160, 4)",b'namespace cinder { namespace app {\n\nRendererD...'
src,../repos/Cinder/src/cinder/app/RendererDx.cpp,"(34, 20)-(160, 2)",b'namespace app {\n\nRendererDx::RendererDx( int ...'
src,../repos/Cinder/src/cinder/app/AppBase.cpp,"(87, 1)-(338, 4)",b'namespace cinder { namespace app {\n\nAppBase*\t...'
src,../repos/Cinder/src/cinder/app/AppBase.cpp,"(87, 20)-(338, 2)",b'namespace app {\n\nAppBase*\t\t\t\t\tAppBase::sInsta...'
src,../repos/Cinder/src/cinder/app/Renderer.cpp,"(50, 1)-(208, 4)",b'namespace cinder { namespace app {\n\n/////////...'
src,../repos/Cinder/src/cinder/app/Renderer.cpp,"(50, 20)-(208, 2)",b'namespace app {\n\n////////////////////////////...'
src,../repos/Cinder/src/cinder/app/Platform.cpp,"(43, 1)-(189, 4)",b'namespace cinder { namespace app {\n\nnamespace...'
src,../repos/Cinder/src/cinder/app/Platform.cpp,"(43, 20)-(189, 2)",b'namespace app {\n\nnamespace {\n\nconst size_t AS...'
src,../repos/Cinder/src/cinder/app/Platform.cpp,"(45, 1)-(50, 2)",b'namespace {\n\nconst size_t ASSET_SEARCH_DEPTH ...'
src,../repos/Cinder/src/cinder/app/cocoa/PlatformCocoa.cpp,"(403, 1)-(431, 2)",b'namespace {\nNSScreen* findNsScreenForCgDirect...'
src,../repos/Cinder/src/cinder/app/cocoa/AppCocoaTouch.cpp,"(27, 1)-(120, 2)",b'namespace cinder { namespace app {\n\nAppCocoaT...'
src,../repos/Cinder/src/cinder/app/cocoa/AppCocoaTouch.cpp,"(27, 20)-(115, 2)",b'namespace app {\n\nAppCocoaTouch*\tAppCocoaTouch...'
src,../repos/Cinder/src/cinder/app/cocoa/AppMac.cpp,"(30, 1)-(139, 4)",b'namespace cinder { namespace app {\n\nAppMac::A...'
src,../repos/Cinder/src/cinder/app/cocoa/AppMac.cpp,"(30, 20)-(139, 2)",b'namespace app {\n\nAppMac::AppMac()\n\t: AppBase(...'
src,../repos/Cinder/src/cinder/Sphere.cpp,"(28, 1)-(262, 2)",b'namespace cinder {\n\nbool Sphere::intersects( ...'
src,../repos/Cinder/src/cinder/Ray.cpp,"(25, 1)-(89, 2)","b'namespace cinder {\n\n// algorithm from ""Fast, ...'"
src,../repos/Cinder/src/cinder/Area.cpp,"(29, 1)-(289, 2)",b'namespace cinder {\n\nArea::Area( const ivec2 &...'
src,../repos/Cinder/src/cinder/Area.cpp,"(199, 1)-(244, 2)",b'namespace {\n\ntemplate<typename Vec2T>\nfloat c...'
src,../repos/Cinder/src/cinder/Clipboard.cpp,"(56, 1)-(295, 2)",b'namespace cinder {\n\n#if defined( CINDER_MSW )...'
src,../repos/Cinder/src/cinder/Plane.cpp,"(28, 1)-(91, 2)",b'namespace cinder {\n\ntemplate<typename T>\nPlan...'
src,../repos/Cinder/src/cinder/ImageSourceFileRadiance.cpp,"(28, 1)-(240, 2)",b'namespace cinder {\n\nImageSourceRef ImageSourc...'
src,../repos/Cinder/src/cinder/ImageSourceFileRadiance.cpp,"(58, 1)-(69, 2)",b'namespace {\ntypedef unsigned char RgbePixel[4...'
src,../repos/Cinder/src/cinder/ImageSourceFileRadiance.cpp,"(134, 1)-(238, 2)",b'namespace {\n// this should be optimized\nfloat...'
src,../repos/Cinder/src/cinder/JsonTree.cpp,"(38, 1)-(762, 2)",b'namespace cinder {\n\t\nJsonTree::ParseOptions::...'
src,../repos/Cinder/src/cinder/Rect.cpp,"(29, 1)-(456, 2)",b'namespace cinder {\n\ntemplate<typename T>\nRect...'
src,../repos/Cinder/src/cinder/Tween.cpp,"(32, 1)-(130, 2)",b'namespace cinder {\n\nTweenBase::TweenBase( voi...'
src,../repos/Cinder/src/cinder/Signals.cpp,"(28, 1)-(167, 6)",b'namespace cinder { namespace signals {\n\nConne...'
src,../repos/Cinder/src/cinder/Signals.cpp,"(28, 20)-(167, 4)",b'namespace signals {\n\nConnection::Connection()...'
src,../repos/Cinder/src/cinder/Signals.cpp,"(155, 1)-(167, 2)",b'namespace detail {\n\nDisconnector::Disconnecto...'
src,../repos/Cinder/src/cinder/winrt/WinRTUtils.cpp,"(49, 1)-(191, 3)",b'namespace cinder { \tnamespace winrt {\n\n#defin...'
src,../repos/Cinder/src/cinder/winrt/WinRTUtils.cpp,"(49, 21)-(191, 2)",b'namespace winrt {\n\n#define DEFAULT_DPI 96.0f;...'
src,../repos/Cinder/src/cinder/Font.cpp,"(82, 1)-(1267, 2)",b'namespace cinder {\n\n/////////////////////////...'
src,../repos/Cinder/src/cinder/Font.cpp,"(1078, 1)-(1083, 2)",b'namespace {\nstatic void releaseFontDataProvid...'
src,../repos/Cinder/src/cinder/Path2d.cpp,"(39, 1)-(1860, 2)",b'namespace cinder {\n\nnamespace { // helpers de...'
src,../repos/Cinder/src/cinder/Path2d.cpp,"(41, 1)-(46, 2)",b'namespace { // helpers defined below\n\tvoid ch...'
src,../repos/Cinder/src/cinder/Path2d.cpp,"(492, 1)-(658, 2)",b'namespace {\n// This technique is due to Maxim...'
src,../repos/Cinder/src/cinder/Path2d.cpp,"(750, 1)-(807, 2)",b'namespace { // getSubPath helpers\nvoid append...'
src,../repos/Cinder/src/cinder/Path2d.cpp,"(1007, 1)-(1017, 2)",b'namespace {\nfloat calcCubicBezierSpeed( const...'
src,../repos/Cinder/src/cinder/Path2d.cpp,"(1019, 1)-(1517, 2)",b'namespace { // Path2d::contains() helpers\nint...'
src,../repos/Cinder/src/cinder/MediaTime.cpp,"(28, 1)-(104, 2)",b'namespace cinder {\n\nconst int32_t MediaTime::...'
src,../repos/Cinder/src/cinder/UrlImplJni.cpp,"(26, 1)-(94, 2)",b'namespace cinder {\n\nIStreamUrlImplJni::IStrea...'
src,../repos/Cinder/src/cinder/msw/CinderMsw.cpp,"(31, 1)-(284, 4)",b'namespace cinder { namespace msw {\n\n#if ! def...'
src,../repos/Cinder/src/cinder/msw/CinderMsw.cpp,"(31, 20)-(284, 2)",b'namespace msw {\n\n#if ! defined( CINDER_UWP )\n...'
src,../repos/Cinder/src/cinder/msw/CinderMswGdiPlus.cpp,"(27, 1)-(100, 4)",b'namespace cinder { namespace msw {\n\nSurface8u...'
src,../repos/Cinder/src/cinder/msw/CinderMswGdiPlus.cpp,"(27, 20)-(100, 2)",b'namespace msw {\n\nSurface8u convertGdiplusBitm...'
src,../repos/Cinder/src/cinder/audio/Source.cpp,"(42, 1)-(208, 4)",b'namespace cinder { namespace audio {\n\n// TODO...'
src,../repos/Cinder/src/cinder/audio/Source.cpp,"(42, 20)-(208, 2)",b'namespace audio {\n\n// TODO: these should be r...'
src,../repos/Cinder/src/cinder/audio/GenNode.cpp,"(35, 1)-(377, 4)",b'namespace cinder { namespace audio {\n\n// ----...'
src,../repos/Cinder/src/cinder/audio/GenNode.cpp,"(35, 20)-(377, 2)",b'namespace audio {\n\n// -----------------------...'
src,../repos/Cinder/src/cinder/audio/GenNode.cpp,"(158, 1)-(167, 2)",b'namespace {\n\ninline float calcTriangleSignal(...'
src,../repos/Cinder/src/cinder/audio/Context.cpp,"(59, 1)-(531, 4)",b'namespace cinder { namespace audio {\n\nstd::sh...'
src,../repos/Cinder/src/cinder/audio/Context.cpp,"(59, 20)-(531, 2)",b'namespace audio {\n\nstd::shared_ptr<Context>\t\t...'
src,../repos/Cinder/src/cinder/audio/Context.cpp,"(453, 1)-(486, 2)",b'namespace {\n\nvoid printRecursive( ostream &st...'
src,../repos/Cinder/src/cinder/audio/OutputNode.cpp,"(33, 1)-(144, 4)",b'namespace cinder { namespace audio {\n\n// ----...'
src,../repos/Cinder/src/cinder/audio/OutputNode.cpp,"(33, 20)-(144, 2)",b'namespace audio {\n\n// -----------------------...'
src,../repos/Cinder/src/cinder/audio/SampleRecorderNode.cpp,"(31, 1)-(200, 4)",b'namespace cinder { namespace audio {\n\nnamespa...'
src,../repos/Cinder/src/cinder/audio/SampleRecorderNode.cpp,"(31, 20)-(200, 2)",b'namespace audio {\n\nnamespace {\n\nconst size_t ...'
src,../repos/Cinder/src/cinder/audio/SampleRecorderNode.cpp,"(33, 1)-(74, 2)",b'namespace {\n\nconst size_t DEFAULT_RECORD_BUFF...'
src,../repos/Cinder/src/cinder/audio/NodeMath.cpp,"(28, 1)-(87, 4)",b'namespace cinder { namespace audio {\n\n// ----...'
src,../repos/Cinder/src/cinder/audio/NodeMath.cpp,"(28, 20)-(87, 2)",b'namespace audio {\n\n// -----------------------...'
src,../repos/Cinder/src/cinder/audio/Target.cpp,"(38, 1)-(98, 4)",b'namespace cinder { namespace audio {\n\n// TODO...'
src,../repos/Cinder/src/cinder/audio/Target.cpp,"(38, 20)-(98, 2)",b'namespace audio {\n\n// TODO: these should be r...'
src,../repos/Cinder/src/cinder/audio/PanNode.cpp,"(31, 1)-(189, 4)",b'namespace cinder { namespace audio {\n\nPan2dNo...'
src,../repos/Cinder/src/cinder/audio/PanNode.cpp,"(31, 20)-(189, 2)",b'namespace audio {\n\nPan2dNode::Pan2dNode( cons...'
src,../repos/Cinder/src/cinder/audio/Param.cpp,"(32, 1)-(382, 4)",b'namespace cinder { namespace audio {\n\nvoid ra...'
src,../repos/Cinder/src/cinder/audio/Param.cpp,"(32, 20)-(382, 2)",b'namespace audio {\n\nvoid rampLinear( float *ar...'
src,../repos/Cinder/src/cinder/audio/msw/FileMediaFoundation.cpp,"(50, 1)-(578, 6)",b'namespace cinder { namespace audio { namespac...'
src,../repos/Cinder/src/cinder/audio/msw/FileMediaFoundation.cpp,"(50, 20)-(578, 4)",b'namespace audio { namespace msw {\n\nbool Media...'
src,../repos/Cinder/src/cinder/audio/msw/FileMediaFoundation.cpp,"(50, 38)-(578, 2)",b'namespace msw {\n\nbool MediaFoundationInitiali...'
src,../repos/Cinder/src/cinder/audio/msw/FileMediaFoundation.cpp,"(54, 1)-(85, 2)",b'namespace {\n\ninline double\tnanoSecondsToSecon...'
src,../repos/Cinder/src/cinder/audio/msw/ContextWasapi.cpp,"(61, 1)-(964, 6)",b'namespace cinder { namespace audio { namespac...'
src,../repos/Cinder/src/cinder/audio/msw/ContextWasapi.cpp,"(61, 20)-(964, 4)",b'namespace audio { namespace msw {\n\nnamespace ...'
src,../repos/Cinder/src/cinder/audio/msw/ContextWasapi.cpp,"(61, 38)-(964, 2)",b'namespace msw {\n\nnamespace {\n\nconst size_t RI...'
src,../repos/Cinder/src/cinder/audio/msw/ContextWasapi.cpp,"(63, 1)-(86, 2)",b'namespace {\n\nconst size_t RINGBUFFER_PADDING_...'
src,../repos/Cinder/src/cinder/audio/msw/DeviceManagerWasapi.cpp,"(44, 1)-(489, 6)",b'namespace cinder { namespace audio { namespac...'
src,../repos/Cinder/src/cinder/audio/msw/DeviceManagerWasapi.cpp,"(44, 20)-(489, 4)",b'namespace audio { namespace msw {\n\nstruct Dev...'
src,../repos/Cinder/src/cinder/audio/msw/DeviceManagerWasapi.cpp,"(44, 38)-(489, 2)",b'namespace msw {\n\nstruct DeviceManagerWasapi::...'
src,../repos/Cinder/src/cinder/audio/msw/DeviceManagerWasapi.cpp,"(67, 1)-(105, 2)",b'namespace {\n\nconst char*\tdeviceStateToStr( DW...'
src,../repos/Cinder/src/cinder/audio/msw/MswUtil.cpp,"(29, 1)-(140, 6)",b'namespace cinder { namespace audio { namespac...'
src,../repos/Cinder/src/cinder/audio/msw/MswUtil.cpp,"(29, 20)-(140, 4)",b'namespace audio { namespace msw {\n\n::WAVEFORM...'
src,../repos/Cinder/src/cinder/audio/msw/MswUtil.cpp,"(29, 38)-(140, 2)",b'namespace msw {\n\n::WAVEFORMATEXTENSIBLE makeW...'
src,../repos/Cinder/src/cinder/audio/linux/ContextPulseAudio.cpp,"(31, 1)-(602, 2)",b'namespace pulse {\n\nstruct Context;\nstruct Out...'
src,../repos/Cinder/src/cinder/audio/linux/ContextPulseAudio.cpp,"(604, 1)-(891, 6)",b'namespace cinder { namespace audio { namespac...'
src,../repos/Cinder/src/cinder/audio/linux/ContextPulseAudio.cpp,"(604, 20)-(891, 4)",b'namespace audio { namespace linux {\n\n// -----...'
src,../repos/Cinder/src/cinder/audio/linux/ContextPulseAudio.cpp,"(604, 38)-(891, 2)",b'namespace linux {\n\n// -----------------------...'
src,../repos/Cinder/src/cinder/audio/linux/ContextJack.cpp,"(26, 1)-(50, 6)",b'namespace cinder { namespace audio { namespac...'
src,../repos/Cinder/src/cinder/audio/linux/ContextJack.cpp,"(26, 20)-(50, 4)",b'namespace audio { namespace linux {\n\nContextJ...'
src,../repos/Cinder/src/cinder/audio/linux/ContextJack.cpp,"(26, 38)-(50, 2)",b'namespace linux {\n\nContextJack::ContextJack()...'
src,../repos/Cinder/src/cinder/audio/linux/FileAudioLoader.cpp,"(32, 1)-(468, 2)",b'namespace audioloader {\n\nusing SampleType = c...'
src,../repos/Cinder/src/cinder/audio/linux/FileAudioLoader.cpp,"(470, 1)-(616, 6)",b'namespace cinder { namespace audio { namespac...'
src,../repos/Cinder/src/cinder/audio/linux/FileAudioLoader.cpp,"(470, 20)-(616, 4)",b'namespace audio { namespace linux {\n\n// -----...'
src,../repos/Cinder/src/cinder/audio/linux/FileAudioLoader.cpp,"(470, 38)-(616, 2)",b'namespace linux {\n\n// -----------------------...'
src,../repos/Cinder/src/cinder/audio/linux/DeviceManagerJack.cpp,"(26, 1)-(38, 6)",b'namespace cinder { namespace audio { namespac...'
src,../repos/Cinder/src/cinder/audio/linux/DeviceManagerJack.cpp,"(26, 20)-(38, 4)",b'namespace audio { namespace linux {\n\nDeviceMa...'
src,../repos/Cinder/src/cinder/audio/linux/DeviceManagerJack.cpp,"(26, 38)-(38, 2)",b'namespace linux {\n\nDeviceManagerJack::DeviceM...'
src,../repos/Cinder/src/cinder/audio/linux/DeviceManagerPulseAudio.cpp,"(36, 1)-(257, 2)",b'namespace pulse {\n\nusing DeviceInfo = cinder:...'
src,../repos/Cinder/src/cinder/audio/linux/DeviceManagerPulseAudio.cpp,"(259, 1)-(364, 6)",b'namespace cinder { namespace audio { namespac...'
src,../repos/Cinder/src/cinder/audio/linux/DeviceManagerPulseAudio.cpp,"(259, 20)-(364, 4)",b'namespace audio { namespace linux {\n\nDeviceMa...'
src,../repos/Cinder/src/cinder/audio/linux/DeviceManagerPulseAudio.cpp,"(259, 38)-(364, 2)",b'namespace linux {\n\nDeviceManagerPulseAudio::D...'
src,../repos/Cinder/src/cinder/audio/FilterNode.cpp,"(28, 1)-(108, 4)",b'namespace cinder { namespace audio {\n\nFilterB...'
src,../repos/Cinder/src/cinder/audio/FilterNode.cpp,"(28, 20)-(108, 2)",b'namespace audio {\n\nFilterBiquadNode::FilterBi...'
src,../repos/Cinder/src/cinder/audio/WaveTable.cpp,"(33, 1)-(77, 2)",b'namespace {\n\n// gibbs effect reduction based ...'
src,../repos/Cinder/src/cinder/audio/WaveTable.cpp,"(79, 1)-(428, 4)",b'namespace cinder { namespace audio {\n\n// ----...'
src,../repos/Cinder/src/cinder/audio/WaveTable.cpp,"(79, 20)-(428, 2)",b'namespace audio {\n\n// -----------------------...'
src,../repos/Cinder/src/cinder/audio/android/DeviceManagerOpenSl.cpp,"(33, 1)-(179, 6)",b'namespace cinder {\n\nusing namespace android;\n...'
src,../repos/Cinder/src/cinder/audio/android/DeviceManagerOpenSl.cpp,"(37, 1)-(179, 4)",b'namespace audio { namespace android {\n\nnamesp...'
src,../repos/Cinder/src/cinder/audio/android/DeviceManagerOpenSl.cpp,"(37, 19)-(179, 2)",b'namespace android {\n\nnamespace {\n\nconst strin...'
src,../repos/Cinder/src/cinder/audio/android/DeviceManagerOpenSl.cpp,"(39, 1)-(43, 2)",b'namespace {\n\nconst string DEFAULT_DEVICE_KEY ...'
src,../repos/Cinder/src/cinder/audio/android/ContextOpenSl.cpp,"(39, 1)-(529, 6)",b'namespace cinder { namespace audio { namespac...'
src,../repos/Cinder/src/cinder/audio/android/ContextOpenSl.cpp,"(39, 20)-(529, 4)",b'namespace audio { namespace android {\n\n// ---...'
src,../repos/Cinder/src/cinder/audio/android/ContextOpenSl.cpp,"(39, 38)-(529, 2)",b'namespace android {\n\n// ---------------------...'
src,../repos/Cinder/src/cinder/audio/SamplePlayerNode.cpp,"(31, 1)-(483, 4)",b'namespace cinder { namespace audio {\n\n// ----...'
src,../repos/Cinder/src/cinder/audio/SamplePlayerNode.cpp,"(31, 20)-(483, 2)",b'namespace audio {\n\n// -----------------------...'
src,../repos/Cinder/src/cinder/audio/Utilities.cpp,"(29, 1)-(96, 4)",b'namespace cinder { namespace audio {\n\nconst f...'
src,../repos/Cinder/src/cinder/audio/Utilities.cpp,"(29, 20)-(96, 2)",b'namespace audio {\n\nconst float kGainNegative1...'
src,../repos/Cinder/src/cinder/audio/DelayNode.cpp,"(32, 1)-(152, 4)",b'namespace cinder { namespace audio {\n\nnamespa...'
src,../repos/Cinder/src/cinder/audio/DelayNode.cpp,"(32, 20)-(152, 2)",b'namespace audio {\n\nnamespace {\n\ninline float ...'
src,../repos/Cinder/src/cinder/audio/DelayNode.cpp,"(34, 1)-(47, 2)",b'namespace {\n\ninline float interpLinear( const...'
src,../repos/Cinder/src/cinder/audio/InputNode.cpp,"(29, 1)-(143, 4)",b'namespace cinder { namespace audio {\n\n// ----...'
src,../repos/Cinder/src/cinder/audio/InputNode.cpp,"(29, 20)-(143, 2)",b'namespace audio {\n\n// -----------------------...'
src,../repos/Cinder/src/cinder/audio/ChannelRouterNode.cpp,"(33, 1)-(138, 4)",b'namespace cinder { namespace audio {\n\nChannel...'
src,../repos/Cinder/src/cinder/audio/ChannelRouterNode.cpp,"(33, 20)-(138, 2)",b'namespace audio {\n\nChannelRouterNode::RouteCo...'
src,../repos/Cinder/src/cinder/audio/Node.cpp,"(37, 1)-(629, 4)",b'namespace cinder { namespace audio {\n\n// ----...'
src,../repos/Cinder/src/cinder/audio/Node.cpp,"(37, 20)-(629, 2)",b'namespace audio {\n\n// -----------------------...'
src,../repos/Cinder/src/cinder/audio/cocoa/ContextAudioUnit.cpp,"(38, 1)-(452, 6)",b'namespace cinder { namespace audio { namespac...'
src,../repos/Cinder/src/cinder/audio/cocoa/ContextAudioUnit.cpp,"(38, 20)-(452, 4)",b'namespace audio { namespace cocoa {\n\nenum Dev...'
src,../repos/Cinder/src/cinder/audio/cocoa/ContextAudioUnit.cpp,"(38, 38)-(452, 2)",b'namespace cocoa {\n\nenum DeviceBus { OUTPUT = ...'
src,../repos/Cinder/src/cinder/audio/cocoa/CinderCoreAudio.cpp,"(29, 1)-(304, 6)",b'namespace cinder { namespace audio { namespac...'
src,../repos/Cinder/src/cinder/audio/cocoa/CinderCoreAudio.cpp,"(29, 20)-(304, 4)",b'namespace audio { namespace cocoa {\n\nnamespac...'
src,../repos/Cinder/src/cinder/audio/cocoa/CinderCoreAudio.cpp,"(29, 38)-(304, 2)",b'namespace cocoa {\n\nnamespace {\n\nconst OSStatu...'
src,../repos/Cinder/src/cinder/audio/cocoa/CinderCoreAudio.cpp,"(31, 1)-(45, 2)",b'namespace {\n\nconst OSStatus kErrorNotEnoughEn...'
src,../repos/Cinder/src/cinder/audio/cocoa/FileCoreAudio.cpp,"(34, 1)-(213, 6)",b'namespace cinder { namespace audio { namespac...'
src,../repos/Cinder/src/cinder/audio/cocoa/FileCoreAudio.cpp,"(34, 20)-(213, 4)",b'namespace audio { namespace cocoa {\n\n// -----...'
src,../repos/Cinder/src/cinder/audio/cocoa/FileCoreAudio.cpp,"(34, 38)-(213, 2)",b'namespace cocoa {\n\n// -----------------------...'
src,../repos/Cinder/src/cinder/audio/cocoa/DeviceManagerCoreAudio.cpp,"(32, 1)-(394, 6)",b'namespace cinder { namespace audio { namespac...'
src,../repos/Cinder/src/cinder/audio/cocoa/DeviceManagerCoreAudio.cpp,"(32, 20)-(394, 4)",b'namespace audio { namespace cocoa {\n\n// -----...'
src,../repos/Cinder/src/cinder/audio/cocoa/DeviceManagerCoreAudio.cpp,"(32, 38)-(394, 2)",b'namespace cocoa {\n\n// -----------------------...'
src,../repos/Cinder/src/cinder/audio/cocoa/DeviceManagerCoreAudio.cpp,"(38, 1)-(128, 2)",b'namespace {\n\nAudioObjectPropertyAddress getAu...'
src,../repos/Cinder/src/cinder/audio/FileOggVorbis.cpp,"(34, 1)-(283, 31)",b'namespace cinder { namespace audio {\n\n// ----...'
src,../repos/Cinder/src/cinder/audio/FileOggVorbis.cpp,"(34, 20)-(283, 4)",b'namespace audio {\n\n// -----------------------...'
src,../repos/Cinder/src/cinder/audio/dsp/Dsp.cpp,"(34, 1)-(282, 6)",b'namespace cinder { namespace audio { namespac...'
src,../repos/Cinder/src/cinder/audio/dsp/Dsp.cpp,"(34, 20)-(282, 4)",b'namespace audio { namespace dsp {\n\n// -------...'
src,../repos/Cinder/src/cinder/audio/dsp/Dsp.cpp,"(34, 38)-(282, 2)",b'namespace dsp {\n\n// -------------------------...'
src,../repos/Cinder/src/cinder/audio/dsp/ConverterR8brain.cpp,"(31, 1)-(139, 6)",b'namespace cinder { namespace audio { namespac...'
src,../repos/Cinder/src/cinder/audio/dsp/ConverterR8brain.cpp,"(31, 20)-(139, 4)",b'namespace audio { namespace dsp {\n\n// Notes o...'
src,../repos/Cinder/src/cinder/audio/dsp/ConverterR8brain.cpp,"(31, 38)-(139, 2)",b'namespace dsp {\n\n// Notes on how to make r8br...'
src,../repos/Cinder/src/cinder/audio/dsp/Converter.cpp,"(38, 1)-(137, 6)",b'namespace cinder { namespace audio { namespac...'
src,../repos/Cinder/src/cinder/audio/dsp/Converter.cpp,"(38, 20)-(137, 4)",b'namespace audio { namespace dsp {\n\nunique_ptr...'
src,../repos/Cinder/src/cinder/audio/dsp/Converter.cpp,"(38, 38)-(137, 2)",b'namespace dsp {\n\nunique_ptr<Converter> Conver...'
src,../repos/Cinder/src/cinder/audio/dsp/ooura/fftsg.cpp,"(289, 1)-(3274, 8)",b'namespace cinder { namespace audio { namespac...'
src,../repos/Cinder/src/cinder/audio/dsp/ooura/fftsg.cpp,"(289, 20)-(3274, 6)",b'namespace audio { namespace dsp { namespace o...'
src,../repos/Cinder/src/cinder/audio/dsp/ooura/fftsg.cpp,"(289, 38)-(3274, 4)",b'namespace dsp { namespace ooura {\n\ntemplate <...'
src,../repos/Cinder/src/cinder/audio/dsp/ooura/fftsg.cpp,"(289, 54)-(3274, 2)",b'namespace ooura {\n\ntemplate <typename T> void...'
src,../repos/Cinder/src/cinder/audio/dsp/Fft.cpp,"(33, 1)-(157, 6)",b'namespace cinder { namespace audio { namespac...'
src,../repos/Cinder/src/cinder/audio/dsp/Fft.cpp,"(33, 20)-(157, 4)",b'namespace audio { namespace dsp {\n\nFft::Fft( ...'
src,../repos/Cinder/src/cinder/audio/dsp/Fft.cpp,"(33, 38)-(157, 2)",b'namespace dsp {\n\nFft::Fft( size_t fftSize )\n:...'
src,../repos/Cinder/src/cinder/audio/dsp/Biquad.cpp,"(66, 1)-(537, 6)",b'namespace cinder { namespace audio { namespac...'
src,../repos/Cinder/src/cinder/audio/dsp/Biquad.cpp,"(66, 20)-(537, 4)",b'namespace audio { namespace dsp {\n\nnamespace ...'
src,../repos/Cinder/src/cinder/audio/dsp/Biquad.cpp,"(66, 38)-(537, 2)",b'namespace dsp {\n\nnamespace {\n\nconst size_t kB...'
src,../repos/Cinder/src/cinder/audio/dsp/Biquad.cpp,"(68, 1)-(72, 2)",b'namespace {\n\nconst size_t kBufferSize = 1024;\n\n}'
src,../repos/Cinder/src/cinder/audio/MonitorNode.cpp,"(32, 1)-(188, 4)",b'namespace cinder { namespace audio {\n\n// ----...'
src,../repos/Cinder/src/cinder/audio/MonitorNode.cpp,"(32, 20)-(188, 2)",b'namespace audio {\n\n// -----------------------...'
src,../repos/Cinder/src/cinder/audio/Device.cpp,"(42, 1)-(246, 4)",b'namespace cinder { namespace audio {\n\n// ----...'
src,../repos/Cinder/src/cinder/audio/Device.cpp,"(42, 20)-(246, 2)",b'namespace audio {\n\n// -----------------------...'
src,../repos/Cinder/src/cinder/audio/Voice.cpp,"(34, 1)-(300, 4)",b'namespace cinder { namespace audio {\n\n// ----...'
src,../repos/Cinder/src/cinder/audio/Voice.cpp,"(34, 20)-(300, 2)",b'namespace audio {\n\n// -----------------------...'
src,../repos/Cinder/src/cinder/linux/GstPlayer.cpp,"(23, 1)-(1280, 3)",b'namespace gst { namespace video {\n\n#if define...'
src,../repos/Cinder/src/cinder/linux/GstPlayer.cpp,"(23, 17)-(1280, 2)",b'namespace video {\n\n#if defined( CINDER_GST_HA...'
src,../repos/Cinder/src/cinder/linux/Movie.cpp,"(33, 1)-(255, 3)",b'namespace cinder { namespace linux {\n\n//! \\cl...'
src,../repos/Cinder/src/cinder/linux/Movie.cpp,"(33, 20)-(255, 2)",b'namespace linux {\n\n//! \\class MovieBase\n//!\n/...'
src,../repos/Cinder/src/cinder/Json.cpp,"(29, 1)-(49, 2)",b'namespace cinder {\n\nJson loadJson( const cind...'
src,../repos/Cinder/src/cinder/TimelineItem.cpp,"(31, 1)-(170, 2)",b'namespace cinder {\n\nTimelineItem::TimelineIte...'
src,../repos/Cinder/src/cinder/android/app/Permissions.cpp,"(24, 1)-(28, 4)",b'namespace cinder { namespace android { namesp...'
src,../repos/Cinder/src/cinder/android/app/Permissions.cpp,"(24, 20)-(28, 3)",b'namespace android { namespace app {\n\n\n\n}}'
src,../repos/Cinder/src/cinder/android/app/Permissions.cpp,"(24, 40)-(28, 2)",b'namespace app {\n\n\n\n}'
src,../repos/Cinder/src/cinder/android/app/CinderNativeActivity.cpp,"(38, 1)-(265, 4)",b'namespace cinder { namespace android { namesp...'
src,../repos/Cinder/src/cinder/android/app/CinderNativeActivity.cpp,"(38, 20)-(265, 3)",b'namespace android { namespace app {\n\njclassID...'
src,../repos/Cinder/src/cinder/android/app/CinderNativeActivity.cpp,"(38, 40)-(265, 2)",b'namespace app {\n\njclassID\tCinderNativeActivit...'
src,../repos/Cinder/src/cinder/android/AndroidDevLog.cpp,"(33, 1)-(77, 3)",b'namespace cinder { namespace android {\n\nvoid ...'
src,../repos/Cinder/src/cinder/android/AndroidDevLog.cpp,"(33, 20)-(77, 2)",b'namespace android {\n\nvoid dbg_app_log( const ...'
src,../repos/Cinder/src/cinder/android/LogCatStream.cpp,"(31, 1)-(38, 4)",b'namespace cinder { namespace android {\n\nvoid ...'
src,../repos/Cinder/src/cinder/android/LogCatStream.cpp,"(31, 20)-(38, 2)",b'namespace android {\n\nvoid LogCatOutput( const...'
src,../repos/Cinder/src/cinder/android/hardware/Camera.cpp,"(31, 1)-(563, 4)",b'namespace cinder { namespace android { namesp...'
src,../repos/Cinder/src/cinder/android/hardware/Camera.cpp,"(31, 20)-(563, 3)",b'namespace android { namespace hardware {\n\n///...'
src,../repos/Cinder/src/cinder/android/hardware/Camera.cpp,"(31, 40)-(563, 2)",b'namespace hardware {\n\n///////////////////////...'
src,../repos/Cinder/src/cinder/android/net/UrlLoader.cpp,"(28, 1)-(164, 4)",b'namespace cinder { namespace android { namesp...'
src,../repos/Cinder/src/cinder/android/net/UrlLoader.cpp,"(28, 20)-(164, 3)",b'namespace android { namespace net {\n\njclassID...'
src,../repos/Cinder/src/cinder/android/net/UrlLoader.cpp,"(28, 40)-(164, 2)",b'namespace net {\n\njclassID\tUrlLoader::sJavaCla...'
src,../repos/Cinder/src/cinder/android/video/MovieGl.cpp,"(26, 1)-(86, 4)",b'namespace cinder { namespace android { namesp...'
src,../repos/Cinder/src/cinder/android/video/MovieGl.cpp,"(26, 20)-(86, 3)",b'namespace android { namespace video {\n\n/** \\c...'
src,../repos/Cinder/src/cinder/android/video/MovieGl.cpp,"(26, 40)-(86, 2)",b'namespace video {\n\n/** \\class MovieGl\n *\n */\n...'
src,../repos/Cinder/src/cinder/android/video/VideoPlayer.cpp,"(30, 1)-(286, 4)",b'namespace cinder { namespace android { namesp...'
src,../repos/Cinder/src/cinder/android/video/VideoPlayer.cpp,"(30, 20)-(286, 3)",b'namespace android { namespace video {\n\njclass...'
src,../repos/Cinder/src/cinder/android/video/VideoPlayer.cpp,"(30, 40)-(286, 2)",b'namespace video {\n\njclassID\tVideoPlayer::Java...'
src,../repos/Cinder/src/cinder/android/JniHelper.cpp,"(33, 1)-(1015, 3)",b'namespace cinder { namespace android { \n\n/** ...'
src,../repos/Cinder/src/cinder/android/JniHelper.cpp,"(33, 20)-(1015, 2)",b'namespace android { \n\n/** \\class JniGlobalObj...'
src,../repos/Cinder/src/cinder/android/CinderAndroid.cpp,"(37, 1)-(66, 2)",b'namespace std {\n\nstd::string to_string( int v...'
src,../repos/Cinder/src/cinder/android/CinderAndroid.cpp,"(68, 1)-(199, 4)",b'namespace cinder { namespace android {\n\nnames...'
src,../repos/Cinder/src/cinder/android/CinderAndroid.cpp,"(68, 20)-(199, 2)",b'namespace android {\n\nnamespace fs {\n\nbool exi...'
src,../repos/Cinder/src/cinder/android/CinderAndroid.cpp,"(70, 1)-(157, 2)",b'namespace fs {\n\nbool exists( const ci::fs::pa...'
src,../repos/Cinder/src/cinder/Perlin.cpp,"(31, 1)-(311, 2)",b'namespace cinder {\n\nstatic inline float fade(...'
src,../repos/Cinder/src/cinder/ImageSourceFileQuartz.cpp,"(33, 1)-(149, 2)",b'namespace cinder {\n\n/////////////////////////...'
src,../repos/Cinder/src/cinder/DataSource.cpp,"(31, 1)-(196, 2)",b'namespace cinder {\n\n/////////////////////////...'
src,../repos/Cinder/src/cinder/CinderImGui.cpp,"(21, 1)-(351, 2)",b'namespace ImGui {\n\tOptions::Options()\n\t\t: mWi...'
src,../repos/Cinder/src/cinder/Utilities.cpp,"(43, 1)-(282, 2)",b'namespace cinder {\n\nfs::path expandPath( cons...'
src,../repos/Cinder/src/cinder/UrlImplCurl.cpp,"(28, 1)-(352, 2)",b'namespace cinder {\n\n// ----------------------...'
src,../repos/Cinder/src/cinder/Channel.cpp,"(31, 1)-(279, 2)",b'namespace cinder {\n\ntemplate<typename T>\nclas...'
src,../repos/Cinder/src/cinder/svg/Svg.cpp,"(37, 1)-(2394, 4)",b'namespace cinder { namespace svg {\n\n\nnamespac...'
src,../repos/Cinder/src/cinder/svg/Svg.cpp,"(37, 20)-(2394, 2)",b'namespace svg {\n\n\nnamespace {\n\n\nbool isNumeri...'
src,../repos/Cinder/src/cinder/svg/Svg.cpp,"(40, 1)-(175, 2)",b'namespace {\n\n\nbool isNumeric( char c )\n{\n\tret...'
src,../repos/Cinder/src/cinder/svg/Svg.cpp,"(186, 1)-(189, 2)",b'namespace {\n\tconst Paint sPaintNone = svg::Pa...'
src,../repos/Cinder/src/cinder/ImageTargetFileQuartz.cpp,"(35, 1)-(167, 2)",b'namespace cinder {\n\nvoid ImageTargetFileQuart...'
src,../repos/Cinder/src/cinder/ImageTargetFileQuartz.cpp,"(89, 1)-(103, 2)","b'namespace { // anonymous namespace\n\nextern ""C...'"
src,../repos/Cinder/src/cinder/Shape2d.cpp,"(27, 1)-(198, 2)",b'namespace cinder {\n\n/////////////////////////...'
src,../repos/Cinder/src/cinder/Text.cpp,"(70, 1)-(1244, 2)",b'namespace cinder {\n\n/////////////////////////...'
src,../repos/Cinder/src/cinder/Triangulate.cpp,"(29, 1)-(130, 2)",b'namespace cinder {\n\nvoid* stdAlloc( void* use...'
src,../repos/Cinder/src/cinder/Log.cpp,"(57, 1)-(571, 4)",b'namespace cinder { namespace log {\n\nnamespace...'
src,../repos/Cinder/src/cinder/Log.cpp,"(57, 20)-(571, 2)",b'namespace log {\n\nnamespace  {\n\n// output form...'
src,../repos/Cinder/src/cinder/Log.cpp,"(59, 1)-(92, 2)",b'namespace  {\n\n// output format is YYYY-MM-DD....'
src,../repos/Cinder/src/cinder/CinderMath.cpp,"(56, 1)-(676, 2)",b'namespace cinder {\n\n\n////////////////////////...'
src,../repos/Cinder/src/cinder/CinderMath.cpp,"(105, 1)-(296, 2)",b'namespace {\nfloat PointOnEllipseBisector( int...'
src,../repos/Cinder/src/cinder/CinderMath.cpp,"(322, 1)-(511, 2)",b'namespace {\n\n//! Given a point and a Bezier c...'
src,../repos/Cinder/src/cinder/gl/BufferObj.cpp,"(29, 1)-(297, 4)",b'namespace cinder { namespace gl {\n\nBufferObjR...'
src,../repos/Cinder/src/cinder/gl/BufferObj.cpp,"(29, 20)-(297, 2)",b'namespace gl {\n\nBufferObjRef BufferObj::creat...'
src,../repos/Cinder/src/cinder/gl/Batch.cpp,"(32, 1)-(423, 4)",b'namespace cinder { namespace gl {\n\n//////////...'
src,../repos/Cinder/src/cinder/gl/Batch.cpp,"(32, 20)-(423, 2)",b'namespace gl {\n\n/////////////////////////////...'
src,../repos/Cinder/src/cinder/gl/Vbo.cpp,"(25, 1)-(47, 4)",b'namespace cinder { namespace gl {\n\t\nVboRef Vb...'
src,../repos/Cinder/src/cinder/gl/Vbo.cpp,"(25, 20)-(47, 2)",b'namespace gl {\n\t\nVboRef Vbo::create( GLenum t...'
src,../repos/Cinder/src/cinder/gl/GlslProg.cpp,"(48, 1)-(2054, 4)",b'namespace cinder { namespace gl {\n    \nstatic...'
src,../repos/Cinder/src/cinder/gl/GlslProg.cpp,"(48, 20)-(2054, 2)",b'namespace gl {\n    \nstatic GlslProg::UniformS...'
src,../repos/Cinder/src/cinder/gl/nv/Multicast.cpp,"(10, 1)-(131, 6)",b'namespace cinder { namespace gl { namespace n...'
src,../repos/Cinder/src/cinder/gl/nv/Multicast.cpp,"(10, 20)-(131, 4)",b'namespace gl { namespace nv { namespace multi...'
src,../repos/Cinder/src/cinder/gl/nv/Multicast.cpp,"(10, 35)-(131, 2)",b'namespace nv { namespace multicast {\n\nclass C...'
src,../repos/Cinder/src/cinder/gl/nv/Multicast.cpp,"(10, 50)-(32, 2)",b'namespace multicast {\n\nclass Context : public...'
src,../repos/Cinder/src/cinder/gl/Context.cpp,"(48, 1)-(2278, 4)",b'namespace cinder { namespace gl {\n\n#if define...'
src,../repos/Cinder/src/cinder/gl/Context.cpp,"(48, 20)-(2278, 2)",b'namespace gl {\n\n#if defined( CINDER_COCOA ) |...'
src,../repos/Cinder/src/cinder/gl/Context.cpp,"(2229, 1)-(2248, 2)","b""namespace {\n// because the constants aren't i..."""
src,../repos/Cinder/src/cinder/gl/Shader.cpp,"(30, 1)-(150, 4)",b'namespace cinder { namespace gl {\n\nShaderDef:...'
src,../repos/Cinder/src/cinder/gl/Shader.cpp,"(30, 20)-(150, 2)",b'namespace gl {\n\nShaderDef::ShaderDef()\n#if de...'
src,../repos/Cinder/src/cinder/gl/Ubo.cpp,"(28, 1)-(57, 4)",b'namespace cinder { namespace gl {\n\t\nUboRef Ub...'
src,../repos/Cinder/src/cinder/gl/Ubo.cpp,"(28, 20)-(57, 2)",b'namespace gl {\n\t\nUboRef Ubo::create()\n{\n\tretu...'
src,../repos/Cinder/src/cinder/gl/VaoImplCore.cpp,"(34, 1)-(206, 4)",b'namespace cinder { namespace gl {\n\nclass VaoI...'
src,../repos/Cinder/src/cinder/gl/VaoImplCore.cpp,"(34, 20)-(206, 2)",b'namespace gl {\n\nclass VaoImplCore : public Va...'
src,../repos/Cinder/src/cinder/gl/Pbo.cpp,"(27, 1)-(51, 4)",b'namespace cinder { namespace gl {\n\t\nPboRef Pb...'
src,../repos/Cinder/src/cinder/gl/Pbo.cpp,"(27, 20)-(51, 2)",b'namespace gl {\n\t\nPboRef Pbo::create( GLenum t...'
src,../repos/Cinder/src/cinder/gl/ShaderPreprocessor.cpp,"(35, 1)-(446, 4)",b'namespace cinder { namespace gl {\n\nnamespace ...'
src,../repos/Cinder/src/cinder/gl/ShaderPreprocessor.cpp,"(35, 20)-(446, 2)",b'namespace gl {\n\nnamespace {\n// due to null or...'
src,../repos/Cinder/src/cinder/gl/ShaderPreprocessor.cpp,"(37, 1)-(154, 2)",b'namespace {\n// due to null or the rest of the...'
src,../repos/Cinder/src/cinder/gl/TransformFeedbackObj.cpp,"(31, 1)-(156, 4)",b'namespace cinder { namespace gl {\n\nnamespace ...'
src,../repos/Cinder/src/cinder/gl/TransformFeedbackObj.cpp,"(31, 20)-(156, 2)",b'namespace gl {\n\nnamespace {\n\nclass TransformF...'
src,../repos/Cinder/src/cinder/gl/TransformFeedbackObj.cpp,"(33, 1)-(108, 2)",b'namespace {\n\nclass TransformFeedbackObjImplHa...'
src,../repos/Cinder/src/cinder/gl/Texture.cpp,"(78, 1)-(88, 2)",b'namespace std {\n\ndouble log2( double x ) {\n#i...'
src,../repos/Cinder/src/cinder/gl/Texture.cpp,"(94, 1)-(1518, 2)",b'namespace cinder { namespace gl {\n\n#if define...'
src,../repos/Cinder/src/cinder/gl/Texture.cpp,"(94, 20)-(1515, 3)",b'namespace gl {\n\n#if defined( CINDER_GL_ANGLE ...'
src,../repos/Cinder/src/cinder/gl/Texture.cpp,"(1801, 1)-(1911, 2)",b'namespace {\nstruct CubeMapFaceRegion {\n\tArea\t...'
src,../repos/Cinder/src/cinder/gl/Sync.cpp,"(27, 1)-(58, 4)",b'namespace cinder { namespace gl { \n\n#if ! def...'
src,../repos/Cinder/src/cinder/gl/Sync.cpp,"(27, 20)-(58, 2)",b'namespace gl { \n\n#if ! defined( CINDER_GL_ES ...'
src,../repos/Cinder/src/cinder/gl/Vao.cpp,"(51, 1)-(317, 4)",b'namespace cinder { namespace gl {\n\n// defined...'
src,../repos/Cinder/src/cinder/gl/Vao.cpp,"(51, 20)-(317, 2)",b'namespace gl {\n\n// defined in VaoImplEs\n#if d...'
src,../repos/Cinder/src/cinder/gl/VaoImplEs.cpp,"(36, 1)-(187, 4)",b'namespace cinder { namespace gl {\n\nclass VaoI...'
src,../repos/Cinder/src/cinder/gl/VaoImplEs.cpp,"(36, 20)-(187, 2)",b'namespace gl {\n\nclass VaoImplEs : public Vao ...'
src,../repos/Cinder/src/cinder/gl/ConstantConversions.cpp,"(36, 1)-(624, 4)",b'namespace cinder { namespace gl {\n\n//! Return...'
src,../repos/Cinder/src/cinder/gl/ConstantConversions.cpp,"(36, 20)-(624, 2)",b'namespace gl {\n\n//! Returns a string represen...'
src,../repos/Cinder/src/cinder/gl/VaoImplSoftware.cpp,"(32, 1)-(167, 4)",b'namespace cinder { namespace gl {\n\nclass VaoI...'
src,../repos/Cinder/src/cinder/gl/VaoImplSoftware.cpp,"(32, 20)-(167, 2)",b'namespace gl {\n\nclass VaoImplSoftware : publi...'
src,../repos/Cinder/src/cinder/gl/VboMesh.cpp,"(32, 1)-(987, 4)",b'namespace cinder { namespace gl {\n\n//////////...'
src,../repos/Cinder/src/cinder/gl/VboMesh.cpp,"(32, 20)-(987, 2)",b'namespace gl {\n\n/////////////////////////////...'
src,../repos/Cinder/src/cinder/gl/EnvironmentCore.cpp,"(37, 1)-(344, 4)",b'namespace cinder { namespace gl {\n\nclass Envi...'
src,../repos/Cinder/src/cinder/gl/EnvironmentCore.cpp,"(37, 20)-(344, 2)",b'namespace gl {\n\nclass EnvironmentCore : publi...'
src,../repos/Cinder/src/cinder/gl/Query.cpp,"(28, 1)-(179, 4)",b'namespace cinder { namespace gl {\n\n#if ! defi...'
src,../repos/Cinder/src/cinder/gl/Query.cpp,"(28, 20)-(179, 2)",b'namespace gl {\n\n#if ! defined( CINDER_GL_ES )...'
src,../repos/Cinder/src/cinder/gl/TextureFormatParsers.cpp,"(31, 1)-(463, 4)",b'namespace cinder { namespace gl {\n\nvoid parse...'
src,../repos/Cinder/src/cinder/gl/TextureFormatParsers.cpp,"(31, 20)-(463, 2)",b'namespace gl {\n\nvoid parseKtx( const DataSour...'
src,../repos/Cinder/src/cinder/gl/draw.cpp,"(36, 1)-(1580, 4)",b'namespace cinder { namespace gl {\n\nvoid draw(...'
src,../repos/Cinder/src/cinder/gl/draw.cpp,"(36, 20)-(1580, 2)",b'namespace gl {\n\nvoid draw( const VboMeshRef& ...'
src,../repos/Cinder/src/cinder/gl/draw.cpp,"(114, 1)-(239, 2)","b'namespace {\n\nstd::array<vec3, 8> getCubePoint...'"
src,../repos/Cinder/src/cinder/gl/draw.cpp,"(490, 1)-(600, 2)",b'namespace {\n\nclass DefaultVboTarget : public ...'
src,../repos/Cinder/src/cinder/gl/draw.cpp,"(646, 1)-(698, 2)",b'namespace {\nstring equirectangularVertexShade...'
src,../repos/Cinder/src/cinder/gl/draw.cpp,"(734, 1)-(857, 2)",b'namespace { // drawCross helpers\nstring cross...'
src,../repos/Cinder/src/cinder/gl/draw.cpp,"(1528, 1)-(1563, 2)",b'namespace {\nvoid drawStringHelper( const std:...'
src,../repos/Cinder/src/cinder/gl/BufferTexture.cpp,"(27, 1)-(76, 4)",b'namespace cinder { namespace gl {\n\t\n#if ! def...'
src,../repos/Cinder/src/cinder/gl/BufferTexture.cpp,"(27, 20)-(76, 2)",b'namespace gl {\n\t\n#if ! defined( CINDER_GL_ES ...'
src,../repos/Cinder/src/cinder/gl/EnvironmentEs.cpp,"(78, 1)-(639, 4)",b'namespace cinder { namespace gl {\n\nclass Envi...'
src,../repos/Cinder/src/cinder/gl/EnvironmentEs.cpp,"(78, 20)-(639, 2)",b'namespace gl {\n\nclass EnvironmentEs : public ...'
src,../repos/Cinder/src/cinder/gl/scoped.cpp,"(33, 1)-(569, 4)",b'namespace cinder { namespace gl {\n\n//////////...'
src,../repos/Cinder/src/cinder/gl/scoped.cpp,"(33, 20)-(569, 2)",b'namespace gl {\n\n/////////////////////////////...'
src,../repos/Cinder/src/cinder/gl/TextureFont.cpp,"(57, 1)-(830, 4)",b'namespace cinder { namespace gl {\n\n#if define...'
src,../repos/Cinder/src/cinder/gl/TextureFont.cpp,"(57, 20)-(830, 2)",b'namespace gl {\n\n#if defined( CINDER_COCOA )\nT...'
src,../repos/Cinder/src/cinder/gl/Fbo.cpp,"(53, 1)-(924, 4)",b'namespace cinder {\nnamespace gl {\n\n//////////...'
src,../repos/Cinder/src/cinder/gl/Fbo.cpp,"(54, 1)-(924, 2)",b'namespace gl {\n\n/////////////////////////////...'
src,../repos/Cinder/src/cinder/gl/Sampler.cpp,"(31, 1)-(229, 4)",b'namespace cinder { namespace gl {\n\nSampler::S...'
src,../repos/Cinder/src/cinder/gl/Sampler.cpp,"(31, 20)-(229, 2)",b'namespace gl {\n\nSampler::Sampler()\n\t: mId( 0 ...'
src,../repos/Cinder/src/cinder/gl/Environment.cpp,"(62, 1)-(312, 4)",b'namespace cinder { namespace gl {\n\nextern Env...'
src,../repos/Cinder/src/cinder/gl/Environment.cpp,"(62, 20)-(312, 2)",b'namespace gl {\n\nextern Environment* allocateE...'
src,../repos/Cinder/src/cinder/gl/Environment.cpp,"(93, 1)-(124, 2)",b'namespace {\nvoid destroyPlatformData( Context...'
src,../repos/Cinder/src/cinder/gl/wrapper.cpp,"(43, 1)-(1094, 4)",b'namespace cinder { namespace gl {\n\nContext* c...'
src,../repos/Cinder/src/cinder/gl/wrapper.cpp,"(43, 20)-(1094, 2)",b'namespace gl {\n\nContext* context()\n{\n\treturn ...'
src,../repos/Cinder/src/cinder/Frustum.cpp,"(33, 1)-(202, 2)",b'namespace cinder {\n\ntemplate<typename T>\nFrus...'
src,../repos/Cinder/src/cinder/Buffer.cpp,"(32, 1)-(352, 2)",b'namespace cinder {\n\nBuffer::Buffer()\n\t: mData...'
src,../repos/Cinder/src/cinder/ImageTargetFileStbImage.cpp,"(31, 1)-(148, 2)",b'namespace cinder {\n\nvoid ImageTargetFileStbIm...'
src,../repos/Cinder/src/cinder/ImageTargetFileWic.cpp,"(39, 1)-(286, 2)",b'namespace cinder {\n\nnamespace {\n// This is on...'
src,../repos/Cinder/src/cinder/ImageTargetFileWic.cpp,"(41, 1)-(52, 2)",b'namespace {\n// This is only here to avoid a s...'
src,../repos/Cinder/src/cinder/Timeline.cpp,"(32, 1)-(357, 2)",b'namespace cinder {\n\n/////////////////////////...'
src,../repos/Cinder/src/cinder/Exception.cpp,"(25, 1)-(41, 2)",b'namespace cinder {\n\nException::Exception()\n{\n...'
src,../repos/Cinder/src/cinder/ImageSourceFileWic.cpp,"(36, 1)-(246, 2)",b'namespace cinder {\n\n/////////////////////////...'
src,../repos/Cinder/src/cinder/qtime/QuickTimeImplLegacy.cpp,"(42, 1)-(44, 2)",b'namespace cinder {\n\textern void sleep( float ...'
src,../repos/Cinder/src/cinder/qtime/QuickTimeImplLegacy.cpp,"(74, 1)-(861, 26)",b'namespace cinder { namespace qtime {\n\nstatic ...'
src,../repos/Cinder/src/cinder/qtime/QuickTimeImplLegacy.cpp,"(74, 20)-(861, 2)",b'namespace qtime {\n\nstatic GWorldPtr sDefaultG...'
src,../repos/Cinder/src/cinder/qtime/QuickTimeGlImplAvf.cpp,"(46, 1)-(261, 4)",b'namespace cinder { namespace qtime {\n\n///////...'
src,../repos/Cinder/src/cinder/qtime/QuickTimeGlImplAvf.cpp,"(46, 20)-(261, 2)",b'namespace qtime {\n\n//////////////////////////...'
src,../repos/Cinder/src/cinder/qtime/QuickTimeUtils.cpp,"(53, 1)-(632, 4)",b'namespace cinder { namespace qtime {\n\n#if ( !...'
src,../repos/Cinder/src/cinder/qtime/QuickTimeUtils.cpp,"(53, 20)-(632, 2)",b'namespace qtime {\n\n#if ( ! defined( __LP64__ ...'
src,../repos/Cinder/src/cinder/qtime/QuickTimeGlImplLegacy.cpp,"(52, 1)-(188, 4)",b'namespace cinder { namespace qtime {\n\nMovieGl...'
src,../repos/Cinder/src/cinder/qtime/QuickTimeGlImplLegacy.cpp,"(52, 20)-(188, 2)",b'namespace qtime {\n\nMovieGlRef MovieGl::create...'
src,../repos/Cinder/src/cinder/qtime/MovieWriter.cpp,"(61, 1)-(631, 4)",b'namespace cinder { namespace qtime {\n\n#if def...'
src,../repos/Cinder/src/cinder/qtime/MovieWriter.cpp,"(61, 20)-(631, 2)",b'namespace qtime {\n\n#if defined( CINDER_MSW )\n...'
src,../repos/Cinder/src/cinder/qtime/MovieWriter.cpp,"(437, 1)-(442, 2)","b'namespace {\nextern ""C"" void destroyDataArrayU...'"
src,../repos/Cinder/src/cinder/Color.cpp,"(28, 1)-(321, 2)",b'namespace cinder {\n\nColorf hsvToRgb( const ve...'
src,../repos/Cinder/src/cinder/Color.cpp,"(33, 1)-(87, 2)",b'namespace {\nconst int sTotalColors = 147;\ncon...'
src,../repos/Cinder/src/cinder/Stream.cpp,"(38, 1)-(823, 2)",b'namespace cinder {\n\n#if defined( CINDER_UWP )...'
src,../repos/Cinder/src/cinder/Unicode.cpp,"(59, 1)-(335, 2)",b'namespace cinder {\n\nstatic const char32_t hal...'
src,../repos/Cinder/src/cinder/Unicode.cpp,"(230, 1)-(235, 2)",b'namespace {\nbool shouldBreak( char code )\n{\n\t...'
src,../repos/Cinder/src/cinder/System.cpp,"(50, 2)-(52, 3)","b'namespace cinder {\n\t\tvoid cpuidwrap( int *p, ...'"
src,../repos/Cinder/src/cinder/System.cpp,"(75, 1)-(740, 2)",b'namespace cinder {\n\nstd::shared_ptr<System> S...'
src,../repos/Cinder/src/cinder/Xml.cpp,"(37, 1)-(441, 2)",b'namespace cinder {\n\nvoid parseItem( const rap...'
src,../repos/Cinder/src/cinder/Xml.cpp,"(41, 1)-(51, 2)",b'namespace {\nbool tagsMatch( const std::string...'
src,../repos/Cinder/src/cinder/FileWatcher.cpp,"(36, 1)-(451, 2)",b'namespace cinder {\n\n//! Base class for Watch ...'
src,../repos/Cinder/src/cinder/FileWatcher.cpp,"(88, 1)-(136, 2)",b'namespace {\n\nfs::path findFullFilePath( const...'
src,../repos/Cinder/src/cinder/Display.cpp,"(36, 1)-(89, 2)",b'namespace cinder {\n\nconst vector<DisplayRef>&...'
src,../repos/Cinder/src/cinder/Camera.cpp,"(41, 1)-(604, 2)",b'namespace cinder {\n\nvoid Camera::setEyePoint(...'
src,../repos/Cinder/src/cinder/ObjLoader.cpp,"(36, 1)-(775, 2)",b'namespace cinder {\n\nObjLoader::ObjLoader( sha...'
src,../repos/Cinder/src/cinder/ObjLoader.cpp,"(639, 1)-(754, 2)",b'namespace {\nclass ObjWriteTarget : public geo...'
src,../repos/Cinder/src/cinder/CaptureImplDirectShow.cpp,"(27, 1)-(172, 2)",b'namespace cinder {\n\n/////////////////////////...'
src,../repos/Cinder/src/cinder/CaptureImplDirectShow.cpp,"(66, 1)-(73, 2)",b'namespace impl {\n\tstatic videoInput& setupVid...'
src,../repos/Cinder/src/cinder/Capture.cpp,"(43, 1)-(168, 2)",b'namespace cinder {\n\nconst vector<Capture::Dev...'
src,../repos/Cinder/src/cinder/ip/Premultiply.cpp,"(28, 1)-(120, 4)",b'namespace cinder { namespace ip {\n\n// this is...'
src,../repos/Cinder/src/cinder/ip/Premultiply.cpp,"(28, 20)-(120, 2)",b'namespace ip {\n\n// this is a candidate for ss...'
src,../repos/Cinder/src/cinder/ip/EdgeDetect.cpp,"(27, 1)-(99, 4)",b'namespace cinder { namespace ip {\n\n//     X  ...'
src,../repos/Cinder/src/cinder/ip/EdgeDetect.cpp,"(27, 20)-(99, 2)",b'namespace ip {\n\n//     X           Y\n// -1  0...'
src,../repos/Cinder/src/cinder/ip/Flip.cpp,"(27, 1)-(228, 4)",b'namespace cinder { namespace ip {\n\ntemplate<t...'
src,../repos/Cinder/src/cinder/ip/Flip.cpp,"(27, 20)-(228, 2)",b'namespace ip {\n\ntemplate<typename T>\nvoid fli...'
src,../repos/Cinder/src/cinder/ip/Flip.cpp,"(44, 1)-(137, 2)",b'namespace { // anonymous\ntemplate<typename T>...'
src,../repos/Cinder/src/cinder/ip/Threshold.cpp,"(28, 1)-(364, 4)",b'namespace cinder { namespace ip {\n\ntemplate<t...'
src,../repos/Cinder/src/cinder/ip/Threshold.cpp,"(28, 20)-(364, 2)",b'namespace ip {\n\ntemplate<typename T>\nvoid thr...'
src,../repos/Cinder/src/cinder/ip/Blend.cpp,"(29, 1)-(238, 4)",b'namespace cinder { namespace ip {\n\n/*\t\n\t   \xce\xb1...'
src,../repos/Cinder/src/cinder/ip/Blend.cpp,"(29, 20)-(238, 2)",b'namespace ip {\n\n/*\t\n\t   \xce\xb1r = 1 \xe2\x80\x93 [(1\xe2\x80\x93\xce\xb1d...'
src,../repos/Cinder/src/cinder/ip/Trim.cpp,"(26, 1)-(100, 4)",b'namespace cinder { namespace ip {\n\ntemplate<t...'
src,../repos/Cinder/src/cinder/ip/Trim.cpp,"(26, 20)-(100, 2)",b'namespace ip {\n\ntemplate<typename T>\nbool tra...'
src,../repos/Cinder/src/cinder/ip/Hdr.cpp,"(29, 1)-(106, 4)",b'namespace cinder { namespace ip {\n\nvoid hdrNo...'
src,../repos/Cinder/src/cinder/ip/Hdr.cpp,"(29, 20)-(106, 2)",b'namespace ip {\n\nvoid hdrNormalize( Surface32f...'
src,../repos/Cinder/src/cinder/ip/Resize.cpp,"(38, 1)-(373, 4)",b'namespace cinder { namespace ip {\n\ntemplate<t...'
src,../repos/Cinder/src/cinder/ip/Resize.cpp,"(38, 20)-(373, 2)",b'namespace ip {\n\ntemplate<typename T>\nstruct S...'
src,../repos/Cinder/src/cinder/ip/Fill.cpp,"(25, 1)-(144, 4)",b'namespace cinder { namespace ip {\n\ntemplate<t...'
src,../repos/Cinder/src/cinder/ip/Fill.cpp,"(25, 20)-(144, 2)",b'namespace ip {\n\ntemplate<typename T>\nvoid fil...'
src,../repos/Cinder/src/cinder/ip/Checkerboard.cpp,"(25, 1)-(114, 4)",b'namespace cinder { namespace ip { \n\nnamespace...'
src,../repos/Cinder/src/cinder/ip/Checkerboard.cpp,"(25, 20)-(114, 2)",b'namespace ip { \n\nnamespace {\ntemplate<typenam...'
src,../repos/Cinder/src/cinder/ip/Checkerboard.cpp,"(27, 1)-(76, 2)",b'namespace {\ntemplate<typename T>\nvoid checker...'
src,../repos/Cinder/src/cinder/ip/Grayscale.cpp,"(26, 1)-(101, 4)",b'namespace cinder { namespace ip {\n\ntemplate<t...'
src,../repos/Cinder/src/cinder/ip/Grayscale.cpp,"(26, 20)-(101, 2)",b'namespace ip {\n\ntemplate<typename T>\nvoid gra...'
src,../repos/Cinder/src/cinder/ip/Blur.cpp,"(25, 1)-(408, 4)",b'namespace cinder { namespace ip { \n\nnamespace...'
src,../repos/Cinder/src/cinder/ip/Blur.cpp,"(25, 20)-(408, 2)",b'namespace ip { \n\nnamespace {\n\ntemplate<typena...'
src,../repos/Cinder/src/cinder/ip/Blur.cpp,"(27, 1)-(211, 2)",b'namespace {\n\ntemplate<typename T>\nuint8_t get...'
src,../repos/Cinder/src/cinder/PolyLine.cpp,"(28, 1)-(225, 2)",b'namespace cinder {\n\ntemplate<typename T>\nbool...'
src,../repos/Cinder/src/cinder/params/Params.cpp,"(37, 1)-(821, 4)",b'namespace cinder { namespace params {\n\nnamesp...'
src,../repos/Cinder/src/cinder/params/Params.cpp,"(37, 20)-(821, 2)",b'namespace params {\n\nnamespace {\n\n#undef DELET...'
src,../repos/Cinder/src/cinder/params/Params.cpp,"(39, 1)-(304, 2)",b'namespace {\n\n#undef DELETE\n\n#define SYNONYM(c...'
src,../repos/Cinder/src/cinder/params/Params.cpp,"(74, 1)-(124, 2)",b'namespace {\nvoid pushGlState()\n{\n\tauto ctx = ...'
src,../repos/Cinder/src/cinder/BSpline.cpp,"(38, 1)-(668, 2)",b'namespace cinder {\n\n/////////////////////////...'
src,../repos/Cinder/src/cinder/ImageSourceFileStbImage.cpp,"(31, 1)-(145, 2)",b'namespace cinder {\n\n/////////////////////////...'
src,../repos/Cinder/src/cinder/CameraUi.cpp,"(28, 1)-(269, 2)",b'namespace cinder {\n\nCameraUi::CameraUi()\n\t: m...'
src,../repos/Cinder/src/cinder/BandedMatrix.cpp,"(36, 1)-(348, 2)",b'namespace cinder {\n\ntemplate<typename T>\nBand...'
src,../repos/Cinder/src/cinder/DataTarget.cpp,"(26, 1)-(96, 2)",b'namespace cinder {\n\n/////////////////////////...'
src,../repos/Cinder/src/cinder/TriMesh.cpp,"(35, 1)-(1392, 2)",b'namespace cinder {\n\n/////////////////////////...'
src,../repos/Cinder/src/cinder/ImageIo.cpp,"(46, 1)-(627, 2)",b'namespace cinder {\n\n\n////////////////////////...'
