Repo name,File name,Location,Content
src,../repos/Cinder/src/cinder/audio/linux/ContextPulseAudio.cpp,"(37, 1)-(37, 42)",b'using AudioExc = cinder::audio::AudioExc;'
src,../repos/Cinder/src/cinder/audio/linux/ContextPulseAudio.cpp,"(38, 1)-(38, 56)",b'using AudioContextExc = cinder::audio::AudioC...'
src,../repos/Cinder/src/cinder/audio/linux/FileAudioLoader.cpp,"(34, 1)-(34, 46)",b'using SampleType = cinder::audio::SampleType;'
src,../repos/Cinder/src/cinder/audio/linux/FileAudioLoader.cpp,"(35, 1)-(35, 75)",b'using SourceFileAudioLoader = cinder::audio::...'
src,../repos/Cinder/src/cinder/audio/linux/FileAudioLoader.cpp,"(36, 1)-(36, 50)",b'using AudioFileExc = cinder::audio::AudioFileExc;'
src,../repos/Cinder/src/cinder/audio/linux/DeviceManagerPulseAudio.cpp,"(38, 1)-(38, 78)",b'using DeviceInfo = cinder::audio::linux::Devi...'
