Repo name,File name,Location,Content
src,../repos/Cinder/src/freetype/tools/ftfuzzer/ftmutator.cc,"(100, 16)-(100, 46)",b'decltype ( archive_read_free )'
src,../repos/Cinder/src/freetype/tools/ftfuzzer/ftmutator.cc,"(113, 18)-(113, 49)",b'decltype ( archive_read_close )'
src,../repos/Cinder/src/freetype/tools/ftfuzzer/ftmutator.cc,"(236, 18)-(236, 49)",b'decltype ( archive_write_free )'
src,../repos/Cinder/src/freetype/tools/ftfuzzer/ftmutator.cc,"(251, 20)-(251, 52)",b'decltype ( archive_write_close )'
src,../repos/Cinder/src/freetype/tools/ftfuzzer/ftmutator.cc,"(258, 22)-(258, 53)",b'decltype ( archive_entry_free )'
src,../repos/Cinder/src/freetype/tools/ftfuzzer/ftfuzzer.cc,"(168, 16)-(168, 46)",b'decltype ( archive_read_free )'
src,../repos/Cinder/src/freetype/tools/ftfuzzer/ftfuzzer.cc,"(181, 18)-(181, 49)",b'decltype ( archive_read_close )'
src,../repos/Cinder/src/freetype/tools/ftfuzzer/ftfuzzer.cc,"(222, 16)-(222, 33)",b'decltype ( free )'
