Repo name,File name,Location,Content
core,../repos/grpc/src/core/lib/gprpp/time.cc,"(152, 1)-(152, 13)",b'thread_local Timestamp::Source* Timestamp::th...'
core,../repos/grpc/src/core/lib/gprpp/time.h,"(175, 10)-(175, 22)",b'static thread_local Timestamp::Source* thread...'
core,../repos/grpc/src/core/lib/gprpp/windows/thd.cc,"(47, 1)-(47, 13)",b'thread_local struct thd_info* g_thd_info;'
core,../repos/grpc/src/core/lib/gprpp/per_cpu.h,"(79, 10)-(79, 22)",b'static thread_local State state_;'
core,../repos/grpc/src/core/lib/gprpp/per_cpu.cc,"(25, 1)-(25, 13)",b'thread_local PerCpuShardingHelper::State PerC...'
core,../repos/grpc/src/core/lib/gprpp/work_serializer.cc,"(390, 10)-(390, 22)",b'static thread_local DispatchingWorkSerializer...'
core,../repos/grpc/src/core/lib/gprpp/work_serializer.cc,"(395, 1)-(395, 13)",b'thread_local WorkSerializer::DispatchingWorkS...'
core,../repos/grpc/src/core/lib/event_engine/thread_pool/work_stealing_thread_pool.cc,"(122, 1)-(122, 13)",b'thread_local WorkQueue* g_local_queue = nullptr;'
core,../repos/grpc/src/core/lib/event_engine/posix_engine/timer_manager.cc,"(34, 8)-(34, 20)",b'static thread_local bool g_timer_thread;'
core,../repos/grpc/src/core/lib/event_engine/thread_local.cc,"(22, 1)-(22, 13)",b'thread_local bool g_thread_local{false};'
core,../repos/grpc/src/core/lib/gpr/linux/log.cc,"(80, 10)-(80, 22)",b'static thread_local long tid(0);'
core,../repos/grpc/src/core/lib/iomgr/ev_epoll1_linux.cc,"(477, 8)-(477, 20)",b'static thread_local grpc_pollset* g_current_t...'
core,../repos/grpc/src/core/lib/iomgr/ev_epoll1_linux.cc,"(478, 8)-(478, 20)",b'static thread_local grpc_pollset_worker* g_cu...'
core,../repos/grpc/src/core/lib/iomgr/timer_generic.cc,"(217, 8)-(217, 20)",b'static thread_local int64_t g_last_seen_min_timer;'
core,../repos/grpc/src/core/lib/iomgr/exec_ctx.cc,"(60, 1)-(60, 13)",b'thread_local ExecCtx* ExecCtx::exec_ctx_;'
core,../repos/grpc/src/core/lib/iomgr/exec_ctx.cc,"(61, 1)-(61, 13)",b'thread_local ApplicationCallbackExecCtx*\n    ...'
core,../repos/grpc/src/core/lib/iomgr/exec_ctx.cc,"(65, 10)-(65, 22)",b'static thread_local ExecCtx* exec_ctx;'
core,../repos/grpc/src/core/lib/iomgr/exec_ctx.cc,"(70, 10)-(70, 22)",b'static thread_local ApplicationCallbackExecCt...'
core,../repos/grpc/src/core/lib/iomgr/exec_ctx.h,"(237, 10)-(237, 22)",b'static thread_local ExecCtx* exec_ctx_;'
core,../repos/grpc/src/core/lib/iomgr/exec_ctx.h,"(358, 10)-(358, 22)",b'static thread_local ApplicationCallbackExecCt...'
core,../repos/grpc/src/core/lib/iomgr/executor.cc,"(55, 1)-(55, 13)",b'thread_local ThreadState* g_this_thread_state;'
core,../repos/grpc/src/core/lib/iomgr/ev_poll_posix.cc,"(723, 8)-(723, 20)",b'static thread_local grpc_pollset* g_current_t...'
core,../repos/grpc/src/core/lib/iomgr/ev_poll_posix.cc,"(724, 8)-(724, 20)",b'static thread_local grpc_pollset_worker* g_cu...'
core,../repos/grpc/src/core/lib/promise/activity.cc,"(34, 1)-(34, 13)",b'thread_local Activity* Activity::g_current_ac...'
core,../repos/grpc/src/core/lib/promise/context.h,"(69, 10)-(69, 22)",b'static thread_local T* current_;'
core,../repos/grpc/src/core/lib/promise/context.h,"(73, 1)-(73, 13)",b'thread_local T* ThreadLocalContext<T>::current_;'
core,../repos/grpc/src/core/lib/promise/activity.h,"(240, 10)-(240, 22)",b'static thread_local Activity* g_current_activity_;'
core,../repos/grpc/src/core/lib/surface/completion_queue.cc,"(74, 1)-(74, 13)",b'thread_local grpc_cq_completion* g_cached_event;'
core,../repos/grpc/src/core/lib/surface/completion_queue.cc,"(75, 1)-(75, 13)",b'thread_local grpc_completion_queue* g_cached_cq;'
core,../repos/grpc/src/core/ext/transport/binder/utils/ndk_binder.cc,"(49, 1)-(49, 13)",b'thread_local bool g_is_jvm_attached = false;'
core,../repos/grpc/src/core/ext/filters/logging/logging_filter.cc,"(81, 3)-(81, 15)",b'thread_local absl::InsecureBitGen gen;'
