Repo name,File name,Location,Content
core,../repos/grpc/src/core/lib/iomgr/dynamic_annotations.h,"(42, 62)-(42, 70)",b'const volatile void* cv'
core,../repos/grpc/src/core/lib/iomgr/dynamic_annotations.h,"(43, 61)-(43, 69)",b'const volatile void* cv'
core,../repos/grpc/src/core/lib/iomgr/dynamic_annotations.h,"(45, 33)-(45, 41)",b'const volatile void* lock'
core,../repos/grpc/src/core/lib/iomgr/dynamic_annotations.h,"(47, 34)-(47, 42)",b'const volatile void* lock'
core,../repos/grpc/src/core/lib/iomgr/dynamic_annotations.h,"(49, 35)-(49, 43)",b'const volatile void* lock'
core,../repos/grpc/src/core/lib/iomgr/dynamic_annotations.h,"(51, 35)-(51, 43)",b'const volatile void* lock'
core,../repos/grpc/src/core/ext/transport/binder/utils/binder_auto_utils.h,"(50, 43)-(50, 51)",b'* volatile*'
core,../repos/grpc/src/core/ext/transport/binder/utils/binder_auto_utils.h,"(52, 38)-(52, 46)",b'* volatile*'
