Repo name,File name,Location,Content
core,../repos/grpc/src/core/lib/gprpp/thd.h,"(107, 26)-(107, 34)",b'Thread(Thread&& other) noexcept'
core,../repos/grpc/src/core/lib/gprpp/thd.h,"(117, 37)-(117, 45)",b'operator=(Thread&& other) noexcept'
core,../repos/grpc/src/core/lib/gprpp/time.h,"(195, 24)-(195, 32)",b'Duration() noexcept'
core,../repos/grpc/src/core/lib/gprpp/work_serializer.h,"(57, 36)-(57, 44)",b'WorkSerializer(WorkSerializer&&) noexcept'
core,../repos/grpc/src/core/lib/gprpp/work_serializer.h,"(58, 47)-(58, 55)",b'operator=(WorkSerializer&&) noexcept'
core,../repos/grpc/src/core/lib/gprpp/table.h,"(198, 22)-(198, 30)",b'Table(Table&& rhs) noexcept'
core,../repos/grpc/src/core/lib/gprpp/table.h,"(205, 33)-(205, 41)",b'operator=(Table&& rhs) noexcept'
core,../repos/grpc/src/core/lib/gprpp/chunked_vector.h,"(62, 40)-(62, 48)",b'ChunkedVector(ChunkedVector&& other) noexcept'
core,../repos/grpc/src/core/lib/gprpp/chunked_vector.h,"(67, 51)-(67, 59)",b'operator=(ChunkedVector&& other) noexcept'
core,../repos/grpc/src/core/lib/gprpp/validation_errors.h,"(80, 38)-(80, 46)",b'ScopedField(ScopedField&& other) noexcept'
core,../repos/grpc/src/core/lib/gprpp/validation_errors.h,"(82, 49)-(82, 57)",b'operator=(ScopedField&& other) noexcept'
core,../repos/grpc/src/core/lib/gprpp/ref_counted_ptr.h,"(51, 40)-(51, 48)",b'RefCountedPtr(RefCountedPtr&& other) noexcept'
core,../repos/grpc/src/core/lib/gprpp/ref_counted_ptr.h,"(58, 43)-(58, 51)",b'RefCountedPtr(RefCountedPtr<Y>&& other) noexcept'
core,../repos/grpc/src/core/lib/gprpp/ref_counted_ptr.h,"(64, 51)-(64, 59)",b'operator=(RefCountedPtr&& other) noexcept'
core,../repos/grpc/src/core/lib/gprpp/ref_counted_ptr.h,"(70, 54)-(70, 62)",b'operator=(RefCountedPtr<Y>&& other) noexcept'
core,../repos/grpc/src/core/lib/gprpp/ref_counted_ptr.h,"(217, 48)-(217, 56)",b'WeakRefCountedPtr(WeakRefCountedPtr&& other) ...'
core,../repos/grpc/src/core/lib/gprpp/ref_counted_ptr.h,"(224, 51)-(224, 59)",b'WeakRefCountedPtr(WeakRefCountedPtr<Y>&& othe...'
core,../repos/grpc/src/core/lib/gprpp/ref_counted_ptr.h,"(230, 59)-(230, 67)",b'operator=(WeakRefCountedPtr&& other) noexcept'
core,../repos/grpc/src/core/lib/gprpp/ref_counted_ptr.h,"(236, 62)-(236, 70)",b'operator=(WeakRefCountedPtr<Y>&& other) noexcept'
core,../repos/grpc/src/core/lib/gprpp/single_set_ptr.h,"(37, 38)-(37, 46)",b'SingleSetPtr(SingleSetPtr&& other) noexcept'
core,../repos/grpc/src/core/lib/gprpp/single_set_ptr.h,"(39, 49)-(39, 57)",b'operator=(SingleSetPtr&& other) noexcept'
core,../repos/grpc/src/core/lib/event_engine/windows/win_socket.cc,"(41, 62)-(41, 70)","b'WinSocket::WinSocket(SOCKET socket, ThreadPoo...'"
core,../repos/grpc/src/core/lib/event_engine/windows/win_socket.cc,"(118, 52)-(118, 60)",b'WinSocket::OpState::OpState(WinSocket* win_so...'
core,../repos/grpc/src/core/lib/event_engine/windows/win_socket.h,"(44, 45)-(44, 53)",b'OpState(WinSocket* win_socket) noexcept'
core,../repos/grpc/src/core/lib/event_engine/windows/win_socket.h,"(78, 53)-(78, 61)","b'WinSocket(SOCKET socket, ThreadPool* thread_p...'"
core,../repos/grpc/src/core/lib/event_engine/windows/iocp.cc,"(36, 37)-(36, 45)",b'IOCP::IOCP(ThreadPool* thread_pool) noexcept'
core,../repos/grpc/src/core/lib/event_engine/windows/iocp.h,"(34, 42)-(34, 50)",b'IOCP(ThreadPool* thread_pool) noexcept'
core,../repos/grpc/src/core/lib/event_engine/thread_pool/thread_count.h,"(56, 50)-(56, 58)",b'AutoThreadCounter(AutoThreadCounter&& other) ...'
core,../repos/grpc/src/core/lib/event_engine/thread_pool/thread_count.h,"(60, 61)-(60, 69)",b'operator=(AutoThreadCounter&& other) noexcept'
core,../repos/grpc/src/core/lib/event_engine/thread_pool/thread_count.h,"(131, 50)-(131, 58)",b'AutoThreadCounter(AutoThreadCounter&& other) ...'
core,../repos/grpc/src/core/lib/event_engine/thread_pool/thread_count.h,"(134, 61)-(134, 69)",b'operator=(AutoThreadCounter&& other) noexcept'
core,../repos/grpc/src/core/lib/event_engine/posix_engine/tcp_socket_utils.h,"(83, 44)-(83, 52)",b'PosixTcpOptions(PosixTcpOptions&& other) noexcept'
core,../repos/grpc/src/core/lib/event_engine/posix_engine/tcp_socket_utils.h,"(89, 55)-(89, 63)",b'operator=(PosixTcpOptions&& other) noexcept'
core,../repos/grpc/src/core/lib/channel/channel_args.cc,"(79, 48)-(79, 56)",b'ChannelArgs::Pointer::Pointer(Pointer&& other...'
core,../repos/grpc/src/core/lib/channel/channel_args.cc,"(101, 47)-(101, 55)",b'ChannelArgs::ChannelArgs(ChannelArgs&& other)...'
core,../repos/grpc/src/core/lib/channel/channel_args.cc,"(102, 58)-(102, 66)",b'ChannelArgs::operator=(ChannelArgs&& other) n...'
core,../repos/grpc/src/core/lib/channel/promise_based_filter.cc,"(202, 65)-(202, 73)",b'BaseCallData::CapturedBatch::CapturedBatch(Ca...'
core,../repos/grpc/src/core/lib/channel/promise_based_filter.cc,"(208, 24)-(208, 32)",b'BaseCallData::CapturedBatch::operator=(\n    C...'
core,../repos/grpc/src/core/lib/channel/promise_based_filter.h,"(1262, 36)-(1262, 44)",b'CapturedBatch(CapturedBatch&&) noexcept'
core,../repos/grpc/src/core/lib/channel/promise_based_filter.h,"(1263, 47)-(1263, 55)",b'operator=(CapturedBatch&&) noexcept'
core,../repos/grpc/src/core/lib/channel/channel_args.h,"(295, 30)-(295, 38)",b'Pointer(Pointer&& other) noexcept'
core,../repos/grpc/src/core/lib/channel/channel_args.h,"(296, 41)-(296, 49)",b'operator=(Pointer&& other) noexcept'
core,../repos/grpc/src/core/lib/channel/channel_args.h,"(380, 30)-(380, 38)",b'ChannelArgs(ChannelArgs&&) noexcept'
core,../repos/grpc/src/core/lib/channel/channel_args.h,"(381, 41)-(381, 49)",b'operator=(ChannelArgs&&) noexcept'
core,../repos/grpc/src/core/lib/iomgr/socket_utils_posix.h,"(71, 44)-(71, 52)",b'PosixTcpOptions(PosixTcpOptions&& other) noexcept'
core,../repos/grpc/src/core/lib/iomgr/socket_utils_posix.h,"(77, 55)-(77, 63)",b'operator=(PosixTcpOptions&& other) noexcept'
core,../repos/grpc/src/core/lib/promise/for_each.h,"(88, 28)-(88, 36)",b'ForEach(ForEach&& other) noexcept'
core,../repos/grpc/src/core/lib/promise/for_each.h,"(95, 39)-(95, 47)",b'operator=(ForEach&& other) noexcept'
core,../repos/grpc/src/core/lib/promise/detail/seq_state.h,"(105, 50)-(105, 58)","b'SeqState(P&& p, F0&& f0, DebugLocation whence...'"
core,../repos/grpc/src/core/lib/promise/detail/seq_state.h,"(121, 35)-(121, 43)",b'SeqState(const SeqState& other) noexcept'
core,../repos/grpc/src/core/lib/promise/detail/seq_state.h,"(128, 30)-(128, 38)",b'SeqState(SeqState&& other) noexcept'
core,../repos/grpc/src/core/lib/promise/detail/seq_state.h,"(233, 59)-(233, 67)","b'SeqState(P&& p, F0&& f0, F1&& f1, DebugLocati...'"
core,../repos/grpc/src/core/lib/promise/detail/seq_state.h,"(256, 35)-(256, 43)",b'SeqState(const SeqState& other) noexcept'
core,../repos/grpc/src/core/lib/promise/detail/seq_state.h,"(264, 30)-(264, 38)",b'SeqState(SeqState&& other) noexcept'
core,../repos/grpc/src/core/lib/promise/detail/seq_state.h,"(420, 68)-(420, 76)","b'SeqState(P&& p, F0&& f0, F1&& f1, F2&& f2, De...'"
core,../repos/grpc/src/core/lib/promise/detail/seq_state.h,"(449, 35)-(449, 43)",b'SeqState(const SeqState& other) noexcept'
core,../repos/grpc/src/core/lib/promise/detail/seq_state.h,"(459, 30)-(459, 38)",b'SeqState(SeqState&& other) noexcept'
core,../repos/grpc/src/core/lib/promise/detail/seq_state.h,"(667, 34)-(667, 42)","b'SeqState(P&& p, F0&& f0, F1&& f1, F2&& f2, F3...'"
core,../repos/grpc/src/core/lib/promise/detail/seq_state.h,"(702, 35)-(702, 43)",b'SeqState(const SeqState& other) noexcept'
core,../repos/grpc/src/core/lib/promise/detail/seq_state.h,"(714, 30)-(714, 38)",b'SeqState(SeqState&& other) noexcept'
core,../repos/grpc/src/core/lib/promise/detail/seq_state.h,"(980, 34)-(980, 42)","b'SeqState(P&& p, F0&& f0, F1&& f1, F2&& f2, F3...'"
core,../repos/grpc/src/core/lib/promise/detail/seq_state.h,"(1023, 35)-(1023, 43)",b'SeqState(const SeqState& other) noexcept'
core,../repos/grpc/src/core/lib/promise/detail/seq_state.h,"(1037, 30)-(1037, 38)",b'SeqState(SeqState&& other) noexcept'
core,../repos/grpc/src/core/lib/promise/detail/seq_state.h,"(1357, 34)-(1357, 42)","b'SeqState(P&& p, F0&& f0, F1&& f1, F2&& f2, F3...'"
core,../repos/grpc/src/core/lib/promise/detail/seq_state.h,"(1407, 35)-(1407, 43)",b'SeqState(const SeqState& other) noexcept'
core,../repos/grpc/src/core/lib/promise/detail/seq_state.h,"(1423, 30)-(1423, 38)",b'SeqState(SeqState&& other) noexcept'
core,../repos/grpc/src/core/lib/promise/detail/seq_state.h,"(1800, 34)-(1800, 42)","b'SeqState(P&& p, F0&& f0, F1&& f1, F2&& f2, F3...'"
core,../repos/grpc/src/core/lib/promise/detail/seq_state.h,"(1857, 35)-(1857, 43)",b'SeqState(const SeqState& other) noexcept'
core,../repos/grpc/src/core/lib/promise/detail/seq_state.h,"(1875, 30)-(1875, 38)",b'SeqState(SeqState&& other) noexcept'
core,../repos/grpc/src/core/lib/promise/detail/seq_state.h,"(2310, 43)-(2310, 51)","b'SeqState(P&& p, F0&& f0, F1&& f1, F2&& f2, F3...'"
core,../repos/grpc/src/core/lib/promise/detail/seq_state.h,"(2375, 35)-(2375, 43)",b'SeqState(const SeqState& other) noexcept'
core,../repos/grpc/src/core/lib/promise/detail/seq_state.h,"(2396, 30)-(2396, 38)",b'SeqState(SeqState&& other) noexcept'
core,../repos/grpc/src/core/lib/promise/detail/seq_state.h,"(2890, 52)-(2890, 60)","b'SeqState(P&& p, F0&& f0, F1&& f1, F2&& f2, F3...'"
core,../repos/grpc/src/core/lib/promise/detail/seq_state.h,"(2966, 35)-(2966, 43)",b'SeqState(const SeqState& other) noexcept'
core,../repos/grpc/src/core/lib/promise/detail/seq_state.h,"(2991, 30)-(2991, 38)",b'SeqState(SeqState&& other) noexcept'
core,../repos/grpc/src/core/lib/promise/detail/seq_state.h,"(3547, 61)-(3547, 69)","b'SeqState(P&& p, F0&& f0, F1&& f1, F2&& f2, F3...'"
core,../repos/grpc/src/core/lib/promise/detail/seq_state.h,"(3633, 35)-(3633, 43)",b'SeqState(const SeqState& other) noexcept'
core,../repos/grpc/src/core/lib/promise/detail/seq_state.h,"(3662, 30)-(3662, 38)",b'SeqState(SeqState&& other) noexcept'
core,../repos/grpc/src/core/lib/promise/detail/seq_state.h,"(4281, 72)-(4281, 80)","b'SeqState(P&& p, F0&& f0, F1&& f1, F2&& f2, F3...'"
core,../repos/grpc/src/core/lib/promise/detail/seq_state.h,"(4377, 35)-(4377, 43)",b'SeqState(const SeqState& other) noexcept'
core,../repos/grpc/src/core/lib/promise/detail/seq_state.h,"(4410, 30)-(4410, 38)",b'SeqState(SeqState&& other) noexcept'
core,../repos/grpc/src/core/lib/promise/detail/seq_state.h,"(5094, 34)-(5094, 42)","b'SeqState(P&& p, F0&& f0, F1&& f1, F2&& f2, F3...'"
core,../repos/grpc/src/core/lib/promise/detail/seq_state.h,"(5200, 35)-(5200, 43)",b'SeqState(const SeqState& other) noexcept'
core,../repos/grpc/src/core/lib/promise/detail/seq_state.h,"(5237, 30)-(5237, 38)",b'SeqState(SeqState&& other) noexcept'
core,../repos/grpc/src/core/lib/promise/detail/basic_seq.h,"(63, 38)-(63, 46)",b'BasicSeqIter(BasicSeqIter&& other) noexcept'
core,../repos/grpc/src/core/lib/promise/detail/basic_seq.h,"(71, 49)-(71, 57)",b'operator=(BasicSeqIter&& other) noexcept'
core,../repos/grpc/src/core/lib/promise/detail/join_state.h,"(67, 32)-(67, 40)",b'JoinState(JoinState&& other) noexcept'
core,../repos/grpc/src/core/lib/promise/detail/join_state.h,"(183, 32)-(183, 40)",b'JoinState(JoinState&& other) noexcept'
core,../repos/grpc/src/core/lib/promise/detail/join_state.h,"(341, 32)-(341, 40)",b'JoinState(JoinState&& other) noexcept'
core,../repos/grpc/src/core/lib/promise/detail/join_state.h,"(541, 32)-(541, 40)",b'JoinState(JoinState&& other) noexcept'
core,../repos/grpc/src/core/lib/promise/detail/join_state.h,"(783, 32)-(783, 40)",b'JoinState(JoinState&& other) noexcept'
core,../repos/grpc/src/core/lib/promise/detail/join_state.h,"(1066, 32)-(1066, 40)",b'JoinState(JoinState&& other) noexcept'
core,../repos/grpc/src/core/lib/promise/detail/join_state.h,"(1392, 32)-(1392, 40)",b'JoinState(JoinState&& other) noexcept'
core,../repos/grpc/src/core/lib/promise/detail/join_state.h,"(1759, 32)-(1759, 40)",b'JoinState(JoinState&& other) noexcept'
core,../repos/grpc/src/core/lib/promise/if.h,"(151, 18)-(151, 26)",b'If(If&& other) noexcept'
core,../repos/grpc/src/core/lib/promise/if.h,"(158, 29)-(158, 37)",b'operator=(If&& other) noexcept'
core,../repos/grpc/src/core/lib/promise/inter_activity_pipe.h,"(127, 22)-(127, 30)",b'Sender(Sender&&) noexcept'
core,../repos/grpc/src/core/lib/promise/inter_activity_pipe.h,"(128, 33)-(128, 41)",b'operator=(Sender&&) noexcept'
core,../repos/grpc/src/core/lib/promise/inter_activity_pipe.h,"(156, 26)-(156, 34)",b'Receiver(Receiver&&) noexcept'
core,../repos/grpc/src/core/lib/promise/inter_activity_pipe.h,"(157, 37)-(157, 45)",b'operator=(Receiver&&) noexcept'
core,../repos/grpc/src/core/lib/promise/mpsc.h,"(134, 28)-(134, 36)",b'MpscSender(MpscSender&&) noexcept'
core,../repos/grpc/src/core/lib/promise/mpsc.h,"(135, 39)-(135, 47)",b'operator=(MpscSender&&) noexcept'
core,../repos/grpc/src/core/lib/promise/mpsc.h,"(181, 38)-(181, 46)",b'MpscReceiver(MpscReceiver&& other) noexcept'
core,../repos/grpc/src/core/lib/promise/mpsc.h,"(185, 49)-(185, 57)",b'operator=(MpscReceiver&& other) noexcept'
core,../repos/grpc/src/core/lib/promise/interceptor_list.h,"(128, 36)-(128, 44)",b'RunPromise(RunPromise&& other) noexcept'
core,../repos/grpc/src/core/lib/promise/interceptor_list.h,"(141, 47)-(141, 55)",b'operator=(RunPromise&& other) noexcept'
core,../repos/grpc/src/core/lib/promise/interceptor_list.h,"(193, 48)-(193, 56)",b'AsyncResolution(AsyncResolution&& other) noexcept'
core,../repos/grpc/src/core/lib/promise/sleep.h,"(41, 24)-(41, 32)",b'Sleep(Sleep&& other) noexcept'
core,../repos/grpc/src/core/lib/promise/sleep.h,"(44, 35)-(44, 43)",b'operator=(Sleep&& other) noexcept'
core,../repos/grpc/src/core/lib/promise/poll.h,"(53, 22)-(53, 30)",b'Poll(Poll&& other) noexcept'
core,../repos/grpc/src/core/lib/promise/poll.h,"(70, 33)-(70, 41)",b'operator=(Poll&& other) noexcept'
core,../repos/grpc/src/core/lib/promise/poll.h,"(147, 22)-(147, 30)",b'Poll(Poll&& other) noexcept'
core,../repos/grpc/src/core/lib/promise/latch.h,"(48, 24)-(48, 32)",b'Latch(Latch&& other) noexcept'
core,../repos/grpc/src/core/lib/promise/latch.h,"(54, 35)-(54, 43)",b'operator=(Latch&& other) noexcept'
core,../repos/grpc/src/core/lib/promise/latch.h,"(147, 24)-(147, 32)",b'Latch(Latch&& other) noexcept'
core,../repos/grpc/src/core/lib/promise/latch.h,"(152, 35)-(152, 43)",b'operator=(Latch&& other) noexcept'
core,../repos/grpc/src/core/lib/promise/promise_mutex.h,"(45, 24)-(45, 32)",b'Lock(Lock&& other) noexcept'
core,../repos/grpc/src/core/lib/promise/promise_mutex.h,"(47, 35)-(47, 43)",b'operator=(Lock&& other) noexcept'
core,../repos/grpc/src/core/lib/promise/promise_mutex.h,"(53, 34)-(53, 42)",b'operator=(const Lock&) noexcept'
core,../repos/grpc/src/core/lib/promise/activity.h,"(94, 24)-(94, 32)",b'Waker(Waker&& other) noexcept'
core,../repos/grpc/src/core/lib/promise/activity.h,"(95, 35)-(95, 43)",b'operator=(Waker&& other) noexcept'
core,../repos/grpc/src/core/lib/promise/activity.h,"(111, 45)-(111, 53)",b'operator==(const Waker& other) const noexcept'
core,../repos/grpc/src/core/lib/promise/activity.h,"(115, 45)-(115, 53)",b'operator!=(const Waker& other) const noexcept'
core,../repos/grpc/src/core/lib/promise/activity.h,"(140, 56)-(140, 64)",b'operator==(const WakeableAndArg& other) const...'
core,../repos/grpc/src/core/lib/promise/observable.h,"(112, 32)-(112, 40)",b'Observer(Observer&& other) noexcept'
core,../repos/grpc/src/core/lib/promise/observable.h,"(117, 43)-(117, 51)",b'operator=(Observer&& other) noexcept'
core,../repos/grpc/src/core/lib/promise/arena_promise.h,"(204, 38)-(204, 46)",b'ArenaPromise(ArenaPromise&& other) noexcept'
core,../repos/grpc/src/core/lib/promise/arena_promise.h,"(208, 49)-(208, 57)",b'operator=(ArenaPromise&& other) noexcept'
core,../repos/grpc/src/core/lib/promise/cancel_callback.h,"(37, 28)-(37, 36)",b'Handler(Handler&& other) noexcept'
core,../repos/grpc/src/core/lib/promise/cancel_callback.h,"(41, 39)-(41, 47)",b'operator=(Handler&& other) noexcept'
core,../repos/grpc/src/core/lib/promise/loop.h,"(90, 21)-(90, 29)",b'Loop(Loop&& loop) noexcept'
core,../repos/grpc/src/core/lib/promise/pipe.h,"(74, 34)-(74, 42)",b'NextResult(NextResult&& other) noexcept'
core,../repos/grpc/src/core/lib/promise/pipe.h,"(75, 45)-(75, 53)",b'operator=(NextResult&& other) noexcept'
core,../repos/grpc/src/core/lib/promise/pipe.h,"(464, 34)-(464, 42)",b'PipeSender(PipeSender&& other) noexcept'
core,../repos/grpc/src/core/lib/promise/pipe.h,"(465, 45)-(465, 53)",b'operator=(PipeSender&& other) noexcept'
core,../repos/grpc/src/core/lib/promise/pipe.h,"(539, 22)-(539, 30)",b'Next(Next&& other) noexcept'
core,../repos/grpc/src/core/lib/promise/pipe.h,"(540, 33)-(540, 41)",b'operator=(Next&& other) noexcept'
core,../repos/grpc/src/core/lib/promise/pipe.h,"(561, 38)-(561, 46)",b'PipeReceiver(PipeReceiver&& other) noexcept'
core,../repos/grpc/src/core/lib/promise/pipe.h,"(562, 49)-(562, 57)",b'operator=(PipeReceiver&& other) noexcept'
core,../repos/grpc/src/core/lib/promise/pipe.h,"(657, 22)-(657, 30)",b'Push(Push&& other) noexcept'
core,../repos/grpc/src/core/lib/promise/pipe.h,"(658, 33)-(658, 41)",b'operator=(Push&& other) noexcept'
core,../repos/grpc/src/core/lib/promise/pipe.h,"(750, 16)-(750, 24)",b'Pipe(Pipe&&) noexcept'
core,../repos/grpc/src/core/lib/promise/pipe.h,"(751, 27)-(751, 35)",b'operator=(Pipe&&) noexcept'
core,../repos/grpc/src/core/lib/transport/call_filters.h,"(772, 48)-(772, 56)",b'OperationExecutor(OperationExecutor&& other) ...'
core,../repos/grpc/src/core/lib/transport/call_filters.h,"(777, 59)-(777, 67)",b'operator=(OperationExecutor&& other) noexcept'
core,../repos/grpc/src/core/lib/transport/call_filters.h,"(825, 68)-(825, 76)",b'InfallibleOperationExecutor(InfallibleOperati...'
core,../repos/grpc/src/core/lib/transport/call_filters.h,"(831, 44)-(831, 52)",b'operator=(\n      InfallibleOperationExecutor&...'
core,../repos/grpc/src/core/lib/transport/call_filters.h,"(1020, 26)-(1020, 34)",b'Push(Push&& other) noexcept'
core,../repos/grpc/src/core/lib/transport/call_filters.h,"(1054, 26)-(1054, 34)",b'Pull(Pull&& other) noexcept'
core,../repos/grpc/src/core/lib/transport/call_filters.h,"(1108, 52)-(1108, 60)",b'PullServerTrailingMetadataPromise(\n        Pu...'
core,../repos/grpc/src/core/lib/transport/parsed_metadata.h,"(172, 42)-(172, 50)",b'ParsedMetadata(ParsedMetadata&& other) noexcept'
core,../repos/grpc/src/core/lib/transport/parsed_metadata.h,"(178, 53)-(178, 61)",b'operator=(ParsedMetadata&& other) noexcept'
core,../repos/grpc/src/core/lib/transport/transport.h,"(112, 54)-(112, 62)",b'ClientInitialMetadataOutstandingToken(\n      ...'
core,../repos/grpc/src/core/lib/transport/transport.h,"(115, 54)-(115, 62)",b'operator=(\n      ClientInitialMetadataOutstan...'
core,../repos/grpc/src/core/lib/transport/metadata_batch.h,"(844, 18)-(844, 26)",b'Value(Value&&) noexcept'
core,../repos/grpc/src/core/lib/transport/metadata_batch.h,"(845, 35)-(845, 43)",b'operator=(Value&& other) noexcept'
core,../repos/grpc/src/core/lib/transport/metadata_batch.h,"(874, 18)-(874, 26)",b'Value(Value&&) noexcept'
core,../repos/grpc/src/core/lib/transport/metadata_batch.h,"(875, 35)-(875, 43)",b'operator=(Value&& other) noexcept'
core,../repos/grpc/src/core/lib/transport/metadata_batch.h,"(905, 24)-(905, 32)",b'Value(Value&& other) noexcept'
core,../repos/grpc/src/core/lib/transport/metadata_batch.h,"(906, 35)-(906, 43)",b'operator=(Value&& other) noexcept'
core,../repos/grpc/src/core/lib/transport/metadata_batch.h,"(942, 24)-(942, 32)",b'Value(Value&& other) noexcept'
core,../repos/grpc/src/core/lib/transport/metadata_batch.h,"(943, 35)-(943, 43)",b'operator=(Value&& other) noexcept'
core,../repos/grpc/src/core/lib/transport/metadata_batch.h,"(1237, 30)-(1237, 38)",b'MetadataMap(MetadataMap&&) noexcept'
core,../repos/grpc/src/core/lib/transport/metadata_batch.h,"(1241, 37)-(1241, 45)",b'operator=(MetadataMap&&) noexcept'
core,../repos/grpc/src/core/lib/transport/metadata_batch.h,"(1450, 67)-(1450, 75)","b'MetadataMap<Derived, Traits...>::MetadataMap(...'"
core,../repos/grpc/src/core/lib/transport/metadata_batch.h,"(1458, 26)-(1458, 34)","b'MetadataMap<Derived, Traits...>::operator=(\n ...'"
core,../repos/grpc/src/core/lib/surface/wait_for_cq_end_op.h,"(64, 42)-(64, 50)",b'WaitForCqEndOp(WaitForCqEndOp&& other) noexcept'
core,../repos/grpc/src/core/lib/surface/wait_for_cq_end_op.h,"(68, 53)-(68, 61)",b'operator=(WaitForCqEndOp&& other) noexcept'
core,../repos/grpc/src/core/lib/surface/server.cc,"(163, 38)-(163, 46)",b'MatchResult(MatchResult&& other) noexcept'
core,../repos/grpc/src/core/lib/surface/call.cc,"(2238, 36)-(2238, 44)",b'Completion(Completion&& other) noexcept'
core,../repos/grpc/src/core/lib/surface/call.cc,"(2241, 47)-(2241, 55)",b'operator=(Completion&& other) noexcept'
core,../repos/grpc/src/core/lib/surface/call.cc,"(3860, 36)-(3860, 44)",b'MaybeOpImpl(MaybeOpImpl&& other) noexcept'
core,../repos/grpc/src/core/lib/surface/call.cc,"(3861, 47)-(3861, 55)",b'operator=(MaybeOpImpl&& other) noexcept'
core,../repos/grpc/src/core/lib/matchers/matchers.h,"(51, 40)-(51, 48)",b'StringMatcher(StringMatcher&& other) noexcept'
core,../repos/grpc/src/core/lib/matchers/matchers.h,"(52, 51)-(52, 59)",b'operator=(StringMatcher&& other) noexcept'
core,../repos/grpc/src/core/lib/matchers/matchers.h,"(122, 40)-(122, 48)",b'HeaderMatcher(HeaderMatcher&& other) noexcept'
core,../repos/grpc/src/core/lib/matchers/matchers.h,"(123, 51)-(123, 59)",b'operator=(HeaderMatcher&& other) noexcept'
core,../repos/grpc/src/core/lib/matchers/matchers.cc,"(77, 53)-(77, 61)",b'StringMatcher::StringMatcher(StringMatcher&& ...'
core,../repos/grpc/src/core/lib/matchers/matchers.cc,"(86, 64)-(86, 72)",b'StringMatcher::operator=(StringMatcher&& othe...'
core,../repos/grpc/src/core/lib/matchers/matchers.cc,"(240, 53)-(240, 61)",b'HeaderMatcher::HeaderMatcher(HeaderMatcher&& ...'
core,../repos/grpc/src/core/lib/matchers/matchers.cc,"(257, 64)-(257, 72)",b'HeaderMatcher::operator=(HeaderMatcher&& othe...'
core,../repos/grpc/src/core/lib/slice/slice_buffer.h,"(57, 36)-(57, 44)",b'SliceBuffer(SliceBuffer&& other) noexcept'
core,../repos/grpc/src/core/lib/slice/slice_buffer.h,"(66, 47)-(66, 55)",b'operator=(SliceBuffer&& other) noexcept'
core,../repos/grpc/src/core/lib/slice/slice.h,"(256, 36)-(256, 44)",b'StaticSlice(StaticSlice&& other) noexcept'
core,../repos/grpc/src/core/lib/slice/slice.h,"(258, 47)-(258, 55)",b'operator=(StaticSlice&& other) noexcept'
core,../repos/grpc/src/core/lib/slice/slice.h,"(277, 38)-(277, 46)",b'MutableSlice(MutableSlice&& other) noexcept'
core,../repos/grpc/src/core/lib/slice/slice.h,"(279, 49)-(279, 57)",b'operator=(MutableSlice&& other) noexcept'
core,../repos/grpc/src/core/lib/security/security_connector/ssl_utils.h,"(155, 42)-(155, 50)",b'PemKeyCertPair(PemKeyCertPair&& other) noexcept'
core,../repos/grpc/src/core/lib/security/security_connector/ssl_utils.h,"(159, 53)-(159, 61)",b'operator=(PemKeyCertPair&& other) noexcept'
core,../repos/grpc/src/core/lib/security/authorization/rbac_policy.cc,"(38, 26)-(38, 34)",b'Rbac::Rbac(Rbac&& other) noexcept'
core,../repos/grpc/src/core/lib/security/authorization/rbac_policy.cc,"(45, 37)-(45, 45)",b'Rbac::operator=(Rbac&& other) noexcept'
core,../repos/grpc/src/core/lib/security/authorization/rbac_policy.cc,"(93, 53)-(93, 61)",b'Rbac::CidrRange::CidrRange(Rbac::CidrRange&& ...'
core,../repos/grpc/src/core/lib/security/authorization/rbac_policy.cc,"(97, 70)-(97, 78)",b'Rbac::CidrRange::operator=(Rbac::CidrRange&& ...'
core,../repos/grpc/src/core/lib/security/authorization/rbac_policy.cc,"(187, 56)-(187, 64)",b'Rbac::Permission::Permission(Rbac::Permission...'
core,../repos/grpc/src/core/lib/security/authorization/rbac_policy.cc,"(213, 31)-(213, 39)",b'Rbac::Permission::operator=(\n    Rbac::Permis...'
core,../repos/grpc/src/core/lib/security/authorization/rbac_policy.cc,"(366, 53)-(366, 61)",b'Rbac::Principal::Principal(Rbac::Principal&& ...'
core,../repos/grpc/src/core/lib/security/authorization/rbac_policy.cc,"(388, 70)-(388, 78)",b'Rbac::Principal::operator=(Rbac::Principal&& ...'
core,../repos/grpc/src/core/lib/security/authorization/rbac_policy.cc,"(460, 44)-(460, 52)",b'Rbac::Policy::Policy(Rbac::Policy&& other) no...'
core,../repos/grpc/src/core/lib/security/authorization/rbac_policy.cc,"(464, 61)-(464, 69)",b'Rbac::Policy::operator=(Rbac::Policy&& other)...'
core,../repos/grpc/src/core/lib/security/authorization/grpc_authorization_engine.cc,"(68, 38)-(68, 46)",b'GrpcAuthorizationEngine::GrpcAuthorizationEng...'
core,../repos/grpc/src/core/lib/security/authorization/grpc_authorization_engine.cc,"(76, 38)-(76, 46)",b'GrpcAuthorizationEngine::operator=(\n    GrpcA...'
core,../repos/grpc/src/core/lib/security/authorization/rbac_policy.h,"(54, 34)-(54, 42)",b'CidrRange(CidrRange&& other) noexcept'
core,../repos/grpc/src/core/lib/security/authorization/rbac_policy.h,"(55, 45)-(55, 53)",b'operator=(CidrRange&& other) noexcept'
core,../repos/grpc/src/core/lib/security/authorization/rbac_policy.h,"(94, 36)-(94, 44)",b'Permission(Permission&& other) noexcept'
core,../repos/grpc/src/core/lib/security/authorization/rbac_policy.h,"(95, 47)-(95, 55)",b'operator=(Permission&& other) noexcept'
core,../repos/grpc/src/core/lib/security/authorization/rbac_policy.h,"(144, 34)-(144, 42)",b'Principal(Principal&& other) noexcept'
core,../repos/grpc/src/core/lib/security/authorization/rbac_policy.h,"(145, 45)-(145, 53)",b'operator=(Principal&& other) noexcept'
core,../repos/grpc/src/core/lib/security/authorization/rbac_policy.h,"(164, 28)-(164, 36)",b'Policy(Policy&& other) noexcept'
core,../repos/grpc/src/core/lib/security/authorization/rbac_policy.h,"(165, 39)-(165, 47)",b'operator=(Policy&& other) noexcept'
core,../repos/grpc/src/core/lib/security/authorization/rbac_policy.h,"(177, 22)-(177, 30)",b'Rbac(Rbac&& other) noexcept'
core,../repos/grpc/src/core/lib/security/authorization/rbac_policy.h,"(178, 33)-(178, 41)",b'operator=(Rbac&& other) noexcept'
core,../repos/grpc/src/core/lib/security/authorization/grpc_authorization_engine.h,"(51, 60)-(51, 68)",b'GrpcAuthorizationEngine(GrpcAuthorizationEngi...'
core,../repos/grpc/src/core/lib/security/authorization/grpc_authorization_engine.h,"(52, 71)-(52, 79)",b'operator=(GrpcAuthorizationEngine&& other) no...'
core,../repos/grpc/src/core/lib/security/transport/legacy_server_auth_filter.cc,"(138, 50)-(138, 58)",b'RunApplicationCode(RunApplicationCode&& other...'
core,../repos/grpc/src/core/lib/security/transport/legacy_server_auth_filter.cc,"(140, 61)-(140, 69)",b'operator=(RunApplicationCode&& other) noexcept'
core,../repos/grpc/src/core/lib/security/transport/auth_filters.h,"(101, 52)-(101, 60)",b'RunApplicationCode(RunApplicationCode&& other...'
core,../repos/grpc/src/core/lib/security/transport/auth_filters.h,"(103, 63)-(103, 71)",b'operator=(RunApplicationCode&& other) noexcept'
core,../repos/grpc/src/core/lib/resolver/endpoint_addresses.cc,"(65, 65)-(65, 73)",b'EndpointAddresses::EndpointAddresses(Endpoint...'
core,../repos/grpc/src/core/lib/resolver/endpoint_addresses.cc,"(69, 32)-(69, 40)",b'EndpointAddresses::operator=(\n    EndpointAdd...'
core,../repos/grpc/src/core/lib/resolver/endpoint_addresses.h,"(64, 48)-(64, 56)",b'EndpointAddresses(EndpointAddresses&& other) ...'
core,../repos/grpc/src/core/lib/resolver/endpoint_addresses.h,"(65, 59)-(65, 67)",b'operator=(EndpointAddresses&& other) noexcept'
core,../repos/grpc/src/core/lib/resolver/resolver_registry.h,"(75, 40)-(75, 48)",b'ResolverRegistry(ResolverRegistry&&) noexcept'
core,../repos/grpc/src/core/lib/resolver/resolver_registry.h,"(76, 51)-(76, 59)",b'operator=(ResolverRegistry&&) noexcept'
core,../repos/grpc/src/core/ext/transport/chttp2/transport/hpack_constants.h,"(33, 59)-(33, 67)",b'EntriesForBytes(uint32_t bytes) noexcept'
core,../repos/grpc/src/core/ext/transport/chttp2/transport/hpack_constants.h,"(38, 59)-(38, 67)","b'SizeForEntry(size_t key_length,\n             ...'"
core,../repos/grpc/src/core/ext/transport/chttp2/transport/hpack_parser.h,"(137, 28)-(137, 36)",b'String(String&& other) noexcept'
core,../repos/grpc/src/core/ext/transport/chttp2/transport/hpack_parser.h,"(140, 39)-(140, 47)",b'operator=(String&& other) noexcept'
core,../repos/grpc/src/core/ext/transport/chttp2/transport/chttp2_transport.cc,"(1696, 50)-(1696, 58)",b'PingClosureWrapper(PingClosureWrapper&& other...'
core,../repos/grpc/src/core/ext/transport/chttp2/transport/chttp2_transport.cc,"(1698, 61)-(1698, 69)",b'operator=(PingClosureWrapper&& other) noexcept'
core,../repos/grpc/src/core/ext/transport/chttp2/transport/hpack_parse_result.h,"(309, 42)-(309, 50)",b'StatusWrapper(StatusWrapper&& other) noexcept'
core,../repos/grpc/src/core/ext/transport/chttp2/transport/hpack_parse_result.h,"(311, 53)-(311, 61)",b'operator=(StatusWrapper&& other) noexcept'
core,../repos/grpc/src/core/ext/xds/xds_route_config.h,"(117, 34)-(117, 42)",b'Header(Header&& other) noexcept'
core,../repos/grpc/src/core/ext/xds/xds_route_config.h,"(118, 45)-(118, 53)",b'operator=(Header&& other) noexcept'
core,../repos/grpc/src/core/ext/xds/xds_route_config.cc,"(157, 21)-(157, 29)",b'XdsRouteConfigResource::Route::RouteAction::H...'
core,../repos/grpc/src/core/ext/xds/xds_route_config.cc,"(164, 21)-(164, 29)",b'XdsRouteConfigResource::Route::RouteAction::H...'
core,../repos/grpc/src/core/ext/xds/xds_http_filters.h,"(159, 56)-(159, 64)",b'XdsHttpFilterRegistry(XdsHttpFilterRegistry&&...'
core,../repos/grpc/src/core/ext/xds/xds_http_filters.h,"(162, 67)-(162, 75)",b'operator=(XdsHttpFilterRegistry&& other) noexcept'
core,../repos/grpc/src/core/ext/xds/xds_cluster_specifier_plugin.h,"(75, 50)-(75, 58)",b'XdsClusterSpecifierPluginRegistry(\n      XdsC...'
core,../repos/grpc/src/core/ext/xds/xds_cluster_specifier_plugin.h,"(78, 50)-(78, 58)",b'operator=(\n      XdsClusterSpecifierPluginReg...'
core,../repos/grpc/src/core/ext/filters/fault_injection/fault_injection_filter.cc,"(104, 36)-(104, 44)",b'FaultHandle(FaultHandle&& other) noexcept'
core,../repos/grpc/src/core/ext/filters/fault_injection/fault_injection_filter.cc,"(106, 47)-(106, 55)",b'operator=(FaultHandle&& other) noexcept'
core,../repos/grpc/src/core/ext/filters/client_channel/subchannel_pool_interface.h,"(48, 40)-(48, 48)",b'SubchannelKey(SubchannelKey&& other) noexcept'
core,../repos/grpc/src/core/ext/filters/client_channel/subchannel_pool_interface.h,"(49, 51)-(49, 59)",b'operator=(SubchannelKey&& other) noexcept'
