Repo name,File name,Location,Content
core,../repos/grpc/src/core/lib/resource_quota/memory_quota.h,"(530, 34)-(530, 50)",b'MakeOrphanable(Args&&... args)'
core,../repos/grpc/src/core/lib/resource_quota/arena.h,"(79, 36)-(80, 53)",b'PoolFromObjectSize(\n    absl::integer_sequenc...'
core,../repos/grpc/src/core/lib/resource_quota/arena.h,"(85, 46)-(86, 53)",b'AllocationSizeFromObjectSize(\n    absl::integ...'
core,../repos/grpc/src/core/lib/resource_quota/arena.h,"(109, 40)-(110, 63)","b'ChoosePoolForAllocationSize(\n    size_t n, ab...'"
core,../repos/grpc/src/core/lib/resource_quota/arena.h,"(181, 9)-(181, 25)",b'New(Args&&... args)'
core,../repos/grpc/src/core/lib/resource_quota/arena.h,"(189, 16)-(189, 32)",b'ManagedNew(Args&&... args)'
core,../repos/grpc/src/core/lib/resource_quota/arena.h,"(230, 24)-(230, 40)",b'MakePooled(Args&&... args)'
core,../repos/grpc/src/core/lib/resource_quota/arena.h,"(267, 15)-(267, 31)",b'NewPooled(Args&&... args)'
core,../repos/grpc/src/core/lib/resource_quota/arena.h,"(336, 31)-(336, 47)",b'MakePooled(Args&&... args)'
core,../repos/grpc/src/core/lib/resource_quota/arena.h,"(357, 15)-(357, 31)",b'NewPooled(Args&&... args)'
core,../repos/grpc/src/core/lib/resource_quota/arena.h,"(382, 28)-(382, 44)",b'ManagedNewImpl(Args&&... args)'
core,../repos/grpc/src/core/lib/gprpp/match.h,"(51, 11)-(51, 60)","b'Match(const absl::variant<T0, Ts...>& value, ...'"
core,../repos/grpc/src/core/lib/gprpp/match.h,"(66, 18)-(66, 61)","b'MatchMutable(absl::variant<T0, Ts...>* value,...'"
core,../repos/grpc/src/core/lib/gprpp/manual_constructor.h,"(127, 12)-(127, 26)",b'Init(Ts&&... args)'
core,../repos/grpc/src/core/lib/gprpp/orphanable.h,"(67, 39)-(67, 55)",b'MakeOrphanable(Args&&... args)'
core,../repos/grpc/src/core/lib/gprpp/overload.h,"(31, 24)-(31, 52)","b'OverloadType(Case&& c, Cases&&... cases)'"
core,../repos/grpc/src/core/lib/gprpp/overload.h,"(53, 32)-(53, 48)",b'Overload(Cases... cases)'
core,../repos/grpc/src/core/lib/gprpp/construct_destruct.h,"(34, 15)-(34, 37)","b'Construct(T* p, Args&&... args)'"
core,../repos/grpc/src/core/lib/gprpp/table.h,"(61, 14)-(61, 37)","b'f(Elements<T, Ts...>* e)'"
core,../repos/grpc/src/core/lib/gprpp/table.h,"(62, 20)-(62, 49)","b'f(const Elements<T, Ts...>* e)'"
core,../repos/grpc/src/core/lib/gprpp/table.h,"(67, 16)-(67, 39)","b'f(Elements<T, Ts...>* e)\n      -> decltype(Ge...'"
core,../repos/grpc/src/core/lib/gprpp/table.h,"(71, 16)-(71, 45)","b'f(const Elements<T, Ts...>* e)\n      -> declt...'"
core,../repos/grpc/src/core/lib/gprpp/table.h,"(272, 9)-(272, 25)",b'set(Args&&... args)'
core,../repos/grpc/src/core/lib/gprpp/table.h,"(278, 20)-(278, 36)",b'set(Args&&... args)'
core,../repos/grpc/src/core/lib/gprpp/table.h,"(413, 16)-(413, 44)",b'Destruct(absl::index_sequence<I...>)'
core,../repos/grpc/src/core/lib/gprpp/table.h,"(421, 12)-(421, 58)","b'Copy(absl::index_sequence<I...>, const Table& rhs)'"
core,../repos/grpc/src/core/lib/gprpp/table.h,"(428, 12)-(428, 53)","b'Move(absl::index_sequence<I...>, Table&& rhs)'"
core,../repos/grpc/src/core/lib/gprpp/table.h,"(435, 19)-(435, 52)","b'ForEachImpl(F f, absl::index_sequence<I...>) const'"
core,../repos/grpc/src/core/lib/gprpp/table.h,"(440, 20)-(440, 48)",b'ClearAllImpl(absl::index_sequence<I...>)'
core,../repos/grpc/src/core/lib/gprpp/chunked_vector.h,"(82, 17)-(82, 33)",b'EmplaceBack(Args&&... args)'
core,../repos/grpc/src/core/lib/gprpp/no_destruct.h,"(53, 22)-(53, 38)",b'NoDestruct(Args&&... args)'
core,../repos/grpc/src/core/lib/gprpp/ref_counted_ptr.h,"(369, 39)-(369, 55)",b'MakeRefCounted(Args&&... args)'
core,../repos/grpc/src/core/lib/channel/promise_based_filter.h,"(148, 47)-(148, 74)",b'HasAsyncErrorInterceptor(absl::Status (T::*)(...'
core,../repos/grpc/src/core/lib/channel/promise_based_filter.h,"(148, 67)-(148, 73)",b'(T::*)(A...)'
core,../repos/grpc/src/core/lib/channel/promise_based_filter.h,"(171, 47)-(172, 77)","b'HasAsyncErrorInterceptor(I1 i1, I2 i2,\n      ...'"
core,../repos/grpc/src/core/lib/channel/promise_based_filter.h,"(212, 39)-(213, 69)","b'HasChannelAccess(I1 i1, I2 i2,\n              ...'"
core,../repos/grpc/src/core/lib/gpr/linux/log.cc,"(54, 13)-(55, 38)","b'gpr_log(const char* file, int line, gpr_log_s...'"
core,../repos/grpc/src/core/lib/gpr/android/log.cc,"(45, 13)-(46, 38)","b'gpr_log(const char* file, int line, gpr_log_s...'"
core,../repos/grpc/src/core/lib/gpr/useful.h,"(118, 17)-(118, 77)","b'QsortCompare(const absl::variant<X...>& a, co...'"
core,../repos/grpc/src/core/lib/gpr/windows/log.cc,"(38, 13)-(39, 38)","b'gpr_log(const char* file, int line, gpr_log_s...'"
core,../repos/grpc/src/core/lib/gpr/windows/string.cc,"(34, 17)-(34, 55)","b'gpr_asprintf(char** strp, const char* format, ...)'"
core,../repos/grpc/src/core/lib/gpr/posix/log.cc,"(45, 13)-(46, 38)","b'gpr_log(const char* file, int line, gpr_log_s...'"
core,../repos/grpc/src/core/lib/gpr/posix/string.cc,"(30, 17)-(30, 55)","b'gpr_asprintf(char** strp, const char* format, ...)'"
core,../repos/grpc/src/core/lib/promise/map.h,"(79, 18)-(79, 40)",b'operator()(std::tuple<A...>&& t) const\n      ...'
core,../repos/grpc/src/core/lib/promise/map.h,"(84, 18)-(84, 45)",b'operator()(const std::tuple<A...>& t) const\n ...'
core,../repos/grpc/src/core/lib/promise/switch.h,"(65, 12)-(65, 77)","b'Switch(D discriminator, promise_detail::Case<...'"
core,../repos/grpc/src/core/lib/promise/detail/promise_factory.h,"(73, 19)-(73, 28)",b'(Args...)'
core,../repos/grpc/src/core/lib/promise/detail/promise_factory.h,"(80, 19)-(80, 28)",b'(Args...)&'
core,../repos/grpc/src/core/lib/promise/detail/promise_factory.h,"(87, 25)-(87, 34)",b'(Args...)&'
core,../repos/grpc/src/core/lib/promise/prioritized_race.h,"(64, 27)-(64, 66)","b'PrioritizedRace(Promise promise, Promises... ...'"
core,../repos/grpc/src/core/lib/promise/prioritized_race.h,"(87, 61)-(88, 26)",b'PrioritizedRace(\n    Promises... promises)'
core,../repos/grpc/src/core/lib/promise/inter_activity_pipe.h,"(42, 24)-(42, 40)",b'NextResult(Args&&... args)'
core,../repos/grpc/src/core/lib/promise/seq.h,"(62, 15)-(62, 69)","b'Seq(P&& promise, Fs&&... factories, DebugLoca...'"
core,../repos/grpc/src/core/lib/promise/try_seq.h,"(204, 18)-(204, 72)","b'TrySeq(P&& promise, Fs&&... factories, DebugL...'"
core,../repos/grpc/src/core/lib/promise/join.h,"(48, 38)-(48, 46)",b'FinalReturn(A... a)'
core,../repos/grpc/src/core/lib/promise/join.h,"(56, 16)-(56, 38)",b'Join(Promises... promises)'
core,../repos/grpc/src/core/lib/promise/join.h,"(75, 38)-(75, 59)",b'Join(Promise... promises)'
core,../repos/grpc/src/core/lib/promise/race.h,"(35, 16)-(35, 55)","b'Race(Promise promise, Promises... promises)'"
core,../repos/grpc/src/core/lib/promise/race.h,"(73, 39)-(73, 61)",b'Race(Promises... promises)'
core,../repos/grpc/src/core/lib/promise/all_ok.h,"(52, 28)-(52, 36)",b'FinalReturn(A&&...)'
core,../repos/grpc/src/core/lib/promise/all_ok.h,"(61, 17)-(61, 39)",b'AllOk(Promises... promises)'
core,../repos/grpc/src/core/lib/promise/all_ok.h,"(74, 11)-(74, 33)",b'AllOk(Promises... promises)'
core,../repos/grpc/src/core/lib/promise/try_join.h,"(90, 26)-(90, 36)",b'FinalReturn(A&&... a)'
core,../repos/grpc/src/core/lib/promise/try_join.h,"(99, 19)-(99, 41)",b'TryJoin(Promises... promises)'
core,../repos/grpc/src/core/lib/promise/try_join.h,"(121, 48)-(121, 70)",b'TryJoin(Promises... promises)'
core,../repos/grpc/src/core/lib/promise/activity.h,"(297, 28)-(297, 52)",b'ActivityContexts(Contexts&&... contexts)'
core,../repos/grpc/src/core/lib/promise/activity.h,"(446, 18)-(447, 58)","b'PromiseActivity(F promise_factory, WakeupSche...'"
core,../repos/grpc/src/core/lib/promise/activity.h,"(630, 25)-(632, 49)","b'MakeActivity(Factory promise_factory,\n       ...'"
core,../repos/grpc/src/core/lib/transport/metadata_batch.h,"(1329, 59)-(1330, 75)","b'Set(Which,\n                                  ...'"
core,../repos/grpc/src/core/lib/transport/metadata_batch.h,"(1334, 58)-(1335, 74)","b'Set(Which,\n                                  ...'"
core,../repos/grpc/src/core/lib/transport/metadata_batch.h,"(1441, 23)-(1441, 63)","b'IsStatusOk(const MetadataMap<Derived, Args...>& m)'"
core,../repos/grpc/src/core/lib/transport/metadata_batch.h,"(1447, 45)-(1447, 59)","b'MetadataMap<Derived, Traits...>::MetadataMap(...'"
core,../repos/grpc/src/core/lib/transport/metadata_batch.h,"(1450, 45)-(1450, 66)","b'MetadataMap<Derived, Traits...>::MetadataMap(...'"
core,../repos/grpc/src/core/lib/transport/metadata_batch.h,"(1457, 52)-(1458, 25)","b'MetadataMap<Derived, Traits...>::operator=(\n ...'"
core,../repos/grpc/src/core/lib/transport/metadata_batch.h,"(1465, 46)-(1465, 48)","b'MetadataMap<Derived, Traits...>::~MetadataMap()'"
core,../repos/grpc/src/core/lib/transport/metadata_batch.h,"(1468, 44)-(1468, 46)","b'MetadataMap<Derived, Traits...>::Clear()'"
core,../repos/grpc/src/core/lib/transport/metadata_batch.h,"(1474, 54)-(1474, 56)","b'MetadataMap<Derived, Traits...>::TransportSiz...'"
core,../repos/grpc/src/core/lib/transport/metadata_batch.h,"(1481, 46)-(1481, 48)","b'MetadataMap<Derived, Traits...>::Copy() const'"
