Repo name,File name,Location,Content
core,../repos/grpc/src/core/lib/resource_quota/memory_quota.cc,"(88, 22)-(88, 32)",b'shared_ptr<BasicMemoryQuota>'
core,../repos/grpc/src/core/lib/resource_quota/memory_quota.cc,"(202, 10)-(202, 20)",b'unique_ptr<QueuedNode>'
core,../repos/grpc/src/core/lib/resource_quota/memory_quota.cc,"(228, 8)-(228, 18)",b'unique_ptr<QueuedNode>'
core,../repos/grpc/src/core/lib/resource_quota/memory_quota.cc,"(264, 8)-(264, 18)",b'shared_ptr<BasicMemoryQuota>'
core,../repos/grpc/src/core/lib/resource_quota/memory_quota.h,"(395, 12)-(395, 22)",b'shared_ptr<BasicMemoryQuota>'
core,../repos/grpc/src/core/lib/resource_quota/memory_quota.h,"(587, 18)-(587, 28)",b'shared_ptr<BasicMemoryQuota>'
core,../repos/grpc/src/core/lib/gprpp/thd.h,"(99, 20)-(99, 30)",b'unique_ptr<absl::AnyInvocable<void()>>'
core,../repos/grpc/src/core/lib/gprpp/directory_reader.h,"(43, 6)-(43, 16)",b'unique_ptr<DirectoryReader>'
core,../repos/grpc/src/core/lib/gprpp/windows/env.cc,"(36, 8)-(36, 18)",b'unique_ptr<TCHAR[]>'
core,../repos/grpc/src/core/lib/event_engine/ares_resolver.h,"(66, 21)-(66, 31)",b'unique_ptr<GrpcPolledFdFactory>'
core,../repos/grpc/src/core/lib/event_engine/ares_resolver.h,"(67, 21)-(67, 31)",b'shared_ptr<EventEngine>'
core,../repos/grpc/src/core/lib/event_engine/default_event_engine.h,"(62, 6)-(62, 16)",b'shared_ptr<EventEngine>'
core,../repos/grpc/src/core/lib/event_engine/windows/windows_engine.cc,"(247, 23)-(247, 33)",b'unique_ptr<WindowsEndpoint>'
core,../repos/grpc/src/core/lib/event_engine/windows/windows_listener.h,"(42, 12)-(42, 22)",b'unique_ptr<MemoryAllocatorFactory>'
core,../repos/grpc/src/core/lib/event_engine/windows/windows_listener.h,"(43, 12)-(43, 22)",b'shared_ptr<EventEngine>'
core,../repos/grpc/src/core/lib/event_engine/windows/windows_listener.h,"(94, 25)-(94, 35)",b'unique_ptr<WinSocket>'
core,../repos/grpc/src/core/lib/event_engine/windows/windows_listener.h,"(108, 35)-(108, 45)",b'unique_ptr<WinSocket>'
core,../repos/grpc/src/core/lib/event_engine/windows/windows_endpoint.h,"(31, 24)-(31, 34)",b'unique_ptr<WinSocket>'
core,../repos/grpc/src/core/lib/event_engine/windows/windows_endpoint.h,"(33, 49)-(33, 59)",b'shared_ptr<EventEngine>'
core,../repos/grpc/src/core/lib/event_engine/windows/windows_endpoint.h,"(94, 50)-(94, 60)",b'unique_ptr<WinSocket>'
core,../repos/grpc/src/core/lib/event_engine/windows/windows_endpoint.h,"(95, 23)-(95, 33)",b'shared_ptr<EventEngine>'
core,../repos/grpc/src/core/lib/event_engine/windows/native_windows_dns_resolver.h,"(30, 42)-(30, 52)",b'shared_ptr<EventEngine>'
core,../repos/grpc/src/core/lib/event_engine/thread_pool/work_stealing_thread_pool.h,"(197, 31)-(197, 41)",b'shared_ptr<WorkStealingThreadPoolImpl>'
core,../repos/grpc/src/core/lib/event_engine/thread_pool/thread_pool.h,"(45, 6)-(45, 16)",b'shared_ptr<ThreadPool>'
core,../repos/grpc/src/core/lib/event_engine/default_event_engine.cc,"(43, 37)-(43, 47)",b'unique_ptr<EventEngine>'
core,../repos/grpc/src/core/lib/event_engine/default_event_engine.cc,"(82, 12)-(82, 22)",b'shared_ptr<EventEngine>'
core,../repos/grpc/src/core/lib/event_engine/default_event_engine.cc,"(89, 8)-(89, 18)",b'shared_ptr<EventEngine>'
core,../repos/grpc/src/core/lib/event_engine/default_event_engine_factory.h,"(28, 6)-(28, 16)",b'unique_ptr<EventEngine>'
core,../repos/grpc/src/core/lib/event_engine/cf_engine/cfstream_endpoint.h,"(43, 29)-(43, 39)",b'shared_ptr<CFEventEngine>'
core,../repos/grpc/src/core/lib/event_engine/posix_engine/wakeup_fd_posix_default.h,"(32, 21)-(32, 31)",b'unique_ptr<WakeupFd>'
core,../repos/grpc/src/core/lib/event_engine/posix_engine/native_posix_dns_resolver.h,"(37, 40)-(37, 50)",b'shared_ptr<EventEngine>'
core,../repos/grpc/src/core/lib/event_engine/posix_engine/ev_poll_posix.h,"(93, 6)-(93, 16)",b'shared_ptr<PollPoller>'
core,../repos/grpc/src/core/lib/event_engine/posix_engine/timer_manager.h,"(51, 12)-(51, 22)",b'shared_ptr<grpc_event_engine::experimental::T...'
core,../repos/grpc/src/core/lib/event_engine/posix_engine/posix_engine.cc,"(143, 23)-(143, 33)",b'unique_ptr<EventEngine::Endpoint>'
core,../repos/grpc/src/core/lib/event_engine/posix_engine/posix_engine.cc,"(689, 37)-(689, 47)",b'unique_ptr<EventEngine::Endpoint>'
core,../repos/grpc/src/core/lib/event_engine/posix_engine/posix_engine_listener.h,"(60, 12)-(60, 22)",b'unique_ptr<grpc_event_engine::experimental::M...'
core,../repos/grpc/src/core/lib/event_engine/posix_engine/posix_engine_listener.h,"(62, 38)-(62, 48)",b'shared_ptr<EventEngine>'
core,../repos/grpc/src/core/lib/event_engine/posix_engine/event_poller_posix_default.h,"(30, 6)-(30, 16)",b'shared_ptr<PosixEventPoller>'
core,../repos/grpc/src/core/lib/event_engine/posix_engine/posix_endpoint.h,"(470, 12)-(470, 22)",b'shared_ptr<grpc_event_engine::experimental::E...'
core,../repos/grpc/src/core/lib/event_engine/posix_engine/posix_endpoint.h,"(718, 6)-(718, 16)",b'unique_ptr<PosixEndpoint>'
core,../repos/grpc/src/core/lib/event_engine/posix_engine/posix_endpoint.h,"(720, 10)-(720, 20)",b'shared_ptr<EventEngine>'
core,../repos/grpc/src/core/lib/event_engine/posix_engine/ev_epoll1_linux.h,"(133, 6)-(133, 16)",b'shared_ptr<Epoll1Poller>'
core,../repos/grpc/src/core/lib/event_engine/posix_engine/posix_engine.h,"(105, 42)-(105, 52)",b'shared_ptr<ThreadPool>'
core,../repos/grpc/src/core/lib/event_engine/posix_engine/posix_engine.h,"(107, 12)-(107, 22)",b'shared_ptr<grpc_event_engine::experimental::P...'
core,../repos/grpc/src/core/lib/event_engine/posix_engine/posix_engine.h,"(164, 12)-(164, 22)",b'shared_ptr<grpc_event_engine::experimental::P...'
core,../repos/grpc/src/core/lib/event_engine/posix_engine/event_poller_posix_default.cc,"(54, 8)-(54, 18)",b'shared_ptr<PosixEventPoller>'
core,../repos/grpc/src/core/lib/event_engine/ares_resolver.cc,"(670, 8)-(670, 18)",b'unique_ptr<QueryArg>'
core,../repos/grpc/src/core/lib/event_engine/ares_resolver.cc,"(726, 8)-(726, 18)",b'unique_ptr<QueryArg>'
core,../repos/grpc/src/core/lib/channel/channel_args.h,"(455, 34)-(455, 44)",b'shared_ptr<T>'
core,../repos/grpc/src/core/lib/iomgr/combiner.h,"(69, 10)-(69, 20)",b'shared_ptr<grpc_event_engine::experimental::E...'
core,../repos/grpc/src/core/lib/iomgr/event_engine_shims/tcp_client.cc,"(52, 8)-(52, 18)",b'shared_ptr<EventEngine>'
core,../repos/grpc/src/core/lib/iomgr/event_engine_shims/tcp_client.cc,"(59, 38)-(59, 48)",b'unique_ptr<EventEngine::Endpoint>'
core,../repos/grpc/src/core/lib/iomgr/event_engine_shims/endpoint.cc,"(71, 12)-(71, 22)",b'unique_ptr<EventEngine::Endpoint>'
core,../repos/grpc/src/core/lib/iomgr/event_engine_shims/endpoint.h,"(31, 10)-(31, 20)",b'unique_ptr<EventEngine::Endpoint>'
core,../repos/grpc/src/core/lib/iomgr/event_engine_shims/endpoint.h,"(47, 6)-(47, 16)",b'unique_ptr<EventEngine::Endpoint>'
core,../repos/grpc/src/core/lib/iomgr/resolve_address.h,"(122, 28)-(122, 38)",b'shared_ptr<DNSResolver>'
core,../repos/grpc/src/core/lib/iomgr/resolve_address.h,"(126, 6)-(126, 16)",b'shared_ptr<DNSResolver>'
core,../repos/grpc/src/core/lib/iomgr/tcp_server_windows.cc,"(607, 29)-(607, 39)",b'unique_ptr<EventEngine::Endpoint>'
core,../repos/grpc/src/core/lib/iomgr/tcp_server_posix.cc,"(97, 23)-(97, 33)",b'unique_ptr<EventEngine::Listener>'
core,../repos/grpc/src/core/lib/iomgr/tcp_server_posix.cc,"(100, 35)-(100, 45)",b'unique_ptr<EventEngine::Endpoint>'
core,../repos/grpc/src/core/lib/iomgr/tcp_server_posix.cc,"(170, 10)-(170, 20)",b'shared_ptr<EventEngine>'
core,../repos/grpc/src/core/lib/iomgr/tcp_server_posix.cc,"(189, 18)-(189, 28)",b'unique_ptr<EventEngine::Endpoint>'
core,../repos/grpc/src/core/lib/iomgr/resolve_address.cc,"(35, 17)-(35, 27)",b'shared_ptr<DNSResolver>'
core,../repos/grpc/src/core/lib/json/json_object_loader.h,"(415, 33)-(415, 43)",b'unique_ptr<T>'
core,../repos/grpc/src/core/lib/transport/promise_endpoint.h,"(54, 12)-(54, 22)",b'unique_ptr<grpc_event_engine::experimental::E...'
core,../repos/grpc/src/core/lib/surface/server.cc,"(508, 24)-(508, 34)",b'shared_ptr<ActivityWaiter>'
core,../repos/grpc/src/core/lib/surface/server.cc,"(532, 20)-(532, 30)",b'unique_ptr<absl::StatusOr<MatchResult>>'
core,../repos/grpc/src/core/lib/surface/server.cc,"(865, 24)-(865, 34)",b'unique_ptr<RequestMatcherInterface>'
core,../repos/grpc/src/core/lib/matchers/matchers.h,"(71, 31)-(71, 41)",b'unique_ptr<RE2>'
core,../repos/grpc/src/core/lib/security/security_connector/ssl_utils.h,"(90, 10)-(90, 20)",b'shared_ptr<grpc_core::experimental::CrlProvider>'
core,../repos/grpc/src/core/lib/security/security_connector/ssl_utils.h,"(100, 10)-(100, 20)",b'shared_ptr<grpc_core::experimental::CrlProvider>'
core,../repos/grpc/src/core/lib/security/credentials/tls/grpc_tls_crl_provider.cc,"(75, 23)-(75, 33)",b'unique_ptr<Crl>'
core,../repos/grpc/src/core/lib/security/credentials/tls/grpc_tls_crl_provider.cc,"(117, 41)-(117, 51)",b'shared_ptr<Crl>'
core,../repos/grpc/src/core/lib/security/credentials/tls/grpc_tls_crl_provider.cc,"(119, 25)-(119, 35)",b'unique_ptr<Crl>'
core,../repos/grpc/src/core/lib/security/credentials/tls/grpc_tls_crl_provider.cc,"(193, 18)-(193, 28)",b'shared_ptr<DirectoryReloaderCrlProvider>'
core,../repos/grpc/src/core/lib/security/credentials/tls/grpc_tls_crl_provider.cc,"(201, 41)-(201, 51)",b'shared_ptr<Crl>'
core,../repos/grpc/src/core/lib/security/credentials/tls/grpc_tls_crl_provider.cc,"(207, 25)-(207, 35)",b'shared_ptr<Crl>'
core,../repos/grpc/src/core/lib/security/credentials/tls/grpc_tls_crl_provider.cc,"(207, 25)-(207, 35)",b'shared_ptr<Crl>'
core,../repos/grpc/src/core/lib/security/credentials/tls/grpc_tls_crl_provider.cc,"(228, 12)-(228, 22)",b'shared_ptr<Crl>'
core,../repos/grpc/src/core/lib/security/credentials/tls/grpc_tls_crl_provider.h,"(99, 12)-(99, 22)",b'shared_ptr<grpc_event_engine::experimental::E...'
core,../repos/grpc/src/core/lib/security/credentials/tls/grpc_tls_crl_provider.h,"(101, 12)-(101, 22)",b'shared_ptr<DirectoryReader>'
core,../repos/grpc/src/core/lib/security/authorization/rbac_translator.cc,"(102, 20)-(102, 30)",b'unique_ptr<Rbac::Principal>'
core,../repos/grpc/src/core/lib/security/authorization/rbac_translator.cc,"(123, 20)-(123, 30)",b'unique_ptr<Rbac::Principal>'
core,../repos/grpc/src/core/lib/security/authorization/rbac_translator.cc,"(151, 20)-(151, 30)",b'unique_ptr<Rbac::Permission>'
core,../repos/grpc/src/core/lib/security/authorization/rbac_translator.cc,"(204, 20)-(204, 30)",b'unique_ptr<Rbac::Permission>'
core,../repos/grpc/src/core/lib/security/authorization/rbac_translator.cc,"(224, 20)-(224, 30)",b'unique_ptr<Rbac::Permission>'
core,../repos/grpc/src/core/lib/security/authorization/rbac_translator.cc,"(244, 20)-(244, 30)",b'unique_ptr<Rbac::Permission>'
core,../repos/grpc/src/core/lib/security/authorization/cel_authorization_engine.cc,"(106, 8)-(106, 18)",b'unique_ptr<mock_cel::Activation>'
core,../repos/grpc/src/core/lib/security/authorization/matchers.cc,"(39, 24)-(39, 34)",b'unique_ptr<AuthorizationMatcher>'
core,../repos/grpc/src/core/lib/security/authorization/matchers.cc,"(47, 24)-(47, 34)",b'unique_ptr<AuthorizationMatcher>'
core,../repos/grpc/src/core/lib/security/authorization/matchers.cc,"(83, 24)-(83, 34)",b'unique_ptr<AuthorizationMatcher>'
core,../repos/grpc/src/core/lib/security/authorization/matchers.cc,"(91, 24)-(91, 34)",b'unique_ptr<AuthorizationMatcher>'
core,../repos/grpc/src/core/ext/transport/binder/client/endpoint_binder_pool.cc,"(60, 8)-(60, 18)",b'unique_ptr<grpc_binder::Binder>'
core,../repos/grpc/src/core/ext/transport/binder/client/endpoint_binder_pool.cc,"(87, 27)-(87, 37)",b'unique_ptr<grpc_binder::Binder>'
core,../repos/grpc/src/core/ext/transport/binder/client/channel_create_impl.h,"(31, 10)-(31, 20)",b'unique_ptr<grpc_binder::Binder>'
core,../repos/grpc/src/core/ext/transport/binder/client/channel_create_impl.h,"(33, 10)-(33, 20)",b'shared_ptr<grpc::experimental::binder::Securi...'
core,../repos/grpc/src/core/ext/transport/binder/client/channel_create.cc,"(146, 16)-(146, 26)",b'unique_ptr<experimental::ClientInterceptorFac...'
core,../repos/grpc/src/core/ext/transport/binder/wire_format/wire_writer.h,"(44, 32)-(44, 42)",b'unique_ptr<Binder>'
core,../repos/grpc/src/core/ext/transport/binder/wire_format/wire_reader_impl.h,"(40, 12)-(40, 22)",b'shared_ptr<TransportStreamReceiver>'
core,../repos/grpc/src/core/ext/transport/binder/wire_format/wire_reader_impl.h,"(42, 12)-(42, 22)",b'shared_ptr<grpc::experimental::binder::Securi...'
core,../repos/grpc/src/core/ext/transport/binder/wire_format/binder_android.cc,"(73, 8)-(73, 18)",b'unique_ptr<ReadableParcel>'
core,../repos/grpc/src/core/ext/transport/binder/wire_format/wire_reader_impl.cc,"(201, 12)-(201, 22)",b'unique_ptr<Binder>'
core,../repos/grpc/src/core/ext/transport/binder/transport/binder_transport.h,"(48, 12)-(48, 22)",b'unique_ptr<grpc_binder::Binder>'
core,../repos/grpc/src/core/ext/transport/binder/transport/binder_transport.h,"(49, 12)-(49, 22)",b'shared_ptr<grpc::experimental::binder::Securi...'
core,../repos/grpc/src/core/ext/transport/binder/transport/binder_transport.h,"(114, 10)-(114, 20)",b'unique_ptr<grpc_binder::Binder>'
core,../repos/grpc/src/core/ext/transport/binder/transport/binder_transport.h,"(115, 10)-(115, 20)",b'shared_ptr<grpc::experimental::binder::Securi...'
core,../repos/grpc/src/core/ext/transport/binder/transport/binder_transport.h,"(118, 10)-(118, 20)",b'unique_ptr<grpc_binder::Binder>'
core,../repos/grpc/src/core/ext/transport/binder/transport/binder_transport.h,"(119, 10)-(119, 20)",b'shared_ptr<grpc::experimental::binder::Securi...'
core,../repos/grpc/src/core/ext/transport/binder/server/binder_server.h,"(62, 25)-(62, 35)",b'shared_ptr<grpc::experimental::binder::Securi...'
core,../repos/grpc/src/core/ext/transport/binder/server/binder_server.cc,"(202, 10)-(202, 20)",b'unique_ptr<grpc_binder::Binder>'
core,../repos/grpc/src/core/ext/transport/chaotic_good/server_transport.h,"(85, 12)-(85, 22)",b'unique_ptr<PromiseEndpoint>'
core,../repos/grpc/src/core/ext/transport/chaotic_good/server_transport.h,"(86, 12)-(86, 22)",b'unique_ptr<PromiseEndpoint>'
core,../repos/grpc/src/core/ext/transport/chaotic_good/server_transport.h,"(87, 12)-(87, 22)",b'shared_ptr<grpc_event_engine::experimental::E...'
core,../repos/grpc/src/core/ext/transport/chaotic_good/client_transport.h,"(72, 12)-(72, 22)",b'unique_ptr<PromiseEndpoint>'
core,../repos/grpc/src/core/ext/transport/chaotic_good/client_transport.h,"(73, 12)-(73, 22)",b'unique_ptr<PromiseEndpoint>'
core,../repos/grpc/src/core/ext/transport/chaotic_good/client_transport.h,"(74, 12)-(74, 22)",b'shared_ptr<grpc_event_engine::experimental::E...'
core,../repos/grpc/src/core/ext/xds/xds_client_grpc.h,"(60, 22)-(60, 32)",b'unique_ptr<GrpcXdsBootstrap>'
core,../repos/grpc/src/core/ext/xds/xds_client.h,"(83, 12)-(83, 22)",b'unique_ptr<XdsBootstrap>'
core,../repos/grpc/src/core/ext/xds/xds_client.h,"(85, 12)-(85, 22)",b'shared_ptr<grpc_event_engine::experimental::E...'
core,../repos/grpc/src/core/ext/xds/xds_transport_grpc.h,"(96, 26)-(96, 36)",b'unique_ptr<StreamingCall::EventHandler>'
core,../repos/grpc/src/core/ext/xds/xds_server_config_fetcher.cc,"(147, 24)-(147, 34)",b'unique_ptr<grpc_server_config_fetcher::Watche...'
core,../repos/grpc/src/core/ext/xds/xds_server_config_fetcher.cc,"(443, 27)-(443, 37)",b'shared_ptr<const XdsRouteConfigResource>'
core,../repos/grpc/src/core/ext/xds/xds_server_config_fetcher.cc,"(1120, 29)-(1120, 39)",b'shared_ptr<const XdsRouteConfigResource>'
core,../repos/grpc/src/core/ext/xds/xds_server_config_fetcher.cc,"(1296, 23)-(1296, 33)",b'shared_ptr<const XdsRouteConfigResource>'
core,../repos/grpc/src/core/ext/xds/xds_listener.h,"(77, 36)-(77, 46)",b'shared_ptr<const XdsRouteConfigResource>'
core,../repos/grpc/src/core/ext/xds/xds_listener.h,"(79, 39)-(79, 49)",b'shared_ptr<const XdsRouteConfigResource>'
core,../repos/grpc/src/core/ext/filters/client_channel/subchannel_stream_client.h,"(107, 12)-(107, 22)",b'unique_ptr<CallEventHandler>'
core,../repos/grpc/src/core/ext/filters/client_channel/lb_policy/weighted_round_robin/weighted_round_robin.cc,"(553, 8)-(553, 18)",b'unique_ptr<SubchannelCallTrackerInterface>'
core,../repos/grpc/src/core/ext/filters/client_channel/lb_policy/weighted_round_robin/weighted_round_robin.cc,"(569, 8)-(569, 18)",b'shared_ptr<StaticStrideScheduler>'
core,../repos/grpc/src/core/ext/filters/client_channel/lb_policy/weighted_round_robin/weighted_round_robin.cc,"(596, 8)-(596, 18)",b'shared_ptr<StaticStrideScheduler>'
core,../repos/grpc/src/core/ext/filters/client_channel/lb_policy/weighted_round_robin/weighted_round_robin.cc,"(676, 8)-(676, 18)",b'shared_ptr<EndpointAddressesIterator>'
core,../repos/grpc/src/core/ext/filters/client_channel/lb_policy/weighted_round_robin/weighted_round_robin.cc,"(1408, 8)-(1408, 18)",b'shared_ptr<StaticStrideScheduler>'
core,../repos/grpc/src/core/ext/filters/client_channel/lb_policy/weighted_round_robin/weighted_round_robin.cc,"(1435, 8)-(1435, 18)",b'shared_ptr<StaticStrideScheduler>'
core,../repos/grpc/src/core/ext/filters/client_channel/lb_policy/weighted_round_robin/weighted_round_robin.cc,"(1519, 8)-(1519, 18)",b'shared_ptr<EndpointAddressesIterator>'
core,../repos/grpc/src/core/ext/filters/client_channel/lb_policy/weighted_target/weighted_target.cc,"(342, 25)-(342, 35)",b'shared_ptr<EndpointAddressesIterator>'
core,../repos/grpc/src/core/ext/filters/client_channel/lb_policy/health_check_client.h,"(44, 6)-(44, 16)",b'unique_ptr<SubchannelInterface::DataWatcherIn...'
core,../repos/grpc/src/core/ext/filters/client_channel/lb_policy/health_check_client.h,"(46, 10)-(46, 20)",b'shared_ptr<WorkSerializer>'
core,../repos/grpc/src/core/ext/filters/client_channel/lb_policy/health_check_client.h,"(47, 10)-(47, 20)",b'unique_ptr<SubchannelInterface::ConnectivityS...'
core,../repos/grpc/src/core/ext/filters/client_channel/lb_policy/address_filtering.h,"(114, 25)-(114, 35)",b'shared_ptr<EndpointAddressesIterator>'
core,../repos/grpc/src/core/ext/filters/client_channel/lb_policy/grpclb/grpclb.cc,"(1059, 8)-(1059, 18)",b'unique_ptr<GrpcLbClientStats::DroppedCallCounts>'
core,../repos/grpc/src/core/ext/filters/client_channel/lb_policy/rls/rls.cc,"(637, 21)-(637, 31)",b'unique_ptr<BackOff>'
core,../repos/grpc/src/core/ext/filters/client_channel/lb_policy/rls/rls.cc,"(1599, 8)-(1599, 18)",b'unique_ptr<BackOff>'
core,../repos/grpc/src/core/ext/filters/client_channel/lb_policy/rls/rls.cc,"(1899, 23)-(1899, 33)",b'shared_ptr<EndpointAddressesIterator>'
core,../repos/grpc/src/core/ext/filters/client_channel/lb_policy/oob_backend_metric.h,"(51, 6)-(51, 16)",b'unique_ptr<SubchannelInterface::DataWatcherIn...'
core,../repos/grpc/src/core/ext/filters/client_channel/lb_policy/oob_backend_metric.h,"(53, 34)-(53, 44)",b'unique_ptr<OobBackendMetricWatcher>'
core,../repos/grpc/src/core/ext/filters/client_channel/resolver/dns/c_ares/grpc_ares_wrapper.h,"(95, 10)-(95, 20)",b'unique_ptr<grpc_core::EndpointAddressesList>'
core,../repos/grpc/src/core/ext/filters/client_channel/resolver/dns/c_ares/grpc_ares_wrapper.h,"(103, 10)-(103, 20)",b'unique_ptr<grpc_core::EndpointAddressesList>'
core,../repos/grpc/src/core/ext/filters/client_channel/resolver/dns/c_ares/grpc_ares_wrapper.cc,"(671, 10)-(671, 20)",b'unique_ptr<EndpointAddressesList>'
core,../repos/grpc/src/core/ext/filters/client_channel/resolver/dns/c_ares/grpc_ares_wrapper.cc,"(784, 8)-(784, 18)",b'unique_ptr<GrpcAresQuery>'
core,../repos/grpc/src/core/ext/filters/client_channel/resolver/dns/c_ares/grpc_ares_wrapper.cc,"(1172, 10)-(1172, 20)",b'unique_ptr<grpc_core::EndpointAddressesList>'
core,../repos/grpc/src/core/ext/filters/client_channel/resolver/dns/c_ares/grpc_ares_wrapper.cc,"(1178, 10)-(1178, 20)",b'unique_ptr<grpc_core::EndpointAddressesList>'
core,../repos/grpc/src/core/ext/filters/client_channel/resolver/dns/c_ares/grpc_ares_ev_driver.h,"(86, 6)-(86, 16)",b'unique_ptr<GrpcPolledFdFactory>'
core,../repos/grpc/src/core/ext/filters/client_channel/resolver/dns/event_engine/event_engine_client_channel_resolver.cc,"(110, 14)-(110, 24)",b'unique_ptr<EventEngine::DNSResolver>'
core,../repos/grpc/src/core/ext/filters/client_channel/resolver/xds/xds_dependency_manager.h,"(81, 26)-(81, 36)",b'shared_ptr<const XdsClusterResource>'
core,../repos/grpc/src/core/ext/filters/client_channel/resolver/xds/xds_dependency_manager.h,"(82, 26)-(82, 36)",b'shared_ptr<const XdsEndpointResource>'
core,../repos/grpc/src/core/ext/filters/client_channel/resolver/xds/xds_dependency_manager.h,"(85, 26)-(85, 36)",b'shared_ptr<const XdsClusterResource>'
core,../repos/grpc/src/core/ext/filters/client_channel/resolver/xds/xds_dependency_manager.h,"(137, 29)-(137, 39)",b'shared_ptr<WorkSerializer>'
core,../repos/grpc/src/core/ext/filters/client_channel/resolver/xds/xds_dependency_manager.h,"(138, 29)-(138, 39)",b'unique_ptr<Watcher>'
core,../repos/grpc/src/core/ext/filters/rbac/rbac_service_config_parser.cc,"(462, 20)-(462, 30)",b'unique_ptr<Rbac::Permission>'
core,../repos/grpc/src/core/ext/filters/rbac/rbac_service_config_parser.cc,"(602, 20)-(602, 30)",b'unique_ptr<Rbac::Principal>'
core,../repos/grpc/src/core/tsi/alts/crypt/gsec.h,"(524, 10)-(524, 20)",b'unique_ptr<grpc_core::GsecKeyInterface>'
core,../repos/grpc/src/core/tsi/ssl_transport_security.cc,"(1013, 8)-(1013, 18)",b'shared_ptr<grpc_core::experimental::Crl>'
