Repo name,File name,Location,Content
core,../repos/grpc/src/core/lib/load_balancing/lb_policy.h,"(103, 3)-(113, 4)",b'class CallState {\n   public:\n    CallState() ...'
core,../repos/grpc/src/core/lib/load_balancing/lb_policy.h,"(117, 3)-(142, 4)",b'class MetadataInterface {\n   public:\n    virt...'
core,../repos/grpc/src/core/lib/load_balancing/lb_policy.h,"(169, 3)-(176, 4)",b'class BackendMetricAccessor {\n   public:\n    ...'
core,../repos/grpc/src/core/lib/load_balancing/lb_policy.h,"(182, 3)-(200, 4)",b'class SubchannelCallTrackerInterface {\n   pub...'
core,../repos/grpc/src/core/lib/load_balancing/lb_policy.h,"(271, 3)-(278, 4)",b'class SubchannelPicker : public DualRefCounte...'
core,../repos/grpc/src/core/lib/load_balancing/lb_policy.h,"(282, 3)-(326, 4)",b'class ChannelControlHelper {\n   public:\n    C...'
core,../repos/grpc/src/core/lib/load_balancing/lb_policy.h,"(328, 3)-(328, 39)",b'class DelegatingChannelControlHelper'
core,../repos/grpc/src/core/lib/load_balancing/lb_policy.h,"(331, 3)-(331, 51)",b'class ParentOwningDelegatingChannelControlHelper'
core,../repos/grpc/src/core/lib/load_balancing/lb_policy.h,"(336, 3)-(342, 4)",b'class Config : public RefCounted<Config> {\n  ...'
core,../repos/grpc/src/core/lib/load_balancing/lb_policy.h,"(424, 3)-(436, 4)",b'class QueuePicker : public SubchannelPicker {...'
core,../repos/grpc/src/core/lib/load_balancing/lb_policy.h,"(439, 3)-(449, 4)",b'class TransientFailurePicker : public Subchan...'
core,../repos/grpc/src/core/lib/load_balancing/lb_policy_registry.h,"(41, 3)-(53, 4)",b'class Builder {\n   public:\n    /// Registers ...'
core,../repos/grpc/src/core/lib/load_balancing/subchannel_interface.h,"(38, 3)-(52, 4)",b'class ConnectivityStateWatcherInterface {\n   ...'
core,../repos/grpc/src/core/lib/load_balancing/subchannel_interface.h,"(56, 3)-(59, 4)",b'class DataWatcherInterface {\n   public:\n    v...'
core,../repos/grpc/src/core/lib/resource_quota/arena.h,"(196, 3)-(218, 4)",b'class PooledDeleter {\n   public:\n    explicit...'
core,../repos/grpc/src/core/lib/resource_quota/arena.h,"(284, 3)-(302, 4)",b'class PooledDeleter {\n   public:\n    PooledDe...'
core,../repos/grpc/src/core/lib/resource_quota/arena.h,"(304, 3)-(322, 4)",b'class ArrayPooledDeleter {\n   public:\n    Arr...'
core,../repos/grpc/src/core/lib/gprpp/thd.h,"(50, 3)-(79, 4)",b'class Options {\n   public:\n    Options() : jo...'
core,../repos/grpc/src/core/lib/gprpp/chunked_vector.h,"(119, 3)-(156, 4)",b'class ForwardIterator {\n   public:\n    Forwar...'
core,../repos/grpc/src/core/lib/gprpp/chunked_vector.h,"(159, 3)-(190, 4)",b'class ConstForwardIterator {\n   public:\n    C...'
core,../repos/grpc/src/core/lib/gprpp/validation_errors.h,"(68, 3)-(94, 4)",b'class ScopedField {\n   public:\n    ScopedFiel...'
core,../repos/grpc/src/core/lib/gprpp/unique_type_name.h,"(60, 3)-(71, 4)",b'class Factory {\n   public:\n    explicit Facto...'
core,../repos/grpc/src/core/lib/handshaker/proxy_mapper_registry.h,"(42, 3)-(53, 4)",b'class Builder {\n   public:\n    /// Registers ...'
core,../repos/grpc/src/core/lib/backoff/backoff.h,"(34, 3)-(34, 16)",b'class Options'
core,../repos/grpc/src/core/lib/backoff/backoff.h,"(46, 3)-(78, 4)",b'class Options {\n   public:\n    Options& set_i...'
core,../repos/grpc/src/core/lib/event_engine/thready_event_engine/thready_event_engine.h,"(79, 3)-(94, 4)",b'class ThreadyDNSResolver final : public DNSRe...'
core,../repos/grpc/src/core/lib/event_engine/windows/windows_engine.h,"(52, 3)-(71, 4)",b'class WindowsDNSResolver : public EventEngine...'
core,../repos/grpc/src/core/lib/event_engine/windows/windows_engine.h,"(127, 3)-(138, 4)",b'class IOCPWorkClosure : public EventEngine::C...'
core,../repos/grpc/src/core/lib/event_engine/windows/windows_listener.h,"(54, 3)-(133, 4)",b'class SinglePortSocketListener {\n   public:\n ...'
core,../repos/grpc/src/core/lib/event_engine/windows/windows_listener.h,"(77, 5)-(84, 6)",b'class OnAcceptCallbackWrapper : public EventE...'
core,../repos/grpc/src/core/lib/event_engine/windows/windows_endpoint.h,"(46, 3)-(68, 4)",b'class HandleReadClosure : public EventEngine:...'
core,../repos/grpc/src/core/lib/event_engine/windows/windows_endpoint.h,"(71, 3)-(85, 4)",b'class HandleWriteClosure : public EventEngine...'
core,../repos/grpc/src/core/lib/event_engine/windows/win_socket.h,"(42, 3)-(76, 4)",b'class OpState {\n   public:\n    explicit OpSta...'
core,../repos/grpc/src/core/lib/event_engine/thread_pool/work_stealing_thread_pool.h,"(68, 3)-(78, 4)",b'class WorkSignal {\n   public:\n    void Signal...'
core,../repos/grpc/src/core/lib/event_engine/thread_pool/work_stealing_thread_pool.h,"(85, 3)-(98, 4)",b'class TheftRegistry {\n   public:\n    // Allow...'
core,../repos/grpc/src/core/lib/event_engine/thread_pool/work_stealing_thread_pool.h,"(104, 3)-(193, 4)",b'class WorkStealingThreadPoolImpl\n      : publ...'
core,../repos/grpc/src/core/lib/event_engine/thread_pool/work_stealing_thread_pool.h,"(152, 5)-(173, 6)",b'class Lifeguard {\n     public:\n      explicit...'
core,../repos/grpc/src/core/lib/event_engine/thread_pool/work_stealing_thread_pool.h,"(195, 3)-(215, 4)",b'class ThreadState {\n   public:\n    explicit T...'
core,../repos/grpc/src/core/lib/event_engine/thread_pool/thread_count.h,"(43, 3)-(69, 4)",b'class AutoThreadCounter {\n   public:\n    Auto...'
core,../repos/grpc/src/core/lib/event_engine/posix_engine/timer_manager.h,"(70, 3)-(80, 4)",b'class Host final : public TimerListHost {\n   ...'
core,../repos/grpc/src/core/lib/event_engine/posix_engine/posix_engine_listener.h,"(83, 3)-(129, 4)",b'class AsyncConnectionAcceptor {\n   public:\n  ...'
core,../repos/grpc/src/core/lib/event_engine/posix_engine/posix_engine_listener.h,"(130, 3)-(174, 4)",b'class ListenerAsyncAcceptors : public Listene...'
core,../repos/grpc/src/core/lib/event_engine/posix_engine/traced_buffer_list.h,"(140, 3)-(154, 4)",b'class TracedBuffer {\n   public:\n    TracedBuf...'
core,../repos/grpc/src/core/lib/event_engine/posix_engine/posix_engine.h,"(142, 3)-(156, 4)",b'class PosixDNSResolver : public EventEngine::...'
core,../repos/grpc/src/core/lib/channel/call_finalization.h,"(53, 3)-(60, 4)",b'class Finalizer {\n   public:\n    // Run the f...'
core,../repos/grpc/src/core/lib/channel/call_finalization.h,"(63, 3)-(78, 4)",b'class FuncFinalizer final : public Finalizer ...'
core,../repos/grpc/src/core/lib/channel/channel_args_preconditioning.h,"(40, 3)-(49, 4)",b'class Builder {\n   public:\n    // Register a ...'
core,../repos/grpc/src/core/lib/channel/call_tracer.h,"(63, 3)-(72, 4)",b'class Annotation {\n   public:\n    explicit An...'
core,../repos/grpc/src/core/lib/channel/promise_based_filter.h,"(79, 3)-(95, 4)",b'class Args {\n   public:\n    Args() : Args(nul...'
core,../repos/grpc/src/core/lib/channel/server_call_tracer_filter.cc,"(53, 3)-(88, 4)",b'class Call {\n   public:\n    void OnClientInit...'
core,../repos/grpc/src/core/lib/channel/call_tracer.cc,"(74, 3)-(172, 4)",b'class DelegatingClientCallAttemptTracer\n     ...'
core,../repos/grpc/src/core/lib/channel/channel_args.h,"(284, 3)-(325, 4)",b'class Pointer {\n   public:\n    Pointer(void* ...'
core,../repos/grpc/src/core/lib/channel/channel_args.h,"(327, 3)-(368, 4)",b'class Value {\n   public:\n    explicit Value(i...'
core,../repos/grpc/src/core/lib/channel/connected_channel.cc,"(331, 3)-(342, 4)",b'class StreamDeleter {\n   public:\n    explicit...'
core,../repos/grpc/src/core/lib/iomgr/buffer_list.h,"(141, 3)-(154, 4)",b'class TracedBuffer {\n   public:\n    TracedBuf...'
core,../repos/grpc/src/core/lib/service_config/service_config_call_data.h,"(46, 3)-(50, 4)",b'class CallAttributeInterface {\n   public:\n   ...'
core,../repos/grpc/src/core/lib/service_config/service_config_parser.h,"(43, 3)-(46, 4)",b'class ParsedConfig {\n   public:\n    virtual ~...'
core,../repos/grpc/src/core/lib/service_config/service_config_parser.h,"(49, 3)-(66, 4)",b'class Parser {\n   public:\n    virtual ~Parser...'
core,../repos/grpc/src/core/lib/service_config/service_config_parser.h,"(71, 3)-(83, 4)",b'class Builder {\n   public:\n    /// Globally r...'
core,../repos/grpc/src/core/lib/promise/event_engine_wakeup_scheduler.h,"(41, 3)-(57, 4)",b'class BoundScheduler\n      : public grpc_even...'
core,../repos/grpc/src/core/lib/promise/inter_activity_pipe.h,"(39, 3)-(54, 4)",b'class NextResult {\n   public:\n    template <t...'
core,../repos/grpc/src/core/lib/promise/inter_activity_pipe.h,"(57, 3)-(117, 4)","b'class Center : public RefCounted<Center, NonP...'"
core,../repos/grpc/src/core/lib/promise/inter_activity_pipe.h,"(121, 3)-(148, 4)",b'class Sender {\n   public:\n    explicit Sender...'
core,../repos/grpc/src/core/lib/promise/inter_activity_pipe.h,"(150, 3)-(175, 4)",b'class Receiver {\n   public:\n    explicit Rece...'
core,../repos/grpc/src/core/lib/promise/interceptor_list.h,"(54, 3)-(83, 4)",b'class Map {\n   public:\n    explicit Map(Debug...'
core,../repos/grpc/src/core/lib/promise/interceptor_list.h,"(87, 3)-(207, 4)",b'class RunPromise {\n   public:\n    RunPromise(...'
core,../repos/grpc/src/core/lib/promise/interceptor_list.h,"(258, 3)-(279, 4)",b'class MapImpl final : public Map {\n   public:...'
core,../repos/grpc/src/core/lib/promise/sleep.h,"(53, 3)-(71, 4)",b'class ActiveClosure final\n      : public grpc...'
core,../repos/grpc/src/core/lib/promise/exec_ctx_wakeup_scheduler.h,"(34, 3)-(51, 4)",b'class BoundScheduler {\n   protected:\n    expl...'
core,../repos/grpc/src/core/lib/promise/promise_mutex.h,"(34, 3)-(71, 4)",b'class Lock {\n   public:\n    Lock() {}\n    ~Lo...'
core,../repos/grpc/src/core/lib/promise/observable.h,"(44, 3)-(44, 17)",b'class Observer'
core,../repos/grpc/src/core/lib/promise/observable.h,"(49, 3)-(93, 4)",b'class State : public RefCounted<State> {\n   p...'
core,../repos/grpc/src/core/lib/promise/observable.h,"(97, 3)-(139, 4)",b'class Observer {\n   public:\n    Observer(RefC...'
core,../repos/grpc/src/core/lib/promise/wait_set.h,"(51, 3)-(64, 4)",b'class WakeupSet {\n   public:\n    void Wakeup(...'
core,../repos/grpc/src/core/lib/transport/handshaker_registry.h,"(41, 3)-(54, 4)",b'class Builder {\n   public:\n    /// Registers ...'
core,../repos/grpc/src/core/lib/transport/call_filters.h,"(933, 3)-(933, 21)",b'class StackBuilder'
core,../repos/grpc/src/core/lib/transport/call_filters.h,"(940, 3)-(946, 4)",b'class Stack : public RefCounted<Stack> {\n   p...'
core,../repos/grpc/src/core/lib/transport/call_filters.h,"(950, 3)-(967, 4)",b'class StackBuilder {\n   public:\n    template ...'
core,../repos/grpc/src/core/lib/transport/call_filters.h,"(1002, 3)-(1096, 4)",b'class PipePromise {\n   public:\n    class Push...'
core,../repos/grpc/src/core/lib/transport/call_filters.h,"(1004, 5)-(1041, 6)",b'class Push {\n     public:\n      Push(CallFilt...'
core,../repos/grpc/src/core/lib/transport/call_filters.h,"(1043, 5)-(1095, 6)",b'class Pull {\n     public:\n      explicit Pull...'
core,../repos/grpc/src/core/lib/transport/call_filters.h,"(1098, 3)-(1129, 4)",b'class PullServerTrailingMetadataPromise {\n   ...'
core,../repos/grpc/src/core/lib/transport/transport.h,"(308, 3)-(313, 4)","b'class ScopedContext : public ScopedActivity,\n...'"
core,../repos/grpc/src/core/lib/avl/avl.h,"(114, 3)-(135, 4)",b'class IteratorStack {\n   public:\n    void Pus...'
core,../repos/grpc/src/core/lib/avl/avl.h,"(137, 3)-(160, 4)",b'class Iterator {\n   public:\n    explicit Iter...'
core,../repos/grpc/src/core/lib/surface/server.cc,"(150, 3)-(179, 4)",b'class MatchResult {\n   public:\n    MatchResul...'
core,../repos/grpc/src/core/lib/surface/server.h,"(114, 3)-(130, 4)",b'class ListenerInterface : public Orphanable {...'
core,../repos/grpc/src/core/lib/surface/server.h,"(214, 3)-(214, 32)",b'class RequestMatcherInterface'
core,../repos/grpc/src/core/lib/surface/server.h,"(215, 3)-(215, 38)",b'class RealRequestMatcherFilterStack'
core,../repos/grpc/src/core/lib/surface/server.h,"(216, 3)-(216, 35)",b'class RealRequestMatcherPromises'
core,../repos/grpc/src/core/lib/surface/server.h,"(217, 3)-(217, 37)",b'class AllocatingRequestMatcherBase'
core,../repos/grpc/src/core/lib/surface/server.h,"(218, 3)-(218, 38)",b'class AllocatingRequestMatcherBatch'
core,../repos/grpc/src/core/lib/surface/server.h,"(219, 3)-(219, 43)",b'class AllocatingRequestMatcherRegistered'
core,../repos/grpc/src/core/lib/surface/server.h,"(221, 3)-(267, 4)",b'class ChannelData final : public ServerTransp...'
core,../repos/grpc/src/core/lib/surface/server.h,"(249, 5)-(249, 30)",b'class ConnectivityWatcher'
core,../repos/grpc/src/core/lib/surface/server.h,"(269, 3)-(356, 4)",b'class CallData {\n   public:\n    enum class Ca...'
core,../repos/grpc/src/core/lib/surface/channel_init.h,"(79, 3)-(159, 4)",b'class FilterRegistration {\n   public:\n    exp...'
core,../repos/grpc/src/core/lib/surface/channel_init.h,"(161, 3)-(199, 4)",b'class Builder {\n   public:\n    // Register a ...'
core,../repos/grpc/src/core/lib/security/security_connector/tls/tls_security_connector.h,"(112, 3)-(126, 4)",b'class TlsChannelCertificateWatcher : public g...'
core,../repos/grpc/src/core/lib/security/security_connector/tls/tls_security_connector.h,"(130, 3)-(149, 4)",b'class ChannelPendingVerifierRequest {\n   publ...'
core,../repos/grpc/src/core/lib/security/credentials/channel_creds_registry_init.cc,"(65, 3)-(70, 4)",b'class Config : public ChannelCredsConfig {\n  ...'
core,../repos/grpc/src/core/lib/security/authorization/grpc_server_authz_filter.h,"(45, 3)-(54, 4)",b'class Call {\n   public:\n    absl::Status OnCl...'
core,../repos/grpc/src/core/lib/security/certificate_provider/certificate_provider_factory.h,"(43, 3)-(52, 4)",b'class Config : public RefCounted<Config> {\n  ...'
core,../repos/grpc/src/core/lib/security/certificate_provider/certificate_provider_registry.h,"(41, 3)-(54, 4)",b'class Builder {\n   public:\n    // Register a ...'
core,../repos/grpc/src/core/lib/resolver/resolver.h,"(88, 3)-(94, 4)",b'class ResultHandler {\n   public:\n    virtual ...'
core,../repos/grpc/src/core/lib/resolver/resolver_registry.h,"(50, 3)-(71, 4)",b'class Builder {\n   public:\n    Builder();\n\n  ...'
core,../repos/grpc/src/core/ext/transport/chttp2/transport/hpack_parser_table.h,"(96, 3)-(129, 4)",b'class MementoRingBuffer {\n   public:\n    // R...'
core,../repos/grpc/src/core/ext/transport/chttp2/transport/hpack_parser.h,"(122, 3)-(122, 15)",b'class Parser'
core,../repos/grpc/src/core/ext/transport/chttp2/transport/hpack_parser.h,"(123, 3)-(123, 14)",b'class Input'
core,../repos/grpc/src/core/ext/transport/chttp2/transport/hpack_parser.h,"(124, 3)-(124, 28)",b'class MetadataSizeEncoder'
core,../repos/grpc/src/core/ext/transport/chttp2/transport/hpack_parser.h,"(125, 3)-(125, 32)",b'class MetadataSizesAnnotation'
core,../repos/grpc/src/core/ext/transport/chttp2/transport/hpack_parser.h,"(129, 3)-(184, 4)",b'class String {\n   public:\n    // StringResult...'
core,../repos/grpc/src/core/ext/transport/chttp2/transport/hpack_parse_result.h,"(303, 3)-(320, 4)",b'class StatusWrapper {\n   public:\n    explicit...'
core,../repos/grpc/src/core/ext/transport/chttp2/server/chttp2_server.cc,"(131, 3)-(145, 4)",b'class ConfigFetcherWatcher\n      : public grp...'
core,../repos/grpc/src/core/ext/transport/chttp2/server/chttp2_server.cc,"(147, 3)-(220, 4)",b'class ActiveConnection : public InternallyRef...'
core,../repos/grpc/src/core/ext/transport/chttp2/server/chttp2_server.cc,"(149, 5)-(181, 6)",b'class HandshakingState : public InternallyRef...'
core,../repos/grpc/src/core/ext/xds/xds_resource_type_impl.h,"(42, 3)-(58, 4)",b'class WatcherInterface : public XdsClient::Re...'
core,../repos/grpc/src/core/ext/xds/xds_bootstrap_grpc.h,"(49, 3)-(77, 4)",b'class GrpcNode : public Node {\n   public:\n   ...'
core,../repos/grpc/src/core/ext/xds/xds_bootstrap_grpc.h,"(79, 3)-(103, 4)",b'class GrpcXdsServer : public XdsServer {\n   p...'
core,../repos/grpc/src/core/ext/xds/xds_bootstrap_grpc.h,"(105, 3)-(120, 4)",b'class GrpcAuthority : public Authority {\n   p...'
core,../repos/grpc/src/core/ext/xds/xds_bootstrap.h,"(32, 3)-(42, 4)",b'class Node {\n   public:\n    virtual ~Node() =...'
core,../repos/grpc/src/core/ext/xds/xds_bootstrap.h,"(44, 3)-(62, 4)",b'class XdsServer {\n   public:\n    virtual ~Xds...'
core,../repos/grpc/src/core/ext/xds/xds_bootstrap.h,"(64, 3)-(69, 4)",b'class Authority {\n   public:\n    virtual ~Aut...'
core,../repos/grpc/src/core/ext/xds/file_watcher_certificate_provider_factory.h,"(43, 3)-(68, 4)",b'class Config : public CertificateProviderFact...'
core,../repos/grpc/src/core/ext/xds/xds_client.cc,"(135, 3)-(135, 27)",b'class AdsReadDelayHandle'
core,../repos/grpc/src/core/ext/xds/xds_client.cc,"(137, 3)-(172, 4)",b'class AdsResponseParser : public XdsApi::AdsR...'
core,../repos/grpc/src/core/ext/xds/xds_client.cc,"(174, 3)-(285, 4)",b'class ResourceTimer : public InternallyRefCou...'
core,../repos/grpc/src/core/ext/xds/xds_client.cc,"(287, 3)-(303, 4)",b'class StreamEventHandler\n      : public XdsTr...'
core,../repos/grpc/src/core/ext/xds/xds_audit_logger_registry.h,"(38, 3)-(48, 4)",b'class ConfigFactory {\n   public:\n    virtual ...'
core,../repos/grpc/src/core/ext/xds/xds_client.h,"(59, 3)-(62, 4)",b'class ReadDelayHandle : public RefCounted<Rea...'
core,../repos/grpc/src/core/ext/xds/xds_client.h,"(68, 3)-(80, 4)",b'class ResourceWatcherInterface : public RefCo...'
core,../repos/grpc/src/core/ext/xds/xds_client.h,"(182, 3)-(243, 4)",b'class XdsChannel : public DualRefCounted<XdsC...'
core,../repos/grpc/src/core/ext/xds/xds_client.h,"(185, 5)-(185, 24)",b'class RetryableCall'
core,../repos/grpc/src/core/ext/xds/xds_client.h,"(187, 5)-(187, 18)",b'class AdsCall'
core,../repos/grpc/src/core/ext/xds/xds_client.h,"(188, 5)-(188, 18)",b'class LrsCall'
core,../repos/grpc/src/core/ext/xds/certificate_provider_store.h,"(80, 3)-(113, 4)",b'class CertificateProviderWrapper : public grp...'
core,../repos/grpc/src/core/ext/xds/xds_transport_grpc.h,"(45, 3)-(45, 25)",b'class GrpcXdsTransport'
core,../repos/grpc/src/core/ext/xds/xds_lb_policy_registry.h,"(38, 3)-(47, 4)",b'class ConfigFactory {\n   public:\n    virtual ...'
core,../repos/grpc/src/core/ext/xds/xds_transport.h,"(38, 3)-(74, 4)",b'class XdsTransport : public InternallyRefCoun...'
core,../repos/grpc/src/core/ext/xds/xds_transport.h,"(41, 5)-(64, 6)",b'class StreamingCall : public InternallyRefCou...'
core,../repos/grpc/src/core/ext/xds/xds_transport.h,"(44, 7)-(54, 8)",b'class EventHandler {\n       public:\n        v...'
core,../repos/grpc/src/core/ext/xds/xds_server_config_fetcher.cc,"(124, 3)-(124, 24)",b'class ListenerWatcher'
core,../repos/grpc/src/core/ext/xds/xds_routing.h,"(44, 3)-(52, 4)",b'class VirtualHostListIterator {\n   public:\n  ...'
core,../repos/grpc/src/core/ext/xds/xds_routing.h,"(54, 3)-(62, 4)",b'class RouteListIterator {\n   public:\n    virt...'
core,../repos/grpc/src/core/ext/filters/channel_idle/channel_idle_filter.h,"(52, 3)-(68, 4)",b'class Call {\n   public:\n    explicit Call(Cha...'
core,../repos/grpc/src/core/ext/filters/server_config_selector/server_config_selector_filter.cc,"(64, 3)-(73, 4)",b'class Call {\n   public:\n    absl::Status OnCl...'
core,../repos/grpc/src/core/ext/filters/server_config_selector/server_config_selector_filter.cc,"(86, 3)-(99, 4)",b'class ServerConfigSelectorWatcher\n      : pub...'
core,../repos/grpc/src/core/ext/filters/fault_injection/fault_injection_filter.h,"(52, 3)-(61, 4)",b'class Call {\n   public:\n    ArenaPromise<absl...'
core,../repos/grpc/src/core/ext/filters/fault_injection/fault_injection_filter.h,"(66, 3)-(66, 26)",b'class InjectionDecision'
core,../repos/grpc/src/core/ext/filters/logging/logging_sink.h,"(39, 3)-(62, 4)",b'class Config {\n   public:\n    // Constructs a...'
core,../repos/grpc/src/core/ext/filters/client_channel/dynamic_filters.h,"(48, 3)-(92, 4)",b'class Call {\n   public:\n    struct Args {\n   ...'
core,../repos/grpc/src/core/ext/filters/client_channel/retry_filter.h,"(58, 3)-(58, 23)",b'class LegacyCallData'
core,../repos/grpc/src/core/ext/filters/client_channel/retry_filter_legacy_call_data.h,"(69, 3)-(69, 36)",b'class CallStackDestructionBarrier'
core,../repos/grpc/src/core/ext/filters/client_channel/retry_filter_legacy_call_data.h,"(81, 3)-(322, 4)",b'class CallAttempt : public RefCounted<CallAtt...'
core,../repos/grpc/src/core/ext/filters/client_channel/retry_filter_legacy_call_data.h,"(105, 5)-(196, 6)",b'class BatchData\n        : public RefCounted<B...'
core,../repos/grpc/src/core/ext/filters/client_channel/subchannel_stream_client.h,"(73, 3)-(98, 4)",b'class CallEventHandler {\n   public:\n    virtu...'
core,../repos/grpc/src/core/ext/filters/client_channel/subchannel_stream_client.h,"(115, 3)-(193, 4)",b'class CallState : public Orphanable {\n   publ...'
core,../repos/grpc/src/core/ext/filters/client_channel/client_channel.h,"(110, 3)-(110, 25)",b'class LoadBalancedCall'
core,../repos/grpc/src/core/ext/filters/client_channel/client_channel.h,"(111, 3)-(111, 36)",b'class FilterBasedLoadBalancedCall'
core,../repos/grpc/src/core/ext/filters/client_channel/client_channel.h,"(112, 3)-(112, 37)",b'class PromiseBasedLoadBalancedCall'
core,../repos/grpc/src/core/ext/filters/client_channel/client_channel.h,"(186, 3)-(186, 17)",b'class CallData'
core,../repos/grpc/src/core/ext/filters/client_channel/client_channel.h,"(187, 3)-(187, 28)",b'class FilterBasedCallData'
core,../repos/grpc/src/core/ext/filters/client_channel/client_channel.h,"(188, 3)-(188, 29)",b'class PromiseBasedCallData'
core,../repos/grpc/src/core/ext/filters/client_channel/client_channel.h,"(189, 3)-(189, 30)",b'class ResolverResultHandler'
core,../repos/grpc/src/core/ext/filters/client_channel/client_channel.h,"(190, 3)-(190, 26)",b'class SubchannelWrapper'
core,../repos/grpc/src/core/ext/filters/client_channel/client_channel.h,"(191, 3)-(191, 35)",b'class ClientChannelControlHelper'
core,../repos/grpc/src/core/ext/filters/client_channel/client_channel.h,"(192, 3)-(192, 33)",b'class ConnectivityWatcherAdder'
core,../repos/grpc/src/core/ext/filters/client_channel/client_channel.h,"(193, 3)-(193, 35)",b'class ConnectivityWatcherRemover'
core,../repos/grpc/src/core/ext/filters/client_channel/client_channel.h,"(197, 3)-(232, 4)",b'class ExternalConnectivityWatcher : public Co...'
core,../repos/grpc/src/core/ext/filters/client_channel/channel_connectivity.cc,"(149, 3)-(168, 4)",b'class WatcherTimerInitState {\n   public:\n    ...'
core,../repos/grpc/src/core/ext/filters/client_channel/service_config_channel_arg_filter.cc,"(80, 3)-(89, 4)",b'class Call {\n   public:\n    void OnClientInit...'
core,../repos/grpc/src/core/ext/filters/client_channel/lb_policy/child_policy_handler.h,"(64, 3)-(64, 15)",b'class Helper'
core,../repos/grpc/src/core/ext/filters/client_channel/lb_policy/subchannel_list.h,"(131, 3)-(154, 4)",b'class Watcher\n      : public SubchannelInterf...'
core,../repos/grpc/src/core/ext/filters/client_channel/lb_policy/round_robin/round_robin.cc,"(83, 3)-(83, 33)",b'class RoundRobinSubchannelList'
core,../repos/grpc/src/core/ext/filters/client_channel/lb_policy/round_robin/round_robin.cc,"(89, 3)-(121, 4)",b'class RoundRobinSubchannelData\n      : public...'
core,../repos/grpc/src/core/ext/filters/client_channel/lb_policy/round_robin/round_robin.cc,"(124, 3)-(176, 4)",b'class RoundRobinSubchannelList\n      : public...'
core,../repos/grpc/src/core/ext/filters/client_channel/lb_policy/round_robin/round_robin.cc,"(178, 3)-(190, 4)",b'class Picker : public SubchannelPicker {\n   p...'
core,../repos/grpc/src/core/ext/filters/client_channel/lb_policy/endpoint_list.h,"(101, 3)-(163, 4)",b'class Endpoint : public InternallyRefCounted<...'
core,../repos/grpc/src/core/ext/filters/client_channel/lb_policy/endpoint_list.h,"(146, 5)-(146, 17)",b'class Helper'
core,../repos/grpc/src/core/ext/filters/client_channel/lb_policy/xds/xds_override_host.cc,"(127, 3)-(127, 24)",b'class SubchannelEntry'
core,../repos/grpc/src/core/ext/filters/client_channel/lb_policy/xds/xds_override_host.cc,"(129, 3)-(196, 4)",b'class SubchannelWrapper : public DelegatingSu...'
core,../repos/grpc/src/core/ext/filters/client_channel/lb_policy/xds/xds_override_host.cc,"(166, 5)-(183, 6)",b'class ConnectivityStateWatcher : public Conne...'
core,../repos/grpc/src/core/ext/filters/client_channel/lb_policy/xds/xds_override_host.cc,"(214, 3)-(313, 4)",b'class SubchannelEntry : public RefCounted<Sub...'
core,../repos/grpc/src/core/ext/filters/client_channel/lb_policy/xds/xds_override_host.cc,"(317, 3)-(385, 4)",b'class Picker : public SubchannelPicker {\n   p...'
core,../repos/grpc/src/core/ext/filters/client_channel/lb_policy/xds/xds_override_host.cc,"(326, 5)-(350, 6)",b'class SubchannelConnectionRequester {\n     pu...'
core,../repos/grpc/src/core/ext/filters/client_channel/lb_policy/xds/xds_override_host.cc,"(352, 5)-(377, 6)",b'class SubchannelCreationRequester {\n     publ...'
core,../repos/grpc/src/core/ext/filters/client_channel/lb_policy/xds/xds_override_host.cc,"(387, 3)-(399, 4)",b'class Helper\n      : public ParentOwningDeleg...'
core,../repos/grpc/src/core/ext/filters/client_channel/lb_policy/xds/xds_override_host.cc,"(401, 3)-(412, 4)",b'class IdleTimer : public InternallyRefCounted...'
core,../repos/grpc/src/core/ext/filters/client_channel/lb_policy/xds/xds_cluster_impl.cc,"(93, 3)-(107, 4)",b'class CallCounter : public RefCounted<CallCou...'
core,../repos/grpc/src/core/ext/filters/client_channel/resolver/dns/c_ares/dns_resolver_ares.cc,"(93, 3)-(185, 4)",b'class AresRequestWrapper : public InternallyR...'
core,../repos/grpc/src/core/ext/filters/client_channel/resolver/dns/event_engine/event_engine_client_channel_resolver.cc,"(105, 3)-(166, 4)",b'class EventEngineDNSRequestWrapper\n      : pu...'
core,../repos/grpc/src/core/ext/filters/client_channel/resolver/dns/native/dns_resolver.cc,"(74, 3)-(79, 4)",b'class Request : public Orphanable {\n   public...'
core,../repos/grpc/src/core/ext/filters/client_channel/resolver/xds/xds_dependency_manager.h,"(108, 3)-(118, 4)",b'class Watcher {\n   public:\n    virtual ~Watch...'
core,../repos/grpc/src/core/ext/filters/client_channel/resolver/xds/xds_dependency_manager.h,"(120, 3)-(134, 4)",b'class ClusterSubscription : public DualRefCou...'
core,../repos/grpc/src/core/ext/filters/client_channel/resolver/xds/xds_dependency_manager.h,"(161, 3)-(161, 24)",b'class ListenerWatcher'
core,../repos/grpc/src/core/ext/filters/client_channel/resolver/xds/xds_dependency_manager.h,"(162, 3)-(162, 27)",b'class RouteConfigWatcher'
core,../repos/grpc/src/core/ext/filters/client_channel/resolver/xds/xds_dependency_manager.h,"(163, 3)-(163, 23)",b'class ClusterWatcher'
core,../repos/grpc/src/core/ext/filters/client_channel/resolver/xds/xds_dependency_manager.h,"(164, 3)-(164, 24)",b'class EndpointWatcher'
core,../repos/grpc/src/core/ext/filters/client_channel/resolver/xds/xds_dependency_manager.h,"(166, 3)-(166, 25)",b'class DnsResultHandler'
core,../repos/grpc/src/core/ext/filters/client_channel/resolver/xds/xds_resolver.cc,"(138, 3)-(158, 4)",b'class XdsWatcher : public XdsDependencyManage...'
core,../repos/grpc/src/core/ext/filters/client_channel/resolver/xds/xds_resolver.cc,"(166, 3)-(193, 4)",b'class ClusterRef : public DualRefCounted<Clus...'
core,../repos/grpc/src/core/ext/filters/client_channel/resolver/xds/xds_resolver.cc,"(199, 3)-(267, 4)",b'class RouteConfigData : public RefCounted<Rou...'
core,../repos/grpc/src/core/ext/filters/client_channel/resolver/xds/xds_resolver.cc,"(247, 5)-(247, 28)",b'class RouteListIterator'
core,../repos/grpc/src/core/ext/filters/client_channel/resolver/xds/xds_resolver.cc,"(269, 3)-(294, 4)",b'class XdsConfigSelector : public ConfigSelect...'
core,../repos/grpc/src/core/ext/filters/client_channel/resolver/xds/xds_resolver.cc,"(296, 3)-(313, 4)",b'class XdsRouteStateAttributeImpl : public Xds...'
core,../repos/grpc/src/core/ext/filters/client_channel/resolver/xds/xds_resolver.cc,"(315, 3)-(341, 4)",b'class ClusterSelectionFilter\n      : public I...'
core,../repos/grpc/src/core/ext/filters/client_channel/resolver/xds/xds_resolver.cc,"(326, 5)-(334, 6)",b'class Call {\n     public:\n      void OnClient...'
core,../repos/grpc/src/core/ext/filters/rbac/rbac_filter.h,"(48, 3)-(57, 4)",b'class Call {\n   public:\n    absl::Status OnCl...'
core,../repos/grpc/src/core/ext/filters/http/client/http_client_filter.h,"(41, 3)-(49, 4)",b'class Call {\n   public:\n    void OnClientInit...'
core,../repos/grpc/src/core/ext/filters/http/server/http_server_filter.h,"(42, 3)-(51, 4)",b'class Call {\n   public:\n    ServerMetadataHan...'
core,../repos/grpc/src/core/ext/filters/http/client_authority_filter.h,"(45, 3)-(54, 4)",b'class Call {\n   public:\n    void OnClientInit...'
core,../repos/grpc/src/core/ext/filters/load_reporting/server_load_reporting_filter.h,"(49, 3)-(64, 4)",b'class Call {\n   public:\n    void OnClientInit...'
core,../repos/grpc/src/core/tsi/ssl/session_cache/ssl_session_cache.h,"(81, 3)-(81, 13)",b'class Node'
core,../repos/grpc/src/core/tsi/ssl/key_logging/ssl_key_logging.h,"(46, 3)-(70, 4)",b'class TlsSessionKeyLogger\n      : public grpc...'
