Repo name,File name,Location,Content
core,../repos/grpc/src/core/lib/experiments/config.cc,"(87, 8)-(87, 29)",b'bool operator[](int index) { return enabled_[...'
core,../repos/grpc/src/core/lib/debug/stats_data.h,"(38, 30)-(39, 73)",b'Histogram_100000_20 operator-(const Histogram...'
core,../repos/grpc/src/core/lib/debug/stats_data.h,"(61, 29)-(62, 71)",b'Histogram_65536_26 operator-(const Histogram_...'
core,../repos/grpc/src/core/lib/debug/stats_data.h,"(84, 32)-(85, 77)",b'Histogram_16777216_20 operator-(const Histogr...'
core,../repos/grpc/src/core/lib/debug/stats_data.h,"(107, 26)-(108, 65)",b'Histogram_80_10 operator-(const Histogram_80_...'
core,../repos/grpc/src/core/lib/debug/stats_data.h,"(130, 29)-(131, 71)",b'Histogram_10000_20 operator-(const Histogram_...'
core,../repos/grpc/src/core/lib/debug/event_log.h,"(46, 13)-(46, 39)",b'& operator=(const EventLog&)'
core,../repos/grpc/src/core/lib/debug/stats_data.cc,"(35, 21)-(36, 64)",b'Histogram_100000_20 operator-(const Histogram...'
core,../repos/grpc/src/core/lib/debug/stats_data.cc,"(48, 20)-(49, 62)",b'Histogram_65536_26 operator-(const Histogram_...'
core,../repos/grpc/src/core/lib/debug/stats_data.cc,"(62, 23)-(63, 68)",b'Histogram_16777216_20 operator-(const Histogr...'
core,../repos/grpc/src/core/lib/debug/stats_data.cc,"(75, 17)-(76, 56)",b'Histogram_80_10 operator-(const Histogram_80_...'
core,../repos/grpc/src/core/lib/debug/stats_data.cc,"(88, 20)-(89, 62)",b'Histogram_10000_20 operator-(const Histogram_...'
core,../repos/grpc/src/core/lib/load_balancing/lb_policy.h,"(382, 24)-(382, 61)",b'& operator=(const LoadBalancingPolicy&)'
core,../repos/grpc/src/core/lib/resource_quota/resource_quota.h,"(48, 18)-(48, 49)",b'& operator=(const ResourceQuota&)'
core,../repos/grpc/src/core/lib/resource_quota/memory_quota.cc,"(404, 15)-(404, 27)",b'Poll<Empty> operator()() {\n    if (memory_quo...'
core,../repos/grpc/src/core/lib/resource_quota/thread_quota.h,"(38, 16)-(38, 45)",b'& operator=(const ThreadQuota&)'
core,../repos/grpc/src/core/lib/resource_quota/memory_quota.h,"(104, 21)-(104, 55)",b'& operator=(const ReclamationSweep&)'
core,../repos/grpc/src/core/lib/resource_quota/memory_quota.h,"(106, 21)-(106, 50)",b'& operator=(ReclamationSweep&&)'
core,../repos/grpc/src/core/lib/resource_quota/memory_quota.h,"(145, 13)-(145, 37)",b'& operator=(const Handle&)'
core,../repos/grpc/src/core/lib/resource_quota/memory_quota.h,"(190, 19)-(190, 51)",b'& operator=(const ReclaimerQueue&)'
core,../repos/grpc/src/core/lib/resource_quota/memory_quota.h,"(214, 33)-(214, 45)",b'Poll<RefCountedPtr<Handle>> operator()() { re...'
core,../repos/grpc/src/core/lib/resource_quota/memory_quota.h,"(560, 16)-(560, 45)",b'& operator=(const MemoryQuota&)'
core,../repos/grpc/src/core/lib/resource_quota/memory_quota.h,"(562, 16)-(562, 40)",b'& operator=(MemoryQuota&&)'
core,../repos/grpc/src/core/lib/resource_quota/arena.h,"(202, 10)-(202, 26)",b'void operator()(T* p) {\n      // TODO(ctiller...'
core,../repos/grpc/src/core/lib/resource_quota/arena.h,"(289, 10)-(289, 26)",b'void operator()(T* p) {\n      // TODO(ctiller...'
core,../repos/grpc/src/core/lib/resource_quota/arena.h,"(309, 10)-(309, 26)",b'void operator()(T* p) {\n      // TODO(ctiller...'
core,../repos/grpc/src/core/lib/resource_quota/arena.h,"(448, 8)-(448, 32)",b'void operator()(Arena* arena) { arena->Destro...'
core,../repos/grpc/src/core/lib/gprpp/time.cc,"(234, 15)-(234, 65)","b'& operator<<(std::ostream& out, Timestamp tim...'"
core,../repos/grpc/src/core/lib/gprpp/time.cc,"(238, 15)-(238, 63)","b'& operator<<(std::ostream& out, Duration duration)'"
core,../repos/grpc/src/core/lib/gprpp/ref_counted_string.h,"(40, 21)-(40, 55)",b'& operator=(const RefCountedString&)'
core,../repos/grpc/src/core/lib/gprpp/ref_counted_string.h,"(94, 13)-(95, 46)",b'inline bool operator==(const RefCountedString...'
core,../repos/grpc/src/core/lib/gprpp/ref_counted_string.h,"(98, 13)-(99, 57)","b'inline bool operator==(absl::string_view lhs,...'"
core,../repos/grpc/src/core/lib/gprpp/ref_counted_string.h,"(102, 13)-(103, 57)",b'inline bool operator==(const RefCountedString...'
core,../repos/grpc/src/core/lib/gprpp/ref_counted_string.h,"(107, 13)-(108, 46)",b'inline bool operator!=(const RefCountedString...'
core,../repos/grpc/src/core/lib/gprpp/ref_counted_string.h,"(111, 13)-(112, 57)","b'inline bool operator!=(absl::string_view lhs,...'"
core,../repos/grpc/src/core/lib/gprpp/ref_counted_string.h,"(115, 13)-(116, 57)",b'inline bool operator!=(const RefCountedString...'
core,../repos/grpc/src/core/lib/gprpp/ref_counted_string.h,"(120, 13)-(120, 79)",b'inline bool operator<(const RefCountedStringV...'
core,../repos/grpc/src/core/lib/gprpp/ref_counted_string.h,"(123, 13)-(123, 79)","b'inline bool operator<(absl::string_view lhs, ...'"
core,../repos/grpc/src/core/lib/gprpp/ref_counted_string.h,"(126, 13)-(127, 56)",b'inline bool operator<(const RefCountedStringV...'
core,../repos/grpc/src/core/lib/gprpp/ref_counted_string.h,"(131, 13)-(131, 79)",b'inline bool operator>(const RefCountedStringV...'
core,../repos/grpc/src/core/lib/gprpp/ref_counted_string.h,"(134, 13)-(134, 79)","b'inline bool operator>(absl::string_view lhs, ...'"
core,../repos/grpc/src/core/lib/gprpp/ref_counted_string.h,"(137, 13)-(138, 56)",b'inline bool operator>(const RefCountedStringV...'
core,../repos/grpc/src/core/lib/gprpp/ref_counted_string.h,"(145, 8)-(146, 58)",b'bool operator()(const RefCountedStringValue& ...'
core,../repos/grpc/src/core/lib/gprpp/ref_counted_string.h,"(149, 8)-(150, 58)","b'bool operator()(absl::string_view lhs,\n      ...'"
core,../repos/grpc/src/core/lib/gprpp/ref_counted_string.h,"(153, 8)-(154, 47)",b'bool operator()(const RefCountedStringValue& ...'
core,../repos/grpc/src/core/lib/gprpp/match.h,"(34, 8)-(34, 55)",b'auto operator()(T& value) -> decltype(cases(&...'
core,../repos/grpc/src/core/lib/gprpp/thd.h,"(117, 11)-(117, 45)",b'& operator=(Thread&& other) noexcept'
core,../repos/grpc/src/core/lib/gprpp/thd.h,"(170, 11)-(170, 35)",b'& operator=(const Thread&)'
core,../repos/grpc/src/core/lib/gprpp/time.h,"(107, 19)-(107, 49)",b'& operator=(const ScopedSource&)'
core,../repos/grpc/src/core/lib/gprpp/time.h,"(143, 18)-(143, 51)",b'constexpr bool operator==(Timestamp other) co...'
core,../repos/grpc/src/core/lib/gprpp/time.h,"(146, 18)-(146, 51)",b'constexpr bool operator!=(Timestamp other) co...'
core,../repos/grpc/src/core/lib/gprpp/time.h,"(149, 18)-(149, 50)",b'constexpr bool operator<(Timestamp other) con...'
core,../repos/grpc/src/core/lib/gprpp/time.h,"(152, 18)-(152, 51)",b'constexpr bool operator<=(Timestamp other) co...'
core,../repos/grpc/src/core/lib/gprpp/time.h,"(155, 18)-(155, 50)",b'constexpr bool operator>(Timestamp other) con...'
core,../repos/grpc/src/core/lib/gprpp/time.h,"(158, 18)-(158, 51)",b'constexpr bool operator>=(Timestamp other) co...'
core,../repos/grpc/src/core/lib/gprpp/time.h,"(161, 14)-(161, 43)",b'& operator+=(Duration duration)'
core,../repos/grpc/src/core/lib/gprpp/time.h,"(246, 18)-(246, 50)",b'constexpr bool operator==(Duration other) con...'
core,../repos/grpc/src/core/lib/gprpp/time.h,"(249, 18)-(249, 50)",b'constexpr bool operator!=(Duration other) con...'
core,../repos/grpc/src/core/lib/gprpp/time.h,"(252, 18)-(252, 49)",b'constexpr bool operator<(Duration other) cons...'
core,../repos/grpc/src/core/lib/gprpp/time.h,"(255, 18)-(255, 50)",b'constexpr bool operator<=(Duration other) con...'
core,../repos/grpc/src/core/lib/gprpp/time.h,"(258, 18)-(258, 49)",b'constexpr bool operator>(Duration other) cons...'
core,../repos/grpc/src/core/lib/gprpp/time.h,"(261, 18)-(261, 50)",b'constexpr bool operator>=(Duration other) con...'
core,../repos/grpc/src/core/lib/gprpp/time.h,"(264, 13)-(264, 40)",b'& operator/=(int64_t divisor)'
core,../repos/grpc/src/core/lib/gprpp/time.h,"(274, 13)-(274, 42)",b'& operator*=(double multiplier)'
core,../repos/grpc/src/core/lib/gprpp/time.h,"(275, 13)-(275, 39)",b'& operator+=(Duration other)'
core,../repos/grpc/src/core/lib/gprpp/time.h,"(301, 17)-(301, 54)","b'inline Duration operator+(Duration lhs, Durat...'"
core,../repos/grpc/src/core/lib/gprpp/time.h,"(306, 17)-(306, 54)","b'inline Duration operator-(Duration lhs, Durat...'"
core,../repos/grpc/src/core/lib/gprpp/time.h,"(311, 18)-(311, 56)","b'inline Timestamp operator+(Timestamp lhs, Dur...'"
core,../repos/grpc/src/core/lib/gprpp/time.h,"(316, 18)-(316, 56)","b'inline Timestamp operator-(Timestamp lhs, Dur...'"
core,../repos/grpc/src/core/lib/gprpp/time.h,"(321, 18)-(321, 56)","b'inline Timestamp operator+(Duration lhs, Time...'"
core,../repos/grpc/src/core/lib/gprpp/time.h,"(323, 17)-(323, 56)","b'inline Duration operator-(Timestamp lhs, Time...'"
core,../repos/grpc/src/core/lib/gprpp/time.h,"(329, 17)-(329, 52)","b'inline Duration operator*(Duration lhs, doubl...'"
core,../repos/grpc/src/core/lib/gprpp/time.h,"(339, 17)-(339, 52)","b'inline Duration operator*(double lhs, Duratio...'"
core,../repos/grpc/src/core/lib/gprpp/time.h,"(341, 17)-(341, 53)","b'inline Duration operator/(Duration lhs, int64...'"
core,../repos/grpc/src/core/lib/gprpp/time.h,"(373, 15)-(373, 65)","b'& operator<<(std::ostream& out, Timestamp tim...'"
core,../repos/grpc/src/core/lib/gprpp/time.h,"(374, 15)-(374, 63)","b'& operator<<(std::ostream& out, Duration duration)'"
core,../repos/grpc/src/core/lib/gprpp/work_serializer.h,"(56, 19)-(56, 51)",b'& operator=(const WorkSerializer&)'
core,../repos/grpc/src/core/lib/gprpp/work_serializer.h,"(58, 19)-(58, 55)",b'& operator=(WorkSerializer&&) noexcept'
core,../repos/grpc/src/core/lib/gprpp/manual_constructor.h,"(112, 9)-(112, 21)",b'* operator->()'
core,../repos/grpc/src/core/lib/gprpp/manual_constructor.h,"(113, 15)-(113, 33)",b'* operator->() const'
core,../repos/grpc/src/core/lib/gprpp/manual_constructor.h,"(115, 9)-(115, 20)",b'& operator*()'
core,../repos/grpc/src/core/lib/gprpp/manual_constructor.h,"(116, 15)-(116, 32)",b'& operator*() const'
core,../repos/grpc/src/core/lib/gprpp/orphanable.h,"(48, 15)-(48, 43)",b'& operator=(const Orphanable&)'
core,../repos/grpc/src/core/lib/gprpp/orphanable.h,"(58, 8)-(58, 24)",b'void operator()(T* p) {\n    p->Orphan();\n  }'
core,../repos/grpc/src/core/lib/gprpp/orphanable.h,"(77, 25)-(77, 63)",b'& operator=(const InternallyRefCounted&)'
core,../repos/grpc/src/core/lib/gprpp/bitset.h,"(146, 8)-(146, 45)",b'bool operator==(const BitSet& other) const {\n...'
core,../repos/grpc/src/core/lib/gprpp/sync.h,"(67, 10)-(67, 33)",b'& operator=(const Mutex&)'
core,../repos/grpc/src/core/lib/gprpp/sync.h,"(96, 14)-(96, 41)",b'& operator=(const MutexLock&)'
core,../repos/grpc/src/core/lib/gprpp/sync.h,"(113, 24)-(113, 61)",b'& operator=(const ReleasableMutexLock&)'
core,../repos/grpc/src/core/lib/gprpp/sync.h,"(132, 12)-(132, 37)",b'& operator=(const CondVar&)'
core,../repos/grpc/src/core/lib/gprpp/sync.h,"(158, 22)-(158, 49)",b'& operator=(const MutexLock&)'
core,../repos/grpc/src/core/lib/gprpp/sync.h,"(178, 35)-(179, 45)",b'& operator=(\n      const LockableAndReleasabl...'
core,../repos/grpc/src/core/lib/gprpp/table.h,"(190, 10)-(190, 37)",b'& operator=(const Table& rhs)'
core,../repos/grpc/src/core/lib/gprpp/table.h,"(205, 10)-(205, 41)",b'& operator=(Table&& rhs) noexcept'
core,../repos/grpc/src/core/lib/gprpp/chunked_vector.h,"(57, 18)-(57, 55)",b'& operator=(const ChunkedVector& other)'
core,../repos/grpc/src/core/lib/gprpp/chunked_vector.h,"(67, 18)-(67, 59)",b'& operator=(ChunkedVector&& other) noexcept'
core,../repos/grpc/src/core/lib/gprpp/chunked_vector.h,"(129, 8)-(129, 25)",b'& operator*() const'
core,../repos/grpc/src/core/lib/gprpp/chunked_vector.h,"(130, 8)-(130, 26)",b'* operator->() const'
core,../repos/grpc/src/core/lib/gprpp/chunked_vector.h,"(131, 22)-(131, 34)",b'& operator++()'
core,../repos/grpc/src/core/lib/gprpp/chunked_vector.h,"(139, 22)-(139, 37)",b'& operator++(int)'
core,../repos/grpc/src/core/lib/gprpp/chunked_vector.h,"(144, 10)-(144, 56)",b'bool operator==(const ForwardIterator& other)...'
core,../repos/grpc/src/core/lib/gprpp/chunked_vector.h,"(147, 10)-(147, 56)",b'bool operator!=(const ForwardIterator& other)...'
core,../repos/grpc/src/core/lib/gprpp/chunked_vector.h,"(165, 14)-(165, 31)",b'& operator*() const'
core,../repos/grpc/src/core/lib/gprpp/chunked_vector.h,"(166, 14)-(166, 32)",b'* operator->() const'
core,../repos/grpc/src/core/lib/gprpp/chunked_vector.h,"(167, 27)-(167, 39)",b'& operator++()'
core,../repos/grpc/src/core/lib/gprpp/chunked_vector.h,"(175, 27)-(175, 42)",b'& operator++(int)'
core,../repos/grpc/src/core/lib/gprpp/chunked_vector.h,"(180, 10)-(180, 61)",b'bool operator==(const ConstForwardIterator& o...'
core,../repos/grpc/src/core/lib/gprpp/chunked_vector.h,"(183, 10)-(183, 61)",b'bool operator!=(const ConstForwardIterator& o...'
core,../repos/grpc/src/core/lib/gprpp/dual_ref_counted.h,"(52, 19)-(52, 51)",b'& operator=(const DualRefCounted&)'
core,../repos/grpc/src/core/lib/gprpp/memory.h,"(33, 8)-(33, 27)",b'void operator()(char* p) {\n    if (p == nullp...'
core,../repos/grpc/src/core/lib/gprpp/validation_errors.h,"(77, 18)-(77, 53)",b'& operator=(const ScopedField& other)'
core,../repos/grpc/src/core/lib/gprpp/validation_errors.h,"(82, 18)-(82, 57)",b'& operator=(ScopedField&& other) noexcept'
core,../repos/grpc/src/core/lib/gprpp/no_destruct.h,"(59, 15)-(59, 43)",b'& operator=(const NoDestruct&)'
core,../repos/grpc/src/core/lib/gprpp/no_destruct.h,"(62, 6)-(62, 18)",b'* operator->()'
core,../repos/grpc/src/core/lib/gprpp/no_destruct.h,"(63, 12)-(63, 30)",b'* operator->() const'
core,../repos/grpc/src/core/lib/gprpp/no_destruct.h,"(64, 6)-(64, 17)",b'& operator*()'
core,../repos/grpc/src/core/lib/gprpp/no_destruct.h,"(65, 12)-(65, 29)",b'& operator*() const'
core,../repos/grpc/src/core/lib/gprpp/unique_type_name.h,"(65, 14)-(65, 39)",b'& operator=(const Factory&)'
core,../repos/grpc/src/core/lib/gprpp/unique_type_name.h,"(75, 19)-(75, 57)",b'& operator=(const UniqueTypeName& other)'
core,../repos/grpc/src/core/lib/gprpp/unique_type_name.h,"(80, 8)-(80, 53)",b'bool operator==(const UniqueTypeName& other) ...'
core,../repos/grpc/src/core/lib/gprpp/unique_type_name.h,"(83, 8)-(83, 53)",b'bool operator!=(const UniqueTypeName& other) ...'
core,../repos/grpc/src/core/lib/gprpp/unique_type_name.h,"(86, 8)-(86, 52)",b'bool operator<(const UniqueTypeName& other) c...'
core,../repos/grpc/src/core/lib/gprpp/ref_counted_ptr.h,"(64, 18)-(64, 59)",b'& operator=(RefCountedPtr&& other) noexcept'
core,../repos/grpc/src/core/lib/gprpp/ref_counted_ptr.h,"(70, 18)-(70, 62)",b'& operator=(RefCountedPtr<Y>&& other) noexcept'
core,../repos/grpc/src/core/lib/gprpp/ref_counted_ptr.h,"(92, 18)-(92, 55)",b'& operator=(const RefCountedPtr& other)'
core,../repos/grpc/src/core/lib/gprpp/ref_counted_ptr.h,"(101, 18)-(101, 58)",b'& operator=(const RefCountedPtr<Y>& other)'
core,../repos/grpc/src/core/lib/gprpp/ref_counted_ptr.h,"(156, 6)-(156, 23)",b'& operator*() const'
core,../repos/grpc/src/core/lib/gprpp/ref_counted_ptr.h,"(157, 6)-(157, 24)",b'* operator->() const'
core,../repos/grpc/src/core/lib/gprpp/ref_counted_ptr.h,"(167, 8)-(167, 55)",b'bool operator==(const RefCountedPtr<Y>& other...'
core,../repos/grpc/src/core/lib/gprpp/ref_counted_ptr.h,"(173, 8)-(173, 40)",b'bool operator==(const Y* other) const {\n    r...'
core,../repos/grpc/src/core/lib/gprpp/ref_counted_ptr.h,"(177, 8)-(177, 40)",b'bool operator==(std::nullptr_t) const { retur...'
core,../repos/grpc/src/core/lib/gprpp/ref_counted_ptr.h,"(181, 8)-(181, 55)",b'bool operator!=(const RefCountedPtr<Y>& other...'
core,../repos/grpc/src/core/lib/gprpp/ref_counted_ptr.h,"(187, 8)-(187, 40)",b'bool operator!=(const Y* other) const {\n    r...'
core,../repos/grpc/src/core/lib/gprpp/ref_counted_ptr.h,"(191, 8)-(191, 40)",b'bool operator!=(std::nullptr_t) const { retur...'
core,../repos/grpc/src/core/lib/gprpp/ref_counted_ptr.h,"(230, 22)-(230, 67)",b'& operator=(WeakRefCountedPtr&& other) noexcept'
core,../repos/grpc/src/core/lib/gprpp/ref_counted_ptr.h,"(236, 22)-(236, 70)",b'& operator=(WeakRefCountedPtr<Y>&& other) noexcept'
core,../repos/grpc/src/core/lib/gprpp/ref_counted_ptr.h,"(258, 22)-(258, 63)",b'& operator=(const WeakRefCountedPtr& other)'
core,../repos/grpc/src/core/lib/gprpp/ref_counted_ptr.h,"(267, 22)-(267, 66)",b'& operator=(const WeakRefCountedPtr<Y>& other)'
core,../repos/grpc/src/core/lib/gprpp/ref_counted_ptr.h,"(324, 6)-(324, 23)",b'& operator*() const'
core,../repos/grpc/src/core/lib/gprpp/ref_counted_ptr.h,"(325, 6)-(325, 24)",b'* operator->() const'
core,../repos/grpc/src/core/lib/gprpp/ref_counted_ptr.h,"(335, 8)-(335, 59)",b'bool operator==(const WeakRefCountedPtr<Y>& o...'
core,../repos/grpc/src/core/lib/gprpp/ref_counted_ptr.h,"(341, 8)-(341, 40)",b'bool operator==(const Y* other) const {\n    r...'
core,../repos/grpc/src/core/lib/gprpp/ref_counted_ptr.h,"(345, 8)-(345, 40)",b'bool operator==(std::nullptr_t) const { retur...'
core,../repos/grpc/src/core/lib/gprpp/ref_counted_ptr.h,"(349, 8)-(349, 59)",b'bool operator!=(const WeakRefCountedPtr<Y>& o...'
core,../repos/grpc/src/core/lib/gprpp/ref_counted_ptr.h,"(355, 8)-(355, 40)",b'bool operator!=(const Y* other) const {\n    r...'
core,../repos/grpc/src/core/lib/gprpp/ref_counted_ptr.h,"(359, 8)-(359, 40)",b'bool operator!=(std::nullptr_t) const { retur...'
core,../repos/grpc/src/core/lib/gprpp/ref_counted_ptr.h,"(374, 6)-(374, 71)","b'bool operator<(const RefCountedPtr<T>& p1, co...'"
core,../repos/grpc/src/core/lib/gprpp/ref_counted_ptr.h,"(379, 6)-(379, 79)",b'bool operator<(const WeakRefCountedPtr<T>& p1...'
core,../repos/grpc/src/core/lib/gprpp/ref_counted_ptr.h,"(401, 10)-(401, 53)",b'size_t operator()(const RefCountedPtr<T>& p) ...'
core,../repos/grpc/src/core/lib/gprpp/ref_counted_ptr.h,"(404, 10)-(404, 57)",b'size_t operator()(const WeakRefCountedPtr<T>&...'
core,../repos/grpc/src/core/lib/gprpp/ref_counted_ptr.h,"(407, 10)-(407, 32)",b'size_t operator()(T* p) const { return absl::...'
core,../repos/grpc/src/core/lib/gprpp/ref_counted_ptr.h,"(412, 8)-(413, 52)","b'bool operator()(const RefCountedPtr<T>& p1,\n ...'"
core,../repos/grpc/src/core/lib/gprpp/ref_counted_ptr.h,"(416, 8)-(417, 56)",b'bool operator()(const WeakRefCountedPtr<T>& p...'
core,../repos/grpc/src/core/lib/gprpp/ref_counted_ptr.h,"(420, 8)-(421, 56)","b'bool operator()(const RefCountedPtr<T>& p1,\n ...'"
core,../repos/grpc/src/core/lib/gprpp/ref_counted_ptr.h,"(424, 8)-(425, 52)",b'bool operator()(const WeakRefCountedPtr<T>& p...'
core,../repos/grpc/src/core/lib/gprpp/ref_counted_ptr.h,"(428, 8)-(428, 65)","b'bool operator()(const RefCountedPtr<T>& p1, c...'"
core,../repos/grpc/src/core/lib/gprpp/ref_counted_ptr.h,"(431, 8)-(431, 69)",b'bool operator()(const WeakRefCountedPtr<T>& p...'
core,../repos/grpc/src/core/lib/gprpp/ref_counted_ptr.h,"(434, 8)-(434, 65)","b'bool operator()(const T* p1, const RefCounted...'"
core,../repos/grpc/src/core/lib/gprpp/ref_counted_ptr.h,"(437, 8)-(437, 69)","b'bool operator()(const T* p1, const WeakRefCou...'"
core,../repos/grpc/src/core/lib/gprpp/ref_counted.h,"(222, 8)-(222, 30)",b'void operator()(T* p) const {\n    delete p;\n  }'
core,../repos/grpc/src/core/lib/gprpp/ref_counted.h,"(234, 8)-(234, 34)",b'void operator()(T* /*p*/) const {}'
core,../repos/grpc/src/core/lib/gprpp/ref_counted.h,"(242, 8)-(242, 30)",b'void operator()(T* p) const {\n    p->~T();\n  }'
core,../repos/grpc/src/core/lib/gprpp/ref_counted.h,"(281, 15)-(281, 43)",b'& operator=(const RefCounted&)'
core,../repos/grpc/src/core/lib/gprpp/single_set_ptr.h,"(36, 17)-(36, 47)",b'& operator=(const SingleSetPtr&)'
core,../repos/grpc/src/core/lib/gprpp/single_set_ptr.h,"(39, 17)-(39, 57)",b'& operator=(SingleSetPtr&& other) noexcept'
core,../repos/grpc/src/core/lib/gprpp/single_set_ptr.h,"(69, 6)-(69, 24)",b'* operator->() const'
core,../repos/grpc/src/core/lib/gprpp/single_set_ptr.h,"(75, 6)-(75, 23)",b'& operator*() const'
core,../repos/grpc/src/core/lib/handshaker/proxy_mapper_registry.h,"(57, 24)-(57, 61)",b'& operator=(const ProxyMapperRegistry&)'
core,../repos/grpc/src/core/lib/handshaker/proxy_mapper_registry.h,"(59, 24)-(59, 56)",b'& operator=(ProxyMapperRegistry&&)'
core,../repos/grpc/src/core/lib/compression/compression_internal.cc,"(85, 21)-(85, 50)",b'absl::string_view operator[](size_t list) con...'
core,../repos/grpc/src/core/lib/compression/compression_internal.h,"(83, 8)-(83, 62)",b'bool operator==(const CompressionAlgorithmSet...'
core,../repos/grpc/src/core/lib/event_engine/event_engine.cc,"(25, 6)-(26, 52)",b'bool operator==(const EventEngine::TaskHandle...'
core,../repos/grpc/src/core/lib/event_engine/event_engine.cc,"(30, 6)-(31, 52)",b'bool operator!=(const EventEngine::TaskHandle...'
core,../repos/grpc/src/core/lib/event_engine/event_engine.cc,"(35, 6)-(36, 58)",b'bool operator==(const EventEngine::Connection...'
core,../repos/grpc/src/core/lib/event_engine/event_engine.cc,"(40, 6)-(41, 58)",b'bool operator!=(const EventEngine::Connection...'
core,../repos/grpc/src/core/lib/event_engine/handle_containers.h,"(38, 12)-(38, 54)",b'size_t operator()(const TaskHandle& handle) c...'
core,../repos/grpc/src/core/lib/event_engine/windows/grpc_polled_fd_windows.cc,"(94, 20)-(94, 53)",b'& operator=(const WSAErrorContext&)'
core,../repos/grpc/src/core/lib/event_engine/windows/iocp.h,"(38, 9)-(38, 31)",b'& operator=(const IOCP&)'
core,../repos/grpc/src/core/lib/event_engine/windows/iocp.h,"(41, 9)-(41, 32)",b'& operator=(IOCP&& other)'
core,../repos/grpc/src/core/lib/event_engine/thread_pool/thread_count.h,"(54, 24)-(54, 59)",b'& operator=(const AutoThreadCounter&)'
core,../repos/grpc/src/core/lib/event_engine/thread_pool/thread_count.h,"(60, 24)-(60, 69)",b'& operator=(AutoThreadCounter&& other) noexcept'
core,../repos/grpc/src/core/lib/event_engine/thread_pool/thread_count.h,"(129, 24)-(129, 59)",b'& operator=(const AutoThreadCounter&)'
core,../repos/grpc/src/core/lib/event_engine/thread_pool/thread_count.h,"(134, 24)-(134, 69)",b'& operator=(AutoThreadCounter&& other) noexcept'
core,../repos/grpc/src/core/lib/event_engine/channel_args_endpoint_config.h,"(35, 30)-(35, 79)",b'& operator=(const ChannelArgsEndpointConfig& ...'
core,../repos/grpc/src/core/lib/event_engine/cf_engine/cftype_unique_ref.h,"(38, 20)-(38, 53)",b'& operator=(CFTypeUniqueRef const&)'
core,../repos/grpc/src/core/lib/event_engine/cf_engine/cftype_unique_ref.h,"(41, 20)-(41, 54)",b'& operator=(CFTypeUniqueRef&& other)'
core,../repos/grpc/src/core/lib/event_engine/cf_engine/cftype_unique_ref.h,"(50, 6)-(50, 17)",b'* operator&()'
core,../repos/grpc/src/core/lib/event_engine/posix_engine/tcp_socket_utils.h,"(89, 20)-(89, 63)",b'& operator=(PosixTcpOptions&& other) noexcept'
core,../repos/grpc/src/core/lib/event_engine/posix_engine/tcp_socket_utils.h,"(110, 20)-(110, 59)",b'& operator=(const PosixTcpOptions& other)'
core,../repos/grpc/src/core/lib/event_engine/posix_engine/timer.h,"(78, 14)-(78, 41)",b'& operator=(const TimerList&)'
core,../repos/grpc/src/core/lib/event_engine/posix_engine/lockfree_event.h,"(36, 18)-(36, 49)",b'& operator=(const LockfreeEvent&)'
core,../repos/grpc/src/core/lib/uri/uri_parser.cc,"(342, 8)-(342, 78)","b'void operator()(std::string* out, const URI::...'"
core,../repos/grpc/src/core/lib/uri/uri_parser.h,"(36, 10)-(36, 51)",b'bool operator==(const QueryParam& other) cons...'
core,../repos/grpc/src/core/lib/uri/uri_parser.h,"(39, 10)-(39, 50)",b'bool operator<(const QueryParam& other) const...'
core,../repos/grpc/src/core/lib/uri/uri_parser.h,"(58, 8)-(58, 35)",b'& operator=(const URI& other)'
core,../repos/grpc/src/core/lib/uri/uri_parser.h,"(61, 8)-(61, 24)",b'& operator=(URI&&)'
core,../repos/grpc/src/core/lib/channel/channel_args.cc,"(348, 15)-(348, 69)","b'& operator<<(std::ostream& out, const Channel...'"
core,../repos/grpc/src/core/lib/channel/status_util.h,"(61, 8)-(61, 52)",b'bool operator==(const StatusCodeSet& other) c...'
core,../repos/grpc/src/core/lib/channel/promise_based_filter.cc,"(1025, 16)-(1025, 45)",b'& operator=(const PollContext&)'
core,../repos/grpc/src/core/lib/channel/promise_based_filter.cc,"(1919, 16)-(1919, 45)",b'& operator=(const PollContext&)'
core,../repos/grpc/src/core/lib/channel/promise_based_filter.h,"(1261, 20)-(1261, 51)",b'& operator=(const CapturedBatch&)'
core,../repos/grpc/src/core/lib/channel/promise_based_filter.h,"(1263, 20)-(1263, 55)",b'& operator=(CapturedBatch&&) noexcept'
core,../repos/grpc/src/core/lib/channel/promise_based_filter.h,"(1265, 37)-(1265, 49)",b'* operator->()'
core,../repos/grpc/src/core/lib/channel/channel_args.h,"(290, 14)-(290, 38)",b'& operator=(Pointer other)'
core,../repos/grpc/src/core/lib/channel/channel_args.h,"(296, 14)-(296, 49)",b'& operator=(Pointer&& other) noexcept'
core,../repos/grpc/src/core/lib/channel/channel_args.h,"(307, 10)-(307, 46)",b'bool operator==(const Pointer& rhs) const {\n ...'
core,../repos/grpc/src/core/lib/channel/channel_args.h,"(310, 10)-(310, 45)",b'bool operator<(const Pointer& rhs) const {\n  ...'
core,../repos/grpc/src/core/lib/channel/channel_args.h,"(313, 10)-(313, 46)",b'bool operator!=(const Pointer& rhs) const {\n ...'
core,../repos/grpc/src/core/lib/channel/channel_args.h,"(354, 10)-(354, 43)",b'bool operator<(const Value& rhs) const { retu...'
core,../repos/grpc/src/core/lib/channel/channel_args.h,"(355, 10)-(355, 44)",b'bool operator==(const Value& rhs) const { ret...'
core,../repos/grpc/src/core/lib/channel/channel_args.h,"(356, 10)-(356, 44)",b'bool operator!=(const Value& rhs) const { ret...'
core,../repos/grpc/src/core/lib/channel/channel_args.h,"(357, 10)-(357, 49)",b'bool operator==(absl::string_view rhs) const ...'
core,../repos/grpc/src/core/lib/channel/channel_args.h,"(371, 10)-(371, 54)",b'void operator()(const grpc_channel_args* p) const;'
core,../repos/grpc/src/core/lib/channel/channel_args.h,"(379, 16)-(379, 45)",b'& operator=(const ChannelArgs&)'
core,../repos/grpc/src/core/lib/channel/channel_args.h,"(381, 16)-(381, 49)",b'& operator=(ChannelArgs&&) noexcept'
core,../repos/grpc/src/core/lib/channel/channel_args.h,"(530, 8)-(530, 50)",b'bool operator!=(const ChannelArgs& other) const;'
core,../repos/grpc/src/core/lib/channel/channel_args.h,"(531, 8)-(531, 49)",b'bool operator<(const ChannelArgs& other) const;'
core,../repos/grpc/src/core/lib/channel/channel_args.h,"(532, 8)-(532, 50)",b'bool operator==(const ChannelArgs& other) const;'
core,../repos/grpc/src/core/lib/channel/channel_args.h,"(548, 15)-(548, 69)","b'& operator<<(std::ostream& out, const Channel...'"
core,../repos/grpc/src/core/lib/channel/connected_channel.cc,"(334, 10)-(334, 47)",b'void operator()(grpc_stream* stream) const {\n...'
core,../repos/grpc/src/core/lib/channel/connected_channel.cc,"(818, 10)-(818, 55)",b'void operator()(Latch<grpc_polling_entity>* l...'
core,../repos/grpc/src/core/lib/channel/connected_channel.cc,"(826, 10)-(826, 41)",b'void operator()(CallData* call_data) {\n      ...'
core,../repos/grpc/src/core/lib/config/core_configuration.h,"(43, 22)-(43, 57)",b'& operator=(const CoreConfiguration&)'
core,../repos/grpc/src/core/lib/config/config_vars.h,"(52, 15)-(52, 43)",b'& operator=(const ConfigVars&)'
core,../repos/grpc/src/core/lib/iomgr/socket_utils_posix.h,"(77, 20)-(77, 63)",b'& operator=(PosixTcpOptions&& other) noexcept'
core,../repos/grpc/src/core/lib/iomgr/socket_utils_posix.h,"(95, 20)-(95, 59)",b'& operator=(const PosixTcpOptions& other)'
core,../repos/grpc/src/core/lib/iomgr/cfstream_handle.h,"(50, 19)-(50, 55)",b'& operator=(const CFStreamHandle& rhs)'
core,../repos/grpc/src/core/lib/iomgr/lockfree_event.h,"(37, 18)-(37, 49)",b'& operator=(const LockfreeEvent&)'
core,../repos/grpc/src/core/lib/iomgr/resolve_address.h,"(52, 17)-(53, 56)","b'bool operator==(const LookupTaskHandle& lhs,\n...'"
core,../repos/grpc/src/core/lib/iomgr/resolve_address.h,"(54, 17)-(55, 56)","b'bool operator!=(const LookupTaskHandle& lhs,\n...'"
core,../repos/grpc/src/core/lib/iomgr/exec_ctx.h,"(139, 12)-(139, 37)",b'& operator=(const ExecCtx&)'
core,../repos/grpc/src/core/lib/iomgr/exec_ctx.h,"(222, 15)-(222, 45)",b'static void operator delete(void* /* p */) { ...'
core,../repos/grpc/src/core/lib/iomgr/error.h,"(139, 16)-(139, 45)",b'& operator=(const AtomicError&)'
core,../repos/grpc/src/core/lib/iomgr/resolve_address.cc,"(48, 6)-(49, 58)",b'bool operator==(const DNSResolver::LookupTask...'
core,../repos/grpc/src/core/lib/iomgr/resolve_address.cc,"(53, 6)-(54, 58)",b'bool operator!=(const DNSResolver::LookupTask...'
core,../repos/grpc/src/core/lib/promise/map.h,"(42, 8)-(42, 29)",b'& operator=(const Map&)'
core,../repos/grpc/src/core/lib/promise/map.h,"(46, 8)-(46, 30)",b'& operator=(Map&& other)'
core,../repos/grpc/src/core/lib/promise/map.h,"(52, 16)-(52, 28)",b'Poll<Result> operator()() {\n    Poll<PromiseR...'
core,../repos/grpc/src/core/lib/promise/map.h,"(79, 8)-(80, 70)",b'auto operator()(std::tuple<A...>&& t) const\n ...'
core,../repos/grpc/src/core/lib/promise/map.h,"(84, 8)-(85, 38)",b'auto operator()(const std::tuple<A...>& t) co...'
core,../repos/grpc/src/core/lib/promise/for_each.h,"(87, 12)-(87, 37)",b'& operator=(const ForEach&)'
core,../repos/grpc/src/core/lib/promise/for_each.h,"(95, 12)-(95, 47)",b'& operator=(ForEach&& other) noexcept'
core,../repos/grpc/src/core/lib/promise/for_each.h,"(104, 16)-(104, 28)",b'Poll<Result> operator()() {\n    if (reading_n...'
core,../repos/grpc/src/core/lib/promise/detail/seq_state.h,"(127, 13)-(127, 45)",b'& operator=(const SeqState& other)'
core,../repos/grpc/src/core/lib/promise/detail/seq_state.h,"(142, 13)-(142, 40)",b'& operator=(SeqState&& other)'
core,../repos/grpc/src/core/lib/promise/detail/seq_state.h,"(263, 13)-(263, 45)",b'& operator=(const SeqState& other)'
core,../repos/grpc/src/core/lib/promise/detail/seq_state.h,"(285, 13)-(285, 40)",b'& operator=(SeqState&& other)'
core,../repos/grpc/src/core/lib/promise/detail/seq_state.h,"(458, 13)-(458, 45)",b'& operator=(const SeqState& other)'
core,../repos/grpc/src/core/lib/promise/detail/seq_state.h,"(487, 13)-(487, 40)",b'& operator=(SeqState&& other)'
core,../repos/grpc/src/core/lib/promise/detail/seq_state.h,"(713, 13)-(713, 45)",b'& operator=(const SeqState& other)'
core,../repos/grpc/src/core/lib/promise/detail/seq_state.h,"(749, 13)-(749, 40)",b'& operator=(SeqState&& other)'
core,../repos/grpc/src/core/lib/promise/detail/seq_state.h,"(1036, 13)-(1036, 45)",b'& operator=(const SeqState& other)'
core,../repos/grpc/src/core/lib/promise/detail/seq_state.h,"(1080, 13)-(1080, 40)",b'& operator=(SeqState&& other)'
core,../repos/grpc/src/core/lib/promise/detail/seq_state.h,"(1422, 13)-(1422, 45)",b'& operator=(const SeqState& other)'
core,../repos/grpc/src/core/lib/promise/detail/seq_state.h,"(1476, 13)-(1476, 40)",b'& operator=(SeqState&& other)'
core,../repos/grpc/src/core/lib/promise/detail/seq_state.h,"(1874, 13)-(1874, 45)",b'& operator=(const SeqState& other)'
core,../repos/grpc/src/core/lib/promise/detail/seq_state.h,"(1938, 13)-(1938, 40)",b'& operator=(SeqState&& other)'
core,../repos/grpc/src/core/lib/promise/detail/seq_state.h,"(2395, 13)-(2395, 45)",b'& operator=(const SeqState& other)'
core,../repos/grpc/src/core/lib/promise/detail/seq_state.h,"(2469, 13)-(2469, 40)",b'& operator=(SeqState&& other)'
core,../repos/grpc/src/core/lib/promise/detail/seq_state.h,"(2990, 13)-(2990, 45)",b'& operator=(const SeqState& other)'
core,../repos/grpc/src/core/lib/promise/detail/seq_state.h,"(3075, 13)-(3075, 40)",b'& operator=(SeqState&& other)'
core,../repos/grpc/src/core/lib/promise/detail/seq_state.h,"(3661, 13)-(3661, 45)",b'& operator=(const SeqState& other)'
core,../repos/grpc/src/core/lib/promise/detail/seq_state.h,"(3757, 13)-(3757, 40)",b'& operator=(SeqState&& other)'
core,../repos/grpc/src/core/lib/promise/detail/seq_state.h,"(4409, 13)-(4409, 45)",b'& operator=(const SeqState& other)'
core,../repos/grpc/src/core/lib/promise/detail/seq_state.h,"(4516, 13)-(4516, 40)",b'& operator=(SeqState&& other)'
core,../repos/grpc/src/core/lib/promise/detail/seq_state.h,"(5236, 13)-(5236, 45)",b'& operator=(const SeqState& other)'
core,../repos/grpc/src/core/lib/promise/detail/seq_state.h,"(5355, 13)-(5355, 40)",b'& operator=(SeqState&& other)'
core,../repos/grpc/src/core/lib/promise/detail/basic_seq.h,"(61, 17)-(61, 47)",b'& operator=(const BasicSeqIter&)'
core,../repos/grpc/src/core/lib/promise/detail/basic_seq.h,"(71, 17)-(71, 57)",b'& operator=(BasicSeqIter&& other) noexcept'
core,../repos/grpc/src/core/lib/promise/detail/basic_seq.h,"(82, 17)-(82, 29)",b'Poll<Wrapped> operator()() {\n    if (cur_ == ...'
core,../repos/grpc/src/core/lib/promise/detail/promise_factory.h,"(105, 10)-(105, 22)",b'Result operator()() { return f_(std::move(arg...'
core,../repos/grpc/src/core/lib/promise/detail/join_state.h,"(65, 14)-(65, 47)",b'& operator=(const JoinState& other)'
core,../repos/grpc/src/core/lib/promise/detail/join_state.h,"(66, 14)-(66, 42)",b'& operator=(JoinState&& other)'
core,../repos/grpc/src/core/lib/promise/detail/join_state.h,"(181, 14)-(181, 47)",b'& operator=(const JoinState& other)'
core,../repos/grpc/src/core/lib/promise/detail/join_state.h,"(182, 14)-(182, 42)",b'& operator=(JoinState&& other)'
core,../repos/grpc/src/core/lib/promise/detail/join_state.h,"(339, 14)-(339, 47)",b'& operator=(const JoinState& other)'
core,../repos/grpc/src/core/lib/promise/detail/join_state.h,"(340, 14)-(340, 42)",b'& operator=(JoinState&& other)'
core,../repos/grpc/src/core/lib/promise/detail/join_state.h,"(539, 14)-(539, 47)",b'& operator=(const JoinState& other)'
core,../repos/grpc/src/core/lib/promise/detail/join_state.h,"(540, 14)-(540, 42)",b'& operator=(JoinState&& other)'
core,../repos/grpc/src/core/lib/promise/detail/join_state.h,"(781, 14)-(781, 47)",b'& operator=(const JoinState& other)'
core,../repos/grpc/src/core/lib/promise/detail/join_state.h,"(782, 14)-(782, 42)",b'& operator=(JoinState&& other)'
core,../repos/grpc/src/core/lib/promise/detail/join_state.h,"(1064, 14)-(1064, 47)",b'& operator=(const JoinState& other)'
core,../repos/grpc/src/core/lib/promise/detail/join_state.h,"(1065, 14)-(1065, 42)",b'& operator=(JoinState&& other)'
core,../repos/grpc/src/core/lib/promise/detail/join_state.h,"(1390, 14)-(1390, 47)",b'& operator=(const JoinState& other)'
core,../repos/grpc/src/core/lib/promise/detail/join_state.h,"(1391, 14)-(1391, 42)",b'& operator=(JoinState&& other)'
core,../repos/grpc/src/core/lib/promise/detail/join_state.h,"(1757, 14)-(1757, 47)",b'& operator=(const JoinState& other)'
core,../repos/grpc/src/core/lib/promise/detail/join_state.h,"(1758, 14)-(1758, 42)",b'& operator=(JoinState&& other)'
core,../repos/grpc/src/core/lib/promise/detail/promise_like.h,"(81, 8)-(81, 50)",b'auto operator()() -> decltype(WrapInPoll(f_()...'
core,../repos/grpc/src/core/lib/promise/if.h,"(79, 16)-(79, 28)",b'Poll<Result> operator()() {\n    return absl::...'
core,../repos/grpc/src/core/lib/promise/if.h,"(98, 16)-(98, 56)",b'PollResult operator()(Evaluating& evaluating)...'
core,../repos/grpc/src/core/lib/promise/if.h,"(111, 16)-(111, 50)",b'PollResult operator()(Promise& promise) const...'
core,../repos/grpc/src/core/lib/promise/if.h,"(150, 7)-(150, 27)",b'& operator=(const If&)'
core,../repos/grpc/src/core/lib/promise/if.h,"(158, 7)-(158, 37)",b'& operator=(If&& other) noexcept'
core,../repos/grpc/src/core/lib/promise/if.h,"(165, 16)-(165, 28)",b'Poll<Result> operator()() {\n#ifndef NDEBUG\n  ...'
core,../repos/grpc/src/core/lib/promise/event_engine_wakeup_scheduler.h,"(47, 21)-(47, 53)",b'& operator=(const BoundScheduler&)'
core,../repos/grpc/src/core/lib/promise/prioritized_race.h,"(34, 10)-(34, 22)",b'Result operator()() {\n    // Check the priori...'
core,../repos/grpc/src/core/lib/promise/prioritized_race.h,"(75, 10)-(75, 22)",b'Result operator()() { return promise_(); }'
core,../repos/grpc/src/core/lib/promise/inter_activity_pipe.h,"(49, 14)-(49, 31)",b'& operator*() const'
core,../repos/grpc/src/core/lib/promise/inter_activity_pipe.h,"(50, 8)-(50, 19)",b'& operator*()'
core,../repos/grpc/src/core/lib/promise/inter_activity_pipe.h,"(126, 13)-(126, 37)",b'& operator=(const Sender&)'
core,../repos/grpc/src/core/lib/promise/inter_activity_pipe.h,"(128, 13)-(128, 41)",b'& operator=(Sender&&) noexcept'
core,../repos/grpc/src/core/lib/promise/inter_activity_pipe.h,"(155, 15)-(155, 41)",b'& operator=(const Receiver&)'
core,../repos/grpc/src/core/lib/promise/inter_activity_pipe.h,"(157, 15)-(157, 45)",b'& operator=(Receiver&&) noexcept'
core,../repos/grpc/src/core/lib/promise/mpsc.h,"(133, 15)-(133, 43)",b'& operator=(const MpscSender&)'
core,../repos/grpc/src/core/lib/promise/mpsc.h,"(135, 15)-(135, 47)",b'& operator=(MpscSender&&) noexcept'
core,../repos/grpc/src/core/lib/promise/mpsc.h,"(178, 17)-(178, 47)",b'& operator=(const MpscReceiver&)'
core,../repos/grpc/src/core/lib/promise/mpsc.h,"(185, 17)-(185, 57)",b'& operator=(MpscReceiver&& other) noexcept'
core,../repos/grpc/src/core/lib/promise/context.h,"(63, 23)-(63, 59)",b'& operator=(const ThreadLocalContext&)'
core,../repos/grpc/src/core/lib/promise/context.h,"(96, 33)-(96, 45)",b'decltype(std::declval<F>()()) operator()() {\n...'
core,../repos/grpc/src/core/lib/promise/inter_activity_latch.h,"(46, 23)-(46, 59)",b'& operator=(const InterActivityLatch&)'
core,../repos/grpc/src/core/lib/promise/interceptor_list.h,"(126, 17)-(126, 45)",b'& operator=(const RunPromise&)'
core,../repos/grpc/src/core/lib/promise/interceptor_list.h,"(141, 17)-(141, 55)",b'& operator=(RunPromise&& other) noexcept'
core,../repos/grpc/src/core/lib/promise/interceptor_list.h,"(143, 29)-(143, 41)",b'Poll<absl::optional<T>> operator()() {\n      ...'
core,../repos/grpc/src/core/lib/promise/interceptor_list.h,"(192, 24)-(192, 57)",b'& operator=(const AsyncResolution&)'
core,../repos/grpc/src/core/lib/promise/interceptor_list.h,"(211, 20)-(211, 53)",b'& operator=(const InterceptorList&)'
core,../repos/grpc/src/core/lib/promise/seq.h,"(66, 8)-(66, 20)",b'auto operator()() { return state_.PollOnce(); }'
core,../repos/grpc/src/core/lib/promise/try_seq.h,"(208, 8)-(208, 20)",b'auto operator()() { return state_.PollOnce(); }'
core,../repos/grpc/src/core/lib/promise/join.h,"(57, 8)-(57, 20)",b'auto operator()() { return state_.PollOnce(); }'
core,../repos/grpc/src/core/lib/promise/join.h,"(65, 17)-(65, 32)",b'std::tuple<T> operator()(T x) {\n    return st...'
core,../repos/grpc/src/core/lib/promise/sleep.h,"(40, 10)-(40, 33)",b'& operator=(const Sleep&)'
core,../repos/grpc/src/core/lib/promise/sleep.h,"(44, 10)-(44, 43)",b'& operator=(Sleep&& other) noexcept'
core,../repos/grpc/src/core/lib/promise/sleep.h,"(50, 22)-(50, 34)",b'Poll<absl::Status> operator()();'
core,../repos/grpc/src/core/lib/promise/promise.h,"(52, 11)-(52, 23)",b'Poll<T> operator()() { return Pending(); }'
core,../repos/grpc/src/core/lib/promise/promise.h,"(62, 11)-(62, 23)",b'Poll<T> operator()() { return std::move(value_); }'
core,../repos/grpc/src/core/lib/promise/promise.h,"(77, 22)-(77, 34)",b'Poll<absl::Status> operator()() { return absl...'
core,../repos/grpc/src/core/lib/promise/party.h,"(345, 10)-(345, 33)",b'& operator=(const Party&)'
core,../repos/grpc/src/core/lib/promise/status_flag.h,"(79, 8)-(79, 42)",b'bool operator==(StatusFlag other) const { ret...'
core,../repos/grpc/src/core/lib/promise/status_flag.h,"(95, 13)-(95, 49)","b'inline bool operator==(StatusFlag flag, Failu...'"
core,../repos/grpc/src/core/lib/promise/status_flag.h,"(96, 13)-(96, 49)","b'inline bool operator==(Failure, StatusFlag fl...'"
core,../repos/grpc/src/core/lib/promise/status_flag.h,"(97, 13)-(97, 49)","b'inline bool operator==(StatusFlag flag, Succe...'"
core,../repos/grpc/src/core/lib/promise/status_flag.h,"(98, 13)-(98, 49)","b'inline bool operator==(Success, StatusFlag fl...'"
core,../repos/grpc/src/core/lib/promise/status_flag.h,"(100, 13)-(100, 49)","b'inline bool operator!=(StatusFlag flag, Failu...'"
core,../repos/grpc/src/core/lib/promise/status_flag.h,"(101, 13)-(101, 49)","b'inline bool operator!=(Failure, StatusFlag fl...'"
core,../repos/grpc/src/core/lib/promise/status_flag.h,"(102, 13)-(102, 49)","b'inline bool operator!=(StatusFlag flag, Succe...'"
core,../repos/grpc/src/core/lib/promise/status_flag.h,"(103, 13)-(103, 49)","b'inline bool operator!=(Success, StatusFlag fl...'"
core,../repos/grpc/src/core/lib/promise/status_flag.h,"(172, 12)-(172, 29)",b'& operator*() const'
core,../repos/grpc/src/core/lib/promise/status_flag.h,"(173, 6)-(173, 17)",b'& operator*()'
core,../repos/grpc/src/core/lib/promise/status_flag.h,"(175, 8)-(175, 53)",b'bool operator==(const ValueOrFailure& other) ...'
core,../repos/grpc/src/core/lib/promise/race.h,"(38, 10)-(38, 22)",b'Result operator()() {\n    // Check our own pr...'
core,../repos/grpc/src/core/lib/promise/race.h,"(61, 10)-(61, 22)",b'Result operator()() { return promise_(); }'
core,../repos/grpc/src/core/lib/promise/poll.h,"(33, 13)-(33, 55)","b'inline bool operator==(const Pending&, const ...'"
core,../repos/grpc/src/core/lib/promise/poll.h,"(38, 13)-(38, 51)","b'inline bool operator==(const Empty&, const Em...'"
core,../repos/grpc/src/core/lib/promise/poll.h,"(56, 9)-(56, 37)",b'& operator=(const Poll& other)'
core,../repos/grpc/src/core/lib/promise/poll.h,"(70, 9)-(70, 41)",b'& operator=(Poll&& other) noexcept'
core,../repos/grpc/src/core/lib/promise/poll.h,"(148, 9)-(148, 37)",b'& operator=(const Poll& other)'
core,../repos/grpc/src/core/lib/promise/poll.h,"(149, 9)-(149, 32)",b'& operator=(Poll&& other)'
core,../repos/grpc/src/core/lib/promise/poll.h,"(206, 6)-(206, 52)","b'bool operator==(const Poll<T>& a, const Poll<...'"
core,../repos/grpc/src/core/lib/promise/latch.h,"(47, 10)-(47, 33)",b'& operator=(const Latch&)'
core,../repos/grpc/src/core/lib/promise/latch.h,"(54, 10)-(54, 43)",b'& operator=(Latch&& other) noexcept'
core,../repos/grpc/src/core/lib/promise/latch.h,"(146, 10)-(146, 33)",b'& operator=(const Latch&)'
core,../repos/grpc/src/core/lib/promise/latch.h,"(152, 10)-(152, 43)",b'& operator=(Latch&& other) noexcept'
core,../repos/grpc/src/core/lib/promise/latch.h,"(223, 30)-(223, 73)",b'& operator=(const ExternallyObservableLatch&)'
core,../repos/grpc/src/core/lib/promise/all_ok.h,"(62, 8)-(62, 20)",b'auto operator()() { return state_.PollOnce(); }'
core,../repos/grpc/src/core/lib/promise/exec_ctx_wakeup_scheduler.h,"(38, 21)-(38, 53)",b'& operator=(const BoundScheduler&)'
core,../repos/grpc/src/core/lib/promise/try_join.h,"(100, 8)-(100, 20)",b'auto operator()() { return state_.PollOnce(); }'
core,../repos/grpc/src/core/lib/promise/try_join.h,"(109, 20)-(109, 38)",b'R<std::tuple<T>> operator()(R<T> x) {\n    if ...'
core,../repos/grpc/src/core/lib/promise/promise_mutex.h,"(47, 11)-(47, 43)",b'& operator=(Lock&& other) noexcept'
core,../repos/grpc/src/core/lib/promise/promise_mutex.h,"(53, 11)-(53, 42)",b'& operator=(const Lock&) noexcept'
core,../repos/grpc/src/core/lib/promise/promise_mutex.h,"(55, 8)-(55, 20)",b'* operator->()'
core,../repos/grpc/src/core/lib/promise/promise_mutex.h,"(59, 8)-(59, 19)",b'& operator*()'
core,../repos/grpc/src/core/lib/promise/activity.h,"(93, 10)-(93, 33)",b'& operator=(const Waker&)'
core,../repos/grpc/src/core/lib/promise/activity.h,"(95, 10)-(95, 43)",b'& operator=(Waker&& other) noexcept'
core,../repos/grpc/src/core/lib/promise/activity.h,"(111, 8)-(111, 53)",b'bool operator==(const Waker& other) const noe...'
core,../repos/grpc/src/core/lib/promise/activity.h,"(115, 8)-(115, 53)",b'bool operator!=(const Waker& other) const noe...'
core,../repos/grpc/src/core/lib/promise/activity.h,"(140, 10)-(140, 64)",b'bool operator==(const WakeableAndArg& other) ...'
core,../repos/grpc/src/core/lib/promise/activity.h,"(231, 21)-(231, 53)",b'& operator=(const ScopedActivity&)'
core,../repos/grpc/src/core/lib/promise/observable.h,"(111, 15)-(111, 41)",b'& operator=(const Observer&)'
core,../repos/grpc/src/core/lib/promise/observable.h,"(117, 15)-(117, 51)",b'& operator=(Observer&& other) noexcept'
core,../repos/grpc/src/core/lib/promise/observable.h,"(121, 13)-(121, 25)",b'Poll<T> operator()() {\n      MutexLock lock(s...'
core,../repos/grpc/src/core/lib/promise/arena_promise.h,"(202, 17)-(202, 47)",b'& operator=(const ArenaPromise&)'
core,../repos/grpc/src/core/lib/promise/arena_promise.h,"(208, 17)-(208, 57)",b'& operator=(ArenaPromise&& other) noexcept'
core,../repos/grpc/src/core/lib/promise/arena_promise.h,"(219, 11)-(219, 23)",b'Poll<T> operator()() {\n    return vtable_and_...'
core,../repos/grpc/src/core/lib/promise/cancel_callback.h,"(31, 12)-(31, 37)",b'& operator=(const Handler&)'
core,../repos/grpc/src/core/lib/promise/cancel_callback.h,"(41, 12)-(41, 47)",b'& operator=(Handler&& other) noexcept'
core,../repos/grpc/src/core/lib/promise/loop.h,"(96, 9)-(96, 36)",b'& operator=(const Loop& loop)'
core,../repos/grpc/src/core/lib/promise/loop.h,"(98, 16)-(98, 28)",b'Poll<Result> operator()() {\n    if (!started_...'
core,../repos/grpc/src/core/lib/promise/pipe.h,"(73, 15)-(73, 43)",b'& operator=(const NextResult&)'
core,../repos/grpc/src/core/lib/promise/pipe.h,"(75, 15)-(75, 53)",b'& operator=(NextResult&& other) noexcept'
core,../repos/grpc/src/core/lib/promise/pipe.h,"(90, 12)-(90, 29)",b'& operator*() const'
core,../repos/grpc/src/core/lib/promise/pipe.h,"(91, 6)-(91, 17)",b'& operator*()'
core,../repos/grpc/src/core/lib/promise/pipe.h,"(463, 15)-(463, 43)",b'& operator=(const PipeSender&)'
core,../repos/grpc/src/core/lib/promise/pipe.h,"(465, 15)-(465, 53)",b'& operator=(PipeSender&& other) noexcept'
core,../repos/grpc/src/core/lib/promise/pipe.h,"(538, 9)-(538, 31)",b'& operator=(const Next&)'
core,../repos/grpc/src/core/lib/promise/pipe.h,"(540, 9)-(540, 41)",b'& operator=(Next&& other) noexcept'
core,../repos/grpc/src/core/lib/promise/pipe.h,"(542, 27)-(542, 39)",b'Poll<absl::optional<T>> operator()() {\n    re...'
core,../repos/grpc/src/core/lib/promise/pipe.h,"(560, 17)-(560, 47)",b'& operator=(const PipeReceiver&)'
core,../repos/grpc/src/core/lib/promise/pipe.h,"(562, 17)-(562, 57)",b'& operator=(PipeReceiver&& other) noexcept'
core,../repos/grpc/src/core/lib/promise/pipe.h,"(656, 9)-(656, 31)",b'& operator=(const Push&)'
core,../repos/grpc/src/core/lib/promise/pipe.h,"(658, 9)-(658, 41)",b'& operator=(Push&& other) noexcept'
core,../repos/grpc/src/core/lib/promise/pipe.h,"(660, 14)-(660, 26)",b'Poll<bool> operator()() {\n    if (center_ == ...'
core,../repos/grpc/src/core/lib/promise/pipe.h,"(749, 9)-(749, 31)",b'& operator=(const Pipe&)'
core,../repos/grpc/src/core/lib/promise/pipe.h,"(751, 9)-(751, 35)",b'& operator=(Pipe&&) noexcept'
core,../repos/grpc/src/core/lib/transport/batch_builder.h,"(74, 17)-(74, 47)",b'& operator=(const BatchBuilder&)'
core,../repos/grpc/src/core/lib/transport/batch_builder.h,"(204, 12)-(204, 35)",b'& operator=(const Batch&)'
core,../repos/grpc/src/core/lib/transport/message.h,"(43, 12)-(43, 37)",b'& operator=(const Message&)'
core,../repos/grpc/src/core/lib/transport/call_filters.h,"(771, 22)-(771, 57)",b'& operator=(const OperationExecutor&)'
core,../repos/grpc/src/core/lib/transport/call_filters.h,"(777, 22)-(777, 67)",b'& operator=(OperationExecutor&& other) noexcept'
core,../repos/grpc/src/core/lib/transport/call_filters.h,"(823, 32)-(823, 77)",b'& operator=(const InfallibleOperationExecutor&)'
core,../repos/grpc/src/core/lib/transport/call_filters.h,"(830, 32)-(831, 52)",b'& operator=(\n      InfallibleOperationExecuto...'
core,../repos/grpc/src/core/lib/transport/call_filters.h,"(974, 16)-(974, 45)",b'& operator=(const CallFilters&)'
core,../repos/grpc/src/core/lib/transport/call_filters.h,"(976, 16)-(976, 40)",b'& operator=(CallFilters&&)'
core,../repos/grpc/src/core/lib/transport/call_filters.h,"(1019, 13)-(1019, 35)",b'& operator=(const Push&)'
core,../repos/grpc/src/core/lib/transport/call_filters.h,"(1029, 13)-(1029, 30)",b'& operator=(Push&&)'
core,../repos/grpc/src/core/lib/transport/call_filters.h,"(1031, 24)-(1031, 36)",b'Poll<StatusFlag> operator()() { return state(...'
core,../repos/grpc/src/core/lib/transport/call_filters.h,"(1053, 13)-(1053, 35)",b'& operator=(const Pull&)'
core,../repos/grpc/src/core/lib/transport/call_filters.h,"(1057, 13)-(1057, 30)",b'& operator=(Pull&&)'
core,../repos/grpc/src/core/lib/transport/call_filters.h,"(1059, 31)-(1059, 43)",b'Poll<ValueOrFailure<T>> operator()() {\n      ...'
core,../repos/grpc/src/core/lib/transport/call_filters.h,"(1105, 40)-(1106, 50)",b'& operator=(\n        const PullServerTrailing...'
core,../repos/grpc/src/core/lib/transport/call_filters.h,"(1111, 40)-(1112, 45)",b'& operator=(\n        PullServerTrailingMetada...'
core,../repos/grpc/src/core/lib/transport/call_filters.h,"(1114, 32)-(1114, 44)",b'Poll<ServerMetadataHandle> operator()() {\n   ...'
core,../repos/grpc/src/core/lib/transport/promise_endpoint.h,"(60, 20)-(60, 53)",b'& operator=(const PromiseEndpoint&)'
core,../repos/grpc/src/core/lib/transport/promise_endpoint.h,"(62, 20)-(62, 48)",b'& operator=(PromiseEndpoint&&)'
core,../repos/grpc/src/core/lib/transport/parsed_metadata.h,"(171, 19)-(171, 51)",b'& operator=(const ParsedMetadata&)'
core,../repos/grpc/src/core/lib/transport/parsed_metadata.h,"(178, 19)-(178, 61)",b'& operator=(ParsedMetadata&& other) noexcept'
core,../repos/grpc/src/core/lib/transport/transport.h,"(109, 42)-(110, 52)",b'& operator=(\n      const ClientInitialMetadat...'
core,../repos/grpc/src/core/lib/transport/transport.h,"(114, 42)-(115, 62)",b'& operator=(\n      ClientInitialMetadataOutst...'
core,../repos/grpc/src/core/lib/transport/metadata_batch.h,"(590, 8)-(590, 41)",b'bool operator()(absl::string_view key) { retu...'
core,../repos/grpc/src/core/lib/transport/metadata_batch.h,"(595, 8)-(595, 26)",b'auto operator()(Op* op) { return op->Found(Tr...'
core,../repos/grpc/src/core/lib/transport/metadata_batch.h,"(843, 10)-(843, 33)",b'& operator=(const Value&)'
core,../repos/grpc/src/core/lib/transport/metadata_batch.h,"(845, 10)-(845, 43)",b'& operator=(Value&& other) noexcept'
core,../repos/grpc/src/core/lib/transport/metadata_batch.h,"(873, 10)-(873, 33)",b'& operator=(const Value&)'
core,../repos/grpc/src/core/lib/transport/metadata_batch.h,"(875, 10)-(875, 43)",b'& operator=(Value&& other) noexcept'
core,../repos/grpc/src/core/lib/transport/metadata_batch.h,"(904, 10)-(904, 33)",b'& operator=(const Value&)'
core,../repos/grpc/src/core/lib/transport/metadata_batch.h,"(906, 10)-(906, 43)",b'& operator=(Value&& other) noexcept'
core,../repos/grpc/src/core/lib/transport/metadata_batch.h,"(941, 10)-(941, 33)",b'& operator=(const Value&)'
core,../repos/grpc/src/core/lib/transport/metadata_batch.h,"(943, 10)-(943, 43)",b'& operator=(Value&& other) noexcept'
core,../repos/grpc/src/core/lib/transport/metadata_batch.h,"(994, 8)-(994, 45)",b'void operator()(const Value<Which>& which) {\n...'
core,../repos/grpc/src/core/lib/transport/metadata_batch.h,"(1005, 8)-(1005, 45)",b'void operator()(const Value<Which>& which) {\n...'
core,../repos/grpc/src/core/lib/transport/metadata_batch.h,"(1014, 8)-(1014, 45)",b'void operator()(const Value<Which>& which) {\n...'
core,../repos/grpc/src/core/lib/transport/metadata_batch.h,"(1236, 16)-(1236, 45)",b'& operator=(const MetadataMap&)'
core,../repos/grpc/src/core/lib/transport/metadata_batch.h,"(1241, 12)-(1241, 45)",b'& operator=(MetadataMap&&) noexcept'
core,../repos/grpc/src/core/lib/avl/avl.h,"(84, 8)-(84, 42)",b'bool operator==(const AVL& other) const {\n   ...'
core,../repos/grpc/src/core/lib/avl/avl.h,"(88, 8)-(88, 41)",b'bool operator<(const AVL& other) const {\n    ...'
core,../repos/grpc/src/core/lib/surface/init_internally.h,"(32, 25)-(32, 63)",b'& operator=(const KeepsGrpcInitialized&)'
core,../repos/grpc/src/core/lib/surface/channel.h,"(94, 19)-(94, 51)",b'& operator=(const RegisteredCall&)'
core,../repos/grpc/src/core/lib/surface/wait_for_cq_end_op.h,"(35, 15)-(35, 27)",b'Poll<Empty> operator()() {\n    if (auto* n = ...'
core,../repos/grpc/src/core/lib/surface/wait_for_cq_end_op.h,"(63, 19)-(63, 51)",b'& operator=(const WaitForCqEndOp&)'
core,../repos/grpc/src/core/lib/surface/wait_for_cq_end_op.h,"(68, 19)-(68, 61)",b'& operator=(WaitForCqEndOp&& other) noexcept'
core,../repos/grpc/src/core/lib/surface/server.cc,"(161, 18)-(161, 47)",b'& operator=(const MatchResult&)'
core,../repos/grpc/src/core/lib/surface/channel_init.h,"(85, 25)-(85, 61)",b'& operator=(const FilterRegistration&)'
core,../repos/grpc/src/core/lib/surface/call.cc,"(2237, 17)-(2237, 51)",b'& operator=(const Completion& other)'
core,../repos/grpc/src/core/lib/surface/call.cc,"(2241, 17)-(2241, 55)",b'& operator=(Completion&& other) noexcept'
core,../repos/grpc/src/core/lib/surface/call.cc,"(3859, 16)-(3859, 45)",b'& operator=(const MaybeOpImpl&)'
core,../repos/grpc/src/core/lib/surface/call.cc,"(3861, 16)-(3861, 55)",b'& operator=(MaybeOpImpl&& other) noexcept'
core,../repos/grpc/src/core/lib/surface/call.cc,"(3872, 20)-(3872, 32)",b'Poll<StatusFlag> operator()() {\n    if (absl:...'
core,../repos/grpc/src/core/lib/surface/channel_init.cc,"(50, 8)-(51, 54)","b'bool operator()(const grpc_channel_filter* a,...'"
core,../repos/grpc/src/core/lib/matchers/matchers.h,"(50, 18)-(50, 55)",b'& operator=(const StringMatcher& other)'
core,../repos/grpc/src/core/lib/matchers/matchers.h,"(52, 18)-(52, 59)",b'& operator=(StringMatcher&& other) noexcept'
core,../repos/grpc/src/core/lib/matchers/matchers.h,"(53, 8)-(53, 52)",b'bool operator==(const StringMatcher& other) const;'
core,../repos/grpc/src/core/lib/matchers/matchers.h,"(121, 18)-(121, 55)",b'& operator=(const HeaderMatcher& other)'
core,../repos/grpc/src/core/lib/matchers/matchers.h,"(123, 18)-(123, 59)",b'& operator=(HeaderMatcher&& other) noexcept'
core,../repos/grpc/src/core/lib/matchers/matchers.h,"(124, 8)-(124, 52)",b'bool operator==(const HeaderMatcher& other) const;'
core,../repos/grpc/src/core/lib/slice/slice_internal.h,"(87, 15)-(87, 56)",b'std::size_t operator()(const grpc_slice& slic...'
core,../repos/grpc/src/core/lib/slice/slice_internal.h,"(93, 13)-(93, 67)","b'inline bool operator==(const grpc_slice& s1, ...'"
core,../repos/grpc/src/core/lib/slice/slice_buffer.h,"(65, 16)-(65, 45)",b'& operator=(const SliceBuffer&)'
core,../repos/grpc/src/core/lib/slice/slice_buffer.h,"(66, 16)-(66, 55)",b'& operator=(SliceBuffer&& other) noexcept'
core,../repos/grpc/src/core/lib/slice/slice_buffer.h,"(128, 16)-(128, 46)",b'& operator[](size_t index) const'
core,../repos/grpc/src/core/lib/slice/slice.h,"(83, 14)-(83, 41)",b'& operator=(const BaseSlice&)'
core,../repos/grpc/src/core/lib/slice/slice.h,"(85, 14)-(85, 42)",b'& operator=(BaseSlice&& other)'
core,../repos/grpc/src/core/lib/slice/slice.h,"(110, 11)-(110, 37)",b'uint8_t operator[](size_t i) const {\n    retu...'
core,../repos/grpc/src/core/lib/slice/slice.h,"(147, 13)-(147, 63)","b'inline bool operator==(const BaseSlice& a, co...'"
core,../repos/grpc/src/core/lib/slice/slice.h,"(151, 13)-(151, 63)","b'inline bool operator!=(const BaseSlice& a, co...'"
core,../repos/grpc/src/core/lib/slice/slice.h,"(155, 13)-(155, 64)","b'inline bool operator==(const BaseSlice& a, ab...'"
core,../repos/grpc/src/core/lib/slice/slice.h,"(159, 13)-(159, 64)","b'inline bool operator!=(const BaseSlice& a, ab...'"
core,../repos/grpc/src/core/lib/slice/slice.h,"(163, 13)-(163, 64)","b'inline bool operator==(absl::string_view a, c...'"
core,../repos/grpc/src/core/lib/slice/slice.h,"(167, 13)-(167, 64)","b'inline bool operator!=(absl::string_view a, c...'"
core,../repos/grpc/src/core/lib/slice/slice.h,"(171, 13)-(171, 64)","b'inline bool operator==(const BaseSlice& a, co...'"
core,../repos/grpc/src/core/lib/slice/slice.h,"(175, 13)-(175, 64)","b'inline bool operator!=(const BaseSlice& a, co...'"
core,../repos/grpc/src/core/lib/slice/slice.h,"(179, 13)-(179, 64)","b'inline bool operator==(const grpc_slice& a, c...'"
core,../repos/grpc/src/core/lib/slice/slice.h,"(183, 13)-(183, 64)","b'inline bool operator!=(const grpc_slice& a, c...'"
core,../repos/grpc/src/core/lib/slice/slice.h,"(252, 16)-(252, 51)",b'& operator=(const StaticSlice& other)'
core,../repos/grpc/src/core/lib/slice/slice.h,"(258, 16)-(258, 55)",b'& operator=(StaticSlice&& other) noexcept'
core,../repos/grpc/src/core/lib/slice/slice.h,"(276, 17)-(276, 47)",b'& operator=(const MutableSlice&)'
core,../repos/grpc/src/core/lib/slice/slice.h,"(279, 17)-(279, 57)",b'& operator=(MutableSlice&& other) noexcept'
core,../repos/grpc/src/core/lib/slice/slice.h,"(306, 12)-(306, 32)",b'& operator[](size_t i)'
core,../repos/grpc/src/core/lib/security/security_connector/ssl_utils.h,"(159, 19)-(159, 61)",b'& operator=(PemKeyCertPair&& other) noexcept'
core,../repos/grpc/src/core/lib/security/security_connector/ssl_utils.h,"(168, 19)-(168, 57)",b'& operator=(const PemKeyCertPair& other)'
core,../repos/grpc/src/core/lib/security/security_connector/ssl_utils.h,"(174, 8)-(174, 53)",b'bool operator==(const PemKeyCertPair& other) ...'
core,../repos/grpc/src/core/lib/security/credentials/tls/grpc_tls_credentials_options.h,"(91, 8)-(91, 67)",b'bool operator==(const grpc_tls_credentials_op...'
core,../repos/grpc/src/core/lib/security/authorization/rbac_policy.h,"(55, 16)-(55, 53)",b'& operator=(CidrRange&& other) noexcept'
core,../repos/grpc/src/core/lib/security/authorization/rbac_policy.h,"(95, 17)-(95, 55)",b'& operator=(Permission&& other) noexcept'
core,../repos/grpc/src/core/lib/security/authorization/rbac_policy.h,"(145, 16)-(145, 53)",b'& operator=(Principal&& other) noexcept'
core,../repos/grpc/src/core/lib/security/authorization/rbac_policy.h,"(165, 13)-(165, 47)",b'& operator=(Policy&& other) noexcept'
core,../repos/grpc/src/core/lib/security/authorization/rbac_policy.h,"(178, 9)-(178, 41)",b'& operator=(Rbac&& other) noexcept'
core,../repos/grpc/src/core/lib/security/authorization/grpc_authorization_engine.h,"(52, 28)-(52, 79)",b'& operator=(GrpcAuthorizationEngine&& other) ...'
core,../repos/grpc/src/core/lib/security/authorization/mock_cel/activation.h,"(35, 19)-(35, 51)",b'& operator=(const BaseActivation&)'
core,../repos/grpc/src/core/lib/security/authorization/mock_cel/activation.h,"(48, 15)-(48, 43)",b'& operator=(const Activation&)'
core,../repos/grpc/src/core/lib/security/certificate_provider/certificate_provider_registry.h,"(57, 32)-(57, 77)",b'& operator=(const CertificateProviderRegistry&)'
core,../repos/grpc/src/core/lib/security/certificate_provider/certificate_provider_registry.h,"(60, 32)-(60, 72)",b'& operator=(CertificateProviderRegistry&&)'
core,../repos/grpc/src/core/lib/security/transport/legacy_server_auth_filter.cc,"(137, 23)-(137, 59)",b'& operator=(const RunApplicationCode&)'
core,../repos/grpc/src/core/lib/security/transport/legacy_server_auth_filter.cc,"(140, 23)-(140, 69)",b'& operator=(RunApplicationCode&& other) noexcept'
core,../repos/grpc/src/core/lib/security/transport/legacy_server_auth_filter.cc,"(145, 34)-(145, 46)",b'Poll<absl::StatusOr<CallArgs>> operator()() {...'
core,../repos/grpc/src/core/lib/security/transport/auth_filters.h,"(100, 25)-(100, 61)",b'& operator=(const RunApplicationCode&)'
core,../repos/grpc/src/core/lib/security/transport/auth_filters.h,"(103, 25)-(103, 71)",b'& operator=(RunApplicationCode&& other) noexcept'
core,../repos/grpc/src/core/lib/security/transport/auth_filters.h,"(108, 24)-(108, 36)",b'Poll<absl::Status> operator()();'
core,../repos/grpc/src/core/lib/resolver/endpoint_addresses.h,"(61, 22)-(61, 63)",b'& operator=(const EndpointAddresses& other)'
core,../repos/grpc/src/core/lib/resolver/endpoint_addresses.h,"(65, 22)-(65, 67)",b'& operator=(EndpointAddresses&& other) noexcept'
core,../repos/grpc/src/core/lib/resolver/endpoint_addresses.h,"(67, 8)-(67, 56)",b'bool operator==(const EndpointAddresses& othe...'
core,../repos/grpc/src/core/lib/resolver/endpoint_addresses.h,"(70, 8)-(70, 56)",b'bool operator!=(const EndpointAddresses& othe...'
core,../repos/grpc/src/core/lib/resolver/endpoint_addresses.h,"(73, 8)-(73, 55)",b'bool operator<(const EndpointAddresses& other...'
core,../repos/grpc/src/core/lib/resolver/endpoint_addresses.h,"(101, 8)-(102, 60)",b'bool operator()(const grpc_resolved_address& ...'
core,../repos/grpc/src/core/lib/resolver/endpoint_addresses.h,"(111, 8)-(111, 57)",b'bool operator==(const EndpointAddressSet& oth...'
core,../repos/grpc/src/core/lib/resolver/endpoint_addresses.h,"(112, 8)-(112, 56)",b'bool operator<(const EndpointAddressSet& othe...'
core,../repos/grpc/src/core/lib/resolver/resolver.h,"(98, 13)-(98, 39)",b'& operator=(const Resolver&)'
core,../repos/grpc/src/core/lib/resolver/resolver_registry.h,"(74, 21)-(74, 55)",b'& operator=(const ResolverRegistry&)'
core,../repos/grpc/src/core/lib/resolver/resolver_registry.h,"(76, 21)-(76, 59)",b'& operator=(ResolverRegistry&&) noexcept'
core,../repos/grpc/src/core/ext/transport/chttp2/transport/flow_control.h,"(138, 8)-(138, 56)",b'bool operator==(const FlowControlAction& othe...'
core,../repos/grpc/src/core/ext/transport/chttp2/transport/flow_control.h,"(164, 15)-(164, 80)","b'& operator<<(std::ostream& out, FlowControlAc...'"
core,../repos/grpc/src/core/ext/transport/chttp2/transport/flow_control.h,"(165, 15)-(165, 77)","b'& operator<<(std::ostream& out, const FlowCon...'"
core,../repos/grpc/src/core/ext/transport/chttp2/transport/flow_control.h,"(202, 28)-(202, 67)",b'& operator=(const IncomingUpdateContext&)'
core,../repos/grpc/src/core/ext/transport/chttp2/transport/http2_settings.h,"(116, 8)-(116, 50)",b'bool operator==(const Http2Settings& rhs) con...'
core,../repos/grpc/src/core/ext/transport/chttp2/transport/http2_settings.h,"(128, 8)-(128, 50)",b'bool operator!=(const Http2Settings& rhs) con...'
core,../repos/grpc/src/core/ext/transport/chttp2/transport/flow_control.cc,"(71, 15)-(71, 74)","b'& operator<<(std::ostream& out, FlowControlAc...'"
core,../repos/grpc/src/core/ext/transport/chttp2/transport/flow_control.cc,"(98, 15)-(98, 77)","b'& operator<<(std::ostream& out, const FlowCon...'"
core,../repos/grpc/src/core/ext/transport/chttp2/transport/hpack_parser_table.h,"(47, 15)-(47, 43)",b'& operator=(const HPackTable&)'
core,../repos/grpc/src/core/ext/transport/chttp2/transport/ping_rate_policy.cc,"(104, 15)-(105, 79)","b'& operator<<(std::ostream& out,\n             ...'"
core,../repos/grpc/src/core/ext/transport/chttp2/transport/internal.h,"(301, 26)-(301, 63)",b'& operator=(const RemovedStreamHandle&)'
core,../repos/grpc/src/core/ext/transport/chttp2/transport/internal.h,"(303, 26)-(303, 58)",b'& operator=(RemovedStreamHandle&&)'
core,../repos/grpc/src/core/ext/transport/chttp2/transport/hpack_parser.h,"(93, 16)-(93, 45)",b'& operator=(const HPackParser&)'
core,../repos/grpc/src/core/ext/transport/chttp2/transport/hpack_parser.h,"(136, 13)-(136, 37)",b'& operator=(const String&)'
core,../repos/grpc/src/core/ext/transport/chttp2/transport/hpack_parser.h,"(140, 13)-(140, 47)",b'& operator=(String&& other) noexcept'
core,../repos/grpc/src/core/ext/transport/chttp2/transport/ping_rate_policy.h,"(39, 10)-(39, 46)",b'bool operator==(const SendGranted&) const { r...'
core,../repos/grpc/src/core/ext/transport/chttp2/transport/ping_rate_policy.h,"(42, 10)-(42, 53)",b'bool operator==(const TooManyRecentPings&) co...'
core,../repos/grpc/src/core/ext/transport/chttp2/transport/ping_rate_policy.h,"(48, 10)-(48, 48)",b'bool operator==(const TooSoon& other) const {...'
core,../repos/grpc/src/core/ext/transport/chttp2/transport/ping_rate_policy.h,"(83, 15)-(84, 79)","b'& operator<<(std::ostream& out,\n             ...'"
core,../repos/grpc/src/core/ext/transport/chttp2/transport/frame.h,"(60, 8)-(60, 53)",b'bool operator==(const Http2DataFrame& other) ...'
core,../repos/grpc/src/core/ext/transport/chttp2/transport/frame.h,"(73, 8)-(73, 55)",b'bool operator==(const Http2HeaderFrame& other...'
core,../repos/grpc/src/core/ext/transport/chttp2/transport/frame.h,"(86, 8)-(86, 61)",b'bool operator==(const Http2ContinuationFrame&...'
core,../repos/grpc/src/core/ext/transport/chttp2/transport/frame.h,"(97, 8)-(97, 58)",b'bool operator==(const Http2RstStreamFrame& ot...'
core,../repos/grpc/src/core/ext/transport/chttp2/transport/frame.h,"(110, 10)-(110, 48)",b'bool operator==(const Setting& other) const {...'
core,../repos/grpc/src/core/ext/transport/chttp2/transport/frame.h,"(117, 8)-(117, 57)",b'bool operator==(const Http2SettingsFrame& oth...'
core,../repos/grpc/src/core/ext/transport/chttp2/transport/frame.h,"(127, 8)-(127, 53)",b'bool operator==(const Http2PingFrame& other) ...'
core,../repos/grpc/src/core/ext/transport/chttp2/transport/frame.h,"(138, 8)-(138, 55)",b'bool operator==(const Http2GoawayFrame& other...'
core,../repos/grpc/src/core/ext/transport/chttp2/transport/frame.h,"(150, 8)-(150, 61)",b'bool operator==(const Http2WindowUpdateFrame&...'
core,../repos/grpc/src/core/ext/transport/chttp2/transport/frame.h,"(157, 8)-(157, 50)",b'bool operator==(const Http2UnknownFrame&) con...'
core,../repos/grpc/src/core/ext/transport/chttp2/transport/frame.h,"(189, 8)-(189, 55)",b'bool operator==(const Http2FrameHeader& other...'
core,../repos/grpc/src/core/ext/transport/chttp2/transport/chttp2_transport.cc,"(1695, 23)-(1695, 59)",b'& operator=(const PingClosureWrapper&)'
core,../repos/grpc/src/core/ext/transport/chttp2/transport/chttp2_transport.cc,"(1698, 23)-(1698, 69)",b'& operator=(PingClosureWrapper&& other) noexcept'
core,../repos/grpc/src/core/ext/transport/chttp2/transport/chttp2_transport.cc,"(1708, 8)-(1708, 20)",b'void operator()() {\n    grpc_core::ExecCtx::R...'
core,../repos/grpc/src/core/ext/transport/chttp2/transport/hpack_parse_result.h,"(308, 20)-(308, 51)",b'& operator=(const StatusWrapper&)'
core,../repos/grpc/src/core/ext/transport/chttp2/transport/hpack_parse_result.h,"(311, 20)-(311, 61)",b'& operator=(StatusWrapper&& other) noexcept'
core,../repos/grpc/src/core/ext/transport/chttp2/transport/frame.cc,"(118, 10)-(118, 43)",b'size_t operator()(const Http2DataFrame&) { re...'
core,../repos/grpc/src/core/ext/transport/chttp2/transport/frame.cc,"(119, 10)-(119, 45)",b'size_t operator()(const Http2HeaderFrame&) { ...'
core,../repos/grpc/src/core/ext/transport/chttp2/transport/frame.cc,"(120, 10)-(120, 51)",b'size_t operator()(const Http2ContinuationFram...'
core,../repos/grpc/src/core/ext/transport/chttp2/transport/frame.cc,"(121, 10)-(121, 48)",b'size_t operator()(const Http2RstStreamFrame&)...'
core,../repos/grpc/src/core/ext/transport/chttp2/transport/frame.cc,"(122, 10)-(122, 49)",b'size_t operator()(const Http2SettingsFrame& f...'
core,../repos/grpc/src/core/ext/transport/chttp2/transport/frame.cc,"(125, 10)-(125, 43)",b'size_t operator()(const Http2PingFrame&) { re...'
core,../repos/grpc/src/core/ext/transport/chttp2/transport/frame.cc,"(126, 10)-(126, 45)",b'size_t operator()(const Http2GoawayFrame&) { ...'
core,../repos/grpc/src/core/ext/transport/chttp2/transport/frame.cc,"(127, 10)-(127, 51)",b'size_t operator()(const Http2WindowUpdateFram...'
core,../repos/grpc/src/core/ext/transport/chttp2/transport/frame.cc,"(128, 10)-(128, 46)",b'size_t operator()(const Http2UnknownFrame&) {...'
core,../repos/grpc/src/core/ext/transport/chttp2/transport/frame.cc,"(137, 8)-(137, 41)",b'void operator()(Http2DataFrame& frame) {\n    ...'
core,../repos/grpc/src/core/ext/transport/chttp2/transport/frame.cc,"(147, 8)-(147, 43)",b'void operator()(Http2HeaderFrame& frame) {\n  ...'
core,../repos/grpc/src/core/ext/transport/chttp2/transport/frame.cc,"(159, 8)-(159, 49)",b'void operator()(Http2ContinuationFrame& frame...'
core,../repos/grpc/src/core/ext/transport/chttp2/transport/frame.cc,"(170, 8)-(170, 46)",b'void operator()(Http2RstStreamFrame& frame) {...'
core,../repos/grpc/src/core/ext/transport/chttp2/transport/frame.cc,"(178, 8)-(178, 45)",b'void operator()(Http2SettingsFrame& frame) {\n...'
core,../repos/grpc/src/core/ext/transport/chttp2/transport/frame.cc,"(195, 8)-(195, 41)",b'void operator()(Http2PingFrame& frame) {\n    ...'
core,../repos/grpc/src/core/ext/transport/chttp2/transport/frame.cc,"(203, 8)-(203, 43)",b'void operator()(Http2GoawayFrame& frame) {\n  ...'
core,../repos/grpc/src/core/ext/transport/chttp2/transport/frame.cc,"(216, 8)-(216, 49)",b'void operator()(Http2WindowUpdateFrame& frame...'
core,../repos/grpc/src/core/ext/transport/chttp2/transport/frame.cc,"(224, 8)-(224, 38)","b'void operator()(Http2UnknownFrame&) { Crash(""...'"
core,../repos/grpc/src/core/ext/transport/binder/utils/binder_auto_utils.h,"(40, 15)-(40, 49)",b'& operator=(const SpAIBinder& other)'
core,../repos/grpc/src/core/ext/transport/binder/utils/binder_auto_utils.h,"(61, 8)-(61, 47)",b'bool operator!=(const SpAIBinder& rhs) const ...'
core,../repos/grpc/src/core/ext/transport/binder/utils/binder_auto_utils.h,"(62, 8)-(62, 46)",b'bool operator<(const SpAIBinder& rhs) const {...'
core,../repos/grpc/src/core/ext/transport/binder/utils/binder_auto_utils.h,"(63, 8)-(63, 47)",b'bool operator<=(const SpAIBinder& rhs) const ...'
core,../repos/grpc/src/core/ext/transport/binder/utils/binder_auto_utils.h,"(64, 8)-(64, 47)",b'bool operator==(const SpAIBinder& rhs) const ...'
core,../repos/grpc/src/core/ext/transport/binder/utils/binder_auto_utils.h,"(65, 8)-(65, 46)",b'bool operator>(const SpAIBinder& rhs) const {...'
core,../repos/grpc/src/core/ext/transport/binder/utils/binder_auto_utils.h,"(66, 8)-(66, 47)",b'bool operator>=(const SpAIBinder& rhs) const ...'
core,../repos/grpc/src/core/ext/transport/binder/wire_format/transaction.h,"(91, 8)-(91, 37)",b'void operator=(const Transaction&) = delete;'
core,../repos/grpc/src/core/ext/transport/cronet/transport/cronet_transport.cc,"(756, 26)-(756, 65)",b'& operator=(const CronetMetadataEncoder&)'
core,../repos/grpc/src/core/ext/transport/chaotic_good/frame_header.h,"(55, 8)-(55, 46)",b'bool operator==(const FrameHeader& h) const {...'
core,../repos/grpc/src/core/ext/transport/chaotic_good/frame.h,"(82, 8)-(82, 46)",b'bool operator==(const SettingsFrame&) const {...'
core,../repos/grpc/src/core/ext/transport/chaotic_good/frame.h,"(100, 8)-(100, 54)",b'bool operator==(const FragmentMessage& other)...'
core,../repos/grpc/src/core/ext/transport/chaotic_good/frame.h,"(120, 8)-(120, 58)",b'bool operator==(const ClientFragmentFrame& ot...'
core,../repos/grpc/src/core/ext/transport/chaotic_good/frame.h,"(138, 8)-(138, 58)",b'bool operator==(const ServerFragmentFrame& ot...'
core,../repos/grpc/src/core/ext/transport/chaotic_good/frame.h,"(153, 8)-(153, 50)",b'bool operator==(const CancelFrame& other) con...'
core,../repos/grpc/src/core/ext/xds/xds_route_config.h,"(67, 12)-(67, 55)",b'bool operator==(const RetryBackOff& other) co...'
core,../repos/grpc/src/core/ext/xds/xds_route_config.h,"(75, 10)-(75, 52)",b'bool operator==(const RetryPolicy& other) con...'
core,../repos/grpc/src/core/ext/xds/xds_route_config.h,"(89, 12)-(89, 51)",b'bool operator==(const Matchers& other) const ...'
core,../repos/grpc/src/core/ext/xds/xds_route_config.h,"(100, 12)-(100, 62)",b'bool operator==(const UnknownAction& /* other...'
core,../repos/grpc/src/core/ext/xds/xds_route_config.h,"(114, 19)-(114, 49)",b'& operator=(const Header& other)'
core,../repos/grpc/src/core/ext/xds/xds_route_config.h,"(118, 19)-(118, 53)",b'& operator=(Header&& other) noexcept'
core,../repos/grpc/src/core/ext/xds/xds_route_config.h,"(120, 16)-(120, 53)",b'bool operator==(const Header& other) const;'
core,../repos/grpc/src/core/ext/xds/xds_route_config.h,"(125, 16)-(125, 50)",b'bool operator==(const ChannelId&) const { ret...'
core,../repos/grpc/src/core/ext/xds/xds_route_config.h,"(131, 14)-(131, 55)",b'bool operator==(const HashPolicy& other) cons...'
core,../repos/grpc/src/core/ext/xds/xds_route_config.h,"(140, 14)-(140, 56)",b'bool operator==(const ClusterName& other) con...'
core,../repos/grpc/src/core/ext/xds/xds_route_config.h,"(150, 14)-(150, 58)",b'bool operator==(const ClusterWeight& other) c...'
core,../repos/grpc/src/core/ext/xds/xds_route_config.h,"(160, 14)-(160, 71)",b'bool operator==(const ClusterSpecifierPluginN...'
core,../repos/grpc/src/core/ext/xds/xds_route_config.h,"(179, 12)-(179, 54)",b'bool operator==(const RouteAction& other) con...'
core,../repos/grpc/src/core/ext/xds/xds_route_config.h,"(188, 12)-(188, 68)",b'bool operator==(const NonForwardingAction& /*...'
core,../repos/grpc/src/core/ext/xds/xds_route_config.h,"(196, 10)-(196, 46)",b'bool operator==(const Route& other) const {\n ...'
core,../repos/grpc/src/core/ext/xds/xds_route_config.h,"(208, 10)-(208, 52)",b'bool operator==(const VirtualHost& other) con...'
core,../repos/grpc/src/core/ext/xds/xds_route_config.h,"(218, 8)-(218, 61)",b'bool operator==(const XdsRouteConfigResource&...'
core,../repos/grpc/src/core/ext/xds/xds_health_status.h,"(49, 8)-(49, 54)",b'bool operator==(const XdsHealthStatus& other)...'
core,../repos/grpc/src/core/ext/xds/xds_health_status.h,"(69, 8)-(69, 57)",b'bool operator==(const XdsHealthStatusSet& oth...'
core,../repos/grpc/src/core/ext/xds/xds_bootstrap.h,"(56, 17)-(56, 67)","b'bool operator==(const XdsServer& a, const Xds...'"
core,../repos/grpc/src/core/ext/xds/xds_bootstrap.h,"(59, 17)-(59, 67)","b'bool operator!=(const XdsServer& a, const Xds...'"
core,../repos/grpc/src/core/ext/xds/xds_common_types.h,"(48, 10)-(48, 74)",b'bool operator==(const CertificateProviderPlug...'
core,../repos/grpc/src/core/ext/xds/xds_common_types.h,"(61, 10)-(61, 69)",b'bool operator==(const CertificateValidationCo...'
core,../repos/grpc/src/core/ext/xds/xds_common_types.h,"(74, 8)-(74, 55)",b'bool operator==(const CommonTlsContext& other...'
core,../repos/grpc/src/core/ext/xds/xds_client.h,"(168, 10)-(168, 54)",b'bool operator<(const XdsResourceKey& other) c...'
core,../repos/grpc/src/core/ext/xds/xds_client_stats.h,"(51, 10)-(52, 54)","b'bool operator()(const XdsLocalityName* lhs,\n ...'"
core,../repos/grpc/src/core/ext/xds/xds_client_stats.h,"(57, 10)-(58, 69)",b'bool operator()(const RefCountedPtr<XdsLocali...'
core,../repos/grpc/src/core/ext/xds/xds_client_stats.h,"(68, 8)-(68, 54)",b'bool operator==(const XdsLocalityName& other)...'
core,../repos/grpc/src/core/ext/xds/xds_client_stats.h,"(73, 8)-(73, 54)",b'bool operator!=(const XdsLocalityName& other)...'
core,../repos/grpc/src/core/ext/xds/xds_client_stats.h,"(126, 15)-(126, 48)",b'& operator+=(const Snapshot& other)'
core,../repos/grpc/src/core/ext/xds/xds_client_stats.h,"(175, 20)-(175, 58)",b'& operator+=(const BackendMetric& other)'
core,../repos/grpc/src/core/ext/xds/xds_client_stats.h,"(194, 15)-(194, 48)",b'& operator+=(const Snapshot& other)'
core,../repos/grpc/src/core/ext/xds/xds_cluster.h,"(56, 10)-(56, 44)",b'bool operator==(const Eds& other) const {\n   ...'
core,../repos/grpc/src/core/ext/xds/xds_cluster.h,"(65, 10)-(65, 51)",b'bool operator==(const LogicalDns& other) cons...'
core,../repos/grpc/src/core/ext/xds/xds_cluster.h,"(74, 10)-(74, 50)",b'bool operator==(const Aggregate& other) const...'
core,../repos/grpc/src/core/ext/xds/xds_cluster.h,"(106, 8)-(106, 57)",b'bool operator==(const XdsClusterResource& oth...'
core,../repos/grpc/src/core/ext/xds/xds_http_filters.h,"(51, 10)-(51, 53)",b'bool operator==(const FilterConfig& other) co...'
core,../repos/grpc/src/core/ext/xds/xds_http_filters.h,"(156, 26)-(156, 65)",b'& operator=(const XdsHttpFilterRegistry&)'
core,../repos/grpc/src/core/ext/xds/xds_http_filters.h,"(162, 26)-(162, 75)",b'& operator=(XdsHttpFilterRegistry&& other) no...'
core,../repos/grpc/src/core/ext/xds/xds_cluster_specifier_plugin.h,"(70, 38)-(71, 48)",b'& operator=(\n      const XdsClusterSpecifierP...'
core,../repos/grpc/src/core/ext/xds/xds_cluster_specifier_plugin.h,"(77, 38)-(78, 58)",b'& operator=(\n      XdsClusterSpecifierPluginR...'
core,../repos/grpc/src/core/ext/xds/xds_listener.h,"(65, 12)-(65, 53)",b'bool operator==(const HttpFilter& other) cons...'
core,../repos/grpc/src/core/ext/xds/xds_listener.h,"(73, 10)-(73, 62)",b'bool operator==(const HttpConnectionManager& ...'
core,../repos/grpc/src/core/ext/xds/xds_listener.h,"(97, 10)-(97, 61)",b'bool operator==(const DownstreamTlsContext& o...'
core,../repos/grpc/src/core/ext/xds/xds_listener.h,"(112, 10)-(112, 56)",b'bool operator==(const FilterChainData& other)...'
core,../repos/grpc/src/core/ext/xds/xds_listener.h,"(137, 12)-(137, 67)",b'bool operator==(const FilterChainDataSharedPt...'
core,../repos/grpc/src/core/ext/xds/xds_listener.h,"(145, 12)-(145, 52)",b'bool operator==(const CidrRange& other) const...'
core,../repos/grpc/src/core/ext/xds/xds_listener.h,"(157, 12)-(157, 51)",b'bool operator==(const SourceIp& other) const ...'
core,../repos/grpc/src/core/ext/xds/xds_listener.h,"(171, 12)-(171, 56)",b'bool operator==(const DestinationIp& other) c...'
core,../repos/grpc/src/core/ext/xds/xds_listener.h,"(180, 10)-(180, 55)",b'bool operator==(const FilterChainMap& other) ...'
core,../repos/grpc/src/core/ext/xds/xds_listener.h,"(192, 10)-(192, 52)",b'bool operator==(const TcpListener& other) con...'
core,../repos/grpc/src/core/ext/xds/xds_listener.h,"(203, 8)-(203, 58)",b'bool operator==(const XdsListenerResource& ot...'
core,../repos/grpc/src/core/ext/xds/xds_endpoint.h,"(54, 12)-(54, 51)",b'bool operator==(const Locality& other) const ...'
core,../repos/grpc/src/core/ext/xds/xds_endpoint.h,"(58, 12)-(58, 51)",b'bool operator!=(const Locality& other) const ...'
core,../repos/grpc/src/core/ext/xds/xds_endpoint.h,"(64, 10)-(64, 49)",b'bool operator==(const Priority& other) const;'
core,../repos/grpc/src/core/ext/xds/xds_endpoint.h,"(65, 10)-(65, 49)",b'bool operator!=(const Priority& other) const ...'
core,../repos/grpc/src/core/ext/xds/xds_endpoint.h,"(77, 12)-(77, 55)",b'bool operator==(const DropCategory& other) co...'
core,../repos/grpc/src/core/ext/xds/xds_endpoint.h,"(104, 10)-(104, 51)",b'bool operator==(const DropConfig& other) cons...'
core,../repos/grpc/src/core/ext/xds/xds_endpoint.h,"(107, 10)-(107, 51)",b'bool operator!=(const DropConfig& other) cons...'
core,../repos/grpc/src/core/ext/xds/xds_endpoint.h,"(124, 8)-(124, 58)",b'bool operator==(const XdsEndpointResource& ot...'
core,../repos/grpc/src/core/ext/xds/xds_endpoint.cc,"(271, 8)-(272, 57)",b'bool operator()(const grpc_resolved_address& ...'
core,../repos/grpc/src/core/ext/filters/channel_idle/legacy_channel_idle_filter.h,"(48, 28)-(48, 69)",b'& operator=(const LegacyChannelIdleFilter&)'
core,../repos/grpc/src/core/ext/filters/channel_idle/legacy_channel_idle_filter.h,"(50, 28)-(50, 64)",b'& operator=(LegacyChannelIdleFilter&&)'
core,../repos/grpc/src/core/ext/filters/channel_idle/legacy_channel_idle_filter.h,"(79, 10)-(79, 59)",b'void operator()(LegacyChannelIdleFilter* filt...'
core,../repos/grpc/src/core/ext/filters/channel_idle/idle_filter_state.h,"(35, 20)-(35, 53)",b'& operator=(const IdleFilterState&)'
core,../repos/grpc/src/core/ext/filters/channel_idle/channel_idle_filter.h,"(48, 22)-(48, 57)",b'& operator=(const ChannelIdleFilter&)'
core,../repos/grpc/src/core/ext/filters/channel_idle/channel_idle_filter.h,"(50, 22)-(50, 52)",b'& operator=(ChannelIdleFilter&&)'
core,../repos/grpc/src/core/ext/filters/server_config_selector/server_config_selector_filter.cc,"(56, 31)-(56, 75)",b'& operator=(const ServerConfigSelectorFilter&)'
core,../repos/grpc/src/core/ext/filters/server_config_selector/server_config_selector_filter.cc,"(59, 31)-(59, 70)",b'& operator=(ServerConfigSelectorFilter&&)'
core,../repos/grpc/src/core/ext/filters/fault_injection/fault_injection_filter.cc,"(103, 16)-(103, 45)",b'& operator=(const FaultHandle&)'
core,../repos/grpc/src/core/ext/filters/fault_injection/fault_injection_filter.cc,"(106, 16)-(106, 55)",b'& operator=(FaultHandle&& other) noexcept'
core,../repos/grpc/src/core/ext/filters/logging/logging_sink.h,"(53, 10)-(53, 47)",b'bool operator==(const Config& other) const {\n...'
core,../repos/grpc/src/core/ext/filters/client_channel/client_channel.cc,"(873, 10)-(874, 75)",b'bool operator()(const std::unique_ptr<DataWat...'
core,../repos/grpc/src/core/ext/filters/client_channel/client_channel.cc,"(877, 10)-(878, 58)",b'bool operator()(const std::unique_ptr<DataWat...'
core,../repos/grpc/src/core/ext/filters/client_channel/client_channel.cc,"(881, 10)-(882, 75)",b'bool operator()(const DataWatcherInterface* p...'
core,../repos/grpc/src/core/ext/filters/client_channel/subchannel_pool_interface.h,"(47, 18)-(47, 55)",b'& operator=(const SubchannelKey& other)'
core,../repos/grpc/src/core/ext/filters/client_channel/subchannel_pool_interface.h,"(49, 18)-(49, 59)",b'& operator=(SubchannelKey&& other) noexcept'
core,../repos/grpc/src/core/ext/filters/client_channel/subchannel_pool_interface.h,"(51, 8)-(51, 51)",b'bool operator<(const SubchannelKey& other) const;'
core,../repos/grpc/src/core/ext/filters/client_channel/lb_policy/weighted_round_robin/weighted_round_robin.cc,"(95, 29)-(95, 71)",b'& operator=(const WeightedRoundRobinConfig&)'
core,../repos/grpc/src/core/ext/filters/client_channel/lb_policy/weighted_round_robin/weighted_round_robin.cc,"(98, 29)-(98, 66)",b'& operator=(WeightedRoundRobinConfig&&)'
core,../repos/grpc/src/core/ext/filters/client_channel/lb_policy/weighted_round_robin/weighted_round_robin.cc,"(690, 12)-(691, 59)",b'bool operator()(const ServerAddress& address1...'
core,../repos/grpc/src/core/ext/filters/client_channel/lb_policy/weighted_round_robin/weighted_round_robin.cc,"(1533, 12)-(1534, 64)",b'bool operator()(const EndpointAddresses& endp...'
core,../repos/grpc/src/core/ext/filters/client_channel/lb_policy/weighted_target/weighted_target.cc,"(100, 27)-(100, 67)",b'& operator=(const WeightedTargetLbConfig&)'
core,../repos/grpc/src/core/ext/filters/client_channel/lb_policy/weighted_target/weighted_target.cc,"(103, 27)-(103, 68)",b'& operator=(WeightedTargetLbConfig&& other)'
core,../repos/grpc/src/core/ext/filters/client_channel/lb_policy/outlier_detection/outlier_detection.h,"(47, 10)-(47, 60)",b'bool operator==(const SuccessRateEjection& ot...'
core,../repos/grpc/src/core/ext/filters/client_channel/lb_policy/outlier_detection/outlier_detection.h,"(65, 10)-(65, 66)",b'bool operator==(const FailurePercentageEjecti...'
core,../repos/grpc/src/core/ext/filters/client_channel/lb_policy/outlier_detection/outlier_detection.h,"(78, 8)-(78, 61)",b'bool operator==(const OutlierDetectionConfig&...'
core,../repos/grpc/src/core/ext/filters/client_channel/lb_policy/grpclb/load_balancer_api.h,"(50, 8)-(50, 51)",b'bool operator==(const GrpcLbServer& other) const;'
core,../repos/grpc/src/core/ext/filters/client_channel/lb_policy/grpclb/grpclb.cc,"(173, 17)-(173, 47)",b'& operator=(const GrpcLbConfig&)'
core,../repos/grpc/src/core/ext/filters/client_channel/lb_policy/grpclb/grpclb.cc,"(176, 17)-(176, 48)",b'& operator=(GrpcLbConfig&& other)'
core,../repos/grpc/src/core/ext/filters/client_channel/lb_policy/grpclb/grpclb.cc,"(380, 10)-(380, 51)",b'bool operator==(const Serverlist& other) const;'
core,../repos/grpc/src/core/ext/filters/client_channel/lb_policy/rls/rls.cc,"(163, 16)-(163, 45)",b'& operator=(const RlsLbConfig&)'
core,../repos/grpc/src/core/ext/filters/client_channel/lb_policy/rls/rls.cc,"(166, 16)-(166, 46)",b'& operator=(RlsLbConfig&& other)'
core,../repos/grpc/src/core/ext/filters/client_channel/lb_policy/rls/rls.cc,"(227, 10)-(227, 49)",b'bool operator==(const RequestKey& rhs) const ...'
core,../repos/grpc/src/core/ext/filters/client_channel/lb_policy/priority/priority.cc,"(100, 21)-(100, 55)",b'& operator=(const PriorityLbConfig&)'
core,../repos/grpc/src/core/ext/filters/client_channel/lb_policy/priority/priority.cc,"(103, 21)-(103, 56)",b'& operator=(PriorityLbConfig&& other)'
core,../repos/grpc/src/core/ext/filters/client_channel/lb_policy/xds/xds_override_host.h,"(39, 28)-(39, 69)",b'& operator=(const XdsOverrideHostLbConfig&)'
core,../repos/grpc/src/core/ext/filters/client_channel/lb_policy/xds/xds_override_host.h,"(42, 28)-(42, 70)",b'& operator=(XdsOverrideHostLbConfig&& other)'
core,../repos/grpc/src/core/ext/filters/client_channel/lb_policy/xds/xds_cluster_manager.cc,"(91, 30)-(91, 73)",b'& operator=(const XdsClusterManagerLbConfig&)'
core,../repos/grpc/src/core/ext/filters/client_channel/lb_policy/xds/xds_cluster_manager.cc,"(95, 30)-(95, 74)",b'& operator=(XdsClusterManagerLbConfig&& other)'
core,../repos/grpc/src/core/ext/filters/client_channel/lb_policy/xds/xds_wrr_locality.cc,"(69, 27)-(69, 67)",b'& operator=(const XdsWrrLocalityLbConfig&)'
core,../repos/grpc/src/core/ext/filters/client_channel/lb_policy/xds/xds_wrr_locality.cc,"(72, 27)-(72, 68)",b'& operator=(XdsWrrLocalityLbConfig&& other)'
core,../repos/grpc/src/core/ext/filters/client_channel/lb_policy/xds/xds_override_host.cc,"(97, 8)-(98, 58)",b'bool operator()(const std::unique_ptr<Value>&...'
core,../repos/grpc/src/core/ext/filters/client_channel/lb_policy/xds/xds_override_host.cc,"(101, 8)-(101, 58)","b'bool operator()(const Value* v1, const Value*...'"
core,../repos/grpc/src/core/ext/filters/client_channel/lb_policy/xds/xds_override_host.cc,"(102, 8)-(102, 75)","b'bool operator()(const Value* v1, const std::u...'"
core,../repos/grpc/src/core/ext/filters/client_channel/lb_policy/xds/xds_override_host.cc,"(105, 8)-(105, 75)",b'bool operator()(const std::unique_ptr<Value>&...'
core,../repos/grpc/src/core/ext/filters/client_channel/lb_policy/xds/cds.cc,"(93, 16)-(93, 45)",b'& operator=(const CdsLbConfig&)'
core,../repos/grpc/src/core/ext/filters/client_channel/lb_policy/xds/cds.cc,"(96, 16)-(96, 46)",b'& operator=(CdsLbConfig&& other)'
core,../repos/grpc/src/core/ext/filters/client_channel/lb_policy/xds/xds_cluster_impl.cc,"(159, 27)-(159, 67)",b'& operator=(const XdsClusterImplLbConfig&)'
core,../repos/grpc/src/core/ext/filters/client_channel/lb_policy/xds/xds_cluster_impl.cc,"(162, 27)-(162, 68)",b'& operator=(XdsClusterImplLbConfig&& other)'
core,../repos/grpc/src/core/ext/filters/client_channel/resolver/dns/c_ares/grpc_ares_ev_driver_windows.cc,"(85, 20)-(85, 53)",b'& operator=(const WSAErrorContext&)'
core,../repos/grpc/src/core/ext/filters/client_channel/resolver/xds/xds_dependency_manager.h,"(63, 14)-(63, 59)",b'bool operator==(const EndpointConfig& other) ...'
core,../repos/grpc/src/core/ext/filters/client_channel/resolver/xds/xds_dependency_manager.h,"(74, 14)-(74, 60)",b'bool operator==(const AggregateConfig& other)...'
core,../repos/grpc/src/core/ext/filters/client_channel/resolver/xds/xds_dependency_manager.h,"(88, 12)-(88, 56)",b'bool operator==(const ClusterConfig& other) c...'
core,../repos/grpc/src/core/ext/filters/client_channel/resolver/xds/xds_resolver.cc,"(207, 14)-(207, 63)",b'bool operator==(const ClusterWeightState& oth...'
core,../repos/grpc/src/core/ext/filters/client_channel/resolver/xds/xds_resolver.cc,"(220, 12)-(220, 53)",b'bool operator==(const RouteEntry& other) cons...'
core,../repos/grpc/src/core/ext/filters/client_channel/resolver/xds/xds_resolver.cc,"(231, 10)-(231, 56)",b'bool operator==(const RouteConfigData& other)...'
core,../repos/grpc/src/core/ext/filters/rbac/rbac_service_config_parser.cc,"(119, 29)-(119, 61)",b'& operator=(const PermissionList&)'
core,../repos/grpc/src/core/ext/filters/rbac/rbac_service_config_parser.cc,"(121, 29)-(121, 56)",b'& operator=(PermissionList&&)'
core,../repos/grpc/src/core/ext/filters/rbac/rbac_service_config_parser.cc,"(130, 23)-(130, 51)",b'& operator=(const Permission&)'
core,../repos/grpc/src/core/ext/filters/rbac/rbac_service_config_parser.cc,"(132, 23)-(132, 46)",b'& operator=(Permission&&)'
core,../repos/grpc/src/core/ext/filters/rbac/rbac_service_config_parser.cc,"(149, 28)-(149, 59)",b'& operator=(const PrincipalList&)'
core,../repos/grpc/src/core/ext/filters/rbac/rbac_service_config_parser.cc,"(151, 28)-(151, 54)",b'& operator=(PrincipalList&&)'
core,../repos/grpc/src/core/ext/filters/rbac/rbac_service_config_parser.cc,"(166, 22)-(166, 49)",b'& operator=(const Principal&)'
core,../repos/grpc/src/core/ext/filters/rbac/rbac_service_config_parser.cc,"(168, 22)-(168, 44)",b'& operator=(Principal&&)'
core,../repos/grpc/src/core/ext/filters/rbac/rbac_service_config_parser.cc,"(182, 17)-(182, 41)",b'& operator=(const Policy&)'
core,../repos/grpc/src/core/ext/filters/rbac/rbac_service_config_parser.cc,"(184, 17)-(184, 36)",b'& operator=(Policy&&)'
core,../repos/grpc/src/core/ext/filters/rbac/rbac_service_config_parser.cc,"(197, 22)-(197, 51)",b'& operator=(const AuditLogger&)'
core,../repos/grpc/src/core/ext/filters/rbac/rbac_service_config_parser.cc,"(199, 22)-(199, 46)",b'& operator=(AuditLogger&&)'
core,../repos/grpc/src/core/ext/filters/rbac/rbac_service_config_parser.cc,"(214, 14)-(214, 37)",b'& operator=(const Rules&)'
core,../repos/grpc/src/core/ext/filters/rbac/rbac_service_config_parser.cc,"(216, 14)-(216, 32)",b'& operator=(Rules&&)'
core,../repos/grpc/src/core/tsi/ssl/session_cache/ssl_session_cache.cc,"(42, 9)-(42, 31)",b'& operator=(const Node&)'
core,../repos/grpc/src/core/tsi/ssl/session_cache/ssl_session.h,"(43, 8)-(43, 40)",b'void operator()(SSL_SESSION* session) { SSL_S...'
core,../repos/grpc/src/core/tsi/ssl/session_cache/ssl_session.h,"(55, 21)-(55, 55)",b'& operator=(const SslCachedSession&)'
core,../repos/grpc/src/core/tsi/ssl/session_cache/ssl_session_cache.h,"(65, 23)-(65, 59)",b'& operator=(const SslSessionLRUCache&)'
core,../repos/grpc/src/core/tsi/ssl/key_logging/ssl_key_logging.h,"(57, 26)-(57, 63)",b'& operator=(const TlsSessionKeyLogger&)'
