Repo name,File name,Location,Content
core,../repos/grpc/src/core/lib/debug/trace.h,"(76, 3)-(76, 65)",b'friend void testing::grpc_tracer_enable_flag(...'
core,../repos/grpc/src/core/lib/debug/trace.h,"(77, 3)-(77, 30)",b'friend class TraceFlagList;'
core,../repos/grpc/src/core/lib/debug/stats_data.h,"(38, 3)-(39, 74)",b'friend Histogram_100000_20 operator-(const Hi...'
core,../repos/grpc/src/core/lib/debug/stats_data.h,"(42, 3)-(42, 45)",b'friend class HistogramCollector_100000_20;'
core,../repos/grpc/src/core/lib/debug/stats_data.h,"(61, 3)-(62, 72)",b'friend Histogram_65536_26 operator-(const His...'
core,../repos/grpc/src/core/lib/debug/stats_data.h,"(65, 3)-(65, 44)",b'friend class HistogramCollector_65536_26;'
core,../repos/grpc/src/core/lib/debug/stats_data.h,"(84, 3)-(85, 78)",b'friend Histogram_16777216_20 operator-(const ...'
core,../repos/grpc/src/core/lib/debug/stats_data.h,"(88, 3)-(88, 47)",b'friend class HistogramCollector_16777216_20;'
core,../repos/grpc/src/core/lib/debug/stats_data.h,"(107, 3)-(108, 66)",b'friend Histogram_80_10 operator-(const Histog...'
core,../repos/grpc/src/core/lib/debug/stats_data.h,"(111, 3)-(111, 41)",b'friend class HistogramCollector_80_10;'
core,../repos/grpc/src/core/lib/debug/stats_data.h,"(130, 3)-(131, 72)",b'friend Histogram_10000_20 operator-(const His...'
core,../repos/grpc/src/core/lib/debug/stats_data.h,"(134, 3)-(134, 44)",b'friend class HistogramCollector_10000_20;'
core,../repos/grpc/src/core/lib/resource_quota/memory_quota.h,"(152, 5)-(152, 33)",b'friend class ReclaimerQueue;'
core,../repos/grpc/src/core/lib/resource_quota/memory_quota.h,"(335, 3)-(335, 33)",b'friend class ReclamationSweep;'
core,../repos/grpc/src/core/lib/resource_quota/memory_quota.h,"(578, 3)-(578, 28)",b'friend class MemoryOwner;'
core,../repos/grpc/src/core/lib/gprpp/ref_counted_string.h,"(62, 3)-(62, 30)",b'friend class RefCountedPtr;'
core,../repos/grpc/src/core/lib/gprpp/orphanable.h,"(82, 3)-(82, 30)",b'friend class RefCountedPtr;'
core,../repos/grpc/src/core/lib/gprpp/chunked_vector.h,"(152, 5)-(152, 32)",b'friend class ChunkedVector;'
core,../repos/grpc/src/core/lib/gprpp/dual_ref_counted.h,"(263, 3)-(263, 30)",b'friend class RefCountedPtr;'
core,../repos/grpc/src/core/lib/gprpp/dual_ref_counted.h,"(266, 3)-(266, 34)",b'friend class WeakRefCountedPtr;'
core,../repos/grpc/src/core/lib/gprpp/ref_counted_ptr.h,"(195, 3)-(195, 30)",b'friend class RefCountedPtr;'
core,../repos/grpc/src/core/lib/gprpp/ref_counted_ptr.h,"(363, 3)-(363, 34)",b'friend class WeakRefCountedPtr;'
core,../repos/grpc/src/core/lib/gprpp/ref_counted.h,"(377, 3)-(377, 30)",b'friend class RefCountedPtr;'
core,../repos/grpc/src/core/lib/event_engine/windows/win_socket.h,"(70, 5)-(70, 28)",b'friend class WinSocket;'
core,../repos/grpc/src/core/lib/event_engine/windows/grpc_polled_fd_windows.h,"(57, 3)-(57, 32)",b'friend class CustomSockFuncs;'
core,../repos/grpc/src/core/lib/event_engine/posix_engine/ev_poll_posix.h,"(70, 3)-(70, 32)",b'friend class PollEventHandle;'
core,../repos/grpc/src/core/lib/event_engine/posix_engine/posix_engine_listener.h,"(175, 3)-(175, 39)",b'friend class ListenerAsyncAcceptors;'
core,../repos/grpc/src/core/lib/event_engine/posix_engine/posix_engine_listener.h,"(176, 3)-(176, 40)",b'friend class AsyncConnectionAcceptor;'
core,../repos/grpc/src/core/lib/event_engine/posix_engine/traced_buffer_list.h,"(148, 5)-(148, 35)",b'friend class TracedBufferList;'
core,../repos/grpc/src/core/lib/event_engine/posix_engine/ev_epoll1_linux.h,"(103, 3)-(103, 34)",b'friend class Epoll1EventHandle;'
core,../repos/grpc/src/core/lib/event_engine/posix_engine/posix_engine.h,"(80, 3)-(80, 33)",b'friend class PosixEventEngine;'
core,../repos/grpc/src/core/lib/event_engine/posix_engine/posix_engine.h,"(229, 3)-(229, 29)",b'friend class AsyncConnect;'
core,../repos/grpc/src/core/lib/channel/channelz.h,"(111, 3)-(111, 33)",b'friend class ChannelzRegistry;'
core,../repos/grpc/src/core/lib/channel/channelz.h,"(134, 3)-(134, 48)",b'friend class testing::CallCountingHelperPeer;'
core,../repos/grpc/src/core/lib/channel/channelz.h,"(153, 3)-(153, 48)",b'friend class testing::CallCountingHelperPeer;'
core,../repos/grpc/src/core/lib/channel/channelz.h,"(229, 3)-(229, 41)",b'friend class testing::ChannelNodePeer;'
core,../repos/grpc/src/core/lib/channel/promise_based_filter.h,"(92, 5)-(92, 32)",b'friend class ChannelFilter;'
core,../repos/grpc/src/core/lib/channel/channel_trace.h,"(87, 3)-(87, 52)",b'friend size_t testing::GetSizeofTraceEvent(void);'
core,../repos/grpc/src/core/lib/channel/channel_args.h,"(302, 5)-(305, 6)","b'friend int QsortCompare(const Pointer& a, con...'"
core,../repos/grpc/src/core/lib/config/core_configuration.h,"(84, 5)-(84, 36)",b'friend class CoreConfiguration;'
core,../repos/grpc/src/core/lib/iomgr/resolve_address.h,"(52, 5)-(53, 57)",b'friend bool operator==(const LookupTaskHandle...'
core,../repos/grpc/src/core/lib/iomgr/resolve_address.h,"(54, 5)-(55, 57)",b'friend bool operator!=(const LookupTaskHandle...'
core,../repos/grpc/src/core/lib/iomgr/buffer_list.h,"(148, 5)-(148, 35)",b'friend class TracedBufferList;'
core,../repos/grpc/src/core/lib/promise/mpsc.h,"(152, 3)-(152, 32)",b'friend class MpscReceiver<T>;'
core,../repos/grpc/src/core/lib/promise/status_flag.h,"(32, 3)-(34, 4)","b'friend void AbslStringify(Sink& sink, Failure...'"
core,../repos/grpc/src/core/lib/promise/status_flag.h,"(38, 3)-(40, 4)","b'friend void AbslStringify(Sink& sink, Success...'"
core,../repos/grpc/src/core/lib/promise/status_flag.h,"(83, 3)-(89, 4)","b'friend void AbslStringify(Sink& sink, StatusF...'"
core,../repos/grpc/src/core/lib/promise/promise_mutex.h,"(65, 5)-(65, 31)",b'friend class PromiseMutex;'
core,../repos/grpc/src/core/lib/promise/activity.h,"(106, 3)-(109, 4)","b'friend H AbslHashValue(H h, const Waker& w) {...'"
core,../repos/grpc/src/core/lib/promise/wait_set.h,"(60, 5)-(60, 26)",b'friend class WaitSet;'
core,../repos/grpc/src/core/lib/promise/pipe.h,"(518, 3)-(518, 25)",b'friend struct Pipe<T>;'
core,../repos/grpc/src/core/lib/promise/pipe.h,"(547, 3)-(547, 32)",b'friend class PipeReceiver<T>;'
core,../repos/grpc/src/core/lib/promise/pipe.h,"(638, 3)-(638, 25)",b'friend struct Pipe<T>;'
core,../repos/grpc/src/core/lib/promise/pipe.h,"(684, 3)-(684, 30)",b'friend class PipeSender<T>;'
core,../repos/grpc/src/core/lib/transport/call_filters.h,"(942, 5)-(942, 30)",b'friend class CallFilters;'
core,../repos/grpc/src/core/lib/transport/call_filters.h,"(943, 5)-(943, 31)",b'friend class StackBuilder;'
core,../repos/grpc/src/core/lib/transport/transport.h,"(303, 3)-(303, 22)",b'friend class Arena;'
core,../repos/grpc/src/core/lib/transport/metadata_batch.h,"(1424, 3)-(1424, 55)",b'friend class metadata_detail::AppendHelper<De...'
core,../repos/grpc/src/core/lib/transport/metadata_batch.h,"(1425, 3)-(1425, 63)",b'friend class metadata_detail::GetStringValueH...'
core,../repos/grpc/src/core/lib/transport/metadata_batch.h,"(1426, 3)-(1426, 55)",b'friend class metadata_detail::RemoveHelper<De...'
core,../repos/grpc/src/core/lib/transport/metadata_batch.h,"(1427, 3)-(1427, 51)",b'friend class metadata_detail::CopySink<Derived>;'
core,../repos/grpc/src/core/lib/transport/metadata_batch.h,"(1428, 3)-(1428, 40)",b'friend class ParsedMetadata<Derived>;'
core,../repos/grpc/src/core/lib/avl/avl.h,"(64, 3)-(82, 4)","b'friend int QsortCompare(const AVL& left, cons...'"
core,../repos/grpc/src/core/lib/surface/call.h,"(148, 3)-(148, 33)",b'friend class PromiseBasedCall;'
core,../repos/grpc/src/core/lib/surface/channel_init.h,"(151, 5)-(151, 30)",b'friend class ChannelInit;'
core,../repos/grpc/src/core/ext/transport/chttp2/transport/hpack_encoder.h,"(371, 3)-(371, 46)",b'friend class hpack_encoder_detail::Encoder;'
core,../repos/grpc/src/core/ext/transport/chttp2/server/chttp2_server.cc,"(223, 3)-(223, 52)",b'friend class RefCountedPtr<Chttp2ServerListener>;'
core,../repos/grpc/src/core/ext/transport/binder/wire_format/binder_android.h,"(55, 3)-(55, 30)",b'friend class BinderAndroid;'
core,../repos/grpc/src/core/ext/transport/binder/wire_format/binder_android.h,"(76, 3)-(76, 30)",b'friend class BinderAndroid;'
core,../repos/grpc/src/core/ext/xds/xds_bootstrap.h,"(56, 5)-(58, 6)","b'friend bool operator==(const XdsServer& a, co...'"
core,../repos/grpc/src/core/ext/xds/xds_bootstrap.h,"(59, 5)-(61, 6)","b'friend bool operator!=(const XdsServer& a, co...'"
core,../repos/grpc/src/core/ext/filters/client_channel/dynamic_filters.h,"(82, 5)-(82, 32)",b'friend class RefCountedPtr;'
core,../repos/grpc/src/core/ext/filters/client_channel/subchannel.h,"(136, 3)-(136, 30)",b'friend class RefCountedPtr;'
core,../repos/grpc/src/core/ext/filters/client_channel/lb_policy/subchannel_list.h,"(128, 3)-(128, 71)",b'friend class SubchannelList<SubchannelListTyp...'
core,../repos/grpc/src/core/ext/filters/client_channel/lb_policy/subchannel_list.h,"(220, 3)-(220, 71)",b'friend class SubchannelData<SubchannelListTyp...'
core,../repos/grpc/src/core/ext/filters/client_channel/lb_policy/rls/rls.cc,"(232, 5)-(239, 6)","b'friend H AbslHashValue(H h, const RequestKey&...'"
core,../repos/grpc/src/core/ext/filters/client_channel/resolver/fake/fake_resolver.cc,"(54, 3)-(54, 46)",b'friend class FakeResolverResponseGenerator;'
core,../repos/grpc/src/core/ext/filters/client_channel/resolver/fake/fake_resolver.h,"(101, 3)-(101, 29)",b'friend class FakeResolver;'
core,../repos/grpc/src/core/tsi/ssl/session_cache/ssl_session_cache.cc,"(55, 3)-(55, 35)",b'friend class SslSessionLRUCache;'
