Repo name,File name,Location,Content
core,../repos/grpc/src/core/lib/resource_quota/memory_quota.h,"(58, 1)-(58, 54)",b'using grpc_event_engine::experimental::Memory...'
core,../repos/grpc/src/core/lib/resource_quota/memory_quota.h,"(64, 1)-(64, 56)",b'using grpc_event_engine::experimental::Memory...'
core,../repos/grpc/src/core/lib/resource_quota/memory_quota.h,"(153, 5)-(153, 45)",b'using InternallyRefCounted<Handle>::Ref;'
core,../repos/grpc/src/core/lib/gprpp/overload.h,"(34, 3)-(34, 26)",b'using Case::operator();'
core,../repos/grpc/src/core/lib/gprpp/overload.h,"(35, 3)-(35, 44)",b'using OverloadType<Cases...>::operator();'
core,../repos/grpc/src/core/lib/gprpp/overload.h,"(41, 3)-(41, 26)",b'using Case::operator();'
core,../repos/grpc/src/core/lib/event_engine/posix_engine/ev_epoll1_linux.cc,"(589, 1)-(589, 54)",b'using ::grpc_event_engine::experimental::Even...'
core,../repos/grpc/src/core/lib/event_engine/posix_engine/ev_epoll1_linux.cc,"(590, 1)-(590, 49)",b'using ::grpc_event_engine::experimental::Poller;'
core,../repos/grpc/src/core/lib/event_engine/posix_engine/posix_engine.cc,"(81, 1)-(81, 38)",b'using namespace std::chrono_literals;'
core,../repos/grpc/src/core/lib/channel/channel_stack.cc,"(36, 1)-(36, 52)",b'using grpc_event_engine::experimental::EventE...'
core,../repos/grpc/src/core/lib/channel/channel_stack_builder_impl.h,"(35, 3)-(35, 50)",b'using ChannelStackBuilder::ChannelStackBuilder;'
core,../repos/grpc/src/core/lib/channel/promise_based_filter.h,"(1797, 3)-(1797, 40)",b'using ClientCallData::ClientCallData;'
core,../repos/grpc/src/core/lib/channel/promise_based_filter.h,"(1804, 3)-(1804, 40)",b'using ServerCallData::ServerCallData;'
core,../repos/grpc/src/core/lib/iomgr/socket_utils_posix.cc,"(44, 1)-(44, 57)",b'using ::grpc_event_engine::experimental::Endp...'
core,../repos/grpc/src/core/lib/iomgr/socket_utils_posix.cc,"(46, 1)-(46, 36)",b'using ::grpc_core::PosixTcpOptions;'
core,../repos/grpc/src/core/lib/iomgr/tcp_client_posix.cc,"(59, 1)-(59, 57)",b'using ::grpc_event_engine::experimental::Endp...'
core,../repos/grpc/src/core/lib/iomgr/tcp_client_windows.cc,"(47, 1)-(47, 57)",b'using ::grpc_event_engine::experimental::Endp...'
core,../repos/grpc/src/core/lib/iomgr/tcp_server_windows.cc,"(66, 1)-(66, 64)",b'using ::grpc_event_engine::experimental::Crea...'
core,../repos/grpc/src/core/lib/iomgr/tcp_server_windows.cc,"(67, 1)-(67, 57)",b'using ::grpc_event_engine::experimental::Endp...'
core,../repos/grpc/src/core/lib/iomgr/tcp_server_windows.cc,"(68, 1)-(68, 54)",b'using ::grpc_event_engine::experimental::Even...'
core,../repos/grpc/src/core/lib/iomgr/tcp_server_windows.cc,"(69, 1)-(69, 76)",b'using ::grpc_event_engine::experimental::grpc...'
core,../repos/grpc/src/core/lib/iomgr/tcp_server_windows.cc,"(70, 1)-(70, 58)",b'using ::grpc_event_engine::experimental::Memo...'
core,../repos/grpc/src/core/lib/iomgr/tcp_server_windows.cc,"(71, 1)-(71, 81)",b'using ::grpc_event_engine::experimental::Memo...'
core,../repos/grpc/src/core/lib/iomgr/tcp_server_windows.cc,"(72, 1)-(72, 65)",b'using ::grpc_event_engine::experimental::Reso...'
core,../repos/grpc/src/core/lib/iomgr/tcp_server_windows.cc,"(73, 1)-(73, 64)",b'using ::grpc_event_engine::experimental::RunE...'
core,../repos/grpc/src/core/lib/iomgr/tcp_server_windows.cc,"(74, 1)-(74, 61)",b'using ::grpc_event_engine::experimental::Wind...'
core,../repos/grpc/src/core/lib/iomgr/tcp_server_windows.cc,"(75, 1)-(75, 69)",b'using ::grpc_event_engine::experimental::Wind...'
core,../repos/grpc/src/core/lib/iomgr/tcp_posix.cc,"(473, 1)-(473, 37)",b'using grpc_core::TcpZerocopySendCtx;'
core,../repos/grpc/src/core/lib/iomgr/tcp_posix.cc,"(474, 1)-(474, 40)",b'using grpc_core::TcpZerocopySendRecord;'
core,../repos/grpc/src/core/lib/iomgr/tcp_server_posix.cc,"(87, 1)-(87, 57)",b'using ::grpc_event_engine::experimental::Endp...'
core,../repos/grpc/src/core/lib/iomgr/tcp_server_posix.cc,"(88, 1)-(88, 54)",b'using ::grpc_event_engine::experimental::Even...'
core,../repos/grpc/src/core/lib/iomgr/tcp_server_posix.cc,"(89, 1)-(89, 58)",b'using ::grpc_event_engine::experimental::Memo...'
core,../repos/grpc/src/core/lib/iomgr/tcp_server_posix.cc,"(90, 1)-(90, 81)",b'using ::grpc_event_engine::experimental::Memo...'
core,../repos/grpc/src/core/lib/iomgr/tcp_server_posix.cc,"(91, 1)-(91, 72)",b'using ::grpc_event_engine::experimental::Posi...'
core,../repos/grpc/src/core/lib/iomgr/tcp_server_posix.cc,"(92, 1)-(92, 54)",b'using ::grpc_event_engine::experimental::Slic...'
core,../repos/grpc/src/core/lib/promise/context.h,"(78, 3)-(78, 51)",b'using ThreadLocalContext<T>::ThreadLocalContext;'
core,../repos/grpc/src/core/lib/promise/context.h,"(85, 3)-(85, 61)",b'using Context<typename ContextSubclass<T>::Ba...'
core,../repos/grpc/src/core/lib/promise/sleep.cc,"(32, 1)-(32, 54)",b'using ::grpc_event_engine::experimental::Even...'
core,../repos/grpc/src/core/lib/promise/activity.h,"(480, 3)-(480, 63)",b'using typename ActivityContexts<Contexts...>:...'
core,../repos/grpc/src/core/lib/transport/batch_builder.h,"(146, 5)-(146, 48)",b'using PendingCompletion::PendingCompletion;'
core,../repos/grpc/src/core/lib/transport/batch_builder.h,"(162, 5)-(162, 48)",b'using PendingCompletion::PendingCompletion;'
core,../repos/grpc/src/core/lib/transport/batch_builder.h,"(173, 5)-(173, 58)",b'using PendingReceiveMetadata::PendingReceiveM...'
core,../repos/grpc/src/core/lib/transport/batch_builder.h,"(180, 5)-(180, 58)",b'using PendingReceiveMetadata::PendingReceiveM...'
core,../repos/grpc/src/core/lib/transport/batch_builder.h,"(188, 5)-(188, 48)",b'using PendingCompletion::PendingCompletion;'
core,../repos/grpc/src/core/lib/transport/metadata_batch.h,"(1519, 3)-(1519, 60)",b'using grpc_metadata_batch_base::grpc_metadata...'
core,../repos/grpc/src/core/lib/transport/handshaker.cc,"(50, 1)-(50, 54)",b'using ::grpc_event_engine::experimental::Even...'
core,../repos/grpc/src/core/lib/surface/call.cc,"(1998, 3)-(1998, 21)",b'using Call::arena;'
core,../repos/grpc/src/core/lib/surface/call.cc,"(2218, 3)-(2218, 21)",b'using Call::arena;'
core,../repos/grpc/src/core/lib/slice/slice.h,"(308, 3)-(308, 46)",b'using slice_detail::BaseSlice::c_slice_ptr;'
core,../repos/grpc/src/core/lib/security/credentials/oauth2/oauth2_credentials.cc,"(66, 1)-(66, 23)",b'using grpc_core::Json;'
core,../repos/grpc/src/core/lib/security/credentials/google_default/google_default_credentials.cc,"(74, 1)-(74, 23)",b'using grpc_core::Json;'
core,../repos/grpc/src/core/lib/security/credentials/jwt/jwt_credentials.cc,"(50, 1)-(50, 23)",b'using grpc_core::Json;'
core,../repos/grpc/src/core/lib/security/credentials/jwt/json_token.cc,"(49, 1)-(49, 23)",b'using grpc_core::Json;'
core,../repos/grpc/src/core/lib/security/credentials/jwt/jwt_verifier.cc,"(75, 1)-(75, 23)",b'using grpc_core::Json;'
core,../repos/grpc/src/core/lib/security/authorization/rbac_translator.cc,"(50, 1)-(50, 41)",b'using experimental::AuditLoggerRegistry;'
core,../repos/grpc/src/core/lib/security/authorization/grpc_authorization_engine.cc,"(30, 1)-(30, 34)",b'using experimental::AuditContext;'
core,../repos/grpc/src/core/lib/security/authorization/grpc_authorization_engine.cc,"(31, 1)-(31, 41)",b'using experimental::AuditLoggerRegistry;'
core,../repos/grpc/src/core/lib/security/authorization/grpc_authorization_engine.h,"(35, 1)-(35, 33)",b'using experimental::AuditLogger;'
core,../repos/grpc/src/core/ext/transport/chttp2/client/chttp2_connector.cc,"(86, 1)-(86, 54)",b'using ::grpc_event_engine::experimental::Even...'
core,../repos/grpc/src/core/ext/transport/chttp2/transport/parsing.cc,"(79, 1)-(79, 30)",b'using grpc_core::HPackParser;'
core,../repos/grpc/src/core/ext/transport/chttp2/server/chttp2_server.cc,"(97, 1)-(97, 54)",b'using ::grpc_event_engine::experimental::Even...'
core,../repos/grpc/src/core/ext/transport/chttp2/server/chttp2_server.cc,"(164, 7)-(164, 57)",b'using InternallyRefCounted<HandshakingState>::Ref;'
core,../repos/grpc/src/core/ext/transport/chttp2/server/chttp2_server.cc,"(198, 5)-(198, 55)",b'using InternallyRefCounted<ActiveConnection>::Ref;'
core,../repos/grpc/src/core/ext/xds/xds_client.cc,"(61, 1)-(61, 54)",b'using ::grpc_event_engine::experimental::Even...'
core,../repos/grpc/src/core/ext/xds/xds_audit_logger_registry.cc,"(40, 1)-(40, 41)",b'using experimental::AuditLoggerRegistry;'
core,../repos/grpc/src/core/ext/filters/channel_idle/legacy_channel_idle_filter.h,"(101, 3)-(101, 58)",b'using LegacyChannelIdleFilter::LegacyChannelI...'
core,../repos/grpc/src/core/ext/filters/channel_idle/channel_idle_filter.h,"(109, 3)-(109, 46)",b'using ChannelIdleFilter::ChannelIdleFilter;'
core,../repos/grpc/src/core/ext/filters/client_channel/subchannel.cc,"(88, 1)-(88, 54)",b'using ::grpc_event_engine::experimental::Even...'
core,../repos/grpc/src/core/ext/filters/client_channel/retry_filter.cc,"(87, 1)-(87, 46)",b'using grpc_core::internal::RetryGlobalConfig;'
core,../repos/grpc/src/core/ext/filters/client_channel/retry_filter.cc,"(88, 1)-(88, 46)",b'using grpc_core::internal::RetryMethodConfig;'
core,../repos/grpc/src/core/ext/filters/client_channel/retry_filter.cc,"(89, 1)-(89, 53)",b'using grpc_core::internal::RetryServiceConfig...'
core,../repos/grpc/src/core/ext/filters/client_channel/retry_filter.cc,"(90, 1)-(90, 52)",b'using grpc_event_engine::experimental::EventE...'
core,../repos/grpc/src/core/ext/filters/client_channel/client_channel.cc,"(116, 1)-(116, 49)",b'using internal::ClientChannelMethodParsedConfig;'
core,../repos/grpc/src/core/ext/filters/client_channel/client_channel.h,"(510, 3)-(510, 33)",b'using LoadBalancedCall::chand;'
core,../repos/grpc/src/core/ext/filters/client_channel/client_channel.h,"(511, 3)-(511, 34)",b'using LoadBalancedCall::Commit;'
core,../repos/grpc/src/core/ext/filters/client_channel/subchannel_stream_client.cc,"(46, 1)-(46, 54)",b'using ::grpc_event_engine::experimental::Even...'
core,../repos/grpc/src/core/ext/filters/client_channel/lb_policy/weighted_target/weighted_target.cc,"(75, 1)-(75, 54)",b'using ::grpc_event_engine::experimental::Even...'
core,../repos/grpc/src/core/ext/filters/client_channel/lb_policy/outlier_detection/outlier_detection.cc,"(82, 1)-(82, 54)",b'using ::grpc_event_engine::experimental::Even...'
core,../repos/grpc/src/core/ext/filters/client_channel/lb_policy/grpclb/grpclb.cc,"(164, 1)-(164, 54)",b'using ::grpc_event_engine::experimental::Even...'
core,../repos/grpc/src/core/ext/filters/client_channel/lb_policy/rls/rls.cc,"(112, 1)-(112, 54)",b'using ::grpc_event_engine::experimental::Even...'
core,../repos/grpc/src/core/ext/filters/client_channel/lb_policy/priority/priority.cc,"(72, 1)-(72, 54)",b'using ::grpc_event_engine::experimental::Even...'
core,../repos/grpc/src/core/ext/filters/client_channel/lb_policy/xds/xds_cluster_manager.cc,"(71, 1)-(71, 54)",b'using ::grpc_event_engine::experimental::Even...'
core,../repos/grpc/src/core/ext/filters/client_channel/lb_policy/xds/xds_override_host.cc,"(88, 1)-(88, 54)",b'using ::grpc_event_engine::experimental::Even...'
core,../repos/grpc/src/core/ext/filters/client_channel/resolver/dns/c_ares/grpc_ares_wrapper.cc,"(75, 1)-(75, 36)",b'using grpc_core::EndpointAddresses;'
core,../repos/grpc/src/core/ext/filters/client_channel/resolver/dns/c_ares/grpc_ares_wrapper.cc,"(76, 1)-(76, 40)",b'using grpc_core::EndpointAddressesList;'
core,../repos/grpc/src/core/ext/filters/client_channel/resolver/dns/event_engine/event_engine_client_channel_resolver.cc,"(72, 1)-(72, 52)",b'using grpc_event_engine::experimental::EventE...'
core,../repos/grpc/src/core/ext/filters/client_channel/resolver/polling_resolver.cc,"(47, 1)-(47, 54)",b'using ::grpc_event_engine::experimental::Even...'
core,../repos/grpc/src/core/ext/filters/rbac/rbac_service_config_parser.cc,"(43, 1)-(43, 40)",b'using experimental::AuditLoggerFactory;'
core,../repos/grpc/src/core/ext/filters/rbac/rbac_service_config_parser.cc,"(44, 1)-(44, 41)",b'using experimental::AuditLoggerRegistry;'
core,../repos/grpc/src/core/ext/filters/http/message_compress/legacy_compression_filter.h,"(119, 3)-(119, 58)",b'using LegacyCompressionFilter::LegacyCompress...'
core,../repos/grpc/src/core/ext/filters/http/message_compress/legacy_compression_filter.h,"(134, 3)-(134, 58)",b'using LegacyCompressionFilter::LegacyCompress...'
