Repo name,File name,Location,Content
core,../repos/grpc/src/core/lib/experiments/config.cc,"(23, 10)-(23, 15)",b'#include <map>\n'
core,../repos/grpc/src/core/lib/debug/trace.h,"(25, 10)-(25, 15)",b'#include <map>\n'
core,../repos/grpc/src/core/lib/debug/stats.h,"(27, 10)-(27, 18)",b'#include <vector>\n'
core,../repos/grpc/src/core/lib/debug/event_log.h,"(24, 10)-(24, 18)",b'#include <vector>\n'
core,../repos/grpc/src/core/lib/debug/stats.cc,"(26, 10)-(26, 18)",b'#include <vector>\n'
core,../repos/grpc/src/core/lib/load_balancing/lb_policy.h,"(28, 10)-(28, 18)",b'#include <vector>\n'
core,../repos/grpc/src/core/lib/load_balancing/lb_policy_registry.h,"(22, 10)-(22, 15)",b'#include <map>\n'
core,../repos/grpc/src/core/lib/load_balancing/lb_policy_registry.cc,"(22, 10)-(22, 15)",b'#include <map>\n'
core,../repos/grpc/src/core/lib/load_balancing/lb_policy_registry.cc,"(25, 10)-(25, 18)",b'#include <vector>\n'
core,../repos/grpc/src/core/lib/resource_quota/memory_quota.h,"(22, 10)-(22, 17)",b'#include <array>\n'
core,../repos/grpc/src/core/lib/resource_quota/memory_quota.h,"(29, 10)-(29, 18)",b'#include <vector>\n'
core,../repos/grpc/src/core/lib/gprpp/status_helper.h,"(27, 10)-(27, 18)",b'#include <vector>\n'
core,../repos/grpc/src/core/lib/gprpp/fork.h,"(25, 10)-(25, 15)",b'#include <set>\n'
core,../repos/grpc/src/core/lib/gprpp/windows/directory_reader.cc,"(27, 10)-(27, 18)",b'#include <vector>\n'
core,../repos/grpc/src/core/lib/gprpp/validation_errors.h,"(22, 10)-(22, 15)",b'#include <map>\n'
core,../repos/grpc/src/core/lib/gprpp/validation_errors.h,"(25, 10)-(25, 18)",b'#include <vector>\n'
core,../repos/grpc/src/core/lib/handshaker/proxy_mapper_registry.h,"(27, 10)-(27, 18)",b'#include <vector>\n'
core,../repos/grpc/src/core/lib/handshaker/proxy_mapper_registry.cc,"(26, 10)-(26, 18)",b'#include <vector>\n'
core,../repos/grpc/src/core/lib/event_engine/ares_resolver.h,"(25, 10)-(25, 16)",b'#include <list>\n'
core,../repos/grpc/src/core/lib/event_engine/thready_event_engine/thready_event_engine.cc,"(22, 10)-(22, 18)",b'#include <vector>\n'
core,../repos/grpc/src/core/lib/event_engine/windows/windows_listener.h,"(21, 10)-(21, 16)",b'#include <list>\n'
core,../repos/grpc/src/core/lib/event_engine/thread_pool/thread_count.h,"(24, 10)-(24, 18)",b'#include <vector>\n'
core,../repos/grpc/src/core/lib/event_engine/forkable.h,"(20, 10)-(20, 18)",b'#include <vector>\n'
core,../repos/grpc/src/core/lib/event_engine/forkable.cc,"(27, 10)-(27, 18)",b'#include <vector>\n'
core,../repos/grpc/src/core/lib/event_engine/work_queue/basic_work_queue.h,"(20, 10)-(20, 17)",b'#include <deque>\n'
core,../repos/grpc/src/core/lib/event_engine/posix_engine/timer.h,"(29, 10)-(29, 18)",b'#include <vector>\n'
core,../repos/grpc/src/core/lib/event_engine/posix_engine/timer_heap.h,"(25, 10)-(25, 18)",b'#include <vector>\n'
core,../repos/grpc/src/core/lib/event_engine/posix_engine/grpc_polled_fd_posix.h,"(37, 10)-(37, 25)",b'#include <unordered_set>\n'
core,../repos/grpc/src/core/lib/event_engine/posix_engine/timer_manager.h,"(27, 10)-(27, 18)",b'#include <vector>\n'
core,../repos/grpc/src/core/lib/event_engine/posix_engine/native_posix_dns_resolver.cc,"(28, 10)-(28, 18)",b'#include <vector>\n'
core,../repos/grpc/src/core/lib/event_engine/posix_engine/posix_engine_listener.h,"(22, 10)-(22, 16)",b'#include <list>\n'
core,../repos/grpc/src/core/lib/event_engine/posix_engine/ev_epoll1_linux.h,"(19, 10)-(19, 16)",b'#include <list>\n'
core,../repos/grpc/src/core/lib/event_engine/posix_engine/posix_engine.h,"(23, 10)-(23, 18)",b'#include <vector>\n'
core,../repos/grpc/src/core/lib/event_engine/posix_engine/ev_poll_posix.cc,"(22, 10)-(22, 16)",b'#include <list>\n'
core,../repos/grpc/src/core/lib/event_engine/ares_resolver.cc,"(19, 10)-(19, 18)",b'#include <vector>\n'
core,../repos/grpc/src/core/lib/uri/uri_parser.cc,"(26, 10)-(26, 15)",b'#include <map>\n'
core,../repos/grpc/src/core/lib/uri/uri_parser.h,"(22, 10)-(22, 15)",b'#include <map>\n'
core,../repos/grpc/src/core/lib/uri/uri_parser.h,"(24, 10)-(24, 18)",b'#include <vector>\n'
core,../repos/grpc/src/core/lib/channel/channelz_registry.cc,"(27, 10)-(27, 18)",b'#include <vector>\n'
core,../repos/grpc/src/core/lib/channel/channel_args.cc,"(28, 10)-(28, 15)",b'#include <map>\n'
core,../repos/grpc/src/core/lib/channel/channel_args.cc,"(31, 10)-(31, 18)",b'#include <vector>\n'
core,../repos/grpc/src/core/lib/channel/channel_args_preconditioning.h,"(21, 10)-(21, 18)",b'#include <vector>\n'
core,../repos/grpc/src/core/lib/channel/channelz.h,"(28, 10)-(28, 15)",b'#include <map>\n'
core,../repos/grpc/src/core/lib/channel/channelz.h,"(29, 10)-(29, 15)",b'#include <set>\n'
core,../repos/grpc/src/core/lib/channel/channel_stack_builder.h,"(21, 10)-(21, 18)",b'#include <vector>\n'
core,../repos/grpc/src/core/lib/channel/channel_stack_builder_impl.cc,"(26, 10)-(26, 18)",b'#include <vector>\n'
core,../repos/grpc/src/core/lib/channel/promise_based_filter.cc,"(23, 10)-(23, 18)",b'#include <vector>\n'
core,../repos/grpc/src/core/lib/channel/status_util.cc,"(25, 10)-(25, 18)",b'#include <vector>\n'
core,../repos/grpc/src/core/lib/channel/channelz_registry.h,"(25, 10)-(25, 15)",b'#include <map>\n'
core,../repos/grpc/src/core/lib/channel/call_tracer.cc,"(25, 10)-(25, 18)",b'#include <vector>\n'
core,../repos/grpc/src/core/lib/config/config_vars.cc,"(23, 10)-(23, 18)",b'#include <vector>\n'
core,../repos/grpc/src/core/lib/config/core_configuration.cc,"(21, 10)-(21, 18)",b'#include <vector>\n'
core,../repos/grpc/src/core/lib/config/load_config.h,"(23, 10)-(23, 18)",b'#include <vector>\n'
core,../repos/grpc/src/core/lib/iomgr/ev_epoll1_linux.cc,"(41, 10)-(41, 18)",b'#include <vector>\n'
core,../repos/grpc/src/core/lib/iomgr/tcp_server.h,"(24, 10)-(24, 18)",b'#include <vector>\n'
core,../repos/grpc/src/core/lib/iomgr/tcp_server_windows.cc,"(28, 10)-(28, 18)",b'#include <vector>\n'
core,../repos/grpc/src/core/lib/iomgr/ev_apple.cc,"(34, 10)-(34, 16)",b'#include <list>\n'
core,../repos/grpc/src/core/lib/iomgr/tcp_posix.cc,"(47, 10)-(47, 25)",b'#include <unordered_map>\n'
core,../repos/grpc/src/core/lib/service_config/service_config_impl.h,"(26, 10)-(26, 25)",b'#include <unordered_map>\n'
core,../repos/grpc/src/core/lib/service_config/service_config_impl.h,"(27, 10)-(27, 18)",b'#include <vector>\n'
core,../repos/grpc/src/core/lib/service_config/service_config_parser.h,"(27, 10)-(27, 18)",b'#include <vector>\n'
core,../repos/grpc/src/core/lib/promise/activity.cc,"(21, 10)-(21, 18)",b'#include <vector>\n'
core,../repos/grpc/src/core/lib/promise/inter_activity_pipe.h,"(22, 10)-(22, 17)",b'#include <array>\n'
core,../repos/grpc/src/core/lib/promise/mpsc.h,"(24, 10)-(24, 18)",b'#include <vector>\n'
core,../repos/grpc/src/core/lib/json/json_reader.cc,"(23, 10)-(23, 15)",b'#include <map>\n'
core,../repos/grpc/src/core/lib/json/json_reader.cc,"(26, 10)-(26, 18)",b'#include <vector>\n'
core,../repos/grpc/src/core/lib/json/json_object_loader.h,"(22, 10)-(22, 15)",b'#include <map>\n'
core,../repos/grpc/src/core/lib/json/json_object_loader.h,"(25, 10)-(25, 18)",b'#include <vector>\n'
core,../repos/grpc/src/core/lib/json/json_util.h,"(25, 10)-(25, 15)",b'#include <map>\n'
core,../repos/grpc/src/core/lib/json/json_util.h,"(29, 10)-(29, 18)",b'#include <vector>\n'
core,../repos/grpc/src/core/lib/json/json_writer.cc,"(24, 10)-(24, 15)",b'#include <map>\n'
core,../repos/grpc/src/core/lib/json/json_writer.cc,"(27, 10)-(27, 18)",b'#include <vector>\n'
core,../repos/grpc/src/core/lib/http/format_request.cc,"(28, 10)-(28, 18)",b'#include <vector>\n'
core,../repos/grpc/src/core/lib/http/httpcli.h,"(28, 10)-(28, 18)",b'#include <vector>\n'
core,../repos/grpc/src/core/lib/transport/handshaker_registry.h,"(25, 10)-(25, 18)",b'#include <vector>\n'
core,../repos/grpc/src/core/lib/transport/error_utils.cc,"(25, 10)-(25, 18)",b'#include <vector>\n'
core,../repos/grpc/src/core/lib/transport/connectivity_state.h,"(25, 10)-(25, 15)",b'#include <map>\n'
core,../repos/grpc/src/core/lib/surface/event_string.cc,"(24, 10)-(24, 18)",b'#include <vector>\n'
core,../repos/grpc/src/core/lib/surface/channel.h,"(28, 10)-(28, 15)",b'#include <map>\n'
core,../repos/grpc/src/core/lib/surface/server.cc,"(27, 10)-(27, 16)",b'#include <list>\n'
core,../repos/grpc/src/core/lib/surface/server.cc,"(30, 10)-(30, 17)",b'#include <queue>\n'
core,../repos/grpc/src/core/lib/surface/server.cc,"(33, 10)-(33, 18)",b'#include <vector>\n'
core,../repos/grpc/src/core/lib/surface/server.h,"(28, 10)-(28, 16)",b'#include <list>\n'
core,../repos/grpc/src/core/lib/surface/server.h,"(32, 10)-(32, 18)",b'#include <vector>\n'
core,../repos/grpc/src/core/lib/surface/channel_init.h,"(29, 10)-(29, 18)",b'#include <vector>\n'
core,../repos/grpc/src/core/lib/surface/completion_queue.cc,"(30, 10)-(30, 18)",b'#include <vector>\n'
core,../repos/grpc/src/core/lib/surface/call_log_batch.cc,"(26, 10)-(26, 18)",b'#include <vector>\n'
core,../repos/grpc/src/core/lib/surface/call.cc,"(35, 10)-(35, 18)",b'#include <vector>\n'
core,../repos/grpc/src/core/lib/surface/channel_init.cc,"(26, 10)-(26, 15)",b'#include <map>\n'
core,../repos/grpc/src/core/lib/surface/channel_init.cc,"(27, 10)-(27, 15)",b'#include <set>\n'
core,../repos/grpc/src/core/lib/security/security_connector/ssl_utils.h,"(29, 10)-(29, 18)",b'#include <vector>\n'
core,../repos/grpc/src/core/lib/security/security_connector/load_system_roots_supported.cc,"(23, 10)-(23, 18)",b'#include <vector>\n'
core,../repos/grpc/src/core/lib/security/security_connector/tls/tls_security_connector.h,"(24, 10)-(24, 15)",b'#include <map>\n'
core,../repos/grpc/src/core/lib/security/security_connector/tls/tls_security_connector.cc,"(27, 10)-(27, 18)",b'#include <vector>\n'
core,../repos/grpc/src/core/lib/security/security_connector/ssl_utils.cc,"(28, 10)-(28, 18)",b'#include <vector>\n'
core,../repos/grpc/src/core/lib/security/credentials/oauth2/oauth2_credentials.cc,"(28, 10)-(28, 15)",b'#include <map>\n'
core,../repos/grpc/src/core/lib/security/credentials/oauth2/oauth2_credentials.cc,"(30, 10)-(30, 18)",b'#include <vector>\n'
core,../repos/grpc/src/core/lib/security/credentials/channel_creds_registry_init.cc,"(21, 10)-(21, 15)",b'#include <map>\n'
core,../repos/grpc/src/core/lib/security/credentials/channel_creds_registry.h,"(22, 10)-(22, 15)",b'#include <map>\n'
core,../repos/grpc/src/core/lib/security/credentials/tls/grpc_tls_crl_provider.cc,"(29, 10)-(29, 18)",b'#include <vector>\n'
core,../repos/grpc/src/core/lib/security/credentials/tls/tls_utils.h,"(25, 10)-(25, 18)",b'#include <vector>\n'
core,../repos/grpc/src/core/lib/security/credentials/tls/grpc_tls_certificate_verifier.h,"(23, 10)-(23, 15)",b'#include <map>\n'
core,../repos/grpc/src/core/lib/security/credentials/tls/grpc_tls_certificate_provider.cc,"(26, 10)-(26, 18)",b'#include <vector>\n'
core,../repos/grpc/src/core/lib/security/credentials/tls/grpc_tls_certificate_provider.h,"(24, 10)-(24, 15)",b'#include <map>\n'
core,../repos/grpc/src/core/lib/security/credentials/tls/grpc_tls_certificate_distributor.h,"(23, 10)-(23, 15)",b'#include <map>\n'
core,../repos/grpc/src/core/lib/security/credentials/tls/grpc_tls_certificate_distributor.h,"(25, 10)-(25, 15)",b'#include <set>\n'
core,../repos/grpc/src/core/lib/security/credentials/credentials.h,"(26, 10)-(26, 18)",b'#include <vector>\n'
core,../repos/grpc/src/core/lib/security/credentials/external/aws_request_signer.cc,"(21, 10)-(21, 18)",b'#include <vector>\n'
core,../repos/grpc/src/core/lib/security/credentials/external/external_account_credentials.h,"(26, 10)-(26, 18)",b'#include <vector>\n'
core,../repos/grpc/src/core/lib/security/credentials/external/url_external_account_credentials.h,"(23, 10)-(23, 15)",b'#include <map>\n'
core,../repos/grpc/src/core/lib/security/credentials/external/url_external_account_credentials.h,"(25, 10)-(25, 18)",b'#include <vector>\n'
core,../repos/grpc/src/core/lib/security/credentials/external/external_account_credentials.cc,"(23, 10)-(23, 15)",b'#include <map>\n'
core,../repos/grpc/src/core/lib/security/credentials/external/aws_request_signer.h,"(22, 10)-(22, 15)",b'#include <map>\n'
core,../repos/grpc/src/core/lib/security/credentials/external/file_external_account_credentials.h,"(24, 10)-(24, 18)",b'#include <vector>\n'
core,../repos/grpc/src/core/lib/security/credentials/external/aws_external_account_credentials.cc,"(22, 10)-(22, 15)",b'#include <map>\n'
core,../repos/grpc/src/core/lib/security/credentials/external/file_external_account_credentials.cc,"(20, 10)-(20, 15)",b'#include <map>\n'
core,../repos/grpc/src/core/lib/security/credentials/external/aws_external_account_credentials.h,"(25, 10)-(25, 18)",b'#include <vector>\n'
core,../repos/grpc/src/core/lib/security/credentials/jwt/jwt_verifier.cc,"(27, 10)-(27, 15)",b'#include <map>\n'
core,../repos/grpc/src/core/lib/security/credentials/jwt/jwt_verifier.cc,"(31, 10)-(31, 18)",b'#include <vector>\n'
core,../repos/grpc/src/core/lib/security/credentials/composite/composite_credentials.h,"(27, 10)-(27, 18)",b'#include <vector>\n'
core,../repos/grpc/src/core/lib/security/credentials/composite/composite_credentials.cc,"(25, 10)-(25, 18)",b'#include <vector>\n'
core,../repos/grpc/src/core/lib/security/credentials/xds/xds_credentials.h,"(29, 10)-(29, 18)",b'#include <vector>\n'
core,../repos/grpc/src/core/lib/security/util/json_util.cc,"(23, 10)-(23, 15)",b'#include <map>\n'
core,../repos/grpc/src/core/lib/security/authorization/rbac_translator.cc,"(22, 10)-(22, 15)",b'#include <map>\n'
core,../repos/grpc/src/core/lib/security/authorization/rbac_translator.cc,"(26, 10)-(26, 18)",b'#include <vector>\n'
core,../repos/grpc/src/core/lib/security/authorization/matchers.h,"(24, 10)-(24, 18)",b'#include <vector>\n'
core,../repos/grpc/src/core/lib/security/authorization/cel_authorization_engine.h,"(21, 10)-(21, 15)",b'#include <map>\n'
core,../repos/grpc/src/core/lib/security/authorization/cel_authorization_engine.h,"(24, 10)-(24, 18)",b'#include <vector>\n'
core,../repos/grpc/src/core/lib/security/authorization/grpc_authorization_engine.cc,"(20, 10)-(20, 15)",b'#include <map>\n'
core,../repos/grpc/src/core/lib/security/authorization/rbac_policy.h,"(22, 10)-(22, 15)",b'#include <map>\n'
core,../repos/grpc/src/core/lib/security/authorization/rbac_policy.h,"(25, 10)-(25, 18)",b'#include <vector>\n'
core,../repos/grpc/src/core/lib/security/authorization/audit_logging.cc,"(23, 10)-(23, 15)",b'#include <map>\n'
core,../repos/grpc/src/core/lib/security/authorization/grpc_authorization_engine.h,"(24, 10)-(24, 18)",b'#include <vector>\n'
core,../repos/grpc/src/core/lib/security/authorization/mock_cel/flat_expr_builder.h,"(21, 10)-(21, 15)",b'#include <set>\n'
core,../repos/grpc/src/core/lib/security/authorization/mock_cel/flat_expr_builder.h,"(23, 10)-(23, 18)",b'#include <vector>\n'
core,../repos/grpc/src/core/lib/security/authorization/mock_cel/cel_expression.h,"(21, 10)-(21, 18)",b'#include <vector>\n'
core,../repos/grpc/src/core/lib/security/authorization/mock_cel/evaluator_core.h,"(20, 10)-(20, 15)",b'#include <set>\n'
core,../repos/grpc/src/core/lib/security/authorization/evaluate_args.h,"(21, 10)-(21, 18)",b'#include <vector>\n'
core,../repos/grpc/src/core/lib/security/authorization/audit_logging.h,"(24, 10)-(24, 15)",b'#include <map>\n'
core,../repos/grpc/src/core/lib/security/certificate_provider/certificate_provider_registry.h,"(24, 10)-(24, 15)",b'#include <map>\n'
core,../repos/grpc/src/core/lib/resolver/endpoint_addresses.cc,"(27, 10)-(27, 18)",b'#include <vector>\n'
core,../repos/grpc/src/core/lib/resolver/endpoint_addresses.h,"(24, 10)-(24, 15)",b'#include <set>\n'
core,../repos/grpc/src/core/lib/resolver/endpoint_addresses.h,"(27, 10)-(27, 18)",b'#include <vector>\n'
core,../repos/grpc/src/core/lib/resolver/resolver_registry.h,"(22, 10)-(22, 15)",b'#include <map>\n'
core,../repos/grpc/src/core/ext/transport/chttp2/transport/context_list_entry.h,"(29, 10)-(29, 18)",b'#include <vector>\n'
core,../repos/grpc/src/core/ext/transport/chttp2/transport/flow_control.cc,"(30, 10)-(30, 18)",b'#include <vector>\n'
core,../repos/grpc/src/core/ext/transport/chttp2/transport/hpack_parser_table.h,"(28, 10)-(28, 18)",b'#include <vector>\n'
core,../repos/grpc/src/core/ext/transport/chttp2/transport/hpack_encoder.h,"(28, 10)-(28, 18)",b'#include <vector>\n'
core,../repos/grpc/src/core/ext/transport/chttp2/transport/ping_callbacks.h,"(24, 10)-(24, 18)",b'#include <vector>\n'
core,../repos/grpc/src/core/ext/transport/chttp2/transport/hpack_parser.h,"(29, 10)-(29, 18)",b'#include <vector>\n'
core,../repos/grpc/src/core/ext/transport/chttp2/transport/frame.h,"(22, 10)-(22, 18)",b'#include <vector>\n'
core,../repos/grpc/src/core/ext/transport/chttp2/transport/hpack_encoder_table.h,"(24, 10)-(24, 18)",b'#include <vector>\n'
core,../repos/grpc/src/core/ext/transport/chttp2/transport/chttp2_transport.cc,"(34, 10)-(34, 18)",b'#include <vector>\n'
core,../repos/grpc/src/core/ext/transport/chttp2/server/chttp2_server.cc,"(27, 10)-(27, 15)",b'#include <map>\n'
core,../repos/grpc/src/core/ext/transport/chttp2/server/chttp2_server.cc,"(31, 10)-(31, 18)",b'#include <vector>\n'
core,../repos/grpc/src/core/ext/transport/binder/client/binder_connector.cc,"(27, 10)-(27, 15)",b'#include <map>\n'
core,../repos/grpc/src/core/ext/transport/binder/client/connection_id_generator.h,"(20, 10)-(20, 15)",b'#include <map>\n'
core,../repos/grpc/src/core/ext/transport/binder/utils/transport_stream_receiver_impl.h,"(21, 10)-(21, 15)",b'#include <map>\n'
core,../repos/grpc/src/core/ext/transport/binder/utils/transport_stream_receiver_impl.h,"(22, 10)-(22, 17)",b'#include <queue>\n'
core,../repos/grpc/src/core/ext/transport/binder/utils/transport_stream_receiver_impl.h,"(23, 10)-(23, 15)",b'#include <set>\n'
core,../repos/grpc/src/core/ext/transport/binder/utils/transport_stream_receiver_impl.h,"(25, 10)-(25, 18)",b'#include <vector>\n'
core,../repos/grpc/src/core/ext/transport/binder/utils/transport_stream_receiver.h,"(22, 10)-(22, 18)",b'#include <vector>\n'
core,../repos/grpc/src/core/ext/transport/binder/wire_format/transaction.h,"(21, 10)-(21, 18)",b'#include <vector>\n'
core,../repos/grpc/src/core/ext/transport/binder/wire_format/wire_writer.h,"(20, 10)-(20, 17)",b'#include <queue>\n'
core,../repos/grpc/src/core/ext/transport/binder/wire_format/wire_writer.h,"(22, 10)-(22, 18)",b'#include <vector>\n'
core,../repos/grpc/src/core/ext/transport/binder/wire_format/wire_reader_impl.h,"(21, 10)-(21, 17)",b'#include <queue>\n'
core,../repos/grpc/src/core/ext/transport/binder/wire_format/binder_android.cc,"(21, 10)-(21, 15)",b'#include <map>\n'
core,../repos/grpc/src/core/ext/transport/binder/wire_format/wire_reader_impl.cc,"(25, 10)-(25, 18)",b'#include <vector>\n'
core,../repos/grpc/src/core/ext/transport/binder/transport/binder_transport.h,"(24, 10)-(24, 18)",b'#include <vector>\n'
core,../repos/grpc/src/core/ext/transport/chaotic_good/server_transport.h,"(26, 10)-(26, 15)",b'#include <map>\n'
core,../repos/grpc/src/core/ext/transport/chaotic_good/client_transport.h,"(25, 10)-(25, 15)",b'#include <map>\n'
core,../repos/grpc/src/core/ext/xds/xds_route_config.h,"(25, 10)-(25, 15)",b'#include <map>\n'
core,../repos/grpc/src/core/ext/xds/xds_route_config.h,"(28, 10)-(28, 18)",b'#include <vector>\n'
core,../repos/grpc/src/core/ext/xds/xds_bootstrap_grpc.cc,"(24, 10)-(24, 15)",b'#include <set>\n'
core,../repos/grpc/src/core/ext/xds/xds_bootstrap_grpc.cc,"(26, 10)-(26, 18)",b'#include <vector>\n'
core,../repos/grpc/src/core/ext/xds/file_watcher_certificate_provider_factory.cc,"(24, 10)-(24, 15)",b'#include <map>\n'
core,../repos/grpc/src/core/ext/xds/file_watcher_certificate_provider_factory.cc,"(26, 10)-(26, 18)",b'#include <vector>\n'
core,../repos/grpc/src/core/ext/xds/xds_bootstrap_grpc.h,"(22, 10)-(22, 15)",b'#include <map>\n'
core,../repos/grpc/src/core/ext/xds/xds_bootstrap_grpc.h,"(24, 10)-(24, 15)",b'#include <set>\n'
core,../repos/grpc/src/core/ext/xds/xds_bootstrap_grpc.h,"(26, 10)-(26, 18)",b'#include <vector>\n'
core,../repos/grpc/src/core/ext/xds/xds_certificate_provider.h,"(24, 10)-(24, 15)",b'#include <map>\n'
core,../repos/grpc/src/core/ext/xds/xds_certificate_provider.h,"(27, 10)-(27, 18)",b'#include <vector>\n'
core,../repos/grpc/src/core/ext/xds/xds_cluster_specifier_plugin.cc,"(23, 10)-(23, 15)",b'#include <map>\n'
core,../repos/grpc/src/core/ext/xds/xds_listener.cc,"(23, 10)-(23, 15)",b'#include <set>\n'
core,../repos/grpc/src/core/ext/xds/xds_common_types.h,"(23, 10)-(23, 18)",b'#include <vector>\n'
core,../repos/grpc/src/core/ext/xds/xds_http_filters.cc,"(21, 10)-(21, 15)",b'#include <map>\n'
core,../repos/grpc/src/core/ext/xds/xds_http_filters.cc,"(23, 10)-(23, 18)",b'#include <vector>\n'
core,../repos/grpc/src/core/ext/xds/xds_audit_logger_registry.h,"(22, 10)-(22, 15)",b'#include <map>\n'
core,../repos/grpc/src/core/ext/xds/xds_client.h,"(22, 10)-(22, 15)",b'#include <map>\n'
core,../repos/grpc/src/core/ext/xds/xds_client.h,"(24, 10)-(24, 15)",b'#include <set>\n'
core,../repos/grpc/src/core/ext/xds/xds_client.h,"(27, 10)-(27, 18)",b'#include <vector>\n'
core,../repos/grpc/src/core/ext/xds/xds_client_stats.h,"(26, 10)-(26, 15)",b'#include <map>\n'
core,../repos/grpc/src/core/ext/xds/certificate_provider_store.h,"(24, 10)-(24, 15)",b'#include <map>\n'
core,../repos/grpc/src/core/ext/xds/xds_lb_policy_registry.h,"(22, 10)-(22, 15)",b'#include <map>\n'
core,../repos/grpc/src/core/ext/xds/xds_api.h,"(24, 10)-(24, 15)",b'#include <map>\n'
core,../repos/grpc/src/core/ext/xds/xds_api.h,"(25, 10)-(25, 15)",b'#include <set>\n'
core,../repos/grpc/src/core/ext/xds/xds_api.h,"(28, 10)-(28, 18)",b'#include <vector>\n'
core,../repos/grpc/src/core/ext/xds/xds_cluster.h,"(24, 10)-(24, 15)",b'#include <set>\n'
core,../repos/grpc/src/core/ext/xds/xds_cluster.h,"(26, 10)-(26, 18)",b'#include <vector>\n'
core,../repos/grpc/src/core/ext/xds/xds_channel_stack_modifier.h,"(25, 10)-(25, 18)",b'#include <vector>\n'
core,../repos/grpc/src/core/ext/xds/xds_route_config.cc,"(25, 10)-(25, 15)",b'#include <map>\n'
core,../repos/grpc/src/core/ext/xds/xds_route_config.cc,"(27, 10)-(27, 15)",b'#include <set>\n'
core,../repos/grpc/src/core/ext/xds/xds_route_config.cc,"(30, 10)-(30, 18)",b'#include <vector>\n'
core,../repos/grpc/src/core/ext/xds/xds_api.cc,"(24, 10)-(24, 15)",b'#include <set>\n'
core,../repos/grpc/src/core/ext/xds/xds_api.cc,"(26, 10)-(26, 18)",b'#include <vector>\n'
core,../repos/grpc/src/core/ext/xds/xds_server_config_fetcher.cc,"(24, 10)-(24, 15)",b'#include <map>\n'
core,../repos/grpc/src/core/ext/xds/xds_server_config_fetcher.cc,"(26, 10)-(26, 15)",b'#include <set>\n'
core,../repos/grpc/src/core/ext/xds/xds_server_config_fetcher.cc,"(29, 10)-(29, 18)",b'#include <vector>\n'
core,../repos/grpc/src/core/ext/xds/xds_http_filters.h,"(22, 10)-(22, 15)",b'#include <map>\n'
core,../repos/grpc/src/core/ext/xds/xds_http_filters.h,"(26, 10)-(26, 18)",b'#include <vector>\n'
core,../repos/grpc/src/core/ext/xds/xds_cluster_specifier_plugin.h,"(22, 10)-(22, 15)",b'#include <map>\n'
core,../repos/grpc/src/core/ext/xds/xds_listener.h,"(26, 10)-(26, 17)",b'#include <array>\n'
core,../repos/grpc/src/core/ext/xds/xds_listener.h,"(27, 10)-(27, 15)",b'#include <map>\n'
core,../repos/grpc/src/core/ext/xds/xds_listener.h,"(30, 10)-(30, 18)",b'#include <vector>\n'
core,../repos/grpc/src/core/ext/xds/xds_endpoint.h,"(25, 10)-(25, 15)",b'#include <map>\n'
core,../repos/grpc/src/core/ext/xds/xds_endpoint.h,"(28, 10)-(28, 18)",b'#include <vector>\n'
core,../repos/grpc/src/core/ext/xds/xds_common_types.cc,"(25, 10)-(25, 15)",b'#include <map>\n'
core,../repos/grpc/src/core/ext/xds/xds_routing.h,"(26, 10)-(26, 15)",b'#include <map>\n'
core,../repos/grpc/src/core/ext/xds/xds_routing.h,"(28, 10)-(28, 18)",b'#include <vector>\n'
core,../repos/grpc/src/core/ext/xds/xds_endpoint.cc,"(27, 10)-(27, 15)",b'#include <set>\n'
core,../repos/grpc/src/core/ext/xds/xds_endpoint.cc,"(28, 10)-(28, 18)",b'#include <vector>\n'
core,../repos/grpc/src/core/ext/filters/backend_metrics/backend_metric_filter.cc,"(23, 10)-(23, 15)",b'#include <map>\n'
core,../repos/grpc/src/core/ext/filters/stateful_session/stateful_session_service_config_parser.cc,"(21, 10)-(21, 18)",b'#include <vector>\n'
core,../repos/grpc/src/core/ext/filters/stateful_session/stateful_session_service_config_parser.h,"(26, 10)-(26, 18)",b'#include <vector>\n'
core,../repos/grpc/src/core/ext/filters/stateful_session/stateful_session_filter.cc,"(28, 10)-(28, 18)",b'#include <vector>\n'
core,../repos/grpc/src/core/ext/filters/fault_injection/fault_injection_service_config_parser.h,"(28, 10)-(28, 18)",b'#include <vector>\n'
core,../repos/grpc/src/core/ext/filters/fault_injection/fault_injection_service_config_parser.cc,"(21, 10)-(21, 18)",b'#include <vector>\n'
core,../repos/grpc/src/core/ext/filters/logging/logging_filter.cc,"(28, 10)-(28, 15)",b'#include <map>\n'
core,../repos/grpc/src/core/ext/filters/logging/logging_filter.cc,"(32, 10)-(32, 18)",b'#include <vector>\n'
core,../repos/grpc/src/core/ext/filters/logging/logging_sink.h,"(26, 10)-(26, 15)",b'#include <map>\n'
core,../repos/grpc/src/core/ext/filters/client_channel/backend_metric.cc,"(23, 10)-(23, 15)",b'#include <map>\n'
core,../repos/grpc/src/core/ext/filters/client_channel/dynamic_filters.h,"(23, 10)-(23, 18)",b'#include <vector>\n'
core,../repos/grpc/src/core/ext/filters/client_channel/client_channel.cc,"(27, 10)-(27, 15)",b'#include <set>\n'
core,../repos/grpc/src/core/ext/filters/client_channel/client_channel.cc,"(30, 10)-(30, 18)",b'#include <vector>\n'
core,../repos/grpc/src/core/ext/filters/client_channel/client_channel.h,"(25, 10)-(25, 15)",b'#include <map>\n'
core,../repos/grpc/src/core/ext/filters/client_channel/local_subchannel_pool.h,"(24, 10)-(24, 15)",b'#include <map>\n'
core,../repos/grpc/src/core/ext/filters/client_channel/client_channel_service_config.cc,"(21, 10)-(21, 15)",b'#include <map>\n'
core,../repos/grpc/src/core/ext/filters/client_channel/global_subchannel_pool.h,"(24, 10)-(24, 15)",b'#include <map>\n'
core,../repos/grpc/src/core/ext/filters/client_channel/retry_service_config.cc,"(21, 10)-(21, 15)",b'#include <map>\n'
core,../repos/grpc/src/core/ext/filters/client_channel/retry_service_config.cc,"(24, 10)-(24, 18)",b'#include <vector>\n'
core,../repos/grpc/src/core/ext/filters/client_channel/subchannel.h,"(25, 10)-(25, 15)",b'#include <map>\n'
core,../repos/grpc/src/core/ext/filters/client_channel/config_selector.h,"(25, 10)-(25, 18)",b'#include <vector>\n'
core,../repos/grpc/src/core/ext/filters/client_channel/retry_throttle.h,"(26, 10)-(26, 15)",b'#include <map>\n'
core,../repos/grpc/src/core/ext/filters/client_channel/lb_policy/weighted_round_robin/static_stride_scheduler.cc,"(25, 10)-(25, 18)",b'#include <vector>\n'
core,../repos/grpc/src/core/ext/filters/client_channel/lb_policy/weighted_round_robin/weighted_round_robin.cc,"(26, 10)-(26, 15)",b'#include <map>\n'
core,../repos/grpc/src/core/ext/filters/client_channel/lb_policy/weighted_round_robin/weighted_round_robin.cc,"(28, 10)-(28, 15)",b'#include <set>\n'
core,../repos/grpc/src/core/ext/filters/client_channel/lb_policy/weighted_round_robin/weighted_round_robin.cc,"(32, 10)-(32, 18)",b'#include <vector>\n'
core,../repos/grpc/src/core/ext/filters/client_channel/lb_policy/weighted_round_robin/static_stride_scheduler.h,"(25, 10)-(25, 18)",b'#include <vector>\n'
core,../repos/grpc/src/core/ext/filters/client_channel/lb_policy/backend_metric_data.h,"(22, 10)-(22, 15)",b'#include <map>\n'
core,../repos/grpc/src/core/ext/filters/client_channel/lb_policy/weighted_target/weighted_target.cc,"(23, 10)-(23, 15)",b'#include <map>\n'
core,../repos/grpc/src/core/ext/filters/client_channel/lb_policy/weighted_target/weighted_target.cc,"(27, 10)-(27, 18)",b'#include <vector>\n'
core,../repos/grpc/src/core/ext/filters/client_channel/lb_policy/oob_backend_metric.cc,"(24, 10)-(24, 15)",b'#include <set>\n'
core,../repos/grpc/src/core/ext/filters/client_channel/lb_policy/oob_backend_metric.cc,"(26, 10)-(26, 18)",b'#include <vector>\n'
core,../repos/grpc/src/core/ext/filters/client_channel/lb_policy/health_check_client_internal.h,"(22, 10)-(22, 15)",b'#include <map>\n'
core,../repos/grpc/src/core/ext/filters/client_channel/lb_policy/health_check_client_internal.h,"(24, 10)-(24, 15)",b'#include <set>\n'
core,../repos/grpc/src/core/ext/filters/client_channel/lb_policy/subchannel_list.h,"(27, 10)-(27, 18)",b'#include <vector>\n'
core,../repos/grpc/src/core/ext/filters/client_channel/lb_policy/health_check_client.cc,"(22, 10)-(22, 15)",b'#include <map>\n'
core,../repos/grpc/src/core/ext/filters/client_channel/lb_policy/health_check_client.cc,"(24, 10)-(24, 15)",b'#include <set>\n'
core,../repos/grpc/src/core/ext/filters/client_channel/lb_policy/round_robin/round_robin.cc,"(27, 10)-(27, 18)",b'#include <vector>\n'
core,../repos/grpc/src/core/ext/filters/client_channel/lb_policy/endpoint_list.h,"(26, 10)-(26, 18)",b'#include <vector>\n'
core,../repos/grpc/src/core/ext/filters/client_channel/lb_policy/oob_backend_metric_internal.h,"(23, 10)-(23, 15)",b'#include <set>\n'
core,../repos/grpc/src/core/ext/filters/client_channel/lb_policy/outlier_detection/outlier_detection.cc,"(27, 10)-(27, 15)",b'#include <map>\n'
core,../repos/grpc/src/core/ext/filters/client_channel/lb_policy/outlier_detection/outlier_detection.cc,"(29, 10)-(29, 15)",b'#include <set>\n'
core,../repos/grpc/src/core/ext/filters/client_channel/lb_policy/outlier_detection/outlier_detection.cc,"(33, 10)-(33, 18)",b'#include <vector>\n'
core,../repos/grpc/src/core/ext/filters/client_channel/lb_policy/address_filtering.h,"(22, 10)-(22, 15)",b'#include <map>\n'
core,../repos/grpc/src/core/ext/filters/client_channel/lb_policy/address_filtering.h,"(25, 10)-(25, 18)",b'#include <vector>\n'
core,../repos/grpc/src/core/ext/filters/client_channel/lb_policy/endpoint_list.cc,"(25, 10)-(25, 18)",b'#include <vector>\n'
core,../repos/grpc/src/core/ext/filters/client_channel/lb_policy/grpclb/load_balancer_api.h,"(25, 10)-(25, 18)",b'#include <vector>\n'
core,../repos/grpc/src/core/ext/filters/client_channel/lb_policy/grpclb/grpclb.cc,"(67, 10)-(67, 15)",b'#include <map>\n'
core,../repos/grpc/src/core/ext/filters/client_channel/lb_policy/grpclb/grpclb.cc,"(72, 10)-(72, 18)",b'#include <vector>\n'
core,../repos/grpc/src/core/ext/filters/client_channel/lb_policy/rls/rls.cc,"(30, 10)-(30, 17)",b'#include <deque>\n'
core,../repos/grpc/src/core/ext/filters/client_channel/lb_policy/rls/rls.cc,"(31, 10)-(31, 16)",b'#include <list>\n'
core,../repos/grpc/src/core/ext/filters/client_channel/lb_policy/rls/rls.cc,"(32, 10)-(32, 15)",b'#include <map>\n'
core,../repos/grpc/src/core/ext/filters/client_channel/lb_policy/rls/rls.cc,"(35, 10)-(35, 15)",b'#include <set>\n'
core,../repos/grpc/src/core/ext/filters/client_channel/lb_policy/rls/rls.cc,"(38, 10)-(38, 25)",b'#include <unordered_map>\n'
core,../repos/grpc/src/core/ext/filters/client_channel/lb_policy/rls/rls.cc,"(40, 10)-(40, 18)",b'#include <vector>\n'
core,../repos/grpc/src/core/ext/filters/client_channel/lb_policy/priority/priority.cc,"(22, 10)-(22, 15)",b'#include <map>\n'
core,../repos/grpc/src/core/ext/filters/client_channel/lb_policy/priority/priority.cc,"(24, 10)-(24, 15)",b'#include <set>\n'
core,../repos/grpc/src/core/ext/filters/client_channel/lb_policy/priority/priority.cc,"(28, 10)-(28, 18)",b'#include <vector>\n'
core,../repos/grpc/src/core/ext/filters/client_channel/lb_policy/pick_first/pick_first.cc,"(25, 10)-(25, 15)",b'#include <set>\n'
core,../repos/grpc/src/core/ext/filters/client_channel/lb_policy/pick_first/pick_first.cc,"(29, 10)-(29, 18)",b'#include <vector>\n'
core,../repos/grpc/src/core/ext/filters/client_channel/lb_policy/ring_hash/ring_hash.cc,"(26, 10)-(26, 15)",b'#include <map>\n'
core,../repos/grpc/src/core/ext/filters/client_channel/lb_policy/ring_hash/ring_hash.cc,"(30, 10)-(30, 18)",b'#include <vector>\n'
core,../repos/grpc/src/core/ext/filters/client_channel/lb_policy/xds/xds_cluster_manager.cc,"(23, 10)-(23, 15)",b'#include <map>\n'
core,../repos/grpc/src/core/ext/filters/client_channel/lb_policy/xds/xds_cluster_manager.cc,"(28, 10)-(28, 18)",b'#include <vector>\n'
core,../repos/grpc/src/core/ext/filters/client_channel/lb_policy/xds/xds_wrr_locality.cc,"(20, 10)-(20, 15)",b'#include <map>\n'
core,../repos/grpc/src/core/ext/filters/client_channel/lb_policy/xds/xds_override_host.cc,"(25, 10)-(25, 15)",b'#include <map>\n'
core,../repos/grpc/src/core/ext/filters/client_channel/lb_policy/xds/xds_override_host.cc,"(27, 10)-(27, 15)",b'#include <set>\n'
core,../repos/grpc/src/core/ext/filters/client_channel/lb_policy/xds/xds_override_host.cc,"(32, 10)-(32, 18)",b'#include <vector>\n'
core,../repos/grpc/src/core/ext/filters/client_channel/lb_policy/xds/cds.cc,"(20, 10)-(20, 15)",b'#include <map>\n'
core,../repos/grpc/src/core/ext/filters/client_channel/lb_policy/xds/cds.cc,"(22, 10)-(22, 15)",b'#include <set>\n'
core,../repos/grpc/src/core/ext/filters/client_channel/lb_policy/xds/cds.cc,"(26, 10)-(26, 18)",b'#include <vector>\n'
core,../repos/grpc/src/core/ext/filters/client_channel/lb_policy/xds/xds_cluster_impl.cc,"(23, 10)-(23, 15)",b'#include <map>\n'
core,../repos/grpc/src/core/ext/filters/client_channel/lb_policy/xds/xds_cluster_impl.cc,"(27, 10)-(27, 18)",b'#include <vector>\n'
core,../repos/grpc/src/core/ext/filters/client_channel/retry_throttle.cc,"(23, 10)-(23, 15)",b'#include <map>\n'
core,../repos/grpc/src/core/ext/filters/client_channel/resolver/dns/c_ares/dns_resolver_ares.cc,"(26, 10)-(26, 18)",b'#include <vector>\n'
core,../repos/grpc/src/core/ext/filters/client_channel/resolver/dns/c_ares/grpc_ares_ev_driver_windows.cc,"(25, 10)-(25, 15)",b'#include <map>\n'
core,../repos/grpc/src/core/ext/filters/client_channel/resolver/dns/c_ares/grpc_ares_ev_driver_windows.cc,"(27, 10)-(27, 25)",b'#include <unordered_set>\n'
core,../repos/grpc/src/core/ext/filters/client_channel/resolver/dns/c_ares/grpc_ares_wrapper.cc,"(22, 10)-(22, 18)",b'#include <vector>\n'
core,../repos/grpc/src/core/ext/filters/client_channel/resolver/dns/c_ares/grpc_ares_ev_driver_posix.cc,"(33, 10)-(33, 25)",b'#include <unordered_set>\n'
core,../repos/grpc/src/core/ext/filters/client_channel/resolver/dns/event_engine/event_engine_client_channel_resolver.cc,"(26, 10)-(26, 18)",b'#include <vector>\n'
core,../repos/grpc/src/core/ext/filters/client_channel/resolver/dns/event_engine/service_config_helper.cc,"(21, 10)-(21, 18)",b'#include <vector>\n'
core,../repos/grpc/src/core/ext/filters/client_channel/resolver/dns/native/dns_resolver.cc,"(22, 10)-(22, 18)",b'#include <vector>\n'
core,../repos/grpc/src/core/ext/filters/client_channel/resolver/polling_resolver.cc,"(26, 10)-(26, 18)",b'#include <vector>\n'
core,../repos/grpc/src/core/ext/filters/client_channel/resolver/xds/xds_resolver.cc,"(24, 10)-(24, 15)",b'#include <map>\n'
core,../repos/grpc/src/core/ext/filters/client_channel/resolver/xds/xds_resolver.cc,"(29, 10)-(29, 18)",b'#include <vector>\n'
core,../repos/grpc/src/core/ext/filters/rbac/rbac_service_config_parser.h,"(27, 10)-(27, 18)",b'#include <vector>\n'
core,../repos/grpc/src/core/ext/filters/rbac/rbac_service_config_parser.cc,"(22, 10)-(22, 15)",b'#include <map>\n'
core,../repos/grpc/src/core/ext/filters/http/client/http_client_filter.cc,"(27, 10)-(27, 18)",b'#include <vector>\n'
core,../repos/grpc/src/core/tsi/alts/crypt/gsec.h,"(29, 10)-(29, 18)",b'#include <vector>\n'
core,../repos/grpc/src/core/tsi/alts/handshaker/alts_handshaker_client.cc,"(23, 10)-(23, 16)",b'#include <list>\n'
core,../repos/grpc/src/core/tsi/ssl/session_cache/ssl_session_cache.h,"(24, 10)-(24, 15)",b'#include <map>\n'
core,../repos/grpc/src/core/tsi/ssl/key_logging/ssl_key_logging.h,"(21, 10)-(21, 15)",b'#include <map>\n'
core,../repos/grpc/src/core/tsi/ssl/key_logging/ssl_key_logging.cc,"(19, 10)-(19, 15)",b'#include <map>\n'
