Repo name,File name,Location,Content
core,../repos/grpc/src/core/lib/debug/trace.h,"(95, 3)-(95, 12)",b'constexpr DebugOnlyTraceFlag(bool /*default_e...'
core,../repos/grpc/src/core/lib/debug/trace.h,"(97, 3)-(97, 12)",b'constexpr bool enabled() const { return false; }'
core,../repos/grpc/src/core/lib/debug/trace.h,"(98, 3)-(98, 12)","b'constexpr const char* name() const { return ""...'"
core,../repos/grpc/src/core/lib/debug/trace.h,"(98, 13)-(98, 18)","b'constexpr const char* name() const { return ""...'"
core,../repos/grpc/src/core/lib/resource_quota/api.h,"(34, 1)-(34, 10)",b'constexpr size_t kResourceQuotaChannelSize = ...'
core,../repos/grpc/src/core/lib/resource_quota/arena.cc,"(33, 10)-(33, 19)",b'static constexpr size_t base_size =\n      GPR...'
core,../repos/grpc/src/core/lib/resource_quota/arena.cc,"(37, 10)-(37, 19)",b'static constexpr size_t alignment =\n      (GP...'
core,../repos/grpc/src/core/lib/resource_quota/arena.cc,"(69, 10)-(69, 19)",b'static constexpr size_t base_size =\n      GPR...'
core,../repos/grpc/src/core/lib/resource_quota/arena.cc,"(103, 10)-(103, 19)",b'static constexpr size_t zone_base_size =\n    ...'
core,../repos/grpc/src/core/lib/resource_quota/memory_quota.cc,"(52, 1)-(52, 10)",b'constexpr size_t kMaxReplenishBytes = 1024 * 1024;'
core,../repos/grpc/src/core/lib/resource_quota/memory_quota.cc,"(55, 1)-(55, 10)",b'constexpr size_t kMinReplenishBytes = 4096;'
core,../repos/grpc/src/core/lib/resource_quota/memory_quota.h,"(88, 8)-(88, 17)",b'static constexpr size_t kNumReclamationPasses = 3;'
core,../repos/grpc/src/core/lib/resource_quota/memory_quota.h,"(281, 8)-(281, 17)",b'static constexpr size_t kBigAllocatorThreshol...'
core,../repos/grpc/src/core/lib/resource_quota/memory_quota.h,"(284, 8)-(284, 17)",b'static constexpr size_t kSmallAllocatorThresh...'
core,../repos/grpc/src/core/lib/resource_quota/memory_quota.h,"(354, 10)-(354, 19)",b'static constexpr intptr_t kInitialSize = std:...'
core,../repos/grpc/src/core/lib/resource_quota/memory_quota.h,"(463, 10)-(463, 19)",b'static constexpr size_t kMaxQuotaBufferSize =...'
core,../repos/grpc/src/core/lib/resource_quota/memory_quota.h,"(572, 12)-(572, 21)",b'static constexpr double kMemoryPressureHighTh...'
core,../repos/grpc/src/core/lib/resource_quota/arena.h,"(66, 10)-(66, 19)",b'static constexpr size_t kPool = kIndex;'
core,../repos/grpc/src/core/lib/resource_quota/arena.h,"(67, 10)-(67, 19)",b'static constexpr size_t kSize = kSmallestRema...'
core,../repos/grpc/src/core/lib/resource_quota/arena.h,"(79, 1)-(79, 10)",b'constexpr size_t PoolFromObjectSize(\n    absl...'
core,../repos/grpc/src/core/lib/resource_quota/arena.h,"(85, 1)-(85, 10)",b'constexpr size_t AllocationSizeFromObjectSize...'
core,../repos/grpc/src/core/lib/resource_quota/arena.h,"(165, 12)-(165, 21)",b'static constexpr size_t base_size =\n        G...'
core,../repos/grpc/src/core/lib/gprpp/packed_table.h,"(28, 10)-(28, 19)",b'static constexpr bool kValue = alignof(A) > a...'
core,../repos/grpc/src/core/lib/gprpp/time.h,"(74, 1)-(74, 10)",b'constexpr inline int64_t MillisMul(int64_t mi...'
core,../repos/grpc/src/core/lib/gprpp/time.h,"(118, 3)-(118, 12)",b'constexpr Timestamp() = default;'
core,../repos/grpc/src/core/lib/gprpp/time.h,"(129, 10)-(129, 19)",b'static constexpr Timestamp FromMillisecondsAf...'
core,../repos/grpc/src/core/lib/gprpp/time.h,"(133, 10)-(133, 19)",b'static constexpr Timestamp ProcessEpoch() { r...'
core,../repos/grpc/src/core/lib/gprpp/time.h,"(135, 10)-(135, 19)",b'static constexpr Timestamp InfFuture() {\n    ...'
core,../repos/grpc/src/core/lib/gprpp/time.h,"(139, 10)-(139, 19)",b'static constexpr Timestamp InfPast() {\n    re...'
core,../repos/grpc/src/core/lib/gprpp/time.h,"(143, 3)-(143, 12)",b'constexpr bool operator==(Timestamp other) co...'
core,../repos/grpc/src/core/lib/gprpp/time.h,"(146, 3)-(146, 12)",b'constexpr bool operator!=(Timestamp other) co...'
core,../repos/grpc/src/core/lib/gprpp/time.h,"(149, 3)-(149, 12)",b'constexpr bool operator<(Timestamp other) con...'
core,../repos/grpc/src/core/lib/gprpp/time.h,"(152, 3)-(152, 12)",b'constexpr bool operator<=(Timestamp other) co...'
core,../repos/grpc/src/core/lib/gprpp/time.h,"(155, 3)-(155, 12)",b'constexpr bool operator>(Timestamp other) con...'
core,../repos/grpc/src/core/lib/gprpp/time.h,"(158, 3)-(158, 12)",b'constexpr bool operator>=(Timestamp other) co...'
core,../repos/grpc/src/core/lib/gprpp/time.h,"(172, 12)-(172, 21)",b'explicit constexpr Timestamp(int64_t millis) ...'
core,../repos/grpc/src/core/lib/gprpp/time.h,"(195, 3)-(195, 12)",b'constexpr Duration() noexcept : millis_(0) {}'
core,../repos/grpc/src/core/lib/gprpp/time.h,"(201, 10)-(201, 19)",b'static constexpr Duration Zero() { return Dur...'
core,../repos/grpc/src/core/lib/gprpp/time.h,"(204, 10)-(204, 19)",b'static constexpr Duration Epsilon() { return ...'
core,../repos/grpc/src/core/lib/gprpp/time.h,"(206, 10)-(206, 19)",b'static constexpr Duration NegativeInfinity() ...'
core,../repos/grpc/src/core/lib/gprpp/time.h,"(210, 10)-(210, 19)",b'static constexpr Duration Infinity() {\n    re...'
core,../repos/grpc/src/core/lib/gprpp/time.h,"(214, 10)-(214, 19)",b'static constexpr Duration Hours(int64_t hours...'
core,../repos/grpc/src/core/lib/gprpp/time.h,"(218, 10)-(218, 19)",b'static constexpr Duration Minutes(int64_t min...'
core,../repos/grpc/src/core/lib/gprpp/time.h,"(222, 10)-(222, 19)",b'static constexpr Duration Seconds(int64_t sec...'
core,../repos/grpc/src/core/lib/gprpp/time.h,"(226, 10)-(226, 19)",b'static constexpr Duration Milliseconds(int64_...'
core,../repos/grpc/src/core/lib/gprpp/time.h,"(230, 10)-(230, 19)",b'static constexpr Duration MicrosecondsRoundDo...'
core,../repos/grpc/src/core/lib/gprpp/time.h,"(234, 10)-(234, 19)",b'static constexpr Duration NanosecondsRoundDow...'
core,../repos/grpc/src/core/lib/gprpp/time.h,"(238, 10)-(238, 19)",b'static constexpr Duration MicrosecondsRoundUp...'
core,../repos/grpc/src/core/lib/gprpp/time.h,"(242, 10)-(242, 19)",b'static constexpr Duration NanosecondsRoundUp(...'
core,../repos/grpc/src/core/lib/gprpp/time.h,"(246, 3)-(246, 12)",b'constexpr bool operator==(Duration other) con...'
core,../repos/grpc/src/core/lib/gprpp/time.h,"(249, 3)-(249, 12)",b'constexpr bool operator!=(Duration other) con...'
core,../repos/grpc/src/core/lib/gprpp/time.h,"(252, 3)-(252, 12)",b'constexpr bool operator<(Duration other) cons...'
core,../repos/grpc/src/core/lib/gprpp/time.h,"(255, 3)-(255, 12)",b'constexpr bool operator<=(Duration other) con...'
core,../repos/grpc/src/core/lib/gprpp/time.h,"(258, 3)-(258, 12)",b'constexpr bool operator>(Duration other) cons...'
core,../repos/grpc/src/core/lib/gprpp/time.h,"(261, 3)-(261, 12)",b'constexpr bool operator>=(Duration other) con...'
core,../repos/grpc/src/core/lib/gprpp/time.h,"(280, 3)-(280, 12)",b'constexpr int64_t millis() const { return mil...'
core,../repos/grpc/src/core/lib/gprpp/time.h,"(296, 12)-(296, 21)",b'explicit constexpr Duration(int64_t millis) :...'
core,../repos/grpc/src/core/lib/gprpp/manual_constructor.h,"(46, 10)-(46, 19)",b'static constexpr const bool value = true;'
core,../repos/grpc/src/core/lib/gprpp/manual_constructor.h,"(46, 20)-(46, 25)",b'static constexpr const bool value = true;'
core,../repos/grpc/src/core/lib/gprpp/manual_constructor.h,"(52, 10)-(52, 19)",b'static constexpr const bool value = is_one_of...'
core,../repos/grpc/src/core/lib/gprpp/manual_constructor.h,"(52, 20)-(52, 25)",b'static constexpr const bool value = is_one_of...'
core,../repos/grpc/src/core/lib/gprpp/manual_constructor.h,"(58, 10)-(58, 19)",b'static constexpr const bool value = false;'
core,../repos/grpc/src/core/lib/gprpp/manual_constructor.h,"(58, 20)-(58, 25)",b'static constexpr const bool value = false;'
core,../repos/grpc/src/core/lib/gprpp/manual_constructor.h,"(69, 10)-(69, 19)",b'static constexpr const size_t value = sizeof(A);'
core,../repos/grpc/src/core/lib/gprpp/manual_constructor.h,"(69, 20)-(69, 25)",b'static constexpr const size_t value = sizeof(A);'
core,../repos/grpc/src/core/lib/gprpp/manual_constructor.h,"(75, 10)-(75, 19)",b'static constexpr const size_t value = sizeof(...'
core,../repos/grpc/src/core/lib/gprpp/manual_constructor.h,"(75, 20)-(75, 25)",b'static constexpr const size_t value = sizeof(...'
core,../repos/grpc/src/core/lib/gprpp/manual_constructor.h,"(88, 10)-(88, 19)",b'static constexpr const size_t value = alignof(A);'
core,../repos/grpc/src/core/lib/gprpp/manual_constructor.h,"(88, 20)-(88, 25)",b'static constexpr const size_t value = alignof(A);'
core,../repos/grpc/src/core/lib/gprpp/manual_constructor.h,"(94, 10)-(94, 19)",b'static constexpr const size_t value = alignof...'
core,../repos/grpc/src/core/lib/gprpp/manual_constructor.h,"(94, 20)-(94, 25)",b'static constexpr const size_t value = alignof...'
core,../repos/grpc/src/core/lib/gprpp/bitset.h,"(61, 1)-(61, 10)",b'constexpr size_t ChooseUnitBitsForBitSet(size...'
core,../repos/grpc/src/core/lib/gprpp/bitset.h,"(80, 10)-(80, 19)",b'static constexpr size_t kUnits = (kTotalBits ...'
core,../repos/grpc/src/core/lib/gprpp/bitset.h,"(84, 3)-(84, 12)",b'constexpr BitSet() : units_{} {}'
core,../repos/grpc/src/core/lib/gprpp/bitset.h,"(87, 3)-(87, 12)",b'constexpr void set(int i) { units_[unit_for(i...'
core,../repos/grpc/src/core/lib/gprpp/bitset.h,"(90, 3)-(90, 12)","b'constexpr void set(int i, bool is_set) {\n    ...'"
core,../repos/grpc/src/core/lib/gprpp/bitset.h,"(99, 3)-(99, 12)",b'constexpr void clear(int i) { units_[unit_for...'
core,../repos/grpc/src/core/lib/gprpp/bitset.h,"(102, 3)-(102, 12)",b'constexpr bool is_set(int i) const {\n    retu...'
core,../repos/grpc/src/core/lib/gprpp/bitset.h,"(188, 10)-(188, 19)",b'static constexpr size_t unit_for(size_t bit) ...'
core,../repos/grpc/src/core/lib/gprpp/bitset.h,"(191, 10)-(191, 19)",b'static constexpr Uint<kUnitBits> mask_for(siz...'
core,../repos/grpc/src/core/lib/gprpp/bitset.h,"(196, 10)-(196, 19)",b'static constexpr Uint<kUnitBits> all_ones() {...'
core,../repos/grpc/src/core/lib/gprpp/bitset.h,"(201, 10)-(201, 19)",b'static constexpr Uint<kUnitBits> n_ones(size_...'
core,../repos/grpc/src/core/lib/gprpp/bitset.h,"(216, 3)-(216, 12)",b'constexpr BitSet() {}'
core,../repos/grpc/src/core/lib/gprpp/table.h,"(84, 10)-(84, 19)",b'static constexpr size_t N =\n      static_cast...'
core,../repos/grpc/src/core/lib/gprpp/table.h,"(90, 10)-(90, 19)",b'static constexpr size_t N = 0;'
core,../repos/grpc/src/core/lib/gprpp/table.h,"(94, 1)-(94, 10)",b'constexpr size_t CountIncluded() {\n  return C...'
core,../repos/grpc/src/core/lib/gprpp/table.h,"(108, 10)-(108, 19)",b'static constexpr size_t N = 0;'
core,../repos/grpc/src/core/lib/gprpp/table.h,"(115, 10)-(115, 19)",b'static constexpr size_t N =\n      1 + IndexOf...'
core,../repos/grpc/src/core/lib/gprpp/table.h,"(125, 1)-(125, 10)",b'constexpr absl::enable_if_t<CountIncluded<Nee...'
core,../repos/grpc/src/core/lib/gprpp/table.h,"(350, 10)-(350, 19)",b'static constexpr size_t index_of() {\n    retu...'
core,../repos/grpc/src/core/lib/gprpp/sorted_pack.h,"(38, 10)-(38, 19)","b'static constexpr bool kCmpResult = Cmp<Arg, P...'"
core,../repos/grpc/src/core/lib/compression/compression_internal.cc,"(88, 10)-(88, 19)",b'static constexpr size_t kNumLists = 1 << GRPC...'
core,../repos/grpc/src/core/lib/compression/compression_internal.cc,"(90, 10)-(90, 19)",b'static constexpr size_t kTextBufferSize = 86;'
core,../repos/grpc/src/core/lib/event_engine/windows/grpc_polled_fd_windows.cc,"(55, 1)-(55, 10)",b'constexpr int kRecvFromSourceAddrSize = 200;'
core,../repos/grpc/src/core/lib/event_engine/windows/grpc_polled_fd_windows.cc,"(56, 1)-(56, 10)",b'constexpr int kReadBufferSize = 4192;'
core,../repos/grpc/src/core/lib/event_engine/windows/windows_endpoint.cc,"(38, 1)-(38, 10)",b'constexpr size_t kDefaultTargetReadSize = 8192;'
core,../repos/grpc/src/core/lib/event_engine/windows/windows_endpoint.cc,"(39, 1)-(39, 10)",b'constexpr int kMaxWSABUFCount = 16;'
core,../repos/grpc/src/core/lib/event_engine/thread_pool/work_stealing_thread_pool.cc,"(100, 1)-(100, 10)",b'constexpr auto kIdleThreadLimit = std::chrono...'
core,../repos/grpc/src/core/lib/event_engine/thread_pool/work_stealing_thread_pool.cc,"(102, 1)-(102, 10)",b'constexpr size_t kBlockingQuiesceLogRateSecon...'
core,../repos/grpc/src/core/lib/event_engine/thread_pool/work_stealing_thread_pool.cc,"(104, 1)-(104, 10)",b'constexpr grpc_core::Duration kTimeBetweenThr...'
core,../repos/grpc/src/core/lib/event_engine/thread_pool/work_stealing_thread_pool.cc,"(108, 1)-(108, 10)",b'constexpr grpc_core::Duration kWorkerThreadMi...'
core,../repos/grpc/src/core/lib/event_engine/thread_pool/work_stealing_thread_pool.cc,"(111, 1)-(111, 10)",b'constexpr grpc_core::Duration kWorkerThreadMa...'
core,../repos/grpc/src/core/lib/event_engine/thread_pool/work_stealing_thread_pool.cc,"(115, 1)-(115, 10)",b'constexpr grpc_core::Duration kLifeguardMinSl...'
core,../repos/grpc/src/core/lib/event_engine/thread_pool/work_stealing_thread_pool.cc,"(118, 1)-(118, 10)",b'constexpr grpc_core::Duration kLifeguardMaxSl...'
core,../repos/grpc/src/core/lib/event_engine/thread_pool/thread_count.cc,"(32, 3)-(32, 12)",b'constexpr grpc_core::Duration log_rate = grpc...'
core,../repos/grpc/src/core/lib/event_engine/tcp_socket_utils.cc,"(65, 1)-(65, 10)","b'constexpr uint8_t kV4MappedPrefix[] = {0, 0, ...'"
core,../repos/grpc/src/core/lib/event_engine/posix_engine/traced_buffer_list.cc,"(111, 3)-(111, 12)",b'constexpr int64_t cmsg_hdr_len = CMSG_ALIGN(s...'
core,../repos/grpc/src/core/lib/event_engine/posix_engine/traced_buffer_list.cc,"(202, 3)-(202, 12)",b'constexpr int kGrpcMaxPendingAckTimeMillis = ...'
core,../repos/grpc/src/core/lib/event_engine/posix_engine/tcp_socket_utils.h,"(55, 10)-(55, 19)",b'static constexpr int kDefaultReadChunkSize = 8192;'
core,../repos/grpc/src/core/lib/event_engine/posix_engine/tcp_socket_utils.h,"(56, 10)-(56, 19)",b'static constexpr int kDefaultMinReadChunksize...'
core,../repos/grpc/src/core/lib/event_engine/posix_engine/tcp_socket_utils.h,"(57, 10)-(57, 19)",b'static constexpr int kDefaultMaxReadChunksize...'
core,../repos/grpc/src/core/lib/event_engine/posix_engine/tcp_socket_utils.h,"(58, 10)-(58, 19)",b'static constexpr int kZerocpTxEnabledDefault = 0;'
core,../repos/grpc/src/core/lib/event_engine/posix_engine/tcp_socket_utils.h,"(59, 10)-(59, 19)",b'static constexpr int kMaxChunkSize = 32 * 102...'
core,../repos/grpc/src/core/lib/event_engine/posix_engine/tcp_socket_utils.h,"(60, 10)-(60, 19)",b'static constexpr int kDefaultMaxSends = 4;'
core,../repos/grpc/src/core/lib/event_engine/posix_engine/tcp_socket_utils.h,"(61, 10)-(61, 19)",b'static constexpr size_t kDefaultSendBytesThre...'
core,../repos/grpc/src/core/lib/event_engine/posix_engine/tcp_socket_utils.h,"(63, 10)-(63, 19)",b'static constexpr int kReadBufferSizeUnset = -1;'
core,../repos/grpc/src/core/lib/event_engine/posix_engine/tcp_socket_utils.h,"(64, 10)-(64, 19)",b'static constexpr int kDscpNotSet = -1;'
core,../repos/grpc/src/core/lib/event_engine/posix_engine/internal_errqueue.h,"(45, 1)-(45, 10)",b'constexpr int SCM_TSTAMP_SND = 0;'
core,../repos/grpc/src/core/lib/event_engine/posix_engine/internal_errqueue.h,"(47, 1)-(47, 10)",b'constexpr int SCM_TSTAMP_SCHED = 1;'
core,../repos/grpc/src/core/lib/event_engine/posix_engine/internal_errqueue.h,"(49, 1)-(49, 10)",b'constexpr int SCM_TSTAMP_ACK = 2;'
core,../repos/grpc/src/core/lib/event_engine/posix_engine/internal_errqueue.h,"(57, 1)-(57, 10)",b'constexpr uint32_t SOF_TIMESTAMPING_TX_SOFTWA...'
core,../repos/grpc/src/core/lib/event_engine/posix_engine/internal_errqueue.h,"(58, 1)-(58, 10)",b'constexpr uint32_t SOF_TIMESTAMPING_SOFTWARE ...'
core,../repos/grpc/src/core/lib/event_engine/posix_engine/internal_errqueue.h,"(59, 1)-(59, 10)",b'constexpr uint32_t SOF_TIMESTAMPING_OPT_ID = ...'
core,../repos/grpc/src/core/lib/event_engine/posix_engine/internal_errqueue.h,"(60, 1)-(60, 10)",b'constexpr uint32_t SOF_TIMESTAMPING_TX_SCHED ...'
core,../repos/grpc/src/core/lib/event_engine/posix_engine/internal_errqueue.h,"(61, 1)-(61, 10)",b'constexpr uint32_t SOF_TIMESTAMPING_TX_ACK = ...'
core,../repos/grpc/src/core/lib/event_engine/posix_engine/internal_errqueue.h,"(62, 1)-(62, 10)",b'constexpr uint32_t SOF_TIMESTAMPING_OPT_TSONL...'
core,../repos/grpc/src/core/lib/event_engine/posix_engine/internal_errqueue.h,"(63, 1)-(63, 10)",b'constexpr uint32_t SOF_TIMESTAMPING_OPT_STATS...'
core,../repos/grpc/src/core/lib/event_engine/posix_engine/internal_errqueue.h,"(65, 1)-(65, 10)",b'constexpr uint32_t kTimestampingSocketOptions...'
core,../repos/grpc/src/core/lib/event_engine/posix_engine/internal_errqueue.h,"(68, 1)-(68, 10)",b'constexpr uint32_t kTimestampingRecordingOpti...'
core,../repos/grpc/src/core/lib/event_engine/posix_engine/posix_endpoint.cc,"(304, 3)-(304, 12)",b'constexpr size_t cmsg_alloc_space =\n      CMS...'
core,../repos/grpc/src/core/lib/event_engine/posix_engine/posix_endpoint.cc,"(307, 3)-(307, 12)",b'constexpr size_t cmsg_alloc_space = 24;'
core,../repos/grpc/src/core/lib/event_engine/posix_engine/posix_endpoint.cc,"(486, 10)-(486, 19)",b'static constexpr int kRcvLowatMax = 16 * 1024...'
core,../repos/grpc/src/core/lib/event_engine/posix_engine/posix_endpoint.cc,"(487, 10)-(487, 19)",b'static constexpr int kRcvLowatThreshold = 16 ...'
core,../repos/grpc/src/core/lib/event_engine/posix_engine/posix_endpoint.cc,"(690, 3)-(690, 12)",b'constexpr size_t cmsg_alloc_space =\n      CMS...'
core,../repos/grpc/src/core/lib/event_engine/posix_engine/posix_endpoint.h,"(168, 10)-(168, 19)",b'static constexpr int kDefaultMaxSends = 4;'
core,../repos/grpc/src/core/lib/event_engine/posix_engine/posix_endpoint.h,"(169, 10)-(169, 19)",b'static constexpr size_t kDefaultSendBytesThre...'
core,../repos/grpc/src/core/lib/event_engine/ares_resolver.cc,"(103, 1)-(103, 10)",b'constexpr EventEngine::Duration kAresBackupPo...'
core,../repos/grpc/src/core/lib/channel/promise_based_filter.h,"(136, 8)-(136, 17)",b'inline constexpr bool HasAsyncErrorIntercepto...'
core,../repos/grpc/src/core/lib/channel/promise_based_filter.h,"(138, 8)-(138, 17)",b'inline constexpr bool HasAsyncErrorIntercepto...'
core,../repos/grpc/src/core/lib/channel/promise_based_filter.h,"(143, 8)-(143, 17)",b'inline constexpr bool HasAsyncErrorIntercepto...'
core,../repos/grpc/src/core/lib/channel/promise_based_filter.h,"(148, 8)-(148, 17)",b'inline constexpr bool HasAsyncErrorIntercepto...'
core,../repos/grpc/src/core/lib/channel/promise_based_filter.h,"(153, 8)-(153, 17)",b'inline constexpr bool HasAsyncErrorIntercepto...'
core,../repos/grpc/src/core/lib/channel/promise_based_filter.h,"(158, 8)-(158, 17)",b'inline constexpr bool HasAsyncErrorIntercepto...'
core,../repos/grpc/src/core/lib/channel/promise_based_filter.h,"(164, 8)-(164, 17)",b'inline constexpr bool HasAsyncErrorIntercepto...'
core,../repos/grpc/src/core/lib/channel/promise_based_filter.h,"(171, 8)-(171, 17)",b'inline constexpr bool HasAsyncErrorIntercepto...'
core,../repos/grpc/src/core/lib/channel/promise_based_filter.h,"(180, 8)-(180, 17)",b'inline constexpr bool CallHasAsyncErrorInterc...'
core,../repos/grpc/src/core/lib/channel/promise_based_filter.h,"(190, 8)-(190, 17)",b'inline constexpr bool HasChannelAccess() { re...'
core,../repos/grpc/src/core/lib/channel/promise_based_filter.h,"(192, 8)-(192, 17)",b'inline constexpr bool HasChannelAccess(const ...'
core,../repos/grpc/src/core/lib/channel/promise_based_filter.h,"(195, 8)-(195, 17)",b'inline constexpr bool HasChannelAccess(R (T::...'
core,../repos/grpc/src/core/lib/channel/promise_based_filter.h,"(200, 8)-(200, 17)",b'inline constexpr bool HasChannelAccess(R (T::*)())'
core,../repos/grpc/src/core/lib/channel/promise_based_filter.h,"(205, 8)-(205, 17)",b'inline constexpr bool HasChannelAccess(R (T::...'
core,../repos/grpc/src/core/lib/channel/promise_based_filter.h,"(212, 8)-(212, 17)","b'inline constexpr bool HasChannelAccess(I1 i1,...'"
core,../repos/grpc/src/core/lib/channel/promise_based_filter.h,"(221, 8)-(221, 17)",b'inline constexpr bool CallHasChannelAccess() ...'
core,../repos/grpc/src/core/lib/channel/promise_based_filter.h,"(1128, 8)-(1128, 17)",b'static constexpr uint8_t kFilterExaminesServe...'
core,../repos/grpc/src/core/lib/channel/promise_based_filter.h,"(1129, 8)-(1129, 17)",b'static constexpr uint8_t kFilterIsLast = 2;'
core,../repos/grpc/src/core/lib/channel/promise_based_filter.h,"(1130, 8)-(1130, 17)",b'static constexpr uint8_t kFilterExaminesOutbo...'
core,../repos/grpc/src/core/lib/channel/promise_based_filter.h,"(1131, 8)-(1131, 17)",b'static constexpr uint8_t kFilterExaminesInbou...'
core,../repos/grpc/src/core/lib/channel/promise_based_filter.h,"(1132, 8)-(1132, 17)",b'static constexpr uint8_t kFilterExaminesCallC...'
core,../repos/grpc/src/core/lib/channel/channel_args.h,"(189, 10)-(189, 19)",b'static constexpr bool kValue = false;'
core,../repos/grpc/src/core/lib/channel/channel_args.h,"(195, 10)-(195, 19)",b'static constexpr bool kValue = T::ChannelArgU...'
core,../repos/grpc/src/core/lib/gpr/log.cc,"(39, 8)-(39, 17)",b'static constexpr gpr_atm GPR_LOG_SEVERITY_UNS...'
core,../repos/grpc/src/core/lib/gpr/log.cc,"(40, 8)-(40, 17)",b'static constexpr gpr_atm GPR_LOG_SEVERITY_NON...'
core,../repos/grpc/src/core/lib/gpr/useful.h,"(42, 1)-(42, 10)","b'constexpr T RotateLeft(T x, T n) {\n  return (...'"
core,../repos/grpc/src/core/lib/gpr/useful.h,"(46, 1)-(46, 10)","b'constexpr T RotateRight(T x, T n) {\n  return ...'"
core,../repos/grpc/src/core/lib/gpr/useful.h,"(69, 8)-(69, 17)",b'inline constexpr uint32_t HexdigitBitcount(ui...'
core,../repos/grpc/src/core/lib/gpr/useful.h,"(75, 8)-(75, 17)",b'inline constexpr uint32_t BitCount(uint32_t i...'
core,../repos/grpc/src/core/lib/gpr/useful.h,"(82, 8)-(82, 17)",b'inline constexpr uint32_t BitCount(uint64_t i...'
core,../repos/grpc/src/core/lib/gpr/useful.h,"(87, 8)-(87, 17)",b'inline constexpr uint32_t BitCount(uint16_t i...'
core,../repos/grpc/src/core/lib/gpr/useful.h,"(90, 8)-(90, 17)",b'inline constexpr uint32_t BitCount(uint8_t i)...'
core,../repos/grpc/src/core/lib/gpr/useful.h,"(93, 8)-(93, 17)",b'inline constexpr uint32_t BitCount(int64_t i)...'
core,../repos/grpc/src/core/lib/gpr/useful.h,"(96, 8)-(96, 17)",b'inline constexpr uint32_t BitCount(int32_t i)...'
core,../repos/grpc/src/core/lib/gpr/useful.h,"(99, 8)-(99, 17)",b'inline constexpr uint32_t BitCount(int16_t i)...'
core,../repos/grpc/src/core/lib/gpr/useful.h,"(102, 8)-(102, 17)",b'inline constexpr uint32_t BitCount(int8_t i) ...'
core,../repos/grpc/src/core/lib/gpr/useful.h,"(144, 1)-(144, 10)","b'constexpr size_t HashPointer(T* p, size_t ran...'"
core,../repos/grpc/src/core/lib/iomgr/socket_utils_posix.h,"(45, 10)-(45, 19)",b'static constexpr int kDefaultReadChunkSize = 8192;'
core,../repos/grpc/src/core/lib/iomgr/socket_utils_posix.h,"(46, 10)-(46, 19)",b'static constexpr int kDefaultMinReadChunksize...'
core,../repos/grpc/src/core/lib/iomgr/socket_utils_posix.h,"(47, 10)-(47, 19)",b'static constexpr int kDefaultMaxReadChunksize...'
core,../repos/grpc/src/core/lib/iomgr/socket_utils_posix.h,"(48, 10)-(48, 19)",b'static constexpr int kZerocpTxEnabledDefault = 0;'
core,../repos/grpc/src/core/lib/iomgr/socket_utils_posix.h,"(49, 10)-(49, 19)",b'static constexpr int kMaxChunkSize = 32 * 102...'
core,../repos/grpc/src/core/lib/iomgr/socket_utils_posix.h,"(50, 10)-(50, 19)",b'static constexpr int kDefaultMaxSends = 4;'
core,../repos/grpc/src/core/lib/iomgr/socket_utils_posix.h,"(51, 10)-(51, 19)",b'static constexpr size_t kDefaultSendBytesThre...'
core,../repos/grpc/src/core/lib/iomgr/socket_utils_posix.h,"(53, 10)-(53, 19)",b'static constexpr int kReadBufferSizeUnset = -1;'
core,../repos/grpc/src/core/lib/iomgr/socket_utils_posix.h,"(54, 10)-(54, 19)",b'static constexpr int kDscpNotSet = -1;'
core,../repos/grpc/src/core/lib/iomgr/internal_errqueue.h,"(55, 1)-(55, 10)",b'constexpr int SCM_TSTAMP_SND = 0;'
core,../repos/grpc/src/core/lib/iomgr/internal_errqueue.h,"(57, 1)-(57, 10)",b'constexpr int SCM_TSTAMP_SCHED = 1;'
core,../repos/grpc/src/core/lib/iomgr/internal_errqueue.h,"(59, 1)-(59, 10)",b'constexpr int SCM_TSTAMP_ACK = 2;'
core,../repos/grpc/src/core/lib/iomgr/internal_errqueue.h,"(67, 1)-(67, 10)",b'constexpr uint32_t SOF_TIMESTAMPING_TX_SOFTWA...'
core,../repos/grpc/src/core/lib/iomgr/internal_errqueue.h,"(68, 1)-(68, 10)",b'constexpr uint32_t SOF_TIMESTAMPING_SOFTWARE ...'
core,../repos/grpc/src/core/lib/iomgr/internal_errqueue.h,"(69, 1)-(69, 10)",b'constexpr uint32_t SOF_TIMESTAMPING_OPT_ID = ...'
core,../repos/grpc/src/core/lib/iomgr/internal_errqueue.h,"(70, 1)-(70, 10)",b'constexpr uint32_t SOF_TIMESTAMPING_TX_SCHED ...'
core,../repos/grpc/src/core/lib/iomgr/internal_errqueue.h,"(71, 1)-(71, 10)",b'constexpr uint32_t SOF_TIMESTAMPING_TX_ACK = ...'
core,../repos/grpc/src/core/lib/iomgr/internal_errqueue.h,"(72, 1)-(72, 10)",b'constexpr uint32_t SOF_TIMESTAMPING_OPT_TSONL...'
core,../repos/grpc/src/core/lib/iomgr/internal_errqueue.h,"(73, 1)-(73, 10)",b'constexpr uint32_t SOF_TIMESTAMPING_OPT_STATS...'
core,../repos/grpc/src/core/lib/iomgr/internal_errqueue.h,"(75, 1)-(75, 10)",b'constexpr uint32_t kTimestampingSocketOptions...'
core,../repos/grpc/src/core/lib/iomgr/internal_errqueue.h,"(78, 1)-(78, 10)",b'constexpr uint32_t kTimestampingRecordingOpti...'
core,../repos/grpc/src/core/lib/iomgr/event_engine_shims/endpoint.cc,"(57, 1)-(57, 10)",b'constexpr int64_t kShutdownBit = static_cast<...'
core,../repos/grpc/src/core/lib/iomgr/call_combiner.cc,"(38, 1)-(38, 10)",b'constexpr intptr_t kErrorBit = 1;'
core,../repos/grpc/src/core/lib/iomgr/resolve_address.h,"(42, 1)-(42, 10)",b'constexpr int kDefaultSecurePortInt = 443;'
core,../repos/grpc/src/core/lib/iomgr/resolve_address.h,"(43, 1)-(43, 10)",b'constexpr Duration kDefaultDNSRequestTimeout ...'
core,../repos/grpc/src/core/lib/iomgr/tcp_posix.cc,"(197, 10)-(197, 19)",b'static constexpr int kDefaultMaxSends = 4;'
core,../repos/grpc/src/core/lib/iomgr/tcp_posix.cc,"(198, 10)-(198, 19)",b'static constexpr size_t kDefaultSendBytesThre...'
core,../repos/grpc/src/core/lib/iomgr/tcp_posix.cc,"(851, 10)-(851, 19)",b'static constexpr int kRcvLowatMax = 16 * 1024...'
core,../repos/grpc/src/core/lib/iomgr/tcp_posix.cc,"(852, 10)-(852, 19)",b'static constexpr int kRcvLowatThreshold = 16 ...'
core,../repos/grpc/src/core/lib/iomgr/tcp_posix.cc,"(903, 3)-(903, 12)",b'constexpr size_t cmsg_alloc_space =\n      CMS...'
core,../repos/grpc/src/core/lib/iomgr/tcp_posix.cc,"(906, 3)-(906, 12)",b'constexpr size_t cmsg_alloc_space = 24 /* CMS...'
core,../repos/grpc/src/core/lib/iomgr/tcp_posix.cc,"(1395, 3)-(1395, 12)",b'constexpr size_t cmsg_alloc_space =\n      CMS...'
core,../repos/grpc/src/core/lib/iomgr/buffer_list.cc,"(103, 3)-(103, 12)",b'constexpr int64_t cmsg_hdr_len = CMSG_ALIGN(s...'
core,../repos/grpc/src/core/lib/iomgr/buffer_list.cc,"(201, 3)-(201, 12)",b'constexpr int kGrpcMaxPendingAckTimeMillis = ...'
core,../repos/grpc/src/core/lib/iomgr/tcp_server_posix.cc,"(84, 8)-(84, 17)",b'static constexpr grpc_core::Duration kRetryAc...'
core,../repos/grpc/src/core/lib/promise/detail/promise_factory.h,"(61, 10)-(61, 19)",b'static constexpr bool value = false;'
core,../repos/grpc/src/core/lib/promise/detail/promise_factory.h,"(65, 10)-(65, 19)",b'static constexpr bool value = true;'
core,../repos/grpc/src/core/lib/promise/try_seq.h,"(96, 10)-(96, 19)",b'static constexpr bool value = true;'
core,../repos/grpc/src/core/lib/promise/try_seq.h,"(101, 10)-(101, 19)",b'static constexpr bool value = false;'
core,../repos/grpc/src/core/lib/promise/try_seq.h,"(106, 10)-(106, 19)",b'static constexpr bool value = false;'
core,../repos/grpc/src/core/lib/promise/try_seq.h,"(111, 10)-(111, 19)",b'static constexpr bool value = false;'
core,../repos/grpc/src/core/lib/promise/try_seq.h,"(116, 10)-(116, 19)",b'static constexpr bool value = true;'
core,../repos/grpc/src/core/lib/promise/party.h,"(71, 8)-(71, 17)",b'static constexpr size_t kMaxParticipants = 16;'
core,../repos/grpc/src/core/lib/promise/party.h,"(229, 10)-(229, 19)",b'static constexpr uint64_t kWakeupMask    = 0x...'
core,../repos/grpc/src/core/lib/promise/party.h,"(231, 10)-(231, 19)",b'static constexpr uint64_t kAllocatedMask = 0x...'
core,../repos/grpc/src/core/lib/promise/party.h,"(233, 10)-(233, 19)",b'static constexpr uint64_t kDestroying    = 0x...'
core,../repos/grpc/src/core/lib/promise/party.h,"(235, 10)-(235, 19)",b'static constexpr uint64_t kLocked        = 0x...'
core,../repos/grpc/src/core/lib/promise/party.h,"(237, 10)-(237, 19)",b'static constexpr uint64_t kRefMask       = 0x...'
core,../repos/grpc/src/core/lib/promise/party.h,"(241, 10)-(241, 19)",b'static constexpr size_t kAllocatedShift = 16;'
core,../repos/grpc/src/core/lib/promise/party.h,"(243, 10)-(243, 19)",b'static constexpr size_t kRefShift = 40;'
core,../repos/grpc/src/core/lib/promise/party.h,"(245, 10)-(245, 19)",b'static constexpr uint64_t kOneRef = 1ull << k...'
core,../repos/grpc/src/core/lib/promise/party.h,"(593, 10)-(593, 19)",b'static constexpr uint8_t kNotPolling = 255;'
core,../repos/grpc/src/core/lib/promise/poll.h,"(196, 10)-(196, 19)",b'static constexpr bool is_poll() { return false; }'
core,../repos/grpc/src/core/lib/promise/poll.h,"(202, 10)-(202, 19)",b'static constexpr bool is_poll() { return true; }'
core,../repos/grpc/src/core/lib/json/json_reader.cc,"(96, 10)-(96, 19)",b'static constexpr uint32_t GRPC_JSON_READ_CHAR...'
core,../repos/grpc/src/core/lib/transport/timeout_encoding.cc,"(38, 1)-(38, 10)",b'constexpr int64_t kSecondsPerMinute = 60;'
core,../repos/grpc/src/core/lib/transport/timeout_encoding.cc,"(39, 1)-(39, 10)",b'constexpr int64_t kMinutesPerHour = 60;'
core,../repos/grpc/src/core/lib/transport/timeout_encoding.cc,"(40, 1)-(40, 10)",b'constexpr int64_t kMaxHours = 27000;'
core,../repos/grpc/src/core/lib/transport/parsed_metadata.h,"(50, 10)-(50, 19)",b'static constexpr bool value =\n      (std::is_...'
core,../repos/grpc/src/core/lib/transport/transport.h,"(1004, 1)-(1004, 10)",b'constexpr const char* kKeepaliveThrottlingKey...'
core,../repos/grpc/src/core/lib/transport/transport.h,"(1004, 11)-(1004, 16)",b'constexpr const char* kKeepaliveThrottlingKey...'
core,../repos/grpc/src/core/lib/transport/metadata_batch.h,"(80, 10)-(80, 19)",b'static constexpr bool kRepeatable = false;'
core,../repos/grpc/src/core/lib/transport/metadata_batch.h,"(96, 10)-(96, 19)",b'static constexpr bool kRepeatable = false;'
core,../repos/grpc/src/core/lib/transport/metadata_batch.h,"(125, 10)-(125, 19)",b'static constexpr bool kRepeatable = false;'
core,../repos/grpc/src/core/lib/transport/metadata_batch.h,"(153, 10)-(153, 19)",b'static constexpr bool kRepeatable = false;'
core,../repos/grpc/src/core/lib/transport/metadata_batch.h,"(182, 10)-(182, 19)",b'static constexpr bool kRepeatable = false;'
core,../repos/grpc/src/core/lib/transport/metadata_batch.h,"(230, 10)-(230, 19)",b'static constexpr bool kRepeatable = false;'
core,../repos/grpc/src/core/lib/transport/metadata_batch.h,"(238, 10)-(238, 19)",b'static constexpr bool kRepeatable = false;'
core,../repos/grpc/src/core/lib/transport/metadata_batch.h,"(245, 10)-(245, 19)",b'static constexpr bool kRepeatable = false;'
core,../repos/grpc/src/core/lib/transport/metadata_batch.h,"(263, 10)-(263, 19)",b'static constexpr bool kRepeatable = false;'
core,../repos/grpc/src/core/lib/transport/metadata_batch.h,"(270, 10)-(270, 19)",b'static constexpr bool kRepeatable = false;'
core,../repos/grpc/src/core/lib/transport/metadata_batch.h,"(277, 10)-(277, 19)",b'static constexpr bool kRepeatable = false;'
core,../repos/grpc/src/core/lib/transport/metadata_batch.h,"(284, 10)-(284, 19)",b'static constexpr bool kRepeatable = false;'
core,../repos/grpc/src/core/lib/transport/metadata_batch.h,"(291, 10)-(291, 19)",b'static constexpr bool kRepeatable = false;'
core,../repos/grpc/src/core/lib/transport/metadata_batch.h,"(298, 10)-(298, 19)",b'static constexpr bool kRepeatable = false;'
core,../repos/grpc/src/core/lib/transport/metadata_batch.h,"(305, 10)-(305, 19)",b'static constexpr bool kRepeatable = false;'
core,../repos/grpc/src/core/lib/transport/metadata_batch.h,"(312, 10)-(312, 19)",b'static constexpr bool kRepeatable = false;'
core,../repos/grpc/src/core/lib/transport/metadata_batch.h,"(319, 10)-(319, 19)",b'static constexpr bool kRepeatable = false;'
core,../repos/grpc/src/core/lib/transport/metadata_batch.h,"(326, 10)-(326, 19)",b'static constexpr bool kRepeatable = false;'
core,../repos/grpc/src/core/lib/transport/metadata_batch.h,"(346, 10)-(346, 19)",b'static constexpr Int invalid_value() { return...'
core,../repos/grpc/src/core/lib/transport/metadata_batch.h,"(360, 10)-(360, 19)",b'static constexpr bool kRepeatable = false;'
core,../repos/grpc/src/core/lib/transport/metadata_batch.h,"(368, 10)-(368, 19)",b'static constexpr bool kRepeatable = false;'
core,../repos/grpc/src/core/lib/transport/metadata_batch.h,"(375, 10)-(375, 19)",b'static constexpr bool kRepeatable = false;'
core,../repos/grpc/src/core/lib/transport/metadata_batch.h,"(392, 10)-(392, 19)",b'static constexpr bool kRepeatable = false;'
core,../repos/grpc/src/core/lib/transport/metadata_batch.h,"(402, 10)-(402, 19)",b'static constexpr bool kRepeatable = false;'
core,../repos/grpc/src/core/lib/transport/metadata_batch.h,"(426, 10)-(426, 19)",b'static constexpr bool kRepeatable = false;'
core,../repos/grpc/src/core/lib/transport/metadata_batch.h,"(433, 10)-(433, 19)",b'static constexpr bool kRepeatable = true;'
core,../repos/grpc/src/core/lib/transport/metadata_batch.h,"(454, 10)-(454, 19)",b'static constexpr bool kRepeatable = false;'
core,../repos/grpc/src/core/lib/transport/metadata_batch.h,"(465, 10)-(465, 19)",b'static constexpr bool kRepeatable = false;'
core,../repos/grpc/src/core/lib/transport/metadata_batch.h,"(473, 10)-(473, 19)",b'static constexpr bool kRepeatable = true;'
core,../repos/grpc/src/core/lib/transport/metadata_batch.h,"(481, 10)-(481, 19)",b'static constexpr bool kRepeatable = false;'
core,../repos/grpc/src/core/lib/transport/metadata_batch.h,"(490, 10)-(490, 19)",b'static constexpr bool kRepeatable = false;'
core,../repos/grpc/src/core/lib/transport/metadata_batch.h,"(502, 10)-(502, 19)",b'static constexpr bool kRepeatable = false;'
core,../repos/grpc/src/core/lib/transport/metadata_batch.h,"(510, 10)-(510, 19)",b'static constexpr bool kRepeatable = false;'
core,../repos/grpc/src/core/lib/transport/metadata_batch.h,"(520, 10)-(520, 19)",b'static constexpr bool kRepeatable = false;'
core,../repos/grpc/src/core/lib/transport/metadata_batch.h,"(529, 10)-(529, 19)",b'static constexpr bool kRepeatable = false;'
core,../repos/grpc/src/core/lib/surface/channel.h,"(134, 12)-(134, 21)",b'static constexpr size_t kRoundUpSize = 256;'
core,../repos/grpc/src/core/lib/surface/validate_metadata.cc,"(37, 3)-(37, 12)",b'constexpr LegalHeaderKeyBits() {\n    for (int...'
core,../repos/grpc/src/core/lib/surface/validate_metadata.cc,"(45, 1)-(45, 10)",b'constexpr LegalHeaderKeyBits g_legal_header_k...'
core,../repos/grpc/src/core/lib/surface/validate_metadata.cc,"(111, 3)-(111, 12)",b'constexpr LegalHeaderNonBinValueBits() {\n    ...'
core,../repos/grpc/src/core/lib/surface/validate_metadata.cc,"(117, 1)-(117, 10)",b'constexpr LegalHeaderNonBinValueBits g_legal_...'
core,../repos/grpc/src/core/lib/surface/call.cc,"(169, 10)-(169, 19)",b'static constexpr size_t kMaxConcurrentBatches = 6;'
core,../repos/grpc/src/core/lib/surface/call.cc,"(592, 10)-(592, 19)",b'static constexpr gpr_atm kRecvNone = 0;'
core,../repos/grpc/src/core/lib/surface/call.cc,"(593, 10)-(593, 19)",b'static constexpr gpr_atm kRecvInitialMetadata...'
core,../repos/grpc/src/core/lib/surface/call.cc,"(2297, 10)-(2297, 19)",b'static constexpr uint32_t PendingOpBit(Pendin...'
core,../repos/grpc/src/core/lib/surface/call.cc,"(2396, 12)-(2396, 21)","b""static constexpr uint32_t kOpFailed = 0x8000'..."""
core,../repos/grpc/src/core/lib/surface/call.cc,"(2397, 12)-(2397, 21)",b'static constexpr uint32_t kOpForceSuccess = 0...'
core,../repos/grpc/src/core/lib/surface/call.cc,"(3387, 12)-(3387, 21)",b'static constexpr uintptr_t kUnset = 0;'
core,../repos/grpc/src/core/lib/surface/call.cc,"(3388, 12)-(3388, 21)",b'static constexpr uintptr_t kFinishedWithFailu...'
core,../repos/grpc/src/core/lib/surface/call.cc,"(3389, 12)-(3389, 21)",b'static constexpr uintptr_t kFinishedWithSucce...'
core,../repos/grpc/src/core/lib/slice/percent_encoding.cc,"(37, 3)-(37, 12)","b""constexpr UrlTable() {\n    for (int i = 'a'; ..."""
core,../repos/grpc/src/core/lib/slice/percent_encoding.cc,"(48, 1)-(48, 10)",b'constexpr UrlTable g_url_table;'
core,../repos/grpc/src/core/lib/slice/percent_encoding.cc,"(52, 3)-(52, 12)",b'constexpr CompatibleTable() {\n    for (int i ...'
core,../repos/grpc/src/core/lib/slice/percent_encoding.cc,"(60, 1)-(60, 10)",b'constexpr CompatibleTable g_compatible_table;'
core,../repos/grpc/src/core/lib/slice/slice.h,"(75, 8)-(75, 17)",b'static constexpr grpc_slice EmptySlice() { re...'
core,../repos/grpc/src/core/lib/security/credentials/channel_creds_registry_init.cc,"(166, 12)-(166, 21)",b'static constexpr Duration kDefaultRefreshInte...'
core,../repos/grpc/src/core/lib/security/credentials/channel_creds_registry_init.cc,"(177, 1)-(177, 10)",b'constexpr Duration TlsChannelCredsFactory::Tl...'
core,../repos/grpc/src/core/lib/security/credentials/tls/grpc_tls_certificate_provider.cc,"(114, 8)-(114, 17)",b'static constexpr int64_t kMinimumFileWatcherR...'
core,../repos/grpc/src/core/lib/security/authorization/cel_authorization_engine.cc,"(37, 1)-(37, 10)","b'constexpr char kUrlPath[] = ""url_path"";'"
core,../repos/grpc/src/core/lib/security/authorization/cel_authorization_engine.cc,"(38, 1)-(38, 10)","b'constexpr char kHost[] = ""host"";'"
core,../repos/grpc/src/core/lib/security/authorization/cel_authorization_engine.cc,"(39, 1)-(39, 10)","b'constexpr char kMethod[] = ""method"";'"
core,../repos/grpc/src/core/lib/security/authorization/cel_authorization_engine.cc,"(40, 1)-(40, 10)","b'constexpr char kHeaders[] = ""headers"";'"
core,../repos/grpc/src/core/lib/security/authorization/cel_authorization_engine.cc,"(41, 1)-(41, 10)","b'constexpr char kSourceAddress[] = ""source_add...'"
core,../repos/grpc/src/core/lib/security/authorization/cel_authorization_engine.cc,"(42, 1)-(42, 10)","b'constexpr char kSourcePort[] = ""source_port"";'"
core,../repos/grpc/src/core/lib/security/authorization/cel_authorization_engine.cc,"(43, 1)-(43, 10)","b'constexpr char kDestinationAddress[] = ""desti...'"
core,../repos/grpc/src/core/lib/security/authorization/cel_authorization_engine.cc,"(44, 1)-(44, 10)","b'constexpr char kDestinationPort[] = ""destinat...'"
core,../repos/grpc/src/core/lib/security/authorization/cel_authorization_engine.cc,"(45, 1)-(45, 10)","b'constexpr char kSpiffeId[] = ""spiffe_id"";'"
core,../repos/grpc/src/core/lib/security/authorization/cel_authorization_engine.cc,"(46, 1)-(46, 10)","b'constexpr char kCertServerName[] = ""cert_serv...'"
core,../repos/grpc/src/core/lib/security/authorization/stdout_logger.cc,"(38, 1)-(38, 10)","b'constexpr absl::string_view kName = ""stdout_l...'"
core,../repos/grpc/src/core/lib/security/authorization/stdout_logger.cc,"(39, 1)-(39, 10)","b'constexpr char kLogFormat[] =\n    ""{\\""grpc_au...'"
core,../repos/grpc/src/core/ext/gcp/metadata_query.cc,"(48, 1)-(48, 10)",b'constexpr const char MetadataQuery::kZoneAttr...'
core,../repos/grpc/src/core/ext/gcp/metadata_query.cc,"(48, 11)-(48, 16)",b'constexpr const char MetadataQuery::kZoneAttr...'
core,../repos/grpc/src/core/ext/gcp/metadata_query.cc,"(49, 1)-(49, 10)",b'constexpr const char MetadataQuery::kClusterN...'
core,../repos/grpc/src/core/ext/gcp/metadata_query.cc,"(49, 11)-(49, 16)",b'constexpr const char MetadataQuery::kClusterN...'
core,../repos/grpc/src/core/ext/gcp/metadata_query.cc,"(50, 1)-(50, 10)",b'constexpr const char MetadataQuery::kRegionAt...'
core,../repos/grpc/src/core/ext/gcp/metadata_query.cc,"(50, 11)-(50, 16)",b'constexpr const char MetadataQuery::kRegionAt...'
core,../repos/grpc/src/core/ext/gcp/metadata_query.cc,"(51, 1)-(51, 10)",b'constexpr const char MetadataQuery::kInstance...'
core,../repos/grpc/src/core/ext/gcp/metadata_query.cc,"(51, 11)-(51, 16)",b'constexpr const char MetadataQuery::kInstance...'
core,../repos/grpc/src/core/ext/gcp/metadata_query.cc,"(52, 1)-(52, 10)",b'constexpr const char MetadataQuery::kIPv6Attr...'
core,../repos/grpc/src/core/ext/gcp/metadata_query.cc,"(52, 11)-(52, 16)",b'constexpr const char MetadataQuery::kIPv6Attr...'
core,../repos/grpc/src/core/ext/gcp/metadata_query.h,"(41, 10)-(41, 19)",b'static constexpr const char kZoneAttribute[] ...'
core,../repos/grpc/src/core/ext/gcp/metadata_query.h,"(41, 20)-(41, 25)",b'static constexpr const char kZoneAttribute[] ...'
core,../repos/grpc/src/core/ext/gcp/metadata_query.h,"(43, 10)-(43, 19)",b'static constexpr const char kClusterNameAttri...'
core,../repos/grpc/src/core/ext/gcp/metadata_query.h,"(43, 20)-(43, 25)",b'static constexpr const char kClusterNameAttri...'
core,../repos/grpc/src/core/ext/gcp/metadata_query.h,"(45, 10)-(45, 19)",b'static constexpr const char kRegionAttribute[...'
core,../repos/grpc/src/core/ext/gcp/metadata_query.h,"(45, 20)-(45, 25)",b'static constexpr const char kRegionAttribute[...'
core,../repos/grpc/src/core/ext/gcp/metadata_query.h,"(47, 10)-(47, 19)",b'static constexpr const char kInstanceIdAttrib...'
core,../repos/grpc/src/core/ext/gcp/metadata_query.h,"(47, 20)-(47, 25)",b'static constexpr const char kInstanceIdAttrib...'
core,../repos/grpc/src/core/ext/gcp/metadata_query.h,"(49, 10)-(49, 19)",b'static constexpr const char kIPv6Attribute[] ...'
core,../repos/grpc/src/core/ext/gcp/metadata_query.h,"(49, 20)-(49, 25)",b'static constexpr const char kIPv6Attribute[] ...'
core,../repos/grpc/src/core/ext/transport/chttp2/transport/hpack_constants.h,"(26, 8)-(26, 17)",b'static constexpr uint32_t kEntryOverhead = 32;'
core,../repos/grpc/src/core/ext/transport/chttp2/transport/hpack_constants.h,"(28, 8)-(28, 17)",b'static constexpr uint32_t kInitialTableSize =...'
core,../repos/grpc/src/core/ext/transport/chttp2/transport/hpack_constants.h,"(31, 8)-(31, 17)",b'static constexpr uint32_t kLastStaticEntry = 61;'
core,../repos/grpc/src/core/ext/transport/chttp2/transport/hpack_constants.h,"(33, 8)-(33, 17)",b'static constexpr uint32_t EntriesForBytes(uin...'
core,../repos/grpc/src/core/ext/transport/chttp2/transport/hpack_constants.h,"(37, 8)-(37, 17)",b'static constexpr size_t SizeForEntry(size_t k...'
core,../repos/grpc/src/core/ext/transport/chttp2/transport/hpack_constants.h,"(42, 8)-(42, 17)",b'static constexpr uint32_t kInitialTableEntrie...'
core,../repos/grpc/src/core/ext/transport/chttp2/transport/hpack_parser.cc,"(65, 1)-(65, 10)","b'constexpr char kBase64Alphabet[] =\n    ""ABCDE...'"
core,../repos/grpc/src/core/ext/transport/chttp2/transport/hpack_parser.cc,"(73, 3)-(73, 12)",b'constexpr Base64InverseTable() {\n    for (int...'
core,../repos/grpc/src/core/ext/transport/chttp2/transport/hpack_parser.cc,"(85, 1)-(85, 10)",b'constexpr Base64InverseTable kBase64InverseTable;'
core,../repos/grpc/src/core/ext/transport/chttp2/transport/flow_control.h,"(55, 8)-(55, 17)",b'static constexpr uint32_t kDefaultWindow = 65535;'
core,../repos/grpc/src/core/ext/transport/chttp2/transport/flow_control.h,"(56, 8)-(56, 17)",b'static constexpr uint32_t kDefaultFrameSize =...'
core,../repos/grpc/src/core/ext/transport/chttp2/transport/flow_control.h,"(57, 8)-(57, 17)",b'static constexpr int64_t kMaxWindow = static_...'
core,../repos/grpc/src/core/ext/transport/chttp2/transport/flow_control.h,"(59, 8)-(59, 17)",b'static constexpr uint32_t kMinPositiveInitial...'
core,../repos/grpc/src/core/ext/transport/chttp2/transport/flow_control.h,"(60, 8)-(60, 17)",b'static constexpr const uint32_t kMaxInitialWi...'
core,../repos/grpc/src/core/ext/transport/chttp2/transport/flow_control.h,"(60, 18)-(60, 23)",b'static constexpr const uint32_t kMaxInitialWi...'
core,../repos/grpc/src/core/ext/transport/chttp2/transport/flow_control.h,"(62, 8)-(62, 17)",b'static constexpr const int64_t kMaxWindowDelt...'
core,../repos/grpc/src/core/ext/transport/chttp2/transport/flow_control.h,"(62, 18)-(62, 23)",b'static constexpr const int64_t kMaxWindowDelt...'
core,../repos/grpc/src/core/ext/transport/chttp2/transport/flow_control.h,"(63, 8)-(63, 17)",b'static constexpr const int kDefaultPreferredR...'
core,../repos/grpc/src/core/ext/transport/chttp2/transport/flow_control.h,"(63, 18)-(63, 23)",b'static constexpr const int kDefaultPreferredR...'
core,../repos/grpc/src/core/ext/transport/chttp2/transport/flow_control.h,"(66, 8)-(66, 17)",b'static constexpr uint32_t kFrameSize = 1024 *...'
core,../repos/grpc/src/core/ext/transport/chttp2/transport/flow_control.h,"(67, 8)-(67, 17)",b'static constexpr const uint32_t kMinInitialWi...'
core,../repos/grpc/src/core/ext/transport/chttp2/transport/flow_control.h,"(67, 18)-(67, 23)",b'static constexpr const uint32_t kMinInitialWi...'
core,../repos/grpc/src/core/ext/transport/chttp2/transport/flow_control.cc,"(53, 1)-(53, 10)",b'constexpr const int64_t kMaxWindowUpdateSize ...'
core,../repos/grpc/src/core/ext/transport/chttp2/transport/flow_control.cc,"(53, 11)-(53, 16)",b'constexpr const int64_t kMaxWindowUpdateSize ...'
core,../repos/grpc/src/core/ext/transport/chttp2/transport/hpack_encoder.h,"(290, 10)-(290, 19)",b'static constexpr const size_t kNumPreviousVal...'
core,../repos/grpc/src/core/ext/transport/chttp2/transport/hpack_encoder.h,"(290, 20)-(290, 25)",b'static constexpr const size_t kNumPreviousVal...'
core,../repos/grpc/src/core/ext/transport/chttp2/transport/hpack_encoder.h,"(335, 10)-(335, 19)",b'static constexpr uint32_t kMaxTableSize = 102...'
core,../repos/grpc/src/core/ext/transport/chttp2/transport/hpack_encoder.h,"(369, 10)-(369, 19)",b'static constexpr size_t kNumFilterValues = 64;'
core,../repos/grpc/src/core/ext/transport/chttp2/transport/hpack_encoder.h,"(370, 10)-(370, 19)",b'static constexpr uint32_t kNumCachedGrpcStatu...'
core,../repos/grpc/src/core/ext/transport/chttp2/transport/write_size_policy.h,"(30, 10)-(30, 19)",b'static constexpr size_t MinTarget() { return ...'
core,../repos/grpc/src/core/ext/transport/chttp2/transport/write_size_policy.h,"(32, 10)-(32, 19)",b'static constexpr size_t MaxTarget() { return ...'
core,../repos/grpc/src/core/ext/transport/chttp2/transport/write_size_policy.h,"(34, 10)-(34, 19)",b'static constexpr Duration FastWrite() { retur...'
core,../repos/grpc/src/core/ext/transport/chttp2/transport/write_size_policy.h,"(36, 10)-(36, 19)",b'static constexpr Duration SlowWrite() { retur...'
core,../repos/grpc/src/core/ext/transport/chttp2/transport/write_size_policy.h,"(39, 10)-(39, 19)",b'static constexpr Duration TargetWriteTime() {...'
core,../repos/grpc/src/core/ext/transport/chttp2/transport/varint.h,"(35, 1)-(35, 10)",b'constexpr uint32_t MaxInVarintPrefix(uint8_t ...'
core,../repos/grpc/src/core/ext/transport/chttp2/transport/varint.h,"(48, 10)-(48, 19)",b'static constexpr uint32_t kMaxInPrefix = MaxI...'
core,../repos/grpc/src/core/ext/transport/chttp2/transport/hpack_encoder_table.h,"(38, 10)-(38, 19)",b'static constexpr size_t MaxEntrySize() {\n    ...'
core,../repos/grpc/src/core/ext/transport/chttp2/transport/hpack_encoder.cc,"(45, 1)-(45, 10)",b'constexpr size_t kHeadersFrameHeaderSize = 9;'
core,../repos/grpc/src/core/ext/transport/chttp2/transport/chttp2_transport.cc,"(1222, 5)-(1222, 14)",b'constexpr int max_keepalive_time_millis =\n   ...'
core,../repos/grpc/src/core/ext/transport/chttp2/transport/frame.cc,"(35, 1)-(35, 10)",b'constexpr uint8_t kFrameTypeData = 0;'
core,../repos/grpc/src/core/ext/transport/chttp2/transport/frame.cc,"(36, 1)-(36, 10)",b'constexpr uint8_t kFrameTypeHeader = 1;'
core,../repos/grpc/src/core/ext/transport/chttp2/transport/frame.cc,"(37, 1)-(37, 10)",b'constexpr uint8_t kFrameTypeContinuation = 9;'
core,../repos/grpc/src/core/ext/transport/chttp2/transport/frame.cc,"(38, 1)-(38, 10)",b'constexpr uint8_t kFrameTypeRstStream = 3;'
core,../repos/grpc/src/core/ext/transport/chttp2/transport/frame.cc,"(39, 1)-(39, 10)",b'constexpr uint8_t kFrameTypeSettings = 4;'
core,../repos/grpc/src/core/ext/transport/chttp2/transport/frame.cc,"(40, 1)-(40, 10)",b'constexpr uint8_t kFrameTypePing = 6;'
core,../repos/grpc/src/core/ext/transport/chttp2/transport/frame.cc,"(41, 1)-(41, 10)",b'constexpr uint8_t kFrameTypeGoaway = 7;'
core,../repos/grpc/src/core/ext/transport/chttp2/transport/frame.cc,"(42, 1)-(42, 10)",b'constexpr uint8_t kFrameTypeWindowUpdate = 8;'
core,../repos/grpc/src/core/ext/transport/chttp2/transport/frame.cc,"(43, 1)-(43, 10)",b'constexpr uint8_t kFrameTypePushPromise = 5;'
core,../repos/grpc/src/core/ext/transport/chttp2/transport/frame.cc,"(45, 1)-(45, 10)",b'constexpr uint8_t kFlagEndStream = 1;'
core,../repos/grpc/src/core/ext/transport/chttp2/transport/frame.cc,"(46, 1)-(46, 10)",b'constexpr uint8_t kFlagAck = 1;'
core,../repos/grpc/src/core/ext/transport/chttp2/transport/frame.cc,"(47, 1)-(47, 10)",b'constexpr uint8_t kFlagEndHeaders = 4;'
core,../repos/grpc/src/core/ext/transport/chttp2/transport/frame.cc,"(48, 1)-(48, 10)",b'constexpr uint8_t kFlagPadded = 8;'
core,../repos/grpc/src/core/ext/transport/chttp2/transport/frame.cc,"(49, 1)-(49, 10)",b'constexpr uint8_t kFlagPriority = 0x20;'
core,../repos/grpc/src/core/ext/transport/chttp2/transport/frame.cc,"(51, 1)-(51, 10)",b'constexpr size_t kFrameHeaderSize = 9;'
core,../repos/grpc/src/core/ext/transport/binder/wire_format/wire_reader_impl.h,"(131, 10)-(131, 19)",b'static constexpr int64_t kFlowControlAckBytes...'
core,../repos/grpc/src/core/ext/transport/chaotic_good/frame_header.h,"(63, 10)-(63, 19)",b'static constexpr size_t kFrameHeaderSize = 24;'
core,../repos/grpc/src/core/ext/xds/xds_bootstrap_grpc.cc,"(86, 1)-(86, 10)",b'constexpr absl::string_view kServerFeatureIgn...'
core,../repos/grpc/src/core/ext/xds/file_watcher_certificate_provider_factory.cc,"(41, 1)-(41, 10)",b'constexpr absl::string_view kFileWatcherPlugi...'
core,../repos/grpc/src/core/ext/xds/xds_lb_policy_registry.cc,"(318, 3)-(318, 12)",b'constexpr int kMaxRecursionDepth = 16;'
core,../repos/grpc/src/core/ext/filters/channel_idle/idle_filter_state.h,"(53, 10)-(53, 19)",b'static constexpr uintptr_t kTimerStarted = 1;'
core,../repos/grpc/src/core/ext/filters/channel_idle/idle_filter_state.h,"(56, 10)-(56, 19)",b'static constexpr uintptr_t kCallsStartedSince...'
core,../repos/grpc/src/core/ext/filters/channel_idle/idle_filter_state.h,"(58, 10)-(58, 19)",b'static constexpr uintptr_t kCallsInProgressSh...'
core,../repos/grpc/src/core/ext/filters/channel_idle/idle_filter_state.h,"(61, 10)-(61, 19)",b'static constexpr uintptr_t kCallIncrement = u...'
core,../repos/grpc/src/core/ext/filters/stateful_session/stateful_session_filter.cc,"(149, 10)-(149, 19)",b'static constexpr absl::string_view kClusterPr...'
core,../repos/grpc/src/core/ext/filters/client_channel/retry_filter.h,"(84, 12)-(84, 21)",b'static constexpr int kDefaultPerRpcRetryBuffe...'
core,../repos/grpc/src/core/ext/filters/client_channel/http_proxy_mapper.h,"(38, 10)-(38, 19)",b'static constexpr char const* kAddressProxyEnv...'
core,../repos/grpc/src/core/ext/filters/client_channel/http_proxy_mapper.h,"(38, 25)-(38, 30)",b'static constexpr char const* kAddressProxyEnv...'
core,../repos/grpc/src/core/ext/filters/client_channel/http_proxy_mapper.h,"(39, 10)-(39, 19)",b'static constexpr char const* kAddressProxyEna...'
core,../repos/grpc/src/core/ext/filters/client_channel/http_proxy_mapper.h,"(39, 25)-(39, 30)",b'static constexpr char const* kAddressProxyEna...'
core,../repos/grpc/src/core/ext/filters/client_channel/lb_policy/weighted_round_robin/static_stride_scheduler.cc,"(35, 1)-(35, 10)",b'constexpr uint16_t kMaxWeight = std::numeric_...'
core,../repos/grpc/src/core/ext/filters/client_channel/lb_policy/weighted_round_robin/static_stride_scheduler.cc,"(42, 1)-(42, 10)",b'constexpr double kMaxRatio = 10;'
core,../repos/grpc/src/core/ext/filters/client_channel/lb_policy/weighted_round_robin/static_stride_scheduler.cc,"(76, 1)-(76, 10)",b'constexpr double kMinRatio = 0.01;'
core,../repos/grpc/src/core/ext/filters/client_channel/lb_policy/weighted_round_robin/weighted_round_robin.cc,"(87, 1)-(87, 10)",b'constexpr absl::string_view kWeightedRoundRob...'
core,../repos/grpc/src/core/ext/filters/client_channel/lb_policy/weighted_target/weighted_target.cc,"(77, 1)-(77, 10)",b'constexpr absl::string_view kWeightedTarget =...'
core,../repos/grpc/src/core/ext/filters/client_channel/lb_policy/weighted_target/weighted_target.cc,"(81, 1)-(81, 10)",b'constexpr Duration kChildRetentionInterval = ...'
core,../repos/grpc/src/core/ext/filters/client_channel/lb_policy/round_robin/round_robin.cc,"(68, 1)-(68, 10)","b'constexpr absl::string_view kRoundRobin = ""ro...'"
core,../repos/grpc/src/core/ext/filters/client_channel/lb_policy/outlier_detection/outlier_detection.cc,"(84, 1)-(84, 10)",b'constexpr absl::string_view kOutlierDetection...'
core,../repos/grpc/src/core/ext/filters/client_channel/lb_policy/grpclb/grpclb.cc,"(166, 1)-(166, 10)","b'constexpr absl::string_view kGrpclb = ""grpclb"";'"
core,../repos/grpc/src/core/ext/filters/client_channel/lb_policy/rls/rls.cc,"(114, 1)-(114, 10)","b'constexpr absl::string_view kRls = ""rls_exper...'"
core,../repos/grpc/src/core/ext/filters/client_channel/lb_policy/priority/priority.cc,"(74, 1)-(74, 10)","b'constexpr absl::string_view kPriority = ""prio...'"
core,../repos/grpc/src/core/ext/filters/client_channel/lb_policy/priority/priority.cc,"(79, 1)-(79, 10)",b'constexpr Duration kChildRetentionInterval = ...'
core,../repos/grpc/src/core/ext/filters/client_channel/lb_policy/priority/priority.cc,"(83, 1)-(83, 10)",b'constexpr Duration kDefaultChildFailoverTimeo...'
core,../repos/grpc/src/core/ext/filters/client_channel/lb_policy/pick_first/pick_first.cc,"(79, 1)-(79, 10)","b'constexpr absl::string_view kPickFirst = ""pic...'"
core,../repos/grpc/src/core/ext/filters/client_channel/lb_policy/ring_hash/ring_hash.cc,"(115, 1)-(115, 10)","b'constexpr absl::string_view kRingHash = ""ring...'"
core,../repos/grpc/src/core/ext/filters/client_channel/lb_policy/ring_hash/ring_hash.cc,"(134, 1)-(134, 10)",b'constexpr size_t kRingSizeCapDefault = 4096;'
core,../repos/grpc/src/core/ext/filters/client_channel/lb_policy/xds/xds_cluster_manager.cc,"(73, 1)-(73, 10)",b'constexpr Duration kChildRetentionInterval = ...'
core,../repos/grpc/src/core/ext/filters/client_channel/lb_policy/xds/xds_cluster_manager.cc,"(74, 1)-(74, 10)",b'constexpr absl::string_view kXdsClusterManage...'
core,../repos/grpc/src/core/ext/filters/client_channel/lb_policy/xds/xds_wrr_locality.cc,"(61, 1)-(61, 10)",b'constexpr absl::string_view kXdsWrrLocality =...'
core,../repos/grpc/src/core/ext/filters/client_channel/lb_policy/xds/cds.cc,"(85, 1)-(85, 10)","b'constexpr absl::string_view kCds = ""cds_exper...'"
core,../repos/grpc/src/core/ext/filters/client_channel/lb_policy/xds/cds.cc,"(367, 10)-(367, 19)",b'static constexpr absl::string_view kArgXdsAgg...'
core,../repos/grpc/src/core/ext/filters/client_channel/lb_policy/xds/xds_cluster_impl.cc,"(151, 1)-(151, 10)",b'constexpr absl::string_view kXdsClusterImpl =...'
core,../repos/grpc/src/core/ext/filters/client_channel/resolver/dns/event_engine/event_engine_client_channel_resolver.cc,"(444, 14)-(444, 23)",b'static constexpr absl::string_view kServiceCo...'
core,../repos/grpc/src/core/ext/filters/client_channel/resolver/xds/xds_dependency_manager.h,"(105, 12)-(105, 21)",b'static constexpr bool ChannelArgUseConstPtr()...'
core,../repos/grpc/src/core/ext/filters/client_channel/resolver/xds/xds_dependency_manager.cc,"(35, 1)-(35, 10)",b'constexpr int kMaxXdsAggregateClusterRecursio...'
core,../repos/grpc/src/core/ext/filters/load_reporting/server_load_reporting_filter.cc,"(71, 1)-(71, 10)",b'constexpr char kEncodedIpv4AddressLengthStrin...'
core,../repos/grpc/src/core/ext/filters/load_reporting/server_load_reporting_filter.cc,"(72, 1)-(72, 10)",b'constexpr char kEncodedIpv6AddressLengthStrin...'
core,../repos/grpc/src/core/ext/filters/load_reporting/server_load_reporting_filter.cc,"(73, 1)-(73, 10)","b'constexpr char kEmptyAddressLengthString[] = ""00"";'"
core,../repos/grpc/src/core/tsi/alts/crypt/aes_gcm.cc,"(37, 1)-(37, 10)",b'constexpr size_t kKdfKeyLen = 32;'
core,../repos/grpc/src/core/tsi/alts/crypt/aes_gcm.cc,"(38, 1)-(38, 10)",b'constexpr size_t kKdfCounterLen = 6;'
core,../repos/grpc/src/core/tsi/alts/crypt/aes_gcm.cc,"(39, 1)-(39, 10)",b'constexpr size_t kKdfCounterOffset = 2;'
core,../repos/grpc/src/core/tsi/alts/crypt/aes_gcm.cc,"(40, 1)-(40, 10)",b'constexpr size_t kRekeyAeadKeyLen = kAes128Gc...'
core,../repos/grpc/src/core/tsi/alts/frame_protector/alts_frame_protector.cc,"(40, 1)-(40, 10)",b'constexpr size_t kMinFrameLength = 1024;'
core,../repos/grpc/src/core/tsi/alts/frame_protector/alts_frame_protector.cc,"(41, 1)-(41, 10)",b'constexpr size_t kDefaultFrameLength = 16 * 1024;'
core,../repos/grpc/src/core/tsi/alts/frame_protector/alts_frame_protector.cc,"(42, 1)-(42, 10)",b'constexpr size_t kMaxFrameLength = 1024 * 1024;'
core,../repos/grpc/src/core/tsi/alts/frame_protector/alts_frame_protector.cc,"(45, 1)-(45, 10)",b'constexpr size_t kAltsRecordProtocolRekeyFram...'
core,../repos/grpc/src/core/tsi/alts/frame_protector/alts_frame_protector.cc,"(46, 1)-(46, 10)",b'constexpr size_t kAltsRecordProtocolFrameLimi...'
core,../repos/grpc/src/core/tsi/alts/zero_copy_frame_protector/alts_zero_copy_grpc_protector.cc,"(38, 1)-(38, 10)",b'constexpr size_t kMinFrameLength = 1024;'
core,../repos/grpc/src/core/tsi/alts/zero_copy_frame_protector/alts_zero_copy_grpc_protector.cc,"(39, 1)-(39, 10)",b'constexpr size_t kDefaultFrameLength = 16 * 1024;'
core,../repos/grpc/src/core/tsi/alts/zero_copy_frame_protector/alts_zero_copy_grpc_protector.cc,"(40, 1)-(40, 10)",b'constexpr size_t kMaxFrameLength = 16 * 1024 ...'
core,../repos/grpc/src/core/tsi/alts/zero_copy_frame_protector/alts_iovec_record_protocol.h,"(28, 1)-(28, 10)",b'constexpr size_t kZeroCopyFrameMessageType = 0x06;'
core,../repos/grpc/src/core/tsi/alts/zero_copy_frame_protector/alts_iovec_record_protocol.h,"(29, 1)-(29, 10)",b'constexpr size_t kZeroCopyFrameLengthFieldSiz...'
core,../repos/grpc/src/core/tsi/alts/zero_copy_frame_protector/alts_iovec_record_protocol.h,"(30, 1)-(30, 10)",b'constexpr size_t kZeroCopyFrameMessageTypeFie...'
core,../repos/grpc/src/core/tsi/alts/zero_copy_frame_protector/alts_iovec_record_protocol.h,"(31, 1)-(31, 10)",b'constexpr size_t kZeroCopyFrameHeaderSize =\n ...'
core,../repos/grpc/src/core/tsi/alts/zero_copy_frame_protector/alts_iovec_record_protocol.h,"(35, 1)-(35, 10)",b'constexpr size_t kAltsRecordProtocolRekeyFram...'
core,../repos/grpc/src/core/tsi/alts/zero_copy_frame_protector/alts_iovec_record_protocol.h,"(36, 1)-(36, 10)",b'constexpr size_t kAltsRecordProtocolFrameLimi...'
core,../repos/grpc/src/core/tsi/ssl_transport_security.h,"(89, 8)-(89, 17)",b'static constexpr bool tsi_tls_session_key_log...'
