Repo name,File name,Location,Content
core,../repos/grpc/src/core/lib/debug/stats_data.h,"(197, 3)-(222, 4)",b'union {\n    struct {\n      uint64_t client_ca...'
core,../repos/grpc/src/core/lib/debug/stats_data.cc,"(25, 1)-(28, 2)",b'{\nunion DblUint {\n  double dbl;\n  uint64_t ui...'
core,../repos/grpc/src/core/lib/gprpp/table.h,"(43, 3)-(47, 4)",b'union U {\n    U() {}\n    ~U() {}\n    GPR_NO_U...'
core,../repos/grpc/src/core/lib/gprpp/mpscq.h,"(63, 3)-(66, 4)",b'union {\n    char padding_[GPR_CACHELINE_SIZE]...'
core,../repos/grpc/src/core/lib/event_engine/posix_engine/posix_endpoint.cc,"(695, 3)-(698, 4)",b'union {\n    char rbuf[cmsg_alloc_space];\n    ...'
core,../repos/grpc/src/core/lib/event_engine/posix_engine/posix_endpoint.cc,"(850, 3)-(853, 4)",b'union {\n    char cmsg_buf[CMSG_SPACE(sizeof(u...'
core,../repos/grpc/src/core/lib/iomgr/ev_epoll1_linux.cc,"(205, 3)-(211, 4)",b'union {\n    char pad[GPR_CACHELINE_SIZE];\n   ...'
core,../repos/grpc/src/core/lib/iomgr/polling_entity.h,"(39, 3)-(42, 4)",b'union {\n    grpc_pollset* pollset = nullptr;\n...'
core,../repos/grpc/src/core/lib/iomgr/timer.h,"(46, 3)-(49, 4)",b'union {\n    void* custom_timer;\n    grpc_even...'
core,../repos/grpc/src/core/lib/iomgr/closure.h,"(59, 3)-(65, 4)",b'union {\n    grpc_closure* next;\n    grpc_core...'
core,../repos/grpc/src/core/lib/iomgr/closure.h,"(74, 3)-(77, 4)",b'union {\n    uintptr_t error;\n    uintptr_t sc...'
core,../repos/grpc/src/core/lib/iomgr/tcp_posix.cc,"(1262, 3)-(1265, 4)",b'union {\n    char cmsg_buf[CMSG_SPACE(sizeof(u...'
core,../repos/grpc/src/core/lib/iomgr/tcp_posix.cc,"(1400, 3)-(1403, 4)",b'union {\n    char rbuf[cmsg_alloc_space];\n    ...'
core,../repos/grpc/src/core/lib/promise/for_each.h,"(166, 3)-(169, 4)",b'union {\n    ReaderNext reader_next_;\n    InAc...'
core,../repos/grpc/src/core/lib/promise/detail/seq_state.h,"(97, 3)-(100, 4)",b'union {\n    GPR_NO_UNIQUE_ADDRESS Running0 pr...'
core,../repos/grpc/src/core/lib/promise/detail/seq_state.h,"(219, 5)-(222, 6)",b'union {\n      GPR_NO_UNIQUE_ADDRESS Running0 ...'
core,../repos/grpc/src/core/lib/promise/detail/seq_state.h,"(225, 3)-(228, 4)",b'union {\n    GPR_NO_UNIQUE_ADDRESS Running1 pr...'
core,../repos/grpc/src/core/lib/promise/detail/seq_state.h,"(399, 5)-(402, 6)",b'union {\n      GPR_NO_UNIQUE_ADDRESS Running0 ...'
core,../repos/grpc/src/core/lib/promise/detail/seq_state.h,"(406, 5)-(409, 6)",b'union {\n      GPR_NO_UNIQUE_ADDRESS Running1 ...'
core,../repos/grpc/src/core/lib/promise/detail/seq_state.h,"(412, 3)-(415, 4)",b'union {\n    GPR_NO_UNIQUE_ADDRESS Running2 pr...'
core,../repos/grpc/src/core/lib/promise/detail/seq_state.h,"(638, 5)-(641, 6)",b'union {\n      GPR_NO_UNIQUE_ADDRESS Running0 ...'
core,../repos/grpc/src/core/lib/promise/detail/seq_state.h,"(645, 5)-(648, 6)",b'union {\n      GPR_NO_UNIQUE_ADDRESS Running1 ...'
core,../repos/grpc/src/core/lib/promise/detail/seq_state.h,"(652, 5)-(655, 6)",b'union {\n      GPR_NO_UNIQUE_ADDRESS Running2 ...'
core,../repos/grpc/src/core/lib/promise/detail/seq_state.h,"(658, 3)-(661, 4)",b'union {\n    GPR_NO_UNIQUE_ADDRESS Running3 pr...'
core,../repos/grpc/src/core/lib/promise/detail/seq_state.h,"(937, 5)-(940, 6)",b'union {\n      GPR_NO_UNIQUE_ADDRESS Running0 ...'
core,../repos/grpc/src/core/lib/promise/detail/seq_state.h,"(944, 5)-(947, 6)",b'union {\n      GPR_NO_UNIQUE_ADDRESS Running1 ...'
core,../repos/grpc/src/core/lib/promise/detail/seq_state.h,"(951, 5)-(954, 6)",b'union {\n      GPR_NO_UNIQUE_ADDRESS Running2 ...'
core,../repos/grpc/src/core/lib/promise/detail/seq_state.h,"(958, 5)-(961, 6)",b'union {\n      GPR_NO_UNIQUE_ADDRESS Running3 ...'
core,../repos/grpc/src/core/lib/promise/detail/seq_state.h,"(964, 3)-(967, 4)",b'union {\n    GPR_NO_UNIQUE_ADDRESS Running4 pr...'
core,../repos/grpc/src/core/lib/promise/detail/seq_state.h,"(1306, 5)-(1309, 6)",b'union {\n      GPR_NO_UNIQUE_ADDRESS Running0 ...'
core,../repos/grpc/src/core/lib/promise/detail/seq_state.h,"(1313, 5)-(1316, 6)",b'union {\n      GPR_NO_UNIQUE_ADDRESS Running1 ...'
core,../repos/grpc/src/core/lib/promise/detail/seq_state.h,"(1320, 5)-(1323, 6)",b'union {\n      GPR_NO_UNIQUE_ADDRESS Running2 ...'
core,../repos/grpc/src/core/lib/promise/detail/seq_state.h,"(1327, 5)-(1330, 6)",b'union {\n      GPR_NO_UNIQUE_ADDRESS Running3 ...'
core,../repos/grpc/src/core/lib/promise/detail/seq_state.h,"(1334, 5)-(1337, 6)",b'union {\n      GPR_NO_UNIQUE_ADDRESS Running4 ...'
core,../repos/grpc/src/core/lib/promise/detail/seq_state.h,"(1340, 3)-(1343, 4)",b'union {\n    GPR_NO_UNIQUE_ADDRESS Running5 pr...'
core,../repos/grpc/src/core/lib/promise/detail/seq_state.h,"(1741, 5)-(1744, 6)",b'union {\n      GPR_NO_UNIQUE_ADDRESS Running0 ...'
core,../repos/grpc/src/core/lib/promise/detail/seq_state.h,"(1748, 5)-(1751, 6)",b'union {\n      GPR_NO_UNIQUE_ADDRESS Running1 ...'
core,../repos/grpc/src/core/lib/promise/detail/seq_state.h,"(1755, 5)-(1758, 6)",b'union {\n      GPR_NO_UNIQUE_ADDRESS Running2 ...'
core,../repos/grpc/src/core/lib/promise/detail/seq_state.h,"(1762, 5)-(1765, 6)",b'union {\n      GPR_NO_UNIQUE_ADDRESS Running3 ...'
core,../repos/grpc/src/core/lib/promise/detail/seq_state.h,"(1769, 5)-(1772, 6)",b'union {\n      GPR_NO_UNIQUE_ADDRESS Running4 ...'
core,../repos/grpc/src/core/lib/promise/detail/seq_state.h,"(1776, 5)-(1779, 6)",b'union {\n      GPR_NO_UNIQUE_ADDRESS Running5 ...'
core,../repos/grpc/src/core/lib/promise/detail/seq_state.h,"(1782, 3)-(1785, 4)",b'union {\n    GPR_NO_UNIQUE_ADDRESS Running6 pr...'
core,../repos/grpc/src/core/lib/promise/detail/seq_state.h,"(2243, 5)-(2246, 6)",b'union {\n      GPR_NO_UNIQUE_ADDRESS Running0 ...'
core,../repos/grpc/src/core/lib/promise/detail/seq_state.h,"(2250, 5)-(2253, 6)",b'union {\n      GPR_NO_UNIQUE_ADDRESS Running1 ...'
core,../repos/grpc/src/core/lib/promise/detail/seq_state.h,"(2257, 5)-(2260, 6)",b'union {\n      GPR_NO_UNIQUE_ADDRESS Running2 ...'
core,../repos/grpc/src/core/lib/promise/detail/seq_state.h,"(2264, 5)-(2267, 6)",b'union {\n      GPR_NO_UNIQUE_ADDRESS Running3 ...'
core,../repos/grpc/src/core/lib/promise/detail/seq_state.h,"(2271, 5)-(2274, 6)",b'union {\n      GPR_NO_UNIQUE_ADDRESS Running4 ...'
core,../repos/grpc/src/core/lib/promise/detail/seq_state.h,"(2278, 5)-(2281, 6)",b'union {\n      GPR_NO_UNIQUE_ADDRESS Running5 ...'
core,../repos/grpc/src/core/lib/promise/detail/seq_state.h,"(2285, 5)-(2288, 6)",b'union {\n      GPR_NO_UNIQUE_ADDRESS Running6 ...'
core,../repos/grpc/src/core/lib/promise/detail/seq_state.h,"(2291, 3)-(2294, 4)",b'union {\n    GPR_NO_UNIQUE_ADDRESS Running7 pr...'
core,../repos/grpc/src/core/lib/promise/detail/seq_state.h,"(2815, 5)-(2818, 6)",b'union {\n      GPR_NO_UNIQUE_ADDRESS Running0 ...'
core,../repos/grpc/src/core/lib/promise/detail/seq_state.h,"(2822, 5)-(2825, 6)",b'union {\n      GPR_NO_UNIQUE_ADDRESS Running1 ...'
core,../repos/grpc/src/core/lib/promise/detail/seq_state.h,"(2829, 5)-(2832, 6)",b'union {\n      GPR_NO_UNIQUE_ADDRESS Running2 ...'
core,../repos/grpc/src/core/lib/promise/detail/seq_state.h,"(2836, 5)-(2839, 6)",b'union {\n      GPR_NO_UNIQUE_ADDRESS Running3 ...'
core,../repos/grpc/src/core/lib/promise/detail/seq_state.h,"(2843, 5)-(2846, 6)",b'union {\n      GPR_NO_UNIQUE_ADDRESS Running4 ...'
core,../repos/grpc/src/core/lib/promise/detail/seq_state.h,"(2850, 5)-(2853, 6)",b'union {\n      GPR_NO_UNIQUE_ADDRESS Running5 ...'
core,../repos/grpc/src/core/lib/promise/detail/seq_state.h,"(2857, 5)-(2860, 6)",b'union {\n      GPR_NO_UNIQUE_ADDRESS Running6 ...'
core,../repos/grpc/src/core/lib/promise/detail/seq_state.h,"(2864, 5)-(2867, 6)",b'union {\n      GPR_NO_UNIQUE_ADDRESS Running7 ...'
core,../repos/grpc/src/core/lib/promise/detail/seq_state.h,"(2870, 3)-(2873, 4)",b'union {\n    GPR_NO_UNIQUE_ADDRESS Running8 pr...'
core,../repos/grpc/src/core/lib/promise/detail/seq_state.h,"(3464, 5)-(3467, 6)",b'union {\n      GPR_NO_UNIQUE_ADDRESS Running0 ...'
core,../repos/grpc/src/core/lib/promise/detail/seq_state.h,"(3471, 5)-(3474, 6)",b'union {\n      GPR_NO_UNIQUE_ADDRESS Running1 ...'
core,../repos/grpc/src/core/lib/promise/detail/seq_state.h,"(3478, 5)-(3481, 6)",b'union {\n      GPR_NO_UNIQUE_ADDRESS Running2 ...'
core,../repos/grpc/src/core/lib/promise/detail/seq_state.h,"(3485, 5)-(3488, 6)",b'union {\n      GPR_NO_UNIQUE_ADDRESS Running3 ...'
core,../repos/grpc/src/core/lib/promise/detail/seq_state.h,"(3492, 5)-(3495, 6)",b'union {\n      GPR_NO_UNIQUE_ADDRESS Running4 ...'
core,../repos/grpc/src/core/lib/promise/detail/seq_state.h,"(3499, 5)-(3502, 6)",b'union {\n      GPR_NO_UNIQUE_ADDRESS Running5 ...'
core,../repos/grpc/src/core/lib/promise/detail/seq_state.h,"(3506, 5)-(3509, 6)",b'union {\n      GPR_NO_UNIQUE_ADDRESS Running6 ...'
core,../repos/grpc/src/core/lib/promise/detail/seq_state.h,"(3513, 5)-(3516, 6)",b'union {\n      GPR_NO_UNIQUE_ADDRESS Running7 ...'
core,../repos/grpc/src/core/lib/promise/detail/seq_state.h,"(3520, 5)-(3523, 6)",b'union {\n      GPR_NO_UNIQUE_ADDRESS Running8 ...'
core,../repos/grpc/src/core/lib/promise/detail/seq_state.h,"(3526, 3)-(3529, 4)",b'union {\n    GPR_NO_UNIQUE_ADDRESS Running9 pr...'
core,../repos/grpc/src/core/lib/promise/detail/seq_state.h,"(4190, 5)-(4193, 6)",b'union {\n      GPR_NO_UNIQUE_ADDRESS Running0 ...'
core,../repos/grpc/src/core/lib/promise/detail/seq_state.h,"(4197, 5)-(4200, 6)",b'union {\n      GPR_NO_UNIQUE_ADDRESS Running1 ...'
core,../repos/grpc/src/core/lib/promise/detail/seq_state.h,"(4204, 5)-(4207, 6)",b'union {\n      GPR_NO_UNIQUE_ADDRESS Running2 ...'
core,../repos/grpc/src/core/lib/promise/detail/seq_state.h,"(4211, 5)-(4214, 6)",b'union {\n      GPR_NO_UNIQUE_ADDRESS Running3 ...'
core,../repos/grpc/src/core/lib/promise/detail/seq_state.h,"(4218, 5)-(4221, 6)",b'union {\n      GPR_NO_UNIQUE_ADDRESS Running4 ...'
core,../repos/grpc/src/core/lib/promise/detail/seq_state.h,"(4225, 5)-(4228, 6)",b'union {\n      GPR_NO_UNIQUE_ADDRESS Running5 ...'
core,../repos/grpc/src/core/lib/promise/detail/seq_state.h,"(4232, 5)-(4235, 6)",b'union {\n      GPR_NO_UNIQUE_ADDRESS Running6 ...'
core,../repos/grpc/src/core/lib/promise/detail/seq_state.h,"(4239, 5)-(4242, 6)",b'union {\n      GPR_NO_UNIQUE_ADDRESS Running7 ...'
core,../repos/grpc/src/core/lib/promise/detail/seq_state.h,"(4246, 5)-(4249, 6)",b'union {\n      GPR_NO_UNIQUE_ADDRESS Running8 ...'
core,../repos/grpc/src/core/lib/promise/detail/seq_state.h,"(4253, 5)-(4256, 6)",b'union {\n      GPR_NO_UNIQUE_ADDRESS Running9 ...'
core,../repos/grpc/src/core/lib/promise/detail/seq_state.h,"(4259, 3)-(4262, 4)",b'union {\n    GPR_NO_UNIQUE_ADDRESS Running10 p...'
core,../repos/grpc/src/core/lib/promise/detail/seq_state.h,"(4994, 5)-(4997, 6)",b'union {\n      GPR_NO_UNIQUE_ADDRESS Running0 ...'
core,../repos/grpc/src/core/lib/promise/detail/seq_state.h,"(5001, 5)-(5004, 6)",b'union {\n      GPR_NO_UNIQUE_ADDRESS Running1 ...'
core,../repos/grpc/src/core/lib/promise/detail/seq_state.h,"(5008, 5)-(5011, 6)",b'union {\n      GPR_NO_UNIQUE_ADDRESS Running2 ...'
core,../repos/grpc/src/core/lib/promise/detail/seq_state.h,"(5015, 5)-(5018, 6)",b'union {\n      GPR_NO_UNIQUE_ADDRESS Running3 ...'
core,../repos/grpc/src/core/lib/promise/detail/seq_state.h,"(5022, 5)-(5025, 6)",b'union {\n      GPR_NO_UNIQUE_ADDRESS Running4 ...'
core,../repos/grpc/src/core/lib/promise/detail/seq_state.h,"(5029, 5)-(5032, 6)",b'union {\n      GPR_NO_UNIQUE_ADDRESS Running5 ...'
core,../repos/grpc/src/core/lib/promise/detail/seq_state.h,"(5036, 5)-(5039, 6)",b'union {\n      GPR_NO_UNIQUE_ADDRESS Running6 ...'
core,../repos/grpc/src/core/lib/promise/detail/seq_state.h,"(5043, 5)-(5046, 6)",b'union {\n      GPR_NO_UNIQUE_ADDRESS Running7 ...'
core,../repos/grpc/src/core/lib/promise/detail/seq_state.h,"(5050, 5)-(5053, 6)",b'union {\n      GPR_NO_UNIQUE_ADDRESS Running8 ...'
core,../repos/grpc/src/core/lib/promise/detail/seq_state.h,"(5057, 5)-(5060, 6)",b'union {\n      GPR_NO_UNIQUE_ADDRESS Running9 ...'
core,../repos/grpc/src/core/lib/promise/detail/seq_state.h,"(5064, 5)-(5067, 6)",b'union {\n      GPR_NO_UNIQUE_ADDRESS Running10...'
core,../repos/grpc/src/core/lib/promise/detail/seq_state.h,"(5070, 3)-(5073, 4)",b'union {\n    GPR_NO_UNIQUE_ADDRESS Running11 p...'
core,../repos/grpc/src/core/lib/promise/detail/basic_seq.h,"(111, 3)-(114, 4)",b'union {\n    GPR_NO_UNIQUE_ADDRESS State state...'
core,../repos/grpc/src/core/lib/promise/detail/join_state.h,"(45, 3)-(48, 4)",b'union {\n    GPR_NO_UNIQUE_ADDRESS Promise0 pr...'
core,../repos/grpc/src/core/lib/promise/detail/join_state.h,"(51, 3)-(54, 4)",b'union {\n    GPR_NO_UNIQUE_ADDRESS Promise1 pr...'
core,../repos/grpc/src/core/lib/promise/detail/join_state.h,"(153, 3)-(156, 4)",b'union {\n    GPR_NO_UNIQUE_ADDRESS Promise0 pr...'
core,../repos/grpc/src/core/lib/promise/detail/join_state.h,"(159, 3)-(162, 4)",b'union {\n    GPR_NO_UNIQUE_ADDRESS Promise1 pr...'
core,../repos/grpc/src/core/lib/promise/detail/join_state.h,"(165, 3)-(168, 4)",b'union {\n    GPR_NO_UNIQUE_ADDRESS Promise2 pr...'
core,../repos/grpc/src/core/lib/promise/detail/join_state.h,"(303, 3)-(306, 4)",b'union {\n    GPR_NO_UNIQUE_ADDRESS Promise0 pr...'
core,../repos/grpc/src/core/lib/promise/detail/join_state.h,"(309, 3)-(312, 4)",b'union {\n    GPR_NO_UNIQUE_ADDRESS Promise1 pr...'
core,../repos/grpc/src/core/lib/promise/detail/join_state.h,"(315, 3)-(318, 4)",b'union {\n    GPR_NO_UNIQUE_ADDRESS Promise2 pr...'
core,../repos/grpc/src/core/lib/promise/detail/join_state.h,"(321, 3)-(324, 4)",b'union {\n    GPR_NO_UNIQUE_ADDRESS Promise3 pr...'
core,../repos/grpc/src/core/lib/promise/detail/join_state.h,"(495, 3)-(498, 4)",b'union {\n    GPR_NO_UNIQUE_ADDRESS Promise0 pr...'
core,../repos/grpc/src/core/lib/promise/detail/join_state.h,"(501, 3)-(504, 4)",b'union {\n    GPR_NO_UNIQUE_ADDRESS Promise1 pr...'
core,../repos/grpc/src/core/lib/promise/detail/join_state.h,"(507, 3)-(510, 4)",b'union {\n    GPR_NO_UNIQUE_ADDRESS Promise2 pr...'
core,../repos/grpc/src/core/lib/promise/detail/join_state.h,"(513, 3)-(516, 4)",b'union {\n    GPR_NO_UNIQUE_ADDRESS Promise3 pr...'
core,../repos/grpc/src/core/lib/promise/detail/join_state.h,"(519, 3)-(522, 4)",b'union {\n    GPR_NO_UNIQUE_ADDRESS Promise4 pr...'
core,../repos/grpc/src/core/lib/promise/detail/join_state.h,"(729, 3)-(732, 4)",b'union {\n    GPR_NO_UNIQUE_ADDRESS Promise0 pr...'
core,../repos/grpc/src/core/lib/promise/detail/join_state.h,"(735, 3)-(738, 4)",b'union {\n    GPR_NO_UNIQUE_ADDRESS Promise1 pr...'
core,../repos/grpc/src/core/lib/promise/detail/join_state.h,"(741, 3)-(744, 4)",b'union {\n    GPR_NO_UNIQUE_ADDRESS Promise2 pr...'
core,../repos/grpc/src/core/lib/promise/detail/join_state.h,"(747, 3)-(750, 4)",b'union {\n    GPR_NO_UNIQUE_ADDRESS Promise3 pr...'
core,../repos/grpc/src/core/lib/promise/detail/join_state.h,"(753, 3)-(756, 4)",b'union {\n    GPR_NO_UNIQUE_ADDRESS Promise4 pr...'
core,../repos/grpc/src/core/lib/promise/detail/join_state.h,"(759, 3)-(762, 4)",b'union {\n    GPR_NO_UNIQUE_ADDRESS Promise5 pr...'
core,../repos/grpc/src/core/lib/promise/detail/join_state.h,"(1004, 3)-(1007, 4)",b'union {\n    GPR_NO_UNIQUE_ADDRESS Promise0 pr...'
core,../repos/grpc/src/core/lib/promise/detail/join_state.h,"(1010, 3)-(1013, 4)",b'union {\n    GPR_NO_UNIQUE_ADDRESS Promise1 pr...'
core,../repos/grpc/src/core/lib/promise/detail/join_state.h,"(1016, 3)-(1019, 4)",b'union {\n    GPR_NO_UNIQUE_ADDRESS Promise2 pr...'
core,../repos/grpc/src/core/lib/promise/detail/join_state.h,"(1022, 3)-(1025, 4)",b'union {\n    GPR_NO_UNIQUE_ADDRESS Promise3 pr...'
core,../repos/grpc/src/core/lib/promise/detail/join_state.h,"(1028, 3)-(1031, 4)",b'union {\n    GPR_NO_UNIQUE_ADDRESS Promise4 pr...'
core,../repos/grpc/src/core/lib/promise/detail/join_state.h,"(1034, 3)-(1037, 4)",b'union {\n    GPR_NO_UNIQUE_ADDRESS Promise5 pr...'
core,../repos/grpc/src/core/lib/promise/detail/join_state.h,"(1040, 3)-(1043, 4)",b'union {\n    GPR_NO_UNIQUE_ADDRESS Promise6 pr...'
core,../repos/grpc/src/core/lib/promise/detail/join_state.h,"(1321, 3)-(1324, 4)",b'union {\n    GPR_NO_UNIQUE_ADDRESS Promise0 pr...'
core,../repos/grpc/src/core/lib/promise/detail/join_state.h,"(1327, 3)-(1330, 4)",b'union {\n    GPR_NO_UNIQUE_ADDRESS Promise1 pr...'
core,../repos/grpc/src/core/lib/promise/detail/join_state.h,"(1333, 3)-(1336, 4)",b'union {\n    GPR_NO_UNIQUE_ADDRESS Promise2 pr...'
core,../repos/grpc/src/core/lib/promise/detail/join_state.h,"(1339, 3)-(1342, 4)",b'union {\n    GPR_NO_UNIQUE_ADDRESS Promise3 pr...'
core,../repos/grpc/src/core/lib/promise/detail/join_state.h,"(1345, 3)-(1348, 4)",b'union {\n    GPR_NO_UNIQUE_ADDRESS Promise4 pr...'
core,../repos/grpc/src/core/lib/promise/detail/join_state.h,"(1351, 3)-(1354, 4)",b'union {\n    GPR_NO_UNIQUE_ADDRESS Promise5 pr...'
core,../repos/grpc/src/core/lib/promise/detail/join_state.h,"(1357, 3)-(1360, 4)",b'union {\n    GPR_NO_UNIQUE_ADDRESS Promise6 pr...'
core,../repos/grpc/src/core/lib/promise/detail/join_state.h,"(1363, 3)-(1366, 4)",b'union {\n    GPR_NO_UNIQUE_ADDRESS Promise7 pr...'
core,../repos/grpc/src/core/lib/promise/detail/join_state.h,"(1680, 3)-(1683, 4)",b'union {\n    GPR_NO_UNIQUE_ADDRESS Promise0 pr...'
core,../repos/grpc/src/core/lib/promise/detail/join_state.h,"(1686, 3)-(1689, 4)",b'union {\n    GPR_NO_UNIQUE_ADDRESS Promise1 pr...'
core,../repos/grpc/src/core/lib/promise/detail/join_state.h,"(1692, 3)-(1695, 4)",b'union {\n    GPR_NO_UNIQUE_ADDRESS Promise2 pr...'
core,../repos/grpc/src/core/lib/promise/detail/join_state.h,"(1698, 3)-(1701, 4)",b'union {\n    GPR_NO_UNIQUE_ADDRESS Promise3 pr...'
core,../repos/grpc/src/core/lib/promise/detail/join_state.h,"(1704, 3)-(1707, 4)",b'union {\n    GPR_NO_UNIQUE_ADDRESS Promise4 pr...'
core,../repos/grpc/src/core/lib/promise/detail/join_state.h,"(1710, 3)-(1713, 4)",b'union {\n    GPR_NO_UNIQUE_ADDRESS Promise5 pr...'
core,../repos/grpc/src/core/lib/promise/detail/join_state.h,"(1716, 3)-(1719, 4)",b'union {\n    GPR_NO_UNIQUE_ADDRESS Promise6 pr...'
core,../repos/grpc/src/core/lib/promise/detail/join_state.h,"(1722, 3)-(1725, 4)",b'union {\n    GPR_NO_UNIQUE_ADDRESS Promise7 pr...'
core,../repos/grpc/src/core/lib/promise/detail/join_state.h,"(1728, 3)-(1731, 4)",b'union {\n    GPR_NO_UNIQUE_ADDRESS Promise8 pr...'
core,../repos/grpc/src/core/lib/promise/if.h,"(178, 3)-(181, 4)",b'union {\n    TruePromise if_true_;\n    FalsePr...'
core,../repos/grpc/src/core/lib/promise/interceptor_list.h,"(199, 5)-(202, 6)",b'union {\n      AsyncResolution async_resolutio...'
core,../repos/grpc/src/core/lib/promise/party.h,"(477, 5)-(480, 6)",b'union {\n      GPR_NO_UNIQUE_ADDRESS Factory f...'
core,../repos/grpc/src/core/lib/promise/party.h,"(559, 5)-(563, 6)",b'union {\n      GPR_NO_UNIQUE_ADDRESS Factory f...'
core,../repos/grpc/src/core/lib/promise/poll.h,"(135, 3)-(137, 4)",b'union {\n    T value_;\n  };'
core,../repos/grpc/src/core/lib/promise/activity.h,"(616, 3)-(620, 4)",b'union PromiseHolder {\n    PromiseHolder() {}\n...'
core,../repos/grpc/src/core/lib/http/parser.h,"(103, 3)-(107, 4)",b'union {\n    grpc_http_response* response;\n   ...'
core,../repos/grpc/src/core/lib/transport/parsed_metadata.h,"(57, 1)-(61, 2)",b'{\n\n// Helper to determine whether a traits me...'
core,../repos/grpc/src/core/lib/surface/server.cc,"(272, 3)-(281, 4)",b'union {\n    struct {\n      grpc_call_details*...'
core,../repos/grpc/src/core/lib/surface/call.cc,"(631, 5)-(642, 6)",b'union {\n      grpc_cq_completion cq_completio...'
core,../repos/grpc/src/core/lib/surface/call.cc,"(771, 3)-(782, 4)",b'union {\n    struct {\n      grpc_status_code* ...'
core,../repos/grpc/src/core/lib/surface/call.cc,"(2395, 3)-(2471, 4)",b'union CompletionInfo {\n    static constexpr u...'
core,../repos/grpc/src/core/ext/transport/chttp2/transport/internal.h,"(386, 3)-(391, 4)",b'union {\n    grpc_chttp2_window_update_parser ...'
core,../repos/grpc/src/core/ext/transport/chttp2/transport/hpack_parse_result.h,"(326, 5)-(341, 6)",b'union {\n      // Set if status == kInvalidMet...'
