Repo name,File name,Location,Content
core,../repos/grpc/src/core/lib/gprpp/time_util.cc,"(50, 30)-(50, 50)",b'decltype(out.tv_sec)'
core,../repos/grpc/src/core/lib/gprpp/time_util.cc,"(51, 31)-(51, 52)",b'decltype(out.tv_nsec)'
core,../repos/grpc/src/core/lib/gprpp/match.h,"(34, 32)-(34, 55)",b'decltype(cases(&value))'
core,../repos/grpc/src/core/lib/gprpp/match.h,"(52, 8)-(52, 73)",b'decltype(std::declval<OverloadType<Fs...>>()(...'
core,../repos/grpc/src/core/lib/gprpp/match.h,"(67, 8)-(67, 74)",b'decltype(std::declval<OverloadType<Fs...>>()(...'
core,../repos/grpc/src/core/lib/gprpp/table.h,"(68, 10)-(68, 47)","b'decltype(GetElem<I - 1, Ts...>::f(e))'"
core,../repos/grpc/src/core/lib/gprpp/table.h,"(72, 10)-(72, 47)","b'decltype(GetElem<I - 1, Ts...>::f(e))'"
core,../repos/grpc/src/core/lib/channel/promise_based_filter.h,"(279, 41)-(280, 58)",b'decltype(typename Derived::Call(\n            ...'
core,../repos/grpc/src/core/lib/channel/promise_based_filter.h,"(287, 41)-(287, 75)",b'decltype(typename Derived::Call())'
core,../repos/grpc/src/core/lib/channel/promise_based_filter.h,"(431, 18)-(432, 47)",b'decltype(StatusCast<ServerMetadataHandle>(\n  ...'
core,../repos/grpc/src/core/lib/channel/promise_based_filter.h,"(664, 14)-(665, 43)",b'decltype(StatusCast<ServerMetadataHandle>(\n  ...'
core,../repos/grpc/src/core/lib/channel/channel_args.h,"(86, 38)-(86, 72)",b'decltype(*std::declval<T>().Ref())'
core,../repos/grpc/src/core/lib/channel/channel_args.h,"(194, 21)-(194, 57)",b'decltype(T::ChannelArgUseConstPtr())'
core,../repos/grpc/src/core/lib/channel/channel_args.h,"(413, 20)-(413, 63)",b'decltype(ChannelArgTypeTraits<T>::VTable())'
core,../repos/grpc/src/core/lib/channel/channel_args.h,"(425, 28)-(426, 72)",b'decltype(ChannelArgTypeTraits<\n              ...'
core,../repos/grpc/src/core/lib/channel/channel_args.h,"(438, 28)-(439, 72)",b'decltype(ChannelArgTypeTraits<\n              ...'
core,../repos/grpc/src/core/lib/channel/channel_args.h,"(449, 11)-(449, 71)",b'decltype(ChannelArgTypeTraits<std::shared_ptr...'
core,../repos/grpc/src/core/lib/gpr/useful.h,"(123, 63)-(123, 74)",b'decltype(x)'
core,../repos/grpc/src/core/lib/promise/map.h,"(50, 19)-(50, 78)",b'decltype(std::declval<Fn>()(std::declval<Prom...'
core,../repos/grpc/src/core/lib/promise/map.h,"(80, 10)-(80, 70)",b'decltype(std::get<kElem>(std::forward<std::tu...'
core,../repos/grpc/src/core/lib/promise/map.h,"(85, 10)-(85, 38)",b'decltype(std::get<kElem>(t))'
core,../repos/grpc/src/core/lib/promise/for_each.h,"(63, 22)-(63, 61)",b'decltype(std::declval<Reader>().Next())'
core,../repos/grpc/src/core/lib/promise/for_each.h,"(65, 27)-(65, 65)",b'decltype(std::declval<ReaderNext>()())'
core,../repos/grpc/src/core/lib/promise/for_each.h,"(73, 27)-(73, 68)",b'decltype(std::declval<ActionPromise>()())'
core,../repos/grpc/src/core/lib/promise/detail/promise_factory.h,"(64, 39)-(64, 68)",b'decltype(std::declval<F>()())'
core,../repos/grpc/src/core/lib/promise/detail/promise_factory.h,"(74, 31)-(75, 47)",b'decltype(std::declval<RemoveCVRef<F>>()(\n    ...'
core,../repos/grpc/src/core/lib/promise/detail/promise_factory.h,"(76, 13)-(76, 78)",b'decltype(std::declval<RemoveCVRef<F>>()(std::...'
core,../repos/grpc/src/core/lib/promise/detail/promise_factory.h,"(81, 31)-(82, 47)",b'decltype(std::declval<RemoveCVRef<F>>()(\n    ...'
core,../repos/grpc/src/core/lib/promise/detail/promise_factory.h,"(83, 13)-(83, 78)",b'decltype(std::declval<RemoveCVRef<F>>()(std::...'
core,../repos/grpc/src/core/lib/promise/detail/promise_factory.h,"(88, 31)-(89, 47)",b'decltype(std::declval<RemoveCVRef<F>>()(\n    ...'
core,../repos/grpc/src/core/lib/promise/detail/promise_factory.h,"(90, 13)-(90, 78)",b'decltype(std::declval<RemoveCVRef<F>>()(std::...'
core,../repos/grpc/src/core/lib/promise/detail/promise_factory.h,"(104, 18)-(104, 66)",b'decltype(std::declval<F>()(std::declval<Arg>()))'
core,../repos/grpc/src/core/lib/promise/detail/promise_factory.h,"(144, 31)-(144, 77)",b'decltype(std::declval<F>()(std::declval<A>()))'
core,../repos/grpc/src/core/lib/promise/detail/promise_factory.h,"(152, 31)-(152, 77)",b'decltype(std::declval<F>()(std::declval<A>()))'
core,../repos/grpc/src/core/lib/promise/detail/promise_factory.h,"(161, 31)-(161, 60)",b'decltype(std::declval<F>()())'
core,../repos/grpc/src/core/lib/promise/detail/promise_factory.h,"(169, 31)-(169, 60)",b'decltype(std::declval<F>()())'
core,../repos/grpc/src/core/lib/promise/detail/promise_factory.h,"(182, 7)-(182, 69)","b'decltype(PromiseFactoryImpl(std::move(f_), st...'"
core,../repos/grpc/src/core/lib/promise/detail/promise_factory.h,"(198, 19)-(198, 62)",b'decltype(PromiseFactoryImpl(std::move(f_)))'
core,../repos/grpc/src/core/lib/promise/detail/promise_factory.h,"(212, 19)-(212, 70)","b'decltype(PromiseFactoryImpl(f_, std::declval<...'"
core,../repos/grpc/src/core/lib/promise/detail/promise_factory.h,"(229, 19)-(229, 51)",b'decltype(PromiseFactoryImpl(f_))'
core,../repos/grpc/src/core/lib/promise/detail/join_state.h,"(42, 25)-(42, 71)",b'decltype(Traits::Unwrapped(std::declval<T>()))'
core,../repos/grpc/src/core/lib/promise/detail/join_state.h,"(150, 25)-(150, 71)",b'decltype(Traits::Unwrapped(std::declval<T>()))'
core,../repos/grpc/src/core/lib/promise/detail/join_state.h,"(300, 25)-(300, 71)",b'decltype(Traits::Unwrapped(std::declval<T>()))'
core,../repos/grpc/src/core/lib/promise/detail/join_state.h,"(492, 25)-(492, 71)",b'decltype(Traits::Unwrapped(std::declval<T>()))'
core,../repos/grpc/src/core/lib/promise/detail/join_state.h,"(726, 25)-(726, 71)",b'decltype(Traits::Unwrapped(std::declval<T>()))'
core,../repos/grpc/src/core/lib/promise/detail/join_state.h,"(1001, 25)-(1001, 71)",b'decltype(Traits::Unwrapped(std::declval<T>()))'
core,../repos/grpc/src/core/lib/promise/detail/join_state.h,"(1318, 25)-(1318, 71)",b'decltype(Traits::Unwrapped(std::declval<T>()))'
core,../repos/grpc/src/core/lib/promise/detail/join_state.h,"(1677, 25)-(1677, 71)",b'decltype(Traits::Unwrapped(std::declval<T>()))'
core,../repos/grpc/src/core/lib/promise/detail/promise_like.h,"(62, 27)-(62, 77)",b'decltype(PollWrapper<T>::Wrap(std::forward<T>(x)))'
core,../repos/grpc/src/core/lib/promise/detail/promise_like.h,"(81, 24)-(81, 50)",b'decltype(WrapInPoll(f_()))'
core,../repos/grpc/src/core/lib/promise/detail/promise_like.h,"(82, 38)-(82, 64)",b'decltype(WrapInPoll(f_()))'
core,../repos/grpc/src/core/lib/promise/if.h,"(71, 27)-(71, 66)",b'decltype(std::declval<TruePromise>()())'
core,../repos/grpc/src/core/lib/promise/if.h,"(129, 27)-(129, 66)",b'decltype(std::declval<TruePromise>()())'
core,../repos/grpc/src/core/lib/promise/prioritized_race.h,"(29, 18)-(29, 47)",b'decltype(std::declval<A>()())'
core,../repos/grpc/src/core/lib/promise/prioritized_race.h,"(63, 18)-(63, 53)",b'decltype(std::declval<Promise>()())'
core,../repos/grpc/src/core/lib/promise/prioritized_race.h,"(73, 18)-(73, 53)",b'decltype(std::declval<Promise>()())'
core,../repos/grpc/src/core/lib/promise/context.h,"(76, 31)-(76, 57)",b'decltype(ContextType<T>())'
core,../repos/grpc/src/core/lib/promise/context.h,"(96, 3)-(96, 32)",b'decltype(std::declval<F>()())'
core,../repos/grpc/src/core/lib/promise/seq.h,"(77, 21)-(77, 52)",b'decltype(*std::declval<Iter>())'
core,../repos/grpc/src/core/lib/promise/seq.h,"(78, 24)-(79, 72)",b'decltype(std::declval<F>()(std::declval<IterV...'
core,../repos/grpc/src/core/lib/promise/try_seq.h,"(56, 10)-(56, 71)","b'decltype(f(std::forward<Elem>(elem), std::for...'"
core,../repos/grpc/src/core/lib/promise/try_seq.h,"(83, 10)-(83, 66)","b'decltype(f(std::forward<Elem>(elem), std::mov...'"
core,../repos/grpc/src/core/lib/promise/try_seq.h,"(115, 37)-(115, 75)",b'decltype(TakeValue(std::declval<T>()))'
core,../repos/grpc/src/core/lib/promise/try_seq.h,"(124, 25)-(124, 64)",b'decltype(IsStatusOk(std::declval<T>()))'
core,../repos/grpc/src/core/lib/promise/try_seq.h,"(150, 25)-(150, 64)",b'decltype(IsStatusOk(std::declval<T>()))'
core,../repos/grpc/src/core/lib/promise/try_seq.h,"(153, 25)-(153, 63)",b'decltype(TakeValue(std::declval<T>()))'
core,../repos/grpc/src/core/lib/promise/try_seq.h,"(219, 21)-(219, 52)",b'decltype(*std::declval<Iter>())'
core,../repos/grpc/src/core/lib/promise/try_seq.h,"(220, 24)-(221, 72)",b'decltype(std::declval<F>()(std::declval<IterV...'
core,../repos/grpc/src/core/lib/promise/promise.h,"(87, 42)-(87, 55)",b'decltype(f())'
core,../repos/grpc/src/core/lib/promise/race.h,"(33, 18)-(33, 53)",b'decltype(std::declval<Promise>()())'
core,../repos/grpc/src/core/lib/promise/race.h,"(59, 18)-(59, 53)",b'decltype(std::declval<Promise>()())'
core,../repos/grpc/src/core/lib/promise/latch.h,"(211, 26)-(211, 67)",b'decltype(std::declval<Latch<T>>().Wait())'
core,../repos/grpc/src/core/lib/promise/loop.h,"(79, 23)-(79, 63)",b'decltype(std::declval<Factory>().Make())'
core,../repos/grpc/src/core/lib/promise/pipe.h,"(701, 30)-(701, 78)",b'decltype(std::declval<PipeReceiver<T>>().Next())'
core,../repos/grpc/src/core/lib/json/json_object_loader.h,"(532, 45)-(532, 71)",b'decltype(&T::JsonPostLoad)'
core,../repos/grpc/src/core/lib/transport/metadata.h,"(70, 18)-(70, 66)","b'decltype(&StatusCastImpl<absl::Status, T>::Cast)'"
core,../repos/grpc/src/core/lib/transport/call_filters.h,"(144, 37)-(145, 63)",b'decltype(typename FilterType::Call(\n         ...'
core,../repos/grpc/src/core/lib/transport/call_filters.h,"(683, 11)-(683, 63)",b'decltype(&FilterType::Call::OnClientInitialMe...'
core,../repos/grpc/src/core/lib/transport/call_filters.h,"(691, 11)-(691, 63)",b'decltype(&FilterType::Call::OnServerInitialMe...'
core,../repos/grpc/src/core/lib/transport/call_filters.h,"(699, 11)-(699, 63)",b'decltype(&FilterType::Call::OnClientToServerM...'
core,../repos/grpc/src/core/lib/transport/call_filters.h,"(707, 11)-(707, 63)",b'decltype(&FilterType::Call::OnServerToClientM...'
core,../repos/grpc/src/core/lib/transport/call_filters.h,"(715, 11)-(715, 64)",b'decltype(&FilterType::Call::OnServerTrailingM...'
core,../repos/grpc/src/core/lib/transport/transport.h,"(135, 5)-(135, 75)",b'decltype(std::declval<ClientInitialMetadataOu...'
core,../repos/grpc/src/core/lib/transport/transport.h,"(257, 22)-(257, 70)",b'decltype(IsStatusOk(std::declval<ResultType>()))'
core,../repos/grpc/src/core/lib/transport/metadata_batch.h,"(562, 45)-(562, 67)",b'decltype(Trait::key())'
core,../repos/grpc/src/core/lib/transport/metadata_batch.h,"(621, 10)-(622, 61)",b'decltype(memento_to_value(parse_memento(std::...'
core,../repos/grpc/src/core/lib/transport/metadata_batch.h,"(683, 27)-(683, 56)",b'decltype(Trait::ParseMemento)'
core,../repos/grpc/src/core/lib/transport/metadata_batch.h,"(684, 27)-(684, 58)",b'decltype(Trait::MementoToValue)'
core,../repos/grpc/src/core/lib/surface/call.cc,"(3848, 23)-(3848, 67)",b'decltype(std::declval<SetupFn>()(grpc_op()))'
core,../repos/grpc/src/core/ext/transport/chttp2/transport/hpack_encoder_table.cc,"(82, 3)-(82, 23)",b'decltype(elem_size_)'
core,../repos/grpc/src/core/tsi/ssl_transport_security.cc,"(1252, 17)-(1252, 41)",b'decltype(peer_chain_len)'
